
Processing intensity_thre.C...


[0] Processing file: /Users/shuaixiangzhang/Work/current/FNAL_Work2024/michel_e/t0_tagging/pdhd_DATA_v2/t0_rootFiles/new20250808_MC/wvf_merged_applyCut_20250819/wvfFind_event1002_trackID7_opNum9_merged.root

Threshold for summed wvf: 0.3
Histogram: total
    Peak at bin 128, Left Height: 29.5911, Right Height: 20.93
    Peak at bin 319, Left Height: 0.35145, Right Height: 0.60005
    Peak at bin 406, Left Height: 0.590733, Right Height: 0.886604

Top total peaks (by true height): 128 406 319 

---- Saving Time info of muon and Michel candidates ----
[Saved] Muon time peak index: 128
        Intensity: 20.93
[Saved] Michel time peak: 406
        Intensity: 0.590733


[1] Processing file: /Users/shuaixiangzhang/Work/current/FNAL_Work2024/michel_e/t0_tagging/pdhd_DATA_v2/t0_rootFiles/new20250808_MC/wvf_merged_applyCut_20250819/wvfFind_event1005_trackID2_opNum9_merged.root

Threshold for summed wvf: 0.3
Histogram: total
    Peak at bin 128, Left Height: 18.0836, Right Height: 12.8887
    Peak at bin 230, Left Height: 0.335666, Right Height: 0.469365
    Peak at bin 297, Left Height: 0.809815, Right Height: 1.09852
    Peak at bin 325, Left Height: 0.705059, Right Height: 0.969887

Top total peaks (by true height): 128 297 325 

---- Saving Time info of muon and Michel candidates ----
[Saved] Muon time peak index: 128
        Intensity: 12.8887
[Saved] Michel time peak: 297
        Intensity: 0.809815


[2] Processing file: /Users/shuaixiangzhang/Work/current/FNAL_Work2024/michel_e/t0_tagging/pdhd_DATA_v2/t0_rootFiles/new20250808_MC/wvf_merged_applyCut_20250819/wvfFind_event1016_trackID17_opNum5_merged.root

Threshold for summed wvf: 0.3
Histogram: total
    Peak at bin 123, Left Height: 2.4473, Right Height: 2.09426
    Peak at bin 167, Left Height: 0.496827, Right Height: 0.566555
    Peak at bin 203, Left Height: 0.321803, Right Height: 0.549492

Top total peaks (by true height): 123 167 203 

---- Saving Time info of muon and Michel candidates ----
[Saved] Muon time peak index: 123
        Intensity: 2.09426
[Saved] Michel time peak: 167
        Intensity: 0.496827


[3] Processing file: /Users/shuaixiangzhang/Work/current/FNAL_Work2024/michel_e/t0_tagging/pdhd_DATA_v2/t0_rootFiles/new20250808_MC/wvf_merged_applyCut_20250819/wvfFind_event1016_trackID8_opNum9_merged.root

Threshold for summed wvf: 0.3
Histogram: total
    Peak at bin 128, Left Height: 45.0473, Right Height: 38.9487
    Peak at bin 234, Left Height: 0.315604, Right Height: 2.21757
    Peak at bin 268, Left Height: 0.331165, Right Height: 1.31952
    Peak at bin 594, Left Height: 0.670622, Right Height: 0.734422

Top total peaks (by true height): 128 594 268 

---- Saving Time info of muon and Michel candidates ----
[Saved] Muon time peak index: 128
        Intensity: 38.9487
[Saved] Michel time peak: 594
        Intensity: 0.670622


[4] Processing file: /Users/shuaixiangzhang/Work/current/FNAL_Work2024/michel_e/t0_tagging/pdhd_DATA_v2/t0_rootFiles/new20250808_MC/wvf_merged_applyCut_20250819/wvfFind_event1024_trackID6_opNum7_merged.root

Threshold for summed wvf: 0.3
Histogram: total
    Peak at bin 124, Left Height: 3.27611, Right Height: 2.52616
    Peak at bin 193, Left Height: 0.488442, Right Height: 0.322336
    Peak at bin 320, Left Height: 0.63654, Right Height: 0.629469

Top total peaks (by true height): 124 320 193 

---- Saving Time info of muon and Michel candidates ----
[Saved] Muon time peak index: 124
        Intensity: 2.52616
[Saved] Michel time peak: 320
        Intensity: 0.629469


[5] Processing file: /Users/shuaixiangzhang/Work/current/FNAL_Work2024/michel_e/t0_tagging/pdhd_DATA_v2/t0_rootFiles/new20250808_MC/wvf_merged_applyCut_20250819/wvfFind_event1047_trackID13_opNum6_merged.root

Threshold for summed wvf: 0.3
Histogram: total
    Peak at bin 127, Left Height: 7.21284, Right Height: 5.58965
    Peak at bin 158, Left Height: 0.856877, Right Height: 0.94009
    Peak at bin 222, Left Height: 0.507329, Right Height: 1.09258
    Peak at bin 257, Left Height: 0.571733, Right Height: 0.527317
    Peak at bin 287, Left Height: 1.38057, Right Height: 0.585822
    Peak at bin 374, Left Height: 0.479603, Right Height: 0.722735

Top total peaks (by true height): 127 158 287 

---- Saving Time info of muon and Michel candidates ----
[Saved] Muon time peak index: 127
        Intensity: 5.58965
[Saved] Michel time peak: 158
        Intensity: 0.856877


[6] Processing file: /Users/shuaixiangzhang/Work/current/FNAL_Work2024/michel_e/t0_tagging/pdhd_DATA_v2/t0_rootFiles/new20250808_MC/wvf_merged_applyCut_20250819/wvfFind_event104_trackID2_opNum4_merged.root

Threshold for summed wvf: 0.3
Histogram: total
    Peak at bin 75, Left Height: 0.451774, Right Height: 0.360399
    Peak at bin 127, Left Height: 5.69682, Right Height: 4.84364
    Peak at bin 330, Left Height: 0.697659, Right Height: 0.68632

Top total peaks (by true height): 127 330 75 

---- Saving Time info of muon and Michel candidates ----
[Saved] Muon time peak index: 127
        Intensity: 4.84364
[Saved] Michel time peak: 330
        Intensity: 0.68632


[7] Processing file: /Users/shuaixiangzhang/Work/current/FNAL_Work2024/michel_e/t0_tagging/pdhd_DATA_v2/t0_rootFiles/new20250808_MC/wvf_merged_applyCut_20250819/wvfFind_event106_trackID2_opNum6_merged.root

Threshold for summed wvf: 0.3
Histogram: total
    Peak at bin 125, Left Height: 3.99111, Right Height: 1.34719
    Peak at bin 190, Left Height: 0.423215, Right Height: 0.483716
    Peak at bin 394, Left Height: 0.460614, Right Height: 0.368404
    Peak at bin 624, Left Height: 0.404497, Right Height: 0.468689

Top total peaks (by true height): 125 190 624 

---- Saving Time info of muon and Michel candidates ----
[Saved] Muon time peak index: 125
        Intensity: 1.34719
[Saved] Michel time peak: 190
        Intensity: 0.423215


[8] Processing file: /Users/shuaixiangzhang/Work/current/FNAL_Work2024/michel_e/t0_tagging/pdhd_DATA_v2/t0_rootFiles/new20250808_MC/wvf_merged_applyCut_20250819/wvfFind_event1073_trackID14_opNum5_merged.root

Threshold for summed wvf: 0.3
Histogram: total
    Peak at bin 125, Left Height: 3.79533, Right Height: 3.50793
    Peak at bin 167, Left Height: 0.756424, Right Height: 0.728641
    Peak at bin 197, Left Height: 0.460814, Right Height: 0.599201
    Peak at bin 338, Left Height: 0.382529, Right Height: 0.31265
    Peak at bin 413, Left Height: 0.448919, Right Height: 0.381563

Top total peaks (by true height): 125 167 197 

---- Saving Time info of muon and Michel candidates ----
[Saved] Muon time peak index: 125
        Intensity: 3.50793
[Saved] Michel time peak: 167
        Intensity: 0.728641


[9] Processing file: /Users/shuaixiangzhang/Work/current/FNAL_Work2024/michel_e/t0_tagging/pdhd_DATA_v2/t0_rootFiles/new20250808_MC/wvf_merged_applyCut_20250819/wvfFind_event1084_trackID5_opNum7_merged.root

Threshold for summed wvf: 0.3
Histogram: total
    Peak at bin 125, Left Height: 3.89387, Right Height: 1.89469
    Peak at bin 210, Left Height: 0.628755, Right Height: 0.594687

Top total peaks (by true height): 125 210 

---- Saving Time info of muon and Michel candidates ----
[Saved] Muon time peak index: 125
        Intensity: 1.89469
[Saved] Michel time peak: 210
        Intensity: 0.594687


[10] Processing file: /Users/shuaixiangzhang/Work/current/FNAL_Work2024/michel_e/t0_tagging/pdhd_DATA_v2/t0_rootFiles/new20250808_MC/wvf_merged_applyCut_20250819/wvfFind_event1103_trackID6_opNum9_merged.root

Threshold for summed wvf: 0.3
Histogram: total
    Peak at bin 128, Left Height: 29.5993, Right Height: 23.9505
    Peak at bin 194, Left Height: 0.797306, Right Height: 1.37255
    Peak at bin 236, Left Height: 4.27953, Right Height: 5.06329

Top total peaks (by true height): 128 236 194 

---- Saving Time info of muon and Michel candidates ----
[Saved] Muon time peak index: 128
        Intensity: 23.9505
[Saved] Michel time peak: 236
        Intensity: 4.27953


[11] Processing file: /Users/shuaixiangzhang/Work/current/FNAL_Work2024/michel_e/t0_tagging/pdhd_DATA_v2/t0_rootFiles/new20250808_MC/wvf_merged_applyCut_20250819/wvfFind_event1106_trackID11_opNum9_merged.root

Threshold for summed wvf: 0.3
Histogram: total
    Peak at bin 126, Left Height: 12.7077, Right Height: 11.4906
    Peak at bin 165, Left Height: 0.717121, Right Height: 0.458156
    Peak at bin 209, Left Height: 0.988641, Right Height: 1.13156
    Peak at bin 256, Left Height: 0.332809, Right Height: 0.968377
    Peak at bin 392, Left Height: 0.444242, Right Height: 0.470788
    Peak at bin 537, Left Height: 2.58209, Right Height: 1.98477
    Peak at bin 615, Left Height: 0.351332, Right Height: 0.54923

Top total peaks (by true height): 126 537 209 

---- Saving Time info of muon and Michel candidates ----
[Saved] Muon time peak index: 126
        Intensity: 11.4906
[Saved] Michel time peak: 537
        Intensity: 1.98477


[12] Processing file: /Users/shuaixiangzhang/Work/current/FNAL_Work2024/michel_e/t0_tagging/pdhd_DATA_v2/t0_rootFiles/new20250808_MC/wvf_merged_applyCut_20250819/wvfFind_event1120_trackID7_opNum9_merged.root

Threshold for summed wvf: 0.3
Histogram: total
    Peak at bin 127, Left Height: 22.383, Right Height: 17.281
    Peak at bin 171, Left Height: 0.56987, Right Height: 2.56347
    Peak at bin 212, Left Height: 0.342315, Right Height: 2.3791
    Peak at bin 286, Left Height: 1.2984, Right Height: 2.42468
    Peak at bin 336, Left Height: 0.655259, Right Height: 0.570968
    Peak at bin 389, Left Height: 0.77449, Right Height: 0.631708
    Peak at bin 462, Left Height: 0.493911, Right Height: 0.509298
    Peak at bin 508, Left Height: 0.44967, Right Height: 0.426903
    Peak at bin 558, Left Height: 0.393087, Right Height: 0.355364

Top total peaks (by true height): 127 286 389 

---- Saving Time info of muon and Michel candidates ----
[Saved] Muon time peak index: 127
        Intensity: 17.281
[Saved] Michel time peak: 286
        Intensity: 1.2984


[13] Processing file: /Users/shuaixiangzhang/Work/current/FNAL_Work2024/michel_e/t0_tagging/pdhd_DATA_v2/t0_rootFiles/new20250808_MC/wvf_merged_applyCut_20250819/wvfFind_event1124_trackID9_opNum4_2.root

Threshold for summed wvf: 0.3
Histogram: total
    Peak at bin 127, Left Height: 5.51279, Right Height: 3.10725
    Peak at bin 181, Left Height: 0.36868, Right Height: 0.569246
    Peak at bin 206, Left Height: 0.443975, Right Height: 0.417784
    Peak at bin 240, Left Height: 0.563011, Right Height: 0.772783
    Peak at bin 403, Left Height: 0.318606, Right Height: 0.318689

Top total peaks (by true height): 127 240 206 

---- Saving Time info of muon and Michel candidates ----
[Saved] Muon time peak index: 127
        Intensity: 3.10725
[Saved] Michel time peak: 240
        Intensity: 0.563011


[14] Processing file: /Users/shuaixiangzhang/Work/current/FNAL_Work2024/michel_e/t0_tagging/pdhd_DATA_v2/t0_rootFiles/new20250808_MC/wvf_merged_applyCut_20250819/wvfFind_event1124_trackID9_opNum6_merged.root

Threshold for summed wvf: 0.3
Histogram: total
    Peak at bin 127, Left Height: 9.19235, Right Height: 6.67485
    Peak at bin 205, Left Height: 1.68071, Right Height: 2.46742
    Peak at bin 253, Left Height: 0.678921, Right Height: 0.958151
    Peak at bin 307, Left Height: 0.909507, Right Height: 0.865364
    Peak at bin 366, Left Height: 0.445788, Right Height: 0.506173
    Peak at bin 401, Left Height: 0.567725, Right Height: 0.573121

Top total peaks (by true height): 127 205 307 

---- Saving Time info of muon and Michel candidates ----
[Saved] Muon time peak index: 127
        Intensity: 6.67485
[Saved] Michel time peak: 205
        Intensity: 1.68071


[15] Processing file: /Users/shuaixiangzhang/Work/current/FNAL_Work2024/michel_e/t0_tagging/pdhd_DATA_v2/t0_rootFiles/new20250808_MC/wvf_merged_applyCut_20250819/wvfFind_event1129_trackID5_opNum8_merged.root

Threshold for summed wvf: 0.3
Histogram: total
    Peak at bin 125, Left Height: 5.52605, Right Height: 4.84727
    Peak at bin 260, Left Height: 0.333666, Right Height: 0.540308
    Peak at bin 283, Left Height: 0.403896, Right Height: 0.506691

Top total peaks (by true height): 125 283 260 

---- Saving Time info of muon and Michel candidates ----
[Saved] Muon time peak index: 125
        Intensity: 4.84727
[Saved] Michel time peak: 283
        Intensity: 0.403896


[16] Processing file: /Users/shuaixiangzhang/Work/current/FNAL_Work2024/michel_e/t0_tagging/pdhd_DATA_v2/t0_rootFiles/new20250808_MC/wvf_merged_applyCut_20250819/wvfFind_event1136_trackID2_opNum9_merged.root

Threshold for summed wvf: 0.3
Histogram: total
    Peak at bin 126, Left Height: 14.5474, Right Height: 11.1884
    Peak at bin 153, Left Height: 1.08155, Right Height: 3.60188
    Peak at bin 190, Left Height: 0.602666, Right Height: 0.608187
    Peak at bin 226, Left Height: 0.780534, Right Height: 1.53115
    Peak at bin 270, Left Height: 0.828203, Right Height: 1.05882
    Peak at bin 296, Left Height: 1.17809, Right Height: 0.943439
    Peak at bin 325, Left Height: 0.540391, Right Height: 0.858377
    Peak at bin 384, Left Height: 0.425, Right Height: 0.695469

Top total peaks (by true height): 126 153 296 

---- Saving Time info of muon and Michel candidates ----
[Saved] Muon time peak index: 126
        Intensity: 11.1884
[Saved] Michel time peak: 153
        Intensity: 1.08155


[17] Processing file: /Users/shuaixiangzhang/Work/current/FNAL_Work2024/michel_e/t0_tagging/pdhd_DATA_v2/t0_rootFiles/new20250808_MC/wvf_merged_applyCut_20250819/wvfFind_event1161_trackID13_opNum9_merged.root

Threshold for summed wvf: 0.3
Histogram: total
    Peak at bin 126, Left Height: 14.4985, Right Height: 11.5683
    Peak at bin 153, Left Height: 1.52866, Right Height: 2.83461
    Peak at bin 195, Left Height: 1.01346, Right Height: 1.65103
    Peak at bin 215, Left Height: 0.381166, Right Height: 0.420629
    Peak at bin 237, Left Height: 0.340966, Right Height: 1.07154
    Peak at bin 280, Left Height: 0.655141, Right Height: 0.732572
    Peak at bin 685, Left Height: 0.323225, Right Height: 0.328714

Top total peaks (by true height): 126 153 195 

---- Saving Time info of muon and Michel candidates ----
[Saved] Muon time peak index: 126
        Intensity: 11.5683
[Saved] Michel time peak: 153
        Intensity: 1.52866


[18] Processing file: /Users/shuaixiangzhang/Work/current/FNAL_Work2024/michel_e/t0_tagging/pdhd_DATA_v2/t0_rootFiles/new20250808_MC/wvf_merged_applyCut_20250819/wvfFind_event1187_trackID4_opNum9_merged.root

Threshold for summed wvf: 0.3
Histogram: total
    Peak at bin 128, Left Height: 26.7797, Right Height: 23.0495
    Peak at bin 178, Left Height: 2.28581, Right Height: 3.6115
    Peak at bin 217, Left Height: 1.11426, Right Height: 1.97872
    Peak at bin 246, Left Height: 0.815189, Right Height: 1.64705
    Peak at bin 279, Left Height: 0.964851, Right Height: 0.500119
    Peak at bin 320, Left Height: 2.28858, Right Height: 1.82629
    Peak at bin 428, Left Height: 0.608935, Right Height: 0.686322
    Peak at bin 461, Left Height: 0.468402, Right Height: 0.320954
    Peak at bin 502, Left Height: 0.302086, Right Height: 0.63898

Top total peaks (by true height): 128 178 320 

---- Saving Time info of muon and Michel candidates ----
[Saved] Muon time peak index: 128
        Intensity: 23.0495
[Saved] Michel time peak: 178
        Intensity: 2.28581


[19] Processing file: /Users/shuaixiangzhang/Work/current/FNAL_Work2024/michel_e/t0_tagging/pdhd_DATA_v2/t0_rootFiles/new20250808_MC/wvf_merged_applyCut_20250819/wvfFind_event119_trackID6_opNum9_merged.root

Threshold for summed wvf: 0.3
Histogram: total
    Peak at bin 127, Left Height: 10.0725, Right Height: 6.3384
    Peak at bin 160, Left Height: 0.386256, Right Height: 2.32848
    Peak at bin 222, Left Height: 0.439162, Right Height: 1.08858
    Peak at bin 412, Left Height: 0.309615, Right Height: 0.506732

Top total peaks (by true height): 127 222 160 

---- Saving Time info of muon and Michel candidates ----
[Saved] Muon time peak index: 127
        Intensity: 6.3384
[Saved] Michel time peak: 222
        Intensity: 0.439162


[20] Processing file: /Users/shuaixiangzhang/Work/current/FNAL_Work2024/michel_e/t0_tagging/pdhd_DATA_v2/t0_rootFiles/new20250808_MC/wvf_merged_applyCut_20250819/wvfFind_event1207_trackID7_opNum9_merged.root

Threshold for summed wvf: 0.3
Histogram: total
    Peak at bin 127, Left Height: 30.5353, Right Height: 25.7904
    Peak at bin 209, Left Height: 1.60784, Right Height: 2.69715
    Peak at bin 247, Left Height: 0.55718, Right Height: 0.485548
    Peak at bin 290, Left Height: 4.90167, Right Height: 5.59802
    Peak at bin 338, Left Height: 0.547136, Right Height: 1.5755
    Peak at bin 401, Left Height: 1.36611, Right Height: 1.03257
    Peak at bin 445, Left Height: 0.646631, Right Height: 1.11595
    Peak at bin 495, Left Height: 1.06273, Right Height: 0.652863

Top total peaks (by true height): 127 290 209 

---- Saving Time info of muon and Michel candidates ----
[Saved] Muon time peak index: 127
        Intensity: 25.7904
[Saved] Michel time peak: 290
        Intensity: 4.90167


[21] Processing file: /Users/shuaixiangzhang/Work/current/FNAL_Work2024/michel_e/t0_tagging/pdhd_DATA_v2/t0_rootFiles/new20250808_MC/wvf_merged_applyCut_20250819/wvfFind_event1211_trackID16_opNum4_merged.root

Threshold for summed wvf: 0.3
Histogram: total
    Peak at bin 123, Left Height: 2.00371, Right Height: 1.85445
    Peak at bin 203, Left Height: 0.686602, Right Height: 0.486417

Top total peaks (by true height): 123 203 

---- Saving Time info of muon and Michel candidates ----
[Saved] Muon time peak index: 123
        Intensity: 1.85445
[Saved] Michel time peak: 203
        Intensity: 0.486417


[22] Processing file: /Users/shuaixiangzhang/Work/current/FNAL_Work2024/michel_e/t0_tagging/pdhd_DATA_v2/t0_rootFiles/new20250808_MC/wvf_merged_applyCut_20250819/wvfFind_event1218_trackID7_opNum9_merged.root

Threshold for summed wvf: 0.3
Histogram: total
    Peak at bin 128, Left Height: 87.607, Right Height: 75.199
    Peak at bin 156, Left Height: 1.89755, Right Height: 1.17264
    Peak at bin 174, Left Height: 1.11362, Right Height: 8.48589
    Peak at bin 229, Left Height: 0.383297, Right Height: 1.20908
    Peak at bin 258, Left Height: 13.4917, Right Height: 12.3389
    Peak at bin 279, Left Height: 0.507825, Right Height: 1.69907
    Peak at bin 306, Left Height: 0.86937, Right Height: 5.30191
    Peak at bin 392, Left Height: 0.732612, Right Height: 1.73467
    Peak at bin 426, Left Height: 1.30411, Right Height: 0.938206
    Peak at bin 547, Left Height: 0.349827, Right Height: 0.461042
    Peak at bin 591, Left Height: 1.07795, Right Height: 0.984762
    Peak at bin 621, Left Height: 0.40297, Right Height: 0.301404
    Peak at bin 670, Left Height: 0.545332, Right Height: 0.562772

Top total peaks (by true height): 128 258 156 

---- Saving Time info of muon and Michel candidates ----
[Saved] Muon time peak index: 128
        Intensity: 75.199
[Saved] Michel time peak: 258
        Intensity: 12.3389


[23] Processing file: /Users/shuaixiangzhang/Work/current/FNAL_Work2024/michel_e/t0_tagging/pdhd_DATA_v2/t0_rootFiles/new20250808_MC/wvf_merged_applyCut_20250819/wvfFind_event123_trackID8_opNum8_merged.root

Threshold for summed wvf: 0.3
Histogram: total
    Peak at bin 126, Left Height: 9.22067, Right Height: 8.31546
    Peak at bin 164, Left Height: 1.36909, Right Height: 1.73642
    Peak at bin 193, Left Height: 0.767572, Right Height: 0.335883
    Peak at bin 256, Left Height: 0.717896, Right Height: 1.03652
    Peak at bin 307, Left Height: 0.708838, Right Height: 0.854693
    Peak at bin 371, Left Height: 0.3276, Right Height: 0.339374
    Peak at bin 512, Left Height: 0.336316, Right Height: 0.420852
    Peak at bin 648, Left Height: 0.396765, Right Height: 0.46384

Top total peaks (by true height): 126 164 256 

---- Saving Time info of muon and Michel candidates ----
[Saved] Muon time peak index: 126
        Intensity: 8.31546
[Saved] Michel time peak: 164
        Intensity: 1.36909


[24] Processing file: /Users/shuaixiangzhang/Work/current/FNAL_Work2024/michel_e/t0_tagging/pdhd_DATA_v2/t0_rootFiles/new20250808_MC/wvf_merged_applyCut_20250819/wvfFind_event1242_trackID13_opNum5_merged.root

Threshold for summed wvf: 0.3
Histogram: total
    Peak at bin 124, Left Height: 3.26423, Right Height: 2.7037
    Peak at bin 152, Left Height: 0.322825, Right Height: 0.477076
    Peak at bin 255, Left Height: 0.483498, Right Height: 0.554234
    Peak at bin 290, Left Height: 0.662604, Right Height: 0.58559
    Peak at bin 330, Left Height: 0.788064, Right Height: 0.727713

Top total peaks (by true height): 124 330 290 

---- Saving Time info of muon and Michel candidates ----
[Saved] Muon time peak index: 124
        Intensity: 2.7037
[Saved] Michel time peak: 330
        Intensity: 0.727713


[25] Processing file: /Users/shuaixiangzhang/Work/current/FNAL_Work2024/michel_e/t0_tagging/pdhd_DATA_v2/t0_rootFiles/new20250808_MC/wvf_merged_applyCut_20250819/wvfFind_event124_trackID8_opNum9_merged.root

Threshold for summed wvf: 0.3
Histogram: total
    Peak at bin 126, Left Height: 14.9894, Right Height: 12.3174
    Peak at bin 150, Left Height: 0.823393, Right Height: 0.588589
    Peak at bin 252, Left Height: 0.588653, Right Height: 0.692807
    Peak at bin 307, Left Height: 0.598454, Right Height: 1.40108
    Peak at bin 374, Left Height: 0.574969, Right Height: 0.669188

Top total peaks (by true height): 126 307 252 

---- Saving Time info of muon and Michel candidates ----
[Saved] Muon time peak index: 126
        Intensity: 12.3174
[Saved] Michel time peak: 307
        Intensity: 0.598454


[26] Processing file: /Users/shuaixiangzhang/Work/current/FNAL_Work2024/michel_e/t0_tagging/pdhd_DATA_v2/t0_rootFiles/new20250808_MC/wvf_merged_applyCut_20250819/wvfFind_event126_trackID14_opNum6_merged.root

Threshold for summed wvf: 0.3
Histogram: total
    Peak at bin 125, Left Height: 6.46786, Right Height: 5.47636
    Peak at bin 176, Left Height: 0.409821, Right Height: 0.635054
    Peak at bin 198, Left Height: 0.307229, Right Height: 0.828406
    Peak at bin 223, Left Height: 0.56808, Right Height: 0.513783
    Peak at bin 307, Left Height: 0.346029, Right Height: 0.521652
    Peak at bin 335, Left Height: 0.330334, Right Height: 0.415558
    Peak at bin 407, Left Height: 0.634137, Right Height: 0.687189
    Peak at bin 519, Left Height: 0.654301, Right Height: 0.372499
    Peak at bin 541, Left Height: 0.529613, Right Height: 0.912953

Top total peaks (by true height): 125 407 541 

---- Saving Time info of muon and Michel candidates ----
[Saved] Muon time peak index: 125
        Intensity: 5.47636
[Saved] Michel time peak: 407
        Intensity: 0.634137


[27] Processing file: /Users/shuaixiangzhang/Work/current/FNAL_Work2024/michel_e/t0_tagging/pdhd_DATA_v2/t0_rootFiles/new20250808_MC/wvf_merged_applyCut_20250819/wvfFind_event1270_trackID3_opNum9_merged.root

Threshold for summed wvf: 0.3
Histogram: total
    Peak at bin 127, Left Height: 20.0055, Right Height: 16.6045
    Peak at bin 160, Left Height: 1.34126, Right Height: 1.85358
    Peak at bin 199, Left Height: 3.4452, Right Height: 4.30524
    Peak at bin 254, Left Height: 0.414566, Right Height: 1.41998
    Peak at bin 290, Left Height: 1.07825, Right Height: 0.600464
    Peak at bin 373, Left Height: 0.616302, Right Height: 0.561294
    Peak at bin 404, Left Height: 0.488425, Right Height: 0.633511
    Peak at bin 445, Left Height: 0.370204, Right Height: 0.461841

Top total peaks (by true height): 127 199 160 

---- Saving Time info of muon and Michel candidates ----
[Saved] Muon time peak index: 127
        Intensity: 16.6045
[Saved] Michel time peak: 199
        Intensity: 3.4452


[28] Processing file: /Users/shuaixiangzhang/Work/current/FNAL_Work2024/michel_e/t0_tagging/pdhd_DATA_v2/t0_rootFiles/new20250808_MC/wvf_merged_applyCut_20250819/wvfFind_event1273_trackID1_opNum5_merged.root

Threshold for summed wvf: 0.3
Histogram: total
    Peak at bin 126, Left Height: 7.94483, Right Height: 5.8205
    Peak at bin 146, Left Height: 0.332084, Right Height: 2.42829
    Peak at bin 184, Left Height: 1.3318, Right Height: 1.82499
    Peak at bin 218, Left Height: 0.589186, Right Height: 0.303113
    Peak at bin 253, Left Height: 1.67793, Right Height: 1.49103
    Peak at bin 303, Left Height: 0.313633, Right Height: 0.619023
    Peak at bin 337, Left Height: 0.468863, Right Height: 0.375248

Top total peaks (by true height): 126 253 184 

---- Saving Time info of muon and Michel candidates ----
[Saved] Muon time peak index: 126
        Intensity: 5.8205
[Saved] Michel time peak: 253
        Intensity: 1.49103


[29] Processing file: /Users/shuaixiangzhang/Work/current/FNAL_Work2024/michel_e/t0_tagging/pdhd_DATA_v2/t0_rootFiles/new20250808_MC/wvf_merged_applyCut_20250819/wvfFind_event1274_trackID26_opNum9_merged.root

Threshold for summed wvf: 0.3
Histogram: total
    Peak at bin 124, Left Height: 6.44822, Right Height: 6.3342
    Peak at bin 217, Left Height: 1.29601, Right Height: 1.08434
    Peak at bin 252, Left Height: 0.349384, Right Height: 1.00922
    Peak at bin 298, Left Height: 0.680532, Right Height: 0.361259
    Peak at bin 511, Left Height: 0.433126, Right Height: 0.513036

Top total peaks (by true height): 124 217 511 

---- Saving Time info of muon and Michel candidates ----
[Saved] Muon time peak index: 124
        Intensity: 6.3342
[Saved] Michel time peak: 217
        Intensity: 1.08434


[30] Processing file: /Users/shuaixiangzhang/Work/current/FNAL_Work2024/michel_e/t0_tagging/pdhd_DATA_v2/t0_rootFiles/new20250808_MC/wvf_merged_applyCut_20250819/wvfFind_event1275_trackID1_opNum9_merged.root

Threshold for summed wvf: 0.3
Histogram: total
    Peak at bin 128, Left Height: 83.299, Right Height: 74.4332
    Peak at bin 155, Left Height: 2.78422, Right Height: 2.37362
    Peak at bin 179, Left Height: 1.62793, Right Height: 3.24321
    Peak at bin 200, Left Height: 0.65302, Right Height: 3.58214
    Peak at bin 268, Left Height: 1.29082, Right Height: 1.79535
    Peak at bin 354, Left Height: 0.424036, Right Height: 1.09488
    Peak at bin 385, Left Height: 0.392424, Right Height: 0.499889
    Peak at bin 406, Left Height: 0.458336, Right Height: 1.18709
    Peak at bin 431, Left Height: 0.79042, Right Height: 0.525433
    Peak at bin 463, Left Height: 1.17992, Right Height: 1.60901
    Peak at bin 500, Left Height: 0.762946, Right Height: 0.445749
    Peak at bin 523, Left Height: 0.658864, Right Height: 0.770516
    Peak at bin 557, Left Height: 0.952998, Right Height: 0.792801
    Peak at bin 740, Left Height: 0.418449, Right Height: 0.330006

Top total peaks (by true height): 128 155 179 

---- Saving Time info of muon and Michel candidates ----
[Saved] Muon time peak index: 128
        Intensity: 74.4332
[Saved] Michel time peak: 155
        Intensity: 2.37362


[31] Processing file: /Users/shuaixiangzhang/Work/current/FNAL_Work2024/michel_e/t0_tagging/pdhd_DATA_v2/t0_rootFiles/new20250808_MC/wvf_merged_applyCut_20250819/wvfFind_event1280_trackID10_opNum8_merged.root

Threshold for summed wvf: 0.3
Histogram: total
    Peak at bin 127, Left Height: 60.4122, Right Height: 49.2808
    Peak at bin 149, Left Height: 4.23553, Right Height: 10.6222
    Peak at bin 240, Left Height: 2.25499, Right Height: 3.21635
    Peak at bin 261, Left Height: 0.377829, Right Height: 0.600778
    Peak at bin 281, Left Height: 1.60369, Right Height: 0.438765
    Peak at bin 307, Left Height: 20.7068, Right Height: 19.6202
    Peak at bin 331, Left Height: 0.383254, Right Height: 2.80616
    Peak at bin 369, Left Height: 1.54332, Right Height: 1.16318
    Peak at bin 395, Left Height: 0.398458, Right Height: 0.46938
    Peak at bin 413, Left Height: 0.598364, Right Height: 2.05646
    Peak at bin 441, Left Height: 0.890863, Right Height: 0.33805
    Peak at bin 463, Left Height: 1.31323, Right Height: 1.48517
    Peak at bin 491, Left Height: 0.889907, Right Height: 0.732415
    Peak at bin 524, Left Height: 0.658751, Right Height: 0.37954
    Peak at bin 623, Left Height: 1.13308, Right Height: 0.797737
    Peak at bin 706, Left Height: 0.376594, Right Height: 0.440128

Top total peaks (by true height): 127 307 149 

---- Saving Time info of muon and Michel candidates ----
[Saved] Muon time peak index: 127
        Intensity: 49.2808
[Saved] Michel time peak: 307
        Intensity: 19.6202


[32] Processing file: /Users/shuaixiangzhang/Work/current/FNAL_Work2024/michel_e/t0_tagging/pdhd_DATA_v2/t0_rootFiles/new20250808_MC/wvf_merged_applyCut_20250819/wvfFind_event1289_trackID14_opNum4_merged.root

Threshold for summed wvf: 0.3
Histogram: total
    Peak at bin 122, Left Height: 1.44567, Right Height: 0.804488
    Peak at bin 241, Left Height: 0.500703, Right Height: 0.515902

Top total peaks (by true height): 122 241 

---- Saving Time info of muon and Michel candidates ----
[Saved] Muon time peak index: 122
        Intensity: 0.804488
[Saved] Michel time peak: 241
        Intensity: 0.500703


[33] Processing file: /Users/shuaixiangzhang/Work/current/FNAL_Work2024/michel_e/t0_tagging/pdhd_DATA_v2/t0_rootFiles/new20250808_MC/wvf_merged_applyCut_20250819/wvfFind_event130_trackID3_opNum4_merged.root

Threshold for summed wvf: 0.3
Histogram: total
    Peak at bin 126, Left Height: 3.94251, Right Height: 2.56995
    Peak at bin 199, Left Height: 0.857287, Right Height: 0.326514
    Peak at bin 289, Left Height: 0.385012, Right Height: 0.386539
    Peak at bin 588, Left Height: 0.346244, Right Height: 0.328579

Top total peaks (by true height): 126 289 588 

---- Saving Time info of muon and Michel candidates ----
[Saved] Muon time peak index: 126
        Intensity: 2.56995
[Saved] Michel time peak: 289
        Intensity: 0.385012


[34] Processing file: /Users/shuaixiangzhang/Work/current/FNAL_Work2024/michel_e/t0_tagging/pdhd_DATA_v2/t0_rootFiles/new20250808_MC/wvf_merged_applyCut_20250819/wvfFind_event1321_trackID21_opNum9_merged.root

Threshold for summed wvf: 0.3
Histogram: total
    Peak at bin 125, Left Height: 7.27209, Right Height: 4.17742
    Peak at bin 148, Left Height: 0.620041, Right Height: 2.95535
    Peak at bin 194, Left Height: 0.472803, Right Height: 0.768613
    Peak at bin 325, Left Height: 0.616184, Right Height: 0.780817
    Peak at bin 369, Left Height: 0.436631, Right Height: 0.375501

Top total peaks (by true height): 125 148 325 

---- Saving Time info of muon and Michel candidates ----
[Saved] Muon time peak index: 125
        Intensity: 4.17742
[Saved] Michel time peak: 148
        Intensity: 0.620041


[35] Processing file: /Users/shuaixiangzhang/Work/current/FNAL_Work2024/michel_e/t0_tagging/pdhd_DATA_v2/t0_rootFiles/new20250808_MC/wvf_merged_applyCut_20250819/wvfFind_event1321_trackID29_opNum6_merged.root

Threshold for summed wvf: 0.3
Histogram: total
    Peak at bin 124, Left Height: 4.15748, Right Height: 3.23252
    Peak at bin 155, Left Height: 0.324634, Right Height: 0.61403
    Peak at bin 301, Left Height: 0.502888, Right Height: 0.475839
    Peak at bin 360, Left Height: 0.578061, Right Height: 0.556678
    Peak at bin 427, Left Height: 0.390827, Right Height: 0.330522
    Peak at bin 460, Left Height: 0.358176, Right Height: 0.336073

Top total peaks (by true height): 124 360 301 

---- Saving Time info of muon and Michel candidates ----
[Saved] Muon time peak index: 124
        Intensity: 3.23252
[Saved] Michel time peak: 360
        Intensity: 0.556678


[36] Processing file: /Users/shuaixiangzhang/Work/current/FNAL_Work2024/michel_e/t0_tagging/pdhd_DATA_v2/t0_rootFiles/new20250808_MC/wvf_merged_applyCut_20250819/wvfFind_event132_trackID16_opNum7_merged.root

Threshold for summed wvf: 0.3
Histogram: total
    Peak at bin 126, Left Height: 6.15859, Right Height: 4.20291
    Peak at bin 154, Left Height: 0.45785, Right Height: 0.621397
    Peak at bin 203, Left Height: 0.525715, Right Height: 0.875083
    Peak at bin 236, Left Height: 3.36703, Right Height: 2.09237
    Peak at bin 315, Left Height: 0.667522, Right Height: 0.963841
    Peak at bin 431, Left Height: 0.41985, Right Height: 0.633508

Top total peaks (by true height): 126 236 315 

---- Saving Time info of muon and Michel candidates ----
[Saved] Muon time peak index: 126
        Intensity: 4.20291
[Saved] Michel time peak: 236
        Intensity: 2.09237


[37] Processing file: /Users/shuaixiangzhang/Work/current/FNAL_Work2024/michel_e/t0_tagging/pdhd_DATA_v2/t0_rootFiles/new20250808_MC/wvf_merged_applyCut_20250819/wvfFind_event1331_trackID10_opNum9_merged.root

Threshold for summed wvf: 0.3
Histogram: total
    Peak at bin 127, Left Height: 20.5813, Right Height: 17.6352
    Peak at bin 156, Left Height: 0.437289, Right Height: 0.78521
    Peak at bin 239, Left Height: 2.08908, Right Height: 3.02922
    Peak at bin 285, Left Height: 2.18956, Right Height: 2.37577
    Peak at bin 321, Left Height: 1.07165, Right Height: 0.739557
    Peak at bin 368, Left Height: 0.367093, Right Height: 0.603374
    Peak at bin 421, Left Height: 0.524515, Right Height: 0.388437

Top total peaks (by true height): 127 285 239 

---- Saving Time info of muon and Michel candidates ----
[Saved] Muon time peak index: 127
        Intensity: 17.6352
[Saved] Michel time peak: 285
        Intensity: 2.18956


[38] Processing file: /Users/shuaixiangzhang/Work/current/FNAL_Work2024/michel_e/t0_tagging/pdhd_DATA_v2/t0_rootFiles/new20250808_MC/wvf_merged_applyCut_20250819/wvfFind_event1331_trackID1_opNum9_merged.root

Threshold for summed wvf: 0.3
Histogram: total
    Peak at bin 127, Left Height: 18.1391, Right Height: 14.9632
    Peak at bin 253, Left Height: 1.15281, Right Height: 1.15114
    Peak at bin 292, Left Height: 0.62989, Right Height: 0.820624
    Peak at bin 325, Left Height: 0.397196, Right Height: 0.381476
    Peak at bin 492, Left Height: 4.50673, Right Height: 4.07192
    Peak at bin 555, Left Height: 0.808105, Right Height: 0.937923

Top total peaks (by true height): 127 492 253 

---- Saving Time info of muon and Michel candidates ----
[Saved] Muon time peak index: 127
        Intensity: 14.9632
[Saved] Michel time peak: 492
        Intensity: 4.07192


[39] Processing file: /Users/shuaixiangzhang/Work/current/FNAL_Work2024/michel_e/t0_tagging/pdhd_DATA_v2/t0_rootFiles/new20250808_MC/wvf_merged_applyCut_20250819/wvfFind_event1331_trackID3_opNum7_merged.root

Threshold for summed wvf: 0.3
Histogram: total
    Peak at bin 125, Left Height: 5.09774, Right Height: 4.11186
    Peak at bin 170, Left Height: 0.34083, Right Height: 0.482688
    Peak at bin 220, Left Height: 1.21167, Right Height: 1.36384

Top total peaks (by true height): 125 220 170 

---- Saving Time info of muon and Michel candidates ----
[Saved] Muon time peak index: 125
        Intensity: 4.11186
[Saved] Michel time peak: 220
        Intensity: 1.21167


[40] Processing file: /Users/shuaixiangzhang/Work/current/FNAL_Work2024/michel_e/t0_tagging/pdhd_DATA_v2/t0_rootFiles/new20250808_MC/wvf_merged_applyCut_20250819/wvfFind_event1353_trackID19_opNum9_merged.root

Threshold for summed wvf: 0.3
Histogram: total
    Peak at bin 127, Left Height: 15.1249, Right Height: 10.2655
    Peak at bin 168, Left Height: 0.31404, Right Height: 2.22461
    Peak at bin 259, Left Height: 1.37328, Right Height: 1.54078
    Peak at bin 417, Left Height: 0.854891, Right Height: 0.87991

Top total peaks (by true height): 127 259 417 

---- Saving Time info of muon and Michel candidates ----
[Saved] Muon time peak index: 127
        Intensity: 10.2655
[Saved] Michel time peak: 259
        Intensity: 1.37328


[41] Processing file: /Users/shuaixiangzhang/Work/current/FNAL_Work2024/michel_e/t0_tagging/pdhd_DATA_v2/t0_rootFiles/new20250808_MC/wvf_merged_applyCut_20250819/wvfFind_event1380_trackID9_opNum9_merged.root

Threshold for summed wvf: 0.3
Histogram: total
    Peak at bin 125, Left Height: 6.50397, Right Height: 3.68419
    Peak at bin 144, Left Height: 0.378262, Right Height: 1.6786
    Peak at bin 258, Left Height: 0.599043, Right Height: 0.842771
    Peak at bin 328, Left Height: 0.401036, Right Height: 0.553339

Top total peaks (by true height): 125 258 328 

---- Saving Time info of muon and Michel candidates ----
[Saved] Muon time peak index: 125
        Intensity: 3.68419
[Saved] Michel time peak: 258
        Intensity: 0.599043


[42] Processing file: /Users/shuaixiangzhang/Work/current/FNAL_Work2024/michel_e/t0_tagging/pdhd_DATA_v2/t0_rootFiles/new20250808_MC/wvf_merged_applyCut_20250819/wvfFind_event1385_trackID10_opNum9_merged.root

Threshold for summed wvf: 0.3
Histogram: total
    Peak at bin 128, Left Height: 83.0635, Right Height: 76.0701
    Peak at bin 164, Left Height: 1.27053, Right Height: 5.43378
    Peak at bin 209, Left Height: 1.3727, Right Height: 1.45721
    Peak at bin 236, Left Height: 1.58061, Right Height: 3.9127
    Peak at bin 281, Left Height: 0.328777, Right Height: 0.438196
    Peak at bin 316, Left Height: 1.21777, Right Height: 2.88175
    Peak at bin 358, Left Height: 2.50542, Right Height: 1.74968
    Peak at bin 392, Left Height: 0.333681, Right Height: 0.856799
    Peak at bin 427, Left Height: 1.78467, Right Height: 1.40044
    Peak at bin 454, Left Height: 0.401107, Right Height: 0.713226
    Peak at bin 518, Left Height: 0.542326, Right Height: 0.345084
    Peak at bin 619, Left Height: 0.520269, Right Height: 0.340712
    Peak at bin 649, Left Height: 0.734217, Right Height: 0.597264
    Peak at bin 737, Left Height: 0.418445, Right Height: 0.36855
    Peak at bin 979, Left Height: 0.464624, Right Height: 0.466386

Top total peaks (by true height): 128 358 236 

---- Saving Time info of muon and Michel candidates ----
[Saved] Muon time peak index: 128
        Intensity: 76.0701
[Saved] Michel time peak: 358
        Intensity: 1.74968


[43] Processing file: /Users/shuaixiangzhang/Work/current/FNAL_Work2024/michel_e/t0_tagging/pdhd_DATA_v2/t0_rootFiles/new20250808_MC/wvf_merged_applyCut_20250819/wvfFind_event1389_trackID2_opNum9_merged.root

Threshold for summed wvf: 0.3
Histogram: total
    Peak at bin 129, Left Height: 177.191, Right Height: 121.304
    Peak at bin 148, Left Height: 3.03335, Right Height: 19.4029
    Peak at bin 273, Left Height: 0.513141, Right Height: 7.20862
    Peak at bin 319, Left Height: 0.45597, Right Height: 3.44753
    Peak at bin 352, Left Height: 0.752112, Right Height: 0.338891
    Peak at bin 377, Left Height: 0.496895, Right Height: 3.45025
    Peak at bin 428, Left Height: 0.392133, Right Height: 1.09913
    Peak at bin 496, Left Height: 0.433385, Right Height: 1.52055
    Peak at bin 535, Left Height: 0.706878, Right Height: 0.535964
    Peak at bin 626, Left Height: 0.80089, Right Height: 0.467405
    Peak at bin 662, Left Height: 0.585563, Right Height: 0.577438
    Peak at bin 699, Left Height: 0.721062, Right Height: 0.748066
    Peak at bin 802, Left Height: 0.374967, Right Height: 0.430476
    Peak at bin 1020, Left Height: 1.92884, Right Height: 0.344391

Top total peaks (by true height): 129 148 699 

---- Saving Time info of muon and Michel candidates ----
[Saved] Muon time peak index: 129
        Intensity: 121.304
[Saved] Michel time peak: 148
        Intensity: 3.03335


[44] Processing file: /Users/shuaixiangzhang/Work/current/FNAL_Work2024/michel_e/t0_tagging/pdhd_DATA_v2/t0_rootFiles/new20250808_MC/wvf_merged_applyCut_20250819/wvfFind_event1390_trackID24_opNum4_2.root

Threshold for summed wvf: 0.3
Histogram: total
    Peak at bin 129, Left Height: 42.5536, Right Height: 38.3328
    Peak at bin 269, Left Height: 0.561403, Right Height: 2.29845
    Peak at bin 379, Left Height: 0.442081, Right Height: 0.737817
    Peak at bin 431, Left Height: 0.710722, Right Height: 0.712081

Top total peaks (by true height): 129 431 269 

---- Saving Time info of muon and Michel candidates ----
[Saved] Muon time peak index: 129
        Intensity: 38.3328
[Saved] Michel time peak: 431
        Intensity: 0.710722


[45] Processing file: /Users/shuaixiangzhang/Work/current/FNAL_Work2024/michel_e/t0_tagging/pdhd_DATA_v2/t0_rootFiles/new20250808_MC/wvf_merged_applyCut_20250819/wvfFind_event1390_trackID24_opNum5_merged.root

Threshold for summed wvf: 0.3
Histogram: total
    Peak at bin 129, Left Height: 43.3798, Right Height: 35.5253
    Peak at bin 241, Left Height: 0.547417, Right Height: 2.18142
    Peak at bin 423, Left Height: 0.685324, Right Height: 0.757902

Top total peaks (by true height): 129 423 241 

---- Saving Time info of muon and Michel candidates ----
[Saved] Muon time peak index: 129
        Intensity: 35.5253
[Saved] Michel time peak: 423
        Intensity: 0.685324


[46] Processing file: /Users/shuaixiangzhang/Work/current/FNAL_Work2024/michel_e/t0_tagging/pdhd_DATA_v2/t0_rootFiles/new20250808_MC/wvf_merged_applyCut_20250819/wvfFind_event1391_trackID2_opNum9_merged.root

Threshold for summed wvf: 0.3
Histogram: total
    Peak at bin 128, Left Height: 16.6265, Right Height: 13.9575
    Peak at bin 180, Left Height: 0.707343, Right Height: 1.02837
    Peak at bin 225, Left Height: 1.90584, Right Height: 2.06208
    Peak at bin 314, Left Height: 0.866001, Right Height: 1.6216
    Peak at bin 370, Left Height: 0.354568, Right Height: 0.43171
    Peak at bin 434, Left Height: 0.496389, Right Height: 0.479059

Top total peaks (by true height): 128 225 314 

---- Saving Time info of muon and Michel candidates ----
[Saved] Muon time peak index: 128
        Intensity: 13.9575
[Saved] Michel time peak: 225
        Intensity: 1.90584


[47] Processing file: /Users/shuaixiangzhang/Work/current/FNAL_Work2024/michel_e/t0_tagging/pdhd_DATA_v2/t0_rootFiles/new20250808_MC/wvf_merged_applyCut_20250819/wvfFind_event1408_trackID13_opNum9_merged.root

Threshold for summed wvf: 0.3
Histogram: total
    Peak at bin 128, Left Height: 25.7166, Right Height: 22.416
    Peak at bin 209, Left Height: 4.5913, Right Height: 5.26198
    Peak at bin 299, Left Height: 0.527185, Right Height: 0.405326
    Peak at bin 322, Left Height: 1.26248, Right Height: 2.13095
    Peak at bin 369, Left Height: 0.816338, Right Height: 0.507856
    Peak at bin 409, Left Height: 0.409992, Right Height: 0.504206
    Peak at bin 457, Left Height: 0.68746, Right Height: 0.359693

Top total peaks (by true height): 128 209 322 

---- Saving Time info of muon and Michel candidates ----
[Saved] Muon time peak index: 128
        Intensity: 22.416
[Saved] Michel time peak: 209
        Intensity: 4.5913


[48] Processing file: /Users/shuaixiangzhang/Work/current/FNAL_Work2024/michel_e/t0_tagging/pdhd_DATA_v2/t0_rootFiles/new20250808_MC/wvf_merged_applyCut_20250819/wvfFind_event1412_trackID0_opNum9_merged.root

Threshold for summed wvf: 0.3
Histogram: total
    Peak at bin 128, Left Height: 46.1256, Right Height: 39.549
    Peak at bin 165, Left Height: 0.736919, Right Height: 4.31869
    Peak at bin 200, Left Height: 2.18441, Right Height: 2.2019
    Peak at bin 250, Left Height: 10.3598, Right Height: 10.5714
    Peak at bin 278, Left Height: 0.873123, Right Height: 1.92123
    Peak at bin 298, Left Height: 0.366946, Right Height: 0.855253
    Peak at bin 338, Left Height: 1.33474, Right Height: 1.8966
    Peak at bin 360, Left Height: 0.533849, Right Height: 0.365506
    Peak at bin 422, Left Height: 0.673634, Right Height: 0.654197
    Peak at bin 463, Left Height: 1.54066, Right Height: 1.27906
    Peak at bin 496, Left Height: 0.534676, Right Height: 0.632051
    Peak at bin 529, Left Height: 0.460031, Right Height: 0.488005
    Peak at bin 572, Left Height: 0.533413, Right Height: 0.489099
    Peak at bin 674, Left Height: 0.458878, Right Height: 0.595039
    Peak at bin 741, Left Height: 0.489129, Right Height: 0.515498

Top total peaks (by true height): 128 250 200 

---- Saving Time info of muon and Michel candidates ----
[Saved] Muon time peak index: 128
        Intensity: 39.549
[Saved] Michel time peak: 250
        Intensity: 10.3598


[49] Processing file: /Users/shuaixiangzhang/Work/current/FNAL_Work2024/michel_e/t0_tagging/pdhd_DATA_v2/t0_rootFiles/new20250808_MC/wvf_merged_applyCut_20250819/wvfFind_event1423_trackID2_opNum9_merged.root

Threshold for summed wvf: 0.3
Histogram: total
    Peak at bin 126, Left Height: 7.89405, Right Height: 5.45043
    Peak at bin 165, Left Height: 1.40801, Right Height: 1.37577
    Peak at bin 191, Left Height: 0.678514, Right Height: 1.69777
    Peak at bin 221, Left Height: 0.310343, Right Height: 0.966353
    Peak at bin 252, Left Height: 0.329862, Right Height: 0.733674
    Peak at bin 287, Left Height: 0.564467, Right Height: 0.36512
    Peak at bin 413, Left Height: 0.595417, Right Height: 0.471711

Top total peaks (by true height): 126 165 191 

---- Saving Time info of muon and Michel candidates ----
[Saved] Muon time peak index: 126
        Intensity: 5.45043
[Saved] Michel time peak: 165
        Intensity: 1.37577


[50] Processing file: /Users/shuaixiangzhang/Work/current/FNAL_Work2024/michel_e/t0_tagging/pdhd_DATA_v2/t0_rootFiles/new20250808_MC/wvf_merged_applyCut_20250819/wvfFind_event1447_trackID10_opNum9_merged.root

Threshold for summed wvf: 0.3
Histogram: total
    Peak at bin 127, Left Height: 17.9202, Right Height: 13.2926
    Peak at bin 196, Left Height: 1.07955, Right Height: 0.53858
    Peak at bin 222, Left Height: 0.391815, Right Height: 0.684741
    Peak at bin 251, Left Height: 0.543086, Right Height: 0.532866
    Peak at bin 290, Left Height: 0.307322, Right Height: 0.911109
    Peak at bin 361, Left Height: 2.77236, Right Height: 2.37875
    Peak at bin 418, Left Height: 0.479961, Right Height: 0.590989
    Peak at bin 476, Left Height: 0.383084, Right Height: 0.343721
    Peak at bin 675, Left Height: 0.335521, Right Height: 0.337183

Top total peaks (by true height): 127 361 196 

---- Saving Time info of muon and Michel candidates ----
[Saved] Muon time peak index: 127
        Intensity: 13.2926
[Saved] Michel time peak: 361
        Intensity: 2.37875


[51] Processing file: /Users/shuaixiangzhang/Work/current/FNAL_Work2024/michel_e/t0_tagging/pdhd_DATA_v2/t0_rootFiles/new20250808_MC/wvf_merged_applyCut_20250819/wvfFind_event1448_trackID0_opNum9_merged.root

Threshold for summed wvf: 0.3
Histogram: total
    Peak at bin 129, Left Height: 220.699, Right Height: 207.679
    Peak at bin 320, Left Height: 0.819725, Right Height: 6.5606
    Peak at bin 381, Left Height: 0.398818, Right Height: 0.422106
    Peak at bin 747, Left Height: 0.419539, Right Height: 0.335574

Top total peaks (by true height): 129 320 381 

---- Saving Time info of muon and Michel candidates ----
[Saved] Muon time peak index: 129
        Intensity: 207.679
[Saved] Michel time peak: 320
        Intensity: 0.819725


[52] Processing file: /Users/shuaixiangzhang/Work/current/FNAL_Work2024/michel_e/t0_tagging/pdhd_DATA_v2/t0_rootFiles/new20250808_MC/wvf_merged_applyCut_20250819/wvfFind_event1453_trackID8_opNum6_merged.root

Threshold for summed wvf: 0.3
Histogram: total
    Peak at bin 127, Left Height: 6.94, Right Height: 4.04965
    Peak at bin 177, Left Height: 0.443975, Right Height: 0.690048
    Peak at bin 349, Left Height: 0.509573, Right Height: 0.561867

Top total peaks (by true height): 127 349 177 

---- Saving Time info of muon and Michel candidates ----
[Saved] Muon time peak index: 127
        Intensity: 4.04965
[Saved] Michel time peak: 349
        Intensity: 0.509573


[53] Processing file: /Users/shuaixiangzhang/Work/current/FNAL_Work2024/michel_e/t0_tagging/pdhd_DATA_v2/t0_rootFiles/new20250808_MC/wvf_merged_applyCut_20250819/wvfFind_event1464_trackID11_opNum5_merged.root

Threshold for summed wvf: 0.3
Histogram: total
    Peak at bin 124, Left Height: 2.34672, Right Height: 2.15565
    Peak at bin 278, Left Height: 0.301688, Right Height: 0.312524
    Peak at bin 338, Left Height: 1.11432, Right Height: 1.03087
    Peak at bin 489, Left Height: 0.451682, Right Height: 0.391751

Top total peaks (by true height): 124 338 489 

---- Saving Time info of muon and Michel candidates ----
[Saved] Muon time peak index: 124
        Intensity: 2.15565
[Saved] Michel time peak: 338
        Intensity: 1.03087


[54] Processing file: /Users/shuaixiangzhang/Work/current/FNAL_Work2024/michel_e/t0_tagging/pdhd_DATA_v2/t0_rootFiles/new20250808_MC/wvf_merged_applyCut_20250819/wvfFind_event1469_trackID2_opNum9_merged.root

Threshold for summed wvf: 0.3
Histogram: total
    Peak at bin 127, Left Height: 15.3401, Right Height: 13.315
    Peak at bin 180, Left Height: 0.452512, Right Height: 1.7559
    Peak at bin 255, Left Height: 0.41284, Right Height: 0.33123
    Peak at bin 275, Left Height: 0.541705, Right Height: 1.34362
    Peak at bin 342, Left Height: 0.663458, Right Height: 0.509094
    Peak at bin 442, Left Height: 0.417017, Right Height: 0.506365
    Peak at bin 564, Left Height: 0.352232, Right Height: 0.334093
    Peak at bin 587, Left Height: 0.761434, Right Height: 0.80768
    Peak at bin 634, Left Height: 0.336874, Right Height: 0.563932
    Peak at bin 679, Left Height: 0.375079, Right Height: 0.479419
    Peak at bin 994, Left Height: 10.8804, Right Height: 15.0211

Top total peaks (by true height): 127 994 587 

---- Saving Time info of muon and Michel candidates ----
[Saved] Muon time peak index: 127
        Intensity: 13.315
[Saved] Michel time peak: 994
        Intensity: 10.8804


[55] Processing file: /Users/shuaixiangzhang/Work/current/FNAL_Work2024/michel_e/t0_tagging/pdhd_DATA_v2/t0_rootFiles/new20250808_MC/wvf_merged_applyCut_20250819/wvfFind_event1470_trackID17_opNum9_merged.root

Threshold for summed wvf: 0.3
Histogram: total
    Peak at bin 126, Left Height: 11.2149, Right Height: 8.53116
    Peak at bin 176, Left Height: 1.20937, Right Height: 1.97306
    Peak at bin 367, Left Height: 0.369536, Right Height: 0.344441
    Peak at bin 467, Left Height: 0.823928, Right Height: 0.634695
    Peak at bin 528, Left Height: 0.544951, Right Height: 0.379648
    Peak at bin 606, Left Height: 0.439648, Right Height: 0.380157

Top total peaks (by true height): 126 176 467 

---- Saving Time info of muon and Michel candidates ----
[Saved] Muon time peak index: 126
        Intensity: 8.53116
[Saved] Michel time peak: 176
        Intensity: 1.20937


[56] Processing file: /Users/shuaixiangzhang/Work/current/FNAL_Work2024/michel_e/t0_tagging/pdhd_DATA_v2/t0_rootFiles/new20250808_MC/wvf_merged_applyCut_20250819/wvfFind_event1490_trackID4_opNum9_merged.root

Threshold for summed wvf: 0.3
Histogram: total
    Peak at bin 127, Left Height: 24.4735, Right Height: 20.5558
    Peak at bin 164, Left Height: 1.99285, Right Height: 1.97522
    Peak at bin 187, Left Height: 1.04258, Right Height: 3.63082
    Peak at bin 243, Left Height: 0.782358, Right Height: 1.59211
    Peak at bin 274, Left Height: 0.630134, Right Height: 0.490232
    Peak at bin 312, Left Height: 4.10122, Right Height: 3.16979
    Peak at bin 360, Left Height: 1.11433, Right Height: 1.66321
    Peak at bin 418, Left Height: 0.467513, Right Height: 0.31966
    Peak at bin 492, Left Height: 0.322273, Right Height: 0.527069

Top total peaks (by true height): 127 312 164 

---- Saving Time info of muon and Michel candidates ----
[Saved] Muon time peak index: 127
        Intensity: 20.5558
[Saved] Michel time peak: 312
        Intensity: 3.16979


[57] Processing file: /Users/shuaixiangzhang/Work/current/FNAL_Work2024/michel_e/t0_tagging/pdhd_DATA_v2/t0_rootFiles/new20250808_MC/wvf_merged_applyCut_20250819/wvfFind_event1510_trackID13_opNum9_merged.root

Threshold for summed wvf: 0.3
Histogram: total
    Peak at bin 125, Left Height: 8.64613, Right Height: 7.64091
    Peak at bin 197, Left Height: 1.74884, Right Height: 1.30298
    Peak at bin 280, Left Height: 0.601162, Right Height: 0.545317
    Peak at bin 331, Left Height: 0.403201, Right Height: 0.831065
    Peak at bin 360, Left Height: 0.524044, Right Height: 0.4401
    Peak at bin 434, Left Height: 0.468596, Right Height: 0.719881
    Peak at bin 543, Left Height: 0.348019, Right Height: 0.416681

Top total peaks (by true height): 125 197 280 

---- Saving Time info of muon and Michel candidates ----
[Saved] Muon time peak index: 125
        Intensity: 7.64091
[Saved] Michel time peak: 197
        Intensity: 1.30298


[58] Processing file: /Users/shuaixiangzhang/Work/current/FNAL_Work2024/michel_e/t0_tagging/pdhd_DATA_v2/t0_rootFiles/new20250808_MC/wvf_merged_applyCut_20250819/wvfFind_event15_trackID3_opNum9_merged.root

Threshold for summed wvf: 0.3
Histogram: total
    Peak at bin 128, Left Height: 23.8054, Right Height: 18.8251
    Peak at bin 251, Left Height: 3.62958, Right Height: 2.81248
    Peak at bin 353, Left Height: 0.988266, Right Height: 0.562435

Top total peaks (by true height): 128 251 353 

---- Saving Time info of muon and Michel candidates ----
[Saved] Muon time peak index: 128
        Intensity: 18.8251
[Saved] Michel time peak: 251
        Intensity: 2.81248


[59] Processing file: /Users/shuaixiangzhang/Work/current/FNAL_Work2024/michel_e/t0_tagging/pdhd_DATA_v2/t0_rootFiles/new20250808_MC/wvf_merged_applyCut_20250819/wvfFind_event1614_trackID14_opNum9_merged.root

Threshold for summed wvf: 0.3
Histogram: total
    Peak at bin 127, Left Height: 26.9712, Right Height: 22.5325
    Peak at bin 217, Left Height: 0.869251, Right Height: 0.447081
    Peak at bin 242, Left Height: 0.462302, Right Height: 1.36151
    Peak at bin 286, Left Height: 0.459902, Right Height: 1.24626
    Peak at bin 333, Left Height: 0.40549, Right Height: 0.608668
    Peak at bin 395, Left Height: 0.811861, Right Height: 0.893548
    Peak at bin 584, Left Height: 0.38877, Right Height: 0.330423

Top total peaks (by true height): 127 395 242 

---- Saving Time info of muon and Michel candidates ----
[Saved] Muon time peak index: 127
        Intensity: 22.5325
[Saved] Michel time peak: 395
        Intensity: 0.811861


[60] Processing file: /Users/shuaixiangzhang/Work/current/FNAL_Work2024/michel_e/t0_tagging/pdhd_DATA_v2/t0_rootFiles/new20250808_MC/wvf_merged_applyCut_20250819/wvfFind_event161_trackID16_opNum4_merged.root

Threshold for summed wvf: 0.3
Histogram: total
    Peak at bin 125, Left Height: 2.53133, Right Height: 1.35213

Top total peaks (by true height): 125 0 

---- Saving Time info of muon and Michel candidates ----
[Saved] Muon time peak index: 125
        Intensity: 1.35213
[Saved] Michel time peak: 0
        Intensity: 0


[61] Processing file: /Users/shuaixiangzhang/Work/current/FNAL_Work2024/michel_e/t0_tagging/pdhd_DATA_v2/t0_rootFiles/new20250808_MC/wvf_merged_applyCut_20250819/wvfFind_event1675_trackID27_opNum5_merged.root

Threshold for summed wvf: 0.3
Histogram: total
    Peak at bin 123, Left Height: 2.09314, Right Height: 1.6553
    Peak at bin 190, Left Height: 0.474188, Right Height: 0.402071

Top total peaks (by true height): 123 190 

---- Saving Time info of muon and Michel candidates ----
[Saved] Muon time peak index: 123
        Intensity: 1.6553
[Saved] Michel time peak: 190
        Intensity: 0.402071


[62] Processing file: /Users/shuaixiangzhang/Work/current/FNAL_Work2024/michel_e/t0_tagging/pdhd_DATA_v2/t0_rootFiles/new20250808_MC/wvf_merged_applyCut_20250819/wvfFind_event1679_trackID5_opNum9_merged.root

Threshold for summed wvf: 0.3
Histogram: total
    Peak at bin 127, Left Height: 14.9463, Right Height: 13.9337
    Peak at bin 169, Left Height: 3.66223, Right Height: 3.20836
    Peak at bin 194, Left Height: 0.481115, Right Height: 0.588162
    Peak at bin 234, Left Height: 0.406053, Right Height: 0.630271
    Peak at bin 407, Left Height: 0.444601, Right Height: 0.501763
    Peak at bin 432, Left Height: 0.425048, Right Height: 0.553277

Top total peaks (by true height): 127 169 194 

---- Saving Time info of muon and Michel candidates ----
[Saved] Muon time peak index: 127
        Intensity: 13.9337
[Saved] Michel time peak: 169
        Intensity: 3.20836


[63] Processing file: /Users/shuaixiangzhang/Work/current/FNAL_Work2024/michel_e/t0_tagging/pdhd_DATA_v2/t0_rootFiles/new20250808_MC/wvf_merged_applyCut_20250819/wvfFind_event1682_trackID14_opNum9_merged.root

Threshold for summed wvf: 0.3
Histogram: total
    Peak at bin 126, Left Height: 11.7224, Right Height: 10.1247
    Peak at bin 181, Left Height: 1.89092, Right Height: 1.2514
    Peak at bin 206, Left Height: 0.368538, Right Height: 1.2287
    Peak at bin 306, Left Height: 0.593559, Right Height: 1.14581
    Peak at bin 351, Left Height: 0.680317, Right Height: 0.475735
    Peak at bin 386, Left Height: 0.62215, Right Height: 0.802874
    Peak at bin 422, Left Height: 0.333724, Right Height: 0.355791

Top total peaks (by true height): 126 181 386 

---- Saving Time info of muon and Michel candidates ----
[Saved] Muon time peak index: 126
        Intensity: 10.1247
[Saved] Michel time peak: 181
        Intensity: 1.2514


[64] Processing file: /Users/shuaixiangzhang/Work/current/FNAL_Work2024/michel_e/t0_tagging/pdhd_DATA_v2/t0_rootFiles/new20250808_MC/wvf_merged_applyCut_20250819/wvfFind_event1695_trackID1_opNum5_merged.root

Threshold for summed wvf: 0.3
Histogram: total
    Peak at bin 127, Left Height: 28.9749, Right Height: 23.3192
    Peak at bin 149, Left Height: 0.736942, Right Height: 2.32638
    Peak at bin 181, Left Height: 3.33415, Right Height: 3.08888
    Peak at bin 204, Left Height: 0.646875, Right Height: 2.59621
    Peak at bin 232, Left Height: 0.474696, Right Height: 0.898164
    Peak at bin 262, Left Height: 0.861104, Right Height: 1.86006
    Peak at bin 296, Left Height: 0.811656, Right Height: 1.68674
    Peak at bin 332, Left Height: 0.661749, Right Height: 0.680091
    Peak at bin 359, Left Height: 1.02465, Right Height: 1.26357
    Peak at bin 418, Left Height: 0.330465, Right Height: 0.861353

Top total peaks (by true height): 127 181 359 

---- Saving Time info of muon and Michel candidates ----
[Saved] Muon time peak index: 127
        Intensity: 23.3192
[Saved] Michel time peak: 181
        Intensity: 3.08888


[65] Processing file: /Users/shuaixiangzhang/Work/current/FNAL_Work2024/michel_e/t0_tagging/pdhd_DATA_v2/t0_rootFiles/new20250808_MC/wvf_merged_applyCut_20250819/wvfFind_event1709_trackID1_opNum8_merged.root

Threshold for summed wvf: 0.3
Histogram: total
    Peak at bin 125, Left Height: 4.63998, Right Height: 0.925332
    Peak at bin 192, Left Height: 0.617073, Right Height: 0.566315
    Peak at bin 1000, Left Height: 116.227, Right Height: 151.674

Top total peaks (by true height): 1000 125 192 

---- Saving Time info of muon and Michel candidates ----
[Saved] Muon time peak index: 1000
        Intensity: 116.227
[Saved] Michel time peak: 125
        Intensity: 0.925332


[66] Processing file: /Users/shuaixiangzhang/Work/current/FNAL_Work2024/michel_e/t0_tagging/pdhd_DATA_v2/t0_rootFiles/new20250808_MC/wvf_merged_applyCut_20250819/wvfFind_event1729_trackID9_opNum8_merged.root

Threshold for summed wvf: 0.3
Histogram: total
    Peak at bin 127, Left Height: 10.7356, Right Height: 8.88859
    Peak at bin 281, Left Height: 2.20815, Right Height: 2.00121
    Peak at bin 318, Left Height: 0.328892, Right Height: 0.895576
    Peak at bin 346, Left Height: 0.328391, Right Height: 0.489404
    Peak at bin 500, Left Height: 0.384472, Right Height: 0.340625

Top total peaks (by true height): 127 281 500 

---- Saving Time info of muon and Michel candidates ----
[Saved] Muon time peak index: 127
        Intensity: 8.88859
[Saved] Michel time peak: 281
        Intensity: 2.00121


[67] Processing file: /Users/shuaixiangzhang/Work/current/FNAL_Work2024/michel_e/t0_tagging/pdhd_DATA_v2/t0_rootFiles/new20250808_MC/wvf_merged_applyCut_20250819/wvfFind_event1753_trackID0_opNum4_merged.root

Threshold for summed wvf: 0.3
Histogram: total
    Peak at bin 125, Left Height: 2.90512, Right Height: 2.60255

Top total peaks (by true height): 125 0 

---- Saving Time info of muon and Michel candidates ----
[Saved] Muon time peak index: 125
        Intensity: 2.60255
[Saved] Michel time peak: 0
        Intensity: 0


[68] Processing file: /Users/shuaixiangzhang/Work/current/FNAL_Work2024/michel_e/t0_tagging/pdhd_DATA_v2/t0_rootFiles/new20250808_MC/wvf_merged_applyCut_20250819/wvfFind_event1759_trackID11_opNum8_merged.root

Threshold for summed wvf: 0.3
Histogram: total
    Peak at bin 125, Left Height: 5.74065, Right Height: 4.77667
    Peak at bin 301, Left Height: 0.784127, Right Height: 0.615241
    Peak at bin 328, Left Height: 0.430342, Right Height: 0.455128

Top total peaks (by true height): 125 301 328 

---- Saving Time info of muon and Michel candidates ----
[Saved] Muon time peak index: 125
        Intensity: 4.77667
[Saved] Michel time peak: 301
        Intensity: 0.615241


[69] Processing file: /Users/shuaixiangzhang/Work/current/FNAL_Work2024/michel_e/t0_tagging/pdhd_DATA_v2/t0_rootFiles/new20250808_MC/wvf_merged_applyCut_20250819/wvfFind_event1761_trackID10_opNum9_merged.root

Threshold for summed wvf: 0.3
Histogram: total
    Peak at bin 126, Left Height: 13.7636, Right Height: 11.9861
    Peak at bin 175, Left Height: 3.22981, Right Height: 4.62453
    Peak at bin 202, Left Height: 1.82696, Right Height: 1.4274
    Peak at bin 290, Left Height: 0.557301, Right Height: 0.793309
    Peak at bin 326, Left Height: 0.342579, Right Height: 0.85918
    Peak at bin 375, Left Height: 0.780607, Right Height: 0.542039
    Peak at bin 423, Left Height: 0.624958, Right Height: 0.411899

Top total peaks (by true height): 126 175 202 

---- Saving Time info of muon and Michel candidates ----
[Saved] Muon time peak index: 126
        Intensity: 11.9861
[Saved] Michel time peak: 175
        Intensity: 3.22981


[70] Processing file: /Users/shuaixiangzhang/Work/current/FNAL_Work2024/michel_e/t0_tagging/pdhd_DATA_v2/t0_rootFiles/new20250808_MC/wvf_merged_applyCut_20250819/wvfFind_event1764_trackID7_opNum9_merged.root

Threshold for summed wvf: 0.3
Histogram: total
    Peak at bin 128, Left Height: 28.3184, Right Height: 24.2735
    Peak at bin 188, Left Height: 2.93931, Right Height: 2.75739
    Peak at bin 213, Left Height: 0.509776, Right Height: 2.61834
    Peak at bin 264, Left Height: 1.08105, Right Height: 2.08014
    Peak at bin 324, Left Height: 1.49855, Right Height: 1.73094
    Peak at bin 350, Left Height: 0.611389, Right Height: 1.27296
    Peak at bin 451, Left Height: 0.50918, Right Height: 0.496966
    Peak at bin 609, Left Height: 0.34792, Right Height: 0.349475

Top total peaks (by true height): 128 188 324 

---- Saving Time info of muon and Michel candidates ----
[Saved] Muon time peak index: 128
        Intensity: 24.2735
[Saved] Michel time peak: 188
        Intensity: 2.75739


[71] Processing file: /Users/shuaixiangzhang/Work/current/FNAL_Work2024/michel_e/t0_tagging/pdhd_DATA_v2/t0_rootFiles/new20250808_MC/wvf_merged_applyCut_20250819/wvfFind_event1773_trackID1_opNum4_2.root

Threshold for summed wvf: 0.3
Histogram: total
    Peak at bin 127, Left Height: 7.2945, Right Height: 5.02001
    Peak at bin 173, Left Height: 0.414162, Right Height: 0.755736
    Peak at bin 209, Left Height: 0.626921, Right Height: 0.666066
    Peak at bin 245, Left Height: 1.58114, Right Height: 1.12472

Top total peaks (by true height): 127 245 209 

---- Saving Time info of muon and Michel candidates ----
[Saved] Muon time peak index: 127
        Intensity: 5.02001
[Saved] Michel time peak: 245
        Intensity: 1.12472


[72] Processing file: /Users/shuaixiangzhang/Work/current/FNAL_Work2024/michel_e/t0_tagging/pdhd_DATA_v2/t0_rootFiles/new20250808_MC/wvf_merged_applyCut_20250819/wvfFind_event1773_trackID1_opNum5_merged.root

Threshold for summed wvf: 0.3
Histogram: total
    Peak at bin 127, Left Height: 8.2508, Right Height: 6.8343
    Peak at bin 160, Left Height: 0.475894, Right Height: 0.760514
    Peak at bin 188, Left Height: 0.686126, Right Height: 0.775592
    Peak at bin 243, Left Height: 1.41092, Right Height: 1.69943
    Peak at bin 309, Left Height: 0.378905, Right Height: 0.548951

Top total peaks (by true height): 127 243 188 

---- Saving Time info of muon and Michel candidates ----
[Saved] Muon time peak index: 127
        Intensity: 6.8343
[Saved] Michel time peak: 243
        Intensity: 1.41092


[73] Processing file: /Users/shuaixiangzhang/Work/current/FNAL_Work2024/michel_e/t0_tagging/pdhd_DATA_v2/t0_rootFiles/new20250808_MC/wvf_merged_applyCut_20250819/wvfFind_event1777_trackID16_opNum5_merged.root

Threshold for summed wvf: 0.3
Histogram: total
    Peak at bin 127, Left Height: 5.28347, Right Height: 3.7168
    Peak at bin 178, Left Height: 0.371988, Right Height: 1.18422
    Peak at bin 251, Left Height: 0.323463, Right Height: 0.525125
    Peak at bin 284, Left Height: 1.36065, Right Height: 1.16748

Top total peaks (by true height): 127 284 178 

---- Saving Time info of muon and Michel candidates ----
[Saved] Muon time peak index: 127
        Intensity: 3.7168
[Saved] Michel time peak: 284
        Intensity: 1.16748


[74] Processing file: /Users/shuaixiangzhang/Work/current/FNAL_Work2024/michel_e/t0_tagging/pdhd_DATA_v2/t0_rootFiles/new20250808_MC/wvf_merged_applyCut_20250819/wvfFind_event1779_trackID10_opNum6_merged.root

Threshold for summed wvf: 0.3
Histogram: total
    Peak at bin 124, Left Height: 4.63664, Right Height: 3.00359
    Peak at bin 154, Left Height: 0.669503, Right Height: 1.70622
    Peak at bin 196, Left Height: 1.37888, Right Height: 1.37296
    Peak at bin 224, Left Height: 0.348241, Right Height: 0.67084
    Peak at bin 310, Left Height: 0.333694, Right Height: 0.446635
    Peak at bin 405, Left Height: 0.535169, Right Height: 0.493616
    Peak at bin 439, Left Height: 0.431772, Right Height: 0.393026

Top total peaks (by true height): 124 196 154 

---- Saving Time info of muon and Michel candidates ----
[Saved] Muon time peak index: 124
        Intensity: 3.00359
[Saved] Michel time peak: 196
        Intensity: 1.37296


[75] Processing file: /Users/shuaixiangzhang/Work/current/FNAL_Work2024/michel_e/t0_tagging/pdhd_DATA_v2/t0_rootFiles/new20250808_MC/wvf_merged_applyCut_20250819/wvfFind_event1808_trackID20_opNum8_merged.root

Threshold for summed wvf: 0.3
Histogram: total
    Peak at bin 125, Left Height: 4.97188, Right Height: 3.83722
    Peak at bin 162, Left Height: 0.463088, Right Height: 1.08787
    Peak at bin 198, Left Height: 0.664187, Right Height: 0.811889
    Peak at bin 234, Left Height: 2.25439, Right Height: 2.18798
    Peak at bin 266, Left Height: 0.332844, Right Height: 0.54721
    Peak at bin 323, Left Height: 0.313783, Right Height: 0.473238
    Peak at bin 409, Left Height: 0.368231, Right Height: 0.319665

Top total peaks (by true height): 125 234 198 

---- Saving Time info of muon and Michel candidates ----
[Saved] Muon time peak index: 125
        Intensity: 3.83722
[Saved] Michel time peak: 234
        Intensity: 2.18798


[76] Processing file: /Users/shuaixiangzhang/Work/current/FNAL_Work2024/michel_e/t0_tagging/pdhd_DATA_v2/t0_rootFiles/new20250808_MC/wvf_merged_applyCut_20250819/wvfFind_event1854_trackID15_opNum6_merged.root

Threshold for summed wvf: 0.3
Histogram: total
    Peak at bin 124, Left Height: 2.87003, Right Height: 2.15844
    Peak at bin 288, Left Height: 0.675697, Right Height: 0.837837

Top total peaks (by true height): 124 288 

---- Saving Time info of muon and Michel candidates ----
[Saved] Muon time peak index: 124
        Intensity: 2.15844
[Saved] Michel time peak: 288
        Intensity: 0.675697


[77] Processing file: /Users/shuaixiangzhang/Work/current/FNAL_Work2024/michel_e/t0_tagging/pdhd_DATA_v2/t0_rootFiles/new20250808_MC/wvf_merged_applyCut_20250819/wvfFind_event186_trackID2_opNum9_merged.root

Threshold for summed wvf: 0.3
Histogram: total
    Peak at bin 127, Left Height: 38.6598, Right Height: 34.5351
    Peak at bin 164, Left Height: 3.02175, Right Height: 1.88619
    Peak at bin 207, Left Height: 3.53495, Right Height: 7.36339
    Peak at bin 285, Left Height: 1.2389, Right Height: 2.13891
    Peak at bin 322, Left Height: 0.538399, Right Height: 1.80934
    Peak at bin 368, Left Height: 1.59656, Right Height: 0.32175
    Peak at bin 423, Left Height: 0.819219, Right Height: 1.02924
    Peak at bin 480, Left Height: 0.584706, Right Height: 0.871004
    Peak at bin 541, Left Height: 0.447925, Right Height: 0.34575

Top total peaks (by true height): 127 207 164 

---- Saving Time info of muon and Michel candidates ----
[Saved] Muon time peak index: 127
        Intensity: 34.5351
[Saved] Michel time peak: 207
        Intensity: 3.53495


[78] Processing file: /Users/shuaixiangzhang/Work/current/FNAL_Work2024/michel_e/t0_tagging/pdhd_DATA_v2/t0_rootFiles/new20250808_MC/wvf_merged_applyCut_20250819/wvfFind_event1871_trackID17_opNum4_merged.root

Threshold for summed wvf: 0.3
Histogram: total
    Peak at bin 126, Left Height: 3.85987, Right Height: 3.80885
    Peak at bin 157, Left Height: 0.530197, Right Height: 0.425922
    Peak at bin 223, Left Height: 0.858625, Right Height: 0.468677
    Peak at bin 345, Left Height: 0.439989, Right Height: 0.460672
    Peak at bin 406, Left Height: 0.387761, Right Height: 0.315951

Top total peaks (by true height): 126 223 345 

---- Saving Time info of muon and Michel candidates ----
[Saved] Muon time peak index: 126
        Intensity: 3.80885
[Saved] Michel time peak: 223
        Intensity: 0.468677


[79] Processing file: /Users/shuaixiangzhang/Work/current/FNAL_Work2024/michel_e/t0_tagging/pdhd_DATA_v2/t0_rootFiles/new20250808_MC/wvf_merged_applyCut_20250819/wvfFind_event1902_trackID17_opNum7_merged.root

Threshold for summed wvf: 0.3
Histogram: total
    Peak at bin 125, Left Height: 6.37683, Right Height: 5.82862
    Peak at bin 159, Left Height: 0.389359, Right Height: 0.84338
    Peak at bin 297, Left Height: 0.594068, Right Height: 0.502114
    Peak at bin 327, Left Height: 0.452576, Right Height: 0.499483
    Peak at bin 469, Left Height: 0.323913, Right Height: 0.369044
    Peak at bin 856, Left Height: 0.305032, Right Height: 0.343932

Top total peaks (by true height): 125 297 327 

---- Saving Time info of muon and Michel candidates ----
[Saved] Muon time peak index: 125
        Intensity: 5.82862
[Saved] Michel time peak: 297
        Intensity: 0.502114


[80] Processing file: /Users/shuaixiangzhang/Work/current/FNAL_Work2024/michel_e/t0_tagging/pdhd_DATA_v2/t0_rootFiles/new20250808_MC/wvf_merged_applyCut_20250819/wvfFind_event1902_trackID7_opNum9_merged.root

Threshold for summed wvf: 0.3
Histogram: total
    Peak at bin 127, Left Height: 22.2716, Right Height: 19.2418
    Peak at bin 149, Left Height: 0.668819, Right Height: 0.488542
    Peak at bin 170, Left Height: 1.02192, Right Height: 2.05993
    Peak at bin 198, Left Height: 0.456597, Right Height: 0.53723
    Peak at bin 232, Left Height: 2.00292, Right Height: 3.70326
    Peak at bin 274, Left Height: 2.42173, Right Height: 2.84961
    Peak at bin 315, Left Height: 1.52864, Right Height: 1.65215
    Peak at bin 437, Left Height: 0.689035, Right Height: 0.92708
    Peak at bin 554, Left Height: 0.322311, Right Height: 0.364309
    Peak at bin 591, Left Height: 0.366106, Right Height: 0.402428

Top total peaks (by true height): 127 274 232 

---- Saving Time info of muon and Michel candidates ----
[Saved] Muon time peak index: 127
        Intensity: 19.2418
[Saved] Michel time peak: 274
        Intensity: 2.42173


[81] Processing file: /Users/shuaixiangzhang/Work/current/FNAL_Work2024/michel_e/t0_tagging/pdhd_DATA_v2/t0_rootFiles/new20250808_MC/wvf_merged_applyCut_20250819/wvfFind_event1922_trackID10_opNum9_merged.root

Threshold for summed wvf: 0.3
Histogram: total
    Peak at bin 124, Left Height: 6.93831, Right Height: 5.91895
    Peak at bin 205, Left Height: 1.26461, Right Height: 1.16103
    Peak at bin 231, Left Height: 0.569172, Right Height: 1.28469
    Peak at bin 282, Left Height: 0.308211, Right Height: 0.639223
    Peak at bin 351, Left Height: 18.077, Right Height: 15.4119
    Peak at bin 392, Left Height: 0.365888, Right Height: 0.973315
    Peak at bin 416, Left Height: 0.329398, Right Height: 0.579481
    Peak at bin 454, Left Height: 1.35764, Right Height: 1.82553
    Peak at bin 650, Left Height: 0.425079, Right Height: 0.445596
    Peak at bin 699, Left Height: 0.610623, Right Height: 0.556842
    Peak at bin 881, Left Height: 0.412713, Right Height: 0.350561

Top total peaks (by true height): 351 124 454 

---- Saving Time info of muon and Michel candidates ----
[Saved] Muon time peak index: 351
        Intensity: 15.4119
[Saved] Michel time peak: 124
        Intensity: 5.91895


[82] Processing file: /Users/shuaixiangzhang/Work/current/FNAL_Work2024/michel_e/t0_tagging/pdhd_DATA_v2/t0_rootFiles/new20250808_MC/wvf_merged_applyCut_20250819/wvfFind_event1929_trackID9_opNum8_merged.root

Threshold for summed wvf: 0.3
Histogram: total
    Peak at bin 126, Left Height: 19.192, Right Height: 17.0551
    Peak at bin 150, Left Height: 0.357584, Right Height: 1.77432
    Peak at bin 193, Left Height: 4.08781, Right Height: 4.35376
    Peak at bin 223, Left Height: 0.561407, Right Height: 1.09013
    Peak at bin 259, Left Height: 1.86986, Right Height: 2.31928
    Peak at bin 316, Left Height: 0.524087, Right Height: 1.11525
    Peak at bin 375, Left Height: 0.559691, Right Height: 0.327736
    Peak at bin 405, Left Height: 0.646556, Right Height: 0.566345
    Peak at bin 453, Left Height: 0.441279, Right Height: 0.374209
    Peak at bin 502, Left Height: 0.478941, Right Height: 0.377645
    Peak at bin 537, Left Height: 0.668587, Right Height: 0.499417

Top total peaks (by true height): 126 193 259 

---- Saving Time info of muon and Michel candidates ----
[Saved] Muon time peak index: 126
        Intensity: 17.0551
[Saved] Michel time peak: 193
        Intensity: 4.08781


[83] Processing file: /Users/shuaixiangzhang/Work/current/FNAL_Work2024/michel_e/t0_tagging/pdhd_DATA_v2/t0_rootFiles/new20250808_MC/wvf_merged_applyCut_20250819/wvfFind_event1944_trackID1_opNum5_merged.root

Threshold for summed wvf: 0.3
Histogram: total
    Peak at bin 129, Left Height: 270.591, Right Height: 247.377
    Peak at bin 158, Left Height: 5.9975, Right Height: 3.62637
    Peak at bin 180, Left Height: 0.5252, Right Height: 15.1345
    Peak at bin 214, Left Height: 1.76469, Right Height: 0.740228
    Peak at bin 227, Left Height: 0.35277, Right Height: 6.29487
    Peak at bin 250, Left Height: 1.24608, Right Height: 5.66355
    Peak at bin 280, Left Height: 1.17693, Right Height: 2.69537
    Peak at bin 305, Left Height: 1.64625, Right Height: 3.58771
    Peak at bin 331, Left Height: 1.15343, Right Height: 1.41341
    Peak at bin 364, Left Height: 2.16853, Right Height: 4.30929
    Peak at bin 434, Left Height: 2.57875, Right Height: 4.35094
    Peak at bin 464, Left Height: 1.43479, Right Height: 0.897097
    Peak at bin 498, Left Height: 2.18664, Right Height: 1.33053
    Peak at bin 556, Left Height: 1.26114, Right Height: 0.843642
    Peak at bin 597, Left Height: 0.765777, Right Height: 0.662579
    Peak at bin 622, Left Height: 1.31968, Right Height: 0.683504
    Peak at bin 658, Left Height: 1.24749, Right Height: 0.750818
    Peak at bin 706, Left Height: 1.15355, Right Height: 1.09672
    Peak at bin 737, Left Height: 0.586462, Right Height: 0.415983
    Peak at bin 800, Left Height: 1.01212, Right Height: 0.319794
    Peak at bin 955, Left Height: 0.537426, Right Height: 0.389735
    Peak at bin 1020, Left Height: 2.95734, Right Height: 0.746939

Top total peaks (by true height): 129 158 434 

---- Saving Time info of muon and Michel candidates ----
[Saved] Muon time peak index: 129
        Intensity: 247.377
[Saved] Michel time peak: 158
        Intensity: 3.62637


[84] Processing file: /Users/shuaixiangzhang/Work/current/FNAL_Work2024/michel_e/t0_tagging/pdhd_DATA_v2/t0_rootFiles/new20250808_MC/wvf_merged_applyCut_20250819/wvfFind_event1952_trackID14_opNum7_merged.root

Threshold for summed wvf: 0.3
Histogram: total
    Peak at bin 125, Left Height: 4.88898, Right Height: 4.11462
    Peak at bin 198, Left Height: 0.314292, Right Height: 0.475634
    Peak at bin 227, Left Height: 0.334562, Right Height: 0.420212
    Peak at bin 283, Left Height: 0.983644, Right Height: 0.988865
    Peak at bin 316, Left Height: 0.372161, Right Height: 0.351946

Top total peaks (by true height): 125 283 316 

---- Saving Time info of muon and Michel candidates ----
[Saved] Muon time peak index: 125
        Intensity: 4.11462
[Saved] Michel time peak: 283
        Intensity: 0.983644


[85] Processing file: /Users/shuaixiangzhang/Work/current/FNAL_Work2024/michel_e/t0_tagging/pdhd_DATA_v2/t0_rootFiles/new20250808_MC/wvf_merged_applyCut_20250819/wvfFind_event195_trackID0_opNum5_merged.root

Threshold for summed wvf: 0.3
Histogram: total
    Peak at bin 128, Left Height: 62.7144, Right Height: 56.4226
    Peak at bin 154, Left Height: 1.42127, Right Height: 5.29766
    Peak at bin 200, Left Height: 1.48264, Right Height: 3.35871
    Peak at bin 260, Left Height: 1.98329, Right Height: 2.02375
    Peak at bin 306, Left Height: 0.919088, Right Height: 2.19946
    Peak at bin 343, Left Height: 1.84607, Right Height: 1.70688
    Peak at bin 379, Left Height: 0.890732, Right Height: 0.779267
    Peak at bin 438, Left Height: 0.327191, Right Height: 0.408643
    Peak at bin 499, Left Height: 0.658439, Right Height: 0.697885
    Peak at bin 622, Left Height: 0.543918, Right Height: 0.4537

Top total peaks (by true height): 128 260 343 

---- Saving Time info of muon and Michel candidates ----
[Saved] Muon time peak index: 128
        Intensity: 56.4226
[Saved] Michel time peak: 260
        Intensity: 1.98329


[86] Processing file: /Users/shuaixiangzhang/Work/current/FNAL_Work2024/michel_e/t0_tagging/pdhd_DATA_v2/t0_rootFiles/new20250808_MC/wvf_merged_applyCut_20250819/wvfFind_event1975_trackID2_opNum9_merged.root

Threshold for summed wvf: 0.3
Histogram: total
    Peak at bin 128, Left Height: 28.4229, Right Height: 19.5512
    Peak at bin 155, Left Height: 0.695271, Right Height: 4.6641
    Peak at bin 219, Left Height: 0.403369, Right Height: 1.77329
    Peak at bin 353, Left Height: 0.544493, Right Height: 0.546102
    Peak at bin 413, Left Height: 0.457463, Right Height: 0.419874

Top total peaks (by true height): 128 155 353 

---- Saving Time info of muon and Michel candidates ----
[Saved] Muon time peak index: 128
        Intensity: 19.5512
[Saved] Michel time peak: 155
        Intensity: 0.695271


[87] Processing file: /Users/shuaixiangzhang/Work/current/FNAL_Work2024/michel_e/t0_tagging/pdhd_DATA_v2/t0_rootFiles/new20250808_MC/wvf_merged_applyCut_20250819/wvfFind_event197_trackID2_opNum4_merged.root

Threshold for summed wvf: 0.3
Histogram: total
    Peak at bin 128, Left Height: 6.86418, Right Height: 4.96894
    Peak at bin 217, Left Height: 1.01244, Right Height: 0.915135
    Peak at bin 479, Left Height: 0.407533, Right Height: 0.382894

Top total peaks (by true height): 128 217 479 

---- Saving Time info of muon and Michel candidates ----
[Saved] Muon time peak index: 128
        Intensity: 4.96894
[Saved] Michel time peak: 217
        Intensity: 0.915135


[88] Processing file: /Users/shuaixiangzhang/Work/current/FNAL_Work2024/michel_e/t0_tagging/pdhd_DATA_v2/t0_rootFiles/new20250808_MC/wvf_merged_applyCut_20250819/wvfFind_event1989_trackID10_opNum9_merged.root

Threshold for summed wvf: 0.3
Histogram: total
    Peak at bin 127, Left Height: 26.305, Right Height: 20.2486
    Peak at bin 148, Left Height: 1.30054, Right Height: 4.20581
    Peak at bin 181, Left Height: 0.630603, Right Height: 3.97182
    Peak at bin 252, Left Height: 1.48747, Right Height: 2.08669
    Peak at bin 394, Left Height: 1.67953, Right Height: 1.55362
    Peak at bin 458, Left Height: 0.589771, Right Height: 0.79763
    Peak at bin 495, Left Height: 0.620202, Right Height: 0.385067
    Peak at bin 734, Left Height: 0.324491, Right Height: 0.345336

Top total peaks (by true height): 127 394 252 

---- Saving Time info of muon and Michel candidates ----
[Saved] Muon time peak index: 127
        Intensity: 20.2486
[Saved] Michel time peak: 394
        Intensity: 1.55362


[89] Processing file: /Users/shuaixiangzhang/Work/current/FNAL_Work2024/michel_e/t0_tagging/pdhd_DATA_v2/t0_rootFiles/new20250808_MC/wvf_merged_applyCut_20250819/wvfFind_event2014_trackID11_opNum7_merged.root

Threshold for summed wvf: 0.3
Histogram: total
    Peak at bin 122, Left Height: 4.17475, Right Height: 3.46037
    Peak at bin 225, Left Height: 0.92053, Right Height: 1.15184
    Peak at bin 281, Left Height: 0.799468, Right Height: 0.556042

Top total peaks (by true height): 122 225 281 

---- Saving Time info of muon and Michel candidates ----
[Saved] Muon time peak index: 122
        Intensity: 3.46037
[Saved] Michel time peak: 225
        Intensity: 0.92053


[90] Processing file: /Users/shuaixiangzhang/Work/current/FNAL_Work2024/michel_e/t0_tagging/pdhd_DATA_v2/t0_rootFiles/new20250808_MC/wvf_merged_applyCut_20250819/wvfFind_event2018_trackID3_opNum9_merged.root

Threshold for summed wvf: 0.3
Histogram: total
    Peak at bin 127, Left Height: 46.7663, Right Height: 42.369
    Peak at bin 182, Left Height: 0.76419, Right Height: 3.26235
    Peak at bin 221, Left Height: 5.87424, Right Height: 3.7945
    Peak at bin 273, Left Height: 0.374948, Right Height: 1.21559
    Peak at bin 322, Left Height: 1.65944, Right Height: 2.33518
    Peak at bin 370, Left Height: 1.16126, Right Height: 0.960896
    Peak at bin 404, Left Height: 0.690179, Right Height: 0.593078
    Peak at bin 434, Left Height: 0.866254, Right Height: 0.883533
    Peak at bin 484, Left Height: 1.25517, Right Height: 1.47193
    Peak at bin 523, Left Height: 0.571501, Right Height: 0.454002
    Peak at bin 572, Left Height: 0.748909, Right Height: 0.620197
    Peak at bin 668, Left Height: 0.529497, Right Height: 0.608728

Top total peaks (by true height): 127 221 322 

---- Saving Time info of muon and Michel candidates ----
[Saved] Muon time peak index: 127
        Intensity: 42.369
[Saved] Michel time peak: 221
        Intensity: 3.7945


[91] Processing file: /Users/shuaixiangzhang/Work/current/FNAL_Work2024/michel_e/t0_tagging/pdhd_DATA_v2/t0_rootFiles/new20250808_MC/wvf_merged_applyCut_20250819/wvfFind_event2023_trackID7_opNum9_merged.root

Threshold for summed wvf: 0.3
Histogram: total
    Peak at bin 129, Left Height: 378.086, Right Height: 305.731
    Peak at bin 170, Left Height: 24.4999, Right Height: 53.9419
    Peak at bin 249, Left Height: 0.897899, Right Height: 16.8151
    Peak at bin 333, Left Height: 2.39814, Right Height: 5.78304
    Peak at bin 360, Left Height: 4.07529, Right Height: 8.03245
    Peak at bin 410, Left Height: 2.21968, Right Height: 0.829554
    Peak at bin 493, Left Height: 1.41907, Right Height: 2.40138
    Peak at bin 527, Left Height: 1.07949, Right Height: 2.01445
    Peak at bin 596, Left Height: 0.780895, Right Height: 1.45547
    Peak at bin 630, Left Height: 1.46558, Right Height: 0.620798
    Peak at bin 706, Left Height: 1.39098, Right Height: 1.44667
    Peak at bin 739, Left Height: 0.454921, Right Height: 0.457855
    Peak at bin 776, Left Height: 1.07417, Right Height: 0.608737
    Peak at bin 799, Left Height: 0.880388, Right Height: 0.404575
    Peak at bin 817, Left Height: 0.36397, Right Height: 0.615522
    Peak at bin 844, Left Height: 0.318655, Right Height: 0.365552
    Peak at bin 919, Left Height: 0.638197, Right Height: 0.347441
    Peak at bin 1020, Left Height: 5.02958, Right Height: 0.954643

Top total peaks (by true height): 129 170 360 

---- Saving Time info of muon and Michel candidates ----
[Saved] Muon time peak index: 129
        Intensity: 305.731
[Saved] Michel time peak: 170
        Intensity: 24.4999


[92] Processing file: /Users/shuaixiangzhang/Work/current/FNAL_Work2024/michel_e/t0_tagging/pdhd_DATA_v2/t0_rootFiles/new20250808_MC/wvf_merged_applyCut_20250819/wvfFind_event202_trackID5_opNum9_merged.root

Threshold for summed wvf: 0.3
Histogram: total
    Peak at bin 128, Left Height: 56.0946, Right Height: 42.8156
    Peak at bin 160, Left Height: 0.860227, Right Height: 1.50477
    Peak at bin 182, Left Height: 3.15353, Right Height: 8.95969
    Peak at bin 367, Left Height: 0.419617, Right Height: 0.864031
    Peak at bin 468, Left Height: 0.731299, Right Height: 0.732154

Top total peaks (by true height): 128 182 160 

---- Saving Time info of muon and Michel candidates ----
[Saved] Muon time peak index: 128
        Intensity: 42.8156
[Saved] Michel time peak: 182
        Intensity: 3.15353


[93] Processing file: /Users/shuaixiangzhang/Work/current/FNAL_Work2024/michel_e/t0_tagging/pdhd_DATA_v2/t0_rootFiles/new20250808_MC/wvf_merged_applyCut_20250819/wvfFind_event2039_trackID16_opNum9_merged.root

Threshold for summed wvf: 0.3
Histogram: total
    Peak at bin 126, Left Height: 10.7522, Right Height: 9.92222
    Peak at bin 165, Left Height: 2.30585, Right Height: 1.85064
    Peak at bin 193, Left Height: 0.444656, Right Height: 1.26876
    Peak at bin 227, Left Height: 0.596026, Right Height: 0.961532
    Peak at bin 281, Left Height: 0.442735, Right Height: 0.688488
    Peak at bin 321, Left Height: 0.414375, Right Height: 0.595787
    Peak at bin 499, Left Height: 0.366802, Right Height: 0.376054
    Peak at bin 528, Left Height: 0.35274, Right Height: 0.322227

Top total peaks (by true height): 126 165 227 

---- Saving Time info of muon and Michel candidates ----
[Saved] Muon time peak index: 126
        Intensity: 9.92222
[Saved] Michel time peak: 165
        Intensity: 1.85064


[94] Processing file: /Users/shuaixiangzhang/Work/current/FNAL_Work2024/michel_e/t0_tagging/pdhd_DATA_v2/t0_rootFiles/new20250808_MC/wvf_merged_applyCut_20250819/wvfFind_event2039_trackID1_opNum9_merged.root

Threshold for summed wvf: 0.3
Histogram: total
    Peak at bin 128, Left Height: 42.871, Right Height: 36.0556
    Peak at bin 168, Left Height: 0.541728, Right Height: 3.66918
    Peak at bin 213, Left Height: 5.51778, Right Height: 5.7817
    Peak at bin 281, Left Height: 1.55843, Right Height: 1.92421
    Peak at bin 310, Left Height: 0.404135, Right Height: 1.64808
    Peak at bin 336, Left Height: 1.02009, Right Height: 0.870422
    Peak at bin 427, Left Height: 0.409625, Right Height: 0.650448
    Peak at bin 483, Left Height: 0.535247, Right Height: 0.734993
    Peak at bin 612, Left Height: 0.430056, Right Height: 0.412803

Top total peaks (by true height): 128 213 281 

---- Saving Time info of muon and Michel candidates ----
[Saved] Muon time peak index: 128
        Intensity: 36.0556
[Saved] Michel time peak: 213
        Intensity: 5.51778


[95] Processing file: /Users/shuaixiangzhang/Work/current/FNAL_Work2024/michel_e/t0_tagging/pdhd_DATA_v2/t0_rootFiles/new20250808_MC/wvf_merged_applyCut_20250819/wvfFind_event2047_trackID12_opNum5_merged.root

Threshold for summed wvf: 0.3
Histogram: total
    Peak at bin 124, Left Height: 3.17161, Right Height: 2.66198
    Peak at bin 177, Left Height: 0.511075, Right Height: 0.632073
    Peak at bin 211, Left Height: 1.40703, Right Height: 1.51576
    Peak at bin 381, Left Height: 1.31304, Right Height: 1.2345
    Peak at bin 514, Left Height: 0.507497, Right Height: 0.431059

Top total peaks (by true height): 124 211 381 

---- Saving Time info of muon and Michel candidates ----
[Saved] Muon time peak index: 124
        Intensity: 2.66198
[Saved] Michel time peak: 211
        Intensity: 1.40703


[96] Processing file: /Users/shuaixiangzhang/Work/current/FNAL_Work2024/michel_e/t0_tagging/pdhd_DATA_v2/t0_rootFiles/new20250808_MC/wvf_merged_applyCut_20250819/wvfFind_event2055_trackID1_opNum9_merged.root

Threshold for summed wvf: 0.3
Histogram: total
    Peak at bin 128, Left Height: 74.2482, Right Height: 66.357
    Peak at bin 193, Left Height: 0.628322, Right Height: 2.52913
    Peak at bin 228, Left Height: 1.23434, Right Height: 1.88619
    Peak at bin 262, Left Height: 0.336706, Right Height: 1.72828
    Peak at bin 286, Left Height: 1.51656, Right Height: 0.370582
    Peak at bin 362, Left Height: 0.931439, Right Height: 1.29294
    Peak at bin 414, Left Height: 0.919886, Right Height: 1.01247
    Peak at bin 466, Left Height: 1.18161, Right Height: 0.686962
    Peak at bin 547, Left Height: 0.712335, Right Height: 0.356059
    Peak at bin 648, Left Height: 0.555748, Right Height: 0.448234
    Peak at bin 702, Left Height: 0.412585, Right Height: 0.367797
    Peak at bin 736, Left Height: 0.489157, Right Height: 0.517417
    Peak at bin 774, Left Height: 0.50659, Right Height: 0.360461

Top total peaks (by true height): 128 228 362 

---- Saving Time info of muon and Michel candidates ----
[Saved] Muon time peak index: 128
        Intensity: 66.357
[Saved] Michel time peak: 228
        Intensity: 1.23434


[97] Processing file: /Users/shuaixiangzhang/Work/current/FNAL_Work2024/michel_e/t0_tagging/pdhd_DATA_v2/t0_rootFiles/new20250808_MC/wvf_merged_applyCut_20250819/wvfFind_event2069_trackID11_opNum9_merged.root

Threshold for summed wvf: 0.3
Histogram: total
    Peak at bin 128, Left Height: 39.317, Right Height: 32.1558
    Peak at bin 154, Left Height: 1.9265, Right Height: 2.82146
    Peak at bin 180, Left Height: 0.317325, Right Height: 3.15001
    Peak at bin 222, Left Height: 1.05563, Right Height: 2.52295
    Peak at bin 274, Left Height: 5.177, Right Height: 4.93917
    Peak at bin 401, Left Height: 0.61129, Right Height: 0.984839
    Peak at bin 430, Left Height: 0.372804, Right Height: 0.774553
    Peak at bin 492, Left Height: 0.385742, Right Height: 0.374468
    Peak at bin 521, Left Height: 0.646289, Right Height: 0.634335
    Peak at bin 604, Left Height: 0.355529, Right Height: 0.571403
    Peak at bin 660, Left Height: 0.463953, Right Height: 0.404394

Top total peaks (by true height): 128 274 154 

---- Saving Time info of muon and Michel candidates ----
[Saved] Muon time peak index: 128
        Intensity: 32.1558
[Saved] Michel time peak: 274
        Intensity: 4.93917


[98] Processing file: /Users/shuaixiangzhang/Work/current/FNAL_Work2024/michel_e/t0_tagging/pdhd_DATA_v2/t0_rootFiles/new20250808_MC/wvf_merged_applyCut_20250819/wvfFind_event2071_trackID4_opNum5_merged.root

Threshold for summed wvf: 0.3
Histogram: total
    Peak at bin 127, Left Height: 15.0626, Right Height: 14.2055
    Peak at bin 154, Left Height: 0.764818, Right Height: 1.19072
    Peak at bin 193, Left Height: 1.08288, Right Height: 0.881274
    Peak at bin 305, Left Height: 1.27211, Right Height: 1.22366
    Peak at bin 344, Left Height: 2.27246, Right Height: 1.99451
    Peak at bin 387, Left Height: 0.406303, Right Height: 0.684497
    Peak at bin 450, Left Height: 0.704937, Right Height: 0.337086

Top total peaks (by true height): 127 344 305 

---- Saving Time info of muon and Michel candidates ----
[Saved] Muon time peak index: 127
        Intensity: 14.2055
[Saved] Michel time peak: 344
        Intensity: 1.99451


[99] Processing file: /Users/shuaixiangzhang/Work/current/FNAL_Work2024/michel_e/t0_tagging/pdhd_DATA_v2/t0_rootFiles/new20250808_MC/wvf_merged_applyCut_20250819/wvfFind_event207_trackID0_opNum9_merged.root

Threshold for summed wvf: 0.3
Histogram: total
    Peak at bin 129, Left Height: 148.81, Right Height: 135.849
    Peak at bin 329, Left Height: 0.888859, Right Height: 3.56808
    Peak at bin 404, Left Height: 0.41664, Right Height: 1.59318
    Peak at bin 434, Left Height: 1.12897, Right Height: 1.43357

Top total peaks (by true height): 129 434 329 

---- Saving Time info of muon and Michel candidates ----
[Saved] Muon time peak index: 129
        Intensity: 135.849
[Saved] Michel time peak: 434
        Intensity: 1.12897


[100] Processing file: /Users/shuaixiangzhang/Work/current/FNAL_Work2024/michel_e/t0_tagging/pdhd_DATA_v2/t0_rootFiles/new20250808_MC/wvf_merged_applyCut_20250819/wvfFind_event2107_trackID22_opNum6_merged.root

Threshold for summed wvf: 0.3
Histogram: total
    Peak at bin 124, Left Height: 3.64468, Right Height: 3.02668
    Peak at bin 162, Left Height: 0.548032, Right Height: 0.864098
    Peak at bin 333, Left Height: 0.575082, Right Height: 0.597261

Top total peaks (by true height): 124 333 162 

---- Saving Time info of muon and Michel candidates ----
[Saved] Muon time peak index: 124
        Intensity: 3.02668
[Saved] Michel time peak: 333
        Intensity: 0.575082


[101] Processing file: /Users/shuaixiangzhang/Work/current/FNAL_Work2024/michel_e/t0_tagging/pdhd_DATA_v2/t0_rootFiles/new20250808_MC/wvf_merged_applyCut_20250819/wvfFind_event2109_trackID4_opNum5_merged.root

Threshold for summed wvf: 0.3
Histogram: total
    Peak at bin 126, Left Height: 3.97576, Right Height: 3.84406
    Peak at bin 226, Left Height: 0.579553, Right Height: 0.339621
    Peak at bin 268, Left Height: 0.325489, Right Height: 0.35755

Top total peaks (by true height): 126 226 268 

---- Saving Time info of muon and Michel candidates ----
[Saved] Muon time peak index: 126
        Intensity: 3.84406
[Saved] Michel time peak: 226
        Intensity: 0.339621


[102] Processing file: /Users/shuaixiangzhang/Work/current/FNAL_Work2024/michel_e/t0_tagging/pdhd_DATA_v2/t0_rootFiles/new20250808_MC/wvf_merged_applyCut_20250819/wvfFind_event2115_trackID0_opNum5_merged.root

Threshold for summed wvf: 0.3
Histogram: total
    Peak at bin 128, Left Height: 65.4205, Right Height: 61.36
    Peak at bin 161, Left Height: 4.1311, Right Height: 4.33205
    Peak at bin 198, Left Height: 12.4045, Right Height: 12.6571
    Peak at bin 284, Left Height: 2.20693, Right Height: 2.60723
    Peak at bin 332, Left Height: 0.579814, Right Height: 1.60611
    Peak at bin 432, Left Height: 1.02063, Right Height: 0.598198
    Peak at bin 459, Left Height: 0.904496, Right Height: 1.20107
    Peak at bin 498, Left Height: 0.951275, Right Height: 0.782175
    Peak at bin 701, Left Height: 0.33227, Right Height: 0.382658

Top total peaks (by true height): 128 198 161 

---- Saving Time info of muon and Michel candidates ----
[Saved] Muon time peak index: 128
        Intensity: 61.36
[Saved] Michel time peak: 198
        Intensity: 12.4045


[103] Processing file: /Users/shuaixiangzhang/Work/current/FNAL_Work2024/michel_e/t0_tagging/pdhd_DATA_v2/t0_rootFiles/new20250808_MC/wvf_merged_applyCut_20250819/wvfFind_event2118_trackID11_opNum8_merged.root

Threshold for summed wvf: 0.3
Histogram: total
    Peak at bin 123, Left Height: 5.24811, Right Height: 4.08204
    Peak at bin 190, Left Height: 0.988465, Right Height: 0.606303
    Peak at bin 246, Left Height: 0.304188, Right Height: 0.333945
    Peak at bin 340, Left Height: 0.335753, Right Height: 0.566509
    Peak at bin 459, Left Height: 1.71729, Right Height: 1.81783
    Peak at bin 883, Left Height: 0.321504, Right Height: 0.360329

Top total peaks (by true height): 123 459 190 

---- Saving Time info of muon and Michel candidates ----
[Saved] Muon time peak index: 123
        Intensity: 4.08204
[Saved] Michel time peak: 459
        Intensity: 1.71729


[104] Processing file: /Users/shuaixiangzhang/Work/current/FNAL_Work2024/michel_e/t0_tagging/pdhd_DATA_v2/t0_rootFiles/new20250808_MC/wvf_merged_applyCut_20250819/wvfFind_event2150_trackID3_opNum5.root

Threshold for summed wvf: 0.3
Histogram: total
    Peak at bin 127, Left Height: 27.9753, Right Height: 25.8511
    Peak at bin 151, Left Height: 0.976672, Right Height: 3.10961
    Peak at bin 184, Left Height: 2.79493, Right Height: 2.37156
    Peak at bin 215, Left Height: 0.719735, Right Height: 1.46672
    Peak at bin 244, Left Height: 1.64496, Right Height: 0.972166
    Peak at bin 301, Left Height: 1.11787, Right Height: 0.926355
    Peak at bin 357, Left Height: 0.675456, Right Height: 0.680547
    Peak at bin 439, Left Height: 0.404643, Right Height: 0.758531
    Peak at bin 472, Left Height: 0.375381, Right Height: 0.385489
    Peak at bin 681, Left Height: 6.1106, Right Height: 6.18831
    Peak at bin 714, Left Height: 1.41979, Right Height: 1.47327
    Peak at bin 749, Left Height: 0.936183, Right Height: 0.958406
    Peak at bin 894, Left Height: 0.79082, Right Height: 0.822844

Top total peaks (by true height): 127 681 184 

---- Saving Time info of muon and Michel candidates ----
[Saved] Muon time peak index: 127
        Intensity: 25.8511
[Saved] Michel time peak: 681
        Intensity: 6.1106


[105] Processing file: /Users/shuaixiangzhang/Work/current/FNAL_Work2024/michel_e/t0_tagging/pdhd_DATA_v2/t0_rootFiles/new20250808_MC/wvf_merged_applyCut_20250819/wvfFind_event2167_trackID10_opNum8_merged.root

Threshold for summed wvf: 0.3
Histogram: total
    Peak at bin 124, Left Height: 3.70698, Right Height: 2.91563
    Peak at bin 203, Left Height: 0.857577, Right Height: 0.852846
    Peak at bin 242, Left Height: 0.346676, Right Height: 0.555469

Top total peaks (by true height): 124 203 242 

---- Saving Time info of muon and Michel candidates ----
[Saved] Muon time peak index: 124
        Intensity: 2.91563
[Saved] Michel time peak: 203
        Intensity: 0.852846


[106] Processing file: /Users/shuaixiangzhang/Work/current/FNAL_Work2024/michel_e/t0_tagging/pdhd_DATA_v2/t0_rootFiles/new20250808_MC/wvf_merged_applyCut_20250819/wvfFind_event2174_trackID5_opNum8_merged.root

Threshold for summed wvf: 0.3
Histogram: total
    Peak at bin 127, Left Height: 24.7244, Right Height: 22.0474
    Peak at bin 149, Left Height: 0.506654, Right Height: 0.507876
    Peak at bin 188, Left Height: 0.340027, Right Height: 0.966801
    Peak at bin 262, Left Height: 0.793982, Right Height: 1.08164
    Peak at bin 299, Left Height: 1.30442, Right Height: 1.43593
    Peak at bin 361, Left Height: 4.30905, Right Height: 4.47022
    Peak at bin 400, Left Height: 0.711273, Right Height: 0.576004
    Peak at bin 425, Left Height: 0.369921, Right Height: 0.890378
    Peak at bin 454, Left Height: 1.52547, Right Height: 1.58332
    Peak at bin 508, Left Height: 0.441662, Right Height: 0.416032
    Peak at bin 556, Left Height: 0.415693, Right Height: 0.579973
    Peak at bin 657, Left Height: 0.61704, Right Height: 0.609343

Top total peaks (by true height): 127 361 454 

---- Saving Time info of muon and Michel candidates ----
[Saved] Muon time peak index: 127
        Intensity: 22.0474
[Saved] Michel time peak: 361
        Intensity: 4.30905


[107] Processing file: /Users/shuaixiangzhang/Work/current/FNAL_Work2024/michel_e/t0_tagging/pdhd_DATA_v2/t0_rootFiles/new20250808_MC/wvf_merged_applyCut_20250819/wvfFind_event2186_trackID1_opNum6_merged.root

Threshold for summed wvf: 0.3
Histogram: total
    Peak at bin 127, Left Height: 7.70497, Right Height: 6.06955
    Peak at bin 199, Left Height: 0.513674, Right Height: 0.83019
    Peak at bin 229, Left Height: 0.311601, Right Height: 0.705579
    Peak at bin 286, Left Height: 1.47989, Right Height: 1.44098
    Peak at bin 326, Left Height: 0.478638, Right Height: 0.498998

Top total peaks (by true height): 127 286 199 

---- Saving Time info of muon and Michel candidates ----
[Saved] Muon time peak index: 127
        Intensity: 6.06955
[Saved] Michel time peak: 286
        Intensity: 1.44098


[108] Processing file: /Users/shuaixiangzhang/Work/current/FNAL_Work2024/michel_e/t0_tagging/pdhd_DATA_v2/t0_rootFiles/new20250808_MC/wvf_merged_applyCut_20250819/wvfFind_event2194_trackID4_opNum9_merged.root

Threshold for summed wvf: 0.3
Histogram: total
    Peak at bin 126, Left Height: 9.63146, Right Height: 7.14105
    Peak at bin 205, Left Height: 1.04489, Right Height: 0.897383
    Peak at bin 293, Left Height: 0.323391, Right Height: 0.31596

Top total peaks (by true height): 126 205 293 

---- Saving Time info of muon and Michel candidates ----
[Saved] Muon time peak index: 126
        Intensity: 7.14105
[Saved] Michel time peak: 205
        Intensity: 0.897383


[109] Processing file: /Users/shuaixiangzhang/Work/current/FNAL_Work2024/michel_e/t0_tagging/pdhd_DATA_v2/t0_rootFiles/new20250808_MC/wvf_merged_applyCut_20250819/wvfFind_event2196_trackID6_opNum9.root

Threshold for summed wvf: 0.3
Histogram: total
    Peak at bin 128, Left Height: 20.218, Right Height: 13.9391
    Peak at bin 367, Left Height: 2.7584, Right Height: 2.08181
    Peak at bin 453, Left Height: 0.497253, Right Height: 0.711442

Top total peaks (by true height): 128 367 453 

---- Saving Time info of muon and Michel candidates ----
[Saved] Muon time peak index: 128
        Intensity: 13.9391
[Saved] Michel time peak: 367
        Intensity: 2.08181


[110] Processing file: /Users/shuaixiangzhang/Work/current/FNAL_Work2024/michel_e/t0_tagging/pdhd_DATA_v2/t0_rootFiles/new20250808_MC/wvf_merged_applyCut_20250819/wvfFind_event2198_trackID4_opNum9_merged.root

Threshold for summed wvf: 0.3
Histogram: total
    Peak at bin 128, Left Height: 21.4136, Right Height: 12.4048
    Peak at bin 251, Left Height: 0.45808, Right Height: 1.0982
    Peak at bin 375, Left Height: 0.591808, Right Height: 0.321749

Top total peaks (by true height): 128 251 375 

---- Saving Time info of muon and Michel candidates ----
[Saved] Muon time peak index: 128
        Intensity: 12.4048
[Saved] Michel time peak: 251
        Intensity: 0.45808


[111] Processing file: /Users/shuaixiangzhang/Work/current/FNAL_Work2024/michel_e/t0_tagging/pdhd_DATA_v2/t0_rootFiles/new20250808_MC/wvf_merged_applyCut_20250819/wvfFind_event220_trackID24_opNum5_merged.root

Threshold for summed wvf: 0.3
Histogram: total
    Peak at bin 123, Left Height: 3.11941, Right Height: 2.39897
    Peak at bin 294, Left Height: 0.550593, Right Height: 0.405661

Top total peaks (by true height): 123 294 

---- Saving Time info of muon and Michel candidates ----
[Saved] Muon time peak index: 123
        Intensity: 2.39897
[Saved] Michel time peak: 294
        Intensity: 0.405661


[112] Processing file: /Users/shuaixiangzhang/Work/current/FNAL_Work2024/michel_e/t0_tagging/pdhd_DATA_v2/t0_rootFiles/new20250808_MC/wvf_merged_applyCut_20250819/wvfFind_event2210_trackID3_opNum9_merged.root

Threshold for summed wvf: 0.3
Histogram: total
    Peak at bin 128, Left Height: 94.0613, Right Height: 76.8412
    Peak at bin 149, Left Height: 0.97288, Right Height: 1.52882
    Peak at bin 203, Left Height: 3.39759, Right Height: 2.61534
    Peak at bin 228, Left Height: 15.152, Right Height: 19.5966
    Peak at bin 270, Left Height: 1.89627, Right Height: 3.3287
    Peak at bin 301, Left Height: 1.99693, Right Height: 3.3768
    Peak at bin 346, Left Height: 1.42521, Right Height: 2.46261
    Peak at bin 408, Left Height: 1.35282, Right Height: 2.11553
    Peak at bin 542, Left Height: 0.840147, Right Height: 0.738062
    Peak at bin 653, Left Height: 0.70485, Right Height: 0.681643

Top total peaks (by true height): 128 228 203 

---- Saving Time info of muon and Michel candidates ----
[Saved] Muon time peak index: 128
        Intensity: 76.8412
[Saved] Michel time peak: 228
        Intensity: 15.152


[113] Processing file: /Users/shuaixiangzhang/Work/current/FNAL_Work2024/michel_e/t0_tagging/pdhd_DATA_v2/t0_rootFiles/new20250808_MC/wvf_merged_applyCut_20250819/wvfFind_event2212_trackID15_opNum8_merged.root

Threshold for summed wvf: 0.3
Histogram: total
    Peak at bin 125, Left Height: 6.71194, Right Height: 5.42189
    Peak at bin 153, Left Height: 0.822625, Right Height: 1.19446
    Peak at bin 199, Left Height: 0.313721, Right Height: 0.973284
    Peak at bin 236, Left Height: 0.53085, Right Height: 0.686204
    Peak at bin 263, Left Height: 0.469874, Right Height: 0.512067
    Peak at bin 292, Left Height: 0.688033, Right Height: 0.769433

Top total peaks (by true height): 125 153 292 

---- Saving Time info of muon and Michel candidates ----
[Saved] Muon time peak index: 125
        Intensity: 5.42189
[Saved] Michel time peak: 153
        Intensity: 0.822625


[114] Processing file: /Users/shuaixiangzhang/Work/current/FNAL_Work2024/michel_e/t0_tagging/pdhd_DATA_v2/t0_rootFiles/new20250808_MC/wvf_merged_applyCut_20250819/wvfFind_event221_trackID10_opNum9_merged.root

Threshold for summed wvf: 0.3
Histogram: total
    Peak at bin 125, Left Height: 8.81932, Right Height: 7.61918
    Peak at bin 159, Left Height: 1.81569, Right Height: 2.07059
    Peak at bin 212, Left Height: 1.25422, Right Height: 1.97156
    Peak at bin 262, Left Height: 0.504134, Right Height: 0.718065
    Peak at bin 438, Left Height: 0.478173, Right Height: 0.408641
    Peak at bin 468, Left Height: 0.479134, Right Height: 0.511093

Top total peaks (by true height): 125 159 212 

---- Saving Time info of muon and Michel candidates ----
[Saved] Muon time peak index: 125
        Intensity: 7.61918
[Saved] Michel time peak: 159
        Intensity: 1.81569


[115] Processing file: /Users/shuaixiangzhang/Work/current/FNAL_Work2024/michel_e/t0_tagging/pdhd_DATA_v2/t0_rootFiles/new20250808_MC/wvf_merged_applyCut_20250819/wvfFind_event2226_trackID18_opNum5_merged.root

Threshold for summed wvf: 0.3
Histogram: total
    Peak at bin 128, Left Height: 23.0917, Right Height: 18.5152
    Peak at bin 185, Left Height: 1.33216, Right Height: 1.86303
    Peak at bin 233, Left Height: 37.43, Right Height: 32.6588
    Peak at bin 295, Left Height: 1.15082, Right Height: 1.5034
    Peak at bin 335, Left Height: 0.39835, Right Height: 1.44658
    Peak at bin 363, Left Height: 0.733856, Right Height: 1.64181
    Peak at bin 396, Left Height: 0.810818, Right Height: 1.78797
    Peak at bin 420, Left Height: 0.301768, Right Height: 0.794785
    Peak at bin 472, Left Height: 14.0487, Right Height: 9.79214
    Peak at bin 649, Left Height: 0.430595, Right Height: 1.28547
    Peak at bin 743, Left Height: 0.649729, Right Height: 0.688299

Top total peaks (by true height): 233 128 472 

---- Saving Time info of muon and Michel candidates ----
[Saved] Muon time peak index: 233
        Intensity: 32.6588
[Saved] Michel time peak: 128
        Intensity: 18.5152


[116] Processing file: /Users/shuaixiangzhang/Work/current/FNAL_Work2024/michel_e/t0_tagging/pdhd_DATA_v2/t0_rootFiles/new20250808_MC/wvf_merged_applyCut_20250819/wvfFind_event2241_trackID28_opNum9.root

Threshold for summed wvf: 0.3
Histogram: total
    Peak at bin 11, Left Height: 3.61117, Right Height: 2.99544
    Peak at bin 35, Left Height: 0.847859, Right Height: 2.49337
    Peak at bin 61, Left Height: 0.34202, Right Height: 0.467476
    Peak at bin 115, Left Height: 1.20108, Right Height: 0.938302
    Peak at bin 190, Left Height: 0.48835, Right Height: 0.671628
    Peak at bin 256, Left Height: 0.649998, Right Height: 1.07311
    Peak at bin 319, Left Height: 0.342692, Right Height: 0.370009
    Peak at bin 365, Left Height: 0.310047, Right Height: 0.322826

Top total peaks (by true height): 11 115 35 

---- Saving Time info of muon and Michel candidates ----
[Saved] Muon time peak index: 11
        Intensity: 2.99544
[Saved] Michel time peak: 115
        Intensity: 0.938302


[117] Processing file: /Users/shuaixiangzhang/Work/current/FNAL_Work2024/michel_e/t0_tagging/pdhd_DATA_v2/t0_rootFiles/new20250808_MC/wvf_merged_applyCut_20250819/wvfFind_event2256_trackID12_opNum8_merged.root

Threshold for summed wvf: 0.3
Histogram: total
    Peak at bin 125, Left Height: 8.06722, Right Height: 6.58233
    Peak at bin 154, Left Height: 0.651328, Right Height: 0.932809
    Peak at bin 186, Left Height: 1.6281, Right Height: 1.90901
    Peak at bin 210, Left Height: 0.765664, Right Height: 1.39826
    Peak at bin 268, Left Height: 0.851261, Right Height: 1.09094
    Peak at bin 326, Left Height: 0.363219, Right Height: 0.398901

Top total peaks (by true height): 125 186 268 

---- Saving Time info of muon and Michel candidates ----
[Saved] Muon time peak index: 125
        Intensity: 6.58233
[Saved] Michel time peak: 186
        Intensity: 1.6281


[118] Processing file: /Users/shuaixiangzhang/Work/current/FNAL_Work2024/michel_e/t0_tagging/pdhd_DATA_v2/t0_rootFiles/new20250808_MC/wvf_merged_applyCut_20250819/wvfFind_event2258_trackID10_opNum9_merged.root

Threshold for summed wvf: 0.3
Histogram: total
    Peak at bin 125, Left Height: 7.10113, Right Height: 5.90897
    Peak at bin 227, Left Height: 1.5306, Right Height: 1.73498
    Peak at bin 397, Left Height: 0.598813, Right Height: 0.525658

Top total peaks (by true height): 125 227 397 

---- Saving Time info of muon and Michel candidates ----
[Saved] Muon time peak index: 125
        Intensity: 5.90897
[Saved] Michel time peak: 227
        Intensity: 1.5306


[119] Processing file: /Users/shuaixiangzhang/Work/current/FNAL_Work2024/michel_e/t0_tagging/pdhd_DATA_v2/t0_rootFiles/new20250808_MC/wvf_merged_applyCut_20250819/wvfFind_event2259_trackID7_opNum6_merged.root

Threshold for summed wvf: 0.3
Histogram: total
    Peak at bin 126, Left Height: 14.6019, Right Height: 14.5322
    Peak at bin 160, Left Height: 1.79943, Right Height: 1.10155
    Peak at bin 210, Left Height: 0.716505, Right Height: 1.19012
    Peak at bin 256, Left Height: 0.836579, Right Height: 0.598411
    Peak at bin 401, Left Height: 0.311762, Right Height: 0.527137
    Peak at bin 442, Left Height: 0.8853, Right Height: 0.654119
    Peak at bin 629, Left Height: 0.347652, Right Height: 0.326038

Top total peaks (by true height): 126 160 210 

---- Saving Time info of muon and Michel candidates ----
[Saved] Muon time peak index: 126
        Intensity: 14.5322
[Saved] Michel time peak: 160
        Intensity: 1.10155


[120] Processing file: /Users/shuaixiangzhang/Work/current/FNAL_Work2024/michel_e/t0_tagging/pdhd_DATA_v2/t0_rootFiles/new20250808_MC/wvf_merged_applyCut_20250819/wvfFind_event225_trackID1_opNum9_merged.root

Threshold for summed wvf: 0.3
Histogram: total
    Peak at bin 129, Left Height: 277.116, Right Height: 201.81
    Peak at bin 154, Left Height: 1.66744, Right Height: 68.9603
    Peak at bin 302, Left Height: 0.432556, Right Height: 3.01246
    Peak at bin 352, Left Height: 0.369667, Right Height: 3.56363
    Peak at bin 393, Left Height: 0.413598, Right Height: 2.4192
    Peak at bin 468, Left Height: 0.322169, Right Height: 2.08391
    Peak at bin 517, Left Height: 0.415544, Right Height: 0.370857
    Peak at bin 538, Left Height: 1.30871, Right Height: 1.55477
    Peak at bin 570, Left Height: 0.565758, Right Height: 0.60919
    Peak at bin 625, Left Height: 0.457473, Right Height: 0.347919
    Peak at bin 702, Left Height: 0.509325, Right Height: 0.591609
    Peak at bin 776, Left Height: 0.479776, Right Height: 0.699548
    Peak at bin 1021, Left Height: 4.08121, Right Height: 0.450204

Top total peaks (by true height): 129 154 538 

---- Saving Time info of muon and Michel candidates ----
[Saved] Muon time peak index: 129
        Intensity: 201.81
[Saved] Michel time peak: 154
        Intensity: 1.66744


[121] Processing file: /Users/shuaixiangzhang/Work/current/FNAL_Work2024/michel_e/t0_tagging/pdhd_DATA_v2/t0_rootFiles/new20250808_MC/wvf_merged_applyCut_20250819/wvfFind_event2274_trackID20_opNum9_merged.root

Threshold for summed wvf: 0.3
Histogram: total
    Peak at bin 126, Left Height: 5.87544, Right Height: 4.3221
    Peak at bin 268, Left Height: 0.612179, Right Height: 0.721675

Top total peaks (by true height): 126 268 

---- Saving Time info of muon and Michel candidates ----
[Saved] Muon time peak index: 126
        Intensity: 4.3221
[Saved] Michel time peak: 268
        Intensity: 0.612179


[122] Processing file: /Users/shuaixiangzhang/Work/current/FNAL_Work2024/michel_e/t0_tagging/pdhd_DATA_v2/t0_rootFiles/new20250808_MC/wvf_merged_applyCut_20250819/wvfFind_event2280_trackID1_opNum6_merged.root

Threshold for summed wvf: 0.3
Histogram: total
    Peak at bin 128, Left Height: 12.8301, Right Height: 10.2046
    Peak at bin 187, Left Height: 1.34849, Right Height: 2.11596
    Peak at bin 230, Left Height: 0.626544, Right Height: 1.33424
    Peak at bin 262, Left Height: 0.69997, Right Height: 0.852784
    Peak at bin 367, Left Height: 0.316429, Right Height: 0.64184
    Peak at bin 430, Left Height: 0.307104, Right Height: 0.305426

Top total peaks (by true height): 128 187 262 

---- Saving Time info of muon and Michel candidates ----
[Saved] Muon time peak index: 128
        Intensity: 10.2046
[Saved] Michel time peak: 187
        Intensity: 1.34849


[123] Processing file: /Users/shuaixiangzhang/Work/current/FNAL_Work2024/michel_e/t0_tagging/pdhd_DATA_v2/t0_rootFiles/new20250808_MC/wvf_merged_applyCut_20250819/wvfFind_event2291_trackID9_opNum7_merged.root

Threshold for summed wvf: 0.3
Histogram: total
    Peak at bin 126, Left Height: 5.59312, Right Height: 4.79729
    Peak at bin 175, Left Height: 0.739833, Right Height: 1.0368
    Peak at bin 212, Left Height: 0.596066, Right Height: 0.780215
    Peak at bin 280, Left Height: 0.59078, Right Height: 0.868397
    Peak at bin 462, Left Height: 0.453467, Right Height: 0.485413

Top total peaks (by true height): 126 175 212 

---- Saving Time info of muon and Michel candidates ----
[Saved] Muon time peak index: 126
        Intensity: 4.79729
[Saved] Michel time peak: 175
        Intensity: 0.739833


[124] Processing file: /Users/shuaixiangzhang/Work/current/FNAL_Work2024/michel_e/t0_tagging/pdhd_DATA_v2/t0_rootFiles/new20250808_MC/wvf_merged_applyCut_20250819/wvfFind_event2306_trackID7_opNum6_merged.root

Threshold for summed wvf: 0.3
Histogram: total
    Peak at bin 125, Left Height: 3.87653, Right Height: 3.09161
    Peak at bin 205, Left Height: 0.611832, Right Height: 0.847678
    Peak at bin 424, Left Height: 0.413504, Right Height: 0.409947

Top total peaks (by true height): 125 205 424 

---- Saving Time info of muon and Michel candidates ----
[Saved] Muon time peak index: 125
        Intensity: 3.09161
[Saved] Michel time peak: 205
        Intensity: 0.611832


[125] Processing file: /Users/shuaixiangzhang/Work/current/FNAL_Work2024/michel_e/t0_tagging/pdhd_DATA_v2/t0_rootFiles/new20250808_MC/wvf_merged_applyCut_20250819/wvfFind_event2326_trackID0_opNum9_merged.root

Threshold for summed wvf: 0.3
Histogram: total
    Peak at bin 126, Left Height: 11.2688, Right Height: 8.77676
    Peak at bin 160, Left Height: 3.56344, Right Height: 2.66861
    Peak at bin 209, Left Height: 0.411467, Right Height: 1.37734
    Peak at bin 281, Left Height: 0.308298, Right Height: 0.324661
    Peak at bin 366, Left Height: 0.499349, Right Height: 0.554857
    Peak at bin 405, Left Height: 0.453465, Right Height: 0.617619
    Peak at bin 447, Left Height: 0.547813, Right Height: 0.473413
    Peak at bin 501, Left Height: 0.505317, Right Height: 0.373533

Top total peaks (by true height): 126 160 366 

---- Saving Time info of muon and Michel candidates ----
[Saved] Muon time peak index: 126
        Intensity: 8.77676
[Saved] Michel time peak: 160
        Intensity: 2.66861


[126] Processing file: /Users/shuaixiangzhang/Work/current/FNAL_Work2024/michel_e/t0_tagging/pdhd_DATA_v2/t0_rootFiles/new20250808_MC/wvf_merged_applyCut_20250819/wvfFind_event2335_trackID8_opNum5_merged.root

Threshold for summed wvf: 0.3
Histogram: total
    Peak at bin 121, Left Height: 2.29518, Right Height: 2.36401
    Peak at bin 164, Left Height: 0.416312, Right Height: 0.357065
    Peak at bin 288, Left Height: 0.401469, Right Height: 0.37587

Top total peaks (by true height): 121 288 164 

---- Saving Time info of muon and Michel candidates ----
[Saved] Muon time peak index: 121
        Intensity: 2.29518
[Saved] Michel time peak: 288
        Intensity: 0.37587


[127] Processing file: /Users/shuaixiangzhang/Work/current/FNAL_Work2024/michel_e/t0_tagging/pdhd_DATA_v2/t0_rootFiles/new20250808_MC/wvf_merged_applyCut_20250819/wvfFind_event2340_trackID13_opNum6_merged.root

Threshold for summed wvf: 0.3
Histogram: total
    Peak at bin 126, Left Height: 6.00231, Right Height: 3.94656
    Peak at bin 214, Left Height: 1.29731, Right Height: 1.25204
    Peak at bin 266, Left Height: 2.08421, Right Height: 1.67572
    Peak at bin 336, Left Height: 0.45195, Right Height: 1.43517

Top total peaks (by true height): 126 266 214 

---- Saving Time info of muon and Michel candidates ----
[Saved] Muon time peak index: 126
        Intensity: 3.94656
[Saved] Michel time peak: 266
        Intensity: 1.67572


[128] Processing file: /Users/shuaixiangzhang/Work/current/FNAL_Work2024/michel_e/t0_tagging/pdhd_DATA_v2/t0_rootFiles/new20250808_MC/wvf_merged_applyCut_20250819/wvfFind_event2363_trackID24_opNum6_merged.root

Threshold for summed wvf: 0.3
Histogram: total
    Peak at bin 125, Left Height: 5.08478, Right Height: 4.98242
    Peak at bin 157, Left Height: 1.15908, Right Height: 1.03186
    Peak at bin 218, Left Height: 0.433356, Right Height: 0.513903
    Peak at bin 241, Left Height: 0.650931, Right Height: 0.923567
    Peak at bin 283, Left Height: 0.417476, Right Height: 0.420522
    Peak at bin 375, Left Height: 0.909362, Right Height: 0.623068
    Peak at bin 503, Left Height: 0.525602, Right Height: 0.626508

Top total peaks (by true height): 125 157 241 

---- Saving Time info of muon and Michel candidates ----
[Saved] Muon time peak index: 125
        Intensity: 4.98242
[Saved] Michel time peak: 157
        Intensity: 1.03186


[129] Processing file: /Users/shuaixiangzhang/Work/current/FNAL_Work2024/michel_e/t0_tagging/pdhd_DATA_v2/t0_rootFiles/new20250808_MC/wvf_merged_applyCut_20250819/wvfFind_event2367_trackID2_opNum5_merged.root

Threshold for summed wvf: 0.3
Histogram: total
    Peak at bin 128, Left Height: 74.7643, Right Height: 65.6351
    Peak at bin 164, Left Height: 4.16052, Right Height: 4.38073
    Peak at bin 188, Left Height: 0.619745, Right Height: 3.24833
    Peak at bin 238, Left Height: 1.73568, Right Height: 1.21215
    Peak at bin 272, Left Height: 9.14728, Right Height: 7.98627
    Peak at bin 341, Left Height: 1.39527, Right Height: 2.93361
    Peak at bin 387, Left Height: 1.15377, Right Height: 0.485045
    Peak at bin 470, Left Height: 1.08962, Right Height: 0.969705
    Peak at bin 545, Left Height: 0.611376, Right Height: 0.379345
    Peak at bin 690, Left Height: 0.378888, Right Height: 0.356199

Top total peaks (by true height): 128 272 164 

---- Saving Time info of muon and Michel candidates ----
[Saved] Muon time peak index: 128
        Intensity: 65.6351
[Saved] Michel time peak: 272
        Intensity: 7.98627


[130] Processing file: /Users/shuaixiangzhang/Work/current/FNAL_Work2024/michel_e/t0_tagging/pdhd_DATA_v2/t0_rootFiles/new20250808_MC/wvf_merged_applyCut_20250819/wvfFind_event2371_trackID13_opNum8_merged.root

Threshold for summed wvf: 0.3
Histogram: total
    Peak at bin 126, Left Height: 17.39, Right Height: 13.633
    Peak at bin 171, Left Height: 0.412848, Right Height: 0.913352
    Peak at bin 192, Left Height: 0.616312, Right Height: 1.34708
    Peak at bin 214, Left Height: 0.572112, Right Height: 1.26451
    Peak at bin 259, Left Height: 1.49936, Right Height: 1.3176
    Peak at bin 299, Left Height: 0.661955, Right Height: 1.06462
    Peak at bin 344, Left Height: 0.890025, Right Height: 0.749312
    Peak at bin 383, Left Height: 0.602525, Right Height: 0.485817

Top total peaks (by true height): 126 259 344 

---- Saving Time info of muon and Michel candidates ----
[Saved] Muon time peak index: 126
        Intensity: 13.633
[Saved] Michel time peak: 259
        Intensity: 1.3176


[131] Processing file: /Users/shuaixiangzhang/Work/current/FNAL_Work2024/michel_e/t0_tagging/pdhd_DATA_v2/t0_rootFiles/new20250808_MC/wvf_merged_applyCut_20250819/wvfFind_event237_trackID11_opNum8_merged.root

Threshold for summed wvf: 0.3
Histogram: total
    Peak at bin 126, Left Height: 7.90826, Right Height: 5.95437
    Peak at bin 178, Left Height: 1.71768, Right Height: 1.41681
    Peak at bin 235, Left Height: 0.617175, Right Height: 1.01078
    Peak at bin 268, Left Height: 0.650025, Right Height: 0.659738

Top total peaks (by true height): 126 178 268 

---- Saving Time info of muon and Michel candidates ----
[Saved] Muon time peak index: 126
        Intensity: 5.95437
[Saved] Michel time peak: 178
        Intensity: 1.41681


[132] Processing file: /Users/shuaixiangzhang/Work/current/FNAL_Work2024/michel_e/t0_tagging/pdhd_DATA_v2/t0_rootFiles/new20250808_MC/wvf_merged_applyCut_20250819/wvfFind_event2380_trackID17_opNum7_merged.root

Threshold for summed wvf: 0.3
Histogram: total
    Peak at bin 123, Left Height: 3.46661, Right Height: 1.89638
    Peak at bin 227, Left Height: 0.470565, Right Height: 0.364738
    Peak at bin 261, Left Height: 0.487499, Right Height: 0.857907
    Peak at bin 357, Left Height: 0.416565, Right Height: 0.306366
    Peak at bin 602, Left Height: 0.302073, Right Height: 0.328241

Top total peaks (by true height): 123 261 227 

---- Saving Time info of muon and Michel candidates ----
[Saved] Muon time peak index: 123
        Intensity: 1.89638
[Saved] Michel time peak: 261
        Intensity: 0.487499


[133] Processing file: /Users/shuaixiangzhang/Work/current/FNAL_Work2024/michel_e/t0_tagging/pdhd_DATA_v2/t0_rootFiles/new20250808_MC/wvf_merged_applyCut_20250819/wvfFind_event2386_trackID10_opNum9_merged.root

Threshold for summed wvf: 0.3
Histogram: total
    Peak at bin 126, Left Height: 10.6692, Right Height: 9.27641
    Peak at bin 155, Left Height: 1.39426, Right Height: 1.6986
    Peak at bin 222, Left Height: 0.405968, Right Height: 0.813005
    Peak at bin 264, Left Height: 0.651161, Right Height: 0.626285
    Peak at bin 319, Left Height: 0.751614, Right Height: 0.562089
    Peak at bin 447, Left Height: 0.363758, Right Height: 0.526177
    Peak at bin 530, Left Height: 0.343312, Right Height: 0.336357
    Peak at bin 566, Left Height: 1.36942, Right Height: 1.072
    Peak at bin 674, Left Height: 0.319922, Right Height: 0.374585

Top total peaks (by true height): 126 155 566 

---- Saving Time info of muon and Michel candidates ----
[Saved] Muon time peak index: 126
        Intensity: 9.27641
[Saved] Michel time peak: 155
        Intensity: 1.39426


[134] Processing file: /Users/shuaixiangzhang/Work/current/FNAL_Work2024/michel_e/t0_tagging/pdhd_DATA_v2/t0_rootFiles/new20250808_MC/wvf_merged_applyCut_20250819/wvfFind_event238_trackID9_opNum5_merged.root

Threshold for summed wvf: 0.3
Histogram: total
    Peak at bin 127, Left Height: 16.0545, Right Height: 12.9863
    Peak at bin 301, Left Height: 0.45496, Right Height: 0.588762
    Peak at bin 334, Left Height: 0.527474, Right Height: 0.659688
    Peak at bin 366, Left Height: 0.877702, Right Height: 1.17495

Top total peaks (by true height): 127 366 334 

---- Saving Time info of muon and Michel candidates ----
[Saved] Muon time peak index: 127
        Intensity: 12.9863
[Saved] Michel time peak: 366
        Intensity: 0.877702


[135] Processing file: /Users/shuaixiangzhang/Work/current/FNAL_Work2024/michel_e/t0_tagging/pdhd_DATA_v2/t0_rootFiles/new20250808_MC/wvf_merged_applyCut_20250819/wvfFind_event239_trackID20_opNum4_merged.root

Threshold for summed wvf: 0.3
Histogram: total
    Peak at bin 124, Left Height: 1.90321, Right Height: 1.12946

Top total peaks (by true height): 124 0 

---- Saving Time info of muon and Michel candidates ----
[Saved] Muon time peak index: 124
        Intensity: 1.12946
[Saved] Michel time peak: 0
        Intensity: 0


[136] Processing file: /Users/shuaixiangzhang/Work/current/FNAL_Work2024/michel_e/t0_tagging/pdhd_DATA_v2/t0_rootFiles/new20250808_MC/wvf_merged_applyCut_20250819/wvfFind_event2409_trackID10_opNum9_merged.root

Threshold for summed wvf: 0.3
Histogram: total
    Peak at bin 127, Left Height: 14.8673, Right Height: 12.736
    Peak at bin 225, Left Height: 2.35708, Right Height: 3.04539
    Peak at bin 262, Left Height: 0.870622, Right Height: 1.10959
    Peak at bin 287, Left Height: 0.543446, Right Height: 1.20628
    Peak at bin 382, Left Height: 0.664499, Right Height: 0.763364
    Peak at bin 518, Left Height: 0.414651, Right Height: 0.379594

Top total peaks (by true height): 127 225 262 

---- Saving Time info of muon and Michel candidates ----
[Saved] Muon time peak index: 127
        Intensity: 12.736
[Saved] Michel time peak: 225
        Intensity: 2.35708


[137] Processing file: /Users/shuaixiangzhang/Work/current/FNAL_Work2024/michel_e/t0_tagging/pdhd_DATA_v2/t0_rootFiles/new20250808_MC/wvf_merged_applyCut_20250819/wvfFind_event241_trackID14_opNum4_merged.root

Threshold for summed wvf: 0.3
Histogram: total
    Peak at bin 125, Left Height: 2.87731, Right Height: 2.14327
    Peak at bin 205, Left Height: 0.305279, Right Height: 0.406723

Top total peaks (by true height): 125 205 

---- Saving Time info of muon and Michel candidates ----
[Saved] Muon time peak index: 125
        Intensity: 2.14327
[Saved] Michel time peak: 205
        Intensity: 0.305279


[138] Processing file: /Users/shuaixiangzhang/Work/current/FNAL_Work2024/michel_e/t0_tagging/pdhd_DATA_v2/t0_rootFiles/new20250808_MC/wvf_merged_applyCut_20250819/wvfFind_event2422_trackID13_opNum8_merged.root

Threshold for summed wvf: 0.3
Histogram: total
    Peak at bin 12, Left Height: 8.16703, Right Height: 0.398122
    Peak at bin 125, Left Height: 10.7169, Right Height: 9.27429
    Peak at bin 168, Left Height: 0.998602, Right Height: 1.25088
    Peak at bin 258, Left Height: 1.11847, Right Height: 1.4075
    Peak at bin 296, Left Height: 1.01861, Right Height: 0.626476
    Peak at bin 347, Left Height: 3.65978, Right Height: 2.5897
    Peak at bin 413, Left Height: 1.27022, Right Height: 0.399809
    Peak at bin 520, Left Height: 215.87, Right Height: 202.628
    Peak at bin 591, Left Height: 2.84456, Right Height: 8.04584
    Peak at bin 628, Left Height: 0.354074, Right Height: 6.89523
    Peak at bin 683, Left Height: 2.33412, Right Height: 4.35223
    Peak at bin 720, Left Height: 0.427837, Right Height: 0.642805
    Peak at bin 767, Left Height: 0.742651, Right Height: 2.48776
    Peak at bin 824, Left Height: 2.25778, Right Height: 1.01929
    Peak at bin 889, Left Height: 3.05085, Right Height: 1.26961
    Peak at bin 930, Left Height: 2.91898, Right Height: 1.41167
    Peak at bin 991, Left Height: 0.938362, Right Height: 0.464726
    Peak at bin 1005, Left Height: 0.33296, Right Height: 17.8865

Top total peaks (by true height): 520 125 591 

---- Saving Time info of muon and Michel candidates ----
[Saved] Muon time peak index: 520
        Intensity: 202.628
[Saved] Michel time peak: 125
        Intensity: 9.27429


[139] Processing file: /Users/shuaixiangzhang/Work/current/FNAL_Work2024/michel_e/t0_tagging/pdhd_DATA_v2/t0_rootFiles/new20250808_MC/wvf_merged_applyCut_20250819/wvfFind_event2422_trackID23_opNum9_merged.root

Threshold for summed wvf: 0.3
Histogram: total
    Peak at bin 128, Left Height: 104.932, Right Height: 84.4409
    Peak at bin 156, Left Height: 3.2703, Right Height: 5.41257
    Peak at bin 254, Left Height: 1.82381, Right Height: 5.39614
    Peak at bin 289, Left Height: 1.05495, Right Height: 0.342277
    Peak at bin 325, Left Height: 1.03619, Right Height: 2.55964
    Peak at bin 362, Left Height: 1.54198, Right Height: 0.887457
    Peak at bin 382, Left Height: 0.733791, Right Height: 2.41663
    Peak at bin 436, Left Height: 1.01723, Right Height: 1.38069
    Peak at bin 503, Left Height: 0.581881, Right Height: 0.739936
    Peak at bin 538, Left Height: 0.818088, Right Height: 0.662764
    Peak at bin 598, Left Height: 0.775637, Right Height: 0.354104
    Peak at bin 668, Left Height: 0.370881, Right Height: 0.61921
    Peak at bin 703, Left Height: 0.379734, Right Height: 0.417413

Top total peaks (by true height): 128 156 254 

---- Saving Time info of muon and Michel candidates ----
[Saved] Muon time peak index: 128
        Intensity: 84.4409
[Saved] Michel time peak: 156
        Intensity: 3.2703


[140] Processing file: /Users/shuaixiangzhang/Work/current/FNAL_Work2024/michel_e/t0_tagging/pdhd_DATA_v2/t0_rootFiles/new20250808_MC/wvf_merged_applyCut_20250819/wvfFind_event2427_trackID12_opNum6_merged.root

Threshold for summed wvf: 0.3
Histogram: total
    Peak at bin 125, Left Height: 5.89775, Right Height: 5.80518
    Peak at bin 171, Left Height: 1.09473, Right Height: 1.244
    Peak at bin 277, Left Height: 0.834454, Right Height: 0.644146
    Peak at bin 336, Left Height: 0.677015, Right Height: 0.757711
    Peak at bin 494, Left Height: 0.402046, Right Height: 0.325321

Top total peaks (by true height): 125 171 336 

---- Saving Time info of muon and Michel candidates ----
[Saved] Muon time peak index: 125
        Intensity: 5.80518
[Saved] Michel time peak: 171
        Intensity: 1.09473


[141] Processing file: /Users/shuaixiangzhang/Work/current/FNAL_Work2024/michel_e/t0_tagging/pdhd_DATA_v2/t0_rootFiles/new20250808_MC/wvf_merged_applyCut_20250819/wvfFind_event2440_trackID2_opNum9_merged.root

Threshold for summed wvf: 0.3
Histogram: total
    Peak at bin 128, Left Height: 41.4726, Right Height: 28.7417
    Peak at bin 162, Left Height: 1.35289, Right Height: 5.13216
    Peak at bin 226, Left Height: 1.17612, Right Height: 3.71498
    Peak at bin 262, Left Height: 0.352038, Right Height: 0.464841
    Peak at bin 292, Left Height: 3.58713, Right Height: 3.86597
    Peak at bin 372, Left Height: 0.314987, Right Height: 0.913555
    Peak at bin 465, Left Height: 0.44786, Right Height: 0.476908
    Peak at bin 625, Left Height: 0.568207, Right Height: 0.443818

Top total peaks (by true height): 128 292 162 

---- Saving Time info of muon and Michel candidates ----
[Saved] Muon time peak index: 128
        Intensity: 28.7417
[Saved] Michel time peak: 292
        Intensity: 3.58713


[142] Processing file: /Users/shuaixiangzhang/Work/current/FNAL_Work2024/michel_e/t0_tagging/pdhd_DATA_v2/t0_rootFiles/new20250808_MC/wvf_merged_applyCut_20250819/wvfFind_event2466_trackID5_opNum6_merged.root

Threshold for summed wvf: 0.3
Histogram: total
    Peak at bin 125, Left Height: 8.36311, Right Height: 7.82707
    Peak at bin 174, Left Height: 0.815946, Right Height: 0.580797
    Peak at bin 240, Left Height: 0.597943, Right Height: 0.799157
    Peak at bin 313, Left Height: 2.08607, Right Height: 2.23697
    Peak at bin 366, Left Height: 0.91081, Right Height: 0.442949
    Peak at bin 490, Left Height: 0.669394, Right Height: 0.672421

Top total peaks (by true height): 125 313 490 

---- Saving Time info of muon and Michel candidates ----
[Saved] Muon time peak index: 125
        Intensity: 7.82707
[Saved] Michel time peak: 313
        Intensity: 2.08607


[143] Processing file: /Users/shuaixiangzhang/Work/current/FNAL_Work2024/michel_e/t0_tagging/pdhd_DATA_v2/t0_rootFiles/new20250808_MC/wvf_merged_applyCut_20250819/wvfFind_event2475_trackID0_opNum9_merged.root

Threshold for summed wvf: 0.3
Histogram: total
    Peak at bin 127, Left Height: 24.7892, Right Height: 19.5348
    Peak at bin 155, Left Height: 3.0495, Right Height: 5.26578
    Peak at bin 204, Left Height: 0.908221, Right Height: 1.76822
    Peak at bin 246, Left Height: 0.924433, Right Height: 1.69945
    Peak at bin 278, Left Height: 1.15763, Right Height: 0.574975
    Peak at bin 297, Left Height: 0.667244, Right Height: 1.80748
    Peak at bin 327, Left Height: 0.631158, Right Height: 0.547499
    Peak at bin 364, Left Height: 0.555102, Right Height: 0.441652
    Peak at bin 434, Left Height: 0.870841, Right Height: 0.8984

Top total peaks (by true height): 127 155 246 

---- Saving Time info of muon and Michel candidates ----
[Saved] Muon time peak index: 127
        Intensity: 19.5348
[Saved] Michel time peak: 155
        Intensity: 3.0495


[144] Processing file: /Users/shuaixiangzhang/Work/current/FNAL_Work2024/michel_e/t0_tagging/pdhd_DATA_v2/t0_rootFiles/new20250808_MC/wvf_merged_applyCut_20250819/wvfFind_event2485_trackID14_opNum9_merged.root

Threshold for summed wvf: 0.3
Histogram: total
    Peak at bin 127, Left Height: 20.4642, Right Height: 16.1161
    Peak at bin 190, Left Height: 0.321829, Right Height: 0.829837
    Peak at bin 266, Left Height: 1.35253, Right Height: 1.82648
    Peak at bin 299, Left Height: 0.788341, Right Height: 1.21649
    Peak at bin 335, Left Height: 3.5288, Right Height: 2.42013
    Peak at bin 407, Left Height: 0.401088, Right Height: 0.531598
    Peak at bin 440, Left Height: 0.897324, Right Height: 0.478297

Top total peaks (by true height): 127 335 266 

---- Saving Time info of muon and Michel candidates ----
[Saved] Muon time peak index: 127
        Intensity: 16.1161
[Saved] Michel time peak: 335
        Intensity: 2.42013


[145] Processing file: /Users/shuaixiangzhang/Work/current/FNAL_Work2024/michel_e/t0_tagging/pdhd_DATA_v2/t0_rootFiles/new20250808_MC/wvf_merged_applyCut_20250819/wvfFind_event2495_trackID28_opNum8_merged.root

Threshold for summed wvf: 0.3
Histogram: total
    Peak at bin 125, Left Height: 5.74207, Right Height: 5.43587
    Peak at bin 162, Left Height: 1.08113, Right Height: 0.758387
    Peak at bin 274, Left Height: 0.648745, Right Height: 1.11055
    Peak at bin 520, Left Height: 0.315914, Right Height: 0.458691

Top total peaks (by true height): 125 162 274 

---- Saving Time info of muon and Michel candidates ----
[Saved] Muon time peak index: 125
        Intensity: 5.43587
[Saved] Michel time peak: 162
        Intensity: 0.758387


[146] Processing file: /Users/shuaixiangzhang/Work/current/FNAL_Work2024/michel_e/t0_tagging/pdhd_DATA_v2/t0_rootFiles/new20250808_MC/wvf_merged_applyCut_20250819/wvfFind_event2498_trackID17_opNum9_merged.root

Threshold for summed wvf: 0.3
Histogram: total
    Peak at bin 126, Left Height: 14.2917, Right Height: 12.4344
    Peak at bin 158, Left Height: 1.41428, Right Height: 0.820905
    Peak at bin 227, Left Height: 1.38491, Right Height: 2.62344
    Peak at bin 330, Left Height: 0.996782, Right Height: 0.807425
    Peak at bin 381, Left Height: 0.43789, Right Height: 0.65607

Top total peaks (by true height): 126 227 158 

---- Saving Time info of muon and Michel candidates ----
[Saved] Muon time peak index: 126
        Intensity: 12.4344
[Saved] Michel time peak: 227
        Intensity: 1.38491


[147] Processing file: /Users/shuaixiangzhang/Work/current/FNAL_Work2024/michel_e/t0_tagging/pdhd_DATA_v2/t0_rootFiles/new20250808_MC/wvf_merged_applyCut_20250819/wvfFind_event2508_trackID19_opNum8_merged.root

Threshold for summed wvf: 0.3
Histogram: total
    Peak at bin 125, Left Height: 6.15893, Right Height: 5.07771
    Peak at bin 174, Left Height: 0.486374, Right Height: 0.687689
    Peak at bin 266, Left Height: 0.970002, Right Height: 1.20623
    Peak at bin 348, Left Height: 0.499296, Right Height: 0.448244
    Peak at bin 415, Left Height: 0.34193, Right Height: 0.34762

Top total peaks (by true height): 125 266 174 

---- Saving Time info of muon and Michel candidates ----
[Saved] Muon time peak index: 125
        Intensity: 5.07771
[Saved] Michel time peak: 266
        Intensity: 0.970002


[148] Processing file: /Users/shuaixiangzhang/Work/current/FNAL_Work2024/michel_e/t0_tagging/pdhd_DATA_v2/t0_rootFiles/new20250808_MC/wvf_merged_applyCut_20250819/wvfFind_event2508_trackID4_opNum9_merged.root

Threshold for summed wvf: 0.3
Histogram: total
    Peak at bin 128, Left Height: 38.8186, Right Height: 30.3535
    Peak at bin 170, Left Height: 1.75976, Right Height: 4.99827
    Peak at bin 282, Left Height: 0.937471, Right Height: 0.510241
    Peak at bin 324, Left Height: 0.346656, Right Height: 0.993836
    Peak at bin 495, Left Height: 0.373631, Right Height: 0.397667

Top total peaks (by true height): 128 170 282 

---- Saving Time info of muon and Michel candidates ----
[Saved] Muon time peak index: 128
        Intensity: 30.3535
[Saved] Michel time peak: 170
        Intensity: 1.75976


[149] Processing file: /Users/shuaixiangzhang/Work/current/FNAL_Work2024/michel_e/t0_tagging/pdhd_DATA_v2/t0_rootFiles/new20250808_MC/wvf_merged_applyCut_20250819/wvfFind_event2520_trackID8_opNum9_merged.root

Threshold for summed wvf: 0.3
Histogram: total
    Peak at bin 129, Left Height: 211.207, Right Height: 172.062
    Peak at bin 152, Left Height: 1.83609, Right Height: 34.6398
    Peak at bin 296, Left Height: 2.36063, Right Height: 5.0289
    Peak at bin 337, Left Height: 1.10971, Right Height: 1.56043
    Peak at bin 364, Left Height: 0.515694, Right Height: 2.97387
    Peak at bin 406, Left Height: 1.33546, Right Height: 1.11281
    Peak at bin 453, Left Height: 0.460875, Right Height: 0.581156
    Peak at bin 501, Left Height: 1.50608, Right Height: 1.83116
    Peak at bin 554, Left Height: 0.674581, Right Height: 0.492923
    Peak at bin 631, Left Height: 0.468604, Right Height: 0.436142
    Peak at bin 703, Left Height: 0.455507, Right Height: 0.591094
    Peak at bin 737, Left Height: 0.481553, Right Height: 0.735921
    Peak at bin 1020, Left Height: 1.96094, Right Height: 0.417934

Top total peaks (by true height): 129 296 152 

---- Saving Time info of muon and Michel candidates ----
[Saved] Muon time peak index: 129
        Intensity: 172.062
[Saved] Michel time peak: 296
        Intensity: 2.36063


[150] Processing file: /Users/shuaixiangzhang/Work/current/FNAL_Work2024/michel_e/t0_tagging/pdhd_DATA_v2/t0_rootFiles/new20250808_MC/wvf_merged_applyCut_20250819/wvfFind_event2522_trackID6_opNum9_merged.root

Threshold for summed wvf: 0.3
Histogram: total
    Peak at bin 125, Left Height: 6.91022, Right Height: 5.37847
    Peak at bin 213, Left Height: 0.840067, Right Height: 0.883698
    Peak at bin 241, Left Height: 1.21312, Right Height: 1.20965
    Peak at bin 283, Left Height: 0.454001, Right Height: 1.03851
    Peak at bin 333, Left Height: 0.62096, Right Height: 0.598131

Top total peaks (by true height): 125 241 213 

---- Saving Time info of muon and Michel candidates ----
[Saved] Muon time peak index: 125
        Intensity: 5.37847
[Saved] Michel time peak: 241
        Intensity: 1.20965


[151] Processing file: /Users/shuaixiangzhang/Work/current/FNAL_Work2024/michel_e/t0_tagging/pdhd_DATA_v2/t0_rootFiles/new20250808_MC/wvf_merged_applyCut_20250819/wvfFind_event2531_trackID1_opNum8_merged.root

Threshold for summed wvf: 0.3
Histogram: total
    Peak at bin 124, Left Height: 7.77367, Right Height: 6.62919
    Peak at bin 172, Left Height: 1.40705, Right Height: 1.74047
    Peak at bin 226, Left Height: 1.44171, Right Height: 1.1481
    Peak at bin 265, Left Height: 0.557768, Right Height: 1.0387
    Peak at bin 307, Left Height: 0.640912, Right Height: 0.544589
    Peak at bin 346, Left Height: 0.803552, Right Height: 0.552923

Top total peaks (by true height): 124 172 226 

---- Saving Time info of muon and Michel candidates ----
[Saved] Muon time peak index: 124
        Intensity: 6.62919
[Saved] Michel time peak: 172
        Intensity: 1.40705


[152] Processing file: /Users/shuaixiangzhang/Work/current/FNAL_Work2024/michel_e/t0_tagging/pdhd_DATA_v2/t0_rootFiles/new20250808_MC/wvf_merged_applyCut_20250819/wvfFind_event2539_trackID17_opNum9_merged.root

Threshold for summed wvf: 0.3
Histogram: total
    Peak at bin 127, Left Height: 16.6077, Right Height: 14.5427
    Peak at bin 158, Left Height: 2.41738, Right Height: 1.16726
    Peak at bin 220, Left Height: 1.43089, Right Height: 1.54772
    Peak at bin 282, Left Height: 1.00191, Right Height: 1.1727
    Peak at bin 330, Left Height: 0.534505, Right Height: 1.01796
    Peak at bin 385, Left Height: 0.717799, Right Height: 0.551119
    Peak at bin 409, Left Height: 0.356852, Right Height: 0.349914
    Peak at bin 432, Left Height: 0.326211, Right Height: 0.496978

Top total peaks (by true height): 127 220 158 

---- Saving Time info of muon and Michel candidates ----
[Saved] Muon time peak index: 127
        Intensity: 14.5427
[Saved] Michel time peak: 220
        Intensity: 1.43089


[153] Processing file: /Users/shuaixiangzhang/Work/current/FNAL_Work2024/michel_e/t0_tagging/pdhd_DATA_v2/t0_rootFiles/new20250808_MC/wvf_merged_applyCut_20250819/wvfFind_event2543_trackID10_opNum6_merged.root

Threshold for summed wvf: 0.3
Histogram: total
    Peak at bin 127, Left Height: 12.7506, Right Height: 7.91396
    Peak at bin 149, Left Height: 1.99104, Right Height: 3.48516
    Peak at bin 225, Left Height: 0.832173, Right Height: 1.02429
    Peak at bin 290, Left Height: 1.0956, Right Height: 1.72366
    Peak at bin 352, Left Height: 0.558074, Right Height: 0.608685
    Peak at bin 408, Left Height: 0.440545, Right Height: 0.425659
    Peak at bin 489, Left Height: 0.307385, Right Height: 0.452592
    Peak at bin 626, Left Height: 0.520964, Right Height: 0.522389
    Peak at bin 673, Left Height: 0.402969, Right Height: 0.399588

Top total peaks (by true height): 127 149 290 

---- Saving Time info of muon and Michel candidates ----
[Saved] Muon time peak index: 127
        Intensity: 7.91396
[Saved] Michel time peak: 149
        Intensity: 1.99104


[154] Processing file: /Users/shuaixiangzhang/Work/current/FNAL_Work2024/michel_e/t0_tagging/pdhd_DATA_v2/t0_rootFiles/new20250808_MC/wvf_merged_applyCut_20250819/wvfFind_event2546_trackID18_opNum9.root

Threshold for summed wvf: 0.3
Histogram: total
    Peak at bin 128, Left Height: 23.1044, Right Height: 20.9572
    Peak at bin 197, Left Height: 2.38932, Right Height: 2.27053
    Peak at bin 224, Left Height: 0.852096, Right Height: 1.6108
    Peak at bin 347, Left Height: 0.575477, Right Height: 1.17985
    Peak at bin 415, Left Height: 0.353992, Right Height: 0.61586
    Peak at bin 466, Left Height: 0.446678, Right Height: 0.519473

Top total peaks (by true height): 128 197 224 

---- Saving Time info of muon and Michel candidates ----
[Saved] Muon time peak index: 128
        Intensity: 20.9572
[Saved] Michel time peak: 197
        Intensity: 2.27053


[155] Processing file: /Users/shuaixiangzhang/Work/current/FNAL_Work2024/michel_e/t0_tagging/pdhd_DATA_v2/t0_rootFiles/new20250808_MC/wvf_merged_applyCut_20250819/wvfFind_event256_trackID3_opNum8_merged.root

Threshold for summed wvf: 0.3
Histogram: total
    Peak at bin 122, Left Height: 4.54214, Right Height: 4.72037
    Peak at bin 206, Left Height: 0.550374, Right Height: 0.555491
    Peak at bin 243, Left Height: 41.7373, Right Height: 35.3581
    Peak at bin 347, Left Height: 0.333965, Right Height: 0.656275
    Peak at bin 375, Left Height: 1.73562, Right Height: 2.73626
    Peak at bin 412, Left Height: 1.15809, Right Height: 2.12177
    Peak at bin 453, Left Height: 0.531125, Right Height: 1.19953
    Peak at bin 526, Left Height: 1.18128, Right Height: 1.48366
    Peak at bin 574, Left Height: 1.00907, Right Height: 0.920911
    Peak at bin 740, Left Height: 0.4426, Right Height: 0.511111

Top total peaks (by true height): 243 122 375 

---- Saving Time info of muon and Michel candidates ----
[Saved] Muon time peak index: 243
        Intensity: 35.3581
[Saved] Michel time peak: 122
        Intensity: 4.54214


[156] Processing file: /Users/shuaixiangzhang/Work/current/FNAL_Work2024/michel_e/t0_tagging/pdhd_DATA_v2/t0_rootFiles/new20250808_MC/wvf_merged_applyCut_20250819/wvfFind_event2577_trackID6_opNum4_merged.root

Threshold for summed wvf: 0.3
Histogram: total
    Peak at bin 123, Left Height: 1.94259, Right Height: 1.64262

Top total peaks (by true height): 123 0 

---- Saving Time info of muon and Michel candidates ----
[Saved] Muon time peak index: 123
        Intensity: 1.64262
[Saved] Michel time peak: 0
        Intensity: 0


[157] Processing file: /Users/shuaixiangzhang/Work/current/FNAL_Work2024/michel_e/t0_tagging/pdhd_DATA_v2/t0_rootFiles/new20250808_MC/wvf_merged_applyCut_20250819/wvfFind_event2594_trackID12_opNum9_merged.root

Threshold for summed wvf: 0.3
Histogram: total
    Peak at bin 127, Left Height: 18.7399, Right Height: 15.0997
    Peak at bin 204, Left Height: 0.613085, Right Height: 0.41571
    Peak at bin 245, Left Height: 10.0349, Right Height: 9.26248
    Peak at bin 358, Left Height: 1.49231, Right Height: 1.73781
    Peak at bin 414, Left Height: 1.85588, Right Height: 1.22487
    Peak at bin 473, Left Height: 0.674463, Right Height: 0.647588
    Peak at bin 505, Left Height: 0.615552, Right Height: 0.379218
    Peak at bin 543, Left Height: 0.362245, Right Height: 0.318908

Top total peaks (by true height): 127 245 358 

---- Saving Time info of muon and Michel candidates ----
[Saved] Muon time peak index: 127
        Intensity: 15.0997
[Saved] Michel time peak: 245
        Intensity: 9.26248


[158] Processing file: /Users/shuaixiangzhang/Work/current/FNAL_Work2024/michel_e/t0_tagging/pdhd_DATA_v2/t0_rootFiles/new20250808_MC/wvf_merged_applyCut_20250819/wvfFind_event2595_trackID18_opNum9_merged.root

Threshold for summed wvf: 0.3
Histogram: total
    Peak at bin 127, Left Height: 20.7298, Right Height: 17.8064
    Peak at bin 184, Left Height: 4.26546, Right Height: 4.89314
    Peak at bin 223, Left Height: 0.705647, Right Height: 1.94878
    Peak at bin 267, Left Height: 1.07144, Right Height: 1.93885
    Peak at bin 307, Left Height: 0.932661, Right Height: 0.469245
    Peak at bin 330, Left Height: 0.365701, Right Height: 1.23791
    Peak at bin 380, Left Height: 0.877919, Right Height: 0.858225
    Peak at bin 415, Left Height: 0.66304, Right Height: 0.57663
    Peak at bin 520, Left Height: 0.395716, Right Height: 0.511328

Top total peaks (by true height): 127 184 267 

---- Saving Time info of muon and Michel candidates ----
[Saved] Muon time peak index: 127
        Intensity: 17.8064
[Saved] Michel time peak: 184
        Intensity: 4.26546


[159] Processing file: /Users/shuaixiangzhang/Work/current/FNAL_Work2024/michel_e/t0_tagging/pdhd_DATA_v2/t0_rootFiles/new20250808_MC/wvf_merged_applyCut_20250819/wvfFind_event2604_trackID22_opNum5_merged.root

Threshold for summed wvf: 0.3
Histogram: total
    Peak at bin 125, Left Height: 3.14831, Right Height: 2.63275
    Peak at bin 347, Left Height: 0.541927, Right Height: 0.621932

Top total peaks (by true height): 125 347 

---- Saving Time info of muon and Michel candidates ----
[Saved] Muon time peak index: 125
        Intensity: 2.63275
[Saved] Michel time peak: 347
        Intensity: 0.541927


[160] Processing file: /Users/shuaixiangzhang/Work/current/FNAL_Work2024/michel_e/t0_tagging/pdhd_DATA_v2/t0_rootFiles/new20250808_MC/wvf_merged_applyCut_20250819/wvfFind_event2629_trackID14_opNum8_merged.root

Threshold for summed wvf: 0.3
Histogram: total
    Peak at bin 127, Left Height: 23.859, Right Height: 22.1986
    Peak at bin 168, Left Height: 1.06398, Right Height: 1.13187
    Peak at bin 192, Left Height: 0.3068, Right Height: 0.82638
    Peak at bin 260, Left Height: 1.37136, Right Height: 2.38801
    Peak at bin 309, Left Height: 0.322964, Right Height: 0.919718
    Peak at bin 341, Left Height: 0.518737, Right Height: 0.705894
    Peak at bin 377, Left Height: 0.654196, Right Height: 0.629728
    Peak at bin 405, Left Height: 0.656866, Right Height: 0.525505
    Peak at bin 446, Left Height: 0.51243, Right Height: 0.350844
    Peak at bin 500, Left Height: 0.562052, Right Height: 0.696941

Top total peaks (by true height): 127 260 168 

---- Saving Time info of muon and Michel candidates ----
[Saved] Muon time peak index: 127
        Intensity: 22.1986
[Saved] Michel time peak: 260
        Intensity: 1.37136


[161] Processing file: /Users/shuaixiangzhang/Work/current/FNAL_Work2024/michel_e/t0_tagging/pdhd_DATA_v2/t0_rootFiles/new20250808_MC/wvf_merged_applyCut_20250819/wvfFind_event2641_trackID12_opNum9_merged.root

Threshold for summed wvf: 0.3
Histogram: total
    Peak at bin 126, Left Height: 9.42956, Right Height: 7.9896
    Peak at bin 178, Left Height: 0.677707, Right Height: 0.543484
    Peak at bin 210, Left Height: 0.328124, Right Height: 0.327991
    Peak at bin 332, Left Height: 0.597337, Right Height: 0.699686
    Peak at bin 379, Left Height: 1.85073, Right Height: 1.46924
    Peak at bin 406, Left Height: 0.589308, Right Height: 0.608247
    Peak at bin 468, Left Height: 0.313839, Right Height: 0.378999

Top total peaks (by true height): 126 379 332 

---- Saving Time info of muon and Michel candidates ----
[Saved] Muon time peak index: 126
        Intensity: 7.9896
[Saved] Michel time peak: 379
        Intensity: 1.46924


[162] Processing file: /Users/shuaixiangzhang/Work/current/FNAL_Work2024/michel_e/t0_tagging/pdhd_DATA_v2/t0_rootFiles/new20250808_MC/wvf_merged_applyCut_20250819/wvfFind_event264_trackID15_opNum6_merged.root

Threshold for summed wvf: 0.3
Histogram: total
    Peak at bin 128, Left Height: 26.4626, Right Height: 24.322
    Peak at bin 179, Left Height: 0.434445, Right Height: 2.44573
    Peak at bin 222, Left Height: 1.56476, Right Height: 2.80624
    Peak at bin 258, Left Height: 1.21176, Right Height: 0.740214
    Peak at bin 281, Left Height: 0.401619, Right Height: 1.28023
    Peak at bin 338, Left Height: 0.372645, Right Height: 0.864857
    Peak at bin 377, Left Height: 0.962502, Right Height: 0.321947
    Peak at bin 404, Left Height: 0.474651, Right Height: 1.06759
    Peak at bin 480, Left Height: 0.534275, Right Height: 0.373113
    Peak at bin 511, Left Height: 0.640677, Right Height: 0.53149

Top total peaks (by true height): 128 222 258 

---- Saving Time info of muon and Michel candidates ----
[Saved] Muon time peak index: 128
        Intensity: 24.322
[Saved] Michel time peak: 222
        Intensity: 1.56476


[163] Processing file: /Users/shuaixiangzhang/Work/current/FNAL_Work2024/michel_e/t0_tagging/pdhd_DATA_v2/t0_rootFiles/new20250808_MC/wvf_merged_applyCut_20250819/wvfFind_event2661_trackID25_opNum9_merged.root

Threshold for summed wvf: 0.3
Histogram: total
    Peak at bin 129, Left Height: 65.7663, Right Height: 50.5943
    Peak at bin 189, Left Height: 1.8922, Right Height: 8.39406
    Peak at bin 239, Left Height: 0.816277, Right Height: 4.003
    Peak at bin 388, Left Height: 0.793946, Right Height: 1.05561
    Peak at bin 420, Left Height: 0.309208, Right Height: 0.554237

Top total peaks (by true height): 129 189 239 

---- Saving Time info of muon and Michel candidates ----
[Saved] Muon time peak index: 129
        Intensity: 50.5943
[Saved] Michel time peak: 189
        Intensity: 1.8922


[164] Processing file: /Users/shuaixiangzhang/Work/current/FNAL_Work2024/michel_e/t0_tagging/pdhd_DATA_v2/t0_rootFiles/new20250808_MC/wvf_merged_applyCut_20250819/wvfFind_event2664_trackID6_opNum8_merged.root

Threshold for summed wvf: 0.3
Histogram: total
    Peak at bin 125, Left Height: 11.3878, Right Height: 8.51043
    Peak at bin 147, Left Height: 0.495544, Right Height: 2.09782
    Peak at bin 193, Left Height: 0.466097, Right Height: 0.33884
    Peak at bin 258, Left Height: 0.682884, Right Height: 1.50319
    Peak at bin 323, Left Height: 0.851056, Right Height: 0.863907
    Peak at bin 356, Left Height: 0.345578, Right Height: 0.30535
    Peak at bin 408, Left Height: 0.453941, Right Height: 0.407665
    Peak at bin 477, Left Height: 0.363742, Right Height: 0.309103
    Peak at bin 618, Left Height: 0.305944, Right Height: 0.347317

Top total peaks (by true height): 125 323 258 

---- Saving Time info of muon and Michel candidates ----
[Saved] Muon time peak index: 125
        Intensity: 8.51043
[Saved] Michel time peak: 323
        Intensity: 0.851056


[165] Processing file: /Users/shuaixiangzhang/Work/current/FNAL_Work2024/michel_e/t0_tagging/pdhd_DATA_v2/t0_rootFiles/new20250808_MC/wvf_merged_applyCut_20250819/wvfFind_event2667_trackID25_opNum4_merged.root

Threshold for summed wvf: 0.3
Histogram: total
    Peak at bin 122, Left Height: 1.95455, Right Height: 1.80449
    Peak at bin 169, Left Height: 0.41262, Right Height: 0.722078
    Peak at bin 208, Left Height: 0.721221, Right Height: 0.508507

Top total peaks (by true height): 122 208 169 

---- Saving Time info of muon and Michel candidates ----
[Saved] Muon time peak index: 122
        Intensity: 1.80449
[Saved] Michel time peak: 208
        Intensity: 0.508507


[166] Processing file: /Users/shuaixiangzhang/Work/current/FNAL_Work2024/michel_e/t0_tagging/pdhd_DATA_v2/t0_rootFiles/new20250808_MC/wvf_merged_applyCut_20250819/wvfFind_event2668_trackID13_opNum5_merged.root

Threshold for summed wvf: 0.3
Histogram: total
    Peak at bin 124, Left Height: 2.89214, Right Height: 2.60383
    Peak at bin 162, Left Height: 0.757791, Right Height: 0.687341
    Peak at bin 195, Left Height: 0.56584, Right Height: 0.758754
    Peak at bin 288, Left Height: 0.321523, Right Height: 0.576175
    Peak at bin 418, Left Height: 0.347255, Right Height: 0.373039

Top total peaks (by true height): 124 162 195 

---- Saving Time info of muon and Michel candidates ----
[Saved] Muon time peak index: 124
        Intensity: 2.60383
[Saved] Michel time peak: 162
        Intensity: 0.687341


[167] Processing file: /Users/shuaixiangzhang/Work/current/FNAL_Work2024/michel_e/t0_tagging/pdhd_DATA_v2/t0_rootFiles/new20250808_MC/wvf_merged_applyCut_20250819/wvfFind_event2672_trackID15_opNum5_merged.root

Threshold for summed wvf: 0.3
Histogram: total
    Peak at bin 125, Left Height: 3.27755, Right Height: 2.52104
    Peak at bin 244, Left Height: 0.972929, Right Height: 1.14011
    Peak at bin 274, Left Height: 0.457453, Right Height: 0.331212

Top total peaks (by true height): 125 244 274 

---- Saving Time info of muon and Michel candidates ----
[Saved] Muon time peak index: 125
        Intensity: 2.52104
[Saved] Michel time peak: 244
        Intensity: 0.972929


[168] Processing file: /Users/shuaixiangzhang/Work/current/FNAL_Work2024/michel_e/t0_tagging/pdhd_DATA_v2/t0_rootFiles/new20250808_MC/wvf_merged_applyCut_20250819/wvfFind_event2679_trackID10_opNum9_merged.root

Threshold for summed wvf: 0.3
Histogram: total
    Peak at bin 127, Left Height: 15.7379, Right Height: 13.3326
    Peak at bin 163, Left Height: 1.00304, Right Height: 1.87491
    Peak at bin 265, Left Height: 0.587011, Right Height: 0.895532
    Peak at bin 302, Left Height: 0.952891, Right Height: 0.928024
    Peak at bin 337, Left Height: 0.399924, Right Height: 0.744491
    Peak at bin 442, Left Height: 0.480021, Right Height: 0.441657
    Peak at bin 474, Left Height: 0.521871, Right Height: 0.406506

Top total peaks (by true height): 127 163 302 

---- Saving Time info of muon and Michel candidates ----
[Saved] Muon time peak index: 127
        Intensity: 13.3326
[Saved] Michel time peak: 163
        Intensity: 1.00304


[169] Processing file: /Users/shuaixiangzhang/Work/current/FNAL_Work2024/michel_e/t0_tagging/pdhd_DATA_v2/t0_rootFiles/new20250808_MC/wvf_merged_applyCut_20250819/wvfFind_event2682_trackID23_opNum6_merged.root

Threshold for summed wvf: 0.3
Histogram: total
    Peak at bin 128, Left Height: 48.0756, Right Height: 40.5555
    Peak at bin 189, Left Height: 0.926284, Right Height: 2.03259
    Peak at bin 242, Left Height: 1.12315, Right Height: 1.6333
    Peak at bin 270, Left Height: 0.62297, Right Height: 2.23888
    Peak at bin 363, Left Height: 10.6481, Right Height: 10.5985
    Peak at bin 464, Left Height: 0.348668, Right Height: 1.15768
    Peak at bin 539, Left Height: 0.392917, Right Height: 0.370064

Top total peaks (by true height): 128 363 242 

---- Saving Time info of muon and Michel candidates ----
[Saved] Muon time peak index: 128
        Intensity: 40.5555
[Saved] Michel time peak: 363
        Intensity: 10.5985


[170] Processing file: /Users/shuaixiangzhang/Work/current/FNAL_Work2024/michel_e/t0_tagging/pdhd_DATA_v2/t0_rootFiles/new20250808_MC/wvf_merged_applyCut_20250819/wvfFind_event2683_trackID8_opNum6_merged.root

Threshold for summed wvf: 0.3
Histogram: total
    Peak at bin 127, Left Height: 6.43828, Right Height: 5.36067
    Peak at bin 211, Left Height: 0.747271, Right Height: 0.777857

Top total peaks (by true height): 127 211 

---- Saving Time info of muon and Michel candidates ----
[Saved] Muon time peak index: 127
        Intensity: 5.36067
[Saved] Michel time peak: 211
        Intensity: 0.747271


[171] Processing file: /Users/shuaixiangzhang/Work/current/FNAL_Work2024/michel_e/t0_tagging/pdhd_DATA_v2/t0_rootFiles/new20250808_MC/wvf_merged_applyCut_20250819/wvfFind_event2692_trackID6_opNum9_merged.root

Threshold for summed wvf: 0.3
Histogram: total
    Peak at bin 128, Left Height: 34.6954, Right Height: 23.9993
    Peak at bin 208, Left Height: 0.551903, Right Height: 1.69155
    Peak at bin 260, Left Height: 0.937182, Right Height: 2.41024
    Peak at bin 378, Left Height: 0.434459, Right Height: 0.755928
    Peak at bin 486, Left Height: 0.42455, Right Height: 0.349456

Top total peaks (by true height): 128 260 208 

---- Saving Time info of muon and Michel candidates ----
[Saved] Muon time peak index: 128
        Intensity: 23.9993
[Saved] Michel time peak: 260
        Intensity: 0.937182


[172] Processing file: /Users/shuaixiangzhang/Work/current/FNAL_Work2024/michel_e/t0_tagging/pdhd_DATA_v2/t0_rootFiles/new20250808_MC/wvf_merged_applyCut_20250819/wvfFind_event2693_trackID4_opNum5_merged.root

Threshold for summed wvf: 0.3
Histogram: total
    Peak at bin 126, Left Height: 7.85414, Right Height: 7.69585
    Peak at bin 167, Left Height: 1.31563, Right Height: 1.40879
    Peak at bin 278, Left Height: 0.841679, Right Height: 0.850504
    Peak at bin 333, Left Height: 0.32928, Right Height: 0.446755

Top total peaks (by true height): 126 167 278 

---- Saving Time info of muon and Michel candidates ----
[Saved] Muon time peak index: 126
        Intensity: 7.69585
[Saved] Michel time peak: 167
        Intensity: 1.31563


[173] Processing file: /Users/shuaixiangzhang/Work/current/FNAL_Work2024/michel_e/t0_tagging/pdhd_DATA_v2/t0_rootFiles/new20250808_MC/wvf_merged_applyCut_20250819/wvfFind_event2697_trackID12_opNum9_merged.root

Threshold for summed wvf: 0.3
Histogram: total
    Peak at bin 128, Left Height: 22.1612, Right Height: 17.5384
    Peak at bin 157, Left Height: 5.46708, Right Height: 7.02732
    Peak at bin 204, Left Height: 0.449315, Right Height: 1.18323
    Peak at bin 297, Left Height: 0.54654, Right Height: 0.730856
    Peak at bin 331, Left Height: 0.77242, Right Height: 0.79562
    Peak at bin 355, Left Height: 0.67385, Right Height: 0.450103
    Peak at bin 442, Left Height: 0.36835, Right Height: 0.54523

Top total peaks (by true height): 128 157 331 

---- Saving Time info of muon and Michel candidates ----
[Saved] Muon time peak index: 128
        Intensity: 17.5384
[Saved] Michel time peak: 157
        Intensity: 5.46708


[174] Processing file: /Users/shuaixiangzhang/Work/current/FNAL_Work2024/michel_e/t0_tagging/pdhd_DATA_v2/t0_rootFiles/new20250808_MC/wvf_merged_applyCut_20250819/wvfFind_event2720_trackID15_opNum6_merged.root

Threshold for summed wvf: 0.3
Histogram: total
    Peak at bin 125, Left Height: 3.41389, Right Height: 2.33098
    Peak at bin 148, Left Height: 0.372306, Right Height: 0.598943
    Peak at bin 217, Left Height: 0.394745, Right Height: 0.511953
    Peak at bin 279, Left Height: 0.412519, Right Height: 0.443735

Top total peaks (by true height): 125 279 217 

---- Saving Time info of muon and Michel candidates ----
[Saved] Muon time peak index: 125
        Intensity: 2.33098
[Saved] Michel time peak: 279
        Intensity: 0.412519


[175] Processing file: /Users/shuaixiangzhang/Work/current/FNAL_Work2024/michel_e/t0_tagging/pdhd_DATA_v2/t0_rootFiles/new20250808_MC/wvf_merged_applyCut_20250819/wvfFind_event2746_trackID9_opNum9_merged.root

Threshold for summed wvf: 0.3
Histogram: total
    Peak at bin 127, Left Height: 19.817, Right Height: 15.1497
    Peak at bin 154, Left Height: 2.3696, Right Height: 4.85662
    Peak at bin 186, Left Height: 0.706, Right Height: 1.25071
    Peak at bin 220, Left Height: 1.09942, Right Height: 1.14935
    Peak at bin 301, Left Height: 0.68747, Right Height: 1.06159

Top total peaks (by true height): 127 154 220 

---- Saving Time info of muon and Michel candidates ----
[Saved] Muon time peak index: 127
        Intensity: 15.1497
[Saved] Michel time peak: 154
        Intensity: 2.3696


[176] Processing file: /Users/shuaixiangzhang/Work/current/FNAL_Work2024/michel_e/t0_tagging/pdhd_DATA_v2/t0_rootFiles/new20250808_MC/wvf_merged_applyCut_20250819/wvfFind_event2747_trackID27_opNum7_merged.root

Threshold for summed wvf: 0.3
Histogram: total
    Peak at bin 125, Left Height: 4.03242, Right Height: 3.57771
    Peak at bin 218, Left Height: 0.413656, Right Height: 0.39903
    Peak at bin 389, Left Height: 0.560217, Right Height: 0.648099

Top total peaks (by true height): 125 389 218 

---- Saving Time info of muon and Michel candidates ----
[Saved] Muon time peak index: 125
        Intensity: 3.57771
[Saved] Michel time peak: 389
        Intensity: 0.560217


[177] Processing file: /Users/shuaixiangzhang/Work/current/FNAL_Work2024/michel_e/t0_tagging/pdhd_DATA_v2/t0_rootFiles/new20250808_MC/wvf_merged_applyCut_20250819/wvfFind_event2753_trackID21_opNum6_merged.root

Threshold for summed wvf: 0.3
Histogram: total
    Peak at bin 125, Left Height: 7.03908, Right Height: 5.7332
    Peak at bin 181, Left Height: 0.437646, Right Height: 0.300384
    Peak at bin 207, Left Height: 1.04507, Right Height: 1.88763
    Peak at bin 251, Left Height: 0.333003, Right Height: 0.754713
    Peak at bin 281, Left Height: 0.840505, Right Height: 0.747333

Top total peaks (by true height): 125 207 281 

---- Saving Time info of muon and Michel candidates ----
[Saved] Muon time peak index: 125
        Intensity: 5.7332
[Saved] Michel time peak: 207
        Intensity: 1.04507


[178] Processing file: /Users/shuaixiangzhang/Work/current/FNAL_Work2024/michel_e/t0_tagging/pdhd_DATA_v2/t0_rootFiles/new20250808_MC/wvf_merged_applyCut_20250819/wvfFind_event2768_trackID0_opNum9_merged.root

Threshold for summed wvf: 0.3
Histogram: total
    Peak at bin 129, Left Height: 151.696, Right Height: 125.355
    Peak at bin 312, Left Height: 0.602747, Right Height: 5.78405
    Peak at bin 364, Left Height: 1.37992, Right Height: 3.1278
    Peak at bin 424, Left Height: 0.691867, Right Height: 1.87963
    Peak at bin 535, Left Height: 0.600483, Right Height: 0.937831
    Peak at bin 759, Left Height: 0.317112, Right Height: 0.339138

Top total peaks (by true height): 129 364 424 

---- Saving Time info of muon and Michel candidates ----
[Saved] Muon time peak index: 129
        Intensity: 125.355
[Saved] Michel time peak: 364
        Intensity: 1.37992


[179] Processing file: /Users/shuaixiangzhang/Work/current/FNAL_Work2024/michel_e/t0_tagging/pdhd_DATA_v2/t0_rootFiles/new20250808_MC/wvf_merged_applyCut_20250819/wvfFind_event2771_trackID10_opNum9_merged.root

Threshold for summed wvf: 0.3
Histogram: total
    Peak at bin 126, Left Height: 12.1604, Right Height: 10.6268
    Peak at bin 173, Left Height: 0.579713, Right Height: 0.670468
    Peak at bin 245, Left Height: 0.537396, Right Height: 1.44667
    Peak at bin 340, Left Height: 0.534069, Right Height: 0.659762
    Peak at bin 607, Left Height: 0.362484, Right Height: 0.337562

Top total peaks (by true height): 126 173 245 

---- Saving Time info of muon and Michel candidates ----
[Saved] Muon time peak index: 126
        Intensity: 10.6268
[Saved] Michel time peak: 173
        Intensity: 0.579713


[180] Processing file: /Users/shuaixiangzhang/Work/current/FNAL_Work2024/michel_e/t0_tagging/pdhd_DATA_v2/t0_rootFiles/new20250808_MC/wvf_merged_applyCut_20250819/wvfFind_event2788_trackID6_opNum8_merged.root

Threshold for summed wvf: 0.3
Histogram: total
    Peak at bin 127, Left Height: 23.9294, Right Height: 19.0443
    Peak at bin 149, Left Height: 3.41778, Right Height: 8.05444
    Peak at bin 213, Left Height: 2.50858, Right Height: 2.2706
    Peak at bin 238, Left Height: 0.505968, Right Height: 0.551373
    Peak at bin 264, Left Height: 0.3969, Right Height: 0.615401
    Peak at bin 283, Left Height: 0.428422, Right Height: 0.863026
    Peak at bin 318, Left Height: 0.567823, Right Height: 0.826326
    Peak at bin 453, Left Height: 0.481011, Right Height: 0.368999
    Peak at bin 526, Left Height: 15.1905, Right Height: 13.8156
    Peak at bin 564, Left Height: 1.00126, Right Height: 1.71257
    Peak at bin 608, Left Height: 1.15405, Right Height: 1.12504
    Peak at bin 636, Left Height: 0.35701, Right Height: 0.631847
    Peak at bin 656, Left Height: 0.622904, Right Height: 0.776196
    Peak at bin 682, Left Height: 0.733784, Right Height: 0.675546
    Peak at bin 785, Left Height: 5.63226, Right Height: 4.37492
    Peak at bin 844, Left Height: 1.22198, Right Height: 1.07189
    Peak at bin 873, Left Height: 0.673099, Right Height: 0.829614
    Peak at bin 908, Left Height: 0.526153, Right Height: 0.453389

Top total peaks (by true height): 127 526 785 

---- Saving Time info of muon and Michel candidates ----
[Saved] Muon time peak index: 127
        Intensity: 19.0443
[Saved] Michel time peak: 526
        Intensity: 13.8156


[181] Processing file: /Users/shuaixiangzhang/Work/current/FNAL_Work2024/michel_e/t0_tagging/pdhd_DATA_v2/t0_rootFiles/new20250808_MC/wvf_merged_applyCut_20250819/wvfFind_event2807_trackID8_opNum9_merged.root

Threshold for summed wvf: 0.3
Histogram: total
    Peak at bin 127, Left Height: 12.9768, Right Height: 9.2328
    Peak at bin 248, Left Height: 0.404163, Right Height: 1.62101
    Peak at bin 868, Left Height: 0.875054, Right Height: 0.546076

Top total peaks (by true height): 127 868 248 

---- Saving Time info of muon and Michel candidates ----
[Saved] Muon time peak index: 127
        Intensity: 9.2328
[Saved] Michel time peak: 868
        Intensity: 0.546076


[182] Processing file: /Users/shuaixiangzhang/Work/current/FNAL_Work2024/michel_e/t0_tagging/pdhd_DATA_v2/t0_rootFiles/new20250808_MC/wvf_merged_applyCut_20250819/wvfFind_event285_trackID14_opNum5_merged.root

Threshold for summed wvf: 0.3
Histogram: total
    Peak at bin 90, Left Height: 0.901592, Right Height: 0.889542
    Peak at bin 124, Left Height: 3.15873, Right Height: 2.52389
    Peak at bin 229, Left Height: 0.595188, Right Height: 0.552754
    Peak at bin 290, Left Height: 0.334371, Right Height: 0.488459
    Peak at bin 326, Left Height: 0.341649, Right Height: 0.425576

Top total peaks (by true height): 124 90 229 

---- Saving Time info of muon and Michel candidates ----
[Saved] Muon time peak index: 124
        Intensity: 2.52389
[Saved] Michel time peak: 90
        Intensity: 0.889542


[183] Processing file: /Users/shuaixiangzhang/Work/current/FNAL_Work2024/michel_e/t0_tagging/pdhd_DATA_v2/t0_rootFiles/new20250808_MC/wvf_merged_applyCut_20250819/wvfFind_event2869_trackID19_opNum9_merged.root

Threshold for summed wvf: 0.3
Histogram: total
    Peak at bin 128, Left Height: 164.496, Right Height: 137.972
    Peak at bin 166, Left Height: 2.6141, Right Height: 11.2592
    Peak at bin 272, Left Height: 1.12645, Right Height: 4.17671
    Peak at bin 301, Left Height: 1.33633, Right Height: 5.44034
    Peak at bin 340, Left Height: 2.22704, Right Height: 0.308079
    Peak at bin 360, Left Height: 1.71071, Right Height: 1.89757
    Peak at bin 417, Left Height: 0.939771, Right Height: 0.795736
    Peak at bin 450, Left Height: 2.64982, Right Height: 2.64771
    Peak at bin 492, Left Height: 0.42713, Right Height: 0.938293
    Peak at bin 572, Left Height: 5.49882, Right Height: 5.24074
    Peak at bin 621, Left Height: 1.50072, Right Height: 0.920421
    Peak at bin 661, Left Height: 0.768524, Right Height: 0.539124
    Peak at bin 703, Left Height: 0.8088, Right Height: 1.74382
    Peak at bin 855, Left Height: 0.43121, Right Height: 0.411161
    Peak at bin 1020, Left Height: 1.94942, Right Height: 0.490202

Top total peaks (by true height): 128 572 450 

---- Saving Time info of muon and Michel candidates ----
[Saved] Muon time peak index: 128
        Intensity: 137.972
[Saved] Michel time peak: 572
        Intensity: 5.24074


[184] Processing file: /Users/shuaixiangzhang/Work/current/FNAL_Work2024/michel_e/t0_tagging/pdhd_DATA_v2/t0_rootFiles/new20250808_MC/wvf_merged_applyCut_20250819/wvfFind_event2875_trackID13_opNum5_merged.root

Threshold for summed wvf: 0.3
Histogram: total
    Peak at bin 121, Left Height: 2.10353, Right Height: 1.69693
    Peak at bin 249, Left Height: 0.391351, Right Height: 0.390892

Top total peaks (by true height): 121 249 

---- Saving Time info of muon and Michel candidates ----
[Saved] Muon time peak index: 121
        Intensity: 1.69693
[Saved] Michel time peak: 249
        Intensity: 0.390892


[185] Processing file: /Users/shuaixiangzhang/Work/current/FNAL_Work2024/michel_e/t0_tagging/pdhd_DATA_v2/t0_rootFiles/new20250808_MC/wvf_merged_applyCut_20250819/wvfFind_event2877_trackID4_opNum7_merged.root

Threshold for summed wvf: 0.3
Histogram: total
    Peak at bin 125, Left Height: 5.89528, Right Height: 5.40168
    Peak at bin 201, Left Height: 1.03306, Right Height: 1.63533
    Peak at bin 245, Left Height: 0.841972, Right Height: 0.856452
    Peak at bin 564, Left Height: 0.363362, Right Height: 0.353288

Top total peaks (by true height): 125 201 245 

---- Saving Time info of muon and Michel candidates ----
[Saved] Muon time peak index: 125
        Intensity: 5.40168
[Saved] Michel time peak: 201
        Intensity: 1.03306


[186] Processing file: /Users/shuaixiangzhang/Work/current/FNAL_Work2024/michel_e/t0_tagging/pdhd_DATA_v2/t0_rootFiles/new20250808_MC/wvf_merged_applyCut_20250819/wvfFind_event2893_trackID7_opNum8_merged.root

Threshold for summed wvf: 0.3
Histogram: total
    Peak at bin 126, Left Height: 9.66743, Right Height: 8.64955
    Peak at bin 177, Left Height: 0.729763, Right Height: 0.897643
    Peak at bin 216, Left Height: 0.706788, Right Height: 1.43006
    Peak at bin 270, Left Height: 0.412626, Right Height: 0.870521
    Peak at bin 325, Left Height: 2.58055, Right Height: 2.24636
    Peak at bin 361, Left Height: 0.478463, Right Height: 0.666397
    Peak at bin 389, Left Height: 0.384764, Right Height: 0.479057
    Peak at bin 497, Left Height: 0.54047, Right Height: 0.382438
    Peak at bin 557, Left Height: 0.337545, Right Height: 0.34343

Top total peaks (by true height): 126 325 177 

---- Saving Time info of muon and Michel candidates ----
[Saved] Muon time peak index: 126
        Intensity: 8.64955
[Saved] Michel time peak: 325
        Intensity: 2.24636


[187] Processing file: /Users/shuaixiangzhang/Work/current/FNAL_Work2024/michel_e/t0_tagging/pdhd_DATA_v2/t0_rootFiles/new20250808_MC/wvf_merged_applyCut_20250819/wvfFind_event2903_trackID10_opNum9_merged.root

Threshold for summed wvf: 0.3
Histogram: total
    Peak at bin 128, Left Height: 35.355, Right Height: 26.2103
    Peak at bin 232, Left Height: 0.488848, Right Height: 2.51383
    Peak at bin 298, Left Height: 0.859979, Right Height: 1.52201
    Peak at bin 361, Left Height: 0.343866, Right Height: 0.889548
    Peak at bin 420, Left Height: 0.399789, Right Height: 0.585864
    Peak at bin 458, Left Height: 0.322127, Right Height: 0.635924
    Peak at bin 544, Left Height: 0.321777, Right Height: 0.369757

Top total peaks (by true height): 128 298 232 

---- Saving Time info of muon and Michel candidates ----
[Saved] Muon time peak index: 128
        Intensity: 26.2103
[Saved] Michel time peak: 298
        Intensity: 0.859979


[188] Processing file: /Users/shuaixiangzhang/Work/current/FNAL_Work2024/michel_e/t0_tagging/pdhd_DATA_v2/t0_rootFiles/new20250808_MC/wvf_merged_applyCut_20250819/wvfFind_event2907_trackID14_opNum7_merged.root

Threshold for summed wvf: 0.3
Histogram: total
    Peak at bin 125, Left Height: 4.82422, Right Height: 3.77039
    Peak at bin 352, Left Height: 0.728883, Right Height: 0.598888

Top total peaks (by true height): 125 352 

---- Saving Time info of muon and Michel candidates ----
[Saved] Muon time peak index: 125
        Intensity: 3.77039
[Saved] Michel time peak: 352
        Intensity: 0.598888


[189] Processing file: /Users/shuaixiangzhang/Work/current/FNAL_Work2024/michel_e/t0_tagging/pdhd_DATA_v2/t0_rootFiles/new20250808_MC/wvf_merged_applyCut_20250819/wvfFind_event2940_trackID9_opNum6_merged.root

Threshold for summed wvf: 0.3
Histogram: total
    Peak at bin 124, Left Height: 3.34494, Right Height: 2.91991

Top total peaks (by true height): 124 0 

---- Saving Time info of muon and Michel candidates ----
[Saved] Muon time peak index: 124
        Intensity: 2.91991
[Saved] Michel time peak: 0
        Intensity: 0


[190] Processing file: /Users/shuaixiangzhang/Work/current/FNAL_Work2024/michel_e/t0_tagging/pdhd_DATA_v2/t0_rootFiles/new20250808_MC/wvf_merged_applyCut_20250819/wvfFind_event295_trackID8_opNum9_merged.root

Threshold for summed wvf: 0.3
Histogram: total
    Peak at bin 126, Left Height: 14.1341, Right Height: 10.6237
    Peak at bin 158, Left Height: 0.740318, Right Height: 3.44692
    Peak at bin 278, Left Height: 0.87883, Right Height: 1.82659
    Peak at bin 314, Left Height: 1.09495, Right Height: 0.344245
    Peak at bin 522, Left Height: 0.407466, Right Height: 0.476946

Top total peaks (by true height): 126 278 158 

---- Saving Time info of muon and Michel candidates ----
[Saved] Muon time peak index: 126
        Intensity: 10.6237
[Saved] Michel time peak: 278
        Intensity: 0.87883


[191] Processing file: /Users/shuaixiangzhang/Work/current/FNAL_Work2024/michel_e/t0_tagging/pdhd_DATA_v2/t0_rootFiles/new20250808_MC/wvf_merged_applyCut_20250819/wvfFind_event2975_trackID2_opNum9_merged.root

Threshold for summed wvf: 0.3
Histogram: total
    Peak at bin 128, Left Height: 56.1717, Right Height: 47.1812
    Peak at bin 156, Left Height: 2.03967, Right Height: 1.87531
    Peak at bin 179, Left Height: 6.47689, Right Height: 9.86384
    Peak at bin 222, Left Height: 0.477445, Right Height: 2.85991
    Peak at bin 254, Left Height: 0.781656, Right Height: 4.0505
    Peak at bin 316, Left Height: 2.69374, Right Height: 2.51661
    Peak at bin 353, Left Height: 0.623592, Right Height: 0.610241
    Peak at bin 421, Left Height: 0.355084, Right Height: 0.386695
    Peak at bin 492, Left Height: 0.575068, Right Height: 0.755883
    Peak at bin 561, Left Height: 0.436188, Right Height: 0.4052
    Peak at bin 622, Left Height: 0.472387, Right Height: 0.381937

Top total peaks (by true height): 128 179 316 

---- Saving Time info of muon and Michel candidates ----
[Saved] Muon time peak index: 128
        Intensity: 47.1812
[Saved] Michel time peak: 179
        Intensity: 6.47689


[192] Processing file: /Users/shuaixiangzhang/Work/current/FNAL_Work2024/michel_e/t0_tagging/pdhd_DATA_v2/t0_rootFiles/new20250808_MC/wvf_merged_applyCut_20250819/wvfFind_event2997_trackID7_opNum6_merged.root

Threshold for summed wvf: 0.3
Histogram: total
    Peak at bin 126, Left Height: 6.83717, Right Height: 5.23363
    Peak at bin 214, Left Height: 0.780751, Right Height: 0.723206
    Peak at bin 269, Left Height: 0.572643, Right Height: 0.911128

Top total peaks (by true height): 126 214 269 

---- Saving Time info of muon and Michel candidates ----
[Saved] Muon time peak index: 126
        Intensity: 5.23363
[Saved] Michel time peak: 214
        Intensity: 0.723206


[193] Processing file: /Users/shuaixiangzhang/Work/current/FNAL_Work2024/michel_e/t0_tagging/pdhd_DATA_v2/t0_rootFiles/new20250808_MC/wvf_merged_applyCut_20250819/wvfFind_event2998_trackID4_opNum6_merged.root

Threshold for summed wvf: 0.3
Histogram: total
    Peak at bin 127, Left Height: 8.83411, Right Height: 6.4662
    Peak at bin 257, Left Height: 0.531001, Right Height: 0.890502
    Peak at bin 286, Left Height: 0.423541, Right Height: 0.431596
    Peak at bin 384, Left Height: 0.504485, Right Height: 0.469761

Top total peaks (by true height): 127 257 384 

---- Saving Time info of muon and Michel candidates ----
[Saved] Muon time peak index: 127
        Intensity: 6.4662
[Saved] Michel time peak: 257
        Intensity: 0.531001


[194] Processing file: /Users/shuaixiangzhang/Work/current/FNAL_Work2024/michel_e/t0_tagging/pdhd_DATA_v2/t0_rootFiles/new20250808_MC/wvf_merged_applyCut_20250819/wvfFind_event2999_trackID15_opNum9_merged.root

Threshold for summed wvf: 0.3
Histogram: total
    Peak at bin 126, Left Height: 11.1665, Right Height: 7.82581
    Peak at bin 152, Left Height: 1.77067, Right Height: 3.39106
    Peak at bin 230, Left Height: 0.650022, Right Height: 0.832889

Top total peaks (by true height): 126 152 230 

---- Saving Time info of muon and Michel candidates ----
[Saved] Muon time peak index: 126
        Intensity: 7.82581
[Saved] Michel time peak: 152
        Intensity: 1.77067


[195] Processing file: /Users/shuaixiangzhang/Work/current/FNAL_Work2024/michel_e/t0_tagging/pdhd_DATA_v2/t0_rootFiles/new20250808_MC/wvf_merged_applyCut_20250819/wvfFind_event3020_trackID16_opNum6_merged.root

Threshold for summed wvf: 0.3
Histogram: total
    Peak at bin 126, Left Height: 6.57112, Right Height: 3.90266
    Peak at bin 176, Left Height: 0.366497, Right Height: 0.503449
    Peak at bin 237, Left Height: 0.301309, Right Height: 0.432695
    Peak at bin 313, Left Height: 0.35581, Right Height: 0.334417

Top total peaks (by true height): 126 176 313 

---- Saving Time info of muon and Michel candidates ----
[Saved] Muon time peak index: 126
        Intensity: 3.90266
[Saved] Michel time peak: 176
        Intensity: 0.366497


[196] Processing file: /Users/shuaixiangzhang/Work/current/FNAL_Work2024/michel_e/t0_tagging/pdhd_DATA_v2/t0_rootFiles/new20250808_MC/wvf_merged_applyCut_20250819/wvfFind_event3045_trackID10_opNum9_merged.root

Threshold for summed wvf: 0.3
Histogram: total
    Peak at bin 126, Left Height: 9.50889, Right Height: 4.66104
    Peak at bin 146, Left Height: 0.8434, Right Height: 3.33588
    Peak at bin 225, Left Height: 0.552265, Right Height: 1.25076
    Peak at bin 279, Left Height: 1.12786, Right Height: 1.2503

Top total peaks (by true height): 126 279 146 

---- Saving Time info of muon and Michel candidates ----
[Saved] Muon time peak index: 126
        Intensity: 4.66104
[Saved] Michel time peak: 279
        Intensity: 1.12786


[197] Processing file: /Users/shuaixiangzhang/Work/current/FNAL_Work2024/michel_e/t0_tagging/pdhd_DATA_v2/t0_rootFiles/new20250808_MC/wvf_merged_applyCut_20250819/wvfFind_event3053_trackID10_opNum7_merged.root

Threshold for summed wvf: 0.3
Histogram: total
    Peak at bin 123, Left Height: 6.01332, Right Height: 6.29888
    Peak at bin 159, Left Height: 1.10359, Right Height: 1.06922
    Peak at bin 194, Left Height: 0.968534, Right Height: 0.755749
    Peak at bin 246, Left Height: 1.23391, Right Height: 0.763753
    Peak at bin 267, Left Height: 0.346178, Right Height: 0.659406
    Peak at bin 368, Left Height: 0.452334, Right Height: 0.321665
    Peak at bin 517, Left Height: 0.41574, Right Height: 0.447244

Top total peaks (by true height): 123 159 246 

---- Saving Time info of muon and Michel candidates ----
[Saved] Muon time peak index: 123
        Intensity: 6.01332
[Saved] Michel time peak: 159
        Intensity: 1.06922


[198] Processing file: /Users/shuaixiangzhang/Work/current/FNAL_Work2024/michel_e/t0_tagging/pdhd_DATA_v2/t0_rootFiles/new20250808_MC/wvf_merged_applyCut_20250819/wvfFind_event3062_trackID7_opNum9_merged.root

Threshold for summed wvf: 0.3
Histogram: total
    Peak at bin 127, Left Height: 26.319, Right Height: 23.4045
    Peak at bin 156, Left Height: 0.494403, Right Height: 1.80711
    Peak at bin 183, Left Height: 0.348053, Right Height: 0.410003
    Peak at bin 203, Left Height: 0.534088, Right Height: 1.68281
    Peak at bin 234, Left Height: 1.16405, Right Height: 0.513078
    Peak at bin 392, Left Height: 0.432134, Right Height: 0.358431
    Peak at bin 427, Left Height: 3.02215, Right Height: 3.24444
    Peak at bin 451, Left Height: 0.395892, Right Height: 0.766533
    Peak at bin 497, Left Height: 0.828299, Right Height: 0.642328
    Peak at bin 533, Left Height: 0.718817, Right Height: 0.623277
    Peak at bin 573, Left Height: 0.468955, Right Height: 0.434728
    Peak at bin 634, Left Height: 0.556424, Right Height: 0.324232

Top total peaks (by true height): 127 427 497 

---- Saving Time info of muon and Michel candidates ----
[Saved] Muon time peak index: 127
        Intensity: 23.4045
[Saved] Michel time peak: 427
        Intensity: 3.02215


[199] Processing file: /Users/shuaixiangzhang/Work/current/FNAL_Work2024/michel_e/t0_tagging/pdhd_DATA_v2/t0_rootFiles/new20250808_MC/wvf_merged_applyCut_20250819/wvfFind_event3071_trackID0_opNum5_merged.root

Threshold for summed wvf: 0.3
Histogram: total
    Peak at bin 127, Left Height: 13.2766, Right Height: 10.8918
    Peak at bin 154, Left Height: 1.21952, Right Height: 0.707205
    Peak at bin 209, Left Height: 0.366965, Right Height: 0.588121
    Peak at bin 250, Left Height: 2.76006, Right Height: 3.66581
    Peak at bin 410, Left Height: 0.851745, Right Height: 1.06179
    Peak at bin 530, Left Height: 0.568456, Right Height: 0.53743

Top total peaks (by true height): 127 250 410 

---- Saving Time info of muon and Michel candidates ----
[Saved] Muon time peak index: 127
        Intensity: 10.8918
[Saved] Michel time peak: 250
        Intensity: 2.76006


[200] Processing file: /Users/shuaixiangzhang/Work/current/FNAL_Work2024/michel_e/t0_tagging/pdhd_DATA_v2/t0_rootFiles/new20250808_MC/wvf_merged_applyCut_20250819/wvfFind_event3082_trackID15_opNum5_merged.root

Threshold for summed wvf: 0.3
Histogram: total
    Peak at bin 123, Left Height: 2.75166, Right Height: 2.28956
    Peak at bin 150, Left Height: 0.451924, Right Height: 0.621568
    Peak at bin 189, Left Height: 0.706847, Right Height: 0.346916
    Peak at bin 253, Left Height: 0.654108, Right Height: 0.423624
    Peak at bin 281, Left Height: 1.32828, Right Height: 1.43835
    Peak at bin 326, Left Height: 0.352569, Right Height: 0.559888
    Peak at bin 386, Left Height: 5.83382, Right Height: 5.46636
    Peak at bin 487, Left Height: 0.575975, Right Height: 0.356688

Top total peaks (by true height): 386 123 281 

---- Saving Time info of muon and Michel candidates ----
[Saved] Muon time peak index: 386
        Intensity: 5.46636
[Saved] Michel time peak: 123
        Intensity: 2.28956


[201] Processing file: /Users/shuaixiangzhang/Work/current/FNAL_Work2024/michel_e/t0_tagging/pdhd_DATA_v2/t0_rootFiles/new20250808_MC/wvf_merged_applyCut_20250819/wvfFind_event3084_trackID2_opNum9_merged.root

Threshold for summed wvf: 0.3
Histogram: total
    Peak at bin 126, Left Height: 20.3864, Right Height: 18.4641
    Peak at bin 184, Left Height: 0.755167, Right Height: 2.10827
    Peak at bin 218, Left Height: 2.36991, Right Height: 2.43142
    Peak at bin 285, Left Height: 0.367772, Right Height: 0.620421
    Peak at bin 335, Left Height: 0.715938, Right Height: 0.556409
    Peak at bin 365, Left Height: 0.504755, Right Height: 0.631054
    Peak at bin 416, Left Height: 0.733129, Right Height: 0.860572
    Peak at bin 450, Left Height: 0.393423, Right Height: 0.389757

Top total peaks (by true height): 126 218 184 

---- Saving Time info of muon and Michel candidates ----
[Saved] Muon time peak index: 126
        Intensity: 18.4641
[Saved] Michel time peak: 218
        Intensity: 2.36991


[202] Processing file: /Users/shuaixiangzhang/Work/current/FNAL_Work2024/michel_e/t0_tagging/pdhd_DATA_v2/t0_rootFiles/new20250808_MC/wvf_merged_applyCut_20250819/wvfFind_event3088_trackID14_opNum5_merged.root

Threshold for summed wvf: 0.3
Histogram: total
    Peak at bin 124, Left Height: 3.03241, Right Height: 2.74993
    Peak at bin 291, Left Height: 0.425246, Right Height: 0.503281

Top total peaks (by true height): 124 291 

---- Saving Time info of muon and Michel candidates ----
[Saved] Muon time peak index: 124
        Intensity: 2.74993
[Saved] Michel time peak: 291
        Intensity: 0.425246


[203] Processing file: /Users/shuaixiangzhang/Work/current/FNAL_Work2024/michel_e/t0_tagging/pdhd_DATA_v2/t0_rootFiles/new20250808_MC/wvf_merged_applyCut_20250819/wvfFind_event3123_trackID6_opNum5_merged.root

Threshold for summed wvf: 0.3
Histogram: total
    Peak at bin 126, Left Height: 4.76196, Right Height: 3.88377
    Peak at bin 203, Left Height: 1.8113, Right Height: 2.35664
    Peak at bin 369, Left Height: 0.450733, Right Height: 0.881301

Top total peaks (by true height): 126 203 369 

---- Saving Time info of muon and Michel candidates ----
[Saved] Muon time peak index: 126
        Intensity: 3.88377
[Saved] Michel time peak: 203
        Intensity: 1.8113


[204] Processing file: /Users/shuaixiangzhang/Work/current/FNAL_Work2024/michel_e/t0_tagging/pdhd_DATA_v2/t0_rootFiles/new20250808_MC/wvf_merged_applyCut_20250819/wvfFind_event3124_trackID1_opNum5_merged.root

Threshold for summed wvf: 0.3
Histogram: total
    Peak at bin 124, Left Height: 2.29795, Right Height: 1.98958
    Peak at bin 524, Left Height: 0.307213, Right Height: 0.387074

Top total peaks (by true height): 124 524 

---- Saving Time info of muon and Michel candidates ----
[Saved] Muon time peak index: 124
        Intensity: 1.98958
[Saved] Michel time peak: 524
        Intensity: 0.307213


[205] Processing file: /Users/shuaixiangzhang/Work/current/FNAL_Work2024/michel_e/t0_tagging/pdhd_DATA_v2/t0_rootFiles/new20250808_MC/wvf_merged_applyCut_20250819/wvfFind_event3129_trackID13_opNum9_merged.root

Threshold for summed wvf: 0.3
Histogram: total
    Peak at bin 126, Left Height: 7.44939, Right Height: 6.02885
    Peak at bin 182, Left Height: 0.613596, Right Height: 0.61151
    Peak at bin 307, Left Height: 0.483543, Right Height: 0.522583
    Peak at bin 332, Left Height: 0.684446, Right Height: 0.702647

Top total peaks (by true height): 126 332 182 

---- Saving Time info of muon and Michel candidates ----
[Saved] Muon time peak index: 126
        Intensity: 6.02885
[Saved] Michel time peak: 332
        Intensity: 0.684446


[206] Processing file: /Users/shuaixiangzhang/Work/current/FNAL_Work2024/michel_e/t0_tagging/pdhd_DATA_v2/t0_rootFiles/new20250808_MC/wvf_merged_applyCut_20250819/wvfFind_event3129_trackID9_opNum9_merged.root

Threshold for summed wvf: 0.3
Histogram: total
    Peak at bin 124, Left Height: 7.21061, Right Height: 6.18418
    Peak at bin 161, Left Height: 0.60946, Right Height: 0.690033
    Peak at bin 219, Left Height: 0.783709, Right Height: 0.661212
    Peak at bin 485, Left Height: 0.358189, Right Height: 0.364752

Top total peaks (by true height): 124 219 161 

---- Saving Time info of muon and Michel candidates ----
[Saved] Muon time peak index: 124
        Intensity: 6.18418
[Saved] Michel time peak: 219
        Intensity: 0.661212


[207] Processing file: /Users/shuaixiangzhang/Work/current/FNAL_Work2024/michel_e/t0_tagging/pdhd_DATA_v2/t0_rootFiles/new20250808_MC/wvf_merged_applyCut_20250819/wvfFind_event312_trackID19_opNum7_merged.root

Threshold for summed wvf: 0.3
Histogram: total
    Peak at bin 124, Left Height: 5.13198, Right Height: 4.83698
    Peak at bin 159, Left Height: 0.605777, Right Height: 0.321705
    Peak at bin 251, Left Height: 0.534655, Right Height: 0.711601
    Peak at bin 280, Left Height: 0.525787, Right Height: 0.411636

Top total peaks (by true height): 124 251 280 

---- Saving Time info of muon and Michel candidates ----
[Saved] Muon time peak index: 124
        Intensity: 4.83698
[Saved] Michel time peak: 251
        Intensity: 0.534655


[208] Processing file: /Users/shuaixiangzhang/Work/current/FNAL_Work2024/michel_e/t0_tagging/pdhd_DATA_v2/t0_rootFiles/new20250808_MC/wvf_merged_applyCut_20250819/wvfFind_event3131_trackID9_opNum8_merged.root

Threshold for summed wvf: 0.3
Histogram: total
    Peak at bin 124, Left Height: 4.96093, Right Height: 3.69648
    Peak at bin 152, Left Height: 0.464558, Right Height: 1.34616
    Peak at bin 186, Left Height: 0.987686, Right Height: 1.28184
    Peak at bin 233, Left Height: 0.344216, Right Height: 0.426947
    Peak at bin 262, Left Height: 0.397211, Right Height: 0.338789
    Peak at bin 333, Left Height: 0.931013, Right Height: 0.401808

Top total peaks (by true height): 124 186 152 

---- Saving Time info of muon and Michel candidates ----
[Saved] Muon time peak index: 124
        Intensity: 3.69648
[Saved] Michel time peak: 186
        Intensity: 0.987686


[209] Processing file: /Users/shuaixiangzhang/Work/current/FNAL_Work2024/michel_e/t0_tagging/pdhd_DATA_v2/t0_rootFiles/new20250808_MC/wvf_merged_applyCut_20250819/wvfFind_event3142_trackID5_opNum8_merged.root

Threshold for summed wvf: 0.3
Histogram: total
    Peak at bin 125, Left Height: 5.28714, Right Height: 4.25615
    Peak at bin 205, Left Height: 0.56269, Right Height: 0.619509
    Peak at bin 309, Left Height: 0.448657, Right Height: 0.397731

Top total peaks (by true height): 125 205 309 

---- Saving Time info of muon and Michel candidates ----
[Saved] Muon time peak index: 125
        Intensity: 4.25615
[Saved] Michel time peak: 205
        Intensity: 0.56269


[210] Processing file: /Users/shuaixiangzhang/Work/current/FNAL_Work2024/michel_e/t0_tagging/pdhd_DATA_v2/t0_rootFiles/new20250808_MC/wvf_merged_applyCut_20250819/wvfFind_event3148_trackID4_opNum9_merged.root

Threshold for summed wvf: 0.3
Histogram: total
    Peak at bin 125, Left Height: 11.1354, Right Height: 10.0603
    Peak at bin 213, Left Height: 0.776176, Right Height: 1.23488
    Peak at bin 280, Left Height: 2.60035, Right Height: 2.65537
    Peak at bin 313, Left Height: 0.315372, Right Height: 0.541739
    Peak at bin 347, Left Height: 0.890464, Right Height: 0.727044
    Peak at bin 421, Left Height: 0.388424, Right Height: 0.610824

Top total peaks (by true height): 125 280 213 

---- Saving Time info of muon and Michel candidates ----
[Saved] Muon time peak index: 125
        Intensity: 10.0603
[Saved] Michel time peak: 280
        Intensity: 2.60035


[211] Processing file: /Users/shuaixiangzhang/Work/current/FNAL_Work2024/michel_e/t0_tagging/pdhd_DATA_v2/t0_rootFiles/new20250808_MC/wvf_merged_applyCut_20250819/wvfFind_event3157_trackID17_opNum9_merged.root

Threshold for summed wvf: 0.3
Histogram: total
    Peak at bin 126, Left Height: 9.35482, Right Height: 7.5877
    Peak at bin 166, Left Height: 0.895087, Right Height: 2.19797
    Peak at bin 237, Left Height: 0.762866, Right Height: 0.862152
    Peak at bin 267, Left Height: 0.562213, Right Height: 0.807166
    Peak at bin 325, Left Height: 0.318454, Right Height: 0.546501
    Peak at bin 372, Left Height: 0.477977, Right Height: 0.458176

Top total peaks (by true height): 126 166 237 

---- Saving Time info of muon and Michel candidates ----
[Saved] Muon time peak index: 126
        Intensity: 7.5877
[Saved] Michel time peak: 166
        Intensity: 0.895087


[212] Processing file: /Users/shuaixiangzhang/Work/current/FNAL_Work2024/michel_e/t0_tagging/pdhd_DATA_v2/t0_rootFiles/new20250808_MC/wvf_merged_applyCut_20250819/wvfFind_event3163_trackID7_opNum9_merged.root

Threshold for summed wvf: 0.3
Histogram: total
    Peak at bin 126, Left Height: 11.0407, Right Height: 9.94561
    Peak at bin 173, Left Height: 0.91395, Right Height: 0.827627
    Peak at bin 195, Left Height: 0.519726, Right Height: 0.334454
    Peak at bin 217, Left Height: 1.34923, Right Height: 2.9354
    Peak at bin 282, Left Height: 1.01361, Right Height: 0.890195

Top total peaks (by true height): 126 217 282 

---- Saving Time info of muon and Michel candidates ----
[Saved] Muon time peak index: 126
        Intensity: 9.94561
[Saved] Michel time peak: 217
        Intensity: 1.34923


[213] Processing file: /Users/shuaixiangzhang/Work/current/FNAL_Work2024/michel_e/t0_tagging/pdhd_DATA_v2/t0_rootFiles/new20250808_MC/wvf_merged_applyCut_20250819/wvfFind_event3168_trackID0_opNum9_merged.root

Threshold for summed wvf: 0.3
Histogram: total
    Peak at bin 127, Left Height: 16.664, Right Height: 12.8715
    Peak at bin 169, Left Height: 2.29326, Right Height: 3.81821
    Peak at bin 208, Left Height: 0.801085, Right Height: 1.10513
    Peak at bin 235, Left Height: 0.405658, Right Height: 1.22996
    Peak at bin 284, Left Height: 0.654896, Right Height: 0.718214
    Peak at bin 326, Left Height: 0.329949, Right Height: 0.915704
    Peak at bin 452, Left Height: 0.312323, Right Height: 0.430476
    Peak at bin 615, Left Height: 0.314981, Right Height: 0.30012

Top total peaks (by true height): 127 169 208 

---- Saving Time info of muon and Michel candidates ----
[Saved] Muon time peak index: 127
        Intensity: 12.8715
[Saved] Michel time peak: 169
        Intensity: 2.29326


[214] Processing file: /Users/shuaixiangzhang/Work/current/FNAL_Work2024/michel_e/t0_tagging/pdhd_DATA_v2/t0_rootFiles/new20250808_MC/wvf_merged_applyCut_20250819/wvfFind_event3174_trackID8_opNum9_merged.root

Threshold for summed wvf: 0.3
Histogram: total
    Peak at bin 126, Left Height: 14.2191, Right Height: 12.3783
    Peak at bin 207, Left Height: 1.32848, Right Height: 0.908955
    Peak at bin 232, Left Height: 0.592991, Right Height: 1.30016
    Peak at bin 302, Left Height: 0.874278, Right Height: 0.499047
    Peak at bin 381, Left Height: 2.5412, Right Height: 2.24107
    Peak at bin 467, Left Height: 0.383473, Right Height: 0.328304
    Peak at bin 655, Left Height: 0.374283, Right Height: 0.334587

Top total peaks (by true height): 126 381 207 

---- Saving Time info of muon and Michel candidates ----
[Saved] Muon time peak index: 126
        Intensity: 12.3783
[Saved] Michel time peak: 381
        Intensity: 2.24107


[215] Processing file: /Users/shuaixiangzhang/Work/current/FNAL_Work2024/michel_e/t0_tagging/pdhd_DATA_v2/t0_rootFiles/new20250808_MC/wvf_merged_applyCut_20250819/wvfFind_event3184_trackID13_opNum8_merged.root

Threshold for summed wvf: 0.3
Histogram: total
    Peak at bin 124, Left Height: 5.20867, Right Height: 4.92828
    Peak at bin 176, Left Height: 1.09351, Right Height: 1.27807
    Peak at bin 214, Left Height: 1.5693, Right Height: 1.23643
    Peak at bin 244, Left Height: 0.353677, Right Height: 0.493368
    Peak at bin 348, Left Height: 0.338781, Right Height: 0.727034
    Peak at bin 409, Left Height: 0.383227, Right Height: 0.382233

Top total peaks (by true height): 124 214 176 

---- Saving Time info of muon and Michel candidates ----
[Saved] Muon time peak index: 124
        Intensity: 4.92828
[Saved] Michel time peak: 214
        Intensity: 1.23643


[216] Processing file: /Users/shuaixiangzhang/Work/current/FNAL_Work2024/michel_e/t0_tagging/pdhd_DATA_v2/t0_rootFiles/new20250808_MC/wvf_merged_applyCut_20250819/wvfFind_event3187_trackID10_opNum4_merged.root

Threshold for summed wvf: 0.3
Histogram: total
    Peak at bin 122, Left Height: 2.25527, Right Height: 2.47696
    Peak at bin 246, Left Height: 0.601333, Right Height: 0.503756
    Peak at bin 333, Left Height: 0.52203, Right Height: 0.613398

Top total peaks (by true height): 122 333 246 

---- Saving Time info of muon and Michel candidates ----
[Saved] Muon time peak index: 122
        Intensity: 2.25527
[Saved] Michel time peak: 333
        Intensity: 0.52203


[217] Processing file: /Users/shuaixiangzhang/Work/current/FNAL_Work2024/michel_e/t0_tagging/pdhd_DATA_v2/t0_rootFiles/new20250808_MC/wvf_merged_applyCut_20250819/wvfFind_event3192_trackID16_opNum8_merged.root

Threshold for summed wvf: 0.3
Histogram: total
    Peak at bin 127, Left Height: 10.7126, Right Height: 8.22506
    Peak at bin 154, Left Height: 0.692232, Right Height: 2.03094
    Peak at bin 198, Left Height: 1.30651, Right Height: 1.97715
    Peak at bin 244, Left Height: 1.16415, Right Height: 1.04978
    Peak at bin 304, Left Height: 0.307341, Right Height: 0.540329
    Peak at bin 328, Left Height: 0.445697, Right Height: 0.516198
    Peak at bin 429, Left Height: 1.22727, Right Height: 1.39665
    Peak at bin 708, Left Height: 0.30872, Right Height: 0.368701

Top total peaks (by true height): 127 198 429 

---- Saving Time info of muon and Michel candidates ----
[Saved] Muon time peak index: 127
        Intensity: 8.22506
[Saved] Michel time peak: 198
        Intensity: 1.30651


[218] Processing file: /Users/shuaixiangzhang/Work/current/FNAL_Work2024/michel_e/t0_tagging/pdhd_DATA_v2/t0_rootFiles/new20250808_MC/wvf_merged_applyCut_20250819/wvfFind_event3208_trackID7_opNum9_merged.root

Threshold for summed wvf: 0.3
Histogram: total
    Peak at bin 128, Left Height: 38.4792, Right Height: 31.6003
    Peak at bin 237, Left Height: 1.56499, Right Height: 2.19021
    Peak at bin 379, Left Height: 0.542099, Right Height: 0.765167
    Peak at bin 412, Left Height: 0.853551, Right Height: 0.807899
    Peak at bin 474, Left Height: 0.378026, Right Height: 0.504702
    Peak at bin 504, Left Height: 0.563412, Right Height: 0.553357

Top total peaks (by true height): 128 237 412 

---- Saving Time info of muon and Michel candidates ----
[Saved] Muon time peak index: 128
        Intensity: 31.6003
[Saved] Michel time peak: 237
        Intensity: 1.56499


[219] Processing file: /Users/shuaixiangzhang/Work/current/FNAL_Work2024/michel_e/t0_tagging/pdhd_DATA_v2/t0_rootFiles/new20250808_MC/wvf_merged_applyCut_20250819/wvfFind_event3210_trackID2_opNum9_merged.root

Threshold for summed wvf: 0.3
Histogram: total
    Peak at bin 127, Left Height: 34.8015, Right Height: 32.7807
    Peak at bin 152, Left Height: 2.71385, Right Height: 2.43965
    Peak at bin 197, Left Height: 3.37019, Right Height: 5.12853
    Peak at bin 251, Left Height: 0.776232, Right Height: 0.706005
    Peak at bin 331, Left Height: 0.405324, Right Height: 0.436852
    Peak at bin 386, Left Height: 0.561424, Right Height: 0.554274
    Peak at bin 407, Left Height: 0.45337, Right Height: 0.480304
    Peak at bin 449, Left Height: 7.36163, Right Height: 6.17542
    Peak at bin 472, Left Height: 0.551886, Right Height: 0.626684
    Peak at bin 494, Left Height: 0.877277, Right Height: 1.31633
    Peak at bin 530, Left Height: 0.551283, Right Height: 1.17748
    Peak at bin 560, Left Height: 0.704412, Right Height: 0.422768
    Peak at bin 619, Left Height: 0.625904, Right Height: 0.477852
    Peak at bin 645, Left Height: 0.782707, Right Height: 0.79322
    Peak at bin 680, Left Height: 0.451816, Right Height: 0.338496
    Peak at bin 798, Left Height: 0.381221, Right Height: 0.304562

Top total peaks (by true height): 127 449 197 

---- Saving Time info of muon and Michel candidates ----
[Saved] Muon time peak index: 127
        Intensity: 32.7807
[Saved] Michel time peak: 449
        Intensity: 6.17542


[220] Processing file: /Users/shuaixiangzhang/Work/current/FNAL_Work2024/michel_e/t0_tagging/pdhd_DATA_v2/t0_rootFiles/new20250808_MC/wvf_merged_applyCut_20250819/wvfFind_event3216_trackID5_opNum4_merged.root

Threshold for summed wvf: 0.3
Histogram: total
    Peak at bin 127, Left Height: 5.56027, Right Height: 4.48107
    Peak at bin 173, Left Height: 0.710597, Right Height: 0.64464
    Peak at bin 217, Left Height: 0.427649, Right Height: 1.06242

Top total peaks (by true height): 127 173 217 

---- Saving Time info of muon and Michel candidates ----
[Saved] Muon time peak index: 127
        Intensity: 4.48107
[Saved] Michel time peak: 173
        Intensity: 0.64464


[221] Processing file: /Users/shuaixiangzhang/Work/current/FNAL_Work2024/michel_e/t0_tagging/pdhd_DATA_v2/t0_rootFiles/new20250808_MC/wvf_merged_applyCut_20250819/wvfFind_event322_trackID28_opNum5_merged.root

Threshold for summed wvf: 0.3
Histogram: total
    Peak at bin 123, Left Height: 3.10841, Right Height: 2.56285
    Peak at bin 193, Left Height: 0.33175, Right Height: 0.613736
    Peak at bin 302, Left Height: 0.338649, Right Height: 0.636874

Top total peaks (by true height): 123 302 193 

---- Saving Time info of muon and Michel candidates ----
[Saved] Muon time peak index: 123
        Intensity: 2.56285
[Saved] Michel time peak: 302
        Intensity: 0.338649


[222] Processing file: /Users/shuaixiangzhang/Work/current/FNAL_Work2024/michel_e/t0_tagging/pdhd_DATA_v2/t0_rootFiles/new20250808_MC/wvf_merged_applyCut_20250819/wvfFind_event3242_trackID11_opNum9_merged.root

Threshold for summed wvf: 0.3
Histogram: total
    Peak at bin 125, Left Height: 6.32913, Right Height: 5.26468
    Peak at bin 283, Left Height: 0.326449, Right Height: 0.332929
    Peak at bin 336, Left Height: 0.586556, Right Height: 0.649584

Top total peaks (by true height): 125 336 283 

---- Saving Time info of muon and Michel candidates ----
[Saved] Muon time peak index: 125
        Intensity: 5.26468
[Saved] Michel time peak: 336
        Intensity: 0.586556


[223] Processing file: /Users/shuaixiangzhang/Work/current/FNAL_Work2024/michel_e/t0_tagging/pdhd_DATA_v2/t0_rootFiles/new20250808_MC/wvf_merged_applyCut_20250819/wvfFind_event3254_trackID5_opNum9_merged.root

Threshold for summed wvf: 0.3
Histogram: total
    Peak at bin 128, Left Height: 21.1285, Right Height: 15.3511
    Peak at bin 212, Left Height: 0.366315, Right Height: 2.61454
    Peak at bin 358, Left Height: 0.480406, Right Height: 0.385144
    Peak at bin 623, Left Height: 0.336822, Right Height: 0.356555

Top total peaks (by true height): 128 358 212 

---- Saving Time info of muon and Michel candidates ----
[Saved] Muon time peak index: 128
        Intensity: 15.3511
[Saved] Michel time peak: 358
        Intensity: 0.385144


[224] Processing file: /Users/shuaixiangzhang/Work/current/FNAL_Work2024/michel_e/t0_tagging/pdhd_DATA_v2/t0_rootFiles/new20250808_MC/wvf_merged_applyCut_20250819/wvfFind_event3273_trackID0_opNum9_merged.root

Threshold for summed wvf: 0.3
Histogram: total
    Peak at bin 129, Left Height: 114.302, Right Height: 87.7214
    Peak at bin 162, Left Height: 0.705686, Right Height: 15.6813
    Peak at bin 233, Left Height: 0.97502, Right Height: 6.57401
    Peak at bin 282, Left Height: 1.01858, Right Height: 1.01253
    Peak at bin 310, Left Height: 0.485307, Right Height: 2.79755
    Peak at bin 377, Left Height: 0.518725, Right Height: 0.944163
    Peak at bin 404, Left Height: 0.616315, Right Height: 0.771023
    Peak at bin 456, Left Height: 0.813159, Right Height: 0.404681
    Peak at bin 477, Left Height: 0.414388, Right Height: 1.22814
    Peak at bin 519, Left Height: 0.456388, Right Height: 0.431278

Top total peaks (by true height): 129 282 233 

---- Saving Time info of muon and Michel candidates ----
[Saved] Muon time peak index: 129
        Intensity: 87.7214
[Saved] Michel time peak: 282
        Intensity: 1.01253


[225] Processing file: /Users/shuaixiangzhang/Work/current/FNAL_Work2024/michel_e/t0_tagging/pdhd_DATA_v2/t0_rootFiles/new20250808_MC/wvf_merged_applyCut_20250819/wvfFind_event3274_trackID14_opNum7_merged.root

Threshold for summed wvf: 0.3
Histogram: total
    Peak at bin 125, Left Height: 5.07202, Right Height: 4.33479
    Peak at bin 161, Left Height: 0.32573, Right Height: 0.866249
    Peak at bin 212, Left Height: 0.45426, Right Height: 0.420157
    Peak at bin 295, Left Height: 0.522873, Right Height: 0.434983
    Peak at bin 321, Left Height: 0.700102, Right Height: 0.604832

Top total peaks (by true height): 125 321 295 

---- Saving Time info of muon and Michel candidates ----
[Saved] Muon time peak index: 125
        Intensity: 4.33479
[Saved] Michel time peak: 321
        Intensity: 0.604832


[226] Processing file: /Users/shuaixiangzhang/Work/current/FNAL_Work2024/michel_e/t0_tagging/pdhd_DATA_v2/t0_rootFiles/new20250808_MC/wvf_merged_applyCut_20250819/wvfFind_event3280_trackID10_opNum9_merged.root

Threshold for summed wvf: 0.3
Histogram: total
    Peak at bin 126, Left Height: 8.81464, Right Height: 6.77982
    Peak at bin 172, Left Height: 0.80718, Right Height: 0.778707
    Peak at bin 200, Left Height: 2.45003, Right Height: 3.24237
    Peak at bin 236, Left Height: 0.992562, Right Height: 1.43806
    Peak at bin 280, Left Height: 0.478397, Right Height: 0.775391
    Peak at bin 399, Left Height: 0.407035, Right Height: 0.579866

Top total peaks (by true height): 126 200 236 

---- Saving Time info of muon and Michel candidates ----
[Saved] Muon time peak index: 126
        Intensity: 6.77982
[Saved] Michel time peak: 200
        Intensity: 2.45003


[227] Processing file: /Users/shuaixiangzhang/Work/current/FNAL_Work2024/michel_e/t0_tagging/pdhd_DATA_v2/t0_rootFiles/new20250808_MC/wvf_merged_applyCut_20250819/wvfFind_event3320_trackID7_opNum8_merged.root

Threshold for summed wvf: 0.3
Histogram: total
    Peak at bin 125, Left Height: 7.84761, Right Height: 7.02622
    Peak at bin 167, Left Height: 0.771582, Right Height: 0.886187
    Peak at bin 246, Left Height: 0.505511, Right Height: 0.770998

Top total peaks (by true height): 125 167 246 

---- Saving Time info of muon and Michel candidates ----
[Saved] Muon time peak index: 125
        Intensity: 7.02622
[Saved] Michel time peak: 167
        Intensity: 0.771582


[228] Processing file: /Users/shuaixiangzhang/Work/current/FNAL_Work2024/michel_e/t0_tagging/pdhd_DATA_v2/t0_rootFiles/new20250808_MC/wvf_merged_applyCut_20250819/wvfFind_event3331_trackID11_opNum9_merged.root

Threshold for summed wvf: 0.3
Histogram: total
    Peak at bin 128, Left Height: 73.2016, Right Height: 57.2163
    Peak at bin 154, Left Height: 0.407738, Right Height: 3.68758
    Peak at bin 178, Left Height: 0.348311, Right Height: 6.40805
    Peak at bin 220, Left Height: 0.943865, Right Height: 2.83065
    Peak at bin 260, Left Height: 0.703067, Right Height: 0.67033
    Peak at bin 329, Left Height: 0.340311, Right Height: 0.407924
    Peak at bin 470, Left Height: 0.598665, Right Height: 0.677388
    Peak at bin 495, Left Height: 0.440281, Right Height: 0.547834
    Peak at bin 536, Left Height: 0.41304, Right Height: 0.369613
    Peak at bin 648, Left Height: 0.320633, Right Height: 0.303012

Top total peaks (by true height): 128 220 260 

---- Saving Time info of muon and Michel candidates ----
[Saved] Muon time peak index: 128
        Intensity: 57.2163
[Saved] Michel time peak: 220
        Intensity: 0.943865


[229] Processing file: /Users/shuaixiangzhang/Work/current/FNAL_Work2024/michel_e/t0_tagging/pdhd_DATA_v2/t0_rootFiles/new20250808_MC/wvf_merged_applyCut_20250819/wvfFind_event3331_trackID18_opNum4_merged.root

Threshold for summed wvf: 0.3
Histogram: total
    Peak at bin 127, Left Height: 3.89904, Right Height: 2.57573
    Peak at bin 222, Left Height: 0.489954, Right Height: 0.436817
    Peak at bin 260, Left Height: 0.302315, Right Height: 0.948187
    Peak at bin 348, Left Height: 0.38318, Right Height: 0.546494

Top total peaks (by true height): 127 222 348 

---- Saving Time info of muon and Michel candidates ----
[Saved] Muon time peak index: 127
        Intensity: 2.57573
[Saved] Michel time peak: 222
        Intensity: 0.436817


[230] Processing file: /Users/shuaixiangzhang/Work/current/FNAL_Work2024/michel_e/t0_tagging/pdhd_DATA_v2/t0_rootFiles/new20250808_MC/wvf_merged_applyCut_20250819/wvfFind_event3332_trackID21_opNum8_merged.root

Threshold for summed wvf: 0.3
Histogram: total
    Peak at bin 125, Left Height: 6.23825, Right Height: 5.53102
    Peak at bin 287, Left Height: 0.592779, Right Height: 0.68703
    Peak at bin 322, Left Height: 0.949987, Right Height: 0.735246
    Peak at bin 391, Left Height: 0.409213, Right Height: 0.420716

Top total peaks (by true height): 125 322 287 

---- Saving Time info of muon and Michel candidates ----
[Saved] Muon time peak index: 125
        Intensity: 5.53102
[Saved] Michel time peak: 322
        Intensity: 0.735246


[231] Processing file: /Users/shuaixiangzhang/Work/current/FNAL_Work2024/michel_e/t0_tagging/pdhd_DATA_v2/t0_rootFiles/new20250808_MC/wvf_merged_applyCut_20250819/wvfFind_event3352_trackID0_opNum9_merged.root

Threshold for summed wvf: 0.3
Histogram: total
    Peak at bin 128, Left Height: 43.442, Right Height: 35.9235
    Peak at bin 172, Left Height: 0.825292, Right Height: 3.33361
    Peak at bin 244, Left Height: 0.873863, Right Height: 1.33543
    Peak at bin 268, Left Height: 0.714981, Right Height: 1.63271
    Peak at bin 299, Left Height: 1.10988, Right Height: 1.43223
    Peak at bin 324, Left Height: 0.500131, Right Height: 0.644119
    Peak at bin 344, Left Height: 0.386288, Right Height: 0.945559
    Peak at bin 491, Left Height: 0.345085, Right Height: 0.615701

Top total peaks (by true height): 128 299 244 

---- Saving Time info of muon and Michel candidates ----
[Saved] Muon time peak index: 128
        Intensity: 35.9235
[Saved] Michel time peak: 299
        Intensity: 1.10988


[232] Processing file: /Users/shuaixiangzhang/Work/current/FNAL_Work2024/michel_e/t0_tagging/pdhd_DATA_v2/t0_rootFiles/new20250808_MC/wvf_merged_applyCut_20250819/wvfFind_event3366_trackID18_opNum9_merged.root

Threshold for summed wvf: 0.3
Histogram: total
    Peak at bin 127, Left Height: 19.5194, Right Height: 15.3257
    Peak at bin 154, Left Height: 1.23896, Right Height: 2.35261
    Peak at bin 201, Left Height: 0.454696, Right Height: 0.373649
    Peak at bin 311, Left Height: 1.25352, Right Height: 0.809391
    Peak at bin 338, Left Height: 0.69307, Right Height: 0.587081
    Peak at bin 370, Left Height: 0.685414, Right Height: 0.418523
    Peak at bin 511, Left Height: 0.853725, Right Height: 1.35847
    Peak at bin 956, Left Height: 79.2467, Right Height: 74.4814

Top total peaks (by true height): 956 127 154 

---- Saving Time info of muon and Michel candidates ----
[Saved] Muon time peak index: 956
        Intensity: 74.4814
[Saved] Michel time peak: 127
        Intensity: 15.3257


[233] Processing file: /Users/shuaixiangzhang/Work/current/FNAL_Work2024/michel_e/t0_tagging/pdhd_DATA_v2/t0_rootFiles/new20250808_MC/wvf_merged_applyCut_20250819/wvfFind_event3366_trackID1_opNum9_merged.root

Threshold for summed wvf: 0.3
Histogram: total
    Peak at bin 129, Left Height: 118.882, Right Height: 99.1163
    Peak at bin 227, Left Height: 22.3255, Right Height: 20.4716
    Peak at bin 278, Left Height: 0.725427, Right Height: 4.58492
    Peak at bin 305, Left Height: 0.62109, Right Height: 4.99694
    Peak at bin 355, Left Height: 0.605041, Right Height: 4.21732
    Peak at bin 410, Left Height: 0.336129, Right Height: 1.81665
    Peak at bin 469, Left Height: 0.488877, Right Height: 0.749071
    Peak at bin 505, Left Height: 0.469484, Right Height: 1.20817

Top total peaks (by true height): 129 227 278 

---- Saving Time info of muon and Michel candidates ----
[Saved] Muon time peak index: 129
        Intensity: 99.1163
[Saved] Michel time peak: 227
        Intensity: 20.4716


[234] Processing file: /Users/shuaixiangzhang/Work/current/FNAL_Work2024/michel_e/t0_tagging/pdhd_DATA_v2/t0_rootFiles/new20250808_MC/wvf_merged_applyCut_20250819/wvfFind_event3368_trackID3_opNum8_merged.root

Threshold for summed wvf: 0.3
Histogram: total
    Peak at bin 126, Left Height: 7.71364, Right Height: 6.84016
    Peak at bin 167, Left Height: 1.24218, Right Height: 1.38804
    Peak at bin 213, Left Height: 1.29012, Right Height: 1.43018
    Peak at bin 289, Left Height: 0.89828, Right Height: 0.83343
    Peak at bin 325, Left Height: 0.583291, Right Height: 0.592673
    Peak at bin 375, Left Height: 0.343749, Right Height: 0.535033

Top total peaks (by true height): 126 213 167 

---- Saving Time info of muon and Michel candidates ----
[Saved] Muon time peak index: 126
        Intensity: 6.84016
[Saved] Michel time peak: 213
        Intensity: 1.29012


[235] Processing file: /Users/shuaixiangzhang/Work/current/FNAL_Work2024/michel_e/t0_tagging/pdhd_DATA_v2/t0_rootFiles/new20250808_MC/wvf_merged_applyCut_20250819/wvfFind_event3370_trackID9_opNum9_merged.root

Threshold for summed wvf: 0.3
Histogram: total
    Peak at bin 126, Left Height: 13.4037, Right Height: 10.367
    Peak at bin 185, Left Height: 3.07349, Right Height: 1.00196
    Peak at bin 250, Left Height: 0.970872, Right Height: 1.89355
    Peak at bin 284, Left Height: 0.905239, Right Height: 1.01132
    Peak at bin 363, Left Height: 0.613806, Right Height: 0.406048
    Peak at bin 443, Left Height: 0.353514, Right Height: 0.612144

Top total peaks (by true height): 126 185 250 

---- Saving Time info of muon and Michel candidates ----
[Saved] Muon time peak index: 126
        Intensity: 10.367
[Saved] Michel time peak: 185
        Intensity: 1.00196


[236] Processing file: /Users/shuaixiangzhang/Work/current/FNAL_Work2024/michel_e/t0_tagging/pdhd_DATA_v2/t0_rootFiles/new20250808_MC/wvf_merged_applyCut_20250819/wvfFind_event337_trackID4_opNum5_merged.root

Threshold for summed wvf: 0.3
Histogram: total
    Peak at bin 127, Left Height: 8.70502, Right Height: 6.87346
    Peak at bin 158, Left Height: 0.625132, Right Height: 1.5366
    Peak at bin 211, Left Height: 0.604175, Right Height: 1.22062
    Peak at bin 327, Left Height: 0.790289, Right Height: 0.489686
    Peak at bin 584, Left Height: 0.325083, Right Height: 0.313661
    Peak at bin 649, Left Height: 1.11843, Right Height: 0.870154
    Peak at bin 779, Left Height: 0.443196, Right Height: 0.551582

Top total peaks (by true height): 127 649 158 

---- Saving Time info of muon and Michel candidates ----
[Saved] Muon time peak index: 127
        Intensity: 6.87346
[Saved] Michel time peak: 649
        Intensity: 0.870154


[237] Processing file: /Users/shuaixiangzhang/Work/current/FNAL_Work2024/michel_e/t0_tagging/pdhd_DATA_v2/t0_rootFiles/new20250808_MC/wvf_merged_applyCut_20250819/wvfFind_event3386_trackID12_opNum4_merged.root

Threshold for summed wvf: 0.3
Histogram: total
    Peak at bin 11, Left Height: 2.48275, Right Height: 0.754197
    Peak at bin 123, Left Height: 2.49497, Right Height: 2.31971

Top total peaks (by true height): 123 11 

---- Saving Time info of muon and Michel candidates ----
[Saved] Muon time peak index: 123
        Intensity: 2.31971
[Saved] Michel time peak: 11
        Intensity: 0.754197


[238] Processing file: /Users/shuaixiangzhang/Work/current/FNAL_Work2024/michel_e/t0_tagging/pdhd_DATA_v2/t0_rootFiles/new20250808_MC/wvf_merged_applyCut_20250819/wvfFind_event3395_trackID6_opNum8_merged.root

Threshold for summed wvf: 0.3
Histogram: total
    Peak at bin 124, Left Height: 5.68188, Right Height: 4.70185
    Peak at bin 231, Left Height: 0.785616, Right Height: 0.625894
    Peak at bin 318, Left Height: 1.55142, Right Height: 1.73164
    Peak at bin 531, Left Height: 0.378713, Right Height: 0.523006

Top total peaks (by true height): 124 318 231 

---- Saving Time info of muon and Michel candidates ----
[Saved] Muon time peak index: 124
        Intensity: 4.70185
[Saved] Michel time peak: 318
        Intensity: 1.55142


[239] Processing file: /Users/shuaixiangzhang/Work/current/FNAL_Work2024/michel_e/t0_tagging/pdhd_DATA_v2/t0_rootFiles/new20250808_MC/wvf_merged_applyCut_20250819/wvfFind_event3397_trackID1_opNum9_merged.root

Threshold for summed wvf: 0.3
Histogram: total
    Peak at bin 128, Left Height: 36.8441, Right Height: 31.5372
    Peak at bin 248, Left Height: 0.384295, Right Height: 2.20332
    Peak at bin 296, Left Height: 9.79631, Right Height: 8.65708
    Peak at bin 358, Left Height: 0.517124, Right Height: 1.70695
    Peak at bin 703, Left Height: 0.389845, Right Height: 0.313687

Top total peaks (by true height): 128 296 358 

---- Saving Time info of muon and Michel candidates ----
[Saved] Muon time peak index: 128
        Intensity: 31.5372
[Saved] Michel time peak: 296
        Intensity: 8.65708


[240] Processing file: /Users/shuaixiangzhang/Work/current/FNAL_Work2024/michel_e/t0_tagging/pdhd_DATA_v2/t0_rootFiles/new20250808_MC/wvf_merged_applyCut_20250819/wvfFind_event3402_trackID18_opNum8_merged.root

Threshold for summed wvf: 0.3
Histogram: total
    Peak at bin 16, Left Height: 10.6575, Right Height: 1.11688
    Peak at bin 127, Left Height: 10.9753, Right Height: 9.38591
    Peak at bin 162, Left Height: 0.773282, Right Height: 2.10994
    Peak at bin 215, Left Height: 1.53475, Right Height: 0.684726
    Peak at bin 255, Left Height: 0.573189, Right Height: 0.891163
    Peak at bin 346, Left Height: 0.321897, Right Height: 1.07454
    Peak at bin 496, Left Height: 313.031, Right Height: 274.912
    Peak at bin 565, Left Height: 0.395713, Right Height: 15.6195
    Peak at bin 608, Left Height: 2.12687, Right Height: 18.3799
    Peak at bin 676, Left Height: 2.23064, Right Height: 5.75808
    Peak at bin 700, Left Height: 4.51766, Right Height: 5.22912
    Peak at bin 720, Left Height: 0.794716, Right Height: 3.19903
    Peak at bin 753, Left Height: 0.806995, Right Height: 0.417142
    Peak at bin 777, Left Height: 1.23735, Right Height: 1.42097
    Peak at bin 837, Left Height: 2.40705, Right Height: 0.939314
    Peak at bin 867, Left Height: 0.521834, Right Height: 1.46944
    Peak at bin 942, Left Height: 4.33282, Right Height: 0.458012
    Peak at bin 1003, Left Height: 2.36902, Right Height: 25.5597

Top total peaks (by true height): 496 127 700 

---- Saving Time info of muon and Michel candidates ----
[Saved] Muon time peak index: 496
        Intensity: 274.912
[Saved] Michel time peak: 127
        Intensity: 9.38591


[241] Processing file: /Users/shuaixiangzhang/Work/current/FNAL_Work2024/michel_e/t0_tagging/pdhd_DATA_v2/t0_rootFiles/new20250808_MC/wvf_merged_applyCut_20250819/wvfFind_event3407_trackID6_opNum9_merged.root

Threshold for summed wvf: 0.3
Histogram: total
    Peak at bin 127, Left Height: 43.1237, Right Height: 36.3733
    Peak at bin 173, Left Height: 8.56344, Right Height: 10.3747
    Peak at bin 222, Left Height: 0.421113, Right Height: 0.430124
    Peak at bin 240, Left Height: 1.23246, Right Height: 1.77158
    Peak at bin 295, Left Height: 0.770468, Right Height: 2.53185
    Peak at bin 325, Left Height: 1.39295, Right Height: 2.16319
    Peak at bin 372, Left Height: 0.351371, Right Height: 1.03564
    Peak at bin 399, Left Height: 0.498625, Right Height: 1.17642
    Peak at bin 544, Left Height: 0.593919, Right Height: 0.752336
    Peak at bin 626, Left Height: 0.495908, Right Height: 0.448618

Top total peaks (by true height): 127 173 325 

---- Saving Time info of muon and Michel candidates ----
[Saved] Muon time peak index: 127
        Intensity: 36.3733
[Saved] Michel time peak: 173
        Intensity: 8.56344


[242] Processing file: /Users/shuaixiangzhang/Work/current/FNAL_Work2024/michel_e/t0_tagging/pdhd_DATA_v2/t0_rootFiles/new20250808_MC/wvf_merged_applyCut_20250819/wvfFind_event3412_trackID4_opNum8_merged.root

Threshold for summed wvf: 0.3
Histogram: total
    Peak at bin 128, Left Height: 51.0361, Right Height: 35.2883
    Peak at bin 150, Left Height: 4.21272, Right Height: 11.5098
    Peak at bin 191, Left Height: 0.389509, Right Height: 5.44992
    Peak at bin 235, Left Height: 1.17086, Right Height: 0.666073
    Peak at bin 308, Left Height: 1.36963, Right Height: 0.947553
    Peak at bin 357, Left Height: 0.48188, Right Height: 0.637176
    Peak at bin 381, Left Height: 0.523382, Right Height: 0.824967
    Peak at bin 434, Left Height: 0.385638, Right Height: 0.842806
    Peak at bin 460, Left Height: 0.348111, Right Height: 0.559304
    Peak at bin 501, Left Height: 0.463029, Right Height: 0.584965
    Peak at bin 550, Left Height: 0.659764, Right Height: 0.45612
    Peak at bin 613, Left Height: 0.534288, Right Height: 0.405847

Top total peaks (by true height): 128 150 308 

---- Saving Time info of muon and Michel candidates ----
[Saved] Muon time peak index: 128
        Intensity: 35.2883
[Saved] Michel time peak: 150
        Intensity: 4.21272


[243] Processing file: /Users/shuaixiangzhang/Work/current/FNAL_Work2024/michel_e/t0_tagging/pdhd_DATA_v2/t0_rootFiles/new20250808_MC/wvf_merged_applyCut_20250819/wvfFind_event341_trackID5_opNum5_merged.root

Threshold for summed wvf: 0.3
Histogram: total
    Peak at bin 127, Left Height: 8.00944, Right Height: 7.12253
    Peak at bin 235, Left Height: 0.470054, Right Height: 0.835639
    Peak at bin 266, Left Height: 0.667487, Right Height: 0.47839
    Peak at bin 370, Left Height: 0.909604, Right Height: 0.813995

Top total peaks (by true height): 127 370 266 

---- Saving Time info of muon and Michel candidates ----
[Saved] Muon time peak index: 127
        Intensity: 7.12253
[Saved] Michel time peak: 370
        Intensity: 0.813995


[244] Processing file: /Users/shuaixiangzhang/Work/current/FNAL_Work2024/michel_e/t0_tagging/pdhd_DATA_v2/t0_rootFiles/new20250808_MC/wvf_merged_applyCut_20250819/wvfFind_event3447_trackID20_opNum6_merged.root

Threshold for summed wvf: 0.3
Histogram: total
    Peak at bin 123, Left Height: 4.29856, Right Height: 1.60209
    Peak at bin 183, Left Height: 0.724099, Right Height: 1.58654
    Peak at bin 216, Left Height: 0.780606, Right Height: 0.998779
    Peak at bin 249, Left Height: 0.640992, Right Height: 0.934571
    Peak at bin 287, Left Height: 0.679746, Right Height: 0.346852
    Peak at bin 309, Left Height: 0.450307, Right Height: 1.01619

Top total peaks (by true height): 123 216 183 

---- Saving Time info of muon and Michel candidates ----
[Saved] Muon time peak index: 123
        Intensity: 1.60209
[Saved] Michel time peak: 216
        Intensity: 0.780606


[245] Processing file: /Users/shuaixiangzhang/Work/current/FNAL_Work2024/michel_e/t0_tagging/pdhd_DATA_v2/t0_rootFiles/new20250808_MC/wvf_merged_applyCut_20250819/wvfFind_event3447_trackID42_opNum8_merged.root

Threshold for summed wvf: 0.3
Histogram: total
    Peak at bin 125, Left Height: 4.49814, Right Height: 2.21118
    Peak at bin 292, Left Height: 0.638557, Right Height: 0.794291

Top total peaks (by true height): 125 292 

---- Saving Time info of muon and Michel candidates ----
[Saved] Muon time peak index: 125
        Intensity: 2.21118
[Saved] Michel time peak: 292
        Intensity: 0.638557


[246] Processing file: /Users/shuaixiangzhang/Work/current/FNAL_Work2024/michel_e/t0_tagging/pdhd_DATA_v2/t0_rootFiles/new20250808_MC/wvf_merged_applyCut_20250819/wvfFind_event3465_trackID7_opNum9_merged.root

Threshold for summed wvf: 0.3
Histogram: total
    Peak at bin 125, Left Height: 7.33425, Right Height: 6.15358
    Peak at bin 157, Left Height: 0.482091, Right Height: 0.69166
    Peak at bin 184, Left Height: 0.3167, Right Height: 0.435855
    Peak at bin 204, Left Height: 0.305078, Right Height: 0.737877
    Peak at bin 232, Left Height: 0.556958, Right Height: 0.39911
    Peak at bin 393, Left Height: 0.362529, Right Height: 0.38048
    Peak at bin 431, Left Height: 0.442902, Right Height: 0.331263

Top total peaks (by true height): 125 157 232 

---- Saving Time info of muon and Michel candidates ----
[Saved] Muon time peak index: 125
        Intensity: 6.15358
[Saved] Michel time peak: 157
        Intensity: 0.482091


[247] Processing file: /Users/shuaixiangzhang/Work/current/FNAL_Work2024/michel_e/t0_tagging/pdhd_DATA_v2/t0_rootFiles/new20250808_MC/wvf_merged_applyCut_20250819/wvfFind_event3466_trackID16_opNum4_merged.root

Threshold for summed wvf: 0.3
Histogram: total
    Peak at bin 123, Left Height: 2.96096, Right Height: 3.02806
    Peak at bin 159, Left Height: 0.854483, Right Height: 0.747853
    Peak at bin 327, Left Height: 0.610328, Right Height: 0.340695

Top total peaks (by true height): 123 159 327 

---- Saving Time info of muon and Michel candidates ----
[Saved] Muon time peak index: 123
        Intensity: 2.96096
[Saved] Michel time peak: 159
        Intensity: 0.747853


[248] Processing file: /Users/shuaixiangzhang/Work/current/FNAL_Work2024/michel_e/t0_tagging/pdhd_DATA_v2/t0_rootFiles/new20250808_MC/wvf_merged_applyCut_20250819/wvfFind_event3477_trackID22_opNum6_merged.root

Threshold for summed wvf: 0.3
Histogram: total
    Peak at bin 121, Left Height: 2.1544, Right Height: 1.5428
    Peak at bin 145, Left Height: 0.539106, Right Height: 1.26549
    Peak at bin 184, Left Height: 0.722925, Right Height: 0.548384
    Peak at bin 247, Left Height: 0.440456, Right Height: 0.371366

Top total peaks (by true height): 121 184 145 

---- Saving Time info of muon and Michel candidates ----
[Saved] Muon time peak index: 121
        Intensity: 1.5428
[Saved] Michel time peak: 184
        Intensity: 0.548384


[249] Processing file: /Users/shuaixiangzhang/Work/current/FNAL_Work2024/michel_e/t0_tagging/pdhd_DATA_v2/t0_rootFiles/new20250808_MC/wvf_merged_applyCut_20250819/wvfFind_event348_trackID4_opNum9_merged.root

Threshold for summed wvf: 0.3
Histogram: total
    Peak at bin 128, Left Height: 18.5526, Right Height: 13.6231
    Peak at bin 177, Left Height: 3.35979, Right Height: 4.79576
    Peak at bin 210, Left Height: 1.60235, Right Height: 1.84817
    Peak at bin 299, Left Height: 0.59728, Right Height: 1.45456

Top total peaks (by true height): 128 177 210 

---- Saving Time info of muon and Michel candidates ----
[Saved] Muon time peak index: 128
        Intensity: 13.6231
[Saved] Michel time peak: 177
        Intensity: 3.35979


[250] Processing file: /Users/shuaixiangzhang/Work/current/FNAL_Work2024/michel_e/t0_tagging/pdhd_DATA_v2/t0_rootFiles/new20250808_MC/wvf_merged_applyCut_20250819/wvfFind_event348_trackID7_opNum6_merged.root

Threshold for summed wvf: 0.3
Histogram: total
    Peak at bin 129, Left Height: 20.8263, Right Height: 16.3277
    Peak at bin 187, Left Height: 0.591898, Right Height: 1.23295
    Peak at bin 214, Left Height: 0.715849, Right Height: 0.932563
    Peak at bin 341, Left Height: 0.430628, Right Height: 1.19257

Top total peaks (by true height): 129 214 187 

---- Saving Time info of muon and Michel candidates ----
[Saved] Muon time peak index: 129
        Intensity: 16.3277
[Saved] Michel time peak: 214
        Intensity: 0.715849


[251] Processing file: /Users/shuaixiangzhang/Work/current/FNAL_Work2024/michel_e/t0_tagging/pdhd_DATA_v2/t0_rootFiles/new20250808_MC/wvf_merged_applyCut_20250819/wvfFind_event3504_trackID16_opNum9_merged.root

Threshold for summed wvf: 0.3
Histogram: total
    Peak at bin 126, Left Height: 15.4611, Right Height: 12.9132
    Peak at bin 253, Left Height: 0.822487, Right Height: 1.26852
    Peak at bin 297, Left Height: 0.845715, Right Height: 1.32932
    Peak at bin 347, Left Height: 0.602741, Right Height: 0.406925
    Peak at bin 403, Left Height: 0.862426, Right Height: 1.09592
    Peak at bin 444, Left Height: 0.363078, Right Height: 0.372708

Top total peaks (by true height): 126 403 297 

---- Saving Time info of muon and Michel candidates ----
[Saved] Muon time peak index: 126
        Intensity: 12.9132
[Saved] Michel time peak: 403
        Intensity: 0.862426


[252] Processing file: /Users/shuaixiangzhang/Work/current/FNAL_Work2024/michel_e/t0_tagging/pdhd_DATA_v2/t0_rootFiles/new20250808_MC/wvf_merged_applyCut_20250819/wvfFind_event3517_trackID4_opNum9_merged.root

Threshold for summed wvf: 0.3
Histogram: total
    Peak at bin 126, Left Height: 13.241, Right Height: 8.87878
    Peak at bin 146, Left Height: 0.509477, Right Height: 2.74185
    Peak at bin 187, Left Height: 1.42577, Right Height: 2.65655
    Peak at bin 374, Left Height: 0.728341, Right Height: 0.572818

Top total peaks (by true height): 126 187 374 

---- Saving Time info of muon and Michel candidates ----
[Saved] Muon time peak index: 126
        Intensity: 8.87878
[Saved] Michel time peak: 187
        Intensity: 1.42577


[253] Processing file: /Users/shuaixiangzhang/Work/current/FNAL_Work2024/michel_e/t0_tagging/pdhd_DATA_v2/t0_rootFiles/new20250808_MC/wvf_merged_applyCut_20250819/wvfFind_event3521_trackID4_opNum8_merged.root

Threshold for summed wvf: 0.3
Histogram: total
    Peak at bin 128, Left Height: 127.304, Right Height: 116.86
    Peak at bin 154, Left Height: 3.3981, Right Height: 4.6323
    Peak at bin 183, Left Height: 2.62613, Right Height: 10.3015
    Peak at bin 262, Left Height: 0.418751, Right Height: 5.17229
    Peak at bin 306, Left Height: 2.50789, Right Height: 1.49364
    Peak at bin 352, Left Height: 0.511102, Right Height: 0.472768
    Peak at bin 379, Left Height: 0.773157, Right Height: 1.27105
    Peak at bin 405, Left Height: 1.50146, Right Height: 0.925835
    Peak at bin 425, Left Height: 0.307719, Right Height: 0.963328
    Peak at bin 555, Left Height: 1.17438, Right Height: 0.913531
    Peak at bin 704, Left Height: 0.516081, Right Height: 0.412361
    Peak at bin 1020, Left Height: 1.30059, Right Height: 0.346046

Top total peaks (by true height): 128 154 183 

---- Saving Time info of muon and Michel candidates ----
[Saved] Muon time peak index: 128
        Intensity: 116.86
[Saved] Michel time peak: 154
        Intensity: 3.3981


[254] Processing file: /Users/shuaixiangzhang/Work/current/FNAL_Work2024/michel_e/t0_tagging/pdhd_DATA_v2/t0_rootFiles/new20250808_MC/wvf_merged_applyCut_20250819/wvfFind_event352_trackID19_opNum9_merged.root

Threshold for summed wvf: 0.3
Histogram: total
    Peak at bin 127, Left Height: 17.498, Right Height: 15.2667
    Peak at bin 230, Left Height: 0.403082, Right Height: 1.11067
    Peak at bin 265, Left Height: 0.429611, Right Height: 0.670491
    Peak at bin 352, Left Height: 1.04197, Right Height: 0.723413

Top total peaks (by true height): 127 352 265 

---- Saving Time info of muon and Michel candidates ----
[Saved] Muon time peak index: 127
        Intensity: 15.2667
[Saved] Michel time peak: 352
        Intensity: 0.723413


[255] Processing file: /Users/shuaixiangzhang/Work/current/FNAL_Work2024/michel_e/t0_tagging/pdhd_DATA_v2/t0_rootFiles/new20250808_MC/wvf_merged_applyCut_20250819/wvfFind_event3532_trackID17_opNum7_merged.root

Threshold for summed wvf: 0.3
Histogram: total
    Peak at bin 126, Left Height: 6.12091, Right Height: 5.10248
    Peak at bin 210, Left Height: 0.4044, Right Height: 0.539525
    Peak at bin 245, Left Height: 0.844703, Right Height: 1.26175
    Peak at bin 383, Left Height: 0.427257, Right Height: 0.385025
    Peak at bin 447, Left Height: 0.839284, Right Height: 0.867779
    Peak at bin 592, Left Height: 0.351696, Right Height: 0.337683

Top total peaks (by true height): 126 245 447 

---- Saving Time info of muon and Michel candidates ----
[Saved] Muon time peak index: 126
        Intensity: 5.10248
[Saved] Michel time peak: 245
        Intensity: 0.844703


[256] Processing file: /Users/shuaixiangzhang/Work/current/FNAL_Work2024/michel_e/t0_tagging/pdhd_DATA_v2/t0_rootFiles/new20250808_MC/wvf_merged_applyCut_20250819/wvfFind_event3536_trackID4_opNum4_merged.root

Threshold for summed wvf: 0.3
Histogram: total
    Peak at bin 125, Left Height: 2.92743, Right Height: 2.84606
    Peak at bin 284, Left Height: 0.312723, Right Height: 0.310118
    Peak at bin 350, Left Height: 0.463445, Right Height: 0.373995

Top total peaks (by true height): 125 350 284 

---- Saving Time info of muon and Michel candidates ----
[Saved] Muon time peak index: 125
        Intensity: 2.84606
[Saved] Michel time peak: 350
        Intensity: 0.373995


[257] Processing file: /Users/shuaixiangzhang/Work/current/FNAL_Work2024/michel_e/t0_tagging/pdhd_DATA_v2/t0_rootFiles/new20250808_MC/wvf_merged_applyCut_20250819/wvfFind_event3541_trackID9_opNum9_merged.root

Threshold for summed wvf: 0.3
Histogram: total
    Peak at bin 125, Left Height: 5.96225, Right Height: 5.37843
    Peak at bin 171, Left Height: 1.26407, Right Height: 1.12383
    Peak at bin 203, Left Height: 0.677733, Right Height: 1.02638
    Peak at bin 259, Left Height: 0.492521, Right Height: 0.458817

Top total peaks (by true height): 125 171 203 

---- Saving Time info of muon and Michel candidates ----
[Saved] Muon time peak index: 125
        Intensity: 5.37843
[Saved] Michel time peak: 171
        Intensity: 1.12383


[258] Processing file: /Users/shuaixiangzhang/Work/current/FNAL_Work2024/michel_e/t0_tagging/pdhd_DATA_v2/t0_rootFiles/new20250808_MC/wvf_merged_applyCut_20250819/wvfFind_event3547_trackID3_opNum9_merged.root

Threshold for summed wvf: 0.3
Histogram: total
    Peak at bin 129, Left Height: 39.3094, Right Height: 33.1049
    Peak at bin 221, Left Height: 5.34424, Right Height: 7.86695
    Peak at bin 296, Left Height: 0.403853, Right Height: 1.36124
    Peak at bin 325, Left Height: 0.625609, Right Height: 1.0705
    Peak at bin 353, Left Height: 1.45937, Right Height: 1.79254
    Peak at bin 451, Left Height: 0.330347, Right Height: 0.607208

Top total peaks (by true height): 129 221 353 

---- Saving Time info of muon and Michel candidates ----
[Saved] Muon time peak index: 129
        Intensity: 33.1049
[Saved] Michel time peak: 221
        Intensity: 5.34424


[259] Processing file: /Users/shuaixiangzhang/Work/current/FNAL_Work2024/michel_e/t0_tagging/pdhd_DATA_v2/t0_rootFiles/new20250808_MC/wvf_merged_applyCut_20250819/wvfFind_event3552_trackID2_opNum9_merged.root

Threshold for summed wvf: 0.3
Histogram: total
    Peak at bin 128, Left Height: 67.5904, Right Height: 48.4533
    Peak at bin 151, Left Height: 4.36743, Right Height: 13.4056
    Peak at bin 185, Left Height: 0.756604, Right Height: 7.32981
    Peak at bin 249, Left Height: 1.68701, Right Height: 1.62428
    Peak at bin 278, Left Height: 0.968285, Right Height: 2.98373
    Peak at bin 309, Left Height: 1.41566, Right Height: 1.26106
    Peak at bin 352, Left Height: 0.332746, Right Height: 0.379277
    Peak at bin 377, Left Height: 0.50207, Right Height: 0.463427
    Peak at bin 417, Left Height: 0.965178, Right Height: 0.998431
    Peak at bin 446, Left Height: 0.484732, Right Height: 0.702263
    Peak at bin 509, Left Height: 0.578542, Right Height: 1.08714
    Peak at bin 578, Left Height: 1.04071, Right Height: 0.96187
    Peak at bin 615, Left Height: 0.448728, Right Height: 0.3306

Top total peaks (by true height): 128 151 249 

---- Saving Time info of muon and Michel candidates ----
[Saved] Muon time peak index: 128
        Intensity: 48.4533
[Saved] Michel time peak: 151
        Intensity: 4.36743


[260] Processing file: /Users/shuaixiangzhang/Work/current/FNAL_Work2024/michel_e/t0_tagging/pdhd_DATA_v2/t0_rootFiles/new20250808_MC/wvf_merged_applyCut_20250819/wvfFind_event3562_trackID13_opNum8_merged.root

Threshold for summed wvf: 0.3
Histogram: total
    Peak at bin 127, Left Height: 24.3022, Right Height: 22.1795
    Peak at bin 166, Left Height: 1.82016, Right Height: 1.08045
    Peak at bin 195, Left Height: 0.918085, Right Height: 3.07928
    Peak at bin 230, Left Height: 2.40849, Right Height: 2.02797
    Peak at bin 263, Left Height: 0.438324, Right Height: 1.65551
    Peak at bin 304, Left Height: 0.979741, Right Height: 0.560269
    Peak at bin 345, Left Height: 0.450352, Right Height: 0.541619
    Peak at bin 487, Left Height: 42.0546, Right Height: 37.272
    Peak at bin 525, Left Height: 1.18296, Right Height: 3.15778
    Peak at bin 554, Left Height: 0.994827, Right Height: 2.26912
    Peak at bin 626, Left Height: 0.527871, Right Height: 0.622168
    Peak at bin 658, Left Height: 0.33889, Right Height: 0.965799
    Peak at bin 690, Left Height: 0.4099, Right Height: 0.614106
    Peak at bin 849, Left Height: 0.877562, Right Height: 0.327173
    Peak at bin 940, Left Height: 0.594931, Right Height: 0.369675

Top total peaks (by true height): 487 127 230 

---- Saving Time info of muon and Michel candidates ----
[Saved] Muon time peak index: 487
        Intensity: 37.272
[Saved] Michel time peak: 127
        Intensity: 22.1795


[261] Processing file: /Users/shuaixiangzhang/Work/current/FNAL_Work2024/michel_e/t0_tagging/pdhd_DATA_v2/t0_rootFiles/new20250808_MC/wvf_merged_applyCut_20250819/wvfFind_event3567_trackID20_opNum6_merged.root

Threshold for summed wvf: 0.3
Histogram: total
    Peak at bin 125, Left Height: 3.6594, Right Height: 2.56731

Top total peaks (by true height): 125 0 

---- Saving Time info of muon and Michel candidates ----
[Saved] Muon time peak index: 125
        Intensity: 2.56731
[Saved] Michel time peak: 0
        Intensity: 0


[262] Processing file: /Users/shuaixiangzhang/Work/current/FNAL_Work2024/michel_e/t0_tagging/pdhd_DATA_v2/t0_rootFiles/new20250808_MC/wvf_merged_applyCut_20250819/wvfFind_event3573_trackID8_opNum8_merged.root

Threshold for summed wvf: 0.3
Histogram: total
    Peak at bin 126, Left Height: 10.57, Right Height: 7.73581
    Peak at bin 228, Left Height: 0.873962, Right Height: 0.829506
    Peak at bin 266, Left Height: 1.6018, Right Height: 1.6723
    Peak at bin 338, Left Height: 0.301944, Right Height: 0.313279
    Peak at bin 358, Left Height: 0.305303, Right Height: 0.417366
    Peak at bin 419, Left Height: 0.305605, Right Height: 0.390797
    Peak at bin 574, Left Height: 0.491469, Right Height: 0.461796

Top total peaks (by true height): 126 266 228 

---- Saving Time info of muon and Michel candidates ----
[Saved] Muon time peak index: 126
        Intensity: 7.73581
[Saved] Michel time peak: 266
        Intensity: 1.6018


[263] Processing file: /Users/shuaixiangzhang/Work/current/FNAL_Work2024/michel_e/t0_tagging/pdhd_DATA_v2/t0_rootFiles/new20250808_MC/wvf_merged_applyCut_20250819/wvfFind_event3579_trackID9_opNum6_merged.root

Threshold for summed wvf: 0.3
Histogram: total
    Peak at bin 127, Left Height: 7.77885, Right Height: 6.53642
    Peak at bin 163, Left Height: 0.718115, Right Height: 1.04389
    Peak at bin 202, Left Height: 0.546945, Right Height: 0.448531
    Peak at bin 250, Left Height: 1.1573, Right Height: 1.19606
    Peak at bin 338, Left Height: 0.400971, Right Height: 0.733286
    Peak at bin 410, Left Height: 0.336034, Right Height: 0.333775
    Peak at bin 499, Left Height: 0.341634, Right Height: 0.369087

Top total peaks (by true height): 127 250 163 

---- Saving Time info of muon and Michel candidates ----
[Saved] Muon time peak index: 127
        Intensity: 6.53642
[Saved] Michel time peak: 250
        Intensity: 1.1573


[264] Processing file: /Users/shuaixiangzhang/Work/current/FNAL_Work2024/michel_e/t0_tagging/pdhd_DATA_v2/t0_rootFiles/new20250808_MC/wvf_merged_applyCut_20250819/wvfFind_event3610_trackID16_opNum8_merged.root

Threshold for summed wvf: 0.3
Histogram: total
    Peak at bin 126, Left Height: 12.1177, Right Height: 8.4368
    Peak at bin 168, Left Height: 0.332859, Right Height: 1.19555
    Peak at bin 196, Left Height: 0.440478, Right Height: 0.649477
    Peak at bin 350, Left Height: 0.369404, Right Height: 0.531552
    Peak at bin 381, Left Height: 0.814613, Right Height: 0.307974
    Peak at bin 463, Left Height: 0.31926, Right Height: 0.307233

Top total peaks (by true height): 126 196 350 

---- Saving Time info of muon and Michel candidates ----
[Saved] Muon time peak index: 126
        Intensity: 8.4368
[Saved] Michel time peak: 196
        Intensity: 0.440478


[265] Processing file: /Users/shuaixiangzhang/Work/current/FNAL_Work2024/michel_e/t0_tagging/pdhd_DATA_v2/t0_rootFiles/new20250808_MC/wvf_merged_applyCut_20250819/wvfFind_event3619_trackID15_opNum6_merged.root

Threshold for summed wvf: 0.3
Histogram: total
    Peak at bin 124, Left Height: 3.45886, Right Height: 2.72366
    Peak at bin 171, Left Height: 0.361353, Right Height: 0.530666
    Peak at bin 241, Left Height: 0.632948, Right Height: 0.537777
    Peak at bin 315, Left Height: 0.341839, Right Height: 0.470766
    Peak at bin 343, Left Height: 0.518308, Right Height: 0.445903
    Peak at bin 393, Left Height: 0.347997, Right Height: 0.347121

Top total peaks (by true height): 124 241 343 

---- Saving Time info of muon and Michel candidates ----
[Saved] Muon time peak index: 124
        Intensity: 2.72366
[Saved] Michel time peak: 241
        Intensity: 0.537777


[266] Processing file: /Users/shuaixiangzhang/Work/current/FNAL_Work2024/michel_e/t0_tagging/pdhd_DATA_v2/t0_rootFiles/new20250808_MC/wvf_merged_applyCut_20250819/wvfFind_event3637_trackID5_opNum9_merged.root

Threshold for summed wvf: 0.3
Histogram: total
    Peak at bin 127, Left Height: 9.57617, Right Height: 6.25532
    Peak at bin 167, Left Height: 1.57162, Right Height: 2.1199
    Peak at bin 283, Left Height: 0.475208, Right Height: 0.63124
    Peak at bin 328, Left Height: 0.448952, Right Height: 0.305902

Top total peaks (by true height): 127 167 283 

---- Saving Time info of muon and Michel candidates ----
[Saved] Muon time peak index: 127
        Intensity: 6.25532
[Saved] Michel time peak: 167
        Intensity: 1.57162


[267] Processing file: /Users/shuaixiangzhang/Work/current/FNAL_Work2024/michel_e/t0_tagging/pdhd_DATA_v2/t0_rootFiles/new20250808_MC/wvf_merged_applyCut_20250819/wvfFind_event3645_trackID7_opNum9_merged.root

Threshold for summed wvf: 0.3
Histogram: total
    Peak at bin 127, Left Height: 23.1896, Right Height: 21.9378
    Peak at bin 240, Left Height: 1.15577, Right Height: 1.8039
    Peak at bin 263, Left Height: 0.327242, Right Height: 0.796878
    Peak at bin 297, Left Height: 1.27436, Right Height: 1.82889
    Peak at bin 332, Left Height: 1.36198, Right Height: 1.65055
    Peak at bin 361, Left Height: 0.530809, Right Height: 0.341014
    Peak at bin 383, Left Height: 0.474656, Right Height: 0.579118
    Peak at bin 409, Left Height: 0.832176, Right Height: 0.511233
    Peak at bin 470, Left Height: 0.350671, Right Height: 0.86511
    Peak at bin 511, Left Height: 0.636595, Right Height: 0.529096

Top total peaks (by true height): 127 332 297 

---- Saving Time info of muon and Michel candidates ----
[Saved] Muon time peak index: 127
        Intensity: 21.9378
[Saved] Michel time peak: 332
        Intensity: 1.36198


[268] Processing file: /Users/shuaixiangzhang/Work/current/FNAL_Work2024/michel_e/t0_tagging/pdhd_DATA_v2/t0_rootFiles/new20250808_MC/wvf_merged_applyCut_20250819/wvfFind_event3646_trackID11_opNum6_merged.root

Threshold for summed wvf: 0.3
Histogram: total
    Peak at bin 124, Left Height: 3.31386, Right Height: 2.36411
    Peak at bin 206, Left Height: 0.54997, Right Height: 0.815565
    Peak at bin 259, Left Height: 1.06946, Right Height: 1.04607

Top total peaks (by true height): 124 259 206 

---- Saving Time info of muon and Michel candidates ----
[Saved] Muon time peak index: 124
        Intensity: 2.36411
[Saved] Michel time peak: 259
        Intensity: 1.04607


[269] Processing file: /Users/shuaixiangzhang/Work/current/FNAL_Work2024/michel_e/t0_tagging/pdhd_DATA_v2/t0_rootFiles/new20250808_MC/wvf_merged_applyCut_20250819/wvfFind_event3648_trackID8_opNum5_merged.root

Threshold for summed wvf: 0.3
Histogram: total
    Peak at bin 125, Left Height: 2.61239, Right Height: 1.93305
    Peak at bin 203, Left Height: 0.440387, Right Height: 0.771756
    Peak at bin 346, Left Height: 0.325659, Right Height: 0.412968

Top total peaks (by true height): 125 203 346 

---- Saving Time info of muon and Michel candidates ----
[Saved] Muon time peak index: 125
        Intensity: 1.93305
[Saved] Michel time peak: 203
        Intensity: 0.440387


[270] Processing file: /Users/shuaixiangzhang/Work/current/FNAL_Work2024/michel_e/t0_tagging/pdhd_DATA_v2/t0_rootFiles/new20250808_MC/wvf_merged_applyCut_20250819/wvfFind_event3654_trackID16_opNum7_merged.root

Threshold for summed wvf: 0.3
Histogram: total
    Peak at bin 125, Left Height: 4.48099, Right Height: 3.35873
    Peak at bin 193, Left Height: 0.977127, Right Height: 0.856498
    Peak at bin 252, Left Height: 0.876497, Right Height: 0.931
    Peak at bin 553, Left Height: 0.32642, Right Height: 0.330647

Top total peaks (by true height): 125 252 193 

---- Saving Time info of muon and Michel candidates ----
[Saved] Muon time peak index: 125
        Intensity: 3.35873
[Saved] Michel time peak: 252
        Intensity: 0.876497


[271] Processing file: /Users/shuaixiangzhang/Work/current/FNAL_Work2024/michel_e/t0_tagging/pdhd_DATA_v2/t0_rootFiles/new20250808_MC/wvf_merged_applyCut_20250819/wvfFind_event3667_trackID6_opNum9_merged.root

Threshold for summed wvf: 0.3
Histogram: total
    Peak at bin 128, Left Height: 28.6419, Right Height: 22.6283
    Peak at bin 167, Left Height: 0.69575, Right Height: 3.57581
    Peak at bin 220, Left Height: 0.88764, Right Height: 1.76268
    Peak at bin 253, Left Height: 4.48033, Right Height: 4.71622
    Peak at bin 294, Left Height: 0.793518, Right Height: 1.33292
    Peak at bin 325, Left Height: 1.18719, Right Height: 1.65177
    Peak at bin 637, Left Height: 0.320897, Right Height: 0.341715

Top total peaks (by true height): 128 253 325 

---- Saving Time info of muon and Michel candidates ----
[Saved] Muon time peak index: 128
        Intensity: 22.6283
[Saved] Michel time peak: 253
        Intensity: 4.48033


[272] Processing file: /Users/shuaixiangzhang/Work/current/FNAL_Work2024/michel_e/t0_tagging/pdhd_DATA_v2/t0_rootFiles/new20250808_MC/wvf_merged_applyCut_20250819/wvfFind_event3670_trackID12_opNum9_merged.root

Threshold for summed wvf: 0.3
Histogram: total
    Peak at bin 124, Left Height: 4.40047, Right Height: 3.08715
    Peak at bin 153, Left Height: 0.381591, Right Height: 0.789981
    Peak at bin 218, Left Height: 0.605817, Right Height: 0.873869
    Peak at bin 248, Left Height: 0.546906, Right Height: 0.513716
    Peak at bin 276, Left Height: 0.707357, Right Height: 1.04393

Top total peaks (by true height): 124 276 218 

---- Saving Time info of muon and Michel candidates ----
[Saved] Muon time peak index: 124
        Intensity: 3.08715
[Saved] Michel time peak: 276
        Intensity: 0.707357


[273] Processing file: /Users/shuaixiangzhang/Work/current/FNAL_Work2024/michel_e/t0_tagging/pdhd_DATA_v2/t0_rootFiles/new20250808_MC/wvf_merged_applyCut_20250819/wvfFind_event3677_trackID25_opNum8_merged.root

Threshold for summed wvf: 0.3
Histogram: total
    Peak at bin 125, Left Height: 7.96538, Right Height: 6.63707
    Peak at bin 150, Left Height: 0.476264, Right Height: 1.06482
    Peak at bin 237, Left Height: 1.80734, Right Height: 2.22084
    Peak at bin 298, Left Height: 0.34482, Right Height: 0.565006
    Peak at bin 439, Left Height: 0.354856, Right Height: 0.450095
    Peak at bin 498, Left Height: 0.640265, Right Height: 0.677482

Top total peaks (by true height): 125 237 498 

---- Saving Time info of muon and Michel candidates ----
[Saved] Muon time peak index: 125
        Intensity: 6.63707
[Saved] Michel time peak: 237
        Intensity: 1.80734


[274] Processing file: /Users/shuaixiangzhang/Work/current/FNAL_Work2024/michel_e/t0_tagging/pdhd_DATA_v2/t0_rootFiles/new20250808_MC/wvf_merged_applyCut_20250819/wvfFind_event3682_trackID13_opNum9_merged.root

Threshold for summed wvf: 0.3
Histogram: total
    Peak at bin 127, Left Height: 26.4101, Right Height: 23.8385
    Peak at bin 151, Left Height: 0.700014, Right Height: 0.400313
    Peak at bin 172, Left Height: 1.34033, Right Height: 2.53007
    Peak at bin 215, Left Height: 1.26574, Right Height: 2.05893
    Peak at bin 307, Left Height: 0.840837, Right Height: 0.777291
    Peak at bin 348, Left Height: 0.654934, Right Height: 1.14736
    Peak at bin 392, Left Height: 0.89593, Right Height: 0.472729
    Peak at bin 421, Left Height: 0.490232, Right Height: 0.772905
    Peak at bin 584, Left Height: 0.327574, Right Height: 0.316639
    Peak at bin 704, Left Height: 0.349387, Right Height: 0.363047

Top total peaks (by true height): 127 172 215 

---- Saving Time info of muon and Michel candidates ----
[Saved] Muon time peak index: 127
        Intensity: 23.8385
[Saved] Michel time peak: 172
        Intensity: 1.34033


[275] Processing file: /Users/shuaixiangzhang/Work/current/FNAL_Work2024/michel_e/t0_tagging/pdhd_DATA_v2/t0_rootFiles/new20250808_MC/wvf_merged_applyCut_20250819/wvfFind_event3695_trackID38_opNum5_merged.root

Threshold for summed wvf: 0.3
Histogram: total
    Peak at bin 122, Left Height: 2.03836, Right Height: 1.69993

Top total peaks (by true height): 122 0 

---- Saving Time info of muon and Michel candidates ----
[Saved] Muon time peak index: 122
        Intensity: 1.69993
[Saved] Michel time peak: 0
        Intensity: 0


[276] Processing file: /Users/shuaixiangzhang/Work/current/FNAL_Work2024/michel_e/t0_tagging/pdhd_DATA_v2/t0_rootFiles/new20250808_MC/wvf_merged_applyCut_20250819/wvfFind_event3732_trackID2_opNum4_merged.root

Threshold for summed wvf: 0.3
Histogram: total
    Peak at bin 124, Left Height: 1.94471, Right Height: 1.68435
    Peak at bin 171, Left Height: 0.667157, Right Height: 0.644056

Top total peaks (by true height): 124 171 

---- Saving Time info of muon and Michel candidates ----
[Saved] Muon time peak index: 124
        Intensity: 1.68435
[Saved] Michel time peak: 171
        Intensity: 0.644056


[277] Processing file: /Users/shuaixiangzhang/Work/current/FNAL_Work2024/michel_e/t0_tagging/pdhd_DATA_v2/t0_rootFiles/new20250808_MC/wvf_merged_applyCut_20250819/wvfFind_event3738_trackID1_opNum5_merged.root

Threshold for summed wvf: 0.3
Histogram: total
    Peak at bin 127, Left Height: 17.8709, Right Height: 13.5454
    Peak at bin 188, Left Height: 0.414948, Right Height: 1.16593
    Peak at bin 251, Left Height: 0.683817, Right Height: 0.984803
    Peak at bin 289, Left Height: 2.25487, Right Height: 2.54723
    Peak at bin 343, Left Height: 1.03621, Right Height: 0.603481
    Peak at bin 447, Left Height: 0.3458, Right Height: 0.464522

Top total peaks (by true height): 127 289 251 

---- Saving Time info of muon and Michel candidates ----
[Saved] Muon time peak index: 127
        Intensity: 13.5454
[Saved] Michel time peak: 289
        Intensity: 2.25487


[278] Processing file: /Users/shuaixiangzhang/Work/current/FNAL_Work2024/michel_e/t0_tagging/pdhd_DATA_v2/t0_rootFiles/new20250808_MC/wvf_merged_applyCut_20250819/wvfFind_event3760_trackID2_opNum9_merged.root

Threshold for summed wvf: 0.3
Histogram: total
    Peak at bin 126, Left Height: 10.0842, Right Height: 7.65975
    Peak at bin 193, Left Height: 0.562897, Right Height: 0.602767
    Peak at bin 297, Left Height: 1.08095, Right Height: 0.764064
    Peak at bin 406, Left Height: 0.339401, Right Height: 0.515465

Top total peaks (by true height): 126 297 193 

---- Saving Time info of muon and Michel candidates ----
[Saved] Muon time peak index: 126
        Intensity: 7.65975
[Saved] Michel time peak: 297
        Intensity: 0.764064


[279] Processing file: /Users/shuaixiangzhang/Work/current/FNAL_Work2024/michel_e/t0_tagging/pdhd_DATA_v2/t0_rootFiles/new20250808_MC/wvf_merged_applyCut_20250819/wvfFind_event3772_trackID5_opNum9_merged.root

Threshold for summed wvf: 0.3
Histogram: total
    Peak at bin 129, Left Height: 79.8942, Right Height: 66.7848
    Peak at bin 284, Left Height: 0.42162, Right Height: 1.83491
    Peak at bin 322, Left Height: 10.9609, Right Height: 11.418
    Peak at bin 362, Left Height: 1.0665, Right Height: 1.29208
    Peak at bin 390, Left Height: 0.354962, Right Height: 2.24135
    Peak at bin 450, Left Height: 0.384329, Right Height: 0.78187
    Peak at bin 474, Left Height: 0.725068, Right Height: 1.27321
    Peak at bin 514, Left Height: 0.366588, Right Height: 0.885978
    Peak at bin 688, Left Height: 0.360254, Right Height: 0.589032

Top total peaks (by true height): 129 322 362 

---- Saving Time info of muon and Michel candidates ----
[Saved] Muon time peak index: 129
        Intensity: 66.7848
[Saved] Michel time peak: 322
        Intensity: 10.9609


[280] Processing file: /Users/shuaixiangzhang/Work/current/FNAL_Work2024/michel_e/t0_tagging/pdhd_DATA_v2/t0_rootFiles/new20250808_MC/wvf_merged_applyCut_20250819/wvfFind_event3783_trackID8_opNum9_merged.root

Threshold for summed wvf: 0.3
Histogram: total
    Peak at bin 127, Left Height: 12.0097, Right Height: 8.13339
    Peak at bin 163, Left Height: 0.416844, Right Height: 1.61477
    Peak at bin 187, Left Height: 0.606635, Right Height: 2.01363
    Peak at bin 370, Left Height: 0.397949, Right Height: 0.691943
    Peak at bin 481, Left Height: 0.300053, Right Height: 0.3886

Top total peaks (by true height): 127 187 163 

---- Saving Time info of muon and Michel candidates ----
[Saved] Muon time peak index: 127
        Intensity: 8.13339
[Saved] Michel time peak: 187
        Intensity: 0.606635


[281] Processing file: /Users/shuaixiangzhang/Work/current/FNAL_Work2024/michel_e/t0_tagging/pdhd_DATA_v2/t0_rootFiles/new20250808_MC/wvf_merged_applyCut_20250819/wvfFind_event3786_trackID15_opNum5_merged.root

Threshold for summed wvf: 0.3
Histogram: total
    Peak at bin 126, Left Height: 5.42401, Right Height: 4.49777
    Peak at bin 498, Left Height: 0.965029, Right Height: 0.950328

Top total peaks (by true height): 126 498 

---- Saving Time info of muon and Michel candidates ----
[Saved] Muon time peak index: 126
        Intensity: 4.49777
[Saved] Michel time peak: 498
        Intensity: 0.950328


[282] Processing file: /Users/shuaixiangzhang/Work/current/FNAL_Work2024/michel_e/t0_tagging/pdhd_DATA_v2/t0_rootFiles/new20250808_MC/wvf_merged_applyCut_20250819/wvfFind_event3788_trackID15_opNum8_merged.root

Threshold for summed wvf: 0.3
Histogram: total
    Peak at bin 124, Left Height: 4.4655, Right Height: 3.68097
    Peak at bin 157, Left Height: 0.81709, Right Height: 1.14987
    Peak at bin 210, Left Height: 0.613878, Right Height: 0.529022
    Peak at bin 301, Left Height: 0.301246, Right Height: 0.540438

Top total peaks (by true height): 124 157 210 

---- Saving Time info of muon and Michel candidates ----
[Saved] Muon time peak index: 124
        Intensity: 3.68097
[Saved] Michel time peak: 157
        Intensity: 0.81709


[283] Processing file: /Users/shuaixiangzhang/Work/current/FNAL_Work2024/michel_e/t0_tagging/pdhd_DATA_v2/t0_rootFiles/new20250808_MC/wvf_merged_applyCut_20250819/wvfFind_event378_trackID20_opNum5_merged.root

Threshold for summed wvf: 0.3
Histogram: total
    Peak at bin 121, Left Height: 2.31697, Right Height: 2.23101
    Peak at bin 228, Left Height: 0.402114, Right Height: 0.31482

Top total peaks (by true height): 121 228 

---- Saving Time info of muon and Michel candidates ----
[Saved] Muon time peak index: 121
        Intensity: 2.23101
[Saved] Michel time peak: 228
        Intensity: 0.31482


[284] Processing file: /Users/shuaixiangzhang/Work/current/FNAL_Work2024/michel_e/t0_tagging/pdhd_DATA_v2/t0_rootFiles/new20250808_MC/wvf_merged_applyCut_20250819/wvfFind_event378_trackID3_opNum4.root

Threshold for summed wvf: 0.3
Histogram: total
    Peak at bin 126, Left Height: 8.09879, Right Height: 7.75465
    Peak at bin 161, Left Height: 2.0017, Right Height: 1.99741
    Peak at bin 205, Left Height: 1.35825, Right Height: 1.58909
    Peak at bin 261, Left Height: 0.767131, Right Height: 1.22908
    Peak at bin 304, Left Height: 0.611425, Right Height: 0.303607
    Peak at bin 401, Left Height: 0.54627, Right Height: 0.538953
    Peak at bin 448, Left Height: 0.612928, Right Height: 0.382796
    Peak at bin 496, Left Height: 0.383151, Right Height: 0.43076

Top total peaks (by true height): 126 161 205 

---- Saving Time info of muon and Michel candidates ----
[Saved] Muon time peak index: 126
        Intensity: 7.75465
[Saved] Michel time peak: 161
        Intensity: 1.99741


[285] Processing file: /Users/shuaixiangzhang/Work/current/FNAL_Work2024/michel_e/t0_tagging/pdhd_DATA_v2/t0_rootFiles/new20250808_MC/wvf_merged_applyCut_20250819/wvfFind_event378_trackID3_opNum4_2.root

Threshold for summed wvf: 0.3
Histogram: total
    Peak at bin 126, Left Height: 13.5682, Right Height: 12.7544
    Peak at bin 191, Left Height: 0.710796, Right Height: 2.25237
    Peak at bin 235, Left Height: 1.4011, Right Height: 1.65157
    Peak at bin 349, Left Height: 1.17421, Right Height: 0.875784
    Peak at bin 372, Left Height: 0.445302, Right Height: 0.591596
    Peak at bin 403, Left Height: 0.360733, Right Height: 0.325899
    Peak at bin 438, Left Height: 0.514427, Right Height: 0.361819
    Peak at bin 473, Left Height: 0.519837, Right Height: 0.487039
    Peak at bin 529, Left Height: 0.417776, Right Height: 0.535649
    Peak at bin 572, Left Height: 0.405055, Right Height: 0.331174

Top total peaks (by true height): 126 235 349 

---- Saving Time info of muon and Michel candidates ----
[Saved] Muon time peak index: 126
        Intensity: 12.7544
[Saved] Michel time peak: 235
        Intensity: 1.4011


[286] Processing file: /Users/shuaixiangzhang/Work/current/FNAL_Work2024/michel_e/t0_tagging/pdhd_DATA_v2/t0_rootFiles/new20250808_MC/wvf_merged_applyCut_20250819/wvfFind_event3828_trackID12_opNum4.root

Threshold for summed wvf: 0.3
Histogram: total
    Peak at bin 127, Left Height: 10.8196, Right Height: 9.34563
    Peak at bin 186, Left Height: 0.514111, Right Height: 0.530144
    Peak at bin 221, Left Height: 2.36708, Right Height: 2.11968
    Peak at bin 288, Left Height: 0.716723, Right Height: 0.74692

Top total peaks (by true height): 127 221 288 

---- Saving Time info of muon and Michel candidates ----
[Saved] Muon time peak index: 127
        Intensity: 9.34563
[Saved] Michel time peak: 221
        Intensity: 2.11968


[287] Processing file: /Users/shuaixiangzhang/Work/current/FNAL_Work2024/michel_e/t0_tagging/pdhd_DATA_v2/t0_rootFiles/new20250808_MC/wvf_merged_applyCut_20250819/wvfFind_event3828_trackID12_opNum4_2.root

Threshold for summed wvf: 0.3
Histogram: total
    Peak at bin 128, Left Height: 18.5735, Right Height: 16.3684
    Peak at bin 151, Left Height: 0.418987, Right Height: 0.636524
    Peak at bin 186, Left Height: 0.750268, Right Height: 1.49299
    Peak at bin 222, Left Height: 2.95213, Right Height: 3.25167
    Peak at bin 288, Left Height: 0.994806, Right Height: 0.91272
    Peak at bin 341, Left Height: 1.26377, Right Height: 1.16135
    Peak at bin 421, Left Height: 0.526604, Right Height: 0.439285

Top total peaks (by true height): 128 222 341 

---- Saving Time info of muon and Michel candidates ----
[Saved] Muon time peak index: 128
        Intensity: 16.3684
[Saved] Michel time peak: 222
        Intensity: 2.95213


[288] Processing file: /Users/shuaixiangzhang/Work/current/FNAL_Work2024/michel_e/t0_tagging/pdhd_DATA_v2/t0_rootFiles/new20250808_MC/wvf_merged_applyCut_20250819/wvfFind_event3836_trackID12_opNum9_merged.root

Threshold for summed wvf: 0.3
Histogram: total
    Peak at bin 126, Left Height: 8.36797, Right Height: 6.39549
    Peak at bin 157, Left Height: 0.678355, Right Height: 1.32959
    Peak at bin 269, Left Height: 1.82596, Right Height: 1.62067
    Peak at bin 328, Left Height: 1.36712, Right Height: 0.837047
    Peak at bin 364, Left Height: 0.506489, Right Height: 1.15546
    Peak at bin 407, Left Height: 0.433447, Right Height: 0.450461
    Peak at bin 505, Left Height: 0.544459, Right Height: 0.341586
    Peak at bin 566, Left Height: 0.469671, Right Height: 0.546657

Top total peaks (by true height): 126 269 328 

---- Saving Time info of muon and Michel candidates ----
[Saved] Muon time peak index: 126
        Intensity: 6.39549
[Saved] Michel time peak: 269
        Intensity: 1.62067


[289] Processing file: /Users/shuaixiangzhang/Work/current/FNAL_Work2024/michel_e/t0_tagging/pdhd_DATA_v2/t0_rootFiles/new20250808_MC/wvf_merged_applyCut_20250819/wvfFind_event384_trackID12_opNum9_merged.root

Threshold for summed wvf: 0.3
Histogram: total
    Peak at bin 126, Left Height: 9.69648, Right Height: 7.74624
    Peak at bin 161, Left Height: 0.317246, Right Height: 1.43757
    Peak at bin 261, Left Height: 0.421018, Right Height: 0.664946
    Peak at bin 468, Left Height: 0.306265, Right Height: 0.445823

Top total peaks (by true height): 126 261 161 

---- Saving Time info of muon and Michel candidates ----
[Saved] Muon time peak index: 126
        Intensity: 7.74624
[Saved] Michel time peak: 261
        Intensity: 0.421018


[290] Processing file: /Users/shuaixiangzhang/Work/current/FNAL_Work2024/michel_e/t0_tagging/pdhd_DATA_v2/t0_rootFiles/new20250808_MC/wvf_merged_applyCut_20250819/wvfFind_event3852_trackID1_opNum6_merged.root

Threshold for summed wvf: 0.3
Histogram: total
    Peak at bin 126, Left Height: 7.359, Right Height: 4.53992
    Peak at bin 154, Left Height: 0.51313, Right Height: 0.672419
    Peak at bin 185, Left Height: 0.396316, Right Height: 1.6976
    Peak at bin 272, Left Height: 0.412632, Right Height: 1.06146
    Peak at bin 326, Left Height: 0.542437, Right Height: 0.746539

Top total peaks (by true height): 126 326 154 

---- Saving Time info of muon and Michel candidates ----
[Saved] Muon time peak index: 126
        Intensity: 4.53992
[Saved] Michel time peak: 326
        Intensity: 0.542437


[291] Processing file: /Users/shuaixiangzhang/Work/current/FNAL_Work2024/michel_e/t0_tagging/pdhd_DATA_v2/t0_rootFiles/new20250808_MC/wvf_merged_applyCut_20250819/wvfFind_event3862_trackID4_opNum5_merged.root

Threshold for summed wvf: 0.3
Histogram: total
    Peak at bin 122, Left Height: 2.40391, Right Height: 2.50803
    Peak at bin 174, Left Height: 1.50791, Right Height: 1.48832
    Peak at bin 220, Left Height: 0.669442, Right Height: 0.440676
    Peak at bin 356, Left Height: 0.386907, Right Height: 0.388142

Top total peaks (by true height): 122 174 220 

---- Saving Time info of muon and Michel candidates ----
[Saved] Muon time peak index: 122
        Intensity: 2.40391
[Saved] Michel time peak: 174
        Intensity: 1.48832


[292] Processing file: /Users/shuaixiangzhang/Work/current/FNAL_Work2024/michel_e/t0_tagging/pdhd_DATA_v2/t0_rootFiles/new20250808_MC/wvf_merged_applyCut_20250819/wvfFind_event3866_trackID11_opNum6_merged.root

Threshold for summed wvf: 0.3
Histogram: total
    Peak at bin 126, Left Height: 10.7881, Right Height: 10.0492
    Peak at bin 162, Left Height: 2.79197, Right Height: 3.22544
    Peak at bin 204, Left Height: 1.35674, Right Height: 2.01295
    Peak at bin 291, Left Height: 1.76236, Right Height: 1.01197
    Peak at bin 353, Left Height: 0.389668, Right Height: 0.302354
    Peak at bin 395, Left Height: 0.798128, Right Height: 0.951314

Top total peaks (by true height): 126 162 204 

---- Saving Time info of muon and Michel candidates ----
[Saved] Muon time peak index: 126
        Intensity: 10.0492
[Saved] Michel time peak: 162
        Intensity: 2.79197


[293] Processing file: /Users/shuaixiangzhang/Work/current/FNAL_Work2024/michel_e/t0_tagging/pdhd_DATA_v2/t0_rootFiles/new20250808_MC/wvf_merged_applyCut_20250819/wvfFind_event3889_trackID8_opNum5_merged.root

Threshold for summed wvf: 0.3
Histogram: total
    Peak at bin 125, Left Height: 4.59409, Right Height: 3.96375
    Peak at bin 239, Left Height: 0.490668, Right Height: 0.731828
    Peak at bin 274, Left Height: 0.370994, Right Height: 0.306784
    Peak at bin 329, Left Height: 0.691098, Right Height: 1.01371

Top total peaks (by true height): 125 329 239 

---- Saving Time info of muon and Michel candidates ----
[Saved] Muon time peak index: 125
        Intensity: 3.96375
[Saved] Michel time peak: 329
        Intensity: 0.691098


[294] Processing file: /Users/shuaixiangzhang/Work/current/FNAL_Work2024/michel_e/t0_tagging/pdhd_DATA_v2/t0_rootFiles/new20250808_MC/wvf_merged_applyCut_20250819/wvfFind_event3893_trackID18_opNum5_merged.root

Threshold for summed wvf: 0.3
Histogram: total
    Peak at bin 124, Left Height: 3.40125, Right Height: 3.278
    Peak at bin 225, Left Height: 0.502532, Right Height: 0.772641

Top total peaks (by true height): 124 225 

---- Saving Time info of muon and Michel candidates ----
[Saved] Muon time peak index: 124
        Intensity: 3.278
[Saved] Michel time peak: 225
        Intensity: 0.502532


[295] Processing file: /Users/shuaixiangzhang/Work/current/FNAL_Work2024/michel_e/t0_tagging/pdhd_DATA_v2/t0_rootFiles/new20250808_MC/wvf_merged_applyCut_20250819/wvfFind_event3893_trackID3_opNum9_merged.root

Threshold for summed wvf: 0.3
Histogram: total
    Peak at bin 128, Left Height: 57.3995, Right Height: 45.0663
    Peak at bin 223, Left Height: 0.56807, Right Height: 1.09887
    Peak at bin 301, Left Height: 1.6012, Right Height: 1.01889
    Peak at bin 354, Left Height: 0.614992, Right Height: 1.20541

Top total peaks (by true height): 128 301 354 

---- Saving Time info of muon and Michel candidates ----
[Saved] Muon time peak index: 128
        Intensity: 45.0663
[Saved] Michel time peak: 301
        Intensity: 1.01889


[296] Processing file: /Users/shuaixiangzhang/Work/current/FNAL_Work2024/michel_e/t0_tagging/pdhd_DATA_v2/t0_rootFiles/new20250808_MC/wvf_merged_applyCut_20250819/wvfFind_event3897_trackID10_opNum6_merged.root

Threshold for summed wvf: 0.3
Histogram: total
    Peak at bin 126, Left Height: 7.24826, Right Height: 5.70382
    Peak at bin 302, Left Height: 0.405245, Right Height: 0.760259

Top total peaks (by true height): 126 302 

---- Saving Time info of muon and Michel candidates ----
[Saved] Muon time peak index: 126
        Intensity: 5.70382
[Saved] Michel time peak: 302
        Intensity: 0.405245


[297] Processing file: /Users/shuaixiangzhang/Work/current/FNAL_Work2024/michel_e/t0_tagging/pdhd_DATA_v2/t0_rootFiles/new20250808_MC/wvf_merged_applyCut_20250819/wvfFind_event3898_trackID16_opNum6_merged.root

Threshold for summed wvf: 0.3
Histogram: total
    Peak at bin 126, Left Height: 5.17717, Right Height: 4.20582
    Peak at bin 187, Left Height: 1.8567, Right Height: 1.67371
    Peak at bin 220, Left Height: 0.727028, Right Height: 1.44652
    Peak at bin 278, Left Height: 0.829561, Right Height: 0.705969
    Peak at bin 331, Left Height: 0.327209, Right Height: 0.524527

Top total peaks (by true height): 126 187 220 

---- Saving Time info of muon and Michel candidates ----
[Saved] Muon time peak index: 126
        Intensity: 4.20582
[Saved] Michel time peak: 187
        Intensity: 1.67371


[298] Processing file: /Users/shuaixiangzhang/Work/current/FNAL_Work2024/michel_e/t0_tagging/pdhd_DATA_v2/t0_rootFiles/new20250808_MC/wvf_merged_applyCut_20250819/wvfFind_event38_trackID13_opNum8_merged.root

Threshold for summed wvf: 0.3
Histogram: total
    Peak at bin 128, Left Height: 31.8922, Right Height: 27.1565
    Peak at bin 159, Left Height: 1.09327, Right Height: 2.03592
    Peak at bin 216, Left Height: 0.828736, Right Height: 1.64243
    Peak at bin 256, Left Height: 0.45286, Right Height: 1.71905
    Peak at bin 361, Left Height: 5.18737, Right Height: 5.0436
    Peak at bin 412, Left Height: 0.550529, Right Height: 0.425385
    Peak at bin 501, Left Height: 0.55237, Right Height: 0.4696
    Peak at bin 740, Left Height: 0.371022, Right Height: 0.486952

Top total peaks (by true height): 128 361 159 

---- Saving Time info of muon and Michel candidates ----
[Saved] Muon time peak index: 128
        Intensity: 27.1565
[Saved] Michel time peak: 361
        Intensity: 5.0436


[299] Processing file: /Users/shuaixiangzhang/Work/current/FNAL_Work2024/michel_e/t0_tagging/pdhd_DATA_v2/t0_rootFiles/new20250808_MC/wvf_merged_applyCut_20250819/wvfFind_event3902_trackID7_opNum9_merged.root

Threshold for summed wvf: 0.3
Histogram: total
    Peak at bin 126, Left Height: 7.00559, Right Height: 4.92692
    Peak at bin 222, Left Height: 0.822268, Right Height: 1.17453
    Peak at bin 486, Left Height: 0.508465, Right Height: 0.523828

Top total peaks (by true height): 126 222 486 

---- Saving Time info of muon and Michel candidates ----
[Saved] Muon time peak index: 126
        Intensity: 4.92692
[Saved] Michel time peak: 222
        Intensity: 0.822268


[300] Processing file: /Users/shuaixiangzhang/Work/current/FNAL_Work2024/michel_e/t0_tagging/pdhd_DATA_v2/t0_rootFiles/new20250808_MC/wvf_merged_applyCut_20250819/wvfFind_event3913_trackID0_opNum9_merged.root

Threshold for summed wvf: 0.3
Histogram: total
    Peak at bin 130, Left Height: 128.11, Right Height: 99.2894
    Peak at bin 170, Left Height: 0.915926, Right Height: 12.0584
    Peak at bin 235, Left Height: 0.446411, Right Height: 3.44096
    Peak at bin 308, Left Height: 0.790402, Right Height: 2.5898
    Peak at bin 338, Left Height: 0.463965, Right Height: 1.13786
    Peak at bin 358, Left Height: 0.520351, Right Height: 2.04401
    Peak at bin 473, Left Height: 0.431772, Right Height: 0.844895
    Peak at bin 506, Left Height: 0.723586, Right Height: 0.949032
    Peak at bin 558, Left Height: 0.630956, Right Height: 0.772273
    Peak at bin 607, Left Height: 0.437305, Right Height: 0.45157

Top total peaks (by true height): 130 170 308 

---- Saving Time info of muon and Michel candidates ----
[Saved] Muon time peak index: 130
        Intensity: 99.2894
[Saved] Michel time peak: 170
        Intensity: 0.915926


[301] Processing file: /Users/shuaixiangzhang/Work/current/FNAL_Work2024/michel_e/t0_tagging/pdhd_DATA_v2/t0_rootFiles/new20250808_MC/wvf_merged_applyCut_20250819/wvfFind_event3919_trackID9_opNum9_merged.root

Threshold for summed wvf: 0.3
Histogram: total
    Peak at bin 126, Left Height: 12.0831, Right Height: 9.63703
    Peak at bin 158, Left Height: 0.313978, Right Height: 1.58214
    Peak at bin 237, Left Height: 0.413293, Right Height: 0.638432
    Peak at bin 364, Left Height: 0.57116, Right Height: 0.767205

Top total peaks (by true height): 126 364 237 

---- Saving Time info of muon and Michel candidates ----
[Saved] Muon time peak index: 126
        Intensity: 9.63703
[Saved] Michel time peak: 364
        Intensity: 0.57116


[302] Processing file: /Users/shuaixiangzhang/Work/current/FNAL_Work2024/michel_e/t0_tagging/pdhd_DATA_v2/t0_rootFiles/new20250808_MC/wvf_merged_applyCut_20250819/wvfFind_event3947_trackID9_opNum9_merged.root

Threshold for summed wvf: 0.3
Histogram: total
    Peak at bin 126, Left Height: 9.09968, Right Height: 6.32839
    Peak at bin 266, Left Height: 0.569303, Right Height: 0.729911
    Peak at bin 506, Left Height: 1.23346, Right Height: 1.02767

Top total peaks (by true height): 126 506 266 

---- Saving Time info of muon and Michel candidates ----
[Saved] Muon time peak index: 126
        Intensity: 6.32839
[Saved] Michel time peak: 506
        Intensity: 1.02767


[303] Processing file: /Users/shuaixiangzhang/Work/current/FNAL_Work2024/michel_e/t0_tagging/pdhd_DATA_v2/t0_rootFiles/new20250808_MC/wvf_merged_applyCut_20250819/wvfFind_event3954_trackID9_opNum9_merged.root

Threshold for summed wvf: 0.3
Histogram: total
    Peak at bin 125, Left Height: 10.4681, Right Height: 8.88753
    Peak at bin 155, Left Height: 0.708556, Right Height: 1.09384
    Peak at bin 185, Left Height: 0.466575, Right Height: 0.657777
    Peak at bin 265, Left Height: 2.08931, Right Height: 2.20778
    Peak at bin 303, Left Height: 0.684003, Right Height: 0.822934
    Peak at bin 334, Left Height: 1.50962, Right Height: 1.0212
    Peak at bin 426, Left Height: 0.502393, Right Height: 0.330755
    Peak at bin 465, Left Height: 0.425512, Right Height: 0.437815

Top total peaks (by true height): 125 265 334 

---- Saving Time info of muon and Michel candidates ----
[Saved] Muon time peak index: 125
        Intensity: 8.88753
[Saved] Michel time peak: 265
        Intensity: 2.08931


[304] Processing file: /Users/shuaixiangzhang/Work/current/FNAL_Work2024/michel_e/t0_tagging/pdhd_DATA_v2/t0_rootFiles/new20250808_MC/wvf_merged_applyCut_20250819/wvfFind_event3963_trackID29_opNum9_merged.root

Threshold for summed wvf: 0.3
Histogram: total
    Peak at bin 128, Left Height: 49.9104, Right Height: 44.4312
    Peak at bin 156, Left Height: 2.18781, Right Height: 1.7395
    Peak at bin 185, Left Height: 17.6076, Right Height: 17.0253
    Peak at bin 208, Left Height: 0.373432, Right Height: 2.53174
    Peak at bin 246, Left Height: 2.05799, Right Height: 3.94203
    Peak at bin 292, Left Height: 21.252, Right Height: 17.6204
    Peak at bin 319, Left Height: 2.56592, Right Height: 5.58549
    Peak at bin 360, Left Height: 0.654407, Right Height: 1.89982
    Peak at bin 383, Left Height: 0.679044, Right Height: 0.722593
    Peak at bin 405, Left Height: 1.26368, Right Height: 2.40115
    Peak at bin 479, Left Height: 0.477579, Right Height: 0.428297
    Peak at bin 523, Left Height: 0.761417, Right Height: 0.381637
    Peak at bin 561, Left Height: 0.947479, Right Height: 1.05734
    Peak at bin 642, Left Height: 0.416078, Right Height: 0.648188
    Peak at bin 682, Left Height: 0.522956, Right Height: 0.433672
    Peak at bin 736, Left Height: 0.390657, Right Height: 0.532625

Top total peaks (by true height): 128 292 185 

---- Saving Time info of muon and Michel candidates ----
[Saved] Muon time peak index: 128
        Intensity: 44.4312
[Saved] Michel time peak: 292
        Intensity: 17.6204


[305] Processing file: /Users/shuaixiangzhang/Work/current/FNAL_Work2024/michel_e/t0_tagging/pdhd_DATA_v2/t0_rootFiles/new20250808_MC/wvf_merged_applyCut_20250819/wvfFind_event3964_trackID13_opNum9_merged.root

Threshold for summed wvf: 0.3
Histogram: total
    Peak at bin 127, Left Height: 13.3447, Right Height: 11.7221
    Peak at bin 212, Left Height: 1.47222, Right Height: 1.32709
    Peak at bin 286, Left Height: 0.880002, Right Height: 0.718577
    Peak at bin 315, Left Height: 0.312249, Right Height: 0.981868
    Peak at bin 396, Left Height: 0.4895, Right Height: 0.375737
    Peak at bin 431, Left Height: 0.439671, Right Height: 0.460628
    Peak at bin 458, Left Height: 0.352142, Right Height: 0.479354

Top total peaks (by true height): 127 212 286 

---- Saving Time info of muon and Michel candidates ----
[Saved] Muon time peak index: 127
        Intensity: 11.7221
[Saved] Michel time peak: 212
        Intensity: 1.32709


[306] Processing file: /Users/shuaixiangzhang/Work/current/FNAL_Work2024/michel_e/t0_tagging/pdhd_DATA_v2/t0_rootFiles/new20250808_MC/wvf_merged_applyCut_20250819/wvfFind_event3971_trackID20_opNum6_merged.root

Threshold for summed wvf: 0.3
Histogram: total
    Peak at bin 124, Left Height: 4.29086, Right Height: 3.41265
    Peak at bin 229, Left Height: 0.353555, Right Height: 0.49791
    Peak at bin 307, Left Height: 0.545877, Right Height: 0.31446

Top total peaks (by true height): 124 229 307 

---- Saving Time info of muon and Michel candidates ----
[Saved] Muon time peak index: 124
        Intensity: 3.41265
[Saved] Michel time peak: 229
        Intensity: 0.353555


[307] Processing file: /Users/shuaixiangzhang/Work/current/FNAL_Work2024/michel_e/t0_tagging/pdhd_DATA_v2/t0_rootFiles/new20250808_MC/wvf_merged_applyCut_20250819/wvfFind_event3974_trackID14_opNum7_merged.root

Threshold for summed wvf: 0.3
Histogram: total
    Peak at bin 123, Left Height: 4.13975, Right Height: 4.03689
    Peak at bin 210, Left Height: 0.826363, Right Height: 1.09783
    Peak at bin 424, Left Height: 0.796503, Right Height: 1.11071
    Peak at bin 465, Left Height: 0.572241, Right Height: 0.406443
    Peak at bin 754, Left Height: 0.312681, Right Height: 0.402217

Top total peaks (by true height): 123 210 424 

---- Saving Time info of muon and Michel candidates ----
[Saved] Muon time peak index: 123
        Intensity: 4.03689
[Saved] Michel time peak: 210
        Intensity: 0.826363


[308] Processing file: /Users/shuaixiangzhang/Work/current/FNAL_Work2024/michel_e/t0_tagging/pdhd_DATA_v2/t0_rootFiles/new20250808_MC/wvf_merged_applyCut_20250819/wvfFind_event3980_trackID12_opNum9_merged.root

Threshold for summed wvf: 0.3
Histogram: total
    Peak at bin 128, Left Height: 42.4295, Right Height: 34.1771
    Peak at bin 179, Left Height: 0.841324, Right Height: 4.60801
    Peak at bin 280, Left Height: 0.385906, Right Height: 1.0368
    Peak at bin 333, Left Height: 0.688868, Right Height: 1.68396
    Peak at bin 370, Left Height: 0.53537, Right Height: 0.668312
    Peak at bin 409, Left Height: 0.445793, Right Height: 0.325746
    Peak at bin 478, Left Height: 0.430724, Right Height: 0.436491

Top total peaks (by true height): 128 179 333 

---- Saving Time info of muon and Michel candidates ----
[Saved] Muon time peak index: 128
        Intensity: 34.1771
[Saved] Michel time peak: 179
        Intensity: 0.841324


[309] Processing file: /Users/shuaixiangzhang/Work/current/FNAL_Work2024/michel_e/t0_tagging/pdhd_DATA_v2/t0_rootFiles/new20250808_MC/wvf_merged_applyCut_20250819/wvfFind_event3990_trackID19_opNum4_merged.root

Threshold for summed wvf: 0.3
Histogram: total
    Peak at bin 123, Left Height: 1.96369, Right Height: 1.43205
    Peak at bin 227, Left Height: 0.383092, Right Height: 0.50787
    Peak at bin 259, Left Height: 0.395207, Right Height: 0.34814
    Peak at bin 294, Left Height: 0.355749, Right Height: 0.354013

Top total peaks (by true height): 123 227 294 

---- Saving Time info of muon and Michel candidates ----
[Saved] Muon time peak index: 123
        Intensity: 1.43205
[Saved] Michel time peak: 227
        Intensity: 0.383092


[310] Processing file: /Users/shuaixiangzhang/Work/current/FNAL_Work2024/michel_e/t0_tagging/pdhd_DATA_v2/t0_rootFiles/new20250808_MC/wvf_merged_applyCut_20250819/wvfFind_event3997_trackID15_opNum4_merged.root

Threshold for summed wvf: 0.3
Histogram: total
    Peak at bin 124, Left Height: 3.22581, Right Height: 2.66742
    Peak at bin 202, Left Height: 3.00625, Right Height: 2.97945
    Peak at bin 262, Left Height: 1.01154, Right Height: 0.862693

Top total peaks (by true height): 202 124 262 

---- Saving Time info of muon and Michel candidates ----
[Saved] Muon time peak index: 202
        Intensity: 2.97945
[Saved] Michel time peak: 124
        Intensity: 2.66742


[311] Processing file: /Users/shuaixiangzhang/Work/current/FNAL_Work2024/michel_e/t0_tagging/pdhd_DATA_v2/t0_rootFiles/new20250808_MC/wvf_merged_applyCut_20250819/wvfFind_event4005_trackID0_opNum9_merged.root

Threshold for summed wvf: 0.3
Histogram: total
    Peak at bin 128, Left Height: 42.2347, Right Height: 31.2798
    Peak at bin 164, Left Height: 1.23134, Right Height: 3.55695
    Peak at bin 193, Left Height: 1.37463, Right Height: 4.43635
    Peak at bin 226, Left Height: 0.364809, Right Height: 0.599375
    Peak at bin 264, Left Height: 6.19465, Right Height: 7.25855
    Peak at bin 380, Left Height: 0.633128, Right Height: 1.36611

Top total peaks (by true height): 128 264 193 

---- Saving Time info of muon and Michel candidates ----
[Saved] Muon time peak index: 128
        Intensity: 31.2798
[Saved] Michel time peak: 264
        Intensity: 6.19465


[312] Processing file: /Users/shuaixiangzhang/Work/current/FNAL_Work2024/michel_e/t0_tagging/pdhd_DATA_v2/t0_rootFiles/new20250808_MC/wvf_merged_applyCut_20250819/wvfFind_event4012_trackID22_opNum5_merged.root

Threshold for summed wvf: 0.3
Histogram: total
    Peak at bin 121, Left Height: 2.36326, Right Height: 2.27658
    Peak at bin 197, Left Height: 0.442778, Right Height: 0.482286

Top total peaks (by true height): 121 197 

---- Saving Time info of muon and Michel candidates ----
[Saved] Muon time peak index: 121
        Intensity: 2.27658
[Saved] Michel time peak: 197
        Intensity: 0.442778


[313] Processing file: /Users/shuaixiangzhang/Work/current/FNAL_Work2024/michel_e/t0_tagging/pdhd_DATA_v2/t0_rootFiles/new20250808_MC/wvf_merged_applyCut_20250819/wvfFind_event4023_trackID7_opNum9_merged.root

Threshold for summed wvf: 0.3
Histogram: total
    Peak at bin 127, Left Height: 16.8495, Right Height: 14.9246
    Peak at bin 171, Left Height: 1.3376, Right Height: 1.65121
    Peak at bin 220, Left Height: 1.33349, Right Height: 2.55588
    Peak at bin 251, Left Height: 0.623829, Right Height: 0.695426
    Peak at bin 311, Left Height: 1.2289, Right Height: 1.06103

Top total peaks (by true height): 127 171 220 

---- Saving Time info of muon and Michel candidates ----
[Saved] Muon time peak index: 127
        Intensity: 14.9246
[Saved] Michel time peak: 171
        Intensity: 1.3376


[314] Processing file: /Users/shuaixiangzhang/Work/current/FNAL_Work2024/michel_e/t0_tagging/pdhd_DATA_v2/t0_rootFiles/new20250808_MC/wvf_merged_applyCut_20250819/wvfFind_event4036_trackID5_opNum9_merged.root

Threshold for summed wvf: 0.3
Histogram: total
    Peak at bin 129, Left Height: 85.7288, Right Height: 70.4091
    Peak at bin 175, Left Height: 1.70524, Right Height: 10.9807
    Peak at bin 280, Left Height: 1.29134, Right Height: 2.88951
    Peak at bin 315, Left Height: 1.10521, Right Height: 1.37156
    Peak at bin 338, Left Height: 0.40125, Right Height: 0.754461
    Peak at bin 363, Left Height: 0.847893, Right Height: 1.40197
    Peak at bin 404, Left Height: 0.528885, Right Height: 1.09421
    Peak at bin 434, Left Height: 0.5674, Right Height: 0.870835
    Peak at bin 460, Left Height: 0.550283, Right Height: 0.56061
    Peak at bin 543, Left Height: 0.349436, Right Height: 0.404531
    Peak at bin 570, Left Height: 0.351826, Right Height: 0.578737
    Peak at bin 626, Left Height: 0.470728, Right Height: 0.594058
    Peak at bin 895, Left Height: 12.9081, Right Height: 11.3087
    Peak at bin 984, Left Height: 0.577392, Right Height: 1.74075
    Peak at bin 1021, Left Height: 5.86169, Right Height: 0.66721

Top total peaks (by true height): 129 895 175 

---- Saving Time info of muon and Michel candidates ----
[Saved] Muon time peak index: 129
        Intensity: 70.4091
[Saved] Michel time peak: 895
        Intensity: 11.3087


[315] Processing file: /Users/shuaixiangzhang/Work/current/FNAL_Work2024/michel_e/t0_tagging/pdhd_DATA_v2/t0_rootFiles/new20250808_MC/wvf_merged_applyCut_20250819/wvfFind_event4037_trackID2_opNum9_merged.root

Threshold for summed wvf: 0.3
Histogram: total
    Peak at bin 128, Left Height: 26.8603, Right Height: 14.9142
    Peak at bin 149, Left Height: 0.924039, Right Height: 6.05569
    Peak at bin 192, Left Height: 0.393946, Right Height: 4.3086
    Peak at bin 283, Left Height: 0.452434, Right Height: 1.81818
    Peak at bin 340, Left Height: 0.999334, Right Height: 2.0305
    Peak at bin 415, Left Height: 0.358838, Right Height: 0.548342

Top total peaks (by true height): 128 340 149 

---- Saving Time info of muon and Michel candidates ----
[Saved] Muon time peak index: 128
        Intensity: 14.9142
[Saved] Michel time peak: 340
        Intensity: 0.999334


[316] Processing file: /Users/shuaixiangzhang/Work/current/FNAL_Work2024/michel_e/t0_tagging/pdhd_DATA_v2/t0_rootFiles/new20250808_MC/wvf_merged_applyCut_20250819/wvfFind_event4041_trackID7_opNum9_merged.root

Threshold for summed wvf: 0.3
Histogram: total
    Peak at bin 125, Left Height: 5.61194, Right Height: 4.48248
    Peak at bin 236, Left Height: 1.27817, Right Height: 1.31151
    Peak at bin 365, Left Height: 0.342281, Right Height: 0.301646
    Peak at bin 499, Left Height: 0.620834, Right Height: 0.656402
    Peak at bin 583, Left Height: 0.394627, Right Height: 0.385076

Top total peaks (by true height): 125 236 499 

---- Saving Time info of muon and Michel candidates ----
[Saved] Muon time peak index: 125
        Intensity: 4.48248
[Saved] Michel time peak: 236
        Intensity: 1.27817


[317] Processing file: /Users/shuaixiangzhang/Work/current/FNAL_Work2024/michel_e/t0_tagging/pdhd_DATA_v2/t0_rootFiles/new20250808_MC/wvf_merged_applyCut_20250819/wvfFind_event4050_trackID15_opNum7_merged.root

Threshold for summed wvf: 0.3
Histogram: total
    Peak at bin 125, Left Height: 5.0649, Right Height: 3.51612
    Peak at bin 152, Left Height: 0.531879, Right Height: 1.43666
    Peak at bin 287, Left Height: 0.35823, Right Height: 0.510796

Top total peaks (by true height): 125 152 287 

---- Saving Time info of muon and Michel candidates ----
[Saved] Muon time peak index: 125
        Intensity: 3.51612
[Saved] Michel time peak: 152
        Intensity: 0.531879


[318] Processing file: /Users/shuaixiangzhang/Work/current/FNAL_Work2024/michel_e/t0_tagging/pdhd_DATA_v2/t0_rootFiles/new20250808_MC/wvf_merged_applyCut_20250819/wvfFind_event4070_trackID9_opNum9_merged.root

Threshold for summed wvf: 0.3
Histogram: total
    Peak at bin 126, Left Height: 7.10641, Right Height: 4.52783
    Peak at bin 267, Left Height: 0.594347, Right Height: 0.921087
    Peak at bin 365, Left Height: 0.530377, Right Height: 0.460976

Top total peaks (by true height): 126 267 365 

---- Saving Time info of muon and Michel candidates ----
[Saved] Muon time peak index: 126
        Intensity: 4.52783
[Saved] Michel time peak: 267
        Intensity: 0.594347


[319] Processing file: /Users/shuaixiangzhang/Work/current/FNAL_Work2024/michel_e/t0_tagging/pdhd_DATA_v2/t0_rootFiles/new20250808_MC/wvf_merged_applyCut_20250819/wvfFind_event4072_trackID12_opNum9_merged.root

Threshold for summed wvf: 0.3
Histogram: total
    Peak at bin 126, Left Height: 11.568, Right Height: 10.329
    Peak at bin 208, Left Height: 0.542054, Right Height: 2.79157
    Peak at bin 257, Left Height: 0.327134, Right Height: 0.509919
    Peak at bin 364, Left Height: 1.58355, Right Height: 0.891084
    Peak at bin 415, Left Height: 0.313295, Right Height: 0.451146
    Peak at bin 601, Left Height: 0.567863, Right Height: 0.542062

Top total peaks (by true height): 126 364 601 

---- Saving Time info of muon and Michel candidates ----
[Saved] Muon time peak index: 126
        Intensity: 10.329
[Saved] Michel time peak: 364
        Intensity: 0.891084


[320] Processing file: /Users/shuaixiangzhang/Work/current/FNAL_Work2024/michel_e/t0_tagging/pdhd_DATA_v2/t0_rootFiles/new20250808_MC/wvf_merged_applyCut_20250819/wvfFind_event4101_trackID0_opNum9_merged.root

Threshold for summed wvf: 0.3
Histogram: total
    Peak at bin 128, Left Height: 68.6453, Right Height: 48.8563
    Peak at bin 152, Left Height: 1.24539, Right Height: 11.3566
    Peak at bin 228, Left Height: 0.57389, Right Height: 4.12779
    Peak at bin 263, Left Height: 0.900617, Right Height: 3.50354
    Peak at bin 313, Left Height: 1.12545, Right Height: 1.87199
    Peak at bin 343, Left Height: 0.53948, Right Height: 1.03504
    Peak at bin 459, Left Height: 0.303112, Right Height: 0.421026
    Peak at bin 561, Left Height: 0.547538, Right Height: 0.823817

Top total peaks (by true height): 128 152 313 

---- Saving Time info of muon and Michel candidates ----
[Saved] Muon time peak index: 128
        Intensity: 48.8563
[Saved] Michel time peak: 152
        Intensity: 1.24539


[321] Processing file: /Users/shuaixiangzhang/Work/current/FNAL_Work2024/michel_e/t0_tagging/pdhd_DATA_v2/t0_rootFiles/new20250808_MC/wvf_merged_applyCut_20250819/wvfFind_event4112_trackID15_opNum9_merged.root

Threshold for summed wvf: 0.3
Histogram: total
    Peak at bin 127, Left Height: 16.4865, Right Height: 13.5109
    Peak at bin 186, Left Height: 0.926569, Right Height: 1.30424
    Peak at bin 280, Left Height: 0.789339, Right Height: 0.919043
    Peak at bin 370, Left Height: 0.899586, Right Height: 0.694986
    Peak at bin 469, Left Height: 0.332728, Right Height: 0.313374

Top total peaks (by true height): 127 186 280 

---- Saving Time info of muon and Michel candidates ----
[Saved] Muon time peak index: 127
        Intensity: 13.5109
[Saved] Michel time peak: 186
        Intensity: 0.926569


[322] Processing file: /Users/shuaixiangzhang/Work/current/FNAL_Work2024/michel_e/t0_tagging/pdhd_DATA_v2/t0_rootFiles/new20250808_MC/wvf_merged_applyCut_20250819/wvfFind_event4128_trackID24_opNum4_merged.root

Threshold for summed wvf: 0.3
Histogram: total
    Peak at bin 124, Left Height: 2.08455, Right Height: 1.73678
    Peak at bin 221, Left Height: 0.300777, Right Height: 0.433417
    Peak at bin 433, Left Height: 0.754325, Right Height: 0.719932

Top total peaks (by true height): 124 433 221 

---- Saving Time info of muon and Michel candidates ----
[Saved] Muon time peak index: 124
        Intensity: 1.73678
[Saved] Michel time peak: 433
        Intensity: 0.719932


[323] Processing file: /Users/shuaixiangzhang/Work/current/FNAL_Work2024/michel_e/t0_tagging/pdhd_DATA_v2/t0_rootFiles/new20250808_MC/wvf_merged_applyCut_20250819/wvfFind_event4138_trackID12_opNum8_merged.root

Threshold for summed wvf: 0.3
Histogram: total
    Peak at bin 125, Left Height: 5.46533, Right Height: 3.97538
    Peak at bin 168, Left Height: 1.30178, Right Height: 2.01042
    Peak at bin 250, Left Height: 0.333516, Right Height: 0.782189
    Peak at bin 289, Left Height: 0.303447, Right Height: 0.328329
    Peak at bin 321, Left Height: 0.423633, Right Height: 0.421899

Top total peaks (by true height): 125 168 321 

---- Saving Time info of muon and Michel candidates ----
[Saved] Muon time peak index: 125
        Intensity: 3.97538
[Saved] Michel time peak: 168
        Intensity: 1.30178


[324] Processing file: /Users/shuaixiangzhang/Work/current/FNAL_Work2024/michel_e/t0_tagging/pdhd_DATA_v2/t0_rootFiles/new20250808_MC/wvf_merged_applyCut_20250819/wvfFind_event4140_trackID2_opNum9_merged.root

Threshold for summed wvf: 0.3
Histogram: total
    Peak at bin 128, Left Height: 23.0666, Right Height: 16.5916
    Peak at bin 177, Left Height: 0.580008, Right Height: 4.30115
    Peak at bin 221, Left Height: 0.608422, Right Height: 0.612545
    Peak at bin 257, Left Height: 1.08814, Right Height: 2.11407
    Peak at bin 529, Left Height: 0.569676, Right Height: 0.352928

Top total peaks (by true height): 128 257 221 

---- Saving Time info of muon and Michel candidates ----
[Saved] Muon time peak index: 128
        Intensity: 16.5916
[Saved] Michel time peak: 257
        Intensity: 1.08814


[325] Processing file: /Users/shuaixiangzhang/Work/current/FNAL_Work2024/michel_e/t0_tagging/pdhd_DATA_v2/t0_rootFiles/new20250808_MC/wvf_merged_applyCut_20250819/wvfFind_event4145_trackID1_opNum8_merged.root

Threshold for summed wvf: 0.3
Histogram: total
    Peak at bin 124, Left Height: 6.09324, Right Height: 4.95403
    Peak at bin 159, Left Height: 0.347248, Right Height: 1.23557
    Peak at bin 200, Left Height: 1.75248, Right Height: 1.50119
    Peak at bin 240, Left Height: 0.622925, Right Height: 0.970359
    Peak at bin 271, Left Height: 0.828692, Right Height: 1.20815
    Peak at bin 325, Left Height: 0.535392, Right Height: 0.499519

Top total peaks (by true height): 124 200 271 

---- Saving Time info of muon and Michel candidates ----
[Saved] Muon time peak index: 124
        Intensity: 4.95403
[Saved] Michel time peak: 200
        Intensity: 1.50119


[326] Processing file: /Users/shuaixiangzhang/Work/current/FNAL_Work2024/michel_e/t0_tagging/pdhd_DATA_v2/t0_rootFiles/new20250808_MC/wvf_merged_applyCut_20250819/wvfFind_event4204_trackID1_opNum9_merged.root

Threshold for summed wvf: 0.3
Histogram: total
    Peak at bin 127, Left Height: 19.4593, Right Height: 13.0667
    Peak at bin 254, Left Height: 0.450809, Right Height: 1.41847
    Peak at bin 288, Left Height: 0.442734, Right Height: 0.448409
    Peak at bin 323, Left Height: 0.4408, Right Height: 0.641441
    Peak at bin 356, Left Height: 0.331379, Right Height: 0.93527
    Peak at bin 455, Left Height: 0.398637, Right Height: 0.415244

Top total peaks (by true height): 127 254 288 

---- Saving Time info of muon and Michel candidates ----
[Saved] Muon time peak index: 127
        Intensity: 13.0667
[Saved] Michel time peak: 254
        Intensity: 0.450809


[327] Processing file: /Users/shuaixiangzhang/Work/current/FNAL_Work2024/michel_e/t0_tagging/pdhd_DATA_v2/t0_rootFiles/new20250808_MC/wvf_merged_applyCut_20250819/wvfFind_event4213_trackID9_opNum4_merged.root

Threshold for summed wvf: 0.3
Histogram: total
    Peak at bin 125, Left Height: 2.17995, Right Height: 1.72894
    Peak at bin 282, Left Height: 0.931714, Right Height: 0.930237
    Peak at bin 342, Left Height: 0.406082, Right Height: 0.333853

Top total peaks (by true height): 125 282 342 

---- Saving Time info of muon and Michel candidates ----
[Saved] Muon time peak index: 125
        Intensity: 1.72894
[Saved] Michel time peak: 282
        Intensity: 0.930237


[328] Processing file: /Users/shuaixiangzhang/Work/current/FNAL_Work2024/michel_e/t0_tagging/pdhd_DATA_v2/t0_rootFiles/new20250808_MC/wvf_merged_applyCut_20250819/wvfFind_event4221_trackID3_opNum9_merged.root

Threshold for summed wvf: 0.3
Histogram: total
    Peak at bin 128, Left Height: 46.9745, Right Height: 38.8435
    Peak at bin 167, Left Height: 8.975, Right Height: 8.72788
    Peak at bin 194, Left Height: 1.36808, Right Height: 1.82844
    Peak at bin 271, Left Height: 1.15543, Right Height: 0.481134
    Peak at bin 287, Left Height: 0.316585, Right Height: 1.1331
    Peak at bin 358, Left Height: 0.324535, Right Height: 0.843858
    Peak at bin 449, Left Height: 0.531349, Right Height: 0.646261
    Peak at bin 553, Left Height: 0.517831, Right Height: 0.615016
    Peak at bin 634, Left Height: 0.358413, Right Height: 0.339487

Top total peaks (by true height): 128 167 194 

---- Saving Time info of muon and Michel candidates ----
[Saved] Muon time peak index: 128
        Intensity: 38.8435
[Saved] Michel time peak: 167
        Intensity: 8.72788


[329] Processing file: /Users/shuaixiangzhang/Work/current/FNAL_Work2024/michel_e/t0_tagging/pdhd_DATA_v2/t0_rootFiles/new20250808_MC/wvf_merged_applyCut_20250819/wvfFind_event4229_trackID7_opNum9_merged.root

Threshold for summed wvf: 0.3
Histogram: total
    Peak at bin 127, Left Height: 20.3607, Right Height: 17.435
    Peak at bin 153, Left Height: 0.637399, Right Height: 0.815267
    Peak at bin 220, Left Height: 0.717497, Right Height: 1.34042
    Peak at bin 252, Left Height: 0.665663, Right Height: 1.2606
    Peak at bin 298, Left Height: 0.414054, Right Height: 0.665957
    Peak at bin 337, Left Height: 0.79245, Right Height: 0.57228
    Peak at bin 405, Left Height: 0.345184, Right Height: 0.351759
    Peak at bin 596, Left Height: 0.463005, Right Height: 0.548379
    Peak at bin 692, Left Height: 0.381546, Right Height: 0.378855
    Peak at bin 729, Left Height: 0.373027, Right Height: 0.435699

Top total peaks (by true height): 127 220 252 

---- Saving Time info of muon and Michel candidates ----
[Saved] Muon time peak index: 127
        Intensity: 17.435
[Saved] Michel time peak: 220
        Intensity: 0.717497


[330] Processing file: /Users/shuaixiangzhang/Work/current/FNAL_Work2024/michel_e/t0_tagging/pdhd_DATA_v2/t0_rootFiles/new20250808_MC/wvf_merged_applyCut_20250819/wvfFind_event422_trackID6_opNum9_merged.root

Threshold for summed wvf: 0.3
Histogram: total
    Peak at bin 126, Left Height: 9.73843, Right Height: 7.74703
    Peak at bin 159, Left Height: 0.354707, Right Height: 1.31621
    Peak at bin 189, Left Height: 0.395571, Right Height: 0.782131
    Peak at bin 238, Left Height: 0.859714, Right Height: 1.43079
    Peak at bin 305, Left Height: 0.786827, Right Height: 1.26567

Top total peaks (by true height): 126 238 305 

---- Saving Time info of muon and Michel candidates ----
[Saved] Muon time peak index: 126
        Intensity: 7.74703
[Saved] Michel time peak: 238
        Intensity: 0.859714


[331] Processing file: /Users/shuaixiangzhang/Work/current/FNAL_Work2024/michel_e/t0_tagging/pdhd_DATA_v2/t0_rootFiles/new20250808_MC/wvf_merged_applyCut_20250819/wvfFind_event4237_trackID1_opNum5_merged.root

Threshold for summed wvf: 0.3
Histogram: total
    Peak at bin 126, Left Height: 5.9261, Right Height: 4.20122
    Peak at bin 151, Left Height: 0.646623, Right Height: 1.27496
    Peak at bin 223, Left Height: 1.05002, Right Height: 0.8262
    Peak at bin 258, Left Height: 0.447006, Right Height: 1.03191
    Peak at bin 314, Left Height: 1.30242, Right Height: 0.775529

Top total peaks (by true height): 126 223 314 

---- Saving Time info of muon and Michel candidates ----
[Saved] Muon time peak index: 126
        Intensity: 4.20122
[Saved] Michel time peak: 223
        Intensity: 0.8262


[332] Processing file: /Users/shuaixiangzhang/Work/current/FNAL_Work2024/michel_e/t0_tagging/pdhd_DATA_v2/t0_rootFiles/new20250808_MC/wvf_merged_applyCut_20250819/wvfFind_event4257_trackID1_opNum9_merged.root

Threshold for summed wvf: 0.3
Histogram: total
    Peak at bin 126, Left Height: 9.10993, Right Height: 7.05884
    Peak at bin 175, Left Height: 1.62728, Right Height: 1.63547
    Peak at bin 205, Left Height: 0.414717, Right Height: 0.605501
    Peak at bin 227, Left Height: 0.4344, Right Height: 0.677514
    Peak at bin 318, Left Height: 0.499087, Right Height: 0.654667
    Peak at bin 353, Left Height: 0.563244, Right Height: 0.939663

Top total peaks (by true height): 126 175 353 

---- Saving Time info of muon and Michel candidates ----
[Saved] Muon time peak index: 126
        Intensity: 7.05884
[Saved] Michel time peak: 175
        Intensity: 1.62728


[333] Processing file: /Users/shuaixiangzhang/Work/current/FNAL_Work2024/michel_e/t0_tagging/pdhd_DATA_v2/t0_rootFiles/new20250808_MC/wvf_merged_applyCut_20250819/wvfFind_event4260_trackID9_opNum4_merged.root

Threshold for summed wvf: 0.3
Histogram: total
    Peak at bin 124, Left Height: 1.7455, Right Height: 1.50696

Top total peaks (by true height): 124 0 

---- Saving Time info of muon and Michel candidates ----
[Saved] Muon time peak index: 124
        Intensity: 1.50696
[Saved] Michel time peak: 0
        Intensity: 0


[334] Processing file: /Users/shuaixiangzhang/Work/current/FNAL_Work2024/michel_e/t0_tagging/pdhd_DATA_v2/t0_rootFiles/new20250808_MC/wvf_merged_applyCut_20250819/wvfFind_event426_trackID20_opNum6_merged.root

Threshold for summed wvf: 0.3
Histogram: total
    Peak at bin 124, Left Height: 2.78962, Right Height: 2.34079

Top total peaks (by true height): 124 0 

---- Saving Time info of muon and Michel candidates ----
[Saved] Muon time peak index: 124
        Intensity: 2.34079
[Saved] Michel time peak: 0
        Intensity: 0


[335] Processing file: /Users/shuaixiangzhang/Work/current/FNAL_Work2024/michel_e/t0_tagging/pdhd_DATA_v2/t0_rootFiles/new20250808_MC/wvf_merged_applyCut_20250819/wvfFind_event4274_trackID18_opNum6_merged.root

Threshold for summed wvf: 0.3
Histogram: total
    Peak at bin 126, Left Height: 5.21338, Right Height: 4.6524
    Peak at bin 575, Left Height: 1.09625, Right Height: 1.0951

Top total peaks (by true height): 126 575 

---- Saving Time info of muon and Michel candidates ----
[Saved] Muon time peak index: 126
        Intensity: 4.6524
[Saved] Michel time peak: 575
        Intensity: 1.0951


[336] Processing file: /Users/shuaixiangzhang/Work/current/FNAL_Work2024/michel_e/t0_tagging/pdhd_DATA_v2/t0_rootFiles/new20250808_MC/wvf_merged_applyCut_20250819/wvfFind_event4299_trackID4_opNum6_merged.root

Threshold for summed wvf: 0.3
Histogram: total
    Peak at bin 127, Left Height: 10.4458, Right Height: 8.9563
    Peak at bin 174, Left Height: 0.364839, Right Height: 0.324194
    Peak at bin 192, Left Height: 0.638232, Right Height: 0.824378
    Peak at bin 279, Left Height: 0.594246, Right Height: 0.799138
    Peak at bin 311, Left Height: 0.386654, Right Height: 0.346287
    Peak at bin 514, Left Height: 0.596668, Right Height: 0.310676

Top total peaks (by true height): 127 192 279 

---- Saving Time info of muon and Michel candidates ----
[Saved] Muon time peak index: 127
        Intensity: 8.9563
[Saved] Michel time peak: 192
        Intensity: 0.638232


[337] Processing file: /Users/shuaixiangzhang/Work/current/FNAL_Work2024/michel_e/t0_tagging/pdhd_DATA_v2/t0_rootFiles/new20250808_MC/wvf_merged_applyCut_20250819/wvfFind_event429_trackID8_opNum9_merged.root

Threshold for summed wvf: 0.3
Histogram: total
    Peak at bin 125, Left Height: 10.6654, Right Height: 9.59601
    Peak at bin 180, Left Height: 0.591109, Right Height: 0.606769
    Peak at bin 240, Left Height: 0.539453, Right Height: 1.15813
    Peak at bin 272, Left Height: 1.03803, Right Height: 0.683365
    Peak at bin 379, Left Height: 0.577067, Right Height: 0.321531

Top total peaks (by true height): 125 272 180 

---- Saving Time info of muon and Michel candidates ----
[Saved] Muon time peak index: 125
        Intensity: 9.59601
[Saved] Michel time peak: 272
        Intensity: 0.683365


[338] Processing file: /Users/shuaixiangzhang/Work/current/FNAL_Work2024/michel_e/t0_tagging/pdhd_DATA_v2/t0_rootFiles/new20250808_MC/wvf_merged_applyCut_20250819/wvfFind_event4300_trackID7_opNum9_merged.root

Threshold for summed wvf: 0.3
Histogram: total
    Peak at bin 126, Left Height: 6.47146, Right Height: 4.20145
    Peak at bin 160, Left Height: 0.407775, Right Height: 1.26723

Top total peaks (by true height): 126 160 

---- Saving Time info of muon and Michel candidates ----
[Saved] Muon time peak index: 126
        Intensity: 4.20145
[Saved] Michel time peak: 160
        Intensity: 0.407775


[339] Processing file: /Users/shuaixiangzhang/Work/current/FNAL_Work2024/michel_e/t0_tagging/pdhd_DATA_v2/t0_rootFiles/new20250808_MC/wvf_merged_applyCut_20250819/wvfFind_event4311_trackID3_opNum9_merged.root

Threshold for summed wvf: 0.3
Histogram: total
    Peak at bin 127, Left Height: 19.1035, Right Height: 16.3906
    Peak at bin 161, Left Height: 0.962714, Right Height: 1.61163
    Peak at bin 203, Left Height: 1.39645, Right Height: 3.06955
    Peak at bin 238, Left Height: 1.4619, Right Height: 0.428338
    Peak at bin 354, Left Height: 0.505315, Right Height: 0.625645
    Peak at bin 386, Left Height: 0.49739, Right Height: 0.723335
    Peak at bin 423, Left Height: 0.662962, Right Height: 0.697103
    Peak at bin 596, Left Height: 0.401107, Right Height: 0.479381

Top total peaks (by true height): 127 203 161 

---- Saving Time info of muon and Michel candidates ----
[Saved] Muon time peak index: 127
        Intensity: 16.3906
[Saved] Michel time peak: 203
        Intensity: 1.39645


[340] Processing file: /Users/shuaixiangzhang/Work/current/FNAL_Work2024/michel_e/t0_tagging/pdhd_DATA_v2/t0_rootFiles/new20250808_MC/wvf_merged_applyCut_20250819/wvfFind_event4362_trackID12_opNum9_merged.root

Threshold for summed wvf: 0.3
Histogram: total
    Peak at bin 128, Left Height: 55.7896, Right Height: 46.0932
    Peak at bin 235, Left Height: 0.759583, Right Height: 2.89224
    Peak at bin 292, Left Height: 0.700632, Right Height: 1.84698
    Peak at bin 351, Left Height: 0.866166, Right Height: 1.14909
    Peak at bin 403, Left Height: 1.5443, Right Height: 1.39659
    Peak at bin 627, Left Height: 0.396082, Right Height: 0.372291

Top total peaks (by true height): 128 403 351 

---- Saving Time info of muon and Michel candidates ----
[Saved] Muon time peak index: 128
        Intensity: 46.0932
[Saved] Michel time peak: 403
        Intensity: 1.39659


[341] Processing file: /Users/shuaixiangzhang/Work/current/FNAL_Work2024/michel_e/t0_tagging/pdhd_DATA_v2/t0_rootFiles/new20250808_MC/wvf_merged_applyCut_20250819/wvfFind_event4366_trackID7_opNum9_merged.root

Threshold for summed wvf: 0.3
Histogram: total
    Peak at bin 127, Left Height: 16.4068, Right Height: 12.8774
    Peak at bin 183, Left Height: 2.10233, Right Height: 1.88781
    Peak at bin 247, Left Height: 1.10417, Right Height: 2.07223
    Peak at bin 280, Left Height: 0.353255, Right Height: 0.73921
    Peak at bin 338, Left Height: 1.00627, Right Height: 0.773983

Top total peaks (by true height): 127 183 247 

---- Saving Time info of muon and Michel candidates ----
[Saved] Muon time peak index: 127
        Intensity: 12.8774
[Saved] Michel time peak: 183
        Intensity: 1.88781


[342] Processing file: /Users/shuaixiangzhang/Work/current/FNAL_Work2024/michel_e/t0_tagging/pdhd_DATA_v2/t0_rootFiles/new20250808_MC/wvf_merged_applyCut_20250819/wvfFind_event4371_trackID7_opNum9_merged.root

Threshold for summed wvf: 0.3
Histogram: total
    Peak at bin 128, Left Height: 64.0895, Right Height: 54.6787
    Peak at bin 157, Left Height: 1.72223, Right Height: 4.50644
    Peak at bin 200, Left Height: 0.52948, Right Height: 4.28209
    Peak at bin 262, Left Height: 1.47082, Right Height: 4.52726
    Peak at bin 307, Left Height: 1.09297, Right Height: 1.60826
    Peak at bin 362, Left Height: 1.11975, Right Height: 0.806227
    Peak at bin 415, Left Height: 0.985277, Right Height: 1.32193

Top total peaks (by true height): 128 157 262 

---- Saving Time info of muon and Michel candidates ----
[Saved] Muon time peak index: 128
        Intensity: 54.6787
[Saved] Michel time peak: 157
        Intensity: 1.72223


[343] Processing file: /Users/shuaixiangzhang/Work/current/FNAL_Work2024/michel_e/t0_tagging/pdhd_DATA_v2/t0_rootFiles/new20250808_MC/wvf_merged_applyCut_20250819/wvfFind_event4421_trackID9_opNum5_merged.root

Threshold for summed wvf: 0.3
Histogram: total
    Peak at bin 127, Left Height: 25.0787, Right Height: 22.3649
    Peak at bin 153, Left Height: 2.11421, Right Height: 3.23523
    Peak at bin 191, Left Height: 3.00202, Right Height: 4.5899
    Peak at bin 237, Left Height: 1.42169, Right Height: 1.46328
    Peak at bin 264, Left Height: 0.71384, Right Height: 0.785177
    Peak at bin 330, Left Height: 1.42059, Right Height: 1.19841
    Peak at bin 370, Left Height: 0.357785, Right Height: 0.624034
    Peak at bin 445, Left Height: 0.411827, Right Height: 0.577052

Top total peaks (by true height): 127 191 153 

---- Saving Time info of muon and Michel candidates ----
[Saved] Muon time peak index: 127
        Intensity: 22.3649
[Saved] Michel time peak: 191
        Intensity: 3.00202


[344] Processing file: /Users/shuaixiangzhang/Work/current/FNAL_Work2024/michel_e/t0_tagging/pdhd_DATA_v2/t0_rootFiles/new20250808_MC/wvf_merged_applyCut_20250819/wvfFind_event4445_trackID13_opNum8_merged.root

Threshold for summed wvf: 0.3
Histogram: total
    Peak at bin 128, Left Height: 138.679, Right Height: 124.675
    Peak at bin 152, Left Height: 2.12024, Right Height: 3.33339
    Peak at bin 174, Left Height: 1.6965, Right Height: 9.80489
    Peak at bin 217, Left Height: 1.53847, Right Height: 0.730986
    Peak at bin 234, Left Height: 0.406361, Right Height: 2.46008
    Peak at bin 309, Left Height: 1.66601, Right Height: 5.44432
    Peak at bin 340, Left Height: 3.43357, Right Height: 3.08288
    Peak at bin 409, Left Height: 3.23706, Right Height: 0.648249
    Peak at bin 501, Left Height: 1.16857, Right Height: 0.400265
    Peak at bin 574, Left Height: 0.641289, Right Height: 1.08052
    Peak at bin 621, Left Height: 0.97723, Right Height: 0.301396
    Peak at bin 669, Left Height: 0.726163, Right Height: 0.692027
    Peak at bin 703, Left Height: 0.592565, Right Height: 0.651376
    Peak at bin 739, Left Height: 0.708824, Right Height: 0.688965
    Peak at bin 808, Left Height: 0.684835, Right Height: 0.739943
    Peak at bin 920, Left Height: 0.348483, Right Height: 0.387836
    Peak at bin 1019, Left Height: 1.31551, Right Height: 0.317006

Top total peaks (by true height): 128 340 152 

---- Saving Time info of muon and Michel candidates ----
[Saved] Muon time peak index: 128
        Intensity: 124.675
[Saved] Michel time peak: 340
        Intensity: 3.08288


[345] Processing file: /Users/shuaixiangzhang/Work/current/FNAL_Work2024/michel_e/t0_tagging/pdhd_DATA_v2/t0_rootFiles/new20250808_MC/wvf_merged_applyCut_20250819/wvfFind_event4446_trackID10_opNum9_merged.root

Threshold for summed wvf: 0.3
Histogram: total
    Peak at bin 127, Left Height: 35.088, Right Height: 33.4066
    Peak at bin 158, Left Height: 2.14566, Right Height: 3.30684
    Peak at bin 207, Left Height: 2.07822, Right Height: 2.40267
    Peak at bin 265, Left Height: 4.11278, Right Height: 3.24714
    Peak at bin 301, Left Height: 0.604274, Right Height: 0.965263
    Peak at bin 366, Left Height: 0.51197, Right Height: 0.697005
    Peak at bin 388, Left Height: 0.93669, Right Height: 0.975097
    Peak at bin 423, Left Height: 0.694827, Right Height: 0.573654
    Peak at bin 445, Left Height: 0.412859, Right Height: 0.674806
    Peak at bin 489, Left Height: 1.0458, Right Height: 0.905023
    Peak at bin 571, Left Height: 0.415661, Right Height: 0.384037

Top total peaks (by true height): 127 265 158 

---- Saving Time info of muon and Michel candidates ----
[Saved] Muon time peak index: 127
        Intensity: 33.4066
[Saved] Michel time peak: 265
        Intensity: 3.24714


[346] Processing file: /Users/shuaixiangzhang/Work/current/FNAL_Work2024/michel_e/t0_tagging/pdhd_DATA_v2/t0_rootFiles/new20250808_MC/wvf_merged_applyCut_20250819/wvfFind_event445_trackID19_opNum6_merged.root

Threshold for summed wvf: 0.3
Histogram: total
    Peak at bin 125, Left Height: 3.30792, Right Height: 1.226
    Peak at bin 147, Left Height: 0.362077, Right Height: 1.47417
    Peak at bin 193, Left Height: 0.414015, Right Height: 0.440483
    Peak at bin 251, Left Height: 0.383377, Right Height: 0.649082

Top total peaks (by true height): 125 193 251 

---- Saving Time info of muon and Michel candidates ----
[Saved] Muon time peak index: 125
        Intensity: 1.226
[Saved] Michel time peak: 193
        Intensity: 0.414015


[347] Processing file: /Users/shuaixiangzhang/Work/current/FNAL_Work2024/michel_e/t0_tagging/pdhd_DATA_v2/t0_rootFiles/new20250808_MC/wvf_merged_applyCut_20250819/wvfFind_event446_trackID17_opNum5_merged.root

Threshold for summed wvf: 0.3
Histogram: total
    Peak at bin 124, Left Height: 2.81013, Right Height: 1.82698
    Peak at bin 219, Left Height: 5.78366, Right Height: 4.55448
    Peak at bin 262, Left Height: 0.590816, Right Height: 0.808208
    Peak at bin 369, Left Height: 0.421925, Right Height: 0.417369

Top total peaks (by true height): 219 124 262 

---- Saving Time info of muon and Michel candidates ----
[Saved] Muon time peak index: 219
        Intensity: 4.55448
[Saved] Michel time peak: 124
        Intensity: 1.82698


[348] Processing file: /Users/shuaixiangzhang/Work/current/FNAL_Work2024/michel_e/t0_tagging/pdhd_DATA_v2/t0_rootFiles/new20250808_MC/wvf_merged_applyCut_20250819/wvfFind_event4475_trackID17_opNum6_merged.root

Threshold for summed wvf: 0.3
Histogram: total
    Peak at bin 123, Left Height: 3.00021, Right Height: 2.97028
    Peak at bin 299, Left Height: 0.323591, Right Height: 0.512808
    Peak at bin 330, Left Height: 0.636209, Right Height: 0.564659

Top total peaks (by true height): 123 330 299 

---- Saving Time info of muon and Michel candidates ----
[Saved] Muon time peak index: 123
        Intensity: 2.97028
[Saved] Michel time peak: 330
        Intensity: 0.564659


[349] Processing file: /Users/shuaixiangzhang/Work/current/FNAL_Work2024/michel_e/t0_tagging/pdhd_DATA_v2/t0_rootFiles/new20250808_MC/wvf_merged_applyCut_20250819/wvfFind_event4484_trackID22_opNum9_merged.root

Threshold for summed wvf: 0.3
Histogram: total
    Peak at bin 126, Left Height: 9.2272, Right Height: 7.16213
    Peak at bin 152, Left Height: 0.932284, Right Height: 2.52174
    Peak at bin 205, Left Height: 0.774617, Right Height: 1.40365
    Peak at bin 346, Left Height: 0.513729, Right Height: 1.11229
    Peak at bin 735, Left Height: 42.5555, Right Height: 36.371
    Peak at bin 783, Left Height: 2.15295, Right Height: 2.70189
    Peak at bin 840, Left Height: 0.529469, Right Height: 1.83425
    Peak at bin 870, Left Height: 0.468306, Right Height: 0.354832
    Peak at bin 889, Left Height: 0.683646, Right Height: 0.7565
    Peak at bin 932, Left Height: 2.43328, Right Height: 2.57003
    Peak at bin 962, Left Height: 1.35681, Right Height: 0.694025

Top total peaks (by true height): 735 126 932 

---- Saving Time info of muon and Michel candidates ----
[Saved] Muon time peak index: 735
        Intensity: 36.371
[Saved] Michel time peak: 126
        Intensity: 7.16213


[350] Processing file: /Users/shuaixiangzhang/Work/current/FNAL_Work2024/michel_e/t0_tagging/pdhd_DATA_v2/t0_rootFiles/new20250808_MC/wvf_merged_applyCut_20250819/wvfFind_event4487_trackID13_opNum9_merged.root

Threshold for summed wvf: 0.3
Histogram: total
    Peak at bin 126, Left Height: 15.0351, Right Height: 13.5056
    Peak at bin 166, Left Height: 1.22834, Right Height: 1.85507
    Peak at bin 243, Left Height: 1.43153, Right Height: 1.83136
    Peak at bin 281, Left Height: 0.547988, Right Height: 0.433139
    Peak at bin 346, Left Height: 0.408229, Right Height: 0.510768
    Peak at bin 392, Left Height: 0.36618, Right Height: 0.624788
    Peak at bin 440, Left Height: 0.674599, Right Height: 0.455291
    Peak at bin 504, Left Height: 0.47195, Right Height: 0.413686
    Peak at bin 533, Left Height: 0.345839, Right Height: 0.364272

Top total peaks (by true height): 126 243 166 

---- Saving Time info of muon and Michel candidates ----
[Saved] Muon time peak index: 126
        Intensity: 13.5056
[Saved] Michel time peak: 243
        Intensity: 1.43153


[351] Processing file: /Users/shuaixiangzhang/Work/current/FNAL_Work2024/michel_e/t0_tagging/pdhd_DATA_v2/t0_rootFiles/new20250808_MC/wvf_merged_applyCut_20250819/wvfFind_event4513_trackID10_opNum9_merged.root

Threshold for summed wvf: 0.3
Histogram: total
    Peak at bin 127, Left Height: 20.3059, Right Height: 17.9335
    Peak at bin 167, Left Height: 1.12994, Right Height: 1.50359
    Peak at bin 199, Left Height: 1.03712, Right Height: 2.02251
    Peak at bin 268, Left Height: 0.90748, Right Height: 1.54517
    Peak at bin 315, Left Height: 1.20122, Right Height: 1.11293
    Peak at bin 361, Left Height: 3.79815, Right Height: 3.59961
    Peak at bin 405, Left Height: 0.675769, Right Height: 1.09405
    Peak at bin 448, Left Height: 0.808588, Right Height: 1.06192
    Peak at bin 497, Left Height: 0.314215, Right Height: 0.482292

Top total peaks (by true height): 127 361 167 

---- Saving Time info of muon and Michel candidates ----
[Saved] Muon time peak index: 127
        Intensity: 17.9335
[Saved] Michel time peak: 361
        Intensity: 3.59961


[352] Processing file: /Users/shuaixiangzhang/Work/current/FNAL_Work2024/michel_e/t0_tagging/pdhd_DATA_v2/t0_rootFiles/new20250808_MC/wvf_merged_applyCut_20250819/wvfFind_event4517_trackID10_opNum9_merged.root

Threshold for summed wvf: 0.3
Histogram: total
    Peak at bin 127, Left Height: 18.5808, Right Height: 14.2356
    Peak at bin 160, Left Height: 0.646578, Right Height: 0.665271
    Peak at bin 181, Left Height: 0.565136, Right Height: 2.62497
    Peak at bin 218, Left Height: 3.95084, Right Height: 4.97395
    Peak at bin 272, Left Height: 0.634814, Right Height: 0.576925
    Peak at bin 306, Left Height: 0.432112, Right Height: 0.702033
    Peak at bin 337, Left Height: 0.300327, Right Height: 0.999457
    Peak at bin 382, Left Height: 0.393307, Right Height: 0.556838
    Peak at bin 440, Left Height: 0.469208, Right Height: 0.471792

Top total peaks (by true height): 127 218 160 

---- Saving Time info of muon and Michel candidates ----
[Saved] Muon time peak index: 127
        Intensity: 14.2356
[Saved] Michel time peak: 218
        Intensity: 3.95084


[353] Processing file: /Users/shuaixiangzhang/Work/current/FNAL_Work2024/michel_e/t0_tagging/pdhd_DATA_v2/t0_rootFiles/new20250808_MC/wvf_merged_applyCut_20250819/wvfFind_event4532_trackID12_opNum6_merged.root

Threshold for summed wvf: 0.3
Histogram: total
    Peak at bin 127, Left Height: 11.2825, Right Height: 7.10317
    Peak at bin 195, Left Height: 0.600118, Right Height: 1.08334
    Peak at bin 235, Left Height: 0.465818, Right Height: 1.03324
    Peak at bin 414, Left Height: 0.435855, Right Height: 0.37823

Top total peaks (by true height): 127 195 235 

---- Saving Time info of muon and Michel candidates ----
[Saved] Muon time peak index: 127
        Intensity: 7.10317
[Saved] Michel time peak: 195
        Intensity: 0.600118


[354] Processing file: /Users/shuaixiangzhang/Work/current/FNAL_Work2024/michel_e/t0_tagging/pdhd_DATA_v2/t0_rootFiles/new20250808_MC/wvf_merged_applyCut_20250819/wvfFind_event4535_trackID7_opNum9_merged.root

Threshold for summed wvf: 0.3
Histogram: total
    Peak at bin 127, Left Height: 14.6298, Right Height: 12.0264
    Peak at bin 166, Left Height: 0.857035, Right Height: 2.26338
    Peak at bin 236, Left Height: 0.701094, Right Height: 1.33323
    Peak at bin 278, Left Height: 2.20251, Right Height: 2.15684
    Peak at bin 313, Left Height: 0.305092, Right Height: 0.459945
    Peak at bin 492, Left Height: 0.56393, Right Height: 0.45321
    Peak at bin 540, Left Height: 0.411827, Right Height: 0.465144

Top total peaks (by true height): 127 278 166 

---- Saving Time info of muon and Michel candidates ----
[Saved] Muon time peak index: 127
        Intensity: 12.0264
[Saved] Michel time peak: 278
        Intensity: 2.15684


[355] Processing file: /Users/shuaixiangzhang/Work/current/FNAL_Work2024/michel_e/t0_tagging/pdhd_DATA_v2/t0_rootFiles/new20250808_MC/wvf_merged_applyCut_20250819/wvfFind_event4536_trackID15_opNum9_merged.root

Threshold for summed wvf: 0.3
Histogram: total
    Peak at bin 126, Left Height: 12.9549, Right Height: 11.4578
    Peak at bin 199, Left Height: 0.587913, Right Height: 0.865206
    Peak at bin 233, Left Height: 0.304914, Right Height: 0.630919
    Peak at bin 269, Left Height: 0.33337, Right Height: 0.303285
    Peak at bin 290, Left Height: 0.376583, Right Height: 0.682884
    Peak at bin 315, Left Height: 0.358478, Right Height: 0.570288
    Peak at bin 358, Left Height: 5.23646, Right Height: 4.20916
    Peak at bin 459, Left Height: 0.836842, Right Height: 0.79273
    Peak at bin 499, Left Height: 0.714834, Right Height: 1.17468
    Peak at bin 534, Left Height: 0.324502, Right Height: 0.33616
    Peak at bin 570, Left Height: 0.343222, Right Height: 0.30226

Top total peaks (by true height): 126 358 459 

---- Saving Time info of muon and Michel candidates ----
[Saved] Muon time peak index: 126
        Intensity: 11.4578
[Saved] Michel time peak: 358
        Intensity: 4.20916


[356] Processing file: /Users/shuaixiangzhang/Work/current/FNAL_Work2024/michel_e/t0_tagging/pdhd_DATA_v2/t0_rootFiles/new20250808_MC/wvf_merged_applyCut_20250819/wvfFind_event4551_trackID4_opNum5_merged.root

Threshold for summed wvf: 0.3
Histogram: total
    Peak at bin 123, Left Height: 3.44189, Right Height: 2.97964
    Peak at bin 159, Left Height: 0.619728, Right Height: 0.673784
    Peak at bin 190, Left Height: 0.700503, Right Height: 0.645992
    Peak at bin 239, Left Height: 0.702088, Right Height: 0.513817
    Peak at bin 268, Left Height: 0.556908, Right Height: 0.482299
    Peak at bin 348, Left Height: 0.484841, Right Height: 0.522904

Top total peaks (by true height): 123 190 159 

---- Saving Time info of muon and Michel candidates ----
[Saved] Muon time peak index: 123
        Intensity: 2.97964
[Saved] Michel time peak: 190
        Intensity: 0.645992


[357] Processing file: /Users/shuaixiangzhang/Work/current/FNAL_Work2024/michel_e/t0_tagging/pdhd_DATA_v2/t0_rootFiles/new20250808_MC/wvf_merged_applyCut_20250819/wvfFind_event4578_trackID17_opNum6_merged.root

Threshold for summed wvf: 0.3
Histogram: total
    Peak at bin 129, Left Height: 23.7121, Right Height: 17.2075
    Peak at bin 245, Left Height: 0.629756, Right Height: 0.568444

Top total peaks (by true height): 129 245 

---- Saving Time info of muon and Michel candidates ----
[Saved] Muon time peak index: 129
        Intensity: 17.2075
[Saved] Michel time peak: 245
        Intensity: 0.568444


[358] Processing file: /Users/shuaixiangzhang/Work/current/FNAL_Work2024/michel_e/t0_tagging/pdhd_DATA_v2/t0_rootFiles/new20250808_MC/wvf_merged_applyCut_20250819/wvfFind_event4591_trackID8_opNum9_merged.root

Threshold for summed wvf: 0.3
Histogram: total
    Peak at bin 126, Left Height: 8.50404, Right Height: 6.6049
    Peak at bin 194, Left Height: 0.903126, Right Height: 0.958097
    Peak at bin 240, Left Height: 0.853659, Right Height: 1.63361
    Peak at bin 287, Left Height: 0.549948, Right Height: 0.601858
    Peak at bin 313, Left Height: 0.516134, Right Height: 0.850927

Top total peaks (by true height): 126 194 240 

---- Saving Time info of muon and Michel candidates ----
[Saved] Muon time peak index: 126
        Intensity: 6.6049
[Saved] Michel time peak: 194
        Intensity: 0.903126


[359] Processing file: /Users/shuaixiangzhang/Work/current/FNAL_Work2024/michel_e/t0_tagging/pdhd_DATA_v2/t0_rootFiles/new20250808_MC/wvf_merged_applyCut_20250819/wvfFind_event45_trackID1_opNum5_merged.root

Threshold for summed wvf: 0.3
Histogram: total
    Peak at bin 127, Left Height: 10.8159, Right Height: 8.98404
    Peak at bin 236, Left Height: 0.910752, Right Height: 0.840478
    Peak at bin 288, Left Height: 0.817049, Right Height: 0.624264
    Peak at bin 412, Left Height: 0.395122, Right Height: 0.413409

Top total peaks (by true height): 127 236 288 

---- Saving Time info of muon and Michel candidates ----
[Saved] Muon time peak index: 127
        Intensity: 8.98404
[Saved] Michel time peak: 236
        Intensity: 0.840478


[360] Processing file: /Users/shuaixiangzhang/Work/current/FNAL_Work2024/michel_e/t0_tagging/pdhd_DATA_v2/t0_rootFiles/new20250808_MC/wvf_merged_applyCut_20250819/wvfFind_event4610_trackID6_opNum4_merged.root

Threshold for summed wvf: 0.3
Histogram: total
    Peak at bin 128, Left Height: 20.9132, Right Height: 15.7098
    Peak at bin 160, Left Height: 0.453555, Right Height: 0.789255
    Peak at bin 193, Left Height: 3.8547, Right Height: 4.60118
    Peak at bin 225, Left Height: 0.617908, Right Height: 3.04713
    Peak at bin 304, Left Height: 0.954123, Right Height: 1.27308
    Peak at bin 334, Left Height: 0.446329, Right Height: 0.604999

Top total peaks (by true height): 128 193 304 

---- Saving Time info of muon and Michel candidates ----
[Saved] Muon time peak index: 128
        Intensity: 15.7098
[Saved] Michel time peak: 193
        Intensity: 3.8547


[361] Processing file: /Users/shuaixiangzhang/Work/current/FNAL_Work2024/michel_e/t0_tagging/pdhd_DATA_v2/t0_rootFiles/new20250808_MC/wvf_merged_applyCut_20250819/wvfFind_event4627_trackID16_opNum8_merged.root

Threshold for summed wvf: 0.3
Histogram: total
    Peak at bin 125, Left Height: 5.94983, Right Height: 5.14356
    Peak at bin 179, Left Height: 0.791784, Right Height: 0.672933

Top total peaks (by true height): 125 179 

---- Saving Time info of muon and Michel candidates ----
[Saved] Muon time peak index: 125
        Intensity: 5.14356
[Saved] Michel time peak: 179
        Intensity: 0.672933


[362] Processing file: /Users/shuaixiangzhang/Work/current/FNAL_Work2024/michel_e/t0_tagging/pdhd_DATA_v2/t0_rootFiles/new20250808_MC/wvf_merged_applyCut_20250819/wvfFind_event4635_trackID13_opNum6_merged.root

Threshold for summed wvf: 0.3
Histogram: total
    Peak at bin 126, Left Height: 9.62797, Right Height: 8.67308
    Peak at bin 169, Left Height: 0.359851, Right Height: 0.668138
    Peak at bin 195, Left Height: 0.776116, Right Height: 0.811226
    Peak at bin 220, Left Height: 1.14121, Right Height: 0.59307
    Peak at bin 257, Left Height: 0.482599, Right Height: 0.78469
    Peak at bin 294, Left Height: 1.325, Right Height: 1.444
    Peak at bin 399, Left Height: 0.752368, Right Height: 0.481996

Top total peaks (by true height): 126 294 195 

---- Saving Time info of muon and Michel candidates ----
[Saved] Muon time peak index: 126
        Intensity: 8.67308
[Saved] Michel time peak: 294
        Intensity: 1.325


[363] Processing file: /Users/shuaixiangzhang/Work/current/FNAL_Work2024/michel_e/t0_tagging/pdhd_DATA_v2/t0_rootFiles/new20250808_MC/wvf_merged_applyCut_20250819/wvfFind_event4636_trackID2_opNum9_merged.root

Threshold for summed wvf: 0.3
Histogram: total
    Peak at bin 128, Left Height: 84.1397, Right Height: 70.3759
    Peak at bin 150, Left Height: 0.614595, Right Height: 6.39854
    Peak at bin 193, Left Height: 3.25016, Right Height: 8.10298
    Peak at bin 245, Left Height: 1.6817, Right Height: 1.03929
    Peak at bin 316, Left Height: 1.72431, Right Height: 2.98298
    Peak at bin 350, Left Height: 0.891539, Right Height: 1.22758
    Peak at bin 384, Left Height: 1.05515, Right Height: 1.2033
    Peak at bin 421, Left Height: 1.43125, Right Height: 1.21389
    Peak at bin 452, Left Height: 0.346877, Right Height: 0.436534
    Peak at bin 503, Left Height: 0.977721, Right Height: 0.432134
    Peak at bin 578, Left Height: 0.602771, Right Height: 0.54022
    Peak at bin 678, Left Height: 0.323246, Right Height: 0.480147
    Peak at bin 703, Left Height: 0.50081, Right Height: 0.531603
    Peak at bin 799, Left Height: 0.423765, Right Height: 0.331147

Top total peaks (by true height): 128 193 316 

---- Saving Time info of muon and Michel candidates ----
[Saved] Muon time peak index: 128
        Intensity: 70.3759
[Saved] Michel time peak: 193
        Intensity: 3.25016


[364] Processing file: /Users/shuaixiangzhang/Work/current/FNAL_Work2024/michel_e/t0_tagging/pdhd_DATA_v2/t0_rootFiles/new20250808_MC/wvf_merged_applyCut_20250819/wvfFind_event4642_trackID15_opNum7_merged.root

Threshold for summed wvf: 0.3
Histogram: total
    Peak at bin 124, Left Height: 3.28783, Right Height: 2.73555
    Peak at bin 276, Left Height: 0.521252, Right Height: 0.391424

Top total peaks (by true height): 124 276 

---- Saving Time info of muon and Michel candidates ----
[Saved] Muon time peak index: 124
        Intensity: 2.73555
[Saved] Michel time peak: 276
        Intensity: 0.391424


[365] Processing file: /Users/shuaixiangzhang/Work/current/FNAL_Work2024/michel_e/t0_tagging/pdhd_DATA_v2/t0_rootFiles/new20250808_MC/wvf_merged_applyCut_20250819/wvfFind_event4648_trackID14_opNum6_merged.root

Threshold for summed wvf: 0.3
Histogram: total
    Peak at bin 126, Left Height: 8.231, Right Height: 8.04769
    Peak at bin 155, Left Height: 0.41755, Right Height: 0.431877
    Peak at bin 195, Left Height: 0.5623, Right Height: 0.934158
    Peak at bin 230, Left Height: 0.91646, Right Height: 0.757363
    Peak at bin 305, Left Height: 0.758934, Right Height: 0.804002
    Peak at bin 537, Left Height: 0.381142, Right Height: 0.340473

Top total peaks (by true height): 126 305 230 

---- Saving Time info of muon and Michel candidates ----
[Saved] Muon time peak index: 126
        Intensity: 8.04769
[Saved] Michel time peak: 305
        Intensity: 0.758934


[366] Processing file: /Users/shuaixiangzhang/Work/current/FNAL_Work2024/michel_e/t0_tagging/pdhd_DATA_v2/t0_rootFiles/new20250808_MC/wvf_merged_applyCut_20250819/wvfFind_event4649_trackID12_opNum9_merged.root

Threshold for summed wvf: 0.3
Histogram: total
    Peak at bin 126, Left Height: 11.7481, Right Height: 10.416
    Peak at bin 164, Left Height: 1.50562, Right Height: 2.01737
    Peak at bin 200, Left Height: 0.316317, Right Height: 0.735001
    Peak at bin 268, Left Height: 2.83372, Right Height: 2.93463
    Peak at bin 298, Left Height: 1.08129, Right Height: 1.13558
    Peak at bin 391, Left Height: 0.528291, Right Height: 0.425509
    Peak at bin 516, Left Height: 0.518907, Right Height: 0.658965

Top total peaks (by true height): 126 268 164 

---- Saving Time info of muon and Michel candidates ----
[Saved] Muon time peak index: 126
        Intensity: 10.416
[Saved] Michel time peak: 268
        Intensity: 2.83372


[367] Processing file: /Users/shuaixiangzhang/Work/current/FNAL_Work2024/michel_e/t0_tagging/pdhd_DATA_v2/t0_rootFiles/new20250808_MC/wvf_merged_applyCut_20250819/wvfFind_event4663_trackID19_opNum9_merged.root

Threshold for summed wvf: 0.3
Histogram: total
    Peak at bin 126, Left Height: 8.75564, Right Height: 8.12392
    Peak at bin 197, Left Height: 0.728858, Right Height: 0.504332
    Peak at bin 245, Left Height: 1.20853, Right Height: 1.93696
    Peak at bin 493, Left Height: 0.302797, Right Height: 0.336118
    Peak at bin 532, Left Height: 0.314877, Right Height: 0.312918

Top total peaks (by true height): 126 245 197 

---- Saving Time info of muon and Michel candidates ----
[Saved] Muon time peak index: 126
        Intensity: 8.12392
[Saved] Michel time peak: 245
        Intensity: 1.20853


[368] Processing file: /Users/shuaixiangzhang/Work/current/FNAL_Work2024/michel_e/t0_tagging/pdhd_DATA_v2/t0_rootFiles/new20250808_MC/wvf_merged_applyCut_20250819/wvfFind_event466_trackID5_opNum9_merged.root

Threshold for summed wvf: 0.3
Histogram: total
    Peak at bin 126, Left Height: 12.9563, Right Height: 10.0509
    Peak at bin 153, Left Height: 3.55351, Right Height: 5.20227
    Peak at bin 212, Left Height: 0.549063, Right Height: 0.933413
    Peak at bin 306, Left Height: 1.14996, Right Height: 1.19057
    Peak at bin 338, Left Height: 0.666446, Right Height: 0.591465
    Peak at bin 374, Left Height: 0.568136, Right Height: 0.503585
    Peak at bin 413, Left Height: 0.518459, Right Height: 0.461447
    Peak at bin 447, Left Height: 0.368781, Right Height: 0.307759
    Peak at bin 516, Left Height: 0.42478, Right Height: 0.572912

Top total peaks (by true height): 126 153 306 

---- Saving Time info of muon and Michel candidates ----
[Saved] Muon time peak index: 126
        Intensity: 10.0509
[Saved] Michel time peak: 153
        Intensity: 3.55351


[369] Processing file: /Users/shuaixiangzhang/Work/current/FNAL_Work2024/michel_e/t0_tagging/pdhd_DATA_v2/t0_rootFiles/new20250808_MC/wvf_merged_applyCut_20250819/wvfFind_event4670_trackID8_opNum9_merged.root

Threshold for summed wvf: 0.3
Histogram: total
    Peak at bin 127, Left Height: 21.5755, Right Height: 17.3618
    Peak at bin 167, Left Height: 0.361154, Right Height: 0.729837
    Peak at bin 186, Left Height: 0.391174, Right Height: 1.60774
    Peak at bin 210, Left Height: 0.349124, Right Height: 1.10569
    Peak at bin 282, Left Height: 0.329734, Right Height: 0.807949
    Peak at bin 323, Left Height: 1.71117, Right Height: 2.33089
    Peak at bin 370, Left Height: 1.03404, Right Height: 0.917286
    Peak at bin 451, Left Height: 0.303182, Right Height: 0.506484

Top total peaks (by true height): 127 323 370 

---- Saving Time info of muon and Michel candidates ----
[Saved] Muon time peak index: 127
        Intensity: 17.3618
[Saved] Michel time peak: 323
        Intensity: 1.71117


[370] Processing file: /Users/shuaixiangzhang/Work/current/FNAL_Work2024/michel_e/t0_tagging/pdhd_DATA_v2/t0_rootFiles/new20250808_MC/wvf_merged_applyCut_20250819/wvfFind_event467_trackID14_opNum5_merged.root

Threshold for summed wvf: 0.3
Histogram: total
    Peak at bin 123, Left Height: 3.62971, Right Height: 3.62315
    Peak at bin 195, Left Height: 0.860187, Right Height: 0.863225
    Peak at bin 287, Left Height: 0.637838, Right Height: 0.598964

Top total peaks (by true height): 123 195 287 

---- Saving Time info of muon and Michel candidates ----
[Saved] Muon time peak index: 123
        Intensity: 3.62315
[Saved] Michel time peak: 195
        Intensity: 0.860187


[371] Processing file: /Users/shuaixiangzhang/Work/current/FNAL_Work2024/michel_e/t0_tagging/pdhd_DATA_v2/t0_rootFiles/new20250808_MC/wvf_merged_applyCut_20250819/wvfFind_event4700_trackID14_opNum9_merged.root

Threshold for summed wvf: 0.3
Histogram: total
    Peak at bin 124, Left Height: 5.03276, Right Height: 3.97844
    Peak at bin 175, Left Height: 0.35234, Right Height: 1.71436
    Peak at bin 209, Left Height: 1.07829, Right Height: 1.24292
    Peak at bin 254, Left Height: 0.491895, Right Height: 0.698244
    Peak at bin 382, Left Height: 0.335142, Right Height: 0.478137

Top total peaks (by true height): 124 209 254 

---- Saving Time info of muon and Michel candidates ----
[Saved] Muon time peak index: 124
        Intensity: 3.97844
[Saved] Michel time peak: 209
        Intensity: 1.07829


[372] Processing file: /Users/shuaixiangzhang/Work/current/FNAL_Work2024/michel_e/t0_tagging/pdhd_DATA_v2/t0_rootFiles/new20250808_MC/wvf_merged_applyCut_20250819/wvfFind_event4709_trackID8_opNum9_merged.root

Threshold for summed wvf: 0.3
Histogram: total
    Peak at bin 128, Left Height: 52.6692, Right Height: 45.0466
    Peak at bin 163, Left Height: 0.523562, Right Height: 3.04149
    Peak at bin 262, Left Height: 1.56138, Right Height: 1.00496
    Peak at bin 290, Left Height: 7.12411, Right Height: 7.31336
    Peak at bin 322, Left Height: 0.601178, Right Height: 1.38302
    Peak at bin 371, Left Height: 1.2069, Right Height: 1.62751
    Peak at bin 392, Left Height: 0.627405, Right Height: 0.696676
    Peak at bin 474, Left Height: 0.49777, Right Height: 0.536485
    Peak at bin 527, Left Height: 0.638077, Right Height: 0.533232
    Peak at bin 564, Left Height: 0.713669, Right Height: 0.649158

Top total peaks (by true height): 128 290 371 

---- Saving Time info of muon and Michel candidates ----
[Saved] Muon time peak index: 128
        Intensity: 45.0466
[Saved] Michel time peak: 290
        Intensity: 7.12411


[373] Processing file: /Users/shuaixiangzhang/Work/current/FNAL_Work2024/michel_e/t0_tagging/pdhd_DATA_v2/t0_rootFiles/new20250808_MC/wvf_merged_applyCut_20250819/wvfFind_event4711_trackID11_opNum8_merged.root

Threshold for summed wvf: 0.3
Histogram: total
    Peak at bin 127, Left Height: 9.94687, Right Height: 9.08001
    Peak at bin 187, Left Height: 0.584248, Right Height: 0.600548
    Peak at bin 247, Left Height: 1.90056, Right Height: 1.42342
    Peak at bin 284, Left Height: 0.579075, Right Height: 0.756084
    Peak at bin 387, Left Height: 0.514447, Right Height: 0.390307
    Peak at bin 787, Left Height: 0.518684, Right Height: 0.51665

Top total peaks (by true height): 127 247 187 

---- Saving Time info of muon and Michel candidates ----
[Saved] Muon time peak index: 127
        Intensity: 9.08001
[Saved] Michel time peak: 247
        Intensity: 1.42342


[374] Processing file: /Users/shuaixiangzhang/Work/current/FNAL_Work2024/michel_e/t0_tagging/pdhd_DATA_v2/t0_rootFiles/new20250808_MC/wvf_merged_applyCut_20250819/wvfFind_event4736_trackID18_opNum9_merged.root

Threshold for summed wvf: 0.3
Histogram: total
    Peak at bin 128, Left Height: 39.7079, Right Height: 32.7917
    Peak at bin 186, Left Height: 44.1521, Right Height: 40.9922
    Peak at bin 240, Left Height: 0.755922, Right Height: 4.63131
    Peak at bin 277, Left Height: 0.493891, Right Height: 0.301793
    Peak at bin 292, Left Height: 0.598991, Right Height: 3.77201
    Peak at bin 330, Left Height: 0.529792, Right Height: 1.34148
    Peak at bin 354, Left Height: 0.434682, Right Height: 1.09206
    Peak at bin 386, Left Height: 0.48692, Right Height: 1.55402
    Peak at bin 416, Left Height: 1.39207, Right Height: 0.615381
    Peak at bin 457, Left Height: 0.69513, Right Height: 1.2334
    Peak at bin 494, Left Height: 0.552688, Right Height: 0.998413
    Peak at bin 540, Left Height: 0.80754, Right Height: 0.309381

Top total peaks (by true height): 186 128 240 

---- Saving Time info of muon and Michel candidates ----
[Saved] Muon time peak index: 186
        Intensity: 40.9922
[Saved] Michel time peak: 128
        Intensity: 32.7917


[375] Processing file: /Users/shuaixiangzhang/Work/current/FNAL_Work2024/michel_e/t0_tagging/pdhd_DATA_v2/t0_rootFiles/new20250808_MC/wvf_merged_applyCut_20250819/wvfFind_event4736_trackID1_opNum4_2.root

Threshold for summed wvf: 0.3
Histogram: total
    Peak at bin 128, Left Height: 28.0747, Right Height: 24.1677
    Peak at bin 202, Left Height: 2.6329, Right Height: 2.76944
    Peak at bin 234, Left Height: 0.802809, Right Height: 2.00446
    Peak at bin 274, Left Height: 1.27184, Right Height: 1.87946
    Peak at bin 305, Left Height: 0.963168, Right Height: 1.22906
    Peak at bin 385, Left Height: 0.786918, Right Height: 1.04156

Top total peaks (by true height): 128 202 274 

---- Saving Time info of muon and Michel candidates ----
[Saved] Muon time peak index: 128
        Intensity: 24.1677
[Saved] Michel time peak: 202
        Intensity: 2.6329


[376] Processing file: /Users/shuaixiangzhang/Work/current/FNAL_Work2024/michel_e/t0_tagging/pdhd_DATA_v2/t0_rootFiles/new20250808_MC/wvf_merged_applyCut_20250819/wvfFind_event4736_trackID1_opNum5_merged.root

Threshold for summed wvf: 0.3
Histogram: total
    Peak at bin 128, Left Height: 13.3484, Right Height: 9.81449
    Peak at bin 171, Left Height: 0.495431, Right Height: 1.29571
    Peak at bin 200, Left Height: 1.57186, Right Height: 1.6733
    Peak at bin 231, Left Height: 0.441691, Right Height: 1.87221
    Peak at bin 272, Left Height: 0.307671, Right Height: 0.648474
    Peak at bin 330, Left Height: 0.390256, Right Height: 0.614218
    Peak at bin 449, Left Height: 0.387175, Right Height: 0.364074

Top total peaks (by true height): 128 200 171 

---- Saving Time info of muon and Michel candidates ----
[Saved] Muon time peak index: 128
        Intensity: 9.81449
[Saved] Michel time peak: 200
        Intensity: 1.57186


[377] Processing file: /Users/shuaixiangzhang/Work/current/FNAL_Work2024/michel_e/t0_tagging/pdhd_DATA_v2/t0_rootFiles/new20250808_MC/wvf_merged_applyCut_20250819/wvfFind_event4744_trackID8_opNum5_merged.root

Threshold for summed wvf: 0.3
Histogram: total
    Peak at bin 125, Left Height: 2.99928, Right Height: 1.57449
    Peak at bin 147, Left Height: 0.337865, Right Height: 1.05769

Top total peaks (by true height): 125 147 

---- Saving Time info of muon and Michel candidates ----
[Saved] Muon time peak index: 125
        Intensity: 1.57449
[Saved] Michel time peak: 147
        Intensity: 0.337865


[378] Processing file: /Users/shuaixiangzhang/Work/current/FNAL_Work2024/michel_e/t0_tagging/pdhd_DATA_v2/t0_rootFiles/new20250808_MC/wvf_merged_applyCut_20250819/wvfFind_event4755_trackID19_opNum9_merged.root

Threshold for summed wvf: 0.3
Histogram: total
    Peak at bin 127, Left Height: 12.2511, Right Height: 9.49442
    Peak at bin 195, Left Height: 1.25573, Right Height: 1.39407
    Peak at bin 219, Left Height: 0.788201, Right Height: 1.24708
    Peak at bin 256, Left Height: 0.385065, Right Height: 0.499586
    Peak at bin 281, Left Height: 0.308651, Right Height: 0.461961
    Peak at bin 328, Left Height: 0.507572, Right Height: 0.657763
    Peak at bin 369, Left Height: 0.605687, Right Height: 0.310698
    Peak at bin 466, Left Height: 0.41704, Right Height: 0.404367
    Peak at bin 1012, Left Height: 3.04846, Right Height: 4.46699

Top total peaks (by true height): 127 1012 195 

---- Saving Time info of muon and Michel candidates ----
[Saved] Muon time peak index: 127
        Intensity: 9.49442
[Saved] Michel time peak: 1012
        Intensity: 3.04846


[379] Processing file: /Users/shuaixiangzhang/Work/current/FNAL_Work2024/michel_e/t0_tagging/pdhd_DATA_v2/t0_rootFiles/new20250808_MC/wvf_merged_applyCut_20250819/wvfFind_event4767_trackID8_opNum6_merged.root

Threshold for summed wvf: 0.3
Histogram: total
    Peak at bin 127, Left Height: 12.2293, Right Height: 10.3208
    Peak at bin 172, Left Height: 1.15202, Right Height: 1.30995
    Peak at bin 325, Left Height: 6.62433, Right Height: 4.74153
    Peak at bin 363, Left Height: 1.60854, Right Height: 2.78427
    Peak at bin 404, Left Height: 1.01199, Right Height: 0.804712
    Peak at bin 426, Left Height: 0.480287, Right Height: 1.17807
    Peak at bin 534, Left Height: 0.378926, Right Height: 0.453368

Top total peaks (by true height): 127 325 363 

---- Saving Time info of muon and Michel candidates ----
[Saved] Muon time peak index: 127
        Intensity: 10.3208
[Saved] Michel time peak: 325
        Intensity: 4.74153


[380] Processing file: /Users/shuaixiangzhang/Work/current/FNAL_Work2024/michel_e/t0_tagging/pdhd_DATA_v2/t0_rootFiles/new20250808_MC/wvf_merged_applyCut_20250819/wvfFind_event4772_trackID0_opNum5_merged.root

Threshold for summed wvf: 0.3
Histogram: total
    Peak at bin 126, Left Height: 7.26278, Right Height: 6.60828
    Peak at bin 156, Left Height: 0.389599, Right Height: 0.319984
    Peak at bin 190, Left Height: 0.434923, Right Height: 0.643686
    Peak at bin 239, Left Height: 0.351597, Right Height: 0.978494
    Peak at bin 325, Left Height: 0.356234, Right Height: 0.764561
    Peak at bin 401, Left Height: 0.463702, Right Height: 0.404265

Top total peaks (by true height): 126 190 401 

---- Saving Time info of muon and Michel candidates ----
[Saved] Muon time peak index: 126
        Intensity: 6.60828
[Saved] Michel time peak: 190
        Intensity: 0.434923


[381] Processing file: /Users/shuaixiangzhang/Work/current/FNAL_Work2024/michel_e/t0_tagging/pdhd_DATA_v2/t0_rootFiles/new20250808_MC/wvf_merged_applyCut_20250819/wvfFind_event4775_trackID25_opNum6_merged.root

Threshold for summed wvf: 0.3
Histogram: total
    Peak at bin 124, Left Height: 3.56436, Right Height: 2.99921
    Peak at bin 279, Left Height: 0.624461, Right Height: 0.494795
    Peak at bin 308, Left Height: 0.350425, Right Height: 0.438973
    Peak at bin 394, Left Height: 0.498023, Right Height: 0.593902

Top total peaks (by true height): 124 394 279 

---- Saving Time info of muon and Michel candidates ----
[Saved] Muon time peak index: 124
        Intensity: 2.99921
[Saved] Michel time peak: 394
        Intensity: 0.498023


[382] Processing file: /Users/shuaixiangzhang/Work/current/FNAL_Work2024/michel_e/t0_tagging/pdhd_DATA_v2/t0_rootFiles/new20250808_MC/wvf_merged_applyCut_20250819/wvfFind_event4780_trackID0_opNum9_merged.root

Threshold for summed wvf: 0.3
Histogram: total
    Peak at bin 127, Left Height: 29.1645, Right Height: 25.1084
    Peak at bin 163, Left Height: 0.550953, Right Height: 1.39624
    Peak at bin 191, Left Height: 0.687217, Right Height: 2.70796
    Peak at bin 236, Left Height: 4.46131, Right Height: 5.03894
    Peak at bin 289, Left Height: 1.16963, Right Height: 1.5118
    Peak at bin 330, Left Height: 1.34556, Right Height: 1.11696
    Peak at bin 359, Left Height: 0.940023, Right Height: 1.35824
    Peak at bin 390, Left Height: 0.609378, Right Height: 0.516963
    Peak at bin 441, Left Height: 0.692236, Right Height: 0.811733

Top total peaks (by true height): 127 236 289 

---- Saving Time info of muon and Michel candidates ----
[Saved] Muon time peak index: 127
        Intensity: 25.1084
[Saved] Michel time peak: 236
        Intensity: 4.46131


[383] Processing file: /Users/shuaixiangzhang/Work/current/FNAL_Work2024/michel_e/t0_tagging/pdhd_DATA_v2/t0_rootFiles/new20250808_MC/wvf_merged_applyCut_20250819/wvfFind_event4782_trackID3_opNum5_merged.root

Threshold for summed wvf: 0.3
Histogram: total
    Peak at bin 129, Left Height: 60.0401, Right Height: 46.7002
    Peak at bin 157, Left Height: 1.22354, Right Height: 8.98168
    Peak at bin 242, Left Height: 0.863374, Right Height: 2.83764
    Peak at bin 267, Left Height: 0.776806, Right Height: 2.11514
    Peak at bin 323, Left Height: 0.786384, Right Height: 1.76753
    Peak at bin 360, Left Height: 1.01875, Right Height: 2.09145
    Peak at bin 422, Left Height: 0.612435, Right Height: 0.7775
    Peak at bin 463, Left Height: 0.506125, Right Height: 0.628207
    Peak at bin 618, Left Height: 0.412589, Right Height: 0.371481

Top total peaks (by true height): 129 157 360 

---- Saving Time info of muon and Michel candidates ----
[Saved] Muon time peak index: 129
        Intensity: 46.7002
[Saved] Michel time peak: 157
        Intensity: 1.22354


[384] Processing file: /Users/shuaixiangzhang/Work/current/FNAL_Work2024/michel_e/t0_tagging/pdhd_DATA_v2/t0_rootFiles/new20250808_MC/wvf_merged_applyCut_20250819/wvfFind_event478_trackID12_opNum8_merged.root

Threshold for summed wvf: 0.3
Histogram: total
    Peak at bin 125, Left Height: 12.2784, Right Height: 12.856
    Peak at bin 162, Left Height: 3.7515, Right Height: 2.17103
    Peak at bin 206, Left Height: 0.49888, Right Height: 1.246
    Peak at bin 237, Left Height: 0.971768, Right Height: 1.00091
    Peak at bin 277, Left Height: 0.553062, Right Height: 0.680892
    Peak at bin 364, Left Height: 0.603453, Right Height: 0.690837
    Peak at bin 392, Left Height: 0.583894, Right Height: 0.411933
    Peak at bin 516, Left Height: 0.736342, Right Height: 0.596903

Top total peaks (by true height): 125 162 237 

---- Saving Time info of muon and Michel candidates ----
[Saved] Muon time peak index: 125
        Intensity: 12.2784
[Saved] Michel time peak: 162
        Intensity: 2.17103


[385] Processing file: /Users/shuaixiangzhang/Work/current/FNAL_Work2024/michel_e/t0_tagging/pdhd_DATA_v2/t0_rootFiles/new20250808_MC/wvf_merged_applyCut_20250819/wvfFind_event4793_trackID4_opNum9_merged.root

Threshold for summed wvf: 0.3
Histogram: total
    Peak at bin 126, Left Height: 11.9447, Right Height: 10.346
    Peak at bin 170, Left Height: 0.666278, Right Height: 1.13627
    Peak at bin 194, Left Height: 0.374863, Right Height: 1.07347
    Peak at bin 227, Left Height: 2.67095, Right Height: 2.52525
    Peak at bin 271, Left Height: 0.857068, Right Height: 1.57839
    Peak at bin 297, Left Height: 0.420155, Right Height: 0.326598
    Peak at bin 349, Left Height: 0.527651, Right Height: 0.581489
    Peak at bin 418, Left Height: 0.394228, Right Height: 0.708036
    Peak at bin 576, Left Height: 0.333907, Right Height: 0.424923
    Peak at bin 619, Left Height: 0.41113, Right Height: 0.329533

Top total peaks (by true height): 126 227 271 

---- Saving Time info of muon and Michel candidates ----
[Saved] Muon time peak index: 126
        Intensity: 10.346
[Saved] Michel time peak: 227
        Intensity: 2.52525


[386] Processing file: /Users/shuaixiangzhang/Work/current/FNAL_Work2024/michel_e/t0_tagging/pdhd_DATA_v2/t0_rootFiles/new20250808_MC/wvf_merged_applyCut_20250819/wvfFind_event4798_trackID18_opNum9_merged.root

Threshold for summed wvf: 0.3
Histogram: total
    Peak at bin 124, Left Height: 5.62421, Right Height: 5.26767
    Peak at bin 162, Left Height: 0.738189, Right Height: 0.701405
    Peak at bin 207, Left Height: 1.47737, Right Height: 1.57691
    Peak at bin 258, Left Height: 0.370889, Right Height: 0.548906
    Peak at bin 348, Left Height: 0.445573, Right Height: 0.435456

Top total peaks (by true height): 124 207 162 

---- Saving Time info of muon and Michel candidates ----
[Saved] Muon time peak index: 124
        Intensity: 5.26767
[Saved] Michel time peak: 207
        Intensity: 1.47737


[387] Processing file: /Users/shuaixiangzhang/Work/current/FNAL_Work2024/michel_e/t0_tagging/pdhd_DATA_v2/t0_rootFiles/new20250808_MC/wvf_merged_applyCut_20250819/wvfFind_event4805_trackID9_opNum7_merged.root

Threshold for summed wvf: 0.3
Histogram: total
    Peak at bin 124, Left Height: 4.77414, Right Height: 4.17344
    Peak at bin 210, Left Height: 0.577377, Right Height: 0.577475
    Peak at bin 1006, Left Height: 11.3121, Right Height: 17.9116

Top total peaks (by true height): 1006 124 210 

---- Saving Time info of muon and Michel candidates ----
[Saved] Muon time peak index: 1006
        Intensity: 11.3121
[Saved] Michel time peak: 124
        Intensity: 4.17344


[388] Processing file: /Users/shuaixiangzhang/Work/current/FNAL_Work2024/michel_e/t0_tagging/pdhd_DATA_v2/t0_rootFiles/new20250808_MC/wvf_merged_applyCut_20250819/wvfFind_event480_trackID8_opNum5_merged.root

Threshold for summed wvf: 0.3
Histogram: total
    Peak at bin 125, Left Height: 4.19378, Right Height: 3.62748
    Peak at bin 183, Left Height: 0.582066, Right Height: 1.1408
    Peak at bin 210, Left Height: 0.398506, Right Height: 0.628618
    Peak at bin 241, Left Height: 0.668408, Right Height: 0.450417
    Peak at bin 400, Left Height: 0.632588, Right Height: 0.334895

Top total peaks (by true height): 125 183 241 

---- Saving Time info of muon and Michel candidates ----
[Saved] Muon time peak index: 125
        Intensity: 3.62748
[Saved] Michel time peak: 183
        Intensity: 0.582066


[389] Processing file: /Users/shuaixiangzhang/Work/current/FNAL_Work2024/michel_e/t0_tagging/pdhd_DATA_v2/t0_rootFiles/new20250808_MC/wvf_merged_applyCut_20250819/wvfFind_event4821_trackID21_opNum8_merged.root

Threshold for summed wvf: 0.3
Histogram: total
    Peak at bin 125, Left Height: 8.05161, Right Height: 7.03007
    Peak at bin 205, Left Height: 0.760026, Right Height: 0.500882
    Peak at bin 318, Left Height: 0.937686, Right Height: 0.945828
    Peak at bin 360, Left Height: 0.477944, Right Height: 0.37659
    Peak at bin 463, Left Height: 0.50116, Right Height: 0.544049
    Peak at bin 612, Left Height: 0.394546, Right Height: 0.412147
    Peak at bin 764, Left Height: 0.303463, Right Height: 0.308954

Top total peaks (by true height): 125 318 463 

---- Saving Time info of muon and Michel candidates ----
[Saved] Muon time peak index: 125
        Intensity: 7.03007
[Saved] Michel time peak: 318
        Intensity: 0.937686


[390] Processing file: /Users/shuaixiangzhang/Work/current/FNAL_Work2024/michel_e/t0_tagging/pdhd_DATA_v2/t0_rootFiles/new20250808_MC/wvf_merged_applyCut_20250819/wvfFind_event4821_trackID8_opNum9_merged.root

Threshold for summed wvf: 0.3
Histogram: total
    Peak at bin 128, Left Height: 28.4165, Right Height: 22.2234
    Peak at bin 192, Left Height: 0.350654, Right Height: 1.91808
    Peak at bin 238, Left Height: 0.443751, Right Height: 2.32385
    Peak at bin 270, Left Height: 0.707634, Right Height: 0.425026
    Peak at bin 294, Left Height: 2.45346, Right Height: 2.60091
    Peak at bin 362, Left Height: 0.566221, Right Height: 0.573496
    Peak at bin 404, Left Height: 0.405869, Right Height: 0.968725
    Peak at bin 447, Left Height: 0.376412, Right Height: 0.455713

Top total peaks (by true height): 128 294 362 

---- Saving Time info of muon and Michel candidates ----
[Saved] Muon time peak index: 128
        Intensity: 22.2234
[Saved] Michel time peak: 294
        Intensity: 2.45346


[391] Processing file: /Users/shuaixiangzhang/Work/current/FNAL_Work2024/michel_e/t0_tagging/pdhd_DATA_v2/t0_rootFiles/new20250808_MC/wvf_merged_applyCut_20250819/wvfFind_event4828_trackID7_opNum9_merged.root

Threshold for summed wvf: 0.3
Histogram: total
    Peak at bin 126, Left Height: 18.5485, Right Height: 16.3254
    Peak at bin 193, Left Height: 1.78609, Right Height: 2.74755
    Peak at bin 245, Left Height: 0.777923, Right Height: 0.843381
    Peak at bin 284, Left Height: 1.40276, Right Height: 1.64147
    Peak at bin 331, Left Height: 0.781706, Right Height: 1.167
    Peak at bin 366, Left Height: 0.836788, Right Height: 0.573965
    Peak at bin 479, Left Height: 0.434902, Right Height: 0.668727
    Peak at bin 522, Left Height: 0.639668, Right Height: 0.537406
    Peak at bin 611, Left Height: 0.395916, Right Height: 0.356185
    Peak at bin 654, Left Height: 0.460309, Right Height: 0.445174

Top total peaks (by true height): 126 193 284 

---- Saving Time info of muon and Michel candidates ----
[Saved] Muon time peak index: 126
        Intensity: 16.3254
[Saved] Michel time peak: 193
        Intensity: 1.78609


[392] Processing file: /Users/shuaixiangzhang/Work/current/FNAL_Work2024/michel_e/t0_tagging/pdhd_DATA_v2/t0_rootFiles/new20250808_MC/wvf_merged_applyCut_20250819/wvfFind_event4832_trackID31_opNum9_merged.root

Threshold for summed wvf: 0.3
Histogram: total
    Peak at bin 129, Left Height: 57.4022, Right Height: 46.6733
    Peak at bin 164, Left Height: 1.49851, Right Height: 5.76008
    Peak at bin 214, Left Height: 0.859339, Right Height: 4.31159
    Peak at bin 267, Left Height: 1.29182, Right Height: 3.0688
    Peak at bin 292, Left Height: 0.607545, Right Height: 0.530413
    Peak at bin 317, Left Height: 1.37247, Right Height: 1.46149
    Peak at bin 381, Left Height: 1.11568, Right Height: 0.585839
    Peak at bin 401, Left Height: 0.540139, Right Height: 1.07218
    Peak at bin 441, Left Height: 2.69221, Right Height: 2.29968
    Peak at bin 471, Left Height: 0.981552, Right Height: 1.46483
    Peak at bin 515, Left Height: 0.895683, Right Height: 0.910626
    Peak at bin 586, Left Height: 0.633775, Right Height: 0.658071

Top total peaks (by true height): 129 441 164 

---- Saving Time info of muon and Michel candidates ----
[Saved] Muon time peak index: 129
        Intensity: 46.6733
[Saved] Michel time peak: 441
        Intensity: 2.29968


[393] Processing file: /Users/shuaixiangzhang/Work/current/FNAL_Work2024/michel_e/t0_tagging/pdhd_DATA_v2/t0_rootFiles/new20250808_MC/wvf_merged_applyCut_20250819/wvfFind_event4845_trackID10_opNum9_merged.root

Threshold for summed wvf: 0.3
Histogram: total
    Peak at bin 126, Left Height: 10.8412, Right Height: 8.8167
    Peak at bin 170, Left Height: 1.64182, Right Height: 1.71734
    Peak at bin 212, Left Height: 1.77457, Right Height: 2.54004
    Peak at bin 261, Left Height: 1.37715, Right Height: 1.32314
    Peak at bin 304, Left Height: 0.968597, Right Height: 1.29852
    Peak at bin 367, Left Height: 0.735658, Right Height: 0.612976

Top total peaks (by true height): 126 212 170 

---- Saving Time info of muon and Michel candidates ----
[Saved] Muon time peak index: 126
        Intensity: 8.8167
[Saved] Michel time peak: 212
        Intensity: 1.77457


[394] Processing file: /Users/shuaixiangzhang/Work/current/FNAL_Work2024/michel_e/t0_tagging/pdhd_DATA_v2/t0_rootFiles/new20250808_MC/wvf_merged_applyCut_20250819/wvfFind_event4849_trackID8_opNum8_merged.root

Threshold for summed wvf: 0.3
Histogram: total
    Peak at bin 125, Left Height: 11.0971, Right Height: 9.61049
    Peak at bin 171, Left Height: 1.19527, Right Height: 1.99432
    Peak at bin 204, Left Height: 0.955335, Right Height: 0.782603
    Peak at bin 293, Left Height: 0.496571, Right Height: 0.393266
    Peak at bin 337, Left Height: 1.46661, Right Height: 1.39626
    Peak at bin 362, Left Height: 0.331298, Right Height: 0.3026
    Peak at bin 500, Left Height: 0.452776, Right Height: 0.771081

Top total peaks (by true height): 125 337 171 

---- Saving Time info of muon and Michel candidates ----
[Saved] Muon time peak index: 125
        Intensity: 9.61049
[Saved] Michel time peak: 337
        Intensity: 1.39626


[395] Processing file: /Users/shuaixiangzhang/Work/current/FNAL_Work2024/michel_e/t0_tagging/pdhd_DATA_v2/t0_rootFiles/new20250808_MC/wvf_merged_applyCut_20250819/wvfFind_event4857_trackID4_opNum9_merged.root

Threshold for summed wvf: 0.3
Histogram: total
    Peak at bin 128, Left Height: 87.5075, Right Height: 72.8234
    Peak at bin 167, Left Height: 0.433999, Right Height: 5.11343
    Peak at bin 265, Left Height: 16.6927, Right Height: 14.0107
    Peak at bin 295, Left Height: 1.24585, Right Height: 5.71072
    Peak at bin 349, Left Height: 1.12908, Right Height: 1.79977
    Peak at bin 383, Left Height: 0.951645, Right Height: 0.994272
    Peak at bin 440, Left Height: 0.436829, Right Height: 1.05355
    Peak at bin 494, Left Height: 0.734838, Right Height: 0.948531
    Peak at bin 524, Left Height: 0.406996, Right Height: 0.803637
    Peak at bin 571, Left Height: 0.542654, Right Height: 0.693628
    Peak at bin 637, Left Height: 0.858507, Right Height: 0.643438

Top total peaks (by true height): 128 265 295 

---- Saving Time info of muon and Michel candidates ----
[Saved] Muon time peak index: 128
        Intensity: 72.8234
[Saved] Michel time peak: 265
        Intensity: 14.0107


[396] Processing file: /Users/shuaixiangzhang/Work/current/FNAL_Work2024/michel_e/t0_tagging/pdhd_DATA_v2/t0_rootFiles/new20250808_MC/wvf_merged_applyCut_20250819/wvfFind_event4859_trackID11_opNum9_merged.root

Threshold for summed wvf: 0.3
Histogram: total
    Peak at bin 127, Left Height: 22.7128, Right Height: 19.3881
    Peak at bin 157, Left Height: 1.40792, Right Height: 2.7749
    Peak at bin 199, Left Height: 5.1679, Right Height: 5.1003
    Peak at bin 226, Left Height: 0.535181, Right Height: 1.48444
    Peak at bin 261, Left Height: 0.999975, Right Height: 0.327463
    Peak at bin 301, Left Height: 0.609606, Right Height: 0.686877
    Peak at bin 323, Left Height: 0.400917, Right Height: 1.09012
    Peak at bin 359, Left Height: 0.882815, Right Height: 1.49255
    Peak at bin 392, Left Height: 0.800657, Right Height: 0.636595
    Peak at bin 566, Left Height: 0.893331, Right Height: 0.881045
    Peak at bin 987, Left Height: 0.396105, Right Height: 0.596046

Top total peaks (by true height): 127 199 157 

---- Saving Time info of muon and Michel candidates ----
[Saved] Muon time peak index: 127
        Intensity: 19.3881
[Saved] Michel time peak: 199
        Intensity: 5.1003


[397] Processing file: /Users/shuaixiangzhang/Work/current/FNAL_Work2024/michel_e/t0_tagging/pdhd_DATA_v2/t0_rootFiles/new20250808_MC/wvf_merged_applyCut_20250819/wvfFind_event4862_trackID12_opNum9_merged.root

Threshold for summed wvf: 0.3
Histogram: total
    Peak at bin 127, Left Height: 15.7033, Right Height: 13.4752
    Peak at bin 204, Left Height: 1.76476, Right Height: 2.39949
    Peak at bin 243, Left Height: 0.800776, Right Height: 0.573126
    Peak at bin 440, Left Height: 0.444613, Right Height: 0.819228

Top total peaks (by true height): 127 204 243 

---- Saving Time info of muon and Michel candidates ----
[Saved] Muon time peak index: 127
        Intensity: 13.4752
[Saved] Michel time peak: 204
        Intensity: 1.76476


[398] Processing file: /Users/shuaixiangzhang/Work/current/FNAL_Work2024/michel_e/t0_tagging/pdhd_DATA_v2/t0_rootFiles/new20250808_MC/wvf_merged_applyCut_20250819/wvfFind_event4877_trackID2_opNum4_merged.root

Threshold for summed wvf: 0.3
Histogram: total
    Peak at bin 126, Left Height: 3.55181, Right Height: 2.00611
    Peak at bin 261, Left Height: 49.5927, Right Height: 34.2823
    Peak at bin 296, Left Height: 1.23943, Right Height: 10.3296
    Peak at bin 409, Left Height: 0.485225, Right Height: 1.37584
    Peak at bin 436, Left Height: 0.724528, Right Height: 1.35302

Top total peaks (by true height): 261 126 296 

---- Saving Time info of muon and Michel candidates ----
[Saved] Muon time peak index: 261
        Intensity: 34.2823
[Saved] Michel time peak: 126
        Intensity: 2.00611


[399] Processing file: /Users/shuaixiangzhang/Work/current/FNAL_Work2024/michel_e/t0_tagging/pdhd_DATA_v2/t0_rootFiles/new20250808_MC/wvf_merged_applyCut_20250819/wvfFind_event4899_trackID1_opNum5_merged.root

Threshold for summed wvf: 0.3
Histogram: total
    Peak at bin 125, Left Height: 5.74779, Right Height: 5.06634
    Peak at bin 203, Left Height: 0.745873, Right Height: 1.41513
    Peak at bin 237, Left Height: 1.10473, Right Height: 0.94408
    Peak at bin 277, Left Height: 0.662367, Right Height: 0.695032
    Peak at bin 459, Left Height: 0.418537, Right Height: 0.443728

Top total peaks (by true height): 125 237 203 

---- Saving Time info of muon and Michel candidates ----
[Saved] Muon time peak index: 125
        Intensity: 5.06634
[Saved] Michel time peak: 237
        Intensity: 0.94408


[400] Processing file: /Users/shuaixiangzhang/Work/current/FNAL_Work2024/michel_e/t0_tagging/pdhd_DATA_v2/t0_rootFiles/new20250808_MC/wvf_merged_applyCut_20250819/wvfFind_event4900_trackID5_opNum5_merged.root

Threshold for summed wvf: 0.3
Histogram: total
    Peak at bin 126, Left Height: 10.2207, Right Height: 10.3131
    Peak at bin 189, Left Height: 0.723001, Right Height: 2.18638
    Peak at bin 236, Left Height: 1.16966, Right Height: 0.459342
    Peak at bin 322, Left Height: 0.370882, Right Height: 0.460978
    Peak at bin 378, Left Height: 0.500846, Right Height: 0.442507

Top total peaks (by true height): 126 189 236 

---- Saving Time info of muon and Michel candidates ----
[Saved] Muon time peak index: 126
        Intensity: 10.2207
[Saved] Michel time peak: 189
        Intensity: 0.723001


[401] Processing file: /Users/shuaixiangzhang/Work/current/FNAL_Work2024/michel_e/t0_tagging/pdhd_DATA_v2/t0_rootFiles/new20250808_MC/wvf_merged_applyCut_20250819/wvfFind_event4901_trackID16_opNum9.root

Threshold for summed wvf: 0.3
Histogram: total
    Peak at bin 111, Left Height: 0.364361, Right Height: 0.887071
    Peak at bin 241, Left Height: 0.310923, Right Height: 0.618546
    Peak at bin 354, Left Height: 0.322457, Right Height: 0.32801

Top total peaks (by true height): 111 354 241 

---- Saving Time info of muon and Michel candidates ----
[Saved] Muon time peak index: 111
        Intensity: 0.364361
[Saved] Michel time peak: 354
        Intensity: 0.322457


[402] Processing file: /Users/shuaixiangzhang/Work/current/FNAL_Work2024/michel_e/t0_tagging/pdhd_DATA_v2/t0_rootFiles/new20250808_MC/wvf_merged_applyCut_20250819/wvfFind_event4909_trackID21_opNum5_merged.root

Threshold for summed wvf: 0.3
Histogram: total
    Peak at bin 16, Left Height: 2.8693, Right Height: 0.38749
    Peak at bin 47, Left Height: 0.79214, Right Height: 1.0275
    Peak at bin 86, Left Height: 1.02003, Right Height: 0.348211
    Peak at bin 113, Left Height: 0.726761, Right Height: 0.379438
    Peak at bin 158, Left Height: 0.929906, Right Height: 0.366507
    Peak at bin 267, Left Height: 0.622777, Right Height: 0.65109
    Peak at bin 365, Left Height: 0.739607, Right Height: 0.316398

Top total peaks (by true height): 47 267 16 

---- Saving Time info of muon and Michel candidates ----
[Saved] Muon time peak index: 47
        Intensity: 0.79214
[Saved] Michel time peak: 267
        Intensity: 0.622777


[403] Processing file: /Users/shuaixiangzhang/Work/current/FNAL_Work2024/michel_e/t0_tagging/pdhd_DATA_v2/t0_rootFiles/new20250808_MC/wvf_merged_applyCut_20250819/wvfFind_event4925_trackID2_opNum4_2.root

Threshold for summed wvf: 0.3
Histogram: total
    Peak at bin 128, Left Height: 8.08289, Right Height: 5.57411
    Peak at bin 228, Left Height: 0.416027, Right Height: 0.713124
    Peak at bin 280, Left Height: 0.735037, Right Height: 0.723574
    Peak at bin 466, Left Height: 0.870703, Right Height: 0.603831

Top total peaks (by true height): 128 280 466 

---- Saving Time info of muon and Michel candidates ----
[Saved] Muon time peak index: 128
        Intensity: 5.57411
[Saved] Michel time peak: 280
        Intensity: 0.723574


[404] Processing file: /Users/shuaixiangzhang/Work/current/FNAL_Work2024/michel_e/t0_tagging/pdhd_DATA_v2/t0_rootFiles/new20250808_MC/wvf_merged_applyCut_20250819/wvfFind_event4925_trackID2_opNum5_merged.root

Threshold for summed wvf: 0.3
Histogram: total
    Peak at bin 127, Left Height: 7.57518, Right Height: 6.0616
    Peak at bin 465, Left Height: 1.39648, Right Height: 0.901751

Top total peaks (by true height): 127 465 

---- Saving Time info of muon and Michel candidates ----
[Saved] Muon time peak index: 127
        Intensity: 6.0616
[Saved] Michel time peak: 465
        Intensity: 0.901751


[405] Processing file: /Users/shuaixiangzhang/Work/current/FNAL_Work2024/michel_e/t0_tagging/pdhd_DATA_v2/t0_rootFiles/new20250808_MC/wvf_merged_applyCut_20250819/wvfFind_event4953_trackID15_opNum9_merged.root

Threshold for summed wvf: 0.3
Histogram: total
    Peak at bin 126, Left Height: 17.366, Right Height: 15.6589
    Peak at bin 157, Left Height: 1.53457, Right Height: 0.9729
    Peak at bin 189, Left Height: 2.45366, Right Height: 2.94549
    Peak at bin 230, Left Height: 0.528669, Right Height: 0.687351
    Peak at bin 286, Left Height: 0.485211, Right Height: 0.800994
    Peak at bin 351, Left Height: 2.32138, Right Height: 2.69462
    Peak at bin 386, Left Height: 1.03696, Right Height: 0.701167

Top total peaks (by true height): 126 189 351 

---- Saving Time info of muon and Michel candidates ----
[Saved] Muon time peak index: 126
        Intensity: 15.6589
[Saved] Michel time peak: 189
        Intensity: 2.45366


[406] Processing file: /Users/shuaixiangzhang/Work/current/FNAL_Work2024/michel_e/t0_tagging/pdhd_DATA_v2/t0_rootFiles/new20250808_MC/wvf_merged_applyCut_20250819/wvfFind_event4963_trackID6_opNum5_merged.root

Threshold for summed wvf: 0.3
Histogram: total
    Peak at bin 126, Left Height: 6.01498, Right Height: 3.78686
    Peak at bin 261, Left Height: 0.793043, Right Height: 1.00706
    Peak at bin 314, Left Height: 0.340143, Right Height: 0.434463

Top total peaks (by true height): 126 261 314 

---- Saving Time info of muon and Michel candidates ----
[Saved] Muon time peak index: 126
        Intensity: 3.78686
[Saved] Michel time peak: 261
        Intensity: 0.793043


[407] Processing file: /Users/shuaixiangzhang/Work/current/FNAL_Work2024/michel_e/t0_tagging/pdhd_DATA_v2/t0_rootFiles/new20250808_MC/wvf_merged_applyCut_20250819/wvfFind_event498_trackID6_opNum5_merged.root

Threshold for summed wvf: 0.3
Histogram: total
    Peak at bin 81, Left Height: 9.33379, Right Height: 7.35426
    Peak at bin 120, Left Height: 0.676963, Right Height: 1.86898
    Peak at bin 162, Left Height: 0.359886, Right Height: 0.747683
    Peak at bin 199, Left Height: 0.455934, Right Height: 0.392943
    Peak at bin 233, Left Height: 0.478692, Right Height: 0.636338
    Peak at bin 308, Left Height: 0.479334, Right Height: 0.712655
    Peak at bin 338, Left Height: 0.537157, Right Height: 0.362069

Top total peaks (by true height): 81 120 308 

---- Saving Time info of muon and Michel candidates ----
[Saved] Muon time peak index: 81
        Intensity: 7.35426
[Saved] Michel time peak: 120
        Intensity: 0.676963


[408] Processing file: /Users/shuaixiangzhang/Work/current/FNAL_Work2024/michel_e/t0_tagging/pdhd_DATA_v2/t0_rootFiles/new20250808_MC/wvf_merged_applyCut_20250819/wvfFind_event5006_trackID8_opNum9_merged.root

Threshold for summed wvf: 0.3
Histogram: total
    Peak at bin 127, Left Height: 16.4264, Right Height: 14.3898
    Peak at bin 160, Left Height: 1.48408, Right Height: 0.767181
    Peak at bin 228, Left Height: 1.79138, Right Height: 1.99608
    Peak at bin 298, Left Height: 0.495985, Right Height: 0.825395
    Peak at bin 432, Left Height: 0.580245, Right Height: 0.722401
    Peak at bin 498, Left Height: 0.496375, Right Height: 0.559178

Top total peaks (by true height): 127 228 160 

---- Saving Time info of muon and Michel candidates ----
[Saved] Muon time peak index: 127
        Intensity: 14.3898
[Saved] Michel time peak: 228
        Intensity: 1.79138


[409] Processing file: /Users/shuaixiangzhang/Work/current/FNAL_Work2024/michel_e/t0_tagging/pdhd_DATA_v2/t0_rootFiles/new20250808_MC/wvf_merged_applyCut_20250819/wvfFind_event5021_trackID12_opNum9_merged.root

Threshold for summed wvf: 0.3
Histogram: total
    Peak at bin 127, Left Height: 21.2197, Right Height: 17.9127
    Peak at bin 163, Left Height: 0.486398, Right Height: 0.861843
    Peak at bin 220, Left Height: 1.31063, Right Height: 1.54917
    Peak at bin 244, Left Height: 0.999201, Right Height: 1.32906
    Peak at bin 305, Left Height: 2.25683, Right Height: 3.10901
    Peak at bin 352, Left Height: 0.581953, Right Height: 1.45892
    Peak at bin 377, Left Height: 1.02423, Right Height: 0.704084
    Peak at bin 405, Left Height: 0.500823, Right Height: 0.442263
    Peak at bin 462, Left Height: 0.69447, Right Height: 0.423702

Top total peaks (by true height): 127 305 220 

---- Saving Time info of muon and Michel candidates ----
[Saved] Muon time peak index: 127
        Intensity: 17.9127
[Saved] Michel time peak: 305
        Intensity: 2.25683


[410] Processing file: /Users/shuaixiangzhang/Work/current/FNAL_Work2024/michel_e/t0_tagging/pdhd_DATA_v2/t0_rootFiles/new20250808_MC/wvf_merged_applyCut_20250819/wvfFind_event5021_trackID15_opNum8_merged.root

Threshold for summed wvf: 0.3
Histogram: total
    Peak at bin 127, Left Height: 19.7217, Right Height: 16.5021
    Peak at bin 165, Left Height: 0.915371, Right Height: 2.34143
    Peak at bin 214, Left Height: 0.584757, Right Height: 1.14568
    Peak at bin 253, Left Height: 3.06029, Right Height: 2.2862
    Peak at bin 403, Left Height: 0.547481, Right Height: 0.406604
    Peak at bin 579, Left Height: 0.429556, Right Height: 0.528638

Top total peaks (by true height): 127 253 165 

---- Saving Time info of muon and Michel candidates ----
[Saved] Muon time peak index: 127
        Intensity: 16.5021
[Saved] Michel time peak: 253
        Intensity: 2.2862


[411] Processing file: /Users/shuaixiangzhang/Work/current/FNAL_Work2024/michel_e/t0_tagging/pdhd_DATA_v2/t0_rootFiles/new20250808_MC/wvf_merged_applyCut_20250819/wvfFind_event5035_trackID14_opNum9_merged.root

Threshold for summed wvf: 0.3
Histogram: total
    Peak at bin 126, Left Height: 12.8895, Right Height: 10.7811
    Peak at bin 235, Left Height: 0.408981, Right Height: 0.589865
    Peak at bin 263, Left Height: 0.393941, Right Height: 1.12087
    Peak at bin 310, Left Height: 0.51214, Right Height: 0.601485

Top total peaks (by true height): 126 310 235 

---- Saving Time info of muon and Michel candidates ----
[Saved] Muon time peak index: 126
        Intensity: 10.7811
[Saved] Michel time peak: 310
        Intensity: 0.51214


[412] Processing file: /Users/shuaixiangzhang/Work/current/FNAL_Work2024/michel_e/t0_tagging/pdhd_DATA_v2/t0_rootFiles/new20250808_MC/wvf_merged_applyCut_20250819/wvfFind_event5051_trackID21_opNum4_merged.root

Threshold for summed wvf: 0.3
Histogram: total
    Peak at bin 124, Left Height: 2.17604, Right Height: 2.29382

Top total peaks (by true height): 124 0 

---- Saving Time info of muon and Michel candidates ----
[Saved] Muon time peak index: 124
        Intensity: 2.17604
[Saved] Michel time peak: 0
        Intensity: 0


[413] Processing file: /Users/shuaixiangzhang/Work/current/FNAL_Work2024/michel_e/t0_tagging/pdhd_DATA_v2/t0_rootFiles/new20250808_MC/wvf_merged_applyCut_20250819/wvfFind_event5057_trackID22_opNum5_merged.root

Threshold for summed wvf: 0.3
Histogram: total
    Peak at bin 123, Left Height: 3.14622, Right Height: 2.63304
    Peak at bin 161, Left Height: 0.524835, Right Height: 0.909133
    Peak at bin 193, Left Height: 0.737989, Right Height: 0.747355
    Peak at bin 224, Left Height: 1.05686, Right Height: 0.787367
    Peak at bin 306, Left Height: 0.596383, Right Height: 0.554295
    Peak at bin 442, Left Height: 0.425898, Right Height: 0.480427

Top total peaks (by true height): 123 224 193 

---- Saving Time info of muon and Michel candidates ----
[Saved] Muon time peak index: 123
        Intensity: 2.63304
[Saved] Michel time peak: 224
        Intensity: 0.787367


[414] Processing file: /Users/shuaixiangzhang/Work/current/FNAL_Work2024/michel_e/t0_tagging/pdhd_DATA_v2/t0_rootFiles/new20250808_MC/wvf_merged_applyCut_20250819/wvfFind_event5060_trackID1_opNum9_merged.root

Threshold for summed wvf: 0.3
Histogram: total
    Peak at bin 127, Left Height: 10.9626, Right Height: 9.60681
    Peak at bin 166, Left Height: 0.5988, Right Height: 0.49789
    Peak at bin 188, Left Height: 2.54441, Right Height: 2.87027
    Peak at bin 218, Left Height: 0.419226, Right Height: 0.41222
    Peak at bin 288, Left Height: 0.887053, Right Height: 0.754784
    Peak at bin 315, Left Height: 0.412277, Right Height: 1.00785
    Peak at bin 359, Left Height: 0.450518, Right Height: 0.362252

Top total peaks (by true height): 127 188 288 

---- Saving Time info of muon and Michel candidates ----
[Saved] Muon time peak index: 127
        Intensity: 9.60681
[Saved] Michel time peak: 188
        Intensity: 2.54441


[415] Processing file: /Users/shuaixiangzhang/Work/current/FNAL_Work2024/michel_e/t0_tagging/pdhd_DATA_v2/t0_rootFiles/new20250808_MC/wvf_merged_applyCut_20250819/wvfFind_event5063_trackID30_opNum5_merged.root

Threshold for summed wvf: 0.3
Histogram: total
    Peak at bin 127, Left Height: 29.3647, Right Height: 18.6412
    Peak at bin 146, Left Height: 0.84044, Right Height: 6.84992
    Peak at bin 216, Left Height: 0.371198, Right Height: 1.46353
    Peak at bin 246, Left Height: 0.627776, Right Height: 1.36412
    Peak at bin 280, Left Height: 0.466961, Right Height: 0.781758
    Peak at bin 308, Left Height: 0.782703, Right Height: 1.28426
    Peak at bin 370, Left Height: 0.545254, Right Height: 0.633184
    Peak at bin 393, Left Height: 0.348955, Right Height: 0.911628
    Peak at bin 429, Left Height: 0.381289, Right Height: 0.303332
    Peak at bin 455, Left Height: 0.526854, Right Height: 0.61381
    Peak at bin 497, Left Height: 0.774726, Right Height: 0.699228

Top total peaks (by true height): 127 146 308 

---- Saving Time info of muon and Michel candidates ----
[Saved] Muon time peak index: 127
        Intensity: 18.6412
[Saved] Michel time peak: 146
        Intensity: 0.84044


[416] Processing file: /Users/shuaixiangzhang/Work/current/FNAL_Work2024/michel_e/t0_tagging/pdhd_DATA_v2/t0_rootFiles/new20250808_MC/wvf_merged_applyCut_20250819/wvfFind_event5092_trackID15_opNum4_2.root

Threshold for summed wvf: 0.3
Histogram: total
    Peak at bin 127, Left Height: 10.0301, Right Height: 9.02901
    Peak at bin 238, Left Height: 4.40526, Right Height: 4.41719
    Peak at bin 313, Left Height: 0.428553, Right Height: 1.09142
    Peak at bin 389, Left Height: 0.301059, Right Height: 0.647788
    Peak at bin 419, Left Height: 0.510138, Right Height: 0.505077
    Peak at bin 456, Left Height: 0.380681, Right Height: 0.484088

Top total peaks (by true height): 127 238 419 

---- Saving Time info of muon and Michel candidates ----
[Saved] Muon time peak index: 127
        Intensity: 9.02901
[Saved] Michel time peak: 238
        Intensity: 4.40526


[417] Processing file: /Users/shuaixiangzhang/Work/current/FNAL_Work2024/michel_e/t0_tagging/pdhd_DATA_v2/t0_rootFiles/new20250808_MC/wvf_merged_applyCut_20250819/wvfFind_event5092_trackID15_opNum5_merged.root

Threshold for summed wvf: 0.3
Histogram: total
    Peak at bin 126, Left Height: 7.56942, Right Height: 5.75153
    Peak at bin 164, Left Height: 0.84595, Right Height: 1.0605
    Peak at bin 236, Left Height: 7.47263, Right Height: 6.66879
    Peak at bin 302, Left Height: 1.02829, Right Height: 1.80262

Top total peaks (by true height): 236 126 302 

---- Saving Time info of muon and Michel candidates ----
[Saved] Muon time peak index: 236
        Intensity: 6.66879
[Saved] Michel time peak: 126
        Intensity: 5.75153


[418] Processing file: /Users/shuaixiangzhang/Work/current/FNAL_Work2024/michel_e/t0_tagging/pdhd_DATA_v2/t0_rootFiles/new20250808_MC/wvf_merged_applyCut_20250819/wvfFind_event5094_trackID11_opNum8_merged.root

Threshold for summed wvf: 0.3
Histogram: total
    Peak at bin 126, Left Height: 9.32629, Right Height: 7.79396
    Peak at bin 163, Left Height: 1.08035, Right Height: 1.16318
    Peak at bin 231, Left Height: 1.2012, Right Height: 0.955651
    Peak at bin 253, Left Height: 0.388754, Right Height: 0.559715
    Peak at bin 276, Left Height: 0.433895, Right Height: 1.28682
    Peak at bin 381, Left Height: 0.464982, Right Height: 0.620221

Top total peaks (by true height): 126 163 231 

---- Saving Time info of muon and Michel candidates ----
[Saved] Muon time peak index: 126
        Intensity: 7.79396
[Saved] Michel time peak: 163
        Intensity: 1.08035


[419] Processing file: /Users/shuaixiangzhang/Work/current/FNAL_Work2024/michel_e/t0_tagging/pdhd_DATA_v2/t0_rootFiles/new20250808_MC/wvf_merged_applyCut_20250819/wvfFind_event5100_trackID4_opNum4_merged.root

Threshold for summed wvf: 0.3
Histogram: total
    Peak at bin 128, Left Height: 11.1522, Right Height: 7.68876
    Peak at bin 258, Left Height: 0.933998, Right Height: 0.78753
    Peak at bin 282, Left Height: 0.322448, Right Height: 0.743812

Top total peaks (by true height): 128 258 282 

---- Saving Time info of muon and Michel candidates ----
[Saved] Muon time peak index: 128
        Intensity: 7.68876
[Saved] Michel time peak: 258
        Intensity: 0.78753


[420] Processing file: /Users/shuaixiangzhang/Work/current/FNAL_Work2024/michel_e/t0_tagging/pdhd_DATA_v2/t0_rootFiles/new20250808_MC/wvf_merged_applyCut_20250819/wvfFind_event5113_trackID0_opNum9_merged.root

Threshold for summed wvf: 0.3
Histogram: total
    Peak at bin 128, Left Height: 67.0523, Right Height: 59.5207
    Peak at bin 170, Left Height: 0.775746, Right Height: 3.09058
    Peak at bin 210, Left Height: 1.62163, Right Height: 1.00664
    Peak at bin 228, Left Height: 0.56187, Right Height: 2.26201
    Peak at bin 288, Left Height: 0.380988, Right Height: 0.597126
    Peak at bin 315, Left Height: 1.15607, Right Height: 1.81506
    Peak at bin 362, Left Height: 0.450868, Right Height: 0.814257
    Peak at bin 419, Left Height: 0.521325, Right Height: 1.35888
    Peak at bin 481, Left Height: 6.94017, Right Height: 5.64682
    Peak at bin 531, Left Height: 1.11804, Right Height: 1.06368
    Peak at bin 633, Left Height: 0.653901, Right Height: 0.737369
    Peak at bin 812, Left Height: 0.449513, Right Height: 0.459335
    Peak at bin 995, Left Height: 0.308756, Right Height: 0.372563

Top total peaks (by true height): 128 481 315 

---- Saving Time info of muon and Michel candidates ----
[Saved] Muon time peak index: 128
        Intensity: 59.5207
[Saved] Michel time peak: 481
        Intensity: 5.64682


[421] Processing file: /Users/shuaixiangzhang/Work/current/FNAL_Work2024/michel_e/t0_tagging/pdhd_DATA_v2/t0_rootFiles/new20250808_MC/wvf_merged_applyCut_20250819/wvfFind_event5117_trackID12_opNum8_merged.root

Threshold for summed wvf: 0.3
Histogram: total
    Peak at bin 126, Left Height: 7.22976, Right Height: 6.48874
    Peak at bin 161, Left Height: 0.705111, Right Height: 0.740529
    Peak at bin 195, Left Height: 0.488762, Right Height: 0.880871
    Peak at bin 237, Left Height: 1.16399, Right Height: 1.46158

Top total peaks (by true height): 126 237 161 

---- Saving Time info of muon and Michel candidates ----
[Saved] Muon time peak index: 126
        Intensity: 6.48874
[Saved] Michel time peak: 237
        Intensity: 1.16399


[422] Processing file: /Users/shuaixiangzhang/Work/current/FNAL_Work2024/michel_e/t0_tagging/pdhd_DATA_v2/t0_rootFiles/new20250808_MC/wvf_merged_applyCut_20250819/wvfFind_event5121_trackID7_opNum9_merged.root

Threshold for summed wvf: 0.3
Histogram: total
    Peak at bin 125, Left Height: 9.9711, Right Height: 7.02217
    Peak at bin 198, Left Height: 2.4494, Right Height: 2.44479
    Peak at bin 257, Left Height: 1.01824, Right Height: 1.73816
    Peak at bin 361, Left Height: 0.336287, Right Height: 0.581476
    Peak at bin 408, Left Height: 0.565061, Right Height: 0.570528
    Peak at bin 459, Left Height: 0.481307, Right Height: 0.488583
    Peak at bin 524, Left Height: 0.332599, Right Height: 0.349672

Top total peaks (by true height): 125 198 257 

---- Saving Time info of muon and Michel candidates ----
[Saved] Muon time peak index: 125
        Intensity: 7.02217
[Saved] Michel time peak: 198
        Intensity: 2.44479


[423] Processing file: /Users/shuaixiangzhang/Work/current/FNAL_Work2024/michel_e/t0_tagging/pdhd_DATA_v2/t0_rootFiles/new20250808_MC/wvf_merged_applyCut_20250819/wvfFind_event5122_trackID7_opNum7_merged.root

Threshold for summed wvf: 0.3
Histogram: total
    Peak at bin 124, Left Height: 3.97472, Right Height: 3.2425
    Peak at bin 167, Left Height: 0.399113, Right Height: 0.723069
    Peak at bin 199, Left Height: 0.331257, Right Height: 0.47011
    Peak at bin 240, Left Height: 0.338278, Right Height: 0.491049
    Peak at bin 290, Left Height: 1.71617, Right Height: 1.51363
    Peak at bin 911, Left Height: 0.37355, Right Height: 0.333548

Top total peaks (by true height): 124 290 167 

---- Saving Time info of muon and Michel candidates ----
[Saved] Muon time peak index: 124
        Intensity: 3.2425
[Saved] Michel time peak: 290
        Intensity: 1.51363


[424] Processing file: /Users/shuaixiangzhang/Work/current/FNAL_Work2024/michel_e/t0_tagging/pdhd_DATA_v2/t0_rootFiles/new20250808_MC/wvf_merged_applyCut_20250819/wvfFind_event5129_trackID9_opNum9_merged.root

Threshold for summed wvf: 0.3
Histogram: total
    Peak at bin 128, Left Height: 16.8129, Right Height: 12.5117
    Peak at bin 260, Left Height: 0.404482, Right Height: 1.04928
    Peak at bin 338, Left Height: 0.52207, Right Height: 1.21084
    Peak at bin 524, Left Height: 0.37787, Right Height: 0.336403

Top total peaks (by true height): 128 338 260 

---- Saving Time info of muon and Michel candidates ----
[Saved] Muon time peak index: 128
        Intensity: 12.5117
[Saved] Michel time peak: 338
        Intensity: 0.52207


[425] Processing file: /Users/shuaixiangzhang/Work/current/FNAL_Work2024/michel_e/t0_tagging/pdhd_DATA_v2/t0_rootFiles/new20250808_MC/wvf_merged_applyCut_20250819/wvfFind_event5135_trackID11_opNum4_merged.root

Threshold for summed wvf: 0.3
Histogram: total
    Peak at bin 123, Left Height: 1.91808, Right Height: 1.46386
    Peak at bin 212, Left Height: 0.320502, Right Height: 0.774944
    Peak at bin 432, Left Height: 0.378762, Right Height: 0.366418

Top total peaks (by true height): 123 432 212 

---- Saving Time info of muon and Michel candidates ----
[Saved] Muon time peak index: 123
        Intensity: 1.46386
[Saved] Michel time peak: 432
        Intensity: 0.366418


[426] Processing file: /Users/shuaixiangzhang/Work/current/FNAL_Work2024/michel_e/t0_tagging/pdhd_DATA_v2/t0_rootFiles/new20250808_MC/wvf_merged_applyCut_20250819/wvfFind_event5139_trackID15_opNum9_merged.root

Threshold for summed wvf: 0.3
Histogram: total
    Peak at bin 126, Left Height: 12.3071, Right Height: 11.5568
    Peak at bin 196, Left Height: 1.27815, Right Height: 1.22516
    Peak at bin 231, Left Height: 0.578669, Right Height: 0.67185
    Peak at bin 273, Left Height: 0.759513, Right Height: 1.10996
    Peak at bin 355, Left Height: 0.719486, Right Height: 0.451876
    Peak at bin 436, Left Height: 0.371124, Right Height: 0.428975
    Peak at bin 488, Left Height: 0.759299, Right Height: 0.833537
    Peak at bin 520, Left Height: 0.486896, Right Height: 0.314602
    Peak at bin 548, Left Height: 0.447852, Right Height: 0.373162

Top total peaks (by true height): 126 196 273 

---- Saving Time info of muon and Michel candidates ----
[Saved] Muon time peak index: 126
        Intensity: 11.5568
[Saved] Michel time peak: 196
        Intensity: 1.22516


[427] Processing file: /Users/shuaixiangzhang/Work/current/FNAL_Work2024/michel_e/t0_tagging/pdhd_DATA_v2/t0_rootFiles/new20250808_MC/wvf_merged_applyCut_20250819/wvfFind_event5158_trackID20_opNum9_merged.root

Threshold for summed wvf: 0.3
Histogram: total
    Peak at bin 129, Left Height: 407.98, Right Height: 378.395
    Peak at bin 237, Left Height: 0.345909, Right Height: 16.3554
    Peak at bin 296, Left Height: 1.64666, Right Height: 4.20356
    Peak at bin 347, Left Height: 0.564306, Right Height: 1.41737
    Peak at bin 376, Left Height: 1.59327, Right Height: 4.27801
    Peak at bin 407, Left Height: 0.399732, Right Height: 3.08656
    Peak at bin 439, Left Height: 3.33424, Right Height: 3.20935
    Peak at bin 486, Left Height: 1.47414, Right Height: 1.17035
    Peak at bin 527, Left Height: 0.757041, Right Height: 0.516078
    Peak at bin 556, Left Height: 0.384997, Right Height: 0.804508
    Peak at bin 595, Left Height: 0.440258, Right Height: 1.18111
    Peak at bin 627, Left Height: 1.80133, Right Height: 0.54712
    Peak at bin 662, Left Height: 1.04794, Right Height: 0.934874
    Peak at bin 704, Left Height: 1.02663, Right Height: 1.07351
    Peak at bin 737, Left Height: 0.571105, Right Height: 0.690972
    Peak at bin 775, Left Height: 1.02559, Right Height: 0.531642
    Peak at bin 800, Left Height: 1.23162, Right Height: 0.358959
    Peak at bin 817, Left Height: 0.351546, Right Height: 0.726541
    Peak at bin 1020, Left Height: 4.83565, Right Height: 0.845988

Top total peaks (by true height): 129 439 296 

---- Saving Time info of muon and Michel candidates ----
[Saved] Muon time peak index: 129
        Intensity: 378.395
[Saved] Michel time peak: 439
        Intensity: 3.20935


[428] Processing file: /Users/shuaixiangzhang/Work/current/FNAL_Work2024/michel_e/t0_tagging/pdhd_DATA_v2/t0_rootFiles/new20250808_MC/wvf_merged_applyCut_20250819/wvfFind_event5192_trackID12_opNum5_merged.root

Threshold for summed wvf: 0.3
Histogram: total
    Peak at bin 125, Left Height: 3.92331, Right Height: 2.93011
    Peak at bin 277, Left Height: 1.0359, Right Height: 0.895547
    Peak at bin 354, Left Height: 0.387419, Right Height: 0.340592

Top total peaks (by true height): 125 277 354 

---- Saving Time info of muon and Michel candidates ----
[Saved] Muon time peak index: 125
        Intensity: 2.93011
[Saved] Michel time peak: 277
        Intensity: 0.895547


[429] Processing file: /Users/shuaixiangzhang/Work/current/FNAL_Work2024/michel_e/t0_tagging/pdhd_DATA_v2/t0_rootFiles/new20250808_MC/wvf_merged_applyCut_20250819/wvfFind_event5195_trackID18_opNum6_merged.root

Threshold for summed wvf: 0.3
Histogram: total
    Peak at bin 128, Left Height: 28.8677, Right Height: 24.003
    Peak at bin 157, Left Height: 0.340085, Right Height: 1.25737
    Peak at bin 185, Left Height: 1.35279, Right Height: 3.04985
    Peak at bin 263, Left Height: 1.65789, Right Height: 2.27005
    Peak at bin 406, Left Height: 0.517042, Right Height: 0.587995
    Peak at bin 477, Left Height: 0.382885, Right Height: 0.698068

Top total peaks (by true height): 128 263 185 

---- Saving Time info of muon and Michel candidates ----
[Saved] Muon time peak index: 128
        Intensity: 24.003
[Saved] Michel time peak: 263
        Intensity: 1.65789


[430] Processing file: /Users/shuaixiangzhang/Work/current/FNAL_Work2024/michel_e/t0_tagging/pdhd_DATA_v2/t0_rootFiles/new20250808_MC/wvf_merged_applyCut_20250819/wvfFind_event5220_trackID0_opNum7_merged.root

Threshold for summed wvf: 0.3
Histogram: total
    Peak at bin 125, Left Height: 4.36854, Right Height: 3.27562
    Peak at bin 176, Left Height: 1.73898, Right Height: 1.67848
    Peak at bin 228, Left Height: 0.50303, Right Height: 0.482146

Top total peaks (by true height): 125 176 228 

---- Saving Time info of muon and Michel candidates ----
[Saved] Muon time peak index: 125
        Intensity: 3.27562
[Saved] Michel time peak: 176
        Intensity: 1.67848


[431] Processing file: /Users/shuaixiangzhang/Work/current/FNAL_Work2024/michel_e/t0_tagging/pdhd_DATA_v2/t0_rootFiles/new20250808_MC/wvf_merged_applyCut_20250819/wvfFind_event5220_trackID2_opNum6_merged.root

Threshold for summed wvf: 0.3
Histogram: total
    Peak at bin 127, Left Height: 8.58315, Right Height: 6.62781
    Peak at bin 222, Left Height: 0.684974, Right Height: 1.17965
    Peak at bin 412, Left Height: 0.318238, Right Height: 0.538693

Top total peaks (by true height): 127 222 412 

---- Saving Time info of muon and Michel candidates ----
[Saved] Muon time peak index: 127
        Intensity: 6.62781
[Saved] Michel time peak: 222
        Intensity: 0.684974


[432] Processing file: /Users/shuaixiangzhang/Work/current/FNAL_Work2024/michel_e/t0_tagging/pdhd_DATA_v2/t0_rootFiles/new20250808_MC/wvf_merged_applyCut_20250819/wvfFind_event5232_trackID1_opNum6_merged.root

Threshold for summed wvf: 0.3
Histogram: total
    Peak at bin 124, Left Height: 3.11243, Right Height: 2.49599

Top total peaks (by true height): 124 0 

---- Saving Time info of muon and Michel candidates ----
[Saved] Muon time peak index: 124
        Intensity: 2.49599
[Saved] Michel time peak: 0
        Intensity: 0


[433] Processing file: /Users/shuaixiangzhang/Work/current/FNAL_Work2024/michel_e/t0_tagging/pdhd_DATA_v2/t0_rootFiles/new20250808_MC/wvf_merged_applyCut_20250819/wvfFind_event5255_trackID14_opNum8_merged.root

Threshold for summed wvf: 0.3
Histogram: total
    Peak at bin 127, Left Height: 27.268, Right Height: 25.1332
    Peak at bin 168, Left Height: 0.771706, Right Height: 2.46504
    Peak at bin 224, Left Height: 1.1112, Right Height: 1.45792
    Peak at bin 252, Left Height: 3.91466, Right Height: 4.87703
    Peak at bin 334, Left Height: 0.905535, Right Height: 0.721294
    Peak at bin 385, Left Height: 0.803192, Right Height: 0.386743
    Peak at bin 430, Left Height: 0.51057, Right Height: 0.529145
    Peak at bin 460, Left Height: 0.434989, Right Height: 0.694802
    Peak at bin 496, Left Height: 1.19193, Right Height: 0.951964

Top total peaks (by true height): 127 252 224 

---- Saving Time info of muon and Michel candidates ----
[Saved] Muon time peak index: 127
        Intensity: 25.1332
[Saved] Michel time peak: 252
        Intensity: 3.91466


[434] Processing file: /Users/shuaixiangzhang/Work/current/FNAL_Work2024/michel_e/t0_tagging/pdhd_DATA_v2/t0_rootFiles/new20250808_MC/wvf_merged_applyCut_20250819/wvfFind_event5267_trackID16_opNum5_merged.root

Threshold for summed wvf: 0.3
Histogram: total
    Peak at bin 124, Left Height: 4.55834, Right Height: 4.67181
    Peak at bin 152, Left Height: 0.977305, Right Height: 0.977291
    Peak at bin 205, Left Height: 0.407642, Right Height: 0.404169
    Peak at bin 275, Left Height: 0.482986, Right Height: 0.693487
    Peak at bin 361, Left Height: 1.35102, Right Height: 1.40448
    Peak at bin 391, Left Height: 0.524811, Right Height: 0.389593
    Peak at bin 600, Left Height: 0.608616, Right Height: 0.586744

Top total peaks (by true height): 124 361 152 

---- Saving Time info of muon and Michel candidates ----
[Saved] Muon time peak index: 124
        Intensity: 4.55834
[Saved] Michel time peak: 361
        Intensity: 1.35102


[435] Processing file: /Users/shuaixiangzhang/Work/current/FNAL_Work2024/michel_e/t0_tagging/pdhd_DATA_v2/t0_rootFiles/new20250808_MC/wvf_merged_applyCut_20250819/wvfFind_event527_trackID4_opNum9_merged.root

Threshold for summed wvf: 0.3
Histogram: total
    Peak at bin 128, Left Height: 15.0696, Right Height: 9.38081
    Peak at bin 158, Left Height: 1.97958, Right Height: 4.59161
    Peak at bin 256, Left Height: 0.443163, Right Height: 0.900759
    Peak at bin 330, Left Height: 0.525955, Right Height: 0.591656
    Peak at bin 377, Left Height: 0.43069, Right Height: 0.619069
    Peak at bin 416, Left Height: 0.34007, Right Height: 0.456194
    Peak at bin 510, Left Height: 0.317245, Right Height: 0.500878

Top total peaks (by true height): 128 158 330 

---- Saving Time info of muon and Michel candidates ----
[Saved] Muon time peak index: 128
        Intensity: 9.38081
[Saved] Michel time peak: 158
        Intensity: 1.97958


[436] Processing file: /Users/shuaixiangzhang/Work/current/FNAL_Work2024/michel_e/t0_tagging/pdhd_DATA_v2/t0_rootFiles/new20250808_MC/wvf_merged_applyCut_20250819/wvfFind_event5283_trackID2_opNum5_merged.root

Threshold for summed wvf: 0.3
Histogram: total
    Peak at bin 126, Left Height: 11.9456, Right Height: 9.89542
    Peak at bin 149, Left Height: 1.34082, Right Height: 2.4109
    Peak at bin 174, Left Height: 1.28224, Right Height: 1.87629
    Peak at bin 203, Left Height: 0.463726, Right Height: 0.628486
    Peak at bin 259, Left Height: 0.790451, Right Height: 0.580047
    Peak at bin 325, Left Height: 0.547715, Right Height: 0.644663
    Peak at bin 354, Left Height: 0.729596, Right Height: 0.722387

Top total peaks (by true height): 126 149 174 

---- Saving Time info of muon and Michel candidates ----
[Saved] Muon time peak index: 126
        Intensity: 9.89542
[Saved] Michel time peak: 149
        Intensity: 1.34082


[437] Processing file: /Users/shuaixiangzhang/Work/current/FNAL_Work2024/michel_e/t0_tagging/pdhd_DATA_v2/t0_rootFiles/new20250808_MC/wvf_merged_applyCut_20250819/wvfFind_event5306_trackID2_opNum5_merged.root

Threshold for summed wvf: 0.3
Histogram: total
    Peak at bin 124, Left Height: 5.03644, Right Height: 4.91355
    Peak at bin 153, Left Height: 0.34337, Right Height: 0.428966
    Peak at bin 183, Left Height: 0.540432, Right Height: 0.484308
    Peak at bin 247, Left Height: 0.537717, Right Height: 0.94454
    Peak at bin 285, Left Height: 5.65471, Right Height: 4.28047
    Peak at bin 315, Left Height: 0.303339, Right Height: 0.427015
    Peak at bin 441, Left Height: 0.722054, Right Height: 0.809232
    Peak at bin 516, Left Height: 0.569885, Right Height: 0.392701

Top total peaks (by true height): 124 285 441 

---- Saving Time info of muon and Michel candidates ----
[Saved] Muon time peak index: 124
        Intensity: 4.91355
[Saved] Michel time peak: 285
        Intensity: 4.28047


[438] Processing file: /Users/shuaixiangzhang/Work/current/FNAL_Work2024/michel_e/t0_tagging/pdhd_DATA_v2/t0_rootFiles/new20250808_MC/wvf_merged_applyCut_20250819/wvfFind_event5308_trackID15_opNum9_merged.root

Threshold for summed wvf: 0.3
Histogram: total
    Peak at bin 128, Left Height: 40.7424, Right Height: 32.056
    Peak at bin 155, Left Height: 1.32826, Right Height: 2.06263
    Peak at bin 187, Left Height: 3.94318, Right Height: 7.70915
    Peak at bin 277, Left Height: 0.316914, Right Height: 0.899491
    Peak at bin 386, Left Height: 0.475904, Right Height: 1.07451
    Peak at bin 430, Left Height: 0.344696, Right Height: 0.628396
    Peak at bin 468, Left Height: 0.806726, Right Height: 0.726331

Top total peaks (by true height): 128 187 155 

---- Saving Time info of muon and Michel candidates ----
[Saved] Muon time peak index: 128
        Intensity: 32.056
[Saved] Michel time peak: 187
        Intensity: 3.94318


[439] Processing file: /Users/shuaixiangzhang/Work/current/FNAL_Work2024/michel_e/t0_tagging/pdhd_DATA_v2/t0_rootFiles/new20250808_MC/wvf_merged_applyCut_20250819/wvfFind_event532_trackID2_opNum9_merged.root

Threshold for summed wvf: 0.3
Histogram: total
    Peak at bin 127, Left Height: 8.72371, Right Height: 6.66606
    Peak at bin 237, Left Height: 0.32637, Right Height: 0.413217

Top total peaks (by true height): 127 237 

---- Saving Time info of muon and Michel candidates ----
[Saved] Muon time peak index: 127
        Intensity: 6.66606
[Saved] Michel time peak: 237
        Intensity: 0.32637


[440] Processing file: /Users/shuaixiangzhang/Work/current/FNAL_Work2024/michel_e/t0_tagging/pdhd_DATA_v2/t0_rootFiles/new20250808_MC/wvf_merged_applyCut_20250819/wvfFind_event5334_trackID16_opNum9_merged.root

Threshold for summed wvf: 0.3
Histogram: total
    Peak at bin 127, Left Height: 15.1537, Right Height: 12.5421
    Peak at bin 184, Left Height: 0.619598, Right Height: 0.868849
    Peak at bin 207, Left Height: 0.501711, Right Height: 1.94788
    Peak at bin 243, Left Height: 0.810053, Right Height: 0.828481
    Peak at bin 279, Left Height: 0.382666, Right Height: 0.624051

Top total peaks (by true height): 127 243 184 

---- Saving Time info of muon and Michel candidates ----
[Saved] Muon time peak index: 127
        Intensity: 12.5421
[Saved] Michel time peak: 243
        Intensity: 0.810053


[441] Processing file: /Users/shuaixiangzhang/Work/current/FNAL_Work2024/michel_e/t0_tagging/pdhd_DATA_v2/t0_rootFiles/new20250808_MC/wvf_merged_applyCut_20250819/wvfFind_event5348_trackID8_opNum9_merged.root

Threshold for summed wvf: 0.3
Histogram: total
    Peak at bin 126, Left Height: 8.50384, Right Height: 6.4637
    Peak at bin 338, Left Height: 0.374557, Right Height: 0.346964
    Peak at bin 410, Left Height: 1.11168, Right Height: 1.1773

Top total peaks (by true height): 126 410 338 

---- Saving Time info of muon and Michel candidates ----
[Saved] Muon time peak index: 126
        Intensity: 6.4637
[Saved] Michel time peak: 410
        Intensity: 1.11168


[442] Processing file: /Users/shuaixiangzhang/Work/current/FNAL_Work2024/michel_e/t0_tagging/pdhd_DATA_v2/t0_rootFiles/new20250808_MC/wvf_merged_applyCut_20250819/wvfFind_event5352_trackID13_opNum9_merged.root

Threshold for summed wvf: 0.3
Histogram: total
    Peak at bin 128, Left Height: 28.0314, Right Height: 19.8991
    Peak at bin 247, Left Height: 1.13655, Right Height: 2.5317
    Peak at bin 300, Left Height: 0.370747, Right Height: 1.38379
    Peak at bin 442, Left Height: 0.306494, Right Height: 0.350778
    Peak at bin 486, Left Height: 0.475546, Right Height: 0.471488

Top total peaks (by true height): 128 247 486 

---- Saving Time info of muon and Michel candidates ----
[Saved] Muon time peak index: 128
        Intensity: 19.8991
[Saved] Michel time peak: 247
        Intensity: 1.13655


[443] Processing file: /Users/shuaixiangzhang/Work/current/FNAL_Work2024/michel_e/t0_tagging/pdhd_DATA_v2/t0_rootFiles/new20250808_MC/wvf_merged_applyCut_20250819/wvfFind_event535_trackID30_opNum7_merged.root

Threshold for summed wvf: 0.3
Histogram: total
    Peak at bin 123, Left Height: 3.62914, Right Height: 3.16475
    Peak at bin 157, Left Height: 0.317866, Right Height: 0.379402
    Peak at bin 205, Left Height: 0.41451, Right Height: 0.484208
    Peak at bin 357, Left Height: 0.369391, Right Height: 0.479772
    Peak at bin 479, Left Height: 0.35731, Right Height: 0.352735
    Peak at bin 589, Left Height: 3.00084, Right Height: 2.83491
    Peak at bin 638, Left Height: 1.15746, Right Height: 0.885608
    Peak at bin 662, Left Height: 0.359701, Right Height: 0.757311

Top total peaks (by true height): 123 589 638 

---- Saving Time info of muon and Michel candidates ----
[Saved] Muon time peak index: 123
        Intensity: 3.16475
[Saved] Michel time peak: 589
        Intensity: 2.83491


[444] Processing file: /Users/shuaixiangzhang/Work/current/FNAL_Work2024/michel_e/t0_tagging/pdhd_DATA_v2/t0_rootFiles/new20250808_MC/wvf_merged_applyCut_20250819/wvfFind_event5364_trackID3_opNum9_merged.root

Threshold for summed wvf: 0.3
Histogram: total
    Peak at bin 126, Left Height: 13.4117, Right Height: 10.5363
    Peak at bin 151, Left Height: 0.824175, Right Height: 2.62534
    Peak at bin 218, Left Height: 3.39678, Right Height: 3.84349
    Peak at bin 385, Left Height: 0.899205, Right Height: 0.79457
    Peak at bin 455, Left Height: 0.474905, Right Height: 0.30599

Top total peaks (by true height): 126 218 151 

---- Saving Time info of muon and Michel candidates ----
[Saved] Muon time peak index: 126
        Intensity: 10.5363
[Saved] Michel time peak: 218
        Intensity: 3.39678


[445] Processing file: /Users/shuaixiangzhang/Work/current/FNAL_Work2024/michel_e/t0_tagging/pdhd_DATA_v2/t0_rootFiles/new20250808_MC/wvf_merged_applyCut_20250819/wvfFind_event537_trackID14_opNum6_merged.root

Threshold for summed wvf: 0.3
Histogram: total
    Peak at bin 124, Left Height: 3.42651, Right Height: 2.66534
    Peak at bin 175, Left Height: 0.554516, Right Height: 0.483627
    Peak at bin 203, Left Height: 0.537333, Right Height: 0.656442

Top total peaks (by true height): 124 203 175 

---- Saving Time info of muon and Michel candidates ----
[Saved] Muon time peak index: 124
        Intensity: 2.66534
[Saved] Michel time peak: 203
        Intensity: 0.537333


[446] Processing file: /Users/shuaixiangzhang/Work/current/FNAL_Work2024/michel_e/t0_tagging/pdhd_DATA_v2/t0_rootFiles/new20250808_MC/wvf_merged_applyCut_20250819/wvfFind_event5396_trackID13_opNum9_merged.root

Threshold for summed wvf: 0.3
Histogram: total
    Peak at bin 127, Left Height: 16.3137, Right Height: 12.9137
    Peak at bin 151, Left Height: 1.05317, Right Height: 1.92391
    Peak at bin 222, Left Height: 0.759564, Right Height: 1.42493
    Peak at bin 292, Left Height: 0.390588, Right Height: 0.318188
    Peak at bin 313, Left Height: 0.615027, Right Height: 1.13681
    Peak at bin 445, Left Height: 0.388649, Right Height: 0.465343

Top total peaks (by true height): 127 151 222 

---- Saving Time info of muon and Michel candidates ----
[Saved] Muon time peak index: 127
        Intensity: 12.9137
[Saved] Michel time peak: 151
        Intensity: 1.05317


[447] Processing file: /Users/shuaixiangzhang/Work/current/FNAL_Work2024/michel_e/t0_tagging/pdhd_DATA_v2/t0_rootFiles/new20250808_MC/wvf_merged_applyCut_20250819/wvfFind_event5406_trackID12_opNum5_merged.root

Threshold for summed wvf: 0.3
Histogram: total
    Peak at bin 124, Left Height: 2.76543, Right Height: 2.24744
    Peak at bin 273, Left Height: 0.404481, Right Height: 0.550882

Top total peaks (by true height): 124 273 

---- Saving Time info of muon and Michel candidates ----
[Saved] Muon time peak index: 124
        Intensity: 2.24744
[Saved] Michel time peak: 273
        Intensity: 0.404481


[448] Processing file: /Users/shuaixiangzhang/Work/current/FNAL_Work2024/michel_e/t0_tagging/pdhd_DATA_v2/t0_rootFiles/new20250808_MC/wvf_merged_applyCut_20250819/wvfFind_event5422_trackID14_opNum9_merged.root

Threshold for summed wvf: 0.3
Histogram: total
    Peak at bin 126, Left Height: 10.5463, Right Height: 9.17115
    Peak at bin 168, Left Height: 1.33898, Right Height: 1.4613
    Peak at bin 207, Left Height: 2.71006, Right Height: 2.69126
    Peak at bin 411, Left Height: 0.504791, Right Height: 0.493596

Top total peaks (by true height): 126 207 168 

---- Saving Time info of muon and Michel candidates ----
[Saved] Muon time peak index: 126
        Intensity: 9.17115
[Saved] Michel time peak: 207
        Intensity: 2.69126


[449] Processing file: /Users/shuaixiangzhang/Work/current/FNAL_Work2024/michel_e/t0_tagging/pdhd_DATA_v2/t0_rootFiles/new20250808_MC/wvf_merged_applyCut_20250819/wvfFind_event5423_trackID3_opNum5_merged.root

Threshold for summed wvf: 0.3
Histogram: total
    Peak at bin 125, Left Height: 3.69847, Right Height: 1.82182
    Peak at bin 197, Left Height: 0.302452, Right Height: 0.582215
    Peak at bin 344, Left Height: 4.98652, Right Height: 4.84072
    Peak at bin 427, Left Height: 1.38366, Right Height: 1.10371
    Peak at bin 477, Left Height: 0.368935, Right Height: 0.937355
    Peak at bin 551, Left Height: 0.333501, Right Height: 0.558571

Top total peaks (by true height): 344 125 427 

---- Saving Time info of muon and Michel candidates ----
[Saved] Muon time peak index: 344
        Intensity: 4.84072
[Saved] Michel time peak: 125
        Intensity: 1.82182


[450] Processing file: /Users/shuaixiangzhang/Work/current/FNAL_Work2024/michel_e/t0_tagging/pdhd_DATA_v2/t0_rootFiles/new20250808_MC/wvf_merged_applyCut_20250819/wvfFind_event5427_trackID1_opNum5_merged.root

Threshold for summed wvf: 0.3
Histogram: total
    Peak at bin 127, Left Height: 8.92718, Right Height: 7.77329
    Peak at bin 160, Left Height: 0.555508, Right Height: 0.722867
    Peak at bin 201, Left Height: 0.91824, Right Height: 1.44005
    Peak at bin 227, Left Height: 0.451971, Right Height: 0.756699
    Peak at bin 314, Left Height: 0.349852, Right Height: 0.62633

Top total peaks (by true height): 127 201 160 

---- Saving Time info of muon and Michel candidates ----
[Saved] Muon time peak index: 127
        Intensity: 7.77329
[Saved] Michel time peak: 201
        Intensity: 0.91824


[451] Processing file: /Users/shuaixiangzhang/Work/current/FNAL_Work2024/michel_e/t0_tagging/pdhd_DATA_v2/t0_rootFiles/new20250808_MC/wvf_merged_applyCut_20250819/wvfFind_event5445_trackID3_opNum6_merged.root

Threshold for summed wvf: 0.3
Histogram: total
    Peak at bin 122, Left Height: 2.51962, Right Height: 2.21927
    Peak at bin 193, Left Height: 0.615119, Right Height: 0.685745

Top total peaks (by true height): 122 193 

---- Saving Time info of muon and Michel candidates ----
[Saved] Muon time peak index: 122
        Intensity: 2.21927
[Saved] Michel time peak: 193
        Intensity: 0.615119


[452] Processing file: /Users/shuaixiangzhang/Work/current/FNAL_Work2024/michel_e/t0_tagging/pdhd_DATA_v2/t0_rootFiles/new20250808_MC/wvf_merged_applyCut_20250819/wvfFind_event5450_trackID6_opNum6_merged.root

Threshold for summed wvf: 0.3
Histogram: total
    Peak at bin 126, Left Height: 9.18056, Right Height: 8.00163
    Peak at bin 155, Left Height: 1.99976, Right Height: 2.61671
    Peak at bin 195, Left Height: 0.694782, Right Height: 1.42622
    Peak at bin 248, Left Height: 1.61194, Right Height: 1.33315
    Peak at bin 289, Left Height: 0.650284, Right Height: 0.58062

Top total peaks (by true height): 126 155 248 

---- Saving Time info of muon and Michel candidates ----
[Saved] Muon time peak index: 126
        Intensity: 8.00163
[Saved] Michel time peak: 155
        Intensity: 1.99976


[453] Processing file: /Users/shuaixiangzhang/Work/current/FNAL_Work2024/michel_e/t0_tagging/pdhd_DATA_v2/t0_rootFiles/new20250808_MC/wvf_merged_applyCut_20250819/wvfFind_event5506_trackID14_opNum9_merged.root

Threshold for summed wvf: 0.3
Histogram: total
    Peak at bin 127, Left Height: 16.1367, Right Height: 13.4973
    Peak at bin 173, Left Height: 1.11528, Right Height: 1.32923
    Peak at bin 199, Left Height: 0.370335, Right Height: 1.70537
    Peak at bin 231, Left Height: 3.66104, Right Height: 2.59479
    Peak at bin 275, Left Height: 0.367794, Right Height: 1.31295
    Peak at bin 333, Left Height: 0.450671, Right Height: 0.411221
    Peak at bin 496, Left Height: 0.355734, Right Height: 0.369129

Top total peaks (by true height): 127 231 173 

---- Saving Time info of muon and Michel candidates ----
[Saved] Muon time peak index: 127
        Intensity: 13.4973
[Saved] Michel time peak: 231
        Intensity: 2.59479


[454] Processing file: /Users/shuaixiangzhang/Work/current/FNAL_Work2024/michel_e/t0_tagging/pdhd_DATA_v2/t0_rootFiles/new20250808_MC/wvf_merged_applyCut_20250819/wvfFind_event5510_trackID10_opNum9_merged.root

Threshold for summed wvf: 0.3
Histogram: total
    Peak at bin 128, Left Height: 32.555, Right Height: 26.5884
    Peak at bin 172, Left Height: 1.81543, Right Height: 2.00544
    Peak at bin 282, Left Height: 4.49802, Right Height: 5.05808
    Peak at bin 320, Left Height: 0.818017, Right Height: 0.878511
    Peak at bin 410, Left Height: 0.300879, Right Height: 0.401414
    Peak at bin 523, Left Height: 0.401611, Right Height: 0.391048

Top total peaks (by true height): 128 282 172 

---- Saving Time info of muon and Michel candidates ----
[Saved] Muon time peak index: 128
        Intensity: 26.5884
[Saved] Michel time peak: 282
        Intensity: 4.49802


[455] Processing file: /Users/shuaixiangzhang/Work/current/FNAL_Work2024/michel_e/t0_tagging/pdhd_DATA_v2/t0_rootFiles/new20250808_MC/wvf_merged_applyCut_20250819/wvfFind_event5512_trackID4_opNum9_merged.root

Threshold for summed wvf: 0.3
Histogram: total
    Peak at bin 127, Left Height: 20.8528, Right Height: 17.4198
    Peak at bin 162, Left Height: 3.32234, Right Height: 4.30775
    Peak at bin 199, Left Height: 2.31927, Right Height: 3.313
    Peak at bin 363, Left Height: 0.359032, Right Height: 0.43316
    Peak at bin 394, Left Height: 0.901489, Right Height: 1.09133
    Peak at bin 473, Left Height: 0.330159, Right Height: 0.352677
    Peak at bin 497, Left Height: 0.368059, Right Height: 0.523614

Top total peaks (by true height): 127 162 199 

---- Saving Time info of muon and Michel candidates ----
[Saved] Muon time peak index: 127
        Intensity: 17.4198
[Saved] Michel time peak: 162
        Intensity: 3.32234


[456] Processing file: /Users/shuaixiangzhang/Work/current/FNAL_Work2024/michel_e/t0_tagging/pdhd_DATA_v2/t0_rootFiles/new20250808_MC/wvf_merged_applyCut_20250819/wvfFind_event5536_trackID5_opNum9_merged.root

Threshold for summed wvf: 0.3
Histogram: total
    Peak at bin 127, Left Height: 32.8571, Right Height: 27.6505
    Peak at bin 158, Left Height: 4.11615, Right Height: 5.97308
    Peak at bin 195, Left Height: 0.676402, Right Height: 1.5127
    Peak at bin 217, Left Height: 0.799424, Right Height: 0.650056
    Peak at bin 286, Left Height: 0.546374, Right Height: 1.59667
    Peak at bin 310, Left Height: 0.586461, Right Height: 0.423907
    Peak at bin 330, Left Height: 0.60806, Right Height: 0.620044
    Peak at bin 395, Left Height: 1.12113, Right Height: 1.2795
    Peak at bin 428, Left Height: 1.02622, Right Height: 0.848883
    Peak at bin 471, Left Height: 0.405256, Right Height: 0.443045

Top total peaks (by true height): 127 158 395 

---- Saving Time info of muon and Michel candidates ----
[Saved] Muon time peak index: 127
        Intensity: 27.6505
[Saved] Michel time peak: 158
        Intensity: 4.11615


[457] Processing file: /Users/shuaixiangzhang/Work/current/FNAL_Work2024/michel_e/t0_tagging/pdhd_DATA_v2/t0_rootFiles/new20250808_MC/wvf_merged_applyCut_20250819/wvfFind_event5539_trackID3_opNum9_merged.root

Threshold for summed wvf: 0.3
Histogram: total
    Peak at bin 128, Left Height: 18.3817, Right Height: 12.4939
    Peak at bin 160, Left Height: 0.300493, Right Height: 1.59218
    Peak at bin 191, Left Height: 0.421564, Right Height: 2.33058
    Peak at bin 241, Left Height: 0.580083, Right Height: 1.48589
    Peak at bin 270, Left Height: 0.33541, Right Height: 0.735688
    Peak at bin 406, Left Height: 0.483448, Right Height: 0.897175

Top total peaks (by true height): 128 241 406 

---- Saving Time info of muon and Michel candidates ----
[Saved] Muon time peak index: 128
        Intensity: 12.4939
[Saved] Michel time peak: 241
        Intensity: 0.580083


[458] Processing file: /Users/shuaixiangzhang/Work/current/FNAL_Work2024/michel_e/t0_tagging/pdhd_DATA_v2/t0_rootFiles/new20250808_MC/wvf_merged_applyCut_20250819/wvfFind_event5548_trackID11_opNum7_merged.root

Threshold for summed wvf: 0.3
Histogram: total
    Peak at bin 125, Left Height: 7.61178, Right Height: 7.29023
    Peak at bin 203, Left Height: 1.26341, Right Height: 1.73594
    Peak at bin 253, Left Height: 0.950485, Right Height: 0.663789
    Peak at bin 316, Left Height: 0.43569, Right Height: 0.678925
    Peak at bin 545, Left Height: 1.09733, Right Height: 0.847243

Top total peaks (by true height): 125 203 545 

---- Saving Time info of muon and Michel candidates ----
[Saved] Muon time peak index: 125
        Intensity: 7.29023
[Saved] Michel time peak: 203
        Intensity: 1.26341


[459] Processing file: /Users/shuaixiangzhang/Work/current/FNAL_Work2024/michel_e/t0_tagging/pdhd_DATA_v2/t0_rootFiles/new20250808_MC/wvf_merged_applyCut_20250819/wvfFind_event5548_trackID9_opNum9_merged.root

Threshold for summed wvf: 0.3
Histogram: total
    Peak at bin 129, Left Height: 157.668, Right Height: 150.044
    Peak at bin 287, Left Height: 1.16354, Right Height: 2.14745
    Peak at bin 314, Left Height: 2.04742, Right Height: 4.16939
    Peak at bin 361, Left Height: 0.485204, Right Height: 3.90088
    Peak at bin 401, Left Height: 2.87708, Right Height: 3.33695
    Peak at bin 463, Left Height: 0.463406, Right Height: 1.3044
    Peak at bin 507, Left Height: 1.48791, Right Height: 0.926083
    Peak at bin 592, Left Height: 0.428548, Right Height: 0.466149
    Peak at bin 706, Left Height: 0.35744, Right Height: 0.791131
    Peak at bin 769, Left Height: 0.379697, Right Height: 0.349945
    Peak at bin 871, Left Height: 0.327794, Right Height: 0.557288
    Peak at bin 1020, Left Height: 1.86878, Right Height: 0.394124

Top total peaks (by true height): 129 401 314 

---- Saving Time info of muon and Michel candidates ----
[Saved] Muon time peak index: 129
        Intensity: 150.044
[Saved] Michel time peak: 401
        Intensity: 2.87708


[460] Processing file: /Users/shuaixiangzhang/Work/current/FNAL_Work2024/michel_e/t0_tagging/pdhd_DATA_v2/t0_rootFiles/new20250808_MC/wvf_merged_applyCut_20250819/wvfFind_event5560_trackID13_opNum9_merged.root

Threshold for summed wvf: 0.3
Histogram: total
    Peak at bin 126, Left Height: 12.6168, Right Height: 8.64149
    Peak at bin 180, Left Height: 0.463953, Right Height: 1.40559
    Peak at bin 204, Left Height: 1.34556, Right Height: 1.53248
    Peak at bin 259, Left Height: 0.375463, Right Height: 0.793779
    Peak at bin 300, Left Height: 0.957586, Right Height: 0.642469
    Peak at bin 450, Left Height: 0.413075, Right Height: 0.450885

Top total peaks (by true height): 126 204 300 

---- Saving Time info of muon and Michel candidates ----
[Saved] Muon time peak index: 126
        Intensity: 8.64149
[Saved] Michel time peak: 204
        Intensity: 1.34556


[461] Processing file: /Users/shuaixiangzhang/Work/current/FNAL_Work2024/michel_e/t0_tagging/pdhd_DATA_v2/t0_rootFiles/new20250808_MC/wvf_merged_applyCut_20250819/wvfFind_event5566_trackID27_opNum9_merged.root

Threshold for summed wvf: 0.3
Histogram: total
    Peak at bin 126, Left Height: 10.6533, Right Height: 8.26593
    Peak at bin 160, Left Height: 0.580751, Right Height: 1.01298
    Peak at bin 208, Left Height: 0.95994, Right Height: 1.25561
    Peak at bin 250, Left Height: 0.348011, Right Height: 0.583514
    Peak at bin 303, Left Height: 1.36273, Right Height: 1.84592
    Peak at bin 377, Left Height: 0.815924, Right Height: 0.873887
    Peak at bin 460, Left Height: 0.454435, Right Height: 0.471706

Top total peaks (by true height): 126 303 208 

---- Saving Time info of muon and Michel candidates ----
[Saved] Muon time peak index: 126
        Intensity: 8.26593
[Saved] Michel time peak: 303
        Intensity: 1.36273


[462] Processing file: /Users/shuaixiangzhang/Work/current/FNAL_Work2024/michel_e/t0_tagging/pdhd_DATA_v2/t0_rootFiles/new20250808_MC/wvf_merged_applyCut_20250819/wvfFind_event5571_trackID9_opNum5_merged.root

Threshold for summed wvf: 0.3
Histogram: total
    Peak at bin 126, Left Height: 7.27748, Right Height: 6.29808
    Peak at bin 158, Left Height: 1.05012, Right Height: 1.31433
    Peak at bin 259, Left Height: 0.513191, Right Height: 0.540417
    Peak at bin 295, Left Height: 0.385175, Right Height: 0.504582
    Peak at bin 435, Left Height: 3.19751, Right Height: 2.85522
    Peak at bin 569, Left Height: 1.80059, Right Height: 1.64978
    Peak at bin 598, Left Height: 0.586962, Right Height: 0.695422
    Peak at bin 732, Left Height: 0.567556, Right Height: 0.45479

Top total peaks (by true height): 126 435 569 

---- Saving Time info of muon and Michel candidates ----
[Saved] Muon time peak index: 126
        Intensity: 6.29808
[Saved] Michel time peak: 435
        Intensity: 2.85522


[463] Processing file: /Users/shuaixiangzhang/Work/current/FNAL_Work2024/michel_e/t0_tagging/pdhd_DATA_v2/t0_rootFiles/new20250808_MC/wvf_merged_applyCut_20250819/wvfFind_event5578_trackID5_opNum5_merged.root

Threshold for summed wvf: 0.3
Histogram: total
    Peak at bin 123, Left Height: 2.46232, Right Height: 2.08345
    Peak at bin 235, Left Height: 0.374165, Right Height: 0.381978
    Peak at bin 289, Left Height: 0.562184, Right Height: 0.489769

Top total peaks (by true height): 123 289 235 

---- Saving Time info of muon and Michel candidates ----
[Saved] Muon time peak index: 123
        Intensity: 2.08345
[Saved] Michel time peak: 289
        Intensity: 0.489769


[464] Processing file: /Users/shuaixiangzhang/Work/current/FNAL_Work2024/michel_e/t0_tagging/pdhd_DATA_v2/t0_rootFiles/new20250808_MC/wvf_merged_applyCut_20250819/wvfFind_event5579_trackID17_opNum9_merged.root

Threshold for summed wvf: 0.3
Histogram: total
    Peak at bin 126, Left Height: 7.50549, Right Height: 6.33675
    Peak at bin 186, Left Height: 1.79019, Right Height: 2.05768
    Peak at bin 241, Left Height: 0.989691, Right Height: 1.06116
    Peak at bin 829, Left Height: 1.10457, Right Height: 0.909721
    Peak at bin 863, Left Height: 0.392003, Right Height: 0.547581
    Peak at bin 936, Left Height: 0.302292, Right Height: 0.35644

Top total peaks (by true height): 126 186 241 

---- Saving Time info of muon and Michel candidates ----
[Saved] Muon time peak index: 126
        Intensity: 6.33675
[Saved] Michel time peak: 186
        Intensity: 1.79019


[465] Processing file: /Users/shuaixiangzhang/Work/current/FNAL_Work2024/michel_e/t0_tagging/pdhd_DATA_v2/t0_rootFiles/new20250808_MC/wvf_merged_applyCut_20250819/wvfFind_event5579_trackID1_opNum9_merged.root

Threshold for summed wvf: 0.3
Histogram: total
    Peak at bin 127, Left Height: 39.7878, Right Height: 33.0069
    Peak at bin 150, Left Height: 0.584004, Right Height: 1.88896
    Peak at bin 235, Left Height: 1.62983, Right Height: 1.80059
    Peak at bin 282, Left Height: 0.753333, Right Height: 1.00823
    Peak at bin 324, Left Height: 0.702187, Right Height: 0.360043
    Peak at bin 452, Left Height: 1.79221, Right Height: 1.74589
    Peak at bin 518, Left Height: 0.672824, Right Height: 0.884055
    Peak at bin 547, Left Height: 0.580242, Right Height: 0.503175
    Peak at bin 705, Left Height: 0.34421, Right Height: 0.611262

Top total peaks (by true height): 127 452 235 

---- Saving Time info of muon and Michel candidates ----
[Saved] Muon time peak index: 127
        Intensity: 33.0069
[Saved] Michel time peak: 452
        Intensity: 1.74589


[466] Processing file: /Users/shuaixiangzhang/Work/current/FNAL_Work2024/michel_e/t0_tagging/pdhd_DATA_v2/t0_rootFiles/new20250808_MC/wvf_merged_applyCut_20250819/wvfFind_event5589_trackID27_opNum7_merged.root

Threshold for summed wvf: 0.3
Histogram: total
    Peak at bin 123, Left Height: 2.85673, Right Height: 2.06292

Top total peaks (by true height): 123 0 

---- Saving Time info of muon and Michel candidates ----
[Saved] Muon time peak index: 123
        Intensity: 2.06292
[Saved] Michel time peak: 0
        Intensity: 0


[467] Processing file: /Users/shuaixiangzhang/Work/current/FNAL_Work2024/michel_e/t0_tagging/pdhd_DATA_v2/t0_rootFiles/new20250808_MC/wvf_merged_applyCut_20250819/wvfFind_event5595_trackID5_opNum9_merged.root

Threshold for summed wvf: 0.3
Histogram: total
    Peak at bin 126, Left Height: 11.5089, Right Height: 9.39692
    Peak at bin 168, Left Height: 0.304085, Right Height: 0.382436
    Peak at bin 238, Left Height: 0.844614, Right Height: 1.00403
    Peak at bin 271, Left Height: 0.326409, Right Height: 0.65475
    Peak at bin 309, Left Height: 0.595369, Right Height: 0.466263
    Peak at bin 362, Left Height: 0.375984, Right Height: 0.334914

Top total peaks (by true height): 126 238 309 

---- Saving Time info of muon and Michel candidates ----
[Saved] Muon time peak index: 126
        Intensity: 9.39692
[Saved] Michel time peak: 238
        Intensity: 0.844614


[468] Processing file: /Users/shuaixiangzhang/Work/current/FNAL_Work2024/michel_e/t0_tagging/pdhd_DATA_v2/t0_rootFiles/new20250808_MC/wvf_merged_applyCut_20250819/wvfFind_event5599_trackID23_opNum5_merged.root

Threshold for summed wvf: 0.3
Histogram: total
    Peak at bin 124, Left Height: 3.31167, Right Height: 2.30424
    Peak at bin 174, Left Height: 0.804274, Right Height: 0.670892
    Peak at bin 199, Left Height: 0.483273, Right Height: 0.371976
    Peak at bin 226, Left Height: 0.467012, Right Height: 0.82921
    Peak at bin 320, Left Height: 0.397957, Right Height: 0.503867

Top total peaks (by true height): 124 174 226 

---- Saving Time info of muon and Michel candidates ----
[Saved] Muon time peak index: 124
        Intensity: 2.30424
[Saved] Michel time peak: 174
        Intensity: 0.670892


[469] Processing file: /Users/shuaixiangzhang/Work/current/FNAL_Work2024/michel_e/t0_tagging/pdhd_DATA_v2/t0_rootFiles/new20250808_MC/wvf_merged_applyCut_20250819/wvfFind_event5623_trackID21_opNum7_merged.root

Threshold for summed wvf: 0.3
Histogram: total
    Peak at bin 121, Left Height: 3.09897, Right Height: 3.13736
    Peak at bin 218, Left Height: 0.461601, Right Height: 0.671329
    Peak at bin 261, Left Height: 0.448006, Right Height: 0.305486

Top total peaks (by true height): 121 218 261 

---- Saving Time info of muon and Michel candidates ----
[Saved] Muon time peak index: 121
        Intensity: 3.09897
[Saved] Michel time peak: 218
        Intensity: 0.461601


[470] Processing file: /Users/shuaixiangzhang/Work/current/FNAL_Work2024/michel_e/t0_tagging/pdhd_DATA_v2/t0_rootFiles/new20250808_MC/wvf_merged_applyCut_20250819/wvfFind_event5635_trackID1_opNum6_merged.root

Threshold for summed wvf: 0.3
Histogram: total
    Peak at bin 126, Left Height: 3.88853, Right Height: 2.74059
    Peak at bin 198, Left Height: 1.34696, Right Height: 1.30599
    Peak at bin 325, Left Height: 0.424861, Right Height: 0.326056
    Peak at bin 393, Left Height: 0.412946, Right Height: 0.418666

Top total peaks (by true height): 126 198 393 

---- Saving Time info of muon and Michel candidates ----
[Saved] Muon time peak index: 126
        Intensity: 2.74059
[Saved] Michel time peak: 198
        Intensity: 1.30599


[471] Processing file: /Users/shuaixiangzhang/Work/current/FNAL_Work2024/michel_e/t0_tagging/pdhd_DATA_v2/t0_rootFiles/new20250808_MC/wvf_merged_applyCut_20250819/wvfFind_event5635_trackID27_opNum4_merged.root

Threshold for summed wvf: 0.3
Histogram: total
    Peak at bin 122, Left Height: 2.38556, Right Height: 2.48132
    Peak at bin 186, Left Height: 0.680959, Right Height: 0.461905
    Peak at bin 227, Left Height: 1.46123, Right Height: 1.47155
    Peak at bin 473, Left Height: 0.367219, Right Height: 0.339393

Top total peaks (by true height): 122 227 186 

---- Saving Time info of muon and Michel candidates ----
[Saved] Muon time peak index: 122
        Intensity: 2.38556
[Saved] Michel time peak: 227
        Intensity: 1.46123


[472] Processing file: /Users/shuaixiangzhang/Work/current/FNAL_Work2024/michel_e/t0_tagging/pdhd_DATA_v2/t0_rootFiles/new20250808_MC/wvf_merged_applyCut_20250819/wvfFind_event5665_trackID7_opNum6_merged.root

Threshold for summed wvf: 0.3
Histogram: total
    Peak at bin 128, Left Height: 56.1128, Right Height: 44.7438
    Peak at bin 187, Left Height: 0.773376, Right Height: 7.51207
    Peak at bin 411, Left Height: 0.456355, Right Height: 1.17893
    Peak at bin 435, Left Height: 0.314284, Right Height: 0.686917
    Peak at bin 826, Left Height: 18.1413, Right Height: 13.9876
    Peak at bin 901, Left Height: 0.655248, Right Height: 1.16656
    Peak at bin 929, Left Height: 0.422526, Right Height: 3.03549
    Peak at bin 995, Left Height: 0.495762, Right Height: 0.425767
    Peak at bin 1021, Left Height: 5.7832, Right Height: 0.727332

Top total peaks (by true height): 128 826 187 

---- Saving Time info of muon and Michel candidates ----
[Saved] Muon time peak index: 128
        Intensity: 44.7438
[Saved] Michel time peak: 826
        Intensity: 13.9876


[473] Processing file: /Users/shuaixiangzhang/Work/current/FNAL_Work2024/michel_e/t0_tagging/pdhd_DATA_v2/t0_rootFiles/new20250808_MC/wvf_merged_applyCut_20250819/wvfFind_event5667_trackID3_opNum6_merged.root

Threshold for summed wvf: 0.3
Histogram: total
    Peak at bin 127, Left Height: 10.5561, Right Height: 6.7943
    Peak at bin 213, Left Height: 1.39667, Right Height: 2.05066
    Peak at bin 326, Left Height: 0.442192, Right Height: 0.958925
    Peak at bin 505, Left Height: 1.20144, Right Height: 1.04766
    Peak at bin 542, Left Height: 0.397371, Right Height: 0.411121

Top total peaks (by true height): 127 213 505 

---- Saving Time info of muon and Michel candidates ----
[Saved] Muon time peak index: 127
        Intensity: 6.7943
[Saved] Michel time peak: 213
        Intensity: 1.39667


[474] Processing file: /Users/shuaixiangzhang/Work/current/FNAL_Work2024/michel_e/t0_tagging/pdhd_DATA_v2/t0_rootFiles/new20250808_MC/wvf_merged_applyCut_20250819/wvfFind_event5676_trackID17_opNum5_merged.root

Threshold for summed wvf: 0.3
Histogram: total
    Peak at bin 125, Left Height: 3.95279, Right Height: 3.64631
    Peak at bin 184, Left Height: 0.873958, Right Height: 0.938642
    Peak at bin 260, Left Height: 0.434637, Right Height: 0.58554
    Peak at bin 317, Left Height: 0.436985, Right Height: 0.324424

Top total peaks (by true height): 125 184 260 

---- Saving Time info of muon and Michel candidates ----
[Saved] Muon time peak index: 125
        Intensity: 3.64631
[Saved] Michel time peak: 184
        Intensity: 0.873958


[475] Processing file: /Users/shuaixiangzhang/Work/current/FNAL_Work2024/michel_e/t0_tagging/pdhd_DATA_v2/t0_rootFiles/new20250808_MC/wvf_merged_applyCut_20250819/wvfFind_event5711_trackID18_opNum5_merged.root

Threshold for summed wvf: 0.3
Histogram: total
    Peak at bin 121, Left Height: 2.30596, Right Height: 2.15852
    Peak at bin 186, Left Height: 0.881514, Right Height: 0.962948
    Peak at bin 226, Left Height: 0.549164, Right Height: 0.506675
    Peak at bin 432, Left Height: 0.347894, Right Height: 0.369807

Top total peaks (by true height): 121 186 226 

---- Saving Time info of muon and Michel candidates ----
[Saved] Muon time peak index: 121
        Intensity: 2.15852
[Saved] Michel time peak: 186
        Intensity: 0.881514


[476] Processing file: /Users/shuaixiangzhang/Work/current/FNAL_Work2024/michel_e/t0_tagging/pdhd_DATA_v2/t0_rootFiles/new20250808_MC/wvf_merged_applyCut_20250819/wvfFind_event5712_trackID16_opNum8_merged.root

Threshold for summed wvf: 0.3
Histogram: total
    Peak at bin 125, Left Height: 7.35297, Right Height: 6.29492
    Peak at bin 186, Left Height: 2.59761, Right Height: 2.61874
    Peak at bin 224, Left Height: 6.03157, Right Height: 5.35167
    Peak at bin 284, Left Height: 1.06547, Right Height: 2.60493
    Peak at bin 326, Left Height: 0.781447, Right Height: 0.538679
    Peak at bin 404, Left Height: 0.649833, Right Height: 0.74587
    Peak at bin 440, Left Height: 0.448284, Right Height: 0.483897
    Peak at bin 494, Left Height: 0.316049, Right Height: 0.351397
    Peak at bin 521, Left Height: 0.341988, Right Height: 0.64753

Top total peaks (by true height): 125 224 186 

---- Saving Time info of muon and Michel candidates ----
[Saved] Muon time peak index: 125
        Intensity: 6.29492
[Saved] Michel time peak: 224
        Intensity: 5.35167


[477] Processing file: /Users/shuaixiangzhang/Work/current/FNAL_Work2024/michel_e/t0_tagging/pdhd_DATA_v2/t0_rootFiles/new20250808_MC/wvf_merged_applyCut_20250819/wvfFind_event5717_trackID2_opNum9_merged.root

Threshold for summed wvf: 0.3
Histogram: total
    Peak at bin 128, Left Height: 120.062, Right Height: 102.881
    Peak at bin 188, Left Height: 1.77174, Right Height: 8.51769
    Peak at bin 224, Left Height: 0.300832, Right Height: 2.39752
    Peak at bin 246, Left Height: 0.410317, Right Height: 5.06928
    Peak at bin 301, Left Height: 1.5938, Right Height: 2.62406
    Peak at bin 357, Left Height: 1.68134, Right Height: 1.58896
    Peak at bin 394, Left Height: 0.489834, Right Height: 0.555553
    Peak at bin 455, Left Height: 0.872924, Right Height: 0.353093
    Peak at bin 479, Left Height: 0.515695, Right Height: 0.482093
    Peak at bin 503, Left Height: 1.19189, Right Height: 1.49818
    Peak at bin 556, Left Height: 0.734144, Right Height: 0.386044
    Peak at bin 582, Left Height: 0.380567, Right Height: 0.460103
    Peak at bin 639, Left Height: 0.900636, Right Height: 0.71174
    Peak at bin 705, Left Height: 0.391779, Right Height: 0.443682
    Peak at bin 806, Left Height: 0.497174, Right Height: 0.453321

Top total peaks (by true height): 128 188 301 

---- Saving Time info of muon and Michel candidates ----
[Saved] Muon time peak index: 128
        Intensity: 102.881
[Saved] Michel time peak: 188
        Intensity: 1.77174


[478] Processing file: /Users/shuaixiangzhang/Work/current/FNAL_Work2024/michel_e/t0_tagging/pdhd_DATA_v2/t0_rootFiles/new20250808_MC/wvf_merged_applyCut_20250819/wvfFind_event5749_trackID8_opNum5_merged.root

Threshold for summed wvf: 0.3
Histogram: total
    Peak at bin 124, Left Height: 3.92234, Right Height: 3.2615
    Peak at bin 156, Left Height: 1.0368, Right Height: 1.66147
    Peak at bin 272, Left Height: 0.706249, Right Height: 0.54964

Top total peaks (by true height): 124 156 272 

---- Saving Time info of muon and Michel candidates ----
[Saved] Muon time peak index: 124
        Intensity: 3.2615
[Saved] Michel time peak: 156
        Intensity: 1.0368


[479] Processing file: /Users/shuaixiangzhang/Work/current/FNAL_Work2024/michel_e/t0_tagging/pdhd_DATA_v2/t0_rootFiles/new20250808_MC/wvf_merged_applyCut_20250819/wvfFind_event5758_trackID12_opNum8_merged.root

Threshold for summed wvf: 0.3
Histogram: total
    Peak at bin 125, Left Height: 8.84182, Right Height: 6.69783
    Peak at bin 149, Left Height: 0.904886, Right Height: 1.95079
    Peak at bin 197, Left Height: 0.593922, Right Height: 0.389194
    Peak at bin 219, Left Height: 0.495211, Right Height: 0.863759
    Peak at bin 265, Left Height: 0.490796, Right Height: 0.825472
    Peak at bin 357, Left Height: 0.674183, Right Height: 0.715292
    Peak at bin 438, Left Height: 0.487673, Right Height: 0.415842
    Peak at bin 550, Left Height: 0.306992, Right Height: 0.395108

Top total peaks (by true height): 125 149 357 

---- Saving Time info of muon and Michel candidates ----
[Saved] Muon time peak index: 125
        Intensity: 6.69783
[Saved] Michel time peak: 149
        Intensity: 0.904886


[480] Processing file: /Users/shuaixiangzhang/Work/current/FNAL_Work2024/michel_e/t0_tagging/pdhd_DATA_v2/t0_rootFiles/new20250808_MC/wvf_merged_applyCut_20250819/wvfFind_event5763_trackID15_opNum8_merged.root

Threshold for summed wvf: 0.3
Histogram: total
    Peak at bin 125, Left Height: 5.70458, Right Height: 4.13765
    Peak at bin 161, Left Height: 1.20817, Right Height: 1.71019
    Peak at bin 316, Left Height: 0.421423, Right Height: 0.403813

Top total peaks (by true height): 125 161 316 

---- Saving Time info of muon and Michel candidates ----
[Saved] Muon time peak index: 125
        Intensity: 4.13765
[Saved] Michel time peak: 161
        Intensity: 1.20817


[481] Processing file: /Users/shuaixiangzhang/Work/current/FNAL_Work2024/michel_e/t0_tagging/pdhd_DATA_v2/t0_rootFiles/new20250808_MC/wvf_merged_applyCut_20250819/wvfFind_event5765_trackID4_opNum5_merged.root

Threshold for summed wvf: 0.3
Histogram: total
    Peak at bin 127, Left Height: 10.8086, Right Height: 8.17608
    Peak at bin 156, Left Height: 0.80672, Right Height: 0.718175
    Peak at bin 262, Left Height: 0.710478, Right Height: 0.466205
    Peak at bin 318, Left Height: 0.53776, Right Height: 0.506122
    Peak at bin 454, Left Height: 0.43611, Right Height: 0.40793

Top total peaks (by true height): 127 156 318 

---- Saving Time info of muon and Michel candidates ----
[Saved] Muon time peak index: 127
        Intensity: 8.17608
[Saved] Michel time peak: 156
        Intensity: 0.718175


[482] Processing file: /Users/shuaixiangzhang/Work/current/FNAL_Work2024/michel_e/t0_tagging/pdhd_DATA_v2/t0_rootFiles/new20250808_MC/wvf_merged_applyCut_20250819/wvfFind_event576_trackID20_opNum9_merged.root

Threshold for summed wvf: 0.3
Histogram: total
    Peak at bin 126, Left Height: 11.1352, Right Height: 8.48658
    Peak at bin 198, Left Height: 1.20265, Right Height: 1.77262
    Peak at bin 243, Left Height: 1.14986, Right Height: 0.702697
    Peak at bin 290, Left Height: 0.378989, Right Height: 0.684369
    Peak at bin 340, Left Height: 0.571834, Right Height: 0.629502
    Peak at bin 399, Left Height: 0.329799, Right Height: 0.354383
    Peak at bin 444, Left Height: 0.335056, Right Height: 0.302466

Top total peaks (by true height): 126 198 243 

---- Saving Time info of muon and Michel candidates ----
[Saved] Muon time peak index: 126
        Intensity: 8.48658
[Saved] Michel time peak: 198
        Intensity: 1.20265


[483] Processing file: /Users/shuaixiangzhang/Work/current/FNAL_Work2024/michel_e/t0_tagging/pdhd_DATA_v2/t0_rootFiles/new20250808_MC/wvf_merged_applyCut_20250819/wvfFind_event577_trackID0_opNum5_merged.root

Threshold for summed wvf: 0.3
Histogram: total
    Peak at bin 124, Left Height: 3.28507, Right Height: 3.13956
    Peak at bin 155, Left Height: 0.400257, Right Height: 0.434051
    Peak at bin 186, Left Height: 0.410666, Right Height: 0.484885
    Peak at bin 235, Left Height: 0.639428, Right Height: 0.890516
    Peak at bin 275, Left Height: 0.627744, Right Height: 0.445296

Top total peaks (by true height): 124 235 275 

---- Saving Time info of muon and Michel candidates ----
[Saved] Muon time peak index: 124
        Intensity: 3.13956
[Saved] Michel time peak: 235
        Intensity: 0.639428


[484] Processing file: /Users/shuaixiangzhang/Work/current/FNAL_Work2024/michel_e/t0_tagging/pdhd_DATA_v2/t0_rootFiles/new20250808_MC/wvf_merged_applyCut_20250819/wvfFind_event5796_trackID16_opNum9_merged.root

Threshold for summed wvf: 0.3
Histogram: total
    Peak at bin 125, Left Height: 7.36034, Right Height: 6.32724
    Peak at bin 207, Left Height: 2.39004, Right Height: 2.65024
    Peak at bin 244, Left Height: 0.709614, Right Height: 0.707295
    Peak at bin 305, Left Height: 0.594483, Right Height: 0.843669
    Peak at bin 759, Left Height: 0.334223, Right Height: 0.312131

Top total peaks (by true height): 125 207 244 

---- Saving Time info of muon and Michel candidates ----
[Saved] Muon time peak index: 125
        Intensity: 6.32724
[Saved] Michel time peak: 207
        Intensity: 2.39004


[485] Processing file: /Users/shuaixiangzhang/Work/current/FNAL_Work2024/michel_e/t0_tagging/pdhd_DATA_v2/t0_rootFiles/new20250808_MC/wvf_merged_applyCut_20250819/wvfFind_event5796_trackID2_opNum4_merged.root

Threshold for summed wvf: 0.3
Histogram: total
    Peak at bin 125, Left Height: 2.34123, Right Height: 1.34506
    Peak at bin 225, Left Height: 0.370718, Right Height: 0.568288

Top total peaks (by true height): 125 225 

---- Saving Time info of muon and Michel candidates ----
[Saved] Muon time peak index: 125
        Intensity: 1.34506
[Saved] Michel time peak: 225
        Intensity: 0.370718


[486] Processing file: /Users/shuaixiangzhang/Work/current/FNAL_Work2024/michel_e/t0_tagging/pdhd_DATA_v2/t0_rootFiles/new20250808_MC/wvf_merged_applyCut_20250819/wvfFind_event5801_trackID22_opNum9_merged.root

Threshold for summed wvf: 0.3
Histogram: total
    Peak at bin 127, Left Height: 22.3913, Right Height: 17.2513
    Peak at bin 200, Left Height: 2.71914, Right Height: 5.51921
    Peak at bin 262, Left Height: 1.49441, Right Height: 2.14965
    Peak at bin 345, Left Height: 0.437721, Right Height: 1.09118
    Peak at bin 386, Left Height: 0.326288, Right Height: 0.457226
    Peak at bin 536, Left Height: 0.397687, Right Height: 0.456668

Top total peaks (by true height): 127 200 262 

---- Saving Time info of muon and Michel candidates ----
[Saved] Muon time peak index: 127
        Intensity: 17.2513
[Saved] Michel time peak: 200
        Intensity: 2.71914


[487] Processing file: /Users/shuaixiangzhang/Work/current/FNAL_Work2024/michel_e/t0_tagging/pdhd_DATA_v2/t0_rootFiles/new20250808_MC/wvf_merged_applyCut_20250819/wvfFind_event5814_trackID16_opNum7_merged.root

Threshold for summed wvf: 0.3
Histogram: total
    Peak at bin 123, Left Height: 4.14453, Right Height: 3.33299
    Peak at bin 158, Left Height: 0.33257, Right Height: 1.14493
    Peak at bin 185, Left Height: 0.574188, Right Height: 0.495144
    Peak at bin 266, Left Height: 0.732914, Right Height: 1.16484
    Peak at bin 489, Left Height: 0.323918, Right Height: 0.312617

Top total peaks (by true height): 123 266 185 

---- Saving Time info of muon and Michel candidates ----
[Saved] Muon time peak index: 123
        Intensity: 3.33299
[Saved] Michel time peak: 266
        Intensity: 0.732914


[488] Processing file: /Users/shuaixiangzhang/Work/current/FNAL_Work2024/michel_e/t0_tagging/pdhd_DATA_v2/t0_rootFiles/new20250808_MC/wvf_merged_applyCut_20250819/wvfFind_event586_trackID3_opNum6_merged.root

Threshold for summed wvf: 0.3
Histogram: total
    Peak at bin 125, Left Height: 5.3402, Right Height: 4.09876
    Peak at bin 157, Left Height: 1.12344, Right Height: 1.46781
    Peak at bin 412, Left Height: 0.39215, Right Height: 0.386958
    Peak at bin 452, Left Height: 0.334528, Right Height: 0.315369

Top total peaks (by true height): 125 157 412 

---- Saving Time info of muon and Michel candidates ----
[Saved] Muon time peak index: 125
        Intensity: 4.09876
[Saved] Michel time peak: 157
        Intensity: 1.12344


[489] Processing file: /Users/shuaixiangzhang/Work/current/FNAL_Work2024/michel_e/t0_tagging/pdhd_DATA_v2/t0_rootFiles/new20250808_MC/wvf_merged_applyCut_20250819/wvfFind_event5871_trackID6_opNum6_merged.root

Threshold for summed wvf: 0.3
Histogram: total
    Peak at bin 127, Left Height: 9.688, Right Height: 8.35005
    Peak at bin 193, Left Height: 3.05382, Right Height: 2.69025
    Peak at bin 236, Left Height: 0.865792, Right Height: 1.2645
    Peak at bin 342, Left Height: 1.16897, Right Height: 1.739
    Peak at bin 692, Left Height: 0.493639, Right Height: 0.421322

Top total peaks (by true height): 127 193 342 

---- Saving Time info of muon and Michel candidates ----
[Saved] Muon time peak index: 127
        Intensity: 8.35005
[Saved] Michel time peak: 193
        Intensity: 2.69025


[490] Processing file: /Users/shuaixiangzhang/Work/current/FNAL_Work2024/michel_e/t0_tagging/pdhd_DATA_v2/t0_rootFiles/new20250808_MC/wvf_merged_applyCut_20250819/wvfFind_event5880_trackID16_opNum5_merged.root

Threshold for summed wvf: 0.3
Histogram: total
    Peak at bin 123, Left Height: 2.82008, Right Height: 2.68546

Top total peaks (by true height): 123 0 

---- Saving Time info of muon and Michel candidates ----
[Saved] Muon time peak index: 123
        Intensity: 2.68546
[Saved] Michel time peak: 0
        Intensity: 0


[491] Processing file: /Users/shuaixiangzhang/Work/current/FNAL_Work2024/michel_e/t0_tagging/pdhd_DATA_v2/t0_rootFiles/new20250808_MC/wvf_merged_applyCut_20250819/wvfFind_event5881_trackID5_opNum9_merged.root

Threshold for summed wvf: 0.3
Histogram: total
    Peak at bin 128, Left Height: 53.898, Right Height: 47.6029
    Peak at bin 179, Left Height: 0.57948, Right Height: 2.7925
    Peak at bin 212, Left Height: 0.500879, Right Height: 3.26277
    Peak at bin 249, Left Height: 2.25691, Right Height: 2.68686
    Peak at bin 281, Left Height: 1.20799, Right Height: 0.843126
    Peak at bin 334, Left Height: 0.949622, Right Height: 0.492542
    Peak at bin 360, Left Height: 1.89734, Right Height: 2.02644
    Peak at bin 419, Left Height: 1.20911, Right Height: 0.692053
    Peak at bin 447, Left Height: 0.338174, Right Height: 0.677504
    Peak at bin 473, Left Height: 0.706761, Right Height: 0.61295
    Peak at bin 534, Left Height: 0.793265, Right Height: 0.621389

Top total peaks (by true height): 128 249 360 

---- Saving Time info of muon and Michel candidates ----
[Saved] Muon time peak index: 128
        Intensity: 47.6029
[Saved] Michel time peak: 249
        Intensity: 2.25691


[492] Processing file: /Users/shuaixiangzhang/Work/current/FNAL_Work2024/michel_e/t0_tagging/pdhd_DATA_v2/t0_rootFiles/new20250808_MC/wvf_merged_applyCut_20250819/wvfFind_event5889_trackID8_opNum9_merged.root

Threshold for summed wvf: 0.3
Histogram: total
    Peak at bin 127, Left Height: 24.6314, Right Height: 21.5878
    Peak at bin 153, Left Height: 2.34835, Right Height: 2.80071
    Peak at bin 173, Left Height: 0.477946, Right Height: 0.950098
    Peak at bin 193, Left Height: 1.97819, Right Height: 2.90848
    Peak at bin 218, Left Height: 1.31765, Right Height: 0.935078
    Peak at bin 277, Left Height: 1.78995, Right Height: 1.40706
    Peak at bin 326, Left Height: 1.23842, Right Height: 0.866037
    Peak at bin 417, Left Height: 1.23529, Right Height: 0.814565
    Peak at bin 450, Left Height: 0.619819, Right Height: 0.676163
    Peak at bin 525, Left Height: 0.383717, Right Height: 0.530204
    Peak at bin 586, Left Height: 0.370406, Right Height: 0.901722

Top total peaks (by true height): 127 153 193 

---- Saving Time info of muon and Michel candidates ----
[Saved] Muon time peak index: 127
        Intensity: 21.5878
[Saved] Michel time peak: 153
        Intensity: 2.34835


[493] Processing file: /Users/shuaixiangzhang/Work/current/FNAL_Work2024/michel_e/t0_tagging/pdhd_DATA_v2/t0_rootFiles/new20250808_MC/wvf_merged_applyCut_20250819/wvfFind_event5891_trackID4_opNum6_merged.root

Threshold for summed wvf: 0.3
Histogram: total
    Peak at bin 123, Left Height: 4.76499, Right Height: 4.0171
    Peak at bin 147, Left Height: 0.362514, Right Height: 1.03757
    Peak at bin 183, Left Height: 0.618273, Right Height: 1.05856
    Peak at bin 232, Left Height: 0.964375, Right Height: 0.628689
    Peak at bin 261, Left Height: 0.321287, Right Height: 0.481121
    Peak at bin 288, Left Height: 0.38489, Right Height: 0.405488
    Peak at bin 371, Left Height: 1.03279, Right Height: 1.17456
    Peak at bin 442, Left Height: 0.404269, Right Height: 0.651434
    Peak at bin 535, Left Height: 0.300197, Right Height: 0.405335

Top total peaks (by true height): 123 371 232 

---- Saving Time info of muon and Michel candidates ----
[Saved] Muon time peak index: 123
        Intensity: 4.0171
[Saved] Michel time peak: 371
        Intensity: 1.03279


[494] Processing file: /Users/shuaixiangzhang/Work/current/FNAL_Work2024/michel_e/t0_tagging/pdhd_DATA_v2/t0_rootFiles/new20250808_MC/wvf_merged_applyCut_20250819/wvfFind_event5892_trackID0_opNum9_merged.root

Threshold for summed wvf: 0.3
Histogram: total
    Peak at bin 127, Left Height: 16.7455, Right Height: 10.4345
    Peak at bin 194, Left Height: 0.433801, Right Height: 1.21167
    Peak at bin 346, Left Height: 0.641105, Right Height: 0.727004

Top total peaks (by true height): 127 346 194 

---- Saving Time info of muon and Michel candidates ----
[Saved] Muon time peak index: 127
        Intensity: 10.4345
[Saved] Michel time peak: 346
        Intensity: 0.641105


[495] Processing file: /Users/shuaixiangzhang/Work/current/FNAL_Work2024/michel_e/t0_tagging/pdhd_DATA_v2/t0_rootFiles/new20250808_MC/wvf_merged_applyCut_20250819/wvfFind_event5915_trackID6_opNum9_merged.root

Threshold for summed wvf: 0.3
Histogram: total
    Peak at bin 127, Left Height: 29.7403, Right Height: 26.9879
    Peak at bin 185, Left Height: 2.62554, Right Height: 3.12109
    Peak at bin 214, Left Height: 1.30022, Right Height: 2.38589
    Peak at bin 238, Left Height: 0.459509, Right Height: 0.315856
    Peak at bin 256, Left Height: 0.876507, Right Height: 1.33216
    Peak at bin 335, Left Height: 0.733694, Right Height: 1.83446
    Peak at bin 377, Left Height: 0.886639, Right Height: 0.401225
    Peak at bin 412, Left Height: 0.684484, Right Height: 0.702818
    Peak at bin 472, Left Height: 0.61374, Right Height: 0.305023
    Peak at bin 640, Left Height: 0.55135, Right Height: 0.550024
    Peak at bin 709, Left Height: 0.341309, Right Height: 0.356807

Top total peaks (by true height): 127 185 214 

---- Saving Time info of muon and Michel candidates ----
[Saved] Muon time peak index: 127
        Intensity: 26.9879
[Saved] Michel time peak: 185
        Intensity: 2.62554


[496] Processing file: /Users/shuaixiangzhang/Work/current/FNAL_Work2024/michel_e/t0_tagging/pdhd_DATA_v2/t0_rootFiles/new20250808_MC/wvf_merged_applyCut_20250819/wvfFind_event5916_trackID9_opNum8_merged.root

Threshold for summed wvf: 0.3
Histogram: total
    Peak at bin 125, Left Height: 4.22744, Right Height: 3.47717
    Peak at bin 183, Left Height: 0.946249, Right Height: 1.00434
    Peak at bin 398, Left Height: 0.43237, Right Height: 0.370091

Top total peaks (by true height): 125 183 398 

---- Saving Time info of muon and Michel candidates ----
[Saved] Muon time peak index: 125
        Intensity: 3.47717
[Saved] Michel time peak: 183
        Intensity: 0.946249


[497] Processing file: /Users/shuaixiangzhang/Work/current/FNAL_Work2024/michel_e/t0_tagging/pdhd_DATA_v2/t0_rootFiles/new20250808_MC/wvf_merged_applyCut_20250819/wvfFind_event5925_trackID9_opNum9_merged.root

Threshold for summed wvf: 0.3
Histogram: total
    Peak at bin 128, Left Height: 48.6311, Right Height: 41.0248
    Peak at bin 162, Left Height: 0.787766, Right Height: 2.70888
    Peak at bin 185, Left Height: 0.469952, Right Height: 2.75631
    Peak at bin 220, Left Height: 0.980403, Right Height: 0.81971
    Peak at bin 250, Left Height: 6.1161, Right Height: 7.30888
    Peak at bin 284, Left Height: 1.67441, Right Height: 1.74631
    Peak at bin 303, Left Height: 0.388017, Right Height: 2.42105
    Peak at bin 335, Left Height: 1.07063, Right Height: 0.792326
    Peak at bin 357, Left Height: 0.782602, Right Height: 0.931267
    Peak at bin 385, Left Height: 0.717003, Right Height: 0.68709
    Peak at bin 405, Left Height: 0.959483, Right Height: 1.24027
    Peak at bin 432, Left Height: 0.436357, Right Height: 0.673977
    Peak at bin 543, Left Height: 0.402263, Right Height: 0.362334

Top total peaks (by true height): 128 250 284 

---- Saving Time info of muon and Michel candidates ----
[Saved] Muon time peak index: 128
        Intensity: 41.0248
[Saved] Michel time peak: 250
        Intensity: 6.1161


[498] Processing file: /Users/shuaixiangzhang/Work/current/FNAL_Work2024/michel_e/t0_tagging/pdhd_DATA_v2/t0_rootFiles/new20250808_MC/wvf_merged_applyCut_20250819/wvfFind_event5938_trackID10_opNum6_merged.root

Threshold for summed wvf: 0.3
Histogram: total
    Peak at bin 126, Left Height: 12.0837, Right Height: 11.7366
    Peak at bin 169, Left Height: 2.6782, Right Height: 2.11631
    Peak at bin 269, Left Height: 27.9939, Right Height: 26.845
    Peak at bin 304, Left Height: 3.35724, Right Height: 3.51375
    Peak at bin 330, Left Height: 0.510373, Right Height: 1.10039
    Peak at bin 359, Left Height: 0.329728, Right Height: 0.964242
    Peak at bin 389, Left Height: 1.11179, Right Height: 1.5634
    Peak at bin 435, Left Height: 0.570479, Right Height: 0.726689
    Peak at bin 466, Left Height: 36.8138, Right Height: 31.1399
    Peak at bin 513, Left Height: 1.29117, Right Height: 1.97593
    Peak at bin 535, Left Height: 1.29457, Right Height: 3.04905
    Peak at bin 582, Left Height: 1.07562, Right Height: 0.775833
    Peak at bin 607, Left Height: 0.714919, Right Height: 1.11742
    Peak at bin 632, Left Height: 0.599782, Right Height: 0.662958
    Peak at bin 675, Left Height: 1.59078, Right Height: 1.82144
    Peak at bin 709, Left Height: 1.98201, Right Height: 0.911707
    Peak at bin 764, Left Height: 0.678951, Right Height: 0.522986
    Peak at bin 890, Left Height: 0.315644, Right Height: 0.308511

Top total peaks (by true height): 466 269 126 

---- Saving Time info of muon and Michel candidates ----
[Saved] Muon time peak index: 466
        Intensity: 31.1399
[Saved] Michel time peak: 269
        Intensity: 26.845


[499] Processing file: /Users/shuaixiangzhang/Work/current/FNAL_Work2024/michel_e/t0_tagging/pdhd_DATA_v2/t0_rootFiles/new20250808_MC/wvf_merged_applyCut_20250819/wvfFind_event5973_trackID13_opNum9_merged.root

Threshold for summed wvf: 0.3
Histogram: total
    Peak at bin 127, Left Height: 16.397, Right Height: 12.4442
    Peak at bin 187, Left Height: 1.35914, Right Height: 1.71539
    Peak at bin 255, Left Height: 0.306328, Right Height: 0.767605
    Peak at bin 285, Left Height: 0.635767, Right Height: 0.884281

Top total peaks (by true height): 127 187 285 

---- Saving Time info of muon and Michel candidates ----
[Saved] Muon time peak index: 127
        Intensity: 12.4442
[Saved] Michel time peak: 187
        Intensity: 1.35914


[500] Processing file: /Users/shuaixiangzhang/Work/current/FNAL_Work2024/michel_e/t0_tagging/pdhd_DATA_v2/t0_rootFiles/new20250808_MC/wvf_merged_applyCut_20250819/wvfFind_event5976_trackID6_opNum9_merged.root

Threshold for summed wvf: 0.3
Histogram: total
    Peak at bin 127, Left Height: 12.5326, Right Height: 9.16251
    Peak at bin 174, Left Height: 1.77967, Right Height: 2.17144

Top total peaks (by true height): 127 174 

---- Saving Time info of muon and Michel candidates ----
[Saved] Muon time peak index: 127
        Intensity: 9.16251
[Saved] Michel time peak: 174
        Intensity: 1.77967


[501] Processing file: /Users/shuaixiangzhang/Work/current/FNAL_Work2024/michel_e/t0_tagging/pdhd_DATA_v2/t0_rootFiles/new20250808_MC/wvf_merged_applyCut_20250819/wvfFind_event5987_trackID11_opNum7_merged.root

Threshold for summed wvf: 0.3
Histogram: total
    Peak at bin 123, Left Height: 4.52887, Right Height: 3.62045
    Peak at bin 225, Left Height: 0.782759, Right Height: 0.936696
    Peak at bin 304, Left Height: 0.526298, Right Height: 0.678106
    Peak at bin 330, Left Height: 0.483568, Right Height: 0.513975

Top total peaks (by true height): 123 225 304 

---- Saving Time info of muon and Michel candidates ----
[Saved] Muon time peak index: 123
        Intensity: 3.62045
[Saved] Michel time peak: 225
        Intensity: 0.782759


[502] Processing file: /Users/shuaixiangzhang/Work/current/FNAL_Work2024/michel_e/t0_tagging/pdhd_DATA_v2/t0_rootFiles/new20250808_MC/wvf_merged_applyCut_20250819/wvfFind_event5987_trackID7_opNum9_merged.root

Threshold for summed wvf: 0.3
Histogram: total
    Peak at bin 126, Left Height: 8.34226, Right Height: 6.22824
    Peak at bin 211, Left Height: 0.671145, Right Height: 1.93472
    Peak at bin 265, Left Height: 0.344822, Right Height: 0.906337
    Peak at bin 688, Left Height: 0.465783, Right Height: 0.39783

Top total peaks (by true height): 126 211 688 

---- Saving Time info of muon and Michel candidates ----
[Saved] Muon time peak index: 126
        Intensity: 6.22824
[Saved] Michel time peak: 211
        Intensity: 0.671145


[503] Processing file: /Users/shuaixiangzhang/Work/current/FNAL_Work2024/michel_e/t0_tagging/pdhd_DATA_v2/t0_rootFiles/new20250808_MC/wvf_merged_applyCut_20250819/wvfFind_event5989_trackID7_opNum8_merged.root

Threshold for summed wvf: 0.3
Histogram: total
    Peak at bin 125, Left Height: 8.11825, Right Height: 6.8654
    Peak at bin 147, Left Height: 0.570696, Right Height: 1.28675
    Peak at bin 193, Left Height: 2.98538, Right Height: 3.43949
    Peak at bin 242, Left Height: 0.454524, Right Height: 0.621735
    Peak at bin 267, Left Height: 0.580295, Right Height: 0.331783
    Peak at bin 342, Left Height: 0.432713, Right Height: 0.487886

Top total peaks (by true height): 125 193 147 

---- Saving Time info of muon and Michel candidates ----
[Saved] Muon time peak index: 125
        Intensity: 6.8654
[Saved] Michel time peak: 193
        Intensity: 2.98538


[504] Processing file: /Users/shuaixiangzhang/Work/current/FNAL_Work2024/michel_e/t0_tagging/pdhd_DATA_v2/t0_rootFiles/new20250808_MC/wvf_merged_applyCut_20250819/wvfFind_event5992_trackID15_opNum8_merged.root

Threshold for summed wvf: 0.3
Histogram: total
    Peak at bin 127, Left Height: 13.9367, Right Height: 11.9312
    Peak at bin 179, Left Height: 1.04327, Right Height: 1.06254
    Peak at bin 202, Left Height: 0.818308, Right Height: 1.79787
    Peak at bin 230, Left Height: 0.713614, Right Height: 1.38868
    Peak at bin 281, Left Height: 0.914677, Right Height: 1.23995
    Peak at bin 332, Left Height: 0.617586, Right Height: 0.616527
    Peak at bin 408, Left Height: 0.342355, Right Height: 0.637309
    Peak at bin 500, Left Height: 3.54571, Right Height: 3.06277
    Peak at bin 547, Left Height: 0.739518, Right Height: 0.771994

Top total peaks (by true height): 127 500 179 

---- Saving Time info of muon and Michel candidates ----
[Saved] Muon time peak index: 127
        Intensity: 11.9312
[Saved] Michel time peak: 500
        Intensity: 3.06277


[505] Processing file: /Users/shuaixiangzhang/Work/current/FNAL_Work2024/michel_e/t0_tagging/pdhd_DATA_v2/t0_rootFiles/new20250808_MC/wvf_merged_applyCut_20250819/wvfFind_event5997_trackID10_opNum6_merged.root

Threshold for summed wvf: 0.3
Histogram: total
    Peak at bin 122, Left Height: 3.86907, Right Height: 4.01612
    Peak at bin 184, Left Height: 0.415186, Right Height: 0.57843
    Peak at bin 229, Left Height: 1.71466, Right Height: 0.993107
    Peak at bin 318, Left Height: 0.55232, Right Height: 0.471458

Top total peaks (by true height): 122 229 318 

---- Saving Time info of muon and Michel candidates ----
[Saved] Muon time peak index: 122
        Intensity: 3.86907
[Saved] Michel time peak: 229
        Intensity: 0.993107


[506] Processing file: /Users/shuaixiangzhang/Work/current/FNAL_Work2024/michel_e/t0_tagging/pdhd_DATA_v2/t0_rootFiles/new20250808_MC/wvf_merged_applyCut_20250819/wvfFind_event6006_trackID29_opNum9_merged.root

Threshold for summed wvf: 0.3
Histogram: total
    Peak at bin 129, Left Height: 112.62, Right Height: 56.562
    Peak at bin 147, Left Height: 7.73165, Right Height: 38.1326
    Peak at bin 237, Left Height: 0.737411, Right Height: 2.95802
    Peak at bin 274, Left Height: 0.906902, Right Height: 4.07339
    Peak at bin 300, Left Height: 0.461773, Right Height: 5.48349
    Peak at bin 417, Left Height: 0.452902, Right Height: 1.27986
    Peak at bin 455, Left Height: 0.451232, Right Height: 1.00762
    Peak at bin 654, Left Height: 0.389071, Right Height: 0.492356

Top total peaks (by true height): 129 147 274 

---- Saving Time info of muon and Michel candidates ----
[Saved] Muon time peak index: 129
        Intensity: 56.562
[Saved] Michel time peak: 147
        Intensity: 7.73165


[507] Processing file: /Users/shuaixiangzhang/Work/current/FNAL_Work2024/michel_e/t0_tagging/pdhd_DATA_v2/t0_rootFiles/new20250808_MC/wvf_merged_applyCut_20250819/wvfFind_event6057_trackID0_opNum9_merged.root

Threshold for summed wvf: 0.3
Histogram: total
    Peak at bin 128, Left Height: 29.5002, Right Height: 20.2896
    Peak at bin 162, Left Height: 0.994041, Right Height: 3.45669
    Peak at bin 225, Left Height: 0.315329, Right Height: 0.800717
    Peak at bin 306, Left Height: 0.483068, Right Height: 1.68741
    Peak at bin 347, Left Height: 3.35334, Right Height: 3.32333

Top total peaks (by true height): 128 347 162 

---- Saving Time info of muon and Michel candidates ----
[Saved] Muon time peak index: 128
        Intensity: 20.2896
[Saved] Michel time peak: 347
        Intensity: 3.32333


[508] Processing file: /Users/shuaixiangzhang/Work/current/FNAL_Work2024/michel_e/t0_tagging/pdhd_DATA_v2/t0_rootFiles/new20250808_MC/wvf_merged_applyCut_20250819/wvfFind_event6070_trackID8_opNum6_merged.root

Threshold for summed wvf: 0.3
Histogram: total
    Peak at bin 126, Left Height: 4.45403, Right Height: 3.26292
    Peak at bin 178, Left Height: 0.544657, Right Height: 0.655401
    Peak at bin 223, Left Height: 0.352892, Right Height: 0.548384
    Peak at bin 277, Left Height: 0.339488, Right Height: 0.313214
    Peak at bin 307, Left Height: 0.695662, Right Height: 0.735715
    Peak at bin 344, Left Height: 0.425881, Right Height: 0.576783

Top total peaks (by true height): 126 307 178 

---- Saving Time info of muon and Michel candidates ----
[Saved] Muon time peak index: 126
        Intensity: 3.26292
[Saved] Michel time peak: 307
        Intensity: 0.695662


[509] Processing file: /Users/shuaixiangzhang/Work/current/FNAL_Work2024/michel_e/t0_tagging/pdhd_DATA_v2/t0_rootFiles/new20250808_MC/wvf_merged_applyCut_20250819/wvfFind_event6097_trackID13_opNum5_merged.root

Threshold for summed wvf: 0.3
Histogram: total
    Peak at bin 125, Left Height: 7.40455, Right Height: 5.20991
    Peak at bin 173, Left Height: 0.472219, Right Height: 1.14815
    Peak at bin 198, Left Height: 0.699149, Right Height: 0.745892
    Peak at bin 238, Left Height: 0.515446, Right Height: 0.620296
    Peak at bin 265, Left Height: 0.614998, Right Height: 0.906641
    Peak at bin 299, Left Height: 0.445218, Right Height: 0.323653
    Peak at bin 384, Left Height: 0.665023, Right Height: 0.534113

Top total peaks (by true height): 125 198 265 

---- Saving Time info of muon and Michel candidates ----
[Saved] Muon time peak index: 125
        Intensity: 5.20991
[Saved] Michel time peak: 198
        Intensity: 0.699149


[510] Processing file: /Users/shuaixiangzhang/Work/current/FNAL_Work2024/michel_e/t0_tagging/pdhd_DATA_v2/t0_rootFiles/new20250808_MC/wvf_merged_applyCut_20250819/wvfFind_event6110_trackID24_opNum6_merged.root

Threshold for summed wvf: 0.3
Histogram: total
    Peak at bin 124, Left Height: 4.62284, Right Height: 4.17097
    Peak at bin 159, Left Height: 0.756163, Right Height: 1.03372
    Peak at bin 182, Left Height: 0.70029, Right Height: 0.498712
    Peak at bin 247, Left Height: 0.347364, Right Height: 0.743636
    Peak at bin 331, Left Height: 0.591846, Right Height: 0.304315

Top total peaks (by true height): 124 159 182 

---- Saving Time info of muon and Michel candidates ----
[Saved] Muon time peak index: 124
        Intensity: 4.17097
[Saved] Michel time peak: 159
        Intensity: 0.756163


[511] Processing file: /Users/shuaixiangzhang/Work/current/FNAL_Work2024/michel_e/t0_tagging/pdhd_DATA_v2/t0_rootFiles/new20250808_MC/wvf_merged_applyCut_20250819/wvfFind_event6110_trackID9_opNum9_merged.root

Threshold for summed wvf: 0.3
Histogram: total
    Peak at bin 126, Left Height: 12.893, Right Height: 11.1754
    Peak at bin 173, Left Height: 2.58298, Right Height: 1.93256
    Peak at bin 214, Left Height: 0.561424, Right Height: 0.380491
    Peak at bin 237, Left Height: 0.331958, Right Height: 1.0527
    Peak at bin 295, Left Height: 0.327858, Right Height: 0.701558
    Peak at bin 445, Left Height: 0.888683, Right Height: 0.874636
    Peak at bin 536, Left Height: 0.41679, Right Height: 0.411813

Top total peaks (by true height): 126 173 445 

---- Saving Time info of muon and Michel candidates ----
[Saved] Muon time peak index: 126
        Intensity: 11.1754
[Saved] Michel time peak: 173
        Intensity: 1.93256


[512] Processing file: /Users/shuaixiangzhang/Work/current/FNAL_Work2024/michel_e/t0_tagging/pdhd_DATA_v2/t0_rootFiles/new20250808_MC/wvf_merged_applyCut_20250819/wvfFind_event611_trackID7_opNum9_merged.root

Threshold for summed wvf: 0.3
Histogram: total
    Peak at bin 129, Left Height: 147.599, Right Height: 116.511
    Peak at bin 174, Left Height: 0.419084, Right Height: 15.5358
    Peak at bin 232, Left Height: 2.51819, Right Height: 10.6322
    Peak at bin 311, Left Height: 3.39846, Right Height: 6.05137
    Peak at bin 348, Left Height: 1.5429, Right Height: 0.681816
    Peak at bin 428, Left Height: 0.538778, Right Height: 1.22655
    Peak at bin 473, Left Height: 0.799663, Right Height: 1.17998
    Peak at bin 508, Left Height: 0.900738, Right Height: 0.962009
    Peak at bin 593, Left Height: 0.358289, Right Height: 0.334021

Top total peaks (by true height): 129 311 232 

---- Saving Time info of muon and Michel candidates ----
[Saved] Muon time peak index: 129
        Intensity: 116.511
[Saved] Michel time peak: 311
        Intensity: 3.39846


[513] Processing file: /Users/shuaixiangzhang/Work/current/FNAL_Work2024/michel_e/t0_tagging/pdhd_DATA_v2/t0_rootFiles/new20250808_MC/wvf_merged_applyCut_20250819/wvfFind_event6125_trackID31_opNum6_merged.root

Threshold for summed wvf: 0.3
Histogram: total
    Peak at bin 122, Left Height: 2.71841, Right Height: 2.78976
    Peak at bin 238, Left Height: 0.459789, Right Height: 0.726163

Top total peaks (by true height): 122 238 

---- Saving Time info of muon and Michel candidates ----
[Saved] Muon time peak index: 122
        Intensity: 2.71841
[Saved] Michel time peak: 238
        Intensity: 0.459789


[514] Processing file: /Users/shuaixiangzhang/Work/current/FNAL_Work2024/michel_e/t0_tagging/pdhd_DATA_v2/t0_rootFiles/new20250808_MC/wvf_merged_applyCut_20250819/wvfFind_event6132_trackID8_opNum9_merged.root

Threshold for summed wvf: 0.3
Histogram: total
    Peak at bin 127, Left Height: 15.6536, Right Height: 12.7874
    Peak at bin 196, Left Height: 0.658579, Right Height: 2.00905
    Peak at bin 238, Left Height: 1.95728, Right Height: 2.27462
    Peak at bin 274, Left Height: 0.332961, Right Height: 0.831548
    Peak at bin 314, Left Height: 0.752842, Right Height: 0.838924
    Peak at bin 346, Left Height: 0.489689, Right Height: 0.374664
    Peak at bin 568, Left Height: 0.347402, Right Height: 0.555661

Top total peaks (by true height): 127 238 314 

---- Saving Time info of muon and Michel candidates ----
[Saved] Muon time peak index: 127
        Intensity: 12.7874
[Saved] Michel time peak: 238
        Intensity: 1.95728


[515] Processing file: /Users/shuaixiangzhang/Work/current/FNAL_Work2024/michel_e/t0_tagging/pdhd_DATA_v2/t0_rootFiles/new20250808_MC/wvf_merged_applyCut_20250819/wvfFind_event6135_trackID9_opNum5_merged.root

Threshold for summed wvf: 0.3
Histogram: total
    Peak at bin 125, Left Height: 4.87922, Right Height: 4.91527
    Peak at bin 174, Left Height: 2.14253, Right Height: 2.01529
    Peak at bin 237, Left Height: 0.8156, Right Height: 0.931385
    Peak at bin 300, Left Height: 0.503804, Right Height: 0.57753

Top total peaks (by true height): 125 174 237 

---- Saving Time info of muon and Michel candidates ----
[Saved] Muon time peak index: 125
        Intensity: 4.87922
[Saved] Michel time peak: 174
        Intensity: 2.01529


[516] Processing file: /Users/shuaixiangzhang/Work/current/FNAL_Work2024/michel_e/t0_tagging/pdhd_DATA_v2/t0_rootFiles/new20250808_MC/wvf_merged_applyCut_20250819/wvfFind_event6142_trackID3_opNum4_merged.root

Threshold for summed wvf: 0.3
Histogram: total
    Peak at bin 123, Left Height: 3.06529, Right Height: 2.8736
    Peak at bin 190, Left Height: 0.693438, Right Height: 0.495193
    Peak at bin 773, Left Height: 0.367311, Right Height: 0.474461

Top total peaks (by true height): 123 190 773 

---- Saving Time info of muon and Michel candidates ----
[Saved] Muon time peak index: 123
        Intensity: 2.8736
[Saved] Michel time peak: 190
        Intensity: 0.495193


[517] Processing file: /Users/shuaixiangzhang/Work/current/FNAL_Work2024/michel_e/t0_tagging/pdhd_DATA_v2/t0_rootFiles/new20250808_MC/wvf_merged_applyCut_20250819/wvfFind_event6147_trackID7_opNum9_merged.root

Threshold for summed wvf: 0.3
Histogram: total
    Peak at bin 127, Left Height: 16.5253, Right Height: 13.9337
    Peak at bin 218, Left Height: 2.97446, Right Height: 3.93317

Top total peaks (by true height): 127 218 

---- Saving Time info of muon and Michel candidates ----
[Saved] Muon time peak index: 127
        Intensity: 13.9337
[Saved] Michel time peak: 218
        Intensity: 2.97446


[518] Processing file: /Users/shuaixiangzhang/Work/current/FNAL_Work2024/michel_e/t0_tagging/pdhd_DATA_v2/t0_rootFiles/new20250808_MC/wvf_merged_applyCut_20250819/wvfFind_event6148_trackID7_opNum9_merged.root

Threshold for summed wvf: 0.3
Histogram: total
    Peak at bin 126, Left Height: 8.38842, Right Height: 6.68869
    Peak at bin 155, Left Height: 0.632455, Right Height: 1.59811
    Peak at bin 195, Left Height: 0.531223, Right Height: 0.472262
    Peak at bin 249, Left Height: 0.484357, Right Height: 0.702397
    Peak at bin 300, Left Height: 0.418238, Right Height: 0.482654
    Peak at bin 539, Left Height: 0.971597, Right Height: 0.854601
    Peak at bin 583, Left Height: 0.648558, Right Height: 0.746083

Top total peaks (by true height): 126 539 583 

---- Saving Time info of muon and Michel candidates ----
[Saved] Muon time peak index: 126
        Intensity: 6.68869
[Saved] Michel time peak: 539
        Intensity: 0.854601


[519] Processing file: /Users/shuaixiangzhang/Work/current/FNAL_Work2024/michel_e/t0_tagging/pdhd_DATA_v2/t0_rootFiles/new20250808_MC/wvf_merged_applyCut_20250819/wvfFind_event6149_trackID9_opNum9_merged.root

Threshold for summed wvf: 0.3
Histogram: total
    Peak at bin 126, Left Height: 10.5211, Right Height: 8.9299
    Peak at bin 259, Left Height: 0.432991, Right Height: 1.05494
    Peak at bin 314, Left Height: 0.444532, Right Height: 0.712448
    Peak at bin 492, Left Height: 0.388292, Right Height: 0.42973

Top total peaks (by true height): 126 314 259 

---- Saving Time info of muon and Michel candidates ----
[Saved] Muon time peak index: 126
        Intensity: 8.9299
[Saved] Michel time peak: 314
        Intensity: 0.444532


[520] Processing file: /Users/shuaixiangzhang/Work/current/FNAL_Work2024/michel_e/t0_tagging/pdhd_DATA_v2/t0_rootFiles/new20250808_MC/wvf_merged_applyCut_20250819/wvfFind_event614_trackID0_opNum6_merged.root

Threshold for summed wvf: 0.3
Histogram: total
    Peak at bin 125, Left Height: 6.03052, Right Height: 4.74594
    Peak at bin 159, Left Height: 0.437105, Right Height: 1.18132
    Peak at bin 195, Left Height: 0.604227, Right Height: 0.722309
    Peak at bin 261, Left Height: 0.624713, Right Height: 0.580982
    Peak at bin 424, Left Height: 1.87999, Right Height: 1.77429
    Peak at bin 455, Left Height: 0.708112, Right Height: 0.50266

Top total peaks (by true height): 125 424 195 

---- Saving Time info of muon and Michel candidates ----
[Saved] Muon time peak index: 125
        Intensity: 4.74594
[Saved] Michel time peak: 424
        Intensity: 1.77429


[521] Processing file: /Users/shuaixiangzhang/Work/current/FNAL_Work2024/michel_e/t0_tagging/pdhd_DATA_v2/t0_rootFiles/new20250808_MC/wvf_merged_applyCut_20250819/wvfFind_event6150_trackID14_opNum8_merged.root

Threshold for summed wvf: 0.3
Histogram: total
    Peak at bin 124, Left Height: 4.03311, Right Height: 3.59201
    Peak at bin 156, Left Height: 0.785806, Right Height: 0.81304
    Peak at bin 184, Left Height: 0.377562, Right Height: 0.57717
    Peak at bin 291, Left Height: 1.17108, Right Height: 0.710435

Top total peaks (by true height): 124 156 291 

---- Saving Time info of muon and Michel candidates ----
[Saved] Muon time peak index: 124
        Intensity: 3.59201
[Saved] Michel time peak: 156
        Intensity: 0.785806


[522] Processing file: /Users/shuaixiangzhang/Work/current/FNAL_Work2024/michel_e/t0_tagging/pdhd_DATA_v2/t0_rootFiles/new20250808_MC/wvf_merged_applyCut_20250819/wvfFind_event6157_trackID13_opNum9_merged.root

Threshold for summed wvf: 0.3
Histogram: total
    Peak at bin 127, Left Height: 15.7309, Right Height: 11.2425
    Peak at bin 158, Left Height: 1.3186, Right Height: 1.73295
    Peak at bin 240, Left Height: 0.303783, Right Height: 0.430132
    Peak at bin 265, Left Height: 1.01369, Right Height: 1.43679

Top total peaks (by true height): 127 158 265 

---- Saving Time info of muon and Michel candidates ----
[Saved] Muon time peak index: 127
        Intensity: 11.2425
[Saved] Michel time peak: 158
        Intensity: 1.3186


[523] Processing file: /Users/shuaixiangzhang/Work/current/FNAL_Work2024/michel_e/t0_tagging/pdhd_DATA_v2/t0_rootFiles/new20250808_MC/wvf_merged_applyCut_20250819/wvfFind_event6164_trackID1_opNum9_merged.root

Threshold for summed wvf: 0.3
Histogram: total
    Peak at bin 128, Left Height: 52.4507, Right Height: 40.9979
    Peak at bin 183, Left Height: 4.16669, Right Height: 7.25189
    Peak at bin 217, Left Height: 1.05899, Right Height: 2.39741
    Peak at bin 239, Left Height: 0.460245, Right Height: 2.21512
    Peak at bin 282, Left Height: 0.535299, Right Height: 2.60281
    Peak at bin 334, Left Height: 0.76989, Right Height: 1.09014
    Peak at bin 358, Left Height: 0.399076, Right Height: 0.87789
    Peak at bin 415, Left Height: 0.508651, Right Height: 1.21188
    Peak at bin 443, Left Height: 0.854884, Right Height: 1.15214

Top total peaks (by true height): 128 183 217 

---- Saving Time info of muon and Michel candidates ----
[Saved] Muon time peak index: 128
        Intensity: 40.9979
[Saved] Michel time peak: 183
        Intensity: 4.16669


[524] Processing file: /Users/shuaixiangzhang/Work/current/FNAL_Work2024/michel_e/t0_tagging/pdhd_DATA_v2/t0_rootFiles/new20250808_MC/wvf_merged_applyCut_20250819/wvfFind_event6175_trackID15_opNum9_merged.root

Threshold for summed wvf: 0.3
Histogram: total
    Peak at bin 126, Left Height: 12.0577, Right Height: 10.5359
    Peak at bin 167, Left Height: 0.659405, Right Height: 0.8443
    Peak at bin 190, Left Height: 0.354686, Right Height: 0.512798
    Peak at bin 264, Left Height: 0.653556, Right Height: 0.609929
    Peak at bin 299, Left Height: 0.610668, Right Height: 0.716971
    Peak at bin 334, Left Height: 0.508743, Right Height: 0.866385
    Peak at bin 421, Left Height: 0.308583, Right Height: 0.470526
    Peak at bin 469, Left Height: 1.6767, Right Height: 1.36465
    Peak at bin 525, Left Height: 0.529774, Right Height: 0.639791
    Peak at bin 557, Left Height: 0.570851, Right Height: 0.70247
    Peak at bin 600, Left Height: 0.541302, Right Height: 0.425279
    Peak at bin 626, Left Height: 0.646943, Right Height: 0.853564

Top total peaks (by true height): 126 469 167 

---- Saving Time info of muon and Michel candidates ----
[Saved] Muon time peak index: 126
        Intensity: 10.5359
[Saved] Michel time peak: 469
        Intensity: 1.36465


[525] Processing file: /Users/shuaixiangzhang/Work/current/FNAL_Work2024/michel_e/t0_tagging/pdhd_DATA_v2/t0_rootFiles/new20250808_MC/wvf_merged_applyCut_20250819/wvfFind_event617_trackID8_opNum4_2.root

Threshold for summed wvf: 0.3
Histogram: total
    Peak at bin 127, Left Height: 6.02641, Right Height: 4.18028
    Peak at bin 152, Left Height: 0.331923, Right Height: 0.535688
    Peak at bin 199, Left Height: 0.417046, Right Height: 0.716468

Top total peaks (by true height): 127 199 152 

---- Saving Time info of muon and Michel candidates ----
[Saved] Muon time peak index: 127
        Intensity: 4.18028
[Saved] Michel time peak: 199
        Intensity: 0.417046


[526] Processing file: /Users/shuaixiangzhang/Work/current/FNAL_Work2024/michel_e/t0_tagging/pdhd_DATA_v2/t0_rootFiles/new20250808_MC/wvf_merged_applyCut_20250819/wvfFind_event617_trackID8_opNum5_merged.root

Threshold for summed wvf: 0.3
Histogram: total
    Peak at bin 126, Left Height: 5.00235, Right Height: 3.40271
    Peak at bin 159, Left Height: 0.725846, Right Height: 0.474345
    Peak at bin 235, Left Height: 0.594188, Right Height: 0.545329
    Peak at bin 262, Left Height: 0.351371, Right Height: 0.93611
    Peak at bin 418, Left Height: 0.401221, Right Height: 0.438504

Top total peaks (by true height): 126 235 159 

---- Saving Time info of muon and Michel candidates ----
[Saved] Muon time peak index: 126
        Intensity: 3.40271
[Saved] Michel time peak: 235
        Intensity: 0.545329


[527] Processing file: /Users/shuaixiangzhang/Work/current/FNAL_Work2024/michel_e/t0_tagging/pdhd_DATA_v2/t0_rootFiles/new20250808_MC/wvf_merged_applyCut_20250819/wvfFind_event6182_trackID2_opNum4_merged.root

Threshold for summed wvf: 0.3
Histogram: total
    Peak at bin 120, Left Height: 1.71789, Right Height: 1.47303
    Peak at bin 149, Left Height: 0.515346, Right Height: 0.755786
    Peak at bin 274, Left Height: 0.55914, Right Height: 0.379132

Top total peaks (by true height): 120 149 274 

---- Saving Time info of muon and Michel candidates ----
[Saved] Muon time peak index: 120
        Intensity: 1.47303
[Saved] Michel time peak: 149
        Intensity: 0.515346


[528] Processing file: /Users/shuaixiangzhang/Work/current/FNAL_Work2024/michel_e/t0_tagging/pdhd_DATA_v2/t0_rootFiles/new20250808_MC/wvf_merged_applyCut_20250819/wvfFind_event6201_trackID4_opNum5_merged.root

Threshold for summed wvf: 0.3
Histogram: total
    Peak at bin 126, Left Height: 9.75144, Right Height: 8.50963
    Peak at bin 185, Left Height: 0.63019, Right Height: 0.794948
    Peak at bin 323, Left Height: 0.594602, Right Height: 0.58774
    Peak at bin 450, Left Height: 0.323405, Right Height: 0.442725
    Peak at bin 485, Left Height: 1.13609, Right Height: 0.792643
    Peak at bin 674, Left Height: 0.56834, Right Height: 0.652354

Top total peaks (by true height): 126 485 185 

---- Saving Time info of muon and Michel candidates ----
[Saved] Muon time peak index: 126
        Intensity: 8.50963
[Saved] Michel time peak: 485
        Intensity: 0.792643


[529] Processing file: /Users/shuaixiangzhang/Work/current/FNAL_Work2024/michel_e/t0_tagging/pdhd_DATA_v2/t0_rootFiles/new20250808_MC/wvf_merged_applyCut_20250819/wvfFind_event6212_trackID8_opNum9_merged.root

Threshold for summed wvf: 0.3
Histogram: total
    Peak at bin 126, Left Height: 11.0654, Right Height: 9.83738
    Peak at bin 168, Left Height: 1.15666, Right Height: 1.979
    Peak at bin 210, Left Height: 1.14841, Right Height: 0.693194
    Peak at bin 241, Left Height: 1.50327, Right Height: 2.34166
    Peak at bin 278, Left Height: 0.780573, Right Height: 0.447445
    Peak at bin 303, Left Height: 0.332507, Right Height: 0.874842
    Peak at bin 339, Left Height: 0.626571, Right Height: 0.312381
    Peak at bin 493, Left Height: 0.479844, Right Height: 0.674098
    Peak at bin 560, Left Height: 0.392005, Right Height: 0.506836

Top total peaks (by true height): 126 241 168 

---- Saving Time info of muon and Michel candidates ----
[Saved] Muon time peak index: 126
        Intensity: 9.83738
[Saved] Michel time peak: 241
        Intensity: 1.50327


[530] Processing file: /Users/shuaixiangzhang/Work/current/FNAL_Work2024/michel_e/t0_tagging/pdhd_DATA_v2/t0_rootFiles/new20250808_MC/wvf_merged_applyCut_20250819/wvfFind_event6213_trackID16_opNum9_merged.root

Threshold for summed wvf: 0.3
Histogram: total
    Peak at bin 125, Left Height: 12.381, Right Height: 12.1964
    Peak at bin 159, Left Height: 3.80127, Right Height: 3.43889
    Peak at bin 233, Left Height: 1.82437, Right Height: 1.52217
    Peak at bin 281, Left Height: 0.985232, Right Height: 1.17962
    Peak at bin 330, Left Height: 0.774433, Right Height: 0.892673
    Peak at bin 378, Left Height: 0.525985, Right Height: 0.487373
    Peak at bin 420, Left Height: 0.571082, Right Height: 0.617716
    Peak at bin 454, Left Height: 0.679619, Right Height: 0.617443
    Peak at bin 512, Left Height: 0.308241, Right Height: 0.370341

Top total peaks (by true height): 125 159 233 

---- Saving Time info of muon and Michel candidates ----
[Saved] Muon time peak index: 125
        Intensity: 12.1964
[Saved] Michel time peak: 159
        Intensity: 3.43889


[531] Processing file: /Users/shuaixiangzhang/Work/current/FNAL_Work2024/michel_e/t0_tagging/pdhd_DATA_v2/t0_rootFiles/new20250808_MC/wvf_merged_applyCut_20250819/wvfFind_event6218_trackID10_opNum5_merged.root

Threshold for summed wvf: 0.3
Histogram: total
    Peak at bin 124, Left Height: 2.31849, Right Height: 1.80405
    Peak at bin 178, Left Height: 0.549892, Right Height: 0.715925
    Peak at bin 273, Left Height: 0.328941, Right Height: 0.454092

Top total peaks (by true height): 124 178 273 

---- Saving Time info of muon and Michel candidates ----
[Saved] Muon time peak index: 124
        Intensity: 1.80405
[Saved] Michel time peak: 178
        Intensity: 0.549892


[532] Processing file: /Users/shuaixiangzhang/Work/current/FNAL_Work2024/michel_e/t0_tagging/pdhd_DATA_v2/t0_rootFiles/new20250808_MC/wvf_merged_applyCut_20250819/wvfFind_event6225_trackID2_opNum9_merged.root

Threshold for summed wvf: 0.3
Histogram: total
    Peak at bin 129, Left Height: 75.557, Right Height: 60.4103
    Peak at bin 208, Left Height: 0.578502, Right Height: 2.60178
    Peak at bin 229, Left Height: 0.351528, Right Height: 5.00215
    Peak at bin 266, Left Height: 0.856822, Right Height: 4.03761
    Peak at bin 301, Left Height: 0.645076, Right Height: 2.02209
    Peak at bin 379, Left Height: 0.580767, Right Height: 1.24229
    Peak at bin 405, Left Height: 0.367589, Right Height: 0.946283
    Peak at bin 436, Left Height: 0.500667, Right Height: 1.10857
    Peak at bin 500, Left Height: 0.636496, Right Height: 0.798171

Top total peaks (by true height): 129 266 301 

---- Saving Time info of muon and Michel candidates ----
[Saved] Muon time peak index: 129
        Intensity: 60.4103
[Saved] Michel time peak: 266
        Intensity: 0.856822


[533] Processing file: /Users/shuaixiangzhang/Work/current/FNAL_Work2024/michel_e/t0_tagging/pdhd_DATA_v2/t0_rootFiles/new20250808_MC/wvf_merged_applyCut_20250819/wvfFind_event6228_trackID11_opNum8_merged.root

Threshold for summed wvf: 0.3
Histogram: total
    Peak at bin 126, Left Height: 7.57668, Right Height: 6.55866
    Peak at bin 315, Left Height: 0.410041, Right Height: 0.451344
    Peak at bin 389, Left Height: 0.348771, Right Height: 0.532181
    Peak at bin 437, Left Height: 0.487267, Right Height: 0.496207
    Peak at bin 528, Left Height: 0.448664, Right Height: 0.453118
    Peak at bin 828, Left Height: 1.8481, Right Height: 1.58364
    Peak at bin 859, Left Height: 0.316085, Right Height: 0.610286
    Peak at bin 957, Left Height: 0.323145, Right Height: 0.408274

Top total peaks (by true height): 126 828 437 

---- Saving Time info of muon and Michel candidates ----
[Saved] Muon time peak index: 126
        Intensity: 6.55866
[Saved] Michel time peak: 828
        Intensity: 1.58364


[534] Processing file: /Users/shuaixiangzhang/Work/current/FNAL_Work2024/michel_e/t0_tagging/pdhd_DATA_v2/t0_rootFiles/new20250808_MC/wvf_merged_applyCut_20250819/wvfFind_event6238_trackID28_opNum5_merged.root

Threshold for summed wvf: 0.3
Histogram: total
    Peak at bin 122, Left Height: 2.42977, Right Height: 2.12312
    Peak at bin 166, Left Height: 0.515473, Right Height: 0.74019
    Peak at bin 358, Left Height: 0.342343, Right Height: 0.446418

Top total peaks (by true height): 122 166 358 

---- Saving Time info of muon and Michel candidates ----
[Saved] Muon time peak index: 122
        Intensity: 2.12312
[Saved] Michel time peak: 166
        Intensity: 0.515473


[535] Processing file: /Users/shuaixiangzhang/Work/current/FNAL_Work2024/michel_e/t0_tagging/pdhd_DATA_v2/t0_rootFiles/new20250808_MC/wvf_merged_applyCut_20250819/wvfFind_event624_trackID19_opNum8_merged.root

Threshold for summed wvf: 0.3
Histogram: total
    Peak at bin 126, Left Height: 7.84454, Right Height: 6.57551
    Peak at bin 152, Left Height: 0.381001, Right Height: 0.980512
    Peak at bin 184, Left Height: 0.740715, Right Height: 0.426008
    Peak at bin 225, Left Height: 1.26806, Right Height: 1.92865

Top total peaks (by true height): 126 225 184 

---- Saving Time info of muon and Michel candidates ----
[Saved] Muon time peak index: 126
        Intensity: 6.57551
[Saved] Michel time peak: 225
        Intensity: 1.26806


[536] Processing file: /Users/shuaixiangzhang/Work/current/FNAL_Work2024/michel_e/t0_tagging/pdhd_DATA_v2/t0_rootFiles/new20250808_MC/wvf_merged_applyCut_20250819/wvfFind_event6258_trackID31_opNum4_merged.root

Threshold for summed wvf: 0.3
Histogram: total
    Peak at bin 124, Left Height: 1.96023, Right Height: 1.13277
    Peak at bin 256, Left Height: 0.371642, Right Height: 0.478045

Top total peaks (by true height): 124 256 

---- Saving Time info of muon and Michel candidates ----
[Saved] Muon time peak index: 124
        Intensity: 1.13277
[Saved] Michel time peak: 256
        Intensity: 0.371642


[537] Processing file: /Users/shuaixiangzhang/Work/current/FNAL_Work2024/michel_e/t0_tagging/pdhd_DATA_v2/t0_rootFiles/new20250808_MC/wvf_merged_applyCut_20250819/wvfFind_event6258_trackID9_opNum9_merged.root

Threshold for summed wvf: 0.3
Histogram: total
    Peak at bin 128, Left Height: 49.9301, Right Height: 35.8225
    Peak at bin 176, Left Height: 4.17332, Right Height: 7.66807
    Peak at bin 200, Left Height: 0.472502, Right Height: 1.18827
    Peak at bin 246, Left Height: 0.68601, Right Height: 0.446475
    Peak at bin 318, Left Height: 0.672666, Right Height: 0.922747
    Peak at bin 468, Left Height: 0.322242, Right Height: 0.621155
    Peak at bin 529, Left Height: 0.499035, Right Height: 0.547262

Top total peaks (by true height): 128 176 318 

---- Saving Time info of muon and Michel candidates ----
[Saved] Muon time peak index: 128
        Intensity: 35.8225
[Saved] Michel time peak: 176
        Intensity: 4.17332


[538] Processing file: /Users/shuaixiangzhang/Work/current/FNAL_Work2024/michel_e/t0_tagging/pdhd_DATA_v2/t0_rootFiles/new20250808_MC/wvf_merged_applyCut_20250819/wvfFind_event6270_trackID1_opNum9_merged.root

Threshold for summed wvf: 0.3
Histogram: total
    Peak at bin 129, Left Height: 70.8183, Right Height: 53.7014
    Peak at bin 179, Left Height: 0.843451, Right Height: 8.97017
    Peak at bin 236, Left Height: 0.331649, Right Height: 2.53784
    Peak at bin 271, Left Height: 1.035, Right Height: 2.87694
    Peak at bin 422, Left Height: 0.82668, Right Height: 0.704098
    Peak at bin 463, Left Height: 0.481664, Right Height: 0.725689
    Peak at bin 511, Left Height: 0.371891, Right Height: 0.779471
    Peak at bin 562, Left Height: 0.398549, Right Height: 0.327452

Top total peaks (by true height): 129 271 179 

---- Saving Time info of muon and Michel candidates ----
[Saved] Muon time peak index: 129
        Intensity: 53.7014
[Saved] Michel time peak: 271
        Intensity: 1.035


[539] Processing file: /Users/shuaixiangzhang/Work/current/FNAL_Work2024/michel_e/t0_tagging/pdhd_DATA_v2/t0_rootFiles/new20250808_MC/wvf_merged_applyCut_20250819/wvfFind_event6300_trackID2_opNum9_merged.root

Threshold for summed wvf: 0.3
Histogram: total
    Peak at bin 127, Left Height: 15.6594, Right Height: 10.5011
    Peak at bin 176, Left Height: 0.64271, Right Height: 3.11336
    Peak at bin 614, Left Height: 0.343932, Right Height: 0.327468

Top total peaks (by true height): 127 176 614 

---- Saving Time info of muon and Michel candidates ----
[Saved] Muon time peak index: 127
        Intensity: 10.5011
[Saved] Michel time peak: 176
        Intensity: 0.64271


[540] Processing file: /Users/shuaixiangzhang/Work/current/FNAL_Work2024/michel_e/t0_tagging/pdhd_DATA_v2/t0_rootFiles/new20250808_MC/wvf_merged_applyCut_20250819/wvfFind_event6302_trackID7_opNum8_merged.root

Threshold for summed wvf: 0.3
Histogram: total
    Peak at bin 124, Left Height: 7.59386, Right Height: 6.42759
    Peak at bin 162, Left Height: 0.895437, Right Height: 1.45112
    Peak at bin 208, Left Height: 0.626792, Right Height: 1.44816
    Peak at bin 273, Left Height: 0.682106, Right Height: 0.645975
    Peak at bin 391, Left Height: 0.545561, Right Height: 0.497361
    Peak at bin 569, Left Height: 0.508472, Right Height: 0.390443

Top total peaks (by true height): 124 162 273 

---- Saving Time info of muon and Michel candidates ----
[Saved] Muon time peak index: 124
        Intensity: 6.42759
[Saved] Michel time peak: 162
        Intensity: 0.895437


[541] Processing file: /Users/shuaixiangzhang/Work/current/FNAL_Work2024/michel_e/t0_tagging/pdhd_DATA_v2/t0_rootFiles/new20250808_MC/wvf_merged_applyCut_20250819/wvfFind_event6312_trackID0_opNum9_merged.root

Threshold for summed wvf: 0.3
Histogram: total
    Peak at bin 128, Left Height: 58.0842, Right Height: 46.308
    Peak at bin 158, Left Height: 0.934214, Right Height: 3.885
    Peak at bin 241, Left Height: 0.779553, Right Height: 2.77629
    Peak at bin 341, Left Height: 0.45274, Right Height: 0.910043
    Peak at bin 417, Left Height: 0.863375, Right Height: 0.967645
    Peak at bin 446, Left Height: 0.555935, Right Height: 0.677424
    Peak at bin 468, Left Height: 0.482556, Right Height: 0.313737
    Peak at bin 514, Left Height: 0.490341, Right Height: 0.513139
    Peak at bin 564, Left Height: 0.564495, Right Height: 0.459867

Top total peaks (by true height): 128 158 417 

---- Saving Time info of muon and Michel candidates ----
[Saved] Muon time peak index: 128
        Intensity: 46.308
[Saved] Michel time peak: 158
        Intensity: 0.934214


[542] Processing file: /Users/shuaixiangzhang/Work/current/FNAL_Work2024/michel_e/t0_tagging/pdhd_DATA_v2/t0_rootFiles/new20250808_MC/wvf_merged_applyCut_20250819/wvfFind_event6312_trackID13_opNum6_merged.root

Threshold for summed wvf: 0.3
Histogram: total
    Peak at bin 126, Left Height: 6.25347, Right Height: 5.11131
    Peak at bin 234, Left Height: 0.758425, Right Height: 0.35383
    Peak at bin 267, Left Height: 1.17753, Right Height: 1.5444
    Peak at bin 515, Left Height: 0.300757, Right Height: 0.323245

Top total peaks (by true height): 126 267 234 

---- Saving Time info of muon and Michel candidates ----
[Saved] Muon time peak index: 126
        Intensity: 5.11131
[Saved] Michel time peak: 267
        Intensity: 1.17753


[543] Processing file: /Users/shuaixiangzhang/Work/current/FNAL_Work2024/michel_e/t0_tagging/pdhd_DATA_v2/t0_rootFiles/new20250808_MC/wvf_merged_applyCut_20250819/wvfFind_event6335_trackID1_opNum9_merged.root

Threshold for summed wvf: 0.3
Histogram: total
    Peak at bin 128, Left Height: 138.535, Right Height: 129.494
    Peak at bin 167, Left Height: 27.7063, Right Height: 27.3367
    Peak at bin 227, Left Height: 1.40093, Right Height: 3.77095
    Peak at bin 261, Left Height: 1.54788, Right Height: 4.02711
    Peak at bin 284, Left Height: 0.789728, Right Height: 3.58774
    Peak at bin 316, Left Height: 2.01055, Right Height: 0.948596
    Peak at bin 336, Left Height: 1.16966, Right Height: 3.82842
    Peak at bin 372, Left Height: 2.2852, Right Height: 0.584768
    Peak at bin 418, Left Height: 2.61884, Right Height: 1.59747
    Peak at bin 469, Left Height: 1.25738, Right Height: 0.683501
    Peak at bin 583, Left Height: 0.853618, Right Height: 0.827082
    Peak at bin 709, Left Height: 0.791592, Right Height: 0.812909
    Peak at bin 738, Left Height: 0.660516, Right Height: 0.61507
    Peak at bin 774, Left Height: 0.499434, Right Height: 0.34173
    Peak at bin 1020, Left Height: 1.70611, Right Height: 0.371273

Top total peaks (by true height): 128 167 418 

---- Saving Time info of muon and Michel candidates ----
[Saved] Muon time peak index: 128
        Intensity: 129.494
[Saved] Michel time peak: 167
        Intensity: 27.3367


[544] Processing file: /Users/shuaixiangzhang/Work/current/FNAL_Work2024/michel_e/t0_tagging/pdhd_DATA_v2/t0_rootFiles/new20250808_MC/wvf_merged_applyCut_20250819/wvfFind_event6341_trackID14_opNum8_merged.root

Threshold for summed wvf: 0.3
Histogram: total
    Peak at bin 124, Left Height: 5.45997, Right Height: 3.79122
    Peak at bin 224, Left Height: 92.6835, Right Height: 71.2703
    Peak at bin 249, Left Height: 1.70051, Right Height: 1.35221
    Peak at bin 312, Left Height: 1.12263, Right Height: 5.76567
    Peak at bin 348, Left Height: 0.46909, Right Height: 2.16187
    Peak at bin 376, Left Height: 1.27558, Right Height: 3.31575
    Peak at bin 422, Left Height: 0.976551, Right Height: 1.63232
    Peak at bin 450, Left Height: 0.92246, Right Height: 1.80948
    Peak at bin 503, Left Height: 0.60074, Right Height: 0.578021
    Peak at bin 616, Left Height: 0.345698, Right Height: 0.362806
    Peak at bin 721, Left Height: 0.311252, Right Height: 0.452579

Top total peaks (by true height): 224 124 249 

---- Saving Time info of muon and Michel candidates ----
[Saved] Muon time peak index: 224
        Intensity: 71.2703
[Saved] Michel time peak: 124
        Intensity: 3.79122


[545] Processing file: /Users/shuaixiangzhang/Work/current/FNAL_Work2024/michel_e/t0_tagging/pdhd_DATA_v2/t0_rootFiles/new20250808_MC/wvf_merged_applyCut_20250819/wvfFind_event6346_trackID1_opNum5_merged.root

Threshold for summed wvf: 0.3
Histogram: total
    Peak at bin 127, Left Height: 8.98004, Right Height: 7.23081
    Peak at bin 156, Left Height: 0.467968, Right Height: 1.55228
    Peak at bin 198, Left Height: 0.959262, Right Height: 1.21026
    Peak at bin 241, Left Height: 0.519488, Right Height: 0.529493
    Peak at bin 277, Left Height: 0.420997, Right Height: 0.993228
    Peak at bin 405, Left Height: 1.71574, Right Height: 1.63915
    Peak at bin 486, Left Height: 0.456471, Right Height: 0.773202

Top total peaks (by true height): 127 405 198 

---- Saving Time info of muon and Michel candidates ----
[Saved] Muon time peak index: 127
        Intensity: 7.23081
[Saved] Michel time peak: 405
        Intensity: 1.63915


[546] Processing file: /Users/shuaixiangzhang/Work/current/FNAL_Work2024/michel_e/t0_tagging/pdhd_DATA_v2/t0_rootFiles/new20250808_MC/wvf_merged_applyCut_20250819/wvfFind_event6366_trackID1_opNum5_merged.root

Threshold for summed wvf: 0.3
Histogram: total
    Peak at bin 128, Left Height: 47.7751, Right Height: 41.2861
    Peak at bin 154, Left Height: 1.07831, Right Height: 1.83363
    Peak at bin 202, Left Height: 0.336647, Right Height: 3.94866
    Peak at bin 229, Left Height: 1.75784, Right Height: 1.46197
    Peak at bin 251, Left Height: 1.14667, Right Height: 2.9511
    Peak at bin 298, Left Height: 0.400742, Right Height: 0.407603
    Peak at bin 346, Left Height: 0.561126, Right Height: 1.18911
    Peak at bin 418, Left Height: 0.647222, Right Height: 0.540211
    Peak at bin 446, Left Height: 0.316343, Right Height: 0.746434
    Peak at bin 497, Left Height: 1.19449, Right Height: 1.24207
    Peak at bin 530, Left Height: 0.778003, Right Height: 0.474181
    Peak at bin 591, Left Height: 0.473834, Right Height: 0.506032

Top total peaks (by true height): 128 229 497 

---- Saving Time info of muon and Michel candidates ----
[Saved] Muon time peak index: 128
        Intensity: 41.2861
[Saved] Michel time peak: 229
        Intensity: 1.46197


[547] Processing file: /Users/shuaixiangzhang/Work/current/FNAL_Work2024/michel_e/t0_tagging/pdhd_DATA_v2/t0_rootFiles/new20250808_MC/wvf_merged_applyCut_20250819/wvfFind_event6368_trackID10_opNum9_merged.root

Threshold for summed wvf: 0.3
Histogram: total
    Peak at bin 127, Left Height: 36.2759, Right Height: 30.3214
    Peak at bin 240, Left Height: 0.560134, Right Height: 2.6438
    Peak at bin 267, Left Height: 0.973972, Right Height: 1.74456
    Peak at bin 295, Left Height: 2.24367, Right Height: 2.26955
    Peak at bin 335, Left Height: 0.464429, Right Height: 0.553179
    Peak at bin 372, Left Height: 5.43758, Right Height: 5.05868
    Peak at bin 443, Left Height: 0.378676, Right Height: 0.638619
    Peak at bin 479, Left Height: 0.438202, Right Height: 0.574789
    Peak at bin 624, Left Height: 0.380465, Right Height: 0.465547
    Peak at bin 774, Left Height: 0.379569, Right Height: 0.380883
    Peak at bin 959, Left Height: 0.361452, Right Height: 0.386912

Top total peaks (by true height): 127 372 295 

---- Saving Time info of muon and Michel candidates ----
[Saved] Muon time peak index: 127
        Intensity: 30.3214
[Saved] Michel time peak: 372
        Intensity: 5.05868


[548] Processing file: /Users/shuaixiangzhang/Work/current/FNAL_Work2024/michel_e/t0_tagging/pdhd_DATA_v2/t0_rootFiles/new20250808_MC/wvf_merged_applyCut_20250819/wvfFind_event6373_trackID11_opNum9_merged.root

Threshold for summed wvf: 0.3
Histogram: total
    Peak at bin 126, Left Height: 10.0027, Right Height: 8.87631
    Peak at bin 177, Left Height: 0.946433, Right Height: 0.750615
    Peak at bin 198, Left Height: 0.354589, Right Height: 0.879875
    Peak at bin 239, Left Height: 0.766221, Right Height: 0.511016
    Peak at bin 312, Left Height: 0.794312, Right Height: 0.628296

Top total peaks (by true height): 126 177 312 

---- Saving Time info of muon and Michel candidates ----
[Saved] Muon time peak index: 126
        Intensity: 8.87631
[Saved] Michel time peak: 177
        Intensity: 0.750615


[549] Processing file: /Users/shuaixiangzhang/Work/current/FNAL_Work2024/michel_e/t0_tagging/pdhd_DATA_v2/t0_rootFiles/new20250808_MC/wvf_merged_applyCut_20250819/wvfFind_event638_trackID7_opNum5_merged.root

Threshold for summed wvf: 0.3
Histogram: total
    Peak at bin 126, Left Height: 2.69536, Right Height: 1.64013
    Peak at bin 204, Left Height: 0.524331, Right Height: 0.847399

Top total peaks (by true height): 126 204 

---- Saving Time info of muon and Michel candidates ----
[Saved] Muon time peak index: 126
        Intensity: 1.64013
[Saved] Michel time peak: 204
        Intensity: 0.524331


[550] Processing file: /Users/shuaixiangzhang/Work/current/FNAL_Work2024/michel_e/t0_tagging/pdhd_DATA_v2/t0_rootFiles/new20250808_MC/wvf_merged_applyCut_20250819/wvfFind_event6396_trackID1_opNum9_merged.root

Threshold for summed wvf: 0.3
Histogram: total
    Peak at bin 127, Left Height: 9.95306, Right Height: 6.48114
    Peak at bin 157, Left Height: 0.595764, Right Height: 2.18257
    Peak at bin 192, Left Height: 1.29437, Right Height: 1.96714
    Peak at bin 239, Left Height: 0.878828, Right Height: 0.332208
    Peak at bin 299, Left Height: 0.38011, Right Height: 1.14581
    Peak at bin 353, Left Height: 0.380343, Right Height: 0.448413
    Peak at bin 438, Left Height: 0.370736, Right Height: 0.452802

Top total peaks (by true height): 127 192 157 

---- Saving Time info of muon and Michel candidates ----
[Saved] Muon time peak index: 127
        Intensity: 6.48114
[Saved] Michel time peak: 192
        Intensity: 1.29437


[551] Processing file: /Users/shuaixiangzhang/Work/current/FNAL_Work2024/michel_e/t0_tagging/pdhd_DATA_v2/t0_rootFiles/new20250808_MC/wvf_merged_applyCut_20250819/wvfFind_event6417_trackID11_opNum9_merged.root

Threshold for summed wvf: 0.3
Histogram: total
    Peak at bin 127, Left Height: 20.7788, Right Height: 16.6094
    Peak at bin 191, Left Height: 2.00516, Right Height: 3.58915
    Peak at bin 269, Left Height: 0.619786, Right Height: 0.904037
    Peak at bin 302, Left Height: 0.62574, Right Height: 1.42849
    Peak at bin 346, Left Height: 0.470188, Right Height: 0.445767
    Peak at bin 388, Left Height: 0.318152, Right Height: 0.339848
    Peak at bin 422, Left Height: 0.333159, Right Height: 0.45217

Top total peaks (by true height): 127 191 302 

---- Saving Time info of muon and Michel candidates ----
[Saved] Muon time peak index: 127
        Intensity: 16.6094
[Saved] Michel time peak: 191
        Intensity: 2.00516


[552] Processing file: /Users/shuaixiangzhang/Work/current/FNAL_Work2024/michel_e/t0_tagging/pdhd_DATA_v2/t0_rootFiles/new20250808_MC/wvf_merged_applyCut_20250819/wvfFind_event644_trackID27_opNum4_merged.root

Threshold for summed wvf: 0.3
Histogram: total
    Peak at bin 124, Left Height: 2.19526, Right Height: 2.00356
    Peak at bin 150, Left Height: 0.530351, Right Height: 0.367542

Top total peaks (by true height): 124 150 

---- Saving Time info of muon and Michel candidates ----
[Saved] Muon time peak index: 124
        Intensity: 2.00356
[Saved] Michel time peak: 150
        Intensity: 0.367542


[553] Processing file: /Users/shuaixiangzhang/Work/current/FNAL_Work2024/michel_e/t0_tagging/pdhd_DATA_v2/t0_rootFiles/new20250808_MC/wvf_merged_applyCut_20250819/wvfFind_event6453_trackID7_opNum9_merged.root

Threshold for summed wvf: 0.3
Histogram: total
    Peak at bin 128, Left Height: 44.8288, Right Height: 35.5062
    Peak at bin 156, Left Height: 0.440327, Right Height: 4.59272
    Peak at bin 214, Left Height: 10.0166, Right Height: 11.4985
    Peak at bin 335, Left Height: 0.830237, Right Height: 0.772049
    Peak at bin 372, Left Height: 0.668941, Right Height: 1.1701
    Peak at bin 449, Left Height: 0.673232, Right Height: 0.407138
    Peak at bin 469, Left Height: 0.328217, Right Height: 1.07991
    Peak at bin 549, Left Height: 0.374935, Right Height: 0.451367
    Peak at bin 634, Left Height: 0.413845, Right Height: 0.426937

Top total peaks (by true height): 128 214 335 

---- Saving Time info of muon and Michel candidates ----
[Saved] Muon time peak index: 128
        Intensity: 35.5062
[Saved] Michel time peak: 214
        Intensity: 10.0166


[554] Processing file: /Users/shuaixiangzhang/Work/current/FNAL_Work2024/michel_e/t0_tagging/pdhd_DATA_v2/t0_rootFiles/new20250808_MC/wvf_merged_applyCut_20250819/wvfFind_event6457_trackID6_opNum9_merged.root

Threshold for summed wvf: 0.3
Histogram: total
    Peak at bin 125, Left Height: 10.4895, Right Height: 9.17209
    Peak at bin 151, Left Height: 0.455078, Right Height: 0.793411
    Peak at bin 198, Left Height: 2.83743, Right Height: 3.91115
    Peak at bin 261, Left Height: 0.734455, Right Height: 1.06465
    Peak at bin 330, Left Height: 0.610597, Right Height: 0.93459
    Peak at bin 363, Left Height: 1.04113, Right Height: 0.726164

Top total peaks (by true height): 125 198 261 

---- Saving Time info of muon and Michel candidates ----
[Saved] Muon time peak index: 125
        Intensity: 9.17209
[Saved] Michel time peak: 198
        Intensity: 2.83743


[555] Processing file: /Users/shuaixiangzhang/Work/current/FNAL_Work2024/michel_e/t0_tagging/pdhd_DATA_v2/t0_rootFiles/new20250808_MC/wvf_merged_applyCut_20250819/wvfFind_event6459_trackID27_opNum5_merged.root

Threshold for summed wvf: 0.3
Histogram: total
    Peak at bin 123, Left Height: 2.22091, Right Height: 2.07103
    Peak at bin 161, Left Height: 1.12836, Right Height: 0.912853

Top total peaks (by true height): 123 161 

---- Saving Time info of muon and Michel candidates ----
[Saved] Muon time peak index: 123
        Intensity: 2.07103
[Saved] Michel time peak: 161
        Intensity: 0.912853


[556] Processing file: /Users/shuaixiangzhang/Work/current/FNAL_Work2024/michel_e/t0_tagging/pdhd_DATA_v2/t0_rootFiles/new20250808_MC/wvf_merged_applyCut_20250819/wvfFind_event6468_trackID12_opNum7_merged.root

Threshold for summed wvf: 0.3
Histogram: total
    Peak at bin 125, Left Height: 5.92092, Right Height: 5.03071
    Peak at bin 156, Left Height: 1.2713, Right Height: 1.11394
    Peak at bin 190, Left Height: 0.57952, Right Height: 1.12072
    Peak at bin 255, Left Height: 0.479847, Right Height: 0.573734

Top total peaks (by true height): 125 156 190 

---- Saving Time info of muon and Michel candidates ----
[Saved] Muon time peak index: 125
        Intensity: 5.03071
[Saved] Michel time peak: 156
        Intensity: 1.11394


[557] Processing file: /Users/shuaixiangzhang/Work/current/FNAL_Work2024/michel_e/t0_tagging/pdhd_DATA_v2/t0_rootFiles/new20250808_MC/wvf_merged_applyCut_20250819/wvfFind_event6471_trackID1_opNum5_merged.root

Threshold for summed wvf: 0.3
Histogram: total
    Peak at bin 126, Left Height: 8.52857, Right Height: 6.80553
    Peak at bin 183, Left Height: 0.662659, Right Height: 1.92067
    Peak at bin 243, Left Height: 0.586393, Right Height: 0.480291
    Peak at bin 267, Left Height: 0.387761, Right Height: 0.454069
    Peak at bin 380, Left Height: 1.67648, Right Height: 1.72119
    Peak at bin 424, Left Height: 0.605474, Right Height: 0.414879
    Peak at bin 507, Left Height: 0.432438, Right Height: 0.496528
    Peak at bin 566, Left Height: 0.324176, Right Height: 0.403177

Top total peaks (by true height): 126 380 183 

---- Saving Time info of muon and Michel candidates ----
[Saved] Muon time peak index: 126
        Intensity: 6.80553
[Saved] Michel time peak: 380
        Intensity: 1.67648


[558] Processing file: /Users/shuaixiangzhang/Work/current/FNAL_Work2024/michel_e/t0_tagging/pdhd_DATA_v2/t0_rootFiles/new20250808_MC/wvf_merged_applyCut_20250819/wvfFind_event6487_trackID1_opNum9_merged.root

Threshold for summed wvf: 0.3
Histogram: total
    Peak at bin 128, Left Height: 27.716, Right Height: 20.9108
    Peak at bin 164, Left Height: 0.340444, Right Height: 1.90845
    Peak at bin 232, Left Height: 0.408804, Right Height: 0.790068
    Peak at bin 305, Left Height: 0.34754, Right Height: 0.858233
    Peak at bin 478, Left Height: 4.03329, Right Height: 3.33642
    Peak at bin 530, Left Height: 0.704124, Right Height: 1.14097

Top total peaks (by true height): 128 478 530 

---- Saving Time info of muon and Michel candidates ----
[Saved] Muon time peak index: 128
        Intensity: 20.9108
[Saved] Michel time peak: 478
        Intensity: 3.33642


[559] Processing file: /Users/shuaixiangzhang/Work/current/FNAL_Work2024/michel_e/t0_tagging/pdhd_DATA_v2/t0_rootFiles/new20250808_MC/wvf_merged_applyCut_20250819/wvfFind_event6490_trackID10_opNum8_merged.root

Threshold for summed wvf: 0.3
Histogram: total
    Peak at bin 125, Left Height: 6.29729, Right Height: 5.19181
    Peak at bin 301, Left Height: 0.367887, Right Height: 0.570005

Top total peaks (by true height): 125 301 

---- Saving Time info of muon and Michel candidates ----
[Saved] Muon time peak index: 125
        Intensity: 5.19181
[Saved] Michel time peak: 301
        Intensity: 0.367887


[560] Processing file: /Users/shuaixiangzhang/Work/current/FNAL_Work2024/michel_e/t0_tagging/pdhd_DATA_v2/t0_rootFiles/new20250808_MC/wvf_merged_applyCut_20250819/wvfFind_event6492_trackID9_opNum9_merged.root

Threshold for summed wvf: 0.3
Histogram: total
    Peak at bin 128, Left Height: 33.7157, Right Height: 27.5716
    Peak at bin 257, Left Height: 0.8647, Right Height: 1.6985
    Peak at bin 288, Left Height: 0.415108, Right Height: 0.749134
    Peak at bin 310, Left Height: 0.497456, Right Height: 0.755209
    Peak at bin 340, Left Height: 0.362059, Right Height: 1.00892
    Peak at bin 382, Left Height: 0.442467, Right Height: 0.548326
    Peak at bin 532, Left Height: 0.457435, Right Height: 0.496367

Top total peaks (by true height): 128 257 310 

---- Saving Time info of muon and Michel candidates ----
[Saved] Muon time peak index: 128
        Intensity: 27.5716
[Saved] Michel time peak: 257
        Intensity: 0.8647


[561] Processing file: /Users/shuaixiangzhang/Work/current/FNAL_Work2024/michel_e/t0_tagging/pdhd_DATA_v2/t0_rootFiles/new20250808_MC/wvf_merged_applyCut_20250819/wvfFind_event6494_trackID23_opNum7_merged.root

Threshold for summed wvf: 0.3
Histogram: total
    Peak at bin 125, Left Height: 4.40032, Right Height: 3.40323
    Peak at bin 168, Left Height: 0.382034, Right Height: 0.62773
    Peak at bin 202, Left Height: 0.335599, Right Height: 0.670786

Top total peaks (by true height): 125 168 202 

---- Saving Time info of muon and Michel candidates ----
[Saved] Muon time peak index: 125
        Intensity: 3.40323
[Saved] Michel time peak: 168
        Intensity: 0.382034


[562] Processing file: /Users/shuaixiangzhang/Work/current/FNAL_Work2024/michel_e/t0_tagging/pdhd_DATA_v2/t0_rootFiles/new20250808_MC/wvf_merged_applyCut_20250819/wvfFind_event6502_trackID5_opNum9_merged.root

Threshold for summed wvf: 0.3
Histogram: total
    Peak at bin 128, Left Height: 91.9166, Right Height: 76.5022
    Peak at bin 189, Left Height: 0.907091, Right Height: 3.4975
    Peak at bin 209, Left Height: 0.440245, Right Height: 6.62945
    Peak at bin 274, Left Height: 0.413047, Right Height: 1.41797
    Peak at bin 360, Left Height: 0.718704, Right Height: 2.1864
    Peak at bin 455, Left Height: 0.827933, Right Height: 0.611476

Top total peaks (by true height): 128 189 360 

---- Saving Time info of muon and Michel candidates ----
[Saved] Muon time peak index: 128
        Intensity: 76.5022
[Saved] Michel time peak: 189
        Intensity: 0.907091


[563] Processing file: /Users/shuaixiangzhang/Work/current/FNAL_Work2024/michel_e/t0_tagging/pdhd_DATA_v2/t0_rootFiles/new20250808_MC/wvf_merged_applyCut_20250819/wvfFind_event6503_trackID26_opNum9_merged.root

Threshold for summed wvf: 0.3
Histogram: total
    Peak at bin 124, Left Height: 7.89528, Right Height: 6.52493
    Peak at bin 173, Left Height: 0.713515, Right Height: 0.767725
    Peak at bin 216, Left Height: 2.60114, Right Height: 2.27724
    Peak at bin 295, Left Height: 0.452465, Right Height: 0.689437
    Peak at bin 367, Left Height: 0.766925, Right Height: 0.98239
    Peak at bin 401, Left Height: 1.12815, Right Height: 1.14298
    Peak at bin 546, Left Height: 0.312159, Right Height: 0.453159
    Peak at bin 786, Left Height: 2.62583, Right Height: 2.57074

Top total peaks (by true height): 124 786 216 

---- Saving Time info of muon and Michel candidates ----
[Saved] Muon time peak index: 124
        Intensity: 6.52493
[Saved] Michel time peak: 786
        Intensity: 2.57074


[564] Processing file: /Users/shuaixiangzhang/Work/current/FNAL_Work2024/michel_e/t0_tagging/pdhd_DATA_v2/t0_rootFiles/new20250808_MC/wvf_merged_applyCut_20250819/wvfFind_event6516_trackID6_opNum9_merged.root

Threshold for summed wvf: 0.3
Histogram: total
    Peak at bin 125, Left Height: 7.79601, Right Height: 7.04555
    Peak at bin 191, Left Height: 0.862178, Right Height: 1.23955
    Peak at bin 242, Left Height: 0.523174, Right Height: 0.706592

Top total peaks (by true height): 125 191 242 

---- Saving Time info of muon and Michel candidates ----
[Saved] Muon time peak index: 125
        Intensity: 7.04555
[Saved] Michel time peak: 191
        Intensity: 0.862178


[565] Processing file: /Users/shuaixiangzhang/Work/current/FNAL_Work2024/michel_e/t0_tagging/pdhd_DATA_v2/t0_rootFiles/new20250808_MC/wvf_merged_applyCut_20250819/wvfFind_event6559_trackID13_opNum7_merged.root

Threshold for summed wvf: 0.3
Histogram: total
    Peak at bin 125, Left Height: 4.72451, Right Height: 3.9313
    Peak at bin 282, Left Height: 0.370831, Right Height: 0.381923
    Peak at bin 420, Left Height: 0.305103, Right Height: 0.304912

Top total peaks (by true height): 125 282 420 

---- Saving Time info of muon and Michel candidates ----
[Saved] Muon time peak index: 125
        Intensity: 3.9313
[Saved] Michel time peak: 282
        Intensity: 0.370831


[566] Processing file: /Users/shuaixiangzhang/Work/current/FNAL_Work2024/michel_e/t0_tagging/pdhd_DATA_v2/t0_rootFiles/new20250808_MC/wvf_merged_applyCut_20250819/wvfFind_event6560_trackID4_opNum4_merged.root

Threshold for summed wvf: 0.3
Histogram: total
    Peak at bin 125, Left Height: 3.65153, Right Height: 3.35216
    Peak at bin 155, Left Height: 0.510115, Right Height: 0.504389
    Peak at bin 192, Left Height: 0.724776, Right Height: 0.414929
    Peak at bin 213, Left Height: 0.508989, Right Height: 0.843388
    Peak at bin 293, Left Height: 0.479047, Right Height: 0.593669

Top total peaks (by true height): 125 213 155 

---- Saving Time info of muon and Michel candidates ----
[Saved] Muon time peak index: 125
        Intensity: 3.35216
[Saved] Michel time peak: 213
        Intensity: 0.508989


[567] Processing file: /Users/shuaixiangzhang/Work/current/FNAL_Work2024/michel_e/t0_tagging/pdhd_DATA_v2/t0_rootFiles/new20250808_MC/wvf_merged_applyCut_20250819/wvfFind_event6572_trackID7_opNum9_merged.root

Threshold for summed wvf: 0.3
Histogram: total
    Peak at bin 126, Left Height: 17.1151, Right Height: 15.4374
    Peak at bin 209, Left Height: 0.911841, Right Height: 0.306815
    Peak at bin 231, Left Height: 0.837087, Right Height: 0.913398
    Peak at bin 257, Left Height: 1.65964, Right Height: 2.00618
    Peak at bin 284, Left Height: 0.836936, Right Height: 1.48049
    Peak at bin 313, Left Height: 1.17621, Right Height: 1.56961
    Peak at bin 366, Left Height: 0.664199, Right Height: 0.505455
    Peak at bin 404, Left Height: 0.726943, Right Height: 0.596579

Top total peaks (by true height): 126 257 313 

---- Saving Time info of muon and Michel candidates ----
[Saved] Muon time peak index: 126
        Intensity: 15.4374
[Saved] Michel time peak: 257
        Intensity: 1.65964


[568] Processing file: /Users/shuaixiangzhang/Work/current/FNAL_Work2024/michel_e/t0_tagging/pdhd_DATA_v2/t0_rootFiles/new20250808_MC/wvf_merged_applyCut_20250819/wvfFind_event657_trackID2_opNum9_merged.root

Threshold for summed wvf: 0.3
Histogram: total
    Peak at bin 128, Left Height: 138.393, Right Height: 119.716
    Peak at bin 164, Left Height: 5.70096, Right Height: 10.9425
    Peak at bin 199, Left Height: 0.568853, Right Height: 2.215
    Peak at bin 261, Left Height: 1.43661, Right Height: 2.22866
    Peak at bin 320, Left Height: 1.66365, Right Height: 0.631822
    Peak at bin 361, Left Height: 0.746335, Right Height: 1.21528
    Peak at bin 381, Left Height: 0.370518, Right Height: 1.38336
    Peak at bin 413, Left Height: 1.05002, Right Height: 1.26406
    Peak at bin 446, Left Height: 0.387938, Right Height: 0.615559
    Peak at bin 472, Left Height: 0.674727, Right Height: 0.497465
    Peak at bin 512, Left Height: 0.607756, Right Height: 0.540254
    Peak at bin 634, Left Height: 0.49121, Right Height: 0.558204
    Peak at bin 673, Left Height: 0.419278, Right Height: 0.653028
    Peak at bin 706, Left Height: 0.374931, Right Height: 0.334774
    Peak at bin 744, Left Height: 0.62108, Right Height: 0.543085
    Peak at bin 800, Left Height: 0.555706, Right Height: 0.577226

Top total peaks (by true height): 128 164 261 

---- Saving Time info of muon and Michel candidates ----
[Saved] Muon time peak index: 128
        Intensity: 119.716
[Saved] Michel time peak: 164
        Intensity: 5.70096


[569] Processing file: /Users/shuaixiangzhang/Work/current/FNAL_Work2024/michel_e/t0_tagging/pdhd_DATA_v2/t0_rootFiles/new20250808_MC/wvf_merged_applyCut_20250819/wvfFind_event6589_trackID8_opNum9_merged.root

Threshold for summed wvf: 0.3
Histogram: total
    Peak at bin 126, Left Height: 7.8391, Right Height: 5.94985
    Peak at bin 155, Left Height: 0.396611, Right Height: 0.795052
    Peak at bin 245, Left Height: 1.72504, Right Height: 1.47586
    Peak at bin 305, Left Height: 0.770791, Right Height: 1.15992
    Peak at bin 438, Left Height: 0.375062, Right Height: 0.319057
    Peak at bin 975, Left Height: 0.379472, Right Height: 0.404572

Top total peaks (by true height): 126 245 305 

---- Saving Time info of muon and Michel candidates ----
[Saved] Muon time peak index: 126
        Intensity: 5.94985
[Saved] Michel time peak: 245
        Intensity: 1.47586


[570] Processing file: /Users/shuaixiangzhang/Work/current/FNAL_Work2024/michel_e/t0_tagging/pdhd_DATA_v2/t0_rootFiles/new20250808_MC/wvf_merged_applyCut_20250819/wvfFind_event6593_trackID26_opNum9_merged.root

Threshold for summed wvf: 0.3
Histogram: total
    Peak at bin 124, Left Height: 6.94446, Right Height: 5.43536
    Peak at bin 207, Left Height: 58.1613, Right Height: 47.0719
    Peak at bin 234, Left Height: 0.681835, Right Height: 1.473
    Peak at bin 294, Left Height: 1.38452, Right Height: 4.64628
    Peak at bin 393, Left Height: 2.32592, Right Height: 3.03453
    Peak at bin 462, Left Height: 0.606364, Right Height: 0.425735
    Peak at bin 538, Left Height: 0.4161, Right Height: 0.664106
    Peak at bin 558, Left Height: 0.661885, Right Height: 0.495438

Top total peaks (by true height): 207 124 393 

---- Saving Time info of muon and Michel candidates ----
[Saved] Muon time peak index: 207
        Intensity: 47.0719
[Saved] Michel time peak: 124
        Intensity: 5.43536


[571] Processing file: /Users/shuaixiangzhang/Work/current/FNAL_Work2024/michel_e/t0_tagging/pdhd_DATA_v2/t0_rootFiles/new20250808_MC/wvf_merged_applyCut_20250819/wvfFind_event6612_trackID11_opNum9_merged.root

Threshold for summed wvf: 0.3
Histogram: total
    Peak at bin 128, Left Height: 22.4522, Right Height: 14.4439
    Peak at bin 161, Left Height: 1.36512, Right Height: 4.04163
    Peak at bin 189, Left Height: 0.554239, Right Height: 2.18204
    Peak at bin 485, Left Height: 0.380235, Right Height: 0.461006

Top total peaks (by true height): 128 161 189 

---- Saving Time info of muon and Michel candidates ----
[Saved] Muon time peak index: 128
        Intensity: 14.4439
[Saved] Michel time peak: 161
        Intensity: 1.36512


[572] Processing file: /Users/shuaixiangzhang/Work/current/FNAL_Work2024/michel_e/t0_tagging/pdhd_DATA_v2/t0_rootFiles/new20250808_MC/wvf_merged_applyCut_20250819/wvfFind_event6614_trackID15_opNum7_merged.root

Threshold for summed wvf: 0.3
Histogram: total
    Peak at bin 126, Left Height: 5.52177, Right Height: 4.08656
    Peak at bin 226, Left Height: 0.660011, Right Height: 0.654468
    Peak at bin 256, Left Height: 0.509223, Right Height: 0.670923
    Peak at bin 476, Left Height: 0.332797, Right Height: 0.41362
    Peak at bin 548, Left Height: 0.322262, Right Height: 0.300811
    Peak at bin 577, Left Height: 0.334886, Right Height: 0.37901
    Peak at bin 638, Left Height: 0.387671, Right Height: 0.408483

Top total peaks (by true height): 126 226 256 

---- Saving Time info of muon and Michel candidates ----
[Saved] Muon time peak index: 126
        Intensity: 4.08656
[Saved] Michel time peak: 226
        Intensity: 0.654468


[573] Processing file: /Users/shuaixiangzhang/Work/current/FNAL_Work2024/michel_e/t0_tagging/pdhd_DATA_v2/t0_rootFiles/new20250808_MC/wvf_merged_applyCut_20250819/wvfFind_event661_trackID0_opNum9_merged.root

Threshold for summed wvf: 0.3
Histogram: total
    Peak at bin 129, Left Height: 229.109, Right Height: 189.336
    Peak at bin 153, Left Height: 41.8941, Right Height: 62.3031
    Peak at bin 187, Left Height: 2.29569, Right Height: 14.8664
    Peak at bin 232, Left Height: 9.81869, Right Height: 12.5704
    Peak at bin 271, Left Height: 2.62151, Right Height: 4.26319
    Peak at bin 301, Left Height: 2.46566, Right Height: 8.65436
    Peak at bin 341, Left Height: 4.8679, Right Height: 1.83163
    Peak at bin 376, Left Height: 0.531169, Right Height: 0.452652
    Peak at bin 421, Left Height: 0.342161, Right Height: 0.345555
    Peak at bin 442, Left Height: 0.494803, Right Height: 0.451889
    Peak at bin 476, Left Height: 1.31158, Right Height: 1.03373
    Peak at bin 501, Left Height: 1.28915, Right Height: 0.868117
    Peak at bin 523, Left Height: 0.492702, Right Height: 0.475669
    Peak at bin 543, Left Height: 1.25086, Right Height: 0.943557
    Peak at bin 571, Left Height: 0.671966, Right Height: 0.752916
    Peak at bin 596, Left Height: 0.742442, Right Height: 0.693308
    Peak at bin 708, Left Height: 1.04993, Right Height: 1.01097
    Peak at bin 736, Left Height: 0.622297, Right Height: 0.60101
    Peak at bin 799, Left Height: 0.893084, Right Height: 0.360717
    Peak at bin 1019, Left Height: 3.29825, Right Height: 0.836703

Top total peaks (by true height): 129 153 232 

---- Saving Time info of muon and Michel candidates ----
[Saved] Muon time peak index: 129
        Intensity: 189.336
[Saved] Michel time peak: 153
        Intensity: 41.8941


[574] Processing file: /Users/shuaixiangzhang/Work/current/FNAL_Work2024/michel_e/t0_tagging/pdhd_DATA_v2/t0_rootFiles/new20250808_MC/wvf_merged_applyCut_20250819/wvfFind_event6633_trackID7_opNum9_merged.root

Threshold for summed wvf: 0.3
Histogram: total
    Peak at bin 128, Left Height: 30.5082, Right Height: 24.7813
    Peak at bin 163, Left Height: 0.588547, Right Height: 3.29056
    Peak at bin 208, Left Height: 6.78783, Right Height: 8.39668
    Peak at bin 274, Left Height: 1.5242, Right Height: 0.925864
    Peak at bin 293, Left Height: 0.338283, Right Height: 0.688609
    Peak at bin 314, Left Height: 0.95539, Right Height: 2.45876
    Peak at bin 381, Left Height: 1.93424, Right Height: 1.57217
    Peak at bin 408, Left Height: 0.411305, Right Height: 0.382913
    Peak at bin 521, Left Height: 0.70749, Right Height: 0.860641

Top total peaks (by true height): 128 208 381 

---- Saving Time info of muon and Michel candidates ----
[Saved] Muon time peak index: 128
        Intensity: 24.7813
[Saved] Michel time peak: 208
        Intensity: 6.78783


[575] Processing file: /Users/shuaixiangzhang/Work/current/FNAL_Work2024/michel_e/t0_tagging/pdhd_DATA_v2/t0_rootFiles/new20250808_MC/wvf_merged_applyCut_20250819/wvfFind_event6640_trackID11_opNum9_merged.root

Threshold for summed wvf: 0.3
Histogram: total
    Peak at bin 129, Left Height: 391.518, Right Height: 371.736
    Peak at bin 296, Left Height: 0.605128, Right Height: 18.9496
    Peak at bin 352, Left Height: 0.443391, Right Height: 6.01177
    Peak at bin 439, Left Height: 0.866051, Right Height: 3.31675
    Peak at bin 561, Left Height: 1.2352, Right Height: 2.46607
    Peak at bin 598, Left Height: 0.734485, Right Height: 0.925793
    Peak at bin 619, Left Height: 0.84151, Right Height: 0.953756
    Peak at bin 651, Left Height: 0.916621, Right Height: 1.00095
    Peak at bin 776, Left Height: 1.57034, Right Height: 0.399707
    Peak at bin 1021, Left Height: 18.9192, Right Height: 0.49019

Top total peaks (by true height): 129 561 651 

---- Saving Time info of muon and Michel candidates ----
[Saved] Muon time peak index: 129
        Intensity: 371.736
[Saved] Michel time peak: 561
        Intensity: 1.2352


[576] Processing file: /Users/shuaixiangzhang/Work/current/FNAL_Work2024/michel_e/t0_tagging/pdhd_DATA_v2/t0_rootFiles/new20250808_MC/wvf_merged_applyCut_20250819/wvfFind_event6652_trackID0_opNum9_merged.root

Threshold for summed wvf: 0.3
Histogram: total
    Peak at bin 128, Left Height: 25.2899, Right Height: 20.2086
    Peak at bin 219, Left Height: 0.647047, Right Height: 1.39153
    Peak at bin 302, Left Height: 0.384198, Right Height: 1.0475
    Peak at bin 327, Left Height: 0.311821, Right Height: 0.618249
    Peak at bin 388, Left Height: 0.760776, Right Height: 0.818987
    Peak at bin 452, Left Height: 0.373592, Right Height: 0.518389
    Peak at bin 538, Left Height: 0.3021, Right Height: 0.312568

Top total peaks (by true height): 128 388 219 

---- Saving Time info of muon and Michel candidates ----
[Saved] Muon time peak index: 128
        Intensity: 20.2086
[Saved] Michel time peak: 388
        Intensity: 0.760776


[577] Processing file: /Users/shuaixiangzhang/Work/current/FNAL_Work2024/michel_e/t0_tagging/pdhd_DATA_v2/t0_rootFiles/new20250808_MC/wvf_merged_applyCut_20250819/wvfFind_event6659_trackID3_opNum6_merged.root

Threshold for summed wvf: 0.3
Histogram: total
    Peak at bin 125, Left Height: 3.61031, Right Height: 3.27854
    Peak at bin 196, Left Height: 1.31168, Right Height: 1.30445
    Peak at bin 266, Left Height: 0.482289, Right Height: 0.415474

Top total peaks (by true height): 125 196 266 

---- Saving Time info of muon and Michel candidates ----
[Saved] Muon time peak index: 125
        Intensity: 3.27854
[Saved] Michel time peak: 196
        Intensity: 1.30445


[578] Processing file: /Users/shuaixiangzhang/Work/current/FNAL_Work2024/michel_e/t0_tagging/pdhd_DATA_v2/t0_rootFiles/new20250808_MC/wvf_merged_applyCut_20250819/wvfFind_event6683_trackID7_opNum9_merged.root

Threshold for summed wvf: 0.3
Histogram: total
    Peak at bin 128, Left Height: 50.4653, Right Height: 44.2616
    Peak at bin 177, Left Height: 1.38057, Right Height: 2.29722
    Peak at bin 210, Left Height: 7.31714, Right Height: 8.87515
    Peak at bin 236, Left Height: 2.21097, Right Height: 3.78271
    Peak at bin 264, Left Height: 0.874295, Right Height: 0.663443
    Peak at bin 282, Left Height: 0.475163, Right Height: 2.72174
    Peak at bin 330, Left Height: 0.566361, Right Height: 1.09985
    Peak at bin 355, Left Height: 0.470273, Right Height: 0.758253
    Peak at bin 389, Left Height: 0.999741, Right Height: 1.4627
    Peak at bin 434, Left Height: 0.63631, Right Height: 0.535004
    Peak at bin 454, Left Height: 0.578087, Right Height: 0.746659
    Peak at bin 504, Left Height: 1.29061, Right Height: 0.922668
    Peak at bin 533, Left Height: 0.336565, Right Height: 0.407342
    Peak at bin 615, Left Height: 12.3549, Right Height: 11.4777
    Peak at bin 645, Left Height: 1.14216, Right Height: 0.638453
    Peak at bin 666, Left Height: 1.52137, Right Height: 0.94998
    Peak at bin 709, Left Height: 0.34885, Right Height: 0.698792
    Peak at bin 765, Left Height: 0.667292, Right Height: 0.855683
    Peak at bin 799, Left Height: 0.70227, Right Height: 0.720643
    Peak at bin 853, Left Height: 0.507162, Right Height: 0.321423

Top total peaks (by true height): 128 615 210 

---- Saving Time info of muon and Michel candidates ----
[Saved] Muon time peak index: 128
        Intensity: 44.2616
[Saved] Michel time peak: 615
        Intensity: 11.4777


[579] Processing file: /Users/shuaixiangzhang/Work/current/FNAL_Work2024/michel_e/t0_tagging/pdhd_DATA_v2/t0_rootFiles/new20250808_MC/wvf_merged_applyCut_20250819/wvfFind_event6708_trackID10_opNum9_merged.root

Threshold for summed wvf: 0.3
Histogram: total
    Peak at bin 128, Left Height: 67.3725, Right Height: 53.872
    Peak at bin 182, Left Height: 1.62036, Right Height: 4.53231
    Peak at bin 213, Left Height: 0.718917, Right Height: 5.04587
    Peak at bin 240, Left Height: 2.31211, Right Height: 2.95972
    Peak at bin 388, Left Height: 1.11988, Right Height: 2.3666
    Peak at bin 487, Left Height: 0.596655, Right Height: 1.02606
    Peak at bin 559, Left Height: 15.7892, Right Height: 14.0495
    Peak at bin 637, Left Height: 0.975661, Right Height: 0.42931
    Peak at bin 737, Left Height: 80.1453, Right Height: 66.7178
    Peak at bin 772, Left Height: 3.20624, Right Height: 3.82108
    Peak at bin 791, Left Height: 0.374375, Right Height: 3.28158
    Peak at bin 819, Left Height: 6.65726, Right Height: 6.3056
    Peak at bin 850, Left Height: 0.968736, Right Height: 3.26873
    Peak at bin 874, Left Height: 1.04227, Right Height: 1.67068
    Peak at bin 903, Left Height: 0.587013, Right Height: 1.37707
    Peak at bin 997, Left Height: 0.987935, Right Height: 0.886113
    Peak at bin 1019, Left Height: 1.33702, Right Height: 0.781569

Top total peaks (by true height): 737 128 559 

---- Saving Time info of muon and Michel candidates ----
[Saved] Muon time peak index: 737
        Intensity: 66.7178
[Saved] Michel time peak: 128
        Intensity: 53.872


[580] Processing file: /Users/shuaixiangzhang/Work/current/FNAL_Work2024/michel_e/t0_tagging/pdhd_DATA_v2/t0_rootFiles/new20250808_MC/wvf_merged_applyCut_20250819/wvfFind_event6713_trackID22_opNum6_merged.root

Threshold for summed wvf: 0.3
Histogram: total
    Peak at bin 125, Left Height: 3.78181, Right Height: 3.45463
    Peak at bin 167, Left Height: 0.727291, Right Height: 0.34193
    Peak at bin 218, Left Height: 0.312433, Right Height: 0.818931
    Peak at bin 347, Left Height: 0.823184, Right Height: 0.397954

Top total peaks (by true height): 125 347 167 

---- Saving Time info of muon and Michel candidates ----
[Saved] Muon time peak index: 125
        Intensity: 3.45463
[Saved] Michel time peak: 347
        Intensity: 0.397954


[581] Processing file: /Users/shuaixiangzhang/Work/current/FNAL_Work2024/michel_e/t0_tagging/pdhd_DATA_v2/t0_rootFiles/new20250808_MC/wvf_merged_applyCut_20250819/wvfFind_event6717_trackID1_opNum4_merged.root

Threshold for summed wvf: 0.3
Histogram: total
    Peak at bin 124, Left Height: 21.471, Right Height: 17.1565
    Peak at bin 188, Left Height: 0.334976, Right Height: 2.03105
    Peak at bin 217, Left Height: 1.2228, Right Height: 0.74778
    Peak at bin 266, Left Height: 3.85268, Right Height: 2.97298
    Peak at bin 310, Left Height: 0.326212, Right Height: 0.52952
    Peak at bin 422, Left Height: 0.595609, Right Height: 0.668737
    Peak at bin 489, Left Height: 0.416066, Right Height: 0.449741

Top total peaks (by true height): 124 266 217 

---- Saving Time info of muon and Michel candidates ----
[Saved] Muon time peak index: 124
        Intensity: 17.1565
[Saved] Michel time peak: 266
        Intensity: 2.97298


[582] Processing file: /Users/shuaixiangzhang/Work/current/FNAL_Work2024/michel_e/t0_tagging/pdhd_DATA_v2/t0_rootFiles/new20250808_MC/wvf_merged_applyCut_20250819/wvfFind_event6729_trackID18_opNum9_merged.root

Threshold for summed wvf: 0.3
Histogram: total
    Peak at bin 128, Left Height: 28.0661, Right Height: 22.3703
    Peak at bin 176, Left Height: 1.84367, Right Height: 4.8738
    Peak at bin 221, Left Height: 0.693375, Right Height: 0.953225
    Peak at bin 246, Left Height: 1.28827, Right Height: 2.3056
    Peak at bin 273, Left Height: 1.31092, Right Height: 2.03007
    Peak at bin 302, Left Height: 0.746827, Right Height: 0.418571
    Peak at bin 379, Left Height: 0.571827, Right Height: 0.501391
    Peak at bin 463, Left Height: 0.530333, Right Height: 0.795182
    Peak at bin 504, Left Height: 0.638453, Right Height: 0.501185

Top total peaks (by true height): 128 176 273 

---- Saving Time info of muon and Michel candidates ----
[Saved] Muon time peak index: 128
        Intensity: 22.3703
[Saved] Michel time peak: 176
        Intensity: 1.84367


[583] Processing file: /Users/shuaixiangzhang/Work/current/FNAL_Work2024/michel_e/t0_tagging/pdhd_DATA_v2/t0_rootFiles/new20250808_MC/wvf_merged_applyCut_20250819/wvfFind_event6729_trackID5_opNum9_merged.root

Threshold for summed wvf: 0.3
Histogram: total
    Peak at bin 128, Left Height: 27.7848, Right Height: 21.8509
    Peak at bin 219, Left Height: 0.779647, Right Height: 0.789635
    Peak at bin 321, Left Height: 1.06143, Right Height: 1.06468
    Peak at bin 403, Left Height: 0.724329, Right Height: 0.490638

Top total peaks (by true height): 128 321 219 

---- Saving Time info of muon and Michel candidates ----
[Saved] Muon time peak index: 128
        Intensity: 21.8509
[Saved] Michel time peak: 321
        Intensity: 1.06143


[584] Processing file: /Users/shuaixiangzhang/Work/current/FNAL_Work2024/michel_e/t0_tagging/pdhd_DATA_v2/t0_rootFiles/new20250808_MC/wvf_merged_applyCut_20250819/wvfFind_event6730_trackID2_opNum9_merged.root

Threshold for summed wvf: 0.3
Histogram: total
    Peak at bin 129, Left Height: 135.759, Right Height: 105.857
    Peak at bin 202, Left Height: 10.0597, Right Height: 23.0152
    Peak at bin 262, Left Height: 0.88251, Right Height: 4.64856
    Peak at bin 441, Left Height: 0.450621, Right Height: 1.38693
    Peak at bin 568, Left Height: 0.305606, Right Height: 0.614034

Top total peaks (by true height): 129 202 262 

---- Saving Time info of muon and Michel candidates ----
[Saved] Muon time peak index: 129
        Intensity: 105.857
[Saved] Michel time peak: 202
        Intensity: 10.0597


[585] Processing file: /Users/shuaixiangzhang/Work/current/FNAL_Work2024/michel_e/t0_tagging/pdhd_DATA_v2/t0_rootFiles/new20250808_MC/wvf_merged_applyCut_20250819/wvfFind_event6741_trackID2_opNum7_merged.root

Threshold for summed wvf: 0.3
Histogram: total
    Peak at bin 125, Left Height: 4.18358, Right Height: 2.07904
    Peak at bin 171, Left Height: 0.528044, Right Height: 0.64417
    Peak at bin 258, Left Height: 0.676601, Right Height: 0.707608
    Peak at bin 283, Left Height: 0.397493, Right Height: 0.460559

Top total peaks (by true height): 125 258 171 

---- Saving Time info of muon and Michel candidates ----
[Saved] Muon time peak index: 125
        Intensity: 2.07904
[Saved] Michel time peak: 258
        Intensity: 0.676601


[586] Processing file: /Users/shuaixiangzhang/Work/current/FNAL_Work2024/michel_e/t0_tagging/pdhd_DATA_v2/t0_rootFiles/new20250808_MC/wvf_merged_applyCut_20250819/wvfFind_event6747_trackID11_opNum6_merged.root

Threshold for summed wvf: 0.3
Histogram: total
    Peak at bin 123, Left Height: 2.52201, Right Height: 2.25029
    Peak at bin 186, Left Height: 0.62551, Right Height: 0.6978
    Peak at bin 254, Left Height: 0.301415, Right Height: 0.71482

Top total peaks (by true height): 123 186 254 

---- Saving Time info of muon and Michel candidates ----
[Saved] Muon time peak index: 123
        Intensity: 2.25029
[Saved] Michel time peak: 186
        Intensity: 0.62551


[587] Processing file: /Users/shuaixiangzhang/Work/current/FNAL_Work2024/michel_e/t0_tagging/pdhd_DATA_v2/t0_rootFiles/new20250808_MC/wvf_merged_applyCut_20250819/wvfFind_event6749_trackID10_opNum9_merged.root

Threshold for summed wvf: 0.3
Histogram: total
    Peak at bin 126, Left Height: 8.58341, Right Height: 6.37785
    Peak at bin 156, Left Height: 0.521434, Right Height: 0.670055
    Peak at bin 186, Left Height: 2.2209, Right Height: 2.46642
    Peak at bin 259, Left Height: 0.490328, Right Height: 0.930036
    Peak at bin 298, Left Height: 0.374395, Right Height: 0.412839
    Peak at bin 327, Left Height: 0.455577, Right Height: 0.790434
    Peak at bin 425, Left Height: 0.41795, Right Height: 0.672999

Top total peaks (by true height): 126 186 156 

---- Saving Time info of muon and Michel candidates ----
[Saved] Muon time peak index: 126
        Intensity: 6.37785
[Saved] Michel time peak: 186
        Intensity: 2.2209


[588] Processing file: /Users/shuaixiangzhang/Work/current/FNAL_Work2024/michel_e/t0_tagging/pdhd_DATA_v2/t0_rootFiles/new20250808_MC/wvf_merged_applyCut_20250819/wvfFind_event6751_trackID5_opNum4_merged.root

Threshold for summed wvf: 0.3
Histogram: total
    Peak at bin 127, Left Height: 4.74937, Right Height: 3.45045
    Peak at bin 169, Left Height: 0.859259, Right Height: 1.13727
    Peak at bin 200, Left Height: 0.550198, Right Height: 0.844602
    Peak at bin 229, Left Height: 0.364198, Right Height: 0.327824
    Peak at bin 296, Left Height: 0.490171, Right Height: 0.429698

Top total peaks (by true height): 127 169 200 

---- Saving Time info of muon and Michel candidates ----
[Saved] Muon time peak index: 127
        Intensity: 3.45045
[Saved] Michel time peak: 169
        Intensity: 0.859259


[589] Processing file: /Users/shuaixiangzhang/Work/current/FNAL_Work2024/michel_e/t0_tagging/pdhd_DATA_v2/t0_rootFiles/new20250808_MC/wvf_merged_applyCut_20250819/wvfFind_event6760_trackID20_opNum5_merged.root

Threshold for summed wvf: 0.3
Histogram: total
    Peak at bin 123, Left Height: 2.03339, Right Height: 1.89914
    Peak at bin 170, Left Height: 0.329833, Right Height: 0.371371
    Peak at bin 602, Left Height: 0.519481, Right Height: 0.513625
    Peak at bin 633, Left Height: 0.308623, Right Height: 0.438566
    Peak at bin 687, Left Height: 0.374602, Right Height: 0.450888

Top total peaks (by true height): 123 602 687 

---- Saving Time info of muon and Michel candidates ----
[Saved] Muon time peak index: 123
        Intensity: 1.89914
[Saved] Michel time peak: 602
        Intensity: 0.513625


[590] Processing file: /Users/shuaixiangzhang/Work/current/FNAL_Work2024/michel_e/t0_tagging/pdhd_DATA_v2/t0_rootFiles/new20250808_MC/wvf_merged_applyCut_20250819/wvfFind_event6762_trackID5_opNum9_merged.root

Threshold for summed wvf: 0.3
Histogram: total
    Peak at bin 126, Left Height: 9.54547, Right Height: 6.50784
    Peak at bin 254, Left Height: 0.372636, Right Height: 0.347492
    Peak at bin 485, Left Height: 0.319343, Right Height: 0.481166

Top total peaks (by true height): 126 254 485 

---- Saving Time info of muon and Michel candidates ----
[Saved] Muon time peak index: 126
        Intensity: 6.50784
[Saved] Michel time peak: 254
        Intensity: 0.347492


[591] Processing file: /Users/shuaixiangzhang/Work/current/FNAL_Work2024/michel_e/t0_tagging/pdhd_DATA_v2/t0_rootFiles/new20250808_MC/wvf_merged_applyCut_20250819/wvfFind_event6764_trackID13_opNum5_merged.root

Threshold for summed wvf: 0.3
Histogram: total
    Peak at bin 125, Left Height: 4.23817, Right Height: 3.68247
    Peak at bin 158, Left Height: 0.563537, Right Height: 0.996326
    Peak at bin 194, Left Height: 0.35678, Right Height: 0.407101
    Peak at bin 239, Left Height: 0.629423, Right Height: 1.1164
    Peak at bin 277, Left Height: 0.706622, Right Height: 0.403824
    Peak at bin 306, Left Height: 0.358222, Right Height: 0.511513

Top total peaks (by true height): 125 239 158 

---- Saving Time info of muon and Michel candidates ----
[Saved] Muon time peak index: 125
        Intensity: 3.68247
[Saved] Michel time peak: 239
        Intensity: 0.629423


[592] Processing file: /Users/shuaixiangzhang/Work/current/FNAL_Work2024/michel_e/t0_tagging/pdhd_DATA_v2/t0_rootFiles/new20250808_MC/wvf_merged_applyCut_20250819/wvfFind_event6764_trackID14_opNum9_merged.root

Threshold for summed wvf: 0.3
Histogram: total
    Peak at bin 126, Left Height: 7.42482, Right Height: 5.16088
    Peak at bin 156, Left Height: 1.47943, Right Height: 1.77198
    Peak at bin 200, Left Height: 3.09065, Right Height: 3.15119
    Peak at bin 396, Left Height: 0.699759, Right Height: 0.721333
    Peak at bin 433, Left Height: 0.304296, Right Height: 0.428954
    Peak at bin 476, Left Height: 0.37951, Right Height: 0.313876

Top total peaks (by true height): 126 200 156 

---- Saving Time info of muon and Michel candidates ----
[Saved] Muon time peak index: 126
        Intensity: 5.16088
[Saved] Michel time peak: 200
        Intensity: 3.09065


[593] Processing file: /Users/shuaixiangzhang/Work/current/FNAL_Work2024/michel_e/t0_tagging/pdhd_DATA_v2/t0_rootFiles/new20250808_MC/wvf_merged_applyCut_20250819/wvfFind_event6775_trackID6_opNum9_merged.root

Threshold for summed wvf: 0.3
Histogram: total
    Peak at bin 127, Left Height: 14.3347, Right Height: 12.333
    Peak at bin 208, Left Height: 3.49909, Right Height: 2.93454
    Peak at bin 237, Left Height: 0.674583, Right Height: 2.46071
    Peak at bin 313, Left Height: 0.571012, Right Height: 0.979695
    Peak at bin 349, Left Height: 0.860506, Right Height: 0.526809

Top total peaks (by true height): 127 208 237 

---- Saving Time info of muon and Michel candidates ----
[Saved] Muon time peak index: 127
        Intensity: 12.333
[Saved] Michel time peak: 208
        Intensity: 2.93454


[594] Processing file: /Users/shuaixiangzhang/Work/current/FNAL_Work2024/michel_e/t0_tagging/pdhd_DATA_v2/t0_rootFiles/new20250808_MC/wvf_merged_applyCut_20250819/wvfFind_event6783_trackID0_opNum8_merged.root

Threshold for summed wvf: 0.3
Histogram: total
    Peak at bin 128, Left Height: 25.1692, Right Height: 19.9572
    Peak at bin 197, Left Height: 1.16649, Right Height: 1.29478
    Peak at bin 217, Left Height: 0.423797, Right Height: 2.2112
    Peak at bin 306, Left Height: 0.771598, Right Height: 1.20238
    Peak at bin 362, Left Height: 0.488409, Right Height: 0.457439
    Peak at bin 430, Left Height: 0.790169, Right Height: 0.743066
    Peak at bin 649, Left Height: 0.361186, Right Height: 0.345403
    Peak at bin 951, Left Height: 2.69305, Right Height: 2.74171
    Peak at bin 984, Left Height: 0.897198, Right Height: 1.02441

Top total peaks (by true height): 128 951 197 

---- Saving Time info of muon and Michel candidates ----
[Saved] Muon time peak index: 128
        Intensity: 19.9572
[Saved] Michel time peak: 951
        Intensity: 2.69305


[595] Processing file: /Users/shuaixiangzhang/Work/current/FNAL_Work2024/michel_e/t0_tagging/pdhd_DATA_v2/t0_rootFiles/new20250808_MC/wvf_merged_applyCut_20250819/wvfFind_event6788_trackID4_opNum9_merged.root

Threshold for summed wvf: 0.3
Histogram: total
    Peak at bin 127, Left Height: 11.8795, Right Height: 8.12502
    Peak at bin 154, Left Height: 0.655811, Right Height: 1.82389
    Peak at bin 185, Left Height: 0.79087, Right Height: 0.407547
    Peak at bin 228, Left Height: 0.612707, Right Height: 1.4714
    Peak at bin 329, Left Height: 0.491993, Right Height: 0.582325
    Peak at bin 396, Left Height: 0.53322, Right Height: 0.831288
    Peak at bin 465, Left Height: 0.459676, Right Height: 0.447892

Top total peaks (by true height): 127 154 228 

---- Saving Time info of muon and Michel candidates ----
[Saved] Muon time peak index: 127
        Intensity: 8.12502
[Saved] Michel time peak: 154
        Intensity: 0.655811


[596] Processing file: /Users/shuaixiangzhang/Work/current/FNAL_Work2024/michel_e/t0_tagging/pdhd_DATA_v2/t0_rootFiles/new20250808_MC/wvf_merged_applyCut_20250819/wvfFind_event6797_trackID0_opNum9.root

Threshold for summed wvf: 0.3
Histogram: total
    Peak at bin 128, Left Height: 61.3874, Right Height: 44.5687
    Peak at bin 160, Left Height: 0.908778, Right Height: 8.14099
    Peak at bin 215, Left Height: 6.22692, Right Height: 10.1773
    Peak at bin 304, Left Height: 0.344705, Right Height: 1.07663
    Peak at bin 361, Left Height: 0.402966, Right Height: 1.87942
    Peak at bin 525, Left Height: 0.388441, Right Height: 0.408811
    Peak at bin 703, Left Height: 0.322385, Right Height: 0.386703

Top total peaks (by true height): 128 215 160 

---- Saving Time info of muon and Michel candidates ----
[Saved] Muon time peak index: 128
        Intensity: 44.5687
[Saved] Michel time peak: 215
        Intensity: 6.22692


[597] Processing file: /Users/shuaixiangzhang/Work/current/FNAL_Work2024/michel_e/t0_tagging/pdhd_DATA_v2/t0_rootFiles/new20250808_MC/wvf_merged_applyCut_20250819/wvfFind_event6819_trackID13_opNum9_merged.root

Threshold for summed wvf: 0.3
Histogram: total
    Peak at bin 126, Left Height: 8.05127, Right Height: 5.90867
    Peak at bin 169, Left Height: 0.57889, Right Height: 1.2701
    Peak at bin 280, Left Height: 1.34257, Right Height: 1.92098
    Peak at bin 317, Left Height: 0.632964, Right Height: 1.15215

Top total peaks (by true height): 126 280 317 

---- Saving Time info of muon and Michel candidates ----
[Saved] Muon time peak index: 126
        Intensity: 5.90867
[Saved] Michel time peak: 280
        Intensity: 1.34257


[598] Processing file: /Users/shuaixiangzhang/Work/current/FNAL_Work2024/michel_e/t0_tagging/pdhd_DATA_v2/t0_rootFiles/new20250808_MC/wvf_merged_applyCut_20250819/wvfFind_event6820_trackID1_opNum9_merged.root

Threshold for summed wvf: 0.3
Histogram: total
    Peak at bin 127, Left Height: 23.6461, Right Height: 22.0259
    Peak at bin 179, Left Height: 0.706497, Right Height: 1.20033
    Peak at bin 216, Left Height: 0.712673, Right Height: 0.980869
    Peak at bin 248, Left Height: 0.776198, Right Height: 0.845768
    Peak at bin 294, Left Height: 0.52401, Right Height: 1.11761
    Peak at bin 439, Left Height: 6.79373, Right Height: 5.52137
    Peak at bin 467, Left Height: 0.54977, Right Height: 1.05944
    Peak at bin 535, Left Height: 0.809009, Right Height: 0.951011
    Peak at bin 569, Left Height: 0.712334, Right Height: 0.4084
    Peak at bin 744, Left Height: 0.398884, Right Height: 0.392028

Top total peaks (by true height): 127 439 535 

---- Saving Time info of muon and Michel candidates ----
[Saved] Muon time peak index: 127
        Intensity: 22.0259
[Saved] Michel time peak: 439
        Intensity: 5.52137


[599] Processing file: /Users/shuaixiangzhang/Work/current/FNAL_Work2024/michel_e/t0_tagging/pdhd_DATA_v2/t0_rootFiles/new20250808_MC/wvf_merged_applyCut_20250819/wvfFind_event6820_trackID4_opNum9_merged.root

Threshold for summed wvf: 0.3
Histogram: total
    Peak at bin 129, Left Height: 120.518, Right Height: 110.754
    Peak at bin 334, Left Height: 1.02454, Right Height: 3.86074
    Peak at bin 384, Left Height: 1.25659, Right Height: 2.2899
    Peak at bin 437, Left Height: 0.528831, Right Height: 0.738938
    Peak at bin 537, Left Height: 1.23217, Right Height: 1.15423
    Peak at bin 571, Left Height: 0.581127, Right Height: 0.486497

Top total peaks (by true height): 129 384 537 

---- Saving Time info of muon and Michel candidates ----
[Saved] Muon time peak index: 129
        Intensity: 110.754
[Saved] Michel time peak: 384
        Intensity: 1.25659


[600] Processing file: /Users/shuaixiangzhang/Work/current/FNAL_Work2024/michel_e/t0_tagging/pdhd_DATA_v2/t0_rootFiles/new20250808_MC/wvf_merged_applyCut_20250819/wvfFind_event6822_trackID15_opNum9_merged.root

Threshold for summed wvf: 0.3
Histogram: total
    Peak at bin 127, Left Height: 7.94412, Right Height: 6.57211
    Peak at bin 191, Left Height: 0.33344, Right Height: 0.947445
    Peak at bin 243, Left Height: 1.07005, Right Height: 0.937493
    Peak at bin 273, Left Height: 0.368469, Right Height: 0.492389
    Peak at bin 358, Left Height: 0.522717, Right Height: 0.413259

Top total peaks (by true height): 127 243 358 

---- Saving Time info of muon and Michel candidates ----
[Saved] Muon time peak index: 127
        Intensity: 6.57211
[Saved] Michel time peak: 243
        Intensity: 0.937493


[601] Processing file: /Users/shuaixiangzhang/Work/current/FNAL_Work2024/michel_e/t0_tagging/pdhd_DATA_v2/t0_rootFiles/new20250808_MC/wvf_merged_applyCut_20250819/wvfFind_event6823_trackID11_opNum8_merged.root

Threshold for summed wvf: 0.3
Histogram: total
    Peak at bin 127, Left Height: 16.0144, Right Height: 13.1607
    Peak at bin 154, Left Height: 1.14727, Right Height: 1.68799
    Peak at bin 177, Left Height: 0.592387, Right Height: 1.73132
    Peak at bin 249, Left Height: 2.43789, Right Height: 2.6292
    Peak at bin 308, Left Height: 1.089, Right Height: 0.922695

Top total peaks (by true height): 127 249 154 

---- Saving Time info of muon and Michel candidates ----
[Saved] Muon time peak index: 127
        Intensity: 13.1607
[Saved] Michel time peak: 249
        Intensity: 2.43789


[602] Processing file: /Users/shuaixiangzhang/Work/current/FNAL_Work2024/michel_e/t0_tagging/pdhd_DATA_v2/t0_rootFiles/new20250808_MC/wvf_merged_applyCut_20250819/wvfFind_event6868_trackID0_opNum9_merged.root

Threshold for summed wvf: 0.3
Histogram: total
    Peak at bin 129, Left Height: 153.843, Right Height: 119.094
    Peak at bin 159, Left Height: 1.64743, Right Height: 26.6297
    Peak at bin 268, Left Height: 1.30531, Right Height: 5.20263
    Peak at bin 383, Left Height: 0.489681, Right Height: 1.35684
    Peak at bin 476, Left Height: 0.702594, Right Height: 1.28269
    Peak at bin 518, Left Height: 0.924353, Right Height: 0.685884
    Peak at bin 871, Left Height: 0.338319, Right Height: 0.58066

Top total peaks (by true height): 129 159 268 

---- Saving Time info of muon and Michel candidates ----
[Saved] Muon time peak index: 129
        Intensity: 119.094
[Saved] Michel time peak: 159
        Intensity: 1.64743


[603] Processing file: /Users/shuaixiangzhang/Work/current/FNAL_Work2024/michel_e/t0_tagging/pdhd_DATA_v2/t0_rootFiles/new20250808_MC/wvf_merged_applyCut_20250819/wvfFind_event6878_trackID10_opNum9_merged.root

Threshold for summed wvf: 0.3
Histogram: total
    Peak at bin 128, Left Height: 21.6807, Right Height: 16.6328
    Peak at bin 210, Left Height: 2.29628, Right Height: 4.41357
    Peak at bin 266, Left Height: 0.460904, Right Height: 1.40881
    Peak at bin 305, Left Height: 0.634427, Right Height: 1.26501

Top total peaks (by true height): 128 210 305 

---- Saving Time info of muon and Michel candidates ----
[Saved] Muon time peak index: 128
        Intensity: 16.6328
[Saved] Michel time peak: 210
        Intensity: 2.29628


[604] Processing file: /Users/shuaixiangzhang/Work/current/FNAL_Work2024/michel_e/t0_tagging/pdhd_DATA_v2/t0_rootFiles/new20250808_MC/wvf_merged_applyCut_20250819/wvfFind_event6883_trackID3_opNum9_merged.root

Threshold for summed wvf: 0.3
Histogram: total
    Peak at bin 128, Left Height: 27.9064, Right Height: 18.8662
    Peak at bin 253, Left Height: 0.480425, Right Height: 1.08293
    Peak at bin 277, Left Height: 0.517618, Right Height: 0.633529
    Peak at bin 316, Left Height: 0.306977, Right Height: 0.903617
    Peak at bin 912, Left Height: 124.609, Right Height: 108.324
    Peak at bin 1021, Left Height: 48.6269, Right Height: 4.2759

Top total peaks (by true height): 912 128 1021 

---- Saving Time info of muon and Michel candidates ----
[Saved] Muon time peak index: 912
        Intensity: 108.324
[Saved] Michel time peak: 128
        Intensity: 18.8662


[605] Processing file: /Users/shuaixiangzhang/Work/current/FNAL_Work2024/michel_e/t0_tagging/pdhd_DATA_v2/t0_rootFiles/new20250808_MC/wvf_merged_applyCut_20250819/wvfFind_event6898_trackID12_opNum9_merged.root

Threshold for summed wvf: 0.3
Histogram: total
    Peak at bin 126, Left Height: 11.2382, Right Height: 9.57748
    Peak at bin 193, Left Height: 0.495042, Right Height: 0.895707
    Peak at bin 354, Left Height: 0.404477, Right Height: 1.26852

Top total peaks (by true height): 126 193 354 

---- Saving Time info of muon and Michel candidates ----
[Saved] Muon time peak index: 126
        Intensity: 9.57748
[Saved] Michel time peak: 193
        Intensity: 0.495042


[606] Processing file: /Users/shuaixiangzhang/Work/current/FNAL_Work2024/michel_e/t0_tagging/pdhd_DATA_v2/t0_rootFiles/new20250808_MC/wvf_merged_applyCut_20250819/wvfFind_event6909_trackID9_opNum6_merged.root

Threshold for summed wvf: 0.3
Histogram: total
    Peak at bin 126, Left Height: 8.65833, Right Height: 7.99128
    Peak at bin 215, Left Height: 0.456706, Right Height: 1.08899
    Peak at bin 261, Left Height: 1.38552, Right Height: 1.99365
    Peak at bin 299, Left Height: 0.704254, Right Height: 0.810601

Top total peaks (by true height): 126 261 299 

---- Saving Time info of muon and Michel candidates ----
[Saved] Muon time peak index: 126
        Intensity: 7.99128
[Saved] Michel time peak: 261
        Intensity: 1.38552


[607] Processing file: /Users/shuaixiangzhang/Work/current/FNAL_Work2024/michel_e/t0_tagging/pdhd_DATA_v2/t0_rootFiles/new20250808_MC/wvf_merged_applyCut_20250819/wvfFind_event6941_trackID31_opNum9_merged.root

Threshold for summed wvf: 0.3
Histogram: total
    Peak at bin 124, Left Height: 5.38549, Right Height: 4.49699
    Peak at bin 222, Left Height: 0.808048, Right Height: 0.748855
    Peak at bin 578, Left Height: 2.87152, Right Height: 1.85444
    Peak at bin 732, Left Height: 0.323641, Right Height: 0.536127

Top total peaks (by true height): 124 578 222 

---- Saving Time info of muon and Michel candidates ----
[Saved] Muon time peak index: 124
        Intensity: 4.49699
[Saved] Michel time peak: 578
        Intensity: 1.85444


[608] Processing file: /Users/shuaixiangzhang/Work/current/FNAL_Work2024/michel_e/t0_tagging/pdhd_DATA_v2/t0_rootFiles/new20250808_MC/wvf_merged_applyCut_20250819/wvfFind_event6943_trackID15_opNum6_merged.root

Threshold for summed wvf: 0.3
Histogram: total
    Peak at bin 125, Left Height: 3.67639, Right Height: 2.86942
    Peak at bin 207, Left Height: 0.761799, Right Height: 1.05717

Top total peaks (by true height): 125 207 

---- Saving Time info of muon and Michel candidates ----
[Saved] Muon time peak index: 125
        Intensity: 2.86942
[Saved] Michel time peak: 207
        Intensity: 0.761799


[609] Processing file: /Users/shuaixiangzhang/Work/current/FNAL_Work2024/michel_e/t0_tagging/pdhd_DATA_v2/t0_rootFiles/new20250808_MC/wvf_merged_applyCut_20250819/wvfFind_event6949_trackID3_opNum6_merged.root

Threshold for summed wvf: 0.3
Histogram: total
    Peak at bin 125, Left Height: 3.20123, Right Height: 2.25669
    Peak at bin 163, Left Height: 0.339325, Right Height: 0.512622

Top total peaks (by true height): 125 163 

---- Saving Time info of muon and Michel candidates ----
[Saved] Muon time peak index: 125
        Intensity: 2.25669
[Saved] Michel time peak: 163
        Intensity: 0.339325


[610] Processing file: /Users/shuaixiangzhang/Work/current/FNAL_Work2024/michel_e/t0_tagging/pdhd_DATA_v2/t0_rootFiles/new20250808_MC/wvf_merged_applyCut_20250819/wvfFind_event6951_trackID6_opNum9_merged.root

Threshold for summed wvf: 0.3
Histogram: total
    Peak at bin 129, Left Height: 74.7982, Right Height: 62.6347
    Peak at bin 213, Left Height: 0.942445, Right Height: 1.21098
    Peak at bin 282, Left Height: 0.791307, Right Height: 3.97159
    Peak at bin 318, Left Height: 0.882841, Right Height: 2.38441
    Peak at bin 371, Left Height: 0.78496, Right Height: 1.10368
    Peak at bin 449, Left Height: 0.383503, Right Height: 0.47921
    Peak at bin 472, Left Height: 0.362034, Right Height: 0.398743
    Peak at bin 538, Left Height: 0.675339, Right Height: 0.928627
    Peak at bin 580, Left Height: 0.534135, Right Height: 0.531002

Top total peaks (by true height): 129 213 318 

---- Saving Time info of muon and Michel candidates ----
[Saved] Muon time peak index: 129
        Intensity: 62.6347
[Saved] Michel time peak: 213
        Intensity: 0.942445


[611] Processing file: /Users/shuaixiangzhang/Work/current/FNAL_Work2024/michel_e/t0_tagging/pdhd_DATA_v2/t0_rootFiles/new20250808_MC/wvf_merged_applyCut_20250819/wvfFind_event6954_trackID4_opNum5_merged.root

Threshold for summed wvf: 0.3
Histogram: total
    Peak at bin 127, Left Height: 16.586, Right Height: 13.5336
    Peak at bin 155, Left Height: 0.621665, Right Height: 1.77798
    Peak at bin 193, Left Height: 0.712552, Right Height: 0.937685
    Peak at bin 217, Left Height: 0.442858, Right Height: 1.1176
    Peak at bin 358, Left Height: 1.27956, Right Height: 1.32348
    Peak at bin 402, Left Height: 0.77591, Right Height: 0.673866

Top total peaks (by true height): 127 358 193 

---- Saving Time info of muon and Michel candidates ----
[Saved] Muon time peak index: 127
        Intensity: 13.5336
[Saved] Michel time peak: 358
        Intensity: 1.27956


[612] Processing file: /Users/shuaixiangzhang/Work/current/FNAL_Work2024/michel_e/t0_tagging/pdhd_DATA_v2/t0_rootFiles/new20250808_MC/wvf_merged_applyCut_20250819/wvfFind_event697_trackID19_opNum8_merged.root

Threshold for summed wvf: 0.3
Histogram: total
    Peak at bin 126, Left Height: 9.21138, Right Height: 7.67342
    Peak at bin 170, Left Height: 0.921628, Right Height: 1.88417
    Peak at bin 214, Left Height: 0.711187, Right Height: 0.785695
    Peak at bin 240, Left Height: 0.854943, Right Height: 0.629439
    Peak at bin 291, Left Height: 0.679664, Right Height: 1.33971
    Peak at bin 337, Left Height: 0.565272, Right Height: 0.440182

Top total peaks (by true height): 126 170 214 

---- Saving Time info of muon and Michel candidates ----
[Saved] Muon time peak index: 126
        Intensity: 7.67342
[Saved] Michel time peak: 170
        Intensity: 0.921628


[613] Processing file: /Users/shuaixiangzhang/Work/current/FNAL_Work2024/michel_e/t0_tagging/pdhd_DATA_v2/t0_rootFiles/new20250808_MC/wvf_merged_applyCut_20250819/wvfFind_event7011_trackID6_opNum9_merged.root

Threshold for summed wvf: 0.3
Histogram: total
    Peak at bin 127, Left Height: 19.2031, Right Height: 17.9613
    Peak at bin 193, Left Height: 1.18703, Right Height: 0.942015
    Peak at bin 227, Left Height: 2.34166, Right Height: 2.64449
    Peak at bin 267, Left Height: 0.689612, Right Height: 1.0237
    Peak at bin 302, Left Height: 0.753593, Right Height: 0.444013
    Peak at bin 367, Left Height: 0.311322, Right Height: 0.981465

Top total peaks (by true height): 127 227 193 

---- Saving Time info of muon and Michel candidates ----
[Saved] Muon time peak index: 127
        Intensity: 17.9613
[Saved] Michel time peak: 227
        Intensity: 2.34166


[614] Processing file: /Users/shuaixiangzhang/Work/current/FNAL_Work2024/michel_e/t0_tagging/pdhd_DATA_v2/t0_rootFiles/new20250808_MC/wvf_merged_applyCut_20250819/wvfFind_event7020_trackID17_opNum5_merged.root

Threshold for summed wvf: 0.3
Histogram: total
    Peak at bin 122, Left Height: 2.27388, Right Height: 2.31695
    Peak at bin 186, Left Height: 0.852893, Right Height: 0.396372
    Peak at bin 285, Left Height: 0.322772, Right Height: 0.592227

Top total peaks (by true height): 122 186 285 

---- Saving Time info of muon and Michel candidates ----
[Saved] Muon time peak index: 122
        Intensity: 2.27388
[Saved] Michel time peak: 186
        Intensity: 0.396372


[615] Processing file: /Users/shuaixiangzhang/Work/current/FNAL_Work2024/michel_e/t0_tagging/pdhd_DATA_v2/t0_rootFiles/new20250808_MC/wvf_merged_applyCut_20250819/wvfFind_event7020_trackID3_opNum6_merged.root

Threshold for summed wvf: 0.3
Histogram: total
    Peak at bin 126, Left Height: 10.9401, Right Height: 9.39123
    Peak at bin 200, Left Height: 0.512496, Right Height: 1.0005
    Peak at bin 242, Left Height: 0.843646, Right Height: 0.742708
    Peak at bin 350, Left Height: 0.402429, Right Height: 0.467578
    Peak at bin 390, Left Height: 0.604663, Right Height: 0.738854
    Peak at bin 419, Left Height: 0.705011, Right Height: 0.615024

Top total peaks (by true height): 126 242 419 

---- Saving Time info of muon and Michel candidates ----
[Saved] Muon time peak index: 126
        Intensity: 9.39123
[Saved] Michel time peak: 242
        Intensity: 0.742708


[616] Processing file: /Users/shuaixiangzhang/Work/current/FNAL_Work2024/michel_e/t0_tagging/pdhd_DATA_v2/t0_rootFiles/new20250808_MC/wvf_merged_applyCut_20250819/wvfFind_event7060_trackID6_opNum8_merged.root

Threshold for summed wvf: 0.3
Histogram: total
    Peak at bin 125, Left Height: 5.94077, Right Height: 4.84853
    Peak at bin 206, Left Height: 0.98884, Right Height: 1.16577
    Peak at bin 270, Left Height: 1.6108, Right Height: 1.10597
    Peak at bin 324, Left Height: 0.575709, Right Height: 0.903783
    Peak at bin 433, Left Height: 0.474564, Right Height: 0.468495
    Peak at bin 666, Left Height: 1.21026, Right Height: 0.999212
    Peak at bin 827, Left Height: 0.410722, Right Height: 0.3721

Top total peaks (by true height): 125 270 666 

---- Saving Time info of muon and Michel candidates ----
[Saved] Muon time peak index: 125
        Intensity: 4.84853
[Saved] Michel time peak: 270
        Intensity: 1.10597


[617] Processing file: /Users/shuaixiangzhang/Work/current/FNAL_Work2024/michel_e/t0_tagging/pdhd_DATA_v2/t0_rootFiles/new20250808_MC/wvf_merged_applyCut_20250819/wvfFind_event7085_trackID6_opNum8_merged.root

Threshold for summed wvf: 0.3
Histogram: total
    Peak at bin 126, Left Height: 12.6356, Right Height: 11.8766
    Peak at bin 170, Left Height: 0.750439, Right Height: 1.50164
    Peak at bin 203, Left Height: 0.956061, Right Height: 1.27089
    Peak at bin 234, Left Height: 1.20146, Right Height: 0.55564
    Peak at bin 317, Left Height: 1.1371, Right Height: 0.324043
    Peak at bin 357, Left Height: 0.431328, Right Height: 0.739263
    Peak at bin 425, Left Height: 0.471833, Right Height: 0.444035
    Peak at bin 453, Left Height: 0.428828, Right Height: 0.446165
    Peak at bin 511, Left Height: 0.459685, Right Height: 0.350987

Top total peaks (by true height): 126 203 170 

---- Saving Time info of muon and Michel candidates ----
[Saved] Muon time peak index: 126
        Intensity: 11.8766
[Saved] Michel time peak: 203
        Intensity: 0.956061


[618] Processing file: /Users/shuaixiangzhang/Work/current/FNAL_Work2024/michel_e/t0_tagging/pdhd_DATA_v2/t0_rootFiles/new20250808_MC/wvf_merged_applyCut_20250819/wvfFind_event7098_trackID6_opNum4_2.root

Threshold for summed wvf: 0.3
Histogram: total
    Peak at bin 128, Left Height: 13.1478, Right Height: 8.06775
    Peak at bin 153, Left Height: 0.43901, Right Height: 1.18413
    Peak at bin 254, Left Height: 0.490159, Right Height: 0.697277
    Peak at bin 450, Left Height: 0.526745, Right Height: 0.38755
    Peak at bin 480, Left Height: 0.30004, Right Height: 0.366687

Top total peaks (by true height): 128 254 153 

---- Saving Time info of muon and Michel candidates ----
[Saved] Muon time peak index: 128
        Intensity: 8.06775
[Saved] Michel time peak: 254
        Intensity: 0.490159


[619] Processing file: /Users/shuaixiangzhang/Work/current/FNAL_Work2024/michel_e/t0_tagging/pdhd_DATA_v2/t0_rootFiles/new20250808_MC/wvf_merged_applyCut_20250819/wvfFind_event7098_trackID6_opNum5_merged.root

Threshold for summed wvf: 0.3
Histogram: total
    Peak at bin 127, Left Height: 14.1113, Right Height: 10.6736
    Peak at bin 154, Left Height: 1.3954, Right Height: 2.58638
    Peak at bin 222, Left Height: 0.603327, Right Height: 1.99098
    Peak at bin 255, Left Height: 0.649785, Right Height: 0.829628
    Peak at bin 280, Left Height: 0.59511, Right Height: 0.642477
    Peak at bin 474, Left Height: 0.351165, Right Height: 0.609532

Top total peaks (by true height): 127 154 255 

---- Saving Time info of muon and Michel candidates ----
[Saved] Muon time peak index: 127
        Intensity: 10.6736
[Saved] Michel time peak: 154
        Intensity: 1.3954


[620] Processing file: /Users/shuaixiangzhang/Work/current/FNAL_Work2024/michel_e/t0_tagging/pdhd_DATA_v2/t0_rootFiles/new20250808_MC/wvf_merged_applyCut_20250819/wvfFind_event7124_trackID9_opNum9_merged.root

Threshold for summed wvf: 0.3
Histogram: total
    Peak at bin 127, Left Height: 20.601, Right Height: 16.7675
    Peak at bin 166, Left Height: 1.0092, Right Height: 3.0397
    Peak at bin 200, Left Height: 0.851788, Right Height: 0.407975
    Peak at bin 223, Left Height: 1.67377, Right Height: 2.60847
    Peak at bin 258, Left Height: 1.65717, Right Height: 1.44538
    Peak at bin 312, Left Height: 0.581023, Right Height: 1.22484
    Peak at bin 349, Left Height: 0.47112, Right Height: 0.510063
    Peak at bin 433, Left Height: 1.08588, Right Height: 0.944985
    Peak at bin 530, Left Height: 0.35204, Right Height: 0.408908

Top total peaks (by true height): 127 223 258 

---- Saving Time info of muon and Michel candidates ----
[Saved] Muon time peak index: 127
        Intensity: 16.7675
[Saved] Michel time peak: 223
        Intensity: 1.67377


[621] Processing file: /Users/shuaixiangzhang/Work/current/FNAL_Work2024/michel_e/t0_tagging/pdhd_DATA_v2/t0_rootFiles/new20250808_MC/wvf_merged_applyCut_20250819/wvfFind_event7146_trackID5_opNum9_merged.root

Threshold for summed wvf: 0.3
Histogram: total
    Peak at bin 125, Left Height: 6.05168, Right Height: 5.20259
    Peak at bin 191, Left Height: 0.331727, Right Height: 0.591304
    Peak at bin 278, Left Height: 0.515808, Right Height: 0.43485
    Peak at bin 995, Left Height: 7.33522, Right Height: 8.76891

Top total peaks (by true height): 995 125 278 

---- Saving Time info of muon and Michel candidates ----
[Saved] Muon time peak index: 995
        Intensity: 7.33522
[Saved] Michel time peak: 125
        Intensity: 5.20259


[622] Processing file: /Users/shuaixiangzhang/Work/current/FNAL_Work2024/michel_e/t0_tagging/pdhd_DATA_v2/t0_rootFiles/new20250808_MC/wvf_merged_applyCut_20250819/wvfFind_event7151_trackID3_opNum9_merged.root

Threshold for summed wvf: 0.3
Histogram: total
    Peak at bin 128, Left Height: 25.0762, Right Height: 18.0368
    Peak at bin 207, Left Height: 0.630576, Right Height: 1.42318
    Peak at bin 279, Left Height: 2.27197, Right Height: 2.5931
    Peak at bin 315, Left Height: 0.601043, Right Height: 1.08046
    Peak at bin 354, Left Height: 0.426917, Right Height: 1.27347
    Peak at bin 397, Left Height: 0.450745, Right Height: 0.387184
    Peak at bin 485, Left Height: 0.472486, Right Height: 0.460431
    Peak at bin 890, Left Height: 0.318196, Right Height: 0.335896

Top total peaks (by true height): 128 279 207 

---- Saving Time info of muon and Michel candidates ----
[Saved] Muon time peak index: 128
        Intensity: 18.0368
[Saved] Michel time peak: 279
        Intensity: 2.27197


[623] Processing file: /Users/shuaixiangzhang/Work/current/FNAL_Work2024/michel_e/t0_tagging/pdhd_DATA_v2/t0_rootFiles/new20250808_MC/wvf_merged_applyCut_20250819/wvfFind_event7153_trackID14_opNum9_merged.root

Threshold for summed wvf: 0.3
Histogram: total
    Peak at bin 129, Left Height: 257.145, Right Height: 246.831
    Peak at bin 365, Left Height: 0.633279, Right Height: 2.1647
    Peak at bin 495, Left Height: 0.851132, Right Height: 0.922548
    Peak at bin 553, Left Height: 0.654608, Right Height: 1.22125
    Peak at bin 1021, Left Height: 2.37985, Right Height: 0.322382

Top total peaks (by true height): 129 495 553 

---- Saving Time info of muon and Michel candidates ----
[Saved] Muon time peak index: 129
        Intensity: 246.831
[Saved] Michel time peak: 495
        Intensity: 0.851132


[624] Processing file: /Users/shuaixiangzhang/Work/current/FNAL_Work2024/michel_e/t0_tagging/pdhd_DATA_v2/t0_rootFiles/new20250808_MC/wvf_merged_applyCut_20250819/wvfFind_event7155_trackID2_opNum8_merged.root

Threshold for summed wvf: 0.3
Histogram: total
    Peak at bin 125, Left Height: 7.37365, Right Height: 6.07556
    Peak at bin 234, Left Height: 1.03347, Right Height: 1.68323
    Peak at bin 356, Left Height: 0.396092, Right Height: 0.484216
    Peak at bin 395, Left Height: 0.542873, Right Height: 0.436613

Top total peaks (by true height): 125 234 395 

---- Saving Time info of muon and Michel candidates ----
[Saved] Muon time peak index: 125
        Intensity: 6.07556
[Saved] Michel time peak: 234
        Intensity: 1.03347


[625] Processing file: /Users/shuaixiangzhang/Work/current/FNAL_Work2024/michel_e/t0_tagging/pdhd_DATA_v2/t0_rootFiles/new20250808_MC/wvf_merged_applyCut_20250819/wvfFind_event7171_trackID23_opNum5_merged.root

Threshold for summed wvf: 0.3
Histogram: total
    Peak at bin 126, Left Height: 4.66363, Right Height: 3.92671
    Peak at bin 161, Left Height: 0.356556, Right Height: 0.406128
    Peak at bin 254, Left Height: 0.477305, Right Height: 0.490323
    Peak at bin 285, Left Height: 1.20605, Right Height: 1.35883

Top total peaks (by true height): 126 285 254 

---- Saving Time info of muon and Michel candidates ----
[Saved] Muon time peak index: 126
        Intensity: 3.92671
[Saved] Michel time peak: 285
        Intensity: 1.20605


[626] Processing file: /Users/shuaixiangzhang/Work/current/FNAL_Work2024/michel_e/t0_tagging/pdhd_DATA_v2/t0_rootFiles/new20250808_MC/wvf_merged_applyCut_20250819/wvfFind_event7180_trackID5_opNum9_merged.root

Threshold for summed wvf: 0.3
Histogram: total
    Peak at bin 125, Left Height: 5.62636, Right Height: 3.9097
    Peak at bin 211, Left Height: 0.649334, Right Height: 0.458482
    Peak at bin 266, Left Height: 1.20578, Right Height: 1.15181
    Peak at bin 320, Left Height: 0.565574, Right Height: 0.678331
    Peak at bin 442, Left Height: 0.43747, Right Height: 0.613517

Top total peaks (by true height): 125 266 320 

---- Saving Time info of muon and Michel candidates ----
[Saved] Muon time peak index: 125
        Intensity: 3.9097
[Saved] Michel time peak: 266
        Intensity: 1.15181


[627] Processing file: /Users/shuaixiangzhang/Work/current/FNAL_Work2024/michel_e/t0_tagging/pdhd_DATA_v2/t0_rootFiles/new20250808_MC/wvf_merged_applyCut_20250819/wvfFind_event7182_trackID18_opNum9_merged.root

Threshold for summed wvf: 0.3
Histogram: total
    Peak at bin 128, Left Height: 59.4886, Right Height: 46.2474
    Peak at bin 184, Left Height: 2.46216, Right Height: 5.74872
    Peak at bin 290, Left Height: 0.471839, Right Height: 2.50062
    Peak at bin 370, Left Height: 1.49334, Right Height: 0.513006
    Peak at bin 401, Left Height: 0.97735, Right Height: 1.73104
    Peak at bin 476, Left Height: 0.652828, Right Height: 0.605907
    Peak at bin 559, Left Height: 0.752694, Right Height: 0.716201

Top total peaks (by true height): 128 184 401 

---- Saving Time info of muon and Michel candidates ----
[Saved] Muon time peak index: 128
        Intensity: 46.2474
[Saved] Michel time peak: 184
        Intensity: 2.46216


[628] Processing file: /Users/shuaixiangzhang/Work/current/FNAL_Work2024/michel_e/t0_tagging/pdhd_DATA_v2/t0_rootFiles/new20250808_MC/wvf_merged_applyCut_20250819/wvfFind_event719_trackID19_opNum9_merged.root

Threshold for summed wvf: 0.3
Histogram: total
    Peak at bin 126, Left Height: 6.61121, Right Height: 4.89844
    Peak at bin 171, Left Height: 0.497929, Right Height: 0.348304
    Peak at bin 271, Left Height: 0.390013, Right Height: 0.520206
    Peak at bin 396, Left Height: 0.326441, Right Height: 0.40123
    Peak at bin 566, Left Height: 2.6974, Right Height: 1.98983

Top total peaks (by true height): 126 566 271 

---- Saving Time info of muon and Michel candidates ----
[Saved] Muon time peak index: 126
        Intensity: 4.89844
[Saved] Michel time peak: 566
        Intensity: 1.98983


[629] Processing file: /Users/shuaixiangzhang/Work/current/FNAL_Work2024/michel_e/t0_tagging/pdhd_DATA_v2/t0_rootFiles/new20250808_MC/wvf_merged_applyCut_20250819/wvfFind_event71_trackID10_opNum9_merged.root

Threshold for summed wvf: 0.3
Histogram: total
    Peak at bin 127, Left Height: 24.8721, Right Height: 20.7513
    Peak at bin 150, Left Height: 0.324924, Right Height: 0.384985
    Peak at bin 200, Left Height: 1.14175, Right Height: 0.395313
    Peak at bin 223, Left Height: 0.617396, Right Height: 2.20305
    Peak at bin 287, Left Height: 1.18671, Right Height: 1.91658
    Peak at bin 328, Left Height: 0.438398, Right Height: 0.441296
    Peak at bin 354, Left Height: 0.6616, Right Height: 0.99705
    Peak at bin 389, Left Height: 0.562146, Right Height: 0.349101
    Peak at bin 901, Left Height: 2.8223, Right Height: 2.53328
    Peak at bin 935, Left Height: 1.14998, Right Height: 1.7804
    Peak at bin 983, Left Height: 0.682325, Right Height: 0.869325

Top total peaks (by true height): 127 901 287 

---- Saving Time info of muon and Michel candidates ----
[Saved] Muon time peak index: 127
        Intensity: 20.7513
[Saved] Michel time peak: 901
        Intensity: 2.53328


[630] Processing file: /Users/shuaixiangzhang/Work/current/FNAL_Work2024/michel_e/t0_tagging/pdhd_DATA_v2/t0_rootFiles/new20250808_MC/wvf_merged_applyCut_20250819/wvfFind_event71_trackID6_opNum8_merged.root

Threshold for summed wvf: 0.3
Histogram: total
    Peak at bin 128, Left Height: 35.69, Right Height: 27.3253
    Peak at bin 235, Left Height: 0.417483, Right Height: 2.27099
    Peak at bin 268, Left Height: 0.416001, Right Height: 1.75205
    Peak at bin 349, Left Height: 0.42985, Right Height: 1.37722
    Peak at bin 398, Left Height: 0.677762, Right Height: 0.664181
    Peak at bin 453, Left Height: 30.0834, Right Height: 21.9359
    Peak at bin 511, Left Height: 2.69784, Right Height: 7.28508
    Peak at bin 575, Left Height: 0.314479, Right Height: 1.615
    Peak at bin 615, Left Height: 0.425398, Right Height: 1.69674
    Peak at bin 661, Left Height: 0.511554, Right Height: 0.466705
    Peak at bin 754, Left Height: 0.444287, Right Height: 0.857705
    Peak at bin 901, Left Height: 0.384145, Right Height: 0.305236

Top total peaks (by true height): 128 453 511 

---- Saving Time info of muon and Michel candidates ----
[Saved] Muon time peak index: 128
        Intensity: 27.3253
[Saved] Michel time peak: 453
        Intensity: 21.9359


[631] Processing file: /Users/shuaixiangzhang/Work/current/FNAL_Work2024/michel_e/t0_tagging/pdhd_DATA_v2/t0_rootFiles/new20250808_MC/wvf_merged_applyCut_20250819/wvfFind_event7202_trackID3_opNum8_merged.root

Threshold for summed wvf: 0.3
Histogram: total
    Peak at bin 129, Left Height: 152.357, Right Height: 130.344
    Peak at bin 169, Left Height: 2.12784, Right Height: 16.4246
    Peak at bin 261, Left Height: 1.30391, Right Height: 5.11165
    Peak at bin 309, Left Height: 0.403923, Right Height: 1.20124
    Peak at bin 339, Left Height: 16.5719, Right Height: 17.486
    Peak at bin 411, Left Height: 1.82292, Right Height: 3.29828
    Peak at bin 448, Left Height: 0.552247, Right Height: 0.7021
    Peak at bin 478, Left Height: 0.801239, Right Height: 0.974545
    Peak at bin 523, Left Height: 0.374758, Right Height: 0.35559
    Peak at bin 541, Left Height: 0.476912, Right Height: 0.378291
    Peak at bin 560, Left Height: 0.571014, Right Height: 0.825247
    Peak at bin 594, Left Height: 0.376494, Right Height: 0.767411
    Peak at bin 710, Left Height: 0.511086, Right Height: 0.980361
    Peak at bin 977, Left Height: 0.317793, Right Height: 0.516848
    Peak at bin 1020, Left Height: 1.45479, Right Height: 0.320137

Top total peaks (by true height): 129 339 169 

---- Saving Time info of muon and Michel candidates ----
[Saved] Muon time peak index: 129
        Intensity: 130.344
[Saved] Michel time peak: 339
        Intensity: 16.5719


[632] Processing file: /Users/shuaixiangzhang/Work/current/FNAL_Work2024/michel_e/t0_tagging/pdhd_DATA_v2/t0_rootFiles/new20250808_MC/wvf_merged_applyCut_20250819/wvfFind_event7204_trackID10_opNum9_merged.root

Threshold for summed wvf: 0.3
Histogram: total
    Peak at bin 127, Left Height: 22.3962, Right Height: 18.7366
    Peak at bin 157, Left Height: 4.12208, Right Height: 4.02937
    Peak at bin 183, Left Height: 0.608018, Right Height: 1.89255
    Peak at bin 275, Left Height: 0.558973, Right Height: 1.31842
    Peak at bin 300, Left Height: 0.887418, Right Height: 0.409896
    Peak at bin 351, Left Height: 0.350594, Right Height: 0.324249
    Peak at bin 372, Left Height: 0.581622, Right Height: 0.428092
    Peak at bin 487, Left Height: 0.71562, Right Height: 0.875473

Top total peaks (by true height): 127 157 487 

---- Saving Time info of muon and Michel candidates ----
[Saved] Muon time peak index: 127
        Intensity: 18.7366
[Saved] Michel time peak: 157
        Intensity: 4.02937


[633] Processing file: /Users/shuaixiangzhang/Work/current/FNAL_Work2024/michel_e/t0_tagging/pdhd_DATA_v2/t0_rootFiles/new20250808_MC/wvf_merged_applyCut_20250819/wvfFind_event7216_trackID6_opNum9_merged.root

Threshold for summed wvf: 0.3
Histogram: total
    Peak at bin 128, Left Height: 216.215, Right Height: 188.879
    Peak at bin 154, Left Height: 2.294, Right Height: 3.6183
    Peak at bin 174, Left Height: 0.806497, Right Height: 9.59824
    Peak at bin 254, Left Height: 3.60253, Right Height: 3.23715
    Peak at bin 272, Left Height: 0.338351, Right Height: 5.01675
    Peak at bin 322, Left Height: 13.4746, Right Height: 14.2078
    Peak at bin 360, Left Height: 1.96956, Right Height: 0.461752
    Peak at bin 396, Left Height: 45.1909, Right Height: 41.8188
    Peak at bin 434, Left Height: 2.21886, Right Height: 6.41001
    Peak at bin 463, Left Height: 1.06044, Right Height: 2.61648
    Peak at bin 490, Left Height: 2.82819, Right Height: 1.98078
    Peak at bin 560, Left Height: 1.3535, Right Height: 2.83057
    Peak at bin 596, Left Height: 1.46876, Right Height: 1.00756
    Peak at bin 627, Left Height: 1.13585, Right Height: 1.18171
    Peak at bin 658, Left Height: 0.580581, Right Height: 0.645618
    Peak at bin 681, Left Height: 0.920303, Right Height: 0.650286
    Peak at bin 766, Left Height: 0.70995, Right Height: 0.491676
    Peak at bin 813, Left Height: 0.378683, Right Height: 0.901471
    Peak at bin 838, Left Height: 0.360097, Right Height: 0.350199
    Peak at bin 929, Left Height: 0.573311, Right Height: 0.683844

Top total peaks (by true height): 128 396 322 

---- Saving Time info of muon and Michel candidates ----
[Saved] Muon time peak index: 128
        Intensity: 188.879
[Saved] Michel time peak: 396
        Intensity: 41.8188


[634] Processing file: /Users/shuaixiangzhang/Work/current/FNAL_Work2024/michel_e/t0_tagging/pdhd_DATA_v2/t0_rootFiles/new20250808_MC/wvf_merged_applyCut_20250819/wvfFind_event7224_trackID0_opNum9_merged.root

Threshold for summed wvf: 0.3
Histogram: total
    Peak at bin 128, Left Height: 215.456, Right Height: 187.973
    Peak at bin 158, Left Height: 4.87647, Right Height: 23.7831
    Peak at bin 248, Left Height: 3.7688, Right Height: 8.72409
    Peak at bin 286, Left Height: 25.424, Right Height: 24.9425
    Peak at bin 312, Left Height: 2.44419, Right Height: 3.05105
    Peak at bin 346, Left Height: 1.53678, Right Height: 5.30578
    Peak at bin 385, Left Height: 3.38674, Right Height: 3.33399
    Peak at bin 408, Left Height: 1.74791, Right Height: 1.16022
    Peak at bin 426, Left Height: 0.375975, Right Height: 0.338415
    Peak at bin 447, Left Height: 0.411741, Right Height: 1.15367
    Peak at bin 469, Left Height: 1.21979, Right Height: 1.77216
    Peak at bin 503, Left Height: 1.86982, Right Height: 2.10904
    Peak at bin 533, Left Height: 1.57165, Right Height: 0.539698
    Peak at bin 564, Left Height: 0.612156, Right Height: 1.21636
    Peak at bin 659, Left Height: 0.965514, Right Height: 1.04071
    Peak at bin 680, Left Height: 0.307818, Right Height: 0.42065
    Peak at bin 702, Left Height: 1.04541, Right Height: 1.36751
    Peak at bin 737, Left Height: 0.760721, Right Height: 0.414567
    Peak at bin 870, Left Height: 0.354343, Right Height: 0.671538
    Peak at bin 951, Left Height: 0.42529, Right Height: 0.5867
    Peak at bin 1020, Left Height: 2.488, Right Height: 0.508819

Top total peaks (by true height): 128 286 158 

---- Saving Time info of muon and Michel candidates ----
[Saved] Muon time peak index: 128
        Intensity: 187.973
[Saved] Michel time peak: 286
        Intensity: 24.9425


[635] Processing file: /Users/shuaixiangzhang/Work/current/FNAL_Work2024/michel_e/t0_tagging/pdhd_DATA_v2/t0_rootFiles/new20250808_MC/wvf_merged_applyCut_20250819/wvfFind_event7231_trackID5_opNum5_merged.root

Threshold for summed wvf: 0.3
Histogram: total
    Peak at bin 128, Left Height: 19.2257, Right Height: 14.4818
    Peak at bin 177, Left Height: 0.409418, Right Height: 1.05775
    Peak at bin 275, Left Height: 0.571498, Right Height: 1.39086
    Peak at bin 425, Left Height: 0.613473, Right Height: 0.576918

Top total peaks (by true height): 128 425 275 

---- Saving Time info of muon and Michel candidates ----
[Saved] Muon time peak index: 128
        Intensity: 14.4818
[Saved] Michel time peak: 425
        Intensity: 0.576918


[636] Processing file: /Users/shuaixiangzhang/Work/current/FNAL_Work2024/michel_e/t0_tagging/pdhd_DATA_v2/t0_rootFiles/new20250808_MC/wvf_merged_applyCut_20250819/wvfFind_event7237_trackID26_opNum4_merged.root

Threshold for summed wvf: 0.3
Histogram: total
    Peak at bin 124, Left Height: 2.14354, Right Height: 1.56471

Top total peaks (by true height): 124 0 

---- Saving Time info of muon and Michel candidates ----
[Saved] Muon time peak index: 124
        Intensity: 1.56471
[Saved] Michel time peak: 0
        Intensity: 0


[637] Processing file: /Users/shuaixiangzhang/Work/current/FNAL_Work2024/michel_e/t0_tagging/pdhd_DATA_v2/t0_rootFiles/new20250808_MC/wvf_merged_applyCut_20250819/wvfFind_event7251_trackID25_opNum6_merged.root

Threshold for summed wvf: 0.3
Histogram: total
    Peak at bin 125, Left Height: 3.50659, Right Height: 2.96717
    Peak at bin 330, Left Height: 0.736979, Right Height: 0.764971
    Peak at bin 388, Left Height: 0.468764, Right Height: 0.318033

Top total peaks (by true height): 125 330 388 

---- Saving Time info of muon and Michel candidates ----
[Saved] Muon time peak index: 125
        Intensity: 2.96717
[Saved] Michel time peak: 330
        Intensity: 0.736979


[638] Processing file: /Users/shuaixiangzhang/Work/current/FNAL_Work2024/michel_e/t0_tagging/pdhd_DATA_v2/t0_rootFiles/new20250808_MC/wvf_merged_applyCut_20250819/wvfFind_event7263_trackID6_opNum9_merged.root

Threshold for summed wvf: 0.3
Histogram: total
    Peak at bin 127, Left Height: 18.2509, Right Height: 15.8272
    Peak at bin 164, Left Height: 0.587213, Right Height: 1.26146
    Peak at bin 234, Left Height: 0.545928, Right Height: 0.33016
    Peak at bin 254, Left Height: 0.40422, Right Height: 0.652082
    Peak at bin 275, Left Height: 0.99037, Right Height: 1.07589
    Peak at bin 315, Left Height: 0.401779, Right Height: 0.675847
    Peak at bin 342, Left Height: 1.00209, Right Height: 0.73079
    Peak at bin 371, Left Height: 0.458918, Right Height: 0.634878
    Peak at bin 405, Left Height: 5.20077, Right Height: 4.57585
    Peak at bin 447, Left Height: 1.51984, Right Height: 1.75584
    Peak at bin 530, Left Height: 0.381001, Right Height: 0.924085
    Peak at bin 566, Left Height: 0.530903, Right Height: 0.32756

Top total peaks (by true height): 127 405 447 

---- Saving Time info of muon and Michel candidates ----
[Saved] Muon time peak index: 127
        Intensity: 15.8272
[Saved] Michel time peak: 405
        Intensity: 4.57585


[639] Processing file: /Users/shuaixiangzhang/Work/current/FNAL_Work2024/michel_e/t0_tagging/pdhd_DATA_v2/t0_rootFiles/new20250808_MC/wvf_merged_applyCut_20250819/wvfFind_event7266_trackID12_opNum8_merged.root

Threshold for summed wvf: 0.3
Histogram: total
    Peak at bin 126, Left Height: 11.7028, Right Height: 10.5971
    Peak at bin 175, Left Height: 0.734833, Right Height: 0.908292
    Peak at bin 204, Left Height: 1.03479, Right Height: 2.30504
    Peak at bin 296, Left Height: 0.585927, Right Height: 0.620298
    Peak at bin 325, Left Height: 0.389932, Right Height: 0.416761
    Peak at bin 389, Left Height: 0.647918, Right Height: 0.358093
    Peak at bin 497, Left Height: 0.607037, Right Height: 0.442359
    Peak at bin 587, Left Height: 0.390223, Right Height: 0.340163

Top total peaks (by true height): 126 204 175 

---- Saving Time info of muon and Michel candidates ----
[Saved] Muon time peak index: 126
        Intensity: 10.5971
[Saved] Michel time peak: 204
        Intensity: 1.03479


[640] Processing file: /Users/shuaixiangzhang/Work/current/FNAL_Work2024/michel_e/t0_tagging/pdhd_DATA_v2/t0_rootFiles/new20250808_MC/wvf_merged_applyCut_20250819/wvfFind_event7274_trackID4_opNum9_merged.root

Threshold for summed wvf: 0.3
Histogram: total
    Peak at bin 128, Left Height: 33.486, Right Height: 28.1515
    Peak at bin 238, Left Height: 1.28247, Right Height: 1.98411
    Peak at bin 263, Left Height: 0.82541, Right Height: 1.08699
    Peak at bin 306, Left Height: 6.32201, Right Height: 5.80774
    Peak at bin 329, Left Height: 0.502343, Right Height: 0.731213
    Peak at bin 360, Left Height: 1.02316, Right Height: 1.80592
    Peak at bin 465, Left Height: 1.36469, Right Height: 1.23266
    Peak at bin 550, Left Height: 0.859965, Right Height: 0.448916
    Peak at bin 626, Left Height: 0.395202, Right Height: 0.30546

Top total peaks (by true height): 128 306 238 

---- Saving Time info of muon and Michel candidates ----
[Saved] Muon time peak index: 128
        Intensity: 28.1515
[Saved] Michel time peak: 306
        Intensity: 5.80774


[641] Processing file: /Users/shuaixiangzhang/Work/current/FNAL_Work2024/michel_e/t0_tagging/pdhd_DATA_v2/t0_rootFiles/new20250808_MC/wvf_merged_applyCut_20250819/wvfFind_event7287_trackID9_opNum9_merged.root

Threshold for summed wvf: 0.3
Histogram: total
    Peak at bin 127, Left Height: 28.7948, Right Height: 22.7323
    Peak at bin 229, Left Height: 1.42668, Right Height: 0.910179
    Peak at bin 253, Left Height: 3.22509, Right Height: 4.54049
    Peak at bin 290, Left Height: 1.933, Right Height: 1.6326
    Peak at bin 314, Left Height: 0.692862, Right Height: 0.338793
    Peak at bin 352, Left Height: 0.659794, Right Height: 0.858772
    Peak at bin 384, Left Height: 0.607432, Right Height: 0.400914
    Peak at bin 415, Left Height: 0.352711, Right Height: 0.501821
    Peak at bin 472, Left Height: 0.64467, Right Height: 0.36825
    Peak at bin 538, Left Height: 0.76754, Right Height: 0.458131
    Peak at bin 647, Left Height: 0.634505, Right Height: 0.615752

Top total peaks (by true height): 127 253 290 

---- Saving Time info of muon and Michel candidates ----
[Saved] Muon time peak index: 127
        Intensity: 22.7323
[Saved] Michel time peak: 253
        Intensity: 3.22509


[642] Processing file: /Users/shuaixiangzhang/Work/current/FNAL_Work2024/michel_e/t0_tagging/pdhd_DATA_v2/t0_rootFiles/new20250808_MC/wvf_merged_applyCut_20250819/wvfFind_event7288_trackID8_opNum9_merged.root

Threshold for summed wvf: 0.3
Histogram: total
    Peak at bin 127, Left Height: 11.2061, Right Height: 8.10179
    Peak at bin 189, Left Height: 0.536706, Right Height: 2.22122
    Peak at bin 248, Left Height: 0.735434, Right Height: 0.666476
    Peak at bin 289, Left Height: 0.467742, Right Height: 1.31405
    Peak at bin 356, Left Height: 0.437714, Right Height: 0.875601

Top total peaks (by true height): 127 248 189 

---- Saving Time info of muon and Michel candidates ----
[Saved] Muon time peak index: 127
        Intensity: 8.10179
[Saved] Michel time peak: 248
        Intensity: 0.666476


[643] Processing file: /Users/shuaixiangzhang/Work/current/FNAL_Work2024/michel_e/t0_tagging/pdhd_DATA_v2/t0_rootFiles/new20250808_MC/wvf_merged_applyCut_20250819/wvfFind_event7291_trackID6_opNum5_merged.root

Threshold for summed wvf: 0.3
Histogram: total
    Peak at bin 126, Left Height: 10.7617, Right Height: 7.92384
    Peak at bin 220, Left Height: 0.56216, Right Height: 0.502581
    Peak at bin 270, Left Height: 0.88378, Right Height: 1.13957
    Peak at bin 327, Left Height: 0.449322, Right Height: 0.605174
    Peak at bin 369, Left Height: 0.884131, Right Height: 0.568895
    Peak at bin 428, Left Height: 0.668834, Right Height: 0.665892

Top total peaks (by true height): 126 270 428 

---- Saving Time info of muon and Michel candidates ----
[Saved] Muon time peak index: 126
        Intensity: 7.92384
[Saved] Michel time peak: 270
        Intensity: 0.88378


[644] Processing file: /Users/shuaixiangzhang/Work/current/FNAL_Work2024/michel_e/t0_tagging/pdhd_DATA_v2/t0_rootFiles/new20250808_MC/wvf_merged_applyCut_20250819/wvfFind_event7296_trackID23_opNum8_merged.root

Threshold for summed wvf: 0.3
Histogram: total
    Peak at bin 125, Left Height: 5.70554, Right Height: 5.01923
    Peak at bin 178, Left Height: 1.67301, Right Height: 1.63689
    Peak at bin 224, Left Height: 0.662221, Right Height: 0.712923
    Peak at bin 301, Left Height: 0.483985, Right Height: 0.410733

Top total peaks (by true height): 125 178 224 

---- Saving Time info of muon and Michel candidates ----
[Saved] Muon time peak index: 125
        Intensity: 5.01923
[Saved] Michel time peak: 178
        Intensity: 1.63689


[645] Processing file: /Users/shuaixiangzhang/Work/current/FNAL_Work2024/michel_e/t0_tagging/pdhd_DATA_v2/t0_rootFiles/new20250808_MC/wvf_merged_applyCut_20250819/wvfFind_event7312_trackID20_opNum9_merged.root

Threshold for summed wvf: 0.3
Histogram: total
    Peak at bin 125, Left Height: 7.40772, Right Height: 5.51066
    Peak at bin 154, Left Height: 1.14795, Right Height: 1.65637
    Peak at bin 210, Left Height: 0.531315, Right Height: 0.828595
    Peak at bin 283, Left Height: 1.98381, Right Height: 1.44031
    Peak at bin 386, Left Height: 0.449218, Right Height: 0.56043

Top total peaks (by true height): 125 283 154 

---- Saving Time info of muon and Michel candidates ----
[Saved] Muon time peak index: 125
        Intensity: 5.51066
[Saved] Michel time peak: 283
        Intensity: 1.44031


[646] Processing file: /Users/shuaixiangzhang/Work/current/FNAL_Work2024/michel_e/t0_tagging/pdhd_DATA_v2/t0_rootFiles/new20250808_MC/wvf_merged_applyCut_20250819/wvfFind_event7338_trackID3_opNum9_merged.root

Threshold for summed wvf: 0.3
Histogram: total
    Peak at bin 127, Left Height: 13.5899, Right Height: 9.50354
    Peak at bin 160, Left Height: 0.401111, Right Height: 1.43233
    Peak at bin 188, Left Height: 0.438531, Right Height: 0.672922
    Peak at bin 288, Left Height: 0.433532, Right Height: 1.02055
    Peak at bin 373, Left Height: 0.534158, Right Height: 0.453091
    Peak at bin 465, Left Height: 0.344268, Right Height: 0.56398
    Peak at bin 509, Left Height: 2.9446, Right Height: 2.28879
    Peak at bin 574, Left Height: 0.359759, Right Height: 0.700328
    Peak at bin 604, Left Height: 0.333497, Right Height: 0.354463

Top total peaks (by true height): 127 509 373 

---- Saving Time info of muon and Michel candidates ----
[Saved] Muon time peak index: 127
        Intensity: 9.50354
[Saved] Michel time peak: 509
        Intensity: 2.28879


[647] Processing file: /Users/shuaixiangzhang/Work/current/FNAL_Work2024/michel_e/t0_tagging/pdhd_DATA_v2/t0_rootFiles/new20250808_MC/wvf_merged_applyCut_20250819/wvfFind_event7345_trackID12_opNum9_merged.root

Threshold for summed wvf: 0.3
Histogram: total
    Peak at bin 127, Left Height: 11.3957, Right Height: 7.33624
    Peak at bin 160, Left Height: 1.06756, Right Height: 2.97929
    Peak at bin 198, Left Height: 0.622361, Right Height: 0.358355
    Peak at bin 342, Left Height: 0.495222, Right Height: 0.498594

Top total peaks (by true height): 127 160 342 

---- Saving Time info of muon and Michel candidates ----
[Saved] Muon time peak index: 127
        Intensity: 7.33624
[Saved] Michel time peak: 160
        Intensity: 1.06756


[648] Processing file: /Users/shuaixiangzhang/Work/current/FNAL_Work2024/michel_e/t0_tagging/pdhd_DATA_v2/t0_rootFiles/new20250808_MC/wvf_merged_applyCut_20250819/wvfFind_event7348_trackID1_opNum5_merged.root

Threshold for summed wvf: 0.3
Histogram: total
    Peak at bin 128, Left Height: 95.6813, Right Height: 83.1183
    Peak at bin 152, Left Height: 0.824073, Right Height: 0.827545
    Peak at bin 179, Left Height: 8.07003, Right Height: 6.97185
    Peak at bin 227, Left Height: 0.50121, Right Height: 1.703
    Peak at bin 251, Left Height: 1.05522, Right Height: 4.65583
    Peak at bin 276, Left Height: 0.431795, Right Height: 1.09451
    Peak at bin 308, Left Height: 1.13948, Right Height: 2.30653
    Peak at bin 333, Left Height: 0.605089, Right Height: 1.45149
    Peak at bin 368, Left Height: 1.18824, Right Height: 0.453348
    Peak at bin 408, Left Height: 0.658868, Right Height: 1.72998
    Peak at bin 441, Left Height: 1.09973, Right Height: 1.01339
    Peak at bin 481, Left Height: 0.669032, Right Height: 0.642853
    Peak at bin 511, Left Height: 0.863762, Right Height: 0.929595
    Peak at bin 677, Left Height: 0.405294, Right Height: 0.443328

Top total peaks (by true height): 128 179 308 

---- Saving Time info of muon and Michel candidates ----
[Saved] Muon time peak index: 128
        Intensity: 83.1183
[Saved] Michel time peak: 179
        Intensity: 6.97185


[649] Processing file: /Users/shuaixiangzhang/Work/current/FNAL_Work2024/michel_e/t0_tagging/pdhd_DATA_v2/t0_rootFiles/new20250808_MC/wvf_merged_applyCut_20250819/wvfFind_event7384_trackID7_opNum4_merged.root

Threshold for summed wvf: 0.3
Histogram: total
    Peak at bin 128, Left Height: 9.06774, Right Height: 6.68155
    Peak at bin 277, Left Height: 0.414927, Right Height: 0.612982
    Peak at bin 531, Left Height: 0.971779, Right Height: 0.687692

Top total peaks (by true height): 128 531 277 

---- Saving Time info of muon and Michel candidates ----
[Saved] Muon time peak index: 128
        Intensity: 6.68155
[Saved] Michel time peak: 531
        Intensity: 0.687692


[650] Processing file: /Users/shuaixiangzhang/Work/current/FNAL_Work2024/michel_e/t0_tagging/pdhd_DATA_v2/t0_rootFiles/new20250808_MC/wvf_merged_applyCut_20250819/wvfFind_event7389_trackID24_opNum8_merged.root

Threshold for summed wvf: 0.3
Histogram: total
    Peak at bin 125, Left Height: 6.79865, Right Height: 5.22108
    Peak at bin 192, Left Height: 0.577587, Right Height: 0.419986
    Peak at bin 241, Left Height: 0.407266, Right Height: 0.542703
    Peak at bin 270, Left Height: 0.679429, Right Height: 0.843467
    Peak at bin 298, Left Height: 0.619451, Right Height: 0.460066
    Peak at bin 377, Left Height: 0.433671, Right Height: 0.431564
    Peak at bin 508, Left Height: 0.861678, Right Height: 0.809342
    Peak at bin 570, Left Height: 0.413082, Right Height: 0.358709

Top total peaks (by true height): 125 508 270 

---- Saving Time info of muon and Michel candidates ----
[Saved] Muon time peak index: 125
        Intensity: 5.22108
[Saved] Michel time peak: 508
        Intensity: 0.809342


[651] Processing file: /Users/shuaixiangzhang/Work/current/FNAL_Work2024/michel_e/t0_tagging/pdhd_DATA_v2/t0_rootFiles/new20250808_MC/wvf_merged_applyCut_20250819/wvfFind_event7409_trackID13_opNum9_merged.root

Threshold for summed wvf: 0.3
Histogram: total
    Peak at bin 126, Left Height: 11.8828, Right Height: 9.14606
    Peak at bin 193, Left Height: 2.7084, Right Height: 3.02764
    Peak at bin 255, Left Height: 0.645257, Right Height: 0.672412
    Peak at bin 289, Left Height: 0.824839, Right Height: 1.38674
    Peak at bin 331, Left Height: 0.890539, Right Height: 0.605229
    Peak at bin 473, Left Height: 0.337555, Right Height: 0.480497

Top total peaks (by true height): 126 193 289 

---- Saving Time info of muon and Michel candidates ----
[Saved] Muon time peak index: 126
        Intensity: 9.14606
[Saved] Michel time peak: 193
        Intensity: 2.7084


[652] Processing file: /Users/shuaixiangzhang/Work/current/FNAL_Work2024/michel_e/t0_tagging/pdhd_DATA_v2/t0_rootFiles/new20250808_MC/wvf_merged_applyCut_20250819/wvfFind_event740_trackID4_opNum9_merged.root

Threshold for summed wvf: 0.3
Histogram: total
    Peak at bin 127, Left Height: 57.9213, Right Height: 50.4609
    Peak at bin 169, Left Height: 1.43667, Right Height: 4.84162
    Peak at bin 223, Left Height: 0.304777, Right Height: 1.65158
    Peak at bin 254, Left Height: 0.549723, Right Height: 1.46999
    Peak at bin 280, Left Height: 0.949915, Right Height: 0.898518
    Peak at bin 340, Left Height: 14.3207, Right Height: 13.4015
    Peak at bin 372, Left Height: 1.12695, Right Height: 2.48476
    Peak at bin 416, Left Height: 0.870172, Right Height: 0.571369
    Peak at bin 442, Left Height: 0.831345, Right Height: 0.953608
    Peak at bin 468, Left Height: 1.32487, Right Height: 1.4342
    Peak at bin 498, Left Height: 1.10983, Right Height: 1.75836
    Peak at bin 546, Left Height: 1.31157, Right Height: 1.04842
    Peak at bin 592, Left Height: 0.477336, Right Height: 0.345562
    Peak at bin 628, Left Height: 0.712903, Right Height: 0.857324
    Peak at bin 737, Left Height: 0.391485, Right Height: 0.389418

Top total peaks (by true height): 127 340 169 

---- Saving Time info of muon and Michel candidates ----
[Saved] Muon time peak index: 127
        Intensity: 50.4609
[Saved] Michel time peak: 340
        Intensity: 13.4015


[653] Processing file: /Users/shuaixiangzhang/Work/current/FNAL_Work2024/michel_e/t0_tagging/pdhd_DATA_v2/t0_rootFiles/new20250808_MC/wvf_merged_applyCut_20250819/wvfFind_event7416_trackID11_opNum5_merged.root

Threshold for summed wvf: 0.3
Histogram: total
    Peak at bin 123, Left Height: 3.99972, Right Height: 4.29301
    Peak at bin 151, Left Height: 0.906641, Right Height: 0.567139
    Peak at bin 210, Left Height: 0.374942, Right Height: 0.570675
    Peak at bin 253, Left Height: 0.640718, Right Height: 0.447259
    Peak at bin 442, Left Height: 0.476753, Right Height: 0.527128

Top total peaks (by true height): 123 151 442 

---- Saving Time info of muon and Michel candidates ----
[Saved] Muon time peak index: 123
        Intensity: 3.99972
[Saved] Michel time peak: 151
        Intensity: 0.567139


[654] Processing file: /Users/shuaixiangzhang/Work/current/FNAL_Work2024/michel_e/t0_tagging/pdhd_DATA_v2/t0_rootFiles/new20250808_MC/wvf_merged_applyCut_20250819/wvfFind_event7428_trackID11_opNum5_merged.root

Threshold for summed wvf: 0.3
Histogram: total
    Peak at bin 126, Left Height: 7.75687, Right Height: 6.19177
    Peak at bin 150, Left Height: 0.510647, Right Height: 1.23791
    Peak at bin 173, Left Height: 0.428412, Right Height: 1.30353
    Peak at bin 223, Left Height: 1.80769, Right Height: 1.43401
    Peak at bin 246, Left Height: 0.364169, Right Height: 0.694936
    Peak at bin 303, Left Height: 0.551474, Right Height: 1.01087
    Peak at bin 439, Left Height: 0.478815, Right Height: 0.595857

Top total peaks (by true height): 126 223 303 

---- Saving Time info of muon and Michel candidates ----
[Saved] Muon time peak index: 126
        Intensity: 6.19177
[Saved] Michel time peak: 223
        Intensity: 1.43401


[655] Processing file: /Users/shuaixiangzhang/Work/current/FNAL_Work2024/michel_e/t0_tagging/pdhd_DATA_v2/t0_rootFiles/new20250808_MC/wvf_merged_applyCut_20250819/wvfFind_event7429_trackID5_opNum9_merged.root

Threshold for summed wvf: 0.3
Histogram: total
    Peak at bin 129, Left Height: 255.428, Right Height: 236.484
    Peak at bin 252, Left Height: 0.510938, Right Height: 10.3963
    Peak at bin 309, Left Height: 0.342481, Right Height: 0.38441
    Peak at bin 324, Left Height: 0.389681, Right Height: 2.59903
    Peak at bin 371, Left Height: 0.34576, Right Height: 2.69348
    Peak at bin 399, Left Height: 0.357655, Right Height: 0.532649
    Peak at bin 418, Left Height: 0.35124, Right Height: 1.3024
    Peak at bin 458, Left Height: 2.46333, Right Height: 2.00862
    Peak at bin 517, Left Height: 0.966666, Right Height: 1.1247
    Peak at bin 627, Left Height: 1.26508, Right Height: 0.414901
    Peak at bin 660, Left Height: 0.484581, Right Height: 0.475825
    Peak at bin 706, Left Height: 0.914995, Right Height: 0.660217
    Peak at bin 774, Left Height: 0.723537, Right Height: 0.373308
    Peak at bin 1020, Left Height: 2.98994, Right Height: 0.52354

Top total peaks (by true height): 129 458 517 

---- Saving Time info of muon and Michel candidates ----
[Saved] Muon time peak index: 129
        Intensity: 236.484
[Saved] Michel time peak: 458
        Intensity: 2.00862


[656] Processing file: /Users/shuaixiangzhang/Work/current/FNAL_Work2024/michel_e/t0_tagging/pdhd_DATA_v2/t0_rootFiles/new20250808_MC/wvf_merged_applyCut_20250819/wvfFind_event7430_trackID0_opNum9_merged.root

Threshold for summed wvf: 0.3
Histogram: total
    Peak at bin 127, Left Height: 17.3855, Right Height: 14.6827
    Peak at bin 175, Left Height: 0.952177, Right Height: 1.3315
    Peak at bin 256, Left Height: 0.360249, Right Height: 0.882098
    Peak at bin 460, Left Height: 0.431184, Right Height: 0.408052
    Peak at bin 574, Left Height: 0.805032, Right Height: 0.579339

Top total peaks (by true height): 127 175 574 

---- Saving Time info of muon and Michel candidates ----
[Saved] Muon time peak index: 127
        Intensity: 14.6827
[Saved] Michel time peak: 175
        Intensity: 0.952177


[657] Processing file: /Users/shuaixiangzhang/Work/current/FNAL_Work2024/michel_e/t0_tagging/pdhd_DATA_v2/t0_rootFiles/new20250808_MC/wvf_merged_applyCut_20250819/wvfFind_event743_trackID11_opNum4_merged.root

Threshold for summed wvf: 0.3
Histogram: total
    Peak at bin 124, Left Height: 3.22133, Right Height: 2.71769
    Peak at bin 159, Left Height: 0.512373, Right Height: 0.859351
    Peak at bin 183, Left Height: 0.424862, Right Height: 0.672602
    Peak at bin 352, Left Height: 0.366225, Right Height: 0.322266
    Peak at bin 425, Left Height: 0.366562, Right Height: 0.34579

Top total peaks (by true height): 124 159 183 

---- Saving Time info of muon and Michel candidates ----
[Saved] Muon time peak index: 124
        Intensity: 2.71769
[Saved] Michel time peak: 159
        Intensity: 0.512373


[658] Processing file: /Users/shuaixiangzhang/Work/current/FNAL_Work2024/michel_e/t0_tagging/pdhd_DATA_v2/t0_rootFiles/new20250808_MC/wvf_merged_applyCut_20250819/wvfFind_event744_trackID7_opNum9_merged.root

Threshold for summed wvf: 0.3
Histogram: total
    Peak at bin 128, Left Height: 33.3069, Right Height: 25.8894
    Peak at bin 150, Left Height: 0.465153, Right Height: 3.08068
    Peak at bin 199, Left Height: 0.714515, Right Height: 3.39025
    Peak at bin 360, Left Height: 0.686167, Right Height: 1.32568
    Peak at bin 396, Left Height: 0.961571, Right Height: 0.318812
    Peak at bin 451, Left Height: 0.370128, Right Height: 0.342778
    Peak at bin 620, Left Height: 0.502105, Right Height: 0.512737

Top total peaks (by true height): 128 199 360 

---- Saving Time info of muon and Michel candidates ----
[Saved] Muon time peak index: 128
        Intensity: 25.8894
[Saved] Michel time peak: 199
        Intensity: 0.714515


[659] Processing file: /Users/shuaixiangzhang/Work/current/FNAL_Work2024/michel_e/t0_tagging/pdhd_DATA_v2/t0_rootFiles/new20250808_MC/wvf_merged_applyCut_20250819/wvfFind_event7452_trackID3_opNum8_merged.root

Threshold for summed wvf: 0.3
Histogram: total
    Peak at bin 127, Left Height: 15.6719, Right Height: 10.9772
    Peak at bin 153, Left Height: 0.5356, Right Height: 1.35474
    Peak at bin 184, Left Height: 0.394574, Right Height: 0.477475
    Peak at bin 260, Left Height: 0.650434, Right Height: 1.30217
    Peak at bin 305, Left Height: 4.14915, Right Height: 3.72035
    Peak at bin 383, Left Height: 0.589892, Right Height: 1.22878
    Peak at bin 428, Left Height: 0.559172, Right Height: 0.56725

Top total peaks (by true height): 127 305 260 

---- Saving Time info of muon and Michel candidates ----
[Saved] Muon time peak index: 127
        Intensity: 10.9772
[Saved] Michel time peak: 305
        Intensity: 3.72035


[660] Processing file: /Users/shuaixiangzhang/Work/current/FNAL_Work2024/michel_e/t0_tagging/pdhd_DATA_v2/t0_rootFiles/new20250808_MC/wvf_merged_applyCut_20250819/wvfFind_event7466_trackID4_opNum9_merged.root

Threshold for summed wvf: 0.3
Histogram: total
    Peak at bin 128, Left Height: 120.793, Right Height: 102.617
    Peak at bin 158, Left Height: 1.75812, Right Height: 7.94884
    Peak at bin 197, Left Height: 0.388542, Right Height: 3.32774
    Peak at bin 222, Left Height: 1.66739, Right Height: 7.13442
    Peak at bin 327, Left Height: 0.894705, Right Height: 1.7197
    Peak at bin 360, Left Height: 1.59046, Right Height: 1.56757
    Peak at bin 385, Left Height: 0.449479, Right Height: 1.09913
    Peak at bin 432, Left Height: 0.370603, Right Height: 0.717493
    Peak at bin 537, Left Height: 0.89659, Right Height: 0.506014
    Peak at bin 627, Left Height: 0.985097, Right Height: 1.13379
    Peak at bin 684, Left Height: 0.441198, Right Height: 0.334332

Top total peaks (by true height): 128 158 222 

---- Saving Time info of muon and Michel candidates ----
[Saved] Muon time peak index: 128
        Intensity: 102.617
[Saved] Michel time peak: 158
        Intensity: 1.75812


[661] Processing file: /Users/shuaixiangzhang/Work/current/FNAL_Work2024/michel_e/t0_tagging/pdhd_DATA_v2/t0_rootFiles/new20250808_MC/wvf_merged_applyCut_20250819/wvfFind_event7501_trackID13_opNum6_merged.root

Threshold for summed wvf: 0.3
Histogram: total
    Peak at bin 124, Left Height: 3.63632, Right Height: 2.28088
    Peak at bin 298, Left Height: 0.366677, Right Height: 0.648975

Top total peaks (by true height): 124 298 

---- Saving Time info of muon and Michel candidates ----
[Saved] Muon time peak index: 124
        Intensity: 2.28088
[Saved] Michel time peak: 298
        Intensity: 0.366677


[662] Processing file: /Users/shuaixiangzhang/Work/current/FNAL_Work2024/michel_e/t0_tagging/pdhd_DATA_v2/t0_rootFiles/new20250808_MC/wvf_merged_applyCut_20250819/wvfFind_event7501_trackID8_opNum5_merged.root

Threshold for summed wvf: 0.3
Histogram: total
    Peak at bin 125, Left Height: 5.33986, Right Height: 4.59345
    Peak at bin 209, Left Height: 0.438539, Right Height: 0.73232
    Peak at bin 311, Left Height: 0.322779, Right Height: 0.486517
    Peak at bin 417, Left Height: 0.345774, Right Height: 0.393797
    Peak at bin 596, Left Height: 0.675487, Right Height: 0.655654

Top total peaks (by true height): 125 596 209 

---- Saving Time info of muon and Michel candidates ----
[Saved] Muon time peak index: 125
        Intensity: 4.59345
[Saved] Michel time peak: 596
        Intensity: 0.655654


[663] Processing file: /Users/shuaixiangzhang/Work/current/FNAL_Work2024/michel_e/t0_tagging/pdhd_DATA_v2/t0_rootFiles/new20250808_MC/wvf_merged_applyCut_20250819/wvfFind_event7528_trackID20_opNum8_merged.root

Threshold for summed wvf: 0.3
Histogram: total
    Peak at bin 124, Left Height: 4.68603, Right Height: 4.27914
    Peak at bin 184, Left Height: 0.552733, Right Height: 1.30755
    Peak at bin 222, Left Height: 0.657886, Right Height: 0.649818
    Peak at bin 464, Left Height: 0.349294, Right Height: 0.344789
    Peak at bin 673, Left Height: 0.341102, Right Height: 0.330657

Top total peaks (by true height): 124 222 184 

---- Saving Time info of muon and Michel candidates ----
[Saved] Muon time peak index: 124
        Intensity: 4.27914
[Saved] Michel time peak: 222
        Intensity: 0.649818


[664] Processing file: /Users/shuaixiangzhang/Work/current/FNAL_Work2024/michel_e/t0_tagging/pdhd_DATA_v2/t0_rootFiles/new20250808_MC/wvf_merged_applyCut_20250819/wvfFind_event752_trackID1_opNum5_merged.root

Threshold for summed wvf: 0.3
Histogram: total
    Peak at bin 125, Left Height: 2.7034, Right Height: 1.83915

Top total peaks (by true height): 125 0 

---- Saving Time info of muon and Michel candidates ----
[Saved] Muon time peak index: 125
        Intensity: 1.83915
[Saved] Michel time peak: 0
        Intensity: 0


[665] Processing file: /Users/shuaixiangzhang/Work/current/FNAL_Work2024/michel_e/t0_tagging/pdhd_DATA_v2/t0_rootFiles/new20250808_MC/wvf_merged_applyCut_20250819/wvfFind_event7537_trackID2_opNum9_merged.root

Threshold for summed wvf: 0.3
Histogram: total
    Peak at bin 127, Left Height: 15.493, Right Height: 11.6711
    Peak at bin 173, Left Height: 1.8733, Right Height: 0.794177
    Peak at bin 216, Left Height: 0.609795, Right Height: 1.61478
    Peak at bin 257, Left Height: 0.317012, Right Height: 0.491165

Top total peaks (by true height): 127 173 216 

---- Saving Time info of muon and Michel candidates ----
[Saved] Muon time peak index: 127
        Intensity: 11.6711
[Saved] Michel time peak: 173
        Intensity: 0.794177


[666] Processing file: /Users/shuaixiangzhang/Work/current/FNAL_Work2024/michel_e/t0_tagging/pdhd_DATA_v2/t0_rootFiles/new20250808_MC/wvf_merged_applyCut_20250819/wvfFind_event7541_trackID9_opNum9_merged.root

Threshold for summed wvf: 0.3
Histogram: total
    Peak at bin 128, Left Height: 46.5757, Right Height: 33.7403
    Peak at bin 224, Left Height: 7.69237, Right Height: 8.30474
    Peak at bin 258, Left Height: 0.419411, Right Height: 3.01612
    Peak at bin 347, Left Height: 0.318552, Right Height: 0.460086
    Peak at bin 377, Left Height: 0.418103, Right Height: 0.87703
    Peak at bin 438, Left Height: 0.412735, Right Height: 1.25112
    Peak at bin 511, Left Height: 0.534245, Right Height: 0.726646
    Peak at bin 611, Left Height: 0.437794, Right Height: 0.41214

Top total peaks (by true height): 128 224 511 

---- Saving Time info of muon and Michel candidates ----
[Saved] Muon time peak index: 128
        Intensity: 33.7403
[Saved] Michel time peak: 224
        Intensity: 7.69237


[667] Processing file: /Users/shuaixiangzhang/Work/current/FNAL_Work2024/michel_e/t0_tagging/pdhd_DATA_v2/t0_rootFiles/new20250808_MC/wvf_merged_applyCut_20250819/wvfFind_event7542_trackID6_opNum9_merged.root

Threshold for summed wvf: 0.3
Histogram: total
    Peak at bin 127, Left Height: 10.5512, Right Height: 8.3929
    Peak at bin 202, Left Height: 1.23385, Right Height: 1.40721
    Peak at bin 313, Left Height: 0.527476, Right Height: 0.720694

Top total peaks (by true height): 127 202 313 

---- Saving Time info of muon and Michel candidates ----
[Saved] Muon time peak index: 127
        Intensity: 8.3929
[Saved] Michel time peak: 202
        Intensity: 1.23385


[668] Processing file: /Users/shuaixiangzhang/Work/current/FNAL_Work2024/michel_e/t0_tagging/pdhd_DATA_v2/t0_rootFiles/new20250808_MC/wvf_merged_applyCut_20250819/wvfFind_event7549_trackID13_opNum9_merged.root

Threshold for summed wvf: 0.3
Histogram: total
    Peak at bin 129, Left Height: 98.7819, Right Height: 78.5746
    Peak at bin 156, Left Height: 0.512053, Right Height: 11.2129
    Peak at bin 219, Left Height: 1.6287, Right Height: 6.151
    Peak at bin 311, Left Height: 0.348281, Right Height: 2.20562
    Peak at bin 377, Left Height: 0.426013, Right Height: 0.829415
    Peak at bin 423, Left Height: 0.682365, Right Height: 0.816326
    Peak at bin 467, Left Height: 0.664509, Right Height: 0.604752
    Peak at bin 524, Left Height: 0.592991, Right Height: 0.33408
    Peak at bin 594, Left Height: 0.556824, Right Height: 0.613539
    Peak at bin 664, Left Height: 0.334892, Right Height: 0.332191

Top total peaks (by true height): 129 219 423 

---- Saving Time info of muon and Michel candidates ----
[Saved] Muon time peak index: 129
        Intensity: 78.5746
[Saved] Michel time peak: 219
        Intensity: 1.6287


[669] Processing file: /Users/shuaixiangzhang/Work/current/FNAL_Work2024/michel_e/t0_tagging/pdhd_DATA_v2/t0_rootFiles/new20250808_MC/wvf_merged_applyCut_20250819/wvfFind_event7571_trackID6_opNum9.root

Threshold for summed wvf: 0.3
Histogram: total
    Peak at bin 129, Left Height: 58.8577, Right Height: 41.8846
    Peak at bin 159, Left Height: 1.16401, Right Height: 6.40142
    Peak at bin 338, Left Height: 0.331881, Right Height: 2.09405
    Peak at bin 390, Left Height: 0.656178, Right Height: 1.02478
    Peak at bin 426, Left Height: 0.737086, Right Height: 0.990357
    Peak at bin 461, Left Height: 0.466568, Right Height: 0.885061

Top total peaks (by true height): 129 159 426 

---- Saving Time info of muon and Michel candidates ----
[Saved] Muon time peak index: 129
        Intensity: 41.8846
[Saved] Michel time peak: 159
        Intensity: 1.16401


[670] Processing file: /Users/shuaixiangzhang/Work/current/FNAL_Work2024/michel_e/t0_tagging/pdhd_DATA_v2/t0_rootFiles/new20250808_MC/wvf_merged_applyCut_20250819/wvfFind_event7580_trackID4_opNum8_merged.root

Threshold for summed wvf: 0.3
Histogram: total
    Peak at bin 125, Left Height: 5.51966, Right Height: 4.02948
    Peak at bin 159, Left Height: 0.66352, Right Height: 0.489981
    Peak at bin 186, Left Height: 0.998119, Right Height: 1.17084

Top total peaks (by true height): 125 186 159 

---- Saving Time info of muon and Michel candidates ----
[Saved] Muon time peak index: 125
        Intensity: 4.02948
[Saved] Michel time peak: 186
        Intensity: 0.998119


[671] Processing file: /Users/shuaixiangzhang/Work/current/FNAL_Work2024/michel_e/t0_tagging/pdhd_DATA_v2/t0_rootFiles/new20250808_MC/wvf_merged_applyCut_20250819/wvfFind_event7583_trackID4_opNum9_merged.root

Threshold for summed wvf: 0.3
Histogram: total
    Peak at bin 127, Left Height: 11.0696, Right Height: 8.66726
    Peak at bin 189, Left Height: 0.581126, Right Height: 0.930194
    Peak at bin 226, Left Height: 0.631918, Right Height: 1.34154
    Peak at bin 258, Left Height: 0.611744, Right Height: 0.948719
    Peak at bin 436, Left Height: 0.785032, Right Height: 0.852459

Top total peaks (by true height): 127 436 226 

---- Saving Time info of muon and Michel candidates ----
[Saved] Muon time peak index: 127
        Intensity: 8.66726
[Saved] Michel time peak: 436
        Intensity: 0.785032


[672] Processing file: /Users/shuaixiangzhang/Work/current/FNAL_Work2024/michel_e/t0_tagging/pdhd_DATA_v2/t0_rootFiles/new20250808_MC/wvf_merged_applyCut_20250819/wvfFind_event7615_trackID11_opNum9_merged.root

Threshold for summed wvf: 0.3
Histogram: total
    Peak at bin 128, Left Height: 47.8121, Right Height: 37.5504
    Peak at bin 166, Left Height: 7.72196, Right Height: 9.32937
    Peak at bin 199, Left Height: 0.627718, Right Height: 4.36696
    Peak at bin 228, Left Height: 0.732432, Right Height: 1.46834
    Peak at bin 354, Left Height: 0.362634, Right Height: 1.28603
    Peak at bin 407, Left Height: 5.36285, Right Height: 3.88934
    Peak at bin 475, Left Height: 1.45589, Right Height: 1.31761
    Peak at bin 521, Left Height: 0.738978, Right Height: 0.74767
    Peak at bin 576, Left Height: 0.315399, Right Height: 0.637867
    Peak at bin 640, Left Height: 0.582875, Right Height: 0.513692
    Peak at bin 708, Left Height: 0.57344, Right Height: 0.622335

Top total peaks (by true height): 128 166 407 

---- Saving Time info of muon and Michel candidates ----
[Saved] Muon time peak index: 128
        Intensity: 37.5504
[Saved] Michel time peak: 166
        Intensity: 7.72196


[673] Processing file: /Users/shuaixiangzhang/Work/current/FNAL_Work2024/michel_e/t0_tagging/pdhd_DATA_v2/t0_rootFiles/new20250808_MC/wvf_merged_applyCut_20250819/wvfFind_event7661_trackID2_opNum9_merged.root

Threshold for summed wvf: 0.3
Histogram: total
    Peak at bin 127, Left Height: 14.8608, Right Height: 12.1308
    Peak at bin 149, Left Height: 0.455522, Right Height: 2.53188
    Peak at bin 182, Left Height: 3.32604, Right Height: 3.64166
    Peak at bin 255, Left Height: 0.878261, Right Height: 0.670269
    Peak at bin 287, Left Height: 0.847924, Right Height: 1.32635
    Peak at bin 333, Left Height: 0.67338, Right Height: 0.582299
    Peak at bin 357, Left Height: 0.557391, Right Height: 0.497228
    Peak at bin 464, Left Height: 0.429057, Right Height: 0.33016

Top total peaks (by true height): 127 182 287 

---- Saving Time info of muon and Michel candidates ----
[Saved] Muon time peak index: 127
        Intensity: 12.1308
[Saved] Michel time peak: 182
        Intensity: 3.32604


[674] Processing file: /Users/shuaixiangzhang/Work/current/FNAL_Work2024/michel_e/t0_tagging/pdhd_DATA_v2/t0_rootFiles/new20250808_MC/wvf_merged_applyCut_20250819/wvfFind_event7669_trackID18_opNum7_merged.root

Threshold for summed wvf: 0.3
Histogram: total
    Peak at bin 125, Left Height: 4.71547, Right Height: 3.21555
    Peak at bin 305, Left Height: 0.525013, Right Height: 0.495237

Top total peaks (by true height): 125 305 

---- Saving Time info of muon and Michel candidates ----
[Saved] Muon time peak index: 125
        Intensity: 3.21555
[Saved] Michel time peak: 305
        Intensity: 0.495237


[675] Processing file: /Users/shuaixiangzhang/Work/current/FNAL_Work2024/michel_e/t0_tagging/pdhd_DATA_v2/t0_rootFiles/new20250808_MC/wvf_merged_applyCut_20250819/wvfFind_event7670_trackID2_opNum9_merged.root

Threshold for summed wvf: 0.3
Histogram: total
    Peak at bin 128, Left Height: 171.956, Right Height: 145.927
    Peak at bin 151, Left Height: 1.54869, Right Height: 2.49957
    Peak at bin 168, Left Height: 1.35181, Right Height: 6.55386
    Peak at bin 213, Left Height: 18.6171, Right Height: 26.4985
    Peak at bin 261, Left Height: 1.28161, Right Height: 2.85334
    Peak at bin 279, Left Height: 0.454299, Right Height: 3.83469
    Peak at bin 307, Left Height: 1.31349, Right Height: 2.27368
    Peak at bin 329, Left Height: 1.0196, Right Height: 1.56154
    Peak at bin 348, Left Height: 0.533332, Right Height: 1.43643
    Peak at bin 369, Left Height: 0.687971, Right Height: 1.03981
    Peak at bin 389, Left Height: 0.339098, Right Height: 0.715303
    Peak at bin 415, Left Height: 1.23013, Right Height: 2.34504
    Peak at bin 468, Left Height: 1.00806, Right Height: 0.396545
    Peak at bin 498, Left Height: 0.589599, Right Height: 0.848264
    Peak at bin 564, Left Height: 0.438323, Right Height: 0.400013
    Peak at bin 704, Left Height: 0.369809, Right Height: 0.741309
    Peak at bin 1020, Left Height: 1.97992, Right Height: 0.380127

Top total peaks (by true height): 128 213 151 

---- Saving Time info of muon and Michel candidates ----
[Saved] Muon time peak index: 128
        Intensity: 145.927
[Saved] Michel time peak: 213
        Intensity: 18.6171


[676] Processing file: /Users/shuaixiangzhang/Work/current/FNAL_Work2024/michel_e/t0_tagging/pdhd_DATA_v2/t0_rootFiles/new20250808_MC/wvf_merged_applyCut_20250819/wvfFind_event7681_trackID4_opNum9_merged.root

Threshold for summed wvf: 0.3
Histogram: total
    Peak at bin 128, Left Height: 74.1318, Right Height: 63.0446
    Peak at bin 160, Left Height: 0.304627, Right Height: 5.48304
    Peak at bin 203, Left Height: 1.7941, Right Height: 2.35326
    Peak at bin 243, Left Height: 1.38258, Right Height: 2.34781
    Peak at bin 273, Left Height: 0.54457, Right Height: 2.36611
    Peak at bin 318, Left Height: 1.44515, Right Height: 1.77815
    Peak at bin 338, Left Height: 0.538253, Right Height: 0.579983
    Peak at bin 406, Left Height: 0.394654, Right Height: 0.602061
    Peak at bin 500, Left Height: 0.456561, Right Height: 0.443912
    Peak at bin 530, Left Height: 14.8636, Right Height: 13.2647
    Peak at bin 555, Left Height: 1.33671, Right Height: 1.27842
    Peak at bin 582, Left Height: 0.400204, Right Height: 0.413806
    Peak at bin 633, Left Height: 0.638466, Right Height: 1.08708
    Peak at bin 659, Left Height: 1.32391, Right Height: 1.7268
    Peak at bin 712, Left Height: 1.1443, Right Height: 0.676716
    Peak at bin 733, Left Height: 0.472717, Right Height: 0.578366
    Peak at bin 754, Left Height: 0.461923, Right Height: 0.595582
    Peak at bin 816, Left Height: 0.818056, Right Height: 0.795041

Top total peaks (by true height): 128 530 203 

---- Saving Time info of muon and Michel candidates ----
[Saved] Muon time peak index: 128
        Intensity: 63.0446
[Saved] Michel time peak: 530
        Intensity: 13.2647


[677] Processing file: /Users/shuaixiangzhang/Work/current/FNAL_Work2024/michel_e/t0_tagging/pdhd_DATA_v2/t0_rootFiles/new20250808_MC/wvf_merged_applyCut_20250819/wvfFind_event7683_trackID9_opNum6_merged.root

Threshold for summed wvf: 0.3
Histogram: total
    Peak at bin 125, Left Height: 3.5337, Right Height: 2.58248
    Peak at bin 277, Left Height: 0.386072, Right Height: 0.41821
    Peak at bin 357, Left Height: 0.337838, Right Height: 0.303058

Top total peaks (by true height): 125 277 357 

---- Saving Time info of muon and Michel candidates ----
[Saved] Muon time peak index: 125
        Intensity: 2.58248
[Saved] Michel time peak: 277
        Intensity: 0.386072


[678] Processing file: /Users/shuaixiangzhang/Work/current/FNAL_Work2024/michel_e/t0_tagging/pdhd_DATA_v2/t0_rootFiles/new20250808_MC/wvf_merged_applyCut_20250819/wvfFind_event7696_trackID17_opNum7_merged.root

Threshold for summed wvf: 0.3
Histogram: total
    Peak at bin 123, Left Height: 3.55691, Right Height: 1.83587
    Peak at bin 177, Left Height: 0.917897, Right Height: 1.01346
    Peak at bin 210, Left Height: 0.413667, Right Height: 0.511175

Top total peaks (by true height): 123 177 210 

---- Saving Time info of muon and Michel candidates ----
[Saved] Muon time peak index: 123
        Intensity: 1.83587
[Saved] Michel time peak: 177
        Intensity: 0.917897


[679] Processing file: /Users/shuaixiangzhang/Work/current/FNAL_Work2024/michel_e/t0_tagging/pdhd_DATA_v2/t0_rootFiles/new20250808_MC/wvf_merged_applyCut_20250819/wvfFind_event7708_trackID9_opNum9_merged.root

Threshold for summed wvf: 0.3
Histogram: total
    Peak at bin 129, Left Height: 163.493, Right Height: 142.898
    Peak at bin 192, Left Height: 4.10709, Right Height: 14.4026
    Peak at bin 272, Left Height: 0.890748, Right Height: 4.56109
    Peak at bin 314, Left Height: 1.43057, Right Height: 5.05615
    Peak at bin 367, Left Height: 0.323497, Right Height: 1.59399
    Peak at bin 436, Left Height: 0.963006, Right Height: 1.19384
    Peak at bin 491, Left Height: 0.400641, Right Height: 0.408181
    Peak at bin 510, Left Height: 0.571729, Right Height: 0.475413
    Peak at bin 664, Left Height: 0.492748, Right Height: 0.561683
    Peak at bin 702, Left Height: 0.422738, Right Height: 0.520309

Top total peaks (by true height): 129 192 314 

---- Saving Time info of muon and Michel candidates ----
[Saved] Muon time peak index: 129
        Intensity: 142.898
[Saved] Michel time peak: 192
        Intensity: 4.10709


[680] Processing file: /Users/shuaixiangzhang/Work/current/FNAL_Work2024/michel_e/t0_tagging/pdhd_DATA_v2/t0_rootFiles/new20250808_MC/wvf_merged_applyCut_20250819/wvfFind_event7713_trackID4_opNum9_merged.root

Threshold for summed wvf: 0.3
Histogram: total
    Peak at bin 128, Left Height: 60.7978, Right Height: 50.9214
    Peak at bin 201, Left Height: 1.28142, Right Height: 2.23077
    Peak at bin 228, Left Height: 1.06368, Right Height: 1.29678
    Peak at bin 268, Left Height: 7.73171, Right Height: 8.39735
    Peak at bin 318, Left Height: 0.695953, Right Height: 2.49255
    Peak at bin 346, Left Height: 0.993511, Right Height: 1.25651
    Peak at bin 380, Left Height: 0.734728, Right Height: 1.26808
    Peak at bin 406, Left Height: 1.24353, Right Height: 1.13795
    Peak at bin 433, Left Height: 1.02256, Right Height: 1.57302
    Peak at bin 459, Left Height: 0.540439, Right Height: 0.31065
    Peak at bin 532, Left Height: 0.675343, Right Height: 0.635245
    Peak at bin 703, Left Height: 0.3172, Right Height: 0.310353
    Peak at bin 896, Left Height: 0.360847, Right Height: 0.674904

Top total peaks (by true height): 128 268 201 

---- Saving Time info of muon and Michel candidates ----
[Saved] Muon time peak index: 128
        Intensity: 50.9214
[Saved] Michel time peak: 268
        Intensity: 7.73171


[681] Processing file: /Users/shuaixiangzhang/Work/current/FNAL_Work2024/michel_e/t0_tagging/pdhd_DATA_v2/t0_rootFiles/new20250808_MC/wvf_merged_applyCut_20250819/wvfFind_event7713_trackID8_opNum9_merged.root

Threshold for summed wvf: 0.3
Histogram: total
    Peak at bin 127, Left Height: 18.5959, Right Height: 14.0048
    Peak at bin 149, Left Height: 0.35672, Right Height: 1.18657
    Peak at bin 201, Left Height: 0.443889, Right Height: 0.643106
    Peak at bin 241, Left Height: 0.365589, Right Height: 0.908069
    Peak at bin 280, Left Height: 2.06896, Right Height: 1.87043
    Peak at bin 310, Left Height: 1.29295, Right Height: 1.99108
    Peak at bin 356, Left Height: 1.17457, Right Height: 0.860694
    Peak at bin 388, Left Height: 0.359138, Right Height: 0.886467
    Peak at bin 522, Left Height: 0.373894, Right Height: 0.326085

Top total peaks (by true height): 127 280 310 

---- Saving Time info of muon and Michel candidates ----
[Saved] Muon time peak index: 127
        Intensity: 14.0048
[Saved] Michel time peak: 280
        Intensity: 1.87043


[682] Processing file: /Users/shuaixiangzhang/Work/current/FNAL_Work2024/michel_e/t0_tagging/pdhd_DATA_v2/t0_rootFiles/new20250808_MC/wvf_merged_applyCut_20250819/wvfFind_event7733_trackID18_opNum9_merged.root

Threshold for summed wvf: 0.3
Histogram: total
    Peak at bin 127, Left Height: 17.7315, Right Height: 15.0715
    Peak at bin 156, Left Height: 1.6356, Right Height: 2.62662
    Peak at bin 205, Left Height: 0.341562, Right Height: 0.868642
    Peak at bin 249, Left Height: 0.90683, Right Height: 0.619323
    Peak at bin 275, Left Height: 0.4586, Right Height: 1.20315
    Peak at bin 319, Left Height: 0.977685, Right Height: 0.763582
    Peak at bin 350, Left Height: 0.305014, Right Height: 0.769219
    Peak at bin 391, Left Height: 0.507698, Right Height: 0.725743
    Peak at bin 443, Left Height: 0.590045, Right Height: 0.342822

Top total peaks (by true height): 127 156 319 

---- Saving Time info of muon and Michel candidates ----
[Saved] Muon time peak index: 127
        Intensity: 15.0715
[Saved] Michel time peak: 156
        Intensity: 1.6356


[683] Processing file: /Users/shuaixiangzhang/Work/current/FNAL_Work2024/michel_e/t0_tagging/pdhd_DATA_v2/t0_rootFiles/new20250808_MC/wvf_merged_applyCut_20250819/wvfFind_event7734_trackID4_opNum9.root

Threshold for summed wvf: 0.3
Histogram: total
    Peak at bin 129, Left Height: 59.1552, Right Height: 43.2658
    Peak at bin 241, Left Height: 1.2367, Right Height: 1.50909
    Peak at bin 260, Left Height: 0.771671, Right Height: 2.07555
    Peak at bin 337, Left Height: 1.02899, Right Height: 0.436804
    Peak at bin 740, Left Height: 0.360971, Right Height: 0.357549

Top total peaks (by true height): 129 241 260 

---- Saving Time info of muon and Michel candidates ----
[Saved] Muon time peak index: 129
        Intensity: 43.2658
[Saved] Michel time peak: 241
        Intensity: 1.2367


[684] Processing file: /Users/shuaixiangzhang/Work/current/FNAL_Work2024/michel_e/t0_tagging/pdhd_DATA_v2/t0_rootFiles/new20250808_MC/wvf_merged_applyCut_20250819/wvfFind_event773_trackID23_opNum8_merged.root

Threshold for summed wvf: 0.3
Histogram: total
    Peak at bin 124, Left Height: 3.86907, Right Height: 3.14443
    Peak at bin 180, Left Height: 0.699869, Right Height: 0.753927

Top total peaks (by true height): 124 180 

---- Saving Time info of muon and Michel candidates ----
[Saved] Muon time peak index: 124
        Intensity: 3.14443
[Saved] Michel time peak: 180
        Intensity: 0.699869


[685] Processing file: /Users/shuaixiangzhang/Work/current/FNAL_Work2024/michel_e/t0_tagging/pdhd_DATA_v2/t0_rootFiles/new20250808_MC/wvf_merged_applyCut_20250819/wvfFind_event7787_trackID12_opNum8_merged.root

Threshold for summed wvf: 0.3
Histogram: total
    Peak at bin 127, Left Height: 10.0676, Right Height: 8.26561
    Peak at bin 179, Left Height: 0.36913, Right Height: 1.44743
    Peak at bin 223, Left Height: 0.623743, Right Height: 0.955867
    Peak at bin 268, Left Height: 2.0959, Right Height: 2.28409
    Peak at bin 329, Left Height: 0.533411, Right Height: 0.786083
    Peak at bin 376, Left Height: 0.554431, Right Height: 0.441805
    Peak at bin 405, Left Height: 0.439236, Right Height: 0.850848
    Peak at bin 441, Left Height: 0.900863, Right Height: 0.926419

Top total peaks (by true height): 127 268 441 

---- Saving Time info of muon and Michel candidates ----
[Saved] Muon time peak index: 127
        Intensity: 8.26561
[Saved] Michel time peak: 268
        Intensity: 2.0959


[686] Processing file: /Users/shuaixiangzhang/Work/current/FNAL_Work2024/michel_e/t0_tagging/pdhd_DATA_v2/t0_rootFiles/new20250808_MC/wvf_merged_applyCut_20250819/wvfFind_event7787_trackID28_opNum7_merged.root

Threshold for summed wvf: 0.3
Histogram: total
    Peak at bin 124, Left Height: 4.06193, Right Height: 3.62697
    Peak at bin 204, Left Height: 0.388328, Right Height: 0.405574
    Peak at bin 273, Left Height: 0.824907, Right Height: 0.624307
    Peak at bin 312, Left Height: 0.480602, Right Height: 0.841304

Top total peaks (by true height): 124 273 312 

---- Saving Time info of muon and Michel candidates ----
[Saved] Muon time peak index: 124
        Intensity: 3.62697
[Saved] Michel time peak: 273
        Intensity: 0.624307


[687] Processing file: /Users/shuaixiangzhang/Work/current/FNAL_Work2024/michel_e/t0_tagging/pdhd_DATA_v2/t0_rootFiles/new20250808_MC/wvf_merged_applyCut_20250819/wvfFind_event7795_trackID11_opNum9_merged.root

Threshold for summed wvf: 0.3
Histogram: total
    Peak at bin 126, Left Height: 16.7292, Right Height: 14.94
    Peak at bin 151, Left Height: 1.46377, Right Height: 1.13207
    Peak at bin 186, Left Height: 0.910441, Right Height: 2.15813
    Peak at bin 220, Left Height: 1.34178, Right Height: 2.037
    Peak at bin 245, Left Height: 0.584306, Right Height: 1.03597
    Peak at bin 308, Left Height: 1.1879, Right Height: 1.3504
    Peak at bin 636, Left Height: 0.359185, Right Height: 0.373187

Top total peaks (by true height): 126 220 308 

---- Saving Time info of muon and Michel candidates ----
[Saved] Muon time peak index: 126
        Intensity: 14.94
[Saved] Michel time peak: 220
        Intensity: 1.34178


[688] Processing file: /Users/shuaixiangzhang/Work/current/FNAL_Work2024/michel_e/t0_tagging/pdhd_DATA_v2/t0_rootFiles/new20250808_MC/wvf_merged_applyCut_20250819/wvfFind_event77_trackID7_opNum9_merged.root

Threshold for summed wvf: 0.3
Histogram: total
    Peak at bin 127, Left Height: 18.081, Right Height: 14.4162
    Peak at bin 161, Left Height: 0.369546, Right Height: 0.801955
    Peak at bin 234, Left Height: 0.510736, Right Height: 2.52058
    Peak at bin 294, Left Height: 1.20056, Right Height: 0.766982
    Peak at bin 446, Left Height: 0.371094, Right Height: 0.400801
    Peak at bin 506, Left Height: 0.42549, Right Height: 0.560289
    Peak at bin 542, Left Height: 0.329202, Right Height: 0.356123

Top total peaks (by true height): 127 294 234 

---- Saving Time info of muon and Michel candidates ----
[Saved] Muon time peak index: 127
        Intensity: 14.4162
[Saved] Michel time peak: 294
        Intensity: 0.766982


[689] Processing file: /Users/shuaixiangzhang/Work/current/FNAL_Work2024/michel_e/t0_tagging/pdhd_DATA_v2/t0_rootFiles/new20250808_MC/wvf_merged_applyCut_20250819/wvfFind_event7808_trackID1_opNum9_merged.root

Threshold for summed wvf: 0.3
Histogram: total
    Peak at bin 129, Left Height: 62.1479, Right Height: 52.7321
    Peak at bin 227, Left Height: 0.376302, Right Height: 3.44076
    Peak at bin 334, Left Height: 0.435085, Right Height: 0.439991
    Peak at bin 398, Left Height: 0.725739, Right Height: 0.952584
    Peak at bin 473, Left Height: 0.516311, Right Height: 0.94213
    Peak at bin 556, Left Height: 0.507235, Right Height: 0.584557

Top total peaks (by true height): 129 398 473 

---- Saving Time info of muon and Michel candidates ----
[Saved] Muon time peak index: 129
        Intensity: 52.7321
[Saved] Michel time peak: 398
        Intensity: 0.725739


[690] Processing file: /Users/shuaixiangzhang/Work/current/FNAL_Work2024/michel_e/t0_tagging/pdhd_DATA_v2/t0_rootFiles/new20250808_MC/wvf_merged_applyCut_20250819/wvfFind_event7821_trackID11_opNum5_merged.root

Threshold for summed wvf: 0.3
Histogram: total
    Peak at bin 126, Left Height: 5.62719, Right Height: 4.72143
    Peak at bin 197, Left Height: 1.37288, Right Height: 1.62731
    Peak at bin 227, Left Height: 0.478614, Right Height: 0.541935
    Peak at bin 261, Left Height: 0.348551, Right Height: 0.624873

Top total peaks (by true height): 126 197 227 

---- Saving Time info of muon and Michel candidates ----
[Saved] Muon time peak index: 126
        Intensity: 4.72143
[Saved] Michel time peak: 197
        Intensity: 1.37288


[691] Processing file: /Users/shuaixiangzhang/Work/current/FNAL_Work2024/michel_e/t0_tagging/pdhd_DATA_v2/t0_rootFiles/new20250808_MC/wvf_merged_applyCut_20250819/wvfFind_event782_trackID19_opNum5_merged.root

Threshold for summed wvf: 0.3
Histogram: total
    Peak at bin 126, Left Height: 2.94933, Right Height: 1.8111
    Peak at bin 323, Left Height: 0.393593, Right Height: 0.932371
    Peak at bin 521, Left Height: 0.309627, Right Height: 0.339732

Top total peaks (by true height): 126 323 521 

---- Saving Time info of muon and Michel candidates ----
[Saved] Muon time peak index: 126
        Intensity: 1.8111
[Saved] Michel time peak: 323
        Intensity: 0.393593


[692] Processing file: /Users/shuaixiangzhang/Work/current/FNAL_Work2024/michel_e/t0_tagging/pdhd_DATA_v2/t0_rootFiles/new20250808_MC/wvf_merged_applyCut_20250819/wvfFind_event7843_trackID2_opNum6_merged.root

Threshold for summed wvf: 0.3
Histogram: total
    Peak at bin 128, Left Height: 11.0701, Right Height: 8.02754
    Peak at bin 166, Left Height: 0.638086, Right Height: 1.67589
    Peak at bin 209, Left Height: 0.40557, Right Height: 0.317662
    Peak at bin 251, Left Height: 1.02898, Right Height: 1.72912
    Peak at bin 299, Left Height: 0.520222, Right Height: 0.673303

Top total peaks (by true height): 128 251 166 

---- Saving Time info of muon and Michel candidates ----
[Saved] Muon time peak index: 128
        Intensity: 8.02754
[Saved] Michel time peak: 251
        Intensity: 1.02898


[693] Processing file: /Users/shuaixiangzhang/Work/current/FNAL_Work2024/michel_e/t0_tagging/pdhd_DATA_v2/t0_rootFiles/new20250808_MC/wvf_merged_applyCut_20250819/wvfFind_event7850_trackID16_opNum9_merged.root

Threshold for summed wvf: 0.3
Histogram: total
    Peak at bin 128, Left Height: 15.5459, Right Height: 12.6117
    Peak at bin 158, Left Height: 1.20114, Right Height: 2.03881
    Peak at bin 188, Left Height: 0.556547, Right Height: 1.50652
    Peak at bin 249, Left Height: 0.578482, Right Height: 1.40739
    Peak at bin 450, Left Height: 0.616152, Right Height: 0.578341
    Peak at bin 589, Left Height: 0.406677, Right Height: 0.371165

Top total peaks (by true height): 128 158 249 

---- Saving Time info of muon and Michel candidates ----
[Saved] Muon time peak index: 128
        Intensity: 12.6117
[Saved] Michel time peak: 158
        Intensity: 1.20114


[694] Processing file: /Users/shuaixiangzhang/Work/current/FNAL_Work2024/michel_e/t0_tagging/pdhd_DATA_v2/t0_rootFiles/new20250808_MC/wvf_merged_applyCut_20250819/wvfFind_event7852_trackID3_opNum4_merged.root

Threshold for summed wvf: 0.3
Histogram: total
    Peak at bin 128, Left Height: 6.17273, Right Height: 4.34762
    Peak at bin 219, Left Height: 0.332327, Right Height: 1.26333
    Peak at bin 260, Left Height: 0.447609, Right Height: 0.41385
    Peak at bin 329, Left Height: 0.535293, Right Height: 0.526715
    Peak at bin 356, Left Height: 0.351628, Right Height: 0.486492

Top total peaks (by true height): 128 329 260 

---- Saving Time info of muon and Michel candidates ----
[Saved] Muon time peak index: 128
        Intensity: 4.34762
[Saved] Michel time peak: 329
        Intensity: 0.526715


[695] Processing file: /Users/shuaixiangzhang/Work/current/FNAL_Work2024/michel_e/t0_tagging/pdhd_DATA_v2/t0_rootFiles/new20250808_MC/wvf_merged_applyCut_20250819/wvfFind_event7855_trackID19_opNum9_merged.root

Threshold for summed wvf: 0.3
Histogram: total
    Peak at bin 126, Left Height: 10.1717, Right Height: 8.1806
    Peak at bin 167, Left Height: 0.581116, Right Height: 1.73038
    Peak at bin 226, Left Height: 0.537904, Right Height: 0.635585
    Peak at bin 253, Left Height: 0.710233, Right Height: 1.12425
    Peak at bin 287, Left Height: 0.316089, Right Height: 0.391264
    Peak at bin 311, Left Height: 0.302714, Right Height: 0.570154
    Peak at bin 340, Left Height: 0.472465, Right Height: 0.357616

Top total peaks (by true height): 126 253 167 

---- Saving Time info of muon and Michel candidates ----
[Saved] Muon time peak index: 126
        Intensity: 8.1806
[Saved] Michel time peak: 253
        Intensity: 0.710233


[696] Processing file: /Users/shuaixiangzhang/Work/current/FNAL_Work2024/michel_e/t0_tagging/pdhd_DATA_v2/t0_rootFiles/new20250808_MC/wvf_merged_applyCut_20250819/wvfFind_event7859_trackID7_opNum9_merged.root

Threshold for summed wvf: 0.3
Histogram: total
    Peak at bin 127, Left Height: 16.8223, Right Height: 14.1476
    Peak at bin 160, Left Height: 1.4305, Right Height: 2.07077
    Peak at bin 189, Left Height: 0.783523, Right Height: 2.1797
    Peak at bin 251, Left Height: 0.485041, Right Height: 1.49137
    Peak at bin 303, Left Height: 0.446138, Right Height: 1.03588
    Peak at bin 486, Left Height: 0.624737, Right Height: 0.678897
    Peak at bin 516, Left Height: 0.596341, Right Height: 0.392726

Top total peaks (by true height): 127 160 189 

---- Saving Time info of muon and Michel candidates ----
[Saved] Muon time peak index: 127
        Intensity: 14.1476
[Saved] Michel time peak: 160
        Intensity: 1.4305


[697] Processing file: /Users/shuaixiangzhang/Work/current/FNAL_Work2024/michel_e/t0_tagging/pdhd_DATA_v2/t0_rootFiles/new20250808_MC/wvf_merged_applyCut_20250819/wvfFind_event7859_trackID8_opNum9_merged.root

Threshold for summed wvf: 0.3
Histogram: total
    Peak at bin 127, Left Height: 12.1177, Right Height: 8.64693
    Peak at bin 170, Left Height: 0.545859, Right Height: 1.77435
    Peak at bin 289, Left Height: 0.935829, Right Height: 1.16115
    Peak at bin 405, Left Height: 0.54307, Right Height: 0.479342
    Peak at bin 475, Left Height: 0.356489, Right Height: 0.394972

Top total peaks (by true height): 127 289 170 

---- Saving Time info of muon and Michel candidates ----
[Saved] Muon time peak index: 127
        Intensity: 8.64693
[Saved] Michel time peak: 289
        Intensity: 0.935829


[698] Processing file: /Users/shuaixiangzhang/Work/current/FNAL_Work2024/michel_e/t0_tagging/pdhd_DATA_v2/t0_rootFiles/new20250808_MC/wvf_merged_applyCut_20250819/wvfFind_event7883_trackID7_opNum5_merged.root

Threshold for summed wvf: 0.3
Histogram: total
    Peak at bin 125, Left Height: 3.42557, Right Height: 3.02387
    Peak at bin 253, Left Height: 0.784254, Right Height: 0.899743

Top total peaks (by true height): 125 253 

---- Saving Time info of muon and Michel candidates ----
[Saved] Muon time peak index: 125
        Intensity: 3.02387
[Saved] Michel time peak: 253
        Intensity: 0.784254


[699] Processing file: /Users/shuaixiangzhang/Work/current/FNAL_Work2024/michel_e/t0_tagging/pdhd_DATA_v2/t0_rootFiles/new20250808_MC/wvf_merged_applyCut_20250819/wvfFind_event7887_trackID8_opNum9_merged.root

Threshold for summed wvf: 0.3
Histogram: total
    Peak at bin 127, Left Height: 25.935, Right Height: 20.5977
    Peak at bin 150, Left Height: 0.771434, Right Height: 2.32497
    Peak at bin 215, Left Height: 0.523869, Right Height: 1.25025
    Peak at bin 252, Left Height: 0.764605, Right Height: 0.856623
    Peak at bin 314, Left Height: 0.476383, Right Height: 0.472209
    Peak at bin 345, Left Height: 4.76747, Right Height: 3.07836
    Peak at bin 415, Left Height: 0.789485, Right Height: 0.774304
    Peak at bin 618, Left Height: 0.331514, Right Height: 0.370899
    Peak at bin 646, Left Height: 0.461196, Right Height: 0.637911

Top total peaks (by true height): 127 345 415 

---- Saving Time info of muon and Michel candidates ----
[Saved] Muon time peak index: 127
        Intensity: 20.5977
[Saved] Michel time peak: 345
        Intensity: 3.07836


[700] Processing file: /Users/shuaixiangzhang/Work/current/FNAL_Work2024/michel_e/t0_tagging/pdhd_DATA_v2/t0_rootFiles/new20250808_MC/wvf_merged_applyCut_20250819/wvfFind_event7899_trackID3_opNum9_merged.root

Threshold for summed wvf: 0.3
Histogram: total
    Peak at bin 129, Left Height: 90.3755, Right Height: 73.7783
    Peak at bin 245, Left Height: 1.20627, Right Height: 2.96526
    Peak at bin 276, Left Height: 0.518117, Right Height: 1.91051
    Peak at bin 395, Left Height: 0.470366, Right Height: 0.786207
    Peak at bin 458, Left Height: 0.491507, Right Height: 0.940378
    Peak at bin 490, Left Height: 0.756527, Right Height: 0.581426
    Peak at bin 551, Left Height: 0.488706, Right Height: 0.619788

Top total peaks (by true height): 129 245 490 

---- Saving Time info of muon and Michel candidates ----
[Saved] Muon time peak index: 129
        Intensity: 73.7783
[Saved] Michel time peak: 245
        Intensity: 1.20627


[701] Processing file: /Users/shuaixiangzhang/Work/current/FNAL_Work2024/michel_e/t0_tagging/pdhd_DATA_v2/t0_rootFiles/new20250808_MC/wvf_merged_applyCut_20250819/wvfFind_event7899_trackID7_opNum9_merged.root

Threshold for summed wvf: 0.3
Histogram: total
    Peak at bin 127, Left Height: 25.793, Right Height: 20.7925
    Peak at bin 192, Left Height: 0.947439, Right Height: 2.1493
    Peak at bin 217, Left Height: 0.849122, Right Height: 2.0267
    Peak at bin 259, Left Height: 5.70195, Right Height: 4.73861
    Peak at bin 298, Left Height: 0.526258, Right Height: 0.595452
    Peak at bin 354, Left Height: 0.302159, Right Height: 0.414663
    Peak at bin 428, Left Height: 0.307554, Right Height: 0.655059
    Peak at bin 464, Left Height: 0.365976, Right Height: 0.439502
    Peak at bin 492, Left Height: 0.341287, Right Height: 0.348079

Top total peaks (by true height): 127 259 192 

---- Saving Time info of muon and Michel candidates ----
[Saved] Muon time peak index: 127
        Intensity: 20.7925
[Saved] Michel time peak: 259
        Intensity: 4.73861


[702] Processing file: /Users/shuaixiangzhang/Work/current/FNAL_Work2024/michel_e/t0_tagging/pdhd_DATA_v2/t0_rootFiles/new20250808_MC/wvf_merged_applyCut_20250819/wvfFind_event790_trackID7_opNum8_merged.root

Threshold for summed wvf: 0.3
Histogram: total
    Peak at bin 127, Left Height: 30.6025, Right Height: 27.3246
    Peak at bin 150, Left Height: 1.01253, Right Height: 3.16442
    Peak at bin 191, Left Height: 0.881963, Right Height: 0.843565
    Peak at bin 218, Left Height: 0.87132, Right Height: 0.75642
    Peak at bin 248, Left Height: 0.431442, Right Height: 1.99975
    Peak at bin 281, Left Height: 1.44663, Right Height: 1.12414
    Peak at bin 305, Left Height: 0.953378, Right Height: 1.68476
    Peak at bin 353, Left Height: 5.74523, Right Height: 5.72378
    Peak at bin 389, Left Height: 2.27638, Right Height: 1.37557
    Peak at bin 422, Left Height: 0.58046, Right Height: 0.384991
    Peak at bin 477, Left Height: 0.575202, Right Height: 0.803484
    Peak at bin 502, Left Height: 0.438726, Right Height: 0.356184
    Peak at bin 565, Left Height: 0.452776, Right Height: 0.381703
    Peak at bin 597, Left Height: 0.434905, Right Height: 0.300602

Top total peaks (by true height): 127 353 389 

---- Saving Time info of muon and Michel candidates ----
[Saved] Muon time peak index: 127
        Intensity: 27.3246
[Saved] Michel time peak: 353
        Intensity: 5.72378


[703] Processing file: /Users/shuaixiangzhang/Work/current/FNAL_Work2024/michel_e/t0_tagging/pdhd_DATA_v2/t0_rootFiles/new20250808_MC/wvf_merged_applyCut_20250819/wvfFind_event7918_trackID14_opNum8_merged.root

Threshold for summed wvf: 0.3
Histogram: total
    Peak at bin 126, Left Height: 11.1256, Right Height: 9.7107
    Peak at bin 191, Left Height: 0.363942, Right Height: 0.375828
    Peak at bin 208, Left Height: 0.374173, Right Height: 1.39517
    Peak at bin 296, Left Height: 2.76028, Right Height: 3.34329
    Peak at bin 420, Left Height: 0.476013, Right Height: 0.644084
    Peak at bin 523, Left Height: 0.374367, Right Height: 0.504788
    Peak at bin 582, Left Height: 0.349237, Right Height: 0.38767

Top total peaks (by true height): 126 296 420 

---- Saving Time info of muon and Michel candidates ----
[Saved] Muon time peak index: 126
        Intensity: 9.7107
[Saved] Michel time peak: 296
        Intensity: 2.76028


[704] Processing file: /Users/shuaixiangzhang/Work/current/FNAL_Work2024/michel_e/t0_tagging/pdhd_DATA_v2/t0_rootFiles/new20250808_MC/wvf_merged_applyCut_20250819/wvfFind_event7921_trackID12_opNum8_merged.root

Threshold for summed wvf: 0.3
Histogram: total
    Peak at bin 127, Left Height: 29.6846, Right Height: 26.9682
    Peak at bin 174, Left Height: 1.98138, Right Height: 3.90455
    Peak at bin 214, Left Height: 1.12701, Right Height: 1.21665
    Peak at bin 280, Left Height: 5.04293, Right Height: 5.02959
    Peak at bin 312, Left Height: 1.18139, Right Height: 1.84327
    Peak at bin 339, Left Height: 0.332217, Right Height: 0.395173
    Peak at bin 370, Left Height: 0.934574, Right Height: 1.4139
    Peak at bin 449, Left Height: 0.658481, Right Height: 0.921357
    Peak at bin 471, Left Height: 0.352777, Right Height: 0.68799

Top total peaks (by true height): 127 280 174 

---- Saving Time info of muon and Michel candidates ----
[Saved] Muon time peak index: 127
        Intensity: 26.9682
[Saved] Michel time peak: 280
        Intensity: 5.02959


[705] Processing file: /Users/shuaixiangzhang/Work/current/FNAL_Work2024/michel_e/t0_tagging/pdhd_DATA_v2/t0_rootFiles/new20250808_MC/wvf_merged_applyCut_20250819/wvfFind_event7942_trackID25_opNum5_merged.root

Threshold for summed wvf: 0.3
Histogram: total
    Peak at bin 128, Left Height: 53.2906, Right Height: 49.8732
    Peak at bin 194, Left Height: 11.1847, Right Height: 13.9309
    Peak at bin 228, Left Height: 1.00717, Right Height: 1.18741
    Peak at bin 276, Left Height: 0.458771, Right Height: 1.54193
    Peak at bin 302, Left Height: 0.947987, Right Height: 2.86854
    Peak at bin 355, Left Height: 1.4151, Right Height: 1.21332
    Peak at bin 397, Left Height: 0.851776, Right Height: 0.556538
    Peak at bin 499, Left Height: 0.326802, Right Height: 0.659546
    Peak at bin 566, Left Height: 0.469509, Right Height: 0.537161
    Peak at bin 691, Left Height: 7.39669, Right Height: 2.77265
    Peak at bin 714, Left Height: 21.0172, Right Height: 22.9886
    Peak at bin 754, Left Height: 1.868, Right Height: 2.5229
    Peak at bin 777, Left Height: 1.17953, Right Height: 1.13085
    Peak at bin 794, Left Height: 0.333994, Right Height: 1.53452
    Peak at bin 843, Left Height: 1.0401, Right Height: 0.97445
    Peak at bin 947, Left Height: 0.681326, Right Height: 0.328705

Top total peaks (by true height): 128 714 194 

---- Saving Time info of muon and Michel candidates ----
[Saved] Muon time peak index: 128
        Intensity: 49.8732
[Saved] Michel time peak: 714
        Intensity: 21.0172


[706] Processing file: /Users/shuaixiangzhang/Work/current/FNAL_Work2024/michel_e/t0_tagging/pdhd_DATA_v2/t0_rootFiles/new20250808_MC/wvf_merged_applyCut_20250819/wvfFind_event7943_trackID15_opNum9_merged.root

Threshold for summed wvf: 0.3
Histogram: total
    Peak at bin 126, Left Height: 8.39669, Right Height: 5.56673
    Peak at bin 230, Left Height: 0.923459, Right Height: 0.779052
    Peak at bin 257, Left Height: 0.357664, Right Height: 1.10471

Top total peaks (by true height): 126 230 257 

---- Saving Time info of muon and Michel candidates ----
[Saved] Muon time peak index: 126
        Intensity: 5.56673
[Saved] Michel time peak: 230
        Intensity: 0.779052


[707] Processing file: /Users/shuaixiangzhang/Work/current/FNAL_Work2024/michel_e/t0_tagging/pdhd_DATA_v2/t0_rootFiles/new20250808_MC/wvf_merged_applyCut_20250819/wvfFind_event7967_trackID0_opNum9_merged.root

Threshold for summed wvf: 0.3
Histogram: total
    Peak at bin 129, Left Height: 44.6789, Right Height: 30.965
    Peak at bin 170, Left Height: 13.2886, Right Height: 18.7021
    Peak at bin 249, Left Height: 0.810982, Right Height: 3.34986
    Peak at bin 307, Left Height: 2.0852, Right Height: 4.83174
    Peak at bin 347, Left Height: 0.853401, Right Height: 0.576261
    Peak at bin 386, Left Height: 0.630444, Right Height: 1.09852
    Peak at bin 502, Left Height: 0.46597, Right Height: 0.641772
    Peak at bin 699, Left Height: 0.405627, Right Height: 0.499139

Top total peaks (by true height): 129 170 307 

---- Saving Time info of muon and Michel candidates ----
[Saved] Muon time peak index: 129
        Intensity: 30.965
[Saved] Michel time peak: 170
        Intensity: 13.2886


[708] Processing file: /Users/shuaixiangzhang/Work/current/FNAL_Work2024/michel_e/t0_tagging/pdhd_DATA_v2/t0_rootFiles/new20250808_MC/wvf_merged_applyCut_20250819/wvfFind_event7968_trackID28_opNum9_merged.root

Threshold for summed wvf: 0.3
Histogram: total
    Peak at bin 128, Left Height: 51.7371, Right Height: 43.9817
    Peak at bin 158, Left Height: 1.29603, Right Height: 3.74955
    Peak at bin 185, Left Height: 0.632286, Right Height: 1.18515
    Peak at bin 248, Left Height: 0.940696, Right Height: 2.05695
    Peak at bin 284, Left Height: 0.965409, Right Height: 2.05713
    Peak at bin 312, Left Height: 1.67516, Right Height: 1.38136
    Peak at bin 432, Left Height: 0.699535, Right Height: 1.30747
    Peak at bin 592, Left Height: 0.66542, Right Height: 0.350964

Top total peaks (by true height): 128 312 158 

---- Saving Time info of muon and Michel candidates ----
[Saved] Muon time peak index: 128
        Intensity: 43.9817
[Saved] Michel time peak: 312
        Intensity: 1.38136


[709] Processing file: /Users/shuaixiangzhang/Work/current/FNAL_Work2024/michel_e/t0_tagging/pdhd_DATA_v2/t0_rootFiles/new20250808_MC/wvf_merged_applyCut_20250819/wvfFind_event7995_trackID16_opNum6_merged.root

Threshold for summed wvf: 0.3
Histogram: total
    Peak at bin 129, Left Height: 73.3426, Right Height: 58.2445
    Peak at bin 173, Left Height: 0.884865, Right Height: 7.97762
    Peak at bin 223, Left Height: 3.54501, Right Height: 6.54848
    Peak at bin 290, Left Height: 0.796763, Right Height: 1.82896
    Peak at bin 336, Left Height: 0.4133, Right Height: 0.311229
    Peak at bin 432, Left Height: 0.493734, Right Height: 1.10329
    Peak at bin 520, Left Height: 23.2064, Right Height: 17.8433
    Peak at bin 627, Left Height: 0.30446, Right Height: 0.303034
    Peak at bin 752, Left Height: 0.318211, Right Height: 0.491111
    Peak at bin 792, Left Height: 0.461687, Right Height: 0.555299

Top total peaks (by true height): 129 520 223 

---- Saving Time info of muon and Michel candidates ----
[Saved] Muon time peak index: 129
        Intensity: 58.2445
[Saved] Michel time peak: 520
        Intensity: 17.8433


[710] Processing file: /Users/shuaixiangzhang/Work/current/FNAL_Work2024/michel_e/t0_tagging/pdhd_DATA_v2/t0_rootFiles/new20250808_MC/wvf_merged_applyCut_20250819/wvfFind_event7997_trackID12_opNum4_merged.root

Threshold for summed wvf: 0.3
Histogram: total
    Peak at bin 125, Left Height: 3.09803, Right Height: 2.49213

Top total peaks (by true height): 125 0 

---- Saving Time info of muon and Michel candidates ----
[Saved] Muon time peak index: 125
        Intensity: 2.49213
[Saved] Michel time peak: 0
        Intensity: 0


[711] Processing file: /Users/shuaixiangzhang/Work/current/FNAL_Work2024/michel_e/t0_tagging/pdhd_DATA_v2/t0_rootFiles/new20250808_MC/wvf_merged_applyCut_20250819/wvfFind_event8001_trackID13_opNum5_merged.root

Threshold for summed wvf: 0.3
Histogram: total
    Peak at bin 123, Left Height: 2.07176, Right Height: 1.63429
    Peak at bin 179, Left Height: 0.746035, Right Height: 0.822343

Top total peaks (by true height): 123 179 

---- Saving Time info of muon and Michel candidates ----
[Saved] Muon time peak index: 123
        Intensity: 1.63429
[Saved] Michel time peak: 179
        Intensity: 0.746035


[712] Processing file: /Users/shuaixiangzhang/Work/current/FNAL_Work2024/michel_e/t0_tagging/pdhd_DATA_v2/t0_rootFiles/new20250808_MC/wvf_merged_applyCut_20250819/wvfFind_event8011_trackID23_opNum6_merged.root

Threshold for summed wvf: 0.3
Histogram: total
    Peak at bin 124, Left Height: 3.09798, Right Height: 2.99407
    Peak at bin 197, Left Height: 0.50656, Right Height: 0.700325
    Peak at bin 279, Left Height: 0.351004, Right Height: 0.401859

Top total peaks (by true height): 124 197 279 

---- Saving Time info of muon and Michel candidates ----
[Saved] Muon time peak index: 124
        Intensity: 2.99407
[Saved] Michel time peak: 197
        Intensity: 0.50656


[713] Processing file: /Users/shuaixiangzhang/Work/current/FNAL_Work2024/michel_e/t0_tagging/pdhd_DATA_v2/t0_rootFiles/new20250808_MC/wvf_merged_applyCut_20250819/wvfFind_event8011_trackID2_opNum5_merged.root

Threshold for summed wvf: 0.3
Histogram: total
    Peak at bin 125, Left Height: 3.20674, Right Height: 2.64341
    Peak at bin 184, Left Height: 0.453151, Right Height: 0.465435

Top total peaks (by true height): 125 184 

---- Saving Time info of muon and Michel candidates ----
[Saved] Muon time peak index: 125
        Intensity: 2.64341
[Saved] Michel time peak: 184
        Intensity: 0.453151


[714] Processing file: /Users/shuaixiangzhang/Work/current/FNAL_Work2024/michel_e/t0_tagging/pdhd_DATA_v2/t0_rootFiles/new20250808_MC/wvf_merged_applyCut_20250819/wvfFind_event8029_trackID1_opNum4_2.root

Threshold for summed wvf: 0.3
Histogram: total
    Peak at bin 128, Left Height: 8.10135, Right Height: 6.3198
    Peak at bin 206, Left Height: 0.400389, Right Height: 0.502958
    Peak at bin 320, Left Height: 0.417513, Right Height: 0.334568

Top total peaks (by true height): 128 206 320 

---- Saving Time info of muon and Michel candidates ----
[Saved] Muon time peak index: 128
        Intensity: 6.3198
[Saved] Michel time peak: 206
        Intensity: 0.400389


[715] Processing file: /Users/shuaixiangzhang/Work/current/FNAL_Work2024/michel_e/t0_tagging/pdhd_DATA_v2/t0_rootFiles/new20250808_MC/wvf_merged_applyCut_20250819/wvfFind_event8029_trackID1_opNum5_merged.root

Threshold for summed wvf: 0.3
Histogram: total
    Peak at bin 127, Left Height: 7.88459, Right Height: 5.72849
    Peak at bin 178, Left Height: 0.414791, Right Height: 0.888004
    Peak at bin 206, Left Height: 0.814271, Right Height: 1.02708
    Peak at bin 238, Left Height: 0.751933, Right Height: 1.0629
    Peak at bin 316, Left Height: 0.309267, Right Height: 0.704862
    Peak at bin 386, Left Height: 0.310656, Right Height: 0.469167

Top total peaks (by true height): 127 206 238 

---- Saving Time info of muon and Michel candidates ----
[Saved] Muon time peak index: 127
        Intensity: 5.72849
[Saved] Michel time peak: 206
        Intensity: 0.814271


[716] Processing file: /Users/shuaixiangzhang/Work/current/FNAL_Work2024/michel_e/t0_tagging/pdhd_DATA_v2/t0_rootFiles/new20250808_MC/wvf_merged_applyCut_20250819/wvfFind_event8042_trackID20_opNum8_merged.root

Threshold for summed wvf: 0.3
Histogram: total
    Peak at bin 125, Left Height: 4.7378, Right Height: 3.76058
    Peak at bin 171, Left Height: 0.820022, Right Height: 1.40165

Top total peaks (by true height): 125 171 

---- Saving Time info of muon and Michel candidates ----
[Saved] Muon time peak index: 125
        Intensity: 3.76058
[Saved] Michel time peak: 171
        Intensity: 0.820022


[717] Processing file: /Users/shuaixiangzhang/Work/current/FNAL_Work2024/michel_e/t0_tagging/pdhd_DATA_v2/t0_rootFiles/new20250808_MC/wvf_merged_applyCut_20250819/wvfFind_event8043_trackID19_opNum5_merged.root

Threshold for summed wvf: 0.3
Histogram: total
    Peak at bin 124, Left Height: 2.6454, Right Height: 2.14881
    Peak at bin 159, Left Height: 0.311221, Right Height: 0.564166
    Peak at bin 190, Left Height: 0.366379, Right Height: 0.300343
    Peak at bin 292, Left Height: 0.345537, Right Height: 0.564934
    Peak at bin 362, Left Height: 0.416051, Right Height: 0.387195

Top total peaks (by true height): 124 362 292 

---- Saving Time info of muon and Michel candidates ----
[Saved] Muon time peak index: 124
        Intensity: 2.14881
[Saved] Michel time peak: 362
        Intensity: 0.387195


[718] Processing file: /Users/shuaixiangzhang/Work/current/FNAL_Work2024/michel_e/t0_tagging/pdhd_DATA_v2/t0_rootFiles/new20250808_MC/wvf_merged_applyCut_20250819/wvfFind_event8065_trackID17_opNum6_merged.root

Threshold for summed wvf: 0.3
Histogram: total
    Peak at bin 123, Left Height: 4.02914, Right Height: 3.27009
    Peak at bin 225, Left Height: 0.569985, Right Height: 0.71764
    Peak at bin 384, Left Height: 0.908463, Right Height: 1.12914
    Peak at bin 464, Left Height: 0.458717, Right Height: 0.523642
    Peak at bin 490, Left Height: 0.358552, Right Height: 0.49842

Top total peaks (by true height): 123 384 225 

---- Saving Time info of muon and Michel candidates ----
[Saved] Muon time peak index: 123
        Intensity: 3.27009
[Saved] Michel time peak: 384
        Intensity: 0.908463


[719] Processing file: /Users/shuaixiangzhang/Work/current/FNAL_Work2024/michel_e/t0_tagging/pdhd_DATA_v2/t0_rootFiles/new20250808_MC/wvf_merged_applyCut_20250819/wvfFind_event806_trackID7_opNum8_merged.root

Threshold for summed wvf: 0.3
Histogram: total
    Peak at bin 126, Left Height: 17.5469, Right Height: 16.2733
    Peak at bin 181, Left Height: 0.326036, Right Height: 2.0999
    Peak at bin 217, Left Height: 1.43997, Right Height: 1.50339
    Peak at bin 243, Left Height: 1.30357, Right Height: 1.36402
    Peak at bin 290, Left Height: 0.695844, Right Height: 0.423186
    Peak at bin 321, Left Height: 2.66676, Right Height: 1.99614
    Peak at bin 375, Left Height: 0.599106, Right Height: 0.96708
    Peak at bin 414, Left Height: 1.02118, Right Height: 0.915897
    Peak at bin 456, Left Height: 0.741518, Right Height: 0.511609
    Peak at bin 480, Left Height: 0.341325, Right Height: 0.430931
    Peak at bin 554, Left Height: 0.57275, Right Height: 0.355837
    Peak at bin 591, Left Height: 0.375974, Right Height: 0.444168
    Peak at bin 676, Left Height: 0.443825, Right Height: 0.490367

Top total peaks (by true height): 126 321 217 

---- Saving Time info of muon and Michel candidates ----
[Saved] Muon time peak index: 126
        Intensity: 16.2733
[Saved] Michel time peak: 321
        Intensity: 1.99614


[720] Processing file: /Users/shuaixiangzhang/Work/current/FNAL_Work2024/michel_e/t0_tagging/pdhd_DATA_v2/t0_rootFiles/new20250808_MC/wvf_merged_applyCut_20250819/wvfFind_event8084_trackID6_opNum6_merged.root

Threshold for summed wvf: 0.3
Histogram: total
    Peak at bin 124, Left Height: 2.07327, Right Height: 1.19169
    Peak at bin 216, Left Height: 0.462953, Right Height: 0.538828

Top total peaks (by true height): 124 216 

---- Saving Time info of muon and Michel candidates ----
[Saved] Muon time peak index: 124
        Intensity: 1.19169
[Saved] Michel time peak: 216
        Intensity: 0.462953


[721] Processing file: /Users/shuaixiangzhang/Work/current/FNAL_Work2024/michel_e/t0_tagging/pdhd_DATA_v2/t0_rootFiles/new20250808_MC/wvf_merged_applyCut_20250819/wvfFind_event8098_trackID22_opNum9_merged.root

Threshold for summed wvf: 0.3
Histogram: total
    Peak at bin 129, Left Height: 83.6302, Right Height: 70.8223
    Peak at bin 229, Left Height: 0.670124, Right Height: 4.18612
    Peak at bin 300, Left Height: 0.454678, Right Height: 2.1275
    Peak at bin 589, Left Height: 0.831188, Right Height: 0.514329
    Peak at bin 938, Left Height: 0.371832, Right Height: 0.499966

Top total peaks (by true height): 129 229 589 

---- Saving Time info of muon and Michel candidates ----
[Saved] Muon time peak index: 129
        Intensity: 70.8223
[Saved] Michel time peak: 229
        Intensity: 0.670124


[722] Processing file: /Users/shuaixiangzhang/Work/current/FNAL_Work2024/michel_e/t0_tagging/pdhd_DATA_v2/t0_rootFiles/new20250808_MC/wvf_merged_applyCut_20250819/wvfFind_event8106_trackID8_opNum9_merged.root

Threshold for summed wvf: 0.3
Histogram: total
    Peak at bin 127, Left Height: 37.8625, Right Height: 32.3538
    Peak at bin 172, Left Height: 1.07956, Right Height: 0.495243
    Peak at bin 195, Left Height: 3.96924, Right Height: 6.34776
    Peak at bin 234, Left Height: 0.697032, Right Height: 2.47515
    Peak at bin 291, Left Height: 0.433028, Right Height: 1.08718
    Peak at bin 340, Left Height: 0.872686, Right Height: 1.32085
    Peak at bin 413, Left Height: 0.512627, Right Height: 0.497688
    Peak at bin 447, Left Height: 0.628075, Right Height: 0.331983
    Peak at bin 486, Left Height: 0.306611, Right Height: 0.3666
    Peak at bin 514, Left Height: 0.420307, Right Height: 0.704562

Top total peaks (by true height): 127 195 340 

---- Saving Time info of muon and Michel candidates ----
[Saved] Muon time peak index: 127
        Intensity: 32.3538
[Saved] Michel time peak: 195
        Intensity: 3.96924


[723] Processing file: /Users/shuaixiangzhang/Work/current/FNAL_Work2024/michel_e/t0_tagging/pdhd_DATA_v2/t0_rootFiles/new20250808_MC/wvf_merged_applyCut_20250819/wvfFind_event8108_trackID22_opNum9_merged.root

Threshold for summed wvf: 0.3
Histogram: total
    Peak at bin 125, Left Height: 7.59183, Right Height: 6.7066
    Peak at bin 188, Left Height: 0.659898, Right Height: 0.576533
    Peak at bin 227, Left Height: 0.371627, Right Height: 0.772284
    Peak at bin 250, Left Height: 0.637362, Right Height: 0.721549
    Peak at bin 284, Left Height: 0.604176, Right Height: 0.785782
    Peak at bin 325, Left Height: 0.332771, Right Height: 0.32685
    Peak at bin 349, Left Height: 0.474676, Right Height: 0.350924
    Peak at bin 435, Left Height: 0.620168, Right Height: 0.589228

Top total peaks (by true height): 125 250 284 

---- Saving Time info of muon and Michel candidates ----
[Saved] Muon time peak index: 125
        Intensity: 6.7066
[Saved] Michel time peak: 250
        Intensity: 0.637362


[724] Processing file: /Users/shuaixiangzhang/Work/current/FNAL_Work2024/michel_e/t0_tagging/pdhd_DATA_v2/t0_rootFiles/new20250808_MC/wvf_merged_applyCut_20250819/wvfFind_event8110_trackID16_opNum8_merged.root

Threshold for summed wvf: 0.3
Histogram: total
    Peak at bin 125, Left Height: 4.91449, Right Height: 3.70814
    Peak at bin 160, Left Height: 0.766309, Right Height: 1.07264
    Peak at bin 246, Left Height: 1.05345, Right Height: 1.10668
    Peak at bin 282, Left Height: 0.635281, Right Height: 0.454546

Top total peaks (by true height): 125 246 160 

---- Saving Time info of muon and Michel candidates ----
[Saved] Muon time peak index: 125
        Intensity: 3.70814
[Saved] Michel time peak: 246
        Intensity: 1.05345


[725] Processing file: /Users/shuaixiangzhang/Work/current/FNAL_Work2024/michel_e/t0_tagging/pdhd_DATA_v2/t0_rootFiles/new20250808_MC/wvf_merged_applyCut_20250819/wvfFind_event8110_trackID6_opNum9_merged.root

Threshold for summed wvf: 0.3
Histogram: total
    Peak at bin 125, Left Height: 8.47706, Right Height: 6.81667
    Peak at bin 184, Left Height: 0.450757, Right Height: 0.888248
    Peak at bin 238, Left Height: 0.704382, Right Height: 0.932981
    Peak at bin 275, Left Height: 0.828039, Right Height: 1.19357
    Peak at bin 322, Left Height: 0.517916, Right Height: 0.433699
    Peak at bin 484, Left Height: 0.704177, Right Height: 0.929448

Top total peaks (by true height): 125 275 238 

---- Saving Time info of muon and Michel candidates ----
[Saved] Muon time peak index: 125
        Intensity: 6.81667
[Saved] Michel time peak: 275
        Intensity: 0.828039


[726] Processing file: /Users/shuaixiangzhang/Work/current/FNAL_Work2024/michel_e/t0_tagging/pdhd_DATA_v2/t0_rootFiles/new20250808_MC/wvf_merged_applyCut_20250819/wvfFind_event8125_trackID21_opNum9_merged.root

Threshold for summed wvf: 0.3
Histogram: total
    Peak at bin 125, Left Height: 7.56702, Right Height: 6.86846
    Peak at bin 234, Left Height: 1.4191, Right Height: 1.47748
    Peak at bin 290, Left Height: 0.823414, Right Height: 1.07943
    Peak at bin 326, Left Height: 0.43777, Right Height: 0.451364
    Peak at bin 522, Left Height: 0.304671, Right Height: 0.318241

Top total peaks (by true height): 125 234 290 

---- Saving Time info of muon and Michel candidates ----
[Saved] Muon time peak index: 125
        Intensity: 6.86846
[Saved] Michel time peak: 234
        Intensity: 1.4191


[727] Processing file: /Users/shuaixiangzhang/Work/current/FNAL_Work2024/michel_e/t0_tagging/pdhd_DATA_v2/t0_rootFiles/new20250808_MC/wvf_merged_applyCut_20250819/wvfFind_event8134_trackID17_opNum9_merged.root

Threshold for summed wvf: 0.3
Histogram: total
    Peak at bin 126, Left Height: 11.0433, Right Height: 9.65894
    Peak at bin 206, Left Height: 0.46831, Right Height: 0.636381
    Peak at bin 299, Left Height: 0.880106, Right Height: 0.684892
    Peak at bin 319, Left Height: 0.363329, Right Height: 0.869225
    Peak at bin 445, Left Height: 0.796806, Right Height: 0.691679

Top total peaks (by true height): 126 445 299 

---- Saving Time info of muon and Michel candidates ----
[Saved] Muon time peak index: 126
        Intensity: 9.65894
[Saved] Michel time peak: 445
        Intensity: 0.691679


[728] Processing file: /Users/shuaixiangzhang/Work/current/FNAL_Work2024/michel_e/t0_tagging/pdhd_DATA_v2/t0_rootFiles/new20250808_MC/wvf_merged_applyCut_20250819/wvfFind_event8141_trackID1_opNum9_merged.root

Threshold for summed wvf: 0.3
Histogram: total
    Peak at bin 126, Left Height: 7.67949, Right Height: 6.67986
    Peak at bin 173, Left Height: 1.05609, Right Height: 0.885437
    Peak at bin 323, Left Height: 0.324218, Right Height: 0.332324

Top total peaks (by true height): 126 173 323 

---- Saving Time info of muon and Michel candidates ----
[Saved] Muon time peak index: 126
        Intensity: 6.67986
[Saved] Michel time peak: 173
        Intensity: 0.885437


[729] Processing file: /Users/shuaixiangzhang/Work/current/FNAL_Work2024/michel_e/t0_tagging/pdhd_DATA_v2/t0_rootFiles/new20250808_MC/wvf_merged_applyCut_20250819/wvfFind_event8148_trackID22_opNum6_merged.root

Threshold for summed wvf: 0.3
Histogram: total
    Peak at bin 128, Left Height: 41.53, Right Height: 29.7879
    Peak at bin 299, Left Height: 0.304448, Right Height: 0.482156
    Peak at bin 398, Left Height: 0.589234, Right Height: 0.632833
    Peak at bin 424, Left Height: 0.399242, Right Height: 0.745136
    Peak at bin 488, Left Height: 7.91241, Right Height: 6.71992
    Peak at bin 644, Left Height: 0.37404, Right Height: 0.615873
    Peak at bin 932, Left Height: 0.380331, Right Height: 0.403306

Top total peaks (by true height): 128 488 398 

---- Saving Time info of muon and Michel candidates ----
[Saved] Muon time peak index: 128
        Intensity: 29.7879
[Saved] Michel time peak: 488
        Intensity: 6.71992


[730] Processing file: /Users/shuaixiangzhang/Work/current/FNAL_Work2024/michel_e/t0_tagging/pdhd_DATA_v2/t0_rootFiles/new20250808_MC/wvf_merged_applyCut_20250819/wvfFind_event8156_trackID0_opNum9_merged.root

Threshold for summed wvf: 0.3
Histogram: total
    Peak at bin 127, Left Height: 46.6305, Right Height: 42.3963
    Peak at bin 174, Left Height: 1.05321, Right Height: 3.07121
    Peak at bin 208, Left Height: 0.574054, Right Height: 0.921935
    Peak at bin 226, Left Height: 0.790108, Right Height: 2.04389
    Peak at bin 262, Left Height: 6.14596, Right Height: 5.92711
    Peak at bin 291, Left Height: 0.509406, Right Height: 0.902694
    Peak at bin 317, Left Height: 0.689608, Right Height: 1.89838
    Peak at bin 353, Left Height: 0.634373, Right Height: 0.431108
    Peak at bin 384, Left Height: 1.45601, Right Height: 0.915089
    Peak at bin 459, Left Height: 1.10643, Right Height: 0.578512
    Peak at bin 594, Left Height: 0.378281, Right Height: 0.38459
    Peak at bin 636, Left Height: 0.564672, Right Height: 0.438992
    Peak at bin 705, Left Height: 0.796162, Right Height: 0.514583

Top total peaks (by true height): 127 262 174 

---- Saving Time info of muon and Michel candidates ----
[Saved] Muon time peak index: 127
        Intensity: 42.3963
[Saved] Michel time peak: 262
        Intensity: 5.92711


[731] Processing file: /Users/shuaixiangzhang/Work/current/FNAL_Work2024/michel_e/t0_tagging/pdhd_DATA_v2/t0_rootFiles/new20250808_MC/wvf_merged_applyCut_20250819/wvfFind_event8156_trackID12_opNum9_merged.root

Threshold for summed wvf: 0.3
Histogram: total
    Peak at bin 127, Left Height: 10.8244, Right Height: 8.82117
    Peak at bin 257, Left Height: 0.720535, Right Height: 0.989384
    Peak at bin 570, Left Height: 1.48974, Right Height: 1.28771
    Peak at bin 617, Left Height: 0.442742, Right Height: 0.509563

Top total peaks (by true height): 127 570 257 

---- Saving Time info of muon and Michel candidates ----
[Saved] Muon time peak index: 127
        Intensity: 8.82117
[Saved] Michel time peak: 570
        Intensity: 1.28771


[732] Processing file: /Users/shuaixiangzhang/Work/current/FNAL_Work2024/michel_e/t0_tagging/pdhd_DATA_v2/t0_rootFiles/new20250808_MC/wvf_merged_applyCut_20250819/wvfFind_event8158_trackID7_opNum6_merged.root

Threshold for summed wvf: 0.3
Histogram: total
    Peak at bin 126, Left Height: 8.69543, Right Height: 7.87571
    Peak at bin 197, Left Height: 0.876054, Right Height: 2.22065
    Peak at bin 303, Left Height: 1.43356, Right Height: 1.60065
    Peak at bin 493, Left Height: 0.332472, Right Height: 0.342057

Top total peaks (by true height): 126 303 197 

---- Saving Time info of muon and Michel candidates ----
[Saved] Muon time peak index: 126
        Intensity: 7.87571
[Saved] Michel time peak: 303
        Intensity: 1.43356


[733] Processing file: /Users/shuaixiangzhang/Work/current/FNAL_Work2024/michel_e/t0_tagging/pdhd_DATA_v2/t0_rootFiles/new20250808_MC/wvf_merged_applyCut_20250819/wvfFind_event8166_trackID5_opNum9_merged.root

Threshold for summed wvf: 0.3
Histogram: total
    Peak at bin 126, Left Height: 14.7549, Right Height: 12.5369
    Peak at bin 184, Left Height: 2.67585, Right Height: 3.97062
    Peak at bin 212, Left Height: 1.15282, Right Height: 1.40997
    Peak at bin 262, Left Height: 0.983357, Right Height: 0.591931
    Peak at bin 325, Left Height: 0.590226, Right Height: 0.753476
    Peak at bin 376, Left Height: 0.471039, Right Height: 0.414752
    Peak at bin 543, Left Height: 0.336599, Right Height: 0.382398

Top total peaks (by true height): 126 184 212 

---- Saving Time info of muon and Michel candidates ----
[Saved] Muon time peak index: 126
        Intensity: 12.5369
[Saved] Michel time peak: 184
        Intensity: 2.67585


[734] Processing file: /Users/shuaixiangzhang/Work/current/FNAL_Work2024/michel_e/t0_tagging/pdhd_DATA_v2/t0_rootFiles/new20250808_MC/wvf_merged_applyCut_20250819/wvfFind_event8176_trackID15_opNum9_merged.root

Threshold for summed wvf: 0.3
Histogram: total
    Peak at bin 126, Left Height: 10.9714, Right Height: 8.28762
    Peak at bin 190, Left Height: 2.58823, Right Height: 1.52368
    Peak at bin 286, Left Height: 0.47353, Right Height: 0.71448
    Peak at bin 388, Left Height: 0.442553, Right Height: 0.762694

Top total peaks (by true height): 126 190 286 

---- Saving Time info of muon and Michel candidates ----
[Saved] Muon time peak index: 126
        Intensity: 8.28762
[Saved] Michel time peak: 190
        Intensity: 1.52368


[735] Processing file: /Users/shuaixiangzhang/Work/current/FNAL_Work2024/michel_e/t0_tagging/pdhd_DATA_v2/t0_rootFiles/new20250808_MC/wvf_merged_applyCut_20250819/wvfFind_event8180_trackID13_opNum7_merged.root

Threshold for summed wvf: 0.3
Histogram: total
    Peak at bin 124, Left Height: 4.27694, Right Height: 3.71573
    Peak at bin 187, Left Height: 1.30231, Right Height: 1.7662
    Peak at bin 239, Left Height: 0.4597, Right Height: 0.634264
    Peak at bin 283, Left Height: 0.463345, Right Height: 0.456027
    Peak at bin 329, Left Height: 0.33283, Right Height: 0.410504

Top total peaks (by true height): 124 187 239 

---- Saving Time info of muon and Michel candidates ----
[Saved] Muon time peak index: 124
        Intensity: 3.71573
[Saved] Michel time peak: 187
        Intensity: 1.30231


[736] Processing file: /Users/shuaixiangzhang/Work/current/FNAL_Work2024/michel_e/t0_tagging/pdhd_DATA_v2/t0_rootFiles/new20250808_MC/wvf_merged_applyCut_20250819/wvfFind_event8191_trackID3_opNum9_merged.root

Threshold for summed wvf: 0.3
Histogram: total
    Peak at bin 128, Left Height: 54.7729, Right Height: 46.8732
    Peak at bin 160, Left Height: 1.72381, Right Height: 1.7932
    Peak at bin 181, Left Height: 1.08062, Right Height: 4.10045
    Peak at bin 204, Left Height: 0.421973, Right Height: 0.628897
    Peak at bin 221, Left Height: 1.27167, Right Height: 2.8735
    Peak at bin 263, Left Height: 0.950955, Right Height: 2.51915
    Peak at bin 318, Left Height: 6.6082, Right Height: 5.2031
    Peak at bin 436, Left Height: 1.10166, Right Height: 0.97229
    Peak at bin 465, Left Height: 0.732005, Right Height: 1.3733
    Peak at bin 650, Left Height: 0.564804, Right Height: 0.688019

Top total peaks (by true height): 128 318 160 

---- Saving Time info of muon and Michel candidates ----
[Saved] Muon time peak index: 128
        Intensity: 46.8732
[Saved] Michel time peak: 318
        Intensity: 5.2031


[737] Processing file: /Users/shuaixiangzhang/Work/current/FNAL_Work2024/michel_e/t0_tagging/pdhd_DATA_v2/t0_rootFiles/new20250808_MC/wvf_merged_applyCut_20250819/wvfFind_event8197_trackID11_opNum5_merged.root

Threshold for summed wvf: 0.3
Histogram: total
    Peak at bin 126, Left Height: 6.1228, Right Height: 5.50946
    Peak at bin 203, Left Height: 0.575228, Right Height: 0.832126
    Peak at bin 247, Left Height: 0.365099, Right Height: 0.468915
    Peak at bin 273, Left Height: 0.467205, Right Height: 0.420719
    Peak at bin 305, Left Height: 0.390697, Right Height: 0.620472

Top total peaks (by true height): 126 203 273 

---- Saving Time info of muon and Michel candidates ----
[Saved] Muon time peak index: 126
        Intensity: 5.50946
[Saved] Michel time peak: 203
        Intensity: 0.575228


[738] Processing file: /Users/shuaixiangzhang/Work/current/FNAL_Work2024/michel_e/t0_tagging/pdhd_DATA_v2/t0_rootFiles/new20250808_MC/wvf_merged_applyCut_20250819/wvfFind_event8198_trackID13_opNum6_merged.root

Threshold for summed wvf: 0.3
Histogram: total
    Peak at bin 124, Left Height: 3.00544, Right Height: 1.82219
    Peak at bin 212, Left Height: 0.639278, Right Height: 0.696156

Top total peaks (by true height): 124 212 

---- Saving Time info of muon and Michel candidates ----
[Saved] Muon time peak index: 124
        Intensity: 1.82219
[Saved] Michel time peak: 212
        Intensity: 0.639278


[739] Processing file: /Users/shuaixiangzhang/Work/current/FNAL_Work2024/michel_e/t0_tagging/pdhd_DATA_v2/t0_rootFiles/new20250808_MC/wvf_merged_applyCut_20250819/wvfFind_event81_trackID17_opNum9_merged.root

Threshold for summed wvf: 0.3
Histogram: total
    Peak at bin 127, Left Height: 15.1077, Right Height: 13.2443
    Peak at bin 158, Left Height: 1.99457, Right Height: 2.54283
    Peak at bin 203, Left Height: 0.677598, Right Height: 1.09801
    Peak at bin 235, Left Height: 0.706196, Right Height: 0.92511
    Peak at bin 319, Left Height: 2.98962, Right Height: 2.59989
    Peak at bin 359, Left Height: 0.645363, Right Height: 1.10698
    Peak at bin 401, Left Height: 1.04217, Right Height: 0.933563

Top total peaks (by true height): 127 319 158 

---- Saving Time info of muon and Michel candidates ----
[Saved] Muon time peak index: 127
        Intensity: 13.2443
[Saved] Michel time peak: 319
        Intensity: 2.59989


[740] Processing file: /Users/shuaixiangzhang/Work/current/FNAL_Work2024/michel_e/t0_tagging/pdhd_DATA_v2/t0_rootFiles/new20250808_MC/wvf_merged_applyCut_20250819/wvfFind_event8200_trackID14_opNum6_merged.root

Threshold for summed wvf: 0.3
Histogram: total
    Peak at bin 126, Left Height: 4.65304, Right Height: 4.14552
    Peak at bin 163, Left Height: 0.428851, Right Height: 0.870376
    Peak at bin 270, Left Height: 0.599897, Right Height: 0.610417

Top total peaks (by true height): 126 270 163 

---- Saving Time info of muon and Michel candidates ----
[Saved] Muon time peak index: 126
        Intensity: 4.14552
[Saved] Michel time peak: 270
        Intensity: 0.599897


[741] Processing file: /Users/shuaixiangzhang/Work/current/FNAL_Work2024/michel_e/t0_tagging/pdhd_DATA_v2/t0_rootFiles/new20250808_MC/wvf_merged_applyCut_20250819/wvfFind_event8201_trackID13_opNum9_merged.root

Threshold for summed wvf: 0.3
Histogram: total
    Peak at bin 126, Left Height: 16.1005, Right Height: 14.0114
    Peak at bin 183, Left Height: 2.88316, Right Height: 3.7053
    Peak at bin 224, Left Height: 0.387401, Right Height: 0.821647
    Peak at bin 272, Left Height: 0.743082, Right Height: 1.28729
    Peak at bin 312, Left Height: 0.566797, Right Height: 0.668797
    Peak at bin 380, Left Height: 0.545364, Right Height: 0.330649
    Peak at bin 450, Left Height: 0.688562, Right Height: 0.54705
    Peak at bin 515, Left Height: 0.379181, Right Height: 0.391455

Top total peaks (by true height): 126 183 272 

---- Saving Time info of muon and Michel candidates ----
[Saved] Muon time peak index: 126
        Intensity: 14.0114
[Saved] Michel time peak: 183
        Intensity: 2.88316


[742] Processing file: /Users/shuaixiangzhang/Work/current/FNAL_Work2024/michel_e/t0_tagging/pdhd_DATA_v2/t0_rootFiles/new20250808_MC/wvf_merged_applyCut_20250819/wvfFind_event8205_trackID8_opNum9_merged.root

Threshold for summed wvf: 0.3
Histogram: total
    Peak at bin 125, Left Height: 11.274, Right Height: 8.96855
    Peak at bin 147, Left Height: 0.704605, Right Height: 2.56499
    Peak at bin 199, Left Height: 1.69391, Right Height: 2.00869
    Peak at bin 250, Left Height: 1.38151, Right Height: 1.37079
    Peak at bin 283, Left Height: 1.08791, Right Height: 0.81684

Top total peaks (by true height): 125 199 250 

---- Saving Time info of muon and Michel candidates ----
[Saved] Muon time peak index: 125
        Intensity: 8.96855
[Saved] Michel time peak: 199
        Intensity: 1.69391


[743] Processing file: /Users/shuaixiangzhang/Work/current/FNAL_Work2024/michel_e/t0_tagging/pdhd_DATA_v2/t0_rootFiles/new20250808_MC/wvf_merged_applyCut_20250819/wvfFind_event8221_trackID12_opNum5_merged.root

Threshold for summed wvf: 0.3
Histogram: total
    Peak at bin 127, Left Height: 13.13, Right Height: 12.0327
    Peak at bin 163, Left Height: 1.86661, Right Height: 3.33553
    Peak at bin 258, Left Height: 0.450581, Right Height: 0.534652
    Peak at bin 415, Left Height: 0.437032, Right Height: 0.385794

Top total peaks (by true height): 127 163 258 

---- Saving Time info of muon and Michel candidates ----
[Saved] Muon time peak index: 127
        Intensity: 12.0327
[Saved] Michel time peak: 163
        Intensity: 1.86661


[744] Processing file: /Users/shuaixiangzhang/Work/current/FNAL_Work2024/michel_e/t0_tagging/pdhd_DATA_v2/t0_rootFiles/new20250808_MC/wvf_merged_applyCut_20250819/wvfFind_event8232_trackID0_opNum9_merged.root

Threshold for summed wvf: 0.3
Histogram: total
    Peak at bin 128, Left Height: 280.21, Right Height: 245.154
    Peak at bin 153, Left Height: 2.78316, Right Height: 2.17001
    Peak at bin 169, Left Height: 2.37621, Right Height: 18.9329
    Peak at bin 201, Left Height: 0.378975, Right Height: 6.13315
    Peak at bin 230, Left Height: 4.65467, Right Height: 9.60509
    Peak at bin 264, Left Height: 11.7202, Right Height: 14.342
    Peak at bin 312, Left Height: 1.62517, Right Height: 4.29371
    Peak at bin 332, Left Height: 0.481907, Right Height: 2.02448
    Peak at bin 354, Left Height: 1.56251, Right Height: 1.95633
    Peak at bin 381, Left Height: 0.449754, Right Height: 2.58014
    Peak at bin 431, Left Height: 0.534925, Right Height: 1.24104
    Peak at bin 496, Left Height: 2.12783, Right Height: 1.29783
    Peak at bin 567, Left Height: 1.78907, Right Height: 1.15635
    Peak at bin 598, Left Height: 0.675919, Right Height: 0.735166
    Peak at bin 622, Left Height: 1.29455, Right Height: 0.501089
    Peak at bin 706, Left Height: 0.991336, Right Height: 0.806737
    Peak at bin 737, Left Height: 0.337233, Right Height: 0.498472
    Peak at bin 774, Left Height: 0.791889, Right Height: 0.510884
    Peak at bin 872, Left Height: 0.395442, Right Height: 0.480016
    Peak at bin 1020, Left Height: 2.89009, Right Height: 0.610351

Top total peaks (by true height): 128 264 230 

---- Saving Time info of muon and Michel candidates ----
[Saved] Muon time peak index: 128
        Intensity: 245.154
[Saved] Michel time peak: 264
        Intensity: 11.7202


[745] Processing file: /Users/shuaixiangzhang/Work/current/FNAL_Work2024/michel_e/t0_tagging/pdhd_DATA_v2/t0_rootFiles/new20250808_MC/wvf_merged_applyCut_20250819/wvfFind_event8236_trackID8_opNum9_merged.root

Threshold for summed wvf: 0.3
Histogram: total
    Peak at bin 128, Left Height: 18.7097, Right Height: 12.2696
    Peak at bin 171, Left Height: 4.16802, Right Height: 6.42718
    Peak at bin 225, Left Height: 0.352216, Right Height: 2.53248
    Peak at bin 353, Left Height: 0.468836, Right Height: 0.848867
    Peak at bin 493, Left Height: 0.458823, Right Height: 0.379861

Top total peaks (by true height): 128 171 353 

---- Saving Time info of muon and Michel candidates ----
[Saved] Muon time peak index: 128
        Intensity: 12.2696
[Saved] Michel time peak: 171
        Intensity: 4.16802


[746] Processing file: /Users/shuaixiangzhang/Work/current/FNAL_Work2024/michel_e/t0_tagging/pdhd_DATA_v2/t0_rootFiles/new20250808_MC/wvf_merged_applyCut_20250819/wvfFind_event824_trackID1_opNum9_merged.root

Threshold for summed wvf: 0.3
Histogram: total
    Peak at bin 127, Left Height: 13.9633, Right Height: 11.6051
    Peak at bin 186, Left Height: 0.896533, Right Height: 0.808969
    Peak at bin 256, Left Height: 0.56102, Right Height: 0.571699
    Peak at bin 304, Left Height: 1.39638, Right Height: 1.54337
    Peak at bin 403, Left Height: 0.319394, Right Height: 0.421842
    Peak at bin 433, Left Height: 0.413733, Right Height: 0.550201
    Peak at bin 488, Left Height: 0.336853, Right Height: 0.467195

Top total peaks (by true height): 127 304 186 

---- Saving Time info of muon and Michel candidates ----
[Saved] Muon time peak index: 127
        Intensity: 11.6051
[Saved] Michel time peak: 304
        Intensity: 1.39638


[747] Processing file: /Users/shuaixiangzhang/Work/current/FNAL_Work2024/michel_e/t0_tagging/pdhd_DATA_v2/t0_rootFiles/new20250808_MC/wvf_merged_applyCut_20250819/wvfFind_event8257_trackID18_opNum5_merged.root

Threshold for summed wvf: 0.3
Histogram: total
    Peak at bin 122, Left Height: 3.00381, Right Height: 3.01818
    Peak at bin 159, Left Height: 0.996013, Right Height: 1.04607

Top total peaks (by true height): 122 159 

---- Saving Time info of muon and Michel candidates ----
[Saved] Muon time peak index: 122
        Intensity: 3.00381
[Saved] Michel time peak: 159
        Intensity: 0.996013


[748] Processing file: /Users/shuaixiangzhang/Work/current/FNAL_Work2024/michel_e/t0_tagging/pdhd_DATA_v2/t0_rootFiles/new20250808_MC/wvf_merged_applyCut_20250819/wvfFind_event8261_trackID8_opNum9_merged.root

Threshold for summed wvf: 0.3
Histogram: total
    Peak at bin 125, Left Height: 13.7947, Right Height: 12.6931
    Peak at bin 157, Left Height: 0.841285, Right Height: 0.452109
    Peak at bin 177, Left Height: 1.91191, Right Height: 3.26527
    Peak at bin 247, Left Height: 1.29459, Right Height: 1.44929
    Peak at bin 294, Left Height: 1.13823, Right Height: 1.13732
    Peak at bin 344, Left Height: 0.805202, Right Height: 0.841737
    Peak at bin 384, Left Height: 0.615892, Right Height: 0.389143
    Peak at bin 406, Left Height: 0.411796, Right Height: 0.322405
    Peak at bin 709, Left Height: 0.322899, Right Height: 0.460568

Top total peaks (by true height): 125 177 247 

---- Saving Time info of muon and Michel candidates ----
[Saved] Muon time peak index: 125
        Intensity: 12.6931
[Saved] Michel time peak: 177
        Intensity: 1.91191


[749] Processing file: /Users/shuaixiangzhang/Work/current/FNAL_Work2024/michel_e/t0_tagging/pdhd_DATA_v2/t0_rootFiles/new20250808_MC/wvf_merged_applyCut_20250819/wvfFind_event8262_trackID12_opNum9_merged.root

Threshold for summed wvf: 0.3
Histogram: total
    Peak at bin 126, Left Height: 12.8545, Right Height: 10.3511
    Peak at bin 155, Left Height: 0.56407, Right Height: 1.69819
    Peak at bin 195, Left Height: 1.10828, Right Height: 0.899239
    Peak at bin 220, Left Height: 0.552965, Right Height: 1.43977
    Peak at bin 255, Left Height: 0.377145, Right Height: 0.340981
    Peak at bin 297, Left Height: 0.469028, Right Height: 1.45354
    Peak at bin 352, Left Height: 0.417253, Right Height: 0.434008
    Peak at bin 388, Left Height: 0.757713, Right Height: 0.958311
    Peak at bin 861, Left Height: 0.430155, Right Height: 0.375552

Top total peaks (by true height): 126 195 388 

---- Saving Time info of muon and Michel candidates ----
[Saved] Muon time peak index: 126
        Intensity: 10.3511
[Saved] Michel time peak: 195
        Intensity: 0.899239


[750] Processing file: /Users/shuaixiangzhang/Work/current/FNAL_Work2024/michel_e/t0_tagging/pdhd_DATA_v2/t0_rootFiles/new20250808_MC/wvf_merged_applyCut_20250819/wvfFind_event8286_trackID2_opNum9_merged.root

Threshold for summed wvf: 0.3
Histogram: total
    Peak at bin 127, Left Height: 22.3587, Right Height: 16.5539
    Peak at bin 183, Left Height: 1.23842, Right Height: 2.45153
    Peak at bin 214, Left Height: 1.71282, Right Height: 1.87601
    Peak at bin 251, Left Height: 0.917996, Right Height: 1.59538
    Peak at bin 362, Left Height: 0.734019, Right Height: 0.744102
    Peak at bin 403, Left Height: 0.712372, Right Height: 0.608371
    Peak at bin 544, Left Height: 5.19446, Right Height: 4.62403
    Peak at bin 621, Left Height: 0.39728, Right Height: 0.999355

Top total peaks (by true height): 127 544 214 

---- Saving Time info of muon and Michel candidates ----
[Saved] Muon time peak index: 127
        Intensity: 16.5539
[Saved] Michel time peak: 544
        Intensity: 4.62403


[751] Processing file: /Users/shuaixiangzhang/Work/current/FNAL_Work2024/michel_e/t0_tagging/pdhd_DATA_v2/t0_rootFiles/new20250808_MC/wvf_merged_applyCut_20250819/wvfFind_event8290_trackID18_opNum7_merged.root

Threshold for summed wvf: 0.3
Histogram: total
    Peak at bin 126, Left Height: 6.38903, Right Height: 5.36957
    Peak at bin 205, Left Height: 0.663608, Right Height: 0.354862
    Peak at bin 228, Left Height: 0.781977, Right Height: 1.21615
    Peak at bin 270, Left Height: 0.408685, Right Height: 0.615574

Top total peaks (by true height): 126 228 270 

---- Saving Time info of muon and Michel candidates ----
[Saved] Muon time peak index: 126
        Intensity: 5.36957
[Saved] Michel time peak: 228
        Intensity: 0.781977


[752] Processing file: /Users/shuaixiangzhang/Work/current/FNAL_Work2024/michel_e/t0_tagging/pdhd_DATA_v2/t0_rootFiles/new20250808_MC/wvf_merged_applyCut_20250819/wvfFind_event8295_trackID12_opNum9_merged.root

Threshold for summed wvf: 0.3
Histogram: total
    Peak at bin 127, Left Height: 59.6583, Right Height: 55.4133
    Peak at bin 170, Left Height: 3.43336, Right Height: 2.84265
    Peak at bin 218, Left Height: 1.51787, Right Height: 1.68912
    Peak at bin 278, Left Height: 1.35345, Right Height: 2.63932
    Peak at bin 317, Left Height: 1.20248, Right Height: 1.35159
    Peak at bin 358, Left Height: 1.29021, Right Height: 1.04678
    Peak at bin 388, Left Height: 0.509971, Right Height: 0.400591
    Peak at bin 415, Left Height: 18.3387, Right Height: 17.4749
    Peak at bin 455, Left Height: 1.4141, Right Height: 1.09988
    Peak at bin 494, Left Height: 1.40136, Right Height: 0.86087
    Peak at bin 523, Left Height: 0.667876, Right Height: 1.69283
    Peak at bin 611, Left Height: 0.820041, Right Height: 0.505333
    Peak at bin 639, Left Height: 0.469397, Right Height: 0.77104
    Peak at bin 775, Left Height: 0.399686, Right Height: 0.360106

Top total peaks (by true height): 127 415 170 

---- Saving Time info of muon and Michel candidates ----
[Saved] Muon time peak index: 127
        Intensity: 55.4133
[Saved] Michel time peak: 415
        Intensity: 17.4749


[753] Processing file: /Users/shuaixiangzhang/Work/current/FNAL_Work2024/michel_e/t0_tagging/pdhd_DATA_v2/t0_rootFiles/new20250808_MC/wvf_merged_applyCut_20250819/wvfFind_event8315_trackID1_opNum5_merged.root

Threshold for summed wvf: 0.3
Histogram: total
    Peak at bin 127, Left Height: 17.8628, Right Height: 16.7502
    Peak at bin 183, Left Height: 3.90343, Right Height: 4.7589
    Peak at bin 233, Left Height: 1.17121, Right Height: 1.6937
    Peak at bin 312, Left Height: 0.693167, Right Height: 1.1581
    Peak at bin 361, Left Height: 1.08355, Right Height: 0.969249
    Peak at bin 421, Left Height: 0.609823, Right Height: 0.537609
    Peak at bin 465, Left Height: 0.600053, Right Height: 0.322246

Top total peaks (by true height): 127 183 233 

---- Saving Time info of muon and Michel candidates ----
[Saved] Muon time peak index: 127
        Intensity: 16.7502
[Saved] Michel time peak: 183
        Intensity: 3.90343


[754] Processing file: /Users/shuaixiangzhang/Work/current/FNAL_Work2024/michel_e/t0_tagging/pdhd_DATA_v2/t0_rootFiles/new20250808_MC/wvf_merged_applyCut_20250819/wvfFind_event8317_trackID10_opNum5_merged.root

Threshold for summed wvf: 0.3
Histogram: total
    Peak at bin 124, Left Height: 4.50629, Right Height: 3.38516
    Peak at bin 197, Left Height: 0.560044, Right Height: 0.540437
    Peak at bin 263, Left Height: 0.529286, Right Height: 0.561796
    Peak at bin 327, Left Height: 0.673223, Right Height: 0.690724
    Peak at bin 359, Left Height: 0.325302, Right Height: 0.407086

Top total peaks (by true height): 124 327 197 

---- Saving Time info of muon and Michel candidates ----
[Saved] Muon time peak index: 124
        Intensity: 3.38516
[Saved] Michel time peak: 327
        Intensity: 0.673223


[755] Processing file: /Users/shuaixiangzhang/Work/current/FNAL_Work2024/michel_e/t0_tagging/pdhd_DATA_v2/t0_rootFiles/new20250808_MC/wvf_merged_applyCut_20250819/wvfFind_event831_trackID5_opNum9_merged.root

Threshold for summed wvf: 0.3
Histogram: total
    Peak at bin 130, Left Height: 153.794, Right Height: 117.669
    Peak at bin 192, Left Height: 2.12955, Right Height: 16.3199
    Peak at bin 268, Left Height: 1.8393, Right Height: 6.92816
    Peak at bin 337, Left Height: 0.7243, Right Height: 0.639821
    Peak at bin 433, Left Height: 1.96421, Right Height: 1.85456
    Peak at bin 508, Left Height: 0.707172, Right Height: 0.58117
    Peak at bin 631, Left Height: 0.654963, Right Height: 0.404423
    Peak at bin 666, Left Height: 0.365435, Right Height: 0.663227
    Peak at bin 707, Left Height: 0.591948, Right Height: 0.732843
    Peak at bin 803, Left Height: 0.332274, Right Height: 0.301524
    Peak at bin 1020, Left Height: 1.59979, Right Height: 0.349979

Top total peaks (by true height): 130 192 433 

---- Saving Time info of muon and Michel candidates ----
[Saved] Muon time peak index: 130
        Intensity: 117.669
[Saved] Michel time peak: 192
        Intensity: 2.12955


[756] Processing file: /Users/shuaixiangzhang/Work/current/FNAL_Work2024/michel_e/t0_tagging/pdhd_DATA_v2/t0_rootFiles/new20250808_MC/wvf_merged_applyCut_20250819/wvfFind_event8335_trackID6_opNum9_merged.root

Threshold for summed wvf: 0.3
Histogram: total
    Peak at bin 128, Left Height: 22.951, Right Height: 17.7999
    Peak at bin 157, Left Height: 0.961442, Right Height: 0.530476
    Peak at bin 179, Left Height: 3.5219, Right Height: 3.33287
    Peak at bin 232, Left Height: 0.642696, Right Height: 1.81317
    Peak at bin 265, Left Height: 1.0805, Right Height: 1.95867
    Peak at bin 314, Left Height: 1.0671, Right Height: 1.05911
    Peak at bin 435, Left Height: 0.638155, Right Height: 0.734816
    Peak at bin 523, Left Height: 0.369743, Right Height: 0.615657

Top total peaks (by true height): 128 179 265 

---- Saving Time info of muon and Michel candidates ----
[Saved] Muon time peak index: 128
        Intensity: 17.7999
[Saved] Michel time peak: 179
        Intensity: 3.33287


[757] Processing file: /Users/shuaixiangzhang/Work/current/FNAL_Work2024/michel_e/t0_tagging/pdhd_DATA_v2/t0_rootFiles/new20250808_MC/wvf_merged_applyCut_20250819/wvfFind_event8345_trackID20_opNum7_merged.root

Threshold for summed wvf: 0.3
Histogram: total
    Peak at bin 124, Left Height: 3.82123, Right Height: 3.20855
    Peak at bin 174, Left Height: 0.737277, Right Height: 0.784249
    Peak at bin 234, Left Height: 1.23457, Right Height: 1.27554
    Peak at bin 295, Left Height: 0.70706, Right Height: 0.833575

Top total peaks (by true height): 124 234 174 

---- Saving Time info of muon and Michel candidates ----
[Saved] Muon time peak index: 124
        Intensity: 3.20855
[Saved] Michel time peak: 234
        Intensity: 1.23457


[758] Processing file: /Users/shuaixiangzhang/Work/current/FNAL_Work2024/michel_e/t0_tagging/pdhd_DATA_v2/t0_rootFiles/new20250808_MC/wvf_merged_applyCut_20250819/wvfFind_event8351_trackID14_opNum8_merged.root

Threshold for summed wvf: 0.3
Histogram: total
    Peak at bin 126, Left Height: 7.49766, Right Height: 4.73383
    Peak at bin 241, Left Height: 2.92895, Right Height: 2.98609
    Peak at bin 281, Left Height: 0.564991, Right Height: 0.802217
    Peak at bin 419, Left Height: 0.383588, Right Height: 0.323137

Top total peaks (by true height): 126 241 281 

---- Saving Time info of muon and Michel candidates ----
[Saved] Muon time peak index: 126
        Intensity: 4.73383
[Saved] Michel time peak: 241
        Intensity: 2.92895


[759] Processing file: /Users/shuaixiangzhang/Work/current/FNAL_Work2024/michel_e/t0_tagging/pdhd_DATA_v2/t0_rootFiles/new20250808_MC/wvf_merged_applyCut_20250819/wvfFind_event8353_trackID2_opNum4_merged.root

Threshold for summed wvf: 0.3
Histogram: total
    Peak at bin 126, Left Height: 3.15987, Right Height: 3.02001
    Peak at bin 162, Left Height: 0.609685, Right Height: 0.309745
    Peak at bin 235, Left Height: 0.666642, Right Height: 0.942982

Top total peaks (by true height): 126 235 162 

---- Saving Time info of muon and Michel candidates ----
[Saved] Muon time peak index: 126
        Intensity: 3.02001
[Saved] Michel time peak: 235
        Intensity: 0.666642


[760] Processing file: /Users/shuaixiangzhang/Work/current/FNAL_Work2024/michel_e/t0_tagging/pdhd_DATA_v2/t0_rootFiles/new20250808_MC/wvf_merged_applyCut_20250819/wvfFind_event8354_trackID5_opNum9_merged.root

Threshold for summed wvf: 0.3
Histogram: total
    Peak at bin 127, Left Height: 15.3688, Right Height: 12.4222
    Peak at bin 176, Left Height: 1.00142, Right Height: 2.58988
    Peak at bin 225, Left Height: 2.64549, Right Height: 3.45039
    Peak at bin 278, Left Height: 1.12778, Right Height: 0.813154
    Peak at bin 307, Left Height: 0.623677, Right Height: 0.685253
    Peak at bin 349, Left Height: 0.38049, Right Height: 0.459862
    Peak at bin 395, Left Height: 0.41854, Right Height: 0.381165

Top total peaks (by true height): 127 225 176 

---- Saving Time info of muon and Michel candidates ----
[Saved] Muon time peak index: 127
        Intensity: 12.4222
[Saved] Michel time peak: 225
        Intensity: 2.64549


[761] Processing file: /Users/shuaixiangzhang/Work/current/FNAL_Work2024/michel_e/t0_tagging/pdhd_DATA_v2/t0_rootFiles/new20250808_MC/wvf_merged_applyCut_20250819/wvfFind_event835_trackID21_opNum6_merged.root

Threshold for summed wvf: 0.3
Histogram: total
    Peak at bin 123, Left Height: 2.39076, Right Height: 1.2449
    Peak at bin 235, Left Height: 0.346061, Right Height: 0.444844

Top total peaks (by true height): 123 235 

---- Saving Time info of muon and Michel candidates ----
[Saved] Muon time peak index: 123
        Intensity: 1.2449
[Saved] Michel time peak: 235
        Intensity: 0.346061


[762] Processing file: /Users/shuaixiangzhang/Work/current/FNAL_Work2024/michel_e/t0_tagging/pdhd_DATA_v2/t0_rootFiles/new20250808_MC/wvf_merged_applyCut_20250819/wvfFind_event8372_trackID1_opNum9_merged.root

Threshold for summed wvf: 0.3
Histogram: total
    Peak at bin 128, Left Height: 19.166, Right Height: 13.5448
    Peak at bin 157, Left Height: 1.47512, Right Height: 3.15609
    Peak at bin 232, Left Height: 0.613485, Right Height: 1.31016
    Peak at bin 301, Left Height: 0.304803, Right Height: 0.628448
    Peak at bin 379, Left Height: 0.587633, Right Height: 0.920861
    Peak at bin 429, Left Height: 0.794196, Right Height: 0.776367

Top total peaks (by true height): 128 157 429 

---- Saving Time info of muon and Michel candidates ----
[Saved] Muon time peak index: 128
        Intensity: 13.5448
[Saved] Michel time peak: 157
        Intensity: 1.47512


[763] Processing file: /Users/shuaixiangzhang/Work/current/FNAL_Work2024/michel_e/t0_tagging/pdhd_DATA_v2/t0_rootFiles/new20250808_MC/wvf_merged_applyCut_20250819/wvfFind_event8422_trackID16_opNum9_merged.root

Threshold for summed wvf: 0.3
Histogram: total
    Peak at bin 126, Left Height: 9.14982, Right Height: 7.06905
    Peak at bin 174, Left Height: 0.633327, Right Height: 0.616253
    Peak at bin 223, Left Height: 0.493938, Right Height: 1.07116
    Peak at bin 313, Left Height: 0.732357, Right Height: 1.11434
    Peak at bin 408, Left Height: 0.636541, Right Height: 0.715701
    Peak at bin 480, Left Height: 0.315964, Right Height: 0.450364

Top total peaks (by true height): 126 313 408 

---- Saving Time info of muon and Michel candidates ----
[Saved] Muon time peak index: 126
        Intensity: 7.06905
[Saved] Michel time peak: 313
        Intensity: 0.732357


[764] Processing file: /Users/shuaixiangzhang/Work/current/FNAL_Work2024/michel_e/t0_tagging/pdhd_DATA_v2/t0_rootFiles/new20250808_MC/wvf_merged_applyCut_20250819/wvfFind_event8427_trackID11_opNum9_merged.root

Threshold for summed wvf: 0.3
Histogram: total
    Peak at bin 129, Left Height: 123.333, Right Height: 103.461
    Peak at bin 213, Left Height: 0.49065, Right Height: 6.31835
    Peak at bin 245, Left Height: 0.996399, Right Height: 9.38934
    Peak at bin 406, Left Height: 1.05312, Right Height: 1.86545
    Peak at bin 448, Left Height: 0.975329, Right Height: 0.884165
    Peak at bin 474, Left Height: 0.815528, Right Height: 0.995018
    Peak at bin 540, Left Height: 0.56397, Right Height: 0.604482
    Peak at bin 623, Left Height: 0.571094, Right Height: 0.456038

Top total peaks (by true height): 129 406 245 

---- Saving Time info of muon and Michel candidates ----
[Saved] Muon time peak index: 129
        Intensity: 103.461
[Saved] Michel time peak: 406
        Intensity: 1.05312


[765] Processing file: /Users/shuaixiangzhang/Work/current/FNAL_Work2024/michel_e/t0_tagging/pdhd_DATA_v2/t0_rootFiles/new20250808_MC/wvf_merged_applyCut_20250819/wvfFind_event8455_trackID27_opNum4_merged.root

Threshold for summed wvf: 0.3
Histogram: total
    Peak at bin 125, Left Height: 3.9445, Right Height: 4.03961
    Peak at bin 184, Left Height: 0.710825, Right Height: 0.547744
    Peak at bin 273, Left Height: 0.421914, Right Height: 0.404589
    Peak at bin 313, Left Height: 1.27879, Right Height: 1.32441
    Peak at bin 437, Left Height: 0.545816, Right Height: 0.396999

Top total peaks (by true height): 125 313 184 

---- Saving Time info of muon and Michel candidates ----
[Saved] Muon time peak index: 125
        Intensity: 3.9445
[Saved] Michel time peak: 313
        Intensity: 1.27879


[766] Processing file: /Users/shuaixiangzhang/Work/current/FNAL_Work2024/michel_e/t0_tagging/pdhd_DATA_v2/t0_rootFiles/new20250808_MC/wvf_merged_applyCut_20250819/wvfFind_event8459_trackID23_opNum9_merged.root

Threshold for summed wvf: 0.3
Histogram: total
    Peak at bin 129, Left Height: 223.789, Right Height: 183.927
    Peak at bin 172, Left Height: 27.1634, Right Height: 27.6264
    Peak at bin 221, Left Height: 0.497643, Right Height: 11.7086
    Peak at bin 319, Left Height: 0.973851, Right Height: 3.97619
    Peak at bin 350, Left Height: 2.65456, Right Height: 3.58508
    Peak at bin 397, Left Height: 1.35789, Right Height: 1.47271
    Peak at bin 465, Left Height: 1.08335, Right Height: 0.931864
    Peak at bin 501, Left Height: 0.571397, Right Height: 1.28659
    Peak at bin 531, Left Height: 1.11986, Right Height: 1.00132
    Peak at bin 595, Left Height: 0.969925, Right Height: 0.873571
    Peak at bin 661, Left Height: 0.641582, Right Height: 0.371836
    Peak at bin 709, Left Height: 0.388139, Right Height: 0.828633
    Peak at bin 738, Left Height: 0.783299, Right Height: 0.7094
    Peak at bin 798, Left Height: 0.622349, Right Height: 0.42114
    Peak at bin 1021, Left Height: 2.8291, Right Height: 0.427328

Top total peaks (by true height): 129 172 350 

---- Saving Time info of muon and Michel candidates ----
[Saved] Muon time peak index: 129
        Intensity: 183.927
[Saved] Michel time peak: 172
        Intensity: 27.1634


[767] Processing file: /Users/shuaixiangzhang/Work/current/FNAL_Work2024/michel_e/t0_tagging/pdhd_DATA_v2/t0_rootFiles/new20250808_MC/wvf_merged_applyCut_20250819/wvfFind_event8462_trackID1_opNum5_merged.root

Threshold for summed wvf: 0.3
Histogram: total
    Peak at bin 127, Left Height: 13.5263, Right Height: 12.3545
    Peak at bin 159, Left Height: 1.27508, Right Height: 0.978605
    Peak at bin 220, Left Height: 4.2034, Right Height: 4.4234
    Peak at bin 306, Left Height: 0.494037, Right Height: 0.47384
    Peak at bin 361, Left Height: 0.463567, Right Height: 0.989055

Top total peaks (by true height): 127 220 159 

---- Saving Time info of muon and Michel candidates ----
[Saved] Muon time peak index: 127
        Intensity: 12.3545
[Saved] Michel time peak: 220
        Intensity: 4.2034


[768] Processing file: /Users/shuaixiangzhang/Work/current/FNAL_Work2024/michel_e/t0_tagging/pdhd_DATA_v2/t0_rootFiles/new20250808_MC/wvf_merged_applyCut_20250819/wvfFind_event8462_trackID2_opNum6_merged.root

Threshold for summed wvf: 0.3
Histogram: total
    Peak at bin 127, Left Height: 14.4891, Right Height: 12.3321
    Peak at bin 193, Left Height: 0.698894, Right Height: 2.42028
    Peak at bin 232, Left Height: 1.0336, Right Height: 0.695962
    Peak at bin 258, Left Height: 0.772386, Right Height: 0.451975
    Peak at bin 309, Left Height: 0.734564, Right Height: 0.96181
    Peak at bin 422, Left Height: 2.94407, Right Height: 2.68243
    Peak at bin 488, Left Height: 0.381855, Right Height: 1.01333
    Peak at bin 544, Left Height: 0.422812, Right Height: 0.577169

Top total peaks (by true height): 127 422 309 

---- Saving Time info of muon and Michel candidates ----
[Saved] Muon time peak index: 127
        Intensity: 12.3321
[Saved] Michel time peak: 422
        Intensity: 2.68243


[769] Processing file: /Users/shuaixiangzhang/Work/current/FNAL_Work2024/michel_e/t0_tagging/pdhd_DATA_v2/t0_rootFiles/new20250808_MC/wvf_merged_applyCut_20250819/wvfFind_event8473_trackID1_opNum9_merged.root

Threshold for summed wvf: 0.3
Histogram: total
    Peak at bin 130, Left Height: 85.0672, Right Height: 69.1466
    Peak at bin 271, Left Height: 0.398169, Right Height: 0.765268
    Peak at bin 289, Left Height: 0.507135, Right Height: 3.16672
    Peak at bin 323, Left Height: 0.847283, Right Height: 2.98018

Top total peaks (by true height): 130 323 289 

---- Saving Time info of muon and Michel candidates ----
[Saved] Muon time peak index: 130
        Intensity: 69.1466
[Saved] Michel time peak: 323
        Intensity: 0.847283


[770] Processing file: /Users/shuaixiangzhang/Work/current/FNAL_Work2024/michel_e/t0_tagging/pdhd_DATA_v2/t0_rootFiles/new20250808_MC/wvf_merged_applyCut_20250819/wvfFind_event8493_trackID7_opNum9_merged.root

Threshold for summed wvf: 0.3
Histogram: total
    Peak at bin 126, Left Height: 14.0214, Right Height: 10.1556
    Peak at bin 150, Left Height: 0.784278, Right Height: 3.68225
    Peak at bin 207, Left Height: 1.1819, Right Height: 1.2114
    Peak at bin 235, Left Height: 1.1098, Right Height: 0.924336
    Peak at bin 261, Left Height: 0.582128, Right Height: 1.37276
    Peak at bin 374, Left Height: 0.492733, Right Height: 0.636222
    Peak at bin 453, Left Height: 0.351371, Right Height: 0.452607

Top total peaks (by true height): 126 207 235 

---- Saving Time info of muon and Michel candidates ----
[Saved] Muon time peak index: 126
        Intensity: 10.1556
[Saved] Michel time peak: 207
        Intensity: 1.1819


[771] Processing file: /Users/shuaixiangzhang/Work/current/FNAL_Work2024/michel_e/t0_tagging/pdhd_DATA_v2/t0_rootFiles/new20250808_MC/wvf_merged_applyCut_20250819/wvfFind_event8546_trackID1_opNum9_merged.root

Threshold for summed wvf: 0.3
Histogram: total
    Peak at bin 128, Left Height: 296.555, Right Height: 276.339
    Peak at bin 236, Left Height: 1.17707, Right Height: 8.93991
    Peak at bin 286, Left Height: 0.83704, Right Height: 9.73357
    Peak at bin 348, Left Height: 0.992702, Right Height: 1.29725
    Peak at bin 403, Left Height: 1.25728, Right Height: 2.36895
    Peak at bin 470, Left Height: 2.10246, Right Height: 2.07256
    Peak at bin 495, Left Height: 0.837237, Right Height: 2.17384
    Peak at bin 540, Left Height: 1.83927, Right Height: 1.54213
    Peak at bin 588, Left Height: 0.849275, Right Height: 1.13009
    Peak at bin 618, Left Height: 0.729044, Right Height: 0.48652
    Peak at bin 661, Left Height: 1.24312, Right Height: 0.95711
    Peak at bin 697, Left Height: 0.735895, Right Height: 1.33105
    Peak at bin 774, Left Height: 0.582919, Right Height: 0.563167
    Peak at bin 800, Left Height: 0.996798, Right Height: 0.584081
    Peak at bin 1020, Left Height: 3.43239, Right Height: 0.53325

Top total peaks (by true height): 128 470 540 

---- Saving Time info of muon and Michel candidates ----
[Saved] Muon time peak index: 128
        Intensity: 276.339
[Saved] Michel time peak: 470
        Intensity: 2.07256


[772] Processing file: /Users/shuaixiangzhang/Work/current/FNAL_Work2024/michel_e/t0_tagging/pdhd_DATA_v2/t0_rootFiles/new20250808_MC/wvf_merged_applyCut_20250819/wvfFind_event8562_trackID0_opNum8_merged.root

Threshold for summed wvf: 0.3
Histogram: total
    Peak at bin 19, Left Height: 1.20995, Right Height: 0.850803
    Peak at bin 80, Left Height: 0.405946, Right Height: 0.364195
    Peak at bin 128, Left Height: 37.7179, Right Height: 26.9711
    Peak at bin 239, Left Height: 0.647428, Right Height: 1.56543
    Peak at bin 420, Left Height: 0.556487, Right Height: 0.846083

Top total peaks (by true height): 128 19 239 

---- Saving Time info of muon and Michel candidates ----
[Saved] Muon time peak index: 128
        Intensity: 26.9711
[Saved] Michel time peak: 19
        Intensity: 0.850803


[773] Processing file: /Users/shuaixiangzhang/Work/current/FNAL_Work2024/michel_e/t0_tagging/pdhd_DATA_v2/t0_rootFiles/new20250808_MC/wvf_merged_applyCut_20250819/wvfFind_event8563_trackID13_opNum4_2.root

Threshold for summed wvf: 0.3
Histogram: total
    Peak at bin 128, Left Height: 12.6001, Right Height: 9.78879
    Peak at bin 200, Left Height: 0.758011, Right Height: 1.73786
    Peak at bin 279, Left Height: 2.09365, Right Height: 2.45558
    Peak at bin 340, Left Height: 2.79368, Right Height: 1.80204
    Peak at bin 959, Left Height: 0.736001, Right Height: 0.737672

Top total peaks (by true height): 128 279 340 

---- Saving Time info of muon and Michel candidates ----
[Saved] Muon time peak index: 128
        Intensity: 9.78879
[Saved] Michel time peak: 279
        Intensity: 2.09365


[774] Processing file: /Users/shuaixiangzhang/Work/current/FNAL_Work2024/michel_e/t0_tagging/pdhd_DATA_v2/t0_rootFiles/new20250808_MC/wvf_merged_applyCut_20250819/wvfFind_event8563_trackID13_opNum5_merged.root

Threshold for summed wvf: 0.3
Histogram: total
    Peak at bin 128, Left Height: 11.2566, Right Height: 9.08155
    Peak at bin 278, Left Height: 2.83019, Right Height: 2.81914
    Peak at bin 337, Left Height: 1.76016, Right Height: 1.13489
    Peak at bin 358, Left Height: 0.366385, Right Height: 1.14774
    Peak at bin 391, Left Height: 0.751565, Right Height: 0.962301
    Peak at bin 676, Left Height: 0.404517, Right Height: 0.448124
    Peak at bin 953, Left Height: 0.710631, Right Height: 0.854175

Top total peaks (by true height): 128 278 337 

---- Saving Time info of muon and Michel candidates ----
[Saved] Muon time peak index: 128
        Intensity: 9.08155
[Saved] Michel time peak: 278
        Intensity: 2.81914


[775] Processing file: /Users/shuaixiangzhang/Work/current/FNAL_Work2024/michel_e/t0_tagging/pdhd_DATA_v2/t0_rootFiles/new20250808_MC/wvf_merged_applyCut_20250819/wvfFind_event8565_trackID5_opNum9_merged.root

Threshold for summed wvf: 0.3
Histogram: total
    Peak at bin 127, Left Height: 11.797, Right Height: 9.71662
    Peak at bin 167, Left Height: 0.351512, Right Height: 1.30978
    Peak at bin 200, Left Height: 0.612899, Right Height: 0.694268
    Peak at bin 236, Left Height: 0.468883, Right Height: 0.736395
    Peak at bin 263, Left Height: 0.452238, Right Height: 0.715533
    Peak at bin 293, Left Height: 0.325126, Right Height: 0.531373
    Peak at bin 323, Left Height: 0.399137, Right Height: 0.490667
    Peak at bin 416, Left Height: 2.00294, Right Height: 2.1641
    Peak at bin 463, Left Height: 0.568036, Right Height: 0.315475
    Peak at bin 586, Left Height: 0.378293, Right Height: 0.402871

Top total peaks (by true height): 127 416 200 

---- Saving Time info of muon and Michel candidates ----
[Saved] Muon time peak index: 127
        Intensity: 9.71662
[Saved] Michel time peak: 416
        Intensity: 2.00294


[776] Processing file: /Users/shuaixiangzhang/Work/current/FNAL_Work2024/michel_e/t0_tagging/pdhd_DATA_v2/t0_rootFiles/new20250808_MC/wvf_merged_applyCut_20250819/wvfFind_event8569_trackID18_opNum9_merged.root

Threshold for summed wvf: 0.3
Histogram: total
    Peak at bin 127, Left Height: 13.6266, Right Height: 9.95052
    Peak at bin 207, Left Height: 0.929336, Right Height: 1.26721
    Peak at bin 235, Left Height: 0.4272, Right Height: 1.16669
    Peak at bin 308, Left Height: 0.406916, Right Height: 0.816656
    Peak at bin 420, Left Height: 0.317432, Right Height: 0.41689
    Peak at bin 449, Left Height: 0.497079, Right Height: 0.626216

Top total peaks (by true height): 127 207 449 

---- Saving Time info of muon and Michel candidates ----
[Saved] Muon time peak index: 127
        Intensity: 9.95052
[Saved] Michel time peak: 207
        Intensity: 0.929336


[777] Processing file: /Users/shuaixiangzhang/Work/current/FNAL_Work2024/michel_e/t0_tagging/pdhd_DATA_v2/t0_rootFiles/new20250808_MC/wvf_merged_applyCut_20250819/wvfFind_event8576_trackID21_opNum5_merged.root

Threshold for summed wvf: 0.3
Histogram: total
    Peak at bin 124, Left Height: 2.28929, Right Height: 1.6941
    Peak at bin 163, Left Height: 1.07472, Right Height: 1.38747
    Peak at bin 251, Left Height: 0.34858, Right Height: 0.503374

Top total peaks (by true height): 124 163 251 

---- Saving Time info of muon and Michel candidates ----
[Saved] Muon time peak index: 124
        Intensity: 1.6941
[Saved] Michel time peak: 163
        Intensity: 1.07472


[778] Processing file: /Users/shuaixiangzhang/Work/current/FNAL_Work2024/michel_e/t0_tagging/pdhd_DATA_v2/t0_rootFiles/new20250808_MC/wvf_merged_applyCut_20250819/wvfFind_event8588_trackID13_opNum9_merged.root

Threshold for summed wvf: 0.3
Histogram: total
    Peak at bin 129, Left Height: 259.028, Right Height: 222.599
    Peak at bin 154, Left Height: 0.730684, Right Height: 26.7207
    Peak at bin 250, Left Height: 2.11376, Right Height: 1.41967
    Peak at bin 267, Left Height: 0.724834, Right Height: 6.3824
    Peak at bin 302, Left Height: 1.44406, Right Height: 4.34192
    Peak at bin 338, Left Height: 1.67025, Right Height: 2.73003
    Peak at bin 384, Left Height: 0.314401, Right Height: 1.75606
    Peak at bin 406, Left Height: 0.517235, Right Height: 0.54169
    Peak at bin 434, Left Height: 0.964912, Right Height: 1.85519
    Peak at bin 497, Left Height: 2.03993, Right Height: 0.721268
    Peak at bin 569, Left Height: 1.22817, Right Height: 0.877982
    Peak at bin 596, Left Height: 0.693991, Right Height: 0.60618
    Peak at bin 619, Left Height: 1.14546, Right Height: 0.865345
    Peak at bin 738, Left Height: 0.463318, Right Height: 0.584369
    Peak at bin 775, Left Height: 0.752252, Right Height: 0.337436
    Peak at bin 816, Left Height: 0.417332, Right Height: 0.866033
    Peak at bin 954, Left Height: 0.342107, Right Height: 0.360807
    Peak at bin 991, Left Height: 0.37515, Right Height: 0.797511
    Peak at bin 1020, Left Height: 2.71644, Right Height: 0.606615

Top total peaks (by true height): 129 338 302 

---- Saving Time info of muon and Michel candidates ----
[Saved] Muon time peak index: 129
        Intensity: 222.599
[Saved] Michel time peak: 338
        Intensity: 1.67025


[779] Processing file: /Users/shuaixiangzhang/Work/current/FNAL_Work2024/michel_e/t0_tagging/pdhd_DATA_v2/t0_rootFiles/new20250808_MC/wvf_merged_applyCut_20250819/wvfFind_event8598_trackID15_opNum4_merged.root

Threshold for summed wvf: 0.3
Histogram: total
    Peak at bin 120, Left Height: 1.2179, Right Height: 1.00883

Top total peaks (by true height): 120 0 

---- Saving Time info of muon and Michel candidates ----
[Saved] Muon time peak index: 120
        Intensity: 1.00883
[Saved] Michel time peak: 0
        Intensity: 0


[780] Processing file: /Users/shuaixiangzhang/Work/current/FNAL_Work2024/michel_e/t0_tagging/pdhd_DATA_v2/t0_rootFiles/new20250808_MC/wvf_merged_applyCut_20250819/wvfFind_event8610_trackID13_opNum9_merged.root

Threshold for summed wvf: 0.3
Histogram: total
    Peak at bin 126, Left Height: 15.6003, Right Height: 12.9803
    Peak at bin 150, Left Height: 1.13116, Right Height: 2.6983
    Peak at bin 197, Left Height: 2.41771, Right Height: 1.86575
    Peak at bin 220, Left Height: 0.409176, Right Height: 0.533064
    Peak at bin 294, Left Height: 0.357104, Right Height: 1.29349
    Peak at bin 338, Left Height: 0.450208, Right Height: 0.412429
    Peak at bin 359, Left Height: 0.46575, Right Height: 0.338848
    Peak at bin 404, Left Height: 0.359796, Right Height: 0.458071
    Peak at bin 436, Left Height: 0.540475, Right Height: 0.659245
    Peak at bin 488, Left Height: 0.4887, Right Height: 0.331572

Top total peaks (by true height): 126 197 150 

---- Saving Time info of muon and Michel candidates ----
[Saved] Muon time peak index: 126
        Intensity: 12.9803
[Saved] Michel time peak: 197
        Intensity: 1.86575


[781] Processing file: /Users/shuaixiangzhang/Work/current/FNAL_Work2024/michel_e/t0_tagging/pdhd_DATA_v2/t0_rootFiles/new20250808_MC/wvf_merged_applyCut_20250819/wvfFind_event8612_trackID1_opNum9_merged.root

Threshold for summed wvf: 0.3
Histogram: total
    Peak at bin 128, Left Height: 55.8258, Right Height: 45.2655
    Peak at bin 195, Left Height: 9.37265, Right Height: 10.3942
    Peak at bin 287, Left Height: 0.355019, Right Height: 1.62762
    Peak at bin 324, Left Height: 0.302197, Right Height: 1.42593
    Peak at bin 360, Left Height: 0.891168, Right Height: 1.93327
    Peak at bin 568, Left Height: 0.328156, Right Height: 0.401017
    Peak at bin 597, Left Height: 0.308214, Right Height: 0.348714

Top total peaks (by true height): 128 195 360 

---- Saving Time info of muon and Michel candidates ----
[Saved] Muon time peak index: 128
        Intensity: 45.2655
[Saved] Michel time peak: 195
        Intensity: 9.37265


[782] Processing file: /Users/shuaixiangzhang/Work/current/FNAL_Work2024/michel_e/t0_tagging/pdhd_DATA_v2/t0_rootFiles/new20250808_MC/wvf_merged_applyCut_20250819/wvfFind_event8617_trackID18_opNum8_merged.root

Threshold for summed wvf: 0.3
Histogram: total
    Peak at bin 129, Left Height: 94.4231, Right Height: 71.2109
    Peak at bin 172, Left Height: 0.525547, Right Height: 5.83081
    Peak at bin 214, Left Height: 5.44845, Right Height: 10.5321
    Peak at bin 367, Left Height: 0.719439, Right Height: 1.15561
    Peak at bin 394, Left Height: 0.417861, Right Height: 1.24097
    Peak at bin 446, Left Height: 0.437279, Right Height: 0.454303
    Peak at bin 477, Left Height: 0.32214, Right Height: 0.553935
    Peak at bin 535, Left Height: 0.649206, Right Height: 0.967049
    Peak at bin 949, Left Height: 0.340796, Right Height: 0.466683

Top total peaks (by true height): 129 214 367 

---- Saving Time info of muon and Michel candidates ----
[Saved] Muon time peak index: 129
        Intensity: 71.2109
[Saved] Michel time peak: 214
        Intensity: 5.44845


[783] Processing file: /Users/shuaixiangzhang/Work/current/FNAL_Work2024/michel_e/t0_tagging/pdhd_DATA_v2/t0_rootFiles/new20250808_MC/wvf_merged_applyCut_20250819/wvfFind_event8624_trackID3_opNum4_merged.root

Threshold for summed wvf: 0.3
Histogram: total
    Peak at bin 124, Left Height: 1.71142, Right Height: 0.927656
    Peak at bin 203, Left Height: 0.354501, Right Height: 0.447749
    Peak at bin 245, Left Height: 0.528821, Right Height: 0.549942
    Peak at bin 441, Left Height: 0.324185, Right Height: 0.34952

Top total peaks (by true height): 124 245 203 

---- Saving Time info of muon and Michel candidates ----
[Saved] Muon time peak index: 124
        Intensity: 0.927656
[Saved] Michel time peak: 245
        Intensity: 0.528821


[784] Processing file: /Users/shuaixiangzhang/Work/current/FNAL_Work2024/michel_e/t0_tagging/pdhd_DATA_v2/t0_rootFiles/new20250808_MC/wvf_merged_applyCut_20250819/wvfFind_event8633_trackID24_opNum9_merged.root

Threshold for summed wvf: 0.3
Histogram: total
    Peak at bin 128, Left Height: 65.97, Right Height: 55.1358
    Peak at bin 244, Left Height: 19.1846, Right Height: 18.3083
    Peak at bin 289, Left Height: 0.599771, Right Height: 1.97813
    Peak at bin 357, Left Height: 1.28209, Right Height: 3.58089
    Peak at bin 385, Left Height: 0.810304, Right Height: 1.691
    Peak at bin 414, Left Height: 1.54229, Right Height: 1.32037
    Peak at bin 442, Left Height: 0.802436, Right Height: 0.823277
    Peak at bin 477, Left Height: 0.993633, Right Height: 1.47001

Top total peaks (by true height): 128 244 414 

---- Saving Time info of muon and Michel candidates ----
[Saved] Muon time peak index: 128
        Intensity: 55.1358
[Saved] Michel time peak: 244
        Intensity: 18.3083


[785] Processing file: /Users/shuaixiangzhang/Work/current/FNAL_Work2024/michel_e/t0_tagging/pdhd_DATA_v2/t0_rootFiles/new20250808_MC/wvf_merged_applyCut_20250819/wvfFind_event8647_trackID7_opNum8_merged.root

Threshold for summed wvf: 0.3
Histogram: total
    Peak at bin 125, Left Height: 7.15482, Right Height: 5.88404
    Peak at bin 148, Left Height: 0.382819, Right Height: 0.709174
    Peak at bin 180, Left Height: 1.22201, Right Height: 1.54317
    Peak at bin 234, Left Height: 0.349063, Right Height: 0.493716
    Peak at bin 352, Left Height: 0.504814, Right Height: 0.498713

Top total peaks (by true height): 125 180 352 

---- Saving Time info of muon and Michel candidates ----
[Saved] Muon time peak index: 125
        Intensity: 5.88404
[Saved] Michel time peak: 180
        Intensity: 1.22201


[786] Processing file: /Users/shuaixiangzhang/Work/current/FNAL_Work2024/michel_e/t0_tagging/pdhd_DATA_v2/t0_rootFiles/new20250808_MC/wvf_merged_applyCut_20250819/wvfFind_event865_trackID15_opNum9_merged.root

Threshold for summed wvf: 0.3
Histogram: total
    Peak at bin 125, Left Height: 7.73054, Right Height: 7.33123
    Peak at bin 216, Left Height: 0.775678, Right Height: 0.928269
    Peak at bin 260, Left Height: 0.444109, Right Height: 0.470881
    Peak at bin 291, Left Height: 0.863726, Right Height: 0.881873
    Peak at bin 327, Left Height: 0.559948, Right Height: 0.620113

Top total peaks (by true height): 125 291 216 

---- Saving Time info of muon and Michel candidates ----
[Saved] Muon time peak index: 125
        Intensity: 7.33123
[Saved] Michel time peak: 291
        Intensity: 0.863726


[787] Processing file: /Users/shuaixiangzhang/Work/current/FNAL_Work2024/michel_e/t0_tagging/pdhd_DATA_v2/t0_rootFiles/new20250808_MC/wvf_merged_applyCut_20250819/wvfFind_event8662_trackID3_opNum8_merged.root

Threshold for summed wvf: 0.3
Histogram: total
    Peak at bin 127, Left Height: 9.34685, Right Height: 7.07003
    Peak at bin 316, Left Height: 0.859113, Right Height: 1.04568

Top total peaks (by true height): 127 316 

---- Saving Time info of muon and Michel candidates ----
[Saved] Muon time peak index: 127
        Intensity: 7.07003
[Saved] Michel time peak: 316
        Intensity: 0.859113


[788] Processing file: /Users/shuaixiangzhang/Work/current/FNAL_Work2024/michel_e/t0_tagging/pdhd_DATA_v2/t0_rootFiles/new20250808_MC/wvf_merged_applyCut_20250819/wvfFind_event8663_trackID5_opNum4_merged.root

Threshold for summed wvf: 0.3
Histogram: total
    Peak at bin 127, Left Height: 7.13197, Right Height: 4.71387
    Peak at bin 171, Left Height: 0.393056, Right Height: 1.31728

Top total peaks (by true height): 127 171 

---- Saving Time info of muon and Michel candidates ----
[Saved] Muon time peak index: 127
        Intensity: 4.71387
[Saved] Michel time peak: 171
        Intensity: 0.393056


[789] Processing file: /Users/shuaixiangzhang/Work/current/FNAL_Work2024/michel_e/t0_tagging/pdhd_DATA_v2/t0_rootFiles/new20250808_MC/wvf_merged_applyCut_20250819/wvfFind_event8670_trackID11_opNum9_merged.root

Threshold for summed wvf: 0.3
Histogram: total
    Peak at bin 126, Left Height: 12.1198, Right Height: 9.94125
    Peak at bin 191, Left Height: 0.894594, Right Height: 1.92542
    Peak at bin 218, Left Height: 2.69259, Right Height: 2.07066
    Peak at bin 239, Left Height: 0.531876, Right Height: 1.39708
    Peak at bin 325, Left Height: 0.811607, Right Height: 0.33009

Top total peaks (by true height): 126 218 191 

---- Saving Time info of muon and Michel candidates ----
[Saved] Muon time peak index: 126
        Intensity: 9.94125
[Saved] Michel time peak: 218
        Intensity: 2.07066


[790] Processing file: /Users/shuaixiangzhang/Work/current/FNAL_Work2024/michel_e/t0_tagging/pdhd_DATA_v2/t0_rootFiles/new20250808_MC/wvf_merged_applyCut_20250819/wvfFind_event8670_trackID1_opNum9_merged.root

Threshold for summed wvf: 0.3
Histogram: total
    Peak at bin 129, Left Height: 207.122, Right Height: 188.891
    Peak at bin 261, Left Height: 1.1831, Right Height: 9.07879
    Peak at bin 294, Left Height: 1.20332, Right Height: 3.30438
    Peak at bin 317, Left Height: 0.526416, Right Height: 4.7132
    Peak at bin 395, Left Height: 0.432268, Right Height: 2.30549
    Peak at bin 426, Left Height: 0.996258, Right Height: 2.35288
    Peak at bin 528, Left Height: 0.343897, Right Height: 0.538076
    Peak at bin 566, Left Height: 0.461844, Right Height: 0.58484
    Peak at bin 739, Left Height: 0.412588, Right Height: 0.354305

Top total peaks (by true height): 129 294 261 

---- Saving Time info of muon and Michel candidates ----
[Saved] Muon time peak index: 129
        Intensity: 188.891
[Saved] Michel time peak: 294
        Intensity: 1.20332


[791] Processing file: /Users/shuaixiangzhang/Work/current/FNAL_Work2024/michel_e/t0_tagging/pdhd_DATA_v2/t0_rootFiles/new20250808_MC/wvf_merged_applyCut_20250819/wvfFind_event8678_trackID10_opNum9_merged.root

Threshold for summed wvf: 0.3
Histogram: total
    Peak at bin 128, Left Height: 36.8311, Right Height: 30.6869
    Peak at bin 190, Left Height: 0.68371, Right Height: 0.576007
    Peak at bin 210, Left Height: 0.842829, Right Height: 3.9044
    Peak at bin 329, Left Height: 6.22748, Right Height: 6.04746
    Peak at bin 372, Left Height: 0.726667, Right Height: 1.79843
    Peak at bin 418, Left Height: 0.395392, Right Height: 0.599912
    Peak at bin 540, Left Height: 0.431437, Right Height: 0.442424
    Peak at bin 664, Left Height: 0.340273, Right Height: 0.472489

Top total peaks (by true height): 128 329 210 

---- Saving Time info of muon and Michel candidates ----
[Saved] Muon time peak index: 128
        Intensity: 30.6869
[Saved] Michel time peak: 329
        Intensity: 6.04746


[792] Processing file: /Users/shuaixiangzhang/Work/current/FNAL_Work2024/michel_e/t0_tagging/pdhd_DATA_v2/t0_rootFiles/new20250808_MC/wvf_merged_applyCut_20250819/wvfFind_event8693_trackID6_opNum4_2.root

Threshold for summed wvf: 0.3
Histogram: total
    Peak at bin 126, Left Height: 3.14802, Right Height: 1.72078
    Peak at bin 149, Left Height: 0.302141, Right Height: 0.777823
    Peak at bin 186, Left Height: 0.799064, Right Height: 1.37006
    Peak at bin 223, Left Height: 0.347551, Right Height: 0.355181
    Peak at bin 253, Left Height: 0.405741, Right Height: 0.591393

Top total peaks (by true height): 126 186 253 

---- Saving Time info of muon and Michel candidates ----
[Saved] Muon time peak index: 126
        Intensity: 1.72078
[Saved] Michel time peak: 186
        Intensity: 0.799064


[793] Processing file: /Users/shuaixiangzhang/Work/current/FNAL_Work2024/michel_e/t0_tagging/pdhd_DATA_v2/t0_rootFiles/new20250808_MC/wvf_merged_applyCut_20250819/wvfFind_event8693_trackID6_opNum5_merged.root

Threshold for summed wvf: 0.3
Histogram: total
    Peak at bin 125, Left Height: 2.63938, Right Height: 2.05907
    Peak at bin 210, Left Height: 0.693624, Right Height: 0.584083

Top total peaks (by true height): 125 210 

---- Saving Time info of muon and Michel candidates ----
[Saved] Muon time peak index: 125
        Intensity: 2.05907
[Saved] Michel time peak: 210
        Intensity: 0.584083


[794] Processing file: /Users/shuaixiangzhang/Work/current/FNAL_Work2024/michel_e/t0_tagging/pdhd_DATA_v2/t0_rootFiles/new20250808_MC/wvf_merged_applyCut_20250819/wvfFind_event8704_trackID14_opNum8_merged.root

Threshold for summed wvf: 0.3
Histogram: total
    Peak at bin 124, Left Height: 4.51059, Right Height: 3.89352
    Peak at bin 152, Left Height: 0.699014, Right Height: 0.895034
    Peak at bin 193, Left Height: 0.322706, Right Height: 0.426903
    Peak at bin 269, Left Height: 0.680759, Right Height: 0.538217
    Peak at bin 299, Left Height: 1.00405, Right Height: 1.00579
    Peak at bin 400, Left Height: 0.49506, Right Height: 0.580857
    Peak at bin 668, Left Height: 0.420045, Right Height: 0.457255

Top total peaks (by true height): 124 299 152 

---- Saving Time info of muon and Michel candidates ----
[Saved] Muon time peak index: 124
        Intensity: 3.89352
[Saved] Michel time peak: 299
        Intensity: 1.00405


[795] Processing file: /Users/shuaixiangzhang/Work/current/FNAL_Work2024/michel_e/t0_tagging/pdhd_DATA_v2/t0_rootFiles/new20250808_MC/wvf_merged_applyCut_20250819/wvfFind_event8709_trackID35_opNum4_merged.root

Threshold for summed wvf: 0.3
Histogram: total
    Peak at bin 123, Left Height: 2.30407, Right Height: 2.15526

Top total peaks (by true height): 123 0 

---- Saving Time info of muon and Michel candidates ----
[Saved] Muon time peak index: 123
        Intensity: 2.15526
[Saved] Michel time peak: 0
        Intensity: 0


[796] Processing file: /Users/shuaixiangzhang/Work/current/FNAL_Work2024/michel_e/t0_tagging/pdhd_DATA_v2/t0_rootFiles/new20250808_MC/wvf_merged_applyCut_20250819/wvfFind_event8725_trackID32_opNum7_merged.root

Threshold for summed wvf: 0.3
Histogram: total
    Peak at bin 125, Left Height: 5.58304, Right Height: 5.30977
    Peak at bin 195, Left Height: 0.456842, Right Height: 0.318779
    Peak at bin 244, Left Height: 0.465293, Right Height: 0.602945
    Peak at bin 368, Left Height: 0.527685, Right Height: 0.603158
    Peak at bin 414, Left Height: 0.553161, Right Height: 0.680104
    Peak at bin 676, Left Height: 0.324031, Right Height: 0.326717

Top total peaks (by true height): 125 414 368 

---- Saving Time info of muon and Michel candidates ----
[Saved] Muon time peak index: 125
        Intensity: 5.30977
[Saved] Michel time peak: 414
        Intensity: 0.553161


[797] Processing file: /Users/shuaixiangzhang/Work/current/FNAL_Work2024/michel_e/t0_tagging/pdhd_DATA_v2/t0_rootFiles/new20250808_MC/wvf_merged_applyCut_20250819/wvfFind_event8732_trackID20_opNum5_merged.root

Threshold for summed wvf: 0.3
Histogram: total
    Peak at bin 125, Left Height: 3.34327, Right Height: 2.76418

Top total peaks (by true height): 125 0 

---- Saving Time info of muon and Michel candidates ----
[Saved] Muon time peak index: 125
        Intensity: 2.76418
[Saved] Michel time peak: 0
        Intensity: 0


[798] Processing file: /Users/shuaixiangzhang/Work/current/FNAL_Work2024/michel_e/t0_tagging/pdhd_DATA_v2/t0_rootFiles/new20250808_MC/wvf_merged_applyCut_20250819/wvfFind_event8739_trackID14_opNum9_merged.root

Threshold for summed wvf: 0.3
Histogram: total
    Peak at bin 15, Left Height: 1.88678, Right Height: 0.311724
    Peak at bin 127, Left Height: 11.678, Right Height: 9.91894
    Peak at bin 158, Left Height: 0.499669, Right Height: 1.00144
    Peak at bin 193, Left Height: 0.464336, Right Height: 0.556679
    Peak at bin 215, Left Height: 0.595423, Right Height: 0.998497
    Peak at bin 273, Left Height: 2.09214, Right Height: 1.72653
    Peak at bin 312, Left Height: 0.593489, Right Height: 0.90291
    Peak at bin 420, Left Height: 0.687654, Right Height: 0.741732
    Peak at bin 1010, Left Height: 3.2301, Right Height: 5.03568

Top total peaks (by true height): 127 1010 273 

---- Saving Time info of muon and Michel candidates ----
[Saved] Muon time peak index: 127
        Intensity: 9.91894
[Saved] Michel time peak: 1010
        Intensity: 3.2301


[799] Processing file: /Users/shuaixiangzhang/Work/current/FNAL_Work2024/michel_e/t0_tagging/pdhd_DATA_v2/t0_rootFiles/new20250808_MC/wvf_merged_applyCut_20250819/wvfFind_event8758_trackID4_opNum6_merged.root

Threshold for summed wvf: 0.3
Histogram: total
    Peak at bin 125, Left Height: 5.5628, Right Height: 4.07472
    Peak at bin 156, Left Height: 0.781165, Right Height: 1.45064
    Peak at bin 187, Left Height: 0.367635, Right Height: 0.587546
    Peak at bin 241, Left Height: 0.741159, Right Height: 1.07043
    Peak at bin 285, Left Height: 1.06603, Right Height: 0.521856
    Peak at bin 374, Left Height: 0.519558, Right Height: 0.469412

Top total peaks (by true height): 125 156 241 

---- Saving Time info of muon and Michel candidates ----
[Saved] Muon time peak index: 125
        Intensity: 4.07472
[Saved] Michel time peak: 156
        Intensity: 0.781165


[800] Processing file: /Users/shuaixiangzhang/Work/current/FNAL_Work2024/michel_e/t0_tagging/pdhd_DATA_v2/t0_rootFiles/new20250808_MC/wvf_merged_applyCut_20250819/wvfFind_event8771_trackID18_opNum9_merged.root

Threshold for summed wvf: 0.3
Histogram: total
    Peak at bin 125, Left Height: 8.00127, Right Height: 5.93564
    Peak at bin 155, Left Height: 1.51068, Right Height: 2.51749
    Peak at bin 201, Left Height: 1.04027, Right Height: 0.710845
    Peak at bin 229, Left Height: 2.50121, Right Height: 2.40091
    Peak at bin 263, Left Height: 0.694259, Right Height: 1.65584
    Peak at bin 317, Left Height: 0.698275, Right Height: 0.686129
    Peak at bin 417, Left Height: 0.316428, Right Height: 0.338671

Top total peaks (by true height): 125 229 155 

---- Saving Time info of muon and Michel candidates ----
[Saved] Muon time peak index: 125
        Intensity: 5.93564
[Saved] Michel time peak: 229
        Intensity: 2.40091


[801] Processing file: /Users/shuaixiangzhang/Work/current/FNAL_Work2024/michel_e/t0_tagging/pdhd_DATA_v2/t0_rootFiles/new20250808_MC/wvf_merged_applyCut_20250819/wvfFind_event8773_trackID28_opNum6_merged.root

Threshold for summed wvf: 0.3
Histogram: total
    Peak at bin 123, Left Height: 4.29248, Right Height: 2.51586
    Peak at bin 145, Left Height: 0.333924, Right Height: 1.18059
    Peak at bin 187, Left Height: 1.04232, Right Height: 0.751259
    Peak at bin 242, Left Height: 0.410826, Right Height: 1.05874
    Peak at bin 898, Left Height: 130.505, Right Height: 133.028
    Peak at bin 1021, Left Height: 56.7502, Right Height: 8.2247

Top total peaks (by true height): 898 1021 123 

---- Saving Time info of muon and Michel candidates ----
[Saved] Muon time peak index: 898
        Intensity: 130.505
[Saved] Michel time peak: 1021
        Intensity: 8.2247


[802] Processing file: /Users/shuaixiangzhang/Work/current/FNAL_Work2024/michel_e/t0_tagging/pdhd_DATA_v2/t0_rootFiles/new20250808_MC/wvf_merged_applyCut_20250819/wvfFind_event8777_trackID13_opNum9_merged.root

Threshold for summed wvf: 0.3
Histogram: total
    Peak at bin 126, Left Height: 12.0944, Right Height: 10.204
    Peak at bin 182, Left Height: 1.11439, Right Height: 1.28069
    Peak at bin 242, Left Height: 0.304227, Right Height: 0.80706
    Peak at bin 298, Left Height: 1.83721, Right Height: 1.14978
    Peak at bin 413, Left Height: 0.577384, Right Height: 0.525493
    Peak at bin 593, Left Height: 0.394631, Right Height: 0.356039

Top total peaks (by true height): 126 298 182 

---- Saving Time info of muon and Michel candidates ----
[Saved] Muon time peak index: 126
        Intensity: 10.204
[Saved] Michel time peak: 298
        Intensity: 1.14978


[803] Processing file: /Users/shuaixiangzhang/Work/current/FNAL_Work2024/michel_e/t0_tagging/pdhd_DATA_v2/t0_rootFiles/new20250808_MC/wvf_merged_applyCut_20250819/wvfFind_event8786_trackID10_opNum9_merged.root

Threshold for summed wvf: 0.3
Histogram: total
    Peak at bin 127, Left Height: 16.1266, Right Height: 13.2582
    Peak at bin 154, Left Height: 0.52801, Right Height: 3.43078
    Peak at bin 377, Left Height: 0.681047, Right Height: 1.51699
    Peak at bin 435, Left Height: 0.406406, Right Height: 1.07123
    Peak at bin 549, Left Height: 0.302762, Right Height: 0.884998
    Peak at bin 811, Left Height: 143.486, Right Height: 118.454
    Peak at bin 834, Left Height: 0.511303, Right Height: 9.54549
    Peak at bin 884, Left Height: 0.750766, Right Height: 5.97483
    Peak at bin 921, Left Height: 0.880657, Right Height: 6.91202
    Peak at bin 973, Left Height: 1.87692, Right Height: 2.43683
    Peak at bin 1020, Left Height: 24.2311, Right Height: 4.69413

Top total peaks (by true height): 811 127 1020 

---- Saving Time info of muon and Michel candidates ----
[Saved] Muon time peak index: 811
        Intensity: 118.454
[Saved] Michel time peak: 127
        Intensity: 13.2582


[804] Processing file: /Users/shuaixiangzhang/Work/current/FNAL_Work2024/michel_e/t0_tagging/pdhd_DATA_v2/t0_rootFiles/new20250808_MC/wvf_merged_applyCut_20250819/wvfFind_event8788_trackID5_opNum9_merged.root

Threshold for summed wvf: 0.3
Histogram: total
    Peak at bin 129, Left Height: 110.495, Right Height: 88.9863
    Peak at bin 278, Left Height: 0.351681, Right Height: 2.03303
    Peak at bin 325, Left Height: 1.1736, Right Height: 3.01086
    Peak at bin 388, Left Height: 0.526889, Right Height: 1.30272
    Peak at bin 478, Left Height: 0.344812, Right Height: 0.640396
    Peak at bin 727, Left Height: 0.309826, Right Height: 0.38213

Top total peaks (by true height): 129 325 388 

---- Saving Time info of muon and Michel candidates ----
[Saved] Muon time peak index: 129
        Intensity: 88.9863
[Saved] Michel time peak: 325
        Intensity: 1.1736


[805] Processing file: /Users/shuaixiangzhang/Work/current/FNAL_Work2024/michel_e/t0_tagging/pdhd_DATA_v2/t0_rootFiles/new20250808_MC/wvf_merged_applyCut_20250819/wvfFind_event8797_trackID7_opNum7_merged.root

Threshold for summed wvf: 0.3
Histogram: total
    Peak at bin 125, Left Height: 4.64737, Right Height: 3.53956
    Peak at bin 174, Left Height: 0.565453, Right Height: 1.20115
    Peak at bin 306, Left Height: 0.317886, Right Height: 0.502364

Top total peaks (by true height): 125 174 306 

---- Saving Time info of muon and Michel candidates ----
[Saved] Muon time peak index: 125
        Intensity: 3.53956
[Saved] Michel time peak: 174
        Intensity: 0.565453


[806] Processing file: /Users/shuaixiangzhang/Work/current/FNAL_Work2024/michel_e/t0_tagging/pdhd_DATA_v2/t0_rootFiles/new20250808_MC/wvf_merged_applyCut_20250819/wvfFind_event8799_trackID1_opNum9_merged.root

Threshold for summed wvf: 0.3
Histogram: total
    Peak at bin 129, Left Height: 89.0099, Right Height: 65.2231
    Peak at bin 166, Left Height: 0.367742, Right Height: 12.6529
    Peak at bin 319, Left Height: 0.302645, Right Height: 2.36988
    Peak at bin 415, Left Height: 0.590581, Right Height: 0.373758
    Peak at bin 444, Left Height: 0.517478, Right Height: 0.907136
    Peak at bin 478, Left Height: 0.569754, Right Height: 1.06545
    Peak at bin 563, Left Height: 0.319975, Right Height: 0.316398

Top total peaks (by true height): 129 478 444 

---- Saving Time info of muon and Michel candidates ----
[Saved] Muon time peak index: 129
        Intensity: 65.2231
[Saved] Michel time peak: 478
        Intensity: 0.569754


[807] Processing file: /Users/shuaixiangzhang/Work/current/FNAL_Work2024/michel_e/t0_tagging/pdhd_DATA_v2/t0_rootFiles/new20250808_MC/wvf_merged_applyCut_20250819/wvfFind_event8803_trackID4_opNum9_merged.root

Threshold for summed wvf: 0.3
Histogram: total
    Peak at bin 127, Left Height: 15.5893, Right Height: 11.152
    Peak at bin 197, Left Height: 0.357762, Right Height: 1.51331
    Peak at bin 258, Left Height: 0.64824, Right Height: 0.867971
    Peak at bin 306, Left Height: 0.307665, Right Height: 0.69046
    Peak at bin 347, Left Height: 1.61705, Right Height: 1.49378
    Peak at bin 395, Left Height: 0.667852, Right Height: 0.83434
    Peak at bin 452, Left Height: 0.328594, Right Height: 0.693868
    Peak at bin 500, Left Height: 0.751686, Right Height: 0.501707
    Peak at bin 570, Left Height: 0.457109, Right Height: 0.324304

Top total peaks (by true height): 127 347 395 

---- Saving Time info of muon and Michel candidates ----
[Saved] Muon time peak index: 127
        Intensity: 11.152
[Saved] Michel time peak: 347
        Intensity: 1.49378


[808] Processing file: /Users/shuaixiangzhang/Work/current/FNAL_Work2024/michel_e/t0_tagging/pdhd_DATA_v2/t0_rootFiles/new20250808_MC/wvf_merged_applyCut_20250819/wvfFind_event8808_trackID2_opNum9_merged.root

Threshold for summed wvf: 0.3
Histogram: total
    Peak at bin 129, Left Height: 98.1648, Right Height: 79.0551
    Peak at bin 183, Left Height: 12.2331, Right Height: 19.1746
    Peak at bin 245, Left Height: 0.825687, Right Height: 7.81619
    Peak at bin 314, Left Height: 1.0533, Right Height: 4.22063
    Peak at bin 440, Left Height: 0.556395, Right Height: 0.320009
    Peak at bin 506, Left Height: 0.418083, Right Height: 0.353143
    Peak at bin 593, Left Height: 0.346539, Right Height: 0.878974

Top total peaks (by true height): 129 183 314 

---- Saving Time info of muon and Michel candidates ----
[Saved] Muon time peak index: 129
        Intensity: 79.0551
[Saved] Michel time peak: 183
        Intensity: 12.2331


[809] Processing file: /Users/shuaixiangzhang/Work/current/FNAL_Work2024/michel_e/t0_tagging/pdhd_DATA_v2/t0_rootFiles/new20250808_MC/wvf_merged_applyCut_20250819/wvfFind_event8811_trackID11_opNum6_merged.root

Threshold for summed wvf: 0.3
Histogram: total
    Peak at bin 122, Left Height: 2.63229, Right Height: 1.97332
    Peak at bin 264, Left Height: 0.386663, Right Height: 0.52729
    Peak at bin 396, Left Height: 0.516457, Right Height: 0.460259

Top total peaks (by true height): 122 396 264 

---- Saving Time info of muon and Michel candidates ----
[Saved] Muon time peak index: 122
        Intensity: 1.97332
[Saved] Michel time peak: 396
        Intensity: 0.460259


[810] Processing file: /Users/shuaixiangzhang/Work/current/FNAL_Work2024/michel_e/t0_tagging/pdhd_DATA_v2/t0_rootFiles/new20250808_MC/wvf_merged_applyCut_20250819/wvfFind_event8814_trackID2_opNum5_merged.root

Threshold for summed wvf: 0.3
Histogram: total
    Peak at bin 128, Left Height: 17.7426, Right Height: 13.6177
    Peak at bin 203, Left Height: 1.11301, Right Height: 2.48352
    Peak at bin 275, Left Height: 0.652821, Right Height: 0.919506
    Peak at bin 307, Left Height: 0.733832, Right Height: 0.877152
    Peak at bin 668, Left Height: 2.00833, Right Height: 1.89491
    Peak at bin 706, Left Height: 0.603836, Right Height: 0.39653

Top total peaks (by true height): 128 668 203 

---- Saving Time info of muon and Michel candidates ----
[Saved] Muon time peak index: 128
        Intensity: 13.6177
[Saved] Michel time peak: 668
        Intensity: 1.89491


[811] Processing file: /Users/shuaixiangzhang/Work/current/FNAL_Work2024/michel_e/t0_tagging/pdhd_DATA_v2/t0_rootFiles/new20250808_MC/wvf_merged_applyCut_20250819/wvfFind_event8832_trackID1_opNum9_merged.root

Threshold for summed wvf: 0.3
Histogram: total
    Peak at bin 127, Left Height: 15.5241, Right Height: 12.2677
    Peak at bin 191, Left Height: 0.343179, Right Height: 1.41743
    Peak at bin 224, Left Height: 0.433701, Right Height: 1.53727
    Peak at bin 277, Left Height: 0.834787, Right Height: 0.799088
    Peak at bin 317, Left Height: 1.14231, Right Height: 0.54585

Top total peaks (by true height): 127 277 317 

---- Saving Time info of muon and Michel candidates ----
[Saved] Muon time peak index: 127
        Intensity: 12.2677
[Saved] Michel time peak: 277
        Intensity: 0.799088


[812] Processing file: /Users/shuaixiangzhang/Work/current/FNAL_Work2024/michel_e/t0_tagging/pdhd_DATA_v2/t0_rootFiles/new20250808_MC/wvf_merged_applyCut_20250819/wvfFind_event8835_trackID9_opNum9_merged.root

Threshold for summed wvf: 0.3
Histogram: total
    Peak at bin 127, Left Height: 17.4767, Right Height: 14.9161
    Peak at bin 185, Left Height: 1.13749, Right Height: 1.59715
    Peak at bin 247, Left Height: 0.50161, Right Height: 2.26894
    Peak at bin 287, Left Height: 1.46323, Right Height: 1.47939

Top total peaks (by true height): 127 287 185 

---- Saving Time info of muon and Michel candidates ----
[Saved] Muon time peak index: 127
        Intensity: 14.9161
[Saved] Michel time peak: 287
        Intensity: 1.46323


[813] Processing file: /Users/shuaixiangzhang/Work/current/FNAL_Work2024/michel_e/t0_tagging/pdhd_DATA_v2/t0_rootFiles/new20250808_MC/wvf_merged_applyCut_20250819/wvfFind_event8866_trackID22_opNum5_merged.root

Threshold for summed wvf: 0.3
Histogram: total
    Peak at bin 124, Left Height: 2.79318, Right Height: 2.60423
    Peak at bin 173, Left Height: 0.404189, Right Height: 0.606984
    Peak at bin 838, Left Height: 11.692, Right Height: 8.81588
    Peak at bin 908, Left Height: 0.656289, Right Height: 0.846107
    Peak at bin 937, Left Height: 0.417208, Right Height: 0.723141
    Peak at bin 990, Left Height: 0.565739, Right Height: 0.804733
    Peak at bin 1021, Left Height: 3.04939, Right Height: 0.444326

Top total peaks (by true height): 838 124 908 

---- Saving Time info of muon and Michel candidates ----
[Saved] Muon time peak index: 838
        Intensity: 8.81588
[Saved] Michel time peak: 124
        Intensity: 2.60423


[814] Processing file: /Users/shuaixiangzhang/Work/current/FNAL_Work2024/michel_e/t0_tagging/pdhd_DATA_v2/t0_rootFiles/new20250808_MC/wvf_merged_applyCut_20250819/wvfFind_event8879_trackID6_opNum8_merged.root

Threshold for summed wvf: 0.3
Histogram: total
    Peak at bin 125, Left Height: 8.02648, Right Height: 6.63837
    Peak at bin 197, Left Height: 0.314283, Right Height: 1.18571
    Peak at bin 230, Left Height: 0.323893, Right Height: 0.478014
    Peak at bin 323, Left Height: 0.345985, Right Height: 0.343076
    Peak at bin 370, Left Height: 1.14302, Right Height: 1.14766
    Peak at bin 492, Left Height: 0.369309, Right Height: 0.347586
    Peak at bin 576, Left Height: 0.332307, Right Height: 0.436796

Top total peaks (by true height): 125 370 492 

---- Saving Time info of muon and Michel candidates ----
[Saved] Muon time peak index: 125
        Intensity: 6.63837
[Saved] Michel time peak: 370
        Intensity: 1.14302


[815] Processing file: /Users/shuaixiangzhang/Work/current/FNAL_Work2024/michel_e/t0_tagging/pdhd_DATA_v2/t0_rootFiles/new20250808_MC/wvf_merged_applyCut_20250819/wvfFind_event8883_trackID4_opNum9_merged.root

Threshold for summed wvf: 0.3
Histogram: total
    Peak at bin 127, Left Height: 32.9731, Right Height: 26.0329
    Peak at bin 204, Left Height: 2.12616, Right Height: 1.81653
    Peak at bin 247, Left Height: 0.562817, Right Height: 1.48528
    Peak at bin 290, Left Height: 4.29546, Right Height: 2.7575
    Peak at bin 311, Left Height: 0.530879, Right Height: 1.32834
    Peak at bin 338, Left Height: 0.671377, Right Height: 1.02953
    Peak at bin 363, Left Height: 0.377705, Right Height: 1.69502
    Peak at bin 418, Left Height: 1.31751, Right Height: 0.743846
    Peak at bin 445, Left Height: 0.322762, Right Height: 0.391779

Top total peaks (by true height): 127 290 204 

---- Saving Time info of muon and Michel candidates ----
[Saved] Muon time peak index: 127
        Intensity: 26.0329
[Saved] Michel time peak: 290
        Intensity: 2.7575


[816] Processing file: /Users/shuaixiangzhang/Work/current/FNAL_Work2024/michel_e/t0_tagging/pdhd_DATA_v2/t0_rootFiles/new20250808_MC/wvf_merged_applyCut_20250819/wvfFind_event8885_trackID0_opNum6_merged.root

Threshold for summed wvf: 0.3
Histogram: total
    Peak at bin 128, Left Height: 35.8086, Right Height: 30.1966
    Peak at bin 160, Left Height: 0.456277, Right Height: 2.0898
    Peak at bin 190, Left Height: 6.91206, Right Height: 7.00629
    Peak at bin 217, Left Height: 1.22748, Right Height: 1.98165
    Peak at bin 237, Left Height: 0.305521, Right Height: 2.40892
    Peak at bin 285, Left Height: 0.926913, Right Height: 0.609117
    Peak at bin 306, Left Height: 0.456077, Right Height: 0.921225
    Peak at bin 333, Left Height: 1.31054, Right Height: 0.91002
    Peak at bin 403, Left Height: 1.20346, Right Height: 0.366857
    Peak at bin 460, Left Height: 0.823208, Right Height: 0.462244
    Peak at bin 535, Left Height: 0.41298, Right Height: 0.467802
    Peak at bin 573, Left Height: 0.560764, Right Height: 0.540918

Top total peaks (by true height): 128 190 217 

---- Saving Time info of muon and Michel candidates ----
[Saved] Muon time peak index: 128
        Intensity: 30.1966
[Saved] Michel time peak: 190
        Intensity: 6.91206


[817] Processing file: /Users/shuaixiangzhang/Work/current/FNAL_Work2024/michel_e/t0_tagging/pdhd_DATA_v2/t0_rootFiles/new20250808_MC/wvf_merged_applyCut_20250819/wvfFind_event8891_trackID29_opNum9_merged.root

Threshold for summed wvf: 0.3
Histogram: total
    Peak at bin 127, Left Height: 13.3117, Right Height: 9.42401
    Peak at bin 168, Left Height: 0.755939, Right Height: 1.76
    Peak at bin 287, Left Height: 0.368883, Right Height: 0.942695
    Peak at bin 379, Left Height: 0.447489, Right Height: 0.340663
    Peak at bin 469, Left Height: 0.303479, Right Height: 0.397387

Top total peaks (by true height): 127 168 287 

---- Saving Time info of muon and Michel candidates ----
[Saved] Muon time peak index: 127
        Intensity: 9.42401
[Saved] Michel time peak: 168
        Intensity: 0.755939


[818] Processing file: /Users/shuaixiangzhang/Work/current/FNAL_Work2024/michel_e/t0_tagging/pdhd_DATA_v2/t0_rootFiles/new20250808_MC/wvf_merged_applyCut_20250819/wvfFind_event8903_trackID1_opNum9_merged.root

Threshold for summed wvf: 0.3
Histogram: total
    Peak at bin 128, Left Height: 53.8743, Right Height: 41.3811
    Peak at bin 194, Left Height: 12.6963, Right Height: 19.1766
    Peak at bin 381, Left Height: 0.343487, Right Height: 0.348886
    Peak at bin 482, Left Height: 0.617626, Right Height: 0.961447

Top total peaks (by true height): 128 194 482 

---- Saving Time info of muon and Michel candidates ----
[Saved] Muon time peak index: 128
        Intensity: 41.3811
[Saved] Michel time peak: 194
        Intensity: 12.6963


[819] Processing file: /Users/shuaixiangzhang/Work/current/FNAL_Work2024/michel_e/t0_tagging/pdhd_DATA_v2/t0_rootFiles/new20250808_MC/wvf_merged_applyCut_20250819/wvfFind_event8911_trackID1_opNum5_merged.root

Threshold for summed wvf: 0.3
Histogram: total
    Peak at bin 127, Left Height: 11.9313, Right Height: 9.43892
    Peak at bin 208, Left Height: 0.310018, Right Height: 0.808923
    Peak at bin 236, Left Height: 0.583466, Right Height: 0.74556
    Peak at bin 403, Left Height: 3.309, Right Height: 2.74868
    Peak at bin 531, Left Height: 0.70618, Right Height: 0.744722
    Peak at bin 582, Left Height: 0.510587, Right Height: 0.401941

Top total peaks (by true height): 127 403 531 

---- Saving Time info of muon and Michel candidates ----
[Saved] Muon time peak index: 127
        Intensity: 9.43892
[Saved] Michel time peak: 403
        Intensity: 2.74868


[820] Processing file: /Users/shuaixiangzhang/Work/current/FNAL_Work2024/michel_e/t0_tagging/pdhd_DATA_v2/t0_rootFiles/new20250808_MC/wvf_merged_applyCut_20250819/wvfFind_event8930_trackID7_opNum6_merged.root

Threshold for summed wvf: 0.3
Histogram: total
    Peak at bin 126, Left Height: 5.88563, Right Height: 4.39179
    Peak at bin 181, Left Height: 0.573771, Right Height: 1.02387
    Peak at bin 235, Left Height: 0.720704, Right Height: 0.421399
    Peak at bin 435, Left Height: 0.378266, Right Height: 0.368605

Top total peaks (by true height): 126 181 235 

---- Saving Time info of muon and Michel candidates ----
[Saved] Muon time peak index: 126
        Intensity: 4.39179
[Saved] Michel time peak: 181
        Intensity: 0.573771


[821] Processing file: /Users/shuaixiangzhang/Work/current/FNAL_Work2024/michel_e/t0_tagging/pdhd_DATA_v2/t0_rootFiles/new20250808_MC/wvf_merged_applyCut_20250819/wvfFind_event8931_trackID8_opNum9_merged.root

Threshold for summed wvf: 0.3
Histogram: total
    Peak at bin 127, Left Height: 13.7355, Right Height: 12.1459
    Peak at bin 314, Left Height: 0.433193, Right Height: 0.811935
    Peak at bin 411, Left Height: 0.461124, Right Height: 0.442306

Top total peaks (by true height): 127 411 314 

---- Saving Time info of muon and Michel candidates ----
[Saved] Muon time peak index: 127
        Intensity: 12.1459
[Saved] Michel time peak: 411
        Intensity: 0.442306


[822] Processing file: /Users/shuaixiangzhang/Work/current/FNAL_Work2024/michel_e/t0_tagging/pdhd_DATA_v2/t0_rootFiles/new20250808_MC/wvf_merged_applyCut_20250819/wvfFind_event8938_trackID5_opNum5_merged.root

Threshold for summed wvf: 0.3
Histogram: total
    Peak at bin 125, Left Height: 4.72683, Right Height: 3.9375
    Peak at bin 187, Left Height: 0.610204, Right Height: 0.833581
    Peak at bin 252, Left Height: 0.403979, Right Height: 0.622287

Top total peaks (by true height): 125 187 252 

---- Saving Time info of muon and Michel candidates ----
[Saved] Muon time peak index: 125
        Intensity: 3.9375
[Saved] Michel time peak: 187
        Intensity: 0.610204


[823] Processing file: /Users/shuaixiangzhang/Work/current/FNAL_Work2024/michel_e/t0_tagging/pdhd_DATA_v2/t0_rootFiles/new20250808_MC/wvf_merged_applyCut_20250819/wvfFind_event8956_trackID1_opNum4_merged.root

Threshold for summed wvf: 0.3
Histogram: total
    Peak at bin 126, Left Height: 3.65339, Right Height: 2.10508
    Peak at bin 148, Left Height: 0.379292, Right Height: 0.569054
    Peak at bin 287, Left Height: 0.300739, Right Height: 0.449411
    Peak at bin 362, Left Height: 0.347377, Right Height: 0.339709

Top total peaks (by true height): 126 148 362 

---- Saving Time info of muon and Michel candidates ----
[Saved] Muon time peak index: 126
        Intensity: 2.10508
[Saved] Michel time peak: 148
        Intensity: 0.379292


[824] Processing file: /Users/shuaixiangzhang/Work/current/FNAL_Work2024/michel_e/t0_tagging/pdhd_DATA_v2/t0_rootFiles/new20250808_MC/wvf_merged_applyCut_20250819/wvfFind_event8959_trackID3_opNum5_merged.root

Threshold for summed wvf: 0.3
Histogram: total
    Peak at bin 126, Left Height: 8.05368, Right Height: 7.56449
    Peak at bin 161, Left Height: 1.07583, Right Height: 1.68601
    Peak at bin 190, Left Height: 0.853948, Right Height: 0.8987
    Peak at bin 217, Left Height: 0.652957, Right Height: 0.400619
    Peak at bin 239, Left Height: 0.486023, Right Height: 0.66197
    Peak at bin 288, Left Height: 1.68438, Right Height: 1.24557
    Peak at bin 336, Left Height: 0.681968, Right Height: 0.35491
    Peak at bin 368, Left Height: 0.695686, Right Height: 1.19874
    Peak at bin 435, Left Height: 0.549433, Right Height: 0.611994
    Peak at bin 473, Left Height: 0.622494, Right Height: 0.331332

Top total peaks (by true height): 126 288 161 

---- Saving Time info of muon and Michel candidates ----
[Saved] Muon time peak index: 126
        Intensity: 7.56449
[Saved] Michel time peak: 288
        Intensity: 1.24557


[825] Processing file: /Users/shuaixiangzhang/Work/current/FNAL_Work2024/michel_e/t0_tagging/pdhd_DATA_v2/t0_rootFiles/new20250808_MC/wvf_merged_applyCut_20250819/wvfFind_event8966_trackID6_opNum9_merged.root

Threshold for summed wvf: 0.3
Histogram: total
    Peak at bin 126, Left Height: 14.4839, Right Height: 10.8481
    Peak at bin 153, Left Height: 0.52355, Right Height: 1.35435
    Peak at bin 175, Left Height: 0.360302, Right Height: 1.27344
    Peak at bin 244, Left Height: 0.58105, Right Height: 0.314142
    Peak at bin 321, Left Height: 0.442331, Right Height: 0.945195
    Peak at bin 359, Left Height: 0.308644, Right Height: 0.454414
    Peak at bin 392, Left Height: 0.661445, Right Height: 0.777926

Top total peaks (by true height): 126 392 153 

---- Saving Time info of muon and Michel candidates ----
[Saved] Muon time peak index: 126
        Intensity: 10.8481
[Saved] Michel time peak: 392
        Intensity: 0.661445


[826] Processing file: /Users/shuaixiangzhang/Work/current/FNAL_Work2024/michel_e/t0_tagging/pdhd_DATA_v2/t0_rootFiles/new20250808_MC/wvf_merged_applyCut_20250819/wvfFind_event8988_trackID5_opNum9_merged.root

Threshold for summed wvf: 0.3
Histogram: total
    Peak at bin 127, Left Height: 15.0401, Right Height: 11.8373
    Peak at bin 194, Left Height: 0.36036, Right Height: 1.29297
    Peak at bin 261, Left Height: 0.311691, Right Height: 1.04939
    Peak at bin 319, Left Height: 0.34382, Right Height: 0.919257
    Peak at bin 515, Left Height: 1.90794, Right Height: 1.64844
    Peak at bin 960, Left Height: 0.463244, Right Height: 0.513305

Top total peaks (by true height): 127 515 960 

---- Saving Time info of muon and Michel candidates ----
[Saved] Muon time peak index: 127
        Intensity: 11.8373
[Saved] Michel time peak: 515
        Intensity: 1.64844


[827] Processing file: /Users/shuaixiangzhang/Work/current/FNAL_Work2024/michel_e/t0_tagging/pdhd_DATA_v2/t0_rootFiles/new20250808_MC/wvf_merged_applyCut_20250819/wvfFind_event9009_trackID1_opNum9_merged.root

Threshold for summed wvf: 0.3
Histogram: total
    Peak at bin 128, Left Height: 25.1291, Right Height: 17.895
    Peak at bin 372, Left Height: 0.707569, Right Height: 1.06571
    Peak at bin 441, Left Height: 0.57445, Right Height: 0.446054
    Peak at bin 523, Left Height: 0.458965, Right Height: 0.472008

Top total peaks (by true height): 128 372 523 

---- Saving Time info of muon and Michel candidates ----
[Saved] Muon time peak index: 128
        Intensity: 17.895
[Saved] Michel time peak: 372
        Intensity: 0.707569


[828] Processing file: /Users/shuaixiangzhang/Work/current/FNAL_Work2024/michel_e/t0_tagging/pdhd_DATA_v2/t0_rootFiles/new20250808_MC/wvf_merged_applyCut_20250819/wvfFind_event9035_trackID26_opNum9_merged.root

Threshold for summed wvf: 0.3
Histogram: total
    Peak at bin 126, Left Height: 6.86802, Right Height: 5.52727
    Peak at bin 176, Left Height: 0.325755, Right Height: 0.334627
    Peak at bin 261, Left Height: 0.330831, Right Height: 0.322307
    Peak at bin 282, Left Height: 0.372515, Right Height: 0.329042

Top total peaks (by true height): 126 282 176 

---- Saving Time info of muon and Michel candidates ----
[Saved] Muon time peak index: 126
        Intensity: 5.52727
[Saved] Michel time peak: 282
        Intensity: 0.329042


[829] Processing file: /Users/shuaixiangzhang/Work/current/FNAL_Work2024/michel_e/t0_tagging/pdhd_DATA_v2/t0_rootFiles/new20250808_MC/wvf_merged_applyCut_20250819/wvfFind_event904_trackID21_opNum9_merged.root

Threshold for summed wvf: 0.3
Histogram: total
    Peak at bin 129, Left Height: 81.5055, Right Height: 64.8905
    Peak at bin 220, Left Height: 0.511282, Right Height: 2.48191
    Peak at bin 242, Left Height: 0.693174, Right Height: 6.07124
    Peak at bin 301, Left Height: 0.790435, Right Height: 1.9108
    Peak at bin 368, Left Height: 0.913659, Right Height: 2.52781
    Peak at bin 436, Left Height: 0.855648, Right Height: 0.480431
    Peak at bin 519, Left Height: 0.736169, Right Height: 0.809654

Top total peaks (by true height): 129 368 301 

---- Saving Time info of muon and Michel candidates ----
[Saved] Muon time peak index: 129
        Intensity: 64.8905
[Saved] Michel time peak: 368
        Intensity: 0.913659


[830] Processing file: /Users/shuaixiangzhang/Work/current/FNAL_Work2024/michel_e/t0_tagging/pdhd_DATA_v2/t0_rootFiles/new20250808_MC/wvf_merged_applyCut_20250819/wvfFind_event9072_trackID2_opNum9_merged.root

Threshold for summed wvf: 0.3
Histogram: total
    Peak at bin 128, Left Height: 40.7307, Right Height: 36.4618
    Peak at bin 227, Left Height: 0.33986, Right Height: 1.2292
    Peak at bin 249, Left Height: 0.746258, Right Height: 1.06329
    Peak at bin 284, Left Height: 1.15618, Right Height: 1.59385
    Peak at bin 322, Left Height: 6.21614, Right Height: 4.93486
    Peak at bin 386, Left Height: 1.0342, Right Height: 1.85351
    Peak at bin 433, Left Height: 1.19946, Right Height: 0.634971
    Peak at bin 453, Left Height: 0.408429, Right Height: 0.904234
    Peak at bin 702, Left Height: 0.471666, Right Height: 0.427003

Top total peaks (by true height): 128 322 284 

---- Saving Time info of muon and Michel candidates ----
[Saved] Muon time peak index: 128
        Intensity: 36.4618
[Saved] Michel time peak: 322
        Intensity: 4.93486


[831] Processing file: /Users/shuaixiangzhang/Work/current/FNAL_Work2024/michel_e/t0_tagging/pdhd_DATA_v2/t0_rootFiles/new20250808_MC/wvf_merged_applyCut_20250819/wvfFind_event910_trackID21_opNum9_merged.root

Threshold for summed wvf: 0.3
Histogram: total
    Peak at bin 127, Left Height: 20.6952, Right Height: 15.5274
    Peak at bin 212, Left Height: 0.777931, Right Height: 0.720265
    Peak at bin 231, Left Height: 0.465121, Right Height: 1.06926
    Peak at bin 293, Left Height: 3.78856, Right Height: 3.53627
    Peak at bin 397, Left Height: 0.722928, Right Height: 0.814304

Top total peaks (by true height): 127 293 397 

---- Saving Time info of muon and Michel candidates ----
[Saved] Muon time peak index: 127
        Intensity: 15.5274
[Saved] Michel time peak: 293
        Intensity: 3.53627


[832] Processing file: /Users/shuaixiangzhang/Work/current/FNAL_Work2024/michel_e/t0_tagging/pdhd_DATA_v2/t0_rootFiles/new20250808_MC/wvf_merged_applyCut_20250819/wvfFind_event9118_trackID8_opNum9_merged.root

Threshold for summed wvf: 0.3
Histogram: total
    Peak at bin 126, Left Height: 9.43282, Right Height: 7.60881
    Peak at bin 246, Left Height: 0.388276, Right Height: 0.654406
    Peak at bin 330, Left Height: 0.524043, Right Height: 0.612801
    Peak at bin 588, Left Height: 0.753352, Right Height: 0.583121

Top total peaks (by true height): 126 588 330 

---- Saving Time info of muon and Michel candidates ----
[Saved] Muon time peak index: 126
        Intensity: 7.60881
[Saved] Michel time peak: 588
        Intensity: 0.583121


[833] Processing file: /Users/shuaixiangzhang/Work/current/FNAL_Work2024/michel_e/t0_tagging/pdhd_DATA_v2/t0_rootFiles/new20250808_MC/wvf_merged_applyCut_20250819/wvfFind_event9124_trackID3_opNum8_merged.root

Threshold for summed wvf: 0.3
Histogram: total
    Peak at bin 126, Left Height: 8.44868, Right Height: 5.83591
    Peak at bin 239, Left Height: 1.42912, Right Height: 2.12568
    Peak at bin 270, Left Height: 0.806111, Right Height: 0.53162
    Peak at bin 301, Left Height: 0.406538, Right Height: 0.626103
    Peak at bin 390, Left Height: 0.586415, Right Height: 0.767092
    Peak at bin 451, Left Height: 0.523364, Right Height: 0.390109
    Peak at bin 508, Left Height: 0.311138, Right Height: 0.444771

Top total peaks (by true height): 126 239 390 

---- Saving Time info of muon and Michel candidates ----
[Saved] Muon time peak index: 126
        Intensity: 5.83591
[Saved] Michel time peak: 239
        Intensity: 1.42912


[834] Processing file: /Users/shuaixiangzhang/Work/current/FNAL_Work2024/michel_e/t0_tagging/pdhd_DATA_v2/t0_rootFiles/new20250808_MC/wvf_merged_applyCut_20250819/wvfFind_event9152_trackID14_opNum4_merged.root

Threshold for summed wvf: 0.3
Histogram: total
    Peak at bin 124, Left Height: 3.20905, Right Height: 3.21284
    Peak at bin 155, Left Height: 0.424457, Right Height: 0.511664
    Peak at bin 269, Left Height: 0.451666, Right Height: 0.629061
    Peak at bin 403, Left Height: 0.643158, Right Height: 0.446807
    Peak at bin 492, Left Height: 0.467604, Right Height: 0.405152

Top total peaks (by true height): 124 269 403 

---- Saving Time info of muon and Michel candidates ----
[Saved] Muon time peak index: 124
        Intensity: 3.20905
[Saved] Michel time peak: 269
        Intensity: 0.451666


[835] Processing file: /Users/shuaixiangzhang/Work/current/FNAL_Work2024/michel_e/t0_tagging/pdhd_DATA_v2/t0_rootFiles/new20250808_MC/wvf_merged_applyCut_20250819/wvfFind_event9155_trackID10_opNum6_merged.root

Threshold for summed wvf: 0.3
Histogram: total
    Peak at bin 125, Left Height: 4.86418, Right Height: 4.38646
    Peak at bin 181, Left Height: 0.697993, Right Height: 0.680241
    Peak at bin 207, Left Height: 0.321164, Right Height: 0.420851
    Peak at bin 247, Left Height: 0.549522, Right Height: 0.522035
    Peak at bin 304, Left Height: 0.345744, Right Height: 0.561052
    Peak at bin 413, Left Height: 0.589308, Right Height: 0.549337
    Peak at bin 522, Left Height: 0.310203, Right Height: 0.308763

Top total peaks (by true height): 125 181 413 

---- Saving Time info of muon and Michel candidates ----
[Saved] Muon time peak index: 125
        Intensity: 4.38646
[Saved] Michel time peak: 181
        Intensity: 0.680241


[836] Processing file: /Users/shuaixiangzhang/Work/current/FNAL_Work2024/michel_e/t0_tagging/pdhd_DATA_v2/t0_rootFiles/new20250808_MC/wvf_merged_applyCut_20250819/wvfFind_event9162_trackID17_opNum6_merged.root

Threshold for summed wvf: 0.3
Histogram: total
    Peak at bin 126, Left Height: 8.03626, Right Height: 6.81182
    Peak at bin 166, Left Height: 0.762287, Right Height: 1.48985
    Peak at bin 216, Left Height: 0.455861, Right Height: 0.674989
    Peak at bin 239, Left Height: 0.33485, Right Height: 0.467357
    Peak at bin 271, Left Height: 0.971258, Right Height: 1.05215

Top total peaks (by true height): 126 271 166 

---- Saving Time info of muon and Michel candidates ----
[Saved] Muon time peak index: 126
        Intensity: 6.81182
[Saved] Michel time peak: 271
        Intensity: 0.971258


[837] Processing file: /Users/shuaixiangzhang/Work/current/FNAL_Work2024/michel_e/t0_tagging/pdhd_DATA_v2/t0_rootFiles/new20250808_MC/wvf_merged_applyCut_20250819/wvfFind_event9167_trackID18_opNum9_merged.root

Threshold for summed wvf: 0.3
Histogram: total
    Peak at bin 127, Left Height: 12.5512, Right Height: 10.1861
    Peak at bin 197, Left Height: 0.711244, Right Height: 0.658901
    Peak at bin 239, Left Height: 2.25879, Right Height: 2.69016
    Peak at bin 277, Left Height: 0.758537, Right Height: 0.390361
    Peak at bin 346, Left Height: 0.418123, Right Height: 0.645237
    Peak at bin 376, Left Height: 0.481809, Right Height: 0.382933
    Peak at bin 617, Left Height: 0.392065, Right Height: 0.327291

Top total peaks (by true height): 127 239 197 

---- Saving Time info of muon and Michel candidates ----
[Saved] Muon time peak index: 127
        Intensity: 10.1861
[Saved] Michel time peak: 239
        Intensity: 2.25879


[838] Processing file: /Users/shuaixiangzhang/Work/current/FNAL_Work2024/michel_e/t0_tagging/pdhd_DATA_v2/t0_rootFiles/new20250808_MC/wvf_merged_applyCut_20250819/wvfFind_event9171_trackID11_opNum7_merged.root

Threshold for summed wvf: 0.3
Histogram: total
    Peak at bin 125, Left Height: 4.5289, Right Height: 3.59245
    Peak at bin 233, Left Height: 0.333968, Right Height: 0.81483

Top total peaks (by true height): 125 233 

---- Saving Time info of muon and Michel candidates ----
[Saved] Muon time peak index: 125
        Intensity: 3.59245
[Saved] Michel time peak: 233
        Intensity: 0.333968


[839] Processing file: /Users/shuaixiangzhang/Work/current/FNAL_Work2024/michel_e/t0_tagging/pdhd_DATA_v2/t0_rootFiles/new20250808_MC/wvf_merged_applyCut_20250819/wvfFind_event9196_trackID14_opNum8_merged.root

Threshold for summed wvf: 0.3
Histogram: total
    Peak at bin 125, Left Height: 6.3731, Right Height: 5.44934
    Peak at bin 168, Left Height: 0.434635, Right Height: 0.743938
    Peak at bin 209, Left Height: 0.40884, Right Height: 0.649777
    Peak at bin 642, Left Height: 0.318817, Right Height: 0.322255

Top total peaks (by true height): 125 168 209 

---- Saving Time info of muon and Michel candidates ----
[Saved] Muon time peak index: 125
        Intensity: 5.44934
[Saved] Michel time peak: 168
        Intensity: 0.434635


[840] Processing file: /Users/shuaixiangzhang/Work/current/FNAL_Work2024/michel_e/t0_tagging/pdhd_DATA_v2/t0_rootFiles/new20250808_MC/wvf_merged_applyCut_20250819/wvfFind_event9196_trackID18_opNum6_merged.root

Threshold for summed wvf: 0.3
Histogram: total
    Peak at bin 126, Left Height: 5.01679, Right Height: 3.39633
    Peak at bin 160, Left Height: 0.515967, Right Height: 1.58169
    Peak at bin 256, Left Height: 0.665147, Right Height: 0.844786

Top total peaks (by true height): 126 256 160 

---- Saving Time info of muon and Michel candidates ----
[Saved] Muon time peak index: 126
        Intensity: 3.39633
[Saved] Michel time peak: 256
        Intensity: 0.665147


[841] Processing file: /Users/shuaixiangzhang/Work/current/FNAL_Work2024/michel_e/t0_tagging/pdhd_DATA_v2/t0_rootFiles/new20250808_MC/wvf_merged_applyCut_20250819/wvfFind_event9206_trackID14_opNum5_merged.root

Threshold for summed wvf: 0.3
Histogram: total
    Peak at bin 124, Left Height: 4.51011, Right Height: 3.63355
    Peak at bin 194, Left Height: 0.681311, Right Height: 0.329068
    Peak at bin 303, Left Height: 0.483916, Right Height: 0.651489
    Peak at bin 332, Left Height: 0.401856, Right Height: 0.49079

Top total peaks (by true height): 124 303 332 

---- Saving Time info of muon and Michel candidates ----
[Saved] Muon time peak index: 124
        Intensity: 3.63355
[Saved] Michel time peak: 303
        Intensity: 0.483916


[842] Processing file: /Users/shuaixiangzhang/Work/current/FNAL_Work2024/michel_e/t0_tagging/pdhd_DATA_v2/t0_rootFiles/new20250808_MC/wvf_merged_applyCut_20250819/wvfFind_event9226_trackID9_opNum6_merged.root

Threshold for summed wvf: 0.3
Histogram: total
    Peak at bin 125, Left Height: 3.41411, Right Height: 2.23063
    Peak at bin 189, Left Height: 0.934435, Right Height: 0.99424
    Peak at bin 224, Left Height: 0.381747, Right Height: 0.370097
    Peak at bin 309, Left Height: 0.534565, Right Height: 0.312008
    Peak at bin 466, Left Height: 0.346969, Right Height: 0.399503
    Peak at bin 627, Left Height: 0.719911, Right Height: 0.597804

Top total peaks (by true height): 125 189 627 

---- Saving Time info of muon and Michel candidates ----
[Saved] Muon time peak index: 125
        Intensity: 2.23063
[Saved] Michel time peak: 189
        Intensity: 0.934435


[843] Processing file: /Users/shuaixiangzhang/Work/current/FNAL_Work2024/michel_e/t0_tagging/pdhd_DATA_v2/t0_rootFiles/new20250808_MC/wvf_merged_applyCut_20250819/wvfFind_event923_trackID8_opNum9_merged.root

Threshold for summed wvf: 0.3
Histogram: total
    Peak at bin 127, Left Height: 24.6622, Right Height: 20.4774
    Peak at bin 151, Left Height: 1.79443, Right Height: 2.93989
    Peak at bin 180, Left Height: 1.29235, Right Height: 1.42297
    Peak at bin 233, Left Height: 1.33028, Right Height: 1.04935
    Peak at bin 255, Left Height: 1.17091, Right Height: 1.27037
    Peak at bin 372, Left Height: 0.924494, Right Height: 1.56557
    Peak at bin 432, Left Height: 0.926479, Right Height: 0.641906
    Peak at bin 544, Left Height: 0.327121, Right Height: 0.380192

Top total peaks (by true height): 127 151 180 

---- Saving Time info of muon and Michel candidates ----
[Saved] Muon time peak index: 127
        Intensity: 20.4774
[Saved] Michel time peak: 151
        Intensity: 1.79443


[844] Processing file: /Users/shuaixiangzhang/Work/current/FNAL_Work2024/michel_e/t0_tagging/pdhd_DATA_v2/t0_rootFiles/new20250808_MC/wvf_merged_applyCut_20250819/wvfFind_event9244_trackID0_opNum9_merged.root

Threshold for summed wvf: 0.3
Histogram: total
    Peak at bin 127, Left Height: 20.6658, Right Height: 15.4086
    Peak at bin 168, Left Height: 1.43744, Right Height: 3.50129
    Peak at bin 204, Left Height: 0.370562, Right Height: 1.42717
    Peak at bin 253, Left Height: 0.446396, Right Height: 0.989376
    Peak at bin 409, Left Height: 2.96777, Right Height: 3.00571
    Peak at bin 460, Left Height: 0.673672, Right Height: 0.497522

Top total peaks (by true height): 127 409 168 

---- Saving Time info of muon and Michel candidates ----
[Saved] Muon time peak index: 127
        Intensity: 15.4086
[Saved] Michel time peak: 409
        Intensity: 2.96777


[845] Processing file: /Users/shuaixiangzhang/Work/current/FNAL_Work2024/michel_e/t0_tagging/pdhd_DATA_v2/t0_rootFiles/new20250808_MC/wvf_merged_applyCut_20250819/wvfFind_event9251_trackID2_opNum4_merged.root

Threshold for summed wvf: 0.3
Histogram: total
    Peak at bin 124, Left Height: 3.14925, Right Height: 2.89052
    Peak at bin 191, Left Height: 0.434947, Right Height: 0.511186
    Peak at bin 292, Left Height: 0.485782, Right Height: 0.579494
    Peak at bin 348, Left Height: 0.4542, Right Height: 0.418451

Top total peaks (by true height): 124 292 191 

---- Saving Time info of muon and Michel candidates ----
[Saved] Muon time peak index: 124
        Intensity: 2.89052
[Saved] Michel time peak: 292
        Intensity: 0.485782


[846] Processing file: /Users/shuaixiangzhang/Work/current/FNAL_Work2024/michel_e/t0_tagging/pdhd_DATA_v2/t0_rootFiles/new20250808_MC/wvf_merged_applyCut_20250819/wvfFind_event9256_trackID2_opNum9_merged.root

Threshold for summed wvf: 0.3
Histogram: total
    Peak at bin 127, Left Height: 36.7183, Right Height: 29.6187
    Peak at bin 162, Left Height: 0.915484, Right Height: 5.05831
    Peak at bin 204, Left Height: 1.01923, Right Height: 1.91818
    Peak at bin 228, Left Height: 0.482003, Right Height: 1.3193
    Peak at bin 255, Left Height: 0.545543, Right Height: 0.645052
    Peak at bin 286, Left Height: 0.325054, Right Height: 1.91715
    Peak at bin 322, Left Height: 1.75782, Right Height: 1.36112
    Peak at bin 358, Left Height: 1.53421, Right Height: 1.54808
    Peak at bin 407, Left Height: 1.35085, Right Height: 1.26249
    Peak at bin 452, Left Height: 0.326368, Right Height: 0.628431
    Peak at bin 576, Left Height: 0.412898, Right Height: 0.610975

Top total peaks (by true height): 127 358 322 

---- Saving Time info of muon and Michel candidates ----
[Saved] Muon time peak index: 127
        Intensity: 29.6187
[Saved] Michel time peak: 358
        Intensity: 1.53421


[847] Processing file: /Users/shuaixiangzhang/Work/current/FNAL_Work2024/michel_e/t0_tagging/pdhd_DATA_v2/t0_rootFiles/new20250808_MC/wvf_merged_applyCut_20250819/wvfFind_event9265_trackID25_opNum5_merged.root

Threshold for summed wvf: 0.3
Histogram: total
    Peak at bin 124, Left Height: 3.11908, Right Height: 2.53537
    Peak at bin 182, Left Height: 0.454352, Right Height: 0.368233
    Peak at bin 304, Left Height: 0.309663, Right Height: 0.521312
    Peak at bin 379, Left Height: 0.455914, Right Height: 0.451536

Top total peaks (by true height): 124 379 182 

---- Saving Time info of muon and Michel candidates ----
[Saved] Muon time peak index: 124
        Intensity: 2.53537
[Saved] Michel time peak: 379
        Intensity: 0.451536


[848] Processing file: /Users/shuaixiangzhang/Work/current/FNAL_Work2024/michel_e/t0_tagging/pdhd_DATA_v2/t0_rootFiles/new20250808_MC/wvf_merged_applyCut_20250819/wvfFind_event926_trackID11_opNum9_merged.root

Threshold for summed wvf: 0.3
Histogram: total
    Peak at bin 125, Left Height: 4.91485, Right Height: 3.10318
    Peak at bin 151, Left Height: 1.24434, Right Height: 2.06572

Top total peaks (by true height): 125 151 

---- Saving Time info of muon and Michel candidates ----
[Saved] Muon time peak index: 125
        Intensity: 3.10318
[Saved] Michel time peak: 151
        Intensity: 1.24434


[849] Processing file: /Users/shuaixiangzhang/Work/current/FNAL_Work2024/michel_e/t0_tagging/pdhd_DATA_v2/t0_rootFiles/new20250808_MC/wvf_merged_applyCut_20250819/wvfFind_event9277_trackID5_opNum4_merged.root

Threshold for summed wvf: 0.3
Histogram: total
    Peak at bin 123, Left Height: 1.86684, Right Height: 1.50761
    Peak at bin 170, Left Height: 0.362352, Right Height: 0.553059
    Peak at bin 885, Left Height: 6.08783, Right Height: 3.65271
    Peak at bin 1021, Left Height: 2.78685, Right Height: 0.320441

Top total peaks (by true height): 885 123 170 

---- Saving Time info of muon and Michel candidates ----
[Saved] Muon time peak index: 885
        Intensity: 3.65271
[Saved] Michel time peak: 123
        Intensity: 1.50761


[850] Processing file: /Users/shuaixiangzhang/Work/current/FNAL_Work2024/michel_e/t0_tagging/pdhd_DATA_v2/t0_rootFiles/new20250808_MC/wvf_merged_applyCut_20250819/wvfFind_event9279_trackID21_opNum6_merged.root

Threshold for summed wvf: 0.3
Histogram: total
    Peak at bin 126, Left Height: 8.10024, Right Height: 6.9749
    Peak at bin 205, Left Height: 1.19816, Right Height: 1.0594
    Peak at bin 292, Left Height: 0.599883, Right Height: 0.54086

Top total peaks (by true height): 126 205 292 

---- Saving Time info of muon and Michel candidates ----
[Saved] Muon time peak index: 126
        Intensity: 6.9749
[Saved] Michel time peak: 205
        Intensity: 1.0594


[851] Processing file: /Users/shuaixiangzhang/Work/current/FNAL_Work2024/michel_e/t0_tagging/pdhd_DATA_v2/t0_rootFiles/new20250808_MC/wvf_merged_applyCut_20250819/wvfFind_event9290_trackID38_opNum9_merged.root

Threshold for summed wvf: 0.3
Histogram: total
    Peak at bin 128, Left Height: 113.474, Right Height: 102.951
    Peak at bin 161, Left Height: 21.6786, Right Height: 24.5953
    Peak at bin 206, Left Height: 3.46617, Right Height: 8.11457
    Peak at bin 244, Left Height: 3.03532, Right Height: 4.61059
    Peak at bin 269, Left Height: 1.5993, Right Height: 2.84498
    Peak at bin 306, Left Height: 0.619533, Right Height: 1.94052
    Peak at bin 343, Left Height: 1.07783, Right Height: 0.425719
    Peak at bin 364, Left Height: 0.795725, Right Height: 1.75207
    Peak at bin 393, Left Height: 2.10647, Right Height: 0.761843
    Peak at bin 452, Left Height: 0.940605, Right Height: 0.999754
    Peak at bin 521, Left Height: 0.917673, Right Height: 0.319696
    Peak at bin 543, Left Height: 0.479581, Right Height: 0.792079
    Peak at bin 573, Left Height: 0.585417, Right Height: 0.33472
    Peak at bin 657, Left Height: 0.594601, Right Height: 0.488682
    Peak at bin 703, Left Height: 0.454685, Right Height: 0.363352
    Peak at bin 736, Left Height: 0.368819, Right Height: 0.544151

Top total peaks (by true height): 128 161 206 

---- Saving Time info of muon and Michel candidates ----
[Saved] Muon time peak index: 128
        Intensity: 102.951
[Saved] Michel time peak: 161
        Intensity: 21.6786


[852] Processing file: /Users/shuaixiangzhang/Work/current/FNAL_Work2024/michel_e/t0_tagging/pdhd_DATA_v2/t0_rootFiles/new20250808_MC/wvf_merged_applyCut_20250819/wvfFind_event9292_trackID6_opNum7_merged.root

Threshold for summed wvf: 0.3
Histogram: total
    Peak at bin 125, Left Height: 3.55562, Right Height: 1.91103
    Peak at bin 245, Left Height: 0.390126, Right Height: 0.379799
    Peak at bin 282, Left Height: 0.663051, Right Height: 0.477101

Top total peaks (by true height): 125 282 245 

---- Saving Time info of muon and Michel candidates ----
[Saved] Muon time peak index: 125
        Intensity: 1.91103
[Saved] Michel time peak: 282
        Intensity: 0.477101


[853] Processing file: /Users/shuaixiangzhang/Work/current/FNAL_Work2024/michel_e/t0_tagging/pdhd_DATA_v2/t0_rootFiles/new20250808_MC/wvf_merged_applyCut_20250819/wvfFind_event9299_trackID6_opNum5_merged.root

Threshold for summed wvf: 0.3
Histogram: total
    Peak at bin 127, Left Height: 8.73029, Right Height: 6.52779
    Peak at bin 157, Left Height: 0.558423, Right Height: 1.67936
    Peak at bin 202, Left Height: 0.720727, Right Height: 1.31157
    Peak at bin 234, Left Height: 0.860834, Right Height: 1.1398
    Peak at bin 278, Left Height: 0.912385, Right Height: 0.931485
    Peak at bin 328, Left Height: 0.307614, Right Height: 0.425578
    Peak at bin 358, Left Height: 0.967153, Right Height: 1.06193
    Peak at bin 436, Left Height: 0.356904, Right Height: 0.351092

Top total peaks (by true height): 127 358 278 

---- Saving Time info of muon and Michel candidates ----
[Saved] Muon time peak index: 127
        Intensity: 6.52779
[Saved] Michel time peak: 358
        Intensity: 0.967153


[854] Processing file: /Users/shuaixiangzhang/Work/current/FNAL_Work2024/michel_e/t0_tagging/pdhd_DATA_v2/t0_rootFiles/new20250808_MC/wvf_merged_applyCut_20250819/wvfFind_event931_trackID6_opNum4_merged.root

Threshold for summed wvf: 0.3
Histogram: total
    Peak at bin 126, Left Height: 3.60282, Right Height: 2.49555
    Peak at bin 153, Left Height: 0.353789, Right Height: 0.644127

Top total peaks (by true height): 126 153 

---- Saving Time info of muon and Michel candidates ----
[Saved] Muon time peak index: 126
        Intensity: 2.49555
[Saved] Michel time peak: 153
        Intensity: 0.353789


[855] Processing file: /Users/shuaixiangzhang/Work/current/FNAL_Work2024/michel_e/t0_tagging/pdhd_DATA_v2/t0_rootFiles/new20250808_MC/wvf_merged_applyCut_20250819/wvfFind_event9327_trackID16_opNum8_merged.root

Threshold for summed wvf: 0.3
Histogram: total
    Peak at bin 126, Left Height: 14.4643, Right Height: 14.1025
    Peak at bin 163, Left Height: 1.84698, Right Height: 1.19695
    Peak at bin 197, Left Height: 1.23742, Right Height: 2.28585
    Peak at bin 272, Left Height: 0.922338, Right Height: 0.547354
    Peak at bin 315, Left Height: 0.721724, Right Height: 1.16699
    Peak at bin 402, Left Height: 0.930535, Right Height: 1.16863
    Peak at bin 465, Left Height: 0.317171, Right Height: 0.404358
    Peak at bin 541, Left Height: 0.663513, Right Height: 0.636211
    Peak at bin 625, Left Height: 0.427086, Right Height: 0.4328

Top total peaks (by true height): 126 197 163 

---- Saving Time info of muon and Michel candidates ----
[Saved] Muon time peak index: 126
        Intensity: 14.1025
[Saved] Michel time peak: 197
        Intensity: 1.23742


[856] Processing file: /Users/shuaixiangzhang/Work/current/FNAL_Work2024/michel_e/t0_tagging/pdhd_DATA_v2/t0_rootFiles/new20250808_MC/wvf_merged_applyCut_20250819/wvfFind_event9340_trackID11_opNum9_merged.root

Threshold for summed wvf: 0.3
Histogram: total
    Peak at bin 126, Left Height: 11.7622, Right Height: 9.75627
    Peak at bin 152, Left Height: 0.505679, Right Height: 0.714141
    Peak at bin 175, Left Height: 0.431031, Right Height: 1.41911
    Peak at bin 205, Left Height: 0.587852, Right Height: 0.412255
    Peak at bin 228, Left Height: 0.758264, Right Height: 0.680639
    Peak at bin 279, Left Height: 0.978967, Right Height: 0.896472
    Peak at bin 321, Left Height: 0.363179, Right Height: 0.635417

Top total peaks (by true height): 126 279 228 

---- Saving Time info of muon and Michel candidates ----
[Saved] Muon time peak index: 126
        Intensity: 9.75627
[Saved] Michel time peak: 279
        Intensity: 0.896472


[857] Processing file: /Users/shuaixiangzhang/Work/current/FNAL_Work2024/michel_e/t0_tagging/pdhd_DATA_v2/t0_rootFiles/new20250808_MC/wvf_merged_applyCut_20250819/wvfFind_event9366_trackID12_opNum7_merged.root

Threshold for summed wvf: 0.3
Histogram: total
    Peak at bin 124, Left Height: 3.56817, Right Height: 2.13072

Top total peaks (by true height): 124 0 

---- Saving Time info of muon and Michel candidates ----
[Saved] Muon time peak index: 124
        Intensity: 2.13072
[Saved] Michel time peak: 0
        Intensity: 0


[858] Processing file: /Users/shuaixiangzhang/Work/current/FNAL_Work2024/michel_e/t0_tagging/pdhd_DATA_v2/t0_rootFiles/new20250808_MC/wvf_merged_applyCut_20250819/wvfFind_event9372_trackID11_opNum6_merged.root

Threshold for summed wvf: 0.3
Histogram: total
    Peak at bin 127, Left Height: 10.709, Right Height: 9.30486
    Peak at bin 158, Left Height: 0.526546, Right Height: 0.650176

Top total peaks (by true height): 127 158 

---- Saving Time info of muon and Michel candidates ----
[Saved] Muon time peak index: 127
        Intensity: 9.30486
[Saved] Michel time peak: 158
        Intensity: 0.526546


[859] Processing file: /Users/shuaixiangzhang/Work/current/FNAL_Work2024/michel_e/t0_tagging/pdhd_DATA_v2/t0_rootFiles/new20250808_MC/wvf_merged_applyCut_20250819/wvfFind_event9378_trackID7_opNum6_merged.root

Threshold for summed wvf: 0.3
Histogram: total
    Peak at bin 122, Left Height: 3.25091, Right Height: 3.21678
    Peak at bin 176, Left Height: 0.593856, Right Height: 0.467821
    Peak at bin 285, Left Height: 0.439541, Right Height: 0.97379
    Peak at bin 334, Left Height: 0.771481, Right Height: 0.778112
    Peak at bin 419, Left Height: 0.487806, Right Height: 0.485092
    Peak at bin 569, Left Height: 0.301317, Right Height: 0.311849
    Peak at bin 693, Left Height: 0.358703, Right Height: 0.334808

Top total peaks (by true height): 122 334 419 

---- Saving Time info of muon and Michel candidates ----
[Saved] Muon time peak index: 122
        Intensity: 3.21678
[Saved] Michel time peak: 334
        Intensity: 0.771481


[860] Processing file: /Users/shuaixiangzhang/Work/current/FNAL_Work2024/michel_e/t0_tagging/pdhd_DATA_v2/t0_rootFiles/new20250808_MC/wvf_merged_applyCut_20250819/wvfFind_event9401_trackID15_opNum8_merged.root

Threshold for summed wvf: 0.3
Histogram: total
    Peak at bin 125, Left Height: 6.74192, Right Height: 4.98562
    Peak at bin 162, Left Height: 0.321746, Right Height: 1.24147
    Peak at bin 203, Left Height: 1.22242, Right Height: 1.44362
    Peak at bin 234, Left Height: 0.590722, Right Height: 1.11515
    Peak at bin 275, Left Height: 0.504002, Right Height: 0.471604
    Peak at bin 315, Left Height: 0.824406, Right Height: 0.585198
    Peak at bin 411, Left Height: 0.463239, Right Height: 0.694084

Top total peaks (by true height): 125 203 234 

---- Saving Time info of muon and Michel candidates ----
[Saved] Muon time peak index: 125
        Intensity: 4.98562
[Saved] Michel time peak: 203
        Intensity: 1.22242


[861] Processing file: /Users/shuaixiangzhang/Work/current/FNAL_Work2024/michel_e/t0_tagging/pdhd_DATA_v2/t0_rootFiles/new20250808_MC/wvf_merged_applyCut_20250819/wvfFind_event9401_trackID18_opNum4_merged.root

Threshold for summed wvf: 0.3
Histogram: total
    Peak at bin 123, Left Height: 1.68083, Right Height: 1.34389
    Peak at bin 149, Left Height: 0.303941, Right Height: 0.340153
    Peak at bin 232, Left Height: 0.487873, Right Height: 0.800738

Top total peaks (by true height): 123 232 149 

---- Saving Time info of muon and Michel candidates ----
[Saved] Muon time peak index: 123
        Intensity: 1.34389
[Saved] Michel time peak: 232
        Intensity: 0.487873


[862] Processing file: /Users/shuaixiangzhang/Work/current/FNAL_Work2024/michel_e/t0_tagging/pdhd_DATA_v2/t0_rootFiles/new20250808_MC/wvf_merged_applyCut_20250819/wvfFind_event9411_trackID5_opNum6_merged.root

Threshold for summed wvf: 0.3
Histogram: total
    Peak at bin 127, Left Height: 10.249, Right Height: 6.87858
    Peak at bin 151, Left Height: 0.510747, Right Height: 1.3373
    Peak at bin 192, Left Height: 1.82382, Right Height: 2.59341
    Peak at bin 216, Left Height: 0.49327, Right Height: 0.374267
    Peak at bin 238, Left Height: 0.520693, Right Height: 1.58016
    Peak at bin 285, Left Height: 0.500215, Right Height: 0.589172
    Peak at bin 358, Left Height: 0.867503, Right Height: 1.17287
    Peak at bin 395, Left Height: 0.694508, Right Height: 0.667123
    Peak at bin 495, Left Height: 0.353489, Right Height: 0.397813

Top total peaks (by true height): 127 192 358 

---- Saving Time info of muon and Michel candidates ----
[Saved] Muon time peak index: 127
        Intensity: 6.87858
[Saved] Michel time peak: 192
        Intensity: 1.82382


[863] Processing file: /Users/shuaixiangzhang/Work/current/FNAL_Work2024/michel_e/t0_tagging/pdhd_DATA_v2/t0_rootFiles/new20250808_MC/wvf_merged_applyCut_20250819/wvfFind_event9416_trackID4_opNum9_merged.root

Threshold for summed wvf: 0.3
Histogram: total
    Peak at bin 128, Left Height: 87.9656, Right Height: 71.7354
    Peak at bin 183, Left Height: 2.23568, Right Height: 4.35167
    Peak at bin 206, Left Height: 0.831354, Right Height: 3.09855
    Peak at bin 233, Left Height: 1.95946, Right Height: 4.14338
    Peak at bin 270, Left Height: 1.27475, Right Height: 3.58272
    Peak at bin 337, Left Height: 9.9014, Right Height: 9.4604
    Peak at bin 362, Left Height: 0.851976, Right Height: 0.91126
    Peak at bin 397, Left Height: 0.451797, Right Height: 0.363657
    Peak at bin 568, Left Height: 0.934701, Right Height: 0.951295
    Peak at bin 593, Left Height: 0.503785, Right Height: 0.555149
    Peak at bin 623, Left Height: 0.360101, Right Height: 0.353361
    Peak at bin 702, Left Height: 0.478862, Right Height: 0.312455

Top total peaks (by true height): 128 337 183 

---- Saving Time info of muon and Michel candidates ----
[Saved] Muon time peak index: 128
        Intensity: 71.7354
[Saved] Michel time peak: 337
        Intensity: 9.4604


[864] Processing file: /Users/shuaixiangzhang/Work/current/FNAL_Work2024/michel_e/t0_tagging/pdhd_DATA_v2/t0_rootFiles/new20250808_MC/wvf_merged_applyCut_20250819/wvfFind_event9445_trackID6_opNum7_merged.root

Threshold for summed wvf: 0.3
Histogram: total
    Peak at bin 124, Left Height: 4.57011, Right Height: 4.11966
    Peak at bin 172, Left Height: 0.328335, Right Height: 0.316702
    Peak at bin 236, Left Height: 0.852437, Right Height: 1.02953
    Peak at bin 302, Left Height: 0.417698, Right Height: 0.322974

Top total peaks (by true height): 124 236 302 

---- Saving Time info of muon and Michel candidates ----
[Saved] Muon time peak index: 124
        Intensity: 4.11966
[Saved] Michel time peak: 236
        Intensity: 0.852437


[865] Processing file: /Users/shuaixiangzhang/Work/current/FNAL_Work2024/michel_e/t0_tagging/pdhd_DATA_v2/t0_rootFiles/new20250808_MC/wvf_merged_applyCut_20250819/wvfFind_event9451_trackID15_opNum8_merged.root

Threshold for summed wvf: 0.3
Histogram: total
    Peak at bin 126, Left Height: 9.47372, Right Height: 6.74341
    Peak at bin 182, Left Height: 0.305637, Right Height: 0.520235
    Peak at bin 318, Left Height: 0.547698, Right Height: 0.403382
    Peak at bin 570, Left Height: 0.368798, Right Height: 0.327043

Top total peaks (by true height): 126 318 570 

---- Saving Time info of muon and Michel candidates ----
[Saved] Muon time peak index: 126
        Intensity: 6.74341
[Saved] Michel time peak: 318
        Intensity: 0.403382


[866] Processing file: /Users/shuaixiangzhang/Work/current/FNAL_Work2024/michel_e/t0_tagging/pdhd_DATA_v2/t0_rootFiles/new20250808_MC/wvf_merged_applyCut_20250819/wvfFind_event9463_trackID19_opNum8_merged.root

Threshold for summed wvf: 0.3
Histogram: total
    Peak at bin 126, Left Height: 5.36139, Right Height: 2.44459
    Peak at bin 273, Left Height: 0.361841, Right Height: 0.666924

Top total peaks (by true height): 126 273 

---- Saving Time info of muon and Michel candidates ----
[Saved] Muon time peak index: 126
        Intensity: 2.44459
[Saved] Michel time peak: 273
        Intensity: 0.361841


[867] Processing file: /Users/shuaixiangzhang/Work/current/FNAL_Work2024/michel_e/t0_tagging/pdhd_DATA_v2/t0_rootFiles/new20250808_MC/wvf_merged_applyCut_20250819/wvfFind_event946_trackID22_opNum7_merged.root

Threshold for summed wvf: 0.3
Histogram: total
    Peak at bin 123, Left Height: 3.7205, Right Height: 3.17029
    Peak at bin 158, Left Height: 1.2111, Right Height: 1.16065
    Peak at bin 262, Left Height: 0.435694, Right Height: 0.536814
    Peak at bin 308, Left Height: 1.31615, Right Height: 1.01688
    Peak at bin 354, Left Height: 0.80577, Right Height: 0.942905
    Peak at bin 395, Left Height: 0.365067, Right Height: 0.542063
    Peak at bin 450, Left Height: 0.40475, Right Height: 0.390783

Top total peaks (by true height): 123 158 308 

---- Saving Time info of muon and Michel candidates ----
[Saved] Muon time peak index: 123
        Intensity: 3.17029
[Saved] Michel time peak: 158
        Intensity: 1.16065


[868] Processing file: /Users/shuaixiangzhang/Work/current/FNAL_Work2024/michel_e/t0_tagging/pdhd_DATA_v2/t0_rootFiles/new20250808_MC/wvf_merged_applyCut_20250819/wvfFind_event9493_trackID21_opNum9_merged.root

Threshold for summed wvf: 0.3
Histogram: total
    Peak at bin 126, Left Height: 12.0199, Right Height: 10.6832
    Peak at bin 180, Left Height: 1.24922, Right Height: 1.42442
    Peak at bin 227, Left Height: 0.551918, Right Height: 1.40596
    Peak at bin 263, Left Height: 0.979572, Right Height: 0.948876
    Peak at bin 308, Left Height: 0.777989, Right Height: 0.690087

Top total peaks (by true height): 126 180 263 

---- Saving Time info of muon and Michel candidates ----
[Saved] Muon time peak index: 126
        Intensity: 10.6832
[Saved] Michel time peak: 180
        Intensity: 1.24922


[869] Processing file: /Users/shuaixiangzhang/Work/current/FNAL_Work2024/michel_e/t0_tagging/pdhd_DATA_v2/t0_rootFiles/new20250808_MC/wvf_merged_applyCut_20250819/wvfFind_event9511_trackID11_opNum9_merged.root

Threshold for summed wvf: 0.3
Histogram: total
    Peak at bin 127, Left Height: 33.2895, Right Height: 30.0645
    Peak at bin 178, Left Height: 2.37806, Right Height: 2.89339
    Peak at bin 202, Left Height: 0.30599, Right Height: 1.79206
    Peak at bin 246, Left Height: 1.96402, Right Height: 2.45612
    Peak at bin 329, Left Height: 0.760029, Right Height: 0.855283
    Peak at bin 361, Left Height: 0.326339, Right Height: 0.79482
    Peak at bin 388, Left Height: 0.521451, Right Height: 0.643504
    Peak at bin 492, Left Height: 0.938906, Right Height: 0.810852
    Peak at bin 537, Left Height: 5.09724, Right Height: 5.0197
    Peak at bin 731, Left Height: 0.354213, Right Height: 0.490125
    Peak at bin 763, Left Height: 0.615503, Right Height: 0.490212

Top total peaks (by true height): 127 537 178 

---- Saving Time info of muon and Michel candidates ----
[Saved] Muon time peak index: 127
        Intensity: 30.0645
[Saved] Michel time peak: 537
        Intensity: 5.0197


[870] Processing file: /Users/shuaixiangzhang/Work/current/FNAL_Work2024/michel_e/t0_tagging/pdhd_DATA_v2/t0_rootFiles/new20250808_MC/wvf_merged_applyCut_20250819/wvfFind_event9524_trackID3_opNum8_merged.root

Threshold for summed wvf: 0.3
Histogram: total
    Peak at bin 127, Left Height: 8.86764, Right Height: 6.87964
    Peak at bin 213, Left Height: 0.452749, Right Height: 1.25079
    Peak at bin 256, Left Height: 0.810676, Right Height: 0.759596

Top total peaks (by true height): 127 256 213 

---- Saving Time info of muon and Michel candidates ----
[Saved] Muon time peak index: 127
        Intensity: 6.87964
[Saved] Michel time peak: 256
        Intensity: 0.759596


[871] Processing file: /Users/shuaixiangzhang/Work/current/FNAL_Work2024/michel_e/t0_tagging/pdhd_DATA_v2/t0_rootFiles/new20250808_MC/wvf_merged_applyCut_20250819/wvfFind_event9541_trackID7_opNum8_merged.root

Threshold for summed wvf: 0.3
Histogram: total
    Peak at bin 127, Left Height: 18.0337, Right Height: 15.4928
    Peak at bin 157, Left Height: 4.47877, Right Height: 3.78937
    Peak at bin 188, Left Height: 0.988919, Right Height: 3.46924
    Peak at bin 250, Left Height: 1.37034, Right Height: 1.13008
    Peak at bin 302, Left Height: 0.852316, Right Height: 0.380274

Top total peaks (by true height): 127 157 250 

---- Saving Time info of muon and Michel candidates ----
[Saved] Muon time peak index: 127
        Intensity: 15.4928
[Saved] Michel time peak: 157
        Intensity: 3.78937


[872] Processing file: /Users/shuaixiangzhang/Work/current/FNAL_Work2024/michel_e/t0_tagging/pdhd_DATA_v2/t0_rootFiles/new20250808_MC/wvf_merged_applyCut_20250819/wvfFind_event9560_trackID0_opNum8_merged.root

Threshold for summed wvf: 0.3
Histogram: total
    Peak at bin 128, Left Height: 15.3618, Right Height: 12.0423
    Peak at bin 176, Left Height: 2.27753, Right Height: 1.47857
    Peak at bin 204, Left Height: 0.650735, Right Height: 1.79962
    Peak at bin 349, Left Height: 0.408818, Right Height: 0.4036
    Peak at bin 394, Left Height: 0.310885, Right Height: 0.526174

Top total peaks (by true height): 128 176 204 

---- Saving Time info of muon and Michel candidates ----
[Saved] Muon time peak index: 128
        Intensity: 12.0423
[Saved] Michel time peak: 176
        Intensity: 1.47857


[873] Processing file: /Users/shuaixiangzhang/Work/current/FNAL_Work2024/michel_e/t0_tagging/pdhd_DATA_v2/t0_rootFiles/new20250808_MC/wvf_merged_applyCut_20250819/wvfFind_event9561_trackID0_opNum9_merged.root

Threshold for summed wvf: 0.3
Histogram: total
    Peak at bin 128, Left Height: 19.2668, Right Height: 14.402
    Peak at bin 183, Left Height: 1.06372, Right Height: 1.46974
    Peak at bin 241, Left Height: 4.48731, Right Height: 4.06849
    Peak at bin 268, Left Height: 0.46323, Right Height: 1.1542
    Peak at bin 292, Left Height: 0.421899, Right Height: 1.10932
    Peak at bin 327, Left Height: 0.385018, Right Height: 0.819446
    Peak at bin 461, Left Height: 0.38996, Right Height: 0.561184
    Peak at bin 501, Left Height: 0.371315, Right Height: 0.340669

Top total peaks (by true height): 128 241 183 

---- Saving Time info of muon and Michel candidates ----
[Saved] Muon time peak index: 128
        Intensity: 14.402
[Saved] Michel time peak: 241
        Intensity: 4.06849


[874] Processing file: /Users/shuaixiangzhang/Work/current/FNAL_Work2024/michel_e/t0_tagging/pdhd_DATA_v2/t0_rootFiles/new20250808_MC/wvf_merged_applyCut_20250819/wvfFind_event9568_trackID15_opNum9_merged.root

Threshold for summed wvf: 0.3
Histogram: total
    Peak at bin 128, Left Height: 25.0695, Right Height: 18.2509
    Peak at bin 267, Left Height: 0.447259, Right Height: 1.84604
    Peak at bin 380, Left Height: 0.456334, Right Height: 0.610153
    Peak at bin 445, Left Height: 0.342302, Right Height: 0.358711

Top total peaks (by true height): 128 380 267 

---- Saving Time info of muon and Michel candidates ----
[Saved] Muon time peak index: 128
        Intensity: 18.2509
[Saved] Michel time peak: 380
        Intensity: 0.456334


[875] Processing file: /Users/shuaixiangzhang/Work/current/FNAL_Work2024/michel_e/t0_tagging/pdhd_DATA_v2/t0_rootFiles/new20250808_MC/wvf_merged_applyCut_20250819/wvfFind_event9572_trackID5_opNum9_merged.root

Threshold for summed wvf: 0.3
Histogram: total
    Peak at bin 128, Left Height: 50.4685, Right Height: 42.1547
    Peak at bin 170, Left Height: 13.4932, Right Height: 16.7167
    Peak at bin 299, Left Height: 1.7353, Right Height: 2.00069
    Peak at bin 388, Left Height: 1.06289, Right Height: 0.78013
    Peak at bin 610, Left Height: 0.466465, Right Height: 0.43928

Top total peaks (by true height): 128 170 299 

---- Saving Time info of muon and Michel candidates ----
[Saved] Muon time peak index: 128
        Intensity: 42.1547
[Saved] Michel time peak: 170
        Intensity: 13.4932


[876] Processing file: /Users/shuaixiangzhang/Work/current/FNAL_Work2024/michel_e/t0_tagging/pdhd_DATA_v2/t0_rootFiles/new20250808_MC/wvf_merged_applyCut_20250819/wvfFind_event9581_trackID19_opNum8_merged.root

Threshold for summed wvf: 0.3
Histogram: total
    Peak at bin 126, Left Height: 5.93786, Right Height: 4.06678
    Peak at bin 201, Left Height: 1.10251, Right Height: 1.04562
    Peak at bin 277, Left Height: 0.456164, Right Height: 0.32736
    Peak at bin 371, Left Height: 0.303318, Right Height: 0.365735

Top total peaks (by true height): 126 201 277 

---- Saving Time info of muon and Michel candidates ----
[Saved] Muon time peak index: 126
        Intensity: 4.06678
[Saved] Michel time peak: 201
        Intensity: 1.04562


[877] Processing file: /Users/shuaixiangzhang/Work/current/FNAL_Work2024/michel_e/t0_tagging/pdhd_DATA_v2/t0_rootFiles/new20250808_MC/wvf_merged_applyCut_20250819/wvfFind_event9587_trackID27_opNum9_merged.root

Threshold for summed wvf: 0.3
Histogram: total
    Peak at bin 126, Left Height: 11.0422, Right Height: 9.79398
    Peak at bin 162, Left Height: 0.92771, Right Height: 0.397989
    Peak at bin 265, Left Height: 0.401757, Right Height: 0.334806
    Peak at bin 298, Left Height: 0.788782, Right Height: 0.905147
    Peak at bin 352, Left Height: 0.39461, Right Height: 0.582611
    Peak at bin 494, Left Height: 0.399234, Right Height: 0.484386

Top total peaks (by true height): 126 298 494 

---- Saving Time info of muon and Michel candidates ----
[Saved] Muon time peak index: 126
        Intensity: 9.79398
[Saved] Michel time peak: 298
        Intensity: 0.788782


[878] Processing file: /Users/shuaixiangzhang/Work/current/FNAL_Work2024/michel_e/t0_tagging/pdhd_DATA_v2/t0_rootFiles/new20250808_MC/wvf_merged_applyCut_20250819/wvfFind_event9593_trackID27_opNum8_merged.root

Threshold for summed wvf: 0.3
Histogram: total
    Peak at bin 125, Left Height: 6.3634, Right Height: 5.00167
    Peak at bin 199, Left Height: 0.431209, Right Height: 1.01442
    Peak at bin 246, Left Height: 1.26182, Right Height: 1.13529
    Peak at bin 289, Left Height: 0.764535, Right Height: 0.940579

Top total peaks (by true height): 125 246 289 

---- Saving Time info of muon and Michel candidates ----
[Saved] Muon time peak index: 125
        Intensity: 5.00167
[Saved] Michel time peak: 246
        Intensity: 1.13529


[879] Processing file: /Users/shuaixiangzhang/Work/current/FNAL_Work2024/michel_e/t0_tagging/pdhd_DATA_v2/t0_rootFiles/new20250808_MC/wvf_merged_applyCut_20250819/wvfFind_event9596_trackID4_opNum9_merged.root

Threshold for summed wvf: 0.3
Histogram: total
    Peak at bin 127, Left Height: 20.4389, Right Height: 16.5388
    Peak at bin 167, Left Height: 0.500716, Right Height: 0.629338
    Peak at bin 211, Left Height: 3.72795, Right Height: 4.03086
    Peak at bin 263, Left Height: 0.538743, Right Height: 1.47092
    Peak at bin 361, Left Height: 0.555597, Right Height: 1.1782
    Peak at bin 394, Left Height: 0.769979, Right Height: 0.629004

Top total peaks (by true height): 127 211 394 

---- Saving Time info of muon and Michel candidates ----
[Saved] Muon time peak index: 127
        Intensity: 16.5388
[Saved] Michel time peak: 211
        Intensity: 3.72795


[880] Processing file: /Users/shuaixiangzhang/Work/current/FNAL_Work2024/michel_e/t0_tagging/pdhd_DATA_v2/t0_rootFiles/new20250808_MC/wvf_merged_applyCut_20250819/wvfFind_event9610_trackID4_opNum8_merged.root

Threshold for summed wvf: 0.3
Histogram: total
    Peak at bin 126, Left Height: 6.64698, Right Height: 5.51735
    Peak at bin 186, Left Height: 0.654268, Right Height: 1.0457
    Peak at bin 214, Left Height: 0.308674, Right Height: 0.357623
    Peak at bin 275, Left Height: 0.30017, Right Height: 0.519236
    Peak at bin 370, Left Height: 0.923789, Right Height: 0.77699

Top total peaks (by true height): 126 370 186 

---- Saving Time info of muon and Michel candidates ----
[Saved] Muon time peak index: 126
        Intensity: 5.51735
[Saved] Michel time peak: 370
        Intensity: 0.77699


[881] Processing file: /Users/shuaixiangzhang/Work/current/FNAL_Work2024/michel_e/t0_tagging/pdhd_DATA_v2/t0_rootFiles/new20250808_MC/wvf_merged_applyCut_20250819/wvfFind_event9613_trackID3_opNum9_merged.root

Threshold for summed wvf: 0.3
Histogram: total
    Peak at bin 127, Left Height: 72.7233, Right Height: 67.3537
    Peak at bin 162, Left Height: 1.6939, Right Height: 1.93742
    Peak at bin 196, Left Height: 0.571388, Right Height: 0.483458
    Peak at bin 223, Left Height: 4.64396, Right Height: 6.42736
    Peak at bin 241, Left Height: 0.39165, Right Height: 2.46178
    Peak at bin 273, Left Height: 2.14242, Right Height: 2.95074
    Peak at bin 311, Left Height: 1.41124, Right Height: 2.91489
    Peak at bin 348, Left Height: 2.01664, Right Height: 1.77728
    Peak at bin 398, Left Height: 1.11138, Right Height: 0.904294
    Peak at bin 428, Left Height: 0.57312, Right Height: 0.633735
    Peak at bin 452, Left Height: 0.872478, Right Height: 0.608651
    Peak at bin 499, Left Height: 0.813456, Right Height: 0.346075
    Peak at bin 598, Left Height: 0.447419, Right Height: 0.690195
    Peak at bin 793, Left Height: 0.39827, Right Height: 0.327933

Top total peaks (by true height): 127 223 273 

---- Saving Time info of muon and Michel candidates ----
[Saved] Muon time peak index: 127
        Intensity: 67.3537
[Saved] Michel time peak: 223
        Intensity: 4.64396


[882] Processing file: /Users/shuaixiangzhang/Work/current/FNAL_Work2024/michel_e/t0_tagging/pdhd_DATA_v2/t0_rootFiles/new20250808_MC/wvf_merged_applyCut_20250819/wvfFind_event9620_trackID7_opNum6_merged.root

Threshold for summed wvf: 0.3
Histogram: total
    Peak at bin 126, Left Height: 6.28418, Right Height: 5.46752

Top total peaks (by true height): 126 0 

---- Saving Time info of muon and Michel candidates ----
[Saved] Muon time peak index: 126
        Intensity: 5.46752
[Saved] Michel time peak: 0
        Intensity: 0


[883] Processing file: /Users/shuaixiangzhang/Work/current/FNAL_Work2024/michel_e/t0_tagging/pdhd_DATA_v2/t0_rootFiles/new20250808_MC/wvf_merged_applyCut_20250819/wvfFind_event9632_trackID15_opNum8_merged.root

Threshold for summed wvf: 0.3
Histogram: total
    Peak at bin 126, Left Height: 7.62827, Right Height: 7.1242
    Peak at bin 160, Left Height: 0.933076, Right Height: 0.916339
    Peak at bin 227, Left Height: 0.97024, Right Height: 0.903789
    Peak at bin 269, Left Height: 0.718999, Right Height: 0.373508
    Peak at bin 386, Left Height: 0.44601, Right Height: 0.538583

Top total peaks (by true height): 126 160 227 

---- Saving Time info of muon and Michel candidates ----
[Saved] Muon time peak index: 126
        Intensity: 7.1242
[Saved] Michel time peak: 160
        Intensity: 0.916339


[884] Processing file: /Users/shuaixiangzhang/Work/current/FNAL_Work2024/michel_e/t0_tagging/pdhd_DATA_v2/t0_rootFiles/new20250808_MC/wvf_merged_applyCut_20250819/wvfFind_event9634_trackID3_opNum8_merged.root

Threshold for summed wvf: 0.3
Histogram: total
    Peak at bin 125, Left Height: 6.48201, Right Height: 5.64564
    Peak at bin 151, Left Height: 0.958946, Right Height: 0.959794
    Peak at bin 200, Left Height: 0.407131, Right Height: 0.991753
    Peak at bin 248, Left Height: 0.792528, Right Height: 0.8179
    Peak at bin 378, Left Height: 1.23087, Right Height: 1.26722

Top total peaks (by true height): 125 378 151 

---- Saving Time info of muon and Michel candidates ----
[Saved] Muon time peak index: 125
        Intensity: 5.64564
[Saved] Michel time peak: 378
        Intensity: 1.23087


[885] Processing file: /Users/shuaixiangzhang/Work/current/FNAL_Work2024/michel_e/t0_tagging/pdhd_DATA_v2/t0_rootFiles/new20250808_MC/wvf_merged_applyCut_20250819/wvfFind_event9635_trackID1_opNum9_merged.root

Threshold for summed wvf: 0.3
Histogram: total
    Peak at bin 128, Left Height: 299.63, Right Height: 268.802
    Peak at bin 206, Left Height: 0.331721, Right Height: 17.4131
    Peak at bin 271, Left Height: 0.783081, Right Height: 5.85117
    Peak at bin 304, Left Height: 1.40246, Right Height: 6.92988
    Peak at bin 335, Left Height: 1.45968, Right Height: 3.50947
    Peak at bin 367, Left Height: 0.720152, Right Height: 2.70281
    Peak at bin 405, Left Height: 0.911578, Right Height: 2.32624
    Peak at bin 437, Left Height: 0.445181, Right Height: 0.307335
    Peak at bin 493, Left Height: 0.420555, Right Height: 1.7898
    Peak at bin 539, Left Height: 44.2302, Right Height: 37.4736
    Peak at bin 572, Left Height: 1.86106, Right Height: 4.32799
    Peak at bin 630, Left Height: 0.834367, Right Height: 2.26695
    Peak at bin 671, Left Height: 1.39527, Right Height: 1.89986
    Peak at bin 808, Left Height: 1.26279, Right Height: 1.24744
    Peak at bin 842, Left Height: 0.531241, Right Height: 0.580583
    Peak at bin 930, Left Height: 0.5636, Right Height: 0.811527
    Peak at bin 994, Left Height: 1.03194, Right Height: 0.614919
    Peak at bin 1013, Left Height: 0.32391, Right Height: 0.456601

Top total peaks (by true height): 128 539 572 

---- Saving Time info of muon and Michel candidates ----
[Saved] Muon time peak index: 128
        Intensity: 268.802
[Saved] Michel time peak: 539
        Intensity: 37.4736


[886] Processing file: /Users/shuaixiangzhang/Work/current/FNAL_Work2024/michel_e/t0_tagging/pdhd_DATA_v2/t0_rootFiles/new20250808_MC/wvf_merged_applyCut_20250819/wvfFind_event963_trackID4_opNum9_merged.root

Threshold for summed wvf: 0.3
Histogram: total
    Peak at bin 126, Left Height: 21.4038, Right Height: 18.7985
    Peak at bin 154, Left Height: 3.37999, Right Height: 5.03592
    Peak at bin 206, Left Height: 2.02204, Right Height: 2.95093
    Peak at bin 257, Left Height: 1.69079, Right Height: 1.53649
    Peak at bin 278, Left Height: 0.388004, Right Height: 0.82332
    Peak at bin 317, Left Height: 1.04134, Right Height: 0.625784
    Peak at bin 341, Left Height: 0.565979, Right Height: 1.16042
    Peak at bin 383, Left Height: 0.6515, Right Height: 0.631732
    Peak at bin 414, Left Height: 0.5612, Right Height: 0.430601
    Peak at bin 448, Left Height: 0.46503, Right Height: 0.319001
    Peak at bin 556, Left Height: 0.429143, Right Height: 0.460898

Top total peaks (by true height): 126 154 206 

---- Saving Time info of muon and Michel candidates ----
[Saved] Muon time peak index: 126
        Intensity: 18.7985
[Saved] Michel time peak: 154
        Intensity: 3.37999


[887] Processing file: /Users/shuaixiangzhang/Work/current/FNAL_Work2024/michel_e/t0_tagging/pdhd_DATA_v2/t0_rootFiles/new20250808_MC/wvf_merged_applyCut_20250819/wvfFind_event9665_trackID15_opNum5_merged.root

Threshold for summed wvf: 0.3
Histogram: total
    Peak at bin 124, Left Height: 3.00558, Right Height: 2.65713
    Peak at bin 173, Left Height: 1.82735, Right Height: 2.23536
    Peak at bin 417, Left Height: 0.428558, Right Height: 0.40607

Top total peaks (by true height): 124 173 417 

---- Saving Time info of muon and Michel candidates ----
[Saved] Muon time peak index: 124
        Intensity: 2.65713
[Saved] Michel time peak: 173
        Intensity: 1.82735


[888] Processing file: /Users/shuaixiangzhang/Work/current/FNAL_Work2024/michel_e/t0_tagging/pdhd_DATA_v2/t0_rootFiles/new20250808_MC/wvf_merged_applyCut_20250819/wvfFind_event9679_trackID27_opNum7_merged.root

Threshold for summed wvf: 0.3
Histogram: total
    Peak at bin 125, Left Height: 4.07135, Right Height: 3.51251
    Peak at bin 181, Left Height: 0.423352, Right Height: 0.657289
    Peak at bin 211, Left Height: 0.585887, Right Height: 0.94523
    Peak at bin 261, Left Height: 0.336296, Right Height: 0.475118
    Peak at bin 332, Left Height: 0.6652, Right Height: 0.721452
    Peak at bin 387, Left Height: 0.35562, Right Height: 0.400126

Top total peaks (by true height): 125 332 211 

---- Saving Time info of muon and Michel candidates ----
[Saved] Muon time peak index: 125
        Intensity: 3.51251
[Saved] Michel time peak: 332
        Intensity: 0.6652


[889] Processing file: /Users/shuaixiangzhang/Work/current/FNAL_Work2024/michel_e/t0_tagging/pdhd_DATA_v2/t0_rootFiles/new20250808_MC/wvf_merged_applyCut_20250819/wvfFind_event9680_trackID5_opNum5_merged.root

Threshold for summed wvf: 0.3
Histogram: total
    Peak at bin 123, Left Height: 2.55873, Right Height: 2.57324

Top total peaks (by true height): 123 0 

---- Saving Time info of muon and Michel candidates ----
[Saved] Muon time peak index: 123
        Intensity: 2.55873
[Saved] Michel time peak: 0
        Intensity: 0


[890] Processing file: /Users/shuaixiangzhang/Work/current/FNAL_Work2024/michel_e/t0_tagging/pdhd_DATA_v2/t0_rootFiles/new20250808_MC/wvf_merged_applyCut_20250819/wvfFind_event9690_trackID16_opNum4_merged.root

Threshold for summed wvf: 0.3
Histogram: total
    Peak at bin 124, Left Height: 1.91141, Right Height: 1.55444
    Peak at bin 220, Left Height: 0.575397, Right Height: 0.413663
    Peak at bin 300, Left Height: 0.442925, Right Height: 0.367383

Top total peaks (by true height): 124 220 300 

---- Saving Time info of muon and Michel candidates ----
[Saved] Muon time peak index: 124
        Intensity: 1.55444
[Saved] Michel time peak: 220
        Intensity: 0.413663


[891] Processing file: /Users/shuaixiangzhang/Work/current/FNAL_Work2024/michel_e/t0_tagging/pdhd_DATA_v2/t0_rootFiles/new20250808_MC/wvf_merged_applyCut_20250819/wvfFind_event9708_trackID6_opNum9_merged.root

Threshold for summed wvf: 0.3
Histogram: total
    Peak at bin 127, Left Height: 38.6954, Right Height: 33.3215
    Peak at bin 210, Left Height: 0.771575, Right Height: 1.11859
    Peak at bin 236, Left Height: 0.304599, Right Height: 1.82268
    Peak at bin 268, Left Height: 0.740252, Right Height: 0.685009
    Peak at bin 290, Left Height: 0.48644, Right Height: 0.492066
    Peak at bin 313, Left Height: 0.471946, Right Height: 0.993354
    Peak at bin 357, Left Height: 0.992159, Right Height: 1.5666
    Peak at bin 430, Left Height: 1.19117, Right Height: 1.07358
    Peak at bin 484, Left Height: 0.569278, Right Height: 0.51399
    Peak at bin 589, Left Height: 0.498732, Right Height: 0.466649

Top total peaks (by true height): 127 430 357 

---- Saving Time info of muon and Michel candidates ----
[Saved] Muon time peak index: 127
        Intensity: 33.3215
[Saved] Michel time peak: 430
        Intensity: 1.07358


[892] Processing file: /Users/shuaixiangzhang/Work/current/FNAL_Work2024/michel_e/t0_tagging/pdhd_DATA_v2/t0_rootFiles/new20250808_MC/wvf_merged_applyCut_20250819/wvfFind_event9708_trackID9_opNum9_merged.root

Threshold for summed wvf: 0.3
Histogram: total
    Peak at bin 126, Left Height: 11.9077, Right Height: 8.97411
    Peak at bin 161, Left Height: 0.301378, Right Height: 0.832806
    Peak at bin 225, Left Height: 0.87222, Right Height: 1.01363
    Peak at bin 261, Left Height: 0.783756, Right Height: 1.64177
    Peak at bin 297, Left Height: 0.721082, Right Height: 0.864938
    Peak at bin 320, Left Height: 0.645327, Right Height: 0.482914
    Peak at bin 343, Left Height: 0.351339, Right Height: 0.401149
    Peak at bin 392, Left Height: 0.442857, Right Height: 0.64871
    Peak at bin 467, Left Height: 0.331367, Right Height: 0.459133
    Peak at bin 676, Left Height: 0.320819, Right Height: 0.312444

Top total peaks (by true height): 126 225 261 

---- Saving Time info of muon and Michel candidates ----
[Saved] Muon time peak index: 126
        Intensity: 8.97411
[Saved] Michel time peak: 225
        Intensity: 0.87222


[893] Processing file: /Users/shuaixiangzhang/Work/current/FNAL_Work2024/michel_e/t0_tagging/pdhd_DATA_v2/t0_rootFiles/new20250808_MC/wvf_merged_applyCut_20250819/wvfFind_event9710_trackID1_opNum9_merged.root

Threshold for summed wvf: 0.3
Histogram: total
    Peak at bin 127, Left Height: 19.3533, Right Height: 15.9096
    Peak at bin 172, Left Height: 2.31909, Right Height: 2.75903
    Peak at bin 234, Left Height: 1.11345, Right Height: 1.3755
    Peak at bin 268, Left Height: 0.464196, Right Height: 0.992867
    Peak at bin 310, Left Height: 0.349106, Right Height: 0.452204
    Peak at bin 444, Left Height: 0.332709, Right Height: 0.415914
    Peak at bin 496, Left Height: 0.464841, Right Height: 0.602303

Top total peaks (by true height): 127 172 234 

---- Saving Time info of muon and Michel candidates ----
[Saved] Muon time peak index: 127
        Intensity: 15.9096
[Saved] Michel time peak: 172
        Intensity: 2.31909


[894] Processing file: /Users/shuaixiangzhang/Work/current/FNAL_Work2024/michel_e/t0_tagging/pdhd_DATA_v2/t0_rootFiles/new20250808_MC/wvf_merged_applyCut_20250819/wvfFind_event9712_trackID19_opNum8_merged.root

Threshold for summed wvf: 0.3
Histogram: total
    Peak at bin 125, Left Height: 4.40474, Right Height: 3.83754
    Peak at bin 159, Left Height: 0.359149, Right Height: 0.365019
    Peak at bin 185, Left Height: 0.386891, Right Height: 0.474619
    Peak at bin 253, Left Height: 0.691014, Right Height: 0.635787
    Peak at bin 292, Left Height: 0.306714, Right Height: 0.374019
    Peak at bin 316, Left Height: 0.300035, Right Height: 0.420877
    Peak at bin 411, Left Height: 0.336783, Right Height: 0.506084
    Peak at bin 465, Left Height: 0.390748, Right Height: 0.383406

Top total peaks (by true height): 125 253 185 

---- Saving Time info of muon and Michel candidates ----
[Saved] Muon time peak index: 125
        Intensity: 3.83754
[Saved] Michel time peak: 253
        Intensity: 0.635787


[895] Processing file: /Users/shuaixiangzhang/Work/current/FNAL_Work2024/michel_e/t0_tagging/pdhd_DATA_v2/t0_rootFiles/new20250808_MC/wvf_merged_applyCut_20250819/wvfFind_event971_trackID21_opNum8_merged.root

Threshold for summed wvf: 0.3
Histogram: total
    Peak at bin 124, Left Height: 4.8889, Right Height: 2.04296
    Peak at bin 184, Left Height: 0.867815, Right Height: 0.798702
    Peak at bin 275, Left Height: 0.385696, Right Height: 0.447039
    Peak at bin 315, Left Height: 9.86673, Right Height: 8.68803
    Peak at bin 344, Left Height: 0.351013, Right Height: 0.654574
    Peak at bin 371, Left Height: 0.620903, Right Height: 0.911658
    Peak at bin 414, Left Height: 0.947465, Right Height: 1.25513
    Peak at bin 465, Left Height: 0.796007, Right Height: 0.690762
    Peak at bin 494, Left Height: 0.529719, Right Height: 0.72907
    Peak at bin 520, Left Height: 0.403761, Right Height: 0.368039
    Peak at bin 547, Left Height: 0.426824, Right Height: 0.486424

Top total peaks (by true height): 315 124 414 

---- Saving Time info of muon and Michel candidates ----
[Saved] Muon time peak index: 315
        Intensity: 8.68803
[Saved] Michel time peak: 124
        Intensity: 2.04296


[896] Processing file: /Users/shuaixiangzhang/Work/current/FNAL_Work2024/michel_e/t0_tagging/pdhd_DATA_v2/t0_rootFiles/new20250808_MC/wvf_merged_applyCut_20250819/wvfFind_event9727_trackID2_opNum9_merged.root

Threshold for summed wvf: 0.3
Histogram: total
    Peak at bin 127, Left Height: 14.4801, Right Height: 10.8508
    Peak at bin 196, Left Height: 0.977029, Right Height: 0.732165
    Peak at bin 335, Left Height: 0.430369, Right Height: 1.10268
    Peak at bin 406, Left Height: 0.794377, Right Height: 0.821127

Top total peaks (by true height): 127 406 196 

---- Saving Time info of muon and Michel candidates ----
[Saved] Muon time peak index: 127
        Intensity: 10.8508
[Saved] Michel time peak: 406
        Intensity: 0.794377


[897] Processing file: /Users/shuaixiangzhang/Work/current/FNAL_Work2024/michel_e/t0_tagging/pdhd_DATA_v2/t0_rootFiles/new20250808_MC/wvf_merged_applyCut_20250819/wvfFind_event9743_trackID12_opNum9_merged.root

Threshold for summed wvf: 0.3
Histogram: total
    Peak at bin 127, Left Height: 12.4031, Right Height: 10.5102
    Peak at bin 161, Left Height: 2.21114, Right Height: 1.55843
    Peak at bin 231, Left Height: 0.789944, Right Height: 1.27278
    Peak at bin 267, Left Height: 0.341953, Right Height: 0.368693
    Peak at bin 295, Left Height: 0.359618, Right Height: 0.909916
    Peak at bin 365, Left Height: 0.82601, Right Height: 0.665427

Top total peaks (by true height): 127 161 231 

---- Saving Time info of muon and Michel candidates ----
[Saved] Muon time peak index: 127
        Intensity: 10.5102
[Saved] Michel time peak: 161
        Intensity: 1.55843


[898] Processing file: /Users/shuaixiangzhang/Work/current/FNAL_Work2024/michel_e/t0_tagging/pdhd_DATA_v2/t0_rootFiles/new20250808_MC/wvf_merged_applyCut_20250819/wvfFind_event9763_trackID0_opNum9_merged.root

Threshold for summed wvf: 0.3
Histogram: total
    Peak at bin 129, Left Height: 90.4114, Right Height: 69.3267
    Peak at bin 451, Left Height: 1.6229, Right Height: 1.67386
    Peak at bin 498, Left Height: 0.599291, Right Height: 0.942429
    Peak at bin 541, Left Height: 0.626607, Right Height: 0.805896
    Peak at bin 583, Left Height: 0.732078, Right Height: 0.768855
    Peak at bin 739, Left Height: 0.361549, Right Height: 0.550111

Top total peaks (by true height): 129 451 583 

---- Saving Time info of muon and Michel candidates ----
[Saved] Muon time peak index: 129
        Intensity: 69.3267
[Saved] Michel time peak: 451
        Intensity: 1.6229


[899] Processing file: /Users/shuaixiangzhang/Work/current/FNAL_Work2024/michel_e/t0_tagging/pdhd_DATA_v2/t0_rootFiles/new20250808_MC/wvf_merged_applyCut_20250819/wvfFind_event9775_trackID18_opNum9_merged.root

Threshold for summed wvf: 0.3
Histogram: total
    Peak at bin 58, Left Height: 0.317354, Right Height: 0.332244
    Peak at bin 126, Left Height: 7.52312, Right Height: 5.30165
    Peak at bin 157, Left Height: 0.674705, Right Height: 1.14916
    Peak at bin 188, Left Height: 1.52383, Right Height: 0.93267
    Peak at bin 243, Left Height: 0.364278, Right Height: 0.515047
    Peak at bin 354, Left Height: 0.629873, Right Height: 0.51284
    Peak at bin 391, Left Height: 0.456075, Right Height: 0.421867

Top total peaks (by true height): 126 188 157 

---- Saving Time info of muon and Michel candidates ----
[Saved] Muon time peak index: 126
        Intensity: 5.30165
[Saved] Michel time peak: 188
        Intensity: 0.93267


[900] Processing file: /Users/shuaixiangzhang/Work/current/FNAL_Work2024/michel_e/t0_tagging/pdhd_DATA_v2/t0_rootFiles/new20250808_MC/wvf_merged_applyCut_20250819/wvfFind_event9784_trackID10_opNum9_merged.root

Threshold for summed wvf: 0.3
Histogram: total
    Peak at bin 125, Left Height: 8.44078, Right Height: 6.74758
    Peak at bin 170, Left Height: 1.71448, Right Height: 2.61388
    Peak at bin 202, Left Height: 0.715417, Right Height: 0.928742
    Peak at bin 236, Left Height: 0.593739, Right Height: 0.634782
    Peak at bin 262, Left Height: 0.311549, Right Height: 0.592498
    Peak at bin 296, Left Height: 0.728211, Right Height: 0.720559
    Peak at bin 349, Left Height: 0.464413, Right Height: 0.341758
    Peak at bin 371, Left Height: 0.386274, Right Height: 0.473448
    Peak at bin 559, Left Height: 0.321461, Right Height: 0.373483

Top total peaks (by true height): 125 170 296 

---- Saving Time info of muon and Michel candidates ----
[Saved] Muon time peak index: 125
        Intensity: 6.74758
[Saved] Michel time peak: 170
        Intensity: 1.71448


[901] Processing file: /Users/shuaixiangzhang/Work/current/FNAL_Work2024/michel_e/t0_tagging/pdhd_DATA_v2/t0_rootFiles/new20250808_MC/wvf_merged_applyCut_20250819/wvfFind_event978_trackID13_opNum5_merged.root

Threshold for summed wvf: 0.3
Histogram: total
    Peak at bin 122, Left Height: 3.08115, Right Height: 3.46524
    Peak at bin 156, Left Height: 0.901178, Right Height: 0.351205
    Peak at bin 214, Left Height: 0.679754, Right Height: 0.686508
    Peak at bin 264, Left Height: 0.731905, Right Height: 0.813464
    Peak at bin 352, Left Height: 0.485233, Right Height: 0.432967
    Peak at bin 426, Left Height: 0.456203, Right Height: 0.435751

Top total peaks (by true height): 122 264 214 

---- Saving Time info of muon and Michel candidates ----
[Saved] Muon time peak index: 122
        Intensity: 3.08115
[Saved] Michel time peak: 264
        Intensity: 0.731905


[902] Processing file: /Users/shuaixiangzhang/Work/current/FNAL_Work2024/michel_e/t0_tagging/pdhd_DATA_v2/t0_rootFiles/new20250808_MC/wvf_merged_applyCut_20250819/wvfFind_event97_trackID27_opNum4_merged.root

Threshold for summed wvf: 0.3
Histogram: total
    Peak at bin 125, Left Height: 2.59506, Right Height: 2.20067
    Peak at bin 253, Left Height: 0.75231, Right Height: 0.673914

Top total peaks (by true height): 125 253 

---- Saving Time info of muon and Michel candidates ----
[Saved] Muon time peak index: 125
        Intensity: 2.20067
[Saved] Michel time peak: 253
        Intensity: 0.673914


[903] Processing file: /Users/shuaixiangzhang/Work/current/FNAL_Work2024/michel_e/t0_tagging/pdhd_DATA_v2/t0_rootFiles/new20250808_MC/wvf_merged_applyCut_20250819/wvfFind_event9802_trackID0_opNum5_merged.root

Threshold for summed wvf: 0.3
Histogram: total
    Peak at bin 128, Left Height: 48.2472, Right Height: 39.1629
    Peak at bin 162, Left Height: 1.89386, Right Height: 3.11724
    Peak at bin 197, Left Height: 0.583947, Right Height: 4.27936
    Peak at bin 246, Left Height: 0.801458, Right Height: 2.13521
    Peak at bin 332, Left Height: 1.20403, Right Height: 1.90032
    Peak at bin 389, Left Height: 0.699747, Right Height: 0.477609
    Peak at bin 493, Left Height: 0.50409, Right Height: 0.592881

Top total peaks (by true height): 128 162 332 

---- Saving Time info of muon and Michel candidates ----
[Saved] Muon time peak index: 128
        Intensity: 39.1629
[Saved] Michel time peak: 162
        Intensity: 1.89386


[904] Processing file: /Users/shuaixiangzhang/Work/current/FNAL_Work2024/michel_e/t0_tagging/pdhd_DATA_v2/t0_rootFiles/new20250808_MC/wvf_merged_applyCut_20250819/wvfFind_event9805_trackID1_opNum9.root

Threshold for summed wvf: 0.3
Histogram: total
    Peak at bin 128, Left Height: 88.0791, Right Height: 78.602
    Peak at bin 152, Left Height: 2.07764, Right Height: 4.55803
    Peak at bin 182, Left Height: 2.25167, Right Height: 8.58755
    Peak at bin 299, Left Height: 1.17464, Right Height: 2.49129
    Peak at bin 345, Left Height: 0.413562, Right Height: 0.833614
    Peak at bin 376, Left Height: 1.57013, Right Height: 1.75931
    Peak at bin 470, Left Height: 90.6033, Right Height: 85.514
    Peak at bin 503, Left Height: 4.92728, Right Height: 0.791184
    Peak at bin 574, Left Height: 1.91729, Right Height: 4.14431
    Peak at bin 678, Left Height: 0.934742, Right Height: 1.1233
    Peak at bin 700, Left Height: 1.90947, Right Height: 1.99937
    Peak at bin 743, Left Height: 14.1797, Right Height: 11.5717
    Peak at bin 812, Left Height: 1.32872, Right Height: 1.35875
    Peak at bin 846, Left Height: 0.420991, Right Height: 0.703525
    Peak at bin 874, Left Height: 0.890346, Right Height: 1.1734
    Peak at bin 927, Left Height: 1.26571, Right Height: 0.341845
    Peak at bin 982, Left Height: 0.645581, Right Height: 3.69278

Top total peaks (by true height): 470 128 743 

---- Saving Time info of muon and Michel candidates ----
[Saved] Muon time peak index: 470
        Intensity: 85.514
[Saved] Michel time peak: 128
        Intensity: 78.602


[905] Processing file: /Users/shuaixiangzhang/Work/current/FNAL_Work2024/michel_e/t0_tagging/pdhd_DATA_v2/t0_rootFiles/new20250808_MC/wvf_merged_applyCut_20250819/wvfFind_event9814_trackID5_opNum4_merged.root

Threshold for summed wvf: 0.3
Histogram: total
    Peak at bin 121, Left Height: 1.54687, Right Height: 1.36797
    Peak at bin 180, Left Height: 3.27868, Right Height: 2.72923
    Peak at bin 225, Left Height: 0.490019, Right Height: 0.680527
    Peak at bin 305, Left Height: 0.627729, Right Height: 1.09301
    Peak at bin 438, Left Height: 1.36091, Right Height: 1.39107
    Peak at bin 532, Left Height: 0.542068, Right Height: 0.532492
    Peak at bin 578, Left Height: 0.329978, Right Height: 0.333616

Top total peaks (by true height): 180 121 438 

---- Saving Time info of muon and Michel candidates ----
[Saved] Muon time peak index: 180
        Intensity: 2.72923
[Saved] Michel time peak: 121
        Intensity: 1.36797


[906] Processing file: /Users/shuaixiangzhang/Work/current/FNAL_Work2024/michel_e/t0_tagging/pdhd_DATA_v2/t0_rootFiles/new20250808_MC/wvf_merged_applyCut_20250819/wvfFind_event9819_trackID8_opNum9_merged.root

Threshold for summed wvf: 0.3
Histogram: total
    Peak at bin 127, Left Height: 30.3618, Right Height: 23.9885
    Peak at bin 150, Left Height: 0.572558, Right Height: 3.16029
    Peak at bin 218, Left Height: 0.397355, Right Height: 1.69247
    Peak at bin 243, Left Height: 0.38761, Right Height: 1.62143
    Peak at bin 305, Left Height: 0.633416, Right Height: 1.18663
    Peak at bin 354, Left Height: 2.40582, Right Height: 1.99072
    Peak at bin 379, Left Height: 0.814138, Right Height: 0.969982
    Peak at bin 420, Left Height: 0.659342, Right Height: 0.694072
    Peak at bin 448, Left Height: 0.323145, Right Height: 0.485642
    Peak at bin 471, Left Height: 0.320548, Right Height: 0.605615
    Peak at bin 512, Left Height: 0.780842, Right Height: 0.801736

Top total peaks (by true height): 127 354 379 

---- Saving Time info of muon and Michel candidates ----
[Saved] Muon time peak index: 127
        Intensity: 23.9885
[Saved] Michel time peak: 354
        Intensity: 1.99072


[907] Processing file: /Users/shuaixiangzhang/Work/current/FNAL_Work2024/michel_e/t0_tagging/pdhd_DATA_v2/t0_rootFiles/new20250808_MC/wvf_merged_applyCut_20250819/wvfFind_event9824_trackID2_opNum9_merged.root

Threshold for summed wvf: 0.3
Histogram: total
    Peak at bin 127, Left Height: 11.3493, Right Height: 8.07446
    Peak at bin 211, Left Height: 0.585488, Right Height: 1.2055
    Peak at bin 241, Left Height: 0.427462, Right Height: 0.312708
    Peak at bin 354, Left Height: 0.472232, Right Height: 0.696401
    Peak at bin 548, Left Height: 0.364788, Right Height: 0.404627

Top total peaks (by true height): 127 211 354 

---- Saving Time info of muon and Michel candidates ----
[Saved] Muon time peak index: 127
        Intensity: 8.07446
[Saved] Michel time peak: 211
        Intensity: 0.585488


[908] Processing file: /Users/shuaixiangzhang/Work/current/FNAL_Work2024/michel_e/t0_tagging/pdhd_DATA_v2/t0_rootFiles/new20250808_MC/wvf_merged_applyCut_20250819/wvfFind_event9868_trackID6_opNum9_merged.root

Threshold for summed wvf: 0.3
Histogram: total
    Peak at bin 128, Left Height: 34.5768, Right Height: 30.7247
    Peak at bin 163, Left Height: 2.37116, Right Height: 2.43824
    Peak at bin 193, Left Height: 1.11415, Right Height: 2.48139
    Peak at bin 229, Left Height: 1.18911, Right Height: 2.71294
    Peak at bin 279, Left Height: 0.942632, Right Height: 0.779417
    Peak at bin 302, Left Height: 0.624016, Right Height: 0.576272
    Peak at bin 325, Left Height: 0.414502, Right Height: 0.781812
    Peak at bin 348, Left Height: 0.327597, Right Height: 1.24859
    Peak at bin 431, Left Height: 4.56807, Right Height: 4.28125
    Peak at bin 508, Left Height: 0.67576, Right Height: 1.04216
    Peak at bin 549, Left Height: 0.360377, Right Height: 0.366514
    Peak at bin 707, Left Height: 0.322888, Right Height: 0.412555
    Peak at bin 733, Left Height: 0.336067, Right Height: 0.302077

Top total peaks (by true height): 128 431 163 

---- Saving Time info of muon and Michel candidates ----
[Saved] Muon time peak index: 128
        Intensity: 30.7247
[Saved] Michel time peak: 431
        Intensity: 4.28125


[909] Processing file: /Users/shuaixiangzhang/Work/current/FNAL_Work2024/michel_e/t0_tagging/pdhd_DATA_v2/t0_rootFiles/new20250808_MC/wvf_merged_applyCut_20250819/wvfFind_event9874_trackID5_opNum9_merged.root

Threshold for summed wvf: 0.3
Histogram: total
    Peak at bin 128, Left Height: 32.958, Right Height: 28.2451
    Peak at bin 172, Left Height: 1.46891, Right Height: 2.9496
    Peak at bin 275, Left Height: 1.20586, Right Height: 0.333779
    Peak at bin 315, Left Height: 0.312387, Right Height: 0.998357
    Peak at bin 356, Left Height: 0.777319, Right Height: 0.452075
    Peak at bin 421, Left Height: 0.505788, Right Height: 0.328724
    Peak at bin 510, Left Height: 0.603897, Right Height: 0.405884
    Peak at bin 660, Left Height: 0.370612, Right Height: 0.338321
    Peak at bin 717, Left Height: 0.435398, Right Height: 0.377093

Top total peaks (by true height): 128 172 356 

---- Saving Time info of muon and Michel candidates ----
[Saved] Muon time peak index: 128
        Intensity: 28.2451
[Saved] Michel time peak: 172
        Intensity: 1.46891


[910] Processing file: /Users/shuaixiangzhang/Work/current/FNAL_Work2024/michel_e/t0_tagging/pdhd_DATA_v2/t0_rootFiles/new20250808_MC/wvf_merged_applyCut_20250819/wvfFind_event989_trackID1_opNum6_merged.root

Threshold for summed wvf: 0.3
Histogram: total
    Peak at bin 124, Left Height: 2.63709, Right Height: 1.81493
    Peak at bin 165, Left Height: 0.330092, Right Height: 0.723676
    Peak at bin 210, Left Height: 0.651703, Right Height: 0.71913

Top total peaks (by true height): 124 210 165 

---- Saving Time info of muon and Michel candidates ----
[Saved] Muon time peak index: 124
        Intensity: 1.81493
[Saved] Michel time peak: 210
        Intensity: 0.651703


[911] Processing file: /Users/shuaixiangzhang/Work/current/FNAL_Work2024/michel_e/t0_tagging/pdhd_DATA_v2/t0_rootFiles/new20250808_MC/wvf_merged_applyCut_20250819/wvfFind_event9904_trackID4_opNum6_merged.root

Threshold for summed wvf: 0.3
Histogram: total
    Peak at bin 125, Left Height: 6.21987, Right Height: 3.7323
    Peak at bin 170, Left Height: 0.818226, Right Height: 2.75262
    Peak at bin 233, Left Height: 0.37753, Right Height: 1.43177
    Peak at bin 268, Left Height: 0.885953, Right Height: 0.570262
    Peak at bin 345, Left Height: 0.410995, Right Height: 0.646733

Top total peaks (by true height): 125 170 268 

---- Saving Time info of muon and Michel candidates ----
[Saved] Muon time peak index: 125
        Intensity: 3.7323
[Saved] Michel time peak: 170
        Intensity: 0.818226


[912] Processing file: /Users/shuaixiangzhang/Work/current/FNAL_Work2024/michel_e/t0_tagging/pdhd_DATA_v2/t0_rootFiles/new20250808_MC/wvf_merged_applyCut_20250819/wvfFind_event9905_trackID5_opNum9_merged.root

Threshold for summed wvf: 0.3
Histogram: total
    Peak at bin 127, Left Height: 18.9766, Right Height: 15.9442
    Peak at bin 195, Left Height: 1.0306, Right Height: 2.82034
    Peak at bin 259, Left Height: 1.22783, Right Height: 0.871301
    Peak at bin 536, Left Height: 0.343991, Right Height: 0.336626

Top total peaks (by true height): 127 195 259 

---- Saving Time info of muon and Michel candidates ----
[Saved] Muon time peak index: 127
        Intensity: 15.9442
[Saved] Michel time peak: 195
        Intensity: 1.0306


[913] Processing file: /Users/shuaixiangzhang/Work/current/FNAL_Work2024/michel_e/t0_tagging/pdhd_DATA_v2/t0_rootFiles/new20250808_MC/wvf_merged_applyCut_20250819/wvfFind_event9917_trackID10_opNum4_merged.root

Threshold for summed wvf: 0.3
Histogram: total
    Peak at bin 128, Left Height: 7.81907, Right Height: 5.99313
    Peak at bin 160, Left Height: 0.317922, Right Height: 1.52052
    Peak at bin 216, Left Height: 0.44278, Right Height: 1.11067
    Peak at bin 254, Left Height: 8.20627, Right Height: 5.67965
    Peak at bin 282, Left Height: 0.349442, Right Height: 1.96373
    Peak at bin 350, Left Height: 0.716227, Right Height: 1.00329
    Peak at bin 379, Left Height: 0.719595, Right Height: 0.738754
    Peak at bin 791, Left Height: 7.05297, Right Height: 4.95542
    Peak at bin 821, Left Height: 0.491175, Right Height: 1.37385

Top total peaks (by true height): 128 254 791 

---- Saving Time info of muon and Michel candidates ----
[Saved] Muon time peak index: 128
        Intensity: 5.99313
[Saved] Michel time peak: 254
        Intensity: 5.67965


[914] Processing file: /Users/shuaixiangzhang/Work/current/FNAL_Work2024/michel_e/t0_tagging/pdhd_DATA_v2/t0_rootFiles/new20250808_MC/wvf_merged_applyCut_20250819/wvfFind_event9922_trackID0_opNum9_merged.root

Threshold for summed wvf: 0.3
Histogram: total
    Peak at bin 128, Left Height: 21.6521, Right Height: 17.2369
    Peak at bin 164, Left Height: 0.955676, Right Height: 2.32397
    Peak at bin 209, Left Height: 0.577048, Right Height: 0.512105
    Peak at bin 238, Left Height: 2.54284, Right Height: 2.7165
    Peak at bin 268, Left Height: 0.714177, Right Height: 0.822465
    Peak at bin 323, Left Height: 0.85074, Right Height: 1.88764
    Peak at bin 385, Left Height: 0.409973, Right Height: 0.40925

Top total peaks (by true height): 128 238 164 

---- Saving Time info of muon and Michel candidates ----
[Saved] Muon time peak index: 128
        Intensity: 17.2369
[Saved] Michel time peak: 238
        Intensity: 2.54284


[915] Processing file: /Users/shuaixiangzhang/Work/current/FNAL_Work2024/michel_e/t0_tagging/pdhd_DATA_v2/t0_rootFiles/new20250808_MC/wvf_merged_applyCut_20250819/wvfFind_event9928_trackID10_opNum6_merged.root

Threshold for summed wvf: 0.3
Histogram: total
    Peak at bin 125, Left Height: 5.16712, Right Height: 4.33798
    Peak at bin 196, Left Height: 0.340942, Right Height: 1.63936
    Peak at bin 258, Left Height: 1.08576, Right Height: 0.848607
    Peak at bin 552, Left Height: 0.335784, Right Height: 0.349953
    Peak at bin 694, Left Height: 0.476859, Right Height: 0.423906
    Peak at bin 777, Left Height: 0.359907, Right Height: 0.490197
    Peak at bin 997, Left Height: 0.57695, Right Height: 0.688297

Top total peaks (by true height): 125 258 997 

---- Saving Time info of muon and Michel candidates ----
[Saved] Muon time peak index: 125
        Intensity: 4.33798
[Saved] Michel time peak: 258
        Intensity: 0.848607


[916] Processing file: /Users/shuaixiangzhang/Work/current/FNAL_Work2024/michel_e/t0_tagging/pdhd_DATA_v2/t0_rootFiles/new20250808_MC/wvf_merged_applyCut_20250819/wvfFind_event9945_trackID9_opNum6_merged.root

Threshold for summed wvf: 0.3
Histogram: total
    Peak at bin 127, Left Height: 7.18392, Right Height: 4.61178
    Peak at bin 184, Left Height: 0.893666, Right Height: 1.73344
    Peak at bin 276, Left Height: 0.495197, Right Height: 0.540369
    Peak at bin 348, Left Height: 0.376237, Right Height: 0.405169

Top total peaks (by true height): 127 184 276 

---- Saving Time info of muon and Michel candidates ----
[Saved] Muon time peak index: 127
        Intensity: 4.61178
[Saved] Michel time peak: 184
        Intensity: 0.893666


[917] Processing file: /Users/shuaixiangzhang/Work/current/FNAL_Work2024/michel_e/t0_tagging/pdhd_DATA_v2/t0_rootFiles/new20250808_MC/wvf_merged_applyCut_20250819/wvfFind_event9999_trackID9_opNum9_merged.root

Threshold for summed wvf: 0.3
Histogram: total
    Peak at bin 126, Left Height: 8.20285, Right Height: 6.58804
    Peak at bin 193, Left Height: 1.10052, Right Height: 2.23752
    Peak at bin 241, Left Height: 0.594376, Right Height: 0.748514
    Peak at bin 327, Left Height: 0.64837, Right Height: 0.854289

Top total peaks (by true height): 126 193 327 

---- Saving Time info of muon and Michel candidates ----
[Saved] Muon time peak index: 126
        Intensity: 6.58804
[Saved] Michel time peak: 193
        Intensity: 1.10052


[918] Processing file: /Users/shuaixiangzhang/Work/current/FNAL_Work2024/michel_e/t0_tagging/pdhd_DATA_v2/t0_rootFiles/new20250808_MC/wvf_merged_applyCut_20250819/wvfFind_event99_trackID9_opNum4_merged.root

Threshold for summed wvf: 0.3
Histogram: total
    Peak at bin 123, Left Height: 2.81237, Right Height: 2.96486
    Peak at bin 206, Left Height: 0.877653, Right Height: 1.12322

Top total peaks (by true height): 123 206 

---- Saving Time info of muon and Michel candidates ----
[Saved] Muon time peak index: 123
        Intensity: 2.81237
[Saved] Michel time peak: 206
        Intensity: 0.877653
