-1.0
-1.0
-1.0
-1.0
-1.0
-1.0
-1.0
-1.0
-1.0
-1.0
-1.0
-1.0
-1.0
38.4036
-1.0
-1.0
-1.0
-1.0
45.0247
-1.0
-1.0
-1.0
-1.0
-1.0
-1.0
-1.0
-1.0
-1.0
-1.0
-1.0
-1.0
-1.0
-1.0
-1.0
-1.0
-1.0
-1.0
-1.0
-1.0
-1.0
-1.0
17.2444
-1.0
46.2861
-1.0
-1.0
-1.0
-1.0
-1.0
-1.0
-1.0
-1.0
-1.0
-1.0
-1.0
31.4102
28.2509
40.1115
-1.0
-1.0
-1.0
33.1797
-1.0
27.8148
-1.0
33.3117
-1.0
-1.0
-1.0
-1.0
-1.0
-1.0
-1.0
-1.0
46.3896
-1.0
-1.0
-1.0
-1.0
-1.0
-1.0
-1.0
-1.0
-1.0
-1.0
-1.0
11.3808
-1.0
-1.0
-1.0
-1.0
-1.0
-1.0
38.7721
40.4049
-1.0
-1.0
-1.0
-1.0
-1.0
-1.0
-1.0
-1.0
-1.0
37.2306
-1.0
-1.0
-1.0
-1.0
-1.0
-1.0
-1.0
-1.0
21.4625
-1.0
-1.0
-1.0
47.5157
-1.0
-1.0
-1.0
32.7468
-1.0
-1.0
49.2858
-1.0
-1.0
47.4781
-1.0
-1.0
-1.0
-1.0
-1.0
-1.0
-1.0
-1.0
24.7778
-1.0
-1.0
-1.0
-1.0
-1.0
-1.0
-1.0
-1.0
-1.0
-1.0
-1.0
36.702
-1.0
-1.0
-1.0
-1.0
-1.0
-1.0
-1.0
-1.0
-1.0
-1.0
-1.0
47.2654
32.2097
-1.0
-1.0
-1.0
11.515
-1.0
-1.0
-1.0
-1.0
-1.0
-1.0
-1.0
-1.0
-1.0
-1.0
-1.0
-1.0
-1.0
-1.0
-1.0
46.5985
-1.0
-1.0
-1.0
-1.0
39.0473
-1.0
-1.0
46.1177
-1.0
-1.0
-1.0
27.1261
-1.0
-1.0
-1.0
30.7835
-1.0
35.8282
-1.0
-1.0
38.5889
42.526
-1.0
-1.0
-1.0
-1.0
-1.0
-1.0
51.7737
-1.0
-1.0
39.5808
-1.0
-1.0
-1.0
-1.0
40.5603
-1.0
-1.0
43.598
32.3878
-1.0
39.9991
-1.0
-1.0
-1.0
-1.0
-1.0
-1.0
-1.0
26.8227
48.4163
-1.0
-1.0
-1.0
48.0832
-1.0
-1.0
-1.0
-1.0
-1.0
-1.0
-1.0
-1.0
34.6293
42.387
-1.0
-1.0
-1.0
51.4015
-1.0
-1.0
-1.0
-1.0
-1.0
-1.0
15.0075
-1.0
44.8813
-1.0
-1.0
-1.0
-1.0
-1.0
-1.0
-1.0
-1.0
42.3159
35.2666
-1.0
20.9352
-1.0
20.2607
-1.0
-1.0
-1.0
31.6226
-1.0
-1.0
36.1322
-1.0
27.7745
-1.0
-1.0
-1.0
-1.0
-1.0
28.7736
-1.0
-1.0
-1.0
-1.0
-1.0
-1.0
-1.0
-1.0
-1.0
45.8926
-1.0
-1.0
41.7423
-1.0
54.4705
41.7255
51.0311
-1.0
-1.0
-1.0
-1.0
-1.0
-1.0
32.0738
-1.0
-1.0
-1.0
-1.0
-1.0
31.1834
-1.0
-1.0
-1.0
-1.0
-1.0
-1.0
32.0493
-1.0
-1.0
50.0495
-1.0
-1.0
-1.0
-1.0
-1.0
-1.0
-1.0
-1.0
-1.0
-1.0
-1.0
-1.0
-1.0
-1.0
25.5736
-1.0
-1.0
-1.0
-1.0
-1.0
-1.0
-1.0
-1.0
-1.0
-1.0
-1.0
-1.0
63.2158
29.8447
-1.0
-1.0
47.261
-1.0
50.1514
-1.0
7.99372
-1.0
-1.0
-1.0
-1.0
-1.0
-1.0
-1.0
-1.0
-1.0
-1.0
-1.0
-1.0
-1.0
-1.0
-1.0
-1.0
22.0486
-1.0
-1.0
-1.0
-1.0
-1.0
40.2416
-1.0
34.3296
37.1737
-1.0
-1.0
-1.0
-1.0
-1.0
-1.0
-1.0
-1.0
-1.0
-1.0
44.8154
-1.0
-1.0
-1.0
-1.0
-1.0
-1.0
-1.0
-1.0
-1.0
-1.0
-1.0
-1.0
-1.0
36.669
31.2505
-1.0
-1.0
-1.0
-1.0
45.9064
32.3248
-1.0
-1.0
45.3268
-1.0
-1.0
-1.0
-1.0
-1.0
25.7327
-1.0
28.7477
26.9793
-1.0
-1.0
-1.0
-1.0
-1.0
-1.0
-1.0
29.5025
-1.0
-1.0
-1.0
-1.0
41.1247
-1.0
-1.0
-1.0
-1.0
-1.0
41.2646
35.1015
-1.0
-1.0
-1.0
-1.0
-1.0
44.1414
33.0628
-1.0
-1.0
-1.0
-1.0
41.5385
-1.0
-1.0
-1.0
-1.0
-1.0
-1.0
-1.0
-1.0
36.7216
38.607
-1.0
48.3746
-1.0
-1.0
-1.0
45.2549
11.4978
-1.0
-1.0
-1.0
-1.0
-1.0
17.8245
-1.0
-1.0
-1.0
-1.0
-1.0
-1.0
-1.0
-1.0
-1.0
-1.0
-1.0
-1.0
-1.0
-1.0
42.5848
-1.0
36.6678
-1.0
-1.0
-1.0
-1.0
-1.0
52.2609
-1.0
-1.0
52.021
-1.0
-1.0
-1.0
22.831
-1.0
-1.0
45.8318
27.6581
-1.0
-1.0
-1.0
48.3823
-1.0
-1.0
36.0674
-1.0
-1.0
-1.0
-1.0
-1.0
-1.0
-1.0
-1.0
-1.0
24.2446
48.398
-1.0
-1.0
-1.0
-1.0
-1.0
-1.0
-1.0
-1.0
-1.0
-1.0
-1.0
-1.0
-1.0
-1.0
-1.0
-1.0
-1.0
-1.0
45.8406
-1.0
-1.0
-1.0
-1.0
-1.0
48.9752
-1.0
-1.0
-1.0
-1.0
18.6243
-1.0
-1.0
-1.0
44.3293
-1.0
-1.0
-1.0
-1.0
-1.0
-1.0
-1.0
-1.0
-1.0
-1.0
-1.0
30.3273
-1.0
24.7358
-1.0
-1.0
-1.0
-1.0
-1.0
-1.0
-1.0
47.5974
-1.0
-1.0
-1.0
-1.0
-1.0
-1.0
-1.0
48.1867
-1.0
46.3143
-1.0
-1.0
-1.0
-1.0
43.1438
-1.0
51.5609
-1.0
-1.0
-1.0
-1.0
43.9509
-1.0
-1.0
-1.0
-1.0
-1.0
-1.0
-1.0
23.624
-1.0
20.1039
-1.0
-1.0
-1.0
-1.0
-1.0
20.415
-1.0
-1.0
29.2131
-1.0
50.4302
-1.0
-1.0
-1.0
-1.0
-1.0
-1.0
-1.0
-1.0
-1.0
-1.0
-1.0
-1.0
-1.0
-1.0
-1.0
-1.0
-1.0
45.4918
-1.0
50.9009
-1.0
-1.0
-1.0
42.8935
22.8861
-1.0
26.6295
46.2568
-1.0
-1.0
50.5167
51.8483
-1.0
29.1212
32.8887
39.3055
52.1486
-1.0
-1.0
52.1503
-1.0
-1.0
-1.0
-1.0
-1.0
-1.0
-1.0
-1.0
39.0863
43.0999
-1.0
-1.0
30.553
-1.0
-1.0
47.5803
40.952
-1.0
49.8138
40.4228
26.6029
50.9929
-1.0
-1.0
-1.0
-1.0
-1.0
-1.0
-1.0
-1.0
-1.0
-1.0
48.7036
50.0847
-1.0
-1.0
-1.0
-1.0
-1.0
-1.0
-1.0
-1.0
-1.0
-1.0
-1.0
-1.0
21.3544
-1.0
51.7826
-1.0
44.5573
26.653
-1.0
-1.0
-1.0
-1.0
42.5056
-1.0
-1.0
-1.0
-1.0
-1.0
-1.0
-1.0
-1.0
-1.0
-1.0
37.1771
-1.0
-1.0
-1.0
27.1338
-1.0
-1.0
46.5324
-1.0
-1.0
-1.0
-1.0
-1.0
45.225
-1.0
-1.0
-1.0
-1.0
-1.0
25.7247
-1.0
-1.0
-1.0
-1.0
-1.0
-1.0
51.3785
-1.0
-1.0
-1.0
33.932
-1.0
49.1932
-1.0
53.7259
-1.0
-1.0
-1.0
-1.0
-1.0
-1.0
-1.0
-1.0
-1.0
-1.0
-1.0
-1.0
-1.0
36.7159
45.2719
23.2234
-1.0
-1.0
-1.0
-1.0
-1.0
-1.0
-1.0
-1.0
-1.0
45.3869
-1.0
-1.0
-1.0
-1.0
-1.0
21.6039
5.06185
-1.0
26.7297
-1.0
-1.0
-1.0
-1.0
41.3154
-1.0
-1.0
47.2999
28.8755
-1.0
50.5312
-1.0
50.8728
-1.0
-1.0
-1.0
35.7923
30.9099
48.6869
-1.0
24.0676
-1.0
22.7142
-1.0
-1.0
-1.0
-1.0
-1.0
-1.0
-1.0
-1.0
-1.0
-1.0
-1.0
49.9504
-1.0
-1.0
-1.0
-1.0
-1.0
-1.0
-1.0
-1.0
-1.0
-1.0
-1.0
-1.0
-1.0
43.1827
-1.0
-1.0
39.7544
19.702
23.9918
47.6157
-1.0
43.6149
44.4813
-1.0
-1.0
-1.0
-1.0
-1.0
46.7265
-1.0
-1.0
-1.0
-1.0
-1.0
-1.0
-1.0
-1.0
-1.0
-1.0
51.0761
-1.0
-1.0
-1.0
-1.0
14.6773
-1.0
-1.0
-1.0
-1.0
28.078
-1.0
-1.0
-1.0
48.7318
-1.0
46.2223
34.1947
-1.0
-1.0
49.2918
-1.0
-1.0
-1.0
-1.0
-1.0
-1.0
-1.0
-1.0
-1.0
-1.0
-1.0
-1.0
-1.0
17.1174
-1.0
-1.0
-1.0
-1.0
49.8621
47.6041
44.486
-1.0
-1.0
-1.0
-1.0
-1.0
-1.0
26.7147
-1.0
-1.0
-1.0
40.4853
-1.0
-1.0
15.2732
-1.0
47.1432
50.5133
-1.0
48.1151
29.039
-1.0
-1.0
-1.0
-1.0
-1.0
-1.0
-1.0
46.5675
10.437
-1.0
-1.0
51.6298
-1.0
-1.0
-1.0
-1.0
-1.0
-1.0
-1.0
-1.0
-1.0
-1.0
-1.0
-1.0
-1.0
-1.0
23.1814
-1.0
-1.0
-1.0
-1.0
-1.0
15.4176
33.0538
-1.0
-1.0
-1.0
-1.0
-1.0
-1.0
7.33361
-1.0
-1.0
38.5426
-1.0
25.3248
45.6454
-1.0
-1.0
-1.0
-1.0
-1.0
-1.0
-1.0
23.9262
-1.0
-1.0
-1.0
-1.0
-1.0
-1.0
48.7637
-1.0
-1.0
14.6194
-1.0
-1.0
-1.0
-1.0
-1.0
-1.0
44.7878
-1.0
-1.0
-1.0
-1.0
-1.0
47.98
-1.0
-1.0
-1.0
-1.0
-1.0
46.8148
-1.0
-1.0
-1.0
-1.0
-1.0
18.6826
-1.0
-1.0
-1.0
-1.0
-1.0
-1.0
-1.0
-1.0
-1.0
-1.0
-1.0
23.6327
-1.0
-1.0
-1.0
17.64
-1.0
-1.0
44.1377
-1.0
-1.0
-1.0
-1.0
40.2634
-1.0
-1.0
-1.0
-1.0
-1.0
32.7931
41.0571
-1.0
-1.0
-1.0
-1.0
44.8334
-1.0
-1.0
-1.0
-1.0
-1.0
-1.0
-1.0
-1.0
-1.0
-1.0
-1.0
-1.0
-1.0
-1.0
-1.0
-1.0
-1.0
-1.0
-1.0
-1.0
-1.0
-1.0
-1.0
-1.0
-1.0
18.3739
-1.0
-1.0
-1.0
-1.0
28.6668
36.2995
-1.0
-1.0
-1.0
-1.0
-1.0
29.4721
-1.0
-1.0
-1.0
-1.0
-1.0
-1.0
-1.0
-1.0
-1.0
-1.0
16.4713
-1.0
-1.0
-1.0
45.6142
-1.0
36.187
-1.0
28.7579
-1.0
-1.0
-1.0
-1.0
-1.0
-1.0
43.6819
-1.0
-1.0
-1.0
13.4602
-1.0
-1.0
-1.0
-1.0
-1.0
-1.0
-1.0
-1.0
50.2499
38.3588
-1.0
-1.0
-1.0
-1.0
-1.0
-1.0
37.3464
-1.0
38.4795
-1.0
-1.0
-1.0
-1.0
-1.0
48.2471
-1.0
-1.0
-1.0
-1.0
-1.0
-1.0
-1.0
-1.0
-1.0
-1.0
47.0942
-1.0
-1.0
-1.0
-1.0
-1.0
-1.0
-1.0
-1.0
-1.0
-1.0
-1.0
-1.0
-1.0
-1.0
-1.0
-1.0
-1.0
-1.0
38.3655
-1.0
-1.0
-1.0
-1.0
49.0804
-1.0
-1.0
33.7943
12.016
-1.0
-1.0
37.5272
52.15
-1.0
-1.0
-1.0
45.564
43.1421
51.9899
-1.0
-1.0
-1.0
49.6384
-1.0
-1.0
-1.0
-1.0
36.0403
-1.0
-1.0
-1.0
-1.0
-1.0
-1.0
-1.0
-1.0
-1.0
-1.0
-1.0
-1.0
-1.0
-1.0
38.0724
-1.0
50.038
-1.0
-1.0
-1.0
-1.0
-1.0
-1.0
28.6901
-1.0
-1.0
46.7768
-1.0
48.3342
-1.0
22.5633
-1.0
50.0961
27.1584
-1.0
-1.0
46.9268
46.9917
35.4969
-1.0
39.2431
-1.0
-1.0
-1.0
-1.0
-1.0
-1.0
38.5807
-1.0
-1.0
-1.0
30.6735
-1.0
-1.0
-1.0
47.2785
-1.0
-1.0
-1.0
-1.0
-1.0
42.013
-1.0
-1.0
-1.0
-1.0
-1.0
14.27
-1.0
-1.0
-1.0
-1.0
-1.0
-1.0
-1.0
-1.0
25.1394
-1.0
-1.0
-1.0
34.9284
-1.0
-1.0
-1.0
51.7054
-1.0
-1.0
-1.0
36.8491
-1.0
-1.0
39.2826
-1.0
-1.0
-1.0
-1.0
-1.0
-1.0
-1.0
-1.0
-1.0
-1.0
-1.0
51.5227
-1.0
-1.0
45.8069
-1.0
-1.0
49.3701
-1.0
-1.0
-1.0
-1.0
-1.0
-1.0
-1.0
-1.0
-1.0
43.63
-1.0
-1.0
-1.0
19.6189
44.2745
-1.0
-1.0
-1.0
-1.0
25.485
22.7894
-1.0
28.04
-1.0
44.2628
-1.0
-1.0
-1.0
41.4061
-1.0
-1.0
-1.0
-1.0
-1.0
-1.0
-1.0
-1.0
-1.0
-1.0
-1.0
-1.0
-1.0
-1.0
35.5262
-1.0
-1.0
-1.0
-1.0
26.7714
-1.0
-1.0
-1.0
-1.0
-1.0
-1.0
-1.0
-1.0
-1.0
-1.0
-1.0
-1.0
-1.0
-1.0
-1.0
33.1085
-1.0
22.4119
48.9925
49.1065
-1.0
43.5283
-1.0
-1.0
-1.0
-1.0
51.84
46.1247
-1.0
-1.0
-1.0
-1.0
-1.0
39.7425
-1.0
-1.0
-1.0
-1.0
-1.0
-1.0
-1.0
-1.0
-1.0
-1.0
-1.0
-1.0
-1.0
46.5057
30.6675
21.8264
-1.0
-1.0
-1.0
-1.0
-1.0
-1.0
-1.0
-1.0
-1.0
-1.0
37.543
-1.0
-1.0
-1.0
-1.0
-1.0
-1.0
-1.0
-1.0
-1.0
-1.0
37.3379
-1.0
-1.0
-1.0
-1.0
-1.0
-1.0
-1.0
-1.0
-1.0
-1.0
-1.0
-1.0
-1.0
33.5682
-1.0
-1.0
-1.0
-1.0
47.9835
-1.0
-1.0
-1.0
-1.0
-1.0
-1.0
-1.0
-1.0
-1.0
-1.0
-1.0
-1.0
-1.0
-1.0
-1.0
-1.0
-1.0
-1.0
-1.0
-1.0
-1.0
-1.0
19.6646
-1.0
47.7315
-1.0
-1.0
52.2162
-1.0
49.6795
-1.0
-1.0
-1.0
39.8149
-1.0
47.9494
-1.0
40.1479
-1.0
27.4313
-1.0
-1.0
-1.0
41.1537
33.6405
-1.0
-1.0
-1.0
-1.0
-1.0
-1.0
-1.0
-1.0
-1.0
27.1738
34.2993
-1.0
47.8547
-1.0
-1.0
-1.0
-1.0
-1.0
-1.0
-1.0
-1.0
-1.0
-1.0
-1.0
36.8841
33.4015
-1.0
-1.0
-1.0
52.1922
25.4595
36.8124
-1.0
50.9515
-1.0
-1.0
-1.0
-1.0
-1.0
-1.0
46.5665
28.9836
-1.0
-1.0
-1.0
-1.0
39.8227
-1.0
-1.0
-1.0
-1.0
-1.0
-1.0
-1.0
38.144
-1.0
-1.0
45.876
50.9223
48.4356
-1.0
-1.0
39.5248
45.8733
-1.0
-1.0
-1.0
-1.0
23.889
-1.0
-1.0
-1.0
-1.0
-1.0
-1.0
-1.0
-1.0
49.7974
47.3664
-1.0
-1.0
-1.0
-1.0
-1.0
-1.0
31.4137
-1.0
-1.0
-1.0
-1.0
-1.0
-1.0
-1.0
-1.0
-1.0
36.352
42.0629
-1.0
-1.0
-1.0
-1.0
-1.0
48.3515
-1.0
-1.0
-1.0
-1.0
49.65
47.7023
-1.0
-1.0
-1.0
-1.0
-1.0
-1.0
-1.0
-1.0
-1.0
-1.0
-1.0
-1.0
-1.0
-1.0
43.4532
-1.0
-1.0
34.5248
-1.0
41.9832
-1.0
18.2913
-1.0
-1.0
-1.0
-1.0
-1.0
-1.0
-1.0
-1.0
-1.0
-1.0
-1.0
-1.0
-1.0
32.0355
-1.0
-1.0
37.6672
40.9054
-1.0
-1.0
-1.0
-1.0
-1.0
-1.0
-1.0
-1.0
-1.0
-1.0
-1.0
-1.0
-1.0
-1.0
-1.0
-1.0
-1.0
-1.0
-1.0
-1.0
-1.0
34.3025
-1.0
51.249
-1.0
-1.0
24.7884
-1.0
-1.0
-1.0
23.302
-1.0
-1.0
-1.0
18.4997
-1.0
-1.0
15.4631
-1.0
37.0425
-1.0
-1.0
-1.0
32.0062
-1.0
-1.0
-1.0
44.1878
-1.0
-1.0
-1.0
43.151
-1.0
-1.0
-1.0
-1.0
-1.0
24.358
-1.0
38.9536
-1.0
-1.0
-1.0
36.0418
-1.0
-1.0
-1.0
20.4204
43.4441
23.3617
13.6111
-1.0
43.9907
33.5354
-1.0
-1.0
-1.0
-1.0
51.7104
-1.0
-1.0
-1.0
42.5578
-1.0
-1.0
49.9083
-1.0
-1.0
-1.0
-1.0
-1.0
-1.0
-1.0
-1.0
25.7063
-1.0
-1.0
-1.0
12.9263
-1.0
-1.0
-1.0
-1.0
-1.0
-1.0
-1.0
43.8776
-1.0
-1.0
47.1497
38.5997
-1.0
-1.0
36.2271
26.811
-1.0
-1.0
34.7237
-1.0
-1.0
-1.0
-1.0
44.6175
-1.0
-1.0
19.2496
34.8023
-1.0
24.7947
-1.0
-1.0
-1.0
-1.0
-1.0
37.5911
27.9012
46.7295
39.5578
47.9582
-1.0
-1.0
-1.0
-1.0
48.1975
-1.0
-1.0
-1.0
-1.0
-1.0
-1.0
-1.0
-1.0
-1.0
-1.0
48.8751
-1.0
-1.0
-1.0
-1.0
-1.0
-1.0
-1.0
-1.0
36.3252
-1.0
-1.0
-1.0
-1.0
28.0947
-1.0
-1.0
-1.0
-1.0
-1.0
50.6195
-1.0
36.6202
-1.0
5.17298
-1.0
-1.0
-1.0
-1.0
-1.0
-1.0
-1.0
-1.0
45.4536
-1.0
-1.0
-1.0
-1.0
-1.0
15.5158
-1.0
-1.0
-1.0
-1.0
45.4177
-1.0
-1.0
-1.0
-1.0
-1.0
-1.0
34.6568
-1.0
36.5298
-1.0
-1.0
-1.0
28.7003
-1.0
-1.0
47.7855
-1.0
49.5448
-1.0
-1.0
-1.0
43.3013
-1.0
18.7326
-1.0
-1.0
-1.0
-1.0
-1.0
-1.0
-1.0
-1.0
-1.0
-1.0
-1.0
52.1507
52.5805
38.1626
-1.0
-1.0
-1.0
-1.0
-1.0
-1.0
-1.0
-1.0
-1.0
-1.0
-1.0
30.112
43.849
-1.0
-1.0
-1.0
24.1615
-1.0
-1.0
-1.0
-1.0
-1.0
-1.0
-1.0
-1.0
-1.0
-1.0
-1.0
-1.0
-1.0
37.4565
-1.0
45.4396
-1.0
-1.0
-1.0
46.2687
-1.0
-1.0
-1.0
-1.0
-1.0
45.6001
25.1379
24.7158
-1.0
-1.0
-1.0
-1.0
-1.0
-1.0
-1.0
-1.0
-1.0
51.9018
36.4218
-1.0
-1.0
-1.0
-1.0
45.6053
-1.0
-1.0
-1.0
47.3846
-1.0
-1.0
-1.0
-1.0
-1.0
-1.0
-1.0
-1.0
-1.0
40.0533
-1.0
15.696
-1.0
-1.0
-1.0
30.2981
-1.0
-1.0
-1.0
-1.0
-1.0
18.8185
31.6879
-1.0
-1.0
-1.0
-1.0
-1.0
-1.0
31.5749
-1.0
43.3394
-1.0
-1.0
-1.0
-1.0
-1.0
-1.0
-1.0
-1.0
-1.0
-1.0
-1.0
-1.0
-1.0
-1.0
-1.0
-1.0
34.7096
-1.0
-1.0
-1.0
35.2067
-1.0
-1.0
-1.0
-1.0
-1.0
41.9818
-1.0
39.8264
-1.0
-1.0
-1.0
25.0826
-1.0
-1.0
-1.0
-1.0
40.4045
50.751
-1.0
-1.0
-1.0
-1.0
-1.0
38.3414
-1.0
-1.0
-1.0
-1.0
-1.0
-1.0
-1.0
51.9296
-1.0
-1.0
-1.0
-1.0
24.7864
-1.0
27.9504
-1.0
12.1693
-1.0
-1.0
45.6144
-1.0
-1.0
-1.0
-1.0
-1.0
43.6223
-1.0
-1.0
-1.0
24.6205
-1.0
-1.0
-1.0
-1.0
-1.0
-1.0
-1.0
-1.0
-1.0
-1.0
-1.0
-1.0
-1.0
7.76141
35.8983
20.0486
-1.0
-1.0
34.6047
-1.0
23.1844
-1.0
-1.0
-1.0
-1.0
-1.0
48.7259
-1.0
-1.0
-1.0
-1.0
-1.0
-1.0
-1.0
-1.0
-1.0
-1.0
-1.0
28.6481
46.2704
-1.0
-1.0
-1.0
-1.0
-1.0
-1.0
38.8252
-1.0
50.9129
-1.0
-1.0
-1.0
-1.0
-1.0
24.7317
-1.0
35.3222
-1.0
28.9492
-1.0
-1.0
-1.0
-1.0
42.7784
-1.0
42.4053
9.5801
-1.0
12.1123
-1.0
-1.0
-1.0
18.2669
13.3055
-1.0
-1.0
27.5061
-1.0
-1.0
30.9623
48.1719
-1.0
-1.0
-1.0
39.1721
-1.0
-1.0
-1.0
-1.0
-1.0
40.2472
-1.0
-1.0
-1.0
-1.0
-1.0
-1.0
-1.0
-1.0
-1.0
-1.0
-1.0
-1.0
-1.0
-1.0
-1.0
-1.0
-1.0
-1.0
-1.0
-1.0
26.6776
-1.0
-1.0
30.0287
-1.0
-1.0
32.5718
-1.0
-1.0
-1.0
-1.0
-1.0
-1.0
-1.0
-1.0
-1.0
-1.0
-1.0
-1.0
-1.0
-1.0
33.7285
-1.0
-1.0
37.4773
-1.0
27.9973
-1.0
-1.0
37.2026
38.4695
-1.0
-1.0
-1.0
50.8115
-1.0
-1.0
37.6575
-1.0
-1.0
-1.0
42.7986
-1.0
-1.0
-1.0
-1.0
28.881
-1.0
-1.0
-1.0
15.9286
26.7904
-1.0
-1.0
46.8752
32.1065
9.0836
-1.0
39.8568
-1.0
-1.0
-1.0
-1.0
-1.0
48.738
37.1513
-1.0
-1.0
30.18
-1.0
-1.0
39.9475
-1.0
-1.0
-1.0
-1.0
-1.0
-1.0
-1.0
-1.0
-1.0
-1.0
50.9141
-1.0
-1.0
-1.0
-1.0
-1.0
-1.0
-1.0
51.0733
-1.0
-1.0
51.765
-1.0
18.8776
-1.0
-1.0
39.3336
-1.0
-1.0
37.1671
-1.0
11.7638
-1.0
52.2763
-1.0
47.7563
-1.0
-1.0
-1.0
-1.0
-1.0
-1.0
30.1843
-1.0
-1.0
-1.0
29.2397
-1.0
41.8966
-1.0
-1.0
33.8025
22.7288
-1.0
-1.0
-1.0
-1.0
28.8948
-1.0
-1.0
-1.0
-1.0
-1.0
52.1237
-1.0
-1.0
-1.0
-1.0
-1.0
-1.0
-1.0
-1.0
51.0194
-1.0
-1.0
51.8451
-1.0
-1.0
-1.0
-1.0
45.1813
-1.0
-1.0
-1.0
-1.0
-1.0
-1.0
-1.0
-1.0
41.7912
-1.0
-1.0
43.9123
-1.0
-1.0
-1.0
28.6179
51.4297
-1.0
-1.0
-1.0
-1.0
29.8516
-1.0
-1.0
-1.0
49.2411
-1.0
-1.0
-1.0
-1.0
-1.0
-1.0
26.8007
-1.0
-1.0
-1.0
-1.0
-1.0
42.9401
-1.0
-1.0
-1.0
-1.0
-1.0
-1.0
-1.0
-1.0
-1.0
-1.0
12.7103
-1.0
-1.0
-1.0
-1.0
-1.0
-1.0
-1.0
21.0675
51.51
-1.0
18.9112
-1.0
-1.0
-1.0
-1.0
48.0928
-1.0
25.1508
-1.0
-1.0
-1.0
-1.0
-1.0
-1.0
-1.0
-1.0
-1.0
-1.0
46.0041
-1.0
-1.0
-1.0
-1.0
-1.0
-1.0
-1.0
21.1529
-1.0
-1.0
-1.0
-1.0
34.2946
-1.0
-1.0
-1.0
18.2052
-1.0
-1.0
-1.0
-1.0
-1.0
-1.0
50.6907
38.7558
-1.0
-1.0
-1.0
-1.0
46.2338
-1.0
-1.0
-1.0
41.6044
-1.0
-1.0
-1.0
-1.0
-1.0
-1.0
-1.0
40.0059
-1.0
50.5174
-1.0
-1.0
-1.0
-1.0
-1.0
-1.0
-1.0
-1.0
-1.0
-1.0
-1.0
-1.0
-1.0
43.1842
-1.0
-1.0
45.516
22.8074
-1.0
-1.0
12.4405
50.5591
-1.0
-1.0
-1.0
-1.0
-1.0
-1.0
-1.0
-1.0
-1.0
-1.0
-1.0
-1.0
-1.0
-1.0
-1.0
-1.0
-1.0
-1.0
-1.0
-1.0
37.1879
-1.0
-1.0
-1.0
26.1784
-1.0
-1.0
-1.0
-1.0
20.9895
-1.0
-1.0
-1.0
40.9951
-1.0
-1.0
-1.0
35.217
-1.0
-1.0
-1.0
28.2405
-1.0
-1.0
-1.0
-1.0
-1.0
-1.0
-1.0
-1.0
-1.0
-1.0
-1.0
-1.0
-1.0
-1.0
-1.0
-1.0
-1.0
20.7407
43.4674
40.4813
-1.0
-1.0
-1.0
-1.0
46.5308
-1.0
47.85
-1.0
-1.0
30.1321
-1.0
-1.0
-1.0
20.3513
-1.0
-1.0
-1.0
-1.0
-1.0
35.9312
30.2391
-1.0
-1.0
-1.0
26.4114
-1.0
-1.0
-1.0
-1.0
41.4548
-1.0
41.6507
-1.0
-1.0
-1.0
-1.0
33.306
-1.0
-1.0
-1.0
-1.0
-1.0
23.4599
44.4944
-1.0
-1.0
-1.0
-1.0
-1.0
-1.0
29.2702
-1.0
-1.0
-1.0
-1.0
25.1234
-1.0
-1.0
48.4339
-1.0
39.3482
29.3877
-1.0
-1.0
-1.0
45.494
-1.0
-1.0
-1.0
-1.0
-1.0
-1.0
-1.0
-1.0
-1.0
36.0614
-1.0
-1.0
-1.0
-1.0
48.914
-1.0
-1.0
-1.0
-1.0
16.702
-1.0
-1.0
-1.0
-1.0
32.6242
-1.0
-1.0
-1.0
-1.0
-1.0
-1.0
-1.0
46.2137
-1.0
-1.0
-1.0
-1.0
-1.0
33.2208
-1.0
-1.0
-1.0
-1.0
-1.0
45.183
-1.0
41.5351
-1.0
46.1305
-1.0
-1.0
-1.0
-1.0
-1.0
13.8871
-1.0
-1.0
-1.0
-1.0
47.1402
-1.0
-1.0
-1.0
-1.0
-1.0
22.4799
-1.0
-1.0
-1.0
-1.0
-1.0
-1.0
-1.0
-1.0
-1.0
-1.0
-1.0
-1.0
47.173
39.9631
-1.0
-1.0
-1.0
-1.0
-1.0
-1.0
-1.0
-1.0
-1.0
-1.0
-1.0
38.7512
-1.0
23.6305
26.1712
-1.0
-1.0
-1.0
33.124
-1.0
31.7952
-1.0
-1.0
-1.0
-1.0
-1.0
-1.0
-1.0
-1.0
-1.0
35.5005
-1.0
-1.0
-1.0
-1.0
-1.0
-1.0
15.4788
50.0792
-1.0
-1.0
15.6726
-1.0
-1.0
30.4969
-1.0
-1.0
-1.0
-1.0
-1.0
-1.0
11.3816
-1.0
-1.0
-1.0
-1.0
27.222
-1.0
-1.0
-1.0
-1.0
-1.0
-1.0
-1.0
-1.0
37.1325
-1.0
35.6313
-1.0
46.2496
44.841
-1.0
-1.0
-1.0
-1.0
-1.0
-1.0
-1.0
-1.0
35.6312
-1.0
-1.0
25.2563
-1.0
-1.0
-1.0
-1.0
-1.0
-1.0
-1.0
34.2891
-1.0
-1.0
43.9341
-1.0
-1.0
-1.0
-1.0
-1.0
-1.0
-1.0
-1.0
-1.0
-1.0
-1.0
-1.0
28.3352
-1.0
22.9898
-1.0
-1.0
35.2842
-1.0
-1.0
39.2519
-1.0
-1.0
-1.0
40.9047
-1.0
23.4313
-1.0
30.5125
-1.0
38.7598
-1.0
-1.0
-1.0
-1.0
-1.0
39.1635
-1.0
-1.0
-1.0
-1.0
-1.0
-1.0
-1.0
27.4273
-1.0
32.1858
50.2843
-1.0
-1.0
-1.0
-1.0
-1.0
-1.0
-1.0
-1.0
-1.0
-1.0
-1.0
-1.0
-1.0
-1.0
-1.0
46.4802
39.7989
-1.0
-1.0
-1.0
-1.0
47.524
48.3085
-1.0
34.724
41.0
34.9502
-1.0
-1.0
-1.0
-1.0
-1.0
-1.0
27.7718
-1.0
36.4231
-1.0
47.1891
-1.0
-1.0
-1.0
-1.0
-1.0
-1.0
-1.0
-1.0
-1.0
-1.0
-1.0
-1.0
-1.0
-1.0
-1.0
-1.0
-1.0
-1.0
50.8779
-1.0
-1.0
-1.0
-1.0
25.8533
-1.0
-1.0
37.0034
-1.0
-1.0
-1.0
-1.0
-1.0
-1.0
-1.0
-1.0
-1.0
-1.0
-1.0
-1.0
-1.0
-1.0
-1.0
-1.0
-1.0
-1.0
-1.0
-1.0
-1.0
-1.0
51.8495
-1.0
-1.0
-1.0
39.963
-1.0
-1.0
-1.0
31.9571
42.3078
-1.0
26.319
-1.0
-1.0
-1.0
37.6674
-1.0
-1.0
50.6092
-1.0
-1.0
-1.0
-1.0
45.9152
-1.0
-1.0
-1.0
105.017
-1.0
-1.0
-1.0
-1.0
-1.0
37.7441
-1.0
-1.0
-1.0
-1.0
-1.0
-1.0
-1.0
-1.0
-1.0
-1.0
-1.0
-1.0
-1.0
45.6411
-1.0
35.4497
-1.0
37.5738
-1.0
-1.0
-1.0
25.8438
-1.0
-1.0
45.0635
-1.0
-1.0
-1.0
-1.0
-1.0
30.372
-1.0
-1.0
-1.0
-1.0
-1.0
-1.0
-1.0
-1.0
48.5267
-1.0
32.5893
-1.0
-1.0
46.692
-1.0
-1.0
-1.0
-1.0
-1.0
-1.0
47.8117
-1.0
-1.0
-1.0
39.1512
36.6394
-1.0
-1.0
-1.0
-1.0
-1.0
-1.0
-1.0
-1.0
-1.0
36.8819
-1.0
-1.0
-1.0
-1.0
31.4688
-1.0
-1.0
-1.0
-1.0
-1.0
-1.0
-1.0
-1.0
26.8878
-1.0
-1.0
-1.0
-1.0
37.3953
-1.0
-1.0
-1.0
-1.0
-1.0
48.177
-1.0
-1.0
-1.0
-1.0
-1.0
39.682
-1.0
-1.0
21.4967
46.3409
-1.0
28.7672
-1.0
-1.0
-1.0
-1.0
-1.0
-1.0
-1.0
-1.0
35.1454
-1.0
-1.0
25.0993
-1.0
-1.0
22.7469
25.313
-1.0
27.5538
-1.0
-1.0
-1.0
-1.0
38.5567
-1.0
-1.0
-1.0
-1.0
-1.0
-1.0
-1.0
-1.0
13.8753
-1.0
-1.0
-1.0
-1.0
-1.0
-1.0
-1.0
43.0743
-1.0
53.3572
-1.0
-1.0
-1.0
-1.0
-1.0
-1.0
-1.0
-1.0
-1.0
32.3644
-1.0
-1.0
-1.0
38.8764
-1.0
-1.0
-1.0
-1.0
-1.0
49.9353
-1.0
-1.0
-1.0
45.2023
-1.0
18.0064
-1.0
-1.0
2.85957
-1.0
-1.0
-1.0
-1.0
-1.0
-1.0
-1.0
-1.0
-1.0
-1.0
-1.0
-1.0
-1.0
-1.0
-1.0
-1.0
-1.0
-1.0
-1.0
-1.0
-1.0
-1.0
-1.0
-1.0
-1.0
-1.0
18.5631
-1.0
-1.0
47.1425
-1.0
-1.0
-1.0
44.6231
-1.0
-1.0
37.4232
-1.0
-1.0
-1.0
-1.0
-1.0
-1.0
24.3613
44.9622
-1.0
-1.0
-1.0
-1.0
-1.0
40.1095
49.4041
-1.0
-1.0
-1.0
-1.0
-1.0
-1.0
-1.0
-1.0
29.599
-1.0
-1.0
-1.0
-1.0
44.1271
-1.0
-1.0
-1.0
-1.0
-1.0
-1.0
-1.0
-1.0
-1.0
-1.0
-1.0
-1.0
-1.0
-1.0
-1.0
-1.0
-1.0
-1.0
-1.0
-1.0
-1.0
19.1116
-1.0
-1.0
-1.0
-1.0
-1.0
-1.0
-1.0
24.025
-1.0
-1.0
-1.0
-1.0
48.2216
-1.0
-1.0
-1.0
42.2695
-1.0
-1.0
-1.0
-1.0
-1.0
-1.0
35.0063
29.9424
-1.0
-1.0
33.7123
-1.0
-1.0
-1.0
-1.0
-1.0
-1.0
48.7152
-1.0
-1.0
37.2026
-1.0
-1.0
-1.0
45.9204
28.0346
-1.0
-1.0
-1.0
-1.0
-1.0
-1.0
-1.0
-1.0
-1.0
-1.0
51.897
34.6852
-1.0
-1.0
50.4966
-1.0
-1.0
31.5461
-1.0
-1.0
-1.0
-1.0
23.9677
-1.0
-1.0
43.0101
-1.0
-1.0
-1.0
-1.0
-1.0
-1.0
12.7178
-1.0
-1.0
48.8842
-1.0
-1.0
-1.0
-1.0
-1.0
-1.0
-1.0
-1.0
-1.0
-1.0
28.3176
-1.0
-1.0
-1.0
-1.0
-1.0
-1.0
-1.0
-1.0
46.3674
-1.0
48.0387
-1.0
-1.0
-1.0
-1.0
-1.0
48.4514
-1.0
-1.0
-1.0
-1.0
-1.0
-1.0
-1.0
-1.0
-1.0
-1.0
-1.0
43.8821
-1.0
-1.0
-1.0
-1.0
-1.0
47.4723
-1.0
-1.0
-1.0
36.2873
-1.0
-1.0
37.9116
-1.0
-1.0
41.9365
-1.0
-1.0
-1.0
-1.0
43.5307
-1.0
-1.0
-1.0
-1.0
-1.0
-1.0
-1.0
-1.0
-1.0
-1.0
18.5921
-1.0
-1.0
-1.0
-1.0
-1.0
47.2607
46.37
-1.0
-1.0
-1.0
-1.0
-1.0
-1.0
-1.0
49.5016
44.2306
-1.0
10.6423
-1.0
-1.0
-1.0
45.4068
-1.0
39.3806
-1.0
-1.0
-1.0
-1.0
-1.0
-1.0
-1.0
20.9932
-1.0
-1.0
46.9932
-1.0
-1.0
-1.0
-1.0
43.9252
-1.0
-1.0
-1.0
14.3866
-1.0
-1.0
-1.0
-1.0
36.0199
-1.0
-1.0
-1.0
-1.0
-1.0
-1.0
10.2026
-1.0
28.3272
-1.0
-1.0
-1.0
-1.0
15.9253
-1.0
-1.0
-1.0
-1.0
-1.0
-1.0
-1.0
-1.0
-1.0
46.1111
-1.0
-1.0
-1.0
-1.0
-1.0
-1.0
-1.0
-1.0
-1.0
-1.0
-1.0
-1.0
37.6389
-1.0
-1.0
-1.0
-1.0
-1.0
31.1582
-1.0
-1.0
-1.0
-1.0
32.2495
-1.0
-1.0
-1.0
-1.0
-1.0
-1.0
-1.0
-1.0
-1.0
-1.0
-1.0
-1.0
-1.0
-1.0
-1.0
-1.0
44.4868
-1.0
-1.0
-1.0
33.8704
-1.0
43.3022
-1.0
-1.0
-1.0
-1.0
-1.0
-1.0
-1.0
35.0103
24.1562
-1.0
-1.0
-1.0
-1.0
-1.0
50.8413
25.5587
52.15
-1.0
-1.0
52.2634
-1.0
-1.0
-1.0
-1.0
23.9563
-1.0
-1.0
-1.0
-1.0
-1.0
-1.0
30.1319
-1.0
-1.0
-1.0
-1.0
-1.0
-1.0
-1.0
46.3729
-1.0
-1.0
-1.0
-1.0
-1.0
-1.0
-1.0
-1.0
32.0252
-1.0
-1.0
-1.0
-1.0
-1.0
-1.0
-1.0
49.782
-1.0
-1.0
-1.0
36.7489
-1.0
-1.0
-1.0
-1.0
-1.0
33.4644
-1.0
-1.0
-1.0
-1.0
-1.0
26.3268
37.3724
-1.0
-1.0
35.615
-1.0
-1.0
52.0262
-1.0
-1.0
-1.0
-1.0
-1.0
-1.0
-1.0
-1.0
30.5886
-1.0
-1.0
-1.0
-1.0
-1.0
44.1301
-1.0
-1.0
-1.0
-1.0
38.7221
-1.0
-1.0
-1.0
-1.0
-1.0
19.587
-1.0
-1.0
-1.0
-1.0
-1.0
51.3663
47.9865
-1.0
49.7845
-1.0
-1.0
-1.0
-1.0
-1.0
-1.0
-1.0
37.3485
-1.0
-1.0
-1.0
-1.0
-1.0
-1.0
-1.0
46.5047
46.2454
-1.0
-1.0
-1.0
-1.0
-1.0
45.9621
-1.0
-1.0
-1.0
-1.0
-1.0
-1.0
-1.0
-1.0
-1.0
33.7798
44.6008
-1.0
-1.0
-1.0
-1.0
-1.0
-1.0
-1.0
46.1391
-1.0
-1.0
-1.0
48.9135
-1.0
-1.0
-1.0
-1.0
44.0337
-1.0
-1.0
-1.0
-1.0
-1.0
-1.0
-1.0
-1.0
-1.0
-1.0
-1.0
-1.0
-1.0
-1.0
-1.0
-1.0
-1.0
-1.0
36.6044
21.2734
-1.0
-1.0
40.2413
-1.0
37.8935
-1.0
-1.0
-1.0
-1.0
33.9601
-1.0
-1.0
-1.0
25.0514
-1.0
-1.0
-1.0
-1.0
-1.0
-1.0
-1.0
-1.0
-1.0
-1.0
-1.0
-1.0
-1.0
-1.0
-1.0
-1.0
44.7033
-1.0
48.4028
-1.0
-1.0
-1.0
-1.0
14.1785
-1.0
45.2948
30.2888
50.3033
-1.0
-1.0
32.2797
-1.0
44.069
-1.0
-1.0
-1.0
-1.0
-1.0
-1.0
-1.0
-1.0
-1.0
-1.0
-1.0
-1.0
-1.0
-1.0
-1.0
34.8477
-1.0
-1.0
-1.0
-1.0
-1.0
-1.0
11.463
-1.0
-1.0
-1.0
-1.0
32.9955
-1.0
-1.0
-1.0
-1.0
-1.0
-1.0
-1.0
-1.0
-1.0
-1.0
-1.0
-1.0
-1.0
-1.0
-1.0
-1.0
-1.0
36.3126
-1.0
-1.0
18.5547
28.1547
33.4594
-1.0
-1.0
-1.0
-1.0
-1.0
-1.0
-1.0
35.6342
-1.0
-1.0
-1.0
20.4094
51.1383
10.2695
-1.0
-1.0
-1.0
-1.0
-1.0
-1.0
38.3565
-1.0
-1.0
-1.0
-1.0
24.172
-1.0
-1.0
42.9168
-1.0
-1.0
-1.0
-1.0
-1.0
44.6839
-1.0
-1.0
-1.0
-1.0
-1.0
-1.0
-1.0
-1.0
-1.0
-1.0
-1.0
-1.0
-1.0
-1.0
-1.0
-1.0
-1.0
-1.0
-1.0
20.4248
-1.0
-1.0
-1.0
-1.0
-1.0
-1.0
-1.0
-1.0
-1.0
-1.0
-1.0
-1.0
-1.0
-1.0
-1.0
-1.0
-1.0
38.2656
24.6101
-1.0
-1.0
-1.0
-1.0
-1.0
-1.0
-1.0
33.4966
-1.0
-1.0
47.4352
-1.0
-1.0
-1.0
-1.0
-1.0
-1.0
-1.0
-1.0
-1.0
-1.0
-1.0
-1.0
-1.0
-1.0
36.8249
-1.0
-1.0
-1.0
-1.0
40.0139
-1.0
37.2309
-1.0
-1.0
43.9261
-1.0
48.2672
45.5041
-1.0
-1.0
-1.0
41.6588
-1.0
41.3795
-1.0
-1.0
-1.0
-1.0
-1.0
-1.0
24.3831
40.5365
47.6385
-1.0
8.34875
-1.0
-1.0
-1.0
27.391
-1.0
-1.0
20.2675
22.4453
-1.0
-1.0
-1.0
-1.0
28.7424
-1.0
-1.0
-1.0
33.3916
45.673
-1.0
13.5593
-1.0
11.4494
-1.0
8.13309
-1.0
-1.0
-1.0
-1.0
-1.0
-1.0
49.0192
-1.0
-1.0
-1.0
7.07209
-1.0
-1.0
-1.0
-1.0
-1.0
-1.0
-1.0
42.0892
11.3308
-1.0
-1.0
-1.0
-1.0
-1.0
-1.0
-1.0
48.1678
-1.0
-1.0
-1.0
-1.0
46.5759
-1.0
-1.0
-1.0
-1.0
-1.0
-1.0
-1.0
-1.0
-1.0
-1.0
-1.0
41.6771
-1.0
-1.0
-1.0
-1.0
-1.0
-1.0
-1.0
-1.0
-1.0
-1.0
-1.0
37.6949
-1.0
-1.0
-1.0
-1.0
-1.0
-1.0
-1.0
-1.0
-1.0
-1.0
-1.0
45.7475
-1.0
-1.0
-1.0
38.5885
37.7592
-1.0
-1.0
33.5642
37.4336
-1.0
-1.0
5.20409
-1.0
-1.0
-1.0
46.0047
-1.0
22.4268
-1.0
-1.0
-1.0
-1.0
-1.0
-1.0
-1.0
-1.0
-1.0
-1.0
-1.0
-1.0
-1.0
-1.0
-1.0
-1.0
-1.0
-1.0
-1.0
-1.0
-1.0
-1.0
28.5923
39.6496
-1.0
-1.0
26.1428
30.0955
-1.0
-1.0
-1.0
39.9161
-1.0
-1.0
-1.0
-1.0
-1.0
-1.0
-1.0
-1.0
-1.0
45.7673
41.5301
-1.0
46.3651
-1.0
26.049
-1.0
-1.0
-1.0
-1.0
-1.0
-1.0
-1.0
-1.0
40.0831
-1.0
15.3002
51.072
31.1569
-1.0
39.7251
29.789
43.6475
-1.0
-1.0
48.5949
-1.0
42.3836
-1.0
17.1678
-1.0
-1.0
21.2176
-1.0
-1.0
-1.0
-1.0
-1.0
-1.0
-1.0
-1.0
-1.0
-1.0
-1.0
-1.0
-1.0
30.5497
-1.0
37.2602
-1.0
-1.0
38.1691
-1.0
52.4585
-1.0
-1.0
-1.0
51.4758
-1.0
-1.0
51.8335
-1.0
-1.0
-1.0
-1.0
-1.0
-1.0
-1.0
-1.0
-1.0
17.8236
-1.0
-1.0
-1.0
-1.0
-1.0
38.121
14.1998
-1.0
-1.0
-1.0
-1.0
-1.0
-1.0
-1.0
-1.0
-1.0
-1.0
-1.0
-1.0
-1.0
-1.0
-1.0
-1.0
-1.0
-1.0
-1.0
-1.0
-1.0
-1.0
-1.0
47.9316
-1.0
-1.0
-1.0
37.2074
-1.0
45.7454
-1.0
-1.0
39.721
45.7294
-1.0
48.3014
38.3871
-1.0
42.6254
-1.0
27.906
-1.0
-1.0
-1.0
-1.0
-1.0
-1.0
14.1672
54.7771
-1.0
-1.0
-1.0
25.6402
-1.0
-1.0
48.9072
47.4186
-1.0
-1.0
-1.0
-1.0
42.382
-1.0
-1.0
-1.0
-1.0
-1.0
-1.0
-1.0
-1.0
32.9272
-1.0
-1.0
-1.0
-1.0
49.5359
-1.0
42.582
-1.0
-1.0
-1.0
-1.0
-1.0
-1.0
-1.0
-1.0
-1.0
-1.0
-1.0
-1.0
-1.0
-1.0
-1.0
-1.0
-1.0
-1.0
-1.0
22.6815
-1.0
-1.0
-1.0
-1.0
-1.0
-1.0
36.3008
-1.0
-1.0
-1.0
-1.0
44.3431
-1.0
-1.0
-1.0
38.5254
-1.0
33.9756
-1.0
-1.0
-1.0
-1.0
-1.0
-1.0
-1.0
-1.0
-1.0
-1.0
-1.0
-1.0
-1.0
-1.0
-1.0
49.9125
-1.0
39.8854
-1.0
37.5952
38.7531
-1.0
-1.0
24.3788
46.3412
-1.0
-1.0
-1.0
-1.0
-1.0
-1.0
-1.0
-1.0
-1.0
-1.0
-1.0
-1.0
51.3272
-1.0
-1.0
-1.0
-1.0
33.527
-1.0
41.9253
-1.0
-1.0
-1.0
11.4775
49.8996
-1.0
-1.0
39.7051
-1.0
-1.0
45.6615
-1.0
-1.0
-1.0
-1.0
15.755
-1.0
-1.0
-1.0
35.3025
-1.0
38.638
-1.0
23.9876
-1.0
-1.0
33.6539
36.4692
-1.0
-1.0
-1.0
-1.0
-1.0
-1.0
27.7595
49.2313
29.1403
-1.0
-1.0
12.7226
-1.0
-1.0
-1.0
-1.0
-1.0
-1.0
-1.0
-1.0
-1.0
-1.0
-1.0
-1.0
-1.0
-1.0
-1.0
23.1858
-1.0
-1.0
-1.0
-1.0
-1.0
25.201
-1.0
-1.0
-1.0
10.0327
-1.0
-1.0
-1.0
-1.0
-1.0
-1.0
32.6315
-1.0
-1.0
-1.0
32.1322
48.8339
-1.0
42.1573
-1.0
-1.0
-1.0
-1.0
-1.0
-1.0
34.6729
52.2509
-1.0
38.8906
-1.0
-1.0
30.8038
42.6198
-1.0
-1.0
-1.0
-1.0
-1.0
-1.0
33.3544
30.7645
-1.0
-1.0
-1.0
-1.0
-1.0
51.9017
-1.0
-1.0
49.3457
-1.0
41.1141
-1.0
-1.0
-1.0
-1.0
-1.0
-1.0
-1.0
-1.0
-1.0
-1.0
-1.0
-1.0
25.2503
-1.0
-1.0
-1.0
-1.0
23.3232
-1.0
29.9418
-1.0
-1.0
-1.0
-1.0
-1.0
-1.0
-1.0
-1.0
-1.0
36.382
42.4317
-1.0
-1.0
-1.0
-1.0
44.6763
50.2682
-1.0
-1.0
-1.0
30.4058
-1.0
-1.0
16.1084
-1.0
-1.0
-1.0
38.674
-1.0
-1.0
-1.0
-1.0
-1.0
-1.0
29.5154
48.0505
-1.0
-1.0
-1.0
-1.0
-1.0
-1.0
-1.0
10.6045
-1.0
46.6404
-1.0
-1.0
-1.0
-1.0
-1.0
-1.0
-1.0
-1.0
-1.0
22.2666
-1.0
-1.0
-1.0
-1.0
-1.0
-1.0
-1.0
-1.0
-1.0
43.3834
-1.0
22.0122
-1.0
-1.0
-1.0
-1.0
-1.0
36.801
-1.0
-1.0
43.0352
-1.0
-1.0
24.3952
17.2794
-1.0
-1.0
-1.0
-1.0
26.71
-1.0
46.9411
-1.0
-1.0
-1.0
-1.0
-1.0
-1.0
-1.0
-1.0
-1.0
38.153
26.3381
47.8069
-1.0
-1.0
-1.0
-1.0
-1.0
-1.0
19.5821
-1.0
41.0608
-1.0
47.2295
10.8792
-1.0
-1.0
-1.0
-1.0
-1.0
-1.0
-1.0
-1.0
14.4075
-1.0
-1.0
-1.0
-1.0
-1.0
49.7031
-1.0
-1.0
-1.0
-1.0
-1.0
-1.0
-1.0
39.5265
-1.0
-1.0
-1.0
-1.0
-1.0
-1.0
-1.0
-1.0
-1.0
-1.0
-1.0
43.3659
-1.0
-1.0
-1.0
29.0486
-1.0
-1.0
-1.0
-1.0
-1.0
-1.0
34.095
9.28326
-1.0
15.571
-1.0
-1.0
-1.0
-1.0
-1.0
20.9757
-1.0
13.6272
-1.0
-1.0
-1.0
-1.0
-1.0
-1.0
-1.0
-1.0
43.6355
-1.0
-1.0
-1.0
-1.0
-1.0
32.0882
-1.0
-1.0
13.1102
-1.0
-1.0
-1.0
28.4812
-1.0
43.498
46.3422
35.5868
-1.0
-1.0
32.1513
-1.0
-1.0
-1.0
50.7394
-1.0
39.7011
44.1541
-1.0
-1.0
47.3779
-1.0
-1.0
-1.0
-1.0
30.8104
-1.0
-1.0
-1.0
-1.0
-1.0
-1.0
-1.0
27.814
51.247
-1.0
40.6775
25.6044
-1.0
-1.0
-1.0
-1.0
-1.0
-1.0
37.9625
-1.0
29.8265
-1.0
-1.0
-1.0
23.0221
-1.0
-1.0
-1.0
-1.0
-1.0
44.3835
-1.0
-1.0
-1.0
-1.0
46.3126
-1.0
-1.0
-1.0
22.8506
49.6251
-1.0
-1.0
-1.0
-1.0
25.3156
-1.0
34.7523
-1.0
-1.0
-1.0
-1.0
-1.0
-1.0
-1.0
-1.0
-1.0
-1.0
-1.0
-1.0
-1.0
-1.0
-1.0
-1.0
49.305
50.8609
-1.0
50.5689
-1.0
-1.0
45.6997
-1.0
-1.0
-1.0
-1.0
22.6581
-1.0
41.2624
-1.0
-1.0
-1.0
-1.0
-1.0
28.9998
-1.0
-1.0
41.4166
-1.0
37.8363
-1.0
-1.0
-1.0
-1.0
50.0744
14.8084
-1.0
-1.0
37.6631
-1.0
-1.0
-1.0
-1.0
-1.0
-1.0
48.676
-1.0
-1.0
31.2645
44.4219
-1.0
47.8889
-1.0
47.984
22.9888
-1.0
-1.0
-1.0
-1.0
-1.0
-1.0
22.2292
-1.0
-1.0
-1.0
-1.0
-1.0
-1.0
-1.0
-1.0
-1.0
-1.0
-1.0
-1.0
-1.0
-1.0
45.1493
-1.0
-1.0
-1.0
-1.0
-1.0
-1.0
30.1648
-1.0
-1.0
-1.0
-1.0
-1.0
-1.0
-1.0
31.1941
-1.0
-1.0
-1.0
-1.0
-1.0
39.9788
27.7013
-1.0
-1.0
-1.0
-1.0
-1.0
-1.0
-1.0
-1.0
-1.0
-1.0
-1.0
-1.0
-1.0
-1.0
-1.0
-1.0
-1.0
-1.0
49.3631
18.7364
34.9466
-1.0
-1.0
-1.0
45.2917
-1.0
-1.0
44.8642
-1.0
-1.0
44.2431
-1.0
-1.0
-1.0
-1.0
-1.0
-1.0
-1.0
37.9054
39.277
-1.0
-1.0
-1.0
-1.0
-1.0
-1.0
-1.0
-1.0
-1.0
-1.0
-1.0
46.4182
34.0498
-1.0
-1.0
-1.0
-1.0
-1.0
-1.0
-1.0
-1.0
-1.0
37.2458
-1.0
44.4469
-1.0
-1.0
-1.0
-1.0
43.4731
-1.0
-1.0
-1.0
-1.0
-1.0
36.8487
31.5724
-1.0
-1.0
32.4451
-1.0
15.1447
-1.0
-1.0
-1.0
34.1671
-1.0
39.79
-1.0
-1.0
-1.0
-1.0
51.1902
-1.0
-1.0
-1.0
-1.0
-1.0
22.2404
-1.0
46.7884
-1.0
-1.0
-1.0
-1.0
-1.0
-1.0
-1.0
-1.0
-1.0
-1.0
-1.0
-1.0
-1.0
17.2655
-1.0
-1.0
-1.0
-1.0
-1.0
-1.0
29.7935
32.8139
-1.0
-1.0
-1.0
-1.0
27.3921
40.5241
16.7819
-1.0
-1.0
-1.0
-1.0
36.6694
-1.0
-1.0
-1.0
-1.0
-1.0
37.3979
43.543
-1.0
-1.0
-1.0
-1.0
-1.0
50.3864
-1.0
-1.0
-1.0
-1.0
-1.0
-1.0
-1.0
-1.0
-1.0
-1.0
40.9925
-1.0
-1.0
-1.0
41.2614
-1.0
51.9361
-1.0
-1.0
-1.0
-1.0
34.7814
41.5476
42.594
-1.0
17.6641
-1.0
24.0744
-1.0
-1.0
30.8389
-1.0
-1.0
25.5354
-1.0
-1.0
-1.0
-1.0
-1.0
-1.0
-1.0
-1.0
-1.0
39.2198
-1.0
-1.0
-1.0
-1.0
-1.0
-1.0
-1.0
50.196
-1.0
-1.0
-1.0
-1.0
-1.0
-1.0
-1.0
-1.0
26.8477
-1.0
-1.0
-1.0
27.4433
-1.0
39.6081
-1.0
-1.0
-1.0
20.9889
-1.0
-1.0
-1.0
-1.0
45.6724
-1.0
-1.0
-1.0
-1.0
27.7581
42.8898
-1.0
46.0517
-1.0
-1.0
-1.0
-1.0
-1.0
-1.0
51.1843
-1.0
-1.0
25.4606
-1.0
-1.0
-1.0
-1.0
-1.0
-1.0
-1.0
-1.0
-1.0
-1.0
-1.0
-1.0
38.6082
-1.0
-1.0
-1.0
-1.0
40.6529
-1.0
44.0761
-1.0
-1.0
-1.0
-1.0
-1.0
-1.0
-1.0
-1.0
-1.0
-1.0
-1.0
-1.0
-1.0
-1.0
-1.0
-1.0
-1.0
-1.0
45.0171
-1.0
43.3687
-1.0
-1.0
47.3246
-1.0
-1.0
-1.0
-1.0
-1.0
-1.0
19.994
43.7972
29.0049
31.4937
-1.0
-1.0
-1.0
-1.0
9.47348
-1.0
-1.0
-1.0
-1.0
-1.0
-1.0
-1.0
-1.0
-1.0
-1.0
32.3847
-1.0
-1.0
44.3168
-1.0
-1.0
-1.0
-1.0
-1.0
8.35099
46.1423
38.7376
-1.0
-1.0
-1.0
-1.0
-1.0
31.3771
-1.0
-1.0
32.6235
-1.0
-1.0
-1.0
-1.0
-1.0
-1.0
-1.0
-1.0
-1.0
-1.0
-1.0
-1.0
-1.0
-1.0
-1.0
-1.0
-1.0
-1.0
-1.0
47.0813
-1.0
40.0621
-1.0
37.3851
31.3319
-1.0
32.4423
-1.0
-1.0
-1.0
-1.0
-1.0
-1.0
-1.0
9.54501
-1.0
-1.0
-1.0
26.3311
49.7393
-1.0
-1.0
-1.0
-1.0
32.7811
-1.0
18.357
-1.0
-1.0
-1.0
-1.0
51.331
-1.0
-1.0
39.8293
-1.0
-1.0
32.6558
-1.0
-1.0
-1.0
29.8449
-1.0
23.3164
-1.0
-1.0
-1.0
-1.0
36.1822
-1.0
-1.0
-1.0
-1.0
-1.0
-1.0
34.5868
-1.0
-1.0
-1.0
-1.0
-1.0
-1.0
-1.0
-1.0
-1.0
-1.0
-1.0
-1.0
-1.0
-1.0
31.4714
-1.0
43.578
-1.0
-1.0
-1.0
-1.0
-1.0
-1.0
-1.0
-1.0
-1.0
-1.0
25.3073
-1.0
-1.0
-1.0
-1.0
-1.0
-1.0
33.2132
-1.0
-1.0
48.4431
44.2987
-1.0
-1.0
-1.0
-1.0
30.7001
-1.0
-1.0
-1.0
-1.0
30.6578
-1.0
-1.0
-1.0
51.1251
-1.0
19.6672
-1.0
37.8173
28.4652
-1.0
33.7151
-1.0
-1.0
-1.0
44.5851
-1.0
-1.0
23.0214
-1.0
-1.0
48.919
-1.0
-1.0
-1.0
-1.0
-1.0
-1.0
35.4386
-1.0
11.8918
-1.0
-1.0
-1.0
47.2612
9.73696
-1.0
-1.0
45.9384
5.11813
-1.0
-1.0
-1.0
-1.0
-1.0
19.7944
-1.0
-1.0
28.4026
-1.0
-1.0
-1.0
-1.0
-1.0
27.2698
-1.0
-1.0
55.2923
-1.0
-1.0
-1.0
-1.0
46.6457
44.6933
-1.0
-1.0
-1.0
-1.0
46.5416
-1.0
-1.0
21.5668
-1.0
-1.0
-1.0
-1.0
-1.0
-1.0
-1.0
-1.0
-1.0
-1.0
-1.0
-1.0
39.4255
-1.0
21.3547
42.9639
-1.0
-1.0
-1.0
-1.0
-1.0
42.4044
-1.0
44.7756
-1.0
-1.0
-1.0
-1.0
-1.0
-1.0
-1.0
-1.0
25.5646
-1.0
38.9911
-1.0
-1.0
23.8227
-1.0
-1.0
-1.0
-1.0
-1.0
-1.0
-1.0
-1.0
-1.0
31.7698
-1.0
-1.0
-1.0
-1.0
-1.0
-1.0
43.5434
-1.0
-1.0
-1.0
8.94078
-1.0
-1.0
-1.0
-1.0
-1.0
-1.0
-1.0
-1.0
42.4025
-1.0
-1.0
-1.0
39.7013
-1.0
-1.0
-1.0
-1.0
-1.0
39.5672
-1.0
-1.0
-1.0
-1.0
-1.0
40.5494
-1.0
-1.0
43.5322
-1.0
-1.0
-1.0
-1.0
-1.0
-1.0
-1.0
38.224
-1.0
-1.0
50.2579
-1.0
-1.0
-1.0
-1.0
-1.0
44.1769
-1.0
-1.0
-1.0
-1.0
-1.0
-1.0
-1.0
45.7887
-1.0
-1.0
-1.0
-1.0
-1.0
-1.0
-1.0
-1.0
-1.0
20.767
-1.0
-1.0
42.0879
-1.0
-1.0
-1.0
-1.0
-1.0
50.9714
30.487
-1.0
34.4272
-1.0
-1.0
-1.0
-1.0
-1.0
-1.0
-1.0
-1.0
-1.0
-1.0
-1.0
-1.0
-1.0
-1.0
-1.0
48.2838
-1.0
-1.0
-1.0
-1.0
-1.0
50.5899
-1.0
-1.0
-1.0
-1.0
-1.0
-1.0
-1.0
-1.0
-1.0
-1.0
-1.0
-1.0
-1.0
42.5937
-1.0
34.6906
16.8658
-1.0
-1.0
-1.0
42.0874
-1.0
39.6739
-1.0
-1.0
-1.0
-1.0
-1.0
48.2287
-1.0
-1.0
-1.0
-1.0
-1.0
-1.0
-1.0
-1.0
-1.0
-1.0
45.2349
-1.0
-1.0
34.1872
-1.0
-1.0
-1.0
-1.0
-1.0
-1.0
-1.0
-1.0
-1.0
-1.0
-1.0
23.5866
-1.0
-1.0
-1.0
-1.0
-1.0
-1.0
-1.0
-1.0
26.9226
-1.0
-1.0
39.1488
-1.0
-1.0
-1.0
-1.0
-1.0
50.0637
-1.0
-1.0
-1.0
-1.0
-1.0
-1.0
-1.0
-1.0
39.9649
-1.0
-1.0
39.7147
-1.0
-1.0
37.9026
-1.0
35.5873
-1.0
-1.0
12.6495
-1.0
-1.0
-1.0
-1.0
-1.0
-1.0
-1.0
-1.0
48.9475
46.6374
-1.0
-1.0
-1.0
21.7085
-1.0
-1.0
-1.0
-1.0
-1.0
-1.0
37.9057
-1.0
54.3592
-1.0
-1.0
-1.0
-1.0
-1.0
29.7735
-1.0
-1.0
31.3244
-1.0
-1.0
-1.0
-1.0
-1.0
-1.0
27.0676
-1.0
-1.0
-1.0
-1.0
43.4921
52.107
-1.0
-1.0
-1.0
-1.0
-1.0
-1.0
34.222
45.8129
-1.0
-1.0
32.2491
44.4054
-1.0
-1.0
-1.0
13.7981
-1.0
-1.0
-1.0
-1.0
20.4073
-1.0
-1.0
32.4886
-1.0
-1.0
-1.0
-1.0
-1.0
-1.0
-1.0
-1.0
36.1083
-1.0
-1.0
-1.0
-1.0
-1.0
-1.0
-1.0
-1.0
-1.0
-1.0
39.4231
50.1478
-1.0
-1.0
15.3277
-1.0
-1.0
43.3664
35.1169
-1.0
-1.0
-1.0
-1.0
-1.0
38.7004
-1.0
-1.0
-1.0
-1.0
-1.0
-1.0
-1.0
35.4129
41.1582
-1.0
-1.0
-1.0
-1.0
-1.0
-1.0
-1.0
44.1179
-1.0
-1.0
32.9195
-1.0
-1.0
-1.0
-1.0
-1.0
-1.0
-1.0
-1.0
-1.0
-1.0
51.1417
47.1157
-1.0
51.2916
-1.0
-1.0
42.8517
-1.0
17.2406
-1.0
31.0121
-1.0
-1.0
-1.0
-1.0
-1.0
-1.0
-1.0
-1.0
-1.0
-1.0
-1.0
-1.0
-1.0
49.5894
-1.0
43.484
46.0645
34.9953
-1.0
-1.0
-1.0
-1.0
-1.0
-1.0
50.6414
-1.0
-1.0
-1.0
48.8585
-1.0
46.9338
-1.0
-1.0
-1.0
-1.0
34.6162
41.5232
-1.0
-1.0
38.6658
22.0523
-1.0
-1.0
-1.0
41.7434
-1.0
-1.0
-1.0
35.0978
-1.0
-1.0
-1.0
-1.0
51.777
51.8301
-1.0
41.1445
-1.0
-1.0
32.9554
-1.0
-1.0
-1.0
-1.0
-1.0
-1.0
30.2585
-1.0
-1.0
-1.0
-1.0
-1.0
40.1314
32.409
-1.0
-1.0
-1.0
-1.0
-1.0
-1.0
-1.0
-1.0
-1.0
-1.0
-1.0
-1.0
-1.0
-1.0
-1.0
35.0115
-1.0
-1.0
-1.0
-1.0
-1.0
17.1926
-1.0
-1.0
-1.0
-1.0
35.5063
-1.0
-1.0
-1.0
-1.0
-1.0
-1.0
-1.0
-1.0
46.0466
-1.0
-1.0
49.0572
-1.0
-1.0
-1.0
-1.0
-1.0
-1.0
-1.0
-1.0
-1.0
-1.0
-1.0
45.2263
-1.0
-1.0
-1.0
47.8647
38.6842
51.8382
-1.0
-1.0
31.761
30.1992
-1.0
-1.0
31.8817
-1.0
-1.0
-1.0
23.7327
22.3662
-1.0
-1.0
-1.0
-1.0
-1.0
-1.0
-1.0
-1.0
-1.0
-1.0
-1.0
-1.0
-1.0
-1.0
-1.0
-1.0
-1.0
-1.0
-1.0
-1.0
-1.0
-1.0
-1.0
-1.0
-1.0
-1.0
-1.0
-1.0
47.2467
41.4956
20.2084
-1.0
-1.0
46.5943
-1.0
-1.0
-1.0
-1.0
25.8137
50.9879
-1.0
-1.0
43.6453
35.0091
41.5186
-1.0
35.0063
-1.0
-1.0
-1.0
-1.0
-1.0
-1.0
44.2202
-1.0
-1.0
44.397
-1.0
-1.0
-1.0
-1.0
-1.0
-1.0
48.2329
-1.0
-1.0
-1.0
-1.0
-1.0
-1.0
-1.0
-1.0
-1.0
-1.0
-1.0
-1.0
-1.0
-1.0
-1.0
-1.0
-1.0
36.4746
45.8672
-1.0
-1.0
-1.0
20.8124
33.2835
-1.0
22.5556
-1.0
30.9712
-1.0
-1.0
-1.0
-1.0
-1.0
-1.0
-1.0
-1.0
-1.0
42.2241
-1.0
-1.0
42.6395
-1.0
-1.0
-1.0
-1.0
-1.0
48.2701
30.223
-1.0
-1.0
-1.0
-1.0
-1.0
-1.0
-1.0
-1.0
41.1102
-1.0
50.6528
-1.0
-1.0
-1.0
-1.0
-1.0
37.1864
-1.0
-1.0
-1.0
34.4989
27.6266
45.2826
-1.0
-1.0
-1.0
-1.0
-1.0
-1.0
-1.0
-1.0
-1.0
-1.0
41.9782
-1.0
-1.0
39.1651
-1.0
-1.0
-1.0
-1.0
-1.0
42.1346
-1.0
-1.0
6.93512
-1.0
-1.0
-1.0
-1.0
-1.0
-1.0
-1.0
-1.0
-1.0
-1.0
-1.0
46.0339
-1.0
-1.0
-1.0
-1.0
-1.0
-1.0
-1.0
34.391
27.0571
-1.0
-1.0
-1.0
-1.0
-1.0
-1.0
49.9527
-1.0
-1.0
-1.0
44.7237
-1.0
-1.0
-1.0
-1.0
-1.0
-1.0
-1.0
47.1697
-1.0
-1.0
-1.0
35.1003
23.713
-1.0
-1.0
-1.0
-1.0
-1.0
-1.0
51.1412
-1.0
-1.0
-1.0
38.415
-1.0
-1.0
46.4548
-1.0
-1.0
-1.0
-1.0
-1.0
45.097
56.6252
-1.0
25.9222
-1.0
-1.0
-1.0
-1.0
-1.0
-1.0
-1.0
-1.0
-1.0
43.3469
-1.0
-1.0
-1.0
-1.0
-1.0
-1.0
-1.0
21.8261
-1.0
-1.0
46.8931
-1.0
-1.0
-1.0
-1.0
25.9359
-1.0
-1.0
-1.0
-1.0
-1.0
-1.0
-1.0
35.0761
-1.0
-1.0
47.9657
-1.0
-1.0
-1.0
-1.0
-1.0
-1.0
-1.0
-1.0
-1.0
-1.0
-1.0
-1.0
-1.0
-1.0
-1.0
-1.0
-1.0
-1.0
-1.0
33.8499
-1.0
-1.0
-1.0
-1.0
-1.0
-1.0
-1.0
18.6431
-1.0
-1.0
-1.0
-1.0
-1.0
-1.0
-1.0
-1.0
47.5781
-1.0
-1.0
-1.0
-1.0
32.1358
-1.0
-1.0
-1.0
-1.0
9.9964
-1.0
-1.0
-1.0
-1.0
18.2104
37.3613
-1.0
-1.0
36.2935
-1.0
-1.0
-1.0
-1.0
54.1423
-1.0
46.3303
41.6862
-1.0
-1.0
46.1546
46.0861
-1.0
-1.0
38.3753
-1.0
-1.0
-1.0
-1.0
-1.0
-1.0
42.4527
-1.0
45.6333
-1.0
-1.0
-1.0
-1.0
-1.0
-1.0
-1.0
-1.0
-1.0
-1.0
-1.0
43.6811
-1.0
-1.0
42.8316
-1.0
-1.0
-1.0
-1.0
-1.0
-1.0
-1.0
-1.0
-1.0
31.7243
-1.0
-1.0
-1.0
-1.0
-1.0
-1.0
-1.0
-1.0
-1.0
-1.0
39.5369
-1.0
-1.0
-1.0
35.0033
-1.0
-1.0
46.5486
-1.0
50.5326
-1.0
-1.0
22.9663
35.5118
-1.0
-1.0
-1.0
-1.0
-1.0
-1.0
-1.0
-1.0
-1.0
-1.0
-1.0
-1.0
46.8708
-1.0
-1.0
-1.0
-1.0
-1.0
-1.0
-1.0
-1.0
-1.0
-1.0
-1.0
-1.0
-1.0
-1.0
-1.0
-1.0
-1.0
-1.0
-1.0
-1.0
-1.0
-1.0
-1.0
-1.0
-1.0
-1.0
-1.0
-1.0
47.4004
-1.0
-1.0
-1.0
27.4708
-1.0
-1.0
-1.0
-1.0
-1.0
38.9904
41.0174
-1.0
27.4277
-1.0
-1.0
-1.0
46.6104
-1.0
19.8167
-1.0
51.0294
-1.0
-1.0
-1.0
-1.0
-1.0
-1.0
-1.0
-1.0
-1.0
-1.0
46.2081
-1.0
-1.0
-1.0
-1.0
-1.0
43.592
-1.0
-1.0
30.8416
-1.0
42.1815
-1.0
-1.0
29.7628
-1.0
-1.0
-1.0
44.9544
-1.0
-1.0
-1.0
-1.0
-1.0
-1.0
-1.0
-1.0
-1.0
-1.0
-1.0
-1.0
-1.0
-1.0
50.8775
-1.0
-1.0
-1.0
-1.0
-1.0
31.7123
-1.0
24.7871
-1.0
-1.0
41.115
-1.0
-1.0
-1.0
-1.0
-1.0
39.9194
-1.0
-1.0
-1.0
-1.0
44.0363
-1.0
-1.0
-1.0
-1.0
-1.0
45.5356
-1.0
-1.0
-1.0
-1.0
-1.0
-1.0
-1.0
30.0616
-1.0
-1.0
10.9158
-1.0
49.7795
-1.0
-1.0
-1.0
-1.0
-1.0
-1.0
-1.0
-1.0
-1.0
-1.0
-1.0
16.8177
-1.0
-1.0
-1.0
-1.0
35.0986
-1.0
14.4682
36.0181
-1.0
41.666
-1.0
-1.0
-1.0
-1.0
-1.0
26.6919
40.2222
32.2193
-1.0
-1.0
-1.0
-1.0
-1.0
-1.0
-1.0
-1.0
-1.0
-1.0
-1.0
-1.0
-1.0
-1.0
45.5995
-1.0
-1.0
-1.0
42.3492
-1.0
-1.0
-1.0
-1.0
-1.0
19.3556
-1.0
-1.0
-1.0
18.1688
-1.0
-1.0
36.0317
-1.0
-1.0
-1.0
-1.0
-1.0
-1.0
-1.0
-1.0
-1.0
-1.0
49.2252
-1.0
-1.0
-1.0
17.9879
48.1672
51.8404
-1.0
-1.0
39.1212
-1.0
43.6611
-1.0
-1.0
-1.0
40.2038
-1.0
-1.0
-1.0
-1.0
-1.0
-1.0
-1.0
-1.0
-1.0
-1.0
-1.0
19.3768
34.4688
-1.0
-1.0
18.6878
-1.0
-1.0
-1.0
45.777
-1.0
-1.0
-1.0
-1.0
23.6677
-1.0
-1.0
-1.0
-1.0
-1.0
54.1512
-1.0
-1.0
-1.0
-1.0
39.6507
51.8983
45.3404
-1.0
43.2671
-1.0
-1.0
-1.0
-1.0
-1.0
-1.0
-1.0
-1.0
-1.0
-1.0
-1.0
-1.0
13.208
-1.0
-1.0
-1.0
-1.0
-1.0
-1.0
-1.0
-1.0
45.6227
-1.0
-1.0
-1.0
23.4453
-1.0
29.4113
42.6374
-1.0
-1.0
-1.0
-1.0
-1.0
-1.0
-1.0
-1.0
-1.0
-1.0
43.2987
-1.0
-1.0
-1.0
-1.0
-1.0
-1.0
-1.0
-1.0
-1.0
-1.0
-1.0
-1.0
-1.0
-1.0
24.386
30.9953
-1.0
-1.0
-1.0
-1.0
38.6451
-1.0
-1.0
-1.0
-1.0
-1.0
48.4414
-1.0
-1.0
52.2984
29.6388
-1.0
-1.0
-1.0
48.1289
-1.0
-1.0
-1.0
-1.0
-1.0
-1.0
46.9889
-1.0
-1.0
50.4865
-1.0
-1.0
-1.0
-1.0
-1.0
-1.0
46.1326
-1.0
17.3708
42.9618
41.9921
-1.0
-1.0
-1.0
-1.0
-1.0
-1.0
-1.0
45.9436
-1.0
-1.0
-1.0
-1.0
23.3339
-1.0
-1.0
-1.0
-1.0
-1.0
-1.0
-1.0
-1.0
-1.0
-1.0
-1.0
-1.0
-1.0
42.395
-1.0
25.1028
-1.0
-1.0
-1.0
-1.0
-1.0
-1.0
-1.0
-1.0
-1.0
-1.0
46.9518
-1.0
-1.0
-1.0
32.0876
40.8938
-1.0
-1.0
-1.0
35.3838
-1.0
-1.0
-1.0
-1.0
29.5747
-1.0
-1.0
-1.0
-1.0
46.3155
-1.0
49.1519
-1.0
-1.0
-1.0
-1.0
-1.0
-1.0
-1.0
-1.0
49.4355
32.7534
-1.0
52.018
-1.0
33.1135
-1.0
46.016
-1.0
-1.0
48.0995
26.2647
23.5019
41.3536
44.4896
-1.0
-1.0
-1.0
-1.0
33.497
-1.0
43.6504
48.9134
-1.0
-1.0
36.171
-1.0
-1.0
-1.0
-1.0
-1.0
-1.0
-1.0
-1.0
-1.0
-1.0
-1.0
-1.0
-1.0
24.3121
-1.0
-1.0
23.2703
-1.0
-1.0
-1.0
-1.0
44.4524
-1.0
39.1183
-1.0
-1.0
-1.0
-1.0
-1.0
-1.0
-1.0
-1.0
-1.0
27.2196
-1.0
-1.0
-1.0
-1.0
-1.0
-1.0
31.8186
-1.0
-1.0
-1.0
46.0784
-1.0
-1.0
-1.0
13.7172
-1.0
-1.0
40.2149
-1.0
-1.0
51.1504
-1.0
-1.0
-1.0
-1.0
40.1281
-1.0
35.7947
-1.0
-1.0
24.2603
39.1736
-1.0
-1.0
47.6379
38.9756
-1.0
-1.0
-1.0
-1.0
-1.0
44.1319
39.4247
-1.0
-1.0
-1.0
-1.0
-1.0
19.1412
-1.0
-1.0
-1.0
-1.0
-1.0
-1.0
-1.0
22.22
-1.0
-1.0
-1.0
-1.0
-1.0
-1.0
-1.0
35.6965
-1.0
-1.0
-1.0
19.9715
52.1702
-1.0
-1.0
-1.0
-1.0
-1.0
-1.0
-1.0
-1.0
-1.0
13.4937
-1.0
50.5544
-1.0
-1.0
-1.0
-1.0
-1.0
-1.0
-1.0
-1.0
39.5693
43.326
-1.0
-1.0
-1.0
-1.0
-1.0
-1.0
37.0766
-1.0
-1.0
51.3165
-1.0
-1.0
-1.0
-1.0
-1.0
-1.0
24.1806
-1.0
49.5638
-1.0
49.9247
-1.0
-1.0
-1.0
-1.0
-1.0
-1.0
-1.0
34.1712
-1.0
-1.0
-1.0
43.6119
-1.0
22.4864
-1.0
-1.0
-1.0
46.3245
-1.0
-1.0
-1.0
41.1334
-1.0
-1.0
43.7691
48.9914
-1.0
43.8733
-1.0
-1.0
-1.0
-1.0
-1.0
-1.0
-1.0
-1.0
-1.0
-1.0
-1.0
-1.0
-1.0
-1.0
-1.0
-1.0
-1.0
-1.0
43.3548
-1.0
-1.0
-1.0
-1.0
41.6305
51.0711
-1.0
-1.0
43.1517
-1.0
32.9089
47.0938
48.5798
-1.0
-1.0
-1.0
-1.0
-1.0
-1.0
-1.0
-1.0
-1.0
-1.0
-1.0
-1.0
-1.0
29.8769
-1.0
-1.0
-1.0
-1.0
47.8607
-1.0
-1.0
-1.0
-1.0
-1.0
44.5593
-1.0
46.53
-1.0
-1.0
47.7103
-1.0
52.0501
-1.0
-1.0
-1.0
-1.0
13.4503
-1.0
24.9265
-1.0
-1.0
-1.0
-1.0
-1.0
34.8155
28.5613
-1.0
-1.0
40.3553
-1.0
39.8643
-1.0
-1.0
-1.0
-1.0
20.8265
23.7443
-1.0
30.9716
-1.0
-1.0
-1.0
22.3114
46.7393
-1.0
-1.0
-1.0
50.8612
31.1575
-1.0
-1.0
-1.0
-1.0
-1.0
-1.0
-1.0
-1.0
48.8996
-1.0
-1.0
-1.0
-1.0
-1.0
-1.0
49.3765
47.3767
-1.0
45.7733
44.5306
-1.0
-1.0
-1.0
-1.0
-1.0
-1.0
-1.0
-1.0
-1.0
-1.0
-1.0
-1.0
47.3193
-1.0
-1.0
-1.0
-1.0
-1.0
-1.0
31.9781
-1.0
43.0188
-1.0
40.1645
-1.0
-1.0
-1.0
-1.0
-1.0
-1.0
-1.0
-1.0
24.8597
-1.0
-1.0
-1.0
38.0806
-1.0
-1.0
-1.0
30.5007
40.2909
-1.0
-1.0
-1.0
50.66
-1.0
-1.0
-1.0
-1.0
-1.0
-1.0
-1.0
-1.0
-1.0
-1.0
-1.0
-1.0
17.0865
19.5706
-1.0
-1.0
-1.0
-1.0
-1.0
-1.0
-1.0
38.7737
-1.0
-1.0
-1.0
-1.0
-1.0
-1.0
-1.0
-1.0
-1.0
-1.0
34.0032
-1.0
-1.0
-1.0
-1.0
-1.0
26.093
-1.0
-1.0
-1.0
-1.0
-1.0
32.2516
-1.0
-1.0
36.8375
-1.0
-1.0
-1.0
-1.0
-1.0
-1.0
-1.0
-1.0
-1.0
50.626
-1.0
-1.0
-1.0
-1.0
-1.0
-1.0
-1.0
-1.0
-1.0
-1.0
-1.0
-1.0
30.5041
-1.0
-1.0
-1.0
-1.0
-1.0
46.8475
-1.0
-1.0
-1.0
-1.0
-1.0
-1.0
-1.0
48.2161
18.9701
-1.0
-1.0
-1.0
49.8311
-1.0
-1.0
-1.0
11.6725
-1.0
-1.0
-1.0
38.6813
-1.0
-1.0
-1.0
-1.0
-1.0
-1.0
28.1464
-1.0
-1.0
-1.0
-1.0
-1.0
37.0566
-1.0
39.8487
46.1228
20.7696
25.0762
-1.0
-1.0
36.7631
-1.0
-1.0
-1.0
-1.0
-1.0
27.9371
-1.0
-1.0
-1.0
-1.0
46.2432
24.3593
-1.0
-1.0
-1.0
41.615
-1.0
-1.0
-1.0
-1.0
-1.0
-1.0
-1.0
-1.0
-1.0
-1.0
-1.0
-1.0
-1.0
-1.0
-1.0
-1.0
-1.0
-1.0
-1.0
-1.0
-1.0
-1.0
-1.0
-1.0
-1.0
-1.0
48.3807
-1.0
51.7958
-1.0
-1.0
-1.0
-1.0
25.5435
-1.0
-1.0
-1.0
-1.0
-1.0
-1.0
-1.0
-1.0
-1.0
-1.0
-1.0
-1.0
-1.0
-1.0
43.1644
29.0717
47.9495
-1.0
-1.0
-1.0
-1.0
-1.0
-1.0
-1.0
41.0859
-1.0
51.3788
-1.0
-1.0
-1.0
-1.0
51.2231
-1.0
-1.0
-1.0
-1.0
-1.0
-1.0
-1.0
36.6287
-1.0
-1.0
-1.0
-1.0
-1.0
-1.0
-1.0
-1.0
-1.0
-1.0
-1.0
-1.0
31.5102
-1.0
42.898
7.00092
48.2759
-1.0
-1.0
-1.0
-1.0
-1.0
-1.0
-1.0
-1.0
-1.0
-1.0
-1.0
42.2742
-1.0
45.5969
-1.0
-1.0
-1.0
-1.0
29.1174
41.6844
-1.0
-1.0
-1.0
-1.0
-1.0
-1.0
-1.0
49.4537
51.6431
-1.0
-1.0
-1.0
44.5484
-1.0
35.2055
-1.0
-1.0
-1.0
-1.0
-1.0
-1.0
-1.0
36.5621
-1.0
-1.0
-1.0
-1.0
49.8404
-1.0
44.2007
-1.0
-1.0
-1.0
-1.0
-1.0
-1.0
-1.0
19.3256
-1.0
-1.0
-1.0
-1.0
-1.0
39.5294
-1.0
-1.0
-1.0
-1.0
-1.0
41.3963
-1.0
-1.0
-1.0
50.6021
-1.0
-1.0
-1.0
53.1889
-1.0
-1.0
-1.0
-1.0
-1.0
-1.0
-1.0
-1.0
-1.0
25.0959
-1.0
-1.0
43.1095
-1.0
51.5585
-1.0
-1.0
-1.0
-1.0
-1.0
-1.0
-1.0
-1.0
-1.0
-1.0
-1.0
-1.0
-1.0
-1.0
-1.0
35.3435
-1.0
-1.0
-1.0
43.2189
-1.0
45.5396
-1.0
-1.0
-1.0
-1.0
-1.0
43.7623
-1.0
-1.0
-1.0
-1.0
-1.0
51.6551
-1.0
13.1425
-1.0
-1.0
31.0947
23.9765
-1.0
-1.0
-1.0
46.4921
30.1224
29.3315
-1.0
18.7144
-1.0
-1.0
-1.0
-1.0
38.5255
-1.0
-1.0
-1.0
-1.0
-1.0
-1.0
-1.0
-1.0
26.0897
-1.0
-1.0
-1.0
-1.0
-1.0
-1.0
44.6252
43.4598
-1.0
-1.0
-1.0
-1.0
-1.0
-1.0
-1.0
-1.0
-1.0
-1.0
51.1659
43.3414
-1.0
-1.0
-1.0
30.6818
-1.0
-1.0
-1.0
-1.0
-1.0
-1.0
38.7198
-1.0
-1.0
-1.0
-1.0
-1.0
-1.0
-1.0
-1.0
-1.0
-1.0
20.5497
-1.0
-1.0
-1.0
-1.0
-1.0
-1.0
-1.0
-1.0
24.9619
-1.0
-1.0
-1.0
-1.0
-1.0
-1.0
-1.0
11.6548
-1.0
-1.0
35.4465
-1.0
29.1689
-1.0
-1.0
-1.0
-1.0
31.6029
-1.0
51.0876
-1.0
-1.0
-1.0
-1.0
-1.0
-1.0
40.3924
-1.0
-1.0
-1.0
46.759
-1.0
-1.0
21.9568
-1.0
-1.0
-1.0
-1.0
-1.0
-1.0
-1.0
-1.0
19.6717
-1.0
-1.0
-1.0
-1.0
-1.0
51.7876
26.2944
29.5
-1.0
-1.0
24.8763
-1.0
-1.0
-1.0
-1.0
28.1834
-1.0
46.2978
-1.0
-1.0
48.597
-1.0
-1.0
-1.0
-1.0
-1.0
-1.0
-1.0
31.3126
22.5622
-1.0
-1.0
-1.0
-1.0
-1.0
-1.0
29.916
-1.0
35.991
-1.0
-1.0
-1.0
-1.0
33.2158
-1.0
-1.0
-1.0
-1.0
-1.0
-1.0
-1.0
-1.0
-1.0
41.9664
-1.0
35.7884
-1.0
-1.0
-1.0
-1.0
20.367
46.0572
-1.0
-1.0
-1.0
-1.0
-1.0
-1.0
-1.0
-1.0
-1.0
-1.0
-1.0
-1.0
-1.0
-1.0
-1.0
-1.0
-1.0
-1.0
-1.0
-1.0
9.61389
-1.0
-1.0
-1.0
-1.0
-1.0
-1.0
-1.0
52.194
-1.0
-1.0
-1.0
-1.0
-1.0
-1.0
-1.0
-1.0
-1.0
-1.0
43.2855
-1.0
45.9448
42.8161
41.0696
51.3004
-1.0
44.8443
-1.0
-1.0
40.4816
-1.0
-1.0
39.5808
-1.0
14.0541
-1.0
-1.0
-1.0
43.0073
-1.0
-1.0
-1.0
38.3244
-1.0
-1.0
-1.0
-1.0
42.4596
-1.0
-1.0
-1.0
7.75956
-1.0
46.1792
34.852
44.545
32.7935
-1.0
-1.0
-1.0
-1.0
12.8507
41.537
-1.0
-1.0
38.7014
-1.0
-1.0
-1.0
-1.0
-1.0
-1.0
-1.0
-1.0
-1.0
-1.0
-1.0
-1.0
-1.0
-1.0
-1.0
40.2402
-1.0
-1.0
-1.0
29.4701
-1.0
-1.0
38.9885
-1.0
-1.0
-1.0
-1.0
-1.0
-1.0
-1.0
-1.0
-1.0
-1.0
-1.0
-1.0
-1.0
-1.0
-1.0
-1.0
-1.0
-1.0
-1.0
-1.0
29.693
-1.0
-1.0
-1.0
-1.0
-1.0
-1.0
-1.0
-1.0
-1.0
27.677
37.4971
-1.0
-1.0
-1.0
50.7965
-1.0
-1.0
-1.0
-1.0
31.2727
-1.0
-1.0
-1.0
27.0266
29.0108
-1.0
-1.0
-1.0
-1.0
-1.0
42.5942
-1.0
36.4662
-1.0
28.5741
-1.0
-1.0
-1.0
-1.0
-1.0
46.7924
-1.0
-1.0
-1.0
-1.0
-1.0
-1.0
-1.0
36.0373
28.1371
-1.0
38.5528
-1.0
-1.0
16.8315
44.8614
-1.0
-1.0
-1.0
-1.0
-1.0
-1.0
-1.0
-1.0
-1.0
26.7445
-1.0
-1.0
-1.0
-1.0
-1.0
20.3691
-1.0
-1.0
50.416
-1.0
-1.0
-1.0
49.3059
-1.0
-1.0
-1.0
-1.0
-1.0
-1.0
33.2277
-1.0
-1.0
-1.0
-1.0
-1.0
-1.0
38.6891
-1.0
-1.0
51.8728
42.3464
-1.0
-1.0
47.0131
-1.0
-1.0
-1.0
-1.0
47.5913
-1.0
-1.0
-1.0
43.1895
-1.0
26.8644
-1.0
-1.0
-1.0
-1.0
39.3611
-1.0
-1.0
-1.0
-1.0
-1.0
-1.0
-1.0
-1.0
-1.0
-1.0
-1.0
-1.0
-1.0
-1.0
-1.0
-1.0
-1.0
-1.0
-1.0
-1.0
-1.0
-1.0
-1.0
-1.0
-1.0
-1.0
-1.0
-1.0
-1.0
-1.0
-1.0
-1.0
-1.0
-1.0
-1.0
22.4086
-1.0
31.2677
-1.0
45.7458
-1.0
-1.0
-1.0
-1.0
33.6427
-1.0
-1.0
-1.0
-1.0
-1.0
-1.0
-1.0
-1.0
-1.0
-1.0
-1.0
-1.0
-1.0
-1.0
-1.0
-1.0
-1.0
19.28
45.6012
-1.0
-1.0
-1.0
23.5323
9.32111
-1.0
-1.0
-1.0
-1.0
20.5471
-1.0
-1.0
-1.0
-1.0
-1.0
-1.0
-1.0
-1.0
-1.0
42.0171
-1.0
-1.0
-1.0
-1.0
42.3594
47.0525
45.1551
-1.0
-1.0
-1.0
34.4801
-1.0
-1.0
-1.0
-1.0
24.828
-1.0
-1.0
-1.0
-1.0
-1.0
49.223
-1.0
-1.0
-1.0
29.4013
-1.0
-1.0
-1.0
-1.0
-1.0
-1.0
-1.0
-1.0
-1.0
-1.0
-1.0
45.1463
36.9522
47.3215
32.8349
-1.0
-1.0
-1.0
45.6282
-1.0
-1.0
40.1232
49.7795
-1.0
39.4009
-1.0
-1.0
-1.0
-1.0
-1.0
40.8044
-1.0
45.568
-1.0
19.7065
-1.0
-1.0
-1.0
-1.0
-1.0
-1.0
-1.0
-1.0
18.9353
52.2253
-1.0
-1.0
-1.0
-1.0
-1.0
-1.0
-1.0
-1.0
12.28
-1.0
-1.0
42.7197
-1.0
-1.0
-1.0
-1.0
29.7655
-1.0
-1.0
-1.0
-1.0
-1.0
-1.0
-1.0
-1.0
-1.0
-1.0
-1.0
-1.0
-1.0
-1.0
22.7111
30.1893
-1.0
-1.0
36.7937
-1.0
-1.0
-1.0
-1.0
-1.0
-1.0
-1.0
28.9793
-1.0
-1.0
-1.0
-1.0
-1.0
21.4769
-1.0
46.287
-1.0
47.9725
-1.0
-1.0
-1.0
-1.0
-1.0
-1.0
-1.0
-1.0
-1.0
-1.0
-1.0
-1.0
-1.0
-1.0
-1.0
-1.0
-1.0
-1.0
-1.0
-1.0
-1.0
-1.0
38.193
-1.0
-1.0
-1.0
42.0018
27.2272
-1.0
-1.0
-1.0
-1.0
-1.0
-1.0
-1.0
35.1508
-1.0
-1.0
-1.0
27.615
-1.0
-1.0
-1.0
-1.0
-1.0
12.8133
-1.0
18.0246
19.1004
-1.0
-1.0
-1.0
-1.0
51.0182
-1.0
43.389
-1.0
-1.0
-1.0
-1.0
-1.0
-1.0
-1.0
-1.0
41.7165
-1.0
-1.0
39.5435
-1.0
-1.0
-1.0
-1.0
-1.0
-1.0
-1.0
-1.0
-1.0
39.1992
-1.0
-1.0
-1.0
-1.0
-1.0
-1.0
-1.0
54.1431
41.8159
41.1114
-1.0
38.0847
-1.0
17.1101
-1.0
-1.0
-1.0
-1.0
-1.0
-1.0
-1.0
-1.0
-1.0
51.0571
-1.0
51.8818
-1.0
-1.0
-1.0
-1.0
-1.0
-1.0
-1.0
-1.0
23.9603
-1.0
-1.0
-1.0
-1.0
-1.0
-1.0
19.5156
-1.0
18.244
-1.0
-1.0
-1.0
-1.0
-1.0
-1.0
-1.0
-1.0
-1.0
-1.0
14.6498
-1.0
-1.0
-1.0
-1.0
-1.0
-1.0
-1.0
-1.0
48.6329
-1.0
-1.0
39.768
-1.0
-1.0
-1.0
25.38
29.3316
-1.0
-1.0
-1.0
-1.0
-1.0
-1.0
-1.0
35.8871
-1.0
-1.0
-1.0
32.7119
-1.0
-1.0
43.6889
40.8981
-1.0
-1.0
46.4228
26.8249
39.7082
-1.0
-1.0
30.629
-1.0
-1.0
-1.0
-1.0
-1.0
-1.0
-1.0
-1.0
-1.0
-1.0
-1.0
-1.0
-1.0
-1.0
-1.0
30.0825
-1.0
-1.0
-1.0
-1.0
-1.0
-1.0
-1.0
-1.0
-1.0
-1.0
-1.0
-1.0
-1.0
-1.0
-1.0
-1.0
-1.0
-1.0
-1.0
-1.0
-1.0
-1.0
-1.0
-1.0
-1.0
39.9563
-1.0
46.0764
-1.0
-1.0
-1.0
-1.0
-1.0
-1.0
32.7349
-1.0
-1.0
-1.0
41.1681
-1.0
-1.0
-1.0
-1.0
42.344
36.3022
42.93
29.2573
26.8746
45.5367
-1.0
-1.0
49.5311
-1.0
-1.0
-1.0
-1.0
-1.0
-1.0
-1.0
32.2286
-1.0
37.3917
-1.0
-1.0
-1.0
-1.0
38.2148
-1.0
50.5873
-1.0
-1.0
41.149
-1.0
-1.0
-1.0
-1.0
-1.0
-1.0
-1.0
42.5574
-1.0
-1.0
-1.0
-1.0
-1.0
-1.0
-1.0
-1.0
-1.0
37.2202
-1.0
-1.0
51.3512
-1.0
50.7303
-1.0
38.7393
-1.0
25.9611
-1.0
-1.0
-1.0
-1.0
50.3591
-1.0
-1.0
-1.0
-1.0
-1.0
-1.0
-1.0
-1.0
-1.0
-1.0
-1.0
-1.0
-1.0
-1.0
-1.0
-1.0
45.3652
-1.0
-1.0
-1.0
-1.0
-1.0
36.9614
-1.0
-1.0
-1.0
-1.0
-1.0
-1.0
28.8319
-1.0
46.0006
-1.0
-1.0
-1.0
-1.0
-1.0
36.9603
-1.0
-1.0
-1.0
36.3102
-1.0
49.1063
49.775
-1.0
-1.0
-1.0
39.7911
42.8262
-1.0
-1.0
-1.0
-1.0
-1.0
-1.0
-1.0
-1.0
-1.0
-1.0
-1.0
-1.0
-1.0
-1.0
-1.0
-1.0
-1.0
-1.0
-1.0
-1.0
-1.0
33.7504
-1.0
-1.0
-1.0
24.3586
-1.0
-1.0
-1.0
-1.0
-1.0
-1.0
-1.0
-1.0
-1.0
-1.0
-1.0
-1.0
-1.0
50.0197
-1.0
23.1255
-1.0
-1.0
-1.0
-1.0
-1.0
-1.0
9.08087
-1.0
-1.0
-1.0
-1.0
-1.0
-1.0
-1.0
-1.0
-1.0
-1.0
-1.0
-1.0
-1.0
-1.0
-1.0
-1.0
-1.0
-1.0
-1.0
-1.0
-1.0
30.7996
35.0544
-1.0
-1.0
44.5767
-1.0
-1.0
-1.0
-1.0
-1.0
-1.0
50.8737
-1.0
-1.0
-1.0
-1.0
-1.0
-1.0
-1.0
-1.0
-1.0
-1.0
19.3151
-1.0
-1.0
49.6405
-1.0
19.1673
-1.0
-1.0
-1.0
-1.0
46.2338
-1.0
-1.0
-1.0
-1.0
41.7795
-1.0
-1.0
-1.0
-1.0
-1.0
-1.0
50.0789
-1.0
-1.0
-1.0
-1.0
-1.0
-1.0
-1.0
-1.0
-1.0
19.7125
-1.0
-1.0
-1.0
-1.0
-1.0
-1.0
-1.0
37.5659
-1.0
-1.0
-1.0
39.9054
33.4669
-1.0
-1.0
-1.0
-1.0
51.3462
-1.0
-1.0
-1.0
43.9818
32.0495
-1.0
-1.0
-1.0
-1.0
17.9047
-1.0
-1.0
-1.0
-1.0
-1.0
21.5526
-1.0
-1.0
-1.0
-1.0
-1.0
40.5386
-1.0
-1.0
-1.0
34.3439
-1.0
50.287
-1.0
-1.0
-1.0
-1.0
40.3108
-1.0
-1.0
-1.0
-1.0
-1.0
-1.0
36.7973
-1.0
40.3818
-1.0
-1.0
48.9225
43.4534
-1.0
48.4105
-1.0
-1.0
-1.0
-1.0
-1.0
-1.0
31.8589
-1.0
-1.0
23.15
43.2983
-1.0
-1.0
-1.0
-1.0
-1.0
-1.0
-1.0
-1.0
-1.0
-1.0
-1.0
39.0671
27.257
-1.0
36.4523
35.8996
-1.0
-1.0
40.2078
-1.0
45.6344
-1.0
-1.0
34.8684
46.3233
-1.0
-1.0
-1.0
-1.0
45.6285
-1.0
-1.0
-1.0
42.9954
-1.0
-1.0
-1.0
-1.0
43.5827
-1.0
-1.0
47.0632
-1.0
-1.0
-1.0
-1.0
-1.0
-1.0
-1.0
-1.0
-1.0
-1.0
27.1284
-1.0
-1.0
33.0007
-1.0
50.6698
-1.0
-1.0
-1.0
-1.0
-1.0
-1.0
-1.0
-1.0
51.3885
29.733
14.4731
-1.0
-1.0
-1.0
13.4102
52.2356
50.2758
22.0977
46.8692
-1.0
-1.0
25.3901
-1.0
-1.0
45.9134
8.31745
-1.0
-1.0
-1.0
-1.0
27.0414
-1.0
-1.0
-1.0
-1.0
-1.0
-1.0
33.5251
40.3055
-1.0
-1.0
-1.0
-1.0
50.3661
-1.0
-1.0
-1.0
-1.0
24.523
-1.0
19.0556
-1.0
-1.0
-1.0
51.5861
-1.0
-1.0
50.0947
-1.0
-1.0
-1.0
47.2338
-1.0
-1.0
31.4248
-1.0
48.7358
-1.0
28.5239
-1.0
28.9806
-1.0
-1.0
-1.0
-1.0
-1.0
-1.0
-1.0
-1.0
-1.0
-1.0
-1.0
-1.0
-1.0
32.2764
-1.0
-1.0
43.0505
-1.0
-1.0
-1.0
-1.0
-1.0
27.6371
-1.0
-1.0
28.9623
-1.0
-1.0
25.8541
-1.0
-1.0
-1.0
-1.0
-1.0
-1.0
-1.0
28.9764
-1.0
-1.0
-1.0
-1.0
46.1171
-1.0
-1.0
-1.0
-1.0
-1.0
-1.0
-1.0
24.7569
-1.0
-1.0
-1.0
-1.0
-1.0
-1.0
-1.0
-1.0
-1.0
-1.0
32.9028
41.19
-1.0
-1.0
-1.0
52.0097
-1.0
-1.0
-1.0
-1.0
-1.0
-1.0
-1.0
-1.0
-1.0
-1.0
-1.0
-1.0
-1.0
-1.0
-1.0
-1.0
-1.0
-1.0
-1.0
-1.0
-1.0
-1.0
-1.0
-1.0
-1.0
50.3919
-1.0
22.3272
-1.0
-1.0
-1.0
46.0959
-1.0
-1.0
-1.0
-1.0
-1.0
-1.0
-1.0
-1.0
-1.0
17.9158
-1.0
-1.0
-1.0
37.4949
-1.0
-1.0
-1.0
-1.0
-1.0
-1.0
-1.0
-1.0
40.6928
-1.0
-1.0
-1.0
36.9113
-1.0
35.4856
-1.0
-1.0
-1.0
-1.0
-1.0
-1.0
34.2737
-1.0
-1.0
-1.0
-1.0
-1.0
-1.0
-1.0
-1.0
-1.0
-1.0
-1.0
26.2271
-1.0
36.2147
35.9626
-1.0
-1.0
-1.0
21.4873
-1.0
-1.0
-1.0
15.9173
-1.0
-1.0
-1.0
-1.0
-1.0
-1.0
-1.0
-1.0
-1.0
-1.0
-1.0
23.9035
-1.0
25.891
-1.0
23.4478
-1.0
-1.0
-1.0
-1.0
29.4618
-1.0
-1.0
-1.0
-1.0
-1.0
-1.0
-1.0
-1.0
-1.0
46.307
52.1062
-1.0
40.9003
-1.0
-1.0
-1.0
-1.0
-1.0
42.4492
-1.0
-1.0
11.0149
-1.0
47.3685
-1.0
-1.0
-1.0
-1.0
35.6424
-1.0
-1.0
-1.0
-1.0
-1.0
37.8342
-1.0
-1.0
-1.0
35.4218
-1.0
-1.0
49.3521
48.7352
-1.0
41.3199
-1.0
43.8128
22.3573
-1.0
36.4059
31.5387
-1.0
40.6446
30.3083
19.8299
-1.0
-1.0
-1.0
-1.0
-1.0
-1.0
-1.0
-1.0
-1.0
-1.0
48.399
50.1581
-1.0
-1.0
-1.0
-1.0
-1.0
-1.0
33.2253
-1.0
-1.0
-1.0
-1.0
-1.0
44.6832
-1.0
-1.0
-1.0
38.3424
-1.0
-1.0
-1.0
-1.0
-1.0
-1.0
-1.0
18.9703
-1.0
-1.0
-1.0
42.1912
39.0851
40.8958
-1.0
-1.0
-1.0
13.179
-1.0
-1.0
29.267
-1.0
-1.0
51.3171
-1.0
39.1509
49.4937
-1.0
-1.0
-1.0
-1.0
38.2556
-1.0
43.7108
-1.0
-1.0
-1.0
-1.0
-1.0
-1.0
-1.0
-1.0
-1.0
-1.0
-1.0
-1.0
-1.0
-1.0
-1.0
-1.0
-1.0
-1.0
-1.0
-1.0
-1.0
-1.0
-1.0
-1.0
-1.0
-1.0
-1.0
-1.0
-1.0
-1.0
-1.0
-1.0
-1.0
-1.0
-1.0
-1.0
52.6903
16.1694
-1.0
37.7145
47.9585
-1.0
-1.0
-1.0
-1.0
-1.0
-1.0
-1.0
24.3008
-1.0
-1.0
-1.0
44.3937
28.2504
-1.0
-1.0
50.8948
-1.0
30.7395
-1.0
-1.0
-1.0
-1.0
-1.0
-1.0
48.4212
-1.0
-1.0
-1.0
44.8215
-1.0
-1.0
-1.0
-1.0
-1.0
-1.0
-1.0
-1.0
-1.0
-1.0
-1.0
-1.0
-1.0
-1.0
-1.0
29.2829
-1.0
-1.0
-1.0
-1.0
-1.0
49.4955
-1.0
-1.0
-1.0
-1.0
18.1228
-1.0
-1.0
-1.0
-1.0
47.8656
-1.0
-1.0
-1.0
41.3152
-1.0
-1.0
-1.0
34.971
-1.0
-1.0
-1.0
-1.0
48.5828
-1.0
-1.0
-1.0
-1.0
-1.0
-1.0
-1.0
-1.0
35.445
-1.0
47.4228
-1.0
-1.0
-1.0
-1.0
-1.0
45.0938
-1.0
37.1215
-1.0
-1.0
-1.0
-1.0
-1.0
-1.0
-1.0
33.2458
50.666
-1.0
-1.0
-1.0
-1.0
-1.0
-1.0
28.7467
38.5508
-1.0
-1.0
40.0878
-1.0
44.5511
-1.0
47.0991
-1.0
-1.0
8.53785
-1.0
-1.0
-1.0
-1.0
37.188
-1.0
17.4794
28.6853
-1.0
-1.0
-1.0
-1.0
-1.0
33.5272
-1.0
-1.0
37.119
-1.0
-1.0
-1.0
44.532
-1.0
-1.0
-1.0
-1.0
-1.0
-1.0
-1.0
-1.0
-1.0
-1.0
44.9511
-1.0
-1.0
-1.0
-1.0
-1.0
40.3433
-1.0
37.8177
-1.0
43.1938
-1.0
-1.0
-1.0
48.3408
-1.0
-1.0
-1.0
32.9689
-1.0
-1.0
-1.0
-1.0
36.1984
-1.0
-1.0
-1.0
36.6944
-1.0
-1.0
-1.0
-1.0
-1.0
-1.0
-1.0
53.4142
-1.0
-1.0
-1.0
-1.0
-1.0
-1.0
-1.0
-1.0
-1.0
8.91506
-1.0
-1.0
-1.0
-1.0
-1.0
-1.0
-1.0
-1.0
-1.0
43.5478
-1.0
-1.0
-1.0
-1.0
-1.0
-1.0
-1.0
-1.0
11.0188
-1.0
39.5696
-1.0
-1.0
26.3566
-1.0
-1.0
-1.0
-1.0
-1.0
-1.0
-1.0
-1.0
-1.0
-1.0
-1.0
-1.0
-1.0
-1.0
-1.0
-1.0
-1.0
-1.0
-1.0
-1.0
49.5784
-1.0
-1.0
-1.0
-1.0
-1.0
-1.0
49.08
-1.0
39.8682
-1.0
51.7204
18.233
-1.0
-1.0
-1.0
44.8209
-1.0
-1.0
-1.0
46.1339
-1.0
-1.0
-1.0
-1.0
-1.0
29.7321
-1.0
42.3173
-1.0
-1.0
-1.0
48.8803
-1.0
-1.0
-1.0
-1.0
20.5455
22.1032
-1.0
-1.0
-1.0
-1.0
-1.0
-1.0
-1.0
-1.0
-1.0
45.1093
-1.0
-1.0
-1.0
51.9703
-1.0
-1.0
20.9656
-1.0
-1.0
-1.0
-1.0
-1.0
-1.0
-1.0
-1.0
-1.0
-1.0
-1.0
-1.0
22.7668
38.2925
-1.0
-1.0
-1.0
-1.0
-1.0
36.3654
-1.0
-1.0
-1.0
-1.0
-1.0
-1.0
-1.0
-1.0
49.5155
-1.0
-1.0
-1.0
-1.0
-1.0
30.6852
-1.0
-1.0
-1.0
-1.0
-1.0
19.0906
-1.0
46.8305
-1.0
-1.0
-1.0
-1.0
49.2216
-1.0
-1.0
-1.0
-1.0
-1.0
-1.0
28.9998
-1.0
-1.0
-1.0
37.7587
-1.0
-1.0
29.5838
-1.0
-1.0
-1.0
-1.0
48.8566
-1.0
43.4042
-1.0
-1.0
-1.0
-1.0
-1.0
-1.0
-1.0
-1.0
-1.0
-1.0
-1.0
-1.0
-1.0
-1.0
-1.0
44.2603
-1.0
-1.0
-1.0
-1.0
-1.0
39.6999
30.2165
-1.0
-1.0
-1.0
-1.0
-1.0
-1.0
-1.0
-1.0
-1.0
-1.0
-1.0
-1.0
-1.0
-1.0
52.2426
-1.0
-1.0
34.1802
13.1482
-1.0
-1.0
42.0505
41.6932
40.7893
29.9698
20.0126
-1.0
-1.0
-1.0
-1.0
-1.0
24.343
35.5502
36.62
-1.0
-1.0
-1.0
-1.0
47.7821
-1.0
-1.0
-1.0
-1.0
21.8528
-1.0
-1.0
-1.0
45.4678
-1.0
-1.0
-1.0
28.1271
-1.0
-1.0
-1.0
-1.0
46.3281
-1.0
-1.0
-1.0
46.2253
-1.0
-1.0
-1.0
-1.0
-1.0
-1.0
35.3711
-1.0
-1.0
-1.0
-1.0
-1.0
49.1977
39.6702
-1.0
-1.0
-1.0
45.3362
-1.0
-1.0
-1.0
-1.0
-1.0
-1.0
-1.0
-1.0
31.9908
-1.0
-1.0
46.9345
-1.0
40.9578
51.2239
-1.0
-1.0
-1.0
-1.0
40.5055
-1.0
20.0393
-1.0
-1.0
-1.0
35.2868
-1.0
-1.0
-1.0
-1.0
-1.0
-1.0
-1.0
-1.0
-1.0
-1.0
-1.0
53.0357
37.565
-1.0
-1.0
43.205
-1.0
-1.0
-1.0
40.9768
-1.0
-1.0
-1.0
21.3203
-1.0
39.0768
-1.0
43.0563
49.1004
-1.0
-1.0
32.4084
-1.0
-1.0
37.0206
-1.0
-1.0
-1.0
-1.0
-1.0
-1.0
-1.0
38.6401
-1.0
-1.0
-1.0
-1.0
-1.0
-1.0
-1.0
28.274
-1.0
-1.0
-1.0
-1.0
-1.0
-1.0
-1.0
48.6309
35.2023
-1.0
-1.0
33.024
-1.0
30.1162
-1.0
-1.0
-1.0
-1.0
-1.0
-1.0
42.1187
-1.0
-1.0
46.4359
-1.0
-1.0
-1.0
-1.0
-1.0
43.7676
29.9689
-1.0
-1.0
46.3834
-1.0
-1.0
-1.0
-1.0
-1.0
-1.0
39.9944
46.0338
-1.0
-1.0
52.1405
-1.0
50.6657
-1.0
-1.0
-1.0
-1.0
-1.0
-1.0
38.1513
-1.0
-1.0
-1.0
-1.0
-1.0
-1.0
-1.0
-1.0
-1.0
-1.0
-1.0
-1.0
33.7182
-1.0
-1.0
-1.0
-1.0
-1.0
-1.0
31.346
48.7454
-1.0
-1.0
44.2864
-1.0
-1.0
-1.0
-1.0
-1.0
-1.0
33.4989
-1.0
-1.0
-1.0
35.2592
-1.0
-1.0
-1.0
-1.0
-1.0
-1.0
-1.0
-1.0
-1.0
36.6058
-1.0
-1.0
-1.0
-1.0
-1.0
-1.0
-1.0
48.345
-1.0
-1.0
-1.0
-1.0
-1.0
-1.0
-1.0
-1.0
-1.0
-1.0
45.0007
45.7499
-1.0
-1.0
40.5269
-1.0
-1.0
-1.0
-1.0
-1.0
-1.0
-1.0
33.5542
-1.0
41.3229
-1.0
50.7278
-1.0
-1.0
-1.0
-1.0
-1.0
-1.0
-1.0
-1.0
-1.0
-1.0
-1.0
-1.0
-1.0
-1.0
-1.0
-1.0
-1.0
-1.0
-1.0
-1.0
-1.0
-1.0
-1.0
-1.0
-1.0
-1.0
42.1007
-1.0
-1.0
-1.0
-1.0
26.1066
-1.0
-1.0
-1.0
-1.0
39.6775
-1.0
-1.0
46.8088
52.2956
-1.0
-1.0
-1.0
-1.0
-1.0
-1.0
-1.0
-1.0
-1.0
-1.0
48.3718
-1.0
-1.0
-1.0
-1.0
-1.0
-1.0
-1.0
-1.0
-1.0
46.0499
-1.0
-1.0
-1.0
-1.0
-1.0
-1.0
-1.0
-1.0
-1.0
8.23664
45.9126
-1.0
-1.0
-1.0
-1.0
39.5244
33.9722
-1.0
-1.0
-1.0
-1.0
49.7565
48.9304
-1.0
-1.0
-1.0
34.6645
-1.0
-1.0
-1.0
31.7115
-1.0
-1.0
39.3453
-1.0
-1.0
-1.0
-1.0
-1.0
-1.0
-1.0
-1.0
-1.0
-1.0
31.8062
42.4437
-1.0
-1.0
42.3628
-1.0
52.3739
-1.0
-1.0
-1.0
-1.0
-1.0
49.7647
-1.0
-1.0
-1.0
43.6949
-1.0
-1.0
40.0436
-1.0
-1.0
-1.0
32.2459
-1.0
-1.0
-1.0
-1.0
-1.0
-1.0
48.8999
-1.0
-1.0
-1.0
-1.0
38.777
25.7698
-1.0
14.9401
-1.0
-1.0
-1.0
-1.0
47.1798
-1.0
20.599
-1.0
-1.0
-1.0
51.9912
-1.0
-1.0
-1.0
-1.0
-1.0
-1.0
-1.0
18.0308
-1.0
-1.0
-1.0
11.1906
-1.0
-1.0
32.3276
-1.0
-1.0
-1.0
-1.0
21.7999
-1.0
-1.0
49.7334
36.2541
-1.0
-1.0
22.3086
-1.0
-1.0
-1.0
-1.0
-1.0
35.0624
-1.0
-1.0
-1.0
-1.0
-1.0
17.0316
-1.0
-1.0
-1.0
-1.0
-1.0
-1.0
-1.0
-1.0
-1.0
-1.0
-1.0
-1.0
-1.0
-1.0
-1.0
-1.0
-1.0
-1.0
-1.0
-1.0
-1.0
-1.0
-1.0
41.556
-1.0
47.6778
-1.0
-1.0
-1.0
-1.0
-1.0
-1.0
-1.0
-1.0
-1.0
-1.0
-1.0
45.1263
-1.0
33.0364
-1.0
46.2988
36.0864
-1.0
-1.0
-1.0
-1.0
-1.0
31.8191
51.8365
-1.0
-1.0
-1.0
-1.0
-1.0
-1.0
-1.0
-1.0
-1.0
-1.0
-1.0
-1.0
41.8587
-1.0
-1.0
40.9439
-1.0
-1.0
24.4474
-1.0
-1.0
-1.0
-1.0
31.4933
-1.0
-1.0
-1.0
-1.0
-1.0
10.6083
-1.0
17.4447
-1.0
-1.0
-1.0
-1.0
-1.0
-1.0
-1.0
-1.0
30.2257
42.4225
-1.0
-1.0
-1.0
-1.0
-1.0
-1.0
-1.0
-1.0
-1.0
-1.0
-1.0
-1.0
-1.0
-1.0
-1.0
-1.0
38.3766
-1.0
-1.0
-1.0
-1.0
-1.0
-1.0
-1.0
-1.0
-1.0
-1.0
49.9875
-1.0
-1.0
-1.0
-1.0
-1.0
-1.0
28.5028
-1.0
37.5033
49.2993
-1.0
-1.0
-1.0
-1.0
-1.0
-1.0
-1.0
-1.0
47.4208
-1.0
37.4002
-1.0
-1.0
31.9715
47.7625
-1.0
50.5194
32.8746
-1.0
-1.0
32.067
-1.0
-1.0
-1.0
-1.0
-1.0
-1.0
-1.0
-1.0
-1.0
-1.0
-1.0
-1.0
-1.0
-1.0
-1.0
-1.0
-1.0
-1.0
43.8595
-1.0
-1.0
-1.0
-1.0
-1.0
-1.0
38.489
-1.0
-1.0
49.8838
-1.0
-1.0
-1.0
-1.0
34.6007
-1.0
-1.0
17.1249
-1.0
-1.0
-1.0
38.8286
-1.0
-1.0
-1.0
26.0062
-1.0
-1.0
-1.0
-1.0
-1.0
-1.0
-1.0
27.2635
-1.0
-1.0
-1.0
-1.0
-1.0
-1.0
-1.0
19.9414
40.5606
-1.0
-1.0
-1.0
-1.0
-1.0
18.9092
31.6695
-1.0
51.4499
14.2744
-1.0
-1.0
-1.0
-1.0
-1.0
-1.0
34.7314
-1.0
-1.0
24.8715
-1.0
-1.0
-1.0
11.4031
42.9887
-1.0
-1.0
-1.0
-1.0
-1.0
-1.0
-1.0
-1.0
-1.0
-1.0
50.4851
-1.0
-1.0
44.348
-1.0
-1.0
17.4368
-1.0
45.8502
-1.0
-1.0
11.7432
37.1837
-1.0
-1.0
-1.0
-1.0
-1.0
-1.0
45.5946
-1.0
-1.0
-1.0
-1.0
-1.0
-1.0
-1.0
-1.0
-1.0
-1.0
-1.0
-1.0
-1.0
-1.0
-1.0
-1.0
-1.0
41.1727
-1.0
-1.0
38.4112
-1.0
-1.0
-1.0
23.481
-1.0
-1.0
38.1294
29.7865
-1.0
29.8984
-1.0
-1.0
-1.0
-1.0
-1.0
-1.0
-1.0
-1.0
48.4062
-1.0
-1.0
-1.0
-1.0
-1.0
-1.0
-1.0
-1.0
29.4391
-1.0
-1.0
46.0253
-1.0
-1.0
-1.0
-1.0
-1.0
-1.0
29.1515
-1.0
42.4033
-1.0
-1.0
-1.0
-1.0
53.1775
-1.0
43.5152
-1.0
-1.0
-1.0
-1.0
-1.0
-1.0
-1.0
-1.0
-1.0
-1.0
-1.0
42.9292
-1.0
-1.0
42.7785
-1.0
-1.0
-1.0
-1.0
-1.0
-1.0
-1.0
-1.0
-1.0
-1.0
-1.0
-1.0
-1.0
-1.0
-1.0
-1.0
-1.0
-1.0
-1.0
-1.0
-1.0
-1.0
-1.0
36.944
-1.0
-1.0
-1.0
-1.0
-1.0
-1.0
-1.0
-1.0
-1.0
-1.0
-1.0
-1.0
51.6227
42.133
-1.0
-1.0
-1.0
-1.0
-1.0
-1.0
-1.0
-1.0
-1.0
12.3856
-1.0
22.2387
-1.0
-1.0
-1.0
-1.0
-1.0
31.6642
40.8773
-1.0
-1.0
-1.0
-1.0
25.5701
-1.0
-1.0
-1.0
-1.0
-1.0
-1.0
-1.0
48.4739
-1.0
-1.0
-1.0
-1.0
-1.0
-1.0
-1.0
-1.0
-1.0
-1.0
-1.0
48.7317
-1.0
-1.0
-1.0
43.8575
-1.0
-1.0
-1.0
-1.0
-1.0
-1.0
-1.0
-1.0
-1.0
-1.0
-1.0
-1.0
-1.0
50.0761
-1.0
-1.0
-1.0
21.1366
-1.0
-1.0
35.7355
32.0161
-1.0
-1.0
-1.0
-1.0
-1.0
51.8147
-1.0
-1.0
-1.0
-1.0
-1.0
39.4399
-1.0
-1.0
-1.0
-1.0
-1.0
-1.0
-1.0
-1.0
47.1557
-1.0
-1.0
-1.0
17.3472
-1.0
-1.0
-1.0
50.9629
-1.0
8.82812
-1.0
-1.0
-1.0
-1.0
-1.0
-1.0
-1.0
-1.0
-1.0
-1.0
-1.0
-1.0
-1.0
-1.0
-1.0
-1.0
49.927
-1.0
-1.0
8.38378
-1.0
-1.0
49.2232
43.01
44.061
-1.0
-1.0
46.4005
-1.0
-1.0
-1.0
-1.0
-1.0
28.9502
-1.0
-1.0
-1.0
-1.0
-1.0
-1.0
45.8721
-1.0
-1.0
29.9042
-1.0
-1.0
-1.0
-1.0
-1.0
-1.0
-1.0
48.458
-1.0
-1.0
-1.0
31.9353
40.6949
-1.0
22.9846
-1.0
38.9274
-1.0
-1.0
-1.0
-1.0
-1.0
-1.0
-1.0
-1.0
-1.0
35.6823
-1.0
-1.0
-1.0
-1.0
-1.0
-1.0
-1.0
-1.0
-1.0
-1.0
-1.0
-1.0
36.5839
-1.0
-1.0
-1.0
-1.0
-1.0
-1.0
-1.0
-1.0
30.754
-1.0
-1.0
-1.0
-1.0
36.8731
-1.0
23.903
38.5674
-1.0
-1.0
51.3736
-1.0
49.3157
-1.0
20.8281
-1.0
-1.0
-1.0
-1.0
-1.0
-1.0
-1.0
22.2063
-1.0
-1.0
-1.0
-1.0
51.0107
-1.0
-1.0
-1.0
-1.0
-1.0
46.5953
-1.0
-1.0
-1.0
26.192
-1.0
-1.0
47.867
-1.0
-1.0
-1.0
-1.0
-1.0
35.0434
-1.0
-1.0
-1.0
-1.0
-1.0
-1.0
18.2406
-1.0
-1.0
45.163
-1.0
-1.0
40.5468
-1.0
-1.0
19.2304
-1.0
-1.0
-1.0
-1.0
-1.0
-1.0
31.2843
-1.0
-1.0
-1.0
52.0635
-1.0
-1.0
-1.0
-1.0
-1.0
-1.0
50.1915
37.3903
-1.0
-1.0
-1.0
-1.0
-1.0
34.1623
-1.0
-1.0
-1.0
49.5178
-1.0
-1.0
-1.0
-1.0
-1.0
-1.0
48.3844
-1.0
-1.0
-1.0
-1.0
-1.0
-1.0
-1.0
7.10599
-1.0
-1.0
-1.0
-1.0
-1.0
-1.0
32.8447
24.4656
-1.0
50.9595
-1.0
-1.0
-1.0
-1.0
-1.0
-1.0
-1.0
-1.0
-1.0
27.5768
-1.0
-1.0
-1.0
-1.0
-1.0
24.1027
-1.0
-1.0
-1.0
-1.0
-1.0
-1.0
47.7538
42.4793
-1.0
-1.0
-1.0
-1.0
-1.0
-1.0
-1.0
-1.0
-1.0
-1.0
-1.0
-1.0
-1.0
47.5342
-1.0
-1.0
42.3492
22.8529
-1.0
-1.0
-1.0
46.8861
22.6188
45.5736
-1.0
-1.0
-1.0
-1.0
-1.0
-1.0
47.7806
-1.0
-1.0
-1.0
-1.0
49.528
-1.0
30.6593
-1.0
44.5681
-1.0
-1.0
-1.0
-1.0
-1.0
-1.0
42.8874
-1.0
20.8433
-1.0
-1.0
51.1765
-1.0
-1.0
-1.0
-1.0
42.3737
-1.0
-1.0
-1.0
46.0346
21.6419
-1.0
-1.0
-1.0
-1.0
-1.0
-1.0
-1.0
-1.0
17.1456
-1.0
29.0923
-1.0
-1.0
-1.0
-1.0
29.4282
-1.0
35.4162
-1.0
-1.0
36.9542
-1.0
-1.0
-1.0
-1.0
-1.0
-1.0
-1.0
-1.0
-1.0
26.8387
-1.0
-1.0
26.4005
-1.0
35.9264
-1.0
-1.0
33.4622
-1.0
-1.0
-1.0
45.5507
-1.0
-1.0
-1.0
-1.0
-1.0
-1.0
-1.0
-1.0
-1.0
41.8789
-1.0
46.8618
-1.0
-1.0
-1.0
-1.0
-1.0
46.2928
-1.0
-1.0
-1.0
-1.0
40.1712
-1.0
-1.0
-1.0
-1.0
-1.0
-1.0
34.0155
51.6245
-1.0
-1.0
44.8473
46.9425
-1.0
13.0258
-1.0
53.393
-1.0
34.0031
-1.0
-1.0
8.82791
53.007
-1.0
-1.0
-1.0
-1.0
-1.0
-1.0
-1.0
23.3557
-1.0
-1.0
40.7693
-1.0
46.2092
51.823
-1.0
52.2687
-1.0
-1.0
48.9175
-1.0
-1.0
-1.0
-1.0
-1.0
-1.0
-1.0
-1.0
-1.0
-1.0
-1.0
-1.0
38.6469
-1.0
-1.0
-1.0
25.0189
-1.0
-1.0
-1.0
-1.0
48.0391
25.5442
45.5605
-1.0
-1.0
-1.0
-1.0
-1.0
-1.0
-1.0
-1.0
51.9303
-1.0
-1.0
-1.0
-1.0
50.7601
-1.0
27.5321
45.0284
-1.0
-1.0
43.8655
-1.0
-1.0
-1.0
-1.0
-1.0
-1.0
-1.0
-1.0
-1.0
47.9375
-1.0
-1.0
-1.0
30.9448
-1.0
-1.0
32.2963
-1.0
-1.0
-1.0
-1.0
-1.0
-1.0
40.8571
-1.0
-1.0
-1.0
-1.0
-1.0
51.561
-1.0
22.5645
-1.0
33.7783
-1.0
-1.0
-1.0
42.8563
-1.0
-1.0
17.4032
-1.0
-1.0
-1.0
22.2188
46.0507
-1.0
-1.0
-1.0
-1.0
32.8211
15.4551
-1.0
-1.0
-1.0
-1.0
50.0707
46.2277
-1.0
-1.0
-1.0
-1.0
-1.0
42.4961
-1.0
39.7603
-1.0
-1.0
40.0359
-1.0
-1.0
-1.0
-1.0
20.9261
-1.0
-1.0
34.4205
-1.0
-1.0
45.2146
50.2635
-1.0
-1.0
44.4358
-1.0
23.4823
44.8813
15.9001
-1.0
-1.0
-1.0
-1.0
21.6893
-1.0
-1.0
-1.0
-1.0
-1.0
-1.0
-1.0
-1.0
-1.0
-1.0
-1.0
-1.0
30.7536
-1.0
-1.0
-1.0
43.753
-1.0
-1.0
-1.0
-1.0
-1.0
-1.0
-1.0
-1.0
-1.0
-1.0
-1.0
-1.0
-1.0
21.0488
-1.0
-1.0
-1.0
-1.0
-1.0
-1.0
-1.0
-1.0
-1.0
-1.0
43.5038
-1.0
-1.0
52.082
-1.0
-1.0
-1.0
-1.0
42.356
-1.0
-1.0
-1.0
42.0157
-1.0
41.6665
-1.0
49.1209
-1.0
-1.0
-1.0
-1.0
-1.0
47.8182
50.6314
-1.0
-1.0
-1.0
-1.0
-1.0
26.0492
44.143
-1.0
-1.0
29.8013
-1.0
41.3416
-1.0
-1.0
-1.0
18.5753
-1.0
-1.0
-1.0
-1.0
-1.0
-1.0
-1.0
26.5836
-1.0
-1.0
-1.0
-1.0
-1.0
-1.0
-1.0
-1.0
-1.0
-1.0
-1.0
-1.0
-1.0
43.3965
-1.0
-1.0
-1.0
-1.0
-1.0
36.6181
-1.0
-1.0
-1.0
30.2521
-1.0
-1.0
-1.0
-1.0
-1.0
-1.0
-1.0
26.5616
-1.0
-1.0
26.358
-1.0
-1.0
30.2945
-1.0
46.3829
-1.0
29.7392
51.2814
-1.0
-1.0
-1.0
-1.0
-1.0
-1.0
-1.0
-1.0
-1.0
-1.0
-1.0
-1.0
-1.0
-1.0
-1.0
-1.0
-1.0
-1.0
-1.0
-1.0
-1.0
42.2102
43.8526
-1.0
-1.0
-1.0
-1.0
35.0391
52.2468
50.4955
41.8204
-1.0
-1.0
-1.0
-1.0
-1.0
-1.0
-1.0
51.2408
45.1562
-1.0
-1.0
-1.0
35.7998
-1.0
-1.0
-1.0
-1.0
46.5589
-1.0
-1.0
-1.0
-1.0
-1.0
-1.0
-1.0
40.4125
-1.0
-1.0
-1.0
-1.0
42.7009
-1.0
-1.0
-1.0
-1.0
-1.0
39.2716
-1.0
-1.0
-1.0
27.0102
-1.0
-1.0
-1.0
-1.0
22.0505
-1.0
44.1147
38.0081
-1.0
-1.0
-1.0
-1.0
-1.0
-1.0
-1.0
-1.0
-1.0
-1.0
32.7965
-1.0
34.92
-1.0
-1.0
52.0026
51.7497
-1.0
-1.0
-1.0
-1.0
-1.0
-1.0
37.1713
-1.0
-1.0
-1.0
-1.0
-1.0
-1.0
-1.0
-1.0
30.7156
-1.0
-1.0
-1.0
25.0637
-1.0
-1.0
-1.0
-1.0
18.3559
31.8702
-1.0
-1.0
-1.0
-1.0
-1.0
-1.0
-1.0
49.1877
-1.0
-1.0
-1.0
-1.0
-1.0
-1.0
-1.0
-1.0
-1.0
-1.0
-1.0
-1.0
-1.0
-1.0
-1.0
51.4601
-1.0
-1.0
-1.0
-1.0
-1.0
-1.0
-1.0
-1.0
-1.0
38.7158
-1.0
-1.0
-1.0
-1.0
-1.0
-1.0
15.9382
-1.0
-1.0
-1.0
45.4878
25.6784
-1.0
-1.0
-1.0
-1.0
36.8057
-1.0
-1.0
-1.0
23.5584
-1.0
43.5776
-1.0
-1.0
-1.0
20.6008
-1.0
-1.0
-1.0
33.8537
-1.0
-1.0
-1.0
40.1635
-1.0
49.9278
-1.0
-1.0
-1.0
-1.0
-1.0
40.9147
-1.0
-1.0
37.8042
-1.0
-1.0
39.616
39.6219
-1.0
41.0216
-1.0
-1.0
11.5774
47.286
-1.0
30.4995
33.8606
-1.0
-1.0
-1.0
-1.0
21.9838
-1.0
-1.0
-1.0
-1.0
-1.0
-1.0
40.1755
44.5831
-1.0
-1.0
-1.0
-1.0
-1.0
31.2438
-1.0
-1.0
-1.0
51.6178
32.2542
-1.0
30.7941
-1.0
-1.0
-1.0
-1.0
-1.0
-1.0
-1.0
-1.0
-1.0
-1.0
38.2639
-1.0
-1.0
30.6663
-1.0
-1.0
-1.0
38.5986
-1.0
-1.0
-1.0
-1.0
-1.0
-1.0
-1.0
-1.0
47.6775
42.003
-1.0
-1.0
-1.0
-1.0
21.81
-1.0
-1.0
-1.0
-1.0
-1.0
-1.0
-1.0
-1.0
49.5233
-1.0
-1.0
-1.0
-1.0
-1.0
-1.0
16.1242
-1.0
-1.0
51.6277
-1.0
37.1534
-1.0
15.042
-1.0
-1.0
-1.0
-1.0
35.9287
-1.0
-1.0
43.8998
-1.0
-1.0
-1.0
-1.0
16.0289
38.5698
22.7675
51.9512
-1.0
-1.0
-1.0
-1.0
36.3285
35.7274
-1.0
-1.0
-1.0
-1.0
17.3418
-1.0
-1.0
29.941
-1.0
-1.0
26.9945
-1.0
-1.0
-1.0
44.0002
48.4578
-1.0
35.9027
-1.0
48.4134
-1.0
-1.0
-1.0
-1.0
50.9834
-1.0
-1.0
-1.0
3.63484
-1.0
-1.0
-1.0
-1.0
-1.0
32.1707
-1.0
-1.0
-1.0
39.8193
-1.0
37.2697
-1.0
-1.0
-1.0
-1.0
-1.0
-1.0
-1.0
-1.0
-1.0
-1.0
-1.0
-1.0
-1.0
-1.0
-1.0
27.9772
-1.0
-1.0
-1.0
-1.0
-1.0
-1.0
-1.0
-1.0
-1.0
-1.0
-1.0
-1.0
-1.0
-1.0
-1.0
-1.0
-1.0
-1.0
-1.0
33.4495
-1.0
-1.0
39.2362
31.3358
-1.0
-1.0
-1.0
-1.0
-1.0
-1.0
-1.0
-1.0
-1.0
35.5723
-1.0
-1.0
-1.0
28.7957
-1.0
21.8379
19.3618
-1.0
-1.0
-1.0
-1.0
-1.0
-1.0
-1.0
-1.0
-1.0
-1.0
-1.0
21.7334
-1.0
-1.0
-1.0
31.5622
-1.0
-1.0
-1.0
-1.0
34.4578
-1.0
-1.0
42.517
-1.0
46.639
-1.0
-1.0
-1.0
-1.0
-1.0
-1.0
-1.0
-1.0
-1.0
30.7263
-1.0
-1.0
-1.0
17.2118
-1.0
-1.0
-1.0
-1.0
-1.0
-1.0
-1.0
51.5128
-1.0
-1.0
-1.0
-1.0
-1.0
-1.0
-1.0
-1.0
-1.0
25.8215
47.1058
46.8392
-1.0
22.0763
-1.0
-1.0
23.4809
-1.0
35.2613
-1.0
-1.0
-1.0
-1.0
-1.0
-1.0
-1.0
-1.0
-1.0
-1.0
-1.0
-1.0
-1.0
46.5386
-1.0
-1.0
-1.0
-1.0
26.3757
-1.0
-1.0
-1.0
-1.0
-1.0
20.4266
-1.0
-1.0
-1.0
-1.0
-1.0
-1.0
51.2002
-1.0
17.977
-1.0
-1.0
-1.0
-1.0
49.3519
12.7229
46.6044
-1.0
-1.0
-1.0
-1.0
35.9473
-1.0
-1.0
-1.0
-1.0
-1.0
-1.0
43.3438
-1.0
-1.0
-1.0
-1.0
-1.0
-1.0
-1.0
42.4335
-1.0
-1.0
-1.0
-1.0
44.6069
40.3018
-1.0
-1.0
-1.0
19.8183
-1.0
-1.0
-1.0
28.0154
-1.0
-1.0
44.6958
32.1364
-1.0
-1.0
-1.0
-1.0
-1.0
-1.0
-1.0
-1.0
-1.0
-1.0
-1.0
28.5791
-1.0
-1.0
-1.0
43.201
-1.0
21.5812
-1.0
-1.0
-1.0
-1.0
-1.0
-1.0
-1.0
-1.0
-1.0
-1.0
-1.0
-1.0
-1.0
-1.0
38.5192
-1.0
-1.0
-1.0
-1.0
-1.0
-1.0
-1.0
-1.0
-1.0
-1.0
41.3705
-1.0
-1.0
42.2898
-1.0
-1.0
42.5297
-1.0
-1.0
-1.0
-1.0
39.3012
-1.0
-1.0
-1.0
-1.0
39.9907
-1.0
-1.0
-1.0
-1.0
-1.0
-1.0
-1.0
-1.0
-1.0
-1.0
35.7334
-1.0
-1.0
-1.0
-1.0
-1.0
-1.0
-1.0
-1.0
-1.0
43.3984
-1.0
-1.0
-1.0
-1.0
44.5565
-1.0
-1.0
-1.0
-1.0
46.872
51.2793
-1.0
-1.0
-1.0
-1.0
-1.0
-1.0
-1.0
-1.0
-1.0
-1.0
-1.0
31.3898
-1.0
-1.0
-1.0
32.6456
-1.0
47.5096
-1.0
-1.0
-1.0
-1.0
-1.0
46.6144
-1.0
-1.0
41.2957
14.9142
38.0971
-1.0
-1.0
-1.0
-1.0
-1.0
-1.0
-1.0
-1.0
-1.0
-1.0
-1.0
-1.0
-1.0
-1.0
37.9703
-1.0
-1.0
-1.0
-1.0
-1.0
-1.0
45.9845
-1.0
-1.0
-1.0
-1.0
-1.0
31.3499
-1.0
-1.0
49.6352
-1.0
31.7261
-1.0
-1.0
-1.0
-1.0
-1.0
-1.0
-1.0
-1.0
-1.0
-1.0
-1.0
-1.0
27.3536
-1.0
-1.0
22.9374
-1.0
35.4275
-1.0
-1.0
-1.0
-1.0
49.9062
-1.0
-1.0
49.5382
-1.0
35.5551
-1.0
-1.0
24.7977
-1.0
-1.0
-1.0
-1.0
-1.0
-1.0
39.0656
-1.0
39.1398
-1.0
-1.0
-1.0
-1.0
41.8873
41.9992
48.0316
-1.0
-1.0
-1.0
45.5994
-1.0
-1.0
-1.0
-1.0
-1.0
-1.0
-1.0
-1.0
-1.0
-1.0
-1.0
-1.0
-1.0
22.2629
48.7552
-1.0
-1.0
26.2961
40.391
-1.0
-1.0
46.7159
-1.0
-1.0
-1.0
-1.0
-1.0
-1.0
-1.0
-1.0
-1.0
-1.0
-1.0
-1.0
-1.0
-1.0
51.4991
-1.0
49.3322
-1.0
-1.0
-1.0
-1.0
-1.0
17.9575
-1.0
-1.0
-1.0
-1.0
40.7544
-1.0
48.937
-1.0
-1.0
-1.0
-1.0
-1.0
-1.0
-1.0
-1.0
-1.0
-1.0
17.5574
-1.0
-1.0
-1.0
-1.0
49.4562
-1.0
-1.0
-1.0
-1.0
-1.0
-1.0
-1.0
49.1721
-1.0
38.9741
-1.0
-1.0
27.4685
38.4725
-1.0
-1.0
-1.0
16.7123
-1.0
-1.0
-1.0
-1.0
36.1865
-1.0
-1.0
-1.0
48.3862
-1.0
-1.0
46.0316
-1.0
41.1204
-1.0
-1.0
-1.0
-1.0
-1.0
-1.0
-1.0
-1.0
-1.0
-1.0
-1.0
-1.0
-1.0
-1.0
-1.0
-1.0
22.5671
46.5501
-1.0
-1.0
-1.0
-1.0
-1.0
51.3255
47.8789
-1.0
29.9639
-1.0
-1.0
-1.0
47.1653
-1.0
-1.0
-1.0
-1.0
-1.0
-1.0
-1.0
-1.0
32.9244
-1.0
-1.0
-1.0
51.584
35.4798
-1.0
-1.0
-1.0
27.6701
-1.0
-1.0
-1.0
-1.0
-1.0
-1.0
-1.0
-1.0
45.8291
-1.0
-1.0
-1.0
-1.0
21.9763
-1.0
-1.0
-1.0
-1.0
-1.0
36.8852
-1.0
-1.0
-1.0
-1.0
-1.0
36.2008
-1.0
-1.0
-1.0
-1.0
-1.0
-1.0
-1.0
29.0228
-1.0
-1.0
37.7791
-1.0
-1.0
-1.0
41.3883
-1.0
-1.0
-1.0
-1.0
-1.0
-1.0
-1.0
-1.0
-1.0
-1.0
-1.0
-1.0
-1.0
22.8663
-1.0
-1.0
-1.0
-1.0
-1.0
27.1113
-1.0
45.2892
30.7453
-1.0
51.3035
-1.0
-1.0
-1.0
-1.0
-1.0
-1.0
30.3977
-1.0
27.6946
-1.0
-1.0
35.1028
-1.0
-1.0
-1.0
-1.0
-1.0
14.7081
27.8591
33.2692
-1.0
-1.0
-1.0
-1.0
37.4717
-1.0
-1.0
-1.0
-1.0
-1.0
-1.0
37.1568
45.8238
18.2384
-1.0
-1.0
-1.0
-1.0
-1.0
21.1303
-1.0
25.8228
28.1508
-1.0
-1.0
-1.0
-1.0
-1.0
-1.0
-1.0
-1.0
-1.0
19.7132
-1.0
-1.0
-1.0
44.4808
30.4659
31.783
-1.0
30.6487
-1.0
42.9774
29.9907
-1.0
-1.0
-1.0
-1.0
-1.0
-1.0
-1.0
-1.0
43.4276
-1.0
-1.0
-1.0
-1.0
-1.0
42.6045
-1.0
36.52
13.3561
-1.0
32.0528
51.2451
-1.0
-1.0
-1.0
-1.0
-1.0
-1.0
-1.0
-1.0
-1.0
-1.0
-1.0
50.941
-1.0
-1.0
-1.0
-1.0
-1.0
-1.0
46.4417
37.4412
-1.0
-1.0
-1.0
30.3006
-1.0
-1.0
-1.0
-1.0
-1.0
-1.0
-1.0
-1.0
38.9745
-1.0
-1.0
-1.0
36.4998
-1.0
30.714
-1.0
-1.0
-1.0
-1.0
52.1079
-1.0
45.0913
-1.0
-1.0
46.2424
-1.0
-1.0
-1.0
-1.0
-1.0
-1.0
-1.0
29.7153
-1.0
-1.0
-1.0
37.2543
-1.0
-1.0
-1.0
-1.0
-1.0
-1.0
-1.0
-1.0
52.0608
-1.0
-1.0
-1.0
32.6979
-1.0
-1.0
-1.0
-1.0
-1.0
-1.0
-1.0
-1.0
-1.0
-1.0
43.4955
-1.0
-1.0
-1.0
-1.0
-1.0
-1.0
-1.0
8.6558
-1.0
40.9871
50.7736
-1.0
21.6043
-1.0
-1.0
-1.0
49.1175
-1.0
-1.0
44.1836
14.6849
51.4173
-1.0
-1.0
-1.0
-1.0
-1.0
-1.0
-1.0
-1.0
-1.0
-1.0
-1.0
-1.0
-1.0
46.0349
50.5372
-1.0
-1.0
-1.0
-1.0
24.6849
-1.0
44.2063
-1.0
18.5647
31.2234
22.895
-1.0
22.8415
-1.0
29.9751
-1.0
-1.0
-1.0
-1.0
-1.0
-1.0
22.502
45.4769
-1.0
-1.0
18.6342
32.9769
51.5212
-1.0
-1.0
-1.0
39.851
-1.0
-1.0
-1.0
-1.0
-1.0
-1.0
-1.0
-1.0
-1.0
55.5003
-1.0
-1.0
-1.0
47.4863
-1.0
-1.0
-1.0
51.9313
-1.0
36.7617
-1.0
-1.0
-1.0
-1.0
34.1008
-1.0
-1.0
-1.0
39.2761
-1.0
-1.0
-1.0
-1.0
-1.0
-1.0
-1.0
33.7172
-1.0
-1.0
-1.0
-1.0
-1.0
-1.0
-1.0
-1.0
41.0538
-1.0
47.1262
-1.0
39.2634
-1.0
-1.0
-1.0
-1.0
26.4964
-1.0
-1.0
-1.0
-1.0
-1.0
-1.0
-1.0
-1.0
-1.0
-1.0
-1.0
-1.0
-1.0
51.787
21.5383
-1.0
-1.0
-1.0
-1.0
48.4203
46.9223
-1.0
-1.0
-1.0
-1.0
-1.0
36.7827
31.1064
-1.0
37.1276
-1.0
-1.0
-1.0
-1.0
41.7447
-1.0
-1.0
-1.0
41.3279
-1.0
38.4774
-1.0
43.8354
-1.0
-1.0
-1.0
-1.0
51.4315
-1.0
29.0455
-1.0
-1.0
-1.0
-1.0
-1.0
-1.0
-1.0
-1.0
-1.0
-1.0
-1.0
-1.0
44.4926
-1.0
-1.0
-1.0
-1.0
-1.0
-1.0
44.7766
-1.0
-1.0
-1.0
-1.0
-1.0
47.714
-1.0
-1.0
-1.0
-1.0
-1.0
-1.0
-1.0
48.9009
41.7001
-1.0
33.3225
-1.0
-1.0
25.7135
31.819
-1.0
48.3807
-1.0
-1.0
-1.0
-1.0
-1.0
-1.0
-1.0
-1.0
-1.0
-1.0
-1.0
45.7001
-1.0
-1.0
-1.0
-1.0
-1.0
-1.0
39.4839
-1.0
-1.0
27.597
-1.0
-1.0
-1.0
-1.0
-1.0
-1.0
50.1016
39.0154
-1.0
-1.0
-1.0
48.1156
-1.0
44.3039
-1.0
-1.0
52.055
-1.0
-1.0
-1.0
-1.0
27.5594
45.2062
-1.0
32.9543
-1.0
-1.0
19.4322
46.4929
-1.0
-1.0
30.4329
13.362
-1.0
-1.0
-1.0
-1.0
-1.0
-1.0
34.686
-1.0
-1.0
-1.0
-1.0
-1.0
-1.0
-1.0
-1.0
-1.0
-1.0
-1.0
-1.0
-1.0
-1.0
48.7729
44.271
-1.0
23.886
-1.0
43.4916
-1.0
-1.0
-1.0
-1.0
50.8097
38.5401
36.9624
-1.0
36.1744
-1.0
39.5946
-1.0
21.8062
-1.0
-1.0
-1.0
18.7464
-1.0
38.9858
-1.0
-1.0
48.3011
50.1387
-1.0
-1.0
-1.0
-1.0
-1.0
-1.0
-1.0
51.2015
-1.0
28.4778
-1.0
-1.0
-1.0
-1.0
-1.0
-1.0
51.1094
-1.0
-1.0
-1.0
-1.0
-1.0
42.0715
38.1458
-1.0
49.9016
-1.0
-1.0
-1.0
-1.0
-1.0
-1.0
27.3994
40.8572
-1.0
15.0405
-1.0
26.132
29.1247
-1.0
13.9356
-1.0
41.0093
45.4665
-1.0
-1.0
47.6795
-1.0
-1.0
-1.0
-1.0
38.2289
-1.0
-1.0
-1.0
-1.0
49.3941
-1.0
34.1717
51.5634
-1.0
42.9233
-1.0
-1.0
-1.0
39.8298
-1.0
-1.0
43.6313
-1.0
-1.0
-1.0
-1.0
-1.0
-1.0
-1.0
-1.0
43.8252
45.3546
-1.0
-1.0
-1.0
-1.0
-1.0
52.2763
-1.0
-1.0
-1.0
-1.0
-1.0
17.8005
-1.0
-1.0
-1.0
41.2308
-1.0
45.8967
-1.0
-1.0
24.4995
-1.0
-1.0
50.2096
-1.0
-1.0
25.2786
43.0888
-1.0
40.381
-1.0
-1.0
-1.0
-1.0
-1.0
-1.0
-1.0
-1.0
15.6359
30.4858
-1.0
49.782
-1.0
-1.0
-1.0
-1.0
-1.0
-1.0
45.9992
26.4349
-1.0
-1.0
-1.0
-1.0
-1.0
-1.0
21.3615
-1.0
-1.0
-1.0
-1.0
-1.0
-1.0
-1.0
-1.0
-1.0
-1.0
-1.0
-1.0
-1.0
25.8522
-1.0
44.8328
-1.0
29.8472
-1.0
-1.0
50.2025
-1.0
-1.0
-1.0
-1.0
37.9366
45.9894
-1.0
-1.0
-1.0
-1.0
47.5264
-1.0
46.0779
-1.0
-1.0
-1.0
38.7876
50.8655
-1.0
47.4906
-1.0
-1.0
-1.0
-1.0
-1.0
-1.0
8.1423
-1.0
-1.0
38.3492
-1.0
-1.0
-1.0
21.5518
37.6096
-1.0
-1.0
-1.0
-1.0
52.2719
-1.0
-1.0
-1.0
-1.0
-1.0
17.6888
-1.0
35.8384
27.8709
-1.0
23.7583
-1.0
-1.0
-1.0
-1.0
-1.0
-1.0
-1.0
-1.0
43.9284
24.4307
-1.0
35.5796
-1.0
48.5924
-1.0
-1.0
-1.0
-1.0
39.0736
-1.0
-1.0
-1.0
-1.0
-1.0
-1.0
-1.0
-1.0
-1.0
-1.0
-1.0
-1.0
39.4184
35.8199
-1.0
-1.0
-1.0
22.4991
-1.0
-1.0
24.4137
15.0055
42.2051
-1.0
-1.0
-1.0
-1.0
-1.0
13.9321
-1.0
-1.0
-1.0
-1.0
-1.0
-1.0
-1.0
-1.0
-1.0
41.4251
36.9994
-1.0
-1.0
-1.0
-1.0
-1.0
47.4285
49.8637
46.6223
-1.0
3.88723
-1.0
-1.0
33.1811
-1.0
38.6162
34.1968
-1.0
-1.0
-1.0
33.1096
17.1448
-1.0
-1.0
-1.0
-1.0
-1.0
-1.0
-1.0
-1.0
-1.0
-1.0
-1.0
-1.0
-1.0
-1.0
32.6372
-1.0
-1.0
-1.0
-1.0
-1.0
31.4662
-1.0
-1.0
-1.0
48.8841
-1.0
-1.0
43.504
-1.0
-1.0
-1.0
-1.0
-1.0
-1.0
-1.0
10.621
-1.0
-1.0
-1.0
-1.0
38.8003
-1.0
-1.0
-1.0
-1.0
-1.0
-1.0
-1.0
-1.0
21.4785
-1.0
-1.0
-1.0
-1.0
-1.0
39.0385
-1.0
12.0464
26.8526
-1.0
-1.0
-1.0
-1.0
-1.0
-1.0
-1.0
44.6141
-1.0
33.7407
-1.0
-1.0
-1.0
-1.0
-1.0
-1.0
-1.0
-1.0
-1.0
-1.0
-1.0
-1.0
-1.0
-1.0
44.6822
-1.0
-1.0
-1.0
-1.0
-1.0
-1.0
-1.0
-1.0
-1.0
-1.0
-1.0
-1.0
-1.0
-1.0
-1.0
-1.0
11.6392
-1.0
-1.0
-1.0
-1.0
-1.0
34.666
-1.0
-1.0
-1.0
-1.0
-1.0
40.466
42.897
-1.0
-1.0
-1.0
-1.0
-1.0
44.4417
-1.0
-1.0
-1.0
-1.0
-1.0
-1.0
-1.0
-1.0
-1.0
-1.0
-1.0
-1.0
-1.0
40.9567
-1.0
-1.0
-1.0
-1.0
38.7471
-1.0
-1.0
-1.0
-1.0
-1.0
-1.0
-1.0
-1.0
-1.0
32.8127
41.9473
50.4048
-1.0
-1.0
-1.0
-1.0
25.4669
-1.0
-1.0
-1.0
32.5537
-1.0
-1.0
-1.0
18.573
-1.0
-1.0
-1.0
37.5191
-1.0
-1.0
-1.0
43.5946
-1.0
-1.0
-1.0
-1.0
16.5428
-1.0
-1.0
51.2533
-1.0
47.1884
-1.0
34.0007
-1.0
-1.0
-1.0
-1.0
40.4542
-1.0
21.6004
-1.0
7.47231
50.3813
-1.0
-1.0
-1.0
-1.0
-1.0
-1.0
50.2493
23.995
-1.0
47.6646
-1.0
35.7898
-1.0
-1.0
-1.0
-1.0
-1.0
-1.0
-1.0
-1.0
-1.0
-1.0
-1.0
-1.0
-1.0
-1.0
-1.0
-1.0
-1.0
-1.0
-1.0
31.7771
36.2432
-1.0
-1.0
-1.0
30.8769
-1.0
-1.0
-1.0
-1.0
-1.0
29.8879
31.8579
40.961
8.84725
-1.0
-1.0
-1.0
-1.0
35.7109
-1.0
-1.0
-1.0
-1.0
48.9366
-1.0
-1.0
-1.0
-1.0
40.0946
46.2901
-1.0
-1.0
-1.0
46.9013
10.2042
-1.0
-1.0
-1.0
-1.0
25.7048
-1.0
-1.0
-1.0
-1.0
-1.0
-1.0
-1.0
-1.0
-1.0
-1.0
-1.0
45.9757
22.3826
45.2933
-1.0
-1.0
-1.0
-1.0
-1.0
-1.0
-1.0
39.5095
30.9228
-1.0
45.1775
-1.0
-1.0
-1.0
-1.0
-1.0
-1.0
19.1052
-1.0
-1.0
44.7489
-1.0
46.569
-1.0
-1.0
23.7081
41.9693
-1.0
-1.0
43.3716
-1.0
50.0303
-1.0
-1.0
-1.0
-1.0
-1.0
38.5236
-1.0
-1.0
-1.0
45.7225
-1.0
-1.0
40.5076
36.5642
39.4658
-1.0
-1.0
-1.0
-1.0
-1.0
-1.0
-1.0
-1.0
-1.0
-1.0
-1.0
-1.0
-1.0
-1.0
25.3771
-1.0
-1.0
-1.0
-1.0
-1.0
-1.0
-1.0
-1.0
34.3761
44.1762
-1.0
-1.0
-1.0
-1.0
-1.0
-1.0
-1.0
-1.0
52.2697
-1.0
-1.0
10.6376
-1.0
-1.0
-1.0
-1.0
-1.0
24.4895
-1.0
-1.0
35.445
-1.0
-1.0
-1.0
13.7077
-1.0
-1.0
48.4037
-1.0
-1.0
43.5385
-1.0
-1.0
-1.0
34.6568
-1.0
-1.0
-1.0
-1.0
-1.0
-1.0
-1.0
-1.0
-1.0
-1.0
-1.0
23.7217
-1.0
-1.0
-1.0
-1.0
-1.0
-1.0
23.6392
-1.0
-1.0
35.3478
-1.0
-1.0
-1.0
-1.0
-1.0
-1.0
47.4979
37.2424
-1.0
-1.0
-1.0
-1.0
-1.0
-1.0
39.0125
-1.0
-1.0
47.7285
40.8396
-1.0
-1.0
-1.0
-1.0
-1.0
-1.0
-1.0
-1.0
-1.0
-1.0
27.9407
45.5691
-1.0
-1.0
36.8361
-1.0
-1.0
-1.0
-1.0
-1.0
-1.0
31.8151
-1.0
-1.0
-1.0
-1.0
-1.0
-1.0
-1.0
-1.0
-1.0
-1.0
-1.0
11.4488
-1.0
-1.0
-1.0
7.1255
-1.0
-1.0
-1.0
-1.0
-1.0
-1.0
-1.0
-1.0
-1.0
-1.0
37.7489
49.8242
-1.0
-1.0
-1.0
43.8574
-1.0
24.1586
-1.0
-1.0
22.9944
24.807
-1.0
-1.0
-1.0
9.8147
-1.0
-1.0
-1.0
-1.0
-1.0
-1.0
38.4384
-1.0
34.9881
-1.0
-1.0
-1.0
-1.0
-1.0
-1.0
-1.0
40.1648
33.5074
-1.0
-1.0
42.5583
45.1668
-1.0
47.8134
-1.0
-1.0
50.3442
-1.0
35.2925
-1.0
-1.0
-1.0
-1.0
-1.0
35.8583
-1.0
-1.0
-1.0
-1.0
-1.0
-1.0
-1.0
-1.0
-1.0
-1.0
-1.0
-1.0
-1.0
-1.0
33.6102
-1.0
-1.0
32.4117
38.3799
27.4929
-1.0
-1.0
41.2887
-1.0
-1.0
12.4665
-1.0
-1.0
-1.0
-1.0
46.8524
-1.0
-1.0
-1.0
-1.0
-1.0
-1.0
-1.0
22.2458
-1.0
-1.0
22.5926
52.296
35.8646
51.8086
-1.0
-1.0
35.8022
-1.0
-1.0
-1.0
-1.0
-1.0
-1.0
-1.0
-1.0
-1.0
-1.0
35.7712
-1.0
-1.0
-1.0
-1.0
-1.0
-1.0
-1.0
-1.0
-1.0
-1.0
-1.0
-1.0
-1.0
-1.0
-1.0
-1.0
-1.0
-1.0
-1.0
-1.0
36.1952
-1.0
-1.0
-1.0
-1.0
-1.0
-1.0
-1.0
42.3925
11.6657
-1.0
47.5774
-1.0
27.1894
-1.0
-1.0
42.2505
-1.0
-1.0
-1.0
-1.0
-1.0
-1.0
-1.0
-1.0
-1.0
-1.0
-1.0
-1.0
-1.0
-1.0
-1.0
29.7536
-1.0
-1.0
-1.0
-1.0
-1.0
-1.0
41.656
-1.0
-1.0
-1.0
-1.0
-1.0
-1.0
-1.0
-1.0
39.5436
36.4769
-1.0
-1.0
-1.0
-1.0
-1.0
-1.0
-1.0
-1.0
-1.0
-1.0
-1.0
37.3422
-1.0
-1.0
-1.0
-1.0
50.4072
-1.0
-1.0
-1.0
-1.0
-1.0
-1.0
-1.0
-1.0
11.7595
33.666
-1.0
-1.0
48.0078
42.3109
-1.0
-1.0
-1.0
-1.0
-1.0
-1.0
-1.0
-1.0
-1.0
-1.0
-1.0
-1.0
-1.0
-1.0
-1.0
-1.0
-1.0
-1.0
-1.0
-1.0
-1.0
-1.0
-1.0
-1.0
-1.0
14.5902
-1.0
-1.0
-1.0
43.659
-1.0
48.4461
-1.0
-1.0
42.9269
-1.0
-1.0
45.6332
-1.0
-1.0
-1.0
-1.0
27.5234
-1.0
-1.0
30.7556
-1.0
38.2879
-1.0
-1.0
-1.0
-1.0
-1.0
-1.0
-1.0
-1.0
-1.0
-1.0
-1.0
-1.0
-1.0
-1.0
-1.0
-1.0
-1.0
23.1404
-1.0
-1.0
-1.0
-1.0
40.7495
51.1004
-1.0
48.5122
-1.0
54.5357
-1.0
-1.0
-1.0
-1.0
-1.0
48.1643
-1.0
-1.0
-1.0
-1.0
-1.0
37.4235
-1.0
-1.0
-1.0
-1.0
-1.0
-1.0
-1.0
-1.0
-1.0
-1.0
-1.0
-1.0
52.0679
-1.0
-1.0
-1.0
50.2571
-1.0
-1.0
-1.0
-1.0
26.6745
-1.0
-1.0
-1.0
-1.0
-1.0
20.15
41.3845
-1.0
-1.0
-1.0
-1.0
-1.0
-1.0
-1.0
36.9186
37.5185
-1.0
45.2204
-1.0
20.1148
35.7908
-1.0
37.5356
47.8336
41.5446
-1.0
-1.0
-1.0
-1.0
46.9491
-1.0
-1.0
-1.0
-1.0
-1.0
-1.0
45.5972
-1.0
-1.0
45.2863
-1.0
-1.0
-1.0
-1.0
-1.0
-1.0
-1.0
-1.0
35.8429
-1.0
28.1738
-1.0
-1.0
-1.0
32.091
-1.0
-1.0
34.9206
-1.0
31.7176
-1.0
-1.0
33.9842
-1.0
13.535
-1.0
-1.0
-1.0
-1.0
-1.0
-1.0
-1.0
-1.0
-1.0
37.7808
-1.0
-1.0
48.932
34.7386
-1.0
-1.0
-1.0
-1.0
-1.0
-1.0
-1.0
-1.0
-1.0
-1.0
53.4256
21.5858
38.2464
35.5682
-1.0
-1.0
32.9853
-1.0
-1.0
-1.0
-1.0
-1.0
-1.0
-1.0
-1.0
-1.0
-1.0
-1.0
-1.0
-1.0
-1.0
-1.0
-1.0
-1.0
-1.0
-1.0
-1.0
-1.0
36.3644
-1.0
-1.0
46.8269
44.2875
-1.0
-1.0
-1.0
26.6083
-1.0
29.0639
-1.0
-1.0
-1.0
18.9699
-1.0
-1.0
53.8644
-1.0
23.6601
-1.0
-1.0
-1.0
34.6583
-1.0
-1.0
-1.0
-1.0
-1.0
-1.0
48.6987
46.4965
-1.0
-1.0
-1.0
-1.0
-1.0
-1.0
-1.0
-1.0
-1.0
-1.0
32.9828
26.2276
-1.0
-1.0
-1.0
38.3847
-1.0
34.8084
-1.0
-1.0
-1.0
48.4022
-1.0
-1.0
46.3927
-1.0
-1.0
-1.0
-1.0
37.4526
-1.0
-1.0
-1.0
-1.0
-1.0
34.1664
47.2555
-1.0
-1.0
49.701
-1.0
-1.0
-1.0
9.10009
-1.0
-1.0
39.4326
-1.0
-1.0
-1.0
35.9659
-1.0
39.6762
-1.0
-1.0
-1.0
-1.0
50.7546
46.3526
-1.0
-1.0
-1.0
35.1445
-1.0
-1.0
-1.0
-1.0
-1.0
-1.0
-1.0
-1.0
-1.0
-1.0
-1.0
-1.0
-1.0
-1.0
16.7398
-1.0
-1.0
-1.0
-1.0
-1.0
51.0939
43.1896
-1.0
-1.0
31.5879
-1.0
27.9379
20.0598
-1.0
-1.0
-1.0
-1.0
-1.0
-1.0
-1.0
-1.0
-1.0
-1.0
29.0344
32.2326
26.2301
-1.0
-1.0
48.8645
-1.0
7.35453
34.9181
38.2004
-1.0
-1.0
-1.0
-1.0
-1.0
-1.0
-1.0
-1.0
-1.0
-1.0
-1.0
-1.0
-1.0
-1.0
-1.0
-1.0
-1.0
20.2429
-1.0
-1.0
-1.0
-1.0
48.9554
-1.0
-1.0
22.9417
-1.0
32.0565
-1.0
-1.0
-1.0
-1.0
-1.0
-1.0
-1.0
-1.0
-1.0
-1.0
-1.0
-1.0
-1.0
-1.0
-1.0
42.4716
-1.0
38.166
-1.0
45.2296
-1.0
52.895
32.0878
-1.0
-1.0
-1.0
-1.0
-1.0
49.3627
-1.0
-1.0
-1.0
-1.0
-1.0
-1.0
-1.0
18.4589
21.3963
44.886
38.9218
-1.0
47.0952
-1.0
-1.0
-1.0
42.401
-1.0
-1.0
-1.0
-1.0
-1.0
-1.0
-1.0
34.7688
-1.0
-1.0
-1.0
-1.0
8.59923
-1.0
-1.0
-1.0
-1.0
-1.0
-1.0
-1.0
-1.0
-1.0
-1.0
-1.0
-1.0
-1.0
-1.0
-1.0
-1.0
-1.0
10.0669
-1.0
-1.0
-1.0
-1.0
-1.0
-1.0
-1.0
34.3972
-1.0
-1.0
-1.0
-1.0
54.8555
-1.0
50.0072
23.8698
-1.0
-1.0
-1.0
-1.0
-1.0
-1.0
-1.0
-1.0
-1.0
38.017
-1.0
-1.0
-1.0
-1.0
-1.0
-1.0
-1.0
-1.0
-1.0
-1.0
-1.0
44.4238
-1.0
-1.0
-1.0
46.042
-1.0
-1.0
-1.0
-1.0
18.7592
-1.0
-1.0
-1.0
-1.0
40.4526
-1.0
-1.0
41.0652
-1.0
-1.0
52.2421
-1.0
-1.0
-1.0
-1.0
37.3759
-1.0
36.9502
-1.0
-1.0
-1.0
-1.0
-1.0
-1.0
-1.0
-1.0
-1.0
14.4953
-1.0
-1.0
-1.0
-1.0
-1.0
-1.0
-1.0
13.9602
-1.0
-1.0
14.814
-1.0
-1.0
24.0074
-1.0
46.1795
-1.0
22.0888
-1.0
-1.0
-1.0
32.5179
46.3963
-1.0
-1.0
-1.0
-1.0
27.8575
-1.0
19.1275
33.2767
-1.0
-1.0
-1.0
44.7001
-1.0
35.4564
-1.0
-1.0
-1.0
32.3889
-1.0
-1.0
-1.0
-1.0
-1.0
42.7126
-1.0
-1.0
-1.0
-1.0
-1.0
47.3651
-1.0
-1.0
-1.0
-1.0
-1.0
-1.0
-1.0
-1.0
-1.0
-1.0
-1.0
-1.0
-1.0
-1.0
-1.0
-1.0
-1.0
-1.0
-1.0
-1.0
-1.0
-1.0
40.9594
-1.0
9.52997
-1.0
-1.0
-1.0
-1.0
42.9482
-1.0
38.0529
-1.0
-1.0
-1.0
-1.0
38.4892
-1.0
-1.0
-1.0
-1.0
-1.0
-1.0
13.2615
-1.0
-1.0
-1.0
-1.0
-1.0
-1.0
46.2189
-1.0
18.7131
-1.0
47.0354
-1.0
-1.0
-1.0
-1.0
38.1975
-1.0
-1.0
-1.0
-1.0
44.5573
-1.0
-1.0
-1.0
-1.0
-1.0
-1.0
-1.0
-1.0
-1.0
-1.0
-1.0
-1.0
51.8006
48.9147
-1.0
-1.0
35.397
-1.0
-1.0
-1.0
-1.0
-1.0
-1.0
-1.0
33.0469
-1.0
-1.0
-1.0
-1.0
46.6172
-1.0
-1.0
-1.0
31.3655
-1.0
-1.0
-1.0
-1.0
-1.0
-1.0
-1.0
-1.0
-1.0
-1.0
-1.0
-1.0
-1.0
34.4448
-1.0
-1.0
-1.0
-1.0
-1.0
34.4539
-1.0
-1.0
47.8259
26.554
-1.0
46.8493
47.5611
-1.0
-1.0
-1.0
-1.0
-1.0
-1.0
-1.0
45.4248
-1.0
48.4774
-1.0
-1.0
-1.0
40.0995
34.4507
38.1912
-1.0
-1.0
-1.0
-1.0
49.8849
30.2421
-1.0
-1.0
-1.0
40.8059
-1.0
11.2449
-1.0
-1.0
-1.0
-1.0
33.486
36.7257
-1.0
-1.0
-1.0
-1.0
48.638
-1.0
-1.0
-1.0
34.4677
-1.0
-1.0
-1.0
-1.0
-1.0
-1.0
-1.0
-1.0
-1.0
27.7793
-1.0
-1.0
-1.0
-1.0
-1.0
-1.0
49.0595
-1.0
-1.0
-1.0
-1.0
-1.0
-1.0
-1.0
-1.0
-1.0
-1.0
-1.0
-1.0
-1.0
-1.0
-1.0
-1.0
-1.0
-1.0
-1.0
-1.0
-1.0
-1.0
-1.0
-1.0
-1.0
-1.0
-1.0
-1.0
42.8919
-1.0
-1.0
-1.0
-1.0
-1.0
-1.0
-1.0
-1.0
-1.0
-1.0
-1.0
-1.0
-1.0
-1.0
45.877
-1.0
-1.0
46.1145
-1.0
29.2046
-1.0
-1.0
11.3047
-1.0
-1.0
-1.0
29.227
-1.0
-1.0
-1.0
-1.0
41.4903
-1.0
31.627
-1.0
-1.0
-1.0
-1.0
-1.0
-1.0
49.73
-1.0
51.293
-1.0
-1.0
-1.0
-1.0
-1.0
-1.0
-1.0
-1.0
-1.0
24.4568
-1.0
-1.0
37.735
-1.0
-1.0
-1.0
-1.0
-1.0
-1.0
40.9319
-1.0
-1.0
-1.0
49.3789
48.2771
-1.0
-1.0
47.6696
-1.0
-1.0
-1.0
-1.0
-1.0
-1.0
-1.0
-1.0
-1.0
32.9331
-1.0
-1.0
-1.0
-1.0
-1.0
-1.0
-1.0
-1.0
-1.0
50.2669
-1.0
-1.0
34.4238
-1.0
-1.0
50.6573
-1.0
-1.0
-1.0
-1.0
-1.0
-1.0
-1.0
-1.0
-1.0
-1.0
45.5442
-1.0
-1.0
-1.0
-1.0
-1.0
-1.0
-1.0
-1.0
-1.0
-1.0
-1.0
-1.0
37.9162
-1.0
-1.0
-1.0
-1.0
-1.0
-1.0
-1.0
-1.0
-1.0
-1.0
-1.0
38.1538
-1.0
-1.0
-1.0
28.3511
33.4324
-1.0
-1.0
-1.0
-1.0
-1.0
-1.0
-1.0
46.7328
-1.0
-1.0
-1.0
-1.0
-1.0
-1.0
21.1544
13.8815
-1.0
-1.0
-1.0
-1.0
-1.0
-1.0
-1.0
-1.0
-1.0
-1.0
-1.0
31.1669
-1.0
21.8709
40.5589
41.8666
-1.0
-1.0
-1.0
39.8135
-1.0
-1.0
-1.0
45.2276
-1.0
-1.0
-1.0
-1.0
-1.0
-1.0
-1.0
-1.0
-1.0
38.7635
-1.0
-1.0
-1.0
-1.0
-1.0
-1.0
-1.0
-1.0
-1.0
-1.0
-1.0
-1.0
-1.0
-1.0
51.6661
-1.0
36.1396
-1.0
-1.0
-1.0
-1.0
20.1331
-1.0
-1.0
-1.0
-1.0
-1.0
-1.0
-1.0
-1.0
-1.0
-1.0
-1.0
-1.0
-1.0
-1.0
41.1584
-1.0
-1.0
-1.0
-1.0
-1.0
47.1942
32.8187
-1.0
47.3122
-1.0
32.7355
39.2607
39.3401
-1.0
25.2906
49.2585
28.8606
-1.0
-1.0
-1.0
-1.0
-1.0
-1.0
-1.0
47.2232
-1.0
-1.0
-1.0
-1.0
-1.0
-1.0
-1.0
-1.0
-1.0
-1.0
49.8554
-1.0
46.0206
-1.0
-1.0
39.8974
-1.0
-1.0
-1.0
-1.0
43.8172
-1.0
-1.0
-1.0
-1.0
49.5651
-1.0
-1.0
-1.0
34.1644
-1.0
34.2589
-1.0
44.0522
-1.0
-1.0
-1.0
-1.0
-1.0
-1.0
-1.0
-1.0
-1.0
20.4796
-1.0
-1.0
-1.0
-1.0
-1.0
-1.0
34.9536
-1.0
16.3061
-1.0
-1.0
-1.0
-1.0
-1.0
-1.0
-1.0
-1.0
-1.0
-1.0
32.6831
46.1091
-1.0
22.4619
-1.0
-1.0
-1.0
-1.0
-1.0
-1.0
37.0057
-1.0
-1.0
-1.0
26.5613
-1.0
51.4485
-1.0
-1.0
-1.0
44.7017
-1.0
-1.0
52.2209
48.9743
-1.0
44.8917
-1.0
-1.0
49.6928
-1.0
-1.0
-1.0
-1.0
-1.0
-1.0
-1.0
-1.0
-1.0
-1.0
14.6919
-1.0
-1.0
-1.0
23.5543
-1.0
-1.0
-1.0
40.3295
-1.0
-1.0
24.4607
-1.0
-1.0
-1.0
-1.0
-1.0
-1.0
-1.0
-1.0
-1.0
-1.0
-1.0
-1.0
-1.0
-1.0
-1.0
34.3606
-1.0
-1.0
-1.0
-1.0
21.8013
-1.0
-1.0
-1.0
-1.0
-1.0
-1.0
-1.0
-1.0
13.9488
50.799
-1.0
-1.0
37.2047
43.3071
-1.0
-1.0
-1.0
-1.0
-1.0
22.49
48.2927
28.4281
-1.0
-1.0
-1.0
-1.0
-1.0
-1.0
41.6594
-1.0
-1.0
21.0806
-1.0
-1.0
-1.0
-1.0
-1.0
-1.0
50.5147
-1.0
-1.0
-1.0
-1.0
-1.0
-1.0
-1.0
34.0204
17.3236
31.6283
-1.0
-1.0
43.7222
-1.0
-1.0
-1.0
-1.0
29.4207
25.1893
36.5701
-1.0
-1.0
-1.0
-1.0
-1.0
-1.0
-1.0
-1.0
-1.0
-1.0
-1.0
-1.0
-1.0
-1.0
-1.0
-1.0
-1.0
-1.0
-1.0
31.4223
50.7277
-1.0
-1.0
-1.0
42.3322
-1.0
-1.0
-1.0
-1.0
-1.0
-1.0
-1.0
-1.0
-1.0
-1.0
-1.0
-1.0
-1.0
50.6323
-1.0
44.4547
-1.0
-1.0
-1.0
-1.0
-1.0
-1.0
-1.0
-1.0
43.9337
-1.0
-1.0
-1.0
-1.0
-1.0
-1.0
-1.0
-1.0
-1.0
-1.0
-1.0
-1.0
34.0093
39.9248
-1.0
-1.0
-1.0
-1.0
-1.0
33.184
-1.0
30.974
-1.0
-1.0
-1.0
-1.0
-1.0
44.3416
41.6184
-1.0
44.0943
-1.0
-1.0
-1.0
41.9372
52.2821
46.9551
-1.0
-1.0
-1.0
-1.0
-1.0
-1.0
-1.0
-1.0
-1.0
-1.0
-1.0
-1.0
12.747
-1.0
-1.0
-1.0
-1.0
-1.0
-1.0
-1.0
-1.0
-1.0
-1.0
16.9228
-1.0
30.5802
-1.0
-1.0
32.9974
-1.0
13.956
41.3718
-1.0
-1.0
-1.0
23.5424
-1.0
-1.0
-1.0
48.0236
-1.0
-1.0
-1.0
-1.0
-1.0
-1.0
-1.0
-1.0
-1.0
-1.0
-1.0
-1.0
42.5687
-1.0
-1.0
-1.0
-1.0
-1.0
-1.0
-1.0
-1.0
32.4851
-1.0
-1.0
-1.0
36.6885
-1.0
-1.0
13.4907
-1.0
-1.0
-1.0
-1.0
-1.0
25.1624
32.4237
-1.0
-1.0
-1.0
-1.0
-1.0
-1.0
-1.0
-1.0
29.7013
-1.0
47.039
47.4446
-1.0
47.9703
-1.0
-1.0
-1.0
41.9928
-1.0
-1.0
-1.0
-1.0
-1.0
-1.0
-1.0
42.7176
-1.0
39.2089
-1.0
-1.0
-1.0
-1.0
-1.0
-1.0
-1.0
-1.0
15.1798
-1.0
27.0987
37.4793
-1.0
-1.0
-1.0
-1.0
-1.0
-1.0
-1.0
-1.0
-1.0
46.7942
-1.0
35.3149
47.788
-1.0
-1.0
-1.0
-1.0
42.2116
-1.0
-1.0
-1.0
-1.0
-1.0
-1.0
-1.0
-1.0
-1.0
-1.0
-1.0
34.4323
-1.0
-1.0
-1.0
40.074
44.5259
-1.0
39.8347
-1.0
-1.0
26.5997
-1.0
-1.0
45.1247
-1.0
-1.0
-1.0
-1.0
32.6736
-1.0
-1.0
-1.0
-1.0
-1.0
-1.0
32.7822
45.8123
-1.0
-1.0
-1.0
-1.0
-1.0
-1.0
-1.0
47.6555
-1.0
29.7289
-1.0
-1.0
-1.0
-1.0
-1.0
-1.0
-1.0
-1.0
-1.0
-1.0
30.5927
46.6196
-1.0
-1.0
-1.0
-1.0
-1.0
52.2749
-1.0
49.9207
-1.0
49.299
35.3991
-1.0
-1.0
-1.0
-1.0
-1.0
-1.0
-1.0
-1.0
-1.0
-1.0
-1.0
33.8906
-1.0
-1.0
-1.0
49.9756
-1.0
-1.0
-1.0
-1.0
-1.0
-1.0
32.5167
-1.0
-1.0
47.411
-1.0
-1.0
31.9785
-1.0
-1.0
-1.0
-1.0
-1.0
-1.0
38.7156
-1.0
-1.0
-1.0
-1.0
-1.0
-1.0
-1.0
-1.0
-1.0
-1.0
-1.0
-1.0
15.375
-1.0
-1.0
-1.0
-1.0
26.3582
-1.0
-1.0
-1.0
-1.0
-1.0
-1.0
-1.0
-1.0
-1.0
-1.0
50.2691
-1.0
-1.0
-1.0
-1.0
50.5161
-1.0
-1.0
-1.0
-1.0
42.609
-1.0
-1.0
39.4845
45.5921
36.6924
-1.0
-1.0
52.0605
37.7225
42.9546
-1.0
-1.0
44.6312
-1.0
-1.0
-1.0
-1.0
-1.0
-1.0
-1.0
32.4816
-1.0
-1.0
-1.0
-1.0
40.4485
33.3935
-1.0
-1.0
-1.0
15.8335
-1.0
-1.0
-1.0
41.0252
-1.0
-1.0
-1.0
-1.0
-1.0
-1.0
23.0508
-1.0
-1.0
-1.0
-1.0
-1.0
-1.0
-1.0
-1.0
26.479
-1.0
-1.0
-1.0
-1.0
-1.0
-1.0
47.4189
-1.0
-1.0
-1.0
-1.0
-1.0
-1.0
-1.0
42.9834
-1.0
-1.0
-1.0
-1.0
31.6189
-1.0
-1.0
-1.0
18.2598
-1.0
47.9462
-1.0
-1.0
30.7366
-1.0
-1.0
44.4934
-1.0
-1.0
-1.0
9.79636
-1.0
-1.0
-1.0
-1.0
-1.0
-1.0
-1.0
24.1242
42.8643
-1.0
-1.0
-1.0
29.3999
-1.0
-1.0
-1.0
-1.0
-1.0
-1.0
-1.0
37.5238
46.614
-1.0
32.2114
42.6743
-1.0
-1.0
17.4113
-1.0
37.4219
-1.0
-1.0
-1.0
-1.0
50.0025
48.4613
-1.0
26.2973
-1.0
-1.0
-1.0
-1.0
-1.0
-1.0
-1.0
23.5292
28.4055
25.9092
-1.0
-1.0
-1.0
26.1457
-1.0
-1.0
-1.0
-1.0
-1.0
-1.0
35.2638
-1.0
24.9874
-1.0
20.0832
-1.0
-1.0
29.8015
-1.0
18.6302
-1.0
-1.0
-1.0
-1.0
-1.0
-1.0
34.7809
-1.0
-1.0
-1.0
-1.0
-1.0
-1.0
-1.0
-1.0
-1.0
-1.0
-1.0
49.386
51.8638
41.5313
-1.0
51.993
-1.0
-1.0
-1.0
-1.0
-1.0
-1.0
-1.0
-1.0
-1.0
-1.0
-1.0
-1.0
-1.0
-1.0
-1.0
-1.0
37.5825
-1.0
-1.0
51.2022
-1.0
42.8829
-1.0
-1.0
-1.0
33.5661
-1.0
-1.0
25.5615
-1.0
-1.0
-1.0
-1.0
31.3131
-1.0
-1.0
-1.0
-1.0
-1.0
42.6633
48.4074
-1.0
-1.0
-1.0
-1.0
-1.0
-1.0
-1.0
-1.0
-1.0
47.5244
-1.0
-1.0
32.4663
-1.0
-1.0
-1.0
-1.0
-1.0
-1.0
-1.0
49.1881
-1.0
-1.0
-1.0
-1.0
36.4425
-1.0
-1.0
-1.0
-1.0
-1.0
51.3039
-1.0
40.5431
48.9677
-1.0
-1.0
48.2053
51.1258
-1.0
-1.0
-1.0
-1.0
-1.0
43.0608
-1.0
-1.0
-1.0
-1.0
-1.0
36.9835
-1.0
37.3834
-1.0
-1.0
-1.0
-1.0
-1.0
-1.0
34.7307
-1.0
-1.0
-1.0
-1.0
-1.0
-1.0
-1.0
31.9081
-1.0
-1.0
-1.0
-1.0
-1.0
-1.0
-1.0
39.6195
-1.0
-1.0
-1.0
46.2259
-1.0
-1.0
-1.0
-1.0
-1.0
49.488
41.5753
-1.0
-1.0
36.0981
-1.0
-1.0
-1.0
-1.0
-1.0
-1.0
-1.0
-1.0
-1.0
-1.0
-1.0
28.135
-1.0
-1.0
18.2827
-1.0
-1.0
38.5294
37.2154
-1.0
-1.0
-1.0
-1.0
29.4412
-1.0
-1.0
-1.0
-1.0
-1.0
-1.0
-1.0
-1.0
-1.0
-1.0
-1.0
25.6579
-1.0
-1.0
-1.0
-1.0
-1.0
-1.0
-1.0
-1.0
21.0498
-1.0
-1.0
-1.0
34.602
-1.0
-1.0
-1.0
-1.0
-1.0
-1.0
-1.0
-1.0
-1.0
43.5084
30.942
50.9851
-1.0
-1.0
-1.0
45.8303
-1.0
-1.0
18.7097
-1.0
-1.0
-1.0
-1.0
40.3908
-1.0
-1.0
-1.0
-1.0
-1.0
-1.0
38.5192
-1.0
47.6982
-1.0
-1.0
-1.0
-1.0
45.1593
50.0448
-1.0
-1.0
-1.0
-1.0
-1.0
-1.0
-1.0
-1.0
-1.0
41.7203
-1.0
40.2731
-1.0
34.4141
-1.0
-1.0
-1.0
16.8629
39.5771
-1.0
-1.0
-1.0
-1.0
-1.0
-1.0
35.605
35.8323
30.4649
-1.0
-1.0
-1.0
40.4132
-1.0
33.0512
-1.0
-1.0
34.1756
-1.0
-1.0
-1.0
-1.0
-1.0
31.3207
-1.0
-1.0
31.2289
-1.0
-1.0
-1.0
33.8044
-1.0
47.1835
12.7261
30.8975
24.1827
-1.0
-1.0
-1.0
52.1878
45.1216
-1.0
-1.0
-1.0
-1.0
43.9273
-1.0
-1.0
-1.0
-1.0
-1.0
23.5216
-1.0
-1.0
19.0906
-1.0
46.1002
-1.0
-1.0
-1.0
32.7146
-1.0
34.18
40.635
-1.0
-1.0
-1.0
-1.0
-1.0
-1.0
50.6789
-1.0
-1.0
-1.0
51.8878
-1.0
-1.0
20.108
-1.0
32.7357
-1.0
-1.0
-1.0
-1.0
-1.0
-1.0
32.9467
-1.0
-1.0
-1.0
-1.0
-1.0
-1.0
-1.0
44.7798
-1.0
31.3371
-1.0
46.6658
-1.0
45.3931
-1.0
35.3328
-1.0
37.6583
-1.0
33.0226
-1.0
-1.0
-1.0
29.3553
-1.0
-1.0
29.8019
-1.0
-1.0
-1.0
-1.0
-1.0
-1.0
-1.0
-1.0
-1.0
30.9976
-1.0
-1.0
-1.0
14.7628
-1.0
-1.0
-1.0
-1.0
-1.0
46.5338
-1.0
-1.0
-1.0
-1.0
-1.0
-1.0
-1.0
-1.0
-1.0
-1.0
-1.0
-1.0
-1.0
-1.0
-1.0
47.956
-1.0
-1.0
-1.0
-1.0
49.9375
-1.0
-1.0
-1.0
20.5127
-1.0
-1.0
-1.0
-1.0
-1.0
-1.0
-1.0
-1.0
-1.0
-1.0
-1.0
47.3948
-1.0
-1.0
-1.0
-1.0
-1.0
41.3324
-1.0
-1.0
-1.0
-1.0
-1.0
-1.0
-1.0
-1.0
-1.0
51.9092
-1.0
-1.0
-1.0
-1.0
33.1398
31.1372
-1.0
40.5534
-1.0
-1.0
14.4515
-1.0
-1.0
-1.0
-1.0
-1.0
-1.0
-1.0
-1.0
-1.0
-1.0
-1.0
-1.0
46.1152
39.985
-1.0
-1.0
35.8704
40.8236
-1.0
-1.0
-1.0
-1.0
-1.0
-1.0
-1.0
-1.0
-1.0
-1.0
-1.0
-1.0
49.293
-1.0
-1.0
-1.0
-1.0
36.7817
-1.0
-1.0
-1.0
42.555
-1.0
-1.0
-1.0
16.046
-1.0
-1.0
-1.0
-1.0
-1.0
-1.0
51.5923
-1.0
-1.0
32.7159
-1.0
-1.0
-1.0
-1.0
-1.0
-1.0
41.1742
-1.0
-1.0
-1.0
-1.0
-1.0
-1.0
-1.0
-1.0
36.6536
-1.0
39.1495
40.3548
-1.0
-1.0
34.96
-1.0
-1.0
40.5254
-1.0
43.675
-1.0
-1.0
-1.0
47.653
-1.0
-1.0
24.0178
-1.0
-1.0
-1.0
-1.0
-1.0
-1.0
-1.0
-1.0
-1.0
-1.0
-1.0
-1.0
-1.0
51.8427
-1.0
-1.0
-1.0
-1.0
-1.0
-1.0
-1.0
35.8608
-1.0
-1.0
-1.0
-1.0
-1.0
-1.0
-1.0
-1.0
-1.0
36.2521
-1.0
-1.0
-1.0
-1.0
-1.0
42.8989
47.1115
-1.0
35.4927
-1.0
-1.0
48.5474
-1.0
-1.0
-1.0
-1.0
40.1529
-1.0
-1.0
40.9528
-1.0
-1.0
-1.0
-1.0
23.8803
-1.0
-1.0
-1.0
-1.0
-1.0
32.7068
-1.0
-1.0
15.138
-1.0
-1.0
45.682
-1.0
-1.0
-1.0
-1.0
-1.0
-1.0
32.5681
-1.0
-1.0
-1.0
25.6031
-1.0
46.8575
-1.0
-1.0
29.4915
48.4267
-1.0
-1.0
43.5161
11.35
-1.0
-1.0
-1.0
-1.0
-1.0
-1.0
51.1925
-1.0
-1.0
22.5951
-1.0
-1.0
27.2876
-1.0
-1.0
-1.0
-1.0
-1.0
43.1489
-1.0
-1.0
-1.0
49.5694
-1.0
-1.0
49.3675
-1.0
-1.0
-1.0
-1.0
-1.0
-1.0
-1.0
27.9831
-1.0
-1.0
-1.0
-1.0
-1.0
36.1388
-1.0
33.9679
-1.0
-1.0
-1.0
-1.0
-1.0
-1.0
47.3323
-1.0
-1.0
-1.0
-1.0
-1.0
-1.0
-1.0
-1.0
-1.0
44.9584
-1.0
38.1308
-1.0
26.0244
-1.0
-1.0
-1.0
-1.0
-1.0
-1.0
-1.0
-1.0
-1.0
46.6983
-1.0
-1.0
-1.0
-1.0
-1.0
-1.0
-1.0
43.5178
-1.0
-1.0
28.9381
-1.0
-1.0
-1.0
-1.0
-1.0
-1.0
-1.0
39.1502
-1.0
-1.0
34.5454
-1.0
-1.0
-1.0
-1.0
18.9853
-1.0
-1.0
-1.0
-1.0
-1.0
-1.0
40.4906
-1.0
8.80403
43.1069
-1.0
-1.0
-1.0
28.7919
-1.0
-1.0
32.3801
-1.0
37.425
-1.0
-1.0
17.7367
-1.0
-1.0
46.7734
-1.0
-1.0
-1.0
-1.0
-1.0
-1.0
-1.0
-1.0
-1.0
-1.0
45.5418
11.5584
29.8601
51.2766
-1.0
-1.0
-1.0
-1.0
23.6195
-1.0
-1.0
-1.0
-1.0
-1.0
-1.0
-1.0
47.8304
-1.0
-1.0
44.8348
-1.0
-1.0
-1.0
-1.0
-1.0
53.9998
-1.0
-1.0
-1.0
-1.0
-1.0
-1.0
52.2855
22.7536
-1.0
-1.0
-1.0
-1.0
-1.0
-1.0
47.151
-1.0
-1.0
16.0912
38.3433
51.5769
-1.0
49.8845
-1.0
-1.0
36.2623
34.285
-1.0
-1.0
-1.0
41.8659
-1.0
-1.0
-1.0
26.7106
-1.0
-1.0
-1.0
-1.0
-1.0
46.112
-1.0
-1.0
-1.0
-1.0
-1.0
-1.0
-1.0
28.3199
-1.0
-1.0
-1.0
35.0881
-1.0
-1.0
-1.0
-1.0
-1.0
-1.0
-1.0
-1.0
-1.0
-1.0
23.4132
-1.0
-1.0
-1.0
38.0883
36.7401
40.5507
-1.0
-1.0
31.9398
-1.0
-1.0
49.2107
-1.0
17.5673
-1.0
-1.0
-1.0
-1.0
-1.0
-1.0
-1.0
-1.0
-1.0
36.5465
-1.0
37.4278
-1.0
-1.0
-1.0
-1.0
45.4217
-1.0
31.8782
-1.0
-1.0
-1.0
-1.0
-1.0
-1.0
-1.0
-1.0
46.6076
16.3409
-1.0
-1.0
31.2187
-1.0
29.8255
-1.0
-1.0
-1.0
-1.0
-1.0
-1.0
-1.0
-1.0
-1.0
-1.0
-1.0
-1.0
-1.0
-1.0
-1.0
-1.0
27.5396
34.0793
-1.0
-1.0
38.2816
44.9462
-1.0
-1.0
-1.0
-1.0
-1.0
47.8193
-1.0
-1.0
-1.0
-1.0
-1.0
-1.0
31.2218
-1.0
48.557
-1.0
-1.0
45.0771
44.7999
-1.0
-1.0
-1.0
-1.0
-1.0
-1.0
-1.0
-1.0
-1.0
18.3131
-1.0
-1.0
-1.0
-1.0
37.3696
-1.0
-1.0
-1.0
-1.0
-1.0
-1.0
-1.0
-1.0
15.4555
-1.0
-1.0
-1.0
26.8158
-1.0
-1.0
46.3849
-1.0
38.0181
-1.0
-1.0
-1.0
50.5236
-1.0
-1.0
-1.0
-1.0
-1.0
15.471
-1.0
-1.0
-1.0
48.7968
-1.0
19.7614
-1.0
-1.0
45.0087
-1.0
36.1189
-1.0
27.4903
-1.0
-1.0
-1.0
-1.0
50.2936
-1.0
-1.0
-1.0
8.1443
-1.0
-1.0
-1.0
-1.0
-1.0
51.4583
-1.0
48.4999
36.5949
-1.0
-1.0
-1.0
-1.0
-1.0
-1.0
-1.0
-1.0
-1.0
-1.0
42.7386
-1.0
-1.0
40.5122
-1.0
-1.0
-1.0
-1.0
37.8985
-1.0
-1.0
45.0982
-1.0
-1.0
37.7932
-1.0
-1.0
-1.0
-1.0
-1.0
-1.0
-1.0
-1.0
-1.0
-1.0
-1.0
-1.0
-1.0
-1.0
-1.0
-1.0
-1.0
-1.0
50.2293
36.1361
-1.0
-1.0
26.8362
-1.0
-1.0
-1.0
-1.0
25.8533
-1.0
-1.0
-1.0
-1.0
-1.0
-1.0
-1.0
-1.0
34.4061
39.7386
-1.0
-1.0
-1.0
-1.0
-1.0
-1.0
-1.0
-1.0
-1.0
48.2675
-1.0
-1.0
-1.0
-1.0
-1.0
-1.0
-1.0
-1.0
-1.0
-1.0
-1.0
-1.0
33.5111
-1.0
-1.0
-1.0
-1.0
-1.0
-1.0
31.6856
-1.0
-1.0
-1.0
19.6505
-1.0
36.6937
-1.0
-1.0
-1.0
-1.0
34.3549
-1.0
-1.0
-1.0
-1.0
-1.0
19.0456
34.2031
-1.0
-1.0
-1.0
44.0283
-1.0
44.8754
36.8591
-1.0
-1.0
-1.0
47.9898
23.5958
-1.0
-1.0
-1.0
-1.0
-1.0
-1.0
-1.0
-1.0
-1.0
-1.0
-1.0
-1.0
-1.0
-1.0
-1.0
-1.0
-1.0
24.0762
17.1642
-1.0
-1.0
-1.0
-1.0
-1.0
18.4752
-1.0
-1.0
-1.0
-1.0
-1.0
-1.0
-1.0
-1.0
-1.0
38.1699
-1.0
-1.0
-1.0
-1.0
-1.0
-1.0
-1.0
-1.0
-1.0
-1.0
41.4956
23.9719
25.3094
-1.0
-1.0
46.9669
-1.0
-1.0
-1.0
41.9524
-1.0
-1.0
-1.0
-1.0
-1.0
-1.0
26.231
44.0199
-1.0
-1.0
24.1298
20.4747
51.5581
-1.0
-1.0
-1.0
41.2973
-1.0
-1.0
-1.0
-1.0
51.1915
-1.0
43.2951
39.0604
-1.0
-1.0
43.7719
34.6388
-1.0
-1.0
-1.0
-1.0
-1.0
-1.0
-1.0
46.1554
-1.0
-1.0
-1.0
-1.0
-1.0
43.8836
-1.0
20.7056
-1.0
-1.0
-1.0
-1.0
-1.0
-1.0
-1.0
-1.0
-1.0
-1.0
-1.0
-1.0
28.061
-1.0
-1.0
-1.0
-1.0
-1.0
-1.0
-1.0
-1.0
-1.0
-1.0
-1.0
-1.0
27.3042
22.9618
-1.0
21.4225
-1.0
48.1956
-1.0
49.2867
-1.0
-1.0
-1.0
-1.0
-1.0
35.997
33.3529
-1.0
-1.0
-1.0
-1.0
-1.0
-1.0
-1.0
44.542
-1.0
-1.0
45.5942
-1.0
-1.0
-1.0
-1.0
-1.0
38.5462
-1.0
-1.0
27.8367
-1.0
-1.0
-1.0
44.0253
-1.0
-1.0
-1.0
-1.0
-1.0
-1.0
36.7149
-1.0
-1.0
-1.0
-1.0
-1.0
48.9801
-1.0
-1.0
-1.0
-1.0
-1.0
19.0478
-1.0
-1.0
-1.0
-1.0
-1.0
-1.0
-1.0
-1.0
-1.0
20.8664
-1.0
-1.0
-1.0
-1.0
44.9577
33.4132
-1.0
-1.0
30.4952
-1.0
-1.0
41.8816
-1.0
-1.0
-1.0
19.1858
-1.0
-1.0
-1.0
42.8316
-1.0
24.97
-1.0
27.1312
-1.0
-1.0
-1.0
-1.0
-1.0
-1.0
-1.0
24.1937
-1.0
-1.0
-1.0
-1.0
-1.0
28.5056
42.9368
-1.0
-1.0
-1.0
-1.0
48.6164
-1.0
-1.0
-1.0
-1.0
-1.0
-1.0
-1.0
-1.0
-1.0
-1.0
-1.0
-1.0
-1.0
-1.0
-1.0
-1.0
-1.0
-1.0
43.4431
-1.0
-1.0
-1.0
-1.0
-1.0
43.3042
32.6302
-1.0
35.7668
-1.0
-1.0
44.1707
-1.0
-1.0
-1.0
20.6412
-1.0
-1.0
-1.0
-1.0
39.3633
31.6433
-1.0
31.6197
-1.0
-1.0
-1.0
-1.0
48.2723
-1.0
-1.0
51.6308
-1.0
-1.0
-1.0
-1.0
44.3495
-1.0
-1.0
-1.0
-1.0
-1.0
50.252
-1.0
34.6447
-1.0
-1.0
-1.0
-1.0
-1.0
-1.0
-1.0
-1.0
-1.0
-1.0
-1.0
-1.0
-1.0
-1.0
-1.0
-1.0
-1.0
-1.0
27.9059
-1.0
-1.0
-1.0
38.3446
33.2468
24.4872
-1.0
-1.0
-1.0
-1.0
-1.0
-1.0
37.8992
-1.0
-1.0
-1.0
-1.0
-1.0
-1.0
26.851
-1.0
48.317
33.3943
31.0239
40.7911
-1.0
-1.0
-1.0
-1.0
-1.0
10.1708
39.5816
-1.0
-1.0
41.4204
-1.0
-1.0
25.5994
-1.0
-1.0
-1.0
33.0474
36.5755
-1.0
-1.0
-1.0
28.8374
-1.0
34.0466
-1.0
29.1267
49.9541
-1.0
-1.0
-1.0
-1.0
-1.0
-1.0
-1.0
-1.0
32.5054
-1.0
47.1178
-1.0
33.2172
-1.0
-1.0
-1.0
-1.0
-1.0
-1.0
-1.0
-1.0
-1.0
-1.0
24.9601
-1.0
-1.0
-1.0
-1.0
9.54207
43.1709
-1.0
17.2364
-1.0
-1.0
-1.0
-1.0
48.1772
-1.0
9.43992
-1.0
-1.0
-1.0
-1.0
-1.0
-1.0
-1.0
17.9648
-1.0
40.9248
37.4449
-1.0
-1.0
46.4716
-1.0
-1.0
41.7443
-1.0
30.9895
-1.0
-1.0
-1.0
-1.0
47.2451
-1.0
-1.0
39.8638
-1.0
-1.0
47.8696
50.9961
-1.0
-1.0
-1.0
-1.0
-1.0
39.2026
-1.0
33.0724
-1.0
47.3881
42.0348
-1.0
-1.0
-1.0
-1.0
-1.0
24.0817
43.4678
45.8953
-1.0
-1.0
25.7189
-1.0
-1.0
-1.0
-1.0
-1.0
-1.0
-1.0
50.7448
-1.0
-1.0
27.699
-1.0
-1.0
-1.0
-1.0
25.8099
-1.0
38.878
31.7795
-1.0
-1.0
31.985
-1.0
52.1348
-1.0
-1.0
22.3337
-1.0
-1.0
-1.0
-1.0
-1.0
-1.0
27.7783
-1.0
-1.0
-1.0
-1.0
-1.0
-1.0
47.5272
-1.0
36.9509
37.1405
-1.0
-1.0
-1.0
-1.0
47.8132
-1.0
-1.0
-1.0
-1.0
-1.0
39.7452
-1.0
-1.0
-1.0
-1.0
-1.0
-1.0
-1.0
-1.0
20.9564
-1.0
-1.0
-1.0
-1.0
-1.0
25.9627
-1.0
-1.0
-1.0
-1.0
-1.0
-1.0
-1.0
-1.0
-1.0
-1.0
-1.0
-1.0
-1.0
-1.0
-1.0
-1.0
-1.0
-1.0
-1.0
29.5672
29.3201
-1.0
-1.0
-1.0
-1.0
-1.0
-1.0
-1.0
-1.0
-1.0
-1.0
52.0495
-1.0
-1.0
-1.0
52.281
-1.0
-1.0
-1.0
-1.0
-1.0
-1.0
-1.0
-1.0
36.6096
-1.0
-1.0
-1.0
-1.0
47.624
44.343
29.1298
-1.0
26.5735
-1.0
-1.0
-1.0
-1.0
-1.0
-1.0
43.5478
50.0583
-1.0
-1.0
-1.0
52.1544
-1.0
-1.0
50.8361
-1.0
-1.0
-1.0
38.3208
-1.0
-1.0
36.9808
-1.0
-1.0
-1.0
51.5317
-1.0
-1.0
-1.0
-1.0
-1.0
-1.0
-1.0
45.3215
-1.0
-1.0
-1.0
15.1535
30.3881
22.0367
-1.0
-1.0
-1.0
45.831
-1.0
28.77
44.8063
-1.0
33.2697
-1.0
-1.0
48.99
-1.0
-1.0
-1.0
-1.0
-1.0
-1.0
44.7663
-1.0
-1.0
-1.0
21.7305
-1.0
-1.0
-1.0
-1.0
-1.0
-1.0
-1.0
-1.0
51.7656
31.5844
-1.0
-1.0
-1.0
-1.0
35.1567
-1.0
-1.0
-1.0
-1.0
-1.0
-1.0
-1.0
-1.0
-1.0
-1.0
-1.0
-1.0
-1.0
-1.0
-1.0
-1.0
-1.0
-1.0
-1.0
-1.0
41.1925
-1.0
-1.0
-1.0
28.7219
-1.0
40.139
-1.0
-1.0
-1.0
23.2142
-1.0
43.8387
-1.0
-1.0
-1.0
26.5987
-1.0
26.976
-1.0
-1.0
-1.0
-1.0
-1.0
-1.0
-1.0
-1.0
-1.0
40.0433
-1.0
19.9322
41.4746
-1.0
-1.0
-1.0
-1.0
48.5163
-1.0
-1.0
-1.0
-1.0
50.0255
-1.0
-1.0
29.6716
-1.0
-1.0
-1.0
-1.0
44.1978
51.8416
-1.0
-1.0
-1.0
-1.0
-1.0
-1.0
-1.0
-1.0
-1.0
-1.0
25.1688
-1.0
-1.0
-1.0
-1.0
-1.0
-1.0
-1.0
-1.0
21.9331
-1.0
37.3783
-1.0
30.4779
-1.0
39.317
-1.0
-1.0
-1.0
-1.0
-1.0
-1.0
-1.0
-1.0
-1.0
-1.0
-1.0
-1.0
-1.0
-1.0
-1.0
-1.0
-1.0
43.6007
-1.0
46.2586
-1.0
-1.0
-1.0
41.2168
-1.0
-1.0
-1.0
46.3964
-1.0
-1.0
-1.0
-1.0
-1.0
-1.0
-1.0
-1.0
51.57
-1.0
51.6528
-1.0
-1.0
-1.0
-1.0
-1.0
-1.0
-1.0
-1.0
-1.0
-1.0
-1.0
-1.0
-1.0
45.6219
-1.0
-1.0
30.7444
-1.0
-1.0
-1.0
37.8944
-1.0
38.4581
21.0618
51.1815
-1.0
-1.0
-1.0
-1.0
-1.0
-1.0
48.1308
-1.0
-1.0
38.5563
-1.0
42.8293
-1.0
-1.0
-1.0
-1.0
-1.0
42.3055
-1.0
-1.0
-1.0
39.1325
32.597
-1.0
32.0444
-1.0
-1.0
-1.0
41.9714
25.2381
-1.0
-1.0
-1.0
-1.0
-1.0
-1.0
-1.0
39.0467
-1.0
-1.0
26.1787
-1.0
-1.0
39.1049
40.3124
-1.0
-1.0
35.5785
-1.0
-1.0
-1.0
-1.0
-1.0
-1.0
28.7149
36.622
-1.0
-1.0
32.3566
-1.0
37.1122
-1.0
-1.0
-1.0
31.9316
-1.0
-1.0
-1.0
-1.0
-1.0
-1.0
-1.0
-1.0
-1.0
-1.0
35.9541
-1.0
34.8003
-1.0
-1.0
-1.0
-1.0
47.3739
-1.0
-1.0
-1.0
-1.0
-1.0
37.6654
-1.0
33.7215
-1.0
-1.0
-1.0
-1.0
-1.0
-1.0
-1.0
-1.0
-1.0
-1.0
32.4494
-1.0
44.2125
-1.0
46.5717
35.3268
-1.0
-1.0
-1.0
-1.0
-1.0
-1.0
-1.0
-1.0
-1.0
34.8902
-1.0
-1.0
-1.0
-1.0
-1.0
-1.0
-1.0
-1.0
-1.0
-1.0
-1.0
-1.0
25.3506
-1.0
52.3022
52.1034
-1.0
-1.0
45.4092
-1.0
25.9587
-1.0
-1.0
44.4545
-1.0
-1.0
-1.0
-1.0
-1.0
50.7122
-1.0
46.2456
-1.0
-1.0
-1.0
-1.0
-1.0
-1.0
-1.0
36.7423
-1.0
-1.0
-1.0
46.1275
-1.0
-1.0
-1.0
-1.0
-1.0
45.8477
40.9867
-1.0
-1.0
-1.0
-1.0
-1.0
-1.0
-1.0
-1.0
-1.0
-1.0
46.545
-1.0
-1.0
35.2717
-1.0
-1.0
-1.0
-1.0
-1.0
-1.0
-1.0
-1.0
-1.0
-1.0
-1.0
-1.0
-1.0
19.3063
-1.0
-1.0
-1.0
-1.0
50.4694
29.0353
-1.0
-1.0
-1.0
10.8174
44.993
-1.0
-1.0
-1.0
-1.0
-1.0
14.9574
-1.0
-1.0
-1.0
-1.0
-1.0
-1.0
-1.0
21.9123
52.1998
-1.0
-1.0
-1.0
-1.0
39.0913
-1.0
-1.0
48.916
-1.0
-1.0
21.8415
-1.0
-1.0
-1.0
-1.0
-1.0
-1.0
-1.0
-1.0
51.6958
-1.0
-1.0
17.3496
-1.0
-1.0
-1.0
-1.0
-1.0
-1.0
-1.0
-1.0
-1.0
-1.0
34.6059
49.9175
-1.0
-1.0
-1.0
-1.0
-1.0
31.6179
-1.0
46.9427
44.0976
-1.0
-1.0
-1.0
43.0823
-1.0
-1.0
35.7285
-1.0
26.2581
25.0218
-1.0
-1.0
48.0402
-1.0
-1.0
-1.0
44.1289
-1.0
46.5737
-1.0
-1.0
-1.0
-1.0
41.5683
-1.0
-1.0
-1.0
-1.0
-1.0
-1.0
-1.0
-1.0
33.9074
-1.0
38.77
-1.0
-1.0
-1.0
-1.0
28.883
-1.0
-1.0
-1.0
-1.0
-1.0
-1.0
-1.0
26.1204
-1.0
44.5423
-1.0
29.5841
-1.0
-1.0
36.1462
-1.0
31.95
19.4429
-1.0
-1.0
-1.0
-1.0
-1.0
-1.0
-1.0
-1.0
-1.0
-1.0
-1.0
-1.0
-1.0
-1.0
-1.0
44.4663
-1.0
33.8404
32.2496
-1.0
37.8877
-1.0
23.8694
42.9908
-1.0
-1.0
45.6898
-1.0
12.6471
-1.0
-1.0
-1.0
-1.0
-1.0
-1.0
-1.0
-1.0
-1.0
-1.0
-1.0
41.2854
-1.0
38.397
-1.0
-1.0
48.2232
39.5104
-1.0
-1.0
-1.0
-1.0
-1.0
-1.0
-1.0
-1.0
-1.0
-1.0
-1.0
45.5023
-1.0
-1.0
27.4901
-1.0
-1.0
-1.0
-1.0
-1.0
-1.0
-1.0
-1.0
-1.0
-1.0
-1.0
-1.0
-1.0
-1.0
44.2565
34.1136
-1.0
-1.0
-1.0
-1.0
-1.0
-1.0
-1.0
-1.0
-1.0
-1.0
-1.0
-1.0
-1.0
-1.0
39.9694
-1.0
22.3115
-1.0
-1.0
-1.0
-1.0
-1.0
-1.0
-1.0
-1.0
45.8084
-1.0
28.0231
-1.0
-1.0
34.0878
-1.0
-1.0
-1.0
-1.0
-1.0
-1.0
-1.0
51.2238
37.2425
-1.0
-1.0
-1.0
-1.0
-1.0
39.5723
-1.0
-1.0
-1.0
-1.0
-1.0
20.3593
50.5516
-1.0
-1.0
20.0348
-1.0
42.6876
-1.0
-1.0
-1.0
-1.0
-1.0
45.6092
-1.0
-1.0
-1.0
-1.0
12.0734
30.1328
-1.0
18.1132
32.5069
-1.0
-1.0
-1.0
-1.0
-1.0
-1.0
-1.0
-1.0
-1.0
-1.0
-1.0
-1.0
-1.0
-1.0
-1.0
-1.0
-1.0
-1.0
37.7375
-1.0
-1.0
-1.0
-1.0
-1.0
-1.0
-1.0
-1.0
-1.0
40.8351
-1.0
-1.0
-1.0
37.1769
-1.0
34.8945
46.4636
-1.0
-1.0
-1.0
49.9114
29.6675
-1.0
-1.0
-1.0
-1.0
-1.0
-1.0
-1.0
-1.0
39.2403
32.3932
-1.0
-1.0
-1.0
-1.0
-1.0
-1.0
-1.0
-1.0
-1.0
-1.0
-1.0
-1.0
-1.0
-1.0
-1.0
17.6944
-1.0
-1.0
-1.0
-1.0
-1.0
-1.0
38.7505
-1.0
32.0778
-1.0
42.3314
-1.0
41.6633
-1.0
-1.0
-1.0
-1.0
39.0666
-1.0
47.841
-1.0
-1.0
-1.0
-1.0
-1.0
33.1956
-1.0
45.0987
-1.0
-1.0
-1.0
-1.0
-1.0
-1.0
40.4844
-1.0
-1.0
30.7914
-1.0
51.6934
8.60369
20.2054
-1.0
-1.0
-1.0
-1.0
-1.0
-1.0
-1.0
-1.0
37.0447
-1.0
-1.0
-1.0
-1.0
-1.0
42.5955
-1.0
-1.0
-1.0
34.4664
-1.0
-1.0
32.1518
-1.0
34.4179
-1.0
-1.0
-1.0
34.1228
24.0242
-1.0
-1.0
-1.0
-1.0
-1.0
-1.0
-1.0
34.7415
-1.0
-1.0
-1.0
44.972
-1.0
-1.0
-1.0
-1.0
-1.0
45.4519
-1.0
-1.0
-1.0
-1.0
-1.0
-1.0
-1.0
-1.0
49.8815
-1.0
-1.0
-1.0
-1.0
-1.0
-1.0
-1.0
42.4678
-1.0
-1.0
41.6932
-1.0
-1.0
40.394
35.7824
-1.0
-1.0
-1.0
-1.0
-1.0
42.9919
-1.0
-1.0
-1.0
-1.0
-1.0
42.1828
41.1673
-1.0
36.212
-1.0
52.1795
35.9909
-1.0
33.5
-1.0
-1.0
39.9943
-1.0
-1.0
41.1802
-1.0
-1.0
-1.0
-1.0
35.4636
-1.0
-1.0
39.8081
-1.0
-1.0
26.6821
48.4915
40.093
27.5027
36.2835
-1.0
-1.0
-1.0
-1.0
-1.0
-1.0
-1.0
-1.0
-1.0
-1.0
-1.0
-1.0
-1.0
-1.0
-1.0
-1.0
-1.0
-1.0
-1.0
-1.0
-1.0
-1.0
31.0142
17.2208
-1.0
-1.0
-1.0
-1.0
-1.0
-1.0
-1.0
-1.0
-1.0
-1.0
-1.0
-1.0
-1.0
-1.0
-1.0
-1.0
-1.0
39.556
-1.0
-1.0
-1.0
-1.0
-1.0
-1.0
-1.0
-1.0
33.9545
37.6273
-1.0
-1.0
-1.0
44.2341
-1.0
-1.0
-1.0
-1.0
-1.0
21.2149
24.3087
43.6476
50.814
-1.0
39.6398
-1.0
-1.0
33.3516
-1.0
-1.0
-1.0
-1.0
-1.0
-1.0
-1.0
-1.0
-1.0
-1.0
46.8699
-1.0
-1.0
30.6601
-1.0
-1.0
-1.0
-1.0
-1.0
13.9213
-1.0
-1.0
-1.0
-1.0
-1.0
-1.0
21.8228
-1.0
-1.0
-1.0
-1.0
42.9521
-1.0
-1.0
-1.0
25.462
-1.0
-1.0
-1.0
-1.0
-1.0
-1.0
38.6924
45.7244
-1.0
-1.0
42.3345
-1.0
34.5012
-1.0
-1.0
-1.0
-1.0
-1.0
-1.0
-1.0
-1.0
-1.0
32.4893
-1.0
-1.0
-1.0
-1.0
24.9081
-1.0
25.153
-1.0
-1.0
-1.0
-1.0
47.1828
-1.0
-1.0
-1.0
-1.0
-1.0
-1.0
-1.0
-1.0
32.0487
-1.0
-1.0
-1.0
9.81275
-1.0
29.699
-1.0
-1.0
-1.0
-1.0
50.857
-1.0
-1.0
-1.0
-1.0
-1.0
-1.0
-1.0
-1.0
-1.0
-1.0
-1.0
28.73
45.8049
-1.0
33.3416
-1.0
-1.0
-1.0
-1.0
-1.0
-1.0
-1.0
-1.0
-1.0
-1.0
-1.0
-1.0
-1.0
-1.0
-1.0
-1.0
-1.0
-1.0
42.9737
31.9251
-1.0
31.4282
-1.0
-1.0
44.4414
-1.0
-1.0
-1.0
-1.0
46.6511
-1.0
-1.0
-1.0
-1.0
-1.0
-1.0
-1.0
-1.0
-1.0
-1.0
-1.0
-1.0
-1.0
-1.0
-1.0
-1.0
-1.0
44.5866
-1.0
-1.0
44.0052
-1.0
-1.0
-1.0
-1.0
-1.0
-1.0
-1.0
-1.0
-1.0
25.9654
-1.0
44.3072
-1.0
-1.0
-1.0
-1.0
-1.0
-1.0
-1.0
-1.0
-1.0
-1.0
-1.0
37.3178
-1.0
21.0238
-1.0
-1.0
-1.0
-1.0
21.1958
48.8766
-1.0
39.6112
-1.0
-1.0
-1.0
-1.0
-1.0
-1.0
-1.0
-1.0
-1.0
-1.0
-1.0
40.1006
-1.0
-1.0
-1.0
-1.0
-1.0
-1.0
-1.0
-1.0
-1.0
-1.0
25.0417
34.4
-1.0
29.4572
-1.0
-1.0
-1.0
29.1815
-1.0
-1.0
-1.0
-1.0
30.4524
-1.0
-1.0
29.921
-1.0
-1.0
-1.0
-1.0
-1.0
-1.0
-1.0
-1.0
48.3931
41.5169
-1.0
-1.0
35.952
-1.0
-1.0
-1.0
-1.0
-1.0
-1.0
-1.0
-1.0
-1.0
-1.0
-1.0
-1.0
-1.0
-1.0
-1.0
32.1632
-1.0
-1.0
-1.0
44.5384
43.3268
-1.0
-1.0
-1.0
-1.0
-1.0
-1.0
19.7026
37.6994
-1.0
-1.0
-1.0
38.6093
-1.0
-1.0
-1.0
-1.0
-1.0
-1.0
-1.0
-1.0
-1.0
-1.0
-1.0
35.7503
-1.0
-1.0
-1.0
-1.0
50.6288
-1.0
-1.0
-1.0
43.2681
42.2354
-1.0
-1.0
-1.0
-1.0
40.4886
-1.0
-1.0
-1.0
-1.0
38.7254
-1.0
-1.0
-1.0
-1.0
-1.0
24.6915
24.3326
-1.0
-1.0
-1.0
-1.0
43.9064
-1.0
-1.0
-1.0
-1.0
-1.0
49.3739
48.4834
-1.0
-1.0
24.8132
-1.0
-1.0
-1.0
33.6384
-1.0
-1.0
-1.0
30.6252
41.0005
43.0276
-1.0
-1.0
-1.0
-1.0
32.2764
33.6134
-1.0
-1.0
-1.0
28.3538
-1.0
-1.0
-1.0
-1.0
-1.0
-1.0
-1.0
39.2741
-1.0
-1.0
32.0683
-1.0
46.9777
-1.0
-1.0
-1.0
-1.0
-1.0
-1.0
-1.0
-1.0
-1.0
-1.0
52.1934
-1.0
45.8112
43.549
40.7921
35.802
-1.0
-1.0
-1.0
-1.0
-1.0
-1.0
-1.0
-1.0
22.5278
-1.0
34.7849
-1.0
-1.0
38.6298
41.8107
34.7272
27.053
-1.0
-1.0
-1.0
42.6831
-1.0
-1.0
-1.0
-1.0
-1.0
-1.0
-1.0
-1.0
-1.0
-1.0
-1.0
-1.0
15.4649
-1.0
-1.0
-1.0
-1.0
-1.0
-1.0
-1.0
-1.0
-1.0
-1.0
-1.0
-1.0
45.4237
-1.0
-1.0
-1.0
-1.0
16.6757
-1.0
14.8482
-1.0
36.2105
-1.0
-1.0
-1.0
-1.0
-1.0
-1.0
-1.0
35.7564
-1.0
26.0485
-1.0
50.5374
31.1421
44.3894
49.0276
-1.0
51.8219
-1.0
-1.0
47.5941
-1.0
-1.0
18.7515
-1.0
-1.0
-1.0
24.6243
-1.0
-1.0
-1.0
-1.0
-1.0
-1.0
-1.0
-1.0
-1.0
-1.0
-1.0
49.2664
-1.0
-1.0
-1.0
40.4634
40.2295
-1.0
-1.0
50.7287
-1.0
-1.0
-1.0
55.4636
-1.0
-1.0
-1.0
50.5412
-1.0
-1.0
-1.0
-1.0
-1.0
-1.0
48.4405
-1.0
25.6987
-1.0
-1.0
-1.0
41.2344
-1.0
19.5467
30.2707
-1.0
-1.0
-1.0
-1.0
-1.0
-1.0
27.2464
-1.0
-1.0
43.2158
-1.0
-1.0
-1.0
-1.0
-1.0
-1.0
29.0138
-1.0
29.0384
-1.0
-1.0
-1.0
-1.0
-1.0
-1.0
-1.0
51.8159
-1.0
-1.0
-1.0
-1.0
-1.0
-1.0
-1.0
-1.0
-1.0
48.5044
-1.0
-1.0
-1.0
-1.0
39.9865
-1.0
-1.0
-1.0
-1.0
-1.0
-1.0
-1.0
-1.0
-1.0
-1.0
15.6914
-1.0
-1.0
-1.0
-1.0
-1.0
-1.0
25.3843
-1.0
-1.0
-1.0
-1.0
41.1377
-1.0
-1.0
30.0943
-1.0
14.5847
-1.0
-1.0
-1.0
-1.0
-1.0
-1.0
26.3783
-1.0
32.2216
-1.0
-1.0
-1.0
-1.0
20.2905
-1.0
-1.0
-1.0
-1.0
-1.0
-1.0
-1.0
-1.0
14.686
-1.0
-1.0
-1.0
28.8371
-1.0
-1.0
-1.0
-1.0
15.7937
-1.0
-1.0
19.938
-1.0
-1.0
-1.0
-1.0
34.0834
-1.0
-1.0
-1.0
-1.0
26.54
-1.0
45.2308
-1.0
49.9377
-1.0
-1.0
-1.0
29.3524
49.2065
-1.0
-1.0
-1.0
-1.0
32.7623
-1.0
26.0794
-1.0
-1.0
-1.0
-1.0
-1.0
-1.0
-1.0
-1.0
27.744
-1.0
-1.0
-1.0
-1.0
-1.0
15.6463
35.2774
30.4539
35.9774
-1.0
-1.0
-1.0
-1.0
-1.0
-1.0
-1.0
-1.0
-1.0
-1.0
38.5818
-1.0
41.1592
39.2551
12.2209
-1.0
-1.0
-1.0
32.8824
-1.0
-1.0
-1.0
-1.0
-1.0
-1.0
-1.0
-1.0
-1.0
-1.0
-1.0
-1.0
-1.0
-1.0
-1.0
-1.0
-1.0
-1.0
-1.0
-1.0
-1.0
-1.0
-1.0
-1.0
-1.0
-1.0
-1.0
44.9246
21.3119
-1.0
28.1122
-1.0
-1.0
36.4515
-1.0
-1.0
-1.0
-1.0
-1.0
-1.0
-1.0
-1.0
-1.0
-1.0
-1.0
-1.0
-1.0
-1.0
38.9939
-1.0
-1.0
-1.0
40.8738
-1.0
-1.0
-1.0
-1.0
-1.0
-1.0
-1.0
-1.0
-1.0
-1.0
32.2243
-1.0
17.7173
-1.0
-1.0
-1.0
-1.0
-1.0
-1.0
-1.0
-1.0
-1.0
-1.0
-1.0
-1.0
-1.0
-1.0
-1.0
-1.0
-1.0
-1.0
-1.0
-1.0
-1.0
-1.0
39.8739
39.0128
-1.0
-1.0
12.5546
-1.0
-1.0
-1.0
36.927
-1.0
51.8936
30.1405
-1.0
-1.0
-1.0
-1.0
-1.0
-1.0
-1.0
-1.0
-1.0
-1.0
-1.0
-1.0
-1.0
34.018
-1.0
-1.0
52.1825
33.056
-1.0
-1.0
-1.0
-1.0
-1.0
-1.0
-1.0
-1.0
-1.0
-1.0
-1.0
-1.0
-1.0
-1.0
-1.0
-1.0
36.8094
51.7873
-1.0
-1.0
-1.0
-1.0
-1.0
-1.0
-1.0
-1.0
-1.0
45.1252
-1.0
-1.0
-1.0
-1.0
-1.0
35.0777
-1.0
-1.0
-1.0
-1.0
36.9223
-1.0
-1.0
-1.0
-1.0
25.2038
36.9819
-1.0
-1.0
-1.0
19.5007
-1.0
-1.0
-1.0
-1.0
24.6865
-1.0
-1.0
27.7885
48.1239
-1.0
-1.0
-1.0
-1.0
-1.0
-1.0
-1.0
-1.0
45.5677
-1.0
42.8603
-1.0
-1.0
33.6199
-1.0
-1.0
-1.0
-1.0
-1.0
48.5676
-1.0
-1.0
19.6089
-1.0
-1.0
-1.0
-1.0
-1.0
-1.0
-1.0
34.7229
-1.0
-1.0
-1.0
-1.0
-1.0
-1.0
-1.0
-1.0
-1.0
-1.0
-1.0
-1.0
-1.0
-1.0
-1.0
46.6096
-1.0
-1.0
-1.0
-1.0
-1.0
-1.0
-1.0
-1.0
-1.0
-1.0
33.7463
14.0748
37.1173
24.171
-1.0
19.1294
-1.0
-1.0
46.3719
-1.0
-1.0
-1.0
-1.0
-1.0
-1.0
25.2068
-1.0
-1.0
-1.0
-1.0
-1.0
-1.0
-1.0
-1.0
-1.0
-1.0
10.6299
48.9555
49.6602
-1.0
-1.0
42.3312
-1.0
19.0297
-1.0
-1.0
-1.0
-1.0
-1.0
-1.0
-1.0
-1.0
-1.0
-1.0
-1.0
-1.0
-1.0
-1.0
-1.0
29.4075
-1.0
-1.0
-1.0
-1.0
-1.0
25.7764
51.069
-1.0
-1.0
-1.0
-1.0
-1.0
-1.0
-1.0
-1.0
-1.0
-1.0
-1.0
-1.0
-1.0
-1.0
-1.0
-1.0
-1.0
-1.0
-1.0
20.9654
46.2631
-1.0
-1.0
21.2023
44.9668
-1.0
-1.0
-1.0
-1.0
-1.0
-1.0
-1.0
-1.0
-1.0
-1.0
-1.0
41.9686
17.6117
-1.0
29.7459
-1.0
-1.0
-1.0
38.2386
-1.0
-1.0
-1.0
-1.0
-1.0
-1.0
-1.0
-1.0
17.2618
-1.0
-1.0
-1.0
-1.0
-1.0
33.8497
40.2916
47.0939
-1.0
-1.0
-1.0
-1.0
-1.0
-1.0
-1.0
-1.0
-1.0
-1.0
-1.0
32.3686
43.5495
49.4543
-1.0
51.9312
-1.0
-1.0
-1.0
-1.0
-1.0
-1.0
27.0664
-1.0
-1.0
-1.0
-1.0
-1.0
19.7913
-1.0
-1.0
-1.0
-1.0
51.5289
-1.0
-1.0
-1.0
-1.0
-1.0
-1.0
27.5383
-1.0
-1.0
-1.0
-1.0
51.52
12.9732
-1.0
38.8417
-1.0
26.1081
8.12725
-1.0
-1.0
-1.0
-1.0
-1.0
-1.0
43.4952
-1.0
7.30701
-1.0
-1.0
-1.0
49.4238
-1.0
-1.0
-1.0
-1.0
-1.0
34.1623
-1.0
-1.0
44.9406
-1.0
-1.0
-1.0
-1.0
-1.0
44.3425
23.3788
-1.0
-1.0
36.7479
-1.0
-1.0
-1.0
-1.0
-1.0
-1.0
45.5839
-1.0
30.3479
-1.0
-1.0
-1.0
48.5069
-1.0
-1.0
45.251
50.4687
-1.0
-1.0
-1.0
43.7801
-1.0
-1.0
47.137
-1.0
-1.0
-1.0
-1.0
-1.0
-1.0
-1.0
39.6047
-1.0
-1.0
-1.0
-1.0
-1.0
-1.0
-1.0
-1.0
-1.0
-1.0
-1.0
-1.0
-1.0
19.646
-1.0
47.6288
-1.0
-1.0
-1.0
-1.0
-1.0
18.4227
34.7679
-1.0
-1.0
-1.0
35.4363
-1.0
-1.0
-1.0
-1.0
-1.0
-1.0
-1.0
-1.0
-1.0
-1.0
-1.0
-1.0
5.6838
-1.0
50.417
-1.0
-1.0
-1.0
-1.0
-1.0
34.9241
44.7864
-1.0
-1.0
-1.0
-1.0
-1.0
-1.0
-1.0
36.061
-1.0
22.972
-1.0
-1.0
-1.0
49.0287
-1.0
-1.0
-1.0
-1.0
31.6845
-1.0
-1.0
-1.0
-1.0
-1.0
-1.0
-1.0
29.9225
-1.0
40.8045
-1.0
-1.0
-1.0
45.7392
-1.0
49.2985
-1.0
-1.0
-1.0
38.0907
-1.0
21.5026
-1.0
-1.0
22.5492
-1.0
-1.0
-1.0
-1.0
-1.0
-1.0
-1.0
-1.0
-1.0
20.3268
20.8808
-1.0
35.3749
-1.0
-1.0
-1.0
-1.0
-1.0
34.7375
-1.0
-1.0
-1.0
-1.0
-1.0
-1.0
18.5231
-1.0
-1.0
-1.0
-1.0
-1.0
-1.0
-1.0
-1.0
-1.0
-1.0
-1.0
42.531
-1.0
-1.0
-1.0
-1.0
-1.0
-1.0
42.2635
-1.0
-1.0
-1.0
-1.0
-1.0
-1.0
-1.0
53.7614
-1.0
-1.0
-1.0
-1.0
19.8419
-1.0
-1.0
-1.0
-1.0
-1.0
-1.0
-1.0
27.7511
29.048
-1.0
-1.0
-1.0
-1.0
-1.0
38.2821
19.6348
-1.0
-1.0
-1.0
-1.0
14.3697
-1.0
-1.0
34.3145
34.7337
30.5314
-1.0
-1.0
-1.0
-1.0
20.3373
-1.0
-1.0
-1.0
-1.0
-1.0
-1.0
-1.0
-1.0
-1.0
-1.0
-1.0
-1.0
-1.0
-1.0
-1.0
-1.0
-1.0
19.0448
-1.0
-1.0
-1.0
37.0297
-1.0
-1.0
48.399
22.8315
14.235
33.0783
-1.0
-1.0
-1.0
-1.0
-1.0
-1.0
-1.0
-1.0
-1.0
-1.0
9.3034
-1.0
-1.0
-1.0
-1.0
-1.0
-1.0
47.3863
-1.0
-1.0
-1.0
42.136
-1.0
-1.0
34.0427
-1.0
-1.0
31.3003
-1.0
28.014
-1.0
-1.0
-1.0
-1.0
-1.0
43.6069
29.7816
-1.0
-1.0
-1.0
28.8368
-1.0
-1.0
-1.0
-1.0
-1.0
-1.0
24.3833
46.4004
-1.0
-1.0
32.8764
34.3648
-1.0
-1.0
-1.0
-1.0
50.0379
-1.0
-1.0
-1.0
-1.0
-1.0
26.6261
42.4176
-1.0
-1.0
-1.0
-1.0
-1.0
46.5322
-1.0
32.9231
-1.0
49.1004
-1.0
-1.0
47.3983
44.1748
49.6708
-1.0
-1.0
-1.0
-1.0
40.501
-1.0
-1.0
-1.0
33.7721
34.626
-1.0
-1.0
-1.0
-1.0
-1.0
-1.0
-1.0
-1.0
-1.0
-1.0
-1.0
-1.0
-1.0
45.3472
-1.0
-1.0
-1.0
-1.0
-1.0
-1.0
52.247
-1.0
-1.0
-1.0
-1.0
-1.0
-1.0
-1.0
-1.0
-1.0
-1.0
-1.0
-1.0
-1.0
-1.0
-1.0
-1.0
-1.0
-1.0
-1.0
-1.0
-1.0
-1.0
-1.0
-1.0
-1.0
-1.0
-1.0
-1.0
-1.0
-1.0
43.5783
28.4922
-1.0
-1.0
-1.0
-1.0
-1.0
48.9553
-1.0
-1.0
-1.0
-1.0
-1.0
-1.0
-1.0
-1.0
-1.0
29.3638
-1.0
32.4493
-1.0
-1.0
-1.0
-1.0
-1.0
18.8335
-1.0
38.7838
36.2636
36.8449
-1.0
-1.0
-1.0
-1.0
-1.0
-1.0
-1.0
-1.0
-1.0
-1.0
-1.0
-1.0
-1.0
-1.0
-1.0
-1.0
-1.0
41.0229
-1.0
-1.0
-1.0
28.2699
-1.0
-1.0
-1.0
-1.0
-1.0
39.7955
-1.0
-1.0
-1.0
40.7388
-1.0
42.5154
-1.0
-1.0
-1.0
-1.0
-1.0
-1.0
-1.0
31.1476
-1.0
-1.0
-1.0
-1.0
47.658
-1.0
-1.0
-1.0
32.8381
-1.0
-1.0
-1.0
-1.0
50.6166
-1.0
-1.0
-1.0
-1.0
-1.0
-1.0
16.1489
-1.0
-1.0
-1.0
29.1765
-1.0
-1.0
-1.0
-1.0
-1.0
43.9127
-1.0
-1.0
-1.0
-1.0
-1.0
-1.0
-1.0
-1.0
-1.0
-1.0
-1.0
-1.0
-1.0
-1.0
-1.0
46.637
28.7015
-1.0
-1.0
31.7874
-1.0
-1.0
-1.0
-1.0
-1.0
-1.0
-1.0
-1.0
-1.0
-1.0
-1.0
-1.0
-1.0
-1.0
-1.0
-1.0
-1.0
-1.0
-1.0
-1.0
-1.0
-1.0
-1.0
-1.0
47.9412
-1.0
-1.0
-1.0
-1.0
-1.0
46.7845
-1.0
-1.0
-1.0
-1.0
-1.0
16.7399
-1.0
-1.0
36.1154
46.8799
14.2568
-1.0
-1.0
29.0322
-1.0
-1.0
-1.0
39.7762
-1.0
-1.0
35.3824
-1.0
-1.0
48.2977
-1.0
-1.0
-1.0
-1.0
-1.0
-1.0
39.4988
-1.0
33.8954
-1.0
-1.0
-1.0
-1.0
-1.0
32.1727
-1.0
-1.0
-1.0
-1.0
41.6329
-1.0
34.3866
-1.0
-1.0
-1.0
-1.0
-1.0
-1.0
26.2033
-1.0
-1.0
-1.0
-1.0
17.1352
-1.0
-1.0
-1.0
-1.0
29.9133
-1.0
-1.0
-1.0
-1.0
39.0698
-1.0
-1.0
-1.0
40.6099
35.9002
-1.0
-1.0
-1.0
-1.0
-1.0
-1.0
-1.0
-1.0
-1.0
-1.0
-1.0
-1.0
34.068
-1.0
-1.0
-1.0
16.6933
-1.0
-1.0
-1.0
-1.0
-1.0
32.0439
46.4168
-1.0
-1.0
-1.0
-1.0
-1.0
-1.0
-1.0
34.2343
-1.0
-1.0
-1.0
37.884
-1.0
-1.0
27.8922
-1.0
-1.0
-1.0
-1.0
-1.0
-1.0
40.9349
-1.0
-1.0
51.2731
37.4127
-1.0
-1.0
-1.0
-1.0
-1.0
-1.0
-1.0
-1.0
-1.0
25.5878
-1.0
-1.0
-1.0
-1.0
-1.0
-1.0
-1.0
-1.0
-1.0
-1.0
-1.0
-1.0
42.0267
-1.0
-1.0
-1.0
-1.0
38.0685
-1.0
-1.0
-1.0
-1.0
-1.0
-1.0
39.662
-1.0
46.6469
-1.0
-1.0
-1.0
-1.0
-1.0
-1.0
-1.0
-1.0
-1.0
-1.0
-1.0
-1.0
-1.0
50.9463
-1.0
48.3827
-1.0
-1.0
34.6594
-1.0
-1.0
-1.0
-1.0
-1.0
24.2112
-1.0
-1.0
-1.0
-1.0
26.1171
-1.0
-1.0
36.202
-1.0
49.3305
-1.0
-1.0
-1.0
-1.0
-1.0
-1.0
-1.0
-1.0
-1.0
-1.0
-1.0
-1.0
-1.0
-1.0
-1.0
-1.0
42.2556
-1.0
-1.0
-1.0
-1.0
-1.0
-1.0
-1.0
-1.0
15.7986
-1.0
-1.0
-1.0
31.6385
-1.0
-1.0
-1.0
-1.0
-1.0
-1.0
-1.0
42.6263
47.4825
22.9842
-1.0
-1.0
-1.0
-1.0
-1.0
-1.0
-1.0
-1.0
33.1632
-1.0
40.4611
-1.0
-1.0
-1.0
-1.0
-1.0
-1.0
-1.0
-1.0
-1.0
-1.0
-1.0
-1.0
-1.0
27.2548
-1.0
-1.0
-1.0
-1.0
-1.0
-1.0
-1.0
-1.0
-1.0
46.8606
-1.0
-1.0
-1.0
-1.0
-1.0
-1.0
50.5675
-1.0
15.3749
-1.0
-1.0
50.81
31.4839
-1.0
-1.0
-1.0
-1.0
-1.0
40.2715
-1.0
-1.0
-1.0
-1.0
40.08
27.8878
-1.0
-1.0
-1.0
-1.0
53.7771
-1.0
-1.0
-1.0
-1.0
-1.0
45.7036
-1.0
40.7286
-1.0
-1.0
-1.0
-1.0
48.906
-1.0
-1.0
-1.0
49.355
-1.0
-1.0
-1.0
-1.0
-1.0
-1.0
31.3339
-1.0
30.4056
-1.0
32.1141
-1.0
-1.0
-1.0
-1.0
-1.0
-1.0
27.399
-1.0
-1.0
-1.0
50.1019
43.2495
46.0643
-1.0
-1.0
-1.0
-1.0
-1.0
-1.0
-1.0
-1.0
-1.0
-1.0
-1.0
-1.0
-1.0
22.1723
16.4158
-1.0
-1.0
31.2014
44.845
-1.0
47.4071
-1.0
-1.0
-1.0
-1.0
-1.0
-1.0
-1.0
45.532
-1.0
-1.0
-1.0
45.915
-1.0
42.9711
21.5221
-1.0
-1.0
-1.0
-1.0
-1.0
-1.0
-1.0
-1.0
-1.0
-1.0
36.9993
-1.0
30.4626
51.4832
-1.0
-1.0
-1.0
-1.0
-1.0
39.9235
-1.0
-1.0
-1.0
-1.0
-1.0
-1.0
-1.0
-1.0
-1.0
46.2264
-1.0
-1.0
46.3843
-1.0
-1.0
-1.0
52.72
-1.0
-1.0
-1.0
-1.0
-1.0
39.4384
-1.0
-1.0
-1.0
-1.0
-1.0
-1.0
44.5662
-1.0
-1.0
-1.0
-1.0
-1.0
-1.0
-1.0
-1.0
-1.0
-1.0
37.1378
-1.0
-1.0
47.7851
-1.0
40.6273
-1.0
-1.0
-1.0
-1.0
-1.0
38.767
-1.0
-1.0
-1.0
-1.0
-1.0
-1.0
-1.0
-1.0
41.1554
-1.0
-1.0
-1.0
-1.0
-1.0
-1.0
29.9531
-1.0
-1.0
-1.0
-1.0
-1.0
-1.0
-1.0
-1.0
34.2848
-1.0
34.9497
-1.0
-1.0
-1.0
-1.0
-1.0
-1.0
-1.0
41.6988
-1.0
-1.0
-1.0
-1.0
48.549
-1.0
-1.0
-1.0
-1.0
-1.0
-1.0
-1.0
41.796
-1.0
-1.0
-1.0
40.6229
-1.0
-1.0
-1.0
27.0544
28.4975
-1.0
-1.0
-1.0
44.3882
-1.0
40.9126
45.6504
-1.0
-1.0
-1.0
-1.0
-1.0
-1.0
-1.0
-1.0
-1.0
48.769
-1.0
-1.0
-1.0
-1.0
-1.0
27.4162
47.4854
-1.0
-1.0
-1.0
-1.0
-1.0
-1.0
-1.0
-1.0
-1.0
-1.0
-1.0
47.2459
15.707
-1.0
-1.0
43.8399
-1.0
-1.0
-1.0
16.6445
-1.0
-1.0
-1.0
-1.0
-1.0
-1.0
-1.0
-1.0
-1.0
-1.0
-1.0
-1.0
50.2215
-1.0
14.8295
-1.0
39.7225
39.0042
-1.0
35.3917
-1.0
-1.0
-1.0
-1.0
-1.0
39.0432
-1.0
41.2222
-1.0
-1.0
-1.0
-1.0
-1.0
13.9678
34.8423
-1.0
-1.0
-1.0
-1.0
-1.0
-1.0
-1.0
-1.0
-1.0
-1.0
-1.0
37.8668
-1.0
-1.0
-1.0
-1.0
-1.0
-1.0
-1.0
-1.0
-1.0
32.5309
-1.0
-1.0
-1.0
-1.0
-1.0
-1.0
46.9946
37.1542
-1.0
43.1452
-1.0
50.1548
51.3963
-1.0
-1.0
-1.0
-1.0
45.9292
-1.0
-1.0
-1.0
-1.0
-1.0
-1.0
-1.0
-1.0
-1.0
-1.0
-1.0
-1.0
-1.0
-1.0
36.9825
-1.0
-1.0
50.7437
20.8877
42.5637
-1.0
-1.0
-1.0
-1.0
-1.0
-1.0
-1.0
36.2455
-1.0
28.2555
38.8107
-1.0
-1.0
-1.0
-1.0
46.2274
-1.0
-1.0
-1.0
-1.0
-1.0
-1.0
30.6643
-1.0
-1.0
-1.0
-1.0
-1.0
-1.0
39.3214
-1.0
-1.0
-1.0
-1.0
-1.0
-1.0
50.1352
-1.0
-1.0
-1.0
-1.0
50.6459
43.2577
11.0644
-1.0
23.6248
-1.0
-1.0
-1.0
44.8368
-1.0
17.0927
-1.0
-1.0
-1.0
-1.0
-1.0
-1.0
-1.0
-1.0
-1.0
-1.0
29.7116
-1.0
-1.0
-1.0
-1.0
-1.0
