461.83
0.896989
463.129
118.074
327.655
45.5021
355.386
30.9226
411.461
243.353
421.675
451.15
105.07
298.273
461.72
373.902
148.668
323.832
43.7332
51.3543
440.003
52.583
155.8
461.991
35.0762
332.866
1.12778
154.978
462.191
0.32465
94.4731
253.741
127.933
401.307
461.589
388.486
58.9861
162.021
425.324
462.008
253.778
412.686
432.523
387.121
334.912
351.941
298.419
422.582
456.794
328.686
232.229
355.421
58.4969
246.824
299.585
364.891
149.27
393.728
177.245
68.7027
221.574
424.256
1.18351
296.429
418.53
66.9542
290.657
37.3327
343.093
357.161
121.658
198.819
368.974
127.46
82.1395
429.577
226.44
408.939
92.4828
345.802
335.92
355.51
106.801
160.617
385.026
98.1331
328.331
186.179
357.127
403.476
148.552
462.063
352.658
264.915
313.505
462.083
42.6314
7.19258
349.549
0.716564
317.33
329.789
267.296
286.143
422.358
215.383
89.5482
217.638
408.438
13.6922
223.175
446.936
98.5656
451.844
266.024
122.806
305.79
59.5151
398.401
85.8124
237.484
66.9717
34.4377
454.998
462.286
136.088
363.303
426.715
97.7474
273.23
0.287257
405.891
98.977
1.35274
232.816
0.757526
337.593
288.044
223.943
382.381
146.538
70.2837
25.4977
33.0317
462.233
340.778
126.267
38.4732
462.207
358.952
140.924
450.477
378.178
207.099
392.387
462.562
461.898
437.133
202.888
316.142
256.475
97.3215
59.2235
103.645
256.054
260.122
79.5428
254.417
283.807
232.49
130.695
372.232
411.054
232.869
108.704
140.965
268.853
338.62
30.3155
1.41242
268.6
161.363
178.379
0.668186
318.22
451.592
320.099
380.378
231.919
461.204
380.913
82.2156
155.321
325.991
327.923
6.04332
268.049
212.448
171.129
103.483
346.13
222.636
1.87139
423.108
0.530278
35.7465
174.487
461.751
306.319
311.922
462.125
463.063
225.193
156.486
170.549
105.625
0.560344
160.147
193.007
462.275
236.601
353.538
417.019
163.325
304.118
268.087
444.078
375.315
0.48934
174.077
326.433
237.542
375.708
382.322
432.328
220.28
255.427
405.047
235.329
448.623
409.159
262.876
150.079
286.909
244.85
353.053
349.946
192.835
429.746
365.109
319.366
462.71
361.679
237.796
380.199
415.521
462.447
68.2598
431.282
462.11
373.327
166.05
109.802
444.687
121.965
99.3805
122.676
462.124
298.7
336.516
350.488
270.415
286.876
413.639
320.801
261.122
75.3191
245.259
112.819
165.485
163.575
9.68758
0.22882
130.651
238.823
462.002
275.918
462.609
356.302
315.385
461.835
121.393
313.601
382.282
153.589
269.851
186.53
320.608
0.653359
357.912
6.49199
158.259
138.079
366.753
428.475
267.116
20.7973
363.426
464.412
0.68107
206.942
293.486
462.586
93.5214
462.034
277.898
0.291264
444.968
452.391
321.442
125.861
461.64
17.95
461.816
0.382671
69.6703
434.357
245.007
348.928
378.061
202.031
267.653
309.444
309.646
302.72
462.225
234.472
393.291
65.0166
39.2029
392.847
5.42322
257.813
462.042
304.805
461.857
423.927
462.012
329.45
81.5125
392.865
306.807
34.4679
462.314
441.943
293.369
240.013
459.421
163.331
207.193
175.193
0.430407
434.476
131.831
293.27
346.331
72.0484
193.657
461.439
2.96716
77.0719
137.517
462.512
436.457
410.022
462.448
233.971
46.4319
379.922
211.292
109.811
382.329
328.555
130.447
19.2489
329.351
450.695
461.923
330.684
459.862
239.229
225.969
454.074
373.006
192.726
209.794
141.186
0.185881
187.881
329.049
371.445
37.9176
454.379
0.317432
285.03
85.1757
174.031
321.725
410.38
61.5352
461.303
447.944
329.649
158.965
326.514
462.333
380.604
251.553
357.078
-0.122365
256.303
187.573
11.3275
461.523
182.692
239.79
433.871
399.28
2.29618
0.207108
328.426
379.519
208.027
462.758
369.668
78.1554
100.626
186.731
433.307
213.179
412.779
97.0157
147.699
255.724
297.016
218.644
95.541
112.021
433.732
252.328
329.785
319.969
13.5146
225.528
379.594
199.54
196.999
379.128
199.853
424.239
150.379
-2.52725
207.757
462.22
360.464
302.947
462.555
0.534411
51.5091
433.647
419.664
1.49953
274.553
273.871
281.81
101.694
389.645
462.129
110.645
56.0911
248.663
351.173
269.968
20.6871
213.54
431.446
137.942
462.19
243.001
0.196178
292.034
361.136
459.028
29.7417
123.766
51.6
128.117
395.201
332.05
405.605
463.317
135.823
413.684
0.380839
366.75
67.8356
173.077
275.253
457.281
233.53
435.01
30.8751
387.244
379.957
275.205
380.351
462.347
82.6045
170.387
460.802
462.204
245.774
315.094
302.635
254.944
462.078
386.219
382.016
462.457
406.412
366.848
128.141
349.172
359.949
96.1857
461.992
398.191
319.334
461.592
258.586
352.092
87.2697
175.727
461.982
434.029
431.985
249.518
114.315
259.069
124.199
435.962
245.542
414.662
340.531
43.4981
440.614
362.483
183.714
462.45
445.617
55.2022
247.085
267.557
372.935
173.705
9.94722
318.955
441.756
186.5
431.459
279.323
103.545
291.243
1.07043
313.612
146.16
197.45
213.861
393.856
191.088
391.003
311.811
381.543
461.877
86.9173
378.845
245.064
320.276
269.864
420.341
256.456
9.6481
5.58424
461.778
395.143
151.215
288.306
246.879
462.23
311.255
19.5527
227.259
219.301
298.618
240.454
374.064
237.634
141.235
272.792
448.285
0.358201
0.968357
435.17
84.903
260.897
424.404
37.9021
462.234
462.155
335.955
461.983
416.57
385.037
461.523
462.095
204.994
224.718
291.203
152.98
271.081
308.966
461.105
208.15
452.379
462.272
276.101
202.439
324.05
121.819
462.421
0.795534
437.678
274.636
57.7111
361.795
93.521
22.8128
96.3258
449.062
0.435466
190.191
168.954
461.662
253.518
211.188
256.423
407.001
5.96984
0.260064
25.8174
214.937
462.039
434.959
455.329
356.403
460.193
65.804
-0.224387
287.909
320.222
335.683
185.761
359.29
462.027
177.166
462.292
239.678
462.168
234.304
197.649
413.526
118.675
145.149
210.62
300.44
326.319
348.909
248.366
157.604
245.82
100.485
64.183
167.441
315.158
3.16724
241.467
404.349
148.156
0.133562
217.649
91.4381
462.112
0.29141
285.513
79.6759
455.496
324.591
366.287
152.698
184.042
450.683
461.969
361.628
415.72
416.621
147.011
180.793
326.219
296.351
355.343
362.582
341.857
397.84
233.682
233.332
0.406579
337.827
320.251
156.353
296.136
135.124
313.204
308.699
101.006
280.29
461.851
242.115
353.948
296.085
299.261
378.937
204.986
217.887
400.313
462.308
150.936
306.793
420.741
377.575
274.366
462.392
389.73
462.132
0.863153
174.548
59.67
0.351145
348.004
307.522
254.105
362.794
89.4731
90.6802
341.685
356.499
341.256
281.104
227.075
165.411
0.198281
165.664
418.169
53.8725
0.639034
311.406
461.69
82.6146
239.74
400.375
461.959
462.846
368.193
99.244
398.039
416.915
238.727
60.0719
216.807
418.437
315.192
119.395
462.264
295.131
393.901
271.665
462.124
56.5156
199.316
340.094
436.892
122.624
0.01064
462.111
456.772
271.718
275.253
266.642
304.904
101.675
137.593
269.132
66.6075
101.165
462.183
383.017
3.57117
348.31
462.014
4.91316
277.371
461.998
270.379
462.013
417.632
30.1948
447.643
1.23092
67.3968
440.234
0.619879
35.3461
177.232
343.779
393.306
434.521
200.176
14.7223
461.736
208.056
0.0781218
54.7689
161.935
401.141
0.385981
444.973
462.468
353.326
308.282
112.606
239.446
337.072
133.572
289.537
387.287
376.988
202.707
-0.591755
371.157
169.117
212.129
369.916
401.741
462.356
304.305
233.863
176.981
227.166
158.572
358.807
329.576
360.813
374.199
320.737
461.761
221.367
24.9248
210.07
459.687
258.838
339.379
424.951
54.0272
238.674
225.134
0.499622
415.21
239.759
40.56
323.035
360.151
49.9074
461.54
404.121
67.2285
240.12
220.348
462.147
0.178405
89.1494
461.968
107.086
111.312
235.716
462.042
457.37
461.898
462.315
436.095
324.726
241.715
462.288
430.511
464.401
321.797
306.649
330.593
362.532
0.408288
398.097
388.086
353.151
260.969
462.482
436.065
251.256
351.521
462.015
149.96
322.226
217.037
446.021
0.354194
221.253
461.799
54.4121
396.424
400.184
354.028
222.066
348.727
457.137
155.81
84.7167
121.12
101.545
445.127
348.966
366.229
201.286
461.65
323.562
144.806
401.766
462.068
379.469
278.385
77.4561
462.657
163.019
184.931
184.648
336.602
172.254
58.8938
156.744
462.418
461.759
345.058
12.2884
368.566
386.172
401.668
235.465
340.21
69.9761
265.147
430.811
0.187874
0.991795
316.515
462.466
335.923
159.969
305.324
183.238
313.363
49.0447
376.887
321.057
399.492
173.636
321.795
217.558
0.616218
338.169
202.545
164.064
461.629
0.803939
-0.0956316
441.816
0.483004
285.013
368.495
440.096
165.199
112.972
314.347
387.808
181.356
3.40584
460.861
198.528
396.872
374.389
461.446
450.189
106.958
339.83
461.848
73.4101
317.283
87.5692
280.755
104.097
242.833
367.862
421.377
293.01
-0.0137782
86.9021
462.178
34.7081
0.510603
265.907
443.555
123.672
458.077
260.074
175.462
293.187
210.622
201.743
17.6087
60.1195
111.732
462.227
181.66
61.0022
329.018
195.623
229.985
240.499
201.835
228.857
405.044
361.081
462.294
461.866
306.827
317.241
273.319
36.087
326.455
444.887
458.611
232.719
292.617
192.098
202.775
462.314
242.075
290.335
156.139
158.37
245.782
144.289
331.957
232.392
407.851
235.144
99.2555
224.44
386.278
109.801
30.1738
107.174
277.775
0.66551
168.686
314.331
461.116
429.988
283.981
328.833
432.222
253.34
18.7223
297.536
462.299
354.517
461.623
266.069
120.033
420.175
286.014
117.354
281.63
325.029
224.158
333.229
391.056
82.0651
161.654
276.275
103.954
348.107
462.383
98.3361
323.916
0.908955
109.748
275.739
340.615
277.764
40.929
132.916
450.146
0.0764208
77.9955
300.994
255.796
0.354202
249.884
359.51
462.362
378.504
461.763
323.204
189.289
445.903
402.849
368.054
1.53577
446.584
232.402
209.626
135.775
87.3049
350.881
175.396
23.3406
379.482
462.208
0.735626
380.898
274.418
400.671
258.413
264.587
461.8
251.57
0.824037
406.013
0.169087
413.316
226.744
128.156
153.625
143.441
119.032
461.8
320.95
410.775
334.511
442.011
371.691
143.108
401.864
378.906
207.258
427.858
223.754
267.51
185.452
146.171
252.767
27.7894
38.2267
351.169
291.746
236.9
343.986
461.954
249.18
125.016
462.384
52.9654
448.034
28.0529
127.448
139.547
462.048
427.273
81.8061
430.466
193.185
142.571
123.144
314.901
462.126
236.354
94.7704
94.7588
245.573
234.714
450.388
357.014
392.688
368.256
323.724
0.214998
2.51652
279.636
459.757
462.024
461.626
298.804
235.084
344.401
294.092
335.361
446.591
322.803
-0.277239
180.394
344.863
233.964
0.466911
420.487
10.5157
429.059
127.447
45.0931
343.367
111.408
294.949
230.825
461.945
43.5788
88.5257
133.957
325.47
393.241
278.008
232.237
225.157
422.471
462.127
343.646
291.538
369.462
330.075
306.927
276.756
462.028
35.6634
0.689809
321.108
161.89
81.3344
363.761
445.317
462.513
461.773
297.187
85.0667
303.969
140.059
397.689
377.241
446.598
242.36
0.508836
211.088
184.009
58.923
38.6343
50.483
398.038
352.439
461.749
354.793
462.398
119.807
462.391
336.601
462.067
0.599819
341.689
156.544
267.234
388.453
308.522
72.8002
16.1342
317.308
462.332
240.987
291.034
264.695
180.58
338.005
214.984
371.305
99.1455
151.783
379.545
322.841
438.208
285.8
399.798
461.826
73.3016
262.906
235.861
230.238
76.308
64.6452
386.425
252.257
396.733
2.62526
333.644
294.03
189.948
408.573
1.00555
251.31
176.44
373.32
75.1536
450.245
218.085
380.548
221.119
261.108
135.501
239.291
152.621
232.318
100.695
292.693
75.1552
407.608
364.617
349.451
261.945
334.125
188.225
256.802
1.02483
358.953
259.949
320.598
453.531
170.773
401.98
277.593
226.835
417.793
363.138
462.259
455.867
430.141
420.845
462.198
271.671
262.788
261.065
221.506
293.312
323.489
247.508
354.339
238.562
453.541
47.6334
186.106
410.737
217.773
440.891
219.633
201.919
298.309
121.722
381.869
230.433
268.014
462.281
190.023
252.136
61.4161
0.0650257
156.503
15.1409
262.306
433.937
0.238615
461.962
237.68
156.756
0.0126445
142.285
288.724
383.674
462.23
421.176
223.405
459.752
369.482
334.031
-0.120107
175.15
326.434
276.575
89.3172
338.832
282.856
276.244
263.7
370.942
232.59
314.876
317.496
248.457
49.154
58.5852
219.306
370.99
66.2417
158.11
129.131
47.8326
462.003
427.03
252.587
239.055
320.873
17.9362
253.361
81.9569
150.897
462.298
200.89
232.527
232.596
268.721
262.858
108.169
115.623
461.788
442.556
265.583
374.063
462.549
235.714
360.399
310.632
462.068
49.1619
461.991
439.583
279.021
434.578
462.445
409.779
105.927
106.877
0.845877
330.772
58.8755
64.7556
299.479
34.5701
319.019
197.214
445.51
225.014
128.321
66.4734
372.574
135.881
-0.0125216
315.79
226.964
77.6144
33.6578
193.241
351.311
92.6866
229.71
462.363
0.257923
186.733
161.412
321.005
262.802
52.9199
293.04
1.05293
128.788
274.924
370.57
333.373
406.938
264.919
462.617
0.536343
392.954
229.8
175.179
369.542
38.2299
328.418
409.104
249.973
293.371
288.053
326.475
109.433
37.4746
357.564
438.47
222.771
267.438
369.629
58.1201
206.355
417.199
259.469
0.551251
409.679
168.538
64.3079
455.27
182.434
408.649
393.462
295.237
0.144319
235.639
272.246
412.35
247.016
372.901
0.895258
404.467
462.111
305.246
343.719
56.5443
462.129
427.565
450.846
0.685045
358.277
140.688
47.0684
249.28
182.32
462.129
378.878
40.4076
92.3575
377.37
42.3689
123.675
345.408
426.427
105.21
172.677
462.057
199.727
149.255
333.791
243.557
358.847
371.889
132.717
214.191
192.831
295.175
393.659
438.254
420.802
462.351
340.906
383.977
446.607
0.302135
269.014
310.061
231.552
165.514
377.586
437.105
260.534
189.661
445.209
358.308
0.334654
241.863
93.8217
32.2217
390.293
454.04
398.428
222.777
462.42
324.258
345.316
333.166
0.422019
381.59
-0.193863
379.092
28.0736
355.437
462.777
213.701
38.8498
195.085
295.867
187.276
296.168
1.01197
462.116
362.079
439.411
438.983
275.39
259.395
34.7907
427.1
70.7019
124.601
326.49
247.418
13.5033
462.157
335
375.661
392.916
64.4114
375.191
168.778
261.651
269.917
382.106
294.747
274.039
0.192067
190.398
0.441618
460.332
181.562
382.564
230.725
410.589
418.477
369.153
234.068
462.091
0.427293
301.438
308.562
95.1339
290.356
124.625
255.046
213.44
222.883
206.794
420.32
103.5
362.032
9.50714
149.18
387.758
462.883
322.696
279.085
168.997
296.791
363.371
58.4391
321.386
14.8878
305.348
80.922
38.7313
241.861
84.841
296.206
209.067
206.247
60.2173
0.0272321
391.458
425.445
82.3793
462.27
64.888
257.189
0.464591
0.376782
461.667
9.36669
171.486
447.445
352.779
210.572
362.412
90.0869
461.301
378.347
210.867
393.941
282.163
0.978014
387.018
222.069
256.473
461.682
435.02
278.349
380.635
143.299
48.8983
166.114
143.273
335.492
16.2519
461.899
52.0376
0.697746
0.189284
440.151
461.551
404.815
462.152
309.678
292.737
462.108
462.435
1.83153
126.341
308.031
135.539
127.669
404.659
93.4471
6.41026
242.921
267.619
28.0221
53.9728
30.2702
33.1207
353.325
340.558
156.289
344.907
246.212
39.3476
403.608
414.74
209.392
432.515
135.161
457.633
244.438
39.7737
447.695
376.28
437.789
147.364
161.533
263.244
161.034
319.316
346.215
109.801
92.8214
173.751
462.12
269.333
170.337
263.233
102.585
129.03
462.475
17.365
410.7
214.072
395.751
211.793
461.716
461.988
417.51
424.374
58.0216
0.411661
414.02
171.432
412.203
378.681
462.021
256.392
185.377
336.122
215.041
168.049
186.964
136.856
179.738
454.335
130.694
192.169
28.4534
150.232
371.595
300.839
404.524
301.335
413.872
7.43434
461.363
199.068
17.1178
89.6501
119.86
301.561
378.1
183.926
4.04872
0.336807
90.4923
232.757
327.29
270.532
179.565
49.1622
394.709
208.172
461.687
462.101
268.388
289.175
210.026
345.959
354.012
288.467
332.358
405.972
351.476
304.102
73.0493
92.7011
253.512
66.6614
0.349755
110.47
209.274
113.577
0.973889
157.003
100.147
134.67
44.6755
383.628
462.325
297.132
308.898
211.721
299.816
456.694
347.181
352.86
0.611816
459.766
366.359
89.6289
66.4813
0.775883
280.822
411.335
293.965
226.106
307.992
462.504
41.7326
462.232
60.6449
33.3047
339.802
150.874
319.076
462.084
453.763
81.5261
279.095
333.766
333.692
232.381
80.2903
270.784
305.273
238.359
109.314
389.995
197.2
168.867
358.248
254.598
461.207
297.682
237.107
410.136
277.703
242.9
304.734
243.957
295.881
461.932
307.173
237.36
353.779
241.274
420.45
461.827
197.924
271.114
384.159
260.846
228.524
0.5902
329.022
151.111
212.138
462.245
446.168
0.0332718
407.354
420.697
290.705
284.759
382.034
462.304
238.517
387.736
433.313
254.965
244.869
294.149
434.364
305.671
1.72222
286.207
19.0994
461.678
261.488
457.682
0.424222
0.407887
99.207
424.262
48.5207
403.491
392.984
26.2986
382.799
101.311
462.024
256.199
451.905
286.012
462.476
276.591
357.152
442.178
314.87
461.902
284.328
83.1702
91.9237
214.072
389.705
195.583
0.454754
460.286
206.44
157.857
129.992
455.146
385.789
461.982
249.842
91.7989
93.0088
435.203
96.3057
315.854
104.494
99.9754
336.867
461.97
0.059359
143.782
173.288
462.067
462.094
274.75
15.7592
189.417
194.853
153.567
152.523
0.462252
82.4828
269.547
462.328
276.19
0.42732
366.451
462.289
210.651
274.054
120.341
344.542
135.367
0.480557
244.327
55.3754
397.692
97.5795
186.272
358.003
119.473
388.063
168.178
258.195
403.609
427.407
342.841
132.344
462.566
152.367
432.689
225.258
250.853
391.288
59.6469
3.67795
249.789
102.081
31.7706
0.541975
244.065
187.341
462.202
461.469
244.62
320.62
158.993
0.167414
0.0340862
441.134
13.3961
213.913
0.331657
259.314
335.798
0.347472
391.438
260.894
333.646
195.094
22.8741
192.399
182.208
329.11
119.418
141.737
114.087
90.6542
58.1854
366.627
269.545
462.308
6.60591
0.997779
432.488
1.13768
439.061
366.402
196.152
0.372159
348.633
355.306
368.757
238.893
373.176
179.492
458.727
289.422
292.742
175.039
340.575
392.271
98.7353
293.66
276.879
0.576871
223.356
268.25
280.938
222.598
144.152
449.349
462.271
86.4944
391.936
13.8611
252.767
55.443
252.4
205.887
162.505
1.09547
440.937
414.148
101.714
367.067
324.046
271.237
404.77
176.441
161.546
444.842
308.871
117.01
181.827
187.314
304.189
319.636
159.135
342.381
71.1737
232.421
322.859
35.4646
315.079
280.669
321.734
462.061
417.321
150.885
401.085
300.034
302.006
6.0121
73.2455
0.266658
305.218
462.201
186.289
286.418
300.93
44.2224
461.563
191.571
109.535
290.02
356.545
76.1277
337.836
250.437
355.085
152.766
286.136
379.842
254.942
354.415
264.191
462.34
325.248
325.934
0.965702
46.1108
114.965
229.786
177.486
437.57
0.990704
107.868
82.7599
462.583
193.246
16.4641
396.593
207.406
461.924
364.364
351.446
113.826
200.761
315.809
261.25
141.254
0.318884
138.955
264.682
433.518
138.683
132.776
222.666
74.914
75.4772
276.204
461.942
425.513
31.5326
241.381
82.9091
460.872
458.042
190.977
403.433
267.94
310.175
288.879
397.618
124.032
131.682
276.511
410.448
347.996
211.64
338.816
294.163
61.3935
444.432
344.932
0.319326
291.009
461.81
342.164
149.676
461.813
460.974
106.74
215.348
460.681
138.372
232.602
27.2683
376.94
461.53
438.806
321.859
47.4388
464.279
263.646
242.095
438.197
391.661
49.6399
369.947
396.644
398.16
425.206
332.347
1.51415
85.1687
462.12
304.044
28.1382
1.10659
21.1377
312.12
462.525
405.298
310.151
339.505
328.907
362.382
86.2862
341.033
346.409
0.65377
310.316
330.516
462.719
138.313
342.135
108.542
462.21
437.423
357.303
246.421
462.177
326.332
257.23
392.146
200.395
202.774
37.8862
391.551
272.635
195.826
115.1
228.033
311.919
77.0271
380.049
321.633
130.595
232.17
389.495
-0.00466578
362.958
244.804
145.957
306.959
363.887
287.871
40.6744
462.399
40.2778
462.166
368.325
147.219
303.781
24.5064
0.460056
423.01
290.892
391.149
307.849
300.519
322.495
13.85
195.501
457.606
458.436
378.308
226.635
162.558
328.244
174.719
241.887
153.091
462.129
343.617
342.117
462.203
389.653
153.404
277.923
374.615
178.823
0.172814
214.727
96.5658
160.212
232.066
17.8898
310.889
10.0194
0.45982
462.365
300.751
462.246
365.344
461.557
129.55
151.165
416.231
462.334
407.122
293.072
63.4902
457.386
208.949
106.325
111.804
133.685
153.118
0.294007
334.338
260.57
113.278
246.061
28.5712
25.7675
391.469
232.693
38.1514
380.968
6.12282
305.351
409.413
394.601
242.29
173.643
162.608
370.451
97.7746
344.33
-0.347038
8.55968
176.875
126.535
462.366
319.445
326.686
240.268
461.084
304.549
462.168
222.55
192.941
461.163
116.064
42.2906
324.443
377.527
397.629
144.398
224.917
336.605
456.516
86.8201
433.674
393.189
386.593
103.475
243.132
410.463
244.311
188.62
224.815
198.966
340.347
256.694
147.777
246.677
242.404
462.244
135.458
124.217
286.609
461.568
266.569
348.091
147.141
232.766
207.55
18.6892
364.084
362.859
422.152
433.292
398.33
290.204
156.503
87.2917
391.735
267.934
296.678
0.364912
46.2903
246.881
438.653
0.107852
141.856
6.61508
303.884
0.398271
0.91332
137.741
461.966
461.36
172.088
381.61
308.012
437.365
369.57
14.7763
107.121
36.0337
280.825
0.700943
269.092
104.692
234.754
200.288
277.27
461.637
270.302
0.395118
188.615
287.565
225.269
462.106
0.490002
269.899
312.532
248.962
462.461
89.9433
232.539
96.9655
446.908
404.551
461.5
373.928
304.111
318.046
281.438
398.756
460.017
164.454
455.609
365.754
307.647
0.47116
368.978
462
365.281
-0.0039095
349.127
54.1622
288.611
119.195
250.247
445.25
140.049
286.994
0.292713
195.699
0.281371
278.896
232.59
321.935
244.757
103.523
400.134
347.166
232.367
0.273582
209.133
424.004
30.4031
89.8288
174.162
189.262
460.931
290.672
199.785
248.688
461.431
432.254
120.263
268.142
370.71
371.866
42.5467
359.646
102.517
334.337
462.054
435.768
436.891
125.59
441.64
99.1353
100.535
-0.0578446
348.215
105.668
406.247
138.902
305.546
345.484
0.592563
116.838
194.824
4.99219
276.336
461.192
95.7063
414.783
365.196
241.331
299.691
0.0630085
212.262
97.5699
147.785
1.4511
328.947
9.5878
395.945
141.563
462.949
318.479
462.427
160.536
59.1448
276.459
358.416
139.14
197.983
332.204
254.032
324.851
80.4959
131.727
462.327
2.40225
186.203
174.252
280.55
219.811
157.671
405.1
398.337
304.777
461.949
234.586
218.978
262.087
432.032
0.502525
423.093
47.8386
220.654
229.425
237.728
49.9141
190.946
110.921
319.346
461.573
79.4005
73.1257
112.297
127.466
232.627
392.344
0.491675
314.468
103.195
335.197
461.232
1.01616
283.096
135.171
0.484579
259.841
242.944
125.695
461.729
152.873
204.041
322.634
246.242
0.3844
465.226
0.37705
305.076
265.253
235.66
53.8989
413.056
230.37
367.994
76.0615
173.928
167.77
405.606
444.896
462.005
289.737
66.1517
353.361
90.0502
424.135
317.052
400.637
405.875
190.557
337.869
324.507
183.924
193.032
237.218
95.8663
462.351
13.6559
0.233653
339.586
113.222
399.183
456.569
387.62
3.33873
153.964
452.221
0.316768
164.345
195.593
432.119
11.4019
115.329
222.586
195.936
62.9619
135.868
118.916
343.622
378.262
246.843
375.674
122.11
462.02
462.241
195.512
194.582
224.286
153.195
213.757
57.6538
407.118
299.534
11.844
29.2929
392.566
147.933
462.037
428.447
1.42035
313.505
409.541
204.254
105.612
186.8
220.606
94.8305
364.349
409.273
461.77
251.574
178.718
462.309
262.982
304.314
-0.0132813
230.048
377.901
285.254
141.72
-0.0885637
232.172
461.703
168.632
155.621
462.342
258.919
282.194
109.349
382.635
147.701
226.33
0.0607949
193.116
461.006
170.229
442.192
462.042
410.424
0.216599
0.313067
296.691
132.32
53.9252
178.634
271.792
116.029
419.731
447.727
256.643
50.1003
152.51
58.9748
12.6479
357.323
439.347
47.0588
265.26
383.233
317.661
20.9161
441.613
0.549527
462.002
13.4404
311.718
295.764
462.318
114.438
455.646
139.038
418.545
392.297
-0.104512
93.9622
329.112
181.1
457.436
2.44364
459.52
256.966
262.492
333.001
118.576
97.1035
424.47
380.56
267.814
0.897361
454.216
392.962
0.490143
338.439
462.3
139.73
255.067
259.856
0.487642
460.951
146.023
157.137
67.0678
68.2838
100.058
181.873
462.361
267.668
348.285
223.942
408.404
263.021
83.5275
0.473674
462.285
336.594
85.6049
152.714
461.988
195.615
461.603
291.626
308.685
183.016
273.317
397.314
0.325113
310.291
235.888
461.493
240.558
130.151
76.2652
0.211639
461.982
95.8243
56.3215
399.827
108.763
155.967
110.971
92.7957
164.467
232.24
4.19448
430.611
462.247
421.24
2.24756
220.506
255.402
234.943
144.143
160.387
0.957992
332.792
235.621
219.007
325.19
39.9234
265.098
430.383
246.483
439.224
274.676
462.28
392.543
393.669
435.742
232.481
97.9061
-0.492098
337.286
373.158
0.195133
379.67
424.765
259.963
337.157
370.385
10.9054
10.4805
0.535839
294.577
389.304
310.582
299.896
56.8846
259.168
25.8869
323.919
323.132
301.722
197.484
408.154
270.744
275.529
63.6027
147.291
301.116
462.549
279.497
209.41
165.535
462.356
406.267
387.593
239.944
461.646
414.43
338.291
462.25
376.962
418.677
39.8832
459.173
165.118
6.42658
33.7324
448.244
4.2318
462.359
38.5985
325.625
0.314716
144.51
290.962
49.2529
377.425
388.732
338.131
463.429
404.936
80.6096
461.798
401.736
151.547
175.211
0.293524
395.903
452.902
370.619
216.248
213.479
266.594
316.64
319.797
400.507
410.136
454.264
285.442
430.409
0.1297
195.692
367.092
243.809
330.921
306.026
-0.704861
91.9865
197.72
29.0124
254.669
0.0744236
232.236
162.234
198.618
236.271
440.109
0.386794
229.296
240.259
430.009
300.212
356.201
305.298
192.974
462.406
340.285
183.975
462.081
151.444
387.258
304.554
313.35
117.187
255.352
462.391
462.319
451.402
121.517
241.666
73.0313
232.495
111.076
215.457
146.72
222.84
251.993
445.912
82.2197
55.0426
461.619
142.594
337.371
109.888
176.895
441.292
462.204
370.322
56.6542
50.0063
161.673
269.219
261.284
0.652648
145.185
172.258
368.169
307.222
198.191
255.374
393.931
109.245
0.544924
0.391438
462.467
461.933
57.768
141.746
392.078
1.10051
356.241
343.048
388.831
256.801
224.54
217.874
130.74
436.775
462.158
273.138
448.251
81.5145
361.506
412.749
22.7483
427.516
300.024
389.925
362.965
288.962
78.1922
374.665
389.714
49.9111
462.208
223.841
433.274
4.1905
301.5
442.018
397.178
193.552
323.247
257.331
462.557
0.581293
286.14
132.202
108.996
211.078
0.465175
396.647
462.53
287.656
421.203
390.991
0.164054
369.559
324.888
301.345
198.862
399.926
432.166
462.082
462.353
400.358
257.07
434.815
162.04
451.31
462.551
17.53
461.53
252.144
181.528
354.517
184.503
451.217
1.58399
238.673
303.517
462.132
308.955
445.535
225.133
287.451
440.082
410.537
87.4394
462.372
462.232
462.248
115.087
367.842
330.531
308.85
3.22936
446.235
104.11
147.45
170.786
395.876
291.274
165.921
462.09
117.531
382.761
370.411
0.763925
23.3934
130.99
302.26
1.02223
365.276
335.476
381.717
157.335
90.6657
275.139
0.884864
0.243534
29.6615
278.862
458.988
462.121
399.952
304.235
162.822
323.533
298.359
369.428
230.378
462.183
43.6991
315.048
462.304
188.994
245.896
380.663
230.055
228.298
272.669
271.994
0.286731
249.244
228.078
323.391
0.756013
187.841
157.186
272.862
103.267
362.099
394.7
1.27073
462.409
462.01
179.729
4.66591
461.869
125.42
36.0373
287.502
35.1231
0.460808
210.889
378.774
354.794
460.497
462.103
179.687
171.961
236.863
75.8955
461.516
254.184
462.337
327.976
298.204
195.352
17.9437
103.194
251.339
314.298
271.448
455.069
322.245
461.815
462.256
240.032
122.273
2.50603
243.592
384.624
61.5723
3.21886
206.325
164.231
122.589
35.3893
48.9111
401.262
126.988
65.9741
251.769
227.98
294.285
448.589
426.645
297.236
415.126
236.681
68.9067
210.51
388.018
324.816
68.1898
262.566
119.744
399.779
385.9
254.201
254.683
430.601
451.221
164.141
421.271
53.8773
273.335
1.46193
170.643
317.301
449.864
409.289
463.051
17.3284
326.116
424.309
306.175
262.019
399.08
278.361
43.3664
462.053
462.405
8.62508
0.537574
237.302
342.476
169.82
0.16051
190.853
147.675
462.232
461.979
301.378
277.857
317.832
321.989
253.879
94.7318
310.895
339.131
305.77
462.267
391.04
461.692
352.746
250.054
231.658
359.029
462.332
276.24
415.289
462.085
234.57
356.949
0.761221
421.005
232.417
460.875
460.744
69.7399
0.229795
63.1814
174.288
451.124
0.868298
260.973
462.11
442.633
222.442
305.877
0.26098
430.939
143.807
347.512
423.744
284.359
105.517
279.22
0.112675
337.048
287.798
334.624
462.937
184.055
0.796955
172.098
462.148
345.769
0.305668
271.369
461.774
234.781
462.476
370.469
274.253
406.107
91.6571
184.405
279.437
300.154
263.366
346.612
249.591
430.566
237.175
139.74
153.564
384.611
10.2975
24.423
8.36352
462.095
440.067
146.853
357.806
399.177
371.684
-3.11004
48.9019
179.127
460.348
18.9407
0.163612
-0.12275
319.883
131.462
266.269
0.544079
246.866
322.323
265.545
119.338
158.435
190.621
148.573
313.647
242.16
3.41281
189.188
2.87029
27.0156
345.276
387.442
462.419
150.128
285.823
187.225
463.002
255.501
254.663
390.09
462.091
101.072
230
121.671
227.906
365.238
114.231
277.831
461.902
462.459
241.505
189.039
357.72
294.421
230.078
123.132
286.302
399.906
284.578
126.798
165.795
6.63181
369.107
431.665
461.199
461.357
316.483
246.27
93.0429
207.183
0.400705
83.1013
103.257
235.029
439.369
358.793
298.303
361.58
229.867
444.699
298.921
292.384
444.933
461.371
394.473
228.642
460.366
461.68
292.509
380.647
462.304
60.5171
185.319
369.851
249.676
462.534
185.161
462.525
369.57
9.54525
283.835
409.875
51.5179
333.039
437.276
462.101
263.846
420.154
449.522
232.562
163.106
45.1981
462.16
263.28
52.3629
179.894
149.232
1.1598
313.063
447.993
0.141503
332.641
398.847
128.825
100.405
300.959
327.101
76.7585
255.743
326.272
267.897
185.596
379.339
220.784
432.273
269.231
31.3669
461.475
116.985
233.588
263.349
414.357
351.578
81.2649
222.232
84.5903
1.32473
332.937
223.198
91.8148
90.7287
233.541
91.6375
0.813109
254.484
0.403066
449.948
389.636
258.526
297.622
391.265
294.471
174.494
313.282
279.955
296.055
127.529
383.573
351.173
191.188
394.39
202.089
104.779
0.525593
462.445
160.315
261.825
56.5773
0.861845
75.8342
462.247
268.254
58.0126
253.3
6.64192
358.435
275.563
428.095
462.382
327.901
70.4072
373.585
303.914
30.8645
162.708
355.88
379.186
391.737
462.467
267.015
233.023
315.269
176.234
189.367
377.932
94.5393
117.145
110.398
182.794
0.229905
132.135
403.797
333.735
253.735
14.3065
217.288
434.142
236.195
128.122
237.29
157.973
188.386
300.196
3.34643
243.219
214.543
394.691
399.983
269.631
0.682963
0.142964
312.247
-0.123631
79.3899
270.518
406.129
172.519
411.837
219.287
295.582
64.5822
233.907
382.198
54.1483
157.611
305.195
425.317
217.327
258.247
112.066
4.57413
132.052
196.415
434.688
385.192
254.016
62.512
338.398
386.648
210.665
299.981
30.1422
191.812
313.669
309.239
420.911
365.411
54.8012
56.637
211.708
0.363538
461.931
311.1
360.358
448.252
13.5287
341.33
212.112
245.387
61.401
186.525
415.564
461.647
378.385
70.0372
421.559
324.483
344.071
461.937
444.42
146.3
192.678
0.66233
331.767
399.398
461.945
313.727
42.1548
408.178
212.323
369.588
302.932
156.788
65.3146
286.903
146.842
419.58
327.262
375.617
458.83
117.653
55.2377
387.671
384.883
196.316
345.741
462.062
232.313
342.371
313.381
0.388385
217.03
0.0392699
213.301
64.9664
95.4878
371.294
427.656
318.112
0.292026
462.084
173.846
288.334
44.9733
317.773
309.961
287.068
303.484
197.625
287.582
350.522
0.716625
360.141
462.104
0.71413
266.904
462.144
227.636
146.579
461.824
307.13
106.334
385.4
103.838
462.14
462.343
381.424
462.544
188.415
363.756
337.798
120.689
151.284
4.15817
122.015
222.615
0.353683
332.17
281.574
310.624
327.597
134.36
150.133
328.324
462.188
396.205
425.068
0.28211
267.501
462.705
239.846
7.00726
314.596
424.161
409.478
67.8314
462.191
356.953
332.95
425.724
410.797
462.34
0.490387
344.356
353.486
399.382
363.9
219.942
180.943
315.182
30.8693
245.532
439.983
125.767
63.8605
377.147
283.768
199.614
224.863
386.217
0.526537
366.164
1.09119
332.764
146.035
2.26824
84.1088
293.244
461.976
0.332616
327.559
255.312
461.706
65.1267
178.049
215.443
204.34
293.238
193.329
164.999
376.295
462.045
462.069
244.048
434.258
338.147
436.758
228.151
313.183
462.182
407.192
462.602
70.5096
240.433
204.812
419.466
462.194
372.786
395.669
393.403
423.153
461.865
135.119
253.961
351.393
172.247
245.603
406.897
270.106
413.871
422.453
354.262
96.0792
263.293
57.1697
271.583
367.881
453.701
192.056
204.517
100.114
339.96
161.494
246.475
402.552
209.538
45.9166
288.965
379.789
89.7737
329.623
233.15
462.14
239.592
17.2489
382.814
284.176
120.004
199.036
347.894
354.991
61.779
220.698
314.733
34.1221
435.141
300.346
282.623
97.2716
331.43
316.297
439.058
425.304
432.8
430.255
162.868
224.056
207.805
196.243
204.521
116.41
63.1315
452.01
304.078
461.736
114.027
30.6371
251.293
462.394
57.7948
449.132
249.361
117.954
73.1901
393.702
371.862
1.88139
398.588
261.352
38.2528
105.063
262.42
385.494
199.676
131.387
77.3118
305.541
424.069
373.851
290.167
433.254
368.049
192.341
99.5115
330.107
251.401
105.583
288.202
240.641
271.035
154.169
170.852
398.46
176.506
336.794
330.878
428.875
16.3019
193.738
411.562
256.114
425.281
72.521
70.4637
117.508
191.97
462.69
112.997
236.874
197.613
304.876
0.67787
243.023
459.452
336.926
389.723
128.114
322.213
142.089
127.632
258.388
397.142
461.751
0.54026
24.4024
241.258
371.034
457.231
404.696
356.206
26.129
113.07
435.755
245.873
313.477
183.845
462.486
419.227
38.3314
178.314
98.6989
461.912
126.373
143.321
238.778
401.636
254.436
0.534148
376.286
383.913
461.931
223.28
316.656
105.919
47.4725
111.398
435.665
169.987
229.966
252.21
164.396
8.96001
171.393
84.1361
416.365
416.937
328.584
348.733
247.09
213.208
281.996
349.61
145.194
423.425
0.403766
185.456
299.467
368.432
203.565
324.926
462.095
101.919
283.169
210.587
462.05
108.11
35.9115
235.931
461.464
87.6169
15.4802
239.771
177.05
178.493
393.446
349.658
366.915
0.109109
137.833
91.9651
179.287
269.541
323.522
234.476
227.316
280.06
69.1838
265.578
94.1451
238.194
179.298
234.885
459.4
338.316
101.093
446.259
270.276
461.102
437.761
259.804
170.057
462.038
334.117
420.058
405.397
354.257
144.675
204.959
139.388
96.8813
250.044
347.522
92.8887
134.835
251.417
289.431
102.921
241.357
121.28
223.691
243.167
146.637
458.233
56.5054
361.354
386.224
39.1774
30.6356
332.579
260.387
279.505
416.498
86.2457
364.45
461.048
152.936
233.535
271.563
119.284
182.956
0.256316
141.568
235.216
0.519184
97.6324
461.547
435.025
183.98
69.813
2.25641
382.98
432.867
386.745
69.8521
324.285
69.3268
457.658
196.697
297.902
284.933
224.951
198.46
310.035
202.855
169.154
317.578
103.423
11.3644
246.344
264.362
315.764
168.24
237.037
462.268
275.693
353.151
29.7061
355.979
80.3353
349.366
268.158
383.908
243.204
212.431
339.223
462.045
229.769
266.957
142.077
219.257
0.56663
462.325
99.0387
462.361
338.591
465.271
283.354
116.901
229.487
335.608
119.327
139.442
192.709
53.4331
19.7265
158.416
144.571
340.673
38.1811
430.403
0.0800905
461.871
362.441
0.498791
178.413
320.374
64.6359
157.038
0.916896
323.193
301.472
461.701
411.02
39.034
447.508
400.121
412.364
399.218
462.069
359.614
219.659
462.674
43.2401
267.288
326.996
107.752
0.969153
398.018
109.023
140.442
184.295
392.132
462.927
352.069
442.926
313.868
214.82
249.468
396.369
114.053
444.335
182.627
347.338
368.875
429.863
179.075
461.994
347.771
414.388
42.1282
264.913
461.748
462.291
461.564
55.2555
425.91
188.199
462.03
458.526
462.496
438.006
440.511
174.138
0.33247
93.9745
373.336
433.009
439.38
357.84
222.237
462.467
117.285
462.422
411.006
168.586
64.1203
138.739
305.26
53.8807
461.865
65.8036
84.8119
137.975
173.355
219.173
461.698
218.869
20.0906
79.8991
44.3413
0.363512
256.468
373.482
396.568
314.154
309.794
283.753
314.547
454.455
13.6687
370.633
462.406
441.862
337.452
335.399
462.144
288.696
281.981
254.888
0.538256
303.829
0.544466
62.7336
82.3416
291.396
49.2503
243.612
267.101
462.37
131.333
0.451696
0.89078
97.4126
143.578
453.123
175.535
274.502
67.7682
74.846
458.065
253.587
275.585
289.42
292.592
390.744
242.642
410.17
244.934
56.1417
19.6579
267.56
309.011
323.186
462.08
94.2095
355.799
260.647
462.002
432.334
62.6336
462.582
77.6131
320.013
461.309
69.0081
97.5827
442.444
29.8952
310.743
462.144
110.078
252.113
214.855
356.027
356.654
285.271
118.071
283.005
10.2349
164.246
278.865
121.698
113.765
181.298
395.743
390.384
89.6399
144.704
207.236
69.4737
461.877
129.911
462.062
343.183
427.958
270.826
454.78
73.311
348.294
95.3944
193.253
350.98
242.623
78.2782
258.761
28.1627
253.269
224.881
458.749
262.633
260.603
345.392
323.985
461.377
296.182
245.916
454.922
0.309628
357.721
262.615
137.232
137.542
109.917
358.873
326.947
94.2634
15.0996
114.784
-0.31307
0.293705
125.845
236.194
216.361
142.409
461.629
425.931
70.3633
342.33
461.915
333.78
347.495
70.0977
398.304
113.3
342.649
56.5459
462.239
276.866
422.54
346.018
299.574
420.182
43.64
440.081
389.234
81.8492
462.789
317.442
-1.23151
1.18501
277.479
161.18
197.18
189.507
127.993
451.117
353.267
461.958
203.434
298.977
321.003
211.123
0.379379
152.102
452.428
277.471
347.486
105.692
328.734
224.414
100.771
72.392
439.048
227.772
355.027
50.3987
230.47
391.172
0.840976
316.726
24.3797
250.484
0.155483
461.892
363.807
136.228
45.1549
222.812
394.196
462.065
461.753
59.6037
352.138
100.741
410.042
462.221
294.658
289.186
462.07
235.418
334.795
245.179
309.977
462.729
0.64993
396.115
404.735
341.924
461.46
325.662
419.048
402.657
461.69
461.931
462.317
216.873
199.145
446.62
105.054
462.039
278.409
70.9186
311.296
363.417
287.294
460.118
323.845
234.398
202.869
342.661
0.417493
416.779
312.538
390.439
302.587
462.206
460.014
216.382
65.3347
79.6613
356.712
64.4413
462.835
445.755
142.744
460.033
285.61
324.854
461.511
67.5153
0.386686
296.703
132.15
462.449
357.02
327.718
285.808
107.972
415.588
402.843
0.376862
123.603
461.347
336.576
192.788
88.7782
396.547
200.487
333.23
147.758
103.872
461.968
461.776
316.862
153.091
233.102
155.687
143.842
176.048
414.757
461.825
0.148802
460.244
281.77
373.14
201.445
0.0354819
37.1085
461.788
365.133
269.223
368.325
426.43
277.562
281.568
282.166
126.557
79.7958
243.347
413.101
361.451
313.12
353.185
18.1961
320.564
40.3489
461.198
70.623
378.581
340.588
110.106
405.949
314.87
152.278
380.8
33.8171
405.14
461.828
123.848
327.277
328.572
414.018
461.834
201.67
207.648
294.094
462.482
38.1435
95.1304
436.445
101.525
281.65
445.345
0.94908
307.563
461.581
148.55
435.142
354.575
1.68793
92.3308
364.889
255.653
39.5261
195.669
327.683
439.624
295.847
462.323
388.869
0.264006
300.272
404.872
189.65
103.706
168.276
192.324
121.114
162.691
294.934
408.733
462.756
295.831
462.014
372.271
218.025
358.94
264.706
129.074
120.154
399.296
381.189
0.355539
23.7431
128.542
462.636
461.916
249.476
232.263
410.558
209.07
19.1894
116.088
0.556037
392.934
461.454
214.216
413.988
0.422272
8.38148
0.507175
420.264
0.742659
333.175
379.758
438.483
462.089
200.837
41.9753
461.87
373.299
361.161
164.316
460.222
177.354
260.343
0.0401496
8.96948
359.147
461.665
75.7331
321.962
268.185
305.73
67.1979
246.601
302.273
0.160926
210.354
300.076
354.755
432.671
294.601
339.122
347.349
326.228
373.809
173.088
300.179
125.807
262.002
462.338
462.153
462.428
86.1411
380.486
95.3641
188.44
462.059
1.15892
222.211
239.05
459.679
169.014
28.3631
352.426
234.394
439.355
285.086
0.514485
410.809
328.23
321.97
109.858
462.023
289.184
277.349
401.925
462.297
176.222
348.258
437.126
338.2
0.303256
344.774
0.0851583
385.253
230.527
461.673
383.457
189.519
314.363
385.695
260.914
162.684
311.044
462.358
48.5471
404.463
152.072
71.0208
461.626
266.781
38.2354
107.696
284.332
17.5011
19.8171
389.132
189.089
284.007
389.763
67.0941
300.658
294.192
348.144
308.642
0.396485
409.586
454.523
347.797
234.318
349.597
103.73
437.289
368.446
236.898
69.9049
369.258
180.127
288.873
287.503
299.25
461.871
437.658
227.38
272.46
130.364
88.9973
167.395
269.343
257.352
338.402
196.227
316.928
126.024
251.09
176.049
243.359
263.128
0.855389
350.156
124.957
61.6972
179.191
273.01
297.89
389.756
427.507
0.616528
307.416
131.304
270.757
300.906
125.07
262.668
63.3256
438.086
367.476
215.319
1.67463
191.343
461.763
291.697
70.3077
285.211
119.344
186.624
218.811
58.9388
450.787
140.033
134.318
214.215
212.923
397.477
453.881
361.536
302.543
13.7408
368.645
396.033
462.262
462.163
223.459
115.209
301.796
0.770353
230.501
101.074
289.007
41.7707
0.237909
446.152
405.992
462.293
305.514
280.712
232.661
461.889
329.758
397.265
127.882
462.075
461.794
230.203
198.93
432.067
460.742
1.8518
50.4249
261.189
236.986
462.383
207.443
358.018
382.211
131.643
312.536
457.54
441.202
106.413
402.974
461.976
461.693
179.512
157.492
463.377
50.5354
374.988
-0.269698
152.652
213.374
462.126
100.7
238.355
104.614
130.992
452.747
262.435
391.807
346.23
423.766
177.633
345.153
310.313
459.585
298.765
159.312
302.085
42.7334
236.681
428.125
0.243722
429.076
39.0737
462.15
185.556
104.556
283.434
5.91363
9.66766
410.381
448.075
322.017
268.908
279.17
35.291
252.307
351.509
457.469
460.677
215.247
75.9987
354.018
461.989
461.782
186.745
366.411
362.981
167.55
207.573
363.358
422.988
462.114
193.016
0.210114
0.515192
430.593
392.743
256.962
66.6474
286.269
290.44
180.481
310.397
82.7417
182.665
33.8109
335.431
462.05
75.7256
224.997
122.855
82.276
461.406
193.423
462.136
0.210582
146.715
107.551
361.148
371.691
25.7522
461.731
299.379
59.7775
364.918
150.594
431.856
4.11598
226.623
301.745
196.453
331.534
305.094
307.456
315.346
435.338
94.4096
389.934
462.058
188.561
461.254
350.867
432.705
215.346
300.639
217.871
395.324
409.859
78.5161
344.742
2.19078
91.5373
382.342
462.187
341.896
338.883
348.675
0.802782
283.438
21.5063
355.593
446.604
371.942
461.02
279.307
239.251
294.44
250.042
418.307
461.63
232.811
292.739
243.194
236.172
62.6295
199.93
182.119
262.784
436.133
284.52
0.330043
425.039
369.519
454.135
462.188
337.728
248.174
45.1496
272.123
387.987
230.12
360.273
0.560998
326.416
55.5392
0.213375
130.685
178.841
409.662
323.903
232.367
106.475
461.516
298.135
407.364
376.882
385.86
147.561
377.842
238.424
375.742
434.882
373.854
175.049
235.566
98.9267
252.348
375.97
393.716
122.657
315.698
243.782
155.705
187.549
296.576
349.954
424.731
194.255
106.543
206.829
0.550011
269.277
268.044
378.247
218.45
406.781
411.032
449.749
462.174
243.317
0.249733
56.6931
461.632
287.067
35.1113
0.551054
244.251
307.056
378.349
318.47
192.025
252.199
80.7301
177.118
262.597
103.895
462.302
218.795
463.015
296.55
309.793
224.705
134.639
42.6317
452.763
413.139
262.919
222.648
348.716
462.279
402.89
196.188
218.286
397.506
320.713
260.761
43.5358
126.832
315.138
203.63
422.759
137.366
294.109
91.4406
169.455
37.6323
439.383
350.815
21.1697
24.5585
415.078
462.36
0.079247
1.31926
409.5
128.105
98.8617
260.391
461.775
457.582
90.6017
183.865
243.728
333.812
257.458
327.706
461.908
253.122
461.969
461.442
454.613
462.278
455.564
411.1
300.558
331.456
249.449
389.279
196.284
379.622
286.322
262.185
108.631
297.408
343.065
425
276.688
199.936
0.857202
435.795
0.461017
444.498
293.369
353.342
302.021
314.693
215.673
209.796
354.404
60.1998
92.2084
15.3852
359.01
63.6956
449.924
47.97
394.815
34.769
454.602
317.271
221.173
397.52
462.061
216.306
462.28
275.669
251.374
461.423
434.042
118.195
191.801
248.683
284.936
116.234
282.078
371.385
30.007
368.347
462.239
425.146
265.528
358.149
91.7952
142.337
7.65322
298.818
377.975
341.344
50.7206
185.868
255.407
130.914
390.955
145.723
139.472
462.588
461.62
289.263
0.80344
245.294
462.566
320.636
131.932
462.069
206.853
324.945
111.834
3.51336
85.7313
391.121
227.056
461.909
294.971
270.422
64.1455
211.655
459.682
337.021
29.6414
82.0395
460.945
325.371
361.99
82.4259
192.578
1.65036
392.362
45.0569
191.41
406.65
248.209
267.002
66.4956
214.42
207.693
361.074
1.10627
0.879977
415.915
92.6221
205.396
289.608
113.45
302.641
291.856
97.3208
462.171
164.743
210.466
269.455
462.267
0.0922922
25.7095
9.96451
82.2619
91.1259
39.6003
263.395
197.786
367.446
414.492
374.34
276.878
14.906
462.391
355.097
462.379
409.111
156.807
28.032
67.4493
461.928
308.061
132.033
280.249
320.075
286.271
456.69
368.797
151.929
129.453
181.078
328.793
189.42
382.465
30.4998
462.096
38.9432
287.793
461.93
237.825
461.814
373.887
462.495
202.311
232.359
364.398
191.551
117.979
238.288
452.231
227.093
41.9483
0.389454
240.798
462.507
43.5336
461.982
31.1404
164.491
382.79
287.761
293.65
299.672
412.682
183.457
437.116
118.867
207.847
347.778
300.21
462.341
260.899
70.5399
137.245
201.233
168.26
274.322
269.436
134.801
232.349
261.352
310.481
111.507
308.439
356.662
4.41154
243.208
42.0643
0.229452
379.888
461.388
313.434
382.869
299.486
396.815
353.439
462.377
420.222
389.674
311.578
461.463
310.901
182.997
272.117
430.937
435.713
7.19778
240.884
462.424
34.8595
461.706
462.53
376.259
305.201
179.999
183.533
212.821
461.309
379.299
309.524
244.004
393.583
219.844
371.426
408.577
224.01
461.927
380.977
418.366
40.6208
106.031
394.368
148.524
251.587
279.224
235.788
89.6417
462.041
231.751
283.256
68.7939
388.757
460.894
77.9464
-1.51538
0.388636
260.839
409.675
96.8089
210.092
461.436
88.0385
265.53
348.94
414.369
28.8777
376.42
461.702
461.906
415.079
257.563
280.562
380.63
326.535
167.493
0.423785
235.157
14.9163
128.105
436.296
4.00993
416.837
419.769
132.674
155.894
14.7071
194.175
173.319
127.358
5.85779
29.6077
174.264
401.607
191.859
309.339
-0.0842116
231.97
450.494
301.894
28.2157
276.068
264.018
458.451
74.5787
330.281
452.299
52.577
368.501
462.452
47.5462
383.983
461.823
376.748
246.812
77.3118
128.73
462.451
424.365
337.791
411.84
27.8546
346.318
461.635
186.137
290.481
234.253
113.939
392.299
296.598
354.11
327.354
232.285
443.905
196.512
261.298
372.885
0.339952
393.002
411.126
108.991
179.426
34.7252
462.458
221.507
394.181
324.84
462.074
370.982
407.558
-0.337828
1.65685
263.07
15.9737
328.027
309.656
316.558
303.697
461.677
130.632
222.21
277.751
48.5855
183.097
261.054
110.463
240.905
323.054
253.603
115.15
436.911
190.285
90.0152
204.414
73.8022
456.163
114.989
166.72
201.919
349.585
2.51583
327.557
0.387874
232.651
0.198294
165.371
318.394
0.278489
457.578
427.797
263.186
0.156294
462.185
106.687
267.227
425.097
91.8992
432.174
106.65
380.831
33.0535
315.649
165.712
241.971
36.8912
21.853
77.1957
233.772
334.963
360.267
39.0487
308.649
325.878
319.715
199.134
298.169
53.1178
5.78093
351.971
91.0481
256.541
258.794
190.247
160.914
76.6897
1.43561
195.246
272.426
250.491
370.74
410.811
410.16
372.002
354.88
57.1209
309.503
71.8401
369.236
320.417
461.72
439.53
462.262
0.624427
338.188
448.134
382.35
149.602
286.204
455.798
462.014
286.623
428.628
388.42
462.359
172.658
462.036
291.863
15.1571
460.578
215.421
451.346
65.2912
197.03
166.719
281.831
123.474
204.309
250.503
118.71
146.029
419.852
248.759
190.398
396.864
132.943
384.042
409.1
319.897
185.692
331.24
393.784
426.087
462.023
363.243
335.71
283.213
230.055
119.871
45.1605
461.84
221.136
408.86
146.79
150.343
398.768
242.225
343.927
288.104
-0.346152
53.0887
246.761
144.614
62.4466
450.015
133.63
248.017
82.8351
0.237872
314.833
44.6415
337.306
134.661
462.355
284.067
189.651
0.419328
19.1606
315.081
266.401
414.84
99.8743
221.387
387.645
178.222
366.612
190.345
274.602
138.733
243.586
10.2311
200.267
0.440279
422.615
372.185
0.682526
221.559
462.289
462.717
461.815
0.121654
395.955
285.389
109.14
172.778
5.94068
277.877
1.01536
0.315603
450.98
461.511
236.931
250.571
416.616
323.37
0.985638
306.344
233.157
398.635
105.215
130.578
374.703
61.8035
213.624
160.035
217.875
341.823
0.212896
256.888
171.161
234.637
462.397
115.947
300.978
37.6685
461.811
1.30362
327.831
325.625
216.919
113.988
416.802
356.946
395.747
133.925
306.945
211.549
338.447
462.119
76.8713
215.347
262.399
380.432
402.253
319.304
461.925
97.2921
385.863
251.668
-0.816806
252.278
40.4436
221.066
237.989
308.434
381.316
147.014
339.992
110.232
11.7484
162.516
462.11
438.195
302.028
0.184103
224.307
238.079
31.6681
411.567
140.26
186.652
0.356583
385.32
217.031
21.5694
420.175
390.192
0.517745
363.179
246.625
30.8531
419.102
416.089
461.329
86.8128
226.536
302.163
461.788
371.082
431.903
338.513
22.9656
392.176
18.9431
456.389
353.98
232.401
307.193
191.748
131.929
122.215
417.663
429.759
412.148
247.27
381.873
351.548
374.039
260.147
110.717
377.173
170.189
81.8798
41.5983
436.747
461.092
0.657517
188.404
151.107
462.098
388.31
280.933
461.996
269.268
155.64
195.908
329.795
196.008
0.369549
462.209
221.783
149.746
462.002
461.567
462.64
308.336
343.773
286.919
279.424
0.75607
382.667
460.887
453.719
250.923
264.615
69.6484
379.139
377.002
53.8659
250.783
415.159
182.059
302.983
193.283
85.3002
25.481
297.288
0.255162
151.099
147.322
408.603
457.561
412.488
466.879
105.443
219.835
313.924
456.428
227.17
318.394
421.167
462.76
436.627
1.00735
281.743
314.096
391.966
462.052
456.243
57.632
462.439
373.885
86.2099
0.376039
270.919
69.3288
133.35
462.055
346.89
77.3519
90.091
207.433
340.77
1.55585
357.22
20.0843
459.559
288.938
462.403
246.564
377.976
241.254
250.637
236.544
104.846
439.255
215.478
224.331
143.398
401.084
181.65
59.7064
423.61
233.229
54.964
0.49839
93.6707
0.365173
151.619
462.069
401.643
462.217
319.803
140.162
276.911
23.7448
0.328282
462.168
462.266
9.31051
-0.151428
344.336
99.4549
64.1946
402.514
85.0074
0.50208
367.202
19.2665
351.217
250.565
370.171
271.499
430.61
170.339
312.342
309.468
415.047
427.346
65.0185
239.822
200.086
345.492
44.7539
344.601
462.006
317.236
447.339
357.904
296.938
239.046
93.9149
223.582
177.599
396.699
416.995
126.938
191.934
184.084
298.001
204.202
120.875
200.661
267.29
75.8971
392.232
176.983
208.486
451.931
0.558157
397.129
419.251
449.52
27.3699
134.139
215.648
251.26
423.737
415.02
297.419
42.6863
232.554
0.0896268
422.762
462.448
222.313
61.0547
338.491
322.183
249.813
437.054
142.821
0.515568
35.1526
256.867
285.859
350.011
131.194
234.983
462.14
0.554546
400.172
6.50195
241.475
238.964
24.9655
0.543087
0.467827
346.425
254.604
115.371
71.6534
404.611
279.737
370.56
21.5653
356.226
455.879
86.9755
299.045
0.140211
461.867
180.068
414.439
303.655
179.852
220.472
398.137
344.23
149.096
324.128
443.213
83.6178
19.752
182.42
462.049
340.539
159.97
274.321
300.393
151.854
277.666
235.372
329.277
392.823
427.523
462.211
237.549
299.242
336.258
115.423
232.474
304.467
15.5971
3.10332
180.353
335.56
154.901
19.9856
375.895
461.976
90.3421
167.544
461.979
21.9466
280.293
160.759
250.952
148.691
275.694
462.345
100.28
462.026
455.383
166.3
461.616
119.858
125.577
462.233
205.728
83.8003
401.227
323.219
301.602
363.796
353.362
460.625
381.425
418.94
260.19
462.052
186.7
22.5842
242.472
331.933
246.255
4.27232
0.577706
261.051
37.6983
425.457
395.974
179.216
119.391
260.864
221.642
290.827
72.5599
424.241
118.032
0.908101
1.07796
368.996
324.808
0.427257
149.578
172.741
390.98
165.872
0.451724
293.864
399.927
220.079
318.355
461.731
340.994
395.983
206.424
70.7094
371.529
202.169
356.075
271.974
132.773
462.122
461.647
232.102
184.207
39.2783
0.204155
462.008
462.039
270.847
331.401
229.577
394.161
360.943
95.4344
302.675
203.907
302.512
357.316
207.954
440.513
316.038
409.74
257.217
349.641
443.033
284.209
413.544
71.6688
52.5789
0.56728
269.835
0.223262
409.334
352.531
460.393
206.106
204.527
51.4378
250.351
11.6561
74.1292
462.214
409.317
462.1
0.238722
444.469
281.226
263.272
266.99
259.002
293.022
236.27
384.226
327.332
0.505474
329.254
218.132
376.419
216.221
142.824
182.196
370.149
362.217
152.879
331.783
59.7189
399.293
230.059
462.054
457.793
236.318
462.139
462.079
76.6244
25.5744
33.1793
309.028
152.063
0.343198
126.422
385.274
425.784
101.11
371.757
462.37
197.044
294.964
460.493
294.862
385.656
76.615
462.022
462.074
57.8118
439.041
208.636
379.115
313.147
426.939
233.279
35.7962
257.02
416.141
242.507
377.414
0.308018
246.116
304.133
227.012
264.476
141.768
392.559
129.151
291.537
291.169
384.365
121.073
317.308
48.7114
268.513
312.676
161.213
147.948
388.589
198.309
198.745
332.703
0.0853523
351.83
461.999
374.14
107.674
391.943
194.624
365.071
452.765
0.249741
0.32078
155.596
441.211
135.568
108.967
113.37
116.529
141.126
238.228
139.063
0.13623
378.043
250.762
244.615
149.21
302.4
278.435
0.732057
0.796193
455.695
462.026
279.253
294.339
137.241
346.014
318.869
329.041
273.473
142.245
319.783
87.5706
462.585
308.637
50.0543
461.914
282.789
40.2231
12.4713
394.764
429.64
247.492
58.934
71.385
412.557
371.28
190.297
462.199
397.101
462.146
329.687
280.548
405.31
-0.0929848
265.748
373.244
289.012
357.301
281.714
298.922
279.603
154.507
100.443
332.224
388.652
461.629
169.388
462.104
250.442
462.175
388.3
376.6
461.81
116.308
411.092
380.833
114.999
69.0826
307.782
62.978
462.1
361.146
263.816
85.2159
166.933
370.959
332.019
189.108
279.147
356.374
295.695
462.234
123.999
0.187682
339.262
181.35
306.976
59.0479
215.624
446.255
243.179
368.764
219.412
231.134
251.396
333.012
0.0674574
462.302
137.619
277.488
271.403
251.364
441.338
18.9147
319.739
399.338
277.447
373.447
434.706
300.34
295.627
312.608
412.798
0.188803
85.0778
462.122
0.338106
54.1936
100.075
462.033
306.918
242.885
306.307
462.196
317.84
242.514
0.501311
357.453
309.673
394.497
384.213
429.267
54.7981
216.288
93.925
255.153
33.937
462.343
317.459
452.209
188.416
220.254
333.625
126.747
369.338
0.00390819
21.4864
298.112
461.861
418.907
212.014
19.7354
399.553
87.047
357.055
95.5251
435.262
145.813
158.798
337.141
27.764
462.027
324.027
232.627
170.898
155.471
136.327
201.783
321.573
452.782
258.695
149.824
436.546
0.307723
110.155
189.401
462.335
309.978
315.825
248.327
138.161
381.472
355.555
16.6425
191.28
462.164
316.188
462.053
462.061
204.562
65.2438
461.229
276.294
45.244
449.861
227.962
261.295
461.99
292.058
424.555
320.263
310.423
271.702
277.187
250.222
461.524
461.515
265.705
296.794
462.227
392.237
143.68
258.809
103.021
367.082
339.418
462.412
354.362
307.847
223.696
74.6668
118.854
197.075
201.462
401.431
248.024
32.453
153.533
386.81
261.777
382.768
273.263
332.292
256.574
299.925
0.558213
416.496
314.323
188.505
191.944
460.319
462.335
199.402
432.503
86.0187
159.794
344.912
0.0907519
38.3108
183.857
461.618
372.133
462.385
427.135
30.9419
462.152
311.149
158.964
102.896
119.705
252.683
163.971
415.574
232.474
50.1643
264.259
254.23
154.242
-0.107369
189.27
0.30153
0.61856
354.92
82.5761
0.701728
125.78
428.946
196.433
201.587
103.221
102.146
424.284
325.956
4.38182
323.182
136.14
165.308
436.871
338.089
461.921
240.323
189.857
384.048
0.193791
229.479
385.071
461.86
461.807
287.239
439.482
-0.186495
294.774
35.7452
335.473
158.841
405.03
302.412
372.528
360.252
462.04
21.2461
266.563
303.228
59.8924
16.257
462.291
202.398
277.546
281.541
21.9722
23.8823
462.363
431.159
367.358
305.66
0.462564
206.907
310.049
187.696
463.196
317.952
252.87
356.362
233.556
133.377
462.178
26.7954
431.199
296.804
111.099
221.252
194.755
457.999
378.51
281.972
80.062
419.07
436.037
371.584
62.901
353.737
209.557
132.808
112.613
135.241
115.398
29.2343
433.259
330.232
265.268
138.061
97.8751
56.879
388.349
65.8891
433.495
274.413
117.249
307.928
34.2677
348.397
0.0531293
222.805
321.505
79.8686
361.918
349.697
133.514
197.629
2.60554
285.732
36.9723
400.438
312.187
459.361
226.454
350.835
79.2933
215.578
346.207
114.796
409.953
164.419
55.8952
453.747
303.44
180.341
267.308
74.6007
0.0428518
457.848
72.8612
349.506
196.114
105.792
309.055
141.076
382.779
408.962
405.02
364.907
36.0962
178.617
366.177
254.81
446.007
367.257
308.706
254.24
263.748
182.314
141.43
172.417
62.7098
46.7938
138.994
462.126
462.681
461.904
393.272
221.936
400.236
0.439714
288.854
395.26
135.595
213.644
188.674
160.514
59.2773
351.153
301.607
331.891
301.333
449.086
318.282
17.0496
155.282
0.401029
0.165058
232.413
430.556
383.517
194.156
279.283
371.114
239.935
239.429
0.52076
271.699
327.282
399.534
290.901
70.922
278.084
421.122
162.984
317.372
0.179366
269.718
462.677
393.217
312.315
420.404
204.09
236.052
0.120066
360.137
409.381
179.442
13.9227
158.772
183.916
214.096
116.279
61.4005
160.091
334.361
270.178
384.974
232.368
462.077
221.973
179.195
53.1567
359.636
359.772
0.682587
226.175
296.919
271.723
318.395
435.568
1.12304
21.609
410.462
289.018
461.864
68.2078
114.66
93.9074
104.082
452.546
151.928
223.124
368.181
329.672
330.248
182.213
32.8164
274.332
264.689
461.98
347.243
117.025
0.824998
392.777
462.122
462.169
225.602
268.159
420.226
424.896
254.321
452.671
76.0977
246.093
461.345
215.734
409.145
424.129
160.459
182.953
436.864
363.024
0.859901
161.918
455.656
255.354
355.611
342.22
69.7805
150.682
386.64
0.293037
300.456
203.041
154.441
320.51
283.988
207.502
429.811
288.948
367.731
44.0223
462.372
282.739
415.131
166.824
320.786
99.784
197.76
201.074
410.856
357.611
387.558
218.684
71.679
461.94
462.341
1.05348
238.012
421.802
140.45
-0.0497231
0.508868
245.506
39.4757
271.011
137.132
438.342
346.773
345.202
462.581
0.344911
263.087
218.322
366.641
241.44
-0.210104
297.927
383.242
272.649
268.968
167.355
97.2028
437.313
461.598
461.083
0.212872
419.764
392.045
245.139
101.845
266.223
462.001
247.521
462.555
222.161
124.575
449.749
1.63906
140.14
386.979
460.429
110.185
3.08518
136.147
289.031
102.546
292.69
462.101
0.218962
351.056
275.019
160.581
139.368
254.073
461.357
327.289
0.322799
399.789
45.6137
193.28
366.448
365.339
165.797
455.641
232.473
54.3585
283.727
7.2026
103.79
411.894
41.2946
238.422
233.036
405.733
128.203
229.672
340.018
152.26
310.628
293.879
292.491
235.942
297.338
209.481
279.776
212.034
138.347
414.953
144.546
411.594
77.5579
361.074
328.746
358.158
267.03
414.537
461.98
24.6416
462.008
356.49
239.846
145.436
462.149
461.969
462.229
460.982
372.611
287.925
461.993
303.507
102.471
396.408
258.202
382.769
9.16656
315.028
274.153
178.64
380.876
148.088
79.3346
335.897
239.488
408.401
293.991
208.169
272.614
461.953
195.747
461.803
43.1354
390.321
328.716
462.193
5.41272
358.737
72.4635
205.194
430.799
198.484
383.913
178.165
115.239
293.674
435.119
333.671
0.649029
42.703
462.344
328.713
375.332
453.33
143.967
48.4112
0.970711
461.748
125.197
462.13
462.309
22.58
285.887
21.5002
364.896
8.53341
3.32561
76.049
111.189
116.917
348.457
188.653
392.302
462.417
91.6038
449.08
381.517
370.995
0.221828
461.575
0.497487
372.419
232.314
427.498
438.201
377.653
324.89
364.241
278.236
409.661
461.996
233.214
455.185
247.038
447.871
239.322
450.996
265.218
119.662
266.496
320.607
423.471
281.785
461.879
220.995
155.11
445.007
277.153
417.482
0.603065
0.278561
425.34
262.647
316.993
419.06
106.274
462.518
1.01723
422.295
292.547
462.336
182.52
50.3113
368.628
151.032
163.123
3.0497
5.19708
461.669
161.509
109.035
259.705
390.544
243.68
461.035
211.765
348.012
116.391
462.389
462.045
461.924
344.483
129.738
382.82
204.589
0.666099
462.134
330.697
360.838
335.685
461.884
110.764
245.287
462.442
360.185
209.585
273.752
75.5291
256.805
414.259
462.064
318.368
147.306
440.239
0.458975
224.78
75.3254
208.958
395.111
266.626
204.947
273.594
202.73
0.2038
353.371
230.044
364.111
311.27
100.14
49.679
199.811
130.266
231.68
263.707
250.485
1.05829
461.689
208.838
330.995
376.98
400.419
218.634
236.115
309.046
292.783
420.946
350.258
178.659
461.935
295.158
241.597
285.519
456.497
52.1126
205.903
245.453
462.197
366.36
0.241203
105.993
30.7715
229.822
119.558
149.795
211.134
191.778
235.264
46.8588
303.577
351.798
393.132
462.013
380.823
461.928
462.183
241.747
409.766
115.561
397.607
198.809
139.963
0.0434413
245.691
1.05395
219.089
235.428
89.4349
-0.114535
266.872
25.4358
142.335
166.213
358.505
352.118
89.1538
8.95723
240.551
400.619
15.2302
1.57366
100.48
41.637
415.957
215.245
95.2481
164.814
445.212
131.884
351.271
323.542
411.931
233.817
316.906
345.784
122.628
77.6138
446.061
221.504
404.144
283.629
158.253
204.092
361.522
380.615
363.5
366.547
374.331
61.8181
183.882
84.562
273.626
461.739
194.072
224.056
49.3993
347.376
440.847
313.838
462.273
380.333
461.839
254.956
462.514
100.094
344.786
0.160245
164.873
14.5691
110.338
111.32
410.819
258.548
249.826
210.326
4.24353
235.591
286.02
169.032
441.867
182.106
0.437822
292.218
333.198
389.201
33.5623
285.108
461.876
133.393
28.5801
183.066
0.282886
157.455
287.721
230.812
368.969
151.98
458.238
462.074
383.381
297.103
205.446
461.995
271.59
41.1269
284.27
238.254
0.823772
0.55541
191.121
334.22
296.376
262.996
391.335
263.465
450.581
269.238
142.137
230.158
430.086
313.617
191.845
461.055
437.76
260.451
334.223
370.48
147.116
408.611
401.777
304.682
171.833
346.965
377.267
210.778
0.161592
462.15
283.309
91.4427
5.01502
96.24
461.689
152.217
155.845
401.991
462.527
107.359
461.75
252.553
143.929
327.913
0.0646258
0.83074
331.145
378.469
154.557
172
0.614484
461.996
312.084
411.174
354.061
161.262
396.97
462.47
268.336
305.052
274.65
150.904
232.605
241.46
370.227
284.199
-0.215118
450.764
278.398
279.327
0.376542
316.954
356.853
289.381
403.312
417.287
459.504
-1.77321
390.543
461.971
215.963
319.158
260.052
350.653
389.448
306.303
240.345
0.129023
89.842
214.333
17.7568
135.372
397.821
291.135
1.55876
186.564
214.19
226.378
1.09669
227.841
308.596
387.522
364.878
264.255
25.5654
76.7464
259.906
329.564
71.1106
196.388
400.432
291.202
350.975
153.654
27.1011
462.442
59.0219
367.785
325.677
32.59
437.362
14.9859
361.16
158.935
353.414
4.07726
184.298
237.314
430.82
297.572
263.148
348.61
46.7096
408.419
210.385
403.713
462.489
288.938
407.48
89.1823
275.49
127.891
455.538
462.758
461.908
461.672
8.3031
393.618
0.482696
0.442588
22.0281
462.482
208.38
77.2535
208.599
0.945509
205.123
371
460.63
288.64
287.749
17.0863
205.674
80.0222
0.290429
388.461
49.2379
124.134
249.333
77.4854
411.73
204.692
318.346
36.0644
382.348
284.542
370.766
378.913
67.0341
36.6696
232.01
175.801
126.375
394.422
9.61358
333.036
159.884
336.29
320.788
389.579
394.75
0.56628
166.169
100.564
243.278
48.9776
384.845
273.705
142.598
371.768
145.996
104.608
309.468
174.953
379.452
345.681
228.365
0.246883
271.243
253.096
430.043
377.115
309.679
194.604
462.085
292.115
367.732
21.5414
97.3056
229.301
276.13
187.635
184.077
337.759
339.515
460.708
442.371
390.716
252.553
1.41643
280.168
24.1684
213.977
462.404
414.977
347.605
354.165
176.656
58.6236
81.4896
390.286
379.799
120.915
37.1847
16.0216
170.708
310.52
261.747
307.308
247.457
462.342
179.071
462.205
328.112
99.9992
239.833
276.934
302.044
86.6653
410.025
296.305
344.153
269.336
118.808
248.379
322.698
364.413
104.356
28.453
0.196545
145.675
423.042
320.533
410.091
416.235
314.369
85.842
45.716
29.8534
43.436
338.554
8.82968
20.9323
362.417
437.399
230.021
440.379
461.775
51.7022
402.787
140.142
400.931
0.274443
22.5944
429.15
435.625
462.383
424.658
5.63136
0.451913
357.379
239.539
337.609
91.8245
240.009
349.966
344.465
67.9565
115.527
461.738
462.261
394.874
0.763858
206.499
0.950442
0.139733
187.086
306.302
339.146
37.3331
80.2641
414.834
114.654
40.8274
284.277
150.258
278.067
437.233
454.717
294.272
110.421
278.555
178.043
461.65
407.435
284.336
320.103
108.003
461.898
462.635
461.257
195.273
98.8472
110.862
0.81817
261.983
181.893
87.0924
68.5183
257.943
0.168751
328.874
375.219
312.253
209.468
189.417
175.283
327.953
327.133
146.143
264.529
88.9466
170.123
413.518
0.16666
205.313
137.73
72.1557
329.196
387.069
402.706
1.00118
442.382
310.272
353.843
0.285632
358.06
355.53
461.668
106.079
56.6142
329.831
212.278
0.266897
158.852
328.892
95.4157
107.803
415.826
462.325
111.707
59.8536
335.364
0.474958
319.271
305.942
456.471
268.061
96.6162
107.719
183.084
376.037
295.694
354.998
424.774
462.094
423.225
459.207
225.814
357.48
456.918
213.339
87.2501
34.9691
462.136
353.183
330.657
134.358
190.094
304.451
131.467
173.208
174.596
451.002
389.295
461.273
424.713
0.220987
361.219
69.9236
455.683
317.445
335.858
221.944
312.663
350.891
206.576
247.151
410.475
456.69
90.8033
131.669
165.695
330.536
276.251
198.994
302.992
462.624
278.595
112.16
410.518
0.540485
273.041
187.577
198.947
122.563
219.672
329.32
354.923
12.9507
377.643
350.756
0.395736
153.516
402.35
417.443
256.487
111.4
20.2844
400.596
112.492
0.495094
202.936
145.624
0.563134
58.7106
398.105
0.287172
65.1705
158.591
427.419
461.756
292.544
361.072
462.06
446.103
328.765
449.282
0.29342
355.042
344.767
461.595
355.004
462.197
-0.026715
462.094
361.442
462.216
287.317
461.721
462.335
462.384
278.864
395.254
284.729
13.4983
238.231
0.932833
354.547
428.377
379.777
438.115
145.009
0.26842
364.54
169.354
397.732
3.05491
452.476
397.631
0.965436
443.371
70.1624
390.421
180.517
109.49
1.4608
207.794
18.3156
61.25
357.498
310.962
25.3626
461.431
327.247
366.579
242.024
348.223
124.904
175.689
197.137
55.3268
459.071
461.999
165.784
239.335
351.335
285.887
119.213
396.552
341.298
70.7064
256.964
364.015
192.362
235.307
87.3272
385.937
23.95
252.048
323.892
462.235
40.8937
171.672
18.1458
362.991
236.553
349.785
358.222
344.974
412.146
122.451
308.033
117.888
24.009
156.715
0.211866
-0.189633
345.753
320.885
320.717
153.979
462.428
436.042
461.272
377.411
386.286
126.916
295.775
325.881
460.629
255.734
461.798
39.669
203.841
462.239
420.43
441.367
201.955
421.132
121.804
0.169264
320.671
240.242
363.334
269.769
58.6166
359.18
264.525
226.088
283.906
276.372
1.20536
17.5463
309.78
277.259
337.244
226.686
261.572
352.892
286.79
318.965
207.481
74.655
52.0908
31.6256
462.284
180.259
85.995
173.055
150.852
65.7504
244.491
352.13
51.4085
358.104
55.1333
324.382
8.07289
226.243
93.1944
374.884
0.509752
460.356
60.8823
335.884
97.1384
352.322
210.154
398.787
248.668
39.4398
194.665
239.241
182.255
413.63
334.678
295.717
325.782
287.637
461.724
223.639
192.12
435.907
0.994425
103.247
117.354
404.577
153.502
462.027
381.238
342.001
284.544
363.779
246.689
87.6018
307.417
374.402
236.53
349.148
304.348
107.124
299.662
295.223
461.7
178.296
337.379
201.714
407.388
462.368
286.162
369.238
168.464
375.49
58.4152
96.7457
220.639
441.54
346.112
332.013
324.797
37.565
256.645
201.545
167.538
381.866
213.519
229.904
56.105
307.176
461.684
218.736
104.721
306.697
199.257
264.091
32.1637
410.901
1.14567
280.261
131.805
256.32
81.471
82.4472
209.047
188.903
252.645
289.097
427.74
1.17862
258.102
405.765
320.013
136.592
442.383
354.412
435.504
193.419
7.1104
9.10292
400.731
227.998
454.741
368.527
63.0874
228.34
363.504
194.746
325.028
75.7287
462.466
426.74
226.168
193.628
287.774
238.439
241.584
86.0821
287.148
114.477
245.988
247.179
446.003
312.838
1.94643
461.825
462.222
281.461
420.936
116.978
202.252
209.25
264.519
242.701
443.844
462.17
102.564
74.1845
150.612
230.428
260.804
73.9906
251.095
330.874
301.746
297.242
0.392758
330.797
462.224
232.058
264.714
462.015
374.408
330.913
272.201
386.354
250.784
305.31
264.185
260.19
90.1339
0.38962
164.228
349.76
462.473
305.586
58.4166
102.038
183.132
253.983
84.1638
248.865
314.756
232.875
370.857
462.034
73.7772
114.193
282.443
371.987
245.377
43.5939
0.932446
5.44706
310.531
252.453
327.133
299.278
461.765
297.688
448.941
180.607
76.601
255.438
461.651
247.77
437.157
44.8207
162.178
29.4518
304.389
461.858
140.812
183.163
461.81
52.2251
375.342
462.391
392.038
15.6021
319.622
102.184
233.672
453.629
265.609
58.1034
251.428
254.689
124.944
179.659
130.151
296.178
278.542
451.75
343.559
64.4511
385.551
452.006
106.074
462.142
144.632
297.147
50.8661
7.34396
378.507
239.514
297.491
332.825
48.9543
450.803
230.273
454.762
198.244
462.077
284.305
8.08404
65.2986
276.798
249.769
256.235
300.437
462.252
186.524
62.893
228.708
158.773
220.795
331.929
309.734
461.978
461.96
415.906
296.301
462.683
304.34
462.309
320.151
99.5327
386.856
144.389
206.271
455.596
232.493
348.262
333.047
460.851
94.9621
365.839
400.842
162.509
250.336
211.885
328.77
462.196
402.491
211.918
198.304
354.018
319.62
338.818
324.82
121.368
164.966
0.472639
216.981
350.607
224.573
235.608
202.304
322.404
427.832
436.56
4.11574
188.629
410.938
462.433
5.96446
217.174
314.311
166.041
460.084
348.921
4.25436
147.5
82.6392
462.101
127.421
247.015
384.015
367.639
272.203
0.86186
0.179641
363.304
100.374
134.002
290.631
247.386
338.45
48.567
345.385
417.881
397.721
160.276
311.599
12.3012
134.293
288.675
376.072
333.436
270.97
180.081
382.812
303.256
224.185
275.623
11.0026
125.022
222.441
383.471
82.7835
100.078
412.84
461.83
157.22
124.475
383.988
106.119
0.299828
177.264
266.203
389.994
424.889
45.0647
157.538
132.944
166.649
142.806
64.1529
213.142
461.01
380.899
0.769044
307.723
0.62708
230.187
321.491
108.625
257.636
293.687
100.203
444.139
306.977
409.27
241.231
301.746
11.6577
461.93
433.797
413.352
201.3
195.068
462.068
407.996
221.872
208.521
191.688
280.198
232.623
461.526
273.166
462.403
159.092
368.376
150.099
224.705
137.91
400.779
376.905
462.034
370.75
366.513
410.562
382.129
264.702
113.713
460.976
384.279
407.465
462.137
343.842
182.848
232.444
201.733
339.182
63.983
226.72
278.768
30.2738
404.439
440.493
1.55873
245.929
0.728938
343.092
436.673
427.861
238.063
217.872
315.896
455.493
167.138
458.593
0.87776
298.174
25.0649
159.945
97.7204
349.912
344.177
324.311
358.29
462.25
92.7079
440.668
200.184
0.365162
41.8351
185.452
223.094
345.752
241.465
442.43
70.9989
295.347
332.289
427.405
75.5093
128.995
389.2
462.515
60.5703
240.031
272.594
268.437
402.135
221.309
94.9357
461.839
358.259
419.954
268.205
343.676
442.499
421.015
137.018
375.555
301.798
315.28
150.065
406.755
342.285
91.4035
289.926
462.448
362.324
409.115
390.91
462.434
280.283
50.853
292.187
334.462
82.8467
192.896
461.624
388.318
259.018
305.385
367.43
281.613
296.318
263.3
174.009
122.717
461.755
352.81
233.089
213.932
411.238
99.706
242.836
306.923
259.065
248.958
345.098
286.243
461.706
93.5919
32.9675
279.157
411.505
182.11
186.606
245.946
371.828
192.55
462.132
462.109
299.524
167.697
461.912
458.187
196.897
297.739
435.751
442.036
308.106
71.6857
1.33422
108.299
144.191
438.518
263.65
425.982
106.697
247.406
436.69
402.105
6.95262
66.3234
457.38
271.943
351.48
1.11454
12.9926
161.045
374.843
371.73
36.0253
346.718
65.0085
433.988
455.63
280.235
290.892
374.449
108.982
188.405
265.018
462.143
327.598
294.312
188.602
211.55
387.7
109.82
301.595
15.999
266.152
164.753
411.128
354.997
366.858
134.655
286.422
0.473321
363.247
295.276
315.476
40.8053
394.069
1.83032
328.895
377.372
206.228
462.376
381.324
461.066
228.292
461.293
0.506545
65.543
137.893
0.226475
143.382
447.287
354.695
290.171
330.395
392.888
232.515
331.804
219.503
457.506
179.329
0.431859
354.424
262.631
92.5198
335.188
88.958
63.1855
254.582
230.313
1.44026
174.951
78.1388
170.919
461.739
462.668
366.52
297.893
141.127
417.775
34.6465
462.083
237.561
147.653
19.3207
236.632
367.186
180.896
378.516
280.626
308.937
461.29
461.992
167.093
180.7
363.403
393.289
461.947
423.393
97.004
328.783
261.77
366.099
121.688
108.007
154.711
426.426
422.679
172.07
0.364404
103.731
0.503513
363.855
168.714
195.239
74.1088
244.11
240.083
347.412
262.142
443.844
229.709
236.011
404.998
442.93
462.139
462.421
383.772
280.405
148.042
459.263
285.396
402.6
395.578
260.195
172.98
458.095
254.624
220.067
149.497
160.544
44.4824
405.727
454.612
330.54
205.309
386.713
6.39982
226.358
462.327
270.621
103.606
380.399
190.557
68.7622
267.073
92.1646
17.3673
270.39
0.522298
462.209
184.44
265.278
368.826
285.666
462.222
462.204
424.027
67.8671
376.483
461.765
461.371
393.109
52.1018
223.144
395.671
256.13
425.419
317.665
356.835
256.957
267.314
0.548277
417.315
373.252
407.667
289.675
462.042
319.048
462.477
311.479
435.83
376.411
346.95
324.793
305.625
461.974
260.624
120.741
25.7224
354.762
109.01
238.366
0.901
75.044
34.1058
152.561
302.43
11.6078
416.657
57.8773
89.093
329.527
232.304
116.697
288.645
57.4032
417.89
146.192
313.977
0.0231755
350.525
363.701
0.574241
22.3374
-0.152384
341.962
48.7997
308.142
181.357
283.473
130.685
461.523
409.725
287.693
400.244
310.291
158.625
0.113446
378.937
314.636
425.594
129.237
369.547
426.398
289.219
228.651
349.775
283.638
235.964
295.027
220.41
148.079
135.053
242.368
461.913
99.3941
36.8805
65.6582
123.231
444.221
461.46
360.829
131.451
139.174
297.344
302.305
365.898
114.913
278.279
419.025
33.6734
64.2192
280.065
0.0903962
240.591
91.357
0.477476
278.27
388.459
382.872
65.7507
318.513
310.203
67.4939
208.719
271.344
97.6987
168.02
81.5725
400.328
461.921
396.273
6.49646
363.162
165.45
340.432
190.57
163.288
192.062
462.145
351.649
183.298
49.5487
461.991
308.719
462.156
68.1128
399.435
267.719
29.1707
337.22
218.826
257.455
146.571
447.858
108.761
180.492
26.4577
42.0114
426.02
461.961
215.65
259.912
343.712
241.669
0.650425
397.478
308.843
361.213
462.386
51.4511
159.623
344.676
3.33616
80.6216
70.1995
232.546
328.16
240.045
461.848
194.642
359.757
306.593
50.6005
11.8258
161.315
190.537
462.367
58.1409
0.451366
461.364
205.428
441.778
424.074
300.754
87.8431
362.216
393.533
0.60372
175.165
388.265
120.631
149.201
261.092
276.247
165.857
214.73
146.798
309.744
273.372
237.028
84.9473
0.34
204.094
83.087
461.112
148.959
0.110961
290.303
377.896
461.996
125.958
83.0292
0.744226
0.507918
283.677
113.16
96.9566
10.5374
460.311
1.67174
453.925
188.347
377.531
236.547
29.317
50.8924
213.412
334.651
387.856
224.86
350.972
172.844
358.676
281.255
50.6065
251.475
252.873
138.216
285.431
205.109
114.131
252.989
113.742
323.642
462.111
455.891
177.077
308.238
237.174
411.699
252.642
250.26
398.449
76.114
23.594
242.559
179.868
142.704
142.023
0.7588
461.757
394.722
240.267
346.437
278.499
63.8718
32.5906
140.644
302.327
156.72
337.678
394.991
462.555
457.752
362.525
162.544
31.4375
155.51
459.449
363.137
462.247
339.663
269.247
356.02
340.493
147.717
0.362265
342.436
462.265
55.0638
392.142
256.531
223.268
277.093
460.633
144.023
326.115
88.7156
357.834
214.598
87.5583
461.873
0.300993
105.278
37.3408
306.23
329.356
422.767
59.7708
170.497
293.777
329.404
84.6702
168.477
342.012
104.398
93.0878
89.8029
116.446
315.499
154.845
435.415
308.119
6.23256
217.445
385.523
33.6299
461.615
401.572
158.213
111.76
71.3682
263.457
-0.0973653
2.9815
439.299
462.246
378.704
53.9009
261.823
87.4104
53.5308
93.1684
33.997
221.735
380.005
0.68406
462.419
375.437
409.192
311.274
461.682
378.336
128.601
146.622
294.475
349.977
201.5
426.224
461.547
359.001
410.34
112.43
168.439
238.102
462.193
272.672
40.7238
355.238
278.782
255.167
304.877
98.4865
79.5098
428.844
113.055
271.503
462.03
315.038
159.921
339.535
462.173
239.763
292.954
40.3744
267.626
137.889
284.851
258.256
326.618
321.787
461.383
461.528
319.688
40.0723
364.888
393.052
324.295
210.806
317.045
11.3251
232.316
457.733
398.693
149.688
429.572
211.375
122.92
81.7246
305.955
462.115
157.685
110.837
461.935
92.0819
29.0873
37.2125
119.496
0.537822
354.916
394.237
407.541
444.273
120.965
329.949
65.2233
451.618
347.434
358.241
218.248
355.792
425.026
173.723
133.701
461.769
178.486
239.23
283.959
151.706
324.01
295.598
424.904
460.953
20.9809
427.083
377.527
104.917
60.5108
441.137
457.393
269.245
378.273
0.430414
459.73
163.145
462.284
102.894
283.899
462.343
394.652
284.351
42.2269
288.013
316.762
139.507
201.207
429.359
258.056
296.019
216.042
0.334277
192.53
432.031
255.419
56.3767
133.988
376.326
182.508
94.7643
206.328
404.094
220.153
67.6803
248.335
292.18
383.549
449.714
166.382
146.809
394.66
295.127
461.833
421.209
417.223
129.675
145.061
184.367
442.585
127.753
372.168
388.205
144.813
0.403273
89.5134
382.784
462.208
242.144
78.4999
189.358
132.474
118.203
461.576
77.6389
461.311
72.5345
323.735
327.395
96.2854
285.436
255.678
429.602
322.734
461.608
333.727
254.783
38.013
440.365
329.622
329.858
318.093
3.23033
462.222
232.471
240.562
152.098
327.973
293.942
375.938
462.402
414.323
303.434
308.279
138.526
1.43976
462.388
176.801
460.605
143.869
360.089
247.256
213.945
433.783
0.951748
0.172874
120.442
60.0528
0.749785
403.282
313.523
209.711
302.726
0.572189
407.921
404.361
267.164
368.119
333.752
461.391
213.686
186.173
389.541
0.631675
292.638
405.566
119.27
110.87
1.78693
292.707
327.164
156.245
457.052
96.1438
302.576
46.3691
366.835
462.098
385.376
2.37564
110.504
270.801
343.911
415.983
462.128
76.0311
461.359
354.128
449.079
312.381
217.684
253.783
222.313
408.509
167.871
459.585
311.526
362.331
36.9015
98.84
274.144
154.11
355.959
398.496
188.45
336.54
462.083
308.26
381.336
331.754
353.496
0.496828
392.474
220.521
54.4576
302.441
305.687
279.103
187.795
159.866
313.127
461.559
0.353259
382.536
461.467
269.596
453.377
343.39
322.092
314.751
329.724
3.89413
251.449
392.151
10.4251
1.4353
458.755
227.254
357.77
0.305978
432.055
429.416
215.904
311.102
250.553
0.203465
184.548
368.914
302.827
462.213
198.798
50.7832
177.137
449.458
217.542
457.494
417.5
230.044
327.767
-0.614389
368.468
367
0.595706
176.872
56.4062
253.102
237.633
221.867
95.0796
292.392
249.554
0.0128524
0.90296
371.004
191.921
327.732
322.313
437.774
392.84
461.855
252.896
251.857
443.653
39.9925
268.086
260.669
330.948
210.985
88.4433
177.019
403.104
440.036
462.393
282.226
362.095
219.345
161.233
77.1345
416.934
257.015
433.174
130.961
279.509
269.27
149.759
169.643
331.408
238.845
401.671
295.085
181.577
343.541
265.537
0.346602
298.153
274.4
254.649
230.08
416.144
145.46
462.089
443.024
148.758
462.421
66.8787
199.808
379.954
461.856
233.844
328.91
286.27
302.823
441.189
299.251
232.989
96.8288
119.706
458.474
308.374
342.989
457.564
0.250139
237.714
9.16468
65.579
462.121
238.765
328.708
49.5432
444.977
234.682
17.5909
385.359
31.5552
419.149
408.357
324.047
462.364
233.202
190.692
146.884
115.096
145.82
60.5208
209.831
422.724
421.152
-0.60747
221.105
355.822
210.006
1.21564
453.763
9.19075
379.59
202.31
124.403
86.7682
279.348
383.984
128.568
241.68
101.013
317.244
119.834
128.739
316.015
138.059
141.939
340.518
104.065
307.905
391.403
437.728
60.1004
421.215
425.483
438.183
240.989
274.148
254.302
400.434
367.569
437.607
0.26249
458.113
462.336
219.818
405.871
247.764
366.138
416.782
261.707
30.7516
337.254
393.642
279.918
0.950538
452.069
461.918
265.994
111.344
282.972
310.275
74.8395
462.268
15.8971
420.799
315.119
0.745092
323.834
461.862
44.7995
252.999
461.096
157.954
320.341
461.947
100.376
179.667
328.528
214.472
0.369707
210.757
462.241
91.4696
276.866
161.404
31.4023
4.19332
429.036
359.285
294.942
128.898
384.678
309.929
248.656
336.767
342.089
337.837
209.405
96.4538
208.797
222.859
263.377
370.739
256.991
461.739
462.132
98.3399
199.851
417.725
436.041
0.258667
460.786
321.314
195.929
462.017
79.9526
409.23
0.431112
236.879
407.852
136.946
462.514
293.45
462.799
222.365
0.618802
0.264901
412.357
98.7285
415.185
302
270.677
117.618
82.4064
264.547
101.049
364.179
290.037
405.208
460.442
461.864
462.321
168.242
461.665
236.795
297.12
356.136
462.498
188.58
302.951
68.0318
74.283
294.226
261.227
347.634
342.795
218.556
352.853
130.707
145.873
44.2541
382.804
462.195
462.2
458.48
462.109
0.522372
0.838969
198.758
445.094
409.177
67.8127
137.341
383.154
375.902
121.936
327.804
459.563
366.63
122.128
0.00170971
142.81
110.929
462.007
410.638
8.01595
30.0734
392.144
3.12432
267.186
397.219
303.606
406.001
331.229
396.08
365.873
226.293
105.659
229.839
127.904
302.106
198.645
380.953
437.225
388.513
367.201
337.256
449.89
259.452
73.9408
87.3256
67.6584
129.75
195.576
462.341
259.942
77.1098
454.552
345.29
418.383
462.167
285.247
355.014
299.078
56.5673
336.452
61.6288
462.033
184.979
284.168
460.505
278.135
365.474
138.191
424.46
461.83
317.832
110.148
339.964
461.547
234.036
328.061
378.09
234.62
280.688
207.969
459.587
337.03
312.947
0.21773
90.0162
31.8069
309.698
450.118
412.968
461.86
183.031
462.496
85.9323
79.5645
57.2269
68.0798
402.714
461.841
284.65
462.177
-0.962765
138.885
401.079
462.12
143.594
428.996
138.341
301.555
238.373
238.844
0.538685
308.6
251.554
302.617
48.04
44.5241
398.873
0.19907
119.366
204.564
409.259
343.102
194.518
91.4502
12.1336
292.949
400.123
250.337
301.559
122.923
461.764
462.039
83.9488
410.373
455.594
338.915
216.71
229.171
307.996
238.143
0.706614
422.341
237.22
274.152
9.55644
0.00945444
417.887
323.55
267.286
351.787
197.8
25.7807
97.1977
155.462
226.985
420.758
333.68
162.017
91.799
344.987
448.744
44.1469
427.61
378.731
271.193
345.761
337.68
367.668
198.785
273.958
286.639
303.821
269.767
245.424
132.979
439.366
378.576
460.602
452.573
0.436738
87.7636
458.755
300.111
384.752
1.33372
386.191
452.096
104.653
461.834
93.4119
436.338
401.14
461.516
123.43
131.26
409.817
376.678
67.3826
-0.557228
153.443
462.857
343.924
134.929
394.926
62.2862
350.361
307.658
355.178
461.884
102.163
240.644
276.457
222.156
215.38
438.87
160.795
313.215
391.651
255.896
400.56
155.186
86.4794
134.748
115.309
389.374
259.219
112.272
293.959
152.386
254.925
59.9041
462.505
462.257
440.076
345.3
395.799
461.864
279.779
140.653
342.402
2.12641
277.787
282.737
346.67
265.438
176.656
461.947
337.265
456.321
462.15
236.909
0.288071
239.787
162.824
76.3798
0.182276
178.427
388.076
442.581
300.041
355.663
47.7859
461.865
462.388
394.391
190.037
349.474
128.259
321.854
335.397
94.4325
195.523
245.211
93.4101
162.449
28.2275
358.181
18.9792
103.764
388.403
421.97
340.773
380.295
331.485
328.118
453.792
75.495
4.07149
397.913
0.706503
363.133
39.7558
250.122
108.014
461.564
462.614
13.1332
462.284
99.0163
461.986
225.674
58.5322
389.859
230.794
222.891
194.723
1.11743
461.576
449.08
462.215
267.704
72.8953
67.9666
261.277
185.79
315.108
265.012
273.71
2.63494
322.227
39.9551
117.876
160.89
279.504
368.043
159.076
157.358
356.345
359.323
95.0032
461.633
380.742
394.652
458.578
461.495
0.250798
62.8515
462.11
285.767
392.432
246.204
278.103
69.265
357.874
460.382
52.1412
93.6477
286.526
0.221818
17.5828
324.717
448.687
90.4934
323.037
196.385
25.696
97.2675
356.164
251.429
0.520209
382.657
461.997
159.717
248.362
462.432
144.593
234.468
462.045
184.097
95.0676
462.109
257.928
442.077
74.0998
113.994
154.428
462.444
397.045
457.391
164.956
51.8942
1.17982
248.027
0.616952
227.642
105.861
190.214
462.322
25.9145
462.143
410.581
413.858
382.345
341.568
395.431
315.763
275.398
462.06
380.206
60.8755
260.064
412.14
261.182
265.513
440.966
431.596
71.1959
273.813
295.304
387.774
422.176
0.630061
297.113
92.8701
459.397
462.577
283.291
288.381
366.076
164.07
184.652
64.9647
461.681
462.18
94.8836
3.63514
462.517
268.575
347.532
368.209
462.379
270.034
145.734
296.224
158.862
243.062
419.351
317.92
158.744
358.771
284.211
119.061
251.726
367.525
32.8118
328.796
153.988
367.869
0.235868
341.465
166.414
244.212
453.563
431.536
127.694
211.421
89.6015
230.248
25.6945
367.809
462.304
462.558
415.788
412.557
253.56
0.400854
320.323
225.932
376.996
255.659
8.38619
296.64
78.3814
252.084
462.378
397.823
462.487
319.213
211.217
462.235
459.698
290.353
301.991
295.22
356.883
145.191
148.183
383.626
241.034
444.097
260.816
1.16202
0.982967
379.181
415.802
147.048
39.9169
197.044
381.576
102.512
92.4562
337.662
188.506
85.6294
121.281
461.914
280.175
450.974
385.212
64.021
259.218
402.514
79.4252
285.576
236.291
350.643
411.923
269.54
316.655
303.366
90.9789
446.673
48.7118
277.69
100.057
462.227
461.671
9.92029
382.641
159.843
252.935
187.146
348.535
118.182
344.651
227.871
0.62371
363.109
52.134
359.355
159.944
222.173
383.054
115.992
395.752
183.919
1.54213
301.88
23.0247
242.189
269.337
462.399
235.512
0.35922
144.331
30.0857
462.053
71.9574
371.029
194.274
454.869
441.756
220.665
53.5741
364.692
394.51
167.702
280.339
352.107
256.778
316.564
370.813
92.4604
11.8132
267.162
4.40358
0.582968
75.8344
346.105
433.193
462.123
448.035
219.025
302.312
69.9011
461.781
370.374
193.994
432.603
233.715
307.704
322.881
176.078
52.3683
461.704
378.567
312.259
276.964
462.311
386.918
125.442
391.492
0.544322
393.742
169.667
195.717
75.8331
278.788
358.172
378.646
393.056
391.612
96.0086
327.915
4.00518
259.259
176.894
410.485
84.4283
240.275
157.448
314.862
215.62
72.9464
462.091
300.023
422.387
257.909
140.294
314.803
348.3
54.68
75.4437
122.78
19.1065
238.715
338.063
73.2877
92.6774
241.283
61.1356
320.601
461.597
342.456
73.9259
431.263
462.251
403.103
313.103
0.553651
91.1377
325.256
317.02
12.9455
329.483
23.487
98.5876
462.652
120.67
387.487
462.43
249.883
42.2708
386.604
312.841
23.617
96.0007
332.842
199.046
217.889
251.549
158.924
352.156
279.567
234.5
273.165
99.5832
362.396
348.456
419.587
174.512
222.381
64.2082
408.582
80.041
393.569
462.013
208.473
42.9954
140.611
462.11
361.25
85.5551
173.946
126.255
0.230468
325.62
387.929
289.039
454.898
161.434
462.127
0.340543
280.85
215.787
196.815
432.37
111.475
247.422
392.027
109.127
62.1858
462.137
0.128014
461.494
462.693
429.58
145.541
424.007
462.489
415.269
462.224
284.306
0.0893633
422.779
317.305
406.784
8.13943
373.587
462.503
308.795
0.870889
428.185
294.142
11.9941
152.223
137.402
457.73
408.785
132.211
174.197
164.298
237.125
325.408
55.4705
177.307
235.604
25.2465
231.324
38.6331
305.893
372.871
0.482112
248.415
424.773
285.456
319.615
0.471414
341.841
402.908
462.227
381.044
461.345
201.621
249.596
0.0208725
0.813859
204.222
44.4444
312.207
461.077
0.202327
25.1427
401.377
151.253
198.046
1.08451
81.8771
186.748
0.287653
421.719
457.311
462.129
462.038
461.746
293.531
278.268
358.592
396.834
438.309
82.3293
232.588
55.4151
355.54
263.308
422.775
184.811
171.245
259.813
321.98
249.213
210.328
395.691
309.399
328.098
402.285
462.368
125.331
175.181
462.47
385.312
116.464
452.236
195.463
311.077
193.332
233.727
437.185
237.237
326.895
370.333
32.4396
212.693
317.822
345.704
31.8315
189.432
368.896
345.309
304.91
285.946
453.129
70.8578
458.705
164.532
289.388
327.597
314.905
162.523
194.353
240.385
0.292963
255.962
385.065
234.563
309.673
198.869
404.849
345.682
168.87
350.974
360.832
94.6878
126.428
462.279
59.4745
269.033
405.691
136.817
112.667
83.1459
276.089
315.218
12.373
246.468
0.567888
108.862
458.938
0.798165
218.956
160.07
0.318583
190.521
423.275
297.92
216.913
462.281
294.288
414.523
236.429
303.237
412.425
462.129
166.006
436.536
317.474
462.064
390.485
229.817
167.01
48.4424
227.259
161.727
237.671
306.378
437.896
91.9057
352.188
337.747
420.575
462.134
0.236502
232.955
331.769
109.68
442.44
106.081
263.931
143.071
60.4472
35.3819
461.948
371.475
218.138
103.661
20.616
220.288
461.343
287.852
373.242
303.185
413.705
383.312
267.393
361.331
362.436
104.486
356.924
363.849
387.154
275.367
61.5978
385.42
208.097
422.245
347.021
225.514
0.234798
334.531
106.617
339.171
336.584
400.074
355.55
128.523
269.24
338.133
232.936
400.949
114.72
343.449
66.0406
182.095
433.062
287.175
213.957
136.381
162.13
30.6609
40.0932
452.46
290.371
77.9325
147.168
358.233
317.933
462.292
460.118
192.014
462.352
310.904
84.6282
206.213
215.147
107.991
64.0278
413.45
441.492
318.216
261.1
108.816
220.708
274.221
382.338
458.066
184.259
113.736
436.499
404.521
247.959
461.624
34.9766
45.5198
251.171
401.26
65.5399
335.049
229.531
364.205
19.7697
305.019
166.911
383.206
461.865
461.924
400.504
356.805
395.505
462.278
0.373771
275.138
226.343
402.586
328.759
339.398
308.305
327.844
0.410913
24.7552
161.974
459.572
332.061
106.234
415.887
389.847
244.33
144.193
378.858
440.932
277.605
102.055
326.6
94.2559
158.258
167.923
148.864
393.19
59.6953
232.495
285.031
64.4128
462.736
462.296
328.882
462.292
55.5657
391.508
339.765
34.6509
462.273
152.738
352.433
152.207
275.262
0.697821
121.107
462.113
258.569
322.906
386.464
188.164
329.59
400.868
15.5628
118.448
254.285
434.737
187.346
290.698
266.12
105.335
314.478
388.166
24.0824
358.429
51.1482
461.423
328.627
222.782
207.185
102.852
78.8241
102.117
233.032
285.23
400.898
177.442
150.927
195.935
20.691
50.5755
202.218
393.289
399.316
245.721
402.643
247.018
39.9557
78.1165
185.127
144.573
333.791
304.585
462.049
312.696
226.913
457.365
453.15
327.62
27.9352
462.225
398.367
283.353
92.2338
462.048
259.885
438.725
277.172
107.37
295.665
136.228
289.35
2.3011
227.429
390.246
307.13
377.756
300.262
70.3015
93.7971
38.2424
216.606
390.134
98.8355
226.528
260.929
193.446
229.821
84.0094
167.536
416.922
277.482
211.495
0.498047
259.582
384.971
210.874
292.668
0.0603237
205.185
360.891
102.455
459.126
94.6141
142.824
273.867
252.274
350.889
73.2601
348.108
123.578
462.353
462.538
461.7
462.294
167.806
361.532
253.404
192.982
212.223
426.772
417.294
277.629
249.479
461.215
461.745
85.977
462.157
391.113
462.011
462.297
400.632
274.92
0.31708
248.508
76.539
347.672
107.596
349.668
292.659
294.583
5.27066
408.854
462.115
425.453
308.581
327.337
383.616
296.032
92.7115
461.992
367.74
300.418
0.479923
29.7751
308.045
229.519
32.1546
204.597
255.008
159.717
33.5487
374.863
462.133
155.238
171.777
461.904
420.748
254.869
234.33
422.665
381.316
305.882
40.5338
336.527
244.707
0.358362
254.608
261.648
406.736
189.291
225.222
206.727
308.81
196.63
114.676
-0.0372492
162.087
360.066
363.721
356.295
41.931
462.075
306.482
371.38
299.646
462.199
425.609
460.872
426.092
306.415
108.957
48.1157
298.428
146.29
385.406
117.388
102.295
353.625
0.169033
322.402
0.205687
435.313
253.668
462.005
144.186
114.797
218.208
114.884
331.43
257.764
338.08
462.117
263.117
219.233
12.5394
414.47
462.084
0.294911
37.3595
294.649
450.717
369.984
308.692
199.322
399.688
377.405
449.181
66.2253
247.403
246.985
442.326
0.914818
250.833
460.609
219.016
112.503
204.182
147.353
460.103
242.174
266.947
130.689
292.932
238.801
329.412
237.39
120.62
284.722
333.316
401.613
461.787
100.995
283.263
462.182
242.359
451.828
97.3845
462.441
412.504
177.061
461.525
383.164
-2.24881
20.7015
317.981
278.314
186.401
462.242
237.26
456.957
286.283
90.5832
253.029
177.764
321.004
373.255
443.929
343.014
253.364
383.03
461.945
416.459
207.041
339.931
254.802
462.136
275.008
462.336
453.869
226.259
398.47
243.382
187.015
0.0790007
247.161
254.433
401.002
-0.822635
24.0872
391.638
243.349
193.05
37.5947
307.868
192.767
182.478
83.3574
461.141
285.683
43.8719
277.717
9.26092
94.03
362.731
297.892
431.598
84.9082
136.432
269.426
273.631
236.728
0.85003
461.724
148.79
134.638
182.984
92.5447
185.89
181.921
461.926
233.616
461.892
462.436
150.176
312.452
134.095
150.059
284.168
385.208
306.38
441.498
353.672
268.333
454.164
0.200385
152.166
214.022
161.432
191.977
375.785
258.405
227.52
121.578
122.456
239.069
377.613
130.465
202.167
92.597
327.693
309.23
336.903
0.714296
170.347
210.272
271.204
365.478
4.31668
461.968
388.634
242.115
291.888
1.11864
250.696
89.1966
152.054
268.754
438.772
133.815
46.5863
196.558
128.071
339.539
297.954
373.268
6.82347
310.763
233.5
461.857
196.954
0.609462
194.413
152.291
463.468
342.18
243.04
152.871
306.121
330.05
459.666
72.4347
267.107
0.1538
417.104
283.721
0.601831
371.029
0.0443624
367.448
355.258
240.534
427.385
0.327199
252.399
228.904
379.071
461.003
257.562
235.833
4.51463
100.918
162.091
462.717
339.71
379.91
226.935
151.745
330.977
168.798
293.317
334.635
370.067
272.653
248.341
287.938
98.2048
17.1756
436.924
251.766
433.753
281.569
434.81
133.073
396.721
430.175
257.925
461.964
397.608
462.069
462.402
234.536
104.869
171.338
462.166
169.738
327.847
59.0011
67.2639
461.733
212.674
202.539
154.751
176.968
93.217
154.839
393.331
302.638
232.525
142.297
40.1766
0.00170887
407.135
393.719
402.465
425.188
215.224
319.095
283.871
1.63234
422.264
316.22
324.386
239.51
461.264
276.797
171.386
396.425
278.563
268.018
0.982146
146.21
0.227951
237.963
462.421
0.713255
462.693
220.738
401.635
372.257
266.032
446.969
450.9
46.2624
279.171
130.891
257.895
216.286
326.713
0.77172
372.379
94.1297
239.555
135.874
347.563
125.14
142.458
83.2721
339.46
437.134
286.109
161.642
110.409
462.278
206.927
152.144
0.284828
130.752
230.356
388.352
259.67
265.784
262.891
65.4641
370.484
400.206
132.366
93.2693
152.531
370.606
396.471
257.621
194.796
137.074
382.933
246.965
122.702
423.533
353.087
225.304
237.838
35.3715
280.488
148.661
313.223
431.332
62.0768
87.5746
223.572
462.217
90.1895
348.469
327.417
222.754
167.138
305.259
461.002
378.208
334.335
234.158
462.134
358.366
238.434
377.158
376.71
184.42
383.058
65.3693
182.607
248.487
421.889
58.4819
258.85
387.915
278.514
331.848
129.008
417.271
0.330586
462.102
384.696
332.63
128.858
252.365
75.4932
445.229
191.611
0.496887
230.028
462.307
292.631
264.347
95.3167
131.306
0.150327
328.699
189.894
360
130.976
403.795
3.2831
450.715
461.993
419.581
248.842
371.006
377.32
315.514
459.272
233.341
386.769
381.998
310.615
242.213
454.866
462.249
18.1327
254.268
462.065
462.246
414.752
30.4679
448.687
318.404
440.838
199.69
292.188
151.262
382.172
0.559902
112.635
245.096
2.68518
416.446
281.091
461.467
431.773
396.434
394.863
268.396
462.446
461.62
131.045
124.615
186.532
315.603
0.172826
36.4501
425.187
64.1071
425.777
360.42
108.936
461.473
233.452
109.598
168.995
461.749
42.9532
462.008
462.144
72.349
311.103
172.967
-0.564007
420.631
220.86
461.434
187.517
246.906
462.075
376.154
190.203
191.423
91.2218
36.6399
443.338
101.388
0.379086
71.7474
388.107
423.252
461.937
135.37
269.916
379.091
373.631
185.529
303.159
298.236
323.281
341.769
430.333
77.967
0.373307
263.609
280.936
461.597
355.246
209.848
332.578
349.901
437.813
121.217
271.824
170.353
228.489
142.53
449.03
306.352
462.14
231.442
125.544
208.963
462.192
145.452
462.352
298.913
2.39373
420.789
216.428
354.757
211.552
0.632703
366.9
284.683
309.424
395.807
134.523
313.84
326.171
347.052
397.958
180.935
32.6151
365.072
17.515
89.9525
117.292
400.79
38.6196
135.642
171.334
291.036
408.088
85.7
461.658
117.842
75.4146
383.198
233.198
0.281336
391.62
458.89
109.338
462.109
258.423
357.539
274.085
353.053
151.548
152.517
236.504
462.038
54.3181
321.058
232.402
462.126
285.706
116.979
415.074
9.45626
317.161
296.623
174.407
318.33
221.646
209.649
37.0838
0.201024
412.741
208.618
428.187
357.082
462.161
179.966
445.366
291.119
352.601
122.884
389.443
234.947
317.393
140.879
365.626
461.938
143.258
206.169
260.52
289.789
299.653
242.591
440.33
259.584
258.106
417.875
98.4342
92.9012
100.239
342.735
0.275508
393.952
366.844
378.572
301.959
113.358
66.3587
356.536
130.77
279.109
263.702
15.9497
108.208
360.008
266.343
132.97
77.5891
394.11
105.381
53.7182
295.314
0.570187
318.86
30.5565
132.083
16.2342
356.813
78.4643
152.474
83.3659
401.869
136.949
388.905
461.334
310.551
440.519
454.948
14.3077
275.565
461.673
417.936
462.207
462.103
334.187
118.582
437.079
244.603
245.403
219.878
235.002
197.139
461.984
296.192
119.699
137.471
311.132
178.335
226.385
67.0618
314.862
419.542
456.121
345.241
454.765
39.7663
47.8771
234.013
375.928
275.541
247.015
84.7001
194.228
153.373
164.461
279.336
373.255
298.957
144.954
319.058
131.92
341.349
317.796
384.771
157.416
97.0314
93.3719
450.794
275.831
101.347
310.381
405.884
232.08
246.364
291.859
325.73
298.185
130.625
0.353982
443.812
256.309
214.851
132.249
306.012
232.191
295.883
461.804
178.022
129.999
174.381
203.212
259.126
461.982
357.964
461.576
58.707
283.213
461.953
264.523
215.226
408.173
329.474
41.0066
462.29
121.532
177.959
0.807226
461.593
404.887
295.224
108.924
2.13417
334.193
462.117
235.709
364.979
461.846
142.141
6.04201
309.971
2.19701
309.487
368.395
292.267
0.331208
28.1607
102.023
171.742
216.891
136.367
0.238754
235.558
271.894
297.363
375.219
295.211
249.278
415.777
116.976
0.392851
462.163
280.052
12.2326
460.976
93.4137
175.581
164.458
240.084
141.232
270.63
145.265
84.9261
263.479
394.004
232.779
370.84
101.029
140.507
21.5423
333.598
174.471
462.245
290.229
376.943
432.62
419.599
230.247
180.867
462.886
38.6309
0.261668
357.769
327.281
350.506
276.476
213.725
48.4802
407.014
263.118
308.966
280.635
386.835
425.342
243.515
462.335
185.165
462.042
167.88
124.512
223.536
360.769
0.645671
220.28
222.806
407.371
123.954
184.87
422.445
0.0940059
89.7333
188.796
251.555
0.418537
264.024
284.641
462.289
143.501
250.967
42.3319
40.362
289.264
150.899
232.4
61.0082
39.7159
147.131
379.263
462.431
193.799
286.253
89.063
60.6664
401.207
177.756
158.963
36.7419
263.853
0.577956
462.026
397.683
0.688589
324.623
0.233482
238.53
255.762
458.649
110.924
450.53
290.869
404.187
404.827
381.177
165.035
354.776
243.815
164.408
0.0903902
286.879
297.212
423.547
232.407
409.555
350.736
462.012
232.732
462.166
101.519
462.248
462.273
153.097
0.659763
123.164
368.657
277.204
255.383
271.81
428.211
352.236
176.456
461.694
319.273
408.752
254.629
350.945
253.817
140.579
458.498
415.247
458.81
46.3894
461.752
290.427
348.964
145.004
237.408
203.307
369.787
376.703
60.0673
211.348
293.333
102.968
128.46
33.3926
253.149
407.029
266.756
289.32
431.973
113.222
315.537
339.872
429.29
386.102
23.0484
462.26
300.43
164.766
0.278633
277.46
156.147
309.983
448.435
462.272
138.196
359.234
169.899
73.4133
252.89
371.701
149.44
0.71403
82.9796
461.545
80.8906
321.377
293.79
414.285
407.758
282.05
0.185031
0.72329
170.155
453.391
461.911
49.9976
431.078
306.857
462.003
406.625
338.451
127.033
333.257
141.392
461.057
375.33
249.076
172.098
31.4995
417.107
157.063
461.955
431.888
176.537
42.5772
413.081
132.204
233.968
0.394332
108.884
270.297
59.4351
322.899
374.354
68.3671
80.6972
209.226
291.461
393.85
208.193
461.86
451.245
250.258
291.103
0.738974
462.011
227.251
143.767
353.781
240.85
250.749
339.065
146.6
5.51114
365.996
10.6153
261.594
301.492
462.241
402.01
386.523
462.285
462.564
-0.105252
240.339
462.494
0.361578
32.7744
420.339
62.0446
398.268
301.546
206.414
65.8226
452.75
199.091
324.151
237.326
3.2954
243.094
132.919
408.963
257.297
230.656
191.532
353.154
250.992
303.933
238.524
402.509
382.288
329.093
306.186
297.184
299.893
9.077
461.074
5.49177
462.028
252.041
0.826225
32.4542
436.981
110.996
323.412
462.68
0.579982
172.355
366.569
30.3132
202.343
329.525
250.133
103.57
283.383
258.354
170.287
292.245
181.997
462.039
0.285645
203.657
278.023
230.419
232.3
292.95
324.586
403.499
300.902
402.913
63.0658
462.137
318.994
432.046
131.318
347.426
312.781
263.576
283.646
249.228
167.302
431.726
311.827
446.701
373.661
394.216
262.202
318.549
384.094
145.346
312.11
397.907
406.247
130.922
305.692
83.4341
324.708
190.797
200.954
460.606
242.2
115.1
195.213
245.402
88.2791
360.91
12.8635
461.547
381.577
1.72806
461.951
384.896
400.978
310.206
313.443
362.889
226.652
160.887
0.439242
4.19542
461.431
248.641
26.937
342.979
462.068
423.413
419.894
287.071
121.309
462.087
37.2102
192.443
460.481
131.928
383.247
213.617
443.682
436.138
59.2388
254.909
340.841
462.111
380.261
28.1786
411.411
243.85
71.1578
162.629
0.995248
116.514
288.756
462.264
248.712
202.76
0.951673
414.107
50.4631
50.2105
104.389
331.392
440.67
87.6863
420.676
241.407
392.06
234.935
462.039
461.872
385.811
424.317
376.662
357.977
450.121
-0.896348
461.068
264.816
139.537
283.24
352.27
213.655
386.045
198.082
415.623
141.724
153.187
112.093
171.167
134.298
461.909
-0.0440715
320.259
460.852
22.953
141.279
272.834
34.3541
461.761
266.05
155.011
451.863
289.458
0.613201
2.36607
12.4421
118.375
74.1864
47.5266
99.1282
284.286
30.3452
343.923
427.571
228.463
131.557
416.446
78.7986
335.3
462.069
446.064
306.402
414.656
277.626
287.248
0.324068
75.254
35.6787
330.502
246.454
409.621
191.184
444.901
106.294
247.755
462.341
296.791
327.407
89.8204
421.381
335.495
207.029
107.459
366.829
392.852
220.59
130.577
230.226
89.4741
299.613
88.0876
0.422775
79.5838
342.516
336.001
392.086
453.484
240.37
462.163
339.317
138.81
260.639
239.433
0.351357
30.6014
287.842
235.534
115.988
462.032
442.428
367.578
414.712
76.1287
75.3915
252.545
188.623
271.859
342.98
315.324
292.467
243.826
462.06
461.899
396.357
462.114
461.943
200.827
130.861
410.069
461.109
395.97
268.701
461.922
462.489
442.272
205.576
164.234
-0.649557
7.20915
453.513
462.042
147.589
248.176
240.41
397.428
98.4239
302.539
240.537
305.863
374.177
436.125
462.42
289.277
462.287
244.563
189.476
350.083
371.817
213.538
367.978
129.209
58.7231
158.249
462.029
351.266
42.1008
163.009
364.72
436.465
22.114
462.046
426.293
415.666
462.146
193.67
211.213
140.789
370.911
416.424
345.204
443.452
133.798
75.2506
251.346
0.454742
144.263
442.367
209.962
329.23
31.7553
286.66
264.995
269.346
0.570105
221.995
93.4657
347.369
120.217
50.4679
444.688
-0.028119
193.969
252.846
316.402
301.726
220.333
123.686
112.87
190.94
319.996
122.716
62.6335
461.9
24.0932
461.87
42.1223
239.434
183.969
187.58
461.921
188.06
378.704
118.632
242.993
281.122
186.233
356.929
298.691
0.441738
245.747
278.334
115.706
264.632
415.682
113.558
379.607
430.393
443.498
317.233
55.9288
140.145
273.253
259.23
436.667
327.035
381.424
328.718
321.949
441.157
391.009
314.618
60.6345
79.1499
205.55
247.566
405.021
208.778
225.031
462.154
168.623
462.36
139.973
124.232
0.352492
377.757
276.727
437.446
388.606
136.448
462.598
182.913
44.5064
95.9414
212.085
0.590415
0.210667
461.602
461.631
437.868
452.029
341.653
75.6907
461.771
156.162
198.68
373.368
285.687
0.302134
462.497
286.271
311.607
179.512
367.249
357.417
427.964
333.845
219.7
462.377
109.791
143.478
448.449
308.628
3.69996
357.336
303.375
329.168
69.9686
232.358
148.961
73.868
133.038
348.079
420.592
292.639
363.028
18.2724
32.8371
161.915
0.0779283
279.119
365.272
-4.16407
0.297697
263.786
189.275
317.809
357.084
353.076
461.997
271.101
462.105
288.486
288.84
409.28
425.367
160.16
97.6499
317.674
2.98176
279.615
214.092
364.627
0.381243
360.667
0.00872636
287.359
132.31
62.9625
461.821
462.134
49.4636
284.578
461.956
320.623
282.445
462.049
317.849
448.558
104.432
297.162
461.803
273.926
166.676
37.4199
289.65
72.1661
201.6
264.884
214.514
124.747
0.381782
461.546
212.608
185.379
215.903
357.982
407.684
105.151
247.991
41.5613
388.044
389.818
163.254
6.06009
143.475
461.26
300.081
355.533
462.169
461.405
0.529054
0.260998
200.979
165.428
286.826
253.606
294.985
223.86
373.286
332.457
230.332
390.391
144.534
161.449
175.427
151.12
63.6042
0.590281
381.321
92.5748
16.6871
46.2149
0.722022
42.1302
430.167
272.526
165.527
341.11
172.216
415.537
0.521621
0.68551
53.5164
380.156
174.697
459.932
143.334
315.708
344.894
334.965
263.828
349.469
272.146
232.132
34.2408
461.976
117.41
178.938
0.330323
241.458
378.187
324.603
151.398
145.921
280.786
166.87
104.893
184.483
38.7364
281.717
326.312
395.521
398.815
269.306
287.216
137.044
215.565
399.193
421.905
320.508
0.11204
115.202
400.679
17.2834
-0.472845
13.02
306.553
0.472459
438.021
93.4362
276.722
9.41032
1.09159
71.1785
12.2748
347.756
222.234
462.314
242.299
0.594617
199.493
214.322
316.405
308.537
275.608
370.562
344.409
413.161
301.302
0.177363
258.559
328.855
362.161
328.101
7.36959
31.621
302.554
303.284
233.527
272.06
253.158
462.183
0.84835
0.35953
272.891
462.165
270.424
253.45
397.502
82.4374
258.453
149.062
315.281
268.643
230.184
461.424
426.838
323.181
462.047
348.72
258.805
80.5759
20.7538
364.141
80.2322
280.166
0.243542
0.46627
320.338
0.259615
230.382
1.5757
198.462
338.269
274.642
61.9552
348.96
435.525
215.072
111.654
0.728179
252.968
320.178
43.8955
345.19
96.3095
387.479
428.225
290.337
205.283
422.232
445.911
455.191
367.232
366.078
343.689
342.591
369.829
458.188
461.817
357.944
275.155
179.205
0.630196
278.065
461.158
209.043
461.106
232.595
0.624153
355.437
407.039
13.1232
462.417
461.517
460.752
0.720437
271.751
0.654981
276.719
17.8624
359.922
365.193
383.331
17.5611
76.0429
228.795
55.0999
302.901
402.25
461.717
0.510566
330.466
282.888
461.267
446.763
419.917
440.579
407.057
353.767
167.115
279.455
431.804
452.283
462.4
347.391
74.5434
187.134
393.637
-0.197052
283.188
429.455
312.523
119.918
461.651
401.542
115.244
162.4
0.675855
273.147
31.0735
226.359
461.69
101.093
445.594
1.53894
186.478
70.8491
14.2221
84.3294
462.319
430.936
291.874
435.364
162.204
456.703
249.961
293.663
0.288263
46.0376
232.616
243.604
407.386
462.899
119.775
229.002
184.737
280.447
406.363
186.484
331.091
0.452047
0.281693
326.486
128.024
382.265
246.348
348.754
461.648
199.55
204.63
450.643
375.711
362.161
433.147
148.146
154.718
462.023
319.164
439.755
162.818
129.427
386.353
264.752
194.072
46.8994
102.988
242.223
73.1278
0.804913
3.01506
374.363
272.932
462.446
169.167
416.438
379.175
461.18
292.272
295.192
0.853855
206.864
449.598
162.844
105.083
385.399
462.303
427.941
25.3526
43.6046
0.629522
109.016
58.8047
159.963
249.879
461.874
277.535
352.618
393.104
306.215
129.939
461.633
461.615
461.529
320.644
324.136
282.461
353.432
0.403168
0.454858
301.28
129.829
161.112
273.717
462.496
58.6309
229.356
184.13
179.725
336.893
319.795
461.912
52.602
187.547
34.499
442.366
252.335
416.288
407.339
248.331
305.648
462.323
71.4188
96.0997
334.991
117.243
452.552
277.36
189.35
52.4109
213.642
335.976
136.444
311.898
147.643
407.797
68.902
2.31021
234.198
207.764
462.533
0.713775
358.953
220.57
90.5379
0.169907
75.5154
151.863
248.85
294.889
196.435
138.019
324.031
324.209
200.671
244.361
195.489
176.621
251.278
436.338
283.794
0.928495
462.174
332.341
298.487
185.193
358.393
461.94
2.16709
180.953
191.575
49.7359
438.278
332.865
277.616
77.9987
462.528
251.263
372.621
244.514
0.331215
336.206
301.46
406.109
381.601
101.412
77.5978
266.65
22.3067
0.892917
0.0580901
460.336
313.318
357.841
281.966
93.9104
42.9525
324.011
147.036
179.702
461.908
425.597
462.369
349.365
462.422
241.312
406.524
1.31197
202.708
320.877
410.278
1.42997
345.785
287.923
0.74811
295.76
182.291
319.37
153.668
314.431
140.383
93.7965
274.159
258.727
247.636
442.641
-0.117023
299.67
24.0498
185.13
114.259
150.117
318.303
72.8735
455.5
270.637
221.935
433.823
68.407
311.539
401.204
459.95
426.913
460.262
252.396
260.811
444.467
311.066
133.716
315.691
295.875
392.497
346.806
276.212
365.656
433.464
462.475
82.9511
390.151
461.911
243.125
292.816
462.284
325.474
316.689
0.948324
116.886
225.553
402.013
225.695
462.001
374.715
275.112
345.773
204.452
13.3686
95.9618
394.446
244.186
290.415
389.648
344.034
443.05
274.949
273.604
43.2128
222.363
314.031
389.255
21.5171
328.254
356.363
453.708
317.624
327.22
236.618
229.931
436.809
337.363
403.883
147.587
270.951
123.005
461.995
373.775
330.981
229.58
335.91
158.752
397.536
103.504
329.08
399.985
222.02
156.615
114.204
315.179
293.969
72.148
324.8
56.2802
417.024
0.868503
371.415
386.346
221.599
462.779
447.767
0.217263
409.014
244.442
301.889
217.562
225.757
353.433
40.9714
309.149
251.483
428.994
396.165
367.139
373.117
336.105
280.335
419.337
20.0754
296.045
299.37
436.074
168.29
302.68
315.328
305.972
130.207
224.675
38.9167
346.834
210.956
415.613
179.694
186.988
461.685
461.951
397.826
261.436
335.1
417.287
0.443696
426.908
9.70776
358.343
251.818
100.518
0.449449
462.543
415.976
78.2868
277.374
142.908
310.982
214.901
275.846
361.528
278.582
208.017
106.388
265.423
212.606
317.143
135.201
462.174
276.767
80.4459
432.441
278.555
365.628
369.562
94.4609
462.002
246.509
18.0095
296.923
401.772
365.943
164.688
146.946
38.8426
246.98
233.346
21.9647
0.133293
462.043
226.014
41.1035
220.465
238.26
392.428
237.653
204.673
462.352
255.865
149.883
462.224
144.384
52.2589
89.0367
10.5236
86.5466
246.073
255.618
0.155031
320.751
439.646
18.31
76.8567
99.4306
393.373
49.179
105.871
306.831
426.44
232.079
211.219
171.568
452.319
410.758
426.651
134.754
460.6
462.402
461.976
393.341
458.839
461.608
20.0179
117.061
461.211
447.734
203.35
303.581
210.983
324.669
418.054
407.54
367.193
224.656
41.665
256.955
374.368
87.4762
15.9974
0.322375
375.627
367.72
404.875
429.648
0.502369
376.044
356.474
297.422
364.548
453.592
28.3486
72.8007
-0.65288
461.717
254.367
124.908
275.625
376.568
0.553306
48.901
348.462
404.656
250.358
278.258
16.1364
0.132772
111.403
442.404
0.570514
214.942
398.89
366.381
271.463
462.072
203.865
393.147
118.142
187.534
329.843
114.643
160.81
277.17
382.548
154.25
168.932
81.5636
448.119
462.202
296.653
361.403
369.273
400.682
406.922
211.692
208.764
446.401
427.65
374.023
453.086
54.0399
386.596
410.844
253.391
251.761
453.118
448.865
240.437
200.619
461.991
462.169
269.431
403.193
211.717
251.622
392.886
274.142
321.631
317.458
276.457
76.8679
462.132
377.104
421.302
275.321
-0.12829
462.212
275.908
301.176
306.145
0.229886
458.531
38.465
293.365
272.913
1.87031
99.8133
283.352
462.288
268.174
216.312
218.698
13.8821
0.824771
267.912
126.588
335.404
461.774
383.229
74.0641
462.006
376.029
47.8905
462.088
3.90626
0.178574
213.35
462.168
47.7945
161.321
324.977
339.101
214.107
307.956
432.63
462.054
270.333
462.363
418.905
297.232
162.911
253.226
107.42
366.552
459.184
419.821
164.268
396.429
462.164
259.106
164.814
389.682
424.043
327.813
18.5629
276.652
376.375
68.9264
344.706
411.044
402.767
300.437
308.421
237.676
28.2853
240.221
396.518
421.048
332.412
216.393
169.899
351.437
267.609
348.235
372.528
433.313
432.187
360.067
250.845
259.431
301.046
0.65631
31.9342
110.986
187.598
287.377
298.766
117.992
55.4702
418.896
146.087
462.442
368.203
180.099
226.369
117.708
452.458
303.22
59.9346
441.113
241.059
462.56
462.352
325.507
43.4989
-0.0381692
213.467
462.217
85.3313
348.093
257.69
427.226
183.849
139.855
260.616
144.471
259.718
158.666
220.686
358.154
282.187
461.872
401.897
426.375
47.938
419.796
356.947
191.841
446.468
277.162
409.413
410.942
146.558
395.882
2.07926
350.025
461.935
451.668
264.907
461.609
117.104
408.851
55.0882
296.901
0.666249
81.5749
195.477
197.814
391.263
461.582
392.121
347.636
304.778
310.199
461.4
139.062
447.732
291.738
23.6096
455.162
252.955
195.12
381.892
230.389
107.547
166.151
0.379395
99.1654
431.837
96.3194
143.848
139.636
396.862
316.299
171.951
459.503
0.121195
323.179
132.739
295.528
133.317
345.406
294.702
253.312
84.2506
455.621
319.27
107.689
310.083
443.662
368.582
104.157
420.203
429.077
378.667
369.342
88.5339
295.732
-0.0526564
355.189
316.861
462.219
422.905
400.098
368.24
302.76
141.604
82.4211
237.776
331.506
462.11
192.664
34.0364
461.578
461.903
240.623
270.781
462.245
0.833827
416.144
462.35
8.99272
461.877
352.865
125.028
377.773
237.171
100.547
410.708
326.848
286.871
200.007
126.492
21.816
2.71032
298.455
427.166
3.09205
319.954
294.01
92.3607
1.5973
462.216
462.243
191.589
160.087
432.024
461.945
422.186
338.877
290.724
60.8545
208.981
126.655
0.38026
67.907
77.6037
304.702
0.790314
0.619878
-0.601115
232.069
21.9425
329.052
108.092
353.897
384.884
214.721
354.913
76.389
170.81
15.0593
386.981
225.026
462.385
374.725
88.0307
397.422
113.92
306.274
215.099
441.506
147.116
1.6095
462.314
183.758
430.91
395.163
80.9304
22.1188
263.408
276.774
132.216
298.1
440.754
277.3
123.363
376.34
462.161
440.348
241.747
274.512
326.343
268.585
335.116
151.47
311.158
113.706
60.5305
165.299
462.213
362.983
174.35
391.471
331.92
346.853
379.73
456.717
145.627
462.399
40.4025
164.657
131.618
22.7073
108.16
90.0521
133.206
65.7483
220.441
271.823
358.793
271.785
461.754
388.627
291.661
347.053
186.152
52.292
384.924
179.765
351.269
462.027
214.332
292.206
338.013
423.256
102.624
248.021
462.217
299.304
412.47
454.738
317.083
39.5729
442.579
391.957
354.086
404.861
443.002
431.673
0.754289
304.607
462.124
172.874
110.501
441.448
303.173
249.206
279.133
238.77
161.741
125.524
259.559
311.866
376.45
306.946
460.367
284.444
462.31
2.35396
371.668
127.874
291.504
368.013
347.034
365.512
236.541
301.898
217.465
387.13
66.6809
232.589
256.786
0.425451
417.301
61.4225
264.359
367.642
426.126
321.14
441.939
314.244
255.204
459.076
311.294
254.655
309.828
425.949
459.984
176.759
0.116282
272.213
395.312
136.827
310.378
263.619
59.9557
57.7524
409.963
0.533975
282.083
462.243
156.142
460.792
257.133
298.82
461.932
461.981
135.523
103.229
321.947
135.902
296.59
244.109
460.854
390.676
1.03376
115.743
18.0593
195.376
98.3962
310.743
333.656
300.903
223.066
97.1999
130.866
315.249
328.922
398.426
346.771
270.165
108.403
462.372
374.943
271.263
442.078
11.9718
461.379
258.784
270.14
295.698
287.647
0.360424
206.321
339.115
135.106
298.023
408.003
307.806
301.198
58.7755
461.929
223.284
442.652
256.258
462.072
399.875
198.09
238.808
286.189
250.47
422.81
258.764
18.4169
82.3246
407.966
29.0827
203.194
23.3657
0.430228
238.004
462.049
257.293
420.296
200.329
0.510774
0.493064
170.818
145.142
21.8839
232.887
345.575
212.86
326.314
138.338
330.135
1.45436
285.583
197.931
347.277
400.178
461.979
198.894
0.0453484
313.127
389.364
317.847
141.643
360.228
91.0003
0.83109
82.1233
0.358806
64.4371
350.987
225.357
292.752
358.025
0.241275
462.102
195.487
461.998
260.112
370.629
38.9673
259.552
355.2
200.736
219.346
437.163
425.576
461.809
0.540609
244.235
308.054
138.361
125.883
460.132
378.182
406.949
0.314562
367.112
61.9929
462.187
187.136
372.676
388.036
380.91
0.610464
462.086
0.851707
374.085
462.505
410.339
0.636985
289.376
125.829
332.8
402.297
90.5909
452.475
363.529
392.767
451.802
53.1926
272.903
139.957
101.225
378.287
333.747
219.249
461.547
80.0893
439.701
124.842
462.195
193.123
104.431
0.818462
209.761
359.969
462.085
72.0294
419.319
48.1597
462.344
461.935
358.096
192.311
379.061
120.569
407.262
38.2584
352.862
294.608
461.688
266.756
315.328
420.667
0.195859
325.6
175.541
0.526618
386.429
412.844
312.51
462.446
45.7806
145.662
412.277
368.109
316.32
156.872
103.495
349.775
251.139
341.313
148.332
82.9467
292.451
430.881
266.143
462.01
462.256
370.323
258.211
146.64
219.861
435.51
407.173
405.377
193.254
300.781
6.85528
461.864
461.957
462.064
395.174
0.166163
278.702
234.863
86.8688
335.911
334.551
258.481
162.752
427.906
373.759
392.361
149.859
136.752
460.981
129.801
256.109
245.119
324.328
37.0589
0.427119
19.0892
74.1519
351.588
259.284
310.779
48.9844
81.7153
293.331
461.954
0.525073
372.794
236.999
461.866
374.039
272.771
192.429
127.565
237.17
222.778
225.411
412.347
374.65
0.564632
324.691
382.739
398.355
287.345
462.188
216.436
462.068
400.196
155.907
332.585
389.726
122.002
354.74
242.674
1.04607
73.6578
277.209
461.272
416.757
1.51776
440.958
117.184
436.938
197.969
91.4772
453.593
415.788
461.809
343.46
369.816
146.047
69.9947
462.097
294.727
314.807
18.8069
165.205
301.927
379.703
410.132
110.36
77.5502
342.305
308.09
129.44
232.347
0.122202
154.235
462.022
275.579
22.7477
427.711
462.189
123.962
244.529
321.223
175.652
5.072
420.166
22.5094
0.399141
404.861
246.848
346.484
451.69
223.395
462.093
250.257
200.786
250.047
315.286
400.329
252.061
284.073
461.707
205.167
303.674
258.559
88.4261
273.84
462.164
462.158
406.007
67.0089
54.4693
207.78
331.181
0.636524
354.591
461.622
408.136
276.628
152.491
58.3358
123.626
367.15
178.742
193.856
59.0087
274.06
286.307
102.238
311.505
0.065923
244.177
291.672
462.526
462.188
302.224
1.1064
197.011
8.72225
461.448
225.386
132.311
328.213
322.439
179.394
272.523
273.343
299.32
64.5145
174.52
108.287
461.603
461.632
462.036
386.666
217.217
459.738
46.8519
314.077
192.337
329.868
122.223
196.398
387.957
394.04
383.993
144.656
280.767
462.039
304.753
96.7016
100.832
311.107
61.3434
67.1546
136.379
294.987
327.704
434.745
398.403
462.285
169.52
296.073
461.762
0.541686
0.976736
415.161
0.643646
445.477
27.1014
411.727
347.738
152.448
1.18597
111.823
388.019
57.4748
462.54
220.315
184.826
53.3555
293.234
76.8995
202.207
63.9355
254.125
122.589
361.065
388.255
80.9488
205.395
244.914
299.223
174.098
290.073
287.13
412.65
462.199
265.055
196.792
234.728
134.994
287.939
264.823
454.419
244.292
300.377
151.446
136.077
114.258
285.322
75.2409
401.903
261.514
195.638
92.5183
378.543
462.242
216.753
361.218
99.6712
229.28
433.788
89.2818
225.815
234.296
432.563
232.443
260.305
54.1594
456.717
438.756
168.83
229.155
385.107
350.677
178.929
462.55
379.265
376.348
0.278936
121.743
338.8
236.65
56.5419
30.4329
255.219
60.7392
358.991
187.263
126.283
170.54
273.339
410.114
218.569
356.52
168.479
418.701
462.195
300.715
137.299
304.999
169.65
200.05
344.095
122.367
450.949
36.308
356.49
97.0338
20.3228
327.767
375.95
342.667
262.367
182.225
374.512
62.1648
0.320393
277.207
351.417
461.959
0.489455
126.169
462.345
461.288
13.1416
461.891
461.848
460.976
462.665
2.69242
26.553
462.346
226.526
372.562
238.365
391.953
232.379
435.239
417.665
110.839
371.153
0.112661
237.669
27.9915
174.223
3.7518
0.168288
345.501
223.012
389.963
226.424
333.158
108.931
319.517
457.517
265.705
147.951
283.822
257.956
277.19
310.801
256.916
462.041
401.432
51.3856
272.488
408.425
298.058
462.39
65.5693
314.033
139.477
285.639
207.033
340.266
0.209201
298.174
293.079
346.373
194.422
68.7235
256.009
173.239
315.506
398.702
339.667
360.516
118.179
9.4002
139.412
340.379
266.743
317.917
401.218
418.589
179.75
462.162
363.08
323.523
258.934
228.603
309.474
129.596
375.882
158.44
190.544
282.573
155.334
449.834
199.416
0.572365
42.8836
346.892
50.9237
460.439
362.96
139.596
462.491
82.9779
335.594
462.364
30.3773
345.006
0.598504
342.147
462.167
264.707
58.6644
462.062
428.076
8.19917
281.691
-0.661598
123.286
257.663
268.915
292.051
26.1415
243.432
170.45
152.183
-0.0151667
315.506
369.746
0.158799
270.181
156.905
332.775
91.7411
326.933
222.437
374.379
194.511
403.477
313.406
44.0825
273.108
0.188933
232.52
385.774
0.498499
180.841
433.049
400.125
0.542986
127.912
285.23
244.424
0.432809
73.651
242.558
220.997
425.969
298.281
420.186
395.934
260.358
0.398906
409.97
332.255
295.171
463.224
385.312
141.591
98.0614
133.372
127.186
454.624
234.286
177.861
406.09
447.721
289.264
95.9161
276.063
460.91
252.262
198.543
243.936
461.772
253.6
41.0661
462.21
367.873
73.8048
235.916
398.031
462.113
234.164
461.593
329.576
462.166
462.164
150.42
267.786
462.173
442.971
0.409597
462.609
273.043
461.796
0.897319
359.622
153.749
462.228
375.134
216.138
420.54
370.013
48.4235
401.238
380.499
383.752
462.245
392.012
424.18
388.047
98.9986
42.6945
70.7228
51.7319
445.868
460.909
340.369
75.249
252.721
462.251
407.87
253.884
296.188
249.003
340.283
188.892
437.553
270.256
199.362
239.921
462.034
327.895
399.478
425.789
114.105
39.1281
462.501
205.69
0.150858
462.111
357.319
105.308
232.853
232.403
95.6712
425.562
402.52
401.126
348.481
109.396
228.778
261.037
397.754
353.477
328.075
462.119
414.316
280.975
50.0129
53.6449
0.549223
435.113
392.616
423.508
397.643
295.711
285.418
158.377
234.963
363.573
233.245
251.562
11.3728
361.36
457.342
341.943
354.215
12.4015
147.416
153.882
456.688
132.382
127.705
338.445
312.017
201.006
140.032
0.400836
461.288
272.867
288.529
233.286
230.623
216.578
348.878
345.225
45.8543
52.4756
207.335
302.202
336.513
200.614
298.12
0.660054
153.141
210.983
282.544
260.196
110.249
181.762
284.307
249.295
101.843
461.984
297.71
288.272
0.684143
317.042
456.71
91.7168
380.798
184.319
92.8569
93.2877
282.521
363.392
352.425
406.917
462.383
462.137
462.026
0.490448
386.192
240.668
387.255
357.697
420.235
220.731
266.427
69.0145
68.1502
325.961
454.57
85.4942
461.975
31.0241
303.659
81.9879
386.95
250.205
247.415
307.161
396.016
81.2439
200.382
58.1378
65.7057
414.707
60.3309
127.573
461.584
462.284
364.912
298.548
166.451
385.957
461.977
0.286006
22.7313
462.043
13.1585
0.669226
233.581
460.216
89.0638
1.23617
83.0732
317.751
295.589
76.3696
401.667
420.066
106.368
317.734
123.576
428.991
276.704
245.473
63.6253
458.745
353.113
462.086
248.467
439.742
12.2379
219.932
462.319
244.023
297.067
0.385699
462.459
462.066
236.338
75.2782
426.478
41.1075
0.227534
326.376
460.938
462.367
61.2537
427.3
258.589
316.886
184.019
0.437345
152.452
26.547
246.49
362.71
28.4429
305.591
461.547
439.523
240.987
255.52
129.459
2.55024
462.319
296.876
105.109
255.922
0.382122
247.356
212.217
221.21
161.242
55.0929
400.015
252.014
104.56
462.093
269.717
462.206
183.221
0.549711
344.71
94.6197
436.869
27.3973
416.317
263.749
403.101
0.30526
162.059
446.692
168.141
128.318
17.9147
266.281
150.346
57.1002
51.697
209.38
135.331
294.446
324.93
234.516
0.231536
307.962
361.202
89.9114
276.18
427.129
118.559
209.341
80.6287
462.016
279.125
279.523
389.807
461.947
397.697
342.959
250.903
229.474
437.131
383.74
390.882
247.823
323.26
242.23
289.844
334.282
311.348
357.649
131.35
-0.507912
327.517
228.226
231.799
261.101
255.074
190.718
339.675
51.137
462.233
100.337
391.791
342.587
421.578
463.498
406.802
353.95
358.959
347.004
29.831
462.273
289.998
0.14928
0.346164
191.024
457.352
387.555
253.919
128.605
333.865
462.402
262.829
268.706
261.953
321.996
163.292
434.828
462.226
168.255
414.067
63.8389
442.617
203.825
420.305
462.429
231.768
333.567
0.234551
461.915
70.0699
206.777
88.702
462.326
103.518
271.89
374.527
345.577
244.471
462.148
425.939
165.64
217.041
190.311
60.9643
100.554
275.859
458.123
275.958
350.769
378.033
463.364
173.778
462.162
356.992
0.840368
248.988
145.14
403.437
323.161
314.251
150.555
428.854
0.262983
313.068
227.936
154.385
225.602
230.551
262.459
461.091
286.357
311.914
461.128
390.912
423.757
71.5877
18.9241
0.0594485
418.995
86.9915
320.291
343.781
462.121
254.156
462.399
218.796
109.817
255.416
433.206
424.904
43.2321
311.09
232.737
26.9519
-0.67408
305.814
142.133
457.321
461.673
462.614
158.381
461.187
433.527
325.401
340.272
0.11081
303.999
310.174
242.257
208.195
7.77194
343.684
462.059
289.798
250.942
353.837
462.123
24.5019
158.332
209.39
206.696
328.026
461.704
374.877
73.012
84.7788
387.356
461.648
0.304714
373.686
397.816
280.55
212.602
423.935
83.4352
0.469213
433.229
334.657
286.517
134.836
462.026
6.02826
458.685
265.998
160.368
179.765
244.159
371.586
462.199
266.518
260.802
172.416
261.267
154.296
328.276
170.619
457.182
441.293
462.06
270.176
339.643
327.093
253.789
374.364
462.222
65.1359
263.166
74.195
289.943
85.579
459.997
391.424
263.16
461.412
112.905
32.3077
382.669
158.826
225.874
427.985
28.4322
90.3803
354.129
195.658
294.166
238.134
335.505
410.309
141.705
462.233
364.223
349.995
1.23648
1.13015
364.947
23.1077
190.592
190.793
204.141
387.494
156.545
461.542
398.464
252.344
213.683
413.975
129.178
33.6311
212.301
134.712
339.254
216.228
0.151218
409.682
225.319
462.164
285.367
249.03
164.012
45.8108
277.659
232.778
14.1788
338.303
391.034
44.5537
299.803
322.163
368.688
432.272
461.903
110.38
425.841
39.3856
243.128
53.2803
420.193
315.468
117.83
357.067
288.609
128.699
202.291
462.224
54.7562
21.7653
233.584
127.819
152.81
401.646
232.581
91.381
362.311
450.346
338.327
155.955
39.6713
212.77
327.155
443.042
318.134
240.745
443.059
127.147
64.2498
91.1001
462.055
407.862
92.9184
265.169
43.5275
460.418
-0.465503
217.613
139.064
461.758
244.412
354.862
256.507
64.9701
307.981
364.271
11.6424
122.692
345.724
253.355
92.4695
145.582
439.505
462.267
212.4
154.028
369.678
426.048
150.87
320.296
461.57
-0.0415476
373.892
284.293
462.239
140.183
462.031
461.503
112.51
462.413
0.00604272
184.802
179.017
433.155
243.615
461.416
323.327
162.784
173.224
209.049
317.76
235.46
226.484
310.087
438.816
462.044
264.89
325.017
462.402
1.00165
319.492
319.03
264.599
307.777
462.023
462.345
229.037
0.518512
407.236
193.276
462.155
246.182
129.701
462.089
48.4614
364.533
266.886
158.011
331.612
371.31
163.562
389.146
107.408
26.8268
7.93247
355.379
365.57
23.807
462.084
462.522
398.574
14.4419
428.294
197.571
437.279
181.317
227.315
286.185
256.967
168.464
40.8468
202.412
422.123
119.783
449.65
257.732
144.087
26.0628
425.771
28.6067
312.892
461.599
137.732
176.327
0.442745
267.467
372.834
356.842
461.582
301.212
283.141
72.4775
187.265
206.494
247.263
147.94
2.30183
382.926
369.492
238.587
250.897
258.56
431.062
436.265
373.394
458.876
462.048
413.981
461.986
-0.252061
462.071
459.637
163.505
283.706
281.464
413.713
411.709
393.888
0.331581
22.6946
81.8998
28.1214
435.673
117.543
403.261
352.313
462.016
7.17454
352.834
461.571
213.227
421.423
353.124
0.306675
444.044
196.928
326.977
288.38
-0.532888
347.037
111.112
121.66
286.574
461.638
339.179
243.555
202.217
204.687
167.472
340.427
275.922
461.583
391.848
150.043
369.091
276.918
28.7519
121.851
48.0336
286.24
451.863
311.463
461.287
11.3368
283.351
325.998
110.805
138.928
336.767
295.41
269.979
0.134235
23.6844
64.7508
395.888
44.5391
274.25
291.027
397.21
417.419
240.45
60.4061
462.186
446.601
232.982
210.747
323.362
0.857511
148.294
71.0016
453.975
378.015
372.092
81.0304
461.719
439.109
257.916
217.649
407.773
171.47
283.425
84.6197
121.177
122.437
0.699101
411.266
308.473
170.316
219.544
187.577
358.21
348.035
462.183
412.83
168.059
49.3233
461.346
424.205
353.023
187.344
131.859
127.785
212.85
462.443
461.918
115.794
85.8124
232.707
462.068
98.3128
325.089
0.734069
35.7382
404.765
347.36
241.146
270.622
334.139
385.231
353.868
359.417
226.326
420.308
273.041
461.886
344.477
3.69354
150.41
202.817
338.845
379.933
50.9719
0.447734
295.504
319.6
360.723
162.612
106.91
109.797
41.4946
362.936
81.2551
192.536
217.094
175.565
3.43389
241.228
442.74
401.506
370.789
131.969
1.33243
368.355
199.381
462.928
155.655
230.056
401.479
462.071
394.723
20.8077
63.156
249.866
43.7003
461.605
372.348
273.533
279.919
403.993
225.896
439.971
461.797
444.838
126.437
406.155
144.503
295.621
311.851
226.871
203.37
282.243
14.7464
260.974
188.825
139.349
179.709
230.203
0.264277
402.949
263.92
462.437
352.628
142.003
355.582
248.761
21.0602
461.988
278.311
226.957
277.064
399.133
461.68
149.764
216.477
405.099
367.003
321.771
168.854
55.934
429.119
337.046
20.2722
461.464
335.753
360.008
116.476
360.888
204.943
347.816
147.009
312.044
0.776413
277.792
214.367
312.716
241.063
370.411
31.5064
381.164
140.978
412.755
316.32
149.737
392.872
1.19592
310.134
149.562
259.063
273.009
436.216
265.844
226.612
84.2332
0.567359
229.266
266.524
462.942
146.246
26.0949
61.2435
462.107
299.247
174.073
351.732
141.288
462.134
461.784
237.753
441.131
232.479
335.885
289.996
253.418
0.10994
242.891
239.937
397.089
102.574
273.192
462.162
48.3093
461.855
149.857
187.421
314.877
247.477
190.595
234.933
220.624
462.022
349.905
462.125
385.85
145.15
301.359
189.798
147.432
11.1983
366.253
258.045
57.3693
54.119
461.809
55.871
265.711
84.9635
462.274
309.594
0.536734
461.673
334.073
257.25
0.242956
234.776
103.917
185.257
306.346
378.465
236.134
2.01834
313.494
461.656
250.707
174.4
361.713
462.341
356.211
317.191
227.165
462.047
450.561
166.952
357.299
0.348431
300.355
77.7148
461.977
427.761
0.85121
449.805
383.994
15.9875
33.4587
0.903669
67.542
359.736
275.048
296.063
131.595
79.9868
368.248
236.985
431.171
143.411
459.582
2.5311
185.83
144.273
0.359756
105.311
352.454
263.774
220.851
38.1107
230.086
353.044
332.991
281.612
77.2926
461.736
396.454
338.959
461.801
372.796
444.171
183.175
402.318
4.19274
434.887
7.78598
429.933
397.957
158.649
330.702
387.851
392.097
422.183
316.993
322.174
457.74
139.647
61.5483
27.8888
89.7674
25.2063
322.925
281.029
139.813
7.87112
0.337475
263.136
250.602
305.47
347.612
59.0065
0.849732
389.998
461.496
188.374
276.478
275.626
462.047
276.073
402.376
396.459
23.5331
340.502
112.917
300.683
266.722
364.661
232.387
57.0546
346.354
105.12
268.028
195.276
152.058
55.7224
113.236
272.774
81.8247
22.9755
452.755
284.729
328.057
178.476
71.2376
367.637
28.2222
89.8294
450.505
56.282
38.337
377.173
457.99
459.643
33.4566
398.672
1.92227
357.878
462.077
323.093
313.96
389.239
326.613
150.957
460.925
0.19837
26.7452
308.814
0.492932
457.919
284.374
428.194
88.1739
11.5726
41.0753
203.446
246.506
166.219
338.45
235.179
1.60668
0.604156
453.546
186.764
245.334
170.478
429.776
0.315523
25.0196
462.098
255.166
438.784
0.172278
265.718
461.705
0.296406
425.218
199.693
390.031
258.603
28.9507
178.922
278.709
127.403
337.425
61.5511
234.855
322.748
97.9193
337.377
296.551
356.343
461.686
461.537
337.408
308.197
200.49
335.831
77.4516
285.54
444.788
0.471214
93.4781
316.645
100.089
121.166
415.233
375.774
451.392
0.342276
234.723
157.046
142.839
0.271946
48.5648
419.673
287.027
59.5334
257.603
232.92
314.183
104.588
368.678
326.619
300.342
262.712
381.578
6.03291
101.569
278.656
311.911
256.353
435.174
36.7093
230.308
335.747
192.753
283.672
374.009
461.218
348.622
207.52
0.269171
216.372
408.848
428.329
13.3325
156.952
440.303
342.658
312.175
249.714
437.126
456.756
80.4427
273.015
251.251
133.567
462.232
433.518
455.172
258.396
312.382
405.825
156.82
232.308
328.286
460.995
39.989
312.854
269.61
237.54
224.178
29.1017
234.193
366.838
46.012
228.116
462.019
243.543
0.267527
461.999
189.734
49.1004
328.464
369.214
-0.171175
191.622
158.706
318.46
113.133
296.335
207.652
304.118
349.679
400.142
150.365
144.67
0.404988
340.908
263.971
462.453
435.998
187.538
223.077
462.043
455.369
238.949
337.655
391.271
210.164
316.074
370.517
148.118
62.1751
384.889
399.76
291.774
439.803
298.008
113.556
347.277
454.509
462.157
435.699
290.443
47.7052
2.16671
313.639
295.804
361.159
345.442
0.464263
407.202
318.38
461.98
385.483
461.866
300.241
323.517
305.485
54.8253
72.3847
0.50093
0.0333251
463.759
462.116
290.969
348.346
398.773
321.974
282.203
144.309
434.641
1.83013
89.3674
424.492
436.11
73.8943
403.677
403.997
318.602
169.387
301.689
393.506
462.498
218.284
326.822
358.807
330.302
260.884
393.104
258.063
451.003
412.631
324.334
238.786
401.621
408.654
255.581
432.945
342.423
137.537
107.681
225.411
238.011
163.777
337.3
147.002
315.185
175.011
292.051
119.774
442.129
418.409
20.9661
353.674
283.42
270.223
21.7051
154.142
216.825
0.543309
324.907
293.87
351.307
152.893
273.025
84.0228
195.589
166.476
181.265
162.238
406.329
97.4286
191.881
76.6705
216.709
193.738
420.389
202.866
415.396
336.155
160.171
283.083
388.66
283.734
286.632
228.763
462.135
39.6038
176.748
368.381
19.9741
398.585
91.2132
416.092
202.508
166.507
407.322
90.8042
309.777
87.0278
240.751
0.609958
373.916
173.712
336.622
232.246
357.797
1.32484
133.533
345.003
177.645
41.8754
185.561
286.703
165.067
221.968
274.937
0.347749
379.25
462.079
433.297
325.381
310.797
320.488
276.889
413.603
411.182
256.258
178.993
155.988
461.736
232.399
357.414
291.654
54.033
273.265
222.564
299.064
283.629
248.376
0.517399
197.766
88.9301
1.08417
393.285
227.721
19.1485
0.239732
459.604
134.627
97.8357
224.782
0.303711
224.23
127.972
246.392
0.724687
146.655
402.512
86.5981
223.709
439.427
404.295
117.589
371.11
64.5468
236.151
4.4415
366.565
232.341
265.979
407.221
157.05
377.842
462.458
-0.255375
289.019
461.407
300.302
462.165
299.933
148.644
247.489
97.5533
387.814
398.344
116.842
335.768
164.495
292.287
136.552
-0.098713
332.547
74.4642
363.262
462.02
454.303
277.15
402.219
108.23
462.519
280.666
33.7234
240.411
260.658
385.489
239.701
430.295
349.07
54.2881
5.89031
393.601
89.5701
396.297
461.296
1.46877
274.982
133.347
367.462
281.44
344.549
462.311
246.755
127.505
258.141
337.769
404.365
462.537
132.66
289.841
118.34
0.778458
426.836
0.610471
308.171
26.9261
361.044
335.777
462.42
387.393
0.610838
339.583
409.173
206.963
451.2
389.368
261.697
2.45681
424.442
121.928
239.999
305.749
429.134
6.50511
462.208
272.128
63.8514
201.752
96.6821
282.963
324.582
279.713
223.94
250.526
240.72
461.659
406.03
325.516
38.3093
353.347
1.8985
162.025
22.6517
80.1158
419.39
399.636
348.522
114.351
262.336
364.33
378.645
340.612
414.59
281.023
236.525
274.334
442.454
443.818
290.609
223.641
0.250073
226.58
26.6247
115.212
386.849
221.595
45.8161
462.132
462.214
461.259
380.974
83.5117
157.208
237.808
442.24
32.6764
461.972
313.086
245.916
461.985
276.569
379.899
218.065
123.036
138.601
331.872
461.622
9.13063
286.205
58.0639
263.377
322.479
43.7172
276.041
411.584
71.5125
0.156243
109.257
167.39
74.5807
77.4714
159.278
172.628
82.1474
408.444
35.9935
440.826
306.158
24.7391
160.407
71.319
286.053
462.239
390.617
461.569
108.658
25.0091
161.558
354.334
338.304
0.264435
213.127
0.830662
330.84
185.962
461.109
99.1041
63.0687
0.866045
146.715
255.212
462.171
219.734
221.51
159.21
441.339
453.451
216.821
389.118
144.678
432.495
355.887
205.876
462.184
331.234
273.181
385.866
62.6048
146.358
110.646
462.21
429.917
280.555
142.113
194.761
240.77
462.076
190.85
443.939
441.881
251.257
0.018618
79.1282
189.616
422.302
165.974
456.993
258.506
332.57
0.73926
174.248
462.208
247.106
312.3
83.4032
199.58
395.107
352.23
316.515
235.283
228.142
0.966889
212.135
0.716106
451.946
462.037
170.609
83.0994
333.937
95.3061
250.04
461.82
102.372
329.667
391.559
247.996
0.662243
376.897
462.761
366.351
2.49403
462.069
336.236
312.177
302.453
277.446
249.749
79.7565
267.685
290.836
357.961
290.159
382.817
96.4505
416.534
317.908
0.662
280.598
242.281
462.335
141.566
336.04
255.089
264.599
47.1898
406.691
136.121
420.397
324.552
414.735
45.6512
114.552
20.7962
32.0734
302.608
207.907
356.222
293.025
109.579
363.169
46.5429
169.821
0.817283
296.84
195.752
246.833
85.5296
427.232
87.5338
272.356
280.201
132.553
415.786
302.948
200.939
311.833
351.853
207.88
109.021
426.403
0.30994
268.304
462.064
106.461
130.286
303.926
5.8214
159.992
186.673
262.21
317.045
226.228
323.248
330.277
394.362
462.057
-0.337474
462.216
353.892
446.044
209.967
281.102
268.386
95.5707
85.2236
321.417
365.874
119.167
214.7
-0.278571
462.028
254.05
398.664
178.252
272.475
311.433
276.047
462.355
287.691
120.69
347.762
144.799
134.08
136.435
121.336
462.069
268.101
258.296
194.143
461.586
257.963
323.621
362.435
344.027
409.824
0.622288
461.733
462.048
5.38088
425.902
71.8215
17.1874
81.8089
245.543
77.9843
229.957
388.831
462.42
331.247
50.7509
162.351
168.748
311.165
462.179
461.978
203.655
118.083
299.588
199.574
349.904
462.462
399.483
198.596
212.924
248.544
181.334
382.475
462.095
160.206
294.277
333.842
422.086
235.642
160.132
262.559
148.258
461.862
443.315
229.513
372.773
66.5567
364.789
105.387
177.819
454.598
0.588546
326.148
461.332
307.014
443.56
381.156
91.114
460.633
265.61
297.206
144.595
78.9379
207.484
334.974
306.758
266.33
462.431
108.232
5.33194
437.955
320.662
114.461
294.812
350.722
232.426
0.494718
0.300475
330.795
252.226
125.391
134.414
414.671
461.984
350.508
110.236
12.8468
462.698
145.505
380.202
230.176
462.306
346.505
-2.38072
140.117
0.687973
309.742
242.116
461.101
81.6335
24.7544
433.031
230.3
9.433
23.4075
70.5771
369.296
462.255
428.988
5.40753
216.324
330.707
263.162
206.434
279.777
353.786
330.117
384.807
204.932
332.733
338.265
228.255
343.185
13.8361
405.808
49.3182
435.395
372.397
203.196
19.098
124.727
302.31
377.163
421.905
114.499
70.7953
296.27
462.237
462.511
378.426
300.981
58.6219
276.378
151.463
250.283
462.23
371.041
257.825
79.4129
254.989
299.668
460.419
462.179
107.687
462.185
399.448
370.596
409.909
417.422
382.429
454.38
452.128
461.247
219.782
314.578
277.035
220.65
462.452
101.362
293.461
1.28389
20.8278
445.826
336.621
277.628
224.699
2.60279
339.728
0.468128
324.065
461.675
113.329
462.374
353.838
232.918
0.308512
455.667
237.755
411.508
127.065
90.7849
409.489
347.858
459.332
443.372
36.9189
463.012
450.921
318.584
295.404
73.6522
150.896
108.771
272.508
0.328814
133.56
190.116
207.836
280.836
0.9555
177.312
462.436
283.063
176.317
296.124
462.26
213.917
460.725
342.348
1.85161
271.294
323.876
376.34
333.789
452.427
313.85
328.827
281.039
14.447
261.688
349.229
435.15
437.967
462.411
80.8999
462.041
442.912
149.371
139.378
325.586
310.149
64.5084
259.029
21.6596
80.1302
88.6767
203.985
126.399
317.285
396.966
394.654
462.051
354.247
0.946868
297.643
267.708
252.437
146.903
176.254
206.432
197.193
377.083
359.702
268.513
287.887
462.448
104.253
0.85257
377.38
346.426
299.106
350.748
160.15
16.3217
81.7318
67.3801
400.208
461.523
345.262
368.379
48.3209
281.83
168.183
314.971
434.602
129.301
255.055
151.622
63.1737
344.413
400.531
355.075
367.717
219.305
338.756
61.4485
151.727
224.682
462.493
308.221
393.322
444.401
352.774
462.187
338.99
204.848
18.6238
204.724
0.112348
230.312
457.334
72.7414
0.661307
462.084
305.204
412.862
340.79
153.855
360.233
213.261
227.926
164.568
174.168
402.69
352.525
421.736
338.854
160.474
454.721
254.898
462.403
390.066
138.456
368.741
292.268
462.307
340.703
284
57.0193
206.571
140.521
137.305
442.419
362.518
273.669
19.8726
54.3386
177.556
393.535
461.612
444.748
106.724
360.861
139.191
204.486
54.5312
299.924
303.747
151.215
347.962
33.8321
43.798
0.527083
3.16019
135.144
461.957
256.649
0.309838
123.919
243.717
227.508
167.849
191.13
74.7672
223.939
112.864
348.421
402.264
361.897
461.984
252.185
0.391603
202.084
294.607
313.111
370.26
242.55
451.345
249.955
7.19316
1.20388
461.386
105.394
376.279
313.832
425.199
435.883
464.377
303.588
461.816
338.05
424.516
430.185
0.903281
461.577
249.684
178.044
298.029
286.474
328.369
55.3242
284.292
300.984
462.245
338.954
136.048
29.1512
374.455
126.521
1.24428
319.908
99.3171
462.137
404.693
61.936
423.254
170.315
462.256
10.8592
462.537
353.353
270.475
394.763
63.6567
0.657793
107.302
460.954
65.0752
305.966
417.736
92.5688
280.024
297.511
448.094
149.164
295.323
438.225
232.745
462.149
299.471
251.787
290.058
462.174
55.6046
50.6171
88.1814
333.408
312.374
409.458
0.693837
243.32
47.2716
277.364
461.916
2.505
462.535
5.62699
324.299
410.606
348.46
433.795
391.501
462.187
109.089
248.043
307.517
334.528
99.4821
40.85
461.607
315.738
249.456
83.8992
462.119
190.385
232.253
286.212
2.3835
381.062
213.746
263.858
305.393
11.3753
303.721
235.902
407.463
442.715
239.703
1.41437
422.294
364.63
335.368
462.427
126.419
45.1065
161.37
121.819
95.6607
423.074
299.571
316.883
367.349
239.798
417.345
402.623
94.9983
407.035
462.573
78.3205
367.424
318.828
154.013
105.541
462.024
198.349
25.4771
461.326
64.438
1.35247
220.533
410.011
89.1143
350.333
149.006
266.514
183.363
391.398
9.63911
41.8938
239.86
296.345
247.837
258.236
210.369
460.933
44.5859
278.292
95.4734
41.2614
396.753
462.057
212.668
0.444593
394.91
300.521
1.0563
236.282
370.537
435.703
347.122
398.496
255.108
331.703
138.702
363.487
441.781
287.006
15.8087
286.319
149.209
431.188
451.054
425.459
87.5629
244.961
357.757
82.421
0.69253
440.219
388.308
49.0203
310.814
227.35
461.896
398.469
4.2276
0.0569454
461.932
268.309
462.214
436.558
461.51
305.415
323.173
262.425
161.744
142.29
394.24
201.794
336.199
207.942
3.30797
140.605
174.166
261.251
377.471
346.589
463.052
412.803
448.201
9.51066
389.684
15.6858
77.1786
462.345
169.819
462.583
185.476
346.412
0.0990765
8.49834
271.236
271.776
135.374
348.951
246.068
119.316
307.299
462.03
461.715
126.025
88.6225
456.369
371.596
366.5
450.174
237.362
418.751
325.056
213.978
398.424
370.569
224.235
434.867
60.1005
320.11
431.113
0.729559
332.836
51.7273
240.16
322.465
37.4203
124.011
261.829
293.41
377.58
441.214
422.313
376.771
228.545
196.714
297.147
461.274
119.574
373.821
53.9185
18.8991
412.548
461.52
1.32532
48.6127
10.9539
237.147
128.702
89.8566
0.859757
422.691
383.924
1.2409
460.989
320.106
170.651
46.5601
51.5356
461.931
360.335
110.118
461.852
121.011
138.522
293.464
287.605
461.136
418.349
403.818
437.471
241.145
461.908
416.92
237.358
226.218
0.535257
452.65
111.687
120.333
345.926
0.306944
84.8344
380.438
313.085
242.208
15.6799
252.405
152.213
261.861
57.1058
441.131
461.405
201.608
357.631
305.8
304.036
448.476
387.537
84.2883
124.895
462.235
1.17653
439.415
68.1239
462.141
462.122
321.346
172.165
235.186
268.248
389.407
262.635
74.8478
264.06
44.9097
64.642
324.431
88.6436
42.7223
427.587
189.183
461.809
310.298
344.963
454.117
320.291
280.215
268.975
274.463
372.301
102.684
284.655
462.473
126.532
462.063
263.732
127.214
462.125
327.672
0.387653
360.528
177.985
184.478
207.933
210.654
205.497
317.356
0.365243
229.901
461.651
175.676
348.302
1.02732
75.2183
366.531
366.623
85.4604
181.102
250.342
448.645
378.068
259.377
382.191
217.571
421.78
362.847
426.648
57.2375
462.489
89.9077
462.216
0.0332537
368.318
0.22621
390.502
325.781
217.383
309.143
318.569
303.208
410.206
439.522
166.604
123.612
462.048
460.626
256.068
425.841
349.999
0.281686
388.438
161.848
87.4794
274.891
462.18
387.43
345.655
251.075
413.466
127.57
462.275
9.99215
378.118
123.563
389.832
88.4681
363.465
220.064
400.343
223.442
444.165
262.092
203.545
278.282
461.917
168.968
0.906878
113.768
204.989
136.109
278.554
422.461
214.542
245.568
460.778
441.367
315.915
288.312
88.5592
389.171
462.05
20.8988
439.649
419.432
0.633881
0.342009
189.447
81.3157
243.225
271.543
218.699
313.412
185.15
394.213
303.618
453.804
367.447
176.825
347.452
462.305
356.815
461.925
453.923
310.352
270.524
403.439
461.924
9.37427
323.698
347.696
330.997
70.4283
288.261
461.752
96.5859
154.208
176.107
165.287
391.896
95.1008
462.419
461.497
319.275
199.898
419.673
204.787
456.321
95.7144
279.401
77.2616
462.436
0.225212
216.032
462.398
9.23011
462.237
300.849
372.371
10.0692
246.911
300.584
0.432374
1.29572
432.074
447.96
414.476
232.271
420.914
386.793
271.926
392.47
402.925
244.668
158.441
105.102
376.873
251.069
187.141
347.218
461.862
11.46
444.218
131.493
327.766
333.365
123.968
193.469
140.532
184.358
294.883
391.662
133.9
129.002
0.709143
72.2375
96.9295
387.133
0.936338
0.047632
318.242
43.1658
363.119
462.434
184.396
333.379
95.6624
439.956
253.446
295.749
162.795
0.400922
149.143
399.402
82.8383
181.874
42.3426
407.172
0.551581
461.522
0.885844
240.004
0.450634
337.27
263.248
214.11
424.244
216.128
0.524354
301.529
418.187
116.472
323.285
318.145
124.152
252.095
375.333
80.2878
256.767
60.5629
0.274075
456.464
307.648
462.529
377.813
383.514
279.294
433.209
71.9226
460.863
404.201
274.676
456.677
294.775
180.976
0.443487
263.276
461.709
286.344
423.987
174.562
368.594
257.366
461.337
207.455
105.154
158.022
415.197
32.9164
461.651
461.659
373.746
320.936
449.79
233.245
138.416
310.186
29.0281
236.874
461.88
409.14
288.15
22.4343
289.106
44.2819
362.911
24.7687
1.32574
379.445
462.066
334.805
204.24
183.991
260.764
311.516
389.464
438.883
337.044
460.606
205.392
399.103
370.481
0.624859
404.372
215.965
462.377
462.309
455.328
395.662
180.142
330.647
194.261
140.149
165.491
0.332802
228.923
462.004
36.5685
77.5924
451.826
205.628
374.835
154.435
160.358
340.799
358.001
421.842
345.051
373.733
335.685
56.2384
255.617
132.036
196.791
279.501
302.207
244.629
345.721
278.631
141.212
265.631
344.738
162.772
453.562
361.572
267.855
266.751
287.701
412.483
310.513
49.3733
438.927
22.6108
32.5567
424.493
163.085
379.537
1.02153
341.025
248.078
184.336
185.761
38.4514
389.505
321.903
0.0791873
460.924
32.3932
461.197
232.267
88.6603
324.987
426.022
0.449353
1.78325
398.694
321.347
1.10996
90.7705
387.852
379.084
1.19166
423.414
314.856
313.365
459.16
307.958
123.654
78.7052
461.907
219.033
395.148
462.428
247.673
111.044
67.9969
286.076
51.9053
457.575
310.449
273.816
262.586
457.277
324.945
101.62
321.047
141.818
462.359
412.201
462.009
210.003
420.744
332.146
260.079
47.4472
119.275
229.474
286.062
152.062
128.802
334.244
236.843
298.465
112.655
190.121
363.132
245.439
109.79
401.395
123.946
95.0061
373.649
95.6498
234.086
458.789
184.79
209.932
452.317
262.34
201.196
288.822
462.033
241.497
0.317024
418.709
461.72
135.735
34.3302
258.998
13.2954
282.049
168.019
461.91
269.967
250.157
35.0614
346.828
153.204
219.748
261.531
308.865
384.921
408.365
363.326
392.475
395.5
423.317
83.7731
278.53
330.899
256.466
318.516
376.883
444.36
370.931
182.681
258.202
431.768
182.043
462.56
102.231
237.947
357.422
102.987
461.84
443.465
186.822
167.63
348.251
283.683
193.531
36.7643
0.452311
223.449
236.791
236.636
107.745
243.995
258.075
298.145
303.22
308.551
134.545
275.806
232.567
240.274
350.556
290.457
279.965
114.278
289.112
446.129
270.761
228.953
45.6253
254.342
167.75
0.492423
0.460318
0.458843
0.357014
264.537
206.235
217.928
234.966
461.58
171.217
343.285
338.891
428.46
7.10709
461.778
147.698
386.986
143.662
179.525
182.4
167.207
395.61
391.091
176.607
351.24
462.135
303.039
461.615
325.628
353.395
260.08
395.297
361.611
187.874
287.505
152.663
419.758
204.691
253.571
440.206
411.407
282.248
233.985
462.115
125.627
378.421
3.32505
301.292
312.488
19.159
79.3019
379.491
359.773
61.9537
461.997
184.361
175.819
0.784252
221.444
292.813
89.7764
12.3891
181.978
416.669
235.499
386.334
97.5248
462.484
11.3419
258.241
407.594
381.954
294.797
0.0996514
225.183
243.268
314.292
461.65
117.578
437.584
118.571
244.954
367.004
417.486
365.206
273.533
421.026
431.756
445.216
462.401
324.429
274.488
350.549
358.15
189.378
41.0011
0.156196
462.056
318.72
18.2992
211.429
453.657
143.738
437.766
270.413
373.278
457.335
286.841
307.573
434.983
16.506
270.36
71.47
296.182
322.284
62.3473
370.991
208.148
318.357
364.198
392.042
164.373
375.319
455.161
147.225
407.842
334.406
289.861
287.372
5.42677
103.326
359.26
302.282
461.573
148.162
117.166
134.885
308.91
461.112
200.377
137.983
112.258
76.2461
462.405
141.932
461.473
188.437
462.475
379.099
318.337
31.2896
61.516
95.072
78.3122
150.041
311.938
349.555
96.6178
406.437
0.432303
455.386
211.795
335.77
371.793
57.002
76.3869
311.288
76.1682
33.7524
92.1083
450.578
173.319
271.146
387.301
65.9968
233.083
462.153
227.654
379.823
319.578
69.9853
241.466
153.766
433.462
370.24
335.999
52.7653
227.281
52.8799
430.259
105.435
446.774
461.858
55.1135
318.381
253.213
212.966
41.2896
414.335
310.761
225.755
461.658
293.377
5.80272
276.269
325.125
23.1621
44.7398
312.095
11.6366
153.268
262.122
395.866
258.573
435.603
0.905438
251.976
220.886
195.297
296.265
204.435
234.596
126.5
87.6481
440.258
237.048
247.056
149.86
101.348
66.5376
82.9596
394.411
45.0382
375.13
309.236
461.344
235.62
187.81
437.408
461.774
462.586
392.892
162.935
343.461
351.678
264.062
0.845993
390.679
11.4258
461.796
462.498
12.3626
270.994
204.102
333.086
461.529
189.885
292.826
400.134
104.92
372.916
262.257
63.5418
113.566
441.316
191.991
268.229
232.488
229.633
66.6682
124.338
157.479
461.47
237.464
147.444
460.441
143.381
149.016
345.216
44.5851
305.718
462.411
242.134
0.871577
251.12
0.521288
347.314
184.886
461.793
394.489
462.367
276.871
258.741
462.203
462.022
388.761
462.001
302.387
358.05
155.711
83.2114
462.189
321.988
374.014
178.384
62.1014
112.796
231.898
462.277
188.647
308.807
462.422
402.413
105.141
245.262
89.6754
292.495
146.531
0.152762
90.3416
0.16513
232.873
236.57
459.439
323.408
196.967
0.299176
375.142
299.484
461.49
32.4747
79.5695
433.248
264.976
441.141
94.6852
411.044
343.076
350.29
52.7208
329.077
441.355
246.238
396.695
251.685
233.325
276.449
316.277
461.225
210.935
423.007
462.026
141.969
462.024
110.979
281.121
226.655
215.669
0.706557
390.129
277.495
244.938
155.366
333.022
320.634
0.70673
212.888
314.895
173.782
76.8388
0.726334
305.553
432.857
0.436093
307.455
282.58
268.434
57.0982
349.184
194.074
0.230371
108.379
331.141
36.6083
249.084
348.665
252.871
12.4623
303.997
5.70751
76.055
294.798
189.001
288.357
249.873
0.676957
297.123
0.46584
410.987
119.995
103.555
30.7804
277.315
408.766
190.642
276.283
268.496
49.4588
462.048
124.985
85.2593
345.483
317.961
210.935
461.724
13.5667
0.630329
412.877
315.645
351.937
461.94
407.968
306.857
6.7748
344.091
461.636
147.064
129.734
91.3282
427.425
416.251
196.695
312.331
381.344
232.598
461.249
313.417
102.902
445.069
246.401
433.273
443.819
255.506
272.866
0.35969
30.3089
461.684
114.032
298.604
125.025
374.589
84.3767
326.378
102.286
248.47
461.528
318.9
406.54
231.989
414.113
210.043
337.193
367.256
454.548
285.37
55.5763
328.907
389.319
306.739
0.698785
248.582
350.03
461.994
180.604
280.423
402.24
244.935
376.39
49.4508
0.500306
434.656
313.292
461.922
223.581
461.108
462.132
327.617
233.203
1.62463
353.862
438.574
146.97
461.856
14.1225
459.439
387.14
462.625
20.5623
219.764
82.502
247.782
462.68
461.74
462.061
74.4551
118.199
150.32
461.94
46.3563
459.673
238.155
421.068
397.47
254.131
300.074
462.317
355.276
196.53
27.3149
462.553
320.078
263.171
396.065
232.493
267.125
300.503
295.052
7.60169
316.174
194.21
370.537
273.856
219.856
215.532
442.727
399.538
364.214
92.1818
313.28
232.837
382.94
155.595
146.319
173.548
109.161
232.24
211.707
426.672
290.376
170.918
1.2787
0.436326
436.429
271.62
361.898
418.734
326.148
107.502
286.793
346.876
395.866
336.589
419.71
48.0803
98.6789
182.472
461.542
311.823
387.653
162.021
314.926
356.213
155.684
244.408
461.895
347.813
370.145
347.691
360.332
0.321086
387.155
454.447
104.488
442.532
405.346
256.89
417.293
242.998
346.88
395.65
105.643
0.295917
356.689
340.848
256.584
332.153
27.9085
327.553
3.69421
422.509
288.866
391.595
43.8663
236.881
129.391
438.262
0.216554
394.81
359.501
161.552
301.148
461.553
350.271
418.928
462.309
207.98
462.497
461.961
120.922
107.008
411.44
426.297
0.468989
115.422
110.396
299.773
92.0049
185.665
335.356
389.233
178.963
455.221
316.957
364.922
444.221
425.382
337.939
386.523
147.565
314.245
116.343
381.235
461.641
459.027
374.288
421.575
382.823
455.565
462.188
27.0615
149.747
265.824
433.496
0.107187
43.4587
0.517593
79.6868
458.641
121.77
365.242
250.039
450.359
387.957
236.134
0.348996
312.632
334.027
461.812
462.144
313.588
329.088
221.245
132.107
312.912
168.443
233.019
284.312
0.374511
246.812
327.719
311.293
288.831
79.9824
380.275
199.254
323.569
273.139
370.449
363.417
314.353
441.404
302.795
311.174
278.011
0.377514
202.747
412.985
290.884
107.062
409.237
308.532
234.397
460.82
182.482
369.268
460.726
425.171
81.4807
126.479
325.136
254.839
462.157
373.777
285.83
385.459
317.964
0.269544
340.84
0.382378
13.4599
10.4237
278.888
188.83
0.153637
239.183
79.1187
427.017
418.029
0.496506
264.346
87.2556
269.221
408.426
160.01
449.162
317.097
0.301636
69.0562
244.789
255.953
255.779
97.9114
426.223
0.369088
48.7945
316.864
334.112
106.222
183.523
227.811
246.955
272.414
250.228
76.8381
348.508
230.317
106.771
273.42
83.0996
197.527
330.445
460.719
241.721
274.772
214.705
435.359
353.6
408.629
328.272
328.81
11.1573
327.363
221.013
452.942
422.385
398.738
351.261
286.481
66.0814
61.2888
284.173
282.358
428.496
287.286
123.928
11.213
248.139
232.726
157.184
422.163
95.3988
0.0848052
197.48
329.959
462.73
0.0300307
433.949
208.148
78.7942
88.5026
462.038
462.159
302.376
420.262
259.697
349.37
244.079
1.03637
450.458
140.946
86.7848
445.008
250.627
374.392
197.667
296.811
461.773
151.87
212.002
462.075
351.494
461.881
12.6619
240.879
267.796
281.07
256.099
339.007
0.616023
462.407
104.473
438.055
462.166
423.448
249.859
345.222
310.483
252.923
105.503
86.6547
355.341
184.557
33.538
69.6154
462.15
462.011
462.022
342.352
223.547
382.783
459.674
319.517
369.909
332.5
302.787
252.35
451.802
313.68
354.615
70.5905
462.022
317.446
322.265
370.586
461.641
453.188
433.516
278.062
462.208
419.82
462.15
0.990386
204.476
124.907
337.404
235.788
462.249
462.328
345.105
462.094
75.0771
39.3959
125.443
382.104
168.606
454.721
109.899
0.266841
462.359
270.744
270.264
405.411
254.623
0.413088
431.729
244.955
447.691
154.263
145.141
52.7174
59.0117
162.86
0.975676
399.381
29.3936
253.568
20.7873
144.592
41.1238
288.496
360.702
105.651
462.229
213.345
112.61
56.0896
242.479
232.87
197.361
60.6928
156.47
369.838
413.035
413.792
461.967
202.017
322.16
462.229
301.8
134.5
0.182153
127.268
384.81
426.74
96.8509
386.772
55.0431
462.212
158.184
23.3616
11.8733
27.2348
28.1804
207.424
1.17508
419.961
165.859
462.086
-0.119145
442.443
404.389
107.233
462.357
119.151
413.48
14.6044
333.694
0.737567
99.7316
81.9723
244.97
292.603
233.326
188.253
345.817
157.145
459.836
71.2464
143.041
329.158
218.303
462.226
285.332
270.423
369.022
453.031
121.026
77.2556
180.551
209.81
325.44
0.562578
110.441
0.546716
111.937
92.0575
148.69
116.086
258.608
216.606
335.365
330.771
396.289
462.048
75.5474
94.2046
0.0538763
0.53192
0.814573
342.772
225.184
396.311
318.471
354.316
81.4787
334.508
461.77
400.328
265.513
234.452
94.9212
247.505
461.859
312.62
218.615
399.109
461.486
129.374
151.926
195.436
264.201
462.76
389.049
462.122
123.973
131.356
230.536
109.282
403.573
440.719
20.6136
461.637
7.97982
77.2293
358.095
408.195
131.082
208.26
254.062
275.827
325.22
286.654
380.673
199.96
117.202
1.9041
286.374
211.765
111.11
45.103
84.9148
67.2898
326.014
387.871
450.641
419.211
462.399
461.472
0.0288472
275.974
0.443394
193.513
338.83
409.077
208.201
100.769
462.134
366.292
226.208
80.324
388.204
375.579
397.091
247.779
410.361
323.84
212.311
462.351
273.523
460.539
266.768
364.083
166.775
374.792
387.088
23.9199
187.021
460.788
232.33
319.698
155.768
461.953
0.117009
409.143
217.24
188.834
120.995
57.5882
183.348
312.891
295.28
310.164
3.35118
435.731
236.204
0.143679
402.178
287.762
176.865
380.93
321.979
435.247
313.419
314.928
255.397
130.552
403.214
425.736
278.679
461.579
164.849
150.307
270.889
190.499
0.179629
461.926
452.911
0.0328918
460.976
112.917
332.959
298.143
86.9283
15.4804
379.32
306.793
372.961
0.55994
-0.409351
367.206
341.946
98.7719
158.488
222.871
461.516
0.387004
316.913
92.5815
429.424
41.9399
235.018
186.026
239.153
18.2448
441.024
389.285
41.1254
105.288
460.893
153.466
-0.0735905
40.4766
16.7017
460.2
67.4359
461.881
170.559
399.199
129.446
373.252
274.364
307.618
161.758
29.5375
303.265
308.107
139.14
19.3031
149.92
406.25
190.051
462.461
273.732
262.378
216.726
297.682
0.895566
0.234069
462.117
416.595
65.0823
17.5041
193.05
220.525
320.996
329.1
127.34
462.534
109.311
174.559
439.342
146.292
120.882
351.047
461.554
357.65
348.283
-0.356035
325.354
316.034
0.725961
217.184
265.385
251.499
235.063
194.476
181.852
455.279
189.119
306.924
461.263
278.039
459.112
341.012
397.484
7.32091
0.622528
232.098
3.91571
0.431135
208.31
67.0247
342.613
62.3387
205.663
449.203
57.9278
384.854
172.296
143.939
391.806
213.232
329.946
175.148
396.929
221.825
292.83
232.509
308.521
436.106
1.10898
331.675
126.94
447.277
324.227
260.181
403.652
232.485
194.876
363.122
462.406
0.604046
192.967
425.084
313.152
235.847
259.89
128.942
326.94
1.30014
390.535
462.226
315.085
220.982
317.167
197.163
293.952
368.496
201.015
416.908
225.796
455.423
261.227
134.563
415.95
305.043
323.118
367.345
446.116
39.2535
303.97
147.454
211.978
407.954
235.058
88.7301
282.468
374.343
405.489
98.0144
235.409
364.332
428.988
306.919
444.785
91.3879
242.835
97.8937
19.6048
453.939
462.648
95.4368
314.612
448.789
237.356
418.474
338.456
1.59644
299.206
340.759
398.258
318.075
93.8109
57.5373
385.412
456.475
360.465
439.649
461.882
244.454
224.256
7.13174
462.426
223.57
97.8513
251.511
309.601
132.084
316.432
192.279
154.081
462.536
232.661
44.5074
39.019
240.982
443.825
400.084
7.40638
406.12
0.672674
319.022
130.757
0.955917
289.501
429.268
0.581593
261.738
403.907
402.471
182.801
136.141
32.7617
324.687
399.863
375.904
244.047
462.219
332.771
122.981
200.703
344.309
11.9089
192.792
125.317
382.658
29.7851
132.791
0.402372
99.7182
146.318
132.208
248.67
356.348
172.952
321.665
259.831
447.492
246.018
378.75
174.295
215.388
219.986
285.316
460.94
437.934
45.9383
302.655
89.9856
2.85613
266.562
454.756
175.002
448.128
0.29788
313.589
462.089
309.278
393.619
259.629
462.197
376.548
232.674
126.049
450.461
213.376
274.854
450.054
268.345
370.989
259.657
278.996
461.736
293.653
274.832
356.789
146.184
314.009
25.6396
269.902
274.52
227.797
27.8917
329.145
462.159
237.473
348.314
395.471
122.561
312.465
289.082
315.855
150.452
444.674
117.899
139.766
319.3
208.215
462.431
49.8818
353.476
102.518
323.223
326.416
260.005
179.184
47.8923
165.877
300.534
460.916
405.017
238.622
148.494
389.145
234.369
321.696
95.0558
439.739
251.025
455.13
120.686
115.812
384.14
461.677
90.3697
447.708
368.845
371.995
10.9157
214.757
289.107
336.73
203.418
36.8758
283.1
65.4955
327.014
462.08
205.709
246.548
197.739
461.527
412.396
171.322
428.745
162.863
354.26
393.822
93.1328
5.04381
0.408712
450.485
450.809
232.986
224.632
0.325778
0.554468
172.093
264.88
424.841
0.531652
287.239
226.007
181.599
185.765
117.544
6.077
264.305
342.143
461.865
134.998
130.136
0.3368
462.68
172.262
190.376
361.504
108.578
323.479
184.351
378.474
286.463
0.7599
293.646
26.7
101.726
77.1658
462.284
35.4226
462.098
375.391
263.483
413.67
317.388
204.212
324.905
239.9
329.263
165.564
199.841
82.3707
446.098
100.637
197.884
276.079
434.841
240.457
162.659
109.278
98.6413
252.639
140.148
172.877
238.764
0.410418
383.912
51.2667
71.8901
349.615
181.321
392.459
297.297
461.738
95.4458
173.041
25.2976
266.616
290.742
417.776
395.392
366.053
124.659
213.58
347.691
238.036
143.795
35.7626
306.307
0.14355
351.992
242.835
248.408
393.132
328.055
300.355
122.158
432.732
303.306
462.43
437.051
99.5265
282.286
157.712
344.203
98.4005
446.549
169.802
430.699
460.434
341.949
461.253
391.535
285.022
148.149
233.414
308.06
343.678
0.9558
418.31
238.601
461.566
254.301
113.392
279.432
462.235
327.69
52.8345
413.236
194.921
112.049
71.354
462.45
358.827
462.311
67.5815
318.192
34.9117
353.208
78.1787
341.291
404.573
0.0627099
319.086
460.575
302.198
105.581
163.803
426.461
462.057
394.698
186.245
139.76
340.682
461.993
8.76453
294.433
259.252
38.3026
206.277
463.187
270.46
438.308
91.709
142.479
175.927
438.507
461.971
261.683
382.362
462.009
0.486697
248.574
462.177
243.342
461.897
418.348
62.8242
260.468
0.568455
0.133242
259.519
34.0673
346.525
164.056
130.702
461.769
343.062
379.342
154.726
284.483
344.283
235.142
262.972
437.635
0.0266761
315.84
192.099
177.623
303.16
293.023
323.746
48.9204
119.719
0.690912
346.554
412.177
392.913
348.463
300.668
307.151
273.585
382.319
0.0611607
442.364
105.325
117.959
462.155
287.824
312.049
107.174
210.067
416.02
40.6982
176.553
216.937
0.578713
356.183
461.602
145.778
283.061
308.058
344.978
26.5323
159.8
64.0117
335.018
364.279
327.29
102.778
232.758
201.399
195.028
0.26627
462.307
377.338
143.35
427.513
427.295
431.813
409.456
370.002
403.38
76.5205
323.619
134.717
462.425
414.785
152.13
60.7875
188.912
447.43
462.126
64.1586
339.912
462.292
170.694
288.162
73.4221
446.291
232.232
462.913
3.09494
28.7799
33.6372
94.6526
462.276
172.769
462.113
431.352
145.466
403.912
391.53
462.28
280.418
2.39023
215.675
295.367
423.954
406.963
301.768
7.4154
305.325
158.921
193.773
125.63
33.9195
406.346
185.837
348.094
374.39
129.048
454.132
138.832
408.658
354.908
126.148
328.383
34.9822
4.06735
428.958
342.035
100.545
152.94
193.124
462.452
68.5293
375.696
139.877
419.422
1.67775
435.815
117.493
139.169
0.235424
296.227
458.998
248.491
461.653
436.205
7.30724
115.739
47.1259
127.381
300.965
93.5844
336.209
160.474
96.8023
404.556
385.114
462.849
210.557
338.14
462.269
331.67
-0.164613
255.828
1.05985
363.76
215.742
38.6647
402.592
41.6794
275.594
346.367
391.269
302.165
302.784
393.136
186.647
462.977
353.375
441.963
376.632
393.697
300.591
94.5695
1.13567
345.395
355.779
56.0138
350.01
175.539
360.698
48.8497
286.585
397.494
462.012
425.538
440.194
245.377
129.351
198.439
145.273
161.364
237.491
285.492
157.855
114.834
462.393
461.802
197.159
462.416
16.7657
433.703
9.72912
461.106
423.856
121.29
233.592
49.8306
459.944
1.43309
367.623
157.917
0.41165
38.996
393.611
454.351
165.882
209.84
462.114
441.449
207.915
242.173
441.816
195.197
386.494
392.453
320.776
82.2745
461.69
423.257
321.325
221.338
430.849
0.411814
459.104
141.556
341.46
292.834
280.97
460.867
252.266
305.488
10.1708
236.717
407.295
0.547892
384.53
410.462
222.002
351.368
64.9673
462.296
397.497
409.163
392.61
379.284
253.84
0.756929
58.7608
454.668
199.883
125.826
395.689
238.34
247.313
179.353
355.057
102.168
288.431
350.444
102.388
14.3841
319.267
269.659
454.026
462.243
261.322
314.237
432.138
1.245
399.08
462.292
0.661006
312.525
330.636
111.107
189.12
84.1839
462.135
52.0831
330.153
421.713
462.121
176.506
152.089
2.29858
75.0668
274.506
0.566112
84.7368
327.447
332.212
461.34
391.999
372.6
242.718
384.813
0.0227867
0.86169
449.93
398.817
434.376
461.621
132.619
323.138
214.402
227.82
379.985
428.031
451.192
461.656
185.579
413.246
462.512
182.428
56.5027
72.2094
160.085
244.882
324.943
11.4334
331.431
363.562
461.891
157.518
363.1
87.9652
0.106403
-0.271156
0.866886
461.778
221.774
212.532
298.999
80.3273
232.538
80.3708
321.047
439.29
352.065
462.648
279.425
94.3281
302.378
432.528
46.8497
388.641
83.8163
375.479
388.301
385.931
280.831
0.498788
309.769
376.243
7.6069
204.688
275.384
107.709
462.146
277.535
107.919
157.559
233.416
116.286
462.278
449.73
438.642
279.742
310.709
292.867
305.495
272.398
101.58
404.094
438.91
163.497
0.279531
461.972
164.903
315.507
143.574
389.163
462.202
220.831
304.528
21.9577
175.422
25.7397
120.114
333.419
103.089
461.209
63.1281
285.184
275.775
351.592
378.094
382.623
16.8564
367.957
462.219
124.612
298.381
1.62112
126.967
186.167
461.944
270.351
58.6678
416.435
19.7841
86.044
399.147
270.013
141.598
399.203
136.655
251.442
111.314
386.72
7.11638
252.416
320.688
185.07
165.773
4.92327
349.723
398.209
113.373
15.5303
358.609
135.143
234.469
428.193
350.358
353.081
106.886
415.917
437.83
366.371
68.1282
327.038
152.958
296.748
368.016
462.006
181.572
422.647
436.932
385.301
462.559
147.374
266.934
39.0249
246.428
87.3645
351.531
0.635864
457.502
263.909
350.481
278.8
89.6807
458.252
342.858
69.9515
281.491
65.3134
354.319
0.493554
461.46
229.807
107.704
451.291
296.35
0.175012
198.378
269.412
194.502
245.657
292.882
277.843
438.313
201.43
343.626
74.4912
461.183
461.415
163.239
118.555
64.5953
48.4616
462.386
461.804
346.521
39.045
192.29
0.428577
50.7457
193.788
230.347
408.957
330.72
320.66
382.457
462.064
462.15
365.301
290.573
416.969
173.887
343.829
289.429
243.492
462.159
337.847
370.203
12.968
40.8781
131.667
190.469
180.684
424.529
227.925
365.549
0.855181
130.505
233.206
162.66
332.633
35.0141
461.623
379.538
1.84183
462.465
74.8441
401.338
372.598
312.404
227.706
335.008
388.92
325.593
12.8903
401.791
240.173
148.679
282.186
348.003
461.631
303.333
41.8768
301.515
10.7195
214.227
109.834
361.364
422.943
359.841
311.043
311.881
462.204
8.29711
114.651
222.279
75.8136
351.67
292.698
225.496
0.362776
65.4497
390.433
443.337
68.3123
261.848
249.046
116.87
100.158
374.52
277.388
244.672
194.279
440.88
373.569
0.418967
36.1939
462.152
422.77
310.856
323.025
90.4267
152.632
279.123
89.5188
47.0179
329.013
397.797
3.90488
257.769
311.675
461.989
393.978
156.608
264.676
326.918
70.1374
398.905
462.109
265.54
234.404
0.76489
146.784
278.276
253.477
191.309
463.046
335.123
137.976
62.5876
56.1179
224.822
106.749
419.194
44.9291
84.5048
225.323
30.0099
285.576
200.018
457.424
454.889
390.06
144.335
462.404
150.946
202.488
339.493
452.728
140.732
130.593
1.20936
0.362994
61.9786
331.445
462.489
323.828
54.156
359.814
462.189
242.424
337.202
229.164
260.139
1.29899
229.393
420.354
77.9617
385.53
115.962
101.052
326.451
181.804
0.702895
199.019
354.565
8.92344
350.608
233.23
0.456583
302.336
440.736
272.062
0.418852
255.022
462.415
409.341
119.286
110.322
82.7452
461.766
462.082
287.728
205.741
130.144
388.156
0.4297
164.072
67.4421
209.735
248.718
461.719
333.814
134.735
408.372
462.365
406.531
331.372
461.853
453.445
290.116
430.865
232.186
459.198
461.909
429.676
394.971
415.012
26.8681
384.098
260.818
462.662
132.825
136.026
393.435
177.425
24.9222
0.590188
188.284
-0.0635894
0.342272
240.205
38.872
462.028
416.588
382.373
96.2553
133.631
232.573
268.173
278.458
461.705
205.751
359.409
0.968604
205.59
241.403
461.601
197.362
295.243
285.953
352.218
413.854
263.076
15.2106
276.059
462.211
399.968
461.49
415.602
431.924
90.3946
124.184
373.821
263.427
461.908
138.133
72.8905
356.696
135.515
28.9505
91.2395
173.501
78.5842
103.388
206.781
315.415
357.343
51.9456
374.479
161.805
431.612
288.893
446.566
281.955
237.612
408.315
439.888
211.921
376.427
303.204
434.63
448.411
366.966
373.803
462
409.814
123.851
10.5751
462.167
189.227
0.53556
41.2227
216.218
462.631
272.079
0.266304
86.6082
395.093
1.41618
286.23
213.445
58.2969
166.23
377.406
0.583629
334.049
462.132
324.072
183.216
462.536
73.4768
232.811
368.434
449.945
290.19
400.248
86.349
461.357
462.447
462.493
0.335296
459.146
247.366
0.132421
255.853
187.858
368.75
251.905
460.056
175.634
221.258
107.302
114.31
334.733
69.4733
313.494
244.199
245.752
461.67
218.935
99.6979
378.476
322.668
256.867
0.414445
133.278
264.125
458.223
200.864
444.233
16.5733
104.076
97.3494
376.108
57.2848
400.836
429.272
225.472
286.302
460.953
55.2499
212.989
462.153
248.75
301.284
91.0713
56.2871
441.442
200.184
258.487
380.586
462.378
460.936
283.816
167.329
460.957
307.465
234.824
171.055
247.549
88.8208
329.795
0.079228
462.138
462.151
121.737
414.606
462.561
193.475
168.505
462.035
461.872
361.936
461.316
96.0737
339.566
0.495389
174.103
103.764
455.325
0.50012
461.163
462.054
409.596
182.321
218.725
462.156
453.915
452.058
1.08712
25.5522
445.2
292.04
461.916
258.147
209.614
0.798411
113.845
462.319
0.526078
433.118
199.097
462.003
293.598
169.613
401.317
462.467
375.905
403.848
240.856
377.754
462.297
245.002
404.132
271.586
426.188
333.699
0.16972
208.024
134.322
294.867
461.946
462.076
0.0772951
374.467
380.479
280.972
400.52
376.98
229.742
350.122
454.76
461.77
7.07927
261.755
42.3548
89.1215
46.3839
332.815
461.702
307.873
242.316
272.346
461.978
399.154
178.643
462.516
211.817
413.471
107.359
128.06
20.071
0.22131
10.8357
380.268
0.430994
296.349
462.079
137.028
131.352
237.278
170.13
274.353
281.214
242.466
51.3435
351.976
282.577
0.729515
361.789
0.985792
235.417
400.144
413.617
422.324
200.699
165.577
345.673
289.84
183.546
319.087
309.175
204.513
372.841
61.7245
329.607
6.30165
221.063
389.516
408.058
317.754
341.357
103.36
236.669
274.198
424.485
380.066
310.065
361.026
354.469
461.556
461.135
23.0662
352.704
343.413
344.689
256.236
75.9243
398.623
2.89643
381.974
461.926
462.308
300.137
256.501
99.0913
344.638
14.341
38.0936
0.431905
299.592
331.525
338.373
271.573
251.053
229.955
461.563
176.471
259.023
62.5224
369.368
104.554
247.996
438.728
311.88
39.9311
112.449
136.239
459.651
224.79
462.904
393.807
397.552
215.543
390.57
396.241
400.4
88.7023
461.666
109.822
0.434103
342.901
461.601
409.052
265.246
405.267
129.924
381.163
293.346
462.237
285.884
286.944
84.9242
43.2772
408.242
367.397
460.541
246.352
290.822
62.6465
1.13216
462.282
330.255
301.436
54.23
76.1191
147.973
462.133
242.646
461.598
82.0337
407.08
249.576
0.339779
378.094
448.148
348.47
12.7881
354.675
322.369
265.786
143.355
234.655
358.257
247.541
90.7834
0.106331
237.549
55.7295
383.266
237.335
232.526
331.181
212.127
461.829
462.308
161.041
320.836
423.477
239.975
398.543
1.51204
388.752
349.59
338.146
338.424
462.265
314.041
44.4094
384.15
321.711
232.859
365.554
338.432
196.779
204.937
269.055
236.337
415.963
272.625
462.862
0.423385
459.258
345.695
220.902
245.573
426.186
462.572
273.563
107.062
93.9266
0.217507
248.654
252.871
368.269
405.689
462.034
361.688
87.1899
401.47
253.169
212.37
0.350932
328.857
418.176
462.769
99.6196
299.887
133.107
112.46
41.5611
461.531
360.341
32.6622
259.543
221.345
357.946
255.629
184.519
430.778
435.13
354.503
145.783
349.743
458.032
44.386
306.094
179.828
369.316
4.11244
143.418
78.1873
462.214
370.443
168.757
38.2194
451.076
285.999
295.079
450.641
139.417
63.9823
0.0803337
320.441
307.741
435.089
316.098
122.967
115.112
300.36
462.364
119.977
462.039
257.407
315.049
288.87
225.514
322.642
193.926
108.235
295.274
174.556
384.951
334.817
54.6659
242.98
252.732
243.961
99.6901
417.43
168.541
86.5877
0.516284
153.445
461.961
161.018
0.522915
101.019
270.279
79.3173
120.349
360.721
227.25
-0.000928581
282.269
454.681
106.96
0.731838
295.654
113.301
329.908
150.202
437.779
2.65083
360.306
235.094
293.479
95.4638
300.945
302.432
347.863
462.231
462.081
136.113
364.346
260.823
75.8329
70.355
460.596
462.384
173.195
155.714
0.430804
349.392
292.991
342.21
138.876
186.107
427.314
349.055
234.433
457.426
121.519
109.291
265.145
329.785
481.637
379.646
156.287
443.574
245.956
120.357
340.625
463.984
310.624
462.023
159.915
236.096
462.172
357.674
269.147
462.045
234.912
291.484
392.415
331.624
132.765
244.651
168.809
347.707
388.372
416.453
405.942
396.375
323.025
461.794
428.909
136.272
214.108
344.301
408.448
461.742
223.229
52.8022
285.47
100.673
412.954
307.578
329.25
42.1529
319.805
80.0881
140.761
285.262
351.35
158.394
0.432291
131.149
309.57
197.873
0.538362
459.292
34.3057
237.066
171.911
405.964
73.6985
378.791
399.041
366.031
293.258
345.991
390.231
303.699
75.6049
2.95464
291.403
140.702
358.319
285.313
192.221
427.993
327.442
190.751
361.633
462.381
86.1113
343.518
462.079
127.177
263.494
0.423176
345.642
258.459
403.979
121.449
176.74
462.312
0.0941193
463.845
73.4499
245.13
460.081
0.717673
198.794
329.191
462.193
150.965
172.968
157.473
383.27
13.8916
461.59
13.4103
372.186
0.986696
222.832
129.77
188.448
429.284
78.5212
0.438543
222.337
136.406
338.633
155.488
0.366065
343.197
100.529
323.77
462.009
339.233
200.334
236.432
358.113
238.539
221.594
462.413
270.819
256.792
366.678
159.175
399.298
170.724
377.221
373.174
192.55
246.964
75.7892
391.337
302.131
253.561
57.3389
183.366
301.795
377.926
-0.14063
380.589
355.288
441.237
430.589
406.185
160.572
128.969
353.538
19.3651
386.804
0.0345816
238.312
364.073
33.0663
313
376.721
234.155
194.658
224.2
233.498
318.789
194.684
251.21
359.738
383.841
462.207
428.601
297.283
461.725
103.556
7.65181
267.877
0.631744
208.887
354.731
382.984
52.0164
130.288
388.848
462.023
461.723
142.138
444.339
462.044
113.252
344.943
145.966
334.448
240.838
6.29739
292.091
389.794
341.163
13.5368
35.2275
459.577
175.995
288.48
457.445
129.565
184.965
232.778
141.133
0.969085
462.073
119.713
31.1012
383.97
225.815
461.006
352.757
410.341
21.2867
303.057
75.0723
443.878
84.4625
327.091
304.094
181.819
435.485
42.4239
222.181
461.985
133.644
246.451
430.057
111.17
0.844928
445.576
240.506
462.037
461.578
283.589
454.39
50.4383
9.36383
272.639
241.603
0.987388
462.09
444.384
271.227
331.69
462.493
2.21693
297.574
216.25
215.697
52.1817
221.524
354.136
268.837
337.767
315.642
437.798
221.569
174.193
161.52
292.865
238.428
462.366
461.727
15.5701
418.811
461.876
346.409
365.215
6.42414
10.5445
238.102
462.734
247.743
389.674
75.7694
285.57
162.343
160.672
79.1206
1.3746
306.724
53.2845
462.384
1.18802
461.973
206.156
317.93
155.996
139.823
253.894
349.713
38.1778
5.29155
1.03087
365.435
429.229
29.5213
233.254
0.642071
15.1566
179.94
462.54
312.006
401.402
178.4
85.8741
132.966
461.126
282.246
311.255
256.328
124.045
310.164
120.782
55.939
462.516
239.424
327.297
408.88
45.4043
375.775
220.833
389.736
28.598
8.78612
19.8063
109.99
211.358
96.5354
385.952
461.649
341.248
307.54
426.551
343.607
105.125
176.719
158.873
55.1538
276.248
449.795
44.472
417.728
122.306
261.128
68.8323
346.695
100.67
134.666
300.132
462.034
226.576
173.238
207.722
391.208
317.626
445.435
366.487
97.2464
287.584
134.512
239.137
299.386
461.251
247.777
0.401563
162.823
321.636
461.047
202.985
82.7865
146.309
93.4358
62.9228
206.492
442.879
216.805
325.905
205.444
440.572
113.089
230.415
307.996
172.498
393.446
462.052
365.487
0.24438
362.924
323.43
368.956
162.057
374.217
238.103
237.726
411.15
449.368
1.5258
461.741
462.115
268.472
4.71464
395.231
439.897
96.183
403.919
374.151
140.107
177.171
319.974
443.158
462.16
142.318
267.878
315.696
177.703
143.392
231.123
311.618
361.615
0.38093
345.491
196.643
147.879
133.879
268.798
123.7
347.697
197.168
264.175
194.17
241.232
162.223
35.8468
132.153
462.328
405.733
333.969
404.821
0.622086
417.373
72.6085
432.058
429.747
1.43005
409.886
33.0503
393.701
301.24
420.623
284.382
340.381
434.829
0.729326
154.01
342.18
413.146
126.335
175.999
431.294
190.319
385.209
315.03
240.111
47.0976
30.0098
437.652
327.256
385.279
458.046
170.411
405.274
113.992
168.067
174.567
82.0076
246.634
156.572
447.764
346.418
109.019
146.56
0.0147609
304.181
117.944
192.03
462.366
385.103
461.794
313.423
269.075
307.958
393.33
220.68
333.667
60.2203
103.269
183.857
277.476
208.53
173.678
342.693
276.429
86.6982
320.862
263.308
462.199
392.715
135.295
290.199
259.437
282.822
180.03
156.274
276.206
40.0066
425.024
432.241
442.023
265.962
334.896
0.290843
227.856
55.6728
240.765
461.935
208.469
131.035
0.239778
394.297
456.21
327.633
110.569
365.991
254.249
112.715
453.473
350.471
461.74
109.782
83.6569
342.962
94.3518
232.286
392.834
234.178
462.206
168.933
77.8265
0.319647
388.008
407.987
318.163
19.6283
0.85017
266.383
357.388
403.231
329.317
283.222
404.112
0.144951
321.984
314.994
181.567
249.363
8.27892
206.859
210.424
69.5627
462.378
297.731
462.494
274.382
126.655
223.579
134.696
275.35
146.366
462.13
194.45
108.8
337.213
81.5196
353.177
134.693
173.719
331.579
430.684
284.127
384.85
34.7332
49.4482
462.068
440.492
461.644
169.79
429.931
99.781
462.27
95.4604
388.286
36.121
159.722
124.206
302.026
94.9368
316.302
61.7142
364.567
453.339
105.975
168.962
410.332
329.902
311.96
448.219
425.378
349.601
372.058
244.037
409.577
416.448
377.131
336.97
381.072
58.376
371.427
328.718
21.4616
341.202
155.878
162.252
300.207
239.229
255.347
153.552
90.5181
323.429
303.368
463.363
462.077
202.244
286.066
112.768
255.189
310.892
462.483
0.445732
394.444
316.67
462
0.28222
235.879
243.663
241.296
244.894
461.578
78.978
462.11
393.398
309.818
462.177
155.756
432.561
423.127
0.312168
360.6
461.297
311.457
51.9872
359.434
0.235395
462.041
0.446892
170.913
259.25
253.809
326.748
140.33
273.35
239.23
460.992
0.200197
376.932
303.536
111.996
332.892
174.362
381.825
448.186
443.008
121.617
400.101
305.624
199.817
447.74
138.928
212.646
25.5047
101.059
2.96495
462.197
410.387
357.337
99.0434
462.259
450.258
387.224
419.344
397.095
207.051
33.3939
460.056
462.302
356.756
65.8303
461.615
158.589
310.276
59.8357
461.941
113.719
255.425
168.484
151.95
129.847
173.505
162.808
70.0727
342.42
241.273
462.431
355.881
150.632
369.573
112.472
31.8339
20.9131
355.249
141.421
296.546
337.814
334.811
379.303
286.961
278.497
348.048
257.318
461.938
257.993
0.753057
409.797
462.537
1.00374
341.846
26.3484
462.538
281.187
44.2454
123.225
240.336
158.322
194.479
342.226
261.028
262.1
58.2
413.257
118.553
238.799
226.171
277.99
432.016
424.061
224.709
183.578
286.873
12.7666
206.139
0.675352
134.012
32.9162
339.631
461.847
197.427
117.611
196.268
254.342
351.274
101.109
345.612
78.3966
461.664
458.029
243.956
416.428
461.54
178.245
218.767
243.53
414.145
122.016
190.934
0.66171
54.4607
138.637
298.9
158.793
422.931
92.0096
289.572
344.275
319.151
258.211
409.941
147.421
341.01
226.586
272.941
6.26779
258.755
97.5278
211.037
446.33
392.047
91.347
441.534
206.704
381.961
111.79
0.613219
457.003
239.457
399.702
0.334371
213.627
0.761405
161.566
374.35
192.89
433.16
462.313
69.2202
292.468
340.123
462.311
251.338
266.57
144.852
416.309
462.274
223.579
198.735
447.716
41.219
95.8366
254.236
275.719
238.385
0.21875
142.758
381.837
445.25
247.444
54.1004
344.236
462
295.326
125.268
421.885
147.779
109.37
163.884
262.013
163.444
358.536
64.4348
0.496808
0.0750805
461.955
383.949
253.504
232.231
218.64
269.565
304.89
455.863
118.175
408.263
133.73
408.738
119.935
462.404
464.718
461.655
36.5912
397.71
256.887
248.292
411.167
143.719
289.839
38.9037
169.571
145.888
461.761
0.325189
304.643
461.629
51.1019
368.68
422.558
209.444
155.657
325.359
318.373
208.78
72.9156
327.15
339.193
0.310035
353.574
47.2589
259.661
356.209
378.116
392.307
462.179
338.678
332.754
250.758
27.0092
244.126
150.51
232.836
294.864
462.078
0.626533
95.7327
433.242
461.937
171.415
461.56
167.787
347.853
367.6
104.169
461.216
459.057
358.332
151.002
90.7731
188.163
458.135
147.621
462.202
280.962
444.93
441.452
437.131
219.317
280.045
297.723
0.550434
420.088
101.579
23.4931
320.212
0.287418
297.651
221.834
348.913
461.989
320.098
339.396
268.817
462.361
344.297
349.768
110.756
21.7615
448.009
250.105
460.894
259.74
240.781
349.437
220.795
127.756
458.302
427.075
462.359
444.285
360.767
207.195
276.877
160.281
282.042
288.094
441.5
315.915
339.345
149.754
368.757
154.366
252.277
462.224
454.688
462.833
0.492852
181.595
314.206
322.973
130.308
462.66
0.959523
47.3433
461.544
0.901318
299.535
190.328
26.8154
217.435
281.689
1.10487
462.049
253.331
462.258
101.466
292.751
462.357
186.037
330.12
41.5366
435.799
354.619
461.821
45.8138
205.921
236.088
263.928
163.166
266.579
253.125
451.362
161.524
204.147
369.899
387.143
230.178
256.143
-0.226931
301.667
114.492
419.28
117.251
462.022
37.6177
32.9323
218.843
152.137
462.138
161.682
462.031
113.761
171.165
376.635
183.453
351.833
254.053
462.479
462.431
0.539444
24.0991
278.217
377.263
432.682
0.151472
305.485
312.029
389.82
277.912
252.491
210.615
174.333
141.57
70.1669
418.086
444.203
133.613
202.645
77.037
267.883
217.582
414.042
249.041
309.951
350.09
93.9837
329.031
324.281
461.663
462.223
462.107
104.736
316.838
462.172
423.035
319.65
312.214
462.245
192.781
238.524
107.3
169.646
56.1146
461.266
343.709
288.602
387.364
247.985
54.8376
275.186
250.005
52.5611
72.1604
98.8821
371.688
462.241
182.096
444.454
304.135
63.1123
419.731
361.241
462.254
462.272
93.9009
100.185
367.124
0.932957
348.688
431.339
369.88
90.163
335.665
462.444
379.91
329.942
157.59
134.483
36.8564
461.605
163.363
250.276
315.954
302.057
294.348
462.26
195.2
190.701
212.266
260.441
0.409569
462.072
258.659
296.762
461.412
322.37
418.156
0.771217
151.59
0.405855
355.714
262.168
121.147
462.145
143.946
57.0527
392.8
331.891
46.1984
0.901923
287.264
255.929
397.589
402.347
89.3642
272.901
441.371
248.664
420.704
462.369
300.597
293.431
210.85
293.301
102.295
397.589
400.917
110.106
435.468
182.661
300.854
455.376
294.122
395.109
271.16
359.437
326.179
161.275
111.322
153.579
43.082
5.82975
22.478
0.79731
0.397322
178.104
445.116
184.923
0.3849
373.71
461.361
0.193773
414.972
392.629
375.886
218.712
331.287
334.565
227.072
462.316
221.446
199.69
1.08032
397.253
356.852
182.349
261.99
462.269
147.252
1.54855
450.353
257.427
317.632
237.498
338.531
123.18
102.11
140.632
412.548
87.6324
350.067
1.01832
428.107
68.0349
190.939
380.532
137.03
72.1476
458.204
462.19
259.494
15.3064
371.195
202.811
380.898
327.173
368.712
118.255
239.897
247.844
351.432
170.87
131.382
0.315891
248.207
300.804
288.327
62.8379
295.778
454.582
446.56
149.596
59.2333
291.566
453.134
360.68
439.98
462.109
0.0986595
82.1456
243.475
4.73022
367.743
128.826
420.249
298.952
452.907
140.287
38.0629
377.398
384.456
302.892
206.575
385.405
47.4202
462.151
127.161
118.12
312.867
393.403
0.271183
43.6119
224.372
412.184
180.28
384.65
0.176902
95.0239
19.2291
302.069
343.395
160.14
244.155
355.939
322.925
123.103
348.808
371.539
297.241
57.1031
229.439
459.389
334.978
309.294
363.999
68.4082
124.244
319.094
429.109
0.422189
338.513
462.103
217.221
287.484
449.987
149.452
404.2
163.988
0.485796
415.677
332.753
421.761
0.478651
314.982
462.1
0.459373
258.625
174.403
338.344
139.959
80.0684
289.735
258.591
248.094
319.569
266.867
459.253
239.675
256.271
430.621
262.569
435.711
362.863
435.985
425.298
363.234
282.154
122.727
99.261
15.1802
159.558
25.9095
462.069
322.607
177.032
243.529
60.5941
0.523523
311.859
282.428
317.067
220.609
462.085
109.562
461.626
256.828
166.091
349.94
314.077
356.351
286.628
21.731
461.892
118.095
61.8174
208.233
129.393
235.726
436.073
462.323
111.85
0.731826
461.877
413.78
372.596
233.73
462.207
310.682
294.007
386.37
362.252
461.736
192.433
118.757
283.605
457.011
149.848
146.087
230.302
93.7458
412.425
402.208
210.235
305.37
116.003
303.93
271.306
371.44
456.956
283.194
156.502
457.747
359.308
429.415
452.083
51.0716
173.116
295.845
462.234
0.167755
305.928
279.875
377.658
201.633
452.078
0.336957
0.532683
70.3435
119.42
-0.00974428
272.766
420.357
81.4103
108.138
322.639
273.481
140.583
296.319
462.028
327.841
316.218
231.036
-0.465534
198.387
462.394
219.647
418.135
250.243
462.07
0.0838249
359.902
129.915
6.02727
442.779
115.316
392.52
325.895
39.3859
0.564682
0.240159
327.127
460.033
108.038
341.107
443.359
284.906
372.206
228.598
138.665
461.545
26.5516
263.564
371.501
455.278
43.5282
277.584
104.308
120.432
259.438
49.961
338.245
38.7288
50.9916
202.405
153.348
291.526
461.902
310.483
103.723
104.289
150.502
392.981
113.759
122.693
367.51
38.2185
0.139268
255.468
259.279
297.571
268.872
462.069
4.06731
461.793
246.903
461.51
320.489
278.748
54.7623
461.586
178.867
26.4706
53.8698
240.631
163.415
339.993
246.144
251.031
106.557
376.131
209.562
275.47
178.06
305.254
127.534
243.226
316.675
149.754
456.75
414.074
257.586
368.51
461.23
178.031
0.257369
229.546
462.062
60.0549
162.125
309.576
126.867
457.033
0.460953
105.42
136.823
368.279
38.1308
299.513
89.8458
314.973
232.776
97.4244
291.18
360.815
75.9411
67.1224
253.664
0.266039
163.468
352.67
415.39
32.0989
458.759
134.166
205.216
79.1412
301.042
234.992
417.353
0.688671
257.662
224.987
173.872
42.2303
295.769
462.614
0.534522
333.072
123.678
215.355
324.81
461.222
294.895
373.289
41.0209
462.46
72.1674
423.637
0.402559
385.971
306.676
217.667
411.178
276.526
344.762
361.811
282.634
233.332
399.052
211.32
49.9191
337.534
373.249
461.375
119.733
106.697
462.294
341.888
250.023
375.394
429.515
304.817
148.495
168.55
422.573
240.011
462.352
92.0179
462.262
136.68
0.703347
227.321
279.18
83.3761
418.832
369.37
156.282
135.118
5.6235
195.626
69.0898
364.604
230.343
144.841
0.695434
149.139
0.759814
241.004
311.373
461.604
460.136
461.275
337.349
462.394
438.149
10.1195
-0.0392791
305.314
92.0046
367.354
455.911
332.318
309.515
0.472531
264.725
5.43976
174.011
438.84
432.408
285.347
462.081
52.7848
369.409
0.446068
186.564
178.589
268.086
145.992
422.551
270.983
355.379
462.549
244.687
412.058
103.908
207.884
461.993
284.721
208.649
329.246
286.757
356
298.555
231.562
412.757
340.868
256.438
362.841
462.234
301.764
297.814
367.315
0.00872803
56.4172
172.837
4.53224
126.85
462.271
63.6827
201.85
358.609
393.434
347.901
0.31407
437.101
462.033
44.9262
59.978
285.659
358.417
176.544
0.157005
449.367
20.8023
1.30614
236.384
270.449
207.751
349.75
436.829
456.765
459.546
462.029
366.425
462.14
113.518
252.828
343.673
37.4428
0.969767
222.918
461.914
254.603
221.908
443.339
439.656
428.339
339.979
292.636
274.988
331.32
229.724
136.211
309.587
88.9097
70.1699
395.85
375.01
0.306313
228.071
338.926
363.348
461.795
371.892
201.821
114.265
230.319
462.177
462.354
367.437
462.805
293.304
461.969
461.731
209.497
221.383
299.829
341.463
223.243
199.266
313.089
423.527
434.248
8.2351
276.678
199.034
462.396
459.021
273.474
412.425
462.256
226.867
462.107
210.576
257.07
0.448062
1.02448
141.163
116.745
364.801
1.65033
-78.9525
197.136
384.087
310.806
113.771
40.7322
313.675
412.083
153.184
20.8208
183.329
250.302
323.492
319.362
6.77935
207.084
4.83824
410.664
336.817
204.739
298.709
388.776
302.425
-0.0202051
254.945
0.586394
462.043
319.777
462.207
293.751
306.966
0.323144
462.443
214.662
456.623
261.752
383.39
355.995
413.92
260.394
219.198
257.428
456.876
266.243
428.755
253.932
287.487
244.997
462.279
166.485
225.475
133.418
261.481
268.499
461.168
371.146
0.376315
298.282
209.171
76.9171
436.698
118.818
266.412
0.429308
417.601
462.062
444.843
196.867
21.8335
0.483428
28.1803
337.96
0.795629
0.534921
78.7047
10.556
344.713
461.658
50.3504
326.418
123.541
344.935
109.329
236.206
436.765
403.386
283.241
462.533
462.138
283.782
461.98
342.162
462.372
300.355
1.00754
285.219
460.078
131.959
273.662
0.392354
193.827
457.607
183.48
194.637
322.747
232.885
307.812
305.164
262.805
295.552
134.542
462.812
210.677
462.235
182.045
105.655
270.827
129.311
462.312
333.227
462.357
200.49
188.675
461.891
78.3348
233.019
448.514
60.4985
0.976263
217.665
390.058
461.563
224.164
336.229
318.093
232.639
461.164
448.719
384.218
301.957
354.527
0.736418
48.9624
272.39
461.622
307.278
379.03
319.932
0.618515
3.37198
0.53477
417.734
462.043
0.531393
270.701
341.076
354.354
462.122
272.644
461.68
137.348
235.838
462.547
419.591
292.65
462.198
374.134
323.097
197.348
216.23
341.1
253.71
105.716
230.424
342.349
377.711
47.7324
0.786947
96.1321
301.833
271.541
71.7615
266.402
420.743
321.415
394.056
388.362
15.3641
367.162
229.868
352.458
75.0745
126.046
359.304
460.798
184.842
432.877
376.126
405.376
204.359
354.887
161.993
0.395334
442.177
461.266
110.441
370.077
349.824
420.625
149.215
462.201
168.066
-0.0592086
182.532
347.793
461.905
392.992
232.951
461.906
347.653
333.371
334.669
443.136
461.871
300.249
436.346
28.8669
67.3114
66.8968
241.583
462.643
218.912
229.98
319.75
231.432
396.518
324.487
279.876
440.237
433.368
305.1
100.516
325.606
367.122
461.026
300.488
461.961
300.801
286.962
391.927
462.326
36.1342
147.283
126.113
120.507
117.277
203.43
343.355
314.171
220.845
223.801
237.763
439.364
362.056
3.72162
232.689
0.272003
314.049
462.342
5.39553
380.958
40.0415
162.515
461.447
0.351561
195.737
417.877
401.626
2.19262
307.396
383.053
389.726
0.368162
213.962
22.4583
211.469
276.177
360.482
224.321
462.136
329.129
273.412
271.485
461.768
461.773
199.035
411.661
461.673
390.022
239.769
352.746
199.078
104.305
462.307
437.754
459.408
359.128
459.457
310.189
458.089
239.38
359.332
198.857
359.269
355.853
254.903
246.213
387.099
267.958
313.499
55.8748
256.616
0.657013
255.5
417.779
460.787
336.467
261.171
0.0236206
422.904
0.236602
462.351
175.772
279.543
431.79
157.483
263.362
117.785
281.664
242.583
362.898
298.996
33.3214
243.952
294.71
390.356
44.6009
72.4269
313.792
34.3695
254.541
0.504539
141.658
201.184
0.938922
151.612
426.984
266.96
71.3675
340.899
401.847
322.678
462.438
103.071
78.3286
186.665
419.14
409.199
398.828
127.794
216.621
403.327
36.2088
104.983
383.691
461.981
386.919
219.19
186.825
350.572
450.331
313.448
375.5
232.868
329.817
83.682
280.289
147.794
262.525
360.222
286.436
243.074
42.8202
312.411
2.32756
220.75
234.763
169.575
122.801
385.611
215.858
98.656
429.753
462.02
452.951
330.01
12.8459
114.882
95.6162
462.222
332.917
350.838
461.147
461.586
329.227
120.343
263.11
277.584
111.739
70.7881
245.675
341.716
326.613
92.3478
462.211
359.324
347.332
4.01802
312.567
423.873
400.439
58.8707
377.6
109.188
462.152
159.79
328.262
415.469
447.467
462.211
323.356
462.332
22.4824
437.954
71.5803
282.911
398.577
312.963
354.283
462.157
439.996
324.481
0.312263
390.149
48.9844
69.132
462.059
172.84
229.104
82.5996
353.977
291.38
117.907
407.769
214.423
130.781
328.47
409.579
89.6637
371.011
51.8363
13.8336
313.61
41.1571
183.812
313.506
145.701
320.86
191.94
461.416
237.541
461.936
229.107
0.275347
0.796004
326.808
462.201
390.411
263.154
47.0128
0.539506
161.464
105.783
417.124
205.651
101.786
295.809
462.276
419.923
-0.208869
462.324
104.721
405.407
461.857
418.873
461.608
138.483
265.059
403.028
1.54173
65.1729
253.603
0.750335
359.215
1.58431
228.34
312.96
327.298
368.24
3.79452
20.5399
0.337692
198.748
454.345
186.231
14.1113
63.6357
263.46
352.476
57.8731
21.0157
0.263397
335.521
263.131
362.983
46.7282
264.966
277.056
160.962
298.157
281.091
358.751
111.128
289.917
0.609046
461.215
367.776
4.63794
463.353
462.004
370.545
454.254
404.165
462.349
179.119
462.006
72.4349
201.755
158.108
404.624
77.3944
373.211
205.156
455.174
310.709
120.847
192.058
302.52
9.86722
192.319
462.478
304.112
428.789
250.503
148.338
315.667
461.712
259.972
67.2042
352.628
129.983
273.462
153.194
300.547
370.588
348.845
297.87
31.0651
169.109
449.127
48.6533
387.58
57.001
408.723
291.966
394.496
0.252277
187.707
0.0942403
158.778
33.356
79.8057
374.34
164.986
67.8844
298.595
1.02409
251.12
143.05
462.344
391.108
131.605
0.694401
59.9046
157.076
0.238261
47.3231
336.441
334.736
179.798
350.087
289.671
379.707
376.862
246.602
158.596
456.056
137.364
62.3478
462.469
281.062
250.801
303.131
212.617
440.215
388.651
282.564
0.681165
-0.144806
462.102
366.138
90.6204
0.547248
229.967
378.353
409.96
285.667
241.328
460.515
392.475
121
13.7033
378.612
0.103966
445.508
239.669
38.4414
315.867
156.266
186.772
462.03
265.752
46.0688
462.362
194.906
287.744
374.41
32.5592
385.288
71.1673
461.584
397.625
61.2457
333.091
368.35
248.813
131.418
418.032
0.537785
238.723
206.935
182.262
462.258
334.013
247.698
313.159
78.6357
32.9924
434.695
84.2272
87.1494
459.8
293.632
380.351
2.5696
298.537
2.86948
374.049
0.538082
462.338
111.482
323.065
71.852
460.057
354.1
50.6613
192.294
0.753767
461.704
333.154
0.18732
462.032
78.3453
246.484
370.484
208.848
461.69
266.459
314.031
0.293152
461.435
181.554
36.2567
367.07
435.973
382.138
359.625
38.4905
171.325
29.978
0.623564
379.92
209.702
304.176
0.00374404
88.5139
229.996
211.194
280.962
435.59
438.235
263.189
157.934
155.807
410.457
380.565
399.956
153.72
462.47
0.68948
461.234
84.1164
297.776
195.34
302.482
462.008
54.2504
255.132
198.901
413.957
244.537
306.485
410.234
461.901
169.055
322.402
85.8316
461.673
406.616
284.272
359.754
238.237
296.312
321.912
462.221
232.544
298.979
146.502
232.313
0.702663
462.124
325.356
461.814
263.21
68.5336
98.2189
178.419
-0.0920062
376.003
0.378751
276.853
175.11
338.866
139.989
0.324572
151.591
314.106
414.699
457.829
462.135
134.407
462.15
462.599
270.849
39.8581
22.5526
249.914
0.341478
329.221
391.528
276.758
462.471
369.017
458.625
276.919
435.84
452.499
138.134
254.991
269.942
93.857
232.657
320.705
351.233
257.462
289.951
461.191
4.8158
200.256
215.01
19.7004
296.134
356.756
462.249
461.939
370.702
116.522
460.509
357.756
116.662
325.522
73.1974
122.341
0.167861
462.37
171.276
326.547
0.479308
1.76201
122.131
257.739
0.471474
417.435
116.792
286.835
138.027
144.072
271.079
117.592
265.964
0.910526
286.016
107.707
433.579
26.9263
383.57
161.668
385.088
190.3
84.9408
461.587
444.783
49.4118
319.435
421.664
392.594
7.99356
239.914
376.459
153.453
79.5895
145.715
246.975
239.196
129.818
462.184
63.0836
97.6039
318.41
380.571
358.795
425.384
462.296
436.803
250.335
0.303547
291.046
260.405
457.359
11.6804
299.157
18.5282
406.346
462.667
336.862
296.572
12.8882
262.501
196.502
232.522
273.169
348.202
204.828
372.839
367.882
14.8895
462.031
455.18
296.838
2.77061
462.307
93.9904
256.677
398.509
455.328
264.345
355.932
234.014
257.411
462.068
227.946
135.539
358.312
0.727931
455.161
319.628
41.773
368.309
419.661
349.028
115.776
22.9825
257.381
98.394
287.001
387.072
177.573
461.479
456.41
285.66
402.383
293.305
185.177
462.554
376.133
325.433
443.225
411.827
113.02
72.2879
461.951
185.286
462.049
0.339751
149.088
88.6938
317.792
28.739
382.448
102.036
257.796
34.5822
79.0506
175.88
329.957
173.065
108.99
89.4568
389.991
166.496
433.069
371.332
445.161
230.296
461.141
354.788
13.2293
431.387
190.37
293.883
336.593
0.662963
382.729
455.912
461.561
461.115
85.9192
339.325
389.318
0.316964
213.046
377.782
387.462
189.137
396.296
273.935
300.267
271.456
461.52
19.7195
29.7194
317.11
340.88
271.881
395.688
211.366
295.325
310.923
462.326
322.156
232.244
205.608
87.0608
220.209
245.07
461.69
462.28
462.293
447.56
272.602
8.87057
176.12
339
277.814
462.255
462.052
32.8355
412.607
416.19
198.705
175.212
9.87173
462.046
461.985
157.34
149.953
353.318
458.706
356.857
458.286
235.911
420.505
208.162
408.694
397.934
258.211
405.96
302.737
274.805
140.355
103.054
462.475
228.303
368.014
461.055
351.192
94.9588
462.26
229.465
-0.746606
137.412
266.193
23.8187
450.786
282.787
461.801
259.507
390.939
462.013
331.034
462.715
343.63
206.08
373.243
354.801
249.134
436.062
462.506
24.7261
220.829
56.1348
391.997
450.522
64.6043
295.403
133.192
241.353
40.8632
1.41864
330.297
393.121
461.652
303.007
217.056
375.023
100.599
119.001
237.327
214.857
12.8479
453.511
249.912
425.29
459.543
418.834
315.672
287.21
54.9979
29.9586
462.117
0.668169
213.48
228.629
30.9211
171.358
428.008
285.574
232.434
257.155
235.49
68.0644
384.82
122.39
240.14
333.815
245.247
461.352
222.139
401.579
46.7098
0.064789
222.872
318.272
428.059
404.491
461.204
300.136
292.681
408.397
148.838
150.336
354.085
0.214642
166.427
462.04
149.574
75.0949
242.905
446.696
458.846
1.53189
328.071
336.702
0.24658
325.095
460.724
462.067
229.049
179.974
0.236485
323.842
399.294
288.455
306.262
66.6217
421.713
147.053
444.529
417.407
-0.0787698
433.822
410.626
457.986
217.551
77.8528
76.7871
193.709
2.61476
315.078
366.172
320.059
238.021
117.001
159.729
248.151
288.456
405.356
310.036
125.101
229.595
456.122
461.817
5.23348
461.67
105.917
0.619779
462.363
226.302
409.534
258.788
461.787
372.565
158.84
291.769
387.375
367.825
461.929
461.275
453.744
287.499
311.884
168.795
353.368
462.064
162.2
146.08
319.488
325.844
120.348
422.788
254.674
175.961
315.844
94.1427
185.045
261.903
453.696
160.273
59.3421
412.399
287.538
89.3688
0.309784
191.79
461.656
95.8763
238.747
334.045
164.071
337.653
354.842
207.575
9.05972
-0.122855
461.04
179.907
0.645828
212.709
462.47
178.1
26.9187
123.801
5.97916
154.489
224.118
372.751
407.072
417.479
224.353
276.087
164.274
0.0981889
219.193
462.064
390.198
-0.102955
92.34
458.872
369.43
287.905
425.854
70.7271
78.6687
461.934
318.84
70.793
303.104
352.929
138.086
266.465
373.364
389.151
296.773
111.625
138.823
386.244
258.128
252.859
251.829
320.917
0.634934
460.041
250.026
379.812
232.421
202.527
390.861
399.353
292.272
111.638
364.029
327.99
394.327
95.0264
378.384
264.776
94.8517
0.388235
8.81618
275.201
203.379
291.377
0.731458
198.975
121.244
186.216
-0.0336415
244.789
394.581
459.56
429.073
459.067
241.694
315.337
309.322
38.7729
351.873
179.905
1.66974
461.159
232.31
364.429
50.9014
314.985
462.344
272.398
288.696
301.666
153.966
260.44
172.975
358.873
16.7491
387.439
462.182
326.558
422.116
422.924
257.143
174.225
456.095
0.311874
422.843
368.718
85.1494
355.274
212.053
227.195
239.592
239.032
16.751
80.7709
0.583851
251.255
43.7474
462.179
113.369
94.4226
212.468
392.225
326.032
461.912
239.807
462.134
212.557
220.079
403.256
300.108
224.543
189.708
408.182
131.475
461.545
317.61
390.563
462.256
43.0827
395.882
354.987
268.005
414.841
462.44
40.3137
208.807
382.769
242.849
364.13
350.227
84.8211
127.811
345.207
281.859
75.8893
55.1788
167.752
417.359
385.156
251.73
456.079
354.765
461.941
193.242
273.815
349.542
308.619
422.638
376.262
0.175164
300.263
323.396
93.6236
268.08
215.045
1.46893
143.403
316.452
311.565
455.446
124.653
20.3877
218.193
431.331
184.015
298.649
255.748
330.588
244.7
253.903
377.12
393.158
323.327
7.27481
141.22
359.343
412.08
462.152
462.017
407.295
0.581833
270.03
444.936
351.612
112.231
462.207
251.425
0.946867
16.2042
314.656
462.17
346.29
281.732
425.624
6.71792
302.558
412.792
333.738
284.967
345.403
0.519074
404.377
402.828
0.431263
164.631
423.476
75.8141
105.066
64.9183
462.205
462.071
218.726
257.678
145.024
180.499
309.3
0.348025
453.625
287.487
462.065
114.95
417.373
388.436
3.08178
117.694
445.809
93.7589
106.123
12.8456
340.896
141.71
65.2471
399.059
463.127
339.752
147.778
232.623
373.578
462.385
270.003
369.719
366.281
262.001
224.298
291.828
82.2133
207.325
367.951
462.036
76.5214
134.033
335.476
461.799
299.811
461.97
302.194
252.461
52.7565
461.552
211.935
80.7499
409.655
207.332
462.155
38.0185
404.797
461.99
25.7706
324.971
255.912
287.04
195.39
149.554
174.971
392.916
205.228
65.8086
317.049
71.1937
210.998
223.694
246.648
53.1872
270.677
319.849
0.921668
461.938
288.375
458.87
460.639
0.398446
251.806
93.6737
7.46048
82.2718
91.4306
293.995
118.678
387.287
367.931
0.437038
122.107
395.316
227.321
164.048
4.27581
209.647
0.151246
80.4012
221.946
416.632
233.833
139.997
458.222
39.3154
399.989
367.187
148.758
263.615
314.199
264.456
84.2251
0.446199
373.495
295.411
285.054
441.121
461.153
461.911
91.4492
84.0112
0.476966
134.039
461.134
457.825
236.012
349.317
110.022
338.67
5.01473
431.349
405.838
156.041
461.538
78.6047
139.463
160.105
234.998
361.437
267.269
114.73
462.101
395.718
439.703
153.768
227.797
362.477
462.321
187.227
141.761
462.134
370.206
340.799
462.094
403.129
289.956
161.338
141.719
53.7267
0.304593
334.681
0.101315
155.304
322.497
367.732
178.547
61.7231
370.379
225.337
148.17
218.089
304.831
462.37
462.422
307.571
40.2723
224.873
454.12
365.751
425.49
96.7627
461.914
302.523
378.118
106.26
423.613
140.794
399.939
430.232
264.783
322.958
314.107
317.333
454.559
336.833
322.458
138.84
461.643
0.205775
461.724
327.975
0.967552
461.235
436.175
394.98
201.71
383.039
75.5303
253.875
462.197
429.801
256.814
229.859
85.1306
444.734
0.0690084
252.708
95.5224
187.441
462.214
265.684
395.025
287.466
383.366
355.058
313.13
334.237
461.548
270.177
291.504
277.177
231.836
325.913
144.594
406.447
323.765
461.959
245.228
453.444
208.169
462.04
348.201
82.8049
462.473
462.86
458.616
4.64876
183.019
383.841
217.477
315.144
161.011
120.696
0.277931
178.889
208.14
199.883
116.49
1.50271
0.4373
263.886
311.2
418.478
262.492
330.504
165.326
142.487
0.204196
229.036
199.433
151.686
348.264
238.398
245.997
385.628
367.631
193.501
25.6526
0.379493
237.107
376.142
348.329
384.591
209.171
122.934
238.703
358.12
172.654
314.314
452.653
166.341
366.18
162.254
319.873
412.476
402.495
176.997
368.748
240.067
128.381
0.834634
245.72
307.816
153.924
360.966
155.151
173.178
122.341
421.768
276.438
361.684
362.042
378.194
139.506
219.159
352.868
301.4
423.324
0.9665
299.866
371.183
380.765
133.172
144.97
153.395
330.134
34.7661
462.493
461.657
166.612
345.695
327.261
336.875
402.148
57.6318
420.249
264.449
140.842
280.556
0.89813
285.307
451.713
256.592
124.16
324.196
160.436
133.599
462.393
125.953
303.797
163.309
233.988
195.533
222.971
375.764
214.307
398.681
0.0750248
203.669
317.201
173.283
187.348
461.569
185.929
460.915
302.611
461.695
170.406
304.297
462.123
7.29957
315.549
138.772
462.215
408.044
359.763
181.541
347.474
40.2276
424.166
105.132
128.084
336.14
124.783
354.409
289.755
386.754
249.932
201.213
170.357
232.594
321.425
44.6251
364.697
129.129
1.25341
156.992
395.021
276.593
70.5352
369.505
124.625
347.36
352.774
92.3792
268.123
146.834
222.198
317.801
27.5344
461.735
162.758
12.9859
189.846
61.6202
329.958
120.491
393.81
462.194
75.385
156.57
337.964
409.242
337.249
88.8023
44.7029
360.642
185.873
462.284
76.8491
376.1
403.372
119.868
218.325
358.979
154.232
384.713
292.375
60.0021
0.0502009
411.301
237.846
53.1379
0.341795
462.211
167.706
147.004
89.6096
28.2583
41.4638
274.551
263.758
446.74
284.861
210.048
254.937
233.97
72.9036
97.2654
201.135
86.9245
212.044
83.975
104.326
462.174
92.2433
155.595
151.838
297.244
262.506
329.343
403.515
28.9351
0.652787
9.51086
220.915
354.301
56.6357
437.988
205.43
399.183
37.5546
0.50418
224.659
462.061
0.266241
106.546
226.718
250.533
113.154
442.415
252.206
421.557
194.777
64.0656
462.269
462.449
335.492
7.03628
462.364
129.004
360.108
0.36517
93.9512
196.846
245.45
436.575
248.958
409.679
0.751768
286.673
104.221
330.294
133.3
93.5026
333.368
461.673
85.6355
75.5162
128.771
463.07
68.2422
268.285
462.38
317.971
152.855
361.018
365.505
462.158
348.085
72.8057
268.724
234.859
0.180319
447.669
84.0683
291.744
110.986
461.879
462.341
241.311
3.66926
423.143
236.517
462.331
254.574
272.546
93.0089
461.925
63.0764
271.706
163.614
314.266
411.898
336.667
121.457
9.54988
129.915
216.065
462.302
60.0535
236.61
403.313
89.4123
202.896
95.7314
315.755
434.678
280.365
152.506
364.17
155.325
135.22
421.024
320.928
462.149
90.1605
432.423
56.9908
340.661
462.22
13.5117
335.768
399.135
310.181
377.502
9.60006
461.658
364.226
174.154
273.879
337.236
462.099
29.1976
461.659
237.195
170.379
104.368
353.12
118.544
334.029
69.2813
377.149
37.5994
404.164
147.639
422.769
410.3
221.742
277.774
294.79
373.138
364.588
460.88
21.8861
43.4324
-1.61316
218.494
297.692
370.115
327.274
280.093
421.001
0.544953
135.493
225.762
422.042
399.381
4.39983
265.168
462.319
461.707
315.705
445.043
278.607
461.948
400.88
260.311
328.518
211.733
363.898
423.076
356.875
404.451
132.438
399.484
295.076
159.008
452.508
198.47
406.638
318.166
204.702
195.561
249.136
289.926
0.350866
460.493
71.0811
295.451
291.785
0.526498
0.800148
461.771
296.967
420.652
461.977
36.1807
456.124
225.474
353.052
167.825
405.906
395.398
302.119
101.827
133.5
0.410824
423.431
460.685
294.748
386.866
113.92
304.896
80.9585
247.801
2.59959
358.224
257.876
376.497
110.975
80.0461
232.711
63.0384
267.074
44.7273
462.153
128.915
316.183
275.34
15.7155
420.298
373.046
33.1131
43.8146
348.249
359.395
59.0395
462.44
152.427
143.441
220.202
1.16923
462.416
331.039
10.4531
462.386
0.549355
421.686
326.211
242.787
318.566
101.226
460.164
8.37737
49.5963
318.893
-0.0266815
16.8495
371.391
459.995
226.089
444.057
1.01093
232.377
333.214
324.716
357.494
407.069
121.747
259.238
297.745
215.357
462.725
131.574
14.1801
362.779
266.12
461.357
256.769
385.054
461.548
298.691
398.998
84.1457
162.15
396.707
461.696
0.14627
20.6692
208.243
114.623
451.928
95.548
0.158859
461.591
253.761
402.949
169.142
441.061
0.542362
217.121
415.835
462.372
162.104
253.815
80.2168
397.73
110.1
128.331
183.138
1.30038
461.955
54.6223
392.596
55.1133
385.881
232.68
401.605
52.9991
99.9744
337.888
390.421
462.204
150.086
418.573
103.7
212.268
17.1862
209.196
212.378
222.99
374.115
462.209
396.177
100.295
273.472
307.682
15.2657
273.068
295.093
435.969
336.807
383.763
344.262
0.553945
215.14
67.097
339.28
283.83
415.633
455.695
87.9971
298.276
394.308
458.348
130.242
326.999
441.99
109.139
118.171
462.473
298.264
462.537
46.2711
77.7783
462.436
156.212
213.473
325.139
329.217
333.663
296.444
413.226
461.628
172.453
237.622
83.8088
296.299
292.522
0.140761
18.832
50.7042
69.8307
261.012
204.083
175.373
297.44
0.387974
462.989
264.38
273.276
236.704
311.137
151.885
244.564
399.162
298.446
76.5275
130.404
461.943
0.0790787
0.0945062
219.515
98.5431
368.397
369.692
461.461
462.089
149.889
421.641
376.4
105.975
259.418
319.693
376.534
462.034
104.526
0.671416
39.4266
332.469
311.47
85.495
209.742
50.6302
0.484422
296.316
309.034
0.362434
427.479
351.788
389.742
316.059
171.645
175.021
0.226376
395.22
376.694
250.952
203.218
43.7417
318.568
416.884
82.2189
362.004
74.9427
394.963
402.186
224.356
439.6
275.939
181.078
28.5076
453.229
288.062
332.748
107.205
164.285
304.977
289.391
462.675
168.822
283.348
361.044
1.17336
177.661
283.466
302.992
344.71
216.131
400.212
462.332
427.529
338.663
156.12
323.323
296.365
225.813
421.609
425.63
458.512
462.389
343.49
462.152
1.56291
98.4827
461.928
242.308
462.093
461.58
132.46
370.516
270.548
142.294
230.464
237.83
363.714
461.92
89.6988
462.592
184.526
305.902
461.549
101.693
211.016
349.07
426.981
457.828
448.739
193.375
335.969
0.404099
366.835
433.164
365.552
365.087
461.702
228.267
453.792
248.328
293.378
461.759
322.599
393.066
228.08
202.379
238.385
111.54
462.094
72.087
444.993
191.489
185.168
206.455
363.431
395.302
331.482
100.867
254.976
211.917
324.913
74.5233
453.395
97.0756
273.832
336.639
25.1597
158.91
462.357
280.758
462.472
278.331
409.709
0.286278
125.595
456.913
109.826
331.067
51.6132
0.322478
0.383728
250.543
434.809
132.85
293.065
144.014
197.563
317.612
269.738
355.894
379.267
180.613
0.141318
1.46671
261.111
384.094
343.202
23.1864
416.626
87.4089
258.884
395.143
32.7451
118.371
412.29
376.707
75.6314
293.196
0.101292
307.81
257.964
279.677
18.4103
216.126
26.3178
221.404
11.761
239.199
240.433
172.711
87.4649
290.033
330.092
343.98
91.9472
231.425
136.273
368.188
120.619
114.949
114.129
134.308
135.594
197.025
407.666
0.18563
307.981
0.254177
219.639
435.91
232.988
461.829
53.33
201.541
240.085
44.7948
452.27
211.741
257.175
323.5
461.855
461.85
245.977
0.194832
191.33
315.01
341.692
371.523
337.538
74.0767
373.595
296.904
151.408
352.232
442.447
234.581
182.277
363.896
384.415
347.393
351.241
216.22
182.575
426.007
429.569
100.857
462.263
446.308
462.385
0.591627
277.675
255.215
297.742
201.352
251.084
334.259
276.02
253.129
462.199
264.385
328.146
364.018
0.514364
461.504
319.525
183.839
268.054
0.155581
36.1359
0.694427
120.736
350.163
300.084
441.51
449.547
31.7427
334.991
62.721
238.935
168.046
266.488
260.134
406.899
170.867
194.952
421.772
307.172
3.42131
462.246
462.381
331.118
462.11
417.784
433.572
103.961
171.168
489.967
315.132
461.907
0.745588
207.711
354.18
45.7198
422.792
461.777
138.856
346.455
462.378
330.028
158.768
462.468
97.8231
277.466
285.351
0.965267
199.259
0.940839
211.983
77.2624
0.291666
414.002
226.769
302.7
233.531
159.249
462.272
31.0741
0.223267
461.825
348.298
250.994
240.11
0.554509
435.583
337.583
461.799
110.835
305.834
305.021
312.874
263.138
462.064
347.081
187.839
108.781
435.267
436.152
18.8006
412.076
255.386
421.262
184.825
401.809
371.974
278.022
197.366
462.367
339.32
159.641
407.669
373.046
83.3873
323.231
265.392
461.785
-0.0260809
55.1476
461.581
308.371
0.26631
284.414
299.758
462.467
448.817
75.4032
165.285
125.299
97.8558
462.596
272.343
363.193
43.7332
304.559
279.397
443.94
125.017
93.1733
84.9527
420.725
55.903
240.831
256.384
55.8461
269.457
403.512
120.973
329.785
112.791
1.7057
205.798
384.165
374.95
441.49
461.601
462.221
462.058
462.103
462.199
63.9188
375.894
230.61
244.567
118.805
71.7949
146.336
289.688
431.814
415.228
90.9195
44.8134
105.398
305.586
386.103
461.468
462.269
114.382
103.698
433.283
27.2751
386.249
148.028
282.062
153.314
96.722
13.2608
125.343
303.289
171.514
349.311
388.961
328.959
166.389
398.977
326.433
414.75
55.684
464.585
199.162
109.391
0.551656
291.472
368.911
199.177
129.577
442.522
39.4768
193.633
278.615
331.395
267.497
296.837
460.603
297.526
0.159186
252.721
72.9861
395.022
400.845
177.268
319.326
291.277
462.117
351.291
382.928
-0.225535
38.3655
244.23
115.014
462.124
462.057
341.52
0.363053
385.816
200.172
285.732
399.592
11.7605
119.38
108.428
332.78
335.642
0.577763
340.79
60.3276
252.599
334.342
102.759
0.782727
15.7272
231.974
61.5729
276.756
462.255
23.7405
262.805
0.365477
313.95
419.462
402.751
317.133
461.682
232.703
295.06
95.0183
290.759
284.627
462.146
227.791
186.76
114.206
179.45
409.568
279.088
93.0501
372.798
333.467
182.627
128.231
210.931
51.2358
104.39
148.717
462.128
266.947
167.513
426.602
77.7221
357.427
307.354
221.511
381.434
349.868
8.07903
8.74871
378.36
228.256
427.849
288.488
222.282
221.943
402.426
289.671
145.321
343.787
0.587029
460.163
216.185
101.66
234.339
404.315
17.2899
461.835
461.787
452.94
337.453
424.532
450.456
54.2471
431.336
326.773
325.165
225.47
316.768
446.758
184.404
381.979
300.361
109.641
224.821
444.747
122.795
359.682
149.893
462.139
258.751
235.104
10.9045
29.0898
446.414
128.83
462.273
452.679
277.46
191.683
328.151
364.262
139.803
27.2167
0.714143
254.722
5.26308
299.196
62.4918
2.6131
278.516
447.286
428.603
75.3266
262.539
132.655
416.334
461.668
249.647
418.253
159.266
30.5347
239.285
271.045
433.543
143.138
186.887
238.209
173.222
145.988
299.397
214.091
0.312267
72.0204
462.208
354.1
205.482
195.948
361.334
269.445
217.8
290.429
307.133
462.307
140.911
168.137
462.473
262.345
462.123
50.4649
161.907
327.941
220.438
324.962
14.6603
73.3159
143.544
235.738
390.175
0.514302
448.666
444.628
339.669
89.1721
239.76
462.077
460.412
387.389
188.052
193.091
122.802
252.961
149.341
157.41
215.424
194.225
116.324
288.3
458.528
2.33722
64.285
455.319
114.087
50.6779
441.771
205.572
225.291
249.011
207.471
287.913
401.195
238.594
350.107
1.10708
107.615
179.366
391.442
255.281
461.571
430.279
389.721
53.2955
302.892
164.756
379.981
216.719
318.936
391.778
116.608
130.034
413.635
278.446
363.601
1.31025
326.87
99.2128
337.932
0.0482922
12.9578
345.114
288.09
288.685
461.68
214.735
404.831
412.262
231.974
420.388
311.69
193.457
453.741
296.494
376.925
207.703
146.689
126.222
113.316
131.325
461.833
274.46
71.4483
51.9901
313.33
232.349
232.52
444.606
342.075
34.0808
224.947
166.951
334.547
440.688
247.049
296.71
330.427
407.564
132.266
340.21
174.036
450.093
133.483
130.18
143.197
0.703768
462.284
267.128
45.559
227.098
461.582
160.363
36.0183
50.4025
214.74
61.113
209.975
184.76
423.681
0.205688
137.884
1.73251
331.296
360.385
349.683
429.705
462.159
282.554
41.2933
71.3591
0.312608
142.697
262.904
232.382
57.9019
185.972
418.29
362.968
232.65
359.327
273.078
277.848
0.681056
185.619
301.271
300.283
462.13
229.988
289.973
56.0239
166.304
157.827
184.108
49.8286
216.663
447.136
303.68
343.846
456.411
351.061
263.53
211.383
282.996
462.293
461.58
260.097
12.0801
44.408
232.399
331.03
398.132
368.895
255.215
232.543
276.446
352.464
62.3052
92.112
359.385
347.353
194.663
270.278
277.632
462.054
288.258
61.3265
243.686
3.88095
146.677
346.707
285.694
462.436
118.295
146.288
406.932
449.45
462.334
66.8892
433.606
267.257
0.720554
51.8288
238.246
455.232
309.422
372.902
308.498
1.73573
57.5205
237.905
0.653174
244.086
313.023
353.265
87.8444
233.824
117.073
325.995
455.092
163.431
-0.0834779
97.1252
462.465
362.813
299.781
399.056
31.3863
260.126
372.429
298.726
122.62
462.43
416.054
130.842
172.445
422.143
439.842
402.727
263.88
301.318
192.713
376.955
375.097
379.484
461.638
323.887
350.758
260.406
188.895
378.676
77.5927
0.0604853
225.75
334.106
72.1784
286.32
373.401
462.173
462.307
320.265
239.254
45.904
208.157
0.682129
461.623
189.408
94.5527
305.377
324.25
32.425
461.994
344.122
272.269
461.97
65.1684
295.29
164.399
190.83
462.034
161.002
260.476
462.383
393.973
402.839
448.472
172.466
326.673
128.193
395.469
461.879
317.108
17.8391
198.297
274.243
200.462
159.203
55.7988
462.207
6.58686
353.677
375.907
276.479
69.5512
263.474
226.866
445.115
307.191
166.192
90.0639
433.244
0.247056
58.2035
134.224
17.4534
411.858
462.414
343.111
220.873
0.946105
427.55
387.136
262.863
363.31
461.95
1.9992
462.211
360.321
301.737
285.773
373.833
391.047
20.2339
462.14
442.591
453.501
144.978
0.277661
328.991
189.835
234.716
299.372
225.427
433.398
399.643
252.505
376.974
112.203
406.501
233.726
204.807
267.607
356.915
11.5543
401.307
427.7
48.0475
142.3
288.77
17.9481
0.0327445
14.9992
70.8694
196.445
246.317
456.069
278.202
106.394
71.8728
462.041
185.199
245.557
205.595
354.53
370.468
344.565
448.946
330.884
462.103
104.923
399.441
462.72
349.407
361.573
291.488
15.7369
358.061
390.033
379.525
399.316
296.138
0.272376
414.33
227.025
462.393
0.605667
10.5703
458.378
86.4112
411.595
367.336
81.5846
31.1959
38.4883
461.932
180.089
263.445
392.928
295.773
306.441
151.005
375.409
343.862
169.201
340.946
461.946
68.2014
398.465
303.808
265.431
40.5305
391.21
391.778
352.234
381.011
346.434
230.157
461.512
389.46
193.392
462.261
460.735
461.76
332.834
129.707
353.5
159.011
291.014
170.379
334.122
393.943
277.731
103.279
306.085
270.002
326.316
100.361
145.99
458.461
384.975
115.934
181.39
103.498
184.908
147.642
368.954
401.606
203.687
238.035
264.453
265.801
0.846471
0.669034
427.175
156.726
303.25
132.438
255.708
462.037
269.691
386.486
374.113
345.632
230.36
462.326
447.12
251.362
427.467
150.884
217.364
236.113
462.05
193.572
462.211
461.988
0.600777
462.426
246.39
337.228
234.855
82.8191
430.099
462.123
335.174
461.263
375.275
462.22
0.426269
12.0644
0.971293
126.583
290.676
431.17
389.773
245.747
418.401
243.106
393.272
200.682
82.8871
310.201
341.136
156.082
256.855
347.101
248.247
433.727
173.096
374.214
149.265
261.022
13.1109
273.504
314.174
111.982
322.053
217.621
276.278
297.608
357.625
277.654
323.517
171.522
0.319794
309.977
421.519
454.562
118.602
28.0161
0.605566
196.506
0.419996
177.344
214.786
197.565
221.882
462.342
64.9559
97.7277
24.9933
459.529
182.719
212.471
170.673
462.132
33.1939
373.126
20.7439
266.476
402.048
444.444
238.024
293.673
131.565
275.835
210.718
340.713
368.073
244.8
239.808
462.22
429.505
461.616
229.388
365.576
401.179
391.05
220.387
210.268
123.739
462.336
368.412
192.808
370.814
310.431
344.627
375.95
462.295
386.926
354.908
59.8261
261.746
356.012
161.782
115.949
318.011
461.638
447.5
94.9855
306.574
364.648
338.4
0.339492
394.163
375.889
355.168
142.445
203.076
16.1946
369.399
462.493
229.17
77.3121
245.596
460.077
441.173
188.068
461.752
397.272
289.64
51.0653
196.047
424.421
390.718
346.767
321.863
307.782
1.92336
387.264
235.353
311.449
0.596244
198.203
-0.499981
131.38
0.236979
53.1728
327.805
186.389
274.912
327.935
237.671
330.077
246.455
462.083
367.188
141.219
441.263
102.972
459.52
63.4403
432.236
407.918
276.53
273.714
462.174
426.527
278.364
390.037
283.178
191.398
345.742
240.043
-0.248433
294.254
233.942
445.626
248.19
199.796
40.3143
14.093
107.758
388.36
227.481
341.125
313.148
234.184
424.702
156.899
123.78
324.227
188.595
319.239
338.677
266.297
74.3957
443.092
246.471
138.221
362.923
314.889
267.789
36.9084
408.847
162.206
234.442
427.61
462.713
152.646
34.1626
83.7735
114.686
392.233
227.984
210.987
206.197
99.3113
133.644
211.914
352.823
334.869
448.623
451.935
77.354
256.856
48.4233
462.449
461.563
335.218
158.233
462.234
208.716
396.243
323.68
258.969
78.0722
457.459
436.651
305.119
462.218
0.179189
376.412
111.844
132.165
414.918
0.0980786
89.8359
20.581
462.418
94.1692
178.69
462.236
16.7619
2.06355
10.7843
0.518881
403.102
279.306
323.036
266.451
299.627
454.981
462.355
421.447
334.953
292.763
91.8939
66.468
461.989
0.203282
396.683
0.669494
428.247
0.460909
42.8153
86.0908
134.898
311.646
251.146
-0.0466494
224.528
462.196
0.404892
318.779
218.244
0.943516
462.189
437.479
448.365
263.95
388.224
246.839
53.7636
280.43
229.328
445.502
229.854
268.741
340.39
-3.17038
0.513302
403.967
459.821
184.808
148.465
368.013
49.2137
433.043
340.065
380.861
215.333
373.856
244.907
227.699
364.21
326.828
58.6914
265.408
269.595
282.238
426.302
145.346
369.699
376.865
296.026
377.017
1.05757
127.076
298.132
269.179
-0.00736809
86.6742
6.81932
0.379923
101.73
14.9141
135.172
123.282
153.316
461.309
186.86
107.792
374.643
155.758
166.826
63.3824
276.086
137.336
286.871
0.657668
317.586
248.038
54.2104
367.924
395.164
64.3437
435.634
283.223
366.225
0.192248
462.357
336.897
0.876027
386.505
140.602
287.022
91.8075
449.823
318.069
285.052
229.523
416.14
230.521
238.408
40.624
252.23
343.353
232.717
188.663
31.5139
188.988
230.361
0.789978
10.9258
18.2123
74.7596
175.586
65.9391
163.673
87.7339
236.013
246.734
265.63
95.2652
356.917
461.638
0.222004
0.704095
361.211
461.83
352.903
308.582
360.641
463.209
419.107
462.358
270.022
298.821
198.074
158.789
225.118
251.884
53.8115
122.304
199.308
456.926
420.219
376.001
353.708
147.769
13.3504
416.469
96.7565
393.625
91.8144
150.969
367.431
88.9974
0.694822
430.156
300.679
161.402
384.686
0.115157
244.136
344.783
261.041
149.955
197.733
176.132
460.674
276.616
278.545
146.477
338.654
247.88
0.120034
75.0432
377.295
370.886
43.4193
418.503
228.657
232.428
248.513
84.051
430.03
424.929
223.602
392.48
414.314
0.511447
438.223
296.1
121.334
289.008
284.739
12.1441
290.645
247.997
126.487
312.461
79.0151
262.068
17.172
69.946
220.412
412.854
55.4643
86.2124
219.557
377.049
438.238
101.946
413.165
367.235
426.228
462.024
381.899
0.592459
327.094
462.299
281.762
73.5634
8.10823
291.303
92.7207
462.152
272.741
199.151
251.469
286.309
0.221491
413.316
341.514
262.605
336.238
393.656
402.264
271.177
364.081
358.71
462.151
28.5362
174.97
306.669
0.251638
462.833
397.793
454.023
192.311
270.338
460.519
375.998
154.701
80.5329
340.18
461.491
0.326558
307.901
136.445
1.46056
319.812
341.851
461.971
160.862
402.114
239.401
362.998
437.718
434.217
407.415
167.387
141.126
290.882
462.192
54.8955
432.493
282.242
68.5046
258.723
103.034
0.596925
275.781
269.508
445.012
303.991
211.308
154.489
146.305
458.549
386.166
392.975
461.704
160.989
372.087
326.074
392.394
334.176
426.02
377.498
160.593
403.217
358.904
319.041
51.0385
237.116
301.15
413.349
273.445
233.99
6.40417
207.343
461.924
329.704
29.4869
24.5805
461.648
363.283
22.1081
236.539
315.381
0.967847
290.392
0.485211
399.175
326.312
0.598861
384.111
359.634
302.244
0.00460976
247.614
132.58
241.24
369.86
437.851
104.117
348.022
336.471
384.816
462.092
447.425
326.29
0.686726
434.421
182.395
351.249
423.758
130.042
386.992
205.17
178.951
215.339
200.367
66.2683
404.351
131.788
132.16
0.493682
273.008
242.851
350.662
16.9334
239.128
217.602
409.794
168.438
217.511
78.1154
29.502
364.667
0.356478
258.41
131.176
329.413
0.538992
41.7029
307.121
176.38
163.293
66.8597
63.1863
305.523
96.0212
455.279
33.6715
234.826
121.575
157.581
449.644
335.79
274.469
324.172
300.703
221.277
143.32
409.668
322.844
427.64
0.201479
155.882
188.338
261.072
372.554
110.385
462.09
233.911
191.324
301.731
441.955
182.349
19.3074
135.052
62.0845
240.225
371.772
205.583
311.689
381.335
-0.240285
-0.0509562
336.105
105.564
293.518
0.204085
462.146
327.539
283.455
43.6891
291.163
167.084
269.633
392.595
437.75
212.267
186.683
289.267
107.873
236.319
404.019
0.344978
245.035
381.501
212.983
284.598
5.61533
71.4563
2.26222
144.451
11.5285
326.976
328.883
392.853
370.953
462.337
346.821
61.102
0.396156
79.773
302.662
172.717
462.898
9.16637
233.772
462.109
388.594
447.718
424.793
338.863
461.856
335.863
359.49
447.578
98.3051
458.769
461.643
308.505
177.948
346.473
123.172
352.922
46.0276
169.389
1.01975
48.1209
323.141
383.147
188.074
171.686
286.019
461.393
40.7833
370.885
217.402
323.581
335.079
384.184
310.05
415.327
461.199
240.899
297.943
92.7764
456.568
284.252
50.1806
376.001
67.5605
166.386
278.672
166.877
77.8209
13.1615
58.0352
410.095
372.848
34.4849
205.363
436.246
362.763
104.183
250.995
267.969
13.1372
370.245
110.286
175.661
460.467
21.8113
461.802
60.0553
455.644
7.58458
0.956255
380.612
436.179
370.799
217.398
310.993
232.522
300.367
223.796
160.078
420.234
0.519464
462.054
0.157261
461.07
350.265
296.456
118.162
303.393
166.483
227.002
323.797
329.482
0.711513
415.561
337.945
7.29606
223.368
96.5535
462.414
260.382
74.921
187.595
-0.0955229
252.776
166.619
77.6121
404.527
164.669
144.632
127.122
366.577
195.723
223.156
461.757
127.074
462.175
225.978
252.503
462.246
188.94
462.154
385.104
370.372
145.549
289.566
16.6292
61.0038
453.658
293.333
402.574
462.172
423.493
435.043
150.67
462.347
273.292
384.459
462.437
425.55
372.803
130.044
461.853
235.387
211.149
323.915
224.014
124.274
253.788
263.9
274.678
0.249672
187.579
367.945
193.15
127.959
403.505
462.389
412.093
-0.149001
404.231
461.976
375.594
29.8912
93.9311
240.713
223.825
427.658
209.413
227.075
347.21
146.7
396.952
170.581
169.7
277.448
1.08009
452.422
305.595
165.65
47.5541
116.826
297.023
177.232
18.155
74.0044
307.264
39.7643
23.1152
318.276
163.668
345.469
38.6579
351.458
312.422
282.592
-0.0165606
301.015
296.639
373.626
460.924
161.964
268.075
91.4257
264.602
462.368
461.952
309.936
314.888
203.832
386.7
1.12985
282.573
31.0547
106.607
451.055
324.774
258.813
208.918
456.819
383.598
164.26
461.666
346.714
154.019
462.191
293.726
158.588
356.17
241.276
461.871
269.511
332.706
245.424
0.842803
384.638
296.91
455.31
322.632
226.609
244.326
320.923
314.98
0.628735
410.096
99.5075
370.404
332.159
196.451
449.891
342.998
462.29
320.29
230.556
232.257
366.425
327.183
49.3224
418.48
238.47
383.156
300.85
27.3599
345.231
206.613
144.361
56.2786
232.549
136.631
461.618
279.262
319.94
0.213209
104.895
123.989
158.047
36.1275
339.514
404.709
456.966
337.933
0.352324
0.410424
207.713
146.588
107.722
362.281
462.126
422.471
461.385
242.492
459.743
299.342
301.375
182.945
196.029
400.478
31.461
462.47
422.802
232.703
60.9188
368.729
162.031
440.789
387.536
446.918
244.224
461.401
84.0708
28.588
234.576
175.848
302.581
197.545
316.073
0.427228
349.834
4.0342
109.951
187.178
284.953
285.894
171.62
233.164
214.669
277.211
0.522959
160.591
0.118114
287.994
286.966
129.712
264.497
59.1886
392.971
139.517
347.531
353.965
20.1393
286.947
187.772
384.754
1.00461
282.932
232.964
250.014
0.651414
462.27
454.503
369.904
202.808
179.917
367.389
362.332
84.5762
348.741
214.52
232.199
264.159
349.75
388.411
295.14
447.393
215.354
428.473
259.019
186.299
456.732
249.542
310.855
0.417417
301.096
254.079
270.954
403.186
351.44
336.771
85.3714
242.18
244.775
198.704
308.463
290.123
302.852
247.589
462.375
238.616
77.1876
250.862
49.9048
459.471
129.433
0.52124
190.325
174.552
355.335
381.664
272.258
448.424
0.613306
200.345
279.593
304.972
122.325
250.997
90.8579
234.038
233.696
438.23
376.936
85.7922
408.9
344.854
454.356
462.321
462.574
326.998
143.24
260.458
394.811
462.203
144.418
236.631
25.1171
392.502
102.709
389.484
265.129
0.346041
280.395
462.301
0.810071
4.39227
273.453
400.296
12.0944
147.901
354.403
249.327
411.618
195.978
408.139
108.086
355.969
338.084
127.25
295.529
242.835
375.498
244.186
262.118
293.573
456.032
37.8893
256.48
142.819
212.333
434.952
462.09
217.804
139.725
266.286
308
462.09
411.611
461.139
438.455
0.397292
350.794
375.677
351.335
0.274348
256.111
120.568
145.364
420.046
431.026
307.431
206.337
189.945
295.644
72.5235
461.678
404.566
405.737
291.985
121.805
192.79
225.318
330.272
109.481
240.11
367.216
96.2047
38.1465
428.344
194.881
347.692
86.7837
82.065
387.812
461.64
32.4862
153.232
407.151
324.395
160.097
72.4607
260.783
461.515
273.241
188.535
1.93789
186.873
462.14
462.686
182.151
275.984
130.103
20.1475
178.764
462.05
289.573
373.649
403.747
437.014
212.439
462.862
262.647
313.441
462.105
411.61
371.255
253.361
408.777
102.596
302.193
1.45022
405.218
208.19
361.893
98.3393
255.358
71.6612
274.483
323.877
332.312
462.122
390.349
86.6259
461.251
227.934
352.914
239.36
131.714
366.409
206.485
198.113
299.939
432.693
319.551
445.073
62.8714
462.301
328.106
1.81328
318.741
373.094
0.724627
445.651
390.027
235.331
460.843
0.760378
32.6576
462.308
462.134
275.953
424.156
335.382
461.434
235.657
363.92
60.4079
461.89
437.036
74.9971
377.987
251.909
350.024
453.262
257.399
338.921
332.313
335.893
276.74
27.0324
122.467
157.651
247.516
462.248
414.675
268.664
231.995
254.678
167.21
217.179
462.572
110.719
28.7842
462.194
338.004
190.126
270.522
420.634
2.41233
298.36
403.389
343.154
453.17
380.678
111.868
-0.00935149
429.673
462.449
162.651
126.265
164.338
249.64
0.771595
315.655
230.21
148.334
144.877
462.073
88.3467
94.3542
163.41
459.412
71.0981
461.851
170.648
336.503
88.8121
441.313
462.016
113.18
330.1
0.706229
423.144
120.142
130.561
358.87
227.156
107.852
411.594
125.451
455.429
2.36901
426.803
293.064
169.881
246.983
14.1973
251.125
299.034
330.525
384.709
341.365
176.173
167.756
462.348
402.433
6.92809
360.475
147.074
129.732
349.21
111.334
410.284
205.348
1.68306
352.316
118.606
461.665
243.576
0.508462
418.163
0.125972
49.7234
161.972
179.614
254.669
79.2527
269.304
462.213
215.182
462.018
284.262
109.635
462.241
317.816
435.69
7.25952
2.01639
234.465
333.806
9.87546
433.856
340.181
388.366
239.734
461.991
16.4016
388.866
1.01289
366.377
353.262
130.482
462.041
369.533
419.959
96.6753
324.806
7.79847
239.946
210.859
0.487624
264.973
228.261
461.812
39.1319
391.396
27.5517
133.757
177.596
395.595
369.213
6.54134
1.48504
277.585
205.382
115.758
416.491
96.7732
96.454
293.57
92.8882
279.931
285.121
462.121
100.307
67.8348
242.781
118.222
326.013
423.567
330.361
463.131
164.889
52.8731
455.623
462.071
117.786
5.46557
454.5
66.9695
144.14
172.074
275.367
208.206
339.365
212.55
428.797
461.988
416.226
208.564
310.679
298.09
264.575
290.541
460.452
461.507
185.882
363.378
462.332
0.979331
245.352
359.25
0.156212
395.042
441.817
317.054
262.352
314.574
293.212
388.296
441.994
391.161
171.424
340.964
12.6816
289.941
421.408
462.056
0.395181
342.509
430.236
284.58
462.109
462.2
121.456
461.758
457.371
212.526
143.368
356.107
146.416
71.7247
367.599
278.146
408.739
1.37507
210.687
462.172
145.79
393.228
141.847
149.136
380.034
196.946
432.817
5.16123
0.0534484
98.6368
184.117
461.46
462.089
332.61
106.022
341.955
261.525
299.966
88.6231
355.728
311.272
439.882
165.907
145.618
106.882
22.404
44.6633
462.383
233.692
284.633
461.276
2.94038
462.075
458.623
143.577
333.183
357.558
248.825
462.464
228.263
378.007
462.804
449.188
1.26778
115.38
215.591
65.4508
287.738
121.345
299.617
326.13
186.276
422.975
1.81658
-0.0189416
391.053
147.988
360.886
204.36
462.15
45.7177
0.782231
226.343
462.374
308.122
366.366
312.089
0.345833
250.059
124.11
217.3
253.182
239.755
311.511
461.958
33.9161
333.894
245.003
430.186
317.35
461.99
172.117
226.756
73.0751
287.257
197.369
412.495
432.997
336.522
115.135
462.099
0.685245
0.108916
227.382
234.282
2.52072
288.161
435.561
24.1859
62.8972
157.991
250.701
262.677
123.513
317.029
1.07551
144.13
62.6658
280.073
112.202
7.5057
192.064
213.107
459.969
119.605
158.155
252.57
303.605
1.91077
74.8719
19.8715
247.317
170.703
17.0814
338.358
340.77
114.534
324.777
180.442
326.438
133.777
462.016
462.45
176.815
79.9987
415.709
202.797
385.577
355.803
113.729
414.721
276.016
279.631
21.2657
460.334
336.857
218.192
462.078
273.763
461.772
180.911
297.195
354.406
374.292
282.532
139.199
333.088
44.9818
0.200301
256.817
336.983
339.808
462.108
189.535
40.3907
367.056
360.12
446.833
226.567
63.219
134.587
74.1211
0.328571
62.459
460.078
363.631
72.612
448.611
415.662
127.279
242.215
0.409627
206.164
19.2648
461.641
444.962
272.923
134.289
200.05
460.701
333.857
293.267
460.88
31.1109
420.382
402.558
431.425
284.254
192.964
257.795
46.5929
38.2461
326.267
343.193
95.5149
415.36
462.192
68.7974
358.525
96.5415
462.046
438.306
262.012
204.439
298.158
343.619
462.336
267.306
296.557
383.991
0.175452
432.453
455.437
232.929
460.406
358.579
433.116
347.191
405.49
180.629
139.915
291.041
462.29
234.607
387.887
0.611906
398.067
429.668
134.774
255.273
28.1614
299.43
213.48
361.981
66.2207
0.258465
54.8362
327.302
89.7335
230.44
128.345
246.975
393.784
78.9663
15.2954
339.073
284.349
205.24
461.666
197.683
356.717
320.529
462.554
44.2286
54.2795
459.377
231.073
149.242
461.575
235.103
236.959
5.82142
224.437
202.805
238.083
461.619
261.939
461.933
440.492
64.955
0.857186
35.5628
370.142
280.387
172.855
164.453
121.409
461.962
252.585
297.559
392.261
316.492
303.136
285.253
160.41
186.864
430.496
414.413
22.8293
249.857
261.398
430.327
-0.0726828
0.368251
10.0322
72.4542
271.03
60.7486
333.348
462.106
221.618
37.6438
102.752
204.602
317.277
170.155
447.348
428.133
103.021
190.243
384.153
341.062
53.1365
356.503
324.143
349.349
405.079
462.131
393.756
0.129187
251.73
455.394
366.691
245.696
181.305
242.502
169.729
334.239
137.049
140.399
461.942
199.377
321.088
317.492
190.189
20.1974
462.028
425.926
424.3
462.164
131.914
321.045
2.10805
370.063
405.185
254.466
419.649
461.898
442.654
371.381
0.378178
385.454
21.5884
223.683
154.304
224.172
142.647
301.188
215.232
455.774
38.2003
283.936
9.71606
374.247
28.8964
456.106
282.243
0.247754
309.133
355.148
407.867
462.288
245.919
186.844
167.888
152.859
317.553
367.845
360.537
363.469
98.2585
173.483
373.698
224.902
358.141
361.972
211.148
101.105
445.017
278.767
161.624
352.574
347.502
189.811
260.825
230.082
76.5901
461.937
448.606
124.798
232.213
391.861
379.963
281.745
0.54403
311.871
159.961
37.3104
44.8213
245.182
103.033
103.53
217.386
324.379
428.275
25.0447
457.141
-0.0346379
374.638
274.86
234.837
433.025
113.337
158.395
369.353
276.783
247.411
207.375
154.737
462.656
462.624
352.702
260.5
377.578
378.848
118.844
102.617
181.846
110.64
54.386
354.944
207.953
268.781
253.827
454.041
93.341
305.471
228.54
228.694
462.157
104.383
217.584
357.645
298.546
329.135
82.0626
443.342
318.662
271.971
104.739
266.568
255.713
213.723
86.3609
356.053
0.296614
180.981
330.322
181.962
345.76
460.132
31.9665
298.337
18.6115
88.0817
185.251
181.821
70.8628
311.508
462.33
102.317
378.062
461.925
256.044
94.5234
80.4145
373.159
0.429965
325.591
91.9143
232.271
461.445
6.55317
232.572
197.633
8.2032
343.54
363.196
462.813
435.599
76.5749
251.504
310.533
88.8992
316.124
462.232
207.104
236.091
461.853
207.195
1.41555
0.357513
211.758
31.2087
67.3505
462.304
423.898
447.785
1.92057
440.285
136.211
146.884
310.882
133.369
439.394
124.444
86.4787
257.013
0.379302
303.192
0.39196
172.179
207.054
218.546
104.361
400.495
186.341
105.959
156.711
135.738
161.74
355.808
207.17
461.658
359.566
401.271
461.841
256.57
328.343
323.694
367.939
222.683
360.72
0.206365
453.176
204.509
281.433
400.152
182.337
456.237
217.377
54.436
452.887
420.983
86.2779
389.955
302.376
396.664
267.683
462.177
409.915
412.907
451.488
371.244
295.796
325.929
273.383
462.095
181.735
269.364
299.354
128.967
462.064
252.672
-0.0461201
305.744
266.104
242.113
325.756
388.525
420.794
163.763
242.441
235.229
160.254
420.461
154.75
72.0439
280.608
241.31
338.243
308.944
457.189
0.456937
277.096
365.73
293.261
376.052
286.457
411.276
349.491
376.037
217.631
271.201
178.705
353.322
243.128
447.645
139.328
50.0067
301.673
455.916
201.365
0.430982
184.265
449.024
0.107655
51.0972
273.835
458.477
147.315
41.0623
307.714
164.169
25.5434
203.412
105.034
323.961
457.762
413.527
83.8632
297.774
450.285
128.547
430.091
368.576
462.196
89.4807
45.1457
201.078
459.854
344.815
66.2003
461.554
234.011
268.281
110.75
-0.66656
113.687
0.0798526
376.766
127.531
104.137
462.034
165.786
441.138
253.574
352.244
81.3317
440.539
406.084
237.832
172.412
256.459
461.861
369.141
399.091
131.222
32.0877
453.46
262.127
143.392
135.958
462.459
173.512
282.048
33.1369
19.8017
399.764
54.4399
216.743
330.005
379.128
125.345
398.095
100.76
67.3285
226.275
358.001
364.356
427.443
328.511
299.817
7.85951
232.716
459.74
461.605
128.574
365.806
83.5098
139.515
256.614
295.32
327.232
338.518
281.921
461.934
334.687
353.93
330.912
269.36
462.216
141.056
273.207
462.102
120.377
298.711
0.42316
173.989
430.965
166.524
317.977
184.651
293.471
330.804
378.567
110.695
26.5189
208.943
246.024
51.2589
272.365
216.798
400.877
385.733
334.835
113.681
277.809
426.411
48.6325
141.729
233.198
229.404
131.222
386.462
390.781
297.53
263.419
317.567
462.604
-0.0154358
447.154
290.677
10.0597
247.343
181.265
383.146
284.082
373.533
38.8665
453.683
297.564
126.097
366.769
87.5769
43.0199
274.267
154.251
364.016
365.445
34.4507
138.873
316.209
409.514
179.481
359.931
134.114
357.391
349.752
330.198
159.082
408.968
0.741083
29.3546
13.9466
245.392
291.19
63.3659
143.671
176.918
164.835
393.915
460.663
458.378
421.213
307.624
290.315
456.925
439.52
403.765
461.648
140.377
77.0376
0.0940371
182.094
281.684
246.391
394.221
462.295
154.847
287.271
287.146
445.927
293.941
247.195
133.377
461.514
414.412
342.969
63.4764
52.8164
307.719
276.417
401.511
380.827
18.9339
346.046
74.9459
376.637
86.8807
427.734
25.5935
232.324
131.652
138.246
362.629
57.9808
460.493
107.555
387.689
385.83
359.025
219.009
174.661
365.223
232.845
225.832
141.944
0.480581
226.243
4.70782
28.9875
205.421
462.314
461.811
439.63
392.709
112.221
136.516
283.791
0.29984
48.8613
217.739
181.942
291.871
40.8477
37.2192
305.542
172.635
193.302
90.1178
390.26
348.761
462.633
314.271
373.321
122.074
153.66
346.739
325.34
195.802
195.605
276.146
303.101
242.582
69.8161
0.420891
0.00111988
321.853
73.5765
459.48
95.7189
93.8466
407.878
123.064
148.443
5.34611
219.259
388.71
9.97459
242.839
458.31
173.036
82.6934
320.168
462.335
338.328
135.207
459.062
446.577
152.216
364.088
14.5871
348.52
24.9238
462.256
151.926
23.2446
359.059
159.942
0.894006
0.749225
227.901
95.3697
375.015
461.969
243.439
306.206
182.968
25.1691
63.9406
0.333754
301.292
388.121
170.572
411.744
382.39
294.45
260.164
156.837
434.22
241.64
462.413
409.862
103.528
321.371
47.3778
330.375
172.709
212.465
0.249722
331.808
265.947
441.234
250.027
343.153
413.815
14.9727
310.268
1.1072
391.976
179.089
0.181751
209.029
159.979
280.019
35.6102
0.0818015
241.48
434.385
97.165
458.416
39.3322
377.388
152.254
118.938
30.7608
48.4163
35.1995
376.843
400.453
462.336
462.121
322.751
134.487
120.89
1.69925
463.56
279.785
61.5275
0.30834
279.577
117.896
280.286
460.316
373.35
232.59
462.294
79.5378
363.364
151.236
454.998
223.448
360.915
383.405
124.743
272.15
103.954
461.621
53.3127
112.817
128.787
91.3271
169.547
348.91
337.527
0.645626
101.274
322.633
163.425
73.9688
46.7928
403.225
404.748
96.7119
104.939
273.469
182.163
110.257
238.276
345.012
102.44
156.777
203.184
286.695
426.079
260.741
0.304844
460.98
79.35
304.988
0.457686
325.99
451.769
259.208
225.644
244.103
369.956
321.102
405.685
26.5551
205.684
394.59
381.425
185.005
246.245
287.135
75.7237
209.538
427.282
418.024
283.209
0.23379
0.317309
192.093
410.336
462.416
67.8784
462.69
462.072
412.089
347.986
18.4638
330.517
316.719
214
462.423
130.113
9.70887
229.382
0.130601
455.999
344.98
351.137
117.516
282.004
374.258
328.908
461.87
235.793
461.75
386.289
50.7618
462.301
462.167
28.4536
351.983
293.802
145.683
133.227
405.896
387.036
256.885
305.909
171.635
228.814
357.484
353.07
249.478
338.716
251.021
263.559
4.82361
44.0279
433.27
156.889
204.728
162.67
272.991
190.647
344.386
20.9628
457.856
388.535
364.466
84.7655
12.8901
153.538
399.938
252.923
347.069
461.638
462.764
358.99
107.119
341.495
385.802
345.012
229.708
183.651
160.3
462.235
127.392
296.802
59.4604
381.16
454.745
462.09
315.883
462.454
395.014
319.259
71.3131
464.779
312.147
442.35
118.942
453.808
236.241
410.745
239.316
0.812819
369.409
189.824
407.835
262.829
211.882
357.049
433.676
367.03
462.265
56.385
332.628
255.295
142.068
281.271
443.786
383.724
374.065
349.602
236.364
280.886
149.264
382.289
62.3651
0.0742388
94.1591
268.145
179.285
0.36794
189.143
215
381.378
50.6449
461.936
419.613
304.618
154.472
294.923
153.21
76.1212
374.257
173.95
179.291
216.332
291.841
461.802
462.348
83.1291
77.0837
396.932
325.298
251.468
101.515
0.0152594
280.938
296.748
0.582128
170.512
150.508
231.029
266.967
419.11
462.164
117.32
344.239
325.983
27.4188
449.581
366.689
0.365228
229.728
247.584
142.698
178.553
2.19045
180.258
96.9799
31.0968
48.9924
360.338
372.372
1.21591
104.27
292.714
300.378
130.028
49.4462
49.0246
330.921
245.672
381.502
349.697
396.389
37.3667
433.352
462.809
282.507
262.311
376.362
311.3
403.31
462.047
214.132
150.615
0.121302
97.3888
0.690001
461.948
462.315
85.5531
122.085
68.12
265.103
342.962
157.784
263.574
142.314
459
46.7285
172.895
221.14
310.786
175.327
417.142
462.41
273.483
462.08
156.998
142.072
258.611
388.183
462.352
190.301
164.796
86.3097
453.757
461.53
133.947
330.437
330.254
2.54022
349.265
237.725
290.047
382.564
75.7658
327.584
326.827
459.052
282.46
423.624
401.352
195.484
0.373471
183.942
230.192
79.6981
256.379
411.626
300.001
432.321
462.116
461.712
303.113
370.629
462.469
461.755
137.083
338.137
125.893
337.89
408.527
343.948
326.276
221.417
354.11
337.61
232.65
269.075
462.28
208.434
440.184
363.172
0.266125
272.223
380.422
320.37
92.9451
317.928
376.81
393.249
220.147
305.126
432.251
134.389
360.509
194.247
212.875
346.785
457.722
326.849
303.609
157.421
462.36
192.382
363.737
462.874
317.777
388.441
422.367
300.406
396.667
248.236
139.641
302.525
229.981
383.287
161.686
82.9725
258.519
243.24
155.173
281.623
1.66143
354.148
8.60738
423.494
462.261
236.241
284.047
133.159
461.956
462.374
94.5682
228.726
376.986
2.387
0.275607
229.556
278.328
67.8194
407.677
177.455
462.302
431.937
0.247602
299.597
301.352
146.684
103.257
442.425
100.39
234.746
359.435
462.045
109.607
453.781
82.6689
29.7239
460.964
120.997
386.188
461.665
165.781
71.3295
274.631
389.19
8.18824
284.873
17.1347
303.533
422.587
214.48
40.7975
61.1368
45.9396
213.4
351.772
-0.434375
461.861
85.9411
0.924513
267.902
5.65204
415.114
40.7586
435.305
109.465
70.8088
330.885
331.552
398.377
249.508
447.811
55.8382
338.427
48.126
175.023
0.268974
435.818
88.5385
61.1879
120.122
344.901
460.806
379.882
232.957
-1.34277
342.191
146.264
349.912
138.157
462.42
271.682
398.604
429.926
306.03
224.458
460.966
15.7048
461.913
70.55
400.516
217.156
461.762
46.9268
30.7018
282.789
31.6781
232.805
462.221
353.906
139.114
278.178
18.2771
461.601
271.069
0.266569
454.299
435.358
86.4898
364.213
242.591
108.478
461.889
202.177
232.227
137.861
361.539
237.709
38.7957
7.64907
240.044
462.153
447.546
142.205
136.265
431.073
80.1225
223.506
126.856
121.892
87.9399
231.691
178.636
337.648
267.141
161.386
322.277
322.656
436.832
350.956
462.472
0.976462
259.848
320.382
164.367
196.012
208.834
125.216
186.629
28.2169
365.39
346.562
169.987
-0.203216
450.192
377.098
147.708
1.70278
43.8424
328.595
334.879
461.563
447.222
460.205
77.8964
424.729
110.421
169.621
398.374
233.689
371.311
462.37
461.895
343.628
-0.0940364
354.506
317.604
93.2654
171.566
375.152
121.163
31.1154
127.027
342.935
128.388
222.397
245.683
348.966
232.619
222.13
316.483
457.396
153.005
334.166
243.672
119.11
383.55
379.789
1.0178
416.865
136.386
139.2
423.664
461.65
137.607
143.572
441.623
326.476
259.708
383.955
55.0653
96.5068
394.361
278.292
416.206
49.8436
378.323
235.797
6.34706
400.316
462.409
112.05
462.07
136.947
35.0076
245.941
142.979
367.237
426.313
395.165
462.21
403.937
218.078
462.195
1.29347
5.12649
207.291
393.32
256.28
103.813
394.872
174.65
2.69269
461.269
71.0657
126.322
328.77
275.572
82.2878
0.587243
238.361
462.013
0.264259
22.9096
462.297
285.309
416.743
150.505
435.638
327.058
394.114
462.041
275.807
301.74
315.148
178.258
0.274515
207.419
461.886
163.086
282.83
175.673
223.661
346.652
422.569
246.648
177.603
94.7281
166.994
28.2548
230.624
391.672
169.199
102.519
16.2024
4.01917
0.280991
31.7721
462.304
295.175
357.445
261.871
0.359334
51.6774
238.834
32.9523
373.444
314.674
461.84
228.068
125.561
261.775
461.959
338.022
0.710642
154.416
463.047
461.774
330.015
278.835
384.852
270.454
107.254
384.929
285.785
256.762
335.655
21.5088
269.979
372.307
359.042
351.979
1.47174
183.269
462.337
0.449519
13.7641
375.749
306.773
168.867
392.243
85.3322
249.975
424.194
345.59
131.126
190.593
449.571
464.581
443.024
462.121
452.576
462.083
462.78
47.3265
344.711
299.323
461.564
264.478
283.648
462.237
99.7345
123.592
194.692
349.909
346.883
261.981
337.69
318.746
359.129
391.644
13.6905
407.225
261.333
253.198
354.428
418.43
405.021
272.316
234.468
330.952
130.096
257.424
281.846
407.357
348.569
269.686
303.622
259.097
461.623
429.758
-0.00209233
336.21
244.567
289.584
1.73273
285.788
436.432
393.908
462.251
416.785
121.523
70.2903
298.633
426.905
458.694
259.89
180.575
384.164
107.273
181.545
308.822
356.713
0.0720021
298.999
181.652
218.602
113.464
147.616
148.419
0.298511
196.783
16.9512
0.981105
365.978
461.971
256.341
358.329
201.135
153.111
430.342
280.668
404.776
122.438
147.409
275.176
461.937
76.0461
23.1301
212.915
261.694
279.287
321.195
462.373
141.784
0.0869591
256.577
435.314
103.85
261.744
249.349
28.135
255.432
323.528
22.907
51.5356
206.301
104.504
277.715
203.254
232.658
366.142
29.3328
397.025
312.746
35.1495
117.392
294.453
217.368
443.246
250.544
328.951
230.497
255.415
304.853
184.365
81.0188
169.57
60.0445
0.982121
357
379.303
335.914
120.917
152.643
1.63674
225.746
185.972
421.365
355.987
391.012
0.260608
462.23
146.32
0.572244
462.486
31.339
148.021
320.647
268.852
268.695
55.8715
362.357
309.349
260.788
306.332
174.859
386.562
128.912
341.006
182.276
343.608
394.016
232.114
421.014
166.258
0.293882
328.702
293.398
302.632
0.80351
147.681
149.473
106.143
285.804
329.031
234.545
371.879
319.447
357.603
365.361
166.242
343.241
286.66
277.056
265.542
402.344
425.79
119.465
74.1134
188.724
462.213
254.356
415.89
400.225
6.90021
130.22
62.8882
462.045
462.299
225.563
129.248
444.321
110.487
103.589
333.243
120.163
379.191
324.968
68.0372
49.4085
213.165
108.502
37.9401
461.552
260.607
132.419
94.2384
193.722
356.069
206.934
298.491
461.668
115.253
276.096
418.042
0.0242858
322.958
461.562
316.815
2.79285
286.19
399.242
271.371
276.171
244.998
362.122
107.436
462.318
172.86
428.038
57.7604
92.0196
72.3561
40.8586
287.124
0.282655
311.636
1.17636
146.435
438.366
290.443
461.986
291.404
1.29793
162.715
276.181
303.253
372.917
153.174
203.537
188.918
0.424303
246.386
191.741
302.748
333.625
259.712
0.341361
428.505
248.028
305.279
180.833
397.973
183.609
445.678
50.2275
422.991
387.676
18.1614
122.172
0.422777
135.622
235.126
381.551
189.557
392.16
461.969
313.959
339.811
0.165517
138.596
72.2991
274.164
353.463
130.381
36.9612
326.482
121.111
376.613
165.446
224.809
235.019
350.929
335.428
278.045
356.901
245.296
351.707
342.43
358.525
461.906
324.577
0.0118442
187.427
174.47
462.005
323.316
454.631
235.585
191.322
180.707
398.326
462.005
343.374
0.46202
307.748
461.559
315.676
47.3286
19.246
11.4125
0.549455
127.895
103.481
128.219
70.8432
414.679
313.392
210.124
63.9549
446.094
158.563
393.983
337.699
440.465
147.652
240.389
261.324
264.005
195.447
430.862
415.658
178.05
55.0045
322.59
0.25381
0.389136
0.9711
393.307
67.3348
311.758
89.4224
1.01711
460.935
461.833
187.198
-0.443286
332.843
0.479759
115.774
113.218
271.914
374.837
380.759
433.015
299.051
232.435
269.964
310.058
167.926
207.53
34.1119
350.406
232.153
99.9391
-0.499722
351.805
97.2402
388.265
461.476
286.279
160.23
462.331
365.491
263.547
220.837
146.08
257.89
278.867
452.84
461.968
191.222
70.4355
-0.128908
334.235
263.071
303.146
335.106
156.364
246.356
461.793
461.974
305.291
321.845
163.118
461.813
405.465
96.3619
258.401
388.508
320.821
250.556
207.77
372.526
377.586
244.309
123.65
169.791
438.127
290.491
22.7441
292.844
38.7916
370.222
462.197
134.708
0.438422
388.254
440.972
247.849
41.9799
249.557
441.82
297.48
417.549
307.459
0.280509
232.379
89.1477
271.218
288.552
248.319
310.059
314.963
1.9646
462.075
424.739
308.528
288.032
212.091
281.226
278.01
462.131
125.249
224.184
445.739
418.074
0.700269
167.014
0.395744
462.171
149.957
153.6
118.164
286.2
0.692586
214.384
383.947
309.906
462.213
126.336
223.66
299.623
371.834
157.655
116.583
384.869
66.4182
403.476
462.111
0.451054
462.216
193.195
298.998
394.559
330.12
420.343
359.948
367.768
329.046
104.248
392.483
341.253
252.181
366.547
316.625
186.744
157.251
87.7708
22.5205
228.103
311.343
72.7218
434.347
261.909
340.784
272.651
306.653
24.9101
227.534
-0.100473
79.346
232.601
235.031
0.530728
461.66
376.987
211.488
446.803
357.75
4.61505
250.055
286.375
281.665
245.5
178.242
-0.0366199
460.603
210.353
290.668
68.2926
444.123
451.318
427.943
439.354
401.305
432.054
112.704
137.533
462.378
10.408
113.86
236.954
95.7594
193.434
152.177
0.0270068
73.7136
149.436
456.596
159.336
286.538
203.972
461.583
159.91
351.522
84.9538
228.67
240.005
0.103516
354.068
332.566
394.128
372.18
462.235
211.207
360.526
447.608
0.0284205
296.43
394.077
308.836
379.691
426.531
203.345
316.492
115.219
0.407594
462.571
239.232
381.489
38.5141
295.232
1.88779
168.001
212.632
0.783637
461.503
167.501
461.765
305.874
404.254
289.665
252.01
461.642
35.0706
137.701
428.498
388.967
161.254
350.307
210.875
360.996
328.248
46.2701
323.624
36.7904
35.118
291.598
244.589
461.824
200.773
255.836
413.595
365.191
146.321
424.824
258.987
283.847
324.836
2.45182
462.396
0.172317
247.68
447.613
0.383425
253.377
457.109
454.696
196.182
447.3
348.394
377.668
348.21
174.655
317.259
461.614
461.85
146.628
41.4546
275.209
240.879
83.6983
462.27
124.506
249.522
211.202
462.42
182.464
167.596
202.315
349.677
296.968
95.5007
-0.450279
277.844
53.2858
87.0862
381.748
221.987
429.806
461.96
415.63
246.892
230.093
416.829
446.733
140.898
333.031
369.613
123.295
263.583
1.05958
210.634
379.169
462.184
155.151
354.12
0.254602
30.1894
461.508
331.344
312.184
386.318
281.71
361.262
378.509
374.386
430.814
408.66
461.707
462.228
389.384
295.637
460.603
121.701
184.551
0.267091
248.036
252.186
462.007
109.853
44.8069
375.283
456.957
1.04883
388.174
462.218
230.038
113.746
286.072
417.938
313.581
0.643333
201.024
240.147
337.11
412.48
0.482616
153.465
240.183
302.744
11.2388
412.368
0.240444
86.7015
357.722
111.097
0.652769
440.903
230.08
260.897
67.6936
0.581231
274.357
327.62
63.448
215.894
293.279
411.25
439.073
462.278
380.497
423.058
228.152
391.351
379.372
109.856
216.828
78.4015
462.318
462.169
93.8729
433.246
340.154
462.169
157.167
314.421
163.223
285.983
221.994
382.775
363.804
153.82
209.015
462.333
430.59
241.934
32.2757
269.729
460.809
428.934
166.795
36.1638
20.4139
193.805
432.626
377.647
367.947
379.908
102.191
59.2941
461.83
270.495
462.248
462.368
340.703
461.909
197.86
395.199
0.214273
332.665
452.751
82.1068
263.622
0.0979662
249.005
42.4192
352.01
379.307
428.651
462.48
9.73599
259.123
461.709
197.294
240.424
461.837
196.659
216.593
382.812
450.802
228.087
462.275
63.6132
408.492
321.095
188.751
281.045
462.51
426.02
119.453
61.4542
20.6138
412.171
61.2132
0.728552
337.893
334.123
459.5
252.37
367.23
233.548
135.67
390.867
0.720025
194.327
124.004
0.282844
189.388
395.645
-0.147552
104.852
420.962
50.7536
0.512165
281.616
86.7904
79.528
109.411
258.757
0.716281
131.05
315.049
462.197
268.82
0.502469
443.731
4.83114
312.089
149.424
400.879
389.972
292.057
57.0702
400.318
264.665
254.093
392.703
435.951
115.946
382.423
66.4487
0.482341
462.016
180.78
259.643
0.461286
342.667
371.113
448.048
173.614
357.867
355.055
398.651
133.242
53.2339
461.625
260.895
239.17
358.35
155.561
16.642
32.932
288.113
295.654
462.103
63.1995
246.355
39.9213
32.8034
288.955
385.862
387.905
348.352
459.383
205.367
0.455275
0.413665
319.968
3.17128
0.520844
396.715
261.509
2.91436
37.0248
48.5588
257.174
373.696
422.649
378.717
462.3
232.493
222.644
96.7506
460.789
125.952
380.111
183.894
426.726
294.014
380.048
383.289
357.569
147.689
270.046
291.408
280.808
381.087
419.051
166.995
297.294
121.083
265.764
400.188
193.1
394.345
55.5681
329.64
52.3598
462.314
156.543
292.828
242.189
460.748
339.365
158.915
247.074
335.872
97.9979
54.8334
241.685
145.249
314.866
462.004
44.2759
204.345
215.91
355.981
385.842
384.32
278.011
173.217
377.693
359.777
262.64
210.042
45.2469
56.9811
0.920638
430.7
131.654
271.306
462.188
212.501
7.98388
201.155
461.502
357.03
47.1046
51.7535
0.493133
0.251016
296.635
57.448
287.968
246.006
294.408
27.124
443.164
26.2096
109.647
214.407
310.955
224.368
179.331
462.262
2.479
269.936
462.24
77.1015
282.622
104.624
105.804
58.0557
406.672
376.293
0.327625
200.236
137.486
294.568
77.1791
73.5703
310.167
401.784
131.996
404.666
110.62
462.097
219.526
377.241
267.227
463.882
261.611
441.688
290.941
315.494
87.9135
235.302
409.895
232.543
56.7431
323.718
427.056
424.065
462.032
118.52
429.866
378.209
342.773
347.58
0.655436
372.173
346.382
398.357
339.162
223.178
23.7922
308.507
118.037
170.989
409.56
65.6641
269.778
0.565653
188.354
346.599
178.686
87.2027
41.829
309
126.859
267.301
235.494
442.15
391.165
187.423
461.796
271.484
0.218882
409.608
323.235
400.675
461.854
397.957
275.874
0.075782
452.976
51.2718
289.613
85.7981
155.036
454.958
461.76
78.2475
337.527
426.959
422.572
461.867
383.622
48.837
0.0771133
461.617
376.504
7.70143
84.457
356.798
421.419
269.03
270.563
255.957
316.448
-0.437043
129.711
220.964
462.069
409.335
11.134
462.767
363.64
138.669
356.412
329.876
348.564
301.733
411.688
178.407
270.354
406.953
126.963
271.48
27.9344
428.581
72.7407
397.874
48.0445
142.934
296.462
461.676
49.2338
336.229
381.387
462.487
15.6485
296.534
362.713
322.023
42.3544
228.903
249.899
256.978
122.801
453.079
212.411
74.0707
237.919
121.261
10.9933
462.292
337.982
155.215
207.507
204.642
377.652
387.75
220.975
277.159
179.451
166.458
462.024
363.117
186.695
379.5
198.842
278.266
373.809
200.458
180.87
116.403
0.600923
412.023
0.839414
171.784
454.368
350.991
462.438
297.056
58.308
168.384
382.386
402.74
72.2209
161.936
251.735
253.296
377.484
311.131
16.4066
261.971
306.935
121.515
343.616
338.405
415.495
322.58
359.418
426.398
215.924
420.382
180.221
324.159
0.356769
385.6
90.8668
394.372
127.802
221.436
306.772
117.773
369.034
143.536
53.2848
210.875
273.845
217.075
41.5116
396.467
85.9831
223.568
368.052
252.02
325.989
166.723
203.087
380.403
463.263
290.27
396.666
0.256552
422.766
74.9764
241.618
104.395
443.317
86.1551
96.5666
248.005
246.27
197.974
255.353
178.067
410.689
39.8425
262.901
258.339
166.448
268.109
103.491
383.688
298.147
243.491
365.648
414.173
380.934
271.307
0.367994
261.088
322.363
85.0067
131.577
143.39
367.996
287.438
268.797
286.851
426.101
420.306
138.058
444.08
321.064
305.988
217.354
384.328
289.062
429.393
66.049
342.247
88.7413
462.328
431.426
351.453
263.807
392.566
462.267
462.759
370.865
462.517
131.526
355.074
94.4416
386.609
156.035
189.098
308.332
354.342
458.248
346.678
449.096
103.515
141.239
383.699
204.704
212.458
2.84013
379.324
115.858
376.753
399.332
461.794
62.8543
250.578
221.397
361.284
352.806
226.568
181.58
358.362
0.214703
462.265
225.085
386.957
133.677
166.047
301.32
462.07
270.832
278.974
318.139
127.745
331.838
0.29218
177.898
255.401
1.72258
381.597
395.256
443.694
230.849
280.31
0.325395
346.188
26.7639
257.711
235.963
270.825
355.797
461.881
462.466
137.786
249.081
116.174
462.21
462.092
238.792
334.951
349.63
146.81
429.337
378.784
66.7346
114.37
235.308
229.396
422.967
462.278
65.0847
146.138
192.206
259.248
462.131
1.27118
221.462
310.332
265.688
325.141
78.1687
144.558
417.97
35.2641
428.05
275.282
454.707
66.8293
462.094
301.921
238.09
105.691
314.38
406.496
462.206
461.477
0.667469
397.649
313.379
443.62
439.66
10.1699
314.9
280.02
276.335
0.2477
462.255
166.136
213.286
410.817
323.168
44.9335
400.812
212.201
399.182
462.033
193.219
350.744
462.046
256.294
393.428
109.833
462.209
329.706
437.595
461.682
347.274
14.8162
292.89
215.161
449.945
352.645
31.3945
113.877
244.082
437.792
358.648
446.115
373.443
238.825
260.437
155.273
457.001
65.2209
137.577
35.9043
0.429278
362.451
2.43245
400.52
289.416
169.736
117.757
445.183
57.435
238.33
441.743
17.0179
304.569
289.369
366.542
297.544
150.869
113.406
451.357
234.438
0.856221
154.314
149.723
-0.289313
180.347
265.715
217.913
129.404
5.10456
2.22746
68.4577
233.124
42.6676
418.328
461.719
327.258
212.405
154.826
347.926
291.966
333.751
323.079
232.994
314.342
224.694
86.3361
52.6804
2.46699
304.349
297.626
296.259
180.243
425.816
128.131
327.62
316.152
403.231
349.302
461.545
414.861
222.674
123.849
462.099
422.117
202.191
397.789
198.639
243.833
76.8316
0.338819
13.6832
201.8
21.8692
422.839
402.195
250.176
362.45
258.189
13.7872
357.482
165.503
462.414
220.432
60.5004
97.2452
29.9075
362.107
348.695
311.266
407.683
222.021
461.669
158.933
382.81
352.196
462.311
349.812
462.243
0.022407
285.411
72.8987
127.839
430.104
111.541
427.112
154.255
295.886
462.356
230.05
363.139
462.266
65.7766
343.336
462.916
461.546
75.2945
371.278
224.95
125.511
204.467
75.0665
274.308
179.73
115.816
181.384
88.4932
298.037
296.883
50.8876
202.666
0.2682
10.1001
398.441
430.724
118.659
320.327
436.888
233.596
346.893
382.257
278.461
9.35503
296.424
339.904
110.508
279.908
462.467
313.084
246.82
449.704
400.157
402.22
217.621
165.01
360.779
320.982
425.621
308.462
462.201
160.453
137.633
59.7891
122.961
201.38
343.984
341.236
464.354
248.457
462.191
12.9678
426.629
39.1129
211.864
461.047
40.7362
298.469
213.917
66.9547
239.602
232.299
242.568
248.243
292.545
420.266
351.352
462.132
461.431
462.264
267.106
92.7203
182.332
249.252
395.714
106.15
22.4588
304.392
461.685
35.8727
42.4489
11.3954
366.894
430.354
187.137
432.634
282.914
97.2789
202.236
430.027
292.721
0.964142
431.468
460.529
253.868
341.079
270.103
420.833
276.671
200.037
461.565
0.523689
357.239
419.868
423.675
164.593
401.731
454.268
275.307
401.185
120.224
297.326
380.413
197.353
28.4859
232.455
461.776
317.813
88.3064
0.169775
296.604
83.8186
0.128556
462.495
462.405
302.975
388.228
224.51
390.923
328.721
462.019
66.332
204.201
404.28
344.241
461.246
462.537
259.865
288.046
229.859
258.514
319.568
436.038
433.025
461.971
251.768
47.7991
116.832
99.3601
94.1149
398.23
145.15
273.501
227.985
111.322
322.898
156.285
213.729
211.049
0.0312973
182.594
0.674258
112.977
228.708
421.954
324.811
364.968
115.215
292.44
442.854
135.92
241.964
190.855
360.404
421.099
42.768
310.969
233.331
203.307
303.831
223.307
276.74
123.302
290.074
194.095
326.885
447.627
445.675
120.383
130.294
15.7901
370.678
13.8159
103.326
195.12
144.745
201.879
289.111
184.843
345.254
205.052
239.193
0.0252189
1.62415
319.441
57.6861
299.555
150.606
228.136
379.595
115.121
325.622
380.509
103.925
272.973
115.459
202.452
315.567
460.828
102.109
73.1322
462.4
269.432
0.326502
452.261
195.089
96.8393
0.311275
462.827
51.6818
288.438
246.539
180.772
375.892
0.404944
142.19
237.486
156.043
433.204
300.858
309.999
230.841
319.953
330.726
10.9827
407.13
336.77
461.864
220.515
462.233
280.467
308.428
426.472
158.131
312.119
447.503
318.772
322.174
241.826
105.86
43.5215
0.346586
440.183
27.8691
452.756
369.225
412.345
225.935
461.937
509.945
259.653
225.482
187.916
352.522
58.4658
143.262
357.817
154.987
404.789
299.429
265.583
268.461
157.223
372.337
419.248
148.569
339.822
461.655
197.474
312.376
97.734
185.941
443.692
238.907
461.894
300.616
461.585
462.148
284.596
431.082
370.889
333.476
323.825
273.202
358.476
371.983
461.863
226.388
240.161
438.576
141.097
82.3152
330.823
360.96
253.983
288.399
261.098
94.7002
386.668
461.92
377.696
410.156
259.523
326.295
144.263
461.999
221.967
66.4202
255.185
341.465
461.474
170.226
294.818
82.321
163.176
155.172
461.799
460.791
0.442569
393.112
462.067
270.566
316.666
0.2724
133.526
47.7923
364.99
364.186
171.401
425.028
320.559
358.335
27.2157
290.831
457.495
379.54
168.905
320.369
333.837
173.749
199.203
451.825
462.313
462.166
362.247
136.071
356.641
305.659
0.251408
277.056
376.012
423.546
0.18087
361.622
230.424
281.793
0.517722
180.619
332.455
336.718
116.638
247.885
326.723
255.683
219.017
164.72
258.706
88.2721
461.91
463.375
462.697
28.8115
106.129
9.62121
0.486407
131.967
98.7638
323.152
444.88
292.167
1.63575
320.913
330.846
428.759
244.288
462.073
12.4957
405.729
351.925
275.073
355.701
225.55
293.639
428.578
9.06423
461.997
190.183
372.243
171.49
135.64
358.288
450.2
20.0988
86.2284
422.5
374.891
122.458
430.88
430.142
44.1343
322.791
382.226
220.376
91.6467
217.945
327.914
108.704
461.825
59.2334
310
325.234
139.926
0.679849
440.493
259.185
229.796
370.945
351.305
156.238
306.136
100.481
356.536
257.468
455.489
227.081
426.155
255.981
262.369
262.568
163.414
283.519
333.531
461.441
288.242
0.218453
312.524
260.187
45.5272
452.151
398.556
301.751
277.015
212.257
462.248
460.469
457.316
462.235
388.232
343.592
459.952
364.094
312.046
291.056
210.465
135.917
313.362
57.85
3.88589
378.521
410.623
418.563
5.41909
15.908
225.645
173.615
0.103409
461.975
408.373
309.298
295.616
261.976
270.771
89.1561
462.466
442.768
282.142
154.039
461.955
263.205
396.317
332.565
265.215
156.365
192.699
11.1526
163.809
214.775
380.172
134.768
248.527
17.7854
284.786
6.65084
398.041
103.979
8.86156
88.087
459.605
255.837
353.47
281.288
208.561
415.688
361.077
407.66
267.294
248.394
200.433
324.376
425.727
340.753
462.008
0.183739
274.314
204.49
404.051
415.979
310.907
147.41
232.635
437.904
283.331
460.294
170.984
258.558
53.6048
252.476
6.07184
0.362806
320.286
310.496
221.749
335.576
462.3
215.685
461.931
309.676
190.359
323.519
429.591
351.04
370.868
376.242
323.929
181.682
0.0868143
259.073
366.003
106.061
462.588
83.8671
345.242
168.975
462.324
462.579
0.274641
461.976
286.642
331.688
449.222
252.361
0.0393902
158.462
356.871
191.851
186.555
436.28
400.552
380.525
174.583
33.7657
455.769
0.387633
390.711
286.223
399.117
366.627
299.72
51.0069
59.2031
304.795
413.979
11.5814
462.153
368.999
239.282
462.448
462.031
-0.165895
190.854
149.607
461.924
349.83
417.605
68.9983
282.043
138.092
325.886
249.188
349.096
366.7
176.724
395.551
165.365
248.548
421.426
358.253
462.355
462.377
116.987
68.152
270.107
151.953
302.686
274.802
391.061
397.516
277.316
101.829
267.294
302.763
381.012
60.3797
456.648
41.6569
281.452
114.491
346.38
162.282
309.109
330.25
175.756
184.181
306.236
1.62859
301.15
330.755
166.968
0.779841
214.941
441.837
431.384
232.56
8.20729
428.008
0.665787
355.669
424.834
220.233
231.716
101.08
371.3
257.875
300.386
0.413625
461.636
135.65
358.27
88.34
261.688
462.001
459.682
0.686636
382.154
202.873
461.113
461.895
462.057
340.868
283.204
411.033
235.216
302.626
76.71
462.815
461.903
225.202
45.9791
365.378
454.653
369.204
117.018
431.54
314.52
462.153
390.836
338.23
305.712
426.455
403.915
145.146
145.547
248.039
78.2141
462.109
127.604
232.108
0.173856
378.505
447.495
45.1374
0.396082
131.312
306.047
245.001
333.122
249.994
27.8235
216.014
462.22
211.305
314.85
402.839
258.125
142.799
200.158
462.102
0.764344
74.1979
317.812
128.946
148.211
239.267
106.088
368.564
341.4
430.522
360.474
51.4861
308.976
347.347
105.54
461.966
0.354825
268.358
408.423
170.15
437.065
265.193
37.5741
267.217
97.1928
212.433
285.336
462.696
0.559379
87.0769
209.866
413.937
352.744
355.738
51.5082
272.193
293.63
0.984259
221.639
256.115
461.615
351.396
251.006
324.918
345.309
0.555721
18.6796
349.502
459.479
177.587
243.525
62.8381
303.469
446.48
0.661953
131.702
417.87
48.7543
17.4267
462.415
47.1276
0.731321
0.447031
27.7012
371.087
264.003
404.731
462.394
111.873
309.89
254.364
369.66
147.1
462.134
272.578
340.887
312.294
270.127
461.048
83.3455
262.632
195.596
251.852
453.419
448.413
281.008
118.178
397.651
401.716
4.3366
299.337
417.025
74.477
373.86
207.319
71.2757
314.872
48.5358
133.192
389.023
178.518
419.674
209.016
369.676
212.086
39.9919
391.157
400.058
260.253
2.09907
292.491
101.805
460.08
297.024
435.781
283.147
334.331
159.136
193.07
93.3543
381.438
454.958
1.06483
202.851
442.425
461.669
340.603
274.414
192.804
21.9477
79.4844
283.352
124.71
417.445
75.7605
255.58
243.475
239.542
11.254
106.95
304.278
116.359
306.485
396.653
161.456
221.643
184.685
10.3406
125.284
385.432
174.871
461.858
103.811
231.983
462.248
285.84
55.6471
237.957
461.882
129.704
242.406
96.5487
235.906
302.092
250.962
230.495
238.989
261.16
357.972
0.585711
459.46
90.6255
361.303
461.99
461.635
372.54
0.495537
169.231
462.156
159.006
382.922
4.73622
98.6817
58.4088
462.053
245.979
69.3212
59.5245
189.792
349.517
119.993
121.992
230.106
339.58
90.2814
446.135
206.598
197.895
350.394
333.212
315.328
402.274
363.297
1.28404
349.115
155.508
298.464
314.299
105.168
413.535
57.0684
461.619
94.265
190.868
104.542
2.34721
461.572
246.632
462.19
373.712
216.907
462.675
32.2557
48.1937
417.569
258.992
344.431
460.319
311.015
341.1
281.563
461.401
177.259
371.893
169.715
227.324
404.012
323.749
242.701
113.969
118.364
35.3177
281.896
328.963
461.998
77.6162
0.3482
316.196
152.878
310.424
344.75
99.4217
64.788
141.338
324.561
239.963
315.413
122.958
357.364
247.829
465.713
0.588467
150.296
408.004
374.683
391.175
375.984
0.478271
12.2302
133.814
101.612
179.524
12.2508
462.301
449.353
223.738
293.346
14.9836
251.886
15.0808
259.461
372.165
78.1814
193.306
392.536
348.048
320.641
97.3858
451.914
462.361
185.186
247.855
201.351
218.278
410.593
237.227
275.082
292.509
431.36
295.768
214.17
9.10167
150.342
88.4461
349.241
2.16396
0.323259
-0.358663
436.535
157.198
274.111
185.308
139.462
277.076
240.844
347.153
245.639
316.381
216.91
72.0332
360.35
174.067
462.332
461.637
317.66
37.5353
462.297
371.251
179.227
411.544
91.2579
420.279
328.275
112.765
224.212
461.577
350.953
462.148
263.991
461.058
437.767
319.802
210.804
162.03
201.16
249.551
356.291
122.367
461.449
204.974
122.244
391.575
442.023
285.123
200.76
374.56
42.0722
242.969
363.49
258.579
312.714
0.230521
304.058
271.269
0.106306
40.0893
288.209
355.791
461.203
135.633
462.173
352.389
137.676
127.662
262.651
0.338908
214.586
175.611
193.209
32.2295
350.204
23.6891
462.127
264.82
435.056
462.041
198.9
91.5135
17.1269
89.086
0.271554
324.759
360.732
56.5376
113.023
278.334
232.391
283.026
287.277
326.412
39.2979
0.628479
302.239
232.764
3.59299
249.745
355.834
174.082
462.099
411.396
190.694
296.372
379.17
280.98
348.116
460.379
30.2274
417.157
289.857
461.955
330.775
364.453
350.134
460.951
78.6612
158.238
442.521
240.051
106.52
0.949291
462.822
461.981
133.889
313.538
74.8579
165.819
161.499
284.477
367.419
265.369
461.842
461.968
461.662
0.91142
34.6887
1.41385
265.922
236.113
276.623
194.984
132.173
146.968
243.579
111.325
68.5658
134.145
456.737
103.321
274.215
128.361
58.4301
304.905
415.525
256.574
461.587
155.241
0.845292
286.275
461.763
392.608
0.446204
0.117278
23.5668
0.282238
285.094
279.802
310.18
236.841
361.166
283.464
145.579
26.3572
228.404
0.510936
83.7688
371.377
33.7175
379.699
201.942
238.441
311.419
325.503
366.518
395.454
249.547
342.027
461.771
151.532
158.354
459.642
95.4862
435.574
397.276
185.33
455.067
330.859
335.867
372.524
196.082
238.437
314.417
0.184968
30.2451
313.158
462.343
313.109
232.576
462.553
356.334
466.782
329.95
440.999
252.005
433.748
180.605
47.5452
294.613
435.344
166.022
163.273
375.776
462.363
185.221
461.96
59.3327
354.95
374.52
96.0385
272.532
333.27
115.428
268.936
441.466
0.353622
243.342
354.212
259.138
390.188
365.968
261.438
314.996
330.022
235.775
317.751
208.925
384.122
462.221
397.081
440.323
164.86
15.5553
319.642
40.1883
230.354
-8.71708
344.381
214.758
373.478
220.375
444.475
299.022
306.746
342.379
0.4651
462.293
249.876
462.268
206.962
339.194
461.773
369.958
160.293
390.163
461.889
190.672
235.939
0.242346
241.573
324.148
315.94
241.839
286.183
298.039
201.595
462.043
85.6808
462.226
299.405
174.762
387.926
199.297
364.367
285.062
462.128
117.833
196.303
368.958
266.978
131.688
362.677
90.1697
152.817
229.972
331.753
240.252
64.8949
382.188
190.089
49.7916
134.358
462.025
123.257
136.117
453.113
368.857
104.243
232.698
278.209
461.901
230.594
215.579
200.521
113.448
458.529
145.467
204.677
15.0885
103.541
88.1232
461.86
405.688
3.30302
461.608
433.132
237.317
390.41
387.066
296.221
1.00142
7.56977
289.155
251.577
408.989
330.961
266.55
461.172
292.095
306.94
275.432
0.460684
236.609
224.414
455.9
283.191
430.027
308.4
191.378
209.25
377.39
369.829
105.189
310.394
51.7425
0.916797
128.809
90.721
320.822
3.28691
57.1311
229.226
381.875
288.252
462.305
113.763
462.121
23.7565
118.845
79.7064
461.676
416.625
232.315
462.118
226.173
131.26
291.467
200.988
0.265384
199.961
462.118
44.0116
91.5912
194.529
461.667
402.881
360.292
265.08
41.1895
367.991
132.14
215.867
401.268
345.676
0.729133
297.453
444.835
53.4027
276.271
73.8305
41.9278
235.8
398.854
429.541
14.902
147.35
159.302
255.317
279.591
312.821
460.077
462.381
81.9619
360.508
158.074
286.115
244.68
286.369
461.79
-0.0601899
196.552
207.462
267.756
445.856
61.4801
399.59
126.732
434.657
0.60413
-0.381241
388.149
37.931
370.758
359.942
218.207
0.579938
393.343
157.816
39.9229
462.523
200.379
389.995
455.242
234.656
58.1457
384.389
185.01
126.739
140.536
461.755
303.454
255.07
462.054
461.716
88.6388
462.246
253.206
177.421
323.259
376.764
200.769
314.237
192.631
14.1552
293.282
31.3116
203.393
455.507
381.763
74.9174
328.611
150.191
415.542
305.328
70.3996
397.955
324.955
432.539
429.99
90.5449
5.54005
178.863
225.275
429.904
295.028
1.25761
33.1646
459.385
159.878
353.347
342.745
31.1908
136.996
24.5541
340.356
86.9746
288.622
-0.0788644
370.36
430.075
73.8278
461.755
155.603
303.274
438.338
214.521
378.826
335.624
327.044
207.116
403.072
461.355
236.255
17.389
292.212
380.202
36.9911
397.653
362.892
389.048
431.72
83.6857
359.45
175.658
265.158
408.872
45.732
462.602
67.5613
40.5115
196.546
255.88
396.037
262.991
85.8899
456.832
388.388
196.771
6.73978
394.562
462.623
328.764
114.245
284.159
228.618
461.693
190.517
232.219
0.939252
308.993
461.764
304.245
0.554274
115.186
260.726
414.418
329.134
418.185
179.529
263.74
322.156
214.546
192.637
247.041
238.977
461.888
101.33
369.249
81.3951
0.605451
14.7305
143.737
0.381309
440.435
367.522
250.396
356.954
352.647
248.597
204.265
443.75
314.263
227.626
399.258
453.055
341.011
284.886
275.146
125.652
35.0687
267.162
0.458859
0.528375
241.664
262.751
461.873
198.006
462.038
460.311
139.77
46.872
462.278
394.132
170.849
398.69
313.381
448.306
201.629
357.578
401.099
230.139
295.861
238.074
125.87
250.184
460.022
41.8894
316.612
247.597
36.6557
159.308
363.926
45.5184
139.787
292.981
401.769
383.595
431.799
415.136
297.564
174.849
425.885
130.634
323.718
7.35649
430.549
298.375
393.512
337.865
271.201
1.38443
348.015
461.952
0.363352
396.581
64.9075
97.6483
437.508
403.479
143.143
286.845
462.527
106.383
461.97
332.985
385.241
1.06036
33.5189
125.285
143.93
282.453
154.875
462.097
321.931
164.018
242.623
99.4918
128.614
265.666
98.815
336.193
332.647
436.838
73.5126
461.865
236.032
-0.107016
162.097
462.106
160.562
316.927
142.351
107.736
123.843
278.574
0.507302
76.2041
314.65
462.137
72.4163
426.187
462.193
409.257
101.886
243.8
31.8191
86.6199
370.137
113.204
461.684
410.85
375.383
255.883
109.232
0.283608
91.5912
341.96
340.896
350.575
346.641
190.487
158.313
317.481
455.777
355.069
403.486
97.8162
-0.10933
196.958
461.749
452.88
135.14
199.019
0.635582
429.942
0.82745
67.6099
149.444
389.499
435.801
334.071
109.561
375.89
303.548
100.501
276.119
78.2344
269.838
91.6816
401.846
81.2805
369.099
152.588
198.887
347.615
74.8519
289.203
343.251
0.834998
462.159
21.3506
217.275
120.174
30.8864
257.837
276.429
448.168
417.027
461.52
351.728
460.819
402.835
255.089
462.167
462.191
461.875
297.962
462.116
388.275
367.909
392.227
151.251
192.387
298.438
113.572
341.495
327.856
191.879
238.018
240.341
368.544
437.063
461.925
131.842
156.279
204.396
47.8284
405.25
97.4492
460.75
155.93
246.555
352.977
462.926
92.8521
305.636
41.3124
249.66
379.716
341.56
59.3015
215.934
108.695
368.941
462.293
433.202
366.841
347.773
357.859
31.2837
213.791
460.89
304.223
396.657
228.951
187.878
6.4684
462.047
316.293
0.516388
12.1571
459.969
442.788
425.916
462.129
43.6232
108.799
434.363
448.174
285.044
229.86
249.786
5.66287
157.976
370.833
50.5454
355.065
361.928
320.246
409.885
361.628
252.256
462.14
103.092
253.693
322.7
122.095
389.497
420.046
83.5782
346.143
104.011
385.677
168.042
369.71
462.285
282.82
301.102
384.997
306.646
67.2489
411.623
388.009
380.116
211.355
161.001
0.60131
125.61
334.269
448.846
199.807
172.93
271.759
89.1829
157.301
218.479
0.625402
0.581336
194.161
400.507
343.128
461.889
444.591
149.931
0.185724
261.208
462.204
206.582
151.99
401.266
203.684
149.89
101.316
128.597
462.412
461.797
192.406
394.675
237.501
-0.186842
180.571
417.019
239.171
0.0693779
229.524
321.491
461.646
54.9342
0.584624
289.111
366.261
318.08
75.4031
189.365
300.077
358.88
234.739
1.11146
385.778
400.226
217.677
55.4319
1.02547
178.475
201.825
99.6268
261.994
462.357
297.675
462.616
137.098
376.928
196.072
462.318
138.659
146.728
3.09205
346.326
289.935
0.857755
377.112
428.528
461.76
44.1315
42.6669
261.323
20.8159
64.3686
165.884
408.547
165.711
462.695
0.0408986
331.847
353.332
453.024
195.693
405.312
158.84
180.983
178.128
215.075
59.1053
386.177
16.3929
324.528
0.302676
271.601
364.934
314.272
253.292
61.4191
320.459
385.019
461.054
26.2338
15.8185
362.226
55.0836
462.164
255.785
315.461
191.813
265.154
164.971
105.864
299.267
459.437
415.606
347.999
298.705
405.175
25.9079
429.435
259.292
461.455
69.3404
136.264
316.142
206.442
3.78872
0.200433
284.544
461.56
0.381945
221.988
97.674
146.521
295.247
142.042
372.012
67.9759
174.102
441.267
316.698
0.238816
462.256
170.951
386.163
462.195
462.005
414.449
235.452
313.101
-0.301332
0.407708
121.675
322.995
232.288
460.545
0.346137
268.882
82.365
119.58
392.959
306.513
0.391473
386.015
461.642
248.399
330.415
287.189
142.918
357.526
331.113
72.2138
127.988
84.694
270.272
284.762
425.145
145.823
461.33
277.575
145.325
260.885
169.96
143.303
232.279
322.486
285.166
353.337
332.588
75.1232
404.63
318.649
434.244
462.182
399.154
263.854
126.662
179.311
280.551
319.453
220.507
100.566
452.277
62.3821
207.486
314.628
309.984
300.657
101.435
119.09
293.837
462.605
277.723
243.685
338.664
186.77
339.046
297.327
414.775
462.311
383.099
285.588
321.983
222.489
94.7732
253.137
92.3978
245.924
413.408
165.872
298.482
412.328
131.207
387.868
457.633
186.759
389.293
377.122
296.341
416.185
456.183
225.754
19.2791
462.084
0.47381
224.481
118.023
297.081
162.696
461.741
344.446
280.068
415.488
217.974
114.598
339.822
290.175
70.5273
158.54
376.443
0.373312
219.827
290.426
97.5085
18.4704
195.914
33.9588
265.836
171.894
0.640386
400.053
139.634
255.996
380.363
251.937
362.991
90.24
134.777
461.854
53.4039
277.296
120.499
405.671
373.491
374.64
6.39956
366.66
52.904
461.206
252.38
95.3057
421.902
100.229
300.027
462.348
324.505
462.051
103.391
238.023
371.268
199.373
315.458
248.141
3.93538
312.951
65.6138
151.161
1.33389
29.8955
136.398
0.799413
130.608
-0.122732
89.5455
462.574
462.174
228.704
352.433
357.962
274.334
462.157
330.829
179.259
220.085
149.874
362.204
349.94
76.3056
447.183
259.544
461.83
95.5031
354.907
165.567
69.0219
0.411676
291.616
57.182
425.649
54.8425
-2.24687
258.057
339.273
186.367
286.213
249.622
461.699
144.741
232.946
47.1341
409.445
269
191.591
79.9534
0.307382
461.265
349.776
0.047697
242.898
0.659713
149.117
448.539
368.99
360.745
462.016
301.117
155.894
0.0426327
116.657
68.2174
396.977
418.83
297.856
419.018
285.682
0.249802
362.502
103.584
27.0644
150.936
409.396
262.938
357.167
413.321
387.264
449.474
248.689
269.171
462.33
267.876
215.588
297.885
299.374
0.332551
462.456
462.032
393.398
242.647
118.22
60.8353
365.096
415.729
274.639
147.19
369.444
2.13955
233.65
72.8027
320.275
0.175949
268.866
449.129
270.884
40.8795
214.706
328.227
299.002
230.27
284.672
58.0196
234.268
292.43
130.936
462.066
352.132
158.872
267.652
300.087
459.756
1.3955
95.3733
-6.52655
258.947
10.6706
81.5175
223.318
97.9376
461.741
337.526
337.871
397.821
117.84
417.855
344.751
353.206
328.607
300.031
395.899
0.637724
178.847
192.64
278.898
434.868
456.899
322.547
408.386
0.216024
148.831
330.822
246.282
158.022
100.639
311.459
173.22
149.41
14.9724
300.424
426.457
323.206
102.337
429.161
232.171
281.643
339.653
240.01
274.303
448.758
0.466985
8.25246
194.028
83.795
86.6708
459.077
74.0123
412.366
385.237
290.762
279.725
340.705
192.934
46.4386
343.106
368.739
0.262035
411.503
1.17127
387.72
39.6221
453.345
93.6964
360.5
322.266
361.439
12.9449
108.214
264.95
130.457
207.044
303.61
352.492
304.669
351.461
323.152
434.008
0.572877
461.943
421.91
330.326
281.092
242.534
395.271
243.802
320.977
85.2681
208.982
326.032
210.407
431.972
280.329
67.9073
0.0876946
1.26524
55.0088
377.242
1.01128
343.479
443.141
461.161
419.982
138.942
453.435
450.454
55.1369
327.346
312.273
356.401
157.995
338.862
134.466
240.483
0.0482586
299.172
413.835
74.1998
136.868
420.323
37.9301
457.895
51.9642
318.356
29.4192
418.174
356.598
227.013
409.551
462.015
414.577
427.501
321.139
57.6267
217.46
386.514
347.989
88.5543
326.656
426.846
452.234
246.98
461.695
9.64117
9.54344
215.042
52.2052
285.472
326.929
371.857
187.027
68.6399
232.818
446.845
399.581
458.603
0.556006
14.146
93.304
446.322
172.433
386.337
421.527
225.847
0.752401
270.337
436.077
132.036
345.343
462.019
351.667
85.2212
61.9549
292.595
292.924
16.745
30.3645
438.904
328.779
122.87
232.169
125.098
379.312
147.835
27.3765
424.103
289.374
237.273
252.719
0.327548
375.26
362.853
368.474
419.079
307.303
367.011
23.5675
403.25
376.18
461.539
409.629
394.307
64.421
401.545
318.297
106.849
107.781
293.582
384.489
277.442
126.236
163.063
258.423
421.901
214.504
76.5078
42.0853
444.41
383.185
461.794
0.612479
368.625
0.802396
401.755
450.256
54.7875
439.62
273.407
196.917
433.823
462.829
286.084
387.632
342.491
422.799
0.759603
405.311
390.206
67.744
252.561
440.06
81.3735
400.267
244.198
278.224
0.349391
0.497918
318.989
249.954
207.646
114.287
396.442
173.023
232.243
462.265
68.6335
120.235
174.539
243.47
230.947
461.726
332.362
347.433
50.131
459.071
158.017
361.918
458.734
462.673
462.462
79.1711
284.511
341.117
289.542
443.012
342.391
461.453
20.6538
393.119
132.733
0.164061
263.753
462.125
141.66
462.091
424.681
423.465
179.414
309.273
461.708
347.947
116.955
2.05898
392.868
284.431
371.416
462.019
263.379
93.3181
44.4537
232.688
436.044
0.495409
169.479
283.256
0.409926
388.416
299.22
7.14639
461.945
47.3188
304.698
397.731
300.707
82.0595
198.102
427.936
441.425
451.661
428.136
31.9244
120.416
167.563
171.378
375
175.751
243.487
372.348
440.917
330.03
462.419
450.891
10.6293
341.992
34.5369
462.138
314.171
324.829
356.489
186.319
17.4724
295.038
461.011
426.229
462.158
462.817
200.192
293.058
203.781
287.495
338.966
206.831
343.571
429.513
74.1686
278.483
60.7767
358.882
220.963
310.186
51.4314
400.076
148.336
416.194
294.788
177.223
437.831
360.226
340.901
251.456
359.029
5.35632
255.7
256.277
393.914
19.1951
462.779
220.084
462.278
40.4391
462.429
150.67
0.202714
44.8346
337.105
428.638
425.567
409.236
382.355
300.387
407.739
408.373
165.505
462.287
29.1368
400.961
130.462
259.287
187.438
83.5165
363.844
211.892
221.96
267.653
290.101
289.665
253.719
433.187
45.1762
38.1671
97.1795
0.493965
236.654
130.056
238.3
269.029
339.94
28.6988
263.148
149.936
16.7899
43.5807
462.27
423.662
300.478
298.846
426.973
411.767
174.607
117.607
425.274
418.719
329.967
438.563
131.713
342.865
170.052
321.718
371.532
301.19
350.396
314.589
414.008
163.639
447.817
201.657
86.6499
405.127
249.164
460.847
405.576
308.278
103.249
222.47
72.4105
318.374
353.599
378.666
332.458
393.945
356.805
193.223
461.422
461.929
21.4065
386.271
330.843
95.5483
338.246
0.416903
279.388
48.2796
0.49624
461.884
442.781
370.38
288.731
367.508
354.4
145.311
348.535
429.579
171.451
0.170857
165.391
144.501
422.224
458.279
419.94
324.782
101.098
461.997
379.786
405.989
60.9149
118.975
376.516
245.92
139.072
280.586
461.904
415.531
127.042
376.474
293.368
294.978
243.735
155.462
56.9481
396.334
296.338
411.029
93.2185
92.4068
310.167
14.7964
339.478
151.674
462.188
311.576
134.213
440.052
371.505
411.138
0.613494
340.789
50.5211
316.382
360.534
69.6408
226.368
311.876
285.449
375.199
298.763
411.244
234.459
396.916
213.86
369.651
449.008
328.535
460.793
392.035
450.961
0.356257
333.175
313.243
275.363
305.642
82.8196
373.979
428.678
329.531
196.691
295.579
356.26
292.619
379.027
402.795
380.803
338.438
282.699
402.981
100.073
252.73
449.68
463.327
461.644
275.698
462.399
148.615
436.512
462.354
47.0522
373.141
307.824
403.303
0.211083
94.7
447.537
354.278
461.231
153.165
46.139
148.017
330.874
69.1552
440.087
308.205
219.518
246.737
462.414
260.77
277.479
74.9602
374.812
323.313
267.443
363.817
441.483
203.375
307.116
358.884
257.042
122.267
1.42247
378.55
31.4711
15.9597
47.8396
97.3911
32.784
281.078
442.916
347.611
0.641274
59.5942
315.374
442.712
286.823
459.817
417.339
0.330494
236.879
48.4259
300.396
128.639
49.3333
462.077
89.2444
395.128
306.394
386.863
364.318
1.28512
53.4949
84.7658
124.266
300.178
404.369
232.099
399.52
322.54
290.019
192.212
17.4676
286.564
455.092
292.697
432.157
461.936
454.425
462.195
281.482
364.117
338.829
0.42818
337.336
-1.68391
269.26
325.135
268.419
325.95
12.0486
461.993
445.187
162.199
207.039
326.627
263.002
234.197
0.0416196
461.271
0.195134
203.741
414.831
150.671
459.56
144.087
102.923
462.235
461.105
461.865
198.43
386.044
226.32
99.3009
127.605
285.422
0.259882
292.096
340.183
411.272
234.172
335.92
255.893
39.7028
452.22
287.505
30.949
156.907
269.527
232.5
280.213
376
353.684
458.593
306.402
216.244
371.956
396.935
0.486235
130.621
461.385
0.475952
160.897
409.373
393.23
67.2583
149.714
0.655942
334.64
259.107
38.7374
80.1027
401.833
289.528
301.041
197.396
232.523
327.677
20.6387
0.920449
80.5317
150.854
221.062
0.463029
54.594
300.346
244.198
154.522
298.708
4.26678
152.49
92.1597
58.4619
392.935
14.2714
32.3109
349.555
439.494
406.634
102.221
436.095
196.585
252.545
275.459
57.7095
208.435
349.861
88.3297
210.975
75.0292
414.61
462.062
118.342
42.366
274.122
64.135
248.898
254.757
422.31
125.896
39.8647
174.904
457.678
387.107
365.842
386.275
358.375
246.3
61.0298
352.785
461.563
201.641
104.642
171.959
462.147
309.91
423.056
462.796
461.643
0.56514
462.434
442.256
462.442
55.3201
284.638
399.837
19.973
219.471
56.3608
260.668
307.535
217.512
226.47
196.76
89.7469
462.202
185.957
100.555
207.323
160.336
304.431
0.405105
160.899
1.39956
255.653
34.0296
199.989
461.723
424.085
366.895
106.685
462.47
280.767
76.6791
74.5341
54.375
12.4224
204.452
53.6034
94.9557
0.587465
401.935
217.598
146.18
275.715
39.8746
459.654
200.937
462.029
400.747
281.683
116.763
227.049
270.359
259.521
462.233
461.61
93.7369
460.167
261.72
122.042
273.495
368.709
283.566
297.159
351.031
360.798
49.7858
334.605
311.665
0.440553
194.825
404.402
151.878
34.0565
55.207
239.293
461.804
458.389
310.571
286.855
410.999
348.042
84.0768
462.109
90.6303
127.918
462.302
276.288
232.169
175.41
366.332
140.713
27.3454
183.949
0.378705
452.22
225.315
220.662
386.78
400.251
99.676
310.505
270.222
360.741
0.207139
241.188
233.18
307.689
275.735
462.057
462.505
414.099
0.889295
445.369
422.257
462.26
461.685
185.747
370.494
336.784
240.631
27.1009
101.504
454.345
183.738
334.588
287.366
0.310591
462.133
138.949
407.014
368.287
122.176
57.3662
122.762
345.706
210.902
167.957
201.553
462.056
335.336
316.302
332.408
186.424
121.64
424.732
461.993
65.3862
254.106
312.599
367.253
451.922
347.544
99.7363
310.872
0.611735
90.5217
351.577
235.304
107.159
197.058
9.15649
252.496
401.015
354.564
401.817
97.2875
143.468
65.7955
347.663
461.977
232.571
379.419
297.286
24.2917
66.3024
160.143
155.146
-0.265821
345.24
103.214
330.362
444.018
1.56378
180.335
70.0577
242.454
430.405
227.423
0.963172
462.065
461.905
258.642
239.617
332.101
-0.237975
357.809
227.478
462.24
381
342.141
199.846
418.809
30.4037
385.866
83.2504
45.2567
210.651
257.09
250.917
401.775
462.124
462.198
401.4
461.52
220.481
217.392
294.419
408.956
344.929
0.0959471
299.014
103.231
296.899
293.672
244.557
25.8583
432.581
182.511
215.457
424.478
419.901
462.208
324.756
239.515
47.0054
0.259991
0.381233
437.752
430.121
37.2311
461.907
174.479
309.081
305.501
1.88137
91.1076
277.868
243.917
461.683
269.213
152.388
241.374
461.646
348.359
343.22
256.067
176.01
30.6937
209.156
234.173
8.59946
319.523
462.035
21.1195
380.71
297.237
46.6871
461.993
190.559
203.593
318.619
236.345
158.266
370.572
0.0844862
4.59646
232.927
274.017
462.4
24.5916
454.206
346.278
264.555
179.83
97.4019
251.015
432.121
331.138
461.602
427.351
0.261325
301.74
271.135
313.825
50.4576
395.857
0.980529
379.826
36.6297
385.254
328.502
167.628
330.711
380.084
458.362
362.077
430.939
0.0599549
1.82995
332.162
454.488
329.367
460.561
9.95348
159.654
360.892
361.754
258.214
194.976
320.375
179.101
413.664
422.445
258.984
458.155
260.771
370.789
218.53
0.274694
304.222
34.2047
405.428
383.16
335.049
174.542
175.037
317.301
414.889
0.304386
315.348
401.054
93.5313
372.311
112.463
462.44
417.891
41.9635
38.0348
398.139
462.166
42.796
180.901
395.037
372.158
164.813
27.6594
266.511
232.507
159.127
232.753
170.4
289.782
441.398
289.522
0.444576
461.525
308.105
29.7708
451.991
462.447
462.183
194.184
449.215
453.574
429.651
441.23
51.8009
345.859
236.49
0.503912
323.475
245.509
68.9956
462.308
148.45
461.938
287.725
424.327
383.176
411.736
203.581
352.82
289.789
150.359
127.221
422.586
283.588
383.324
461.914
318.045
45.9199
462.263
414.004
266.728
168.983
204.965
447.629
0.429543
312.255
341.523
355.962
278.056
201.073
461.006
180.226
392.467
1.7446
10.4332
409.697
252.582
85.425
461.078
347.667
359.531
43.4379
27.4914
139.872
175.808
209.645
298.562
353.63
263.544
87.6949
461.583
64.2152
456.288
328.089
385.757
168.344
56.7977
453
318.251
1.70779
74.1338
353.593
307.261
328.181
202.269
31.8491
433.801
6.61456
350.754
297.494
462.146
162.492
460.032
461.623
459.76
223.17
391.702
444.663
365.146
363.587
8.91962
409.975
429.304
0.327055
438.521
41.824
180.07
404.183
309.876
462.5
124.081
191.719
282.769
24.7707
148.034
-0.131745
263.277
314.258
462.24
208.895
327.399
268.384
462.393
75.5631
398.194
413.139
29.913
189.301
461.894
388.712
165.396
292.707
255.106
74.7821
208.249
297.779
158.393
254.804
295.574
390.266
36.3819
367.699
433.26
367.265
118.502
243.983
411.895
0.453769
304.7
431.239
50.1727
377.15
147.477
160.256
372.965
0.184663
324.766
116.236
343.474
462.124
257.774
349.666
211.278
197.291
162.853
223.608
443.367
18.2937
277.502
0.461631
1.21554
0.513019
459.088
293.124
234.885
1.2403
193.446
344.637
370.935
75.3589
350.825
378.269
1.91229
23.2665
277.579
368.797
150.953
0.612503
363.465
324.919
101.13
333.82
367.061
1.75883
39.4506
84.6823
462.322
292.915
0.444668
235.961
232.44
462.336
242.963
72.2868
0.486269
325.908
371.375
420.214
265.674
250.015
146.429
372.568
0.353404
0.0347901
304.95
462.064
151.647
461.819
366.648
416.305
120.735
147.449
421.469
116.12
462.122
197.104
228.684
0.260662
269.784
177.541
178.421
132.422
413.929
336.817
114.807
333.436
101.041
89.3789
331.077
462.308
248.64
462.045
277.306
412.28
408.577
461.583
398.605
164.257
351.639
461.543
321.536
462.478
8.51719
2.90982
444.466
404.093
257.264
85.9416
355.771
316.99
462.139
275.233
116.391
460.591
1.88839
94.0519
420.805
72.426
260.213
277.075
452.182
448.657
253.008
462.146
462.352
221.677
167.378
403.519
461.827
446.731
10.282
372.502
69.0611
25.541
462.113
0.557022
322.815
311.003
357.464
172.286
260.306
379.026
312.638
377.31
462.372
404.381
424.845
461.927
395.256
322.19
0.339068
324.028
461.987
241.423
130.135
356.679
157.981
162.306
461.856
343.858
213.892
462.509
273.091
367.59
402.805
334.191
244.806
178.642
88.6367
407.774
262.98
112.953
221.593
173.519
88.3473
446.438
87.0484
380.838
243.615
438.956
244.683
120.756
55.7556
411.626
35.0287
426.116
8.06962
237.173
462.329
247.405
416.042
332.369
342.016
321.255
2.81734
19.7944
343.016
217.05
317.314
364.044
186.622
130.856
437.984
314.457
41.1486
190.631
446.565
411.172
63.6546
265.541
264.835
438.013
0.0525027
421.83
284.355
75.5336
36.7559
461.904
255.228
462.988
292.821
451.95
461.775
402.154
426.845
421.517
223.879
212.941
136.054
1.06404
462.12
96.0373
290.906
77.1523
228.286
148.76
412.163
113.643
382.329
147.491
418.481
272.708
254.182
107.368
302.802
159.74
0.56444
248.499
229.137
333.691
233.591
261.365
304.898
0.158676
257.683
415.852
100.535
251.562
278.242
249.048
87.0017
136.304
259.341
275.181
461.811
280.256
461.926
264.183
238.302
79.4377
161.95
346.567
407.187
264.307
0.194291
24.2969
333.271
1.62188
349.016
201.015
177.699
372.296
462.514
339.315
307.772
462.433
215.057
226.644
358.211
351.862
133.177
358.634
461.224
461.525
415.545
301.469
312.979
110.655
136.417
187.601
430.159
461.747
111.208
406.009
144.972
462.152
104.561
461.173
78.0433
18.4819
305.9
66.5897
389.513
226.696
93.4625
372.432
99.3071
461.561
295.15
410.359
409.793
462.434
78.4734
254.571
176.042
462.041
327.864
228.939
159.183
84.1069
203.407
0.700661
461.412
250.367
436.833
302.265
200.73
56.3329
296.398
246.17
0.424658
418.772
211.3
257.563
35.0722
373.225
398.624
376.967
323.65
459.441
27.4602
269.763
161.236
227.438
435.964
15.6173
461.939
160.614
452.076
371.829
136.104
328.681
149.553
52.4394
61.6523
121.865
163.285
154.428
233.825
285.74
360.696
299.179
315.926
173.643
373.877
139.331
120.8
306.226
410.614
400.604
106.451
180.965
301.539
462.281
353.08
206.862
223.852
299.667
316.135
262.638
105.207
250.484
292.85
261.498
461.782
276.437
133.111
462.506
224.213
175.89
66.994
462.238
163.996
50.1601
353.766
384.801
448.784
0.316194
414.975
0.939551
283.715
113.363
374.497
232.273
462.301
78.2561
333.606
161.871
411.913
132.379
374.943
124.967
462.132
462.502
444.133
457.387
235.75
265.484
462.236
28.7833
357.163
285.34
445.217
304.636
4.92643
169.137
383.452
235.059
179.639
0.450751
233.2
367.91
121.327
258.881
215.508
462.031
308.091
462.193
462.079
131.773
357.535
182.704
462.041
302.533
462.108
94.3439
0.67878
307.01
461.913
355.918
347.256
403.924
462.021
460.802
7.84835
331.739
462.637
462.645
311.353
436.109
69.5121
375.788
237.365
347.388
407.772
268.271
213.064
138.851
194.286
449.067
252.641
201.399
462.146
268.674
249.563
255.012
319.216
37.8934
380.482
451.842
426.823
461.57
461.917
268.674
51.619
238.054
391.85
280.833
0.402565
108.665
206.403
462.29
367.408
170.058
462.41
400.915
405.221
238.398
366.429
450.061
442.96
461.983
406.134
283.586
244.927
62.3126
422.054
265.755
64.4993
225.934
1.94597
28.7068
288.865
112.979
345.154
375.441
0.986856
104.08
328.251
97.8921
137.143
352.937
211.333
177.337
314.568
408.647
1.17138
232.578
0.300383
261.147
165.284
367.019
357.002
415.834
120.818
365.232
47.1859
180.315
374.612
75.3387
205.592
209.007
57.0168
461.93
462.456
102.923
371.958
414.256
0.331555
423.172
260.541
19.2027
368.619
281.406
412.75
223.337
462.069
358.688
299.8
262.376
274.271
198.427
190.769
383.157
462.445
460.997
209.768
169.284
4.6342
37.5976
305.037
248
76.1792
405.551
71.6007
119.809
364.504
233.255
295.992
365.452
233.058
424.559
458.494
272.197
459.231
445.65
180.009
462.138
79.6056
330.791
193.532
159.6
435.3
219.934
51.0133
203.962
373.793
419.923
131.08
356.209
232.47
458.686
461.67
62.027
0.831894
370.662
329.206
212.618
0.453079
294.149
446.857
0.432412
44.4567
328.963
195.989
-0.113563
447.77
190.081
40.3146
78.3928
233.737
319.183
311.815
462.432
272.935
325.472
190.352
383.404
310.281
462.006
448.81
462.232
287.371
234.732
8.35744
227.386
462.286
28.0476
127.403
365.805
461.93
272.592
120.811
354.077
0.116913
321.245
73.2013
344.817
254.102
104.57
198.597
37.8211
419.845
352.904
462.2
317.422
409.363
461.995
438.169
462.033
422.188
442.634
223.464
139.383
16.9078
356.801
368.069
376.429
216.149
211.351
194.792
41.5715
214.568
29.2286
0.353018
279.272
195.997
90.5803
357.913
462.079
308.664
439.471
424.481
157.215
16.3833
293.98
166.271
282.708
398.743
85.3465
391.849
363.992
64.1421
354.437
461.887
266.438
113.964
330.608
156.834
423.125
325.245
259.46
264.524
355.462
212.091
0.305463
190.324
225.548
350.544
461.073
329.566
175.186
462.436
53.8976
217.703
426.795
359.243
376.022
358.84
153.304
461.003
107.284
241.874
280.025
2.05285
216.031
348.879
97.1966
242.263
356.025
250.561
284.953
181.133
460.445
461.676
60.5429
73.2396
198.469
61.6326
40.8968
145.178
301.856
172.362
462.172
0.858696
237.548
344.743
221.163
273.929
293.869
1.29751
194.459
347.823
139.439
0.244642
368.21
297.554
435.704
260.78
462.09
56.5742
334.182
115.989
233.568
462.084
217.854
197.945
149.818
282.168
409.995
1.08129
0.721296
377.534
225.618
184.436
0.0501878
441.717
0.490328
293.839
80.373
263.331
462.452
132.96
270.228
346.996
109.257
201.111
301.741
19.2761
96.8203
461.755
270.232
337.296
105.762
131.362
278.394
461.662
360.497
20.283
350.805
133.208
341.908
461.988
464.407
17.8066
425.872
440.296
288.518
38.4116
85.6922
11.8792
225.058
190.206
109.315
142.105
269.031
100.6
267.046
462.34
261.539
268.331
321.646
249.781
149.713
383.209
1.39637
456.79
150.748
11.8018
108.095
461.514
286.194
412.123
63.8596
248.555
288.947
425.347
365.549
380.973
385.949
316.39
173.625
315.265
461.985
81.9099
453.633
188.682
304.876
342.499
0.077336
293.382
196.387
56.3263
462.2
435.119
109.354
166.372
73.5291
398.49
461.601
417.696
6.71888
423.243
206.006
228.878
322.576
257.559
180.828
403.583
299.251
451.37
225.575
328.636
89.8075
331.218
137.669
79.9967
436.53
462.429
83.2471
222.73
459.775
0.123462
198.406
153.351
243.458
423.81
316.058
256.84
442.487
33.1994
161.448
301.3
380.116
397.631
212.23
49.0094
77.2936
131.549
444.842
0.578921
188.176
116.456
407.616
123.04
243.613
433.46
352.431
89.9739
248.774
462.33
330.81
342.219
0.503244
367.543
405.022
0.646489
202.181
461.385
331.352
462.048
244.923
404.07
271.73
409.644
462.311
223.522
153.481
-0.169526
154.224
156.327
461.707
316.014
169.275
396.35
149.019
60.2421
414.726
461.298
378.49
0.731464
461.465
223.533
251.271
427.97
458.197
30.7108
120.73
136.118
462.09
0.388088
0.191616
87.1361
46.1577
265.973
0.0895846
181.402
443.741
462.174
194.742
329.642
290.65
0.452682
391.048
459.787
141.776
432.024
163.4
427.193
321.524
108.979
137.917
376.208
449.499
267.514
0.703647
250.364
270.95
40.6423
435.135
428.573
153.007
208.437
240.964
208.023
462.222
445.185
440.042
458.446
311.422
4.71044
420.19
187.681
92.5063
462.22
0.0181499
297.942
411.907
366.368
405.583
382.821
383.495
455.724
337.929
277.385
302.028
422.348
231.922
393.073
342.704
379.78
157.56
133.795
107.187
48.5354
374.404
455.014
460.424
117.308
413.547
293.815
47.7939
99.2891
387.05
60.3442
0.606471
462.186
289.238
118.136
202.537
325.876
325.3
282.773
292.642
462.015
187.153
350.907
153.785
175.546
432.509
461.541
230.457
422.192
426.76
343.322
429.159
152.003
62.7543
65.5116
12.5916
393.943
407.661
330.576
64.4737
180.633
302.126
69.8806
130.968
270.731
0.350845
459.777
82.0679
382.854
302.454
274.184
422.073
13.9172
183.601
462.08
209.753
444.48
239.139
352.025
313.945
-0.0661052
461.064
88.9671
462.343
236.472
272.128
47.0607
21.4446
215.248
0.650132
1.52703
321.172
461.514
462.237
413.039
363.432
462.204
176.307
334.939
0.0927005
103.182
462.25
160.746
106.804
27.3583
47.2127
369.481
232.367
462.587
462.14
325.312
0.274534
349.501
272.478
460.985
382.312
462.281
296.05
52.8705
311.335
123.304
311.807
77.3358
267.584
462.685
462.184
283.938
310.431
178.824
460.729
0.867654
268.603
82.3344
1.09446
287.628
437.568
218.949
230.096
37.1949
272.41
431.341
462.089
461.815
356.113
303.018
112.811
333.416
17.6873
0.434807
426.661
286.842
41.4931
164.45
243.509
125.67
88.9174
99.1162
215.923
6.77678
458.619
322.663
314.811
280.279
401.847
336.055
1.91395
286.431
81.0818
430.915
-0.0359711
86.9481
363.938
462.093
462.203
224.759
285.877
441.7
462.273
462.083
162.539
345.381
461.674
369.219
462.464
172.108
208.86
422.012
270.936
443.588
0.50554
47.3759
269.264
246.625
372.817
274.659
177.826
348.023
138.525
178.271
462.326
328.644
2.0263
225.971
252.11
233.159
232.204
460.492
400.23
127.688
45.8705
391.953
51.3432
333.909
462.372
401.336
382.372
1.63772
276.083
139.877
462.3
138.557
164.627
374.704
282.143
103.135
241.725
413.542
280.556
8.48954
459.748
20.4096
350.484
306.284
250.127
97.6373
75.2007
200.799
359.737
386.663
461.818
415.329
462.247
232.345
461.871
175.16
336.701
461.22
277.019
155.204
46.2875
352.006
308.807
444.087
461.455
416.497
0.44617
462.42
0.193033
113.271
432.018
411.64
413.211
462.283
450.406
232.882
439.082
172.738
107.606
137.141
143.484
424.481
235.334
223.274
14.8888
253.676
461.865
462.249
193.242
169.07
223.968
462.254
203.244
345.171
307.895
315.289
63.4777
335.686
177.761
1.01479
54.4669
99.3436
462.153
318.451
76.2175
78.9665
10.0603
155.933
0.470125
456.376
462.527
0.0941911
386.785
383.919
338.685
0.319446
218.222
101.445
461.379
218.924
398.923
214.273
462.016
333.386
424.048
394.6
227.399
326.615
39.5481
339.523
222.034
9.16224
174.373
276.847
269.696
68.7853
359.562
347.557
243.737
256.5
392.29
378.752
367.389
37.6957
415.231
0.312845
232.962
365.34
-0.0870507
196.707
437.943
307.422
461.889
368.56
307.2
327.478
414.951
347.753
241.379
75.8142
220.239
250.331
370.378
195.311
348.476
438.188
116.622
363.509
27.3997
238.894
374.614
26.9859
189.423
32.1716
356.146
406.763
347.098
164.754
462.415
142.722
19.3154
254.982
299.668
173.524
100.344
142.683
277.46
318.615
78.6729
369.618
148.97
83.4288
462.307
461.815
263.891
361.582
461.9
406.508
428.994
381.714
236.527
341.897
377.334
211.424
243.291
0.456328
289.033
264.261
391.02
363.453
462.168
461.932
379.738
167.438
439.35
362.663
347.71
35.2695
390.891
319.638
190.354
462.439
84.0889
300.035
-2.3792
407.624
-0.192661
439.047
133.301
378.147
462.778
272.908
252.744
402.448
149.871
384.934
168.987
134.815
277.732
276.321
462.539
461.506
114.308
462.301
218.248
449.468
366.506
412.482
123.929
263.075
244.708
126.785
0.360864
309.131
0.28687
183.015
461.505
0.617608
462.348
183.192
388.484
187.321
406.202
349.143
66.4419
62.8898
362.438
274.044
372.65
267.606
310.285
244.11
161.012
330.744
385.208
20.654
117.899
164.462
454.31
23.1548
-0.0192124
0.816579
185.075
281.966
360.418
130.855
324.645
235.2
240.709
327.989
233.331
60.8947
458.643
282.476
416.069
189.52
201.944
187.401
264.133
461.852
317.905
325.297
190.537
221.868
48.6497
68.8325
318.035
441.066
462.814
462.424
286.334
49.1112
24.7404
446.109
294.318
308.106
158.355
109.675
200.494
204.011
116.931
418.039
63.2695
235.709
16.2134
248.089
461.781
349.511
128.909
341.305
127.228
462.247
461.541
237.875
258.878
238.807
314.697
78.95
121.812
360.537
459.048
235.021
341.691
317.574
131.187
180.488
225.705
293.875
343.671
447.102
113.918
130.65
424.319
462.529
0.562976
72.2269
350.286
57.5521
72.2498
1.12016
0.630181
405.028
76.5222
287.363
132.688
122.595
327.013
11.7395
263.514
369.361
116.451
169.589
461.499
74.4677
214.659
172.481
461.175
314.503
0.439796
227.045
289.118
71.5658
243.663
1.15156
71.9255
44.1986
432.192
2.33698
240.887
230.714
267.637
0.653247
461.555
263.573
303.195
0.254022
350.087
312.477
303.695
193.149
79.7737
377.944
235.169
125.845
327.978
440.083
123.857
271.781
352.291
292.387
423.922
324.192
268.247
304.332
362.485
218.924
148.652
243.54
324.53
0.782374
105.899
276.45
273.19
295.394
267.864
130.385
232.859
0.449173
283.618
429.008
461.766
310.798
290.471
0.328646
387.271
1.08978
268.88
140.655
461.907
387.159
281.171
193.332
343.351
397.497
347.034
103.682
23.2062
285.456
321.284
112.883
240.441
258.292
280.156
218.766
85.451
231.945
298.037
25.316
150.863
417.078
0.32216
388.115
313.906
115.919
308.743
144.216
449.692
166.165
194.995
460.942
401.944
247.863
458.874
96.7953
371.634
197.699
0.191516
304.9
462.008
263.477
380.191
62.7053
285.069
445.378
461.464
456.851
187.153
462.379
310.864
387.953
404.581
326.726
152.434
192.418
44.8732
423.334
339.751
372.375
369.386
207.91
62.5909
110.734
457.769
462.339
442.789
84.9707
403.356
462.347
446.112
75.7109
461.961
378.355
462.633
299.016
306.358
62.0102
38.1732
120.692
356.066
462.319
18.9659
345.754
75.944
36.3373
69.8761
46.1131
75.8153
65.3822
56.4641
152.63
128.78
101.021
212.404
96.1184
446.527
137.787
277.124
252.918
296.522
32.0836
420.661
245.099
171.066
72.4335
361.534
142.042
461.317
73.3395
282.549
404.219
244.327
369.038
375.412
322.088
165.927
462.296
418.577
83.5569
462.5
457.426
350.473
442.619
383.288
206.873
462.196
0.20811
361.427
350.639
322.09
211.391
282.713
462.056
405.864
361.998
338.363
461.966
279.504
461.421
115.606
221.548
462.22
462.076
246.51
61.2762
398.144
54.8062
188.138
337.328
461.915
24.1886
-0.0907165
286.991
305.423
462.288
437.733
408.273
246.773
463.153
240.035
312.139
443.37
43.0627
436.712
91.0987
0.60355
323.38
358.956
202.242
207.673
446.178
32.6364
149.758
427.345
234.404
294.758
133.933
249.835
324.269
61.988
260.953
461.684
396.029
91.4961
188.62
417.837
387.173
165.728
311.61
53.9183
298.076
356.704
328.973
412.532
197.513
138.126
142.736
194.458
270.535
294.863
295.626
277.836
426.812
138.317
-0.208376
382.324
263.875
0.0821547
462.202
12.0959
204.5
286.894
354.018
93.8448
283.483
295.767
331.74
4.97891
394.957
261.238
462.045
413.289
216.959
254.747
235.212
59.136
123.616
9.76756
461.767
22.7169
394.906
431.088
76.7045
283.315
279.234
36.6042
237.143
104.579
98.4449
281.551
344.176
377.606
154.61
74.4174
252.21
262.652
462.108
352.438
176.804
146.529
367.184
462.314
129.372
288.48
131.855
371.776
328.704
140.687
318.217
461.402
0.468749
135.538
110.911
330.833
345.831
199.301
234.137
1.37531
311.998
350.083
170.986
78.6117
400.836
349.559
240.703
65.6151
432.722
462.245
285.775
455.279
462.082
267.973
237.459
69.6743
0.692126
462.162
461.825
326.123
429.744
188.749
178.041
461.811
462.436
163.26
223.785
33.926
89.0888
376.499
462.016
293.828
462.4
458.51
154.5
272.02
406.745
298.537
300.979
295.084
462.031
273.003
128.429
0.200902
0.478567
0.300845
208.936
341.721
322.69
39.6102
173.473
0.130738
423.682
78.8675
235.897
462.151
462.404
56.5118
460.701
170.678
266.517
310.143
255.369
383.972
40.1213
258.811
273.195
211.491
323.614
75.2282
192.449
358.294
244.135
204.793
335.015
188.692
123.47
343.256
126.996
151.562
122.258
457.93
61.4456
113.565
343.88
1.07391
352.854
152.377
449.3
324.802
287.079
333.375
210.743
231.864
343.301
210.793
457.691
313.846
195.887
216.923
324.871
462.036
462.217
0.497574
206.811
461.706
260.159
266.8
0.179206
307.435
248.999
443.028
461.84
0.668461
108.025
102.182
96.3357
0.403947
373.265
60.2927
287.469
424.662
218.395
310.983
430.793
0.20312
416.82
461.763
265.408
200.732
437.614
462.191
0.0786862
395.245
171.832
298.636
414.795
423.137
236.281
13.7393
204.691
0.368154
317.905
200.945
326.835
419.483
297.648
189.708
205.059
174.706
305.917
232.143
162.159
0.440207
348.561
86.0736
461.999
228.119
441.448
424.377
95.322
142.463
392.842
240.923
289.086
208.476
89.0679
278.006
254.624
45.4767
206.238
357.426
7.24752
269.906
164.016
396.987
277.077
462.518
462.023
276.132
205.154
434.68
186.535
0.846299
0.742853
284.327
295.075
301.905
0.47397
120.967
462.276
318.243
202.457
175.408
336.083
318.059
192.558
233.097
223.711
341.801
363.652
35.1093
258.769
366.904
347.207
392.977
292.142
201.647
121.187
222.526
228.872
154.303
192.918
462.091
280.408
22.4284
299.934
42.046
393.192
392.418
374.692
287.438
158.152
355.256
1.04773
396.628
107.375
438.142
363.814
232.533
358.143
353.969
460.578
34.3241
141.239
197.555
147.461
217.482
400.726
422.09
77.2449
367.93
427.743
279.555
164.984
1.01987
303.342
461.789
302.075
66.0257
275.212
222.111
455.128
333.946
462.207
79.3872
353.64
450.482
386.735
271.363
160.272
461.662
462.322
223.236
284.677
360.123
232.413
403.241
61.8851
110.771
165.583
145.854
160.113
461.994
346.298
341.374
462.001
88.3777
206.01
121.994
64.8137
1.19473
33.7841
140.032
262.424
457.793
226.489
79.1492
234.902
246.212
462.14
0.326817
166.348
236.034
370.12
106.28
306.118
154.572
173.58
41.2368
344.702
0.367597
104.012
290.614
389.113
236.981
398.032
201.306
237.876
462.094
365.209
298.37
282.906
385.214
391.65
450.787
342.382
238.256
334.42
277.122
374.837
0.74055
326.343
175.079
232.291
251.043
230.023
380.428
268.69
70.434
386.063
462.126
111.598
52.282
215.247
281.301
330.158
324.838
0.191573
311.932
391.578
340.235
34.6257
376.854
229.952
309.266
304.654
212.13
165.973
462.752
123.039
453.466
118.668
52.3369
218.352
351.132
453.439
136.251
450.763
414.37
79.7298
249.275
394.434
460.475
373.931
425.01
239.175
160.861
51.4458
406.727
460.994
284.977
322.283
314.112
218.853
266.225
449.428
446.951
68.4693
313.282
444.046
57.3477
376.081
357.28
341.566
0.294326
115.829
333.782
396.344
8.74301
263.474
424.245
307.397
248.279
97.8508
412.385
237.606
283.476
462.053
438.017
459.856
156.895
428.057
177.478
308.132
420.783
280.326
195.469
0.284755
455.535
293.824
241.381
155.547
351.546
392.828
418.768
290.613
267.704
242.18
135.242
362.81
263.964
362.455
429.235
398.799
186.663
101.707
308.188
308.181
246.664
462.152
199.984
-0.384413
91.1489
320.714
128.192
458.546
197.898
455.684
195.033
334.085
267.713
58.4154
195.27
382.364
151.869
87.9124
66.344
462.436
234.126
89.1112
180.003
222.549
265.83
101.689
398.87
386.436
263.369
278.263
295.279
113.061
462.124
128.802
68.3615
207.786
423.607
378.671
161.285
374.46
461.574
391.361
56.3427
260.646
78.4862
462.017
461.48
75.5965
45.8908
131.201
190.91
140.851
277.198
-0.370058
331.39
126.961
251.239
367.401
298.574
145.568
310.426
0.468366
195.173
0.556487
462.138
432.446
45.4858
361.409
294.595
377.117
333.206
236.634
442.92
457.648
392.973
249.519
38.5765
317.783
290.808
71.2261
319.826
439.592
234.366
0.474927
322.548
461.85
90.7609
206.061
0.327894
460.101
235.077
342.428
197.167
1.71785
86.2088
414.266
356.641
379.958
372.736
-0.0211265
338.636
281.462
276.259
306.926
462.292
326.675
366.477
336.229
461.011
197.802
29.0561
451.997
436.968
245.175
336.85
161.703
364.836
249.957
219.486
297.599
221.045
0.65279
377.751
222.706
280.528
419.201
296.767
160.545
462.256
96.7632
460.579
234.032
0.996811
448.091
246.286
321.006
0.295345
311.488
192.905
71.3807
193.265
234.089
460.772
101.608
272.521
407.232
462.091
133.787
457.34
188.72
0.0928258
326.784
381.675
0.724357
461.77
369.022
462.192
55.1646
460.969
326.7
411.867
177.9
233.362
304.194
306.088
440.534
155.192
107.705
314.937
302.816
462.414
255.089
82.9526
202.456
295.379
284.678
452.524
262.989
26.3918
462.005
224.729
164.87
87.5946
154.907
134.307
422.511
461.861
0.590141
448.587
98.7621
454.316
292.003
271.21
285.105
158.803
187.712
315.932
447.859
317.227
461.302
312.179
421.264
213.794
97.3009
233.313
370.724
387.235
375.256
340.404
58.689
274.523
175.095
417.433
72.4252
0.287712
114.934
200.329
356.752
160.243
9.7214
399.668
0.456984
462.165
171.958
453.2
144.231
74.4026
0.31014
217.134
460.332
378.393
447.473
304.36
369.83
381.561
170.201
0.36471
167.898
264.676
462.052
209.417
105.12
401.846
1.1089
381.485
461.783
65.8667
414.16
0.267662
271.206
128.487
40.5933
295.125
237.975
250.715
0.259154
291.688
4.99144
116.326
140.213
341.705
368.064
246.373
291.964
0.131354
193.38
232.882
24.8488
240.26
0.238109
3.07059
28.4731
120.829
461.276
188.056
429.02
462.266
462.365
403.473
176.438
173.119
368.949
379.177
462.317
392.388
59.6864
445.864
284.448
372.958
341.454
0.241664
97.6104
425.181
377.606
444.605
291.572
230.276
139.679
215.256
200.094
460.317
424.664
327.958
12.4858
461.714
193.544
356.029
364.532
300.026
462.311
27.4755
395.999
434.722
241.385
84.5756
462.104
133.139
59.0464
450.087
169.054
234.794
462.327
382.62
414.334
369.908
418.505
349.678
185.666
202.486
439.729
230.082
236.398
414.691
294.385
322.103
-0.112036
461.659
39.4082
43.4999
449.627
240.085
250.05
0.21656
104.58
246.336
369.357
300.809
355.716
462.154
425.836
243.006
261.591
289.341
148.525
90.0197
170.065
240.561
1.12309
203.955
390.939
0.210152
212.837
271.131
147.691
4.895
125.768
176.867
185
252.044
239.874
252.002
67.999
390.567
11.7258
303.903
435.705
75.1909
456.106
281.728
349.411
462.058
46.5984
188.882
440.056
275.812
426.216
358.992
341.878
434.281
194.483
334.441
378.457
244.686
462.217
55.8835
296.518
462.152
2.99051
344.63
292.93
276.462
461.628
396.079
374.982
461.85
64.3545
108.756
389.26
379.291
398.736
114.583
0.22333
127.414
365.687
395.766
149.014
10.0501
138.843
396.384
191.718
391.537
252.213
461.825
282.505
306.219
429.633
127.345
450.559
156.682
462.926
110.747
333.648
0.256642
182.774
224.726
77.7795
78.2411
134.056
111.871
383.365
462.388
459.479
283.399
310.837
148.223
352.231
281.346
0.277525
281.71
410.273
326.61
462.428
64.2326
244.536
389.929
92.498
445.747
287.581
210.548
359.565
14.5101
0.410562
186.6
399.911
324.924
368.986
19.7118
88.3327
192.015
322.21
0.868342
0.252583
175.206
463.032
308.232
288.361
142.137
372.973
7.40959
93.8455
64.529
391.492
408.658
11.8523
260.694
5.90132
197.853
137.723
250.903
0.252404
33.2391
299.208
375.204
437.966
376.03
128.837
454.149
0.0436004
230.09
410.343
462.18
460.374
203.032
88.1675
183.794
450.998
420.124
7.92533
10.3196
292.126
0.49607
176.817
236.288
374.712
357.795
462.759
226.88
106.94
153.214
8.88051
105.82
287.059
442.955
215.724
462.17
385.041
0.468177
296.366
335.645
205.224
149.625
412.161
205.963
448.053
91.6553
109.319
201.001
212.044
0.075411
133.244
461.945
263.379
28.0597
407.839
462.324
235.768
399.035
15.8498
84.6114
395.024
462.335
243.466
324.257
48.5643
299.638
157.285
328.768
355.913
418.33
298.719
251.958
329.024
136.123
68.0341
312.329
164.53
419.222
220.975
96.1256
216.143
232.574
26.9693
361.1
268.453
387.683
2.88626
70.0683
254.953
172.708
460.351
94.1013
122.62
411.395
90.3401
381.017
461.565
462.01
39.8713
197.086
450.31
199.575
361.203
417.15
328.689
242.597
79.2795
461.591
306.679
162.604
179.374
260.631
200.139
84.5732
367.936
270.596
359.658
412.197
462.03
226.344
280.414
462.044
190.518
121.805
392.987
410.693
423.332
15.0162
423.987
130.553
255.187
298.104
196.09
241.82
222.137
278.596
280.836
367.699
380.249
0.450474
343.821
0.792102
432.195
73.236
303.24
462.289
88.7117
224.748
135.987
96.3302
2.80512
225.874
323.687
410.449
173.902
46.2083
456.713
340.366
248.508
383.521
434.4
208.506
128.301
345.3
462.815
399.611
106.394
276.2
423.385
356.826
4.93476
447.936
309.568
236.193
12.3704
374.255
12.2391
103.92
353.808
341.319
342.43
442.577
230.191
374.491
101.555
152.078
422.191
394.627
0.377082
270.551
216.628
400.377
259.765
299.73
242.305
431.285
441.865
406.676
296.847
12.5816
105.338
151.427
391.916
-0.357368
200.913
217.082
442.666
462.023
248.969
356.354
232.42
158.362
403.216
254.07
73.1011
2.05982
376.901
1.05905
19.3245
390.672
16.0103
229.25
260.656
164.407
253.573
355.683
447.047
461.81
72.6317
146.436
48.2003
363.48
0.168968
367.66
291.537
301.566
297.44
167.503
221.351
224.387
293.605
183.94
180.523
349.351
130.564
34.8106
401.11
72.0554
136.048
324.196
462.297
385.428
64.4401
3.62269
209.916
49.8794
157.306
270.704
66.0348
245.376
442.914
155.128
256.578
162.931
304.722
415.881
449.966
0.630281
182.484
28.7898
454.64
20.2869
270.83
65.1651
144.304
140.849
461.635
100.559
63.9907
12.2849
422.422
462.045
145.17
124.019
290.051
461.781
365.276
158.033
87.231
462.123
373.236
428.957
264.618
461.863
462.026
187.269
410.906
-0.0707693
143.687
4.73051
309.297
462.123
63.0698
220.145
283.85
394.174
461.977
344.639
3.99514
0.644863
123.892
387.713
80.6247
279.997
137.607
421.241
411.789
291.822
32.8652
403.202
253.026
320.986
344.64
342.086
462.283
272.712
357.989
172.681
241.278
407.827
459.552
322.372
409.46
53.6452
411.43
0.316822
229.122
449.529
449.676
306.656
389.284
283.962
-0.480532
401.627
270.278
318.679
437.858
1.24075
174.214
52.5223
71.9291
455.624
99.9302
0.830765
461.914
426.329
355.991
189.034
408.923
161.103
7.70206
272.893
210.716
286.49
457.013
191.501
331.601
119.37
381.239
462.136
308.253
116.45
388.587
0.812257
15.5849
1.00498
346.376
229.759
426.419
424.839
281.477
271.783
51.6764
365.582
238.046
298.418
404.564
345.957
56.5111
259.249
462.114
90.5451
157.906
362.062
192.88
319.474
283.693
443.778
169.604
434.284
0.298398
343.615
209.328
142.414
311.991
97.715
339.87
359.754
52.7046
99.7237
0.310662
291.233
298.177
67.8855
368.646
139.382
174.107
121.166
409.576
404.161
145.037
152.936
46.1191
236.101
193.086
132.633
295.27
462.202
407.661
227.81
116.299
0.900104
142.892
274.973
34.9807
203.764
268.784
440.982
460.554
181.01
53.7484
461.838
435.922
461.467
65.659
312.551
129.428
411.527
349.244
223.402
71.6692
75.3331
209.405
408.152
74.0536
151.724
287.89
347.549
14.9818
256.092
340.765
393.369
242.538
19.8929
459.537
416.982
151.311
0.284997
462.022
323.41
201.098
195.661
245.085
439.518
232.912
376.891
164.617
352.214
462.167
462.097
227.547
155.279
355.073
415.076
47.989
232.031
285.767
361.146
155.776
320.532
327.769
461.963
279.092
210.03
312.043
320.883
65.437
259.132
316.997
115.086
440.239
270.14
437.578
30.8432
129.724
2.63451
87.3779
1.18915
259.835
53.7199
147.449
104.663
216.463
202.019
245.469
101.832
306.351
5.02294
0.219869
-0.541484
25.2372
315.634
280.885
355.399
181.329
20.3325
252.654
462.21
459.556
419.028
383.41
201.795
390.642
246.095
420.108
462.184
462.19
230.271
87.2037
299.183
127.408
311.455
320.875
100.146
74.7345
340.391
262.937
308.797
137.826
246.236
250.723
222.911
92.6639
21.5884
0.152857
462.328
76.3492
148.921
314.025
151.705
434.594
292.757
341.443
411.178
294.087
413.661
416.966
462.471
221.644
66.9274
288.279
115.029
55.7264
410.567
182.158
106.176
462.102
111.19
415.621
229.757
9.54141
317.534
460.602
120.776
292.012
161.58
313.308
329.033
419.029
305.792
71.4141
462.054
462.18
251.829
99.2183
299.476
234.194
308.613
462.198
28.7962
425.169
130.213
220.696
375.194
126.999
106.394
409.286
79.0379
268.325
461.821
204.731
215.006
0.240482
334.075
438.932
393.862
40.7756
120.302
178.411
321.746
-0.0151725
54.2015
462.473
447.465
201.805
0.762307
375.23
0.918435
463.148
241.654
191.697
304.006
150.537
323.11
345.556
462.332
305.179
408.312
54.9092
183.668
462.546
365.312
266.017
462.228
325.683
461.972
192.419
261.45
403.726
461.458
346.058
462.106
450.469
0.182234
321.852
375.628
203.149
0.615374
382.373
12.7366
108.279
148.632
0.692243
446.388
427.637
143.659
223.37
254.292
458.921
3.04902
352.01
335.043
140.891
312.493
195.374
462.362
219.376
300.626
99.3398
332.791
267.746
278.285
127.638
327.483
253.58
349.17
462.09
136.087
462.511
262.323
304.959
28.0296
0.116017
191.916
287.095
40.8335
196.183
255.327
371.835
462.32
130.574
460.838
440.955
117.236
235.355
11.2282
268.593
151.726
290.132
218.317
270.933
432.987
120.7
50.1057
462.735
143.744
353.894
245.284
191.584
149.962
211.539
461.991
379.498
152.174
111.55
294.114
291.794
196.236
462.115
252.137
450.165
226.212
232.564
346.178
140.214
365.676
445.001
232.958
1.07941
95.4911
117.845
174.551
421.164
320.862
462.296
354.054
311.15
378.309
463.479
336.449
285.161
28.5545
237.159
270.35
462.145
247.161
157.838
210.565
280.69
461.908
197.273
117.298
417.364
108.713
462.21
353.147
455.419
302.115
272.396
301.315
462.272
292.84
293.394
401.032
0.0349559
0.162976
0.672999
14.802
291.762
111.367
365.135
250.73
325.485
207.867
417.968
376.97
367.038
0.728685
289.037
339.574
77.6549
426.2
275.12
321.823
343.144
388.023
138.011
0.554183
387.446
49.2584
145.061
0.459222
266.535
172.344
313.249
289.834
160.419
390.373
276.548
0.219268
225.562
265.014
300.368
-0.158121
224.719
440.884
326.757
342.228
431.622
108.332
23.6
427.067
451.563
57.1924
100.016
408.617
0.415704
194.472
229.334
162.725
281.123
0.399329
0.440441
369.924
450.536
97.2949
116.739
462.491
115.953
102.679
157.404
458.094
-0.0773986
60.1085
322.575
422.403
360.952
310.056
59.7162
271.189
213.027
226.727
133.017
461.643
410.027
259.078
222.933
0.305705
356.665
462.441
49.3118
233.17
462.037
68.2777
176.586
0.190887
0.552868
5.03331
76.7487
58.4835
412.77
78.3704
365.218
104.036
428.122
0.0315686
72.9669
82.7846
165.616
171.272
1.68766
286.044
0.958166
0.121032
356.346
123.848
440.599
384.233
415.913
243.482
429.868
312.085
194.068
265.131
324.467
157.787
222.073
207.033
407.59
462.415
63.4006
332.528
237.964
0.516548
176.252
58.8777
227.998
448.826
334.609
436.479
123.499
312.482
48.899
390.285
181.484
267.107
144.343
424.968
171.914
131.054
256.672
264.418
255.38
-0.305373
426.177
183.239
268.376
410.919
261.439
157.203
383.99
248.887
357.252
454.271
334.822
0.614258
129.991
194.141
293.342
151.095
14.7566
220.231
270.395
191.574
42.8573
89.6618
415.465
244.433
228.065
362.204
462.225
0.206625
86.998
63.1749
107.752
443.462
368.547
291.371
280.146
93.513
461.598
117.757
317.567
354.361
189.826
0.260781
301.202
249.077
460.41
323.519
301.901
15.7691
461.978
76.0397
3.86086
309.938
402.27
175.82
244.075
218.273
84.2981
113.044
365.186
419.207
461.902
177.394
112.532
323.179
462.367
207.122
176.088
26.7104
335.728
116.723
69.376
282.167
457.188
330.176
446.178
223.847
322.2
248.433
180.441
159.814
3.96522
453.776
196.236
0.401388
309.748
302.869
265.343
446.09
214.022
374.659
462.169
306.697
266.965
417.94
48.2493
-0.0637884
34.1309
135.869
260.407
97.803
196.041
286.849
366.433
32.6037
286.139
26.5392
405.18
141.614
462.22
406.205
86.5101
155.06
330.135
462.478
362.411
298.156
411.402
283.504
182.797
110.876
93.8089
63.1112
393.524
65.2126
245.493
235.492
461.96
206.13
300.27
374.206
102.592
322.75
109.592
336.126
309.949
0.983498
111.854
456.294
94.3759
288.62
315.488
361.202
462.17
431.319
225.155
433.866
436.048
130.871
461.906
60.9177
414.11
84.9745
321.614
26.9295
382.159
336.334
384.237
452.129
110.54
462.056
249.28
0.977662
275.408
0.686377
426.383
7.8591
276.887
176.264
141.852
237.433
133.41
118.398
375.958
462.121
109.805
344.652
342.895
444.743
274.115
288.448
302.145
339.368
446.574
300.342
11.1182
190.981
375.473
63.5102
353.062
390.013
371.245
133.677
311.101
371.572
89.5918
97.0638
310.656
0.439579
98.8364
153.563
132.676
460.449
0.383087
216.495
462.539
424.593
141.602
27.8643
73.278
428.821
42.6582
220.949
168.868
171.545
358.957
407.959
172.088
229.19
289.749
461.672
452.313
80.3386
205.007
462.133
442.08
290.973
420.316
216.309
351.917
30.2942
352.535
15.1623
224.968
253.213
296.843
135.168
79.9646
427.306
63.9842
181.634
108.624
80.4707
219.623
247.74
0.550527
433.476
262.634
316.409
462.157
457.57
116.94
461.594
216.291
314.721
-0.856083
306.114
364.822
354.074
219.417
47.754
95.428
4.3364
462.745
253.903
50.5901
88.9665
127.523
74.6646
270.306
302.662
224.772
47.2252
342.822
386.384
460.512
356.511
10.6676
336.714
337.41
361.471
340.221
317.175
72.6949
130.604
318.054
419.226
462.176
279.13
319.505
416.643
425.41
359.653
0.568001
0.162489
278.557
9.88025
360.222
131.536
461.857
221.397
462.391
330.176
462.505
0.268015
456.571
307.645
54.5869
0.570461
415.887
275.805
0.639004
212.961
234.712
404.475
94.8056
457.942
187.212
240.77
237.226
462.306
167.726
456.695
398.004
456.032
57.2568
399.278
115.887
25.405
179.65
176.541
218.752
153.437
222.984
429.365
1.08615
391.823
166.252
218.156
281.778
160.581
325.506
144.342
86.7297
232.599
35.1754
114.784
236.068
461.622
48.9113
462.028
322.346
1.77118
232.548
462.312
462.389
0.678149
0.87025
197.798
433.07
1.85794
462.38
261.806
361.528
222.205
129.03
435.891
227.931
354.803
118.96
193.093
290.979
428.68
299.699
4.11199
77.7421
290.464
189.099
458.039
47.5207
463.305
462.343
266.417
461.659
461.738
11.7143
430.179
57.6398
296.913
443.057
395.551
149.544
426.846
293.619
190.478
421.323
142.545
136.056
450.042
206.905
174.733
258.986
303.631
377.395
380.413
174.09
425.572
125.222
247.19
0.3208
442.828
440.11
219.754
98.1997
375.522
107.238
449.485
298.485
341.438
315.844
49.5856
291.228
354.042
62.9454
189.994
195.093
83.1967
255.594
383.325
461.676
462.178
0.357097
232.551
90.257
315.501
461.929
117.826
337.184
461.884
257.236
423.589
377.557
0.324279
383.255
157.313
88.7313
353.25
245.765
234.261
437.635
96.4365
337.743
402.894
379.615
178.807
346.932
118.04
25.5817
33.5141
255.581
99.7144
272.723
241.973
66.0443
360.018
187.995
188.148
355.494
103.001
238.917
347.449
161.874
366.405
61.9103
346.84
0.653688
446.021
461.962
267.948
341.908
196.252
171.044
405.276
124.616
352.293
451.703
460.886
397.218
217.174
57.4763
126.743
360.725
373.694
203.803
202.272
0.513676
120.639
24.6853
462.083
252.295
460.453
0.412481
390.784
302.74
292.665
360.381
281.984
377.731
79.3236
358.041
190.952
448.997
66.4703
312.055
374.933
148.389
87.6228
236.077
28.4107
462.424
395.597
305.652
244.165
-0.194269
222.825
230.672
240.253
462.384
337.094
115.972
238.043
462.081
80.0415
97.8936
313.797
241.491
461.36
437.17
335.939
313.719
397.113
461.733
281.945
262.882
223.986
11.6046
208.67
457.216
339.382
172.901
450.571
102.342
461.979
169.544
422.375
138.599
25.2656
93.7448
317.053
196.562
461.959
202.706
124.661
417.421
235.721
431.439
425.383
407.842
310.18
296.094
274.776
279.299
85.8739
407.364
418.412
292.877
464.43
252.568
462.517
259.642
77.7906
368.114
42.1792
63.8687
-3.81582
348.674
450.988
202.274
289.585
267.318
239.231
177.27
55.4347
240.519
367.523
205.468
54.05
273.963
369.417
355.144
335.938
137.596
335.702
462.776
215.802
0.163903
462.071
278.354
369.797
210.46
304.563
250.194
269.411
244.775
104.768
268.144
349.402
352.123
2.97016
266.354
2.91139
195.013
56.7973
232.829
374.665
461.918
131.38
153.201
36.4864
330.26
347.339
178.43
343.406
203.963
262.036
319.346
325.331
340.964
389.047
123.218
352.24
125.76
371.893
79.6076
365.348
325.692
27.7713
202.666
314.377
335.971
232.187
106.699
193.937
259.745
0.880234
77.6415
8.51037
93.2937
6.25607
326.184
461.564
223.523
78.007
140.701
309.378
119.059
186.14
441.897
0.440712
336.608
34.8595
289.251
462.105
298.205
288.898
80.8447
290.718
406.64
212.268
15.5548
462.038
461.289
221.838
418.351
358.586
62.0862
388.874
453.557
0.882167
4.32138
407.897
399.723
160.438
461.339
315.787
131.845
333.082
160.675
202.78
67.1428
353.084
112.315
68.2917
291.79
105.301
265.546
461.02
10.788
461.994
438.599
13.4452
349.834
397.983
61.6126
332.076
223.954
0.847727
230.622
275.358
463.978
462.242
435.571
14.5843
250.018
400.059
42.4627
462.338
14.9487
463.389
239.965
455.021
343.691
436.367
111.128
160.363
460.161
179.819
383.344
327.493
371.166
406.315
461.706
98.0596
290.613
377.875
175.119
0.518891
84.4833
399.035
337.988
424.372
462.357
152.396
180.23
245.654
149.329
46.26
461.973
419.446
222.631
243.124
389.508
48.5627
302.211
194.629
318.344
239.031
204.559
0.958451
319.534
168.108
398.28
230.855
239.716
59.1985
305.333
148.81
325.081
280.192
442.966
0.870683
7.34039
462.009
28.2257
427.074
462.123
25.7007
32.1486
1.05116
429.453
66.9542
461.897
41.2616
297.661
461.925
392.553
255.943
284.342
397.174
448.902
292.626
373.418
461.893
429.779
273.021
103.072
0.383301
291.452
310.828
318.111
380.547
318.151
405.036
461.63
239.279
37.7337
209.345
351.031
329.047
70.7425
230.267
20.1869
145.418
257.037
320.819
461.769
365.06
424.154
228.669
254.921
286.121
292.062
183.664
397.088
457.096
47.0398
462.204
217.933
42.3183
317.661
129.43
162.036
451.272
460.48
298.328
306.22
461.441
341.187
327.815
126.535
462.139
149.85
14.9153
386.542
462.34
365.84
144.137
0.729085
281.396
7.60953
31.0078
462.168
138.208
383.579
389.518
410.794
395.883
0.0293532
356.992
461.767
381.334
462.334
0.52258
339.61
462.45
426.048
280.034
417.94
352.09
294.417
393.419
194.094
319.264
449.181
265.817
315.247
294.86
241.833
333.885
414.173
351.581
269.545
196.009
384.267
0.346206
357.414
270.146
46.0635
342.355
363.702
387.683
222.457
0.517847
80.4957
362.38
315.166
48.5007
437.132
209.63
462.234
221.546
403.724
31.0906
130.048
262.834
310.928
25.3219
400.229
209.769
87.6625
261.779
457.093
275.041
460.789
417.354
345.819
409.608
1.34094
421.42
140.526
104.656
221.99
288.981
461.816
224.613
338.881
201.791
323.929
86.2482
120.062
75.9261
0.698471
461.568
274.23
345.258
48.7603
286.113
462.749
454.076
0.452888
91.0829
36.0441
180.973
381.472
192.836
337.168
461.535
110.973
0.320807
158.018
264.909
76.3753
166.584
92.4257
208.593
87.13
327.48
324.552
344.084
394.475
403.536
0.0807894
387.385
461.933
356.348
292.856
461.951
462.471
462.295
196.696
141.063
0.282277
181.938
395.419
208.402
462.002
0.348869
369.07
453.36
157.598
1.42011
153.415
285.269
162.539
452.305
126.818
85.4725
401.164
10.7963
144.938
394.241
462.351
192.506
0.643563
342.938
176.867
291.593
136.484
86.5524
1.08687
37.0404
311.339
165.733
344.968
328.031
272.313
334.183
183.898
375.044
462.305
267.026
459.824
211.114
1.29632
0.218688
288.22
113.429
273.794
462.122
146.964
112.052
440.752
213.99
136.255
462.252
209.687
428.231
11.4587
136.738
59.8768
106.564
12.3246
452.824
160.769
454.172
88.8103
415.664
288.01
126.564
355.758
359.069
266.522
266.172
462.487
1.38076
438.491
127.007
188.136
461.773
462.248
0.170598
446.104
462.049
153.074
36.9697
412.067
272.504
340.876
364.136
273.231
69.0143
355.248
353.819
206.103
444.682
199.949
0.793496
279.58
158.851
80.4037
462.244
397.614
159.652
264.476
432.668
186.994
348.349
237.825
282.568
220.266
212.093
339.769
80.1054
136.789
257.311
257.369
386.25
142.857
368.435
291.497
367.756
139.455
194.391
93.6847
409.594
0.325867
61.8446
218.985
406.289
257.799
288.442
408.688
344.54
462.549
347.332
363.844
406.478
400.964
275.172
461.65
462.316
288.476
401.802
255.783
281.411
261.229
386.459
290.492
402.637
285.166
273.281
63.1401
301.091
314.507
281.127
117.784
424.197
0.700932
462.167
280.653
139.781
239.113
462.372
288.392
459.505
0.301713
456.039
90.8778
393.632
0.360591
461.883
80.6094
54.4681
355.145
209.017
461.67
321.352
0.270954
243.612
235.596
155.256
382.094
3.3536
281.891
347.454
461.916
95.8552
197.228
368.559
222.044
0.227081
287.935
462.685
1.17034
0.687238
142.865
33.5981
398.124
359.804
291.85
83.2927
146.571
321.752
462.207
365.028
137.466
436.483
217.774
287.804
152.674
135.309
421.078
244.631
272.415
316.095
448.17
289.135
279.051
337.605
462.005
337.974
46.8146
342.902
232.592
462.492
213.228
294.071
340.825
211.33
454.529
449.562
405.464
462.174
62.0641
0.528972
211.052
35.3785
155.085
293.344
222.662
204.349
433.291
216.117
169.142
174.444
0.975123
253.562
121.398
214.033
461.496
294.016
401.585
87.6634
435.196
398.819
109.094
241.108
435.367
89.2951
263.24
0.99912
377.344
315.143
280.71
377.549
462.241
371.871
294.588
0.415184
410.773
462.243
93.8046
377.296
113.879
150.771
409.4
251.713
289.627
362.059
315.47
230.118
125.566
390.439
461.948
228.985
261.05
300.141
321.309
1.94029
258.277
233.693
408.026
328.348
323.4
299.37
185.32
80.4116
207.493
257.652
0.742446
315.74
8.62631
405.157
191.127
326.385
0.048955
462.303
460.995
0.918647
339.025
50.5818
345.057
332.792
1.3732
11.4601
58.669
0.30784
325.58
461.918
252.017
274.061
162.422
346.761
226.33
169.548
0.455806
98.5789
168.892
105.038
305.954
9.31243
389.539
0.433264
213.648
199.899
397.561
420.652
118.663
371.308
337.237
414.533
105.197
91.947
240.83
246.949
363.249
198.059
255.529
327.134
175.376
299.895
297.608
229.013
239.859
194.053
285.45
332.364
304.086
263.381
365.429
59.165
104.289
255.386
462.281
281.372
49.1701
76.5824
163.405
-0.131692
124.962
163.386
283.678
366.217
426.699
163.589
207.267
171.457
462.338
308.439
130.145
158.918
211.958
0.63694
244.629
262.734
122.864
218.428
337.567
459.693
36.2752
387.869
387.583
462.213
187.787
279.975
350.452
437.85
381.941
394.643
385.778
377.735
198.236
461.54
461.828
39.7247
0.435118
1.74042
192.273
311.725
281.531
325.047
438.453
230.192
389.69
293.364
102.049
84.8782
380.711
316.433
50.062
302.034
411.812
462.385
229.638
278.716
387.677
59.6659
254.5
213.044
0.315695
369.278
462.091
244.741
6.10629
111.546
328.234
0.223883
152.504
132.784
366.005
254.351
255.202
1.00243
377.675
235.749
179.03
18.2862
216.215
256.264
438.668
309.019
419.109
83.6177
224.73
284.683
98.4759
445.081
128.766
462.015
350.685
407.442
387.274
2.26136
90.9822
404.126
205.067
342.197
124.157
459.027
183.609
345.315
273.175
172.845
282.082
250.026
358.16
229.919
73.9137
271.576
12.2962
196.213
31.292
462.095
380.6
33.3562
61.113
356.01
359.296
256.595
359.585
62.0547
263.237
176.747
309.252
171.422
377.701
128.362
337.971
393.393
259.42
107.668
1.1824
276.506
0.300996
378.342
351.895
397.11
397.889
1.64487
427.672
374.266
75.3749
295.434
339.991
235.421
66.2009
157.234
462.022
31.9697
245.468
162.113
23.5876
314.297
268.999
138.166
13.4373
407.337
311.608
462.204
150.84
421.625
8.72092
54.8993
180.738
206.396
13.4786
260.809
377.63
125.784
343.401
428.91
150.68
250.321
317.249
367.199
1.12866
235.167
392.373
315.787
258.21
356.006
74.7266
330.229
67.3306
347.912
390.131
462.334
460.14
410.331
295.933
461.799
92.4774
0.563309
317.204
288.528
156.15
428.403
445.358
354.368
223.549
250.605
348.731
397.907
332.294
388.344
113.765
296.27
218.823
412.278
126.62
339.553
257.327
460.776
173.486
10.0276
257.118
208.878
2.98019
185.117
469.82
324.272
446.116
101.385
409.673
353.415
462.274
322.55
371.069
462.244
185.617
277.729
83.6724
261.321
311.57
356.997
151.015
374.784
117.247
317.662
462.214
462.329
307.184
22.6522
223.764
-0.237985
434.918
419.643
332.568
248.764
461.518
369.637
207.806
267.866
353.529
119.324
280.279
132.932
333.217
295.404
423.13
274.076
0.562724
15.5577
260.088
376.946
256.204
246.918
98.3841
434.05
20.571
0.554912
286.833
-2.53216
66.2319
0.264692
109.05
335.856
215.808
261.91
227.347
306.684
318.78
22.6377
335.971
447.482
42.5147
309.551
173.996
165.708
188.995
449.512
382.952
290.375
182.465
361.801
308.976
57.3761
340.547
439.646
418.106
320.739
404.224
21.9775
385.083
121.933
290.711
382.053
0.375636
384.21
240.228
118.163
462.197
338.977
296.92
288.431
113.144
230.142
42.59
237.073
239.741
360.291
182.045
368.219
462.663
99.258
293.679
0.731709
96.4767
410.928
332.862
385.595
355.157
347.976
198.41
215.169
417.121
265.385
135.116
32.1873
420.678
268.362
85.912
268
317.383
416.624
386.993
284.454
418.601
206.56
116.359
283.828
320.96
130.806
104.453
4.8382
37.2148
132.691
462.148
153.216
0.948052
461.181
200.522
462.652
250.626
87.4709
243.766
279.549
324.162
180.289
136.141
197.995
268.067
462.113
4.10989
374.077
254.088
249.8
315.366
108.542
231.19
104.98
175.885
279.407
110.731
2.62438
187.159
431.958
338.434
15.0011
335.366
253.779
334.857
218.82
300.073
461.996
390.277
302.087
303.834
103.255
126.572
166.067
155.357
85.168
312.971
90.0729
398.447
356.822
389.689
273.943
160.85
412.432
1.05337
462.241
98.6946
377.394
419.209
453.801
307.245
247.29
34.9896
347.1
113.766
174.804
407.54
418.647
0.463675
349.786
461.637
272.412
202.006
461.992
444.114
274.213
133.156
64.749
199.319
412.7
1.01124
328.228
77.7095
367.861
179.644
205.474
31.8417
462.32
132.583
375.041
207.197
433.709
378.104
150.176
462.288
107.503
135.397
307.582
232.314
311.498
151.391
419.9
155.512
460.856
446.316
77.048
49.212
35.4236
202.889
348.67
10.1803
228.581
1.20461
171.378
106.75
459.266
10.0641
362.51
207.867
271.285
345.056
331.988
462.408
269.427
441.815
233.002
85.8363
290.661
259.811
272.051
441.424
0.177828
383.669
361.327
1.77813
392.978
315.028
304.594
423.147
460.895
324.669
422.256
81.5669
265.351
462.347
130.151
244.534
462.178
323.916
261.119
399.854
68.8941
376.294
359.889
345.329
334.36
61.1148
434.129
89.5713
227.318
255.335
123.99
461.896
195.447
373.184
178.133
306.586
123.383
327.408
97.8123
17.8711
103.466
147.189
387.112
337.837
126.217
183.703
389.027
424.048
184.795
411.523
383.797
238.263
149.901
111.902
61.4581
274.606
183.832
229.345
77.391
163.414
3.88891
461.44
323.516
461.077
288.74
320.546
133.691
230.214
187.22
26.0675
241.313
160.585
272.225
349.174
62.2734
47.5776
274.752
180.494
120.995
462.323
166.414
462.063
379.341
287.839
329.011
394.034
393.919
232.161
406.446
236.547
308.172
461.336
462.244
30.3989
383.93
270.277
321.605
371.707
125.342
232.465
69.0349
432.652
426.577
93.5945
356.806
152.216
97.0004
186.298
294.196
270.423
284.149
127.964
462.475
206.587
454.721
1.07493
92.6133
128.63
323.18
232.788
159.708
0.506204
462.432
311.461
269.934
320.982
337.512
324.101
138.738
0.773687
299.45
249.164
-0.545589
272.075
283.053
190.143
388.963
22.5454
361.771
123.531
22.0851
87.6534
415.028
236.577
66.6439
259.812
260.008
-1.26708
233.486
168.668
418.537
0.224274
461.157
385.797
157.435
302.235
1.01199
381.149
341.405
360.335
348.262
173.669
0.958158
260.074
7.21558
77.9093
397.313
118.673
0.029031
97.127
340.776
61.2705
283.784
300.995
377.822
224.68
446.241
340.546
324.69
118.446
392.707
112.929
0.979386
93.0327
80.0426
296.731
292.094
147.815
325.673
66.2279
0.562466
461.635
461.99
206.892
461.653
0.190758
133.005
348.077
115.27
57.7584
136.66
450.488
372.342
109.509
79.4894
215.322
360.072
300.906
154.662
56.4443
296.981
446.661
5.05119
244.719
49.0018
257.874
86.9365
398.056
291.808
26.5488
21.3691
1.66561
75.8713
198.488
149.004
203.642
-0.121773
0.410256
349.081
448.991
288.137
87.1636
251.724
0.789924
385.388
207.845
339.693
277.294
282.975
331.034
357.392
201.394
0.856111
414.222
205.641
169.172
0.323087
158.199
323.617
256.943
444.681
273.183
378.654
297.468
230.205
357.215
379.018
462.248
68.4179
288.102
429.337
152.576
8.55237
305.442
207.345
170.061
416.443
283.993
0.978918
254.555
101.592
369.187
204.412
183.532
142.16
369.919
179.378
270.953
119.428
136.181
48.7407
174.103
461.132
338.664
358.99
365.861
436.569
461.93
0.395112
384.962
413.876
284.941
168.502
244.594
265.61
416.638
429.204
234.444
314.277
230.391
461.769
461.795
280.339
207.981
177.346
0.438083
50.9722
1.01515
456.273
258.409
410.939
40.4399
405.236
246.599
326.531
60.7722
50.4272
313.356
190.78
246.926
123.226
297.286
97.8878
0.273088
353.302
337.38
362.943
47.2621
227.507
0.0624493
49.1561
14.0849
294.463
231.803
462.151
158.089
389.143
398.26
462.048
193.054
400.171
303.504
337.791
142.542
216.146
356.951
322.697
230.238
109.926
362.579
180.123
98.7665
425.307
321.134
393.856
186.391
53.2502
339.451
384.609
240.644
462.058
36.6941
357.913
107.681
200.78
356.519
423.251
1.00268
335.768
400.443
448.244
208.136
230.346
393.187
405.632
215.739
338.462
308.407
343.998
333.199
0.411676
101.593
283.054
429.188
370.379
462.389
363.964
26.9601
257.592
394.215
317.932
435.135
138.404
257.132
0.217162
236.503
64.8822
344.042
13.6561
221.827
357.834
364.626
275.506
402.414
291.781
206.497
399.295
157.915
182.631
286.229
413.212
161.841
330.815
365.858
369.835
289.458
228.506
1.3699
425.043
202.384
20.751
320.067
-0.0779398
418.073
271.9
462.089
229.865
23.4809
217.411
323.346
241.391
383.464
77.2407
0.303149
12.2904
387.975
312.671
179.916
94.6444
396.456
418.502
311.806
438.451
280.365
460.817
74.1601
330.195
258.381
124.546
461.566
256.841
413.517
146.496
443.011
278.552
293.243
197.362
291.575
356.515
107.609
233.06
286.371
68.18
224.707
58.5174
461.686
304.719
440.008
169.352
462.012
238.92
0.602163
244.601
442.923
185.177
187.339
199.091
364.331
378.183
205.065
279.27
173.146
413.326
371.775
155.686
414.578
250.452
320.663
324.453
267.873
163.97
391.099
419.267
46.4209
403.418
307.145
0.965572
214.732
223.419
164.631
425.718
336.444
448.181
372.097
110.026
352.223
462.041
59.4135
81.4803
356.438
421.297
374.91
7.63301
347.488
73.0426
176.715
115.431
424.812
393.549
462.417
370.855
250.724
293.145
94.6813
360.169
461.799
412.246
320.639
368.4
249.467
349.247
-2.1355
70.1349
307.658
325.719
169.636
256.291
255.383
433.238
255.64
260.712
268.527
218.167
133.51
462.471
257.465
21.7109
359.123
325.867
449.737
432.715
0.542658
0.787326
422.124
270.321
241.604
451.382
332.167
381.568
216.024
376.355
13.3041
350.952
0.120526
392
457.746
202.709
72.7125
437.294
219.75
4.16251
146.564
7.14292
462.226
234.721
262.08
434.588
141.172
179.99
3.24734
30.1515
462.1
424.27
134.807
433.333
186.984
195.258
449.269
296.836
250.776
451.894
292.007
416.008
134.847
123.495
177.548
122.829
312.39
240.676
134.731
206.876
459.07
462.238
0.871742
46.938
462.189
159.273
268.252
156.964
1.63355
165.598
224.721
428.991
60.5893
369.926
461.928
221.608
305.943
239.523
461.599
31.1618
364.744
317.17
89.4759
461.446
327.359
0.867835
352.485
200.535
10.1787
161.61
205.029
252.277
347.84
121.909
273.546
100.613
196.875
335.798
123.691
53.4432
279.956
420.527
389.352
462.393
355.738
368.152
400.576
240.769
224.15
437.141
119.134
384.565
315.389
461.78
245.719
235.853
359.127
462.135
334.625
462.572
358.731
462.392
408.838
330.884
461.684
370.512
456.086
320.761
1.99414
45.1722
124.648
61.9552
462.426
217.112
296.49
310.995
314.286
68.3351
230.262
116.17
462.097
169.308
208.787
460.644
266.694
136.465
461.41
462.42
350.114
462.416
81.4917
22.4074
279.647
462.41
-7.3314
461.953
453.17
241.383
311.969
462.112
110.066
144.005
370.472
384.556
30.0757
156.14
49.9658
461.996
285.569
28.5446
335.717
430.502
450.003
253.789
0.556812
151.9
30.0661
269.114
428.512
420.129
204.69
423.259
126.053
462.536
211.477
204.016
407.741
76.6985
148.354
139.541
352.789
201.091
373.624
332.519
167.427
388.425
106.04
72.6593
47.6402
357.258
367.662
267.079
439.027
73.1958
197.484
147.612
460.983
359.805
206.921
248.749
108.655
442.745
461.97
107.09
120.399
339.113
278.437
375.179
135.53
461.986
105.399
19.1818
430.086
74.659
430.821
456.462
158.118
254.22
406.08
0.193374
385.254
397.29
207.374
437.127
375.306
39.1601
441.104
124.402
357.499
351.004
266.181
387.467
234.134
462.491
461.096
111.018
391.288
462.449
282.513
247.387
32.8545
8.06219
87.5591
258.014
115.518
171.41
186.814
99.9868
199.918
368.579
461.097
88.5895
357.388
53.3746
370.298
295.212
436.731
212.394
0.0603514
460.379
220.382
235.116
345.435
105.756
382.583
191.682
139.559
40.0457
232.604
428.495
0.328777
123.892
371.359
232.623
355.152
173.101
176.469
13.1777
317.489
266.379
327.857
94.0136
169.958
91.9534
345.635
89.8358
445.527
47.0131
60.4048
155.045
302.206
280.03
273.748
439.976
289.872
28.0535
136.694
337.995
385.234
392.341
323.92
1.18196
462.238
1.07116
433.617
264.198
186.952
380.501
0.438269
462.301
18.3042
171.365
158.087
316.136
167.601
130.007
423.013
127.279
387.887
368.848
117.476
461.781
216.818
220.994
44.102
55.225
461.239
31.8373
213.982
310.029
89.081
386.817
56.4484
330.661
324.805
66.4568
366.993
402.671
285.654
278.479
362.974
0.975781
431.476
462.871
318.94
225.77
337.472
254.757
290.045
224.974
462.33
463.199
0.280921
461.923
0.222009
60.3535
290.994
19.8182
57.573
370.057
23.8706
393.1
429.193
392.571
73.5241
264.044
303.734
462.35
249.652
173.422
119.497
110.068
317.978
291.039
99.7785
309.808
3.37507
316.111
131.731
411.631
425.075
74.9322
405.278
240.647
26.6217
9.09125
462.157
271.642
347.854
315.395
276.763
444.327
140.915
461.628
199.889
184.134
457.357
50.2625
171.776
187.867
336.189
48.3263
131.772
423.107
302.984
11.6209
421.416
459.524
363.858
212.936
307.253
462.227
234.011
85.7671
200.819
54.8899
295.648
207.149
2.0872
344.661
178.84
256.968
239.429
439.294
315.04
238.702
0.461157
95.6722
298.378
286.794
264.965
258.784
433.044
361.496
238.427
318.997
182.553
416.228
419.821
0.245545
446.311
358.24
425.112
140.464
358.599
339.724
462.047
182.561
371.065
290.208
251.21
286.777
333.031
137.793
217.106
322.666
202.296
318.357
462.135
364.073
295.166
392.44
0.0639593
41.2847
51.2562
95.7366
462.33
410.515
307.411
272.572
376.781
460.492
368.104
385.894
233.146
421.868
123.396
271.31
349.579
431.402
257.503
298.398
318.797
348.28
47.6981
226.399
131.297
301.845
386.565
273.368
402.749
321.22
158.402
313.503
194.495
347.46
41.0511
384.517
114.471
103.676
343.274
1.96901
322.965
103.53
461.275
413.444
461.605
0.474665
179.576
105.962
274.415
447.117
462.022
174.485
125.666
111.327
185.829
91.7306
78.9445
386.867
328.155
349.72
302.88
59.3623
15.4305
200.06
156.903
304.002
230.27
397.374
73.9866
0.33729
207.737
237.93
345.915
74.1838
130.727
111.583
309.638
255.804
123.658
462.855
0.186145
368.438
83.1292
306.28
155.945
60.4555
414.319
455.455
324.565
75.0418
351.102
77.7529
49.3587
434.694
286.501
284.04
373.4
312.131
379.059
254.115
422.425
0.484012
462.266
0.434639
418.497
243.391
133.798
240.893
331.337
326.346
461.987
139.064
9.33568
61.4008
185.027
324.67
369.296
446.561
461.202
344.448
230.584
201.944
450.756
141.997
328.803
364.019
0.876928
457.418
462.148
275.798
436.999
281.14
375.916
206.196
328.625
82.9591
212.467
109.485
133.086
2.869
0.440103
357.352
274.356
86.082
366.132
35.7272
461.59
265.975
320.263
26.9583
342.318
462.347
237.669
164.254
333.679
462.599
276.765
0.40383
429.093
243.468
258.325
336.595
301.393
0.980208
187.022
87.4122
18.9745
306.678
413.092
417.466
445.325
0.425082
144.048
461.974
141.438
462.038
16.0432
121.442
204.77
111.04
460.935
390.93
159.967
335.211
213.046
37.5989
320.667
462.587
0.103906
335.83
0.466205
374.121
181.482
98.933
175.764
462.236
183.614
118.347
38.368
389.979
456.523
171.953
419.161
118.586
75.2412
169.189
337.707
67.9986
-0.115926
213.959
462.272
252.683
0.407236
291.659
410.648
153.878
257.433
189.575
462.348
241.839
433.371
312.458
8.20913
114.557
0.377448
462.555
436.982
101.904
0.462241
420.784
243.892
154.014
456.73
51.2071
302.151
159.594
324.629
129.096
137.691
1.05516
181.811
44.3413
375.904
74.2928
353.523
355.949
396.915
0.182667
302.174
214.357
140.492
305.388
193.619
460.002
0.390004
245.315
170.416
162.129
318.178
24.5177
215.683
369.65
54.5448
244.164
417.116
386.415
390.207
306.761
196.216
410.282
0.460408
229.754
108.161
256.774
277.87
462.063
406.372
461.724
189.217
349.324
281.844
222.387
291.348
424.81
38.7389
46.132
119.465
406.776
242.161
461.449
461.432
99.7903
0.569436
172.636
419.655
259.641
0.550177
64.2935
281.301
357.475
419.573
199.23
461.876
423.48
124.401
45.7973
96.1263
0.238907
259.927
107.645
8.77673
196.83
259.284
239.363
73.4974
166.669
323.718
462.228
399.559
206.226
462.521
431.685
422.923
462.085
172.345
0.0572233
342.077
310.325
19.205
323.947
1.08251
22.9267
324.605
388.152
176.657
221.147
247.87
459.455
409.477
303.799
129.331
174.736
0.0233399
281.905
0.349275
1.01536
383.037
376.646
336.11
248.302
305.476
243.676
241.262
278.36
230.039
2.73372
-0.0592895
433.332
69.2363
141.876
401.417
462.291
237.739
120.397
462.106
416.852
394.505
168.639
352.23
88.094
299.056
456.761
197.689
460.954
461.628
338.783
434.394
462.13
308.706
337.678
39.2709
291.466
23.7248
165.24
276.549
245.495
342.675
380.626
217.959
102.211
28.7261
306.049
133.162
244.469
412.907
0.0126089
168.448
180.16
298.981
63.3942
463.23
320.622
387.456
0.663339
283.451
133.481
31.1427
461.731
433.358
327.589
40.5261
229.604
181.53
283.288
172.981
284.73
462.027
167.721
127.804
0.72916
240.316
0.43563
187.08
157.783
172.142
259.475
87.2234
160.613
460.058
217.331
55.8681
408.444
387.437
72.9087
461.713
192.597
268.881
168.365
260.029
57.6963
4.38554
309.825
40.1026
455.12
70.3119
157.422
461.536
242.851
262.503
342.609
441.068
354.761
395.316
448.901
109.525
364.329
193.306
440.43
9.81238
438.531
399.657
436.266
10.4482
373.07
262.597
263.153
452.657
369.667
458.288
43.7703
370.615
448.788
454.722
423.93
430.555
462.165
0.618397
407.244
34.0573
330.234
238.148
141.054
31.2958
333.027
287.206
258.248
173.707
179.751
241.728
234.243
232.597
460.808
306.966
143.353
102.277
462.587
357.399
130.79
162.771
379.687
323.627
27.7755
51.2548
280.092
442.848
167.326
365.801
443.484
442.044
243.159
338.955
134.323
397.387
102.753
215.814
433.681
422.311
358.196
462.001
331.08
129.916
7.94191
462.221
374.653
318.092
352.374
82.4945
34.1547
368.046
243.576
360.484
82.7948
86.1154
235.804
246.041
36.9585
127.12
337.225
121.382
462.039
383.157
283.24
305.368
199.685
234.79
388.761
389.655
81.4223
49.2888
462.24
156.312
232.764
334.411
210.932
378.372
398.843
406.145
88.6538
178.443
0.938902
401.771
1.01067
209.497
380.937
142.222
238.596
344.829
462.357
418.005
363.885
99.509
51.2015
433.02
411.148
414.107
390.622
114.757
176.181
447.766
0.0185827
441.293
360.785
270.728
461.883
314.746
317.374
348.13
12.2867
455.474
55.6343
426.64
391.073
248.122
462.386
238.894
21.6299
459.737
80.0325
462.155
397.332
219.92
370.732
224.701
428.733
224.046
128.055
416.452
461.607
0.29563
461.757
117.115
161.601
63.2542
210.909
290.146
298.889
155.707
280.668
339.931
317.045
461.887
462.667
454.89
264.078
26.6479
186.997
143.791
15.8167
347.673
102.105
462.952
48.1454
9.05915
340.874
355.802
0.42208
1.86282
374.882
0.997182
462.181
411.081
259.738
42.7173
462.625
218.979
208.324
462.32
85.3367
96.0399
461.799
330.669
61.8217
333.259
407.551
462.266
83.0212
419.42
394.164
425.526
462.295
462.063
2.4115
0.141182
371.95
315.795
120.425
60.9669
205.272
461.954
209.287
-0.054372
2.87671
462.406
302.977
167.201
159.708
293.189
119.913
461.894
356.094
286.075
259.167
378.688
462.208
233.877
242.154
233.771
2.19403
461.923
316.353
455.856
260.577
199.055
461.399
462.188
1.01706
431.189
322.936
348.311
462.947
454.039
0.372599
215.703
178.037
66.8801
439.803
462.188
442.313
307.751
433.637
429.697
188.845
386.688
329.729
235.3
2.5335
185.203
286.51
269.427
462.034
341.398
404.971
276.201
357.555
275.542
462.167
37.5031
228.633
28.5373
249.256
307.144
10.3391
111.597
67.1268
354.32
305.189
384.618
357.895
279.573
87.9151
360.175
274.883
400.871
406.168
114.295
444.114
408.58
367.637
347.894
280.15
210.358
462.223
463.707
263.172
268.588
174.222
337.028
58.6147
0.487407
3.47391
307.088
147.15
251.849
161.489
337.557
319.142
304.441
263.927
379.484
189.143
266.97
302.2
284.737
79.6651
266.096
0.171308
268.147
102.517
12.2158
408.184
60.3995
140.232
109.798
394.465
462.057
196.952
37.5755
136.614
350.373
448.894
263.093
72.8211
334.628
330.686
247.511
432.612
348.954
0.593116
116.455
70.1609
209.236
316.175
287.507
164.989
232.199
160.638
461.734
428.347
345.743
81.3207
241.175
136.365
415.231
332.713
381.161
227.011
54.4062
107.408
148.702
235.821
122.793
378.465
105.055
56.7631
272.153
322.291
266.265
369.549
287.707
54.6585
249.102
268.335
305.46
90.0515
260.229
379.766
343.367
325.27
214.686
134.222
451.256
405.904
261.091
120.951
420.073
157.649
368.283
315.204
412.774
0.998758
344.934
291.563
379.147
0.621814
258.059
331.096
13.6384
338.838
198.898
62.5428
256.436
26.9128
47.6842
35.293
286.312
340.173
461.655
462.078
171.737
4.6635
319.203
366.127
147.847
289.918
259.574
434.453
253.961
0.701638
381.377
462.353
440.91
378.559
461.085
242.019
373.176
421.686
435.663
294.682
141.501
298.371
461.796
165.425
309.457
256.734
332.2
195.061
462.629
427.729
358.504
299.796
353.045
115.574
358.509
338.993
367.323
462.558
357.363
462.092
167.186
274.55
0.264489
159.163
121.095
51.4573
424.795
422.871
126.605
368.68
243.49
462.701
146.89
462.212
147.655
0.955401
430.552
343.676
352.315
362.825
158.047
379.963
0.795945
429.409
296.255
31.6483
453.208
385.802
196.154
381.407
462.024
207.536
63.5441
282.803
229.822
72.4409
193.224
439.754
250.657
239.165
0.423843
262.176
175.661
146.142
346.223
418.516
404.278
415.147
58.1442
436.736
365.925
170.855
256.825
146.153
442.389
0.75164
405.613
77.5109
246.498
385.705
0.0449774
174.856
323.211
429.77
375.041
358.57
213.195
314.565
390.447
125.214
462.258
51.2011
126.155
43.4759
12.8476
0.511178
193.386
389.27
9.02178
78.3277
72.9027
462.264
285.977
397.129
218.898
354.202
233.167
19.8505
79.0948
412.814
203.517
315.171
421.388
20.8082
451.128
289.443
100.927
377.513
247.137
291.709
417.305
462.276
314.32
106.842
90.9091
164.81
243.105
69.7985
329.03
230.168
286.99
131.895
242.475
1.7247
434.066
152.123
18.1209
33.7497
416.853
300.138
462.212
236.205
0.647189
442.23
4.01804
250.303
22.1134
207.498
346.121
106.613
332.11
380.072
44.3637
177.522
308.141
365.716
309.282
34.8775
271.603
245.074
254.048
291.113
8.5086
0.420043
193.952
411.652
413.405
0.14831
233.373
129.075
405.756
13.0237
304.147
461.88
301.556
127.955
246.442
297.339
126.984
406.111
168.349
271.364
325.285
225.849
461.577
284.417
232.494
53.9914
277.637
461.984
359.383
440.692
157.56
438.054
281.245
19.8544
179.6
29.8254
461.605
321.235
2.02611
141.841
212.31
116.864
0.441971
288.993
197.188
250.215
357.944
269.409
260.833
282.679
169.474
352.683
335.36
238.236
362.623
291.682
169.054
123.066
355.762
98.3786
1.70552
377.957
462.132
171.844
395.261
314.705
338.43
373.325
95.9078
296.813
126.466
399.021
462.412
244.434
232.512
371.242
461.005
184.091
263.413
258.455
119.088
394.661
73.5392
66.6947
460.032
276.236
380.03
160.449
293.471
272.588
146.521
285.733
322.463
297.806
355.777
146.022
12.7486
296.038
400.183
87.4418
315.54
234.075
266.773
290.479
135.747
278.253
232.633
251.348
345.788
108.244
433.663
11.2143
242.847
15.3432
295.572
393.947
413.388
321.222
186.563
300.709
451.726
278.655
186.479
68.8006
75.8935
325.02
394.768
122.752
290.549
387.142
183.451
318.57
248.741
32.8442
36.5368
442.204
124.266
433.493
232.553
462.416
319.896
335.442
461.511
161.11
323.809
443.736
185.419
351.81
49.3582
347.385
234.635
23.2588
461.689
0.704857
462.158
0.3982
459.828
207.182
415.941
240.314
368.571
234.493
150.989
303.9
36.3902
261.89
95.6657
432.998
195.522
311.824
389.004
260.888
462.265
312.896
273.065
239.893
194.537
415.161
175.947
461.488
263.151
50.7584
264.119
89.3258
360.364
374.818
245.352
354.334
90.4231
421.08
138.364
175.933
199.143
264.63
318.427
394.198
461.952
132.498
114.473
43.7209
315.409
287.16
306.669
295.735
336.418
396.877
0.19856
135.697
356.573
32.8273
47.9345
122.294
31.6304
217.188
157.807
0.393931
365.111
103.439
413.16
377.835
268.717
253.991
278.165
219.727
462.835
388.666
248.824
23.1603
366.271
288.33
215.559
318.381
151.386
433.483
29.9758
327.848
311.856
462.401
121.816
368.095
350.564
272.886
295.573
371.41
364.813
288.118
341.43
73.335
379.655
204.82
412.337
65.9523
358.354
250.875
461.557
455.236
395.888
409.406
123.197
160.648
262.338
430.717
295.255
389.248
89.1992
317.942
140.082
435.785
353.748
142.361
451.158
29.2829
0.199394
297.572
345.517
113.796
284.419
441.829
0.919843
321.866
280.273
154.203
461.728
292.063
462.664
33.0031
165.704
431.474
432.813
198.454
460.403
186.63
54.2974
289.439
434.612
94.0496
246.377
213.651
459.998
268.473
462.412
343.811
448.505
29.0631
335.517
462.238
213.395
0.238763
296.122
141.622
209.069
6.09457
47.5453
81.9749
218.71
428.115
106.94
300.591
167.247
414.96
437.296
396.827
405.13
85.9984
202.928
115.399
340.688
140.361
218.143
343.653
343.513
251.348
292.071
142.125
373.683
181.99
252.447
12.849
442.645
121.895
240.327
461.832
444.789
120.017
32.8793
462.467
283.765
345.366
459.615
434.617
185.477
152.938
273.014
460.54
370.859
319.063
33.1922
0.331256
348.162
282.681
422.667
53.9474
462.063
268.985
247.84
297.588
462.098
462.488
290.575
305.323
98.4289
334.69
161.871
227.883
191.299
462.193
50.1738
180.244
0.367649
53.3541
208.307
340.907
325.825
191.313
384.853
159.794
439.703
230.307
391.382
258.78
423.214
278.336
371.889
166.823
346.56
231.336
63.4724
141.713
126.097
166.881
288.231
462.555
0.579675
147.041
60.2947
293.617
383.736
38.882
69.566
0.625449
438.017
246.296
0.803178
0.354122
136.069
337.712
312.414
382.822
438.96
232.125
106.958
199.772
198.95
240.178
259.724
329.794
90.6599
238.468
287.114
455.884
462.223
410.722
273.542
99.3532
138.224
416.147
353.045
125.834
300.561
462.111
453.785
267.201
181.91
281.645
178.839
99.0194
21.5324
270.122
458.747
190.766
165.4
197.203
462.3
221.774
19.5526
246.935
378.594
388.225
461.876
390.743
287.8
406.413
270.523
109.97
344.396
361.49
223.446
313.635
318.337
9.56286
304.925
233.088
121.031
95.8028
208.803
1.4704
374.689
165.034
168.065
187.402
216.987
461.996
461.104
337.32
461.931
373.661
78.7793
319.67
210.121
277.931
252.308
354.932
164.368
283.242
273.105
107.22
178.979
299.665
233.471
153.966
463.727
63.2153
287.62
461.538
303.653
216.189
462.155
404.257
0.783586
314.619
229.762
346.938
187.301
0.361613
436.428
461.674
378.653
444.646
0.363816
151.012
271.148
365.102
180.19
45.0326
352.849
159.301
12.4329
39.6081
279.397
462.212
162.801
264.55
461.911
378.965
200.995
216.68
234.647
0.182044
0.20669
404.757
65.5329
229.172
365.674
128.227
0.515692
240.256
391.791
458.839
29.4967
426.322
347.58
375.241
349.406
265.738
178.676
380.038
462.991
461.548
148.991
175.898
462.036
0.434889
314.295
0.833409
189.873
427.867
314.885
172.687
314.074
229.522
0.435445
461.727
457.712
461.923
440.379
290.756
127.079
115.276
0.290358
293.856
144.251
250.478
370.675
273.719
55.8908
230.219
335.898
233.308
154.998
59.5605
348.232
302.769
271.199
249.459
402.714
124.17
106.61
252.136
243.223
461.747
434.477
420.768
337.583
184.428
11.9986
262.628
30.6986
228.196
213.676
92.3662
52.417
307.007
167.945
317.548
127.736
275.226
153.993
58.2357
123.127
31.9903
78.3371
462.457
461.863
391.527
461.633
232.927
160.45
71.4908
146.655
248.462
260.569
199.25
394.644
372.396
349.04
94.7965
223.764
461.702
157.657
106.557
383.153
305.069
404.757
321.603
273.212
271.527
233.475
261.777
153.868
398.292
313.452
187.229
236.188
0.751985
41.1818
462.008
437.073
142.2
61.0391
184.406
18.7335
156.602
368.389
177.102
147.774
383.17
447.165
267.731
443.452
131.078
89.1419
374.458
274.165
6.19532
310.228
184.595
460.385
221.084
395.611
459.006
69.6206
411.728
184.288
197.894
360.033
203.918
423.33
173.487
165.893
184.986
306.679
132.8
291.585
10.4605
38.6892
221.12
462.186
90.7115
298.546
355.215
205.061
250.624
460.056
216.721
225.311
291.819
462.718
113.123
124.82
461.909
279.973
97.8532
216.243
390.125
147.719
318.776
315.176
407.182
103.907
415.577
298.005
0.179601
186.726
253.349
0.29768
462.378
223.84
266.907
0.424686
431.926
461.635
452.264
119.925
0.558203
361.619
357.428
267.701
232.752
119.204
228.96
152.997
241.878
462.233
311.676
400.517
377.113
64.5285
236.885
0.0968012
462.157
462.212
413.017
16.6278
0.43401
154.485
10.996
251.695
430.875
100.338
429.9
337.905
461.981
247.851
354.625
462.161
410.795
461.616
0.37972
380.945
224.559
129.926
192.987
173.541
407.532
414.763
462.232
420.903
221.365
25.7956
438.756
22.7862
158.994
461.298
357.612
166.118
463.47
166.395
196.973
147.961
121.161
345.239
397.598
461.828
45.0631
360.168
192.833
223.341
139.675
254.019
0.222306
221.554
54.9194
308.893
106.142
250.901
228.296
243.069
405.765
239.075
131.561
359.018
189.096
434.285
135.237
306.309
96.8019
248.231
404.396
240.309
177.304
232.734
438.895
252.434
363.625
200.474
349.981
260.72
275.845
250.963
461.54
215.459
31.2999
187.618
157.146
130.71
367.201
341.207
242.127
70.4719
232.032
61.7503
253.304
461.612
106.98
74.091
75.123
455.392
382.665
0.861008
202.151
299.296
347.737
428.26
431.921
422.529
414.077
378.962
403.685
354.435
253.741
71.8878
424.963
117.881
331.265
188.49
462.074
122.153
171.867
314.167
426.212
202.097
150.035
55.1327
377.074
262.784
269.096
226.316
230.815
446.87
212.462
462.142
253.726
205.419
70.0512
412.04
298.666
223.406
462.335
458.273
462.147
242.425
460.689
462.458
261.744
312.387
461.956
0.359535
158.889
124.299
309.309
152.727
350.308
462.502
462.619
461.883
338.286
461.999
461.595
188.312
449.196
67.4891
132.296
259.868
225.282
440.797
290.29
0.275019
340.05
462.373
418.935
364.915
462.055
165.029
462.121
178.212
122.068
280.115
184.25
397.239
461.891
236.39
342.761
208.992
33.7824
401.69
0.110686
320.78
170.915
299.446
461.873
460.115
141.221
298.424
67.6355
166.444
144.509
200.002
300.829
424.196
77.3014
0.0475358
462.362
378.842
234.47
155.545
412.304
405.244
420.994
103.937
432.488
459.189
261.007
153.747
336.621
0.741349
463.753
142.758
188.693
386.165
329.486
451.713
383.253
305.616
198.698
286.892
79.157
289.634
89.5156
151.074
99.4735
379.954
136.627
291.484
153.092
265.557
383.966
204.112
185.074
176.02
132.761
462.425
460.338
157.407
271.937
255.875
258.723
106.911
247.555
156.393
460.493
157.429
240.936
117.566
327.795
324.865
162.353
368.521
422.321
321.309
460.24
460.391
71.9619
181.424
172.784
131.208
133.081
60.0918
338.534
452.494
350.042
249.804
234.093
0.725377
133.197
266.623
232.545
296.206
222.487
444.368
366.471
337.498
5.16802
349.458
81.444
196.402
210.902
427.28
161.094
46.425
0.0574255
197.655
342.594
461.881
396.204
395.336
0.52823
55.6065
264.387
217.911
246.889
461.805
334.766
252.939
344.629
166.703
368.05
108.362
208.598
158.582
401.992
300.933
412.004
0.321778
1.59351
250.018
54.0601
295.344
407.516
381.775
174.188
260.059
225.632
234.903
72.7816
335.385
215.912
277.174
296.833
181.024
113.995
0.149692
307.666
173.687
351.568
44.2774
145.304
218.354
120.014
1.01232
462.501
4.81383
121.728
251.778
415.264
177.458
303.314
171.036
1.30267
34.3619
232.308
134.077
169.412
171.706
257.105
462.173
292.233
326.879
292.135
405.703
336.773
0.946139
406.222
462.32
353.398
310.702
461.809
195.757
45.4687
275.058
20.7673
52.2261
414.984
142.395
266.763
280.442
30.4259
405.638
221.211
234.148
273.283
432.328
147.997
462.095
49.4066
82.3414
142.548
169.902
256.658
295.268
395.207
195.389
168.955
316.27
462.445
276.905
112.404
19.3797
230.209
1.2345
337.458
462.673
352.854
46.1585
77.6769
55.5001
442.245
345.921
461.193
165.768
196.852
462.244
16.2225
10.0411
4.94001
161.585
257.295
462.203
112.393
461.806
129.737
376.654
346.04
461.603
228.027
419.409
0.478444
355.533
201.483
0.325966
172.417
342.8
462.039
175.864
232.766
91.0325
293.515
462.302
253.127
342.258
208.066
462.185
100.988
66.1391
369.939
64.7302
251.41
435.774
434.147
307.584
256.775
208.085
357.481
241.736
450.314
461.652
384.093
381.109
1.22862
246.009
230.177
320.561
390.629
0.879334
159.331
390.574
235.002
402.673
38.0428
87.4433
273.145
462.255
274.268
253.807
462.161
353.262
187.646
216.52
118.828
305.86
363.968
176.905
324.367
159.617
385.942
161.095
55.2639
143.2
90.1494
0.125969
426.185
303.885
395.291
462.22
271.3
448.123
237.813
302.624
393.246
335.631
156.497
28.9369
460.201
441.333
117.044
44.8393
318.75
207.478
220.715
324.604
0.631029
357.059
461.611
51.3412
178.024
462.007
243.561
337.623
462.392
159.672
355.225
343.125
462.337
401.843
350.623
153.204
367.713
119.631
461.977
424.856
206.182
249.557
228.32
429.869
73.4387
54.6203
462.257
232.441
291.355
461.808
131.491
317.64
346.454
299.34
450.161
332.994
168.136
237.267
232.716
397.806
317.474
331.722
231.914
303.504
103.662
461.761
283.113
250.108
462.133
295.904
74.7328
128.265
388.206
349.769
48.3729
290.24
145.686
0.456263
205.166
221.544
355.021
267.228
135.986
432.02
193.854
330.354
275.055
230.394
361.356
272.407
207.951
367.353
252.872
297.646
462.222
165.335
240.964
-0.0060573
253.365
148.146
23.0365
409.746
152.124
294.95
261.291
414.34
451.658
49.7365
206.324
49.9039
462.039
135.419
191.998
281.137
341.485
268.639
42.8122
327.572
253.446
351.75
109.526
362.079
440.672
226.56
28.1464
340.022
251.244
449.495
264.961
189.8
335.926
283.453
256.292
450.24
-0.0780027
244.026
76.0111
388.84
428.114
462.019
50.6632
401.493
334.981
13.364
326.551
458.771
53.7939
66.9754
296.141
241.987
85.1342
211.915
303.145
398.349
221.754
327.407
462.475
462.505
312.616
278.632
18.7735
343.15
351.209
462.326
453.551
323.234
267.34
246.836
461.173
92.0713
344.719
0.51677
108.674
272.154
131.198
416.211
116.31
135.091
133.413
464.077
55.3732
16.9047
324.215
326.175
209.538
3.72965
461.175
450.69
9.25279
336.344
150.225
282.625
439.288
300.165
283.614
128.787
0.328536
150.195
150.138
46.8344
108.43
377.65
368.58
462.339
0.939852
391.637
93.5838
348.955
290.887
0.544968
122.58
307.212
0.257972
137.313
170.657
192.416
424.135
227.572
127.08
316.402
321.657
462.41
321.278
371.647
0.259172
357.009
308.293
323.087
353.875
433.533
460.61
462.445
407.353
366.74
317.797
462.33
3.87032
0.447794
321.183
169.167
375.668
73.2367
0.129358
34.8739
218.95
465.116
19.6165
375.766
343.624
51.6907
461.322
160.289
318.967
124.423
350.146
253.03
216.028
243.793
246.683
49.4209
462.208
102.574
309.854
333.915
0.445632
225.714
461.64
-0.0185331
84.7179
459.099
66.8598
81.257
297.533
0.441421
111.193
460.767
35.4194
197.559
461.795
414.617
371.452
462.173
61.0098
355.662
445.758
461.603
459.694
357.538
461.291
262.971
375.604
195.598
7.72935
39.0142
53.2278
176.698
462.166
199.751
342.762
274.859
92.8992
287.16
49.8773
142.265
401.595
218.212
447.951
24.8651
235.074
273.126
266.698
124.972
437.563
387.355
126.579
1.0284
461.835
0.00103605
233.093
134.521
449.024
316.599
316.786
462.232
0.840443
155.694
23.8807
314.188
300.19
160.581
285.477
461.547
330.721
144.547
387.43
211.994
172.46
42.142
269.495
135.427
66.1268
103.498
36.1278
166.736
461.156
439.662
431.444
332.27
360.799
157.926
294.402
288.841
405.339
439.591
136.573
-0.0879263
101.31
248.219
140.346
0.250077
462.348
3.89212
111.998
144.909
423.55
242.312
320.93
272.1
430.317
0.325995
342.451
462.1
257.553
1.23002
353.83
265.28
179.781
273.841
74.0949
361.336
186.983
242.089
462.445
30.2757
122.868
309.783
462.294
193.145
353.844
0.447816
224.153
385.812
139.577
155.827
462.472
461.788
219.029
391.871
327.633
5.12799
178.829
207.257
462.4
421.393
418.138
382.832
188.123
462.748
263.276
156.618
462.08
75.4518
0.344689
335.756
416.064
357.171
377.736
230.193
373.581
462.6
151.657
296.8
368.66
200.726
271.662
355.166
201.405
282.676
277.209
223.92
303.515
373.82
380.565
157.569
462.187
431.447
354.541
461.857
125.116
313.412
261.209
462.33
8.31817
295.766
450.286
70.7208
133.615
0.390152
179.888
430.39
127.7
30.3867
332.435
462.358
0.507427
161.831
76.9938
72.3612
165.501
81.1723
333.759
323.017
462.347
393.957
444.904
128.69
68.9061
223.842
360.615
462.364
123.807
372.084
226.657
429.042
349.038
0.327903
304.425
134.66
461.613
337.335
214.583
462.311
462.415
373.608
379.516
95.8673
224.184
462.688
383.601
416.603
162.072
59.382
130.872
315.137
221.004
308.227
298.642
144.258
461.557
299.032
413.151
433.964
255.165
227.147
352.373
73.4615
90.6387
203.145
462.511
146.112
20.3024
387.983
237.172
461.76
390.701
258.162
229.807
389.802
107.897
2.47972
307.394
163.604
462.215
31.1687
32.7922
317.653
116.74
118.999
461.805
266.796
363.092
233.315
112.119
153.051
245.1
348.167
200.893
139.574
390.175
67.1263
149.471
284.82
462.219
12.2906
410.059
283.155
461.969
352.618
1.59162
49.3515
400.319
203.624
154.831
154.901
237.606
280.843
71.6957
458.449
292.142
345.095
213.323
419.425
62.5745
0.449939
377.526
372.353
234.966
46.995
350.389
351.565
210.566
101.326
461.769
189.735
321.656
462.241
343.789
325.036
359.82
292.177
282.872
-1.23401
237.844
429.512
425.563
80.9568
262.055
73.9238
127.393
133.025
76.7508
249.343
63.2489
462.406
58.9583
243.44
0.00429928
368.595
256.024
383.98
311.655
84.1379
94.9434
353.932
391.232
35.9324
286.921
67.0902
396.803
273.169
297.89
306.293
0.356418
281.383
324.131
411.731
353.169
213.757
379.909
462.21
461.79
462.047
218.23
104.874
332.713
461.882
193.462
380.422
128.165
462.351
300.142
251.422
247.501
462.596
92.1438
114.388
5.14936
294.93
3.88286
442.809
85.2487
260.866
165.404
462.6
202.866
272.899
462.312
93.1509
395.891
341.352
12.6786
36.3248
390.268
287.312
289.455
317.173
260.723
356.447
232.387
445.703
0.97021
93.6118
427.906
80.3417
462.626
388.872
0.0715312
309.239
379.309
347.814
327.932
460.668
353.84
461.984
133.868
272.824
449.422
463.364
177.749
349.418
447.97
210.08
347.76
299.161
225.087
457.59
177.532
190.978
62.0185
430.731
383.851
204.837
284.519
123.091
349.248
309.295
461.959
164.673
1.09026
309.07
431.409
462.414
374.043
254.403
268.263
301.545
236.216
461.996
250.047
386.412
78.3558
71.862
353.702
296.609
283.936
297.636
112.403
236.224
269.36
274.4
246.488
75.2057
195.362
1.01561
0.689832
411.574
351.452
213.574
456.661
453.845
461.713
377.215
179.709
353.382
407.763
70.0696
461.956
462.116
371.336
142.544
417.623
424.381
369.834
416.524
184.23
260.214
215.612
306.668
458.043
433.76
238.649
235.49
179.17
444.857
363.821
69.6567
426.775
461.851
417.343
462.645
0.331405
381.607
461.872
267.236
122.722
462.265
4.2142
0.339809
148.706
-0.302408
263.994
256.291
276.022
392.115
99.7846
0.186996
394.112
400.769
212.551
462.071
374.802
72.6812
407.139
210.719
461.047
161.557
360.798
0.147984
462.444
462.131
222.859
462.323
67.8282
455.649
143.844
376.496
420.981
461.998
91.0203
429.062
450.465
243.176
239.498
461.843
244.829
123.31
130.795
462.21
0.808896
274.315
461.957
171.496
145.679
462.496
175.435
71.6655
208.787
462.238
262.056
401.753
304.656
271.01
421.707
462.05
215.687
457.245
278.004
76.9545
130.976
400.571
366.769
450.386
461.925
248.645
123.215
453.405
260.28
458.758
70.4037
64.7309
369.433
121.621
200.693
462.087
288.99
462.019
103.957
356.473
380.295
370.422
236.841
349.141
285.4
449.962
379.361
341.678
140.914
343.07
462.32
298.523
270.976
387.907
235.249
394.057
0.572886
247.597
387.684
162.483
363.84
212.58
0.522558
12.5295
359.223
340.587
52.5594
461.844
458.002
373.211
388.272
441.673
313.017
268.544
307.406
349.914
208.408
240.324
49.725
9.65958
448.476
0.28384
291.051
252.055
337.793
366.213
25.8431
336.68
0.752988
411.986
20.8791
0.253032
221.633
356.028
160.032
334.726
461.642
388.715
-0.115516
461.705
413.174
392.006
111.675
274.044
397.88
84.5323
38.981
362.512
196.996
18.9645
266.38
461.389
5.63297
119.823
462.184
52.4759
227.777
51.6427
204.891
63.1875
32.0728
442.412
345.382
0.865759
440.839
223.742
421.534
354.227
118.649
404.82
462.011
48.5578
0.559347
461.622
192.61
282.526
368.916
346.543
42.3078
357.142
162.078
348.515
240.807
449.958
318.192
158.629
239.03
195.577
246.064
336.906
186.096
391.522
454.135
181.669
237.226
377.127
348.36
221.922
215.214
388.393
230.212
219.876
181.045
122.222
425.443
410.767
462.164
315.22
182.7
425.468
278.402
143.406
461.76
61.6554
410.623
48.766
433.382
54.8736
69.3098
461.805
288.815
28.2261
282.174
261.404
272.432
283.584
233.829
196.442
319.924
210.476
323.534
461.91
0.217541
68.1252
370.649
459.199
134.102
189.496
383.674
230.283
253.256
164.55
141.062
192.31
383.11
272.397
310.791
308.17
167.186
126.105
229.544
186.038
176.964
324.7
244.451
86.2138
353.123
345.044
238.248
461.603
229.35
462.763
0.418874
436.792
245.657
76.742
280.447
1.01254
79.2167
66.9159
336.508
299.498
295.694
136.336
230.162
135.746
462.548
60.0424
282.274
414.136
357.175
137.543
269.241
56.6193
215.086
214.748
162.525
350.927
406.423
380.757
217.697
433.647
407.709
104.992
405.153
461.555
264.942
329.805
438.197
145.029
184.8
298.841
270.46
283.764
19.5897
81.6706
264.816
101.828
205.729
320.193
232.521
462.216
345.976
313.642
96.9765
247.785
175.08
114.155
461.634
223.556
79.0125
368.304
0.782264
197.979
364.359
191.256
372.746
329.303
427.064
357.771
256.291
312.065
29.3646
146.791
415.151
456.941
221.64
165.464
199.86
101.436
125.636
308.624
235.09
221.354
143.209
22.3833
254.639
168.575
360.748
306.444
289.115
309.008
212.944
439.963
387.768
232.424
272.143
459.056
225.426
145.503
449.867
248.125
116.057
280.157
161.777
262.289
142.085
284.766
62.6181
461.767
232.113
179.659
179.684
1.91374
5.77841
395.02
386.471
384.221
393.523
354.836
47.6619
189.771
149.14
424.483
424.135
320.035
327.448
329.254
322.455
460.004
462.234
461.736
462.319
267.001
455.331
268.957
443.227
13.1976
279.211
290.015
402.094
360.9
380.498
-0.003108
-0.921969
461.753
61.016
167.277
408.417
317.536
136.107
131.241
345.547
432.972
395.278
195.429
431.618
2.92723
189.518
208.945
442.044
0.698514
258.906
375.866
84.0473
239.397
391.377
421.337
154.818
318.715
461.949
462.399
462.357
96.154
4.30218
266.716
226.73
127.789
232.725
188.611
5.07301
216.779
461.901
243.169
280.183
206.464
461.743
157.721
316.965
82.5285
462.068
173.561
355.14
295.35
342.568
124.04
368.479
190.682
301.3
375.814
462.047
447.892
461.478
128.203
137.199
57.1749
462.546
367.999
380.898
256.03
131.342
462.362
462.139
157.361
134.31
462.235
367.66
135.999
153.13
220.829
204.732
233.263
340.297
247.456
303.154
150.167
249.396
358.23
462.328
255.61
1.12688
330.887
360.732
213.632
111.565
0.894224
144.835
1.01872
461.231
262.418
363.36
448.821
232.115
75.7941
242.628
388.965
142.228
237.547
0.282359
194.747
302.844
87.4697
5.28041
0.397841
280.505
462.213
454.947
462.164
146.143
462.236
-0.0738933
441.246
-0.0566677
384.521
264.794
186.68
461.051
254.515
254.954
196.521
344.105
275.742
320.661
199.306
462.081
391.911
374.638
256.214
462.713
161.302
36.9026
118.899
83.4473
397.025
413.387
445.428
271.878
366.248
10.9709
461.295
439.694
416.696
202.998
339.184
355.786
100.1
86.1988
400.571
407.009
218.652
124.544
335.106
449.932
313.638
68.0974
419.396
139.959
357.855
462.153
375.966
287.988
378.189
-0.723873
155.49
178.301
462.058
199.803
217.569
92.5049
111.146
433.816
462.098
116.082
406.993
0.292025
0.25622
157.754
290.53
461.272
187.562
132.081
281.188
-0.0253527
462.11
214.053
265.996
263.431
263.99
238.738
180.984
249.966
317.427
232.171
460.495
164.963
456.442
334.745
112.784
97.696
21.9702
342.275
129.836
0.369272
297.549
304.783
174.343
136.925
146.424
395.226
462.122
255.784
283.557
