-1.0
49.2866
-1.0
32.9708
-1.0
-1.0
41.5186
-1.0
-1.0
42.6533
-1.0
52.3037
-1.0
-1.0
-1.0
-1.0
-1.0
16.4371
39.8048
47.564
-1.0
-1.0
-1.0
-1.0
-1.0
-1.0
39.8362
-1.0
-1.0
-1.0
-1.0
-1.0
50.586
-1.0
-1.0
-1.0
-1.0
-1.0
-1.0
-1.0
-1.0
-1.0
-1.0
-1.0
15.7036
-1.0
-1.0
29.2428
-1.0
44.4281
32.5751
33.4502
44.9834
-1.0
-1.0
-1.0
-1.0
-1.0
-1.0
39.2096
38.6747
-1.0
50.3536
25.2559
-1.0
-1.0
41.1791
47.8239
-1.0
41.0388
-1.0
36.0031
-1.0
-1.0
-1.0
-1.0
-1.0
-1.0
-1.0
-1.0
50.7094
-1.0
48.2691
-1.0
43.3044
-1.0
-1.0
-1.0
49.0205
-1.0
28.5231
-1.0
-1.0
-1.0
-1.0
-1.0
-1.0
-1.0
-1.0
-1.0
-1.0
-1.0
-1.0
39.2214
-1.0
38.1955
-1.0
20.7896
-1.0
-1.0
-1.0
-1.0
-1.0
21.8854
-1.0
38.8204
-1.0
-1.0
-1.0
-1.0
-1.0
41.2227
-1.0
-1.0
37.0346
-1.0
-1.0
-1.0
-1.0
-1.0
-1.0
-1.0
-1.0
-1.0
-1.0
-1.0
40.3615
-1.0
-1.0
-1.0
-1.0
-1.0
-1.0
-1.0
-1.0
-1.0
-1.0
-1.0
-1.0
-1.0
31.8789
-1.0
-1.0
-1.0
-1.0
-1.0
-1.0
-1.0
-1.0
-1.0
43.7511
-1.0
24.2661
-1.0
-1.0
-1.0
25.6994
-1.0
-1.0
-1.0
-1.0
-1.0
-1.0
-1.0
47.9446
-1.0
-1.0
-1.0
47.2817
-1.0
-1.0
43.2985
-1.0
-1.0
-1.0
-1.0
35.062
-1.0
29.4517
-1.0
-1.0
40.6974
-1.0
-1.0
43.3545
-1.0
44.4537
38.5065
-1.0
-1.0
-1.0
-1.0
49.3595
-1.0
-1.0
-1.0
40.3071
-1.0
-1.0
-1.0
-1.0
-1.0
-1.0
-1.0
-1.0
-1.0
-1.0
-1.0
-1.0
-1.0
-1.0
-1.0
43.5537
-1.0
-1.0
-1.0
53.1971
-1.0
-1.0
-1.0
-1.0
-1.0
-1.0
-1.0
-1.0
38.726
-1.0
-1.0
23.5917
-1.0
-1.0
-1.0
46.4007
-1.0
-1.0
45.5675
-1.0
-1.0
-1.0
47.5464
-1.0
49.7185
-1.0
-1.0
-1.0
-1.0
-1.0
16.5975
-1.0
-1.0
-1.0
47.0147
-1.0
-1.0
-1.0
-1.0
-1.0
-1.0
-1.0
-1.0
-1.0
-1.0
-1.0
37.4373
29.5505
-1.0
-1.0
-1.0
43.8443
-1.0
-1.0
-1.0
-1.0
32.1372
-1.0
-1.0
-1.0
50.2325
-1.0
-1.0
-1.0
16.7445
-1.0
-1.0
-1.0
-1.0
-1.0
-1.0
-1.0
-1.0
-1.0
-1.0
-1.0
-1.0
-1.0
-1.0
-1.0
-1.0
-1.0
-1.0
-1.0
-1.0
-1.0
-1.0
-1.0
-1.0
-1.0
-1.0
-1.0
-1.0
-1.0
8.41286
-1.0
31.2904
-1.0
-1.0
-1.0
-1.0
-1.0
-1.0
53.0633
-1.0
-1.0
47.2118
-1.0
-1.0
36.0686
-1.0
51.9219
-1.0
-1.0
-1.0
-1.0
-1.0
48.9522
32.2843
-1.0
-1.0
39.5387
49.9925
-1.0
-1.0
-1.0
-1.0
-1.0
42.1574
44.0652
-1.0
-1.0
-1.0
-1.0
-1.0
-1.0
-1.0
-1.0
-1.0
-1.0
-1.0
-1.0
-1.0
-1.0
-1.0
-1.0
-1.0
51.4981
14.0735
-1.0
-1.0
-1.0
-1.0
-1.0
-1.0
-1.0
-1.0
-1.0
-1.0
-1.0
-1.0
45.2264
-1.0
-1.0
-1.0
-1.0
-1.0
-1.0
-1.0
-1.0
-1.0
-1.0
40.2355
-1.0
-1.0
-1.0
-1.0
-1.0
-1.0
-1.0
-1.0
46.1208
36.6099
-1.0
-1.0
-1.0
-1.0
-1.0
-1.0
-1.0
-1.0
42.697
-1.0
-1.0
-1.0
-1.0
-1.0
-1.0
-1.0
-1.0
-1.0
34.9575
-1.0
51.8911
-1.0
-1.0
47.2331
-1.0
-1.0
42.5959
37.1724
-1.0
19.4256
-1.0
-1.0
39.207
-1.0
-1.0
-1.0
-1.0
-1.0
-1.0
-1.0
33.1563
52.1944
-1.0
-1.0
-1.0
-1.0
-1.0
-1.0
-1.0
-1.0
-1.0
-1.0
24.0852
-1.0
-1.0
-1.0
-1.0
36.8919
-1.0
-1.0
-1.0
45.93
-1.0
-1.0
33.2708
-1.0
-1.0
41.6478
52.8118
-1.0
-1.0
-1.0
-1.0
-1.0
30.6617
-1.0
-1.0
-1.0
46.7439
-1.0
30.4541
-1.0
29.3581
-1.0
-1.0
-1.0
-1.0
34.1959
-1.0
-1.0
40.4956
-1.0
-1.0
-1.0
-1.0
-1.0
-1.0
-1.0
51.7367
-1.0
-1.0
-1.0
-1.0
51.7948
-1.0
-1.0
-1.0
-1.0
-1.0
-1.0
-1.0
-1.0
-1.0
-1.0
30.6837
-1.0
-1.0
49.5936
-1.0
-1.0
-1.0
-1.0
-1.0
-1.0
-1.0
-1.0
22.732
-1.0
-1.0
-1.0
49.9146
-1.0
-1.0
-1.0
-1.0
-1.0
-1.0
21.1605
20.4401
-1.0
-1.0
42.1362
-1.0
-1.0
-1.0
-1.0
-1.0
-1.0
-1.0
-1.0
-1.0
-1.0
-1.0
-1.0
-1.0
-1.0
30.1759
-1.0
43.5747
-1.0
-1.0
-1.0
-1.0
40.6051
31.3168
-1.0
22.4547
-1.0
-1.0
40.6437
-1.0
-1.0
41.9246
-1.0
-1.0
-1.0
-1.0
-1.0
-1.0
51.3942
26.9517
-1.0
-1.0
21.3093
-1.0
47.6337
-1.0
37.5878
-1.0
-1.0
-1.0
-1.0
-1.0
49.4615
47.596
-1.0
-1.0
-1.0
-1.0
-1.0
-1.0
-1.0
-1.0
-1.0
-1.0
-1.0
-1.0
-1.0
-1.0
-1.0
-1.0
-1.0
-1.0
-1.0
-1.0
-1.0
-1.0
-1.0
-1.0
42.8207
-1.0
-1.0
-1.0
-1.0
-1.0
-1.0
-1.0
-1.0
-1.0
-1.0
-1.0
-1.0
-1.0
-1.0
48.96
-1.0
-1.0
18.2406
-1.0
-1.0
-1.0
-1.0
36.937
-1.0
23.4414
-1.0
-1.0
-1.0
-1.0
49.2396
-1.0
-1.0
-1.0
41.4012
-1.0
-1.0
-1.0
35.408
-1.0
-1.0
-1.0
-1.0
-1.0
-1.0
-1.0
20.0068
29.446
-1.0
-1.0
-1.0
-1.0
34.2853
-1.0
-1.0
25.4013
-1.0
-1.0
31.2191
-1.0
-1.0
43.102
37.5153
-1.0
36.2017
-1.0
-1.0
-1.0
-1.0
-1.0
-1.0
-1.0
-1.0
47.324
-1.0
22.0662
38.0178
38.7487
-1.0
39.3405
-1.0
-1.0
-1.0
-1.0
-1.0
49.0691
29.353
-1.0
-1.0
-1.0
-1.0
-1.0
-1.0
-1.0
14.3084
33.4802
-1.0
-1.0
-1.0
-1.0
-1.0
-1.0
-1.0
-1.0
-1.0
36.0229
-1.0
-1.0
35.5933
-1.0
-1.0
32.8411
-1.0
-1.0
-1.0
-1.0
-1.0
49.9983
32.4114
-1.0
-1.0
-1.0
-1.0
42.7573
55.662
17.4458
49.5397
-1.0
-1.0
-1.0
-1.0
38.3794
-1.0
-1.0
-1.0
-1.0
-1.0
-1.0
-1.0
-1.0
-1.0
-1.0
-1.0
32.6085
-1.0
-1.0
-1.0
-1.0
24.8427
-1.0
-1.0
-1.0
-1.0
-1.0
47.9335
38.7827
-1.0
39.9717
-1.0
-1.0
-1.0
-1.0
-1.0
-1.0
-1.0
-1.0
-1.0
-1.0
-1.0
38.7362
-1.0
50.2124
-1.0
-1.0
-1.0
-1.0
-1.0
36.1986
-1.0
-1.0
-1.0
36.3581
-1.0
-1.0
-1.0
-1.0
-1.0
47.4823
-1.0
31.5847
-1.0
-1.0
-1.0
-1.0
-1.0
-1.0
-1.0
-1.0
-1.0
-1.0
-1.0
-1.0
-1.0
-1.0
-1.0
-1.0
-1.0
-1.0
13.9325
-1.0
43.5891
-1.0
-1.0
41.6856
-1.0
50.0119
-1.0
-1.0
48.381
-1.0
-1.0
-1.0
-1.0
-1.0
-1.0
-1.0
-1.0
43.5757
-1.0
-1.0
-1.0
32.5094
-1.0
-1.0
-1.0
-1.0
46.0203
-1.0
-1.0
-1.0
-1.0
24.286
35.7374
-1.0
-1.0
-1.0
-1.0
-1.0
-1.0
36.2037
34.6872
47.2197
-1.0
-1.0
29.7292
-1.0
-1.0
50.2979
-1.0
-1.0
-1.0
-1.0
-1.0
-1.0
-1.0
-1.0
-1.0
-1.0
-1.0
50.9336
-1.0
-1.0
13.2893
-1.0
-1.0
-1.0
-1.0
-1.0
-1.0
-1.0
-1.0
-1.0
-1.0
-1.0
-1.0
-1.0
-1.0
-1.0
-1.0
-1.0
-1.0
32.8207
43.9299
-1.0
-1.0
-1.0
-1.0
-1.0
39.0203
50.1096
-1.0
-1.0
-1.0
-1.0
-1.0
-1.0
-1.0
-1.0
-1.0
29.4667
-1.0
26.5953
-1.0
-1.0
-1.0
-1.0
38.2953
30.5729
-1.0
-1.0
-1.0
-1.0
-1.0
-1.0
-1.0
-1.0
-1.0
-1.0
-1.0
-1.0
-1.0
-1.0
-1.0
-1.0
49.5958
-1.0
-1.0
-1.0
-1.0
34.1322
-1.0
-1.0
-1.0
-1.0
-1.0
30.6127
-1.0
-1.0
-1.0
-1.0
-1.0
-1.0
-1.0
-1.0
-1.0
49.5726
24.701
-1.0
-1.0
-1.0
13.7925
-1.0
-1.0
-1.0
30.2371
-1.0
-1.0
43.8002
-1.0
-1.0
25.3338
-1.0
34.2003
-1.0
45.4086
-1.0
-1.0
-1.0
37.61
-1.0
-1.0
19.33
-1.0
50.8782
-1.0
-1.0
-1.0
-1.0
-1.0
-1.0
16.5597
-1.0
-1.0
38.2956
-1.0
-1.0
-1.0
-1.0
-1.0
-1.0
-1.0
-1.0
-1.0
20.9348
-1.0
-1.0
-1.0
-1.0
-1.0
-1.0
-1.0
-1.0
-1.0
-1.0
-1.0
-1.0
26.8543
-1.0
46.9051
-1.0
-1.0
-1.0
-1.0
-1.0
-1.0
-1.0
-1.0
-1.0
-1.0
-1.0
-1.0
-1.0
-1.0
-1.0
-1.0
-1.0
-1.0
-1.0
31.3613
-1.0
-1.0
-1.0
-1.0
-1.0
-1.0
-1.0
-1.0
-1.0
37.6097
40.3538
-1.0
-1.0
-1.0
-1.0
-1.0
-1.0
-1.0
-1.0
-1.0
-1.0
-1.0
-1.0
-1.0
-1.0
31.3972
-1.0
-1.0
-1.0
27.902
-1.0
-1.0
-1.0
-1.0
-1.0
-1.0
-1.0
-1.0
-1.0
-1.0
-1.0
-1.0
-1.0
-1.0
-1.0
-1.0
-1.0
-1.0
51.363
-1.0
-1.0
-1.0
-1.0
-1.0
-1.0
-1.0
36.9931
-1.0
-1.0
37.2391
11.3424
-1.0
42.3777
49.4186
29.3115
-1.0
-1.0
-1.0
-1.0
-1.0
-1.0
-1.0
-1.0
-1.0
-1.0
-1.0
-1.0
-1.0
-1.0
-1.0
-1.0
-1.0
35.7013
-1.0
-1.0
-1.0
-1.0
-1.0
-1.0
-1.0
-1.0
-1.0
-1.0
27.9013
27.2288
-1.0
-1.0
-1.0
-1.0
-1.0
44.8539
-1.0
-1.0
33.6841
-1.0
-1.0
-1.0
-1.0
4.95715
-1.0
20.4655
-1.0
-1.0
-1.0
39.5879
-1.0
-1.0
48.4789
-1.0
37.2926
-1.0
-1.0
-1.0
-1.0
-1.0
-1.0
-1.0
-1.0
-1.0
-1.0
-1.0
-1.0
17.3597
21.9131
36.1344
-1.0
-1.0
-1.0
-1.0
47.5542
-1.0
-1.0
-1.0
-1.0
-1.0
-1.0
-1.0
-1.0
-1.0
-1.0
-1.0
-1.0
-1.0
-1.0
-1.0
-1.0
-1.0
-1.0
40.4476
-1.0
-1.0
-1.0
-1.0
-1.0
-1.0
-1.0
26.4503
11.5613
-1.0
-1.0
-1.0
-1.0
-1.0
-1.0
-1.0
-1.0
-1.0
37.7245
43.6497
20.9849
-1.0
-1.0
-1.0
-1.0
-1.0
-1.0
-1.0
15.9315
-1.0
23.7188
-1.0
37.7272
-1.0
-1.0
-1.0
-1.0
-1.0
40.6996
8.76496
-1.0
24.6073
52.0867
-1.0
-1.0
-1.0
51.8819
-1.0
-1.0
-1.0
-1.0
-1.0
-1.0
-1.0
-1.0
-1.0
-1.0
-1.0
-1.0
-1.0
43.2616
-1.0
-1.0
-1.0
-1.0
-1.0
-1.0
-1.0
-1.0
-1.0
-1.0
32.8443
-1.0
-1.0
-1.0
-1.0
-1.0
-1.0
-1.0
-1.0
47.0201
-1.0
-1.0
-1.0
-1.0
47.3744
-1.0
-1.0
-1.0
-1.0
-1.0
-1.0
-1.0
-1.0
-1.0
-1.0
49.6511
-1.0
37.2064
-1.0
-1.0
-1.0
-1.0
-1.0
-1.0
40.004
-1.0
-1.0
-1.0
-1.0
-1.0
-1.0
-1.0
-1.0
46.43
-1.0
21.2673
-1.0
-1.0
23.7251
35.9215
-1.0
-1.0
-1.0
-1.0
-1.0
-1.0
-1.0
-1.0
-1.0
-1.0
-1.0
44.7521
-1.0
-1.0
-1.0
-1.0
-1.0
-1.0
-1.0
38.3972
-1.0
-1.0
-1.0
-1.0
-1.0
-1.0
-1.0
-1.0
-1.0
-1.0
-1.0
-1.0
-1.0
-1.0
-1.0
-1.0
-1.0
-1.0
-1.0
47.5842
44.6501
-1.0
-1.0
-1.0
33.6636
-1.0
-1.0
-1.0
-1.0
-1.0
-1.0
-1.0
17.9877
-1.0
-1.0
-1.0
-1.0
-1.0
-1.0
-1.0
-1.0
-1.0
-1.0
-1.0
-1.0
-1.0
29.1432
-1.0
-1.0
-1.0
-1.0
-1.0
-1.0
-1.0
37.1715
-1.0
-1.0
-1.0
25.7471
-1.0
-1.0
-1.0
-1.0
-1.0
-1.0
-1.0
-1.0
-1.0
-1.0
-1.0
-1.0
-1.0
-1.0
-1.0
-1.0
-1.0
-1.0
-1.0
-1.0
-1.0
-1.0
-1.0
-1.0
-1.0
36.9833
42.2989
-1.0
20.2333
52.2123
22.7768
-1.0
-1.0
-1.0
-1.0
-1.0
-1.0
-1.0
48.01
-1.0
-1.0
-1.0
-1.0
36.4452
-1.0
-1.0
-1.0
14.5222
-1.0
-1.0
-1.0
-1.0
47.7939
-1.0
-1.0
-1.0
43.1548
13.5331
-1.0
-1.0
-1.0
-1.0
-1.0
-1.0
-1.0
-1.0
-1.0
-1.0
-1.0
51.808
-1.0
-1.0
-1.0
-1.0
-1.0
-1.0
51.5658
49.425
48.6683
37.0182
-1.0
-1.0
-1.0
-1.0
-1.0
-1.0
31.3774
-1.0
-1.0
-1.0
-1.0
-1.0
-1.0
42.5518
-1.0
-1.0
-1.0
-1.0
-1.0
-1.0
-1.0
-1.0
-1.0
-1.0
-1.0
-1.0
-1.0
-1.0
-1.0
-1.0
-1.0
-1.0
-1.0
-1.0
-1.0
-1.0
-1.0
-1.0
-1.0
33.1623
-1.0
-1.0
37.5611
-1.0
-1.0
-1.0
-1.0
19.7964
-1.0
-1.0
-1.0
-1.0
-1.0
-1.0
-1.0
-1.0
-1.0
31.5723
-1.0
34.7392
50.0143
-1.0
-1.0
-1.0
-1.0
45.9223
22.5517
-1.0
47.0752
-1.0
-1.0
-1.0
-1.0
-1.0
-1.0
-1.0
27.8681
54.3136
20.2331
-1.0
30.8083
-1.0
26.6106
-1.0
-1.0
42.5509
-1.0
-1.0
-1.0
-1.0
-1.0
-1.0
-1.0
-1.0
47.814
-1.0
-1.0
43.1595
-1.0
-1.0
36.1772
-1.0
45.9643
-1.0
-1.0
51.1235
-1.0
-1.0
-1.0
-1.0
-1.0
-1.0
-1.0
-1.0
39.941
-1.0
-1.0
33.0444
-1.0
-1.0
-1.0
-1.0
18.0425
33.9494
-1.0
-1.0
-1.0
-1.0
28.0268
45.2314
-1.0
49.2566
-1.0
-1.0
-1.0
41.7412
-1.0
37.188
-1.0
45.9113
-1.0
-1.0
-1.0
-1.0
46.9408
-1.0
-1.0
-1.0
-1.0
-1.0
-1.0
19.7127
41.2398
-1.0
-1.0
-1.0
-1.0
18.1216
-1.0
-1.0
-1.0
49.1207
-1.0
-1.0
-1.0
-1.0
-1.0
-1.0
-1.0
-1.0
-1.0
44.4521
-1.0
51.4568
-1.0
-1.0
-1.0
51.4763
-1.0
47.6363
-1.0
-1.0
-1.0
-1.0
-1.0
-1.0
35.257
10.66
27.5582
-1.0
43.3227
-1.0
-1.0
47.2952
-1.0
-1.0
-1.0
25.223
-1.0
49.8306
39.743
-1.0
-1.0
30.3009
-1.0
28.3882
-1.0
36.2027
-1.0
-1.0
-1.0
-1.0
-1.0
-1.0
-1.0
-1.0
-1.0
-1.0
34.3515
-1.0
-1.0
-1.0
-1.0
39.7075
33.9309
-1.0
-1.0
-1.0
-1.0
-1.0
-1.0
43.4548
21.2794
-1.0
-1.0
-1.0
-1.0
-1.0
29.0598
38.4325
-1.0
-1.0
-1.0
-1.0
-1.0
-1.0
19.5892
-1.0
-1.0
-1.0
-1.0
-1.0
26.0471
-1.0
-1.0
-1.0
-1.0
-1.0
-1.0
-1.0
-1.0
-1.0
-1.0
28.4359
-1.0
-1.0
40.5941
-1.0
-1.0
47.8221
-1.0
-1.0
-1.0
-1.0
-1.0
-1.0
-1.0
-1.0
32.4677
-1.0
-1.0
-1.0
-1.0
-1.0
-1.0
-1.0
-1.0
-1.0
-1.0
-1.0
46.461
-1.0
-1.0
-1.0
-1.0
-1.0
51.471
-1.0
-1.0
-1.0
45.6625
-1.0
-1.0
-1.0
-1.0
-1.0
-1.0
-1.0
-1.0
-1.0
-1.0
-1.0
-1.0
-1.0
-1.0
-1.0
-1.0
-1.0
-1.0
-1.0
31.4681
-1.0
-1.0
-1.0
-1.0
-1.0
8.53864
-1.0
-1.0
-1.0
-1.0
-1.0
-1.0
-1.0
-1.0
44.8502
-1.0
-1.0
-1.0
-1.0
-1.0
-1.0
-1.0
-1.0
-1.0
-1.0
-1.0
-1.0
-1.0
-1.0
-1.0
42.8863
-1.0
32.3537
-1.0
-1.0
-1.0
-1.0
-1.0
-1.0
-1.0
27.992
17.4921
-1.0
-1.0
-1.0
-1.0
-1.0
-1.0
-1.0
-1.0
-1.0
-1.0
-1.0
-1.0
-1.0
-1.0
-1.0
-1.0
-1.0
-1.0
-1.0
-1.0
-1.0
-1.0
-1.0
45.5946
-1.0
-1.0
40.8678
-1.0
-1.0
-1.0
-1.0
-1.0
-1.0
-1.0
-1.0
-1.0
10.294
-1.0
-1.0
-1.0
19.2203
-1.0
-1.0
38.7398
-1.0
-1.0
-1.0
-1.0
32.3139
-1.0
-1.0
8.31229
35.5336
-1.0
-1.0
-1.0
-1.0
-1.0
-1.0
-1.0
-1.0
-1.0
50.7695
-1.0
19.5692
-1.0
-1.0
-1.0
-1.0
-1.0
-1.0
43.2865
44.1096
-1.0
28.7606
-1.0
48.0491
-1.0
-1.0
-1.0
-1.0
-1.0
-1.0
-1.0
-1.0
-1.0
44.1087
-1.0
-1.0
-1.0
-1.0
-1.0
-1.0
46.4706
-1.0
-1.0
-1.0
-1.0
-1.0
-1.0
50.5084
-1.0
30.8018
-1.0
-1.0
-1.0
-1.0
-1.0
-1.0
-1.0
48.6422
-1.0
-1.0
41.9299
-1.0
-1.0
-1.0
-1.0
-1.0
-1.0
-1.0
34.669
-1.0
47.9156
-1.0
-1.0
-1.0
-1.0
-1.0
36.4436
-1.0
-1.0
-1.0
-1.0
-1.0
41.8955
-1.0
-1.0
46.8503
-1.0
-1.0
-1.0
-1.0
38.3929
-1.0
-1.0
-1.0
-1.0
-1.0
-1.0
-1.0
-1.0
-1.0
13.3099
-1.0
47.2869
-1.0
31.9293
-1.0
37.179
-1.0
50.9514
-1.0
34.7539
-1.0
29.206
-1.0
-1.0
-1.0
-1.0
-1.0
-1.0
-1.0
-1.0
-1.0
-1.0
-1.0
-1.0
-1.0
-1.0
-1.0
-1.0
-1.0
-1.0
-1.0
-1.0
-1.0
-1.0
-1.0
-1.0
-1.0
-1.0
-1.0
-1.0
-1.0
-1.0
40.5677
7.33771
-1.0
-1.0
-1.0
-1.0
35.781
-1.0
-1.0
-1.0
-1.0
-1.0
-1.0
-1.0
-1.0
45.4349
-1.0
-1.0
-1.0
20.3358
29.2622
-1.0
-1.0
-1.0
-1.0
-1.0
26.156
-1.0
-1.0
-1.0
-1.0
18.4794
-1.0
-1.0
55.4249
-1.0
-1.0
-1.0
31.1433
-1.0
-1.0
-1.0
29.6674
-1.0
-1.0
-1.0
-1.0
49.7024
34.4412
-1.0
-1.0
35.7594
43.508
-1.0
-1.0
-1.0
-1.0
-1.0
-1.0
-1.0
-1.0
-1.0
-1.0
-1.0
-1.0
-1.0
45.1652
-1.0
36.0918
-1.0
-1.0
-1.0
-1.0
-1.0
42.0478
29.6402
40.1189
30.8368
-1.0
-1.0
-1.0
-1.0
-1.0
-1.0
19.4157
-1.0
19.3547
-1.0
-1.0
-1.0
-1.0
-1.0
-1.0
37.458
-1.0
-1.0
-1.0
47.2282
-1.0
-1.0
48.2455
-1.0
-1.0
14.1066
-1.0
-1.0
51.2769
-1.0
-1.0
-1.0
-1.0
-1.0
-1.0
-1.0
-1.0
-1.0
-1.0
-1.0
47.3949
34.8982
-1.0
-1.0
44.9278
-1.0
-1.0
-1.0
-1.0
-1.0
-1.0
-1.0
45.5235
-1.0
-1.0
-1.0
-1.0
44.0826
-1.0
-1.0
46.9768
-1.0
-1.0
-1.0
-1.0
-1.0
-1.0
-1.0
-1.0
-1.0
-1.0
-1.0
-1.0
-1.0
-1.0
-1.0
-1.0
-1.0
48.3213
-1.0
-1.0
33.4147
-1.0
-1.0
-1.0
-1.0
-1.0
-1.0
28.7713
-1.0
47.9373
-1.0
-1.0
-1.0
-1.0
-1.0
-1.0
-1.0
43.2567
-1.0
-1.0
-1.0
48.5379
-1.0
-1.0
-1.0
-1.0
-1.0
-1.0
-1.0
17.4297
-1.0
24.1155
-1.0
26.6816
-1.0
-1.0
-1.0
-1.0
-1.0
-1.0
-1.0
-1.0
-1.0
-1.0
-1.0
-1.0
50.9587
-1.0
34.6551
24.3066
-1.0
-1.0
-1.0
-1.0
-1.0
-1.0
-1.0
-1.0
-1.0
-1.0
-1.0
-1.0
42.137
28.1003
-1.0
-1.0
48.4037
-1.0
-1.0
47.1554
-1.0
-1.0
33.4153
-1.0
-1.0
-1.0
-1.0
-1.0
-1.0
33.2546
40.8671
23.3037
-1.0
-1.0
-1.0
-1.0
-1.0
-1.0
-1.0
-1.0
-1.0
-1.0
-1.0
-1.0
-1.0
29.8628
50.3588
-1.0
-1.0
32.7513
36.838
-1.0
-1.0
-1.0
26.9126
-1.0
-1.0
-1.0
-1.0
-1.0
-1.0
-1.0
-1.0
49.4121
38.583
48.9103
38.7193
46.6094
-1.0
51.6853
19.7845
42.9369
-1.0
-1.0
-1.0
-1.0
-1.0
-1.0
37.7311
-1.0
-1.0
-1.0
-1.0
-1.0
-1.0
-1.0
-1.0
-1.0
24.1781
-1.0
-1.0
-1.0
-1.0
-1.0
-1.0
-1.0
-1.0
-1.0
-1.0
-1.0
-1.0
40.8927
51.9373
-1.0
-1.0
-1.0
-1.0
-1.0
-1.0
-1.0
-1.0
50.3462
-1.0
-1.0
-1.0
-1.0
-1.0
30.2158
-1.0
-1.0
-1.0
-1.0
-1.0
-1.0
-1.0
-1.0
-1.0
45.9356
-1.0
-1.0
-1.0
-1.0
-1.0
-1.0
-1.0
50.6572
-1.0
34.8313
-1.0
-1.0
-1.0
28.2861
17.6616
-1.0
22.8434
-1.0
-1.0
-1.0
-1.0
-1.0
36.2748
-1.0
-1.0
-1.0
-1.0
-1.0
-1.0
-1.0
44.807
-1.0
48.4607
-1.0
-1.0
-1.0
-1.0
-1.0
-1.0
-1.0
-1.0
35.5141
33.4052
-1.0
-1.0
51.4728
-1.0
-1.0
35.9053
-1.0
-1.0
-1.0
30.5765
-1.0
-1.0
37.6203
-1.0
-1.0
41.2486
17.4294
-1.0
22.0019
-1.0
-1.0
-1.0
-1.0
-1.0
40.6552
-1.0
27.1688
-1.0
-1.0
-1.0
-1.0
36.0195
-1.0
-1.0
25.7661
-1.0
-1.0
-1.0
-1.0
-1.0
-1.0
-1.0
-1.0
-1.0
-1.0
-1.0
-1.0
-1.0
-1.0
-1.0
-1.0
28.6608
-1.0
48.9896
-1.0
-1.0
-1.0
-1.0
30.2677
-1.0
-1.0
-1.0
-1.0
26.8333
-1.0
-1.0
25.6272
-1.0
-1.0
49.6929
-1.0
-1.0
-1.0
-1.0
-1.0
-1.0
-1.0
-1.0
-1.0
-1.0
-1.0
-1.0
-1.0
-1.0
-1.0
-1.0
15.0136
-1.0
-1.0
-1.0
-1.0
-1.0
-1.0
-1.0
-1.0
-1.0
42.0362
-1.0
-1.0
-1.0
-1.0
-1.0
27.1343
39.9439
19.9444
-1.0
-1.0
-1.0
26.996
-1.0
-1.0
-1.0
42.8873
-1.0
-1.0
-1.0
-1.0
-1.0
-1.0
-1.0
-1.0
-1.0
-1.0
-1.0
-1.0
-1.0
-1.0
19.4517
-1.0
41.8689
-1.0
51.7627
-1.0
31.4075
-1.0
20.6195
22.3241
30.3089
-1.0
-1.0
48.6158
49.6157
-1.0
-1.0
7.9518
23.6661
-1.0
-1.0
-1.0
-1.0
27.7455
-1.0
41.8972
-1.0
-1.0
-1.0
-1.0
20.541
28.1738
-1.0
-1.0
-1.0
-1.0
-1.0
-1.0
-1.0
-1.0
-1.0
30.8985
-1.0
44.1362
-1.0
-1.0
-1.0
-1.0
-1.0
-1.0
37.7705
-1.0
-1.0
-1.0
-1.0
-1.0
-1.0
-1.0
46.6952
-1.0
-1.0
-1.0
-1.0
-1.0
41.3015
20.2516
-1.0
-1.0
-1.0
-1.0
-1.0
-1.0
-1.0
-1.0
-1.0
-1.0
-1.0
29.001
-1.0
-1.0
-1.0
-1.0
-1.0
53.5285
-1.0
-1.0
-1.0
-1.0
28.1588
-1.0
-1.0
-1.0
-1.0
-1.0
29.2797
-1.0
28.7299
-1.0
-1.0
-1.0
30.5958
-1.0
-1.0
-1.0
-1.0
-1.0
-1.0
-1.0
-1.0
-1.0
-1.0
-1.0
45.2013
-1.0
-1.0
-1.0
-1.0
-1.0
-1.0
29.8313
-1.0
-1.0
36.0561
-1.0
15.4387
-1.0
42.2476
41.7379
-1.0
-1.0
-1.0
-1.0
-1.0
-1.0
-1.0
-1.0
-1.0
-1.0
-1.0
46.4734
-1.0
-1.0
-1.0
-1.0
-1.0
-1.0
44.8575
-1.0
-1.0
-1.0
-1.0
37.6698
-1.0
46.3194
-1.0
-1.0
-1.0
-1.0
-1.0
-1.0
-1.0
-1.0
50.0447
34.483
17.771
-1.0
-1.0
51.1658
-1.0
-1.0
-1.0
-1.0
35.3983
-1.0
-1.0
-1.0
37.4835
30.3
36.0414
-1.0
-1.0
-1.0
-1.0
-1.0
43.1202
-1.0
-1.0
31.9711
-1.0
-1.0
-1.0
44.7809
-1.0
-1.0
-1.0
31.5431
30.8398
-1.0
-1.0
-1.0
-1.0
-1.0
28.9638
-1.0
-1.0
33.135
51.4541
27.2263
-1.0
-1.0
10.7706
-1.0
-1.0
-1.0
48.3052
-1.0
41.1461
-1.0
38.3381
-1.0
-1.0
-1.0
-1.0
-1.0
-1.0
-1.0
38.9667
-1.0
-1.0
-1.0
-1.0
-1.0
-1.0
34.5419
-1.0
-1.0
-1.0
-1.0
-1.0
-1.0
-1.0
-1.0
-1.0
24.8252
52.4874
-1.0
-1.0
-1.0
49.1724
-1.0
-1.0
-1.0
-1.0
-1.0
-1.0
39.896
-1.0
26.0519
22.8073
-1.0
-1.0
-1.0
-1.0
38.7216
-1.0
25.6979
44.2001
-1.0
-1.0
-1.0
-1.0
-1.0
29.8652
29.1856
-1.0
-1.0
-1.0
-1.0
-1.0
15.5203
-1.0
32.5947
-1.0
-1.0
-1.0
-1.0
-1.0
-1.0
-1.0
27.5873
-1.0
-1.0
-1.0
-1.0
-1.0
-1.0
-1.0
-1.0
-1.0
-1.0
-1.0
-1.0
-1.0
-1.0
37.838
-1.0
-1.0
-1.0
33.6821
-1.0
-1.0
-1.0
-1.0
-1.0
-1.0
22.0724
-1.0
-1.0
-1.0
6.12807
-1.0
-1.0
41.2459
-1.0
-1.0
40.3046
-1.0
44.2094
-1.0
-1.0
-1.0
-1.0
45.6973
-1.0
-1.0
-1.0
-1.0
-1.0
-1.0
-1.0
-1.0
-1.0
46.9405
-1.0
-1.0
-1.0
-1.0
-1.0
41.4573
-1.0
-1.0
-1.0
16.9678
-1.0
-1.0
-1.0
-1.0
44.9451
-1.0
-1.0
-1.0
45.9946
21.3359
-1.0
47.3988
23.1478
-1.0
-1.0
-1.0
-1.0
-1.0
-1.0
33.4179
-1.0
31.1151
-1.0
-1.0
-1.0
-1.0
-1.0
-1.0
-1.0
-1.0
-1.0
-1.0
51.1899
-1.0
-1.0
-1.0
-1.0
-1.0
-1.0
-1.0
-1.0
-1.0
-1.0
41.4703
-1.0
-1.0
-1.0
-1.0
-1.0
45.8204
-1.0
-1.0
-1.0
-1.0
-1.0
37.5361
18.0171
-1.0
-1.0
-1.0
-1.0
-1.0
-1.0
33.168
-1.0
-1.0
38.246
-1.0
-1.0
-1.0
-1.0
-1.0
-1.0
-1.0
-1.0
28.3746
38.0317
-1.0
-1.0
-1.0
-1.0
-1.0
-1.0
-1.0
23.66
-1.0
-1.0
-1.0
-1.0
-1.0
-1.0
36.6751
47.0993
-1.0
-1.0
-1.0
-1.0
-1.0
-1.0
-1.0
-1.0
-1.0
-1.0
-1.0
-1.0
-1.0
-1.0
-1.0
-1.0
-1.0
-1.0
-1.0
25.1997
-1.0
-1.0
-1.0
-1.0
-1.0
-1.0
32.8584
-1.0
-1.0
-1.0
-1.0
21.9002
-1.0
-1.0
-1.0
-1.0
49.0141
35.3505
-1.0
-1.0
-1.0
21.658
-1.0
-1.0
30.6351
-1.0
15.3121
-1.0
-1.0
-1.0
-1.0
16.0382
35.8685
34.3788
-1.0
-1.0
19.0252
-1.0
38.5168
-1.0
-1.0
-1.0
-1.0
24.0514
-1.0
-1.0
-1.0
-1.0
30.9861
27.5474
-1.0
-1.0
-1.0
-1.0
-1.0
-1.0
8.5797
-1.0
-1.0
-1.0
22.8787
-1.0
49.2254
-1.0
-1.0
-1.0
-1.0
-1.0
-1.0
-1.0
-1.0
-1.0
-1.0
-1.0
-1.0
-1.0
-1.0
-1.0
-1.0
-1.0
-1.0
-1.0
21.794
-1.0
-1.0
-1.0
17.7146
-1.0
51.1468
-1.0
-1.0
-1.0
-1.0
26.853
-1.0
-1.0
-1.0
-1.0
-1.0
-1.0
41.0803
-1.0
-1.0
-1.0
23.6276
-1.0
47.6018
-1.0
-1.0
40.4031
-1.0
-1.0
-1.0
-1.0
52.2463
-1.0
-1.0
47.2257
-1.0
-1.0
-1.0
-1.0
-1.0
-1.0
-1.0
-1.0
-1.0
-1.0
-1.0
42.8567
-1.0
26.7912
38.6775
-1.0
-1.0
27.8293
25.9105
-1.0
-1.0
-1.0
20.5936
-1.0
-1.0
-1.0
-1.0
-1.0
-1.0
-1.0
24.7066
-1.0
-1.0
-1.0
-1.0
-1.0
-1.0
42.057
-1.0
-1.0
-1.0
-1.0
-1.0
-1.0
-1.0
-1.0
-1.0
-1.0
-1.0
52.2512
37.5037
51.9777
-1.0
-1.0
-1.0
-1.0
-1.0
-1.0
15.3157
-1.0
-1.0
46.5584
-1.0
49.8424
17.7673
44.2048
-1.0
-1.0
-1.0
-1.0
-1.0
-1.0
-1.0
-1.0
49.0632
-1.0
-1.0
-1.0
-1.0
-1.0
-1.0
43.5019
-1.0
-1.0
-1.0
40.1001
-1.0
19.6895
-1.0
-1.0
-1.0
27.2834
23.1387
45.6792
-1.0
-1.0
-1.0
-1.0
-1.0
51.0369
55.3377
-1.0
8.43245
-1.0
-1.0
-1.0
-1.0
-1.0
-1.0
45.0147
-1.0
-1.0
-1.0
-1.0
47.7704
-1.0
-1.0
-1.0
-1.0
-1.0
-1.0
-1.0
31.2416
20.6813
-1.0
-1.0
-1.0
-1.0
-1.0
-1.0
-1.0
-1.0
-1.0
-1.0
-1.0
-1.0
-1.0
-1.0
17.8273
-1.0
-1.0
35.1107
41.3001
-1.0
-1.0
-1.0
-1.0
-1.0
-1.0
-1.0
-1.0
-1.0
-1.0
-1.0
-1.0
-1.0
30.6274
-1.0
-1.0
48.0116
-1.0
-1.0
36.3967
-1.0
-1.0
-1.0
25.9011
35.2056
-1.0
-1.0
16.1367
-1.0
46.9774
-1.0
-1.0
-1.0
33.9173
49.217
-1.0
44.5209
-1.0
-1.0
-1.0
-1.0
30.0322
40.6739
11.2198
-1.0
-1.0
40.5427
-1.0
-1.0
-1.0
-1.0
25.7431
44.2731
37.905
-1.0
-1.0
-1.0
-1.0
-1.0
-1.0
-1.0
40.759
-1.0
-1.0
-1.0
48.1786
-1.0
-1.0
-1.0
-1.0
51.5634
-1.0
-1.0
-1.0
-1.0
-1.0
-1.0
-1.0
43.0678
28.0928
-1.0
-1.0
-1.0
-1.0
-1.0
-1.0
28.7363
-1.0
29.2179
-1.0
-1.0
-1.0
-1.0
24.1884
30.5874
41.0301
-1.0
-1.0
30.5139
-1.0
-1.0
-1.0
-1.0
-1.0
-1.0
-1.0
-1.0
43.4273
-1.0
-1.0
-1.0
-1.0
-1.0
-1.0
-1.0
52.1658
38.4589
-1.0
-1.0
-1.0
-1.0
-1.0
-1.0
-1.0
-1.0
-1.0
-1.0
-1.0
-1.0
-1.0
-1.0
-1.0
-1.0
33.6637
-1.0
-1.0
48.3104
-1.0
-1.0
40.7801
-1.0
26.7474
-1.0
-1.0
-1.0
-1.0
-1.0
41.3185
-1.0
-1.0
-1.0
-1.0
-1.0
-1.0
-1.0
-1.0
-1.0
34.6041
-1.0
-1.0
35.0092
-1.0
-1.0
-1.0
11.0751
34.5618
-1.0
-1.0
-1.0
-1.0
-1.0
50.6638
-1.0
-1.0
-1.0
-1.0
33.2104
35.7937
36.4939
-1.0
-1.0
-1.0
43.7954
-1.0
-1.0
-1.0
-1.0
-1.0
-1.0
-1.0
-1.0
43.5496
-1.0
-1.0
42.1842
48.743
-1.0
-1.0
-1.0
44.5219
-1.0
-1.0
-1.0
-1.0
-1.0
-1.0
-1.0
-1.0
-1.0
34.5732
-1.0
-1.0
-1.0
-1.0
-1.0
-1.0
-1.0
-1.0
-1.0
-1.0
-1.0
32.4154
-1.0
-1.0
-1.0
34.1762
-1.0
-1.0
-1.0
-1.0
-1.0
-1.0
-1.0
20.6805
-1.0
41.4957
-1.0
-1.0
-1.0
32.7034
-1.0
19.4846
-1.0
-1.0
-1.0
-1.0
-1.0
-1.0
-1.0
-1.0
-1.0
9.47186
35.0425
27.3651
47.492
-1.0
-1.0
-1.0
-1.0
-1.0
-1.0
-1.0
-1.0
-1.0
-1.0
-1.0
-1.0
-1.0
-1.0
33.0689
-1.0
-1.0
-1.0
-1.0
17.8001
-1.0
-1.0
35.7435
40.0667
-1.0
-1.0
-1.0
-1.0
-1.0
-1.0
-1.0
-1.0
-1.0
-1.0
-1.0
44.5882
-1.0
-1.0
42.7751
-1.0
-1.0
-1.0
-1.0
50.9731
-1.0
-1.0
-1.0
-1.0
-1.0
-1.0
-1.0
-1.0
-1.0
-1.0
29.7194
-1.0
-1.0
-1.0
-1.0
-1.0
-1.0
-1.0
-1.0
42.0922
46.4064
22.9068
-1.0
-1.0
-1.0
-1.0
46.6673
-1.0
36.7898
-1.0
-1.0
42.6288
-1.0
-1.0
-1.0
-1.0
-1.0
-1.0
-1.0
32.9696
-1.0
-1.0
-1.0
17.785
-1.0
-1.0
50.2759
39.2843
-1.0
-1.0
-1.0
17.23
39.4629
-1.0
-1.0
-1.0
-1.0
-1.0
-1.0
-1.0
-1.0
-1.0
43.0511
40.433
-1.0
-1.0
-1.0
-1.0
36.4773
-1.0
-1.0
-1.0
-1.0
-1.0
45.3278
-1.0
-1.0
-1.0
26.2837
29.8161
-1.0
-1.0
-1.0
-1.0
-1.0
36.0801
-1.0
-1.0
-1.0
33.0313
44.0342
-1.0
38.4677
-1.0
20.4443
-1.0
-1.0
-1.0
-1.0
-1.0
-1.0
-1.0
-1.0
-1.0
-1.0
-1.0
-1.0
44.4039
-1.0
34.9848
-1.0
-1.0
-1.0
43.7553
-1.0
-1.0
-1.0
-1.0
27.7269
-1.0
-1.0
-1.0
10.9744
-1.0
-1.0
-1.0
-1.0
-1.0
48.1241
-1.0
-1.0
30.0179
-1.0
-1.0
-1.0
50.5957
-1.0
-1.0
45.3175
29.8649
22.8423
47.8115
21.3755
-1.0
-1.0
35.5969
-1.0
-1.0
-1.0
-1.0
-1.0
-1.0
37.798
-1.0
-1.0
-1.0
-1.0
-1.0
-1.0
27.0495
-1.0
-1.0
-1.0
-1.0
39.9051
-1.0
33.1458
-1.0
-1.0
-1.0
-1.0
-1.0
-1.0
-1.0
47.9973
-1.0
40.7344
-1.0
-1.0
-1.0
-1.0
-1.0
48.5461
-1.0
-1.0
-1.0
-1.0
-1.0
45.8206
-1.0
-1.0
-1.0
44.1049
-1.0
-1.0
25.2014
46.4227
-1.0
-1.0
-1.0
-1.0
-1.0
-1.0
34.4001
-1.0
-1.0
-1.0
-1.0
49.55
-1.0
35.6179
-1.0
-1.0
-1.0
-1.0
-1.0
-1.0
-1.0
-1.0
-1.0
-1.0
-1.0
25.3158
-1.0
-1.0
36.1912
-1.0
-1.0
-1.0
-1.0
-1.0
26.0302
33.6282
-1.0
-1.0
-1.0
-1.0
37.0198
-1.0
29.5267
-1.0
5.90827
-1.0
39.8065
-1.0
-1.0
-1.0
-1.0
-1.0
-1.0
-1.0
-1.0
-1.0
47.2848
-1.0
48.7666
45.3463
36.8093
-1.0
-1.0
-1.0
-1.0
-1.0
48.8194
-1.0
-1.0
-1.0
-1.0
-1.0
-1.0
30.4402
-1.0
-1.0
-1.0
45.3214
-1.0
-1.0
-1.0
-1.0
-1.0
-1.0
51.3462
52.3103
-1.0
-1.0
-1.0
-1.0
-1.0
-1.0
48.9499
-1.0
-1.0
-1.0
-1.0
-1.0
-1.0
-1.0
-1.0
-1.0
-1.0
-1.0
-1.0
-1.0
39.9201
-1.0
-1.0
-1.0
-1.0
-1.0
-1.0
-1.0
-1.0
-1.0
34.5366
-1.0
-1.0
-1.0
-1.0
19.4874
-1.0
-1.0
-1.0
39.3799
-1.0
-1.0
-1.0
-1.0
-1.0
-1.0
-1.0
-1.0
-1.0
43.6209
-1.0
44.9901
-1.0
48.4266
-1.0
-1.0
-1.0
48.4231
-1.0
-1.0
-1.0
-1.0
-1.0
-1.0
-1.0
-1.0
-1.0
11.4843
-1.0
-1.0
-1.0
-1.0
-1.0
-1.0
36.1479
44.0729
-1.0
-1.0
-1.0
37.1379
-1.0
48.8238
-1.0
-1.0
-1.0
49.9085
-1.0
-1.0
-1.0
-1.0
-1.0
-1.0
-1.0
37.822
-1.0
-1.0
-1.0
-1.0
-1.0
-1.0
-1.0
24.5608
-1.0
-1.0
-1.0
-1.0
-1.0
-1.0
-1.0
35.6726
27.1439
36.0127
-1.0
-1.0
29.5266
-1.0
-1.0
38.7393
-1.0
-1.0
-1.0
-1.0
-1.0
37.1874
-1.0
-1.0
-1.0
65.6912
-1.0
-1.0
-1.0
26.4422
-1.0
-1.0
-1.0
-1.0
-1.0
10.8181
46.8953
-1.0
-1.0
-1.0
-1.0
-1.0
-1.0
46.47
-1.0
-1.0
-1.0
-1.0
-1.0
51.2891
49.5786
-1.0
-1.0
-1.0
-1.0
39.917
37.3757
25.1154
-1.0
-1.0
54.6357
-1.0
-1.0
-1.0
-1.0
32.7896
-1.0
51.2443
-1.0
-1.0
-1.0
-1.0
-1.0
-1.0
-1.0
-1.0
-1.0
-1.0
-1.0
-1.0
-1.0
-1.0
-1.0
-1.0
-1.0
-1.0
-1.0
-1.0
-1.0
40.7812
-1.0
-1.0
36.1622
-1.0
-1.0
-1.0
50.4699
-1.0
-1.0
-1.0
32.5335
-1.0
-1.0
-1.0
33.5308
-1.0
-1.0
-1.0
25.2849
-1.0
26.9575
-1.0
-1.0
-1.0
-1.0
-1.0
20.4431
-1.0
-1.0
-1.0
-1.0
-1.0
-1.0
-1.0
-1.0
24.4098
-1.0
51.8842
-1.0
-1.0
42.9905
-1.0
51.2762
-1.0
-1.0
-1.0
-1.0
-1.0
-1.0
-1.0
27.2474
28.9302
38.2984
-1.0
-1.0
-1.0
-1.0
-1.0
-1.0
-1.0
-1.0
51.8537
41.1504
-1.0
-1.0
-1.0
28.0852
-1.0
-1.0
-1.0
-1.0
-1.0
-1.0
23.4329
-1.0
25.4436
-1.0
-1.0
-1.0
50.5153
-1.0
50.3829
-1.0
-1.0
-1.0
-1.0
-1.0
36.1683
-1.0
-1.0
-1.0
-1.0
32.8911
-1.0
48.6761
-1.0
-1.0
47.243
51.8091
-1.0
-1.0
-1.0
-1.0
-1.0
-1.0
-1.0
-1.0
-1.0
-1.0
-1.0
51.886
11.7443
-1.0
-1.0
-1.0
-1.0
-1.0
-1.0
-1.0
-1.0
-1.0
27.7364
-1.0
52.2211
29.8662
-1.0
48.683
-1.0
-1.0
-1.0
-1.0
-1.0
16.2078
-1.0
42.8097
50.6285
-1.0
-1.0
21.1464
-1.0
-1.0
-1.0
-1.0
-1.0
-1.0
-1.0
-1.0
-1.0
-1.0
-1.0
-1.0
-1.0
36.3959
8.3549
-1.0
-1.0
-1.0
-1.0
-1.0
-1.0
47.5753
-1.0
-1.0
-1.0
-1.0
-1.0
-1.0
-1.0
-1.0
-1.0
-1.0
-1.0
-1.0
36.4918
42.8627
39.7295
-1.0
37.3465
28.5408
-1.0
-1.0
32.5449
41.3588
-1.0
-1.0
-1.0
-1.0
-1.0
-1.0
-1.0
-1.0
-1.0
50.9299
-1.0
-1.0
-1.0
-1.0
-1.0
-1.0
-1.0
-1.0
-1.0
-1.0
-1.0
-1.0
48.2682
-1.0
-1.0
-1.0
-1.0
-1.0
-1.0
-1.0
-1.0
-1.0
-1.0
-1.0
-1.0
14.4226
42.3941
29.878
-1.0
20.0007
-1.0
-1.0
-1.0
-1.0
-1.0
-1.0
38.3845
-1.0
-1.0
27.1716
28.5265
-1.0
-1.0
-1.0
-1.0
-1.0
-1.0
-1.0
-1.0
-1.0
-1.0
-1.0
44.4774
-1.0
-1.0
35.5518
-1.0
-1.0
35.9348
43.0455
-1.0
-1.0
-1.0
-1.0
-1.0
-1.0
-1.0
-1.0
26.2038
-1.0
-1.0
-1.0
-1.0
-1.0
-1.0
-1.0
51.4926
-1.0
-1.0
-1.0
-1.0
-1.0
-1.0
-1.0
-1.0
-1.0
-1.0
37.814
-1.0
36.5798
27.3749
50.2802
-1.0
-1.0
49.8152
-1.0
-1.0
-1.0
-1.0
-1.0
-1.0
-1.0
-1.0
-1.0
-1.0
-1.0
38.8853
-1.0
32.135
-1.0
47.6804
-1.0
-1.0
-1.0
-1.0
-1.0
35.4113
-1.0
-1.0
-1.0
-1.0
29.8892
-1.0
-1.0
-1.0
-1.0
-1.0
49.3047
-1.0
-1.0
25.2145
-1.0
-1.0
-1.0
-1.0
45.9638
-1.0
-1.0
-1.0
-1.0
-1.0
-1.0
-1.0
-1.0
30.3523
-1.0
-1.0
46.6608
-1.0
-1.0
42.2101
-1.0
-1.0
-1.0
-1.0
-1.0
-1.0
-1.0
-1.0
-1.0
-1.0
-1.0
-1.0
-1.0
-1.0
-1.0
29.6777
-1.0
-1.0
-1.0
-1.0
51.3905
-1.0
31.8232
-1.0
-1.0
-1.0
-1.0
-1.0
-1.0
-1.0
-1.0
-1.0
-1.0
-1.0
-1.0
-1.0
-1.0
-1.0
-1.0
-1.0
-1.0
-1.0
-1.0
-1.0
-1.0
26.211
-1.0
-1.0
-1.0
26.1435
35.78
-1.0
-1.0
22.434
-1.0
-1.0
-1.0
-1.0
-1.0
44.6913
-1.0
45.304
-1.0
32.2415
-1.0
-1.0
-1.0
-1.0
-1.0
34.5362
-1.0
-1.0
-1.0
-1.0
-1.0
-1.0
41.0764
-1.0
-1.0
-1.0
-1.0
41.2152
37.572
-1.0
26.1344
-1.0
-1.0
-1.0
31.0994
-1.0
-1.0
-1.0
35.529
-1.0
-1.0
-1.0
-1.0
-1.0
49.9511
-1.0
-1.0
-1.0
-1.0
49.1395
-1.0
51.8933
-1.0
-1.0
-1.0
-1.0
-1.0
-1.0
37.2587
-1.0
32.2659
-1.0
49.5722
49.5466
34.1932
-1.0
28.614
-1.0
-1.0
43.9067
44.675
-1.0
-1.0
-1.0
-1.0
37.0008
-1.0
49.6429
-1.0
-1.0
-1.0
-1.0
-1.0
-1.0
28.3234
-1.0
-1.0
42.6528
-1.0
-1.0
-1.0
-1.0
-1.0
-1.0
46.0883
-1.0
-1.0
37.6457
-1.0
-1.0
26.2044
40.1245
-1.0
-1.0
-1.0
-1.0
-1.0
-1.0
-1.0
-1.0
-1.0
-1.0
-1.0
-1.0
50.9803
-1.0
-1.0
48.2561
21.1491
-1.0
-1.0
24.1063
-1.0
-1.0
-1.0
31.1684
-1.0
-1.0
-1.0
42.4469
36.5916
-1.0
-1.0
-1.0
-1.0
-1.0
-1.0
-1.0
-1.0
-1.0
-1.0
-1.0
-1.0
-1.0
-1.0
-1.0
-1.0
35.6753
45.2903
44.3022
-1.0
-1.0
-1.0
-1.0
-1.0
-1.0
-1.0
-1.0
-1.0
47.0031
33.9263
-1.0
-1.0
-1.0
-1.0
49.1757
48.9935
-1.0
39.7782
-1.0
-1.0
-1.0
-1.0
-1.0
-1.0
-1.0
-1.0
-1.0
-1.0
-1.0
-1.0
-1.0
-1.0
-1.0
40.9853
-1.0
51.725
-1.0
51.0908
-1.0
-1.0
39.342
34.0828
34.1499
-1.0
-1.0
-1.0
22.8839
34.2305
-1.0
-1.0
-1.0
-1.0
-1.0
-1.0
-1.0
-1.0
-1.0
-1.0
-1.0
33.1296
-1.0
-1.0
-1.0
-1.0
-1.0
-1.0
-1.0
-1.0
46.0013
-1.0
-1.0
-1.0
-1.0
-1.0
-1.0
-1.0
46.5297
50.1724
48.6806
49.6737
-1.0
-1.0
-1.0
37.5742
52.0157
-1.0
-1.0
-1.0
-1.0
-1.0
-1.0
34.2991
-1.0
40.9187
-1.0
-1.0
35.637
19.3748
-1.0
36.0134
-1.0
-1.0
45.6891
45.648
-1.0
-1.0
36.5471
-1.0
-1.0
-1.0
43.8683
-1.0
-1.0
-1.0
-1.0
-1.0
-1.0
-1.0
-1.0
-1.0
-1.0
-1.0
-1.0
-1.0
-1.0
-1.0
-1.0
-1.0
-1.0
-1.0
46.7114
32.1763
-1.0
-1.0
22.6045
-1.0
-1.0
-1.0
-1.0
22.2717
-1.0
-1.0
35.9054
-1.0
-1.0
-1.0
-1.0
-1.0
28.012
-1.0
-1.0
-1.0
-1.0
26.7856
-1.0
-1.0
-1.0
-1.0
-1.0
-1.0
26.2886
-1.0
-1.0
-1.0
26.003
-1.0
30.1067
-1.0
-1.0
48.2189
-1.0
-1.0
-1.0
-1.0
-1.0
-1.0
-1.0
-1.0
27.8228
-1.0
-1.0
-1.0
-1.0
-1.0
-1.0
-1.0
-1.0
48.4499
-1.0
-1.0
-1.0
44.2908
-1.0
26.4232
-1.0
-1.0
30.2095
-1.0
-1.0
-1.0
-1.0
-1.0
-1.0
-1.0
-1.0
-1.0
49.9293
-1.0
-1.0
-1.0
-1.0
-1.0
-1.0
-1.0
-1.0
-1.0
-1.0
49.1409
-1.0
-1.0
-1.0
-1.0
-1.0
-1.0
-1.0
20.1088
-1.0
-1.0
-1.0
-1.0
-1.0
-1.0
-1.0
-1.0
-1.0
-1.0
46.2933
-1.0
37.7086
-1.0
-1.0
-1.0
50.8902
42.9397
-1.0
-1.0
-1.0
-1.0
-1.0
-1.0
-1.0
-1.0
-1.0
-1.0
48.6123
-1.0
29.7666
-1.0
-1.0
41.4569
-1.0
-1.0
-1.0
-1.0
-1.0
-1.0
-1.0
-1.0
-1.0
45.5576
-1.0
-1.0
-1.0
-1.0
31.9935
-1.0
-1.0
-1.0
-1.0
-1.0
-1.0
-1.0
-1.0
15.9195
23.8944
34.2221
-1.0
31.8911
-1.0
48.8333
-1.0
-1.0
-1.0
32.327
-1.0
-1.0
44.5987
-1.0
44.607
-1.0
-1.0
-1.0
-1.0
-1.0
-1.0
-1.0
-1.0
44.1116
-1.0
-1.0
-1.0
40.6343
-1.0
-1.0
-1.0
-1.0
-1.0
-1.0
-1.0
-1.0
-1.0
-1.0
36.0012
-1.0
-1.0
-1.0
-1.0
-1.0
54.9706
-1.0
36.1086
47.5125
48.0484
48.1577
43.9942
44.346
27.7075
-1.0
-1.0
-1.0
9.41415
-1.0
-1.0
45.2493
-1.0
-1.0
-1.0
-1.0
-1.0
-1.0
-1.0
-1.0
38.6443
-1.0
-1.0
-1.0
-1.0
-1.0
-1.0
26.6329
-1.0
-1.0
-1.0
-1.0
-1.0
-1.0
-1.0
-1.0
33.7007
23.2254
-1.0
-1.0
-1.0
51.2658
41.445
-1.0
-1.0
36.3867
-1.0
-1.0
-1.0
-1.0
-1.0
-1.0
-1.0
-1.0
-1.0
-1.0
46.2402
-1.0
45.0781
-1.0
40.0401
-1.0
41.9892
-1.0
-1.0
-1.0
-1.0
-1.0
-1.0
-1.0
-1.0
-1.0
-1.0
-1.0
-1.0
-1.0
-1.0
-1.0
-1.0
-1.0
-1.0
29.5816
-1.0
-1.0
-1.0
44.158
-1.0
45.2613
39.4457
-1.0
-1.0
-1.0
-1.0
41.3045
-1.0
-1.0
-1.0
-1.0
-1.0
-1.0
-1.0
-1.0
24.7398
-1.0
38.4655
-1.0
-1.0
-1.0
-1.0
37.3223
-1.0
-1.0
-1.0
-1.0
-1.0
-1.0
-1.0
-1.0
-1.0
-1.0
-1.0
-1.0
-1.0
-1.0
-1.0
-1.0
-1.0
-1.0
16.6011
-1.0
19.984
-1.0
34.3568
-1.0
-1.0
-1.0
-1.0
-1.0
49.5577
-1.0
-1.0
28.8513
-1.0
-1.0
-1.0
-1.0
-1.0
-1.0
-1.0
42.9405
-1.0
-1.0
-1.0
38.6947
41.2237
-1.0
44.9926
26.6948
24.9373
-1.0
-1.0
-1.0
-1.0
-1.0
-1.0
-1.0
-1.0
-1.0
30.3199
46.7162
-1.0
-1.0
-1.0
-1.0
-1.0
15.9402
-1.0
-1.0
-1.0
-1.0
-1.0
25.2052
-1.0
-1.0
-1.0
-1.0
-1.0
-1.0
36.0099
-1.0
-1.0
-1.0
-1.0
-1.0
-1.0
45.873
-1.0
-1.0
-1.0
-1.0
-1.0
-1.0
-1.0
-1.0
43.3855
39.7138
-1.0
-1.0
38.1495
33.7498
-1.0
-1.0
-1.0
43.5689
-1.0
19.3805
23.0541
-1.0
22.4163
-1.0
-1.0
-1.0
-1.0
-1.0
-1.0
-1.0
-1.0
26.0376
-1.0
-1.0
-1.0
-1.0
49.8374
-1.0
-1.0
-1.0
-1.0
-1.0
-1.0
-1.0
-1.0
-1.0
-1.0
-1.0
-1.0
-1.0
-1.0
-1.0
-1.0
-1.0
29.2779
-1.0
-1.0
-1.0
-1.0
-1.0
30.4615
45.7103
-1.0
-1.0
-1.0
52.152
-1.0
51.1408
-1.0
-1.0
-1.0
-1.0
-1.0
-1.0
28.1691
-1.0
-1.0
-1.0
-1.0
-1.0
-1.0
-1.0
-1.0
-1.0
-1.0
-1.0
31.8509
-1.0
43.7847
19.5339
28.9768
38.4039
-1.0
30.9287
50.4992
-1.0
-1.0
38.6314
-1.0
-1.0
7.65155
-1.0
12.9696
-1.0
50.6671
32.5223
-1.0
-1.0
-1.0
-1.0
-1.0
24.5312
-1.0
-1.0
-1.0
53.153
-1.0
-1.0
45.7784
-1.0
51.5739
-1.0
-1.0
-1.0
51.4219
-1.0
45.6093
30.3899
28.1234
-1.0
-1.0
-1.0
-1.0
-1.0
-1.0
-1.0
-1.0
-1.0
-1.0
-1.0
48.1851
-1.0
-1.0
-1.0
-1.0
-1.0
-1.0
-1.0
-1.0
-1.0
28.1254
-1.0
-1.0
-1.0
-1.0
53.3696
-1.0
-1.0
-1.0
-1.0
-1.0
-1.0
-1.0
-1.0
-1.0
-1.0
18.7276
-1.0
46.3672
40.5711
-1.0
-1.0
-1.0
-1.0
-1.0
-1.0
-1.0
-1.0
38.7295
-1.0
-1.0
-1.0
-1.0
-1.0
-1.0
-1.0
-1.0
32.7707
-1.0
-1.0
-1.0
20.5199
50.8331
28.2987
-1.0
-1.0
-1.0
-1.0
-1.0
-1.0
-1.0
-1.0
19.5222
45.6854
-1.0
-1.0
-1.0
-1.0
-1.0
-1.0
-1.0
-1.0
-1.0
-1.0
32.6364
-1.0
-1.0
-1.0
-1.0
-1.0
-1.0
34.0728
29.3188
-1.0
-1.0
42.8543
-1.0
-1.0
47.4761
-1.0
-1.0
-1.0
-1.0
-1.0
-1.0
12.1279
-1.0
-1.0
-1.0
-1.0
-1.0
47.4948
-1.0
-1.0
-1.0
13.4559
-1.0
-1.0
-1.0
-1.0
-1.0
-1.0
-1.0
48.5454
-1.0
-1.0
-1.0
40.3752
34.2526
-1.0
42.7318
-1.0
-1.0
46.6886
-1.0
-1.0
-1.0
-1.0
-1.0
-1.0
-1.0
-1.0
-1.0
-1.0
-1.0
-1.0
-1.0
-1.0
47.5117
12.1022
-1.0
-1.0
-1.0
-1.0
41.1194
-1.0
-1.0
41.3953
-1.0
-1.0
-1.0
-1.0
31.0237
3.96863
-1.0
-1.0
-1.0
-1.0
-1.0
23.3133
-1.0
-1.0
33.0254
-1.0
-1.0
-1.0
-1.0
-1.0
40.9282
-1.0
-1.0
-1.0
-1.0
-1.0
48.3423
-1.0
-1.0
21.9259
-1.0
-1.0
-1.0
-1.0
-1.0
-1.0
-1.0
-1.0
-1.0
-1.0
-1.0
-1.0
-1.0
-1.0
-1.0
-1.0
-1.0
-1.0
51.7516
-1.0
-1.0
-1.0
-1.0
-1.0
-1.0
-1.0
-1.0
-1.0
-1.0
-1.0
-1.0
-1.0
-1.0
-1.0
-1.0
-1.0
-1.0
-1.0
46.2204
-1.0
-1.0
-1.0
-1.0
-1.0
-1.0
35.5454
-1.0
-1.0
-1.0
-1.0
-1.0
-1.0
-1.0
-1.0
-1.0
39.4331
-1.0
34.6332
51.4466
-1.0
-1.0
-1.0
-1.0
36.0407
-1.0
40.7608
-1.0
-1.0
-1.0
-1.0
14.4195
44.4586
-1.0
-1.0
-1.0
-1.0
-1.0
-1.0
-1.0
-1.0
-1.0
-1.0
-1.0
-1.0
-1.0
-1.0
33.0319
42.4218
-1.0
34.424
-1.0
25.7756
-1.0
-1.0
-1.0
-1.0
-1.0
41.7328
-1.0
25.4541
-1.0
48.2252
-1.0
-1.0
-1.0
-1.0
-1.0
-1.0
-1.0
-1.0
-1.0
23.5811
14.43
-1.0
-1.0
-1.0
-1.0
-1.0
37.1474
-1.0
-1.0
-1.0
-1.0
-1.0
-1.0
-1.0
-1.0
-1.0
-1.0
-1.0
-1.0
40.6737
-1.0
-1.0
-1.0
-1.0
-1.0
-1.0
-1.0
-1.0
-1.0
-1.0
-1.0
-1.0
-1.0
-1.0
43.0834
-1.0
-1.0
-1.0
31.1124
-1.0
-1.0
35.7328
40.0768
-1.0
-1.0
-1.0
-1.0
-1.0
-1.0
24.8364
-1.0
-1.0
-1.0
-1.0
-1.0
-1.0
-1.0
-1.0
38.9998
-1.0
-1.0
-1.0
-1.0
-1.0
-1.0
-1.0
45.112
-1.0
-1.0
-1.0
-1.0
-1.0
-1.0
-1.0
-1.0
49.814
22.0023
-1.0
-1.0
-1.0
-1.0
-1.0
-1.0
-1.0
-1.0
-1.0
-1.0
-1.0
-1.0
-1.0
-1.0
-1.0
-1.0
-1.0
35.4347
18.7768
-1.0
-1.0
-1.0
-1.0
-1.0
-1.0
-1.0
30.3823
-1.0
-1.0
-1.0
-1.0
-1.0
25.7493
-1.0
-1.0
41.8992
-1.0
-1.0
-1.0
45.4095
26.7509
49.4032
39.5892
-1.0
-1.0
-1.0
-1.0
-1.0
-1.0
-1.0
-1.0
-1.0
-1.0
-1.0
-1.0
25.5245
-1.0
-1.0
47.8341
-1.0
22.9634
-1.0
-1.0
-1.0
50.559
-1.0
-1.0
-1.0
-1.0
-1.0
-1.0
45.7408
-1.0
-1.0
51.4084
-1.0
-1.0
-1.0
-1.0
-1.0
-1.0
-1.0
18.7874
22.4897
46.0425
-1.0
-1.0
-1.0
-1.0
-1.0
-1.0
23.3145
-1.0
-1.0
29.4529
-1.0
-1.0
-1.0
-1.0
-1.0
-1.0
-1.0
-1.0
-1.0
-1.0
-1.0
-1.0
-1.0
36.0371
-1.0
-1.0
-1.0
-1.0
-1.0
-1.0
29.3003
52.1032
-1.0
-1.0
-1.0
-1.0
27.1274
-1.0
-1.0
-1.0
-1.0
-1.0
-1.0
48.9852
-1.0
-1.0
21.5539
-1.0
-1.0
50.0379
-1.0
37.6792
-1.0
-1.0
48.049
-1.0
45.4035
-1.0
-1.0
30.543
32.8058
-1.0
-1.0
37.6727
-1.0
-1.0
45.4396
-1.0
-1.0
-1.0
-1.0
-1.0
38.7528
-1.0
-1.0
-1.0
43.1659
41.8279
18.0287
-1.0
-1.0
-1.0
-1.0
-1.0
-1.0
47.7494
-1.0
42.2907
-1.0
-1.0
46.0691
-1.0
-1.0
46.1385
-1.0
42.8898
-1.0
-1.0
-1.0
-1.0
-1.0
-1.0
-1.0
-1.0
-1.0
-1.0
-1.0
-1.0
-1.0
-1.0
-1.0
-1.0
-1.0
47.9192
-1.0
51.9384
-1.0
-1.0
-1.0
-1.0
-1.0
49.7202
33.1414
35.2337
33.0519
-1.0
-1.0
-1.0
-1.0
-1.0
-1.0
-1.0
-1.0
-1.0
-1.0
-1.0
-1.0
-1.0
-1.0
-1.0
39.0885
-1.0
34.5779
-1.0
36.7522
47.1118
49.7493
-1.0
43.326
-1.0
34.3513
49.1974
36.1372
35.9724
39.6427
-1.0
39.6008
-1.0
44.7714
26.8147
-1.0
-1.0
49.2788
-1.0
-1.0
-1.0
-1.0
-1.0
-1.0
-1.0
-1.0
-1.0
-1.0
-1.0
-1.0
-1.0
-1.0
-1.0
-1.0
-1.0
-1.0
-1.0
-1.0
-1.0
28.7512
40.3961
-1.0
-1.0
-1.0
-1.0
-1.0
50.808
-1.0
-1.0
48.4437
-1.0
-1.0
-1.0
45.4692
-1.0
-1.0
27.0917
-1.0
-1.0
-1.0
-1.0
-1.0
-1.0
-1.0
-1.0
-1.0
-1.0
37.215
-1.0
-1.0
-1.0
-1.0
-1.0
-1.0
-1.0
-1.0
-1.0
-1.0
-1.0
-1.0
-1.0
-1.0
37.3729
-1.0
39.4441
-1.0
-1.0
-1.0
-1.0
-1.0
51.931
49.1881
-1.0
25.4987
-1.0
30.1614
-1.0
-1.0
-1.0
-1.0
-1.0
21.066
-1.0
-1.0
39.5055
-1.0
30.5578
41.2174
-1.0
45.0936
-1.0
-1.0
-1.0
-1.0
-1.0
22.9184
-1.0
-1.0
-1.0
-1.0
-1.0
-1.0
40.2635
26.0284
-1.0
-1.0
-1.0
18.1232
-1.0
-1.0
-1.0
31.5584
41.1113
-1.0
-1.0
-1.0
-1.0
-1.0
-1.0
-1.0
-1.0
-1.0
-1.0
-1.0
-1.0
-1.0
-1.0
11.9176
-1.0
41.1909
-1.0
-1.0
44.1048
-1.0
-1.0
-1.0
-1.0
-1.0
-1.0
-1.0
-1.0
-1.0
34.5959
29.697
-1.0
-1.0
-1.0
15.363
-1.0
-1.0
-1.0
-1.0
-1.0
-1.0
-1.0
52.0392
-1.0
31.9367
-1.0
-1.0
51.9234
-1.0
-1.0
-1.0
-1.0
-1.0
-1.0
45.9307
40.0775
-1.0
-1.0
-1.0
-1.0
-1.0
43.2493
-1.0
31.0789
44.8455
-1.0
-1.0
50.2492
-1.0
-1.0
51.0518
-1.0
-1.0
-1.0
-1.0
-1.0
-1.0
-1.0
32.4099
-1.0
-1.0
-1.0
43.1761
-1.0
-1.0
-1.0
-1.0
-1.0
-1.0
37.3015
-1.0
21.9589
27.4384
-1.0
51.5737
34.2538
-1.0
43.5653
30.0368
-1.0
-1.0
-1.0
-1.0
42.8839
-1.0
-1.0
-1.0
-1.0
42.1906
-1.0
-1.0
-1.0
36.5989
-1.0
-1.0
-1.0
16.3829
35.8354
-1.0
39.5608
-1.0
38.6717
-1.0
-1.0
46.0884
34.8433
-1.0
-1.0
-1.0
-1.0
-1.0
-1.0
-1.0
-1.0
-1.0
-1.0
-1.0
-1.0
-1.0
32.7912
-1.0
46.3506
42.5569
-1.0
-1.0
-1.0
-1.0
-1.0
-1.0
-1.0
-1.0
-1.0
-1.0
-1.0
18.8118
51.4286
-1.0
-1.0
-1.0
-1.0
-1.0
-1.0
-1.0
45.9258
-1.0
41.4689
-1.0
23.8056
25.828
-1.0
-1.0
-1.0
25.6004
21.5651
-1.0
-1.0
-1.0
-1.0
-1.0
-1.0
-1.0
-1.0
-1.0
-1.0
-1.0
-1.0
-1.0
-1.0
-1.0
-1.0
-1.0
-1.0
-1.0
-1.0
-1.0
-1.0
-1.0
36.2077
-1.0
-1.0
24.0412
-1.0
-1.0
-1.0
39.9723
-1.0
-1.0
-1.0
-1.0
48.5446
-1.0
-1.0
-1.0
-1.0
-1.0
-1.0
-1.0
-1.0
-1.0
47.0286
-1.0
-1.0
31.8858
-1.0
-1.0
-1.0
-1.0
-1.0
-1.0
-1.0
30.7973
24.5384
-1.0
44.5262
46.4715
51.2578
-1.0
19.369
-1.0
-1.0
-1.0
-1.0
-1.0
-1.0
26.4358
-1.0
33.4505
48.0147
-1.0
-1.0
-1.0
-1.0
-1.0
-1.0
-1.0
-1.0
-1.0
-1.0
17.2375
-1.0
-1.0
-1.0
-1.0
-1.0
-1.0
-1.0
48.5696
-1.0
-1.0
-1.0
-1.0
-1.0
-1.0
30.1874
-1.0
-1.0
-1.0
-1.0
-1.0
-1.0
-1.0
-1.0
-1.0
-1.0
-1.0
45.2509
-1.0
-1.0
-1.0
-1.0
-1.0
-1.0
-1.0
-1.0
-1.0
-1.0
-1.0
-1.0
-1.0
43.4042
-1.0
26.3514
-1.0
-1.0
-1.0
-1.0
-1.0
36.0594
-1.0
-1.0
30.7265
-1.0
-1.0
46.4541
-1.0
-1.0
36.3923
-1.0
-1.0
21.3108
-1.0
-1.0
-1.0
18.9613
-1.0
-1.0
46.1555
-1.0
-1.0
-1.0
-1.0
47.4125
-1.0
-1.0
-1.0
-1.0
51.6159
33.1663
-1.0
15.0888
-1.0
46.8953
-1.0
-1.0
-1.0
38.8338
47.326
-1.0
-1.0
-1.0
43.1697
-1.0
-1.0
-1.0
-1.0
-1.0
-1.0
-1.0
30.1215
36.6182
-1.0
-1.0
37.2886
-1.0
-1.0
49.6712
-1.0
48.0075
-1.0
-1.0
-1.0
-1.0
-1.0
-1.0
49.6709
-1.0
28.1934
-1.0
-1.0
-1.0
-1.0
-1.0
-1.0
-1.0
-1.0
29.6406
-1.0
24.9705
-1.0
15.5072
-1.0
-1.0
39.8161
-1.0
-1.0
42.7389
-1.0
35.8824
-1.0
45.3628
-1.0
-1.0
-1.0
-1.0
-1.0
-1.0
-1.0
-1.0
-1.0
-1.0
-1.0
-1.0
-1.0
-1.0
-1.0
-1.0
-1.0
-1.0
20.3867
24.2265
-1.0
-1.0
-1.0
-1.0
-1.0
-1.0
19.4743
35.788
-1.0
51.3805
-1.0
-1.0
53.569
34.8635
-1.0
-1.0
32.7268
-1.0
-1.0
-1.0
50.0284
-1.0
-1.0
-1.0
-1.0
-1.0
-1.0
-1.0
-1.0
51.2319
-1.0
-1.0
51.7424
-1.0
7.2245
24.6383
-1.0
-1.0
-1.0
-1.0
-1.0
-1.0
-1.0
-1.0
-1.0
34.4665
-1.0
38.0602
-1.0
-1.0
-1.0
-1.0
-1.0
16.9268
-1.0
-1.0
-1.0
-1.0
35.2972
-1.0
-1.0
-1.0
22.7438
-1.0
-1.0
29.2544
50.9535
-1.0
27.3607
-1.0
-1.0
33.6554
50.8772
-1.0
45.6472
-1.0
-1.0
-1.0
-1.0
36.0389
-1.0
-1.0
26.7843
-1.0
-1.0
-1.0
-1.0
-1.0
-1.0
-1.0
-1.0
-1.0
45.075
30.6269
-1.0
51.2058
41.493
-1.0
-1.0
28.1878
33.1373
-1.0
23.6113
33.5589
-1.0
-1.0
-1.0
-1.0
-1.0
-1.0
-1.0
-1.0
-1.0
-1.0
-1.0
-1.0
29.8363
-1.0
-1.0
23.0762
-1.0
-1.0
-1.0
-1.0
-1.0
-1.0
-1.0
-1.0
-1.0
-1.0
46.23
-1.0
40.817
-1.0
24.1275
-1.0
18.5618
-1.0
-1.0
-1.0
-1.0
37.0022
50.1274
-1.0
-1.0
-1.0
33.9614
-1.0
-1.0
-1.0
-1.0
-1.0
-1.0
-1.0
-1.0
-1.0
-1.0
45.0104
-1.0
43.9797
-1.0
-1.0
-1.0
-1.0
-1.0
-1.0
-1.0
45.2902
-1.0
-1.0
-1.0
-1.0
-1.0
26.7969
-1.0
-1.0
-1.0
-1.0
-1.0
-1.0
-1.0
-1.0
-1.0
-1.0
-1.0
41.2218
-1.0
-1.0
-1.0
-1.0
-1.0
21.5584
-1.0
-1.0
24.8313
-1.0
32.1008
-1.0
30.6903
-1.0
6.0342
-1.0
39.1874
-1.0
-1.0
-1.0
-1.0
-1.0
-1.0
-1.0
-1.0
-1.0
-1.0
48.7088
-1.0
-1.0
28.6797
-1.0
-1.0
-1.0
-1.0
46.8047
-1.0
-1.0
-1.0
-1.0
27.8599
-1.0
-1.0
-1.0
-1.0
-1.0
-1.0
-1.0
-1.0
-1.0
43.4254
-1.0
-1.0
-1.0
-1.0
-1.0
-1.0
-1.0
-1.0
48.5392
42.2009
-1.0
-1.0
-1.0
-1.0
-1.0
-1.0
-1.0
-1.0
-1.0
40.8039
-1.0
-1.0
-1.0
-1.0
-1.0
38.115
41.0096
-1.0
-1.0
-1.0
-1.0
-1.0
41.6332
-1.0
-1.0
-1.0
-1.0
-1.0
-1.0
52.318
-1.0
-1.0
-1.0
-1.0
-1.0
-1.0
37.0985
43.0226
-1.0
-1.0
33.4288
-1.0
-1.0
-1.0
-1.0
-1.0
32.3063
-1.0
-1.0
-1.0
29.8985
-1.0
-1.0
-1.0
-1.0
-1.0
-1.0
-1.0
-1.0
-1.0
-1.0
-1.0
-1.0
44.2609
-1.0
48.8775
-1.0
-1.0
-1.0
-1.0
-1.0
-1.0
-1.0
-1.0
-1.0
18.466
-1.0
-1.0
26.5404
-1.0
-1.0
-1.0
-1.0
26.0342
-1.0
-1.0
-1.0
-1.0
-1.0
-1.0
40.5568
-1.0
41.5997
-1.0
-1.0
-1.0
-1.0
-1.0
-1.0
-1.0
-1.0
-1.0
-1.0
-1.0
-1.0
-1.0
37.2498
44.1916
-1.0
-1.0
-1.0
-1.0
-1.0
-1.0
-1.0
-1.0
-1.0
-1.0
-1.0
-1.0
-1.0
-1.0
47.0479
-1.0
-1.0
-1.0
-1.0
-1.0
25.9569
50.5816
-1.0
-1.0
-1.0
22.5702
-1.0
-1.0
19.9894
10.3872
-1.0
-1.0
-1.0
-1.0
-1.0
-1.0
37.572
-1.0
46.077
-1.0
-1.0
-1.0
-1.0
-1.0
-1.0
-1.0
-1.0
-1.0
-1.0
-1.0
-1.0
-1.0
-1.0
-1.0
39.9726
44.9655
-1.0
-1.0
-1.0
30.9521
-1.0
40.5451
-1.0
21.8092
41.4092
-1.0
-1.0
-1.0
-1.0
-1.0
-1.0
-1.0
-1.0
-1.0
-1.0
51.3225
-1.0
-1.0
-1.0
18.0847
-1.0
39.8995
-1.0
-1.0
-1.0
46.9024
40.2076
-1.0
-1.0
47.5529
-1.0
-1.0
-1.0
49.378
-1.0
-1.0
-1.0
-1.0
-1.0
30.2851
-1.0
-1.0
-1.0
44.8426
-1.0
-1.0
-1.0
-1.0
-1.0
-1.0
33.3491
-1.0
49.3534
-1.0
-1.0
22.1179
-1.0
-1.0
-1.0
-1.0
29.9915
-1.0
-1.0
-1.0
-1.0
-1.0
-1.0
-1.0
-1.0
-1.0
-1.0
-1.0
-1.0
-1.0
-1.0
-1.0
-1.0
-1.0
-1.0
-1.0
35.1619
-1.0
-1.0
39.7097
41.7525
-1.0
50.1656
-1.0
21.7886
-1.0
37.0414
-1.0
-1.0
-1.0
-1.0
-1.0
-1.0
45.7228
-1.0
48.5034
-1.0
-1.0
-1.0
-1.0
47.3464
-1.0
-1.0
-1.0
-1.0
-1.0
-1.0
-1.0
-1.0
-1.0
-1.0
-1.0
-1.0
-1.0
-1.0
-1.0
43.2082
-1.0
-1.0
-1.0
-1.0
-1.0
37.3318
-1.0
48.281
-1.0
43.8245
-1.0
51.5457
37.5298
-1.0
-1.0
-1.0
-1.0
-1.0
-1.0
-1.0
-1.0
-1.0
-1.0
-1.0
-1.0
-1.0
-1.0
-1.0
27.9797
28.7534
-1.0
-1.0
23.0765
-1.0
-1.0
-1.0
-1.0
-1.0
-1.0
-1.0
-1.0
-1.0
-1.0
34.9207
-1.0
-1.0
24.7074
-1.0
11.8975
40.2368
-1.0
44.222
27.4266
-1.0
36.0084
24.2322
-1.0
-1.0
-1.0
-1.0
31.4151
-1.0
-1.0
-1.0
-1.0
19.6182
-1.0
-1.0
-1.0
-1.0
-1.0
-1.0
-1.0
-1.0
-1.0
-1.0
-1.0
39.3872
-1.0
-1.0
40.1308
-1.0
-1.0
-1.0
-1.0
-1.0
47.8506
-1.0
-1.0
-1.0
-1.0
-1.0
-1.0
49.6548
-1.0
-1.0
-1.0
-1.0
-1.0
49.172
-1.0
51.7978
35.3407
-1.0
30.457
-1.0
-1.0
-1.0
-1.0
-1.0
-1.0
-1.0
36.1872
-1.0
-1.0
-1.0
-1.0
-1.0
-1.0
-1.0
-1.0
-1.0
-1.0
-1.0
-1.0
-1.0
-1.0
-1.0
31.0475
-1.0
-1.0
-1.0
-1.0
-1.0
-1.0
35.5375
-1.0
-1.0
-1.0
-1.0
-1.0
-1.0
43.434
-1.0
-1.0
-1.0
49.7023
-1.0
-1.0
-1.0
-1.0
43.0107
-1.0
18.3356
24.2141
-1.0
-1.0
-1.0
-1.0
-1.0
-1.0
-1.0
-1.0
44.811
-1.0
-1.0
-1.0
-1.0
-1.0
-1.0
25.1854
-1.0
-1.0
-1.0
-1.0
-1.0
-1.0
-1.0
-1.0
-1.0
-1.0
9.87881
-1.0
-1.0
-1.0
-1.0
-1.0
40.6552
-1.0
-1.0
-1.0
-1.0
27.8458
-1.0
-1.0
-1.0
28.6029
-1.0
-1.0
-1.0
-1.0
-1.0
-1.0
-1.0
-1.0
48.4441
-1.0
-1.0
29.0312
-1.0
-1.0
-1.0
-1.0
26.1078
-1.0
-1.0
-1.0
-1.0
-1.0
-1.0
-1.0
-1.0
-1.0
-1.0
-1.0
-1.0
46.1815
30.863
-1.0
-1.0
44.1607
25.3507
-1.0
-1.0
-1.0
-1.0
-1.0
36.2806
-1.0
-1.0
-1.0
-1.0
-1.0
34.3243
-1.0
38.9074
-1.0
-1.0
-1.0
-1.0
-1.0
-1.0
-1.0
29.235
-1.0
-1.0
-1.0
-1.0
-1.0
34.1672
-1.0
39.5843
-1.0
-1.0
-1.0
-1.0
-1.0
-1.0
-1.0
41.5383
-1.0
-1.0
-1.0
34.1067
-1.0
-1.0
-1.0
-1.0
38.9097
-1.0
-1.0
-1.0
-1.0
-1.0
-1.0
-1.0
-1.0
50.7531
-1.0
-1.0
43.7229
-1.0
-1.0
-1.0
22.7009
-1.0
-1.0
-1.0
30.1943
-1.0
-1.0
-1.0
-1.0
39.9478
-1.0
29.3439
-1.0
43.5445
-1.0
44.2425
-1.0
-1.0
-1.0
-1.0
-1.0
-1.0
-1.0
-1.0
-1.0
-1.0
-1.0
-1.0
37.6158
-1.0
-1.0
-1.0
-1.0
-1.0
-1.0
-1.0
-1.0
31.6164
-1.0
30.8356
-1.0
-1.0
-1.0
15.2169
-1.0
-1.0
48.0017
-1.0
-1.0
-1.0
-1.0
-1.0
-1.0
-1.0
-1.0
-1.0
-1.0
-1.0
-1.0
-1.0
25.9234
-1.0
-1.0
-1.0
-1.0
37.0323
-1.0
28.3542
-1.0
-1.0
29.0779
17.0506
-1.0
-1.0
-1.0
45.9419
-1.0
-1.0
-1.0
-1.0
-1.0
-1.0
42.2215
-1.0
-1.0
-1.0
-1.0
-1.0
-1.0
32.1134
-1.0
27.5429
-1.0
49.5499
38.2725
-1.0
-1.0
-1.0
-1.0
-1.0
-1.0
-1.0
-1.0
49.7888
-1.0
-1.0
19.5367
39.4484
-1.0
-1.0
33.4103
-1.0
-1.0
-1.0
-1.0
-1.0
31.9583
-1.0
-1.0
-1.0
-1.0
-1.0
-1.0
-1.0
-1.0
-1.0
36.0748
-1.0
-1.0
-1.0
25.394
-1.0
19.7183
-1.0
-1.0
-1.0
-1.0
-1.0
-1.0
-1.0
-1.0
-1.0
-1.0
-1.0
11.2919
-1.0
39.8178
-1.0
49.223
-1.0
-1.0
-1.0
-1.0
-1.0
-1.0
-1.0
-1.0
-1.0
-1.0
-1.0
-1.0
-1.0
-1.0
27.1253
-1.0
-1.0
-1.0
-1.0
45.489
50.9934
-1.0
51.0811
12.5727
-1.0
-1.0
50.0946
24.3592
39.9696
-1.0
-1.0
35.7212
-1.0
40.8077
-1.0
48.2204
-1.0
48.7404
-1.0
-1.0
-1.0
33.8892
-1.0
-1.0
-1.0
-1.0
-1.0
-1.0
-1.0
-1.0
-1.0
-1.0
22.1532
-1.0
-1.0
-1.0
-1.0
-1.0
-1.0
-1.0
-1.0
-1.0
-1.0
-1.0
-1.0
-1.0
52.2454
-1.0
25.7269
-1.0
-1.0
-1.0
-1.0
-1.0
-1.0
-1.0
26.6632
-1.0
-1.0
-1.0
-1.0
-1.0
-1.0
-1.0
-1.0
-1.0
47.0327
-1.0
51.807
44.4226
-1.0
-1.0
43.0943
-1.0
-1.0
-1.0
-1.0
-1.0
-1.0
-1.0
-1.0
29.3677
26.7523
-1.0
-1.0
51.9815
-1.0
-1.0
-1.0
38.527
-1.0
-1.0
-1.0
-1.0
-1.0
-1.0
-1.0
-1.0
-1.0
-1.0
-1.0
-1.0
-1.0
-1.0
-1.0
-1.0
-1.0
-1.0
-1.0
-1.0
46.9913
45.9369
-1.0
-1.0
-1.0
-1.0
39.9257
-1.0
-1.0
-1.0
-1.0
-1.0
-1.0
-1.0
-1.0
-1.0
23.7153
-1.0
-1.0
36.3894
-1.0
-1.0
-1.0
-1.0
-1.0
41.0542
-1.0
-1.0
-1.0
-1.0
-1.0
23.5854
44.2216
-1.0
-1.0
-1.0
48.8238
-1.0
-1.0
-1.0
-1.0
32.5041
22.7318
-1.0
29.556
-1.0
-1.0
48.5099
49.9049
-1.0
50.9117
-1.0
39.2921
-1.0
-1.0
-1.0
-1.0
-1.0
-1.0
-1.0
-1.0
-1.0
-1.0
37.7632
-1.0
-1.0
-1.0
-1.0
30.9569
-1.0
-1.0
-1.0
-1.0
-1.0
-1.0
-1.0
-1.0
-1.0
-1.0
-1.0
-1.0
-1.0
23.9718
-1.0
50.6432
-1.0
23.6436
-1.0
-1.0
-1.0
42.3537
-1.0
-1.0
-1.0
-1.0
-1.0
51.5264
-1.0
40.5847
-1.0
-1.0
-1.0
-1.0
-1.0
-1.0
-1.0
42.658
-1.0
11.9492
-1.0
-1.0
-1.0
-1.0
-1.0
-1.0
16.1971
-1.0
-1.0
-1.0
34.5778
-1.0
-1.0
-1.0
-1.0
-1.0
48.1273
-1.0
-1.0
-1.0
-1.0
-1.0
47.1782
-1.0
44.0998
-1.0
-1.0
-1.0
24.5557
-1.0
-1.0
9.089
-1.0
-1.0
-1.0
44.5872
-1.0
36.2527
-1.0
24.7584
-1.0
-1.0
23.628
-1.0
30.0755
43.2676
-1.0
-1.0
-1.0
-1.0
-1.0
-1.0
-1.0
-1.0
-1.0
-1.0
-1.0
31.119
-1.0
-1.0
-1.0
-1.0
-1.0
-1.0
-1.0
-1.0
-1.0
-1.0
-1.0
28.9168
-1.0
25.7247
14.6065
-1.0
-1.0
-1.0
-1.0
-1.0
-1.0
-1.0
-1.0
-1.0
43.1715
40.1325
31.1718
-1.0
-1.0
-1.0
-1.0
-1.0
-1.0
-1.0
-1.0
27.5742
-1.0
-1.0
-1.0
32.3161
-1.0
-1.0
-1.0
-1.0
-1.0
-1.0
-1.0
-1.0
-1.0
41.7634
-1.0
-1.0
-1.0
31.9224
-1.0
-1.0
50.6078
-1.0
-1.0
-1.0
-1.0
-1.0
-1.0
-1.0
-1.0
-1.0
-1.0
-1.0
-1.0
-1.0
-1.0
33.2561
-1.0
45.9738
-1.0
20.476
-1.0
-1.0
18.2441
-1.0
-1.0
-1.0
32.0597
-1.0
-1.0
-1.0
-1.0
-1.0
-1.0
-1.0
-1.0
-1.0
-1.0
-1.0
-1.0
50.8449
-1.0
-1.0
22.75
45.2165
-1.0
-1.0
-1.0
-1.0
-1.0
-1.0
25.662
50.5211
-1.0
-1.0
-1.0
25.0876
54.1088
-1.0
-1.0
-1.0
-1.0
-1.0
-1.0
50.4809
-1.0
-1.0
-1.0
-1.0
-1.0
-1.0
-1.0
-1.0
-1.0
19.3067
-1.0
-1.0
-1.0
-1.0
42.1965
-1.0
-1.0
-1.0
-1.0
-1.0
41.0968
-1.0
-1.0
-1.0
-1.0
-1.0
-1.0
-1.0
-1.0
-1.0
-1.0
-1.0
-1.0
-1.0
-1.0
-1.0
48.2809
-1.0
-1.0
-1.0
-1.0
-1.0
-1.0
-1.0
-1.0
19.3072
-1.0
-1.0
-1.0
-1.0
-1.0
-1.0
-1.0
-1.0
-1.0
-1.0
-1.0
-1.0
-1.0
-1.0
-1.0
-1.0
-1.0
40.1877
-1.0
37.5279
-1.0
48.5696
-1.0
-1.0
-1.0
23.5046
-1.0
-1.0
22.0114
44.7042
-1.0
-1.0
-1.0
-1.0
-1.0
19.2279
35.5024
-1.0
-1.0
-1.0
-1.0
-1.0
-1.0
29.7128
-1.0
41.2633
-1.0
33.299
-1.0
-1.0
-1.0
-1.0
-1.0
-1.0
-1.0
39.4175
-1.0
-1.0
28.3459
23.1019
-1.0
-1.0
-1.0
42.589
-1.0
-1.0
-1.0
-1.0
39.2768
-1.0
41.0557
-1.0
-1.0
-1.0
-1.0
-1.0
-1.0
36.8468
-1.0
-1.0
-1.0
42.5809
28.0067
-1.0
30.7093
39.614
-1.0
-1.0
-1.0
-1.0
-1.0
-1.0
-1.0
-1.0
-1.0
-1.0
23.0921
-1.0
48.3173
-1.0
-1.0
32.444
-1.0
-1.0
-1.0
46.664
-1.0
-1.0
-1.0
48.2592
-1.0
-1.0
-1.0
-1.0
-1.0
-1.0
-1.0
-1.0
-1.0
-1.0
-1.0
-1.0
-1.0
-1.0
-1.0
-1.0
-1.0
-1.0
-1.0
15.7902
-1.0
-1.0
-1.0
-1.0
-1.0
42.6435
-1.0
-1.0
47.3765
-1.0
-1.0
-1.0
48.9086
40.6738
-1.0
-1.0
-1.0
36.0279
-1.0
-1.0
-1.0
29.9237
-1.0
50.6357
-1.0
-1.0
-1.0
-1.0
-1.0
30.79
-1.0
38.6564
41.8685
-1.0
44.5233
-1.0
-1.0
12.9249
-1.0
-1.0
-1.0
-1.0
-1.0
-1.0
-1.0
-1.0
-1.0
-1.0
-1.0
-1.0
41.3843
49.0849
-1.0
-1.0
-1.0
-1.0
-1.0
-1.0
14.3912
-1.0
-1.0
-1.0
-1.0
-1.0
-1.0
32.3056
-1.0
-1.0
-1.0
51.212
-1.0
-1.0
51.2673
-1.0
35.271
35.5203
-1.0
25.2083
48.3415
-1.0
43.1376
36.6779
-1.0
-1.0
-1.0
-1.0
-1.0
-1.0
-1.0
-1.0
-1.0
-1.0
19.1099
34.2806
-1.0
-1.0
50.0164
-1.0
46.7407
-1.0
-1.0
26.3835
-1.0
-1.0
-1.0
40.5941
42.8941
-1.0
33.604
26.7427
-1.0
-1.0
-1.0
-1.0
-1.0
-1.0
-1.0
-1.0
-1.0
-1.0
-1.0
-1.0
-1.0
-1.0
-1.0
-1.0
-1.0
-1.0
-1.0
-1.0
-1.0
-1.0
26.2193
-1.0
-1.0
42.3009
-1.0
-1.0
-1.0
-1.0
-1.0
-1.0
-1.0
-1.0
-1.0
-1.0
-1.0
-1.0
-1.0
-1.0
-1.0
-1.0
-1.0
-1.0
-1.0
46.759
-1.0
46.168
-1.0
-1.0
24.1485
43.5809
-1.0
-1.0
-1.0
-1.0
-1.0
-1.0
-1.0
-1.0
-1.0
-1.0
-1.0
44.6972
-1.0
-1.0
51.2829
-1.0
-1.0
-1.0
-1.0
-1.0
-1.0
-1.0
-1.0
-1.0
-1.0
-1.0
-1.0
-1.0
-1.0
-1.0
-1.0
48.9859
-1.0
-1.0
-1.0
-1.0
-1.0
-1.0
31.2291
-1.0
28.897
-1.0
-1.0
27.6702
-1.0
-1.0
-1.0
-1.0
-1.0
19.0932
-1.0
-1.0
49.77
-1.0
-1.0
-1.0
-1.0
-1.0
-1.0
-1.0
-1.0
-1.0
37.7992
-1.0
-1.0
-1.0
-1.0
-1.0
-1.0
44.0282
35.9565
-1.0
-1.0
-1.0
-1.0
-1.0
-1.0
-1.0
-1.0
-1.0
26.2603
-1.0
-1.0
-1.0
29.8262
21.6599
39.8838
29.6954
50.8592
-1.0
-1.0
-1.0
34.0903
-1.0
-1.0
-1.0
-1.0
50.4277
-1.0
42.9894
43.0036
39.4468
-1.0
-1.0
29.3064
-1.0
-1.0
-1.0
-1.0
-1.0
-1.0
37.6471
-1.0
-1.0
-1.0
-1.0
-1.0
-1.0
40.5975
-1.0
-1.0
-1.0
-1.0
51.6531
25.8047
-1.0
51.5479
-1.0
-1.0
-1.0
-1.0
-1.0
-1.0
-1.0
-1.0
-1.0
-1.0
-1.0
-1.0
-1.0
-1.0
-1.0
-1.0
-1.0
-1.0
-1.0
-1.0
-1.0
-1.0
37.8207
-1.0
36.4909
-1.0
-1.0
25.5505
18.0265
-1.0
-1.0
-1.0
-1.0
-1.0
-1.0
-1.0
-1.0
-1.0
-1.0
-1.0
-1.0
-1.0
51.4526
-1.0
-1.0
-1.0
24.4172
-1.0
-1.0
-1.0
-1.0
-1.0
-1.0
-1.0
49.9336
-1.0
-1.0
-1.0
-1.0
30.295
-1.0
43.774
-1.0
-1.0
-1.0
34.2395
-1.0
-1.0
37.9871
-1.0
-1.0
-1.0
-1.0
-1.0
-1.0
-1.0
-1.0
-1.0
-1.0
15.3725
24.4995
-1.0
-1.0
-1.0
19.6457
41.5728
-1.0
-1.0
-1.0
-1.0
-1.0
-1.0
23.5784
-1.0
-1.0
15.9551
30.6804
43.6617
-1.0
-1.0
-1.0
45.3869
-1.0
29.7384
26.8704
-1.0
-1.0
24.1269
-1.0
-1.0
43.204
-1.0
50.1514
42.4647
-1.0
-1.0
38.1386
19.8184
35.151
-1.0
40.1945
15.3528
-1.0
34.9418
-1.0
-1.0
-1.0
-1.0
-1.0
-1.0
-1.0
-1.0
-1.0
-1.0
-1.0
-1.0
-1.0
38.8486
-1.0
-1.0
33.8697
-1.0
-1.0
-1.0
49.8057
-1.0
-1.0
-1.0
-1.0
-1.0
-1.0
35.0636
-1.0
-1.0
46.2785
-1.0
-1.0
-1.0
-1.0
48.8782
25.7919
35.059
-1.0
38.228
-1.0
48.1567
-1.0
-1.0
32.793
-1.0
-1.0
-1.0
-1.0
-1.0
-1.0
44.9577
-1.0
-1.0
-1.0
16.4194
-1.0
-1.0
-1.0
-1.0
32.6806
-1.0
-1.0
-1.0
-1.0
-1.0
-1.0
-1.0
-1.0
-1.0
-1.0
-1.0
-1.0
-1.0
-1.0
-1.0
-1.0
-1.0
30.8881
-1.0
-1.0
-1.0
-1.0
33.2258
-1.0
-1.0
-1.0
-1.0
-1.0
35.3709
45.8832
-1.0
-1.0
-1.0
-1.0
-1.0
-1.0
-1.0
-1.0
-1.0
47.9431
-1.0
-1.0
-1.0
49.2249
44.9409
-1.0
-1.0
42.6965
-1.0
-1.0
-1.0
-1.0
-1.0
-1.0
-1.0
-1.0
-1.0
-1.0
-1.0
-1.0
-1.0
-1.0
-1.0
-1.0
-1.0
-1.0
-1.0
44.5462
-1.0
-1.0
-1.0
-1.0
-1.0
-1.0
-1.0
-1.0
-1.0
-1.0
-1.0
-1.0
-1.0
-1.0
42.9222
26.4669
-1.0
-1.0
-1.0
-1.0
-1.0
14.9268
-1.0
-1.0
-1.0
20.6024
-1.0
-1.0
19.7215
-1.0
49.3654
-1.0
50.5095
-1.0
-1.0
-1.0
-1.0
-1.0
49.8562
-1.0
-1.0
15.4545
-1.0
18.0128
17.6073
-1.0
-1.0
41.411
-1.0
-1.0
-1.0
-1.0
-1.0
39.9452
35.1428
-1.0
-1.0
-1.0
-1.0
-1.0
-1.0
-1.0
34.4062
-1.0
-1.0
-1.0
-1.0
-1.0
45.5893
32.6188
-1.0
38.5286
-1.0
-1.0
-1.0
-1.0
-1.0
-1.0
-1.0
-1.0
51.1146
-1.0
45.8223
-1.0
-1.0
-1.0
-1.0
-1.0
51.0347
-1.0
-1.0
-1.0
-1.0
-1.0
-1.0
-1.0
-1.0
-1.0
-1.0
-1.0
31.3945
-1.0
-1.0
-1.0
-1.0
-1.0
-1.0
-1.0
-1.0
-1.0
-1.0
34.0875
26.3115
45.346
-1.0
-1.0
-1.0
-1.0
13.7849
49.1417
46.7738
-1.0
-1.0
-1.0
-1.0
-1.0
-1.0
-1.0
-1.0
-1.0
-1.0
-1.0
-1.0
-1.0
-1.0
-1.0
52.2701
-1.0
-1.0
-1.0
-1.0
-1.0
-1.0
-1.0
-1.0
-1.0
28.0427
-1.0
-1.0
-1.0
42.6657
19.445
-1.0
-1.0
35.3628
-1.0
-1.0
48.3341
-1.0
-1.0
44.4573
-1.0
20.3221
-1.0
-1.0
-1.0
-1.0
-1.0
32.5947
-1.0
-1.0
-1.0
-1.0
31.5151
-1.0
-1.0
-1.0
30.5088
-1.0
-1.0
-1.0
29.0873
-1.0
-1.0
-1.0
-1.0
-1.0
-1.0
-1.0
-1.0
-1.0
-1.0
-1.0
46.1634
-1.0
-1.0
-1.0
-1.0
-1.0
-1.0
-1.0
-1.0
-1.0
49.8433
-1.0
-1.0
44.8606
-1.0
-1.0
-1.0
-1.0
-1.0
-1.0
-1.0
23.5688
-1.0
-1.0
-1.0
-1.0
-1.0
-1.0
42.4241
37.4451
-1.0
30.2928
-1.0
-1.0
-1.0
-1.0
-1.0
52.0921
-1.0
-1.0
-1.0
-1.0
-1.0
21.487
-1.0
-1.0
-1.0
-1.0
-1.0
14.7609
-1.0
-1.0
-1.0
-1.0
-1.0
71.6953
-1.0
-1.0
-1.0
-1.0
48.0053
-1.0
-1.0
-1.0
-1.0
-1.0
-1.0
-1.0
24.0282
-1.0
-1.0
-1.0
47.4525
-1.0
-1.0
41.1683
39.0998
-1.0
-1.0
51.0072
-1.0
-1.0
-1.0
-1.0
-1.0
-1.0
-1.0
-1.0
-1.0
-1.0
-1.0
-1.0
-1.0
-1.0
23.9159
-1.0
-1.0
-1.0
-1.0
-1.0
50.8039
-1.0
-1.0
-1.0
-1.0
-1.0
54.7457
-1.0
46.8967
-1.0
-1.0
-1.0
-1.0
-1.0
-1.0
-1.0
-1.0
-1.0
-1.0
-1.0
11.8405
50.008
44.2847
-1.0
-1.0
-1.0
-1.0
-1.0
-1.0
-1.0
-1.0
-1.0
-1.0
41.9621
-1.0
-1.0
20.1372
-1.0
-1.0
39.2036
40.5546
-1.0
26.2716
-1.0
-1.0
48.8147
-1.0
-1.0
-1.0
-1.0
-1.0
-1.0
26.0306
41.5195
-1.0
-1.0
-1.0
48.9447
-1.0
-1.0
-1.0
-1.0
-1.0
43.8946
-1.0
34.9295
-1.0
-1.0
-1.0
-1.0
48.9425
-1.0
15.9551
43.6617
-1.0
-1.0
-1.0
-1.0
-1.0
-1.0
-1.0
-1.0
-1.0
-1.0
-1.0
-1.0
-1.0
21.0349
-1.0
-1.0
-1.0
39.3619
-1.0
-1.0
-1.0
-1.0
-1.0
-1.0
-1.0
-1.0
-1.0
-1.0
-1.0
-1.0
-1.0
47.857
27.8411
33.2858
-1.0
-1.0
-1.0
-1.0
-1.0
-1.0
-1.0
-1.0
-1.0
20.4624
-1.0
-1.0
-1.0
-1.0
-1.0
-1.0
-1.0
-1.0
-1.0
-1.0
-1.0
-1.0
-1.0
38.8358
-1.0
-1.0
-1.0
-1.0
-1.0
-1.0
-1.0
-1.0
-1.0
-1.0
19.0014
-1.0
45.8007
-1.0
-1.0
-1.0
-1.0
-1.0
-1.0
-1.0
-1.0
-1.0
-1.0
-1.0
18.0589
-1.0
14.7451
34.7079
-1.0
-1.0
-1.0
-1.0
43.7527
-1.0
-1.0
-1.0
-1.0
-1.0
-1.0
-1.0
-1.0
-1.0
-1.0
-1.0
-1.0
42.6895
16.3935
-1.0
-1.0
44.5142
38.703
-1.0
-1.0
-1.0
-1.0
-1.0
-1.0
-1.0
-1.0
-1.0
-1.0
-1.0
-1.0
-1.0
-1.0
-1.0
-1.0
-1.0
-1.0
47.7204
-1.0
-1.0
-1.0
-1.0
20.7902
-1.0
23.6042
44.6026
-1.0
-1.0
-1.0
43.0999
-1.0
-1.0
-1.0
-1.0
-1.0
-1.0
45.8711
-1.0
-1.0
-1.0
30.8857
39.035
-1.0
-1.0
-1.0
-1.0
16.8041
28.8071
41.4439
-1.0
-1.0
-1.0
-1.0
40.6598
43.6191
-1.0
-1.0
-1.0
-1.0
-1.0
-1.0
-1.0
-1.0
44.0342
46.802
-1.0
-1.0
-1.0
26.1706
-1.0
48.1615
-1.0
-1.0
-1.0
-1.0
-1.0
-1.0
-1.0
-1.0
35.4695
-1.0
-1.0
-1.0
-1.0
-1.0
41.6955
-1.0
-1.0
-1.0
-1.0
42.5304
-1.0
-1.0
48.4916
-1.0
-1.0
39.5617
51.3561
-1.0
-1.0
-1.0
-1.0
-1.0
-1.0
-1.0
-1.0
-1.0
-1.0
-1.0
-1.0
-1.0
-1.0
49.1531
-1.0
-1.0
-1.0
-1.0
-1.0
-1.0
-1.0
-1.0
49.6401
-1.0
-1.0
27.3902
-1.0
31.5666
-1.0
-1.0
-1.0
31.3346
-1.0
-1.0
-1.0
-1.0
-1.0
-1.0
-1.0
-1.0
-1.0
-1.0
41.0495
-1.0
-1.0
-1.0
-1.0
-1.0
-1.0
-1.0
-1.0
-1.0
-1.0
-1.0
-1.0
-1.0
24.0661
46.2159
-1.0
-1.0
-1.0
-1.0
-1.0
34.4666
-1.0
-1.0
-1.0
-1.0
-1.0
-1.0
-1.0
-1.0
-1.0
-1.0
-1.0
50.3948
-1.0
-1.0
-1.0
-1.0
-1.0
-1.0
34.0596
-1.0
-1.0
-1.0
-1.0
31.103
-1.0
-1.0
-1.0
-1.0
-1.0
-1.0
-1.0
-1.0
-1.0
-1.0
-1.0
33.4728
-1.0
26.4198
-1.0
27.3585
32.2027
43.1505
38.1773
-1.0
-1.0
-1.0
-1.0
-1.0
-1.0
-1.0
-1.0
-1.0
-1.0
-1.0
-1.0
49.2276
-1.0
-1.0
-1.0
41.5636
-1.0
-1.0
-1.0
-1.0
-1.0
51.3955
-1.0
20.3548
-1.0
-1.0
-1.0
43.2335
-1.0
-1.0
-1.0
29.0563
-1.0
-1.0
46.6352
32.0694
-1.0
42.535
-1.0
-1.0
-1.0
43.4989
-1.0
-1.0
-1.0
-1.0
-1.0
-1.0
-1.0
-1.0
36.8781
-1.0
-1.0
39.3312
34.6027
24.8258
-1.0
-1.0
-1.0
-1.0
-1.0
-1.0
-1.0
-1.0
-1.0
51.4146
-1.0
-1.0
-1.0
-1.0
-1.0
50.8707
33.3121
-1.0
48.0065
52.0678
-1.0
-1.0
-1.0
-1.0
-1.0
-1.0
-1.0
41.9761
-1.0
30.7141
-1.0
-1.0
-1.0
-1.0
-1.0
-1.0
33.3547
-1.0
-1.0
-1.0
-1.0
-1.0
-1.0
-1.0
-1.0
-1.0
-1.0
16.8482
-1.0
-1.0
-1.0
-1.0
-1.0
32.86
-1.0
-1.0
-1.0
-1.0
-1.0
48.3546
-1.0
-1.0
41.2113
-1.0
50.1439
-1.0
20.4446
-1.0
-1.0
-1.0
-1.0
-1.0
-1.0
33.6626
-1.0
-1.0
49.0105
-1.0
-1.0
-1.0
-1.0
53.4281
-1.0
-1.0
-1.0
29.4279
-1.0
-1.0
-1.0
-1.0
-1.0
-1.0
-1.0
43.7502
-1.0
27.1103
20.3043
-1.0
-1.0
-1.0
-1.0
-1.0
-1.0
-1.0
-1.0
41.4147
49.9264
-1.0
46.5858
-1.0
-1.0
-1.0
-1.0
-1.0
39.5371
-1.0
-1.0
-1.0
-1.0
5.82246
-1.0
-1.0
-1.0
-1.0
-1.0
-1.0
-1.0
38.6145
-1.0
-1.0
-1.0
-1.0
-1.0
-1.0
-1.0
26.9772
39.2406
-1.0
-1.0
-1.0
-1.0
55.7212
7.70488
24.3247
-1.0
-1.0
-1.0
-1.0
-1.0
38.605
-1.0
-1.0
-1.0
-1.0
-1.0
43.5659
-1.0
-1.0
38.8576
-1.0
-1.0
-1.0
20.5916
46.2772
-1.0
-1.0
46.513
-1.0
-1.0
27.5136
48.9008
42.6258
-1.0
52.1605
-1.0
-1.0
-1.0
-1.0
-1.0
-1.0
-1.0
-1.0
-1.0
-1.0
-1.0
31.7952
19.1695
39.45
-1.0
40.895
-1.0
-1.0
-1.0
19.8766
-1.0
-1.0
-1.0
-1.0
-1.0
29.9056
-1.0
-1.0
-1.0
-1.0
-1.0
-1.0
-1.0
32.9236
-1.0
-1.0
-1.0
-1.0
-1.0
34.7207
-1.0
48.6617
-1.0
-1.0
46.3272
-1.0
-1.0
-1.0
-1.0
-1.0
50.8852
-1.0
-1.0
-1.0
30.4074
44.1944
-1.0
-1.0
46.5949
-1.0
-1.0
-1.0
-1.0
-1.0
-1.0
-1.0
-1.0
-1.0
-1.0
-1.0
-1.0
-1.0
39.352
24.5634
-1.0
-1.0
-1.0
-1.0
-1.0
-1.0
-1.0
-1.0
-1.0
-1.0
-1.0
48.1308
-1.0
34.7175
-1.0
-1.0
-1.0
-1.0
-1.0
34.126
-1.0
-1.0
-1.0
-1.0
-1.0
-1.0
-1.0
-1.0
-1.0
14.8471
-1.0
-1.0
-1.0
-1.0
-1.0
-1.0
-1.0
-1.0
-1.0
-1.0
-1.0
51.5047
-1.0
38.2619
-1.0
-1.0
30.955
-1.0
-1.0
47.8245
14.1033
-1.0
25.1905
-1.0
-1.0
-1.0
30.7453
44.8555
-1.0
-1.0
-1.0
-1.0
41.769
51.8283
-1.0
-1.0
-1.0
-1.0
-1.0
41.5351
52.1785
-1.0
-1.0
-1.0
-1.0
23.1711
-1.0
-1.0
-1.0
-1.0
-1.0
-1.0
-1.0
-1.0
35.068
-1.0
-1.0
-1.0
-1.0
-1.0
-1.0
-1.0
-1.0
48.6068
-1.0
-1.0
-1.0
-1.0
-1.0
29.8785
-1.0
-1.0
-1.0
-1.0
-1.0
-1.0
46.4407
-1.0
-1.0
-1.0
-1.0
-1.0
-1.0
-1.0
23.4949
-1.0
-1.0
45.459
-1.0
33.0928
51.1116
-1.0
-1.0
-1.0
-1.0
-1.0
-1.0
19.6295
-1.0
-1.0
42.1915
-1.0
33.2721
23.6306
-1.0
-1.0
-1.0
-1.0
-1.0
-1.0
28.5008
36.4142
-1.0
47.2361
-1.0
-1.0
-1.0
-1.0
-1.0
-1.0
-1.0
45.0556
-1.0
-1.0
35.7515
-1.0
-1.0
50.04
35.5861
-1.0
-1.0
-1.0
-1.0
-1.0
17.8095
-1.0
-1.0
32.3664
-1.0
-1.0
-1.0
-1.0
-1.0
-1.0
-1.0
-1.0
30.9152
-1.0
49.7038
-1.0
-1.0
-1.0
-1.0
-1.0
-1.0
42.4647
-1.0
-1.0
-1.0
-1.0
-1.0
-1.0
-1.0
-1.0
-1.0
-1.0
37.6199
-1.0
44.9632
48.3068
-1.0
-1.0
-1.0
39.0022
-1.0
43.4869
-1.0
-1.0
-1.0
30.942
-1.0
-1.0
-1.0
-1.0
24.8129
21.1018
-1.0
-1.0
-1.0
36.0901
-1.0
-1.0
-1.0
-1.0
-1.0
-1.0
-1.0
-1.0
-1.0
-1.0
-1.0
-1.0
-1.0
26.219
-1.0
-1.0
-1.0
-1.0
-1.0
-1.0
-1.0
-1.0
-1.0
-1.0
-1.0
-1.0
-1.0
-1.0
-1.0
-1.0
-1.0
27.9486
-1.0
-1.0
-1.0
-1.0
-1.0
-1.0
-1.0
12.5958
48.9871
29.5137
-1.0
3.13827
-1.0
-1.0
-1.0
-1.0
-1.0
-1.0
-1.0
40.4849
-1.0
-1.0
-1.0
-1.0
44.3558
-1.0
-1.0
25.3147
-1.0
47.7171
-1.0
-1.0
-1.0
18.6331
-1.0
-1.0
44.6072
-1.0
-1.0
-1.0
-1.0
-1.0
-1.0
-1.0
-1.0
30.717
-1.0
-1.0
-1.0
18.9632
-1.0
-1.0
41.7201
-1.0
22.9391
49.4505
-1.0
-1.0
-1.0
-1.0
-1.0
-1.0
-1.0
-1.0
-1.0
-1.0
-1.0
-1.0
-1.0
42.8003
-1.0
-1.0
-1.0
22.438
-1.0
-1.0
-1.0
-1.0
-1.0
29.5416
-1.0
-1.0
-1.0
-1.0
-1.0
-1.0
-1.0
-1.0
-1.0
-1.0
-1.0
-1.0
50.9117
-1.0
44.4983
-1.0
-1.0
-1.0
-1.0
-1.0
-1.0
-1.0
-1.0
37.5072
-1.0
-1.0
-1.0
-1.0
-1.0
-1.0
43.0235
-1.0
-1.0
-1.0
-1.0
-1.0
-1.0
-1.0
-1.0
-1.0
-1.0
-1.0
-1.0
-1.0
-1.0
-1.0
-1.0
-1.0
-1.0
-1.0
35.4129
-1.0
-1.0
-1.0
-1.0
23.3125
-1.0
-1.0
-1.0
-1.0
-1.0
42.3012
-1.0
-1.0
23.6203
-1.0
-1.0
29.4647
-1.0
-1.0
-1.0
-1.0
46.1643
-1.0
-1.0
-1.0
-1.0
-1.0
-1.0
-1.0
48.3299
-1.0
50.4362
26.5715
-1.0
14.339
-1.0
45.4007
-1.0
-1.0
-1.0
-1.0
-1.0
44.1636
21.2266
-1.0
-1.0
-1.0
-1.0
-1.0
-1.0
-1.0
-1.0
-1.0
-1.0
-1.0
48.0743
-1.0
-1.0
43.3495
-1.0
-1.0
21.1333
-1.0
-1.0
38.7484
-1.0
29.0552
-1.0
-1.0
33.5031
-1.0
-1.0
38.4697
38.3461
45.64
-1.0
-1.0
-1.0
-1.0
-1.0
-1.0
-1.0
-1.0
50.8249
30.8915
31.5058
-1.0
-1.0
-1.0
-1.0
-1.0
46.0316
-1.0
-1.0
37.0702
-1.0
-1.0
-1.0
39.9885
35.6641
-1.0
-1.0
-1.0
43.61
-1.0
-1.0
-1.0
24.6136
-1.0
-1.0
47.236
-1.0
-1.0
-1.0
42.3222
-1.0
-1.0
-1.0
47.8878
44.7488
-1.0
42.6484
-1.0
-1.0
-1.0
-1.0
-1.0
26.048
-1.0
40.1326
-1.0
42.7094
31.6503
-1.0
-1.0
-1.0
-1.0
-1.0
32.6772
-1.0
-1.0
-1.0
-1.0
-1.0
-1.0
-1.0
-1.0
-1.0
-1.0
-1.0
-1.0
48.2904
27.6012
-1.0
-1.0
50.8566
-1.0
41.391
-1.0
-1.0
-1.0
-1.0
24.8743
26.3965
-1.0
-1.0
-1.0
42.4024
-1.0
-1.0
8.14085
-1.0
-1.0
-1.0
45.1159
-1.0
-1.0
-1.0
-1.0
26.8999
-1.0
-1.0
-1.0
35.4771
34.1963
-1.0
-1.0
-1.0
-1.0
-1.0
-1.0
-1.0
-1.0
51.1267
40.4415
-1.0
-1.0
-1.0
51.7766
-1.0
-1.0
-1.0
-1.0
30.1771
24.4299
-1.0
-1.0
45.2333
-1.0
7.53166
-1.0
-1.0
-1.0
-1.0
27.5825
-1.0
26.1374
-1.0
-1.0
-1.0
42.4129
-1.0
-1.0
-1.0
-1.0
49.4657
-1.0
-1.0
-1.0
10.4844
24.3837
-1.0
-1.0
11.5632
-1.0
-1.0
-1.0
40.7368
-1.0
-1.0
51.5408
48.0031
-1.0
25.5198
-1.0
46.5789
-1.0
-1.0
-1.0
49.5439
-1.0
-1.0
43.7075
-1.0
44.834
-1.0
-1.0
-1.0
-1.0
-1.0
-1.0
-1.0
32.6109
21.6101
20.0737
51.6231
29.3933
-1.0
-1.0
-1.0
-1.0
-1.0
39.7206
-1.0
-1.0
-1.0
39.3926
45.9297
-1.0
-1.0
-1.0
44.475
-1.0
20.5725
-1.0
-1.0
-1.0
-1.0
-1.0
-1.0
-1.0
-1.0
-1.0
39.742
-1.0
-1.0
44.9301
-1.0
-1.0
-1.0
-1.0
-1.0
37.9699
-1.0
-1.0
47.3705
45.8637
-1.0
-1.0
-1.0
-1.0
46.8037
-1.0
-1.0
-1.0
45.6855
-1.0
-1.0
-1.0
-1.0
-1.0
-1.0
-1.0
-1.0
-1.0
50.7541
-1.0
-1.0
-1.0
24.2568
-1.0
-1.0
16.5919
-1.0
45.1734
-1.0
-1.0
-1.0
-1.0
-1.0
-1.0
23.199
-1.0
-1.0
-1.0
-1.0
-1.0
-1.0
-1.0
35.3407
-1.0
-1.0
-1.0
-1.0
-1.0
36.0452
45.7679
-1.0
52.1227
-1.0
25.3109
-1.0
-1.0
31.7016
-1.0
-1.0
-1.0
-1.0
46.9302
-1.0
-1.0
-1.0
-1.0
-1.0
28.611
-1.0
-1.0
-1.0
-1.0
22.4263
-1.0
-1.0
-1.0
31.2808
-1.0
37.7145
-1.0
-1.0
34.647
27.4407
-1.0
-1.0
38.106
-1.0
-1.0
43.7783
-1.0
-1.0
-1.0
46.1492
-1.0
-1.0
47.894
46.7013
-1.0
16.2121
-1.0
-1.0
-1.0
-1.0
-1.0
-1.0
41.1763
-1.0
40.1823
-1.0
-1.0
-1.0
-1.0
50.9406
27.7255
-1.0
-1.0
-1.0
31.7521
-1.0
49.7933
14.9647
-1.0
-1.0
-1.0
-1.0
-1.0
-1.0
-1.0
-1.0
11.5654
25.5774
-1.0
-1.0
-1.0
41.7774
-1.0
-1.0
-1.0
50.6369
34.6831
20.8633
-1.0
-1.0
-1.0
33.0132
-1.0
46.7641
-1.0
40.7082
-1.0
-1.0
-1.0
-1.0
-1.0
-1.0
-1.0
-1.0
42.7706
50.8333
-1.0
-1.0
-1.0
-1.0
-1.0
48.9962
-1.0
32.771
-1.0
-1.0
-1.0
-1.0
-1.0
-1.0
-1.0
45.5102
-1.0
47.0584
-1.0
-1.0
-1.0
-1.0
-1.0
-1.0
37.5215
15.5997
-1.0
-1.0
-1.0
-1.0
50.6145
45.5787
-1.0
-1.0
-1.0
-1.0
-1.0
-1.0
-1.0
-1.0
-1.0
-1.0
-1.0
-1.0
-1.0
-1.0
-1.0
50.8337
33.9002
-1.0
-1.0
-1.0
28.7542
-1.0
-1.0
52.1924
-1.0
45.7124
-1.0
-1.0
-1.0
-1.0
-1.0
-1.0
-1.0
-1.0
-1.0
29.383
-1.0
-1.0
-1.0
48.6976
-1.0
38.3375
-1.0
30.7993
25.8973
-1.0
-1.0
-1.0
-1.0
-1.0
-1.0
41.1649
31.611
-1.0
15.1188
-1.0
-1.0
-1.0
-1.0
32.9044
-1.0
-1.0
35.7265
-1.0
-1.0
-1.0
38.7643
-1.0
29.2221
13.9877
-1.0
-1.0
-1.0
-1.0
-1.0
-1.0
18.0658
-1.0
34.2962
43.3908
-1.0
-1.0
-1.0
-1.0
-1.0
-1.0
-1.0
38.7863
-1.0
-1.0
-1.0
-1.0
-1.0
-1.0
-1.0
-1.0
47.182
-1.0
-1.0
-1.0
26.5736
-1.0
47.0105
-1.0
-1.0
-1.0
51.4493
-1.0
-1.0
-1.0
27.038
-1.0
-1.0
-1.0
-1.0
-1.0
-1.0
-1.0
-1.0
-1.0
-1.0
-1.0
-1.0
-1.0
34.5462
-1.0
51.8028
-1.0
-1.0
41.6803
28.4452
-1.0
-1.0
34.2052
-1.0
-1.0
20.5852
-1.0
-1.0
-1.0
-1.0
-1.0
-1.0
-1.0
-1.0
-1.0
29.2488
-1.0
-1.0
-1.0
-1.0
-1.0
-1.0
43.3406
36.453
44.6759
-1.0
-1.0
-1.0
-1.0
-1.0
42.3014
-1.0
-1.0
-1.0
-1.0
24.1086
-1.0
-1.0
-1.0
-1.0
-1.0
-1.0
32.3892
-1.0
-1.0
-1.0
-1.0
-1.0
-1.0
-1.0
-1.0
41.7772
-1.0
49.1806
-1.0
-1.0
-1.0
-1.0
29.893
-1.0
-1.0
26.1982
-1.0
-1.0
-1.0
-1.0
-1.0
-1.0
-1.0
42.5668
-1.0
-1.0
-1.0
-1.0
-1.0
-1.0
-1.0
-1.0
26.6685
-1.0
-1.0
-1.0
-1.0
12.899
41.4931
-1.0
-1.0
46.0458
-1.0
44.8861
-1.0
32.3586
33.8562
-1.0
-1.0
-1.0
-1.0
-1.0
-1.0
-1.0
30.6621
46.0865
-1.0
-1.0
-1.0
-1.0
-1.0
-1.0
-1.0
39.2975
10.5379
-1.0
49.0009
24.943
-1.0
-1.0
-1.0
-1.0
49.3338
-1.0
45.5791
22.8898
-1.0
-1.0
-1.0
-1.0
-1.0
-1.0
-1.0
49.3937
12.4308
36.4222
31.1643
-1.0
-1.0
-1.0
-1.0
-1.0
45.6978
38.5407
-1.0
-1.0
-1.0
20.9733
-1.0
-1.0
-1.0
-1.0
-1.0
-1.0
-1.0
-1.0
-1.0
-1.0
-1.0
-1.0
-1.0
-1.0
-1.0
-1.0
-1.0
-1.0
-1.0
-1.0
-1.0
-1.0
-1.0
-1.0
-1.0
-1.0
45.9693
44.8714
-1.0
-1.0
-1.0
-1.0
-1.0
-1.0
-1.0
-1.0
-1.0
-1.0
35.9115
-1.0
-1.0
-1.0
40.7037
-1.0
-1.0
-1.0
-1.0
-1.0
-1.0
-1.0
-1.0
41.5866
44.073
26.5279
-1.0
-1.0
-1.0
-1.0
40.4727
-1.0
32.0653
-1.0
-1.0
-1.0
-1.0
-1.0
-1.0
23.2435
-1.0
-1.0
38.9875
-1.0
-1.0
-1.0
-1.0
38.6454
-1.0
-1.0
-1.0
-1.0
-1.0
-1.0
-1.0
-1.0
-1.0
-1.0
-1.0
-1.0
-1.0
-1.0
-1.0
36.5697
-1.0
23.4245
-1.0
-1.0
-1.0
-1.0
38.233
-1.0
-1.0
-1.0
45.2624
-1.0
-1.0
-1.0
-1.0
-1.0
-1.0
-1.0
-1.0
-1.0
-1.0
-1.0
-1.0
-1.0
-1.0
-1.0
-1.0
47.6942
-1.0
-1.0
-1.0
-1.0
-1.0
30.512
-1.0
25.4259
-1.0
19.3846
-1.0
25.2911
-1.0
-1.0
-1.0
-1.0
-1.0
-1.0
41.3613
36.977
41.9082
-1.0
27.4697
-1.0
-1.0
-1.0
-1.0
-1.0
-1.0
34.1285
-1.0
-1.0
-1.0
-1.0
38.1816
45.4158
36.05
30.7291
-1.0
-1.0
-1.0
-1.0
-1.0
-1.0
-1.0
-1.0
-1.0
-1.0
-1.0
-1.0
45.5306
-1.0
-1.0
-1.0
-1.0
-1.0
-1.0
-1.0
-1.0
-1.0
36.8604
-1.0
-1.0
-1.0
-1.0
-1.0
45.5169
-1.0
-1.0
35.3197
44.2458
-1.0
-1.0
39.1375
-1.0
-1.0
-1.0
-1.0
5.79275
-1.0
-1.0
-1.0
-1.0
-1.0
-1.0
-1.0
-1.0
-1.0
-1.0
22.1608
-1.0
52.019
-1.0
-1.0
33.8913
-1.0
-1.0
-1.0
-1.0
-1.0
-1.0
44.6515
-1.0
-1.0
-1.0
-1.0
-1.0
-1.0
-1.0
-1.0
-1.0
-1.0
-1.0
32.7731
-1.0
-1.0
-1.0
50.3536
-1.0
25.6922
-1.0
-1.0
49.2237
-1.0
16.8661
-1.0
-1.0
-1.0
-1.0
41.3917
-1.0
10.8902
-1.0
-1.0
-1.0
-1.0
-1.0
-1.0
-1.0
28.3718
34.6789
-1.0
-1.0
-1.0
-1.0
-1.0
36.8303
-1.0
-1.0
-1.0
45.6113
-1.0
-1.0
-1.0
-1.0
-1.0
-1.0
-1.0
-1.0
-1.0
22.3296
-1.0
45.7464
-1.0
44.0781
-1.0
31.6882
-1.0
-1.0
-1.0
-1.0
-1.0
-1.0
-1.0
30.0259
-1.0
-1.0
-1.0
-1.0
-1.0
46.7122
-1.0
-1.0
-1.0
-1.0
-1.0
-1.0
-1.0
-1.0
14.2045
-1.0
41.6943
-1.0
-1.0
-1.0
-1.0
-1.0
-1.0
-1.0
-1.0
-1.0
-1.0
-1.0
-1.0
-1.0
-1.0
-1.0
34.6397
-1.0
50.7217
-1.0
46.117
-1.0
-1.0
-1.0
26.769
-1.0
36.5324
12.7021
-1.0
-1.0
-1.0
-1.0
-1.0
-1.0
32.0216
49.9956
-1.0
-1.0
52.0581
37.5965
49.316
-1.0
49.8262
-1.0
-1.0
-1.0
-1.0
-1.0
-1.0
-1.0
-1.0
-1.0
-1.0
-1.0
-1.0
-1.0
-1.0
47.3646
-1.0
-1.0
-1.0
23.3531
-1.0
-1.0
46.8864
29.0371
-1.0
-1.0
-1.0
-1.0
35.7901
-1.0
-1.0
31.0047
-1.0
-1.0
-1.0
-1.0
-1.0
-1.0
-1.0
-1.0
-1.0
-1.0
-1.0
-1.0
-1.0
-1.0
-1.0
-1.0
-1.0
43.5228
-1.0
-1.0
-1.0
-1.0
-1.0
-1.0
-1.0
-1.0
-1.0
-1.0
-1.0
-1.0
51.025
-1.0
26.2177
-1.0
-1.0
45.4282
-1.0
42.1259
-1.0
26.703
-1.0
-1.0
45.2643
-1.0
-1.0
-1.0
-1.0
-1.0
-1.0
-1.0
49.8228
-1.0
-1.0
-1.0
-1.0
-1.0
-1.0
-1.0
-1.0
-1.0
-1.0
-1.0
-1.0
-1.0
-1.0
35.245
-1.0
-1.0
-1.0
-1.0
-1.0
-1.0
-1.0
-1.0
28.5002
-1.0
43.5331
-1.0
-1.0
-1.0
-1.0
41.7078
-1.0
43.3887
-1.0
-1.0
-1.0
-1.0
-1.0
45.1791
-1.0
-1.0
-1.0
45.2533
-1.0
-1.0
-1.0
-1.0
-1.0
-1.0
-1.0
18.801
42.8688
49.8473
-1.0
32.7397
-1.0
-1.0
-1.0
30.5714
-1.0
-1.0
-1.0
-1.0
-1.0
-1.0
-1.0
-1.0
-1.0
-1.0
21.0564
-1.0
38.0286
-1.0
-1.0
30.3635
-1.0
42.1991
-1.0
43.1563
-1.0
52.0986
-1.0
-1.0
-1.0
43.7837
-1.0
47.6064
-1.0
-1.0
-1.0
44.2595
-1.0
51.5024
-1.0
-1.0
-1.0
-1.0
-1.0
-1.0
51.7357
-1.0
-1.0
-1.0
-1.0
-1.0
24.2011
-1.0
-1.0
-1.0
-1.0
-1.0
35.0868
-1.0
38.7912
-1.0
45.951
43.1478
-1.0
-1.0
38.8109
-1.0
-1.0
14.2426
-1.0
-1.0
-1.0
49.3401
43.0496
47.849
47.2248
-1.0
-1.0
47.0627
-1.0
-1.0
-1.0
-1.0
37.9884
-1.0
-1.0
-1.0
47.7077
-1.0
-1.0
-1.0
-1.0
-1.0
-1.0
49.1916
-1.0
-1.0
27.288
34.3412
-1.0
-1.0
-1.0
-1.0
-1.0
-1.0
-1.0
-1.0
-1.0
-1.0
-1.0
-1.0
-1.0
-1.0
-1.0
-1.0
-1.0
32.7358
-1.0
-1.0
-1.0
-1.0
-1.0
-1.0
-1.0
-1.0
-1.0
-1.0
-1.0
32.2212
49.8996
28.3923
-1.0
-1.0
46.6911
-1.0
26.506
-1.0
-1.0
47.1265
30.9723
-1.0
-1.0
-1.0
37.139
-1.0
-1.0
-1.0
-1.0
-1.0
-1.0
-1.0
-1.0
-1.0
-1.0
-1.0
-1.0
-1.0
-1.0
-1.0
-1.0
-1.0
-1.0
-1.0
-1.0
-1.0
-1.0
-1.0
-1.0
-1.0
41.2334
-1.0
-1.0
-1.0
-1.0
-1.0
-1.0
-1.0
-1.0
-1.0
-1.0
-1.0
32.3967
-1.0
-1.0
-1.0
42.0111
-1.0
-1.0
-1.0
46.6071
-1.0
17.7793
-1.0
38.208
-1.0
-1.0
-1.0
-1.0
-1.0
-1.0
-1.0
-1.0
-1.0
-1.0
-1.0
-1.0
-1.0
-1.0
-1.0
-1.0
-1.0
-1.0
-1.0
-1.0
-1.0
49.0929
-1.0
-1.0
-1.0
43.2335
-1.0
-1.0
43.6428
-1.0
-1.0
-1.0
-1.0
-1.0
-1.0
-1.0
33.5259
44.3692
-1.0
-1.0
40.0808
-1.0
-1.0
-1.0
-1.0
42.9534
-1.0
-1.0
-1.0
-1.0
-1.0
-1.0
-1.0
-1.0
-1.0
-1.0
-1.0
44.1795
-1.0
-1.0
-1.0
-1.0
-1.0
-1.0
-1.0
-1.0
-1.0
-1.0
-1.0
-1.0
30.779
-1.0
-1.0
-1.0
-1.0
-1.0
-1.0
-1.0
31.7148
-1.0
-1.0
48.181
-1.0
-1.0
28.871
-1.0
-1.0
44.6968
37.0535
-1.0
-1.0
-1.0
-1.0
-1.0
-1.0
-1.0
-1.0
-1.0
9.92511
-1.0
50.2401
-1.0
-1.0
-1.0
-1.0
-1.0
-1.0
-1.0
-1.0
-1.0
-1.0
-1.0
13.7894
-1.0
-1.0
-1.0
-1.0
-1.0
-1.0
-1.0
-1.0
-1.0
-1.0
-1.0
-1.0
-1.0
-1.0
-1.0
-1.0
-1.0
-1.0
50.9186
-1.0
-1.0
-1.0
-1.0
-1.0
-1.0
-1.0
-1.0
-1.0
25.6278
-1.0
-1.0
18.1446
-1.0
-1.0
-1.0
-1.0
-1.0
-1.0
-1.0
31.2394
39.2976
31.4626
-1.0
20.359
30.6798
-1.0
-1.0
-1.0
-1.0
-1.0
-1.0
43.8557
-1.0
-1.0
-1.0
-1.0
-1.0
-1.0
-1.0
-1.0
-1.0
37.7193
-1.0
27.751
-1.0
-1.0
21.0045
-1.0
-1.0
-1.0
-1.0
-1.0
-1.0
-1.0
47.6207
-1.0
-1.0
-1.0
-1.0
-1.0
38.9777
-1.0
-1.0
-1.0
-1.0
-1.0
41.1535
-1.0
-1.0
-1.0
-1.0
38.9263
-1.0
-1.0
-1.0
-1.0
-1.0
-1.0
-1.0
51.8105
-1.0
-1.0
-1.0
-1.0
-1.0
-1.0
-1.0
-1.0
-1.0
-1.0
-1.0
-1.0
-1.0
-1.0
-1.0
-1.0
-1.0
-1.0
-1.0
36.5074
-1.0
39.006
51.7179
-1.0
-1.0
-1.0
-1.0
-1.0
-1.0
-1.0
27.0635
-1.0
51.8558
24.4384
-1.0
-1.0
-1.0
14.9484
-1.0
-1.0
30.9498
50.9241
-1.0
-1.0
-1.0
31.8372
-1.0
-1.0
41.6614
-1.0
-1.0
-1.0
-1.0
-1.0
-1.0
15.2444
10.3046
-1.0
16.25
-1.0
-1.0
27.5085
-1.0
-1.0
41.9234
-1.0
-1.0
-1.0
-1.0
-1.0
-1.0
-1.0
-1.0
-1.0
-1.0
-1.0
-1.0
-1.0
-1.0
40.5617
-1.0
-1.0
-1.0
-1.0
-1.0
-1.0
-1.0
-1.0
-1.0
-1.0
32.2219
-1.0
-1.0
-1.0
47.2719
-1.0
44.2009
-1.0
-1.0
43.5738
-1.0
-1.0
-1.0
-1.0
-1.0
-1.0
-1.0
21.2913
47.2516
-1.0
-1.0
34.1454
-1.0
-1.0
-1.0
-1.0
-1.0
-1.0
-1.0
46.9135
31.8575
-1.0
-1.0
22.3587
-1.0
-1.0
47.6168
-1.0
25.7737
24.9971
-1.0
-1.0
-1.0
-1.0
39.7955
32.2459
-1.0
-1.0
-1.0
-1.0
-1.0
-1.0
-1.0
-1.0
52.1135
-1.0
34.4002
-1.0
-1.0
-1.0
50.3871
-1.0
-1.0
-1.0
-1.0
-1.0
-1.0
-1.0
-1.0
18.0581
-1.0
45.272
-1.0
-1.0
-1.0
-1.0
-1.0
-1.0
-1.0
-1.0
-1.0
-1.0
-1.0
-1.0
-1.0
35.0977
43.2632
-1.0
31.9695
-1.0
42.1127
-1.0
-1.0
50.5107
-1.0
-1.0
-1.0
-1.0
-1.0
-1.0
-1.0
-1.0
-1.0
-1.0
-1.0
-1.0
-1.0
-1.0
-1.0
-1.0
-1.0
-1.0
-1.0
-1.0
-1.0
-1.0
-1.0
39.284
-1.0
-1.0
-1.0
21.7193
-1.0
45.1249
-1.0
-1.0
29.7584
-1.0
-1.0
-1.0
-1.0
-1.0
-1.0
-1.0
-1.0
-1.0
-1.0
-1.0
-1.0
-1.0
-1.0
-1.0
-1.0
-1.0
25.0632
-1.0
-1.0
24.3441
-1.0
-1.0
-1.0
-1.0
-1.0
-1.0
23.4348
-1.0
-1.0
-1.0
-1.0
-1.0
-1.0
27.2705
47.6962
-1.0
-1.0
-1.0
33.9109
-1.0
-1.0
-1.0
-1.0
34.4677
-1.0
-1.0
-1.0
-1.0
-1.0
-1.0
23.482
-1.0
-1.0
-1.0
-1.0
13.2053
48.6395
-1.0
-1.0
-1.0
-1.0
-1.0
-1.0
49.4226
-1.0
-1.0
-1.0
-1.0
-1.0
-1.0
-1.0
-1.0
50.8104
-1.0
-1.0
-1.0
-1.0
-1.0
-1.0
-1.0
-1.0
-1.0
-1.0
-1.0
-1.0
-1.0
47.3323
-1.0
38.274
28.3551
-1.0
-1.0
-1.0
-1.0
-1.0
32.7979
-1.0
-1.0
-1.0
14.3655
-1.0
-1.0
-1.0
-1.0
-1.0
-1.0
-1.0
36.6429
43.5474
-1.0
50.2059
-1.0
-1.0
43.5507
48.9295
-1.0
-1.0
-1.0
-1.0
-1.0
-1.0
27.5482
-1.0
32.4943
20.892
37.0724
51.4743
-1.0
-1.0
-1.0
-1.0
51.3526
52.823
-1.0
-1.0
-1.0
-1.0
-1.0
-1.0
-1.0
-1.0
-1.0
-1.0
-1.0
-1.0
-1.0
-1.0
35.4911
-1.0
43.9728
37.4658
-1.0
48.0837
-1.0
-1.0
-1.0
-1.0
-1.0
-1.0
-1.0
-1.0
-1.0
40.5665
51.3801
-1.0
39.7826
-1.0
16.4522
-1.0
-1.0
-1.0
-1.0
-1.0
-1.0
-1.0
46.5058
47.2903
-1.0
-1.0
-1.0
-1.0
-1.0
-1.0
-1.0
-1.0
-1.0
-1.0
-1.0
-1.0
-1.0
14.6347
-1.0
-1.0
-1.0
-1.0
-1.0
-1.0
-1.0
28.3883
-1.0
25.7749
-1.0
-1.0
-1.0
-1.0
-1.0
-1.0
-1.0
30.9917
-1.0
23.1126
-1.0
-1.0
-1.0
-1.0
-1.0
-1.0
-1.0
-1.0
43.8563
-1.0
-1.0
-1.0
-1.0
-1.0
-1.0
39.2417
-1.0
-1.0
-1.0
-1.0
-1.0
-1.0
-1.0
-1.0
-1.0
-1.0
-1.0
-1.0
-1.0
39.5033
-1.0
-1.0
-1.0
-1.0
-1.0
-1.0
-1.0
-1.0
-1.0
-1.0
-1.0
-1.0
-1.0
-1.0
-1.0
-1.0
-1.0
41.323
-1.0
47.0424
-1.0
-1.0
-1.0
34.552
-1.0
-1.0
-1.0
-1.0
-1.0
-1.0
-1.0
-1.0
-1.0
-1.0
-1.0
-1.0
-1.0
-1.0
-1.0
-1.0
-1.0
-1.0
30.6589
-1.0
-1.0
41.6009
-1.0
-1.0
-1.0
-1.0
-1.0
-1.0
-1.0
-1.0
-1.0
-1.0
-1.0
-1.0
-1.0
-1.0
-1.0
-1.0
-1.0
-1.0
-1.0
-1.0
-1.0
-1.0
-1.0
-1.0
-1.0
-1.0
48.7938
-1.0
35.2382
-1.0
-1.0
-1.0
-1.0
-1.0
-1.0
-1.0
-1.0
-1.0
-1.0
44.1116
-1.0
35.7659
-1.0
-1.0
-1.0
-1.0
-1.0
-1.0
40.1197
-1.0
-1.0
-1.0
11.2007
38.1383
28.4171
-1.0
-1.0
-1.0
-1.0
-1.0
-1.0
-1.0
-1.0
31.555
-1.0
-1.0
-1.0
42.3525
-1.0
32.7527
46.2968
-1.0
-1.0
15.7948
-1.0
-1.0
42.0866
-1.0
-1.0
-1.0
-1.0
-1.0
-1.0
41.4229
-1.0
-1.0
-1.0
-1.0
48.2929
40.0387
-1.0
39.3173
-1.0
-1.0
-1.0
-1.0
-1.0
51.0299
37.3948
-1.0
-1.0
24.5115
-1.0
-1.0
-1.0
33.2348
-1.0
-1.0
46.1574
-1.0
-1.0
-1.0
37.3917
-1.0
-1.0
-1.0
26.3956
-1.0
51.3312
15.3476
-1.0
-1.0
-1.0
-1.0
48.6207
-1.0
-1.0
-1.0
-1.0
-1.0
-1.0
-1.0
24.23
-1.0
-1.0
-1.0
-1.0
25.3183
-1.0
38.3151
-1.0
-1.0
-1.0
-1.0
-1.0
51.687
-1.0
-1.0
-1.0
-1.0
-1.0
-1.0
-1.0
-1.0
-1.0
-1.0
44.6761
-1.0
-1.0
47.9858
-1.0
-1.0
-1.0
-1.0
-1.0
-1.0
-1.0
29.2977
-1.0
-1.0
-1.0
2.91871
-1.0
18.1384
-1.0
-1.0
-1.0
-1.0
-1.0
-1.0
22.8374
-1.0
-1.0
-1.0
-1.0
-1.0
-1.0
-1.0
36.5762
-1.0
-1.0
-1.0
-1.0
-1.0
-1.0
36.1533
49.5827
-1.0
-1.0
34.7755
-1.0
-1.0
42.1927
-1.0
-1.0
41.1784
-1.0
39.9001
46.5673
-1.0
38.0666
-1.0
42.7215
-1.0
-1.0
47.9722
-1.0
-1.0
-1.0
-1.0
32.4779
49.872
-1.0
-1.0
35.0877
-1.0
-1.0
-1.0
-1.0
35.3844
-1.0
-1.0
-1.0
-1.0
54.1645
-1.0
-1.0
-1.0
-1.0
-1.0
22.7695
-1.0
-1.0
-1.0
-1.0
52.54
-1.0
18.8545
-1.0
-1.0
21.1454
-1.0
-1.0
17.5495
-1.0
-1.0
-1.0
-1.0
-1.0
-1.0
-1.0
-1.0
43.718
-1.0
-1.0
-1.0
50.0436
-1.0
-1.0
34.5005
-1.0
-1.0
-1.0
-1.0
-1.0
-1.0
-1.0
-1.0
-1.0
51.8277
-1.0
-1.0
-1.0
-1.0
-1.0
-1.0
-1.0
-1.0
-1.0
48.3995
39.4005
31.383
-1.0
-1.0
51.2175
-1.0
-1.0
-1.0
-1.0
49.5945
-1.0
-1.0
-1.0
34.131
-1.0
-1.0
-1.0
-1.0
-1.0
-1.0
-1.0
-1.0
-1.0
-1.0
-1.0
-1.0
-1.0
-1.0
-1.0
-1.0
-1.0
-1.0
-1.0
-1.0
-1.0
-1.0
-1.0
32.3758
-1.0
-1.0
52.8642
-1.0
-1.0
-1.0
-1.0
-1.0
37.0282
-1.0
-1.0
-1.0
13.692
-1.0
-1.0
-1.0
-1.0
-1.0
44.1448
25.6444
-1.0
-1.0
-1.0
-1.0
-1.0
-1.0
-1.0
-1.0
-1.0
-1.0
-1.0
-1.0
-1.0
-1.0
-1.0
-1.0
-1.0
-1.0
23.0349
-1.0
-1.0
46.0926
42.9331
-1.0
-1.0
-1.0
-1.0
51.6818
-1.0
-1.0
-1.0
29.0495
46.0098
33.7743
-1.0
-1.0
44.0711
-1.0
-1.0
-1.0
-1.0
44.5137
17.206
33.5466
-1.0
-1.0
-1.0
50.2531
-1.0
-1.0
-1.0
-1.0
-1.0
-1.0
-1.0
46.9857
-1.0
40.8972
-1.0
-1.0
46.7046
-1.0
-1.0
-1.0
-1.0
-1.0
-1.0
-1.0
-1.0
-1.0
-1.0
-1.0
-1.0
40.2157
20.8847
-1.0
-1.0
-1.0
-1.0
-1.0
-1.0
-1.0
-1.0
38.4071
-1.0
49.6983
40.1905
-1.0
-1.0
-1.0
20.9173
23.3072
-1.0
-1.0
-1.0
-1.0
-1.0
-1.0
-1.0
-1.0
-1.0
-1.0
-1.0
-1.0
-1.0
-1.0
-1.0
51.6277
-1.0
-1.0
-1.0
-1.0
-1.0
-1.0
-1.0
-1.0
-1.0
-1.0
-1.0
-1.0
-1.0
-1.0
-1.0
-1.0
-1.0
36.5746
-1.0
-1.0
41.8195
-1.0
-1.0
-1.0
42.9688
45.0525
-1.0
-1.0
-1.0
33.2227
46.6269
-1.0
-1.0
-1.0
-1.0
-1.0
-1.0
-1.0
-1.0
-1.0
46.3465
-1.0
-1.0
31.2887
-1.0
-1.0
-1.0
37.1754
46.4496
-1.0
-1.0
-1.0
-1.0
-1.0
-1.0
-1.0
51.9957
-1.0
-1.0
-1.0
-1.0
-1.0
41.9044
26.3888
47.1553
-1.0
-1.0
-1.0
-1.0
-1.0
-1.0
39.8177
-1.0
-1.0
27.3109
-1.0
-1.0
-1.0
-1.0
32.6577
-1.0
-1.0
-1.0
-1.0
46.939
30.9385
-1.0
-1.0
-1.0
-1.0
-1.0
-1.0
-1.0
-1.0
22.9401
-1.0
45.1974
-1.0
-1.0
-1.0
-1.0
-1.0
-1.0
-1.0
52.0379
-1.0
32.4814
43.3734
-1.0
-1.0
-1.0
-1.0
20.6228
-1.0
-1.0
-1.0
-1.0
-1.0
-1.0
-1.0
-1.0
32.9422
-1.0
-1.0
-1.0
-1.0
-1.0
-1.0
-1.0
-1.0
-1.0
-1.0
-1.0
-1.0
-1.0
-1.0
-1.0
-1.0
-1.0
-1.0
-1.0
-1.0
-1.0
-1.0
-1.0
-1.0
-1.0
-1.0
-1.0
-1.0
-1.0
-1.0
-1.0
-1.0
38.4761
-1.0
-1.0
-1.0
-1.0
-1.0
48.6548
38.9773
31.648
-1.0
32.9454
-1.0
50.8529
-1.0
44.4955
-1.0
-1.0
45.3878
-1.0
7.14236
-1.0
-1.0
47.8816
-1.0
42.9824
-1.0
-1.0
33.0251
-1.0
-1.0
-1.0
-1.0
-1.0
-1.0
24.686
36.5125
41.7656
43.0407
-1.0
-1.0
-1.0
-1.0
-1.0
-1.0
39.9181
-1.0
-1.0
47.0639
28.7346
-1.0
-1.0
-1.0
41.0827
-1.0
-1.0
-1.0
-1.0
50.0158
-1.0
-1.0
9.85175
-1.0
-1.0
-1.0
34.2227
-1.0
-1.0
50.6554
-1.0
18.7883
-1.0
30.0724
-1.0
45.146
-1.0
-1.0
-1.0
-1.0
-1.0
49.1343
23.01
-1.0
-1.0
-1.0
-1.0
-1.0
-1.0
31.6893
41.6596
49.836
-1.0
-1.0
-1.0
-1.0
32.1675
25.5906
-1.0
-1.0
-1.0
-1.0
-1.0
-1.0
-1.0
-1.0
-1.0
-1.0
49.6802
48.3565
-1.0
48.492
44.6278
-1.0
-1.0
-1.0
-1.0
-1.0
45.5108
-1.0
-1.0
-1.0
-1.0
-1.0
-1.0
-1.0
38.572
-1.0
-1.0
-1.0
-1.0
-1.0
-1.0
37.7186
-1.0
41.2885
-1.0
-1.0
-1.0
-1.0
-1.0
-1.0
-1.0
49.2124
-1.0
-1.0
-1.0
-1.0
-1.0
19.4442
-1.0
-1.0
-1.0
-1.0
-1.0
32.2957
-1.0
-1.0
23.8593
-1.0
-1.0
-1.0
27.2936
-1.0
-1.0
36.0813
-1.0
29.1727
17.8569
-1.0
36.4626
-1.0
-1.0
-1.0
-1.0
-1.0
-1.0
-1.0
-1.0
24.7255
-1.0
-1.0
-1.0
-1.0
-1.0
-1.0
-1.0
-1.0
-1.0
-1.0
-1.0
-1.0
-1.0
-1.0
-1.0
43.3923
15.7478
-1.0
-1.0
-1.0
-1.0
-1.0
-1.0
41.6902
14.781
40.3915
-1.0
-1.0
-1.0
-1.0
-1.0
-1.0
-1.0
-1.0
-1.0
-1.0
-1.0
-1.0
-1.0
-1.0
-1.0
-1.0
-1.0
-1.0
-1.0
50.075
27.9446
-1.0
-1.0
-1.0
-1.0
-1.0
-1.0
-1.0
-1.0
47.6578
-1.0
38.3765
-1.0
-1.0
-1.0
-1.0
-1.0
37.2758
38.0924
-1.0
-1.0
30.8276
16.7318
-1.0
20.0343
-1.0
-1.0
-1.0
40.9869
-1.0
-1.0
-1.0
-1.0
-1.0
-1.0
-1.0
-1.0
-1.0
-1.0
-1.0
-1.0
41.9241
-1.0
-1.0
41.6065
-1.0
-1.0
31.7168
-1.0
-1.0
-1.0
-1.0
-1.0
-1.0
-1.0
-1.0
-1.0
-1.0
-1.0
-1.0
-1.0
27.9988
-1.0
-1.0
-1.0
25.2143
-1.0
-1.0
-1.0
43.1662
16.6845
-1.0
33.2442
-1.0
-1.0
-1.0
-1.0
-1.0
-1.0
43.1983
-1.0
-1.0
-1.0
21.1582
-1.0
-1.0
-1.0
-1.0
-1.0
-1.0
-1.0
-1.0
-1.0
-1.0
-1.0
-1.0
-1.0
-1.0
-1.0
-1.0
-1.0
-1.0
-1.0
-1.0
-1.0
-1.0
-1.0
-1.0
-1.0
-1.0
21.4234
-1.0
45.523
-1.0
-1.0
48.2892
50.4492
-1.0
30.0555
-1.0
-1.0
-1.0
-1.0
-1.0
-1.0
-1.0
-1.0
-1.0
-1.0
-1.0
-1.0
-1.0
-1.0
-1.0
54.3224
-1.0
-1.0
-1.0
41.2748
-1.0
-1.0
-1.0
-1.0
-1.0
-1.0
-1.0
46.3442
-1.0
-1.0
-1.0
-1.0
-1.0
-1.0
41.2478
33.5412
-1.0
-1.0
45.6231
23.0267
30.5567
-1.0
-1.0
39.9189
35.4057
-1.0
-1.0
-1.0
-1.0
-1.0
31.3283
21.4556
46.5543
-1.0
-1.0
-1.0
-1.0
27.2563
43.4254
40.524
-1.0
-1.0
-1.0
25.7803
-1.0
-1.0
-1.0
-1.0
-1.0
43.0997
-1.0
-1.0
-1.0
-1.0
-1.0
-1.0
29.2594
-1.0
-1.0
-1.0
-1.0
-1.0
-1.0
-1.0
-1.0
-1.0
-1.0
-1.0
-1.0
-1.0
-1.0
-1.0
-1.0
-1.0
-1.0
-1.0
-1.0
47.8274
41.7089
-1.0
48.2183
-1.0
-1.0
-1.0
48.5323
-1.0
-1.0
-1.0
33.4927
43.0627
-1.0
41.4119
-1.0
-1.0
-1.0
12.8141
-1.0
32.5162
-1.0
-1.0
-1.0
-1.0
-1.0
-1.0
-1.0
-1.0
-1.0
-1.0
-1.0
-1.0
48.4697
-1.0
-1.0
41.2076
-1.0
-1.0
42.4308
-1.0
44.3168
-1.0
-1.0
-1.0
15.8796
-1.0
45.0241
41.0138
-1.0
25.1199
-1.0
-1.0
-1.0
31.3956
-1.0
-1.0
-1.0
-1.0
-1.0
-1.0
-1.0
-1.0
-1.0
-1.0
-1.0
-1.0
-1.0
-1.0
-1.0
34.9091
-1.0
-1.0
-1.0
34.6739
-1.0
-1.0
-1.0
-1.0
-1.0
-1.0
-1.0
-1.0
-1.0
-1.0
-1.0
-1.0
-1.0
-1.0
25.9443
-1.0
-1.0
-1.0
-1.0
49.5868
-1.0
14.459
34.4292
-1.0
-1.0
-1.0
40.3916
45.0428
-1.0
-1.0
-1.0
-1.0
-1.0
-1.0
-1.0
-1.0
-1.0
-1.0
-1.0
48.9614
30.0088
-1.0
-1.0
-1.0
-1.0
-1.0
-1.0
-1.0
38.8196
-1.0
14.586
33.4445
-1.0
-1.0
-1.0
-1.0
-1.0
-1.0
-1.0
-1.0
-1.0
-1.0
49.2604
-1.0
-1.0
32.0754
-1.0
-1.0
-1.0
-1.0
13.5212
-1.0
-1.0
-1.0
32.4311
-1.0
-1.0
-1.0
-1.0
-1.0
-1.0
42.5905
-1.0
-1.0
-1.0
-1.0
-1.0
-1.0
-1.0
37.0964
19.1176
50.0051
-1.0
47.0013
18.2793
39.4818
-1.0
-1.0
-1.0
-1.0
-1.0
-1.0
47.6833
-1.0
44.0006
47.2391
-1.0
-1.0
-1.0
-1.0
-1.0
41.9554
16.4086
-1.0
-1.0
34.962
-1.0
-1.0
-1.0
-1.0
-1.0
-1.0
39.7237
-1.0
-1.0
49.0156
-1.0
-1.0
-1.0
-1.0
-1.0
-1.0
-1.0
19.1889
-1.0
24.0503
-1.0
-1.0
-1.0
-1.0
-1.0
-1.0
-1.0
16.0196
-1.0
-1.0
-1.0
-1.0
45.4014
-1.0
-1.0
36.5864
-1.0
-1.0
-1.0
-1.0
-1.0
-1.0
-1.0
-1.0
-1.0
-1.0
13.564
-1.0
-1.0
-1.0
-1.0
-1.0
26.4995
-1.0
24.6932
-1.0
35.751
37.6581
-1.0
29.5208
-1.0
-1.0
-1.0
-1.0
-1.0
43.9412
-1.0
-1.0
-1.0
-1.0
-1.0
51.6679
-1.0
-1.0
-1.0
-1.0
-1.0
-1.0
-1.0
51.3267
-1.0
12.2675
-1.0
-1.0
-1.0
-1.0
-1.0
-1.0
-1.0
-1.0
-1.0
50.9894
-1.0
35.7043
49.5258
30.1012
50.9842
32.2044
-1.0
-1.0
-1.0
-1.0
-1.0
-1.0
-1.0
-1.0
-1.0
31.6626
-1.0
37.5765
-1.0
37.4108
51.1003
41.6981
-1.0
-1.0
33.292
-1.0
48.5307
43.0937
-1.0
-1.0
-1.0
-1.0
-1.0
-1.0
-1.0
-1.0
-1.0
29.6184
-1.0
-1.0
-1.0
-1.0
-1.0
24.6897
24.5049
-1.0
36.5401
-1.0
38.7073
29.9306
-1.0
-1.0
28.8412
-1.0
-1.0
-1.0
-1.0
-1.0
-1.0
-1.0
-1.0
-1.0
-1.0
12.691
-1.0
-1.0
-1.0
37.7967
-1.0
-1.0
-1.0
31.4627
16.9714
-1.0
36.6137
-1.0
29.9631
-1.0
-1.0
-1.0
-1.0
46.5247
-1.0
-1.0
-1.0
-1.0
-1.0
49.4006
-1.0
-1.0
-1.0
-1.0
-1.0
-1.0
-1.0
51.5174
-1.0
40.3221
-1.0
-1.0
27.1505
-1.0
44.6149
-1.0
-1.0
-1.0
-1.0
37.8413
-1.0
-1.0
-1.0
-1.0
-1.0
-1.0
-1.0
37.3441
51.417
-1.0
-1.0
-1.0
38.088
-1.0
-1.0
48.5703
-1.0
-1.0
36.8486
-1.0
-1.0
-1.0
-1.0
-1.0
-1.0
-1.0
-1.0
-1.0
-1.0
-1.0
-1.0
-1.0
-1.0
-1.0
-1.0
-1.0
-1.0
18.6704
-1.0
34.2938
-1.0
-1.0
-1.0
-1.0
-1.0
-1.0
-1.0
-1.0
-1.0
-1.0
-1.0
-1.0
-1.0
-1.0
-1.0
-1.0
-1.0
51.478
-1.0
-1.0
-1.0
-1.0
-1.0
-1.0
32.2063
-1.0
38.4694
-1.0
41.5792
36.0095
-1.0
-1.0
-1.0
-1.0
-1.0
-1.0
48.4829
33.8407
-1.0
-1.0
-1.0
-1.0
-1.0
-1.0
-1.0
-1.0
-1.0
-1.0
51.6037
27.7747
44.3792
-1.0
-1.0
-1.0
48.77
45.2072
38.7535
-1.0
13.3553
-1.0
30.1011
-1.0
26.6021
-1.0
-1.0
-1.0
46.2501
-1.0
45.9209
-1.0
-1.0
-1.0
-1.0
-1.0
-1.0
-1.0
-1.0
11.9669
-1.0
-1.0
-1.0
-1.0
-1.0
-1.0
-1.0
-1.0
-1.0
-1.0
-1.0
13.8109
-1.0
-1.0
-1.0
34.9119
28.9001
-1.0
-1.0
35.3315
-1.0
8.36523
49.2879
-1.0
-1.0
-1.0
-1.0
-1.0
-1.0
-1.0
-1.0
-1.0
-1.0
42.5409
-1.0
-1.0
-1.0
-1.0
-1.0
-1.0
-1.0
-1.0
-1.0
-1.0
-1.0
29.2051
42.6201
-1.0
-1.0
-1.0
-1.0
-1.0
19.904
15.2137
-1.0
-1.0
-1.0
-1.0
-1.0
24.0006
-1.0
-1.0
21.6231
-1.0
-1.0
32.9733
16.1335
-1.0
38.4542
-1.0
-1.0
46.5144
-1.0
39.1049
-1.0
-1.0
35.8322
-1.0
-1.0
-1.0
-1.0
-1.0
-1.0
-1.0
-1.0
-1.0
-1.0
-1.0
-1.0
-1.0
-1.0
42.2506
-1.0
-1.0
-1.0
-1.0
-1.0
42.3619
-1.0
-1.0
28.0356
-1.0
-1.0
-1.0
-1.0
-1.0
25.2845
-1.0
-1.0
-1.0
-1.0
-1.0
-1.0
49.532
-1.0
-1.0
-1.0
-1.0
-1.0
-1.0
14.1082
-1.0
-1.0
-1.0
-1.0
-1.0
29.6159
-1.0
-1.0
-1.0
-1.0
51.8033
-1.0
-1.0
-1.0
-1.0
-1.0
-1.0
-1.0
-1.0
49.0844
35.2788
-1.0
47.1238
-1.0
-1.0
-1.0
-1.0
-1.0
49.4298
-1.0
-1.0
-1.0
-1.0
-1.0
-1.0
18.1333
-1.0
-1.0
-1.0
8.04716
50.9618
-1.0
-1.0
42.181
-1.0
-1.0
39.9412
44.1032
33.1067
-1.0
49.3952
-1.0
-1.0
37.4162
46.6977
-1.0
40.3664
-1.0
-1.0
-1.0
-1.0
-1.0
-1.0
-1.0
50.5968
16.5924
-1.0
-1.0
-1.0
-1.0
-1.0
48.533
-1.0
-1.0
43.605
-1.0
-1.0
24.1069
-1.0
-1.0
-1.0
46.1109
-1.0
-1.0
-1.0
-1.0
-1.0
-1.0
-1.0
24.3585
-1.0
-1.0
-1.0
-1.0
-1.0
44.8719
49.4875
6.38637
-1.0
-1.0
-1.0
44.3643
-1.0
-1.0
-1.0
41.0632
-1.0
-1.0
-1.0
-1.0
-1.0
44.1082
51.795
-1.0
30.4803
39.7889
-1.0
-1.0
-1.0
-1.0
-1.0
-1.0
-1.0
-1.0
-1.0
-1.0
-1.0
-1.0
-1.0
-1.0
-1.0
-1.0
-1.0
28.8624
-1.0
-1.0
45.7677
-1.0
-1.0
48.6134
-1.0
-1.0
-1.0
36.6735
40.7106
27.4827
-1.0
-1.0
38.9203
-1.0
-1.0
-1.0
-1.0
46.132
-1.0
-1.0
19.271
-1.0
-1.0
-1.0
-1.0
-1.0
-1.0
-1.0
-1.0
42.3734
-1.0
-1.0
-1.0
-1.0
-1.0
-1.0
50.5627
-1.0
-1.0
-1.0
-1.0
13.8176
-1.0
-1.0
13.0493
-1.0
44.6282
47.6745
-1.0
-1.0
-1.0
-1.0
41.2784
48.7097
39.9169
-1.0
-1.0
-1.0
-1.0
-1.0
42.1722
-1.0
-1.0
-1.0
-1.0
44.6738
-1.0
32.8673
-1.0
-1.0
-1.0
-1.0
-1.0
33.0172
-1.0
-1.0
34.5656
-1.0
-1.0
36.077
50.2685
-1.0
-1.0
-1.0
-1.0
-1.0
-1.0
-1.0
-1.0
-1.0
40.5956
-1.0
-1.0
-1.0
-1.0
-1.0
-1.0
42.2018
-1.0
-1.0
-1.0
-1.0
31.8541
45.9649
-1.0
-1.0
-1.0
50.8907
-1.0
-1.0
8.47174
29.6585
51.029
-1.0
-1.0
-1.0
-1.0
-1.0
42.4283
21.7022
-1.0
-1.0
-1.0
43.5777
-1.0
-1.0
22.1495
-1.0
40.6848
21.0807
-1.0
-1.0
-1.0
-1.0
-1.0
-1.0
-1.0
45.8619
-1.0
-1.0
-1.0
-1.0
-1.0
-1.0
-1.0
-1.0
-1.0
-1.0
-1.0
43.8166
-1.0
26.6587
-1.0
-1.0
-1.0
-1.0
-1.0
-1.0
48.5225
-1.0
37.5458
-1.0
-1.0
18.7595
-1.0
51.1534
-1.0
-1.0
-1.0
-1.0
-1.0
-1.0
27.2908
-1.0
21.1177
-1.0
-1.0
-1.0
-1.0
-1.0
-1.0
-1.0
-1.0
-1.0
43.9645
-1.0
-1.0
45.3819
-1.0
-1.0
-1.0
-1.0
-1.0
-1.0
-1.0
-1.0
-1.0
-1.0
37.0038
-1.0
24.2829
-1.0
-1.0
-1.0
-1.0
-1.0
-1.0
-1.0
-1.0
-1.0
-1.0
46.3117
-1.0
-1.0
-1.0
-1.0
-1.0
-1.0
18.4078
-1.0
-1.0
45.4509
-1.0
-1.0
45.7373
-1.0
27.586
-1.0
-1.0
-1.0
-1.0
-1.0
-1.0
-1.0
-1.0
-1.0
-1.0
27.9766
-1.0
-1.0
-1.0
-1.0
-1.0
-1.0
56.8978
-1.0
-1.0
-1.0
-1.0
-1.0
47.7142
-1.0
-1.0
-1.0
-1.0
-1.0
-1.0
-1.0
-1.0
-1.0
-1.0
-1.0
31.6999
39.6162
-1.0
-1.0
-1.0
38.7488
-1.0
-1.0
50.4947
28.7802
-1.0
-1.0
-1.0
-1.0
13.7928
46.3994
-1.0
-1.0
-1.0
-1.0
-1.0
25.4086
-1.0
-1.0
-1.0
-1.0
-1.0
-1.0
-1.0
33.8623
-1.0
45.7932
-1.0
-1.0
49.3406
-1.0
50.2173
-1.0
-1.0
-1.0
43.5676
-1.0
-1.0
-1.0
49.1032
-1.0
-1.0
-1.0
51.982
-1.0
-1.0
29.1001
-1.0
-1.0
-1.0
-1.0
-1.0
-1.0
45.3927
14.5137
-1.0
-1.0
-1.0
-1.0
-1.0
-1.0
-1.0
-1.0
-1.0
-1.0
-1.0
-1.0
-1.0
44.9319
-1.0
-1.0
-1.0
-1.0
-1.0
-1.0
-1.0
-1.0
-1.0
-1.0
-1.0
-1.0
-1.0
-1.0
-1.0
-1.0
-1.0
-1.0
51.7584
-1.0
-1.0
47.1093
41.6428
-1.0
-1.0
-1.0
30.5349
-1.0
-1.0
-1.0
-1.0
33.4575
-1.0
-1.0
-1.0
36.013
52.2715
41.2117
-1.0
37.4912
-1.0
-1.0
-1.0
-1.0
-1.0
-1.0
-1.0
-1.0
-1.0
-1.0
-1.0
-1.0
-1.0
-1.0
-1.0
-1.0
37.4637
-1.0
-1.0
-1.0
-1.0
-1.0
-1.0
-1.0
-1.0
-1.0
43.3241
-1.0
30.1885
39.4622
-1.0
-1.0
-1.0
44.5194
-1.0
27.462
33.5151
-1.0
-1.0
-1.0
-1.0
-1.0
-1.0
-1.0
-1.0
-1.0
-1.0
51.714
-1.0
-1.0
41.3155
-1.0
-1.0
-1.0
-1.0
-1.0
-1.0
41.3236
44.1061
-1.0
-1.0
-1.0
42.4835
13.8833
-1.0
-1.0
-1.0
-1.0
-1.0
-1.0
-1.0
-1.0
-1.0
-1.0
-1.0
-1.0
-1.0
-1.0
-1.0
28.0626
-1.0
-1.0
-1.0
38.893
-1.0
-1.0
-1.0
-1.0
-1.0
-1.0
-1.0
-1.0
-1.0
-1.0
-1.0
-1.0
-1.0
-1.0
-1.0
42.299
-1.0
50.7886
-1.0
-1.0
-1.0
-1.0
13.5782
-1.0
47.1656
-1.0
-1.0
33.5781
-1.0
-1.0
-1.0
-1.0
-1.0
-1.0
-1.0
-1.0
-1.0
-1.0
42.2413
-1.0
51.8084
41.1591
17.4889
-1.0
-1.0
23.1522
-1.0
-1.0
38.4371
-1.0
-1.0
-1.0
47.3073
40.9864
48.9234
35.8386
-1.0
37.3155
45.9614
-1.0
-1.0
-1.0
49.3031
-1.0
-1.0
-1.0
-1.0
-1.0
-1.0
-1.0
-1.0
-1.0
-1.0
-1.0
30.2965
46.3506
-1.0
29.0995
-1.0
-1.0
-1.0
-1.0
-1.0
-1.0
-1.0
50.6451
-1.0
-1.0
-1.0
-1.0
48.0956
48.727
-1.0
-1.0
-1.0
-1.0
-1.0
-1.0
19.1545
47.189
30.8277
-1.0
-1.0
-1.0
44.3251
-1.0
-1.0
-1.0
-1.0
-1.0
-1.0
26.9268
-1.0
-1.0
-1.0
-1.0
15.2842
-1.0
-1.0
-1.0
-1.0
24.0852
-1.0
-1.0
-1.0
-1.0
-1.0
39.9687
-1.0
-1.0
-1.0
-1.0
-1.0
-1.0
44.0024
-1.0
42.7406
-1.0
-1.0
38.9542
-1.0
-1.0
-1.0
-1.0
34.1867
32.7854
-1.0
49.6255
-1.0
18.4869
-1.0
41.6159
-1.0
-1.0
16.2956
-1.0
-1.0
-1.0
-1.0
-1.0
-1.0
-1.0
-1.0
-1.0
38.3763
-1.0
-1.0
-1.0
-1.0
-1.0
-1.0
-1.0
-1.0
-1.0
-1.0
-1.0
-1.0
-1.0
-1.0
-1.0
-1.0
-1.0
-1.0
-1.0
-1.0
-1.0
28.2451
-1.0
47.6495
33.645
-1.0
-1.0
-1.0
-1.0
-1.0
-1.0
48.9828
-1.0
-1.0
-1.0
20.485
-1.0
-1.0
38.23
6.66246
46.7758
-1.0
-1.0
-1.0
-1.0
-1.0
-1.0
-1.0
37.8155
-1.0
-1.0
47.1863
-1.0
30.8369
-1.0
-1.0
-1.0
-1.0
-1.0
-1.0
-1.0
-1.0
-1.0
-1.0
-1.0
-1.0
-1.0
-1.0
-1.0
-1.0
-1.0
-1.0
-1.0
-1.0
-1.0
-1.0
-1.0
-1.0
52.5506
-1.0
20.7656
-1.0
-1.0
-1.0
-1.0
-1.0
-1.0
-1.0
-1.0
-1.0
-1.0
-1.0
-1.0
-1.0
-1.0
-1.0
-1.0
-1.0
-1.0
-1.0
-1.0
-1.0
-1.0
-1.0
-1.0
-1.0
-1.0
-1.0
-1.0
-1.0
35.024
-1.0
-1.0
-1.0
52.1496
-1.0
34.2987
-1.0
45.8181
29.5557
39.5983
-1.0
25.7181
31.5122
-1.0
49.3146
-1.0
-1.0
38.833
-1.0
19.1472
-1.0
29.1834
-1.0
-1.0
-1.0
-1.0
-1.0
-1.0
-1.0
-1.0
-1.0
-1.0
-1.0
-1.0
-1.0
-1.0
-1.0
-1.0
-1.0
-1.0
-1.0
-1.0
-1.0
-1.0
-1.0
14.3626
-1.0
-1.0
-1.0
-1.0
-1.0
-1.0
20.1401
-1.0
-1.0
35.4866
32.0446
-1.0
5.73843
-1.0
-1.0
-1.0
-1.0
-1.0
-1.0
-1.0
-1.0
-1.0
-1.0
34.7024
-1.0
-1.0
-1.0
-1.0
-1.0
-1.0
25.3741
-1.0
51.9241
42.7186
-1.0
-1.0
-1.0
-1.0
-1.0
-1.0
-1.0
-1.0
-1.0
-1.0
-1.0
46.1975
-1.0
-1.0
-1.0
-1.0
-1.0
-1.0
-1.0
-1.0
-1.0
7.1513
48.437
-1.0
-1.0
-1.0
-1.0
-1.0
-1.0
45.9384
-1.0
-1.0
42.7996
-1.0
-1.0
-1.0
-1.0
-1.0
-1.0
-1.0
24.7803
-1.0
-1.0
-1.0
-1.0
47.6034
-1.0
-1.0
-1.0
-1.0
-1.0
-1.0
-1.0
-1.0
-1.0
-1.0
-1.0
-1.0
-1.0
-1.0
29.0165
-1.0
-1.0
-1.0
-1.0
-1.0
-1.0
49.6147
-1.0
-1.0
-1.0
-1.0
-1.0
43.3087
-1.0
44.7248
-1.0
-1.0
-1.0
-1.0
-1.0
-1.0
33.0548
-1.0
-1.0
-1.0
-1.0
-1.0
-1.0
-1.0
-1.0
-1.0
-1.0
-1.0
50.3141
-1.0
-1.0
-1.0
50.3156
-1.0
-1.0
-1.0
-1.0
-1.0
-1.0
-1.0
-1.0
-1.0
45.8728
-1.0
37.048
-1.0
29.5059
-1.0
45.6511
-1.0
-1.0
-1.0
-1.0
-1.0
-1.0
33.0595
-1.0
-1.0
-1.0
-1.0
-1.0
-1.0
-1.0
-1.0
-1.0
-1.0
41.0487
-1.0
-1.0
-1.0
-1.0
-1.0
49.8267
-1.0
33.476
32.6109
34.6951
-1.0
-1.0
-1.0
-1.0
-1.0
-1.0
42.096
41.2084
-1.0
47.977
-1.0
22.7857
-1.0
-1.0
-1.0
-1.0
-1.0
-1.0
-1.0
-1.0
47.598
-1.0
38.1701
-1.0
-1.0
-1.0
-1.0
-1.0
-1.0
-1.0
-1.0
-1.0
-1.0
-1.0
-1.0
-1.0
-1.0
-1.0
-1.0
-1.0
48.7091
-1.0
31.8562
-1.0
-1.0
33.426
-1.0
-1.0
-1.0
51.3393
-1.0
-1.0
17.1811
-1.0
-1.0
33.0954
-1.0
16.7015
33.516
-1.0
23.4261
-1.0
-1.0
-1.0
-1.0
-1.0
-1.0
-1.0
-1.0
-1.0
-1.0
-1.0
-1.0
-1.0
-1.0
-1.0
-1.0
-1.0
42.6363
-1.0
39.3225
-1.0
-1.0
-1.0
-1.0
-1.0
-1.0
31.9162
-1.0
-1.0
-1.0
48.0613
-1.0
-1.0
-1.0
-1.0
-1.0
-1.0
-1.0
-1.0
-1.0
-1.0
-1.0
-1.0
-1.0
-1.0
49.6362
-1.0
-1.0
-1.0
-1.0
-1.0
45.1843
-1.0
-1.0
50.189
-1.0
-1.0
-1.0
9.75481
-1.0
35.3846
-1.0
49.9349
-1.0
-1.0
27.5169
-1.0
-1.0
-1.0
37.2096
40.365
-1.0
-1.0
28.4338
-1.0
-1.0
40.484
-1.0
-1.0
-1.0
-1.0
-1.0
-1.0
36.4672
34.3643
43.926
-1.0
32.3197
-1.0
-1.0
-1.0
-1.0
-1.0
13.2032
-1.0
32.2573
-1.0
32.2288
-1.0
-1.0
-1.0
-1.0
-1.0
-1.0
-1.0
-1.0
-1.0
-1.0
-1.0
-1.0
-1.0
-1.0
-1.0
-1.0
-1.0
-1.0
-1.0
45.8938
-1.0
-1.0
-1.0
-1.0
40.7
-1.0
-1.0
-1.0
-1.0
-1.0
-1.0
-1.0
29.9962
48.3429
-1.0
51.1329
41.1073
-1.0
31.2987
-1.0
-1.0
-1.0
32.6001
-1.0
-1.0
10.907
-1.0
-1.0
-1.0
-1.0
-1.0
-1.0
-1.0
-1.0
45.3419
46.2051
-1.0
-1.0
51.9839
-1.0
-1.0
-1.0
18.1167
-1.0
34.1732
-1.0
-1.0
-1.0
-1.0
-1.0
14.9374
-1.0
-1.0
27.4108
-1.0
-1.0
-1.0
-1.0
-1.0
-1.0
-1.0
-1.0
-1.0
-1.0
-1.0
-1.0
-1.0
-1.0
53.8561
-1.0
-1.0
-1.0
-1.0
-1.0
-1.0
-1.0
51.5948
-1.0
-1.0
-1.0
-1.0
32.4097
-1.0
26.7623
-1.0
-1.0
-1.0
-1.0
-1.0
-1.0
-1.0
-1.0
27.3751
-1.0
17.9067
49.6342
-1.0
-1.0
-1.0
-1.0
23.1146
-1.0
-1.0
-1.0
-1.0
-1.0
-1.0
-1.0
-1.0
-1.0
46.6209
31.3059
-1.0
-1.0
-1.0
35.4886
-1.0
-1.0
-1.0
-1.0
-1.0
-1.0
43.0838
44.7634
-1.0
-1.0
-1.0
-1.0
-1.0
-1.0
-1.0
-1.0
-1.0
-1.0
-1.0
39.6357
-1.0
-1.0
-1.0
-1.0
-1.0
-1.0
-1.0
-1.0
-1.0
48.8567
-1.0
-1.0
43.7207
-1.0
-1.0
-1.0
35.6745
-1.0
25.9963
-1.0
-1.0
-1.0
51.5441
27.4244
-1.0
-1.0
-1.0
-1.0
29.7982
41.4916
-1.0
-1.0
-1.0
-1.0
-1.0
-1.0
-1.0
-1.0
-1.0
-1.0
-1.0
-1.0
-1.0
-1.0
-1.0
-1.0
-1.0
-1.0
-1.0
-1.0
-1.0
-1.0
-1.0
-1.0
-1.0
-1.0
-1.0
-1.0
-1.0
-1.0
16.282
-1.0
-1.0
-1.0
-1.0
32.5743
-1.0
-1.0
-1.0
-1.0
-1.0
51.805
-1.0
33.7295
-1.0
-1.0
-1.0
-1.0
-1.0
44.2352
-1.0
-1.0
-1.0
-1.0
-1.0
-1.0
-1.0
-1.0
42.0866
32.6768
-1.0
-1.0
-1.0
-1.0
-1.0
-1.0
-1.0
44.7954
-1.0
-1.0
10.5744
40.6943
-1.0
-1.0
40.2761
-1.0
-1.0
48.0961
-1.0
-1.0
-1.0
-1.0
-1.0
-1.0
-1.0
-1.0
33.8096
-1.0
-1.0
-1.0
-1.0
48.7653
-1.0
-1.0
37.0315
-1.0
-1.0
-1.0
-1.0
-1.0
-1.0
-1.0
-1.0
-1.0
35.0514
-1.0
40.1699
-1.0
-1.0
39.2751
-1.0
51.1903
47.3377
-1.0
31.0461
-1.0
29.1401
43.5656
-1.0
-1.0
-1.0
-1.0
-1.0
-1.0
-1.0
-1.0
-1.0
-1.0
-1.0
-1.0
-1.0
-1.0
-1.0
39.0091
-1.0
-1.0
-1.0
31.7792
-1.0
-1.0
34.3454
-1.0
-1.0
12.8783
25.2755
50.4844
-1.0
-1.0
-1.0
-1.0
49.044
-1.0
-1.0
-1.0
-1.0
-1.0
-1.0
-1.0
33.2287
39.0052
33.2635
-1.0
-1.0
40.9118
-1.0
-1.0
-1.0
-1.0
-1.0
44.8416
-1.0
40.2954
-1.0
-1.0
-1.0
32.6173
-1.0
-1.0
-1.0
-1.0
-1.0
-1.0
-1.0
-1.0
-1.0
-1.0
-1.0
-1.0
-1.0
-1.0
51.2023
-1.0
37.5452
-1.0
-1.0
-1.0
17.4203
-1.0
-1.0
-1.0
-1.0
-1.0
-1.0
-1.0
-1.0
-1.0
-1.0
-1.0
-1.0
28.7047
-1.0
-1.0
-1.0
-1.0
49.0998
-1.0
-1.0
-1.0
30.3506
-1.0
10.0737
-1.0
28.7493
-1.0
-1.0
-1.0
-1.0
-1.0
43.4653
-1.0
-1.0
-1.0
-1.0
-1.0
-1.0
-1.0
-1.0
26.6463
-1.0
-1.0
-1.0
-1.0
47.0446
-1.0
-1.0
-1.0
-1.0
-1.0
-1.0
-1.0
20.1178
47.5539
-1.0
-1.0
-1.0
-1.0
-1.0
-1.0
-1.0
-1.0
-1.0
-1.0
-1.0
38.7225
48.1758
51.4208
-1.0
-1.0
-1.0
-1.0
-1.0
18.6535
47.9976
-1.0
-1.0
-1.0
-1.0
-1.0
-1.0
-1.0
32.1553
44.5361
28.6773
35.4877
-1.0
-1.0
-1.0
-1.0
-1.0
-1.0
-1.0
-1.0
-1.0
-1.0
24.5045
-1.0
25.1334
-1.0
-1.0
-1.0
-1.0
-1.0
-1.0
-1.0
36.2997
-1.0
-1.0
-1.0
-1.0
-1.0
-1.0
-1.0
-1.0
-1.0
-1.0
-1.0
-1.0
-1.0
44.6872
-1.0
-1.0
-1.0
-1.0
-1.0
-1.0
-1.0
-1.0
-1.0
-1.0
48.4395
-1.0
-1.0
-1.0
-1.0
-1.0
-1.0
37.9558
-1.0
-1.0
22.7692
-1.0
-1.0
-1.0
-1.0
45.0169
-1.0
40.5082
-1.0
45.3785
-1.0
-1.0
27.4604
-1.0
40.7094
-1.0
-1.0
-1.0
-1.0
27.7986
27.1786
-1.0
-1.0
-1.0
-1.0
-1.0
-1.0
51.2949
-1.0
-1.0
-1.0
-1.0
44.953
48.2941
-1.0
51.0006
-1.0
45.9894
-1.0
-1.0
-1.0
-1.0
16.6924
42.6524
41.037
-1.0
49.5851
-1.0
-1.0
-1.0
-1.0
40.9206
-1.0
46.1138
34.1492
-1.0
-1.0
-1.0
-1.0
-1.0
-1.0
-1.0
-1.0
-1.0
40.2782
-1.0
-1.0
-1.0
18.8146
-1.0
-1.0
-1.0
-1.0
-1.0
-1.0
-1.0
-1.0
-1.0
-1.0
-1.0
45.2752
-1.0
-1.0
-1.0
-1.0
-1.0
-1.0
-1.0
-1.0
12.1164
-1.0
-1.0
33.1313
-1.0
-1.0
-1.0
-1.0
-1.0
-1.0
22.6628
-1.0
-1.0
20.5299
-1.0
-1.0
-1.0
-1.0
-1.0
40.5932
26.0681
-1.0
-1.0
-1.0
-1.0
26.1074
-1.0
-1.0
-1.0
-1.0
-1.0
-1.0
-1.0
-1.0
-1.0
-1.0
-1.0
-1.0
-1.0
-1.0
37.171
-1.0
-1.0
30.3051
-1.0
-1.0
-1.0
-1.0
-1.0
-1.0
-1.0
-1.0
-1.0
-1.0
-1.0
-1.0
44.7152
-1.0
-1.0
-1.0
49.09
-1.0
-1.0
-1.0
-1.0
-1.0
-1.0
-1.0
-1.0
-1.0
-1.0
-1.0
28.2751
-1.0
-1.0
-1.0
-1.0
-1.0
-1.0
-1.0
17.844
-1.0
-1.0
-1.0
-1.0
-1.0
-1.0
-1.0
-1.0
-1.0
-1.0
-1.0
-1.0
-1.0
-1.0
-1.0
-1.0
32.6971
-1.0
-1.0
51.2936
-1.0
-1.0
-1.0
-1.0
-1.0
-1.0
23.2548
-1.0
-1.0
-1.0
-1.0
-1.0
-1.0
-1.0
-1.0
-1.0
-1.0
-1.0
-1.0
-1.0
-1.0
-1.0
31.0074
39.9648
-1.0
26.6229
-1.0
47.911
-1.0
-1.0
-1.0
35.8333
-1.0
-1.0
-1.0
-1.0
-1.0
-1.0
-1.0
-1.0
-1.0
-1.0
-1.0
33.7434
28.2053
-1.0
26.6494
-1.0
25.7409
-1.0
40.8039
-1.0
-1.0
-1.0
-1.0
-1.0
-1.0
-1.0
-1.0
-1.0
-1.0
-1.0
20.7127
-1.0
-1.0
-1.0
-1.0
-1.0
37.2708
-1.0
-1.0
-1.0
-1.0
-1.0
-1.0
20.487
-1.0
42.9339
-1.0
-1.0
29.3803
-1.0
-1.0
-1.0
41.6112
-1.0
26.6069
-1.0
-1.0
14.8796
-1.0
-1.0
-1.0
-1.0
-1.0
-1.0
-1.0
-1.0
-1.0
46.0843
-1.0
-1.0
-1.0
48.2514
-1.0
19.8689
-1.0
-1.0
-1.0
-1.0
-1.0
29.9844
25.2283
42.1388
46.5111
-1.0
-1.0
-1.0
-1.0
-1.0
-1.0
-1.0
39.3605
-1.0
-1.0
-1.0
21.879
-1.0
-1.0
-1.0
-1.0
37.132
-1.0
-1.0
-1.0
-1.0
-1.0
-1.0
-1.0
-1.0
38.8247
-1.0
-1.0
-1.0
-1.0
29.7775
-1.0
-1.0
32.2593
-1.0
-1.0
11.5144
-1.0
41.3305
-1.0
37.0219
-1.0
37.8971
-1.0
-1.0
47.5058
-1.0
34.3783
-1.0
-1.0
-1.0
-1.0
42.1133
-1.0
-1.0
-1.0
-1.0
-1.0
-1.0
-1.0
-1.0
-1.0
-1.0
-1.0
-1.0
-1.0
-1.0
-1.0
-1.0
-1.0
-1.0
-1.0
40.3221
-1.0
-1.0
-1.0
-1.0
-1.0
-1.0
-1.0
49.1534
-1.0
-1.0
-1.0
40.3619
-1.0
-1.0
28.393
-1.0
-1.0
-1.0
-1.0
-1.0
-1.0
-1.0
-1.0
-1.0
-1.0
-1.0
-1.0
38.208
-1.0
37.8846
-1.0
-1.0
-1.0
-1.0
-1.0
42.8245
-1.0
-1.0
-1.0
39.1967
33.2838
-1.0
-1.0
-1.0
55.9326
-1.0
-1.0
19.824
-1.0
-1.0
-1.0
43.3926
-1.0
-1.0
45.6382
-1.0
-1.0
-1.0
-1.0
-1.0
-1.0
-1.0
-1.0
22.051
-1.0
-1.0
-1.0
-1.0
-1.0
-1.0
-1.0
-1.0
-1.0
-1.0
-1.0
-1.0
35.2729
-1.0
-1.0
-1.0
-1.0
-1.0
-1.0
-1.0
-1.0
-1.0
-1.0
-1.0
-1.0
-1.0
-1.0
-1.0
-1.0
-1.0
-1.0
-1.0
-1.0
46.758
-1.0
-1.0
-1.0
-1.0
-1.0
33.176
-1.0
-1.0
-1.0
-1.0
-1.0
35.6848
-1.0
-1.0
-1.0
20.2966
35.0921
-1.0
-1.0
-1.0
50.0212
-1.0
-1.0
-1.0
42.1794
-1.0
-1.0
-1.0
20.6377
-1.0
-1.0
-1.0
-1.0
42.98
49.8855
-1.0
-1.0
-1.0
-1.0
47.8646
-1.0
-1.0
-1.0
-1.0
-1.0
-1.0
-1.0
-1.0
-1.0
42.8261
25.1119
-1.0
-1.0
-1.0
-1.0
33.9559
-1.0
-1.0
-1.0
23.3326
-1.0
-1.0
-1.0
-1.0
-1.0
-1.0
-1.0
-1.0
17.7605
-1.0
-1.0
-1.0
34.0379
-1.0
-1.0
50.5497
25.8308
-1.0
-1.0
-1.0
-1.0
-1.0
-1.0
-1.0
-1.0
-1.0
-1.0
-1.0
-1.0
-1.0
-1.0
-1.0
-1.0
-1.0
-1.0
-1.0
-1.0
48.839
-1.0
-1.0
47.2162
29.3376
-1.0
-1.0
-1.0
-1.0
-1.0
-1.0
-1.0
-1.0
14.6479
-1.0
-1.0
37.5136
-1.0
-1.0
-1.0
-1.0
36.6044
-1.0
-1.0
-1.0
-1.0
15.7607
-1.0
-1.0
56.2523
-1.0
-1.0
-1.0
-1.0
-1.0
-1.0
-1.0
-1.0
-1.0
-1.0
-1.0
30.4527
37.6582
45.3102
40.7552
45.4167
-1.0
44.179
27.5112
35.3351
-1.0
31.1709
51.0994
-1.0
36.4717
48.7297
-1.0
-1.0
39.9898
-1.0
-1.0
-1.0
-1.0
-1.0
-1.0
-1.0
-1.0
-1.0
-1.0
-1.0
24.1429
-1.0
-1.0
-1.0
-1.0
-1.0
-1.0
-1.0
-1.0
-1.0
-1.0
32.3157
-1.0
35.491
36.9795
-1.0
-1.0
-1.0
-1.0
38.6779
32.3469
-1.0
-1.0
-1.0
18.9576
-1.0
-1.0
-1.0
-1.0
-1.0
-1.0
-1.0
-1.0
-1.0
-1.0
-1.0
-1.0
-1.0
-1.0
-1.0
-1.0
-1.0
47.3778
38.6874
-1.0
-1.0
-1.0
-1.0
-1.0
-1.0
-1.0
-1.0
-1.0
-1.0
-1.0
-1.0
-1.0
-1.0
-1.0
-1.0
-1.0
-1.0
-1.0
-1.0
41.9569
-1.0
46.7802
-1.0
-1.0
32.4549
49.46
-1.0
-1.0
-1.0
-1.0
39.0332
-1.0
-1.0
-1.0
-1.0
40.1615
-1.0
-1.0
40.25
-1.0
-1.0
-1.0
-1.0
-1.0
-1.0
-1.0
-1.0
-1.0
-1.0
-1.0
-1.0
21.5265
38.6168
-1.0
-1.0
-1.0
-1.0
-1.0
-1.0
-1.0
34.631
45.8473
37.4346
46.6933
-1.0
-1.0
-1.0
-1.0
-1.0
49.8556
26.3553
15.1662
-1.0
35.5462
-1.0
20.7158
-1.0
-1.0
-1.0
-1.0
-1.0
-1.0
-1.0
-1.0
-1.0
-1.0
28.922
-1.0
-1.0
-1.0
-1.0
-1.0
-1.0
50.4638
-1.0
-1.0
-1.0
-1.0
17.1442
-1.0
-1.0
-1.0
-1.0
45.0723
31.9169
-1.0
-1.0
-1.0
-1.0
36.8829
40.5004
36.6005
-1.0
29.8929
-1.0
-1.0
50.0919
-1.0
51.8645
-1.0
-1.0
29.0247
-1.0
21.1848
-1.0
32.1472
-1.0
-1.0
-1.0
-1.0
-1.0
-1.0
-1.0
42.2269
51.3961
25.1934
-1.0
-1.0
-1.0
-1.0
39.5284
-1.0
50.064
-1.0
42.8934
-1.0
-1.0
-1.0
-1.0
-1.0
-1.0
-1.0
-1.0
-1.0
40.3965
-1.0
-1.0
-1.0
-1.0
-1.0
-1.0
-1.0
14.4936
-1.0
-1.0
-1.0
22.2953
31.4878
-1.0
-1.0
-1.0
-1.0
-1.0
-1.0
-1.0
-1.0
-1.0
-1.0
-1.0
32.8524
-1.0
-1.0
-1.0
-1.0
-1.0
-1.0
-1.0
-1.0
37.5372
-1.0
38.183
-1.0
-1.0
-1.0
-1.0
-1.0
-1.0
-1.0
30.9451
34.5386
33.0847
-1.0
-1.0
49.4647
23.1147
-1.0
-1.0
30.2419
-1.0
-1.0
-1.0
-1.0
-1.0
-1.0
32.9569
-1.0
-1.0
44.7349
-1.0
40.0711
-1.0
49.7374
-1.0
-1.0
-1.0
-1.0
49.3439
-1.0
-1.0
-1.0
-1.0
6.46315
-1.0
-1.0
-1.0
41.5366
3.03819
-1.0
-1.0
34.5802
32.3638
30.1088
34.6397
-1.0
-1.0
-1.0
-1.0
-1.0
-1.0
-1.0
43.5052
-1.0
-1.0
-1.0
36.6436
-1.0
21.0061
-1.0
-1.0
-1.0
44.5494
45.7694
-1.0
34.6064
-1.0
-1.0
-1.0
-1.0
40.7243
-1.0
-1.0
33.1417
-1.0
-1.0
49.2446
43.1289
-1.0
-1.0
31.6911
36.3023
-1.0
-1.0
-1.0
43.1608
-1.0
-1.0
-1.0
-1.0
-1.0
-1.0
10.5839
-1.0
-1.0
-1.0
-1.0
-1.0
39.3784
-1.0
-1.0
-1.0
-1.0
-1.0
-1.0
-1.0
-1.0
-1.0
-1.0
-1.0
-1.0
-1.0
-1.0
-1.0
51.3898
-1.0
-1.0
-1.0
-1.0
-1.0
-1.0
-1.0
-1.0
-1.0
34.3854
-1.0
21.6266
-1.0
-1.0
-1.0
-1.0
43.5623
-1.0
29.3514
46.3188
-1.0
-1.0
-1.0
28.7912
-1.0
25.8454
32.3409
-1.0
-1.0
40.6291
-1.0
-1.0
-1.0
-1.0
8.51614
-1.0
-1.0
-1.0
-1.0
45.4419
-1.0
-1.0
-1.0
-1.0
-1.0
51.1425
-1.0
15.3077
-1.0
-1.0
-1.0
43.6568
-1.0
-1.0
-1.0
18.094
44.3438
-1.0
-1.0
-1.0
-1.0
-1.0
-1.0
-1.0
-1.0
49.7457
-1.0
-1.0
-1.0
-1.0
-1.0
-1.0
-1.0
-1.0
38.7283
-1.0
-1.0
-1.0
-1.0
-1.0
-1.0
42.3971
46.986
-1.0
-1.0
-1.0
33.9556
-1.0
41.2039
-1.0
45.4282
-1.0
-1.0
-1.0
28.8937
-1.0
-1.0
51.8987
-1.0
-1.0
27.5891
-1.0
-1.0
-1.0
-1.0
-1.0
-1.0
-1.0
-1.0
48.0793
-1.0
-1.0
-1.0
-1.0
-1.0
45.2423
-1.0
-1.0
17.3301
-1.0
-1.0
-1.0
-1.0
28.3691
-1.0
-1.0
25.5871
42.8357
-1.0
-1.0
-1.0
-1.0
29.142
-1.0
-1.0
-1.0
-1.0
-1.0
-1.0
-1.0
23.9334
37.5875
-1.0
-1.0
-1.0
45.9747
25.9735
33.3366
-1.0
-1.0
-1.0
-1.0
29.0071
-1.0
38.1003
-1.0
-1.0
-1.0
-1.0
40.1602
-1.0
-1.0
46.1909
-1.0
-1.0
-1.0
-1.0
37.2708
-1.0
-1.0
-1.0
-1.0
-1.0
28.6738
-1.0
-1.0
-1.0
-1.0
38.2268
41.4559
49.171
46.7133
-1.0
37.1732
29.8068
-1.0
-1.0
-1.0
27.3264
-1.0
-1.0
-1.0
-1.0
-1.0
-1.0
-1.0
16.7197
-1.0
-1.0
-1.0
-1.0
-1.0
-1.0
-1.0
-1.0
-1.0
-1.0
-1.0
40.4989
47.3976
51.4442
-1.0
-1.0
-1.0
-1.0
35.5513
-1.0
26.1901
34.2181
-1.0
-1.0
-1.0
-1.0
46.5992
-1.0
34.5511
-1.0
-1.0
38.3404
-1.0
-1.0
-1.0
-1.0
-1.0
32.1815
-1.0
-1.0
52.3103
-1.0
43.3649
-1.0
37.8004
-1.0
-1.0
-1.0
-1.0
-1.0
-1.0
-1.0
-1.0
-1.0
37.944
-1.0
-1.0
-1.0
-1.0
-1.0
27.8602
-1.0
-1.0
-1.0
-1.0
41.0704
-1.0
-1.0
-1.0
-1.0
-1.0
-1.0
-1.0
-1.0
-1.0
-1.0
-1.0
43.5754
42.4431
-1.0
37.9548
-1.0
-1.0
-1.0
14.9735
-1.0
27.6998
-1.0
-1.0
-1.0
-1.0
-1.0
-1.0
-1.0
-1.0
-1.0
31.1646
-1.0
13.9098
-1.0
44.5031
-1.0
-1.0
-1.0
-1.0
-1.0
25.4936
-1.0
-1.0
-1.0
-1.0
-1.0
-1.0
-1.0
-1.0
47.6772
-1.0
23.04
39.7627
-1.0
-1.0
-1.0
-1.0
-1.0
-1.0
-1.0
-1.0
-1.0
-1.0
-1.0
-1.0
-1.0
33.4455
18.1007
-1.0
-1.0
-1.0
40.3138
-1.0
-1.0
-1.0
-1.0
-1.0
-1.0
42.7768
-1.0
-1.0
-1.0
-1.0
-1.0
-1.0
-1.0
-1.0
-1.0
47.2141
-1.0
-1.0
48.5983
-1.0
-1.0
-1.0
47.0408
-1.0
-1.0
-1.0
-1.0
-1.0
-1.0
-1.0
-1.0
-1.0
43.443
-1.0
-1.0
40.464
10.3489
-1.0
-1.0
45.4238
38.7228
-1.0
-1.0
-1.0
-1.0
-1.0
38.5547
-1.0
-1.0
-1.0
-1.0
-1.0
-1.0
-1.0
-1.0
-1.0
-1.0
32.1333
14.815
-1.0
-1.0
-1.0
-1.0
46.8585
18.653
32.557
-1.0
-1.0
-1.0
-1.0
-1.0
12.5032
-1.0
-1.0
-1.0
41.8823
-1.0
9.86578
42.7061
41.9288
-1.0
42.619
31.787
-1.0
51.0069
-1.0
-1.0
40.4137
31.8814
-1.0
-1.0
42.9204
47.2388
46.2506
-1.0
49.618
-1.0
-1.0
-1.0
-1.0
43.3824
48.5298
-1.0
24.3938
-1.0
-1.0
-1.0
-1.0
-1.0
-1.0
-1.0
-1.0
-1.0
-1.0
-1.0
-1.0
-1.0
-1.0
26.4922
-1.0
31.4767
-1.0
41.5493
-1.0
-1.0
-1.0
28.3623
-1.0
-1.0
40.8476
-1.0
-1.0
-1.0
-1.0
-1.0
35.5001
-1.0
-1.0
-1.0
32.1221
-1.0
42.7802
-1.0
-1.0
17.0794
-1.0
-1.0
-1.0
-1.0
-1.0
-1.0
-1.0
-1.0
-1.0
-1.0
34.3982
-1.0
-1.0
-1.0
-1.0
54.7279
35.7137
-1.0
-1.0
33.8882
-1.0
30.6898
-1.0
-1.0
-1.0
-1.0
-1.0
29.9606
-1.0
-1.0
-1.0
-1.0
-1.0
-1.0
42.6769
-1.0
-1.0
-1.0
-1.0
37.0078
-1.0
-1.0
-1.0
-1.0
-1.0
-1.0
32.108
-1.0
-1.0
-1.0
-1.0
-1.0
37.7258
-1.0
-1.0
-1.0
-1.0
35.1245
-1.0
-1.0
-1.0
-1.0
-1.0
-1.0
-1.0
49.4859
-1.0
-1.0
43.6095
49.4551
48.816
-1.0
34.1794
-1.0
-1.0
-1.0
-1.0
-1.0
-1.0
-1.0
-1.0
-1.0
-1.0
-1.0
-1.0
41.0202
47.3321
20.8262
-1.0
-1.0
-1.0
39.247
23.5034
-1.0
-1.0
43.3548
-1.0
-1.0
-1.0
-1.0
-1.0
-1.0
-1.0
-1.0
-1.0
6.79862
-1.0
-1.0
-1.0
-1.0
-1.0
-1.0
-1.0
-1.0
-1.0
34.4114
-1.0
-1.0
-1.0
46.9017
44.5953
-1.0
-1.0
-1.0
-1.0
-1.0
-1.0
-1.0
-1.0
-1.0
-1.0
-1.0
-1.0
-1.0
47.3792
-1.0
-1.0
-1.0
42.9339
-1.0
-1.0
48.2013
9.37801
-1.0
-1.0
-1.0
27.7123
-1.0
24.9203
-1.0
-1.0
31.3967
-1.0
-1.0
-1.0
-1.0
-1.0
-1.0
-1.0
-1.0
-1.0
-1.0
-1.0
-1.0
-1.0
-1.0
-1.0
41.7567
15.2469
-1.0
-1.0
-1.0
-1.0
-1.0
-1.0
-1.0
-1.0
-1.0
-1.0
52.2281
47.291
51.433
-1.0
-1.0
33.4646
-1.0
26.4822
-1.0
-1.0
-1.0
-1.0
37.5476
-1.0
34.8124
-1.0
-1.0
26.8146
44.2457
-1.0
-1.0
-1.0
-1.0
43.4952
-1.0
-1.0
-1.0
-1.0
-1.0
-1.0
-1.0
-1.0
38.5249
-1.0
-1.0
-1.0
-1.0
49.1316
-1.0
-1.0
-1.0
-1.0
-1.0
-1.0
46.3832
-1.0
-1.0
-1.0
51.3742
-1.0
-1.0
-1.0
-1.0
-1.0
-1.0
-1.0
-1.0
-1.0
-1.0
-1.0
-1.0
-1.0
29.1233
-1.0
-1.0
-1.0
-1.0
39.494
-1.0
24.5224
-1.0
-1.0
40.7557
-1.0
-1.0
-1.0
-1.0
27.6811
-1.0
-1.0
-1.0
39.5714
39.5823
-1.0
-1.0
-1.0
-1.0
-1.0
26.5296
-1.0
-1.0
-1.0
-1.0
-1.0
-1.0
-1.0
-1.0
-1.0
-1.0
-1.0
-1.0
-1.0
-1.0
36.7704
-1.0
-1.0
-1.0
-1.0
-1.0
34.0842
-1.0
31.6673
-1.0
-1.0
-1.0
-1.0
-1.0
-1.0
47.5933
-1.0
-1.0
-1.0
-1.0
-1.0
-1.0
-1.0
-1.0
-1.0
-1.0
35.861
-1.0
-1.0
-1.0
-1.0
-1.0
-1.0
-1.0
40.0894
-1.0
-1.0
45.247
-1.0
-1.0
43.7207
-1.0
28.3236
-1.0
-1.0
-1.0
-1.0
-1.0
-1.0
-1.0
-1.0
38.7368
-1.0
-1.0
45.4361
-1.0
-1.0
-1.0
-1.0
-1.0
-1.0
-1.0
-1.0
36.6624
-1.0
-1.0
-1.0
-1.0
44.1058
36.5866
-1.0
-1.0
-1.0
26.1412
-1.0
20.6198
-1.0
-1.0
32.602
-1.0
-1.0
-1.0
-1.0
-1.0
-1.0
-1.0
-1.0
-1.0
-1.0
-1.0
-1.0
34.8783
50.8808
-1.0
25.8045
-1.0
-1.0
35.0137
36.4552
-1.0
-1.0
-1.0
-1.0
-1.0
-1.0
-1.0
-1.0
-1.0
-1.0
-1.0
49.7443
-1.0
41.6137
-1.0
-1.0
-1.0
-1.0
54.8211
-1.0
-1.0
25.718
41.1955
26.3561
-1.0
-1.0
-1.0
-1.0
-1.0
23.3356
44.2618
-1.0
14.755
18.7851
-1.0
-1.0
-1.0
-1.0
-1.0
-1.0
-1.0
47.9213
26.7333
-1.0
46.788
-1.0
-1.0
-1.0
-1.0
-1.0
-1.0
-1.0
-1.0
-1.0
-1.0
-1.0
-1.0
-1.0
-1.0
-1.0
-1.0
18.0088
-1.0
-1.0
-1.0
-1.0
23.0847
-1.0
51.4503
-1.0
-1.0
-1.0
-1.0
-1.0
-1.0
-1.0
-1.0
-1.0
-1.0
-1.0
-1.0
-1.0
-1.0
-1.0
-1.0
-1.0
30.5221
-1.0
-1.0
-1.0
-1.0
-1.0
10.2926
-1.0
-1.0
41.778
-1.0
-1.0
-1.0
23.2221
18.8696
-1.0
-1.0
-1.0
-1.0
-1.0
-1.0
-1.0
-1.0
40.0233
-1.0
35.5361
-1.0
-1.0
39.0047
-1.0
45.5192
-1.0
30.1232
23.2197
-1.0
45.5453
-1.0
-1.0
22.8702
-1.0
50.5717
24.9786
-1.0
-1.0
-1.0
-1.0
-1.0
-1.0
-1.0
42.7571
41.3636
-1.0
-1.0
-1.0
43.068
-1.0
-1.0
-1.0
-1.0
-1.0
-1.0
-1.0
-1.0
-1.0
-1.0
49.5673
26.4532
-1.0
48.0847
-1.0
-1.0
-1.0
47.35
-1.0
-1.0
35.7346
46.6053
-1.0
-1.0
-1.0
51.0985
-1.0
-1.0
-1.0
-1.0
40.6261
-1.0
-1.0
-1.0
-1.0
-1.0
42.9277
46.9945
-1.0
-1.0
-1.0
-1.0
-1.0
39.1719
37.3208
-1.0
-1.0
-1.0
49.4949
36.9013
47.3696
-1.0
-1.0
-1.0
-1.0
-1.0
-1.0
-1.0
48.8312
-1.0
-1.0
32.7887
31.2442
-1.0
34.4742
-1.0
-1.0
-1.0
34.6894
-1.0
-1.0
-1.0
-1.0
47.6874
39.0139
-1.0
-1.0
-1.0
-1.0
-1.0
-1.0
-1.0
-1.0
-1.0
-1.0
9.79555
34.4211
36.4384
-1.0
-1.0
-1.0
-1.0
-1.0
-1.0
-1.0
-1.0
-1.0
-1.0
-1.0
-1.0
-1.0
-1.0
-1.0
-1.0
-1.0
-1.0
-1.0
-1.0
30.9818
-1.0
-1.0
47.1536
-1.0
44.2038
-1.0
-1.0
39.1217
-1.0
46.5527
-1.0
-1.0
-1.0
-1.0
-1.0
-1.0
40.2183
-1.0
-1.0
-1.0
-1.0
33.6878
-1.0
-1.0
-1.0
-1.0
-1.0
-1.0
-1.0
36.0936
-1.0
44.6439
-1.0
-1.0
-1.0
-1.0
-1.0
-1.0
-1.0
24.1484
-1.0
-1.0
-1.0
-1.0
-1.0
-1.0
-1.0
-1.0
-1.0
-1.0
29.9906
-1.0
-1.0
-1.0
-1.0
-1.0
-1.0
-1.0
-1.0
-1.0
-1.0
-1.0
-1.0
-1.0
-1.0
-1.0
-1.0
-1.0
-1.0
-1.0
-1.0
-1.0
-1.0
51.6427
-1.0
-1.0
-1.0
49.301
-1.0
-1.0
25.1568
45.2701
22.3689
37.8249
38.535
-1.0
21.6884
-1.0
-1.0
-1.0
-1.0
-1.0
-1.0
-1.0
-1.0
-1.0
-1.0
-1.0
-1.0
-1.0
-1.0
-1.0
-1.0
41.6966
35.3026
-1.0
41.3815
-1.0
-1.0
38.4431
-1.0
-1.0
-1.0
-1.0
35.72
-1.0
-1.0
43.0931
-1.0
-1.0
27.6305
-1.0
-1.0
44.5287
-1.0
-1.0
-1.0
-1.0
-1.0
29.6241
-1.0
-1.0
-1.0
-1.0
46.6823
-1.0
-1.0
-1.0
-1.0
-1.0
-1.0
-1.0
-1.0
-1.0
41.2287
-1.0
-1.0
40.3571
-1.0
-1.0
-1.0
-1.0
-1.0
-1.0
-1.0
-1.0
-1.0
-1.0
34.8388
-1.0
14.8176
35.1277
-1.0
-1.0
-1.0
-1.0
24.7196
-1.0
-1.0
-1.0
25.5269
31.4225
-1.0
-1.0
-1.0
-1.0
-1.0
-1.0
-1.0
-1.0
-1.0
42.5913
-1.0
-1.0
-1.0
-1.0
-1.0
-1.0
-1.0
34.3187
16.3884
-1.0
-1.0
-1.0
-1.0
-1.0
-1.0
-1.0
-1.0
-1.0
-1.0
-1.0
-1.0
-1.0
-1.0
26.5214
-1.0
-1.0
-1.0
-1.0
-1.0
-1.0
-1.0
-1.0
-1.0
39.8042
-1.0
-1.0
-1.0
-1.0
-1.0
-1.0
-1.0
-1.0
-1.0
-1.0
-1.0
-1.0
-1.0
-1.0
47.391
-1.0
-1.0
-1.0
-1.0
-1.0
-1.0
-1.0
-1.0
-1.0
17.2937
-1.0
-1.0
-1.0
33.5941
-1.0
-1.0
-1.0
-1.0
-1.0
-1.0
-1.0
-1.0
-1.0
-1.0
-1.0
-1.0
33.233
-1.0
-1.0
-1.0
-1.0
-1.0
22.4022
8.7975
-1.0
-1.0
-1.0
-1.0
-1.0
-1.0
-1.0
-1.0
45.677
-1.0
-1.0
-1.0
-1.0
-1.0
-1.0
51.5039
28.0864
50.5823
-1.0
-1.0
7.75447
20.6164
19.4337
36.622
-1.0
-1.0
-1.0
-1.0
-1.0
-1.0
-1.0
-1.0
34.4458
-1.0
-1.0
-1.0
-1.0
-1.0
-1.0
-1.0
-1.0
-1.0
-1.0
-1.0
-1.0
-1.0
-1.0
-1.0
-1.0
-1.0
-1.0
-1.0
-1.0
33.2482
-1.0
-1.0
-1.0
-1.0
-1.0
11.464
-1.0
-1.0
-1.0
-1.0
-1.0
-1.0
-1.0
35.1594
34.9925
-1.0
-1.0
-1.0
27.9954
-1.0
-1.0
-1.0
-1.0
-1.0
-1.0
-1.0
-1.0
-1.0
-1.0
-1.0
-1.0
-1.0
-1.0
-1.0
-1.0
50.6831
-1.0
-1.0
-1.0
-1.0
-1.0
-1.0
-1.0
-1.0
-1.0
-1.0
-1.0
-1.0
8.78266
-1.0
-1.0
-1.0
27.0491
-1.0
-1.0
28.5685
-1.0
-1.0
-1.0
35.7281
46.6181
-1.0
-1.0
-1.0
-1.0
-1.0
-1.0
-1.0
-1.0
-1.0
-1.0
51.7597
-1.0
35.2627
-1.0
-1.0
-1.0
-1.0
49.169
28.8111
-1.0
-1.0
-1.0
-1.0
-1.0
-1.0
26.0127
38.279
-1.0
-1.0
-1.0
48.3244
-1.0
-1.0
35.4642
-1.0
-1.0
-1.0
-1.0
-1.0
-1.0
32.8221
-1.0
-1.0
-1.0
-1.0
17.8553
-1.0
-1.0
-1.0
-1.0
-1.0
-1.0
-1.0
-1.0
-1.0
48.3099
-1.0
-1.0
-1.0
-1.0
-1.0
-1.0
-1.0
-1.0
-1.0
50.8541
35.8592
-1.0
-1.0
-1.0
-1.0
-1.0
-1.0
-1.0
-1.0
-1.0
-1.0
-1.0
21.6319
-1.0
52.2451
-1.0
-1.0
40.2618
-1.0
-1.0
-1.0
-1.0
-1.0
-1.0
-1.0
-1.0
50.1635
-1.0
-1.0
-1.0
43.8728
-1.0
-1.0
-1.0
-1.0
30.5327
-1.0
-1.0
-1.0
-1.0
-1.0
31.623
-1.0
33.0401
-1.0
-1.0
-1.0
-1.0
-1.0
-1.0
-1.0
-1.0
-1.0
-1.0
49.2595
-1.0
-1.0
-1.0
-1.0
-1.0
-1.0
-1.0
-1.0
45.1341
29.0479
-1.0
-1.0
-1.0
-1.0
-1.0
-1.0
40.4429
-1.0
41.2034
-1.0
-1.0
-1.0
-1.0
-1.0
-1.0
-1.0
-1.0
-1.0
-1.0
-1.0
-1.0
-1.0
23.7966
-1.0
-1.0
-1.0
-1.0
50.5766
34.4257
-1.0
23.2764
-1.0
-1.0
-1.0
-1.0
47.1949
-1.0
-1.0
46.3037
-1.0
-1.0
-1.0
47.9402
-1.0
-1.0
41.912
-1.0
-1.0
37.2266
-1.0
-1.0
-1.0
-1.0
36.1608
-1.0
-1.0
-1.0
-1.0
-1.0
39.494
-1.0
-1.0
-1.0
-1.0
-1.0
-1.0
38.4953
-1.0
-1.0
-1.0
-1.0
-1.0
-1.0
34.262
-1.0
-1.0
-1.0
-1.0
37.5956
-1.0
-1.0
19.6396
-1.0
-1.0
-1.0
-1.0
34.4062
9.13983
-1.0
-1.0
-1.0
44.3325
-1.0
-1.0
-1.0
-1.0
47.4497
-1.0
-1.0
16.9238
-1.0
-1.0
-1.0
-1.0
-1.0
-1.0
-1.0
-1.0
-1.0
-1.0
-1.0
-1.0
-1.0
-1.0
-1.0
-1.0
-1.0
-1.0
-1.0
-1.0
-1.0
-1.0
47.0966
-1.0
-1.0
-1.0
38.5219
-1.0
-1.0
-1.0
40.6671
-1.0
42.4724
-1.0
43.3715
40.6135
-1.0
44.6398
-1.0
-1.0
-1.0
-1.0
-1.0
-1.0
-1.0
-1.0
-1.0
-1.0
27.5582
46.1232
-1.0
-1.0
-1.0
-1.0
-1.0
-1.0
-1.0
-1.0
-1.0
-1.0
-1.0
43.8157
-1.0
-1.0
-1.0
-1.0
-1.0
-1.0
-1.0
40.6539
-1.0
-1.0
-1.0
-1.0
23.2874
-1.0
-1.0
-1.0
30.3196
-1.0
-1.0
23.9435
-1.0
-1.0
-1.0
47.4978
49.6705
-1.0
-1.0
-1.0
-1.0
-1.0
-1.0
-1.0
-1.0
30.223
-1.0
-1.0
-1.0
-1.0
-1.0
-1.0
-1.0
17.7848
-1.0
-1.0
-1.0
49.4556
-1.0
-1.0
-1.0
-1.0
-1.0
-1.0
-1.0
-1.0
47.5739
46.5295
-1.0
-1.0
-1.0
-1.0
-1.0
38.7493
-1.0
-1.0
-1.0
-1.0
-1.0
-1.0
-1.0
-1.0
-1.0
-1.0
31.8904
-1.0
-1.0
-1.0
-1.0
-1.0
-1.0
-1.0
-1.0
-1.0
-1.0
50.8138
-1.0
-1.0
-1.0
28.4956
-1.0
-1.0
-1.0
-1.0
-1.0
-1.0
-1.0
-1.0
-1.0
-1.0
-1.0
-1.0
-1.0
35.6422
-1.0
-1.0
-1.0
31.8361
-1.0
-1.0
-1.0
30.8487
-1.0
-1.0
-1.0
-1.0
42.877
-1.0
-1.0
-1.0
-1.0
32.064
44.148
-1.0
36.2121
-1.0
41.4664
-1.0
-1.0
24.9432
36.4794
-1.0
-1.0
-1.0
-1.0
-1.0
-1.0
-1.0
-1.0
-1.0
-1.0
18.3337
-1.0
-1.0
-1.0
-1.0
-1.0
50.8562
-1.0
-1.0
-1.0
-1.0
-1.0
20.2835
-1.0
-1.0
-1.0
-1.0
32.0579
-1.0
-1.0
-1.0
38.3784
-1.0
-1.0
-1.0
-1.0
-1.0
-1.0
-1.0
-1.0
29.7242
43.8173
-1.0
-1.0
-1.0
-1.0
-1.0
41.5404
45.9013
45.5556
-1.0
-1.0
-1.0
-1.0
-1.0
-1.0
-1.0
-1.0
-1.0
-1.0
-1.0
-1.0
-1.0
26.1485
-1.0
-1.0
-1.0
-1.0
-1.0
-1.0
-1.0
-1.0
27.0598
-1.0
45.7729
-1.0
35.8715
-1.0
-1.0
-1.0
-1.0
36.1798
-1.0
31.6912
-1.0
26.8576
-1.0
-1.0
-1.0
-1.0
-1.0
-1.0
-1.0
-1.0
-1.0
37.4728
-1.0
-1.0
-1.0
33.0239
-1.0
34.6797
50.2758
-1.0
-1.0
30.5873
-1.0
-1.0
31.6348
-1.0
-1.0
-1.0
-1.0
-1.0
23.4071
11.7254
-1.0
29.2568
-1.0
50.3214
-1.0
-1.0
43.5804
27.9079
-1.0
-1.0
-1.0
-1.0
-1.0
-1.0
-1.0
-1.0
-1.0
-1.0
-1.0
32.0192
28.0258
-1.0
28.9334
13.3644
-1.0
47.122
-1.0
26.8517
-1.0
39.3843
-1.0
-1.0
-1.0
50.752
-1.0
-1.0
-1.0
41.9427
-1.0
28.607
-1.0
-1.0
-1.0
26.445
-1.0
-1.0
-1.0
-1.0
-1.0
-1.0
47.3934
-1.0
-1.0
-1.0
-1.0
-1.0
-1.0
-1.0
-1.0
-1.0
24.0327
-1.0
-1.0
-1.0
-1.0
-1.0
-1.0
-1.0
-1.0
-1.0
-1.0
-1.0
-1.0
40.0506
-1.0
42.688
-1.0
-1.0
-1.0
-1.0
-1.0
-1.0
31.5577
-1.0
-1.0
-1.0
-1.0
-1.0
-1.0
-1.0
-1.0
-1.0
-1.0
38.5118
-1.0
-1.0
-1.0
37.2951
-1.0
-1.0
-1.0
38.636
-1.0
47.6276
-1.0
42.5703
-1.0
-1.0
-1.0
-1.0
-1.0
-1.0
-1.0
-1.0
-1.0
-1.0
-1.0
-1.0
-1.0
-1.0
-1.0
44.7342
-1.0
-1.0
-1.0
-1.0
-1.0
-1.0
-1.0
26.3914
-1.0
-1.0
-1.0
-1.0
-1.0
50.119
-1.0
-1.0
-1.0
-1.0
-1.0
-1.0
44.3229
47.8179
37.507
51.7861
-1.0
-1.0
49.8298
-1.0
-1.0
-1.0
-1.0
-1.0
-1.0
-1.0
-1.0
-1.0
-1.0
-1.0
50.1962
-1.0
-1.0
32.745
-1.0
41.7565
22.6532
-1.0
-1.0
-1.0
36.9586
-1.0
-1.0
-1.0
40.0001
-1.0
-1.0
-1.0
43.6477
-1.0
-1.0
-1.0
-1.0
-1.0
-1.0
-1.0
-1.0
35.1039
-1.0
-1.0
-1.0
43.2557
-1.0
-1.0
-1.0
-1.0
-1.0
49.5614
-1.0
-1.0
-1.0
-1.0
-1.0
-1.0
-1.0
-1.0
41.855
-1.0
-1.0
-1.0
37.7296
-1.0
-1.0
52.0569
41.3608
28.8477
-1.0
-1.0
-1.0
-1.0
-1.0
-1.0
-1.0
-1.0
-1.0
-1.0
-1.0
39.0212
-1.0
22.0946
-1.0
-1.0
40.2597
-1.0
-1.0
-1.0
-1.0
-1.0
45.1946
-1.0
-1.0
-1.0
38.2062
-1.0
-1.0
38.0026
-1.0
-1.0
-1.0
-1.0
37.3751
43.4784
-1.0
-1.0
-1.0
-1.0
-1.0
-1.0
-1.0
-1.0
37.4876
-1.0
-1.0
-1.0
-1.0
-1.0
-1.0
-1.0
-1.0
-1.0
14.5104
-1.0
-1.0
-1.0
-1.0
-1.0
-1.0
-1.0
-1.0
-1.0
-1.0
-1.0
-1.0
-1.0
-1.0
-1.0
-1.0
-1.0
-1.0
-1.0
-1.0
-1.0
35.4031
-1.0
-1.0
-1.0
-1.0
-1.0
-1.0
-1.0
33.8705
-1.0
-1.0
-1.0
47.1032
-1.0
37.3019
-1.0
-1.0
25.083
-1.0
-1.0
-1.0
-1.0
-1.0
-1.0
-1.0
-1.0
-1.0
-1.0
-1.0
-1.0
-1.0
-1.0
-1.0
-1.0
-1.0
-1.0
50.019
-1.0
-1.0
-1.0
-1.0
-1.0
-1.0
-1.0
-1.0
-1.0
-1.0
-1.0
49.7466
-1.0
40.0619
-1.0
-1.0
-1.0
-1.0
-1.0
-1.0
-1.0
-1.0
26.8964
-1.0
-1.0
18.2761
-1.0
-1.0
-1.0
-1.0
28.3211
-1.0
-1.0
-1.0
29.4935
51.986
-1.0
-1.0
-1.0
32.6163
-1.0
50.5523
-1.0
-1.0
-1.0
-1.0
-1.0
-1.0
-1.0
-1.0
33.2324
-1.0
31.8173
-1.0
-1.0
-1.0
-1.0
-1.0
-1.0
-1.0
-1.0
-1.0
39.0446
-1.0
-1.0
-1.0
-1.0
40.4647
-1.0
-1.0
-1.0
-1.0
-1.0
-1.0
23.2338
49.7079
-1.0
-1.0
-1.0
-1.0
31.0482
-1.0
-1.0
-1.0
-1.0
-1.0
50.242
-1.0
-1.0
34.5975
27.7784
43.628
25.7233
41.3262
-1.0
-1.0
-1.0
-1.0
36.0088
-1.0
-1.0
-1.0
-1.0
17.7795
-1.0
-1.0
30.8247
-1.0
-1.0
38.1933
-1.0
-1.0
-1.0
-1.0
-1.0
-1.0
-1.0
37.441
-1.0
-1.0
22.7963
40.1599
-1.0
-1.0
-1.0
-1.0
-1.0
45.1942
-1.0
-1.0
36.4599
-1.0
-1.0
39.7407
26.2158
-1.0
-1.0
-1.0
-1.0
-1.0
-1.0
-1.0
-1.0
-1.0
-1.0
-1.0
-1.0
-1.0
-1.0
27.1646
-1.0
-1.0
41.2477
-1.0
-1.0
-1.0
-1.0
-1.0
30.8933
-1.0
-1.0
17.1552
-1.0
-1.0
-1.0
40.8571
-1.0
50.497
-1.0
-1.0
-1.0
18.2256
-1.0
35.442
-1.0
-1.0
-1.0
-1.0
-1.0
-1.0
-1.0
-1.0
-1.0
45.9111
-1.0
-1.0
-1.0
-1.0
-1.0
-1.0
-1.0
-1.0
-1.0
36.1795
-1.0
-1.0
-1.0
37.4262
-1.0
-1.0
-1.0
-1.0
-1.0
33.583
-1.0
-1.0
-1.0
-1.0
44.2659
38.2237
-1.0
-1.0
-1.0
-1.0
-1.0
-1.0
-1.0
-1.0
46.1475
-1.0
-1.0
-1.0
-1.0
35.7622
-1.0
-1.0
-1.0
41.3219
-1.0
-1.0
-1.0
-1.0
-1.0
24.5607
-1.0
-1.0
-1.0
-1.0
40.8302
-1.0
-1.0
-1.0
-1.0
-1.0
-1.0
-1.0
-1.0
-1.0
-1.0
-1.0
-1.0
22.8175
-1.0
-1.0
-1.0
-1.0
-1.0
50.1204
18.5904
-1.0
-1.0
-1.0
36.2257
-1.0
50.7529
-1.0
47.6488
-1.0
35.5532
-1.0
48.5338
-1.0
-1.0
12.9852
26.4182
-1.0
-1.0
20.017
-1.0
50.4696
-1.0
17.3281
-1.0
38.7381
-1.0
-1.0
-1.0
-1.0
-1.0
-1.0
-1.0
-1.0
51.6745
-1.0
-1.0
-1.0
-1.0
-1.0
-1.0
19.5432
-1.0
-1.0
-1.0
43.9746
44.5335
39.7923
30.3681
-1.0
-1.0
44.2412
-1.0
-1.0
-1.0
-1.0
-1.0
-1.0
-1.0
-1.0
-1.0
-1.0
-1.0
-1.0
35.9221
-1.0
-1.0
-1.0
-1.0
50.2753
-1.0
36.681
-1.0
-1.0
32.9487
-1.0
-1.0
36.7473
-1.0
27.8011
-1.0
-1.0
-1.0
-1.0
39.0089
-1.0
-1.0
-1.0
-1.0
-1.0
-1.0
-1.0
46.5583
-1.0
-1.0
21.4056
-1.0
-1.0
-1.0
-1.0
30.1392
41.411
50.124
-1.0
28.3583
-1.0
-1.0
-1.0
-1.0
-1.0
-1.0
-1.0
26.9583
-1.0
-1.0
-1.0
-1.0
46.6705
-1.0
-1.0
-1.0
-1.0
40.4616
-1.0
-1.0
-1.0
-1.0
-1.0
-1.0
-1.0
-1.0
-1.0
-1.0
28.8604
-1.0
-1.0
-1.0
-1.0
-1.0
-1.0
-1.0
-1.0
-1.0
-1.0
-1.0
27.535
-1.0
-1.0
49.0865
47.988
-1.0
-1.0
-1.0
-1.0
47.1431
-1.0
24.8822
37.4973
47.758
-1.0
-1.0
-1.0
34.298
-1.0
52.1969
-1.0
-1.0
15.5759
-1.0
-1.0
47.3094
-1.0
-1.0
-1.0
-1.0
-1.0
-1.0
25.5652
-1.0
-1.0
-1.0
-1.0
-1.0
-1.0
-1.0
-1.0
-1.0
-1.0
51.2084
-1.0
-1.0
-1.0
-1.0
-1.0
-1.0
-1.0
-1.0
-1.0
-1.0
-1.0
-1.0
25.8431
-1.0
17.1301
-1.0
35.6456
-1.0
-1.0
41.8314
-1.0
-1.0
-1.0
-1.0
-1.0
-1.0
22.1016
-1.0
29.078
-1.0
-1.0
-1.0
-1.0
-1.0
-1.0
-1.0
31.0904
-1.0
-1.0
-1.0
-1.0
-1.0
-1.0
2.81726
-1.0
-1.0
54.4666
41.5835
-1.0
-1.0
-1.0
33.1213
17.3351
41.7644
-1.0
-1.0
-1.0
-1.0
-1.0
-1.0
-1.0
38.3064
-1.0
-1.0
-1.0
40.103
-1.0
-1.0
33.2479
-1.0
-1.0
-1.0
-1.0
31.5365
-1.0
14.4899
-1.0
-1.0
-1.0
45.6453
-1.0
-1.0
-1.0
-1.0
40.7854
-1.0
-1.0
-1.0
-1.0
-1.0
-1.0
-1.0
-1.0
35.2973
-1.0
-1.0
-1.0
-1.0
38.9196
-1.0
-1.0
-1.0
-1.0
-1.0
-1.0
-1.0
-1.0
-1.0
26.3894
-1.0
-1.0
-1.0
-1.0
-1.0
-1.0
-1.0
-1.0
-1.0
-1.0
-1.0
-1.0
15.6597
-1.0
-1.0
-1.0
-1.0
-1.0
-1.0
40.9343
-1.0
-1.0
-1.0
-1.0
43.3934
-1.0
25.9236
51.7318
-1.0
50.9686
17.3105
-1.0
-1.0
-1.0
-1.0
-1.0
-1.0
-1.0
-1.0
16.3384
-1.0
-1.0
48.3872
47.4971
-1.0
-1.0
-1.0
-1.0
-1.0
-1.0
-1.0
-1.0
19.1892
-1.0
-1.0
-1.0
-1.0
49.475
-1.0
-1.0
48.9535
-1.0
-1.0
-1.0
-1.0
-1.0
-1.0
43.0256
-1.0
-1.0
-1.0
-1.0
-1.0
-1.0
30.1074
50.9427
40.8476
-1.0
-1.0
-1.0
-1.0
-1.0
26.7953
-1.0
-1.0
-1.0
-1.0
-1.0
-1.0
-1.0
32.4812
-1.0
47.9904
-1.0
39.559
48.2004
-1.0
-1.0
-1.0
29.3715
43.5422
-1.0
-1.0
-1.0
-1.0
-1.0
-1.0
43.7776
-1.0
-1.0
-1.0
-1.0
-1.0
-1.0
49.7487
-1.0
-1.0
-1.0
-1.0
-1.0
48.5284
50.4961
32.7674
-1.0
-1.0
-1.0
-1.0
-1.0
-1.0
-1.0
-1.0
-1.0
-1.0
-1.0
-1.0
-1.0
-1.0
-1.0
-1.0
46.4346
-1.0
-1.0
-1.0
-1.0
-1.0
-1.0
-1.0
-1.0
-1.0
-1.0
29.1471
48.1596
45.1997
-1.0
-1.0
-1.0
-1.0
48.2443
-1.0
-1.0
-1.0
-1.0
-1.0
-1.0
-1.0
-1.0
49.759
-1.0
-1.0
-1.0
-1.0
-1.0
-1.0
-1.0
-1.0
-1.0
-1.0
-1.0
22.0417
-1.0
-1.0
-1.0
-1.0
25.1588
-1.0
33.613
-1.0
-1.0
43.8386
-1.0
-1.0
-1.0
-1.0
-1.0
-1.0
-1.0
-1.0
-1.0
44.6762
-1.0
-1.0
42.0577
26.6089
-1.0
-1.0
-1.0
-1.0
-1.0
-1.0
-1.0
-1.0
50.1927
-1.0
-1.0
42.1442
-1.0
18.2382
-1.0
50.4672
-1.0
-1.0
25.0998
28.511
-1.0
-1.0
-1.0
-1.0
-1.0
-1.0
19.5693
-1.0
-1.0
-1.0
-1.0
34.8165
-1.0
-1.0
-1.0
-1.0
-1.0
-1.0
20.1952
-1.0
-1.0
-1.0
-1.0
-1.0
-1.0
-1.0
-1.0
-1.0
-1.0
-1.0
45.7192
-1.0
-1.0
-1.0
46.1782
-1.0
-1.0
-1.0
-1.0
-1.0
38.7109
-1.0
-1.0
-1.0
-1.0
-1.0
-1.0
-1.0
-1.0
48.5175
-1.0
-1.0
-1.0
46.673
-1.0
20.2003
-1.0
38.2397
-1.0
-1.0
50.1936
-1.0
-1.0
35.7777
-1.0
-1.0
-1.0
-1.0
-1.0
-1.0
26.5246
-1.0
-1.0
-1.0
-1.0
-1.0
22.6929
-1.0
-1.0
-1.0
-1.0
-1.0
-1.0
-1.0
-1.0
-1.0
-1.0
-1.0
-1.0
-1.0
-1.0
31.3459
-1.0
-1.0
-1.0
-1.0
-1.0
-1.0
-1.0
-1.0
31.3469
-1.0
-1.0
-1.0
-1.0
-1.0
-1.0
-1.0
-1.0
-1.0
40.1081
23.7331
14.242
-1.0
-1.0
-1.0
-1.0
-1.0
31.9017
-1.0
45.7656
-1.0
-1.0
-1.0
-1.0
-1.0
-1.0
-1.0
-1.0
-1.0
-1.0
-1.0
-1.0
21.1256
-1.0
-1.0
27.5166
-1.0
45.4508
31.9994
-1.0
-1.0
-1.0
-1.0
22.5618
33.1353
39.9265
-1.0
-1.0
-1.0
-1.0
-1.0
22.9374
50.8524
-1.0
47.0432
-1.0
-1.0
-1.0
-1.0
44.809
-1.0
-1.0
-1.0
-1.0
-1.0
32.7466
-1.0
-1.0
-1.0
-1.0
16.3282
-1.0
-1.0
37.7293
-1.0
-1.0
-1.0
50.1158
-1.0
-1.0
-1.0
-1.0
47.0273
-1.0
-1.0
51.8391
-1.0
-1.0
-1.0
35.2168
-1.0
-1.0
-1.0
-1.0
-1.0
-1.0
-1.0
-1.0
-1.0
-1.0
49.4158
-1.0
-1.0
-1.0
-1.0
44.9831
-1.0
-1.0
29.3348
17.0532
-1.0
-1.0
-1.0
33.907
-1.0
-1.0
-1.0
-1.0
-1.0
-1.0
-1.0
-1.0
-1.0
43.9208
-1.0
41.5359
-1.0
47.4523
51.5932
-1.0
-1.0
-1.0
-1.0
-1.0
27.9148
30.3092
-1.0
-1.0
-1.0
19.8511
20.5323
27.3126
-1.0
-1.0
-1.0
50.2463
-1.0
-1.0
-1.0
-1.0
-1.0
-1.0
-1.0
-1.0
-1.0
-1.0
-1.0
36.0864
-1.0
38.0043
-1.0
-1.0
46.1517
-1.0
-1.0
29.1012
19.4119
-1.0
11.9236
-1.0
-1.0
-1.0
-1.0
-1.0
-1.0
35.7762
-1.0
-1.0
-1.0
-1.0
45.2043
40.8403
-1.0
-1.0
27.3283
-1.0
28.9264
-1.0
20.8727
44.5502
-1.0
-1.0
-1.0
35.7464
-1.0
-1.0
-1.0
-1.0
-1.0
-1.0
-1.0
-1.0
-1.0
-1.0
-1.0
51.4127
-1.0
49.4569
31.4566
-1.0
-1.0
-1.0
38.7332
-1.0
-1.0
29.4553
33.4232
-1.0
-1.0
24.0407
-1.0
-1.0
-1.0
30.3835
-1.0
47.3086
45.3401
-1.0
51.8685
26.5751
-1.0
-1.0
-1.0
-1.0
-1.0
-1.0
-1.0
-1.0
32.8312
-1.0
-1.0
-1.0
-1.0
17.4234
-1.0
49.7313
-1.0
-1.0
-1.0
-1.0
-1.0
-1.0
-1.0
-1.0
-1.0
20.3129
-1.0
-1.0
-1.0
-1.0
-1.0
-1.0
42.1687
-1.0
-1.0
39.4945
-1.0
32.9369
-1.0
-1.0
25.2716
-1.0
-1.0
44.0048
25.5091
44.7322
26.6041
-1.0
-1.0
-1.0
-1.0
-1.0
35.9496
-1.0
-1.0
-1.0
23.8474
-1.0
-1.0
-1.0
48.0587
-1.0
-1.0
-1.0
-1.0
42.0549
47.4218
-1.0
-1.0
-1.0
-1.0
30.367
-1.0
-1.0
-1.0
-1.0
-1.0
28.9634
-1.0
-1.0
-1.0
47.8805
-1.0
-1.0
-1.0
-1.0
-1.0
-1.0
-1.0
-1.0
-1.0
24.9518
-1.0
-1.0
-1.0
-1.0
-1.0
50.9566
-1.0
-1.0
-1.0
-1.0
-1.0
-1.0
-1.0
-1.0
39.2244
-1.0
-1.0
-1.0
-1.0
-1.0
-1.0
38.6288
-1.0
-1.0
23.2293
-1.0
-1.0
45.0284
-1.0
-1.0
-1.0
-1.0
50.3185
-1.0
-1.0
-1.0
-1.0
-1.0
-1.0
-1.0
-1.0
-1.0
45.7761
43.1102
-1.0
-1.0
-1.0
-1.0
47.2962
-1.0
-1.0
-1.0
-1.0
-1.0
-1.0
17.9491
-1.0
-1.0
-1.0
48.072
39.5295
51.9538
-1.0
-1.0
-1.0
-1.0
-1.0
-1.0
-1.0
24.781
-1.0
22.1778
-1.0
-1.0
-1.0
-1.0
-1.0
26.0762
-1.0
-1.0
-1.0
-1.0
-1.0
-1.0
-1.0
-1.0
-1.0
-1.0
-1.0
-1.0
-1.0
-1.0
42.4421
-1.0
-1.0
-1.0
-1.0
-1.0
-1.0
-1.0
39.2042
41.1692
-1.0
-1.0
-1.0
-1.0
-1.0
-1.0
-1.0
-1.0
-1.0
47.9744
-1.0
-1.0
-1.0
-1.0
30.6395
-1.0
-1.0
49.9636
-1.0
-1.0
-1.0
26.1122
-1.0
47.6483
-1.0
-1.0
-1.0
-1.0
-1.0
-1.0
-1.0
50.7848
-1.0
-1.0
45.0594
-1.0
-1.0
34.7382
14.0368
-1.0
-1.0
-1.0
-1.0
-1.0
-1.0
44.2033
-1.0
49.5234
-1.0
43.7087
-1.0
-1.0
-1.0
-1.0
-1.0
-1.0
43.9813
-1.0
-1.0
-1.0
17.172
-1.0
-1.0
-1.0
-1.0
-1.0
20.6483
-1.0
-1.0
-1.0
48.2766
-1.0
-1.0
-1.0
-1.0
10.5572
-1.0
-1.0
38.8572
49.8988
-1.0
23.7789
-1.0
-1.0
-1.0
-1.0
36.1303
-1.0
-1.0
-1.0
-1.0
-1.0
-1.0
-1.0
-1.0
-1.0
-1.0
-1.0
-1.0
-1.0
-1.0
-1.0
-1.0
-1.0
-1.0
35.7617
-1.0
-1.0
-1.0
-1.0
-1.0
-1.0
-1.0
35.1316
-1.0
-1.0
-1.0
-1.0
27.1381
-1.0
-1.0
-1.0
-1.0
35.4554
-1.0
-1.0
-1.0
46.6005
-1.0
-1.0
48.0579
-1.0
-1.0
30.2932
51.0243
-1.0
-1.0
-1.0
-1.0
-1.0
-1.0
-1.0
-1.0
-1.0
25.3346
-1.0
41.9722
-1.0
-1.0
37.3006
-1.0
-1.0
-1.0
-1.0
31.118
-1.0
-1.0
-1.0
-1.0
12.848
-1.0
-1.0
-1.0
-1.0
33.3944
-1.0
-1.0
47.4605
12.8712
27.2401
-1.0
-1.0
-1.0
-1.0
-1.0
27.2663
-1.0
-1.0
-1.0
-1.0
-1.0
-1.0
29.0619
-1.0
-1.0
-1.0
44.6195
46.0194
-1.0
50.7891
-1.0
-1.0
-1.0
-1.0
-1.0
50.0197
-1.0
-1.0
-1.0
-1.0
-1.0
-1.0
-1.0
-1.0
-1.0
-1.0
-1.0
-1.0
-1.0
-1.0
40.5997
-1.0
-1.0
-1.0
-1.0
-1.0
-1.0
-1.0
-1.0
-1.0
-1.0
29.3687
37.7275
-1.0
24.0799
-1.0
-1.0
-1.0
-1.0
-1.0
35.1515
-1.0
-1.0
-1.0
-1.0
-1.0
-1.0
-1.0
-1.0
-1.0
-1.0
-1.0
-1.0
-1.0
-1.0
-1.0
-1.0
-1.0
-1.0
-1.0
-1.0
21.4107
-1.0
-1.0
44.4253
-1.0
-1.0
-1.0
37.7476
-1.0
-1.0
17.844
-1.0
19.9131
40.4526
48.1531
-1.0
-1.0
-1.0
-1.0
-1.0
-1.0
-1.0
-1.0
-1.0
23.0711
45.4851
-1.0
28.9011
46.6491
-1.0
-1.0
-1.0
-1.0
-1.0
-1.0
48.8458
-1.0
-1.0
-1.0
-1.0
-1.0
-1.0
-1.0
-1.0
49.0129
34.2969
-1.0
-1.0
-1.0
-1.0
-1.0
-1.0
24.2722
-1.0
-1.0
46.6944
-1.0
-1.0
-1.0
-1.0
-1.0
-1.0
36.2487
-1.0
47.5308
-1.0
-1.0
-1.0
-1.0
-1.0
-1.0
-1.0
-1.0
-1.0
30.8968
-1.0
39.6075
-1.0
-1.0
-1.0
40.0624
13.551
-1.0
-1.0
18.75
-1.0
-1.0
-1.0
-1.0
-1.0
-1.0
-1.0
-1.0
23.7344
-1.0
31.596
47.5541
32.5162
42.5038
-1.0
-1.0
-1.0
-1.0
-1.0
-1.0
-1.0
41.0831
36.3909
-1.0
-1.0
-1.0
-1.0
-1.0
-1.0
-1.0
10.5067
-1.0
-1.0
-1.0
-1.0
-1.0
-1.0
-1.0
-1.0
-1.0
-1.0
-1.0
10.5235
46.8197
-1.0
-1.0
-1.0
-1.0
-1.0
44.3787
-1.0
40.8651
-1.0
-1.0
45.2681
-1.0
-1.0
-1.0
49.1946
-1.0
35.0724
46.8419
-1.0
-1.0
-1.0
-1.0
45.8073
-1.0
35.142
-1.0
-1.0
-1.0
-1.0
-1.0
-1.0
-1.0
-1.0
-1.0
-1.0
-1.0
-1.0
-1.0
-1.0
-1.0
-1.0
-1.0
-1.0
-1.0
-1.0
-1.0
-1.0
-1.0
46.8551
-1.0
41.2157
-1.0
-1.0
26.0239
-1.0
-1.0
-1.0
-1.0
30.914
-1.0
-1.0
-1.0
-1.0
-1.0
-1.0
-1.0
52.8049
-1.0
32.5238
-1.0
-1.0
-1.0
-1.0
-1.0
-1.0
-1.0
42.4668
-1.0
-1.0
-1.0
-1.0
-1.0
-1.0
-1.0
-1.0
43.2165
-1.0
-1.0
16.0626
-1.0
49.8377
31.6598
-1.0
26.7752
-1.0
36.5528
-1.0
-1.0
-1.0
38.4998
-1.0
-1.0
-1.0
-1.0
-1.0
-1.0
-1.0
-1.0
-1.0
-1.0
-1.0
-1.0
-1.0
-1.0
-1.0
-1.0
-1.0
24.3632
41.5859
-1.0
-1.0
47.1607
-1.0
40.315
-1.0
-1.0
-1.0
-1.0
18.75
-1.0
-1.0
-1.0
-1.0
35.861
-1.0
-1.0
20.8797
-1.0
35.0615
-1.0
-1.0
-1.0
35.7811
43.292
-1.0
44.0049
38.4111
-1.0
-1.0
-1.0
-1.0
38.0878
17.0789
32.4135
-1.0
-1.0
-1.0
-1.0
28.5417
-1.0
-1.0
-1.0
-1.0
-1.0
-1.0
16.9899
-1.0
-1.0
-1.0
-1.0
-1.0
36.0559
-1.0
29.6818
50.5643
-1.0
-1.0
27.3754
34.5851
-1.0
-1.0
-1.0
47.1963
-1.0
-1.0
-1.0
-1.0
-1.0
-1.0
-1.0
31.8106
-1.0
-1.0
-1.0
-1.0
-1.0
-1.0
-1.0
-1.0
-1.0
-1.0
22.9457
-1.0
-1.0
-1.0
-1.0
-1.0
-1.0
-1.0
-1.0
-1.0
42.3665
41.4102
45.5737
-1.0
-1.0
-1.0
-1.0
-1.0
-1.0
-1.0
-1.0
-1.0
-1.0
-1.0
-1.0
-1.0
-1.0
-1.0
-1.0
-1.0
-1.0
-1.0
-1.0
43.9394
-1.0
-1.0
49.1327
-1.0
-1.0
-1.0
49.901
21.0438
-1.0
-1.0
-1.0
-1.0
-1.0
36.8596
-1.0
-1.0
19.833
45.4312
-1.0
-1.0
-1.0
-1.0
-1.0
-1.0
-1.0
-1.0
-1.0
-1.0
9.40328
-1.0
26.4186
-1.0
-1.0
-1.0
-1.0
21.2399
-1.0
-1.0
34.1705
-1.0
-1.0
-1.0
-1.0
-1.0
43.0216
45.4662
47.6154
-1.0
-1.0
-1.0
-1.0
-1.0
-1.0
-1.0
-1.0
30.85
-1.0
-1.0
45.4545
-1.0
51.7255
-1.0
-1.0
-1.0
-1.0
-1.0
-1.0
-1.0
-1.0
-1.0
-1.0
31.107
-1.0
49.389
36.2176
35.8564
22.0597
-1.0
-1.0
49.9151
-1.0
40.8264
-1.0
-1.0
-1.0
48.3345
-1.0
-1.0
-1.0
-1.0
-1.0
-1.0
22.1914
48.2962
-1.0
-1.0
-1.0
37.0167
-1.0
-1.0
-1.0
-1.0
-1.0
-1.0
34.6973
40.7
-1.0
48.2774
-1.0
-1.0
-1.0
-1.0
-1.0
-1.0
-1.0
-1.0
29.7099
-1.0
-1.0
-1.0
-1.0
-1.0
-1.0
43.3916
-1.0
43.3767
47.2751
47.5319
-1.0
-1.0
-1.0
-1.0
30.0083
-1.0
-1.0
-1.0
44.4774
22.5877
-1.0
-1.0
-1.0
-1.0
-1.0
-1.0
-1.0
12.2758
-1.0
-1.0
-1.0
47.9746
-1.0
35.0332
13.8884
-1.0
-1.0
-1.0
-1.0
47.888
-1.0
-1.0
47.3627
-1.0
-1.0
-1.0
-1.0
-1.0
-1.0
42.1274
-1.0
-1.0
-1.0
19.8124
-1.0
46.4277
52.286
-1.0
-1.0
40.5919
-1.0
-1.0
-1.0
-1.0
36.568
34.6583
52.6234
32.4227
-1.0
-1.0
-1.0
-1.0
-1.0
23.472
-1.0
34.2784
-1.0
-1.0
-1.0
48.5669
-1.0
-1.0
-1.0
50.603
27.5763
-1.0
33.9489
-1.0
-1.0
-1.0
-1.0
-1.0
-1.0
-1.0
-1.0
-1.0
40.8249
50.2593
-1.0
42.8261
-1.0
-1.0
-1.0
41.7372
29.1058
-1.0
-1.0
-1.0
-1.0
-1.0
-1.0
19.0703
-1.0
-1.0
-1.0
-1.0
19.6463
24.5584
-1.0
-1.0
47.978
-1.0
31.4749
-1.0
33.4851
-1.0
-1.0
12.9226
-1.0
-1.0
-1.0
-1.0
-1.0
-1.0
40.4812
-1.0
50.0128
50.8904
-1.0
-1.0
-1.0
-1.0
-1.0
31.6774
-1.0
-1.0
37.2877
-1.0
-1.0
-1.0
-1.0
-1.0
40.7194
16.8516
-1.0
48.2727
-1.0
-1.0
-1.0
-1.0
15.0811
46.3289
-1.0
21.7074
-1.0
-1.0
-1.0
-1.0
-1.0
-1.0
-1.0
-1.0
-1.0
42.5707
-1.0
-1.0
-1.0
14.0014
42.6677
46.6158
31.0112
-1.0
18.2051
-1.0
-1.0
-1.0
-1.0
-1.0
-1.0
-1.0
-1.0
38.9969
-1.0
-1.0
-1.0
-1.0
-1.0
-1.0
-1.0
-1.0
-1.0
18.6041
-1.0
-1.0
-1.0
43.5979
-1.0
-1.0
-1.0
-1.0
-1.0
-1.0
42.7624
-1.0
-1.0
-1.0
-1.0
-1.0
-1.0
-1.0
-1.0
-1.0
-1.0
-1.0
-1.0
-1.0
-1.0
-1.0
-1.0
-1.0
-1.0
-1.0
-1.0
49.1186
32.0407
-1.0
-1.0
-1.0
-1.0
-1.0
-1.0
-1.0
-1.0
-1.0
-1.0
35.7973
-1.0
-1.0
32.1278
-1.0
-1.0
-1.0
-1.0
-1.0
21.4919
-1.0
-1.0
-1.0
52.1352
-1.0
-1.0
-1.0
-1.0
-1.0
4.90604
-1.0
-1.0
-1.0
-1.0
-1.0
33.3781
-1.0
-1.0
53.0865
-1.0
-1.0
-1.0
-1.0
42.1495
-1.0
-1.0
-1.0
-1.0
-1.0
-1.0
-1.0
-1.0
-1.0
-1.0
-1.0
44.4648
4.25424
36.3897
-1.0
44.1082
-1.0
-1.0
40.4381
-1.0
-1.0
-1.0
-1.0
37.1419
-1.0
-1.0
-1.0
48.9579
-1.0
-1.0
-1.0
32.6574
-1.0
-1.0
-1.0
-1.0
49.59
-1.0
-1.0
42.8722
52.0458
-1.0
-1.0
-1.0
28.2883
-1.0
-1.0
47.2068
-1.0
29.5647
25.5284
-1.0
-1.0
-1.0
-1.0
-1.0
-1.0
41.5493
-1.0
-1.0
-1.0
-1.0
31.7323
21.2241
-1.0
-1.0
-1.0
-1.0
-1.0
43.1733
-1.0
-1.0
32.1675
-1.0
44.5367
-1.0
-1.0
-1.0
48.4484
-1.0
-1.0
-1.0
-1.0
-1.0
-1.0
-1.0
-1.0
-1.0
-1.0
-1.0
-1.0
-1.0
21.1847
42.2187
-1.0
-1.0
42.2084
-1.0
-1.0
-1.0
-1.0
32.4649
17.0035
-1.0
-1.0
-1.0
-1.0
-1.0
-1.0
17.1697
49.3854
-1.0
-1.0
-1.0
31.0878
45.2319
-1.0
19.0481
-1.0
-1.0
25.2332
-1.0
-1.0
-1.0
-1.0
-1.0
-1.0
-1.0
-1.0
26.4209
-1.0
-1.0
-1.0
-1.0
38.0034
-1.0
-1.0
-1.0
-1.0
-1.0
-1.0
-1.0
-1.0
-1.0
32.6824
-1.0
-1.0
-1.0
-1.0
-1.0
-1.0
-1.0
-1.0
31.5551
40.4041
-1.0
48.9726
-1.0
-1.0
-1.0
24.1235
34.3213
12.9212
-1.0
-1.0
-1.0
-1.0
-1.0
-1.0
-1.0
-1.0
-1.0
50.4055
32.0062
-1.0
29.7347
-1.0
-1.0
-1.0
-1.0
-1.0
-1.0
-1.0
-1.0
-1.0
-1.0
-1.0
-1.0
-1.0
39.7588
-1.0
-1.0
-1.0
37.7715
23.1064
-1.0
35.0153
49.6316
-1.0
14.2257
-1.0
-1.0
-1.0
-1.0
31.6482
34.0802
-1.0
-1.0
-1.0
-1.0
55.1116
-1.0
-1.0
-1.0
30.8352
-1.0
35.5769
22.8215
-1.0
-1.0
-1.0
-1.0
-1.0
40.1344
50.2257
-1.0
-1.0
-1.0
-1.0
-1.0
-1.0
-1.0
-1.0
-1.0
24.8179
-1.0
-1.0
-1.0
-1.0
-1.0
-1.0
-1.0
-1.0
-1.0
42.3297
-1.0
-1.0
17.7575
52.2702
-1.0
-1.0
-1.0
-1.0
-1.0
-1.0
-1.0
-1.0
28.714
-1.0
-1.0
-1.0
-1.0
-1.0
-1.0
-1.0
43.2557
-1.0
35.2373
17.3554
-1.0
-1.0
-1.0
-1.0
-1.0
-1.0
-1.0
-1.0
29.3929
-1.0
7.5946
-1.0
-1.0
-1.0
-1.0
-1.0
-1.0
24.5042
-1.0
-1.0
-1.0
-1.0
-1.0
-1.0
-1.0
-1.0
-1.0
-1.0
-1.0
45.6452
49.0329
-1.0
-1.0
-1.0
-1.0
-1.0
36.9246
28.2923
43.0681
40.2323
44.8378
-1.0
-1.0
-1.0
-1.0
-1.0
-1.0
47.9137
-1.0
-1.0
-1.0
19.5105
-1.0
-1.0
-1.0
-1.0
-1.0
-1.0
-1.0
-1.0
-1.0
-1.0
-1.0
26.0507
21.2311
-1.0
-1.0
-1.0
29.1017
-1.0
21.2083
-1.0
-1.0
-1.0
-1.0
-1.0
-1.0
-1.0
-1.0
-1.0
-1.0
18.6321
-1.0
-1.0
-1.0
-1.0
-1.0
43.7809
-1.0
-1.0
33.4676
-1.0
-1.0
49.5036
30.2796
-1.0
-1.0
-1.0
-1.0
-1.0
-1.0
29.2757
-1.0
-1.0
-1.0
-1.0
-1.0
-1.0
-1.0
-1.0
-1.0
-1.0
31.9098
-1.0
-1.0
-1.0
31.8659
-1.0
49.6854
-1.0
38.1117
-1.0
52.1818
-1.0
-1.0
-1.0
-1.0
-1.0
-1.0
-1.0
-1.0
30.2358
-1.0
-1.0
43.4362
-1.0
-1.0
-1.0
-1.0
-1.0
-1.0
-1.0
-1.0
-1.0
-1.0
-1.0
-1.0
-1.0
-1.0
29.0907
-1.0
47.6204
-1.0
-1.0
-1.0
-1.0
-1.0
-1.0
-1.0
-1.0
-1.0
-1.0
-1.0
-1.0
-1.0
-1.0
-1.0
-1.0
42.8819
-1.0
-1.0
47.8659
-1.0
-1.0
-1.0
-1.0
-1.0
-1.0
-1.0
47.0624
26.9815
-1.0
-1.0
-1.0
-1.0
40.3953
-1.0
-1.0
-1.0
24.0633
44.7454
-1.0
-1.0
-1.0
52.0857
-1.0
-1.0
-1.0
39.5404
-1.0
-1.0
-1.0
-1.0
-1.0
-1.0
-1.0
-1.0
-1.0
-1.0
-1.0
-1.0
13.0895
21.1489
-1.0
-1.0
-1.0
-1.0
-1.0
42.6215
74.6635
-1.0
-1.0
-1.0
-1.0
-1.0
-1.0
-1.0
-1.0
-1.0
-1.0
-1.0
-1.0
-1.0
-1.0
28.7472
-1.0
-1.0
33.0492
-1.0
-1.0
-1.0
-1.0
-1.0
-1.0
51.6413
49.552
-1.0
40.2796
-1.0
43.3142
41.8879
-1.0
-1.0
-1.0
-1.0
-1.0
-1.0
-1.0
-1.0
-1.0
-1.0
35.3084
-1.0
-1.0
-1.0
-1.0
-1.0
19.5754
-1.0
-1.0
-1.0
-1.0
-1.0
-1.0
-1.0
-1.0
32.1335
-1.0
-1.0
-1.0
-1.0
-1.0
-1.0
-1.0
44.2938
-1.0
-1.0
-1.0
-1.0
-1.0
-1.0
-1.0
-1.0
-1.0
-1.0
-1.0
44.6883
-1.0
-1.0
48.1537
-1.0
-1.0
50.0122
-1.0
-1.0
-1.0
42.0909
-1.0
-1.0
-1.0
-1.0
-1.0
-1.0
-1.0
-1.0
-1.0
-1.0
-1.0
-1.0
24.1738
23.9454
-1.0
42.3087
-1.0
-1.0
-1.0
-1.0
-1.0
13.6067
-1.0
34.3779
-1.0
-1.0
-1.0
-1.0
-1.0
-1.0
-1.0
-1.0
-1.0
-1.0
-1.0
51.3332
-1.0
50.4997
-1.0
31.3529
-1.0
-1.0
-1.0
-1.0
45.9638
-1.0
-1.0
-1.0
-1.0
-1.0
23.0988
37.4953
-1.0
50.5387
-1.0
-1.0
-1.0
-1.0
-1.0
-1.0
-1.0
-1.0
-1.0
-1.0
-1.0
35.9079
-1.0
-1.0
-1.0
-1.0
-1.0
-1.0
15.8313
47.1082
22.9765
-1.0
-1.0
-1.0
-1.0
-1.0
-1.0
-1.0
40.7977
-1.0
-1.0
-1.0
-1.0
-1.0
-1.0
35.2019
-1.0
-1.0
-1.0
-1.0
45.4196
-1.0
40.324
-1.0
-1.0
-1.0
37.2916
-1.0
-1.0
42.6043
-1.0
-1.0
-1.0
-1.0
33.3212
-1.0
44.8122
-1.0
-1.0
-1.0
-1.0
-1.0
-1.0
-1.0
18.2882
-1.0
-1.0
-1.0
-1.0
-1.0
-1.0
46.5085
35.6803
-1.0
44.1744
-1.0
-1.0
-1.0
23.196
-1.0
-1.0
-1.0
-1.0
-1.0
-1.0
-1.0
-1.0
36.7073
-1.0
-1.0
22.1061
-1.0
-1.0
49.9352
-1.0
41.5159
34.0829
-1.0
-1.0
50.0664
-1.0
-1.0
-1.0
-1.0
-1.0
-1.0
-1.0
-1.0
-1.0
-1.0
31.2944
-1.0
-1.0
-1.0
-1.0
48.9167
-1.0
-1.0
-1.0
-1.0
-1.0
-1.0
-1.0
-1.0
-1.0
-1.0
-1.0
-1.0
-1.0
-1.0
-1.0
-1.0
-1.0
-1.0
41.9853
-1.0
-1.0
-1.0
-1.0
-1.0
-1.0
-1.0
-1.0
-1.0
-1.0
-1.0
-1.0
-1.0
-1.0
-1.0
-1.0
-1.0
-1.0
-1.0
-1.0
-1.0
-1.0
51.3307
-1.0
-1.0
29.6381
-1.0
-1.0
-1.0
-1.0
-1.0
-1.0
39.465
-1.0
-1.0
-1.0
40.0105
-1.0
-1.0
-1.0
-1.0
49.9998
-1.0
-1.0
-1.0
-1.0
47.1772
-1.0
-1.0
40.1076
-1.0
-1.0
41.3355
37.9214
-1.0
-1.0
-1.0
44.2026
-1.0
-1.0
-1.0
34.2817
-1.0
-1.0
40.8164
45.8747
-1.0
-1.0
-1.0
-1.0
-1.0
-1.0
-1.0
-1.0
-1.0
-1.0
-1.0
-1.0
49.2797
-1.0
43.0446
-1.0
-1.0
-1.0
35.0576
-1.0
-1.0
-1.0
-1.0
27.9093
-1.0
-1.0
-1.0
-1.0
43.6749
-1.0
-1.0
-1.0
-1.0
-1.0
-1.0
-1.0
-1.0
26.7618
-1.0
41.7554
-1.0
-1.0
-1.0
26.1398
-1.0
19.7091
-1.0
-1.0
-1.0
-1.0
-1.0
-1.0
-1.0
-1.0
30.7762
-1.0
51.9251
-1.0
-1.0
-1.0
-1.0
-1.0
-1.0
-1.0
-1.0
35.6864
-1.0
-1.0
-1.0
-1.0
-1.0
-1.0
-1.0
21.1952
-1.0
45.7922
-1.0
-1.0
-1.0
-1.0
-1.0
34.6282
-1.0
-1.0
-1.0
-1.0
-1.0
43.8704
22.2081
46.7615
-1.0
-1.0
-1.0
-1.0
-1.0
-1.0
-1.0
-1.0
44.2491
10.772
-1.0
-1.0
-1.0
47.6142
-1.0
-1.0
39.3622
-1.0
-1.0
-1.0
-1.0
-1.0
-1.0
-1.0
-1.0
-1.0
-1.0
46.2625
33.2703
-1.0
-1.0
-1.0
25.7351
39.8063
-1.0
41.0497
-1.0
29.3181
-1.0
-1.0
20.939
-1.0
-1.0
-1.0
22.0186
-1.0
-1.0
-1.0
-1.0
-1.0
-1.0
-1.0
-1.0
-1.0
-1.0
-1.0
-1.0
-1.0
51.4573
-1.0
-1.0
-1.0
-1.0
-1.0
-1.0
34.1357
-1.0
-1.0
-1.0
37.9387
-1.0
-1.0
-1.0
-1.0
-1.0
-1.0
-1.0
-1.0
-1.0
-1.0
-1.0
33.2626
-1.0
-1.0
39.7866
-1.0
-1.0
-1.0
-1.0
-1.0
-1.0
-1.0
-1.0
-1.0
-1.0
-1.0
-1.0
-1.0
-1.0
-1.0
-1.0
47.7736
-1.0
-1.0
-1.0
27.9856
-1.0
-1.0
-1.0
-1.0
-1.0
-1.0
-1.0
-1.0
-1.0
-1.0
-1.0
-1.0
-1.0
-1.0
-1.0
-1.0
27.2807
42.3292
-1.0
-1.0
-1.0
-1.0
-1.0
-1.0
-1.0
-1.0
48.2089
-1.0
-1.0
-1.0
-1.0
-1.0
-1.0
38.3526
32.6152
45.6526
-1.0
-1.0
-1.0
-1.0
-1.0
-1.0
-1.0
-1.0
-1.0
-1.0
-1.0
-1.0
-1.0
-1.0
-1.0
51.0833
-1.0
-1.0
-1.0
34.1407
-1.0
-1.0
-1.0
-1.0
11.6164
31.4806
-1.0
40.7334
34.6089
-1.0
-1.0
-1.0
-1.0
32.1881
27.095
-1.0
-1.0
-1.0
-1.0
-1.0
-1.0
-1.0
-1.0
22.0921
-1.0
-1.0
-1.0
41.8208
-1.0
-1.0
-1.0
-1.0
-1.0
-1.0
-1.0
49.4121
-1.0
31.8462
-1.0
28.7775
-1.0
-1.0
-1.0
-1.0
49.1806
-1.0
-1.0
-1.0
-1.0
-1.0
-1.0
-1.0
-1.0
-1.0
-1.0
-1.0
-1.0
-1.0
-1.0
-1.0
26.1237
14.9119
-1.0
27.2517
-1.0
-1.0
-1.0
-1.0
-1.0
-1.0
-1.0
-1.0
-1.0
30.8855
-1.0
-1.0
-1.0
-1.0
-1.0
-1.0
-1.0
-1.0
-1.0
-1.0
-1.0
-1.0
-1.0
15.7871
-1.0
-1.0
-1.0
-1.0
26.6126
-1.0
19.7394
-1.0
-1.0
36.8661
43.6413
-1.0
-1.0
-1.0
-1.0
29.1021
-1.0
-1.0
44.275
44.7419
-1.0
-1.0
-1.0
-1.0
-1.0
-1.0
-1.0
-1.0
-1.0
-1.0
48.4883
26.6502
-1.0
-1.0
-1.0
-1.0
-1.0
-1.0
-1.0
-1.0
-1.0
37.6509
-1.0
-1.0
-1.0
-1.0
-1.0
-1.0
-1.0
-1.0
48.6874
-1.0
-1.0
-1.0
-1.0
33.7769
-1.0
-1.0
-1.0
-1.0
-1.0
-1.0
47.6267
22.3214
-1.0
-1.0
-1.0
-1.0
-1.0
22.4766
-1.0
24.6465
27.7854
-1.0
-1.0
32.1157
33.5529
5.21458
-1.0
-1.0
-1.0
-1.0
-1.0
-1.0
-1.0
-1.0
30.3607
-1.0
-1.0
-1.0
21.5416
-1.0
49.7638
-1.0
-1.0
42.0199
-1.0
46.6425
-1.0
-1.0
-1.0
51.1125
-1.0
-1.0
47.735
-1.0
-1.0
-1.0
-1.0
-1.0
-1.0
-1.0
-1.0
25.7591
42.8013
-1.0
37.9632
-1.0
-1.0
-1.0
-1.0
-1.0
-1.0
-1.0
-1.0
49.0156
31.5515
-1.0
-1.0
-1.0
43.0862
-1.0
-1.0
-1.0
-1.0
-1.0
-1.0
-1.0
-1.0
-1.0
-1.0
29.21
-1.0
-1.0
-1.0
-1.0
22.8462
29.9155
9.88156
-1.0
-1.0
-1.0
-1.0
-1.0
-1.0
-1.0
-1.0
-1.0
44.0954
-1.0
50.0097
-1.0
4.44382
42.404
-1.0
-1.0
-1.0
-1.0
-1.0
-1.0
36.4316
-1.0
-1.0
-1.0
-1.0
-1.0
-1.0
-1.0
-1.0
-1.0
-1.0
-1.0
-1.0
23.4527
-1.0
-1.0
-1.0
-1.0
-1.0
-1.0
-1.0
-1.0
-1.0
45.9144
-1.0
52.3138
-1.0
-1.0
-1.0
25.39
-1.0
46.4164
-1.0
-1.0
-1.0
-1.0
-1.0
-1.0
-1.0
-1.0
25.1115
-1.0
43.2453
-1.0
-1.0
49.1749
-1.0
-1.0
-1.0
-1.0
-1.0
-1.0
-1.0
51.0744
-1.0
24.4401
-1.0
-1.0
-1.0
-1.0
-1.0
-1.0
-1.0
-1.0
-1.0
-1.0
-1.0
37.0815
-1.0
-1.0
-1.0
-1.0
-1.0
-1.0
-1.0
-1.0
-1.0
-1.0
-1.0
-1.0
-1.0
-1.0
-1.0
-1.0
-1.0
-1.0
-1.0
-1.0
21.8952
-1.0
-1.0
-1.0
-1.0
23.1183
-1.0
-1.0
-1.0
44.3386
42.2995
-1.0
47.7963
31.2444
-1.0
-1.0
-1.0
-1.0
-1.0
-1.0
-1.0
-1.0
-1.0
-1.0
-1.0
-1.0
48.2889
-1.0
-1.0
44.512
26.1053
-1.0
33.1197
-1.0
-1.0
-1.0
46.9677
47.576
-1.0
21.785
-1.0
-1.0
-1.0
-1.0
-1.0
-1.0
-1.0
-1.0
-1.0
-1.0
-1.0
47.1902
-1.0
-1.0
-1.0
22.1639
-1.0
-1.0
-1.0
28.644
-1.0
-1.0
-1.0
-1.0
-1.0
33.3306
-1.0
-1.0
-1.0
-1.0
-1.0
-1.0
47.5029
-1.0
-1.0
-1.0
-1.0
-1.0
-1.0
46.5468
40.3795
-1.0
-1.0
-1.0
-1.0
-1.0
-1.0
-1.0
-1.0
-1.0
35.575
-1.0
26.4134
-1.0
19.8109
47.6168
42.3613
-1.0
-1.0
-1.0
-1.0
-1.0
-1.0
-1.0
-1.0
-1.0
-1.0
-1.0
-1.0
-1.0
-1.0
-1.0
-1.0
-1.0
40.3293
39.2956
-1.0
-1.0
-1.0
48.6794
-1.0
-1.0
-1.0
34.6116
-1.0
43.9784
-1.0
-1.0
-1.0
-1.0
14.6078
49.8881
29.0652
-1.0
23.6337
-1.0
-1.0
-1.0
-1.0
39.1653
44.7521
-1.0
-1.0
51.9216
-1.0
43.5109
-1.0
-1.0
-1.0
-1.0
-1.0
-1.0
34.9161
-1.0
22.9595
-1.0
-1.0
45.7238
48.1599
-1.0
-1.0
-1.0
-1.0
-1.0
-1.0
-1.0
-1.0
-1.0
-1.0
26.7273
-1.0
40.8932
-1.0
38.8178
-1.0
-1.0
-1.0
-1.0
-1.0
49.5987
-1.0
47.8294
-1.0
-1.0
-1.0
-1.0
-1.0
-1.0
-1.0
41.4825
-1.0
11.9566
-1.0
41.0318
40.0173
-1.0
-1.0
-1.0
-1.0
-1.0
-1.0
-1.0
-1.0
-1.0
-1.0
-1.0
-1.0
-1.0
48.4526
-1.0
-1.0
46.9995
-1.0
30.022
-1.0
-1.0
-1.0
50.3827
-1.0
-1.0
44.9509
-1.0
-1.0
-1.0
40.6094
-1.0
-1.0
-1.0
-1.0
-1.0
-1.0
-1.0
-1.0
-1.0
-1.0
-1.0
-1.0
-1.0
-1.0
-1.0
-1.0
-1.0
-1.0
-1.0
-1.0
-1.0
-1.0
-1.0
-1.0
45.8794
-1.0
-1.0
-1.0
-1.0
43.4132
-1.0
37.9442
-1.0
33.9072
49.8203
-1.0
15.7313
-1.0
44.2027
-1.0
31.6683
-1.0
-1.0
-1.0
-1.0
-1.0
-1.0
34.2728
-1.0
-1.0
-1.0
-1.0
-1.0
-1.0
-1.0
-1.0
-1.0
50.1068
-1.0
-1.0
-1.0
-1.0
-1.0
-1.0
46.4329
-1.0
-1.0
-1.0
-1.0
-1.0
-1.0
-1.0
-1.0
-1.0
-1.0
-1.0
-1.0
-1.0
-1.0
-1.0
-1.0
-1.0
-1.0
-1.0
-1.0
-1.0
-1.0
34.9102
-1.0
-1.0
-1.0
-1.0
-1.0
-1.0
-1.0
47.9529
-1.0
-1.0
-1.0
-1.0
-1.0
41.7917
36.6178
-1.0
-1.0
-1.0
-1.0
-1.0
46.6988
-1.0
-1.0
-1.0
-1.0
-1.0
-1.0
29.7979
-1.0
-1.0
-1.0
-1.0
44.7821
-1.0
-1.0
-1.0
-1.0
-1.0
-1.0
-1.0
-1.0
-1.0
-1.0
31.8672
-1.0
-1.0
-1.0
-1.0
-1.0
18.7725
-1.0
50.3397
-1.0
-1.0
-1.0
-1.0
-1.0
-1.0
-1.0
-1.0
-1.0
-1.0
-1.0
-1.0
41.6334
-1.0
-1.0
-1.0
-1.0
-1.0
-1.0
-1.0
-1.0
25.4601
-1.0
22.2558
-1.0
-1.0
-1.0
-1.0
-1.0
16.5545
47.9025
-1.0
-1.0
-1.0
46.9042
-1.0
-1.0
46.6692
-1.0
-1.0
-1.0
-1.0
-1.0
-1.0
25.7403
-1.0
-1.0
-1.0
-1.0
-1.0
24.9649
-1.0
-1.0
-1.0
21.4738
-1.0
32.8462
35.5722
-1.0
-1.0
-1.0
-1.0
40.3517
-1.0
-1.0
-1.0
-1.0
-1.0
-1.0
-1.0
41.4017
-1.0
-1.0
-1.0
-1.0
-1.0
38.3688
-1.0
-1.0
-1.0
-1.0
41.1012
28.8638
-1.0
-1.0
-1.0
-1.0
-1.0
-1.0
-1.0
47.0819
-1.0
-1.0
13.8497
-1.0
13.368
46.5844
-1.0
-1.0
-1.0
-1.0
-1.0
28.095
-1.0
-1.0
-1.0
-1.0
-1.0
-1.0
-1.0
-1.0
-1.0
-1.0
-1.0
33.5192
-1.0
-1.0
29.3551
-1.0
-1.0
-1.0
-1.0
-1.0
20.4857
34.6962
42.039
-1.0
-1.0
-1.0
46.3943
-1.0
-1.0
-1.0
-1.0
-1.0
-1.0
-1.0
-1.0
-1.0
-1.0
-1.0
-1.0
43.2631
-1.0
-1.0
-1.0
-1.0
-1.0
-1.0
27.989
-1.0
-1.0
-1.0
-1.0
-1.0
23.502
-1.0
-1.0
-1.0
-1.0
-1.0
18.2374
-1.0
-1.0
-1.0
-1.0
-1.0
-1.0
-1.0
20.5134
51.6723
-1.0
53.0865
39.7447
-1.0
-1.0
-1.0
-1.0
-1.0
-1.0
-1.0
-1.0
-1.0
-1.0
-1.0
-1.0
43.5457
-1.0
-1.0
48.0522
-1.0
-1.0
26.7612
33.608
-1.0
-1.0
-1.0
-1.0
-1.0
-1.0
-1.0
41.0493
-1.0
-1.0
-1.0
-1.0
-1.0
-1.0
-1.0
-1.0
-1.0
-1.0
28.9992
39.5455
-1.0
-1.0
-1.0
26.4565
16.9107
-1.0
-1.0
-1.0
-1.0
-1.0
-1.0
-1.0
-1.0
35.3526
43.1249
47.3725
-1.0
39.9834
-1.0
25.8996
-1.0
-1.0
-1.0
-1.0
-1.0
26.0923
-1.0
-1.0
-1.0
-1.0
-1.0
-1.0
44.6022
-1.0
-1.0
-1.0
-1.0
-1.0
-1.0
-1.0
-1.0
-1.0
-1.0
-1.0
-1.0
-1.0
-1.0
36.7952
-1.0
-1.0
-1.0
-1.0
48.4857
-1.0
-1.0
-1.0
47.6109
40.2892
-1.0
-1.0
43.9811
-1.0
-1.0
-1.0
-1.0
-1.0
34.5637
-1.0
-1.0
-1.0
45.921
-1.0
-1.0
-1.0
-1.0
-1.0
-1.0
-1.0
-1.0
-1.0
-1.0
-1.0
-1.0
-1.0
-1.0
46.821
-1.0
-1.0
35.4637
21.6986
-1.0
-1.0
-1.0
-1.0
-1.0
-1.0
-1.0
-1.0
-1.0
-1.0
-1.0
-1.0
34.1398
52.1157
-1.0
-1.0
-1.0
-1.0
-1.0
50.5737
-1.0
-1.0
-1.0
-1.0
-1.0
-1.0
-1.0
-1.0
-1.0
-1.0
44.8627
-1.0
-1.0
-1.0
-1.0
-1.0
46.9229
-1.0
-1.0
-1.0
-1.0
-1.0
-1.0
-1.0
-1.0
-1.0
-1.0
-1.0
-1.0
-1.0
-1.0
50.7334
30.6069
-1.0
-1.0
-1.0
-1.0
-1.0
-1.0
-1.0
-1.0
-1.0
-1.0
-1.0
-1.0
-1.0
-1.0
-1.0
-1.0
-1.0
-1.0
-1.0
-1.0
-1.0
-1.0
-1.0
-1.0
-1.0
-1.0
32.3119
-1.0
-1.0
37.932
-1.0
-1.0
-1.0
-1.0
-1.0
-1.0
-1.0
-1.0
32.4619
-1.0
-1.0
-1.0
29.9759
44.1941
48.047
-1.0
48.4291
-1.0
-1.0
45.8152
-1.0
-1.0
-1.0
-1.0
-1.0
-1.0
-1.0
-1.0
-1.0
21.8293
-1.0
-1.0
-1.0
-1.0
-1.0
-1.0
-1.0
-1.0
-1.0
-1.0
39.6328
37.3738
44.8353
-1.0
-1.0
40.3977
-1.0
-1.0
-1.0
-1.0
-1.0
30.1881
-1.0
-1.0
-1.0
-1.0
-1.0
37.9862
-1.0
-1.0
42.6671
-1.0
42.3945
45.4505
-1.0
-1.0
-1.0
-1.0
-1.0
-1.0
-1.0
-1.0
-1.0
-1.0
-1.0
-1.0
22.205
-1.0
-1.0
47.5392
44.7908
-1.0
-1.0
-1.0
-1.0
-1.0
20.7432
-1.0
-1.0
-1.0
-1.0
-1.0
-1.0
-1.0
-1.0
43.143
-1.0
34.9831
-1.0
37.7173
-1.0
-1.0
-1.0
-1.0
-1.0
-1.0
-1.0
-1.0
37.2422
-1.0
-1.0
-1.0
-1.0
-1.0
-1.0
-1.0
-1.0
-1.0
40.5466
-1.0
-1.0
-1.0
47.8766
-1.0
42.7207
-1.0
-1.0
-1.0
-1.0
-1.0
-1.0
-1.0
-1.0
-1.0
-1.0
19.4934
-1.0
-1.0
-1.0
-1.0
49.0485
-1.0
-1.0
-1.0
25.5791
-1.0
-1.0
-1.0
-1.0
-1.0
39.3588
26.6848
-1.0
-1.0
43.673
-1.0
-1.0
-1.0
-1.0
-1.0
23.8411
15.6223
-1.0
-1.0
-1.0
-1.0
-1.0
37.0049
-1.0
-1.0
-1.0
-1.0
-1.0
11.3479
-1.0
-1.0
-1.0
-1.0
-1.0
50.8262
-1.0
15.6196
-1.0
-1.0
-1.0
-1.0
-1.0
-1.0
-1.0
-1.0
-1.0
-1.0
-1.0
-1.0
-1.0
-1.0
-1.0
50.3525
-1.0
-1.0
-1.0
-1.0
-1.0
37.512
-1.0
-1.0
-1.0
-1.0
-1.0
-1.0
-1.0
-1.0
40.1121
-1.0
16.5201
37.2101
-1.0
-1.0
-1.0
-1.0
-1.0
-1.0
21.5412
27.0437
38.4609
23.5518
-1.0
-1.0
-1.0
-1.0
-1.0
-1.0
-1.0
-1.0
32.7579
-1.0
43.8704
23.8784
-1.0
-1.0
-1.0
-1.0
-1.0
-1.0
-1.0
-1.0
50.3281
-1.0
22.2668
-1.0
-1.0
31.4472
33.9786
-1.0
-1.0
-1.0
-1.0
-1.0
-1.0
35.488
-1.0
-1.0
40.8238
42.983
-1.0
19.7637
29.6994
-1.0
-1.0
-1.0
-1.0
-1.0
49.2511
-1.0
-1.0
-1.0
-1.0
25.7475
24.6369
-1.0
-1.0
-1.0
41.8299
-1.0
-1.0
-1.0
-1.0
-1.0
-1.0
-1.0
55.6595
-1.0
-1.0
31.2682
-1.0
-1.0
-1.0
-1.0
-1.0
-1.0
-1.0
37.1174
-1.0
-1.0
-1.0
49.2573
-1.0
-1.0
-1.0
-1.0
23.0542
-1.0
-1.0
25.4397
-1.0
-1.0
-1.0
38.9722
-1.0
-1.0
-1.0
46.8328
-1.0
-1.0
-1.0
-1.0
-1.0
34.2968
-1.0
-1.0
33.8954
47.0396
-1.0
-1.0
-1.0
13.7291
43.3672
-1.0
-1.0
41.9489
-1.0
-1.0
31.386
-1.0
-1.0
-1.0
37.8401
-1.0
-1.0
-1.0
-1.0
-1.0
45.5609
-1.0
-1.0
-1.0
-1.0
-1.0
-1.0
-1.0
-1.0
-1.0
-1.0
-1.0
-1.0
30.2971
-1.0
40.0543
40.6851
-1.0
-1.0
36.338
-1.0
-1.0
-1.0
-1.0
-1.0
-1.0
-1.0
50.9083
45.8004
-1.0
-1.0
-1.0
-1.0
-1.0
-1.0
38.5949
-1.0
-1.0
-1.0
-1.0
-1.0
-1.0
-1.0
35.29
-1.0
-1.0
-1.0
-1.0
-1.0
-1.0
-1.0
-1.0
35.7904
-1.0
-1.0
-1.0
-1.0
17.6977
-1.0
43.7428
35.4558
-1.0
-1.0
21.8387
-1.0
-1.0
-1.0
-1.0
-1.0
-1.0
-1.0
-1.0
-1.0
-1.0
-1.0
-1.0
-1.0
-1.0
-1.0
-1.0
-1.0
46.3053
41.0189
-1.0
-1.0
44.7268
-1.0
-1.0
-1.0
-1.0
26.0715
-1.0
15.6496
-1.0
-1.0
-1.0
-1.0
-1.0
-1.0
-1.0
-1.0
-1.0
52.1457
-1.0
-1.0
-1.0
25.3427
-1.0
38.4236
-1.0
-1.0
-1.0
-1.0
45.2463
34.2281
-1.0
-1.0
-1.0
-1.0
-1.0
14.4594
-1.0
-1.0
-1.0
-1.0
37.2578
-1.0
-1.0
-1.0
-1.0
-1.0
22.9505
-1.0
-1.0
46.5907
49.2227
50.4603
23.099
37.144
43.7645
-1.0
-1.0
24.1735
-1.0
-1.0
-1.0
37.6025
-1.0
-1.0
-1.0
-1.0
-1.0
-1.0
-1.0
-1.0
-1.0
-1.0
42.6059
-1.0
-1.0
50.1276
-1.0
-1.0
-1.0
-1.0
-1.0
-1.0
-1.0
44.9022
-1.0
-1.0
-1.0
-1.0
39.7367
-1.0
-1.0
44.99
-1.0
-1.0
-1.0
-1.0
-1.0
43.3143
47.1038
-1.0
-1.0
-1.0
-1.0
47.2757
47.287
-1.0
-1.0
-1.0
-1.0
-1.0
40.397
-1.0
-1.0
-1.0
29.8961
-1.0
43.9197
30.9124
39.897
-1.0
-1.0
-1.0
-1.0
-1.0
-1.0
-1.0
-1.0
-1.0
-1.0
37.0452
-1.0
-1.0
-1.0
-1.0
-1.0
-1.0
14.3008
-1.0
-1.0
-1.0
-1.0
-1.0
-1.0
-1.0
-1.0
-1.0
-1.0
-1.0
46.6511
-1.0
20.677
-1.0
-1.0
-1.0
47.1305
-1.0
43.0336
-1.0
-1.0
-1.0
-1.0
-1.0
-1.0
-1.0
-1.0
-1.0
-1.0
-1.0
43.6208
-1.0
-1.0
-1.0
-1.0
48.5418
33.6603
-1.0
-1.0
-1.0
-1.0
22.8972
-1.0
-1.0
-1.0
-1.0
-1.0
-1.0
-1.0
-1.0
-1.0
-1.0
-1.0
33.3656
-1.0
-1.0
-1.0
-1.0
-1.0
40.423
-1.0
-1.0
-1.0
-1.0
-1.0
-1.0
-1.0
-1.0
-1.0
-1.0
-1.0
-1.0
-1.0
-1.0
-1.0
-1.0
-1.0
-1.0
-1.0
-1.0
-1.0
-1.0
-1.0
-1.0
-1.0
32.7602
-1.0
-1.0
-1.0
-1.0
-1.0
-1.0
-1.0
47.9137
-1.0
-1.0
-1.0
-1.0
-1.0
-1.0
-1.0
-1.0
-1.0
32.477
-1.0
-1.0
-1.0
-1.0
-1.0
-1.0
-1.0
-1.0
-1.0
-1.0
-1.0
46.4581
-1.0
-1.0
-1.0
-1.0
-1.0
-1.0
-1.0
28.4912
-1.0
-1.0
-1.0
-1.0
-1.0
-1.0
50.1812
-1.0
-1.0
-1.0
-1.0
-1.0
-1.0
-1.0
-1.0
-1.0
-1.0
-1.0
41.5207
-1.0
-1.0
-1.0
20.912
-1.0
-1.0
-1.0
14.0329
-1.0
-1.0
-1.0
30.732
43.3897
-1.0
35.9819
-1.0
-1.0
-1.0
-1.0
-1.0
-1.0
-1.0
48.2546
-1.0
-1.0
-1.0
-1.0
-1.0
-1.0
-1.0
-1.0
-1.0
-1.0
33.626
-1.0
-1.0
-1.0
-1.0
-1.0
-1.0
-1.0
-1.0
-1.0
45.5578
-1.0
49.0943
-1.0
-1.0
-1.0
-1.0
50.4064
-1.0
-1.0
-1.0
-1.0
-1.0
-1.0
-1.0
-1.0
-1.0
-1.0
-1.0
-1.0
-1.0
-1.0
39.2048
-1.0
-1.0
-1.0
-1.0
-1.0
-1.0
42.8666
-1.0
-1.0
-1.0
-1.0
-1.0
50.229
-1.0
-1.0
-1.0
-1.0
-1.0
-1.0
-1.0
-1.0
-1.0
-1.0
-1.0
-1.0
-1.0
-1.0
44.1464
-1.0
-1.0
-1.0
-1.0
-1.0
-1.0
-1.0
-1.0
37.3171
-1.0
-1.0
-1.0
51.8709
36.6855
-1.0
-1.0
-1.0
-1.0
-1.0
-1.0
49.8741
-1.0
-1.0
47.933
-1.0
-1.0
-1.0
19.7891
-1.0
-1.0
-1.0
-1.0
-1.0
-1.0
-1.0
-1.0
-1.0
-1.0
-1.0
36.5237
-1.0
-1.0
43.1341
22.6253
-1.0
-1.0
-1.0
-1.0
-1.0
47.8822
-1.0
-1.0
-1.0
-1.0
-1.0
28.2644
-1.0
-1.0
-1.0
-1.0
-1.0
-1.0
-1.0
29.1224
-1.0
-1.0
-1.0
-1.0
-1.0
-1.0
-1.0
-1.0
-1.0
-1.0
-1.0
-1.0
24.1779
-1.0
-1.0
-1.0
-1.0
-1.0
-1.0
49.3699
-1.0
-1.0
44.3734
16.7034
-1.0
-1.0
-1.0
41.1302
50.093
-1.0
-1.0
-1.0
-1.0
-1.0
29.6646
24.5432
-1.0
-1.0
-1.0
-1.0
-1.0
-1.0
-1.0
-1.0
-1.0
42.2588
41.7895
-1.0
44.0664
-1.0
-1.0
-1.0
-1.0
-1.0
-1.0
-1.0
-1.0
29.3923
-1.0
27.2351
-1.0
50.4132
-1.0
-1.0
50.0532
-1.0
-1.0
15.0523
-1.0
-1.0
34.9409
-1.0
41.7958
28.5572
-1.0
29.7778
-1.0
49.764
-1.0
29.0579
-1.0
-1.0
-1.0
-1.0
-1.0
34.1528
-1.0
-1.0
-1.0
-1.0
-1.0
-1.0
-1.0
-1.0
-1.0
-1.0
50.3044
-1.0
-1.0
-1.0
-1.0
-1.0
-1.0
-1.0
-1.0
-1.0
-1.0
-1.0
30.9606
-1.0
-1.0
-1.0
-1.0
-1.0
42.3972
29.8754
33.7304
30.1194
-1.0
-1.0
46.2813
-1.0
36.6003
-1.0
46.7931
-1.0
-1.0
24.5538
-1.0
-1.0
32.8779
-1.0
-1.0
37.2125
-1.0
-1.0
41.9736
36.1743
-1.0
-1.0
13.689
-1.0
-1.0
-1.0
51.5111
33.1612
-1.0
43.9459
-1.0
-1.0
-1.0
32.2882
-1.0
-1.0
-1.0
44.6362
-1.0
-1.0
41.7303
23.9088
37.2868
45.8982
34.3152
43.3718
-1.0
39.1756
-1.0
-1.0
-1.0
45.2713
-1.0
-1.0
-1.0
39.472
-1.0
-1.0
-1.0
-1.0
-1.0
-1.0
-1.0
-1.0
-1.0
-1.0
30.4192
-1.0
45.9401
-1.0
-1.0
-1.0
-1.0
43.3216
-1.0
31.721
29.2483
-1.0
-1.0
-1.0
-1.0
35.4011
-1.0
46.3427
-1.0
-1.0
-1.0
51.5484
-1.0
-1.0
-1.0
-1.0
-1.0
-1.0
-1.0
-1.0
17.1686
-1.0
-1.0
-1.0
30.6843
-1.0
-1.0
-1.0
41.8011
-1.0
-1.0
-1.0
24.5494
-1.0
-1.0
-1.0
-1.0
29.6415
-1.0
-1.0
-1.0
-1.0
-1.0
-1.0
-1.0
-1.0
-1.0
-1.0
40.2017
-1.0
-1.0
-1.0
-1.0
48.5036
-1.0
48.9851
38.6106
-1.0
-1.0
-1.0
-1.0
41.1772
32.7127
-1.0
-1.0
-1.0
7.70166
-1.0
-1.0
46.1609
38.2986
-1.0
-1.0
-1.0
52.0779
-1.0
42.0681
-1.0
20.1035
-1.0
32.8853
-1.0
-1.0
22.7489
-1.0
-1.0
-1.0
-1.0
-1.0
-1.0
-1.0
-1.0
-1.0
-1.0
-1.0
-1.0
-1.0
-1.0
-1.0
-1.0
30.1147
-1.0
-1.0
-1.0
-1.0
-1.0
-1.0
45.3698
-1.0
50.661
-1.0
-1.0
49.1003
28.7497
-1.0
-1.0
-1.0
-1.0
-1.0
-1.0
-1.0
-1.0
35.981
-1.0
-1.0
40.986
-1.0
-1.0
-1.0
33.9092
-1.0
42.7997
25.9916
-1.0
-1.0
-1.0
-1.0
-1.0
-1.0
-1.0
-1.0
-1.0
-1.0
-1.0
-1.0
-1.0
-1.0
-1.0
-1.0
-1.0
26.8325
23.2553
34.8101
-1.0
50.5004
-1.0
-1.0
-1.0
46.6165
-1.0
-1.0
28.7392
-1.0
-1.0
-1.0
-1.0
-1.0
39.9197
-1.0
-1.0
-1.0
-1.0
29.2104
30.7364
-1.0
-1.0
-1.0
-1.0
36.3494
46.9792
-1.0
-1.0
-1.0
-1.0
-1.0
-1.0
-1.0
-1.0
-1.0
-1.0
-1.0
45.0882
-1.0
31.7769
28.655
-1.0
-1.0
-1.0
-1.0
28.8915
51.6809
43.4298
-1.0
-1.0
-1.0
35.8182
14.567
47.0082
19.4978
-1.0
-1.0
-1.0
27.7289
-1.0
-1.0
-1.0
-1.0
-1.0
-1.0
-1.0
-1.0
-1.0
-1.0
-1.0
-1.0
-1.0
-1.0
-1.0
-1.0
-1.0
-1.0
-1.0
-1.0
-1.0
-1.0
26.3443
45.7362
-1.0
-1.0
-1.0
15.8035
-1.0
-1.0
-1.0
-1.0
33.3475
-1.0
-1.0
-1.0
40.507
-1.0
-1.0
-1.0
-1.0
34.6542
-1.0
-1.0
17.5393
-1.0
-1.0
43.7621
-1.0
-1.0
-1.0
-1.0
-1.0
30.9461
-1.0
-1.0
-1.0
-1.0
-1.0
-1.0
-1.0
-1.0
22.0594
-1.0
-1.0
-1.0
-1.0
-1.0
-1.0
-1.0
-1.0
33.115
-1.0
34.1727
54.5264
-1.0
23.9978
30.1139
-1.0
-1.0
-1.0
48.3161
-1.0
-1.0
-1.0
-1.0
-1.0
-1.0
-1.0
-1.0
-1.0
-1.0
40.1812
-1.0
-1.0
-1.0
36.7927
-1.0
-1.0
-1.0
35.9653
-1.0
-1.0
-1.0
-1.0
-1.0
-1.0
39.9369
-1.0
-1.0
-1.0
-1.0
-1.0
-1.0
44.1086
-1.0
-1.0
51.4723
-1.0
-1.0
-1.0
45.5398
-1.0
43.2916
-1.0
-1.0
-1.0
-1.0
-1.0
-1.0
-1.0
-1.0
-1.0
-1.0
-1.0
-1.0
-1.0
-1.0
-1.0
-1.0
-1.0
51.3195
-1.0
-1.0
-1.0
50.4365
28.3736
52.1234
32.5627
37.3585
48.7746
37.7708
-1.0
-1.0
39.6439
-1.0
19.7704
-1.0
44.3057
-1.0
35.5553
-1.0
-1.0
-1.0
39.8681
-1.0
-1.0
7.1401
41.0784
-1.0
-1.0
-1.0
-1.0
-1.0
-1.0
-1.0
-1.0
45.8605
-1.0
-1.0
-1.0
-1.0
-1.0
37.0113
44.2788
-1.0
-1.0
-1.0
-1.0
-1.0
35.6305
-1.0
43.3484
-1.0
-1.0
-1.0
-1.0
21.7992
48.819
-1.0
30.478
-1.0
44.3249
-1.0
-1.0
-1.0
-1.0
-1.0
-1.0
-1.0
-1.0
-1.0
-1.0
-1.0
-1.0
-1.0
-1.0
-1.0
-1.0
-1.0
-1.0
33.7813
-1.0
-1.0
47.8604
-1.0
-1.0
-1.0
35.1875
15.3626
19.3558
20.637
-1.0
-1.0
38.573
-1.0
-1.0
-1.0
-1.0
-1.0
-1.0
-1.0
-1.0
-1.0
-1.0
-1.0
46.7965
-1.0
-1.0
-1.0
30.7946
-1.0
38.065
-1.0
-1.0
-1.0
-1.0
-1.0
-1.0
-1.0
25.4824
42.7029
-1.0
-1.0
-1.0
-1.0
-1.0
39.2015
17.5799
-1.0
-1.0
-1.0
-1.0
25.7807
-1.0
-1.0
-1.0
-1.0
-1.0
-1.0
-1.0
-1.0
-1.0
-1.0
-1.0
50.8109
-1.0
-1.0
-1.0
-1.0
-1.0
-1.0
-1.0
-1.0
-1.0
-1.0
-1.0
44.2319
-1.0
-1.0
-1.0
-1.0
-1.0
43.2134
-1.0
17.253
-1.0
-1.0
-1.0
-1.0
-1.0
-1.0
-1.0
15.4079
36.5999
29.9779
36.7519
48.8454
-1.0
-1.0
48.9275
-1.0
-1.0
-1.0
-1.0
-1.0
50.1061
38.464
-1.0
-1.0
40.4109
-1.0
-1.0
-1.0
-1.0
-1.0
-1.0
-1.0
-1.0
-1.0
-1.0
-1.0
-1.0
-1.0
-1.0
40.364
-1.0
46.6907
39.2306
50.2497
-1.0
17.4334
-1.0
-1.0
23.5256
-1.0
-1.0
-1.0
-1.0
-1.0
-1.0
-1.0
-1.0
-1.0
-1.0
-1.0
-1.0
42.1104
-1.0
-1.0
-1.0
-1.0
-1.0
-1.0
-1.0
-1.0
-1.0
-1.0
-1.0
-1.0
-1.0
-1.0
-1.0
44.6027
-1.0
-1.0
51.7059
-1.0
-1.0
-1.0
-1.0
-1.0
-1.0
39.0485
32.4615
-1.0
-1.0
-1.0
32.5525
-1.0
-1.0
37.5524
-1.0
-1.0
-1.0
-1.0
-1.0
-1.0
-1.0
-1.0
-1.0
-1.0
-1.0
-1.0
-1.0
19.1
-1.0
-1.0
-1.0
-1.0
-1.0
37.3759
-1.0
-1.0
-1.0
-1.0
41.1384
-1.0
-1.0
-1.0
-1.0
-1.0
-1.0
-1.0
-1.0
-1.0
-1.0
17.6908
-1.0
-1.0
-1.0
6.60492
31.5885
-1.0
-1.0
-1.0
-1.0
-1.0
-1.0
39.7251
42.3534
51.2284
-1.0
-1.0
-1.0
42.832
-1.0
-1.0
-1.0
44.4298
-1.0
-1.0
-1.0
-1.0
-1.0
-1.0
32.2729
-1.0
-1.0
-1.0
-1.0
-1.0
-1.0
-1.0
-1.0
31.058
48.3894
-1.0
-1.0
-1.0
-1.0
-1.0
-1.0
-1.0
-1.0
-1.0
-1.0
-1.0
-1.0
-1.0
-1.0
-1.0
-1.0
-1.0
49.5264
-1.0
-1.0
50.253
-1.0
28.4902
-1.0
-1.0
-1.0
-1.0
-1.0
-1.0
20.077
-1.0
-1.0
-1.0
-1.0
-1.0
-1.0
41.9035
51.9318
-1.0
-1.0
-1.0
42.4626
-1.0
34.4124
-1.0
-1.0
46.6133
-1.0
-1.0
-1.0
-1.0
-1.0
-1.0
-1.0
-1.0
38.3367
45.8496
-1.0
-1.0
-1.0
29.6963
-1.0
-1.0
-1.0
50.7068
-1.0
-1.0
-1.0
41.4128
-1.0
-1.0
32.4447
-1.0
-1.0
-1.0
-1.0
-1.0
-1.0
-1.0
31.9791
-1.0
-1.0
-1.0
-1.0
43.7212
12.4446
-1.0
-1.0
-1.0
-1.0
-1.0
-1.0
-1.0
-1.0
-1.0
-1.0
-1.0
-1.0
43.0308
49.1844
15.4063
-1.0
-1.0
-1.0
-1.0
-1.0
-1.0
-1.0
-1.0
-1.0
-1.0
-1.0
-1.0
39.5532
-1.0
-1.0
-1.0
-1.0
-1.0
-1.0
-1.0
51.314
-1.0
-1.0
-1.0
-1.0
45.8685
29.0038
-1.0
-1.0
-1.0
30.8014
-1.0
31.3284
-1.0
-1.0
-1.0
-1.0
-1.0
-1.0
-1.0
-1.0
-1.0
-1.0
54.3164
31.198
-1.0
-1.0
46.3613
-1.0
13.7726
-1.0
-1.0
-1.0
-1.0
48.2941
-1.0
-1.0
-1.0
-1.0
-1.0
-1.0
-1.0
-1.0
-1.0
-1.0
-1.0
46.1379
-1.0
-1.0
28.9729
-1.0
43.0212
38.5299
-1.0
16.1994
42.8681
-1.0
-1.0
-1.0
-1.0
-1.0
-1.0
-1.0
46.7031
-1.0
-1.0
-1.0
-1.0
-1.0
-1.0
-1.0
-1.0
-1.0
-1.0
-1.0
-1.0
48.9002
-1.0
-1.0
33.1935
-1.0
-1.0
-1.0
-1.0
-1.0
-1.0
18.6636
-1.0
-1.0
-1.0
-1.0
-1.0
-1.0
-1.0
-1.0
-1.0
-1.0
-1.0
29.1298
-1.0
-1.0
41.4734
32.7045
-1.0
-1.0
-1.0
-1.0
-1.0
-1.0
-1.0
-1.0
-1.0
-1.0
-1.0
49.6673
51.8084
48.6477
-1.0
45.255
-1.0
-1.0
-1.0
-1.0
-1.0
-1.0
-1.0
-1.0
34.4181
-1.0
-1.0
-1.0
-1.0
-1.0
-1.0
-1.0
-1.0
-1.0
-1.0
-1.0
-1.0
-1.0
-1.0
39.4638
-1.0
-1.0
-1.0
-1.0
-1.0
-1.0
48.217
-1.0
-1.0
-1.0
50.834
-1.0
47.4148
-1.0
50.1447
-1.0
-1.0
-1.0
-1.0
43.7679
46.6181
-1.0
-1.0
-1.0
-1.0
-1.0
-1.0
-1.0
51.1101
-1.0
-1.0
-1.0
-1.0
-1.0
-1.0
-1.0
-1.0
-1.0
-1.0
-1.0
-1.0
-1.0
-1.0
-1.0
-1.0
-1.0
34.3685
-1.0
-1.0
-1.0
-1.0
23.0668
-1.0
-1.0
24.3647
-1.0
-1.0
-1.0
-1.0
14.6948
30.2587
-1.0
-1.0
-1.0
-1.0
-1.0
40.4755
40.4532
-1.0
-1.0
-1.0
-1.0
-1.0
-1.0
-1.0
33.7222
-1.0
-1.0
-1.0
-1.0
-1.0
-1.0
-1.0
-1.0
-1.0
-1.0
44.3432
-1.0
-1.0
-1.0
-1.0
-1.0
-1.0
28.555
-1.0
-1.0
31.9153
-1.0
-1.0
-1.0
32.3029
-1.0
-1.0
-1.0
-1.0
-1.0
38.1757
48.5661
-1.0
-1.0
-1.0
-1.0
-1.0
-1.0
-1.0
-1.0
-1.0
-1.0
-1.0
-1.0
-1.0
-1.0
-1.0
-1.0
-1.0
-1.0
-1.0
-1.0
-1.0
45.3741
-1.0
-1.0
-1.0
-1.0
-1.0
-1.0
-1.0
-1.0
-1.0
6.93188
-1.0
27.6092
46.5038
-1.0
-1.0
-1.0
-1.0
-1.0
39.3567
-1.0
-1.0
-1.0
40.1982
-1.0
-1.0
-1.0
-1.0
-1.0
-1.0
-1.0
-1.0
-1.0
-1.0
-1.0
29.3347
-1.0
-1.0
-1.0
26.7081
-1.0
-1.0
-1.0
39.9926
-1.0
-1.0
-1.0
-1.0
-1.0
37.5813
-1.0
-1.0
-1.0
40.9278
49.7059
-1.0
-1.0
34.7743
-1.0
31.9672
-1.0
-1.0
21.2582
-1.0
-1.0
-1.0
-1.0
44.447
-1.0
32.0931
-1.0
-1.0
13.371
41.2566
-1.0
27.458
-1.0
-1.0
-1.0
9.52046
-1.0
-1.0
40.7965
-1.0
-1.0
40.0241
-1.0
-1.0
36.0794
30.8256
-1.0
50.46
30.664
23.5465
-1.0
-1.0
25.6108
-1.0
-1.0
-1.0
-1.0
38.9557
44.6303
37.7462
-1.0
-1.0
-1.0
-1.0
-1.0
-1.0
-1.0
-1.0
-1.0
34.057
-1.0
-1.0
-1.0
27.9867
-1.0
41.2597
-1.0
-1.0
-1.0
-1.0
-1.0
-1.0
-1.0
-1.0
-1.0
-1.0
-1.0
-1.0
-1.0
-1.0
-1.0
24.6508
-1.0
-1.0
-1.0
-1.0
-1.0
-1.0
-1.0
52.245
20.7398
37.5213
-1.0
-1.0
-1.0
22.7931
-1.0
-1.0
-1.0
-1.0
-1.0
-1.0
-1.0
33.1646
26.0367
-1.0
-1.0
-1.0
-1.0
-1.0
-1.0
34.6981
-1.0
-1.0
-1.0
-1.0
-1.0
-1.0
-1.0
-1.0
-1.0
-1.0
-1.0
-1.0
38.909
-1.0
-1.0
-1.0
-1.0
-1.0
-1.0
41.5771
-1.0
-1.0
24.8944
-1.0
-1.0
-1.0
-1.0
-1.0
22.6749
-1.0
-1.0
-1.0
40.3358
-1.0
-1.0
38.766
-1.0
-1.0
-1.0
-1.0
-1.0
-1.0
45.3484
-1.0
-1.0
-1.0
-1.0
38.4232
24.9475
-1.0
-1.0
-1.0
-1.0
31.2394
-1.0
39.272
-1.0
-1.0
-1.0
-1.0
-1.0
36.1829
-1.0
-1.0
-1.0
-1.0
-1.0
41.5588
24.2443
43.2752
-1.0
-1.0
34.8523
-1.0
-1.0
-1.0
-1.0
-1.0
-1.0
-1.0
-1.0
-1.0
-1.0
-1.0
-1.0
-1.0
-1.0
-1.0
-1.0
-1.0
-1.0
-1.0
36.7125
-1.0
-1.0
-1.0
-1.0
22.7988
-1.0
-1.0
-1.0
-1.0
26.5169
-1.0
-1.0
-1.0
-1.0
-1.0
-1.0
-1.0
-1.0
-1.0
-1.0
50.2024
-1.0
-1.0
-1.0
-1.0
-1.0
-1.0
-1.0
-1.0
-1.0
33.0041
-1.0
-1.0
-1.0
-1.0
-1.0
-1.0
37.4752
-1.0
-1.0
-1.0
38.5349
-1.0
-1.0
-1.0
-1.0
-1.0
-1.0
19.8735
44.8592
38.8797
-1.0
-1.0
49.4655
-1.0
-1.0
-1.0
-1.0
38.6395
-1.0
-1.0
-1.0
-1.0
-1.0
49.6107
-1.0
-1.0
-1.0
-1.0
-1.0
24.0036
-1.0
-1.0
-1.0
-1.0
-1.0
-1.0
-1.0
-1.0
-1.0
-1.0
-1.0
-1.0
-1.0
-1.0
-1.0
6.9501
-1.0
-1.0
29.8997
41.3306
41.8871
-1.0
-1.0
-1.0
-1.0
-1.0
-1.0
-1.0
-1.0
-1.0
-1.0
-1.0
-1.0
-1.0
-1.0
46.3135
-1.0
-1.0
-1.0
-1.0
-1.0
-1.0
-1.0
-1.0
-1.0
51.0399
-1.0
-1.0
-1.0
-1.0
-1.0
-1.0
-1.0
-1.0
-1.0
-1.0
21.2023
50.5652
-1.0
-1.0
-1.0
-1.0
-1.0
-1.0
-1.0
-1.0
-1.0
46.6874
-1.0
-1.0
-1.0
21.4858
-1.0
48.9228
29.9393
-1.0
-1.0
-1.0
-1.0
38.4332
33.4431
50.0911
-1.0
-1.0
-1.0
-1.0
-1.0
-1.0
-1.0
-1.0
-1.0
18.9279
-1.0
-1.0
-1.0
-1.0
-1.0
-1.0
-1.0
36.4936
22.4824
-1.0
-1.0
-1.0
-1.0
-1.0
-1.0
-1.0
-1.0
-1.0
-1.0
43.0474
-1.0
51.4251
-1.0
-1.0
-1.0
12.3909
-1.0
51.7108
-1.0
-1.0
-1.0
-1.0
-1.0
48.0889
-1.0
-1.0
-1.0
-1.0
-1.0
-1.0
-1.0
7.69697
-1.0
-1.0
-1.0
-1.0
-1.0
-1.0
37.4758
-1.0
23.0832
-1.0
-1.0
-1.0
-1.0
-1.0
-1.0
-1.0
-1.0
-1.0
-1.0
-1.0
-1.0
-1.0
-1.0
-1.0
-1.0
42.6892
-1.0
-1.0
-1.0
-1.0
-1.0
-1.0
-1.0
-1.0
-1.0
-1.0
-1.0
-1.0
44.1846
-1.0
-1.0
-1.0
-1.0
-1.0
-1.0
-1.0
-1.0
-1.0
-1.0
27.6474
-1.0
45.3591
-1.0
-1.0
-1.0
-1.0
42.4575
46.502
22.056
-1.0
34.5365
-1.0
-1.0
-1.0
-1.0
20.2572
-1.0
15.6966
50.9694
-1.0
-1.0
-1.0
-1.0
48.2925
-1.0
-1.0
-1.0
-1.0
42.5844
-1.0
-1.0
27.347
-1.0
-1.0
-1.0
-1.0
-1.0
-1.0
46.1523
-1.0
-1.0
45.1673
-1.0
-1.0
-1.0
-1.0
-1.0
22.7522
44.0455
-1.0
42.403
-1.0
-1.0
-1.0
-1.0
-1.0
-1.0
-1.0
-1.0
-1.0
-1.0
-1.0
12.4683
-1.0
33.3537
-1.0
50.3895
-1.0
-1.0
37.7234
-1.0
46.1679
-1.0
29.7454
-1.0
-1.0
-1.0
-1.0
41.9222
-1.0
-1.0
27.9351
-1.0
30.7878
-1.0
43.3092
-1.0
-1.0
49.3918
45.2672
-1.0
-1.0
42.9114
-1.0
-1.0
39.2174
-1.0
-1.0
-1.0
-1.0
-1.0
-1.0
28.5995
-1.0
-1.0
-1.0
-1.0
-1.0
43.489
25.4326
-1.0
-1.0
-1.0
29.3287
-1.0
-1.0
-1.0
-1.0
-1.0
-1.0
44.592
-1.0
-1.0
50.9465
-1.0
-1.0
-1.0
-1.0
-1.0
-1.0
-1.0
-1.0
-1.0
43.1613
35.2678
-1.0
-1.0
-1.0
-1.0
-1.0
-1.0
52.1212
-1.0
-1.0
32.7734
-1.0
-1.0
-1.0
-1.0
-1.0
-1.0
-1.0
-1.0
-1.0
-1.0
-1.0
-1.0
-1.0
48.7629
-1.0
-1.0
-1.0
-1.0
-1.0
-1.0
-1.0
-1.0
42.23
-1.0
-1.0
-1.0
35.4014
-1.0
-1.0
37.3673
44.9679
-1.0
-1.0
-1.0
-1.0
-1.0
-1.0
-1.0
-1.0
-1.0
-1.0
-1.0
-1.0
-1.0
47.785
40.8541
22.5598
-1.0
-1.0
-1.0
-1.0
-1.0
-1.0
-1.0
-1.0
-1.0
-1.0
-1.0
-1.0
-1.0
-1.0
-1.0
-1.0
-1.0
-1.0
-1.0
-1.0
-1.0
11.2879
-1.0
41.7777
-1.0
-1.0
35.6936
-1.0
-1.0
-1.0
-1.0
-1.0
-1.0
-1.0
-1.0
44.5073
-1.0
-1.0
-1.0
-1.0
18.1894
-1.0
-1.0
-1.0
-1.0
-1.0
-1.0
-1.0
-1.0
49.0823
-1.0
-1.0
-1.0
-1.0
-1.0
-1.0
-1.0
-1.0
18.8428
30.8663
-1.0
47.5575
52.316
-1.0
-1.0
-1.0
-1.0
-1.0
-1.0
-1.0
24.9118
52.1107
-1.0
-1.0
-1.0
-1.0
37.2472
-1.0
48.6676
-1.0
-1.0
-1.0
32.7999
-1.0
-1.0
-1.0
-1.0
-1.0
-1.0
-1.0
-1.0
17.0934
-1.0
-1.0
-1.0
-1.0
-1.0
-1.0
40.8912
-1.0
-1.0
-1.0
-1.0
42.7683
-1.0
-1.0
-1.0
-1.0
-1.0
-1.0
-1.0
-1.0
-1.0
-1.0
-1.0
-1.0
-1.0
-1.0
-1.0
-1.0
-1.0
-1.0
-1.0
-1.0
-1.0
21.26
-1.0
-1.0
-1.0
-1.0
-1.0
37.3279
32.3497
-1.0
-1.0
-1.0
19.0575
-1.0
-1.0
-1.0
-1.0
-1.0
-1.0
-1.0
50.5087
-1.0
-1.0
-1.0
17.3552
-1.0
-1.0
-1.0
-1.0
-1.0
-1.0
-1.0
-1.0
-1.0
-1.0
-1.0
-1.0
-1.0
-1.0
-1.0
-1.0
-1.0
-1.0
-1.0
-1.0
-1.0
-1.0
-1.0
22.7995
-1.0
-1.0
-1.0
-1.0
-1.0
-1.0
-1.0
-1.0
-1.0
33.1808
40.3075
-1.0
-1.0
-1.0
-1.0
41.7243
43.3694
-1.0
31.4361
-1.0
-1.0
-1.0
-1.0
-1.0
-1.0
-1.0
-1.0
-1.0
-1.0
-1.0
-1.0
-1.0
25.9513
-1.0
-1.0
-1.0
37.5201
27.065
-1.0
-1.0
-1.0
-1.0
-1.0
-1.0
-1.0
-1.0
-1.0
-1.0
-1.0
-1.0
-1.0
-1.0
-1.0
29.6853
-1.0
-1.0
50.0577
-1.0
-1.0
20.8119
48.5994
-1.0
-1.0
36.3644
-1.0
-1.0
25.7977
-1.0
-1.0
-1.0
-1.0
-1.0
25.4532
-1.0
-1.0
42.4109
-1.0
-1.0
-1.0
-1.0
-1.0
-1.0
-1.0
-1.0
-1.0
39.2476
-1.0
51.4139
-1.0
-1.0
48.5695
30.1143
45.8595
-1.0
-1.0
-1.0
39.9161
34.5252
52.1269
50.1053
-1.0
47.5629
-1.0
38.3481
-1.0
-1.0
-1.0
-1.0
-1.0
37.7766
-1.0
-1.0
-1.0
-1.0
22.7175
51.6522
30.7462
-1.0
-1.0
-1.0
44.2293
-1.0
-1.0
-1.0
-1.0
-1.0
-1.0
-1.0
-1.0
-1.0
-1.0
-1.0
-1.0
32.5627
-1.0
-1.0
-1.0
-1.0
-1.0
-1.0
-1.0
-1.0
36.8702
-1.0
40.2179
-1.0
47.1188
-1.0
-1.0
40.1569
-1.0
-1.0
-1.0
48.2332
-1.0
51.4519
-1.0
42.4164
50.9704
-1.0
-1.0
-1.0
-1.0
-1.0
-1.0
-1.0
-1.0
-1.0
-1.0
36.9947
-1.0
-1.0
-1.0
-1.0
-1.0
-1.0
-1.0
-1.0
-1.0
33.2566
-1.0
-1.0
23.601
-1.0
-1.0
40.6297
-1.0
-1.0
-1.0
-1.0
-1.0
-1.0
-1.0
-1.0
-1.0
-1.0
-1.0
-1.0
33.8365
47.2495
-1.0
45.1565
-1.0
-1.0
22.8746
-1.0
-1.0
-1.0
48.9853
-1.0
36.2201
-1.0
-1.0
-1.0
-1.0
-1.0
47.6485
-1.0
-1.0
-1.0
-1.0
-1.0
-1.0
-1.0
-1.0
40.5001
-1.0
-1.0
-1.0
-1.0
-1.0
-1.0
-1.0
43.2611
-1.0
-1.0
-1.0
-1.0
-1.0
37.5663
-1.0
-1.0
43.1248
42.0869
-1.0
32.7485
-1.0
-1.0
-1.0
-1.0
-1.0
-1.0
50.2427
-1.0
-1.0
-1.0
-1.0
49.7115
-1.0
-1.0
-1.0
-1.0
32.9873
-1.0
-1.0
-1.0
-1.0
-1.0
-1.0
-1.0
34.3053
-1.0
31.6092
-1.0
41.0774
-1.0
-1.0
-1.0
-1.0
39.3917
-1.0
-1.0
-1.0
-1.0
-1.0
-1.0
20.4174
-1.0
18.8654
-1.0
-1.0
-1.0
-1.0
-1.0
-1.0
-1.0
-1.0
-1.0
-1.0
-1.0
-1.0
44.4439
-1.0
-1.0
-1.0
-1.0
-1.0
30.3691
-1.0
20.174
-1.0
-1.0
-1.0
-1.0
-1.0
-1.0
-1.0
-1.0
19.5552
-1.0
50.1787
-1.0
35.0063
-1.0
-1.0
-1.0
-1.0
-1.0
-1.0
46.5766
-1.0
-1.0
-1.0
-1.0
-1.0
31.37
-1.0
-1.0
-1.0
-1.0
-1.0
-1.0
-1.0
-1.0
-1.0
-1.0
-1.0
-1.0
-1.0
-1.0
39.9578
-1.0
31.044
-1.0
-1.0
-1.0
-1.0
-1.0
-1.0
33.5372
42.1325
36.785
-1.0
-1.0
-1.0
-1.0
-1.0
-1.0
-1.0
-1.0
-1.0
-1.0
28.9127
-1.0
-1.0
-1.0
-1.0
-1.0
-1.0
-1.0
-1.0
-1.0
-1.0
-1.0
51.9818
-1.0
45.0602
-1.0
-1.0
-1.0
49.9401
49.9592
-1.0
-1.0
-1.0
38.8302
50.5175
-1.0
-1.0
-1.0
-1.0
38.6302
-1.0
-1.0
-1.0
-1.0
-1.0
40.0866
-1.0
31.0173
-1.0
38.7012
-1.0
-1.0
-1.0
-1.0
-1.0
23.804
-1.0
-1.0
-1.0
41.5092
-1.0
-1.0
19.5647
-1.0
-1.0
-1.0
-1.0
35.5248
-1.0
-1.0
-1.0
-1.0
-1.0
-1.0
39.5949
-1.0
-1.0
35.5793
-1.0
-1.0
38.824
41.6013
-1.0
-1.0
-1.0
-1.0
-1.0
-1.0
-1.0
-1.0
27.6697
46.4582
-1.0
35.3206
-1.0
-1.0
24.6211
-1.0
-1.0
-1.0
-1.0
-1.0
-1.0
-1.0
-1.0
39.0989
-1.0
-1.0
-1.0
-1.0
-1.0
-1.0
-1.0
-1.0
-1.0
-1.0
-1.0
-1.0
-1.0
-1.0
24.476
-1.0
-1.0
-1.0
-1.0
-1.0
-1.0
-1.0
-1.0
-1.0
37.2989
-1.0
-1.0
-1.0
-1.0
-1.0
-1.0
-1.0
-1.0
-1.0
-1.0
-1.0
-1.0
49.8942
-1.0
28.9042
-1.0
-1.0
-1.0
-1.0
-1.0
46.4251
-1.0
-1.0
-1.0
51.8184
39.1507
-1.0
-1.0
-1.0
47.537
-1.0
-1.0
30.1549
-1.0
51.2908
-1.0
-1.0
-1.0
-1.0
-1.0
24.2246
-1.0
-1.0
-1.0
-1.0
-1.0
36.9721
-1.0
43.2386
-1.0
46.0993
43.4507
35.1884
37.9309
-1.0
-1.0
42.4702
-1.0
-1.0
-1.0
50.5684
-1.0
-1.0
-1.0
-1.0
-1.0
-1.0
47.3936
-1.0
-1.0
-1.0
-1.0
-1.0
-1.0
51.5949
-1.0
-1.0
-1.0
-1.0
-1.0
-1.0
-1.0
-1.0
-1.0
-1.0
-1.0
-1.0
-1.0
-1.0
-1.0
-1.0
-1.0
28.4763
25.1093
-1.0
18.4257
-1.0
38.1903
46.8667
-1.0
-1.0
-1.0
-1.0
-1.0
-1.0
-1.0
-1.0
-1.0
-1.0
-1.0
-1.0
-1.0
-1.0
-1.0
-1.0
-1.0
-1.0
-1.0
35.7066
-1.0
-1.0
32.4199
-1.0
-1.0
-1.0
-1.0
-1.0
-1.0
-1.0
-1.0
-1.0
-1.0
-1.0
-1.0
15.0585
-1.0
-1.0
-1.0
-1.0
24.6224
-1.0
-1.0
-1.0
-1.0
-1.0
47.7776
-1.0
-1.0
-1.0
-1.0
-1.0
-1.0
44.6714
-1.0
33.6994
-1.0
-1.0
-1.0
35.0558
-1.0
46.0881
-1.0
-1.0
-1.0
-1.0
-1.0
43.4932
-1.0
45.8245
-1.0
-1.0
52.2663
41.5755
-1.0
-1.0
-1.0
-1.0
-1.0
-1.0
-1.0
-1.0
-1.0
-1.0
-1.0
-1.0
-1.0
-1.0
18.7967
-1.0
-1.0
29.1945
-1.0
-1.0
-1.0
37.0771
-1.0
-1.0
27.0444
-1.0
37.0318
-1.0
-1.0
25.1271
-1.0
-1.0
-1.0
-1.0
-1.0
26.9102
-1.0
45.2748
-1.0
-1.0
-1.0
-1.0
-1.0
-1.0
-1.0
-1.0
-1.0
-1.0
-1.0
-1.0
-1.0
-1.0
-1.0
-1.0
-1.0
-1.0
-1.0
-1.0
32.6337
-1.0
-1.0
37.1338
-1.0
36.1681
-1.0
49.236
-1.0
-1.0
-1.0
-1.0
-1.0
24.7813
-1.0
-1.0
-1.0
-1.0
-1.0
-1.0
-1.0
-1.0
-1.0
-1.0
-1.0
44.543
-1.0
44.9528
-1.0
48.6613
-1.0
-1.0
-1.0
-1.0
19.5722
-1.0
-1.0
-1.0
17.8475
-1.0
-1.0
17.644
-1.0
-1.0
-1.0
-1.0
-1.0
-1.0
-1.0
-1.0
-1.0
-1.0
-1.0
-1.0
48.0751
-1.0
-1.0
-1.0
-1.0
49.6204
-1.0
-1.0
-1.0
-1.0
-1.0
-1.0
-1.0
-1.0
-1.0
-1.0
-1.0
-1.0
-1.0
-1.0
-1.0
-1.0
-1.0
45.1023
-1.0
-1.0
-1.0
-1.0
-1.0
-1.0
43.4991
-1.0
-1.0
-1.0
-1.0
-1.0
-1.0
-1.0
-1.0
27.9865
-1.0
-1.0
32.6587
-1.0
-1.0
-1.0
37.8614
46.8061
-1.0
36.6923
-1.0
31.6341
-1.0
-1.0
-1.0
-1.0
-1.0
-1.0
35.4571
-1.0
41.0111
-1.0
-1.0
-1.0
-1.0
-1.0
-1.0
-1.0
-1.0
-1.0
-1.0
41.3865
-1.0
-1.0
39.4816
-1.0
-1.0
-1.0
42.2292
-1.0
-1.0
-1.0
48.1357
-1.0
-1.0
-1.0
-1.0
-1.0
38.2179
-1.0
-1.0
15.0679
-1.0
-1.0
-1.0
-1.0
-1.0
36.4817
-1.0
-1.0
-1.0
36.5898
-1.0
-1.0
-1.0
-1.0
-1.0
-1.0
-1.0
22.0098
-1.0
-1.0
-1.0
-1.0
-1.0
-1.0
-1.0
-1.0
14.9265
-1.0
35.5985
-1.0
-1.0
-1.0
-1.0
30.9122
-1.0
-1.0
-1.0
-1.0
-1.0
-1.0
-1.0
35.437
42.6132
-1.0
-1.0
-1.0
18.5396
-1.0
-1.0
-1.0
49.4306
19.0003
-1.0
31.9526
-1.0
-1.0
-1.0
-1.0
-1.0
43.1754
-1.0
-1.0
-1.0
-1.0
-1.0
-1.0
-1.0
-1.0
-1.0
46.9895
-1.0
12.7818
-1.0
-1.0
-1.0
-1.0
17.6794
-1.0
40.612
-1.0
-1.0
-1.0
-1.0
-1.0
38.8222
-1.0
18.8921
-1.0
-1.0
-1.0
47.5035
-1.0
36.6263
-1.0
-1.0
-1.0
-1.0
-1.0
-1.0
-1.0
27.723
-1.0
16.0704
-1.0
-1.0
-1.0
-1.0
-1.0
-1.0
-1.0
-1.0
-1.0
-1.0
-1.0
-1.0
-1.0
-1.0
-1.0
-1.0
-1.0
-1.0
-1.0
48.8668
-1.0
-1.0
41.083
-1.0
-1.0
-1.0
-1.0
-1.0
-1.0
51.3711
-1.0
41.9411
-1.0
19.3078
-1.0
-1.0
-1.0
45.4315
-1.0
-1.0
-1.0
42.993
-1.0
-1.0
-1.0
-1.0
40.7647
-1.0
-1.0
-1.0
-1.0
-1.0
-1.0
-1.0
-1.0
-1.0
-1.0
-1.0
-1.0
-1.0
-1.0
-1.0
-1.0
27.1619
46.3787
45.8704
-1.0
-1.0
-1.0
49.427
42.397
-1.0
-1.0
-1.0
47.4934
-1.0
-1.0
-1.0
18.4575
-1.0
-1.0
-1.0
-1.0
35.3171
-1.0
-1.0
-1.0
-1.0
-1.0
-1.0
-1.0
-1.0
-1.0
-1.0
52.2903
36.1642
-1.0
-1.0
32.5151
-1.0
-1.0
-1.0
-1.0
44.5685
-1.0
-1.0
-1.0
-1.0
-1.0
16.7
-1.0
47.2614
-1.0
-1.0
11.7552
51.6826
-1.0
-1.0
-1.0
-1.0
-1.0
-1.0
-1.0
-1.0
-1.0
-1.0
50.8741
45.3775
-1.0
-1.0
19.8546
22.9051
-1.0
-1.0
38.3046
-1.0
-1.0
36.0361
-1.0
47.937
26.898
42.402
-1.0
24.1682
-1.0
-1.0
-1.0
-1.0
-1.0
47.8717
-1.0
-1.0
-1.0
-1.0
-1.0
-1.0
-1.0
29.7358
-1.0
-1.0
-1.0
-1.0
34.9524
51.1234
-1.0
34.1504
-1.0
27.7153
-1.0
45.3813
48.053
-1.0
-1.0
-1.0
-1.0
-1.0
-1.0
49.0793
-1.0
-1.0
-1.0
-1.0
-1.0
-1.0
-1.0
-1.0
-1.0
29.1339
-1.0
39.4372
24.8608
-1.0
-1.0
-1.0
-1.0
42.8474
-1.0
-1.0
-1.0
39.5442
40.8788
33.7372
25.693
-1.0
-1.0
28.8139
-1.0
-1.0
-1.0
-1.0
-1.0
-1.0
-1.0
-1.0
-1.0
-1.0
-1.0
28.4062
-1.0
-1.0
-1.0
-1.0
-1.0
-1.0
-1.0
-1.0
-1.0
-1.0
38.4408
43.088
31.883
-1.0
-1.0
-1.0
-1.0
48.6187
-1.0
-1.0
-1.0
-1.0
-1.0
43.9833
41.9091
26.5354
-1.0
-1.0
45.402
-1.0
-1.0
-1.0
46.7255
-1.0
9.06522
-1.0
-1.0
-1.0
42.3211
38.5255
-1.0
-1.0
-1.0
-1.0
-1.0
49.3136
-1.0
-1.0
-1.0
-1.0
-1.0
-1.0
-1.0
-1.0
-1.0
-1.0
-1.0
-1.0
-1.0
-1.0
35.1162
-1.0
-1.0
-1.0
-1.0
-1.0
7.8253
-1.0
46.2431
-1.0
-1.0
-1.0
-1.0
-1.0
-1.0
45.4944
-1.0
-1.0
-1.0
-1.0
38.7573
37.7943
-1.0
-1.0
-1.0
27.304
-1.0
-1.0
-1.0
-1.0
-1.0
-1.0
-1.0
20.476
-1.0
-1.0
-1.0
-1.0
-1.0
-1.0
-1.0
-1.0
-1.0
31.6096
-1.0
-1.0
41.7973
-1.0
-1.0
44.2511
-1.0
-1.0
27.7177
42.3004
-1.0
-1.0
-1.0
-1.0
-1.0
-1.0
16.4237
-1.0
-1.0
27.7373
-1.0
-1.0
-1.0
-1.0
-1.0
-1.0
-1.0
-1.0
-1.0
-1.0
-1.0
-1.0
-1.0
-1.0
50.795
39.0918
33.486
-1.0
-1.0
21.8499
-1.0
-1.0
-1.0
-1.0
-1.0
-1.0
-1.0
-1.0
-1.0
-1.0
-1.0
-1.0
-1.0
-1.0
29.5508
-1.0
-1.0
-1.0
-1.0
-1.0
-1.0
-1.0
-1.0
-1.0
27.8526
-1.0
-1.0
-1.0
-1.0
-1.0
41.693
-1.0
-1.0
32.2797
-1.0
-1.0
-1.0
-1.0
-1.0
-1.0
-1.0
-1.0
-1.0
-1.0
-1.0
-1.0
-1.0
51.4293
-1.0
-1.0
-1.0
39.984
32.8028
35.9032
-1.0
-1.0
-1.0
37.2906
-1.0
-1.0
-1.0
-1.0
-1.0
52.1192
-1.0
-1.0
-1.0
-1.0
-1.0
-1.0
-1.0
47.5522
-1.0
-1.0
-1.0
-1.0
-1.0
44.4909
45.9113
-1.0
-1.0
33.0239
-1.0
-1.0
-1.0
44.4817
-1.0
-1.0
-1.0
-1.0
-1.0
-1.0
-1.0
-1.0
42.6091
24.3588
29.3741
-1.0
-1.0
-1.0
-1.0
-1.0
-1.0
-1.0
-1.0
-1.0
43.1694
-1.0
43.1027
-1.0
-1.0
-1.0
31.7504
-1.0
-1.0
-1.0
-1.0
-1.0
-1.0
-1.0
-1.0
48.1762
-1.0
-1.0
-1.0
-1.0
-1.0
-1.0
-1.0
-1.0
-1.0
-1.0
-1.0
-1.0
48.15
-1.0
-1.0
-1.0
-1.0
-1.0
-1.0
-1.0
-1.0
-1.0
-1.0
-1.0
52.0724
-1.0
-1.0
-1.0
-1.0
-1.0
-1.0
-1.0
-1.0
-1.0
-1.0
-1.0
-1.0
-1.0
-1.0
28.0088
15.2862
-1.0
-1.0
17.9194
-1.0
-1.0
-1.0
-1.0
-1.0
-1.0
-1.0
-1.0
-1.0
-1.0
-1.0
-1.0
-1.0
-1.0
-1.0
-1.0
-1.0
-1.0
-1.0
-1.0
38.3136
52.2339
30.2886
-1.0
-1.0
-1.0
-1.0
-1.0
-1.0
-1.0
50.1774
39.3502
-1.0
-1.0
42.1469
-1.0
-1.0
-1.0
-1.0
48.1177
-1.0
25.3323
-1.0
-1.0
-1.0
24.4525
-1.0
-1.0
-1.0
-1.0
-1.0
-1.0
-1.0
-1.0
-1.0
-1.0
-1.0
47.8669
25.5578
-1.0
-1.0
-1.0
-1.0
-1.0
-1.0
36.1003
-1.0
-1.0
-1.0
-1.0
34.1393
-1.0
-1.0
-1.0
42.9612
-1.0
51.8376
45.2453
-1.0
-1.0
-1.0
-1.0
-1.0
45.0791
-1.0
-1.0
-1.0
-1.0
-1.0
-1.0
-1.0
-1.0
-1.0
-1.0
47.5677
47.2025
-1.0
-1.0
-1.0
-1.0
22.1455
19.7906
-1.0
32.6206
-1.0
-1.0
48.2072
-1.0
34.0944
-1.0
25.611
51.724
-1.0
-1.0
-1.0
-1.0
23.1995
-1.0
-1.0
37.6523
-1.0
-1.0
-1.0
-1.0
-1.0
48.7291
-1.0
-1.0
-1.0
-1.0
51.0093
-1.0
-1.0
-1.0
-1.0
-1.0
-1.0
-1.0
-1.0
-1.0
35.9613
-1.0
-1.0
-1.0
-1.0
44.5311
37.9853
-1.0
-1.0
-1.0
-1.0
-1.0
-1.0
38.2747
-1.0
48.763
-1.0
-1.0
-1.0
-1.0
13.9058
-1.0
35.8486
-1.0
51.2656
-1.0
-1.0
-1.0
-1.0
-1.0
-1.0
-1.0
-1.0
-1.0
-1.0
-1.0
-1.0
31.5003
-1.0
-1.0
37.2257
33.7496
-1.0
-1.0
-1.0
-1.0
41.8686
-1.0
-1.0
-1.0
-1.0
-1.0
-1.0
43.231
34.479
44.6931
-1.0
-1.0
39.4036
-1.0
23.8202
-1.0
-1.0
-1.0
-1.0
-1.0
50.599
-1.0
-1.0
-1.0
-1.0
-1.0
42.1526
-1.0
-1.0
51.7692
41.4281
-1.0
-1.0
-1.0
30.8955
-1.0
-1.0
-1.0
12.4898
-1.0
-1.0
-1.0
-1.0
-1.0
-1.0
-1.0
-1.0
-1.0
-1.0
-1.0
-1.0
45.0365
-1.0
-1.0
-1.0
-1.0
-1.0
-1.0
-1.0
-1.0
48.4223
-1.0
49.2672
29.2449
-1.0
-1.0
-1.0
36.658
-1.0
-1.0
-1.0
-1.0
47.4912
-1.0
-1.0
-1.0
-1.0
-1.0
48.7928
-1.0
44.5177
50.6648
-1.0
-1.0
-1.0
-1.0
48.229
-1.0
-1.0
-1.0
-1.0
28.9368
-1.0
-1.0
21.4282
-1.0
-1.0
-1.0
-1.0
-1.0
-1.0
-1.0
-1.0
-1.0
-1.0
-1.0
40.679
-1.0
-1.0
-1.0
-1.0
-1.0
49.7087
24.8127
-1.0
-1.0
-1.0
-1.0
-1.0
-1.0
-1.0
21.6582
-1.0
-1.0
51.9145
-1.0
-1.0
-1.0
-1.0
36.9189
33.9815
-1.0
-1.0
-1.0
-1.0
-1.0
-1.0
28.3256
30.448
-1.0
15.6757
-1.0
-1.0
-1.0
-1.0
-1.0
-1.0
-1.0
-1.0
-1.0
-1.0
24.897
-1.0
-1.0
-1.0
-1.0
-1.0
-1.0
-1.0
-1.0
46.7271
-1.0
-1.0
-1.0
-1.0
-1.0
32.4033
-1.0
-1.0
-1.0
-1.0
49.4445
-1.0
40.3705
32.7004
-1.0
-1.0
-1.0
-1.0
-1.0
-1.0
-1.0
47.269
-1.0
-1.0
-1.0
-1.0
-1.0
-1.0
-1.0
44.9803
-1.0
17.3864
20.3794
35.867
-1.0
40.3868
-1.0
-1.0
-1.0
-1.0
-1.0
-1.0
-1.0
-1.0
-1.0
-1.0
-1.0
-1.0
-1.0
-1.0
33.7542
-1.0
-1.0
-1.0
42.3212
-1.0
47.346
48.0847
-1.0
41.4492
-1.0
46.6477
42.7691
50.016
-1.0
-1.0
-1.0
44.966
-1.0
-1.0
42.2384
-1.0
-1.0
-1.0
37.4766
-1.0
-1.0
-1.0
-1.0
-1.0
-1.0
-1.0
-1.0
50.1224
-1.0
-1.0
-1.0
-1.0
36.3789
-1.0
-1.0
50.7051
-1.0
50.4409
18.8822
36.6899
-1.0
-1.0
-1.0
-1.0
41.1516
46.5202
-1.0
-1.0
47.3543
-1.0
42.4361
-1.0
-1.0
-1.0
-1.0
-1.0
46.2408
50.6165
-1.0
20.4075
27.2181
-1.0
-1.0
-1.0
26.6531
-1.0
-1.0
-1.0
-1.0
-1.0
36.34
-1.0
-1.0
-1.0
-1.0
-1.0
21.0203
8.15815
-1.0
-1.0
-1.0
-1.0
42.2834
29.3459
-1.0
-1.0
-1.0
-1.0
28.4642
-1.0
-1.0
-1.0
-1.0
-1.0
-1.0
-1.0
-1.0
-1.0
-1.0
48.4511
42.9122
-1.0
-1.0
-1.0
-1.0
28.1645
-1.0
-1.0
-1.0
-1.0
32.7322
-1.0
26.5389
-1.0
-1.0
-1.0
-1.0
-1.0
-1.0
-1.0
-1.0
-1.0
-1.0
14.1947
-1.0
-1.0
41.7522
-1.0
-1.0
42.7835
34.1399
-1.0
-1.0
-1.0
-1.0
-1.0
15.2688
-1.0
22.7997
-1.0
-1.0
-1.0
-1.0
-1.0
21.4058
-1.0
-1.0
53.8584
-1.0
-1.0
-1.0
-1.0
-1.0
-1.0
-1.0
-1.0
-1.0
26.7985
-1.0
-1.0
-1.0
-1.0
-1.0
-1.0
46.2694
-1.0
-1.0
-1.0
-1.0
-1.0
-1.0
-1.0
-1.0
-1.0
25.6486
-1.0
-1.0
-1.0
-1.0
-1.0
-1.0
-1.0
-1.0
47.8186
38.8552
-1.0
48.8377
-1.0
-1.0
30.0061
-1.0
-1.0
-1.0
-1.0
-1.0
-1.0
-1.0
-1.0
-1.0
-1.0
-1.0
-1.0
-1.0
-1.0
-1.0
39.3986
-1.0
-1.0
-1.0
-1.0
-1.0
-1.0
-1.0
26.5006
24.5083
-1.0
-1.0
29.2907
27.2224
-1.0
-1.0
-1.0
-1.0
-1.0
-1.0
-1.0
-1.0
32.6515
-1.0
11.6823
55.2394
-1.0
-1.0
-1.0
-1.0
-1.0
-1.0
-1.0
-1.0
-1.0
-1.0
-1.0
-1.0
-1.0
-1.0
-1.0
-1.0
-1.0
-1.0
-1.0
27.7394
-1.0
-1.0
-1.0
-1.0
-1.0
-1.0
-1.0
-1.0
-1.0
43.4209
-1.0
40.3814
24.2229
-1.0
-1.0
24.6429
-1.0
-1.0
-1.0
-1.0
-1.0
-1.0
-1.0
-1.0
-1.0
-1.0
-1.0
-1.0
-1.0
-1.0
-1.0
-1.0
24.1402
-1.0
-1.0
-1.0
34.3176
-1.0
-1.0
-1.0
-1.0
-1.0
-1.0
-1.0
-1.0
-1.0
-1.0
-1.0
-1.0
-1.0
-1.0
-1.0
-1.0
30.9901
-1.0
22.2115
-1.0
-1.0
42.3443
-1.0
-1.0
-1.0
-1.0
-1.0
-1.0
51.1534
17.0205
40.3789
-1.0
-1.0
-1.0
-1.0
40.7957
-1.0
-1.0
35.2763
-1.0
-1.0
-1.0
-1.0
-1.0
-1.0
6.08064
-1.0
-1.0
-1.0
-1.0
-1.0
-1.0
-1.0
-1.0
-1.0
-1.0
33.5627
-1.0
-1.0
-1.0
-1.0
-1.0
15.6935
-1.0
-1.0
-1.0
-1.0
-1.0
-1.0
-1.0
-1.0
-1.0
-1.0
36.8749
50.194
-1.0
-1.0
-1.0
-1.0
-1.0
34.1762
-1.0
-1.0
-1.0
-1.0
-1.0
37.5484
-1.0
-1.0
-1.0
-1.0
-1.0
-1.0
-1.0
-1.0
-1.0
36.9942
24.5516
-1.0
31.0557
-1.0
-1.0
31.1078
-1.0
-1.0
-1.0
-1.0
-1.0
-1.0
-1.0
35.5343
-1.0
-1.0
40.2301
28.3101
31.0117
-1.0
36.6611
-1.0
-1.0
-1.0
42.8408
-1.0
-1.0
-1.0
-1.0
-1.0
-1.0
44.4332
-1.0
-1.0
-1.0
-1.0
-1.0
37.756
-1.0
-1.0
-1.0
18.7582
39.2074
-1.0
-1.0
29.54
-1.0
-1.0
-1.0
-1.0
-1.0
42.5382
-1.0
-1.0
-1.0
-1.0
-1.0
-1.0
-1.0
-1.0
-1.0
49.2947
-1.0
-1.0
-1.0
-1.0
-1.0
-1.0
-1.0
21.8304
-1.0
44.4023
-1.0
-1.0
33.6207
-1.0
-1.0
-1.0
-1.0
-1.0
-1.0
-1.0
25.9272
-1.0
-1.0
-1.0
-1.0
-1.0
-1.0
-1.0
-1.0
39.9098
-1.0
-1.0
-1.0
-1.0
-1.0
-1.0
-1.0
-1.0
-1.0
-1.0
-1.0
-1.0
-1.0
-1.0
-1.0
-1.0
-1.0
-1.0
-1.0
-1.0
-1.0
-1.0
-1.0
34.401
9.1886
-1.0
35.948
-1.0
-1.0
-1.0
-1.0
-1.0
30.7926
-1.0
-1.0
-1.0
-1.0
-1.0
-1.0
-1.0
-1.0
-1.0
-1.0
-1.0
48.825
45.9506
32.2079
46.3905
-1.0
-1.0
-1.0
-1.0
-1.0
-1.0
-1.0
-1.0
-1.0
-1.0
-1.0
10.1831
-1.0
23.12
-1.0
-1.0
-1.0
-1.0
-1.0
47.3016
-1.0
28.8103
-1.0
23.9922
-1.0
-1.0
-1.0
-1.0
-1.0
-1.0
16.7677
-1.0
30.3248
43.9301
-1.0
28.2842
-1.0
46.8048
-1.0
-1.0
-1.0
40.0228
-1.0
-1.0
-1.0
-1.0
-1.0
-1.0
-1.0
-1.0
-1.0
-1.0
29.8789
41.497
-1.0
36.9886
65.9006
-1.0
45.9657
-1.0
-1.0
-1.0
-1.0
-1.0
-1.0
-1.0
-1.0
-1.0
-1.0
-1.0
-1.0
-1.0
-1.0
-1.0
-1.0
-1.0
-1.0
-1.0
-1.0
-1.0
33.293
-1.0
-1.0
-1.0
-1.0
-1.0
-1.0
-1.0
-1.0
41.2951
12.5576
-1.0
-1.0
-1.0
-1.0
35.0783
-1.0
38.9252
-1.0
-1.0
-1.0
-1.0
27.7796
-1.0
-1.0
40.9579
-1.0
39.7486
-1.0
-1.0
-1.0
28.1011
-1.0
-1.0
-1.0
-1.0
-1.0
42.3898
-1.0
-1.0
-1.0
-1.0
-1.0
-1.0
-1.0
40.933
-1.0
-1.0
-1.0
-1.0
-1.0
-1.0
20.5432
-1.0
-1.0
-1.0
-1.0
-1.0
43.3696
-1.0
-1.0
-1.0
-1.0
48.7008
-1.0
-1.0
25.7662
-1.0
51.6434
43.5574
43.6443
-1.0
-1.0
36.2309
-1.0
-1.0
34.7397
-1.0
-1.0
-1.0
-1.0
36.3653
-1.0
-1.0
-1.0
14.9339
32.7096
-1.0
-1.0
-1.0
-1.0
-1.0
-1.0
30.0938
-1.0
-1.0
-1.0
-1.0
-1.0
-1.0
-1.0
-1.0
27.8705
-1.0
17.7332
39.179
-1.0
-1.0
13.8415
39.0424
-1.0
-1.0
-1.0
-1.0
28.5212
-1.0
47.7847
49.6802
-1.0
-1.0
49.942
-1.0
38.0823
-1.0
15.3702
-1.0
25.126
-1.0
42.6761
-1.0
-1.0
-1.0
-1.0
-1.0
-1.0
-1.0
47.4032
19.1405
-1.0
-1.0
-1.0
-1.0
-1.0
11.8919
-1.0
-1.0
-1.0
-1.0
-1.0
38.1859
-1.0
16.0462
-1.0
-1.0
-1.0
-1.0
-1.0
-1.0
-1.0
-1.0
-1.0
-1.0
-1.0
-1.0
-1.0
-1.0
-1.0
-1.0
-1.0
-1.0
34.5582
-1.0
-1.0
-1.0
-1.0
-1.0
-1.0
-1.0
40.9876
-1.0
33.8411
-1.0
-1.0
39.0547
-1.0
22.3115
45.2113
-1.0
-1.0
-1.0
-1.0
-1.0
-1.0
10.4566
-1.0
-1.0
-1.0
-1.0
-1.0
-1.0
-1.0
-1.0
-1.0
-1.0
-1.0
27.5843
-1.0
-1.0
-1.0
-1.0
-1.0
46.8216
-1.0
51.983
-1.0
-1.0
33.558
-1.0
-1.0
-1.0
-1.0
-1.0
-1.0
-1.0
-1.0
-1.0
-1.0
32.7314
-1.0
-1.0
-1.0
-1.0
46.3855
-1.0
-1.0
-1.0
-1.0
-1.0
-1.0
-1.0
-1.0
43.8206
-1.0
46.721
-1.0
-1.0
-1.0
40.067
50.0082
-1.0
-1.0
-1.0
-1.0
-1.0
31.7336
-1.0
-1.0
51.7528
-1.0
-1.0
-1.0
-1.0
44.5408
-1.0
-1.0
-1.0
27.1613
-1.0
-1.0
-1.0
-1.0
-1.0
35.8213
-1.0
30.8464
-1.0
32.6939
-1.0
-1.0
41.0876
-1.0
-1.0
-1.0
-1.0
51.5314
27.5229
-1.0
-1.0
-1.0
-1.0
-1.0
-1.0
-1.0
-1.0
-1.0
-1.0
-1.0
-1.0
-1.0
-1.0
-1.0
-1.0
-1.0
-1.0
42.7918
41.16
-1.0
-1.0
-1.0
-1.0
42.2118
-1.0
15.5107
-1.0
-1.0
-1.0
-1.0
49.4392
17.0411
-1.0
-1.0
46.5369
-1.0
-1.0
-1.0
-1.0
-1.0
21.6105
-1.0
40.7475
-1.0
-1.0
-1.0
-1.0
-1.0
-1.0
-1.0
-1.0
-1.0
-1.0
-1.0
34.8803
-1.0
-1.0
-1.0
-1.0
-1.0
-1.0
41.5467
-1.0
-1.0
-1.0
45.8777
-1.0
-1.0
-1.0
-1.0
-1.0
-1.0
-1.0
-1.0
47.5475
-1.0
-1.0
-1.0
-1.0
-1.0
-1.0
-1.0
28.966
-1.0
34.4004
-1.0
-1.0
-1.0
-1.0
-1.0
-1.0
-1.0
-1.0
-1.0
-1.0
-1.0
-1.0
-1.0
39.4803
-1.0
-1.0
-1.0
-1.0
-1.0
25.336
-1.0
-1.0
-1.0
-1.0
-1.0
-1.0
50.2202
-1.0
31.686
29.948
-1.0
35.9879
-1.0
-1.0
-1.0
-1.0
-1.0
-1.0
-1.0
-1.0
-1.0
-1.0
-1.0
-1.0
-1.0
-1.0
-1.0
-1.0
-1.0
-1.0
-1.0
46.8892
-1.0
-1.0
-1.0
-1.0
-1.0
-1.0
-1.0
-1.0
-1.0
-1.0
43.2564
-1.0
-1.0
-1.0
-1.0
-1.0
-1.0
-1.0
-1.0
-1.0
-1.0
-1.0
-1.0
-1.0
-1.0
30.8744
-1.0
-1.0
-1.0
-1.0
-1.0
-1.0
-1.0
-1.0
-1.0
-1.0
-1.0
-1.0
38.3396
-1.0
-1.0
52.1955
33.6107
-1.0
-1.0
40.6491
35.2156
-1.0
-1.0
-1.0
-1.0
-1.0
-1.0
-1.0
-1.0
-1.0
-1.0
36.8575
-1.0
-1.0
-1.0
-1.0
-1.0
-1.0
-1.0
-1.0
-1.0
-1.0
24.3969
-1.0
-1.0
-1.0
-1.0
-1.0
34.6694
-1.0
-1.0
-1.0
51.4269
48.2439
-1.0
-1.0
-1.0
-1.0
-1.0
-1.0
-1.0
-1.0
-1.0
15.8286
-1.0
-1.0
-1.0
-1.0
24.3495
-1.0
-1.0
21.7779
46.9221
-1.0
53.1841
-1.0
-1.0
-1.0
37.9719
-1.0
-1.0
44.6984
-1.0
-1.0
-1.0
-1.0
-1.0
-1.0
-1.0
-1.0
-1.0
-1.0
-1.0
-1.0
-1.0
-1.0
46.4108
47.7774
45.9526
-1.0
45.949
-1.0
-1.0
34.1849
-1.0
-1.0
-1.0
-1.0
-1.0
-1.0
-1.0
-1.0
-1.0
-1.0
-1.0
-1.0
-1.0
-1.0
-1.0
-1.0
-1.0
-1.0
-1.0
30.7647
-1.0
-1.0
39.825
-1.0
-1.0
-1.0
-1.0
47.7088
-1.0
-1.0
41.5293
-1.0
-1.0
-1.0
-1.0
-1.0
52.0771
-1.0
47.5605
-1.0
43.7692
-1.0
-1.0
-1.0
32.7495
17.2605
-1.0
-1.0
-1.0
-1.0
-1.0
-1.0
-1.0
-1.0
-1.0
-1.0
45.6049
-1.0
-1.0
-1.0
-1.0
-1.0
-1.0
-1.0
-1.0
26.514
-1.0
-1.0
-1.0
-1.0
-1.0
-1.0
-1.0
-1.0
-1.0
-1.0
31.4878
-1.0
-1.0
-1.0
50.9953
-1.0
28.6336
-1.0
-1.0
-1.0
-1.0
-1.0
42.013
-1.0
-1.0
-1.0
-1.0
-1.0
-1.0
-1.0
-1.0
-1.0
-1.0
-1.0
-1.0
-1.0
-1.0
-1.0
-1.0
-1.0
-1.0
44.629
-1.0
-1.0
-1.0
-1.0
-1.0
-1.0
30.5128
-1.0
-1.0
-1.0
-1.0
-1.0
-1.0
-1.0
-1.0
-1.0
-1.0
-1.0
-1.0
-1.0
-1.0
-1.0
-1.0
-1.0
-1.0
-1.0
-1.0
-1.0
-1.0
-1.0
-1.0
-1.0
34.457
-1.0
-1.0
-1.0
-1.0
-1.0
-1.0
-1.0
-1.0
-1.0
49.5261
-1.0
-1.0
-1.0
48.7282
-1.0
44.7379
-1.0
-1.0
-1.0
-1.0
-1.0
-1.0
40.7014
-1.0
-1.0
-1.0
-1.0
-1.0
44.7535
-1.0
-1.0
-1.0
-1.0
-1.0
42.9778
-1.0
-1.0
-1.0
-1.0
-1.0
-1.0
31.6363
31.7942
-1.0
-1.0
-1.0
-1.0
-1.0
44.9657
-1.0
-1.0
-1.0
23.8001
-1.0
-1.0
48.8402
-1.0
28.1222
36.2122
-1.0
29.8865
-1.0
46.8956
9.90475
-1.0
-1.0
52.8818
-1.0
-1.0
-1.0
46.6557
48.2412
-1.0
-1.0
-1.0
-1.0
-1.0
-1.0
-1.0
-1.0
-1.0
25.1578
-1.0
32.9809
-1.0
-1.0
29.9134
-1.0
34.0052
-1.0
-1.0
35.9613
-1.0
-1.0
-1.0
-1.0
-1.0
4.71704
-1.0
24.9066
14.3445
49.8354
-1.0
-1.0
-1.0
-1.0
-1.0
37.5366
31.6113
-1.0
-1.0
21.0583
-1.0
-1.0
26.2156
-1.0
32.8191
-1.0
-1.0
-1.0
-1.0
42.1557
-1.0
-1.0
36.3367
-1.0
-1.0
-1.0
-1.0
-1.0
-1.0
-1.0
-1.0
-1.0
32.2399
-1.0
29.0004
39.2149
-1.0
49.0354
-1.0
48.4464
-1.0
-1.0
-1.0
26.9568
-1.0
-1.0
-1.0
-1.0
-1.0
-1.0
42.5666
-1.0
-1.0
-1.0
-1.0
-1.0
-1.0
-1.0
-1.0
-1.0
-1.0
43.0669
-1.0
33.5861
25.2593
-1.0
-1.0
13.9985
-1.0
12.1306
-1.0
-1.0
-1.0
-1.0
-1.0
14.4561
-1.0
-1.0
-1.0
-1.0
-1.0
-1.0
40.3526
-1.0
-1.0
-1.0
45.6798
-1.0
-1.0
-1.0
-1.0
-1.0
25.1488
-1.0
-1.0
-1.0
46.5292
-1.0
-1.0
-1.0
-1.0
-1.0
-1.0
-1.0
-1.0
-1.0
-1.0
-1.0
-1.0
52.2921
-1.0
-1.0
-1.0
-1.0
-1.0
-1.0
-1.0
-1.0
-1.0
40.9893
-1.0
-1.0
-1.0
-1.0
-1.0
-1.0
-1.0
-1.0
-1.0
-1.0
-1.0
-1.0
-1.0
-1.0
-1.0
-1.0
-1.0
-1.0
-1.0
-1.0
-1.0
-1.0
-1.0
44.1716
-1.0
-1.0
-1.0
-1.0
-1.0
-1.0
-1.0
-1.0
-1.0
-1.0
-1.0
-1.0
-1.0
-1.0
-1.0
-1.0
-1.0
-1.0
-1.0
-1.0
-1.0
-1.0
-1.0
-1.0
46.8555
-1.0
-1.0
50.2683
-1.0
-1.0
-1.0
-1.0
-1.0
47.2068
33.8298
-1.0
-1.0
-1.0
33.4986
39.0892
-1.0
-1.0
-1.0
-1.0
-1.0
-1.0
-1.0
-1.0
-1.0
-1.0
-1.0
-1.0
-1.0
-1.0
-1.0
-1.0
-1.0
-1.0
-1.0
-1.0
-1.0
-1.0
-1.0
37.0295
-1.0
-1.0
35.8874
44.1565
-1.0
-1.0
-1.0
52.2837
-1.0
-1.0
-1.0
-1.0
-1.0
38.0101
-1.0
-1.0
-1.0
-1.0
49.6909
-1.0
-1.0
-1.0
-1.0
-1.0
37.6754
-1.0
45.2307
19.4729
45.2734
-1.0
-1.0
-1.0
-1.0
-1.0
-1.0
-1.0
31.4099
-1.0
-1.0
37.9221
-1.0
-1.0
-1.0
51.494
-1.0
-1.0
49.9584
-1.0
-1.0
-1.0
-1.0
-1.0
-1.0
-1.0
-1.0
-1.0
-1.0
35.2067
-1.0
-1.0
-1.0
-1.0
-1.0
-1.0
-1.0
-1.0
-1.0
-1.0
-1.0
-1.0
-1.0
-1.0
-1.0
20.4063
-1.0
-1.0
-1.0
-1.0
20.4048
48.6979
-1.0
-1.0
47.4314
-1.0
43.3191
-1.0
-1.0
-1.0
-1.0
-1.0
-1.0
28.0012
-1.0
-1.0
-1.0
-1.0
-1.0
-1.0
49.7159
39.0082
-1.0
32.4691
34.4834
-1.0
39.9248
-1.0
-1.0
-1.0
35.0943
-1.0
33.7922
-1.0
-1.0
-1.0
-1.0
-1.0
-1.0
25.9709
41.0885
-1.0
-1.0
39.1769
-1.0
-1.0
-1.0
46.7163
-1.0
-1.0
-1.0
-1.0
34.102
29.1367
-1.0
15.6146
-1.0
42.3794
-1.0
46.3931
-1.0
-1.0
-1.0
-1.0
34.5423
-1.0
-1.0
-1.0
-1.0
-1.0
-1.0
-1.0
-1.0
31.5345
-1.0
-1.0
-1.0
40.3964
-1.0
-1.0
-1.0
-1.0
49.6798
-1.0
-1.0
-1.0
41.1745
-1.0
-1.0
-1.0
-1.0
23.2999
-1.0
-1.0
50.0209
-1.0
-1.0
-1.0
-1.0
-1.0
-1.0
-1.0
-1.0
-1.0
-1.0
-1.0
-1.0
-1.0
37.6192
-1.0
-1.0
-1.0
-1.0
27.9845
-1.0
-1.0
-1.0
-1.0
-1.0
-1.0
-1.0
-1.0
-1.0
-1.0
-1.0
-1.0
-1.0
-1.0
-1.0
-1.0
-1.0
43.7005
-1.0
-1.0
50.5472
-1.0
-1.0
-1.0
-1.0
-1.0
-1.0
41.4486
-1.0
-1.0
-1.0
-1.0
5.74741
-1.0
12.1795
-1.0
-1.0
-1.0
-1.0
-1.0
-1.0
-1.0
-1.0
-1.0
-1.0
44.7793
-1.0
-1.0
-1.0
-1.0
-1.0
39.6152
-1.0
-1.0
-1.0
-1.0
-1.0
-1.0
-1.0
-1.0
14.5476
-1.0
-1.0
-1.0
22.5842
-1.0
42.5456
-1.0
-1.0
-1.0
-1.0
-1.0
-1.0
-1.0
52.5325
21.8261
-1.0
-1.0
-1.0
-1.0
-1.0
37.6301
-1.0
-1.0
-1.0
-1.0
-1.0
-1.0
-1.0
28.919
29.2659
27.2925
-1.0
24.4445
-1.0
-1.0
-1.0
44.1846
-1.0
30.7459
47.4583
42.6177
-1.0
-1.0
41.3896
-1.0
36.409
-1.0
-1.0
-1.0
-1.0
-1.0
-1.0
-1.0
-1.0
-1.0
-1.0
-1.0
-1.0
44.5684
-1.0
-1.0
46.1691
-1.0
-1.0
-1.0
-1.0
-1.0
30.1044
-1.0
-1.0
42.999
-1.0
20.1506
-1.0
47.1655
-1.0
-1.0
-1.0
-1.0
-1.0
49.5205
-1.0
-1.0
19.3081
-1.0
28.9401
23.752
-1.0
36.0581
-1.0
-1.0
-1.0
-1.0
-1.0
-1.0
18.0922
44.4673
-1.0
-1.0
-1.0
-1.0
-1.0
-1.0
-1.0
-1.0
27.199
-1.0
-1.0
-1.0
49.777
-1.0
-1.0
-1.0
-1.0
-1.0
-1.0
-1.0
20.9341
-1.0
29.1356
-1.0
-1.0
-1.0
-1.0
-1.0
24.6385
-1.0
-1.0
-1.0
-1.0
-1.0
-1.0
-1.0
-1.0
-1.0
-1.0
44.4378
40.8248
40.8453
-1.0
-1.0
-1.0
21.7647
-1.0
50.8017
-1.0
38.687
-1.0
-1.0
7.33373
-1.0
33.9334
32.3932
-1.0
-1.0
26.3417
18.3583
-1.0
-1.0
37.9205
33.7457
-1.0
-1.0
-1.0
42.4894
39.971
-1.0
-1.0
-1.0
-1.0
22.7453
35.0398
-1.0
32.2084
-1.0
-1.0
-1.0
-1.0
-1.0
-1.0
-1.0
-1.0
-1.0
-1.0
49.9193
-1.0
-1.0
-1.0
-1.0
-1.0
-1.0
-1.0
41.1216
-1.0
-1.0
-1.0
-1.0
-1.0
49.3748
-1.0
-1.0
-1.0
24.4495
-1.0
-1.0
-1.0
-1.0
-1.0
-1.0
-1.0
-1.0
-1.0
-1.0
-1.0
-1.0
-1.0
45.2002
-1.0
-1.0
-1.0
-1.0
-1.0
-1.0
-1.0
-1.0
38.1686
-1.0
41.7684
-1.0
-1.0
-1.0
-1.0
-1.0
24.2872
-1.0
-1.0
25.4866
19.0444
-1.0
-1.0
-1.0
45.5658
-1.0
-1.0
36.8461
34.5808
-1.0
-1.0
-1.0
-1.0
-1.0
36.1732
-1.0
-1.0
-1.0
-1.0
-1.0
-1.0
39.6564
-1.0
9.12612
-1.0
-1.0
-1.0
-1.0
-1.0
-1.0
-1.0
47.2114
-1.0
37.663
48.5583
38.2131
-1.0
-1.0
-1.0
37.814
-1.0
48.7071
-1.0
-1.0
50.8756
-1.0
-1.0
-1.0
-1.0
-1.0
-1.0
-1.0
51.4226
42.7718
-1.0
-1.0
-1.0
-1.0
26.9646
-1.0
-1.0
-1.0
-1.0
-1.0
-1.0
-1.0
-1.0
-1.0
-1.0
27.1996
20.5478
-1.0
-1.0
-1.0
-1.0
-1.0
-1.0
-1.0
-1.0
-1.0
-1.0
-1.0
-1.0
-1.0
-1.0
-1.0
-1.0
-1.0
-1.0
-1.0
32.7893
-1.0
-1.0
-1.0
-1.0
-1.0
-1.0
31.881
-1.0
-1.0
-1.0
-1.0
50.9617
-1.0
-1.0
-1.0
-1.0
-1.0
29.8856
-1.0
-1.0
-1.0
44.5134
-1.0
-1.0
44.8743
-1.0
-1.0
-1.0
-1.0
-1.0
-1.0
-1.0
44.3885
-1.0
39.3911
-1.0
-1.0
50.7846
-1.0
28.9692
19.7202
-1.0
-1.0
-1.0
-1.0
-1.0
-1.0
-1.0
41.1741
-1.0
-1.0
-1.0
-1.0
-1.0
17.7824
-1.0
40.8442
-1.0
52.1113
-1.0
35.0089
53.1741
-1.0
-1.0
26.801
-1.0
40.5833
-1.0
-1.0
-1.0
-1.0
-1.0
-1.0
-1.0
-1.0
-1.0
-1.0
-1.0
-1.0
-1.0
39.6814
-1.0
-1.0
-1.0
-1.0
-1.0
-1.0
-1.0
-1.0
-1.0
21.7405
-1.0
-1.0
-1.0
-1.0
-1.0
-1.0
49.9969
-1.0
-1.0
41.4322
-1.0
-1.0
-1.0
-1.0
-1.0
-1.0
-1.0
-1.0
-1.0
-1.0
-1.0
31.6515
-1.0
-1.0
-1.0
-1.0
-1.0
-1.0
-1.0
-1.0
-1.0
47.562
-1.0
-1.0
29.2876
-1.0
-1.0
-1.0
-1.0
-1.0
-1.0
-1.0
-1.0
13.7203
-1.0
-1.0
-1.0
-1.0
-1.0
-1.0
-1.0
41.0419
-1.0
22.1238
42.2735
39.0468
-1.0
-1.0
-1.0
-1.0
-1.0
-1.0
-1.0
34.1729
-1.0
-1.0
-1.0
31.3319
30.3147
-1.0
-1.0
-1.0
39.482
-1.0
41.983
-1.0
-1.0
-1.0
-1.0
-1.0
-1.0
-1.0
41.0212
16.9977
27.8169
-1.0
35.7711
-1.0
9.89402
50.5704
-1.0
48.0294
-1.0
-1.0
-1.0
-1.0
-1.0
-1.0
-1.0
-1.0
-1.0
-1.0
-1.0
-1.0
-1.0
-1.0
-1.0
-1.0
-1.0
-1.0
-1.0
-1.0
-1.0
47.5016
-1.0
-1.0
-1.0
-1.0
-1.0
-1.0
-1.0
-1.0
-1.0
10.626
-1.0
-1.0
-1.0
-1.0
-1.0
-1.0
-1.0
-1.0
50.1245
-1.0
-1.0
-1.0
-1.0
-1.0
-1.0
-1.0
-1.0
-1.0
-1.0
-1.0
-1.0
-1.0
48.0992
47.5485
-1.0
-1.0
-1.0
-1.0
-1.0
-1.0
-1.0
-1.0
13.4203
47.9414
-1.0
-1.0
-1.0
-1.0
-1.0
-1.0
-1.0
-1.0
-1.0
-1.0
-1.0
-1.0
-1.0
-1.0
-1.0
-1.0
-1.0
39.1323
-1.0
-1.0
-1.0
-1.0
-1.0
-1.0
-1.0
-1.0
-1.0
-1.0
-1.0
-1.0
-1.0
-1.0
-1.0
48.1643
-1.0
-1.0
-1.0
-1.0
-1.0
-1.0
-1.0
-1.0
28.4491
-1.0
-1.0
-1.0
-1.0
-1.0
-1.0
29.9289
-1.0
-1.0
26.5666
-1.0
-1.0
51.8751
-1.0
20.2058
23.8895
35.6399
-1.0
-1.0
50.8468
-1.0
-1.0
-1.0
-1.0
-1.0
-1.0
-1.0
21.1398
-1.0
-1.0
-1.0
32.6109
-1.0
-1.0
-1.0
-1.0
-1.0
-1.0
31.1337
-1.0
-1.0
-1.0
-1.0
42.9843
-1.0
-1.0
-1.0
-1.0
-1.0
32.2936
-1.0
-1.0
-1.0
-1.0
47.5184
-1.0
-1.0
38.4175
46.1492
-1.0
29.9502
-1.0
-1.0
-1.0
22.1706
32.5273
-1.0
-1.0
-1.0
-1.0
-1.0
-1.0
-1.0
-1.0
-1.0
-1.0
44.2448
-1.0
-1.0
-1.0
-1.0
-1.0
48.9744
38.843
-1.0
-1.0
-1.0
-1.0
-1.0
-1.0
51.3507
-1.0
31.6818
-1.0
47.1284
-1.0
-1.0
23.3204
-1.0
-1.0
-1.0
45.9984
-1.0
-1.0
-1.0
43.5135
-1.0
-1.0
-1.0
50.2797
-1.0
33.8289
-1.0
-1.0
9.55565
-1.0
-1.0
46.3975
-1.0
46.8044
-1.0
-1.0
-1.0
46.4137
29.1609
-1.0
-1.0
-1.0
-1.0
49.7579
-1.0
35.8466
24.0313
-1.0
-1.0
-1.0
-1.0
-1.0
-1.0
-1.0
-1.0
41.5303
-1.0
-1.0
-1.0
-1.0
-1.0
-1.0
-1.0
-1.0
-1.0
-1.0
-1.0
43.3434
-1.0
52.6673
-1.0
-1.0
-1.0
32.1339
-1.0
-1.0
-1.0
-1.0
-1.0
-1.0
-1.0
47.054
-1.0
-1.0
-1.0
-1.0
-1.0
-1.0
-1.0
-1.0
-1.0
30.0872
-1.0
-1.0
-1.0
-1.0
-1.0
-1.0
-1.0
38.0623
30.7345
-1.0
-1.0
-1.0
-1.0
-1.0
-1.0
-1.0
-1.0
48.7278
-1.0
-1.0
16.1435
-1.0
-1.0
-1.0
-1.0
-1.0
-1.0
-1.0
-1.0
-1.0
-1.0
27.7201
-1.0
-1.0
-1.0
46.4414
44.9429
-1.0
-1.0
-1.0
21.5494
-1.0
32.1598
-1.0
-1.0
-1.0
-1.0
29.8446
46.2345
-1.0
15.0381
42.4882
-1.0
-1.0
-1.0
-1.0
-1.0
-1.0
48.9418
-1.0
-1.0
-1.0
-1.0
-1.0
42.9913
-1.0
-1.0
-1.0
-1.0
35.4555
-1.0
33.4863
-1.0
-1.0
-1.0
-1.0
-1.0
-1.0
-1.0
-1.0
49.2517
-1.0
-1.0
-1.0
49.274
-1.0
-1.0
-1.0
-1.0
-1.0
-1.0
-1.0
-1.0
-1.0
-1.0
-1.0
34.8055
-1.0
-1.0
-1.0
-1.0
35.1839
-1.0
30.9844
-1.0
-1.0
-1.0
-1.0
-1.0
-1.0
-1.0
-1.0
-1.0
-1.0
-1.0
-1.0
43.2651
-1.0
-1.0
-1.0
-1.0
-1.0
-1.0
40.8005
-1.0
-1.0
-1.0
-1.0
36.2261
14.7472
41.033
-1.0
32.2481
27.4354
-1.0
23.4537
-1.0
-1.0
-1.0
-1.0
-1.0
23.749
35.8509
-1.0
-1.0
36.1772
-1.0
-1.0
-1.0
-1.0
-1.0
-1.0
-1.0
-1.0
-1.0
-1.0
-1.0
-1.0
25.2122
-1.0
-1.0
-1.0
-1.0
57.0108
-1.0
-1.0
-1.0
-1.0
-1.0
-1.0
-1.0
-1.0
18.5292
-1.0
47.3775
-1.0
-1.0
43.0372
-1.0
-1.0
44.5222
45.9855
37.251
42.9008
29.3755
-1.0
-1.0
-1.0
-1.0
-1.0
-1.0
-1.0
-1.0
26.1798
-1.0
-1.0
44.3985
-1.0
29.3445
-1.0
-1.0
14.5609
-1.0
-1.0
-1.0
36.657
-1.0
-1.0
-1.0
-1.0
-1.0
21.7579
-1.0
-1.0
-1.0
43.7951
-1.0
-1.0
42.0273
-1.0
40.8664
-1.0
-1.0
-1.0
-1.0
-1.0
-1.0
-1.0
51.6167
-1.0
-1.0
-1.0
-1.0
-1.0
-1.0
23.3045
-1.0
-1.0
-1.0
37.1458
-1.0
-1.0
8.50114
51.3465
-1.0
28.1266
-1.0
31.5125
44.9488
-1.0
-1.0
48.332
48.9708
9.37554
-1.0
-1.0
50.2726
30.8333
-1.0
-1.0
-1.0
51.7569
-1.0
-1.0
-1.0
-1.0
-1.0
-1.0
-1.0
35.8731
-1.0
-1.0
-1.0
-1.0
-1.0
-1.0
-1.0
44.4528
-1.0
-1.0
-1.0
-1.0
-1.0
-1.0
49.4698
24.9262
-1.0
-1.0
-1.0
47.4757
-1.0
-1.0
-1.0
-1.0
-1.0
-1.0
-1.0
-1.0
-1.0
-1.0
-1.0
-1.0
-1.0
23.947
-1.0
-1.0
-1.0
-1.0
-1.0
53.8035
-1.0
-1.0
-1.0
-1.0
-1.0
-1.0
-1.0
43.5044
-1.0
-1.0
-1.0
-1.0
-1.0
-1.0
45.4801
45.1054
-1.0
-1.0
-1.0
-1.0
-1.0
33.8215
-1.0
35.8908
-1.0
-1.0
-1.0
-1.0
-1.0
48.3162
39.0696
-1.0
-1.0
-1.0
-1.0
-1.0
-1.0
-1.0
36.9149
-1.0
-1.0
-1.0
-1.0
-1.0
-1.0
-1.0
-1.0
40.9184
-1.0
45.9703
30.4047
-1.0
-1.0
-1.0
-1.0
-1.0
-1.0
-1.0
33.2685
-1.0
-1.0
-1.0
-1.0
35.0982
-1.0
-1.0
-1.0
-1.0
-1.0
-1.0
-1.0
-1.0
-1.0
-1.0
43.7793
-1.0
-1.0
-1.0
-1.0
46.7937
-1.0
-1.0
24.9498
-1.0
-1.0
-1.0
-1.0
-1.0
-1.0
-1.0
-1.0
-1.0
-1.0
-1.0
51.7926
-1.0
46.6807
22.1868
-1.0
-1.0
-1.0
-1.0
-1.0
-1.0
-1.0
17.8681
11.1004
-1.0
-1.0
27.6395
-1.0
-1.0
-1.0
42.4011
-1.0
-1.0
18.3033
39.6768
-1.0
38.2188
-1.0
-1.0
25.9897
48.0755
-1.0
-1.0
13.702
-1.0
-1.0
35.033
-1.0
28.2784
17.9956
-1.0
-1.0
-1.0
-1.0
-1.0
-1.0
-1.0
46.813
-1.0
32.4331
-1.0
-1.0
-1.0
-1.0
-1.0
41.8995
-1.0
-1.0
-1.0
-1.0
46.7568
21.5933
-1.0
-1.0
-1.0
27.006
-1.0
-1.0
-1.0
-1.0
-1.0
-1.0
-1.0
-1.0
-1.0
-1.0
-1.0
-1.0
48.1178
-1.0
-1.0
-1.0
-1.0
-1.0
40.1946
50.3334
32.2178
-1.0
-1.0
-1.0
-1.0
-1.0
-1.0
-1.0
-1.0
-1.0
-1.0
-1.0
40.7458
29.127
21.9271
-1.0
-1.0
-1.0
-1.0
31.3417
-1.0
-1.0
-1.0
-1.0
-1.0
-1.0
-1.0
18.6765
-1.0
-1.0
-1.0
-1.0
-1.0
-1.0
-1.0
-1.0
-1.0
-1.0
-1.0
-1.0
14.601
-1.0
-1.0
-1.0
-1.0
27.1203
-1.0
36.3682
-1.0
29.9796
-1.0
-1.0
-1.0
-1.0
-1.0
32.3859
-1.0
-1.0
43.0759
-1.0
-1.0
-1.0
-1.0
-1.0
-1.0
33.0319
33.852
-1.0
-1.0
-1.0
-1.0
-1.0
-1.0
30.4259
-1.0
46.9312
-1.0
7.91803
30.8487
-1.0
-1.0
43.9208
-1.0
-1.0
-1.0
-1.0
-1.0
-1.0
-1.0
-1.0
42.6822
-1.0
-1.0
35.7458
46.2066
49.1916
-1.0
-1.0
-1.0
-1.0
-1.0
-1.0
-1.0
-1.0
-1.0
-1.0
-1.0
48.5191
17.8186
-1.0
-1.0
-1.0
-1.0
-1.0
18.699
41.034
-1.0
-1.0
50.1001
-1.0
-1.0
-1.0
7.07426
36.5071
-1.0
-1.0
-1.0
-1.0
46.951
-1.0
-1.0
-1.0
-1.0
-1.0
-1.0
-1.0
-1.0
-1.0
-1.0
25.8193
28.9946
-1.0
27.3506
35.8642
43.6314
47.1593
-1.0
-1.0
-1.0
-1.0
-1.0
-1.0
37.8142
-1.0
41.7551
-1.0
-1.0
46.6259
-1.0
-1.0
37.7191
-1.0
44.7547
36.7619
-1.0
49.9484
-1.0
-1.0
-1.0
-1.0
-1.0
45.8256
34.7652
-1.0
-1.0
-1.0
-1.0
-1.0
-1.0
-1.0
-1.0
51.3373
-1.0
-1.0
26.776
-1.0
-1.0
-1.0
27.5983
-1.0
-1.0
-1.0
-1.0
-1.0
-1.0
44.1646
34.3699
-1.0
-1.0
-1.0
-1.0
-1.0
-1.0
-1.0
-1.0
-1.0
-1.0
-1.0
-1.0
-1.0
-1.0
-1.0
-1.0
-1.0
42.0273
-1.0
27.778
35.2544
-1.0
-1.0
-1.0
-1.0
-1.0
-1.0
-1.0
42.1169
-1.0
-1.0
-1.0
-1.0
-1.0
-1.0
-1.0
-1.0
-1.0
-1.0
22.4719
-1.0
-1.0
-1.0
32.674
49.1288
-1.0
47.771
-1.0
30.4315
-1.0
-1.0
-1.0
26.7443
25.3085
-1.0
-1.0
-1.0
26.4973
38.7687
-1.0
-1.0
-1.0
-1.0
44.7822
33.9014
-1.0
-1.0
-1.0
50.9029
-1.0
-1.0
-1.0
-1.0
-1.0
-1.0
-1.0
-1.0
-1.0
-1.0
-1.0
-1.0
-1.0
-1.0
-1.0
-1.0
-1.0
-1.0
-1.0
-1.0
41.3164
-1.0
-1.0
50.7831
-1.0
-1.0
18.3571
-1.0
-1.0
-1.0
48.7743
-1.0
19.5132
-1.0
-1.0
36.5744
-1.0
-1.0
46.2621
-1.0
-1.0
-1.0
-1.0
-1.0
-1.0
-1.0
-1.0
-1.0
-1.0
-1.0
24.3797
46.2621
-1.0
-1.0
-1.0
-1.0
-1.0
-1.0
35.1905
30.9495
41.9247
-1.0
-1.0
-1.0
23.6456
-1.0
-1.0
-1.0
36.8198
-1.0
53.2959
-1.0
-1.0
51.3707
-1.0
-1.0
-1.0
-1.0
-1.0
-1.0
-1.0
-1.0
-1.0
-1.0
-1.0
-1.0
-1.0
39.5689
-1.0
24.6776
49.6329
-1.0
-1.0
-1.0
-1.0
9.33355
47.5884
-1.0
-1.0
-1.0
-1.0
-1.0
-1.0
-1.0
-1.0
-1.0
-1.0
-1.0
-1.0
-1.0
-1.0
30.4963
38.0005
-1.0
-1.0
-1.0
-1.0
47.0375
-1.0
48.8411
-1.0
-1.0
29.9652
-1.0
-1.0
23.4594
-1.0
-1.0
-1.0
-1.0
-1.0
-1.0
-1.0
-1.0
-1.0
-1.0
-1.0
6.36424
-1.0
-1.0
-1.0
-1.0
-1.0
-1.0
46.8136
39.0206
-1.0
-1.0
-1.0
-1.0
47.2033
-1.0
-1.0
29.9617
7.71319
43.3025
-1.0
-1.0
-1.0
-1.0
-1.0
-1.0
-1.0
-1.0
-1.0
50.7771
-1.0
-1.0
26.5228
28.7132
-1.0
-1.0
-1.0
19.7702
41.5042
-1.0
-1.0
-1.0
-1.0
-1.0
-1.0
-1.0
-1.0
-1.0
-1.0
-1.0
-1.0
-1.0
-1.0
-1.0
-1.0
-1.0
32.301
-1.0
-1.0
-1.0
-1.0
-1.0
-1.0
-1.0
-1.0
-1.0
-1.0
-1.0
30.7298
-1.0
-1.0
-1.0
-1.0
28.9672
-1.0
-1.0
-1.0
-1.0
-1.0
-1.0
-1.0
-1.0
-1.0
-1.0
12.1074
-1.0
-1.0
-1.0
-1.0
48.4494
-1.0
-1.0
-1.0
-1.0
39.528
-1.0
-1.0
-1.0
-1.0
29.8585
-1.0
-1.0
-1.0
29.9719
-1.0
50.0388
32.7306
-1.0
-1.0
-1.0
26.405
-1.0
-1.0
25.2587
41.6364
20.2711
-1.0
-1.0
45.8406
24.4611
30.9052
52.2884
-1.0
-1.0
-1.0
-1.0
-1.0
-1.0
20.4556
-1.0
-1.0
12.2387
31.8321
47.3055
-1.0
-1.0
-1.0
-1.0
-1.0
-1.0
-1.0
-1.0
-1.0
-1.0
-1.0
-1.0
-1.0
-1.0
-1.0
43.8258
48.8317
-1.0
-1.0
-1.0
-1.0
-1.0
11.306
-1.0
-1.0
27.8857
52.2776
31.209
38.0547
-1.0
-1.0
25.4333
-1.0
-1.0
-1.0
-1.0
42.9476
-1.0
49.58
-1.0
-1.0
26.7038
35.7597
-1.0
-1.0
-1.0
23.2778
37.5502
-1.0
-1.0
-1.0
-1.0
-1.0
-1.0
-1.0
-1.0
-1.0
-1.0
-1.0
-1.0
-1.0
-1.0
48.4324
-1.0
-1.0
-1.0
-1.0
51.4498
-1.0
-1.0
-1.0
-1.0
-1.0
33.4631
-1.0
-1.0
-1.0
-1.0
-1.0
46.3714
-1.0
-1.0
-1.0
-1.0
-1.0
20.4289
-1.0
-1.0
39.0906
-1.0
-1.0
44.9841
47.7098
-1.0
-1.0
30.8134
-1.0
-1.0
-1.0
41.9176
-1.0
-1.0
-1.0
-1.0
-1.0
-1.0
-1.0
-1.0
-1.0
-1.0
-1.0
14.1968
-1.0
-1.0
-1.0
-1.0
49.5478
46.4919
-1.0
-1.0
-1.0
-1.0
-1.0
-1.0
-1.0
6.58117
-1.0
-1.0
36.4683
-1.0
-1.0
-1.0
-1.0
38.8651
-1.0
-1.0
-1.0
37.7062
-1.0
20.0706
20.1197
-1.0
-1.0
-1.0
41.5252
-1.0
-1.0
-1.0
-1.0
-1.0
-1.0
-1.0
-1.0
-1.0
-1.0
49.8721
-1.0
39.9547
-1.0
-1.0
-1.0
-1.0
-1.0
-1.0
-1.0
28.6318
-1.0
-1.0
-1.0
-1.0
-1.0
-1.0
-1.0
-1.0
-1.0
-1.0
-1.0
-1.0
23.1444
-1.0
16.6156
33.9727
-1.0
-1.0
-1.0
-1.0
-1.0
27.3785
37.4775
-1.0
-1.0
-1.0
34.322
-1.0
41.309
41.9538
-1.0
-1.0
13.2085
-1.0
-1.0
-1.0
27.1834
-1.0
-1.0
47.1891
42.5891
-1.0
-1.0
30.5095
-1.0
-1.0
-1.0
-1.0
-1.0
-1.0
46.1629
-1.0
-1.0
-1.0
-1.0
-1.0
38.1668
-1.0
-1.0
-1.0
-1.0
-1.0
-1.0
-1.0
-1.0
-1.0
-1.0
-1.0
-1.0
10.4674
-1.0
-1.0
-1.0
-1.0
22.0017
-1.0
-1.0
-1.0
-1.0
-1.0
39.7212
51.5364
-1.0
-1.0
47.8064
-1.0
-1.0
-1.0
-1.0
-1.0
-1.0
-1.0
-1.0
-1.0
-1.0
-1.0
44.8044
20.7993
-1.0
49.453
-1.0
33.2252
-1.0
-1.0
-1.0
-1.0
-1.0
14.4249
-1.0
-1.0
-1.0
-1.0
-1.0
48.225
-1.0
44.7749
40.3517
21.607
-1.0
-1.0
-1.0
-1.0
47.3863
-1.0
-1.0
-1.0
37.8936
-1.0
-1.0
-1.0
25.711
-1.0
-1.0
21.0028
-1.0
-1.0
35.0281
-1.0
-1.0
-1.0
-1.0
-1.0
24.2017
-1.0
31.1758
49.7034
-1.0
-1.0
-1.0
-1.0
42.9419
43.5748
-1.0
-1.0
49.3545
-1.0
-1.0
-1.0
-1.0
-1.0
-1.0
49.9037
41.1442
-1.0
-1.0
-1.0
-1.0
-1.0
47.9109
-1.0
-1.0
-1.0
-1.0
-1.0
-1.0
-1.0
25.6025
-1.0
33.807
-1.0
-1.0
-1.0
-1.0
50.7319
-1.0
43.2399
-1.0
-1.0
-1.0
-1.0
-1.0
-1.0
-1.0
42.8354
-1.0
-1.0
-1.0
-1.0
-1.0
-1.0
-1.0
-1.0
-1.0
-1.0
-1.0
-1.0
34.0819
45.1234
-1.0
-1.0
35.3595
20.6882
-1.0
-1.0
-1.0
22.6318
-1.0
-1.0
-1.0
50.7109
-1.0
-1.0
42.604
48.9581
-1.0
-1.0
-1.0
-1.0
-1.0
45.015
48.6856
20.9313
-1.0
-1.0
-1.0
37.7958
43.4203
-1.0
-1.0
-1.0
-1.0
-1.0
-1.0
-1.0
30.8444
-1.0
-1.0
-1.0
-1.0
-1.0
-1.0
-1.0
47.7244
-1.0
23.7724
-1.0
21.7844
31.3542
-1.0
44.4935
-1.0
-1.0
-1.0
-1.0
50.4455
-1.0
48.6906
35.4047
-1.0
-1.0
-1.0
-1.0
-1.0
42.7892
-1.0
-1.0
41.478
-1.0
36.9411
42.3186
13.0072
-1.0
-1.0
-1.0
-1.0
-1.0
-1.0
-1.0
-1.0
-1.0
-1.0
-1.0
-1.0
-1.0
-1.0
-1.0
-1.0
32.7631
-1.0
-1.0
-1.0
-1.0
-1.0
-1.0
-1.0
-1.0
20.8224
-1.0
-1.0
-1.0
-1.0
-1.0
8.97012
-1.0
-1.0
-1.0
-1.0
-1.0
-1.0
-1.0
-1.0
28.0479
33.1689
42.9197
19.8892
43.9359
-1.0
-1.0
-1.0
45.9908
-1.0
-1.0
-1.0
-1.0
-1.0
-1.0
-1.0
-1.0
-1.0
-1.0
-1.0
-1.0
28.0563
-1.0
-1.0
-1.0
-1.0
-1.0
-1.0
-1.0
-1.0
-1.0
50.0658
-1.0
45.4178
-1.0
-1.0
-1.0
-1.0
-1.0
-1.0
27.2352
46.3366
52.0923
-1.0
14.0789
-1.0
-1.0
33.3466
41.8259
-1.0
-1.0
-1.0
-1.0
-1.0
-1.0
-1.0
43.1451
-1.0
-1.0
-1.0
-1.0
-1.0
-1.0
-1.0
-1.0
-1.0
-1.0
-1.0
-1.0
40.548
-1.0
-1.0
-1.0
-1.0
-1.0
-1.0
-1.0
37.4233
-1.0
-1.0
-1.0
-1.0
33.1161
-1.0
-1.0
-1.0
14.4793
-1.0
-1.0
-1.0
39.8474
-1.0
-1.0
-1.0
7.91485
-1.0
-1.0
-1.0
-1.0
-1.0
-1.0
-1.0
-1.0
-1.0
-1.0
-1.0
-1.0
-1.0
-1.0
-1.0
-1.0
-1.0
-1.0
-1.0
-1.0
-1.0
-1.0
34.2755
-1.0
-1.0
-1.0
51.9427
-1.0
-1.0
47.3942
47.8649
-1.0
-1.0
-1.0
-1.0
-1.0
-1.0
-1.0
42.1996
-1.0
-1.0
-1.0
22.5098
-1.0
-1.0
-1.0
-1.0
48.6292
-1.0
-1.0
-1.0
-1.0
36.8604
-1.0
46.8897
-1.0
-1.0
-1.0
-1.0
-1.0
-1.0
-1.0
-1.0
-1.0
47.328
-1.0
-1.0
-1.0
52.1094
-1.0
-1.0
-1.0
-1.0
-1.0
-1.0
-1.0
-1.0
-1.0
-1.0
-1.0
-1.0
-1.0
48.1381
-1.0
-1.0
-1.0
-1.0
-1.0
-1.0
-1.0
-1.0
-1.0
-1.0
-1.0
-1.0
47.6548
-1.0
29.2755
-1.0
-1.0
-1.0
-1.0
34.3191
34.4714
33.6999
37.6291
53.2656
-1.0
-1.0
-1.0
-1.0
-1.0
-1.0
-1.0
-1.0
-1.0
-1.0
-1.0
-1.0
-1.0
-1.0
50.2185
-1.0
-1.0
-1.0
-1.0
-1.0
-1.0
-1.0
-1.0
-1.0
31.1588
-1.0
-1.0
-1.0
-1.0
23.1629
-1.0
-1.0
-1.0
-1.0
-1.0
-1.0
-1.0
-1.0
-1.0
14.826
-1.0
-1.0
-1.0
-1.0
-1.0
-1.0
-1.0
-1.0
-1.0
15.4789
-1.0
31.9033
-1.0
-1.0
-1.0
-1.0
35.877
-1.0
-1.0
44.606
47.345
-1.0
-1.0
-1.0
-1.0
-1.0
-1.0
-1.0
-1.0
-1.0
-1.0
-1.0
-1.0
33.6753
-1.0
38.8641
-1.0
-1.0
-1.0
-1.0
-1.0
-1.0
-1.0
-1.0
30.5503
32.6813
-1.0
-1.0
-1.0
-1.0
-1.0
-1.0
46.2726
-1.0
-1.0
48.0937
-1.0
-1.0
-1.0
43.2907
-1.0
-1.0
-1.0
-1.0
-1.0
-1.0
35.5217
-1.0
-1.0
-1.0
-1.0
-1.0
-1.0
-1.0
-1.0
-1.0
-1.0
-1.0
-1.0
-1.0
40.1267
-1.0
-1.0
-1.0
-1.0
-1.0
-1.0
-1.0
-1.0
-1.0
-1.0
33.9771
44.0456
32.5096
-1.0
-1.0
36.7132
-1.0
-1.0
-1.0
-1.0
-1.0
-1.0
-1.0
-1.0
-1.0
18.1722
37.5531
-1.0
-1.0
-1.0
-1.0
36.2657
-1.0
-1.0
-1.0
-1.0
36.3023
-1.0
-1.0
32.738
-1.0
-1.0
-1.0
-1.0
10.5263
-1.0
32.4162
-1.0
-1.0
-1.0
-1.0
-1.0
-1.0
-1.0
22.0401
-1.0
-1.0
-1.0
-1.0
-1.0
-1.0
22.2231
-1.0
-1.0
-1.0
-1.0
-1.0
-1.0
39.2091
20.3411
-1.0
-1.0
-1.0
-1.0
-1.0
42.085
-1.0
51.0522
-1.0
-1.0
-1.0
-1.0
-1.0
-1.0
-1.0
18.1068
-1.0
40.9117
-1.0
-1.0
-1.0
-1.0
-1.0
-1.0
-1.0
-1.0
-1.0
-1.0
36.7678
-1.0
-1.0
-1.0
-1.0
-1.0
-1.0
-1.0
-1.0
-1.0
-1.0
-1.0
-1.0
-1.0
-1.0
-1.0
-1.0
-1.0
-1.0
-1.0
-1.0
-1.0
26.9374
-1.0
-1.0
-1.0
-1.0
-1.0
-1.0
-1.0
-1.0
-1.0
-1.0
-1.0
-1.0
-1.0
47.4477
-1.0
-1.0
-1.0
11.5617
35.2272
-1.0
-1.0
-1.0
-1.0
-1.0
-1.0
-1.0
-1.0
-1.0
-1.0
-1.0
18.9789
40.3812
32.5502
-1.0
-1.0
-1.0
-1.0
-1.0
-1.0
-1.0
-1.0
-1.0
-1.0
-1.0
-1.0
-1.0
-1.0
-1.0
-1.0
-1.0
50.2308
-1.0
-1.0
-1.0
-1.0
-1.0
-1.0
-1.0
-1.0
-1.0
-1.0
-1.0
-1.0
-1.0
24.9986
-1.0
-1.0
-1.0
24.5403
-1.0
17.2779
-1.0
-1.0
29.7815
38.2721
-1.0
-1.0
-1.0
-1.0
-1.0
-1.0
-1.0
48.7876
41.9536
-1.0
-1.0
-1.0
-1.0
16.355
-1.0
-1.0
49.5348
-1.0
-1.0
-1.0
-1.0
-1.0
-1.0
-1.0
-1.0
-1.0
-1.0
-1.0
-1.0
-1.0
-1.0
-1.0
-1.0
-1.0
-1.0
-1.0
-1.0
-1.0
-1.0
-1.0
-1.0
-1.0
32.1003
27.2581
-1.0
-1.0
-1.0
-1.0
-1.0
47.9683
28.5243
-1.0
-1.0
-1.0
-1.0
-1.0
17.0703
-1.0
45.3899
-1.0
-1.0
-1.0
-1.0
29.0777
-1.0
-1.0
9.59158
33.449
-1.0
-1.0
38.3884
-1.0
-1.0
50.6454
-1.0
-1.0
-1.0
-1.0
-1.0
39.2456
-1.0
-1.0
-1.0
-1.0
-1.0
-1.0
-1.0
-1.0
-1.0
49.1921
21.1324
-1.0
-1.0
-1.0
-1.0
-1.0
-1.0
-1.0
-1.0
-1.0
-1.0
-1.0
-1.0
35.3012
-1.0
-1.0
-1.0
-1.0
-1.0
-1.0
-1.0
-1.0
-1.0
-1.0
-1.0
-1.0
-1.0
-1.0
-1.0
-1.0
-1.0
-1.0
-1.0
-1.0
-1.0
-1.0
-1.0
-1.0
-1.0
51.8349
-1.0
-1.0
-1.0
-1.0
23.6998
-1.0
-1.0
-1.0
-1.0
-1.0
50.2421
-1.0
-1.0
-1.0
-1.0
-1.0
-1.0
-1.0
-1.0
-1.0
-1.0
-1.0
39.6886
-1.0
-1.0
-1.0
38.4247
50.9183
-1.0
-1.0
-1.0
-1.0
-1.0
-1.0
-1.0
-1.0
-1.0
24.8711
34.3277
-1.0
47.7984
-1.0
25.86
-1.0
-1.0
-1.0
-1.0
27.2466
44.0888
-1.0
50.6588
34.8906
-1.0
-1.0
-1.0
-1.0
-1.0
-1.0
-1.0
26.9
-1.0
-1.0
-1.0
-1.0
46.4337
-1.0
23.5453
-1.0
29.4609
-1.0
23.0151
-1.0
-1.0
20.8969
-1.0
-1.0
-1.0
34.4579
22.6192
19.1246
-1.0
46.5599
-1.0
-1.0
-1.0
-1.0
-1.0
-1.0
-1.0
-1.0
-1.0
-1.0
-1.0
-1.0
-1.0
-1.0
-1.0
-1.0
-1.0
-1.0
-1.0
38.527
-1.0
-1.0
-1.0
-1.0
-1.0
-1.0
-1.0
-1.0
-1.0
-1.0
-1.0
36.9344
-1.0
20.8855
-1.0
-1.0
-1.0
-1.0
45.1763
-1.0
-1.0
-1.0
-1.0
-1.0
-1.0
-1.0
-1.0
27.0488
-1.0
-1.0
-1.0
48.1924
-1.0
-1.0
-1.0
-1.0
42.1783
-1.0
-1.0
-1.0
43.711
-1.0
20.9638
-1.0
-1.0
27.8291
-1.0
48.1061
-1.0
-1.0
-1.0
-1.0
-1.0
-1.0
47.4967
-1.0
-1.0
-1.0
-1.0
-1.0
-1.0
-1.0
-1.0
-1.0
48.6937
-1.0
-1.0
34.5093
-1.0
-1.0
-1.0
-1.0
-1.0
39.9762
-1.0
-1.0
43.5516
38.5793
43.9136
-1.0
-1.0
-1.0
19.9326
-1.0
-1.0
-1.0
-1.0
48.2792
31.314
23.9869
22.6288
-1.0
28.3278
48.3247
-1.0
-1.0
-1.0
-1.0
-1.0
-1.0
33.1156
-1.0
-1.0
-1.0
-1.0
-1.0
-1.0
-1.0
-1.0
-1.0
-1.0
-1.0
43.2361
-1.0
-1.0
-1.0
-1.0
-1.0
-1.0
-1.0
-1.0
-1.0
-1.0
-1.0
-1.0
49.3912
-1.0
46.6837
-1.0
-1.0
33.3267
-1.0
37.4456
-1.0
-1.0
-1.0
-1.0
51.1658
-1.0
-1.0
19.2903
-1.0
-1.0
38.8086
-1.0
-1.0
-1.0
-1.0
-1.0
-1.0
-1.0
-1.0
-1.0
-1.0
-1.0
-1.0
50.6152
-1.0
35.7289
-1.0
-1.0
-1.0
-1.0
48.5548
-1.0
-1.0
-1.0
-1.0
-1.0
-1.0
21.3683
-1.0
-1.0
-1.0
-1.0
40.9757
-1.0
-1.0
-1.0
-1.0
-1.0
-1.0
-1.0
-1.0
-1.0
-1.0
-1.0
-1.0
-1.0
-1.0
-1.0
-1.0
-1.0
44.9627
-1.0
-1.0
-1.0
-1.0
-1.0
-1.0
44.2921
-1.0
29.7134
-1.0
-1.0
-1.0
-1.0
-1.0
-1.0
-1.0
27.5627
-1.0
8.66786
46.4997
-1.0
39.5373
-1.0
-1.0
-1.0
40.026
-1.0
-1.0
-1.0
-1.0
-1.0
-1.0
-1.0
-1.0
-1.0
31.6119
-1.0
-1.0
-1.0
-1.0
-1.0
-1.0
-1.0
47.0857
49.2362
-1.0
-1.0
-1.0
-1.0
-1.0
-1.0
-1.0
34.305
-1.0
-1.0
-1.0
-1.0
44.3664
-1.0
-1.0
-1.0
-1.0
-1.0
-1.0
44.4091
-1.0
-1.0
47.341
-1.0
-1.0
-1.0
-1.0
-1.0
-1.0
-1.0
-1.0
-1.0
49.2152
-1.0
52.2344
-1.0
-1.0
-1.0
-1.0
-1.0
21.5779
-1.0
-1.0
-1.0
-1.0
43.2188
26.4551
52.0858
39.6214
38.4286
-1.0
-1.0
-1.0
-1.0
-1.0
35.9261
-1.0
-1.0
-1.0
-1.0
-1.0
-1.0
-1.0
-1.0
-1.0
-1.0
20.8947
52.3758
-1.0
-1.0
46.4528
-1.0
-1.0
49.4635
27.9915
-1.0
35.5924
22.0579
27.8254
-1.0
-1.0
19.0652
52.2536
-1.0
-1.0
38.2617
-1.0
-1.0
-1.0
-1.0
-1.0
-1.0
-1.0
42.7137
-1.0
-1.0
-1.0
39.1972
-1.0
-1.0
-1.0
-1.0
-1.0
-1.0
16.3903
-1.0
-1.0
-1.0
-1.0
-1.0
19.5219
-1.0
49.7198
33.4729
-1.0
-1.0
-1.0
-1.0
-1.0
-1.0
-1.0
-1.0
28.2085
52.0295
-1.0
-1.0
-1.0
-1.0
-1.0
-1.0
-1.0
-1.0
44.7522
-1.0
-1.0
-1.0
-1.0
-1.0
10.5066
-1.0
-1.0
-1.0
-1.0
20.4012
-1.0
-1.0
30.9227
-1.0
-1.0
36.4245
-1.0
-1.0
19.4953
-1.0
-1.0
-1.0
-1.0
-1.0
39.7574
49.1824
-1.0
-1.0
-1.0
-1.0
-1.0
-1.0
43.4869
-1.0
-1.0
13.467
-1.0
-1.0
-1.0
-1.0
34.1423
-1.0
-1.0
-1.0
-1.0
-1.0
24.7671
38.5133
36.6235
-1.0
39.8591
-1.0
-1.0
-1.0
-1.0
-1.0
-1.0
-1.0
-1.0
-1.0
-1.0
-1.0
-1.0
50.4303
-1.0
-1.0
-1.0
-1.0
46.0595
-1.0
-1.0
27.0999
-1.0
-1.0
-1.0
-1.0
-1.0
12.4597
-1.0
-1.0
30.4673
-1.0
-1.0
-1.0
-1.0
-1.0
-1.0
-1.0
-1.0
39.2937
-1.0
-1.0
-1.0
-1.0
-1.0
-1.0
46.7791
-1.0
-1.0
-1.0
-1.0
-1.0
-1.0
-1.0
-1.0
-1.0
-1.0
31.2537
-1.0
-1.0
-1.0
-1.0
-1.0
42.061
-1.0
-1.0
-1.0
-1.0
-1.0
-1.0
-1.0
-1.0
21.9553
18.7488
40.6973
-1.0
-1.0
-1.0
-1.0
35.3478
-1.0
-1.0
-1.0
-1.0
-1.0
-1.0
-1.0
-1.0
-1.0
-1.0
-1.0
47.9617
49.3551
-1.0
-1.0
-1.0
44.4573
-1.0
-1.0
-1.0
-1.0
50.6557
-1.0
-1.0
51.4267
-1.0
-1.0
-1.0
-1.0
-1.0
-1.0
41.5944
-1.0
-1.0
-1.0
42.3601
-1.0
-1.0
-1.0
-1.0
-1.0
4.64552
-1.0
-1.0
-1.0
-1.0
-1.0
-1.0
19.4546
-1.0
-1.0
-1.0
-1.0
-1.0
19.2185
41.3181
-1.0
29.3226
-1.0
38.4968
48.5484
29.8749
-1.0
-1.0
-1.0
-1.0
33.2354
-1.0
-1.0
-1.0
47.6752
-1.0
-1.0
-1.0
48.4084
44.4716
-1.0
-1.0
29.904
-1.0
-1.0
40.1766
48.7106
-1.0
-1.0
-1.0
-1.0
-1.0
-1.0
-1.0
-1.0
-1.0
37.7242
-1.0
-1.0
-1.0
-1.0
39.3812
-1.0
-1.0
-1.0
43.0008
41.7521
-1.0
-1.0
32.448
-1.0
-1.0
-1.0
-1.0
38.4463
36.6067
27.5374
13.5329
-1.0
-1.0
-1.0
11.7241
45.4809
27.9023
-1.0
-1.0
-1.0
-1.0
-1.0
-1.0
6.24497
-1.0
-1.0
-1.0
-1.0
18.8251
-1.0
-1.0
-1.0
-1.0
-1.0
-1.0
-1.0
-1.0
-1.0
-1.0
-1.0
-1.0
29.9445
-1.0
-1.0
41.8078
16.6402
45.8101
-1.0
-1.0
-1.0
-1.0
-1.0
-1.0
-1.0
47.7738
-1.0
-1.0
-1.0
-1.0
-1.0
-1.0
31.9052
-1.0
30.2167
-1.0
35.8447
-1.0
-1.0
-1.0
-1.0
-1.0
-1.0
-1.0
39.7849
-1.0
-1.0
-1.0
-1.0
-1.0
-1.0
-1.0
-1.0
-1.0
-1.0
46.6653
-1.0
-1.0
-1.0
-1.0
-1.0
-1.0
-1.0
-1.0
-1.0
-1.0
28.8565
-1.0
-1.0
-1.0
-1.0
-1.0
49.5901
32.0851
-1.0
-1.0
-1.0
-1.0
-1.0
-1.0
42.2862
-1.0
-1.0
-1.0
-1.0
52.1976
-1.0
-1.0
36.6946
-1.0
-1.0
-1.0
-1.0
-1.0
-1.0
20.0473
-1.0
-1.0
-1.0
-1.0
21.1048
-1.0
31.7075
-1.0
-1.0
-1.0
-1.0
-1.0
-1.0
-1.0
-1.0
-1.0
-1.0
-1.0
-1.0
35.7328
-1.0
-1.0
-1.0
-1.0
-1.0
-1.0
-1.0
43.0281
-1.0
-1.0
-1.0
-1.0
-1.0
-1.0
-1.0
38.2106
-1.0
-1.0
34.1607
-1.0
-1.0
-1.0
-1.0
48.2183
-1.0
-1.0
-1.0
-1.0
-1.0
43.6669
-1.0
31.6328
-1.0
-1.0
-1.0
28.7796
-1.0
-1.0
-1.0
44.1664
-1.0
-1.0
-1.0
-1.0
-1.0
-1.0
8.02171
-1.0
-1.0
-1.0
-1.0
48.9745
-1.0
-1.0
-1.0
-1.0
-1.0
22.2689
-1.0
38.8143
-1.0
-1.0
-1.0
44.7714
41.1761
-1.0
-1.0
-1.0
-1.0
46.6265
-1.0
-1.0
-1.0
-1.0
43.8168
51.7791
-1.0
-1.0
-1.0
-1.0
42.7012
-1.0
29.5831
-1.0
42.8473
-1.0
-1.0
-1.0
-1.0
-1.0
-1.0
-1.0
-1.0
-1.0
-1.0
-1.0
-1.0
-1.0
-1.0
-1.0
22.0459
-1.0
-1.0
-1.0
49.364
-1.0
20.12
-1.0
-1.0
-1.0
-1.0
-1.0
-1.0
46.6648
31.8969
51.9427
-1.0
-1.0
-1.0
43.8268
29.1592
-1.0
-1.0
-1.0
-1.0
-1.0
-1.0
-1.0
-1.0
31.8881
-1.0
-1.0
-1.0
-1.0
-1.0
-1.0
-1.0
-1.0
-1.0
28.7701
-1.0
-1.0
30.1396
-1.0
-1.0
-1.0
-1.0
-1.0
-1.0
-1.0
-1.0
-1.0
55.2094
38.8301
-1.0
39.4252
-1.0
-1.0
-1.0
-1.0
-1.0
-1.0
-1.0
39.2065
-1.0
-1.0
-1.0
-1.0
39.1639
-1.0
-1.0
-1.0
32.7851
-1.0
-1.0
-1.0
-1.0
-1.0
-1.0
12.362
-1.0
-1.0
-1.0
-1.0
-1.0
-1.0
-1.0
40.9381
-1.0
-1.0
-1.0
-1.0
-1.0
21.3951
-1.0
17.8405
46.7606
-1.0
46.8627
47.3454
-1.0
-1.0
-1.0
-1.0
-1.0
-1.0
53.5592
-1.0
-1.0
-1.0
-1.0
-1.0
-1.0
-1.0
-1.0
-1.0
-1.0
-1.0
-1.0
-1.0
-1.0
-1.0
-1.0
-1.0
-1.0
-1.0
-1.0
-1.0
-1.0
51.7768
48.4787
-1.0
-1.0
-1.0
37.7922
-1.0
40.6193
27.8826
-1.0
-1.0
-1.0
26.4694
-1.0
42.2961
39.7473
-1.0
-1.0
-1.0
-1.0
48.6445
-1.0
-1.0
-1.0
-1.0
-1.0
-1.0
-1.0
-1.0
-1.0
-1.0
19.6306
-1.0
-1.0
-1.0
-1.0
-1.0
-1.0
-1.0
-1.0
-1.0
-1.0
-1.0
-1.0
-1.0
-1.0
-1.0
29.301
-1.0
-1.0
-1.0
-1.0
49.5948
-1.0
-1.0
-1.0
28.3219
-1.0
-1.0
-1.0
-1.0
32.19
-1.0
47.0215
25.7044
48.5093
-1.0
-1.0
46.5042
-1.0
-1.0
15.5411
-1.0
-1.0
-1.0
-1.0
-1.0
-1.0
45.0998
-1.0
51.6352
-1.0
12.9205
-1.0
39.5594
41.5774
-1.0
-1.0
-1.0
52.1623
-1.0
-1.0
-1.0
-1.0
47.809
-1.0
-1.0
32.9041
-1.0
-1.0
41.2931
-1.0
-1.0
-1.0
-1.0
-1.0
-1.0
-1.0
-1.0
-1.0
-1.0
-1.0
37.5869
46.7538
-1.0
-1.0
-1.0
-1.0
-1.0
29.2063
28.7923
-1.0
-1.0
-1.0
44.9658
-1.0
-1.0
-1.0
-1.0
43.6371
-1.0
-1.0
-1.0
-1.0
-1.0
34.6687
-1.0
36.2551
-1.0
-1.0
-1.0
-1.0
-1.0
-1.0
-1.0
-1.0
-1.0
-1.0
-1.0
-1.0
-1.0
24.9007
-1.0
31.5955
-1.0
23.8615
-1.0
-1.0
-1.0
-1.0
-1.0
-1.0
-1.0
-1.0
-1.0
-1.0
-1.0
-1.0
-1.0
-1.0
-1.0
-1.0
-1.0
-1.0
-1.0
49.5343
-1.0
-1.0
43.7101
-1.0
-1.0
-1.0
-1.0
-1.0
-1.0
-1.0
-1.0
-1.0
39.257
-1.0
36.0704
-1.0
51.3996
-1.0
-1.0
41.2132
-1.0
-1.0
-1.0
-1.0
-1.0
43.1534
10.0976
32.7421
-1.0
-1.0
-1.0
-1.0
36.7179
-1.0
-1.0
-1.0
-1.0
-1.0
26.5968
24.6215
-1.0
-1.0
-1.0
-1.0
48.2676
30.5907
50.9537
43.352
-1.0
-1.0
-1.0
-1.0
-1.0
-1.0
-1.0
-1.0
39.3488
35.2558
-1.0
-1.0
38.6499
-1.0
-1.0
-1.0
41.7025
-1.0
-1.0
47.4177
34.1512
-1.0
-1.0
-1.0
-1.0
-1.0
-1.0
-1.0
26.6859
-1.0
-1.0
-1.0
40.2754
-1.0
-1.0
-1.0
-1.0
-1.0
-1.0
-1.0
-1.0
44.3575
-1.0
-1.0
40.9503
-1.0
-1.0
-1.0
45.476
-1.0
-1.0
-1.0
-1.0
-1.0
-1.0
-1.0
-1.0
45.6686
28.9593
-1.0
-1.0
-1.0
-1.0
-1.0
-1.0
-1.0
51.9279
-1.0
-1.0
-1.0
32.0298
-1.0
-1.0
37.4163
-1.0
-1.0
-1.0
37.4576
-1.0
36.828
-1.0
-1.0
20.9984
-1.0
-1.0
32.484
-1.0
-1.0
-1.0
-1.0
-1.0
45.2238
-1.0
-1.0
-1.0
-1.0
-1.0
43.9882
-1.0
-1.0
-1.0
-1.0
-1.0
-1.0
-1.0
-1.0
-1.0
-1.0
-1.0
-1.0
11.7193
-1.0
-1.0
46.8014
48.4465
-1.0
-1.0
-1.0
-1.0
-1.0
-1.0
-1.0
18.2728
-1.0
-1.0
-1.0
-1.0
4.13709
-1.0
-1.0
29.9479
-1.0
23.6568
-1.0
-1.0
-1.0
-1.0
16.7426
37.6449
-1.0
-1.0
44.4241
-1.0
-1.0
30.0571
47.9876
-1.0
-1.0
21.3288
-1.0
-1.0
-1.0
-1.0
-1.0
41.6448
-1.0
-1.0
-1.0
-1.0
-1.0
-1.0
23.2372
-1.0
-1.0
27.6284
-1.0
-1.0
-1.0
23.9521
34.1813
-1.0
-1.0
51.2354
-1.0
-1.0
-1.0
-1.0
-1.0
-1.0
-1.0
-1.0
-1.0
50.2708
16.7498
50.3807
-1.0
-1.0
-1.0
-1.0
-1.0
-1.0
-1.0
-1.0
-1.0
-1.0
39.9569
-1.0
47.6171
-1.0
-1.0
-1.0
-1.0
-1.0
-1.0
-1.0
-1.0
48.0423
-1.0
-1.0
-1.0
-1.0
45.4968
-1.0
-1.0
-1.0
-1.0
-1.0
-1.0
-1.0
-1.0
-1.0
-1.0
-1.0
-1.0
33.4587
-1.0
-1.0
-1.0
-1.0
-1.0
-1.0
-1.0
-1.0
-1.0
-1.0
-1.0
-1.0
-1.0
-1.0
-1.0
-1.0
-1.0
-1.0
-1.0
42.1208
-1.0
48.5197
-1.0
27.4896
-1.0
32.822
32.9756
-1.0
44.0693
-1.0
-1.0
-1.0
-1.0
-1.0
42.6157
-1.0
-1.0
28.6383
-1.0
-1.0
48.3685
-1.0
-1.0
45.5571
-1.0
-1.0
-1.0
-1.0
42.6552
49.7409
-1.0
-1.0
-1.0
-1.0
-1.0
-1.0
35.8668
-1.0
-1.0
-1.0
-1.0
49.0955
-1.0
41.1828
-1.0
48.0515
44.559
-1.0
-1.0
-1.0
-1.0
42.3981
13.4438
-1.0
-1.0
41.5211
-1.0
-1.0
-1.0
-1.0
37.9691
-1.0
42.5343
43.6535
-1.0
-1.0
-1.0
-1.0
-1.0
-1.0
-1.0
7.83625
-1.0
-1.0
-1.0
-1.0
-1.0
-1.0
43.2426
-1.0
9.16565
-1.0
-1.0
45.9022
46.9492
-1.0
-1.0
-1.0
-1.0
-1.0
48.8432
47.7276
-1.0
44.5554
-1.0
-1.0
41.0608
-1.0
-1.0
19.3875
-1.0
-1.0
-1.0
38.3035
-1.0
-1.0
-1.0
48.5741
-1.0
-1.0
33.065
39.1451
-1.0
-1.0
31.615
-1.0
-1.0
40.7506
-1.0
-1.0
-1.0
-1.0
18.7256
-1.0
-1.0
51.2691
-1.0
-1.0
-1.0
43.6622
-1.0
-1.0
-1.0
-1.0
-1.0
-1.0
45.5085
-1.0
42.0679
-1.0
-1.0
-1.0
34.5981
-1.0
-1.0
-1.0
-1.0
-1.0
-1.0
-1.0
-1.0
-1.0
-1.0
38.743
-1.0
-1.0
38.9017
-1.0
-1.0
44.1176
33.2385
50.7653
-1.0
-1.0
-1.0
40.0836
-1.0
-1.0
-1.0
-1.0
-1.0
-1.0
-1.0
36.6899
-1.0
-1.0
-1.0
-1.0
-1.0
-1.0
17.6719
-1.0
-1.0
13.7232
-1.0
-1.0
-1.0
-1.0
46.6228
26.5024
48.8971
-1.0
-1.0
24.2792
-1.0
-1.0
-1.0
-1.0
-1.0
-1.0
-1.0
-1.0
-1.0
-1.0
-1.0
-1.0
-1.0
-1.0
-1.0
-1.0
-1.0
43.8219
-1.0
-1.0
-1.0
-1.0
-1.0
-1.0
-1.0
-1.0
45.9038
-1.0
20.639
-1.0
-1.0
-1.0
-1.0
-1.0
-1.0
32.6867
50.0321
-1.0
-1.0
39.5133
-1.0
-1.0
-1.0
-1.0
-1.0
52.0169
46.9931
-1.0
21.5069
32.6682
-1.0
-1.0
-1.0
-1.0
28.2615
30.3067
17.6212
-1.0
-1.0
-1.0
47.8212
-1.0
-1.0
-1.0
45.5485
38.3791
-1.0
46.8116
-1.0
-1.0
-1.0
-1.0
21.401
-1.0
-1.0
-1.0
-1.0
-1.0
47.333
-1.0
-1.0
-1.0
-1.0
-1.0
-1.0
-1.0
47.9194
31.8497
40.1285
50.2938
-1.0
-1.0
-1.0
-1.0
48.1542
-1.0
-1.0
34.4527
-1.0
-1.0
36.1342
-1.0
-1.0
-1.0
-1.0
-1.0
33.1006
-1.0
49.4461
-1.0
-1.0
-1.0
-1.0
-1.0
-1.0
-1.0
40.6329
-1.0
-1.0
-1.0
-1.0
-1.0
-1.0
-1.0
-1.0
-1.0
-1.0
-1.0
-1.0
-1.0
-1.0
-1.0
-1.0
-1.0
-1.0
42.9426
-1.0
28.2879
-1.0
-1.0
25.5303
-1.0
-1.0
44.6703
-1.0
51.1416
-1.0
-1.0
-1.0
-1.0
-1.0
-1.0
-1.0
-1.0
-1.0
-1.0
-1.0
-1.0
-1.0
-1.0
-1.0
-1.0
-1.0
-1.0
-1.0
-1.0
-1.0
47.108
-1.0
-1.0
-1.0
-1.0
-1.0
-1.0
42.4055
-1.0
-1.0
-1.0
-1.0
-1.0
-1.0
-1.0
-1.0
-1.0
-1.0
-1.0
-1.0
-1.0
38.8313
43.3909
-1.0
-1.0
-1.0
-1.0
-1.0
-1.0
-1.0
-1.0
27.8187
50.0378
10.3294
-1.0
-1.0
-1.0
-1.0
-1.0
52.215
-1.0
48.4468
-1.0
-1.0
-1.0
-1.0
-1.0
31.0231
47.0221
52.0283
-1.0
-1.0
-1.0
37.0311
-1.0
50.0687
-1.0
-1.0
-1.0
-1.0
-1.0
-1.0
-1.0
-1.0
-1.0
-1.0
-1.0
-1.0
23.9675
-1.0
-1.0
-1.0
16.333
39.2187
-1.0
-1.0
33.4774
-1.0
-1.0
-1.0
-1.0
42.2339
-1.0
-1.0
-1.0
-1.0
-1.0
-1.0
-1.0
-1.0
44.4394
25.3899
-1.0
-1.0
-1.0
-1.0
-1.0
-1.0
35.5332
-1.0
-1.0
-1.0
50.1485
-1.0
-1.0
-1.0
-1.0
43.1035
-1.0
-1.0
11.4086
-1.0
-1.0
-1.0
-1.0
42.6078
20.5397
-1.0
-1.0
-1.0
-1.0
-1.0
-1.0
-1.0
28.3879
-1.0
-1.0
26.7033
-1.0
-1.0
-1.0
-1.0
-1.0
-1.0
-1.0
-1.0
-1.0
31.4054
-1.0
17.5828
-1.0
-1.0
-1.0
-1.0
-1.0
-1.0
-1.0
-1.0
-1.0
-1.0
24.8106
42.0733
-1.0
-1.0
-1.0
-1.0
19.2903
44.7951
-1.0
42.8246
-1.0
-1.0
28.5163
19.7242
-1.0
-1.0
-1.0
-1.0
-1.0
-1.0
-1.0
-1.0
49.0974
-1.0
-1.0
-1.0
-1.0
-1.0
-1.0
-1.0
45.7377
11.0651
-1.0
24.384
-1.0
-1.0
-1.0
-1.0
-1.0
-1.0
22.6746
-1.0
-1.0
-1.0
-1.0
43.3702
-1.0
-1.0
38.9115
-1.0
-1.0
-1.0
-1.0
-1.0
-1.0
-1.0
-1.0
-1.0
-1.0
-1.0
31.6258
37.8367
-1.0
-1.0
-1.0
-1.0
-1.0
-1.0
-1.0
52.0167
-1.0
-1.0
30.2654
-1.0
-1.0
32.7591
-1.0
-1.0
-1.0
-1.0
-1.0
-1.0
-1.0
25.462
-1.0
-1.0
-1.0
27.3041
44.0654
-1.0
-1.0
-1.0
44.9384
-1.0
-1.0
-1.0
-1.0
-1.0
53.8984
33.1144
-1.0
-1.0
-1.0
-1.0
-1.0
-1.0
-1.0
-1.0
14.0957
-1.0
-1.0
-1.0
-1.0
-1.0
-1.0
-1.0
-1.0
45.3176
-1.0
29.5119
-1.0
40.9656
-1.0
-1.0
-1.0
-1.0
36.8672
-1.0
-1.0
-1.0
-1.0
-1.0
-1.0
-1.0
49.5956
-1.0
-1.0
-1.0
-1.0
-1.0
-1.0
24.6115
-1.0
-1.0
17.6604
-1.0
-1.0
-1.0
-1.0
36.2325
-1.0
-1.0
-1.0
-1.0
-1.0
38.6409
-1.0
-1.0
-1.0
33.1428
-1.0
49.0693
-1.0
-1.0
-1.0
-1.0
-1.0
-1.0
-1.0
-1.0
-1.0
-1.0
-1.0
-1.0
-1.0
-1.0
-1.0
27.2357
-1.0
-1.0
38.457
-1.0
-1.0
37.3076
-1.0
-1.0
44.3912
-1.0
24.3539
21.9449
-1.0
-1.0
18.3397
-1.0
-1.0
-1.0
-1.0
16.8708
-1.0
47.0291
-1.0
36.9742
-1.0
-1.0
-1.0
-1.0
-1.0
-1.0
-1.0
-1.0
-1.0
-1.0
48.5916
-1.0
-1.0
-1.0
-1.0
51.0454
33.987
-1.0
-1.0
-1.0
38.4301
47.6361
-1.0
-1.0
42.4693
-1.0
-1.0
46.9977
-1.0
4.74841
-1.0
-1.0
-1.0
-1.0
-1.0
-1.0
-1.0
-1.0
-1.0
-1.0
31.2057
41.1351
-1.0
-1.0
-1.0
-1.0
-1.0
-1.0
-1.0
-1.0
43.902
-1.0
-1.0
-1.0
-1.0
-1.0
46.6893
-1.0
-1.0
-1.0
-1.0
-1.0
-1.0
-1.0
-1.0
-1.0
33.4072
26.1493
-1.0
-1.0
-1.0
-1.0
-1.0
-1.0
39.0588
-1.0
27.3251
-1.0
28.1109
40.6483
-1.0
44.161
-1.0
28.3496
-1.0
50.9425
-1.0
-1.0
-1.0
18.3059
-1.0
21.7088
-1.0
-1.0
-1.0
-1.0
-1.0
-1.0
-1.0
-1.0
-1.0
-1.0
-1.0
-1.0
-1.0
-1.0
25.4372
-1.0
-1.0
-1.0
-1.0
-1.0
-1.0
30.172
37.7751
18.4833
51.6605
-1.0
-1.0
-1.0
-1.0
-1.0
-1.0
-1.0
-1.0
22.9367
-1.0
-1.0
-1.0
-1.0
-1.0
37.606
-1.0
-1.0
-1.0
-1.0
-1.0
37.4985
-1.0
-1.0
33.4679
-1.0
-1.0
-1.0
-1.0
-1.0
-1.0
-1.0
43.5234
-1.0
-1.0
-1.0
49.0739
39.6813
-1.0
-1.0
-1.0
-1.0
23.9015
39.8203
-1.0
-1.0
-1.0
-1.0
-1.0
-1.0
-1.0
34.3912
36.0413
31.8795
-1.0
-1.0
46.2159
-1.0
-1.0
-1.0
-1.0
43.1832
-1.0
-1.0
39.6164
-1.0
-1.0
-1.0
-1.0
-1.0
-1.0
-1.0
-1.0
-1.0
-1.0
46.5209
-1.0
-1.0
-1.0
-1.0
51.9157
-1.0
-1.0
-1.0
-1.0
-1.0
-1.0
-1.0
-1.0
48.4717
-1.0
25.2316
53.9238
-1.0
-1.0
-1.0
-1.0
-1.0
45.7746
21.3194
-1.0
-1.0
-1.0
-1.0
30.9414
-1.0
-1.0
-1.0
-1.0
-1.0
-1.0
-1.0
24.6087
-1.0
-1.0
-1.0
-1.0
-1.0
-1.0
-1.0
27.3059
36.065
-1.0
-1.0
-1.0
48.291
-1.0
-1.0
-1.0
-1.0
-1.0
-1.0
-1.0
-1.0
-1.0
-1.0
34.0657
47.7207
-1.0
-1.0
-1.0
26.914
-1.0
-1.0
39.9524
-1.0
-1.0
-1.0
-1.0
37.1441
-1.0
-1.0
-1.0
-1.0
-1.0
47.7697
36.8805
-1.0
-1.0
-1.0
-1.0
-1.0
-1.0
-1.0
-1.0
-1.0
-1.0
-1.0
46.4664
-1.0
-1.0
-1.0
-1.0
-1.0
-1.0
26.2435
51.2072
-1.0
52.1937
-1.0
-1.0
-1.0
50.2331
-1.0
-1.0
-1.0
-1.0
-1.0
-1.0
-1.0
-1.0
-1.0
-1.0
-1.0
-1.0
24.3073
-1.0
-1.0
-1.0
27.6009
38.5878
30.7195
-1.0
-1.0
-1.0
-1.0
34.0662
-1.0
-1.0
33.4192
-1.0
-1.0
-1.0
-1.0
25.7382
-1.0
-1.0
-1.0
38.673
-1.0
-1.0
-1.0
-1.0
-1.0
41.5934
-1.0
-1.0
49.8573
-1.0
-1.0
-1.0
-1.0
-1.0
-1.0
-1.0
40.2876
-1.0
-1.0
-1.0
-1.0
-1.0
-1.0
-1.0
-1.0
-1.0
-1.0
-1.0
47.5734
-1.0
-1.0
-1.0
-1.0
-1.0
-1.0
-1.0
-1.0
32.9172
-1.0
-1.0
-1.0
-1.0
42.6201
-1.0
48.6547
-1.0
-1.0
-1.0
-1.0
-1.0
-1.0
-1.0
-1.0
-1.0
-1.0
22.0965
17.8697
-1.0
-1.0
-1.0
-1.0
42.4246
-1.0
45.4969
-1.0
37.4252
-1.0
-1.0
-1.0
-1.0
-1.0
-1.0
41.0387
26.359
43.1431
-1.0
-1.0
-1.0
-1.0
-1.0
43.4818
-1.0
-1.0
-1.0
-1.0
-1.0
-1.0
24.3265
-1.0
-1.0
-1.0
49.6873
-1.0
-1.0
-1.0
-1.0
-1.0
-1.0
-1.0
22.9986
-1.0
-1.0
47.6726
-1.0
-1.0
-1.0
-1.0
-1.0
48.6757
-1.0
-1.0
-1.0
44.9643
-1.0
-1.0
-1.0
-1.0
-1.0
34.9108
27.3099
-1.0
-1.0
16.7041
-1.0
-1.0
-1.0
-1.0
-1.0
-1.0
-1.0
-1.0
-1.0
-1.0
-1.0
-1.0
-1.0
51.7272
31.712
20.599
-1.0
-1.0
-1.0
-1.0
47.1068
-1.0
-1.0
-1.0
-1.0
-1.0
37.1992
-1.0
-1.0
-1.0
-1.0
-1.0
-1.0
-1.0
-1.0
-1.0
-1.0
-1.0
-1.0
26.542
43.4581
-1.0
-1.0
-1.0
-1.0
-1.0
-1.0
-1.0
38.7925
-1.0
-1.0
-1.0
-1.0
-1.0
-1.0
-1.0
-1.0
-1.0
-1.0
-1.0
-1.0
43.0237
-1.0
-1.0
-1.0
-1.0
48.8002
-1.0
-1.0
-1.0
-1.0
-1.0
-1.0
35.8372
-1.0
-1.0
-1.0
-1.0
32.9816
-1.0
23.1835
44.2744
-1.0
-1.0
24.0111
-1.0
-1.0
-1.0
16.5955
31.2419
-1.0
-1.0
-1.0
8.45419
-1.0
-1.0
35.7409
-1.0
-1.0
-1.0
-1.0
-1.0
-1.0
-1.0
-1.0
-1.0
-1.0
43.7302
-1.0
-1.0
-1.0
-1.0
42.6383
-1.0
-1.0
45.5178
23.0203
-1.0
-1.0
-1.0
-1.0
19.136
-1.0
-1.0
-1.0
-1.0
-1.0
-1.0
-1.0
47.4211
-1.0
-1.0
-1.0
-1.0
-1.0
41.4448
42.3394
-1.0
-1.0
-1.0
-1.0
-1.0
-1.0
-1.0
-1.0
-1.0
45.6524
-1.0
-1.0
45.026
-1.0
-1.0
-1.0
25.5792
40.1638
-1.0
-1.0
-1.0
40.1914
-1.0
-1.0
-1.0
-1.0
-1.0
46.9413
-1.0
-1.0
-1.0
-1.0
-1.0
-1.0
-1.0
-1.0
-1.0
-1.0
-1.0
-1.0
-1.0
-1.0
-1.0
45.9296
-1.0
-1.0
-1.0
-1.0
-1.0
-1.0
22.6142
40.4104
-1.0
-1.0
-1.0
-1.0
-1.0
45.0531
43.8569
-1.0
-1.0
-1.0
-1.0
9.37707
-1.0
-1.0
-1.0
-1.0
49.4147
-1.0
-1.0
47.1073
-1.0
-1.0
-1.0
-1.0
-1.0
-1.0
35.8066
-1.0
-1.0
-1.0
-1.0
-1.0
-1.0
-1.0
46.7004
-1.0
-1.0
-1.0
-1.0
-1.0
-1.0
-1.0
-1.0
-1.0
-1.0
-1.0
-1.0
-1.0
-1.0
30.9992
-1.0
-1.0
-1.0
-1.0
-1.0
43.4626
-1.0
-1.0
46.579
33.0925
-1.0
-1.0
-1.0
32.1264
19.0547
36.2939
-1.0
-1.0
-1.0
-1.0
-1.0
-1.0
30.3998
27.9758
-1.0
-1.0
-1.0
-1.0
-1.0
40.5336
27.2422
-1.0
20.6994
-1.0
-1.0
-1.0
-1.0
-1.0
-1.0
43.3964
-1.0
-1.0
29.1982
-1.0
29.2954
-1.0
-1.0
-1.0
-1.0
-1.0
-1.0
-1.0
-1.0
-1.0
-1.0
-1.0
-1.0
-1.0
29.4611
-1.0
-1.0
-1.0
-1.0
-1.0
-1.0
-1.0
-1.0
-1.0
20.7312
32.4915
19.7452
-1.0
-1.0
33.1149
-1.0
-1.0
25.2115
-1.0
-1.0
-1.0
41.4656
37.4651
-1.0
-1.0
-1.0
-1.0
-1.0
-1.0
-1.0
-1.0
-1.0
-1.0
-1.0
-1.0
-1.0
-1.0
-1.0
39.1073
-1.0
47.1282
31.0653
-1.0
-1.0
-1.0
-1.0
-1.0
-1.0
-1.0
-1.0
-1.0
-1.0
-1.0
-1.0
-1.0
-1.0
-1.0
-1.0
-1.0
-1.0
-1.0
35.5003
-1.0
50.6458
-1.0
48.4961
-1.0
-1.0
-1.0
-1.0
-1.0
-1.0
-1.0
-1.0
-1.0
-1.0
-1.0
-1.0
-1.0
-1.0
-1.0
-1.0
-1.0
-1.0
-1.0
-1.0
-1.0
48.5343
-1.0
-1.0
-1.0
-1.0
-1.0
50.873
-1.0
-1.0
-1.0
39.8923
-1.0
45.4472
16.496
-1.0
31.8785
-1.0
-1.0
48.3763
-1.0
-1.0
-1.0
-1.0
51.4458
-1.0
-1.0
-1.0
-1.0
49.2454
-1.0
-1.0
-1.0
-1.0
-1.0
-1.0
-1.0
-1.0
-1.0
32.662
-1.0
-1.0
20.1806
-1.0
-1.0
-1.0
-1.0
-1.0
-1.0
-1.0
45.5092
27.171
-1.0
-1.0
-1.0
-1.0
-1.0
-1.0
31.2296
-1.0
-1.0
-1.0
-1.0
-1.0
20.4349
-1.0
-1.0
-1.0
-1.0
-1.0
-1.0
-1.0
41.3599
-1.0
-1.0
-1.0
-1.0
28.848
-1.0
-1.0
-1.0
-1.0
-1.0
-1.0
-1.0
-1.0
-1.0
49.2347
-1.0
-1.0
-1.0
-1.0
43.4233
-1.0
-1.0
-1.0
-1.0
12.5896
-1.0
-1.0
-1.0
-1.0
-1.0
-1.0
21.9584
-1.0
-1.0
36.5506
-1.0
-1.0
37.8245
-1.0
-1.0
-1.0
-1.0
-1.0
-1.0
-1.0
-1.0
-1.0
-1.0
-1.0
-1.0
-1.0
28.8183
-1.0
-1.0
33.4058
-1.0
-1.0
50.0264
-1.0
-1.0
-1.0
-1.0
-1.0
-1.0
-1.0
31.7768
-1.0
46.7135
23.0127
-1.0
-1.0
-1.0
-1.0
47.1269
-1.0
42.4736
42.737
42.8663
37.776
-1.0
42.8203
38.2823
-1.0
-1.0
45.6859
-1.0
-1.0
-1.0
25.9303
25.9846
-1.0
-1.0
31.2475
37.8303
50.7411
-1.0
-1.0
-1.0
-1.0
-1.0
-1.0
-1.0
41.5496
-1.0
-1.0
-1.0
-1.0
-1.0
-1.0
51.0225
-1.0
47.1507
-1.0
-1.0
42.6365
-1.0
-1.0
-1.0
49.3908
-1.0
-1.0
-1.0
-1.0
24.9178
-1.0
-1.0
-1.0
23.7287
-1.0
-1.0
-1.0
-1.0
38.0672
-1.0
29.893
-1.0
42.8882
-1.0
-1.0
-1.0
-1.0
42.657
-1.0
-1.0
-1.0
31.5978
-1.0
51.4258
36.935
43.7854
-1.0
-1.0
-1.0
-1.0
50.5761
-1.0
-1.0
25.4508
25.6439
38.1634
-1.0
-1.0
35.6981
-1.0
-1.0
-1.0
-1.0
-1.0
-1.0
-1.0
-1.0
-1.0
-1.0
-1.0
-1.0
-1.0
-1.0
-1.0
-1.0
-1.0
-1.0
-1.0
-1.0
-1.0
-1.0
-1.0
-1.0
-1.0
46.613
42.4121
-1.0
22.9743
-1.0
-1.0
-1.0
42.0099
-1.0
27.4971
-1.0
-1.0
-1.0
-1.0
-1.0
-1.0
-1.0
-1.0
51.6362
42.8883
-1.0
-1.0
-1.0
-1.0
-1.0
47.0192
-1.0
-1.0
-1.0
-1.0
17.3196
-1.0
-1.0
-1.0
-1.0
-1.0
-1.0
32.5169
45.5511
-1.0
-1.0
46.1874
-1.0
-1.0
-1.0
-1.0
-1.0
-1.0
33.105
-1.0
-1.0
19.0741
40.3577
-1.0
-1.0
-1.0
-1.0
-1.0
-1.0
-1.0
-1.0
-1.0
-1.0
-1.0
-1.0
-1.0
-1.0
47.7298
-1.0
-1.0
34.3792
41.3699
-1.0
45.0001
-1.0
18.4969
-1.0
-1.0
34.2155
43.9553
-1.0
-1.0
-1.0
-1.0
-1.0
44.6822
-1.0
-1.0
-1.0
-1.0
26.639
29.4631
-1.0
-1.0
-1.0
-1.0
-1.0
-1.0
-1.0
-1.0
-1.0
-1.0
-1.0
-1.0
-1.0
49.0918
-1.0
-1.0
-1.0
-1.0
44.2411
-1.0
-1.0
-1.0
-1.0
9.0863
-1.0
-1.0
-1.0
-1.0
-1.0
34.6617
-1.0
42.5539
-1.0
40.8301
25.638
-1.0
-1.0
-1.0
-1.0
-1.0
-1.0
-1.0
-1.0
-1.0
-1.0
-1.0
-1.0
-1.0
-1.0
-1.0
-1.0
12.1313
-1.0
-1.0
-1.0
-1.0
-1.0
-1.0
31.317
-1.0
-1.0
38.8792
-1.0
-1.0
41.1464
50.1885
39.5911
-1.0
-1.0
-1.0
-1.0
-1.0
-1.0
-1.0
-1.0
-1.0
-1.0
-1.0
37.5997
40.5398
32.5012
-1.0
-1.0
-1.0
33.3666
25.9322
-1.0
-1.0
-1.0
-1.0
-1.0
44.7555
-1.0
-1.0
-1.0
34.6418
-1.0
-1.0
-1.0
-1.0
-1.0
-1.0
-1.0
-1.0
38.1835
24.6169
32.8643
-1.0
-1.0
-1.0
-1.0
-1.0
-1.0
15.1977
-1.0
-1.0
46.2633
-1.0
-1.0
-1.0
-1.0
-1.0
47.7398
-1.0
-1.0
48.176
-1.0
33.6442
-1.0
-1.0
-1.0
26.0906
-1.0
-1.0
-1.0
-1.0
35.5557
36.8494
-1.0
-1.0
-1.0
-1.0
39.8822
-1.0
-1.0
-1.0
-1.0
12.0975
-1.0
-1.0
-1.0
-1.0
-1.0
-1.0
-1.0
-1.0
-1.0
-1.0
-1.0
-1.0
-1.0
-1.0
-1.0
-1.0
-1.0
-1.0
-1.0
-1.0
32.0581
44.3058
-1.0
43.686
-1.0
-1.0
-1.0
40.8031
-1.0
-1.0
-1.0
24.5819
-1.0
-1.0
-1.0
-1.0
38.4587
50.5276
22.7942
-1.0
-1.0
-1.0
-1.0
-1.0
-1.0
-1.0
-1.0
-1.0
-1.0
44.4412
-1.0
-1.0
-1.0
28.2069
-1.0
-1.0
-1.0
-1.0
-1.0
-1.0
-1.0
-1.0
-1.0
-1.0
47.0233
-1.0
48.4513
-1.0
-1.0
24.8237
28.5368
-1.0
33.5855
-1.0
-1.0
-1.0
-1.0
-1.0
-1.0
35.1943
47.9274
-1.0
-1.0
41.0982
48.0207
-1.0
-1.0
22.4009
-1.0
51.5942
-1.0
6.5479
-1.0
-1.0
-1.0
-1.0
-1.0
44.2737
-1.0
40.1792
-1.0
-1.0
-1.0
-1.0
-1.0
-1.0
-1.0
-1.0
35.8841
-1.0
-1.0
-1.0
32.4453
-1.0
-1.0
-1.0
49.5029
-1.0
37.8243
-1.0
-1.0
-1.0
-1.0
-1.0
-1.0
-1.0
-1.0
44.2228
-1.0
-1.0
-1.0
-1.0
-1.0
48.4881
-1.0
45.6567
21.3346
-1.0
33.6932
15.4881
-1.0
-1.0
39.7308
-1.0
-1.0
-1.0
-1.0
-1.0
-1.0
-1.0
50.4355
-1.0
40.2712
-1.0
-1.0
-1.0
-1.0
-1.0
-1.0
-1.0
53.046
-1.0
-1.0
-1.0
-1.0
-1.0
30.1611
-1.0
-1.0
-1.0
37.3368
47.2126
-1.0
-1.0
-1.0
-1.0
-1.0
20.326
-1.0
-1.0
-1.0
-1.0
-1.0
-1.0
-1.0
-1.0
44.0313
-1.0
-1.0
-1.0
45.1052
-1.0
-1.0
49.7745
-1.0
20.0934
49.5657
42.6292
-1.0
-1.0
-1.0
-1.0
-1.0
-1.0
35.692
-1.0
-1.0
-1.0
-1.0
-1.0
12.3516
-1.0
41.3268
-1.0
-1.0
-1.0
-1.0
-1.0
46.7882
-1.0
-1.0
-1.0
-1.0
-1.0
-1.0
-1.0
7.39574
-1.0
-1.0
-1.0
-1.0
-1.0
45.2073
-1.0
-1.0
-1.0
-1.0
-1.0
-1.0
31.2006
-1.0
-1.0
15.5663
-1.0
-1.0
-1.0
-1.0
-1.0
-1.0
-1.0
27.8667
-1.0
-1.0
-1.0
-1.0
29.6846
-1.0
38.8202
50.9944
-1.0
46.6072
-1.0
-1.0
-1.0
-1.0
-1.0
-1.0
-1.0
-1.0
-1.0
33.3231
39.6278
-1.0
-1.0
-1.0
-1.0
50.0279
-1.0
-1.0
-1.0
-1.0
-1.0
-1.0
-1.0
-1.0
-1.0
-1.0
-1.0
-1.0
-1.0
-1.0
-1.0
-1.0
-1.0
-1.0
35.4656
-1.0
-1.0
-1.0
45.7563
-1.0
-1.0
-1.0
-1.0
20.6521
-1.0
-1.0
-1.0
-1.0
-1.0
-1.0
49.3698
-1.0
-1.0
-1.0
-1.0
-1.0
-1.0
-1.0
-1.0
-1.0
-1.0
-1.0
-1.0
-1.0
19.3895
-1.0
-1.0
40.9233
-1.0
46.4242
-1.0
25.2993
-1.0
35.9938
-1.0
-1.0
-1.0
-1.0
-1.0
-1.0
-1.0
-1.0
-1.0
18.2482
-1.0
-1.0
-1.0
-1.0
-1.0
-1.0
-1.0
-1.0
-1.0
-1.0
20.0927
-1.0
-1.0
-1.0
-1.0
-1.0
-1.0
-1.0
-1.0
29.3188
-1.0
-1.0
37.9444
48.8722
37.1395
-1.0
-1.0
27.4603
-1.0
-1.0
26.6504
39.7346
-1.0
-1.0
-1.0
-1.0
-1.0
-1.0
-1.0
-1.0
-1.0
37.5759
-1.0
-1.0
-1.0
-1.0
-1.0
-1.0
46.7025
-1.0
-1.0
-1.0
17.9598
20.3373
-1.0
-1.0
-1.0
-1.0
-1.0
-1.0
-1.0
-1.0
-1.0
-1.0
-1.0
-1.0
-1.0
-1.0
33.2061
31.2261
-1.0
-1.0
49.0425
-1.0
-1.0
-1.0
-1.0
-1.0
-1.0
-1.0
-1.0
-1.0
-1.0
-1.0
-1.0
-1.0
32.2665
47.3601
-1.0
-1.0
-1.0
-1.0
20.0268
35.1772
-1.0
-1.0
25.8445
-1.0
25.2073
-1.0
50.1683
46.7436
-1.0
-1.0
-1.0
-1.0
-1.0
-1.0
-1.0
-1.0
42.211
-1.0
45.8136
-1.0
-1.0
-1.0
-1.0
-1.0
26.1328
-1.0
35.7708
-1.0
-1.0
-1.0
-1.0
-1.0
-1.0
-1.0
8.78402
-1.0
-1.0
36.1967
-1.0
-1.0
-1.0
-1.0
48.3311
-1.0
-1.0
36.5307
-1.0
-1.0
-1.0
-1.0
-1.0
-1.0
10.1248
-1.0
-1.0
-1.0
38.3902
31.5494
-1.0
32.3515
-1.0
-1.0
38.042
29.172
-1.0
-1.0
-1.0
-1.0
45.4216
-1.0
30.1172
-1.0
-1.0
-1.0
-1.0
47.2797
24.3878
36.7904
-1.0
-1.0
-1.0
-1.0
45.8343
-1.0
-1.0
14.4803
38.4451
-1.0
-1.0
-1.0
-1.0
28.5086
-1.0
27.1753
-1.0
-1.0
30.9094
-1.0
39.7714
-1.0
-1.0
-1.0
-1.0
46.2923
-1.0
-1.0
39.5834
-1.0
-1.0
47.8653
-1.0
-1.0
-1.0
-1.0
43.6754
-1.0
-1.0
-1.0
-1.0
-1.0
-1.0
-1.0
50.5536
-1.0
-1.0
-1.0
11.1643
29.1421
-1.0
-1.0
-1.0
-1.0
-1.0
-1.0
-1.0
-1.0
-1.0
51.1172
-1.0
-1.0
-1.0
-1.0
-1.0
-1.0
-1.0
-1.0
-1.0
-1.0
-1.0
-1.0
-1.0
-1.0
44.2249
-1.0
-1.0
19.7108
-1.0
-1.0
-1.0
-1.0
-1.0
-1.0
-1.0
-1.0
-1.0
-1.0
30.2922
-1.0
52.2623
-1.0
-1.0
46.1452
15.2063
-1.0
-1.0
-1.0
-1.0
-1.0
-1.0
-1.0
-1.0
-1.0
-1.0
36.4331
-1.0
41.8434
-1.0
-1.0
-1.0
-1.0
-1.0
-1.0
-1.0
18.2412
50.7454
-1.0
42.0952
-1.0
-1.0
31.0062
49.2624
-1.0
-1.0
-1.0
-1.0
-1.0
-1.0
24.9617
-1.0
37.3275
-1.0
-1.0
-1.0
-1.0
-1.0
-1.0
-1.0
-1.0
-1.0
-1.0
-1.0
-1.0
-1.0
-1.0
-1.0
40.2077
48.7866
-1.0
-1.0
-1.0
-1.0
-1.0
-1.0
-1.0
34.8724
41.2714
-1.0
-1.0
32.6492
-1.0
-1.0
-1.0
38.9299
-1.0
-1.0
-1.0
-1.0
-1.0
48.7903
-1.0
-1.0
37.7233
-1.0
-1.0
-1.0
-1.0
-1.0
-1.0
-1.0
-1.0
-1.0
-1.0
-1.0
-1.0
-1.0
-1.0
-1.0
-1.0
-1.0
-1.0
-1.0
-1.0
-1.0
-1.0
-1.0
40.1178
38.0876
-1.0
-1.0
-1.0
50.6633
-1.0
-1.0
34.9542
-1.0
29.325
-1.0
-1.0
-1.0
-1.0
-1.0
-1.0
-1.0
19.9767
-1.0
-1.0
-1.0
-1.0
-1.0
-1.0
-1.0
-1.0
39.7152
-1.0
-1.0
-1.0
-1.0
-1.0
-1.0
-1.0
41.7317
-1.0
-1.0
-1.0
47.9741
17.5881
29.1057
-1.0
-1.0
-1.0
-1.0
-1.0
-1.0
47.8841
-1.0
-1.0
-1.0
36.6874
18.8882
-1.0
-1.0
-1.0
-1.0
-1.0
-1.0
-1.0
-1.0
-1.0
-1.0
44.0401
-1.0
-1.0
-1.0
-1.0
45.9692
33.5656
-1.0
-1.0
-1.0
17.3956
22.7449
-1.0
-1.0
-1.0
-1.0
39.6011
-1.0
-1.0
-1.0
-1.0
-1.0
-1.0
-1.0
49.7961
-1.0
-1.0
-1.0
-1.0
31.1339
-1.0
-1.0
-1.0
42.7921
-1.0
-1.0
-1.0
-1.0
-1.0
-1.0
-1.0
-1.0
28.8627
-1.0
-1.0
-1.0
-1.0
-1.0
-1.0
-1.0
-1.0
45.8012
-1.0
44.8612
37.0497
-1.0
-1.0
-1.0
-1.0
-1.0
-1.0
-1.0
48.2654
-1.0
-1.0
-1.0
-1.0
-1.0
-1.0
-1.0
-1.0
-1.0
-1.0
-1.0
-1.0
-1.0
-1.0
-1.0
-1.0
-1.0
45.0591
-1.0
50.9896
-1.0
-1.0
-1.0
-1.0
-1.0
-1.0
-1.0
-1.0
37.5962
-1.0
-1.0
-1.0
-1.0
-1.0
-1.0
-1.0
-1.0
7.73538
-1.0
-1.0
-1.0
-1.0
-1.0
-1.0
-1.0
-1.0
-1.0
-1.0
-1.0
-1.0
-1.0
-1.0
-1.0
29.4151
-1.0
-1.0
49.9508
-1.0
-1.0
-1.0
-1.0
-1.0
10.4731
-1.0
39.387
-1.0
-1.0
-1.0
-1.0
-1.0
-1.0
-1.0
-1.0
-1.0
-1.0
-1.0
38.8834
-1.0
-1.0
-1.0
-1.0
-1.0
32.7804
-1.0
-1.0
-1.0
-1.0
-1.0
-1.0
34.8054
-1.0
45.953
44.9246
37.5481
-1.0
-1.0
-1.0
-1.0
-1.0
-1.0
26.4998
-1.0
-1.0
-1.0
-1.0
-1.0
-1.0
-1.0
-1.0
-1.0
-1.0
-1.0
-1.0
-1.0
46.1182
-1.0
-1.0
-1.0
-1.0
46.5877
36.2659
41.6734
-1.0
8.41574
35.4913
-1.0
35.8591
39.0567
42.2836
-1.0
-1.0
-1.0
-1.0
-1.0
-1.0
-1.0
-1.0
-1.0
-1.0
-1.0
31.0015
-1.0
-1.0
-1.0
-1.0
47.4439
13.4749
-1.0
-1.0
-1.0
-1.0
-1.0
-1.0
-1.0
-1.0
-1.0
-1.0
-1.0
-1.0
-1.0
-1.0
-1.0
-1.0
38.6623
-1.0
-1.0
30.8792
-1.0
-1.0
-1.0
-1.0
-1.0
-1.0
-1.0
28.6631
-1.0
-1.0
-1.0
-1.0
-1.0
-1.0
33.3998
-1.0
-1.0
-1.0
-1.0
-1.0
-1.0
18.4778
-1.0
-1.0
-1.0
-1.0
-1.0
-1.0
-1.0
47.3871
22.9842
-1.0
42.8351
-1.0
-1.0
40.8319
47.7858
-1.0
-1.0
-1.0
-1.0
-1.0
-1.0
-1.0
22.1341
-1.0
35.7068
-1.0
-1.0
-1.0
-1.0
-1.0
29.2208
50.7976
51.9565
-1.0
20.2905
-1.0
-1.0
-1.0
-1.0
-1.0
-1.0
-1.0
-1.0
-1.0
-1.0
43.027
-1.0
-1.0
-1.0
-1.0
-1.0
-1.0
-1.0
-1.0
-1.0
-1.0
-1.0
-1.0
-1.0
-1.0
-1.0
-1.0
-1.0
-1.0
-1.0
-1.0
-1.0
-1.0
47.4178
-1.0
-1.0
-1.0
37.5404
-1.0
-1.0
52.0815
44.3607
-1.0
-1.0
-1.0
-1.0
38.5743
-1.0
-1.0
18.0975
-1.0
39.4451
-1.0
-1.0
40.6794
-1.0
23.9115
32.2072
-1.0
-1.0
-1.0
33.723
-1.0
47.6513
-1.0
47.443
-1.0
41.0756
-1.0
-1.0
-1.0
-1.0
-1.0
42.2698
-1.0
-1.0
-1.0
-1.0
-1.0
-1.0
-1.0
-1.0
10.6042
-1.0
45.496
34.067
-1.0
-1.0
-1.0
-1.0
-1.0
-1.0
-1.0
-1.0
-1.0
-1.0
-1.0
-1.0
-1.0
-1.0
-1.0
-1.0
-1.0
-1.0
-1.0
35.6071
-1.0
-1.0
-1.0
-1.0
-1.0
-1.0
49.0226
12.7321
-1.0
-1.0
-1.0
-1.0
-1.0
-1.0
39.7983
-1.0
-1.0
-1.0
-1.0
26.7127
-1.0
-1.0
28.8717
-1.0
-1.0
35.885
-1.0
-1.0
45.6416
-1.0
-1.0
-1.0
-1.0
-1.0
-1.0
-1.0
-1.0
42.1866
-1.0
-1.0
47.9842
-1.0
-1.0
-1.0
-1.0
-1.0
-1.0
-1.0
35.7931
-1.0
-1.0
-1.0
45.2728
-1.0
47.111
-1.0
-1.0
-1.0
-1.0
23.5053
-1.0
-1.0
-1.0
-1.0
34.5148
-1.0
-1.0
-1.0
-1.0
-1.0
-1.0
15.6797
-1.0
-1.0
-1.0
-1.0
-1.0
27.0502
-1.0
-1.0
-1.0
-1.0
-1.0
-1.0
-1.0
47.6559
-1.0
49.6892
-1.0
-1.0
-1.0
-1.0
22.5187
-1.0
-1.0
-1.0
-1.0
-1.0
-1.0
-1.0
-1.0
-1.0
-1.0
-1.0
-1.0
-1.0
39.9758
48.4658
14.4793
-1.0
-1.0
-1.0
-1.0
-1.0
-1.0
-1.0
49.8944
47.5505
-1.0
-1.0
-1.0
-1.0
-1.0
-1.0
-1.0
-1.0
-1.0
-1.0
-1.0
44.9624
26.9985
-1.0
-1.0
-1.0
-1.0
-1.0
-1.0
-1.0
-1.0
33.9788
-1.0
-1.0
-1.0
-1.0
14.1965
-1.0
-1.0
-1.0
-1.0
47.6118
45.7539
-1.0
-1.0
-1.0
-1.0
-1.0
-1.0
-1.0
-1.0
26.3986
38.5336
37.7732
22.1312
28.7582
-1.0
-1.0
-1.0
-1.0
46.8085
-1.0
-1.0
14.5862
28.3023
41.8066
-1.0
-1.0
-1.0
32.9089
-1.0
-1.0
-1.0
-1.0
-1.0
-1.0
11.0802
-1.0
-1.0
-1.0
31.1772
13.3317
-1.0
-1.0
-1.0
-1.0
-1.0
-1.0
-1.0
-1.0
33.2152
-1.0
32.3323
-1.0
-1.0
50.6405
-1.0
-1.0
-1.0
34.8415
-1.0
-1.0
-1.0
32.3754
-1.0
-1.0
30.9843
31.7492
-1.0
-1.0
-1.0
-1.0
-1.0
-1.0
-1.0
-1.0
-1.0
40.7632
-1.0
-1.0
-1.0
-1.0
-1.0
44.1134
27.263
-1.0
-1.0
-1.0
15.8759
-1.0
-1.0
-1.0
-1.0
41.7578
38.3217
-1.0
-1.0
-1.0
16.5294
38.3262
-1.0
-1.0
-1.0
-1.0
-1.0
-1.0
46.5898
-1.0
-1.0
-1.0
33.7755
-1.0
43.5704
-1.0
-1.0
-1.0
-1.0
-1.0
-1.0
-1.0
-1.0
-1.0
-1.0
-1.0
-1.0
-1.0
51.045
-1.0
-1.0
31.1045
31.5487
-1.0
-1.0
-1.0
-1.0
15.8399
-1.0
35.0045
52.0813
-1.0
-1.0
-1.0
36.0527
-1.0
-1.0
-1.0
-1.0
-1.0
-1.0
-1.0
-1.0
-1.0
49.6201
-1.0
50.2085
-1.0
-1.0
15.577
-1.0
-1.0
36.0608
49.7162
-1.0
32.799
-1.0
-1.0
-1.0
-1.0
42.3463
46.3992
-1.0
31.1632
-1.0
-1.0
-1.0
-1.0
-1.0
-1.0
-1.0
-1.0
-1.0
-1.0
-1.0
-1.0
-1.0
-1.0
36.3677
-1.0
-1.0
-1.0
-1.0
-1.0
-1.0
-1.0
40.0078
49.3357
-1.0
-1.0
-1.0
-1.0
-1.0
-1.0
-1.0
-1.0
-1.0
-1.0
-1.0
-1.0
40.7895
37.7783
-1.0
-1.0
-1.0
-1.0
-1.0
-1.0
39.7704
44.082
-1.0
-1.0
-1.0
-1.0
44.4547
-1.0
48.1867
-1.0
-1.0
-1.0
-1.0
-1.0
-1.0
-1.0
-1.0
38.3196
-1.0
36.5276
-1.0
-1.0
-1.0
46.3958
-1.0
49.3978
-1.0
-1.0
-1.0
-1.0
-1.0
-1.0
-1.0
8.88333
-1.0
-1.0
-1.0
-1.0
-1.0
20.8243
-1.0
-1.0
31.062
-1.0
48.2772
-1.0
-1.0
-1.0
-1.0
-1.0
-1.0
-1.0
-1.0
-1.0
25.1519
-1.0
-1.0
-1.0
-1.0
-1.0
-1.0
-1.0
46.3696
-1.0
30.7771
-1.0
-1.0
-1.0
42.6005
-1.0
-1.0
-1.0
-1.0
-1.0
-1.0
-1.0
-1.0
-1.0
-1.0
49.818
-1.0
39.4332
43.2802
-1.0
-1.0
-1.0
-1.0
22.6542
-1.0
43.056
-1.0
43.6385
-1.0
-1.0
18.0156
-1.0
47.1235
-1.0
45.8367
-1.0
-1.0
-1.0
-1.0
-1.0
35.5961
-1.0
-1.0
21.0155
-1.0
-1.0
-1.0
-1.0
-1.0
-1.0
-1.0
-1.0
-1.0
-1.0
-1.0
-1.0
-1.0
27.1807
-1.0
-1.0
35.7209
41.0653
26.9843
43.8317
-1.0
-1.0
19.0999
-1.0
-1.0
-1.0
-1.0
-1.0
-1.0
-1.0
-1.0
-1.0
-1.0
-1.0
48.5933
27.2449
-1.0
-1.0
-1.0
-1.0
-1.0
-1.0
30.5554
-1.0
-1.0
-1.0
-1.0
-1.0
-1.0
-1.0
-1.0
-1.0
52.286
-1.0
-1.0
-1.0
-1.0
36.8292
-1.0
-1.0
-1.0
-1.0
42.8557
36.0508
45.7143
-1.0
-1.0
-1.0
-1.0
24.1487
-1.0
-1.0
-1.0
-1.0
-1.0
-1.0
-1.0
41.7039
-1.0
-1.0
-1.0
-1.0
-1.0
-1.0
-1.0
34.1014
-1.0
-1.0
-1.0
26.9312
-1.0
33.3455
-1.0
-1.0
-1.0
-1.0
-1.0
-1.0
-1.0
-1.0
31.22
-1.0
-1.0
-1.0
-1.0
-1.0
-1.0
-1.0
35.1127
-1.0
-1.0
-1.0
-1.0
-1.0
-1.0
-1.0
-1.0
-1.0
-1.0
49.3659
-1.0
47.3073
-1.0
-1.0
-1.0
-1.0
34.4076
-1.0
-1.0
-1.0
-1.0
48.1817
-1.0
19.1554
-1.0
-1.0
-1.0
-1.0
49.3769
-1.0
-1.0
-1.0
-1.0
-1.0
-1.0
-1.0
-1.0
-1.0
-1.0
-1.0
-1.0
47.971
-1.0
-1.0
-1.0
-1.0
-1.0
-1.0
-1.0
-1.0
-1.0
-1.0
-1.0
-1.0
-1.0
-1.0
-1.0
-1.0
-1.0
-1.0
16.7261
-1.0
-1.0
-1.0
-1.0
-1.0
-1.0
-1.0
-1.0
-1.0
-1.0
-1.0
33.3837
-1.0
-1.0
-1.0
-1.0
-1.0
-1.0
-1.0
30.5951
-1.0
-1.0
-1.0
-1.0
24.8475
44.4008
43.4343
34.2884
-1.0
-1.0
-1.0
-1.0
-1.0
5.56019
-1.0
-1.0
-1.0
48.532
-1.0
-1.0
-1.0
-1.0
-1.0
-1.0
47.8072
29.933
-1.0
-1.0
-1.0
-1.0
-1.0
-1.0
-1.0
-1.0
-1.0
44.8598
-1.0
-1.0
-1.0
-1.0
-1.0
-1.0
-1.0
-1.0
-1.0
-1.0
-1.0
-1.0
-1.0
35.8312
-1.0
27.2279
-1.0
-1.0
-1.0
-1.0
17.5008
-1.0
28.5354
-1.0
-1.0
-1.0
-1.0
-1.0
-1.0
-1.0
-1.0
-1.0
25.9783
16.5563
-1.0
-1.0
-1.0
36.1746
-1.0
-1.0
-1.0
-1.0
39.2892
-1.0
-1.0
-1.0
37.9529
-1.0
38.3695
-1.0
-1.0
51.6386
-1.0
38.2659
-1.0
-1.0
-1.0
-1.0
-1.0
-1.0
46.5888
-1.0
-1.0
44.4012
-1.0
-1.0
-1.0
-1.0
-1.0
-1.0
-1.0
-1.0
-1.0
-1.0
-1.0
-1.0
-1.0
-1.0
-1.0
-1.0
-1.0
-1.0
37.7226
-1.0
-1.0
-1.0
-1.0
-1.0
-1.0
-1.0
-1.0
-1.0
-1.0
35.2306
-1.0
43.8168
-1.0
-1.0
34.7226
-1.0
25.2278
-1.0
-1.0
-1.0
-1.0
-1.0
-1.0
51.7138
-1.0
-1.0
-1.0
-1.0
-1.0
-1.0
-1.0
-1.0
-1.0
-1.0
47.0537
-1.0
50.7871
-1.0
47.7376
-1.0
-1.0
-1.0
-1.0
37.5251
49.4879
-1.0
45.674
34.535
-1.0
-1.0
22.5475
-1.0
-1.0
-1.0
-1.0
40.5842
-1.0
-1.0
39.9782
-1.0
-1.0
18.3058
-1.0
-1.0
27.2259
-1.0
-1.0
-1.0
-1.0
42.4695
-1.0
47.1692
39.8871
-1.0
-1.0
-1.0
-1.0
-1.0
-1.0
48.7966
-1.0
-1.0
-1.0
-1.0
-1.0
-1.0
-1.0
40.8888
-1.0
50.6898
-1.0
42.1413
-1.0
-1.0
26.4951
-1.0
-1.0
-1.0
21.7673
42.3678
-1.0
-1.0
-1.0
-1.0
38.68
-1.0
-1.0
-1.0
14.1078
-1.0
-1.0
28.0627
24.7415
-1.0
-1.0
-1.0
-1.0
45.6106
-1.0
-1.0
-1.0
46.5344
46.1169
-1.0
-1.0
-1.0
-1.0
-1.0
40.7692
-1.0
-1.0
-1.0
-1.0
-1.0
50.2518
-1.0
-1.0
-1.0
-1.0
-1.0
-1.0
-1.0
29.0276
-1.0
-1.0
49.7641
-1.0
-1.0
-1.0
-1.0
14.0262
-1.0
-1.0
-1.0
40.9903
-1.0
-1.0
-1.0
-1.0
27.1725
-1.0
-1.0
-1.0
-1.0
-1.0
-1.0
52.2634
-1.0
-1.0
-1.0
34.7767
-1.0
-1.0
-1.0
51.9313
-1.0
-1.0
-1.0
50.2266
22.8432
-1.0
-1.0
-1.0
-1.0
16.3523
-1.0
-1.0
-1.0
33.3207
-1.0
-1.0
-1.0
-1.0
-1.0
-1.0
50.6544
-1.0
-1.0
-1.0
50.4556
40.9547
-1.0
-1.0
-1.0
37.5498
-1.0
-1.0
26.4196
50.439
-1.0
-1.0
-1.0
-1.0
39.2986
-1.0
-1.0
35.3851
-1.0
39.5728
-1.0
-1.0
18.6521
17.0122
-1.0
-1.0
-1.0
-1.0
-1.0
14.9074
27.4361
-1.0
-1.0
-1.0
41.405
-1.0
-1.0
-1.0
-1.0
-1.0
-1.0
49.0672
-1.0
-1.0
-1.0
36.369
36.9302
-1.0
-1.0
-1.0
-1.0
-1.0
-1.0
-1.0
-1.0
-1.0
-1.0
-1.0
-1.0
43.0198
34.1619
39.4799
-1.0
-1.0
-1.0
33.2885
40.6559
26.7195
-1.0
-1.0
-1.0
-1.0
18.8409
-1.0
-1.0
-1.0
51.677
-1.0
-1.0
-1.0
-1.0
-1.0
-1.0
-1.0
-1.0
-1.0
-1.0
-1.0
-1.0
-1.0
-1.0
-1.0
-1.0
43.1951
-1.0
-1.0
-1.0
-1.0
-1.0
-1.0
-1.0
-1.0
-1.0
48.7986
-1.0
-1.0
-1.0
-1.0
-1.0
-1.0
-1.0
-1.0
-1.0
40.0721
40.5169
-1.0
-1.0
-1.0
46.8159
49.1614
-1.0
-1.0
-1.0
-1.0
-1.0
-1.0
-1.0
46.8578
-1.0
-1.0
-1.0
-1.0
-1.0
-1.0
-1.0
25.5662
-1.0
-1.0
43.7164
29.4868
-1.0
-1.0
-1.0
-1.0
-1.0
-1.0
-1.0
-1.0
-1.0
-1.0
-1.0
50.4678
-1.0
8.56471
-1.0
47.2371
42.9955
-1.0
-1.0
-1.0
-1.0
-1.0
50.3957
-1.0
47.1733
-1.0
47.5705
-1.0
-1.0
17.2001
-1.0
23.1491
32.6087
-1.0
45.0222
38.6578
-1.0
-1.0
-1.0
38.2706
46.7776
-1.0
38.9016
-1.0
22.1525
-1.0
-1.0
-1.0
-1.0
-1.0
-1.0
24.7684
-1.0
-1.0
-1.0
-1.0
-1.0
-1.0
-1.0
-1.0
-1.0
-1.0
-1.0
-1.0
-1.0
-1.0
18.1265
-1.0
-1.0
-1.0
-1.0
19.1451
-1.0
-1.0
-1.0
-1.0
-1.0
-1.0
-1.0
-1.0
-1.0
18.3576
28.8472
39.733
-1.0
-1.0
-1.0
24.4307
-1.0
-1.0
-1.0
-1.0
-1.0
-1.0
-1.0
42.5663
-1.0
-1.0
-1.0
47.9157
45.1129
-1.0
-1.0
36.2012
-1.0
-1.0
-1.0
28.1189
-1.0
-1.0
-1.0
-1.0
-1.0
46.5311
-1.0
-1.0
-1.0
-1.0
-1.0
-1.0
-1.0
-1.0
26.6324
45.0408
-1.0
-1.0
-1.0
27.7851
-1.0
46.0289
-1.0
-1.0
-1.0
-1.0
-1.0
-1.0
-1.0
-1.0
-1.0
-1.0
-1.0
-1.0
-1.0
-1.0
-1.0
29.849
-1.0
-1.0
-1.0
17.2501
-1.0
-1.0
-1.0
25.4249
-1.0
44.8221
7.37729
-1.0
-1.0
-1.0
38.5209
-1.0
-1.0
39.8806
-1.0
-1.0
-1.0
41.9583
-1.0
-1.0
-1.0
-1.0
-1.0
-1.0
-1.0
-1.0
-1.0
-1.0
-1.0
-1.0
-1.0
-1.0
-1.0
16.5751
-1.0
-1.0
-1.0
-1.0
-1.0
-1.0
-1.0
30.7442
-1.0
-1.0
40.9141
-1.0
-1.0
-1.0
23.8485
-1.0
-1.0
-1.0
-1.0
-1.0
-1.0
-1.0
47.464
-1.0
-1.0
-1.0
-1.0
-1.0
-1.0
48.4775
-1.0
-1.0
-1.0
-1.0
-1.0
-1.0
-1.0
29.0812
-1.0
36.5858
-1.0
42.6429
-1.0
37.258
-1.0
23.1759
-1.0
-1.0
-1.0
-1.0
-1.0
-1.0
-1.0
-1.0
-1.0
-1.0
-1.0
-1.0
-1.0
-1.0
-1.0
-1.0
49.0157
-1.0
-1.0
-1.0
-1.0
35.8303
38.0755
45.346
-1.0
-1.0
-1.0
-1.0
-1.0
47.7977
-1.0
-1.0
40.553
-1.0
-1.0
-1.0
-1.0
-1.0
-1.0
-1.0
-1.0
-1.0
-1.0
-1.0
-1.0
-1.0
-1.0
14.1661
-1.0
-1.0
-1.0
-1.0
52.0508
-1.0
44.3712
52.0259
-1.0
-1.0
-1.0
46.9011
23.4979
-1.0
19.4113
-1.0
-1.0
-1.0
-1.0
-1.0
-1.0
36.0605
-1.0
-1.0
-1.0
-1.0
40.7828
-1.0
-1.0
-1.0
-1.0
25.9283
-1.0
-1.0
-1.0
-1.0
-1.0
41.9681
-1.0
52.2383
-1.0
37.8855
-1.0
-1.0
43.0557
28.0235
-1.0
9.34881
21.4741
46.3984
-1.0
-1.0
7.14618
-1.0
-1.0
42.9675
-1.0
-1.0
-1.0
41.6762
-1.0
-1.0
-1.0
-1.0
42.4911
-1.0
-1.0
-1.0
-1.0
-1.0
-1.0
38.0529
20.3988
-1.0
-1.0
-1.0
-1.0
-1.0
-1.0
44.4336
-1.0
-1.0
-1.0
-1.0
-1.0
-1.0
-1.0
-1.0
-1.0
-1.0
-1.0
-1.0
-1.0
-1.0
-1.0
-1.0
-1.0
-1.0
-1.0
-1.0
-1.0
-1.0
-1.0
-1.0
-1.0
26.8808
-1.0
-1.0
-1.0
49.8635
-1.0
-1.0
-1.0
-1.0
-1.0
-1.0
15.7255
32.3378
29.4093
-1.0
-1.0
-1.0
-1.0
-1.0
-1.0
-1.0
-1.0
-1.0
32.0216
-1.0
-1.0
-1.0
-1.0
-1.0
51.6014
-1.0
46.5441
18.5627
-1.0
-1.0
-1.0
-1.0
-1.0
-1.0
-1.0
-1.0
27.3161
-1.0
-1.0
-1.0
-1.0
-1.0
-1.0
-1.0
-1.0
51.1981
4.94463
-1.0
25.2154
44.5408
-1.0
-1.0
-1.0
-1.0
-1.0
-1.0
-1.0
-1.0
-1.0
-1.0
-1.0
-1.0
-1.0
-1.0
-1.0
39.4848
-1.0
-1.0
-1.0
-1.0
-1.0
-1.0
-1.0
-1.0
-1.0
-1.0
-1.0
28.1937
33.4619
-1.0
-1.0
-1.0
39.9958
27.2126
-1.0
-1.0
35.755
47.8149
-1.0
45.0832
48.6921
-1.0
-1.0
-1.0
-1.0
-1.0
-1.0
-1.0
-1.0
-1.0
26.5651
-1.0
49.1129
50.8925
-1.0
-1.0
-1.0
-1.0
-1.0
-1.0
-1.0
-1.0
-1.0
14.7329
-1.0
-1.0
-1.0
48.7963
-1.0
51.6848
38.9527
-1.0
-1.0
-1.0
-1.0
46.7628
33.1745
17.9435
-1.0
-1.0
-1.0
-1.0
-1.0
-1.0
-1.0
-1.0
-1.0
-1.0
-1.0
-1.0
-1.0
-1.0
33.7063
-1.0
-1.0
-1.0
-1.0
-1.0
-1.0
18.6915
-1.0
-1.0
-1.0
-1.0
-1.0
-1.0
-1.0
30.7591
35.9233
-1.0
-1.0
-1.0
-1.0
-1.0
-1.0
44.8849
-1.0
-1.0
-1.0
-1.0
-1.0
-1.0
-1.0
32.1213
-1.0
-1.0
-1.0
-1.0
48.0961
-1.0
52.2526
41.5079
-1.0
44.8678
31.6356
-1.0
50.4927
38.5948
-1.0
-1.0
-1.0
28.4467
-1.0
-1.0
-1.0
-1.0
-1.0
-1.0
-1.0
32.9922
5.94146
-1.0
31.5702
-1.0
-1.0
23.1133
-1.0
-1.0
-1.0
-1.0
-1.0
45.7192
-1.0
-1.0
-1.0
42.5413
-1.0
-1.0
-1.0
-1.0
-1.0
36.6417
-1.0
-1.0
-1.0
-1.0
-1.0
48.3138
-1.0
-1.0
33.7812
-1.0
-1.0
-1.0
-1.0
-1.0
47.1671
-1.0
-1.0
-1.0
-1.0
-1.0
-1.0
-1.0
-1.0
-1.0
-1.0
-1.0
-1.0
40.0594
-1.0
-1.0
-1.0
-1.0
37.563
-1.0
46.3928
-1.0
50.1187
-1.0
36.6205
-1.0
18.9515
-1.0
-1.0
-1.0
-1.0
-1.0
24.0889
-1.0
33.5092
-1.0
-1.0
-1.0
-1.0
-1.0
-1.0
37.0632
47.0501
-1.0
-1.0
-1.0
-1.0
-1.0
-1.0
-1.0
-1.0
-1.0
47.224
-1.0
-1.0
45.562
-1.0
-1.0
-1.0
25.832
-1.0
-1.0
-1.0
-1.0
48.1107
-1.0
-1.0
-1.0
-1.0
-1.0
-1.0
-1.0
-1.0
31.9692
16.6899
-1.0
-1.0
48.0941
-1.0
-1.0
-1.0
-1.0
-1.0
-1.0
-1.0
-1.0
-1.0
21.8327
-1.0
-1.0
-1.0
-1.0
-1.0
45.4592
-1.0
-1.0
-1.0
-1.0
-1.0
-1.0
-1.0
30.864
-1.0
-1.0
49.5903
-1.0
-1.0
-1.0
31.2622
36.9205
21.5703
-1.0
-1.0
-1.0
-1.0
-1.0
-1.0
-1.0
-1.0
-1.0
-1.0
-1.0
-1.0
-1.0
-1.0
-1.0
29.1911
-1.0
-1.0
-1.0
42.6875
-1.0
-1.0
51.5543
-1.0
-1.0
-1.0
41.7302
54.6917
-1.0
50.3552
-1.0
-1.0
24.1775
-1.0
-1.0
38.4619
28.2611
-1.0
26.0137
-1.0
-1.0
-1.0
-1.0
-1.0
-1.0
-1.0
17.7803
33.1006
-1.0
-1.0
-1.0
4.83584
-1.0
-1.0
-1.0
-1.0
-1.0
-1.0
-1.0
32.1827
52.1888
52.0817
-1.0
51.7169
33.5923
51.9873
-1.0
-1.0
-1.0
-1.0
-1.0
-1.0
-1.0
-1.0
-1.0
-1.0
-1.0
-1.0
-1.0
32.0755
-1.0
-1.0
-1.0
-1.0
-1.0
-1.0
-1.0
-1.0
50.0786
-1.0
-1.0
32.1938
-1.0
-1.0
-1.0
-1.0
-1.0
-1.0
24.9777
-1.0
-1.0
-1.0
-1.0
-1.0
-1.0
-1.0
-1.0
22.7557
-1.0
-1.0
42.1846
-1.0
-1.0
-1.0
-1.0
50.3843
-1.0
-1.0
-1.0
-1.0
18.5087
41.2814
-1.0
-1.0
-1.0
-1.0
50.8394
-1.0
-1.0
-1.0
-1.0
-1.0
-1.0
-1.0
-1.0
-1.0
-1.0
-1.0
-1.0
-1.0
-1.0
-1.0
-1.0
-1.0
-1.0
-1.0
-1.0
-1.0
-1.0
-1.0
-1.0
-1.0
-1.0
-1.0
-1.0
-1.0
-1.0
-1.0
32.2088
-1.0
50.3995
45.4001
43.8939
-1.0
-1.0
-1.0
-1.0
35.9027
-1.0
39.042
-1.0
43.7219
-1.0
-1.0
-1.0
-1.0
-1.0
-1.0
-1.0
-1.0
-1.0
-1.0
-1.0
42.6063
-1.0
-1.0
20.8859
49.4667
-1.0
-1.0
-1.0
-1.0
44.5406
-1.0
38.3828
21.2485
-1.0
-1.0
-1.0
-1.0
-1.0
38.1643
-1.0
-1.0
40.0715
-1.0
-1.0
-1.0
-1.0
-1.0
-1.0
-1.0
37.2915
-1.0
-1.0
-1.0
-1.0
25.962
-1.0
-1.0
-1.0
-1.0
-1.0
-1.0
-1.0
-1.0
-1.0
-1.0
-1.0
-1.0
-1.0
41.2767
-1.0
-1.0
-1.0
-1.0
44.2227
-1.0
45.1289
-1.0
31.3289
42.8112
-1.0
-1.0
-1.0
-1.0
-1.0
-1.0
51.4266
-1.0
-1.0
36.7033
26.9372
-1.0
38.6231
-1.0
-1.0
-1.0
-1.0
-1.0
-1.0
-1.0
-1.0
-1.0
-1.0
-1.0
-1.0
-1.0
46.235
-1.0
41.7528
-1.0
-1.0
37.6326
-1.0
44.3593
48.5653
-1.0
-1.0
-1.0
18.4634
38.9719
-1.0
52.0837
-1.0
-1.0
-1.0
-1.0
16.8272
-1.0
-1.0
51.5069
-1.0
21.3294
-1.0
49.5144
-1.0
34.6619
-1.0
-1.0
-1.0
-1.0
32.762
-1.0
20.239
-1.0
-1.0
29.8608
21.0547
-1.0
-1.0
35.4807
-1.0
-1.0
41.7594
-1.0
19.8555
-1.0
-1.0
-1.0
-1.0
50.8833
-1.0
23.8338
-1.0
-1.0
-1.0
-1.0
51.4242
-1.0
-1.0
38.9355
18.0101
43.2895
-1.0
-1.0
-1.0
-1.0
45.2707
-1.0
47.6796
47.491
30.6059
43.955
-1.0
-1.0
-1.0
32.8857
-1.0
-1.0
-1.0
-1.0
-1.0
-1.0
-1.0
-1.0
-1.0
-1.0
-1.0
-1.0
-1.0
-1.0
-1.0
-1.0
-1.0
-1.0
-1.0
-1.0
-1.0
35.2038
-1.0
-1.0
-1.0
-1.0
-1.0
-1.0
-1.0
-1.0
-1.0
28.4634
-1.0
-1.0
-1.0
-1.0
42.312
41.7093
-1.0
-1.0
45.2244
49.3994
-1.0
42.8266
29.9687
-1.0
23.6091
-1.0
-1.0
9.34906
46.3996
-1.0
19.4684
-1.0
-1.0
-1.0
26.5941
-1.0
22.9794
34.605
-1.0
-1.0
-1.0
-1.0
10.1707
-1.0
-1.0
31.5425
-1.0
-1.0
-1.0
-1.0
30.6057
-1.0
45.559
-1.0
-1.0
47.1967
-1.0
-1.0
-1.0
-1.0
-1.0
-1.0
-1.0
-1.0
-1.0
-1.0
-1.0
-1.0
52.1168
-1.0
-1.0
-1.0
-1.0
-1.0
-1.0
-1.0
37.4498
-1.0
-1.0
26.415
-1.0
41.5813
-1.0
-1.0
-1.0
42.3593
-1.0
-1.0
-1.0
-1.0
-1.0
-1.0
-1.0
-1.0
-1.0
-1.0
-1.0
-1.0
-1.0
-1.0
-1.0
-1.0
-1.0
-1.0
-1.0
-1.0
31.8851
-1.0
-1.0
-1.0
-1.0
-1.0
10.8686
-1.0
-1.0
-1.0
48.8767
-1.0
-1.0
-1.0
47.897
-1.0
33.8485
28.0836
-1.0
-1.0
-1.0
-1.0
51.5937
-1.0
-1.0
33.4637
22.0771
-1.0
19.0331
-1.0
-1.0
-1.0
-1.0
45.7846
-1.0
-1.0
39.8403
-1.0
-1.0
-1.0
-1.0
29.084
-1.0
35.0174
-1.0
37.3326
-1.0
-1.0
-1.0
27.547
38.8289
-1.0
-1.0
44.2546
-1.0
-1.0
46.8047
-1.0
-1.0
-1.0
39.8103
-1.0
15.0063
-1.0
-1.0
-1.0
29.4076
-1.0
-1.0
-1.0
44.3917
-1.0
-1.0
-1.0
-1.0
-1.0
-1.0
-1.0
-1.0
-1.0
45.0136
-1.0
-1.0
-1.0
-1.0
-1.0
-1.0
-1.0
39.9202
-1.0
43.213
-1.0
-1.0
-1.0
-1.0
-1.0
-1.0
18.4353
-1.0
-1.0
-1.0
-1.0
-1.0
-1.0
39.5717
-1.0
-1.0
-1.0
-1.0
-1.0
15.6563
-1.0
-1.0
-1.0
-1.0
-1.0
35.639
-1.0
-1.0
-1.0
-1.0
-1.0
37.766
-1.0
45.2239
-1.0
-1.0
-1.0
-1.0
-1.0
-1.0
-1.0
-1.0
-1.0
-1.0
33.016
-1.0
43.8516
11.9382
37.5034
-1.0
-1.0
35.976
-1.0
-1.0
-1.0
-1.0
-1.0
-1.0
-1.0
-1.0
-1.0
46.2356
-1.0
20.7621
-1.0
-1.0
-1.0
-1.0
-1.0
-1.0
52.3118
-1.0
-1.0
-1.0
-1.0
49.9208
-1.0
-1.0
-1.0
48.4758
-1.0
-1.0
-1.0
-1.0
-1.0
-1.0
-1.0
-1.0
-1.0
-1.0
-1.0
-1.0
-1.0
-1.0
-1.0
-1.0
40.5191
-1.0
-1.0
-1.0
-1.0
-1.0
-1.0
-1.0
-1.0
-1.0
-1.0
-1.0
-1.0
-1.0
-1.0
-1.0
-1.0
-1.0
49.7684
41.9533
-1.0
31.3429
-1.0
-1.0
25.992
-1.0
-1.0
-1.0
-1.0
-1.0
-1.0
-1.0
-1.0
-1.0
31.0032
-1.0
-1.0
-1.0
-1.0
-1.0
-1.0
-1.0
39.6688
-1.0
-1.0
-1.0
-1.0
-1.0
-1.0
-1.0
-1.0
-1.0
-1.0
17.6053
-1.0
46.8406
-1.0
-1.0
48.6479
-1.0
-1.0
-1.0
-1.0
-1.0
48.6159
28.2297
-1.0
11.4301
-1.0
28.3531
-1.0
-1.0
-1.0
-1.0
-1.0
-1.0
-1.0
33.3725
-1.0
-1.0
-1.0
24.9615
-1.0
-1.0
-1.0
40.1522
-1.0
-1.0
-1.0
-1.0
-1.0
12.9373
32.1659
-1.0
-1.0
-1.0
-1.0
-1.0
-1.0
-1.0
-1.0
-1.0
-1.0
-1.0
26.3183
-1.0
-1.0
-1.0
-1.0
-1.0
-1.0
-1.0
-1.0
-1.0
35.4969
-1.0
-1.0
-1.0
-1.0
-1.0
-1.0
-1.0
-1.0
-1.0
-1.0
-1.0
-1.0
-1.0
-1.0
-1.0
-1.0
-1.0
51.2165
-1.0
-1.0
-1.0
34.702
-1.0
-1.0
-1.0
-1.0
41.7617
-1.0
-1.0
-1.0
-1.0
-1.0
-1.0
21.376
29.459
-1.0
50.955
-1.0
-1.0
-1.0
-1.0
-1.0
-1.0
-1.0
-1.0
-1.0
46.5239
44.6175
-1.0
-1.0
-1.0
-1.0
-1.0
-1.0
-1.0
-1.0
31.291
-1.0
24.6985
-1.0
-1.0
17.0023
-1.0
-1.0
-1.0
-1.0
-1.0
33.6076
-1.0
-1.0
-1.0
-1.0
20.5981
-1.0
36.9666
-1.0
-1.0
-1.0
-1.0
-1.0
-1.0
-1.0
-1.0
-1.0
39.2385
47.405
52.2818
-1.0
49.3327
-1.0
-1.0
-1.0
36.4166
-1.0
-1.0
-1.0
-1.0
-1.0
-1.0
-1.0
-1.0
-1.0
-1.0
-1.0
31.9605
-1.0
-1.0
-1.0
-1.0
-1.0
-1.0
-1.0
-1.0
-1.0
-1.0
-1.0
-1.0
30.1435
35.0347
-1.0
-1.0
-1.0
-1.0
-1.0
-1.0
-1.0
48.1719
-1.0
36.4859
-1.0
-1.0
47.4967
-1.0
26.6456
-1.0
-1.0
-1.0
-1.0
-1.0
-1.0
24.6145
31.2937
-1.0
-1.0
-1.0
26.6072
-1.0
-1.0
-1.0
28.9011
-1.0
-1.0
-1.0
-1.0
-1.0
-1.0
-1.0
-1.0
50.3652
-1.0
39.6333
-1.0
-1.0
-1.0
-1.0
-1.0
-1.0
-1.0
40.4327
-1.0
-1.0
-1.0
-1.0
-1.0
-1.0
-1.0
-1.0
44.916
-1.0
-1.0
22.5092
-1.0
-1.0
-1.0
-1.0
-1.0
-1.0
-1.0
24.2632
-1.0
47.3255
-1.0
31.866
-1.0
-1.0
19.9882
-1.0
-1.0
-1.0
-1.0
19.287
-1.0
-1.0
-1.0
-1.0
-1.0
-1.0
-1.0
-1.0
-1.0
-1.0
-1.0
-1.0
-1.0
-1.0
-1.0
-1.0
-1.0
-1.0
-1.0
42.6248
-1.0
-1.0
45.0664
-1.0
30.1509
-1.0
-1.0
-1.0
-1.0
-1.0
-1.0
-1.0
-1.0
-1.0
-1.0
-1.0
-1.0
-1.0
-1.0
35.1075
-1.0
-1.0
-1.0
-1.0
-1.0
-1.0
43.2131
-1.0
34.8124
-1.0
-1.0
-1.0
-1.0
-1.0
-1.0
-1.0
-1.0
-1.0
-1.0
-1.0
49.9181
-1.0
-1.0
-1.0
-1.0
-1.0
32.7602
-1.0
16.7983
-1.0
-1.0
34.4767
-1.0
-1.0
-1.0
-1.0
-1.0
-1.0
-1.0
-1.0
26.7949
29.7445
-1.0
-1.0
-1.0
-1.0
48.8031
-1.0
26.6658
-1.0
-1.0
-1.0
-1.0
-1.0
-1.0
-1.0
-1.0
-1.0
-1.0
-1.0
28.8141
44.68
-1.0
40.4769
20.1998
-1.0
-1.0
47.2212
-1.0
-1.0
-1.0
-1.0
-1.0
-1.0
-1.0
44.508
-1.0
-1.0
-1.0
-1.0
-1.0
-1.0
-1.0
46.7513
-1.0
-1.0
-1.0
-1.0
-1.0
-1.0
-1.0
-1.0
29.8818
44.1386
-1.0
-1.0
37.0199
-1.0
-1.0
-1.0
-1.0
-1.0
41.1488
39.3112
-1.0
-1.0
-1.0
-1.0
-1.0
-1.0
-1.0
-1.0
-1.0
-1.0
17.9487
-1.0
-1.0
-1.0
-1.0
-1.0
-1.0
-1.0
32.3858
-1.0
31.6842
-1.0
-1.0
-1.0
-1.0
-1.0
-1.0
-1.0
-1.0
-1.0
-1.0
-1.0
-1.0
-1.0
-1.0
-1.0
32.6524
-1.0
-1.0
-1.0
28.0251
-1.0
-1.0
31.8591
-1.0
-1.0
-1.0
-1.0
-1.0
42.6142
-1.0
30.3701
47.7754
-1.0
-1.0
-1.0
47.0494
-1.0
39.2125
-1.0
-1.0
-1.0
-1.0
-1.0
-1.0
-1.0
-1.0
-1.0
30.1917
-1.0
-1.0
-1.0
-1.0
49.0214
-1.0
-1.0
26.8845
-1.0
35.4769
-1.0
-1.0
-1.0
32.5657
-1.0
51.7147
-1.0
-1.0
38.2206
-1.0
33.2463
30.787
-1.0
-1.0
-1.0
-1.0
-1.0
26.3247
-1.0
-1.0
-1.0
37.1985
-1.0
-1.0
-1.0
-1.0
-1.0
46.7872
-1.0
-1.0
-1.0
-1.0
-1.0
-1.0
-1.0
47.0666
-1.0
-1.0
-1.0
-1.0
-1.0
-1.0
-1.0
-1.0
19.4736
-1.0
51.6894
-1.0
15.8206
-1.0
49.0246
-1.0
40.2529
51.7949
-1.0
-1.0
-1.0
-1.0
-1.0
-1.0
-1.0
-1.0
-1.0
-1.0
-1.0
51.4976
-1.0
-1.0
-1.0
-1.0
-1.0
42.292
45.9038
-1.0
-1.0
-1.0
-1.0
-1.0
-1.0
-1.0
34.0649
-1.0
48.1102
-1.0
-1.0
-1.0
52.0043
19.7603
-1.0
-1.0
-1.0
-1.0
-1.0
33.7456
47.6524
-1.0
49.6051
45.8515
-1.0
-1.0
-1.0
42.6164
-1.0
-1.0
-1.0
-1.0
-1.0
-1.0
-1.0
22.7841
-1.0
-1.0
38.1412
-1.0
-1.0
-1.0
51.6589
-1.0
9.3003
-1.0
-1.0
-1.0
-1.0
-1.0
-1.0
-1.0
-1.0
-1.0
-1.0
-1.0
-1.0
44.8808
-1.0
31.8526
-1.0
-1.0
-1.0
-1.0
-1.0
-1.0
-1.0
-1.0
30.162
20.1738
-1.0
-1.0
-1.0
-1.0
-1.0
-1.0
-1.0
-1.0
-1.0
-1.0
-1.0
-1.0
-1.0
-1.0
-1.0
45.4287
41.3266
-1.0
49.3964
-1.0
-1.0
-1.0
40.3987
-1.0
27.9962
-1.0
-1.0
-1.0
-1.0
-1.0
-1.0
-1.0
-1.0
-1.0
-1.0
-1.0
-1.0
-1.0
27.7035
21.5575
-1.0
-1.0
-1.0
12.8068
-1.0
-1.0
17.417
43.6839
-1.0
-1.0
-1.0
28.6142
-1.0
51.3408
39.8236
-1.0
51.4626
-1.0
-1.0
-1.0
-1.0
-1.0
-1.0
-1.0
-1.0
-1.0
-1.0
-1.0
43.4193
29.5581
-1.0
-1.0
-1.0
-1.0
-1.0
-1.0
-1.0
-1.0
-1.0
-1.0
-1.0
-1.0
-1.0
-1.0
35.9889
-1.0
-1.0
-1.0
-1.0
15.4256
-1.0
-1.0
-1.0
-1.0
-1.0
-1.0
-1.0
-1.0
-1.0
-1.0
-1.0
-1.0
-1.0
37.5571
-1.0
-1.0
-1.0
24.1296
-1.0
-1.0
39.6846
-1.0
-1.0
-1.0
39.1152
-1.0
-1.0
-1.0
-1.0
37.8332
46.2754
-1.0
-1.0
-1.0
-1.0
-1.0
-1.0
-1.0
-1.0
-1.0
-1.0
51.4924
-1.0
-1.0
-1.0
-1.0
-1.0
-1.0
-1.0
-1.0
-1.0
-1.0
-1.0
-1.0
-1.0
-1.0
-1.0
36.7517
-1.0
-1.0
-1.0
33.8974
-1.0
-1.0
-1.0
-1.0
-1.0
-1.0
-1.0
-1.0
-1.0
-1.0
-1.0
20.2067
-1.0
-1.0
-1.0
-1.0
-1.0
-1.0
40.1103
-1.0
-1.0
-1.0
-1.0
23.0583
37.1154
-1.0
-1.0
-1.0
48.6643
-1.0
27.8233
-1.0
-1.0
-1.0
-1.0
-1.0
-1.0
-1.0
-1.0
-1.0
-1.0
-1.0
-1.0
37.7171
-1.0
-1.0
-1.0
-1.0
-1.0
-1.0
-1.0
-1.0
36.2045
-1.0
24.8768
-1.0
36.3225
-1.0
-1.0
-1.0
-1.0
-1.0
-1.0
-1.0
-1.0
-1.0
-1.0
-1.0
50.1416
-1.0
-1.0
-1.0
-1.0
-1.0
-1.0
-1.0
-1.0
-1.0
-1.0
-1.0
-1.0
50.0805
45.7873
-1.0
21.4894
-1.0
-1.0
-1.0
-1.0
-1.0
-1.0
32.258
46.0934
24.3975
-1.0
14.0334
-1.0
-1.0
-1.0
39.0702
-1.0
-1.0
-1.0
49.6043
-1.0
45.8943
-1.0
-1.0
38.1768
-1.0
-1.0
16.3146
-1.0
-1.0
-1.0
-1.0
-1.0
28.7759
-1.0
-1.0
-1.0
38.2998
-1.0
36.9023
-1.0
-1.0
-1.0
-1.0
-1.0
-1.0
-1.0
11.0717
18.3183
-1.0
-1.0
14.2037
-1.0
-1.0
-1.0
-1.0
41.4512
-1.0
-1.0
-1.0
33.6062
-1.0
34.3953
23.2382
-1.0
-1.0
-1.0
-1.0
-1.0
27.2679
-1.0
-1.0
-1.0
-1.0
-1.0
-1.0
-1.0
-1.0
-1.0
-1.0
-1.0
-1.0
-1.0
-1.0
-1.0
-1.0
-1.0
-1.0
-1.0
-1.0
-1.0
-1.0
-1.0
-1.0
33.6753
-1.0
-1.0
-1.0
-1.0
-1.0
-1.0
-1.0
-1.0
-1.0
-1.0
-1.0
-1.0
-1.0
-1.0
-1.0
-1.0
25.8346
-1.0
-1.0
-1.0
-1.0
-1.0
-1.0
50.8221
-1.0
-1.0
26.0498
49.0815
-1.0
-1.0
30.227
-1.0
-1.0
-1.0
-1.0
-1.0
-1.0
-1.0
-1.0
-1.0
-1.0
14.1517
26.0265
-1.0
-1.0
-1.0
-1.0
-1.0
-1.0
-1.0
-1.0
35.3468
-1.0
-1.0
-1.0
-1.0
-1.0
-1.0
-1.0
-1.0
-1.0
-1.0
-1.0
31.3923
14.2871
-1.0
-1.0
-1.0
-1.0
-1.0
-1.0
-1.0
-1.0
50.5263
24.3736
-1.0
-1.0
-1.0
-1.0
33.786
52.0105
-1.0
-1.0
49.2708
-1.0
-1.0
-1.0
15.29
-1.0
-1.0
-1.0
-1.0
-1.0
-1.0
-1.0
-1.0
-1.0
-1.0
-1.0
-1.0
-1.0
-1.0
-1.0
-1.0
30.4636
-1.0
-1.0
-1.0
-1.0
-1.0
-1.0
31.3074
-1.0
-1.0
-1.0
-1.0
18.6572
-1.0
-1.0
-1.0
-1.0
-1.0
-1.0
-1.0
-1.0
-1.0
-1.0
-1.0
-1.0
42.9093
-1.0
-1.0
-1.0
-1.0
-1.0
-1.0
-1.0
35.7392
-1.0
-1.0
-1.0
-1.0
-1.0
-1.0
46.3275
-1.0
47.0092
-1.0
-1.0
-1.0
-1.0
-1.0
-1.0
-1.0
-1.0
28.6841
35.4846
-1.0
-1.0
-1.0
-1.0
-1.0
-1.0
-1.0
42.5951
53.6437
-1.0
-1.0
-1.0
-1.0
-1.0
-1.0
-1.0
-1.0
-1.0
-1.0
-1.0
18.7756
24.8327
-1.0
-1.0
-1.0
-1.0
-1.0
-1.0
-1.0
-1.0
-1.0
-1.0
-1.0
41.5435
-1.0
-1.0
-1.0
-1.0
-1.0
14.6907
-1.0
-1.0
-1.0
-1.0
-1.0
16.3843
45.4579
-1.0
-1.0
17.6868
-1.0
-1.0
-1.0
-1.0
-1.0
-1.0
30.2728
-1.0
-1.0
-1.0
-1.0
-1.0
-1.0
-1.0
-1.0
28.8226
-1.0
-1.0
-1.0
-1.0
27.2445
46.8497
-1.0
-1.0
34.3022
-1.0
-1.0
29.5273
41.8826
33.6893
-1.0
24.7819
-1.0
-1.0
-1.0
15.9997
-1.0
-1.0
-1.0
-1.0
46.9177
-1.0
-1.0
-1.0
-1.0
-1.0
-1.0
11.4665
-1.0
-1.0
-1.0
-1.0
-1.0
-1.0
-1.0
