133.02
335.553
12.4336
24.3352
256.388
156.652
461.883
75.8133
449.971
263.109
462.149
281.481
462.47
452.807
200.423
462.374
130.248
461.271
232.732
157.015
286.859
285.097
275.687
449.021
283.965
0.399856
309.104
299.436
0.040367
381.827
201.04
283.899
461.594
52.8085
374.785
274.384
64.8212
349.751
446.783
378.444
237.081
299.349
230.057
437.76
9.25302
345.809
351.089
296.718
268.501
462.378
0.379987
0.190521
44.4402
383.614
0.470023
394.627
256.613
90.8062
331.371
371.173
375.119
98.9833
0.527341
318.434
293.409
0.25214
399.033
0.430397
165.983
381.846
76.7616
311.433
298.578
79.0828
213.399
95.8995
306.511
461.102
322.586
114.499
119.677
9.33988
115.895
57.6489
319.18
63.1827
64.027
319.315
149.018
29.8115
0.693508
133.35
142.502
275.141
62.5308
111.147
22.0358
240.659
322.84
232.506
42.585
213.735
404.887
76.2522
462.2
150.455
208.655
62.6096
115.853
392.392
120.708
302.702
350.968
462.079
177.095
217.879
462.28
318.165
24.0572
142.793
239.766
266.656
462.342
462.559
435.02
235.982
230.12
322.223
67.4507
138.166
222.679
422.799
351.359
262.263
298.282
157.162
0.0641667
10.3261
240.122
0.172305
31.6301
85.335
253.479
299.987
462.378
423.22
421.649
232.247
0.340596
321.27
459.962
357.659
462.255
425.763
318.597
278.296
140.366
110.701
146.873
462.148
0.0924995
0.0719824
341.237
287.093
0.0448803
385.194
125.189
0.185388
103.803
461.999
215.225
353.185
97.9068
448.163
398.08
45.809
4.8214
413.337
398.09
371.622
343.232
462.308
125.663
458.32
462.239
166.572
458.456
257.967
176.705
245.14
180.432
343.548
161.479
146.128
101.227
392.858
141.412
409.163
336.856
462.022
68.4882
274.448
457.181
193.007
257.662
325.269
381.613
462.281
461.894
54.3674
106.666
421.618
429.072
145.653
461.647
462.34
303.145
462.042
62.8443
313.46
0.491088
186.691
269.519
70.855
191.666
280.297
358.443
134.649
67.0782
20.0059
0.0596054
237.063
159.66
358.105
30.5008
378.224
230.007
88.7942
401.182
145.715
251.389
41.1051
371.211
264.419
9.52703
405.801
236.857
194.344
461.719
59.2808
457.082
346.521
420.5
462.089
150.273
62.1936
317.174
431.505
92.3814
337.471
461.918
0.103477
304.422
152.912
77.3544
290.873
0.355765
22.0176
440.551
424.037
62.7951
0.138886
340.559
236.751
52.6184
462.045
63.3493
176.893
415.003
388.263
4.65827
285.742
0.401127
185.939
-0.130274
216.162
232.568
455.377
395.701
0.357254
236.875
156.969
0.575585
157.117
33.6132
154.655
52.8899
272.824
344.506
448.266
57.8616
63.5578
0.122176
462.258
97.519
112.164
462.036
462.311
14.1772
462.06
61.8151
82.2992
103.875
39.4632
194.992
65.315
443.399
190.121
461.373
391.941
260.703
154.205
427.636
294.233
181.989
224.712
298.707
97.4678
0.0393712
279.998
462.328
344.61
88.1919
462.303
462.022
46.1282
165.652
48.3635
103.715
324.576
239.791
419.138
184.52
31.9086
77.538
109.35
461.697
396.404
462.481
0.205159
305.572
154.013
309.724
0.109977
392.749
298.745
147.838
425.82
194.831
53.7798
291.178
271.947
351.406
398.756
417.907
462.428
78.2188
462.207
216.072
61.955
159.185
94.3652
1.05948
404.448
283.234
41.9379
364.271
405.756
282.469
203.022
427.759
275.907
354.563
90.9206
137.373
374.759
152.42
177.493
41.3139
205.085
430.999
357.173
103.43
75.7815
20.3226
409.697
462.447
418.777
361.872
8.516
269.683
105.153
307.506
152.911
97.9587
93.8117
358.333
176.791
0.524953
29.1214
349.427
119.667
249.805
21.7076
121.262
402.132
256.141
335.512
461.792
229.673
0.203152
324.333
19.6984
393.417
62.0895
118.883
308.13
19.0253
64.2464
245.827
40.8271
461.916
193.632
315.846
212.38
242.344
329.391
54.9289
0.785671
145.8
248.233
338.661
276.992
300.925
266.562
381.269
259.895
351.882
321.352
462.511
462.383
275.341
100.409
237.255
336.302
241.245
45.1711
229.495
377.928
109.056
83.4015
275.883
438.499
196.657
152.132
462.105
309.848
302.721
245.657
336.316
278.214
261.245
378.787
216.079
3.4253
46.3552
344.978
375.052
186.588
461.37
0.0686974
386.76
357.183
187.437
394.105
254.315
248.415
325.454
232.706
340.336
0.130095
416.6
145.441
310.336
270.098
283.279
462.805
462.483
137.618
401.865
443.437
230.757
350.8
9.69824
17.1625
199.069
319.307
102.432
104.784
9.11027
269.637
185.313
232.128
461.532
131.101
462.079
62.8995
416.611
82.676
220.318
126.471
282.646
207.969
461.838
461.873
461.977
0.648025
404.828
162.75
368.429
294.659
350.399
461.833
129.26
341.033
462.08
460.908
462.095
296.594
191.785
441.077
241.737
253.262
403.218
425.986
138.335
19.754
106.59
371.089
120.868
385.288
419.707
0.831177
462.148
0.28918
277.159
119.814
26.3898
195.861
268.01
125.12
9.60643
335.122
170.23
75.1938
126.235
115.94
462.086
461.776
12.0165
41.4425
460.87
61.7327
128.093
319.409
316.755
330.875
311.877
0.339713
445.588
369.982
158.745
389.003
392.07
429.889
410.707
334.925
286.42
455.492
197.48
396.516
67.0168
297.516
409.72
124.641
415.276
138.668
101.851
417.153
178.158
89.1264
388.035
419.503
163.487
462.215
313.677
211.092
416.589
0.544481
0.39662
379.589
390.392
461.662
304.174
1.14739e-05
325.342
155.124
387.57
462.089
291.415
107.651
373.283
55.9541
326.083
462.423
446.334
461.757
41.6422
7.13335
106.091
412.202
180.112
363.709
344.441
418.933
458.121
402.426
335.007
389.355
230.063
144.216
260.149
249.288
294.14
28.2533
439.096
351.962
418.811
461.935
239.919
-0.00636995
2.02086
462.497
37.8745
329.915
305.782
42.9064
421.466
0.312942
143.963
343.198
256.497
378.262
406.248
48.0802
382.983
91.4255
179.424
324.24
36.3995
233.603
440.641
129.418
131.801
461.044
462.622
427.581
311.278
345.749
281.743
238.331
330.486
0.221147
219.515
142.158
190.895
6.67059
350.291
139.192
328.631
314.888
114.998
0.379442
120.997
394.389
344.151
250.911
214.368
189.117
344.563
346.623
27.6157
375.768
244.538
43.3607
367.162
242.768
0.528817
175.637
263.345
96.7764
358.5
71.3043
72.6385
294.832
308.798
295.048
321.719
161.877
0.661629
129.717
0.0706088
215.919
95.2952
0.360456
439.984
0.437131
250.17
394.428
275.443
462.457
135.682
461.928
17.4343
211.514
205.97
124.108
13.1281
320.898
57.9924
0.364669
378.272
342.778
202.779
210.653
232.301
315.236
271.548
377.118
249.29
462.189
0.74322
364.119
461.59
149.708
199.297
387.916
462.201
160.666
110.157
403.563
243.377
189.306
179.339
7.27488
136.554
266.791
429.729
224.362
198.139
401.434
461.761
425.779
240.006
462.254
29.132
0.0327616
461.93
371.196
376.147
0.0163581
0.266997
55.618
220.079
425.326
305.035
315.721
307.203
93.4109
302.142
333.469
91.9848
433.139
10.5195
262.253
380.711
382.025
163.933
387.048
344.41
324.776
0.76301
211.215
240.478
89.9272
180.532
442.218
201.474
222.018
0.0136047
103.627
333.887
34.3508
381.633
50.0788
460.218
371.214
462.201
462.14
462.346
461.904
320.141
0.0829984
180.641
0.190017
19.2399
448.789
338.871
339.465
434.602
203.948
36.1433
-0.250445
328.1
-0.161915
462.167
385.985
316.815
0.123847
302.322
137.817
15.086
49.5918
373.757
0.207299
272.77
184.801
187.986
302.276
23.9318
116.499
383.36
360.447
378.85
119.843
297.814
54.3389
393.054
200.793
41.1476
399.46
84.0235
462.2
195.687
230.038
399.06
97.3542
124.823
77.1112
427.736
113.87
1.08202
222.684
138.026
160.814
430.459
126.67
181.572
426.851
-0.10969
146.696
428.246
462.133
181.263
0.0690392
453.604
186.416
118.109
209.472
202.776
226.474
458.086
81.3234
32.1248
211.737
461.866
272.689
49.3556
290.266
193.59
24.3029
243.53
21.3144
179.655
456.941
167.428
46.7097
268.791
462.151
80.4298
219.068
407.058
130.237
97.3131
440.326
186.798
0.554538
275.068
233.439
62.7116
402.324
339.88
110.251
279.973
357.612
236.981
445.861
137.625
288.592
176.24
462.296
320.043
430.183
184.393
441.762
462.267
91.6307
360.905
180.237
182.06
0.148658
350.358
41.2773
301.841
52.4365
297.831
64.6864
359.559
463.201
445.112
64.4192
377.024
372.039
461.721
200.754
79.2263
84.8577
115.747
329.921
117.436
0.207517
2.19538
21.1
164.046
298.587
369.304
326.502
462.33
315.951
268.201
258.821
202.246
75.1182
461.611
189.693
336.1
228.32
0.492178
85.0628
234.047
168.644
309.277
372.014
170.327
442.834
0.0546684
396.985
65.2448
266.965
209.63
157.787
177.955
196.012
312.397
31.639
197.227
20.1502
57.0485
374.496
236.248
462.432
38.7344
292.081
376.655
195.004
88.9829
368.179
232.175
210.753
317.017
271.127
353.527
386.851
0.300856
462.182
338.337
134.244
462.439
72.44
439.729
462.209
143.74
341.569
0.576894
371.784
322.271
194.015
414.743
122.495
427.942
4.94069
448.822
243.565
419.712
421.068
138.209
435.321
462.042
310.382
293.406
436.812
372.91
394.147
378.456
251.154
293.097
138.271
405.06
225.302
148.839
167.107
394.354
314.691
344.614
365.635
0.407677
278.857
314.627
0.576287
319.292
79.0911
462.431
426.402
151.602
387.717
295.773
324.801
212.852
342.624
461.856
462.136
50.5468
395.398
430.722
364.632
260.25
157.733
413.86
53.0089
439.393
320.811
424.64
187.034
448.589
30.2009
-0.0387563
0.0345602
43.9552
462.101
210.663
381.47
435.393
462.24
242.121
462.102
7.58006
259.045
462.125
425.957
433.803
-0.0670357
294.835
31.3756
462.088
119.792
297.347
282.617
118.12
0.393328
252.588
279.839
292.516
415.053
377.77
91.2575
230.368
462.392
0.360681
0.474489
164.625
46.6138
357.419
394.184
238.058
0.355282
213.661
0.447701
378.129
112.499
19.3099
355.768
143.54
1.40486
86.9637
-0.186355
2.06643
295.166
117.633
321.001
193.774
387.957
462.334
64.187
22.3843
268.011
175.633
462.437
0.0682549
280.848
454.429
253.292
38.9097
462.06
296.15
339.589
352.723
244.2
260.561
233.129
302.171
208.291
401.973
222.708
130.635
332.437
18.1673
269.164
99.7242
408.656
324.696
370.89
0.437511
0.4726
232.019
389.565
65.9892
4.67789
36.7404
392.638
265.159
395.536
76.09
462.584
462.133
102.059
461.622
462.177
349.494
343.568
42.5532
316.728
6.07674
0.677463
185.361
277.711
31.9006
0.225886
252.054
129.311
0.680677
88.6578
312.288
399.659
82.9377
82.4452
349.932
232.276
335.446
389.149
53.3215
0.387384
283.485
344.94
41.5952
261.854
267.277
139.665
118.296
350.01
63.64
132.559
0.981978
76.5004
43.152
157.976
416.1
57.7804
205.121
109.748
455.542
303.699
87.3461
342.874
444.105
114.616
203.021
309.099
459.568
133.279
291.122
164.492
427.201
193.027
308.3
409.291
350.599
418.777
0.389246
173.073
432.09
91.8838
328.539
232.431
298.179
257.446
71.0522
70.2875
124.622
462.377
265.571
42.2661
332.152
342.83
142.158
168.643
105.672
67.6306
65.9203
0.586829
136.893
71.6506
53.3971
175.482
109.502
219.468
114.353
462.109
290.739
43.8606
0.287505
315.687
385.557
394.272
462.355
53.6709
148.081
370.062
196.521
28.7511
390.517
275.421
0.294534
191.269
461.759
462.414
461.893
0.0874759
152.021
255.096
406.451
219.897
46.9407
228.19
446.904
314.206
353.725
46.6696
204.617
144.366
89.6582
201.376
321.549
383.339
121.616
76.9458
0.0954067
334.496
110.414
423.577
209.434
204.573
365.613
453.213
0.206409
11.1902
238.529
3.13006
3.78162
136.647
0.762593
117.619
100.47
61.3214
323.051
250.973
127.129
0.0596968
256.605
57.6057
278.462
462.131
191.129
403.775
245.303
290.121
116.041
339.876
386.341
36.4706
461.986
189.94
384.024
461.869
379.078
361.454
407.389
400.957
262.793
179.22
232.56
187.045
232.819
129.062
351.667
193.376
71.5783
0.294478
107.192
133.792
161.484
77.7908
269.507
256.145
124.732
366.19
442.977
348.291
205.964
462.306
367.289
455.408
422.168
462.087
0.536628
207.963
416.324
191.212
30.2421
423.879
462.234
156.174
157.196
0.00888387
312.905
232.374
461.974
18.3025
168.76
368.053
389.179
291.757
0.446818
447.426
205.641
452.399
110.262
462.171
189
29.1928
457.564
307.532
312.555
286.721
461.595
347.526
108.588
337.783
98.0456
0.42737
221.535
336.152
230.074
371.292
447.672
462.297
173.711
158.832
382.502
371.773
273.59
0.24229
462.063
432.529
257.17
256.396
142.625
346.707
445.108
278.427
119.724
255.361
304.216
253.105
0.21162
377.159
87.8081
143.616
270.481
279.355
364.322
369.206
183.566
232.635
19.4069
319.635
100.35
462.348
234.907
436.782
1.98279
284.733
461.874
462.342
109.164
378.733
4.19091
0.855164
0.114412
310.222
425.493
319.13
137.714
171.222
117.541
29.6453
0.128315
462.378
444.467
393.267
462.323
224.742
135.786
418.244
185.547
98.2538
282.436
260.026
133.962
0.287744
332.308
276.651
121.185
186.286
462.296
191.286
337.398
222.706
75.4968
0.575627
0.432834
217.769
135.955
65.323
321.726
395.503
124.832
51.9499
462.413
83.7488
56.2218
9.34783
415.776
0.380785
412.049
260.881
459.604
308.554
412.601
376.751
288.245
354.135
160.711
457.415
254.414
228.062
214.327
382.026
58.4329
457.757
316.369
124.46
385.543
153.928
265.637
12.3979
209.998
1.78353
181.101
421.221
311.66
46.3952
165.02
31.8778
375.295
24.4739
1.16642
181.953
62.1321
462.227
390.278
275.275
309.73
20.1182
331.39
394.568
366.773
87.4481
13.6114
448.029
462.321
358.861
271.599
389.364
310.523
301.726
1.26323
-0.295885
0.845336
125.783
0.532407
257.886
246.497
461.699
63.206
0.416772
462.207
315.97
284.562
121.217
460.974
94.565
281.216
49.9225
417.373
150.131
28.8321
240.227
458.863
70.5106
18.8418
343.747
462.307
0.156489
132.724
462.706
169.763
35.2683
335.739
395.642
462.031
462.4
287.641
269.522
251.514
156.597
136.27
0.309599
463.029
0.0661676
77.2105
45.4118
0.218729
305.781
455.655
342.08
462.324
342.069
114.183
0.941383
135.908
241.401
431.721
258.531
248.315
432.198
12.0232
232.522
41.9821
204.921
118.118
327.607
319.355
382.444
179.963
60.9311
22.9341
81.3976
461.601
462.197
462.07
246.945
150.83
23.4
462.41
296.682
462.102
0.68004
462.374
39.1373
410.385
203.467
348.578
452.182
210.291
378.507
39.8335
101.639
261.39
0.027512
155.59
242.562
385.709
0.0750517
332.644
255.213
17.7274
0.074967
23.8273
161.234
257.941
364.414
0.372573
38.4505
326.475
125.216
389.097
336.395
19.3605
460.226
291.646
112.715
126.108
0.897844
245.756
290.896
265.751
360.81
130.241
1.56858
69.0971
55.2901
433.68
351.208
177.491
0.195275
453.537
204.568
213.849
316.164
424.237
247.54
317.484
13.5217
414.723
247.972
408.642
79.016
50.8495
392.011
462.382
462.19
243.273
224.369
396.377
62.7001
75.995
6.33811
288.435
77.1928
192.659
462.025
141.283
73.5609
143.374
289.415
154.172
0.149585
33.8572
433.208
46.5669
188.855
365.016
305.728
129.541
161.48
10.1314
107.409
34.0522
419.857
127.799
281.133
378.9
206.071
62.5826
298.654
17.8215
424.618
440.099
369.68
433.667
433.8
421.802
0.266902
259.606
364.242
294.222
155.314
205.1
348.225
437.433
318.263
462.435
310.465
318.01
0.490644
198.253
400.526
68.7611
0.744599
65.077
258.951
53.0184
274.153
-0.213851
458.765
278.949
272.266
0.60969
303.562
462.339
430.041
302.265
338.876
336.432
201.6
462.585
462.051
246.26
438.696
47.4996
216.341
232.216
211.062
0.495146
58.4368
171.26
222.527
342.901
288.603
31.2208
0.435258
72.6849
178.928
85.2371
70.0967
91.7162
462.76
2.63086
253.112
272.927
361.602
388.808
207.938
37.3587
178.143
100.928
218.534
60.955
434.151
35.9631
173.276
83.7931
185.288
190.495
316.963
14.3208
390.408
407.139
307.401
392.787
16.8721
306.193
462.056
332.77
296.578
6.63258
123.872
1.38101
247.941
64.1377
362.103
273.562
0.0211957
99.3777
56.0191
462.671
232.609
134.952
286.575
100.366
342.71
401.033
223.593
35.3536
462.549
314.556
176.246
176.46
329.366
462.075
180.069
392.084
328.67
0.206035
241.878
230.353
0.305913
300.161
362.651
267.857
352.211
232.029
107.85
119.737
67.7009
461.459
234.37
393.988
126.652
0.393439
32.6959
129.543
327.507
315.35
297.418
461.965
15.7838
253.072
461.843
286.273
210.815
458.885
0.471786
273.784
205.176
269.183
394.286
280.52
435.723
439.742
0.615013
422.327
32.5575
0.218106
454.304
164.333
345.581
320.999
148.378
98.5546
0.234862
352.909
0.857835
351.534
409.346
263.961
462.221
-0.00996829
4.23598
462.341
462.38
145.734
3.28775
210.031
385.162
181.214
291.465
0.553624
267.465
175.377
165.754
309.483
462.056
116.017
278.58
462.413
0.810958
383.278
283.435
293.28
0.380776
232.219
292.018
333.841
453.113
303.844
239.713
142.378
57.9625
392.647
409.829
355.651
205.433
461.027
311.589
194.348
30.1254
213.979
102.655
323.632
462.248
438.044
366.706
232.54
137.867
329.499
396.865
461.738
462.184
178.012
232.627
295.557
250.416
199.213
237.148
80.3501
90.9549
114.629
11.009
-0.114669
331.311
355.066
362.21
214.137
351.787
462.065
46.204
461.792
361.805
66.1425
329.202
372.11
232.393
437.802
112.989
288.465
304.573
457.1
182.791
329.187
270.272
170.5
135.635
286.25
462.113
193.129
331.99
140.086
461.955
367.306
36.3669
221.707
80.635
146.904
48.2053
400.911
129.62
202.108
440.724
48.105
457.691
418.602
403.66
38.9355
462.182
233.305
462.347
450.9
175.804
0.832888
156.886
200.396
53.5719
427.354
198.407
116.62
17.7935
396.368
454.73
345.829
404.522
365.95
65.7269
205.874
75.5002
94.1081
0.238399
40.3703
100.628
316.455
332.221
179.173
101.945
187.855
185.875
294.799
355.472
185.715
462.591
270.407
188.5
124.452
232.672
311.782
133.725
315.632
203.994
105.065
171.055
275.33
378.79
364.035
340.733
450.08
462.028
372.484
83.5384
391.493
312.267
57.6155
112.83
360.252
26.2777
-0.856838
207.203
462.046
271.279
366.777
179.425
240.725
24.9771
212.711
123.844
-0.0734486
201.748
329.432
248.52
0.141424
248.268
65.9301
276.956
462.107
295.986
214.894
357.395
305.999
137.337
461.955
297.334
0.395951
298.229
204.637
219.78
456.354
312.999
462.186
105.377
462.026
234.946
322.78
73.7877
196.274
338.518
96.6402
192.044
386.367
249.428
0.0422569
461.601
458.385
139.234
96.9272
175.615
162.155
340.498
139.387
338.454
109.649
273.764
389.941
0.947217
221.187
436.049
461.046
1.25036
258.469
201.604
354.399
34.0378
242.23
0.314342
316.208
419.621
135.743
0.126519
0.399179
225.619
-0.367486
332.383
255.485
262.899
133.14
198.227
125.917
227.123
193.008
0.331528
244.982
161.866
300.944
0.0337769
260.524
462.466
196.924
462.272
319.501
5.01797
341.657
399.419
225.038
64.8819
376.157
33.7699
433.126
461.362
408.597
323.02
389.337
127.699
461.723
102.21
269.511
329.657
111.368
462.246
79.7954
324.097
228.109
296.854
160.842
245.543
232.613
139.181
446.607
424.565
0.14741
160.337
335.609
0.532674
289.049
122.121
462.216
151.925
462.024
307.775
309.259
421.795
0.0494937
207.701
25.9767
461.904
462.187
50.1667
0.141521
168.857
172.428
281.256
147.676
334.485
156.665
0.0263065
273.824
454.654
106.864
132.259
-0.0491824
147.962
193.332
0.352583
408.931
262.903
408.273
110.312
216.436
155.68
462.402
281.713
65.3214
321.866
80.7575
232.371
-0.0243738
462.256
424.898
462.147
0.326404
124.804
269.265
461.596
0.284597
193.571
415.28
351.13
87.4135
422.304
400.813
420.843
101.796
325.173
207.774
0.907744
232.411
263.728
184.273
422.569
146.311
462.176
217.741
346.034
381.31
2.26832
429.85
7.81981
375.671
76.5092
154.919
462.207
462.831
217.96
203.141
325.644
287.185
255.089
433.864
-0.31864
77.6198
199.329
0.0734382
151.035
114.56
462.02
132.634
449.486
282.64
0.868561
10.4219
385.785
80.7324
397.619
229.602
325.663
266.43
0.140968
248.897
237.183
423.998
368.385
223.222
340.989
414.051
419.874
239.229
264.227
193.266
1.15202
135.116
256.496
42.7961
462.19
128.253
462.091
2.45965
170.579
0.351607
198.68
253.668
262.602
152.715
273.763
238.022
1.03878
124.605
94.5824
143.359
412.502
394.359
76.2594
221.955
85.6969
345.87
268.565
93.8404
362.956
255.286
360.128
374.217
462.297
318.077
462.103
251.03
288.832
395.676
58.7922
362.872
207.527
254.093
210.758
241.749
167.586
371.607
79.6855
315.411
268.081
52.3466
-0.00809419
105.506
279.729
142.48
193.252
261.898
0.265929
462.331
72.167
226.206
264.984
462.348
178.491
59.6302
66.0693
280.604
53.795
62.3431
386.464
415.037
0.393482
183.324
373.119
462.293
283.971
100.396
169.314
232.722
437.251
140.704
461.993
-0.046883
0.204937
436.117
410.455
258.22
103.877
238.927
314.991
428.189
225.803
197.062
357.336
388.621
129.982
432.482
170.414
366.617
328.005
254.951
0.224897
341.139
250.618
462.5
439.652
461.963
15.7165
245.675
250.152
119.3
0.124908
196.061
106.814
462.427
229.754
83.3551
318.726
0.385983
462.062
117.485
339.31
448.058
103.862
0.373839
460.845
165.833
218.781
197.827
257.618
388.792
9.65129
239.264
129.875
237.219
235.653
223.408
419.379
327.861
403.204
439.868
118.122
0.891915
0.347305
129.008
275.795
121.819
395.002
462.052
273.451
166.207
182.428
206.33
149.989
115.22
173.862
175.198
0.254225
462.064
0.61637
295.205
300.604
456.521
458.327
5.96368
170.038
136.666
53.5876
319.71
281.964
462.67
144.992
353.288
274.935
-0.306576
64.9429
53.7684
293.325
148.622
25.5596
176.869
212.862
137.99
94.0813
338.614
229.418
447.559
350.199
409.545
261.217
351.965
439.284
343.776
245.347
401.339
374.682
0.330238
0.12772
232.491
347.192
69.5514
53.3622
266.389
61.8194
0.495141
239.465
340.736
144.217
89.7146
435.103
193.913
0.690049
239.115
462.375
308.025
351.671
461.95
52.1389
228.838
462.2
368.937
0.648658
276.993
100.129
45.027
217.993
160.305
0.693885
462.059
191.907
107.762
325.583
88.8559
425.823
201.151
47.3506
240.7
216.281
408.096
461.152
301.071
190.653
31.8981
154.782
235.137
428.82
34.8043
94.4026
33.9744
443.518
0.166105
182.885
188.216
462.252
302.521
335.415
101.973
125.117
376.599
225.583
462.539
295.352
165.954
414.709
159.852
302.405
185.612
32.0373
97.5215
0.112241
155.685
306.58
437.996
146.793
94.1319
15.8417
225.217
455.882
310.009
462.427
-0.498338
229.988
67.1184
311.401
462.003
426.042
0.628159
238.077
218.898
344.401
306.508
375.443
0.136533
450.677
462.192
390.734
325.788
0.397001
376.009
256.473
255.629
185.626
415.419
151.525
43.625
389.008
101.219
279.028
72.6561
9.53785
227.267
76.2073
462.422
193.26
462.349
373.003
10.4234
101.173
232.537
0.487991
143.158
368.718
414.378
130.133
101.993
167.975
294.014
65.4806
0.133472
266.515
244.055
247.097
30.2559
82.928
286.105
48.0188
213.797
10.8481
462.444
85.66
0.269388
303.252
275.013
392.375
149.789
37.1879
299.485
462.182
250.371
248.448
462.128
123.994
462.241
461.508
388.255
245.991
57.6299
274.388
97.532
233.39
410.264
66.3126
349.259
276.692
409.038
61.0973
93.549
372.828
462.401
448.785
298.452
462.041
0.930212
267.958
334.927
272.521
380.381
249.822
269.034
459.284
292.807
216.829
0.862323
385.924
140.56
-0.0165076
383.124
184.884
350.978
147.063
66.8268
168.927
409.64
281.066
140.205
19.3338
461.966
1.02302
100.87
328.383
318.253
327.551
72.418
300.868
280.39
349.717
27.0708
84.2238
268.258
180.169
462.284
461.946
274.691
291.213
408.494
185.442
13.4108
109.314
92.3634
461.797
191.4
1.17459
203.516
301.036
462.455
262.614
298.412
265.542
310.438
391.046
329.768
56.9321
461.182
462.571
266.732
299.031
323.945
93.5776
26.7217
260.898
286.399
269.645
138.933
2.009
319.223
52.2877
96.6676
368.574
294.358
462.488
26.3692
208.509
150.938
231.939
374.523
286.459
255.572
0.0473034
424.478
11.3189
108.5
291.917
293.354
366.326
182.867
44.8716
419.246
84.1493
0.0494111
455.242
304.755
207.845
163.093
461.803
107.346
348.922
359.629
16.4451
62.2812
82.6117
440.693
82.2367
1.32193
100.834
262.226
0.115888
339.488
249.234
254.811
392.18
213.004
161.738
416.664
462.26
462.301
89.6869
232.394
271.03
303.412
326.334
42.9746
324.519
45.9829
462.196
462.395
124.164
439.162
200.009
87.049
294.768
422.776
173.53
35.9185
323.453
286.417
424.361
312.582
462.077
33.0551
461.305
376.447
462.427
406.613
69.2313
334.023
227.676
324.921
385.184
307.439
461.074
120.191
365.428
462.319
149.478
137.797
131.184
53.5793
239.858
0.512516
103.228
0.624537
462.119
211.494
238.293
171.895
169.367
403.147
268.498
353.951
452.113
0.0969619
137.284
0.209049
362.237
323.588
380.033
275.854
68.0526
300.579
226.364
274.956
412.547
456.679
338.552
291.473
339.629
243.896
19.2482
361.711
18.045
417.789
330.701
294.548
409.744
61.2481
142.334
183.192
132.733
15.7664
0.678013
44.0756
238.494
257.385
237.605
129.666
394.509
432.092
200.291
303.919
0.132424
462.334
41.0554
47.1733
153.734
84.6009
89.7236
417.449
266.763
121.653
0.353824
289.725
407.937
0.142804
429.987
442.288
124.524
462.246
127.795
462.436
232.519
317.508
156.138
141.845
462.221
160.213
288.388
165.704
462.478
2.74119
196.007
250.615
195.596
462.323
188.776
6.66881
72.7521
172.952
247.919
215.59
304.524
96.4338
232.617
209.466
415.801
293.202
262.403
409.26
394.342
386.583
224.911
205.585
127.039
398.018
386.617
199.39
462.307
165.684
89.4306
0.235895
0.254167
80.5284
268.589
151.512
59.7549
192.917
353.281
462.208
411.208
232.405
32.0985
287.856
233.038
233.385
264.352
299.044
20.0801
320.279
0.634463
425.928
246.031
289.087
140.506
349.124
148.1
462.308
66.5004
452.183
115.835
98.1096
58.8891
346.319
412.362
462.324
367.285
124.496
267.322
418.041
311.174
245.45
63.9798
218.244
259.364
124.72
224.25
0.19776
309.744
440.5
94.3561
309.735
458.097
462.445
71.3525
123.71
372.962
311.392
462.321
407.181
82.6864
230.175
301.964
173.95
159.434
373.428
282.639
-0.0210329
158.701
213.253
142.155
283.983
300.532
340.964
18.3357
226.3
312.148
337.044
265.974
459.564
142.996
229.015
139.115
60.9393
356.721
390.635
0.609175
180.136
150.796
380.157
106.158
339.005
328.907
375.228
236.269
128.17
82.9607
338.763
0.42548
50.3567
128.088
67.1344
177.62
309.624
233.912
462.258
49.8659
255.552
69.4525
217.021
174.181
462.36
462.399
375.369
139.42
10.9418
411.804
449.456
209.698
246.629
247.244
40.9651
205.885
292.996
303.082
238.695
230.715
317.385
126.835
99.0865
0.071607
449.651
123.859
417.662
367.942
380.713
0.171968
290.914
314.81
269.093
153.494
223.404
184.528
444.471
128.018
462.131
462.241
387.51
245.336
248.021
7.23067
23.4881
233.259
442.428
462.2
0.334684
0.247485
450.161
180.552
27.6221
211.385
0.229623
240.152
397.593
100.703
273.453
364.978
86.3677
-1.62735
212.565
337.871
430.051
462.176
278.785
139.258
283.527
306.893
329.361
237.129
21.2034
182.955
282.645
462.189
267.421
36.2414
455.932
20.2142
448.039
343.765
160.392
272.754
232.438
185.643
425.449
73.7232
0.390242
462.297
186.234
272.964
399.424
381.29
462.277
249.219
462.24
263.561
462.142
208.453
431.813
193.153
462.619
159.059
189.257
170.834
462.316
262.163
418.776
103.221
167.454
0.129686
462.127
357.999
452.607
74.249
92.8617
422.758
0.0699474
462.438
125.521
19.0249
216.626
152.406
232.27
335.568
203.678
337.035
52.1386
374.212
460.662
390.518
314.94
145.826
107.417
186.057
462.234
191.591
455.591
75.3531
255.46
461.891
0.0260699
347.072
198.401
157.052
217.243
185.257
183.715
27.7986
389.598
44.7499
406.437
129.765
202.779
448.141
462.013
462.331
380.395
462.334
30.5195
102.766
359.613
440.934
461.826
200.625
340.822
287.287
32.9136
436.495
354.147
45.5474
454.506
149.821
245.107
14.0354
329.922
462.502
306.229
59.1108
315.602
340.961
253.051
87.3344
378.037
165.792
98.1482
147.517
322.962
10.7525
462.014
318.877
0.288298
283.304
418.849
57.7317
461.576
0.0118623
462.225
36.0459
462.048
275.037
311.448
340.216
142.749
361.407
35.5246
461.643
347.883
379.939
160.819
280.755
0.0790534
174.307
232.223
111.539
294.424
0.476925
200.242
344.632
271.663
0.451807
462.532
332.505
34.9731
210.305
264.779
325.248
125.377
238.264
315.876
78.5418
342.966
427.659
0.504823
38.9177
139.887
223.315
445.641
91.482
406.672
31.5039
462.514
327.972
261.473
289.962
319.005
462.34
310.487
42.1874
356.699
62.5005
61.584
0.0227449
170.285
55.0288
357.066
226.962
462.003
462.18
247.425
461.954
256.62
186.325
378.193
4.2862
191.209
0.394646
298.892
434.351
301.862
25.9968
147.566
214.639
100.898
235.441
462.164
376.655
151.433
186.421
215.836
41.7518
240.449
279.746
350.916
252.145
397.299
-0.448357
249.729
462.319
378.8
229.636
17.6445
255.017
128.008
212.425
196.269
207.607
257.026
208.335
342.363
353.686
413.675
403.276
-0.0121059
69.9819
462.276
266.528
192.44
130.243
286.42
362.752
225.447
462.27
334.439
184.427
462.14
255.443
336.591
441.803
350.349
152.203
324.251
93.108
403.44
232.4
403.228
444.639
229.174
85.6238
0.454836
375.172
209.034
306.219
310.923
453.935
409.358
125.051
462.334
178.73
236.737
404.033
300.991
116.516
160.45
171.112
303.532
356.859
461.97
0.531165
88.4603
225.169
35.4181
148.151
129.902
462.127
80.8558
340.069
409.629
462.282
0.839131
225.611
32.9405
281.246
450.234
274.062
229.267
341.57
395.603
303.322
140.617
462.124
25.5398
404.076
333.587
238.819
93.5902
0.645131
125.485
460.269
0.443062
179.392
17.9835
249.59
148.019
462.028
199.32
220.116
336.067
462.105
130.06
0.180051
232.795
462.043
0.264005
456.775
277.662
141.577
16.4367
398.887
95.5149
128.223
375.282
264.558
80.6195
181.46
32.1304
0.0872102
207.143
255.946
41.3253
0.314713
203.132
243.853
349.851
307.865
356.82
168.64
149.164
213.388
438.368
352.911
433.856
22.8178
0.0474266
289.338
398.525
7.63768
242.934
354.698
394.688
0.0272137
211.641
164.987
0.914551
106.347
211.966
62.915
462.529
462.261
451.306
232.76
152.209
462.323
462.067
306.963
102.223
316.938
38.6916
263.786
255.392
3.4906
226.606
99.84
180.469
6.45681
387.1
104.604
389.731
397.489
-0.456183
293.251
0.764703
253.656
149.762
402.14
4.38239
462.009
0.0756562
383.97
134.632
-0.221758
248.331
382.551
10.1835
134.367
30.155
153.113
147.623
421.82
325.994
117.895
462.428
460.457
186.114
374.791
2.4362
179.986
73.6884
0.964842
0.462401
36.3977
428.359
295.19
0.426367
335.508
415.795
285.442
395.844
462.483
462.286
462.339
201.38
259.216
272.291
60.3887
21.1179
462.038
348.738
1.14389
434.073
191.252
461.464
298.514
339.448
389.537
223.122
449.749
242.82
379.423
255.207
41.5145
461.59
298.062
311.58
427.92
462.166
201.091
267.025
112.178
217.136
306.088
463.102
0.115441
274.593
461.96
214.478
195.768
219.453
117.733
461.767
462.144
9.23247
462.287
48.9163
205.018
237.012
0.335212
128.431
460.101
462.322
269.202
300.614
460.789
160.696
355.16
462.173
228.328
324.157
434.644
348.817
438.628
0.368601
0.156057
397.517
328.846
101.8
362.093
462.501
250.635
288.614
0.000622034
31.0751
0.506848
458.369
43.1299
-0.25617
338.26
63.7054
0.158548
92.9194
196.831
358.164
335.276
397.545
195.246
281.069
109.346
462.278
0.255894
229.548
462.158
3.6765
0.234418
462.276
345.35
114.223
316.804
334.87
287.969
309.495
444.066
252.249
0.632536
390.098
68.3298
462.501
114.95
291.616
-0.552322
462.313
111.972
205.067
236.302
457.836
302.719
-0.475064
409.4
302.385
268.173
303.092
68.5349
342.587
403.728
415.778
242.858
462.444
14.3318
365.872
402.915
363.026
462.067
167.008
0.115786
398.623
397.938
0.323625
0.360078
371.882
331.243
34.0392
0.474892
402.581
297.726
329.345
215.606
161.363
200.236
355.652
305.097
129.055
271.089
273.473
237.473
282.274
429.09
259.936
454.635
90.4988
47.1576
232.956
265.073
72.7262
0.113747
232.434
461.936
0.532012
452.889
364.021
107.084
460.052
0.40644
462.074
0.455216
438.117
249.859
447.177
462.245
414.93
265.832
17.1911
332.847
405.388
394.38
-0.110096
79.1889
262.042
136.22
340.525
246.789
423.114
229.851
350.28
82.2849
165.315
462.52
405.381
366.133
406.555
235.726
336.632
383.97
424.575
78.6292
36.315
245.573
106.568
334.54
435.526
446.645
115.089
253.551
0.0463299
450.402
462.109
330.299
3.56164
344.105
255.559
284.513
462.072
0.0620918
314.467
0.295462
363.233
343.502
415.774
329.171
0.594898
43.9561
462.951
268.193
177.369
166.307
282.119
394.976
462.262
40.7213
103.257
58.9767
329.946
171.395
-0.0601683
398.904
9.72385
109.347
102.523
78.0854
24.6753
314.19
398.178
216.981
198.18
185.81
413.934
421.343
462.005
442.673
92.6202
363.14
232.071
4.9032
251.777
161.478
462.483
232.979
462.688
71.7159
462.245
374.213
0.0488524
265.884
97.8571
462.397
451.487
114.994
462.108
211.504
449.789
351.957
462.365
1.37976
348.035
126.31
367.517
48.8271
431.389
183.703
98.1163
57.9434
0.585443
131.365
383.476
233.441
58.2108
410.387
22.6825
80.6619
223.637
326.885
338.291
0.353576
95.3995
39.5105
461.681
291.536
138.695
187.972
269.076
436.1
51.3311
388.807
76.7177
461.937
324.431
-0.0908133
0.744398
380.083
0.219167
0.0987281
127.579
417.828
149.372
269.319
462.339
0.286894
418.223
462.359
248.014
156.934
235.292
310.3
162.564
94.8184
83.3726
224.403
401.61
128.647
100.72
462.324
77.2705
24.5857
462.593
240.047
425.516
106.038
402.357
276.83
460.885
186.797
143.094
190.387
259.718
416.584
0.0191847
394.194
289.607
296.566
254.238
51.8338
336.975
188.102
166.854
354.31
235.919
145.541
111.554
268.898
285.13
343.193
462.069
462.16
110.181
69.428
385.886
226.194
169.664
397.256
198.651
444.638
97.9967
103.688
166.515
152.129
109.976
0.402643
0.588261
152.35
462.291
106.958
387.095
99.2285
172.563
461.983
165.969
270.516
201.154
417.871
130.851
368.718
107.474
0.309999
303.466
38.5535
97.0952
0.251167
444.358
463.804
3.41303
65.4607
179.912
57.2694
175.302
461.447
305.578
462.252
411.562
462.01
404.68
261.224
59.841
234.23
97.1347
307.659
49.5337
0.514392
227.713
11.5491
201.835
155.306
395.155
396.141
311.985
82.6117
446.186
232.595
404.283
97.2544
193.773
0.185176
198.459
358.809
77.5108
296.073
0.575796
21.3452
140.197
380.348
272.28
292.92
124.058
323.774
238.93
460.269
253.125
135.563
427.402
110.048
27.6953
258.45
425.577
0.201373
323.593
230.437
3.46228
462.292
265.491
314.394
173.738
0.077224
105.609
331.239
232.938
308.437
12.673
445.703
368.118
0.651123
4.81699
345.526
462.516
462.229
343.835
232.572
280.944
451.141
54.5129
417.781
217.518
246.255
14.6734
143.152
21.1853
280.882
127.855
461.892
409.868
79.5218
127.465
192.759
249.654
0.157976
432.94
170.285
255.097
260.431
0.182869
-0.219643
235.774
21.2311
316.591
346.303
461.943
71.2674
1.89568
77.7306
421.497
95.3558
93.3455
162.866
159.523
462.309
296.304
443.644
218.855
284.729
254.993
462.322
243.195
452.897
373.672
181.576
197.295
0.686245
46.3378
290.762
138.975
461.995
303.153
0.419607
66.875
447.008
344.593
94.1329
29.3338
453.171
270.261
323.455
357.632
0.133695
451.321
329.405
345.018
158.345
9.0809
202.732
312.935
57.1537
136.311
32.7262
34.6402
236.236
315.128
462.37
69.4345
189.243
388.506
190.478
355.546
1.01616
149.982
264.678
292.312
213.869
283.161
59.5804
462.331
462.081
135.192
286.364
102.773
314.069
462.416
371.064
112.582
81.2226
114.859
403.222
341.434
462.107
0.20636
138.334
0.294338
346.459
373.236
398.094
0.154538
374.331
278.657
315.047
309.678
310.809
181.022
90.7625
169.024
337.787
264.549
352.779
222.671
333.816
325.507
149.01
0.426181
304.228
99.8168
410.024
353.06
64.4208
227.722
51.7813
206.557
167.583
361.071
258.797
0.042141
313.513
184.661
345.487
395.334
462.38
37.0688
269.999
28.3679
434.887
0.704256
349.221
411.047
422.939
420.992
230.711
454.273
462.036
364.225
347.911
2.07718
461.49
316.135
403.642
90.8905
82.7465
462.544
80.9464
443.144
87.4119
21.9041
30.6056
300.88
32.0057
462.326
461.836
224.317
188.737
191.61
462.348
93.2984
120.391
408.039
358.364
232.641
418.434
170.859
4.46068
157.39
241.428
53.5477
254.061
232.445
228.198
331.902
237.546
462.054
116.881
75.5651
408.526
113.581
462.011
426.131
336.547
145.167
401.94
286.532
462.055
182.727
362.722
173.002
462.153
462.214
120.209
232.347
462.019
87.4427
126.512
207.727
122.603
189.304
311.512
462.506
461.72
461.931
409.952
0.31748
397.964
61.7541
59.1397
462.355
119.398
162.838
435.706
318.813
160.741
332.956
100.337
462.026
348.781
132.058
0.389843
211.282
0.184929
105.853
93.6454
102.711
152.983
0.293212
257.69
368.928
18.5168
105.914
0.49744
459.106
-0.0064007
224.267
372.071
290.072
362.809
241.667
0.0742841
425.725
205.816
342.171
284.494
88.7825
77.5368
38.2264
47.142
185.649
184.159
382.127
177.186
233.172
285.264
462.363
408.568
150.26
360.134
168.894
138.808
293.97
313.538
217.529
390.934
154.732
407.282
7.66771
154.773
462.401
268.327
462.214
73.8396
138.611
369.267
190.209
75.1254
409.611
0.740286
314.263
164.573
323.342
462.125
152.102
381.089
272.281
209.796
273.211
0.823857
461.98
266.35
73.0975
113.814
462.251
462.411
167.894
0.195809
158.831
148.986
357.346
91.0112
233.539
0.216454
-0.0461949
288.252
98.3529
351.902
462.01
392.801
125.715
462.016
455.698
0.192243
10.8767
288.547
277.91
370.496
261.549
164.342
176.348
0.425105
409.748
462.658
55.7974
250.22
0.327063
283.729
0.187871
170.411
462.309
6.44452
176.444
462.315
462.372
462.274
462.386
384.342
38.8083
91.7312
303.487
223.839
247.751
438.374
210.964
243.855
255.412
335.885
117.763
354.947
234.323
461.909
273.913
0.550521
148.253
262.423
165.718
209.948
0.638949
164.379
137.255
118.629
7.59102
125.933
368.815
380.636
119.865
446.746
375.376
322.628
164.453
341.219
73.2164
173.268
360.913
248.888
332.406
6.50478
28.1596
282.023
169.689
244.185
254.052
0.744108
342.812
259.175
353.188
310.081
68.2336
2.99955
390.412
90.02
165.919
290.459
0.89471
444.768
49.4943
0.261511
405.876
89.3999
286.294
-1.02347
100.644
410.888
0.264685
462.116
363.695
259.245
213.173
186.592
462.329
-0.075006
328.362
336.625
462.597
169.802
397.757
269.497
350.926
152.877
12.032
462.167
50.5166
255.845
462.137
315.889
132.392
462.593
251.987
392.079
248.01
462.102
0.415616
462.419
386.021
82.0267
54.047
127.17
379.749
456.406
412.864
153.539
282.65
0.60658
113.027
110.567
393.433
91.6635
462.442
362.134
270.277
288.605
223.94
281.677
291.116
183.28
462.123
287.77
0.705055
164.939
71.4509
168.838
444.855
340.276
0.257468
2.8793
278.116
1.2628
91.6158
95.21
245.736
424.064
4.40076
218.42
125.514
462.219
462.318
314.345
51.8137
121.062
432.047
237.143
100.725
415.365
308.479
74.7821
247.544
-0.307672
0.794763
462.288
117.625
439.588
153.642
233.916
416.805
182.998
284.82
462.19
462.433
389.514
461.603
208.297
334.933
278.756
344.528
395.892
348.348
199.987
308.532
286.219
71.6911
0.262234
373.095
418.307
55.8579
71.3424
287.189
310.897
0.451575
307.403
289.024
252.752
332.954
205.577
368.106
164.625
199.978
236.174
364.252
281.533
425.27
149.04
272.193
462.5
394.596
174.85
462.149
181.107
440.435
391.686
275.794
462.461
462.446
265.674
384.382
0.407556
58.7246
425.016
460.799
461.997
226.337
331.874
1.37291
268.347
462.289
52.1612
227.196
0.0823308
0.207524
462.348
126.23
375.006
84.1575
37.8665
331.162
356.1
162.279
363.592
122.609
363.935
251.308
245.103
305.332
283.703
0.00274369
462.12
0.20686
0.863032
190.677
106.908
37.8695
96.3042
94.9922
150.64
261.523
36.9216
122.264
0.542068
462.37
368.353
339.87
199.131
-0.364329
288.131
462.261
423.154
357.25
189.329
450.265
44.6301
0.356506
419.884
82.1134
0.374477
368.039
181.449
243.147
35.3402
304.02
250.891
462.306
-0.0773582
161.206
199.03
0.342915
28.5869
380.129
147.425
462.2
291.649
461.889
89.1494
100.838
46.9813
318.561
331.459
0.170919
29.6318
263.023
306.922
60.8691
267.536
232.425
1.69234
288.37
5.27136
315.473
115.617
348.782
462.449
342.492
1.67092
207.339
215.484
331.67
288.288
249.438
73.0792
144.825
448.069
305.42
101.242
254.09
383.43
130.537
285.941
186.468
0.558357
462.264
288.758
462.253
282.803
286.79
195.304
0.47829
86.5397
-0.196072
232.586
241.516
0.195022
254.414
346.327
312.008
397.05
249.431
462.103
267.87
462.127
155.732
435.457
52.7585
199.406
77.2634
345.113
462.385
424.63
271.109
358.114
111.153
361.124
247.056
80.1303
-0.189787
402.763
421.113
306.877
308.765
442.694
104.191
395.876
462.026
-0.00460369
303.998
156.115
148.261
390.65
125.35
348.397
416.807
78.7259
232.048
79.4279
175.692
289.491
461.888
279.378
308.46
362.051
119.59
462.34
344.579
0.231914
457.381
0.0429064
170.719
195.822
445.568
370.986
302.91
427.854
387.872
318.806
49.7895
304.797
170.982
419.604
0.222116
241.651
448.9
1.57704
350.275
371.285
2.54813
256.16
322.59
461.175
392.188
123.423
263.085
462.069
205.823
195.134
461.928
448.72
56.4279
325.276
0.414277
365.67
462.46
441.339
136.001
267.875
446.778
381.08
257.332
137.102
202.699
460.679
240.784
110.981
456.828
99.7992
450.496
332.585
373.133
181.088
459.564
385.911
462.423
275.351
245.776
36.6516
344.482
440.966
6.58945
407.781
200.896
275.922
296.121
0.462459
462.456
61.9437
91.472
352.518
118.529
271.89
4.56454
261.537
1.11154
462.353
399.09
430.403
358.245
75.2986
108.775
188.54
114.659
146.226
458.186
-0.135239
251.893
228.121
336.995
211.363
0.31616
431.122
172.442
0.305722
353.433
0.731157
281.81
64.5073
380.515
361.448
19.4435
12.9086
146.628
286.273
175.919
36.138
308.322
462.119
172.55
143.122
98.5208
0.0914828
398.446
304.686
318.706
0.451187
24.6242
117.255
62.6254
0.379288
80.0158
186.378
215.485
219.97
456.605
0.274487
189.621
338.103
23.8542
322.987
330.366
209.829
71.723
25.7074
0.397547
320.712
216.591
459.99
165.174
15.3539
447.981
81.8042
418.559
141.657
462.365
456.356
435.564
17.3957
229.861
450.83
288.16
308.662
462
193.951
462.192
408.421
157.839
462.063
216.334
89.6742
461.434
366.46
423.144
110.223
144.53
389.247
397.068
129.635
149.324
114.029
354.784
302.997
340.734
450.939
232.466
398.866
218.683
461.228
6.69132
101.844
77.3462
347.028
350.013
0.587257
74.2601
377.02
7.60597
298.991
204.361
33.3369
13.0612
398.297
369.453
326.207
354.014
1.26993
9.69717
16.8569
396.139
159.757
375.965
419.063
240.012
28.2896
365.621
306.748
30.4292
0.245519
166.271
456.756
359.466
0.479339
278.397
462.236
445.683
63.7194
182.883
172.185
64.5036
462.4
57.3074
242.725
40.1654
295.673
0.0879674
405.879
4.69171
253.319
198.446
403.26
63.619
352.195
304.78
184.886
425.676
323.109
211.555
417.877
325.494
456.916
274.195
142.626
187.058
393.589
176.758
216.881
426.81
461.615
396.116
250.731
462.054
61.4045
1.19021
217.024
67.2404
18.3489
216.945
296.64
10.5368
435.652
0.267641
80.3842
154.819
461.907
352.804
120.133
462.444
55.0633
109.395
-1.93604
462.365
156.234
238.059
233.102
289.465
165.474
116.863
51.3573
371.889
400.99
336.153
282.38
356.811
287.505
462.22
317.388
182.823
288.346
33.4543
143.924
178.04
435.187
386.312
202.984
2.24063
462.925
327.499
109.237
0.275113
94.6741
2.82213
59.8816
409.929
438.545
40.6569
102.172
319.49
370.812
427.771
188.003
98.4012
462.152
123.156
88.052
404.081
0.535349
151.807
158.564
351.761
462.142
56.8282
462.094
0.381926
296.603
101.117
402.637
268.771
461.994
90.4217
447.834
461.563
122.805
91.5694
157.697
25.606
178.211
223.461
295.957
352.63
94.2025
397.694
173.235
159.432
289.676
462.282
269.009
-0.0309864
332.642
337.83
300.248
186.552
15.4007
411.85
378.32
24.4191
232.466
450.764
313.639
0.0387883
414.271
84.1433
418.409
461.524
0.0397328
377.248
462.246
416.943
232.68
271.139
136.359
0.279251
294.353
462.428
462.364
206.208
135.525
207.271
250.926
462.055
39.5097
306.275
144.086
16.7247
305.719
280.403
145.901
0.20903
219.962
3.4802
269.95
179.106
204.297
266.356
323.577
1.02169
252.308
296.868
462.294
-9.4958
401.341
224.881
353.601
462.233
0.00277635
422.183
159.615
462.211
143.271
420.916
100.172
359.699
256.866
242.14
462.428
102.68
136.629
50.8115
92.5641
415.688
461.511
317.128
66.256
379.183
353.219
239.252
0.610468
60.4857
461.969
462.267
126.311
301.577
167.621
161.516
251.368
213.979
99.6433
206.444
121.151
14.3509
146.431
288.561
32.8064
0.25875
69.5145
259.852
263.256
68.0015
315.558
0.0828433
295.678
373.981
133.717
371.766
360.636
271.548
54.5686
312.271
260.163
154.225
210.894
0.0031465
157.008
159.405
343.876
461.515
0.13405
322.143
374.964
76.6771
381.408
348.706
251.31
20.6189
77.8261
323.417
133.943
30.6165
277.445
0.220668
144.08
462.353
351.03
245.406
88.3282
291.298
61.481
287.124
0.235864
201.13
265.939
462.363
241.212
337.121
-1.0396
0.116677
351.179
43.1643
462.045
21.4627
133.282
441.829
0.475215
305.473
27.3818
169.782
243.167
121.607
412.299
220.789
248.273
462.264
54.5239
0.230928
280.553
214.29
356.652
455.789
31.1769
64.7886
161.609
462.12
330.785
378.849
155.925
275.354
36.1494
384.1
76.8154
178.876
347.755
0.368558
462.193
282.834
446.233
215.209
306.269
297.156
-0.274633
261.276
167.381
2.21913
321.788
324.989
462.36
179.579
322.238
57.3501
419.974
344.178
188.294
401.318
209.293
1.64525
348.88
231.952
462.224
138.241
289.577
126.986
368.746
226.023
462.169
36.6564
88.5114
75.7584
356.189
255.6
108.565
378.492
380.216
128.741
402.231
365.233
372.392
455.801
223.607
0.0490272
330.767
318.672
30.5781
395.522
192.807
359.888
291.805
299.374
107.878
29.3335
216.637
219.772
120.415
115.639
20.9072
24.6908
203.209
26.0447
125.036
393.543
388.094
462.379
436.41
174.539
115.498
412.066
155.662
300.438
117.659
239.849
406.809
462.385
315.099
0.461074
410.56
402.463
460.459
381.761
140.378
234.023
369.712
202.67
53.4521
100.3
279.145
105.437
408.264
379.929
434.632
423.963
465.148
314.552
443.795
214.466
355.219
449.174
59.9228
367.426
1.99195
295.212
462.218
93.0731
258.91
220.342
154.753
139.452
232.845
343.038
0.398044
232.574
66.9164
50.0459
260.755
462.547
293.521
221.635
142.304
0.304695
5.74714
380.734
0.0147751
313.884
103.333
347.069
461.949
462.135
56.7333
289.814
137.802
0.372139
187.934
230.356
141.764
426.618
370.791
0.034894
373.871
309.376
357.372
0.243053
382.932
246.241
391.254
-0.0158569
192.828
223.799
204.469
227.855
382.996
166.691
0.332382
232.453
0.145223
311.962
238.199
106.248
462.52
232.494
461.764
292.664
18.4477
348.284
187.749
109.16
323.701
289.791
462.215
462.072
426.05
163.667
8.50235
201.89
377.004
113.863
374.481
213.119
447.204
254.428
66.7984
0.0235605
8.39481
0.18882
91.7233
105.113
462.016
462.187
136.053
107.301
68.1586
84.3721
323.064
165.3
106.636
111.546
0.161903
256.181
462.119
354.523
77.1077
180.491
402.507
435.03
177.768
385.716
125.246
258.097
0.0835074
410.256
36.8836
362.753
6.31681
392.98
101.021
205.022
32.293
463.021
340.559
33.1745
428.452
215.296
462.061
346.055
88.5995
330.184
167.115
374.562
330.714
320.578
335.384
361.473
461.885
413.865
456.127
139.944
162.649
355.795
234.914
414.282
450.398
335.521
139.379
462.358
462.147
56.508
24.7925
212.736
423.293
83.6544
162.666
176.301
462.046
357.367
0.358523
462.074
244.585
279.148
169.845
401.007
363.886
198.149
421.71
82.1429
-0.18786
303.947
100.866
0.113084
228.777
178.868
321.21
333.171
340.51
455.066
359.958
0.444955
415.121
388.386
386.693
0.273322
76.2989
230.29
336.431
462.629
276.61
425.67
318.768
446.783
383.967
441.089
462.082
355.454
348.962
0.10716
461.594
260.227
462.516
462.144
231.949
436.067
0.364977
3.54957
128.005
309.099
340.065
382.576
402.407
171.349
356.246
250.136
358.351
152.543
102.007
258.991
217.226
380.764
406.214
0.22367
209.687
307.374
305.6
71.115
272.293
452.394
389.497
15.3966
397.579
375.044
163.685
461.915
416.704
390.362
314.565
260.682
232.171
346.503
138.507
390.685
1.28538
274.152
436.74
299.486
0.708576
295.857
124.681
374.466
126.441
82.4004
133.395
286.835
7.17776
441.63
141.438
151.607
207.999
384.689
26.9643
407.113
433.479
296.26
283.784
357.891
389.542
106.208
380.98
62.5107
244.427
317.823
367.488
110.559
406.805
376.778
370.25
101.551
108.244
414.776
462.338
218.099
0.137709
421.652
461.19
369.696
114.315
27.3906
76.281
329.214
462.416
41.0115
0.727439
358.106
365.888
190.336
-0.0940076
380.877
193.472
57.1276
2.55323
462.229
-0.398561
442.334
113.823
76.21
462.259
166.08
44.3397
462.406
337.812
180.046
325.526
55.5775
458.435
282.523
213.583
351.523
195.065
2.34678
409.85
225.588
462.196
339.322
145.4
170.205
359.401
23.0113
249.895
0.00393659
156.797
278.965
13.1127
0.0642357
127.958
0.367537
458.459
452.163
347.806
221.726
16.1394
121.99
239.517
17.0386
256.323
99.1671
215.614
318.481
37.4337
102.601
462.51
271.586
209.27
213.134
462.265
100.514
342.192
434.247
16.8383
3.95373
183.244
426.19
5.53175
447.327
461.764
86.0097
326.683
225.287
181.401
18.1297
462.174
430.316
0.116824
345.935
197.36
418.534
0.115452
267.293
462.438
319.929
287.406
260.57
263.298
84.1541
122.717
395.546
138.692
460.685
357.541
53.5843
348.011
352.879
147.073
24.7872
251.39
192.439
124.351
348.988
152.034
286.212
334.298
461.319
0.563041
453.728
209.543
325.087
461.825
121.343
0.269249
251.329
462.145
276.364
101.733
323.177
403.911
462.401
109.066
259.093
74.3319
462.032
319.931
191.497
317.54
180.398
63.9978
58.4074
155.426
355.276
79.9971
250.607
106.314
438.206
1.84907
462.287
82.0156
0.370301
323.679
122.491
66.278
462.008
82.7309
233.86
148.57
123.706
100.89
-0.0839702
127.209
462.219
215.662
251.171
413.336
228.998
288.681
0.342234
67.2419
303.365
0.445228
148.33
144.987
96.6832
359.108
462.171
347.622
162.87
138.197
148.495
385.37
141.676
462.45
0.491057
351.535
0.177374
366.465
294.705
0.0283826
-0.786734
462.279
354.418
213.226
58.2311
420.207
266.001
319.065
0.195755
113.639
306.942
409.544
190.095
33.961
276.233
101.03
461.893
392.233
419.439
326.376
19.3547
107.261
0.0727731
52.0861
378.347
333.519
462.16
276.782
451.973
93.5099
151.58
462.292
259.679
410.055
284.789
366.603
71.8739
143.246
-0.657898
0.35457
348.719
280.807
11.0086
386.53
378.446
304.76
330.853
22.4162
114.333
282.213
232.96
0.286703
76.4167
462.201
198.767
462.09
0.351133
169.162
119.472
348.082
462.042
85.7855
300.357
342.827
123.802
-0.051887
149.685
0.368695
365.431
345.52
462.44
375.762
240.504
390.952
17.1344
96.713
350.427
45.9083
113.223
306.062
377.726
104.526
18.9871
461.91
462.283
167.824
275.567
462.416
196.808
52.8202
462.328
363.272
202.362
433.346
442.005
329.475
331.23
341.265
224.645
381.818
346.334
355.02
443.138
168.196
341.567
188.373
292.387
118.976
119.104
376.335
154.931
272.295
427.694
108.101
410.126
389.266
406.582
0.600468
68.8471
462.239
116.233
0.26071
255.969
58.3361
185.108
0.388665
253.609
141.93
0.0860454
438.469
119.131
131.241
461.8
226.68
462.416
302.427
44.415
0.239237
128.722
220.869
0.769032
264.047
15.8351
462.024
154.519
43.6914
0.335991
198.51
462.151
428.352
297.165
152.06
428.685
462.143
190.202
0.12288
337.795
295.58
227.796
298.6
248.635
155.369
461.967
314.063
0.0803116
313.787
458.877
216.568
98.146
267.325
383.268
434.04
203.51
23.8818
461.446
404.507
293.772
184.437
110.519
436.743
358.666
73.5134
374.444
312.294
300.933
232.538
0.057102
125.23
237.894
336.45
461.602
325.429
462.277
462.302
127.334
449.631
98.4622
321.339
432.697
23.5647
2.51047
127.314
327.187
114.902
-0.00711732
22.2098
52.3758
461.978
289.773
212.862
77.9602
306.277
147.26
190.197
361.715
0.383276
330.506
352.212
453.416
202.297
319.939
0.774958
167.415
366.758
176.248
249.889
111.978
130.057
181.199
249.949
284.851
131.605
0.72747
84.6243
298.064
462.351
394.048
121.081
171.734
217.4
201.873
354.517
346.643
228.113
233.064
280.736
414.528
462.344
254.6
281.704
146.912
178.828
420.858
154.494
381.525
68.6863
218.368
319.847
160.537
345.936
0.183665
247.927
178.746
403.922
420.454
0.404081
107.609
159.302
461.926
175.626
39.8428
358.104
371.901
462.173
279.002
308.71
0.453273
0.367813
226.816
370.174
0.406173
62.4981
128.062
461.673
291.039
296.719
161.401
96.2042
183.997
327.524
97.9867
52.2578
373.922
337.697
0.810402
461.883
321.003
357.589
462.148
0.521939
258.423
227.124
462.377
440.029
270.187
432.951
126.513
227.266
309.851
149.097
338.747
227.194
48.1133
218.021
337.982
0.293089
452.114
321.52
372.02
91.9438
461.532
462.211
314.169
391.47
93.7402
237.192
1.38167
184.962
217.59
59.7256
461.876
451.261
250.491
274.473
271.414
127.73
208.934
306.167
0.485667
0.704834
128.749
36.1286
229.415
462.021
69.0753
462.247
341.235
372.362
0.192394
271.414
236.801
347.618
329.129
120.396
260.046
282.563
346.234
0.637153
340.231
162.889
273.512
287.377
274.777
0.514468
147.665
331.98
298.443
264.448
179.465
226.273
402.328
148.156
232.916
123.234
266.293
334.793
317.397
154.152
423.246
116.529
255.346
421.941
306.591
230.304
313.392
210.179
176.182
441.631
462.348
141.659
153.691
0.609015
224.711
415.351
0.130331
200.306
283.963
462.206
449.896
63.7918
461.008
256.052
153.761
421.697
264.659
-1.1564
367.389
139.441
462.195
381.502
307.232
77.1742
17.7681
150.841
362.226
244.512
320.903
0.803727
232.387
336.645
381.455
287.168
193.707
283.076
397.625
241.081
82.4682
373.142
63.7927
462.069
219.491
310.191
185.063
400.334
170.879
48.7002
397.799
199.002
439.544
2.78526
206.409
216.296
0.0201634
311.687
15.0908
1.2161
440.06
319.425
-2.77408
154.379
398.997
52.1215
0.0159666
310.433
55.0678
285.729
57.1655
281.225
320.658
53.6414
462.043
327.171
432.003
400.6
33.5494
226.267
95.6255
373.204
135.533
391.477
239.391
232.245
0.405113
380.539
99.763
8.91754
261.228
302.692
348.192
316.582
461.567
73.5208
383.842
249.574
143.346
439.26
461.967
383.904
461.707
440.965
221.9
330.68
205.607
315.803
94.546
202.004
263.045
87.781
388.863
462.169
158.222
250.858
332.947
288.521
163.216
219.903
280.421
440.34
14.6469
396.908
410.555
10.9493
271.077
236.672
0.89301
52.8567
244.599
56.2703
304.546
462.228
377.118
462.335
216.892
300.564
9.02944
209.869
232.355
249.6
237.694
52.0287
236.607
293.763
414.015
276.875
59.2102
79.7999
462.207
298.209
309.26
431.111
136.279
39.289
183.083
431.164
461.753
434.491
192.479
113.568
81.4203
268.567
191.909
0.361555
0.555974
236.758
217.785
135.403
420.716
400.704
459.87
417.682
254.594
19.6164
130.821
249.152
131.37
462.01
164.746
303.425
188.583
169.079
462.181
117.106
125.467
188.928
178.359
220.854
133.915
400.917
461.949
462.318
181.405
274.704
337.879
0.359279
120.159
420.958
133.907
354.538
254.673
142.451
300.705
314.995
124.114
0.51623
268.713
370.565
431.434
388.2
52.6977
330.044
220.147
179.311
65.8611
0.428549
421.927
-0.0973691
0.495595
58.0277
442.971
317.14
86.6769
432.241
79.3533
398.895
138.65
430.125
52.2607
337.66
294.386
234.187
0.333242
3.34223
462.021
44.6457
182.947
144.135
410.535
344.797
297.501
0.198531
131.532
237.539
130.728
182.217
353.079
434.489
461.723
461.565
33.4627
30.8076
0.400659
462.062
130.101
87.9185
180.353
383.237
3.61234
194.918
461.393
266.432
428.48
462.179
287.886
355.707
312.229
338.975
461.581
233.556
276.968
460.317
312.859
359.537
215.883
58.8953
64.7756
198.171
436.864
408.731
0.484973
97.4007
462.346
147.407
462.296
151.871
448.134
0.354601
324.197
78.6749
115.77
390.586
360.072
462.36
228.099
330.107
339.983
1.26151
227.732
462.141
427.932
0.158432
458.634
186.873
49.0596
359.908
86.1338
188.992
106.439
375.378
0.40293
182.52
197.163
278.912
322.807
202.463
460.645
0.281777
186.976
382.076
314.918
273.089
250.807
227.803
344.146
0.141872
162.188
313.5
117.556
0.131936
-0.137958
352.769
391.719
19.5888
458.128
360.434
385.376
443.754
251.921
145.556
245.033
99.3988
0.569514
278.87
253.131
379.045
356.486
92.965
374.232
425.571
409.391
367.995
226.977
395.774
156.756
248.05
240.893
181.493
47.4178
372.459
428.876
211.64
148.092
452.376
461.963
408.335
51.5433
444.302
461.488
185.095
176.392
424.254
119.472
13.6164
332.871
0.152046
462.209
433.189
323.691
133.8
462.368
378.281
342.52
398.675
300.472
419.402
75.3836
461.266
113.139
268.184
85.3321
462.49
294.767
265.093
346.219
462.183
278.112
171.571
462.381
289.578
335.507
394.972
326.048
20.9669
462.284
265.595
0.107147
152.817
0.437237
155.492
63.4224
462.393
106.4
52.3737
216.715
263.588
95.1879
383.639
36.9157
268.16
340.001
-0.0960722
0.179089
262.67
336.097
462.371
70.015
63.3395
379.696
207.612
237.997
274.81
323.753
281.03
301.327
134.843
386.695
462.231
351.885
103.889
272.118
-0.162973
330.423
0.364693
361.737
218.881
330.363
134.345
34.7298
7.64724
462.26
182.399
439.557
359.197
393.057
207.007
461.856
457.006
461.959
462.406
161.621
50.6103
119.124
269.468
3.72064
300.92
207.089
302.19
460.977
147.939
462.257
127.291
85.7946
209.911
286.834
328.48
186.548
462.113
288.61
352.892
326.206
0.558407
462.007
356.975
345.322
172.239
462.255
149.839
259.213
87.5081
401.268
315.091
102.055
461.77
368.792
247.684
251.943
462.518
442.276
83.3289
295.31
0.0376387
412.668
43.0656
86.8611
272.971
462.399
-0.0875072
321.544
309.632
462.164
0.259655
163.211
358.288
0.145081
79.6363
462.078
65.5473
189.486
62.634
461.795
172.147
149.334
0.609888
443.827
197.898
198.854
209.051
141.495
393.628
306.387
340.617
141.752
390.915
220.879
21.8939
78.0162
161.844
448.474
163.456
94.8642
239.877
387.423
359.437
306.278
187.147
462.27
78.9915
313.411
282.51
6.32744
460.821
385.665
125.95
369.693
388.081
167.381
334.87
0.619476
0.0675741
0.131617
43.3156
1.4795
122.875
174.711
462.266
462.033
80.2287
0.462795
461.117
453.009
10.3399
432.296
58.909
296.889
0.0518154
27.5718
269.743
176.481
448.57
288.185
144.33
351.069
420.674
284.72
219.743
220.858
2.56752
365.291
411.363
449.899
0.489553
400.083
246.191
113.372
38.9883
448.517
429.419
70.329
31.5849
461.906
351.103
39.7655
100.849
194.976
449.32
462.292
152.697
77.1131
410.659
462.086
0.844819
158.502
361.95
106.887
307.521
317.547
303.162
221.879
0.42954
441.592
132.596
144.723
31.4508
0.0396273
63.673
0.957381
325.606
375.457
462.031
193.542
91.5685
350.674
107.748
57.7771
244.713
230.226
424.588
267.47
280.494
14.786
152.308
339.407
280.989
189.077
49.5703
426.769
460.215
441.723
139.406
461.933
97.0734
10.5596
10.3112
155.041
58.8191
413.585
380.1
376.477
461.146
286.562
462.199
462.178
155.871
286.401
389.056
286.801
0.356652
161.485
255.423
243.124
107.523
462.332
228.007
379.455
443.174
144.33
462.638
40.575
327.829
338.831
95.4313
351.053
219.103
445.447
362.419
251.287
0.0303574
299.595
146.892
161.114
462.423
0.11554
276.258
222.782
431.929
262.871
432.396
462.213
410.272
462.094
359.071
401.01
462.378
462.282
460.016
80.5881
57.1602
199.488
325.522
263.968
194.78
107.931
208.104
182.013
160.651
31.6254
436.537
109.069
192.781
410.467
2.07191
37.3524
72.3013
300.505
177.122
367.098
429.473
39.3776
134.044
6.17354
0.617512
461.961
36.7666
462.12
49.7102
427.365
433.35
274.534
237.011
305.419
198.749
431.497
127.601
206.43
184.72
0.898793
448.815
94.7116
363.297
311.653
398.288
248.195
462.067
10.1859
164.939
425.049
218.299
285.974
333.258
0.0368789
100.511
380.23
0.711777
301.148
154.988
462.413
2.24848
382.257
65.7824
33.2907
100.546
359.332
241.618
127.773
182.593
414.977
282.247
371.576
337.531
445.319
197.52
462.204
0.120449
461.981
169.049
250.647
383.373
455.26
270.388
132.824
360.097
24.0906
216.283
7.65415
81.1526
308.482
159.348
462.288
391.379
185.645
83.1852
0.251923
458.738
403.656
404.742
246.681
271.971
221.593
143.757
462.142
345.075
0.188848
130.048
176.196
365.399
21.6906
461.664
411.332
0.273711
278.207
462.247
408.669
462.472
309.517
366.03
334.546
224.977
391.242
462.692
378.997
336.786
340.221
462.299
1.3403
269.355
292.749
459.858
79.646
153.555
462.287
324.183
65.1985
194.111
241.12
173.511
329.821
462.385
304.495
433.281
237.215
381.557
266.709
125.834
0.111897
357.839
385.378
85.2166
404.276
208.022
343.444
166.556
270.278
92.1136
352.801
317.388
373.281
275.278
271.297
391.305
5.3235
305.068
373.807
0.335909
87.8364
276.709
173.983
162.071
162.904
456.947
432.271
432.338
309.226
462.264
355.662
238.581
363.576
29.1472
333.238
0.516378
258.231
121.385
0.744653
462.229
4.35178
415.44
80.6495
64.0805
170.77
155.577
165.872
302.928
462.134
86.8807
245.29
344.667
424.044
395.047
247.581
169.51
251.373
-0.302869
107.83
379.798
434.792
292.092
290.068
29.2237
461.807
165.945
337.96
427.709
262.663
390.256
314.083
398.748
197.621
58.0406
-0.112628
334.226
208.318
22.5286
298.892
269.108
1.09994
462.128
248.442
272.034
0.384542
222.662
389.482
462.286
462.196
348.531
427.363
69.1519
408.333
462.21
165.013
136.617
227.879
108.353
44.5591
59.6145
104.661
101.896
338.109
45.1689
286.033
331.918
462.46
165.997
391.148
-0.0812341
462.254
227.992
264.623
208.904
1.60033
243.183
345.852
360.658
425.352
434.308
15.6745
462.17
67.4284
272.769
242.588
280.147
452.879
260.552
365.124
453.807
328.507
287.19
195.497
31.8634
292.743
232.794
214.179
402.501
462.904
165.186
328.873
106.475
327.78
246.305
1.80622
38.1777
462.066
123.724
379.627
177.537
369.31
239.716
462.027
287.379
462.565
138.601
40.9421
349.992
344.45
394.445
195.798
398.597
406.333
357.357
461.928
0.242791
461.182
171.955
213.183
193.416
182.078
165.617
239.374
214.611
386.583
145.908
226.093
167.123
381.795
378.702
414.914
210.86
105.002
9.67827
233.921
141.732
202.585
245.129
86.381
75.6495
213.243
392.326
0.341815
75.9021
158.903
386.615
310.886
194.507
-0.0377136
353.149
2.92941
0.209419
25.5883
121.826
176.663
197.057
270.839
457.233
236.272
183.003
248.506
296.483
0.228868
150.147
462.273
221.208
268.586
462.112
338.365
462.322
168.86
356.402
0.0233723
34.483
162.646
65.3703
223.254
461.6
381.372
294.384
347.434
150.973
320.385
331.306
92.8841
362.806
342.641
0.320364
382.395
260.749
1.89607
421.472
255.828
18.3807
428.631
407.22
101.849
299.972
0.779799
461.989
398.381
9.71387
131.839
27.7973
145.834
359.916
155.548
8.04052
70.2816
40.6354
328.852
339.22
255.071
240.473
70.8258
429.38
298.991
0.321335
71.1219
461.704
253.744
461.853
67.8837
461.817
53.0692
0.146761
346.821
222.453
246.989
235.962
440.571
157.79
38.1994
426.743
37.1218
423.436
259.562
159.267
462.441
392.503
367.742
462.002
348.116
196.92
67.9688
274.703
116.25
95.2023
249.968
102.734
370.112
286.608
96.0163
0.140157
164.438
263.31
240.479
399.814
73.7687
1.33318
202.015
292.571
321.322
146.939
165.458
0.249573
40.64
461.957
250.513
83.5745
0.15834
126.078
127.676
257.095
461.894
260.832
276.107
461.3
229.736
29.2049
375.599
217.618
272.593
378.432
177.631
0.564465
236.034
436.667
305.531
394.141
239.869
445.133
0.380981
321.363
461.907
43.1011
441.665
224.989
234.51
180.697
93.9771
462.673
0.274299
49.5616
462.496
0.750364
353.369
7.16845
462.336
0.224282
362.135
462.65
71.362
167.277
327.692
344.467
412.406
0.146516
423.807
280.077
51.792
27.1886
16.4163
352.29
244.478
396.433
0.155769
355.916
239.301
38.6803
163.145
124.688
428.179
0.416144
425.97
37.5658
361.762
462.317
59.9746
33.379
366.801
218.952
192.974
203.024
92.6181
162.632
445.331
0.242163
425.365
235.396
85.9189
281.011
296.248
280.774
364.086
0.496579
225.923
436.165
227.587
437.391
333.472
111.41
394.568
232.156
462.142
0.361637
462.425
255.252
460.321
410.8
178.925
235.244
101.153
53.8757
141.525
99.4051
392.806
145.848
129.587
86.2743
270.19
305.25
8.95645
359.848
295.92
411.55
321.965
336.5
0.367584
0.344074
461.012
168.94
462.063
422.801
406.842
447.272
281.455
181.933
306.342
254.199
397.822
285.899
272.605
108.771
378.136
68.9242
0.012064
93.5506
461.626
242.272
58.2266
320.711
216.727
438.948
462.141
301.426
254.777
255.615
407.403
162.952
457.338
90.2715
443.281
399.15
462.247
290.367
263.215
0.0862269
31.4555
112.766
267.124
122.023
169.349
351.192
398.121
243.602
197.778
157.68
462.222
457.268
369.135
354.424
253.567
204.089
405.768
232.428
19.3439
347.335
128.136
329.339
441.387
261.851
74.6079
81.4433
371.148
286.986
282.923
138.191
280.432
433.338
46.9675
18.0246
0.107173
95.0169
115.387
462.487
37.4821
51.2927
55.5143
349.665
271.854
87.4548
317.329
281.311
315.556
380.853
161.916
147.64
431.889
383.525
300.597
341.485
308.238
119.267
201.363
297.763
312.37
462.302
462.406
396.503
455.92
462.429
462.129
9.62993
272.621
304.816
462.513
106.357
20.5937
347.518
49.6439
15.2212
461.935
84.2807
198.723
276.329
266.384
459.034
462.192
422.322
462.175
322.464
83.4727
0.13715
430.165
133.97
145.766
328.062
341.776
419.384
82.5346
340.096
70.8646
385.681
158.801
292.885
202.293
236.101
388.845
358.136
411.681
76.9211
3.48013
379.643
133.814
338.855
360.784
462.319
135.507
200.502
215.956
462.403
148.106
75.8022
0.389411
462.394
24.4406
461.718
207.026
187.035
364.67
243.194
0.472143
30.8211
462.214
22.5001
0.0485231
459.609
323.957
348.132
91.9029
241.417
93.4676
93.4159
96.0836
234.561
462.054
0.78097
388.748
62.8213
83.6286
165.732
168.777
296.616
0.258278
283.149
461.785
252.98
354.908
410.19
409.791
176.398
455.555
250.634
152.642
240.264
192.628
147.017
10.274
113.387
114.217
284.727
359.573
103.586
435.899
287.414
301.042
360.924
266.118
228.53
462.305
462.08
1.2654
451.832
462.586
187.739
-0.0267739
309.37
389.824
438.056
308.412
19.4513
462.013
462.682
151.396
268.932
392.267
173.393
228.99
347.731
16.0793
462.08
462.324
9.59405
129.197
272.358
180.243
363.611
357.035
178.033
233.987
133.532
295.451
0.344018
334.387
9.68065
272.397
9.58123
3.01089
294.154
359.916
207.732
164.557
16.5775
257.804
0.738086
17.0776
115.8
38.5841
462.415
434.241
64.4598
187.407
64.3014
398.355
10.3702
0.400803
182.24
434.732
353.767
392.861
184.191
364.433
232.304
443.16
334.718
335.996
326.158
34.0897
-0.0372205
200.028
0.44651
99.947
199.615
389.034
461.998
395.473
351.8
0.0685183
241.563
253.229
24.7805
31.189
374.147
423.946
419.737
52.8825
318.263
73.5408
462.319
2.64073
460.984
134.74
462.256
257.39
11.9538
303.427
331.996
0.467066
408.769
180.11
54.3252
148.666
376.753
0.492428
322.349
97.3373
210.208
421.582
150.505
273.592
99.3377
171.639
136.351
278.543
133.934
404.775
244.848
18.9594
342.663
401.322
295.292
324.16
459.513
344.957
217.292
59.034
290.742
186.73
180.972
462.338
346.114
146.037
381.143
202.253
232.448
283.935
274.1
242.011
32.6252
188.421
259.717
422.007
198.68
0.117395
194.209
42.0601
48.7942
462.381
0.12792
441.292
360.111
226.773
355.865
51.087
168.249
317.285
260.912
227.699
241.58
73.7109
278.408
256.313
462.443
227.971
406.325
462.259
77.8677
53.0829
109.117
320.358
72.3899
318.674
418.741
269.747
300.981
145.308
13.4595
340.65
16.7905
314.075
-0.116834
18.0819
252.279
372.574
113.289
441.462
62.413
302.97
147.106
73.1148
412.634
272.829
240.782
0.16978
43.9704
324.223
163.387
394.289
302.519
258.784
299.705
391.87
0.240213
66.4967
329.876
377.914
290.119
229.797
155.667
150.745
122.601
10.9158
280.889
211.364
73.5276
0.675589
385.561
265.671
24.2824
274.921
273.347
364.106
300.202
182.679
65.604
31.7843
210.769
265.436
23.6237
461.759
120.295
462.192
442.173
337.459
0.886342
462.147
447.624
344.233
124.283
32.4164
232.223
462.165
462.189
461.983
227.272
3.87545
456.155
91.0639
129.323
108.485
381.35
462.264
64.1814
0.272514
185.937
435.08
462.323
461.912
180.925
129.205
105.371
36.4409
449.353
271.693
228.95
155.208
45.5943
288.458
224.248
330.256
407.147
389.398
354.284
146.5
78.4967
332.255
460.718
320.131
391.799
403.025
398.567
0.239762
258.548
332.316
266.159
384.853
461.276
278.883
371.244
462.146
320.58
433.196
296.29
77.5365
270.702
55.3581
0.0263037
191.933
19.544
122.485
0.342274
211.208
68.2954
462.19
141.651
462.337
315.424
410.609
462.085
429.961
135.464
444.259
223.05
413.832
212.336
12.931
416.166
319.535
203.129
90.7768
462.121
443.132
462.254
177.608
12.3051
217.445
0.128687
31.085
246.914
269.683
132.974
44.9894
284.876
394.768
335.802
1.61985
232.782
278.135
171.881
302.317
157.677
462.284
302.957
57.9004
276.316
106.521
328.732
461.595
339.667
65.6659
235.366
300.021
394.675
462.141
349.895
221.758
461.297
375.721
364.182
0.249315
0.89836
163.171
386.697
101.611
343.488
125.72
396.231
462.235
283.754
441.408
56.9083
237.108
299.626
462.252
289.264
399.7
363.898
-0.206053
-0.0757349
142.219
263.754
227.788
462.172
461.867
258.884
127.757
261.025
176.23
293.245
280.034
0.436777
39.3943
315.556
357.259
462.045
65.8432
193.893
194.751
243.222
63.1384
244.873
301.099
285.087
263.296
100.245
356.474
446.552
246.743
14.6484
335.975
77.0472
326.136
259.509
366.952
0.373469
219.917
228.14
150.951
2.42598
91.2258
179.158
84.5414
390.725
402.5
173.88
434.244
264.547
254.303
221.077
294.38
253.238
222.84
0.0959354
0.584109
363.995
276.007
32.8794
121.958
181.385
462.086
263.478
424.173
461.599
374.134
178.181
243.929
443.244
0.362826
462.284
383.782
461.85
21.5694
85.976
175.244
423.837
379.874
385.478
251.841
191.037
203.888
354.45
254.528
99.6061
359.285
127.169
79.6257
260.953
189.125
351.815
247.766
310.724
0.479167
355.16
333.191
298.567
130.626
0.870608
368.218
462.452
307.919
376.892
421.214
56.0016
0.0985489
462.069
282.17
163.156
359.887
232.668
86.9584
429.932
461.566
163.984
362.21
6.13722
0.497957
184.549
243.172
271.391
387.7
258.141
170.367
83.3872
462.267
462.144
8.36397
81.0442
225.677
212.99
309.434
218.398
431.265
0.641132
431.787
0.294654
424.986
256.064
289.889
462.379
276.718
0.168712
281.167
285.94
74.0513
257.144
435.418
352.741
392.647
48.8037
135.091
297.312
0.897371
461.94
130.769
28.582
0.542642
0.0666697
382.859
241.594
239.607
4.52712
462.259
280.738
340.177
423.799
138.363
462.076
195.794
220.199
270.437
443.167
27.716
85.7644
159.155
0.0315259
255.41
252.913
412.747
188.522
2.58068
429.711
462.284
151.873
407.05
147.64
27.5771
115.699
450.425
0.0606946
249.254
307.829
462.21
230.227
98.8742
188.394
461.994
440.784
253.154
403.16
15.0072
178.808
185.755
348.873
427.609
462.132
315.091
77.3043
211.794
0.464524
251.262
282.355
138.894
377.476
225.197
425.751
127.443
224.448
171.386
232.549
161.036
247.933
400.826
166.582
52.7159
403.201
35.6747
462.456
298.963
342.954
5.71069
7.35917
441.101
462.157
434.25
329.98
422.244
97.7081
283.516
232.504
265.247
460.685
462.144
326.497
297.472
196.15
334.578
308.611
64.0831
400.626
424.792
395.733
53.9623
395.372
320.15
435.094
176.393
444.093
-0.295227
350.98
322.998
325.984
96.7303
36.9069
316.802
21.6718
29.5399
375.543
381.048
137.817
370.415
439.411
354.344
461.868
26.3349
130.307
248.638
241.595
343.606
298.579
58.1978
1.91276
291.802
360.902
73.6314
461.96
345.591
155.214
401.017
462.372
313.375
140.9
309.978
462.374
46.0372
340.692
269.388
326.371
169.55
9.71349
462.218
83.5997
230.036
106.316
0.40343
462.389
116.442
462.455
407.576
296.666
334.885
0.228721
301.18
136.654
0.0773093
356.553
418.191
205.642
371.695
276.256
462.03
461.967
69.1147
0.345607
5.29507
94.9832
78.7829
462.188
134.79
289.186
462.003
425.754
320.537
392.052
267.92
279.891
462.335
191.848
156.117
462.139
461.973
0.859343
252.152
400.93
198.039
107.424
328.114
232.582
220.093
324.155
394.051
412.009
453.86
302.791
254.619
350.86
101.502
393.818
0.15365
0.0676087
302.347
462.565
76.8565
209.089
462.245
419.488
462.448
192.486
371.465
293.203
351.919
24.0435
211.035
426.465
462.137
380.195
427.429
411.531
272.073
296.068
290.262
164.589
0.532334
59.7303
137.892
369.781
169.914
202.903
304.845
462.397
462.331
236.072
449.912
229.785
404.607
111.221
136.282
42.0119
20.4688
189.849
294.679
347.175
116.939
46.5985
-0.0705659
38.645
300.189
292.238
354.463
72.5007
253.503
200.627
69.7807
371.931
134.707
4.29306
202.562
462.249
215.809
0.416046
0.507317
316.713
326.297
416.062
207.828
283.897
413.318
344.595
321.746
148.947
17.3413
462.279
250.253
462.367
206.34
0.642524
116.339
316.749
0.135848
283.707
377.76
320.605
60.1131
73.2864
414.092
373.359
398.193
-0.0366619
0.376416
249.379
382.198
0.200476
80.1258
461.746
457.729
272.005
235.065
40.8865
41.5997
71.8705
0.344974
317.255
-1.52777
439.67
367.192
165.876
109.15
32.8382
81.9429
249.557
275.496
159.776
378.589
462.201
342.534
191.294
144.459
119.083
225.56
223.386
4.00642
411.208
0.147616
462.519
6.26108
390.393
1.14338
244.69
329.48
127.781
232.834
33.1739
428.452
280.194
258.354
119.335
37.0965
345.711
294.499
203.065
0.228688
462.132
126.743
115.928
240.385
429.103
178.048
412.223
228.277
462.236
265.847
199.079
0.921947
358.031
387.422
161.823
74.202
0.160646
365.471
126.383
334.216
461.826
357.777
337.399
43.2518
248.961
245.688
389.434
451.55
240.613
338.56
125.023
315.479
352.422
282.518
373.368
19.0906
461.014
229.791
364.937
0.159361
434.207
374.158
462.039
462.312
58.2636
204.716
462.184
382.166
45.9744
173.738
365.084
-0.21722
114.396
0.0954444
462.134
391.832
142.683
256.824
132.663
2.54094
0.61502
52.8319
97.2093
380.275
349.005
216.423
107.491
213.621
159.768
134.008
0.621037
462.126
95.8126
91.4392
461.872
92.5374
148.169
461.233
240.443
409.761
306.774
115.331
189.66
213.136
111.98
159.888
0.481452
456.945
145.336
366.896
84.3487
462.511
117.317
462.124
308.005
462.44
306.737
0.249745
462.338
1.01777
4.30286
184.358
461.937
36.9089
-0.266863
287.713
317.667
47.323
0.332095
321.524
232.257
22.6849
283.848
106.928
222.123
0.860112
345.057
345.032
453.1
348.823
0.515526
12.7442
356.099
157.445
271.23
453.158
268.54
462.271
75.9473
131.31
462.03
459.4
462.41
267.386
449.888
318.407
0.156874
56.9994
129.492
461.949
0.00720641
269.799
345.7
0.391783
162.189
244.994
246.097
414.466
389.267
197.699
25.4621
232.467
167.611
147.032
136.606
174.529
0.314221
194.796
254.871
137.641
359.661
74.2075
185.611
163.294
462.152
247.863
23.4695
187.285
391.552
462.469
298.169
364.045
392.551
132.055
164.505
10.2231
230.124
308.81
117.362
379.419
14.4897
153.411
156.235
-0.489371
167.2
461.988
457.133
130.75
155.779
419.876
398.802
462.449
152.718
459.979
173.462
270.099
69.7766
457.828
243.54
184.439
387.104
151.849
184.105
261.574
-0.426352
0.93076
352.859
189.563
390.735
61.1085
237.291
235.207
462.217
249.399
414.621
358.972
418.403
462.242
232.555
205.171
267.376
242.26
462.616
301.019
1.11088
209.586
313.91
389.332
141.597
433.334
56.5781
409.981
217.921
0.564348
379.147
145.639
419.951
462.222
36.0931
66.7396
111.294
455.82
260.306
197.661
58.6077
24.5703
0.284769
304.087
462.453
399.9
388.402
109.867
12.2745
117.405
414.409
462.256
331.065
369.126
361.7
208.594
275.785
275.68
0.169069
11.2988
390.278
404.498
259.587
48.9518
154.878
13.8997
442.338
145.789
278.619
311.349
300.362
86.8792
362.884
399.813
239.945
75.9848
87.305
272.911
462.652
156.387
177.5
77.186
462.455
309.665
359.358
0.12818
152.541
210.564
67.1871
385.327
462.114
462.497
326.603
253.326
462.099
361.511
462.301
78.7178
388.479
440.166
199.579
399.555
430.345
50.9753
151.589
265.044
284.13
194.964
147.911
210.837
158.012
36.283
462.042
410.852
322.986
450.014
30.4918
0.285364
0.179083
462.072
462.404
458.71
116.923
462.101
0.305797
454.447
72.2766
81.8193
237.924
388.084
0.635738
244.889
462.488
276.855
462.181
233.013
326.61
285.863
113.197
67.835
462.258
70.8182
462.082
148.673
188.759
256.736
278.467
462.259
420.673
238.69
251.63
170.644
324.818
1.38306
457.157
113.863
136.058
413.386
4.9663
0.804236
430.013
429.354
189.55
342.877
41.7845
408.665
167.068
1.49571
307.675
303.565
128.154
246.154
462.101
0.0780694
135.097
95.5632
289.104
320.301
168.593
232.291
35.683
462.329
449.231
383.354
460.489
461.927
221.12
262.309
392.995
462.291
164.258
165.468
88.5983
387.272
250.393
412.782
330.701
192.374
-0.0929444
0.245055
100.817
313.257
264.21
126.798
-0.0269061
60.4858
261.231
462.217
355.805
165.238
392.234
-0.162825
360.695
431.538
444.753
330.481
313.026
217.346
305.79
187.601
169.084
0.343223
137.606
327.749
200.492
209.115
436.77
462.016
446.5
102.048
381.67
0.103437
462.15
0.30658
429.615
141.057
296.018
177.64
393.589
337.392
420.653
285.296
2.43639
110.974
84.2108
446.263
102.731
211.856
454.509
137.074
341.173
122.159
386.665
167.009
145.643
0.0170169
462.721
0.301424
194.659
462.23
447.551
365.396
264.295
353.134
11.9917
462.352
230.182
391.886
168.137
416.135
58.7998
283.202
157.124
462.707
456.532
450.021
428.939
0.42507
308.005
459.867
234.497
0.417803
264.372
134.463
138.416
149.858
462.198
168.667
289.925
444.689
136.541
164.428
440.31
314.417
382.664
411.151
3.57394
425.987
403.364
461.538
13.735
0.316777
462.056
373.011
451.669
159.828
147.794
38.8554
45.9747
316.962
68.0798
226.751
344.304
311.263
272.317
96.9618
355.637
4.90967
462.074
58.7776
257.808
75.3751
197.757
128.978
141.879
335.245
14.3976
462.34
406.884
78.3049
232.455
462.189
410.831
282.324
462.456
461.957
298.188
242.357
252.567
407.892
112.981
34.9542
273.102
4.86549
56.4671
254.651
163.755
269.886
59.4714
282.752
198.283
0.266359
137.126
2.05089
1.26156
250.482
367.52
293.747
199.879
156.575
65.6491
285.871
134.28
426.309
403.551
426.216
323.666
330.167
232.049
262.112
309.278
327.376
462.11
363.332
151.922
462.265
176.165
189.245
355.869
229.148
138.877
361.852
0.46499
326.58
59.1084
432.199
6.80893
332.214
297.664
325.735
401.738
378.673
202.411
280.199
235.93
0.773728
83.9136
174.129
187.547
344.404
341.663
149.836
260.612
154.598
372.634
333.518
331.531
261.233
360.144
180.982
0.461279
65.1699
379.442
442.951
446.313
456.103
462.057
0.903435
158.995
16.6001
232.509
203.438
345.181
160.566
0.950849
247.785
159.279
462.391
348.701
164.89
342.148
0.163104
114.319
443.145
116.732
461.624
18.8135
462.325
125.764
207.483
367.498
256.064
462.154
87.2995
261.28
0.266414
127
0.0353482
427.668
282.192
366.694
382.069
353.064
56.7341
1.84656
364.803
113.556
100.43
462.48
14.9773
121.403
264.718
267.93
270.727
316.8
431.149
236.889
111.972
351.225
217.659
354.395
390.066
354.864
462.494
178.117
292.067
107.797
139.778
222.356
0.80515
239.817
325.271
223.788
225.07
54.3776
317.755
56.8561
462.033
88.2071
350.258
452.729
223.2
0.774616
462.281
351.439
236.716
185.397
55.9886
401.019
292.801
308.077
461.691
131.308
107.185
391.066
203.329
3.32491
462.527
0.187573
462.17
449.075
71.4635
53.5802
437.052
281.47
201.824
379.444
462.397
246.534
0.384234
462.456
234.529
349.524
0.714361
201.813
165.94
436.527
269.249
0.571376
302.898
258.513
283.392
462.523
243.54
462.05
0.170168
247.474
292.962
310.518
421.938
389.477
449.496
241.295
296.961
429.722
176.812
133.998
342.665
207.771
36.5024
108.881
58.7957
349.832
70.0103
374.409
2.71436
230.255
462.21
211.26
462.355
461.183
194.099
0.155222
75.8551
461.728
117.923
458.611
303.051
117.408
320.039
123.008
340.255
85.6484
31.8602
30.9753
223.352
180.125
48.1177
441.369
150.854
244.717
60.7095
382.643
259.164
462.329
462.282
425.997
232.248
385.54
422.036
282.31
248.675
157.474
435.467
333.133
395.985
5.74343
392.59
462.341
127.494
127.251
178.187
276.531
257.396
142.042
461.912
462.621
136.149
461.901
462.324
390.076
171.192
378.168
280.095
363.816
341.208
286.453
203.644
462.004
260.379
320.207
460.743
232.731
346.444
435.731
213.172
91.9491
462.197
81.5482
34.6677
0.349293
344.437
323.245
312.342
37.7538
461.949
0.129593
383.759
280.692
234.706
322.924
196.552
439.446
0.117426
462.038
232.108
461.952
438.381
462.261
386.079
119.974
136.87
301.203
426.666
0.731475
461.456
156.836
320.154
-0.247153
0.0994132
299.928
117.337
210.339
28.5367
138.244
460.153
0.779614
88.4903
242.625
191.385
417.588
0.396103
411.069
451.999
23.262
374.759
397.788
89.7905
251.632
312.451
319.485
387.982
250.271
344.862
345.739
420.511
50.2216
235.353
76.751
115.201
262.078
317.599
352.559
233.566
462.293
130.802
314.533
393.257
462.453
277.07
70.4951
180.697
125.143
157.344
336.919
196.248
175.082
333.967
0.676437
342.574
18.5891
68.2187
129.514
299.737
131.351
460.619
309.219
259.047
24.6884
256.499
252.882
285.477
315.553
0.178873
21.1593
462.46
195.249
54.7015
93.9287
106.932
60.5854
329.11
222.364
356.82
344.494
428.789
303.429
426.017
401.166
415.994
45.1663
280.764
345.171
1.49065
376.265
462.101
173.019
193.289
406.756
194.455
0.397995
46.0373
256.822
374.089
291.873
281.857
425.973
462.127
313.014
367.08
403.543
198.619
340.86
406.017
240.762
395.564
435.905
339.422
385.806
195.939
28.2794
146.525
462.065
461.943
327.595
462.556
316.053
54.9023
440.91
254.205
285.826
278.459
0.0910084
337.375
458.981
442.15
170.657
171.205
0.187932
235.127
165.048
180.08
267.676
184.792
0.232027
408.624
291.553
81.4136
362.117
301.871
328.67
301.526
427.408
180.054
349.508
149.285
0.629107
462.531
187.241
455.842
321.695
239.802
34.4018
224.967
281.948
462.438
31.7311
346.597
0.12822
38.4821
330.361
117.475
8.7325
123.88
0.0962753
338.725
462.489
235.402
257.013
423.765
255.535
323.559
261.695
440.811
342.762
454.383
119.995
462.053
204.627
356.554
0.392362
351.19
93.2246
7.86312
140.333
112.366
448.325
216.303
48.8752
158.557
140.963
357.083
14.8407
14.1543
102.191
371.629
210.867
0.279401
103.229
24.886
354.451
0.296109
462.35
462.395
225.755
263.459
387.615
24.0434
218.518
58.7193
0.884444
273.401
246.988
314.439
291.399
259.215
306.683
462.029
391.211
261.501
462.151
111.654
0.0907231
175.671
196.26
47.8002
390.17
86.3812
99.4411
109.855
51.6281
306.89
130.934
374.701
-0.0301157
333.733
255.283
23.4337
462.365
416.768
174.754
462.274
0.268358
397.925
279.052
462.067
119.404
183.794
190.117
0.225973
462.356
462.138
462.037
256.156
184.163
129.202
151.102
397.174
0.566835
419.84
170.84
462.336
255.406
337.905
359.015
55.4642
274.282
459.781
0.188943
462.272
462.184
461.881
174.452
0.0105308
227.841
193.499
350.867
100.3
49.6257
232.847
167.305
136.087
44.6167
274.278
150.47
203.24
121.07
397.641
444.967
363.853
423.669
212.41
462.574
449.269
308.575
44.4059
221.799
44.4364
461.929
0.629859
164.467
46.9684
336.826
462.435
418.567
85.9508
462.236
98.2578
310.061
334.459
91.9591
176.988
131.218
411.566
173.106
336.918
315.666
4.93141
117.975
127.958
248.094
313.043
462.418
0.167708
432.71
114.84
350.149
285.613
278.017
110.33
462.421
299.116
462.211
152.371
0.332006
0.504934
371.29
20.4494
0.422138
399.931
204.151
410.48
269.241
50.7657
372.494
189.596
378.99
126.706
462.13
337.392
0.116681
462.248
210.792
322.611
462.339
244.555
322.62
295.352
461.972
9.41581
227.479
198.379
109.162
317.513
439.773
246.593
218.735
461.999
392.484
29.7739
88.5203
315.685
33.1102
461.495
193.269
270.336
105.134
302.942
221.557
246.595
96.393
460.96
397.976
78.2748
211.584
407.872
51.6845
427.898
388.173
462.021
361.239
373.087
176.962
449.377
462.17
236.186
419.546
355.165
74.7445
0.237234
109.816
462.387
271.601
268.724
194.021
44.5238
462.178
222.696
107.072
0.423052
256.225
392.022
425.903
38.5317
226.105
0.112564
462.196
462.105
2.43512
462.155
68.9842
379.615
205.169
328.163
259.136
202.516
191.357
413.118
150.786
366.157
0.150703
320.718
459.711
391.812
305.293
462.225
344.751
16.3978
122.502
403.878
2.19805
450.371
183.614
358.148
232.531
462.317
437.94
302.769
462.288
456.488
27.2075
461.884
42.8087
0.202367
177.618
206.784
369.14
458.644
406.093
303.417
462.21
394.21
462.301
448.482
451.268
62.7344
378.843
462.535
461.686
47.8045
124.94
2.58537
79.4859
214.602
451.182
247.329
358.711
382.641
0.0854023
218.315
0.622959
242.602
121.694
131.831
-1.14887
256.704
129.068
450.036
0.308288
12.9707
0.423671
279.093
246.79
462.12
394.715
441.153
461.408
102.883
92.2504
222.91
134.105
37.9447
135.354
303.195
167.548
457.79
394.547
241.445
109.319
338.836
18.3237
408.654
235.074
76.3662
171.482
302.881
445.901
233.508
6.71584
404.392
27.5215
59.6827
0.408736
280.943
-0.140522
74.9394
309.257
404.76
243.589
462.168
462.169
357.196
393.706
186.097
441.804
353.32
301.88
350.056
117.964
203.264
462.226
307.357
421.066
357.046
123.62
35.2053
462.502
236.018
83.4142
462.719
329.786
257.669
462.005
126.866
294.556
152.362
189.113
425.482
462.123
159.163
373.428
269.089
199.951
158.211
18.8522
217.311
237.436
358.171
68.9958
222.513
290.094
59.0671
392.931
462.122
370.928
202.441
322.069
92.97
49.2475
114.69
65.82
417.362
385.317
380.28
0.386805
330.396
122.254
0.312137
297.617
54.9841
173.306
149.534
-0.0851737
462.042
149.011
171.79
166.237
134.728
0.0149842
397.295
462.452
184.178
435.358
346.051
0.455243
115.425
152.269
168.843
329.011
110.384
417.902
-0.0746474
352.253
0.861618
462.075
259.022
220.683
296.722
326.776
462.055
232.407
268.258
303.83
291.244
384.548
220.932
136.121
20.2134
319.329
462.311
230.373
0.444527
156.592
166.292
192.708
34.8922
344.212
297.06
339.862
261.294
427.167
462.117
346.467
324.912
210.174
108.716
462.099
-4.13664
287.024
462.261
462.154
387.553
398.13
432.49
199.779
184.689
226.44
59.0948
18.7637
132.377
23.88
24.7209
1.3573
119.573
162.218
314.077
359.394
285.434
456.758
267.073
201.021
151.951
4.19213
429.984
375.383
-0.00584263
43.1636
100.59
293.47
393.078
320.156
370.706
462.172
243.468
22.5648
0.138069
2.0244
112.651
408.862
264.345
189.779
462.125
377.125
88.9146
177.171
147.157
332.12
101.391
146.969
302.459
272.067
452.093
241.131
327.139
372.8
387.653
354.204
8.55357
159.041
0.0659095
318.451
14.7952
341.594
303.162
229.818
314.784
381.975
75.1868
450.759
0.356991
153.7
88.1516
420.306
199.622
350.052
160.74
197.94
367.857
374.562
41.7923
365.206
356.664
215.392
459.478
360.574
97.8802
326.759
399.142
150.205
198.986
366.978
300.449
305.335
402.372
459.936
147.036
270.53
377.797
435.655
382.394
462.441
374.396
45.7281
163.653
64.8833
30.2381
290.931
302.565
1.63026
117.631
260.008
323.399
376.828
392.586
341.75
18.1276
365.086
17.1857
310.381
170.741
219.438
47.8098
349.49
426.998
414.925
441.533
303.647
140.633
316.444
162.489
0.534012
367.599
180.244
46.2305
78.5186
143.662
17.6578
307.742
462.13
78.6398
308.612
61.6974
462.159
462.322
296.38
208.964
362.91
344.281
117.886
462.169
364.194
285.906
223.93
0.281798
128.464
169.776
21.8946
87.7313
361.944
292.593
263.277
462.172
191.527
441.103
121.383
370.41
161.177
303.146
0.0589651
75.764
125.385
0.297498
253.04
366.614
273.06
178.453
357.754
450.52
376.561
31.7659
50.3641
228.702
330.53
369.082
199.727
462.087
103.22
412.334
175.226
356.451
390.343
261.999
462.089
248.138
462.426
462.158
143.937
309.256
445.745
1.40305
457.545
144.216
-0.277244
138.713
195.519
396.486
462.398
0.376096
130.197
0.390589
437.201
462.684
156.425
391.169
407.021
247.923
0.4144
53.1339
323.966
196.364
381.776
80.9555
423.658
0.134214
462.1
148.802
219.238
462.123
263.136
233.255
5.55758
443.929
238.704
27.9583
389.96
0.0216847
40.1232
226.513
88.2733
309.112
105.492
189.415
142.88
135.559
182.498
331.764
269.343
428.894
254.546
129.048
0.478076
232.798
245.19
179.838
14.7656
462.052
80.3488
435.409
388.925
462.094
23.0289
104.348
65.1775
190.18
216.084
0.553033
120.958
149.116
441.781
446.158
380.217
303.572
358.797
230.097
44.391
420.131
462.028
314.343
390.164
261.641
94.0562
0.565833
160.684
410.962
460.635
349.179
416.554
140.027
187.337
344.912
111.185
203.279
462.262
425.343
342.941
381.194
461.99
166.809
-0.0585594
0.75859
352.794
131.528
254.008
147.766
80.1563
330.734
207.122
232.525
461.125
91.9907
431.809
125.907
395.625
461.783
215.236
461.816
49.0807
461.693
267.11
453.625
155.274
138.792
162.133
152.501
200.577
344.781
290.734
395.108
461.989
58.2588
0.105182
441.523
31.8882
259.124
273.555
209.53
244.002
443.729
192.254
170.421
254.388
77.015
412.124
81.8342
355.302
69.6386
196.083
123.518
57.8632
390.643
4.71982
331.743
134.441
29.081
67.5897
230.383
401.039
230.112
214.761
266.425
104.55
226.226
348.922
412.51
252.007
149.928
247.041
187.722
26.4205
184.922
218.716
156.542
462.681
196.209
241.015
10.943
462.113
67.4383
205.22
120.92
232.907
397.637
395.526
368.107
287.642
312.63
0.318066
196.896
462.045
443.511
206.281
13.588
418.401
0.0196661
51.9782
120.533
462.136
462.044
353.514
380.495
411.889
327.125
292.035
166.229
176.763
283.313
348.183
453.96
260.747
48.8623
461.742
396.493
287.124
32.8297
0.132917
0.475504
461.627
83.2775
195.05
379.815
264.925
462.203
461.23
128.278
0.18852
0.422037
209.741
434.547
102.547
284.28
21.3753
0.451427
320.808
130.36
203.449
0.443756
293.917
348.303
66.1565
71.9737
194.024
218.407
80.5037
20.4946
366.201
17.428
229.498
461.976
461.421
355.547
462.325
24.7756
0.532372
306.269
4.54668
292.083
235.434
462.219
39.0174
348.676
72.6276
161.214
357.514
76.2824
324.718
462.143
0.235861
152.569
23.4936
233.054
350.741
187.688
132.584
243.66
462.514
101.524
78.142
327.513
372.139
128.163
363.231
325.431
4.55472
3.91835
340.126
159.135
365.342
257.582
462.226
354.393
341.86
93.0646
343.669
126.005
0.150548
424.093
125.094
220.042
121.52
150.005
0.668683
246.281
24.1821
82.9653
278.765
0.149195
310.794
198.845
366.715
299.675
155.67
157.96
139.734
348.773
287.845
300.927
343.032
454.325
314.291
349.482
6.05737
461.892
383.906
462.19
279.527
301.278
0.261296
239.195
285.816
205.248
295.194
125.559
138.176
82.9327
98.645
424.305
191.345
0.353043
144.517
452.963
198.44
462.068
28.143
192.774
462.256
261.318
133.638
59.8614
363.636
4.5264
350.81
149.154
462.015
437.993
398.594
220.31
144.507
131.984
68.5914
342.904
462.023
37.5716
0.10821
328.97
292.706
186.833
154.228
73.6157
117.686
215.642
144.298
400.511
326.367
239.683
337.884
161.855
1.33626
332.822
0.19269
462.32
9.14376
462.345
209.649
416.205
296.148
350.054
319.098
-0.0872541
294.4
131.59
371.465
191.879
461.357
164.601
104.207
461.727
447.652
369.903
377.508
239.402
66.3449
442.848
46.5712
157.099
3.42938
146.971
245.625
316.281
352.026
458.502
434.372
411.676
436.429
462.119
331.055
167.683
0.406561
94.3819
247.52
254.116
461.504
31.6493
268.387
457.836
429.695
442.353
81.7495
384.272
6.1203
462.929
0.425802
118.634
462.395
290.104
301.327
89.5377
462.831
1.43174
154.752
409.585
349.355
438.739
0.0499905
27.5106
133.114
92.4487
402.498
174.309
104.996
462.538
325.353
414.95
372.087
249.442
462.447
244.438
0.320098
249.382
462.045
369.437
9.04659
0.0945216
188.817
462.255
194.166
74.1716
391.134
407.054
0.933388
0.228195
22.823
462.567
41.5621
416.595
269.518
346.49
212.781
462.082
346.326
106.864
171.339
384.79
0.0813515
88.7507
115.053
198.109
287.183
132.283
240.757
225.337
270.159
309.658
431.838
403.11
212.581
462.47
218.878
43.4957
362.749
51.9608
359.107
212.914
366.007
460.33
386.338
205.123
165.609
146.913
412.34
0.347273
462.4
0.241639
169.898
179.685
130.051
339.862
294.261
63.1653
289.176
159.738
353.424
256.056
273.303
118.766
460.83
462.162
240.65
377.068
129.72
462.183
28.8718
238.432
257.574
264.902
19.158
161.493
262.938
227.05
400.124
435.557
315.878
184.952
271.932
196.013
127.783
0.501657
463.638
317.187
-0.0996703
462.134
232.506
123.054
461.383
193.452
309.12
250.259
160.538
334.178
0.732198
216.073
253.778
116.803
17.2879
296.344
11.1703
368.39
1.22386
49.9529
327.001
210.831
412.182
360.206
3.39169
257.267
434.007
263.077
462.27
185.157
428.763
437.714
144.402
367.457
38.8351
240.777
44.884
0.534554
448.332
10.549
388.823
245.43
340.427
26.9646
395.557
460.595
348.257
218.456
104.916
461.91
207.623
262.609
304.492
179.536
127.876
133.278
63.6089
379.132
462.206
131.102
261.061
11.5746
190.073
346.552
94.1973
45.6838
317.861
318.72
79.0761
54.8353
138.861
462.517
401.646
32.972
462.162
462.494
25.9131
3.28554
448.007
0.277092
461.97
382.511
421.446
266.375
243.895
146.292
462.162
95.4093
309.764
23.8057
257.201
376.295
15.7267
160.88
293.765
124.699
118.537
317.038
67.0288
0.261384
5.03599
229.845
115.302
201.007
433.722
409.018
462.017
270.24
330.362
448.664
263.88
218.785
245.651
215.791
330.469
230.939
359.596
56.1741
-0.418658
157.121
21.3113
0.819051
101.289
253.943
384.762
390.647
0.465273
306.726
404.934
27.9152
461.897
295.215
299.333
44.2498
144.631
410.512
105.596
462.421
461.85
0.56821
214.431
189.514
160.416
232.492
374.071
0.188515
72.0515
406.044
78.2932
115.603
214.372
195.657
84.4717
419.297
326.062
462.378
180.723
328.27
462.34
340.397
141.862
379.971
238.359
461.931
67.3955
461.663
1.34678
452.825
283.594
409.464
292.922
95.8369
311.777
338.918
243.614
83.6856
219.674
57.7909
26.1269
450.118
320.492
321.508
9.69755
135.334
301.698
153.495
261.378
462.263
244.834
15.6632
437.061
462.11
65.2866
31.9769
353.034
462.27
296.65
305.083
444.833
46.4015
286.419
185.396
344.709
174.424
107.624
233.191
462.328
377.368
41.5968
0.245482
36.5283
35.8424
263.32
191.762
185.683
314.887
360.525
299.549
339.007
128.765
462.204
329.237
273.5
253.858
112.801
267.47
381.665
220.203
393.191
285.094
384.162
232.331
176.755
295.225
240.959
232.358
131.584
97.2671
155.171
13.8749
0.0064193
339.565
27.8307
451.136
462.202
143.319
364.778
398.235
252.774
126.589
363.49
323.047
317.627
51.8993
462.038
0.0610352
130.577
445.167
462.151
91.451
415.772
105.813
338.452
44.5981
191.921
462.286
291.443
263.753
431.022
331.23
456.176
377.356
168.975
461.874
252.825
0.420343
455.137
39.4578
461.901
443.087
295.796
247.683
332.398
75.9864
173.012
160.067
50.1527
88.2437
213.566
300.59
0.190646
0.113244
198.804
251.66
279.342
462.412
283.5
222.279
124.448
455.597
3.3875
141.722
462.264
0.45029
304.271
0.358463
118.659
106.116
306.589
170.614
462.099
401.428
338.356
255.66
437.31
381.468
292.971
173.245
462.315
461.582
298.489
112.109
67.4032
462.146
326.727
337.488
0.442635
460.766
209.598
329.334
445.043
462.13
0.113811
43.6232
324.713
189.603
-0.35672
89.6927
440.669
4.74955
291.249
139.513
453.464
178.581
0.0917004
35.811
301.581
395.237
404.747
122.941
14.3606
1.39887
423.424
0.759184
199.352
191.566
76.0617
312.094
403.108
86.423
67.4601
362.542
77.9018
254.476
361.999
435.655
426.987
392.35
462.206
0.766893
354.232
226.752
461.839
75.2212
46.057
299.158
352.557
-0.0378726
462.135
377.972
91.8663
109.64
72.6853
9.87531
278.045
302.172
231.986
173.884
380.016
44.8598
461.744
76.7839
134.911
443.12
132.936
423.146
280.031
462.332
0.0103371
14.4494
264.164
151.001
370.005
419.255
55.8832
0.523111
462.085
289.149
175.416
369.146
24.6325
354.354
327.822
462.016
260.005
80.4668
356.434
36.2491
59.579
0.228052
203.457
361.774
382.986
411.868
447.707
175.243
161.816
434.018
462.413
362.927
198.373
346.028
80.1823
397.804
94.2786
461.792
367.094
0.154751
151.337
0.381203
0.283431
457.168
461.729
0.531662
0.166988
259.262
376.365
149.164
462.118
462.264
407.475
429.62
248.763
462.014
382.374
342.534
0.0492423
77.9895
462.133
122.503
36.045
461.998
41.5166
93.0088
66.4969
161.811
1.57428
375.485
74.8155
0.277798
44.925
257.523
387.682
367.674
21.5168
268.235
42.3596
462.201
375.679
317.038
174.299
461.629
460.446
203.977
312.181
7.25234
0.797433
283.849
462.185
401.708
125.911
263.031
211.707
462.211
442.857
376.406
0.877464
227.156
454.276
77.4647
201.058
110.307
440.612
435.648
421.287
398.014
389.047
22.156
263.143
248.88
435.345
461.462
129.394
321.036
223.078
337.983
162.48
139.615
182.042
276.262
364.318
29.6065
222.393
311.125
223.777
0.25448
379.803
290.58
429.651
411.668
459.922
412.584
280.89
336.26
461.999
372.236
110.673
215.144
448.024
329.725
0.105689
285.457
285.274
189.275
197.866
185.305
394.545
232.523
238.538
31.5122
319.638
420.664
246.309
461.503
314.935
1.97951
56.258
28.254
380.67
263.736
170.578
155.064
398.909
166.241
95.8145
0.534161
0.205184
237.737
304.715
462.485
297.563
408.302
196.866
107.975
461.147
307.181
327.513
207.872
462.095
310.77
91.6621
399.579
178.201
215.319
45.5094
311.52
1.1663
0.825373
121.88
136.587
254.619
0.959897
277.94
462.194
212.206
332.89
462.364
445.1
51.719
429.602
18.336
335.066
450.295
50.8448
168.645
1.61064
301.3
281.268
404.914
241.714
434.063
368.102
184.704
462.409
420.714
94.5055
307.028
66.1173
410.125
182.101
0.374432
325.88
0.0771261
99.7689
98.4475
10.412
113.068
210.74
81.204
0.268521
0.717459
35.2305
48.2239
0.31516
434.056
67.0275
18.8119
390.239
297.874
175.828
162.714
194.977
179.175
368.079
82.3456
317.73
310.907
275.236
462.453
386.949
269.022
-6.24111
107.212
279.558
104.945
76.2741
232.156
113.224
-0.00915688
459.142
4.9787
462.749
261.23
272.505
-0.343267
455.92
434.981
95.4168
1.77677
22.1404
372.429
20.0821
204.437
0.0795494
277.874
403.275
135.476
110.563
138.72
196.474
178.651
461.477
1.04572
167.664
36.0522
114.493
331.958
51.5878
-0.0079568
223.327
304.717
2.21102
254.634
461.909
383.44
384.345
339.293
85.2471
14.7629
462.228
180.774
309.895
0.293064
407.974
244.092
462.26
434.95
255.082
279.535
108.804
269.29
436.862
174.299
442.589
395.404
349.236
0.689438
0.705734
208.469
142.149
128.865
351.259
29.0389
240.52
221.079
167.793
0.417362
232.374
189.532
318.496
449.15
165.508
396.835
200.656
313.101
152.863
40.8138
395.092
0.276386
99.5553
397.776
38.8916
393.875
222.604
436.754
186.281
95.5631
-0.0653419
42.4403
246.772
354.815
105.075
297.415
462.497
414.943
0.153314
-0.8227
19.8081
193.326
0.414154
462.31
110.804
54.6602
88.5523
191.919
0.816834
52.1071
352.017
374.16
48.1222
291.775
179.209
379.419
0.0819014
300.527
461.35
0.282145
0.317505
292.256
426.419
462.258
0.276952
0.129965
0.314182
282.539
462.316
44.696
45.6835
0.527069
69.2712
409.327
461.973
0.610775
351.648
215.886
42.4046
134.665
265.542
101.108
384.989
96.5265
194.098
192.437
211.977
398.146
0.369825
0.226007
351.924
408.613
111.571
92.6395
81.9835
462.071
462.15
58.0437
181.562
0.166269
277.275
452.318
394.214
0.70751
0.518845
214.62
421.77
-0.00603622
451.211
462.209
302.961
0.438134
128.809
364.758
221.942
203.187
462.104
123.285
321.848
0.0781648
417.587
279.647
0.104283
142.75
0.521126
338.192
329.97
462.037
333.582
15.5006
209.413
127.346
376.78
27.8219
212.579
33.6577
254.471
251.657
462.103
302.771
121.07
273.085
101.753
461.551
143.698
412.542
75.5298
313.282
145.13
451.475
0.5
111.435
392.631
262.632
237.087
357.563
436.706
462.819
371.321
218.729
28.5843
6.45059
179.63
0.480573
281.456
281.661
245.083
462.213
462.414
109.755
372.411
88.5898
426.807
433.802
148.672
44.0774
319.567
302.781
253.297
299.185
111.5
326.281
370.956
11.9614
123.008
89.0887
462.304
0.234905
462.333
427.843
33.8677
60.0311
462.409
127.544
239.666
461.967
308.038
415.037
95.694
462.312
235.303
0.545451
103.265
342.657
462.227
55.274
392.905
271.056
306.428
-0.252331
336.488
163.012
29.2324
255.677
284.983
372.165
364.285
360.739
261.048
443.394
438.875
328.664
462.279
242.008
16.9005
0.283476
461.952
164.444
0.497175
30.344
76.8912
381.009
328.956
462.404
454.951
450.142
308.243
267.65
34.287
138.713
409.768
258.798
391.839
462.152
0.967683
189.449
0.203852
462.455
0.174194
129.848
369.124
208.477
428.672
1.66982
299.153
267.618
54.3988
90.2225
132.908
347.662
404.001
207.989
462.305
127.96
0.352538
284.413
121.701
422.815
180.54
369.551
462.132
462.093
462.279
390.997
0.381656
125.043
279.52
0.632437
304.37
178.21
135.915
210.854
49.9503
120.739
419.666
114.928
137.11
232.518
257.496
59.4515
39.2783
0.731296
30.5649
0.0972645
90.8579
363.742
287.999
462.313
0.457791
282.429
113.223
139.519
386.026
228.413
450.953
303.549
462.028
0.728183
248.783
259.163
423.259
60.6517
0.370924
281.828
437.609
254.668
327.387
27.7476
350.945
429.064
227.979
462.345
386.115
91.0134
159.408
462.053
230.306
361.342
313.863
0.976563
255.177
226.882
462.193
213.622
182.398
351.141
0.485742
239.81
112.691
229.838
373.728
260.766
188.113
257.269
12.0778
230.106
146.283
157.454
171.906
333.175
428.568
69.0341
413.875
170.329
225.765
112.922
163.523
18.7332
152.876
0.410607
366.225
224.013
329.054
124.537
94.6732
384.11
164.852
0.544196
462.149
385.851
224.908
353.068
462.648
123.832
343.572
312.527
438.731
462.035
306.621
1.6326
0.758099
312.211
121.219
89.465
338.338
461.898
211.202
209.123
32.2536
309.29
172.215
0.312642
260.649
5.30641
341.901
264.115
120.925
135.883
412.871
167.4
233.171
310.537
0.440653
371.068
383.714
462.197
45.3558
325.876
12.8576
227.711
444.894
241.165
25.7967
460.621
80.503
0.321473
2.20838
22.8375
449.423
313.582
72.0717
213.638
223.527
462.181
448.132
306.9
436.448
453.822
323.996
252.414
250.192
229.857
342.422
462.303
80.2659
267.868
461.858
191.318
462.321
371.35
318.631
254.848
75.7911
411.538
185.398
379.769
0.141962
216.278
296.615
0.308932
397.534
63.8106
461.051
326.236
307.924
192.321
458.404
59.9982
374.024
270.369
325.423
460.295
269.081
94.6811
199.421
148.464
290.87
182.974
128.31
346.453
440.28
462.229
131.934
382.335
166.035
69.2545
366.158
-0.0381857
462.146
196.422
90.8483
351.124
72.024
462.045
379.038
87.7005
55.9154
169.52
94.0402
207.897
278.748
356.568
77.2526
182.888
462.565
166.373
315.59
337.378
217.641
25.3746
461.394
282.52
0.47782
127.806
379.142
262.201
386.431
341.942
0.0480158
209.223
145.098
256.108
61.7272
281.277
134.584
382.438
84.0122
341.221
36.9538
203.461
144.829
137.377
420.381
372.92
0.821125
110.704
394.776
203.402
293.478
367.85
156.472
246.632
407.95
218.058
376.219
419.284
462.333
24.3113
0.687502
394.747
94.8433
462.068
341.415
292.557
132.655
262.111
273.114
200.58
207.525
183.729
0.0719592
1.39626
434.058
253.102
462.06
421.835
282.744
360.221
102.759
290.394
93.6128
289.435
385.086
427.002
273.577
205.116
108.287
255.248
73.6011
69.6598
122.991
401.668
201.375
298.05
342.728
462.073
294.797
30.3855
253.178
462.559
168.293
142.885
218.258
462.147
98.0663
182.04
412.384
462.075
369.863
408.632
349.694
151.435
236.457
80.4707
396.874
427.866
407.82
235.95
131.651
238.233
244.275
325.841
244.148
195.862
462.07
213.809
209.345
65.7148
253.677
301.857
289.104
107.446
462.073
34.0518
285.399
462.164
152.227
378.354
274.556
227.21
204.854
0.319415
378.279
0.325066
99.0947
113.637
0.233949
260.296
196.117
88.2925
89.6422
33.8857
0.45071
194.539
412.575
125.247
36.2229
102.338
0.367668
144.15
128.259
232.575
155.648
397.641
324.598
232.636
236.932
15.067
462.474
461.767
242.146
462.163
445.899
97.4044
47.9717
378.286
144.223
462.378
116.544
108.529
462.272
380.694
80.4231
49.3675
302.7
439.565
172.478
446.037
225.86
184.386
0.273047
5.14662
417.012
462.42
462.146
462.476
365.393
410.443
186.725
1.58595
292.114
270.661
277.059
0.372242
165.979
162.842
57.7878
0.357375
274.357
277.902
376.181
462.151
461.529
169.494
96.2465
0.502979
462.056
461.759
403.572
253.686
165.509
175.43
462.296
431.294
129.413
218.818
462.402
51.0198
63.9684
0.72594
289.18
226.916
355.227
254.607
237.42
442.783
384.878
219.76
102.267
317.059
271.853
166.862
258.249
296.639
186.529
392.585
299.157
377.182
0.494557
101.551
10.1322
458.837
462.378
451.507
189.855
290.921
462.192
138.367
462.206
387.471
452.876
395.61
90.8384
0.380042
0.310794
201.025
462.052
276.217
71.0456
336.637
0.234332
207.892
107.66
235.436
6.64673
425.537
145.539
0.386933
184.488
208.417
214.976
201.916
429.36
462.237
462.342
428.992
462.385
61.3438
158.684
6.02648
44.614
0.119824
340.482
462.141
201.221
375.505
333.56
452.382
121.955
204.688
249.276
356.787
232.685
327.532
362.43
218.65
407.312
8.70758
157.328
442.614
225.345
0.823218
337.551
401.512
118.543
220.612
0.308103
11.6813
232.336
385.959
462.38
420.881
433.848
79.6384
433.909
462.526
390.896
199.652
259.14
0.270367
170.628
0.184507
311.068
50.4151
462.31
278.261
93.7005
373.85
246.189
85.5164
462.338
462.106
380.81
283.231
229.318
462.109
462.357
281.64
323.93
257.536
458.868
280.173
443.79
3.74368
153.016
460.685
461.992
432.025
431.169
261.49
0.00562584
362.235
51.6633
267.932
295.047
131.712
0.200631
331.363
178.63
289.043
380.601
9.72039
462.096
310.131
236.886
406.146
275.258
92.3756
325.228
55.7038
430.843
398.563
174.986
462.322
101.263
462.003
437.184
156.664
348.018
462.184
286.108
166.288
157.357
116.125
154.049
300.862
-0.0162875
195.473
462.039
400.412
154.912
462.226
462.223
341.877
176.208
184.578
211.673
33.6311
241.212
257.884
1.31048
419.518
-0.29122
19.1543
424.534
77.1996
285.028
425.925
260.887
83.2111
128.146
81.9672
266.194
205.79
370.116
375.818
141.301
331.104
116.143
301.687
439.732
398.173
185.867
0.448627
262.857
376.137
462.177
462.495
64.9559
390.85
31.2594
232.298
462.233
387.927
263.505
21.9365
232.792
291.9
190.381
461.815
0.388401
174.413
140.684
-0.358675
288.824
322.147
118.349
131.009
24.5552
0.556894
98.9352
410.338
98.1969
398.81
220.273
245.049
0.205825
286.483
230.372
232.494
322.066
25.1638
271.164
352.692
385.977
31.0036
158.406
14.3476
38.367
39.4052
439.284
322.866
306.6
192.655
262.912
435.109
0.0657706
326.174
461.951
299.329
274.382
438.839
261.049
130.195
315.506
129.798
140.432
301.329
292.601
325.477
415.708
317.899
310.324
462.263
14.9798
160.897
1.6884
232.352
65.5713
176.261
97.6864
217.093
194.09
115.158
120.433
313.657
0.190414
203.81
415.958
235.075
160.703
79.7922
395.414
183.722
82.678
387.969
108.188
198.453
462.007
183.629
430.965
411.971
107.577
313.87
345.832
107.268
122.925
462.374
90.7961
-0.515521
51.967
462.323
256.028
139.118
132.907
312.911
94.1101
276.747
409.801
268.604
248.237
462.315
188.118
110.428
384.437
416.542
462.46
254.265
322.51
40.589
241.399
180.692
363.693
-0.00765938
265.083
271.707
333.199
47.8636
214.462
461.137
196.153
107.473
401.92
247.008
461.327
156.402
47.4923
73.2629
395.528
237.674
300.855
461.678
182.818
244.046
212.162
45.2365
149.683
156.039
184.067
462.344
209.443
413.322
462.36
303.927
335.5
450.315
461.731
462.145
186.727
306.307
416.56
232.452
310.423
176.367
160.589
55.1376
168.452
368.972
462.536
462.16
72.5835
80.0064
462.362
183.395
280.057
462.149
457.862
459.519
197.623
282.345
391.925
224.191
1.60235
0.334109
439.779
411.704
113.789
130.977
0.734012
207.162
94.3589
109.919
462.304
360.001
428.999
127.536
148.574
128.199
276.88
435.759
17.1886
331.211
164.919
462.398
237.924
235.184
283.739
170.049
272.634
74.9744
15.9408
0.237775
81.3189
302.059
404.934
297.72
103.37
461.958
255.376
62.4342
462.133
406.223
455.182
25.9469
55.5864
171.429
251.725
350.231
250.582
224.214
321.752
345.681
339.336
135.005
0.396998
85.3334
413.066
161.839
106.438
33.2601
126.359
93.7358
461.969
226.788
0.0371149
99.3776
461.942
341.09
201.063
30.8524
279.021
0.465887
461.827
385.839
192.057
456.268
407.815
277.245
0.371302
331.345
407.06
380.939
388.448
461.851
462.316
462.249
56.9975
315.512
246.876
303.882
341.12
268.964
461.993
287.855
210.232
98.2599
286.922
461.999
311.192
268.16
387.318
0.960304
232.56
370.766
0.61118
417.416
53.5275
232.873
309.005
161.471
318.249
0.276546
232.858
5.34071
338.614
380
269.025
196.768
461.489
81.1556
258.646
231.656
417.59
0.352491
441.579
449.939
0.917518
0.216343
329.691
131.658
300.231
84.9951
293.884
381.83
446.244
152.177
318.665
347.392
308.03
316.036
459.287
299.563
419.916
462.225
281.487
364.755
335.855
334.986
390.438
319.77
120.143
41.1821
436.121
103.263
-0.0338295
157.247
311.539
388.751
350.255
462.059
440.722
262.541
230.301
171.886
47.1425
436.833
0.954691
419.232
90.768
3.07091
358.929
15.8302
79.5777
374.055
462.339
377.886
250.794
59.2145
131.578
406.511
130.299
147.147
337.81
237.738
380.865
461.154
161.316
83.3725
462.041
156.545
330.173
462.22
368.616
0.361469
190.708
205.88
222.292
277.669
292.463
207.706
335.502
313.096
0.532929
365.682
307.151
66.972
283.915
0.469135
232.308
198.544
120.836
355.667
0.279052
338.062
340.948
381.898
394.788
424.004
16.5872
15.0218
407.363
102.743
86.2983
116.489
303.595
313.068
374.356
167.691
242.662
232.516
338.912
229.635
40.15
1.76309
187.499
266.824
232.26
136.233
248.528
37.2184
156.888
0.626324
461.938
0.35808
238.131
381.434
359.328
461.177
67.2743
462.349
88.5206
49.8827
179.458
355.801
311.467
131.681
254.751
323.64
305.865
125.087
229.1
462.213
364.397
462.156
382.785
404.955
120.154
462.479
343.915
276.653
276.244
450.33
285.446
388.491
462.1
458.488
232.82
461.989
146.62
0.787535
192.24
176.987
198.199
386.95
204.631
91.1811
47.1848
431.443
384.522
393.278
372.493
46.4192
272.87
99.4144
359.362
290.964
11.7915
457.033
462.056
0.153116
301.747
178.98
450.563
83.4037
462.453
127.317
0.445719
0.25803
138.172
27.1195
-0.0425645
368.168
342.013
400.656
444.805
366.032
136.109
147.251
20.0029
327.284
423.913
126.582
276.745
72.1424
45.2063
10.9179
422.618
393.77
462.324
462.315
329.053
461.072
198.755
0.0280342
365.342
101.154
0.253224
291.167
241.187
374.719
122.636
298.73
315.742
44.7875
252.863
462.063
150.171
438.643
85.5564
315.059
201.319
0.767091
380.031
205.273
301.119
339.826
462.083
267.3
462.062
462.202
462.41
10.707
90.6037
224.565
5.90104
201.838
0.216739
111.03
272.389
54.1877
189.182
322.813
462.262
456.486
321.077
155.27
317.67
236.172
176.902
462.33
346.233
0.251786
410.772
283.538
367.626
280.612
124.511
1.48839
153.909
190.509
159.493
90.3389
161.314
392.027
445.399
359.45
0.437103
172.578
0.510349
263.644
211.426
266.945
214.077
433.058
408.015
65.9741
56.654
220.032
462.165
326.641
461.981
110.052
0.406322
263.676
85.5235
262.176
420.427
22.34
73.4826
461.949
461.673
290.328
462.219
76.0916
0.320998
411.777
274.255
171.673
433.3
250.501
303.845
388.213
430.051
273.101
291.338
60.4367
217.018
462.089
240.201
0.410927
-0.0594692
140.603
461.494
462.237
162.788
47.0108
124.962
414.481
206.25
347.137
0.110893
237.452
163.938
92.1018
326.69
310.122
397.148
399.475
413.804
242.263
31.9443
423.988
192.491
246.084
251.107
457.812
305.255
461.439
226.817
133.7
108.206
0.584552
0.175673
456.801
278.899
47.3835
308.243
324.135
245.967
462.339
219.156
4.46054
141.162
360.918
-0.32026
9.72237
368.252
232.971
462.356
462.247
266.52
347.106
462.261
132.434
462.234
205.28
360.405
41.4323
32.553
362.921
315.359
118.233
1.15377
220.098
462.117
234.326
200.522
462.227
347.735
383.432
100.218
462.065
369.919
427.256
462.107
224.762
314.809
321.414
39.4334
302.756
0.0678896
222.65
299.527
32.4207
321.595
183.059
259.054
381.716
462.404
421.235
440.963
461.985
83.2489
314.897
125.482
117.882
356.575
303.542
278.483
293.151
354.863
12.6699
180.726
269.45
365.711
462.15
344.675
266.287
47.9556
226.42
36.0122
266.048
303.897
145.496
381.817
306.281
414.576
241.622
282.514
40.5828
324.054
409.896
118.362
303.065
447.317
146.027
162.857
458.337
330.11
212.918
113.844
0.642011
180.14
120.363
265.013
8.67902
216.613
173.126
176.959
377.089
63.8942
462.579
0.532259
461.346
0.051813
364.052
317.974
413.901
102.942
349.26
379.541
162.571
3.44845
461.912
408.091
391.946
53.1234
115.399
304.619
462.075
348.45
285.317
385.237
297.167
396.724
271.924
242.065
417.947
65.5841
385.304
394.718
238.214
148.965
462.448
461.198
0.480441
73.8007
380.849
177.066
194.772
335.844
163.04
294.516
456.158
0.0405831
76.329
222.356
317.353
136.683
330.943
1.25365
286.106
0.300286
462.135
234.371
300.728
120.281
394.699
285.678
383.359
462.338
311.796
203.961
462.213
462.099
322.682
462.046
253.056
285.275
264.106
9.53108
301.137
461.831
424.193
439.288
461.925
247.206
383.923
318.321
177.632
361.468
114.098
360.253
407.34
308.058
96.6632
70.2728
0.947787
190.409
86.1811
308.921
212.539
374.725
120.668
0.230458
196.471
135.943
0.632656
0.0551628
294.635
294.152
392.186
242.439
462.114
363.598
374.437
443.018
148.393
299.178
313.608
188.522
151.96
0.505198
5.03287
0.299019
186.442
98.5737
193.963
271.915
247.077
218.643
341.631
411.118
448.965
24.4093
209.75
248.799
82.1088
-0.157548
136.519
77.7497
218.294
105.529
255.125
265.535
153.627
269.507
194.985
0.689258
0.297927
401.556
462.451
228.806
278.67
462.293
110.398
104.781
11.3244
82.6936
410.129
155.022
461.962
384.71
389.269
71.7244
180.512
327.173
189.503
-1.28856
85.0282
462.11
229.772
175.526
182.781
462.258
375.798
250.774
213.419
462.329
0.0140305
222.386
96.3987
220.77
341.998
299.912
66.4159
369.039
241.417
462.021
462.202
178.046
311
107.047
335.137
442.886
33.359
303.762
291.639
122.511
358.075
430.026
302.477
417.551
276.848
187.183
243.492
300.779
457.103
213.87
0.0650514
73.2963
290.184
14.9983
60.4807
19.9202
461.734
197.697
308.047
131.683
165.313
462.282
462.281
216.575
339.198
437.859
104.223
309.371
162.435
245.801
462.037
462.268
89.1828
324.651
462.076
461.949
449.943
394.807
0.377733
282.242
347.877
0.237671
263.359
305.818
257.202
239.285
291.524
403.08
462.227
229.346
168.496
411.774
268.701
78.5058
189.877
175.474
462.197
401.783
398.621
388.84
268.561
462.035
330.081
79.321
461.774
446.027
439.742
382.207
0.106833
94.4324
461.857
62.4622
243.173
462.557
53.5755
462.057
290.037
462.528
430.802
33.1888
462.548
377.637
94.0164
373.962
120.36
435.602
56.0263
461.972
399.798
306.766
0.946484
398.051
341.242
167.189
340.557
232.87
157.315
462.337
462.029
367.836
273.027
410.679
183.594
290.516
0.0260962
107.668
462.104
462.111
410.553
347.844
215.95
13.7223
265.834
142.51
184.389
340.562
357.155
306.507
411.665
180.712
304.499
462.297
462.515
415.827
112.36
462.139
151.205
150.609
201.051
456.225
273.96
457.253
416.003
202.251
351.94
214.377
89.0589
0.114959
150.172
462.317
462.053
312.897
232.636
462.07
442.334
45.773
221.326
86.9613
410.392
432.397
110.582
388.867
270.583
444.219
19.0851
131.43
430.644
249.041
352.208
313.111
318.858
411.593
23.556
179.998
209.728
191.703
23.8159
450.717
0.578552
402.664
254.259
276.728
16.0378
96.6947
60.4695
169.758
217.957
0.380614
52.5836
204.412
392.862
263.206
230.44
69.1654
462.264
389.82
246.52
360.913
196.685
462.404
428.25
303.487
461.858
23.5333
339.288
213.866
250.938
378.269
395.798
461.69
297.612
159.512
107.14
375.519
198.663
262.001
187.354
0.472169
462.126
52.4213
232.554
462.268
462.058
0.0996525
462.491
235.054
295.344
61.8074
332.664
0.829902
252.438
306.431
355.924
207.011
0.326503
178.929
29.3588
287.836
462.176
462.247
124.54
296.056
439.448
93.3929
453.483
461.731
96.4379
307.721
44.7196
267.884
29.2155
70.2418
462.254
-0.0431337
239.898
349.819
232.787
422.98
95.7542
238.117
238.827
284.684
95.3621
461.671
311.147
445.151
0.522717
102.731
337.381
292.653
242.383
235.84
280.151
265.299
462.257
87.64
462.45
319.911
143.219
300.216
289.92
462.352
188.385
297.389
404.684
172.008
59.7303
-0.0205314
99.0326
275.846
10.4153
360.85
459.949
152.78
304.576
423.824
326.175
450.255
134.572
1.76413
460.635
380.017
308.026
355.17
458.712
100.187
291.056
4.92816
461.703
330.833
267.228
12.3045
0.401718
301.115
397.799
0.502734
144.368
365.29
73.7246
316.962
462.219
419.993
0.101386
252.574
0.282339
200.052
188.553
154.771
305.667
336.581
381.824
28.6382
425.619
11.9614
455.984
185.593
219.993
367.244
167.955
335.646
62.978
307.857
64.1183
411.883
257.462
195.269
4.04452
255.113
303.616
462.032
462.127
239.855
277.956
174.975
255.782
321.984
244.215
359.053
8.63165
110.9
131.813
280.051
109.048
1.24262
216.554
349.463
361.645
296.516
118.035
462.266
63.6177
398.419
374.421
220.397
219.874
126.396
329.423
389.987
314.606
384.07
409.784
462.153
262.339
461.92
299.562
462.094
180.022
212.24
103.341
141.644
362.339
41.0535
39.0717
412.019
28.3496
79.3389
411.207
276.358
53.606
146.227
308.373
213.371
300.538
3.37371
462.289
312.614
0.128075
462.064
211.075
67.8903
417.538
268.31
180.913
107.73
263.231
68.7458
180.029
462.045
434.947
0.474327
0.80107
361.396
15.7487
-0.0545118
462.473
100.997
220.392
206.59
139.264
448.854
340.2
462.519
152.721
462.136
462.498
139.95
4.48216
462.208
125.047
373.21
462.229
385.631
214.823
0.435496
178.05
226.267
323.424
118.465
345.244
24.6066
128.426
394.121
0.463861
279.189
0.8448
462.263
462.578
444.316
102.713
462.201
41.4674
0.465395
161.77
0.0426058
32.6172
159.011
461.834
462.471
462.401
57.4406
216.301
371.159
0.0794815
121.585
94.8826
0.26418
276.397
410.28
0.254245
302.718
161.691
0.383191
430.715
162.863
59.6031
94.8449
33.8069
456.287
371.969
290.359
292.062
127.032
186.74
-0.034151
456.448
399.142
53.6892
462.331
217.474
386.344
286.998
334.155
63.3228
59.3689
117.781
271.008
419.653
406.438
-0.010563
264.297
462.186
304.526
332.5
234.638
242.869
258.326
143.307
250.046
312.662
415.061
191.698
241.361
195.518
462.452
50.2693
462.065
325.477
393.853
110.615
203.702
-2.15805
302.311
397.284
462.164
346.553
402.745
436.568
382.189
154.391
336.928
399.882
179.811
236.86
462.124
93.4131
422.002
261.459
19.2772
132.439
233.233
0.449649
462.052
279.506
182.247
279.446
0.405154
323.067
297.241
66.3254
21.7469
391.169
358.613
386.775
462.098
114.007
56.8342
263.848
348.666
320.175
105.419
351.649
36.6153
68.8534
446.369
156.083
344.806
383.511
460.994
462.414
462.263
232.543
323.923
186.793
155.956
209.95
462.496
0.0438067
30.0646
0.466065
457.913
3.50781
79.3595
379.874
462.161
78.9947
269.925
426.673
262.552
129.949
130.168
185.369
461.583
342.933
126.405
140.621
405.478
0.472673
111.471
462.45
185.703
0.403759
127.039
197.062
367.057
461.302
386.879
426.189
142.299
240.161
47.1704
155.179
318.137
287.333
179.688
358.844
391.476
48.8497
454.782
360.82
229.813
64.2259
244.766
462.251
0.630737
110.544
30.7097
133.202
462.411
453.603
462.067
311.057
358.259
294.365
454.326
453.494
38.017
229.465
105.859
462.425
271.702
83.6101
300.389
10.0777
404.998
41.1004
328.774
448.243
462.369
348.288
342.378
153.149
0.293703
462.062
263.614
428.603
168.019
0.0411904
337.214
268.324
168.581
259.417
209.549
324.616
263.898
153.122
282.075
15.4237
461.977
126.777
187.798
0.246554
462.026
427.107
462.429
0.0339434
462.264
302.502
266.204
207.886
215.411
116.576
352.119
282.385
55.2109
388.869
462.175
280.283
377.526
341.392
375.727
87.3751
224.369
439.205
145.568
0.0822129
219.977
412.093
383.672
285.154
2.02306
143.204
0.718448
121.014
0.0762614
404.02
339.698
461.826
57.4215
271.083
406.953
256.585
462.133
188.7
227.346
88.3112
251.571
0.200813
22.9774
455.13
333.063
349.984
149.281
462.407
461.829
0.777931
257.58
357.258
17.6009
462.424
177.239
346.258
415.238
319.848
462.379
278.594
327.171
462.186
429.69
225.811
223.788
265.644
241.889
284.612
31.0249
318.266
283.658
272.644
108.892
314.01
462.179
289.514
452.09
256.476
368.234
247.586
242.993
22.4004
282.327
315.735
461.847
327.643
354.34
360.132
444.128
462.081
126.271
143.507
233.674
89.1732
248.597
462.117
396.738
27.1375
346.461
460.255
461.54
284.875
462.03
-0.113974
106.864
364.921
43.4241
349.2
151.691
158.625
423.721
461.783
412.375
334.745
375.251
121.239
337.902
144.246
462.177
71.9316
360.192
354.843
418.713
459.629
112.092
223.363
439.743
377.412
312.832
276.779
237.406
407.112
163.544
209.656
148.543
103.394
462.065
118.494
446.74
248.256
370.344
120.363
221.633
341.401
192.593
182.364
431.506
184.418
420.907
260.492
160.874
315.628
125.361
272.632
302.011
131.481
363.864
0.186443
320.991
0.849567
277.693
243.374
115.26
221.305
351.656
166.87
61.4
430.368
245.015
431.662
313.092
0.435903
142.588
203.053
117.821
462.039
450.925
380.524
9.19893
53.6864
45.0911
462.148
305.786
434.357
