============================================================
CONFIG SUMMARY
============================================================
SRC_DIR         : /Volumes/ssd_zhang/thesis_michel/server_processing/t0_rootFiles/beam28777_new202602/wvf_merged_applyCut_thre3
DST_DIR         : /Volumes/ssd_zhang/thesis_michel/server_processing/t0_rootFiles/beam28777_new202602/wvf_applyCut_removeBeam
Cut window [A,B]: [-0.12, -0.03]
SEARCH_WINDOW   : 4
DRY_RUN         : False
LOG_FILES:
  - /Volumes/ssd_zhang/thesis_michel/server_processing/statScript_local/event_wvf_extract/beam28777/print.log
============================================================

[INFO] Building Pandora_T0 index from logs...
[INFO] Reading /Volumes/ssd_zhang/thesis_michel/server_processing/statScript_local/event_wvf_extract/beam28777/print.log
[INFO] Indexed candidates: 5665

[INFO] Found ROOT files: 5010

[COPY] event=10006, trackID=2, T0=-0.685076 -> /Volumes/ssd_zhang/thesis_michel/server_processing/t0_rootFiles/beam28777_new202602/wvf_applyCut_removeBeam/wvfFind_event10006_trackID2_opNum4.root
[COPY] event=10041, trackID=22, T0=-1.43259 -> /Volumes/ssd_zhang/thesis_michel/server_processing/t0_rootFiles/beam28777_new202602/wvf_applyCut_removeBeam/wvfFind_event10041_trackID22_opNum6.root
[COPY] event=10044, trackID=12, T0=0.297244 -> /Volumes/ssd_zhang/thesis_michel/server_processing/t0_rootFiles/beam28777_new202602/wvf_applyCut_removeBeam/wvfFind_event10044_trackID12_opNum3.root
[COPY] event=10044, trackID=12, T0=0.297244 -> /Volumes/ssd_zhang/thesis_michel/server_processing/t0_rootFiles/beam28777_new202602/wvf_applyCut_removeBeam/wvfFind_event10044_trackID12_opNum3_2.root
[COPY] event=10064, trackID=4, T0=-1.24946 -> /Volumes/ssd_zhang/thesis_michel/server_processing/t0_rootFiles/beam28777_new202602/wvf_applyCut_removeBeam/wvfFind_event10064_trackID4_opNum4.root
[COPY] event=1008, trackID=3, T0=-1.22484 -> /Volumes/ssd_zhang/thesis_michel/server_processing/t0_rootFiles/beam28777_new202602/wvf_applyCut_removeBeam/wvfFind_event1008_trackID3_opNum5.root
[COPY] event=1008, trackID=3, T0=-1.22484 -> /Volumes/ssd_zhang/thesis_michel/server_processing/t0_rootFiles/beam28777_new202602/wvf_applyCut_removeBeam/wvfFind_event1008_trackID3_opNum5_2.root
[COPY] event=10112, trackID=11, T0=-2.31715 -> /Volumes/ssd_zhang/thesis_michel/server_processing/t0_rootFiles/beam28777_new202602/wvf_applyCut_removeBeam/wvfFind_event10112_trackID11_opNum3.root
[COPY] event=10112, trackID=11, T0=-2.31715 -> /Volumes/ssd_zhang/thesis_michel/server_processing/t0_rootFiles/beam28777_new202602/wvf_applyCut_removeBeam/wvfFind_event10112_trackID11_opNum3_2.root
[COPY] event=10121, trackID=0, T0=-0.127119 -> /Volumes/ssd_zhang/thesis_michel/server_processing/t0_rootFiles/beam28777_new202602/wvf_applyCut_removeBeam/wvfFind_event10121_trackID0_opNum5.root
[COPY] event=10130, trackID=1, T0=-0.645208 -> /Volumes/ssd_zhang/thesis_michel/server_processing/t0_rootFiles/beam28777_new202602/wvf_applyCut_removeBeam/wvfFind_event10130_trackID1_opNum4.root
[COPY] event=10135, trackID=0, T0=-0.0205709 -> /Volumes/ssd_zhang/thesis_michel/server_processing/t0_rootFiles/beam28777_new202602/wvf_applyCut_removeBeam/wvfFind_event10135_trackID0_opNum9.root
[COPY] event=10171, trackID=15, T0=-1.86954 -> /Volumes/ssd_zhang/thesis_michel/server_processing/t0_rootFiles/beam28777_new202602/wvf_applyCut_removeBeam/wvfFind_event10171_trackID15_opNum3.root
[COPY] event=10171, trackID=15, T0=-1.86954 -> /Volumes/ssd_zhang/thesis_michel/server_processing/t0_rootFiles/beam28777_new202602/wvf_applyCut_removeBeam/wvfFind_event10171_trackID15_opNum3_2.root
[COPY] event=10175, trackID=18, T0=0.360731 -> /Volumes/ssd_zhang/thesis_michel/server_processing/t0_rootFiles/beam28777_new202602/wvf_applyCut_removeBeam/wvfFind_event10175_trackID18_opNum4.root
[COPY] event=10176, trackID=17, T0=-2.01922 -> /Volumes/ssd_zhang/thesis_michel/server_processing/t0_rootFiles/beam28777_new202602/wvf_applyCut_removeBeam/wvfFind_event10176_trackID17_opNum4.root
[COPY] event=10227, trackID=6, T0=0.0135127 -> /Volumes/ssd_zhang/thesis_michel/server_processing/t0_rootFiles/beam28777_new202602/wvf_applyCut_removeBeam/wvfFind_event10227_trackID6_opNum5_merged.root
[COPY] event=10235, trackID=14, T0=-0.337742 -> /Volumes/ssd_zhang/thesis_michel/server_processing/t0_rootFiles/beam28777_new202602/wvf_applyCut_removeBeam/wvfFind_event10235_trackID14_opNum5_merged.root
[COPY] event=10239, trackID=11, T0=0.465984 -> /Volumes/ssd_zhang/thesis_michel/server_processing/t0_rootFiles/beam28777_new202602/wvf_applyCut_removeBeam/wvfFind_event10239_trackID11_opNum7.root
[COPY] event=10242, trackID=1, T0=-0.526095 -> /Volumes/ssd_zhang/thesis_michel/server_processing/t0_rootFiles/beam28777_new202602/wvf_applyCut_removeBeam/wvfFind_event10242_trackID1_opNum4.root
[COPY] event=10242, trackID=7, T0=-0.210559 -> /Volumes/ssd_zhang/thesis_michel/server_processing/t0_rootFiles/beam28777_new202602/wvf_applyCut_removeBeam/wvfFind_event10242_trackID7_opNum3.root
[COPY] event=10242, trackID=7, T0=-0.210559 -> /Volumes/ssd_zhang/thesis_michel/server_processing/t0_rootFiles/beam28777_new202602/wvf_applyCut_removeBeam/wvfFind_event10242_trackID7_opNum3_2.root
[COPY] event=1027, trackID=5, T0=-0.662695 -> /Volumes/ssd_zhang/thesis_michel/server_processing/t0_rootFiles/beam28777_new202602/wvf_applyCut_removeBeam/wvfFind_event1027_trackID5_opNum3.root
[COPY] event=10282, trackID=6, T0=-1.70833 -> /Volumes/ssd_zhang/thesis_michel/server_processing/t0_rootFiles/beam28777_new202602/wvf_applyCut_removeBeam/wvfFind_event10282_trackID6_opNum5.root
[COPY] event=10282, trackID=6, T0=-1.70833 -> /Volumes/ssd_zhang/thesis_michel/server_processing/t0_rootFiles/beam28777_new202602/wvf_applyCut_removeBeam/wvfFind_event10282_trackID6_opNum5_2.root
[SKIP] (in range) event=10289, trackID=2, T0=-0.0439041
[COPY] event=10330, trackID=2, T0=-0.694748 -> /Volumes/ssd_zhang/thesis_michel/server_processing/t0_rootFiles/beam28777_new202602/wvf_applyCut_removeBeam/wvfFind_event10330_trackID2_opNum8.root
[COPY] event=10344, trackID=16, T0=-0.614571 -> /Volumes/ssd_zhang/thesis_michel/server_processing/t0_rootFiles/beam28777_new202602/wvf_applyCut_removeBeam/wvfFind_event10344_trackID16_opNum8.root
[COPY] event=10351, trackID=14, T0=-1.3242 -> /Volumes/ssd_zhang/thesis_michel/server_processing/t0_rootFiles/beam28777_new202602/wvf_applyCut_removeBeam/wvfFind_event10351_trackID14_opNum3_merged.root
[COPY] event=10351, trackID=3, T0=-0.991953 -> /Volumes/ssd_zhang/thesis_michel/server_processing/t0_rootFiles/beam28777_new202602/wvf_applyCut_removeBeam/wvfFind_event10351_trackID3_opNum5.root
[COPY] event=10372, trackID=4, T0=-0.919928 -> /Volumes/ssd_zhang/thesis_michel/server_processing/t0_rootFiles/beam28777_new202602/wvf_applyCut_removeBeam/wvfFind_event10372_trackID4_opNum5_merged.root
[COPY] event=10373, trackID=10, T0=-1.46967 -> /Volumes/ssd_zhang/thesis_michel/server_processing/t0_rootFiles/beam28777_new202602/wvf_applyCut_removeBeam/wvfFind_event10373_trackID10_opNum9.root
[COPY] event=10373, trackID=10, T0=-1.46967 -> /Volumes/ssd_zhang/thesis_michel/server_processing/t0_rootFiles/beam28777_new202602/wvf_applyCut_removeBeam/wvfFind_event10373_trackID10_opNum9_2.root
[COPY] event=10373, trackID=10, T0=-1.46967 -> /Volumes/ssd_zhang/thesis_michel/server_processing/t0_rootFiles/beam28777_new202602/wvf_applyCut_removeBeam/wvfFind_event10373_trackID10_opNum9_3.root
[COPY] event=10388, trackID=18, T0=-2.1419 -> /Volumes/ssd_zhang/thesis_michel/server_processing/t0_rootFiles/beam28777_new202602/wvf_applyCut_removeBeam/wvfFind_event10388_trackID18_opNum7.root
[COPY] event=10388, trackID=9, T0=-0.000269645 -> /Volumes/ssd_zhang/thesis_michel/server_processing/t0_rootFiles/beam28777_new202602/wvf_applyCut_removeBeam/wvfFind_event10388_trackID9_opNum8.root
[COPY] event=10390, trackID=20, T0=-1.77881 -> /Volumes/ssd_zhang/thesis_michel/server_processing/t0_rootFiles/beam28777_new202602/wvf_applyCut_removeBeam/wvfFind_event10390_trackID20_opNum6.root
[COPY] event=10393, trackID=8, T0=0.122232 -> /Volumes/ssd_zhang/thesis_michel/server_processing/t0_rootFiles/beam28777_new202602/wvf_applyCut_removeBeam/wvfFind_event10393_trackID8_opNum3_2.root
[COPY] event=10393, trackID=8, T0=0.122232 -> /Volumes/ssd_zhang/thesis_michel/server_processing/t0_rootFiles/beam28777_new202602/wvf_applyCut_removeBeam/wvfFind_event10393_trackID8_opNum4_merged.root
[COPY] event=103, trackID=8, T0=-2.01251 -> /Volumes/ssd_zhang/thesis_michel/server_processing/t0_rootFiles/beam28777_new202602/wvf_applyCut_removeBeam/wvfFind_event103_trackID8_opNum3.root
[COPY] event=1041, trackID=14, T0=-1.0709 -> /Volumes/ssd_zhang/thesis_michel/server_processing/t0_rootFiles/beam28777_new202602/wvf_applyCut_removeBeam/wvfFind_event1041_trackID14_opNum7_merged.root
[COPY] event=10437, trackID=0, T0=-0.422665 -> /Volumes/ssd_zhang/thesis_michel/server_processing/t0_rootFiles/beam28777_new202602/wvf_applyCut_removeBeam/wvfFind_event10437_trackID0_opNum5.root
[COPY] event=10450, trackID=18, T0=-2.2905 -> /Volumes/ssd_zhang/thesis_michel/server_processing/t0_rootFiles/beam28777_new202602/wvf_applyCut_removeBeam/wvfFind_event10450_trackID18_opNum9.root
[COPY] event=10450, trackID=18, T0=-2.2905 -> /Volumes/ssd_zhang/thesis_michel/server_processing/t0_rootFiles/beam28777_new202602/wvf_applyCut_removeBeam/wvfFind_event10450_trackID18_opNum9_2.root
[COPY] event=10451, trackID=13, T0=0.239448 -> /Volumes/ssd_zhang/thesis_michel/server_processing/t0_rootFiles/beam28777_new202602/wvf_applyCut_removeBeam/wvfFind_event10451_trackID13_opNum9_merged.root
[SKIP] (in range) event=10454, trackID=9, T0=-0.07366
[SKIP] (in range) event=10454, trackID=9, T0=-0.07366
[COPY] event=10461, trackID=21, T0=-2.26484 -> /Volumes/ssd_zhang/thesis_michel/server_processing/t0_rootFiles/beam28777_new202602/wvf_applyCut_removeBeam/wvfFind_event10461_trackID21_opNum5_merged.root
[COPY] event=10464, trackID=2, T0=0.083768 -> /Volumes/ssd_zhang/thesis_michel/server_processing/t0_rootFiles/beam28777_new202602/wvf_applyCut_removeBeam/wvfFind_event10464_trackID2_opNum9.root
[COPY] event=10488, trackID=1, T0=-0.841125 -> /Volumes/ssd_zhang/thesis_michel/server_processing/t0_rootFiles/beam28777_new202602/wvf_applyCut_removeBeam/wvfFind_event10488_trackID1_opNum4.root
[COPY] event=104, trackID=7, T0=-1.42839 -> /Volumes/ssd_zhang/thesis_michel/server_processing/t0_rootFiles/beam28777_new202602/wvf_applyCut_removeBeam/wvfFind_event104_trackID7_opNum6.root
[COPY] event=10515, trackID=17, T0=-1.54478 -> /Volumes/ssd_zhang/thesis_michel/server_processing/t0_rootFiles/beam28777_new202602/wvf_applyCut_removeBeam/wvfFind_event10515_trackID17_opNum3.root
[COPY] event=10519, trackID=5, T0=-0.461322 -> /Volumes/ssd_zhang/thesis_michel/server_processing/t0_rootFiles/beam28777_new202602/wvf_applyCut_removeBeam/wvfFind_event10519_trackID5_opNum8.root
[COPY] event=10531, trackID=26, T0=0.200108 -> /Volumes/ssd_zhang/thesis_michel/server_processing/t0_rootFiles/beam28777_new202602/wvf_applyCut_removeBeam/wvfFind_event10531_trackID26_opNum5_merged.root
[COPY] event=10558, trackID=22, T0=-0.221663 -> /Volumes/ssd_zhang/thesis_michel/server_processing/t0_rootFiles/beam28777_new202602/wvf_applyCut_removeBeam/wvfFind_event10558_trackID22_opNum9.root
[COPY] event=10601, trackID=29, T0=-2.32811 -> /Volumes/ssd_zhang/thesis_michel/server_processing/t0_rootFiles/beam28777_new202602/wvf_applyCut_removeBeam/wvfFind_event10601_trackID29_opNum6_merged.root
[COPY] event=10609, trackID=3, T0=-0.759954 -> /Volumes/ssd_zhang/thesis_michel/server_processing/t0_rootFiles/beam28777_new202602/wvf_applyCut_removeBeam/wvfFind_event10609_trackID3_opNum4.root
[COPY] event=10610, trackID=5, T0=-1.06881 -> /Volumes/ssd_zhang/thesis_michel/server_processing/t0_rootFiles/beam28777_new202602/wvf_applyCut_removeBeam/wvfFind_event10610_trackID5_opNum5_merged.root
[COPY] event=10639, trackID=12, T0=0.245856 -> /Volumes/ssd_zhang/thesis_michel/server_processing/t0_rootFiles/beam28777_new202602/wvf_applyCut_removeBeam/wvfFind_event10639_trackID12_opNum7.root
[COPY] event=10675, trackID=5, T0=-2.05057 -> /Volumes/ssd_zhang/thesis_michel/server_processing/t0_rootFiles/beam28777_new202602/wvf_applyCut_removeBeam/wvfFind_event10675_trackID5_opNum5.root
[COPY] event=10691, trackID=7, T0=-2.11977 -> /Volumes/ssd_zhang/thesis_michel/server_processing/t0_rootFiles/beam28777_new202602/wvf_applyCut_removeBeam/wvfFind_event10691_trackID7_opNum4.root
[COPY] event=1069, trackID=6, T0=-1.52468 -> /Volumes/ssd_zhang/thesis_michel/server_processing/t0_rootFiles/beam28777_new202602/wvf_applyCut_removeBeam/wvfFind_event1069_trackID6_opNum5.root
[COPY] event=1069, trackID=6, T0=-1.52468 -> /Volumes/ssd_zhang/thesis_michel/server_processing/t0_rootFiles/beam28777_new202602/wvf_applyCut_removeBeam/wvfFind_event1069_trackID6_opNum5_2.root
[COPY] event=106, trackID=5, T0=-0.219707 -> /Volumes/ssd_zhang/thesis_michel/server_processing/t0_rootFiles/beam28777_new202602/wvf_applyCut_removeBeam/wvfFind_event106_trackID5_opNum5.root
[COPY] event=10700, trackID=4, T0=-1.35779 -> /Volumes/ssd_zhang/thesis_michel/server_processing/t0_rootFiles/beam28777_new202602/wvf_applyCut_removeBeam/wvfFind_event10700_trackID4_opNum9.root
[COPY] event=10725, trackID=6, T0=0.222012 -> /Volumes/ssd_zhang/thesis_michel/server_processing/t0_rootFiles/beam28777_new202602/wvf_applyCut_removeBeam/wvfFind_event10725_trackID6_opNum5.root
[COPY] event=1072, trackID=10, T0=-0.471946 -> /Volumes/ssd_zhang/thesis_michel/server_processing/t0_rootFiles/beam28777_new202602/wvf_applyCut_removeBeam/wvfFind_event1072_trackID10_opNum8_merged.root
[COPY] event=10732, trackID=7, T0=0.43893 -> /Volumes/ssd_zhang/thesis_michel/server_processing/t0_rootFiles/beam28777_new202602/wvf_applyCut_removeBeam/wvfFind_event10732_trackID7_opNum7.root
[COPY] event=10733, trackID=12, T0=-0.626632 -> /Volumes/ssd_zhang/thesis_michel/server_processing/t0_rootFiles/beam28777_new202602/wvf_applyCut_removeBeam/wvfFind_event10733_trackID12_opNum8.root
[COPY] event=10784, trackID=16, T0=-0.319608 -> /Volumes/ssd_zhang/thesis_michel/server_processing/t0_rootFiles/beam28777_new202602/wvf_applyCut_removeBeam/wvfFind_event10784_trackID16_opNum8.root
[COPY] event=10804, trackID=17, T0=1.6033 -> /Volumes/ssd_zhang/thesis_michel/server_processing/t0_rootFiles/beam28777_new202602/wvf_applyCut_removeBeam/wvfFind_event10804_trackID17_opNum4.root
[COPY] event=10804, trackID=17, T0=1.6033 -> /Volumes/ssd_zhang/thesis_michel/server_processing/t0_rootFiles/beam28777_new202602/wvf_applyCut_removeBeam/wvfFind_event10804_trackID17_opNum4_2.root
[COPY] event=10806, trackID=10, T0=0.465358 -> /Volumes/ssd_zhang/thesis_michel/server_processing/t0_rootFiles/beam28777_new202602/wvf_applyCut_removeBeam/wvfFind_event10806_trackID10_opNum3.root
[COPY] event=10848, trackID=17, T0=-0.622874 -> /Volumes/ssd_zhang/thesis_michel/server_processing/t0_rootFiles/beam28777_new202602/wvf_applyCut_removeBeam/wvfFind_event10848_trackID17_opNum6.root
[COPY] event=10848, trackID=17, T0=-0.622874 -> /Volumes/ssd_zhang/thesis_michel/server_processing/t0_rootFiles/beam28777_new202602/wvf_applyCut_removeBeam/wvfFind_event10848_trackID17_opNum6_2.root
[COPY] event=10880, trackID=22, T0=-1.17043 -> /Volumes/ssd_zhang/thesis_michel/server_processing/t0_rootFiles/beam28777_new202602/wvf_applyCut_removeBeam/wvfFind_event10880_trackID22_opNum9.root
[COPY] event=10880, trackID=22, T0=-1.17043 -> /Volumes/ssd_zhang/thesis_michel/server_processing/t0_rootFiles/beam28777_new202602/wvf_applyCut_removeBeam/wvfFind_event10880_trackID22_opNum9_2.root
[COPY] event=10880, trackID=9, T0=-1.2876 -> /Volumes/ssd_zhang/thesis_michel/server_processing/t0_rootFiles/beam28777_new202602/wvf_applyCut_removeBeam/wvfFind_event10880_trackID9_opNum5.root
[COPY] event=10882, trackID=19, T0=-2.32814 -> /Volumes/ssd_zhang/thesis_michel/server_processing/t0_rootFiles/beam28777_new202602/wvf_applyCut_removeBeam/wvfFind_event10882_trackID19_opNum6.root
[COPY] event=10891, trackID=30, T0=-0.59379 -> /Volumes/ssd_zhang/thesis_michel/server_processing/t0_rootFiles/beam28777_new202602/wvf_applyCut_removeBeam/wvfFind_event10891_trackID30_opNum8.root
[COPY] event=10903, trackID=30, T0=-2.30425 -> /Volumes/ssd_zhang/thesis_michel/server_processing/t0_rootFiles/beam28777_new202602/wvf_applyCut_removeBeam/wvfFind_event10903_trackID30_opNum4_merged.root
[COPY] event=10923, trackID=5, T0=-0.829185 -> /Volumes/ssd_zhang/thesis_michel/server_processing/t0_rootFiles/beam28777_new202602/wvf_applyCut_removeBeam/wvfFind_event10923_trackID5_opNum5.root
[COPY] event=10927, trackID=2, T0=0.0751926 -> /Volumes/ssd_zhang/thesis_michel/server_processing/t0_rootFiles/beam28777_new202602/wvf_applyCut_removeBeam/wvfFind_event10927_trackID2_opNum5.root
[COPY] event=10937, trackID=6, T0=-1.10482 -> /Volumes/ssd_zhang/thesis_michel/server_processing/t0_rootFiles/beam28777_new202602/wvf_applyCut_removeBeam/wvfFind_event10937_trackID6_opNum5.root
[COPY] event=10945, trackID=0, T0=-1.151 -> /Volumes/ssd_zhang/thesis_michel/server_processing/t0_rootFiles/beam28777_new202602/wvf_applyCut_removeBeam/wvfFind_event10945_trackID0_opNum8.root
[COPY] event=10945, trackID=0, T0=-1.151 -> /Volumes/ssd_zhang/thesis_michel/server_processing/t0_rootFiles/beam28777_new202602/wvf_applyCut_removeBeam/wvfFind_event10945_trackID0_opNum8_2.root
[COPY] event=10945, trackID=13, T0=-2.1283 -> /Volumes/ssd_zhang/thesis_michel/server_processing/t0_rootFiles/beam28777_new202602/wvf_applyCut_removeBeam/wvfFind_event10945_trackID13_opNum3.root
[COPY] event=10945, trackID=13, T0=-2.1283 -> /Volumes/ssd_zhang/thesis_michel/server_processing/t0_rootFiles/beam28777_new202602/wvf_applyCut_removeBeam/wvfFind_event10945_trackID13_opNum3_2.root
[COPY] event=10989, trackID=8, T0=-0.335958 -> /Volumes/ssd_zhang/thesis_michel/server_processing/t0_rootFiles/beam28777_new202602/wvf_applyCut_removeBeam/wvfFind_event10989_trackID8_opNum3.root
[COPY] event=10996, trackID=11, T0=0.0811679 -> /Volumes/ssd_zhang/thesis_michel/server_processing/t0_rootFiles/beam28777_new202602/wvf_applyCut_removeBeam/wvfFind_event10996_trackID11_opNum9.root
[COPY] event=11009, trackID=14, T0=-0.894172 -> /Volumes/ssd_zhang/thesis_michel/server_processing/t0_rootFiles/beam28777_new202602/wvf_applyCut_removeBeam/wvfFind_event11009_trackID14_opNum7.root
[COPY] event=11012, trackID=1, T0=-0.0104542 -> /Volumes/ssd_zhang/thesis_michel/server_processing/t0_rootFiles/beam28777_new202602/wvf_applyCut_removeBeam/wvfFind_event11012_trackID1_opNum6.root
[COPY] event=11083, trackID=13, T0=-1.55451 -> /Volumes/ssd_zhang/thesis_michel/server_processing/t0_rootFiles/beam28777_new202602/wvf_applyCut_removeBeam/wvfFind_event11083_trackID13_opNum5.root
[COPY] event=11126, trackID=1, T0=-0.558723 -> /Volumes/ssd_zhang/thesis_michel/server_processing/t0_rootFiles/beam28777_new202602/wvf_applyCut_removeBeam/wvfFind_event11126_trackID1_opNum9.root
[COPY] event=11129, trackID=12, T0=-1.67782 -> /Volumes/ssd_zhang/thesis_michel/server_processing/t0_rootFiles/beam28777_new202602/wvf_applyCut_removeBeam/wvfFind_event11129_trackID12_opNum7.root
[COPY] event=11149, trackID=8, T0=-0.670494 -> /Volumes/ssd_zhang/thesis_michel/server_processing/t0_rootFiles/beam28777_new202602/wvf_applyCut_removeBeam/wvfFind_event11149_trackID8_opNum5.root
[COPY] event=11151, trackID=0, T0=0.381904 -> /Volumes/ssd_zhang/thesis_michel/server_processing/t0_rootFiles/beam28777_new202602/wvf_applyCut_removeBeam/wvfFind_event11151_trackID0_opNum6.root
[COPY] event=11151, trackID=0, T0=0.381904 -> /Volumes/ssd_zhang/thesis_michel/server_processing/t0_rootFiles/beam28777_new202602/wvf_applyCut_removeBeam/wvfFind_event11151_trackID0_opNum6_2.root
[COPY] event=11160, trackID=16, T0=-2.01473 -> /Volumes/ssd_zhang/thesis_michel/server_processing/t0_rootFiles/beam28777_new202602/wvf_applyCut_removeBeam/wvfFind_event11160_trackID16_opNum5.root
[COPY] event=11160, trackID=16, T0=-2.01473 -> /Volumes/ssd_zhang/thesis_michel/server_processing/t0_rootFiles/beam28777_new202602/wvf_applyCut_removeBeam/wvfFind_event11160_trackID16_opNum5_2.root
[COPY] event=11163, trackID=5, T0=0.172523 -> /Volumes/ssd_zhang/thesis_michel/server_processing/t0_rootFiles/beam28777_new202602/wvf_applyCut_removeBeam/wvfFind_event11163_trackID5_opNum5.root
[COPY] event=11200, trackID=11, T0=-0.223242 -> /Volumes/ssd_zhang/thesis_michel/server_processing/t0_rootFiles/beam28777_new202602/wvf_applyCut_removeBeam/wvfFind_event11200_trackID11_opNum9.root
[COPY] event=11200, trackID=11, T0=-0.223242 -> /Volumes/ssd_zhang/thesis_michel/server_processing/t0_rootFiles/beam28777_new202602/wvf_applyCut_removeBeam/wvfFind_event11200_trackID11_opNum9_2.root
[COPY] event=11213, trackID=6, T0=0.274718 -> /Volumes/ssd_zhang/thesis_michel/server_processing/t0_rootFiles/beam28777_new202602/wvf_applyCut_removeBeam/wvfFind_event11213_trackID6_opNum7.root
[COPY] event=11218, trackID=9, T0=-1.1359 -> /Volumes/ssd_zhang/thesis_michel/server_processing/t0_rootFiles/beam28777_new202602/wvf_applyCut_removeBeam/wvfFind_event11218_trackID9_opNum3.root
[COPY] event=11221, trackID=11, T0=0.034031 -> /Volumes/ssd_zhang/thesis_michel/server_processing/t0_rootFiles/beam28777_new202602/wvf_applyCut_removeBeam/wvfFind_event11221_trackID11_opNum8.root
[COPY] event=11221, trackID=9, T0=-1.42383 -> /Volumes/ssd_zhang/thesis_michel/server_processing/t0_rootFiles/beam28777_new202602/wvf_applyCut_removeBeam/wvfFind_event11221_trackID9_opNum4_merged.root
[SKIP] (in range) event=11226, trackID=11, T0=-0.0720434
[COPY] event=1127, trackID=9, T0=-0.906272 -> /Volumes/ssd_zhang/thesis_michel/server_processing/t0_rootFiles/beam28777_new202602/wvf_applyCut_removeBeam/wvfFind_event1127_trackID9_opNum8.root
[COPY] event=1129, trackID=9, T0=-0.299686 -> /Volumes/ssd_zhang/thesis_michel/server_processing/t0_rootFiles/beam28777_new202602/wvf_applyCut_removeBeam/wvfFind_event1129_trackID9_opNum9.root
[COPY] event=1129, trackID=9, T0=-0.299686 -> /Volumes/ssd_zhang/thesis_michel/server_processing/t0_rootFiles/beam28777_new202602/wvf_applyCut_removeBeam/wvfFind_event1129_trackID9_opNum9_2.root
[COPY] event=11325, trackID=8, T0=-0.63778 -> /Volumes/ssd_zhang/thesis_michel/server_processing/t0_rootFiles/beam28777_new202602/wvf_applyCut_removeBeam/wvfFind_event11325_trackID8_opNum3.root
[COPY] event=11325, trackID=8, T0=-0.63778 -> /Volumes/ssd_zhang/thesis_michel/server_processing/t0_rootFiles/beam28777_new202602/wvf_applyCut_removeBeam/wvfFind_event11325_trackID8_opNum3_2.root
[COPY] event=11325, trackID=8, T0=-0.63778 -> /Volumes/ssd_zhang/thesis_michel/server_processing/t0_rootFiles/beam28777_new202602/wvf_applyCut_removeBeam/wvfFind_event11325_trackID8_opNum3_3.root
[COPY] event=11345, trackID=17, T0=-1.94132 -> /Volumes/ssd_zhang/thesis_michel/server_processing/t0_rootFiles/beam28777_new202602/wvf_applyCut_removeBeam/wvfFind_event11345_trackID17_opNum7.root
[COPY] event=11370, trackID=7, T0=-1.45969 -> /Volumes/ssd_zhang/thesis_michel/server_processing/t0_rootFiles/beam28777_new202602/wvf_applyCut_removeBeam/wvfFind_event11370_trackID7_opNum5.root
[COPY] event=11381, trackID=18, T0=0.333653 -> /Volumes/ssd_zhang/thesis_michel/server_processing/t0_rootFiles/beam28777_new202602/wvf_applyCut_removeBeam/wvfFind_event11381_trackID18_opNum7.root
[SKIP] (in range) event=11396, trackID=17, T0=-0.0437863
[COPY] event=11415, trackID=5, T0=-0.265489 -> /Volumes/ssd_zhang/thesis_michel/server_processing/t0_rootFiles/beam28777_new202602/wvf_applyCut_removeBeam/wvfFind_event11415_trackID5_opNum9.root
[COPY] event=11415, trackID=5, T0=-0.265489 -> /Volumes/ssd_zhang/thesis_michel/server_processing/t0_rootFiles/beam28777_new202602/wvf_applyCut_removeBeam/wvfFind_event11415_trackID5_opNum9_2.root
[COPY] event=11438, trackID=37, T0=-2.41535 -> /Volumes/ssd_zhang/thesis_michel/server_processing/t0_rootFiles/beam28777_new202602/wvf_applyCut_removeBeam/wvfFind_event11438_trackID37_opNum9.root
[COPY] event=11451, trackID=14, T0=1.97013 -> /Volumes/ssd_zhang/thesis_michel/server_processing/t0_rootFiles/beam28777_new202602/wvf_applyCut_removeBeam/wvfFind_event11451_trackID14_opNum9.root
[COPY] event=1146, trackID=16, T0=0.104763 -> /Volumes/ssd_zhang/thesis_michel/server_processing/t0_rootFiles/beam28777_new202602/wvf_applyCut_removeBeam/wvfFind_event1146_trackID16_opNum7_merged.root
[COPY] event=11470, trackID=11, T0=-1.30363 -> /Volumes/ssd_zhang/thesis_michel/server_processing/t0_rootFiles/beam28777_new202602/wvf_applyCut_removeBeam/wvfFind_event11470_trackID11_opNum5.root
[COPY] event=11505, trackID=3, T0=-1.8005 -> /Volumes/ssd_zhang/thesis_michel/server_processing/t0_rootFiles/beam28777_new202602/wvf_applyCut_removeBeam/wvfFind_event11505_trackID3_opNum9.root
[COPY] event=11505, trackID=3, T0=-1.8005 -> /Volumes/ssd_zhang/thesis_michel/server_processing/t0_rootFiles/beam28777_new202602/wvf_applyCut_removeBeam/wvfFind_event11505_trackID3_opNum9_2.root
[COPY] event=11505, trackID=4, T0=-0.380254 -> /Volumes/ssd_zhang/thesis_michel/server_processing/t0_rootFiles/beam28777_new202602/wvf_applyCut_removeBeam/wvfFind_event11505_trackID4_opNum7_merged.root
[COPY] event=11506, trackID=3, T0=-0.775267 -> /Volumes/ssd_zhang/thesis_michel/server_processing/t0_rootFiles/beam28777_new202602/wvf_applyCut_removeBeam/wvfFind_event11506_trackID3_opNum9.root
[COPY] event=11553, trackID=1, T0=-1.53931 -> /Volumes/ssd_zhang/thesis_michel/server_processing/t0_rootFiles/beam28777_new202602/wvf_applyCut_removeBeam/wvfFind_event11553_trackID1_opNum9.root
[COPY] event=11571, trackID=3, T0=-1.93259 -> /Volumes/ssd_zhang/thesis_michel/server_processing/t0_rootFiles/beam28777_new202602/wvf_applyCut_removeBeam/wvfFind_event11571_trackID3_opNum4_merged.root
[COPY] event=11577, trackID=12, T0=-0.413557 -> /Volumes/ssd_zhang/thesis_michel/server_processing/t0_rootFiles/beam28777_new202602/wvf_applyCut_removeBeam/wvfFind_event11577_trackID12_opNum9.root
[COPY] event=11585, trackID=5, T0=1.34455 -> /Volumes/ssd_zhang/thesis_michel/server_processing/t0_rootFiles/beam28777_new202602/wvf_applyCut_removeBeam/wvfFind_event11585_trackID5_opNum5.root
[COPY] event=1158, trackID=19, T0=-2.17063 -> /Volumes/ssd_zhang/thesis_michel/server_processing/t0_rootFiles/beam28777_new202602/wvf_applyCut_removeBeam/wvfFind_event1158_trackID19_opNum9.root
[COPY] event=115, trackID=3, T0=0.421968 -> /Volumes/ssd_zhang/thesis_michel/server_processing/t0_rootFiles/beam28777_new202602/wvf_applyCut_removeBeam/wvfFind_event115_trackID3_opNum3.root
[COPY] event=11612, trackID=7, T0=-0.96192 -> /Volumes/ssd_zhang/thesis_michel/server_processing/t0_rootFiles/beam28777_new202602/wvf_applyCut_removeBeam/wvfFind_event11612_trackID7_opNum6.root
[COPY] event=11634, trackID=4, T0=-0.290978 -> /Volumes/ssd_zhang/thesis_michel/server_processing/t0_rootFiles/beam28777_new202602/wvf_applyCut_removeBeam/wvfFind_event11634_trackID4_opNum5.root
[COPY] event=11634, trackID=4, T0=-0.290978 -> /Volumes/ssd_zhang/thesis_michel/server_processing/t0_rootFiles/beam28777_new202602/wvf_applyCut_removeBeam/wvfFind_event11634_trackID4_opNum5_2.root
[SKIP] (in range) event=11661, trackID=26, T0=-0.0717126
[COPY] event=11702, trackID=11, T0=-1.6265 -> /Volumes/ssd_zhang/thesis_michel/server_processing/t0_rootFiles/beam28777_new202602/wvf_applyCut_removeBeam/wvfFind_event11702_trackID11_opNum9.root
[COPY] event=11709, trackID=1, T0=-0.664498 -> /Volumes/ssd_zhang/thesis_michel/server_processing/t0_rootFiles/beam28777_new202602/wvf_applyCut_removeBeam/wvfFind_event11709_trackID1_opNum4.root
[COPY] event=11717, trackID=14, T0=-2.30735 -> /Volumes/ssd_zhang/thesis_michel/server_processing/t0_rootFiles/beam28777_new202602/wvf_applyCut_removeBeam/wvfFind_event11717_trackID14_opNum4.root
[COPY] event=11726, trackID=5, T0=0.247485 -> /Volumes/ssd_zhang/thesis_michel/server_processing/t0_rootFiles/beam28777_new202602/wvf_applyCut_removeBeam/wvfFind_event11726_trackID5_opNum5.root
[COPY] event=11730, trackID=17, T0=0.200666 -> /Volumes/ssd_zhang/thesis_michel/server_processing/t0_rootFiles/beam28777_new202602/wvf_applyCut_removeBeam/wvfFind_event11730_trackID17_opNum9.root
[COPY] event=11732, trackID=15, T0=-1.85992 -> /Volumes/ssd_zhang/thesis_michel/server_processing/t0_rootFiles/beam28777_new202602/wvf_applyCut_removeBeam/wvfFind_event11732_trackID15_opNum3.root
[SKIP] (in range) event=11743, trackID=12, T0=-0.034781
[SKIP] (in range) event=11743, trackID=12, T0=-0.034781
[COPY] event=11745, trackID=6, T0=-0.176075 -> /Volumes/ssd_zhang/thesis_michel/server_processing/t0_rootFiles/beam28777_new202602/wvf_applyCut_removeBeam/wvfFind_event11745_trackID6_opNum4.root
[COPY] event=11745, trackID=6, T0=-0.176075 -> /Volumes/ssd_zhang/thesis_michel/server_processing/t0_rootFiles/beam28777_new202602/wvf_applyCut_removeBeam/wvfFind_event11745_trackID6_opNum4_2.root
[COPY] event=11758, trackID=20, T0=0.313279 -> /Volumes/ssd_zhang/thesis_michel/server_processing/t0_rootFiles/beam28777_new202602/wvf_applyCut_removeBeam/wvfFind_event11758_trackID20_opNum5_merged.root
[COPY] event=11773, trackID=2, T0=-1.57119 -> /Volumes/ssd_zhang/thesis_michel/server_processing/t0_rootFiles/beam28777_new202602/wvf_applyCut_removeBeam/wvfFind_event11773_trackID2_opNum5_merged.root
[COPY] event=11776, trackID=12, T0=-0.726179 -> /Volumes/ssd_zhang/thesis_michel/server_processing/t0_rootFiles/beam28777_new202602/wvf_applyCut_removeBeam/wvfFind_event11776_trackID12_opNum8_merged.root
[COPY] event=11791, trackID=7, T0=-0.820077 -> /Volumes/ssd_zhang/thesis_michel/server_processing/t0_rootFiles/beam28777_new202602/wvf_applyCut_removeBeam/wvfFind_event11791_trackID7_opNum9.root
[COPY] event=11805, trackID=4, T0=-0.634849 -> /Volumes/ssd_zhang/thesis_michel/server_processing/t0_rootFiles/beam28777_new202602/wvf_applyCut_removeBeam/wvfFind_event11805_trackID4_opNum6.root
[COPY] event=11809, trackID=7, T0=-0.584355 -> /Volumes/ssd_zhang/thesis_michel/server_processing/t0_rootFiles/beam28777_new202602/wvf_applyCut_removeBeam/wvfFind_event11809_trackID7_opNum9.root
[COPY] event=11812, trackID=11, T0=-2.14798 -> /Volumes/ssd_zhang/thesis_michel/server_processing/t0_rootFiles/beam28777_new202602/wvf_applyCut_removeBeam/wvfFind_event11812_trackID11_opNum3.root
[COPY] event=11821, trackID=3, T0=-2.14805 -> /Volumes/ssd_zhang/thesis_michel/server_processing/t0_rootFiles/beam28777_new202602/wvf_applyCut_removeBeam/wvfFind_event11821_trackID3_opNum9.root
[COPY] event=11826, trackID=20, T0=-0.195112 -> /Volumes/ssd_zhang/thesis_michel/server_processing/t0_rootFiles/beam28777_new202602/wvf_applyCut_removeBeam/wvfFind_event11826_trackID20_opNum6.root
[COPY] event=11839, trackID=15, T0=-0.605853 -> /Volumes/ssd_zhang/thesis_michel/server_processing/t0_rootFiles/beam28777_new202602/wvf_applyCut_removeBeam/wvfFind_event11839_trackID15_opNum7_merged.root
[COPY] event=11858, trackID=10, T0=-1.51448 -> /Volumes/ssd_zhang/thesis_michel/server_processing/t0_rootFiles/beam28777_new202602/wvf_applyCut_removeBeam/wvfFind_event11858_trackID10_opNum5.root
[COPY] event=11859, trackID=4, T0=-0.565501 -> /Volumes/ssd_zhang/thesis_michel/server_processing/t0_rootFiles/beam28777_new202602/wvf_applyCut_removeBeam/wvfFind_event11859_trackID4_opNum8_merged.root
[COPY] event=11861, trackID=6, T0=-1.6569 -> /Volumes/ssd_zhang/thesis_michel/server_processing/t0_rootFiles/beam28777_new202602/wvf_applyCut_removeBeam/wvfFind_event11861_trackID6_opNum8.root
[COPY] event=11868, trackID=4, T0=-0.316353 -> /Volumes/ssd_zhang/thesis_michel/server_processing/t0_rootFiles/beam28777_new202602/wvf_applyCut_removeBeam/wvfFind_event11868_trackID4_opNum6_merged.root
[COPY] event=1186, trackID=3, T0=0.287667 -> /Volumes/ssd_zhang/thesis_michel/server_processing/t0_rootFiles/beam28777_new202602/wvf_applyCut_removeBeam/wvfFind_event1186_trackID3_opNum5.root
[COPY] event=11870, trackID=9, T0=-0.562319 -> /Volumes/ssd_zhang/thesis_michel/server_processing/t0_rootFiles/beam28777_new202602/wvf_applyCut_removeBeam/wvfFind_event11870_trackID9_opNum3_2.root
[COPY] event=11870, trackID=9, T0=-0.562319 -> /Volumes/ssd_zhang/thesis_michel/server_processing/t0_rootFiles/beam28777_new202602/wvf_applyCut_removeBeam/wvfFind_event11870_trackID9_opNum4_merged.root
[COPY] event=11873, trackID=4, T0=-0.423287 -> /Volumes/ssd_zhang/thesis_michel/server_processing/t0_rootFiles/beam28777_new202602/wvf_applyCut_removeBeam/wvfFind_event11873_trackID4_opNum4.root
[COPY] event=11906, trackID=8, T0=2.21912 -> /Volumes/ssd_zhang/thesis_michel/server_processing/t0_rootFiles/beam28777_new202602/wvf_applyCut_removeBeam/wvfFind_event11906_trackID8_opNum9.root
[COPY] event=11910, trackID=16, T0=-1.68058 -> /Volumes/ssd_zhang/thesis_michel/server_processing/t0_rootFiles/beam28777_new202602/wvf_applyCut_removeBeam/wvfFind_event11910_trackID16_opNum5.root
[COPY] event=11973, trackID=6, T0=-1.53793 -> /Volumes/ssd_zhang/thesis_michel/server_processing/t0_rootFiles/beam28777_new202602/wvf_applyCut_removeBeam/wvfFind_event11973_trackID6_opNum4.root
[COPY] event=11973, trackID=6, T0=-1.53793 -> /Volumes/ssd_zhang/thesis_michel/server_processing/t0_rootFiles/beam28777_new202602/wvf_applyCut_removeBeam/wvfFind_event11973_trackID6_opNum4_2.root
[COPY] event=11975, trackID=3, T0=-1.46616 -> /Volumes/ssd_zhang/thesis_michel/server_processing/t0_rootFiles/beam28777_new202602/wvf_applyCut_removeBeam/wvfFind_event11975_trackID3_opNum4.root
[COPY] event=11985, trackID=2, T0=-1.89824 -> /Volumes/ssd_zhang/thesis_michel/server_processing/t0_rootFiles/beam28777_new202602/wvf_applyCut_removeBeam/wvfFind_event11985_trackID2_opNum8.root
[COPY] event=11995, trackID=4, T0=-1.13229 -> /Volumes/ssd_zhang/thesis_michel/server_processing/t0_rootFiles/beam28777_new202602/wvf_applyCut_removeBeam/wvfFind_event11995_trackID4_opNum5.root
[COPY] event=12008, trackID=4, T0=-1.13134 -> /Volumes/ssd_zhang/thesis_michel/server_processing/t0_rootFiles/beam28777_new202602/wvf_applyCut_removeBeam/wvfFind_event12008_trackID4_opNum9.root
[COPY] event=12024, trackID=8, T0=-0.284086 -> /Volumes/ssd_zhang/thesis_michel/server_processing/t0_rootFiles/beam28777_new202602/wvf_applyCut_removeBeam/wvfFind_event12024_trackID8_opNum5.root
[COPY] event=12024, trackID=8, T0=-0.284086 -> /Volumes/ssd_zhang/thesis_michel/server_processing/t0_rootFiles/beam28777_new202602/wvf_applyCut_removeBeam/wvfFind_event12024_trackID8_opNum5_2.root
[COPY] event=12027, trackID=2, T0=-0.747634 -> /Volumes/ssd_zhang/thesis_michel/server_processing/t0_rootFiles/beam28777_new202602/wvf_applyCut_removeBeam/wvfFind_event12027_trackID2_opNum4.root
[COPY] event=12028, trackID=2, T0=-0.965913 -> /Volumes/ssd_zhang/thesis_michel/server_processing/t0_rootFiles/beam28777_new202602/wvf_applyCut_removeBeam/wvfFind_event12028_trackID2_opNum4.root
[COPY] event=12031, trackID=44, T0=-1.88785 -> /Volumes/ssd_zhang/thesis_michel/server_processing/t0_rootFiles/beam28777_new202602/wvf_applyCut_removeBeam/wvfFind_event12031_trackID44_opNum6.root
[COPY] event=12031, trackID=44, T0=-1.88785 -> /Volumes/ssd_zhang/thesis_michel/server_processing/t0_rootFiles/beam28777_new202602/wvf_applyCut_removeBeam/wvfFind_event12031_trackID44_opNum6_2.root
[COPY] event=12044, trackID=4, T0=-1.07979 -> /Volumes/ssd_zhang/thesis_michel/server_processing/t0_rootFiles/beam28777_new202602/wvf_applyCut_removeBeam/wvfFind_event12044_trackID4_opNum9.root
[COPY] event=12046, trackID=3, T0=-1.27416 -> /Volumes/ssd_zhang/thesis_michel/server_processing/t0_rootFiles/beam28777_new202602/wvf_applyCut_removeBeam/wvfFind_event12046_trackID3_opNum5.root
[COPY] event=12063, trackID=7, T0=-1.27727 -> /Volumes/ssd_zhang/thesis_michel/server_processing/t0_rootFiles/beam28777_new202602/wvf_applyCut_removeBeam/wvfFind_event12063_trackID7_opNum9.root
[COPY] event=12072, trackID=5, T0=-0.601393 -> /Volumes/ssd_zhang/thesis_michel/server_processing/t0_rootFiles/beam28777_new202602/wvf_applyCut_removeBeam/wvfFind_event12072_trackID5_opNum9_merged.root
[COPY] event=12074, trackID=14, T0=0.325504 -> /Volumes/ssd_zhang/thesis_michel/server_processing/t0_rootFiles/beam28777_new202602/wvf_applyCut_removeBeam/wvfFind_event12074_trackID14_opNum9.root
[COPY] event=12078, trackID=1, T0=-1.96452 -> /Volumes/ssd_zhang/thesis_michel/server_processing/t0_rootFiles/beam28777_new202602/wvf_applyCut_removeBeam/wvfFind_event12078_trackID1_opNum9.root
[COPY] event=12087, trackID=11, T0=0.189597 -> /Volumes/ssd_zhang/thesis_michel/server_processing/t0_rootFiles/beam28777_new202602/wvf_applyCut_removeBeam/wvfFind_event12087_trackID11_opNum3.root
[COPY] event=12093, trackID=1, T0=-0.28157 -> /Volumes/ssd_zhang/thesis_michel/server_processing/t0_rootFiles/beam28777_new202602/wvf_applyCut_removeBeam/wvfFind_event12093_trackID1_opNum5.root
[COPY] event=12093, trackID=1, T0=-0.28157 -> /Volumes/ssd_zhang/thesis_michel/server_processing/t0_rootFiles/beam28777_new202602/wvf_applyCut_removeBeam/wvfFind_event12093_trackID1_opNum5_2.root
[COPY] event=12113, trackID=5, T0=-1.31713 -> /Volumes/ssd_zhang/thesis_michel/server_processing/t0_rootFiles/beam28777_new202602/wvf_applyCut_removeBeam/wvfFind_event12113_trackID5_opNum8.root
[COPY] event=12126, trackID=10, T0=1.16358 -> /Volumes/ssd_zhang/thesis_michel/server_processing/t0_rootFiles/beam28777_new202602/wvf_applyCut_removeBeam/wvfFind_event12126_trackID10_opNum9.root
[COPY] event=12145, trackID=11, T0=-1.18275 -> /Volumes/ssd_zhang/thesis_michel/server_processing/t0_rootFiles/beam28777_new202602/wvf_applyCut_removeBeam/wvfFind_event12145_trackID11_opNum7_merged.root
[SKIP] (in range) event=12179, trackID=20, T0=-0.073953
[COPY] event=12185, trackID=1, T0=-0.886418 -> /Volumes/ssd_zhang/thesis_michel/server_processing/t0_rootFiles/beam28777_new202602/wvf_applyCut_removeBeam/wvfFind_event12185_trackID1_opNum8.root
[COPY] event=121, trackID=0, T0=0.341053 -> /Volumes/ssd_zhang/thesis_michel/server_processing/t0_rootFiles/beam28777_new202602/wvf_applyCut_removeBeam/wvfFind_event121_trackID0_opNum5.root
[COPY] event=12202, trackID=6, T0=-0.566502 -> /Volumes/ssd_zhang/thesis_michel/server_processing/t0_rootFiles/beam28777_new202602/wvf_applyCut_removeBeam/wvfFind_event12202_trackID6_opNum6.root
[COPY] event=12214, trackID=2, T0=-0.361471 -> /Volumes/ssd_zhang/thesis_michel/server_processing/t0_rootFiles/beam28777_new202602/wvf_applyCut_removeBeam/wvfFind_event12214_trackID2_opNum8.root
[COPY] event=12215, trackID=14, T0=-1.49683 -> /Volumes/ssd_zhang/thesis_michel/server_processing/t0_rootFiles/beam28777_new202602/wvf_applyCut_removeBeam/wvfFind_event12215_trackID14_opNum7_merged.root
[COPY] event=12238, trackID=5, T0=-1.75924 -> /Volumes/ssd_zhang/thesis_michel/server_processing/t0_rootFiles/beam28777_new202602/wvf_applyCut_removeBeam/wvfFind_event12238_trackID5_opNum5.root
[COPY] event=12240, trackID=3, T0=-0.916398 -> /Volumes/ssd_zhang/thesis_michel/server_processing/t0_rootFiles/beam28777_new202602/wvf_applyCut_removeBeam/wvfFind_event12240_trackID3_opNum4.root
[COPY] event=12250, trackID=16, T0=-2.28618 -> /Volumes/ssd_zhang/thesis_michel/server_processing/t0_rootFiles/beam28777_new202602/wvf_applyCut_removeBeam/wvfFind_event12250_trackID16_opNum8.root
[COPY] event=12273, trackID=16, T0=-0.481817 -> /Volumes/ssd_zhang/thesis_michel/server_processing/t0_rootFiles/beam28777_new202602/wvf_applyCut_removeBeam/wvfFind_event12273_trackID16_opNum8.root
[COPY] event=12278, trackID=5, T0=0.184611 -> /Volumes/ssd_zhang/thesis_michel/server_processing/t0_rootFiles/beam28777_new202602/wvf_applyCut_removeBeam/wvfFind_event12278_trackID5_opNum9.root
[COPY] event=12279, trackID=37, T0=-2.45515 -> /Volumes/ssd_zhang/thesis_michel/server_processing/t0_rootFiles/beam28777_new202602/wvf_applyCut_removeBeam/wvfFind_event12279_trackID37_opNum5.root
[COPY] event=12279, trackID=37, T0=-2.45515 -> /Volumes/ssd_zhang/thesis_michel/server_processing/t0_rootFiles/beam28777_new202602/wvf_applyCut_removeBeam/wvfFind_event12279_trackID37_opNum5_2.root
[COPY] event=12307, trackID=4, T0=0.199489 -> /Volumes/ssd_zhang/thesis_michel/server_processing/t0_rootFiles/beam28777_new202602/wvf_applyCut_removeBeam/wvfFind_event12307_trackID4_opNum7_merged.root
[COPY] event=12341, trackID=8, T0=-0.975689 -> /Volumes/ssd_zhang/thesis_michel/server_processing/t0_rootFiles/beam28777_new202602/wvf_applyCut_removeBeam/wvfFind_event12341_trackID8_opNum3_merged.root
[COPY] event=12342, trackID=5, T0=-1.36068 -> /Volumes/ssd_zhang/thesis_michel/server_processing/t0_rootFiles/beam28777_new202602/wvf_applyCut_removeBeam/wvfFind_event12342_trackID5_opNum6.root
[COPY] event=12343, trackID=8, T0=-0.0118718 -> /Volumes/ssd_zhang/thesis_michel/server_processing/t0_rootFiles/beam28777_new202602/wvf_applyCut_removeBeam/wvfFind_event12343_trackID8_opNum9.root
[COPY] event=12347, trackID=9, T0=-1.85875 -> /Volumes/ssd_zhang/thesis_michel/server_processing/t0_rootFiles/beam28777_new202602/wvf_applyCut_removeBeam/wvfFind_event12347_trackID9_opNum3_merged.root
[COPY] event=12383, trackID=4, T0=-0.425528 -> /Volumes/ssd_zhang/thesis_michel/server_processing/t0_rootFiles/beam28777_new202602/wvf_applyCut_removeBeam/wvfFind_event12383_trackID4_opNum3.root
[COPY] event=12408, trackID=11, T0=-2.1837 -> /Volumes/ssd_zhang/thesis_michel/server_processing/t0_rootFiles/beam28777_new202602/wvf_applyCut_removeBeam/wvfFind_event12408_trackID11_opNum8.root
[COPY] event=12418, trackID=15, T0=-1.95799 -> /Volumes/ssd_zhang/thesis_michel/server_processing/t0_rootFiles/beam28777_new202602/wvf_applyCut_removeBeam/wvfFind_event12418_trackID15_opNum3.root
[COPY] event=12425, trackID=18, T0=-1.5436 -> /Volumes/ssd_zhang/thesis_michel/server_processing/t0_rootFiles/beam28777_new202602/wvf_applyCut_removeBeam/wvfFind_event12425_trackID18_opNum6_merged.root
[COPY] event=12425, trackID=21, T0=0.448352 -> /Volumes/ssd_zhang/thesis_michel/server_processing/t0_rootFiles/beam28777_new202602/wvf_applyCut_removeBeam/wvfFind_event12425_trackID21_opNum6.root
[COPY] event=12458, trackID=1, T0=-1.36307 -> /Volumes/ssd_zhang/thesis_michel/server_processing/t0_rootFiles/beam28777_new202602/wvf_applyCut_removeBeam/wvfFind_event12458_trackID1_opNum9.root
[COPY] event=12460, trackID=30, T0=-2.28629 -> /Volumes/ssd_zhang/thesis_michel/server_processing/t0_rootFiles/beam28777_new202602/wvf_applyCut_removeBeam/wvfFind_event12460_trackID30_opNum6.root
[COPY] event=12476, trackID=17, T0=-2.1149 -> /Volumes/ssd_zhang/thesis_michel/server_processing/t0_rootFiles/beam28777_new202602/wvf_applyCut_removeBeam/wvfFind_event12476_trackID17_opNum4.root
[COPY] event=12495, trackID=6, T0=-0.697454 -> /Volumes/ssd_zhang/thesis_michel/server_processing/t0_rootFiles/beam28777_new202602/wvf_applyCut_removeBeam/wvfFind_event12495_trackID6_opNum4.root
[COPY] event=12495, trackID=6, T0=-0.697454 -> /Volumes/ssd_zhang/thesis_michel/server_processing/t0_rootFiles/beam28777_new202602/wvf_applyCut_removeBeam/wvfFind_event12495_trackID6_opNum4_2.root
[COPY] event=12512, trackID=7, T0=-1.05822 -> /Volumes/ssd_zhang/thesis_michel/server_processing/t0_rootFiles/beam28777_new202602/wvf_applyCut_removeBeam/wvfFind_event12512_trackID7_opNum8_merged.root
[COPY] event=12513, trackID=5, T0=-1.01725 -> /Volumes/ssd_zhang/thesis_michel/server_processing/t0_rootFiles/beam28777_new202602/wvf_applyCut_removeBeam/wvfFind_event12513_trackID5_opNum6.root
[COPY] event=12532, trackID=0, T0=-1.79288 -> /Volumes/ssd_zhang/thesis_michel/server_processing/t0_rootFiles/beam28777_new202602/wvf_applyCut_removeBeam/wvfFind_event12532_trackID0_opNum9.root
[COPY] event=12532, trackID=12, T0=-1.60685 -> /Volumes/ssd_zhang/thesis_michel/server_processing/t0_rootFiles/beam28777_new202602/wvf_applyCut_removeBeam/wvfFind_event12532_trackID12_opNum9.root
[COPY] event=1253, trackID=6, T0=2.15403 -> /Volumes/ssd_zhang/thesis_michel/server_processing/t0_rootFiles/beam28777_new202602/wvf_applyCut_removeBeam/wvfFind_event1253_trackID6_opNum8.root
[COPY] event=12545, trackID=10, T0=-0.575952 -> /Volumes/ssd_zhang/thesis_michel/server_processing/t0_rootFiles/beam28777_new202602/wvf_applyCut_removeBeam/wvfFind_event12545_trackID10_opNum3.root
[COPY] event=12564, trackID=5, T0=-2.11969 -> /Volumes/ssd_zhang/thesis_michel/server_processing/t0_rootFiles/beam28777_new202602/wvf_applyCut_removeBeam/wvfFind_event12564_trackID5_opNum7.root
[COPY] event=12568, trackID=3, T0=-1.52353 -> /Volumes/ssd_zhang/thesis_michel/server_processing/t0_rootFiles/beam28777_new202602/wvf_applyCut_removeBeam/wvfFind_event12568_trackID3_opNum5.root
[COPY] event=12568, trackID=3, T0=-1.52353 -> /Volumes/ssd_zhang/thesis_michel/server_processing/t0_rootFiles/beam28777_new202602/wvf_applyCut_removeBeam/wvfFind_event12568_trackID3_opNum5_2.root
[COPY] event=12576, trackID=5, T0=-0.31371 -> /Volumes/ssd_zhang/thesis_michel/server_processing/t0_rootFiles/beam28777_new202602/wvf_applyCut_removeBeam/wvfFind_event12576_trackID5_opNum6_merged.root
[COPY] event=12587, trackID=11, T0=-0.424636 -> /Volumes/ssd_zhang/thesis_michel/server_processing/t0_rootFiles/beam28777_new202602/wvf_applyCut_removeBeam/wvfFind_event12587_trackID11_opNum8_merged.root
[COPY] event=12600, trackID=19, T0=-1.51674 -> /Volumes/ssd_zhang/thesis_michel/server_processing/t0_rootFiles/beam28777_new202602/wvf_applyCut_removeBeam/wvfFind_event12600_trackID19_opNum6.root
[COPY] event=12605, trackID=5, T0=-1.09704 -> /Volumes/ssd_zhang/thesis_michel/server_processing/t0_rootFiles/beam28777_new202602/wvf_applyCut_removeBeam/wvfFind_event12605_trackID5_opNum8_merged.root
[COPY] event=1260, trackID=0, T0=-0.00741987 -> /Volumes/ssd_zhang/thesis_michel/server_processing/t0_rootFiles/beam28777_new202602/wvf_applyCut_removeBeam/wvfFind_event1260_trackID0_opNum4.root
[COPY] event=1260, trackID=7, T0=-0.592553 -> /Volumes/ssd_zhang/thesis_michel/server_processing/t0_rootFiles/beam28777_new202602/wvf_applyCut_removeBeam/wvfFind_event1260_trackID7_opNum9.root
[SKIP] (in range) event=12662, trackID=25, T0=-0.0496331
[COPY] event=12666, trackID=15, T0=-1.01026 -> /Volumes/ssd_zhang/thesis_michel/server_processing/t0_rootFiles/beam28777_new202602/wvf_applyCut_removeBeam/wvfFind_event12666_trackID15_opNum3.root
[COPY] event=12671, trackID=0, T0=-0.83888 -> /Volumes/ssd_zhang/thesis_michel/server_processing/t0_rootFiles/beam28777_new202602/wvf_applyCut_removeBeam/wvfFind_event12671_trackID0_opNum9.root
[COPY] event=12692, trackID=0, T0=0.01681 -> /Volumes/ssd_zhang/thesis_michel/server_processing/t0_rootFiles/beam28777_new202602/wvf_applyCut_removeBeam/wvfFind_event12692_trackID0_opNum5.root
[COPY] event=12715, trackID=7, T0=0.287623 -> /Volumes/ssd_zhang/thesis_michel/server_processing/t0_rootFiles/beam28777_new202602/wvf_applyCut_removeBeam/wvfFind_event12715_trackID7_opNum4.root
[COPY] event=12716, trackID=3, T0=-0.540503 -> /Volumes/ssd_zhang/thesis_michel/server_processing/t0_rootFiles/beam28777_new202602/wvf_applyCut_removeBeam/wvfFind_event12716_trackID3_opNum4.root
[SKIP] (in range) event=12725, trackID=11, T0=-0.0461448
[COPY] event=12731, trackID=5, T0=-0.547817 -> /Volumes/ssd_zhang/thesis_michel/server_processing/t0_rootFiles/beam28777_new202602/wvf_applyCut_removeBeam/wvfFind_event12731_trackID5_opNum9.root
[COPY] event=12731, trackID=5, T0=-0.547817 -> /Volumes/ssd_zhang/thesis_michel/server_processing/t0_rootFiles/beam28777_new202602/wvf_applyCut_removeBeam/wvfFind_event12731_trackID5_opNum9_2.root
[COPY] event=12731, trackID=5, T0=-0.547817 -> /Volumes/ssd_zhang/thesis_michel/server_processing/t0_rootFiles/beam28777_new202602/wvf_applyCut_removeBeam/wvfFind_event12731_trackID5_opNum9_3.root
[COPY] event=12734, trackID=11, T0=-1.12225 -> /Volumes/ssd_zhang/thesis_michel/server_processing/t0_rootFiles/beam28777_new202602/wvf_applyCut_removeBeam/wvfFind_event12734_trackID11_opNum6.root
[COPY] event=1273, trackID=15, T0=-2.21893 -> /Volumes/ssd_zhang/thesis_michel/server_processing/t0_rootFiles/beam28777_new202602/wvf_applyCut_removeBeam/wvfFind_event1273_trackID15_opNum9.root
[COPY] event=12741, trackID=11, T0=-1.87002 -> /Volumes/ssd_zhang/thesis_michel/server_processing/t0_rootFiles/beam28777_new202602/wvf_applyCut_removeBeam/wvfFind_event12741_trackID11_opNum4.root
[COPY] event=12741, trackID=11, T0=-1.87002 -> /Volumes/ssd_zhang/thesis_michel/server_processing/t0_rootFiles/beam28777_new202602/wvf_applyCut_removeBeam/wvfFind_event12741_trackID11_opNum4_2.root
[COPY] event=12760, trackID=14, T0=-1.4421 -> /Volumes/ssd_zhang/thesis_michel/server_processing/t0_rootFiles/beam28777_new202602/wvf_applyCut_removeBeam/wvfFind_event12760_trackID14_opNum9.root
[COPY] event=12763, trackID=11, T0=0.364044 -> /Volumes/ssd_zhang/thesis_michel/server_processing/t0_rootFiles/beam28777_new202602/wvf_applyCut_removeBeam/wvfFind_event12763_trackID11_opNum7.root
[COPY] event=12772, trackID=8, T0=-1.54972 -> /Volumes/ssd_zhang/thesis_michel/server_processing/t0_rootFiles/beam28777_new202602/wvf_applyCut_removeBeam/wvfFind_event12772_trackID8_opNum3.root
[COPY] event=1278, trackID=7, T0=-1.14481 -> /Volumes/ssd_zhang/thesis_michel/server_processing/t0_rootFiles/beam28777_new202602/wvf_applyCut_removeBeam/wvfFind_event1278_trackID7_opNum8_merged.root
[COPY] event=12799, trackID=40, T0=-2.4062 -> /Volumes/ssd_zhang/thesis_michel/server_processing/t0_rootFiles/beam28777_new202602/wvf_applyCut_removeBeam/wvfFind_event12799_trackID40_opNum4_merged.root
[COPY] event=12804, trackID=0, T0=0.393233 -> /Volumes/ssd_zhang/thesis_michel/server_processing/t0_rootFiles/beam28777_new202602/wvf_applyCut_removeBeam/wvfFind_event12804_trackID0_opNum5.root
[COPY] event=12835, trackID=1, T0=-1.77295 -> /Volumes/ssd_zhang/thesis_michel/server_processing/t0_rootFiles/beam28777_new202602/wvf_applyCut_removeBeam/wvfFind_event12835_trackID1_opNum9.root
[COPY] event=12835, trackID=1, T0=-1.77295 -> /Volumes/ssd_zhang/thesis_michel/server_processing/t0_rootFiles/beam28777_new202602/wvf_applyCut_removeBeam/wvfFind_event12835_trackID1_opNum9_2.root
[COPY] event=12842, trackID=12, T0=1.63178 -> /Volumes/ssd_zhang/thesis_michel/server_processing/t0_rootFiles/beam28777_new202602/wvf_applyCut_removeBeam/wvfFind_event12842_trackID12_opNum9.root
[COPY] event=12875, trackID=7, T0=-1.52553 -> /Volumes/ssd_zhang/thesis_michel/server_processing/t0_rootFiles/beam28777_new202602/wvf_applyCut_removeBeam/wvfFind_event12875_trackID7_opNum8.root
[COPY] event=12879, trackID=11, T0=-2.19986 -> /Volumes/ssd_zhang/thesis_michel/server_processing/t0_rootFiles/beam28777_new202602/wvf_applyCut_removeBeam/wvfFind_event12879_trackID11_opNum7.root
[COPY] event=12889, trackID=3, T0=-0.834363 -> /Volumes/ssd_zhang/thesis_michel/server_processing/t0_rootFiles/beam28777_new202602/wvf_applyCut_removeBeam/wvfFind_event12889_trackID3_opNum8.root
[COPY] event=12910, trackID=23, T0=-0.619983 -> /Volumes/ssd_zhang/thesis_michel/server_processing/t0_rootFiles/beam28777_new202602/wvf_applyCut_removeBeam/wvfFind_event12910_trackID23_opNum9.root
[COPY] event=12914, trackID=4, T0=-1.84629 -> /Volumes/ssd_zhang/thesis_michel/server_processing/t0_rootFiles/beam28777_new202602/wvf_applyCut_removeBeam/wvfFind_event12914_trackID4_opNum9_merged.root
[COPY] event=1294, trackID=26, T0=-2.34862 -> /Volumes/ssd_zhang/thesis_michel/server_processing/t0_rootFiles/beam28777_new202602/wvf_applyCut_removeBeam/wvfFind_event1294_trackID26_opNum3.root
[COPY] event=1294, trackID=26, T0=-2.34862 -> /Volumes/ssd_zhang/thesis_michel/server_processing/t0_rootFiles/beam28777_new202602/wvf_applyCut_removeBeam/wvfFind_event1294_trackID26_opNum3_2.root
[COPY] event=12964, trackID=3, T0=-1.44252 -> /Volumes/ssd_zhang/thesis_michel/server_processing/t0_rootFiles/beam28777_new202602/wvf_applyCut_removeBeam/wvfFind_event12964_trackID3_opNum6_merged.root
[COPY] event=12982, trackID=13, T0=-0.728115 -> /Volumes/ssd_zhang/thesis_michel/server_processing/t0_rootFiles/beam28777_new202602/wvf_applyCut_removeBeam/wvfFind_event12982_trackID13_opNum5.root
[SKIP] (in range) event=12984, trackID=22, T0=-0.082968
[COPY] event=12991, trackID=6, T0=-0.381332 -> /Volumes/ssd_zhang/thesis_michel/server_processing/t0_rootFiles/beam28777_new202602/wvf_applyCut_removeBeam/wvfFind_event12991_trackID6_opNum4.root
[COPY] event=12999, trackID=7, T0=0.234942 -> /Volumes/ssd_zhang/thesis_michel/server_processing/t0_rootFiles/beam28777_new202602/wvf_applyCut_removeBeam/wvfFind_event12999_trackID7_opNum9.root
[COPY] event=13017, trackID=20, T0=-1.74222 -> /Volumes/ssd_zhang/thesis_michel/server_processing/t0_rootFiles/beam28777_new202602/wvf_applyCut_removeBeam/wvfFind_event13017_trackID20_opNum9.root
[COPY] event=13017, trackID=20, T0=-1.74222 -> /Volumes/ssd_zhang/thesis_michel/server_processing/t0_rootFiles/beam28777_new202602/wvf_applyCut_removeBeam/wvfFind_event13017_trackID20_opNum9_2.root
[COPY] event=1302, trackID=29, T0=0.353576 -> /Volumes/ssd_zhang/thesis_michel/server_processing/t0_rootFiles/beam28777_new202602/wvf_applyCut_removeBeam/wvfFind_event1302_trackID29_opNum6.root
[COPY] event=13054, trackID=7, T0=-1.52125 -> /Volumes/ssd_zhang/thesis_michel/server_processing/t0_rootFiles/beam28777_new202602/wvf_applyCut_removeBeam/wvfFind_event13054_trackID7_opNum7.root
[COPY] event=13101, trackID=9, T0=-1.4927 -> /Volumes/ssd_zhang/thesis_michel/server_processing/t0_rootFiles/beam28777_new202602/wvf_applyCut_removeBeam/wvfFind_event13101_trackID9_opNum8.root
[COPY] event=13106, trackID=19, T0=-0.885884 -> /Volumes/ssd_zhang/thesis_michel/server_processing/t0_rootFiles/beam28777_new202602/wvf_applyCut_removeBeam/wvfFind_event13106_trackID19_opNum8_merged.root
[COPY] event=13106, trackID=8, T0=-1.47514 -> /Volumes/ssd_zhang/thesis_michel/server_processing/t0_rootFiles/beam28777_new202602/wvf_applyCut_removeBeam/wvfFind_event13106_trackID8_opNum9.root
[COPY] event=13106, trackID=8, T0=-1.47514 -> /Volumes/ssd_zhang/thesis_michel/server_processing/t0_rootFiles/beam28777_new202602/wvf_applyCut_removeBeam/wvfFind_event13106_trackID8_opNum9_2.root
[COPY] event=13128, trackID=31, T0=-0.394984 -> /Volumes/ssd_zhang/thesis_michel/server_processing/t0_rootFiles/beam28777_new202602/wvf_applyCut_removeBeam/wvfFind_event13128_trackID31_opNum5.root
[COPY] event=13140, trackID=22, T0=-2.29407 -> /Volumes/ssd_zhang/thesis_michel/server_processing/t0_rootFiles/beam28777_new202602/wvf_applyCut_removeBeam/wvfFind_event13140_trackID22_opNum8_merged.root
[COPY] event=13146, trackID=2, T0=-0.328876 -> /Volumes/ssd_zhang/thesis_michel/server_processing/t0_rootFiles/beam28777_new202602/wvf_applyCut_removeBeam/wvfFind_event13146_trackID2_opNum4.root
[SKIP] (in range) event=13150, trackID=0, T0=-0.0623912
[COPY] event=13177, trackID=29, T0=2.63642 -> /Volumes/ssd_zhang/thesis_michel/server_processing/t0_rootFiles/beam28777_new202602/wvf_applyCut_removeBeam/wvfFind_event13177_trackID29_opNum7.root
[COPY] event=13183, trackID=4, T0=-1.18937 -> /Volumes/ssd_zhang/thesis_michel/server_processing/t0_rootFiles/beam28777_new202602/wvf_applyCut_removeBeam/wvfFind_event13183_trackID4_opNum8.root
[COPY] event=13183, trackID=5, T0=-0.977423 -> /Volumes/ssd_zhang/thesis_michel/server_processing/t0_rootFiles/beam28777_new202602/wvf_applyCut_removeBeam/wvfFind_event13183_trackID5_opNum5.root
[COPY] event=13189, trackID=9, T0=-1.01148 -> /Volumes/ssd_zhang/thesis_michel/server_processing/t0_rootFiles/beam28777_new202602/wvf_applyCut_removeBeam/wvfFind_event13189_trackID9_opNum9.root
[COPY] event=13199, trackID=14, T0=-2.20769 -> /Volumes/ssd_zhang/thesis_michel/server_processing/t0_rootFiles/beam28777_new202602/wvf_applyCut_removeBeam/wvfFind_event13199_trackID14_opNum4.root
[COPY] event=13199, trackID=14, T0=-2.20769 -> /Volumes/ssd_zhang/thesis_michel/server_processing/t0_rootFiles/beam28777_new202602/wvf_applyCut_removeBeam/wvfFind_event13199_trackID14_opNum4_2.root
[COPY] event=13199, trackID=5, T0=-1.0636 -> /Volumes/ssd_zhang/thesis_michel/server_processing/t0_rootFiles/beam28777_new202602/wvf_applyCut_removeBeam/wvfFind_event13199_trackID5_opNum3.root
[COPY] event=13214, trackID=12, T0=-1.30189 -> /Volumes/ssd_zhang/thesis_michel/server_processing/t0_rootFiles/beam28777_new202602/wvf_applyCut_removeBeam/wvfFind_event13214_trackID12_opNum6.root
[COPY] event=13225, trackID=7, T0=-1.6006 -> /Volumes/ssd_zhang/thesis_michel/server_processing/t0_rootFiles/beam28777_new202602/wvf_applyCut_removeBeam/wvfFind_event13225_trackID7_opNum5.root
[COPY] event=13239, trackID=3, T0=-1.79074 -> /Volumes/ssd_zhang/thesis_michel/server_processing/t0_rootFiles/beam28777_new202602/wvf_applyCut_removeBeam/wvfFind_event13239_trackID3_opNum8.root
[COPY] event=13258, trackID=10, T0=-1.55715 -> /Volumes/ssd_zhang/thesis_michel/server_processing/t0_rootFiles/beam28777_new202602/wvf_applyCut_removeBeam/wvfFind_event13258_trackID10_opNum3_merged.root
[COPY] event=13282, trackID=38, T0=-2.42322 -> /Volumes/ssd_zhang/thesis_michel/server_processing/t0_rootFiles/beam28777_new202602/wvf_applyCut_removeBeam/wvfFind_event13282_trackID38_opNum3.root
[COPY] event=13284, trackID=13, T0=-0.138995 -> /Volumes/ssd_zhang/thesis_michel/server_processing/t0_rootFiles/beam28777_new202602/wvf_applyCut_removeBeam/wvfFind_event13284_trackID13_opNum8.root
[COPY] event=13289, trackID=5, T0=-1.4446 -> /Volumes/ssd_zhang/thesis_michel/server_processing/t0_rootFiles/beam28777_new202602/wvf_applyCut_removeBeam/wvfFind_event13289_trackID5_opNum3.root
[COPY] event=13289, trackID=5, T0=-1.4446 -> /Volumes/ssd_zhang/thesis_michel/server_processing/t0_rootFiles/beam28777_new202602/wvf_applyCut_removeBeam/wvfFind_event13289_trackID5_opNum3_2.root
[COPY] event=13304, trackID=20, T0=-2.309 -> /Volumes/ssd_zhang/thesis_michel/server_processing/t0_rootFiles/beam28777_new202602/wvf_applyCut_removeBeam/wvfFind_event13304_trackID20_opNum4.root
[COPY] event=13320, trackID=8, T0=-0.63141 -> /Volumes/ssd_zhang/thesis_michel/server_processing/t0_rootFiles/beam28777_new202602/wvf_applyCut_removeBeam/wvfFind_event13320_trackID8_opNum5.root
[COPY] event=13322, trackID=8, T0=-0.971858 -> /Volumes/ssd_zhang/thesis_michel/server_processing/t0_rootFiles/beam28777_new202602/wvf_applyCut_removeBeam/wvfFind_event13322_trackID8_opNum4.root
[COPY] event=13336, trackID=20, T0=-1.08977 -> /Volumes/ssd_zhang/thesis_michel/server_processing/t0_rootFiles/beam28777_new202602/wvf_applyCut_removeBeam/wvfFind_event13336_trackID20_opNum4_merged.root
[COPY] event=13356, trackID=9, T0=-0.195833 -> /Volumes/ssd_zhang/thesis_michel/server_processing/t0_rootFiles/beam28777_new202602/wvf_applyCut_removeBeam/wvfFind_event13356_trackID9_opNum9.root
[COPY] event=13357, trackID=1, T0=-1.40187 -> /Volumes/ssd_zhang/thesis_michel/server_processing/t0_rootFiles/beam28777_new202602/wvf_applyCut_removeBeam/wvfFind_event13357_trackID1_opNum9.root
[COPY] event=13367, trackID=19, T0=0.0991146 -> /Volumes/ssd_zhang/thesis_michel/server_processing/t0_rootFiles/beam28777_new202602/wvf_applyCut_removeBeam/wvfFind_event13367_trackID19_opNum9.root
[COPY] event=13369, trackID=19, T0=-1.19336 -> /Volumes/ssd_zhang/thesis_michel/server_processing/t0_rootFiles/beam28777_new202602/wvf_applyCut_removeBeam/wvfFind_event13369_trackID19_opNum9.root
[COPY] event=13396, trackID=9, T0=1.62647 -> /Volumes/ssd_zhang/thesis_michel/server_processing/t0_rootFiles/beam28777_new202602/wvf_applyCut_removeBeam/wvfFind_event13396_trackID9_opNum5.root
[COPY] event=13406, trackID=0, T0=0.211666 -> /Volumes/ssd_zhang/thesis_michel/server_processing/t0_rootFiles/beam28777_new202602/wvf_applyCut_removeBeam/wvfFind_event13406_trackID0_opNum8.root
[COPY] event=13422, trackID=17, T0=-2.26153 -> /Volumes/ssd_zhang/thesis_michel/server_processing/t0_rootFiles/beam28777_new202602/wvf_applyCut_removeBeam/wvfFind_event13422_trackID17_opNum4.root
[COPY] event=13429, trackID=18, T0=-0.36923 -> /Volumes/ssd_zhang/thesis_michel/server_processing/t0_rootFiles/beam28777_new202602/wvf_applyCut_removeBeam/wvfFind_event13429_trackID18_opNum6.root
[COPY] event=13464, trackID=34, T0=-0.825085 -> /Volumes/ssd_zhang/thesis_michel/server_processing/t0_rootFiles/beam28777_new202602/wvf_applyCut_removeBeam/wvfFind_event13464_trackID34_opNum9.root
[COPY] event=13471, trackID=2, T0=-0.243015 -> /Volumes/ssd_zhang/thesis_michel/server_processing/t0_rootFiles/beam28777_new202602/wvf_applyCut_removeBeam/wvfFind_event13471_trackID2_opNum9.root
[COPY] event=13472, trackID=1, T0=-1.23437 -> /Volumes/ssd_zhang/thesis_michel/server_processing/t0_rootFiles/beam28777_new202602/wvf_applyCut_removeBeam/wvfFind_event13472_trackID1_opNum9.root
[COPY] event=13472, trackID=1, T0=-1.23437 -> /Volumes/ssd_zhang/thesis_michel/server_processing/t0_rootFiles/beam28777_new202602/wvf_applyCut_removeBeam/wvfFind_event13472_trackID1_opNum9_2.root
[COPY] event=13495, trackID=6, T0=-0.308621 -> /Volumes/ssd_zhang/thesis_michel/server_processing/t0_rootFiles/beam28777_new202602/wvf_applyCut_removeBeam/wvfFind_event13495_trackID6_opNum3.root
[COPY] event=13498, trackID=3, T0=0.433461 -> /Volumes/ssd_zhang/thesis_michel/server_processing/t0_rootFiles/beam28777_new202602/wvf_applyCut_removeBeam/wvfFind_event13498_trackID3_opNum8_merged.root
[COPY] event=13520, trackID=28, T0=-0.530839 -> /Volumes/ssd_zhang/thesis_michel/server_processing/t0_rootFiles/beam28777_new202602/wvf_applyCut_removeBeam/wvfFind_event13520_trackID28_opNum3_merged.root
[COPY] event=13524, trackID=6, T0=-0.88071 -> /Volumes/ssd_zhang/thesis_michel/server_processing/t0_rootFiles/beam28777_new202602/wvf_applyCut_removeBeam/wvfFind_event13524_trackID6_opNum5.root
[COPY] event=13528, trackID=11, T0=-1.31589 -> /Volumes/ssd_zhang/thesis_michel/server_processing/t0_rootFiles/beam28777_new202602/wvf_applyCut_removeBeam/wvfFind_event13528_trackID11_opNum8.root
[COPY] event=13531, trackID=1, T0=-0.514298 -> /Volumes/ssd_zhang/thesis_michel/server_processing/t0_rootFiles/beam28777_new202602/wvf_applyCut_removeBeam/wvfFind_event13531_trackID1_opNum5.root
[COPY] event=13531, trackID=1, T0=-0.514298 -> /Volumes/ssd_zhang/thesis_michel/server_processing/t0_rootFiles/beam28777_new202602/wvf_applyCut_removeBeam/wvfFind_event13531_trackID1_opNum5_2.root
[COPY] event=13534, trackID=10, T0=-1.34565 -> /Volumes/ssd_zhang/thesis_michel/server_processing/t0_rootFiles/beam28777_new202602/wvf_applyCut_removeBeam/wvfFind_event13534_trackID10_opNum5.root
[COPY] event=13536, trackID=21, T0=-1.16296 -> /Volumes/ssd_zhang/thesis_michel/server_processing/t0_rootFiles/beam28777_new202602/wvf_applyCut_removeBeam/wvfFind_event13536_trackID21_opNum4.root
[COPY] event=13548, trackID=17, T0=-1.9368 -> /Volumes/ssd_zhang/thesis_michel/server_processing/t0_rootFiles/beam28777_new202602/wvf_applyCut_removeBeam/wvfFind_event13548_trackID17_opNum6.root
[COPY] event=13548, trackID=17, T0=-1.9368 -> /Volumes/ssd_zhang/thesis_michel/server_processing/t0_rootFiles/beam28777_new202602/wvf_applyCut_removeBeam/wvfFind_event13548_trackID17_opNum6_2.root
[COPY] event=13558, trackID=6, T0=-0.597965 -> /Volumes/ssd_zhang/thesis_michel/server_processing/t0_rootFiles/beam28777_new202602/wvf_applyCut_removeBeam/wvfFind_event13558_trackID6_opNum5.root
[COPY] event=13573, trackID=6, T0=-0.136324 -> /Volumes/ssd_zhang/thesis_michel/server_processing/t0_rootFiles/beam28777_new202602/wvf_applyCut_removeBeam/wvfFind_event13573_trackID6_opNum4.root
[COPY] event=13573, trackID=6, T0=-0.136324 -> /Volumes/ssd_zhang/thesis_michel/server_processing/t0_rootFiles/beam28777_new202602/wvf_applyCut_removeBeam/wvfFind_event13573_trackID6_opNum4_2.root
[COPY] event=13574, trackID=21, T0=-2.33161 -> /Volumes/ssd_zhang/thesis_michel/server_processing/t0_rootFiles/beam28777_new202602/wvf_applyCut_removeBeam/wvfFind_event13574_trackID21_opNum6.root
[COPY] event=13574, trackID=29, T0=-2.37108 -> /Volumes/ssd_zhang/thesis_michel/server_processing/t0_rootFiles/beam28777_new202602/wvf_applyCut_removeBeam/wvfFind_event13574_trackID29_opNum8.root
[COPY] event=13579, trackID=10, T0=0.224967 -> /Volumes/ssd_zhang/thesis_michel/server_processing/t0_rootFiles/beam28777_new202602/wvf_applyCut_removeBeam/wvfFind_event13579_trackID10_opNum3_merged.root
[COPY] event=13582, trackID=18, T0=-2.20066 -> /Volumes/ssd_zhang/thesis_michel/server_processing/t0_rootFiles/beam28777_new202602/wvf_applyCut_removeBeam/wvfFind_event13582_trackID18_opNum4.root
[COPY] event=13585, trackID=17, T0=-2.02397 -> /Volumes/ssd_zhang/thesis_michel/server_processing/t0_rootFiles/beam28777_new202602/wvf_applyCut_removeBeam/wvfFind_event13585_trackID17_opNum3.root
[COPY] event=13589, trackID=0, T0=-0.825557 -> /Volumes/ssd_zhang/thesis_michel/server_processing/t0_rootFiles/beam28777_new202602/wvf_applyCut_removeBeam/wvfFind_event13589_trackID0_opNum8.root
[COPY] event=1358, trackID=15, T0=-1.40559 -> /Volumes/ssd_zhang/thesis_michel/server_processing/t0_rootFiles/beam28777_new202602/wvf_applyCut_removeBeam/wvfFind_event1358_trackID15_opNum9_merged.root
[COPY] event=1360, trackID=3, T0=-0.646641 -> /Volumes/ssd_zhang/thesis_michel/server_processing/t0_rootFiles/beam28777_new202602/wvf_applyCut_removeBeam/wvfFind_event1360_trackID3_opNum7.root
[COPY] event=1361, trackID=5, T0=-0.807649 -> /Volumes/ssd_zhang/thesis_michel/server_processing/t0_rootFiles/beam28777_new202602/wvf_applyCut_removeBeam/wvfFind_event1361_trackID5_opNum7.root
[COPY] event=13631, trackID=10, T0=-1.41506 -> /Volumes/ssd_zhang/thesis_michel/server_processing/t0_rootFiles/beam28777_new202602/wvf_applyCut_removeBeam/wvfFind_event13631_trackID10_opNum9.root
[COPY] event=1364, trackID=4, T0=-0.661111 -> /Volumes/ssd_zhang/thesis_michel/server_processing/t0_rootFiles/beam28777_new202602/wvf_applyCut_removeBeam/wvfFind_event1364_trackID4_opNum6.root
[COPY] event=1364, trackID=8, T0=-2.16425 -> /Volumes/ssd_zhang/thesis_michel/server_processing/t0_rootFiles/beam28777_new202602/wvf_applyCut_removeBeam/wvfFind_event1364_trackID8_opNum9.root
[COPY] event=13659, trackID=15, T0=-2.06805 -> /Volumes/ssd_zhang/thesis_michel/server_processing/t0_rootFiles/beam28777_new202602/wvf_applyCut_removeBeam/wvfFind_event13659_trackID15_opNum9.root
[COPY] event=13682, trackID=17, T0=-2.17938 -> /Volumes/ssd_zhang/thesis_michel/server_processing/t0_rootFiles/beam28777_new202602/wvf_applyCut_removeBeam/wvfFind_event13682_trackID17_opNum9.root
[COPY] event=13682, trackID=7, T0=-0.421858 -> /Volumes/ssd_zhang/thesis_michel/server_processing/t0_rootFiles/beam28777_new202602/wvf_applyCut_removeBeam/wvfFind_event13682_trackID7_opNum6_merged.root
[COPY] event=13687, trackID=2, T0=-0.472227 -> /Volumes/ssd_zhang/thesis_michel/server_processing/t0_rootFiles/beam28777_new202602/wvf_applyCut_removeBeam/wvfFind_event13687_trackID2_opNum9.root
[COPY] event=13709, trackID=3, T0=-0.265635 -> /Volumes/ssd_zhang/thesis_michel/server_processing/t0_rootFiles/beam28777_new202602/wvf_applyCut_removeBeam/wvfFind_event13709_trackID3_opNum9.root
[COPY] event=13716, trackID=33, T0=2.60158 -> /Volumes/ssd_zhang/thesis_michel/server_processing/t0_rootFiles/beam28777_new202602/wvf_applyCut_removeBeam/wvfFind_event13716_trackID33_opNum5.root
[COPY] event=13735, trackID=9, T0=-2.14017 -> /Volumes/ssd_zhang/thesis_michel/server_processing/t0_rootFiles/beam28777_new202602/wvf_applyCut_removeBeam/wvfFind_event13735_trackID9_opNum3.root
[COPY] event=13739, trackID=3, T0=0.19071 -> /Volumes/ssd_zhang/thesis_michel/server_processing/t0_rootFiles/beam28777_new202602/wvf_applyCut_removeBeam/wvfFind_event13739_trackID3_opNum5.root
[COPY] event=13748, trackID=7, T0=0.37921 -> /Volumes/ssd_zhang/thesis_michel/server_processing/t0_rootFiles/beam28777_new202602/wvf_applyCut_removeBeam/wvfFind_event13748_trackID7_opNum3.root
[COPY] event=13748, trackID=7, T0=0.37921 -> /Volumes/ssd_zhang/thesis_michel/server_processing/t0_rootFiles/beam28777_new202602/wvf_applyCut_removeBeam/wvfFind_event13748_trackID7_opNum3_2.root
[COPY] event=13751, trackID=6, T0=-1.49046 -> /Volumes/ssd_zhang/thesis_michel/server_processing/t0_rootFiles/beam28777_new202602/wvf_applyCut_removeBeam/wvfFind_event13751_trackID6_opNum4.root
[COPY] event=13776, trackID=5, T0=1.35107 -> /Volumes/ssd_zhang/thesis_michel/server_processing/t0_rootFiles/beam28777_new202602/wvf_applyCut_removeBeam/wvfFind_event13776_trackID5_opNum9.root
[COPY] event=13776, trackID=5, T0=1.35107 -> /Volumes/ssd_zhang/thesis_michel/server_processing/t0_rootFiles/beam28777_new202602/wvf_applyCut_removeBeam/wvfFind_event13776_trackID5_opNum9_2.root
[COPY] event=137, trackID=4, T0=0.341056 -> /Volumes/ssd_zhang/thesis_michel/server_processing/t0_rootFiles/beam28777_new202602/wvf_applyCut_removeBeam/wvfFind_event137_trackID4_opNum8.root
[COPY] event=13803, trackID=0, T0=-0.383545 -> /Volumes/ssd_zhang/thesis_michel/server_processing/t0_rootFiles/beam28777_new202602/wvf_applyCut_removeBeam/wvfFind_event13803_trackID0_opNum5.root
[COPY] event=13803, trackID=0, T0=-0.383545 -> /Volumes/ssd_zhang/thesis_michel/server_processing/t0_rootFiles/beam28777_new202602/wvf_applyCut_removeBeam/wvfFind_event13803_trackID0_opNum5_2.root
[COPY] event=13814, trackID=23, T0=-0.687936 -> /Volumes/ssd_zhang/thesis_michel/server_processing/t0_rootFiles/beam28777_new202602/wvf_applyCut_removeBeam/wvfFind_event13814_trackID23_opNum9.root
[COPY] event=13838, trackID=13, T0=-2.18027 -> /Volumes/ssd_zhang/thesis_michel/server_processing/t0_rootFiles/beam28777_new202602/wvf_applyCut_removeBeam/wvfFind_event13838_trackID13_opNum6.root
[COPY] event=13838, trackID=13, T0=-2.18027 -> /Volumes/ssd_zhang/thesis_michel/server_processing/t0_rootFiles/beam28777_new202602/wvf_applyCut_removeBeam/wvfFind_event13838_trackID13_opNum6_2.root
[COPY] event=1383, trackID=7, T0=-1.80289 -> /Volumes/ssd_zhang/thesis_michel/server_processing/t0_rootFiles/beam28777_new202602/wvf_applyCut_removeBeam/wvfFind_event1383_trackID7_opNum9.root
[COPY] event=13871, trackID=10, T0=-2.33064 -> /Volumes/ssd_zhang/thesis_michel/server_processing/t0_rootFiles/beam28777_new202602/wvf_applyCut_removeBeam/wvfFind_event13871_trackID10_opNum3_merged.root
[COPY] event=13888, trackID=25, T0=-1.66056 -> /Volumes/ssd_zhang/thesis_michel/server_processing/t0_rootFiles/beam28777_new202602/wvf_applyCut_removeBeam/wvfFind_event13888_trackID25_opNum5.root
[COPY] event=13901, trackID=16, T0=-1.93839 -> /Volumes/ssd_zhang/thesis_michel/server_processing/t0_rootFiles/beam28777_new202602/wvf_applyCut_removeBeam/wvfFind_event13901_trackID16_opNum6.root
[COPY] event=13921, trackID=6, T0=-0.80359 -> /Volumes/ssd_zhang/thesis_michel/server_processing/t0_rootFiles/beam28777_new202602/wvf_applyCut_removeBeam/wvfFind_event13921_trackID6_opNum8.root
[COPY] event=13927, trackID=3, T0=-1.0629 -> /Volumes/ssd_zhang/thesis_michel/server_processing/t0_rootFiles/beam28777_new202602/wvf_applyCut_removeBeam/wvfFind_event13927_trackID3_opNum5.root
[COPY] event=13927, trackID=3, T0=-1.0629 -> /Volumes/ssd_zhang/thesis_michel/server_processing/t0_rootFiles/beam28777_new202602/wvf_applyCut_removeBeam/wvfFind_event13927_trackID3_opNum5_2.root
[COPY] event=13936, trackID=3, T0=-0.9741 -> /Volumes/ssd_zhang/thesis_michel/server_processing/t0_rootFiles/beam28777_new202602/wvf_applyCut_removeBeam/wvfFind_event13936_trackID3_opNum8.root
[COPY] event=13959, trackID=28, T0=-1.37144 -> /Volumes/ssd_zhang/thesis_michel/server_processing/t0_rootFiles/beam28777_new202602/wvf_applyCut_removeBeam/wvfFind_event13959_trackID28_opNum6_merged.root
[COPY] event=13962, trackID=27, T0=-2.30197 -> /Volumes/ssd_zhang/thesis_michel/server_processing/t0_rootFiles/beam28777_new202602/wvf_applyCut_removeBeam/wvfFind_event13962_trackID27_opNum8.root
[COPY] event=13969, trackID=4, T0=-0.996393 -> /Volumes/ssd_zhang/thesis_michel/server_processing/t0_rootFiles/beam28777_new202602/wvf_applyCut_removeBeam/wvfFind_event13969_trackID4_opNum5.root
[COPY] event=13972, trackID=6, T0=-1.34031 -> /Volumes/ssd_zhang/thesis_michel/server_processing/t0_rootFiles/beam28777_new202602/wvf_applyCut_removeBeam/wvfFind_event13972_trackID6_opNum7.root
[COPY] event=13973, trackID=2, T0=0.253458 -> /Volumes/ssd_zhang/thesis_michel/server_processing/t0_rootFiles/beam28777_new202602/wvf_applyCut_removeBeam/wvfFind_event13973_trackID2_opNum5_merged.root
[COPY] event=13982, trackID=2, T0=-0.505708 -> /Volumes/ssd_zhang/thesis_michel/server_processing/t0_rootFiles/beam28777_new202602/wvf_applyCut_removeBeam/wvfFind_event13982_trackID2_opNum4.root
[SKIP] (in range) event=139, trackID=8, T0=-0.115981
[COPY] event=14002, trackID=5, T0=-1.92123 -> /Volumes/ssd_zhang/thesis_michel/server_processing/t0_rootFiles/beam28777_new202602/wvf_applyCut_removeBeam/wvfFind_event14002_trackID5_opNum6.root
[COPY] event=14002, trackID=5, T0=-1.92123 -> /Volumes/ssd_zhang/thesis_michel/server_processing/t0_rootFiles/beam28777_new202602/wvf_applyCut_removeBeam/wvfFind_event14002_trackID5_opNum6_2.root
[COPY] event=14009, trackID=1, T0=0.0690662 -> /Volumes/ssd_zhang/thesis_michel/server_processing/t0_rootFiles/beam28777_new202602/wvf_applyCut_removeBeam/wvfFind_event14009_trackID1_opNum5.root
[COPY] event=14014, trackID=7, T0=0.442878 -> /Volumes/ssd_zhang/thesis_michel/server_processing/t0_rootFiles/beam28777_new202602/wvf_applyCut_removeBeam/wvfFind_event14014_trackID7_opNum6_merged.root
[COPY] event=14021, trackID=12, T0=-0.634349 -> /Volumes/ssd_zhang/thesis_michel/server_processing/t0_rootFiles/beam28777_new202602/wvf_applyCut_removeBeam/wvfFind_event14021_trackID12_opNum3.root
[COPY] event=14051, trackID=4, T0=-0.719237 -> /Volumes/ssd_zhang/thesis_michel/server_processing/t0_rootFiles/beam28777_new202602/wvf_applyCut_removeBeam/wvfFind_event14051_trackID4_opNum4.root
[COPY] event=14055, trackID=14, T0=-2.09821 -> /Volumes/ssd_zhang/thesis_michel/server_processing/t0_rootFiles/beam28777_new202602/wvf_applyCut_removeBeam/wvfFind_event14055_trackID14_opNum5.root
[COPY] event=14057, trackID=10, T0=-1.18757 -> /Volumes/ssd_zhang/thesis_michel/server_processing/t0_rootFiles/beam28777_new202602/wvf_applyCut_removeBeam/wvfFind_event14057_trackID10_opNum8.root
[SKIP] (in range) event=1407, trackID=0, T0=-0.0429945
[COPY] event=14098, trackID=4, T0=-1.21672 -> /Volumes/ssd_zhang/thesis_michel/server_processing/t0_rootFiles/beam28777_new202602/wvf_applyCut_removeBeam/wvfFind_event14098_trackID4_opNum4_merged.root
[COPY] event=1409, trackID=10, T0=1.5195 -> /Volumes/ssd_zhang/thesis_michel/server_processing/t0_rootFiles/beam28777_new202602/wvf_applyCut_removeBeam/wvfFind_event1409_trackID10_opNum9.root
[COPY] event=14105, trackID=11, T0=-1.58669 -> /Volumes/ssd_zhang/thesis_michel/server_processing/t0_rootFiles/beam28777_new202602/wvf_applyCut_removeBeam/wvfFind_event14105_trackID11_opNum7.root
[COPY] event=14172, trackID=21, T0=-0.694869 -> /Volumes/ssd_zhang/thesis_michel/server_processing/t0_rootFiles/beam28777_new202602/wvf_applyCut_removeBeam/wvfFind_event14172_trackID21_opNum9.root
[COPY] event=14173, trackID=1, T0=-1.27178 -> /Volumes/ssd_zhang/thesis_michel/server_processing/t0_rootFiles/beam28777_new202602/wvf_applyCut_removeBeam/wvfFind_event14173_trackID1_opNum4.root
[COPY] event=14173, trackID=1, T0=-1.27178 -> /Volumes/ssd_zhang/thesis_michel/server_processing/t0_rootFiles/beam28777_new202602/wvf_applyCut_removeBeam/wvfFind_event14173_trackID1_opNum4_2.root
[COPY] event=1418, trackID=2, T0=-0.727308 -> /Volumes/ssd_zhang/thesis_michel/server_processing/t0_rootFiles/beam28777_new202602/wvf_applyCut_removeBeam/wvfFind_event1418_trackID2_opNum5.root
[COPY] event=14206, trackID=21, T0=-1.22011 -> /Volumes/ssd_zhang/thesis_michel/server_processing/t0_rootFiles/beam28777_new202602/wvf_applyCut_removeBeam/wvfFind_event14206_trackID21_opNum9.root
[COPY] event=14238, trackID=21, T0=-2.34812 -> /Volumes/ssd_zhang/thesis_michel/server_processing/t0_rootFiles/beam28777_new202602/wvf_applyCut_removeBeam/wvfFind_event14238_trackID21_opNum3.root
[COPY] event=14238, trackID=21, T0=-2.34812 -> /Volumes/ssd_zhang/thesis_michel/server_processing/t0_rootFiles/beam28777_new202602/wvf_applyCut_removeBeam/wvfFind_event14238_trackID21_opNum3_2.root
[COPY] event=14284, trackID=1, T0=-0.190507 -> /Volumes/ssd_zhang/thesis_michel/server_processing/t0_rootFiles/beam28777_new202602/wvf_applyCut_removeBeam/wvfFind_event14284_trackID1_opNum3.root
[COPY] event=14294, trackID=9, T0=0.385216 -> /Volumes/ssd_zhang/thesis_michel/server_processing/t0_rootFiles/beam28777_new202602/wvf_applyCut_removeBeam/wvfFind_event14294_trackID9_opNum4.root
[COPY] event=14296, trackID=22, T0=-2.3034 -> /Volumes/ssd_zhang/thesis_michel/server_processing/t0_rootFiles/beam28777_new202602/wvf_applyCut_removeBeam/wvfFind_event14296_trackID22_opNum9.root
[COPY] event=14296, trackID=22, T0=-2.3034 -> /Volumes/ssd_zhang/thesis_michel/server_processing/t0_rootFiles/beam28777_new202602/wvf_applyCut_removeBeam/wvfFind_event14296_trackID22_opNum9_2.root
[COPY] event=14297, trackID=5, T0=-1.54238 -> /Volumes/ssd_zhang/thesis_michel/server_processing/t0_rootFiles/beam28777_new202602/wvf_applyCut_removeBeam/wvfFind_event14297_trackID5_opNum5.root
[COPY] event=14297, trackID=5, T0=-1.54238 -> /Volumes/ssd_zhang/thesis_michel/server_processing/t0_rootFiles/beam28777_new202602/wvf_applyCut_removeBeam/wvfFind_event14297_trackID5_opNum5_2.root
[COPY] event=14305, trackID=15, T0=-1.40963 -> /Volumes/ssd_zhang/thesis_michel/server_processing/t0_rootFiles/beam28777_new202602/wvf_applyCut_removeBeam/wvfFind_event14305_trackID15_opNum8.root
[COPY] event=14315, trackID=2, T0=-0.440301 -> /Volumes/ssd_zhang/thesis_michel/server_processing/t0_rootFiles/beam28777_new202602/wvf_applyCut_removeBeam/wvfFind_event14315_trackID2_opNum8_merged.root
[COPY] event=14356, trackID=0, T0=0.440714 -> /Volumes/ssd_zhang/thesis_michel/server_processing/t0_rootFiles/beam28777_new202602/wvf_applyCut_removeBeam/wvfFind_event14356_trackID0_opNum7.root
[COPY] event=14358, trackID=8, T0=-1.84169 -> /Volumes/ssd_zhang/thesis_michel/server_processing/t0_rootFiles/beam28777_new202602/wvf_applyCut_removeBeam/wvfFind_event14358_trackID8_opNum8.root
[COPY] event=14362, trackID=27, T0=-0.757732 -> /Volumes/ssd_zhang/thesis_michel/server_processing/t0_rootFiles/beam28777_new202602/wvf_applyCut_removeBeam/wvfFind_event14362_trackID27_opNum9.root
[COPY] event=14367, trackID=29, T0=2.58553 -> /Volumes/ssd_zhang/thesis_michel/server_processing/t0_rootFiles/beam28777_new202602/wvf_applyCut_removeBeam/wvfFind_event14367_trackID29_opNum5.root
[COPY] event=14373, trackID=5, T0=-1.55784 -> /Volumes/ssd_zhang/thesis_michel/server_processing/t0_rootFiles/beam28777_new202602/wvf_applyCut_removeBeam/wvfFind_event14373_trackID5_opNum6.root
[COPY] event=14373, trackID=5, T0=-1.55784 -> /Volumes/ssd_zhang/thesis_michel/server_processing/t0_rootFiles/beam28777_new202602/wvf_applyCut_removeBeam/wvfFind_event14373_trackID5_opNum6_2.root
[COPY] event=1437, trackID=3, T0=-0.329761 -> /Volumes/ssd_zhang/thesis_michel/server_processing/t0_rootFiles/beam28777_new202602/wvf_applyCut_removeBeam/wvfFind_event1437_trackID3_opNum3.root
[COPY] event=1438, trackID=3, T0=0.0468871 -> /Volumes/ssd_zhang/thesis_michel/server_processing/t0_rootFiles/beam28777_new202602/wvf_applyCut_removeBeam/wvfFind_event1438_trackID3_opNum7.root
[COPY] event=1439, trackID=17, T0=0.345087 -> /Volumes/ssd_zhang/thesis_michel/server_processing/t0_rootFiles/beam28777_new202602/wvf_applyCut_removeBeam/wvfFind_event1439_trackID17_opNum3_merged.root
[COPY] event=143, trackID=5, T0=-1.43149 -> /Volumes/ssd_zhang/thesis_michel/server_processing/t0_rootFiles/beam28777_new202602/wvf_applyCut_removeBeam/wvfFind_event143_trackID5_opNum5.root
[COPY] event=14458, trackID=13, T0=-1.8803 -> /Volumes/ssd_zhang/thesis_michel/server_processing/t0_rootFiles/beam28777_new202602/wvf_applyCut_removeBeam/wvfFind_event14458_trackID13_opNum5.root
[SKIP] (in range) event=14464, trackID=14, T0=-0.0677691
[COPY] event=14482, trackID=2, T0=-1.71847 -> /Volumes/ssd_zhang/thesis_michel/server_processing/t0_rootFiles/beam28777_new202602/wvf_applyCut_removeBeam/wvfFind_event14482_trackID2_opNum4.root
[COPY] event=14500, trackID=11, T0=0.801809 -> /Volumes/ssd_zhang/thesis_michel/server_processing/t0_rootFiles/beam28777_new202602/wvf_applyCut_removeBeam/wvfFind_event14500_trackID11_opNum4.root
[COPY] event=14500, trackID=11, T0=0.801809 -> /Volumes/ssd_zhang/thesis_michel/server_processing/t0_rootFiles/beam28777_new202602/wvf_applyCut_removeBeam/wvfFind_event14500_trackID11_opNum4_2.root
[COPY] event=14508, trackID=4, T0=-0.671841 -> /Volumes/ssd_zhang/thesis_michel/server_processing/t0_rootFiles/beam28777_new202602/wvf_applyCut_removeBeam/wvfFind_event14508_trackID4_opNum5.root
[COPY] event=14523, trackID=18, T0=-0.292895 -> /Volumes/ssd_zhang/thesis_michel/server_processing/t0_rootFiles/beam28777_new202602/wvf_applyCut_removeBeam/wvfFind_event14523_trackID18_opNum9.root
[COPY] event=14523, trackID=18, T0=-0.292895 -> /Volumes/ssd_zhang/thesis_michel/server_processing/t0_rootFiles/beam28777_new202602/wvf_applyCut_removeBeam/wvfFind_event14523_trackID18_opNum9_2.root
[COPY] event=14529, trackID=6, T0=0.412979 -> /Volumes/ssd_zhang/thesis_michel/server_processing/t0_rootFiles/beam28777_new202602/wvf_applyCut_removeBeam/wvfFind_event14529_trackID6_opNum4.root
[COPY] event=14542, trackID=15, T0=-1.37765 -> /Volumes/ssd_zhang/thesis_michel/server_processing/t0_rootFiles/beam28777_new202602/wvf_applyCut_removeBeam/wvfFind_event14542_trackID15_opNum5.root
[COPY] event=1455, trackID=5, T0=-0.368979 -> /Volumes/ssd_zhang/thesis_michel/server_processing/t0_rootFiles/beam28777_new202602/wvf_applyCut_removeBeam/wvfFind_event1455_trackID5_opNum9_merged.root
[COPY] event=14561, trackID=30, T0=-0.661382 -> /Volumes/ssd_zhang/thesis_michel/server_processing/t0_rootFiles/beam28777_new202602/wvf_applyCut_removeBeam/wvfFind_event14561_trackID30_opNum5_merged.root
[COPY] event=14566, trackID=11, T0=-1.00813 -> /Volumes/ssd_zhang/thesis_michel/server_processing/t0_rootFiles/beam28777_new202602/wvf_applyCut_removeBeam/wvfFind_event14566_trackID11_opNum8.root
[COPY] event=14580, trackID=0, T0=0.338389 -> /Volumes/ssd_zhang/thesis_michel/server_processing/t0_rootFiles/beam28777_new202602/wvf_applyCut_removeBeam/wvfFind_event14580_trackID0_opNum5.root
[COPY] event=14580, trackID=3, T0=-1.62203 -> /Volumes/ssd_zhang/thesis_michel/server_processing/t0_rootFiles/beam28777_new202602/wvf_applyCut_removeBeam/wvfFind_event14580_trackID3_opNum4.root
[COPY] event=14588, trackID=4, T0=-1.95367 -> /Volumes/ssd_zhang/thesis_michel/server_processing/t0_rootFiles/beam28777_new202602/wvf_applyCut_removeBeam/wvfFind_event14588_trackID4_opNum3.root
[COPY] event=1458, trackID=10, T0=-1.03482 -> /Volumes/ssd_zhang/thesis_michel/server_processing/t0_rootFiles/beam28777_new202602/wvf_applyCut_removeBeam/wvfFind_event1458_trackID10_opNum6.root
[COPY] event=14597, trackID=15, T0=-0.443009 -> /Volumes/ssd_zhang/thesis_michel/server_processing/t0_rootFiles/beam28777_new202602/wvf_applyCut_removeBeam/wvfFind_event14597_trackID15_opNum5.root
[SKIP] (in range) event=14600, trackID=19, T0=-0.0681711
[COPY] event=14638, trackID=7, T0=-0.120621 -> /Volumes/ssd_zhang/thesis_michel/server_processing/t0_rootFiles/beam28777_new202602/wvf_applyCut_removeBeam/wvfFind_event14638_trackID7_opNum5.root
[COPY] event=14639, trackID=6, T0=-0.681316 -> /Volumes/ssd_zhang/thesis_michel/server_processing/t0_rootFiles/beam28777_new202602/wvf_applyCut_removeBeam/wvfFind_event14639_trackID6_opNum3_merged.root
[COPY] event=14640, trackID=7, T0=-1.82152 -> /Volumes/ssd_zhang/thesis_michel/server_processing/t0_rootFiles/beam28777_new202602/wvf_applyCut_removeBeam/wvfFind_event14640_trackID7_opNum9.root
[COPY] event=14640, trackID=7, T0=-1.82152 -> /Volumes/ssd_zhang/thesis_michel/server_processing/t0_rootFiles/beam28777_new202602/wvf_applyCut_removeBeam/wvfFind_event14640_trackID7_opNum9_2.root
[COPY] event=14649, trackID=3, T0=0.425704 -> /Volumes/ssd_zhang/thesis_michel/server_processing/t0_rootFiles/beam28777_new202602/wvf_applyCut_removeBeam/wvfFind_event14649_trackID3_opNum9.root
[COPY] event=14676, trackID=17, T0=-1.49957 -> /Volumes/ssd_zhang/thesis_michel/server_processing/t0_rootFiles/beam28777_new202602/wvf_applyCut_removeBeam/wvfFind_event14676_trackID17_opNum6.root
[COPY] event=14681, trackID=15, T0=-0.183368 -> /Volumes/ssd_zhang/thesis_michel/server_processing/t0_rootFiles/beam28777_new202602/wvf_applyCut_removeBeam/wvfFind_event14681_trackID15_opNum7_merged.root
[COPY] event=14698, trackID=8, T0=-1.19045 -> /Volumes/ssd_zhang/thesis_michel/server_processing/t0_rootFiles/beam28777_new202602/wvf_applyCut_removeBeam/wvfFind_event14698_trackID8_opNum3.root
[COPY] event=14705, trackID=14, T0=0.384229 -> /Volumes/ssd_zhang/thesis_michel/server_processing/t0_rootFiles/beam28777_new202602/wvf_applyCut_removeBeam/wvfFind_event14705_trackID14_opNum3.root
[COPY] event=14713, trackID=3, T0=-0.950538 -> /Volumes/ssd_zhang/thesis_michel/server_processing/t0_rootFiles/beam28777_new202602/wvf_applyCut_removeBeam/wvfFind_event14713_trackID3_opNum8.root
[COPY] event=14713, trackID=6, T0=-1.93936 -> /Volumes/ssd_zhang/thesis_michel/server_processing/t0_rootFiles/beam28777_new202602/wvf_applyCut_removeBeam/wvfFind_event14713_trackID6_opNum4.root
[COPY] event=14713, trackID=6, T0=-1.93936 -> /Volumes/ssd_zhang/thesis_michel/server_processing/t0_rootFiles/beam28777_new202602/wvf_applyCut_removeBeam/wvfFind_event14713_trackID6_opNum4_2.root
[COPY] event=14745, trackID=2, T0=-0.702071 -> /Volumes/ssd_zhang/thesis_michel/server_processing/t0_rootFiles/beam28777_new202602/wvf_applyCut_removeBeam/wvfFind_event14745_trackID2_opNum9.root
[COPY] event=1474, trackID=17, T0=-1.23877 -> /Volumes/ssd_zhang/thesis_michel/server_processing/t0_rootFiles/beam28777_new202602/wvf_applyCut_removeBeam/wvfFind_event1474_trackID17_opNum5.root
[COPY] event=14750, trackID=16, T0=-1.83015 -> /Volumes/ssd_zhang/thesis_michel/server_processing/t0_rootFiles/beam28777_new202602/wvf_applyCut_removeBeam/wvfFind_event14750_trackID16_opNum5.root
[COPY] event=14775, trackID=6, T0=-1.49071 -> /Volumes/ssd_zhang/thesis_michel/server_processing/t0_rootFiles/beam28777_new202602/wvf_applyCut_removeBeam/wvfFind_event14775_trackID6_opNum4_merged.root
[COPY] event=14791, trackID=13, T0=0.167227 -> /Volumes/ssd_zhang/thesis_michel/server_processing/t0_rootFiles/beam28777_new202602/wvf_applyCut_removeBeam/wvfFind_event14791_trackID13_opNum8_merged.root
[COPY] event=14791, trackID=2, T0=0.321859 -> /Volumes/ssd_zhang/thesis_michel/server_processing/t0_rootFiles/beam28777_new202602/wvf_applyCut_removeBeam/wvfFind_event14791_trackID2_opNum4.root
[COPY] event=14806, trackID=22, T0=2.55636 -> /Volumes/ssd_zhang/thesis_michel/server_processing/t0_rootFiles/beam28777_new202602/wvf_applyCut_removeBeam/wvfFind_event14806_trackID22_opNum8.root
[COPY] event=1481, trackID=6, T0=-0.703231 -> /Volumes/ssd_zhang/thesis_michel/server_processing/t0_rootFiles/beam28777_new202602/wvf_applyCut_removeBeam/wvfFind_event1481_trackID6_opNum6.root
[COPY] event=14835, trackID=8, T0=-0.690494 -> /Volumes/ssd_zhang/thesis_michel/server_processing/t0_rootFiles/beam28777_new202602/wvf_applyCut_removeBeam/wvfFind_event14835_trackID8_opNum3.root
[COPY] event=1483, trackID=7, T0=0.447806 -> /Volumes/ssd_zhang/thesis_michel/server_processing/t0_rootFiles/beam28777_new202602/wvf_applyCut_removeBeam/wvfFind_event1483_trackID7_opNum8.root
[COPY] event=14864, trackID=33, T0=-2.34865 -> /Volumes/ssd_zhang/thesis_michel/server_processing/t0_rootFiles/beam28777_new202602/wvf_applyCut_removeBeam/wvfFind_event14864_trackID33_opNum9.root
[COPY] event=14872, trackID=2, T0=-0.462982 -> /Volumes/ssd_zhang/thesis_michel/server_processing/t0_rootFiles/beam28777_new202602/wvf_applyCut_removeBeam/wvfFind_event14872_trackID2_opNum4.root
[COPY] event=148, trackID=13, T0=-2.0173 -> /Volumes/ssd_zhang/thesis_michel/server_processing/t0_rootFiles/beam28777_new202602/wvf_applyCut_removeBeam/wvfFind_event148_trackID13_opNum6.root
[COPY] event=148, trackID=24, T0=-2.19966 -> /Volumes/ssd_zhang/thesis_michel/server_processing/t0_rootFiles/beam28777_new202602/wvf_applyCut_removeBeam/wvfFind_event148_trackID24_opNum4.root
[COPY] event=14907, trackID=0, T0=-0.670125 -> /Volumes/ssd_zhang/thesis_michel/server_processing/t0_rootFiles/beam28777_new202602/wvf_applyCut_removeBeam/wvfFind_event14907_trackID0_opNum8.root
[COPY] event=14915, trackID=5, T0=-0.892788 -> /Volumes/ssd_zhang/thesis_michel/server_processing/t0_rootFiles/beam28777_new202602/wvf_applyCut_removeBeam/wvfFind_event14915_trackID5_opNum9_merged.root
[COPY] event=14949, trackID=23, T0=-0.13622 -> /Volumes/ssd_zhang/thesis_michel/server_processing/t0_rootFiles/beam28777_new202602/wvf_applyCut_removeBeam/wvfFind_event14949_trackID23_opNum9.root
[COPY] event=14960, trackID=2, T0=-1.04339 -> /Volumes/ssd_zhang/thesis_michel/server_processing/t0_rootFiles/beam28777_new202602/wvf_applyCut_removeBeam/wvfFind_event14960_trackID2_opNum3.root
[COPY] event=14995, trackID=0, T0=-0.163046 -> /Volumes/ssd_zhang/thesis_michel/server_processing/t0_rootFiles/beam28777_new202602/wvf_applyCut_removeBeam/wvfFind_event14995_trackID0_opNum5.root
[COPY] event=14995, trackID=0, T0=-0.163046 -> /Volumes/ssd_zhang/thesis_michel/server_processing/t0_rootFiles/beam28777_new202602/wvf_applyCut_removeBeam/wvfFind_event14995_trackID0_opNum5_2.root
[COPY] event=15009, trackID=11, T0=-0.450412 -> /Volumes/ssd_zhang/thesis_michel/server_processing/t0_rootFiles/beam28777_new202602/wvf_applyCut_removeBeam/wvfFind_event15009_trackID11_opNum6.root
[COPY] event=15021, trackID=7, T0=-0.215741 -> /Volumes/ssd_zhang/thesis_michel/server_processing/t0_rootFiles/beam28777_new202602/wvf_applyCut_removeBeam/wvfFind_event15021_trackID7_opNum3.root
[COPY] event=15025, trackID=8, T0=-1.33051 -> /Volumes/ssd_zhang/thesis_michel/server_processing/t0_rootFiles/beam28777_new202602/wvf_applyCut_removeBeam/wvfFind_event15025_trackID8_opNum7_merged.root
[COPY] event=15037, trackID=18, T0=-1.18372 -> /Volumes/ssd_zhang/thesis_michel/server_processing/t0_rootFiles/beam28777_new202602/wvf_applyCut_removeBeam/wvfFind_event15037_trackID18_opNum8.root
[COPY] event=15071, trackID=26, T0=-0.264745 -> /Volumes/ssd_zhang/thesis_michel/server_processing/t0_rootFiles/beam28777_new202602/wvf_applyCut_removeBeam/wvfFind_event15071_trackID26_opNum5.root
[COPY] event=15088, trackID=15, T0=-0.302589 -> /Volumes/ssd_zhang/thesis_michel/server_processing/t0_rootFiles/beam28777_new202602/wvf_applyCut_removeBeam/wvfFind_event15088_trackID15_opNum4.root
[COPY] event=15096, trackID=0, T0=0.279647 -> /Volumes/ssd_zhang/thesis_michel/server_processing/t0_rootFiles/beam28777_new202602/wvf_applyCut_removeBeam/wvfFind_event15096_trackID0_opNum4.root
[COPY] event=15112, trackID=7, T0=-2.07196 -> /Volumes/ssd_zhang/thesis_michel/server_processing/t0_rootFiles/beam28777_new202602/wvf_applyCut_removeBeam/wvfFind_event15112_trackID7_opNum5.root
[COPY] event=15112, trackID=7, T0=-2.07196 -> /Volumes/ssd_zhang/thesis_michel/server_processing/t0_rootFiles/beam28777_new202602/wvf_applyCut_removeBeam/wvfFind_event15112_trackID7_opNum5_2.root
[COPY] event=15128, trackID=17, T0=0.305355 -> /Volumes/ssd_zhang/thesis_michel/server_processing/t0_rootFiles/beam28777_new202602/wvf_applyCut_removeBeam/wvfFind_event15128_trackID17_opNum9.root
[COPY] event=15128, trackID=17, T0=0.305355 -> /Volumes/ssd_zhang/thesis_michel/server_processing/t0_rootFiles/beam28777_new202602/wvf_applyCut_removeBeam/wvfFind_event15128_trackID17_opNum9_2.root
[COPY] event=15135, trackID=3, T0=-0.699063 -> /Volumes/ssd_zhang/thesis_michel/server_processing/t0_rootFiles/beam28777_new202602/wvf_applyCut_removeBeam/wvfFind_event15135_trackID3_opNum9.root
[COPY] event=15137, trackID=9, T0=-1.05314 -> /Volumes/ssd_zhang/thesis_michel/server_processing/t0_rootFiles/beam28777_new202602/wvf_applyCut_removeBeam/wvfFind_event15137_trackID9_opNum7.root
[COPY] event=1514, trackID=16, T0=-0.947057 -> /Volumes/ssd_zhang/thesis_michel/server_processing/t0_rootFiles/beam28777_new202602/wvf_applyCut_removeBeam/wvfFind_event1514_trackID16_opNum9.root
[COPY] event=15151, trackID=10, T0=0.226193 -> /Volumes/ssd_zhang/thesis_michel/server_processing/t0_rootFiles/beam28777_new202602/wvf_applyCut_removeBeam/wvfFind_event15151_trackID10_opNum4.root
[COPY] event=15163, trackID=10, T0=-1.54866 -> /Volumes/ssd_zhang/thesis_michel/server_processing/t0_rootFiles/beam28777_new202602/wvf_applyCut_removeBeam/wvfFind_event15163_trackID10_opNum9.root
[COPY] event=15168, trackID=10, T0=-0.80475 -> /Volumes/ssd_zhang/thesis_michel/server_processing/t0_rootFiles/beam28777_new202602/wvf_applyCut_removeBeam/wvfFind_event15168_trackID10_opNum6.root
[COPY] event=15177, trackID=11, T0=1.3663 -> /Volumes/ssd_zhang/thesis_michel/server_processing/t0_rootFiles/beam28777_new202602/wvf_applyCut_removeBeam/wvfFind_event15177_trackID11_opNum9.root
[COPY] event=15177, trackID=11, T0=1.3663 -> /Volumes/ssd_zhang/thesis_michel/server_processing/t0_rootFiles/beam28777_new202602/wvf_applyCut_removeBeam/wvfFind_event15177_trackID11_opNum9_2.root
[COPY] event=15185, trackID=17, T0=0.308089 -> /Volumes/ssd_zhang/thesis_michel/server_processing/t0_rootFiles/beam28777_new202602/wvf_applyCut_removeBeam/wvfFind_event15185_trackID17_opNum9.root
[COPY] event=15186, trackID=1, T0=-1.32561 -> /Volumes/ssd_zhang/thesis_michel/server_processing/t0_rootFiles/beam28777_new202602/wvf_applyCut_removeBeam/wvfFind_event15186_trackID1_opNum3.root
[COPY] event=15186, trackID=1, T0=-1.32561 -> /Volumes/ssd_zhang/thesis_michel/server_processing/t0_rootFiles/beam28777_new202602/wvf_applyCut_removeBeam/wvfFind_event15186_trackID1_opNum3_2.root
[COPY] event=15205, trackID=7, T0=-1.10888 -> /Volumes/ssd_zhang/thesis_michel/server_processing/t0_rootFiles/beam28777_new202602/wvf_applyCut_removeBeam/wvfFind_event15205_trackID7_opNum3_merged.root
[COPY] event=15220, trackID=2, T0=-0.589506 -> /Volumes/ssd_zhang/thesis_michel/server_processing/t0_rootFiles/beam28777_new202602/wvf_applyCut_removeBeam/wvfFind_event15220_trackID2_opNum7.root
[COPY] event=15224, trackID=9, T0=-0.776233 -> /Volumes/ssd_zhang/thesis_michel/server_processing/t0_rootFiles/beam28777_new202602/wvf_applyCut_removeBeam/wvfFind_event15224_trackID9_opNum4.root
[COPY] event=15224, trackID=9, T0=-0.776233 -> /Volumes/ssd_zhang/thesis_michel/server_processing/t0_rootFiles/beam28777_new202602/wvf_applyCut_removeBeam/wvfFind_event15224_trackID9_opNum4_2.root
[SKIP] (in range) event=15225, trackID=0, T0=-0.0940198
[COPY] event=15229, trackID=12, T0=-0.667128 -> /Volumes/ssd_zhang/thesis_michel/server_processing/t0_rootFiles/beam28777_new202602/wvf_applyCut_removeBeam/wvfFind_event15229_trackID12_opNum6.root
[COPY] event=15236, trackID=1, T0=0.291202 -> /Volumes/ssd_zhang/thesis_michel/server_processing/t0_rootFiles/beam28777_new202602/wvf_applyCut_removeBeam/wvfFind_event15236_trackID1_opNum3.root
[COPY] event=15238, trackID=27, T0=0.295265 -> /Volumes/ssd_zhang/thesis_michel/server_processing/t0_rootFiles/beam28777_new202602/wvf_applyCut_removeBeam/wvfFind_event15238_trackID27_opNum8.root
[COPY] event=15287, trackID=3, T0=0.148407 -> /Volumes/ssd_zhang/thesis_michel/server_processing/t0_rootFiles/beam28777_new202602/wvf_applyCut_removeBeam/wvfFind_event15287_trackID3_opNum8.root
[COPY] event=1528, trackID=3, T0=-0.952389 -> /Volumes/ssd_zhang/thesis_michel/server_processing/t0_rootFiles/beam28777_new202602/wvf_applyCut_removeBeam/wvfFind_event1528_trackID3_opNum9.root
[COPY] event=1530, trackID=15, T0=-0.2522 -> /Volumes/ssd_zhang/thesis_michel/server_processing/t0_rootFiles/beam28777_new202602/wvf_applyCut_removeBeam/wvfFind_event1530_trackID15_opNum9.root
[COPY] event=1530, trackID=6, T0=0.446422 -> /Volumes/ssd_zhang/thesis_michel/server_processing/t0_rootFiles/beam28777_new202602/wvf_applyCut_removeBeam/wvfFind_event1530_trackID6_opNum9.root
[COPY] event=1530, trackID=6, T0=0.446422 -> /Volumes/ssd_zhang/thesis_michel/server_processing/t0_rootFiles/beam28777_new202602/wvf_applyCut_removeBeam/wvfFind_event1530_trackID6_opNum9_2.root
[COPY] event=15316, trackID=1, T0=-1.56761 -> /Volumes/ssd_zhang/thesis_michel/server_processing/t0_rootFiles/beam28777_new202602/wvf_applyCut_removeBeam/wvfFind_event15316_trackID1_opNum4.root
[COPY] event=15316, trackID=1, T0=-1.56761 -> /Volumes/ssd_zhang/thesis_michel/server_processing/t0_rootFiles/beam28777_new202602/wvf_applyCut_removeBeam/wvfFind_event15316_trackID1_opNum4_2.root
[COPY] event=15319, trackID=35, T0=-2.46432 -> /Volumes/ssd_zhang/thesis_michel/server_processing/t0_rootFiles/beam28777_new202602/wvf_applyCut_removeBeam/wvfFind_event15319_trackID35_opNum5.root
[COPY] event=1531, trackID=16, T0=-1.95831 -> /Volumes/ssd_zhang/thesis_michel/server_processing/t0_rootFiles/beam28777_new202602/wvf_applyCut_removeBeam/wvfFind_event1531_trackID16_opNum9.root
[COPY] event=15344, trackID=2, T0=0.289839 -> /Volumes/ssd_zhang/thesis_michel/server_processing/t0_rootFiles/beam28777_new202602/wvf_applyCut_removeBeam/wvfFind_event15344_trackID2_opNum9.root
[COPY] event=15344, trackID=2, T0=0.289839 -> /Volumes/ssd_zhang/thesis_michel/server_processing/t0_rootFiles/beam28777_new202602/wvf_applyCut_removeBeam/wvfFind_event15344_trackID2_opNum9_2.root
[COPY] event=15346, trackID=19, T0=-0.325727 -> /Volumes/ssd_zhang/thesis_michel/server_processing/t0_rootFiles/beam28777_new202602/wvf_applyCut_removeBeam/wvfFind_event15346_trackID19_opNum7.root
[COPY] event=15348, trackID=3, T0=0.431234 -> /Volumes/ssd_zhang/thesis_michel/server_processing/t0_rootFiles/beam28777_new202602/wvf_applyCut_removeBeam/wvfFind_event15348_trackID3_opNum8.root
[COPY] event=15384, trackID=2, T0=-0.783969 -> /Volumes/ssd_zhang/thesis_michel/server_processing/t0_rootFiles/beam28777_new202602/wvf_applyCut_removeBeam/wvfFind_event15384_trackID2_opNum9.root
[COPY] event=15384, trackID=2, T0=-0.783969 -> /Volumes/ssd_zhang/thesis_michel/server_processing/t0_rootFiles/beam28777_new202602/wvf_applyCut_removeBeam/wvfFind_event15384_trackID2_opNum9_2.root
[COPY] event=15387, trackID=0, T0=-1.20834 -> /Volumes/ssd_zhang/thesis_michel/server_processing/t0_rootFiles/beam28777_new202602/wvf_applyCut_removeBeam/wvfFind_event15387_trackID0_opNum9.root
[COPY] event=15401, trackID=2, T0=0.368053 -> /Volumes/ssd_zhang/thesis_michel/server_processing/t0_rootFiles/beam28777_new202602/wvf_applyCut_removeBeam/wvfFind_event15401_trackID2_opNum5.root
[COPY] event=15408, trackID=8, T0=0.546234 -> /Volumes/ssd_zhang/thesis_michel/server_processing/t0_rootFiles/beam28777_new202602/wvf_applyCut_removeBeam/wvfFind_event15408_trackID8_opNum8.root
[COPY] event=15427, trackID=11, T0=-0.314073 -> /Volumes/ssd_zhang/thesis_michel/server_processing/t0_rootFiles/beam28777_new202602/wvf_applyCut_removeBeam/wvfFind_event15427_trackID11_opNum3.root
[COPY] event=15451, trackID=11, T0=-0.125578 -> /Volumes/ssd_zhang/thesis_michel/server_processing/t0_rootFiles/beam28777_new202602/wvf_applyCut_removeBeam/wvfFind_event15451_trackID11_opNum9_merged.root
[COPY] event=15460, trackID=13, T0=-1.48282 -> /Volumes/ssd_zhang/thesis_michel/server_processing/t0_rootFiles/beam28777_new202602/wvf_applyCut_removeBeam/wvfFind_event15460_trackID13_opNum3.root
[COPY] event=15477, trackID=13, T0=-1.89532 -> /Volumes/ssd_zhang/thesis_michel/server_processing/t0_rootFiles/beam28777_new202602/wvf_applyCut_removeBeam/wvfFind_event15477_trackID13_opNum3.root
[COPY] event=15477, trackID=13, T0=-1.89532 -> /Volumes/ssd_zhang/thesis_michel/server_processing/t0_rootFiles/beam28777_new202602/wvf_applyCut_removeBeam/wvfFind_event15477_trackID13_opNum3_2.root
[COPY] event=15509, trackID=3, T0=0.45276 -> /Volumes/ssd_zhang/thesis_michel/server_processing/t0_rootFiles/beam28777_new202602/wvf_applyCut_removeBeam/wvfFind_event15509_trackID3_opNum9.root
[COPY] event=15513, trackID=1, T0=-0.157281 -> /Volumes/ssd_zhang/thesis_michel/server_processing/t0_rootFiles/beam28777_new202602/wvf_applyCut_removeBeam/wvfFind_event15513_trackID1_opNum6_merged.root
[COPY] event=15525, trackID=0, T0=0.347704 -> /Volumes/ssd_zhang/thesis_michel/server_processing/t0_rootFiles/beam28777_new202602/wvf_applyCut_removeBeam/wvfFind_event15525_trackID0_opNum9.root
[COPY] event=15527, trackID=17, T0=-0.203848 -> /Volumes/ssd_zhang/thesis_michel/server_processing/t0_rootFiles/beam28777_new202602/wvf_applyCut_removeBeam/wvfFind_event15527_trackID17_opNum6.root
[SKIP] (in range) event=15545, trackID=5, T0=-0.0589809
[SKIP] (in range) event=15553, trackID=28, T0=-0.0646361
[COPY] event=15563, trackID=11, T0=0.246477 -> /Volumes/ssd_zhang/thesis_michel/server_processing/t0_rootFiles/beam28777_new202602/wvf_applyCut_removeBeam/wvfFind_event15563_trackID11_opNum9.root
[COPY] event=15618, trackID=15, T0=-1.22542 -> /Volumes/ssd_zhang/thesis_michel/server_processing/t0_rootFiles/beam28777_new202602/wvf_applyCut_removeBeam/wvfFind_event15618_trackID15_opNum7.root
[COPY] event=15620, trackID=1, T0=0.0126431 -> /Volumes/ssd_zhang/thesis_michel/server_processing/t0_rootFiles/beam28777_new202602/wvf_applyCut_removeBeam/wvfFind_event15620_trackID1_opNum9.root
[COPY] event=15637, trackID=1, T0=0.189727 -> /Volumes/ssd_zhang/thesis_michel/server_processing/t0_rootFiles/beam28777_new202602/wvf_applyCut_removeBeam/wvfFind_event15637_trackID1_opNum4.root
[COPY] event=15637, trackID=1, T0=0.189727 -> /Volumes/ssd_zhang/thesis_michel/server_processing/t0_rootFiles/beam28777_new202602/wvf_applyCut_removeBeam/wvfFind_event15637_trackID1_opNum4_2.root
[COPY] event=15661, trackID=11, T0=-0.559782 -> /Volumes/ssd_zhang/thesis_michel/server_processing/t0_rootFiles/beam28777_new202602/wvf_applyCut_removeBeam/wvfFind_event15661_trackID11_opNum5.root
[COPY] event=15671, trackID=8, T0=-1.02005 -> /Volumes/ssd_zhang/thesis_michel/server_processing/t0_rootFiles/beam28777_new202602/wvf_applyCut_removeBeam/wvfFind_event15671_trackID8_opNum9.root
[COPY] event=15675, trackID=6, T0=-1.59504 -> /Volumes/ssd_zhang/thesis_michel/server_processing/t0_rootFiles/beam28777_new202602/wvf_applyCut_removeBeam/wvfFind_event15675_trackID6_opNum5.root
[COPY] event=15717, trackID=9, T0=0.234431 -> /Volumes/ssd_zhang/thesis_michel/server_processing/t0_rootFiles/beam28777_new202602/wvf_applyCut_removeBeam/wvfFind_event15717_trackID9_opNum5.root
[COPY] event=15737, trackID=1, T0=0.209971 -> /Volumes/ssd_zhang/thesis_michel/server_processing/t0_rootFiles/beam28777_new202602/wvf_applyCut_removeBeam/wvfFind_event15737_trackID1_opNum3.root
[COPY] event=15781, trackID=7, T0=-2.00452 -> /Volumes/ssd_zhang/thesis_michel/server_processing/t0_rootFiles/beam28777_new202602/wvf_applyCut_removeBeam/wvfFind_event15781_trackID7_opNum3.root
[COPY] event=15781, trackID=7, T0=-2.00452 -> /Volumes/ssd_zhang/thesis_michel/server_processing/t0_rootFiles/beam28777_new202602/wvf_applyCut_removeBeam/wvfFind_event15781_trackID7_opNum3_2.root
[COPY] event=15794, trackID=28, T0=-0.99711 -> /Volumes/ssd_zhang/thesis_michel/server_processing/t0_rootFiles/beam28777_new202602/wvf_applyCut_removeBeam/wvfFind_event15794_trackID28_opNum6.root
[COPY] event=157, trackID=7, T0=0.0267798 -> /Volumes/ssd_zhang/thesis_michel/server_processing/t0_rootFiles/beam28777_new202602/wvf_applyCut_removeBeam/wvfFind_event157_trackID7_opNum7_merged.root
[COPY] event=15814, trackID=15, T0=-1.88498 -> /Volumes/ssd_zhang/thesis_michel/server_processing/t0_rootFiles/beam28777_new202602/wvf_applyCut_removeBeam/wvfFind_event15814_trackID15_opNum8.root
[COPY] event=15821, trackID=13, T0=-1.60487 -> /Volumes/ssd_zhang/thesis_michel/server_processing/t0_rootFiles/beam28777_new202602/wvf_applyCut_removeBeam/wvfFind_event15821_trackID13_opNum9_merged.root
[COPY] event=15870, trackID=3, T0=-1.39772 -> /Volumes/ssd_zhang/thesis_michel/server_processing/t0_rootFiles/beam28777_new202602/wvf_applyCut_removeBeam/wvfFind_event15870_trackID3_opNum5.root
[COPY] event=15887, trackID=8, T0=0.428987 -> /Volumes/ssd_zhang/thesis_michel/server_processing/t0_rootFiles/beam28777_new202602/wvf_applyCut_removeBeam/wvfFind_event15887_trackID8_opNum9.root
[COPY] event=15895, trackID=12, T0=-2.27742 -> /Volumes/ssd_zhang/thesis_michel/server_processing/t0_rootFiles/beam28777_new202602/wvf_applyCut_removeBeam/wvfFind_event15895_trackID12_opNum9.root
[COPY] event=15945, trackID=15, T0=-1.08717 -> /Volumes/ssd_zhang/thesis_michel/server_processing/t0_rootFiles/beam28777_new202602/wvf_applyCut_removeBeam/wvfFind_event15945_trackID15_opNum8_merged.root
[COPY] event=15952, trackID=14, T0=-0.364211 -> /Volumes/ssd_zhang/thesis_michel/server_processing/t0_rootFiles/beam28777_new202602/wvf_applyCut_removeBeam/wvfFind_event15952_trackID14_opNum9.root
[COPY] event=15959, trackID=2, T0=-1.72193 -> /Volumes/ssd_zhang/thesis_michel/server_processing/t0_rootFiles/beam28777_new202602/wvf_applyCut_removeBeam/wvfFind_event15959_trackID2_opNum6.root
[COPY] event=15960, trackID=5, T0=-1.44863 -> /Volumes/ssd_zhang/thesis_michel/server_processing/t0_rootFiles/beam28777_new202602/wvf_applyCut_removeBeam/wvfFind_event15960_trackID5_opNum5.root
[COPY] event=15960, trackID=5, T0=-1.44863 -> /Volumes/ssd_zhang/thesis_michel/server_processing/t0_rootFiles/beam28777_new202602/wvf_applyCut_removeBeam/wvfFind_event15960_trackID5_opNum5_2.root
[COPY] event=15962, trackID=5, T0=0.0780421 -> /Volumes/ssd_zhang/thesis_michel/server_processing/t0_rootFiles/beam28777_new202602/wvf_applyCut_removeBeam/wvfFind_event15962_trackID5_opNum9.root
[COPY] event=15965, trackID=15, T0=-1.44219 -> /Volumes/ssd_zhang/thesis_michel/server_processing/t0_rootFiles/beam28777_new202602/wvf_applyCut_removeBeam/wvfFind_event15965_trackID15_opNum3.root
[COPY] event=15967, trackID=10, T0=-1.90999 -> /Volumes/ssd_zhang/thesis_michel/server_processing/t0_rootFiles/beam28777_new202602/wvf_applyCut_removeBeam/wvfFind_event15967_trackID10_opNum4.root
[COPY] event=15979, trackID=4, T0=0.295248 -> /Volumes/ssd_zhang/thesis_michel/server_processing/t0_rootFiles/beam28777_new202602/wvf_applyCut_removeBeam/wvfFind_event15979_trackID4_opNum5.root
[COPY] event=15987, trackID=10, T0=-1.98726 -> /Volumes/ssd_zhang/thesis_michel/server_processing/t0_rootFiles/beam28777_new202602/wvf_applyCut_removeBeam/wvfFind_event15987_trackID10_opNum3.root
[COPY] event=16014, trackID=9, T0=-2.04008 -> /Volumes/ssd_zhang/thesis_michel/server_processing/t0_rootFiles/beam28777_new202602/wvf_applyCut_removeBeam/wvfFind_event16014_trackID9_opNum6.root
[COPY] event=16020, trackID=0, T0=0.366098 -> /Volumes/ssd_zhang/thesis_michel/server_processing/t0_rootFiles/beam28777_new202602/wvf_applyCut_removeBeam/wvfFind_event16020_trackID0_opNum3.root
[COPY] event=16020, trackID=10, T0=-1.27491 -> /Volumes/ssd_zhang/thesis_michel/server_processing/t0_rootFiles/beam28777_new202602/wvf_applyCut_removeBeam/wvfFind_event16020_trackID10_opNum9.root
[COPY] event=16021, trackID=10, T0=0.359239 -> /Volumes/ssd_zhang/thesis_michel/server_processing/t0_rootFiles/beam28777_new202602/wvf_applyCut_removeBeam/wvfFind_event16021_trackID10_opNum5_merged.root
[COPY] event=16030, trackID=3, T0=-1.66656 -> /Volumes/ssd_zhang/thesis_michel/server_processing/t0_rootFiles/beam28777_new202602/wvf_applyCut_removeBeam/wvfFind_event16030_trackID3_opNum5.root
[COPY] event=16033, trackID=10, T0=0.440308 -> /Volumes/ssd_zhang/thesis_michel/server_processing/t0_rootFiles/beam28777_new202602/wvf_applyCut_removeBeam/wvfFind_event16033_trackID10_opNum9_merged.root
[COPY] event=16045, trackID=8, T0=-0.331851 -> /Volumes/ssd_zhang/thesis_michel/server_processing/t0_rootFiles/beam28777_new202602/wvf_applyCut_removeBeam/wvfFind_event16045_trackID8_opNum3.root
[COPY] event=16047, trackID=17, T0=-0.512392 -> /Volumes/ssd_zhang/thesis_michel/server_processing/t0_rootFiles/beam28777_new202602/wvf_applyCut_removeBeam/wvfFind_event16047_trackID17_opNum3_merged.root
[COPY] event=16050, trackID=9, T0=0.247929 -> /Volumes/ssd_zhang/thesis_michel/server_processing/t0_rootFiles/beam28777_new202602/wvf_applyCut_removeBeam/wvfFind_event16050_trackID9_opNum3.root
[COPY] event=16070, trackID=11, T0=-1.92766 -> /Volumes/ssd_zhang/thesis_michel/server_processing/t0_rootFiles/beam28777_new202602/wvf_applyCut_removeBeam/wvfFind_event16070_trackID11_opNum4_merged.root
[COPY] event=16084, trackID=12, T0=-2.10987 -> /Volumes/ssd_zhang/thesis_michel/server_processing/t0_rootFiles/beam28777_new202602/wvf_applyCut_removeBeam/wvfFind_event16084_trackID12_opNum3.root
[COPY] event=16135, trackID=11, T0=-1.31321 -> /Volumes/ssd_zhang/thesis_michel/server_processing/t0_rootFiles/beam28777_new202602/wvf_applyCut_removeBeam/wvfFind_event16135_trackID11_opNum6.root
[COPY] event=16138, trackID=5, T0=0.292402 -> /Volumes/ssd_zhang/thesis_michel/server_processing/t0_rootFiles/beam28777_new202602/wvf_applyCut_removeBeam/wvfFind_event16138_trackID5_opNum8.root
[COPY] event=1614, trackID=5, T0=0.0857969 -> /Volumes/ssd_zhang/thesis_michel/server_processing/t0_rootFiles/beam28777_new202602/wvf_applyCut_removeBeam/wvfFind_event1614_trackID5_opNum9.root
[COPY] event=1614, trackID=5, T0=0.0857969 -> /Volumes/ssd_zhang/thesis_michel/server_processing/t0_rootFiles/beam28777_new202602/wvf_applyCut_removeBeam/wvfFind_event1614_trackID5_opNum9_2.root
[COPY] event=1614, trackID=5, T0=0.0857969 -> /Volumes/ssd_zhang/thesis_michel/server_processing/t0_rootFiles/beam28777_new202602/wvf_applyCut_removeBeam/wvfFind_event1614_trackID5_opNum9_3.root
[COPY] event=16176, trackID=16, T0=0.420704 -> /Volumes/ssd_zhang/thesis_michel/server_processing/t0_rootFiles/beam28777_new202602/wvf_applyCut_removeBeam/wvfFind_event16176_trackID16_opNum9_merged.root
[COPY] event=16192, trackID=0, T0=-0.12089 -> /Volumes/ssd_zhang/thesis_michel/server_processing/t0_rootFiles/beam28777_new202602/wvf_applyCut_removeBeam/wvfFind_event16192_trackID0_opNum3.root
[COPY] event=16198, trackID=3, T0=-0.797649 -> /Volumes/ssd_zhang/thesis_michel/server_processing/t0_rootFiles/beam28777_new202602/wvf_applyCut_removeBeam/wvfFind_event16198_trackID3_opNum5_merged.root
[COPY] event=16223, trackID=14, T0=2.07274 -> /Volumes/ssd_zhang/thesis_michel/server_processing/t0_rootFiles/beam28777_new202602/wvf_applyCut_removeBeam/wvfFind_event16223_trackID14_opNum5.root
[COPY] event=16231, trackID=0, T0=-1.12617 -> /Volumes/ssd_zhang/thesis_michel/server_processing/t0_rootFiles/beam28777_new202602/wvf_applyCut_removeBeam/wvfFind_event16231_trackID0_opNum5.root
[COPY] event=16232, trackID=5, T0=-1.82979 -> /Volumes/ssd_zhang/thesis_michel/server_processing/t0_rootFiles/beam28777_new202602/wvf_applyCut_removeBeam/wvfFind_event16232_trackID5_opNum9.root
[COPY] event=16236, trackID=15, T0=-1.25345 -> /Volumes/ssd_zhang/thesis_michel/server_processing/t0_rootFiles/beam28777_new202602/wvf_applyCut_removeBeam/wvfFind_event16236_trackID15_opNum5.root
[COPY] event=16237, trackID=11, T0=-1.70349 -> /Volumes/ssd_zhang/thesis_michel/server_processing/t0_rootFiles/beam28777_new202602/wvf_applyCut_removeBeam/wvfFind_event16237_trackID11_opNum9.root
[COPY] event=16244, trackID=12, T0=-1.59505 -> /Volumes/ssd_zhang/thesis_michel/server_processing/t0_rootFiles/beam28777_new202602/wvf_applyCut_removeBeam/wvfFind_event16244_trackID12_opNum8.root
[SKIP] (in range) event=16279, trackID=13, T0=-0.11845
[COPY] event=16284, trackID=15, T0=-2.17559 -> /Volumes/ssd_zhang/thesis_michel/server_processing/t0_rootFiles/beam28777_new202602/wvf_applyCut_removeBeam/wvfFind_event16284_trackID15_opNum5_merged.root
[COPY] event=16378, trackID=16, T0=-0.433471 -> /Volumes/ssd_zhang/thesis_michel/server_processing/t0_rootFiles/beam28777_new202602/wvf_applyCut_removeBeam/wvfFind_event16378_trackID16_opNum9.root
[COPY] event=16382, trackID=8, T0=-0.136331 -> /Volumes/ssd_zhang/thesis_michel/server_processing/t0_rootFiles/beam28777_new202602/wvf_applyCut_removeBeam/wvfFind_event16382_trackID8_opNum6.root
[COPY] event=16384, trackID=12, T0=0.420776 -> /Volumes/ssd_zhang/thesis_michel/server_processing/t0_rootFiles/beam28777_new202602/wvf_applyCut_removeBeam/wvfFind_event16384_trackID12_opNum8.root
[COPY] event=16385, trackID=3, T0=-0.304977 -> /Volumes/ssd_zhang/thesis_michel/server_processing/t0_rootFiles/beam28777_new202602/wvf_applyCut_removeBeam/wvfFind_event16385_trackID3_opNum6_merged.root
[COPY] event=16406, trackID=6, T0=-0.980048 -> /Volumes/ssd_zhang/thesis_michel/server_processing/t0_rootFiles/beam28777_new202602/wvf_applyCut_removeBeam/wvfFind_event16406_trackID6_opNum4.root
[COPY] event=16406, trackID=6, T0=-0.980048 -> /Volumes/ssd_zhang/thesis_michel/server_processing/t0_rootFiles/beam28777_new202602/wvf_applyCut_removeBeam/wvfFind_event16406_trackID6_opNum4_2.root
[COPY] event=16406, trackID=6, T0=-0.980048 -> /Volumes/ssd_zhang/thesis_michel/server_processing/t0_rootFiles/beam28777_new202602/wvf_applyCut_removeBeam/wvfFind_event16406_trackID6_opNum4_3.root
[COPY] event=16435, trackID=35, T0=-2.46863 -> /Volumes/ssd_zhang/thesis_michel/server_processing/t0_rootFiles/beam28777_new202602/wvf_applyCut_removeBeam/wvfFind_event16435_trackID35_opNum9.root
[COPY] event=16455, trackID=23, T0=-1.51308 -> /Volumes/ssd_zhang/thesis_michel/server_processing/t0_rootFiles/beam28777_new202602/wvf_applyCut_removeBeam/wvfFind_event16455_trackID23_opNum6.root
[COPY] event=16476, trackID=23, T0=-2.15247 -> /Volumes/ssd_zhang/thesis_michel/server_processing/t0_rootFiles/beam28777_new202602/wvf_applyCut_removeBeam/wvfFind_event16476_trackID23_opNum4.root
[COPY] event=16498, trackID=4, T0=-0.264057 -> /Volumes/ssd_zhang/thesis_michel/server_processing/t0_rootFiles/beam28777_new202602/wvf_applyCut_removeBeam/wvfFind_event16498_trackID4_opNum5.root
[COPY] event=16516, trackID=19, T0=-2.3801 -> /Volumes/ssd_zhang/thesis_michel/server_processing/t0_rootFiles/beam28777_new202602/wvf_applyCut_removeBeam/wvfFind_event16516_trackID19_opNum7.root
[COPY] event=16518, trackID=0, T0=-0.674826 -> /Volumes/ssd_zhang/thesis_michel/server_processing/t0_rootFiles/beam28777_new202602/wvf_applyCut_removeBeam/wvfFind_event16518_trackID0_opNum5.root
[SKIP] (in range) event=16556, trackID=3, T0=-0.0790482
[COPY] event=16558, trackID=1, T0=0.438521 -> /Volumes/ssd_zhang/thesis_michel/server_processing/t0_rootFiles/beam28777_new202602/wvf_applyCut_removeBeam/wvfFind_event16558_trackID1_opNum9.root
[COPY] event=16558, trackID=1, T0=0.438521 -> /Volumes/ssd_zhang/thesis_michel/server_processing/t0_rootFiles/beam28777_new202602/wvf_applyCut_removeBeam/wvfFind_event16558_trackID1_opNum9_2.root
[COPY] event=16613, trackID=11, T0=-2.16228 -> /Volumes/ssd_zhang/thesis_michel/server_processing/t0_rootFiles/beam28777_new202602/wvf_applyCut_removeBeam/wvfFind_event16613_trackID11_opNum9.root
[COPY] event=1662, trackID=0, T0=0.347813 -> /Volumes/ssd_zhang/thesis_michel/server_processing/t0_rootFiles/beam28777_new202602/wvf_applyCut_removeBeam/wvfFind_event1662_trackID0_opNum8_merged.root
[COPY] event=16636, trackID=0, T0=-0.564357 -> /Volumes/ssd_zhang/thesis_michel/server_processing/t0_rootFiles/beam28777_new202602/wvf_applyCut_removeBeam/wvfFind_event16636_trackID0_opNum9.root
[COPY] event=16636, trackID=0, T0=-0.564357 -> /Volumes/ssd_zhang/thesis_michel/server_processing/t0_rootFiles/beam28777_new202602/wvf_applyCut_removeBeam/wvfFind_event16636_trackID0_opNum9_2.root
[COPY] event=16656, trackID=11, T0=0.433361 -> /Volumes/ssd_zhang/thesis_michel/server_processing/t0_rootFiles/beam28777_new202602/wvf_applyCut_removeBeam/wvfFind_event16656_trackID11_opNum6.root
[COPY] event=16656, trackID=11, T0=0.433361 -> /Volumes/ssd_zhang/thesis_michel/server_processing/t0_rootFiles/beam28777_new202602/wvf_applyCut_removeBeam/wvfFind_event16656_trackID11_opNum6_2.root
[COPY] event=16699, trackID=1, T0=-0.59303 -> /Volumes/ssd_zhang/thesis_michel/server_processing/t0_rootFiles/beam28777_new202602/wvf_applyCut_removeBeam/wvfFind_event16699_trackID1_opNum8.root
[COPY] event=16699, trackID=1, T0=-0.59303 -> /Volumes/ssd_zhang/thesis_michel/server_processing/t0_rootFiles/beam28777_new202602/wvf_applyCut_removeBeam/wvfFind_event16699_trackID1_opNum8_2.root
[COPY] event=16700, trackID=11, T0=-1.6656 -> /Volumes/ssd_zhang/thesis_michel/server_processing/t0_rootFiles/beam28777_new202602/wvf_applyCut_removeBeam/wvfFind_event16700_trackID11_opNum5.root
[COPY] event=1672, trackID=12, T0=-1.56761 -> /Volumes/ssd_zhang/thesis_michel/server_processing/t0_rootFiles/beam28777_new202602/wvf_applyCut_removeBeam/wvfFind_event1672_trackID12_opNum8.root
[COPY] event=16753, trackID=9, T0=-1.08197 -> /Volumes/ssd_zhang/thesis_michel/server_processing/t0_rootFiles/beam28777_new202602/wvf_applyCut_removeBeam/wvfFind_event16753_trackID9_opNum5.root
[COPY] event=16759, trackID=1, T0=0.283346 -> /Volumes/ssd_zhang/thesis_michel/server_processing/t0_rootFiles/beam28777_new202602/wvf_applyCut_removeBeam/wvfFind_event16759_trackID1_opNum4.root
[COPY] event=16759, trackID=1, T0=0.283346 -> /Volumes/ssd_zhang/thesis_michel/server_processing/t0_rootFiles/beam28777_new202602/wvf_applyCut_removeBeam/wvfFind_event16759_trackID1_opNum4_2.root
[COPY] event=16767, trackID=10, T0=-0.379633 -> /Volumes/ssd_zhang/thesis_michel/server_processing/t0_rootFiles/beam28777_new202602/wvf_applyCut_removeBeam/wvfFind_event16767_trackID10_opNum3.root
[COPY] event=16768, trackID=5, T0=-1.54048 -> /Volumes/ssd_zhang/thesis_michel/server_processing/t0_rootFiles/beam28777_new202602/wvf_applyCut_removeBeam/wvfFind_event16768_trackID5_opNum9.root
[SKIP] (in range) event=16790, trackID=2, T0=-0.105748
[COPY] event=16809, trackID=30, T0=-1.79622 -> /Volumes/ssd_zhang/thesis_michel/server_processing/t0_rootFiles/beam28777_new202602/wvf_applyCut_removeBeam/wvfFind_event16809_trackID30_opNum3.root
[COPY] event=16850, trackID=3, T0=-1.90678 -> /Volumes/ssd_zhang/thesis_michel/server_processing/t0_rootFiles/beam28777_new202602/wvf_applyCut_removeBeam/wvfFind_event16850_trackID3_opNum5.root
[COPY] event=16852, trackID=5, T0=-0.697369 -> /Volumes/ssd_zhang/thesis_michel/server_processing/t0_rootFiles/beam28777_new202602/wvf_applyCut_removeBeam/wvfFind_event16852_trackID5_opNum7.root
[COPY] event=16870, trackID=22, T0=-1.43105 -> /Volumes/ssd_zhang/thesis_michel/server_processing/t0_rootFiles/beam28777_new202602/wvf_applyCut_removeBeam/wvfFind_event16870_trackID22_opNum8.root
[COPY] event=16879, trackID=9, T0=-0.765843 -> /Volumes/ssd_zhang/thesis_michel/server_processing/t0_rootFiles/beam28777_new202602/wvf_applyCut_removeBeam/wvfFind_event16879_trackID9_opNum8.root
[COPY] event=16883, trackID=6, T0=-0.23633 -> /Volumes/ssd_zhang/thesis_michel/server_processing/t0_rootFiles/beam28777_new202602/wvf_applyCut_removeBeam/wvfFind_event16883_trackID6_opNum8.root
[COPY] event=16893, trackID=4, T0=-0.849687 -> /Volumes/ssd_zhang/thesis_michel/server_processing/t0_rootFiles/beam28777_new202602/wvf_applyCut_removeBeam/wvfFind_event16893_trackID4_opNum3.root
[COPY] event=16916, trackID=32, T0=-2.39238 -> /Volumes/ssd_zhang/thesis_michel/server_processing/t0_rootFiles/beam28777_new202602/wvf_applyCut_removeBeam/wvfFind_event16916_trackID32_opNum9.root
[COPY] event=16917, trackID=11, T0=-1.33558 -> /Volumes/ssd_zhang/thesis_michel/server_processing/t0_rootFiles/beam28777_new202602/wvf_applyCut_removeBeam/wvfFind_event16917_trackID11_opNum4.root
[COPY] event=16918, trackID=18, T0=-1.93101 -> /Volumes/ssd_zhang/thesis_michel/server_processing/t0_rootFiles/beam28777_new202602/wvf_applyCut_removeBeam/wvfFind_event16918_trackID18_opNum4.root
[COPY] event=1692, trackID=8, T0=0.1794 -> /Volumes/ssd_zhang/thesis_michel/server_processing/t0_rootFiles/beam28777_new202602/wvf_applyCut_removeBeam/wvfFind_event1692_trackID8_opNum8_merged.root
[COPY] event=16938, trackID=0, T0=-0.257954 -> /Volumes/ssd_zhang/thesis_michel/server_processing/t0_rootFiles/beam28777_new202602/wvf_applyCut_removeBeam/wvfFind_event16938_trackID0_opNum4.root
[COPY] event=16983, trackID=18, T0=-0.75798 -> /Volumes/ssd_zhang/thesis_michel/server_processing/t0_rootFiles/beam28777_new202602/wvf_applyCut_removeBeam/wvfFind_event16983_trackID18_opNum5.root
[COPY] event=16992, trackID=9, T0=-1.85936 -> /Volumes/ssd_zhang/thesis_michel/server_processing/t0_rootFiles/beam28777_new202602/wvf_applyCut_removeBeam/wvfFind_event16992_trackID9_opNum9.root
[COPY] event=16992, trackID=9, T0=-1.85936 -> /Volumes/ssd_zhang/thesis_michel/server_processing/t0_rootFiles/beam28777_new202602/wvf_applyCut_removeBeam/wvfFind_event16992_trackID9_opNum9_2.root
[COPY] event=1700, trackID=6, T0=-0.29277 -> /Volumes/ssd_zhang/thesis_michel/server_processing/t0_rootFiles/beam28777_new202602/wvf_applyCut_removeBeam/wvfFind_event1700_trackID6_opNum9.root
[COPY] event=17016, trackID=8, T0=-0.12141 -> /Volumes/ssd_zhang/thesis_michel/server_processing/t0_rootFiles/beam28777_new202602/wvf_applyCut_removeBeam/wvfFind_event17016_trackID8_opNum3_merged.root
[COPY] event=17018, trackID=17, T0=0.267085 -> /Volumes/ssd_zhang/thesis_michel/server_processing/t0_rootFiles/beam28777_new202602/wvf_applyCut_removeBeam/wvfFind_event17018_trackID17_opNum9.root
[COPY] event=17077, trackID=19, T0=0.372167 -> /Volumes/ssd_zhang/thesis_michel/server_processing/t0_rootFiles/beam28777_new202602/wvf_applyCut_removeBeam/wvfFind_event17077_trackID19_opNum6.root
[COPY] event=17078, trackID=14, T0=-0.229943 -> /Volumes/ssd_zhang/thesis_michel/server_processing/t0_rootFiles/beam28777_new202602/wvf_applyCut_removeBeam/wvfFind_event17078_trackID14_opNum9.root
[COPY] event=17131, trackID=1, T0=0.142096 -> /Volumes/ssd_zhang/thesis_michel/server_processing/t0_rootFiles/beam28777_new202602/wvf_applyCut_removeBeam/wvfFind_event17131_trackID1_opNum4_merged.root
[COPY] event=17166, trackID=4, T0=-1.90458 -> /Volumes/ssd_zhang/thesis_michel/server_processing/t0_rootFiles/beam28777_new202602/wvf_applyCut_removeBeam/wvfFind_event17166_trackID4_opNum6.root
[COPY] event=17203, trackID=16, T0=-1.00017 -> /Volumes/ssd_zhang/thesis_michel/server_processing/t0_rootFiles/beam28777_new202602/wvf_applyCut_removeBeam/wvfFind_event17203_trackID16_opNum3.root
[COPY] event=17244, trackID=6, T0=-1.3118 -> /Volumes/ssd_zhang/thesis_michel/server_processing/t0_rootFiles/beam28777_new202602/wvf_applyCut_removeBeam/wvfFind_event17244_trackID6_opNum4.root
[COPY] event=17252, trackID=5, T0=-1.78558 -> /Volumes/ssd_zhang/thesis_michel/server_processing/t0_rootFiles/beam28777_new202602/wvf_applyCut_removeBeam/wvfFind_event17252_trackID5_opNum5.root
[COPY] event=17273, trackID=28, T0=-2.35962 -> /Volumes/ssd_zhang/thesis_michel/server_processing/t0_rootFiles/beam28777_new202602/wvf_applyCut_removeBeam/wvfFind_event17273_trackID28_opNum9.root
[COPY] event=17314, trackID=6, T0=-1.10351 -> /Volumes/ssd_zhang/thesis_michel/server_processing/t0_rootFiles/beam28777_new202602/wvf_applyCut_removeBeam/wvfFind_event17314_trackID6_opNum5.root
[COPY] event=17342, trackID=8, T0=0.290798 -> /Volumes/ssd_zhang/thesis_michel/server_processing/t0_rootFiles/beam28777_new202602/wvf_applyCut_removeBeam/wvfFind_event17342_trackID8_opNum8.root
[COPY] event=1734, trackID=5, T0=-0.176484 -> /Volumes/ssd_zhang/thesis_michel/server_processing/t0_rootFiles/beam28777_new202602/wvf_applyCut_removeBeam/wvfFind_event1734_trackID5_opNum3.root
[COPY] event=1734, trackID=5, T0=-0.176484 -> /Volumes/ssd_zhang/thesis_michel/server_processing/t0_rootFiles/beam28777_new202602/wvf_applyCut_removeBeam/wvfFind_event1734_trackID5_opNum3_2.root
[COPY] event=1734, trackID=6, T0=0.444538 -> /Volumes/ssd_zhang/thesis_michel/server_processing/t0_rootFiles/beam28777_new202602/wvf_applyCut_removeBeam/wvfFind_event1734_trackID6_opNum3.root
[COPY] event=17404, trackID=5, T0=-0.24798 -> /Volumes/ssd_zhang/thesis_michel/server_processing/t0_rootFiles/beam28777_new202602/wvf_applyCut_removeBeam/wvfFind_event17404_trackID5_opNum3.root
[COPY] event=17418, trackID=17, T0=-1.55713 -> /Volumes/ssd_zhang/thesis_michel/server_processing/t0_rootFiles/beam28777_new202602/wvf_applyCut_removeBeam/wvfFind_event17418_trackID17_opNum4.root
[COPY] event=17429, trackID=17, T0=-2.01746 -> /Volumes/ssd_zhang/thesis_michel/server_processing/t0_rootFiles/beam28777_new202602/wvf_applyCut_removeBeam/wvfFind_event17429_trackID17_opNum9.root
[COPY] event=17429, trackID=17, T0=-2.01746 -> /Volumes/ssd_zhang/thesis_michel/server_processing/t0_rootFiles/beam28777_new202602/wvf_applyCut_removeBeam/wvfFind_event17429_trackID17_opNum9_2.root
[COPY] event=1742, trackID=2, T0=-0.54103 -> /Volumes/ssd_zhang/thesis_michel/server_processing/t0_rootFiles/beam28777_new202602/wvf_applyCut_removeBeam/wvfFind_event1742_trackID2_opNum5.root
[COPY] event=17485, trackID=9, T0=-0.842174 -> /Volumes/ssd_zhang/thesis_michel/server_processing/t0_rootFiles/beam28777_new202602/wvf_applyCut_removeBeam/wvfFind_event17485_trackID9_opNum9.root
[COPY] event=17486, trackID=2, T0=0.399775 -> /Volumes/ssd_zhang/thesis_michel/server_processing/t0_rootFiles/beam28777_new202602/wvf_applyCut_removeBeam/wvfFind_event17486_trackID2_opNum4.root
[COPY] event=17514, trackID=21, T0=2.34229 -> /Volumes/ssd_zhang/thesis_michel/server_processing/t0_rootFiles/beam28777_new202602/wvf_applyCut_removeBeam/wvfFind_event17514_trackID21_opNum6.root
[COPY] event=17540, trackID=9, T0=1.6122 -> /Volumes/ssd_zhang/thesis_michel/server_processing/t0_rootFiles/beam28777_new202602/wvf_applyCut_removeBeam/wvfFind_event17540_trackID9_opNum5.root
[COPY] event=17545, trackID=2, T0=-0.765575 -> /Volumes/ssd_zhang/thesis_michel/server_processing/t0_rootFiles/beam28777_new202602/wvf_applyCut_removeBeam/wvfFind_event17545_trackID2_opNum6.root
[COPY] event=17565, trackID=17, T0=-2.28445 -> /Volumes/ssd_zhang/thesis_michel/server_processing/t0_rootFiles/beam28777_new202602/wvf_applyCut_removeBeam/wvfFind_event17565_trackID17_opNum9.root
[COPY] event=1758, trackID=9, T0=-0.945014 -> /Volumes/ssd_zhang/thesis_michel/server_processing/t0_rootFiles/beam28777_new202602/wvf_applyCut_removeBeam/wvfFind_event1758_trackID9_opNum9.root
[COPY] event=17590, trackID=9, T0=-0.265032 -> /Volumes/ssd_zhang/thesis_michel/server_processing/t0_rootFiles/beam28777_new202602/wvf_applyCut_removeBeam/wvfFind_event17590_trackID9_opNum9.root
[COPY] event=17597, trackID=7, T0=-0.479001 -> /Volumes/ssd_zhang/thesis_michel/server_processing/t0_rootFiles/beam28777_new202602/wvf_applyCut_removeBeam/wvfFind_event17597_trackID7_opNum5.root
[COPY] event=17597, trackID=7, T0=-0.479001 -> /Volumes/ssd_zhang/thesis_michel/server_processing/t0_rootFiles/beam28777_new202602/wvf_applyCut_removeBeam/wvfFind_event17597_trackID7_opNum5_2.root
[COPY] event=17600, trackID=9, T0=-0.495975 -> /Volumes/ssd_zhang/thesis_michel/server_processing/t0_rootFiles/beam28777_new202602/wvf_applyCut_removeBeam/wvfFind_event17600_trackID9_opNum7.root
[COPY] event=17609, trackID=11, T0=-1.87275 -> /Volumes/ssd_zhang/thesis_michel/server_processing/t0_rootFiles/beam28777_new202602/wvf_applyCut_removeBeam/wvfFind_event17609_trackID11_opNum6.root
[COPY] event=17617, trackID=7, T0=-1.32254 -> /Volumes/ssd_zhang/thesis_michel/server_processing/t0_rootFiles/beam28777_new202602/wvf_applyCut_removeBeam/wvfFind_event17617_trackID7_opNum4.root
[COPY] event=17623, trackID=13, T0=-1.58194 -> /Volumes/ssd_zhang/thesis_michel/server_processing/t0_rootFiles/beam28777_new202602/wvf_applyCut_removeBeam/wvfFind_event17623_trackID13_opNum9.root
[COPY] event=17623, trackID=13, T0=-1.58194 -> /Volumes/ssd_zhang/thesis_michel/server_processing/t0_rootFiles/beam28777_new202602/wvf_applyCut_removeBeam/wvfFind_event17623_trackID13_opNum9_2.root
[COPY] event=17623, trackID=8, T0=-1.62494 -> /Volumes/ssd_zhang/thesis_michel/server_processing/t0_rootFiles/beam28777_new202602/wvf_applyCut_removeBeam/wvfFind_event17623_trackID8_opNum5.root
[COPY] event=17646, trackID=9, T0=-0.415317 -> /Volumes/ssd_zhang/thesis_michel/server_processing/t0_rootFiles/beam28777_new202602/wvf_applyCut_removeBeam/wvfFind_event17646_trackID9_opNum6.root
[COPY] event=17650, trackID=3, T0=-1.86571 -> /Volumes/ssd_zhang/thesis_michel/server_processing/t0_rootFiles/beam28777_new202602/wvf_applyCut_removeBeam/wvfFind_event17650_trackID3_opNum5.root
[COPY] event=17666, trackID=5, T0=0.361351 -> /Volumes/ssd_zhang/thesis_michel/server_processing/t0_rootFiles/beam28777_new202602/wvf_applyCut_removeBeam/wvfFind_event17666_trackID5_opNum5_merged.root
[COPY] event=17671, trackID=37, T0=-0.57645 -> /Volumes/ssd_zhang/thesis_michel/server_processing/t0_rootFiles/beam28777_new202602/wvf_applyCut_removeBeam/wvfFind_event17671_trackID37_opNum4.root
[COPY] event=17701, trackID=5, T0=-1.63147 -> /Volumes/ssd_zhang/thesis_michel/server_processing/t0_rootFiles/beam28777_new202602/wvf_applyCut_removeBeam/wvfFind_event17701_trackID5_opNum5.root
[COPY] event=1770, trackID=9, T0=-1.45781 -> /Volumes/ssd_zhang/thesis_michel/server_processing/t0_rootFiles/beam28777_new202602/wvf_applyCut_removeBeam/wvfFind_event1770_trackID9_opNum3.root
[COPY] event=1770, trackID=9, T0=-1.45781 -> /Volumes/ssd_zhang/thesis_michel/server_processing/t0_rootFiles/beam28777_new202602/wvf_applyCut_removeBeam/wvfFind_event1770_trackID9_opNum3_2.root
[COPY] event=17713, trackID=0, T0=-0.842266 -> /Volumes/ssd_zhang/thesis_michel/server_processing/t0_rootFiles/beam28777_new202602/wvf_applyCut_removeBeam/wvfFind_event17713_trackID0_opNum4.root
[COPY] event=17726, trackID=1, T0=-1.4 -> /Volumes/ssd_zhang/thesis_michel/server_processing/t0_rootFiles/beam28777_new202602/wvf_applyCut_removeBeam/wvfFind_event17726_trackID1_opNum9.root
[COPY] event=17731, trackID=15, T0=-1.51329 -> /Volumes/ssd_zhang/thesis_michel/server_processing/t0_rootFiles/beam28777_new202602/wvf_applyCut_removeBeam/wvfFind_event17731_trackID15_opNum3.root
[COPY] event=17732, trackID=0, T0=-0.383981 -> /Volumes/ssd_zhang/thesis_michel/server_processing/t0_rootFiles/beam28777_new202602/wvf_applyCut_removeBeam/wvfFind_event17732_trackID0_opNum9.root
[COPY] event=17738, trackID=0, T0=0.271948 -> /Volumes/ssd_zhang/thesis_michel/server_processing/t0_rootFiles/beam28777_new202602/wvf_applyCut_removeBeam/wvfFind_event17738_trackID0_opNum8.root
[COPY] event=17758, trackID=32, T0=-0.368382 -> /Volumes/ssd_zhang/thesis_michel/server_processing/t0_rootFiles/beam28777_new202602/wvf_applyCut_removeBeam/wvfFind_event17758_trackID32_opNum4.root
[COPY] event=1777, trackID=7, T0=-1.55895 -> /Volumes/ssd_zhang/thesis_michel/server_processing/t0_rootFiles/beam28777_new202602/wvf_applyCut_removeBeam/wvfFind_event1777_trackID7_opNum7.root
[COPY] event=17799, trackID=2, T0=-1.44196 -> /Volumes/ssd_zhang/thesis_michel/server_processing/t0_rootFiles/beam28777_new202602/wvf_applyCut_removeBeam/wvfFind_event17799_trackID2_opNum9.root
[COPY] event=17799, trackID=2, T0=-1.44196 -> /Volumes/ssd_zhang/thesis_michel/server_processing/t0_rootFiles/beam28777_new202602/wvf_applyCut_removeBeam/wvfFind_event17799_trackID2_opNum9_2.root
[COPY] event=17837, trackID=9, T0=0.533793 -> /Volumes/ssd_zhang/thesis_michel/server_processing/t0_rootFiles/beam28777_new202602/wvf_applyCut_removeBeam/wvfFind_event17837_trackID9_opNum9.root
[COPY] event=17854, trackID=5, T0=-1.19248 -> /Volumes/ssd_zhang/thesis_michel/server_processing/t0_rootFiles/beam28777_new202602/wvf_applyCut_removeBeam/wvfFind_event17854_trackID5_opNum9.root
[COPY] event=17863, trackID=6, T0=-2.20342 -> /Volumes/ssd_zhang/thesis_michel/server_processing/t0_rootFiles/beam28777_new202602/wvf_applyCut_removeBeam/wvfFind_event17863_trackID6_opNum4.root
[COPY] event=17868, trackID=3, T0=-0.307709 -> /Volumes/ssd_zhang/thesis_michel/server_processing/t0_rootFiles/beam28777_new202602/wvf_applyCut_removeBeam/wvfFind_event17868_trackID3_opNum5.root
[COPY] event=17892, trackID=7, T0=-0.0240777 -> /Volumes/ssd_zhang/thesis_michel/server_processing/t0_rootFiles/beam28777_new202602/wvf_applyCut_removeBeam/wvfFind_event17892_trackID7_opNum9_merged.root
[SKIP] (in range) event=17901, trackID=11, T0=-0.0382117
[COPY] event=17918, trackID=16, T0=-1.66074 -> /Volumes/ssd_zhang/thesis_michel/server_processing/t0_rootFiles/beam28777_new202602/wvf_applyCut_removeBeam/wvfFind_event17918_trackID16_opNum3_merged.root
[COPY] event=17923, trackID=0, T0=-0.303982 -> /Volumes/ssd_zhang/thesis_michel/server_processing/t0_rootFiles/beam28777_new202602/wvf_applyCut_removeBeam/wvfFind_event17923_trackID0_opNum9.root
[SKIP] (in range) event=17923, trackID=5, T0=-0.0746658
[COPY] event=18005, trackID=18, T0=-2.46349 -> /Volumes/ssd_zhang/thesis_michel/server_processing/t0_rootFiles/beam28777_new202602/wvf_applyCut_removeBeam/wvfFind_event18005_trackID18_opNum9.root
[COPY] event=18023, trackID=6, T0=-0.771886 -> /Volumes/ssd_zhang/thesis_michel/server_processing/t0_rootFiles/beam28777_new202602/wvf_applyCut_removeBeam/wvfFind_event18023_trackID6_opNum6.root
[COPY] event=18043, trackID=13, T0=0.429631 -> /Volumes/ssd_zhang/thesis_michel/server_processing/t0_rootFiles/beam28777_new202602/wvf_applyCut_removeBeam/wvfFind_event18043_trackID13_opNum8.root
[COPY] event=18043, trackID=13, T0=0.429631 -> /Volumes/ssd_zhang/thesis_michel/server_processing/t0_rootFiles/beam28777_new202602/wvf_applyCut_removeBeam/wvfFind_event18043_trackID13_opNum8_2.root
[COPY] event=18070, trackID=20, T0=-2.38991 -> /Volumes/ssd_zhang/thesis_michel/server_processing/t0_rootFiles/beam28777_new202602/wvf_applyCut_removeBeam/wvfFind_event18070_trackID20_opNum8.root
[COPY] event=18098, trackID=11, T0=0.086655 -> /Volumes/ssd_zhang/thesis_michel/server_processing/t0_rootFiles/beam28777_new202602/wvf_applyCut_removeBeam/wvfFind_event18098_trackID11_opNum7.root
[COPY] event=18109, trackID=14, T0=-1.16916 -> /Volumes/ssd_zhang/thesis_michel/server_processing/t0_rootFiles/beam28777_new202602/wvf_applyCut_removeBeam/wvfFind_event18109_trackID14_opNum4.root
[COPY] event=18113, trackID=8, T0=-0.921233 -> /Volumes/ssd_zhang/thesis_michel/server_processing/t0_rootFiles/beam28777_new202602/wvf_applyCut_removeBeam/wvfFind_event18113_trackID8_opNum9.root
[COPY] event=18113, trackID=8, T0=-0.921233 -> /Volumes/ssd_zhang/thesis_michel/server_processing/t0_rootFiles/beam28777_new202602/wvf_applyCut_removeBeam/wvfFind_event18113_trackID8_opNum9_2.root
[COPY] event=18121, trackID=5, T0=-0.600226 -> /Volumes/ssd_zhang/thesis_michel/server_processing/t0_rootFiles/beam28777_new202602/wvf_applyCut_removeBeam/wvfFind_event18121_trackID5_opNum3.root
[COPY] event=18151, trackID=32, T0=-2.44377 -> /Volumes/ssd_zhang/thesis_michel/server_processing/t0_rootFiles/beam28777_new202602/wvf_applyCut_removeBeam/wvfFind_event18151_trackID32_opNum9.root
[COPY] event=18161, trackID=29, T0=-2.29475 -> /Volumes/ssd_zhang/thesis_michel/server_processing/t0_rootFiles/beam28777_new202602/wvf_applyCut_removeBeam/wvfFind_event18161_trackID29_opNum9.root
[COPY] event=18161, trackID=29, T0=-2.29475 -> /Volumes/ssd_zhang/thesis_michel/server_processing/t0_rootFiles/beam28777_new202602/wvf_applyCut_removeBeam/wvfFind_event18161_trackID29_opNum9_2.root
[COPY] event=18162, trackID=10, T0=-0.623301 -> /Volumes/ssd_zhang/thesis_michel/server_processing/t0_rootFiles/beam28777_new202602/wvf_applyCut_removeBeam/wvfFind_event18162_trackID10_opNum3.root
[COPY] event=18183, trackID=4, T0=0.113472 -> /Volumes/ssd_zhang/thesis_michel/server_processing/t0_rootFiles/beam28777_new202602/wvf_applyCut_removeBeam/wvfFind_event18183_trackID4_opNum9.root
[COPY] event=18210, trackID=13, T0=-2.05601 -> /Volumes/ssd_zhang/thesis_michel/server_processing/t0_rootFiles/beam28777_new202602/wvf_applyCut_removeBeam/wvfFind_event18210_trackID13_opNum4.root
[COPY] event=18217, trackID=1, T0=-0.853766 -> /Volumes/ssd_zhang/thesis_michel/server_processing/t0_rootFiles/beam28777_new202602/wvf_applyCut_removeBeam/wvfFind_event18217_trackID1_opNum9.root
[COPY] event=18217, trackID=1, T0=-0.853766 -> /Volumes/ssd_zhang/thesis_michel/server_processing/t0_rootFiles/beam28777_new202602/wvf_applyCut_removeBeam/wvfFind_event18217_trackID1_opNum9_2.root
[COPY] event=18226, trackID=16, T0=-2.2478 -> /Volumes/ssd_zhang/thesis_michel/server_processing/t0_rootFiles/beam28777_new202602/wvf_applyCut_removeBeam/wvfFind_event18226_trackID16_opNum7.root
[COPY] event=18263, trackID=9, T0=-1.70369 -> /Volumes/ssd_zhang/thesis_michel/server_processing/t0_rootFiles/beam28777_new202602/wvf_applyCut_removeBeam/wvfFind_event18263_trackID9_opNum6_merged.root
[COPY] event=18277, trackID=22, T0=-0.821285 -> /Volumes/ssd_zhang/thesis_michel/server_processing/t0_rootFiles/beam28777_new202602/wvf_applyCut_removeBeam/wvfFind_event18277_trackID22_opNum9.root
[COPY] event=18291, trackID=4, T0=-0.974381 -> /Volumes/ssd_zhang/thesis_michel/server_processing/t0_rootFiles/beam28777_new202602/wvf_applyCut_removeBeam/wvfFind_event18291_trackID4_opNum8.root
[COPY] event=18299, trackID=2, T0=-1.04784 -> /Volumes/ssd_zhang/thesis_michel/server_processing/t0_rootFiles/beam28777_new202602/wvf_applyCut_removeBeam/wvfFind_event18299_trackID2_opNum4.root
[COPY] event=18309, trackID=8, T0=-2.23685 -> /Volumes/ssd_zhang/thesis_michel/server_processing/t0_rootFiles/beam28777_new202602/wvf_applyCut_removeBeam/wvfFind_event18309_trackID8_opNum5.root
[COPY] event=18315, trackID=9, T0=-2.02438 -> /Volumes/ssd_zhang/thesis_michel/server_processing/t0_rootFiles/beam28777_new202602/wvf_applyCut_removeBeam/wvfFind_event18315_trackID9_opNum4.root
[COPY] event=18318, trackID=4, T0=-1.21126 -> /Volumes/ssd_zhang/thesis_michel/server_processing/t0_rootFiles/beam28777_new202602/wvf_applyCut_removeBeam/wvfFind_event18318_trackID4_opNum3_merged.root
[COPY] event=18321, trackID=19, T0=-0.834364 -> /Volumes/ssd_zhang/thesis_michel/server_processing/t0_rootFiles/beam28777_new202602/wvf_applyCut_removeBeam/wvfFind_event18321_trackID19_opNum9.root
[COPY] event=18332, trackID=9, T0=-2.15647 -> /Volumes/ssd_zhang/thesis_michel/server_processing/t0_rootFiles/beam28777_new202602/wvf_applyCut_removeBeam/wvfFind_event18332_trackID9_opNum8.root
[COPY] event=18346, trackID=16, T0=-2.07512 -> /Volumes/ssd_zhang/thesis_michel/server_processing/t0_rootFiles/beam28777_new202602/wvf_applyCut_removeBeam/wvfFind_event18346_trackID16_opNum9_merged.root
[COPY] event=18352, trackID=0, T0=-0.342089 -> /Volumes/ssd_zhang/thesis_michel/server_processing/t0_rootFiles/beam28777_new202602/wvf_applyCut_removeBeam/wvfFind_event18352_trackID0_opNum5.root
[COPY] event=18386, trackID=15, T0=-2.1646 -> /Volumes/ssd_zhang/thesis_michel/server_processing/t0_rootFiles/beam28777_new202602/wvf_applyCut_removeBeam/wvfFind_event18386_trackID15_opNum5.root
[COPY] event=18399, trackID=14, T0=-1.42448 -> /Volumes/ssd_zhang/thesis_michel/server_processing/t0_rootFiles/beam28777_new202602/wvf_applyCut_removeBeam/wvfFind_event18399_trackID14_opNum9.root
[COPY] event=183, trackID=6, T0=-0.949067 -> /Volumes/ssd_zhang/thesis_michel/server_processing/t0_rootFiles/beam28777_new202602/wvf_applyCut_removeBeam/wvfFind_event183_trackID6_opNum8.root
[COPY] event=18400, trackID=0, T0=0.316684 -> /Volumes/ssd_zhang/thesis_michel/server_processing/t0_rootFiles/beam28777_new202602/wvf_applyCut_removeBeam/wvfFind_event18400_trackID0_opNum8.root
[COPY] event=18405, trackID=18, T0=-1.71155 -> /Volumes/ssd_zhang/thesis_michel/server_processing/t0_rootFiles/beam28777_new202602/wvf_applyCut_removeBeam/wvfFind_event18405_trackID18_opNum9.root
[COPY] event=18421, trackID=7, T0=-0.995374 -> /Volumes/ssd_zhang/thesis_michel/server_processing/t0_rootFiles/beam28777_new202602/wvf_applyCut_removeBeam/wvfFind_event18421_trackID7_opNum3.root
[COPY] event=18421, trackID=7, T0=-0.995374 -> /Volumes/ssd_zhang/thesis_michel/server_processing/t0_rootFiles/beam28777_new202602/wvf_applyCut_removeBeam/wvfFind_event18421_trackID7_opNum3_2.root
[COPY] event=18424, trackID=19, T0=-1.80122 -> /Volumes/ssd_zhang/thesis_michel/server_processing/t0_rootFiles/beam28777_new202602/wvf_applyCut_removeBeam/wvfFind_event18424_trackID19_opNum6_merged.root
[COPY] event=18428, trackID=11, T0=-1.53696 -> /Volumes/ssd_zhang/thesis_michel/server_processing/t0_rootFiles/beam28777_new202602/wvf_applyCut_removeBeam/wvfFind_event18428_trackID11_opNum5.root
[COPY] event=18428, trackID=11, T0=-1.53696 -> /Volumes/ssd_zhang/thesis_michel/server_processing/t0_rootFiles/beam28777_new202602/wvf_applyCut_removeBeam/wvfFind_event18428_trackID11_opNum5_2.root
[COPY] event=18428, trackID=9, T0=-1.8309 -> /Volumes/ssd_zhang/thesis_michel/server_processing/t0_rootFiles/beam28777_new202602/wvf_applyCut_removeBeam/wvfFind_event18428_trackID9_opNum5.root
[COPY] event=1843, trackID=6, T0=0.00123653 -> /Volumes/ssd_zhang/thesis_michel/server_processing/t0_rootFiles/beam28777_new202602/wvf_applyCut_removeBeam/wvfFind_event1843_trackID6_opNum9_merged.root
[COPY] event=18442, trackID=2, T0=-1.13332 -> /Volumes/ssd_zhang/thesis_michel/server_processing/t0_rootFiles/beam28777_new202602/wvf_applyCut_removeBeam/wvfFind_event18442_trackID2_opNum5.root
[COPY] event=18479, trackID=3, T0=-0.269108 -> /Volumes/ssd_zhang/thesis_michel/server_processing/t0_rootFiles/beam28777_new202602/wvf_applyCut_removeBeam/wvfFind_event18479_trackID3_opNum9.root
[COPY] event=18510, trackID=35, T0=0.33379 -> /Volumes/ssd_zhang/thesis_michel/server_processing/t0_rootFiles/beam28777_new202602/wvf_applyCut_removeBeam/wvfFind_event18510_trackID35_opNum9.root
[COPY] event=18524, trackID=14, T0=-0.420801 -> /Volumes/ssd_zhang/thesis_michel/server_processing/t0_rootFiles/beam28777_new202602/wvf_applyCut_removeBeam/wvfFind_event18524_trackID14_opNum8.root
[COPY] event=18540, trackID=11, T0=-1.67249 -> /Volumes/ssd_zhang/thesis_michel/server_processing/t0_rootFiles/beam28777_new202602/wvf_applyCut_removeBeam/wvfFind_event18540_trackID11_opNum9.root
[COPY] event=18555, trackID=2, T0=-0.765791 -> /Volumes/ssd_zhang/thesis_michel/server_processing/t0_rootFiles/beam28777_new202602/wvf_applyCut_removeBeam/wvfFind_event18555_trackID2_opNum8.root
[COPY] event=18586, trackID=17, T0=-1.81047 -> /Volumes/ssd_zhang/thesis_michel/server_processing/t0_rootFiles/beam28777_new202602/wvf_applyCut_removeBeam/wvfFind_event18586_trackID17_opNum5.root
[COPY] event=18594, trackID=28, T0=-1.37899 -> /Volumes/ssd_zhang/thesis_michel/server_processing/t0_rootFiles/beam28777_new202602/wvf_applyCut_removeBeam/wvfFind_event18594_trackID28_opNum6.root
[SKIP] (in range) event=18594, trackID=6, T0=-0.101234
[COPY] event=18608, trackID=16, T0=-2.35206 -> /Volumes/ssd_zhang/thesis_michel/server_processing/t0_rootFiles/beam28777_new202602/wvf_applyCut_removeBeam/wvfFind_event18608_trackID16_opNum7.root
[COPY] event=18615, trackID=19, T0=-1.54514 -> /Volumes/ssd_zhang/thesis_michel/server_processing/t0_rootFiles/beam28777_new202602/wvf_applyCut_removeBeam/wvfFind_event18615_trackID19_opNum6.root
[SKIP] (in range) event=18623, trackID=10, T0=-0.0689133
[COPY] event=18644, trackID=5, T0=-1.36526 -> /Volumes/ssd_zhang/thesis_michel/server_processing/t0_rootFiles/beam28777_new202602/wvf_applyCut_removeBeam/wvfFind_event18644_trackID5_opNum6.root
[COPY] event=18651, trackID=8, T0=-0.189421 -> /Volumes/ssd_zhang/thesis_michel/server_processing/t0_rootFiles/beam28777_new202602/wvf_applyCut_removeBeam/wvfFind_event18651_trackID8_opNum8.root
[COPY] event=18698, trackID=28, T0=-2.01026 -> /Volumes/ssd_zhang/thesis_michel/server_processing/t0_rootFiles/beam28777_new202602/wvf_applyCut_removeBeam/wvfFind_event18698_trackID28_opNum6.root
[COPY] event=18698, trackID=28, T0=-2.01026 -> /Volumes/ssd_zhang/thesis_michel/server_processing/t0_rootFiles/beam28777_new202602/wvf_applyCut_removeBeam/wvfFind_event18698_trackID28_opNum6_2.root
[COPY] event=18699, trackID=4, T0=-1.45336 -> /Volumes/ssd_zhang/thesis_michel/server_processing/t0_rootFiles/beam28777_new202602/wvf_applyCut_removeBeam/wvfFind_event18699_trackID4_opNum4.root
[COPY] event=1870, trackID=16, T0=0.0538677 -> /Volumes/ssd_zhang/thesis_michel/server_processing/t0_rootFiles/beam28777_new202602/wvf_applyCut_removeBeam/wvfFind_event1870_trackID16_opNum5.root
[COPY] event=18721, trackID=13, T0=-1.27422 -> /Volumes/ssd_zhang/thesis_michel/server_processing/t0_rootFiles/beam28777_new202602/wvf_applyCut_removeBeam/wvfFind_event18721_trackID13_opNum5.root
[COPY] event=18755, trackID=4, T0=-1.12516 -> /Volumes/ssd_zhang/thesis_michel/server_processing/t0_rootFiles/beam28777_new202602/wvf_applyCut_removeBeam/wvfFind_event18755_trackID4_opNum4.root
[COPY] event=18794, trackID=0, T0=0.367345 -> /Volumes/ssd_zhang/thesis_michel/server_processing/t0_rootFiles/beam28777_new202602/wvf_applyCut_removeBeam/wvfFind_event18794_trackID0_opNum9.root
[COPY] event=18794, trackID=0, T0=0.367345 -> /Volumes/ssd_zhang/thesis_michel/server_processing/t0_rootFiles/beam28777_new202602/wvf_applyCut_removeBeam/wvfFind_event18794_trackID0_opNum9_2.root
[COPY] event=18802, trackID=38, T0=-2.42819 -> /Volumes/ssd_zhang/thesis_michel/server_processing/t0_rootFiles/beam28777_new202602/wvf_applyCut_removeBeam/wvfFind_event18802_trackID38_opNum9.root
[COPY] event=18802, trackID=38, T0=-2.42819 -> /Volumes/ssd_zhang/thesis_michel/server_processing/t0_rootFiles/beam28777_new202602/wvf_applyCut_removeBeam/wvfFind_event18802_trackID38_opNum9_2.root
[COPY] event=18812, trackID=0, T0=0.0775173 -> /Volumes/ssd_zhang/thesis_michel/server_processing/t0_rootFiles/beam28777_new202602/wvf_applyCut_removeBeam/wvfFind_event18812_trackID0_opNum5.root
[COPY] event=18814, trackID=9, T0=2.01847 -> /Volumes/ssd_zhang/thesis_michel/server_processing/t0_rootFiles/beam28777_new202602/wvf_applyCut_removeBeam/wvfFind_event18814_trackID9_opNum4.root
[COPY] event=18815, trackID=9, T0=-2.19972 -> /Volumes/ssd_zhang/thesis_michel/server_processing/t0_rootFiles/beam28777_new202602/wvf_applyCut_removeBeam/wvfFind_event18815_trackID9_opNum6.root
[COPY] event=18855, trackID=20, T0=-2.27348 -> /Volumes/ssd_zhang/thesis_michel/server_processing/t0_rootFiles/beam28777_new202602/wvf_applyCut_removeBeam/wvfFind_event18855_trackID20_opNum9.root
[COPY] event=18858, trackID=26, T0=0.204322 -> /Volumes/ssd_zhang/thesis_michel/server_processing/t0_rootFiles/beam28777_new202602/wvf_applyCut_removeBeam/wvfFind_event18858_trackID26_opNum8.root
[COPY] event=18865, trackID=7, T0=-1.4164 -> /Volumes/ssd_zhang/thesis_michel/server_processing/t0_rootFiles/beam28777_new202602/wvf_applyCut_removeBeam/wvfFind_event18865_trackID7_opNum5.root
[COPY] event=18869, trackID=10, T0=0.457797 -> /Volumes/ssd_zhang/thesis_michel/server_processing/t0_rootFiles/beam28777_new202602/wvf_applyCut_removeBeam/wvfFind_event18869_trackID10_opNum3.root
[COPY] event=1887, trackID=7, T0=-1.71639 -> /Volumes/ssd_zhang/thesis_michel/server_processing/t0_rootFiles/beam28777_new202602/wvf_applyCut_removeBeam/wvfFind_event1887_trackID7_opNum9.root
[COPY] event=1887, trackID=7, T0=-1.71639 -> /Volumes/ssd_zhang/thesis_michel/server_processing/t0_rootFiles/beam28777_new202602/wvf_applyCut_removeBeam/wvfFind_event1887_trackID7_opNum9_2.root
[COPY] event=18882, trackID=1, T0=-0.402792 -> /Volumes/ssd_zhang/thesis_michel/server_processing/t0_rootFiles/beam28777_new202602/wvf_applyCut_removeBeam/wvfFind_event18882_trackID1_opNum5.root
[COPY] event=18892, trackID=3, T0=-0.299755 -> /Volumes/ssd_zhang/thesis_michel/server_processing/t0_rootFiles/beam28777_new202602/wvf_applyCut_removeBeam/wvfFind_event18892_trackID3_opNum9.root
[COPY] event=18915, trackID=10, T0=0.453633 -> /Volumes/ssd_zhang/thesis_michel/server_processing/t0_rootFiles/beam28777_new202602/wvf_applyCut_removeBeam/wvfFind_event18915_trackID10_opNum5.root
[COPY] event=18941, trackID=19, T0=-2.30554 -> /Volumes/ssd_zhang/thesis_michel/server_processing/t0_rootFiles/beam28777_new202602/wvf_applyCut_removeBeam/wvfFind_event18941_trackID19_opNum4_merged.root
[COPY] event=18965, trackID=11, T0=-1.7862 -> /Volumes/ssd_zhang/thesis_michel/server_processing/t0_rootFiles/beam28777_new202602/wvf_applyCut_removeBeam/wvfFind_event18965_trackID11_opNum6.root
[COPY] event=18965, trackID=11, T0=-1.7862 -> /Volumes/ssd_zhang/thesis_michel/server_processing/t0_rootFiles/beam28777_new202602/wvf_applyCut_removeBeam/wvfFind_event18965_trackID11_opNum6_2.root
[COPY] event=18985, trackID=0, T0=0.425792 -> /Volumes/ssd_zhang/thesis_michel/server_processing/t0_rootFiles/beam28777_new202602/wvf_applyCut_removeBeam/wvfFind_event18985_trackID0_opNum9.root
[COPY] event=18996, trackID=13, T0=-1.57599 -> /Volumes/ssd_zhang/thesis_michel/server_processing/t0_rootFiles/beam28777_new202602/wvf_applyCut_removeBeam/wvfFind_event18996_trackID13_opNum9.root
[COPY] event=189, trackID=25, T0=-2.36088 -> /Volumes/ssd_zhang/thesis_michel/server_processing/t0_rootFiles/beam28777_new202602/wvf_applyCut_removeBeam/wvfFind_event189_trackID25_opNum5.root
[COPY] event=19008, trackID=29, T0=-1.89067 -> /Volumes/ssd_zhang/thesis_michel/server_processing/t0_rootFiles/beam28777_new202602/wvf_applyCut_removeBeam/wvfFind_event19008_trackID29_opNum3.root
[COPY] event=1901, trackID=0, T0=-0.726139 -> /Volumes/ssd_zhang/thesis_michel/server_processing/t0_rootFiles/beam28777_new202602/wvf_applyCut_removeBeam/wvfFind_event1901_trackID0_opNum5.root
[COPY] event=19033, trackID=5, T0=-1.71763 -> /Volumes/ssd_zhang/thesis_michel/server_processing/t0_rootFiles/beam28777_new202602/wvf_applyCut_removeBeam/wvfFind_event19033_trackID5_opNum4.root
[COPY] event=19049, trackID=4, T0=-0.277455 -> /Volumes/ssd_zhang/thesis_michel/server_processing/t0_rootFiles/beam28777_new202602/wvf_applyCut_removeBeam/wvfFind_event19049_trackID4_opNum9.root
[COPY] event=19088, trackID=8, T0=-1.64201 -> /Volumes/ssd_zhang/thesis_michel/server_processing/t0_rootFiles/beam28777_new202602/wvf_applyCut_removeBeam/wvfFind_event19088_trackID8_opNum3.root
[COPY] event=19088, trackID=8, T0=-1.64201 -> /Volumes/ssd_zhang/thesis_michel/server_processing/t0_rootFiles/beam28777_new202602/wvf_applyCut_removeBeam/wvfFind_event19088_trackID8_opNum3_2.root
[SKIP] (in range) event=190, trackID=2, T0=-0.0463036
[COPY] event=19102, trackID=4, T0=0.146773 -> /Volumes/ssd_zhang/thesis_michel/server_processing/t0_rootFiles/beam28777_new202602/wvf_applyCut_removeBeam/wvfFind_event19102_trackID4_opNum8.root
[COPY] event=19115, trackID=1, T0=-1.97846 -> /Volumes/ssd_zhang/thesis_michel/server_processing/t0_rootFiles/beam28777_new202602/wvf_applyCut_removeBeam/wvfFind_event19115_trackID1_opNum4.root
[COPY] event=19135, trackID=3, T0=0.226614 -> /Volumes/ssd_zhang/thesis_michel/server_processing/t0_rootFiles/beam28777_new202602/wvf_applyCut_removeBeam/wvfFind_event19135_trackID3_opNum8.root
[COPY] event=19144, trackID=9, T0=-1.04723 -> /Volumes/ssd_zhang/thesis_michel/server_processing/t0_rootFiles/beam28777_new202602/wvf_applyCut_removeBeam/wvfFind_event19144_trackID9_opNum4.root
[COPY] event=19144, trackID=9, T0=-1.04723 -> /Volumes/ssd_zhang/thesis_michel/server_processing/t0_rootFiles/beam28777_new202602/wvf_applyCut_removeBeam/wvfFind_event19144_trackID9_opNum4_2.root
[COPY] event=19146, trackID=17, T0=0.434493 -> /Volumes/ssd_zhang/thesis_michel/server_processing/t0_rootFiles/beam28777_new202602/wvf_applyCut_removeBeam/wvfFind_event19146_trackID17_opNum3_merged.root
[COPY] event=19152, trackID=6, T0=-0.354636 -> /Volumes/ssd_zhang/thesis_michel/server_processing/t0_rootFiles/beam28777_new202602/wvf_applyCut_removeBeam/wvfFind_event19152_trackID6_opNum4.root
[COPY] event=19152, trackID=6, T0=-0.354636 -> /Volumes/ssd_zhang/thesis_michel/server_processing/t0_rootFiles/beam28777_new202602/wvf_applyCut_removeBeam/wvfFind_event19152_trackID6_opNum4_2.root
[COPY] event=19163, trackID=41, T0=1.35934 -> /Volumes/ssd_zhang/thesis_michel/server_processing/t0_rootFiles/beam28777_new202602/wvf_applyCut_removeBeam/wvfFind_event19163_trackID41_opNum5.root
[COPY] event=19173, trackID=24, T0=-1.62662 -> /Volumes/ssd_zhang/thesis_michel/server_processing/t0_rootFiles/beam28777_new202602/wvf_applyCut_removeBeam/wvfFind_event19173_trackID24_opNum7.root
[COPY] event=19176, trackID=7, T0=-1.79447 -> /Volumes/ssd_zhang/thesis_michel/server_processing/t0_rootFiles/beam28777_new202602/wvf_applyCut_removeBeam/wvfFind_event19176_trackID7_opNum7_merged.root
[COPY] event=19183, trackID=3, T0=-1.36766 -> /Volumes/ssd_zhang/thesis_michel/server_processing/t0_rootFiles/beam28777_new202602/wvf_applyCut_removeBeam/wvfFind_event19183_trackID3_opNum5.root
[COPY] event=19184, trackID=5, T0=-1.81488 -> /Volumes/ssd_zhang/thesis_michel/server_processing/t0_rootFiles/beam28777_new202602/wvf_applyCut_removeBeam/wvfFind_event19184_trackID5_opNum5.root
[COPY] event=19184, trackID=9, T0=0.127739 -> /Volumes/ssd_zhang/thesis_michel/server_processing/t0_rootFiles/beam28777_new202602/wvf_applyCut_removeBeam/wvfFind_event19184_trackID9_opNum5_merged.root
[COPY] event=19189, trackID=22, T0=-2.46647 -> /Volumes/ssd_zhang/thesis_michel/server_processing/t0_rootFiles/beam28777_new202602/wvf_applyCut_removeBeam/wvfFind_event19189_trackID22_opNum9_merged.root
[COPY] event=1918, trackID=8, T0=0.318364 -> /Volumes/ssd_zhang/thesis_michel/server_processing/t0_rootFiles/beam28777_new202602/wvf_applyCut_removeBeam/wvfFind_event1918_trackID8_opNum9.root
[COPY] event=19198, trackID=9, T0=-1.2089 -> /Volumes/ssd_zhang/thesis_michel/server_processing/t0_rootFiles/beam28777_new202602/wvf_applyCut_removeBeam/wvfFind_event19198_trackID9_opNum5.root
[COPY] event=19198, trackID=9, T0=-1.2089 -> /Volumes/ssd_zhang/thesis_michel/server_processing/t0_rootFiles/beam28777_new202602/wvf_applyCut_removeBeam/wvfFind_event19198_trackID9_opNum5_2.root
[COPY] event=19213, trackID=8, T0=-0.139795 -> /Volumes/ssd_zhang/thesis_michel/server_processing/t0_rootFiles/beam28777_new202602/wvf_applyCut_removeBeam/wvfFind_event19213_trackID8_opNum9.root
[COPY] event=19224, trackID=9, T0=-0.359154 -> /Volumes/ssd_zhang/thesis_michel/server_processing/t0_rootFiles/beam28777_new202602/wvf_applyCut_removeBeam/wvfFind_event19224_trackID9_opNum3.root
[SKIP] (in range) event=19225, trackID=7, T0=-0.0684552
[SKIP] (in range) event=19225, trackID=7, T0=-0.0684552
[COPY] event=19228, trackID=16, T0=-0.497096 -> /Volumes/ssd_zhang/thesis_michel/server_processing/t0_rootFiles/beam28777_new202602/wvf_applyCut_removeBeam/wvfFind_event19228_trackID16_opNum9.root
[SKIP] (in range) event=19228, trackID=3, T0=-0.0542723
[COPY] event=19236, trackID=25, T0=0.0781931 -> /Volumes/ssd_zhang/thesis_michel/server_processing/t0_rootFiles/beam28777_new202602/wvf_applyCut_removeBeam/wvfFind_event19236_trackID25_opNum5.root
[COPY] event=19241, trackID=16, T0=-1.65426 -> /Volumes/ssd_zhang/thesis_michel/server_processing/t0_rootFiles/beam28777_new202602/wvf_applyCut_removeBeam/wvfFind_event19241_trackID16_opNum5.root
[COPY] event=19242, trackID=4, T0=0.469259 -> /Volumes/ssd_zhang/thesis_michel/server_processing/t0_rootFiles/beam28777_new202602/wvf_applyCut_removeBeam/wvfFind_event19242_trackID4_opNum9.root
[COPY] event=19243, trackID=1, T0=-1.1136 -> /Volumes/ssd_zhang/thesis_michel/server_processing/t0_rootFiles/beam28777_new202602/wvf_applyCut_removeBeam/wvfFind_event19243_trackID1_opNum5.root
[COPY] event=19243, trackID=1, T0=-1.1136 -> /Volumes/ssd_zhang/thesis_michel/server_processing/t0_rootFiles/beam28777_new202602/wvf_applyCut_removeBeam/wvfFind_event19243_trackID1_opNum5_2.root
[COPY] event=19260, trackID=7, T0=-1.40454 -> /Volumes/ssd_zhang/thesis_michel/server_processing/t0_rootFiles/beam28777_new202602/wvf_applyCut_removeBeam/wvfFind_event19260_trackID7_opNum8.root
[COPY] event=19270, trackID=17, T0=-2.29536 -> /Volumes/ssd_zhang/thesis_michel/server_processing/t0_rootFiles/beam28777_new202602/wvf_applyCut_removeBeam/wvfFind_event19270_trackID17_opNum8.root
[COPY] event=19274, trackID=6, T0=-1.8798 -> /Volumes/ssd_zhang/thesis_michel/server_processing/t0_rootFiles/beam28777_new202602/wvf_applyCut_removeBeam/wvfFind_event19274_trackID6_opNum7_merged.root
[SKIP] (in range) event=19277, trackID=15, T0=-0.0948607
[SKIP] (in range) event=19277, trackID=15, T0=-0.0948607
[COPY] event=19299, trackID=21, T0=0.429594 -> /Volumes/ssd_zhang/thesis_michel/server_processing/t0_rootFiles/beam28777_new202602/wvf_applyCut_removeBeam/wvfFind_event19299_trackID21_opNum9_merged.root
[COPY] event=192, trackID=12, T0=-1.17019 -> /Volumes/ssd_zhang/thesis_michel/server_processing/t0_rootFiles/beam28777_new202602/wvf_applyCut_removeBeam/wvfFind_event192_trackID12_opNum8.root
[COPY] event=1931, trackID=12, T0=-0.124583 -> /Volumes/ssd_zhang/thesis_michel/server_processing/t0_rootFiles/beam28777_new202602/wvf_applyCut_removeBeam/wvfFind_event1931_trackID12_opNum8.root
[COPY] event=1931, trackID=12, T0=-0.124583 -> /Volumes/ssd_zhang/thesis_michel/server_processing/t0_rootFiles/beam28777_new202602/wvf_applyCut_removeBeam/wvfFind_event1931_trackID12_opNum8_2.root
[COPY] event=19327, trackID=11, T0=-0.570177 -> /Volumes/ssd_zhang/thesis_michel/server_processing/t0_rootFiles/beam28777_new202602/wvf_applyCut_removeBeam/wvfFind_event19327_trackID11_opNum3.root
[COPY] event=19336, trackID=11, T0=-1.70778 -> /Volumes/ssd_zhang/thesis_michel/server_processing/t0_rootFiles/beam28777_new202602/wvf_applyCut_removeBeam/wvfFind_event19336_trackID11_opNum8_merged.root
[COPY] event=19336, trackID=12, T0=-0.638617 -> /Volumes/ssd_zhang/thesis_michel/server_processing/t0_rootFiles/beam28777_new202602/wvf_applyCut_removeBeam/wvfFind_event19336_trackID12_opNum8_merged.root
[COPY] event=19343, trackID=33, T0=-2.29314 -> /Volumes/ssd_zhang/thesis_michel/server_processing/t0_rootFiles/beam28777_new202602/wvf_applyCut_removeBeam/wvfFind_event19343_trackID33_opNum9.root
[COPY] event=19379, trackID=0, T0=-0.276441 -> /Volumes/ssd_zhang/thesis_michel/server_processing/t0_rootFiles/beam28777_new202602/wvf_applyCut_removeBeam/wvfFind_event19379_trackID0_opNum4.root
[COPY] event=19380, trackID=12, T0=-1.21718 -> /Volumes/ssd_zhang/thesis_michel/server_processing/t0_rootFiles/beam28777_new202602/wvf_applyCut_removeBeam/wvfFind_event19380_trackID12_opNum7.root
[COPY] event=19385, trackID=22, T0=-0.960428 -> /Volumes/ssd_zhang/thesis_michel/server_processing/t0_rootFiles/beam28777_new202602/wvf_applyCut_removeBeam/wvfFind_event19385_trackID22_opNum9.root
[COPY] event=19391, trackID=9, T0=-1.61386 -> /Volumes/ssd_zhang/thesis_michel/server_processing/t0_rootFiles/beam28777_new202602/wvf_applyCut_removeBeam/wvfFind_event19391_trackID9_opNum9.root
[COPY] event=19394, trackID=14, T0=-2.20116 -> /Volumes/ssd_zhang/thesis_michel/server_processing/t0_rootFiles/beam28777_new202602/wvf_applyCut_removeBeam/wvfFind_event19394_trackID14_opNum3.root
[COPY] event=19394, trackID=14, T0=-2.20116 -> /Volumes/ssd_zhang/thesis_michel/server_processing/t0_rootFiles/beam28777_new202602/wvf_applyCut_removeBeam/wvfFind_event19394_trackID14_opNum3_2.root
[COPY] event=19404, trackID=6, T0=-0.163691 -> /Volumes/ssd_zhang/thesis_michel/server_processing/t0_rootFiles/beam28777_new202602/wvf_applyCut_removeBeam/wvfFind_event19404_trackID6_opNum9.root
[COPY] event=19408, trackID=0, T0=-0.94729 -> /Volumes/ssd_zhang/thesis_michel/server_processing/t0_rootFiles/beam28777_new202602/wvf_applyCut_removeBeam/wvfFind_event19408_trackID0_opNum9.root
[COPY] event=19408, trackID=0, T0=-0.94729 -> /Volumes/ssd_zhang/thesis_michel/server_processing/t0_rootFiles/beam28777_new202602/wvf_applyCut_removeBeam/wvfFind_event19408_trackID0_opNum9_2.root
[COPY] event=19453, trackID=12, T0=0.129501 -> /Volumes/ssd_zhang/thesis_michel/server_processing/t0_rootFiles/beam28777_new202602/wvf_applyCut_removeBeam/wvfFind_event19453_trackID12_opNum9.root
[COPY] event=19453, trackID=12, T0=0.129501 -> /Volumes/ssd_zhang/thesis_michel/server_processing/t0_rootFiles/beam28777_new202602/wvf_applyCut_removeBeam/wvfFind_event19453_trackID12_opNum9_2.root
[COPY] event=19490, trackID=5, T0=0.0873977 -> /Volumes/ssd_zhang/thesis_michel/server_processing/t0_rootFiles/beam28777_new202602/wvf_applyCut_removeBeam/wvfFind_event19490_trackID5_opNum7.root
[COPY] event=19491, trackID=17, T0=-1.09926 -> /Volumes/ssd_zhang/thesis_michel/server_processing/t0_rootFiles/beam28777_new202602/wvf_applyCut_removeBeam/wvfFind_event19491_trackID17_opNum6_merged.root
[COPY] event=19494, trackID=3, T0=-0.773223 -> /Volumes/ssd_zhang/thesis_michel/server_processing/t0_rootFiles/beam28777_new202602/wvf_applyCut_removeBeam/wvfFind_event19494_trackID3_opNum4_merged.root
[COPY] event=19521, trackID=28, T0=2.61369 -> /Volumes/ssd_zhang/thesis_michel/server_processing/t0_rootFiles/beam28777_new202602/wvf_applyCut_removeBeam/wvfFind_event19521_trackID28_opNum8.root
[COPY] event=19567, trackID=15, T0=0.400681 -> /Volumes/ssd_zhang/thesis_michel/server_processing/t0_rootFiles/beam28777_new202602/wvf_applyCut_removeBeam/wvfFind_event19567_trackID15_opNum6.root
[COPY] event=19568, trackID=15, T0=-0.730034 -> /Volumes/ssd_zhang/thesis_michel/server_processing/t0_rootFiles/beam28777_new202602/wvf_applyCut_removeBeam/wvfFind_event19568_trackID15_opNum7.root
[COPY] event=19572, trackID=0, T0=0.305232 -> /Volumes/ssd_zhang/thesis_michel/server_processing/t0_rootFiles/beam28777_new202602/wvf_applyCut_removeBeam/wvfFind_event19572_trackID0_opNum5.root
[COPY] event=19572, trackID=0, T0=0.305232 -> /Volumes/ssd_zhang/thesis_michel/server_processing/t0_rootFiles/beam28777_new202602/wvf_applyCut_removeBeam/wvfFind_event19572_trackID0_opNum5_2.root
[COPY] event=19572, trackID=0, T0=0.305232 -> /Volumes/ssd_zhang/thesis_michel/server_processing/t0_rootFiles/beam28777_new202602/wvf_applyCut_removeBeam/wvfFind_event19572_trackID0_opNum5_3.root
[COPY] event=19587, trackID=21, T0=-1.86965 -> /Volumes/ssd_zhang/thesis_michel/server_processing/t0_rootFiles/beam28777_new202602/wvf_applyCut_removeBeam/wvfFind_event19587_trackID21_opNum9_merged.root
[COPY] event=19600, trackID=19, T0=-0.426078 -> /Volumes/ssd_zhang/thesis_michel/server_processing/t0_rootFiles/beam28777_new202602/wvf_applyCut_removeBeam/wvfFind_event19600_trackID19_opNum9.root
[COPY] event=19617, trackID=9, T0=-1.04857 -> /Volumes/ssd_zhang/thesis_michel/server_processing/t0_rootFiles/beam28777_new202602/wvf_applyCut_removeBeam/wvfFind_event19617_trackID9_opNum3.root
[COPY] event=19623, trackID=21, T0=-1.03898 -> /Volumes/ssd_zhang/thesis_michel/server_processing/t0_rootFiles/beam28777_new202602/wvf_applyCut_removeBeam/wvfFind_event19623_trackID21_opNum4.root
[COPY] event=19633, trackID=4, T0=-1.08465 -> /Volumes/ssd_zhang/thesis_michel/server_processing/t0_rootFiles/beam28777_new202602/wvf_applyCut_removeBeam/wvfFind_event19633_trackID4_opNum4.root
[COPY] event=19633, trackID=4, T0=-1.08465 -> /Volumes/ssd_zhang/thesis_michel/server_processing/t0_rootFiles/beam28777_new202602/wvf_applyCut_removeBeam/wvfFind_event19633_trackID4_opNum4_2.root
[COPY] event=1963, trackID=23, T0=-2.28066 -> /Volumes/ssd_zhang/thesis_michel/server_processing/t0_rootFiles/beam28777_new202602/wvf_applyCut_removeBeam/wvfFind_event1963_trackID23_opNum8.root
[COPY] event=19640, trackID=0, T0=-0.925666 -> /Volumes/ssd_zhang/thesis_michel/server_processing/t0_rootFiles/beam28777_new202602/wvf_applyCut_removeBeam/wvfFind_event19640_trackID0_opNum9.root
[COPY] event=19673, trackID=10, T0=-1.87453 -> /Volumes/ssd_zhang/thesis_michel/server_processing/t0_rootFiles/beam28777_new202602/wvf_applyCut_removeBeam/wvfFind_event19673_trackID10_opNum9.root
[COPY] event=19673, trackID=10, T0=-1.87453 -> /Volumes/ssd_zhang/thesis_michel/server_processing/t0_rootFiles/beam28777_new202602/wvf_applyCut_removeBeam/wvfFind_event19673_trackID10_opNum9_2.root
[COPY] event=19702, trackID=7, T0=-1.38266 -> /Volumes/ssd_zhang/thesis_michel/server_processing/t0_rootFiles/beam28777_new202602/wvf_applyCut_removeBeam/wvfFind_event19702_trackID7_opNum3.root
[COPY] event=19731, trackID=8, T0=0.104217 -> /Volumes/ssd_zhang/thesis_michel/server_processing/t0_rootFiles/beam28777_new202602/wvf_applyCut_removeBeam/wvfFind_event19731_trackID8_opNum9.root
[COPY] event=19731, trackID=8, T0=0.104217 -> /Volumes/ssd_zhang/thesis_michel/server_processing/t0_rootFiles/beam28777_new202602/wvf_applyCut_removeBeam/wvfFind_event19731_trackID8_opNum9_2.root
[COPY] event=19751, trackID=12, T0=-0.262913 -> /Volumes/ssd_zhang/thesis_michel/server_processing/t0_rootFiles/beam28777_new202602/wvf_applyCut_removeBeam/wvfFind_event19751_trackID12_opNum6.root
[SKIP] (in range) event=19788, trackID=2, T0=-0.068994
[COPY] event=19830, trackID=7, T0=-0.601358 -> /Volumes/ssd_zhang/thesis_michel/server_processing/t0_rootFiles/beam28777_new202602/wvf_applyCut_removeBeam/wvfFind_event19830_trackID7_opNum8_merged.root
[COPY] event=1984, trackID=15, T0=-1.58064 -> /Volumes/ssd_zhang/thesis_michel/server_processing/t0_rootFiles/beam28777_new202602/wvf_applyCut_removeBeam/wvfFind_event1984_trackID15_opNum8.root
[COPY] event=1984, trackID=15, T0=-1.58064 -> /Volumes/ssd_zhang/thesis_michel/server_processing/t0_rootFiles/beam28777_new202602/wvf_applyCut_removeBeam/wvfFind_event1984_trackID15_opNum8_2.root
[COPY] event=19861, trackID=9, T0=-0.58509 -> /Volumes/ssd_zhang/thesis_michel/server_processing/t0_rootFiles/beam28777_new202602/wvf_applyCut_removeBeam/wvfFind_event19861_trackID9_opNum9.root
[COPY] event=19865, trackID=10, T0=-1.08657 -> /Volumes/ssd_zhang/thesis_michel/server_processing/t0_rootFiles/beam28777_new202602/wvf_applyCut_removeBeam/wvfFind_event19865_trackID10_opNum5.root
[COPY] event=19875, trackID=9, T0=-1.05779 -> /Volumes/ssd_zhang/thesis_michel/server_processing/t0_rootFiles/beam28777_new202602/wvf_applyCut_removeBeam/wvfFind_event19875_trackID9_opNum3_merged.root
[SKIP] (in range) event=19907, trackID=22, T0=-0.0665758
[COPY] event=19919, trackID=3, T0=0.434489 -> /Volumes/ssd_zhang/thesis_michel/server_processing/t0_rootFiles/beam28777_new202602/wvf_applyCut_removeBeam/wvfFind_event19919_trackID3_opNum9.root
[COPY] event=19924, trackID=14, T0=-2.21735 -> /Volumes/ssd_zhang/thesis_michel/server_processing/t0_rootFiles/beam28777_new202602/wvf_applyCut_removeBeam/wvfFind_event19924_trackID14_opNum5.root
[COPY] event=1992, trackID=1, T0=-0.662844 -> /Volumes/ssd_zhang/thesis_michel/server_processing/t0_rootFiles/beam28777_new202602/wvf_applyCut_removeBeam/wvfFind_event1992_trackID1_opNum8.root
[COPY] event=19930, trackID=3, T0=-1.45619 -> /Volumes/ssd_zhang/thesis_michel/server_processing/t0_rootFiles/beam28777_new202602/wvf_applyCut_removeBeam/wvfFind_event19930_trackID3_opNum5.root
[COPY] event=19947, trackID=21, T0=-1.19193 -> /Volumes/ssd_zhang/thesis_michel/server_processing/t0_rootFiles/beam28777_new202602/wvf_applyCut_removeBeam/wvfFind_event19947_trackID21_opNum6.root
[COPY] event=19956, trackID=18, T0=-1.17476 -> /Volumes/ssd_zhang/thesis_michel/server_processing/t0_rootFiles/beam28777_new202602/wvf_applyCut_removeBeam/wvfFind_event19956_trackID18_opNum8.root
[COPY] event=19985, trackID=7, T0=-1.23859 -> /Volumes/ssd_zhang/thesis_michel/server_processing/t0_rootFiles/beam28777_new202602/wvf_applyCut_removeBeam/wvfFind_event19985_trackID7_opNum7_merged.root
[COPY] event=199, trackID=7, T0=0.0830556 -> /Volumes/ssd_zhang/thesis_michel/server_processing/t0_rootFiles/beam28777_new202602/wvf_applyCut_removeBeam/wvfFind_event199_trackID7_opNum6.root
[COPY] event=20000, trackID=8, T0=0.114565 -> /Volumes/ssd_zhang/thesis_michel/server_processing/t0_rootFiles/beam28777_new202602/wvf_applyCut_removeBeam/wvfFind_event20000_trackID8_opNum7.root
[COPY] event=20037, trackID=4, T0=0.123023 -> /Volumes/ssd_zhang/thesis_michel/server_processing/t0_rootFiles/beam28777_new202602/wvf_applyCut_removeBeam/wvfFind_event20037_trackID4_opNum4.root
[COPY] event=20041, trackID=9, T0=-1.1602 -> /Volumes/ssd_zhang/thesis_michel/server_processing/t0_rootFiles/beam28777_new202602/wvf_applyCut_removeBeam/wvfFind_event20041_trackID9_opNum8.root
[COPY] event=20052, trackID=5, T0=-0.292015 -> /Volumes/ssd_zhang/thesis_michel/server_processing/t0_rootFiles/beam28777_new202602/wvf_applyCut_removeBeam/wvfFind_event20052_trackID5_opNum3.root
[COPY] event=20052, trackID=5, T0=-0.292015 -> /Volumes/ssd_zhang/thesis_michel/server_processing/t0_rootFiles/beam28777_new202602/wvf_applyCut_removeBeam/wvfFind_event20052_trackID5_opNum3_2.root
[COPY] event=20055, trackID=14, T0=-0.740419 -> /Volumes/ssd_zhang/thesis_michel/server_processing/t0_rootFiles/beam28777_new202602/wvf_applyCut_removeBeam/wvfFind_event20055_trackID14_opNum6.root
[COPY] event=20097, trackID=9, T0=-1.42146 -> /Volumes/ssd_zhang/thesis_michel/server_processing/t0_rootFiles/beam28777_new202602/wvf_applyCut_removeBeam/wvfFind_event20097_trackID9_opNum7.root
[COPY] event=20125, trackID=4, T0=-0.835409 -> /Volumes/ssd_zhang/thesis_michel/server_processing/t0_rootFiles/beam28777_new202602/wvf_applyCut_removeBeam/wvfFind_event20125_trackID4_opNum3.root
[COPY] event=2012, trackID=19, T0=0.0545058 -> /Volumes/ssd_zhang/thesis_michel/server_processing/t0_rootFiles/beam28777_new202602/wvf_applyCut_removeBeam/wvfFind_event2012_trackID19_opNum7_merged.root
[COPY] event=20135, trackID=3, T0=0.206918 -> /Volumes/ssd_zhang/thesis_michel/server_processing/t0_rootFiles/beam28777_new202602/wvf_applyCut_removeBeam/wvfFind_event20135_trackID3_opNum4.root
[COPY] event=20137, trackID=2, T0=0.297064 -> /Volumes/ssd_zhang/thesis_michel/server_processing/t0_rootFiles/beam28777_new202602/wvf_applyCut_removeBeam/wvfFind_event20137_trackID2_opNum4.root
[COPY] event=20140, trackID=13, T0=-0.599873 -> /Volumes/ssd_zhang/thesis_michel/server_processing/t0_rootFiles/beam28777_new202602/wvf_applyCut_removeBeam/wvfFind_event20140_trackID13_opNum4.root
[COPY] event=20143, trackID=29, T0=1.32432 -> /Volumes/ssd_zhang/thesis_michel/server_processing/t0_rootFiles/beam28777_new202602/wvf_applyCut_removeBeam/wvfFind_event20143_trackID29_opNum8.root
[SKIP] (in range) event=20159, trackID=3, T0=-0.0827813
[COPY] event=20168, trackID=23, T0=0.423438 -> /Volumes/ssd_zhang/thesis_michel/server_processing/t0_rootFiles/beam28777_new202602/wvf_applyCut_removeBeam/wvfFind_event20168_trackID23_opNum8_merged.root
[COPY] event=20176, trackID=36, T0=-2.44049 -> /Volumes/ssd_zhang/thesis_michel/server_processing/t0_rootFiles/beam28777_new202602/wvf_applyCut_removeBeam/wvfFind_event20176_trackID36_opNum9.root
[COPY] event=20211, trackID=6, T0=-1.51796 -> /Volumes/ssd_zhang/thesis_michel/server_processing/t0_rootFiles/beam28777_new202602/wvf_applyCut_removeBeam/wvfFind_event20211_trackID6_opNum5.root
[COPY] event=20214, trackID=9, T0=-1.30259 -> /Volumes/ssd_zhang/thesis_michel/server_processing/t0_rootFiles/beam28777_new202602/wvf_applyCut_removeBeam/wvfFind_event20214_trackID9_opNum9.root
[COPY] event=20219, trackID=0, T0=-0.277271 -> /Volumes/ssd_zhang/thesis_michel/server_processing/t0_rootFiles/beam28777_new202602/wvf_applyCut_removeBeam/wvfFind_event20219_trackID0_opNum4.root
[COPY] event=20247, trackID=4, T0=-1.93076 -> /Volumes/ssd_zhang/thesis_michel/server_processing/t0_rootFiles/beam28777_new202602/wvf_applyCut_removeBeam/wvfFind_event20247_trackID4_opNum4.root
[COPY] event=20266, trackID=3, T0=-1.64272 -> /Volumes/ssd_zhang/thesis_michel/server_processing/t0_rootFiles/beam28777_new202602/wvf_applyCut_removeBeam/wvfFind_event20266_trackID3_opNum8_merged.root
[COPY] event=20290, trackID=10, T0=-1.91164 -> /Volumes/ssd_zhang/thesis_michel/server_processing/t0_rootFiles/beam28777_new202602/wvf_applyCut_removeBeam/wvfFind_event20290_trackID10_opNum9.root
[COPY] event=20290, trackID=11, T0=-0.948274 -> /Volumes/ssd_zhang/thesis_michel/server_processing/t0_rootFiles/beam28777_new202602/wvf_applyCut_removeBeam/wvfFind_event20290_trackID11_opNum9.root
[COPY] event=20301, trackID=6, T0=-0.850543 -> /Volumes/ssd_zhang/thesis_michel/server_processing/t0_rootFiles/beam28777_new202602/wvf_applyCut_removeBeam/wvfFind_event20301_trackID6_opNum4.root
[COPY] event=20318, trackID=31, T0=-2.32731 -> /Volumes/ssd_zhang/thesis_michel/server_processing/t0_rootFiles/beam28777_new202602/wvf_applyCut_removeBeam/wvfFind_event20318_trackID31_opNum8.root
[COPY] event=20326, trackID=18, T0=0.0434279 -> /Volumes/ssd_zhang/thesis_michel/server_processing/t0_rootFiles/beam28777_new202602/wvf_applyCut_removeBeam/wvfFind_event20326_trackID18_opNum9.root
[COPY] event=20331, trackID=2, T0=0.437278 -> /Volumes/ssd_zhang/thesis_michel/server_processing/t0_rootFiles/beam28777_new202602/wvf_applyCut_removeBeam/wvfFind_event20331_trackID2_opNum9.root
[COPY] event=2034, trackID=0, T0=-1.04544 -> /Volumes/ssd_zhang/thesis_michel/server_processing/t0_rootFiles/beam28777_new202602/wvf_applyCut_removeBeam/wvfFind_event2034_trackID0_opNum4_merged.root
[COPY] event=20351, trackID=3, T0=-0.886205 -> /Volumes/ssd_zhang/thesis_michel/server_processing/t0_rootFiles/beam28777_new202602/wvf_applyCut_removeBeam/wvfFind_event20351_trackID3_opNum9.root
[COPY] event=20358, trackID=10, T0=-0.943053 -> /Volumes/ssd_zhang/thesis_michel/server_processing/t0_rootFiles/beam28777_new202602/wvf_applyCut_removeBeam/wvfFind_event20358_trackID10_opNum6.root
[COPY] event=20370, trackID=12, T0=-0.174642 -> /Volumes/ssd_zhang/thesis_michel/server_processing/t0_rootFiles/beam28777_new202602/wvf_applyCut_removeBeam/wvfFind_event20370_trackID12_opNum9.root
[COPY] event=20370, trackID=12, T0=-0.174642 -> /Volumes/ssd_zhang/thesis_michel/server_processing/t0_rootFiles/beam28777_new202602/wvf_applyCut_removeBeam/wvfFind_event20370_trackID12_opNum9_2.root
[COPY] event=20377, trackID=4, T0=-0.971282 -> /Volumes/ssd_zhang/thesis_michel/server_processing/t0_rootFiles/beam28777_new202602/wvf_applyCut_removeBeam/wvfFind_event20377_trackID4_opNum5.root
[COPY] event=20408, trackID=9, T0=0.390234 -> /Volumes/ssd_zhang/thesis_michel/server_processing/t0_rootFiles/beam28777_new202602/wvf_applyCut_removeBeam/wvfFind_event20408_trackID9_opNum4.root
[COPY] event=20408, trackID=9, T0=0.390234 -> /Volumes/ssd_zhang/thesis_michel/server_processing/t0_rootFiles/beam28777_new202602/wvf_applyCut_removeBeam/wvfFind_event20408_trackID9_opNum4_2.root
[COPY] event=2040, trackID=6, T0=0.362861 -> /Volumes/ssd_zhang/thesis_michel/server_processing/t0_rootFiles/beam28777_new202602/wvf_applyCut_removeBeam/wvfFind_event2040_trackID6_opNum5.root
[COPY] event=20424, trackID=14, T0=-1.86927 -> /Volumes/ssd_zhang/thesis_michel/server_processing/t0_rootFiles/beam28777_new202602/wvf_applyCut_removeBeam/wvfFind_event20424_trackID14_opNum5.root
[COPY] event=20428, trackID=7, T0=-0.139776 -> /Volumes/ssd_zhang/thesis_michel/server_processing/t0_rootFiles/beam28777_new202602/wvf_applyCut_removeBeam/wvfFind_event20428_trackID7_opNum4.root
[COPY] event=20431, trackID=21, T0=-2.13925 -> /Volumes/ssd_zhang/thesis_michel/server_processing/t0_rootFiles/beam28777_new202602/wvf_applyCut_removeBeam/wvfFind_event20431_trackID21_opNum3.root
[COPY] event=20432, trackID=11, T0=-1.8881 -> /Volumes/ssd_zhang/thesis_michel/server_processing/t0_rootFiles/beam28777_new202602/wvf_applyCut_removeBeam/wvfFind_event20432_trackID11_opNum6_merged.root
[COPY] event=20436, trackID=1, T0=0.0447711 -> /Volumes/ssd_zhang/thesis_michel/server_processing/t0_rootFiles/beam28777_new202602/wvf_applyCut_removeBeam/wvfFind_event20436_trackID1_opNum4.root
[COPY] event=20465, trackID=15, T0=-2.04049 -> /Volumes/ssd_zhang/thesis_michel/server_processing/t0_rootFiles/beam28777_new202602/wvf_applyCut_removeBeam/wvfFind_event20465_trackID15_opNum3.root
[COPY] event=20506, trackID=15, T0=0.310463 -> /Volumes/ssd_zhang/thesis_michel/server_processing/t0_rootFiles/beam28777_new202602/wvf_applyCut_removeBeam/wvfFind_event20506_trackID15_opNum9.root
[COPY] event=20525, trackID=5, T0=-0.37166 -> /Volumes/ssd_zhang/thesis_michel/server_processing/t0_rootFiles/beam28777_new202602/wvf_applyCut_removeBeam/wvfFind_event20525_trackID5_opNum4.root
[COPY] event=20542, trackID=3, T0=-1.45291 -> /Volumes/ssd_zhang/thesis_michel/server_processing/t0_rootFiles/beam28777_new202602/wvf_applyCut_removeBeam/wvfFind_event20542_trackID3_opNum9.root
[COPY] event=20547, trackID=14, T0=-1.8304 -> /Volumes/ssd_zhang/thesis_michel/server_processing/t0_rootFiles/beam28777_new202602/wvf_applyCut_removeBeam/wvfFind_event20547_trackID14_opNum5.root
[COPY] event=20549, trackID=4, T0=-1.05658 -> /Volumes/ssd_zhang/thesis_michel/server_processing/t0_rootFiles/beam28777_new202602/wvf_applyCut_removeBeam/wvfFind_event20549_trackID4_opNum5.root
[COPY] event=20557, trackID=1, T0=0.324943 -> /Volumes/ssd_zhang/thesis_michel/server_processing/t0_rootFiles/beam28777_new202602/wvf_applyCut_removeBeam/wvfFind_event20557_trackID1_opNum4.root
[COPY] event=20558, trackID=2, T0=0.086611 -> /Volumes/ssd_zhang/thesis_michel/server_processing/t0_rootFiles/beam28777_new202602/wvf_applyCut_removeBeam/wvfFind_event20558_trackID2_opNum4.root
[COPY] event=20558, trackID=5, T0=-1.43873 -> /Volumes/ssd_zhang/thesis_michel/server_processing/t0_rootFiles/beam28777_new202602/wvf_applyCut_removeBeam/wvfFind_event20558_trackID5_opNum4.root
[COPY] event=20559, trackID=24, T0=-1.15086 -> /Volumes/ssd_zhang/thesis_michel/server_processing/t0_rootFiles/beam28777_new202602/wvf_applyCut_removeBeam/wvfFind_event20559_trackID24_opNum4.root
[COPY] event=20594, trackID=8, T0=-0.943076 -> /Volumes/ssd_zhang/thesis_michel/server_processing/t0_rootFiles/beam28777_new202602/wvf_applyCut_removeBeam/wvfFind_event20594_trackID8_opNum3.root
[COPY] event=20620, trackID=3, T0=-1.43122 -> /Volumes/ssd_zhang/thesis_michel/server_processing/t0_rootFiles/beam28777_new202602/wvf_applyCut_removeBeam/wvfFind_event20620_trackID3_opNum3_merged.root
[COPY] event=20623, trackID=16, T0=-1.59518 -> /Volumes/ssd_zhang/thesis_michel/server_processing/t0_rootFiles/beam28777_new202602/wvf_applyCut_removeBeam/wvfFind_event20623_trackID16_opNum6.root
[COPY] event=20629, trackID=4, T0=-1.6778 -> /Volumes/ssd_zhang/thesis_michel/server_processing/t0_rootFiles/beam28777_new202602/wvf_applyCut_removeBeam/wvfFind_event20629_trackID4_opNum7_merged.root
[COPY] event=20650, trackID=17, T0=-1.43722 -> /Volumes/ssd_zhang/thesis_michel/server_processing/t0_rootFiles/beam28777_new202602/wvf_applyCut_removeBeam/wvfFind_event20650_trackID17_opNum8.root
[COPY] event=20652, trackID=12, T0=-0.329707 -> /Volumes/ssd_zhang/thesis_michel/server_processing/t0_rootFiles/beam28777_new202602/wvf_applyCut_removeBeam/wvfFind_event20652_trackID12_opNum5.root
[COPY] event=20654, trackID=25, T0=-0.644288 -> /Volumes/ssd_zhang/thesis_michel/server_processing/t0_rootFiles/beam28777_new202602/wvf_applyCut_removeBeam/wvfFind_event20654_trackID25_opNum4.root
[COPY] event=20676, trackID=10, T0=-1.35583 -> /Volumes/ssd_zhang/thesis_michel/server_processing/t0_rootFiles/beam28777_new202602/wvf_applyCut_removeBeam/wvfFind_event20676_trackID10_opNum9.root
[COPY] event=2068, trackID=1, T0=-0.191843 -> /Volumes/ssd_zhang/thesis_michel/server_processing/t0_rootFiles/beam28777_new202602/wvf_applyCut_removeBeam/wvfFind_event2068_trackID1_opNum4.root
[COPY] event=2068, trackID=1, T0=-0.191843 -> /Volumes/ssd_zhang/thesis_michel/server_processing/t0_rootFiles/beam28777_new202602/wvf_applyCut_removeBeam/wvfFind_event2068_trackID1_opNum4_2.root
[COPY] event=20693, trackID=6, T0=-0.548379 -> /Volumes/ssd_zhang/thesis_michel/server_processing/t0_rootFiles/beam28777_new202602/wvf_applyCut_removeBeam/wvfFind_event20693_trackID6_opNum4.root
[COPY] event=20697, trackID=5, T0=0.40565 -> /Volumes/ssd_zhang/thesis_michel/server_processing/t0_rootFiles/beam28777_new202602/wvf_applyCut_removeBeam/wvfFind_event20697_trackID5_opNum4_merged.root
[COPY] event=20698, trackID=19, T0=-2.10768 -> /Volumes/ssd_zhang/thesis_michel/server_processing/t0_rootFiles/beam28777_new202602/wvf_applyCut_removeBeam/wvfFind_event20698_trackID19_opNum9.root
[COPY] event=20716, trackID=9, T0=-1.55731 -> /Volumes/ssd_zhang/thesis_michel/server_processing/t0_rootFiles/beam28777_new202602/wvf_applyCut_removeBeam/wvfFind_event20716_trackID9_opNum3.root
[COPY] event=20768, trackID=3, T0=-1.14451 -> /Volumes/ssd_zhang/thesis_michel/server_processing/t0_rootFiles/beam28777_new202602/wvf_applyCut_removeBeam/wvfFind_event20768_trackID3_opNum3.root
[COPY] event=20768, trackID=3, T0=-1.14451 -> /Volumes/ssd_zhang/thesis_michel/server_processing/t0_rootFiles/beam28777_new202602/wvf_applyCut_removeBeam/wvfFind_event20768_trackID3_opNum3_2.root
[COPY] event=20771, trackID=2, T0=-0.223305 -> /Volumes/ssd_zhang/thesis_michel/server_processing/t0_rootFiles/beam28777_new202602/wvf_applyCut_removeBeam/wvfFind_event20771_trackID2_opNum9.root
[COPY] event=20775, trackID=26, T0=-2.28731 -> /Volumes/ssd_zhang/thesis_michel/server_processing/t0_rootFiles/beam28777_new202602/wvf_applyCut_removeBeam/wvfFind_event20775_trackID26_opNum9_merged.root
[COPY] event=20776, trackID=14, T0=0.395263 -> /Volumes/ssd_zhang/thesis_michel/server_processing/t0_rootFiles/beam28777_new202602/wvf_applyCut_removeBeam/wvfFind_event20776_trackID14_opNum5.root
[COPY] event=20776, trackID=14, T0=0.395263 -> /Volumes/ssd_zhang/thesis_michel/server_processing/t0_rootFiles/beam28777_new202602/wvf_applyCut_removeBeam/wvfFind_event20776_trackID14_opNum5_2.root
[COPY] event=20785, trackID=4, T0=-1.30158 -> /Volumes/ssd_zhang/thesis_michel/server_processing/t0_rootFiles/beam28777_new202602/wvf_applyCut_removeBeam/wvfFind_event20785_trackID4_opNum8.root
[COPY] event=20803, trackID=15, T0=0.350166 -> /Volumes/ssd_zhang/thesis_michel/server_processing/t0_rootFiles/beam28777_new202602/wvf_applyCut_removeBeam/wvfFind_event20803_trackID15_opNum9_merged.root
[COPY] event=20803, trackID=5, T0=-2.12567 -> /Volumes/ssd_zhang/thesis_michel/server_processing/t0_rootFiles/beam28777_new202602/wvf_applyCut_removeBeam/wvfFind_event20803_trackID5_opNum8_merged.root
[COPY] event=20822, trackID=13, T0=-2.27955 -> /Volumes/ssd_zhang/thesis_michel/server_processing/t0_rootFiles/beam28777_new202602/wvf_applyCut_removeBeam/wvfFind_event20822_trackID13_opNum5_merged.root
[COPY] event=20829, trackID=11, T0=0.215973 -> /Volumes/ssd_zhang/thesis_michel/server_processing/t0_rootFiles/beam28777_new202602/wvf_applyCut_removeBeam/wvfFind_event20829_trackID11_opNum9_merged.root
[COPY] event=20831, trackID=3, T0=-1.11185 -> /Volumes/ssd_zhang/thesis_michel/server_processing/t0_rootFiles/beam28777_new202602/wvf_applyCut_removeBeam/wvfFind_event20831_trackID3_opNum5.root
[COPY] event=20836, trackID=2, T0=-0.664637 -> /Volumes/ssd_zhang/thesis_michel/server_processing/t0_rootFiles/beam28777_new202602/wvf_applyCut_removeBeam/wvfFind_event20836_trackID2_opNum5.root
[COPY] event=20856, trackID=3, T0=-0.347244 -> /Volumes/ssd_zhang/thesis_michel/server_processing/t0_rootFiles/beam28777_new202602/wvf_applyCut_removeBeam/wvfFind_event20856_trackID3_opNum3.root
[COPY] event=20876, trackID=17, T0=0.333656 -> /Volumes/ssd_zhang/thesis_michel/server_processing/t0_rootFiles/beam28777_new202602/wvf_applyCut_removeBeam/wvfFind_event20876_trackID17_opNum9.root
[COPY] event=20878, trackID=2, T0=0.26119 -> /Volumes/ssd_zhang/thesis_michel/server_processing/t0_rootFiles/beam28777_new202602/wvf_applyCut_removeBeam/wvfFind_event20878_trackID2_opNum9.root
[COPY] event=2090, trackID=13, T0=-2.24748 -> /Volumes/ssd_zhang/thesis_michel/server_processing/t0_rootFiles/beam28777_new202602/wvf_applyCut_removeBeam/wvfFind_event2090_trackID13_opNum3_merged.root
[COPY] event=20924, trackID=4, T0=-1.10396 -> /Volumes/ssd_zhang/thesis_michel/server_processing/t0_rootFiles/beam28777_new202602/wvf_applyCut_removeBeam/wvfFind_event20924_trackID4_opNum5.root
[COPY] event=20924, trackID=4, T0=-1.10396 -> /Volumes/ssd_zhang/thesis_michel/server_processing/t0_rootFiles/beam28777_new202602/wvf_applyCut_removeBeam/wvfFind_event20924_trackID4_opNum5_2.root
[COPY] event=20929, trackID=1, T0=-0.95491 -> /Volumes/ssd_zhang/thesis_michel/server_processing/t0_rootFiles/beam28777_new202602/wvf_applyCut_removeBeam/wvfFind_event20929_trackID1_opNum5.root
[COPY] event=20999, trackID=1, T0=0.000400554 -> /Volumes/ssd_zhang/thesis_michel/server_processing/t0_rootFiles/beam28777_new202602/wvf_applyCut_removeBeam/wvfFind_event20999_trackID1_opNum4.root
[COPY] event=2099, trackID=1, T0=-0.476786 -> /Volumes/ssd_zhang/thesis_michel/server_processing/t0_rootFiles/beam28777_new202602/wvf_applyCut_removeBeam/wvfFind_event2099_trackID1_opNum5.root
[COPY] event=2099, trackID=1, T0=-0.476786 -> /Volumes/ssd_zhang/thesis_michel/server_processing/t0_rootFiles/beam28777_new202602/wvf_applyCut_removeBeam/wvfFind_event2099_trackID1_opNum5_2.root
[COPY] event=21004, trackID=32, T0=-2.4044 -> /Volumes/ssd_zhang/thesis_michel/server_processing/t0_rootFiles/beam28777_new202602/wvf_applyCut_removeBeam/wvfFind_event21004_trackID32_opNum4.root
[COPY] event=21004, trackID=32, T0=-2.4044 -> /Volumes/ssd_zhang/thesis_michel/server_processing/t0_rootFiles/beam28777_new202602/wvf_applyCut_removeBeam/wvfFind_event21004_trackID32_opNum4_2.root
[COPY] event=21010, trackID=5, T0=-0.939194 -> /Volumes/ssd_zhang/thesis_michel/server_processing/t0_rootFiles/beam28777_new202602/wvf_applyCut_removeBeam/wvfFind_event21010_trackID5_opNum6_merged.root
[COPY] event=21032, trackID=0, T0=-1.16527 -> /Volumes/ssd_zhang/thesis_michel/server_processing/t0_rootFiles/beam28777_new202602/wvf_applyCut_removeBeam/wvfFind_event21032_trackID0_opNum5.root
[SKIP] (in range) event=21044, trackID=19, T0=-0.0314066
[COPY] event=21047, trackID=23, T0=2.2434 -> /Volumes/ssd_zhang/thesis_michel/server_processing/t0_rootFiles/beam28777_new202602/wvf_applyCut_removeBeam/wvfFind_event21047_trackID23_opNum9.root
[COPY] event=21047, trackID=23, T0=2.2434 -> /Volumes/ssd_zhang/thesis_michel/server_processing/t0_rootFiles/beam28777_new202602/wvf_applyCut_removeBeam/wvfFind_event21047_trackID23_opNum9_2.root
[COPY] event=2105, trackID=1, T0=0.288631 -> /Volumes/ssd_zhang/thesis_michel/server_processing/t0_rootFiles/beam28777_new202602/wvf_applyCut_removeBeam/wvfFind_event2105_trackID1_opNum8.root
[COPY] event=21078, trackID=2, T0=-0.642735 -> /Volumes/ssd_zhang/thesis_michel/server_processing/t0_rootFiles/beam28777_new202602/wvf_applyCut_removeBeam/wvfFind_event21078_trackID2_opNum5.root
[COPY] event=21078, trackID=2, T0=-0.642735 -> /Volumes/ssd_zhang/thesis_michel/server_processing/t0_rootFiles/beam28777_new202602/wvf_applyCut_removeBeam/wvfFind_event21078_trackID2_opNum5_2.root
[COPY] event=21145, trackID=13, T0=-0.458642 -> /Volumes/ssd_zhang/thesis_michel/server_processing/t0_rootFiles/beam28777_new202602/wvf_applyCut_removeBeam/wvfFind_event21145_trackID13_opNum5.root
[COPY] event=21146, trackID=6, T0=0.23192 -> /Volumes/ssd_zhang/thesis_michel/server_processing/t0_rootFiles/beam28777_new202602/wvf_applyCut_removeBeam/wvfFind_event21146_trackID6_opNum4.root
[COPY] event=21157, trackID=6, T0=-1.40514 -> /Volumes/ssd_zhang/thesis_michel/server_processing/t0_rootFiles/beam28777_new202602/wvf_applyCut_removeBeam/wvfFind_event21157_trackID6_opNum8.root
[COPY] event=21166, trackID=15, T0=-1.09849 -> /Volumes/ssd_zhang/thesis_michel/server_processing/t0_rootFiles/beam28777_new202602/wvf_applyCut_removeBeam/wvfFind_event21166_trackID15_opNum9.root
[COPY] event=21177, trackID=11, T0=-2.30333 -> /Volumes/ssd_zhang/thesis_michel/server_processing/t0_rootFiles/beam28777_new202602/wvf_applyCut_removeBeam/wvfFind_event21177_trackID11_opNum5.root
[COPY] event=21209, trackID=6, T0=0.351103 -> /Volumes/ssd_zhang/thesis_michel/server_processing/t0_rootFiles/beam28777_new202602/wvf_applyCut_removeBeam/wvfFind_event21209_trackID6_opNum4.root
[COPY] event=21210, trackID=5, T0=-0.849115 -> /Volumes/ssd_zhang/thesis_michel/server_processing/t0_rootFiles/beam28777_new202602/wvf_applyCut_removeBeam/wvfFind_event21210_trackID5_opNum4.root
[COPY] event=21225, trackID=8, T0=0.347772 -> /Volumes/ssd_zhang/thesis_michel/server_processing/t0_rootFiles/beam28777_new202602/wvf_applyCut_removeBeam/wvfFind_event21225_trackID8_opNum3.root
[COPY] event=21240, trackID=14, T0=-2.21139 -> /Volumes/ssd_zhang/thesis_michel/server_processing/t0_rootFiles/beam28777_new202602/wvf_applyCut_removeBeam/wvfFind_event21240_trackID14_opNum4_merged.root
[COPY] event=21255, trackID=1, T0=0.320378 -> /Volumes/ssd_zhang/thesis_michel/server_processing/t0_rootFiles/beam28777_new202602/wvf_applyCut_removeBeam/wvfFind_event21255_trackID1_opNum3.root
[COPY] event=2125, trackID=5, T0=0.04963 -> /Volumes/ssd_zhang/thesis_michel/server_processing/t0_rootFiles/beam28777_new202602/wvf_applyCut_removeBeam/wvfFind_event2125_trackID5_opNum5.root
[COPY] event=21267, trackID=9, T0=0.439116 -> /Volumes/ssd_zhang/thesis_michel/server_processing/t0_rootFiles/beam28777_new202602/wvf_applyCut_removeBeam/wvfFind_event21267_trackID9_opNum9.root
[COPY] event=21267, trackID=9, T0=0.439116 -> /Volumes/ssd_zhang/thesis_michel/server_processing/t0_rootFiles/beam28777_new202602/wvf_applyCut_removeBeam/wvfFind_event21267_trackID9_opNum9_2.root
[COPY] event=21268, trackID=25, T0=1.5396 -> /Volumes/ssd_zhang/thesis_michel/server_processing/t0_rootFiles/beam28777_new202602/wvf_applyCut_removeBeam/wvfFind_event21268_trackID25_opNum8.root
[COPY] event=2128, trackID=6, T0=0.116285 -> /Volumes/ssd_zhang/thesis_michel/server_processing/t0_rootFiles/beam28777_new202602/wvf_applyCut_removeBeam/wvfFind_event2128_trackID6_opNum5_merged.root
[COPY] event=2130, trackID=15, T0=-0.491925 -> /Volumes/ssd_zhang/thesis_michel/server_processing/t0_rootFiles/beam28777_new202602/wvf_applyCut_removeBeam/wvfFind_event2130_trackID15_opNum8.root
[COPY] event=21312, trackID=7, T0=-1.43887 -> /Volumes/ssd_zhang/thesis_michel/server_processing/t0_rootFiles/beam28777_new202602/wvf_applyCut_removeBeam/wvfFind_event21312_trackID7_opNum5.root
[COPY] event=2139, trackID=11, T0=-0.839632 -> /Volumes/ssd_zhang/thesis_michel/server_processing/t0_rootFiles/beam28777_new202602/wvf_applyCut_removeBeam/wvfFind_event2139_trackID11_opNum9.root
[COPY] event=2140, trackID=20, T0=-0.718731 -> /Volumes/ssd_zhang/thesis_michel/server_processing/t0_rootFiles/beam28777_new202602/wvf_applyCut_removeBeam/wvfFind_event2140_trackID20_opNum5.root
[COPY] event=21420, trackID=0, T0=0.323686 -> /Volumes/ssd_zhang/thesis_michel/server_processing/t0_rootFiles/beam28777_new202602/wvf_applyCut_removeBeam/wvfFind_event21420_trackID0_opNum8.root
[COPY] event=21433, trackID=8, T0=-1.0855 -> /Volumes/ssd_zhang/thesis_michel/server_processing/t0_rootFiles/beam28777_new202602/wvf_applyCut_removeBeam/wvfFind_event21433_trackID8_opNum8.root
[COPY] event=2143, trackID=17, T0=-1.8659 -> /Volumes/ssd_zhang/thesis_michel/server_processing/t0_rootFiles/beam28777_new202602/wvf_applyCut_removeBeam/wvfFind_event2143_trackID17_opNum8.root
[COPY] event=21484, trackID=6, T0=-0.778316 -> /Volumes/ssd_zhang/thesis_michel/server_processing/t0_rootFiles/beam28777_new202602/wvf_applyCut_removeBeam/wvfFind_event21484_trackID6_opNum9.root
[COPY] event=21487, trackID=1, T0=-1.05149 -> /Volumes/ssd_zhang/thesis_michel/server_processing/t0_rootFiles/beam28777_new202602/wvf_applyCut_removeBeam/wvfFind_event21487_trackID1_opNum7.root
[COPY] event=21487, trackID=1, T0=-1.05149 -> /Volumes/ssd_zhang/thesis_michel/server_processing/t0_rootFiles/beam28777_new202602/wvf_applyCut_removeBeam/wvfFind_event21487_trackID1_opNum7_2.root
[COPY] event=21523, trackID=0, T0=0.398803 -> /Volumes/ssd_zhang/thesis_michel/server_processing/t0_rootFiles/beam28777_new202602/wvf_applyCut_removeBeam/wvfFind_event21523_trackID0_opNum4.root
[COPY] event=21523, trackID=0, T0=0.398803 -> /Volumes/ssd_zhang/thesis_michel/server_processing/t0_rootFiles/beam28777_new202602/wvf_applyCut_removeBeam/wvfFind_event21523_trackID0_opNum4_2.root
[COPY] event=21523, trackID=0, T0=0.398803 -> /Volumes/ssd_zhang/thesis_michel/server_processing/t0_rootFiles/beam28777_new202602/wvf_applyCut_removeBeam/wvfFind_event21523_trackID0_opNum4_3.root
[COPY] event=21543, trackID=21, T0=-1.46964 -> /Volumes/ssd_zhang/thesis_michel/server_processing/t0_rootFiles/beam28777_new202602/wvf_applyCut_removeBeam/wvfFind_event21543_trackID21_opNum4.root
[COPY] event=21547, trackID=1, T0=-0.275529 -> /Volumes/ssd_zhang/thesis_michel/server_processing/t0_rootFiles/beam28777_new202602/wvf_applyCut_removeBeam/wvfFind_event21547_trackID1_opNum4.root
[COPY] event=21550, trackID=22, T0=-1.96808 -> /Volumes/ssd_zhang/thesis_michel/server_processing/t0_rootFiles/beam28777_new202602/wvf_applyCut_removeBeam/wvfFind_event21550_trackID22_opNum7.root
[COPY] event=21576, trackID=9, T0=0.193112 -> /Volumes/ssd_zhang/thesis_michel/server_processing/t0_rootFiles/beam28777_new202602/wvf_applyCut_removeBeam/wvfFind_event21576_trackID9_opNum8.root
[COPY] event=21596, trackID=23, T0=-2.26939 -> /Volumes/ssd_zhang/thesis_michel/server_processing/t0_rootFiles/beam28777_new202602/wvf_applyCut_removeBeam/wvfFind_event21596_trackID23_opNum6.root
[COPY] event=21606, trackID=20, T0=-2.35035 -> /Volumes/ssd_zhang/thesis_michel/server_processing/t0_rootFiles/beam28777_new202602/wvf_applyCut_removeBeam/wvfFind_event21606_trackID20_opNum4.root
[COPY] event=21606, trackID=20, T0=-2.35035 -> /Volumes/ssd_zhang/thesis_michel/server_processing/t0_rootFiles/beam28777_new202602/wvf_applyCut_removeBeam/wvfFind_event21606_trackID20_opNum4_2.root
[COPY] event=21641, trackID=6, T0=-1.18103 -> /Volumes/ssd_zhang/thesis_michel/server_processing/t0_rootFiles/beam28777_new202602/wvf_applyCut_removeBeam/wvfFind_event21641_trackID6_opNum4.root
[COPY] event=21645, trackID=17, T0=-1.6686 -> /Volumes/ssd_zhang/thesis_michel/server_processing/t0_rootFiles/beam28777_new202602/wvf_applyCut_removeBeam/wvfFind_event21645_trackID17_opNum3.root
[COPY] event=21645, trackID=17, T0=-1.6686 -> /Volumes/ssd_zhang/thesis_michel/server_processing/t0_rootFiles/beam28777_new202602/wvf_applyCut_removeBeam/wvfFind_event21645_trackID17_opNum3_2.root
[COPY] event=21674, trackID=3, T0=-1.1147 -> /Volumes/ssd_zhang/thesis_michel/server_processing/t0_rootFiles/beam28777_new202602/wvf_applyCut_removeBeam/wvfFind_event21674_trackID3_opNum5_merged.root
[COPY] event=21679, trackID=22, T0=0.971688 -> /Volumes/ssd_zhang/thesis_michel/server_processing/t0_rootFiles/beam28777_new202602/wvf_applyCut_removeBeam/wvfFind_event21679_trackID22_opNum6.root
[COPY] event=2167, trackID=5, T0=-1.61451 -> /Volumes/ssd_zhang/thesis_michel/server_processing/t0_rootFiles/beam28777_new202602/wvf_applyCut_removeBeam/wvfFind_event2167_trackID5_opNum5.root
[COPY] event=21690, trackID=0, T0=-0.517129 -> /Volumes/ssd_zhang/thesis_michel/server_processing/t0_rootFiles/beam28777_new202602/wvf_applyCut_removeBeam/wvfFind_event21690_trackID0_opNum5.root
[COPY] event=21693, trackID=7, T0=-0.375377 -> /Volumes/ssd_zhang/thesis_michel/server_processing/t0_rootFiles/beam28777_new202602/wvf_applyCut_removeBeam/wvfFind_event21693_trackID7_opNum7.root
[COPY] event=21713, trackID=8, T0=-1.84853 -> /Volumes/ssd_zhang/thesis_michel/server_processing/t0_rootFiles/beam28777_new202602/wvf_applyCut_removeBeam/wvfFind_event21713_trackID8_opNum7.root
[COPY] event=21724, trackID=7, T0=-1.86872 -> /Volumes/ssd_zhang/thesis_michel/server_processing/t0_rootFiles/beam28777_new202602/wvf_applyCut_removeBeam/wvfFind_event21724_trackID7_opNum5.root
[COPY] event=21752, trackID=6, T0=-1.64143 -> /Volumes/ssd_zhang/thesis_michel/server_processing/t0_rootFiles/beam28777_new202602/wvf_applyCut_removeBeam/wvfFind_event21752_trackID6_opNum3.root
[COPY] event=21756, trackID=7, T0=-1.21502 -> /Volumes/ssd_zhang/thesis_michel/server_processing/t0_rootFiles/beam28777_new202602/wvf_applyCut_removeBeam/wvfFind_event21756_trackID7_opNum9.root
[COPY] event=21776, trackID=7, T0=0.351506 -> /Volumes/ssd_zhang/thesis_michel/server_processing/t0_rootFiles/beam28777_new202602/wvf_applyCut_removeBeam/wvfFind_event21776_trackID7_opNum8_merged.root
[COPY] event=2177, trackID=27, T0=-1.06749 -> /Volumes/ssd_zhang/thesis_michel/server_processing/t0_rootFiles/beam28777_new202602/wvf_applyCut_removeBeam/wvfFind_event2177_trackID27_opNum6.root
[COPY] event=2178, trackID=13, T0=-1.96245 -> /Volumes/ssd_zhang/thesis_michel/server_processing/t0_rootFiles/beam28777_new202602/wvf_applyCut_removeBeam/wvfFind_event2178_trackID13_opNum9.root
[COPY] event=21816, trackID=7, T0=-0.146107 -> /Volumes/ssd_zhang/thesis_michel/server_processing/t0_rootFiles/beam28777_new202602/wvf_applyCut_removeBeam/wvfFind_event21816_trackID7_opNum6.root
[COPY] event=21836, trackID=17, T0=0.28595 -> /Volumes/ssd_zhang/thesis_michel/server_processing/t0_rootFiles/beam28777_new202602/wvf_applyCut_removeBeam/wvfFind_event21836_trackID17_opNum8_merged.root
[COPY] event=21852, trackID=11, T0=-1.94129 -> /Volumes/ssd_zhang/thesis_michel/server_processing/t0_rootFiles/beam28777_new202602/wvf_applyCut_removeBeam/wvfFind_event21852_trackID11_opNum8.root
[COPY] event=21858, trackID=17, T0=-1.07545 -> /Volumes/ssd_zhang/thesis_michel/server_processing/t0_rootFiles/beam28777_new202602/wvf_applyCut_removeBeam/wvfFind_event21858_trackID17_opNum4.root
[COPY] event=21864, trackID=1, T0=-0.98703 -> /Volumes/ssd_zhang/thesis_michel/server_processing/t0_rootFiles/beam28777_new202602/wvf_applyCut_removeBeam/wvfFind_event21864_trackID1_opNum3.root
[COPY] event=21870, trackID=3, T0=-1.08977 -> /Volumes/ssd_zhang/thesis_michel/server_processing/t0_rootFiles/beam28777_new202602/wvf_applyCut_removeBeam/wvfFind_event21870_trackID3_opNum5_merged.root
[COPY] event=21875, trackID=0, T0=-1.61328 -> /Volumes/ssd_zhang/thesis_michel/server_processing/t0_rootFiles/beam28777_new202602/wvf_applyCut_removeBeam/wvfFind_event21875_trackID0_opNum5.root
[COPY] event=21886, trackID=39, T0=2.15982 -> /Volumes/ssd_zhang/thesis_michel/server_processing/t0_rootFiles/beam28777_new202602/wvf_applyCut_removeBeam/wvfFind_event21886_trackID39_opNum9_merged.root
[COPY] event=21913, trackID=5, T0=-0.882248 -> /Volumes/ssd_zhang/thesis_michel/server_processing/t0_rootFiles/beam28777_new202602/wvf_applyCut_removeBeam/wvfFind_event21913_trackID5_opNum9.root
[COPY] event=21951, trackID=21, T0=-0.483286 -> /Volumes/ssd_zhang/thesis_michel/server_processing/t0_rootFiles/beam28777_new202602/wvf_applyCut_removeBeam/wvfFind_event21951_trackID21_opNum9.root
[COPY] event=21963, trackID=33, T0=-1.6375 -> /Volumes/ssd_zhang/thesis_michel/server_processing/t0_rootFiles/beam28777_new202602/wvf_applyCut_removeBeam/wvfFind_event21963_trackID33_opNum8.root
[COPY] event=21965, trackID=20, T0=0.26081 -> /Volumes/ssd_zhang/thesis_michel/server_processing/t0_rootFiles/beam28777_new202602/wvf_applyCut_removeBeam/wvfFind_event21965_trackID20_opNum7_merged.root
[COPY] event=21978, trackID=11, T0=1.9068 -> /Volumes/ssd_zhang/thesis_michel/server_processing/t0_rootFiles/beam28777_new202602/wvf_applyCut_removeBeam/wvfFind_event21978_trackID11_opNum9_merged.root
[COPY] event=21985, trackID=12, T0=-1.90389 -> /Volumes/ssd_zhang/thesis_michel/server_processing/t0_rootFiles/beam28777_new202602/wvf_applyCut_removeBeam/wvfFind_event21985_trackID12_opNum9.root
[COPY] event=22002, trackID=6, T0=-2.13367 -> /Volumes/ssd_zhang/thesis_michel/server_processing/t0_rootFiles/beam28777_new202602/wvf_applyCut_removeBeam/wvfFind_event22002_trackID6_opNum3.root
[COPY] event=22006, trackID=6, T0=0.427163 -> /Volumes/ssd_zhang/thesis_michel/server_processing/t0_rootFiles/beam28777_new202602/wvf_applyCut_removeBeam/wvfFind_event22006_trackID6_opNum4.root
[COPY] event=2205, trackID=16, T0=1.41458 -> /Volumes/ssd_zhang/thesis_michel/server_processing/t0_rootFiles/beam28777_new202602/wvf_applyCut_removeBeam/wvfFind_event2205_trackID16_opNum9.root
[COPY] event=22060, trackID=5, T0=-1.23815 -> /Volumes/ssd_zhang/thesis_michel/server_processing/t0_rootFiles/beam28777_new202602/wvf_applyCut_removeBeam/wvfFind_event22060_trackID5_opNum5.root
[COPY] event=22072, trackID=21, T0=-1.69081 -> /Volumes/ssd_zhang/thesis_michel/server_processing/t0_rootFiles/beam28777_new202602/wvf_applyCut_removeBeam/wvfFind_event22072_trackID21_opNum3.root
[COPY] event=22090, trackID=23, T0=-1.71685 -> /Volumes/ssd_zhang/thesis_michel/server_processing/t0_rootFiles/beam28777_new202602/wvf_applyCut_removeBeam/wvfFind_event22090_trackID23_opNum3.root
[COPY] event=22095, trackID=15, T0=-1.32341 -> /Volumes/ssd_zhang/thesis_michel/server_processing/t0_rootFiles/beam28777_new202602/wvf_applyCut_removeBeam/wvfFind_event22095_trackID15_opNum9_merged.root
[COPY] event=22107, trackID=1, T0=-1.22636 -> /Volumes/ssd_zhang/thesis_michel/server_processing/t0_rootFiles/beam28777_new202602/wvf_applyCut_removeBeam/wvfFind_event22107_trackID1_opNum4.root
[COPY] event=22107, trackID=1, T0=-1.22636 -> /Volumes/ssd_zhang/thesis_michel/server_processing/t0_rootFiles/beam28777_new202602/wvf_applyCut_removeBeam/wvfFind_event22107_trackID1_opNum4_2.root
[COPY] event=22111, trackID=12, T0=-1.01216 -> /Volumes/ssd_zhang/thesis_michel/server_processing/t0_rootFiles/beam28777_new202602/wvf_applyCut_removeBeam/wvfFind_event22111_trackID12_opNum4.root
[COPY] event=22139, trackID=26, T0=-2.4156 -> /Volumes/ssd_zhang/thesis_michel/server_processing/t0_rootFiles/beam28777_new202602/wvf_applyCut_removeBeam/wvfFind_event22139_trackID26_opNum3.root
[COPY] event=22163, trackID=0, T0=-0.878399 -> /Volumes/ssd_zhang/thesis_michel/server_processing/t0_rootFiles/beam28777_new202602/wvf_applyCut_removeBeam/wvfFind_event22163_trackID0_opNum7.root
[COPY] event=22199, trackID=6, T0=0.263139 -> /Volumes/ssd_zhang/thesis_michel/server_processing/t0_rootFiles/beam28777_new202602/wvf_applyCut_removeBeam/wvfFind_event22199_trackID6_opNum8_merged.root
[COPY] event=22199, trackID=9, T0=-2.21535 -> /Volumes/ssd_zhang/thesis_michel/server_processing/t0_rootFiles/beam28777_new202602/wvf_applyCut_removeBeam/wvfFind_event22199_trackID9_opNum9.root
[COPY] event=22199, trackID=9, T0=-2.21535 -> /Volumes/ssd_zhang/thesis_michel/server_processing/t0_rootFiles/beam28777_new202602/wvf_applyCut_removeBeam/wvfFind_event22199_trackID9_opNum9_2.root
[COPY] event=22203, trackID=25, T0=-1.84664 -> /Volumes/ssd_zhang/thesis_michel/server_processing/t0_rootFiles/beam28777_new202602/wvf_applyCut_removeBeam/wvfFind_event22203_trackID25_opNum5.root
[COPY] event=22205, trackID=0, T0=0.427541 -> /Volumes/ssd_zhang/thesis_michel/server_processing/t0_rootFiles/beam28777_new202602/wvf_applyCut_removeBeam/wvfFind_event22205_trackID0_opNum5.root
[COPY] event=22205, trackID=0, T0=0.427541 -> /Volumes/ssd_zhang/thesis_michel/server_processing/t0_rootFiles/beam28777_new202602/wvf_applyCut_removeBeam/wvfFind_event22205_trackID0_opNum5_2.root
[COPY] event=22229, trackID=1, T0=-0.689626 -> /Volumes/ssd_zhang/thesis_michel/server_processing/t0_rootFiles/beam28777_new202602/wvf_applyCut_removeBeam/wvfFind_event22229_trackID1_opNum8_merged.root
[COPY] event=22252, trackID=8, T0=-0.860269 -> /Volumes/ssd_zhang/thesis_michel/server_processing/t0_rootFiles/beam28777_new202602/wvf_applyCut_removeBeam/wvfFind_event22252_trackID8_opNum5.root
[COPY] event=22252, trackID=8, T0=-0.860269 -> /Volumes/ssd_zhang/thesis_michel/server_processing/t0_rootFiles/beam28777_new202602/wvf_applyCut_removeBeam/wvfFind_event22252_trackID8_opNum5_2.root
[COPY] event=22252, trackID=8, T0=-0.860269 -> /Volumes/ssd_zhang/thesis_michel/server_processing/t0_rootFiles/beam28777_new202602/wvf_applyCut_removeBeam/wvfFind_event22252_trackID8_opNum5_3.root
[COPY] event=22256, trackID=1, T0=-0.600446 -> /Volumes/ssd_zhang/thesis_michel/server_processing/t0_rootFiles/beam28777_new202602/wvf_applyCut_removeBeam/wvfFind_event22256_trackID1_opNum6_merged.root
[COPY] event=2225, trackID=7, T0=0.249426 -> /Volumes/ssd_zhang/thesis_michel/server_processing/t0_rootFiles/beam28777_new202602/wvf_applyCut_removeBeam/wvfFind_event2225_trackID7_opNum5.root
[COPY] event=22260, trackID=11, T0=-1.50923 -> /Volumes/ssd_zhang/thesis_michel/server_processing/t0_rootFiles/beam28777_new202602/wvf_applyCut_removeBeam/wvfFind_event22260_trackID11_opNum8.root
[COPY] event=22262, trackID=9, T0=0.0665784 -> /Volumes/ssd_zhang/thesis_michel/server_processing/t0_rootFiles/beam28777_new202602/wvf_applyCut_removeBeam/wvfFind_event22262_trackID9_opNum9.root
[COPY] event=22271, trackID=4, T0=-1.04347 -> /Volumes/ssd_zhang/thesis_michel/server_processing/t0_rootFiles/beam28777_new202602/wvf_applyCut_removeBeam/wvfFind_event22271_trackID4_opNum4.root
[COPY] event=22271, trackID=4, T0=-1.04347 -> /Volumes/ssd_zhang/thesis_michel/server_processing/t0_rootFiles/beam28777_new202602/wvf_applyCut_removeBeam/wvfFind_event22271_trackID4_opNum4_2.root
[COPY] event=22308, trackID=0, T0=-0.739887 -> /Volumes/ssd_zhang/thesis_michel/server_processing/t0_rootFiles/beam28777_new202602/wvf_applyCut_removeBeam/wvfFind_event22308_trackID0_opNum8.root
[COPY] event=22308, trackID=10, T0=-0.766792 -> /Volumes/ssd_zhang/thesis_michel/server_processing/t0_rootFiles/beam28777_new202602/wvf_applyCut_removeBeam/wvfFind_event22308_trackID10_opNum3.root
[COPY] event=22316, trackID=33, T0=-2.30496 -> /Volumes/ssd_zhang/thesis_michel/server_processing/t0_rootFiles/beam28777_new202602/wvf_applyCut_removeBeam/wvfFind_event22316_trackID33_opNum9.root
[COPY] event=22316, trackID=33, T0=-2.30496 -> /Volumes/ssd_zhang/thesis_michel/server_processing/t0_rootFiles/beam28777_new202602/wvf_applyCut_removeBeam/wvfFind_event22316_trackID33_opNum9_2.root
[COPY] event=22320, trackID=0, T0=-0.667234 -> /Volumes/ssd_zhang/thesis_michel/server_processing/t0_rootFiles/beam28777_new202602/wvf_applyCut_removeBeam/wvfFind_event22320_trackID0_opNum5.root
[COPY] event=22347, trackID=3, T0=-1.1546 -> /Volumes/ssd_zhang/thesis_michel/server_processing/t0_rootFiles/beam28777_new202602/wvf_applyCut_removeBeam/wvfFind_event22347_trackID3_opNum3.root
[COPY] event=22351, trackID=11, T0=-0.389402 -> /Volumes/ssd_zhang/thesis_michel/server_processing/t0_rootFiles/beam28777_new202602/wvf_applyCut_removeBeam/wvfFind_event22351_trackID11_opNum8.root
[COPY] event=22378, trackID=24, T0=-2.35095 -> /Volumes/ssd_zhang/thesis_michel/server_processing/t0_rootFiles/beam28777_new202602/wvf_applyCut_removeBeam/wvfFind_event22378_trackID24_opNum9.root
[COPY] event=2238, trackID=12, T0=-1.58575 -> /Volumes/ssd_zhang/thesis_michel/server_processing/t0_rootFiles/beam28777_new202602/wvf_applyCut_removeBeam/wvfFind_event2238_trackID12_opNum8.root
[COPY] event=22391, trackID=30, T0=-2.24692 -> /Volumes/ssd_zhang/thesis_michel/server_processing/t0_rootFiles/beam28777_new202602/wvf_applyCut_removeBeam/wvfFind_event22391_trackID30_opNum3_merged.root
[COPY] event=22391, trackID=3, T0=-0.014217 -> /Volumes/ssd_zhang/thesis_michel/server_processing/t0_rootFiles/beam28777_new202602/wvf_applyCut_removeBeam/wvfFind_event22391_trackID3_opNum5.root
[COPY] event=22407, trackID=3, T0=0.376757 -> /Volumes/ssd_zhang/thesis_michel/server_processing/t0_rootFiles/beam28777_new202602/wvf_applyCut_removeBeam/wvfFind_event22407_trackID3_opNum5.root
[COPY] event=22407, trackID=3, T0=0.376757 -> /Volumes/ssd_zhang/thesis_michel/server_processing/t0_rootFiles/beam28777_new202602/wvf_applyCut_removeBeam/wvfFind_event22407_trackID3_opNum5_2.root
[COPY] event=22412, trackID=5, T0=-1.44337 -> /Volumes/ssd_zhang/thesis_michel/server_processing/t0_rootFiles/beam28777_new202602/wvf_applyCut_removeBeam/wvfFind_event22412_trackID5_opNum4.root
[COPY] event=22413, trackID=1, T0=-1.51202 -> /Volumes/ssd_zhang/thesis_michel/server_processing/t0_rootFiles/beam28777_new202602/wvf_applyCut_removeBeam/wvfFind_event22413_trackID1_opNum5.root
[COPY] event=22422, trackID=0, T0=0.151325 -> /Volumes/ssd_zhang/thesis_michel/server_processing/t0_rootFiles/beam28777_new202602/wvf_applyCut_removeBeam/wvfFind_event22422_trackID0_opNum5.root
[COPY] event=22422, trackID=0, T0=0.151325 -> /Volumes/ssd_zhang/thesis_michel/server_processing/t0_rootFiles/beam28777_new202602/wvf_applyCut_removeBeam/wvfFind_event22422_trackID0_opNum5_2.root
[COPY] event=22426, trackID=8, T0=-1.30594 -> /Volumes/ssd_zhang/thesis_michel/server_processing/t0_rootFiles/beam28777_new202602/wvf_applyCut_removeBeam/wvfFind_event22426_trackID8_opNum5.root
[COPY] event=22448, trackID=16, T0=-0.890109 -> /Volumes/ssd_zhang/thesis_michel/server_processing/t0_rootFiles/beam28777_new202602/wvf_applyCut_removeBeam/wvfFind_event22448_trackID16_opNum4.root
[COPY] event=22455, trackID=16, T0=-2.32025 -> /Volumes/ssd_zhang/thesis_michel/server_processing/t0_rootFiles/beam28777_new202602/wvf_applyCut_removeBeam/wvfFind_event22455_trackID16_opNum9.root
[COPY] event=22459, trackID=4, T0=0.182411 -> /Volumes/ssd_zhang/thesis_michel/server_processing/t0_rootFiles/beam28777_new202602/wvf_applyCut_removeBeam/wvfFind_event22459_trackID4_opNum3_merged.root
[COPY] event=22496, trackID=8, T0=0.445944 -> /Volumes/ssd_zhang/thesis_michel/server_processing/t0_rootFiles/beam28777_new202602/wvf_applyCut_removeBeam/wvfFind_event22496_trackID8_opNum9.root
[COPY] event=22554, trackID=15, T0=-1.22682 -> /Volumes/ssd_zhang/thesis_michel/server_processing/t0_rootFiles/beam28777_new202602/wvf_applyCut_removeBeam/wvfFind_event22554_trackID15_opNum7_merged.root
[COPY] event=22585, trackID=3, T0=-1.08384 -> /Volumes/ssd_zhang/thesis_michel/server_processing/t0_rootFiles/beam28777_new202602/wvf_applyCut_removeBeam/wvfFind_event22585_trackID3_opNum3.root
[COPY] event=22593, trackID=5, T0=-1.29726 -> /Volumes/ssd_zhang/thesis_michel/server_processing/t0_rootFiles/beam28777_new202602/wvf_applyCut_removeBeam/wvfFind_event22593_trackID5_opNum5_merged.root
[COPY] event=22616, trackID=2, T0=-0.8481 -> /Volumes/ssd_zhang/thesis_michel/server_processing/t0_rootFiles/beam28777_new202602/wvf_applyCut_removeBeam/wvfFind_event22616_trackID2_opNum5_merged.root
[COPY] event=22619, trackID=20, T0=-1.37857 -> /Volumes/ssd_zhang/thesis_michel/server_processing/t0_rootFiles/beam28777_new202602/wvf_applyCut_removeBeam/wvfFind_event22619_trackID20_opNum6.root
[COPY] event=22623, trackID=22, T0=-1.73908 -> /Volumes/ssd_zhang/thesis_michel/server_processing/t0_rootFiles/beam28777_new202602/wvf_applyCut_removeBeam/wvfFind_event22623_trackID22_opNum8.root
[COPY] event=22631, trackID=4, T0=-0.494314 -> /Volumes/ssd_zhang/thesis_michel/server_processing/t0_rootFiles/beam28777_new202602/wvf_applyCut_removeBeam/wvfFind_event22631_trackID4_opNum4.root
[COPY] event=22631, trackID=4, T0=-0.494314 -> /Volumes/ssd_zhang/thesis_michel/server_processing/t0_rootFiles/beam28777_new202602/wvf_applyCut_removeBeam/wvfFind_event22631_trackID4_opNum4_2.root
[COPY] event=22645, trackID=6, T0=-0.606355 -> /Volumes/ssd_zhang/thesis_michel/server_processing/t0_rootFiles/beam28777_new202602/wvf_applyCut_removeBeam/wvfFind_event22645_trackID6_opNum6.root
[COPY] event=22678, trackID=1, T0=-0.427038 -> /Volumes/ssd_zhang/thesis_michel/server_processing/t0_rootFiles/beam28777_new202602/wvf_applyCut_removeBeam/wvfFind_event22678_trackID1_opNum5.root
[COPY] event=22684, trackID=10, T0=-2.04217 -> /Volumes/ssd_zhang/thesis_michel/server_processing/t0_rootFiles/beam28777_new202602/wvf_applyCut_removeBeam/wvfFind_event22684_trackID10_opNum5.root
[COPY] event=22685, trackID=14, T0=0.28228 -> /Volumes/ssd_zhang/thesis_michel/server_processing/t0_rootFiles/beam28777_new202602/wvf_applyCut_removeBeam/wvfFind_event22685_trackID14_opNum7.root
[SKIP] (in range) event=22686, trackID=11, T0=-0.114495
[COPY] event=22698, trackID=1, T0=-1.2288 -> /Volumes/ssd_zhang/thesis_michel/server_processing/t0_rootFiles/beam28777_new202602/wvf_applyCut_removeBeam/wvfFind_event22698_trackID1_opNum9.root
[COPY] event=22704, trackID=9, T0=-1.65364 -> /Volumes/ssd_zhang/thesis_michel/server_processing/t0_rootFiles/beam28777_new202602/wvf_applyCut_removeBeam/wvfFind_event22704_trackID9_opNum6.root
[COPY] event=22727, trackID=7, T0=-0.287289 -> /Volumes/ssd_zhang/thesis_michel/server_processing/t0_rootFiles/beam28777_new202602/wvf_applyCut_removeBeam/wvfFind_event22727_trackID7_opNum6.root
[COPY] event=22733, trackID=2, T0=-0.468772 -> /Volumes/ssd_zhang/thesis_michel/server_processing/t0_rootFiles/beam28777_new202602/wvf_applyCut_removeBeam/wvfFind_event22733_trackID2_opNum8.root
[COPY] event=22745, trackID=22, T0=-1.97584 -> /Volumes/ssd_zhang/thesis_michel/server_processing/t0_rootFiles/beam28777_new202602/wvf_applyCut_removeBeam/wvfFind_event22745_trackID22_opNum9.root
[COPY] event=22754, trackID=11, T0=-1.51001 -> /Volumes/ssd_zhang/thesis_michel/server_processing/t0_rootFiles/beam28777_new202602/wvf_applyCut_removeBeam/wvfFind_event22754_trackID11_opNum3.root
[COPY] event=22797, trackID=28, T0=-2.10835 -> /Volumes/ssd_zhang/thesis_michel/server_processing/t0_rootFiles/beam28777_new202602/wvf_applyCut_removeBeam/wvfFind_event22797_trackID28_opNum9_merged.root
[COPY] event=22817, trackID=1, T0=-0.692349 -> /Volumes/ssd_zhang/thesis_michel/server_processing/t0_rootFiles/beam28777_new202602/wvf_applyCut_removeBeam/wvfFind_event22817_trackID1_opNum4.root
[COPY] event=22818, trackID=16, T0=-1.69079 -> /Volumes/ssd_zhang/thesis_michel/server_processing/t0_rootFiles/beam28777_new202602/wvf_applyCut_removeBeam/wvfFind_event22818_trackID16_opNum7_merged.root
[COPY] event=22823, trackID=0, T0=0.0196091 -> /Volumes/ssd_zhang/thesis_michel/server_processing/t0_rootFiles/beam28777_new202602/wvf_applyCut_removeBeam/wvfFind_event22823_trackID0_opNum9.root
[COPY] event=22833, trackID=10, T0=-0.71332 -> /Volumes/ssd_zhang/thesis_michel/server_processing/t0_rootFiles/beam28777_new202602/wvf_applyCut_removeBeam/wvfFind_event22833_trackID10_opNum4.root
[COPY] event=22833, trackID=10, T0=-0.71332 -> /Volumes/ssd_zhang/thesis_michel/server_processing/t0_rootFiles/beam28777_new202602/wvf_applyCut_removeBeam/wvfFind_event22833_trackID10_opNum4_2.root
[COPY] event=22915, trackID=9, T0=-0.769557 -> /Volumes/ssd_zhang/thesis_michel/server_processing/t0_rootFiles/beam28777_new202602/wvf_applyCut_removeBeam/wvfFind_event22915_trackID9_opNum3.root
[COPY] event=22920, trackID=8, T0=-0.505802 -> /Volumes/ssd_zhang/thesis_michel/server_processing/t0_rootFiles/beam28777_new202602/wvf_applyCut_removeBeam/wvfFind_event22920_trackID8_opNum9.root
[COPY] event=22928, trackID=7, T0=-1.54084 -> /Volumes/ssd_zhang/thesis_michel/server_processing/t0_rootFiles/beam28777_new202602/wvf_applyCut_removeBeam/wvfFind_event22928_trackID7_opNum4.root
[COPY] event=22929, trackID=3, T0=-0.480799 -> /Volumes/ssd_zhang/thesis_michel/server_processing/t0_rootFiles/beam28777_new202602/wvf_applyCut_removeBeam/wvfFind_event22929_trackID3_opNum5.root
[COPY] event=22965, trackID=9, T0=-0.457797 -> /Volumes/ssd_zhang/thesis_michel/server_processing/t0_rootFiles/beam28777_new202602/wvf_applyCut_removeBeam/wvfFind_event22965_trackID9_opNum3.root
[COPY] event=2299, trackID=0, T0=-0.590126 -> /Volumes/ssd_zhang/thesis_michel/server_processing/t0_rootFiles/beam28777_new202602/wvf_applyCut_removeBeam/wvfFind_event2299_trackID0_opNum9_merged.root
[COPY] event=229, trackID=11, T0=-0.485882 -> /Volumes/ssd_zhang/thesis_michel/server_processing/t0_rootFiles/beam28777_new202602/wvf_applyCut_removeBeam/wvfFind_event229_trackID11_opNum6_merged.root
[SKIP] (in range) event=23024, trackID=6, T0=-0.090269
[SKIP] (in range) event=23024, trackID=6, T0=-0.090269
[COPY] event=23036, trackID=7, T0=-1.50588 -> /Volumes/ssd_zhang/thesis_michel/server_processing/t0_rootFiles/beam28777_new202602/wvf_applyCut_removeBeam/wvfFind_event23036_trackID7_opNum5.root
[COPY] event=23036, trackID=7, T0=-1.50588 -> /Volumes/ssd_zhang/thesis_michel/server_processing/t0_rootFiles/beam28777_new202602/wvf_applyCut_removeBeam/wvfFind_event23036_trackID7_opNum5_2.root
[COPY] event=23037, trackID=10, T0=0.363878 -> /Volumes/ssd_zhang/thesis_michel/server_processing/t0_rootFiles/beam28777_new202602/wvf_applyCut_removeBeam/wvfFind_event23037_trackID10_opNum7_merged.root
[COPY] event=2303, trackID=4, T0=-0.151232 -> /Volumes/ssd_zhang/thesis_michel/server_processing/t0_rootFiles/beam28777_new202602/wvf_applyCut_removeBeam/wvfFind_event2303_trackID4_opNum4.root
[COPY] event=23044, trackID=14, T0=-2.0383 -> /Volumes/ssd_zhang/thesis_michel/server_processing/t0_rootFiles/beam28777_new202602/wvf_applyCut_removeBeam/wvfFind_event23044_trackID14_opNum6.root
[COPY] event=2305, trackID=19, T0=-2.27289 -> /Volumes/ssd_zhang/thesis_michel/server_processing/t0_rootFiles/beam28777_new202602/wvf_applyCut_removeBeam/wvfFind_event2305_trackID19_opNum7.root
[COPY] event=23085, trackID=3, T0=-1.18001 -> /Volumes/ssd_zhang/thesis_michel/server_processing/t0_rootFiles/beam28777_new202602/wvf_applyCut_removeBeam/wvfFind_event23085_trackID3_opNum5.root
[COPY] event=23085, trackID=3, T0=-1.18001 -> /Volumes/ssd_zhang/thesis_michel/server_processing/t0_rootFiles/beam28777_new202602/wvf_applyCut_removeBeam/wvfFind_event23085_trackID3_opNum5_2.root
[COPY] event=23123, trackID=5, T0=-0.174928 -> /Volumes/ssd_zhang/thesis_michel/server_processing/t0_rootFiles/beam28777_new202602/wvf_applyCut_removeBeam/wvfFind_event23123_trackID5_opNum3.root
[COPY] event=23123, trackID=5, T0=-0.174928 -> /Volumes/ssd_zhang/thesis_michel/server_processing/t0_rootFiles/beam28777_new202602/wvf_applyCut_removeBeam/wvfFind_event23123_trackID5_opNum3_2.root
[COPY] event=23134, trackID=12, T0=0.214254 -> /Volumes/ssd_zhang/thesis_michel/server_processing/t0_rootFiles/beam28777_new202602/wvf_applyCut_removeBeam/wvfFind_event23134_trackID12_opNum3_merged.root
[COPY] event=23150, trackID=2, T0=-0.958871 -> /Volumes/ssd_zhang/thesis_michel/server_processing/t0_rootFiles/beam28777_new202602/wvf_applyCut_removeBeam/wvfFind_event23150_trackID2_opNum9.root
[COPY] event=23158, trackID=26, T0=-2.2073 -> /Volumes/ssd_zhang/thesis_michel/server_processing/t0_rootFiles/beam28777_new202602/wvf_applyCut_removeBeam/wvfFind_event23158_trackID26_opNum3.root
[COPY] event=23158, trackID=26, T0=-2.2073 -> /Volumes/ssd_zhang/thesis_michel/server_processing/t0_rootFiles/beam28777_new202602/wvf_applyCut_removeBeam/wvfFind_event23158_trackID26_opNum3_2.root
[COPY] event=2316, trackID=3, T0=-1.313 -> /Volumes/ssd_zhang/thesis_michel/server_processing/t0_rootFiles/beam28777_new202602/wvf_applyCut_removeBeam/wvfFind_event2316_trackID3_opNum3.root
[COPY] event=23196, trackID=4, T0=-0.534713 -> /Volumes/ssd_zhang/thesis_michel/server_processing/t0_rootFiles/beam28777_new202602/wvf_applyCut_removeBeam/wvfFind_event23196_trackID4_opNum6_merged.root
[COPY] event=2319, trackID=20, T0=-2.28312 -> /Volumes/ssd_zhang/thesis_michel/server_processing/t0_rootFiles/beam28777_new202602/wvf_applyCut_removeBeam/wvfFind_event2319_trackID20_opNum6.root
[COPY] event=23218, trackID=1, T0=-1.4912 -> /Volumes/ssd_zhang/thesis_michel/server_processing/t0_rootFiles/beam28777_new202602/wvf_applyCut_removeBeam/wvfFind_event23218_trackID1_opNum7.root
[COPY] event=23240, trackID=9, T0=0.45264 -> /Volumes/ssd_zhang/thesis_michel/server_processing/t0_rootFiles/beam28777_new202602/wvf_applyCut_removeBeam/wvfFind_event23240_trackID9_opNum3.root
[COPY] event=23240, trackID=9, T0=0.45264 -> /Volumes/ssd_zhang/thesis_michel/server_processing/t0_rootFiles/beam28777_new202602/wvf_applyCut_removeBeam/wvfFind_event23240_trackID9_opNum3_2.root
[COPY] event=23241, trackID=5, T0=-0.594592 -> /Volumes/ssd_zhang/thesis_michel/server_processing/t0_rootFiles/beam28777_new202602/wvf_applyCut_removeBeam/wvfFind_event23241_trackID5_opNum4.root
[COPY] event=23241, trackID=5, T0=-0.594592 -> /Volumes/ssd_zhang/thesis_michel/server_processing/t0_rootFiles/beam28777_new202602/wvf_applyCut_removeBeam/wvfFind_event23241_trackID5_opNum4_2.root
[COPY] event=2324, trackID=19, T0=-2.39959 -> /Volumes/ssd_zhang/thesis_michel/server_processing/t0_rootFiles/beam28777_new202602/wvf_applyCut_removeBeam/wvfFind_event2324_trackID19_opNum4.root
[COPY] event=23277, trackID=10, T0=-2.03512 -> /Volumes/ssd_zhang/thesis_michel/server_processing/t0_rootFiles/beam28777_new202602/wvf_applyCut_removeBeam/wvfFind_event23277_trackID10_opNum6.root
[COPY] event=23277, trackID=10, T0=-2.03512 -> /Volumes/ssd_zhang/thesis_michel/server_processing/t0_rootFiles/beam28777_new202602/wvf_applyCut_removeBeam/wvfFind_event23277_trackID10_opNum6_2.root
[COPY] event=23289, trackID=6, T0=-0.879406 -> /Volumes/ssd_zhang/thesis_michel/server_processing/t0_rootFiles/beam28777_new202602/wvf_applyCut_removeBeam/wvfFind_event23289_trackID6_opNum4.root
[COPY] event=23290, trackID=9, T0=-1.6044 -> /Volumes/ssd_zhang/thesis_michel/server_processing/t0_rootFiles/beam28777_new202602/wvf_applyCut_removeBeam/wvfFind_event23290_trackID9_opNum4.root
[COPY] event=23297, trackID=5, T0=-0.638053 -> /Volumes/ssd_zhang/thesis_michel/server_processing/t0_rootFiles/beam28777_new202602/wvf_applyCut_removeBeam/wvfFind_event23297_trackID5_opNum4_merged.root
[COPY] event=2329, trackID=2, T0=-0.0155785 -> /Volumes/ssd_zhang/thesis_michel/server_processing/t0_rootFiles/beam28777_new202602/wvf_applyCut_removeBeam/wvfFind_event2329_trackID2_opNum6.root
[COPY] event=23301, trackID=3, T0=-0.312596 -> /Volumes/ssd_zhang/thesis_michel/server_processing/t0_rootFiles/beam28777_new202602/wvf_applyCut_removeBeam/wvfFind_event23301_trackID3_opNum5.root
[COPY] event=23310, trackID=1, T0=-1.20895 -> /Volumes/ssd_zhang/thesis_michel/server_processing/t0_rootFiles/beam28777_new202602/wvf_applyCut_removeBeam/wvfFind_event23310_trackID1_opNum3.root
[COPY] event=23310, trackID=1, T0=-1.20895 -> /Volumes/ssd_zhang/thesis_michel/server_processing/t0_rootFiles/beam28777_new202602/wvf_applyCut_removeBeam/wvfFind_event23310_trackID1_opNum3_2.root
[COPY] event=23330, trackID=20, T0=-1.657 -> /Volumes/ssd_zhang/thesis_michel/server_processing/t0_rootFiles/beam28777_new202602/wvf_applyCut_removeBeam/wvfFind_event23330_trackID20_opNum8.root
[COPY] event=23356, trackID=22, T0=-2.44825 -> /Volumes/ssd_zhang/thesis_michel/server_processing/t0_rootFiles/beam28777_new202602/wvf_applyCut_removeBeam/wvfFind_event23356_trackID22_opNum9.root
[COPY] event=23356, trackID=22, T0=-2.44825 -> /Volumes/ssd_zhang/thesis_michel/server_processing/t0_rootFiles/beam28777_new202602/wvf_applyCut_removeBeam/wvfFind_event23356_trackID22_opNum9_2.root
[COPY] event=2335, trackID=12, T0=-0.463471 -> /Volumes/ssd_zhang/thesis_michel/server_processing/t0_rootFiles/beam28777_new202602/wvf_applyCut_removeBeam/wvfFind_event2335_trackID12_opNum6_merged.root
[COPY] event=23366, trackID=1, T0=-0.349245 -> /Volumes/ssd_zhang/thesis_michel/server_processing/t0_rootFiles/beam28777_new202602/wvf_applyCut_removeBeam/wvfFind_event23366_trackID1_opNum5.root
[COPY] event=23382, trackID=9, T0=-1.89945 -> /Volumes/ssd_zhang/thesis_michel/server_processing/t0_rootFiles/beam28777_new202602/wvf_applyCut_removeBeam/wvfFind_event23382_trackID9_opNum3.root
[COPY] event=23382, trackID=9, T0=-1.89945 -> /Volumes/ssd_zhang/thesis_michel/server_processing/t0_rootFiles/beam28777_new202602/wvf_applyCut_removeBeam/wvfFind_event23382_trackID9_opNum3_2.root
[COPY] event=2338, trackID=9, T0=-1.6065 -> /Volumes/ssd_zhang/thesis_michel/server_processing/t0_rootFiles/beam28777_new202602/wvf_applyCut_removeBeam/wvfFind_event2338_trackID9_opNum3.root
[COPY] event=23408, trackID=9, T0=-1.41093 -> /Volumes/ssd_zhang/thesis_michel/server_processing/t0_rootFiles/beam28777_new202602/wvf_applyCut_removeBeam/wvfFind_event23408_trackID9_opNum3.root
[COPY] event=23414, trackID=0, T0=-0.310329 -> /Volumes/ssd_zhang/thesis_michel/server_processing/t0_rootFiles/beam28777_new202602/wvf_applyCut_removeBeam/wvfFind_event23414_trackID0_opNum5.root
[COPY] event=23419, trackID=7, T0=-0.890404 -> /Volumes/ssd_zhang/thesis_michel/server_processing/t0_rootFiles/beam28777_new202602/wvf_applyCut_removeBeam/wvfFind_event23419_trackID7_opNum9.root
[COPY] event=23441, trackID=4, T0=-1.7911 -> /Volumes/ssd_zhang/thesis_michel/server_processing/t0_rootFiles/beam28777_new202602/wvf_applyCut_removeBeam/wvfFind_event23441_trackID4_opNum7.root
[COPY] event=2347, trackID=14, T0=-1.86494 -> /Volumes/ssd_zhang/thesis_michel/server_processing/t0_rootFiles/beam28777_new202602/wvf_applyCut_removeBeam/wvfFind_event2347_trackID14_opNum8.root
[COPY] event=23489, trackID=6, T0=-1.72471 -> /Volumes/ssd_zhang/thesis_michel/server_processing/t0_rootFiles/beam28777_new202602/wvf_applyCut_removeBeam/wvfFind_event23489_trackID6_opNum3.root
[COPY] event=2349, trackID=3, T0=-1.93868 -> /Volumes/ssd_zhang/thesis_michel/server_processing/t0_rootFiles/beam28777_new202602/wvf_applyCut_removeBeam/wvfFind_event2349_trackID3_opNum4_merged.root
[COPY] event=23502, trackID=7, T0=-0.588442 -> /Volumes/ssd_zhang/thesis_michel/server_processing/t0_rootFiles/beam28777_new202602/wvf_applyCut_removeBeam/wvfFind_event23502_trackID7_opNum5.root
[COPY] event=23514, trackID=3, T0=0.0395987 -> /Volumes/ssd_zhang/thesis_michel/server_processing/t0_rootFiles/beam28777_new202602/wvf_applyCut_removeBeam/wvfFind_event23514_trackID3_opNum5.root
[COPY] event=23535, trackID=3, T0=-0.440855 -> /Volumes/ssd_zhang/thesis_michel/server_processing/t0_rootFiles/beam28777_new202602/wvf_applyCut_removeBeam/wvfFind_event23535_trackID3_opNum5.root
[SKIP] (in range) event=23538, trackID=18, T0=-0.0793929
[COPY] event=23542, trackID=0, T0=0.0417238 -> /Volumes/ssd_zhang/thesis_michel/server_processing/t0_rootFiles/beam28777_new202602/wvf_applyCut_removeBeam/wvfFind_event23542_trackID0_opNum5.root
[COPY] event=23548, trackID=1, T0=0.0375874 -> /Volumes/ssd_zhang/thesis_michel/server_processing/t0_rootFiles/beam28777_new202602/wvf_applyCut_removeBeam/wvfFind_event23548_trackID1_opNum6.root
[COPY] event=23561, trackID=15, T0=-2.0692 -> /Volumes/ssd_zhang/thesis_michel/server_processing/t0_rootFiles/beam28777_new202602/wvf_applyCut_removeBeam/wvfFind_event23561_trackID15_opNum9.root
[COPY] event=23562, trackID=30, T0=-2.44578 -> /Volumes/ssd_zhang/thesis_michel/server_processing/t0_rootFiles/beam28777_new202602/wvf_applyCut_removeBeam/wvfFind_event23562_trackID30_opNum8.root
[COPY] event=23563, trackID=5, T0=-0.206465 -> /Volumes/ssd_zhang/thesis_michel/server_processing/t0_rootFiles/beam28777_new202602/wvf_applyCut_removeBeam/wvfFind_event23563_trackID5_opNum9.root
[COPY] event=23563, trackID=5, T0=-0.206465 -> /Volumes/ssd_zhang/thesis_michel/server_processing/t0_rootFiles/beam28777_new202602/wvf_applyCut_removeBeam/wvfFind_event23563_trackID5_opNum9_2.root
[COPY] event=23589, trackID=1, T0=-1.04605 -> /Volumes/ssd_zhang/thesis_michel/server_processing/t0_rootFiles/beam28777_new202602/wvf_applyCut_removeBeam/wvfFind_event23589_trackID1_opNum3.root
[COPY] event=23591, trackID=7, T0=-1.98193 -> /Volumes/ssd_zhang/thesis_michel/server_processing/t0_rootFiles/beam28777_new202602/wvf_applyCut_removeBeam/wvfFind_event23591_trackID7_opNum6.root
[COPY] event=23591, trackID=7, T0=-1.98193 -> /Volumes/ssd_zhang/thesis_michel/server_processing/t0_rootFiles/beam28777_new202602/wvf_applyCut_removeBeam/wvfFind_event23591_trackID7_opNum6_2.root
[COPY] event=23615, trackID=7, T0=-0.634223 -> /Volumes/ssd_zhang/thesis_michel/server_processing/t0_rootFiles/beam28777_new202602/wvf_applyCut_removeBeam/wvfFind_event23615_trackID7_opNum9.root
[COPY] event=23652, trackID=2, T0=0.212643 -> /Volumes/ssd_zhang/thesis_michel/server_processing/t0_rootFiles/beam28777_new202602/wvf_applyCut_removeBeam/wvfFind_event23652_trackID2_opNum7.root
[COPY] event=23675, trackID=14, T0=-2.05529 -> /Volumes/ssd_zhang/thesis_michel/server_processing/t0_rootFiles/beam28777_new202602/wvf_applyCut_removeBeam/wvfFind_event23675_trackID14_opNum3.root
[COPY] event=23678, trackID=17, T0=2.004 -> /Volumes/ssd_zhang/thesis_michel/server_processing/t0_rootFiles/beam28777_new202602/wvf_applyCut_removeBeam/wvfFind_event23678_trackID17_opNum9.root
[COPY] event=23712, trackID=4, T0=-0.514261 -> /Volumes/ssd_zhang/thesis_michel/server_processing/t0_rootFiles/beam28777_new202602/wvf_applyCut_removeBeam/wvfFind_event23712_trackID4_opNum5.root
[COPY] event=23712, trackID=4, T0=-0.514261 -> /Volumes/ssd_zhang/thesis_michel/server_processing/t0_rootFiles/beam28777_new202602/wvf_applyCut_removeBeam/wvfFind_event23712_trackID4_opNum5_2.root
[COPY] event=23757, trackID=12, T0=-0.88257 -> /Volumes/ssd_zhang/thesis_michel/server_processing/t0_rootFiles/beam28777_new202602/wvf_applyCut_removeBeam/wvfFind_event23757_trackID12_opNum9.root
[COPY] event=23777, trackID=4, T0=-1.09604 -> /Volumes/ssd_zhang/thesis_michel/server_processing/t0_rootFiles/beam28777_new202602/wvf_applyCut_removeBeam/wvfFind_event23777_trackID4_opNum9.root
[SKIP] (in range) event=23783, trackID=9, T0=-0.0702014
[COPY] event=23787, trackID=10, T0=-0.202657 -> /Volumes/ssd_zhang/thesis_michel/server_processing/t0_rootFiles/beam28777_new202602/wvf_applyCut_removeBeam/wvfFind_event23787_trackID10_opNum4.root
[COPY] event=23802, trackID=9, T0=-0.168682 -> /Volumes/ssd_zhang/thesis_michel/server_processing/t0_rootFiles/beam28777_new202602/wvf_applyCut_removeBeam/wvfFind_event23802_trackID9_opNum7_merged.root
[COPY] event=23806, trackID=14, T0=0.0699703 -> /Volumes/ssd_zhang/thesis_michel/server_processing/t0_rootFiles/beam28777_new202602/wvf_applyCut_removeBeam/wvfFind_event23806_trackID14_opNum9.root
[COPY] event=23824, trackID=0, T0=0.393512 -> /Volumes/ssd_zhang/thesis_michel/server_processing/t0_rootFiles/beam28777_new202602/wvf_applyCut_removeBeam/wvfFind_event23824_trackID0_opNum5.root
[COPY] event=23824, trackID=0, T0=0.393512 -> /Volumes/ssd_zhang/thesis_michel/server_processing/t0_rootFiles/beam28777_new202602/wvf_applyCut_removeBeam/wvfFind_event23824_trackID0_opNum5_2.root
[COPY] event=23825, trackID=6, T0=0.298004 -> /Volumes/ssd_zhang/thesis_michel/server_processing/t0_rootFiles/beam28777_new202602/wvf_applyCut_removeBeam/wvfFind_event23825_trackID6_opNum4.root
[COPY] event=23825, trackID=6, T0=0.298004 -> /Volumes/ssd_zhang/thesis_michel/server_processing/t0_rootFiles/beam28777_new202602/wvf_applyCut_removeBeam/wvfFind_event23825_trackID6_opNum4_2.root
[COPY] event=2382, trackID=13, T0=-0.421702 -> /Volumes/ssd_zhang/thesis_michel/server_processing/t0_rootFiles/beam28777_new202602/wvf_applyCut_removeBeam/wvfFind_event2382_trackID13_opNum7.root
[COPY] event=23832, trackID=2, T0=-0.821918 -> /Volumes/ssd_zhang/thesis_michel/server_processing/t0_rootFiles/beam28777_new202602/wvf_applyCut_removeBeam/wvfFind_event23832_trackID2_opNum4.root
[COPY] event=23837, trackID=17, T0=-2.06197 -> /Volumes/ssd_zhang/thesis_michel/server_processing/t0_rootFiles/beam28777_new202602/wvf_applyCut_removeBeam/wvfFind_event23837_trackID17_opNum5.root
[COPY] event=23837, trackID=17, T0=-2.06197 -> /Volumes/ssd_zhang/thesis_michel/server_processing/t0_rootFiles/beam28777_new202602/wvf_applyCut_removeBeam/wvfFind_event23837_trackID17_opNum5_2.root
[COPY] event=23868, trackID=18, T0=-1.78992 -> /Volumes/ssd_zhang/thesis_michel/server_processing/t0_rootFiles/beam28777_new202602/wvf_applyCut_removeBeam/wvfFind_event23868_trackID18_opNum9.root
[COPY] event=23888, trackID=6, T0=0.333583 -> /Volumes/ssd_zhang/thesis_michel/server_processing/t0_rootFiles/beam28777_new202602/wvf_applyCut_removeBeam/wvfFind_event23888_trackID6_opNum3.root
[COPY] event=23905, trackID=25, T0=-2.07896 -> /Volumes/ssd_zhang/thesis_michel/server_processing/t0_rootFiles/beam28777_new202602/wvf_applyCut_removeBeam/wvfFind_event23905_trackID25_opNum8.root
[COPY] event=23905, trackID=25, T0=-2.07896 -> /Volumes/ssd_zhang/thesis_michel/server_processing/t0_rootFiles/beam28777_new202602/wvf_applyCut_removeBeam/wvfFind_event23905_trackID25_opNum8_2.root
[COPY] event=23905, trackID=8, T0=-0.627044 -> /Volumes/ssd_zhang/thesis_michel/server_processing/t0_rootFiles/beam28777_new202602/wvf_applyCut_removeBeam/wvfFind_event23905_trackID8_opNum6_merged.root
[COPY] event=23913, trackID=4, T0=0.206692 -> /Volumes/ssd_zhang/thesis_michel/server_processing/t0_rootFiles/beam28777_new202602/wvf_applyCut_removeBeam/wvfFind_event23913_trackID4_opNum3.root
[COPY] event=23913, trackID=4, T0=0.206692 -> /Volumes/ssd_zhang/thesis_michel/server_processing/t0_rootFiles/beam28777_new202602/wvf_applyCut_removeBeam/wvfFind_event23913_trackID4_opNum3_2.root
[COPY] event=23919, trackID=11, T0=-2.13618 -> /Volumes/ssd_zhang/thesis_michel/server_processing/t0_rootFiles/beam28777_new202602/wvf_applyCut_removeBeam/wvfFind_event23919_trackID11_opNum9.root
[COPY] event=23932, trackID=13, T0=-2.03145 -> /Volumes/ssd_zhang/thesis_michel/server_processing/t0_rootFiles/beam28777_new202602/wvf_applyCut_removeBeam/wvfFind_event23932_trackID13_opNum3.root
[COPY] event=23962, trackID=0, T0=0.46967 -> /Volumes/ssd_zhang/thesis_michel/server_processing/t0_rootFiles/beam28777_new202602/wvf_applyCut_removeBeam/wvfFind_event23962_trackID0_opNum8.root
[COPY] event=23965, trackID=16, T0=-2.24327 -> /Volumes/ssd_zhang/thesis_michel/server_processing/t0_rootFiles/beam28777_new202602/wvf_applyCut_removeBeam/wvfFind_event23965_trackID16_opNum4.root
[COPY] event=23966, trackID=6, T0=-1.67093 -> /Volumes/ssd_zhang/thesis_michel/server_processing/t0_rootFiles/beam28777_new202602/wvf_applyCut_removeBeam/wvfFind_event23966_trackID6_opNum6.root
[COPY] event=23981, trackID=39, T0=0.986247 -> /Volumes/ssd_zhang/thesis_michel/server_processing/t0_rootFiles/beam28777_new202602/wvf_applyCut_removeBeam/wvfFind_event23981_trackID39_opNum7.root
[COPY] event=24004, trackID=12, T0=-0.608131 -> /Volumes/ssd_zhang/thesis_michel/server_processing/t0_rootFiles/beam28777_new202602/wvf_applyCut_removeBeam/wvfFind_event24004_trackID12_opNum6_merged.root
[COPY] event=24005, trackID=8, T0=-2.00433 -> /Volumes/ssd_zhang/thesis_michel/server_processing/t0_rootFiles/beam28777_new202602/wvf_applyCut_removeBeam/wvfFind_event24005_trackID8_opNum6_merged.root
[COPY] event=24017, trackID=6, T0=0.450326 -> /Volumes/ssd_zhang/thesis_michel/server_processing/t0_rootFiles/beam28777_new202602/wvf_applyCut_removeBeam/wvfFind_event24017_trackID6_opNum5.root
[COPY] event=24017, trackID=6, T0=0.450326 -> /Volumes/ssd_zhang/thesis_michel/server_processing/t0_rootFiles/beam28777_new202602/wvf_applyCut_removeBeam/wvfFind_event24017_trackID6_opNum5_2.root
[COPY] event=24021, trackID=11, T0=-0.3995 -> /Volumes/ssd_zhang/thesis_michel/server_processing/t0_rootFiles/beam28777_new202602/wvf_applyCut_removeBeam/wvfFind_event24021_trackID11_opNum6_merged.root
[COPY] event=24022, trackID=17, T0=-2.06646 -> /Volumes/ssd_zhang/thesis_michel/server_processing/t0_rootFiles/beam28777_new202602/wvf_applyCut_removeBeam/wvfFind_event24022_trackID17_opNum6.root
[COPY] event=24023, trackID=7, T0=-0.534422 -> /Volumes/ssd_zhang/thesis_michel/server_processing/t0_rootFiles/beam28777_new202602/wvf_applyCut_removeBeam/wvfFind_event24023_trackID7_opNum4.root
[COPY] event=24028, trackID=10, T0=-0.180768 -> /Volumes/ssd_zhang/thesis_michel/server_processing/t0_rootFiles/beam28777_new202602/wvf_applyCut_removeBeam/wvfFind_event24028_trackID10_opNum6.root
[COPY] event=24032, trackID=8, T0=-1.28765 -> /Volumes/ssd_zhang/thesis_michel/server_processing/t0_rootFiles/beam28777_new202602/wvf_applyCut_removeBeam/wvfFind_event24032_trackID8_opNum9.root
[SKIP] (in range) event=24035, trackID=1, T0=-0.0446315
[COPY] event=24039, trackID=0, T0=0.329996 -> /Volumes/ssd_zhang/thesis_michel/server_processing/t0_rootFiles/beam28777_new202602/wvf_applyCut_removeBeam/wvfFind_event24039_trackID0_opNum4.root
[COPY] event=24051, trackID=4, T0=-0.508031 -> /Volumes/ssd_zhang/thesis_michel/server_processing/t0_rootFiles/beam28777_new202602/wvf_applyCut_removeBeam/wvfFind_event24051_trackID4_opNum8.root
[COPY] event=24058, trackID=3, T0=-2.00075 -> /Volumes/ssd_zhang/thesis_michel/server_processing/t0_rootFiles/beam28777_new202602/wvf_applyCut_removeBeam/wvfFind_event24058_trackID3_opNum3.root
[COPY] event=24060, trackID=6, T0=-0.266807 -> /Volumes/ssd_zhang/thesis_michel/server_processing/t0_rootFiles/beam28777_new202602/wvf_applyCut_removeBeam/wvfFind_event24060_trackID6_opNum9.root
[COPY] event=24063, trackID=3, T0=-0.672273 -> /Volumes/ssd_zhang/thesis_michel/server_processing/t0_rootFiles/beam28777_new202602/wvf_applyCut_removeBeam/wvfFind_event24063_trackID3_opNum8.root
[COPY] event=24063, trackID=4, T0=0.423469 -> /Volumes/ssd_zhang/thesis_michel/server_processing/t0_rootFiles/beam28777_new202602/wvf_applyCut_removeBeam/wvfFind_event24063_trackID4_opNum4.root
[COPY] event=24063, trackID=4, T0=0.423469 -> /Volumes/ssd_zhang/thesis_michel/server_processing/t0_rootFiles/beam28777_new202602/wvf_applyCut_removeBeam/wvfFind_event24063_trackID4_opNum4_2.root
[COPY] event=24080, trackID=8, T0=-0.870345 -> /Volumes/ssd_zhang/thesis_michel/server_processing/t0_rootFiles/beam28777_new202602/wvf_applyCut_removeBeam/wvfFind_event24080_trackID8_opNum6.root
[COPY] event=24080, trackID=8, T0=-0.870345 -> /Volumes/ssd_zhang/thesis_michel/server_processing/t0_rootFiles/beam28777_new202602/wvf_applyCut_removeBeam/wvfFind_event24080_trackID8_opNum6_2.root
[COPY] event=24080, trackID=8, T0=-0.870345 -> /Volumes/ssd_zhang/thesis_michel/server_processing/t0_rootFiles/beam28777_new202602/wvf_applyCut_removeBeam/wvfFind_event24080_trackID8_opNum6_3.root
[COPY] event=24084, trackID=0, T0=0.0857818 -> /Volumes/ssd_zhang/thesis_michel/server_processing/t0_rootFiles/beam28777_new202602/wvf_applyCut_removeBeam/wvfFind_event24084_trackID0_opNum4.root
[COPY] event=24116, trackID=13, T0=-2.31313 -> /Volumes/ssd_zhang/thesis_michel/server_processing/t0_rootFiles/beam28777_new202602/wvf_applyCut_removeBeam/wvfFind_event24116_trackID13_opNum9.root
[COPY] event=24122, trackID=5, T0=-0.297447 -> /Volumes/ssd_zhang/thesis_michel/server_processing/t0_rootFiles/beam28777_new202602/wvf_applyCut_removeBeam/wvfFind_event24122_trackID5_opNum9.root
[COPY] event=24132, trackID=14, T0=-0.947277 -> /Volumes/ssd_zhang/thesis_michel/server_processing/t0_rootFiles/beam28777_new202602/wvf_applyCut_removeBeam/wvfFind_event24132_trackID14_opNum8.root
[COPY] event=24149, trackID=29, T0=-2.3767 -> /Volumes/ssd_zhang/thesis_michel/server_processing/t0_rootFiles/beam28777_new202602/wvf_applyCut_removeBeam/wvfFind_event24149_trackID29_opNum3.root
[COPY] event=24163, trackID=7, T0=-0.652534 -> /Volumes/ssd_zhang/thesis_michel/server_processing/t0_rootFiles/beam28777_new202602/wvf_applyCut_removeBeam/wvfFind_event24163_trackID7_opNum8.root
[COPY] event=24203, trackID=8, T0=-0.672398 -> /Volumes/ssd_zhang/thesis_michel/server_processing/t0_rootFiles/beam28777_new202602/wvf_applyCut_removeBeam/wvfFind_event24203_trackID8_opNum5.root
[COPY] event=24212, trackID=14, T0=0.327333 -> /Volumes/ssd_zhang/thesis_michel/server_processing/t0_rootFiles/beam28777_new202602/wvf_applyCut_removeBeam/wvfFind_event24212_trackID14_opNum3.root
[COPY] event=24229, trackID=12, T0=-2.03465 -> /Volumes/ssd_zhang/thesis_michel/server_processing/t0_rootFiles/beam28777_new202602/wvf_applyCut_removeBeam/wvfFind_event24229_trackID12_opNum9.root
[COPY] event=24229, trackID=12, T0=-2.03465 -> /Volumes/ssd_zhang/thesis_michel/server_processing/t0_rootFiles/beam28777_new202602/wvf_applyCut_removeBeam/wvfFind_event24229_trackID12_opNum9_2.root
[COPY] event=24274, trackID=21, T0=-2.10738 -> /Volumes/ssd_zhang/thesis_michel/server_processing/t0_rootFiles/beam28777_new202602/wvf_applyCut_removeBeam/wvfFind_event24274_trackID21_opNum5_merged.root
[COPY] event=24285, trackID=0, T0=-0.372613 -> /Volumes/ssd_zhang/thesis_michel/server_processing/t0_rootFiles/beam28777_new202602/wvf_applyCut_removeBeam/wvfFind_event24285_trackID0_opNum5.root
[SKIP] (in range) event=24286, trackID=29, T0=-0.0958977
[COPY] event=24300, trackID=2, T0=-1.1663 -> /Volumes/ssd_zhang/thesis_michel/server_processing/t0_rootFiles/beam28777_new202602/wvf_applyCut_removeBeam/wvfFind_event24300_trackID2_opNum3.root
[COPY] event=24302, trackID=0, T0=-0.522303 -> /Volumes/ssd_zhang/thesis_michel/server_processing/t0_rootFiles/beam28777_new202602/wvf_applyCut_removeBeam/wvfFind_event24302_trackID0_opNum5.root
[COPY] event=24305, trackID=12, T0=-2.22964 -> /Volumes/ssd_zhang/thesis_michel/server_processing/t0_rootFiles/beam28777_new202602/wvf_applyCut_removeBeam/wvfFind_event24305_trackID12_opNum9.root
[COPY] event=24307, trackID=12, T0=-1.24457 -> /Volumes/ssd_zhang/thesis_michel/server_processing/t0_rootFiles/beam28777_new202602/wvf_applyCut_removeBeam/wvfFind_event24307_trackID12_opNum8.root
[COPY] event=2430, trackID=9, T0=-2.15619 -> /Volumes/ssd_zhang/thesis_michel/server_processing/t0_rootFiles/beam28777_new202602/wvf_applyCut_removeBeam/wvfFind_event2430_trackID9_opNum8.root
[COPY] event=2433, trackID=4, T0=-1.05739 -> /Volumes/ssd_zhang/thesis_michel/server_processing/t0_rootFiles/beam28777_new202602/wvf_applyCut_removeBeam/wvfFind_event2433_trackID4_opNum5_merged.root
[COPY] event=24350, trackID=20, T0=-0.775629 -> /Volumes/ssd_zhang/thesis_michel/server_processing/t0_rootFiles/beam28777_new202602/wvf_applyCut_removeBeam/wvfFind_event24350_trackID20_opNum6.root
[COPY] event=24376, trackID=19, T0=-2.37347 -> /Volumes/ssd_zhang/thesis_michel/server_processing/t0_rootFiles/beam28777_new202602/wvf_applyCut_removeBeam/wvfFind_event24376_trackID19_opNum9.root
[COPY] event=24398, trackID=1, T0=-0.174897 -> /Volumes/ssd_zhang/thesis_michel/server_processing/t0_rootFiles/beam28777_new202602/wvf_applyCut_removeBeam/wvfFind_event24398_trackID1_opNum5.root
[COPY] event=24405, trackID=1, T0=-0.547177 -> /Volumes/ssd_zhang/thesis_michel/server_processing/t0_rootFiles/beam28777_new202602/wvf_applyCut_removeBeam/wvfFind_event24405_trackID1_opNum5.root
[COPY] event=24405, trackID=1, T0=-0.547177 -> /Volumes/ssd_zhang/thesis_michel/server_processing/t0_rootFiles/beam28777_new202602/wvf_applyCut_removeBeam/wvfFind_event24405_trackID1_opNum5_2.root
[COPY] event=24415, trackID=13, T0=0.184911 -> /Volumes/ssd_zhang/thesis_michel/server_processing/t0_rootFiles/beam28777_new202602/wvf_applyCut_removeBeam/wvfFind_event24415_trackID13_opNum9.root
[COPY] event=24436, trackID=1, T0=-1.29285 -> /Volumes/ssd_zhang/thesis_michel/server_processing/t0_rootFiles/beam28777_new202602/wvf_applyCut_removeBeam/wvfFind_event24436_trackID1_opNum3.root
[COPY] event=24473, trackID=3, T0=-1.23795 -> /Volumes/ssd_zhang/thesis_michel/server_processing/t0_rootFiles/beam28777_new202602/wvf_applyCut_removeBeam/wvfFind_event24473_trackID3_opNum3.root
[COPY] event=24477, trackID=6, T0=-1.39787 -> /Volumes/ssd_zhang/thesis_michel/server_processing/t0_rootFiles/beam28777_new202602/wvf_applyCut_removeBeam/wvfFind_event24477_trackID6_opNum3.root
[COPY] event=24477, trackID=6, T0=-1.39787 -> /Volumes/ssd_zhang/thesis_michel/server_processing/t0_rootFiles/beam28777_new202602/wvf_applyCut_removeBeam/wvfFind_event24477_trackID6_opNum3_2.root
[COPY] event=24538, trackID=12, T0=-1.94286 -> /Volumes/ssd_zhang/thesis_michel/server_processing/t0_rootFiles/beam28777_new202602/wvf_applyCut_removeBeam/wvfFind_event24538_trackID12_opNum5.root
[COPY] event=24560, trackID=0, T0=-0.260917 -> /Volumes/ssd_zhang/thesis_michel/server_processing/t0_rootFiles/beam28777_new202602/wvf_applyCut_removeBeam/wvfFind_event24560_trackID0_opNum3.root
[COPY] event=24561, trackID=2, T0=-0.701009 -> /Volumes/ssd_zhang/thesis_michel/server_processing/t0_rootFiles/beam28777_new202602/wvf_applyCut_removeBeam/wvfFind_event24561_trackID2_opNum3.root
[COPY] event=24562, trackID=5, T0=-1.03432 -> /Volumes/ssd_zhang/thesis_michel/server_processing/t0_rootFiles/beam28777_new202602/wvf_applyCut_removeBeam/wvfFind_event24562_trackID5_opNum3.root
[COPY] event=24562, trackID=5, T0=-1.03432 -> /Volumes/ssd_zhang/thesis_michel/server_processing/t0_rootFiles/beam28777_new202602/wvf_applyCut_removeBeam/wvfFind_event24562_trackID5_opNum3_2.root
[COPY] event=24577, trackID=7, T0=-0.594731 -> /Volumes/ssd_zhang/thesis_michel/server_processing/t0_rootFiles/beam28777_new202602/wvf_applyCut_removeBeam/wvfFind_event24577_trackID7_opNum4.root
[COPY] event=2457, trackID=12, T0=-2.0698 -> /Volumes/ssd_zhang/thesis_michel/server_processing/t0_rootFiles/beam28777_new202602/wvf_applyCut_removeBeam/wvfFind_event2457_trackID12_opNum4_merged.root
[COPY] event=24595, trackID=12, T0=-2.00325 -> /Volumes/ssd_zhang/thesis_michel/server_processing/t0_rootFiles/beam28777_new202602/wvf_applyCut_removeBeam/wvfFind_event24595_trackID12_opNum5_merged.root
[COPY] event=24621, trackID=4, T0=0.454337 -> /Volumes/ssd_zhang/thesis_michel/server_processing/t0_rootFiles/beam28777_new202602/wvf_applyCut_removeBeam/wvfFind_event24621_trackID4_opNum3.root
[COPY] event=24629, trackID=13, T0=-1.70819 -> /Volumes/ssd_zhang/thesis_michel/server_processing/t0_rootFiles/beam28777_new202602/wvf_applyCut_removeBeam/wvfFind_event24629_trackID13_opNum8_merged.root
[COPY] event=24633, trackID=34, T0=-2.32254 -> /Volumes/ssd_zhang/thesis_michel/server_processing/t0_rootFiles/beam28777_new202602/wvf_applyCut_removeBeam/wvfFind_event24633_trackID34_opNum3.root
[COPY] event=2463, trackID=3, T0=-0.510396 -> /Volumes/ssd_zhang/thesis_michel/server_processing/t0_rootFiles/beam28777_new202602/wvf_applyCut_removeBeam/wvfFind_event2463_trackID3_opNum9.root
[COPY] event=24655, trackID=2, T0=-1.76054 -> /Volumes/ssd_zhang/thesis_michel/server_processing/t0_rootFiles/beam28777_new202602/wvf_applyCut_removeBeam/wvfFind_event24655_trackID2_opNum5.root
[COPY] event=2466, trackID=9, T0=-0.194768 -> /Volumes/ssd_zhang/thesis_michel/server_processing/t0_rootFiles/beam28777_new202602/wvf_applyCut_removeBeam/wvfFind_event2466_trackID9_opNum3.root
[COPY] event=2466, trackID=9, T0=-0.194768 -> /Volumes/ssd_zhang/thesis_michel/server_processing/t0_rootFiles/beam28777_new202602/wvf_applyCut_removeBeam/wvfFind_event2466_trackID9_opNum3_2.root
[COPY] event=24671, trackID=15, T0=-1.94819 -> /Volumes/ssd_zhang/thesis_michel/server_processing/t0_rootFiles/beam28777_new202602/wvf_applyCut_removeBeam/wvfFind_event24671_trackID15_opNum5.root
[COPY] event=24694, trackID=20, T0=0.261777 -> /Volumes/ssd_zhang/thesis_michel/server_processing/t0_rootFiles/beam28777_new202602/wvf_applyCut_removeBeam/wvfFind_event24694_trackID20_opNum9.root
[COPY] event=24705, trackID=8, T0=-1.45295 -> /Volumes/ssd_zhang/thesis_michel/server_processing/t0_rootFiles/beam28777_new202602/wvf_applyCut_removeBeam/wvfFind_event24705_trackID8_opNum8_merged.root
[COPY] event=24716, trackID=1, T0=-1.79982 -> /Volumes/ssd_zhang/thesis_michel/server_processing/t0_rootFiles/beam28777_new202602/wvf_applyCut_removeBeam/wvfFind_event24716_trackID1_opNum3_merged.root
[COPY] event=24727, trackID=7, T0=-0.924696 -> /Volumes/ssd_zhang/thesis_michel/server_processing/t0_rootFiles/beam28777_new202602/wvf_applyCut_removeBeam/wvfFind_event24727_trackID7_opNum5.root
[COPY] event=24729, trackID=2, T0=0.074972 -> /Volumes/ssd_zhang/thesis_michel/server_processing/t0_rootFiles/beam28777_new202602/wvf_applyCut_removeBeam/wvfFind_event24729_trackID2_opNum4.root
[COPY] event=24753, trackID=10, T0=-1.4567 -> /Volumes/ssd_zhang/thesis_michel/server_processing/t0_rootFiles/beam28777_new202602/wvf_applyCut_removeBeam/wvfFind_event24753_trackID10_opNum5.root
[COPY] event=24753, trackID=10, T0=-1.4567 -> /Volumes/ssd_zhang/thesis_michel/server_processing/t0_rootFiles/beam28777_new202602/wvf_applyCut_removeBeam/wvfFind_event24753_trackID10_opNum5_2.root
[COPY] event=24788, trackID=28, T0=-2.34312 -> /Volumes/ssd_zhang/thesis_michel/server_processing/t0_rootFiles/beam28777_new202602/wvf_applyCut_removeBeam/wvfFind_event24788_trackID28_opNum7.root
[COPY] event=247, trackID=3, T0=-1.07213 -> /Volumes/ssd_zhang/thesis_michel/server_processing/t0_rootFiles/beam28777_new202602/wvf_applyCut_removeBeam/wvfFind_event247_trackID3_opNum7_merged.root
[COPY] event=24815, trackID=10, T0=-1.98916 -> /Volumes/ssd_zhang/thesis_michel/server_processing/t0_rootFiles/beam28777_new202602/wvf_applyCut_removeBeam/wvfFind_event24815_trackID10_opNum8.root
[COPY] event=24829, trackID=3, T0=-0.160484 -> /Volumes/ssd_zhang/thesis_michel/server_processing/t0_rootFiles/beam28777_new202602/wvf_applyCut_removeBeam/wvfFind_event24829_trackID3_opNum6_merged.root
[SKIP] (in range) event=2482, trackID=3, T0=-0.0874359
[SKIP] (in range) event=2482, trackID=3, T0=-0.0874359
[SKIP] (in range) event=2482, trackID=3, T0=-0.0874359
[COPY] event=24834, trackID=11, T0=-2.23259 -> /Volumes/ssd_zhang/thesis_michel/server_processing/t0_rootFiles/beam28777_new202602/wvf_applyCut_removeBeam/wvfFind_event24834_trackID11_opNum6.root
[COPY] event=24871, trackID=3, T0=-1.01828 -> /Volumes/ssd_zhang/thesis_michel/server_processing/t0_rootFiles/beam28777_new202602/wvf_applyCut_removeBeam/wvfFind_event24871_trackID3_opNum3.root
[COPY] event=24923, trackID=6, T0=-1.82453 -> /Volumes/ssd_zhang/thesis_michel/server_processing/t0_rootFiles/beam28777_new202602/wvf_applyCut_removeBeam/wvfFind_event24923_trackID6_opNum9.root
[COPY] event=24927, trackID=16, T0=0.617129 -> /Volumes/ssd_zhang/thesis_michel/server_processing/t0_rootFiles/beam28777_new202602/wvf_applyCut_removeBeam/wvfFind_event24927_trackID16_opNum8.root
[COPY] event=24933, trackID=17, T0=-2.12391 -> /Volumes/ssd_zhang/thesis_michel/server_processing/t0_rootFiles/beam28777_new202602/wvf_applyCut_removeBeam/wvfFind_event24933_trackID17_opNum4.root
[COPY] event=24940, trackID=27, T0=0.158081 -> /Volumes/ssd_zhang/thesis_michel/server_processing/t0_rootFiles/beam28777_new202602/wvf_applyCut_removeBeam/wvfFind_event24940_trackID27_opNum9.root
[COPY] event=24950, trackID=4, T0=-0.240608 -> /Volumes/ssd_zhang/thesis_michel/server_processing/t0_rootFiles/beam28777_new202602/wvf_applyCut_removeBeam/wvfFind_event24950_trackID4_opNum4.root
[COPY] event=24950, trackID=4, T0=-0.240608 -> /Volumes/ssd_zhang/thesis_michel/server_processing/t0_rootFiles/beam28777_new202602/wvf_applyCut_removeBeam/wvfFind_event24950_trackID4_opNum4_2.root
[COPY] event=24969, trackID=7, T0=-1.65354 -> /Volumes/ssd_zhang/thesis_michel/server_processing/t0_rootFiles/beam28777_new202602/wvf_applyCut_removeBeam/wvfFind_event24969_trackID7_opNum3.root
[COPY] event=24971, trackID=19, T0=-0.205868 -> /Volumes/ssd_zhang/thesis_michel/server_processing/t0_rootFiles/beam28777_new202602/wvf_applyCut_removeBeam/wvfFind_event24971_trackID19_opNum3.root
[COPY] event=24973, trackID=18, T0=-0.360012 -> /Volumes/ssd_zhang/thesis_michel/server_processing/t0_rootFiles/beam28777_new202602/wvf_applyCut_removeBeam/wvfFind_event24973_trackID18_opNum5_2.root
[COPY] event=24973, trackID=18, T0=-0.360012 -> /Volumes/ssd_zhang/thesis_michel/server_processing/t0_rootFiles/beam28777_new202602/wvf_applyCut_removeBeam/wvfFind_event24973_trackID18_opNum6_merged.root
[COPY] event=24988, trackID=7, T0=0.223051 -> /Volumes/ssd_zhang/thesis_michel/server_processing/t0_rootFiles/beam28777_new202602/wvf_applyCut_removeBeam/wvfFind_event24988_trackID7_opNum9.root
[COPY] event=24999, trackID=20, T0=-2.22641 -> /Volumes/ssd_zhang/thesis_michel/server_processing/t0_rootFiles/beam28777_new202602/wvf_applyCut_removeBeam/wvfFind_event24999_trackID20_opNum4.root
[COPY] event=2499, trackID=8, T0=0.41973 -> /Volumes/ssd_zhang/thesis_michel/server_processing/t0_rootFiles/beam28777_new202602/wvf_applyCut_removeBeam/wvfFind_event2499_trackID8_opNum5.root
[COPY] event=2499, trackID=8, T0=0.41973 -> /Volumes/ssd_zhang/thesis_michel/server_processing/t0_rootFiles/beam28777_new202602/wvf_applyCut_removeBeam/wvfFind_event2499_trackID8_opNum5_2.root
[SKIP] (in range) event=25029, trackID=1, T0=-0.105811
[COPY] event=25062, trackID=22, T0=0.0615508 -> /Volumes/ssd_zhang/thesis_michel/server_processing/t0_rootFiles/beam28777_new202602/wvf_applyCut_removeBeam/wvfFind_event25062_trackID22_opNum8.root
[COPY] event=25089, trackID=6, T0=-1.30554 -> /Volumes/ssd_zhang/thesis_michel/server_processing/t0_rootFiles/beam28777_new202602/wvf_applyCut_removeBeam/wvfFind_event25089_trackID6_opNum7.root
[COPY] event=25089, trackID=6, T0=-1.30554 -> /Volumes/ssd_zhang/thesis_michel/server_processing/t0_rootFiles/beam28777_new202602/wvf_applyCut_removeBeam/wvfFind_event25089_trackID6_opNum7_2.root
[COPY] event=25092, trackID=4, T0=-1.94131 -> /Volumes/ssd_zhang/thesis_michel/server_processing/t0_rootFiles/beam28777_new202602/wvf_applyCut_removeBeam/wvfFind_event25092_trackID4_opNum4.root
[COPY] event=25097, trackID=14, T0=-0.244296 -> /Volumes/ssd_zhang/thesis_michel/server_processing/t0_rootFiles/beam28777_new202602/wvf_applyCut_removeBeam/wvfFind_event25097_trackID14_opNum9.root
[COPY] event=2510, trackID=2, T0=-0.974744 -> /Volumes/ssd_zhang/thesis_michel/server_processing/t0_rootFiles/beam28777_new202602/wvf_applyCut_removeBeam/wvfFind_event2510_trackID2_opNum9.root
[COPY] event=25119, trackID=10, T0=-0.595254 -> /Volumes/ssd_zhang/thesis_michel/server_processing/t0_rootFiles/beam28777_new202602/wvf_applyCut_removeBeam/wvfFind_event25119_trackID10_opNum9.root
[COPY] event=25125, trackID=7, T0=-1.81447 -> /Volumes/ssd_zhang/thesis_michel/server_processing/t0_rootFiles/beam28777_new202602/wvf_applyCut_removeBeam/wvfFind_event25125_trackID7_opNum9.root
[SKIP] (in range) event=25138, trackID=9, T0=-0.070461
[COPY] event=2514, trackID=13, T0=-2.08808 -> /Volumes/ssd_zhang/thesis_michel/server_processing/t0_rootFiles/beam28777_new202602/wvf_applyCut_removeBeam/wvfFind_event2514_trackID13_opNum9.root
[COPY] event=25151, trackID=21, T0=0.433083 -> /Volumes/ssd_zhang/thesis_michel/server_processing/t0_rootFiles/beam28777_new202602/wvf_applyCut_removeBeam/wvfFind_event25151_trackID21_opNum3.root
[COPY] event=25165, trackID=6, T0=-0.575782 -> /Volumes/ssd_zhang/thesis_michel/server_processing/t0_rootFiles/beam28777_new202602/wvf_applyCut_removeBeam/wvfFind_event25165_trackID6_opNum6.root
[COPY] event=25168, trackID=24, T0=-2.20194 -> /Volumes/ssd_zhang/thesis_michel/server_processing/t0_rootFiles/beam28777_new202602/wvf_applyCut_removeBeam/wvfFind_event25168_trackID24_opNum8.root
[COPY] event=25181, trackID=7, T0=-1.91036 -> /Volumes/ssd_zhang/thesis_michel/server_processing/t0_rootFiles/beam28777_new202602/wvf_applyCut_removeBeam/wvfFind_event25181_trackID7_opNum5.root
[COPY] event=25206, trackID=8, T0=-1.56403 -> /Volumes/ssd_zhang/thesis_michel/server_processing/t0_rootFiles/beam28777_new202602/wvf_applyCut_removeBeam/wvfFind_event25206_trackID8_opNum6.root
[COPY] event=2520, trackID=4, T0=-0.808875 -> /Volumes/ssd_zhang/thesis_michel/server_processing/t0_rootFiles/beam28777_new202602/wvf_applyCut_removeBeam/wvfFind_event2520_trackID4_opNum6_merged.root
[COPY] event=25236, trackID=4, T0=0.207461 -> /Volumes/ssd_zhang/thesis_michel/server_processing/t0_rootFiles/beam28777_new202602/wvf_applyCut_removeBeam/wvfFind_event25236_trackID4_opNum9.root
[COPY] event=25236, trackID=4, T0=0.207461 -> /Volumes/ssd_zhang/thesis_michel/server_processing/t0_rootFiles/beam28777_new202602/wvf_applyCut_removeBeam/wvfFind_event25236_trackID4_opNum9_2.root
[COPY] event=25252, trackID=2, T0=-1.38846 -> /Volumes/ssd_zhang/thesis_michel/server_processing/t0_rootFiles/beam28777_new202602/wvf_applyCut_removeBeam/wvfFind_event25252_trackID2_opNum7.root
[COPY] event=25256, trackID=9, T0=-1.11471 -> /Volumes/ssd_zhang/thesis_michel/server_processing/t0_rootFiles/beam28777_new202602/wvf_applyCut_removeBeam/wvfFind_event25256_trackID9_opNum7.root
[COPY] event=25272, trackID=6, T0=-0.717824 -> /Volumes/ssd_zhang/thesis_michel/server_processing/t0_rootFiles/beam28777_new202602/wvf_applyCut_removeBeam/wvfFind_event25272_trackID6_opNum9.root
[COPY] event=25281, trackID=39, T0=-2.34688 -> /Volumes/ssd_zhang/thesis_michel/server_processing/t0_rootFiles/beam28777_new202602/wvf_applyCut_removeBeam/wvfFind_event25281_trackID39_opNum6_merged.root
[COPY] event=25283, trackID=26, T0=0.0635187 -> /Volumes/ssd_zhang/thesis_michel/server_processing/t0_rootFiles/beam28777_new202602/wvf_applyCut_removeBeam/wvfFind_event25283_trackID26_opNum6.root
[COPY] event=25299, trackID=8, T0=-0.299195 -> /Volumes/ssd_zhang/thesis_michel/server_processing/t0_rootFiles/beam28777_new202602/wvf_applyCut_removeBeam/wvfFind_event25299_trackID8_opNum8.root
[COPY] event=2529, trackID=7, T0=-1.49774 -> /Volumes/ssd_zhang/thesis_michel/server_processing/t0_rootFiles/beam28777_new202602/wvf_applyCut_removeBeam/wvfFind_event2529_trackID7_opNum3.root
[COPY] event=2529, trackID=7, T0=-1.49774 -> /Volumes/ssd_zhang/thesis_michel/server_processing/t0_rootFiles/beam28777_new202602/wvf_applyCut_removeBeam/wvfFind_event2529_trackID7_opNum3_2.root
[COPY] event=25310, trackID=7, T0=-0.780984 -> /Volumes/ssd_zhang/thesis_michel/server_processing/t0_rootFiles/beam28777_new202602/wvf_applyCut_removeBeam/wvfFind_event25310_trackID7_opNum5.root
[COPY] event=25331, trackID=21, T0=-2.04998 -> /Volumes/ssd_zhang/thesis_michel/server_processing/t0_rootFiles/beam28777_new202602/wvf_applyCut_removeBeam/wvfFind_event25331_trackID21_opNum8.root
[COPY] event=25331, trackID=6, T0=-0.881974 -> /Volumes/ssd_zhang/thesis_michel/server_processing/t0_rootFiles/beam28777_new202602/wvf_applyCut_removeBeam/wvfFind_event25331_trackID6_opNum9.root
[COPY] event=25332, trackID=15, T0=-0.535167 -> /Volumes/ssd_zhang/thesis_michel/server_processing/t0_rootFiles/beam28777_new202602/wvf_applyCut_removeBeam/wvfFind_event25332_trackID15_opNum4_merged.root
[COPY] event=25342, trackID=18, T0=0.278295 -> /Volumes/ssd_zhang/thesis_michel/server_processing/t0_rootFiles/beam28777_new202602/wvf_applyCut_removeBeam/wvfFind_event25342_trackID18_opNum9.root
[COPY] event=25367, trackID=23, T0=-1.86774 -> /Volumes/ssd_zhang/thesis_michel/server_processing/t0_rootFiles/beam28777_new202602/wvf_applyCut_removeBeam/wvfFind_event25367_trackID23_opNum9.root
[COPY] event=25370, trackID=1, T0=0.108551 -> /Volumes/ssd_zhang/thesis_michel/server_processing/t0_rootFiles/beam28777_new202602/wvf_applyCut_removeBeam/wvfFind_event25370_trackID1_opNum3.root
[COPY] event=25377, trackID=20, T0=-2.26714 -> /Volumes/ssd_zhang/thesis_michel/server_processing/t0_rootFiles/beam28777_new202602/wvf_applyCut_removeBeam/wvfFind_event25377_trackID20_opNum9_merged.root
[COPY] event=25388, trackID=4, T0=-1.45724 -> /Volumes/ssd_zhang/thesis_michel/server_processing/t0_rootFiles/beam28777_new202602/wvf_applyCut_removeBeam/wvfFind_event25388_trackID4_opNum4.root
[COPY] event=25389, trackID=2, T0=-0.800475 -> /Volumes/ssd_zhang/thesis_michel/server_processing/t0_rootFiles/beam28777_new202602/wvf_applyCut_removeBeam/wvfFind_event25389_trackID2_opNum8.root
[COPY] event=25390, trackID=4, T0=-0.994664 -> /Volumes/ssd_zhang/thesis_michel/server_processing/t0_rootFiles/beam28777_new202602/wvf_applyCut_removeBeam/wvfFind_event25390_trackID4_opNum9.root
[COPY] event=25391, trackID=3, T0=0.399306 -> /Volumes/ssd_zhang/thesis_michel/server_processing/t0_rootFiles/beam28777_new202602/wvf_applyCut_removeBeam/wvfFind_event25391_trackID3_opNum5.root
[COPY] event=25405, trackID=4, T0=-0.428441 -> /Volumes/ssd_zhang/thesis_michel/server_processing/t0_rootFiles/beam28777_new202602/wvf_applyCut_removeBeam/wvfFind_event25405_trackID4_opNum5.root
[COPY] event=25431, trackID=4, T0=-0.793136 -> /Volumes/ssd_zhang/thesis_michel/server_processing/t0_rootFiles/beam28777_new202602/wvf_applyCut_removeBeam/wvfFind_event25431_trackID4_opNum5.root
[COPY] event=25431, trackID=4, T0=-0.793136 -> /Volumes/ssd_zhang/thesis_michel/server_processing/t0_rootFiles/beam28777_new202602/wvf_applyCut_removeBeam/wvfFind_event25431_trackID4_opNum5_2.root
[COPY] event=2546, trackID=14, T0=-1.33051 -> /Volumes/ssd_zhang/thesis_michel/server_processing/t0_rootFiles/beam28777_new202602/wvf_applyCut_removeBeam/wvfFind_event2546_trackID14_opNum6_merged.root
[COPY] event=25471, trackID=6, T0=-1.11279 -> /Volumes/ssd_zhang/thesis_michel/server_processing/t0_rootFiles/beam28777_new202602/wvf_applyCut_removeBeam/wvfFind_event25471_trackID6_opNum6_merged.root
[COPY] event=25503, trackID=0, T0=0.24805 -> /Volumes/ssd_zhang/thesis_michel/server_processing/t0_rootFiles/beam28777_new202602/wvf_applyCut_removeBeam/wvfFind_event25503_trackID0_opNum7.root
[SKIP] (in range) event=25510, trackID=4, T0=-0.118564
[COPY] event=25518, trackID=18, T0=-2.02728 -> /Volumes/ssd_zhang/thesis_michel/server_processing/t0_rootFiles/beam28777_new202602/wvf_applyCut_removeBeam/wvfFind_event25518_trackID18_opNum6.root
[COPY] event=25520, trackID=5, T0=-1.59358 -> /Volumes/ssd_zhang/thesis_michel/server_processing/t0_rootFiles/beam28777_new202602/wvf_applyCut_removeBeam/wvfFind_event25520_trackID5_opNum5.root
[COPY] event=25542, trackID=9, T0=-0.343584 -> /Volumes/ssd_zhang/thesis_michel/server_processing/t0_rootFiles/beam28777_new202602/wvf_applyCut_removeBeam/wvfFind_event25542_trackID9_opNum5.root
[COPY] event=25568, trackID=13, T0=-1.0813 -> /Volumes/ssd_zhang/thesis_michel/server_processing/t0_rootFiles/beam28777_new202602/wvf_applyCut_removeBeam/wvfFind_event25568_trackID13_opNum8.root
[COPY] event=25598, trackID=8, T0=-0.607051 -> /Volumes/ssd_zhang/thesis_michel/server_processing/t0_rootFiles/beam28777_new202602/wvf_applyCut_removeBeam/wvfFind_event25598_trackID8_opNum3.root
[COPY] event=25598, trackID=8, T0=-0.607051 -> /Volumes/ssd_zhang/thesis_michel/server_processing/t0_rootFiles/beam28777_new202602/wvf_applyCut_removeBeam/wvfFind_event25598_trackID8_opNum3_2.root
[COPY] event=25613, trackID=4, T0=-0.448716 -> /Volumes/ssd_zhang/thesis_michel/server_processing/t0_rootFiles/beam28777_new202602/wvf_applyCut_removeBeam/wvfFind_event25613_trackID4_opNum9_merged.root
[COPY] event=25618, trackID=36, T0=-2.30684 -> /Volumes/ssd_zhang/thesis_michel/server_processing/t0_rootFiles/beam28777_new202602/wvf_applyCut_removeBeam/wvfFind_event25618_trackID36_opNum9.root
[COPY] event=25620, trackID=3, T0=-0.691307 -> /Volumes/ssd_zhang/thesis_michel/server_processing/t0_rootFiles/beam28777_new202602/wvf_applyCut_removeBeam/wvfFind_event25620_trackID3_opNum7.root
[COPY] event=25623, trackID=11, T0=-0.92909 -> /Volumes/ssd_zhang/thesis_michel/server_processing/t0_rootFiles/beam28777_new202602/wvf_applyCut_removeBeam/wvfFind_event25623_trackID11_opNum8.root
[COPY] event=25632, trackID=2, T0=-1.95694 -> /Volumes/ssd_zhang/thesis_michel/server_processing/t0_rootFiles/beam28777_new202602/wvf_applyCut_removeBeam/wvfFind_event25632_trackID2_opNum4.root
[COPY] event=25632, trackID=2, T0=-1.95694 -> /Volumes/ssd_zhang/thesis_michel/server_processing/t0_rootFiles/beam28777_new202602/wvf_applyCut_removeBeam/wvfFind_event25632_trackID2_opNum4_2.root
[COPY] event=25636, trackID=4, T0=-0.64302 -> /Volumes/ssd_zhang/thesis_michel/server_processing/t0_rootFiles/beam28777_new202602/wvf_applyCut_removeBeam/wvfFind_event25636_trackID4_opNum8.root
[COPY] event=25639, trackID=17, T0=0.0621979 -> /Volumes/ssd_zhang/thesis_michel/server_processing/t0_rootFiles/beam28777_new202602/wvf_applyCut_removeBeam/wvfFind_event25639_trackID17_opNum4.root
[COPY] event=2563, trackID=9, T0=-1.65161 -> /Volumes/ssd_zhang/thesis_michel/server_processing/t0_rootFiles/beam28777_new202602/wvf_applyCut_removeBeam/wvfFind_event2563_trackID9_opNum3.root
[COPY] event=25660, trackID=6, T0=-0.324889 -> /Volumes/ssd_zhang/thesis_michel/server_processing/t0_rootFiles/beam28777_new202602/wvf_applyCut_removeBeam/wvfFind_event25660_trackID6_opNum5.root
[COPY] event=25663, trackID=13, T0=-0.585345 -> /Volumes/ssd_zhang/thesis_michel/server_processing/t0_rootFiles/beam28777_new202602/wvf_applyCut_removeBeam/wvfFind_event25663_trackID13_opNum5.root
[COPY] event=25669, trackID=31, T0=-2.2877 -> /Volumes/ssd_zhang/thesis_michel/server_processing/t0_rootFiles/beam28777_new202602/wvf_applyCut_removeBeam/wvfFind_event25669_trackID31_opNum9.root
[COPY] event=25669, trackID=31, T0=-2.2877 -> /Volumes/ssd_zhang/thesis_michel/server_processing/t0_rootFiles/beam28777_new202602/wvf_applyCut_removeBeam/wvfFind_event25669_trackID31_opNum9_2.root
[COPY] event=25676, trackID=10, T0=-1.45762 -> /Volumes/ssd_zhang/thesis_michel/server_processing/t0_rootFiles/beam28777_new202602/wvf_applyCut_removeBeam/wvfFind_event25676_trackID10_opNum9.root
[COPY] event=25676, trackID=10, T0=-1.45762 -> /Volumes/ssd_zhang/thesis_michel/server_processing/t0_rootFiles/beam28777_new202602/wvf_applyCut_removeBeam/wvfFind_event25676_trackID10_opNum9_2.root
[COPY] event=25687, trackID=22, T0=0.125774 -> /Volumes/ssd_zhang/thesis_michel/server_processing/t0_rootFiles/beam28777_new202602/wvf_applyCut_removeBeam/wvfFind_event25687_trackID22_opNum9_merged.root
[COPY] event=25697, trackID=4, T0=-1.85007 -> /Volumes/ssd_zhang/thesis_michel/server_processing/t0_rootFiles/beam28777_new202602/wvf_applyCut_removeBeam/wvfFind_event25697_trackID4_opNum9.root
[COPY] event=25719, trackID=6, T0=-0.582916 -> /Volumes/ssd_zhang/thesis_michel/server_processing/t0_rootFiles/beam28777_new202602/wvf_applyCut_removeBeam/wvfFind_event25719_trackID6_opNum3_merged.root
[COPY] event=25727, trackID=26, T0=-2.3528 -> /Volumes/ssd_zhang/thesis_michel/server_processing/t0_rootFiles/beam28777_new202602/wvf_applyCut_removeBeam/wvfFind_event25727_trackID26_opNum8.root
[COPY] event=25728, trackID=21, T0=0.154699 -> /Volumes/ssd_zhang/thesis_michel/server_processing/t0_rootFiles/beam28777_new202602/wvf_applyCut_removeBeam/wvfFind_event25728_trackID21_opNum9.root
[COPY] event=2573, trackID=18, T0=-0.913134 -> /Volumes/ssd_zhang/thesis_michel/server_processing/t0_rootFiles/beam28777_new202602/wvf_applyCut_removeBeam/wvfFind_event2573_trackID18_opNum5.root
[COPY] event=25742, trackID=3, T0=-0.723051 -> /Volumes/ssd_zhang/thesis_michel/server_processing/t0_rootFiles/beam28777_new202602/wvf_applyCut_removeBeam/wvfFind_event25742_trackID3_opNum3.root
[COPY] event=25742, trackID=3, T0=-0.723051 -> /Volumes/ssd_zhang/thesis_michel/server_processing/t0_rootFiles/beam28777_new202602/wvf_applyCut_removeBeam/wvfFind_event25742_trackID3_opNum3_2.root
[COPY] event=25754, trackID=17, T0=-0.673595 -> /Volumes/ssd_zhang/thesis_michel/server_processing/t0_rootFiles/beam28777_new202602/wvf_applyCut_removeBeam/wvfFind_event25754_trackID17_opNum8.root
[COPY] event=25774, trackID=5, T0=-1.02185 -> /Volumes/ssd_zhang/thesis_michel/server_processing/t0_rootFiles/beam28777_new202602/wvf_applyCut_removeBeam/wvfFind_event25774_trackID5_opNum3.root
[COPY] event=25781, trackID=19, T0=-2.07241 -> /Volumes/ssd_zhang/thesis_michel/server_processing/t0_rootFiles/beam28777_new202602/wvf_applyCut_removeBeam/wvfFind_event25781_trackID19_opNum7.root
[COPY] event=25782, trackID=6, T0=-1.11712 -> /Volumes/ssd_zhang/thesis_michel/server_processing/t0_rootFiles/beam28777_new202602/wvf_applyCut_removeBeam/wvfFind_event25782_trackID6_opNum4.root
[COPY] event=25782, trackID=8, T0=-1.93513 -> /Volumes/ssd_zhang/thesis_michel/server_processing/t0_rootFiles/beam28777_new202602/wvf_applyCut_removeBeam/wvfFind_event25782_trackID8_opNum9.root
[COPY] event=25782, trackID=8, T0=-1.93513 -> /Volumes/ssd_zhang/thesis_michel/server_processing/t0_rootFiles/beam28777_new202602/wvf_applyCut_removeBeam/wvfFind_event25782_trackID8_opNum9_2.root
[COPY] event=25786, trackID=12, T0=-1.9499 -> /Volumes/ssd_zhang/thesis_michel/server_processing/t0_rootFiles/beam28777_new202602/wvf_applyCut_removeBeam/wvfFind_event25786_trackID12_opNum4.root
[COPY] event=25808, trackID=4, T0=0.329047 -> /Volumes/ssd_zhang/thesis_michel/server_processing/t0_rootFiles/beam28777_new202602/wvf_applyCut_removeBeam/wvfFind_event25808_trackID4_opNum4.root
[COPY] event=25836, trackID=1, T0=-1.19945 -> /Volumes/ssd_zhang/thesis_michel/server_processing/t0_rootFiles/beam28777_new202602/wvf_applyCut_removeBeam/wvfFind_event25836_trackID1_opNum4.root
[COPY] event=25845, trackID=4, T0=-1.528 -> /Volumes/ssd_zhang/thesis_michel/server_processing/t0_rootFiles/beam28777_new202602/wvf_applyCut_removeBeam/wvfFind_event25845_trackID4_opNum7.root
[COPY] event=2584, trackID=18, T0=-2.20873 -> /Volumes/ssd_zhang/thesis_michel/server_processing/t0_rootFiles/beam28777_new202602/wvf_applyCut_removeBeam/wvfFind_event2584_trackID18_opNum9.root
[COPY] event=2584, trackID=18, T0=-2.20873 -> /Volumes/ssd_zhang/thesis_michel/server_processing/t0_rootFiles/beam28777_new202602/wvf_applyCut_removeBeam/wvfFind_event2584_trackID18_opNum9_2.root
[COPY] event=2584, trackID=18, T0=-2.20873 -> /Volumes/ssd_zhang/thesis_michel/server_processing/t0_rootFiles/beam28777_new202602/wvf_applyCut_removeBeam/wvfFind_event2584_trackID18_opNum9_3.root
[COPY] event=2588, trackID=12, T0=0.184707 -> /Volumes/ssd_zhang/thesis_michel/server_processing/t0_rootFiles/beam28777_new202602/wvf_applyCut_removeBeam/wvfFind_event2588_trackID12_opNum7_merged.root
[COPY] event=2589, trackID=12, T0=-1.99494 -> /Volumes/ssd_zhang/thesis_michel/server_processing/t0_rootFiles/beam28777_new202602/wvf_applyCut_removeBeam/wvfFind_event2589_trackID12_opNum8.root
[COPY] event=25907, trackID=7, T0=-1.92272 -> /Volumes/ssd_zhang/thesis_michel/server_processing/t0_rootFiles/beam28777_new202602/wvf_applyCut_removeBeam/wvfFind_event25907_trackID7_opNum4_merged.root
[COPY] event=25910, trackID=3, T0=0.0137008 -> /Volumes/ssd_zhang/thesis_michel/server_processing/t0_rootFiles/beam28777_new202602/wvf_applyCut_removeBeam/wvfFind_event25910_trackID3_opNum3.root
[COPY] event=25910, trackID=3, T0=0.0137008 -> /Volumes/ssd_zhang/thesis_michel/server_processing/t0_rootFiles/beam28777_new202602/wvf_applyCut_removeBeam/wvfFind_event25910_trackID3_opNum3_2.root
[COPY] event=25970, trackID=18, T0=1.09653 -> /Volumes/ssd_zhang/thesis_michel/server_processing/t0_rootFiles/beam28777_new202602/wvf_applyCut_removeBeam/wvfFind_event25970_trackID18_opNum8_merged.root
[COPY] event=25979, trackID=11, T0=0.37727 -> /Volumes/ssd_zhang/thesis_michel/server_processing/t0_rootFiles/beam28777_new202602/wvf_applyCut_removeBeam/wvfFind_event25979_trackID11_opNum8.root
[COPY] event=25979, trackID=11, T0=0.37727 -> /Volumes/ssd_zhang/thesis_michel/server_processing/t0_rootFiles/beam28777_new202602/wvf_applyCut_removeBeam/wvfFind_event25979_trackID11_opNum8_2.root
[COPY] event=25984, trackID=5, T0=-2.06159 -> /Volumes/ssd_zhang/thesis_michel/server_processing/t0_rootFiles/beam28777_new202602/wvf_applyCut_removeBeam/wvfFind_event25984_trackID5_opNum3.root
[COPY] event=25999, trackID=15, T0=-2.20743 -> /Volumes/ssd_zhang/thesis_michel/server_processing/t0_rootFiles/beam28777_new202602/wvf_applyCut_removeBeam/wvfFind_event25999_trackID15_opNum3.root
[COPY] event=25999, trackID=15, T0=-2.20743 -> /Volumes/ssd_zhang/thesis_michel/server_processing/t0_rootFiles/beam28777_new202602/wvf_applyCut_removeBeam/wvfFind_event25999_trackID15_opNum3_2.root
[COPY] event=26034, trackID=14, T0=-1.83747 -> /Volumes/ssd_zhang/thesis_michel/server_processing/t0_rootFiles/beam28777_new202602/wvf_applyCut_removeBeam/wvfFind_event26034_trackID14_opNum5.root
[SKIP] (in range) event=26058, trackID=5, T0=-0.0783075
[COPY] event=26075, trackID=7, T0=0.0750751 -> /Volumes/ssd_zhang/thesis_michel/server_processing/t0_rootFiles/beam28777_new202602/wvf_applyCut_removeBeam/wvfFind_event26075_trackID7_opNum6.root
[COPY] event=26097, trackID=17, T0=0.101881 -> /Volumes/ssd_zhang/thesis_michel/server_processing/t0_rootFiles/beam28777_new202602/wvf_applyCut_removeBeam/wvfFind_event26097_trackID17_opNum3.root
[COPY] event=26107, trackID=0, T0=0.311166 -> /Volumes/ssd_zhang/thesis_michel/server_processing/t0_rootFiles/beam28777_new202602/wvf_applyCut_removeBeam/wvfFind_event26107_trackID0_opNum9.root
[COPY] event=26107, trackID=0, T0=0.311166 -> /Volumes/ssd_zhang/thesis_michel/server_processing/t0_rootFiles/beam28777_new202602/wvf_applyCut_removeBeam/wvfFind_event26107_trackID0_opNum9_2.root
[COPY] event=26119, trackID=15, T0=-2.18594 -> /Volumes/ssd_zhang/thesis_michel/server_processing/t0_rootFiles/beam28777_new202602/wvf_applyCut_removeBeam/wvfFind_event26119_trackID15_opNum9.root
[COPY] event=26134, trackID=7, T0=0.287775 -> /Volumes/ssd_zhang/thesis_michel/server_processing/t0_rootFiles/beam28777_new202602/wvf_applyCut_removeBeam/wvfFind_event26134_trackID7_opNum9_merged.root
[COPY] event=26135, trackID=1, T0=0.378842 -> /Volumes/ssd_zhang/thesis_michel/server_processing/t0_rootFiles/beam28777_new202602/wvf_applyCut_removeBeam/wvfFind_event26135_trackID1_opNum5_merged.root
[COPY] event=26167, trackID=6, T0=-0.422981 -> /Volumes/ssd_zhang/thesis_michel/server_processing/t0_rootFiles/beam28777_new202602/wvf_applyCut_removeBeam/wvfFind_event26167_trackID6_opNum3.root
[COPY] event=26169, trackID=10, T0=0.444968 -> /Volumes/ssd_zhang/thesis_michel/server_processing/t0_rootFiles/beam28777_new202602/wvf_applyCut_removeBeam/wvfFind_event26169_trackID10_opNum8_merged.root
[COPY] event=26171, trackID=25, T0=-0.931414 -> /Volumes/ssd_zhang/thesis_michel/server_processing/t0_rootFiles/beam28777_new202602/wvf_applyCut_removeBeam/wvfFind_event26171_trackID25_opNum9.root
[COPY] event=26179, trackID=10, T0=-1.5126 -> /Volumes/ssd_zhang/thesis_michel/server_processing/t0_rootFiles/beam28777_new202602/wvf_applyCut_removeBeam/wvfFind_event26179_trackID10_opNum5_merged.root
[COPY] event=26186, trackID=8, T0=0.313519 -> /Volumes/ssd_zhang/thesis_michel/server_processing/t0_rootFiles/beam28777_new202602/wvf_applyCut_removeBeam/wvfFind_event26186_trackID8_opNum4_merged.root
[COPY] event=26222, trackID=28, T0=-2.41949 -> /Volumes/ssd_zhang/thesis_michel/server_processing/t0_rootFiles/beam28777_new202602/wvf_applyCut_removeBeam/wvfFind_event26222_trackID28_opNum8.root
[COPY] event=26222, trackID=28, T0=-2.41949 -> /Volumes/ssd_zhang/thesis_michel/server_processing/t0_rootFiles/beam28777_new202602/wvf_applyCut_removeBeam/wvfFind_event26222_trackID28_opNum8_2.root
[COPY] event=26229, trackID=15, T0=-0.747671 -> /Volumes/ssd_zhang/thesis_michel/server_processing/t0_rootFiles/beam28777_new202602/wvf_applyCut_removeBeam/wvfFind_event26229_trackID15_opNum7_merged.root
[COPY] event=26232, trackID=32, T0=-2.36631 -> /Volumes/ssd_zhang/thesis_michel/server_processing/t0_rootFiles/beam28777_new202602/wvf_applyCut_removeBeam/wvfFind_event26232_trackID32_opNum8_merged.root
[COPY] event=26244, trackID=5, T0=-1.09449 -> /Volumes/ssd_zhang/thesis_michel/server_processing/t0_rootFiles/beam28777_new202602/wvf_applyCut_removeBeam/wvfFind_event26244_trackID5_opNum7.root
[COPY] event=26248, trackID=7, T0=-1.33973 -> /Volumes/ssd_zhang/thesis_michel/server_processing/t0_rootFiles/beam28777_new202602/wvf_applyCut_removeBeam/wvfFind_event26248_trackID7_opNum4.root
[COPY] event=26257, trackID=0, T0=-0.125834 -> /Volumes/ssd_zhang/thesis_michel/server_processing/t0_rootFiles/beam28777_new202602/wvf_applyCut_removeBeam/wvfFind_event26257_trackID0_opNum8.root
[SKIP] (in range) event=26259, trackID=0, T0=-0.0484072
[SKIP] (in range) event=26259, trackID=0, T0=-0.0484072
[COPY] event=26271, trackID=33, T0=-2.42036 -> /Volumes/ssd_zhang/thesis_michel/server_processing/t0_rootFiles/beam28777_new202602/wvf_applyCut_removeBeam/wvfFind_event26271_trackID33_opNum8.root
[COPY] event=26279, trackID=4, T0=-1.50866 -> /Volumes/ssd_zhang/thesis_michel/server_processing/t0_rootFiles/beam28777_new202602/wvf_applyCut_removeBeam/wvfFind_event26279_trackID4_opNum5.root
[COPY] event=26286, trackID=18, T0=-1.74663 -> /Volumes/ssd_zhang/thesis_michel/server_processing/t0_rootFiles/beam28777_new202602/wvf_applyCut_removeBeam/wvfFind_event26286_trackID18_opNum9.root
[COPY] event=262, trackID=23, T0=-0.702748 -> /Volumes/ssd_zhang/thesis_michel/server_processing/t0_rootFiles/beam28777_new202602/wvf_applyCut_removeBeam/wvfFind_event262_trackID23_opNum9.root
[COPY] event=26367, trackID=5, T0=-1.77061 -> /Volumes/ssd_zhang/thesis_michel/server_processing/t0_rootFiles/beam28777_new202602/wvf_applyCut_removeBeam/wvfFind_event26367_trackID5_opNum6.root
[COPY] event=26385, trackID=10, T0=-1.74966 -> /Volumes/ssd_zhang/thesis_michel/server_processing/t0_rootFiles/beam28777_new202602/wvf_applyCut_removeBeam/wvfFind_event26385_trackID10_opNum9.root
[COPY] event=2638, trackID=0, T0=-0.455011 -> /Volumes/ssd_zhang/thesis_michel/server_processing/t0_rootFiles/beam28777_new202602/wvf_applyCut_removeBeam/wvfFind_event2638_trackID0_opNum4_merged.root
[COPY] event=26447, trackID=1, T0=-0.541389 -> /Volumes/ssd_zhang/thesis_michel/server_processing/t0_rootFiles/beam28777_new202602/wvf_applyCut_removeBeam/wvfFind_event26447_trackID1_opNum8.root
[COPY] event=26459, trackID=3, T0=-0.616236 -> /Volumes/ssd_zhang/thesis_michel/server_processing/t0_rootFiles/beam28777_new202602/wvf_applyCut_removeBeam/wvfFind_event26459_trackID3_opNum5.root
[COPY] event=26469, trackID=10, T0=-0.359991 -> /Volumes/ssd_zhang/thesis_michel/server_processing/t0_rootFiles/beam28777_new202602/wvf_applyCut_removeBeam/wvfFind_event26469_trackID10_opNum3_merged.root
[COPY] event=2646, trackID=3, T0=-1.07899 -> /Volumes/ssd_zhang/thesis_michel/server_processing/t0_rootFiles/beam28777_new202602/wvf_applyCut_removeBeam/wvfFind_event2646_trackID3_opNum4.root
[COPY] event=26491, trackID=5, T0=-1.35105 -> /Volumes/ssd_zhang/thesis_michel/server_processing/t0_rootFiles/beam28777_new202602/wvf_applyCut_removeBeam/wvfFind_event26491_trackID5_opNum3.root
[COPY] event=26498, trackID=0, T0=-0.20093 -> /Volumes/ssd_zhang/thesis_michel/server_processing/t0_rootFiles/beam28777_new202602/wvf_applyCut_removeBeam/wvfFind_event26498_trackID0_opNum4.root
[COPY] event=26515, trackID=25, T0=-0.286286 -> /Volumes/ssd_zhang/thesis_michel/server_processing/t0_rootFiles/beam28777_new202602/wvf_applyCut_removeBeam/wvfFind_event26515_trackID25_opNum5.root
[COPY] event=26517, trackID=6, T0=-1.82031 -> /Volumes/ssd_zhang/thesis_michel/server_processing/t0_rootFiles/beam28777_new202602/wvf_applyCut_removeBeam/wvfFind_event26517_trackID6_opNum5.root
[COPY] event=26533, trackID=16, T0=-1.98457 -> /Volumes/ssd_zhang/thesis_michel/server_processing/t0_rootFiles/beam28777_new202602/wvf_applyCut_removeBeam/wvfFind_event26533_trackID16_opNum9.root
[COPY] event=26535, trackID=31, T0=0.441724 -> /Volumes/ssd_zhang/thesis_michel/server_processing/t0_rootFiles/beam28777_new202602/wvf_applyCut_removeBeam/wvfFind_event26535_trackID31_opNum6.root
[COPY] event=26545, trackID=12, T0=-1.60805 -> /Volumes/ssd_zhang/thesis_michel/server_processing/t0_rootFiles/beam28777_new202602/wvf_applyCut_removeBeam/wvfFind_event26545_trackID12_opNum6.root
[COPY] event=26551, trackID=8, T0=-1.79261 -> /Volumes/ssd_zhang/thesis_michel/server_processing/t0_rootFiles/beam28777_new202602/wvf_applyCut_removeBeam/wvfFind_event26551_trackID8_opNum8_merged.root
[COPY] event=26567, trackID=31, T0=-1.48583 -> /Volumes/ssd_zhang/thesis_michel/server_processing/t0_rootFiles/beam28777_new202602/wvf_applyCut_removeBeam/wvfFind_event26567_trackID31_opNum9.root
[COPY] event=2656, trackID=8, T0=0.360773 -> /Volumes/ssd_zhang/thesis_michel/server_processing/t0_rootFiles/beam28777_new202602/wvf_applyCut_removeBeam/wvfFind_event2656_trackID8_opNum4.root
[COPY] event=2656, trackID=8, T0=0.360773 -> /Volumes/ssd_zhang/thesis_michel/server_processing/t0_rootFiles/beam28777_new202602/wvf_applyCut_removeBeam/wvfFind_event2656_trackID8_opNum4_2.root
[COPY] event=26576, trackID=7, T0=-1.85111 -> /Volumes/ssd_zhang/thesis_michel/server_processing/t0_rootFiles/beam28777_new202602/wvf_applyCut_removeBeam/wvfFind_event26576_trackID7_opNum9.root
[COPY] event=26585, trackID=11, T0=-1.3492 -> /Volumes/ssd_zhang/thesis_michel/server_processing/t0_rootFiles/beam28777_new202602/wvf_applyCut_removeBeam/wvfFind_event26585_trackID11_opNum9.root
[COPY] event=26599, trackID=15, T0=-1.22382 -> /Volumes/ssd_zhang/thesis_michel/server_processing/t0_rootFiles/beam28777_new202602/wvf_applyCut_removeBeam/wvfFind_event26599_trackID15_opNum8.root
[COPY] event=26599, trackID=15, T0=-1.22382 -> /Volumes/ssd_zhang/thesis_michel/server_processing/t0_rootFiles/beam28777_new202602/wvf_applyCut_removeBeam/wvfFind_event26599_trackID15_opNum8_2.root
[COPY] event=26621, trackID=11, T0=-1.0342 -> /Volumes/ssd_zhang/thesis_michel/server_processing/t0_rootFiles/beam28777_new202602/wvf_applyCut_removeBeam/wvfFind_event26621_trackID11_opNum5.root
[COPY] event=26629, trackID=3, T0=0.436842 -> /Volumes/ssd_zhang/thesis_michel/server_processing/t0_rootFiles/beam28777_new202602/wvf_applyCut_removeBeam/wvfFind_event26629_trackID3_opNum4.root
[SKIP] (in range) event=26637, trackID=2, T0=-0.118673
[SKIP] (in range) event=26637, trackID=2, T0=-0.118673
[COPY] event=26641, trackID=43, T0=-2.4815 -> /Volumes/ssd_zhang/thesis_michel/server_processing/t0_rootFiles/beam28777_new202602/wvf_applyCut_removeBeam/wvfFind_event26641_trackID43_opNum6.root
[COPY] event=26650, trackID=11, T0=-1.84946 -> /Volumes/ssd_zhang/thesis_michel/server_processing/t0_rootFiles/beam28777_new202602/wvf_applyCut_removeBeam/wvfFind_event26650_trackID11_opNum9.root
[COPY] event=26653, trackID=2, T0=-1.00431 -> /Volumes/ssd_zhang/thesis_michel/server_processing/t0_rootFiles/beam28777_new202602/wvf_applyCut_removeBeam/wvfFind_event26653_trackID2_opNum4_merged.root
[COPY] event=26664, trackID=6, T0=-1.06801 -> /Volumes/ssd_zhang/thesis_michel/server_processing/t0_rootFiles/beam28777_new202602/wvf_applyCut_removeBeam/wvfFind_event26664_trackID6_opNum8.root
[COPY] event=26670, trackID=10, T0=-1.49568 -> /Volumes/ssd_zhang/thesis_michel/server_processing/t0_rootFiles/beam28777_new202602/wvf_applyCut_removeBeam/wvfFind_event26670_trackID10_opNum3.root
[COPY] event=26670, trackID=10, T0=-1.49568 -> /Volumes/ssd_zhang/thesis_michel/server_processing/t0_rootFiles/beam28777_new202602/wvf_applyCut_removeBeam/wvfFind_event26670_trackID10_opNum3_2.root
[COPY] event=26670, trackID=12, T0=0.158197 -> /Volumes/ssd_zhang/thesis_michel/server_processing/t0_rootFiles/beam28777_new202602/wvf_applyCut_removeBeam/wvfFind_event26670_trackID12_opNum6.root
[COPY] event=26688, trackID=27, T0=-2.46777 -> /Volumes/ssd_zhang/thesis_michel/server_processing/t0_rootFiles/beam28777_new202602/wvf_applyCut_removeBeam/wvfFind_event26688_trackID27_opNum3.root
[COPY] event=26688, trackID=27, T0=-2.46777 -> /Volumes/ssd_zhang/thesis_michel/server_processing/t0_rootFiles/beam28777_new202602/wvf_applyCut_removeBeam/wvfFind_event26688_trackID27_opNum3_2.root
[COPY] event=26689, trackID=16, T0=0.04856 -> /Volumes/ssd_zhang/thesis_michel/server_processing/t0_rootFiles/beam28777_new202602/wvf_applyCut_removeBeam/wvfFind_event26689_trackID16_opNum7.root
[COPY] event=26699, trackID=12, T0=-1.49038 -> /Volumes/ssd_zhang/thesis_michel/server_processing/t0_rootFiles/beam28777_new202602/wvf_applyCut_removeBeam/wvfFind_event26699_trackID12_opNum8.root
[COPY] event=26718, trackID=16, T0=-1.43025 -> /Volumes/ssd_zhang/thesis_michel/server_processing/t0_rootFiles/beam28777_new202602/wvf_applyCut_removeBeam/wvfFind_event26718_trackID16_opNum3.root
[SKIP] (in range) event=26752, trackID=8, T0=-0.096936
[COPY] event=26756, trackID=2, T0=0.436473 -> /Volumes/ssd_zhang/thesis_michel/server_processing/t0_rootFiles/beam28777_new202602/wvf_applyCut_removeBeam/wvfFind_event26756_trackID2_opNum3_merged.root
[COPY] event=26758, trackID=8, T0=0.464248 -> /Volumes/ssd_zhang/thesis_michel/server_processing/t0_rootFiles/beam28777_new202602/wvf_applyCut_removeBeam/wvfFind_event26758_trackID8_opNum5.root
[COPY] event=2675, trackID=13, T0=-0.18632 -> /Volumes/ssd_zhang/thesis_michel/server_processing/t0_rootFiles/beam28777_new202602/wvf_applyCut_removeBeam/wvfFind_event2675_trackID13_opNum9_merged.root
[COPY] event=26764, trackID=0, T0=-1.02209 -> /Volumes/ssd_zhang/thesis_michel/server_processing/t0_rootFiles/beam28777_new202602/wvf_applyCut_removeBeam/wvfFind_event26764_trackID0_opNum9.root
[COPY] event=26768, trackID=10, T0=-1.97133 -> /Volumes/ssd_zhang/thesis_michel/server_processing/t0_rootFiles/beam28777_new202602/wvf_applyCut_removeBeam/wvfFind_event26768_trackID10_opNum4_merged.root
[COPY] event=26776, trackID=7, T0=-0.232586 -> /Volumes/ssd_zhang/thesis_michel/server_processing/t0_rootFiles/beam28777_new202602/wvf_applyCut_removeBeam/wvfFind_event26776_trackID7_opNum5.root
[COPY] event=26776, trackID=7, T0=-0.232586 -> /Volumes/ssd_zhang/thesis_michel/server_processing/t0_rootFiles/beam28777_new202602/wvf_applyCut_removeBeam/wvfFind_event26776_trackID7_opNum5_2.root
[COPY] event=2678, trackID=17, T0=-0.604764 -> /Volumes/ssd_zhang/thesis_michel/server_processing/t0_rootFiles/beam28777_new202602/wvf_applyCut_removeBeam/wvfFind_event2678_trackID17_opNum5.root
[COPY] event=2678, trackID=17, T0=-0.604764 -> /Volumes/ssd_zhang/thesis_michel/server_processing/t0_rootFiles/beam28777_new202602/wvf_applyCut_removeBeam/wvfFind_event2678_trackID17_opNum5_2.root
[COPY] event=2678, trackID=17, T0=-0.604764 -> /Volumes/ssd_zhang/thesis_michel/server_processing/t0_rootFiles/beam28777_new202602/wvf_applyCut_removeBeam/wvfFind_event2678_trackID17_opNum5_3.root
[COPY] event=26797, trackID=23, T0=-1.61335 -> /Volumes/ssd_zhang/thesis_michel/server_processing/t0_rootFiles/beam28777_new202602/wvf_applyCut_removeBeam/wvfFind_event26797_trackID23_opNum9.root
[COPY] event=26805, trackID=20, T0=0.245494 -> /Volumes/ssd_zhang/thesis_michel/server_processing/t0_rootFiles/beam28777_new202602/wvf_applyCut_removeBeam/wvfFind_event26805_trackID20_opNum5.root
[COPY] event=26808, trackID=9, T0=-1.75608 -> /Volumes/ssd_zhang/thesis_michel/server_processing/t0_rootFiles/beam28777_new202602/wvf_applyCut_removeBeam/wvfFind_event26808_trackID9_opNum5.root
[COPY] event=26829, trackID=37, T0=-0.483977 -> /Volumes/ssd_zhang/thesis_michel/server_processing/t0_rootFiles/beam28777_new202602/wvf_applyCut_removeBeam/wvfFind_event26829_trackID37_opNum3.root
[COPY] event=26844, trackID=13, T0=-1.04443 -> /Volumes/ssd_zhang/thesis_michel/server_processing/t0_rootFiles/beam28777_new202602/wvf_applyCut_removeBeam/wvfFind_event26844_trackID13_opNum8_merged.root
[COPY] event=26860, trackID=1, T0=-0.773443 -> /Volumes/ssd_zhang/thesis_michel/server_processing/t0_rootFiles/beam28777_new202602/wvf_applyCut_removeBeam/wvfFind_event26860_trackID1_opNum3.root
[COPY] event=26861, trackID=12, T0=-1.72385 -> /Volumes/ssd_zhang/thesis_michel/server_processing/t0_rootFiles/beam28777_new202602/wvf_applyCut_removeBeam/wvfFind_event26861_trackID12_opNum8.root
[COPY] event=26861, trackID=12, T0=-1.72385 -> /Volumes/ssd_zhang/thesis_michel/server_processing/t0_rootFiles/beam28777_new202602/wvf_applyCut_removeBeam/wvfFind_event26861_trackID12_opNum8_2.root
[COPY] event=2689, trackID=0, T0=0.412712 -> /Volumes/ssd_zhang/thesis_michel/server_processing/t0_rootFiles/beam28777_new202602/wvf_applyCut_removeBeam/wvfFind_event2689_trackID0_opNum5.root
[COPY] event=268, trackID=5, T0=-0.163541 -> /Volumes/ssd_zhang/thesis_michel/server_processing/t0_rootFiles/beam28777_new202602/wvf_applyCut_removeBeam/wvfFind_event268_trackID5_opNum3.root
[COPY] event=26900, trackID=5, T0=-1.82631 -> /Volumes/ssd_zhang/thesis_michel/server_processing/t0_rootFiles/beam28777_new202602/wvf_applyCut_removeBeam/wvfFind_event26900_trackID5_opNum6.root
[COPY] event=26908, trackID=15, T0=0.026646 -> /Volumes/ssd_zhang/thesis_michel/server_processing/t0_rootFiles/beam28777_new202602/wvf_applyCut_removeBeam/wvfFind_event26908_trackID15_opNum6.root
[COPY] event=26914, trackID=8, T0=-1.73398 -> /Volumes/ssd_zhang/thesis_michel/server_processing/t0_rootFiles/beam28777_new202602/wvf_applyCut_removeBeam/wvfFind_event26914_trackID8_opNum9.root
[COPY] event=26943, trackID=6, T0=-2.41171 -> /Volumes/ssd_zhang/thesis_michel/server_processing/t0_rootFiles/beam28777_new202602/wvf_applyCut_removeBeam/wvfFind_event26943_trackID6_opNum8.root
[COPY] event=26946, trackID=3, T0=0.435535 -> /Volumes/ssd_zhang/thesis_michel/server_processing/t0_rootFiles/beam28777_new202602/wvf_applyCut_removeBeam/wvfFind_event26946_trackID3_opNum9.root
[COPY] event=2695, trackID=13, T0=-1.70686 -> /Volumes/ssd_zhang/thesis_michel/server_processing/t0_rootFiles/beam28777_new202602/wvf_applyCut_removeBeam/wvfFind_event2695_trackID13_opNum9.root
[COPY] event=26964, trackID=1, T0=-0.140257 -> /Volumes/ssd_zhang/thesis_michel/server_processing/t0_rootFiles/beam28777_new202602/wvf_applyCut_removeBeam/wvfFind_event26964_trackID1_opNum4.root
[COPY] event=26967, trackID=3, T0=0.044901 -> /Volumes/ssd_zhang/thesis_michel/server_processing/t0_rootFiles/beam28777_new202602/wvf_applyCut_removeBeam/wvfFind_event26967_trackID3_opNum5.root
[COPY] event=26968, trackID=2, T0=-1.24113 -> /Volumes/ssd_zhang/thesis_michel/server_processing/t0_rootFiles/beam28777_new202602/wvf_applyCut_removeBeam/wvfFind_event26968_trackID2_opNum3.root
[COPY] event=26968, trackID=2, T0=-1.24113 -> /Volumes/ssd_zhang/thesis_michel/server_processing/t0_rootFiles/beam28777_new202602/wvf_applyCut_removeBeam/wvfFind_event26968_trackID2_opNum3_2.root
[COPY] event=26983, trackID=0, T0=0.190938 -> /Volumes/ssd_zhang/thesis_michel/server_processing/t0_rootFiles/beam28777_new202602/wvf_applyCut_removeBeam/wvfFind_event26983_trackID0_opNum5.root
[COPY] event=27037, trackID=12, T0=-1.05177 -> /Volumes/ssd_zhang/thesis_michel/server_processing/t0_rootFiles/beam28777_new202602/wvf_applyCut_removeBeam/wvfFind_event27037_trackID12_opNum5_merged.root
[COPY] event=27038, trackID=4, T0=-0.326356 -> /Volumes/ssd_zhang/thesis_michel/server_processing/t0_rootFiles/beam28777_new202602/wvf_applyCut_removeBeam/wvfFind_event27038_trackID4_opNum5.root
[COPY] event=27054, trackID=3, T0=0.0795131 -> /Volumes/ssd_zhang/thesis_michel/server_processing/t0_rootFiles/beam28777_new202602/wvf_applyCut_removeBeam/wvfFind_event27054_trackID3_opNum5.root
[COPY] event=27057, trackID=13, T0=-0.436598 -> /Volumes/ssd_zhang/thesis_michel/server_processing/t0_rootFiles/beam28777_new202602/wvf_applyCut_removeBeam/wvfFind_event27057_trackID13_opNum9.root
[COPY] event=27074, trackID=8, T0=-1.59593 -> /Volumes/ssd_zhang/thesis_michel/server_processing/t0_rootFiles/beam28777_new202602/wvf_applyCut_removeBeam/wvfFind_event27074_trackID8_opNum4.root
[COPY] event=27074, trackID=8, T0=-1.59593 -> /Volumes/ssd_zhang/thesis_michel/server_processing/t0_rootFiles/beam28777_new202602/wvf_applyCut_removeBeam/wvfFind_event27074_trackID8_opNum4_2.root
[COPY] event=27074, trackID=8, T0=-1.59593 -> /Volumes/ssd_zhang/thesis_michel/server_processing/t0_rootFiles/beam28777_new202602/wvf_applyCut_removeBeam/wvfFind_event27074_trackID8_opNum4_3.root
[COPY] event=27084, trackID=19, T0=-1.09516 -> /Volumes/ssd_zhang/thesis_michel/server_processing/t0_rootFiles/beam28777_new202602/wvf_applyCut_removeBeam/wvfFind_event27084_trackID19_opNum6.root
[COPY] event=27104, trackID=2, T0=-0.470412 -> /Volumes/ssd_zhang/thesis_michel/server_processing/t0_rootFiles/beam28777_new202602/wvf_applyCut_removeBeam/wvfFind_event27104_trackID2_opNum8.root
[COPY] event=27113, trackID=9, T0=-0.199686 -> /Volumes/ssd_zhang/thesis_michel/server_processing/t0_rootFiles/beam28777_new202602/wvf_applyCut_removeBeam/wvfFind_event27113_trackID9_opNum8.root
[COPY] event=27113, trackID=9, T0=-0.199686 -> /Volumes/ssd_zhang/thesis_michel/server_processing/t0_rootFiles/beam28777_new202602/wvf_applyCut_removeBeam/wvfFind_event27113_trackID9_opNum8_2.root
[COPY] event=27119, trackID=10, T0=-1.44759 -> /Volumes/ssd_zhang/thesis_michel/server_processing/t0_rootFiles/beam28777_new202602/wvf_applyCut_removeBeam/wvfFind_event27119_trackID10_opNum8.root
[COPY] event=27124, trackID=17, T0=1.08579 -> /Volumes/ssd_zhang/thesis_michel/server_processing/t0_rootFiles/beam28777_new202602/wvf_applyCut_removeBeam/wvfFind_event27124_trackID17_opNum5_merged.root
[COPY] event=27154, trackID=11, T0=-1.89461 -> /Volumes/ssd_zhang/thesis_michel/server_processing/t0_rootFiles/beam28777_new202602/wvf_applyCut_removeBeam/wvfFind_event27154_trackID11_opNum5.root
[COPY] event=2715, trackID=40, T0=-2.44784 -> /Volumes/ssd_zhang/thesis_michel/server_processing/t0_rootFiles/beam28777_new202602/wvf_applyCut_removeBeam/wvfFind_event2715_trackID40_opNum3.root
[COPY] event=2715, trackID=40, T0=-2.44784 -> /Volumes/ssd_zhang/thesis_michel/server_processing/t0_rootFiles/beam28777_new202602/wvf_applyCut_removeBeam/wvfFind_event2715_trackID40_opNum3_2.root
[COPY] event=27170, trackID=14, T0=-1.75686 -> /Volumes/ssd_zhang/thesis_michel/server_processing/t0_rootFiles/beam28777_new202602/wvf_applyCut_removeBeam/wvfFind_event27170_trackID14_opNum3.root
[COPY] event=2719, trackID=14, T0=-0.188984 -> /Volumes/ssd_zhang/thesis_michel/server_processing/t0_rootFiles/beam28777_new202602/wvf_applyCut_removeBeam/wvfFind_event2719_trackID14_opNum9.root
[COPY] event=2719, trackID=14, T0=-0.188984 -> /Volumes/ssd_zhang/thesis_michel/server_processing/t0_rootFiles/beam28777_new202602/wvf_applyCut_removeBeam/wvfFind_event2719_trackID14_opNum9_2.root
[COPY] event=27207, trackID=25, T0=0.37333 -> /Volumes/ssd_zhang/thesis_michel/server_processing/t0_rootFiles/beam28777_new202602/wvf_applyCut_removeBeam/wvfFind_event27207_trackID25_opNum9_merged.root
[COPY] event=27236, trackID=1, T0=-0.619684 -> /Volumes/ssd_zhang/thesis_michel/server_processing/t0_rootFiles/beam28777_new202602/wvf_applyCut_removeBeam/wvfFind_event27236_trackID1_opNum5.root
[COPY] event=27236, trackID=1, T0=-0.619684 -> /Volumes/ssd_zhang/thesis_michel/server_processing/t0_rootFiles/beam28777_new202602/wvf_applyCut_removeBeam/wvfFind_event27236_trackID1_opNum5_2.root
[COPY] event=27275, trackID=21, T0=-2.03203 -> /Volumes/ssd_zhang/thesis_michel/server_processing/t0_rootFiles/beam28777_new202602/wvf_applyCut_removeBeam/wvfFind_event27275_trackID21_opNum6.root
[COPY] event=27275, trackID=3, T0=-1.21132 -> /Volumes/ssd_zhang/thesis_michel/server_processing/t0_rootFiles/beam28777_new202602/wvf_applyCut_removeBeam/wvfFind_event27275_trackID3_opNum5.root
[COPY] event=27276, trackID=14, T0=-2.15508 -> /Volumes/ssd_zhang/thesis_michel/server_processing/t0_rootFiles/beam28777_new202602/wvf_applyCut_removeBeam/wvfFind_event27276_trackID14_opNum9.root
[COPY] event=272, trackID=29, T0=-2.3626 -> /Volumes/ssd_zhang/thesis_michel/server_processing/t0_rootFiles/beam28777_new202602/wvf_applyCut_removeBeam/wvfFind_event272_trackID29_opNum5.root
[COPY] event=27318, trackID=5, T0=0.458737 -> /Volumes/ssd_zhang/thesis_michel/server_processing/t0_rootFiles/beam28777_new202602/wvf_applyCut_removeBeam/wvfFind_event27318_trackID5_opNum9_merged.root
[COPY] event=27331, trackID=36, T0=-0.581663 -> /Volumes/ssd_zhang/thesis_michel/server_processing/t0_rootFiles/beam28777_new202602/wvf_applyCut_removeBeam/wvfFind_event27331_trackID36_opNum8.root
[COPY] event=27348, trackID=10, T0=-1.22103 -> /Volumes/ssd_zhang/thesis_michel/server_processing/t0_rootFiles/beam28777_new202602/wvf_applyCut_removeBeam/wvfFind_event27348_trackID10_opNum9.root
[COPY] event=27351, trackID=0, T0=0.384172 -> /Volumes/ssd_zhang/thesis_michel/server_processing/t0_rootFiles/beam28777_new202602/wvf_applyCut_removeBeam/wvfFind_event27351_trackID0_opNum5.root
[COPY] event=27362, trackID=2, T0=0.272629 -> /Volumes/ssd_zhang/thesis_michel/server_processing/t0_rootFiles/beam28777_new202602/wvf_applyCut_removeBeam/wvfFind_event27362_trackID2_opNum5.root
[COPY] event=2740, trackID=12, T0=-0.395133 -> /Volumes/ssd_zhang/thesis_michel/server_processing/t0_rootFiles/beam28777_new202602/wvf_applyCut_removeBeam/wvfFind_event2740_trackID12_opNum9.root
[COPY] event=27421, trackID=21, T0=-2.23122 -> /Volumes/ssd_zhang/thesis_michel/server_processing/t0_rootFiles/beam28777_new202602/wvf_applyCut_removeBeam/wvfFind_event27421_trackID21_opNum9.root
[COPY] event=27450, trackID=17, T0=-2.14444 -> /Volumes/ssd_zhang/thesis_michel/server_processing/t0_rootFiles/beam28777_new202602/wvf_applyCut_removeBeam/wvfFind_event27450_trackID17_opNum9.root
[COPY] event=27491, trackID=7, T0=-0.132505 -> /Volumes/ssd_zhang/thesis_michel/server_processing/t0_rootFiles/beam28777_new202602/wvf_applyCut_removeBeam/wvfFind_event27491_trackID7_opNum9.root
[COPY] event=27502, trackID=7, T0=-0.715834 -> /Volumes/ssd_zhang/thesis_michel/server_processing/t0_rootFiles/beam28777_new202602/wvf_applyCut_removeBeam/wvfFind_event27502_trackID7_opNum9.root
[COPY] event=27507, trackID=3, T0=-0.870478 -> /Volumes/ssd_zhang/thesis_michel/server_processing/t0_rootFiles/beam28777_new202602/wvf_applyCut_removeBeam/wvfFind_event27507_trackID3_opNum6.root
[COPY] event=27541, trackID=19, T0=-2.19901 -> /Volumes/ssd_zhang/thesis_michel/server_processing/t0_rootFiles/beam28777_new202602/wvf_applyCut_removeBeam/wvfFind_event27541_trackID19_opNum8_merged.root
[COPY] event=2754, trackID=8, T0=0.0862879 -> /Volumes/ssd_zhang/thesis_michel/server_processing/t0_rootFiles/beam28777_new202602/wvf_applyCut_removeBeam/wvfFind_event2754_trackID8_opNum7.root
[SKIP] (in range) event=27561, trackID=8, T0=-0.0470667
[COPY] event=27574, trackID=5, T0=0.451844 -> /Volumes/ssd_zhang/thesis_michel/server_processing/t0_rootFiles/beam28777_new202602/wvf_applyCut_removeBeam/wvfFind_event27574_trackID5_opNum4_merged.root
[COPY] event=27593, trackID=18, T0=-1.13833 -> /Volumes/ssd_zhang/thesis_michel/server_processing/t0_rootFiles/beam28777_new202602/wvf_applyCut_removeBeam/wvfFind_event27593_trackID18_opNum5.root
[COPY] event=27603, trackID=23, T0=-0.354318 -> /Volumes/ssd_zhang/thesis_michel/server_processing/t0_rootFiles/beam28777_new202602/wvf_applyCut_removeBeam/wvfFind_event27603_trackID23_opNum7_merged.root
[COPY] event=27605, trackID=9, T0=-0.599669 -> /Volumes/ssd_zhang/thesis_michel/server_processing/t0_rootFiles/beam28777_new202602/wvf_applyCut_removeBeam/wvfFind_event27605_trackID9_opNum4.root
[COPY] event=27620, trackID=1, T0=-0.99183 -> /Volumes/ssd_zhang/thesis_michel/server_processing/t0_rootFiles/beam28777_new202602/wvf_applyCut_removeBeam/wvfFind_event27620_trackID1_opNum5.root
[COPY] event=27633, trackID=5, T0=-1.3307 -> /Volumes/ssd_zhang/thesis_michel/server_processing/t0_rootFiles/beam28777_new202602/wvf_applyCut_removeBeam/wvfFind_event27633_trackID5_opNum5.root
[COPY] event=27655, trackID=1, T0=-0.294212 -> /Volumes/ssd_zhang/thesis_michel/server_processing/t0_rootFiles/beam28777_new202602/wvf_applyCut_removeBeam/wvfFind_event27655_trackID1_opNum9.root
[COPY] event=27656, trackID=23, T0=-2.2801 -> /Volumes/ssd_zhang/thesis_michel/server_processing/t0_rootFiles/beam28777_new202602/wvf_applyCut_removeBeam/wvfFind_event27656_trackID23_opNum9.root
[COPY] event=27678, trackID=30, T0=-2.34354 -> /Volumes/ssd_zhang/thesis_michel/server_processing/t0_rootFiles/beam28777_new202602/wvf_applyCut_removeBeam/wvfFind_event27678_trackID30_opNum3.root
[COPY] event=27678, trackID=30, T0=-2.34354 -> /Volumes/ssd_zhang/thesis_michel/server_processing/t0_rootFiles/beam28777_new202602/wvf_applyCut_removeBeam/wvfFind_event27678_trackID30_opNum3_2.root
[COPY] event=27678, trackID=30, T0=-2.34354 -> /Volumes/ssd_zhang/thesis_michel/server_processing/t0_rootFiles/beam28777_new202602/wvf_applyCut_removeBeam/wvfFind_event27678_trackID30_opNum3_3.root
[COPY] event=27691, trackID=7, T0=-0.561678 -> /Volumes/ssd_zhang/thesis_michel/server_processing/t0_rootFiles/beam28777_new202602/wvf_applyCut_removeBeam/wvfFind_event27691_trackID7_opNum9.root
[COPY] event=27697, trackID=17, T0=-2.09264 -> /Volumes/ssd_zhang/thesis_michel/server_processing/t0_rootFiles/beam28777_new202602/wvf_applyCut_removeBeam/wvfFind_event27697_trackID17_opNum4.root
[COPY] event=27700, trackID=0, T0=0.398273 -> /Volumes/ssd_zhang/thesis_michel/server_processing/t0_rootFiles/beam28777_new202602/wvf_applyCut_removeBeam/wvfFind_event27700_trackID0_opNum5.root
[COPY] event=27709, trackID=13, T0=-0.332316 -> /Volumes/ssd_zhang/thesis_michel/server_processing/t0_rootFiles/beam28777_new202602/wvf_applyCut_removeBeam/wvfFind_event27709_trackID13_opNum9.root
[COPY] event=2770, trackID=4, T0=0.233197 -> /Volumes/ssd_zhang/thesis_michel/server_processing/t0_rootFiles/beam28777_new202602/wvf_applyCut_removeBeam/wvfFind_event2770_trackID4_opNum8.root
[COPY] event=27710, trackID=5, T0=-1.57612 -> /Volumes/ssd_zhang/thesis_michel/server_processing/t0_rootFiles/beam28777_new202602/wvf_applyCut_removeBeam/wvfFind_event27710_trackID5_opNum4.root
[COPY] event=27745, trackID=3, T0=-2.15131 -> /Volumes/ssd_zhang/thesis_michel/server_processing/t0_rootFiles/beam28777_new202602/wvf_applyCut_removeBeam/wvfFind_event27745_trackID3_opNum9.root
[COPY] event=27749, trackID=0, T0=0.205118 -> /Volumes/ssd_zhang/thesis_michel/server_processing/t0_rootFiles/beam28777_new202602/wvf_applyCut_removeBeam/wvfFind_event27749_trackID0_opNum8.root
[SKIP] (in range) event=27751, trackID=7, T0=-0.0740757
[COPY] event=27766, trackID=32, T0=-2.33927 -> /Volumes/ssd_zhang/thesis_michel/server_processing/t0_rootFiles/beam28777_new202602/wvf_applyCut_removeBeam/wvfFind_event27766_trackID32_opNum9.root
[COPY] event=27820, trackID=12, T0=-0.410282 -> /Volumes/ssd_zhang/thesis_michel/server_processing/t0_rootFiles/beam28777_new202602/wvf_applyCut_removeBeam/wvfFind_event27820_trackID12_opNum4.root
[COPY] event=2785, trackID=7, T0=0.454004 -> /Volumes/ssd_zhang/thesis_michel/server_processing/t0_rootFiles/beam28777_new202602/wvf_applyCut_removeBeam/wvfFind_event2785_trackID7_opNum9.root
[COPY] event=278, trackID=2, T0=-0.75893 -> /Volumes/ssd_zhang/thesis_michel/server_processing/t0_rootFiles/beam28777_new202602/wvf_applyCut_removeBeam/wvfFind_event278_trackID2_opNum3.root
[COPY] event=278, trackID=2, T0=-0.75893 -> /Volumes/ssd_zhang/thesis_michel/server_processing/t0_rootFiles/beam28777_new202602/wvf_applyCut_removeBeam/wvfFind_event278_trackID2_opNum3_2.root
[COPY] event=27905, trackID=34, T0=-2.38622 -> /Volumes/ssd_zhang/thesis_michel/server_processing/t0_rootFiles/beam28777_new202602/wvf_applyCut_removeBeam/wvfFind_event27905_trackID34_opNum9.root
[COPY] event=27930, trackID=12, T0=-1.48404 -> /Volumes/ssd_zhang/thesis_michel/server_processing/t0_rootFiles/beam28777_new202602/wvf_applyCut_removeBeam/wvfFind_event27930_trackID12_opNum9.root
[COPY] event=27965, trackID=5, T0=-1.90883 -> /Volumes/ssd_zhang/thesis_michel/server_processing/t0_rootFiles/beam28777_new202602/wvf_applyCut_removeBeam/wvfFind_event27965_trackID5_opNum4.root
[COPY] event=27965, trackID=5, T0=-1.90883 -> /Volumes/ssd_zhang/thesis_michel/server_processing/t0_rootFiles/beam28777_new202602/wvf_applyCut_removeBeam/wvfFind_event27965_trackID5_opNum4_2.root
[COPY] event=27965, trackID=5, T0=-1.90883 -> /Volumes/ssd_zhang/thesis_michel/server_processing/t0_rootFiles/beam28777_new202602/wvf_applyCut_removeBeam/wvfFind_event27965_trackID5_opNum4_3.root
[COPY] event=27990, trackID=8, T0=-1.47557 -> /Volumes/ssd_zhang/thesis_michel/server_processing/t0_rootFiles/beam28777_new202602/wvf_applyCut_removeBeam/wvfFind_event27990_trackID8_opNum4.root
[COPY] event=28019, trackID=4, T0=-0.142201 -> /Volumes/ssd_zhang/thesis_michel/server_processing/t0_rootFiles/beam28777_new202602/wvf_applyCut_removeBeam/wvfFind_event28019_trackID4_opNum5.root
[COPY] event=28032, trackID=3, T0=-0.833891 -> /Volumes/ssd_zhang/thesis_michel/server_processing/t0_rootFiles/beam28777_new202602/wvf_applyCut_removeBeam/wvfFind_event28032_trackID3_opNum6_merged.root
[COPY] event=2803, trackID=3, T0=-0.136323 -> /Volumes/ssd_zhang/thesis_michel/server_processing/t0_rootFiles/beam28777_new202602/wvf_applyCut_removeBeam/wvfFind_event2803_trackID3_opNum5.root
[COPY] event=2803, trackID=3, T0=-0.136323 -> /Volumes/ssd_zhang/thesis_michel/server_processing/t0_rootFiles/beam28777_new202602/wvf_applyCut_removeBeam/wvfFind_event2803_trackID3_opNum5_2.root
[COPY] event=28052, trackID=5, T0=-0.869482 -> /Volumes/ssd_zhang/thesis_michel/server_processing/t0_rootFiles/beam28777_new202602/wvf_applyCut_removeBeam/wvfFind_event28052_trackID5_opNum5.root
[COPY] event=28098, trackID=8, T0=-1.60561 -> /Volumes/ssd_zhang/thesis_michel/server_processing/t0_rootFiles/beam28777_new202602/wvf_applyCut_removeBeam/wvfFind_event28098_trackID8_opNum9.root
[COPY] event=28107, trackID=4, T0=0.439185 -> /Volumes/ssd_zhang/thesis_michel/server_processing/t0_rootFiles/beam28777_new202602/wvf_applyCut_removeBeam/wvfFind_event28107_trackID4_opNum9.root
[COPY] event=28107, trackID=4, T0=0.439185 -> /Volumes/ssd_zhang/thesis_michel/server_processing/t0_rootFiles/beam28777_new202602/wvf_applyCut_removeBeam/wvfFind_event28107_trackID4_opNum9_2.root
[COPY] event=28124, trackID=21, T0=-0.244434 -> /Volumes/ssd_zhang/thesis_michel/server_processing/t0_rootFiles/beam28777_new202602/wvf_applyCut_removeBeam/wvfFind_event28124_trackID21_opNum9.root
[COPY] event=28141, trackID=6, T0=-1.67399 -> /Volumes/ssd_zhang/thesis_michel/server_processing/t0_rootFiles/beam28777_new202602/wvf_applyCut_removeBeam/wvfFind_event28141_trackID6_opNum3.root
[COPY] event=28141, trackID=6, T0=-1.67399 -> /Volumes/ssd_zhang/thesis_michel/server_processing/t0_rootFiles/beam28777_new202602/wvf_applyCut_removeBeam/wvfFind_event28141_trackID6_opNum3_2.root
[COPY] event=28151, trackID=9, T0=-0.57719 -> /Volumes/ssd_zhang/thesis_michel/server_processing/t0_rootFiles/beam28777_new202602/wvf_applyCut_removeBeam/wvfFind_event28151_trackID9_opNum4.root
[COPY] event=28151, trackID=9, T0=-0.57719 -> /Volumes/ssd_zhang/thesis_michel/server_processing/t0_rootFiles/beam28777_new202602/wvf_applyCut_removeBeam/wvfFind_event28151_trackID9_opNum4_2.root
[COPY] event=28151, trackID=9, T0=-0.57719 -> /Volumes/ssd_zhang/thesis_michel/server_processing/t0_rootFiles/beam28777_new202602/wvf_applyCut_removeBeam/wvfFind_event28151_trackID9_opNum4_3.root
[COPY] event=28171, trackID=23, T0=-1.95238 -> /Volumes/ssd_zhang/thesis_michel/server_processing/t0_rootFiles/beam28777_new202602/wvf_applyCut_removeBeam/wvfFind_event28171_trackID23_opNum7.root
[COPY] event=28178, trackID=8, T0=-1.95974 -> /Volumes/ssd_zhang/thesis_michel/server_processing/t0_rootFiles/beam28777_new202602/wvf_applyCut_removeBeam/wvfFind_event28178_trackID8_opNum4.root
[COPY] event=28182, trackID=20, T0=-0.326376 -> /Volumes/ssd_zhang/thesis_michel/server_processing/t0_rootFiles/beam28777_new202602/wvf_applyCut_removeBeam/wvfFind_event28182_trackID20_opNum5.root
[COPY] event=28189, trackID=18, T0=-0.587534 -> /Volumes/ssd_zhang/thesis_michel/server_processing/t0_rootFiles/beam28777_new202602/wvf_applyCut_removeBeam/wvfFind_event28189_trackID18_opNum6.root
[COPY] event=28193, trackID=9, T0=0.2051 -> /Volumes/ssd_zhang/thesis_michel/server_processing/t0_rootFiles/beam28777_new202602/wvf_applyCut_removeBeam/wvfFind_event28193_trackID9_opNum9.root
[COPY] event=28193, trackID=9, T0=0.2051 -> /Volumes/ssd_zhang/thesis_michel/server_processing/t0_rootFiles/beam28777_new202602/wvf_applyCut_removeBeam/wvfFind_event28193_trackID9_opNum9_2.root
[COPY] event=28201, trackID=11, T0=-1.51307 -> /Volumes/ssd_zhang/thesis_michel/server_processing/t0_rootFiles/beam28777_new202602/wvf_applyCut_removeBeam/wvfFind_event28201_trackID11_opNum8.root
[COPY] event=28201, trackID=11, T0=-1.51307 -> /Volumes/ssd_zhang/thesis_michel/server_processing/t0_rootFiles/beam28777_new202602/wvf_applyCut_removeBeam/wvfFind_event28201_trackID11_opNum8_2.root
[COPY] event=28202, trackID=11, T0=-1.54058 -> /Volumes/ssd_zhang/thesis_michel/server_processing/t0_rootFiles/beam28777_new202602/wvf_applyCut_removeBeam/wvfFind_event28202_trackID11_opNum8.root
[COPY] event=28202, trackID=11, T0=-1.54058 -> /Volumes/ssd_zhang/thesis_michel/server_processing/t0_rootFiles/beam28777_new202602/wvf_applyCut_removeBeam/wvfFind_event28202_trackID11_opNum8_2.root
[COPY] event=28237, trackID=16, T0=-0.989458 -> /Volumes/ssd_zhang/thesis_michel/server_processing/t0_rootFiles/beam28777_new202602/wvf_applyCut_removeBeam/wvfFind_event28237_trackID16_opNum5.root
[COPY] event=28238, trackID=25, T0=0.0498955 -> /Volumes/ssd_zhang/thesis_michel/server_processing/t0_rootFiles/beam28777_new202602/wvf_applyCut_removeBeam/wvfFind_event28238_trackID25_opNum8.root
[COPY] event=28264, trackID=8, T0=-1.88081 -> /Volumes/ssd_zhang/thesis_michel/server_processing/t0_rootFiles/beam28777_new202602/wvf_applyCut_removeBeam/wvfFind_event28264_trackID8_opNum5.root
[COPY] event=28293, trackID=7, T0=-1.34002 -> /Volumes/ssd_zhang/thesis_michel/server_processing/t0_rootFiles/beam28777_new202602/wvf_applyCut_removeBeam/wvfFind_event28293_trackID7_opNum4.root
[COPY] event=28297, trackID=19, T0=-0.857645 -> /Volumes/ssd_zhang/thesis_michel/server_processing/t0_rootFiles/beam28777_new202602/wvf_applyCut_removeBeam/wvfFind_event28297_trackID19_opNum9.root
[COPY] event=28299, trackID=8, T0=-0.237677 -> /Volumes/ssd_zhang/thesis_michel/server_processing/t0_rootFiles/beam28777_new202602/wvf_applyCut_removeBeam/wvfFind_event28299_trackID8_opNum5.root
[COPY] event=282, trackID=4, T0=-0.607622 -> /Volumes/ssd_zhang/thesis_michel/server_processing/t0_rootFiles/beam28777_new202602/wvf_applyCut_removeBeam/wvfFind_event282_trackID4_opNum5.root
[COPY] event=28303, trackID=7, T0=-1.97381 -> /Volumes/ssd_zhang/thesis_michel/server_processing/t0_rootFiles/beam28777_new202602/wvf_applyCut_removeBeam/wvfFind_event28303_trackID7_opNum3.root
[COPY] event=28305, trackID=2, T0=-0.712865 -> /Volumes/ssd_zhang/thesis_michel/server_processing/t0_rootFiles/beam28777_new202602/wvf_applyCut_removeBeam/wvfFind_event28305_trackID2_opNum9.root
[COPY] event=28313, trackID=22, T0=-2.3175 -> /Volumes/ssd_zhang/thesis_michel/server_processing/t0_rootFiles/beam28777_new202602/wvf_applyCut_removeBeam/wvfFind_event28313_trackID22_opNum3.root
[SKIP] (in range) event=28332, trackID=9, T0=-0.0389973
[COPY] event=28346, trackID=11, T0=-1.9151 -> /Volumes/ssd_zhang/thesis_michel/server_processing/t0_rootFiles/beam28777_new202602/wvf_applyCut_removeBeam/wvfFind_event28346_trackID11_opNum6.root
[COPY] event=28347, trackID=24, T0=-2.37381 -> /Volumes/ssd_zhang/thesis_michel/server_processing/t0_rootFiles/beam28777_new202602/wvf_applyCut_removeBeam/wvfFind_event28347_trackID24_opNum6.root
[COPY] event=28384, trackID=6, T0=-0.98142 -> /Volumes/ssd_zhang/thesis_michel/server_processing/t0_rootFiles/beam28777_new202602/wvf_applyCut_removeBeam/wvfFind_event28384_trackID6_opNum3.root
[COPY] event=28387, trackID=20, T0=-0.426289 -> /Volumes/ssd_zhang/thesis_michel/server_processing/t0_rootFiles/beam28777_new202602/wvf_applyCut_removeBeam/wvfFind_event28387_trackID20_opNum9.root
[COPY] event=28397, trackID=13, T0=-1.12496 -> /Volumes/ssd_zhang/thesis_michel/server_processing/t0_rootFiles/beam28777_new202602/wvf_applyCut_removeBeam/wvfFind_event28397_trackID13_opNum8.root
[COPY] event=28399, trackID=12, T0=-0.684073 -> /Volumes/ssd_zhang/thesis_michel/server_processing/t0_rootFiles/beam28777_new202602/wvf_applyCut_removeBeam/wvfFind_event28399_trackID12_opNum9.root
[COPY] event=2839, trackID=5, T0=-0.564145 -> /Volumes/ssd_zhang/thesis_michel/server_processing/t0_rootFiles/beam28777_new202602/wvf_applyCut_removeBeam/wvfFind_event2839_trackID5_opNum8.root
[COPY] event=2839, trackID=5, T0=-0.564145 -> /Volumes/ssd_zhang/thesis_michel/server_processing/t0_rootFiles/beam28777_new202602/wvf_applyCut_removeBeam/wvfFind_event2839_trackID5_opNum8_2.root
[COPY] event=28410, trackID=1, T0=0.149611 -> /Volumes/ssd_zhang/thesis_michel/server_processing/t0_rootFiles/beam28777_new202602/wvf_applyCut_removeBeam/wvfFind_event28410_trackID1_opNum5.root
[COPY] event=28412, trackID=12, T0=-1.0263 -> /Volumes/ssd_zhang/thesis_michel/server_processing/t0_rootFiles/beam28777_new202602/wvf_applyCut_removeBeam/wvfFind_event28412_trackID12_opNum3.root
[COPY] event=2843, trackID=10, T0=-0.978743 -> /Volumes/ssd_zhang/thesis_michel/server_processing/t0_rootFiles/beam28777_new202602/wvf_applyCut_removeBeam/wvfFind_event2843_trackID10_opNum9.root
[COPY] event=28441, trackID=0, T0=-0.376869 -> /Volumes/ssd_zhang/thesis_michel/server_processing/t0_rootFiles/beam28777_new202602/wvf_applyCut_removeBeam/wvfFind_event28441_trackID0_opNum9.root
[COPY] event=28441, trackID=0, T0=-0.376869 -> /Volumes/ssd_zhang/thesis_michel/server_processing/t0_rootFiles/beam28777_new202602/wvf_applyCut_removeBeam/wvfFind_event28441_trackID0_opNum9_2.root
[COPY] event=28441, trackID=0, T0=-0.376869 -> /Volumes/ssd_zhang/thesis_michel/server_processing/t0_rootFiles/beam28777_new202602/wvf_applyCut_removeBeam/wvfFind_event28441_trackID0_opNum9_3.root
[COPY] event=28441, trackID=31, T0=-2.32664 -> /Volumes/ssd_zhang/thesis_michel/server_processing/t0_rootFiles/beam28777_new202602/wvf_applyCut_removeBeam/wvfFind_event28441_trackID31_opNum9.root
[COPY] event=28441, trackID=31, T0=-2.32664 -> /Volumes/ssd_zhang/thesis_michel/server_processing/t0_rootFiles/beam28777_new202602/wvf_applyCut_removeBeam/wvfFind_event28441_trackID31_opNum9_2.root
[COPY] event=28445, trackID=0, T0=-1.35478 -> /Volumes/ssd_zhang/thesis_michel/server_processing/t0_rootFiles/beam28777_new202602/wvf_applyCut_removeBeam/wvfFind_event28445_trackID0_opNum4.root
[COPY] event=28445, trackID=0, T0=-1.35478 -> /Volumes/ssd_zhang/thesis_michel/server_processing/t0_rootFiles/beam28777_new202602/wvf_applyCut_removeBeam/wvfFind_event28445_trackID0_opNum4_2.root
[COPY] event=28461, trackID=24, T0=-0.982774 -> /Volumes/ssd_zhang/thesis_michel/server_processing/t0_rootFiles/beam28777_new202602/wvf_applyCut_removeBeam/wvfFind_event28461_trackID24_opNum7_merged.root
[SKIP] (in range) event=28483, trackID=11, T0=-0.0781905
[SKIP] (in range) event=28483, trackID=11, T0=-0.0781905
[COPY] event=28519, trackID=26, T0=-0.335704 -> /Volumes/ssd_zhang/thesis_michel/server_processing/t0_rootFiles/beam28777_new202602/wvf_applyCut_removeBeam/wvfFind_event28519_trackID26_opNum7_merged.root
[SKIP] (in range) event=28520, trackID=15, T0=-0.0692687
[COPY] event=28522, trackID=17, T0=-0.685451 -> /Volumes/ssd_zhang/thesis_michel/server_processing/t0_rootFiles/beam28777_new202602/wvf_applyCut_removeBeam/wvfFind_event28522_trackID17_opNum7.root
[COPY] event=28522, trackID=19, T0=-2.41049 -> /Volumes/ssd_zhang/thesis_michel/server_processing/t0_rootFiles/beam28777_new202602/wvf_applyCut_removeBeam/wvfFind_event28522_trackID19_opNum5.root
[COPY] event=2853, trackID=0, T0=-0.598202 -> /Volumes/ssd_zhang/thesis_michel/server_processing/t0_rootFiles/beam28777_new202602/wvf_applyCut_removeBeam/wvfFind_event2853_trackID0_opNum9_merged.root
[COPY] event=28555, trackID=7, T0=-1.60022 -> /Volumes/ssd_zhang/thesis_michel/server_processing/t0_rootFiles/beam28777_new202602/wvf_applyCut_removeBeam/wvfFind_event28555_trackID7_opNum6.root
[COPY] event=28555, trackID=7, T0=-1.60022 -> /Volumes/ssd_zhang/thesis_michel/server_processing/t0_rootFiles/beam28777_new202602/wvf_applyCut_removeBeam/wvfFind_event28555_trackID7_opNum6_2.root
[COPY] event=28566, trackID=6, T0=-0.479473 -> /Volumes/ssd_zhang/thesis_michel/server_processing/t0_rootFiles/beam28777_new202602/wvf_applyCut_removeBeam/wvfFind_event28566_trackID6_opNum9.root
[COPY] event=28566, trackID=6, T0=-0.479473 -> /Volumes/ssd_zhang/thesis_michel/server_processing/t0_rootFiles/beam28777_new202602/wvf_applyCut_removeBeam/wvfFind_event28566_trackID6_opNum9_2.root
[COPY] event=2859, trackID=1, T0=0.0424825 -> /Volumes/ssd_zhang/thesis_michel/server_processing/t0_rootFiles/beam28777_new202602/wvf_applyCut_removeBeam/wvfFind_event2859_trackID1_opNum9.root
[SKIP] (in range) event=28620, trackID=1, T0=-0.0530478
[COPY] event=28620, trackID=24, T0=-2.27176 -> /Volumes/ssd_zhang/thesis_michel/server_processing/t0_rootFiles/beam28777_new202602/wvf_applyCut_removeBeam/wvfFind_event28620_trackID24_opNum6_merged.root
[COPY] event=28623, trackID=1, T0=0.10229 -> /Volumes/ssd_zhang/thesis_michel/server_processing/t0_rootFiles/beam28777_new202602/wvf_applyCut_removeBeam/wvfFind_event28623_trackID1_opNum5.root
[COPY] event=28623, trackID=1, T0=0.10229 -> /Volumes/ssd_zhang/thesis_michel/server_processing/t0_rootFiles/beam28777_new202602/wvf_applyCut_removeBeam/wvfFind_event28623_trackID1_opNum5_2.root
[COPY] event=28639, trackID=1, T0=-1.97336 -> /Volumes/ssd_zhang/thesis_michel/server_processing/t0_rootFiles/beam28777_new202602/wvf_applyCut_removeBeam/wvfFind_event28639_trackID1_opNum7_merged.root
[COPY] event=28645, trackID=6, T0=0.434722 -> /Volumes/ssd_zhang/thesis_michel/server_processing/t0_rootFiles/beam28777_new202602/wvf_applyCut_removeBeam/wvfFind_event28645_trackID6_opNum9.root
[COPY] event=28667, trackID=2, T0=0.0681789 -> /Volumes/ssd_zhang/thesis_michel/server_processing/t0_rootFiles/beam28777_new202602/wvf_applyCut_removeBeam/wvfFind_event28667_trackID2_opNum5.root
[COPY] event=28678, trackID=9, T0=-1.4246 -> /Volumes/ssd_zhang/thesis_michel/server_processing/t0_rootFiles/beam28777_new202602/wvf_applyCut_removeBeam/wvfFind_event28678_trackID9_opNum7.root
[COPY] event=28687, trackID=30, T0=1.08672 -> /Volumes/ssd_zhang/thesis_michel/server_processing/t0_rootFiles/beam28777_new202602/wvf_applyCut_removeBeam/wvfFind_event28687_trackID30_opNum6.root
[COPY] event=28718, trackID=12, T0=-1.85275 -> /Volumes/ssd_zhang/thesis_michel/server_processing/t0_rootFiles/beam28777_new202602/wvf_applyCut_removeBeam/wvfFind_event28718_trackID12_opNum8_merged.root
[COPY] event=28732, trackID=17, T0=-2.03269 -> /Volumes/ssd_zhang/thesis_michel/server_processing/t0_rootFiles/beam28777_new202602/wvf_applyCut_removeBeam/wvfFind_event28732_trackID17_opNum5_merged.root
[COPY] event=28733, trackID=7, T0=-1.13662 -> /Volumes/ssd_zhang/thesis_michel/server_processing/t0_rootFiles/beam28777_new202602/wvf_applyCut_removeBeam/wvfFind_event28733_trackID7_opNum9.root
[COPY] event=28745, trackID=3, T0=-0.597521 -> /Volumes/ssd_zhang/thesis_michel/server_processing/t0_rootFiles/beam28777_new202602/wvf_applyCut_removeBeam/wvfFind_event28745_trackID3_opNum9.root
[COPY] event=28746, trackID=3, T0=-1.41301 -> /Volumes/ssd_zhang/thesis_michel/server_processing/t0_rootFiles/beam28777_new202602/wvf_applyCut_removeBeam/wvfFind_event28746_trackID3_opNum9.root
[COPY] event=28766, trackID=18, T0=-1.26438 -> /Volumes/ssd_zhang/thesis_michel/server_processing/t0_rootFiles/beam28777_new202602/wvf_applyCut_removeBeam/wvfFind_event28766_trackID18_opNum9.root
[COPY] event=28772, trackID=8, T0=0.239509 -> /Volumes/ssd_zhang/thesis_michel/server_processing/t0_rootFiles/beam28777_new202602/wvf_applyCut_removeBeam/wvfFind_event28772_trackID8_opNum6.root
[COPY] event=28808, trackID=1, T0=-1.24221 -> /Volumes/ssd_zhang/thesis_michel/server_processing/t0_rootFiles/beam28777_new202602/wvf_applyCut_removeBeam/wvfFind_event28808_trackID1_opNum4.root
[COPY] event=28835, trackID=7, T0=-0.222273 -> /Volumes/ssd_zhang/thesis_michel/server_processing/t0_rootFiles/beam28777_new202602/wvf_applyCut_removeBeam/wvfFind_event28835_trackID7_opNum8.root
[COPY] event=28846, trackID=13, T0=2.20398 -> /Volumes/ssd_zhang/thesis_michel/server_processing/t0_rootFiles/beam28777_new202602/wvf_applyCut_removeBeam/wvfFind_event28846_trackID13_opNum9.root
[COPY] event=2885, trackID=12, T0=-1.84123 -> /Volumes/ssd_zhang/thesis_michel/server_processing/t0_rootFiles/beam28777_new202602/wvf_applyCut_removeBeam/wvfFind_event2885_trackID12_opNum9.root
[COPY] event=28866, trackID=6, T0=-0.378302 -> /Volumes/ssd_zhang/thesis_michel/server_processing/t0_rootFiles/beam28777_new202602/wvf_applyCut_removeBeam/wvfFind_event28866_trackID6_opNum8.root
[COPY] event=28881, trackID=16, T0=-2.31666 -> /Volumes/ssd_zhang/thesis_michel/server_processing/t0_rootFiles/beam28777_new202602/wvf_applyCut_removeBeam/wvfFind_event28881_trackID16_opNum4_merged.root
[COPY] event=28933, trackID=11, T0=-1.46185 -> /Volumes/ssd_zhang/thesis_michel/server_processing/t0_rootFiles/beam28777_new202602/wvf_applyCut_removeBeam/wvfFind_event28933_trackID11_opNum9.root
[COPY] event=28939, trackID=16, T0=-1.1868 -> /Volumes/ssd_zhang/thesis_michel/server_processing/t0_rootFiles/beam28777_new202602/wvf_applyCut_removeBeam/wvfFind_event28939_trackID16_opNum9.root
[COPY] event=28939, trackID=16, T0=-1.1868 -> /Volumes/ssd_zhang/thesis_michel/server_processing/t0_rootFiles/beam28777_new202602/wvf_applyCut_removeBeam/wvfFind_event28939_trackID16_opNum9_2.root
[COPY] event=28957, trackID=0, T0=-1.31359 -> /Volumes/ssd_zhang/thesis_michel/server_processing/t0_rootFiles/beam28777_new202602/wvf_applyCut_removeBeam/wvfFind_event28957_trackID0_opNum9.root
[COPY] event=28962, trackID=14, T0=-0.199315 -> /Volumes/ssd_zhang/thesis_michel/server_processing/t0_rootFiles/beam28777_new202602/wvf_applyCut_removeBeam/wvfFind_event28962_trackID14_opNum6.root
[COPY] event=28983, trackID=6, T0=-1.30647 -> /Volumes/ssd_zhang/thesis_michel/server_processing/t0_rootFiles/beam28777_new202602/wvf_applyCut_removeBeam/wvfFind_event28983_trackID6_opNum6.root
[COPY] event=28988, trackID=8, T0=-0.123679 -> /Volumes/ssd_zhang/thesis_michel/server_processing/t0_rootFiles/beam28777_new202602/wvf_applyCut_removeBeam/wvfFind_event28988_trackID8_opNum5.root
[COPY] event=28988, trackID=8, T0=-0.123679 -> /Volumes/ssd_zhang/thesis_michel/server_processing/t0_rootFiles/beam28777_new202602/wvf_applyCut_removeBeam/wvfFind_event28988_trackID8_opNum5_2.root
[COPY] event=29018, trackID=13, T0=-1.83974 -> /Volumes/ssd_zhang/thesis_michel/server_processing/t0_rootFiles/beam28777_new202602/wvf_applyCut_removeBeam/wvfFind_event29018_trackID13_opNum9.root
[COPY] event=29018, trackID=4, T0=-1.79933 -> /Volumes/ssd_zhang/thesis_michel/server_processing/t0_rootFiles/beam28777_new202602/wvf_applyCut_removeBeam/wvfFind_event29018_trackID4_opNum4.root
[COPY] event=29018, trackID=4, T0=-1.79933 -> /Volumes/ssd_zhang/thesis_michel/server_processing/t0_rootFiles/beam28777_new202602/wvf_applyCut_removeBeam/wvfFind_event29018_trackID4_opNum4_2.root
[COPY] event=2901, trackID=7, T0=0.455465 -> /Volumes/ssd_zhang/thesis_michel/server_processing/t0_rootFiles/beam28777_new202602/wvf_applyCut_removeBeam/wvfFind_event2901_trackID7_opNum4.root
[SKIP] (in range) event=29058, trackID=2, T0=-0.0912134
[COPY] event=2905, trackID=10, T0=-0.757024 -> /Volumes/ssd_zhang/thesis_michel/server_processing/t0_rootFiles/beam28777_new202602/wvf_applyCut_removeBeam/wvfFind_event2905_trackID10_opNum8.root
[COPY] event=29060, trackID=3, T0=-0.350229 -> /Volumes/ssd_zhang/thesis_michel/server_processing/t0_rootFiles/beam28777_new202602/wvf_applyCut_removeBeam/wvfFind_event29060_trackID3_opNum8_merged.root
[COPY] event=29068, trackID=20, T0=-2.29901 -> /Volumes/ssd_zhang/thesis_michel/server_processing/t0_rootFiles/beam28777_new202602/wvf_applyCut_removeBeam/wvfFind_event29068_trackID20_opNum9.root
[COPY] event=2907, trackID=9, T0=-1.07333 -> /Volumes/ssd_zhang/thesis_michel/server_processing/t0_rootFiles/beam28777_new202602/wvf_applyCut_removeBeam/wvfFind_event2907_trackID9_opNum5.root
[COPY] event=2907, trackID=9, T0=-1.07333 -> /Volumes/ssd_zhang/thesis_michel/server_processing/t0_rootFiles/beam28777_new202602/wvf_applyCut_removeBeam/wvfFind_event2907_trackID9_opNum5_2.root
[COPY] event=29085, trackID=16, T0=0.313492 -> /Volumes/ssd_zhang/thesis_michel/server_processing/t0_rootFiles/beam28777_new202602/wvf_applyCut_removeBeam/wvfFind_event29085_trackID16_opNum3_merged.root
[COPY] event=29113, trackID=0, T0=0.453274 -> /Volumes/ssd_zhang/thesis_michel/server_processing/t0_rootFiles/beam28777_new202602/wvf_applyCut_removeBeam/wvfFind_event29113_trackID0_opNum9.root
[COPY] event=29117, trackID=18, T0=0.466099 -> /Volumes/ssd_zhang/thesis_michel/server_processing/t0_rootFiles/beam28777_new202602/wvf_applyCut_removeBeam/wvfFind_event29117_trackID18_opNum7_merged.root
[COPY] event=29145, trackID=9, T0=-0.12911 -> /Volumes/ssd_zhang/thesis_michel/server_processing/t0_rootFiles/beam28777_new202602/wvf_applyCut_removeBeam/wvfFind_event29145_trackID9_opNum5.root
[COPY] event=29145, trackID=9, T0=-0.12911 -> /Volumes/ssd_zhang/thesis_michel/server_processing/t0_rootFiles/beam28777_new202602/wvf_applyCut_removeBeam/wvfFind_event29145_trackID9_opNum5_2.root
[COPY] event=29165, trackID=2, T0=-1.03831 -> /Volumes/ssd_zhang/thesis_michel/server_processing/t0_rootFiles/beam28777_new202602/wvf_applyCut_removeBeam/wvfFind_event29165_trackID2_opNum6.root
[COPY] event=29184, trackID=6, T0=0.465278 -> /Volumes/ssd_zhang/thesis_michel/server_processing/t0_rootFiles/beam28777_new202602/wvf_applyCut_removeBeam/wvfFind_event29184_trackID6_opNum7_merged.root
[COPY] event=29213, trackID=12, T0=-1.11705 -> /Volumes/ssd_zhang/thesis_michel/server_processing/t0_rootFiles/beam28777_new202602/wvf_applyCut_removeBeam/wvfFind_event29213_trackID12_opNum6.root
[COPY] event=29214, trackID=16, T0=0.370635 -> /Volumes/ssd_zhang/thesis_michel/server_processing/t0_rootFiles/beam28777_new202602/wvf_applyCut_removeBeam/wvfFind_event29214_trackID16_opNum3_merged.root
[COPY] event=29241, trackID=14, T0=-1.43619 -> /Volumes/ssd_zhang/thesis_michel/server_processing/t0_rootFiles/beam28777_new202602/wvf_applyCut_removeBeam/wvfFind_event29241_trackID14_opNum6.root
[COPY] event=29244, trackID=8, T0=0.0406684 -> /Volumes/ssd_zhang/thesis_michel/server_processing/t0_rootFiles/beam28777_new202602/wvf_applyCut_removeBeam/wvfFind_event29244_trackID8_opNum8.root
[COPY] event=29295, trackID=5, T0=-1.95379 -> /Volumes/ssd_zhang/thesis_michel/server_processing/t0_rootFiles/beam28777_new202602/wvf_applyCut_removeBeam/wvfFind_event29295_trackID5_opNum7_merged.root
[COPY] event=29338, trackID=15, T0=-1.8109 -> /Volumes/ssd_zhang/thesis_michel/server_processing/t0_rootFiles/beam28777_new202602/wvf_applyCut_removeBeam/wvfFind_event29338_trackID15_opNum5.root
[COPY] event=29362, trackID=0, T0=-1.74225 -> /Volumes/ssd_zhang/thesis_michel/server_processing/t0_rootFiles/beam28777_new202602/wvf_applyCut_removeBeam/wvfFind_event29362_trackID0_opNum9.root
[COPY] event=29363, trackID=13, T0=0.111036 -> /Volumes/ssd_zhang/thesis_michel/server_processing/t0_rootFiles/beam28777_new202602/wvf_applyCut_removeBeam/wvfFind_event29363_trackID13_opNum8.root
[COPY] event=29376, trackID=34, T0=0.425913 -> /Volumes/ssd_zhang/thesis_michel/server_processing/t0_rootFiles/beam28777_new202602/wvf_applyCut_removeBeam/wvfFind_event29376_trackID34_opNum9_merged.root
[COPY] event=29387, trackID=23, T0=-2.43887 -> /Volumes/ssd_zhang/thesis_michel/server_processing/t0_rootFiles/beam28777_new202602/wvf_applyCut_removeBeam/wvfFind_event29387_trackID23_opNum9.root
[COPY] event=29404, trackID=14, T0=-1.91196 -> /Volumes/ssd_zhang/thesis_michel/server_processing/t0_rootFiles/beam28777_new202602/wvf_applyCut_removeBeam/wvfFind_event29404_trackID14_opNum5.root
[COPY] event=29434, trackID=7, T0=-0.79298 -> /Volumes/ssd_zhang/thesis_michel/server_processing/t0_rootFiles/beam28777_new202602/wvf_applyCut_removeBeam/wvfFind_event29434_trackID7_opNum8.root
[COPY] event=29454, trackID=14, T0=-1.10119 -> /Volumes/ssd_zhang/thesis_michel/server_processing/t0_rootFiles/beam28777_new202602/wvf_applyCut_removeBeam/wvfFind_event29454_trackID14_opNum3_2.root
[COPY] event=29454, trackID=14, T0=-1.10119 -> /Volumes/ssd_zhang/thesis_michel/server_processing/t0_rootFiles/beam28777_new202602/wvf_applyCut_removeBeam/wvfFind_event29454_trackID14_opNum6_merged.root
[SKIP] (in range) event=29457, trackID=16, T0=-0.0717889
[COPY] event=29467, trackID=1, T0=-0.383059 -> /Volumes/ssd_zhang/thesis_michel/server_processing/t0_rootFiles/beam28777_new202602/wvf_applyCut_removeBeam/wvfFind_event29467_trackID1_opNum5.root
[COPY] event=29481, trackID=7, T0=-1.44652 -> /Volumes/ssd_zhang/thesis_michel/server_processing/t0_rootFiles/beam28777_new202602/wvf_applyCut_removeBeam/wvfFind_event29481_trackID7_opNum5.root
[COPY] event=29504, trackID=4, T0=-1.80948 -> /Volumes/ssd_zhang/thesis_michel/server_processing/t0_rootFiles/beam28777_new202602/wvf_applyCut_removeBeam/wvfFind_event29504_trackID4_opNum9.root
[COPY] event=29539, trackID=3, T0=-0.979425 -> /Volumes/ssd_zhang/thesis_michel/server_processing/t0_rootFiles/beam28777_new202602/wvf_applyCut_removeBeam/wvfFind_event29539_trackID3_opNum3.root
[COPY] event=29539, trackID=3, T0=-0.979425 -> /Volumes/ssd_zhang/thesis_michel/server_processing/t0_rootFiles/beam28777_new202602/wvf_applyCut_removeBeam/wvfFind_event29539_trackID3_opNum3_2.root
[COPY] event=29564, trackID=18, T0=-1.9973 -> /Volumes/ssd_zhang/thesis_michel/server_processing/t0_rootFiles/beam28777_new202602/wvf_applyCut_removeBeam/wvfFind_event29564_trackID18_opNum7_merged.root
[COPY] event=29565, trackID=17, T0=-2.37629 -> /Volumes/ssd_zhang/thesis_michel/server_processing/t0_rootFiles/beam28777_new202602/wvf_applyCut_removeBeam/wvfFind_event29565_trackID17_opNum8_merged.root
[COPY] event=29578, trackID=9, T0=-0.762501 -> /Volumes/ssd_zhang/thesis_michel/server_processing/t0_rootFiles/beam28777_new202602/wvf_applyCut_removeBeam/wvfFind_event29578_trackID9_opNum4.root
[COPY] event=29587, trackID=13, T0=-1.78542 -> /Volumes/ssd_zhang/thesis_michel/server_processing/t0_rootFiles/beam28777_new202602/wvf_applyCut_removeBeam/wvfFind_event29587_trackID13_opNum8.root
[COPY] event=29634, trackID=11, T0=-0.334748 -> /Volumes/ssd_zhang/thesis_michel/server_processing/t0_rootFiles/beam28777_new202602/wvf_applyCut_removeBeam/wvfFind_event29634_trackID11_opNum8.root
[COPY] event=29635, trackID=1, T0=-0.154422 -> /Volumes/ssd_zhang/thesis_michel/server_processing/t0_rootFiles/beam28777_new202602/wvf_applyCut_removeBeam/wvfFind_event29635_trackID1_opNum3.root
[COPY] event=29653, trackID=8, T0=0.458912 -> /Volumes/ssd_zhang/thesis_michel/server_processing/t0_rootFiles/beam28777_new202602/wvf_applyCut_removeBeam/wvfFind_event29653_trackID8_opNum9.root
[COPY] event=29666, trackID=21, T0=0.349761 -> /Volumes/ssd_zhang/thesis_michel/server_processing/t0_rootFiles/beam28777_new202602/wvf_applyCut_removeBeam/wvfFind_event29666_trackID21_opNum9.root
[COPY] event=29666, trackID=5, T0=0.128076 -> /Volumes/ssd_zhang/thesis_michel/server_processing/t0_rootFiles/beam28777_new202602/wvf_applyCut_removeBeam/wvfFind_event29666_trackID5_opNum7.root
[COPY] event=2966, trackID=7, T0=-0.836128 -> /Volumes/ssd_zhang/thesis_michel/server_processing/t0_rootFiles/beam28777_new202602/wvf_applyCut_removeBeam/wvfFind_event2966_trackID7_opNum8.root
[COPY] event=29711, trackID=17, T0=-0.492754 -> /Volumes/ssd_zhang/thesis_michel/server_processing/t0_rootFiles/beam28777_new202602/wvf_applyCut_removeBeam/wvfFind_event29711_trackID17_opNum9.root
[COPY] event=29713, trackID=14, T0=-0.766351 -> /Volumes/ssd_zhang/thesis_michel/server_processing/t0_rootFiles/beam28777_new202602/wvf_applyCut_removeBeam/wvfFind_event29713_trackID14_opNum4_merged.root
[COPY] event=29719, trackID=0, T0=-0.290089 -> /Volumes/ssd_zhang/thesis_michel/server_processing/t0_rootFiles/beam28777_new202602/wvf_applyCut_removeBeam/wvfFind_event29719_trackID0_opNum3.root
[COPY] event=29719, trackID=0, T0=-0.290089 -> /Volumes/ssd_zhang/thesis_michel/server_processing/t0_rootFiles/beam28777_new202602/wvf_applyCut_removeBeam/wvfFind_event29719_trackID0_opNum3_2.root
[COPY] event=29732, trackID=11, T0=-0.629004 -> /Volumes/ssd_zhang/thesis_michel/server_processing/t0_rootFiles/beam28777_new202602/wvf_applyCut_removeBeam/wvfFind_event29732_trackID11_opNum3.root
[COPY] event=29752, trackID=20, T0=-2.12985 -> /Volumes/ssd_zhang/thesis_michel/server_processing/t0_rootFiles/beam28777_new202602/wvf_applyCut_removeBeam/wvfFind_event29752_trackID20_opNum4_merged.root
[COPY] event=29767, trackID=15, T0=-0.715436 -> /Volumes/ssd_zhang/thesis_michel/server_processing/t0_rootFiles/beam28777_new202602/wvf_applyCut_removeBeam/wvfFind_event29767_trackID15_opNum9.root
[COPY] event=29767, trackID=15, T0=-0.715436 -> /Volumes/ssd_zhang/thesis_michel/server_processing/t0_rootFiles/beam28777_new202602/wvf_applyCut_removeBeam/wvfFind_event29767_trackID15_opNum9_2.root
[COPY] event=29775, trackID=9, T0=0.108713 -> /Volumes/ssd_zhang/thesis_michel/server_processing/t0_rootFiles/beam28777_new202602/wvf_applyCut_removeBeam/wvfFind_event29775_trackID9_opNum5.root
[COPY] event=29777, trackID=12, T0=-0.533156 -> /Volumes/ssd_zhang/thesis_michel/server_processing/t0_rootFiles/beam28777_new202602/wvf_applyCut_removeBeam/wvfFind_event29777_trackID12_opNum3.root
[COPY] event=29794, trackID=30, T0=-0.339674 -> /Volumes/ssd_zhang/thesis_michel/server_processing/t0_rootFiles/beam28777_new202602/wvf_applyCut_removeBeam/wvfFind_event29794_trackID30_opNum9.root
[COPY] event=29796, trackID=0, T0=-0.580733 -> /Volumes/ssd_zhang/thesis_michel/server_processing/t0_rootFiles/beam28777_new202602/wvf_applyCut_removeBeam/wvfFind_event29796_trackID0_opNum8.root
[COPY] event=297, trackID=3, T0=-1.83075 -> /Volumes/ssd_zhang/thesis_michel/server_processing/t0_rootFiles/beam28777_new202602/wvf_applyCut_removeBeam/wvfFind_event297_trackID3_opNum9.root
[COPY] event=29807, trackID=1, T0=-1.22906 -> /Volumes/ssd_zhang/thesis_michel/server_processing/t0_rootFiles/beam28777_new202602/wvf_applyCut_removeBeam/wvfFind_event29807_trackID1_opNum4.root
[COPY] event=29807, trackID=1, T0=-1.22906 -> /Volumes/ssd_zhang/thesis_michel/server_processing/t0_rootFiles/beam28777_new202602/wvf_applyCut_removeBeam/wvfFind_event29807_trackID1_opNum4_2.root
[COPY] event=29807, trackID=1, T0=-1.22906 -> /Volumes/ssd_zhang/thesis_michel/server_processing/t0_rootFiles/beam28777_new202602/wvf_applyCut_removeBeam/wvfFind_event29807_trackID1_opNum4_3.root
[COPY] event=29816, trackID=5, T0=-0.544663 -> /Volumes/ssd_zhang/thesis_michel/server_processing/t0_rootFiles/beam28777_new202602/wvf_applyCut_removeBeam/wvfFind_event29816_trackID5_opNum3.root
[COPY] event=2981, trackID=2, T0=-1.30901 -> /Volumes/ssd_zhang/thesis_michel/server_processing/t0_rootFiles/beam28777_new202602/wvf_applyCut_removeBeam/wvfFind_event2981_trackID2_opNum3.root
[COPY] event=2981, trackID=2, T0=-1.30901 -> /Volumes/ssd_zhang/thesis_michel/server_processing/t0_rootFiles/beam28777_new202602/wvf_applyCut_removeBeam/wvfFind_event2981_trackID2_opNum3_2.root
[COPY] event=29830, trackID=7, T0=0.434305 -> /Volumes/ssd_zhang/thesis_michel/server_processing/t0_rootFiles/beam28777_new202602/wvf_applyCut_removeBeam/wvfFind_event29830_trackID7_opNum6.root
[COPY] event=29831, trackID=0, T0=0.118619 -> /Volumes/ssd_zhang/thesis_michel/server_processing/t0_rootFiles/beam28777_new202602/wvf_applyCut_removeBeam/wvfFind_event29831_trackID0_opNum6_merged.root
[COPY] event=29832, trackID=10, T0=-1.83356 -> /Volumes/ssd_zhang/thesis_michel/server_processing/t0_rootFiles/beam28777_new202602/wvf_applyCut_removeBeam/wvfFind_event29832_trackID10_opNum5.root
[COPY] event=29857, trackID=22, T0=-1.23702 -> /Volumes/ssd_zhang/thesis_michel/server_processing/t0_rootFiles/beam28777_new202602/wvf_applyCut_removeBeam/wvfFind_event29857_trackID22_opNum6.root
[COPY] event=29862, trackID=2, T0=-1.07714 -> /Volumes/ssd_zhang/thesis_michel/server_processing/t0_rootFiles/beam28777_new202602/wvf_applyCut_removeBeam/wvfFind_event29862_trackID2_opNum5.root
[COPY] event=29918, trackID=12, T0=1.02271 -> /Volumes/ssd_zhang/thesis_michel/server_processing/t0_rootFiles/beam28777_new202602/wvf_applyCut_removeBeam/wvfFind_event29918_trackID12_opNum9.root
[COPY] event=29918, trackID=12, T0=1.02271 -> /Volumes/ssd_zhang/thesis_michel/server_processing/t0_rootFiles/beam28777_new202602/wvf_applyCut_removeBeam/wvfFind_event29918_trackID12_opNum9_2.root
[COPY] event=2991, trackID=10, T0=-2.41 -> /Volumes/ssd_zhang/thesis_michel/server_processing/t0_rootFiles/beam28777_new202602/wvf_applyCut_removeBeam/wvfFind_event2991_trackID10_opNum5_merged.root
[COPY] event=2991, trackID=7, T0=-0.626463 -> /Volumes/ssd_zhang/thesis_michel/server_processing/t0_rootFiles/beam28777_new202602/wvf_applyCut_removeBeam/wvfFind_event2991_trackID7_opNum6.root
[COPY] event=29947, trackID=3, T0=0.177591 -> /Volumes/ssd_zhang/thesis_michel/server_processing/t0_rootFiles/beam28777_new202602/wvf_applyCut_removeBeam/wvfFind_event29947_trackID3_opNum4.root
[COPY] event=29956, trackID=18, T0=-2.13867 -> /Volumes/ssd_zhang/thesis_michel/server_processing/t0_rootFiles/beam28777_new202602/wvf_applyCut_removeBeam/wvfFind_event29956_trackID18_opNum9_merged.root
[COPY] event=29980, trackID=1, T0=-1.04921 -> /Volumes/ssd_zhang/thesis_michel/server_processing/t0_rootFiles/beam28777_new202602/wvf_applyCut_removeBeam/wvfFind_event29980_trackID1_opNum9.root
[COPY] event=29990, trackID=4, T0=-1.43778 -> /Volumes/ssd_zhang/thesis_michel/server_processing/t0_rootFiles/beam28777_new202602/wvf_applyCut_removeBeam/wvfFind_event29990_trackID4_opNum3.root
[COPY] event=30000, trackID=15, T0=-2.00368 -> /Volumes/ssd_zhang/thesis_michel/server_processing/t0_rootFiles/beam28777_new202602/wvf_applyCut_removeBeam/wvfFind_event30000_trackID15_opNum9.root
[COPY] event=30005, trackID=23, T0=-2.45785 -> /Volumes/ssd_zhang/thesis_michel/server_processing/t0_rootFiles/beam28777_new202602/wvf_applyCut_removeBeam/wvfFind_event30005_trackID23_opNum9.root
[COPY] event=30008, trackID=11, T0=-1.07737 -> /Volumes/ssd_zhang/thesis_michel/server_processing/t0_rootFiles/beam28777_new202602/wvf_applyCut_removeBeam/wvfFind_event30008_trackID11_opNum6.root
[COPY] event=30008, trackID=11, T0=-1.07737 -> /Volumes/ssd_zhang/thesis_michel/server_processing/t0_rootFiles/beam28777_new202602/wvf_applyCut_removeBeam/wvfFind_event30008_trackID11_opNum6_2.root
[COPY] event=30017, trackID=13, T0=-2.28307 -> /Volumes/ssd_zhang/thesis_michel/server_processing/t0_rootFiles/beam28777_new202602/wvf_applyCut_removeBeam/wvfFind_event30017_trackID13_opNum6.root
[COPY] event=30017, trackID=13, T0=-2.28307 -> /Volumes/ssd_zhang/thesis_michel/server_processing/t0_rootFiles/beam28777_new202602/wvf_applyCut_removeBeam/wvfFind_event30017_trackID13_opNum6_2.root
[SKIP] (in range) event=30029, trackID=25, T0=-0.0399832
[COPY] event=30035, trackID=5, T0=-1.39837 -> /Volumes/ssd_zhang/thesis_michel/server_processing/t0_rootFiles/beam28777_new202602/wvf_applyCut_removeBeam/wvfFind_event30035_trackID5_opNum9.root
[COPY] event=30044, trackID=4, T0=0.241861 -> /Volumes/ssd_zhang/thesis_michel/server_processing/t0_rootFiles/beam28777_new202602/wvf_applyCut_removeBeam/wvfFind_event30044_trackID4_opNum8.root
[COPY] event=30052, trackID=2, T0=-1.37048 -> /Volumes/ssd_zhang/thesis_michel/server_processing/t0_rootFiles/beam28777_new202602/wvf_applyCut_removeBeam/wvfFind_event30052_trackID2_opNum9.root
[COPY] event=30077, trackID=15, T0=-1.08501 -> /Volumes/ssd_zhang/thesis_michel/server_processing/t0_rootFiles/beam28777_new202602/wvf_applyCut_removeBeam/wvfFind_event30077_trackID15_opNum8.root
[COPY] event=30077, trackID=15, T0=-1.08501 -> /Volumes/ssd_zhang/thesis_michel/server_processing/t0_rootFiles/beam28777_new202602/wvf_applyCut_removeBeam/wvfFind_event30077_trackID15_opNum8_2.root
[COPY] event=30083, trackID=16, T0=-2.15182 -> /Volumes/ssd_zhang/thesis_michel/server_processing/t0_rootFiles/beam28777_new202602/wvf_applyCut_removeBeam/wvfFind_event30083_trackID16_opNum9.root
[COPY] event=30083, trackID=6, T0=-1.59024 -> /Volumes/ssd_zhang/thesis_michel/server_processing/t0_rootFiles/beam28777_new202602/wvf_applyCut_removeBeam/wvfFind_event30083_trackID6_opNum4.root
[COPY] event=30086, trackID=13, T0=0.163535 -> /Volumes/ssd_zhang/thesis_michel/server_processing/t0_rootFiles/beam28777_new202602/wvf_applyCut_removeBeam/wvfFind_event30086_trackID13_opNum3_merged.root
[COPY] event=30101, trackID=8, T0=0.474924 -> /Volumes/ssd_zhang/thesis_michel/server_processing/t0_rootFiles/beam28777_new202602/wvf_applyCut_removeBeam/wvfFind_event30101_trackID8_opNum3.root
[COPY] event=30101, trackID=8, T0=0.474924 -> /Volumes/ssd_zhang/thesis_michel/server_processing/t0_rootFiles/beam28777_new202602/wvf_applyCut_removeBeam/wvfFind_event30101_trackID8_opNum3_2.root
[COPY] event=30122, trackID=3, T0=-1.7621 -> /Volumes/ssd_zhang/thesis_michel/server_processing/t0_rootFiles/beam28777_new202602/wvf_applyCut_removeBeam/wvfFind_event30122_trackID3_opNum3.root
[COPY] event=30122, trackID=3, T0=-1.7621 -> /Volumes/ssd_zhang/thesis_michel/server_processing/t0_rootFiles/beam28777_new202602/wvf_applyCut_removeBeam/wvfFind_event30122_trackID3_opNum3_2.root
[COPY] event=30142, trackID=25, T0=-1.99199 -> /Volumes/ssd_zhang/thesis_michel/server_processing/t0_rootFiles/beam28777_new202602/wvf_applyCut_removeBeam/wvfFind_event30142_trackID25_opNum9.root
[COPY] event=30144, trackID=23, T0=-2.1433 -> /Volumes/ssd_zhang/thesis_michel/server_processing/t0_rootFiles/beam28777_new202602/wvf_applyCut_removeBeam/wvfFind_event30144_trackID23_opNum3.root
[COPY] event=30144, trackID=5, T0=0.452279 -> /Volumes/ssd_zhang/thesis_michel/server_processing/t0_rootFiles/beam28777_new202602/wvf_applyCut_removeBeam/wvfFind_event30144_trackID5_opNum9.root
[COPY] event=30155, trackID=8, T0=1.70299 -> /Volumes/ssd_zhang/thesis_michel/server_processing/t0_rootFiles/beam28777_new202602/wvf_applyCut_removeBeam/wvfFind_event30155_trackID8_opNum8.root
[COPY] event=30157, trackID=13, T0=-2.16981 -> /Volumes/ssd_zhang/thesis_michel/server_processing/t0_rootFiles/beam28777_new202602/wvf_applyCut_removeBeam/wvfFind_event30157_trackID13_opNum9.root
[COPY] event=30157, trackID=1, T0=0.0938715 -> /Volumes/ssd_zhang/thesis_michel/server_processing/t0_rootFiles/beam28777_new202602/wvf_applyCut_removeBeam/wvfFind_event30157_trackID1_opNum6.root
[COPY] event=30179, trackID=25, T0=-1.27662 -> /Volumes/ssd_zhang/thesis_michel/server_processing/t0_rootFiles/beam28777_new202602/wvf_applyCut_removeBeam/wvfFind_event30179_trackID25_opNum7.root
[COPY] event=30188, trackID=10, T0=-1.75889 -> /Volumes/ssd_zhang/thesis_michel/server_processing/t0_rootFiles/beam28777_new202602/wvf_applyCut_removeBeam/wvfFind_event30188_trackID10_opNum9.root
[COPY] event=3018, trackID=1, T0=0.311293 -> /Volumes/ssd_zhang/thesis_michel/server_processing/t0_rootFiles/beam28777_new202602/wvf_applyCut_removeBeam/wvfFind_event3018_trackID1_opNum9.root
[COPY] event=30193, trackID=15, T0=-1.96851 -> /Volumes/ssd_zhang/thesis_michel/server_processing/t0_rootFiles/beam28777_new202602/wvf_applyCut_removeBeam/wvfFind_event30193_trackID15_opNum3.root
[COPY] event=30220, trackID=21, T0=0.388769 -> /Volumes/ssd_zhang/thesis_michel/server_processing/t0_rootFiles/beam28777_new202602/wvf_applyCut_removeBeam/wvfFind_event30220_trackID21_opNum9.root
[COPY] event=30232, trackID=11, T0=-0.178527 -> /Volumes/ssd_zhang/thesis_michel/server_processing/t0_rootFiles/beam28777_new202602/wvf_applyCut_removeBeam/wvfFind_event30232_trackID11_opNum5.root
[COPY] event=30245, trackID=12, T0=-1.78745 -> /Volumes/ssd_zhang/thesis_michel/server_processing/t0_rootFiles/beam28777_new202602/wvf_applyCut_removeBeam/wvfFind_event30245_trackID12_opNum7.root
[COPY] event=30278, trackID=8, T0=-0.563265 -> /Volumes/ssd_zhang/thesis_michel/server_processing/t0_rootFiles/beam28777_new202602/wvf_applyCut_removeBeam/wvfFind_event30278_trackID8_opNum6.root
[COPY] event=30309, trackID=24, T0=-0.163863 -> /Volumes/ssd_zhang/thesis_michel/server_processing/t0_rootFiles/beam28777_new202602/wvf_applyCut_removeBeam/wvfFind_event30309_trackID24_opNum6.root
[COPY] event=30314, trackID=10, T0=-2.11715 -> /Volumes/ssd_zhang/thesis_michel/server_processing/t0_rootFiles/beam28777_new202602/wvf_applyCut_removeBeam/wvfFind_event30314_trackID10_opNum3.root
[COPY] event=30314, trackID=10, T0=-2.11715 -> /Volumes/ssd_zhang/thesis_michel/server_processing/t0_rootFiles/beam28777_new202602/wvf_applyCut_removeBeam/wvfFind_event30314_trackID10_opNum3_2.root
[COPY] event=30327, trackID=13, T0=-1.68219 -> /Volumes/ssd_zhang/thesis_michel/server_processing/t0_rootFiles/beam28777_new202602/wvf_applyCut_removeBeam/wvfFind_event30327_trackID13_opNum5.root
[COPY] event=3033, trackID=14, T0=0.444952 -> /Volumes/ssd_zhang/thesis_michel/server_processing/t0_rootFiles/beam28777_new202602/wvf_applyCut_removeBeam/wvfFind_event3033_trackID14_opNum8.root
[COPY] event=3033, trackID=14, T0=0.444952 -> /Volumes/ssd_zhang/thesis_michel/server_processing/t0_rootFiles/beam28777_new202602/wvf_applyCut_removeBeam/wvfFind_event3033_trackID14_opNum8_2.root
[COPY] event=30343, trackID=9, T0=-1.07779 -> /Volumes/ssd_zhang/thesis_michel/server_processing/t0_rootFiles/beam28777_new202602/wvf_applyCut_removeBeam/wvfFind_event30343_trackID9_opNum8.root
[COPY] event=30358, trackID=5, T0=0.194125 -> /Volumes/ssd_zhang/thesis_michel/server_processing/t0_rootFiles/beam28777_new202602/wvf_applyCut_removeBeam/wvfFind_event30358_trackID5_opNum3.root
[COPY] event=30366, trackID=15, T0=-1.82776 -> /Volumes/ssd_zhang/thesis_michel/server_processing/t0_rootFiles/beam28777_new202602/wvf_applyCut_removeBeam/wvfFind_event30366_trackID15_opNum3.root
[COPY] event=30371, trackID=22, T0=-0.56283 -> /Volumes/ssd_zhang/thesis_michel/server_processing/t0_rootFiles/beam28777_new202602/wvf_applyCut_removeBeam/wvfFind_event30371_trackID22_opNum6.root
[COPY] event=30379, trackID=14, T0=-2.20148 -> /Volumes/ssd_zhang/thesis_michel/server_processing/t0_rootFiles/beam28777_new202602/wvf_applyCut_removeBeam/wvfFind_event30379_trackID14_opNum9.root
[COPY] event=30385, trackID=13, T0=-2.01095 -> /Volumes/ssd_zhang/thesis_michel/server_processing/t0_rootFiles/beam28777_new202602/wvf_applyCut_removeBeam/wvfFind_event30385_trackID13_opNum8.root
[COPY] event=30385, trackID=2, T0=0.462361 -> /Volumes/ssd_zhang/thesis_michel/server_processing/t0_rootFiles/beam28777_new202602/wvf_applyCut_removeBeam/wvfFind_event30385_trackID2_opNum4.root
[SKIP] (in range) event=30391, trackID=13, T0=-0.112928
[COPY] event=30401, trackID=11, T0=-0.851716 -> /Volumes/ssd_zhang/thesis_michel/server_processing/t0_rootFiles/beam28777_new202602/wvf_applyCut_removeBeam/wvfFind_event30401_trackID11_opNum9.root
[COPY] event=30444, trackID=7, T0=-0.0100812 -> /Volumes/ssd_zhang/thesis_michel/server_processing/t0_rootFiles/beam28777_new202602/wvf_applyCut_removeBeam/wvfFind_event30444_trackID7_opNum8.root
[COPY] event=3046, trackID=8, T0=0.343673 -> /Volumes/ssd_zhang/thesis_michel/server_processing/t0_rootFiles/beam28777_new202602/wvf_applyCut_removeBeam/wvfFind_event3046_trackID8_opNum7.root
[COPY] event=30518, trackID=0, T0=0.34606 -> /Volumes/ssd_zhang/thesis_michel/server_processing/t0_rootFiles/beam28777_new202602/wvf_applyCut_removeBeam/wvfFind_event30518_trackID0_opNum8.root
[COPY] event=30528, trackID=0, T0=-1.30602 -> /Volumes/ssd_zhang/thesis_michel/server_processing/t0_rootFiles/beam28777_new202602/wvf_applyCut_removeBeam/wvfFind_event30528_trackID0_opNum8.root
[COPY] event=3054, trackID=22, T0=2.51455 -> /Volumes/ssd_zhang/thesis_michel/server_processing/t0_rootFiles/beam28777_new202602/wvf_applyCut_removeBeam/wvfFind_event3054_trackID22_opNum7_merged.root
[COPY] event=30551, trackID=5, T0=0.363947 -> /Volumes/ssd_zhang/thesis_michel/server_processing/t0_rootFiles/beam28777_new202602/wvf_applyCut_removeBeam/wvfFind_event30551_trackID5_opNum5.root
[COPY] event=30551, trackID=5, T0=0.363947 -> /Volumes/ssd_zhang/thesis_michel/server_processing/t0_rootFiles/beam28777_new202602/wvf_applyCut_removeBeam/wvfFind_event30551_trackID5_opNum5_2.root
[COPY] event=30556, trackID=2, T0=2.06311 -> /Volumes/ssd_zhang/thesis_michel/server_processing/t0_rootFiles/beam28777_new202602/wvf_applyCut_removeBeam/wvfFind_event30556_trackID2_opNum9.root
[COPY] event=30571, trackID=5, T0=-0.576798 -> /Volumes/ssd_zhang/thesis_michel/server_processing/t0_rootFiles/beam28777_new202602/wvf_applyCut_removeBeam/wvfFind_event30571_trackID5_opNum3_merged.root
[COPY] event=30591, trackID=8, T0=-1.85824 -> /Volumes/ssd_zhang/thesis_michel/server_processing/t0_rootFiles/beam28777_new202602/wvf_applyCut_removeBeam/wvfFind_event30591_trackID8_opNum5.root
[COPY] event=30596, trackID=1, T0=-0.766426 -> /Volumes/ssd_zhang/thesis_michel/server_processing/t0_rootFiles/beam28777_new202602/wvf_applyCut_removeBeam/wvfFind_event30596_trackID1_opNum4.root
[COPY] event=30597, trackID=15, T0=-1.81964 -> /Volumes/ssd_zhang/thesis_michel/server_processing/t0_rootFiles/beam28777_new202602/wvf_applyCut_removeBeam/wvfFind_event30597_trackID15_opNum9.root
[COPY] event=305, trackID=22, T0=1.67348 -> /Volumes/ssd_zhang/thesis_michel/server_processing/t0_rootFiles/beam28777_new202602/wvf_applyCut_removeBeam/wvfFind_event305_trackID22_opNum9.root
[COPY] event=305, trackID=22, T0=1.67348 -> /Volumes/ssd_zhang/thesis_michel/server_processing/t0_rootFiles/beam28777_new202602/wvf_applyCut_removeBeam/wvfFind_event305_trackID22_opNum9_2.root
[COPY] event=30620, trackID=9, T0=-2.16736 -> /Volumes/ssd_zhang/thesis_michel/server_processing/t0_rootFiles/beam28777_new202602/wvf_applyCut_removeBeam/wvfFind_event30620_trackID9_opNum9.root
[COPY] event=30620, trackID=9, T0=-2.16736 -> /Volumes/ssd_zhang/thesis_michel/server_processing/t0_rootFiles/beam28777_new202602/wvf_applyCut_removeBeam/wvfFind_event30620_trackID9_opNum9_2.root
[COPY] event=30632, trackID=32, T0=0.695203 -> /Volumes/ssd_zhang/thesis_michel/server_processing/t0_rootFiles/beam28777_new202602/wvf_applyCut_removeBeam/wvfFind_event30632_trackID32_opNum9.root
[COPY] event=30632, trackID=32, T0=0.695203 -> /Volumes/ssd_zhang/thesis_michel/server_processing/t0_rootFiles/beam28777_new202602/wvf_applyCut_removeBeam/wvfFind_event30632_trackID32_opNum9_2.root
[COPY] event=30640, trackID=13, T0=-1.85518 -> /Volumes/ssd_zhang/thesis_michel/server_processing/t0_rootFiles/beam28777_new202602/wvf_applyCut_removeBeam/wvfFind_event30640_trackID13_opNum7.root
[COPY] event=30657, trackID=6, T0=-1.04327 -> /Volumes/ssd_zhang/thesis_michel/server_processing/t0_rootFiles/beam28777_new202602/wvf_applyCut_removeBeam/wvfFind_event30657_trackID6_opNum9.root
[COPY] event=30675, trackID=8, T0=0.352139 -> /Volumes/ssd_zhang/thesis_michel/server_processing/t0_rootFiles/beam28777_new202602/wvf_applyCut_removeBeam/wvfFind_event30675_trackID8_opNum3.root
[COPY] event=30682, trackID=14, T0=-1.36474 -> /Volumes/ssd_zhang/thesis_michel/server_processing/t0_rootFiles/beam28777_new202602/wvf_applyCut_removeBeam/wvfFind_event30682_trackID14_opNum5_merged.root
[COPY] event=30682, trackID=8, T0=-0.933606 -> /Volumes/ssd_zhang/thesis_michel/server_processing/t0_rootFiles/beam28777_new202602/wvf_applyCut_removeBeam/wvfFind_event30682_trackID8_opNum3.root
[COPY] event=30699, trackID=2, T0=-0.961233 -> /Volumes/ssd_zhang/thesis_michel/server_processing/t0_rootFiles/beam28777_new202602/wvf_applyCut_removeBeam/wvfFind_event30699_trackID2_opNum5.root
[COPY] event=30700, trackID=21, T0=-2.21461 -> /Volumes/ssd_zhang/thesis_michel/server_processing/t0_rootFiles/beam28777_new202602/wvf_applyCut_removeBeam/wvfFind_event30700_trackID21_opNum3.root
[COPY] event=3072, trackID=2, T0=-1.37111 -> /Volumes/ssd_zhang/thesis_michel/server_processing/t0_rootFiles/beam28777_new202602/wvf_applyCut_removeBeam/wvfFind_event3072_trackID2_opNum4.root
[COPY] event=30766, trackID=6, T0=-0.786312 -> /Volumes/ssd_zhang/thesis_michel/server_processing/t0_rootFiles/beam28777_new202602/wvf_applyCut_removeBeam/wvfFind_event30766_trackID6_opNum5.root
[COPY] event=30766, trackID=6, T0=-0.786312 -> /Volumes/ssd_zhang/thesis_michel/server_processing/t0_rootFiles/beam28777_new202602/wvf_applyCut_removeBeam/wvfFind_event30766_trackID6_opNum5_2.root
[COPY] event=3076, trackID=3, T0=0.235593 -> /Volumes/ssd_zhang/thesis_michel/server_processing/t0_rootFiles/beam28777_new202602/wvf_applyCut_removeBeam/wvfFind_event3076_trackID3_opNum3_merged.root
[COPY] event=30779, trackID=4, T0=-1.06301 -> /Volumes/ssd_zhang/thesis_michel/server_processing/t0_rootFiles/beam28777_new202602/wvf_applyCut_removeBeam/wvfFind_event30779_trackID4_opNum4.root
[COPY] event=3077, trackID=2, T0=0.123145 -> /Volumes/ssd_zhang/thesis_michel/server_processing/t0_rootFiles/beam28777_new202602/wvf_applyCut_removeBeam/wvfFind_event3077_trackID2_opNum3_merged.root
[COPY] event=30783, trackID=7, T0=-1.47098 -> /Volumes/ssd_zhang/thesis_michel/server_processing/t0_rootFiles/beam28777_new202602/wvf_applyCut_removeBeam/wvfFind_event30783_trackID7_opNum4_merged.root
[COPY] event=307, trackID=5, T0=-1.58869 -> /Volumes/ssd_zhang/thesis_michel/server_processing/t0_rootFiles/beam28777_new202602/wvf_applyCut_removeBeam/wvfFind_event307_trackID5_opNum3.root
[COPY] event=30805, trackID=9, T0=-2.24635 -> /Volumes/ssd_zhang/thesis_michel/server_processing/t0_rootFiles/beam28777_new202602/wvf_applyCut_removeBeam/wvfFind_event30805_trackID9_opNum3.root
[COPY] event=30809, trackID=1, T0=-1.16683 -> /Volumes/ssd_zhang/thesis_michel/server_processing/t0_rootFiles/beam28777_new202602/wvf_applyCut_removeBeam/wvfFind_event30809_trackID1_opNum5.root
[COPY] event=30809, trackID=1, T0=-1.16683 -> /Volumes/ssd_zhang/thesis_michel/server_processing/t0_rootFiles/beam28777_new202602/wvf_applyCut_removeBeam/wvfFind_event30809_trackID1_opNum5_2.root
[COPY] event=30840, trackID=5, T0=-0.521282 -> /Volumes/ssd_zhang/thesis_michel/server_processing/t0_rootFiles/beam28777_new202602/wvf_applyCut_removeBeam/wvfFind_event30840_trackID5_opNum8_merged.root
[COPY] event=30842, trackID=13, T0=0.44391 -> /Volumes/ssd_zhang/thesis_michel/server_processing/t0_rootFiles/beam28777_new202602/wvf_applyCut_removeBeam/wvfFind_event30842_trackID13_opNum5.root
[COPY] event=30877, trackID=20, T0=-1.30209 -> /Volumes/ssd_zhang/thesis_michel/server_processing/t0_rootFiles/beam28777_new202602/wvf_applyCut_removeBeam/wvfFind_event30877_trackID20_opNum9.root
[COPY] event=30891, trackID=13, T0=-0.688644 -> /Volumes/ssd_zhang/thesis_michel/server_processing/t0_rootFiles/beam28777_new202602/wvf_applyCut_removeBeam/wvfFind_event30891_trackID13_opNum4.root
[COPY] event=30899, trackID=7, T0=-1.91202 -> /Volumes/ssd_zhang/thesis_michel/server_processing/t0_rootFiles/beam28777_new202602/wvf_applyCut_removeBeam/wvfFind_event30899_trackID7_opNum9.root
[COPY] event=30899, trackID=7, T0=-1.91202 -> /Volumes/ssd_zhang/thesis_michel/server_processing/t0_rootFiles/beam28777_new202602/wvf_applyCut_removeBeam/wvfFind_event30899_trackID7_opNum9_2.root
[COPY] event=30920, trackID=3, T0=-0.146745 -> /Volumes/ssd_zhang/thesis_michel/server_processing/t0_rootFiles/beam28777_new202602/wvf_applyCut_removeBeam/wvfFind_event30920_trackID3_opNum9.root
[COPY] event=30936, trackID=3, T0=-1.26979 -> /Volumes/ssd_zhang/thesis_michel/server_processing/t0_rootFiles/beam28777_new202602/wvf_applyCut_removeBeam/wvfFind_event30936_trackID3_opNum4.root
[COPY] event=30942, trackID=7, T0=0.0712702 -> /Volumes/ssd_zhang/thesis_michel/server_processing/t0_rootFiles/beam28777_new202602/wvf_applyCut_removeBeam/wvfFind_event30942_trackID7_opNum5.root
[COPY] event=30942, trackID=7, T0=0.0712702 -> /Volumes/ssd_zhang/thesis_michel/server_processing/t0_rootFiles/beam28777_new202602/wvf_applyCut_removeBeam/wvfFind_event30942_trackID7_opNum5_2.root
[COPY] event=30970, trackID=26, T0=-1.49981 -> /Volumes/ssd_zhang/thesis_michel/server_processing/t0_rootFiles/beam28777_new202602/wvf_applyCut_removeBeam/wvfFind_event30970_trackID26_opNum5_merged.root
[COPY] event=30977, trackID=10, T0=0.295418 -> /Volumes/ssd_zhang/thesis_michel/server_processing/t0_rootFiles/beam28777_new202602/wvf_applyCut_removeBeam/wvfFind_event30977_trackID10_opNum8_merged.root
[COPY] event=30978, trackID=3, T0=-0.313606 -> /Volumes/ssd_zhang/thesis_michel/server_processing/t0_rootFiles/beam28777_new202602/wvf_applyCut_removeBeam/wvfFind_event30978_trackID3_opNum5.root
[COPY] event=30978, trackID=3, T0=-0.313606 -> /Volumes/ssd_zhang/thesis_michel/server_processing/t0_rootFiles/beam28777_new202602/wvf_applyCut_removeBeam/wvfFind_event30978_trackID3_opNum5_2.root
[COPY] event=30982, trackID=24, T0=-1.56364 -> /Volumes/ssd_zhang/thesis_michel/server_processing/t0_rootFiles/beam28777_new202602/wvf_applyCut_removeBeam/wvfFind_event30982_trackID24_opNum8_merged.root
[SKIP] (in range) event=31001, trackID=4, T0=-0.110794
[SKIP] (in range) event=31001, trackID=4, T0=-0.110794
[COPY] event=31004, trackID=11, T0=-1.52992 -> /Volumes/ssd_zhang/thesis_michel/server_processing/t0_rootFiles/beam28777_new202602/wvf_applyCut_removeBeam/wvfFind_event31004_trackID11_opNum8.root
[COPY] event=31004, trackID=18, T0=-1.61883 -> /Volumes/ssd_zhang/thesis_michel/server_processing/t0_rootFiles/beam28777_new202602/wvf_applyCut_removeBeam/wvfFind_event31004_trackID18_opNum8.root
[COPY] event=31004, trackID=18, T0=-1.61883 -> /Volumes/ssd_zhang/thesis_michel/server_processing/t0_rootFiles/beam28777_new202602/wvf_applyCut_removeBeam/wvfFind_event31004_trackID18_opNum8_2.root
[COPY] event=31018, trackID=10, T0=-1.17903 -> /Volumes/ssd_zhang/thesis_michel/server_processing/t0_rootFiles/beam28777_new202602/wvf_applyCut_removeBeam/wvfFind_event31018_trackID10_opNum3.root
[COPY] event=31046, trackID=4, T0=-0.912866 -> /Volumes/ssd_zhang/thesis_michel/server_processing/t0_rootFiles/beam28777_new202602/wvf_applyCut_removeBeam/wvfFind_event31046_trackID4_opNum4.root
[COPY] event=31046, trackID=4, T0=-0.912866 -> /Volumes/ssd_zhang/thesis_michel/server_processing/t0_rootFiles/beam28777_new202602/wvf_applyCut_removeBeam/wvfFind_event31046_trackID4_opNum4_2.root
[COPY] event=31047, trackID=2, T0=-0.214716 -> /Volumes/ssd_zhang/thesis_michel/server_processing/t0_rootFiles/beam28777_new202602/wvf_applyCut_removeBeam/wvfFind_event31047_trackID2_opNum3.root
[COPY] event=31056, trackID=7, T0=-0.345674 -> /Volumes/ssd_zhang/thesis_michel/server_processing/t0_rootFiles/beam28777_new202602/wvf_applyCut_removeBeam/wvfFind_event31056_trackID7_opNum3.root
[COPY] event=31073, trackID=22, T0=-2.09306 -> /Volumes/ssd_zhang/thesis_michel/server_processing/t0_rootFiles/beam28777_new202602/wvf_applyCut_removeBeam/wvfFind_event31073_trackID22_opNum5.root
[COPY] event=31074, trackID=4, T0=-1.22676 -> /Volumes/ssd_zhang/thesis_michel/server_processing/t0_rootFiles/beam28777_new202602/wvf_applyCut_removeBeam/wvfFind_event31074_trackID4_opNum3.root
[COPY] event=31075, trackID=2, T0=-1.37924 -> /Volumes/ssd_zhang/thesis_michel/server_processing/t0_rootFiles/beam28777_new202602/wvf_applyCut_removeBeam/wvfFind_event31075_trackID2_opNum4.root
[COPY] event=31075, trackID=2, T0=-1.37924 -> /Volumes/ssd_zhang/thesis_michel/server_processing/t0_rootFiles/beam28777_new202602/wvf_applyCut_removeBeam/wvfFind_event31075_trackID2_opNum4_2.root
[COPY] event=31088, trackID=16, T0=-1.96749 -> /Volumes/ssd_zhang/thesis_michel/server_processing/t0_rootFiles/beam28777_new202602/wvf_applyCut_removeBeam/wvfFind_event31088_trackID16_opNum9.root
[SKIP] (in range) event=31093, trackID=9, T0=-0.114967
[COPY] event=31102, trackID=2, T0=-0.368365 -> /Volumes/ssd_zhang/thesis_michel/server_processing/t0_rootFiles/beam28777_new202602/wvf_applyCut_removeBeam/wvfFind_event31102_trackID2_opNum4.root
[COPY] event=31104, trackID=5, T0=-1.41192 -> /Volumes/ssd_zhang/thesis_michel/server_processing/t0_rootFiles/beam28777_new202602/wvf_applyCut_removeBeam/wvfFind_event31104_trackID5_opNum4.root
[COPY] event=31114, trackID=10, T0=-0.30645 -> /Volumes/ssd_zhang/thesis_michel/server_processing/t0_rootFiles/beam28777_new202602/wvf_applyCut_removeBeam/wvfFind_event31114_trackID10_opNum9.root
[COPY] event=31121, trackID=14, T0=-1.08318 -> /Volumes/ssd_zhang/thesis_michel/server_processing/t0_rootFiles/beam28777_new202602/wvf_applyCut_removeBeam/wvfFind_event31121_trackID14_opNum9.root
[COPY] event=31121, trackID=14, T0=-1.08318 -> /Volumes/ssd_zhang/thesis_michel/server_processing/t0_rootFiles/beam28777_new202602/wvf_applyCut_removeBeam/wvfFind_event31121_trackID14_opNum9_2.root
[COPY] event=31163, trackID=2, T0=-1.61883 -> /Volumes/ssd_zhang/thesis_michel/server_processing/t0_rootFiles/beam28777_new202602/wvf_applyCut_removeBeam/wvfFind_event31163_trackID2_opNum5.root
[COPY] event=31172, trackID=35, T0=-1.90988 -> /Volumes/ssd_zhang/thesis_michel/server_processing/t0_rootFiles/beam28777_new202602/wvf_applyCut_removeBeam/wvfFind_event31172_trackID35_opNum9.root
[COPY] event=31175, trackID=31, T0=-2.35699 -> /Volumes/ssd_zhang/thesis_michel/server_processing/t0_rootFiles/beam28777_new202602/wvf_applyCut_removeBeam/wvfFind_event31175_trackID31_opNum9.root
[COPY] event=31180, trackID=2, T0=0.227722 -> /Volumes/ssd_zhang/thesis_michel/server_processing/t0_rootFiles/beam28777_new202602/wvf_applyCut_removeBeam/wvfFind_event31180_trackID2_opNum5.root
[COPY] event=31180, trackID=2, T0=0.227722 -> /Volumes/ssd_zhang/thesis_michel/server_processing/t0_rootFiles/beam28777_new202602/wvf_applyCut_removeBeam/wvfFind_event31180_trackID2_opNum5_2.root
[COPY] event=31192, trackID=8, T0=-0.70388 -> /Volumes/ssd_zhang/thesis_michel/server_processing/t0_rootFiles/beam28777_new202602/wvf_applyCut_removeBeam/wvfFind_event31192_trackID8_opNum4.root
[COPY] event=31205, trackID=5, T0=0.457169 -> /Volumes/ssd_zhang/thesis_michel/server_processing/t0_rootFiles/beam28777_new202602/wvf_applyCut_removeBeam/wvfFind_event31205_trackID5_opNum9.root
[COPY] event=31209, trackID=6, T0=-1.54345 -> /Volumes/ssd_zhang/thesis_michel/server_processing/t0_rootFiles/beam28777_new202602/wvf_applyCut_removeBeam/wvfFind_event31209_trackID6_opNum9.root
[COPY] event=31214, trackID=4, T0=-0.966513 -> /Volumes/ssd_zhang/thesis_michel/server_processing/t0_rootFiles/beam28777_new202602/wvf_applyCut_removeBeam/wvfFind_event31214_trackID4_opNum4.root
[COPY] event=31237, trackID=5, T0=-1.06907 -> /Volumes/ssd_zhang/thesis_michel/server_processing/t0_rootFiles/beam28777_new202602/wvf_applyCut_removeBeam/wvfFind_event31237_trackID5_opNum3.root
[COPY] event=31240, trackID=13, T0=-1.30066 -> /Volumes/ssd_zhang/thesis_michel/server_processing/t0_rootFiles/beam28777_new202602/wvf_applyCut_removeBeam/wvfFind_event31240_trackID13_opNum3.root
[COPY] event=31249, trackID=16, T0=-2.00271 -> /Volumes/ssd_zhang/thesis_michel/server_processing/t0_rootFiles/beam28777_new202602/wvf_applyCut_removeBeam/wvfFind_event31249_trackID16_opNum9.root
[COPY] event=31257, trackID=3, T0=-0.720991 -> /Volumes/ssd_zhang/thesis_michel/server_processing/t0_rootFiles/beam28777_new202602/wvf_applyCut_removeBeam/wvfFind_event31257_trackID3_opNum5.root
[COPY] event=31257, trackID=3, T0=-0.720991 -> /Volumes/ssd_zhang/thesis_michel/server_processing/t0_rootFiles/beam28777_new202602/wvf_applyCut_removeBeam/wvfFind_event31257_trackID3_opNum5_2.root
[COPY] event=31258, trackID=10, T0=0.423144 -> /Volumes/ssd_zhang/thesis_michel/server_processing/t0_rootFiles/beam28777_new202602/wvf_applyCut_removeBeam/wvfFind_event31258_trackID10_opNum4.root
[COPY] event=31258, trackID=10, T0=0.423144 -> /Volumes/ssd_zhang/thesis_michel/server_processing/t0_rootFiles/beam28777_new202602/wvf_applyCut_removeBeam/wvfFind_event31258_trackID10_opNum4_2.root
[COPY] event=31259, trackID=37, T0=-2.38225 -> /Volumes/ssd_zhang/thesis_michel/server_processing/t0_rootFiles/beam28777_new202602/wvf_applyCut_removeBeam/wvfFind_event31259_trackID37_opNum7.root
[COPY] event=31259, trackID=37, T0=-2.38225 -> /Volumes/ssd_zhang/thesis_michel/server_processing/t0_rootFiles/beam28777_new202602/wvf_applyCut_removeBeam/wvfFind_event31259_trackID37_opNum7_2.root
[SKIP] (in range) event=31264, trackID=1, T0=-0.118354
[COPY] event=31285, trackID=16, T0=0.251022 -> /Volumes/ssd_zhang/thesis_michel/server_processing/t0_rootFiles/beam28777_new202602/wvf_applyCut_removeBeam/wvfFind_event31285_trackID16_opNum7_merged.root
[COPY] event=31287, trackID=6, T0=-0.295106 -> /Volumes/ssd_zhang/thesis_michel/server_processing/t0_rootFiles/beam28777_new202602/wvf_applyCut_removeBeam/wvfFind_event31287_trackID6_opNum4_merged.root
[COPY] event=31309, trackID=2, T0=-2.26178 -> /Volumes/ssd_zhang/thesis_michel/server_processing/t0_rootFiles/beam28777_new202602/wvf_applyCut_removeBeam/wvfFind_event31309_trackID2_opNum5.root
[COPY] event=31309, trackID=4, T0=0.357385 -> /Volumes/ssd_zhang/thesis_michel/server_processing/t0_rootFiles/beam28777_new202602/wvf_applyCut_removeBeam/wvfFind_event31309_trackID4_opNum9.root
[COPY] event=31309, trackID=4, T0=0.357385 -> /Volumes/ssd_zhang/thesis_michel/server_processing/t0_rootFiles/beam28777_new202602/wvf_applyCut_removeBeam/wvfFind_event31309_trackID4_opNum9_2.root
[COPY] event=3131, trackID=6, T0=-0.128203 -> /Volumes/ssd_zhang/thesis_michel/server_processing/t0_rootFiles/beam28777_new202602/wvf_applyCut_removeBeam/wvfFind_event3131_trackID6_opNum4.root
[COPY] event=31320, trackID=1, T0=-1.38871 -> /Volumes/ssd_zhang/thesis_michel/server_processing/t0_rootFiles/beam28777_new202602/wvf_applyCut_removeBeam/wvfFind_event31320_trackID1_opNum5.root
[COPY] event=31320, trackID=1, T0=-1.38871 -> /Volumes/ssd_zhang/thesis_michel/server_processing/t0_rootFiles/beam28777_new202602/wvf_applyCut_removeBeam/wvfFind_event31320_trackID1_opNum5_2.root
[COPY] event=31323, trackID=21, T0=-1.69786 -> /Volumes/ssd_zhang/thesis_michel/server_processing/t0_rootFiles/beam28777_new202602/wvf_applyCut_removeBeam/wvfFind_event31323_trackID21_opNum9_merged.root
[COPY] event=31326, trackID=13, T0=-0.657653 -> /Volumes/ssd_zhang/thesis_michel/server_processing/t0_rootFiles/beam28777_new202602/wvf_applyCut_removeBeam/wvfFind_event31326_trackID13_opNum9.root
[COPY] event=31331, trackID=8, T0=-0.0109011 -> /Volumes/ssd_zhang/thesis_michel/server_processing/t0_rootFiles/beam28777_new202602/wvf_applyCut_removeBeam/wvfFind_event31331_trackID8_opNum9.root
[COPY] event=31341, trackID=3, T0=0.0701196 -> /Volumes/ssd_zhang/thesis_michel/server_processing/t0_rootFiles/beam28777_new202602/wvf_applyCut_removeBeam/wvfFind_event31341_trackID3_opNum9.root
[COPY] event=31368, trackID=13, T0=-1.24773 -> /Volumes/ssd_zhang/thesis_michel/server_processing/t0_rootFiles/beam28777_new202602/wvf_applyCut_removeBeam/wvfFind_event31368_trackID13_opNum8.root
[COPY] event=31369, trackID=9, T0=-1.79719 -> /Volumes/ssd_zhang/thesis_michel/server_processing/t0_rootFiles/beam28777_new202602/wvf_applyCut_removeBeam/wvfFind_event31369_trackID9_opNum9.root
[COPY] event=31395, trackID=3, T0=-1.33676 -> /Volumes/ssd_zhang/thesis_michel/server_processing/t0_rootFiles/beam28777_new202602/wvf_applyCut_removeBeam/wvfFind_event31395_trackID3_opNum5_merged.root
[COPY] event=31401, trackID=10, T0=-0.405684 -> /Volumes/ssd_zhang/thesis_michel/server_processing/t0_rootFiles/beam28777_new202602/wvf_applyCut_removeBeam/wvfFind_event31401_trackID10_opNum8.root
[COPY] event=31405, trackID=8, T0=-1.03584 -> /Volumes/ssd_zhang/thesis_michel/server_processing/t0_rootFiles/beam28777_new202602/wvf_applyCut_removeBeam/wvfFind_event31405_trackID8_opNum5.root
[COPY] event=31412, trackID=3, T0=0.381774 -> /Volumes/ssd_zhang/thesis_michel/server_processing/t0_rootFiles/beam28777_new202602/wvf_applyCut_removeBeam/wvfFind_event31412_trackID3_opNum3.root
[COPY] event=31455, trackID=5, T0=-0.469266 -> /Volumes/ssd_zhang/thesis_michel/server_processing/t0_rootFiles/beam28777_new202602/wvf_applyCut_removeBeam/wvfFind_event31455_trackID5_opNum9.root
[COPY] event=31460, trackID=16, T0=-1.66233 -> /Volumes/ssd_zhang/thesis_michel/server_processing/t0_rootFiles/beam28777_new202602/wvf_applyCut_removeBeam/wvfFind_event31460_trackID16_opNum6.root
[COPY] event=31474, trackID=20, T0=-2.13693 -> /Volumes/ssd_zhang/thesis_michel/server_processing/t0_rootFiles/beam28777_new202602/wvf_applyCut_removeBeam/wvfFind_event31474_trackID20_opNum5.root
[COPY] event=31488, trackID=1, T0=-1.03319 -> /Volumes/ssd_zhang/thesis_michel/server_processing/t0_rootFiles/beam28777_new202602/wvf_applyCut_removeBeam/wvfFind_event31488_trackID1_opNum8.root
[COPY] event=31488, trackID=22, T0=-2.07756 -> /Volumes/ssd_zhang/thesis_michel/server_processing/t0_rootFiles/beam28777_new202602/wvf_applyCut_removeBeam/wvfFind_event31488_trackID22_opNum5.root
[COPY] event=3149, trackID=12, T0=-1.79272 -> /Volumes/ssd_zhang/thesis_michel/server_processing/t0_rootFiles/beam28777_new202602/wvf_applyCut_removeBeam/wvfFind_event3149_trackID12_opNum9.root
[COPY] event=31505, trackID=7, T0=-2.1142 -> /Volumes/ssd_zhang/thesis_michel/server_processing/t0_rootFiles/beam28777_new202602/wvf_applyCut_removeBeam/wvfFind_event31505_trackID7_opNum3.root
[COPY] event=31507, trackID=20, T0=-0.00719156 -> /Volumes/ssd_zhang/thesis_michel/server_processing/t0_rootFiles/beam28777_new202602/wvf_applyCut_removeBeam/wvfFind_event31507_trackID20_opNum9.root
[COPY] event=31538, trackID=13, T0=-2.19379 -> /Volumes/ssd_zhang/thesis_michel/server_processing/t0_rootFiles/beam28777_new202602/wvf_applyCut_removeBeam/wvfFind_event31538_trackID13_opNum8.root
[COPY] event=31594, trackID=11, T0=-1.51289 -> /Volumes/ssd_zhang/thesis_michel/server_processing/t0_rootFiles/beam28777_new202602/wvf_applyCut_removeBeam/wvfFind_event31594_trackID11_opNum9.root
[COPY] event=31618, trackID=41, T0=-2.39233 -> /Volumes/ssd_zhang/thesis_michel/server_processing/t0_rootFiles/beam28777_new202602/wvf_applyCut_removeBeam/wvfFind_event31618_trackID41_opNum8.root
[COPY] event=31641, trackID=18, T0=-1.926 -> /Volumes/ssd_zhang/thesis_michel/server_processing/t0_rootFiles/beam28777_new202602/wvf_applyCut_removeBeam/wvfFind_event31641_trackID18_opNum8.root
[COPY] event=31655, trackID=6, T0=-1.30335 -> /Volumes/ssd_zhang/thesis_michel/server_processing/t0_rootFiles/beam28777_new202602/wvf_applyCut_removeBeam/wvfFind_event31655_trackID6_opNum5.root
[COPY] event=31655, trackID=6, T0=-1.30335 -> /Volumes/ssd_zhang/thesis_michel/server_processing/t0_rootFiles/beam28777_new202602/wvf_applyCut_removeBeam/wvfFind_event31655_trackID6_opNum5_2.root
[COPY] event=31656, trackID=27, T0=-1.05433 -> /Volumes/ssd_zhang/thesis_michel/server_processing/t0_rootFiles/beam28777_new202602/wvf_applyCut_removeBeam/wvfFind_event31656_trackID27_opNum8.root
[COPY] event=31656, trackID=4, T0=-0.479054 -> /Volumes/ssd_zhang/thesis_michel/server_processing/t0_rootFiles/beam28777_new202602/wvf_applyCut_removeBeam/wvfFind_event31656_trackID4_opNum4.root
[COPY] event=31659, trackID=8, T0=-0.86594 -> /Volumes/ssd_zhang/thesis_michel/server_processing/t0_rootFiles/beam28777_new202602/wvf_applyCut_removeBeam/wvfFind_event31659_trackID8_opNum3_merged.root
[COPY] event=31678, trackID=15, T0=-2.27705 -> /Volumes/ssd_zhang/thesis_michel/server_processing/t0_rootFiles/beam28777_new202602/wvf_applyCut_removeBeam/wvfFind_event31678_trackID15_opNum9.root
[COPY] event=31683, trackID=7, T0=-1.9435 -> /Volumes/ssd_zhang/thesis_michel/server_processing/t0_rootFiles/beam28777_new202602/wvf_applyCut_removeBeam/wvfFind_event31683_trackID7_opNum9.root
[COPY] event=31691, trackID=4, T0=-1.32634 -> /Volumes/ssd_zhang/thesis_michel/server_processing/t0_rootFiles/beam28777_new202602/wvf_applyCut_removeBeam/wvfFind_event31691_trackID4_opNum3.root
[COPY] event=31702, trackID=10, T0=-1.97789 -> /Volumes/ssd_zhang/thesis_michel/server_processing/t0_rootFiles/beam28777_new202602/wvf_applyCut_removeBeam/wvfFind_event31702_trackID10_opNum9.root
[COPY] event=31702, trackID=10, T0=-1.97789 -> /Volumes/ssd_zhang/thesis_michel/server_processing/t0_rootFiles/beam28777_new202602/wvf_applyCut_removeBeam/wvfFind_event31702_trackID10_opNum9_2.root
[COPY] event=31721, trackID=19, T0=0.0149787 -> /Volumes/ssd_zhang/thesis_michel/server_processing/t0_rootFiles/beam28777_new202602/wvf_applyCut_removeBeam/wvfFind_event31721_trackID19_opNum3.root
[COPY] event=31724, trackID=6, T0=-1.48192 -> /Volumes/ssd_zhang/thesis_michel/server_processing/t0_rootFiles/beam28777_new202602/wvf_applyCut_removeBeam/wvfFind_event31724_trackID6_opNum3_merged.root
[COPY] event=31756, trackID=4, T0=-1.03897 -> /Volumes/ssd_zhang/thesis_michel/server_processing/t0_rootFiles/beam28777_new202602/wvf_applyCut_removeBeam/wvfFind_event31756_trackID4_opNum8_merged.root
[COPY] event=3176, trackID=9, T0=-1.49433 -> /Volumes/ssd_zhang/thesis_michel/server_processing/t0_rootFiles/beam28777_new202602/wvf_applyCut_removeBeam/wvfFind_event3176_trackID9_opNum9.root
[COPY] event=31795, trackID=12, T0=0.188121 -> /Volumes/ssd_zhang/thesis_michel/server_processing/t0_rootFiles/beam28777_new202602/wvf_applyCut_removeBeam/wvfFind_event31795_trackID12_opNum3.root
[COPY] event=31795, trackID=34, T0=-2.0528 -> /Volumes/ssd_zhang/thesis_michel/server_processing/t0_rootFiles/beam28777_new202602/wvf_applyCut_removeBeam/wvfFind_event31795_trackID34_opNum4.root
[COPY] event=31813, trackID=5, T0=0.0625028 -> /Volumes/ssd_zhang/thesis_michel/server_processing/t0_rootFiles/beam28777_new202602/wvf_applyCut_removeBeam/wvfFind_event31813_trackID5_opNum9.root
[COPY] event=31813, trackID=5, T0=0.0625028 -> /Volumes/ssd_zhang/thesis_michel/server_processing/t0_rootFiles/beam28777_new202602/wvf_applyCut_removeBeam/wvfFind_event31813_trackID5_opNum9_2.root
[COPY] event=31836, trackID=11, T0=-1.52236 -> /Volumes/ssd_zhang/thesis_michel/server_processing/t0_rootFiles/beam28777_new202602/wvf_applyCut_removeBeam/wvfFind_event31836_trackID11_opNum8.root
[COPY] event=31840, trackID=8, T0=-0.431938 -> /Volumes/ssd_zhang/thesis_michel/server_processing/t0_rootFiles/beam28777_new202602/wvf_applyCut_removeBeam/wvfFind_event31840_trackID8_opNum5.root
[COPY] event=31841, trackID=11, T0=-0.21142 -> /Volumes/ssd_zhang/thesis_michel/server_processing/t0_rootFiles/beam28777_new202602/wvf_applyCut_removeBeam/wvfFind_event31841_trackID11_opNum5.root
[COPY] event=3185, trackID=23, T0=-0.578832 -> /Volumes/ssd_zhang/thesis_michel/server_processing/t0_rootFiles/beam28777_new202602/wvf_applyCut_removeBeam/wvfFind_event3185_trackID23_opNum9.root
[COPY] event=31863, trackID=2, T0=-2.07431 -> /Volumes/ssd_zhang/thesis_michel/server_processing/t0_rootFiles/beam28777_new202602/wvf_applyCut_removeBeam/wvfFind_event31863_trackID2_opNum5_merged.root
[COPY] event=31871, trackID=16, T0=-2.34573 -> /Volumes/ssd_zhang/thesis_michel/server_processing/t0_rootFiles/beam28777_new202602/wvf_applyCut_removeBeam/wvfFind_event31871_trackID16_opNum5.root
[COPY] event=31887, trackID=7, T0=0.154676 -> /Volumes/ssd_zhang/thesis_michel/server_processing/t0_rootFiles/beam28777_new202602/wvf_applyCut_removeBeam/wvfFind_event31887_trackID7_opNum6.root
[COPY] event=31889, trackID=17, T0=-0.810054 -> /Volumes/ssd_zhang/thesis_michel/server_processing/t0_rootFiles/beam28777_new202602/wvf_applyCut_removeBeam/wvfFind_event31889_trackID17_opNum6.root
[COPY] event=318, trackID=9, T0=-0.575446 -> /Volumes/ssd_zhang/thesis_michel/server_processing/t0_rootFiles/beam28777_new202602/wvf_applyCut_removeBeam/wvfFind_event318_trackID9_opNum4.root
[COPY] event=31904, trackID=8, T0=-1.76342 -> /Volumes/ssd_zhang/thesis_michel/server_processing/t0_rootFiles/beam28777_new202602/wvf_applyCut_removeBeam/wvfFind_event31904_trackID8_opNum5.root
[COPY] event=31904, trackID=8, T0=-1.76342 -> /Volumes/ssd_zhang/thesis_michel/server_processing/t0_rootFiles/beam28777_new202602/wvf_applyCut_removeBeam/wvfFind_event31904_trackID8_opNum5_2.root
[COPY] event=31922, trackID=14, T0=-1.72965 -> /Volumes/ssd_zhang/thesis_michel/server_processing/t0_rootFiles/beam28777_new202602/wvf_applyCut_removeBeam/wvfFind_event31922_trackID14_opNum5.root
[COPY] event=31936, trackID=10, T0=-1.50243 -> /Volumes/ssd_zhang/thesis_michel/server_processing/t0_rootFiles/beam28777_new202602/wvf_applyCut_removeBeam/wvfFind_event31936_trackID10_opNum3.root
[COPY] event=31949, trackID=3, T0=-0.0171579 -> /Volumes/ssd_zhang/thesis_michel/server_processing/t0_rootFiles/beam28777_new202602/wvf_applyCut_removeBeam/wvfFind_event31949_trackID3_opNum4.root
[COPY] event=3194, trackID=4, T0=-1.10331 -> /Volumes/ssd_zhang/thesis_michel/server_processing/t0_rootFiles/beam28777_new202602/wvf_applyCut_removeBeam/wvfFind_event3194_trackID4_opNum4.root
[COPY] event=31950, trackID=1, T0=0.385816 -> /Volumes/ssd_zhang/thesis_michel/server_processing/t0_rootFiles/beam28777_new202602/wvf_applyCut_removeBeam/wvfFind_event31950_trackID1_opNum5.root
[COPY] event=31950, trackID=1, T0=0.385816 -> /Volumes/ssd_zhang/thesis_michel/server_processing/t0_rootFiles/beam28777_new202602/wvf_applyCut_removeBeam/wvfFind_event31950_trackID1_opNum5_2.root
[COPY] event=31953, trackID=24, T0=-2.22307 -> /Volumes/ssd_zhang/thesis_michel/server_processing/t0_rootFiles/beam28777_new202602/wvf_applyCut_removeBeam/wvfFind_event31953_trackID24_opNum5.root
[COPY] event=31953, trackID=24, T0=-2.22307 -> /Volumes/ssd_zhang/thesis_michel/server_processing/t0_rootFiles/beam28777_new202602/wvf_applyCut_removeBeam/wvfFind_event31953_trackID24_opNum5_2.root
[COPY] event=31961, trackID=4, T0=-1.77628 -> /Volumes/ssd_zhang/thesis_michel/server_processing/t0_rootFiles/beam28777_new202602/wvf_applyCut_removeBeam/wvfFind_event31961_trackID4_opNum9.root
[COPY] event=31961, trackID=4, T0=-1.77628 -> /Volumes/ssd_zhang/thesis_michel/server_processing/t0_rootFiles/beam28777_new202602/wvf_applyCut_removeBeam/wvfFind_event31961_trackID4_opNum9_2.root
[COPY] event=31978, trackID=23, T0=-2.20331 -> /Volumes/ssd_zhang/thesis_michel/server_processing/t0_rootFiles/beam28777_new202602/wvf_applyCut_removeBeam/wvfFind_event31978_trackID23_opNum7.root
[COPY] event=31997, trackID=0, T0=-0.872603 -> /Volumes/ssd_zhang/thesis_michel/server_processing/t0_rootFiles/beam28777_new202602/wvf_applyCut_removeBeam/wvfFind_event31997_trackID0_opNum9_merged.root
[COPY] event=319, trackID=2, T0=-0.706547 -> /Volumes/ssd_zhang/thesis_michel/server_processing/t0_rootFiles/beam28777_new202602/wvf_applyCut_removeBeam/wvfFind_event319_trackID2_opNum5.root
[COPY] event=32000, trackID=7, T0=-2.15821 -> /Volumes/ssd_zhang/thesis_michel/server_processing/t0_rootFiles/beam28777_new202602/wvf_applyCut_removeBeam/wvfFind_event32000_trackID7_opNum7.root
[COPY] event=32001, trackID=16, T0=0.28203 -> /Volumes/ssd_zhang/thesis_michel/server_processing/t0_rootFiles/beam28777_new202602/wvf_applyCut_removeBeam/wvfFind_event32001_trackID16_opNum9.root
[COPY] event=32017, trackID=20, T0=0.46221 -> /Volumes/ssd_zhang/thesis_michel/server_processing/t0_rootFiles/beam28777_new202602/wvf_applyCut_removeBeam/wvfFind_event32017_trackID20_opNum9.root
[COPY] event=32035, trackID=21, T0=-1.34143 -> /Volumes/ssd_zhang/thesis_michel/server_processing/t0_rootFiles/beam28777_new202602/wvf_applyCut_removeBeam/wvfFind_event32035_trackID21_opNum4_merged.root
[SKIP] (in range) event=32057, trackID=4, T0=-0.0627181
[COPY] event=32065, trackID=7, T0=-0.966868 -> /Volumes/ssd_zhang/thesis_michel/server_processing/t0_rootFiles/beam28777_new202602/wvf_applyCut_removeBeam/wvfFind_event32065_trackID7_opNum9.root
[COPY] event=32072, trackID=6, T0=-0.163251 -> /Volumes/ssd_zhang/thesis_michel/server_processing/t0_rootFiles/beam28777_new202602/wvf_applyCut_removeBeam/wvfFind_event32072_trackID6_opNum9.root
[COPY] event=32072, trackID=6, T0=-0.163251 -> /Volumes/ssd_zhang/thesis_michel/server_processing/t0_rootFiles/beam28777_new202602/wvf_applyCut_removeBeam/wvfFind_event32072_trackID6_opNum9_2.root
[COPY] event=32089, trackID=26, T0=-1.26729 -> /Volumes/ssd_zhang/thesis_michel/server_processing/t0_rootFiles/beam28777_new202602/wvf_applyCut_removeBeam/wvfFind_event32089_trackID26_opNum8.root
[COPY] event=32089, trackID=26, T0=-1.26729 -> /Volumes/ssd_zhang/thesis_michel/server_processing/t0_rootFiles/beam28777_new202602/wvf_applyCut_removeBeam/wvfFind_event32089_trackID26_opNum8_2.root
[COPY] event=32109, trackID=25, T0=-1.14102 -> /Volumes/ssd_zhang/thesis_michel/server_processing/t0_rootFiles/beam28777_new202602/wvf_applyCut_removeBeam/wvfFind_event32109_trackID25_opNum4.root
[COPY] event=32132, trackID=2, T0=-0.935384 -> /Volumes/ssd_zhang/thesis_michel/server_processing/t0_rootFiles/beam28777_new202602/wvf_applyCut_removeBeam/wvfFind_event32132_trackID2_opNum8_merged.root
[COPY] event=32139, trackID=0, T0=-1.47188 -> /Volumes/ssd_zhang/thesis_michel/server_processing/t0_rootFiles/beam28777_new202602/wvf_applyCut_removeBeam/wvfFind_event32139_trackID0_opNum9.root
[COPY] event=32139, trackID=0, T0=-1.47188 -> /Volumes/ssd_zhang/thesis_michel/server_processing/t0_rootFiles/beam28777_new202602/wvf_applyCut_removeBeam/wvfFind_event32139_trackID0_opNum9_2.root
[COPY] event=32150, trackID=15, T0=-2.0792 -> /Volumes/ssd_zhang/thesis_michel/server_processing/t0_rootFiles/beam28777_new202602/wvf_applyCut_removeBeam/wvfFind_event32150_trackID15_opNum3.root
[COPY] event=32154, trackID=3, T0=0.115672 -> /Volumes/ssd_zhang/thesis_michel/server_processing/t0_rootFiles/beam28777_new202602/wvf_applyCut_removeBeam/wvfFind_event32154_trackID3_opNum9.root
[COPY] event=32156, trackID=15, T0=-1.56792 -> /Volumes/ssd_zhang/thesis_michel/server_processing/t0_rootFiles/beam28777_new202602/wvf_applyCut_removeBeam/wvfFind_event32156_trackID15_opNum5.root
[COPY] event=32184, trackID=7, T0=-0.176469 -> /Volumes/ssd_zhang/thesis_michel/server_processing/t0_rootFiles/beam28777_new202602/wvf_applyCut_removeBeam/wvfFind_event32184_trackID7_opNum9.root
[COPY] event=32184, trackID=7, T0=-0.176469 -> /Volumes/ssd_zhang/thesis_michel/server_processing/t0_rootFiles/beam28777_new202602/wvf_applyCut_removeBeam/wvfFind_event32184_trackID7_opNum9_2.root
[COPY] event=32190, trackID=15, T0=2.27829 -> /Volumes/ssd_zhang/thesis_michel/server_processing/t0_rootFiles/beam28777_new202602/wvf_applyCut_removeBeam/wvfFind_event32190_trackID15_opNum9.root
[COPY] event=32194, trackID=8, T0=-0.597997 -> /Volumes/ssd_zhang/thesis_michel/server_processing/t0_rootFiles/beam28777_new202602/wvf_applyCut_removeBeam/wvfFind_event32194_trackID8_opNum3.root
[SKIP] (in range) event=32195, trackID=1, T0=-0.0834076
[SKIP] (in range) event=32195, trackID=1, T0=-0.0834076
[COPY] event=32199, trackID=4, T0=-0.41217 -> /Volumes/ssd_zhang/thesis_michel/server_processing/t0_rootFiles/beam28777_new202602/wvf_applyCut_removeBeam/wvfFind_event32199_trackID4_opNum9.root
[COPY] event=32221, trackID=4, T0=-0.91427 -> /Volumes/ssd_zhang/thesis_michel/server_processing/t0_rootFiles/beam28777_new202602/wvf_applyCut_removeBeam/wvfFind_event32221_trackID4_opNum4.root
[COPY] event=32232, trackID=1, T0=-0.0209707 -> /Volumes/ssd_zhang/thesis_michel/server_processing/t0_rootFiles/beam28777_new202602/wvf_applyCut_removeBeam/wvfFind_event32232_trackID1_opNum5.root
[COPY] event=32232, trackID=1, T0=-0.0209707 -> /Volumes/ssd_zhang/thesis_michel/server_processing/t0_rootFiles/beam28777_new202602/wvf_applyCut_removeBeam/wvfFind_event32232_trackID1_opNum5_2.root
[COPY] event=32236, trackID=10, T0=-0.779266 -> /Volumes/ssd_zhang/thesis_michel/server_processing/t0_rootFiles/beam28777_new202602/wvf_applyCut_removeBeam/wvfFind_event32236_trackID10_opNum5_merged.root
[COPY] event=32247, trackID=1, T0=-1.50568 -> /Volumes/ssd_zhang/thesis_michel/server_processing/t0_rootFiles/beam28777_new202602/wvf_applyCut_removeBeam/wvfFind_event32247_trackID1_opNum3.root
[COPY] event=32247, trackID=1, T0=-1.50568 -> /Volumes/ssd_zhang/thesis_michel/server_processing/t0_rootFiles/beam28777_new202602/wvf_applyCut_removeBeam/wvfFind_event32247_trackID1_opNum3_2.root
[COPY] event=32279, trackID=12, T0=-1.05018 -> /Volumes/ssd_zhang/thesis_michel/server_processing/t0_rootFiles/beam28777_new202602/wvf_applyCut_removeBeam/wvfFind_event32279_trackID12_opNum7_merged.root
[SKIP] (in range) event=32291, trackID=21, T0=-0.0503444
[SKIP] (in range) event=32291, trackID=21, T0=-0.0503444
[COPY] event=32295, trackID=20, T0=-2.22191 -> /Volumes/ssd_zhang/thesis_michel/server_processing/t0_rootFiles/beam28777_new202602/wvf_applyCut_removeBeam/wvfFind_event32295_trackID20_opNum8.root
[COPY] event=32309, trackID=12, T0=-2.06834 -> /Volumes/ssd_zhang/thesis_michel/server_processing/t0_rootFiles/beam28777_new202602/wvf_applyCut_removeBeam/wvfFind_event32309_trackID12_opNum8.root
[COPY] event=32309, trackID=12, T0=-2.06834 -> /Volumes/ssd_zhang/thesis_michel/server_processing/t0_rootFiles/beam28777_new202602/wvf_applyCut_removeBeam/wvfFind_event32309_trackID12_opNum8_2.root
[COPY] event=3230, trackID=2, T0=-1.89071 -> /Volumes/ssd_zhang/thesis_michel/server_processing/t0_rootFiles/beam28777_new202602/wvf_applyCut_removeBeam/wvfFind_event3230_trackID2_opNum9.root
[COPY] event=32312, trackID=0, T0=-1.48596 -> /Volumes/ssd_zhang/thesis_michel/server_processing/t0_rootFiles/beam28777_new202602/wvf_applyCut_removeBeam/wvfFind_event32312_trackID0_opNum5.root
[COPY] event=32312, trackID=2, T0=-1.51584 -> /Volumes/ssd_zhang/thesis_michel/server_processing/t0_rootFiles/beam28777_new202602/wvf_applyCut_removeBeam/wvfFind_event32312_trackID2_opNum5.root
[COPY] event=32312, trackID=2, T0=-1.51584 -> /Volumes/ssd_zhang/thesis_michel/server_processing/t0_rootFiles/beam28777_new202602/wvf_applyCut_removeBeam/wvfFind_event32312_trackID2_opNum5_2.root
[COPY] event=32320, trackID=8, T0=-2.08705 -> /Volumes/ssd_zhang/thesis_michel/server_processing/t0_rootFiles/beam28777_new202602/wvf_applyCut_removeBeam/wvfFind_event32320_trackID8_opNum5.root
[COPY] event=32321, trackID=7, T0=-0.646127 -> /Volumes/ssd_zhang/thesis_michel/server_processing/t0_rootFiles/beam28777_new202602/wvf_applyCut_removeBeam/wvfFind_event32321_trackID7_opNum5.root
[COPY] event=32325, trackID=5, T0=0.236751 -> /Volumes/ssd_zhang/thesis_michel/server_processing/t0_rootFiles/beam28777_new202602/wvf_applyCut_removeBeam/wvfFind_event32325_trackID5_opNum5.root
[COPY] event=32343, trackID=12, T0=-2.34905 -> /Volumes/ssd_zhang/thesis_michel/server_processing/t0_rootFiles/beam28777_new202602/wvf_applyCut_removeBeam/wvfFind_event32343_trackID12_opNum6.root
[COPY] event=32343, trackID=12, T0=-2.34905 -> /Volumes/ssd_zhang/thesis_michel/server_processing/t0_rootFiles/beam28777_new202602/wvf_applyCut_removeBeam/wvfFind_event32343_trackID12_opNum6_2.root
[COPY] event=3234, trackID=23, T0=-1.36925 -> /Volumes/ssd_zhang/thesis_michel/server_processing/t0_rootFiles/beam28777_new202602/wvf_applyCut_removeBeam/wvfFind_event3234_trackID23_opNum9.root
[COPY] event=3234, trackID=23, T0=-1.36925 -> /Volumes/ssd_zhang/thesis_michel/server_processing/t0_rootFiles/beam28777_new202602/wvf_applyCut_removeBeam/wvfFind_event3234_trackID23_opNum9_2.root
[COPY] event=32353, trackID=19, T0=0.28803 -> /Volumes/ssd_zhang/thesis_michel/server_processing/t0_rootFiles/beam28777_new202602/wvf_applyCut_removeBeam/wvfFind_event32353_trackID19_opNum5.root
[COPY] event=32358, trackID=0, T0=0.431255 -> /Volumes/ssd_zhang/thesis_michel/server_processing/t0_rootFiles/beam28777_new202602/wvf_applyCut_removeBeam/wvfFind_event32358_trackID0_opNum9.root
[COPY] event=3235, trackID=10, T0=-1.27928 -> /Volumes/ssd_zhang/thesis_michel/server_processing/t0_rootFiles/beam28777_new202602/wvf_applyCut_removeBeam/wvfFind_event3235_trackID10_opNum8.root
[COPY] event=32363, trackID=23, T0=-0.476973 -> /Volumes/ssd_zhang/thesis_michel/server_processing/t0_rootFiles/beam28777_new202602/wvf_applyCut_removeBeam/wvfFind_event32363_trackID23_opNum5.root
[COPY] event=3236, trackID=19, T0=-1.45003 -> /Volumes/ssd_zhang/thesis_michel/server_processing/t0_rootFiles/beam28777_new202602/wvf_applyCut_removeBeam/wvfFind_event3236_trackID19_opNum6.root
[COPY] event=32379, trackID=13, T0=-1.96329 -> /Volumes/ssd_zhang/thesis_michel/server_processing/t0_rootFiles/beam28777_new202602/wvf_applyCut_removeBeam/wvfFind_event32379_trackID13_opNum8.root
[COPY] event=32379, trackID=13, T0=-1.96329 -> /Volumes/ssd_zhang/thesis_michel/server_processing/t0_rootFiles/beam28777_new202602/wvf_applyCut_removeBeam/wvfFind_event32379_trackID13_opNum8_2.root
[COPY] event=32395, trackID=2, T0=-1.35181 -> /Volumes/ssd_zhang/thesis_michel/server_processing/t0_rootFiles/beam28777_new202602/wvf_applyCut_removeBeam/wvfFind_event32395_trackID2_opNum8_merged.root
[COPY] event=32404, trackID=2, T0=-0.482148 -> /Volumes/ssd_zhang/thesis_michel/server_processing/t0_rootFiles/beam28777_new202602/wvf_applyCut_removeBeam/wvfFind_event32404_trackID2_opNum8.root
[COPY] event=32404, trackID=2, T0=-0.482148 -> /Volumes/ssd_zhang/thesis_michel/server_processing/t0_rootFiles/beam28777_new202602/wvf_applyCut_removeBeam/wvfFind_event32404_trackID2_opNum8_2.root
[COPY] event=32408, trackID=8, T0=-0.359379 -> /Volumes/ssd_zhang/thesis_michel/server_processing/t0_rootFiles/beam28777_new202602/wvf_applyCut_removeBeam/wvfFind_event32408_trackID8_opNum5.root
[COPY] event=32418, trackID=17, T0=-1.5899 -> /Volumes/ssd_zhang/thesis_michel/server_processing/t0_rootFiles/beam28777_new202602/wvf_applyCut_removeBeam/wvfFind_event32418_trackID17_opNum8_merged.root
[COPY] event=32422, trackID=8, T0=0.0635008 -> /Volumes/ssd_zhang/thesis_michel/server_processing/t0_rootFiles/beam28777_new202602/wvf_applyCut_removeBeam/wvfFind_event32422_trackID8_opNum5.root
[COPY] event=32427, trackID=2, T0=-1.25676 -> /Volumes/ssd_zhang/thesis_michel/server_processing/t0_rootFiles/beam28777_new202602/wvf_applyCut_removeBeam/wvfFind_event32427_trackID2_opNum4.root
[COPY] event=32428, trackID=2, T0=-1.29081 -> /Volumes/ssd_zhang/thesis_michel/server_processing/t0_rootFiles/beam28777_new202602/wvf_applyCut_removeBeam/wvfFind_event32428_trackID2_opNum6.root
[COPY] event=32462, trackID=4, T0=-1.14494 -> /Volumes/ssd_zhang/thesis_michel/server_processing/t0_rootFiles/beam28777_new202602/wvf_applyCut_removeBeam/wvfFind_event32462_trackID4_opNum4.root
[COPY] event=32463, trackID=3, T0=-1.37352 -> /Volumes/ssd_zhang/thesis_michel/server_processing/t0_rootFiles/beam28777_new202602/wvf_applyCut_removeBeam/wvfFind_event32463_trackID3_opNum4.root
[COPY] event=32487, trackID=0, T0=-1.50255 -> /Volumes/ssd_zhang/thesis_michel/server_processing/t0_rootFiles/beam28777_new202602/wvf_applyCut_removeBeam/wvfFind_event32487_trackID0_opNum5_merged.root
[COPY] event=32487, trackID=9, T0=-2.16454 -> /Volumes/ssd_zhang/thesis_michel/server_processing/t0_rootFiles/beam28777_new202602/wvf_applyCut_removeBeam/wvfFind_event32487_trackID9_opNum9.root
[COPY] event=32509, trackID=0, T0=-1.03185 -> /Volumes/ssd_zhang/thesis_michel/server_processing/t0_rootFiles/beam28777_new202602/wvf_applyCut_removeBeam/wvfFind_event32509_trackID0_opNum5.root
[COPY] event=3251, trackID=3, T0=-0.47942 -> /Volumes/ssd_zhang/thesis_michel/server_processing/t0_rootFiles/beam28777_new202602/wvf_applyCut_removeBeam/wvfFind_event3251_trackID3_opNum9.root
[COPY] event=32543, trackID=14, T0=-2.28842 -> /Volumes/ssd_zhang/thesis_michel/server_processing/t0_rootFiles/beam28777_new202602/wvf_applyCut_removeBeam/wvfFind_event32543_trackID14_opNum9.root
[COPY] event=32543, trackID=14, T0=-2.28842 -> /Volumes/ssd_zhang/thesis_michel/server_processing/t0_rootFiles/beam28777_new202602/wvf_applyCut_removeBeam/wvfFind_event32543_trackID14_opNum9_2.root
[COPY] event=32551, trackID=1, T0=-0.728577 -> /Volumes/ssd_zhang/thesis_michel/server_processing/t0_rootFiles/beam28777_new202602/wvf_applyCut_removeBeam/wvfFind_event32551_trackID1_opNum3.root
[COPY] event=32566, trackID=2, T0=-0.912268 -> /Volumes/ssd_zhang/thesis_michel/server_processing/t0_rootFiles/beam28777_new202602/wvf_applyCut_removeBeam/wvfFind_event32566_trackID2_opNum4.root
[COPY] event=32567, trackID=9, T0=-1.89873 -> /Volumes/ssd_zhang/thesis_michel/server_processing/t0_rootFiles/beam28777_new202602/wvf_applyCut_removeBeam/wvfFind_event32567_trackID9_opNum4.root
[COPY] event=32596, trackID=4, T0=0.446966 -> /Volumes/ssd_zhang/thesis_michel/server_processing/t0_rootFiles/beam28777_new202602/wvf_applyCut_removeBeam/wvfFind_event32596_trackID4_opNum6_merged.root
[COPY] event=325, trackID=0, T0=0.323887 -> /Volumes/ssd_zhang/thesis_michel/server_processing/t0_rootFiles/beam28777_new202602/wvf_applyCut_removeBeam/wvfFind_event325_trackID0_opNum4.root
[COPY] event=32627, trackID=22, T0=0.260057 -> /Volumes/ssd_zhang/thesis_michel/server_processing/t0_rootFiles/beam28777_new202602/wvf_applyCut_removeBeam/wvfFind_event32627_trackID22_opNum3.root
[COPY] event=32653, trackID=1, T0=0.193096 -> /Volumes/ssd_zhang/thesis_michel/server_processing/t0_rootFiles/beam28777_new202602/wvf_applyCut_removeBeam/wvfFind_event32653_trackID1_opNum8.root
[COPY] event=32658, trackID=10, T0=-0.124989 -> /Volumes/ssd_zhang/thesis_michel/server_processing/t0_rootFiles/beam28777_new202602/wvf_applyCut_removeBeam/wvfFind_event32658_trackID10_opNum9.root
[COPY] event=32662, trackID=2, T0=0.126914 -> /Volumes/ssd_zhang/thesis_michel/server_processing/t0_rootFiles/beam28777_new202602/wvf_applyCut_removeBeam/wvfFind_event32662_trackID2_opNum9_merged.root
[COPY] event=32689, trackID=30, T0=-2.19778 -> /Volumes/ssd_zhang/thesis_michel/server_processing/t0_rootFiles/beam28777_new202602/wvf_applyCut_removeBeam/wvfFind_event32689_trackID30_opNum9.root
[COPY] event=32689, trackID=30, T0=-2.19778 -> /Volumes/ssd_zhang/thesis_michel/server_processing/t0_rootFiles/beam28777_new202602/wvf_applyCut_removeBeam/wvfFind_event32689_trackID30_opNum9_2.root
[COPY] event=32727, trackID=12, T0=0.0529876 -> /Volumes/ssd_zhang/thesis_michel/server_processing/t0_rootFiles/beam28777_new202602/wvf_applyCut_removeBeam/wvfFind_event32727_trackID12_opNum9.root
[COPY] event=32748, trackID=0, T0=-0.259372 -> /Volumes/ssd_zhang/thesis_michel/server_processing/t0_rootFiles/beam28777_new202602/wvf_applyCut_removeBeam/wvfFind_event32748_trackID0_opNum4.root
[COPY] event=32770, trackID=4, T0=-1.52774 -> /Volumes/ssd_zhang/thesis_michel/server_processing/t0_rootFiles/beam28777_new202602/wvf_applyCut_removeBeam/wvfFind_event32770_trackID4_opNum4.root
[COPY] event=32770, trackID=4, T0=-1.52774 -> /Volumes/ssd_zhang/thesis_michel/server_processing/t0_rootFiles/beam28777_new202602/wvf_applyCut_removeBeam/wvfFind_event32770_trackID4_opNum4_2.root
[COPY] event=32776, trackID=0, T0=-0.29977 -> /Volumes/ssd_zhang/thesis_michel/server_processing/t0_rootFiles/beam28777_new202602/wvf_applyCut_removeBeam/wvfFind_event32776_trackID0_opNum8.root
[COPY] event=32776, trackID=0, T0=-0.29977 -> /Volumes/ssd_zhang/thesis_michel/server_processing/t0_rootFiles/beam28777_new202602/wvf_applyCut_removeBeam/wvfFind_event32776_trackID0_opNum8_2.root
[COPY] event=32794, trackID=5, T0=-0.397655 -> /Volumes/ssd_zhang/thesis_michel/server_processing/t0_rootFiles/beam28777_new202602/wvf_applyCut_removeBeam/wvfFind_event32794_trackID5_opNum5.root
[COPY] event=32794, trackID=5, T0=-0.397655 -> /Volumes/ssd_zhang/thesis_michel/server_processing/t0_rootFiles/beam28777_new202602/wvf_applyCut_removeBeam/wvfFind_event32794_trackID5_opNum5_2.root
[COPY] event=32835, trackID=16, T0=-2.21577 -> /Volumes/ssd_zhang/thesis_michel/server_processing/t0_rootFiles/beam28777_new202602/wvf_applyCut_removeBeam/wvfFind_event32835_trackID16_opNum9.root
[COPY] event=32835, trackID=16, T0=-2.21577 -> /Volumes/ssd_zhang/thesis_michel/server_processing/t0_rootFiles/beam28777_new202602/wvf_applyCut_removeBeam/wvfFind_event32835_trackID16_opNum9_2.root
[COPY] event=32872, trackID=0, T0=0.161692 -> /Volumes/ssd_zhang/thesis_michel/server_processing/t0_rootFiles/beam28777_new202602/wvf_applyCut_removeBeam/wvfFind_event32872_trackID0_opNum4.root
[COPY] event=32872, trackID=0, T0=0.161692 -> /Volumes/ssd_zhang/thesis_michel/server_processing/t0_rootFiles/beam28777_new202602/wvf_applyCut_removeBeam/wvfFind_event32872_trackID0_opNum4_2.root
[COPY] event=3287, trackID=2, T0=-0.159683 -> /Volumes/ssd_zhang/thesis_michel/server_processing/t0_rootFiles/beam28777_new202602/wvf_applyCut_removeBeam/wvfFind_event3287_trackID2_opNum4.root
[COPY] event=32881, trackID=46, T0=-0.459861 -> /Volumes/ssd_zhang/thesis_michel/server_processing/t0_rootFiles/beam28777_new202602/wvf_applyCut_removeBeam/wvfFind_event32881_trackID46_opNum9.root
[COPY] event=32902, trackID=8, T0=0.216767 -> /Volumes/ssd_zhang/thesis_michel/server_processing/t0_rootFiles/beam28777_new202602/wvf_applyCut_removeBeam/wvfFind_event32902_trackID8_opNum9.root
[COPY] event=32915, trackID=8, T0=-1.39922 -> /Volumes/ssd_zhang/thesis_michel/server_processing/t0_rootFiles/beam28777_new202602/wvf_applyCut_removeBeam/wvfFind_event32915_trackID8_opNum5.root
[COPY] event=32956, trackID=10, T0=-0.154161 -> /Volumes/ssd_zhang/thesis_michel/server_processing/t0_rootFiles/beam28777_new202602/wvf_applyCut_removeBeam/wvfFind_event32956_trackID10_opNum5_merged.root
[COPY] event=32982, trackID=11, T0=-0.248277 -> /Volumes/ssd_zhang/thesis_michel/server_processing/t0_rootFiles/beam28777_new202602/wvf_applyCut_removeBeam/wvfFind_event32982_trackID11_opNum8.root
[COPY] event=3299, trackID=0, T0=-0.698306 -> /Volumes/ssd_zhang/thesis_michel/server_processing/t0_rootFiles/beam28777_new202602/wvf_applyCut_removeBeam/wvfFind_event3299_trackID0_opNum6.root
[COPY] event=329, trackID=3, T0=-1.63207 -> /Volumes/ssd_zhang/thesis_michel/server_processing/t0_rootFiles/beam28777_new202602/wvf_applyCut_removeBeam/wvfFind_event329_trackID3_opNum4.root
[COPY] event=33024, trackID=7, T0=-0.287789 -> /Volumes/ssd_zhang/thesis_michel/server_processing/t0_rootFiles/beam28777_new202602/wvf_applyCut_removeBeam/wvfFind_event33024_trackID7_opNum4.root
[COPY] event=33029, trackID=36, T0=0.203084 -> /Volumes/ssd_zhang/thesis_michel/server_processing/t0_rootFiles/beam28777_new202602/wvf_applyCut_removeBeam/wvfFind_event33029_trackID36_opNum8.root
[COPY] event=33030, trackID=23, T0=-2.16763 -> /Volumes/ssd_zhang/thesis_michel/server_processing/t0_rootFiles/beam28777_new202602/wvf_applyCut_removeBeam/wvfFind_event33030_trackID23_opNum9.root
[COPY] event=33040, trackID=17, T0=-2.31575 -> /Volumes/ssd_zhang/thesis_michel/server_processing/t0_rootFiles/beam28777_new202602/wvf_applyCut_removeBeam/wvfFind_event33040_trackID17_opNum6.root
[COPY] event=33068, trackID=4, T0=-1.10398 -> /Volumes/ssd_zhang/thesis_michel/server_processing/t0_rootFiles/beam28777_new202602/wvf_applyCut_removeBeam/wvfFind_event33068_trackID4_opNum5.root
[COPY] event=33072, trackID=5, T0=-1.40824 -> /Volumes/ssd_zhang/thesis_michel/server_processing/t0_rootFiles/beam28777_new202602/wvf_applyCut_removeBeam/wvfFind_event33072_trackID5_opNum8_merged.root
[COPY] event=33082, trackID=9, T0=-0.523443 -> /Volumes/ssd_zhang/thesis_michel/server_processing/t0_rootFiles/beam28777_new202602/wvf_applyCut_removeBeam/wvfFind_event33082_trackID9_opNum9.root
[COPY] event=33089, trackID=6, T0=-0.513014 -> /Volumes/ssd_zhang/thesis_michel/server_processing/t0_rootFiles/beam28777_new202602/wvf_applyCut_removeBeam/wvfFind_event33089_trackID6_opNum5.root
[COPY] event=3308, trackID=7, T0=0.316752 -> /Volumes/ssd_zhang/thesis_michel/server_processing/t0_rootFiles/beam28777_new202602/wvf_applyCut_removeBeam/wvfFind_event3308_trackID7_opNum3_merged.root
[COPY] event=33096, trackID=10, T0=-0.011689 -> /Volumes/ssd_zhang/thesis_michel/server_processing/t0_rootFiles/beam28777_new202602/wvf_applyCut_removeBeam/wvfFind_event33096_trackID10_opNum9.root
[COPY] event=3309, trackID=16, T0=1.07733 -> /Volumes/ssd_zhang/thesis_michel/server_processing/t0_rootFiles/beam28777_new202602/wvf_applyCut_removeBeam/wvfFind_event3309_trackID16_opNum9.root
[COPY] event=33105, trackID=42, T0=0.0189604 -> /Volumes/ssd_zhang/thesis_michel/server_processing/t0_rootFiles/beam28777_new202602/wvf_applyCut_removeBeam/wvfFind_event33105_trackID42_opNum9.root
[COPY] event=33105, trackID=42, T0=0.0189604 -> /Volumes/ssd_zhang/thesis_michel/server_processing/t0_rootFiles/beam28777_new202602/wvf_applyCut_removeBeam/wvfFind_event33105_trackID42_opNum9_2.root
[COPY] event=33115, trackID=3, T0=-0.891418 -> /Volumes/ssd_zhang/thesis_michel/server_processing/t0_rootFiles/beam28777_new202602/wvf_applyCut_removeBeam/wvfFind_event33115_trackID3_opNum4.root
[COPY] event=33115, trackID=3, T0=-0.891418 -> /Volumes/ssd_zhang/thesis_michel/server_processing/t0_rootFiles/beam28777_new202602/wvf_applyCut_removeBeam/wvfFind_event33115_trackID3_opNum4_2.root
[COPY] event=33116, trackID=7, T0=-1.95156 -> /Volumes/ssd_zhang/thesis_michel/server_processing/t0_rootFiles/beam28777_new202602/wvf_applyCut_removeBeam/wvfFind_event33116_trackID7_opNum5.root
[COPY] event=33131, trackID=17, T0=-0.152083 -> /Volumes/ssd_zhang/thesis_michel/server_processing/t0_rootFiles/beam28777_new202602/wvf_applyCut_removeBeam/wvfFind_event33131_trackID17_opNum9.root
[COPY] event=33137, trackID=2, T0=-0.227636 -> /Volumes/ssd_zhang/thesis_michel/server_processing/t0_rootFiles/beam28777_new202602/wvf_applyCut_removeBeam/wvfFind_event33137_trackID2_opNum3.root
[COPY] event=33145, trackID=19, T0=-2.31849 -> /Volumes/ssd_zhang/thesis_michel/server_processing/t0_rootFiles/beam28777_new202602/wvf_applyCut_removeBeam/wvfFind_event33145_trackID19_opNum9.root
[COPY] event=33145, trackID=19, T0=-2.31849 -> /Volumes/ssd_zhang/thesis_michel/server_processing/t0_rootFiles/beam28777_new202602/wvf_applyCut_removeBeam/wvfFind_event33145_trackID19_opNum9_2.root
[COPY] event=33151, trackID=17, T0=-2.15827 -> /Volumes/ssd_zhang/thesis_michel/server_processing/t0_rootFiles/beam28777_new202602/wvf_applyCut_removeBeam/wvfFind_event33151_trackID17_opNum3.root
[COPY] event=33157, trackID=15, T0=-0.586139 -> /Volumes/ssd_zhang/thesis_michel/server_processing/t0_rootFiles/beam28777_new202602/wvf_applyCut_removeBeam/wvfFind_event33157_trackID15_opNum8.root
[COPY] event=33173, trackID=2, T0=0.450392 -> /Volumes/ssd_zhang/thesis_michel/server_processing/t0_rootFiles/beam28777_new202602/wvf_applyCut_removeBeam/wvfFind_event33173_trackID2_opNum9.root
[COPY] event=33198, trackID=6, T0=0.414215 -> /Volumes/ssd_zhang/thesis_michel/server_processing/t0_rootFiles/beam28777_new202602/wvf_applyCut_removeBeam/wvfFind_event33198_trackID6_opNum6.root
[COPY] event=33215, trackID=11, T0=-0.672852 -> /Volumes/ssd_zhang/thesis_michel/server_processing/t0_rootFiles/beam28777_new202602/wvf_applyCut_removeBeam/wvfFind_event33215_trackID11_opNum5.root
[COPY] event=33226, trackID=21, T0=-2.12905 -> /Volumes/ssd_zhang/thesis_michel/server_processing/t0_rootFiles/beam28777_new202602/wvf_applyCut_removeBeam/wvfFind_event33226_trackID21_opNum9.root
[COPY] event=33240, trackID=9, T0=-1.23788 -> /Volumes/ssd_zhang/thesis_michel/server_processing/t0_rootFiles/beam28777_new202602/wvf_applyCut_removeBeam/wvfFind_event33240_trackID9_opNum7.root
[COPY] event=33282, trackID=1, T0=-1.38 -> /Volumes/ssd_zhang/thesis_michel/server_processing/t0_rootFiles/beam28777_new202602/wvf_applyCut_removeBeam/wvfFind_event33282_trackID1_opNum3.root
[COPY] event=33318, trackID=8, T0=0.415898 -> /Volumes/ssd_zhang/thesis_michel/server_processing/t0_rootFiles/beam28777_new202602/wvf_applyCut_removeBeam/wvfFind_event33318_trackID8_opNum5.root
[COPY] event=33321, trackID=10, T0=-1.09479 -> /Volumes/ssd_zhang/thesis_michel/server_processing/t0_rootFiles/beam28777_new202602/wvf_applyCut_removeBeam/wvfFind_event33321_trackID10_opNum9.root
[COPY] event=33321, trackID=10, T0=-1.09479 -> /Volumes/ssd_zhang/thesis_michel/server_processing/t0_rootFiles/beam28777_new202602/wvf_applyCut_removeBeam/wvfFind_event33321_trackID10_opNum9_2.root
[COPY] event=33330, trackID=3, T0=-0.468698 -> /Volumes/ssd_zhang/thesis_michel/server_processing/t0_rootFiles/beam28777_new202602/wvf_applyCut_removeBeam/wvfFind_event33330_trackID3_opNum5.root
[COPY] event=33330, trackID=3, T0=-0.468698 -> /Volumes/ssd_zhang/thesis_michel/server_processing/t0_rootFiles/beam28777_new202602/wvf_applyCut_removeBeam/wvfFind_event33330_trackID3_opNum5_2.root
[COPY] event=33353, trackID=18, T0=-2.20904 -> /Volumes/ssd_zhang/thesis_michel/server_processing/t0_rootFiles/beam28777_new202602/wvf_applyCut_removeBeam/wvfFind_event33353_trackID18_opNum9.root
[COPY] event=33363, trackID=26, T0=0.401319 -> /Volumes/ssd_zhang/thesis_michel/server_processing/t0_rootFiles/beam28777_new202602/wvf_applyCut_removeBeam/wvfFind_event33363_trackID26_opNum9.root
[COPY] event=33370, trackID=21, T0=-2.31951 -> /Volumes/ssd_zhang/thesis_michel/server_processing/t0_rootFiles/beam28777_new202602/wvf_applyCut_removeBeam/wvfFind_event33370_trackID21_opNum9.root
[COPY] event=33370, trackID=21, T0=-2.31951 -> /Volumes/ssd_zhang/thesis_michel/server_processing/t0_rootFiles/beam28777_new202602/wvf_applyCut_removeBeam/wvfFind_event33370_trackID21_opNum9_2.root
[COPY] event=3339, trackID=4, T0=0.231275 -> /Volumes/ssd_zhang/thesis_michel/server_processing/t0_rootFiles/beam28777_new202602/wvf_applyCut_removeBeam/wvfFind_event3339_trackID4_opNum8_merged.root
[COPY] event=33418, trackID=10, T0=2.21721 -> /Volumes/ssd_zhang/thesis_michel/server_processing/t0_rootFiles/beam28777_new202602/wvf_applyCut_removeBeam/wvfFind_event33418_trackID10_opNum4.root
[COPY] event=33436, trackID=1, T0=-0.321075 -> /Volumes/ssd_zhang/thesis_michel/server_processing/t0_rootFiles/beam28777_new202602/wvf_applyCut_removeBeam/wvfFind_event33436_trackID1_opNum8.root
[COPY] event=33445, trackID=6, T0=0.353702 -> /Volumes/ssd_zhang/thesis_michel/server_processing/t0_rootFiles/beam28777_new202602/wvf_applyCut_removeBeam/wvfFind_event33445_trackID6_opNum9.root
[COPY] event=33447, trackID=5, T0=-0.424643 -> /Volumes/ssd_zhang/thesis_michel/server_processing/t0_rootFiles/beam28777_new202602/wvf_applyCut_removeBeam/wvfFind_event33447_trackID5_opNum8.root
[COPY] event=33456, trackID=20, T0=-2.11106 -> /Volumes/ssd_zhang/thesis_michel/server_processing/t0_rootFiles/beam28777_new202602/wvf_applyCut_removeBeam/wvfFind_event33456_trackID20_opNum9.root
[COPY] event=33456, trackID=20, T0=-2.11106 -> /Volumes/ssd_zhang/thesis_michel/server_processing/t0_rootFiles/beam28777_new202602/wvf_applyCut_removeBeam/wvfFind_event33456_trackID20_opNum9_2.root
[COPY] event=33459, trackID=16, T0=-1.73123 -> /Volumes/ssd_zhang/thesis_michel/server_processing/t0_rootFiles/beam28777_new202602/wvf_applyCut_removeBeam/wvfFind_event33459_trackID16_opNum9.root
[COPY] event=3345, trackID=2, T0=0.292024 -> /Volumes/ssd_zhang/thesis_michel/server_processing/t0_rootFiles/beam28777_new202602/wvf_applyCut_removeBeam/wvfFind_event3345_trackID2_opNum9.root
[COPY] event=33461, trackID=2, T0=-1.8182 -> /Volumes/ssd_zhang/thesis_michel/server_processing/t0_rootFiles/beam28777_new202602/wvf_applyCut_removeBeam/wvfFind_event33461_trackID2_opNum4.root
[COPY] event=33471, trackID=5, T0=-1.62939 -> /Volumes/ssd_zhang/thesis_michel/server_processing/t0_rootFiles/beam28777_new202602/wvf_applyCut_removeBeam/wvfFind_event33471_trackID5_opNum9.root
[COPY] event=33479, trackID=13, T0=-0.284894 -> /Volumes/ssd_zhang/thesis_michel/server_processing/t0_rootFiles/beam28777_new202602/wvf_applyCut_removeBeam/wvfFind_event33479_trackID13_opNum5.root
[COPY] event=33487, trackID=10, T0=-2.18689 -> /Volumes/ssd_zhang/thesis_michel/server_processing/t0_rootFiles/beam28777_new202602/wvf_applyCut_removeBeam/wvfFind_event33487_trackID10_opNum7.root
[COPY] event=33487, trackID=8, T0=0.3786 -> /Volumes/ssd_zhang/thesis_michel/server_processing/t0_rootFiles/beam28777_new202602/wvf_applyCut_removeBeam/wvfFind_event33487_trackID8_opNum9.root
[COPY] event=33495, trackID=7, T0=-1.23659 -> /Volumes/ssd_zhang/thesis_michel/server_processing/t0_rootFiles/beam28777_new202602/wvf_applyCut_removeBeam/wvfFind_event33495_trackID7_opNum4.root
[SKIP] (in range) event=33499, trackID=1, T0=-0.0900059
[COPY] event=33510, trackID=25, T0=-2.34948 -> /Volumes/ssd_zhang/thesis_michel/server_processing/t0_rootFiles/beam28777_new202602/wvf_applyCut_removeBeam/wvfFind_event33510_trackID25_opNum9.root
[COPY] event=33515, trackID=7, T0=-0.805952 -> /Volumes/ssd_zhang/thesis_michel/server_processing/t0_rootFiles/beam28777_new202602/wvf_applyCut_removeBeam/wvfFind_event33515_trackID7_opNum5.root
[COPY] event=33515, trackID=7, T0=-0.805952 -> /Volumes/ssd_zhang/thesis_michel/server_processing/t0_rootFiles/beam28777_new202602/wvf_applyCut_removeBeam/wvfFind_event33515_trackID7_opNum5_2.root
[COPY] event=33515, trackID=7, T0=-0.805952 -> /Volumes/ssd_zhang/thesis_michel/server_processing/t0_rootFiles/beam28777_new202602/wvf_applyCut_removeBeam/wvfFind_event33515_trackID7_opNum5_3.root
[SKIP] (in range) event=33517, trackID=12, T0=-0.0697677
[COPY] event=33517, trackID=17, T0=-0.459061 -> /Volumes/ssd_zhang/thesis_michel/server_processing/t0_rootFiles/beam28777_new202602/wvf_applyCut_removeBeam/wvfFind_event33517_trackID17_opNum9.root
[COPY] event=33528, trackID=19, T0=-2.40936 -> /Volumes/ssd_zhang/thesis_michel/server_processing/t0_rootFiles/beam28777_new202602/wvf_applyCut_removeBeam/wvfFind_event33528_trackID19_opNum3.root
[COPY] event=33528, trackID=19, T0=-2.40936 -> /Volumes/ssd_zhang/thesis_michel/server_processing/t0_rootFiles/beam28777_new202602/wvf_applyCut_removeBeam/wvfFind_event33528_trackID19_opNum3_2.root
[COPY] event=33562, trackID=2, T0=0.308548 -> /Volumes/ssd_zhang/thesis_michel/server_processing/t0_rootFiles/beam28777_new202602/wvf_applyCut_removeBeam/wvfFind_event33562_trackID2_opNum5.root
[COPY] event=33588, trackID=16, T0=-2.10908 -> /Volumes/ssd_zhang/thesis_michel/server_processing/t0_rootFiles/beam28777_new202602/wvf_applyCut_removeBeam/wvfFind_event33588_trackID16_opNum5.root
[COPY] event=33588, trackID=16, T0=-2.10908 -> /Volumes/ssd_zhang/thesis_michel/server_processing/t0_rootFiles/beam28777_new202602/wvf_applyCut_removeBeam/wvfFind_event33588_trackID16_opNum5_2.root
[COPY] event=33598, trackID=11, T0=-2.15999 -> /Volumes/ssd_zhang/thesis_michel/server_processing/t0_rootFiles/beam28777_new202602/wvf_applyCut_removeBeam/wvfFind_event33598_trackID11_opNum8.root
[COPY] event=33612, trackID=5, T0=-0.770642 -> /Volumes/ssd_zhang/thesis_michel/server_processing/t0_rootFiles/beam28777_new202602/wvf_applyCut_removeBeam/wvfFind_event33612_trackID5_opNum9.root
[COPY] event=33612, trackID=7, T0=-1.48431 -> /Volumes/ssd_zhang/thesis_michel/server_processing/t0_rootFiles/beam28777_new202602/wvf_applyCut_removeBeam/wvfFind_event33612_trackID7_opNum9.root
[COPY] event=33613, trackID=8, T0=-1.62131 -> /Volumes/ssd_zhang/thesis_michel/server_processing/t0_rootFiles/beam28777_new202602/wvf_applyCut_removeBeam/wvfFind_event33613_trackID8_opNum4.root
[COPY] event=33616, trackID=16, T0=-2.36013 -> /Volumes/ssd_zhang/thesis_michel/server_processing/t0_rootFiles/beam28777_new202602/wvf_applyCut_removeBeam/wvfFind_event33616_trackID16_opNum9.root
[COPY] event=33622, trackID=10, T0=0.0464785 -> /Volumes/ssd_zhang/thesis_michel/server_processing/t0_rootFiles/beam28777_new202602/wvf_applyCut_removeBeam/wvfFind_event33622_trackID10_opNum8.root
[COPY] event=33629, trackID=1, T0=0.0720183 -> /Volumes/ssd_zhang/thesis_michel/server_processing/t0_rootFiles/beam28777_new202602/wvf_applyCut_removeBeam/wvfFind_event33629_trackID1_opNum5.root
[COPY] event=3363, trackID=30, T0=-2.40523 -> /Volumes/ssd_zhang/thesis_michel/server_processing/t0_rootFiles/beam28777_new202602/wvf_applyCut_removeBeam/wvfFind_event3363_trackID30_opNum3.root
[COPY] event=3363, trackID=30, T0=-2.40523 -> /Volumes/ssd_zhang/thesis_michel/server_processing/t0_rootFiles/beam28777_new202602/wvf_applyCut_removeBeam/wvfFind_event3363_trackID30_opNum3_2.root
[COPY] event=33640, trackID=30, T0=-2.30561 -> /Volumes/ssd_zhang/thesis_michel/server_processing/t0_rootFiles/beam28777_new202602/wvf_applyCut_removeBeam/wvfFind_event33640_trackID30_opNum6.root
[COPY] event=33659, trackID=5, T0=0.151911 -> /Volumes/ssd_zhang/thesis_michel/server_processing/t0_rootFiles/beam28777_new202602/wvf_applyCut_removeBeam/wvfFind_event33659_trackID5_opNum5.root
[COPY] event=33669, trackID=15, T0=-1.02862 -> /Volumes/ssd_zhang/thesis_michel/server_processing/t0_rootFiles/beam28777_new202602/wvf_applyCut_removeBeam/wvfFind_event33669_trackID15_opNum9.root
[COPY] event=33709, trackID=9, T0=-2.06009 -> /Volumes/ssd_zhang/thesis_michel/server_processing/t0_rootFiles/beam28777_new202602/wvf_applyCut_removeBeam/wvfFind_event33709_trackID9_opNum4_merged.root
[COPY] event=33710, trackID=8, T0=-0.619629 -> /Volumes/ssd_zhang/thesis_michel/server_processing/t0_rootFiles/beam28777_new202602/wvf_applyCut_removeBeam/wvfFind_event33710_trackID8_opNum9.root
[COPY] event=33736, trackID=0, T0=0.0528684 -> /Volumes/ssd_zhang/thesis_michel/server_processing/t0_rootFiles/beam28777_new202602/wvf_applyCut_removeBeam/wvfFind_event33736_trackID0_opNum9.root
[COPY] event=33744, trackID=9, T0=-0.461627 -> /Volumes/ssd_zhang/thesis_michel/server_processing/t0_rootFiles/beam28777_new202602/wvf_applyCut_removeBeam/wvfFind_event33744_trackID9_opNum9.root
[COPY] event=33745, trackID=7, T0=-0.632528 -> /Volumes/ssd_zhang/thesis_michel/server_processing/t0_rootFiles/beam28777_new202602/wvf_applyCut_removeBeam/wvfFind_event33745_trackID7_opNum9.root
[COPY] event=33762, trackID=11, T0=-1.78071 -> /Volumes/ssd_zhang/thesis_michel/server_processing/t0_rootFiles/beam28777_new202602/wvf_applyCut_removeBeam/wvfFind_event33762_trackID11_opNum4.root
[COPY] event=33762, trackID=11, T0=-1.78071 -> /Volumes/ssd_zhang/thesis_michel/server_processing/t0_rootFiles/beam28777_new202602/wvf_applyCut_removeBeam/wvfFind_event33762_trackID11_opNum4_2.root
[COPY] event=33773, trackID=5, T0=-1.73895 -> /Volumes/ssd_zhang/thesis_michel/server_processing/t0_rootFiles/beam28777_new202602/wvf_applyCut_removeBeam/wvfFind_event33773_trackID5_opNum4.root
[COPY] event=33773, trackID=5, T0=-1.73895 -> /Volumes/ssd_zhang/thesis_michel/server_processing/t0_rootFiles/beam28777_new202602/wvf_applyCut_removeBeam/wvfFind_event33773_trackID5_opNum4_2.root
[COPY] event=33790, trackID=4, T0=0.43821 -> /Volumes/ssd_zhang/thesis_michel/server_processing/t0_rootFiles/beam28777_new202602/wvf_applyCut_removeBeam/wvfFind_event33790_trackID4_opNum9.root
[COPY] event=33798, trackID=4, T0=-0.778485 -> /Volumes/ssd_zhang/thesis_michel/server_processing/t0_rootFiles/beam28777_new202602/wvf_applyCut_removeBeam/wvfFind_event33798_trackID4_opNum4_merged.root
[COPY] event=33800, trackID=8, T0=-1.30042 -> /Volumes/ssd_zhang/thesis_michel/server_processing/t0_rootFiles/beam28777_new202602/wvf_applyCut_removeBeam/wvfFind_event33800_trackID8_opNum8.root
[COPY] event=33823, trackID=6, T0=0.205497 -> /Volumes/ssd_zhang/thesis_michel/server_processing/t0_rootFiles/beam28777_new202602/wvf_applyCut_removeBeam/wvfFind_event33823_trackID6_opNum3.root
[COPY] event=33825, trackID=22, T0=-1.11323 -> /Volumes/ssd_zhang/thesis_michel/server_processing/t0_rootFiles/beam28777_new202602/wvf_applyCut_removeBeam/wvfFind_event33825_trackID22_opNum7.root
[COPY] event=33825, trackID=35, T0=-0.00336429 -> /Volumes/ssd_zhang/thesis_michel/server_processing/t0_rootFiles/beam28777_new202602/wvf_applyCut_removeBeam/wvfFind_event33825_trackID35_opNum4.root
[COPY] event=33864, trackID=13, T0=-0.732095 -> /Volumes/ssd_zhang/thesis_michel/server_processing/t0_rootFiles/beam28777_new202602/wvf_applyCut_removeBeam/wvfFind_event33864_trackID13_opNum6.root
[COPY] event=33884, trackID=8, T0=-0.378096 -> /Volumes/ssd_zhang/thesis_michel/server_processing/t0_rootFiles/beam28777_new202602/wvf_applyCut_removeBeam/wvfFind_event33884_trackID8_opNum9.root
[COPY] event=33884, trackID=8, T0=-0.378096 -> /Volumes/ssd_zhang/thesis_michel/server_processing/t0_rootFiles/beam28777_new202602/wvf_applyCut_removeBeam/wvfFind_event33884_trackID8_opNum9_2.root
[COPY] event=33891, trackID=4, T0=0.0197985 -> /Volumes/ssd_zhang/thesis_michel/server_processing/t0_rootFiles/beam28777_new202602/wvf_applyCut_removeBeam/wvfFind_event33891_trackID4_opNum6.root
[SKIP] (in range) event=33892, trackID=6, T0=-0.0935563
[COPY] event=33918, trackID=15, T0=-0.669965 -> /Volumes/ssd_zhang/thesis_michel/server_processing/t0_rootFiles/beam28777_new202602/wvf_applyCut_removeBeam/wvfFind_event33918_trackID15_opNum7_merged.root
[COPY] event=33918, trackID=17, T0=-1.74253 -> /Volumes/ssd_zhang/thesis_michel/server_processing/t0_rootFiles/beam28777_new202602/wvf_applyCut_removeBeam/wvfFind_event33918_trackID17_opNum9.root
[COPY] event=33922, trackID=0, T0=-0.471754 -> /Volumes/ssd_zhang/thesis_michel/server_processing/t0_rootFiles/beam28777_new202602/wvf_applyCut_removeBeam/wvfFind_event33922_trackID0_opNum7_merged.root
[COPY] event=33929, trackID=17, T0=0.0596238 -> /Volumes/ssd_zhang/thesis_michel/server_processing/t0_rootFiles/beam28777_new202602/wvf_applyCut_removeBeam/wvfFind_event33929_trackID17_opNum7.root
[COPY] event=33935, trackID=1, T0=-2.26474 -> /Volumes/ssd_zhang/thesis_michel/server_processing/t0_rootFiles/beam28777_new202602/wvf_applyCut_removeBeam/wvfFind_event33935_trackID1_opNum7.root
[COPY] event=33946, trackID=7, T0=-1.45098 -> /Volumes/ssd_zhang/thesis_michel/server_processing/t0_rootFiles/beam28777_new202602/wvf_applyCut_removeBeam/wvfFind_event33946_trackID7_opNum4_merged.root
[COPY] event=33968, trackID=8, T0=-0.700456 -> /Volumes/ssd_zhang/thesis_michel/server_processing/t0_rootFiles/beam28777_new202602/wvf_applyCut_removeBeam/wvfFind_event33968_trackID8_opNum6_2.root
[COPY] event=33968, trackID=8, T0=-0.700456 -> /Volumes/ssd_zhang/thesis_michel/server_processing/t0_rootFiles/beam28777_new202602/wvf_applyCut_removeBeam/wvfFind_event33968_trackID8_opNum9_merged.root
[SKIP] (in range) event=33976, trackID=13, T0=-0.0383209
[COPY] event=33983, trackID=7, T0=-1.837 -> /Volumes/ssd_zhang/thesis_michel/server_processing/t0_rootFiles/beam28777_new202602/wvf_applyCut_removeBeam/wvfFind_event33983_trackID7_opNum3.root
[COPY] event=34004, trackID=14, T0=-2.04488 -> /Volumes/ssd_zhang/thesis_michel/server_processing/t0_rootFiles/beam28777_new202602/wvf_applyCut_removeBeam/wvfFind_event34004_trackID14_opNum8.root
[COPY] event=34022, trackID=0, T0=0.034885 -> /Volumes/ssd_zhang/thesis_michel/server_processing/t0_rootFiles/beam28777_new202602/wvf_applyCut_removeBeam/wvfFind_event34022_trackID0_opNum9.root
[COPY] event=34026, trackID=4, T0=-1.24978 -> /Volumes/ssd_zhang/thesis_michel/server_processing/t0_rootFiles/beam28777_new202602/wvf_applyCut_removeBeam/wvfFind_event34026_trackID4_opNum4.root
[COPY] event=34026, trackID=4, T0=-1.24978 -> /Volumes/ssd_zhang/thesis_michel/server_processing/t0_rootFiles/beam28777_new202602/wvf_applyCut_removeBeam/wvfFind_event34026_trackID4_opNum4_2.root
[COPY] event=34029, trackID=26, T0=-1.36901 -> /Volumes/ssd_zhang/thesis_michel/server_processing/t0_rootFiles/beam28777_new202602/wvf_applyCut_removeBeam/wvfFind_event34029_trackID26_opNum6.root
[COPY] event=34029, trackID=26, T0=-1.36901 -> /Volumes/ssd_zhang/thesis_michel/server_processing/t0_rootFiles/beam28777_new202602/wvf_applyCut_removeBeam/wvfFind_event34029_trackID26_opNum6_2.root
[COPY] event=34034, trackID=14, T0=-2.35361 -> /Volumes/ssd_zhang/thesis_michel/server_processing/t0_rootFiles/beam28777_new202602/wvf_applyCut_removeBeam/wvfFind_event34034_trackID14_opNum6_merged.root
[COPY] event=34035, trackID=21, T0=-2.02268 -> /Volumes/ssd_zhang/thesis_michel/server_processing/t0_rootFiles/beam28777_new202602/wvf_applyCut_removeBeam/wvfFind_event34035_trackID21_opNum6_merged.root
[COPY] event=34049, trackID=2, T0=0.0988309 -> /Volumes/ssd_zhang/thesis_michel/server_processing/t0_rootFiles/beam28777_new202602/wvf_applyCut_removeBeam/wvfFind_event34049_trackID2_opNum9.root
[COPY] event=34051, trackID=1, T0=0.0287656 -> /Volumes/ssd_zhang/thesis_michel/server_processing/t0_rootFiles/beam28777_new202602/wvf_applyCut_removeBeam/wvfFind_event34051_trackID1_opNum3.root
[COPY] event=34070, trackID=6, T0=-0.0227034 -> /Volumes/ssd_zhang/thesis_michel/server_processing/t0_rootFiles/beam28777_new202602/wvf_applyCut_removeBeam/wvfFind_event34070_trackID6_opNum8.root
[COPY] event=34071, trackID=10, T0=-1.60469 -> /Volumes/ssd_zhang/thesis_michel/server_processing/t0_rootFiles/beam28777_new202602/wvf_applyCut_removeBeam/wvfFind_event34071_trackID10_opNum8.root
[COPY] event=34105, trackID=5, T0=-2.14828 -> /Volumes/ssd_zhang/thesis_michel/server_processing/t0_rootFiles/beam28777_new202602/wvf_applyCut_removeBeam/wvfFind_event34105_trackID5_opNum9.root
[COPY] event=34116, trackID=12, T0=-1.71204 -> /Volumes/ssd_zhang/thesis_michel/server_processing/t0_rootFiles/beam28777_new202602/wvf_applyCut_removeBeam/wvfFind_event34116_trackID12_opNum8.root
[COPY] event=34119, trackID=5, T0=-1.26851 -> /Volumes/ssd_zhang/thesis_michel/server_processing/t0_rootFiles/beam28777_new202602/wvf_applyCut_removeBeam/wvfFind_event34119_trackID5_opNum3.root
[COPY] event=34134, trackID=9, T0=-1.04982 -> /Volumes/ssd_zhang/thesis_michel/server_processing/t0_rootFiles/beam28777_new202602/wvf_applyCut_removeBeam/wvfFind_event34134_trackID9_opNum5.root
[COPY] event=34187, trackID=7, T0=-1.37421 -> /Volumes/ssd_zhang/thesis_michel/server_processing/t0_rootFiles/beam28777_new202602/wvf_applyCut_removeBeam/wvfFind_event34187_trackID7_opNum7.root
[COPY] event=34196, trackID=19, T0=1.89848 -> /Volumes/ssd_zhang/thesis_michel/server_processing/t0_rootFiles/beam28777_new202602/wvf_applyCut_removeBeam/wvfFind_event34196_trackID19_opNum5.root
[SKIP] (in range) event=3421, trackID=12, T0=-0.0306152
[COPY] event=34270, trackID=11, T0=-2.21658 -> /Volumes/ssd_zhang/thesis_michel/server_processing/t0_rootFiles/beam28777_new202602/wvf_applyCut_removeBeam/wvfFind_event34270_trackID11_opNum8.root
[COPY] event=34276, trackID=12, T0=-0.162808 -> /Volumes/ssd_zhang/thesis_michel/server_processing/t0_rootFiles/beam28777_new202602/wvf_applyCut_removeBeam/wvfFind_event34276_trackID12_opNum9.root
[COPY] event=34295, trackID=0, T0=-0.667525 -> /Volumes/ssd_zhang/thesis_michel/server_processing/t0_rootFiles/beam28777_new202602/wvf_applyCut_removeBeam/wvfFind_event34295_trackID0_opNum4.root
[COPY] event=34345, trackID=8, T0=-2.30844 -> /Volumes/ssd_zhang/thesis_michel/server_processing/t0_rootFiles/beam28777_new202602/wvf_applyCut_removeBeam/wvfFind_event34345_trackID8_opNum8.root
[COPY] event=34384, trackID=12, T0=-2.00884 -> /Volumes/ssd_zhang/thesis_michel/server_processing/t0_rootFiles/beam28777_new202602/wvf_applyCut_removeBeam/wvfFind_event34384_trackID12_opNum5.root
[COPY] event=34384, trackID=19, T0=-2.43896 -> /Volumes/ssd_zhang/thesis_michel/server_processing/t0_rootFiles/beam28777_new202602/wvf_applyCut_removeBeam/wvfFind_event34384_trackID19_opNum6.root
[COPY] event=34387, trackID=3, T0=-0.345512 -> /Volumes/ssd_zhang/thesis_michel/server_processing/t0_rootFiles/beam28777_new202602/wvf_applyCut_removeBeam/wvfFind_event34387_trackID3_opNum4.root
[COPY] event=34397, trackID=23, T0=-2.06822 -> /Volumes/ssd_zhang/thesis_michel/server_processing/t0_rootFiles/beam28777_new202602/wvf_applyCut_removeBeam/wvfFind_event34397_trackID23_opNum4.root
[COPY] event=34397, trackID=23, T0=-2.06822 -> /Volumes/ssd_zhang/thesis_michel/server_processing/t0_rootFiles/beam28777_new202602/wvf_applyCut_removeBeam/wvfFind_event34397_trackID23_opNum4_2.root
[COPY] event=34401, trackID=10, T0=-1.66564 -> /Volumes/ssd_zhang/thesis_michel/server_processing/t0_rootFiles/beam28777_new202602/wvf_applyCut_removeBeam/wvfFind_event34401_trackID10_opNum8.root
[COPY] event=34420, trackID=11, T0=-2.17249 -> /Volumes/ssd_zhang/thesis_michel/server_processing/t0_rootFiles/beam28777_new202602/wvf_applyCut_removeBeam/wvfFind_event34420_trackID11_opNum5_merged.root
[COPY] event=34422, trackID=13, T0=-2.2702 -> /Volumes/ssd_zhang/thesis_michel/server_processing/t0_rootFiles/beam28777_new202602/wvf_applyCut_removeBeam/wvfFind_event34422_trackID13_opNum9.root
[COPY] event=34423, trackID=19, T0=-2.10668 -> /Volumes/ssd_zhang/thesis_michel/server_processing/t0_rootFiles/beam28777_new202602/wvf_applyCut_removeBeam/wvfFind_event34423_trackID19_opNum9.root
[COPY] event=34427, trackID=1, T0=-0.757806 -> /Volumes/ssd_zhang/thesis_michel/server_processing/t0_rootFiles/beam28777_new202602/wvf_applyCut_removeBeam/wvfFind_event34427_trackID1_opNum6.root
[COPY] event=34444, trackID=9, T0=-0.653862 -> /Volumes/ssd_zhang/thesis_michel/server_processing/t0_rootFiles/beam28777_new202602/wvf_applyCut_removeBeam/wvfFind_event34444_trackID9_opNum8.root
[COPY] event=3444, trackID=22, T0=-2.0091 -> /Volumes/ssd_zhang/thesis_michel/server_processing/t0_rootFiles/beam28777_new202602/wvf_applyCut_removeBeam/wvfFind_event3444_trackID22_opNum6.root
[COPY] event=3444, trackID=3, T0=0.136296 -> /Volumes/ssd_zhang/thesis_michel/server_processing/t0_rootFiles/beam28777_new202602/wvf_applyCut_removeBeam/wvfFind_event3444_trackID3_opNum3.root
[COPY] event=3444, trackID=9, T0=0.630425 -> /Volumes/ssd_zhang/thesis_michel/server_processing/t0_rootFiles/beam28777_new202602/wvf_applyCut_removeBeam/wvfFind_event3444_trackID9_opNum7.root
[COPY] event=34452, trackID=13, T0=-2.03005 -> /Volumes/ssd_zhang/thesis_michel/server_processing/t0_rootFiles/beam28777_new202602/wvf_applyCut_removeBeam/wvfFind_event34452_trackID13_opNum5.root
[COPY] event=34466, trackID=1, T0=-1.72325 -> /Volumes/ssd_zhang/thesis_michel/server_processing/t0_rootFiles/beam28777_new202602/wvf_applyCut_removeBeam/wvfFind_event34466_trackID1_opNum3.root
[SKIP] (in range) event=34469, trackID=22, T0=-0.0626997
[COPY] event=34493, trackID=8, T0=0.19366 -> /Volumes/ssd_zhang/thesis_michel/server_processing/t0_rootFiles/beam28777_new202602/wvf_applyCut_removeBeam/wvfFind_event34493_trackID8_opNum5.root
[COPY] event=34498, trackID=0, T0=-0.666305 -> /Volumes/ssd_zhang/thesis_michel/server_processing/t0_rootFiles/beam28777_new202602/wvf_applyCut_removeBeam/wvfFind_event34498_trackID0_opNum9.root
[COPY] event=34502, trackID=5, T0=-1.12642 -> /Volumes/ssd_zhang/thesis_michel/server_processing/t0_rootFiles/beam28777_new202602/wvf_applyCut_removeBeam/wvfFind_event34502_trackID5_opNum5.root
[COPY] event=34502, trackID=5, T0=-1.12642 -> /Volumes/ssd_zhang/thesis_michel/server_processing/t0_rootFiles/beam28777_new202602/wvf_applyCut_removeBeam/wvfFind_event34502_trackID5_opNum5_2.root
[COPY] event=34502, trackID=5, T0=-1.12642 -> /Volumes/ssd_zhang/thesis_michel/server_processing/t0_rootFiles/beam28777_new202602/wvf_applyCut_removeBeam/wvfFind_event34502_trackID5_opNum5_3.root
[COPY] event=34508, trackID=4, T0=-1.00226 -> /Volumes/ssd_zhang/thesis_michel/server_processing/t0_rootFiles/beam28777_new202602/wvf_applyCut_removeBeam/wvfFind_event34508_trackID4_opNum5.root
[COPY] event=34523, trackID=12, T0=-1.85623 -> /Volumes/ssd_zhang/thesis_michel/server_processing/t0_rootFiles/beam28777_new202602/wvf_applyCut_removeBeam/wvfFind_event34523_trackID12_opNum9.root
[COPY] event=34532, trackID=2, T0=-1.10197 -> /Volumes/ssd_zhang/thesis_michel/server_processing/t0_rootFiles/beam28777_new202602/wvf_applyCut_removeBeam/wvfFind_event34532_trackID2_opNum3.root
[COPY] event=34557, trackID=10, T0=0.256716 -> /Volumes/ssd_zhang/thesis_michel/server_processing/t0_rootFiles/beam28777_new202602/wvf_applyCut_removeBeam/wvfFind_event34557_trackID10_opNum4_merged.root
[COPY] event=34585, trackID=13, T0=-1.10239 -> /Volumes/ssd_zhang/thesis_michel/server_processing/t0_rootFiles/beam28777_new202602/wvf_applyCut_removeBeam/wvfFind_event34585_trackID13_opNum3.root
[COPY] event=34591, trackID=18, T0=-2.05508 -> /Volumes/ssd_zhang/thesis_michel/server_processing/t0_rootFiles/beam28777_new202602/wvf_applyCut_removeBeam/wvfFind_event34591_trackID18_opNum9.root
[COPY] event=34622, trackID=4, T0=0.0424279 -> /Volumes/ssd_zhang/thesis_michel/server_processing/t0_rootFiles/beam28777_new202602/wvf_applyCut_removeBeam/wvfFind_event34622_trackID4_opNum3_merged.root
[SKIP] (in range) event=34631, trackID=3, T0=-0.0541726
[COPY] event=34631, trackID=8, T0=-0.533123 -> /Volumes/ssd_zhang/thesis_michel/server_processing/t0_rootFiles/beam28777_new202602/wvf_applyCut_removeBeam/wvfFind_event34631_trackID8_opNum9.root
[COPY] event=34631, trackID=8, T0=-0.533123 -> /Volumes/ssd_zhang/thesis_michel/server_processing/t0_rootFiles/beam28777_new202602/wvf_applyCut_removeBeam/wvfFind_event34631_trackID8_opNum9_2.root
[COPY] event=34632, trackID=7, T0=-0.931721 -> /Volumes/ssd_zhang/thesis_michel/server_processing/t0_rootFiles/beam28777_new202602/wvf_applyCut_removeBeam/wvfFind_event34632_trackID7_opNum9.root
[COPY] event=34657, trackID=14, T0=1.26113 -> /Volumes/ssd_zhang/thesis_michel/server_processing/t0_rootFiles/beam28777_new202602/wvf_applyCut_removeBeam/wvfFind_event34657_trackID14_opNum9_merged.root
[COPY] event=34693, trackID=13, T0=-2.24429 -> /Volumes/ssd_zhang/thesis_michel/server_processing/t0_rootFiles/beam28777_new202602/wvf_applyCut_removeBeam/wvfFind_event34693_trackID13_opNum3_merged.root
[COPY] event=34694, trackID=10, T0=-1.63191 -> /Volumes/ssd_zhang/thesis_michel/server_processing/t0_rootFiles/beam28777_new202602/wvf_applyCut_removeBeam/wvfFind_event34694_trackID10_opNum8.root
[COPY] event=34701, trackID=2, T0=-0.751636 -> /Volumes/ssd_zhang/thesis_michel/server_processing/t0_rootFiles/beam28777_new202602/wvf_applyCut_removeBeam/wvfFind_event34701_trackID2_opNum5.root
[COPY] event=34706, trackID=10, T0=0.341252 -> /Volumes/ssd_zhang/thesis_michel/server_processing/t0_rootFiles/beam28777_new202602/wvf_applyCut_removeBeam/wvfFind_event34706_trackID10_opNum5.root
[COPY] event=34717, trackID=2, T0=-1.14373 -> /Volumes/ssd_zhang/thesis_michel/server_processing/t0_rootFiles/beam28777_new202602/wvf_applyCut_removeBeam/wvfFind_event34717_trackID2_opNum8.root
[COPY] event=3471, trackID=1, T0=-1.64733 -> /Volumes/ssd_zhang/thesis_michel/server_processing/t0_rootFiles/beam28777_new202602/wvf_applyCut_removeBeam/wvfFind_event3471_trackID1_opNum5.root
[COPY] event=3471, trackID=1, T0=-1.64733 -> /Volumes/ssd_zhang/thesis_michel/server_processing/t0_rootFiles/beam28777_new202602/wvf_applyCut_removeBeam/wvfFind_event3471_trackID1_opNum5_2.root
[COPY] event=34751, trackID=8, T0=-1.18174 -> /Volumes/ssd_zhang/thesis_michel/server_processing/t0_rootFiles/beam28777_new202602/wvf_applyCut_removeBeam/wvfFind_event34751_trackID8_opNum4.root
[COPY] event=34775, trackID=11, T0=-1.05635 -> /Volumes/ssd_zhang/thesis_michel/server_processing/t0_rootFiles/beam28777_new202602/wvf_applyCut_removeBeam/wvfFind_event34775_trackID11_opNum8.root
[COPY] event=34775, trackID=11, T0=-1.05635 -> /Volumes/ssd_zhang/thesis_michel/server_processing/t0_rootFiles/beam28777_new202602/wvf_applyCut_removeBeam/wvfFind_event34775_trackID11_opNum8_2.root
[COPY] event=34775, trackID=14, T0=-1.75455 -> /Volumes/ssd_zhang/thesis_michel/server_processing/t0_rootFiles/beam28777_new202602/wvf_applyCut_removeBeam/wvfFind_event34775_trackID14_opNum5.root
[COPY] event=34799, trackID=3, T0=-0.713346 -> /Volumes/ssd_zhang/thesis_michel/server_processing/t0_rootFiles/beam28777_new202602/wvf_applyCut_removeBeam/wvfFind_event34799_trackID3_opNum9_merged.root
[COPY] event=34801, trackID=14, T0=-1.43846 -> /Volumes/ssd_zhang/thesis_michel/server_processing/t0_rootFiles/beam28777_new202602/wvf_applyCut_removeBeam/wvfFind_event34801_trackID14_opNum9.root
[COPY] event=34801, trackID=14, T0=-1.43846 -> /Volumes/ssd_zhang/thesis_michel/server_processing/t0_rootFiles/beam28777_new202602/wvf_applyCut_removeBeam/wvfFind_event34801_trackID14_opNum9_2.root
[COPY] event=34832, trackID=12, T0=-1.75087 -> /Volumes/ssd_zhang/thesis_michel/server_processing/t0_rootFiles/beam28777_new202602/wvf_applyCut_removeBeam/wvfFind_event34832_trackID12_opNum5.root
[COPY] event=34848, trackID=12, T0=0.0176068 -> /Volumes/ssd_zhang/thesis_michel/server_processing/t0_rootFiles/beam28777_new202602/wvf_applyCut_removeBeam/wvfFind_event34848_trackID12_opNum8.root
[COPY] event=34853, trackID=3, T0=0.136668 -> /Volumes/ssd_zhang/thesis_michel/server_processing/t0_rootFiles/beam28777_new202602/wvf_applyCut_removeBeam/wvfFind_event34853_trackID3_opNum4.root
[COPY] event=34853, trackID=3, T0=0.136668 -> /Volumes/ssd_zhang/thesis_michel/server_processing/t0_rootFiles/beam28777_new202602/wvf_applyCut_removeBeam/wvfFind_event34853_trackID3_opNum4_2.root
[COPY] event=34884, trackID=5, T0=-0.36913 -> /Volumes/ssd_zhang/thesis_michel/server_processing/t0_rootFiles/beam28777_new202602/wvf_applyCut_removeBeam/wvfFind_event34884_trackID5_opNum7.root
[COPY] event=3488, trackID=3, T0=-1.5805 -> /Volumes/ssd_zhang/thesis_michel/server_processing/t0_rootFiles/beam28777_new202602/wvf_applyCut_removeBeam/wvfFind_event3488_trackID3_opNum4.root
[COPY] event=34900, trackID=3, T0=-0.706495 -> /Volumes/ssd_zhang/thesis_michel/server_processing/t0_rootFiles/beam28777_new202602/wvf_applyCut_removeBeam/wvfFind_event34900_trackID3_opNum4.root
[COPY] event=34931, trackID=10, T0=-2.143 -> /Volumes/ssd_zhang/thesis_michel/server_processing/t0_rootFiles/beam28777_new202602/wvf_applyCut_removeBeam/wvfFind_event34931_trackID10_opNum8.root
[COPY] event=34946, trackID=5, T0=0.224569 -> /Volumes/ssd_zhang/thesis_michel/server_processing/t0_rootFiles/beam28777_new202602/wvf_applyCut_removeBeam/wvfFind_event34946_trackID5_opNum3.root
[COPY] event=34946, trackID=5, T0=0.224569 -> /Volumes/ssd_zhang/thesis_michel/server_processing/t0_rootFiles/beam28777_new202602/wvf_applyCut_removeBeam/wvfFind_event34946_trackID5_opNum3_2.root
[COPY] event=34952, trackID=13, T0=-0.695735 -> /Volumes/ssd_zhang/thesis_michel/server_processing/t0_rootFiles/beam28777_new202602/wvf_applyCut_removeBeam/wvfFind_event34952_trackID13_opNum5_merged.root
[SKIP] (in range) event=34956, trackID=1, T0=-0.0611581
[COPY] event=3495, trackID=7, T0=-0.583253 -> /Volumes/ssd_zhang/thesis_michel/server_processing/t0_rootFiles/beam28777_new202602/wvf_applyCut_removeBeam/wvfFind_event3495_trackID7_opNum4.root
[COPY] event=34975, trackID=26, T0=-2.21087 -> /Volumes/ssd_zhang/thesis_michel/server_processing/t0_rootFiles/beam28777_new202602/wvf_applyCut_removeBeam/wvfFind_event34975_trackID26_opNum9.root
[COPY] event=34979, trackID=0, T0=-0.464599 -> /Volumes/ssd_zhang/thesis_michel/server_processing/t0_rootFiles/beam28777_new202602/wvf_applyCut_removeBeam/wvfFind_event34979_trackID0_opNum8.root
[COPY] event=35038, trackID=3, T0=-1.42649 -> /Volumes/ssd_zhang/thesis_michel/server_processing/t0_rootFiles/beam28777_new202602/wvf_applyCut_removeBeam/wvfFind_event35038_trackID3_opNum5.root
[COPY] event=35061, trackID=0, T0=-1.4438 -> /Volumes/ssd_zhang/thesis_michel/server_processing/t0_rootFiles/beam28777_new202602/wvf_applyCut_removeBeam/wvfFind_event35061_trackID0_opNum4.root
[COPY] event=35074, trackID=5, T0=0.220352 -> /Volumes/ssd_zhang/thesis_michel/server_processing/t0_rootFiles/beam28777_new202602/wvf_applyCut_removeBeam/wvfFind_event35074_trackID5_opNum8.root
[COPY] event=35078, trackID=7, T0=-1.06673 -> /Volumes/ssd_zhang/thesis_michel/server_processing/t0_rootFiles/beam28777_new202602/wvf_applyCut_removeBeam/wvfFind_event35078_trackID7_opNum4.root
[COPY] event=35080, trackID=10, T0=-1.74829 -> /Volumes/ssd_zhang/thesis_michel/server_processing/t0_rootFiles/beam28777_new202602/wvf_applyCut_removeBeam/wvfFind_event35080_trackID10_opNum4.root
[COPY] event=35082, trackID=11, T0=-0.764525 -> /Volumes/ssd_zhang/thesis_michel/server_processing/t0_rootFiles/beam28777_new202602/wvf_applyCut_removeBeam/wvfFind_event35082_trackID11_opNum9.root
[COPY] event=35090, trackID=30, T0=-2.44113 -> /Volumes/ssd_zhang/thesis_michel/server_processing/t0_rootFiles/beam28777_new202602/wvf_applyCut_removeBeam/wvfFind_event35090_trackID30_opNum4.root
[COPY] event=35092, trackID=6, T0=-2.0891 -> /Volumes/ssd_zhang/thesis_michel/server_processing/t0_rootFiles/beam28777_new202602/wvf_applyCut_removeBeam/wvfFind_event35092_trackID6_opNum4.root
[COPY] event=35105, trackID=5, T0=-0.833202 -> /Volumes/ssd_zhang/thesis_michel/server_processing/t0_rootFiles/beam28777_new202602/wvf_applyCut_removeBeam/wvfFind_event35105_trackID5_opNum9.root
[COPY] event=35138, trackID=1, T0=-1.51971 -> /Volumes/ssd_zhang/thesis_michel/server_processing/t0_rootFiles/beam28777_new202602/wvf_applyCut_removeBeam/wvfFind_event35138_trackID1_opNum8.root
[COPY] event=35140, trackID=4, T0=-0.585506 -> /Volumes/ssd_zhang/thesis_michel/server_processing/t0_rootFiles/beam28777_new202602/wvf_applyCut_removeBeam/wvfFind_event35140_trackID4_opNum5.root
[COPY] event=35140, trackID=4, T0=-0.585506 -> /Volumes/ssd_zhang/thesis_michel/server_processing/t0_rootFiles/beam28777_new202602/wvf_applyCut_removeBeam/wvfFind_event35140_trackID4_opNum5_2.root
[COPY] event=35144, trackID=10, T0=-1.06675 -> /Volumes/ssd_zhang/thesis_michel/server_processing/t0_rootFiles/beam28777_new202602/wvf_applyCut_removeBeam/wvfFind_event35144_trackID10_opNum6.root
[COPY] event=35144, trackID=10, T0=-1.06675 -> /Volumes/ssd_zhang/thesis_michel/server_processing/t0_rootFiles/beam28777_new202602/wvf_applyCut_removeBeam/wvfFind_event35144_trackID10_opNum6_2.root
[COPY] event=35155, trackID=3, T0=0.789925 -> /Volumes/ssd_zhang/thesis_michel/server_processing/t0_rootFiles/beam28777_new202602/wvf_applyCut_removeBeam/wvfFind_event35155_trackID3_opNum9.root
[COPY] event=35157, trackID=6, T0=0.445357 -> /Volumes/ssd_zhang/thesis_michel/server_processing/t0_rootFiles/beam28777_new202602/wvf_applyCut_removeBeam/wvfFind_event35157_trackID6_opNum9.root
[COPY] event=35165, trackID=27, T0=-2.43965 -> /Volumes/ssd_zhang/thesis_michel/server_processing/t0_rootFiles/beam28777_new202602/wvf_applyCut_removeBeam/wvfFind_event35165_trackID27_opNum9_merged.root
[COPY] event=35198, trackID=20, T0=-0.341587 -> /Volumes/ssd_zhang/thesis_michel/server_processing/t0_rootFiles/beam28777_new202602/wvf_applyCut_removeBeam/wvfFind_event35198_trackID20_opNum6.root
[COPY] event=35212, trackID=18, T0=-0.570206 -> /Volumes/ssd_zhang/thesis_michel/server_processing/t0_rootFiles/beam28777_new202602/wvf_applyCut_removeBeam/wvfFind_event35212_trackID18_opNum4.root
[COPY] event=35217, trackID=11, T0=-1.65079 -> /Volumes/ssd_zhang/thesis_michel/server_processing/t0_rootFiles/beam28777_new202602/wvf_applyCut_removeBeam/wvfFind_event35217_trackID11_opNum6.root
[COPY] event=35236, trackID=6, T0=-0.484114 -> /Volumes/ssd_zhang/thesis_michel/server_processing/t0_rootFiles/beam28777_new202602/wvf_applyCut_removeBeam/wvfFind_event35236_trackID6_opNum3.root
[COPY] event=35236, trackID=6, T0=-0.484114 -> /Volumes/ssd_zhang/thesis_michel/server_processing/t0_rootFiles/beam28777_new202602/wvf_applyCut_removeBeam/wvfFind_event35236_trackID6_opNum3_2.root
[COPY] event=35241, trackID=6, T0=-1.2543 -> /Volumes/ssd_zhang/thesis_michel/server_processing/t0_rootFiles/beam28777_new202602/wvf_applyCut_removeBeam/wvfFind_event35241_trackID6_opNum9.root
[COPY] event=35258, trackID=2, T0=-0.24715 -> /Volumes/ssd_zhang/thesis_michel/server_processing/t0_rootFiles/beam28777_new202602/wvf_applyCut_removeBeam/wvfFind_event35258_trackID2_opNum3.root
[COPY] event=35277, trackID=12, T0=-2.00067 -> /Volumes/ssd_zhang/thesis_michel/server_processing/t0_rootFiles/beam28777_new202602/wvf_applyCut_removeBeam/wvfFind_event35277_trackID12_opNum8.root
[COPY] event=35286, trackID=16, T0=-1.73494 -> /Volumes/ssd_zhang/thesis_michel/server_processing/t0_rootFiles/beam28777_new202602/wvf_applyCut_removeBeam/wvfFind_event35286_trackID16_opNum9.root
[COPY] event=35312, trackID=6, T0=-1.14639 -> /Volumes/ssd_zhang/thesis_michel/server_processing/t0_rootFiles/beam28777_new202602/wvf_applyCut_removeBeam/wvfFind_event35312_trackID6_opNum9.root
[COPY] event=3531, trackID=3, T0=-0.811195 -> /Volumes/ssd_zhang/thesis_michel/server_processing/t0_rootFiles/beam28777_new202602/wvf_applyCut_removeBeam/wvfFind_event3531_trackID3_opNum5.root
[COPY] event=35335, trackID=3, T0=-0.155845 -> /Volumes/ssd_zhang/thesis_michel/server_processing/t0_rootFiles/beam28777_new202602/wvf_applyCut_removeBeam/wvfFind_event35335_trackID3_opNum4.root
[COPY] event=35335, trackID=3, T0=-0.155845 -> /Volumes/ssd_zhang/thesis_michel/server_processing/t0_rootFiles/beam28777_new202602/wvf_applyCut_removeBeam/wvfFind_event35335_trackID3_opNum4_2.root
[COPY] event=35406, trackID=2, T0=-1.38456 -> /Volumes/ssd_zhang/thesis_michel/server_processing/t0_rootFiles/beam28777_new202602/wvf_applyCut_removeBeam/wvfFind_event35406_trackID2_opNum5.root
[COPY] event=35409, trackID=10, T0=-0.455286 -> /Volumes/ssd_zhang/thesis_michel/server_processing/t0_rootFiles/beam28777_new202602/wvf_applyCut_removeBeam/wvfFind_event35409_trackID10_opNum9.root
[COPY] event=35411, trackID=8, T0=0.447419 -> /Volumes/ssd_zhang/thesis_michel/server_processing/t0_rootFiles/beam28777_new202602/wvf_applyCut_removeBeam/wvfFind_event35411_trackID8_opNum9.root
[COPY] event=35424, trackID=5, T0=0.283 -> /Volumes/ssd_zhang/thesis_michel/server_processing/t0_rootFiles/beam28777_new202602/wvf_applyCut_removeBeam/wvfFind_event35424_trackID5_opNum4.root
[COPY] event=35424, trackID=5, T0=0.283 -> /Volumes/ssd_zhang/thesis_michel/server_processing/t0_rootFiles/beam28777_new202602/wvf_applyCut_removeBeam/wvfFind_event35424_trackID5_opNum4_2.root
[COPY] event=3542, trackID=7, T0=-1.53072 -> /Volumes/ssd_zhang/thesis_michel/server_processing/t0_rootFiles/beam28777_new202602/wvf_applyCut_removeBeam/wvfFind_event3542_trackID7_opNum5.root
[COPY] event=35452, trackID=0, T0=-0.1711 -> /Volumes/ssd_zhang/thesis_michel/server_processing/t0_rootFiles/beam28777_new202602/wvf_applyCut_removeBeam/wvfFind_event35452_trackID0_opNum5.root
[COPY] event=35494, trackID=2, T0=-1.48841 -> /Volumes/ssd_zhang/thesis_michel/server_processing/t0_rootFiles/beam28777_new202602/wvf_applyCut_removeBeam/wvfFind_event35494_trackID2_opNum3.root
[COPY] event=35516, trackID=7, T0=-0.896455 -> /Volumes/ssd_zhang/thesis_michel/server_processing/t0_rootFiles/beam28777_new202602/wvf_applyCut_removeBeam/wvfFind_event35516_trackID7_opNum8.root
[COPY] event=35522, trackID=6, T0=-1.10917 -> /Volumes/ssd_zhang/thesis_michel/server_processing/t0_rootFiles/beam28777_new202602/wvf_applyCut_removeBeam/wvfFind_event35522_trackID6_opNum5.root
[COPY] event=35543, trackID=29, T0=-2.20144 -> /Volumes/ssd_zhang/thesis_michel/server_processing/t0_rootFiles/beam28777_new202602/wvf_applyCut_removeBeam/wvfFind_event35543_trackID29_opNum3.root
[COPY] event=35543, trackID=29, T0=-2.20144 -> /Volumes/ssd_zhang/thesis_michel/server_processing/t0_rootFiles/beam28777_new202602/wvf_applyCut_removeBeam/wvfFind_event35543_trackID29_opNum3_2.root
[COPY] event=35556, trackID=4, T0=-1.03449 -> /Volumes/ssd_zhang/thesis_michel/server_processing/t0_rootFiles/beam28777_new202602/wvf_applyCut_removeBeam/wvfFind_event35556_trackID4_opNum4_merged.root
[COPY] event=35569, trackID=10, T0=-1.51903 -> /Volumes/ssd_zhang/thesis_michel/server_processing/t0_rootFiles/beam28777_new202602/wvf_applyCut_removeBeam/wvfFind_event35569_trackID10_opNum9.root
[COPY] event=35569, trackID=10, T0=-1.51903 -> /Volumes/ssd_zhang/thesis_michel/server_processing/t0_rootFiles/beam28777_new202602/wvf_applyCut_removeBeam/wvfFind_event35569_trackID10_opNum9_2.root
[COPY] event=35569, trackID=10, T0=-1.51903 -> /Volumes/ssd_zhang/thesis_michel/server_processing/t0_rootFiles/beam28777_new202602/wvf_applyCut_removeBeam/wvfFind_event35569_trackID10_opNum9_3.root
[COPY] event=35569, trackID=7, T0=-0.594909 -> /Volumes/ssd_zhang/thesis_michel/server_processing/t0_rootFiles/beam28777_new202602/wvf_applyCut_removeBeam/wvfFind_event35569_trackID7_opNum3.root
[COPY] event=3557, trackID=19, T0=-1.12946 -> /Volumes/ssd_zhang/thesis_michel/server_processing/t0_rootFiles/beam28777_new202602/wvf_applyCut_removeBeam/wvfFind_event3557_trackID19_opNum6.root
[COPY] event=35587, trackID=7, T0=-0.8872 -> /Volumes/ssd_zhang/thesis_michel/server_processing/t0_rootFiles/beam28777_new202602/wvf_applyCut_removeBeam/wvfFind_event35587_trackID7_opNum8.root
[COPY] event=35597, trackID=12, T0=-1.72028 -> /Volumes/ssd_zhang/thesis_michel/server_processing/t0_rootFiles/beam28777_new202602/wvf_applyCut_removeBeam/wvfFind_event35597_trackID12_opNum9.root
[COPY] event=35608, trackID=14, T0=0.149084 -> /Volumes/ssd_zhang/thesis_michel/server_processing/t0_rootFiles/beam28777_new202602/wvf_applyCut_removeBeam/wvfFind_event35608_trackID14_opNum3_merged.root
[COPY] event=35612, trackID=11, T0=0.465803 -> /Volumes/ssd_zhang/thesis_michel/server_processing/t0_rootFiles/beam28777_new202602/wvf_applyCut_removeBeam/wvfFind_event35612_trackID11_opNum9.root
[COPY] event=35612, trackID=11, T0=0.465803 -> /Volumes/ssd_zhang/thesis_michel/server_processing/t0_rootFiles/beam28777_new202602/wvf_applyCut_removeBeam/wvfFind_event35612_trackID11_opNum9_2.root
[COPY] event=35626, trackID=16, T0=-0.321717 -> /Volumes/ssd_zhang/thesis_michel/server_processing/t0_rootFiles/beam28777_new202602/wvf_applyCut_removeBeam/wvfFind_event35626_trackID16_opNum5.root
[COPY] event=35627, trackID=13, T0=-0.634932 -> /Volumes/ssd_zhang/thesis_michel/server_processing/t0_rootFiles/beam28777_new202602/wvf_applyCut_removeBeam/wvfFind_event35627_trackID13_opNum9.root
[SKIP] (in range) event=35629, trackID=18, T0=-0.0676806
[COPY] event=35638, trackID=2, T0=-1.45061 -> /Volumes/ssd_zhang/thesis_michel/server_processing/t0_rootFiles/beam28777_new202602/wvf_applyCut_removeBeam/wvfFind_event35638_trackID2_opNum3.root
[COPY] event=35654, trackID=7, T0=0.393101 -> /Volumes/ssd_zhang/thesis_michel/server_processing/t0_rootFiles/beam28777_new202602/wvf_applyCut_removeBeam/wvfFind_event35654_trackID7_opNum9.root
[COPY] event=35680, trackID=4, T0=-0.881925 -> /Volumes/ssd_zhang/thesis_michel/server_processing/t0_rootFiles/beam28777_new202602/wvf_applyCut_removeBeam/wvfFind_event35680_trackID4_opNum8.root
[COPY] event=35692, trackID=4, T0=-0.943177 -> /Volumes/ssd_zhang/thesis_michel/server_processing/t0_rootFiles/beam28777_new202602/wvf_applyCut_removeBeam/wvfFind_event35692_trackID4_opNum8.root
[COPY] event=35695, trackID=8, T0=-0.855918 -> /Volumes/ssd_zhang/thesis_michel/server_processing/t0_rootFiles/beam28777_new202602/wvf_applyCut_removeBeam/wvfFind_event35695_trackID8_opNum9.root
[COPY] event=3569, trackID=1, T0=-1.29066 -> /Volumes/ssd_zhang/thesis_michel/server_processing/t0_rootFiles/beam28777_new202602/wvf_applyCut_removeBeam/wvfFind_event3569_trackID1_opNum4.root
[COPY] event=3569, trackID=1, T0=-1.29066 -> /Volumes/ssd_zhang/thesis_michel/server_processing/t0_rootFiles/beam28777_new202602/wvf_applyCut_removeBeam/wvfFind_event3569_trackID1_opNum4_2.root
[COPY] event=35734, trackID=9, T0=-2.08425 -> /Volumes/ssd_zhang/thesis_michel/server_processing/t0_rootFiles/beam28777_new202602/wvf_applyCut_removeBeam/wvfFind_event35734_trackID9_opNum9.root
[COPY] event=35760, trackID=6, T0=-1.64323 -> /Volumes/ssd_zhang/thesis_michel/server_processing/t0_rootFiles/beam28777_new202602/wvf_applyCut_removeBeam/wvfFind_event35760_trackID6_opNum9.root
[COPY] event=35776, trackID=6, T0=-1.61017 -> /Volumes/ssd_zhang/thesis_michel/server_processing/t0_rootFiles/beam28777_new202602/wvf_applyCut_removeBeam/wvfFind_event35776_trackID6_opNum3.root
[COPY] event=35796, trackID=6, T0=-0.684947 -> /Volumes/ssd_zhang/thesis_michel/server_processing/t0_rootFiles/beam28777_new202602/wvf_applyCut_removeBeam/wvfFind_event35796_trackID6_opNum8_merged.root
[COPY] event=35845, trackID=5, T0=0.438463 -> /Volumes/ssd_zhang/thesis_michel/server_processing/t0_rootFiles/beam28777_new202602/wvf_applyCut_removeBeam/wvfFind_event35845_trackID5_opNum9.root
[COPY] event=35849, trackID=3, T0=0.0601236 -> /Volumes/ssd_zhang/thesis_michel/server_processing/t0_rootFiles/beam28777_new202602/wvf_applyCut_removeBeam/wvfFind_event35849_trackID3_opNum9_merged.root
[SKIP] (in range) event=3584, trackID=5, T0=-0.0649128
[COPY] event=35850, trackID=21, T0=-2.11915 -> /Volumes/ssd_zhang/thesis_michel/server_processing/t0_rootFiles/beam28777_new202602/wvf_applyCut_removeBeam/wvfFind_event35850_trackID21_opNum3.root
[COPY] event=3586, trackID=10, T0=-0.00144359 -> /Volumes/ssd_zhang/thesis_michel/server_processing/t0_rootFiles/beam28777_new202602/wvf_applyCut_removeBeam/wvfFind_event3586_trackID10_opNum4.root
[COPY] event=35880, trackID=18, T0=-2.41147 -> /Volumes/ssd_zhang/thesis_michel/server_processing/t0_rootFiles/beam28777_new202602/wvf_applyCut_removeBeam/wvfFind_event35880_trackID18_opNum3.root
[COPY] event=35904, trackID=7, T0=-2.44169 -> /Volumes/ssd_zhang/thesis_michel/server_processing/t0_rootFiles/beam28777_new202602/wvf_applyCut_removeBeam/wvfFind_event35904_trackID7_opNum8.root
[COPY] event=35916, trackID=20, T0=-0.917783 -> /Volumes/ssd_zhang/thesis_michel/server_processing/t0_rootFiles/beam28777_new202602/wvf_applyCut_removeBeam/wvfFind_event35916_trackID20_opNum6.root
[COPY] event=35922, trackID=7, T0=-1.27377 -> /Volumes/ssd_zhang/thesis_michel/server_processing/t0_rootFiles/beam28777_new202602/wvf_applyCut_removeBeam/wvfFind_event35922_trackID7_opNum8.root
[COPY] event=35923, trackID=0, T0=-1.47141 -> /Volumes/ssd_zhang/thesis_michel/server_processing/t0_rootFiles/beam28777_new202602/wvf_applyCut_removeBeam/wvfFind_event35923_trackID0_opNum5.root
[COPY] event=35923, trackID=0, T0=-1.47141 -> /Volumes/ssd_zhang/thesis_michel/server_processing/t0_rootFiles/beam28777_new202602/wvf_applyCut_removeBeam/wvfFind_event35923_trackID0_opNum5_2.root
[COPY] event=35923, trackID=1, T0=-1.17622 -> /Volumes/ssd_zhang/thesis_michel/server_processing/t0_rootFiles/beam28777_new202602/wvf_applyCut_removeBeam/wvfFind_event35923_trackID1_opNum3.root
[COPY] event=35923, trackID=1, T0=-1.17622 -> /Volumes/ssd_zhang/thesis_michel/server_processing/t0_rootFiles/beam28777_new202602/wvf_applyCut_removeBeam/wvfFind_event35923_trackID1_opNum3_2.root
[COPY] event=35935, trackID=8, T0=-0.754294 -> /Volumes/ssd_zhang/thesis_michel/server_processing/t0_rootFiles/beam28777_new202602/wvf_applyCut_removeBeam/wvfFind_event35935_trackID8_opNum5.root
[COPY] event=35935, trackID=8, T0=-0.754294 -> /Volumes/ssd_zhang/thesis_michel/server_processing/t0_rootFiles/beam28777_new202602/wvf_applyCut_removeBeam/wvfFind_event35935_trackID8_opNum5_2.root
[COPY] event=35936, trackID=3, T0=0.306734 -> /Volumes/ssd_zhang/thesis_michel/server_processing/t0_rootFiles/beam28777_new202602/wvf_applyCut_removeBeam/wvfFind_event35936_trackID3_opNum5.root
[COPY] event=35946, trackID=12, T0=-1.72783 -> /Volumes/ssd_zhang/thesis_michel/server_processing/t0_rootFiles/beam28777_new202602/wvf_applyCut_removeBeam/wvfFind_event35946_trackID12_opNum4.root
[COPY] event=35947, trackID=17, T0=-1.12089 -> /Volumes/ssd_zhang/thesis_michel/server_processing/t0_rootFiles/beam28777_new202602/wvf_applyCut_removeBeam/wvfFind_event35947_trackID17_opNum9.root
[COPY] event=35949, trackID=9, T0=-1.68964 -> /Volumes/ssd_zhang/thesis_michel/server_processing/t0_rootFiles/beam28777_new202602/wvf_applyCut_removeBeam/wvfFind_event35949_trackID9_opNum5.root
[COPY] event=35970, trackID=18, T0=-0.466937 -> /Volumes/ssd_zhang/thesis_michel/server_processing/t0_rootFiles/beam28777_new202602/wvf_applyCut_removeBeam/wvfFind_event35970_trackID18_opNum5.root
[COPY] event=35980, trackID=13, T0=0.115795 -> /Volumes/ssd_zhang/thesis_michel/server_processing/t0_rootFiles/beam28777_new202602/wvf_applyCut_removeBeam/wvfFind_event35980_trackID13_opNum3.root
[SKIP] (in range) event=35994, trackID=3, T0=-0.0330665
[SKIP] (in range) event=35994, trackID=3, T0=-0.0330665
[COPY] event=3599, trackID=28, T0=-1.9676 -> /Volumes/ssd_zhang/thesis_michel/server_processing/t0_rootFiles/beam28777_new202602/wvf_applyCut_removeBeam/wvfFind_event3599_trackID28_opNum4.root
[COPY] event=36006, trackID=28, T0=2.39343 -> /Volumes/ssd_zhang/thesis_michel/server_processing/t0_rootFiles/beam28777_new202602/wvf_applyCut_removeBeam/wvfFind_event36006_trackID28_opNum8_merged.root
[COPY] event=36016, trackID=2, T0=-0.867764 -> /Volumes/ssd_zhang/thesis_michel/server_processing/t0_rootFiles/beam28777_new202602/wvf_applyCut_removeBeam/wvfFind_event36016_trackID2_opNum9.root
[COPY] event=36016, trackID=2, T0=-0.867764 -> /Volumes/ssd_zhang/thesis_michel/server_processing/t0_rootFiles/beam28777_new202602/wvf_applyCut_removeBeam/wvfFind_event36016_trackID2_opNum9_2.root
[COPY] event=36017, trackID=6, T0=-2.2813 -> /Volumes/ssd_zhang/thesis_michel/server_processing/t0_rootFiles/beam28777_new202602/wvf_applyCut_removeBeam/wvfFind_event36017_trackID6_opNum8_merged.root
[COPY] event=36033, trackID=1, T0=-0.648846 -> /Volumes/ssd_zhang/thesis_michel/server_processing/t0_rootFiles/beam28777_new202602/wvf_applyCut_removeBeam/wvfFind_event36033_trackID1_opNum4_merged.root
[SKIP] (in range) event=36068, trackID=13, T0=-0.0763877
[COPY] event=36097, trackID=6, T0=0.323455 -> /Volumes/ssd_zhang/thesis_michel/server_processing/t0_rootFiles/beam28777_new202602/wvf_applyCut_removeBeam/wvfFind_event36097_trackID6_opNum3.root
[SKIP] (in range) event=36133, trackID=0, T0=-0.036543
[COPY] event=36138, trackID=4, T0=-0.826208 -> /Volumes/ssd_zhang/thesis_michel/server_processing/t0_rootFiles/beam28777_new202602/wvf_applyCut_removeBeam/wvfFind_event36138_trackID4_opNum4.root
[COPY] event=36143, trackID=3, T0=-0.330537 -> /Volumes/ssd_zhang/thesis_michel/server_processing/t0_rootFiles/beam28777_new202602/wvf_applyCut_removeBeam/wvfFind_event36143_trackID3_opNum5.root
[COPY] event=36147, trackID=10, T0=0.167499 -> /Volumes/ssd_zhang/thesis_michel/server_processing/t0_rootFiles/beam28777_new202602/wvf_applyCut_removeBeam/wvfFind_event36147_trackID10_opNum3_merged.root
[COPY] event=3615, trackID=3, T0=0.190647 -> /Volumes/ssd_zhang/thesis_michel/server_processing/t0_rootFiles/beam28777_new202602/wvf_applyCut_removeBeam/wvfFind_event3615_trackID3_opNum4.root
[COPY] event=36160, trackID=0, T0=0.08101 -> /Volumes/ssd_zhang/thesis_michel/server_processing/t0_rootFiles/beam28777_new202602/wvf_applyCut_removeBeam/wvfFind_event36160_trackID0_opNum5.root
[COPY] event=36182, trackID=10, T0=-1.19913 -> /Volumes/ssd_zhang/thesis_michel/server_processing/t0_rootFiles/beam28777_new202602/wvf_applyCut_removeBeam/wvfFind_event36182_trackID10_opNum3_merged.root
[COPY] event=36190, trackID=6, T0=0.466226 -> /Volumes/ssd_zhang/thesis_michel/server_processing/t0_rootFiles/beam28777_new202602/wvf_applyCut_removeBeam/wvfFind_event36190_trackID6_opNum5.root
[COPY] event=36194, trackID=3, T0=-0.921743 -> /Volumes/ssd_zhang/thesis_michel/server_processing/t0_rootFiles/beam28777_new202602/wvf_applyCut_removeBeam/wvfFind_event36194_trackID3_opNum9.root
[COPY] event=36200, trackID=5, T0=0.43489 -> /Volumes/ssd_zhang/thesis_michel/server_processing/t0_rootFiles/beam28777_new202602/wvf_applyCut_removeBeam/wvfFind_event36200_trackID5_opNum9.root
[COPY] event=36200, trackID=5, T0=0.43489 -> /Volumes/ssd_zhang/thesis_michel/server_processing/t0_rootFiles/beam28777_new202602/wvf_applyCut_removeBeam/wvfFind_event36200_trackID5_opNum9_2.root
[COPY] event=3620, trackID=3, T0=-1.04298 -> /Volumes/ssd_zhang/thesis_michel/server_processing/t0_rootFiles/beam28777_new202602/wvf_applyCut_removeBeam/wvfFind_event3620_trackID3_opNum3_2.root
[COPY] event=3620, trackID=3, T0=-1.04298 -> /Volumes/ssd_zhang/thesis_michel/server_processing/t0_rootFiles/beam28777_new202602/wvf_applyCut_removeBeam/wvfFind_event3620_trackID3_opNum4_merged.root
[COPY] event=36224, trackID=2, T0=-1.2578 -> /Volumes/ssd_zhang/thesis_michel/server_processing/t0_rootFiles/beam28777_new202602/wvf_applyCut_removeBeam/wvfFind_event36224_trackID2_opNum6.root
[COPY] event=3622, trackID=7, T0=-1.40912 -> /Volumes/ssd_zhang/thesis_michel/server_processing/t0_rootFiles/beam28777_new202602/wvf_applyCut_removeBeam/wvfFind_event3622_trackID7_opNum8.root
[COPY] event=3622, trackID=7, T0=-1.40912 -> /Volumes/ssd_zhang/thesis_michel/server_processing/t0_rootFiles/beam28777_new202602/wvf_applyCut_removeBeam/wvfFind_event3622_trackID7_opNum8_2.root
[COPY] event=36237, trackID=10, T0=-1.86844 -> /Volumes/ssd_zhang/thesis_michel/server_processing/t0_rootFiles/beam28777_new202602/wvf_applyCut_removeBeam/wvfFind_event36237_trackID10_opNum9.root
[COPY] event=36246, trackID=1, T0=-1.57039 -> /Volumes/ssd_zhang/thesis_michel/server_processing/t0_rootFiles/beam28777_new202602/wvf_applyCut_removeBeam/wvfFind_event36246_trackID1_opNum4.root
[COPY] event=36271, trackID=1, T0=-1.36678 -> /Volumes/ssd_zhang/thesis_michel/server_processing/t0_rootFiles/beam28777_new202602/wvf_applyCut_removeBeam/wvfFind_event36271_trackID1_opNum3.root
[COPY] event=36272, trackID=19, T0=-0.905163 -> /Volumes/ssd_zhang/thesis_michel/server_processing/t0_rootFiles/beam28777_new202602/wvf_applyCut_removeBeam/wvfFind_event36272_trackID19_opNum5.root
[COPY] event=36274, trackID=0, T0=-0.232633 -> /Volumes/ssd_zhang/thesis_michel/server_processing/t0_rootFiles/beam28777_new202602/wvf_applyCut_removeBeam/wvfFind_event36274_trackID0_opNum4.root
[COPY] event=3629, trackID=5, T0=-1.11232 -> /Volumes/ssd_zhang/thesis_michel/server_processing/t0_rootFiles/beam28777_new202602/wvf_applyCut_removeBeam/wvfFind_event3629_trackID5_opNum5.root
[COPY] event=36303, trackID=2, T0=0.931975 -> /Volumes/ssd_zhang/thesis_michel/server_processing/t0_rootFiles/beam28777_new202602/wvf_applyCut_removeBeam/wvfFind_event36303_trackID2_opNum9.root
[COPY] event=36317, trackID=21, T0=-1.14896 -> /Volumes/ssd_zhang/thesis_michel/server_processing/t0_rootFiles/beam28777_new202602/wvf_applyCut_removeBeam/wvfFind_event36317_trackID21_opNum6.root
[COPY] event=36336, trackID=14, T0=-0.524181 -> /Volumes/ssd_zhang/thesis_michel/server_processing/t0_rootFiles/beam28777_new202602/wvf_applyCut_removeBeam/wvfFind_event36336_trackID14_opNum9.root
[COPY] event=36338, trackID=7, T0=-1.83803 -> /Volumes/ssd_zhang/thesis_michel/server_processing/t0_rootFiles/beam28777_new202602/wvf_applyCut_removeBeam/wvfFind_event36338_trackID7_opNum8.root
[COPY] event=36343, trackID=5, T0=-0.826016 -> /Volumes/ssd_zhang/thesis_michel/server_processing/t0_rootFiles/beam28777_new202602/wvf_applyCut_removeBeam/wvfFind_event36343_trackID5_opNum9.root
[COPY] event=36370, trackID=20, T0=-1.08736 -> /Volumes/ssd_zhang/thesis_michel/server_processing/t0_rootFiles/beam28777_new202602/wvf_applyCut_removeBeam/wvfFind_event36370_trackID20_opNum6.root
[COPY] event=36374, trackID=5, T0=0.34958 -> /Volumes/ssd_zhang/thesis_michel/server_processing/t0_rootFiles/beam28777_new202602/wvf_applyCut_removeBeam/wvfFind_event36374_trackID5_opNum3.root
[COPY] event=36374, trackID=5, T0=0.34958 -> /Volumes/ssd_zhang/thesis_michel/server_processing/t0_rootFiles/beam28777_new202602/wvf_applyCut_removeBeam/wvfFind_event36374_trackID5_opNum3_2.root
[COPY] event=36381, trackID=8, T0=0.196468 -> /Volumes/ssd_zhang/thesis_michel/server_processing/t0_rootFiles/beam28777_new202602/wvf_applyCut_removeBeam/wvfFind_event36381_trackID8_opNum5.root
[COPY] event=36384, trackID=14, T0=-1.91427 -> /Volumes/ssd_zhang/thesis_michel/server_processing/t0_rootFiles/beam28777_new202602/wvf_applyCut_removeBeam/wvfFind_event36384_trackID14_opNum3_merged.root
[COPY] event=36392, trackID=4, T0=-0.937322 -> /Volumes/ssd_zhang/thesis_michel/server_processing/t0_rootFiles/beam28777_new202602/wvf_applyCut_removeBeam/wvfFind_event36392_trackID4_opNum3.root
[COPY] event=36415, trackID=4, T0=-0.377771 -> /Volumes/ssd_zhang/thesis_michel/server_processing/t0_rootFiles/beam28777_new202602/wvf_applyCut_removeBeam/wvfFind_event36415_trackID4_opNum5.root
[COPY] event=36415, trackID=4, T0=-0.377771 -> /Volumes/ssd_zhang/thesis_michel/server_processing/t0_rootFiles/beam28777_new202602/wvf_applyCut_removeBeam/wvfFind_event36415_trackID4_opNum5_2.root
[COPY] event=36415, trackID=4, T0=-0.377771 -> /Volumes/ssd_zhang/thesis_michel/server_processing/t0_rootFiles/beam28777_new202602/wvf_applyCut_removeBeam/wvfFind_event36415_trackID4_opNum5_3.root
[COPY] event=36452, trackID=5, T0=-1.72672 -> /Volumes/ssd_zhang/thesis_michel/server_processing/t0_rootFiles/beam28777_new202602/wvf_applyCut_removeBeam/wvfFind_event36452_trackID5_opNum4.root
[COPY] event=36479, trackID=7, T0=-0.336041 -> /Volumes/ssd_zhang/thesis_michel/server_processing/t0_rootFiles/beam28777_new202602/wvf_applyCut_removeBeam/wvfFind_event36479_trackID7_opNum5.root
[COPY] event=36483, trackID=25, T0=-1.70064 -> /Volumes/ssd_zhang/thesis_michel/server_processing/t0_rootFiles/beam28777_new202602/wvf_applyCut_removeBeam/wvfFind_event36483_trackID25_opNum3.root
[COPY] event=36522, trackID=10, T0=-0.486214 -> /Volumes/ssd_zhang/thesis_michel/server_processing/t0_rootFiles/beam28777_new202602/wvf_applyCut_removeBeam/wvfFind_event36522_trackID10_opNum3.root
[COPY] event=36528, trackID=17, T0=-1.56499 -> /Volumes/ssd_zhang/thesis_michel/server_processing/t0_rootFiles/beam28777_new202602/wvf_applyCut_removeBeam/wvfFind_event36528_trackID17_opNum8.root
[COPY] event=36529, trackID=7, T0=-1.84545 -> /Volumes/ssd_zhang/thesis_michel/server_processing/t0_rootFiles/beam28777_new202602/wvf_applyCut_removeBeam/wvfFind_event36529_trackID7_opNum4_merged.root
[SKIP] (in range) event=3652, trackID=7, T0=-0.0856132
[SKIP] (in range) event=3652, trackID=7, T0=-0.0856132
[COPY] event=36588, trackID=13, T0=0.151432 -> /Volumes/ssd_zhang/thesis_michel/server_processing/t0_rootFiles/beam28777_new202602/wvf_applyCut_removeBeam/wvfFind_event36588_trackID13_opNum8_merged.root
[COPY] event=36608, trackID=4, T0=-1.4147 -> /Volumes/ssd_zhang/thesis_michel/server_processing/t0_rootFiles/beam28777_new202602/wvf_applyCut_removeBeam/wvfFind_event36608_trackID4_opNum5_merged.root
[COPY] event=36609, trackID=4, T0=-0.524069 -> /Volumes/ssd_zhang/thesis_michel/server_processing/t0_rootFiles/beam28777_new202602/wvf_applyCut_removeBeam/wvfFind_event36609_trackID4_opNum4.root
[COPY] event=36623, trackID=4, T0=0.208984 -> /Volumes/ssd_zhang/thesis_michel/server_processing/t0_rootFiles/beam28777_new202602/wvf_applyCut_removeBeam/wvfFind_event36623_trackID4_opNum8.root
[COPY] event=36641, trackID=6, T0=-0.437711 -> /Volumes/ssd_zhang/thesis_michel/server_processing/t0_rootFiles/beam28777_new202602/wvf_applyCut_removeBeam/wvfFind_event36641_trackID6_opNum5.root
[COPY] event=36658, trackID=10, T0=-1.41796 -> /Volumes/ssd_zhang/thesis_michel/server_processing/t0_rootFiles/beam28777_new202602/wvf_applyCut_removeBeam/wvfFind_event36658_trackID10_opNum3.root
[SKIP] (in range) event=36666, trackID=13, T0=-0.073173
[COPY] event=36666, trackID=4, T0=-1.12009 -> /Volumes/ssd_zhang/thesis_michel/server_processing/t0_rootFiles/beam28777_new202602/wvf_applyCut_removeBeam/wvfFind_event36666_trackID4_opNum5.root
[COPY] event=36688, trackID=4, T0=0.02539 -> /Volumes/ssd_zhang/thesis_michel/server_processing/t0_rootFiles/beam28777_new202602/wvf_applyCut_removeBeam/wvfFind_event36688_trackID4_opNum3_merged.root
[COPY] event=36694, trackID=10, T0=-1.3588 -> /Volumes/ssd_zhang/thesis_michel/server_processing/t0_rootFiles/beam28777_new202602/wvf_applyCut_removeBeam/wvfFind_event36694_trackID10_opNum9.root
[COPY] event=36700, trackID=2, T0=-1.07517 -> /Volumes/ssd_zhang/thesis_michel/server_processing/t0_rootFiles/beam28777_new202602/wvf_applyCut_removeBeam/wvfFind_event36700_trackID2_opNum4.root
[COPY] event=36708, trackID=5, T0=-0.925636 -> /Volumes/ssd_zhang/thesis_michel/server_processing/t0_rootFiles/beam28777_new202602/wvf_applyCut_removeBeam/wvfFind_event36708_trackID5_opNum8.root
[COPY] event=36716, trackID=5, T0=-1.75988 -> /Volumes/ssd_zhang/thesis_michel/server_processing/t0_rootFiles/beam28777_new202602/wvf_applyCut_removeBeam/wvfFind_event36716_trackID5_opNum8.root
[COPY] event=36717, trackID=13, T0=0.177053 -> /Volumes/ssd_zhang/thesis_michel/server_processing/t0_rootFiles/beam28777_new202602/wvf_applyCut_removeBeam/wvfFind_event36717_trackID13_opNum9.root
[COPY] event=36717, trackID=13, T0=0.177053 -> /Volumes/ssd_zhang/thesis_michel/server_processing/t0_rootFiles/beam28777_new202602/wvf_applyCut_removeBeam/wvfFind_event36717_trackID13_opNum9_2.root
[COPY] event=36734, trackID=3, T0=-1.98143 -> /Volumes/ssd_zhang/thesis_michel/server_processing/t0_rootFiles/beam28777_new202602/wvf_applyCut_removeBeam/wvfFind_event36734_trackID3_opNum4.root
[COPY] event=36734, trackID=3, T0=-1.98143 -> /Volumes/ssd_zhang/thesis_michel/server_processing/t0_rootFiles/beam28777_new202602/wvf_applyCut_removeBeam/wvfFind_event36734_trackID3_opNum4_2.root
[COPY] event=36735, trackID=10, T0=0.427023 -> /Volumes/ssd_zhang/thesis_michel/server_processing/t0_rootFiles/beam28777_new202602/wvf_applyCut_removeBeam/wvfFind_event36735_trackID10_opNum4.root
[COPY] event=36737, trackID=33, T0=-2.29802 -> /Volumes/ssd_zhang/thesis_michel/server_processing/t0_rootFiles/beam28777_new202602/wvf_applyCut_removeBeam/wvfFind_event36737_trackID33_opNum9.root
[COPY] event=36761, trackID=6, T0=-0.792542 -> /Volumes/ssd_zhang/thesis_michel/server_processing/t0_rootFiles/beam28777_new202602/wvf_applyCut_removeBeam/wvfFind_event36761_trackID6_opNum9.root
[COPY] event=36766, trackID=16, T0=-1.86649 -> /Volumes/ssd_zhang/thesis_michel/server_processing/t0_rootFiles/beam28777_new202602/wvf_applyCut_removeBeam/wvfFind_event36766_trackID16_opNum7.root
[COPY] event=36768, trackID=13, T0=0.423035 -> /Volumes/ssd_zhang/thesis_michel/server_processing/t0_rootFiles/beam28777_new202602/wvf_applyCut_removeBeam/wvfFind_event36768_trackID13_opNum9.root
[SKIP] (in range) event=36815, trackID=0, T0=-0.101554
[COPY] event=36823, trackID=16, T0=-1.58582 -> /Volumes/ssd_zhang/thesis_michel/server_processing/t0_rootFiles/beam28777_new202602/wvf_applyCut_removeBeam/wvfFind_event36823_trackID16_opNum9_merged.root
[SKIP] (in range) event=36826, trackID=8, T0=-0.0915626
[SKIP] (in range) event=36826, trackID=8, T0=-0.0915626
[COPY] event=36839, trackID=1, T0=-1.87376 -> /Volumes/ssd_zhang/thesis_michel/server_processing/t0_rootFiles/beam28777_new202602/wvf_applyCut_removeBeam/wvfFind_event36839_trackID1_opNum5.root
[COPY] event=36860, trackID=21, T0=-0.90003 -> /Volumes/ssd_zhang/thesis_michel/server_processing/t0_rootFiles/beam28777_new202602/wvf_applyCut_removeBeam/wvfFind_event36860_trackID21_opNum6.root
[COPY] event=36863, trackID=11, T0=-0.6913 -> /Volumes/ssd_zhang/thesis_michel/server_processing/t0_rootFiles/beam28777_new202602/wvf_applyCut_removeBeam/wvfFind_event36863_trackID11_opNum3_merged.root
[COPY] event=36886, trackID=29, T0=-0.873162 -> /Volumes/ssd_zhang/thesis_michel/server_processing/t0_rootFiles/beam28777_new202602/wvf_applyCut_removeBeam/wvfFind_event36886_trackID29_opNum8_merged.root
[COPY] event=36898, trackID=16, T0=-2.2792 -> /Volumes/ssd_zhang/thesis_michel/server_processing/t0_rootFiles/beam28777_new202602/wvf_applyCut_removeBeam/wvfFind_event36898_trackID16_opNum3_merged.root
[COPY] event=36900, trackID=3, T0=-2.19072 -> /Volumes/ssd_zhang/thesis_michel/server_processing/t0_rootFiles/beam28777_new202602/wvf_applyCut_removeBeam/wvfFind_event36900_trackID3_opNum8.root
[COPY] event=36900, trackID=3, T0=-2.19072 -> /Volumes/ssd_zhang/thesis_michel/server_processing/t0_rootFiles/beam28777_new202602/wvf_applyCut_removeBeam/wvfFind_event36900_trackID3_opNum8_2.root
[COPY] event=36919, trackID=19, T0=-0.299597 -> /Volumes/ssd_zhang/thesis_michel/server_processing/t0_rootFiles/beam28777_new202602/wvf_applyCut_removeBeam/wvfFind_event36919_trackID19_opNum9.root
[COPY] event=36942, trackID=0, T0=-0.922848 -> /Volumes/ssd_zhang/thesis_michel/server_processing/t0_rootFiles/beam28777_new202602/wvf_applyCut_removeBeam/wvfFind_event36942_trackID0_opNum4.root
[COPY] event=36982, trackID=3, T0=-1.48533 -> /Volumes/ssd_zhang/thesis_michel/server_processing/t0_rootFiles/beam28777_new202602/wvf_applyCut_removeBeam/wvfFind_event36982_trackID3_opNum9.root
[COPY] event=36994, trackID=13, T0=-1.95643 -> /Volumes/ssd_zhang/thesis_michel/server_processing/t0_rootFiles/beam28777_new202602/wvf_applyCut_removeBeam/wvfFind_event36994_trackID13_opNum7_merged.root
[COPY] event=3702, trackID=4, T0=-1.97412 -> /Volumes/ssd_zhang/thesis_michel/server_processing/t0_rootFiles/beam28777_new202602/wvf_applyCut_removeBeam/wvfFind_event3702_trackID4_opNum9.root
[COPY] event=3702, trackID=4, T0=-1.97412 -> /Volumes/ssd_zhang/thesis_michel/server_processing/t0_rootFiles/beam28777_new202602/wvf_applyCut_removeBeam/wvfFind_event3702_trackID4_opNum9_2.root
[COPY] event=37033, trackID=11, T0=0.388881 -> /Volumes/ssd_zhang/thesis_michel/server_processing/t0_rootFiles/beam28777_new202602/wvf_applyCut_removeBeam/wvfFind_event37033_trackID11_opNum5.root
[COPY] event=37058, trackID=31, T0=-0.9376 -> /Volumes/ssd_zhang/thesis_michel/server_processing/t0_rootFiles/beam28777_new202602/wvf_applyCut_removeBeam/wvfFind_event37058_trackID31_opNum9.root
[COPY] event=37058, trackID=6, T0=-1.34719 -> /Volumes/ssd_zhang/thesis_michel/server_processing/t0_rootFiles/beam28777_new202602/wvf_applyCut_removeBeam/wvfFind_event37058_trackID6_opNum7_merged.root
[COPY] event=37069, trackID=2, T0=-1.19798 -> /Volumes/ssd_zhang/thesis_michel/server_processing/t0_rootFiles/beam28777_new202602/wvf_applyCut_removeBeam/wvfFind_event37069_trackID2_opNum5_merged.root
[COPY] event=3708, trackID=5, T0=-0.692273 -> /Volumes/ssd_zhang/thesis_michel/server_processing/t0_rootFiles/beam28777_new202602/wvf_applyCut_removeBeam/wvfFind_event3708_trackID5_opNum3.root
[COPY] event=370, trackID=15, T0=-0.56583 -> /Volumes/ssd_zhang/thesis_michel/server_processing/t0_rootFiles/beam28777_new202602/wvf_applyCut_removeBeam/wvfFind_event370_trackID15_opNum9.root
[COPY] event=37104, trackID=23, T0=-1.95865 -> /Volumes/ssd_zhang/thesis_michel/server_processing/t0_rootFiles/beam28777_new202602/wvf_applyCut_removeBeam/wvfFind_event37104_trackID23_opNum6.root
[COPY] event=37117, trackID=22, T0=-0.409107 -> /Volumes/ssd_zhang/thesis_michel/server_processing/t0_rootFiles/beam28777_new202602/wvf_applyCut_removeBeam/wvfFind_event37117_trackID22_opNum9.root
[COPY] event=37117, trackID=22, T0=-0.409107 -> /Volumes/ssd_zhang/thesis_michel/server_processing/t0_rootFiles/beam28777_new202602/wvf_applyCut_removeBeam/wvfFind_event37117_trackID22_opNum9_2.root
[COPY] event=37123, trackID=6, T0=-0.268686 -> /Volumes/ssd_zhang/thesis_michel/server_processing/t0_rootFiles/beam28777_new202602/wvf_applyCut_removeBeam/wvfFind_event37123_trackID6_opNum9.root
[COPY] event=37130, trackID=2, T0=-0.740182 -> /Volumes/ssd_zhang/thesis_michel/server_processing/t0_rootFiles/beam28777_new202602/wvf_applyCut_removeBeam/wvfFind_event37130_trackID2_opNum9.root
[COPY] event=37130, trackID=8, T0=0.459562 -> /Volumes/ssd_zhang/thesis_michel/server_processing/t0_rootFiles/beam28777_new202602/wvf_applyCut_removeBeam/wvfFind_event37130_trackID8_opNum9.root
[SKIP] (in range) event=37158, trackID=6, T0=-0.0577947
[COPY] event=37159, trackID=5, T0=-0.853975 -> /Volumes/ssd_zhang/thesis_michel/server_processing/t0_rootFiles/beam28777_new202602/wvf_applyCut_removeBeam/wvfFind_event37159_trackID5_opNum8.root
[COPY] event=3715, trackID=10, T0=-1.81149 -> /Volumes/ssd_zhang/thesis_michel/server_processing/t0_rootFiles/beam28777_new202602/wvf_applyCut_removeBeam/wvfFind_event3715_trackID10_opNum9.root
[COPY] event=37173, trackID=18, T0=-2.21646 -> /Volumes/ssd_zhang/thesis_michel/server_processing/t0_rootFiles/beam28777_new202602/wvf_applyCut_removeBeam/wvfFind_event37173_trackID18_opNum8.root
[COPY] event=37181, trackID=17, T0=-0.568772 -> /Volumes/ssd_zhang/thesis_michel/server_processing/t0_rootFiles/beam28777_new202602/wvf_applyCut_removeBeam/wvfFind_event37181_trackID17_opNum9.root
[COPY] event=37181, trackID=17, T0=-0.568772 -> /Volumes/ssd_zhang/thesis_michel/server_processing/t0_rootFiles/beam28777_new202602/wvf_applyCut_removeBeam/wvfFind_event37181_trackID17_opNum9_2.root
[COPY] event=37184, trackID=28, T0=-2.34331 -> /Volumes/ssd_zhang/thesis_michel/server_processing/t0_rootFiles/beam28777_new202602/wvf_applyCut_removeBeam/wvfFind_event37184_trackID28_opNum5.root
[COPY] event=37184, trackID=28, T0=-2.34331 -> /Volumes/ssd_zhang/thesis_michel/server_processing/t0_rootFiles/beam28777_new202602/wvf_applyCut_removeBeam/wvfFind_event37184_trackID28_opNum5_2.root
[COPY] event=37184, trackID=7, T0=-0.00831251 -> /Volumes/ssd_zhang/thesis_michel/server_processing/t0_rootFiles/beam28777_new202602/wvf_applyCut_removeBeam/wvfFind_event37184_trackID7_opNum9.root
[COPY] event=37190, trackID=11, T0=-0.0155189 -> /Volumes/ssd_zhang/thesis_michel/server_processing/t0_rootFiles/beam28777_new202602/wvf_applyCut_removeBeam/wvfFind_event37190_trackID11_opNum8.root
[COPY] event=37190, trackID=11, T0=-0.0155189 -> /Volumes/ssd_zhang/thesis_michel/server_processing/t0_rootFiles/beam28777_new202602/wvf_applyCut_removeBeam/wvfFind_event37190_trackID11_opNum8_2.root
[COPY] event=37200, trackID=10, T0=-2.10316 -> /Volumes/ssd_zhang/thesis_michel/server_processing/t0_rootFiles/beam28777_new202602/wvf_applyCut_removeBeam/wvfFind_event37200_trackID10_opNum9_merged.root
[COPY] event=37223, trackID=3, T0=-1.54895 -> /Volumes/ssd_zhang/thesis_michel/server_processing/t0_rootFiles/beam28777_new202602/wvf_applyCut_removeBeam/wvfFind_event37223_trackID3_opNum8.root
[COPY] event=37227, trackID=2, T0=-1.85568 -> /Volumes/ssd_zhang/thesis_michel/server_processing/t0_rootFiles/beam28777_new202602/wvf_applyCut_removeBeam/wvfFind_event37227_trackID2_opNum6.root
[COPY] event=37231, trackID=7, T0=-1.74365 -> /Volumes/ssd_zhang/thesis_michel/server_processing/t0_rootFiles/beam28777_new202602/wvf_applyCut_removeBeam/wvfFind_event37231_trackID7_opNum7.root
[COPY] event=37232, trackID=12, T0=-1.68055 -> /Volumes/ssd_zhang/thesis_michel/server_processing/t0_rootFiles/beam28777_new202602/wvf_applyCut_removeBeam/wvfFind_event37232_trackID12_opNum8.root
[COPY] event=3723, trackID=5, T0=-1.53928 -> /Volumes/ssd_zhang/thesis_michel/server_processing/t0_rootFiles/beam28777_new202602/wvf_applyCut_removeBeam/wvfFind_event3723_trackID5_opNum9.root
[COPY] event=37250, trackID=0, T0=-0.211285 -> /Volumes/ssd_zhang/thesis_michel/server_processing/t0_rootFiles/beam28777_new202602/wvf_applyCut_removeBeam/wvfFind_event37250_trackID0_opNum9.root
[COPY] event=37252, trackID=5, T0=0.347318 -> /Volumes/ssd_zhang/thesis_michel/server_processing/t0_rootFiles/beam28777_new202602/wvf_applyCut_removeBeam/wvfFind_event37252_trackID5_opNum7.root
[COPY] event=37271, trackID=6, T0=-0.927716 -> /Volumes/ssd_zhang/thesis_michel/server_processing/t0_rootFiles/beam28777_new202602/wvf_applyCut_removeBeam/wvfFind_event37271_trackID6_opNum4.root
[COPY] event=37271, trackID=6, T0=-0.927716 -> /Volumes/ssd_zhang/thesis_michel/server_processing/t0_rootFiles/beam28777_new202602/wvf_applyCut_removeBeam/wvfFind_event37271_trackID6_opNum4_2.root
[SKIP] (in range) event=37272, trackID=11, T0=-0.0644627
[SKIP] (in range) event=37272, trackID=11, T0=-0.0644627
[COPY] event=3728, trackID=3, T0=0.424859 -> /Volumes/ssd_zhang/thesis_michel/server_processing/t0_rootFiles/beam28777_new202602/wvf_applyCut_removeBeam/wvfFind_event3728_trackID3_opNum8.root
[COPY] event=3728, trackID=3, T0=0.424859 -> /Volumes/ssd_zhang/thesis_michel/server_processing/t0_rootFiles/beam28777_new202602/wvf_applyCut_removeBeam/wvfFind_event3728_trackID3_opNum8_2.root
[COPY] event=3729, trackID=11, T0=-0.966494 -> /Volumes/ssd_zhang/thesis_michel/server_processing/t0_rootFiles/beam28777_new202602/wvf_applyCut_removeBeam/wvfFind_event3729_trackID11_opNum3.root
[COPY] event=37301, trackID=16, T0=-0.300191 -> /Volumes/ssd_zhang/thesis_michel/server_processing/t0_rootFiles/beam28777_new202602/wvf_applyCut_removeBeam/wvfFind_event37301_trackID16_opNum9.root
[COPY] event=37301, trackID=9, T0=-1.03927 -> /Volumes/ssd_zhang/thesis_michel/server_processing/t0_rootFiles/beam28777_new202602/wvf_applyCut_removeBeam/wvfFind_event37301_trackID9_opNum6_merged.root
[COPY] event=37302, trackID=1, T0=-0.779508 -> /Volumes/ssd_zhang/thesis_michel/server_processing/t0_rootFiles/beam28777_new202602/wvf_applyCut_removeBeam/wvfFind_event37302_trackID1_opNum4.root
[COPY] event=37318, trackID=17, T0=-0.531313 -> /Volumes/ssd_zhang/thesis_michel/server_processing/t0_rootFiles/beam28777_new202602/wvf_applyCut_removeBeam/wvfFind_event37318_trackID17_opNum9.root
[COPY] event=37322, trackID=0, T0=-0.80031 -> /Volumes/ssd_zhang/thesis_michel/server_processing/t0_rootFiles/beam28777_new202602/wvf_applyCut_removeBeam/wvfFind_event37322_trackID0_opNum5.root
[COPY] event=37322, trackID=0, T0=-0.80031 -> /Volumes/ssd_zhang/thesis_michel/server_processing/t0_rootFiles/beam28777_new202602/wvf_applyCut_removeBeam/wvfFind_event37322_trackID0_opNum5_2.root
[COPY] event=37352, trackID=6, T0=-0.83884 -> /Volumes/ssd_zhang/thesis_michel/server_processing/t0_rootFiles/beam28777_new202602/wvf_applyCut_removeBeam/wvfFind_event37352_trackID6_opNum9_merged.root
[COPY] event=37377, trackID=29, T0=-0.560628 -> /Volumes/ssd_zhang/thesis_michel/server_processing/t0_rootFiles/beam28777_new202602/wvf_applyCut_removeBeam/wvfFind_event37377_trackID29_opNum4_merged.root
[COPY] event=37384, trackID=6, T0=-0.449855 -> /Volumes/ssd_zhang/thesis_michel/server_processing/t0_rootFiles/beam28777_new202602/wvf_applyCut_removeBeam/wvfFind_event37384_trackID6_opNum4.root
[COPY] event=37393, trackID=11, T0=0.182838 -> /Volumes/ssd_zhang/thesis_michel/server_processing/t0_rootFiles/beam28777_new202602/wvf_applyCut_removeBeam/wvfFind_event37393_trackID11_opNum8.root
[COPY] event=37400, trackID=14, T0=1.48962 -> /Volumes/ssd_zhang/thesis_michel/server_processing/t0_rootFiles/beam28777_new202602/wvf_applyCut_removeBeam/wvfFind_event37400_trackID14_opNum9_merged.root
[COPY] event=37406, trackID=6, T0=-1.79224 -> /Volumes/ssd_zhang/thesis_michel/server_processing/t0_rootFiles/beam28777_new202602/wvf_applyCut_removeBeam/wvfFind_event37406_trackID6_opNum5.root
[COPY] event=37406, trackID=6, T0=-1.79224 -> /Volumes/ssd_zhang/thesis_michel/server_processing/t0_rootFiles/beam28777_new202602/wvf_applyCut_removeBeam/wvfFind_event37406_trackID6_opNum5_2.root
[COPY] event=37427, trackID=7, T0=-0.186067 -> /Volumes/ssd_zhang/thesis_michel/server_processing/t0_rootFiles/beam28777_new202602/wvf_applyCut_removeBeam/wvfFind_event37427_trackID7_opNum9.root
[COPY] event=37436, trackID=3, T0=0.444379 -> /Volumes/ssd_zhang/thesis_michel/server_processing/t0_rootFiles/beam28777_new202602/wvf_applyCut_removeBeam/wvfFind_event37436_trackID3_opNum5.root
[COPY] event=37437, trackID=7, T0=0.0933975 -> /Volumes/ssd_zhang/thesis_michel/server_processing/t0_rootFiles/beam28777_new202602/wvf_applyCut_removeBeam/wvfFind_event37437_trackID7_opNum9.root
[COPY] event=37444, trackID=6, T0=0.318179 -> /Volumes/ssd_zhang/thesis_michel/server_processing/t0_rootFiles/beam28777_new202602/wvf_applyCut_removeBeam/wvfFind_event37444_trackID6_opNum6.root
[SKIP] (in range) event=37461, trackID=6, T0=-0.0899613
[COPY] event=37480, trackID=16, T0=-1.41492 -> /Volumes/ssd_zhang/thesis_michel/server_processing/t0_rootFiles/beam28777_new202602/wvf_applyCut_removeBeam/wvfFind_event37480_trackID16_opNum9.root
[COPY] event=37480, trackID=16, T0=-1.41492 -> /Volumes/ssd_zhang/thesis_michel/server_processing/t0_rootFiles/beam28777_new202602/wvf_applyCut_removeBeam/wvfFind_event37480_trackID16_opNum9_2.root
[COPY] event=37504, trackID=16, T0=-1.92934 -> /Volumes/ssd_zhang/thesis_michel/server_processing/t0_rootFiles/beam28777_new202602/wvf_applyCut_removeBeam/wvfFind_event37504_trackID16_opNum3.root
[COPY] event=37512, trackID=9, T0=0.320888 -> /Volumes/ssd_zhang/thesis_michel/server_processing/t0_rootFiles/beam28777_new202602/wvf_applyCut_removeBeam/wvfFind_event37512_trackID9_opNum5.root
[COPY] event=37517, trackID=10, T0=0.174174 -> /Volumes/ssd_zhang/thesis_michel/server_processing/t0_rootFiles/beam28777_new202602/wvf_applyCut_removeBeam/wvfFind_event37517_trackID10_opNum9.root
[COPY] event=37543, trackID=14, T0=-0.565326 -> /Volumes/ssd_zhang/thesis_michel/server_processing/t0_rootFiles/beam28777_new202602/wvf_applyCut_removeBeam/wvfFind_event37543_trackID14_opNum9.root
[COPY] event=37553, trackID=4, T0=-0.986115 -> /Volumes/ssd_zhang/thesis_michel/server_processing/t0_rootFiles/beam28777_new202602/wvf_applyCut_removeBeam/wvfFind_event37553_trackID4_opNum4.root
[COPY] event=37590, trackID=3, T0=-1.00883 -> /Volumes/ssd_zhang/thesis_michel/server_processing/t0_rootFiles/beam28777_new202602/wvf_applyCut_removeBeam/wvfFind_event37590_trackID3_opNum3.root
[COPY] event=37624, trackID=9, T0=-1.45013 -> /Volumes/ssd_zhang/thesis_michel/server_processing/t0_rootFiles/beam28777_new202602/wvf_applyCut_removeBeam/wvfFind_event37624_trackID9_opNum9.root
[COPY] event=37632, trackID=2, T0=-0.461156 -> /Volumes/ssd_zhang/thesis_michel/server_processing/t0_rootFiles/beam28777_new202602/wvf_applyCut_removeBeam/wvfFind_event37632_trackID2_opNum5.root
[COPY] event=37632, trackID=2, T0=-0.461156 -> /Volumes/ssd_zhang/thesis_michel/server_processing/t0_rootFiles/beam28777_new202602/wvf_applyCut_removeBeam/wvfFind_event37632_trackID2_opNum5_2.root
[COPY] event=37637, trackID=8, T0=0.377361 -> /Volumes/ssd_zhang/thesis_michel/server_processing/t0_rootFiles/beam28777_new202602/wvf_applyCut_removeBeam/wvfFind_event37637_trackID8_opNum9_merged.root
[COPY] event=37663, trackID=13, T0=-0.775794 -> /Volumes/ssd_zhang/thesis_michel/server_processing/t0_rootFiles/beam28777_new202602/wvf_applyCut_removeBeam/wvfFind_event37663_trackID13_opNum8_merged.root
[COPY] event=37683, trackID=11, T0=-0.864873 -> /Volumes/ssd_zhang/thesis_michel/server_processing/t0_rootFiles/beam28777_new202602/wvf_applyCut_removeBeam/wvfFind_event37683_trackID11_opNum7.root
[COPY] event=37684, trackID=10, T0=-1.56064 -> /Volumes/ssd_zhang/thesis_michel/server_processing/t0_rootFiles/beam28777_new202602/wvf_applyCut_removeBeam/wvfFind_event37684_trackID10_opNum4_merged.root
[COPY] event=37690, trackID=4, T0=0.272794 -> /Volumes/ssd_zhang/thesis_michel/server_processing/t0_rootFiles/beam28777_new202602/wvf_applyCut_removeBeam/wvfFind_event37690_trackID4_opNum4.root
[COPY] event=37713, trackID=8, T0=-1.8194 -> /Volumes/ssd_zhang/thesis_michel/server_processing/t0_rootFiles/beam28777_new202602/wvf_applyCut_removeBeam/wvfFind_event37713_trackID8_opNum3.root
[COPY] event=37724, trackID=36, T0=0.337531 -> /Volumes/ssd_zhang/thesis_michel/server_processing/t0_rootFiles/beam28777_new202602/wvf_applyCut_removeBeam/wvfFind_event37724_trackID36_opNum9.root
[COPY] event=37725, trackID=11, T0=-1.47603 -> /Volumes/ssd_zhang/thesis_michel/server_processing/t0_rootFiles/beam28777_new202602/wvf_applyCut_removeBeam/wvfFind_event37725_trackID11_opNum6.root
[COPY] event=37740, trackID=25, T0=-2.28322 -> /Volumes/ssd_zhang/thesis_michel/server_processing/t0_rootFiles/beam28777_new202602/wvf_applyCut_removeBeam/wvfFind_event37740_trackID25_opNum6.root
[COPY] event=37788, trackID=3, T0=-1.60349 -> /Volumes/ssd_zhang/thesis_michel/server_processing/t0_rootFiles/beam28777_new202602/wvf_applyCut_removeBeam/wvfFind_event37788_trackID3_opNum4.root
[COPY] event=37840, trackID=28, T0=-2.37101 -> /Volumes/ssd_zhang/thesis_michel/server_processing/t0_rootFiles/beam28777_new202602/wvf_applyCut_removeBeam/wvfFind_event37840_trackID28_opNum6.root
[COPY] event=37870, trackID=3, T0=-2.02269 -> /Volumes/ssd_zhang/thesis_michel/server_processing/t0_rootFiles/beam28777_new202602/wvf_applyCut_removeBeam/wvfFind_event37870_trackID3_opNum5.root
[COPY] event=37876, trackID=2, T0=0.101201 -> /Volumes/ssd_zhang/thesis_michel/server_processing/t0_rootFiles/beam28777_new202602/wvf_applyCut_removeBeam/wvfFind_event37876_trackID2_opNum9_merged.root
[COPY] event=37881, trackID=13, T0=-2.02583 -> /Volumes/ssd_zhang/thesis_michel/server_processing/t0_rootFiles/beam28777_new202602/wvf_applyCut_removeBeam/wvfFind_event37881_trackID13_opNum5.root
[COPY] event=37881, trackID=13, T0=-2.02583 -> /Volumes/ssd_zhang/thesis_michel/server_processing/t0_rootFiles/beam28777_new202602/wvf_applyCut_removeBeam/wvfFind_event37881_trackID13_opNum5_2.root
[COPY] event=37898, trackID=18, T0=-0.175781 -> /Volumes/ssd_zhang/thesis_michel/server_processing/t0_rootFiles/beam28777_new202602/wvf_applyCut_removeBeam/wvfFind_event37898_trackID18_opNum6.root
[COPY] event=37904, trackID=10, T0=-1.98857 -> /Volumes/ssd_zhang/thesis_michel/server_processing/t0_rootFiles/beam28777_new202602/wvf_applyCut_removeBeam/wvfFind_event37904_trackID10_opNum9.root
[COPY] event=3790, trackID=12, T0=0.324441 -> /Volumes/ssd_zhang/thesis_michel/server_processing/t0_rootFiles/beam28777_new202602/wvf_applyCut_removeBeam/wvfFind_event3790_trackID12_opNum8_merged.root
[COPY] event=37929, trackID=2, T0=-0.980618 -> /Volumes/ssd_zhang/thesis_michel/server_processing/t0_rootFiles/beam28777_new202602/wvf_applyCut_removeBeam/wvfFind_event37929_trackID2_opNum6.root
[COPY] event=37930, trackID=1, T0=-0.208429 -> /Volumes/ssd_zhang/thesis_michel/server_processing/t0_rootFiles/beam28777_new202602/wvf_applyCut_removeBeam/wvfFind_event37930_trackID1_opNum3.root
[COPY] event=37941, trackID=1, T0=-1.10252 -> /Volumes/ssd_zhang/thesis_michel/server_processing/t0_rootFiles/beam28777_new202602/wvf_applyCut_removeBeam/wvfFind_event37941_trackID1_opNum5.root
[COPY] event=3794, trackID=25, T0=-0.290416 -> /Volumes/ssd_zhang/thesis_michel/server_processing/t0_rootFiles/beam28777_new202602/wvf_applyCut_removeBeam/wvfFind_event3794_trackID25_opNum6_merged.root
[COPY] event=37965, trackID=4, T0=-1.06871 -> /Volumes/ssd_zhang/thesis_michel/server_processing/t0_rootFiles/beam28777_new202602/wvf_applyCut_removeBeam/wvfFind_event37965_trackID4_opNum3_merged.root
[COPY] event=37966, trackID=29, T0=-2.27619 -> /Volumes/ssd_zhang/thesis_michel/server_processing/t0_rootFiles/beam28777_new202602/wvf_applyCut_removeBeam/wvfFind_event37966_trackID29_opNum9.root
[COPY] event=37970, trackID=19, T0=-1.02721 -> /Volumes/ssd_zhang/thesis_michel/server_processing/t0_rootFiles/beam28777_new202602/wvf_applyCut_removeBeam/wvfFind_event37970_trackID19_opNum9.root
[COPY] event=37972, trackID=3, T0=-1.00596 -> /Volumes/ssd_zhang/thesis_michel/server_processing/t0_rootFiles/beam28777_new202602/wvf_applyCut_removeBeam/wvfFind_event37972_trackID3_opNum4_merged.root
[SKIP] (in range) event=37982, trackID=1, T0=-0.0555622
[COPY] event=37996, trackID=5, T0=-1.46014 -> /Volumes/ssd_zhang/thesis_michel/server_processing/t0_rootFiles/beam28777_new202602/wvf_applyCut_removeBeam/wvfFind_event37996_trackID5_opNum8_merged.root
[COPY] event=38007, trackID=1, T0=-0.126321 -> /Volumes/ssd_zhang/thesis_michel/server_processing/t0_rootFiles/beam28777_new202602/wvf_applyCut_removeBeam/wvfFind_event38007_trackID1_opNum5.root
[COPY] event=38022, trackID=17, T0=0.40696 -> /Volumes/ssd_zhang/thesis_michel/server_processing/t0_rootFiles/beam28777_new202602/wvf_applyCut_removeBeam/wvfFind_event38022_trackID17_opNum5.root
[COPY] event=38022, trackID=17, T0=0.40696 -> /Volumes/ssd_zhang/thesis_michel/server_processing/t0_rootFiles/beam28777_new202602/wvf_applyCut_removeBeam/wvfFind_event38022_trackID17_opNum5_2.root
[COPY] event=38022, trackID=17, T0=0.40696 -> /Volumes/ssd_zhang/thesis_michel/server_processing/t0_rootFiles/beam28777_new202602/wvf_applyCut_removeBeam/wvfFind_event38022_trackID17_opNum5_3.root
[COPY] event=38039, trackID=2, T0=-1.33405 -> /Volumes/ssd_zhang/thesis_michel/server_processing/t0_rootFiles/beam28777_new202602/wvf_applyCut_removeBeam/wvfFind_event38039_trackID2_opNum9.root
[COPY] event=38039, trackID=2, T0=-1.33405 -> /Volumes/ssd_zhang/thesis_michel/server_processing/t0_rootFiles/beam28777_new202602/wvf_applyCut_removeBeam/wvfFind_event38039_trackID2_opNum9_2.root
[COPY] event=38047, trackID=12, T0=-2.10989 -> /Volumes/ssd_zhang/thesis_michel/server_processing/t0_rootFiles/beam28777_new202602/wvf_applyCut_removeBeam/wvfFind_event38047_trackID12_opNum3_merged.root
[COPY] event=3805, trackID=18, T0=-1.08252 -> /Volumes/ssd_zhang/thesis_michel/server_processing/t0_rootFiles/beam28777_new202602/wvf_applyCut_removeBeam/wvfFind_event3805_trackID18_opNum9.root
[COPY] event=38060, trackID=6, T0=-0.954918 -> /Volumes/ssd_zhang/thesis_michel/server_processing/t0_rootFiles/beam28777_new202602/wvf_applyCut_removeBeam/wvfFind_event38060_trackID6_opNum9.root
[COPY] event=38062, trackID=11, T0=0.454048 -> /Volumes/ssd_zhang/thesis_michel/server_processing/t0_rootFiles/beam28777_new202602/wvf_applyCut_removeBeam/wvfFind_event38062_trackID11_opNum8.root
[COPY] event=38062, trackID=11, T0=0.454048 -> /Volumes/ssd_zhang/thesis_michel/server_processing/t0_rootFiles/beam28777_new202602/wvf_applyCut_removeBeam/wvfFind_event38062_trackID11_opNum8_2.root
[COPY] event=38077, trackID=8, T0=0.419996 -> /Volumes/ssd_zhang/thesis_michel/server_processing/t0_rootFiles/beam28777_new202602/wvf_applyCut_removeBeam/wvfFind_event38077_trackID8_opNum7_merged.root
[COPY] event=38082, trackID=6, T0=-2.10264 -> /Volumes/ssd_zhang/thesis_michel/server_processing/t0_rootFiles/beam28777_new202602/wvf_applyCut_removeBeam/wvfFind_event38082_trackID6_opNum5.root
[COPY] event=38097, trackID=13, T0=-0.223784 -> /Volumes/ssd_zhang/thesis_michel/server_processing/t0_rootFiles/beam28777_new202602/wvf_applyCut_removeBeam/wvfFind_event38097_trackID13_opNum9.root
[COPY] event=38100, trackID=13, T0=-1.25238 -> /Volumes/ssd_zhang/thesis_michel/server_processing/t0_rootFiles/beam28777_new202602/wvf_applyCut_removeBeam/wvfFind_event38100_trackID13_opNum9.root
[COPY] event=38100, trackID=22, T0=-1.76286 -> /Volumes/ssd_zhang/thesis_michel/server_processing/t0_rootFiles/beam28777_new202602/wvf_applyCut_removeBeam/wvfFind_event38100_trackID22_opNum8.root
[COPY] event=38102, trackID=4, T0=-0.297298 -> /Volumes/ssd_zhang/thesis_michel/server_processing/t0_rootFiles/beam28777_new202602/wvf_applyCut_removeBeam/wvfFind_event38102_trackID4_opNum4.root
[COPY] event=38102, trackID=4, T0=-0.297298 -> /Volumes/ssd_zhang/thesis_michel/server_processing/t0_rootFiles/beam28777_new202602/wvf_applyCut_removeBeam/wvfFind_event38102_trackID4_opNum4_2.root
[COPY] event=38114, trackID=2, T0=0.212415 -> /Volumes/ssd_zhang/thesis_michel/server_processing/t0_rootFiles/beam28777_new202602/wvf_applyCut_removeBeam/wvfFind_event38114_trackID2_opNum7_merged.root
[COPY] event=38118, trackID=15, T0=-0.885468 -> /Volumes/ssd_zhang/thesis_michel/server_processing/t0_rootFiles/beam28777_new202602/wvf_applyCut_removeBeam/wvfFind_event38118_trackID15_opNum7.root
[COPY] event=38133, trackID=7, T0=-0.92644 -> /Volumes/ssd_zhang/thesis_michel/server_processing/t0_rootFiles/beam28777_new202602/wvf_applyCut_removeBeam/wvfFind_event38133_trackID7_opNum5.root
[COPY] event=38135, trackID=15, T0=-0.89863 -> /Volumes/ssd_zhang/thesis_michel/server_processing/t0_rootFiles/beam28777_new202602/wvf_applyCut_removeBeam/wvfFind_event38135_trackID15_opNum7_merged.root
[COPY] event=38224, trackID=4, T0=-1.8534 -> /Volumes/ssd_zhang/thesis_michel/server_processing/t0_rootFiles/beam28777_new202602/wvf_applyCut_removeBeam/wvfFind_event38224_trackID4_opNum4.root
[COPY] event=38225, trackID=6, T0=-1.93891 -> /Volumes/ssd_zhang/thesis_michel/server_processing/t0_rootFiles/beam28777_new202602/wvf_applyCut_removeBeam/wvfFind_event38225_trackID6_opNum4.root
[COPY] event=38231, trackID=6, T0=-1.75355 -> /Volumes/ssd_zhang/thesis_michel/server_processing/t0_rootFiles/beam28777_new202602/wvf_applyCut_removeBeam/wvfFind_event38231_trackID6_opNum9.root
[COPY] event=38269, trackID=8, T0=-1.81283 -> /Volumes/ssd_zhang/thesis_michel/server_processing/t0_rootFiles/beam28777_new202602/wvf_applyCut_removeBeam/wvfFind_event38269_trackID8_opNum8.root
[COPY] event=38306, trackID=7, T0=-1.4281 -> /Volumes/ssd_zhang/thesis_michel/server_processing/t0_rootFiles/beam28777_new202602/wvf_applyCut_removeBeam/wvfFind_event38306_trackID7_opNum8.root
[COPY] event=38306, trackID=7, T0=-1.4281 -> /Volumes/ssd_zhang/thesis_michel/server_processing/t0_rootFiles/beam28777_new202602/wvf_applyCut_removeBeam/wvfFind_event38306_trackID7_opNum8_2.root
[COPY] event=38314, trackID=2, T0=-1.13542 -> /Volumes/ssd_zhang/thesis_michel/server_processing/t0_rootFiles/beam28777_new202602/wvf_applyCut_removeBeam/wvfFind_event38314_trackID2_opNum5.root
[COPY] event=38323, trackID=30, T0=-2.44549 -> /Volumes/ssd_zhang/thesis_michel/server_processing/t0_rootFiles/beam28777_new202602/wvf_applyCut_removeBeam/wvfFind_event38323_trackID30_opNum5.root
[COPY] event=38359, trackID=11, T0=-2.29486 -> /Volumes/ssd_zhang/thesis_michel/server_processing/t0_rootFiles/beam28777_new202602/wvf_applyCut_removeBeam/wvfFind_event38359_trackID11_opNum9.root
[COPY] event=38378, trackID=1, T0=0.44073 -> /Volumes/ssd_zhang/thesis_michel/server_processing/t0_rootFiles/beam28777_new202602/wvf_applyCut_removeBeam/wvfFind_event38378_trackID1_opNum9.root
[COPY] event=38391, trackID=3, T0=-1.08507 -> /Volumes/ssd_zhang/thesis_michel/server_processing/t0_rootFiles/beam28777_new202602/wvf_applyCut_removeBeam/wvfFind_event38391_trackID3_opNum8.root
[COPY] event=38392, trackID=28, T0=-2.18767 -> /Volumes/ssd_zhang/thesis_michel/server_processing/t0_rootFiles/beam28777_new202602/wvf_applyCut_removeBeam/wvfFind_event38392_trackID28_opNum9_merged.root
[COPY] event=3841, trackID=23, T0=-0.170754 -> /Volumes/ssd_zhang/thesis_michel/server_processing/t0_rootFiles/beam28777_new202602/wvf_applyCut_removeBeam/wvfFind_event3841_trackID23_opNum9.root
[COPY] event=38432, trackID=8, T0=-2.10277 -> /Volumes/ssd_zhang/thesis_michel/server_processing/t0_rootFiles/beam28777_new202602/wvf_applyCut_removeBeam/wvfFind_event38432_trackID8_opNum4.root
[COPY] event=38432, trackID=8, T0=-2.10277 -> /Volumes/ssd_zhang/thesis_michel/server_processing/t0_rootFiles/beam28777_new202602/wvf_applyCut_removeBeam/wvfFind_event38432_trackID8_opNum4_2.root
[COPY] event=38440, trackID=21, T0=-0.320682 -> /Volumes/ssd_zhang/thesis_michel/server_processing/t0_rootFiles/beam28777_new202602/wvf_applyCut_removeBeam/wvfFind_event38440_trackID21_opNum6_merged.root
[COPY] event=38464, trackID=26, T0=-2.25257 -> /Volumes/ssd_zhang/thesis_michel/server_processing/t0_rootFiles/beam28777_new202602/wvf_applyCut_removeBeam/wvfFind_event38464_trackID26_opNum5.root
[COPY] event=38482, trackID=2, T0=-0.436064 -> /Volumes/ssd_zhang/thesis_michel/server_processing/t0_rootFiles/beam28777_new202602/wvf_applyCut_removeBeam/wvfFind_event38482_trackID2_opNum4.root
[COPY] event=38482, trackID=2, T0=-0.436064 -> /Volumes/ssd_zhang/thesis_michel/server_processing/t0_rootFiles/beam28777_new202602/wvf_applyCut_removeBeam/wvfFind_event38482_trackID2_opNum4_2.root
[COPY] event=38482, trackID=2, T0=-0.436064 -> /Volumes/ssd_zhang/thesis_michel/server_processing/t0_rootFiles/beam28777_new202602/wvf_applyCut_removeBeam/wvfFind_event38482_trackID2_opNum4_3.root
[COPY] event=3848, trackID=14, T0=-1.43306 -> /Volumes/ssd_zhang/thesis_michel/server_processing/t0_rootFiles/beam28777_new202602/wvf_applyCut_removeBeam/wvfFind_event3848_trackID14_opNum4_merged.root
[COPY] event=38491, trackID=24, T0=-2.37147 -> /Volumes/ssd_zhang/thesis_michel/server_processing/t0_rootFiles/beam28777_new202602/wvf_applyCut_removeBeam/wvfFind_event38491_trackID24_opNum9.root
[COPY] event=38528, trackID=2, T0=-0.758533 -> /Volumes/ssd_zhang/thesis_michel/server_processing/t0_rootFiles/beam28777_new202602/wvf_applyCut_removeBeam/wvfFind_event38528_trackID2_opNum8.root
[COPY] event=38529, trackID=46, T0=-2.46915 -> /Volumes/ssd_zhang/thesis_michel/server_processing/t0_rootFiles/beam28777_new202602/wvf_applyCut_removeBeam/wvfFind_event38529_trackID46_opNum7_merged.root
[COPY] event=38534, trackID=11, T0=-0.887078 -> /Volumes/ssd_zhang/thesis_michel/server_processing/t0_rootFiles/beam28777_new202602/wvf_applyCut_removeBeam/wvfFind_event38534_trackID11_opNum4.root
[COPY] event=38575, trackID=14, T0=-1.32118 -> /Volumes/ssd_zhang/thesis_michel/server_processing/t0_rootFiles/beam28777_new202602/wvf_applyCut_removeBeam/wvfFind_event38575_trackID14_opNum3.root
[SKIP] (in range) event=38603, trackID=37, T0=-0.0305213
[SKIP] (in range) event=38605, trackID=5, T0=-0.0657957
[SKIP] (in range) event=38605, trackID=5, T0=-0.0657957
[COPY] event=3860, trackID=21, T0=-2.28857 -> /Volumes/ssd_zhang/thesis_michel/server_processing/t0_rootFiles/beam28777_new202602/wvf_applyCut_removeBeam/wvfFind_event3860_trackID21_opNum9.root
[COPY] event=38613, trackID=8, T0=-0.369732 -> /Volumes/ssd_zhang/thesis_michel/server_processing/t0_rootFiles/beam28777_new202602/wvf_applyCut_removeBeam/wvfFind_event38613_trackID8_opNum6.root
[COPY] event=38651, trackID=26, T0=-2.25019 -> /Volumes/ssd_zhang/thesis_michel/server_processing/t0_rootFiles/beam28777_new202602/wvf_applyCut_removeBeam/wvfFind_event38651_trackID26_opNum8.root
[COPY] event=38652, trackID=12, T0=-1.40647 -> /Volumes/ssd_zhang/thesis_michel/server_processing/t0_rootFiles/beam28777_new202602/wvf_applyCut_removeBeam/wvfFind_event38652_trackID12_opNum9.root
[COPY] event=3865, trackID=17, T0=-0.265473 -> /Volumes/ssd_zhang/thesis_michel/server_processing/t0_rootFiles/beam28777_new202602/wvf_applyCut_removeBeam/wvfFind_event3865_trackID17_opNum8_merged.root
[COPY] event=38683, trackID=6, T0=-0.698228 -> /Volumes/ssd_zhang/thesis_michel/server_processing/t0_rootFiles/beam28777_new202602/wvf_applyCut_removeBeam/wvfFind_event38683_trackID6_opNum3_merged.root
[COPY] event=38684, trackID=25, T0=-1.22578 -> /Volumes/ssd_zhang/thesis_michel/server_processing/t0_rootFiles/beam28777_new202602/wvf_applyCut_removeBeam/wvfFind_event38684_trackID25_opNum9.root
[COPY] event=38688, trackID=2, T0=0.320609 -> /Volumes/ssd_zhang/thesis_michel/server_processing/t0_rootFiles/beam28777_new202602/wvf_applyCut_removeBeam/wvfFind_event38688_trackID2_opNum5.root
[COPY] event=38703, trackID=1, T0=0.275589 -> /Volumes/ssd_zhang/thesis_michel/server_processing/t0_rootFiles/beam28777_new202602/wvf_applyCut_removeBeam/wvfFind_event38703_trackID1_opNum9.root
[COPY] event=38703, trackID=1, T0=0.275589 -> /Volumes/ssd_zhang/thesis_michel/server_processing/t0_rootFiles/beam28777_new202602/wvf_applyCut_removeBeam/wvfFind_event38703_trackID1_opNum9_2.root
[COPY] event=3870, trackID=4, T0=0.392673 -> /Volumes/ssd_zhang/thesis_michel/server_processing/t0_rootFiles/beam28777_new202602/wvf_applyCut_removeBeam/wvfFind_event3870_trackID4_opNum4.root
[COPY] event=38725, trackID=26, T0=-2.3584 -> /Volumes/ssd_zhang/thesis_michel/server_processing/t0_rootFiles/beam28777_new202602/wvf_applyCut_removeBeam/wvfFind_event38725_trackID26_opNum9.root
[COPY] event=38743, trackID=10, T0=-2.09387 -> /Volumes/ssd_zhang/thesis_michel/server_processing/t0_rootFiles/beam28777_new202602/wvf_applyCut_removeBeam/wvfFind_event38743_trackID10_opNum8_merged.root
[COPY] event=38746, trackID=14, T0=-1.26968 -> /Volumes/ssd_zhang/thesis_michel/server_processing/t0_rootFiles/beam28777_new202602/wvf_applyCut_removeBeam/wvfFind_event38746_trackID14_opNum6.root
[COPY] event=38752, trackID=8, T0=-0.2964 -> /Volumes/ssd_zhang/thesis_michel/server_processing/t0_rootFiles/beam28777_new202602/wvf_applyCut_removeBeam/wvfFind_event38752_trackID8_opNum5.root
[COPY] event=38752, trackID=8, T0=-0.2964 -> /Volumes/ssd_zhang/thesis_michel/server_processing/t0_rootFiles/beam28777_new202602/wvf_applyCut_removeBeam/wvfFind_event38752_trackID8_opNum5_2.root
[COPY] event=38755, trackID=8, T0=-1.06631 -> /Volumes/ssd_zhang/thesis_michel/server_processing/t0_rootFiles/beam28777_new202602/wvf_applyCut_removeBeam/wvfFind_event38755_trackID8_opNum3_merged.root
[COPY] event=38760, trackID=5, T0=-2.03605 -> /Volumes/ssd_zhang/thesis_michel/server_processing/t0_rootFiles/beam28777_new202602/wvf_applyCut_removeBeam/wvfFind_event38760_trackID5_opNum5.root
[COPY] event=38776, trackID=15, T0=-1.42076 -> /Volumes/ssd_zhang/thesis_michel/server_processing/t0_rootFiles/beam28777_new202602/wvf_applyCut_removeBeam/wvfFind_event38776_trackID15_opNum3.root
[COPY] event=38788, trackID=11, T0=-1.71564 -> /Volumes/ssd_zhang/thesis_michel/server_processing/t0_rootFiles/beam28777_new202602/wvf_applyCut_removeBeam/wvfFind_event38788_trackID11_opNum8.root
[COPY] event=38797, trackID=7, T0=-0.151168 -> /Volumes/ssd_zhang/thesis_michel/server_processing/t0_rootFiles/beam28777_new202602/wvf_applyCut_removeBeam/wvfFind_event38797_trackID7_opNum9.root
[COPY] event=38799, trackID=11, T0=-1.43579 -> /Volumes/ssd_zhang/thesis_michel/server_processing/t0_rootFiles/beam28777_new202602/wvf_applyCut_removeBeam/wvfFind_event38799_trackID11_opNum4.root
[COPY] event=38824, trackID=29, T0=-0.371671 -> /Volumes/ssd_zhang/thesis_michel/server_processing/t0_rootFiles/beam28777_new202602/wvf_applyCut_removeBeam/wvfFind_event38824_trackID29_opNum8.root
[COPY] event=38864, trackID=19, T0=-1.58048 -> /Volumes/ssd_zhang/thesis_michel/server_processing/t0_rootFiles/beam28777_new202602/wvf_applyCut_removeBeam/wvfFind_event38864_trackID19_opNum4.root
[COPY] event=3886, trackID=19, T0=0.0995708 -> /Volumes/ssd_zhang/thesis_michel/server_processing/t0_rootFiles/beam28777_new202602/wvf_applyCut_removeBeam/wvfFind_event3886_trackID19_opNum9_merged.root
[COPY] event=3887, trackID=7, T0=0.383846 -> /Volumes/ssd_zhang/thesis_michel/server_processing/t0_rootFiles/beam28777_new202602/wvf_applyCut_removeBeam/wvfFind_event3887_trackID7_opNum8.root
[COPY] event=38903, trackID=22, T0=-2.45839 -> /Volumes/ssd_zhang/thesis_michel/server_processing/t0_rootFiles/beam28777_new202602/wvf_applyCut_removeBeam/wvfFind_event38903_trackID22_opNum9.root
[COPY] event=38903, trackID=25, T0=-2.2725 -> /Volumes/ssd_zhang/thesis_michel/server_processing/t0_rootFiles/beam28777_new202602/wvf_applyCut_removeBeam/wvfFind_event38903_trackID25_opNum9.root
[COPY] event=38907, trackID=6, T0=-1.1206 -> /Volumes/ssd_zhang/thesis_michel/server_processing/t0_rootFiles/beam28777_new202602/wvf_applyCut_removeBeam/wvfFind_event38907_trackID6_opNum5.root
[COPY] event=38912, trackID=3, T0=0.384495 -> /Volumes/ssd_zhang/thesis_michel/server_processing/t0_rootFiles/beam28777_new202602/wvf_applyCut_removeBeam/wvfFind_event38912_trackID3_opNum3.root
[COPY] event=38942, trackID=4, T0=-1.16011 -> /Volumes/ssd_zhang/thesis_michel/server_processing/t0_rootFiles/beam28777_new202602/wvf_applyCut_removeBeam/wvfFind_event38942_trackID4_opNum8.root
[COPY] event=38944, trackID=37, T0=-2.41376 -> /Volumes/ssd_zhang/thesis_michel/server_processing/t0_rootFiles/beam28777_new202602/wvf_applyCut_removeBeam/wvfFind_event38944_trackID37_opNum5.root
[COPY] event=38946, trackID=7, T0=-0.404621 -> /Volumes/ssd_zhang/thesis_michel/server_processing/t0_rootFiles/beam28777_new202602/wvf_applyCut_removeBeam/wvfFind_event38946_trackID7_opNum3.root
[COPY] event=38956, trackID=24, T0=-2.13296 -> /Volumes/ssd_zhang/thesis_michel/server_processing/t0_rootFiles/beam28777_new202602/wvf_applyCut_removeBeam/wvfFind_event38956_trackID24_opNum9.root
[COPY] event=38967, trackID=1, T0=-1.18984 -> /Volumes/ssd_zhang/thesis_michel/server_processing/t0_rootFiles/beam28777_new202602/wvf_applyCut_removeBeam/wvfFind_event38967_trackID1_opNum9.root
[COPY] event=38967, trackID=1, T0=-1.18984 -> /Volumes/ssd_zhang/thesis_michel/server_processing/t0_rootFiles/beam28777_new202602/wvf_applyCut_removeBeam/wvfFind_event38967_trackID1_opNum9_2.root
[COPY] event=38978, trackID=20, T0=-1.37821 -> /Volumes/ssd_zhang/thesis_michel/server_processing/t0_rootFiles/beam28777_new202602/wvf_applyCut_removeBeam/wvfFind_event38978_trackID20_opNum4.root
[COPY] event=38981, trackID=8, T0=-1.34052 -> /Volumes/ssd_zhang/thesis_michel/server_processing/t0_rootFiles/beam28777_new202602/wvf_applyCut_removeBeam/wvfFind_event38981_trackID8_opNum3.root
[COPY] event=38982, trackID=22, T0=-2.25991 -> /Volumes/ssd_zhang/thesis_michel/server_processing/t0_rootFiles/beam28777_new202602/wvf_applyCut_removeBeam/wvfFind_event38982_trackID22_opNum9.root
[SKIP] (in range) event=38985, trackID=7, T0=-0.0310378
[COPY] event=38987, trackID=6, T0=-0.46024 -> /Volumes/ssd_zhang/thesis_michel/server_processing/t0_rootFiles/beam28777_new202602/wvf_applyCut_removeBeam/wvfFind_event38987_trackID6_opNum5.root
[COPY] event=39003, trackID=22, T0=-2.27469 -> /Volumes/ssd_zhang/thesis_michel/server_processing/t0_rootFiles/beam28777_new202602/wvf_applyCut_removeBeam/wvfFind_event39003_trackID22_opNum5.root
[COPY] event=39003, trackID=22, T0=-2.27469 -> /Volumes/ssd_zhang/thesis_michel/server_processing/t0_rootFiles/beam28777_new202602/wvf_applyCut_removeBeam/wvfFind_event39003_trackID22_opNum5_2.root
[COPY] event=39009, trackID=10, T0=-0.901301 -> /Volumes/ssd_zhang/thesis_michel/server_processing/t0_rootFiles/beam28777_new202602/wvf_applyCut_removeBeam/wvfFind_event39009_trackID10_opNum8.root
[COPY] event=39009, trackID=10, T0=-0.901301 -> /Volumes/ssd_zhang/thesis_michel/server_processing/t0_rootFiles/beam28777_new202602/wvf_applyCut_removeBeam/wvfFind_event39009_trackID10_opNum8_2.root
[COPY] event=39009, trackID=8, T0=-0.720949 -> /Volumes/ssd_zhang/thesis_michel/server_processing/t0_rootFiles/beam28777_new202602/wvf_applyCut_removeBeam/wvfFind_event39009_trackID8_opNum4.root
[COPY] event=39041, trackID=10, T0=-1.97861 -> /Volumes/ssd_zhang/thesis_michel/server_processing/t0_rootFiles/beam28777_new202602/wvf_applyCut_removeBeam/wvfFind_event39041_trackID10_opNum8.root
[COPY] event=39041, trackID=10, T0=-1.97861 -> /Volumes/ssd_zhang/thesis_michel/server_processing/t0_rootFiles/beam28777_new202602/wvf_applyCut_removeBeam/wvfFind_event39041_trackID10_opNum8_2.root
[COPY] event=39063, trackID=0, T0=0.119659 -> /Volumes/ssd_zhang/thesis_michel/server_processing/t0_rootFiles/beam28777_new202602/wvf_applyCut_removeBeam/wvfFind_event39063_trackID0_opNum4.root
[COPY] event=39063, trackID=0, T0=0.119659 -> /Volumes/ssd_zhang/thesis_michel/server_processing/t0_rootFiles/beam28777_new202602/wvf_applyCut_removeBeam/wvfFind_event39063_trackID0_opNum4_2.root
[SKIP] (in range) event=39068, trackID=10, T0=-0.110766
[SKIP] (in range) event=39068, trackID=10, T0=-0.110766
[COPY] event=39068, trackID=3, T0=-0.339651 -> /Volumes/ssd_zhang/thesis_michel/server_processing/t0_rootFiles/beam28777_new202602/wvf_applyCut_removeBeam/wvfFind_event39068_trackID3_opNum5.root
[COPY] event=39125, trackID=9, T0=-0.187535 -> /Volumes/ssd_zhang/thesis_michel/server_processing/t0_rootFiles/beam28777_new202602/wvf_applyCut_removeBeam/wvfFind_event39125_trackID9_opNum5.root
[COPY] event=39125, trackID=9, T0=-0.187535 -> /Volumes/ssd_zhang/thesis_michel/server_processing/t0_rootFiles/beam28777_new202602/wvf_applyCut_removeBeam/wvfFind_event39125_trackID9_opNum5_2.root
[COPY] event=39131, trackID=13, T0=-1.37095 -> /Volumes/ssd_zhang/thesis_michel/server_processing/t0_rootFiles/beam28777_new202602/wvf_applyCut_removeBeam/wvfFind_event39131_trackID13_opNum3.root
[COPY] event=3913, trackID=0, T0=0.244724 -> /Volumes/ssd_zhang/thesis_michel/server_processing/t0_rootFiles/beam28777_new202602/wvf_applyCut_removeBeam/wvfFind_event3913_trackID0_opNum9.root
[COPY] event=3913, trackID=22, T0=-0.421248 -> /Volumes/ssd_zhang/thesis_michel/server_processing/t0_rootFiles/beam28777_new202602/wvf_applyCut_removeBeam/wvfFind_event3913_trackID22_opNum6_merged.root
[COPY] event=39147, trackID=21, T0=-0.170738 -> /Volumes/ssd_zhang/thesis_michel/server_processing/t0_rootFiles/beam28777_new202602/wvf_applyCut_removeBeam/wvfFind_event39147_trackID21_opNum8.root
[COPY] event=39154, trackID=9, T0=-1.98883 -> /Volumes/ssd_zhang/thesis_michel/server_processing/t0_rootFiles/beam28777_new202602/wvf_applyCut_removeBeam/wvfFind_event39154_trackID9_opNum4.root
[COPY] event=39167, trackID=7, T0=0.39123 -> /Volumes/ssd_zhang/thesis_michel/server_processing/t0_rootFiles/beam28777_new202602/wvf_applyCut_removeBeam/wvfFind_event39167_trackID7_opNum3.root
[COPY] event=39195, trackID=6, T0=-0.575343 -> /Volumes/ssd_zhang/thesis_michel/server_processing/t0_rootFiles/beam28777_new202602/wvf_applyCut_removeBeam/wvfFind_event39195_trackID6_opNum3.root
[COPY] event=39203, trackID=27, T0=1.11322 -> /Volumes/ssd_zhang/thesis_michel/server_processing/t0_rootFiles/beam28777_new202602/wvf_applyCut_removeBeam/wvfFind_event39203_trackID27_opNum9.root
[COPY] event=39231, trackID=12, T0=-0.285053 -> /Volumes/ssd_zhang/thesis_michel/server_processing/t0_rootFiles/beam28777_new202602/wvf_applyCut_removeBeam/wvfFind_event39231_trackID12_opNum4.root
[COPY] event=39268, trackID=26, T0=-1.24863 -> /Volumes/ssd_zhang/thesis_michel/server_processing/t0_rootFiles/beam28777_new202602/wvf_applyCut_removeBeam/wvfFind_event39268_trackID26_opNum9.root
[COPY] event=3927, trackID=0, T0=-0.591788 -> /Volumes/ssd_zhang/thesis_michel/server_processing/t0_rootFiles/beam28777_new202602/wvf_applyCut_removeBeam/wvfFind_event3927_trackID0_opNum5_merged.root
[COPY] event=39294, trackID=8, T0=-0.790605 -> /Volumes/ssd_zhang/thesis_michel/server_processing/t0_rootFiles/beam28777_new202602/wvf_applyCut_removeBeam/wvfFind_event39294_trackID8_opNum3.root
[COPY] event=39306, trackID=0, T0=0.446054 -> /Volumes/ssd_zhang/thesis_michel/server_processing/t0_rootFiles/beam28777_new202602/wvf_applyCut_removeBeam/wvfFind_event39306_trackID0_opNum9.root
[COPY] event=39311, trackID=9, T0=-1.90177 -> /Volumes/ssd_zhang/thesis_michel/server_processing/t0_rootFiles/beam28777_new202602/wvf_applyCut_removeBeam/wvfFind_event39311_trackID9_opNum8.root
[COPY] event=39319, trackID=2, T0=-1.40165 -> /Volumes/ssd_zhang/thesis_michel/server_processing/t0_rootFiles/beam28777_new202602/wvf_applyCut_removeBeam/wvfFind_event39319_trackID2_opNum8.root
[COPY] event=39346, trackID=9, T0=-1.26622 -> /Volumes/ssd_zhang/thesis_michel/server_processing/t0_rootFiles/beam28777_new202602/wvf_applyCut_removeBeam/wvfFind_event39346_trackID9_opNum4.root
[COPY] event=39346, trackID=9, T0=-1.26622 -> /Volumes/ssd_zhang/thesis_michel/server_processing/t0_rootFiles/beam28777_new202602/wvf_applyCut_removeBeam/wvfFind_event39346_trackID9_opNum4_2.root
[COPY] event=39352, trackID=40, T0=-2.39966 -> /Volumes/ssd_zhang/thesis_michel/server_processing/t0_rootFiles/beam28777_new202602/wvf_applyCut_removeBeam/wvfFind_event39352_trackID40_opNum9.root
[COPY] event=39354, trackID=21, T0=0.968659 -> /Volumes/ssd_zhang/thesis_michel/server_processing/t0_rootFiles/beam28777_new202602/wvf_applyCut_removeBeam/wvfFind_event39354_trackID21_opNum9.root
[COPY] event=39354, trackID=23, T0=-0.422262 -> /Volumes/ssd_zhang/thesis_michel/server_processing/t0_rootFiles/beam28777_new202602/wvf_applyCut_removeBeam/wvfFind_event39354_trackID23_opNum6_merged.root
[SKIP] (in range) event=39377, trackID=8, T0=-0.0710014
[COPY] event=39378, trackID=14, T0=-0.392046 -> /Volumes/ssd_zhang/thesis_michel/server_processing/t0_rootFiles/beam28777_new202602/wvf_applyCut_removeBeam/wvfFind_event39378_trackID14_opNum7.root
[COPY] event=39381, trackID=5, T0=-1.19615 -> /Volumes/ssd_zhang/thesis_michel/server_processing/t0_rootFiles/beam28777_new202602/wvf_applyCut_removeBeam/wvfFind_event39381_trackID5_opNum5.root
[COPY] event=39395, trackID=0, T0=-0.223276 -> /Volumes/ssd_zhang/thesis_michel/server_processing/t0_rootFiles/beam28777_new202602/wvf_applyCut_removeBeam/wvfFind_event39395_trackID0_opNum5.root
[COPY] event=39395, trackID=0, T0=-0.223276 -> /Volumes/ssd_zhang/thesis_michel/server_processing/t0_rootFiles/beam28777_new202602/wvf_applyCut_removeBeam/wvfFind_event39395_trackID0_opNum5_2.root
[COPY] event=39398, trackID=25, T0=-0.0274496 -> /Volumes/ssd_zhang/thesis_michel/server_processing/t0_rootFiles/beam28777_new202602/wvf_applyCut_removeBeam/wvfFind_event39398_trackID25_opNum9_merged.root
[COPY] event=3939, trackID=5, T0=0.19394 -> /Volumes/ssd_zhang/thesis_michel/server_processing/t0_rootFiles/beam28777_new202602/wvf_applyCut_removeBeam/wvfFind_event3939_trackID5_opNum9.root
[COPY] event=39408, trackID=4, T0=-1.18443 -> /Volumes/ssd_zhang/thesis_michel/server_processing/t0_rootFiles/beam28777_new202602/wvf_applyCut_removeBeam/wvfFind_event39408_trackID4_opNum8.root
[COPY] event=39444, trackID=9, T0=0.173501 -> /Volumes/ssd_zhang/thesis_michel/server_processing/t0_rootFiles/beam28777_new202602/wvf_applyCut_removeBeam/wvfFind_event39444_trackID9_opNum5.root
[COPY] event=3945, trackID=0, T0=-0.807074 -> /Volumes/ssd_zhang/thesis_michel/server_processing/t0_rootFiles/beam28777_new202602/wvf_applyCut_removeBeam/wvfFind_event3945_trackID0_opNum4.root
[COPY] event=39470, trackID=24, T0=-1.98296 -> /Volumes/ssd_zhang/thesis_michel/server_processing/t0_rootFiles/beam28777_new202602/wvf_applyCut_removeBeam/wvfFind_event39470_trackID24_opNum5.root
[COPY] event=39482, trackID=4, T0=-1.14604 -> /Volumes/ssd_zhang/thesis_michel/server_processing/t0_rootFiles/beam28777_new202602/wvf_applyCut_removeBeam/wvfFind_event39482_trackID4_opNum6.root
[COPY] event=39505, trackID=6, T0=-1.70488 -> /Volumes/ssd_zhang/thesis_michel/server_processing/t0_rootFiles/beam28777_new202602/wvf_applyCut_removeBeam/wvfFind_event39505_trackID6_opNum4.root
[COPY] event=39515, trackID=17, T0=-2.14959 -> /Volumes/ssd_zhang/thesis_michel/server_processing/t0_rootFiles/beam28777_new202602/wvf_applyCut_removeBeam/wvfFind_event39515_trackID17_opNum9.root
[COPY] event=39536, trackID=6, T0=-0.743525 -> /Volumes/ssd_zhang/thesis_michel/server_processing/t0_rootFiles/beam28777_new202602/wvf_applyCut_removeBeam/wvfFind_event39536_trackID6_opNum6.root
[COPY] event=39561, trackID=15, T0=0.237379 -> /Volumes/ssd_zhang/thesis_michel/server_processing/t0_rootFiles/beam28777_new202602/wvf_applyCut_removeBeam/wvfFind_event39561_trackID15_opNum9.root
[COPY] event=39563, trackID=4, T0=-0.837108 -> /Volumes/ssd_zhang/thesis_michel/server_processing/t0_rootFiles/beam28777_new202602/wvf_applyCut_removeBeam/wvfFind_event39563_trackID4_opNum9.root
[COPY] event=39565, trackID=2, T0=-1.02077 -> /Volumes/ssd_zhang/thesis_michel/server_processing/t0_rootFiles/beam28777_new202602/wvf_applyCut_removeBeam/wvfFind_event39565_trackID2_opNum9.root
[COPY] event=39593, trackID=7, T0=-1.68409 -> /Volumes/ssd_zhang/thesis_michel/server_processing/t0_rootFiles/beam28777_new202602/wvf_applyCut_removeBeam/wvfFind_event39593_trackID7_opNum8.root
[COPY] event=39615, trackID=4, T0=-1.23835 -> /Volumes/ssd_zhang/thesis_michel/server_processing/t0_rootFiles/beam28777_new202602/wvf_applyCut_removeBeam/wvfFind_event39615_trackID4_opNum5.root
[COPY] event=39638, trackID=7, T0=-0.861593 -> /Volumes/ssd_zhang/thesis_michel/server_processing/t0_rootFiles/beam28777_new202602/wvf_applyCut_removeBeam/wvfFind_event39638_trackID7_opNum8.root
[COPY] event=39638, trackID=7, T0=-0.861593 -> /Volumes/ssd_zhang/thesis_michel/server_processing/t0_rootFiles/beam28777_new202602/wvf_applyCut_removeBeam/wvfFind_event39638_trackID7_opNum8_2.root
[COPY] event=39665, trackID=15, T0=-1.89955 -> /Volumes/ssd_zhang/thesis_michel/server_processing/t0_rootFiles/beam28777_new202602/wvf_applyCut_removeBeam/wvfFind_event39665_trackID15_opNum3.root
[COPY] event=3967, trackID=2, T0=-1.34758 -> /Volumes/ssd_zhang/thesis_michel/server_processing/t0_rootFiles/beam28777_new202602/wvf_applyCut_removeBeam/wvfFind_event3967_trackID2_opNum5.root
[COPY] event=39681, trackID=9, T0=-1.9305 -> /Volumes/ssd_zhang/thesis_michel/server_processing/t0_rootFiles/beam28777_new202602/wvf_applyCut_removeBeam/wvfFind_event39681_trackID9_opNum5.root
[COPY] event=39709, trackID=5, T0=-1.11579 -> /Volumes/ssd_zhang/thesis_michel/server_processing/t0_rootFiles/beam28777_new202602/wvf_applyCut_removeBeam/wvfFind_event39709_trackID5_opNum8.root
[COPY] event=39714, trackID=11, T0=0.464915 -> /Volumes/ssd_zhang/thesis_michel/server_processing/t0_rootFiles/beam28777_new202602/wvf_applyCut_removeBeam/wvfFind_event39714_trackID11_opNum4.root
[COPY] event=39749, trackID=3, T0=0.0818315 -> /Volumes/ssd_zhang/thesis_michel/server_processing/t0_rootFiles/beam28777_new202602/wvf_applyCut_removeBeam/wvfFind_event39749_trackID3_opNum9_merged.root
[COPY] event=3977, trackID=5, T0=-0.641938 -> /Volumes/ssd_zhang/thesis_michel/server_processing/t0_rootFiles/beam28777_new202602/wvf_applyCut_removeBeam/wvfFind_event3977_trackID5_opNum4.root
[COPY] event=39786, trackID=9, T0=-1.28777 -> /Volumes/ssd_zhang/thesis_michel/server_processing/t0_rootFiles/beam28777_new202602/wvf_applyCut_removeBeam/wvfFind_event39786_trackID9_opNum9.root
[COPY] event=39796, trackID=4, T0=-0.142723 -> /Volumes/ssd_zhang/thesis_michel/server_processing/t0_rootFiles/beam28777_new202602/wvf_applyCut_removeBeam/wvfFind_event39796_trackID4_opNum4.root
[COPY] event=39814, trackID=5, T0=-0.618398 -> /Volumes/ssd_zhang/thesis_michel/server_processing/t0_rootFiles/beam28777_new202602/wvf_applyCut_removeBeam/wvfFind_event39814_trackID5_opNum4.root
[COPY] event=39822, trackID=28, T0=2.6152 -> /Volumes/ssd_zhang/thesis_michel/server_processing/t0_rootFiles/beam28777_new202602/wvf_applyCut_removeBeam/wvfFind_event39822_trackID28_opNum6.root
[COPY] event=39845, trackID=6, T0=-1.12456 -> /Volumes/ssd_zhang/thesis_michel/server_processing/t0_rootFiles/beam28777_new202602/wvf_applyCut_removeBeam/wvfFind_event39845_trackID6_opNum7.root
[COPY] event=39846, trackID=4, T0=-1.47043 -> /Volumes/ssd_zhang/thesis_michel/server_processing/t0_rootFiles/beam28777_new202602/wvf_applyCut_removeBeam/wvfFind_event39846_trackID4_opNum5.root
[COPY] event=39846, trackID=4, T0=-1.47043 -> /Volumes/ssd_zhang/thesis_michel/server_processing/t0_rootFiles/beam28777_new202602/wvf_applyCut_removeBeam/wvfFind_event39846_trackID4_opNum5_2.root
[COPY] event=39846, trackID=4, T0=-1.47043 -> /Volumes/ssd_zhang/thesis_michel/server_processing/t0_rootFiles/beam28777_new202602/wvf_applyCut_removeBeam/wvfFind_event39846_trackID4_opNum5_3.root
[COPY] event=39847, trackID=0, T0=-0.857526 -> /Volumes/ssd_zhang/thesis_michel/server_processing/t0_rootFiles/beam28777_new202602/wvf_applyCut_removeBeam/wvfFind_event39847_trackID0_opNum9.root
[COPY] event=39862, trackID=0, T0=-2.02228 -> /Volumes/ssd_zhang/thesis_michel/server_processing/t0_rootFiles/beam28777_new202602/wvf_applyCut_removeBeam/wvfFind_event39862_trackID0_opNum5.root
[COPY] event=39872, trackID=15, T0=-1.90055 -> /Volumes/ssd_zhang/thesis_michel/server_processing/t0_rootFiles/beam28777_new202602/wvf_applyCut_removeBeam/wvfFind_event39872_trackID15_opNum3.root
[COPY] event=39876, trackID=17, T0=-2.07963 -> /Volumes/ssd_zhang/thesis_michel/server_processing/t0_rootFiles/beam28777_new202602/wvf_applyCut_removeBeam/wvfFind_event39876_trackID17_opNum5.root
[COPY] event=39976, trackID=12, T0=-1.63098 -> /Volumes/ssd_zhang/thesis_michel/server_processing/t0_rootFiles/beam28777_new202602/wvf_applyCut_removeBeam/wvfFind_event39976_trackID12_opNum5_merged.root
[COPY] event=39981, trackID=23, T0=-2.11319 -> /Volumes/ssd_zhang/thesis_michel/server_processing/t0_rootFiles/beam28777_new202602/wvf_applyCut_removeBeam/wvfFind_event39981_trackID23_opNum4_merged.root
[COPY] event=39988, trackID=2, T0=-0.777313 -> /Volumes/ssd_zhang/thesis_michel/server_processing/t0_rootFiles/beam28777_new202602/wvf_applyCut_removeBeam/wvfFind_event39988_trackID2_opNum3_2.root
[COPY] event=39988, trackID=2, T0=-0.777313 -> /Volumes/ssd_zhang/thesis_michel/server_processing/t0_rootFiles/beam28777_new202602/wvf_applyCut_removeBeam/wvfFind_event39988_trackID2_opNum4_merged.root
[COPY] event=39989, trackID=4, T0=-1.02548 -> /Volumes/ssd_zhang/thesis_michel/server_processing/t0_rootFiles/beam28777_new202602/wvf_applyCut_removeBeam/wvfFind_event39989_trackID4_opNum3_2.root
[COPY] event=39989, trackID=4, T0=-1.02548 -> /Volumes/ssd_zhang/thesis_michel/server_processing/t0_rootFiles/beam28777_new202602/wvf_applyCut_removeBeam/wvfFind_event39989_trackID4_opNum4_merged.root
[COPY] event=39993, trackID=10, T0=-1.2458 -> /Volumes/ssd_zhang/thesis_michel/server_processing/t0_rootFiles/beam28777_new202602/wvf_applyCut_removeBeam/wvfFind_event39993_trackID10_opNum3.root
[COPY] event=40002, trackID=14, T0=-1.94311 -> /Volumes/ssd_zhang/thesis_michel/server_processing/t0_rootFiles/beam28777_new202602/wvf_applyCut_removeBeam/wvfFind_event40002_trackID14_opNum7.root
[COPY] event=40013, trackID=16, T0=-1.37692 -> /Volumes/ssd_zhang/thesis_michel/server_processing/t0_rootFiles/beam28777_new202602/wvf_applyCut_removeBeam/wvfFind_event40013_trackID16_opNum8.root
[COPY] event=40074, trackID=0, T0=-0.64615 -> /Volumes/ssd_zhang/thesis_michel/server_processing/t0_rootFiles/beam28777_new202602/wvf_applyCut_removeBeam/wvfFind_event40074_trackID0_opNum4.root
[COPY] event=40075, trackID=8, T0=-0.448456 -> /Volumes/ssd_zhang/thesis_michel/server_processing/t0_rootFiles/beam28777_new202602/wvf_applyCut_removeBeam/wvfFind_event40075_trackID8_opNum5_merged.root
[COPY] event=4007, trackID=28, T0=-2.36987 -> /Volumes/ssd_zhang/thesis_michel/server_processing/t0_rootFiles/beam28777_new202602/wvf_applyCut_removeBeam/wvfFind_event4007_trackID28_opNum9.root
[COPY] event=40090, trackID=5, T0=-0.866072 -> /Volumes/ssd_zhang/thesis_michel/server_processing/t0_rootFiles/beam28777_new202602/wvf_applyCut_removeBeam/wvfFind_event40090_trackID5_opNum4.root
[COPY] event=4012, trackID=2, T0=-1.59156 -> /Volumes/ssd_zhang/thesis_michel/server_processing/t0_rootFiles/beam28777_new202602/wvf_applyCut_removeBeam/wvfFind_event4012_trackID2_opNum4.root
[COPY] event=4012, trackID=2, T0=-1.59156 -> /Volumes/ssd_zhang/thesis_michel/server_processing/t0_rootFiles/beam28777_new202602/wvf_applyCut_removeBeam/wvfFind_event4012_trackID2_opNum4_2.root
[COPY] event=40132, trackID=6, T0=-1.71415 -> /Volumes/ssd_zhang/thesis_michel/server_processing/t0_rootFiles/beam28777_new202602/wvf_applyCut_removeBeam/wvfFind_event40132_trackID6_opNum4.root
[COPY] event=40132, trackID=6, T0=-1.71415 -> /Volumes/ssd_zhang/thesis_michel/server_processing/t0_rootFiles/beam28777_new202602/wvf_applyCut_removeBeam/wvfFind_event40132_trackID6_opNum4_2.root
[COPY] event=40141, trackID=15, T0=-0.839338 -> /Volumes/ssd_zhang/thesis_michel/server_processing/t0_rootFiles/beam28777_new202602/wvf_applyCut_removeBeam/wvfFind_event40141_trackID15_opNum7_merged.root
[COPY] event=40142, trackID=10, T0=0.459308 -> /Volumes/ssd_zhang/thesis_michel/server_processing/t0_rootFiles/beam28777_new202602/wvf_applyCut_removeBeam/wvfFind_event40142_trackID10_opNum7_merged.root
[COPY] event=4014, trackID=13, T0=-0.451568 -> /Volumes/ssd_zhang/thesis_michel/server_processing/t0_rootFiles/beam28777_new202602/wvf_applyCut_removeBeam/wvfFind_event4014_trackID13_opNum9.root
[COPY] event=40151, trackID=4, T0=-0.326402 -> /Volumes/ssd_zhang/thesis_michel/server_processing/t0_rootFiles/beam28777_new202602/wvf_applyCut_removeBeam/wvfFind_event40151_trackID4_opNum5.root
[COPY] event=40192, trackID=15, T0=-1.85301 -> /Volumes/ssd_zhang/thesis_michel/server_processing/t0_rootFiles/beam28777_new202602/wvf_applyCut_removeBeam/wvfFind_event40192_trackID15_opNum9.root
[COPY] event=40193, trackID=5, T0=-0.781695 -> /Volumes/ssd_zhang/thesis_michel/server_processing/t0_rootFiles/beam28777_new202602/wvf_applyCut_removeBeam/wvfFind_event40193_trackID5_opNum5_merged.root
[COPY] event=40208, trackID=21, T0=-2.43036 -> /Volumes/ssd_zhang/thesis_michel/server_processing/t0_rootFiles/beam28777_new202602/wvf_applyCut_removeBeam/wvfFind_event40208_trackID21_opNum3.root
[COPY] event=4020, trackID=3, T0=-1.77646 -> /Volumes/ssd_zhang/thesis_michel/server_processing/t0_rootFiles/beam28777_new202602/wvf_applyCut_removeBeam/wvfFind_event4020_trackID3_opNum4_merged.root
[COPY] event=40217, trackID=17, T0=-0.738717 -> /Volumes/ssd_zhang/thesis_michel/server_processing/t0_rootFiles/beam28777_new202602/wvf_applyCut_removeBeam/wvfFind_event40217_trackID17_opNum6_merged.root
[COPY] event=40230, trackID=16, T0=-1.23617 -> /Volumes/ssd_zhang/thesis_michel/server_processing/t0_rootFiles/beam28777_new202602/wvf_applyCut_removeBeam/wvfFind_event40230_trackID16_opNum8.root
[SKIP] (in range) event=4023, trackID=14, T0=-0.08921
[COPY] event=40248, trackID=24, T0=-0.925423 -> /Volumes/ssd_zhang/thesis_michel/server_processing/t0_rootFiles/beam28777_new202602/wvf_applyCut_removeBeam/wvfFind_event40248_trackID24_opNum8_merged.root
[COPY] event=40258, trackID=20, T0=-2.316 -> /Volumes/ssd_zhang/thesis_michel/server_processing/t0_rootFiles/beam28777_new202602/wvf_applyCut_removeBeam/wvfFind_event40258_trackID20_opNum9.root
[COPY] event=40262, trackID=10, T0=-2.13634 -> /Volumes/ssd_zhang/thesis_michel/server_processing/t0_rootFiles/beam28777_new202602/wvf_applyCut_removeBeam/wvfFind_event40262_trackID10_opNum4.root
[COPY] event=40264, trackID=14, T0=-0.0190866 -> /Volumes/ssd_zhang/thesis_michel/server_processing/t0_rootFiles/beam28777_new202602/wvf_applyCut_removeBeam/wvfFind_event40264_trackID14_opNum8.root
[COPY] event=40269, trackID=7, T0=-0.527864 -> /Volumes/ssd_zhang/thesis_michel/server_processing/t0_rootFiles/beam28777_new202602/wvf_applyCut_removeBeam/wvfFind_event40269_trackID7_opNum7.root
[COPY] event=40308, trackID=4, T0=0.438491 -> /Volumes/ssd_zhang/thesis_michel/server_processing/t0_rootFiles/beam28777_new202602/wvf_applyCut_removeBeam/wvfFind_event40308_trackID4_opNum4.root
[COPY] event=4031, trackID=7, T0=-0.983414 -> /Volumes/ssd_zhang/thesis_michel/server_processing/t0_rootFiles/beam28777_new202602/wvf_applyCut_removeBeam/wvfFind_event4031_trackID7_opNum3.root
[COPY] event=4033, trackID=3, T0=-1.05395 -> /Volumes/ssd_zhang/thesis_michel/server_processing/t0_rootFiles/beam28777_new202602/wvf_applyCut_removeBeam/wvfFind_event4033_trackID3_opNum3.root
[COPY] event=40341, trackID=14, T0=-0.811087 -> /Volumes/ssd_zhang/thesis_michel/server_processing/t0_rootFiles/beam28777_new202602/wvf_applyCut_removeBeam/wvfFind_event40341_trackID14_opNum6.root
[COPY] event=4037, trackID=12, T0=-1.36239 -> /Volumes/ssd_zhang/thesis_michel/server_processing/t0_rootFiles/beam28777_new202602/wvf_applyCut_removeBeam/wvfFind_event4037_trackID12_opNum8.root
[COPY] event=40416, trackID=7, T0=-1.38159 -> /Volumes/ssd_zhang/thesis_michel/server_processing/t0_rootFiles/beam28777_new202602/wvf_applyCut_removeBeam/wvfFind_event40416_trackID7_opNum5_merged.root
[COPY] event=40421, trackID=24, T0=0.409675 -> /Volumes/ssd_zhang/thesis_michel/server_processing/t0_rootFiles/beam28777_new202602/wvf_applyCut_removeBeam/wvfFind_event40421_trackID24_opNum6.root
[COPY] event=40448, trackID=32, T0=-2.40086 -> /Volumes/ssd_zhang/thesis_michel/server_processing/t0_rootFiles/beam28777_new202602/wvf_applyCut_removeBeam/wvfFind_event40448_trackID32_opNum6_merged.root
[COPY] event=40481, trackID=2, T0=0.345771 -> /Volumes/ssd_zhang/thesis_michel/server_processing/t0_rootFiles/beam28777_new202602/wvf_applyCut_removeBeam/wvfFind_event40481_trackID2_opNum7.root
[COPY] event=40517, trackID=4, T0=0.430973 -> /Volumes/ssd_zhang/thesis_michel/server_processing/t0_rootFiles/beam28777_new202602/wvf_applyCut_removeBeam/wvfFind_event40517_trackID4_opNum9.root
[COPY] event=40538, trackID=23, T0=-2.24842 -> /Volumes/ssd_zhang/thesis_michel/server_processing/t0_rootFiles/beam28777_new202602/wvf_applyCut_removeBeam/wvfFind_event40538_trackID23_opNum6.root
[COPY] event=40548, trackID=5, T0=-1.04673 -> /Volumes/ssd_zhang/thesis_michel/server_processing/t0_rootFiles/beam28777_new202602/wvf_applyCut_removeBeam/wvfFind_event40548_trackID5_opNum9.root
[COPY] event=40555, trackID=3, T0=-0.649972 -> /Volumes/ssd_zhang/thesis_michel/server_processing/t0_rootFiles/beam28777_new202602/wvf_applyCut_removeBeam/wvfFind_event40555_trackID3_opNum9.root
[COPY] event=40555, trackID=3, T0=-0.649972 -> /Volumes/ssd_zhang/thesis_michel/server_processing/t0_rootFiles/beam28777_new202602/wvf_applyCut_removeBeam/wvfFind_event40555_trackID3_opNum9_2.root
[COPY] event=40555, trackID=3, T0=-0.649972 -> /Volumes/ssd_zhang/thesis_michel/server_processing/t0_rootFiles/beam28777_new202602/wvf_applyCut_removeBeam/wvfFind_event40555_trackID3_opNum9_3.root
[COPY] event=40585, trackID=0, T0=-1.06376 -> /Volumes/ssd_zhang/thesis_michel/server_processing/t0_rootFiles/beam28777_new202602/wvf_applyCut_removeBeam/wvfFind_event40585_trackID0_opNum4.root
[COPY] event=40591, trackID=11, T0=-2.04969 -> /Volumes/ssd_zhang/thesis_michel/server_processing/t0_rootFiles/beam28777_new202602/wvf_applyCut_removeBeam/wvfFind_event40591_trackID11_opNum3.root
[COPY] event=40659, trackID=14, T0=-1.91162 -> /Volumes/ssd_zhang/thesis_michel/server_processing/t0_rootFiles/beam28777_new202602/wvf_applyCut_removeBeam/wvfFind_event40659_trackID14_opNum4_merged.root
[COPY] event=40660, trackID=4, T0=-0.743203 -> /Volumes/ssd_zhang/thesis_michel/server_processing/t0_rootFiles/beam28777_new202602/wvf_applyCut_removeBeam/wvfFind_event40660_trackID4_opNum5.root
[COPY] event=4069, trackID=2, T0=-0.905048 -> /Volumes/ssd_zhang/thesis_michel/server_processing/t0_rootFiles/beam28777_new202602/wvf_applyCut_removeBeam/wvfFind_event4069_trackID2_opNum4.root
[COPY] event=4069, trackID=3, T0=-1.56478 -> /Volumes/ssd_zhang/thesis_michel/server_processing/t0_rootFiles/beam28777_new202602/wvf_applyCut_removeBeam/wvfFind_event4069_trackID3_opNum5.root
[COPY] event=40711, trackID=4, T0=0.127473 -> /Volumes/ssd_zhang/thesis_michel/server_processing/t0_rootFiles/beam28777_new202602/wvf_applyCut_removeBeam/wvfFind_event40711_trackID4_opNum6.root
[COPY] event=40724, trackID=2, T0=-1.81695 -> /Volumes/ssd_zhang/thesis_michel/server_processing/t0_rootFiles/beam28777_new202602/wvf_applyCut_removeBeam/wvfFind_event40724_trackID2_opNum9_merged.root
[COPY] event=40788, trackID=7, T0=-1.61318 -> /Volumes/ssd_zhang/thesis_michel/server_processing/t0_rootFiles/beam28777_new202602/wvf_applyCut_removeBeam/wvfFind_event40788_trackID7_opNum8.root
[COPY] event=40807, trackID=0, T0=-1.12682 -> /Volumes/ssd_zhang/thesis_michel/server_processing/t0_rootFiles/beam28777_new202602/wvf_applyCut_removeBeam/wvfFind_event40807_trackID0_opNum5.root
[COPY] event=40836, trackID=2, T0=-0.533745 -> /Volumes/ssd_zhang/thesis_michel/server_processing/t0_rootFiles/beam28777_new202602/wvf_applyCut_removeBeam/wvfFind_event40836_trackID2_opNum3.root
[COPY] event=40857, trackID=11, T0=-1.10181 -> /Volumes/ssd_zhang/thesis_michel/server_processing/t0_rootFiles/beam28777_new202602/wvf_applyCut_removeBeam/wvfFind_event40857_trackID11_opNum7.root
[COPY] event=40858, trackID=11, T0=-1.27097 -> /Volumes/ssd_zhang/thesis_michel/server_processing/t0_rootFiles/beam28777_new202602/wvf_applyCut_removeBeam/wvfFind_event40858_trackID11_opNum7.root
[COPY] event=40874, trackID=6, T0=-0.662238 -> /Volumes/ssd_zhang/thesis_michel/server_processing/t0_rootFiles/beam28777_new202602/wvf_applyCut_removeBeam/wvfFind_event40874_trackID6_opNum4.root
[COPY] event=40880, trackID=6, T0=0.0860663 -> /Volumes/ssd_zhang/thesis_michel/server_processing/t0_rootFiles/beam28777_new202602/wvf_applyCut_removeBeam/wvfFind_event40880_trackID6_opNum8.root
[COPY] event=40902, trackID=1, T0=-0.344036 -> /Volumes/ssd_zhang/thesis_michel/server_processing/t0_rootFiles/beam28777_new202602/wvf_applyCut_removeBeam/wvfFind_event40902_trackID1_opNum4.root
[COPY] event=40921, trackID=22, T0=-2.37164 -> /Volumes/ssd_zhang/thesis_michel/server_processing/t0_rootFiles/beam28777_new202602/wvf_applyCut_removeBeam/wvfFind_event40921_trackID22_opNum3.root
[COPY] event=40927, trackID=14, T0=-2.21711 -> /Volumes/ssd_zhang/thesis_michel/server_processing/t0_rootFiles/beam28777_new202602/wvf_applyCut_removeBeam/wvfFind_event40927_trackID14_opNum6.root
[SKIP] (in range) event=40931, trackID=8, T0=-0.1072
[COPY] event=40957, trackID=24, T0=-1.61368 -> /Volumes/ssd_zhang/thesis_michel/server_processing/t0_rootFiles/beam28777_new202602/wvf_applyCut_removeBeam/wvfFind_event40957_trackID24_opNum6.root
[COPY] event=40958, trackID=15, T0=-2.25551 -> /Volumes/ssd_zhang/thesis_michel/server_processing/t0_rootFiles/beam28777_new202602/wvf_applyCut_removeBeam/wvfFind_event40958_trackID15_opNum5.root
[COPY] event=40985, trackID=9, T0=-1.64926 -> /Volumes/ssd_zhang/thesis_michel/server_processing/t0_rootFiles/beam28777_new202602/wvf_applyCut_removeBeam/wvfFind_event40985_trackID9_opNum6.root
[COPY] event=41006, trackID=4, T0=0.348394 -> /Volumes/ssd_zhang/thesis_michel/server_processing/t0_rootFiles/beam28777_new202602/wvf_applyCut_removeBeam/wvfFind_event41006_trackID4_opNum4.root
[COPY] event=41015, trackID=8, T0=-1.58116 -> /Volumes/ssd_zhang/thesis_michel/server_processing/t0_rootFiles/beam28777_new202602/wvf_applyCut_removeBeam/wvfFind_event41015_trackID8_opNum3.root
[COPY] event=41020, trackID=7, T0=-1.77289 -> /Volumes/ssd_zhang/thesis_michel/server_processing/t0_rootFiles/beam28777_new202602/wvf_applyCut_removeBeam/wvfFind_event41020_trackID7_opNum9.root
[COPY] event=41022, trackID=1, T0=-0.215285 -> /Volumes/ssd_zhang/thesis_michel/server_processing/t0_rootFiles/beam28777_new202602/wvf_applyCut_removeBeam/wvfFind_event41022_trackID1_opNum9.root
[COPY] event=41034, trackID=19, T0=-2.29942 -> /Volumes/ssd_zhang/thesis_michel/server_processing/t0_rootFiles/beam28777_new202602/wvf_applyCut_removeBeam/wvfFind_event41034_trackID19_opNum7_merged.root
[COPY] event=41035, trackID=1, T0=-0.580356 -> /Volumes/ssd_zhang/thesis_michel/server_processing/t0_rootFiles/beam28777_new202602/wvf_applyCut_removeBeam/wvfFind_event41035_trackID1_opNum5.root
[COPY] event=41046, trackID=0, T0=-0.144485 -> /Volumes/ssd_zhang/thesis_michel/server_processing/t0_rootFiles/beam28777_new202602/wvf_applyCut_removeBeam/wvfFind_event41046_trackID0_opNum9.root
[COPY] event=4104, trackID=2, T0=-0.400532 -> /Volumes/ssd_zhang/thesis_michel/server_processing/t0_rootFiles/beam28777_new202602/wvf_applyCut_removeBeam/wvfFind_event4104_trackID2_opNum8.root
[COPY] event=41084, trackID=10, T0=1.1748 -> /Volumes/ssd_zhang/thesis_michel/server_processing/t0_rootFiles/beam28777_new202602/wvf_applyCut_removeBeam/wvfFind_event41084_trackID10_opNum9.root
[COPY] event=41084, trackID=10, T0=1.1748 -> /Volumes/ssd_zhang/thesis_michel/server_processing/t0_rootFiles/beam28777_new202602/wvf_applyCut_removeBeam/wvfFind_event41084_trackID10_opNum9_2.root
[COPY] event=41084, trackID=1, T0=-0.153884 -> /Volumes/ssd_zhang/thesis_michel/server_processing/t0_rootFiles/beam28777_new202602/wvf_applyCut_removeBeam/wvfFind_event41084_trackID1_opNum9.root
[COPY] event=4109, trackID=5, T0=-0.209126 -> /Volumes/ssd_zhang/thesis_michel/server_processing/t0_rootFiles/beam28777_new202602/wvf_applyCut_removeBeam/wvfFind_event4109_trackID5_opNum5.root
[COPY] event=410, trackID=3, T0=-1.4352 -> /Volumes/ssd_zhang/thesis_michel/server_processing/t0_rootFiles/beam28777_new202602/wvf_applyCut_removeBeam/wvfFind_event410_trackID3_opNum9.root
[COPY] event=41134, trackID=9, T0=-1.71472 -> /Volumes/ssd_zhang/thesis_michel/server_processing/t0_rootFiles/beam28777_new202602/wvf_applyCut_removeBeam/wvfFind_event41134_trackID9_opNum5.root
[COPY] event=41145, trackID=5, T0=-1.46924 -> /Volumes/ssd_zhang/thesis_michel/server_processing/t0_rootFiles/beam28777_new202602/wvf_applyCut_removeBeam/wvfFind_event41145_trackID5_opNum4.root
[COPY] event=41146, trackID=24, T0=-2.19714 -> /Volumes/ssd_zhang/thesis_michel/server_processing/t0_rootFiles/beam28777_new202602/wvf_applyCut_removeBeam/wvfFind_event41146_trackID24_opNum4.root
[COPY] event=41156, trackID=1, T0=-1.6018 -> /Volumes/ssd_zhang/thesis_michel/server_processing/t0_rootFiles/beam28777_new202602/wvf_applyCut_removeBeam/wvfFind_event41156_trackID1_opNum5.root
[COPY] event=41172, trackID=23, T0=-2.39434 -> /Volumes/ssd_zhang/thesis_michel/server_processing/t0_rootFiles/beam28777_new202602/wvf_applyCut_removeBeam/wvfFind_event41172_trackID23_opNum8_2.root
[COPY] event=41172, trackID=23, T0=-2.39434 -> /Volumes/ssd_zhang/thesis_michel/server_processing/t0_rootFiles/beam28777_new202602/wvf_applyCut_removeBeam/wvfFind_event41172_trackID23_opNum9_merged.root
[COPY] event=41190, trackID=18, T0=-2.04353 -> /Volumes/ssd_zhang/thesis_michel/server_processing/t0_rootFiles/beam28777_new202602/wvf_applyCut_removeBeam/wvfFind_event41190_trackID18_opNum7.root
[COPY] event=41210, trackID=18, T0=0.293478 -> /Volumes/ssd_zhang/thesis_michel/server_processing/t0_rootFiles/beam28777_new202602/wvf_applyCut_removeBeam/wvfFind_event41210_trackID18_opNum6.root
[COPY] event=41227, trackID=3, T0=-1.03313 -> /Volumes/ssd_zhang/thesis_michel/server_processing/t0_rootFiles/beam28777_new202602/wvf_applyCut_removeBeam/wvfFind_event41227_trackID3_opNum5.root
[COPY] event=41232, trackID=10, T0=-0.916424 -> /Volumes/ssd_zhang/thesis_michel/server_processing/t0_rootFiles/beam28777_new202602/wvf_applyCut_removeBeam/wvfFind_event41232_trackID10_opNum7_merged.root
[COPY] event=41233, trackID=19, T0=-2.40477 -> /Volumes/ssd_zhang/thesis_michel/server_processing/t0_rootFiles/beam28777_new202602/wvf_applyCut_removeBeam/wvfFind_event41233_trackID19_opNum8_2.root
[COPY] event=41233, trackID=19, T0=-2.40477 -> /Volumes/ssd_zhang/thesis_michel/server_processing/t0_rootFiles/beam28777_new202602/wvf_applyCut_removeBeam/wvfFind_event41233_trackID19_opNum9_merged.root
[COPY] event=41253, trackID=41, T0=0.0164781 -> /Volumes/ssd_zhang/thesis_michel/server_processing/t0_rootFiles/beam28777_new202602/wvf_applyCut_removeBeam/wvfFind_event41253_trackID41_opNum3_merged.root
[COPY] event=41293, trackID=17, T0=-1.6868 -> /Volumes/ssd_zhang/thesis_michel/server_processing/t0_rootFiles/beam28777_new202602/wvf_applyCut_removeBeam/wvfFind_event41293_trackID17_opNum9.root
[COPY] event=41321, trackID=11, T0=0.435011 -> /Volumes/ssd_zhang/thesis_michel/server_processing/t0_rootFiles/beam28777_new202602/wvf_applyCut_removeBeam/wvfFind_event41321_trackID11_opNum9.root
[COPY] event=41331, trackID=5, T0=-1.75591 -> /Volumes/ssd_zhang/thesis_michel/server_processing/t0_rootFiles/beam28777_new202602/wvf_applyCut_removeBeam/wvfFind_event41331_trackID5_opNum4.root
[COPY] event=41331, trackID=5, T0=-1.75591 -> /Volumes/ssd_zhang/thesis_michel/server_processing/t0_rootFiles/beam28777_new202602/wvf_applyCut_removeBeam/wvfFind_event41331_trackID5_opNum4_2.root
[COPY] event=41349, trackID=8, T0=-1.49213 -> /Volumes/ssd_zhang/thesis_michel/server_processing/t0_rootFiles/beam28777_new202602/wvf_applyCut_removeBeam/wvfFind_event41349_trackID8_opNum8.root
[COPY] event=41375, trackID=13, T0=0.458528 -> /Volumes/ssd_zhang/thesis_michel/server_processing/t0_rootFiles/beam28777_new202602/wvf_applyCut_removeBeam/wvfFind_event41375_trackID13_opNum9.root
[COPY] event=41395, trackID=11, T0=0.0466002 -> /Volumes/ssd_zhang/thesis_michel/server_processing/t0_rootFiles/beam28777_new202602/wvf_applyCut_removeBeam/wvfFind_event41395_trackID11_opNum9_merged.root
[COPY] event=41409, trackID=18, T0=0.0305794 -> /Volumes/ssd_zhang/thesis_michel/server_processing/t0_rootFiles/beam28777_new202602/wvf_applyCut_removeBeam/wvfFind_event41409_trackID18_opNum8.root
[COPY] event=41411, trackID=20, T0=-1.25336 -> /Volumes/ssd_zhang/thesis_michel/server_processing/t0_rootFiles/beam28777_new202602/wvf_applyCut_removeBeam/wvfFind_event41411_trackID20_opNum9.root
[COPY] event=41413, trackID=9, T0=-2.00594 -> /Volumes/ssd_zhang/thesis_michel/server_processing/t0_rootFiles/beam28777_new202602/wvf_applyCut_removeBeam/wvfFind_event41413_trackID9_opNum5.root
[COPY] event=41424, trackID=3, T0=0.116507 -> /Volumes/ssd_zhang/thesis_michel/server_processing/t0_rootFiles/beam28777_new202602/wvf_applyCut_removeBeam/wvfFind_event41424_trackID3_opNum3.root
[COPY] event=41425, trackID=20, T0=-0.0246267 -> /Volumes/ssd_zhang/thesis_michel/server_processing/t0_rootFiles/beam28777_new202602/wvf_applyCut_removeBeam/wvfFind_event41425_trackID20_opNum8.root
[COPY] event=41441, trackID=24, T0=-2.30176 -> /Volumes/ssd_zhang/thesis_michel/server_processing/t0_rootFiles/beam28777_new202602/wvf_applyCut_removeBeam/wvfFind_event41441_trackID24_opNum5.root
[COPY] event=41444, trackID=6, T0=-1.50075 -> /Volumes/ssd_zhang/thesis_michel/server_processing/t0_rootFiles/beam28777_new202602/wvf_applyCut_removeBeam/wvfFind_event41444_trackID6_opNum9.root
[COPY] event=41454, trackID=5, T0=-0.34006 -> /Volumes/ssd_zhang/thesis_michel/server_processing/t0_rootFiles/beam28777_new202602/wvf_applyCut_removeBeam/wvfFind_event41454_trackID5_opNum5.root
[COPY] event=41481, trackID=2, T0=0.0518515 -> /Volumes/ssd_zhang/thesis_michel/server_processing/t0_rootFiles/beam28777_new202602/wvf_applyCut_removeBeam/wvfFind_event41481_trackID2_opNum7.root
[COPY] event=41484, trackID=1, T0=0.0428045 -> /Volumes/ssd_zhang/thesis_michel/server_processing/t0_rootFiles/beam28777_new202602/wvf_applyCut_removeBeam/wvfFind_event41484_trackID1_opNum4.root
[COPY] event=41504, trackID=12, T0=-2.3367 -> /Volumes/ssd_zhang/thesis_michel/server_processing/t0_rootFiles/beam28777_new202602/wvf_applyCut_removeBeam/wvfFind_event41504_trackID12_opNum9.root
[COPY] event=41520, trackID=9, T0=0.349553 -> /Volumes/ssd_zhang/thesis_michel/server_processing/t0_rootFiles/beam28777_new202602/wvf_applyCut_removeBeam/wvfFind_event41520_trackID9_opNum6.root
[COPY] event=41521, trackID=6, T0=-1.80019 -> /Volumes/ssd_zhang/thesis_michel/server_processing/t0_rootFiles/beam28777_new202602/wvf_applyCut_removeBeam/wvfFind_event41521_trackID6_opNum5.root
[COPY] event=41521, trackID=6, T0=-1.80019 -> /Volumes/ssd_zhang/thesis_michel/server_processing/t0_rootFiles/beam28777_new202602/wvf_applyCut_removeBeam/wvfFind_event41521_trackID6_opNum5_2.root
[COPY] event=41532, trackID=2, T0=-0.132143 -> /Volumes/ssd_zhang/thesis_michel/server_processing/t0_rootFiles/beam28777_new202602/wvf_applyCut_removeBeam/wvfFind_event41532_trackID2_opNum6.root
[COPY] event=41532, trackID=2, T0=-0.132143 -> /Volumes/ssd_zhang/thesis_michel/server_processing/t0_rootFiles/beam28777_new202602/wvf_applyCut_removeBeam/wvfFind_event41532_trackID2_opNum6_2.root
[COPY] event=41554, trackID=10, T0=-0.704437 -> /Volumes/ssd_zhang/thesis_michel/server_processing/t0_rootFiles/beam28777_new202602/wvf_applyCut_removeBeam/wvfFind_event41554_trackID10_opNum5.root
[COPY] event=41567, trackID=14, T0=-1.0079 -> /Volumes/ssd_zhang/thesis_michel/server_processing/t0_rootFiles/beam28777_new202602/wvf_applyCut_removeBeam/wvfFind_event41567_trackID14_opNum6.root
[COPY] event=41569, trackID=15, T0=-1.00054 -> /Volumes/ssd_zhang/thesis_michel/server_processing/t0_rootFiles/beam28777_new202602/wvf_applyCut_removeBeam/wvfFind_event41569_trackID15_opNum9.root
[COPY] event=41603, trackID=28, T0=-1.06293 -> /Volumes/ssd_zhang/thesis_michel/server_processing/t0_rootFiles/beam28777_new202602/wvf_applyCut_removeBeam/wvfFind_event41603_trackID28_opNum8.root
[COPY] event=41607, trackID=2, T0=-1.47247 -> /Volumes/ssd_zhang/thesis_michel/server_processing/t0_rootFiles/beam28777_new202602/wvf_applyCut_removeBeam/wvfFind_event41607_trackID2_opNum3.root
[COPY] event=41616, trackID=11, T0=-1.83912 -> /Volumes/ssd_zhang/thesis_michel/server_processing/t0_rootFiles/beam28777_new202602/wvf_applyCut_removeBeam/wvfFind_event41616_trackID11_opNum5_merged.root
[COPY] event=41664, trackID=1, T0=-1.04744 -> /Volumes/ssd_zhang/thesis_michel/server_processing/t0_rootFiles/beam28777_new202602/wvf_applyCut_removeBeam/wvfFind_event41664_trackID1_opNum8_merged.root
[COPY] event=41679, trackID=1, T0=-1.59735 -> /Volumes/ssd_zhang/thesis_michel/server_processing/t0_rootFiles/beam28777_new202602/wvf_applyCut_removeBeam/wvfFind_event41679_trackID1_opNum4.root
[COPY] event=41679, trackID=27, T0=-2.33779 -> /Volumes/ssd_zhang/thesis_michel/server_processing/t0_rootFiles/beam28777_new202602/wvf_applyCut_removeBeam/wvfFind_event41679_trackID27_opNum5.root
[COPY] event=41709, trackID=9, T0=-1.53231 -> /Volumes/ssd_zhang/thesis_michel/server_processing/t0_rootFiles/beam28777_new202602/wvf_applyCut_removeBeam/wvfFind_event41709_trackID9_opNum5.root
[COPY] event=41728, trackID=16, T0=-2.15377 -> /Volumes/ssd_zhang/thesis_michel/server_processing/t0_rootFiles/beam28777_new202602/wvf_applyCut_removeBeam/wvfFind_event41728_trackID16_opNum4.root
[COPY] event=41741, trackID=10, T0=-1.04348 -> /Volumes/ssd_zhang/thesis_michel/server_processing/t0_rootFiles/beam28777_new202602/wvf_applyCut_removeBeam/wvfFind_event41741_trackID10_opNum7.root
[COPY] event=41806, trackID=24, T0=-1.55253 -> /Volumes/ssd_zhang/thesis_michel/server_processing/t0_rootFiles/beam28777_new202602/wvf_applyCut_removeBeam/wvfFind_event41806_trackID24_opNum9.root
[COPY] event=41808, trackID=3, T0=-0.688718 -> /Volumes/ssd_zhang/thesis_michel/server_processing/t0_rootFiles/beam28777_new202602/wvf_applyCut_removeBeam/wvfFind_event41808_trackID3_opNum5.root
[COPY] event=4180, trackID=3, T0=-0.487579 -> /Volumes/ssd_zhang/thesis_michel/server_processing/t0_rootFiles/beam28777_new202602/wvf_applyCut_removeBeam/wvfFind_event4180_trackID3_opNum5.root
[COPY] event=4181, trackID=13, T0=-1.03592 -> /Volumes/ssd_zhang/thesis_michel/server_processing/t0_rootFiles/beam28777_new202602/wvf_applyCut_removeBeam/wvfFind_event4181_trackID13_opNum8_merged.root
[COPY] event=41828, trackID=16, T0=-2.45258 -> /Volumes/ssd_zhang/thesis_michel/server_processing/t0_rootFiles/beam28777_new202602/wvf_applyCut_removeBeam/wvfFind_event41828_trackID16_opNum3.root
[COPY] event=41829, trackID=5, T0=0.376219 -> /Volumes/ssd_zhang/thesis_michel/server_processing/t0_rootFiles/beam28777_new202602/wvf_applyCut_removeBeam/wvfFind_event41829_trackID5_opNum5_merged.root
[COPY] event=41836, trackID=6, T0=-0.977486 -> /Volumes/ssd_zhang/thesis_michel/server_processing/t0_rootFiles/beam28777_new202602/wvf_applyCut_removeBeam/wvfFind_event41836_trackID6_opNum4.root
[COPY] event=41856, trackID=17, T0=-2.31504 -> /Volumes/ssd_zhang/thesis_michel/server_processing/t0_rootFiles/beam28777_new202602/wvf_applyCut_removeBeam/wvfFind_event41856_trackID17_opNum3.root
[COPY] event=41856, trackID=17, T0=-2.31504 -> /Volumes/ssd_zhang/thesis_michel/server_processing/t0_rootFiles/beam28777_new202602/wvf_applyCut_removeBeam/wvfFind_event41856_trackID17_opNum3_2.root
[COPY] event=41871, trackID=13, T0=0.47488 -> /Volumes/ssd_zhang/thesis_michel/server_processing/t0_rootFiles/beam28777_new202602/wvf_applyCut_removeBeam/wvfFind_event41871_trackID13_opNum9.root
[COPY] event=41877, trackID=2, T0=-1.44179 -> /Volumes/ssd_zhang/thesis_michel/server_processing/t0_rootFiles/beam28777_new202602/wvf_applyCut_removeBeam/wvfFind_event41877_trackID2_opNum4.root
[COPY] event=41877, trackID=2, T0=-1.44179 -> /Volumes/ssd_zhang/thesis_michel/server_processing/t0_rootFiles/beam28777_new202602/wvf_applyCut_removeBeam/wvfFind_event41877_trackID2_opNum4_2.root
[COPY] event=4196, trackID=9, T0=-1.11556 -> /Volumes/ssd_zhang/thesis_michel/server_processing/t0_rootFiles/beam28777_new202602/wvf_applyCut_removeBeam/wvfFind_event4196_trackID9_opNum8.root
[COPY] event=41994, trackID=0, T0=0.394129 -> /Volumes/ssd_zhang/thesis_michel/server_processing/t0_rootFiles/beam28777_new202602/wvf_applyCut_removeBeam/wvfFind_event41994_trackID0_opNum6.root
[SKIP] (in range) event=42053, trackID=7, T0=-0.053331
[COPY] event=42057, trackID=3, T0=-1.11612 -> /Volumes/ssd_zhang/thesis_michel/server_processing/t0_rootFiles/beam28777_new202602/wvf_applyCut_removeBeam/wvfFind_event42057_trackID3_opNum8.root
[COPY] event=42074, trackID=3, T0=0.17006 -> /Volumes/ssd_zhang/thesis_michel/server_processing/t0_rootFiles/beam28777_new202602/wvf_applyCut_removeBeam/wvfFind_event42074_trackID3_opNum9.root
[COPY] event=42099, trackID=18, T0=-1.77431 -> /Volumes/ssd_zhang/thesis_michel/server_processing/t0_rootFiles/beam28777_new202602/wvf_applyCut_removeBeam/wvfFind_event42099_trackID18_opNum9_merged.root
[SKIP] (in range) event=4210, trackID=9, T0=-0.0691084
[COPY] event=42112, trackID=7, T0=-1.33243 -> /Volumes/ssd_zhang/thesis_michel/server_processing/t0_rootFiles/beam28777_new202602/wvf_applyCut_removeBeam/wvfFind_event42112_trackID7_opNum4.root
[COPY] event=42122, trackID=9, T0=-1.41457 -> /Volumes/ssd_zhang/thesis_michel/server_processing/t0_rootFiles/beam28777_new202602/wvf_applyCut_removeBeam/wvfFind_event42122_trackID9_opNum7.root
[COPY] event=42126, trackID=5, T0=-2.01981 -> /Volumes/ssd_zhang/thesis_michel/server_processing/t0_rootFiles/beam28777_new202602/wvf_applyCut_removeBeam/wvfFind_event42126_trackID5_opNum8.root
[COPY] event=42133, trackID=2, T0=-1.04711 -> /Volumes/ssd_zhang/thesis_michel/server_processing/t0_rootFiles/beam28777_new202602/wvf_applyCut_removeBeam/wvfFind_event42133_trackID2_opNum4.root
[COPY] event=42153, trackID=26, T0=-2.36874 -> /Volumes/ssd_zhang/thesis_michel/server_processing/t0_rootFiles/beam28777_new202602/wvf_applyCut_removeBeam/wvfFind_event42153_trackID26_opNum5.root
[COPY] event=42163, trackID=3, T0=-0.213316 -> /Volumes/ssd_zhang/thesis_michel/server_processing/t0_rootFiles/beam28777_new202602/wvf_applyCut_removeBeam/wvfFind_event42163_trackID3_opNum8.root
[COPY] event=42203, trackID=3, T0=-0.784748 -> /Volumes/ssd_zhang/thesis_michel/server_processing/t0_rootFiles/beam28777_new202602/wvf_applyCut_removeBeam/wvfFind_event42203_trackID3_opNum3.root
[COPY] event=42207, trackID=1, T0=-0.292621 -> /Volumes/ssd_zhang/thesis_michel/server_processing/t0_rootFiles/beam28777_new202602/wvf_applyCut_removeBeam/wvfFind_event42207_trackID1_opNum8.root
[COPY] event=42214, trackID=18, T0=-2.20372 -> /Volumes/ssd_zhang/thesis_michel/server_processing/t0_rootFiles/beam28777_new202602/wvf_applyCut_removeBeam/wvfFind_event42214_trackID18_opNum8.root
[COPY] event=42214, trackID=18, T0=-2.20372 -> /Volumes/ssd_zhang/thesis_michel/server_processing/t0_rootFiles/beam28777_new202602/wvf_applyCut_removeBeam/wvfFind_event42214_trackID18_opNum8_2.root
[COPY] event=4225, trackID=2, T0=-0.59158 -> /Volumes/ssd_zhang/thesis_michel/server_processing/t0_rootFiles/beam28777_new202602/wvf_applyCut_removeBeam/wvfFind_event4225_trackID2_opNum6.root
[COPY] event=42267, trackID=4, T0=-1.86316 -> /Volumes/ssd_zhang/thesis_michel/server_processing/t0_rootFiles/beam28777_new202602/wvf_applyCut_removeBeam/wvfFind_event42267_trackID4_opNum5.root
[COPY] event=42267, trackID=4, T0=-1.86316 -> /Volumes/ssd_zhang/thesis_michel/server_processing/t0_rootFiles/beam28777_new202602/wvf_applyCut_removeBeam/wvfFind_event42267_trackID4_opNum5_2.root
[COPY] event=42276, trackID=26, T0=0.162203 -> /Volumes/ssd_zhang/thesis_michel/server_processing/t0_rootFiles/beam28777_new202602/wvf_applyCut_removeBeam/wvfFind_event42276_trackID26_opNum9.root
[COPY] event=42299, trackID=2, T0=-1.71941 -> /Volumes/ssd_zhang/thesis_michel/server_processing/t0_rootFiles/beam28777_new202602/wvf_applyCut_removeBeam/wvfFind_event42299_trackID2_opNum9.root
[COPY] event=42322, trackID=4, T0=-1.91627 -> /Volumes/ssd_zhang/thesis_michel/server_processing/t0_rootFiles/beam28777_new202602/wvf_applyCut_removeBeam/wvfFind_event42322_trackID4_opNum8_merged.root
[COPY] event=42323, trackID=10, T0=-1.7079 -> /Volumes/ssd_zhang/thesis_michel/server_processing/t0_rootFiles/beam28777_new202602/wvf_applyCut_removeBeam/wvfFind_event42323_trackID10_opNum9.root
[SKIP] (in range) event=42333, trackID=11, T0=-0.0304326
[COPY] event=42344, trackID=2, T0=-1.34085 -> /Volumes/ssd_zhang/thesis_michel/server_processing/t0_rootFiles/beam28777_new202602/wvf_applyCut_removeBeam/wvfFind_event42344_trackID2_opNum8.root
[COPY] event=42354, trackID=24, T0=0.12462 -> /Volumes/ssd_zhang/thesis_michel/server_processing/t0_rootFiles/beam28777_new202602/wvf_applyCut_removeBeam/wvfFind_event42354_trackID24_opNum9.root
[COPY] event=42355, trackID=7, T0=-1.8965 -> /Volumes/ssd_zhang/thesis_michel/server_processing/t0_rootFiles/beam28777_new202602/wvf_applyCut_removeBeam/wvfFind_event42355_trackID7_opNum9.root
[COPY] event=42357, trackID=10, T0=-1.58208 -> /Volumes/ssd_zhang/thesis_michel/server_processing/t0_rootFiles/beam28777_new202602/wvf_applyCut_removeBeam/wvfFind_event42357_trackID10_opNum4.root
[COPY] event=42368, trackID=31, T0=-2.33066 -> /Volumes/ssd_zhang/thesis_michel/server_processing/t0_rootFiles/beam28777_new202602/wvf_applyCut_removeBeam/wvfFind_event42368_trackID31_opNum5.root
[COPY] event=42368, trackID=31, T0=-2.33066 -> /Volumes/ssd_zhang/thesis_michel/server_processing/t0_rootFiles/beam28777_new202602/wvf_applyCut_removeBeam/wvfFind_event42368_trackID31_opNum5_2.root
[COPY] event=42370, trackID=3, T0=-0.844539 -> /Volumes/ssd_zhang/thesis_michel/server_processing/t0_rootFiles/beam28777_new202602/wvf_applyCut_removeBeam/wvfFind_event42370_trackID3_opNum6.root
[COPY] event=42372, trackID=4, T0=0.333509 -> /Volumes/ssd_zhang/thesis_michel/server_processing/t0_rootFiles/beam28777_new202602/wvf_applyCut_removeBeam/wvfFind_event42372_trackID4_opNum5.root
[COPY] event=42372, trackID=4, T0=0.333509 -> /Volumes/ssd_zhang/thesis_michel/server_processing/t0_rootFiles/beam28777_new202602/wvf_applyCut_removeBeam/wvfFind_event42372_trackID4_opNum5_2.root
[COPY] event=42377, trackID=1, T0=-0.982382 -> /Volumes/ssd_zhang/thesis_michel/server_processing/t0_rootFiles/beam28777_new202602/wvf_applyCut_removeBeam/wvfFind_event42377_trackID1_opNum5.root
[COPY] event=42382, trackID=8, T0=0.411004 -> /Volumes/ssd_zhang/thesis_michel/server_processing/t0_rootFiles/beam28777_new202602/wvf_applyCut_removeBeam/wvfFind_event42382_trackID8_opNum9.root
[COPY] event=42402, trackID=19, T0=-0.90299 -> /Volumes/ssd_zhang/thesis_michel/server_processing/t0_rootFiles/beam28777_new202602/wvf_applyCut_removeBeam/wvfFind_event42402_trackID19_opNum3.root
[COPY] event=42403, trackID=9, T0=-0.596544 -> /Volumes/ssd_zhang/thesis_michel/server_processing/t0_rootFiles/beam28777_new202602/wvf_applyCut_removeBeam/wvfFind_event42403_trackID9_opNum9.root
[COPY] event=42419, trackID=8, T0=0.130807 -> /Volumes/ssd_zhang/thesis_michel/server_processing/t0_rootFiles/beam28777_new202602/wvf_applyCut_removeBeam/wvfFind_event42419_trackID8_opNum5_merged.root
[COPY] event=42425, trackID=22, T0=-2.33661 -> /Volumes/ssd_zhang/thesis_michel/server_processing/t0_rootFiles/beam28777_new202602/wvf_applyCut_removeBeam/wvfFind_event42425_trackID22_opNum4.root
[COPY] event=42430, trackID=11, T0=-0.589755 -> /Volumes/ssd_zhang/thesis_michel/server_processing/t0_rootFiles/beam28777_new202602/wvf_applyCut_removeBeam/wvfFind_event42430_trackID11_opNum8_merged.root
[COPY] event=42431, trackID=6, T0=-0.776275 -> /Volumes/ssd_zhang/thesis_michel/server_processing/t0_rootFiles/beam28777_new202602/wvf_applyCut_removeBeam/wvfFind_event42431_trackID6_opNum4.root
[COPY] event=42432, trackID=15, T0=-1.51257 -> /Volumes/ssd_zhang/thesis_michel/server_processing/t0_rootFiles/beam28777_new202602/wvf_applyCut_removeBeam/wvfFind_event42432_trackID15_opNum8.root
[COPY] event=42453, trackID=3, T0=-1.68718 -> /Volumes/ssd_zhang/thesis_michel/server_processing/t0_rootFiles/beam28777_new202602/wvf_applyCut_removeBeam/wvfFind_event42453_trackID3_opNum9.root
[COPY] event=42528, trackID=10, T0=-2.22667 -> /Volumes/ssd_zhang/thesis_michel/server_processing/t0_rootFiles/beam28777_new202602/wvf_applyCut_removeBeam/wvfFind_event42528_trackID10_opNum3.root
[COPY] event=42556, trackID=9, T0=-0.600428 -> /Volumes/ssd_zhang/thesis_michel/server_processing/t0_rootFiles/beam28777_new202602/wvf_applyCut_removeBeam/wvfFind_event42556_trackID9_opNum8.root
[COPY] event=42570, trackID=19, T0=-1.44866 -> /Volumes/ssd_zhang/thesis_michel/server_processing/t0_rootFiles/beam28777_new202602/wvf_applyCut_removeBeam/wvfFind_event42570_trackID19_opNum9.root
[SKIP] (in range) event=42579, trackID=8, T0=-0.0348688
[SKIP] (in range) event=42579, trackID=8, T0=-0.0348688
[COPY] event=42580, trackID=25, T0=0.0032792 -> /Volumes/ssd_zhang/thesis_michel/server_processing/t0_rootFiles/beam28777_new202602/wvf_applyCut_removeBeam/wvfFind_event42580_trackID25_opNum9.root
[COPY] event=42600, trackID=22, T0=-0.760221 -> /Volumes/ssd_zhang/thesis_michel/server_processing/t0_rootFiles/beam28777_new202602/wvf_applyCut_removeBeam/wvfFind_event42600_trackID22_opNum7_merged.root
[COPY] event=42609, trackID=3, T0=-0.394367 -> /Volumes/ssd_zhang/thesis_michel/server_processing/t0_rootFiles/beam28777_new202602/wvf_applyCut_removeBeam/wvfFind_event42609_trackID3_opNum4.root
[COPY] event=42609, trackID=3, T0=-0.394367 -> /Volumes/ssd_zhang/thesis_michel/server_processing/t0_rootFiles/beam28777_new202602/wvf_applyCut_removeBeam/wvfFind_event42609_trackID3_opNum4_2.root
[COPY] event=42626, trackID=13, T0=-0.665814 -> /Volumes/ssd_zhang/thesis_michel/server_processing/t0_rootFiles/beam28777_new202602/wvf_applyCut_removeBeam/wvfFind_event42626_trackID13_opNum8.root
[COPY] event=42664, trackID=6, T0=-1.48725 -> /Volumes/ssd_zhang/thesis_michel/server_processing/t0_rootFiles/beam28777_new202602/wvf_applyCut_removeBeam/wvfFind_event42664_trackID6_opNum5_merged.root
[COPY] event=42675, trackID=25, T0=0.317348 -> /Volumes/ssd_zhang/thesis_michel/server_processing/t0_rootFiles/beam28777_new202602/wvf_applyCut_removeBeam/wvfFind_event42675_trackID25_opNum7.root
[COPY] event=42676, trackID=11, T0=-0.295448 -> /Volumes/ssd_zhang/thesis_michel/server_processing/t0_rootFiles/beam28777_new202602/wvf_applyCut_removeBeam/wvfFind_event42676_trackID11_opNum7.root
[COPY] event=42683, trackID=18, T0=-1.07631 -> /Volumes/ssd_zhang/thesis_michel/server_processing/t0_rootFiles/beam28777_new202602/wvf_applyCut_removeBeam/wvfFind_event42683_trackID18_opNum3_merged.root
[COPY] event=4269, trackID=10, T0=-0.509207 -> /Volumes/ssd_zhang/thesis_michel/server_processing/t0_rootFiles/beam28777_new202602/wvf_applyCut_removeBeam/wvfFind_event4269_trackID10_opNum5.root
[COPY] event=42723, trackID=5, T0=-1.43712 -> /Volumes/ssd_zhang/thesis_michel/server_processing/t0_rootFiles/beam28777_new202602/wvf_applyCut_removeBeam/wvfFind_event42723_trackID5_opNum9.root
[COPY] event=42723, trackID=5, T0=-1.43712 -> /Volumes/ssd_zhang/thesis_michel/server_processing/t0_rootFiles/beam28777_new202602/wvf_applyCut_removeBeam/wvfFind_event42723_trackID5_opNum9_2.root
[COPY] event=42744, trackID=19, T0=-2.37465 -> /Volumes/ssd_zhang/thesis_michel/server_processing/t0_rootFiles/beam28777_new202602/wvf_applyCut_removeBeam/wvfFind_event42744_trackID19_opNum7.root
[COPY] event=42745, trackID=1, T0=-0.261367 -> /Volumes/ssd_zhang/thesis_michel/server_processing/t0_rootFiles/beam28777_new202602/wvf_applyCut_removeBeam/wvfFind_event42745_trackID1_opNum9.root
[COPY] event=42757, trackID=1, T0=0.373559 -> /Volumes/ssd_zhang/thesis_michel/server_processing/t0_rootFiles/beam28777_new202602/wvf_applyCut_removeBeam/wvfFind_event42757_trackID1_opNum8.root
[COPY] event=42772, trackID=25, T0=0.461985 -> /Volumes/ssd_zhang/thesis_michel/server_processing/t0_rootFiles/beam28777_new202602/wvf_applyCut_removeBeam/wvfFind_event42772_trackID25_opNum3.root
[COPY] event=42795, trackID=30, T0=-2.2532 -> /Volumes/ssd_zhang/thesis_michel/server_processing/t0_rootFiles/beam28777_new202602/wvf_applyCut_removeBeam/wvfFind_event42795_trackID30_opNum5.root
[COPY] event=42797, trackID=13, T0=-0.3679 -> /Volumes/ssd_zhang/thesis_michel/server_processing/t0_rootFiles/beam28777_new202602/wvf_applyCut_removeBeam/wvfFind_event42797_trackID13_opNum8.root
[COPY] event=42808, trackID=16, T0=-2.01761 -> /Volumes/ssd_zhang/thesis_michel/server_processing/t0_rootFiles/beam28777_new202602/wvf_applyCut_removeBeam/wvfFind_event42808_trackID16_opNum8.root
[COPY] event=42808, trackID=4, T0=-1.77299 -> /Volumes/ssd_zhang/thesis_michel/server_processing/t0_rootFiles/beam28777_new202602/wvf_applyCut_removeBeam/wvfFind_event42808_trackID4_opNum5.root
[COPY] event=42808, trackID=4, T0=-1.77299 -> /Volumes/ssd_zhang/thesis_michel/server_processing/t0_rootFiles/beam28777_new202602/wvf_applyCut_removeBeam/wvfFind_event42808_trackID4_opNum5_2.root
[COPY] event=42818, trackID=2, T0=-0.184027 -> /Volumes/ssd_zhang/thesis_michel/server_processing/t0_rootFiles/beam28777_new202602/wvf_applyCut_removeBeam/wvfFind_event42818_trackID2_opNum4.root
[SKIP] (in range) event=42818, trackID=9, T0=-0.0879021
[COPY] event=42819, trackID=14, T0=-1.52184 -> /Volumes/ssd_zhang/thesis_michel/server_processing/t0_rootFiles/beam28777_new202602/wvf_applyCut_removeBeam/wvfFind_event42819_trackID14_opNum5_merged.root
[COPY] event=42840, trackID=11, T0=-1.36846 -> /Volumes/ssd_zhang/thesis_michel/server_processing/t0_rootFiles/beam28777_new202602/wvf_applyCut_removeBeam/wvfFind_event42840_trackID11_opNum5.root
[COPY] event=42872, trackID=10, T0=0.210335 -> /Volumes/ssd_zhang/thesis_michel/server_processing/t0_rootFiles/beam28777_new202602/wvf_applyCut_removeBeam/wvfFind_event42872_trackID10_opNum5.root
[COPY] event=42874, trackID=9, T0=-0.721159 -> /Volumes/ssd_zhang/thesis_michel/server_processing/t0_rootFiles/beam28777_new202602/wvf_applyCut_removeBeam/wvfFind_event42874_trackID9_opNum9.root
[COPY] event=42874, trackID=9, T0=-0.721159 -> /Volumes/ssd_zhang/thesis_michel/server_processing/t0_rootFiles/beam28777_new202602/wvf_applyCut_removeBeam/wvfFind_event42874_trackID9_opNum9_2.root
[COPY] event=42879, trackID=12, T0=0.347606 -> /Volumes/ssd_zhang/thesis_michel/server_processing/t0_rootFiles/beam28777_new202602/wvf_applyCut_removeBeam/wvfFind_event42879_trackID12_opNum4.root
[COPY] event=42879, trackID=4, T0=-1.59624 -> /Volumes/ssd_zhang/thesis_michel/server_processing/t0_rootFiles/beam28777_new202602/wvf_applyCut_removeBeam/wvfFind_event42879_trackID4_opNum3.root
[COPY] event=42906, trackID=16, T0=-1.8433 -> /Volumes/ssd_zhang/thesis_michel/server_processing/t0_rootFiles/beam28777_new202602/wvf_applyCut_removeBeam/wvfFind_event42906_trackID16_opNum5.root
[COPY] event=42925, trackID=18, T0=-0.26002 -> /Volumes/ssd_zhang/thesis_michel/server_processing/t0_rootFiles/beam28777_new202602/wvf_applyCut_removeBeam/wvfFind_event42925_trackID18_opNum8.root
[COPY] event=4293, trackID=8, T0=-1.68026 -> /Volumes/ssd_zhang/thesis_michel/server_processing/t0_rootFiles/beam28777_new202602/wvf_applyCut_removeBeam/wvfFind_event4293_trackID8_opNum3.root
[COPY] event=42962, trackID=20, T0=0.190323 -> /Volumes/ssd_zhang/thesis_michel/server_processing/t0_rootFiles/beam28777_new202602/wvf_applyCut_removeBeam/wvfFind_event42962_trackID20_opNum8.root
[COPY] event=42963, trackID=2, T0=-0.171612 -> /Volumes/ssd_zhang/thesis_michel/server_processing/t0_rootFiles/beam28777_new202602/wvf_applyCut_removeBeam/wvfFind_event42963_trackID2_opNum5.root
[SKIP] (in range) event=42976, trackID=8, T0=-0.0728037
[COPY] event=42978, trackID=22, T0=-1.48639 -> /Volumes/ssd_zhang/thesis_michel/server_processing/t0_rootFiles/beam28777_new202602/wvf_applyCut_removeBeam/wvfFind_event42978_trackID22_opNum9.root
[COPY] event=42981, trackID=3, T0=-1.79103 -> /Volumes/ssd_zhang/thesis_michel/server_processing/t0_rootFiles/beam28777_new202602/wvf_applyCut_removeBeam/wvfFind_event42981_trackID3_opNum4.root
[COPY] event=42981, trackID=3, T0=-1.79103 -> /Volumes/ssd_zhang/thesis_michel/server_processing/t0_rootFiles/beam28777_new202602/wvf_applyCut_removeBeam/wvfFind_event42981_trackID3_opNum4_2.root
[SKIP] (in range) event=4298, trackID=14, T0=-0.0483333
[COPY] event=42996, trackID=3, T0=-1.1481 -> /Volumes/ssd_zhang/thesis_michel/server_processing/t0_rootFiles/beam28777_new202602/wvf_applyCut_removeBeam/wvfFind_event42996_trackID3_opNum3.root
[COPY] event=429, trackID=4, T0=-2.26318 -> /Volumes/ssd_zhang/thesis_michel/server_processing/t0_rootFiles/beam28777_new202602/wvf_applyCut_removeBeam/wvfFind_event429_trackID4_opNum9.root
[COPY] event=43002, trackID=6, T0=-1.06865 -> /Volumes/ssd_zhang/thesis_michel/server_processing/t0_rootFiles/beam28777_new202602/wvf_applyCut_removeBeam/wvfFind_event43002_trackID6_opNum6.root
[COPY] event=43005, trackID=12, T0=0.120354 -> /Volumes/ssd_zhang/thesis_michel/server_processing/t0_rootFiles/beam28777_new202602/wvf_applyCut_removeBeam/wvfFind_event43005_trackID12_opNum6_merged.root
[COPY] event=43009, trackID=18, T0=-0.519337 -> /Volumes/ssd_zhang/thesis_michel/server_processing/t0_rootFiles/beam28777_new202602/wvf_applyCut_removeBeam/wvfFind_event43009_trackID18_opNum9.root
[COPY] event=43024, trackID=4, T0=-0.724543 -> /Volumes/ssd_zhang/thesis_michel/server_processing/t0_rootFiles/beam28777_new202602/wvf_applyCut_removeBeam/wvfFind_event43024_trackID4_opNum5_merged.root
[COPY] event=43032, trackID=11, T0=0.0743418 -> /Volumes/ssd_zhang/thesis_michel/server_processing/t0_rootFiles/beam28777_new202602/wvf_applyCut_removeBeam/wvfFind_event43032_trackID11_opNum7_merged.root
[COPY] event=43040, trackID=6, T0=-1.80441 -> /Volumes/ssd_zhang/thesis_michel/server_processing/t0_rootFiles/beam28777_new202602/wvf_applyCut_removeBeam/wvfFind_event43040_trackID6_opNum8_merged.root
[COPY] event=43054, trackID=17, T0=0.181197 -> /Volumes/ssd_zhang/thesis_michel/server_processing/t0_rootFiles/beam28777_new202602/wvf_applyCut_removeBeam/wvfFind_event43054_trackID17_opNum8.root
[COPY] event=43058, trackID=7, T0=0.226217 -> /Volumes/ssd_zhang/thesis_michel/server_processing/t0_rootFiles/beam28777_new202602/wvf_applyCut_removeBeam/wvfFind_event43058_trackID7_opNum3_merged.root
[COPY] event=43060, trackID=4, T0=-0.640119 -> /Volumes/ssd_zhang/thesis_michel/server_processing/t0_rootFiles/beam28777_new202602/wvf_applyCut_removeBeam/wvfFind_event43060_trackID4_opNum5.root
[COPY] event=43060, trackID=4, T0=-0.640119 -> /Volumes/ssd_zhang/thesis_michel/server_processing/t0_rootFiles/beam28777_new202602/wvf_applyCut_removeBeam/wvfFind_event43060_trackID4_opNum5_2.root
[COPY] event=43069, trackID=4, T0=-1.73754 -> /Volumes/ssd_zhang/thesis_michel/server_processing/t0_rootFiles/beam28777_new202602/wvf_applyCut_removeBeam/wvfFind_event43069_trackID4_opNum5.root
[COPY] event=4309, trackID=12, T0=-2.06055 -> /Volumes/ssd_zhang/thesis_michel/server_processing/t0_rootFiles/beam28777_new202602/wvf_applyCut_removeBeam/wvfFind_event4309_trackID12_opNum6.root
[COPY] event=43112, trackID=3, T0=-1.53029 -> /Volumes/ssd_zhang/thesis_michel/server_processing/t0_rootFiles/beam28777_new202602/wvf_applyCut_removeBeam/wvfFind_event43112_trackID3_opNum9.root
[COPY] event=43121, trackID=6, T0=-1.06053 -> /Volumes/ssd_zhang/thesis_michel/server_processing/t0_rootFiles/beam28777_new202602/wvf_applyCut_removeBeam/wvfFind_event43121_trackID6_opNum3.root
[COPY] event=43141, trackID=11, T0=-1.58571 -> /Volumes/ssd_zhang/thesis_michel/server_processing/t0_rootFiles/beam28777_new202602/wvf_applyCut_removeBeam/wvfFind_event43141_trackID11_opNum5.root
[COPY] event=43141, trackID=11, T0=-1.58571 -> /Volumes/ssd_zhang/thesis_michel/server_processing/t0_rootFiles/beam28777_new202602/wvf_applyCut_removeBeam/wvfFind_event43141_trackID11_opNum5_2.root
[COPY] event=43183, trackID=16, T0=-2.18912 -> /Volumes/ssd_zhang/thesis_michel/server_processing/t0_rootFiles/beam28777_new202602/wvf_applyCut_removeBeam/wvfFind_event43183_trackID16_opNum3.root
[COPY] event=43188, trackID=3, T0=-0.552614 -> /Volumes/ssd_zhang/thesis_michel/server_processing/t0_rootFiles/beam28777_new202602/wvf_applyCut_removeBeam/wvfFind_event43188_trackID3_opNum5.root
[COPY] event=43241, trackID=3, T0=-0.711611 -> /Volumes/ssd_zhang/thesis_michel/server_processing/t0_rootFiles/beam28777_new202602/wvf_applyCut_removeBeam/wvfFind_event43241_trackID3_opNum4.root
[COPY] event=43241, trackID=3, T0=-0.711611 -> /Volumes/ssd_zhang/thesis_michel/server_processing/t0_rootFiles/beam28777_new202602/wvf_applyCut_removeBeam/wvfFind_event43241_trackID3_opNum4_2.root
[COPY] event=43280, trackID=14, T0=-2.30523 -> /Volumes/ssd_zhang/thesis_michel/server_processing/t0_rootFiles/beam28777_new202602/wvf_applyCut_removeBeam/wvfFind_event43280_trackID14_opNum9.root
[COPY] event=43284, trackID=7, T0=-1.40931 -> /Volumes/ssd_zhang/thesis_michel/server_processing/t0_rootFiles/beam28777_new202602/wvf_applyCut_removeBeam/wvfFind_event43284_trackID7_opNum4.root
[COPY] event=43318, trackID=6, T0=-1.7596 -> /Volumes/ssd_zhang/thesis_michel/server_processing/t0_rootFiles/beam28777_new202602/wvf_applyCut_removeBeam/wvfFind_event43318_trackID6_opNum4.root
[COPY] event=4332, trackID=7, T0=-0.506216 -> /Volumes/ssd_zhang/thesis_michel/server_processing/t0_rootFiles/beam28777_new202602/wvf_applyCut_removeBeam/wvfFind_event4332_trackID7_opNum3.root
[COPY] event=4332, trackID=7, T0=-0.506216 -> /Volumes/ssd_zhang/thesis_michel/server_processing/t0_rootFiles/beam28777_new202602/wvf_applyCut_removeBeam/wvfFind_event4332_trackID7_opNum3_2.root
[COPY] event=43335, trackID=6, T0=-0.258152 -> /Volumes/ssd_zhang/thesis_michel/server_processing/t0_rootFiles/beam28777_new202602/wvf_applyCut_removeBeam/wvfFind_event43335_trackID6_opNum3.root
[COPY] event=43357, trackID=5, T0=-0.973635 -> /Volumes/ssd_zhang/thesis_michel/server_processing/t0_rootFiles/beam28777_new202602/wvf_applyCut_removeBeam/wvfFind_event43357_trackID5_opNum4.root
[COPY] event=43389, trackID=29, T0=-2.30111 -> /Volumes/ssd_zhang/thesis_michel/server_processing/t0_rootFiles/beam28777_new202602/wvf_applyCut_removeBeam/wvfFind_event43389_trackID29_opNum9.root
[COPY] event=43392, trackID=3, T0=-1.50957 -> /Volumes/ssd_zhang/thesis_michel/server_processing/t0_rootFiles/beam28777_new202602/wvf_applyCut_removeBeam/wvfFind_event43392_trackID3_opNum7.root
[COPY] event=43405, trackID=1, T0=-1.88329 -> /Volumes/ssd_zhang/thesis_michel/server_processing/t0_rootFiles/beam28777_new202602/wvf_applyCut_removeBeam/wvfFind_event43405_trackID1_opNum5.root
[COPY] event=43407, trackID=13, T0=-0.745897 -> /Volumes/ssd_zhang/thesis_michel/server_processing/t0_rootFiles/beam28777_new202602/wvf_applyCut_removeBeam/wvfFind_event43407_trackID13_opNum5_merged.root
[COPY] event=43410, trackID=3, T0=-1.54853 -> /Volumes/ssd_zhang/thesis_michel/server_processing/t0_rootFiles/beam28777_new202602/wvf_applyCut_removeBeam/wvfFind_event43410_trackID3_opNum4.root
[COPY] event=43410, trackID=3, T0=-1.54853 -> /Volumes/ssd_zhang/thesis_michel/server_processing/t0_rootFiles/beam28777_new202602/wvf_applyCut_removeBeam/wvfFind_event43410_trackID3_opNum4_2.root
[COPY] event=43418, trackID=1, T0=-0.424662 -> /Volumes/ssd_zhang/thesis_michel/server_processing/t0_rootFiles/beam28777_new202602/wvf_applyCut_removeBeam/wvfFind_event43418_trackID1_opNum5.root
[COPY] event=4341, trackID=5, T0=-0.622677 -> /Volumes/ssd_zhang/thesis_michel/server_processing/t0_rootFiles/beam28777_new202602/wvf_applyCut_removeBeam/wvfFind_event4341_trackID5_opNum5.root
[COPY] event=43429, trackID=4, T0=-0.483709 -> /Volumes/ssd_zhang/thesis_michel/server_processing/t0_rootFiles/beam28777_new202602/wvf_applyCut_removeBeam/wvfFind_event43429_trackID4_opNum9.root
[COPY] event=4342, trackID=7, T0=-0.802336 -> /Volumes/ssd_zhang/thesis_michel/server_processing/t0_rootFiles/beam28777_new202602/wvf_applyCut_removeBeam/wvfFind_event4342_trackID7_opNum3.root
[COPY] event=43452, trackID=8, T0=0.381791 -> /Volumes/ssd_zhang/thesis_michel/server_processing/t0_rootFiles/beam28777_new202602/wvf_applyCut_removeBeam/wvfFind_event43452_trackID8_opNum3.root
[COPY] event=43452, trackID=8, T0=0.381791 -> /Volumes/ssd_zhang/thesis_michel/server_processing/t0_rootFiles/beam28777_new202602/wvf_applyCut_removeBeam/wvfFind_event43452_trackID8_opNum3_2.root
[COPY] event=4345, trackID=4, T0=-1.06701 -> /Volumes/ssd_zhang/thesis_michel/server_processing/t0_rootFiles/beam28777_new202602/wvf_applyCut_removeBeam/wvfFind_event4345_trackID4_opNum7_merged.root
[COPY] event=43470, trackID=2, T0=-0.61492 -> /Volumes/ssd_zhang/thesis_michel/server_processing/t0_rootFiles/beam28777_new202602/wvf_applyCut_removeBeam/wvfFind_event43470_trackID2_opNum9.root
[COPY] event=43486, trackID=5, T0=-1.73259 -> /Volumes/ssd_zhang/thesis_michel/server_processing/t0_rootFiles/beam28777_new202602/wvf_applyCut_removeBeam/wvfFind_event43486_trackID5_opNum7_merged.root
[COPY] event=43498, trackID=3, T0=0.447506 -> /Volumes/ssd_zhang/thesis_michel/server_processing/t0_rootFiles/beam28777_new202602/wvf_applyCut_removeBeam/wvfFind_event43498_trackID3_opNum9.root
[COPY] event=43498, trackID=3, T0=0.447506 -> /Volumes/ssd_zhang/thesis_michel/server_processing/t0_rootFiles/beam28777_new202602/wvf_applyCut_removeBeam/wvfFind_event43498_trackID3_opNum9_2.root
[COPY] event=43537, trackID=5, T0=-0.358043 -> /Volumes/ssd_zhang/thesis_michel/server_processing/t0_rootFiles/beam28777_new202602/wvf_applyCut_removeBeam/wvfFind_event43537_trackID5_opNum8.root
[COPY] event=4355, trackID=9, T0=-1.44307 -> /Volumes/ssd_zhang/thesis_michel/server_processing/t0_rootFiles/beam28777_new202602/wvf_applyCut_removeBeam/wvfFind_event4355_trackID9_opNum4.root
[COPY] event=43562, trackID=23, T0=-1.55921 -> /Volumes/ssd_zhang/thesis_michel/server_processing/t0_rootFiles/beam28777_new202602/wvf_applyCut_removeBeam/wvfFind_event43562_trackID23_opNum3.root
[COPY] event=43566, trackID=12, T0=-2.17828 -> /Volumes/ssd_zhang/thesis_michel/server_processing/t0_rootFiles/beam28777_new202602/wvf_applyCut_removeBeam/wvfFind_event43566_trackID12_opNum5.root
[COPY] event=43566, trackID=12, T0=-2.17828 -> /Volumes/ssd_zhang/thesis_michel/server_processing/t0_rootFiles/beam28777_new202602/wvf_applyCut_removeBeam/wvfFind_event43566_trackID12_opNum5_2.root
[COPY] event=43572, trackID=11, T0=-1.04886 -> /Volumes/ssd_zhang/thesis_michel/server_processing/t0_rootFiles/beam28777_new202602/wvf_applyCut_removeBeam/wvfFind_event43572_trackID11_opNum8.root
[COPY] event=4357, trackID=25, T0=1.31649 -> /Volumes/ssd_zhang/thesis_michel/server_processing/t0_rootFiles/beam28777_new202602/wvf_applyCut_removeBeam/wvfFind_event4357_trackID25_opNum9.root
[COPY] event=43585, trackID=4, T0=-0.363428 -> /Volumes/ssd_zhang/thesis_michel/server_processing/t0_rootFiles/beam28777_new202602/wvf_applyCut_removeBeam/wvfFind_event43585_trackID4_opNum9.root
[COPY] event=43589, trackID=7, T0=0.202931 -> /Volumes/ssd_zhang/thesis_michel/server_processing/t0_rootFiles/beam28777_new202602/wvf_applyCut_removeBeam/wvfFind_event43589_trackID7_opNum5_merged.root
[COPY] event=43597, trackID=5, T0=-1.98475 -> /Volumes/ssd_zhang/thesis_michel/server_processing/t0_rootFiles/beam28777_new202602/wvf_applyCut_removeBeam/wvfFind_event43597_trackID5_opNum8.root
[COPY] event=43598, trackID=2, T0=-0.50102 -> /Volumes/ssd_zhang/thesis_michel/server_processing/t0_rootFiles/beam28777_new202602/wvf_applyCut_removeBeam/wvfFind_event43598_trackID2_opNum4.root
[COPY] event=43598, trackID=2, T0=-0.50102 -> /Volumes/ssd_zhang/thesis_michel/server_processing/t0_rootFiles/beam28777_new202602/wvf_applyCut_removeBeam/wvfFind_event43598_trackID2_opNum4_2.root
[COPY] event=43611, trackID=0, T0=-0.776198 -> /Volumes/ssd_zhang/thesis_michel/server_processing/t0_rootFiles/beam28777_new202602/wvf_applyCut_removeBeam/wvfFind_event43611_trackID0_opNum9_merged.root
[COPY] event=43622, trackID=11, T0=0.39406 -> /Volumes/ssd_zhang/thesis_michel/server_processing/t0_rootFiles/beam28777_new202602/wvf_applyCut_removeBeam/wvfFind_event43622_trackID11_opNum7.root
[COPY] event=43626, trackID=8, T0=0.044575 -> /Volumes/ssd_zhang/thesis_michel/server_processing/t0_rootFiles/beam28777_new202602/wvf_applyCut_removeBeam/wvfFind_event43626_trackID8_opNum3.root
[COPY] event=43635, trackID=13, T0=-0.854692 -> /Volumes/ssd_zhang/thesis_michel/server_processing/t0_rootFiles/beam28777_new202602/wvf_applyCut_removeBeam/wvfFind_event43635_trackID13_opNum8.root
[SKIP] (in range) event=4363, trackID=0, T0=-0.11899
[COPY] event=43661, trackID=20, T0=-1.00855 -> /Volumes/ssd_zhang/thesis_michel/server_processing/t0_rootFiles/beam28777_new202602/wvf_applyCut_removeBeam/wvfFind_event43661_trackID20_opNum8.root
[COPY] event=43661, trackID=20, T0=-1.00855 -> /Volumes/ssd_zhang/thesis_michel/server_processing/t0_rootFiles/beam28777_new202602/wvf_applyCut_removeBeam/wvfFind_event43661_trackID20_opNum8_2.root
[COPY] event=43666, trackID=0, T0=-0.651891 -> /Volumes/ssd_zhang/thesis_michel/server_processing/t0_rootFiles/beam28777_new202602/wvf_applyCut_removeBeam/wvfFind_event43666_trackID0_opNum5.root
[COPY] event=43666, trackID=9, T0=-1.87478 -> /Volumes/ssd_zhang/thesis_michel/server_processing/t0_rootFiles/beam28777_new202602/wvf_applyCut_removeBeam/wvfFind_event43666_trackID9_opNum3.root
[COPY] event=43673, trackID=1, T0=-1.36908 -> /Volumes/ssd_zhang/thesis_michel/server_processing/t0_rootFiles/beam28777_new202602/wvf_applyCut_removeBeam/wvfFind_event43673_trackID1_opNum9.root
[COPY] event=43677, trackID=13, T0=-2.11375 -> /Volumes/ssd_zhang/thesis_michel/server_processing/t0_rootFiles/beam28777_new202602/wvf_applyCut_removeBeam/wvfFind_event43677_trackID13_opNum7_merged.root
[COPY] event=43713, trackID=9, T0=-0.674923 -> /Volumes/ssd_zhang/thesis_michel/server_processing/t0_rootFiles/beam28777_new202602/wvf_applyCut_removeBeam/wvfFind_event43713_trackID9_opNum6_merged.root
[COPY] event=43724, trackID=28, T0=-1.11026 -> /Volumes/ssd_zhang/thesis_michel/server_processing/t0_rootFiles/beam28777_new202602/wvf_applyCut_removeBeam/wvfFind_event43724_trackID28_opNum9.root
[SKIP] (in range) event=43749, trackID=7, T0=-0.0524771
[COPY] event=43751, trackID=11, T0=-0.541057 -> /Volumes/ssd_zhang/thesis_michel/server_processing/t0_rootFiles/beam28777_new202602/wvf_applyCut_removeBeam/wvfFind_event43751_trackID11_opNum5.root
[COPY] event=43755, trackID=10, T0=-1.12862 -> /Volumes/ssd_zhang/thesis_michel/server_processing/t0_rootFiles/beam28777_new202602/wvf_applyCut_removeBeam/wvfFind_event43755_trackID10_opNum3_merged.root
[COPY] event=43760, trackID=10, T0=-0.248904 -> /Volumes/ssd_zhang/thesis_michel/server_processing/t0_rootFiles/beam28777_new202602/wvf_applyCut_removeBeam/wvfFind_event43760_trackID10_opNum5.root
[SKIP] (in range) event=43760, trackID=23, T0=-0.0650153
[SKIP] (in range) event=43768, trackID=14, T0=-0.0710175
[SKIP] (in range) event=43768, trackID=14, T0=-0.0710175
[COPY] event=43779, trackID=20, T0=0.553519 -> /Volumes/ssd_zhang/thesis_michel/server_processing/t0_rootFiles/beam28777_new202602/wvf_applyCut_removeBeam/wvfFind_event43779_trackID20_opNum9_merged.root
[COPY] event=43799, trackID=7, T0=-1.31707 -> /Volumes/ssd_zhang/thesis_michel/server_processing/t0_rootFiles/beam28777_new202602/wvf_applyCut_removeBeam/wvfFind_event43799_trackID7_opNum9_merged.root
[COPY] event=43833, trackID=0, T0=-0.979464 -> /Volumes/ssd_zhang/thesis_michel/server_processing/t0_rootFiles/beam28777_new202602/wvf_applyCut_removeBeam/wvfFind_event43833_trackID0_opNum5.root
[COPY] event=43833, trackID=0, T0=-0.979464 -> /Volumes/ssd_zhang/thesis_michel/server_processing/t0_rootFiles/beam28777_new202602/wvf_applyCut_removeBeam/wvfFind_event43833_trackID0_opNum5_2.root
[COPY] event=43863, trackID=15, T0=-1.3338 -> /Volumes/ssd_zhang/thesis_michel/server_processing/t0_rootFiles/beam28777_new202602/wvf_applyCut_removeBeam/wvfFind_event43863_trackID15_opNum9.root
[COPY] event=43873, trackID=0, T0=-0.195479 -> /Volumes/ssd_zhang/thesis_michel/server_processing/t0_rootFiles/beam28777_new202602/wvf_applyCut_removeBeam/wvfFind_event43873_trackID0_opNum8.root
[COPY] event=43875, trackID=7, T0=0.33294 -> /Volumes/ssd_zhang/thesis_michel/server_processing/t0_rootFiles/beam28777_new202602/wvf_applyCut_removeBeam/wvfFind_event43875_trackID7_opNum5.root
[COPY] event=43879, trackID=7, T0=-0.860578 -> /Volumes/ssd_zhang/thesis_michel/server_processing/t0_rootFiles/beam28777_new202602/wvf_applyCut_removeBeam/wvfFind_event43879_trackID7_opNum9.root
[COPY] event=43881, trackID=12, T0=-1.72284 -> /Volumes/ssd_zhang/thesis_michel/server_processing/t0_rootFiles/beam28777_new202602/wvf_applyCut_removeBeam/wvfFind_event43881_trackID12_opNum8.root
[COPY] event=43886, trackID=1, T0=-0.671786 -> /Volumes/ssd_zhang/thesis_michel/server_processing/t0_rootFiles/beam28777_new202602/wvf_applyCut_removeBeam/wvfFind_event43886_trackID1_opNum4.root
[COPY] event=43891, trackID=8, T0=-1.80165 -> /Volumes/ssd_zhang/thesis_michel/server_processing/t0_rootFiles/beam28777_new202602/wvf_applyCut_removeBeam/wvfFind_event43891_trackID8_opNum8_merged.root
[COPY] event=43899, trackID=10, T0=-2.14844 -> /Volumes/ssd_zhang/thesis_michel/server_processing/t0_rootFiles/beam28777_new202602/wvf_applyCut_removeBeam/wvfFind_event43899_trackID10_opNum5_merged.root
[COPY] event=43914, trackID=15, T0=0.371695 -> /Volumes/ssd_zhang/thesis_michel/server_processing/t0_rootFiles/beam28777_new202602/wvf_applyCut_removeBeam/wvfFind_event43914_trackID15_opNum9.root
[COPY] event=4392, trackID=12, T0=-2.30605 -> /Volumes/ssd_zhang/thesis_michel/server_processing/t0_rootFiles/beam28777_new202602/wvf_applyCut_removeBeam/wvfFind_event4392_trackID12_opNum9.root
[COPY] event=43935, trackID=8, T0=-0.877124 -> /Volumes/ssd_zhang/thesis_michel/server_processing/t0_rootFiles/beam28777_new202602/wvf_applyCut_removeBeam/wvfFind_event43935_trackID8_opNum5.root
[COPY] event=43937, trackID=1, T0=-0.728596 -> /Volumes/ssd_zhang/thesis_michel/server_processing/t0_rootFiles/beam28777_new202602/wvf_applyCut_removeBeam/wvfFind_event43937_trackID1_opNum5.root
[COPY] event=43947, trackID=4, T0=-1.19784 -> /Volumes/ssd_zhang/thesis_michel/server_processing/t0_rootFiles/beam28777_new202602/wvf_applyCut_removeBeam/wvfFind_event43947_trackID4_opNum4.root
[COPY] event=43961, trackID=2, T0=-0.760008 -> /Volumes/ssd_zhang/thesis_michel/server_processing/t0_rootFiles/beam28777_new202602/wvf_applyCut_removeBeam/wvfFind_event43961_trackID2_opNum3.root
[COPY] event=43961, trackID=2, T0=-0.760008 -> /Volumes/ssd_zhang/thesis_michel/server_processing/t0_rootFiles/beam28777_new202602/wvf_applyCut_removeBeam/wvfFind_event43961_trackID2_opNum3_2.root
[COPY] event=43981, trackID=4, T0=-0.478533 -> /Volumes/ssd_zhang/thesis_michel/server_processing/t0_rootFiles/beam28777_new202602/wvf_applyCut_removeBeam/wvfFind_event43981_trackID4_opNum9_merged.root
[COPY] event=44001, trackID=1, T0=0.0537104 -> /Volumes/ssd_zhang/thesis_michel/server_processing/t0_rootFiles/beam28777_new202602/wvf_applyCut_removeBeam/wvfFind_event44001_trackID1_opNum4.root
[COPY] event=44017, trackID=6, T0=0.231416 -> /Volumes/ssd_zhang/thesis_michel/server_processing/t0_rootFiles/beam28777_new202602/wvf_applyCut_removeBeam/wvfFind_event44017_trackID6_opNum4.root
[SKIP] (in range) event=44018, trackID=32, T0=-0.0903634
[SKIP] (in range) event=44018, trackID=32, T0=-0.0903634
[COPY] event=4403, trackID=19, T0=-2.14647 -> /Volumes/ssd_zhang/thesis_michel/server_processing/t0_rootFiles/beam28777_new202602/wvf_applyCut_removeBeam/wvfFind_event4403_trackID19_opNum4.root
[COPY] event=44042, trackID=4, T0=-1.30001 -> /Volumes/ssd_zhang/thesis_michel/server_processing/t0_rootFiles/beam28777_new202602/wvf_applyCut_removeBeam/wvfFind_event44042_trackID4_opNum4.root
[COPY] event=44059, trackID=19, T0=1.451 -> /Volumes/ssd_zhang/thesis_michel/server_processing/t0_rootFiles/beam28777_new202602/wvf_applyCut_removeBeam/wvfFind_event44059_trackID19_opNum3.root
[COPY] event=44059, trackID=19, T0=1.451 -> /Volumes/ssd_zhang/thesis_michel/server_processing/t0_rootFiles/beam28777_new202602/wvf_applyCut_removeBeam/wvfFind_event44059_trackID19_opNum3_2.root
[COPY] event=44060, trackID=11, T0=-2.27208 -> /Volumes/ssd_zhang/thesis_michel/server_processing/t0_rootFiles/beam28777_new202602/wvf_applyCut_removeBeam/wvfFind_event44060_trackID11_opNum8.root
[COPY] event=44084, trackID=3, T0=-1.58266 -> /Volumes/ssd_zhang/thesis_michel/server_processing/t0_rootFiles/beam28777_new202602/wvf_applyCut_removeBeam/wvfFind_event44084_trackID3_opNum5_merged.root
[COPY] event=44121, trackID=0, T0=-0.797128 -> /Volumes/ssd_zhang/thesis_michel/server_processing/t0_rootFiles/beam28777_new202602/wvf_applyCut_removeBeam/wvfFind_event44121_trackID0_opNum6_merged.root
[COPY] event=44122, trackID=11, T0=-1.72895 -> /Volumes/ssd_zhang/thesis_michel/server_processing/t0_rootFiles/beam28777_new202602/wvf_applyCut_removeBeam/wvfFind_event44122_trackID11_opNum7.root
[COPY] event=44122, trackID=11, T0=-1.72895 -> /Volumes/ssd_zhang/thesis_michel/server_processing/t0_rootFiles/beam28777_new202602/wvf_applyCut_removeBeam/wvfFind_event44122_trackID11_opNum7_2.root
[SKIP] (in range) event=44131, trackID=24, T0=-0.0529725
[COPY] event=44135, trackID=37, T0=-0.720209 -> /Volumes/ssd_zhang/thesis_michel/server_processing/t0_rootFiles/beam28777_new202602/wvf_applyCut_removeBeam/wvfFind_event44135_trackID37_opNum9.root
[COPY] event=44139, trackID=6, T0=-0.843368 -> /Volumes/ssd_zhang/thesis_michel/server_processing/t0_rootFiles/beam28777_new202602/wvf_applyCut_removeBeam/wvfFind_event44139_trackID6_opNum5.root
[COPY] event=44143, trackID=1, T0=0.309333 -> /Volumes/ssd_zhang/thesis_michel/server_processing/t0_rootFiles/beam28777_new202602/wvf_applyCut_removeBeam/wvfFind_event44143_trackID1_opNum9.root
[COPY] event=44222, trackID=5, T0=-1.3005 -> /Volumes/ssd_zhang/thesis_michel/server_processing/t0_rootFiles/beam28777_new202602/wvf_applyCut_removeBeam/wvfFind_event44222_trackID5_opNum3.root
[COPY] event=44230, trackID=10, T0=-0.355665 -> /Volumes/ssd_zhang/thesis_michel/server_processing/t0_rootFiles/beam28777_new202602/wvf_applyCut_removeBeam/wvfFind_event44230_trackID10_opNum4.root
[COPY] event=44231, trackID=14, T0=-1.61332 -> /Volumes/ssd_zhang/thesis_michel/server_processing/t0_rootFiles/beam28777_new202602/wvf_applyCut_removeBeam/wvfFind_event44231_trackID14_opNum9.root
[COPY] event=44231, trackID=14, T0=-1.61332 -> /Volumes/ssd_zhang/thesis_michel/server_processing/t0_rootFiles/beam28777_new202602/wvf_applyCut_removeBeam/wvfFind_event44231_trackID14_opNum9_2.root
[COPY] event=44231, trackID=9, T0=-1.26342 -> /Volumes/ssd_zhang/thesis_michel/server_processing/t0_rootFiles/beam28777_new202602/wvf_applyCut_removeBeam/wvfFind_event44231_trackID9_opNum3.root
[COPY] event=4423, trackID=14, T0=-1.24382 -> /Volumes/ssd_zhang/thesis_michel/server_processing/t0_rootFiles/beam28777_new202602/wvf_applyCut_removeBeam/wvfFind_event4423_trackID14_opNum4.root
[COPY] event=4423, trackID=14, T0=-1.24382 -> /Volumes/ssd_zhang/thesis_michel/server_processing/t0_rootFiles/beam28777_new202602/wvf_applyCut_removeBeam/wvfFind_event4423_trackID14_opNum4_2.root
[COPY] event=44260, trackID=14, T0=0.446923 -> /Volumes/ssd_zhang/thesis_michel/server_processing/t0_rootFiles/beam28777_new202602/wvf_applyCut_removeBeam/wvfFind_event44260_trackID14_opNum7.root
[COPY] event=442, trackID=6, T0=0.406583 -> /Volumes/ssd_zhang/thesis_michel/server_processing/t0_rootFiles/beam28777_new202602/wvf_applyCut_removeBeam/wvfFind_event442_trackID6_opNum8.root
[COPY] event=44301, trackID=3, T0=0.0980143 -> /Volumes/ssd_zhang/thesis_michel/server_processing/t0_rootFiles/beam28777_new202602/wvf_applyCut_removeBeam/wvfFind_event44301_trackID3_opNum4.root
[COPY] event=44301, trackID=3, T0=0.0980143 -> /Volumes/ssd_zhang/thesis_michel/server_processing/t0_rootFiles/beam28777_new202602/wvf_applyCut_removeBeam/wvfFind_event44301_trackID3_opNum4_2.root
[SKIP] (in range) event=44306, trackID=2, T0=-0.0514307
[COPY] event=44313, trackID=7, T0=-1.62032 -> /Volumes/ssd_zhang/thesis_michel/server_processing/t0_rootFiles/beam28777_new202602/wvf_applyCut_removeBeam/wvfFind_event44313_trackID7_opNum9.root
[COPY] event=44331, trackID=28, T0=0.280824 -> /Volumes/ssd_zhang/thesis_michel/server_processing/t0_rootFiles/beam28777_new202602/wvf_applyCut_removeBeam/wvfFind_event44331_trackID28_opNum8.root
[COPY] event=44332, trackID=11, T0=-2.21392 -> /Volumes/ssd_zhang/thesis_michel/server_processing/t0_rootFiles/beam28777_new202602/wvf_applyCut_removeBeam/wvfFind_event44332_trackID11_opNum4.root
[COPY] event=44332, trackID=11, T0=-2.21392 -> /Volumes/ssd_zhang/thesis_michel/server_processing/t0_rootFiles/beam28777_new202602/wvf_applyCut_removeBeam/wvfFind_event44332_trackID11_opNum4_2.root
[COPY] event=44332, trackID=11, T0=-2.21392 -> /Volumes/ssd_zhang/thesis_michel/server_processing/t0_rootFiles/beam28777_new202602/wvf_applyCut_removeBeam/wvfFind_event44332_trackID11_opNum4_3.root
[COPY] event=44351, trackID=1, T0=-1.04603 -> /Volumes/ssd_zhang/thesis_michel/server_processing/t0_rootFiles/beam28777_new202602/wvf_applyCut_removeBeam/wvfFind_event44351_trackID1_opNum9_merged.root
[COPY] event=44368, trackID=7, T0=-1.58003 -> /Volumes/ssd_zhang/thesis_michel/server_processing/t0_rootFiles/beam28777_new202602/wvf_applyCut_removeBeam/wvfFind_event44368_trackID7_opNum8.root
[COPY] event=44400, trackID=2, T0=-0.942003 -> /Volumes/ssd_zhang/thesis_michel/server_processing/t0_rootFiles/beam28777_new202602/wvf_applyCut_removeBeam/wvfFind_event44400_trackID2_opNum8_merged.root
[COPY] event=4441, trackID=3, T0=-1.37829 -> /Volumes/ssd_zhang/thesis_michel/server_processing/t0_rootFiles/beam28777_new202602/wvf_applyCut_removeBeam/wvfFind_event4441_trackID3_opNum9.root
[COPY] event=44450, trackID=7, T0=-1.67625 -> /Volumes/ssd_zhang/thesis_michel/server_processing/t0_rootFiles/beam28777_new202602/wvf_applyCut_removeBeam/wvfFind_event44450_trackID7_opNum8.root
[COPY] event=44471, trackID=5, T0=-1.64032 -> /Volumes/ssd_zhang/thesis_michel/server_processing/t0_rootFiles/beam28777_new202602/wvf_applyCut_removeBeam/wvfFind_event44471_trackID5_opNum3.root
[COPY] event=44477, trackID=5, T0=0.202172 -> /Volumes/ssd_zhang/thesis_michel/server_processing/t0_rootFiles/beam28777_new202602/wvf_applyCut_removeBeam/wvfFind_event44477_trackID5_opNum8.root
[COPY] event=44485, trackID=31, T0=1.58059 -> /Volumes/ssd_zhang/thesis_michel/server_processing/t0_rootFiles/beam28777_new202602/wvf_applyCut_removeBeam/wvfFind_event44485_trackID31_opNum6_merged.root
[COPY] event=44485, trackID=5, T0=0.380252 -> /Volumes/ssd_zhang/thesis_michel/server_processing/t0_rootFiles/beam28777_new202602/wvf_applyCut_removeBeam/wvfFind_event44485_trackID5_opNum6.root
[COPY] event=44500, trackID=22, T0=-2.38499 -> /Volumes/ssd_zhang/thesis_michel/server_processing/t0_rootFiles/beam28777_new202602/wvf_applyCut_removeBeam/wvfFind_event44500_trackID22_opNum5.root
[COPY] event=44506, trackID=9, T0=0.446763 -> /Volumes/ssd_zhang/thesis_michel/server_processing/t0_rootFiles/beam28777_new202602/wvf_applyCut_removeBeam/wvfFind_event44506_trackID9_opNum9.root
[COPY] event=44511, trackID=6, T0=-0.552153 -> /Volumes/ssd_zhang/thesis_michel/server_processing/t0_rootFiles/beam28777_new202602/wvf_applyCut_removeBeam/wvfFind_event44511_trackID6_opNum3.root
[COPY] event=44511, trackID=6, T0=-0.552153 -> /Volumes/ssd_zhang/thesis_michel/server_processing/t0_rootFiles/beam28777_new202602/wvf_applyCut_removeBeam/wvfFind_event44511_trackID6_opNum3_2.root
[COPY] event=44522, trackID=17, T0=-0.742366 -> /Volumes/ssd_zhang/thesis_michel/server_processing/t0_rootFiles/beam28777_new202602/wvf_applyCut_removeBeam/wvfFind_event44522_trackID17_opNum9.root
[COPY] event=44531, trackID=6, T0=-1.36804 -> /Volumes/ssd_zhang/thesis_michel/server_processing/t0_rootFiles/beam28777_new202602/wvf_applyCut_removeBeam/wvfFind_event44531_trackID6_opNum9.root
[COPY] event=44541, trackID=23, T0=-2.35153 -> /Volumes/ssd_zhang/thesis_michel/server_processing/t0_rootFiles/beam28777_new202602/wvf_applyCut_removeBeam/wvfFind_event44541_trackID23_opNum8.root
[COPY] event=44551, trackID=10, T0=-2.24698 -> /Volumes/ssd_zhang/thesis_michel/server_processing/t0_rootFiles/beam28777_new202602/wvf_applyCut_removeBeam/wvfFind_event44551_trackID10_opNum9_merged.root
[COPY] event=4455, trackID=13, T0=0.36899 -> /Volumes/ssd_zhang/thesis_michel/server_processing/t0_rootFiles/beam28777_new202602/wvf_applyCut_removeBeam/wvfFind_event4455_trackID13_opNum5.root
[COPY] event=44575, trackID=1, T0=-0.883466 -> /Volumes/ssd_zhang/thesis_michel/server_processing/t0_rootFiles/beam28777_new202602/wvf_applyCut_removeBeam/wvfFind_event44575_trackID1_opNum5.root
[COPY] event=44575, trackID=1, T0=-0.883466 -> /Volumes/ssd_zhang/thesis_michel/server_processing/t0_rootFiles/beam28777_new202602/wvf_applyCut_removeBeam/wvfFind_event44575_trackID1_opNum5_2.root
[COPY] event=44598, trackID=11, T0=0.311243 -> /Volumes/ssd_zhang/thesis_michel/server_processing/t0_rootFiles/beam28777_new202602/wvf_applyCut_removeBeam/wvfFind_event44598_trackID11_opNum4.root
[COPY] event=44598, trackID=11, T0=0.311243 -> /Volumes/ssd_zhang/thesis_michel/server_processing/t0_rootFiles/beam28777_new202602/wvf_applyCut_removeBeam/wvfFind_event44598_trackID11_opNum4_2.root
[COPY] event=44652, trackID=25, T0=-0.988544 -> /Volumes/ssd_zhang/thesis_michel/server_processing/t0_rootFiles/beam28777_new202602/wvf_applyCut_removeBeam/wvfFind_event44652_trackID25_opNum8.root
[COPY] event=44661, trackID=5, T0=0.0660744 -> /Volumes/ssd_zhang/thesis_michel/server_processing/t0_rootFiles/beam28777_new202602/wvf_applyCut_removeBeam/wvfFind_event44661_trackID5_opNum5.root
[COPY] event=44663, trackID=22, T0=-0.404052 -> /Volumes/ssd_zhang/thesis_michel/server_processing/t0_rootFiles/beam28777_new202602/wvf_applyCut_removeBeam/wvfFind_event44663_trackID22_opNum9.root
[COPY] event=44681, trackID=8, T0=-1.85677 -> /Volumes/ssd_zhang/thesis_michel/server_processing/t0_rootFiles/beam28777_new202602/wvf_applyCut_removeBeam/wvfFind_event44681_trackID8_opNum3.root
[COPY] event=44686, trackID=10, T0=-1.61276 -> /Volumes/ssd_zhang/thesis_michel/server_processing/t0_rootFiles/beam28777_new202602/wvf_applyCut_removeBeam/wvfFind_event44686_trackID10_opNum7.root
[COPY] event=44713, trackID=24, T0=-2.32836 -> /Volumes/ssd_zhang/thesis_michel/server_processing/t0_rootFiles/beam28777_new202602/wvf_applyCut_removeBeam/wvfFind_event44713_trackID24_opNum9.root
[COPY] event=44723, trackID=22, T0=-1.31456 -> /Volumes/ssd_zhang/thesis_michel/server_processing/t0_rootFiles/beam28777_new202602/wvf_applyCut_removeBeam/wvfFind_event44723_trackID22_opNum6.root
[COPY] event=44725, trackID=1, T0=-0.651168 -> /Volumes/ssd_zhang/thesis_michel/server_processing/t0_rootFiles/beam28777_new202602/wvf_applyCut_removeBeam/wvfFind_event44725_trackID1_opNum8.root
[COPY] event=44726, trackID=1, T0=-0.907596 -> /Volumes/ssd_zhang/thesis_michel/server_processing/t0_rootFiles/beam28777_new202602/wvf_applyCut_removeBeam/wvfFind_event44726_trackID1_opNum4.root
[COPY] event=44728, trackID=6, T0=-1.60159 -> /Volumes/ssd_zhang/thesis_michel/server_processing/t0_rootFiles/beam28777_new202602/wvf_applyCut_removeBeam/wvfFind_event44728_trackID6_opNum5.root
[COPY] event=44730, trackID=7, T0=0.412826 -> /Volumes/ssd_zhang/thesis_michel/server_processing/t0_rootFiles/beam28777_new202602/wvf_applyCut_removeBeam/wvfFind_event44730_trackID7_opNum3.root
[COPY] event=44730, trackID=7, T0=0.412826 -> /Volumes/ssd_zhang/thesis_michel/server_processing/t0_rootFiles/beam28777_new202602/wvf_applyCut_removeBeam/wvfFind_event44730_trackID7_opNum3_2.root
[COPY] event=44735, trackID=10, T0=-1.28881 -> /Volumes/ssd_zhang/thesis_michel/server_processing/t0_rootFiles/beam28777_new202602/wvf_applyCut_removeBeam/wvfFind_event44735_trackID10_opNum3.root
[COPY] event=44738, trackID=35, T0=-2.44633 -> /Volumes/ssd_zhang/thesis_michel/server_processing/t0_rootFiles/beam28777_new202602/wvf_applyCut_removeBeam/wvfFind_event44738_trackID35_opNum9.root
[COPY] event=44756, trackID=0, T0=-0.139801 -> /Volumes/ssd_zhang/thesis_michel/server_processing/t0_rootFiles/beam28777_new202602/wvf_applyCut_removeBeam/wvfFind_event44756_trackID0_opNum9.root
[COPY] event=44758, trackID=1, T0=-0.519861 -> /Volumes/ssd_zhang/thesis_michel/server_processing/t0_rootFiles/beam28777_new202602/wvf_applyCut_removeBeam/wvfFind_event44758_trackID1_opNum5.root
[COPY] event=44758, trackID=1, T0=-0.519861 -> /Volumes/ssd_zhang/thesis_michel/server_processing/t0_rootFiles/beam28777_new202602/wvf_applyCut_removeBeam/wvfFind_event44758_trackID1_opNum5_2.root
[COPY] event=4475, trackID=2, T0=-1.6657 -> /Volumes/ssd_zhang/thesis_michel/server_processing/t0_rootFiles/beam28777_new202602/wvf_applyCut_removeBeam/wvfFind_event4475_trackID2_opNum5.root
[COPY] event=44763, trackID=11, T0=0.426092 -> /Volumes/ssd_zhang/thesis_michel/server_processing/t0_rootFiles/beam28777_new202602/wvf_applyCut_removeBeam/wvfFind_event44763_trackID11_opNum9.root
[COPY] event=4477, trackID=5, T0=0.00768555 -> /Volumes/ssd_zhang/thesis_michel/server_processing/t0_rootFiles/beam28777_new202602/wvf_applyCut_removeBeam/wvfFind_event4477_trackID5_opNum8_merged.root
[COPY] event=44810, trackID=6, T0=-0.714713 -> /Volumes/ssd_zhang/thesis_michel/server_processing/t0_rootFiles/beam28777_new202602/wvf_applyCut_removeBeam/wvfFind_event44810_trackID6_opNum3.root
[COPY] event=44814, trackID=5, T0=-0.830639 -> /Volumes/ssd_zhang/thesis_michel/server_processing/t0_rootFiles/beam28777_new202602/wvf_applyCut_removeBeam/wvfFind_event44814_trackID5_opNum5.root
[COPY] event=44814, trackID=5, T0=-0.830639 -> /Volumes/ssd_zhang/thesis_michel/server_processing/t0_rootFiles/beam28777_new202602/wvf_applyCut_removeBeam/wvfFind_event44814_trackID5_opNum5_2.root
[COPY] event=44821, trackID=7, T0=-1.91342 -> /Volumes/ssd_zhang/thesis_michel/server_processing/t0_rootFiles/beam28777_new202602/wvf_applyCut_removeBeam/wvfFind_event44821_trackID7_opNum9.root
[COPY] event=44852, trackID=2, T0=-1.12363 -> /Volumes/ssd_zhang/thesis_michel/server_processing/t0_rootFiles/beam28777_new202602/wvf_applyCut_removeBeam/wvfFind_event44852_trackID2_opNum5.root
[COPY] event=44872, trackID=9, T0=-0.0078658 -> /Volumes/ssd_zhang/thesis_michel/server_processing/t0_rootFiles/beam28777_new202602/wvf_applyCut_removeBeam/wvfFind_event44872_trackID9_opNum8.root
[COPY] event=44872, trackID=9, T0=-0.0078658 -> /Volumes/ssd_zhang/thesis_michel/server_processing/t0_rootFiles/beam28777_new202602/wvf_applyCut_removeBeam/wvfFind_event44872_trackID9_opNum8_2.root
[COPY] event=4488, trackID=2, T0=-0.767241 -> /Volumes/ssd_zhang/thesis_michel/server_processing/t0_rootFiles/beam28777_new202602/wvf_applyCut_removeBeam/wvfFind_event4488_trackID2_opNum3.root
[COPY] event=44901, trackID=1, T0=-0.472226 -> /Volumes/ssd_zhang/thesis_michel/server_processing/t0_rootFiles/beam28777_new202602/wvf_applyCut_removeBeam/wvfFind_event44901_trackID1_opNum9.root
[COPY] event=44913, trackID=10, T0=-2.18151 -> /Volumes/ssd_zhang/thesis_michel/server_processing/t0_rootFiles/beam28777_new202602/wvf_applyCut_removeBeam/wvfFind_event44913_trackID10_opNum3_2.root
[COPY] event=44913, trackID=10, T0=-2.18151 -> /Volumes/ssd_zhang/thesis_michel/server_processing/t0_rootFiles/beam28777_new202602/wvf_applyCut_removeBeam/wvfFind_event44913_trackID10_opNum4_merged.root
[COPY] event=44928, trackID=9, T0=-2.02742 -> /Volumes/ssd_zhang/thesis_michel/server_processing/t0_rootFiles/beam28777_new202602/wvf_applyCut_removeBeam/wvfFind_event44928_trackID9_opNum3_merged.root
[COPY] event=44935, trackID=5, T0=-1.8895 -> /Volumes/ssd_zhang/thesis_michel/server_processing/t0_rootFiles/beam28777_new202602/wvf_applyCut_removeBeam/wvfFind_event44935_trackID5_opNum9.root
[COPY] event=44959, trackID=6, T0=-0.796644 -> /Volumes/ssd_zhang/thesis_michel/server_processing/t0_rootFiles/beam28777_new202602/wvf_applyCut_removeBeam/wvfFind_event44959_trackID6_opNum5.root
[COPY] event=44961, trackID=0, T0=-0.203582 -> /Volumes/ssd_zhang/thesis_michel/server_processing/t0_rootFiles/beam28777_new202602/wvf_applyCut_removeBeam/wvfFind_event44961_trackID0_opNum8.root
[COPY] event=44985, trackID=0, T0=-1.49351 -> /Volumes/ssd_zhang/thesis_michel/server_processing/t0_rootFiles/beam28777_new202602/wvf_applyCut_removeBeam/wvfFind_event44985_trackID0_opNum3.root
[COPY] event=44985, trackID=1, T0=-0.96207 -> /Volumes/ssd_zhang/thesis_michel/server_processing/t0_rootFiles/beam28777_new202602/wvf_applyCut_removeBeam/wvfFind_event44985_trackID1_opNum9.root
[COPY] event=44993, trackID=6, T0=-0.0186807 -> /Volumes/ssd_zhang/thesis_michel/server_processing/t0_rootFiles/beam28777_new202602/wvf_applyCut_removeBeam/wvfFind_event44993_trackID6_opNum3.root
[COPY] event=449, trackID=9, T0=-1.64254 -> /Volumes/ssd_zhang/thesis_michel/server_processing/t0_rootFiles/beam28777_new202602/wvf_applyCut_removeBeam/wvfFind_event449_trackID9_opNum5.root
[COPY] event=449, trackID=9, T0=-1.64254 -> /Volumes/ssd_zhang/thesis_michel/server_processing/t0_rootFiles/beam28777_new202602/wvf_applyCut_removeBeam/wvfFind_event449_trackID9_opNum5_2.root
[COPY] event=449, trackID=9, T0=-1.64254 -> /Volumes/ssd_zhang/thesis_michel/server_processing/t0_rootFiles/beam28777_new202602/wvf_applyCut_removeBeam/wvfFind_event449_trackID9_opNum5_3.root
[COPY] event=45011, trackID=16, T0=-2.29419 -> /Volumes/ssd_zhang/thesis_michel/server_processing/t0_rootFiles/beam28777_new202602/wvf_applyCut_removeBeam/wvfFind_event45011_trackID16_opNum6.root
[COPY] event=45013, trackID=7, T0=-1.25082 -> /Volumes/ssd_zhang/thesis_michel/server_processing/t0_rootFiles/beam28777_new202602/wvf_applyCut_removeBeam/wvfFind_event45013_trackID7_opNum9.root
[COPY] event=45030, trackID=2, T0=-0.148063 -> /Volumes/ssd_zhang/thesis_michel/server_processing/t0_rootFiles/beam28777_new202602/wvf_applyCut_removeBeam/wvfFind_event45030_trackID2_opNum3.root
[COPY] event=45061, trackID=3, T0=-0.513905 -> /Volumes/ssd_zhang/thesis_michel/server_processing/t0_rootFiles/beam28777_new202602/wvf_applyCut_removeBeam/wvfFind_event45061_trackID3_opNum4.root
[COPY] event=45064, trackID=4, T0=0.163699 -> /Volumes/ssd_zhang/thesis_michel/server_processing/t0_rootFiles/beam28777_new202602/wvf_applyCut_removeBeam/wvfFind_event45064_trackID4_opNum5.root
[COPY] event=45078, trackID=17, T0=-1.82431 -> /Volumes/ssd_zhang/thesis_michel/server_processing/t0_rootFiles/beam28777_new202602/wvf_applyCut_removeBeam/wvfFind_event45078_trackID17_opNum8.root
[COPY] event=45084, trackID=3, T0=-1.90279 -> /Volumes/ssd_zhang/thesis_michel/server_processing/t0_rootFiles/beam28777_new202602/wvf_applyCut_removeBeam/wvfFind_event45084_trackID3_opNum3.root
[COPY] event=45084, trackID=3, T0=-1.90279 -> /Volumes/ssd_zhang/thesis_michel/server_processing/t0_rootFiles/beam28777_new202602/wvf_applyCut_removeBeam/wvfFind_event45084_trackID3_opNum3_2.root
[COPY] event=45084, trackID=3, T0=-1.90279 -> /Volumes/ssd_zhang/thesis_michel/server_processing/t0_rootFiles/beam28777_new202602/wvf_applyCut_removeBeam/wvfFind_event45084_trackID3_opNum3_3.root
[COPY] event=45084, trackID=4, T0=-1.52497 -> /Volumes/ssd_zhang/thesis_michel/server_processing/t0_rootFiles/beam28777_new202602/wvf_applyCut_removeBeam/wvfFind_event45084_trackID4_opNum4.root
[COPY] event=45113, trackID=0, T0=-0.422458 -> /Volumes/ssd_zhang/thesis_michel/server_processing/t0_rootFiles/beam28777_new202602/wvf_applyCut_removeBeam/wvfFind_event45113_trackID0_opNum8.root
[COPY] event=45113, trackID=1, T0=-1.35321 -> /Volumes/ssd_zhang/thesis_michel/server_processing/t0_rootFiles/beam28777_new202602/wvf_applyCut_removeBeam/wvfFind_event45113_trackID1_opNum4.root
[COPY] event=4511, trackID=10, T0=-0.987007 -> /Volumes/ssd_zhang/thesis_michel/server_processing/t0_rootFiles/beam28777_new202602/wvf_applyCut_removeBeam/wvfFind_event4511_trackID10_opNum8.root
[COPY] event=45122, trackID=7, T0=-0.131744 -> /Volumes/ssd_zhang/thesis_michel/server_processing/t0_rootFiles/beam28777_new202602/wvf_applyCut_removeBeam/wvfFind_event45122_trackID7_opNum3.root
[SKIP] (in range) event=45127, trackID=5, T0=-0.104885
[SKIP] (in range) event=45127, trackID=5, T0=-0.104885
[COPY] event=45144, trackID=4, T0=-1.81335 -> /Volumes/ssd_zhang/thesis_michel/server_processing/t0_rootFiles/beam28777_new202602/wvf_applyCut_removeBeam/wvfFind_event45144_trackID4_opNum9.root
[COPY] event=45194, trackID=9, T0=-1.74156 -> /Volumes/ssd_zhang/thesis_michel/server_processing/t0_rootFiles/beam28777_new202602/wvf_applyCut_removeBeam/wvfFind_event45194_trackID9_opNum3.root
[COPY] event=451, trackID=4, T0=0.413065 -> /Volumes/ssd_zhang/thesis_michel/server_processing/t0_rootFiles/beam28777_new202602/wvf_applyCut_removeBeam/wvfFind_event451_trackID4_opNum4.root
[COPY] event=45202, trackID=17, T0=-1.31575 -> /Volumes/ssd_zhang/thesis_michel/server_processing/t0_rootFiles/beam28777_new202602/wvf_applyCut_removeBeam/wvfFind_event45202_trackID17_opNum6_merged.root
[COPY] event=45204, trackID=3, T0=-0.314777 -> /Volumes/ssd_zhang/thesis_michel/server_processing/t0_rootFiles/beam28777_new202602/wvf_applyCut_removeBeam/wvfFind_event45204_trackID3_opNum8_merged.root
[COPY] event=45208, trackID=10, T0=0.448379 -> /Volumes/ssd_zhang/thesis_michel/server_processing/t0_rootFiles/beam28777_new202602/wvf_applyCut_removeBeam/wvfFind_event45208_trackID10_opNum5.root
[COPY] event=45213, trackID=0, T0=-0.622349 -> /Volumes/ssd_zhang/thesis_michel/server_processing/t0_rootFiles/beam28777_new202602/wvf_applyCut_removeBeam/wvfFind_event45213_trackID0_opNum4.root
[COPY] event=45213, trackID=0, T0=-0.622349 -> /Volumes/ssd_zhang/thesis_michel/server_processing/t0_rootFiles/beam28777_new202602/wvf_applyCut_removeBeam/wvfFind_event45213_trackID0_opNum4_2.root
[COPY] event=4521, trackID=8, T0=-0.591063 -> /Volumes/ssd_zhang/thesis_michel/server_processing/t0_rootFiles/beam28777_new202602/wvf_applyCut_removeBeam/wvfFind_event4521_trackID8_opNum5_merged.root
[COPY] event=4522, trackID=4, T0=-0.399666 -> /Volumes/ssd_zhang/thesis_michel/server_processing/t0_rootFiles/beam28777_new202602/wvf_applyCut_removeBeam/wvfFind_event4522_trackID4_opNum9.root
[COPY] event=45263, trackID=15, T0=-0.510935 -> /Volumes/ssd_zhang/thesis_michel/server_processing/t0_rootFiles/beam28777_new202602/wvf_applyCut_removeBeam/wvfFind_event45263_trackID15_opNum9.root
[COPY] event=45282, trackID=6, T0=0.416673 -> /Volumes/ssd_zhang/thesis_michel/server_processing/t0_rootFiles/beam28777_new202602/wvf_applyCut_removeBeam/wvfFind_event45282_trackID6_opNum9.root
[COPY] event=45282, trackID=6, T0=0.416673 -> /Volumes/ssd_zhang/thesis_michel/server_processing/t0_rootFiles/beam28777_new202602/wvf_applyCut_removeBeam/wvfFind_event45282_trackID6_opNum9_2.root
[COPY] event=45324, trackID=4, T0=0.366119 -> /Volumes/ssd_zhang/thesis_michel/server_processing/t0_rootFiles/beam28777_new202602/wvf_applyCut_removeBeam/wvfFind_event45324_trackID4_opNum9.root
[COPY] event=45329, trackID=13, T0=0.350734 -> /Volumes/ssd_zhang/thesis_michel/server_processing/t0_rootFiles/beam28777_new202602/wvf_applyCut_removeBeam/wvfFind_event45329_trackID13_opNum6.root
[COPY] event=45337, trackID=18, T0=1.17152 -> /Volumes/ssd_zhang/thesis_michel/server_processing/t0_rootFiles/beam28777_new202602/wvf_applyCut_removeBeam/wvfFind_event45337_trackID18_opNum3.root
[COPY] event=45337, trackID=18, T0=1.17152 -> /Volumes/ssd_zhang/thesis_michel/server_processing/t0_rootFiles/beam28777_new202602/wvf_applyCut_removeBeam/wvfFind_event45337_trackID18_opNum3_2.root
[SKIP] (in range) event=45365, trackID=2, T0=-0.0946619
[COPY] event=45377, trackID=25, T0=-2.43701 -> /Volumes/ssd_zhang/thesis_michel/server_processing/t0_rootFiles/beam28777_new202602/wvf_applyCut_removeBeam/wvfFind_event45377_trackID25_opNum7.root
[COPY] event=45379, trackID=2, T0=0.337113 -> /Volumes/ssd_zhang/thesis_michel/server_processing/t0_rootFiles/beam28777_new202602/wvf_applyCut_removeBeam/wvfFind_event45379_trackID2_opNum4.root
[COPY] event=45379, trackID=2, T0=0.337113 -> /Volumes/ssd_zhang/thesis_michel/server_processing/t0_rootFiles/beam28777_new202602/wvf_applyCut_removeBeam/wvfFind_event45379_trackID2_opNum4_2.root
[COPY] event=45383, trackID=11, T0=-0.770566 -> /Volumes/ssd_zhang/thesis_michel/server_processing/t0_rootFiles/beam28777_new202602/wvf_applyCut_removeBeam/wvfFind_event45383_trackID11_opNum9.root
[COPY] event=45430, trackID=8, T0=0.164225 -> /Volumes/ssd_zhang/thesis_michel/server_processing/t0_rootFiles/beam28777_new202602/wvf_applyCut_removeBeam/wvfFind_event45430_trackID8_opNum8_merged.root
[COPY] event=45431, trackID=7, T0=-1.95806 -> /Volumes/ssd_zhang/thesis_michel/server_processing/t0_rootFiles/beam28777_new202602/wvf_applyCut_removeBeam/wvfFind_event45431_trackID7_opNum9.root
[COPY] event=45435, trackID=10, T0=-1.46588 -> /Volumes/ssd_zhang/thesis_michel/server_processing/t0_rootFiles/beam28777_new202602/wvf_applyCut_removeBeam/wvfFind_event45435_trackID10_opNum6.root
[COPY] event=45440, trackID=26, T0=0.338557 -> /Volumes/ssd_zhang/thesis_michel/server_processing/t0_rootFiles/beam28777_new202602/wvf_applyCut_removeBeam/wvfFind_event45440_trackID26_opNum9.root
[COPY] event=45440, trackID=7, T0=-0.41639 -> /Volumes/ssd_zhang/thesis_michel/server_processing/t0_rootFiles/beam28777_new202602/wvf_applyCut_removeBeam/wvfFind_event45440_trackID7_opNum6.root
[COPY] event=45446, trackID=7, T0=-0.926802 -> /Volumes/ssd_zhang/thesis_michel/server_processing/t0_rootFiles/beam28777_new202602/wvf_applyCut_removeBeam/wvfFind_event45446_trackID7_opNum4.root
[COPY] event=45448, trackID=9, T0=-1.20244 -> /Volumes/ssd_zhang/thesis_michel/server_processing/t0_rootFiles/beam28777_new202602/wvf_applyCut_removeBeam/wvfFind_event45448_trackID9_opNum6_merged.root
[SKIP] (in range) event=45460, trackID=2, T0=-0.0411508
[SKIP] (in range) event=45460, trackID=2, T0=-0.0411508
[COPY] event=4546, trackID=5, T0=-1.09513 -> /Volumes/ssd_zhang/thesis_michel/server_processing/t0_rootFiles/beam28777_new202602/wvf_applyCut_removeBeam/wvfFind_event4546_trackID5_opNum5.root
[COPY] event=4546, trackID=5, T0=-1.09513 -> /Volumes/ssd_zhang/thesis_michel/server_processing/t0_rootFiles/beam28777_new202602/wvf_applyCut_removeBeam/wvfFind_event4546_trackID5_opNum5_2.root
[COPY] event=4549, trackID=5, T0=-0.217799 -> /Volumes/ssd_zhang/thesis_michel/server_processing/t0_rootFiles/beam28777_new202602/wvf_applyCut_removeBeam/wvfFind_event4549_trackID5_opNum4.root
[COPY] event=45519, trackID=0, T0=0.186459 -> /Volumes/ssd_zhang/thesis_michel/server_processing/t0_rootFiles/beam28777_new202602/wvf_applyCut_removeBeam/wvfFind_event45519_trackID0_opNum9.root
[COPY] event=45544, trackID=3, T0=0.0598119 -> /Volumes/ssd_zhang/thesis_michel/server_processing/t0_rootFiles/beam28777_new202602/wvf_applyCut_removeBeam/wvfFind_event45544_trackID3_opNum9.root
[COPY] event=4554, trackID=12, T0=-1.34507 -> /Volumes/ssd_zhang/thesis_michel/server_processing/t0_rootFiles/beam28777_new202602/wvf_applyCut_removeBeam/wvfFind_event4554_trackID12_opNum9.root
[COPY] event=45556, trackID=10, T0=-2.1738 -> /Volumes/ssd_zhang/thesis_michel/server_processing/t0_rootFiles/beam28777_new202602/wvf_applyCut_removeBeam/wvfFind_event45556_trackID10_opNum5.root
[COPY] event=45557, trackID=1, T0=-0.714074 -> /Volumes/ssd_zhang/thesis_michel/server_processing/t0_rootFiles/beam28777_new202602/wvf_applyCut_removeBeam/wvfFind_event45557_trackID1_opNum9.root
[COPY] event=45557, trackID=1, T0=-0.714074 -> /Volumes/ssd_zhang/thesis_michel/server_processing/t0_rootFiles/beam28777_new202602/wvf_applyCut_removeBeam/wvfFind_event45557_trackID1_opNum9_2.root
[COPY] event=45598, trackID=26, T0=-1.57466 -> /Volumes/ssd_zhang/thesis_michel/server_processing/t0_rootFiles/beam28777_new202602/wvf_applyCut_removeBeam/wvfFind_event45598_trackID26_opNum4.root
[COPY] event=45603, trackID=3, T0=-0.771246 -> /Volumes/ssd_zhang/thesis_michel/server_processing/t0_rootFiles/beam28777_new202602/wvf_applyCut_removeBeam/wvfFind_event45603_trackID3_opNum4.root
[COPY] event=45654, trackID=31, T0=2.07968 -> /Volumes/ssd_zhang/thesis_michel/server_processing/t0_rootFiles/beam28777_new202602/wvf_applyCut_removeBeam/wvfFind_event45654_trackID31_opNum9.root
[COPY] event=45664, trackID=2, T0=-0.0109032 -> /Volumes/ssd_zhang/thesis_michel/server_processing/t0_rootFiles/beam28777_new202602/wvf_applyCut_removeBeam/wvfFind_event45664_trackID2_opNum3.root
[COPY] event=45668, trackID=5, T0=0.161618 -> /Volumes/ssd_zhang/thesis_michel/server_processing/t0_rootFiles/beam28777_new202602/wvf_applyCut_removeBeam/wvfFind_event45668_trackID5_opNum4_merged.root
[COPY] event=45692, trackID=11, T0=-1.6742 -> /Volumes/ssd_zhang/thesis_michel/server_processing/t0_rootFiles/beam28777_new202602/wvf_applyCut_removeBeam/wvfFind_event45692_trackID11_opNum7.root
[COPY] event=45692, trackID=11, T0=-1.6742 -> /Volumes/ssd_zhang/thesis_michel/server_processing/t0_rootFiles/beam28777_new202602/wvf_applyCut_removeBeam/wvfFind_event45692_trackID11_opNum7_2.root
[COPY] event=456, trackID=5, T0=-0.434156 -> /Volumes/ssd_zhang/thesis_michel/server_processing/t0_rootFiles/beam28777_new202602/wvf_applyCut_removeBeam/wvfFind_event456_trackID5_opNum8.root
[COPY] event=45715, trackID=13, T0=-1.42747 -> /Volumes/ssd_zhang/thesis_michel/server_processing/t0_rootFiles/beam28777_new202602/wvf_applyCut_removeBeam/wvfFind_event45715_trackID13_opNum8.root
[COPY] event=45719, trackID=18, T0=-1.81952 -> /Volumes/ssd_zhang/thesis_michel/server_processing/t0_rootFiles/beam28777_new202602/wvf_applyCut_removeBeam/wvfFind_event45719_trackID18_opNum9_merged.root
[COPY] event=45721, trackID=8, T0=-0.421558 -> /Volumes/ssd_zhang/thesis_michel/server_processing/t0_rootFiles/beam28777_new202602/wvf_applyCut_removeBeam/wvfFind_event45721_trackID8_opNum4.root
[COPY] event=45721, trackID=8, T0=-0.421558 -> /Volumes/ssd_zhang/thesis_michel/server_processing/t0_rootFiles/beam28777_new202602/wvf_applyCut_removeBeam/wvfFind_event45721_trackID8_opNum4_2.root
[COPY] event=45763, trackID=9, T0=-1.92876 -> /Volumes/ssd_zhang/thesis_michel/server_processing/t0_rootFiles/beam28777_new202602/wvf_applyCut_removeBeam/wvfFind_event45763_trackID9_opNum9.root
[COPY] event=45774, trackID=3, T0=-1.95667 -> /Volumes/ssd_zhang/thesis_michel/server_processing/t0_rootFiles/beam28777_new202602/wvf_applyCut_removeBeam/wvfFind_event45774_trackID3_opNum4.root
[COPY] event=45779, trackID=5, T0=-2.33842 -> /Volumes/ssd_zhang/thesis_michel/server_processing/t0_rootFiles/beam28777_new202602/wvf_applyCut_removeBeam/wvfFind_event45779_trackID5_opNum5.root
[COPY] event=45791, trackID=22, T0=-2.32622 -> /Volumes/ssd_zhang/thesis_michel/server_processing/t0_rootFiles/beam28777_new202602/wvf_applyCut_removeBeam/wvfFind_event45791_trackID22_opNum9.root
[COPY] event=45803, trackID=10, T0=-1.7006 -> /Volumes/ssd_zhang/thesis_michel/server_processing/t0_rootFiles/beam28777_new202602/wvf_applyCut_removeBeam/wvfFind_event45803_trackID10_opNum5.root
[COPY] event=45803, trackID=10, T0=-1.7006 -> /Volumes/ssd_zhang/thesis_michel/server_processing/t0_rootFiles/beam28777_new202602/wvf_applyCut_removeBeam/wvfFind_event45803_trackID10_opNum5_2.root
[COPY] event=45805, trackID=6, T0=-1.2383 -> /Volumes/ssd_zhang/thesis_michel/server_processing/t0_rootFiles/beam28777_new202602/wvf_applyCut_removeBeam/wvfFind_event45805_trackID6_opNum9.root
[COPY] event=45810, trackID=16, T0=0.0142524 -> /Volumes/ssd_zhang/thesis_michel/server_processing/t0_rootFiles/beam28777_new202602/wvf_applyCut_removeBeam/wvfFind_event45810_trackID16_opNum8.root
[COPY] event=45839, trackID=3, T0=-0.78551 -> /Volumes/ssd_zhang/thesis_michel/server_processing/t0_rootFiles/beam28777_new202602/wvf_applyCut_removeBeam/wvfFind_event45839_trackID3_opNum4.root
[COPY] event=45848, trackID=2, T0=-1.35479 -> /Volumes/ssd_zhang/thesis_michel/server_processing/t0_rootFiles/beam28777_new202602/wvf_applyCut_removeBeam/wvfFind_event45848_trackID2_opNum5.root
[COPY] event=45868, trackID=8, T0=-0.996188 -> /Volumes/ssd_zhang/thesis_michel/server_processing/t0_rootFiles/beam28777_new202602/wvf_applyCut_removeBeam/wvfFind_event45868_trackID8_opNum6.root
[COPY] event=45869, trackID=5, T0=0.227002 -> /Volumes/ssd_zhang/thesis_michel/server_processing/t0_rootFiles/beam28777_new202602/wvf_applyCut_removeBeam/wvfFind_event45869_trackID5_opNum5.root
[COPY] event=45869, trackID=5, T0=0.227002 -> /Volumes/ssd_zhang/thesis_michel/server_processing/t0_rootFiles/beam28777_new202602/wvf_applyCut_removeBeam/wvfFind_event45869_trackID5_opNum5_2.root
[COPY] event=45875, trackID=6, T0=-1.85548 -> /Volumes/ssd_zhang/thesis_michel/server_processing/t0_rootFiles/beam28777_new202602/wvf_applyCut_removeBeam/wvfFind_event45875_trackID6_opNum8.root
[COPY] event=45901, trackID=20, T0=-0.311212 -> /Volumes/ssd_zhang/thesis_michel/server_processing/t0_rootFiles/beam28777_new202602/wvf_applyCut_removeBeam/wvfFind_event45901_trackID20_opNum9.root
[COPY] event=45905, trackID=30, T0=-0.18192 -> /Volumes/ssd_zhang/thesis_michel/server_processing/t0_rootFiles/beam28777_new202602/wvf_applyCut_removeBeam/wvfFind_event45905_trackID30_opNum7.root
[COPY] event=45916, trackID=5, T0=-1.26164 -> /Volumes/ssd_zhang/thesis_michel/server_processing/t0_rootFiles/beam28777_new202602/wvf_applyCut_removeBeam/wvfFind_event45916_trackID5_opNum7.root
[COPY] event=45937, trackID=2, T0=-0.763658 -> /Volumes/ssd_zhang/thesis_michel/server_processing/t0_rootFiles/beam28777_new202602/wvf_applyCut_removeBeam/wvfFind_event45937_trackID2_opNum9.root
[COPY] event=4593, trackID=4, T0=0.356767 -> /Volumes/ssd_zhang/thesis_michel/server_processing/t0_rootFiles/beam28777_new202602/wvf_applyCut_removeBeam/wvfFind_event4593_trackID4_opNum4.root
[COPY] event=45944, trackID=5, T0=-1.5317 -> /Volumes/ssd_zhang/thesis_michel/server_processing/t0_rootFiles/beam28777_new202602/wvf_applyCut_removeBeam/wvfFind_event45944_trackID5_opNum9.root
[COPY] event=45944, trackID=5, T0=-1.5317 -> /Volumes/ssd_zhang/thesis_michel/server_processing/t0_rootFiles/beam28777_new202602/wvf_applyCut_removeBeam/wvfFind_event45944_trackID5_opNum9_2.root
[COPY] event=45944, trackID=9, T0=-1.86409 -> /Volumes/ssd_zhang/thesis_michel/server_processing/t0_rootFiles/beam28777_new202602/wvf_applyCut_removeBeam/wvfFind_event45944_trackID9_opNum5.root
[COPY] event=45959, trackID=6, T0=-1.46384 -> /Volumes/ssd_zhang/thesis_michel/server_processing/t0_rootFiles/beam28777_new202602/wvf_applyCut_removeBeam/wvfFind_event45959_trackID6_opNum6.root
[COPY] event=45965, trackID=13, T0=-1.50326 -> /Volumes/ssd_zhang/thesis_michel/server_processing/t0_rootFiles/beam28777_new202602/wvf_applyCut_removeBeam/wvfFind_event45965_trackID13_opNum8.root
[COPY] event=4596, trackID=11, T0=0.462449 -> /Volumes/ssd_zhang/thesis_michel/server_processing/t0_rootFiles/beam28777_new202602/wvf_applyCut_removeBeam/wvfFind_event4596_trackID11_opNum9.root
[COPY] event=4599, trackID=6, T0=-0.734635 -> /Volumes/ssd_zhang/thesis_michel/server_processing/t0_rootFiles/beam28777_new202602/wvf_applyCut_removeBeam/wvfFind_event4599_trackID6_opNum3.root
[COPY] event=46007, trackID=3, T0=-1.56612 -> /Volumes/ssd_zhang/thesis_michel/server_processing/t0_rootFiles/beam28777_new202602/wvf_applyCut_removeBeam/wvfFind_event46007_trackID3_opNum5_merged.root
[COPY] event=46014, trackID=11, T0=-2.01953 -> /Volumes/ssd_zhang/thesis_michel/server_processing/t0_rootFiles/beam28777_new202602/wvf_applyCut_removeBeam/wvfFind_event46014_trackID11_opNum9.root
[COPY] event=46030, trackID=1, T0=-0.574542 -> /Volumes/ssd_zhang/thesis_michel/server_processing/t0_rootFiles/beam28777_new202602/wvf_applyCut_removeBeam/wvfFind_event46030_trackID1_opNum8.root
[COPY] event=46033, trackID=13, T0=0.718581 -> /Volumes/ssd_zhang/thesis_michel/server_processing/t0_rootFiles/beam28777_new202602/wvf_applyCut_removeBeam/wvfFind_event46033_trackID13_opNum9.root
[COPY] event=46034, trackID=8, T0=-0.300491 -> /Volumes/ssd_zhang/thesis_michel/server_processing/t0_rootFiles/beam28777_new202602/wvf_applyCut_removeBeam/wvfFind_event46034_trackID8_opNum5_merged.root
[COPY] event=46040, trackID=2, T0=-1.46477 -> /Volumes/ssd_zhang/thesis_michel/server_processing/t0_rootFiles/beam28777_new202602/wvf_applyCut_removeBeam/wvfFind_event46040_trackID2_opNum5.root
[COPY] event=46084, trackID=3, T0=-1.60652 -> /Volumes/ssd_zhang/thesis_michel/server_processing/t0_rootFiles/beam28777_new202602/wvf_applyCut_removeBeam/wvfFind_event46084_trackID3_opNum9.root
[COPY] event=46084, trackID=3, T0=-1.60652 -> /Volumes/ssd_zhang/thesis_michel/server_processing/t0_rootFiles/beam28777_new202602/wvf_applyCut_removeBeam/wvfFind_event46084_trackID3_opNum9_2.root
[COPY] event=4608, trackID=11, T0=-1.03693 -> /Volumes/ssd_zhang/thesis_michel/server_processing/t0_rootFiles/beam28777_new202602/wvf_applyCut_removeBeam/wvfFind_event4608_trackID11_opNum9.root
[COPY] event=46100, trackID=36, T0=-2.08951 -> /Volumes/ssd_zhang/thesis_michel/server_processing/t0_rootFiles/beam28777_new202602/wvf_applyCut_removeBeam/wvfFind_event46100_trackID36_opNum5.root
[COPY] event=46106, trackID=19, T0=-2.2966 -> /Volumes/ssd_zhang/thesis_michel/server_processing/t0_rootFiles/beam28777_new202602/wvf_applyCut_removeBeam/wvfFind_event46106_trackID19_opNum9.root
[COPY] event=46109, trackID=10, T0=-1.05048 -> /Volumes/ssd_zhang/thesis_michel/server_processing/t0_rootFiles/beam28777_new202602/wvf_applyCut_removeBeam/wvfFind_event46109_trackID10_opNum7.root
[COPY] event=46125, trackID=5, T0=-1.50097 -> /Volumes/ssd_zhang/thesis_michel/server_processing/t0_rootFiles/beam28777_new202602/wvf_applyCut_removeBeam/wvfFind_event46125_trackID5_opNum3_merged.root
[COPY] event=46138, trackID=1, T0=-1.61507 -> /Volumes/ssd_zhang/thesis_michel/server_processing/t0_rootFiles/beam28777_new202602/wvf_applyCut_removeBeam/wvfFind_event46138_trackID1_opNum9_merged.root
[COPY] event=46144, trackID=16, T0=2.47005 -> /Volumes/ssd_zhang/thesis_michel/server_processing/t0_rootFiles/beam28777_new202602/wvf_applyCut_removeBeam/wvfFind_event46144_trackID16_opNum9.root
[COPY] event=46146, trackID=17, T0=-1.31322 -> /Volumes/ssd_zhang/thesis_michel/server_processing/t0_rootFiles/beam28777_new202602/wvf_applyCut_removeBeam/wvfFind_event46146_trackID17_opNum3.root
[SKIP] (in range) event=46156, trackID=11, T0=-0.0538062
[COPY] event=46167, trackID=1, T0=-0.780282 -> /Volumes/ssd_zhang/thesis_michel/server_processing/t0_rootFiles/beam28777_new202602/wvf_applyCut_removeBeam/wvfFind_event46167_trackID1_opNum3.root
[COPY] event=46201, trackID=23, T0=-2.4129 -> /Volumes/ssd_zhang/thesis_michel/server_processing/t0_rootFiles/beam28777_new202602/wvf_applyCut_removeBeam/wvfFind_event46201_trackID23_opNum8.root
[COPY] event=46217, trackID=15, T0=-1.38874 -> /Volumes/ssd_zhang/thesis_michel/server_processing/t0_rootFiles/beam28777_new202602/wvf_applyCut_removeBeam/wvfFind_event46217_trackID15_opNum8.root
[COPY] event=46219, trackID=5, T0=-0.714707 -> /Volumes/ssd_zhang/thesis_michel/server_processing/t0_rootFiles/beam28777_new202602/wvf_applyCut_removeBeam/wvfFind_event46219_trackID5_opNum3_merged.root
[COPY] event=46220, trackID=14, T0=0.0682587 -> /Volumes/ssd_zhang/thesis_michel/server_processing/t0_rootFiles/beam28777_new202602/wvf_applyCut_removeBeam/wvfFind_event46220_trackID14_opNum5_merged.root
[COPY] event=46221, trackID=19, T0=-1.45805 -> /Volumes/ssd_zhang/thesis_michel/server_processing/t0_rootFiles/beam28777_new202602/wvf_applyCut_removeBeam/wvfFind_event46221_trackID19_opNum5_merged.root
[SKIP] (in range) event=46223, trackID=3, T0=-0.0418277
[COPY] event=4622, trackID=3, T0=-0.854216 -> /Volumes/ssd_zhang/thesis_michel/server_processing/t0_rootFiles/beam28777_new202602/wvf_applyCut_removeBeam/wvfFind_event4622_trackID3_opNum3.root
[COPY] event=4623, trackID=7, T0=-1.13701 -> /Volumes/ssd_zhang/thesis_michel/server_processing/t0_rootFiles/beam28777_new202602/wvf_applyCut_removeBeam/wvfFind_event4623_trackID7_opNum3_merged.root
[COPY] event=46296, trackID=3, T0=-1.4865 -> /Volumes/ssd_zhang/thesis_michel/server_processing/t0_rootFiles/beam28777_new202602/wvf_applyCut_removeBeam/wvfFind_event46296_trackID3_opNum8.root
[COPY] event=46298, trackID=8, T0=-1.51932 -> /Volumes/ssd_zhang/thesis_michel/server_processing/t0_rootFiles/beam28777_new202602/wvf_applyCut_removeBeam/wvfFind_event46298_trackID8_opNum4.root
[COPY] event=46304, trackID=20, T0=-1.72344 -> /Volumes/ssd_zhang/thesis_michel/server_processing/t0_rootFiles/beam28777_new202602/wvf_applyCut_removeBeam/wvfFind_event46304_trackID20_opNum9.root
[COPY] event=46309, trackID=1, T0=-0.428327 -> /Volumes/ssd_zhang/thesis_michel/server_processing/t0_rootFiles/beam28777_new202602/wvf_applyCut_removeBeam/wvfFind_event46309_trackID1_opNum8.root
[SKIP] (in range) event=46310, trackID=21, T0=-0.072206
[COPY] event=46312, trackID=5, T0=-0.820143 -> /Volumes/ssd_zhang/thesis_michel/server_processing/t0_rootFiles/beam28777_new202602/wvf_applyCut_removeBeam/wvfFind_event46312_trackID5_opNum9.root
[COPY] event=46315, trackID=1, T0=-0.792744 -> /Volumes/ssd_zhang/thesis_michel/server_processing/t0_rootFiles/beam28777_new202602/wvf_applyCut_removeBeam/wvfFind_event46315_trackID1_opNum5.root
[COPY] event=4632, trackID=21, T0=-1.07446 -> /Volumes/ssd_zhang/thesis_michel/server_processing/t0_rootFiles/beam28777_new202602/wvf_applyCut_removeBeam/wvfFind_event4632_trackID21_opNum4.root
[COPY] event=46335, trackID=10, T0=-0.643334 -> /Volumes/ssd_zhang/thesis_michel/server_processing/t0_rootFiles/beam28777_new202602/wvf_applyCut_removeBeam/wvfFind_event46335_trackID10_opNum3.root
[COPY] event=46341, trackID=10, T0=-0.747324 -> /Volumes/ssd_zhang/thesis_michel/server_processing/t0_rootFiles/beam28777_new202602/wvf_applyCut_removeBeam/wvfFind_event46341_trackID10_opNum6.root
[COPY] event=4634, trackID=7, T0=0.297938 -> /Volumes/ssd_zhang/thesis_michel/server_processing/t0_rootFiles/beam28777_new202602/wvf_applyCut_removeBeam/wvfFind_event4634_trackID7_opNum4.root
[COPY] event=4634, trackID=7, T0=0.297938 -> /Volumes/ssd_zhang/thesis_michel/server_processing/t0_rootFiles/beam28777_new202602/wvf_applyCut_removeBeam/wvfFind_event4634_trackID7_opNum4_2.root
[COPY] event=46368, trackID=6, T0=-0.712359 -> /Volumes/ssd_zhang/thesis_michel/server_processing/t0_rootFiles/beam28777_new202602/wvf_applyCut_removeBeam/wvfFind_event46368_trackID6_opNum9.root
[COPY] event=46378, trackID=26, T0=-2.03242 -> /Volumes/ssd_zhang/thesis_michel/server_processing/t0_rootFiles/beam28777_new202602/wvf_applyCut_removeBeam/wvfFind_event46378_trackID26_opNum5.root
[COPY] event=46383, trackID=1, T0=-0.722268 -> /Volumes/ssd_zhang/thesis_michel/server_processing/t0_rootFiles/beam28777_new202602/wvf_applyCut_removeBeam/wvfFind_event46383_trackID1_opNum5_merged.root
[COPY] event=46416, trackID=7, T0=0.305042 -> /Volumes/ssd_zhang/thesis_michel/server_processing/t0_rootFiles/beam28777_new202602/wvf_applyCut_removeBeam/wvfFind_event46416_trackID7_opNum7.root
[COPY] event=46428, trackID=9, T0=-1.7445 -> /Volumes/ssd_zhang/thesis_michel/server_processing/t0_rootFiles/beam28777_new202602/wvf_applyCut_removeBeam/wvfFind_event46428_trackID9_opNum4_merged.root
[COPY] event=4643, trackID=3, T0=0.0156465 -> /Volumes/ssd_zhang/thesis_michel/server_processing/t0_rootFiles/beam28777_new202602/wvf_applyCut_removeBeam/wvfFind_event4643_trackID3_opNum5.root
[COPY] event=4643, trackID=3, T0=0.0156465 -> /Volumes/ssd_zhang/thesis_michel/server_processing/t0_rootFiles/beam28777_new202602/wvf_applyCut_removeBeam/wvfFind_event4643_trackID3_opNum5_2.root
[COPY] event=46488, trackID=7, T0=0.0418337 -> /Volumes/ssd_zhang/thesis_michel/server_processing/t0_rootFiles/beam28777_new202602/wvf_applyCut_removeBeam/wvfFind_event46488_trackID7_opNum3.root
[COPY] event=46502, trackID=2, T0=-2.04144 -> /Volumes/ssd_zhang/thesis_michel/server_processing/t0_rootFiles/beam28777_new202602/wvf_applyCut_removeBeam/wvfFind_event46502_trackID2_opNum9.root
[COPY] event=46554, trackID=17, T0=-0.416803 -> /Volumes/ssd_zhang/thesis_michel/server_processing/t0_rootFiles/beam28777_new202602/wvf_applyCut_removeBeam/wvfFind_event46554_trackID17_opNum7_merged.root
[COPY] event=46572, trackID=2, T0=-1.72069 -> /Volumes/ssd_zhang/thesis_michel/server_processing/t0_rootFiles/beam28777_new202602/wvf_applyCut_removeBeam/wvfFind_event46572_trackID2_opNum9.root
[COPY] event=46586, trackID=2, T0=-1.05816 -> /Volumes/ssd_zhang/thesis_michel/server_processing/t0_rootFiles/beam28777_new202602/wvf_applyCut_removeBeam/wvfFind_event46586_trackID2_opNum3.root
[COPY] event=46611, trackID=7, T0=0.0803509 -> /Volumes/ssd_zhang/thesis_michel/server_processing/t0_rootFiles/beam28777_new202602/wvf_applyCut_removeBeam/wvfFind_event46611_trackID7_opNum8.root
[COPY] event=46637, trackID=9, T0=-1.56816 -> /Volumes/ssd_zhang/thesis_michel/server_processing/t0_rootFiles/beam28777_new202602/wvf_applyCut_removeBeam/wvfFind_event46637_trackID9_opNum9.root
[COPY] event=46638, trackID=2, T0=-0.275018 -> /Volumes/ssd_zhang/thesis_michel/server_processing/t0_rootFiles/beam28777_new202602/wvf_applyCut_removeBeam/wvfFind_event46638_trackID2_opNum4.root
[COPY] event=46638, trackID=2, T0=-0.275018 -> /Volumes/ssd_zhang/thesis_michel/server_processing/t0_rootFiles/beam28777_new202602/wvf_applyCut_removeBeam/wvfFind_event46638_trackID2_opNum4_2.root
[COPY] event=46650, trackID=7, T0=-0.666721 -> /Volumes/ssd_zhang/thesis_michel/server_processing/t0_rootFiles/beam28777_new202602/wvf_applyCut_removeBeam/wvfFind_event46650_trackID7_opNum9.root
[COPY] event=46651, trackID=11, T0=-0.383503 -> /Volumes/ssd_zhang/thesis_michel/server_processing/t0_rootFiles/beam28777_new202602/wvf_applyCut_removeBeam/wvfFind_event46651_trackID11_opNum5.root
[COPY] event=46655, trackID=3, T0=0.457537 -> /Volumes/ssd_zhang/thesis_michel/server_processing/t0_rootFiles/beam28777_new202602/wvf_applyCut_removeBeam/wvfFind_event46655_trackID3_opNum6_merged.root
[COPY] event=46666, trackID=4, T0=-1.08925 -> /Volumes/ssd_zhang/thesis_michel/server_processing/t0_rootFiles/beam28777_new202602/wvf_applyCut_removeBeam/wvfFind_event46666_trackID4_opNum9.root
[COPY] event=46703, trackID=24, T0=-2.38414 -> /Volumes/ssd_zhang/thesis_michel/server_processing/t0_rootFiles/beam28777_new202602/wvf_applyCut_removeBeam/wvfFind_event46703_trackID24_opNum9.root
[COPY] event=46717, trackID=22, T0=-2.26597 -> /Volumes/ssd_zhang/thesis_michel/server_processing/t0_rootFiles/beam28777_new202602/wvf_applyCut_removeBeam/wvfFind_event46717_trackID22_opNum9.root
[COPY] event=46740, trackID=12, T0=-0.438758 -> /Volumes/ssd_zhang/thesis_michel/server_processing/t0_rootFiles/beam28777_new202602/wvf_applyCut_removeBeam/wvfFind_event46740_trackID12_opNum9.root
[COPY] event=46759, trackID=18, T0=0.0510162 -> /Volumes/ssd_zhang/thesis_michel/server_processing/t0_rootFiles/beam28777_new202602/wvf_applyCut_removeBeam/wvfFind_event46759_trackID18_opNum8.root
[COPY] event=46768, trackID=25, T0=-2.25724 -> /Volumes/ssd_zhang/thesis_michel/server_processing/t0_rootFiles/beam28777_new202602/wvf_applyCut_removeBeam/wvfFind_event46768_trackID25_opNum5.root
[COPY] event=46779, trackID=7, T0=-1.74478 -> /Volumes/ssd_zhang/thesis_michel/server_processing/t0_rootFiles/beam28777_new202602/wvf_applyCut_removeBeam/wvfFind_event46779_trackID7_opNum9.root
[COPY] event=46786, trackID=7, T0=-0.334925 -> /Volumes/ssd_zhang/thesis_michel/server_processing/t0_rootFiles/beam28777_new202602/wvf_applyCut_removeBeam/wvfFind_event46786_trackID7_opNum8.root
[COPY] event=46794, trackID=6, T0=-1.8303 -> /Volumes/ssd_zhang/thesis_michel/server_processing/t0_rootFiles/beam28777_new202602/wvf_applyCut_removeBeam/wvfFind_event46794_trackID6_opNum9.root
[COPY] event=46794, trackID=6, T0=-1.8303 -> /Volumes/ssd_zhang/thesis_michel/server_processing/t0_rootFiles/beam28777_new202602/wvf_applyCut_removeBeam/wvfFind_event46794_trackID6_opNum9_2.root
[COPY] event=46820, trackID=5, T0=-1.22717 -> /Volumes/ssd_zhang/thesis_michel/server_processing/t0_rootFiles/beam28777_new202602/wvf_applyCut_removeBeam/wvfFind_event46820_trackID5_opNum4.root
[COPY] event=46820, trackID=8, T0=-0.498444 -> /Volumes/ssd_zhang/thesis_michel/server_processing/t0_rootFiles/beam28777_new202602/wvf_applyCut_removeBeam/wvfFind_event46820_trackID8_opNum8.root
[COPY] event=46867, trackID=21, T0=-2.3641 -> /Volumes/ssd_zhang/thesis_michel/server_processing/t0_rootFiles/beam28777_new202602/wvf_applyCut_removeBeam/wvfFind_event46867_trackID21_opNum8.root
[COPY] event=46870, trackID=1, T0=-0.502833 -> /Volumes/ssd_zhang/thesis_michel/server_processing/t0_rootFiles/beam28777_new202602/wvf_applyCut_removeBeam/wvfFind_event46870_trackID1_opNum5.root
[COPY] event=46876, trackID=3, T0=0.0381629 -> /Volumes/ssd_zhang/thesis_michel/server_processing/t0_rootFiles/beam28777_new202602/wvf_applyCut_removeBeam/wvfFind_event46876_trackID3_opNum5.root
[COPY] event=46876, trackID=3, T0=0.0381629 -> /Volumes/ssd_zhang/thesis_michel/server_processing/t0_rootFiles/beam28777_new202602/wvf_applyCut_removeBeam/wvfFind_event46876_trackID3_opNum5_2.root
[COPY] event=46925, trackID=7, T0=-0.208521 -> /Volumes/ssd_zhang/thesis_michel/server_processing/t0_rootFiles/beam28777_new202602/wvf_applyCut_removeBeam/wvfFind_event46925_trackID7_opNum3.root
[COPY] event=46942, trackID=9, T0=0.00379895 -> /Volumes/ssd_zhang/thesis_michel/server_processing/t0_rootFiles/beam28777_new202602/wvf_applyCut_removeBeam/wvfFind_event46942_trackID9_opNum8_merged.root
[COPY] event=46947, trackID=16, T0=-2.34308 -> /Volumes/ssd_zhang/thesis_michel/server_processing/t0_rootFiles/beam28777_new202602/wvf_applyCut_removeBeam/wvfFind_event46947_trackID16_opNum6.root
[COPY] event=46953, trackID=6, T0=0.919914 -> /Volumes/ssd_zhang/thesis_michel/server_processing/t0_rootFiles/beam28777_new202602/wvf_applyCut_removeBeam/wvfFind_event46953_trackID6_opNum9.root
[COPY] event=46961, trackID=10, T0=-2.22658 -> /Volumes/ssd_zhang/thesis_michel/server_processing/t0_rootFiles/beam28777_new202602/wvf_applyCut_removeBeam/wvfFind_event46961_trackID10_opNum9.root
[COPY] event=46983, trackID=11, T0=-0.173808 -> /Volumes/ssd_zhang/thesis_michel/server_processing/t0_rootFiles/beam28777_new202602/wvf_applyCut_removeBeam/wvfFind_event46983_trackID11_opNum8.root
[COPY] event=46983, trackID=11, T0=-0.173808 -> /Volumes/ssd_zhang/thesis_michel/server_processing/t0_rootFiles/beam28777_new202602/wvf_applyCut_removeBeam/wvfFind_event46983_trackID11_opNum8_2.root
[COPY] event=47005, trackID=4, T0=0.444275 -> /Volumes/ssd_zhang/thesis_michel/server_processing/t0_rootFiles/beam28777_new202602/wvf_applyCut_removeBeam/wvfFind_event47005_trackID4_opNum5.root
[COPY] event=47035, trackID=8, T0=-0.152309 -> /Volumes/ssd_zhang/thesis_michel/server_processing/t0_rootFiles/beam28777_new202602/wvf_applyCut_removeBeam/wvfFind_event47035_trackID8_opNum9.root
[COPY] event=47057, trackID=3, T0=-0.889222 -> /Volumes/ssd_zhang/thesis_michel/server_processing/t0_rootFiles/beam28777_new202602/wvf_applyCut_removeBeam/wvfFind_event47057_trackID3_opNum7_merged.root
[SKIP] (in range) event=47061, trackID=1, T0=-0.0525533
[COPY] event=47065, trackID=12, T0=-0.629644 -> /Volumes/ssd_zhang/thesis_michel/server_processing/t0_rootFiles/beam28777_new202602/wvf_applyCut_removeBeam/wvfFind_event47065_trackID12_opNum8.root
[COPY] event=47071, trackID=6, T0=-0.862995 -> /Volumes/ssd_zhang/thesis_michel/server_processing/t0_rootFiles/beam28777_new202602/wvf_applyCut_removeBeam/wvfFind_event47071_trackID6_opNum3.root
[COPY] event=47076, trackID=10, T0=-0.967886 -> /Volumes/ssd_zhang/thesis_michel/server_processing/t0_rootFiles/beam28777_new202602/wvf_applyCut_removeBeam/wvfFind_event47076_trackID10_opNum8.root
[COPY] event=47096, trackID=12, T0=-1.99211 -> /Volumes/ssd_zhang/thesis_michel/server_processing/t0_rootFiles/beam28777_new202602/wvf_applyCut_removeBeam/wvfFind_event47096_trackID12_opNum6.root
[COPY] event=47096, trackID=1, T0=0.200862 -> /Volumes/ssd_zhang/thesis_michel/server_processing/t0_rootFiles/beam28777_new202602/wvf_applyCut_removeBeam/wvfFind_event47096_trackID1_opNum9.root
[COPY] event=47102, trackID=19, T0=-2.33113 -> /Volumes/ssd_zhang/thesis_michel/server_processing/t0_rootFiles/beam28777_new202602/wvf_applyCut_removeBeam/wvfFind_event47102_trackID19_opNum6.root
[COPY] event=47104, trackID=3, T0=-0.172061 -> /Volumes/ssd_zhang/thesis_michel/server_processing/t0_rootFiles/beam28777_new202602/wvf_applyCut_removeBeam/wvfFind_event47104_trackID3_opNum5_merged.root
[COPY] event=47115, trackID=19, T0=-2.27158 -> /Volumes/ssd_zhang/thesis_michel/server_processing/t0_rootFiles/beam28777_new202602/wvf_applyCut_removeBeam/wvfFind_event47115_trackID19_opNum9.root
[COPY] event=47123, trackID=3, T0=-1.01526 -> /Volumes/ssd_zhang/thesis_michel/server_processing/t0_rootFiles/beam28777_new202602/wvf_applyCut_removeBeam/wvfFind_event47123_trackID3_opNum5.root
[COPY] event=47136, trackID=19, T0=-1.49141 -> /Volumes/ssd_zhang/thesis_michel/server_processing/t0_rootFiles/beam28777_new202602/wvf_applyCut_removeBeam/wvfFind_event47136_trackID19_opNum9.root
[COPY] event=47145, trackID=4, T0=-1.30081 -> /Volumes/ssd_zhang/thesis_michel/server_processing/t0_rootFiles/beam28777_new202602/wvf_applyCut_removeBeam/wvfFind_event47145_trackID4_opNum5.root
[COPY] event=47145, trackID=4, T0=-1.30081 -> /Volumes/ssd_zhang/thesis_michel/server_processing/t0_rootFiles/beam28777_new202602/wvf_applyCut_removeBeam/wvfFind_event47145_trackID4_opNum5_2.root
[COPY] event=47148, trackID=7, T0=0.473205 -> /Volumes/ssd_zhang/thesis_michel/server_processing/t0_rootFiles/beam28777_new202602/wvf_applyCut_removeBeam/wvfFind_event47148_trackID7_opNum9_merged.root
[COPY] event=47182, trackID=20, T0=-0.534867 -> /Volumes/ssd_zhang/thesis_michel/server_processing/t0_rootFiles/beam28777_new202602/wvf_applyCut_removeBeam/wvfFind_event47182_trackID20_opNum9.root
[COPY] event=47185, trackID=0, T0=0.403153 -> /Volumes/ssd_zhang/thesis_michel/server_processing/t0_rootFiles/beam28777_new202602/wvf_applyCut_removeBeam/wvfFind_event47185_trackID0_opNum9.root
[COPY] event=47185, trackID=0, T0=0.403153 -> /Volumes/ssd_zhang/thesis_michel/server_processing/t0_rootFiles/beam28777_new202602/wvf_applyCut_removeBeam/wvfFind_event47185_trackID0_opNum9_2.root
[COPY] event=47190, trackID=15, T0=-1.96485 -> /Volumes/ssd_zhang/thesis_michel/server_processing/t0_rootFiles/beam28777_new202602/wvf_applyCut_removeBeam/wvfFind_event47190_trackID15_opNum6.root
[COPY] event=47213, trackID=1, T0=0.353856 -> /Volumes/ssd_zhang/thesis_michel/server_processing/t0_rootFiles/beam28777_new202602/wvf_applyCut_removeBeam/wvfFind_event47213_trackID1_opNum9_merged.root
[COPY] event=47223, trackID=6, T0=-1.1454 -> /Volumes/ssd_zhang/thesis_michel/server_processing/t0_rootFiles/beam28777_new202602/wvf_applyCut_removeBeam/wvfFind_event47223_trackID6_opNum8.root
[COPY] event=47241, trackID=22, T0=-0.868544 -> /Volumes/ssd_zhang/thesis_michel/server_processing/t0_rootFiles/beam28777_new202602/wvf_applyCut_removeBeam/wvfFind_event47241_trackID22_opNum4.root
[COPY] event=4724, trackID=13, T0=-1.47617 -> /Volumes/ssd_zhang/thesis_michel/server_processing/t0_rootFiles/beam28777_new202602/wvf_applyCut_removeBeam/wvfFind_event4724_trackID13_opNum9.root
[COPY] event=4724, trackID=13, T0=-1.47617 -> /Volumes/ssd_zhang/thesis_michel/server_processing/t0_rootFiles/beam28777_new202602/wvf_applyCut_removeBeam/wvfFind_event4724_trackID13_opNum9_2.root
[COPY] event=4724, trackID=13, T0=-1.47617 -> /Volumes/ssd_zhang/thesis_michel/server_processing/t0_rootFiles/beam28777_new202602/wvf_applyCut_removeBeam/wvfFind_event4724_trackID13_opNum9_3.root
[COPY] event=4724, trackID=28, T0=1.62311 -> /Volumes/ssd_zhang/thesis_michel/server_processing/t0_rootFiles/beam28777_new202602/wvf_applyCut_removeBeam/wvfFind_event4724_trackID28_opNum4.root
[COPY] event=47270, trackID=13, T0=-1.09239 -> /Volumes/ssd_zhang/thesis_michel/server_processing/t0_rootFiles/beam28777_new202602/wvf_applyCut_removeBeam/wvfFind_event47270_trackID13_opNum9.root
[COPY] event=47286, trackID=31, T0=-2.42208 -> /Volumes/ssd_zhang/thesis_michel/server_processing/t0_rootFiles/beam28777_new202602/wvf_applyCut_removeBeam/wvfFind_event47286_trackID31_opNum4.root
[COPY] event=47309, trackID=12, T0=-2.01953 -> /Volumes/ssd_zhang/thesis_michel/server_processing/t0_rootFiles/beam28777_new202602/wvf_applyCut_removeBeam/wvfFind_event47309_trackID12_opNum4.root
[COPY] event=47337, trackID=27, T0=-2.35169 -> /Volumes/ssd_zhang/thesis_michel/server_processing/t0_rootFiles/beam28777_new202602/wvf_applyCut_removeBeam/wvfFind_event47337_trackID27_opNum5.root
[COPY] event=47351, trackID=3, T0=-1.02513 -> /Volumes/ssd_zhang/thesis_michel/server_processing/t0_rootFiles/beam28777_new202602/wvf_applyCut_removeBeam/wvfFind_event47351_trackID3_opNum9.root
[COPY] event=47354, trackID=20, T0=-0.798394 -> /Volumes/ssd_zhang/thesis_michel/server_processing/t0_rootFiles/beam28777_new202602/wvf_applyCut_removeBeam/wvfFind_event47354_trackID20_opNum4.root
[COPY] event=47354, trackID=23, T0=-2.42545 -> /Volumes/ssd_zhang/thesis_michel/server_processing/t0_rootFiles/beam28777_new202602/wvf_applyCut_removeBeam/wvfFind_event47354_trackID23_opNum3.root
[COPY] event=4735, trackID=9, T0=-0.83962 -> /Volumes/ssd_zhang/thesis_michel/server_processing/t0_rootFiles/beam28777_new202602/wvf_applyCut_removeBeam/wvfFind_event4735_trackID9_opNum4.root
[COPY] event=4735, trackID=9, T0=-0.83962 -> /Volumes/ssd_zhang/thesis_michel/server_processing/t0_rootFiles/beam28777_new202602/wvf_applyCut_removeBeam/wvfFind_event4735_trackID9_opNum4_2.root
[COPY] event=47362, trackID=1, T0=-0.350056 -> /Volumes/ssd_zhang/thesis_michel/server_processing/t0_rootFiles/beam28777_new202602/wvf_applyCut_removeBeam/wvfFind_event47362_trackID1_opNum7.root
[COPY] event=4737, trackID=7, T0=-0.234186 -> /Volumes/ssd_zhang/thesis_michel/server_processing/t0_rootFiles/beam28777_new202602/wvf_applyCut_removeBeam/wvfFind_event4737_trackID7_opNum4_merged.root
[COPY] event=47392, trackID=0, T0=-0.360024 -> /Volumes/ssd_zhang/thesis_michel/server_processing/t0_rootFiles/beam28777_new202602/wvf_applyCut_removeBeam/wvfFind_event47392_trackID0_opNum3.root
[COPY] event=47392, trackID=0, T0=-0.360024 -> /Volumes/ssd_zhang/thesis_michel/server_processing/t0_rootFiles/beam28777_new202602/wvf_applyCut_removeBeam/wvfFind_event47392_trackID0_opNum3_2.root
[COPY] event=47393, trackID=6, T0=-1.94254 -> /Volumes/ssd_zhang/thesis_michel/server_processing/t0_rootFiles/beam28777_new202602/wvf_applyCut_removeBeam/wvfFind_event47393_trackID6_opNum5.root
[COPY] event=47479, trackID=2, T0=0.124339 -> /Volumes/ssd_zhang/thesis_michel/server_processing/t0_rootFiles/beam28777_new202602/wvf_applyCut_removeBeam/wvfFind_event47479_trackID2_opNum4_2.root
[COPY] event=47479, trackID=2, T0=0.124339 -> /Volumes/ssd_zhang/thesis_michel/server_processing/t0_rootFiles/beam28777_new202602/wvf_applyCut_removeBeam/wvfFind_event47479_trackID2_opNum5_merged.root
[COPY] event=47507, trackID=5, T0=-1.39686 -> /Volumes/ssd_zhang/thesis_michel/server_processing/t0_rootFiles/beam28777_new202602/wvf_applyCut_removeBeam/wvfFind_event47507_trackID5_opNum4.root
[COPY] event=47507, trackID=5, T0=-1.39686 -> /Volumes/ssd_zhang/thesis_michel/server_processing/t0_rootFiles/beam28777_new202602/wvf_applyCut_removeBeam/wvfFind_event47507_trackID5_opNum4_2.root
[COPY] event=47527, trackID=1, T0=-0.161123 -> /Volumes/ssd_zhang/thesis_michel/server_processing/t0_rootFiles/beam28777_new202602/wvf_applyCut_removeBeam/wvfFind_event47527_trackID1_opNum5.root
[COPY] event=47529, trackID=9, T0=0.212375 -> /Volumes/ssd_zhang/thesis_michel/server_processing/t0_rootFiles/beam28777_new202602/wvf_applyCut_removeBeam/wvfFind_event47529_trackID9_opNum5.root
[COPY] event=47558, trackID=19, T0=-2.22985 -> /Volumes/ssd_zhang/thesis_michel/server_processing/t0_rootFiles/beam28777_new202602/wvf_applyCut_removeBeam/wvfFind_event47558_trackID19_opNum9.root
[SKIP] (in range) event=47561, trackID=7, T0=-0.0506435
[COPY] event=47617, trackID=2, T0=-0.938651 -> /Volumes/ssd_zhang/thesis_michel/server_processing/t0_rootFiles/beam28777_new202602/wvf_applyCut_removeBeam/wvfFind_event47617_trackID2_opNum9.root
[COPY] event=47617, trackID=2, T0=-0.938651 -> /Volumes/ssd_zhang/thesis_michel/server_processing/t0_rootFiles/beam28777_new202602/wvf_applyCut_removeBeam/wvfFind_event47617_trackID2_opNum9_2.root
[COPY] event=47620, trackID=5, T0=-1.11897 -> /Volumes/ssd_zhang/thesis_michel/server_processing/t0_rootFiles/beam28777_new202602/wvf_applyCut_removeBeam/wvfFind_event47620_trackID5_opNum5.root
[COPY] event=47620, trackID=5, T0=-1.11897 -> /Volumes/ssd_zhang/thesis_michel/server_processing/t0_rootFiles/beam28777_new202602/wvf_applyCut_removeBeam/wvfFind_event47620_trackID5_opNum5_2.root
[COPY] event=47646, trackID=12, T0=-1.36431 -> /Volumes/ssd_zhang/thesis_michel/server_processing/t0_rootFiles/beam28777_new202602/wvf_applyCut_removeBeam/wvfFind_event47646_trackID12_opNum5_merged.root
[COPY] event=47649, trackID=5, T0=-1.1002 -> /Volumes/ssd_zhang/thesis_michel/server_processing/t0_rootFiles/beam28777_new202602/wvf_applyCut_removeBeam/wvfFind_event47649_trackID5_opNum8.root
[COPY] event=47664, trackID=4, T0=-2.13499 -> /Volumes/ssd_zhang/thesis_michel/server_processing/t0_rootFiles/beam28777_new202602/wvf_applyCut_removeBeam/wvfFind_event47664_trackID4_opNum5.root
[COPY] event=47664, trackID=4, T0=-2.13499 -> /Volumes/ssd_zhang/thesis_michel/server_processing/t0_rootFiles/beam28777_new202602/wvf_applyCut_removeBeam/wvfFind_event47664_trackID4_opNum5_2.root
[COPY] event=47667, trackID=1, T0=0.0775886 -> /Volumes/ssd_zhang/thesis_michel/server_processing/t0_rootFiles/beam28777_new202602/wvf_applyCut_removeBeam/wvfFind_event47667_trackID1_opNum5.root
[COPY] event=47673, trackID=6, T0=-1.73813 -> /Volumes/ssd_zhang/thesis_michel/server_processing/t0_rootFiles/beam28777_new202602/wvf_applyCut_removeBeam/wvfFind_event47673_trackID6_opNum8.root
[COPY] event=47673, trackID=6, T0=-1.73813 -> /Volumes/ssd_zhang/thesis_michel/server_processing/t0_rootFiles/beam28777_new202602/wvf_applyCut_removeBeam/wvfFind_event47673_trackID6_opNum8_2.root
[COPY] event=47693, trackID=19, T0=0.0235132 -> /Volumes/ssd_zhang/thesis_michel/server_processing/t0_rootFiles/beam28777_new202602/wvf_applyCut_removeBeam/wvfFind_event47693_trackID19_opNum6.root
[COPY] event=47713, trackID=2, T0=-1.12955 -> /Volumes/ssd_zhang/thesis_michel/server_processing/t0_rootFiles/beam28777_new202602/wvf_applyCut_removeBeam/wvfFind_event47713_trackID2_opNum4.root
[COPY] event=47745, trackID=3, T0=-0.809317 -> /Volumes/ssd_zhang/thesis_michel/server_processing/t0_rootFiles/beam28777_new202602/wvf_applyCut_removeBeam/wvfFind_event47745_trackID3_opNum4.root
[COPY] event=47745, trackID=3, T0=-0.809317 -> /Volumes/ssd_zhang/thesis_michel/server_processing/t0_rootFiles/beam28777_new202602/wvf_applyCut_removeBeam/wvfFind_event47745_trackID3_opNum4_2.root
[COPY] event=47755, trackID=1, T0=-0.586263 -> /Volumes/ssd_zhang/thesis_michel/server_processing/t0_rootFiles/beam28777_new202602/wvf_applyCut_removeBeam/wvfFind_event47755_trackID1_opNum3.root
[COPY] event=4777, trackID=19, T0=-2.28393 -> /Volumes/ssd_zhang/thesis_michel/server_processing/t0_rootFiles/beam28777_new202602/wvf_applyCut_removeBeam/wvfFind_event4777_trackID19_opNum9.root
[COPY] event=47791, trackID=10, T0=-0.270179 -> /Volumes/ssd_zhang/thesis_michel/server_processing/t0_rootFiles/beam28777_new202602/wvf_applyCut_removeBeam/wvfFind_event47791_trackID10_opNum9_merged.root
[COPY] event=47799, trackID=6, T0=-1.68049 -> /Volumes/ssd_zhang/thesis_michel/server_processing/t0_rootFiles/beam28777_new202602/wvf_applyCut_removeBeam/wvfFind_event47799_trackID6_opNum9.root
[COPY] event=47804, trackID=12, T0=-1.73506 -> /Volumes/ssd_zhang/thesis_michel/server_processing/t0_rootFiles/beam28777_new202602/wvf_applyCut_removeBeam/wvfFind_event47804_trackID12_opNum9.root
[COPY] event=47804, trackID=12, T0=-1.73506 -> /Volumes/ssd_zhang/thesis_michel/server_processing/t0_rootFiles/beam28777_new202602/wvf_applyCut_removeBeam/wvfFind_event47804_trackID12_opNum9_2.root
[COPY] event=47861, trackID=11, T0=-1.24396 -> /Volumes/ssd_zhang/thesis_michel/server_processing/t0_rootFiles/beam28777_new202602/wvf_applyCut_removeBeam/wvfFind_event47861_trackID11_opNum9.root
[COPY] event=47876, trackID=5, T0=-2.04056 -> /Volumes/ssd_zhang/thesis_michel/server_processing/t0_rootFiles/beam28777_new202602/wvf_applyCut_removeBeam/wvfFind_event47876_trackID5_opNum3_merged.root
[SKIP] (in range) event=47882, trackID=27, T0=-0.097964
[COPY] event=47922, trackID=23, T0=2.26818 -> /Volumes/ssd_zhang/thesis_michel/server_processing/t0_rootFiles/beam28777_new202602/wvf_applyCut_removeBeam/wvfFind_event47922_trackID23_opNum7.root
[COPY] event=47924, trackID=16, T0=-0.514291 -> /Volumes/ssd_zhang/thesis_michel/server_processing/t0_rootFiles/beam28777_new202602/wvf_applyCut_removeBeam/wvfFind_event47924_trackID16_opNum9.root
[COPY] event=47930, trackID=17, T0=-1.60552 -> /Volumes/ssd_zhang/thesis_michel/server_processing/t0_rootFiles/beam28777_new202602/wvf_applyCut_removeBeam/wvfFind_event47930_trackID17_opNum8.root
[COPY] event=47934, trackID=4, T0=-1.69535 -> /Volumes/ssd_zhang/thesis_michel/server_processing/t0_rootFiles/beam28777_new202602/wvf_applyCut_removeBeam/wvfFind_event47934_trackID4_opNum5.root
[COPY] event=47945, trackID=24, T0=-2.33883 -> /Volumes/ssd_zhang/thesis_michel/server_processing/t0_rootFiles/beam28777_new202602/wvf_applyCut_removeBeam/wvfFind_event47945_trackID24_opNum4.root
[COPY] event=4795, trackID=12, T0=-1.81266 -> /Volumes/ssd_zhang/thesis_michel/server_processing/t0_rootFiles/beam28777_new202602/wvf_applyCut_removeBeam/wvfFind_event4795_trackID12_opNum5.root
[COPY] event=4795, trackID=19, T0=-1.11349 -> /Volumes/ssd_zhang/thesis_michel/server_processing/t0_rootFiles/beam28777_new202602/wvf_applyCut_removeBeam/wvfFind_event4795_trackID19_opNum4_merged.root
[COPY] event=4796, trackID=11, T0=-0.255403 -> /Volumes/ssd_zhang/thesis_michel/server_processing/t0_rootFiles/beam28777_new202602/wvf_applyCut_removeBeam/wvfFind_event4796_trackID11_opNum6.root
[COPY] event=47972, trackID=34, T0=-2.45078 -> /Volumes/ssd_zhang/thesis_michel/server_processing/t0_rootFiles/beam28777_new202602/wvf_applyCut_removeBeam/wvfFind_event47972_trackID34_opNum3.root
[COPY] event=47972, trackID=34, T0=-2.45078 -> /Volumes/ssd_zhang/thesis_michel/server_processing/t0_rootFiles/beam28777_new202602/wvf_applyCut_removeBeam/wvfFind_event47972_trackID34_opNum3_2.root
[COPY] event=47972, trackID=6, T0=-0.245569 -> /Volumes/ssd_zhang/thesis_michel/server_processing/t0_rootFiles/beam28777_new202602/wvf_applyCut_removeBeam/wvfFind_event47972_trackID6_opNum9.root
[COPY] event=47989, trackID=9, T0=-1.15852 -> /Volumes/ssd_zhang/thesis_michel/server_processing/t0_rootFiles/beam28777_new202602/wvf_applyCut_removeBeam/wvfFind_event47989_trackID9_opNum9.root
[COPY] event=47996, trackID=22, T0=-0.687381 -> /Volumes/ssd_zhang/thesis_michel/server_processing/t0_rootFiles/beam28777_new202602/wvf_applyCut_removeBeam/wvfFind_event47996_trackID22_opNum5.root
[COPY] event=48019, trackID=15, T0=0.291415 -> /Volumes/ssd_zhang/thesis_michel/server_processing/t0_rootFiles/beam28777_new202602/wvf_applyCut_removeBeam/wvfFind_event48019_trackID15_opNum6.root
[COPY] event=48022, trackID=25, T0=-2.3448 -> /Volumes/ssd_zhang/thesis_michel/server_processing/t0_rootFiles/beam28777_new202602/wvf_applyCut_removeBeam/wvfFind_event48022_trackID25_opNum9.root
[COPY] event=48030, trackID=29, T0=-1.3266 -> /Volumes/ssd_zhang/thesis_michel/server_processing/t0_rootFiles/beam28777_new202602/wvf_applyCut_removeBeam/wvfFind_event48030_trackID29_opNum3_merged.root
[COPY] event=48047, trackID=8, T0=-1.61323 -> /Volumes/ssd_zhang/thesis_michel/server_processing/t0_rootFiles/beam28777_new202602/wvf_applyCut_removeBeam/wvfFind_event48047_trackID8_opNum3.root
[COPY] event=48047, trackID=8, T0=-1.61323 -> /Volumes/ssd_zhang/thesis_michel/server_processing/t0_rootFiles/beam28777_new202602/wvf_applyCut_removeBeam/wvfFind_event48047_trackID8_opNum3_2.root
[COPY] event=48066, trackID=0, T0=-1.62854 -> /Volumes/ssd_zhang/thesis_michel/server_processing/t0_rootFiles/beam28777_new202602/wvf_applyCut_removeBeam/wvfFind_event48066_trackID0_opNum4.root
[COPY] event=48074, trackID=4, T0=-0.964074 -> /Volumes/ssd_zhang/thesis_michel/server_processing/t0_rootFiles/beam28777_new202602/wvf_applyCut_removeBeam/wvfFind_event48074_trackID4_opNum8.root
[SKIP] (in range) event=48092, trackID=6, T0=-0.0843233
[COPY] event=48104, trackID=1, T0=-0.316574 -> /Volumes/ssd_zhang/thesis_michel/server_processing/t0_rootFiles/beam28777_new202602/wvf_applyCut_removeBeam/wvfFind_event48104_trackID1_opNum4.root
[COPY] event=48112, trackID=12, T0=0.230006 -> /Volumes/ssd_zhang/thesis_michel/server_processing/t0_rootFiles/beam28777_new202602/wvf_applyCut_removeBeam/wvfFind_event48112_trackID12_opNum8.root
[COPY] event=48125, trackID=8, T0=0.0327508 -> /Volumes/ssd_zhang/thesis_michel/server_processing/t0_rootFiles/beam28777_new202602/wvf_applyCut_removeBeam/wvfFind_event48125_trackID8_opNum9.root
[COPY] event=48131, trackID=11, T0=-0.6503 -> /Volumes/ssd_zhang/thesis_michel/server_processing/t0_rootFiles/beam28777_new202602/wvf_applyCut_removeBeam/wvfFind_event48131_trackID11_opNum9.root
[COPY] event=48140, trackID=4, T0=0.0149234 -> /Volumes/ssd_zhang/thesis_michel/server_processing/t0_rootFiles/beam28777_new202602/wvf_applyCut_removeBeam/wvfFind_event48140_trackID4_opNum5.root
[COPY] event=48143, trackID=32, T0=-1.82601 -> /Volumes/ssd_zhang/thesis_michel/server_processing/t0_rootFiles/beam28777_new202602/wvf_applyCut_removeBeam/wvfFind_event48143_trackID32_opNum9.root
[COPY] event=48165, trackID=12, T0=-1.12213 -> /Volumes/ssd_zhang/thesis_michel/server_processing/t0_rootFiles/beam28777_new202602/wvf_applyCut_removeBeam/wvfFind_event48165_trackID12_opNum9.root
[COPY] event=48180, trackID=15, T0=-0.154342 -> /Volumes/ssd_zhang/thesis_michel/server_processing/t0_rootFiles/beam28777_new202602/wvf_applyCut_removeBeam/wvfFind_event48180_trackID15_opNum4_merged.root
[COPY] event=4818, trackID=22, T0=-2.39101 -> /Volumes/ssd_zhang/thesis_michel/server_processing/t0_rootFiles/beam28777_new202602/wvf_applyCut_removeBeam/wvfFind_event4818_trackID22_opNum3_merged.root
[SKIP] (in range) event=48191, trackID=22, T0=-0.0697064
[COPY] event=48192, trackID=5, T0=-1.77549 -> /Volumes/ssd_zhang/thesis_michel/server_processing/t0_rootFiles/beam28777_new202602/wvf_applyCut_removeBeam/wvfFind_event48192_trackID5_opNum8.root
[COPY] event=48195, trackID=3, T0=-1.62582 -> /Volumes/ssd_zhang/thesis_michel/server_processing/t0_rootFiles/beam28777_new202602/wvf_applyCut_removeBeam/wvfFind_event48195_trackID3_opNum5.root
[COPY] event=48195, trackID=3, T0=-1.62582 -> /Volumes/ssd_zhang/thesis_michel/server_processing/t0_rootFiles/beam28777_new202602/wvf_applyCut_removeBeam/wvfFind_event48195_trackID3_opNum5_2.root
[COPY] event=48198, trackID=6, T0=-0.863599 -> /Volumes/ssd_zhang/thesis_michel/server_processing/t0_rootFiles/beam28777_new202602/wvf_applyCut_removeBeam/wvfFind_event48198_trackID6_opNum3_merged.root
[COPY] event=48208, trackID=3, T0=0.138297 -> /Volumes/ssd_zhang/thesis_michel/server_processing/t0_rootFiles/beam28777_new202602/wvf_applyCut_removeBeam/wvfFind_event48208_trackID3_opNum8.root
[COPY] event=48240, trackID=18, T0=-2.11336 -> /Volumes/ssd_zhang/thesis_michel/server_processing/t0_rootFiles/beam28777_new202602/wvf_applyCut_removeBeam/wvfFind_event48240_trackID18_opNum9.root
[COPY] event=48243, trackID=8, T0=-0.0156186 -> /Volumes/ssd_zhang/thesis_michel/server_processing/t0_rootFiles/beam28777_new202602/wvf_applyCut_removeBeam/wvfFind_event48243_trackID8_opNum6.root
[COPY] event=48244, trackID=8, T0=-0.689136 -> /Volumes/ssd_zhang/thesis_michel/server_processing/t0_rootFiles/beam28777_new202602/wvf_applyCut_removeBeam/wvfFind_event48244_trackID8_opNum4_merged.root
[COPY] event=48274, trackID=3, T0=0.434284 -> /Volumes/ssd_zhang/thesis_michel/server_processing/t0_rootFiles/beam28777_new202602/wvf_applyCut_removeBeam/wvfFind_event48274_trackID3_opNum9.root
[COPY] event=48288, trackID=0, T0=-0.413235 -> /Volumes/ssd_zhang/thesis_michel/server_processing/t0_rootFiles/beam28777_new202602/wvf_applyCut_removeBeam/wvfFind_event48288_trackID0_opNum3.root
[COPY] event=48289, trackID=4, T0=-1.39087 -> /Volumes/ssd_zhang/thesis_michel/server_processing/t0_rootFiles/beam28777_new202602/wvf_applyCut_removeBeam/wvfFind_event48289_trackID4_opNum9.root
[COPY] event=48303, trackID=18, T0=-1.46698 -> /Volumes/ssd_zhang/thesis_michel/server_processing/t0_rootFiles/beam28777_new202602/wvf_applyCut_removeBeam/wvfFind_event48303_trackID18_opNum8.root
[COPY] event=48317, trackID=1, T0=-1.32885 -> /Volumes/ssd_zhang/thesis_michel/server_processing/t0_rootFiles/beam28777_new202602/wvf_applyCut_removeBeam/wvfFind_event48317_trackID1_opNum8.root
[COPY] event=48348, trackID=16, T0=-2.30748 -> /Volumes/ssd_zhang/thesis_michel/server_processing/t0_rootFiles/beam28777_new202602/wvf_applyCut_removeBeam/wvfFind_event48348_trackID16_opNum8.root
[COPY] event=48374, trackID=1, T0=-0.69145 -> /Volumes/ssd_zhang/thesis_michel/server_processing/t0_rootFiles/beam28777_new202602/wvf_applyCut_removeBeam/wvfFind_event48374_trackID1_opNum5.root
[COPY] event=48374, trackID=1, T0=-0.69145 -> /Volumes/ssd_zhang/thesis_michel/server_processing/t0_rootFiles/beam28777_new202602/wvf_applyCut_removeBeam/wvfFind_event48374_trackID1_opNum5_2.root
[COPY] event=48378, trackID=1, T0=-0.386853 -> /Volumes/ssd_zhang/thesis_michel/server_processing/t0_rootFiles/beam28777_new202602/wvf_applyCut_removeBeam/wvfFind_event48378_trackID1_opNum9.root
[COPY] event=48378, trackID=1, T0=-0.386853 -> /Volumes/ssd_zhang/thesis_michel/server_processing/t0_rootFiles/beam28777_new202602/wvf_applyCut_removeBeam/wvfFind_event48378_trackID1_opNum9_2.root
[COPY] event=48378, trackID=2, T0=0.0721076 -> /Volumes/ssd_zhang/thesis_michel/server_processing/t0_rootFiles/beam28777_new202602/wvf_applyCut_removeBeam/wvfFind_event48378_trackID2_opNum9.root
[COPY] event=48380, trackID=25, T0=-1.30211 -> /Volumes/ssd_zhang/thesis_michel/server_processing/t0_rootFiles/beam28777_new202602/wvf_applyCut_removeBeam/wvfFind_event48380_trackID25_opNum4.root
[COPY] event=48388, trackID=9, T0=-1.55138 -> /Volumes/ssd_zhang/thesis_michel/server_processing/t0_rootFiles/beam28777_new202602/wvf_applyCut_removeBeam/wvfFind_event48388_trackID9_opNum3.root
[COPY] event=48396, trackID=25, T0=-0.229641 -> /Volumes/ssd_zhang/thesis_michel/server_processing/t0_rootFiles/beam28777_new202602/wvf_applyCut_removeBeam/wvfFind_event48396_trackID25_opNum9.root
[COPY] event=48425, trackID=0, T0=0.321148 -> /Volumes/ssd_zhang/thesis_michel/server_processing/t0_rootFiles/beam28777_new202602/wvf_applyCut_removeBeam/wvfFind_event48425_trackID0_opNum8.root
[SKIP] (in range) event=48425, trackID=8, T0=-0.0608391
[COPY] event=48442, trackID=6, T0=-1.4488 -> /Volumes/ssd_zhang/thesis_michel/server_processing/t0_rootFiles/beam28777_new202602/wvf_applyCut_removeBeam/wvfFind_event48442_trackID6_opNum8.root
[COPY] event=48442, trackID=6, T0=-1.4488 -> /Volumes/ssd_zhang/thesis_michel/server_processing/t0_rootFiles/beam28777_new202602/wvf_applyCut_removeBeam/wvfFind_event48442_trackID6_opNum8_2.root
[COPY] event=48443, trackID=16, T0=-0.301019 -> /Volumes/ssd_zhang/thesis_michel/server_processing/t0_rootFiles/beam28777_new202602/wvf_applyCut_removeBeam/wvfFind_event48443_trackID16_opNum9.root
[COPY] event=48469, trackID=12, T0=-1.38679 -> /Volumes/ssd_zhang/thesis_michel/server_processing/t0_rootFiles/beam28777_new202602/wvf_applyCut_removeBeam/wvfFind_event48469_trackID12_opNum3.root
[COPY] event=48484, trackID=12, T0=-2.19248 -> /Volumes/ssd_zhang/thesis_michel/server_processing/t0_rootFiles/beam28777_new202602/wvf_applyCut_removeBeam/wvfFind_event48484_trackID12_opNum4.root
[COPY] event=48495, trackID=3, T0=-0.437314 -> /Volumes/ssd_zhang/thesis_michel/server_processing/t0_rootFiles/beam28777_new202602/wvf_applyCut_removeBeam/wvfFind_event48495_trackID3_opNum9.root
[COPY] event=48495, trackID=3, T0=-0.437314 -> /Volumes/ssd_zhang/thesis_michel/server_processing/t0_rootFiles/beam28777_new202602/wvf_applyCut_removeBeam/wvfFind_event48495_trackID3_opNum9_2.root
[COPY] event=48509, trackID=5, T0=0.354162 -> /Volumes/ssd_zhang/thesis_michel/server_processing/t0_rootFiles/beam28777_new202602/wvf_applyCut_removeBeam/wvfFind_event48509_trackID5_opNum9_merged.root
[COPY] event=4850, trackID=2, T0=-0.615262 -> /Volumes/ssd_zhang/thesis_michel/server_processing/t0_rootFiles/beam28777_new202602/wvf_applyCut_removeBeam/wvfFind_event4850_trackID2_opNum4.root
[COPY] event=48519, trackID=13, T0=-0.954925 -> /Volumes/ssd_zhang/thesis_michel/server_processing/t0_rootFiles/beam28777_new202602/wvf_applyCut_removeBeam/wvfFind_event48519_trackID13_opNum4.root
[COPY] event=48544, trackID=9, T0=-1.64527 -> /Volumes/ssd_zhang/thesis_michel/server_processing/t0_rootFiles/beam28777_new202602/wvf_applyCut_removeBeam/wvfFind_event48544_trackID9_opNum9.root
[COPY] event=48566, trackID=16, T0=-2.04113 -> /Volumes/ssd_zhang/thesis_michel/server_processing/t0_rootFiles/beam28777_new202602/wvf_applyCut_removeBeam/wvfFind_event48566_trackID16_opNum4.root
[COPY] event=48576, trackID=34, T0=-2.32178 -> /Volumes/ssd_zhang/thesis_michel/server_processing/t0_rootFiles/beam28777_new202602/wvf_applyCut_removeBeam/wvfFind_event48576_trackID34_opNum8.root
[COPY] event=48591, trackID=13, T0=0.453246 -> /Volumes/ssd_zhang/thesis_michel/server_processing/t0_rootFiles/beam28777_new202602/wvf_applyCut_removeBeam/wvfFind_event48591_trackID13_opNum7.root
[COPY] event=48611, trackID=24, T0=-2.39835 -> /Volumes/ssd_zhang/thesis_michel/server_processing/t0_rootFiles/beam28777_new202602/wvf_applyCut_removeBeam/wvfFind_event48611_trackID24_opNum8.root
[COPY] event=48634, trackID=2, T0=-0.293726 -> /Volumes/ssd_zhang/thesis_michel/server_processing/t0_rootFiles/beam28777_new202602/wvf_applyCut_removeBeam/wvfFind_event48634_trackID2_opNum7.root
[COPY] event=48654, trackID=3, T0=-0.45505 -> /Volumes/ssd_zhang/thesis_michel/server_processing/t0_rootFiles/beam28777_new202602/wvf_applyCut_removeBeam/wvfFind_event48654_trackID3_opNum5.root
[COPY] event=48677, trackID=1, T0=-1.28535 -> /Volumes/ssd_zhang/thesis_michel/server_processing/t0_rootFiles/beam28777_new202602/wvf_applyCut_removeBeam/wvfFind_event48677_trackID1_opNum5.root
[COPY] event=48677, trackID=7, T0=-1.82875 -> /Volumes/ssd_zhang/thesis_michel/server_processing/t0_rootFiles/beam28777_new202602/wvf_applyCut_removeBeam/wvfFind_event48677_trackID7_opNum4.root
[COPY] event=48687, trackID=19, T0=2.07424 -> /Volumes/ssd_zhang/thesis_michel/server_processing/t0_rootFiles/beam28777_new202602/wvf_applyCut_removeBeam/wvfFind_event48687_trackID19_opNum9.root
[COPY] event=48687, trackID=22, T0=-1.92689 -> /Volumes/ssd_zhang/thesis_michel/server_processing/t0_rootFiles/beam28777_new202602/wvf_applyCut_removeBeam/wvfFind_event48687_trackID22_opNum9.root
[COPY] event=48687, trackID=22, T0=-1.92689 -> /Volumes/ssd_zhang/thesis_michel/server_processing/t0_rootFiles/beam28777_new202602/wvf_applyCut_removeBeam/wvfFind_event48687_trackID22_opNum9_2.root
[COPY] event=486, trackID=5, T0=0.229635 -> /Volumes/ssd_zhang/thesis_michel/server_processing/t0_rootFiles/beam28777_new202602/wvf_applyCut_removeBeam/wvfFind_event486_trackID5_opNum4_merged.root
[COPY] event=48725, trackID=32, T0=-2.25757 -> /Volumes/ssd_zhang/thesis_michel/server_processing/t0_rootFiles/beam28777_new202602/wvf_applyCut_removeBeam/wvfFind_event48725_trackID32_opNum5.root
[COPY] event=48739, trackID=22, T0=1.35544 -> /Volumes/ssd_zhang/thesis_michel/server_processing/t0_rootFiles/beam28777_new202602/wvf_applyCut_removeBeam/wvfFind_event48739_trackID22_opNum7.root
[COPY] event=48767, trackID=23, T0=-0.876068 -> /Volumes/ssd_zhang/thesis_michel/server_processing/t0_rootFiles/beam28777_new202602/wvf_applyCut_removeBeam/wvfFind_event48767_trackID23_opNum4.root
[SKIP] (in range) event=48776, trackID=6, T0=-0.0598548
[COPY] event=48806, trackID=4, T0=-0.396021 -> /Volumes/ssd_zhang/thesis_michel/server_processing/t0_rootFiles/beam28777_new202602/wvf_applyCut_removeBeam/wvfFind_event48806_trackID4_opNum8.root
[COPY] event=48811, trackID=18, T0=-2.07614 -> /Volumes/ssd_zhang/thesis_michel/server_processing/t0_rootFiles/beam28777_new202602/wvf_applyCut_removeBeam/wvfFind_event48811_trackID18_opNum8.root
[COPY] event=48814, trackID=5, T0=-0.602919 -> /Volumes/ssd_zhang/thesis_michel/server_processing/t0_rootFiles/beam28777_new202602/wvf_applyCut_removeBeam/wvfFind_event48814_trackID5_opNum9.root
[SKIP] (in range) event=48819, trackID=9, T0=-0.11169
[COPY] event=48828, trackID=8, T0=-2.13411 -> /Volumes/ssd_zhang/thesis_michel/server_processing/t0_rootFiles/beam28777_new202602/wvf_applyCut_removeBeam/wvfFind_event48828_trackID8_opNum8_merged.root
[COPY] event=48833, trackID=8, T0=-0.242748 -> /Volumes/ssd_zhang/thesis_michel/server_processing/t0_rootFiles/beam28777_new202602/wvf_applyCut_removeBeam/wvfFind_event48833_trackID8_opNum9.root
[COPY] event=48867, trackID=16, T0=0.321467 -> /Volumes/ssd_zhang/thesis_michel/server_processing/t0_rootFiles/beam28777_new202602/wvf_applyCut_removeBeam/wvfFind_event48867_trackID16_opNum4_merged.root
[COPY] event=48871, trackID=3, T0=-0.818025 -> /Volumes/ssd_zhang/thesis_michel/server_processing/t0_rootFiles/beam28777_new202602/wvf_applyCut_removeBeam/wvfFind_event48871_trackID3_opNum5.root
[COPY] event=48871, trackID=3, T0=-0.818025 -> /Volumes/ssd_zhang/thesis_michel/server_processing/t0_rootFiles/beam28777_new202602/wvf_applyCut_removeBeam/wvfFind_event48871_trackID3_opNum5_2.root
[COPY] event=48878, trackID=6, T0=0.452294 -> /Volumes/ssd_zhang/thesis_michel/server_processing/t0_rootFiles/beam28777_new202602/wvf_applyCut_removeBeam/wvfFind_event48878_trackID6_opNum4.root
[COPY] event=48883, trackID=6, T0=0.0583872 -> /Volumes/ssd_zhang/thesis_michel/server_processing/t0_rootFiles/beam28777_new202602/wvf_applyCut_removeBeam/wvfFind_event48883_trackID6_opNum6.root
[COPY] event=48889, trackID=8, T0=-1.23742 -> /Volumes/ssd_zhang/thesis_michel/server_processing/t0_rootFiles/beam28777_new202602/wvf_applyCut_removeBeam/wvfFind_event48889_trackID8_opNum9.root
[COPY] event=4888, trackID=10, T0=0.35368 -> /Volumes/ssd_zhang/thesis_michel/server_processing/t0_rootFiles/beam28777_new202602/wvf_applyCut_removeBeam/wvfFind_event4888_trackID10_opNum4_2.root
[COPY] event=4888, trackID=10, T0=0.35368 -> /Volumes/ssd_zhang/thesis_michel/server_processing/t0_rootFiles/beam28777_new202602/wvf_applyCut_removeBeam/wvfFind_event4888_trackID10_opNum5_merged.root
[COPY] event=48906, trackID=20, T0=-2.29614 -> /Volumes/ssd_zhang/thesis_michel/server_processing/t0_rootFiles/beam28777_new202602/wvf_applyCut_removeBeam/wvfFind_event48906_trackID20_opNum8.root
[COPY] event=48906, trackID=20, T0=-2.29614 -> /Volumes/ssd_zhang/thesis_michel/server_processing/t0_rootFiles/beam28777_new202602/wvf_applyCut_removeBeam/wvfFind_event48906_trackID20_opNum8_2.root
[COPY] event=48950, trackID=3, T0=0.199722 -> /Volumes/ssd_zhang/thesis_michel/server_processing/t0_rootFiles/beam28777_new202602/wvf_applyCut_removeBeam/wvfFind_event48950_trackID3_opNum5.root
[COPY] event=48950, trackID=3, T0=0.199722 -> /Volumes/ssd_zhang/thesis_michel/server_processing/t0_rootFiles/beam28777_new202602/wvf_applyCut_removeBeam/wvfFind_event48950_trackID3_opNum5_2.root
[COPY] event=48950, trackID=4, T0=-1.24251 -> /Volumes/ssd_zhang/thesis_michel/server_processing/t0_rootFiles/beam28777_new202602/wvf_applyCut_removeBeam/wvfFind_event48950_trackID4_opNum4.root
[COPY] event=48952, trackID=17, T0=-1.92688 -> /Volumes/ssd_zhang/thesis_michel/server_processing/t0_rootFiles/beam28777_new202602/wvf_applyCut_removeBeam/wvfFind_event48952_trackID17_opNum5_merged.root
[COPY] event=48964, trackID=13, T0=-2.34495 -> /Volumes/ssd_zhang/thesis_michel/server_processing/t0_rootFiles/beam28777_new202602/wvf_applyCut_removeBeam/wvfFind_event48964_trackID13_opNum5.root
[COPY] event=48985, trackID=6, T0=0.0615245 -> /Volumes/ssd_zhang/thesis_michel/server_processing/t0_rootFiles/beam28777_new202602/wvf_applyCut_removeBeam/wvfFind_event48985_trackID6_opNum4.root
[COPY] event=48985, trackID=6, T0=0.0615245 -> /Volumes/ssd_zhang/thesis_michel/server_processing/t0_rootFiles/beam28777_new202602/wvf_applyCut_removeBeam/wvfFind_event48985_trackID6_opNum4_2.root
[COPY] event=49002, trackID=11, T0=-0.258265 -> /Volumes/ssd_zhang/thesis_michel/server_processing/t0_rootFiles/beam28777_new202602/wvf_applyCut_removeBeam/wvfFind_event49002_trackID11_opNum4.root
[COPY] event=49005, trackID=10, T0=-1.93461 -> /Volumes/ssd_zhang/thesis_michel/server_processing/t0_rootFiles/beam28777_new202602/wvf_applyCut_removeBeam/wvfFind_event49005_trackID10_opNum5_merged.root
[COPY] event=4901, trackID=10, T0=-0.500499 -> /Volumes/ssd_zhang/thesis_michel/server_processing/t0_rootFiles/beam28777_new202602/wvf_applyCut_removeBeam/wvfFind_event4901_trackID10_opNum6_merged.root
[COPY] event=49039, trackID=4, T0=-0.17784 -> /Volumes/ssd_zhang/thesis_michel/server_processing/t0_rootFiles/beam28777_new202602/wvf_applyCut_removeBeam/wvfFind_event49039_trackID4_opNum9.root
[COPY] event=49048, trackID=6, T0=-0.255655 -> /Volumes/ssd_zhang/thesis_michel/server_processing/t0_rootFiles/beam28777_new202602/wvf_applyCut_removeBeam/wvfFind_event49048_trackID6_opNum6.root
[COPY] event=49055, trackID=4, T0=-1.66062 -> /Volumes/ssd_zhang/thesis_michel/server_processing/t0_rootFiles/beam28777_new202602/wvf_applyCut_removeBeam/wvfFind_event49055_trackID4_opNum8.root
[COPY] event=49058, trackID=11, T0=-1.71579 -> /Volumes/ssd_zhang/thesis_michel/server_processing/t0_rootFiles/beam28777_new202602/wvf_applyCut_removeBeam/wvfFind_event49058_trackID11_opNum3.root
[COPY] event=49103, trackID=7, T0=-1.34151 -> /Volumes/ssd_zhang/thesis_michel/server_processing/t0_rootFiles/beam28777_new202602/wvf_applyCut_removeBeam/wvfFind_event49103_trackID7_opNum5.root
[COPY] event=49109, trackID=14, T0=-1.84794 -> /Volumes/ssd_zhang/thesis_michel/server_processing/t0_rootFiles/beam28777_new202602/wvf_applyCut_removeBeam/wvfFind_event49109_trackID14_opNum4_merged.root
[COPY] event=49117, trackID=23, T0=0.0659347 -> /Volumes/ssd_zhang/thesis_michel/server_processing/t0_rootFiles/beam28777_new202602/wvf_applyCut_removeBeam/wvfFind_event49117_trackID23_opNum9.root
[COPY] event=49118, trackID=0, T0=-0.811232 -> /Volumes/ssd_zhang/thesis_michel/server_processing/t0_rootFiles/beam28777_new202602/wvf_applyCut_removeBeam/wvfFind_event49118_trackID0_opNum8.root
[COPY] event=4911, trackID=12, T0=-1.35681 -> /Volumes/ssd_zhang/thesis_michel/server_processing/t0_rootFiles/beam28777_new202602/wvf_applyCut_removeBeam/wvfFind_event4911_trackID12_opNum8.root
[COPY] event=49181, trackID=2, T0=-1.75349 -> /Volumes/ssd_zhang/thesis_michel/server_processing/t0_rootFiles/beam28777_new202602/wvf_applyCut_removeBeam/wvfFind_event49181_trackID2_opNum3.root
[COPY] event=49184, trackID=3, T0=-1.45816 -> /Volumes/ssd_zhang/thesis_michel/server_processing/t0_rootFiles/beam28777_new202602/wvf_applyCut_removeBeam/wvfFind_event49184_trackID3_opNum4.root
[COPY] event=49199, trackID=5, T0=-0.805597 -> /Volumes/ssd_zhang/thesis_michel/server_processing/t0_rootFiles/beam28777_new202602/wvf_applyCut_removeBeam/wvfFind_event49199_trackID5_opNum8_merged.root
[COPY] event=49253, trackID=9, T0=-0.902549 -> /Volumes/ssd_zhang/thesis_michel/server_processing/t0_rootFiles/beam28777_new202602/wvf_applyCut_removeBeam/wvfFind_event49253_trackID9_opNum5.root
[COPY] event=49253, trackID=9, T0=-0.902549 -> /Volumes/ssd_zhang/thesis_michel/server_processing/t0_rootFiles/beam28777_new202602/wvf_applyCut_removeBeam/wvfFind_event49253_trackID9_opNum5_2.root
[COPY] event=49253, trackID=9, T0=-0.902549 -> /Volumes/ssd_zhang/thesis_michel/server_processing/t0_rootFiles/beam28777_new202602/wvf_applyCut_removeBeam/wvfFind_event49253_trackID9_opNum5_3.root
[COPY] event=49278, trackID=5, T0=0.25677 -> /Volumes/ssd_zhang/thesis_michel/server_processing/t0_rootFiles/beam28777_new202602/wvf_applyCut_removeBeam/wvfFind_event49278_trackID5_opNum9.root
[COPY] event=49298, trackID=3, T0=-0.536322 -> /Volumes/ssd_zhang/thesis_michel/server_processing/t0_rootFiles/beam28777_new202602/wvf_applyCut_removeBeam/wvfFind_event49298_trackID3_opNum6.root
[COPY] event=49298, trackID=3, T0=-0.536322 -> /Volumes/ssd_zhang/thesis_michel/server_processing/t0_rootFiles/beam28777_new202602/wvf_applyCut_removeBeam/wvfFind_event49298_trackID3_opNum6_2.root
[COPY] event=49298, trackID=3, T0=-0.536322 -> /Volumes/ssd_zhang/thesis_michel/server_processing/t0_rootFiles/beam28777_new202602/wvf_applyCut_removeBeam/wvfFind_event49298_trackID3_opNum6_3.root
[COPY] event=4931, trackID=3, T0=-0.638018 -> /Volumes/ssd_zhang/thesis_michel/server_processing/t0_rootFiles/beam28777_new202602/wvf_applyCut_removeBeam/wvfFind_event4931_trackID3_opNum8.root
[COPY] event=4931, trackID=3, T0=-0.638018 -> /Volumes/ssd_zhang/thesis_michel/server_processing/t0_rootFiles/beam28777_new202602/wvf_applyCut_removeBeam/wvfFind_event4931_trackID3_opNum8_2.root
[COPY] event=49329, trackID=22, T0=-2.2913 -> /Volumes/ssd_zhang/thesis_michel/server_processing/t0_rootFiles/beam28777_new202602/wvf_applyCut_removeBeam/wvfFind_event49329_trackID22_opNum9.root
[COPY] event=49333, trackID=3, T0=-0.372244 -> /Volumes/ssd_zhang/thesis_michel/server_processing/t0_rootFiles/beam28777_new202602/wvf_applyCut_removeBeam/wvfFind_event49333_trackID3_opNum4.root
[COPY] event=49336, trackID=3, T0=-1.33984 -> /Volumes/ssd_zhang/thesis_michel/server_processing/t0_rootFiles/beam28777_new202602/wvf_applyCut_removeBeam/wvfFind_event49336_trackID3_opNum9.root
[COPY] event=4933, trackID=21, T0=-0.00347962 -> /Volumes/ssd_zhang/thesis_michel/server_processing/t0_rootFiles/beam28777_new202602/wvf_applyCut_removeBeam/wvfFind_event4933_trackID21_opNum9.root
[SKIP] (in range) event=49361, trackID=14, T0=-0.0534925
[COPY] event=49368, trackID=5, T0=-1.06262 -> /Volumes/ssd_zhang/thesis_michel/server_processing/t0_rootFiles/beam28777_new202602/wvf_applyCut_removeBeam/wvfFind_event49368_trackID5_opNum6.root
[COPY] event=49368, trackID=5, T0=-1.06262 -> /Volumes/ssd_zhang/thesis_michel/server_processing/t0_rootFiles/beam28777_new202602/wvf_applyCut_removeBeam/wvfFind_event49368_trackID5_opNum6_2.root
[COPY] event=4937, trackID=9, T0=-1.2889 -> /Volumes/ssd_zhang/thesis_michel/server_processing/t0_rootFiles/beam28777_new202602/wvf_applyCut_removeBeam/wvfFind_event4937_trackID9_opNum7.root
[COPY] event=49408, trackID=4, T0=0.0370628 -> /Volumes/ssd_zhang/thesis_michel/server_processing/t0_rootFiles/beam28777_new202602/wvf_applyCut_removeBeam/wvfFind_event49408_trackID4_opNum4.root
[COPY] event=4940, trackID=17, T0=-1.05933 -> /Volumes/ssd_zhang/thesis_michel/server_processing/t0_rootFiles/beam28777_new202602/wvf_applyCut_removeBeam/wvfFind_event4940_trackID17_opNum8.root
[COPY] event=49412, trackID=13, T0=-1.09009 -> /Volumes/ssd_zhang/thesis_michel/server_processing/t0_rootFiles/beam28777_new202602/wvf_applyCut_removeBeam/wvfFind_event49412_trackID13_opNum9.root
[COPY] event=49415, trackID=15, T0=-2.36356 -> /Volumes/ssd_zhang/thesis_michel/server_processing/t0_rootFiles/beam28777_new202602/wvf_applyCut_removeBeam/wvfFind_event49415_trackID15_opNum9.root
[SKIP] (in range) event=49434, trackID=18, T0=-0.109721
[COPY] event=49437, trackID=4, T0=-0.150374 -> /Volumes/ssd_zhang/thesis_michel/server_processing/t0_rootFiles/beam28777_new202602/wvf_applyCut_removeBeam/wvfFind_event49437_trackID4_opNum8.root
[COPY] event=49439, trackID=3, T0=-0.917138 -> /Volumes/ssd_zhang/thesis_michel/server_processing/t0_rootFiles/beam28777_new202602/wvf_applyCut_removeBeam/wvfFind_event49439_trackID3_opNum5_merged.root
[COPY] event=49449, trackID=11, T0=1.74075 -> /Volumes/ssd_zhang/thesis_michel/server_processing/t0_rootFiles/beam28777_new202602/wvf_applyCut_removeBeam/wvfFind_event49449_trackID11_opNum9.root
[COPY] event=49450, trackID=11, T0=-1.63081 -> /Volumes/ssd_zhang/thesis_michel/server_processing/t0_rootFiles/beam28777_new202602/wvf_applyCut_removeBeam/wvfFind_event49450_trackID11_opNum9_merged.root
[COPY] event=49451, trackID=9, T0=-1.34258 -> /Volumes/ssd_zhang/thesis_michel/server_processing/t0_rootFiles/beam28777_new202602/wvf_applyCut_removeBeam/wvfFind_event49451_trackID9_opNum3.root
[COPY] event=49465, trackID=20, T0=-2.29101 -> /Volumes/ssd_zhang/thesis_michel/server_processing/t0_rootFiles/beam28777_new202602/wvf_applyCut_removeBeam/wvfFind_event49465_trackID20_opNum8.root
[COPY] event=49465, trackID=20, T0=-2.29101 -> /Volumes/ssd_zhang/thesis_michel/server_processing/t0_rootFiles/beam28777_new202602/wvf_applyCut_removeBeam/wvfFind_event49465_trackID20_opNum8_2.root
[COPY] event=49477, trackID=41, T0=-2.40055 -> /Volumes/ssd_zhang/thesis_michel/server_processing/t0_rootFiles/beam28777_new202602/wvf_applyCut_removeBeam/wvfFind_event49477_trackID41_opNum5.root
[COPY] event=49477, trackID=9, T0=-0.979638 -> /Volumes/ssd_zhang/thesis_michel/server_processing/t0_rootFiles/beam28777_new202602/wvf_applyCut_removeBeam/wvfFind_event49477_trackID9_opNum9.root
[COPY] event=49494, trackID=5, T0=-0.86209 -> /Volumes/ssd_zhang/thesis_michel/server_processing/t0_rootFiles/beam28777_new202602/wvf_applyCut_removeBeam/wvfFind_event49494_trackID5_opNum9_merged.root
[SKIP] (in range) event=49501, trackID=19, T0=-0.0940462
[COPY] event=49501, trackID=9, T0=0.181624 -> /Volumes/ssd_zhang/thesis_michel/server_processing/t0_rootFiles/beam28777_new202602/wvf_applyCut_removeBeam/wvfFind_event49501_trackID9_opNum3.root
[COPY] event=49501, trackID=9, T0=0.181624 -> /Volumes/ssd_zhang/thesis_michel/server_processing/t0_rootFiles/beam28777_new202602/wvf_applyCut_removeBeam/wvfFind_event49501_trackID9_opNum3_2.root
[COPY] event=49519, trackID=5, T0=0.357216 -> /Volumes/ssd_zhang/thesis_michel/server_processing/t0_rootFiles/beam28777_new202602/wvf_applyCut_removeBeam/wvfFind_event49519_trackID5_opNum8.root
[SKIP] (in range) event=49548, trackID=9, T0=-0.0707625
[COPY] event=49553, trackID=12, T0=-2.20575 -> /Volumes/ssd_zhang/thesis_michel/server_processing/t0_rootFiles/beam28777_new202602/wvf_applyCut_removeBeam/wvfFind_event49553_trackID12_opNum9.root
[COPY] event=49561, trackID=8, T0=-1.77001 -> /Volumes/ssd_zhang/thesis_michel/server_processing/t0_rootFiles/beam28777_new202602/wvf_applyCut_removeBeam/wvfFind_event49561_trackID8_opNum9.root
[COPY] event=49570, trackID=12, T0=0.27481 -> /Volumes/ssd_zhang/thesis_michel/server_processing/t0_rootFiles/beam28777_new202602/wvf_applyCut_removeBeam/wvfFind_event49570_trackID12_opNum9.root
[COPY] event=49571, trackID=20, T0=-1.91083 -> /Volumes/ssd_zhang/thesis_michel/server_processing/t0_rootFiles/beam28777_new202602/wvf_applyCut_removeBeam/wvfFind_event49571_trackID20_opNum9.root
[COPY] event=49576, trackID=4, T0=-0.168946 -> /Volumes/ssd_zhang/thesis_michel/server_processing/t0_rootFiles/beam28777_new202602/wvf_applyCut_removeBeam/wvfFind_event49576_trackID4_opNum4.root
[COPY] event=49576, trackID=4, T0=-0.168946 -> /Volumes/ssd_zhang/thesis_michel/server_processing/t0_rootFiles/beam28777_new202602/wvf_applyCut_removeBeam/wvfFind_event49576_trackID4_opNum4_2.root
[COPY] event=4957, trackID=1, T0=-0.824183 -> /Volumes/ssd_zhang/thesis_michel/server_processing/t0_rootFiles/beam28777_new202602/wvf_applyCut_removeBeam/wvfFind_event4957_trackID1_opNum5.root
[COPY] event=4957, trackID=1, T0=-0.824183 -> /Volumes/ssd_zhang/thesis_michel/server_processing/t0_rootFiles/beam28777_new202602/wvf_applyCut_removeBeam/wvfFind_event4957_trackID1_opNum5_2.root
[COPY] event=49600, trackID=0, T0=-1.19927 -> /Volumes/ssd_zhang/thesis_michel/server_processing/t0_rootFiles/beam28777_new202602/wvf_applyCut_removeBeam/wvfFind_event49600_trackID0_opNum4.root
[SKIP] (in range) event=49613, trackID=24, T0=-0.0706351
[COPY] event=49637, trackID=4, T0=-0.861341 -> /Volumes/ssd_zhang/thesis_michel/server_processing/t0_rootFiles/beam28777_new202602/wvf_applyCut_removeBeam/wvfFind_event49637_trackID4_opNum4.root
[SKIP] (in range) event=49650, trackID=6, T0=-0.0316168
[COPY] event=49654, trackID=0, T0=0.00467012 -> /Volumes/ssd_zhang/thesis_michel/server_processing/t0_rootFiles/beam28777_new202602/wvf_applyCut_removeBeam/wvfFind_event49654_trackID0_opNum3.root
[COPY] event=49663, trackID=23, T0=2.46434 -> /Volumes/ssd_zhang/thesis_michel/server_processing/t0_rootFiles/beam28777_new202602/wvf_applyCut_removeBeam/wvfFind_event49663_trackID23_opNum8.root
[COPY] event=49663, trackID=23, T0=2.46434 -> /Volumes/ssd_zhang/thesis_michel/server_processing/t0_rootFiles/beam28777_new202602/wvf_applyCut_removeBeam/wvfFind_event49663_trackID23_opNum8_2.root
[COPY] event=49681, trackID=23, T0=-2.32232 -> /Volumes/ssd_zhang/thesis_michel/server_processing/t0_rootFiles/beam28777_new202602/wvf_applyCut_removeBeam/wvfFind_event49681_trackID23_opNum7.root
[COPY] event=49689, trackID=3, T0=-0.523102 -> /Volumes/ssd_zhang/thesis_michel/server_processing/t0_rootFiles/beam28777_new202602/wvf_applyCut_removeBeam/wvfFind_event49689_trackID3_opNum4_merged.root
[COPY] event=4968, trackID=5, T0=-2.33219 -> /Volumes/ssd_zhang/thesis_michel/server_processing/t0_rootFiles/beam28777_new202602/wvf_applyCut_removeBeam/wvfFind_event4968_trackID5_opNum5.root
[COPY] event=4968, trackID=5, T0=-2.33219 -> /Volumes/ssd_zhang/thesis_michel/server_processing/t0_rootFiles/beam28777_new202602/wvf_applyCut_removeBeam/wvfFind_event4968_trackID5_opNum5_2.root
[COPY] event=49694, trackID=0, T0=-0.94143 -> /Volumes/ssd_zhang/thesis_michel/server_processing/t0_rootFiles/beam28777_new202602/wvf_applyCut_removeBeam/wvfFind_event49694_trackID0_opNum9.root
[COPY] event=49694, trackID=0, T0=-0.94143 -> /Volumes/ssd_zhang/thesis_michel/server_processing/t0_rootFiles/beam28777_new202602/wvf_applyCut_removeBeam/wvfFind_event49694_trackID0_opNum9_2.root
[COPY] event=49701, trackID=18, T0=-1.65754 -> /Volumes/ssd_zhang/thesis_michel/server_processing/t0_rootFiles/beam28777_new202602/wvf_applyCut_removeBeam/wvfFind_event49701_trackID18_opNum9.root
[COPY] event=49720, trackID=14, T0=-0.555268 -> /Volumes/ssd_zhang/thesis_michel/server_processing/t0_rootFiles/beam28777_new202602/wvf_applyCut_removeBeam/wvfFind_event49720_trackID14_opNum4.root
[COPY] event=49721, trackID=0, T0=0.01856 -> /Volumes/ssd_zhang/thesis_michel/server_processing/t0_rootFiles/beam28777_new202602/wvf_applyCut_removeBeam/wvfFind_event49721_trackID0_opNum4.root
[COPY] event=49725, trackID=15, T0=-0.733877 -> /Volumes/ssd_zhang/thesis_michel/server_processing/t0_rootFiles/beam28777_new202602/wvf_applyCut_removeBeam/wvfFind_event49725_trackID15_opNum9_merged.root
[COPY] event=49726, trackID=3, T0=-1.02169 -> /Volumes/ssd_zhang/thesis_michel/server_processing/t0_rootFiles/beam28777_new202602/wvf_applyCut_removeBeam/wvfFind_event49726_trackID3_opNum8_merged.root
[COPY] event=4972, trackID=0, T0=-0.127612 -> /Volumes/ssd_zhang/thesis_michel/server_processing/t0_rootFiles/beam28777_new202602/wvf_applyCut_removeBeam/wvfFind_event4972_trackID0_opNum9.root
[COPY] event=49739, trackID=16, T0=-1.43311 -> /Volumes/ssd_zhang/thesis_michel/server_processing/t0_rootFiles/beam28777_new202602/wvf_applyCut_removeBeam/wvfFind_event49739_trackID16_opNum5.root
[COPY] event=49758, trackID=9, T0=0.271016 -> /Volumes/ssd_zhang/thesis_michel/server_processing/t0_rootFiles/beam28777_new202602/wvf_applyCut_removeBeam/wvfFind_event49758_trackID9_opNum6_merged.root
[COPY] event=49785, trackID=22, T0=-1.04703 -> /Volumes/ssd_zhang/thesis_michel/server_processing/t0_rootFiles/beam28777_new202602/wvf_applyCut_removeBeam/wvfFind_event49785_trackID22_opNum3.root
[COPY] event=49786, trackID=22, T0=-1.90857 -> /Volumes/ssd_zhang/thesis_michel/server_processing/t0_rootFiles/beam28777_new202602/wvf_applyCut_removeBeam/wvfFind_event49786_trackID22_opNum3.root
[COPY] event=497, trackID=6, T0=0.34203 -> /Volumes/ssd_zhang/thesis_michel/server_processing/t0_rootFiles/beam28777_new202602/wvf_applyCut_removeBeam/wvfFind_event497_trackID6_opNum4.root
[COPY] event=497, trackID=6, T0=0.34203 -> /Volumes/ssd_zhang/thesis_michel/server_processing/t0_rootFiles/beam28777_new202602/wvf_applyCut_removeBeam/wvfFind_event497_trackID6_opNum4_2.root
[COPY] event=49812, trackID=3, T0=0.0630408 -> /Volumes/ssd_zhang/thesis_michel/server_processing/t0_rootFiles/beam28777_new202602/wvf_applyCut_removeBeam/wvfFind_event49812_trackID3_opNum9.root
[COPY] event=49832, trackID=7, T0=-1.01165 -> /Volumes/ssd_zhang/thesis_michel/server_processing/t0_rootFiles/beam28777_new202602/wvf_applyCut_removeBeam/wvfFind_event49832_trackID7_opNum9.root
[COPY] event=49838, trackID=7, T0=-1.98425 -> /Volumes/ssd_zhang/thesis_michel/server_processing/t0_rootFiles/beam28777_new202602/wvf_applyCut_removeBeam/wvfFind_event49838_trackID7_opNum8.root
[COPY] event=49846, trackID=7, T0=-1.631 -> /Volumes/ssd_zhang/thesis_michel/server_processing/t0_rootFiles/beam28777_new202602/wvf_applyCut_removeBeam/wvfFind_event49846_trackID7_opNum9.root
[COPY] event=49846, trackID=7, T0=-1.631 -> /Volumes/ssd_zhang/thesis_michel/server_processing/t0_rootFiles/beam28777_new202602/wvf_applyCut_removeBeam/wvfFind_event49846_trackID7_opNum9_2.root
[COPY] event=49856, trackID=8, T0=-0.759477 -> /Volumes/ssd_zhang/thesis_michel/server_processing/t0_rootFiles/beam28777_new202602/wvf_applyCut_removeBeam/wvfFind_event49856_trackID8_opNum9.root
[COPY] event=49864, trackID=1, T0=-0.318129 -> /Volumes/ssd_zhang/thesis_michel/server_processing/t0_rootFiles/beam28777_new202602/wvf_applyCut_removeBeam/wvfFind_event49864_trackID1_opNum9.root
[COPY] event=49864, trackID=1, T0=-0.318129 -> /Volumes/ssd_zhang/thesis_michel/server_processing/t0_rootFiles/beam28777_new202602/wvf_applyCut_removeBeam/wvfFind_event49864_trackID1_opNum9_2.root
[COPY] event=49865, trackID=0, T0=-1.15401 -> /Volumes/ssd_zhang/thesis_michel/server_processing/t0_rootFiles/beam28777_new202602/wvf_applyCut_removeBeam/wvfFind_event49865_trackID0_opNum8.root
[COPY] event=49869, trackID=19, T0=-2.18221 -> /Volumes/ssd_zhang/thesis_michel/server_processing/t0_rootFiles/beam28777_new202602/wvf_applyCut_removeBeam/wvfFind_event49869_trackID19_opNum9.root
[COPY] event=49874, trackID=25, T0=-1.75015 -> /Volumes/ssd_zhang/thesis_michel/server_processing/t0_rootFiles/beam28777_new202602/wvf_applyCut_removeBeam/wvfFind_event49874_trackID25_opNum6.root
[COPY] event=49892, trackID=10, T0=-0.939524 -> /Volumes/ssd_zhang/thesis_michel/server_processing/t0_rootFiles/beam28777_new202602/wvf_applyCut_removeBeam/wvfFind_event49892_trackID10_opNum9.root
[COPY] event=49892, trackID=10, T0=-0.939524 -> /Volumes/ssd_zhang/thesis_michel/server_processing/t0_rootFiles/beam28777_new202602/wvf_applyCut_removeBeam/wvfFind_event49892_trackID10_opNum9_2.root
[COPY] event=49906, trackID=8, T0=0.35092 -> /Volumes/ssd_zhang/thesis_michel/server_processing/t0_rootFiles/beam28777_new202602/wvf_applyCut_removeBeam/wvfFind_event49906_trackID8_opNum9.root
[COPY] event=49907, trackID=4, T0=-0.00547821 -> /Volumes/ssd_zhang/thesis_michel/server_processing/t0_rootFiles/beam28777_new202602/wvf_applyCut_removeBeam/wvfFind_event49907_trackID4_opNum4.root
[COPY] event=49920, trackID=22, T0=-2.36227 -> /Volumes/ssd_zhang/thesis_michel/server_processing/t0_rootFiles/beam28777_new202602/wvf_applyCut_removeBeam/wvfFind_event49920_trackID22_opNum9.root
[COPY] event=49929, trackID=14, T0=-1.18331 -> /Volumes/ssd_zhang/thesis_michel/server_processing/t0_rootFiles/beam28777_new202602/wvf_applyCut_removeBeam/wvfFind_event49929_trackID14_opNum9.root
[COPY] event=49983, trackID=30, T0=-1.08613 -> /Volumes/ssd_zhang/thesis_michel/server_processing/t0_rootFiles/beam28777_new202602/wvf_applyCut_removeBeam/wvfFind_event49983_trackID30_opNum8.root
[COPY] event=49992, trackID=7, T0=-2.36262 -> /Volumes/ssd_zhang/thesis_michel/server_processing/t0_rootFiles/beam28777_new202602/wvf_applyCut_removeBeam/wvfFind_event49992_trackID7_opNum8_merged.root
[COPY] event=4999, trackID=3, T0=-0.595292 -> /Volumes/ssd_zhang/thesis_michel/server_processing/t0_rootFiles/beam28777_new202602/wvf_applyCut_removeBeam/wvfFind_event4999_trackID3_opNum9.root
[COPY] event=50001, trackID=1, T0=0.361959 -> /Volumes/ssd_zhang/thesis_michel/server_processing/t0_rootFiles/beam28777_new202602/wvf_applyCut_removeBeam/wvfFind_event50001_trackID1_opNum3.root
[COPY] event=50008, trackID=2, T0=-0.746783 -> /Volumes/ssd_zhang/thesis_michel/server_processing/t0_rootFiles/beam28777_new202602/wvf_applyCut_removeBeam/wvfFind_event50008_trackID2_opNum5.root
[COPY] event=50017, trackID=7, T0=-1.44253 -> /Volumes/ssd_zhang/thesis_michel/server_processing/t0_rootFiles/beam28777_new202602/wvf_applyCut_removeBeam/wvfFind_event50017_trackID7_opNum5.root
[COPY] event=50064, trackID=3, T0=-0.0200302 -> /Volumes/ssd_zhang/thesis_michel/server_processing/t0_rootFiles/beam28777_new202602/wvf_applyCut_removeBeam/wvfFind_event50064_trackID3_opNum4.root
[COPY] event=50064, trackID=3, T0=-0.0200302 -> /Volumes/ssd_zhang/thesis_michel/server_processing/t0_rootFiles/beam28777_new202602/wvf_applyCut_removeBeam/wvfFind_event50064_trackID3_opNum4_2.root
[COPY] event=50064, trackID=3, T0=-0.0200302 -> /Volumes/ssd_zhang/thesis_michel/server_processing/t0_rootFiles/beam28777_new202602/wvf_applyCut_removeBeam/wvfFind_event50064_trackID3_opNum4_3.root
[COPY] event=50078, trackID=4, T0=-0.90007 -> /Volumes/ssd_zhang/thesis_michel/server_processing/t0_rootFiles/beam28777_new202602/wvf_applyCut_removeBeam/wvfFind_event50078_trackID4_opNum4.root
[COPY] event=50080, trackID=2, T0=-1.05558 -> /Volumes/ssd_zhang/thesis_michel/server_processing/t0_rootFiles/beam28777_new202602/wvf_applyCut_removeBeam/wvfFind_event50080_trackID2_opNum5.root
[COPY] event=50095, trackID=2, T0=0.0357481 -> /Volumes/ssd_zhang/thesis_michel/server_processing/t0_rootFiles/beam28777_new202602/wvf_applyCut_removeBeam/wvfFind_event50095_trackID2_opNum3.root
[COPY] event=50102, trackID=3, T0=1.6849 -> /Volumes/ssd_zhang/thesis_michel/server_processing/t0_rootFiles/beam28777_new202602/wvf_applyCut_removeBeam/wvfFind_event50102_trackID3_opNum3.root
[COPY] event=50133, trackID=2, T0=0.219142 -> /Volumes/ssd_zhang/thesis_michel/server_processing/t0_rootFiles/beam28777_new202602/wvf_applyCut_removeBeam/wvfFind_event50133_trackID2_opNum3.root
[COPY] event=50136, trackID=4, T0=-0.579595 -> /Volumes/ssd_zhang/thesis_michel/server_processing/t0_rootFiles/beam28777_new202602/wvf_applyCut_removeBeam/wvfFind_event50136_trackID4_opNum8.root
[COPY] event=50146, trackID=39, T0=-1.91749 -> /Volumes/ssd_zhang/thesis_michel/server_processing/t0_rootFiles/beam28777_new202602/wvf_applyCut_removeBeam/wvfFind_event50146_trackID39_opNum9.root
[COPY] event=50150, trackID=7, T0=-1.90283 -> /Volumes/ssd_zhang/thesis_michel/server_processing/t0_rootFiles/beam28777_new202602/wvf_applyCut_removeBeam/wvfFind_event50150_trackID7_opNum3.root
[COPY] event=50159, trackID=4, T0=-1.56733 -> /Volumes/ssd_zhang/thesis_michel/server_processing/t0_rootFiles/beam28777_new202602/wvf_applyCut_removeBeam/wvfFind_event50159_trackID4_opNum5.root
[COPY] event=5015, trackID=1, T0=-0.559285 -> /Volumes/ssd_zhang/thesis_michel/server_processing/t0_rootFiles/beam28777_new202602/wvf_applyCut_removeBeam/wvfFind_event5015_trackID1_opNum4.root
[COPY] event=50165, trackID=20, T0=-2.22229 -> /Volumes/ssd_zhang/thesis_michel/server_processing/t0_rootFiles/beam28777_new202602/wvf_applyCut_removeBeam/wvfFind_event50165_trackID20_opNum8.root
[COPY] event=50179, trackID=21, T0=-2.17999 -> /Volumes/ssd_zhang/thesis_michel/server_processing/t0_rootFiles/beam28777_new202602/wvf_applyCut_removeBeam/wvfFind_event50179_trackID21_opNum8.root
[COPY] event=50196, trackID=20, T0=-1.50079 -> /Volumes/ssd_zhang/thesis_michel/server_processing/t0_rootFiles/beam28777_new202602/wvf_applyCut_removeBeam/wvfFind_event50196_trackID20_opNum6.root
[COPY] event=50200, trackID=9, T0=-0.739621 -> /Volumes/ssd_zhang/thesis_michel/server_processing/t0_rootFiles/beam28777_new202602/wvf_applyCut_removeBeam/wvfFind_event50200_trackID9_opNum5.root
[COPY] event=50222, trackID=5, T0=-0.340133 -> /Volumes/ssd_zhang/thesis_michel/server_processing/t0_rootFiles/beam28777_new202602/wvf_applyCut_removeBeam/wvfFind_event50222_trackID5_opNum7.root
[COPY] event=50227, trackID=5, T0=0.349943 -> /Volumes/ssd_zhang/thesis_michel/server_processing/t0_rootFiles/beam28777_new202602/wvf_applyCut_removeBeam/wvfFind_event50227_trackID5_opNum4.root
[COPY] event=50228, trackID=6, T0=0.24394 -> /Volumes/ssd_zhang/thesis_michel/server_processing/t0_rootFiles/beam28777_new202602/wvf_applyCut_removeBeam/wvfFind_event50228_trackID6_opNum4.root
[COPY] event=5024, trackID=17, T0=-0.615477 -> /Volumes/ssd_zhang/thesis_michel/server_processing/t0_rootFiles/beam28777_new202602/wvf_applyCut_removeBeam/wvfFind_event5024_trackID17_opNum8.root
[COPY] event=50270, trackID=2, T0=0.139917 -> /Volumes/ssd_zhang/thesis_michel/server_processing/t0_rootFiles/beam28777_new202602/wvf_applyCut_removeBeam/wvfFind_event50270_trackID2_opNum4.root
[COPY] event=50273, trackID=8, T0=-1.65379 -> /Volumes/ssd_zhang/thesis_michel/server_processing/t0_rootFiles/beam28777_new202602/wvf_applyCut_removeBeam/wvfFind_event50273_trackID8_opNum9_merged.root
[COPY] event=50278, trackID=4, T0=-0.0165578 -> /Volumes/ssd_zhang/thesis_michel/server_processing/t0_rootFiles/beam28777_new202602/wvf_applyCut_removeBeam/wvfFind_event50278_trackID4_opNum7_merged.root
[SKIP] (in range) event=50293, trackID=5, T0=-0.0452764
[COPY] event=50300, trackID=1, T0=-0.886352 -> /Volumes/ssd_zhang/thesis_michel/server_processing/t0_rootFiles/beam28777_new202602/wvf_applyCut_removeBeam/wvfFind_event50300_trackID1_opNum4.root
[SKIP] (in range) event=50303, trackID=9, T0=-0.0468204
[COPY] event=50306, trackID=6, T0=-0.324056 -> /Volumes/ssd_zhang/thesis_michel/server_processing/t0_rootFiles/beam28777_new202602/wvf_applyCut_removeBeam/wvfFind_event50306_trackID6_opNum5.root
[COPY] event=50307, trackID=11, T0=-1.9882 -> /Volumes/ssd_zhang/thesis_michel/server_processing/t0_rootFiles/beam28777_new202602/wvf_applyCut_removeBeam/wvfFind_event50307_trackID11_opNum6.root
[COPY] event=5036, trackID=4, T0=-2.06366 -> /Volumes/ssd_zhang/thesis_michel/server_processing/t0_rootFiles/beam28777_new202602/wvf_applyCut_removeBeam/wvfFind_event5036_trackID4_opNum3.root
[COPY] event=50376, trackID=2, T0=-1.2619 -> /Volumes/ssd_zhang/thesis_michel/server_processing/t0_rootFiles/beam28777_new202602/wvf_applyCut_removeBeam/wvfFind_event50376_trackID2_opNum5.root
[COPY] event=50376, trackID=2, T0=-1.2619 -> /Volumes/ssd_zhang/thesis_michel/server_processing/t0_rootFiles/beam28777_new202602/wvf_applyCut_removeBeam/wvfFind_event50376_trackID2_opNum5_2.root
[COPY] event=50381, trackID=6, T0=0.248064 -> /Volumes/ssd_zhang/thesis_michel/server_processing/t0_rootFiles/beam28777_new202602/wvf_applyCut_removeBeam/wvfFind_event50381_trackID6_opNum9.root
[SKIP] (in range) event=50383, trackID=4, T0=-0.0975903
[SKIP] (in range) event=50383, trackID=4, T0=-0.0975903
[COPY] event=50417, trackID=4, T0=-0.601882 -> /Volumes/ssd_zhang/thesis_michel/server_processing/t0_rootFiles/beam28777_new202602/wvf_applyCut_removeBeam/wvfFind_event50417_trackID4_opNum5.root
[COPY] event=50422, trackID=11, T0=0.363048 -> /Volumes/ssd_zhang/thesis_michel/server_processing/t0_rootFiles/beam28777_new202602/wvf_applyCut_removeBeam/wvfFind_event50422_trackID11_opNum8.root
[COPY] event=5043, trackID=2, T0=-1.37832 -> /Volumes/ssd_zhang/thesis_michel/server_processing/t0_rootFiles/beam28777_new202602/wvf_applyCut_removeBeam/wvfFind_event5043_trackID2_opNum4.root
[COPY] event=5043, trackID=2, T0=-1.37832 -> /Volumes/ssd_zhang/thesis_michel/server_processing/t0_rootFiles/beam28777_new202602/wvf_applyCut_removeBeam/wvfFind_event5043_trackID2_opNum4_2.root
[COPY] event=50442, trackID=15, T0=0.200226 -> /Volumes/ssd_zhang/thesis_michel/server_processing/t0_rootFiles/beam28777_new202602/wvf_applyCut_removeBeam/wvfFind_event50442_trackID15_opNum3_merged.root
[COPY] event=50449, trackID=5, T0=-0.375211 -> /Volumes/ssd_zhang/thesis_michel/server_processing/t0_rootFiles/beam28777_new202602/wvf_applyCut_removeBeam/wvfFind_event50449_trackID5_opNum4.root
[COPY] event=50461, trackID=8, T0=-0.708412 -> /Volumes/ssd_zhang/thesis_michel/server_processing/t0_rootFiles/beam28777_new202602/wvf_applyCut_removeBeam/wvfFind_event50461_trackID8_opNum9.root
[COPY] event=50466, trackID=2, T0=-1.07208 -> /Volumes/ssd_zhang/thesis_michel/server_processing/t0_rootFiles/beam28777_new202602/wvf_applyCut_removeBeam/wvfFind_event50466_trackID2_opNum8_merged.root
[COPY] event=50467, trackID=32, T0=-2.38468 -> /Volumes/ssd_zhang/thesis_michel/server_processing/t0_rootFiles/beam28777_new202602/wvf_applyCut_removeBeam/wvfFind_event50467_trackID32_opNum4.root
[COPY] event=50469, trackID=10, T0=-1.8493 -> /Volumes/ssd_zhang/thesis_michel/server_processing/t0_rootFiles/beam28777_new202602/wvf_applyCut_removeBeam/wvfFind_event50469_trackID10_opNum3_merged.root
[COPY] event=50474, trackID=8, T0=-1.19643 -> /Volumes/ssd_zhang/thesis_michel/server_processing/t0_rootFiles/beam28777_new202602/wvf_applyCut_removeBeam/wvfFind_event50474_trackID8_opNum3.root
[COPY] event=50476, trackID=1, T0=-1.04317 -> /Volumes/ssd_zhang/thesis_michel/server_processing/t0_rootFiles/beam28777_new202602/wvf_applyCut_removeBeam/wvfFind_event50476_trackID1_opNum3.root
[COPY] event=50476, trackID=3, T0=-0.853786 -> /Volumes/ssd_zhang/thesis_michel/server_processing/t0_rootFiles/beam28777_new202602/wvf_applyCut_removeBeam/wvfFind_event50476_trackID3_opNum4.root
[COPY] event=50476, trackID=3, T0=-0.853786 -> /Volumes/ssd_zhang/thesis_michel/server_processing/t0_rootFiles/beam28777_new202602/wvf_applyCut_removeBeam/wvfFind_event50476_trackID3_opNum4_2.root
[COPY] event=50517, trackID=12, T0=0.256085 -> /Volumes/ssd_zhang/thesis_michel/server_processing/t0_rootFiles/beam28777_new202602/wvf_applyCut_removeBeam/wvfFind_event50517_trackID12_opNum5.root
[COPY] event=50521, trackID=27, T0=0.160511 -> /Volumes/ssd_zhang/thesis_michel/server_processing/t0_rootFiles/beam28777_new202602/wvf_applyCut_removeBeam/wvfFind_event50521_trackID27_opNum6.root
[COPY] event=50536, trackID=12, T0=-0.98058 -> /Volumes/ssd_zhang/thesis_michel/server_processing/t0_rootFiles/beam28777_new202602/wvf_applyCut_removeBeam/wvfFind_event50536_trackID12_opNum5_merged.root
[COPY] event=50541, trackID=5, T0=-0.429388 -> /Volumes/ssd_zhang/thesis_michel/server_processing/t0_rootFiles/beam28777_new202602/wvf_applyCut_removeBeam/wvfFind_event50541_trackID5_opNum4.root
[COPY] event=50555, trackID=9, T0=-1.50546 -> /Volumes/ssd_zhang/thesis_michel/server_processing/t0_rootFiles/beam28777_new202602/wvf_applyCut_removeBeam/wvfFind_event50555_trackID9_opNum8_merged.root
[COPY] event=50560, trackID=9, T0=-0.18505 -> /Volumes/ssd_zhang/thesis_michel/server_processing/t0_rootFiles/beam28777_new202602/wvf_applyCut_removeBeam/wvfFind_event50560_trackID9_opNum5.root
[COPY] event=50564, trackID=28, T0=2.51453 -> /Volumes/ssd_zhang/thesis_michel/server_processing/t0_rootFiles/beam28777_new202602/wvf_applyCut_removeBeam/wvfFind_event50564_trackID28_opNum8.root
[COPY] event=50568, trackID=6, T0=-1.24015 -> /Volumes/ssd_zhang/thesis_michel/server_processing/t0_rootFiles/beam28777_new202602/wvf_applyCut_removeBeam/wvfFind_event50568_trackID6_opNum4.root
[COPY] event=50568, trackID=6, T0=-1.24015 -> /Volumes/ssd_zhang/thesis_michel/server_processing/t0_rootFiles/beam28777_new202602/wvf_applyCut_removeBeam/wvfFind_event50568_trackID6_opNum4_2.root
[COPY] event=50674, trackID=5, T0=-0.722659 -> /Volumes/ssd_zhang/thesis_michel/server_processing/t0_rootFiles/beam28777_new202602/wvf_applyCut_removeBeam/wvfFind_event50674_trackID5_opNum7_merged.root
[COPY] event=50686, trackID=22, T0=-2.04742 -> /Volumes/ssd_zhang/thesis_michel/server_processing/t0_rootFiles/beam28777_new202602/wvf_applyCut_removeBeam/wvfFind_event50686_trackID22_opNum9.root
[COPY] event=50699, trackID=19, T0=-2.34217 -> /Volumes/ssd_zhang/thesis_michel/server_processing/t0_rootFiles/beam28777_new202602/wvf_applyCut_removeBeam/wvfFind_event50699_trackID19_opNum9.root
[SKIP] (in range) event=5070, trackID=8, T0=-0.117306
[COPY] event=50728, trackID=12, T0=-2.1083 -> /Volumes/ssd_zhang/thesis_michel/server_processing/t0_rootFiles/beam28777_new202602/wvf_applyCut_removeBeam/wvfFind_event50728_trackID12_opNum9.root
[COPY] event=50730, trackID=3, T0=-1.04144 -> /Volumes/ssd_zhang/thesis_michel/server_processing/t0_rootFiles/beam28777_new202602/wvf_applyCut_removeBeam/wvfFind_event50730_trackID3_opNum6.root
[COPY] event=50730, trackID=3, T0=-1.04144 -> /Volumes/ssd_zhang/thesis_michel/server_processing/t0_rootFiles/beam28777_new202602/wvf_applyCut_removeBeam/wvfFind_event50730_trackID3_opNum6_2.root
[COPY] event=50742, trackID=7, T0=-0.120608 -> /Volumes/ssd_zhang/thesis_michel/server_processing/t0_rootFiles/beam28777_new202602/wvf_applyCut_removeBeam/wvfFind_event50742_trackID7_opNum3.root
[COPY] event=50742, trackID=7, T0=-0.120608 -> /Volumes/ssd_zhang/thesis_michel/server_processing/t0_rootFiles/beam28777_new202602/wvf_applyCut_removeBeam/wvfFind_event50742_trackID7_opNum3_2.root
[COPY] event=50784, trackID=1, T0=0.433834 -> /Volumes/ssd_zhang/thesis_michel/server_processing/t0_rootFiles/beam28777_new202602/wvf_applyCut_removeBeam/wvfFind_event50784_trackID1_opNum6.root
[COPY] event=50788, trackID=10, T0=0.471599 -> /Volumes/ssd_zhang/thesis_michel/server_processing/t0_rootFiles/beam28777_new202602/wvf_applyCut_removeBeam/wvfFind_event50788_trackID10_opNum8.root
[COPY] event=50788, trackID=10, T0=0.471599 -> /Volumes/ssd_zhang/thesis_michel/server_processing/t0_rootFiles/beam28777_new202602/wvf_applyCut_removeBeam/wvfFind_event50788_trackID10_opNum8_2.root
[COPY] event=50790, trackID=7, T0=-0.898508 -> /Volumes/ssd_zhang/thesis_michel/server_processing/t0_rootFiles/beam28777_new202602/wvf_applyCut_removeBeam/wvfFind_event50790_trackID7_opNum3.root
[COPY] event=50790, trackID=7, T0=-0.898508 -> /Volumes/ssd_zhang/thesis_michel/server_processing/t0_rootFiles/beam28777_new202602/wvf_applyCut_removeBeam/wvfFind_event50790_trackID7_opNum3_2.root
[COPY] event=50792, trackID=2, T0=-0.485873 -> /Volumes/ssd_zhang/thesis_michel/server_processing/t0_rootFiles/beam28777_new202602/wvf_applyCut_removeBeam/wvfFind_event50792_trackID2_opNum5.root
[COPY] event=50795, trackID=4, T0=-0.82427 -> /Volumes/ssd_zhang/thesis_michel/server_processing/t0_rootFiles/beam28777_new202602/wvf_applyCut_removeBeam/wvfFind_event50795_trackID4_opNum3.root
[COPY] event=50817, trackID=5, T0=0.114608 -> /Volumes/ssd_zhang/thesis_michel/server_processing/t0_rootFiles/beam28777_new202602/wvf_applyCut_removeBeam/wvfFind_event50817_trackID5_opNum5.root
[COPY] event=50817, trackID=5, T0=0.114608 -> /Volumes/ssd_zhang/thesis_michel/server_processing/t0_rootFiles/beam28777_new202602/wvf_applyCut_removeBeam/wvfFind_event50817_trackID5_opNum5_2.root
[COPY] event=5083, trackID=4, T0=-0.134083 -> /Volumes/ssd_zhang/thesis_michel/server_processing/t0_rootFiles/beam28777_new202602/wvf_applyCut_removeBeam/wvfFind_event5083_trackID4_opNum3.root
[COPY] event=50858, trackID=12, T0=0.277814 -> /Volumes/ssd_zhang/thesis_michel/server_processing/t0_rootFiles/beam28777_new202602/wvf_applyCut_removeBeam/wvfFind_event50858_trackID12_opNum9.root
[COPY] event=50871, trackID=8, T0=-1.68367 -> /Volumes/ssd_zhang/thesis_michel/server_processing/t0_rootFiles/beam28777_new202602/wvf_applyCut_removeBeam/wvfFind_event50871_trackID8_opNum8.root
[COPY] event=5087, trackID=6, T0=-1.01874 -> /Volumes/ssd_zhang/thesis_michel/server_processing/t0_rootFiles/beam28777_new202602/wvf_applyCut_removeBeam/wvfFind_event5087_trackID6_opNum7.root
[COPY] event=50887, trackID=2, T0=0.0260564 -> /Volumes/ssd_zhang/thesis_michel/server_processing/t0_rootFiles/beam28777_new202602/wvf_applyCut_removeBeam/wvfFind_event50887_trackID2_opNum5.root
[COPY] event=50896, trackID=3, T0=-1.22 -> /Volumes/ssd_zhang/thesis_michel/server_processing/t0_rootFiles/beam28777_new202602/wvf_applyCut_removeBeam/wvfFind_event50896_trackID3_opNum5.root
[COPY] event=5092, trackID=2, T0=-0.450167 -> /Volumes/ssd_zhang/thesis_michel/server_processing/t0_rootFiles/beam28777_new202602/wvf_applyCut_removeBeam/wvfFind_event5092_trackID2_opNum9.root
[COPY] event=50931, trackID=8, T0=-0.945043 -> /Volumes/ssd_zhang/thesis_michel/server_processing/t0_rootFiles/beam28777_new202602/wvf_applyCut_removeBeam/wvfFind_event50931_trackID8_opNum4.root
[COPY] event=50931, trackID=8, T0=-0.945043 -> /Volumes/ssd_zhang/thesis_michel/server_processing/t0_rootFiles/beam28777_new202602/wvf_applyCut_removeBeam/wvfFind_event50931_trackID8_opNum4_2.root
[SKIP] (in range) event=50980, trackID=15, T0=-0.0639521
[COPY] event=50992, trackID=4, T0=-1.7539 -> /Volumes/ssd_zhang/thesis_michel/server_processing/t0_rootFiles/beam28777_new202602/wvf_applyCut_removeBeam/wvfFind_event50992_trackID4_opNum9.root
[COPY] event=50996, trackID=10, T0=-1.95637 -> /Volumes/ssd_zhang/thesis_michel/server_processing/t0_rootFiles/beam28777_new202602/wvf_applyCut_removeBeam/wvfFind_event50996_trackID10_opNum6.root
[SKIP] (in range) event=51020, trackID=6, T0=-0.0502413
[COPY] event=51046, trackID=18, T0=-1.17524 -> /Volumes/ssd_zhang/thesis_michel/server_processing/t0_rootFiles/beam28777_new202602/wvf_applyCut_removeBeam/wvfFind_event51046_trackID18_opNum9.root
[COPY] event=5105, trackID=9, T0=-1.25522 -> /Volumes/ssd_zhang/thesis_michel/server_processing/t0_rootFiles/beam28777_new202602/wvf_applyCut_removeBeam/wvfFind_event5105_trackID9_opNum3.root
[COPY] event=51063, trackID=25, T0=-1.90632 -> /Volumes/ssd_zhang/thesis_michel/server_processing/t0_rootFiles/beam28777_new202602/wvf_applyCut_removeBeam/wvfFind_event51063_trackID25_opNum6.root
[COPY] event=51078, trackID=0, T0=-0.505821 -> /Volumes/ssd_zhang/thesis_michel/server_processing/t0_rootFiles/beam28777_new202602/wvf_applyCut_removeBeam/wvfFind_event51078_trackID0_opNum5.root
[COPY] event=51146, trackID=6, T0=0.0211605 -> /Volumes/ssd_zhang/thesis_michel/server_processing/t0_rootFiles/beam28777_new202602/wvf_applyCut_removeBeam/wvfFind_event51146_trackID6_opNum3.root
[COPY] event=51162, trackID=10, T0=-1.25858 -> /Volumes/ssd_zhang/thesis_michel/server_processing/t0_rootFiles/beam28777_new202602/wvf_applyCut_removeBeam/wvfFind_event51162_trackID10_opNum3.root
[COPY] event=51162, trackID=10, T0=-1.25858 -> /Volumes/ssd_zhang/thesis_michel/server_processing/t0_rootFiles/beam28777_new202602/wvf_applyCut_removeBeam/wvfFind_event51162_trackID10_opNum3_2.root
[COPY] event=51172, trackID=0, T0=0.427843 -> /Volumes/ssd_zhang/thesis_michel/server_processing/t0_rootFiles/beam28777_new202602/wvf_applyCut_removeBeam/wvfFind_event51172_trackID0_opNum9.root
[COPY] event=51217, trackID=4, T0=-1.44709 -> /Volumes/ssd_zhang/thesis_michel/server_processing/t0_rootFiles/beam28777_new202602/wvf_applyCut_removeBeam/wvfFind_event51217_trackID4_opNum4_merged.root
[COPY] event=51219, trackID=21, T0=-0.645387 -> /Volumes/ssd_zhang/thesis_michel/server_processing/t0_rootFiles/beam28777_new202602/wvf_applyCut_removeBeam/wvfFind_event51219_trackID21_opNum9.root
[COPY] event=5121, trackID=5, T0=-0.805081 -> /Volumes/ssd_zhang/thesis_michel/server_processing/t0_rootFiles/beam28777_new202602/wvf_applyCut_removeBeam/wvfFind_event5121_trackID5_opNum4.root
[COPY] event=51227, trackID=11, T0=-0.940702 -> /Volumes/ssd_zhang/thesis_michel/server_processing/t0_rootFiles/beam28777_new202602/wvf_applyCut_removeBeam/wvfFind_event51227_trackID11_opNum5.root
[COPY] event=51227, trackID=11, T0=-0.940702 -> /Volumes/ssd_zhang/thesis_michel/server_processing/t0_rootFiles/beam28777_new202602/wvf_applyCut_removeBeam/wvfFind_event51227_trackID11_opNum5_2.root
[COPY] event=5122, trackID=2, T0=-0.847097 -> /Volumes/ssd_zhang/thesis_michel/server_processing/t0_rootFiles/beam28777_new202602/wvf_applyCut_removeBeam/wvfFind_event5122_trackID2_opNum5_merged.root
[COPY] event=51234, trackID=22, T0=-2.31193 -> /Volumes/ssd_zhang/thesis_michel/server_processing/t0_rootFiles/beam28777_new202602/wvf_applyCut_removeBeam/wvfFind_event51234_trackID22_opNum9.root
[COPY] event=51250, trackID=1, T0=-0.497539 -> /Volumes/ssd_zhang/thesis_michel/server_processing/t0_rootFiles/beam28777_new202602/wvf_applyCut_removeBeam/wvfFind_event51250_trackID1_opNum3_merged.root
[COPY] event=51252, trackID=8, T0=0.362735 -> /Volumes/ssd_zhang/thesis_michel/server_processing/t0_rootFiles/beam28777_new202602/wvf_applyCut_removeBeam/wvfFind_event51252_trackID8_opNum9.root
[COPY] event=51273, trackID=7, T0=-1.64172 -> /Volumes/ssd_zhang/thesis_michel/server_processing/t0_rootFiles/beam28777_new202602/wvf_applyCut_removeBeam/wvfFind_event51273_trackID7_opNum3.root
[COPY] event=51295, trackID=13, T0=-1.5657 -> /Volumes/ssd_zhang/thesis_michel/server_processing/t0_rootFiles/beam28777_new202602/wvf_applyCut_removeBeam/wvfFind_event51295_trackID13_opNum8.root
[COPY] event=51305, trackID=5, T0=-0.831935 -> /Volumes/ssd_zhang/thesis_michel/server_processing/t0_rootFiles/beam28777_new202602/wvf_applyCut_removeBeam/wvfFind_event51305_trackID5_opNum9.root
[COPY] event=51305, trackID=7, T0=-1.56857 -> /Volumes/ssd_zhang/thesis_michel/server_processing/t0_rootFiles/beam28777_new202602/wvf_applyCut_removeBeam/wvfFind_event51305_trackID7_opNum9.root
[COPY] event=51311, trackID=8, T0=-1.39406 -> /Volumes/ssd_zhang/thesis_michel/server_processing/t0_rootFiles/beam28777_new202602/wvf_applyCut_removeBeam/wvfFind_event51311_trackID8_opNum5.root
[COPY] event=51335, trackID=1, T0=-1.4439 -> /Volumes/ssd_zhang/thesis_michel/server_processing/t0_rootFiles/beam28777_new202602/wvf_applyCut_removeBeam/wvfFind_event51335_trackID1_opNum5.root
[COPY] event=51341, trackID=8, T0=1.36053 -> /Volumes/ssd_zhang/thesis_michel/server_processing/t0_rootFiles/beam28777_new202602/wvf_applyCut_removeBeam/wvfFind_event51341_trackID8_opNum9.root
[COPY] event=51346, trackID=5, T0=-0.746316 -> /Volumes/ssd_zhang/thesis_michel/server_processing/t0_rootFiles/beam28777_new202602/wvf_applyCut_removeBeam/wvfFind_event51346_trackID5_opNum4.root
[COPY] event=51346, trackID=5, T0=-0.746316 -> /Volumes/ssd_zhang/thesis_michel/server_processing/t0_rootFiles/beam28777_new202602/wvf_applyCut_removeBeam/wvfFind_event51346_trackID5_opNum4_2.root
[COPY] event=51354, trackID=14, T0=-0.409752 -> /Volumes/ssd_zhang/thesis_michel/server_processing/t0_rootFiles/beam28777_new202602/wvf_applyCut_removeBeam/wvfFind_event51354_trackID14_opNum6_merged.root
[COPY] event=51354, trackID=20, T0=-1.12404 -> /Volumes/ssd_zhang/thesis_michel/server_processing/t0_rootFiles/beam28777_new202602/wvf_applyCut_removeBeam/wvfFind_event51354_trackID20_opNum9.root
[COPY] event=51377, trackID=3, T0=-0.281021 -> /Volumes/ssd_zhang/thesis_michel/server_processing/t0_rootFiles/beam28777_new202602/wvf_applyCut_removeBeam/wvfFind_event51377_trackID3_opNum4.root
[COPY] event=51383, trackID=2, T0=-1.17987 -> /Volumes/ssd_zhang/thesis_michel/server_processing/t0_rootFiles/beam28777_new202602/wvf_applyCut_removeBeam/wvfFind_event51383_trackID2_opNum6.root
[COPY] event=51390, trackID=16, T0=-0.42879 -> /Volumes/ssd_zhang/thesis_michel/server_processing/t0_rootFiles/beam28777_new202602/wvf_applyCut_removeBeam/wvfFind_event51390_trackID16_opNum8.root
[COPY] event=5146, trackID=6, T0=-0.244614 -> /Volumes/ssd_zhang/thesis_michel/server_processing/t0_rootFiles/beam28777_new202602/wvf_applyCut_removeBeam/wvfFind_event5146_trackID6_opNum3_merged.root
[COPY] event=51482, trackID=15, T0=-1.63872 -> /Volumes/ssd_zhang/thesis_michel/server_processing/t0_rootFiles/beam28777_new202602/wvf_applyCut_removeBeam/wvfFind_event51482_trackID15_opNum5.root
[COPY] event=51482, trackID=3, T0=0.279664 -> /Volumes/ssd_zhang/thesis_michel/server_processing/t0_rootFiles/beam28777_new202602/wvf_applyCut_removeBeam/wvfFind_event51482_trackID3_opNum9.root
[COPY] event=51520, trackID=12, T0=-1.50092 -> /Volumes/ssd_zhang/thesis_michel/server_processing/t0_rootFiles/beam28777_new202602/wvf_applyCut_removeBeam/wvfFind_event51520_trackID12_opNum9.root
[COPY] event=51530, trackID=18, T0=-1.67685 -> /Volumes/ssd_zhang/thesis_michel/server_processing/t0_rootFiles/beam28777_new202602/wvf_applyCut_removeBeam/wvfFind_event51530_trackID18_opNum3.root
[COPY] event=51538, trackID=3, T0=0.453949 -> /Volumes/ssd_zhang/thesis_michel/server_processing/t0_rootFiles/beam28777_new202602/wvf_applyCut_removeBeam/wvfFind_event51538_trackID3_opNum6_merged.root
[COPY] event=51550, trackID=4, T0=-2.16255 -> /Volumes/ssd_zhang/thesis_michel/server_processing/t0_rootFiles/beam28777_new202602/wvf_applyCut_removeBeam/wvfFind_event51550_trackID4_opNum8.root
[COPY] event=51606, trackID=14, T0=-0.259088 -> /Volumes/ssd_zhang/thesis_michel/server_processing/t0_rootFiles/beam28777_new202602/wvf_applyCut_removeBeam/wvfFind_event51606_trackID14_opNum4_merged.root
[COPY] event=51621, trackID=3, T0=-1.34266 -> /Volumes/ssd_zhang/thesis_michel/server_processing/t0_rootFiles/beam28777_new202602/wvf_applyCut_removeBeam/wvfFind_event51621_trackID3_opNum3.root
[COPY] event=51621, trackID=3, T0=-1.34266 -> /Volumes/ssd_zhang/thesis_michel/server_processing/t0_rootFiles/beam28777_new202602/wvf_applyCut_removeBeam/wvfFind_event51621_trackID3_opNum3_2.root
[SKIP] (in range) event=51648, trackID=10, T0=-0.0836752
[COPY] event=51678, trackID=1, T0=-0.191583 -> /Volumes/ssd_zhang/thesis_michel/server_processing/t0_rootFiles/beam28777_new202602/wvf_applyCut_removeBeam/wvfFind_event51678_trackID1_opNum5.root
[COPY] event=51720, trackID=16, T0=-1.91607 -> /Volumes/ssd_zhang/thesis_michel/server_processing/t0_rootFiles/beam28777_new202602/wvf_applyCut_removeBeam/wvfFind_event51720_trackID16_opNum5.root
[COPY] event=51734, trackID=11, T0=0.351241 -> /Volumes/ssd_zhang/thesis_michel/server_processing/t0_rootFiles/beam28777_new202602/wvf_applyCut_removeBeam/wvfFind_event51734_trackID11_opNum6.root
[COPY] event=51740, trackID=9, T0=-0.794423 -> /Volumes/ssd_zhang/thesis_michel/server_processing/t0_rootFiles/beam28777_new202602/wvf_applyCut_removeBeam/wvfFind_event51740_trackID9_opNum8.root
[COPY] event=51773, trackID=7, T0=0.109593 -> /Volumes/ssd_zhang/thesis_michel/server_processing/t0_rootFiles/beam28777_new202602/wvf_applyCut_removeBeam/wvfFind_event51773_trackID7_opNum8.root
[COPY] event=51783, trackID=9, T0=-1.1383 -> /Volumes/ssd_zhang/thesis_michel/server_processing/t0_rootFiles/beam28777_new202602/wvf_applyCut_removeBeam/wvfFind_event51783_trackID9_opNum4.root
[COPY] event=51783, trackID=9, T0=-1.1383 -> /Volumes/ssd_zhang/thesis_michel/server_processing/t0_rootFiles/beam28777_new202602/wvf_applyCut_removeBeam/wvfFind_event51783_trackID9_opNum4_2.root
[COPY] event=51791, trackID=3, T0=-1.71047 -> /Volumes/ssd_zhang/thesis_michel/server_processing/t0_rootFiles/beam28777_new202602/wvf_applyCut_removeBeam/wvfFind_event51791_trackID3_opNum5.root
[COPY] event=51801, trackID=6, T0=-0.339261 -> /Volumes/ssd_zhang/thesis_michel/server_processing/t0_rootFiles/beam28777_new202602/wvf_applyCut_removeBeam/wvfFind_event51801_trackID6_opNum4.root
[COPY] event=51816, trackID=0, T0=0.348277 -> /Volumes/ssd_zhang/thesis_michel/server_processing/t0_rootFiles/beam28777_new202602/wvf_applyCut_removeBeam/wvfFind_event51816_trackID0_opNum5.root
[COPY] event=51835, trackID=7, T0=-0.626323 -> /Volumes/ssd_zhang/thesis_michel/server_processing/t0_rootFiles/beam28777_new202602/wvf_applyCut_removeBeam/wvfFind_event51835_trackID7_opNum3.root
[COPY] event=51846, trackID=10, T0=0.251068 -> /Volumes/ssd_zhang/thesis_michel/server_processing/t0_rootFiles/beam28777_new202602/wvf_applyCut_removeBeam/wvfFind_event51846_trackID10_opNum7_merged.root
[COPY] event=51864, trackID=19, T0=-1.94785 -> /Volumes/ssd_zhang/thesis_michel/server_processing/t0_rootFiles/beam28777_new202602/wvf_applyCut_removeBeam/wvfFind_event51864_trackID19_opNum7_merged.root
[COPY] event=51887, trackID=18, T0=0.110051 -> /Volumes/ssd_zhang/thesis_michel/server_processing/t0_rootFiles/beam28777_new202602/wvf_applyCut_removeBeam/wvfFind_event51887_trackID18_opNum9.root
[COPY] event=51902, trackID=1, T0=-1.07563 -> /Volumes/ssd_zhang/thesis_michel/server_processing/t0_rootFiles/beam28777_new202602/wvf_applyCut_removeBeam/wvfFind_event51902_trackID1_opNum4.root
[COPY] event=51917, trackID=10, T0=-1.60635 -> /Volumes/ssd_zhang/thesis_michel/server_processing/t0_rootFiles/beam28777_new202602/wvf_applyCut_removeBeam/wvfFind_event51917_trackID10_opNum8.root
[COPY] event=51969, trackID=16, T0=-1.07234 -> /Volumes/ssd_zhang/thesis_michel/server_processing/t0_rootFiles/beam28777_new202602/wvf_applyCut_removeBeam/wvfFind_event51969_trackID16_opNum4_merged.root
[COPY] event=52000, trackID=17, T0=-1.8649 -> /Volumes/ssd_zhang/thesis_michel/server_processing/t0_rootFiles/beam28777_new202602/wvf_applyCut_removeBeam/wvfFind_event52000_trackID17_opNum8_merged.root
[COPY] event=52002, trackID=10, T0=0.114331 -> /Volumes/ssd_zhang/thesis_michel/server_processing/t0_rootFiles/beam28777_new202602/wvf_applyCut_removeBeam/wvfFind_event52002_trackID10_opNum9.root
[COPY] event=52007, trackID=4, T0=0.225325 -> /Volumes/ssd_zhang/thesis_michel/server_processing/t0_rootFiles/beam28777_new202602/wvf_applyCut_removeBeam/wvfFind_event52007_trackID4_opNum3.root
[COPY] event=52008, trackID=8, T0=-0.373285 -> /Volumes/ssd_zhang/thesis_michel/server_processing/t0_rootFiles/beam28777_new202602/wvf_applyCut_removeBeam/wvfFind_event52008_trackID8_opNum8.root
[COPY] event=52009, trackID=34, T0=-2.30878 -> /Volumes/ssd_zhang/thesis_michel/server_processing/t0_rootFiles/beam28777_new202602/wvf_applyCut_removeBeam/wvfFind_event52009_trackID34_opNum6.root
[COPY] event=52011, trackID=3, T0=-0.262876 -> /Volumes/ssd_zhang/thesis_michel/server_processing/t0_rootFiles/beam28777_new202602/wvf_applyCut_removeBeam/wvfFind_event52011_trackID3_opNum3.root
[COPY] event=52025, trackID=23, T0=-2.46382 -> /Volumes/ssd_zhang/thesis_michel/server_processing/t0_rootFiles/beam28777_new202602/wvf_applyCut_removeBeam/wvfFind_event52025_trackID23_opNum4.root
[COPY] event=52036, trackID=11, T0=-1.35295 -> /Volumes/ssd_zhang/thesis_michel/server_processing/t0_rootFiles/beam28777_new202602/wvf_applyCut_removeBeam/wvfFind_event52036_trackID11_opNum5_merged.root
[COPY] event=52064, trackID=13, T0=-1.37008 -> /Volumes/ssd_zhang/thesis_michel/server_processing/t0_rootFiles/beam28777_new202602/wvf_applyCut_removeBeam/wvfFind_event52064_trackID13_opNum9.root
[COPY] event=52070, trackID=2, T0=-0.860183 -> /Volumes/ssd_zhang/thesis_michel/server_processing/t0_rootFiles/beam28777_new202602/wvf_applyCut_removeBeam/wvfFind_event52070_trackID2_opNum9.root
[COPY] event=52088, trackID=5, T0=0.0941999 -> /Volumes/ssd_zhang/thesis_michel/server_processing/t0_rootFiles/beam28777_new202602/wvf_applyCut_removeBeam/wvfFind_event52088_trackID5_opNum9.root
[COPY] event=52123, trackID=5, T0=-0.364314 -> /Volumes/ssd_zhang/thesis_michel/server_processing/t0_rootFiles/beam28777_new202602/wvf_applyCut_removeBeam/wvfFind_event52123_trackID5_opNum9.root
[COPY] event=52123, trackID=5, T0=-0.364314 -> /Volumes/ssd_zhang/thesis_michel/server_processing/t0_rootFiles/beam28777_new202602/wvf_applyCut_removeBeam/wvfFind_event52123_trackID5_opNum9_2.root
[COPY] event=52129, trackID=8, T0=0.120386 -> /Volumes/ssd_zhang/thesis_michel/server_processing/t0_rootFiles/beam28777_new202602/wvf_applyCut_removeBeam/wvfFind_event52129_trackID8_opNum6.root
[COPY] event=52131, trackID=10, T0=-0.0276249 -> /Volumes/ssd_zhang/thesis_michel/server_processing/t0_rootFiles/beam28777_new202602/wvf_applyCut_removeBeam/wvfFind_event52131_trackID10_opNum8_merged.root
[COPY] event=52150, trackID=0, T0=0.122617 -> /Volumes/ssd_zhang/thesis_michel/server_processing/t0_rootFiles/beam28777_new202602/wvf_applyCut_removeBeam/wvfFind_event52150_trackID0_opNum4.root
[COPY] event=52178, trackID=10, T0=-2.11152 -> /Volumes/ssd_zhang/thesis_michel/server_processing/t0_rootFiles/beam28777_new202602/wvf_applyCut_removeBeam/wvfFind_event52178_trackID10_opNum4.root
[COPY] event=52178, trackID=10, T0=-2.11152 -> /Volumes/ssd_zhang/thesis_michel/server_processing/t0_rootFiles/beam28777_new202602/wvf_applyCut_removeBeam/wvfFind_event52178_trackID10_opNum4_2.root
[COPY] event=52241, trackID=0, T0=0.180205 -> /Volumes/ssd_zhang/thesis_michel/server_processing/t0_rootFiles/beam28777_new202602/wvf_applyCut_removeBeam/wvfFind_event52241_trackID0_opNum5.root
[COPY] event=52241, trackID=4, T0=-1.49769 -> /Volumes/ssd_zhang/thesis_michel/server_processing/t0_rootFiles/beam28777_new202602/wvf_applyCut_removeBeam/wvfFind_event52241_trackID4_opNum3.root
[COPY] event=52250, trackID=0, T0=-0.737375 -> /Volumes/ssd_zhang/thesis_michel/server_processing/t0_rootFiles/beam28777_new202602/wvf_applyCut_removeBeam/wvfFind_event52250_trackID0_opNum9.root
[COPY] event=52256, trackID=20, T0=-0.0214747 -> /Volumes/ssd_zhang/thesis_michel/server_processing/t0_rootFiles/beam28777_new202602/wvf_applyCut_removeBeam/wvfFind_event52256_trackID20_opNum5.root
[COPY] event=52268, trackID=8, T0=0.463453 -> /Volumes/ssd_zhang/thesis_michel/server_processing/t0_rootFiles/beam28777_new202602/wvf_applyCut_removeBeam/wvfFind_event52268_trackID8_opNum9.root
[COPY] event=52268, trackID=8, T0=0.463453 -> /Volumes/ssd_zhang/thesis_michel/server_processing/t0_rootFiles/beam28777_new202602/wvf_applyCut_removeBeam/wvfFind_event52268_trackID8_opNum9_2.root
[COPY] event=52287, trackID=3, T0=0.22057 -> /Volumes/ssd_zhang/thesis_michel/server_processing/t0_rootFiles/beam28777_new202602/wvf_applyCut_removeBeam/wvfFind_event52287_trackID3_opNum3.root
[COPY] event=52315, trackID=10, T0=-1.26775 -> /Volumes/ssd_zhang/thesis_michel/server_processing/t0_rootFiles/beam28777_new202602/wvf_applyCut_removeBeam/wvfFind_event52315_trackID10_opNum9.root
[COPY] event=52321, trackID=4, T0=-0.679489 -> /Volumes/ssd_zhang/thesis_michel/server_processing/t0_rootFiles/beam28777_new202602/wvf_applyCut_removeBeam/wvfFind_event52321_trackID4_opNum4.root
[COPY] event=52338, trackID=25, T0=-1.54559 -> /Volumes/ssd_zhang/thesis_michel/server_processing/t0_rootFiles/beam28777_new202602/wvf_applyCut_removeBeam/wvfFind_event52338_trackID25_opNum9.root
[COPY] event=52342, trackID=11, T0=-0.852061 -> /Volumes/ssd_zhang/thesis_michel/server_processing/t0_rootFiles/beam28777_new202602/wvf_applyCut_removeBeam/wvfFind_event52342_trackID11_opNum9.root
[COPY] event=52342, trackID=11, T0=-0.852061 -> /Volumes/ssd_zhang/thesis_michel/server_processing/t0_rootFiles/beam28777_new202602/wvf_applyCut_removeBeam/wvfFind_event52342_trackID11_opNum9_2.root
[COPY] event=5235, trackID=9, T0=-0.957706 -> /Volumes/ssd_zhang/thesis_michel/server_processing/t0_rootFiles/beam28777_new202602/wvf_applyCut_removeBeam/wvfFind_event5235_trackID9_opNum8.root
[COPY] event=52366, trackID=4, T0=-0.808515 -> /Volumes/ssd_zhang/thesis_michel/server_processing/t0_rootFiles/beam28777_new202602/wvf_applyCut_removeBeam/wvfFind_event52366_trackID4_opNum4.root
[COPY] event=52375, trackID=8, T0=0.305119 -> /Volumes/ssd_zhang/thesis_michel/server_processing/t0_rootFiles/beam28777_new202602/wvf_applyCut_removeBeam/wvfFind_event52375_trackID8_opNum3.root
[COPY] event=52377, trackID=4, T0=-1.74653 -> /Volumes/ssd_zhang/thesis_michel/server_processing/t0_rootFiles/beam28777_new202602/wvf_applyCut_removeBeam/wvfFind_event52377_trackID4_opNum9.root
[COPY] event=52379, trackID=21, T0=-2.36661 -> /Volumes/ssd_zhang/thesis_michel/server_processing/t0_rootFiles/beam28777_new202602/wvf_applyCut_removeBeam/wvfFind_event52379_trackID21_opNum9.root
[SKIP] (in range) event=52380, trackID=15, T0=-0.103839
[COPY] event=52428, trackID=10, T0=0.422275 -> /Volumes/ssd_zhang/thesis_michel/server_processing/t0_rootFiles/beam28777_new202602/wvf_applyCut_removeBeam/wvfFind_event52428_trackID10_opNum8.root
[COPY] event=52463, trackID=9, T0=-1.7493 -> /Volumes/ssd_zhang/thesis_michel/server_processing/t0_rootFiles/beam28777_new202602/wvf_applyCut_removeBeam/wvfFind_event52463_trackID9_opNum3.root
[COPY] event=52480, trackID=9, T0=0.445218 -> /Volumes/ssd_zhang/thesis_michel/server_processing/t0_rootFiles/beam28777_new202602/wvf_applyCut_removeBeam/wvfFind_event52480_trackID9_opNum9_merged.root
[COPY] event=52502, trackID=7, T0=-1.76855 -> /Volumes/ssd_zhang/thesis_michel/server_processing/t0_rootFiles/beam28777_new202602/wvf_applyCut_removeBeam/wvfFind_event52502_trackID7_opNum9.root
[COPY] event=5250, trackID=22, T0=-1.89375 -> /Volumes/ssd_zhang/thesis_michel/server_processing/t0_rootFiles/beam28777_new202602/wvf_applyCut_removeBeam/wvfFind_event5250_trackID22_opNum6.root
[COPY] event=52517, trackID=2, T0=0.202819 -> /Volumes/ssd_zhang/thesis_michel/server_processing/t0_rootFiles/beam28777_new202602/wvf_applyCut_removeBeam/wvfFind_event52517_trackID2_opNum5.root
[COPY] event=52517, trackID=2, T0=0.202819 -> /Volumes/ssd_zhang/thesis_michel/server_processing/t0_rootFiles/beam28777_new202602/wvf_applyCut_removeBeam/wvfFind_event52517_trackID2_opNum5_2.root
[COPY] event=52523, trackID=12, T0=-1.30141 -> /Volumes/ssd_zhang/thesis_michel/server_processing/t0_rootFiles/beam28777_new202602/wvf_applyCut_removeBeam/wvfFind_event52523_trackID12_opNum8_merged.root
[COPY] event=52538, trackID=2, T0=-1.07615 -> /Volumes/ssd_zhang/thesis_michel/server_processing/t0_rootFiles/beam28777_new202602/wvf_applyCut_removeBeam/wvfFind_event52538_trackID2_opNum8.root
[COPY] event=52567, trackID=31, T0=-1.47355 -> /Volumes/ssd_zhang/thesis_michel/server_processing/t0_rootFiles/beam28777_new202602/wvf_applyCut_removeBeam/wvfFind_event52567_trackID31_opNum6_merged.root
[COPY] event=52570, trackID=10, T0=0.465996 -> /Volumes/ssd_zhang/thesis_michel/server_processing/t0_rootFiles/beam28777_new202602/wvf_applyCut_removeBeam/wvfFind_event52570_trackID10_opNum3.root
[COPY] event=52577, trackID=15, T0=0.0769096 -> /Volumes/ssd_zhang/thesis_michel/server_processing/t0_rootFiles/beam28777_new202602/wvf_applyCut_removeBeam/wvfFind_event52577_trackID15_opNum4.root
[COPY] event=52577, trackID=15, T0=0.0769096 -> /Volumes/ssd_zhang/thesis_michel/server_processing/t0_rootFiles/beam28777_new202602/wvf_applyCut_removeBeam/wvfFind_event52577_trackID15_opNum4_2.root
[SKIP] (in range) event=52600, trackID=9, T0=-0.109712
[COPY] event=52601, trackID=15, T0=-1.03455 -> /Volumes/ssd_zhang/thesis_michel/server_processing/t0_rootFiles/beam28777_new202602/wvf_applyCut_removeBeam/wvfFind_event52601_trackID15_opNum9.root
[COPY] event=52601, trackID=15, T0=-1.03455 -> /Volumes/ssd_zhang/thesis_michel/server_processing/t0_rootFiles/beam28777_new202602/wvf_applyCut_removeBeam/wvfFind_event52601_trackID15_opNum9_2.root
[COPY] event=52614, trackID=3, T0=-1.16928 -> /Volumes/ssd_zhang/thesis_michel/server_processing/t0_rootFiles/beam28777_new202602/wvf_applyCut_removeBeam/wvfFind_event52614_trackID3_opNum8.root
[COPY] event=52634, trackID=9, T0=-1.9285 -> /Volumes/ssd_zhang/thesis_michel/server_processing/t0_rootFiles/beam28777_new202602/wvf_applyCut_removeBeam/wvfFind_event52634_trackID9_opNum5.root
[COPY] event=52634, trackID=9, T0=-1.9285 -> /Volumes/ssd_zhang/thesis_michel/server_processing/t0_rootFiles/beam28777_new202602/wvf_applyCut_removeBeam/wvfFind_event52634_trackID9_opNum5_2.root
[COPY] event=52642, trackID=13, T0=0.467395 -> /Volumes/ssd_zhang/thesis_michel/server_processing/t0_rootFiles/beam28777_new202602/wvf_applyCut_removeBeam/wvfFind_event52642_trackID13_opNum9.root
[COPY] event=52643, trackID=4, T0=0.318489 -> /Volumes/ssd_zhang/thesis_michel/server_processing/t0_rootFiles/beam28777_new202602/wvf_applyCut_removeBeam/wvfFind_event52643_trackID4_opNum4.root
[COPY] event=52676, trackID=3, T0=-1.28209 -> /Volumes/ssd_zhang/thesis_michel/server_processing/t0_rootFiles/beam28777_new202602/wvf_applyCut_removeBeam/wvfFind_event52676_trackID3_opNum3.root
[COPY] event=52676, trackID=3, T0=-1.28209 -> /Volumes/ssd_zhang/thesis_michel/server_processing/t0_rootFiles/beam28777_new202602/wvf_applyCut_removeBeam/wvfFind_event52676_trackID3_opNum3_2.root
[COPY] event=5267, trackID=0, T0=-0.331718 -> /Volumes/ssd_zhang/thesis_michel/server_processing/t0_rootFiles/beam28777_new202602/wvf_applyCut_removeBeam/wvfFind_event5267_trackID0_opNum4.root
[COPY] event=52699, trackID=13, T0=0.15962 -> /Volumes/ssd_zhang/thesis_michel/server_processing/t0_rootFiles/beam28777_new202602/wvf_applyCut_removeBeam/wvfFind_event52699_trackID13_opNum9.root
[COPY] event=52718, trackID=9, T0=-0.952281 -> /Volumes/ssd_zhang/thesis_michel/server_processing/t0_rootFiles/beam28777_new202602/wvf_applyCut_removeBeam/wvfFind_event52718_trackID9_opNum3.root
[COPY] event=52718, trackID=9, T0=-0.952281 -> /Volumes/ssd_zhang/thesis_michel/server_processing/t0_rootFiles/beam28777_new202602/wvf_applyCut_removeBeam/wvfFind_event52718_trackID9_opNum3_2.root
[COPY] event=52724, trackID=14, T0=-2.19596 -> /Volumes/ssd_zhang/thesis_michel/server_processing/t0_rootFiles/beam28777_new202602/wvf_applyCut_removeBeam/wvfFind_event52724_trackID14_opNum9.root
[COPY] event=52758, trackID=6, T0=0.0814177 -> /Volumes/ssd_zhang/thesis_michel/server_processing/t0_rootFiles/beam28777_new202602/wvf_applyCut_removeBeam/wvfFind_event52758_trackID6_opNum7.root
[COPY] event=52764, trackID=0, T0=-1.13221 -> /Volumes/ssd_zhang/thesis_michel/server_processing/t0_rootFiles/beam28777_new202602/wvf_applyCut_removeBeam/wvfFind_event52764_trackID0_opNum5.root
[COPY] event=52764, trackID=0, T0=-1.13221 -> /Volumes/ssd_zhang/thesis_michel/server_processing/t0_rootFiles/beam28777_new202602/wvf_applyCut_removeBeam/wvfFind_event52764_trackID0_opNum5_2.root
[COPY] event=52775, trackID=20, T0=-0.62426 -> /Volumes/ssd_zhang/thesis_michel/server_processing/t0_rootFiles/beam28777_new202602/wvf_applyCut_removeBeam/wvfFind_event52775_trackID20_opNum5_merged.root
[COPY] event=52777, trackID=10, T0=0.140665 -> /Volumes/ssd_zhang/thesis_michel/server_processing/t0_rootFiles/beam28777_new202602/wvf_applyCut_removeBeam/wvfFind_event52777_trackID10_opNum9.root
[COPY] event=5277, trackID=10, T0=-1.59555 -> /Volumes/ssd_zhang/thesis_michel/server_processing/t0_rootFiles/beam28777_new202602/wvf_applyCut_removeBeam/wvfFind_event5277_trackID10_opNum9_merged.root
[COPY] event=52780, trackID=6, T0=-0.902507 -> /Volumes/ssd_zhang/thesis_michel/server_processing/t0_rootFiles/beam28777_new202602/wvf_applyCut_removeBeam/wvfFind_event52780_trackID6_opNum5.root
[SKIP] (in range) event=52791, trackID=12, T0=-0.0709814
[COPY] event=5280, trackID=7, T0=0.309094 -> /Volumes/ssd_zhang/thesis_michel/server_processing/t0_rootFiles/beam28777_new202602/wvf_applyCut_removeBeam/wvfFind_event5280_trackID7_opNum6.root
[COPY] event=5280, trackID=7, T0=0.309094 -> /Volumes/ssd_zhang/thesis_michel/server_processing/t0_rootFiles/beam28777_new202602/wvf_applyCut_removeBeam/wvfFind_event5280_trackID7_opNum6_2.root
[COPY] event=5280, trackID=7, T0=0.309094 -> /Volumes/ssd_zhang/thesis_michel/server_processing/t0_rootFiles/beam28777_new202602/wvf_applyCut_removeBeam/wvfFind_event5280_trackID7_opNum6_3.root
[COPY] event=52811, trackID=0, T0=-0.16752 -> /Volumes/ssd_zhang/thesis_michel/server_processing/t0_rootFiles/beam28777_new202602/wvf_applyCut_removeBeam/wvfFind_event52811_trackID0_opNum9.root
[COPY] event=52843, trackID=7, T0=0.0620676 -> /Volumes/ssd_zhang/thesis_michel/server_processing/t0_rootFiles/beam28777_new202602/wvf_applyCut_removeBeam/wvfFind_event52843_trackID7_opNum5.root
[COPY] event=52873, trackID=11, T0=-2.13666 -> /Volumes/ssd_zhang/thesis_michel/server_processing/t0_rootFiles/beam28777_new202602/wvf_applyCut_removeBeam/wvfFind_event52873_trackID11_opNum3.root
[COPY] event=52877, trackID=1, T0=-0.49122 -> /Volumes/ssd_zhang/thesis_michel/server_processing/t0_rootFiles/beam28777_new202602/wvf_applyCut_removeBeam/wvfFind_event52877_trackID1_opNum9.root
[COPY] event=52878, trackID=3, T0=-0.737913 -> /Volumes/ssd_zhang/thesis_michel/server_processing/t0_rootFiles/beam28777_new202602/wvf_applyCut_removeBeam/wvfFind_event52878_trackID3_opNum5.root
[COPY] event=52878, trackID=3, T0=-0.737913 -> /Volumes/ssd_zhang/thesis_michel/server_processing/t0_rootFiles/beam28777_new202602/wvf_applyCut_removeBeam/wvfFind_event52878_trackID3_opNum5_2.root
[COPY] event=52884, trackID=1, T0=-0.799339 -> /Volumes/ssd_zhang/thesis_michel/server_processing/t0_rootFiles/beam28777_new202602/wvf_applyCut_removeBeam/wvfFind_event52884_trackID1_opNum5.root
[COPY] event=52889, trackID=9, T0=-1.14817 -> /Volumes/ssd_zhang/thesis_michel/server_processing/t0_rootFiles/beam28777_new202602/wvf_applyCut_removeBeam/wvfFind_event52889_trackID9_opNum3.root
[COPY] event=52889, trackID=9, T0=-1.14817 -> /Volumes/ssd_zhang/thesis_michel/server_processing/t0_rootFiles/beam28777_new202602/wvf_applyCut_removeBeam/wvfFind_event52889_trackID9_opNum3_2.root
[COPY] event=52891, trackID=15, T0=-1.03633 -> /Volumes/ssd_zhang/thesis_michel/server_processing/t0_rootFiles/beam28777_new202602/wvf_applyCut_removeBeam/wvfFind_event52891_trackID15_opNum9.root
[COPY] event=52928, trackID=15, T0=-1.87375 -> /Volumes/ssd_zhang/thesis_michel/server_processing/t0_rootFiles/beam28777_new202602/wvf_applyCut_removeBeam/wvfFind_event52928_trackID15_opNum5.root
[COPY] event=52928, trackID=6, T0=-0.46383 -> /Volumes/ssd_zhang/thesis_michel/server_processing/t0_rootFiles/beam28777_new202602/wvf_applyCut_removeBeam/wvfFind_event52928_trackID6_opNum8.root
[COPY] event=52933, trackID=2, T0=-1.10757 -> /Volumes/ssd_zhang/thesis_michel/server_processing/t0_rootFiles/beam28777_new202602/wvf_applyCut_removeBeam/wvfFind_event52933_trackID2_opNum4.root
[COPY] event=52937, trackID=2, T0=-1.03266 -> /Volumes/ssd_zhang/thesis_michel/server_processing/t0_rootFiles/beam28777_new202602/wvf_applyCut_removeBeam/wvfFind_event52937_trackID2_opNum5.root
[COPY] event=52945, trackID=10, T0=2.13556 -> /Volumes/ssd_zhang/thesis_michel/server_processing/t0_rootFiles/beam28777_new202602/wvf_applyCut_removeBeam/wvfFind_event52945_trackID10_opNum8.root
[COPY] event=52946, trackID=17, T0=-2.05547 -> /Volumes/ssd_zhang/thesis_michel/server_processing/t0_rootFiles/beam28777_new202602/wvf_applyCut_removeBeam/wvfFind_event52946_trackID17_opNum8.root
[COPY] event=52965, trackID=19, T0=-0.788768 -> /Volumes/ssd_zhang/thesis_michel/server_processing/t0_rootFiles/beam28777_new202602/wvf_applyCut_removeBeam/wvfFind_event52965_trackID19_opNum6.root
[COPY] event=52970, trackID=11, T0=-1.99889 -> /Volumes/ssd_zhang/thesis_michel/server_processing/t0_rootFiles/beam28777_new202602/wvf_applyCut_removeBeam/wvfFind_event52970_trackID11_opNum4.root
[COPY] event=52980, trackID=18, T0=-2.30699 -> /Volumes/ssd_zhang/thesis_michel/server_processing/t0_rootFiles/beam28777_new202602/wvf_applyCut_removeBeam/wvfFind_event52980_trackID18_opNum6.root
[COPY] event=52984, trackID=3, T0=-1.3773 -> /Volumes/ssd_zhang/thesis_michel/server_processing/t0_rootFiles/beam28777_new202602/wvf_applyCut_removeBeam/wvfFind_event52984_trackID3_opNum3.root
[COPY] event=53008, trackID=21, T0=-1.40428 -> /Volumes/ssd_zhang/thesis_michel/server_processing/t0_rootFiles/beam28777_new202602/wvf_applyCut_removeBeam/wvfFind_event53008_trackID21_opNum9.root
[COPY] event=53008, trackID=9, T0=0.256966 -> /Volumes/ssd_zhang/thesis_michel/server_processing/t0_rootFiles/beam28777_new202602/wvf_applyCut_removeBeam/wvfFind_event53008_trackID9_opNum4_merged.root
[COPY] event=53010, trackID=11, T0=0.181193 -> /Volumes/ssd_zhang/thesis_michel/server_processing/t0_rootFiles/beam28777_new202602/wvf_applyCut_removeBeam/wvfFind_event53010_trackID11_opNum9.root
[COPY] event=53013, trackID=1, T0=-1.70552 -> /Volumes/ssd_zhang/thesis_michel/server_processing/t0_rootFiles/beam28777_new202602/wvf_applyCut_removeBeam/wvfFind_event53013_trackID1_opNum4.root
[COPY] event=53043, trackID=9, T0=-1.90682 -> /Volumes/ssd_zhang/thesis_michel/server_processing/t0_rootFiles/beam28777_new202602/wvf_applyCut_removeBeam/wvfFind_event53043_trackID9_opNum9.root
[COPY] event=53059, trackID=6, T0=0.10596 -> /Volumes/ssd_zhang/thesis_michel/server_processing/t0_rootFiles/beam28777_new202602/wvf_applyCut_removeBeam/wvfFind_event53059_trackID6_opNum8_merged.root
[COPY] event=53062, trackID=4, T0=0.30859 -> /Volumes/ssd_zhang/thesis_michel/server_processing/t0_rootFiles/beam28777_new202602/wvf_applyCut_removeBeam/wvfFind_event53062_trackID4_opNum4.root
[COPY] event=5306, trackID=6, T0=-1.14148 -> /Volumes/ssd_zhang/thesis_michel/server_processing/t0_rootFiles/beam28777_new202602/wvf_applyCut_removeBeam/wvfFind_event5306_trackID6_opNum6.root
[COPY] event=53084, trackID=13, T0=-1.21166 -> /Volumes/ssd_zhang/thesis_michel/server_processing/t0_rootFiles/beam28777_new202602/wvf_applyCut_removeBeam/wvfFind_event53084_trackID13_opNum7_merged.root
[COPY] event=53089, trackID=12, T0=-1.75776 -> /Volumes/ssd_zhang/thesis_michel/server_processing/t0_rootFiles/beam28777_new202602/wvf_applyCut_removeBeam/wvfFind_event53089_trackID12_opNum5_merged.root
[COPY] event=53092, trackID=6, T0=-0.827339 -> /Volumes/ssd_zhang/thesis_michel/server_processing/t0_rootFiles/beam28777_new202602/wvf_applyCut_removeBeam/wvfFind_event53092_trackID6_opNum4.root
[COPY] event=53093, trackID=1, T0=0.110349 -> /Volumes/ssd_zhang/thesis_michel/server_processing/t0_rootFiles/beam28777_new202602/wvf_applyCut_removeBeam/wvfFind_event53093_trackID1_opNum5.root
[COPY] event=530, trackID=4, T0=-0.0205082 -> /Volumes/ssd_zhang/thesis_michel/server_processing/t0_rootFiles/beam28777_new202602/wvf_applyCut_removeBeam/wvfFind_event530_trackID4_opNum5_merged.root
[COPY] event=53130, trackID=5, T0=0.0382718 -> /Volumes/ssd_zhang/thesis_michel/server_processing/t0_rootFiles/beam28777_new202602/wvf_applyCut_removeBeam/wvfFind_event53130_trackID5_opNum9.root
[COPY] event=53137, trackID=12, T0=-0.38411 -> /Volumes/ssd_zhang/thesis_michel/server_processing/t0_rootFiles/beam28777_new202602/wvf_applyCut_removeBeam/wvfFind_event53137_trackID12_opNum7.root
[COPY] event=53138, trackID=8, T0=-1.88148 -> /Volumes/ssd_zhang/thesis_michel/server_processing/t0_rootFiles/beam28777_new202602/wvf_applyCut_removeBeam/wvfFind_event53138_trackID8_opNum4.root
[COPY] event=5314, trackID=7, T0=0.440321 -> /Volumes/ssd_zhang/thesis_michel/server_processing/t0_rootFiles/beam28777_new202602/wvf_applyCut_removeBeam/wvfFind_event5314_trackID7_opNum8.root
[COPY] event=53151, trackID=3, T0=0.304482 -> /Volumes/ssd_zhang/thesis_michel/server_processing/t0_rootFiles/beam28777_new202602/wvf_applyCut_removeBeam/wvfFind_event53151_trackID3_opNum4.root
[COPY] event=53151, trackID=3, T0=0.304482 -> /Volumes/ssd_zhang/thesis_michel/server_processing/t0_rootFiles/beam28777_new202602/wvf_applyCut_removeBeam/wvfFind_event53151_trackID3_opNum4_2.root
[COPY] event=53153, trackID=9, T0=-0.970864 -> /Volumes/ssd_zhang/thesis_michel/server_processing/t0_rootFiles/beam28777_new202602/wvf_applyCut_removeBeam/wvfFind_event53153_trackID9_opNum9.root
[COPY] event=5315, trackID=9, T0=-1.53582 -> /Volumes/ssd_zhang/thesis_michel/server_processing/t0_rootFiles/beam28777_new202602/wvf_applyCut_removeBeam/wvfFind_event5315_trackID9_opNum3_merged.root
[SKIP] (in range) event=53162, trackID=0, T0=-0.0928788
[COPY] event=53167, trackID=8, T0=0.341295 -> /Volumes/ssd_zhang/thesis_michel/server_processing/t0_rootFiles/beam28777_new202602/wvf_applyCut_removeBeam/wvfFind_event53167_trackID8_opNum3.root
[COPY] event=53167, trackID=8, T0=0.341295 -> /Volumes/ssd_zhang/thesis_michel/server_processing/t0_rootFiles/beam28777_new202602/wvf_applyCut_removeBeam/wvfFind_event53167_trackID8_opNum3_2.root
[COPY] event=53181, trackID=20, T0=-2.21517 -> /Volumes/ssd_zhang/thesis_michel/server_processing/t0_rootFiles/beam28777_new202602/wvf_applyCut_removeBeam/wvfFind_event53181_trackID20_opNum5.root
[COPY] event=53181, trackID=20, T0=-2.21517 -> /Volumes/ssd_zhang/thesis_michel/server_processing/t0_rootFiles/beam28777_new202602/wvf_applyCut_removeBeam/wvfFind_event53181_trackID20_opNum5_2.root
[COPY] event=53209, trackID=2, T0=-0.219017 -> /Volumes/ssd_zhang/thesis_michel/server_processing/t0_rootFiles/beam28777_new202602/wvf_applyCut_removeBeam/wvfFind_event53209_trackID2_opNum4.root
[COPY] event=53233, trackID=4, T0=-0.263393 -> /Volumes/ssd_zhang/thesis_michel/server_processing/t0_rootFiles/beam28777_new202602/wvf_applyCut_removeBeam/wvfFind_event53233_trackID4_opNum6.root
[COPY] event=53234, trackID=24, T0=-1.94306 -> /Volumes/ssd_zhang/thesis_michel/server_processing/t0_rootFiles/beam28777_new202602/wvf_applyCut_removeBeam/wvfFind_event53234_trackID24_opNum4.root
[SKIP] (in range) event=5324, trackID=1, T0=-0.117164
[SKIP] (in range) event=5324, trackID=1, T0=-0.117164
[COPY] event=53276, trackID=3, T0=-0.405066 -> /Volumes/ssd_zhang/thesis_michel/server_processing/t0_rootFiles/beam28777_new202602/wvf_applyCut_removeBeam/wvfFind_event53276_trackID3_opNum4.root
[COPY] event=53291, trackID=3, T0=-0.62756 -> /Volumes/ssd_zhang/thesis_michel/server_processing/t0_rootFiles/beam28777_new202602/wvf_applyCut_removeBeam/wvfFind_event53291_trackID3_opNum3.root
[COPY] event=53296, trackID=12, T0=-2.17312 -> /Volumes/ssd_zhang/thesis_michel/server_processing/t0_rootFiles/beam28777_new202602/wvf_applyCut_removeBeam/wvfFind_event53296_trackID12_opNum5.root
[COPY] event=53317, trackID=3, T0=-0.657347 -> /Volumes/ssd_zhang/thesis_michel/server_processing/t0_rootFiles/beam28777_new202602/wvf_applyCut_removeBeam/wvfFind_event53317_trackID3_opNum7.root
[COPY] event=53338, trackID=13, T0=-2.32818 -> /Volumes/ssd_zhang/thesis_michel/server_processing/t0_rootFiles/beam28777_new202602/wvf_applyCut_removeBeam/wvfFind_event53338_trackID13_opNum3.root
[COPY] event=53340, trackID=10, T0=-0.241828 -> /Volumes/ssd_zhang/thesis_michel/server_processing/t0_rootFiles/beam28777_new202602/wvf_applyCut_removeBeam/wvfFind_event53340_trackID10_opNum9.root
[COPY] event=53342, trackID=2, T0=-0.322824 -> /Volumes/ssd_zhang/thesis_michel/server_processing/t0_rootFiles/beam28777_new202602/wvf_applyCut_removeBeam/wvfFind_event53342_trackID2_opNum3.root
[COPY] event=53351, trackID=1, T0=-1.45821 -> /Volumes/ssd_zhang/thesis_michel/server_processing/t0_rootFiles/beam28777_new202602/wvf_applyCut_removeBeam/wvfFind_event53351_trackID1_opNum4.root
[COPY] event=53356, trackID=9, T0=-0.265272 -> /Volumes/ssd_zhang/thesis_michel/server_processing/t0_rootFiles/beam28777_new202602/wvf_applyCut_removeBeam/wvfFind_event53356_trackID9_opNum9_merged.root
[COPY] event=53361, trackID=5, T0=-1.2416 -> /Volumes/ssd_zhang/thesis_michel/server_processing/t0_rootFiles/beam28777_new202602/wvf_applyCut_removeBeam/wvfFind_event53361_trackID5_opNum4.root
[COPY] event=53369, trackID=7, T0=0.395483 -> /Volumes/ssd_zhang/thesis_michel/server_processing/t0_rootFiles/beam28777_new202602/wvf_applyCut_removeBeam/wvfFind_event53369_trackID7_opNum9.root
[COPY] event=53390, trackID=13, T0=-0.386281 -> /Volumes/ssd_zhang/thesis_michel/server_processing/t0_rootFiles/beam28777_new202602/wvf_applyCut_removeBeam/wvfFind_event53390_trackID13_opNum3.root
[COPY] event=53394, trackID=7, T0=0.249915 -> /Volumes/ssd_zhang/thesis_michel/server_processing/t0_rootFiles/beam28777_new202602/wvf_applyCut_removeBeam/wvfFind_event53394_trackID7_opNum9.root
[COPY] event=53433, trackID=18, T0=-0.921887 -> /Volumes/ssd_zhang/thesis_michel/server_processing/t0_rootFiles/beam28777_new202602/wvf_applyCut_removeBeam/wvfFind_event53433_trackID18_opNum8.root
[COPY] event=5343, trackID=7, T0=-1.57477 -> /Volumes/ssd_zhang/thesis_michel/server_processing/t0_rootFiles/beam28777_new202602/wvf_applyCut_removeBeam/wvfFind_event5343_trackID7_opNum5.root
[COPY] event=53477, trackID=0, T0=-0.87792 -> /Volumes/ssd_zhang/thesis_michel/server_processing/t0_rootFiles/beam28777_new202602/wvf_applyCut_removeBeam/wvfFind_event53477_trackID0_opNum9.root
[COPY] event=53477, trackID=0, T0=-0.87792 -> /Volumes/ssd_zhang/thesis_michel/server_processing/t0_rootFiles/beam28777_new202602/wvf_applyCut_removeBeam/wvfFind_event53477_trackID0_opNum9_2.root
[COPY] event=53520, trackID=4, T0=-1.59666 -> /Volumes/ssd_zhang/thesis_michel/server_processing/t0_rootFiles/beam28777_new202602/wvf_applyCut_removeBeam/wvfFind_event53520_trackID4_opNum9.root
[COPY] event=53521, trackID=5, T0=-0.581587 -> /Volumes/ssd_zhang/thesis_michel/server_processing/t0_rootFiles/beam28777_new202602/wvf_applyCut_removeBeam/wvfFind_event53521_trackID5_opNum3.root
[COPY] event=53533, trackID=4, T0=-0.927406 -> /Volumes/ssd_zhang/thesis_michel/server_processing/t0_rootFiles/beam28777_new202602/wvf_applyCut_removeBeam/wvfFind_event53533_trackID4_opNum7_merged.root
[COPY] event=53553, trackID=6, T0=0.0129426 -> /Volumes/ssd_zhang/thesis_michel/server_processing/t0_rootFiles/beam28777_new202602/wvf_applyCut_removeBeam/wvfFind_event53553_trackID6_opNum3.root
[COPY] event=53555, trackID=7, T0=0.35384 -> /Volumes/ssd_zhang/thesis_michel/server_processing/t0_rootFiles/beam28777_new202602/wvf_applyCut_removeBeam/wvfFind_event53555_trackID7_opNum9_merged.root
[COPY] event=53569, trackID=15, T0=0.0736968 -> /Volumes/ssd_zhang/thesis_michel/server_processing/t0_rootFiles/beam28777_new202602/wvf_applyCut_removeBeam/wvfFind_event53569_trackID15_opNum9.root
[COPY] event=53580, trackID=4, T0=-2.13911 -> /Volumes/ssd_zhang/thesis_michel/server_processing/t0_rootFiles/beam28777_new202602/wvf_applyCut_removeBeam/wvfFind_event53580_trackID4_opNum8_merged.root
[COPY] event=53584, trackID=11, T0=-0.221569 -> /Volumes/ssd_zhang/thesis_michel/server_processing/t0_rootFiles/beam28777_new202602/wvf_applyCut_removeBeam/wvfFind_event53584_trackID11_opNum5.root
[COPY] event=53591, trackID=1, T0=-0.823433 -> /Volumes/ssd_zhang/thesis_michel/server_processing/t0_rootFiles/beam28777_new202602/wvf_applyCut_removeBeam/wvfFind_event53591_trackID1_opNum9.root
[COPY] event=53599, trackID=5, T0=-2.26851 -> /Volumes/ssd_zhang/thesis_michel/server_processing/t0_rootFiles/beam28777_new202602/wvf_applyCut_removeBeam/wvfFind_event53599_trackID5_opNum9.root
[COPY] event=53619, trackID=13, T0=-0.324826 -> /Volumes/ssd_zhang/thesis_michel/server_processing/t0_rootFiles/beam28777_new202602/wvf_applyCut_removeBeam/wvfFind_event53619_trackID13_opNum8.root
[COPY] event=53638, trackID=22, T0=-2.32135 -> /Volumes/ssd_zhang/thesis_michel/server_processing/t0_rootFiles/beam28777_new202602/wvf_applyCut_removeBeam/wvfFind_event53638_trackID22_opNum9.root
[COPY] event=53641, trackID=9, T0=-2.15923 -> /Volumes/ssd_zhang/thesis_michel/server_processing/t0_rootFiles/beam28777_new202602/wvf_applyCut_removeBeam/wvfFind_event53641_trackID9_opNum3.root
[COPY] event=53647, trackID=12, T0=-0.46217 -> /Volumes/ssd_zhang/thesis_michel/server_processing/t0_rootFiles/beam28777_new202602/wvf_applyCut_removeBeam/wvfFind_event53647_trackID12_opNum9.root
[COPY] event=53675, trackID=3, T0=-0.431008 -> /Volumes/ssd_zhang/thesis_michel/server_processing/t0_rootFiles/beam28777_new202602/wvf_applyCut_removeBeam/wvfFind_event53675_trackID3_opNum8.root
[COPY] event=53711, trackID=11, T0=2.41353 -> /Volumes/ssd_zhang/thesis_michel/server_processing/t0_rootFiles/beam28777_new202602/wvf_applyCut_removeBeam/wvfFind_event53711_trackID11_opNum9.root
[COPY] event=53711, trackID=11, T0=2.41353 -> /Volumes/ssd_zhang/thesis_michel/server_processing/t0_rootFiles/beam28777_new202602/wvf_applyCut_removeBeam/wvfFind_event53711_trackID11_opNum9_2.root
[COPY] event=53721, trackID=13, T0=-0.17343 -> /Volumes/ssd_zhang/thesis_michel/server_processing/t0_rootFiles/beam28777_new202602/wvf_applyCut_removeBeam/wvfFind_event53721_trackID13_opNum6.root
[COPY] event=53723, trackID=5, T0=-0.959211 -> /Volumes/ssd_zhang/thesis_michel/server_processing/t0_rootFiles/beam28777_new202602/wvf_applyCut_removeBeam/wvfFind_event53723_trackID5_opNum6_merged.root
[COPY] event=53725, trackID=16, T0=-2.28316 -> /Volumes/ssd_zhang/thesis_michel/server_processing/t0_rootFiles/beam28777_new202602/wvf_applyCut_removeBeam/wvfFind_event53725_trackID16_opNum9.root
[COPY] event=53753, trackID=16, T0=-1.59604 -> /Volumes/ssd_zhang/thesis_michel/server_processing/t0_rootFiles/beam28777_new202602/wvf_applyCut_removeBeam/wvfFind_event53753_trackID16_opNum8.root
[COPY] event=53760, trackID=23, T0=0.296788 -> /Volumes/ssd_zhang/thesis_michel/server_processing/t0_rootFiles/beam28777_new202602/wvf_applyCut_removeBeam/wvfFind_event53760_trackID23_opNum5_merged.root
[COPY] event=53781, trackID=1, T0=-0.180497 -> /Volumes/ssd_zhang/thesis_michel/server_processing/t0_rootFiles/beam28777_new202602/wvf_applyCut_removeBeam/wvfFind_event53781_trackID1_opNum9.root
[COPY] event=5378, trackID=11, T0=0.0720108 -> /Volumes/ssd_zhang/thesis_michel/server_processing/t0_rootFiles/beam28777_new202602/wvf_applyCut_removeBeam/wvfFind_event5378_trackID11_opNum8_merged.root
[COPY] event=53792, trackID=11, T0=-1.31218 -> /Volumes/ssd_zhang/thesis_michel/server_processing/t0_rootFiles/beam28777_new202602/wvf_applyCut_removeBeam/wvfFind_event53792_trackID11_opNum8.root
[COPY] event=53798, trackID=8, T0=-1.84933 -> /Volumes/ssd_zhang/thesis_michel/server_processing/t0_rootFiles/beam28777_new202602/wvf_applyCut_removeBeam/wvfFind_event53798_trackID8_opNum4.root
[COPY] event=53805, trackID=6, T0=-0.55326 -> /Volumes/ssd_zhang/thesis_michel/server_processing/t0_rootFiles/beam28777_new202602/wvf_applyCut_removeBeam/wvfFind_event53805_trackID6_opNum7_merged.root
[COPY] event=53819, trackID=2, T0=-0.531883 -> /Volumes/ssd_zhang/thesis_michel/server_processing/t0_rootFiles/beam28777_new202602/wvf_applyCut_removeBeam/wvfFind_event53819_trackID2_opNum9.root
[COPY] event=53819, trackID=2, T0=-0.531883 -> /Volumes/ssd_zhang/thesis_michel/server_processing/t0_rootFiles/beam28777_new202602/wvf_applyCut_removeBeam/wvfFind_event53819_trackID2_opNum9_2.root
[COPY] event=53824, trackID=8, T0=-0.269211 -> /Volumes/ssd_zhang/thesis_michel/server_processing/t0_rootFiles/beam28777_new202602/wvf_applyCut_removeBeam/wvfFind_event53824_trackID8_opNum5.root
[COPY] event=53827, trackID=15, T0=0.298041 -> /Volumes/ssd_zhang/thesis_michel/server_processing/t0_rootFiles/beam28777_new202602/wvf_applyCut_removeBeam/wvfFind_event53827_trackID15_opNum8.root
[COPY] event=53831, trackID=9, T0=-0.813452 -> /Volumes/ssd_zhang/thesis_michel/server_processing/t0_rootFiles/beam28777_new202602/wvf_applyCut_removeBeam/wvfFind_event53831_trackID9_opNum9.root
[COPY] event=53841, trackID=1, T0=-0.534766 -> /Volumes/ssd_zhang/thesis_michel/server_processing/t0_rootFiles/beam28777_new202602/wvf_applyCut_removeBeam/wvfFind_event53841_trackID1_opNum5.root
[COPY] event=53841, trackID=4, T0=-1.78054 -> /Volumes/ssd_zhang/thesis_michel/server_processing/t0_rootFiles/beam28777_new202602/wvf_applyCut_removeBeam/wvfFind_event53841_trackID4_opNum8.root
[COPY] event=53863, trackID=2, T0=-1.13803 -> /Volumes/ssd_zhang/thesis_michel/server_processing/t0_rootFiles/beam28777_new202602/wvf_applyCut_removeBeam/wvfFind_event53863_trackID2_opNum5.root
[COPY] event=53867, trackID=10, T0=-2.12502 -> /Volumes/ssd_zhang/thesis_michel/server_processing/t0_rootFiles/beam28777_new202602/wvf_applyCut_removeBeam/wvfFind_event53867_trackID10_opNum9.root
[COPY] event=53889, trackID=15, T0=-2.21659 -> /Volumes/ssd_zhang/thesis_michel/server_processing/t0_rootFiles/beam28777_new202602/wvf_applyCut_removeBeam/wvfFind_event53889_trackID15_opNum8.root
[SKIP] (in range) event=53901, trackID=3, T0=-0.0696651
[SKIP] (in range) event=53901, trackID=3, T0=-0.0696651
[COPY] event=53904, trackID=13, T0=-0.233878 -> /Volumes/ssd_zhang/thesis_michel/server_processing/t0_rootFiles/beam28777_new202602/wvf_applyCut_removeBeam/wvfFind_event53904_trackID13_opNum9.root
[COPY] event=53917, trackID=24, T0=-1.78305 -> /Volumes/ssd_zhang/thesis_michel/server_processing/t0_rootFiles/beam28777_new202602/wvf_applyCut_removeBeam/wvfFind_event53917_trackID24_opNum6.root
[COPY] event=53917, trackID=24, T0=-1.78305 -> /Volumes/ssd_zhang/thesis_michel/server_processing/t0_rootFiles/beam28777_new202602/wvf_applyCut_removeBeam/wvfFind_event53917_trackID24_opNum6_2.root
[COPY] event=53964, trackID=18, T0=-0.936105 -> /Volumes/ssd_zhang/thesis_michel/server_processing/t0_rootFiles/beam28777_new202602/wvf_applyCut_removeBeam/wvfFind_event53964_trackID18_opNum6.root
[SKIP] (in range) event=53965, trackID=1, T0=-0.0791998
[COPY] event=53996, trackID=2, T0=-2.1666 -> /Volumes/ssd_zhang/thesis_michel/server_processing/t0_rootFiles/beam28777_new202602/wvf_applyCut_removeBeam/wvfFind_event53996_trackID2_opNum8.root
[COPY] event=53997, trackID=8, T0=-0.566439 -> /Volumes/ssd_zhang/thesis_michel/server_processing/t0_rootFiles/beam28777_new202602/wvf_applyCut_removeBeam/wvfFind_event53997_trackID8_opNum5.root
[COPY] event=54010, trackID=6, T0=-2.06128 -> /Volumes/ssd_zhang/thesis_michel/server_processing/t0_rootFiles/beam28777_new202602/wvf_applyCut_removeBeam/wvfFind_event54010_trackID6_opNum9.root
[COPY] event=54015, trackID=4, T0=-0.282585 -> /Volumes/ssd_zhang/thesis_michel/server_processing/t0_rootFiles/beam28777_new202602/wvf_applyCut_removeBeam/wvfFind_event54015_trackID4_opNum4.root
[COPY] event=54027, trackID=16, T0=0.455823 -> /Volumes/ssd_zhang/thesis_michel/server_processing/t0_rootFiles/beam28777_new202602/wvf_applyCut_removeBeam/wvfFind_event54027_trackID16_opNum9.root
[COPY] event=54055, trackID=37, T0=0.00536559 -> /Volumes/ssd_zhang/thesis_michel/server_processing/t0_rootFiles/beam28777_new202602/wvf_applyCut_removeBeam/wvfFind_event54055_trackID37_opNum9_merged.root
[COPY] event=54065, trackID=4, T0=0.406295 -> /Volumes/ssd_zhang/thesis_michel/server_processing/t0_rootFiles/beam28777_new202602/wvf_applyCut_removeBeam/wvfFind_event54065_trackID4_opNum9.root
[COPY] event=54065, trackID=4, T0=0.406295 -> /Volumes/ssd_zhang/thesis_michel/server_processing/t0_rootFiles/beam28777_new202602/wvf_applyCut_removeBeam/wvfFind_event54065_trackID4_opNum9_2.root
[COPY] event=54066, trackID=2, T0=-1.56196 -> /Volumes/ssd_zhang/thesis_michel/server_processing/t0_rootFiles/beam28777_new202602/wvf_applyCut_removeBeam/wvfFind_event54066_trackID2_opNum8.root
[COPY] event=5406, trackID=20, T0=0.421355 -> /Volumes/ssd_zhang/thesis_michel/server_processing/t0_rootFiles/beam28777_new202602/wvf_applyCut_removeBeam/wvfFind_event5406_trackID20_opNum3.root
[SKIP] (in range) event=54074, trackID=17, T0=-0.0720439
[COPY] event=54078, trackID=16, T0=-1.66916 -> /Volumes/ssd_zhang/thesis_michel/server_processing/t0_rootFiles/beam28777_new202602/wvf_applyCut_removeBeam/wvfFind_event54078_trackID16_opNum6.root
[COPY] event=54078, trackID=16, T0=-1.66916 -> /Volumes/ssd_zhang/thesis_michel/server_processing/t0_rootFiles/beam28777_new202602/wvf_applyCut_removeBeam/wvfFind_event54078_trackID16_opNum6_2.root
[COPY] event=54082, trackID=21, T0=-2.1164 -> /Volumes/ssd_zhang/thesis_michel/server_processing/t0_rootFiles/beam28777_new202602/wvf_applyCut_removeBeam/wvfFind_event54082_trackID21_opNum6.root
[COPY] event=54093, trackID=2, T0=-0.378381 -> /Volumes/ssd_zhang/thesis_michel/server_processing/t0_rootFiles/beam28777_new202602/wvf_applyCut_removeBeam/wvfFind_event54093_trackID2_opNum4.root
[COPY] event=54095, trackID=12, T0=-1.75124 -> /Volumes/ssd_zhang/thesis_michel/server_processing/t0_rootFiles/beam28777_new202602/wvf_applyCut_removeBeam/wvfFind_event54095_trackID12_opNum9.root
[COPY] event=54095, trackID=12, T0=-1.75124 -> /Volumes/ssd_zhang/thesis_michel/server_processing/t0_rootFiles/beam28777_new202602/wvf_applyCut_removeBeam/wvfFind_event54095_trackID12_opNum9_2.root
[COPY] event=54096, trackID=14, T0=-1.45651 -> /Volumes/ssd_zhang/thesis_michel/server_processing/t0_rootFiles/beam28777_new202602/wvf_applyCut_removeBeam/wvfFind_event54096_trackID14_opNum5_merged.root
[COPY] event=54099, trackID=4, T0=0.178487 -> /Volumes/ssd_zhang/thesis_michel/server_processing/t0_rootFiles/beam28777_new202602/wvf_applyCut_removeBeam/wvfFind_event54099_trackID4_opNum6.root
[COPY] event=54103, trackID=9, T0=-0.181909 -> /Volumes/ssd_zhang/thesis_michel/server_processing/t0_rootFiles/beam28777_new202602/wvf_applyCut_removeBeam/wvfFind_event54103_trackID9_opNum9.root
[COPY] event=54136, trackID=1, T0=0.376337 -> /Volumes/ssd_zhang/thesis_michel/server_processing/t0_rootFiles/beam28777_new202602/wvf_applyCut_removeBeam/wvfFind_event54136_trackID1_opNum4.root
[COPY] event=54136, trackID=1, T0=0.376337 -> /Volumes/ssd_zhang/thesis_michel/server_processing/t0_rootFiles/beam28777_new202602/wvf_applyCut_removeBeam/wvfFind_event54136_trackID1_opNum4_2.root
[COPY] event=5414, trackID=9, T0=-1.81398 -> /Volumes/ssd_zhang/thesis_michel/server_processing/t0_rootFiles/beam28777_new202602/wvf_applyCut_removeBeam/wvfFind_event5414_trackID9_opNum7_merged.root
[SKIP] (in range) event=54156, trackID=4, T0=-0.0460024
[COPY] event=54169, trackID=2, T0=-0.280155 -> /Volumes/ssd_zhang/thesis_michel/server_processing/t0_rootFiles/beam28777_new202602/wvf_applyCut_removeBeam/wvfFind_event54169_trackID2_opNum5.root
[COPY] event=54180, trackID=7, T0=-0.344381 -> /Volumes/ssd_zhang/thesis_michel/server_processing/t0_rootFiles/beam28777_new202602/wvf_applyCut_removeBeam/wvfFind_event54180_trackID7_opNum5.root
[COPY] event=54208, trackID=6, T0=-0.760536 -> /Volumes/ssd_zhang/thesis_michel/server_processing/t0_rootFiles/beam28777_new202602/wvf_applyCut_removeBeam/wvfFind_event54208_trackID6_opNum5.root
[COPY] event=54208, trackID=6, T0=-0.760536 -> /Volumes/ssd_zhang/thesis_michel/server_processing/t0_rootFiles/beam28777_new202602/wvf_applyCut_removeBeam/wvfFind_event54208_trackID6_opNum5_2.root
[COPY] event=54236, trackID=2, T0=-0.1479 -> /Volumes/ssd_zhang/thesis_michel/server_processing/t0_rootFiles/beam28777_new202602/wvf_applyCut_removeBeam/wvfFind_event54236_trackID2_opNum4.root
[COPY] event=54239, trackID=13, T0=0.0712042 -> /Volumes/ssd_zhang/thesis_michel/server_processing/t0_rootFiles/beam28777_new202602/wvf_applyCut_removeBeam/wvfFind_event54239_trackID13_opNum8.root
[COPY] event=54243, trackID=3, T0=0.184189 -> /Volumes/ssd_zhang/thesis_michel/server_processing/t0_rootFiles/beam28777_new202602/wvf_applyCut_removeBeam/wvfFind_event54243_trackID3_opNum5.root
[COPY] event=54274, trackID=8, T0=-1.118 -> /Volumes/ssd_zhang/thesis_michel/server_processing/t0_rootFiles/beam28777_new202602/wvf_applyCut_removeBeam/wvfFind_event54274_trackID8_opNum4_merged.root
[COPY] event=54282, trackID=14, T0=-1.68761 -> /Volumes/ssd_zhang/thesis_michel/server_processing/t0_rootFiles/beam28777_new202602/wvf_applyCut_removeBeam/wvfFind_event54282_trackID14_opNum9.root
[COPY] event=54283, trackID=0, T0=-1.50178 -> /Volumes/ssd_zhang/thesis_michel/server_processing/t0_rootFiles/beam28777_new202602/wvf_applyCut_removeBeam/wvfFind_event54283_trackID0_opNum5.root
[COPY] event=54284, trackID=9, T0=-0.252551 -> /Volumes/ssd_zhang/thesis_michel/server_processing/t0_rootFiles/beam28777_new202602/wvf_applyCut_removeBeam/wvfFind_event54284_trackID9_opNum5.root
[COPY] event=54305, trackID=4, T0=-1.21071 -> /Volumes/ssd_zhang/thesis_michel/server_processing/t0_rootFiles/beam28777_new202602/wvf_applyCut_removeBeam/wvfFind_event54305_trackID4_opNum5.root
[COPY] event=54305, trackID=4, T0=-1.21071 -> /Volumes/ssd_zhang/thesis_michel/server_processing/t0_rootFiles/beam28777_new202602/wvf_applyCut_removeBeam/wvfFind_event54305_trackID4_opNum5_2.root
[COPY] event=54321, trackID=10, T0=-0.300017 -> /Volumes/ssd_zhang/thesis_michel/server_processing/t0_rootFiles/beam28777_new202602/wvf_applyCut_removeBeam/wvfFind_event54321_trackID10_opNum3.root
[COPY] event=54323, trackID=1, T0=-0.493739 -> /Volumes/ssd_zhang/thesis_michel/server_processing/t0_rootFiles/beam28777_new202602/wvf_applyCut_removeBeam/wvfFind_event54323_trackID1_opNum4_merged.root
[COPY] event=54336, trackID=2, T0=-0.3981 -> /Volumes/ssd_zhang/thesis_michel/server_processing/t0_rootFiles/beam28777_new202602/wvf_applyCut_removeBeam/wvfFind_event54336_trackID2_opNum7_merged.root
[COPY] event=54338, trackID=18, T0=-0.890095 -> /Volumes/ssd_zhang/thesis_michel/server_processing/t0_rootFiles/beam28777_new202602/wvf_applyCut_removeBeam/wvfFind_event54338_trackID18_opNum9.root
[COPY] event=54362, trackID=28, T0=-2.3168 -> /Volumes/ssd_zhang/thesis_michel/server_processing/t0_rootFiles/beam28777_new202602/wvf_applyCut_removeBeam/wvfFind_event54362_trackID28_opNum4.root
[COPY] event=54366, trackID=11, T0=0.442807 -> /Volumes/ssd_zhang/thesis_michel/server_processing/t0_rootFiles/beam28777_new202602/wvf_applyCut_removeBeam/wvfFind_event54366_trackID11_opNum8.root
[COPY] event=54390, trackID=28, T0=-1.18839 -> /Volumes/ssd_zhang/thesis_michel/server_processing/t0_rootFiles/beam28777_new202602/wvf_applyCut_removeBeam/wvfFind_event54390_trackID28_opNum8.root
[COPY] event=54394, trackID=22, T0=-1.55799 -> /Volumes/ssd_zhang/thesis_michel/server_processing/t0_rootFiles/beam28777_new202602/wvf_applyCut_removeBeam/wvfFind_event54394_trackID22_opNum6.root
[COPY] event=543, trackID=24, T0=-1.04418 -> /Volumes/ssd_zhang/thesis_michel/server_processing/t0_rootFiles/beam28777_new202602/wvf_applyCut_removeBeam/wvfFind_event543_trackID24_opNum9.root
[COPY] event=54401, trackID=11, T0=-1.75125 -> /Volumes/ssd_zhang/thesis_michel/server_processing/t0_rootFiles/beam28777_new202602/wvf_applyCut_removeBeam/wvfFind_event54401_trackID11_opNum3.root
[COPY] event=54401, trackID=11, T0=-1.75125 -> /Volumes/ssd_zhang/thesis_michel/server_processing/t0_rootFiles/beam28777_new202602/wvf_applyCut_removeBeam/wvfFind_event54401_trackID11_opNum3_2.root
[SKIP] (in range) event=54416, trackID=17, T0=-0.0508686
[COPY] event=54431, trackID=15, T0=-1.59106 -> /Volumes/ssd_zhang/thesis_michel/server_processing/t0_rootFiles/beam28777_new202602/wvf_applyCut_removeBeam/wvfFind_event54431_trackID15_opNum9.root
[COPY] event=54434, trackID=1, T0=0.0272733 -> /Volumes/ssd_zhang/thesis_michel/server_processing/t0_rootFiles/beam28777_new202602/wvf_applyCut_removeBeam/wvfFind_event54434_trackID1_opNum5.root
[COPY] event=54434, trackID=1, T0=0.0272733 -> /Volumes/ssd_zhang/thesis_michel/server_processing/t0_rootFiles/beam28777_new202602/wvf_applyCut_removeBeam/wvfFind_event54434_trackID1_opNum5_2.root
[COPY] event=5444, trackID=4, T0=-1.88036 -> /Volumes/ssd_zhang/thesis_michel/server_processing/t0_rootFiles/beam28777_new202602/wvf_applyCut_removeBeam/wvfFind_event5444_trackID4_opNum4_merged.root
[COPY] event=54469, trackID=0, T0=-1.15683 -> /Volumes/ssd_zhang/thesis_michel/server_processing/t0_rootFiles/beam28777_new202602/wvf_applyCut_removeBeam/wvfFind_event54469_trackID0_opNum9_merged.root
[COPY] event=5447, trackID=16, T0=0.3912 -> /Volumes/ssd_zhang/thesis_michel/server_processing/t0_rootFiles/beam28777_new202602/wvf_applyCut_removeBeam/wvfFind_event5447_trackID16_opNum6.root
[COPY] event=54498, trackID=12, T0=-1.65535 -> /Volumes/ssd_zhang/thesis_michel/server_processing/t0_rootFiles/beam28777_new202602/wvf_applyCut_removeBeam/wvfFind_event54498_trackID12_opNum3.root
[COPY] event=54498, trackID=12, T0=-1.65535 -> /Volumes/ssd_zhang/thesis_michel/server_processing/t0_rootFiles/beam28777_new202602/wvf_applyCut_removeBeam/wvfFind_event54498_trackID12_opNum3_2.root
[COPY] event=54498, trackID=12, T0=-1.65535 -> /Volumes/ssd_zhang/thesis_michel/server_processing/t0_rootFiles/beam28777_new202602/wvf_applyCut_removeBeam/wvfFind_event54498_trackID12_opNum3_3.root
[COPY] event=54498, trackID=12, T0=-1.65535 -> /Volumes/ssd_zhang/thesis_michel/server_processing/t0_rootFiles/beam28777_new202602/wvf_applyCut_removeBeam/wvfFind_event54498_trackID12_opNum3_4.root
[COPY] event=54502, trackID=21, T0=-2.11448 -> /Volumes/ssd_zhang/thesis_michel/server_processing/t0_rootFiles/beam28777_new202602/wvf_applyCut_removeBeam/wvfFind_event54502_trackID21_opNum8.root
[COPY] event=5450, trackID=12, T0=0.389379 -> /Volumes/ssd_zhang/thesis_michel/server_processing/t0_rootFiles/beam28777_new202602/wvf_applyCut_removeBeam/wvfFind_event5450_trackID12_opNum7_merged.root
[COPY] event=54547, trackID=7, T0=-0.721371 -> /Volumes/ssd_zhang/thesis_michel/server_processing/t0_rootFiles/beam28777_new202602/wvf_applyCut_removeBeam/wvfFind_event54547_trackID7_opNum3.root
[COPY] event=54547, trackID=7, T0=-0.721371 -> /Volumes/ssd_zhang/thesis_michel/server_processing/t0_rootFiles/beam28777_new202602/wvf_applyCut_removeBeam/wvfFind_event54547_trackID7_opNum3_2.root
[COPY] event=54567, trackID=7, T0=0.219714 -> /Volumes/ssd_zhang/thesis_michel/server_processing/t0_rootFiles/beam28777_new202602/wvf_applyCut_removeBeam/wvfFind_event54567_trackID7_opNum3.root
[COPY] event=54594, trackID=4, T0=-1.56091 -> /Volumes/ssd_zhang/thesis_michel/server_processing/t0_rootFiles/beam28777_new202602/wvf_applyCut_removeBeam/wvfFind_event54594_trackID4_opNum5.root
[COPY] event=54594, trackID=4, T0=-1.56091 -> /Volumes/ssd_zhang/thesis_michel/server_processing/t0_rootFiles/beam28777_new202602/wvf_applyCut_removeBeam/wvfFind_event54594_trackID4_opNum5_2.root
[COPY] event=54613, trackID=5, T0=-1.2144 -> /Volumes/ssd_zhang/thesis_michel/server_processing/t0_rootFiles/beam28777_new202602/wvf_applyCut_removeBeam/wvfFind_event54613_trackID5_opNum7.root
[COPY] event=54618, trackID=20, T0=0.325433 -> /Volumes/ssd_zhang/thesis_michel/server_processing/t0_rootFiles/beam28777_new202602/wvf_applyCut_removeBeam/wvfFind_event54618_trackID20_opNum6.root
[COPY] event=54634, trackID=12, T0=-0.306626 -> /Volumes/ssd_zhang/thesis_michel/server_processing/t0_rootFiles/beam28777_new202602/wvf_applyCut_removeBeam/wvfFind_event54634_trackID12_opNum6_merged.root
[COPY] event=54634, trackID=6, T0=-1.8263 -> /Volumes/ssd_zhang/thesis_michel/server_processing/t0_rootFiles/beam28777_new202602/wvf_applyCut_removeBeam/wvfFind_event54634_trackID6_opNum4.root
[COPY] event=54636, trackID=3, T0=-2.31807 -> /Volumes/ssd_zhang/thesis_michel/server_processing/t0_rootFiles/beam28777_new202602/wvf_applyCut_removeBeam/wvfFind_event54636_trackID3_opNum9.root
[COPY] event=5465, trackID=4, T0=-1.81924 -> /Volumes/ssd_zhang/thesis_michel/server_processing/t0_rootFiles/beam28777_new202602/wvf_applyCut_removeBeam/wvfFind_event5465_trackID4_opNum9.root
[COPY] event=54677, trackID=6, T0=-1.42779 -> /Volumes/ssd_zhang/thesis_michel/server_processing/t0_rootFiles/beam28777_new202602/wvf_applyCut_removeBeam/wvfFind_event54677_trackID6_opNum9.root
[COPY] event=54677, trackID=6, T0=-1.42779 -> /Volumes/ssd_zhang/thesis_michel/server_processing/t0_rootFiles/beam28777_new202602/wvf_applyCut_removeBeam/wvfFind_event54677_trackID6_opNum9_2.root
[COPY] event=54681, trackID=6, T0=-1.33602 -> /Volumes/ssd_zhang/thesis_michel/server_processing/t0_rootFiles/beam28777_new202602/wvf_applyCut_removeBeam/wvfFind_event54681_trackID6_opNum6.root
[COPY] event=54688, trackID=16, T0=0.368849 -> /Volumes/ssd_zhang/thesis_michel/server_processing/t0_rootFiles/beam28777_new202602/wvf_applyCut_removeBeam/wvfFind_event54688_trackID16_opNum8_merged.root
[COPY] event=54688, trackID=9, T0=0.225364 -> /Volumes/ssd_zhang/thesis_michel/server_processing/t0_rootFiles/beam28777_new202602/wvf_applyCut_removeBeam/wvfFind_event54688_trackID9_opNum9.root
[COPY] event=54688, trackID=9, T0=0.225364 -> /Volumes/ssd_zhang/thesis_michel/server_processing/t0_rootFiles/beam28777_new202602/wvf_applyCut_removeBeam/wvfFind_event54688_trackID9_opNum9_2.root
[COPY] event=54702, trackID=7, T0=-0.674082 -> /Volumes/ssd_zhang/thesis_michel/server_processing/t0_rootFiles/beam28777_new202602/wvf_applyCut_removeBeam/wvfFind_event54702_trackID7_opNum8.root
[COPY] event=54711, trackID=5, T0=-0.635745 -> /Volumes/ssd_zhang/thesis_michel/server_processing/t0_rootFiles/beam28777_new202602/wvf_applyCut_removeBeam/wvfFind_event54711_trackID5_opNum9.root
[COPY] event=54714, trackID=11, T0=-1.93168 -> /Volumes/ssd_zhang/thesis_michel/server_processing/t0_rootFiles/beam28777_new202602/wvf_applyCut_removeBeam/wvfFind_event54714_trackID11_opNum8.root
[COPY] event=5472, trackID=9, T0=-1.60774 -> /Volumes/ssd_zhang/thesis_michel/server_processing/t0_rootFiles/beam28777_new202602/wvf_applyCut_removeBeam/wvfFind_event5472_trackID9_opNum5.root
[COPY] event=54730, trackID=4, T0=0.431804 -> /Volumes/ssd_zhang/thesis_michel/server_processing/t0_rootFiles/beam28777_new202602/wvf_applyCut_removeBeam/wvfFind_event54730_trackID4_opNum4.root
[COPY] event=54765, trackID=12, T0=0.106891 -> /Volumes/ssd_zhang/thesis_michel/server_processing/t0_rootFiles/beam28777_new202602/wvf_applyCut_removeBeam/wvfFind_event54765_trackID12_opNum4.root
[COPY] event=54790, trackID=5, T0=-1.02027 -> /Volumes/ssd_zhang/thesis_michel/server_processing/t0_rootFiles/beam28777_new202602/wvf_applyCut_removeBeam/wvfFind_event54790_trackID5_opNum5.root
[COPY] event=54792, trackID=2, T0=0.0992727 -> /Volumes/ssd_zhang/thesis_michel/server_processing/t0_rootFiles/beam28777_new202602/wvf_applyCut_removeBeam/wvfFind_event54792_trackID2_opNum3.root
[COPY] event=54792, trackID=2, T0=0.0992727 -> /Volumes/ssd_zhang/thesis_michel/server_processing/t0_rootFiles/beam28777_new202602/wvf_applyCut_removeBeam/wvfFind_event54792_trackID2_opNum3_2.root
[COPY] event=54889, trackID=3, T0=-1.12308 -> /Volumes/ssd_zhang/thesis_michel/server_processing/t0_rootFiles/beam28777_new202602/wvf_applyCut_removeBeam/wvfFind_event54889_trackID3_opNum8.root
[COPY] event=54896, trackID=30, T0=-2.46642 -> /Volumes/ssd_zhang/thesis_michel/server_processing/t0_rootFiles/beam28777_new202602/wvf_applyCut_removeBeam/wvfFind_event54896_trackID30_opNum6.root
[COPY] event=54904, trackID=15, T0=-1.92102 -> /Volumes/ssd_zhang/thesis_michel/server_processing/t0_rootFiles/beam28777_new202602/wvf_applyCut_removeBeam/wvfFind_event54904_trackID15_opNum4_merged.root
[COPY] event=54915, trackID=7, T0=0.140531 -> /Volumes/ssd_zhang/thesis_michel/server_processing/t0_rootFiles/beam28777_new202602/wvf_applyCut_removeBeam/wvfFind_event54915_trackID7_opNum9.root
[COPY] event=54917, trackID=4, T0=-0.207935 -> /Volumes/ssd_zhang/thesis_michel/server_processing/t0_rootFiles/beam28777_new202602/wvf_applyCut_removeBeam/wvfFind_event54917_trackID4_opNum4_merged.root
[COPY] event=54924, trackID=12, T0=-1.79958 -> /Volumes/ssd_zhang/thesis_michel/server_processing/t0_rootFiles/beam28777_new202602/wvf_applyCut_removeBeam/wvfFind_event54924_trackID12_opNum5.root
[COPY] event=54927, trackID=0, T0=0.0162329 -> /Volumes/ssd_zhang/thesis_michel/server_processing/t0_rootFiles/beam28777_new202602/wvf_applyCut_removeBeam/wvfFind_event54927_trackID0_opNum8.root
[COPY] event=54954, trackID=5, T0=0.460497 -> /Volumes/ssd_zhang/thesis_michel/server_processing/t0_rootFiles/beam28777_new202602/wvf_applyCut_removeBeam/wvfFind_event54954_trackID5_opNum9.root
[COPY] event=54991, trackID=4, T0=-1.8563 -> /Volumes/ssd_zhang/thesis_michel/server_processing/t0_rootFiles/beam28777_new202602/wvf_applyCut_removeBeam/wvfFind_event54991_trackID4_opNum4.root
[COPY] event=54991, trackID=4, T0=-1.8563 -> /Volumes/ssd_zhang/thesis_michel/server_processing/t0_rootFiles/beam28777_new202602/wvf_applyCut_removeBeam/wvfFind_event54991_trackID4_opNum4_2.root
[COPY] event=54997, trackID=0, T0=0.379477 -> /Volumes/ssd_zhang/thesis_michel/server_processing/t0_rootFiles/beam28777_new202602/wvf_applyCut_removeBeam/wvfFind_event54997_trackID0_opNum8.root
[COPY] event=55009, trackID=16, T0=-0.0156346 -> /Volumes/ssd_zhang/thesis_michel/server_processing/t0_rootFiles/beam28777_new202602/wvf_applyCut_removeBeam/wvfFind_event55009_trackID16_opNum9.root
[COPY] event=55031, trackID=3, T0=-1.44251 -> /Volumes/ssd_zhang/thesis_michel/server_processing/t0_rootFiles/beam28777_new202602/wvf_applyCut_removeBeam/wvfFind_event55031_trackID3_opNum3.root
[COPY] event=55033, trackID=2, T0=-1.25313 -> /Volumes/ssd_zhang/thesis_michel/server_processing/t0_rootFiles/beam28777_new202602/wvf_applyCut_removeBeam/wvfFind_event55033_trackID2_opNum8.root
[COPY] event=55036, trackID=7, T0=-1.47624 -> /Volumes/ssd_zhang/thesis_michel/server_processing/t0_rootFiles/beam28777_new202602/wvf_applyCut_removeBeam/wvfFind_event55036_trackID7_opNum5.root
[COPY] event=55043, trackID=2, T0=-1.10201 -> /Volumes/ssd_zhang/thesis_michel/server_processing/t0_rootFiles/beam28777_new202602/wvf_applyCut_removeBeam/wvfFind_event55043_trackID2_opNum9.root
[COPY] event=5506, trackID=0, T0=0.429177 -> /Volumes/ssd_zhang/thesis_michel/server_processing/t0_rootFiles/beam28777_new202602/wvf_applyCut_removeBeam/wvfFind_event5506_trackID0_opNum5.root
[COPY] event=55083, trackID=13, T0=-0.444032 -> /Volumes/ssd_zhang/thesis_michel/server_processing/t0_rootFiles/beam28777_new202602/wvf_applyCut_removeBeam/wvfFind_event55083_trackID13_opNum5.root
[COPY] event=55084, trackID=15, T0=-0.265806 -> /Volumes/ssd_zhang/thesis_michel/server_processing/t0_rootFiles/beam28777_new202602/wvf_applyCut_removeBeam/wvfFind_event55084_trackID15_opNum4.root
[COPY] event=55087, trackID=20, T0=-0.265847 -> /Volumes/ssd_zhang/thesis_michel/server_processing/t0_rootFiles/beam28777_new202602/wvf_applyCut_removeBeam/wvfFind_event55087_trackID20_opNum8.root
[COPY] event=55112, trackID=1, T0=-0.16973 -> /Volumes/ssd_zhang/thesis_michel/server_processing/t0_rootFiles/beam28777_new202602/wvf_applyCut_removeBeam/wvfFind_event55112_trackID1_opNum9_merged.root
[COPY] event=55118, trackID=21, T0=0.0655916 -> /Volumes/ssd_zhang/thesis_michel/server_processing/t0_rootFiles/beam28777_new202602/wvf_applyCut_removeBeam/wvfFind_event55118_trackID21_opNum3_merged.root
[COPY] event=55122, trackID=0, T0=-0.972114 -> /Volumes/ssd_zhang/thesis_michel/server_processing/t0_rootFiles/beam28777_new202602/wvf_applyCut_removeBeam/wvfFind_event55122_trackID0_opNum5.root
[COPY] event=55133, trackID=9, T0=-0.876032 -> /Volumes/ssd_zhang/thesis_michel/server_processing/t0_rootFiles/beam28777_new202602/wvf_applyCut_removeBeam/wvfFind_event55133_trackID9_opNum3.root
[COPY] event=55139, trackID=16, T0=-2.00722 -> /Volumes/ssd_zhang/thesis_michel/server_processing/t0_rootFiles/beam28777_new202602/wvf_applyCut_removeBeam/wvfFind_event55139_trackID16_opNum5.root
[SKIP] (in range) event=55167, trackID=23, T0=-0.071658
[SKIP] (in range) event=55185, trackID=5, T0=-0.086531
[COPY] event=55201, trackID=16, T0=0.461517 -> /Volumes/ssd_zhang/thesis_michel/server_processing/t0_rootFiles/beam28777_new202602/wvf_applyCut_removeBeam/wvfFind_event55201_trackID16_opNum9.root
[COPY] event=5520, trackID=0, T0=0.188675 -> /Volumes/ssd_zhang/thesis_michel/server_processing/t0_rootFiles/beam28777_new202602/wvf_applyCut_removeBeam/wvfFind_event5520_trackID0_opNum4.root
[COPY] event=55217, trackID=10, T0=-1.98483 -> /Volumes/ssd_zhang/thesis_michel/server_processing/t0_rootFiles/beam28777_new202602/wvf_applyCut_removeBeam/wvfFind_event55217_trackID10_opNum4.root
[COPY] event=55223, trackID=3, T0=0.101951 -> /Volumes/ssd_zhang/thesis_michel/server_processing/t0_rootFiles/beam28777_new202602/wvf_applyCut_removeBeam/wvfFind_event55223_trackID3_opNum4.root
[COPY] event=55235, trackID=3, T0=0.352995 -> /Volumes/ssd_zhang/thesis_michel/server_processing/t0_rootFiles/beam28777_new202602/wvf_applyCut_removeBeam/wvfFind_event55235_trackID3_opNum4.root
[COPY] event=55261, trackID=22, T0=0.165765 -> /Volumes/ssd_zhang/thesis_michel/server_processing/t0_rootFiles/beam28777_new202602/wvf_applyCut_removeBeam/wvfFind_event55261_trackID22_opNum3.root
[COPY] event=55286, trackID=32, T0=-2.28198 -> /Volumes/ssd_zhang/thesis_michel/server_processing/t0_rootFiles/beam28777_new202602/wvf_applyCut_removeBeam/wvfFind_event55286_trackID32_opNum9.root
[COPY] event=5528, trackID=8, T0=-1.60237 -> /Volumes/ssd_zhang/thesis_michel/server_processing/t0_rootFiles/beam28777_new202602/wvf_applyCut_removeBeam/wvfFind_event5528_trackID8_opNum6.root
[COPY] event=5528, trackID=8, T0=-1.60237 -> /Volumes/ssd_zhang/thesis_michel/server_processing/t0_rootFiles/beam28777_new202602/wvf_applyCut_removeBeam/wvfFind_event5528_trackID8_opNum6_2.root
[COPY] event=55320, trackID=10, T0=0.142667 -> /Volumes/ssd_zhang/thesis_michel/server_processing/t0_rootFiles/beam28777_new202602/wvf_applyCut_removeBeam/wvfFind_event55320_trackID10_opNum5.root
[COPY] event=55337, trackID=12, T0=-0.239826 -> /Volumes/ssd_zhang/thesis_michel/server_processing/t0_rootFiles/beam28777_new202602/wvf_applyCut_removeBeam/wvfFind_event55337_trackID12_opNum9.root
[COPY] event=55337, trackID=12, T0=-0.239826 -> /Volumes/ssd_zhang/thesis_michel/server_processing/t0_rootFiles/beam28777_new202602/wvf_applyCut_removeBeam/wvfFind_event55337_trackID12_opNum9_2.root
[COPY] event=55361, trackID=3, T0=-0.489237 -> /Volumes/ssd_zhang/thesis_michel/server_processing/t0_rootFiles/beam28777_new202602/wvf_applyCut_removeBeam/wvfFind_event55361_trackID3_opNum4.root
[COPY] event=55364, trackID=9, T0=-0.00429693 -> /Volumes/ssd_zhang/thesis_michel/server_processing/t0_rootFiles/beam28777_new202602/wvf_applyCut_removeBeam/wvfFind_event55364_trackID9_opNum9.root
[COPY] event=55364, trackID=9, T0=-0.00429693 -> /Volumes/ssd_zhang/thesis_michel/server_processing/t0_rootFiles/beam28777_new202602/wvf_applyCut_removeBeam/wvfFind_event55364_trackID9_opNum9_2.root
[COPY] event=55377, trackID=9, T0=-0.98111 -> /Volumes/ssd_zhang/thesis_michel/server_processing/t0_rootFiles/beam28777_new202602/wvf_applyCut_removeBeam/wvfFind_event55377_trackID9_opNum5.root
[COPY] event=55377, trackID=9, T0=-0.98111 -> /Volumes/ssd_zhang/thesis_michel/server_processing/t0_rootFiles/beam28777_new202602/wvf_applyCut_removeBeam/wvfFind_event55377_trackID9_opNum5_2.root
[COPY] event=55387, trackID=13, T0=0.288237 -> /Volumes/ssd_zhang/thesis_michel/server_processing/t0_rootFiles/beam28777_new202602/wvf_applyCut_removeBeam/wvfFind_event55387_trackID13_opNum9.root
[COPY] event=55391, trackID=4, T0=-1.7321 -> /Volumes/ssd_zhang/thesis_michel/server_processing/t0_rootFiles/beam28777_new202602/wvf_applyCut_removeBeam/wvfFind_event55391_trackID4_opNum3.root
[COPY] event=55396, trackID=7, T0=-1.12245 -> /Volumes/ssd_zhang/thesis_michel/server_processing/t0_rootFiles/beam28777_new202602/wvf_applyCut_removeBeam/wvfFind_event55396_trackID7_opNum5.root
[COPY] event=55396, trackID=7, T0=-1.12245 -> /Volumes/ssd_zhang/thesis_michel/server_processing/t0_rootFiles/beam28777_new202602/wvf_applyCut_removeBeam/wvfFind_event55396_trackID7_opNum5_2.root
[COPY] event=55398, trackID=0, T0=-0.268407 -> /Volumes/ssd_zhang/thesis_michel/server_processing/t0_rootFiles/beam28777_new202602/wvf_applyCut_removeBeam/wvfFind_event55398_trackID0_opNum5.root
[COPY] event=55405, trackID=2, T0=-0.636539 -> /Volumes/ssd_zhang/thesis_michel/server_processing/t0_rootFiles/beam28777_new202602/wvf_applyCut_removeBeam/wvfFind_event55405_trackID2_opNum9.root
[COPY] event=55405, trackID=2, T0=-0.636539 -> /Volumes/ssd_zhang/thesis_michel/server_processing/t0_rootFiles/beam28777_new202602/wvf_applyCut_removeBeam/wvfFind_event55405_trackID2_opNum9_2.root
[SKIP] (in range) event=55410, trackID=5, T0=-0.0724943
[SKIP] (in range) event=55410, trackID=5, T0=-0.0724943
[COPY] event=55411, trackID=19, T0=-2.22243 -> /Volumes/ssd_zhang/thesis_michel/server_processing/t0_rootFiles/beam28777_new202602/wvf_applyCut_removeBeam/wvfFind_event55411_trackID19_opNum8.root
[COPY] event=55413, trackID=1, T0=-1.39498 -> /Volumes/ssd_zhang/thesis_michel/server_processing/t0_rootFiles/beam28777_new202602/wvf_applyCut_removeBeam/wvfFind_event55413_trackID1_opNum5_merged.root
[COPY] event=55417, trackID=10, T0=-2.20687 -> /Volumes/ssd_zhang/thesis_michel/server_processing/t0_rootFiles/beam28777_new202602/wvf_applyCut_removeBeam/wvfFind_event55417_trackID10_opNum3.root
[COPY] event=55417, trackID=10, T0=-2.20687 -> /Volumes/ssd_zhang/thesis_michel/server_processing/t0_rootFiles/beam28777_new202602/wvf_applyCut_removeBeam/wvfFind_event55417_trackID10_opNum3_2.root
[COPY] event=55420, trackID=0, T0=-1.12467 -> /Volumes/ssd_zhang/thesis_michel/server_processing/t0_rootFiles/beam28777_new202602/wvf_applyCut_removeBeam/wvfFind_event55420_trackID0_opNum5.root
[COPY] event=55428, trackID=1, T0=-0.333728 -> /Volumes/ssd_zhang/thesis_michel/server_processing/t0_rootFiles/beam28777_new202602/wvf_applyCut_removeBeam/wvfFind_event55428_trackID1_opNum5.root
[COPY] event=55433, trackID=0, T0=-0.816092 -> /Volumes/ssd_zhang/thesis_michel/server_processing/t0_rootFiles/beam28777_new202602/wvf_applyCut_removeBeam/wvfFind_event55433_trackID0_opNum4.root
[COPY] event=55436, trackID=5, T0=-1.33451 -> /Volumes/ssd_zhang/thesis_michel/server_processing/t0_rootFiles/beam28777_new202602/wvf_applyCut_removeBeam/wvfFind_event55436_trackID5_opNum8.root
[COPY] event=55436, trackID=5, T0=-1.33451 -> /Volumes/ssd_zhang/thesis_michel/server_processing/t0_rootFiles/beam28777_new202602/wvf_applyCut_removeBeam/wvfFind_event55436_trackID5_opNum8_2.root
[COPY] event=55443, trackID=9, T0=-0.0125287 -> /Volumes/ssd_zhang/thesis_michel/server_processing/t0_rootFiles/beam28777_new202602/wvf_applyCut_removeBeam/wvfFind_event55443_trackID9_opNum9.root
[COPY] event=55443, trackID=9, T0=-0.0125287 -> /Volumes/ssd_zhang/thesis_michel/server_processing/t0_rootFiles/beam28777_new202602/wvf_applyCut_removeBeam/wvfFind_event55443_trackID9_opNum9_2.root
[COPY] event=55460, trackID=4, T0=-1.01562 -> /Volumes/ssd_zhang/thesis_michel/server_processing/t0_rootFiles/beam28777_new202602/wvf_applyCut_removeBeam/wvfFind_event55460_trackID4_opNum9.root
[COPY] event=55467, trackID=27, T0=-0.386763 -> /Volumes/ssd_zhang/thesis_michel/server_processing/t0_rootFiles/beam28777_new202602/wvf_applyCut_removeBeam/wvfFind_event55467_trackID27_opNum4_merged.root
[COPY] event=55483, trackID=21, T0=-0.17057 -> /Volumes/ssd_zhang/thesis_michel/server_processing/t0_rootFiles/beam28777_new202602/wvf_applyCut_removeBeam/wvfFind_event55483_trackID21_opNum4.root
[COPY] event=55502, trackID=24, T0=-1.9933 -> /Volumes/ssd_zhang/thesis_michel/server_processing/t0_rootFiles/beam28777_new202602/wvf_applyCut_removeBeam/wvfFind_event55502_trackID24_opNum9.root
[SKIP] (in range) event=55505, trackID=13, T0=-0.0613407
[COPY] event=55507, trackID=15, T0=-1.0913 -> /Volumes/ssd_zhang/thesis_michel/server_processing/t0_rootFiles/beam28777_new202602/wvf_applyCut_removeBeam/wvfFind_event55507_trackID15_opNum9.root
[COPY] event=55511, trackID=32, T0=-2.40441 -> /Volumes/ssd_zhang/thesis_michel/server_processing/t0_rootFiles/beam28777_new202602/wvf_applyCut_removeBeam/wvfFind_event55511_trackID32_opNum9.root
[COPY] event=55511, trackID=32, T0=-2.40441 -> /Volumes/ssd_zhang/thesis_michel/server_processing/t0_rootFiles/beam28777_new202602/wvf_applyCut_removeBeam/wvfFind_event55511_trackID32_opNum9_2.root
[COPY] event=55514, trackID=3, T0=-0.0118932 -> /Volumes/ssd_zhang/thesis_michel/server_processing/t0_rootFiles/beam28777_new202602/wvf_applyCut_removeBeam/wvfFind_event55514_trackID3_opNum7.root
[COPY] event=55514, trackID=7, T0=-1.69122 -> /Volumes/ssd_zhang/thesis_michel/server_processing/t0_rootFiles/beam28777_new202602/wvf_applyCut_removeBeam/wvfFind_event55514_trackID7_opNum3.root
[COPY] event=55514, trackID=7, T0=-1.69122 -> /Volumes/ssd_zhang/thesis_michel/server_processing/t0_rootFiles/beam28777_new202602/wvf_applyCut_removeBeam/wvfFind_event55514_trackID7_opNum3_2.root
[COPY] event=55561, trackID=11, T0=-2.21163 -> /Volumes/ssd_zhang/thesis_michel/server_processing/t0_rootFiles/beam28777_new202602/wvf_applyCut_removeBeam/wvfFind_event55561_trackID11_opNum9.root
[COPY] event=55569, trackID=0, T0=-0.428772 -> /Volumes/ssd_zhang/thesis_michel/server_processing/t0_rootFiles/beam28777_new202602/wvf_applyCut_removeBeam/wvfFind_event55569_trackID0_opNum6.root
[COPY] event=55579, trackID=15, T0=-0.17617 -> /Volumes/ssd_zhang/thesis_michel/server_processing/t0_rootFiles/beam28777_new202602/wvf_applyCut_removeBeam/wvfFind_event55579_trackID15_opNum9.root
[COPY] event=55584, trackID=21, T0=-0.524833 -> /Volumes/ssd_zhang/thesis_michel/server_processing/t0_rootFiles/beam28777_new202602/wvf_applyCut_removeBeam/wvfFind_event55584_trackID21_opNum5_merged.root
[COPY] event=5558, trackID=15, T0=2.32247 -> /Volumes/ssd_zhang/thesis_michel/server_processing/t0_rootFiles/beam28777_new202602/wvf_applyCut_removeBeam/wvfFind_event5558_trackID15_opNum5.root
[COPY] event=55606, trackID=3, T0=-1.31008 -> /Volumes/ssd_zhang/thesis_michel/server_processing/t0_rootFiles/beam28777_new202602/wvf_applyCut_removeBeam/wvfFind_event55606_trackID3_opNum3.root
[COPY] event=55606, trackID=3, T0=-1.31008 -> /Volumes/ssd_zhang/thesis_michel/server_processing/t0_rootFiles/beam28777_new202602/wvf_applyCut_removeBeam/wvfFind_event55606_trackID3_opNum3_2.root
[COPY] event=55614, trackID=1, T0=0.202027 -> /Volumes/ssd_zhang/thesis_michel/server_processing/t0_rootFiles/beam28777_new202602/wvf_applyCut_removeBeam/wvfFind_event55614_trackID1_opNum6.root
[COPY] event=55621, trackID=11, T0=-0.994158 -> /Volumes/ssd_zhang/thesis_michel/server_processing/t0_rootFiles/beam28777_new202602/wvf_applyCut_removeBeam/wvfFind_event55621_trackID11_opNum9.root
[COPY] event=55622, trackID=13, T0=-0.956127 -> /Volumes/ssd_zhang/thesis_michel/server_processing/t0_rootFiles/beam28777_new202602/wvf_applyCut_removeBeam/wvfFind_event55622_trackID13_opNum9.root
[COPY] event=55634, trackID=14, T0=-2.13626 -> /Volumes/ssd_zhang/thesis_michel/server_processing/t0_rootFiles/beam28777_new202602/wvf_applyCut_removeBeam/wvfFind_event55634_trackID14_opNum3_merged.root
[COPY] event=55648, trackID=3, T0=-1.22176 -> /Volumes/ssd_zhang/thesis_michel/server_processing/t0_rootFiles/beam28777_new202602/wvf_applyCut_removeBeam/wvfFind_event55648_trackID3_opNum4.root
[COPY] event=55652, trackID=8, T0=-1.72458 -> /Volumes/ssd_zhang/thesis_michel/server_processing/t0_rootFiles/beam28777_new202602/wvf_applyCut_removeBeam/wvfFind_event55652_trackID8_opNum6_merged.root
[COPY] event=55660, trackID=10, T0=-0.626341 -> /Volumes/ssd_zhang/thesis_michel/server_processing/t0_rootFiles/beam28777_new202602/wvf_applyCut_removeBeam/wvfFind_event55660_trackID10_opNum5.root
[COPY] event=55676, trackID=16, T0=0.115401 -> /Volumes/ssd_zhang/thesis_michel/server_processing/t0_rootFiles/beam28777_new202602/wvf_applyCut_removeBeam/wvfFind_event55676_trackID16_opNum6.root
[COPY] event=55698, trackID=12, T0=0.473864 -> /Volumes/ssd_zhang/thesis_michel/server_processing/t0_rootFiles/beam28777_new202602/wvf_applyCut_removeBeam/wvfFind_event55698_trackID12_opNum8.root
[COPY] event=55699, trackID=3, T0=-1.10297 -> /Volumes/ssd_zhang/thesis_michel/server_processing/t0_rootFiles/beam28777_new202602/wvf_applyCut_removeBeam/wvfFind_event55699_trackID3_opNum5.root
[COPY] event=55711, trackID=4, T0=-1.37048 -> /Volumes/ssd_zhang/thesis_michel/server_processing/t0_rootFiles/beam28777_new202602/wvf_applyCut_removeBeam/wvfFind_event55711_trackID4_opNum9.root
[COPY] event=55711, trackID=4, T0=-1.37048 -> /Volumes/ssd_zhang/thesis_michel/server_processing/t0_rootFiles/beam28777_new202602/wvf_applyCut_removeBeam/wvfFind_event55711_trackID4_opNum9_2.root
[COPY] event=55749, trackID=3, T0=-1.43399 -> /Volumes/ssd_zhang/thesis_michel/server_processing/t0_rootFiles/beam28777_new202602/wvf_applyCut_removeBeam/wvfFind_event55749_trackID3_opNum4_merged.root
[COPY] event=55764, trackID=18, T0=0.306304 -> /Volumes/ssd_zhang/thesis_michel/server_processing/t0_rootFiles/beam28777_new202602/wvf_applyCut_removeBeam/wvfFind_event55764_trackID18_opNum3_merged.root
[COPY] event=55773, trackID=15, T0=-1.5434 -> /Volumes/ssd_zhang/thesis_michel/server_processing/t0_rootFiles/beam28777_new202602/wvf_applyCut_removeBeam/wvfFind_event55773_trackID15_opNum3.root
[COPY] event=55787, trackID=8, T0=-1.80742 -> /Volumes/ssd_zhang/thesis_michel/server_processing/t0_rootFiles/beam28777_new202602/wvf_applyCut_removeBeam/wvfFind_event55787_trackID8_opNum9.root
[COPY] event=55787, trackID=8, T0=-1.80742 -> /Volumes/ssd_zhang/thesis_michel/server_processing/t0_rootFiles/beam28777_new202602/wvf_applyCut_removeBeam/wvfFind_event55787_trackID8_opNum9_2.root
[COPY] event=55807, trackID=7, T0=-0.882206 -> /Volumes/ssd_zhang/thesis_michel/server_processing/t0_rootFiles/beam28777_new202602/wvf_applyCut_removeBeam/wvfFind_event55807_trackID7_opNum6.root
[COPY] event=5581, trackID=6, T0=-0.208787 -> /Volumes/ssd_zhang/thesis_michel/server_processing/t0_rootFiles/beam28777_new202602/wvf_applyCut_removeBeam/wvfFind_event5581_trackID6_opNum9.root
[COPY] event=55822, trackID=20, T0=0.0607257 -> /Volumes/ssd_zhang/thesis_michel/server_processing/t0_rootFiles/beam28777_new202602/wvf_applyCut_removeBeam/wvfFind_event55822_trackID20_opNum9.root
[COPY] event=55822, trackID=20, T0=0.0607257 -> /Volumes/ssd_zhang/thesis_michel/server_processing/t0_rootFiles/beam28777_new202602/wvf_applyCut_removeBeam/wvfFind_event55822_trackID20_opNum9_2.root
[COPY] event=55849, trackID=14, T0=1.20163 -> /Volumes/ssd_zhang/thesis_michel/server_processing/t0_rootFiles/beam28777_new202602/wvf_applyCut_removeBeam/wvfFind_event55849_trackID14_opNum8.root
[COPY] event=55850, trackID=13, T0=-1.85912 -> /Volumes/ssd_zhang/thesis_michel/server_processing/t0_rootFiles/beam28777_new202602/wvf_applyCut_removeBeam/wvfFind_event55850_trackID13_opNum6.root
[COPY] event=55851, trackID=12, T0=-2.14379 -> /Volumes/ssd_zhang/thesis_michel/server_processing/t0_rootFiles/beam28777_new202602/wvf_applyCut_removeBeam/wvfFind_event55851_trackID12_opNum4.root
[COPY] event=55851, trackID=12, T0=-2.14379 -> /Volumes/ssd_zhang/thesis_michel/server_processing/t0_rootFiles/beam28777_new202602/wvf_applyCut_removeBeam/wvfFind_event55851_trackID12_opNum4_2.root
[COPY] event=55863, trackID=10, T0=-1.88238 -> /Volumes/ssd_zhang/thesis_michel/server_processing/t0_rootFiles/beam28777_new202602/wvf_applyCut_removeBeam/wvfFind_event55863_trackID10_opNum9.root
[COPY] event=55865, trackID=8, T0=-0.735222 -> /Volumes/ssd_zhang/thesis_michel/server_processing/t0_rootFiles/beam28777_new202602/wvf_applyCut_removeBeam/wvfFind_event55865_trackID8_opNum9.root
[COPY] event=55865, trackID=8, T0=-0.735222 -> /Volumes/ssd_zhang/thesis_michel/server_processing/t0_rootFiles/beam28777_new202602/wvf_applyCut_removeBeam/wvfFind_event55865_trackID8_opNum9_2.root
[COPY] event=55870, trackID=3, T0=-0.586453 -> /Volumes/ssd_zhang/thesis_michel/server_processing/t0_rootFiles/beam28777_new202602/wvf_applyCut_removeBeam/wvfFind_event55870_trackID3_opNum9.root
[COPY] event=55875, trackID=2, T0=0.0221407 -> /Volumes/ssd_zhang/thesis_michel/server_processing/t0_rootFiles/beam28777_new202602/wvf_applyCut_removeBeam/wvfFind_event55875_trackID2_opNum4.root
[COPY] event=55879, trackID=8, T0=-2.11423 -> /Volumes/ssd_zhang/thesis_michel/server_processing/t0_rootFiles/beam28777_new202602/wvf_applyCut_removeBeam/wvfFind_event55879_trackID8_opNum3.root
[COPY] event=55891, trackID=5, T0=-1.32645 -> /Volumes/ssd_zhang/thesis_michel/server_processing/t0_rootFiles/beam28777_new202602/wvf_applyCut_removeBeam/wvfFind_event55891_trackID5_opNum4.root
[COPY] event=55902, trackID=17, T0=-2.08744 -> /Volumes/ssd_zhang/thesis_michel/server_processing/t0_rootFiles/beam28777_new202602/wvf_applyCut_removeBeam/wvfFind_event55902_trackID17_opNum3.root
[COPY] event=55902, trackID=17, T0=-2.08744 -> /Volumes/ssd_zhang/thesis_michel/server_processing/t0_rootFiles/beam28777_new202602/wvf_applyCut_removeBeam/wvfFind_event55902_trackID17_opNum3_2.root
[COPY] event=55902, trackID=17, T0=-2.08744 -> /Volumes/ssd_zhang/thesis_michel/server_processing/t0_rootFiles/beam28777_new202602/wvf_applyCut_removeBeam/wvfFind_event55902_trackID17_opNum3_3.root
[COPY] event=55936, trackID=6, T0=-0.018003 -> /Volumes/ssd_zhang/thesis_michel/server_processing/t0_rootFiles/beam28777_new202602/wvf_applyCut_removeBeam/wvfFind_event55936_trackID6_opNum4.root
[COPY] event=55938, trackID=24, T0=-2.10551 -> /Volumes/ssd_zhang/thesis_michel/server_processing/t0_rootFiles/beam28777_new202602/wvf_applyCut_removeBeam/wvfFind_event55938_trackID24_opNum5.root
[SKIP] (in range) event=55940, trackID=6, T0=-0.10182
[COPY] event=55941, trackID=23, T0=-0.521354 -> /Volumes/ssd_zhang/thesis_michel/server_processing/t0_rootFiles/beam28777_new202602/wvf_applyCut_removeBeam/wvfFind_event55941_trackID23_opNum5_merged.root
[COPY] event=55946, trackID=19, T0=-0.787995 -> /Volumes/ssd_zhang/thesis_michel/server_processing/t0_rootFiles/beam28777_new202602/wvf_applyCut_removeBeam/wvfFind_event55946_trackID19_opNum7_merged.root
[COPY] event=55985, trackID=15, T0=-0.646764 -> /Volumes/ssd_zhang/thesis_michel/server_processing/t0_rootFiles/beam28777_new202602/wvf_applyCut_removeBeam/wvfFind_event55985_trackID15_opNum8_merged.root
[COPY] event=5599, trackID=24, T0=-2.28996 -> /Volumes/ssd_zhang/thesis_michel/server_processing/t0_rootFiles/beam28777_new202602/wvf_applyCut_removeBeam/wvfFind_event5599_trackID24_opNum8.root
[COPY] event=56006, trackID=10, T0=0.0991593 -> /Volumes/ssd_zhang/thesis_michel/server_processing/t0_rootFiles/beam28777_new202602/wvf_applyCut_removeBeam/wvfFind_event56006_trackID10_opNum8.root
[COPY] event=56016, trackID=21, T0=-1.9685 -> /Volumes/ssd_zhang/thesis_michel/server_processing/t0_rootFiles/beam28777_new202602/wvf_applyCut_removeBeam/wvfFind_event56016_trackID21_opNum5_merged.root
[COPY] event=56021, trackID=6, T0=-0.328797 -> /Volumes/ssd_zhang/thesis_michel/server_processing/t0_rootFiles/beam28777_new202602/wvf_applyCut_removeBeam/wvfFind_event56021_trackID6_opNum4_merged.root
[COPY] event=56025, trackID=9, T0=-1.17014 -> /Volumes/ssd_zhang/thesis_michel/server_processing/t0_rootFiles/beam28777_new202602/wvf_applyCut_removeBeam/wvfFind_event56025_trackID9_opNum8.root
[SKIP] (in range) event=5602, trackID=2, T0=-0.0684962
[COPY] event=56039, trackID=5, T0=-0.725786 -> /Volumes/ssd_zhang/thesis_michel/server_processing/t0_rootFiles/beam28777_new202602/wvf_applyCut_removeBeam/wvfFind_event56039_trackID5_opNum8.root
[COPY] event=56051, trackID=3, T0=0.0837189 -> /Volumes/ssd_zhang/thesis_michel/server_processing/t0_rootFiles/beam28777_new202602/wvf_applyCut_removeBeam/wvfFind_event56051_trackID3_opNum8.root
[COPY] event=56054, trackID=0, T0=-0.405883 -> /Volumes/ssd_zhang/thesis_michel/server_processing/t0_rootFiles/beam28777_new202602/wvf_applyCut_removeBeam/wvfFind_event56054_trackID0_opNum9.root
[COPY] event=56062, trackID=1, T0=-0.903594 -> /Volumes/ssd_zhang/thesis_michel/server_processing/t0_rootFiles/beam28777_new202602/wvf_applyCut_removeBeam/wvfFind_event56062_trackID1_opNum5.root
[COPY] event=56068, trackID=17, T0=-0.0191737 -> /Volumes/ssd_zhang/thesis_michel/server_processing/t0_rootFiles/beam28777_new202602/wvf_applyCut_removeBeam/wvfFind_event56068_trackID17_opNum9_merged.root
[COPY] event=5606, trackID=1, T0=-1.63856 -> /Volumes/ssd_zhang/thesis_michel/server_processing/t0_rootFiles/beam28777_new202602/wvf_applyCut_removeBeam/wvfFind_event5606_trackID1_opNum8.root
[COPY] event=56081, trackID=8, T0=-0.98182 -> /Volumes/ssd_zhang/thesis_michel/server_processing/t0_rootFiles/beam28777_new202602/wvf_applyCut_removeBeam/wvfFind_event56081_trackID8_opNum9.root
[COPY] event=56083, trackID=5, T0=-2.09728 -> /Volumes/ssd_zhang/thesis_michel/server_processing/t0_rootFiles/beam28777_new202602/wvf_applyCut_removeBeam/wvfFind_event56083_trackID5_opNum3.root
[SKIP] (in range) event=56095, trackID=11, T0=-0.0997996
[COPY] event=56129, trackID=6, T0=-0.193403 -> /Volumes/ssd_zhang/thesis_michel/server_processing/t0_rootFiles/beam28777_new202602/wvf_applyCut_removeBeam/wvfFind_event56129_trackID6_opNum6_merged.root
[COPY] event=56135, trackID=10, T0=-2.14224 -> /Volumes/ssd_zhang/thesis_michel/server_processing/t0_rootFiles/beam28777_new202602/wvf_applyCut_removeBeam/wvfFind_event56135_trackID10_opNum5.root
[SKIP] (in range) event=56136, trackID=10, T0=-0.0831936
[COPY] event=5613, trackID=14, T0=0.419546 -> /Volumes/ssd_zhang/thesis_michel/server_processing/t0_rootFiles/beam28777_new202602/wvf_applyCut_removeBeam/wvfFind_event5613_trackID14_opNum9.root
[COPY] event=56148, trackID=4, T0=0.0499109 -> /Volumes/ssd_zhang/thesis_michel/server_processing/t0_rootFiles/beam28777_new202602/wvf_applyCut_removeBeam/wvfFind_event56148_trackID4_opNum4.root
[COPY] event=56167, trackID=28, T0=0.356809 -> /Volumes/ssd_zhang/thesis_michel/server_processing/t0_rootFiles/beam28777_new202602/wvf_applyCut_removeBeam/wvfFind_event56167_trackID28_opNum6.root
[COPY] event=56167, trackID=28, T0=0.356809 -> /Volumes/ssd_zhang/thesis_michel/server_processing/t0_rootFiles/beam28777_new202602/wvf_applyCut_removeBeam/wvfFind_event56167_trackID28_opNum6_2.root
[COPY] event=56179, trackID=12, T0=0.104814 -> /Volumes/ssd_zhang/thesis_michel/server_processing/t0_rootFiles/beam28777_new202602/wvf_applyCut_removeBeam/wvfFind_event56179_trackID12_opNum6.root
[COPY] event=56183, trackID=1, T0=0.0287619 -> /Volumes/ssd_zhang/thesis_michel/server_processing/t0_rootFiles/beam28777_new202602/wvf_applyCut_removeBeam/wvfFind_event56183_trackID1_opNum5.root
[COPY] event=56186, trackID=3, T0=-0.657641 -> /Volumes/ssd_zhang/thesis_michel/server_processing/t0_rootFiles/beam28777_new202602/wvf_applyCut_removeBeam/wvfFind_event56186_trackID3_opNum8.root
[COPY] event=56186, trackID=3, T0=-0.657641 -> /Volumes/ssd_zhang/thesis_michel/server_processing/t0_rootFiles/beam28777_new202602/wvf_applyCut_removeBeam/wvfFind_event56186_trackID3_opNum8_2.root
[COPY] event=56189, trackID=11, T0=-1.63163 -> /Volumes/ssd_zhang/thesis_michel/server_processing/t0_rootFiles/beam28777_new202602/wvf_applyCut_removeBeam/wvfFind_event56189_trackID11_opNum9.root
[COPY] event=56212, trackID=3, T0=-1.5564 -> /Volumes/ssd_zhang/thesis_michel/server_processing/t0_rootFiles/beam28777_new202602/wvf_applyCut_removeBeam/wvfFind_event56212_trackID3_opNum4.root
[COPY] event=56212, trackID=3, T0=-1.5564 -> /Volumes/ssd_zhang/thesis_michel/server_processing/t0_rootFiles/beam28777_new202602/wvf_applyCut_removeBeam/wvfFind_event56212_trackID3_opNum4_2.root
[COPY] event=56234, trackID=6, T0=-0.231309 -> /Volumes/ssd_zhang/thesis_michel/server_processing/t0_rootFiles/beam28777_new202602/wvf_applyCut_removeBeam/wvfFind_event56234_trackID6_opNum3.root
[COPY] event=56234, trackID=6, T0=-0.231309 -> /Volumes/ssd_zhang/thesis_michel/server_processing/t0_rootFiles/beam28777_new202602/wvf_applyCut_removeBeam/wvfFind_event56234_trackID6_opNum3_2.root
[COPY] event=56240, trackID=1, T0=-0.381021 -> /Volumes/ssd_zhang/thesis_michel/server_processing/t0_rootFiles/beam28777_new202602/wvf_applyCut_removeBeam/wvfFind_event56240_trackID1_opNum9_merged.root
[COPY] event=56252, trackID=11, T0=-1.69395 -> /Volumes/ssd_zhang/thesis_michel/server_processing/t0_rootFiles/beam28777_new202602/wvf_applyCut_removeBeam/wvfFind_event56252_trackID11_opNum5.root
[COPY] event=56252, trackID=11, T0=-1.69395 -> /Volumes/ssd_zhang/thesis_michel/server_processing/t0_rootFiles/beam28777_new202602/wvf_applyCut_removeBeam/wvfFind_event56252_trackID11_opNum5_2.root
[COPY] event=5625, trackID=3, T0=-0.49665 -> /Volumes/ssd_zhang/thesis_michel/server_processing/t0_rootFiles/beam28777_new202602/wvf_applyCut_removeBeam/wvfFind_event5625_trackID3_opNum8.root
[COPY] event=56278, trackID=1, T0=-0.989873 -> /Volumes/ssd_zhang/thesis_michel/server_processing/t0_rootFiles/beam28777_new202602/wvf_applyCut_removeBeam/wvfFind_event56278_trackID1_opNum9.root
[COPY] event=56278, trackID=1, T0=-0.989873 -> /Volumes/ssd_zhang/thesis_michel/server_processing/t0_rootFiles/beam28777_new202602/wvf_applyCut_removeBeam/wvfFind_event56278_trackID1_opNum9_2.root
[COPY] event=5628, trackID=5, T0=-1.66164 -> /Volumes/ssd_zhang/thesis_michel/server_processing/t0_rootFiles/beam28777_new202602/wvf_applyCut_removeBeam/wvfFind_event5628_trackID5_opNum5.root
[COPY] event=56294, trackID=22, T0=-1.72767 -> /Volumes/ssd_zhang/thesis_michel/server_processing/t0_rootFiles/beam28777_new202602/wvf_applyCut_removeBeam/wvfFind_event56294_trackID22_opNum6_merged.root
[COPY] event=56305, trackID=17, T0=-1.88113 -> /Volumes/ssd_zhang/thesis_michel/server_processing/t0_rootFiles/beam28777_new202602/wvf_applyCut_removeBeam/wvfFind_event56305_trackID17_opNum4.root
[COPY] event=56307, trackID=2, T0=-1.98992 -> /Volumes/ssd_zhang/thesis_michel/server_processing/t0_rootFiles/beam28777_new202602/wvf_applyCut_removeBeam/wvfFind_event56307_trackID2_opNum3.root
[COPY] event=56333, trackID=25, T0=-0.836037 -> /Volumes/ssd_zhang/thesis_michel/server_processing/t0_rootFiles/beam28777_new202602/wvf_applyCut_removeBeam/wvfFind_event56333_trackID25_opNum7.root
[COPY] event=56336, trackID=11, T0=-1.8371 -> /Volumes/ssd_zhang/thesis_michel/server_processing/t0_rootFiles/beam28777_new202602/wvf_applyCut_removeBeam/wvfFind_event56336_trackID11_opNum5_merged.root
[COPY] event=56338, trackID=4, T0=-1.12936 -> /Volumes/ssd_zhang/thesis_michel/server_processing/t0_rootFiles/beam28777_new202602/wvf_applyCut_removeBeam/wvfFind_event56338_trackID4_opNum4_merged.root
[COPY] event=56339, trackID=7, T0=-1.37332 -> /Volumes/ssd_zhang/thesis_michel/server_processing/t0_rootFiles/beam28777_new202602/wvf_applyCut_removeBeam/wvfFind_event56339_trackID7_opNum9.root
[COPY] event=56352, trackID=11, T0=-1.4454 -> /Volumes/ssd_zhang/thesis_michel/server_processing/t0_rootFiles/beam28777_new202602/wvf_applyCut_removeBeam/wvfFind_event56352_trackID11_opNum9_merged.root
[COPY] event=56373, trackID=0, T0=-0.181017 -> /Volumes/ssd_zhang/thesis_michel/server_processing/t0_rootFiles/beam28777_new202602/wvf_applyCut_removeBeam/wvfFind_event56373_trackID0_opNum5.root
[COPY] event=56375, trackID=1, T0=-1.16483 -> /Volumes/ssd_zhang/thesis_michel/server_processing/t0_rootFiles/beam28777_new202602/wvf_applyCut_removeBeam/wvfFind_event56375_trackID1_opNum8.root
[COPY] event=56397, trackID=0, T0=0.352131 -> /Volumes/ssd_zhang/thesis_michel/server_processing/t0_rootFiles/beam28777_new202602/wvf_applyCut_removeBeam/wvfFind_event56397_trackID0_opNum8_2.root
[COPY] event=56397, trackID=0, T0=0.352131 -> /Volumes/ssd_zhang/thesis_michel/server_processing/t0_rootFiles/beam28777_new202602/wvf_applyCut_removeBeam/wvfFind_event56397_trackID0_opNum9_merged.root
[COPY] event=56436, trackID=16, T0=-2.34722 -> /Volumes/ssd_zhang/thesis_michel/server_processing/t0_rootFiles/beam28777_new202602/wvf_applyCut_removeBeam/wvfFind_event56436_trackID16_opNum5.root
[COPY] event=56440, trackID=0, T0=-0.352773 -> /Volumes/ssd_zhang/thesis_michel/server_processing/t0_rootFiles/beam28777_new202602/wvf_applyCut_removeBeam/wvfFind_event56440_trackID0_opNum9.root
[COPY] event=56440, trackID=0, T0=-0.352773 -> /Volumes/ssd_zhang/thesis_michel/server_processing/t0_rootFiles/beam28777_new202602/wvf_applyCut_removeBeam/wvfFind_event56440_trackID0_opNum9_2.root
[COPY] event=56443, trackID=8, T0=1.98964 -> /Volumes/ssd_zhang/thesis_michel/server_processing/t0_rootFiles/beam28777_new202602/wvf_applyCut_removeBeam/wvfFind_event56443_trackID8_opNum9.root
[COPY] event=56444, trackID=6, T0=-0.145733 -> /Volumes/ssd_zhang/thesis_michel/server_processing/t0_rootFiles/beam28777_new202602/wvf_applyCut_removeBeam/wvfFind_event56444_trackID6_opNum4.root
[COPY] event=56445, trackID=3, T0=0.423206 -> /Volumes/ssd_zhang/thesis_michel/server_processing/t0_rootFiles/beam28777_new202602/wvf_applyCut_removeBeam/wvfFind_event56445_trackID3_opNum7_merged.root
[COPY] event=56456, trackID=14, T0=-1.7951 -> /Volumes/ssd_zhang/thesis_michel/server_processing/t0_rootFiles/beam28777_new202602/wvf_applyCut_removeBeam/wvfFind_event56456_trackID14_opNum3.root
[COPY] event=56461, trackID=14, T0=-1.01095 -> /Volumes/ssd_zhang/thesis_michel/server_processing/t0_rootFiles/beam28777_new202602/wvf_applyCut_removeBeam/wvfFind_event56461_trackID14_opNum8.root
[COPY] event=56517, trackID=5, T0=-0.831717 -> /Volumes/ssd_zhang/thesis_michel/server_processing/t0_rootFiles/beam28777_new202602/wvf_applyCut_removeBeam/wvfFind_event56517_trackID5_opNum7_merged.root
[COPY] event=5651, trackID=17, T0=-0.215805 -> /Volumes/ssd_zhang/thesis_michel/server_processing/t0_rootFiles/beam28777_new202602/wvf_applyCut_removeBeam/wvfFind_event5651_trackID17_opNum6.root
[COPY] event=5651, trackID=17, T0=-0.215805 -> /Volumes/ssd_zhang/thesis_michel/server_processing/t0_rootFiles/beam28777_new202602/wvf_applyCut_removeBeam/wvfFind_event5651_trackID17_opNum6_2.root
[COPY] event=5652, trackID=2, T0=-0.198454 -> /Volumes/ssd_zhang/thesis_michel/server_processing/t0_rootFiles/beam28777_new202602/wvf_applyCut_removeBeam/wvfFind_event5652_trackID2_opNum7.root
[COPY] event=56549, trackID=8, T0=-1.71561 -> /Volumes/ssd_zhang/thesis_michel/server_processing/t0_rootFiles/beam28777_new202602/wvf_applyCut_removeBeam/wvfFind_event56549_trackID8_opNum7_merged.root
[COPY] event=56551, trackID=3, T0=-0.499342 -> /Volumes/ssd_zhang/thesis_michel/server_processing/t0_rootFiles/beam28777_new202602/wvf_applyCut_removeBeam/wvfFind_event56551_trackID3_opNum5.root
[COPY] event=5655, trackID=10, T0=-0.349405 -> /Volumes/ssd_zhang/thesis_michel/server_processing/t0_rootFiles/beam28777_new202602/wvf_applyCut_removeBeam/wvfFind_event5655_trackID10_opNum9.root
[COPY] event=56568, trackID=0, T0=0.000713017 -> /Volumes/ssd_zhang/thesis_michel/server_processing/t0_rootFiles/beam28777_new202602/wvf_applyCut_removeBeam/wvfFind_event56568_trackID0_opNum4.root
[COPY] event=56582, trackID=9, T0=-1.83874 -> /Volumes/ssd_zhang/thesis_michel/server_processing/t0_rootFiles/beam28777_new202602/wvf_applyCut_removeBeam/wvfFind_event56582_trackID9_opNum7.root
[COPY] event=56590, trackID=12, T0=-1.20387 -> /Volumes/ssd_zhang/thesis_michel/server_processing/t0_rootFiles/beam28777_new202602/wvf_applyCut_removeBeam/wvfFind_event56590_trackID12_opNum9.root
[COPY] event=56590, trackID=12, T0=-1.20387 -> /Volumes/ssd_zhang/thesis_michel/server_processing/t0_rootFiles/beam28777_new202602/wvf_applyCut_removeBeam/wvfFind_event56590_trackID12_opNum9_2.root
[COPY] event=56599, trackID=1, T0=-0.624113 -> /Volumes/ssd_zhang/thesis_michel/server_processing/t0_rootFiles/beam28777_new202602/wvf_applyCut_removeBeam/wvfFind_event56599_trackID1_opNum3.root
[COPY] event=56599, trackID=1, T0=-0.624113 -> /Volumes/ssd_zhang/thesis_michel/server_processing/t0_rootFiles/beam28777_new202602/wvf_applyCut_removeBeam/wvfFind_event56599_trackID1_opNum3_2.root
[COPY] event=56622, trackID=1, T0=-0.725902 -> /Volumes/ssd_zhang/thesis_michel/server_processing/t0_rootFiles/beam28777_new202602/wvf_applyCut_removeBeam/wvfFind_event56622_trackID1_opNum5.root
[COPY] event=56628, trackID=1, T0=0.226218 -> /Volumes/ssd_zhang/thesis_michel/server_processing/t0_rootFiles/beam28777_new202602/wvf_applyCut_removeBeam/wvfFind_event56628_trackID1_opNum9.root
[COPY] event=56630, trackID=11, T0=-1.51762 -> /Volumes/ssd_zhang/thesis_michel/server_processing/t0_rootFiles/beam28777_new202602/wvf_applyCut_removeBeam/wvfFind_event56630_trackID11_opNum5.root
[COPY] event=56638, trackID=20, T0=-0.245125 -> /Volumes/ssd_zhang/thesis_michel/server_processing/t0_rootFiles/beam28777_new202602/wvf_applyCut_removeBeam/wvfFind_event56638_trackID20_opNum6.root
[COPY] event=56639, trackID=6, T0=-1.12286 -> /Volumes/ssd_zhang/thesis_michel/server_processing/t0_rootFiles/beam28777_new202602/wvf_applyCut_removeBeam/wvfFind_event56639_trackID6_opNum9.root
[COPY] event=5663, trackID=0, T0=0.429664 -> /Volumes/ssd_zhang/thesis_michel/server_processing/t0_rootFiles/beam28777_new202602/wvf_applyCut_removeBeam/wvfFind_event5663_trackID0_opNum9.root
[COPY] event=56646, trackID=13, T0=-1.89708 -> /Volumes/ssd_zhang/thesis_michel/server_processing/t0_rootFiles/beam28777_new202602/wvf_applyCut_removeBeam/wvfFind_event56646_trackID13_opNum3_merged.root
[COPY] event=56651, trackID=10, T0=-1.62192 -> /Volumes/ssd_zhang/thesis_michel/server_processing/t0_rootFiles/beam28777_new202602/wvf_applyCut_removeBeam/wvfFind_event56651_trackID10_opNum8.root
[COPY] event=56663, trackID=10, T0=0.0871063 -> /Volumes/ssd_zhang/thesis_michel/server_processing/t0_rootFiles/beam28777_new202602/wvf_applyCut_removeBeam/wvfFind_event56663_trackID10_opNum4_merged.root
[COPY] event=5670, trackID=17, T0=0.0793215 -> /Volumes/ssd_zhang/thesis_michel/server_processing/t0_rootFiles/beam28777_new202602/wvf_applyCut_removeBeam/wvfFind_event5670_trackID17_opNum9.root
[COPY] event=56742, trackID=2, T0=0.190431 -> /Volumes/ssd_zhang/thesis_michel/server_processing/t0_rootFiles/beam28777_new202602/wvf_applyCut_removeBeam/wvfFind_event56742_trackID2_opNum3.root
[SKIP] (in range) event=56767, trackID=19, T0=-0.0686252
[COPY] event=56775, trackID=11, T0=-0.011887 -> /Volumes/ssd_zhang/thesis_michel/server_processing/t0_rootFiles/beam28777_new202602/wvf_applyCut_removeBeam/wvfFind_event56775_trackID11_opNum4.root
[COPY] event=56776, trackID=18, T0=-1.94091 -> /Volumes/ssd_zhang/thesis_michel/server_processing/t0_rootFiles/beam28777_new202602/wvf_applyCut_removeBeam/wvfFind_event56776_trackID18_opNum4.root
[COPY] event=56817, trackID=17, T0=-1.62076 -> /Volumes/ssd_zhang/thesis_michel/server_processing/t0_rootFiles/beam28777_new202602/wvf_applyCut_removeBeam/wvfFind_event56817_trackID17_opNum7.root
[COPY] event=56822, trackID=1, T0=-0.914226 -> /Volumes/ssd_zhang/thesis_michel/server_processing/t0_rootFiles/beam28777_new202602/wvf_applyCut_removeBeam/wvfFind_event56822_trackID1_opNum9.root
[COPY] event=56833, trackID=5, T0=-0.996423 -> /Volumes/ssd_zhang/thesis_michel/server_processing/t0_rootFiles/beam28777_new202602/wvf_applyCut_removeBeam/wvfFind_event56833_trackID5_opNum9.root
[COPY] event=56837, trackID=3, T0=-0.940891 -> /Volumes/ssd_zhang/thesis_michel/server_processing/t0_rootFiles/beam28777_new202602/wvf_applyCut_removeBeam/wvfFind_event56837_trackID3_opNum4.root
[COPY] event=5684, trackID=3, T0=-1.17567 -> /Volumes/ssd_zhang/thesis_michel/server_processing/t0_rootFiles/beam28777_new202602/wvf_applyCut_removeBeam/wvfFind_event5684_trackID3_opNum3.root
[COPY] event=56892, trackID=10, T0=-1.71506 -> /Volumes/ssd_zhang/thesis_michel/server_processing/t0_rootFiles/beam28777_new202602/wvf_applyCut_removeBeam/wvfFind_event56892_trackID10_opNum7_merged.root
[COPY] event=56945, trackID=0, T0=0.158992 -> /Volumes/ssd_zhang/thesis_michel/server_processing/t0_rootFiles/beam28777_new202602/wvf_applyCut_removeBeam/wvfFind_event56945_trackID0_opNum9.root
[COPY] event=56945, trackID=0, T0=0.158992 -> /Volumes/ssd_zhang/thesis_michel/server_processing/t0_rootFiles/beam28777_new202602/wvf_applyCut_removeBeam/wvfFind_event56945_trackID0_opNum9_2.root
[COPY] event=56948, trackID=0, T0=-1.53628 -> /Volumes/ssd_zhang/thesis_michel/server_processing/t0_rootFiles/beam28777_new202602/wvf_applyCut_removeBeam/wvfFind_event56948_trackID0_opNum4.root
[COPY] event=56948, trackID=0, T0=-1.53628 -> /Volumes/ssd_zhang/thesis_michel/server_processing/t0_rootFiles/beam28777_new202602/wvf_applyCut_removeBeam/wvfFind_event56948_trackID0_opNum4_2.root
[COPY] event=56948, trackID=0, T0=-1.53628 -> /Volumes/ssd_zhang/thesis_michel/server_processing/t0_rootFiles/beam28777_new202602/wvf_applyCut_removeBeam/wvfFind_event56948_trackID0_opNum4_3.root
[COPY] event=56948, trackID=7, T0=0.145803 -> /Volumes/ssd_zhang/thesis_michel/server_processing/t0_rootFiles/beam28777_new202602/wvf_applyCut_removeBeam/wvfFind_event56948_trackID7_opNum9.root
[COPY] event=56954, trackID=22, T0=-2.24902 -> /Volumes/ssd_zhang/thesis_michel/server_processing/t0_rootFiles/beam28777_new202602/wvf_applyCut_removeBeam/wvfFind_event56954_trackID22_opNum3.root
[COPY] event=56962, trackID=0, T0=-1.31948 -> /Volumes/ssd_zhang/thesis_michel/server_processing/t0_rootFiles/beam28777_new202602/wvf_applyCut_removeBeam/wvfFind_event56962_trackID0_opNum5.root
[COPY] event=56974, trackID=7, T0=-1.87654 -> /Volumes/ssd_zhang/thesis_michel/server_processing/t0_rootFiles/beam28777_new202602/wvf_applyCut_removeBeam/wvfFind_event56974_trackID7_opNum7.root
[COPY] event=57001, trackID=9, T0=0.388237 -> /Volumes/ssd_zhang/thesis_michel/server_processing/t0_rootFiles/beam28777_new202602/wvf_applyCut_removeBeam/wvfFind_event57001_trackID9_opNum9.root
[COPY] event=57003, trackID=0, T0=-0.129777 -> /Volumes/ssd_zhang/thesis_michel/server_processing/t0_rootFiles/beam28777_new202602/wvf_applyCut_removeBeam/wvfFind_event57003_trackID0_opNum5.root
[COPY] event=57012, trackID=0, T0=-0.246728 -> /Volumes/ssd_zhang/thesis_michel/server_processing/t0_rootFiles/beam28777_new202602/wvf_applyCut_removeBeam/wvfFind_event57012_trackID0_opNum5.root
[COPY] event=57021, trackID=21, T0=-0.976655 -> /Volumes/ssd_zhang/thesis_michel/server_processing/t0_rootFiles/beam28777_new202602/wvf_applyCut_removeBeam/wvfFind_event57021_trackID21_opNum7.root
[COPY] event=57035, trackID=9, T0=-0.900533 -> /Volumes/ssd_zhang/thesis_michel/server_processing/t0_rootFiles/beam28777_new202602/wvf_applyCut_removeBeam/wvfFind_event57035_trackID9_opNum6.root
[COPY] event=57038, trackID=14, T0=0.449815 -> /Volumes/ssd_zhang/thesis_michel/server_processing/t0_rootFiles/beam28777_new202602/wvf_applyCut_removeBeam/wvfFind_event57038_trackID14_opNum9.root
[COPY] event=57076, trackID=15, T0=-0.923416 -> /Volumes/ssd_zhang/thesis_michel/server_processing/t0_rootFiles/beam28777_new202602/wvf_applyCut_removeBeam/wvfFind_event57076_trackID15_opNum3_merged.root
[COPY] event=57082, trackID=6, T0=0.14224 -> /Volumes/ssd_zhang/thesis_michel/server_processing/t0_rootFiles/beam28777_new202602/wvf_applyCut_removeBeam/wvfFind_event57082_trackID6_opNum5.root
[COPY] event=57093, trackID=7, T0=0.136939 -> /Volumes/ssd_zhang/thesis_michel/server_processing/t0_rootFiles/beam28777_new202602/wvf_applyCut_removeBeam/wvfFind_event57093_trackID7_opNum8.root
[SKIP] (in range) event=57103, trackID=6, T0=-0.109993
[COPY] event=57141, trackID=9, T0=-1.41131 -> /Volumes/ssd_zhang/thesis_michel/server_processing/t0_rootFiles/beam28777_new202602/wvf_applyCut_removeBeam/wvfFind_event57141_trackID9_opNum3.root
[COPY] event=57143, trackID=6, T0=-1.45044 -> /Volumes/ssd_zhang/thesis_michel/server_processing/t0_rootFiles/beam28777_new202602/wvf_applyCut_removeBeam/wvfFind_event57143_trackID6_opNum3.root
[COPY] event=5714, trackID=8, T0=0.333651 -> /Volumes/ssd_zhang/thesis_michel/server_processing/t0_rootFiles/beam28777_new202602/wvf_applyCut_removeBeam/wvfFind_event5714_trackID8_opNum3.root
[COPY] event=57151, trackID=9, T0=-1.33001 -> /Volumes/ssd_zhang/thesis_michel/server_processing/t0_rootFiles/beam28777_new202602/wvf_applyCut_removeBeam/wvfFind_event57151_trackID9_opNum9.root
[COPY] event=57164, trackID=2, T0=-1.57835 -> /Volumes/ssd_zhang/thesis_michel/server_processing/t0_rootFiles/beam28777_new202602/wvf_applyCut_removeBeam/wvfFind_event57164_trackID2_opNum9.root
[COPY] event=57168, trackID=1, T0=-0.907112 -> /Volumes/ssd_zhang/thesis_michel/server_processing/t0_rootFiles/beam28777_new202602/wvf_applyCut_removeBeam/wvfFind_event57168_trackID1_opNum5.root
[COPY] event=5718, trackID=3, T0=0.366473 -> /Volumes/ssd_zhang/thesis_michel/server_processing/t0_rootFiles/beam28777_new202602/wvf_applyCut_removeBeam/wvfFind_event5718_trackID3_opNum3.root
[COPY] event=5718, trackID=3, T0=0.366473 -> /Volumes/ssd_zhang/thesis_michel/server_processing/t0_rootFiles/beam28777_new202602/wvf_applyCut_removeBeam/wvfFind_event5718_trackID3_opNum3_2.root
[COPY] event=57200, trackID=11, T0=-0.939578 -> /Volumes/ssd_zhang/thesis_michel/server_processing/t0_rootFiles/beam28777_new202602/wvf_applyCut_removeBeam/wvfFind_event57200_trackID11_opNum8.root
[COPY] event=57209, trackID=2, T0=-0.827119 -> /Volumes/ssd_zhang/thesis_michel/server_processing/t0_rootFiles/beam28777_new202602/wvf_applyCut_removeBeam/wvfFind_event57209_trackID2_opNum5.root
[COPY] event=57213, trackID=17, T0=-2.41805 -> /Volumes/ssd_zhang/thesis_michel/server_processing/t0_rootFiles/beam28777_new202602/wvf_applyCut_removeBeam/wvfFind_event57213_trackID17_opNum3.root
[COPY] event=57213, trackID=17, T0=-2.41805 -> /Volumes/ssd_zhang/thesis_michel/server_processing/t0_rootFiles/beam28777_new202602/wvf_applyCut_removeBeam/wvfFind_event57213_trackID17_opNum3_2.root
[COPY] event=57250, trackID=12, T0=-0.943342 -> /Volumes/ssd_zhang/thesis_michel/server_processing/t0_rootFiles/beam28777_new202602/wvf_applyCut_removeBeam/wvfFind_event57250_trackID12_opNum7.root
[COPY] event=57250, trackID=7, T0=-0.531762 -> /Volumes/ssd_zhang/thesis_michel/server_processing/t0_rootFiles/beam28777_new202602/wvf_applyCut_removeBeam/wvfFind_event57250_trackID7_opNum3.root
[COPY] event=57250, trackID=7, T0=-0.531762 -> /Volumes/ssd_zhang/thesis_michel/server_processing/t0_rootFiles/beam28777_new202602/wvf_applyCut_removeBeam/wvfFind_event57250_trackID7_opNum3_2.root
[COPY] event=57255, trackID=16, T0=-0.387868 -> /Volumes/ssd_zhang/thesis_michel/server_processing/t0_rootFiles/beam28777_new202602/wvf_applyCut_removeBeam/wvfFind_event57255_trackID16_opNum4_2.root
[COPY] event=57255, trackID=16, T0=-0.387868 -> /Volumes/ssd_zhang/thesis_michel/server_processing/t0_rootFiles/beam28777_new202602/wvf_applyCut_removeBeam/wvfFind_event57255_trackID16_opNum5_merged.root
[COPY] event=57257, trackID=4, T0=-1.54791 -> /Volumes/ssd_zhang/thesis_michel/server_processing/t0_rootFiles/beam28777_new202602/wvf_applyCut_removeBeam/wvfFind_event57257_trackID4_opNum5.root
[COPY] event=57264, trackID=4, T0=-0.579982 -> /Volumes/ssd_zhang/thesis_michel/server_processing/t0_rootFiles/beam28777_new202602/wvf_applyCut_removeBeam/wvfFind_event57264_trackID4_opNum8.root
[COPY] event=57274, trackID=15, T0=-1.42076 -> /Volumes/ssd_zhang/thesis_michel/server_processing/t0_rootFiles/beam28777_new202602/wvf_applyCut_removeBeam/wvfFind_event57274_trackID15_opNum3.root
[COPY] event=57278, trackID=7, T0=-0.271497 -> /Volumes/ssd_zhang/thesis_michel/server_processing/t0_rootFiles/beam28777_new202602/wvf_applyCut_removeBeam/wvfFind_event57278_trackID7_opNum5.root
[COPY] event=57285, trackID=10, T0=-1.04472 -> /Volumes/ssd_zhang/thesis_michel/server_processing/t0_rootFiles/beam28777_new202602/wvf_applyCut_removeBeam/wvfFind_event57285_trackID10_opNum8_merged.root
[COPY] event=57295, trackID=25, T0=-1.23751 -> /Volumes/ssd_zhang/thesis_michel/server_processing/t0_rootFiles/beam28777_new202602/wvf_applyCut_removeBeam/wvfFind_event57295_trackID25_opNum6.root
[SKIP] (in range) event=5730, trackID=12, T0=-0.115683
[COPY] event=5730, trackID=29, T0=-2.25156 -> /Volumes/ssd_zhang/thesis_michel/server_processing/t0_rootFiles/beam28777_new202602/wvf_applyCut_removeBeam/wvfFind_event5730_trackID29_opNum8.root
[COPY] event=57328, trackID=19, T0=1.51258 -> /Volumes/ssd_zhang/thesis_michel/server_processing/t0_rootFiles/beam28777_new202602/wvf_applyCut_removeBeam/wvfFind_event57328_trackID19_opNum9.root
[COPY] event=57332, trackID=11, T0=-1.13093 -> /Volumes/ssd_zhang/thesis_michel/server_processing/t0_rootFiles/beam28777_new202602/wvf_applyCut_removeBeam/wvfFind_event57332_trackID11_opNum8.root
[COPY] event=57349, trackID=18, T0=-2.15227 -> /Volumes/ssd_zhang/thesis_michel/server_processing/t0_rootFiles/beam28777_new202602/wvf_applyCut_removeBeam/wvfFind_event57349_trackID18_opNum9.root
[COPY] event=57349, trackID=18, T0=-2.15227 -> /Volumes/ssd_zhang/thesis_michel/server_processing/t0_rootFiles/beam28777_new202602/wvf_applyCut_removeBeam/wvfFind_event57349_trackID18_opNum9_2.root
[COPY] event=57352, trackID=14, T0=2.28556 -> /Volumes/ssd_zhang/thesis_michel/server_processing/t0_rootFiles/beam28777_new202602/wvf_applyCut_removeBeam/wvfFind_event57352_trackID14_opNum9.root
[COPY] event=57361, trackID=19, T0=-1.41517 -> /Volumes/ssd_zhang/thesis_michel/server_processing/t0_rootFiles/beam28777_new202602/wvf_applyCut_removeBeam/wvfFind_event57361_trackID19_opNum9.root
[COPY] event=5737, trackID=1, T0=-0.302167 -> /Volumes/ssd_zhang/thesis_michel/server_processing/t0_rootFiles/beam28777_new202602/wvf_applyCut_removeBeam/wvfFind_event5737_trackID1_opNum5.root
[COPY] event=57386, trackID=27, T0=-2.41467 -> /Volumes/ssd_zhang/thesis_michel/server_processing/t0_rootFiles/beam28777_new202602/wvf_applyCut_removeBeam/wvfFind_event57386_trackID27_opNum6.root
[COPY] event=57404, trackID=7, T0=0.0646036 -> /Volumes/ssd_zhang/thesis_michel/server_processing/t0_rootFiles/beam28777_new202602/wvf_applyCut_removeBeam/wvfFind_event57404_trackID7_opNum3_merged.root
[COPY] event=57434, trackID=10, T0=-0.154215 -> /Volumes/ssd_zhang/thesis_michel/server_processing/t0_rootFiles/beam28777_new202602/wvf_applyCut_removeBeam/wvfFind_event57434_trackID10_opNum5.root
[COPY] event=57434, trackID=10, T0=-0.154215 -> /Volumes/ssd_zhang/thesis_michel/server_processing/t0_rootFiles/beam28777_new202602/wvf_applyCut_removeBeam/wvfFind_event57434_trackID10_opNum5_2.root
[COPY] event=5743, trackID=2, T0=-0.525037 -> /Volumes/ssd_zhang/thesis_michel/server_processing/t0_rootFiles/beam28777_new202602/wvf_applyCut_removeBeam/wvfFind_event5743_trackID2_opNum4.root
[COPY] event=57440, trackID=14, T0=1.6645 -> /Volumes/ssd_zhang/thesis_michel/server_processing/t0_rootFiles/beam28777_new202602/wvf_applyCut_removeBeam/wvfFind_event57440_trackID14_opNum9.root
[COPY] event=57486, trackID=8, T0=-1.36234 -> /Volumes/ssd_zhang/thesis_michel/server_processing/t0_rootFiles/beam28777_new202602/wvf_applyCut_removeBeam/wvfFind_event57486_trackID8_opNum5.root
[COPY] event=57503, trackID=17, T0=0.240013 -> /Volumes/ssd_zhang/thesis_michel/server_processing/t0_rootFiles/beam28777_new202602/wvf_applyCut_removeBeam/wvfFind_event57503_trackID17_opNum9_merged.root
[COPY] event=57524, trackID=13, T0=-1.76121 -> /Volumes/ssd_zhang/thesis_michel/server_processing/t0_rootFiles/beam28777_new202602/wvf_applyCut_removeBeam/wvfFind_event57524_trackID13_opNum5.root
[COPY] event=5752, trackID=3, T0=-1.48835 -> /Volumes/ssd_zhang/thesis_michel/server_processing/t0_rootFiles/beam28777_new202602/wvf_applyCut_removeBeam/wvfFind_event5752_trackID3_opNum9.root
[COPY] event=57533, trackID=7, T0=-0.0132816 -> /Volumes/ssd_zhang/thesis_michel/server_processing/t0_rootFiles/beam28777_new202602/wvf_applyCut_removeBeam/wvfFind_event57533_trackID7_opNum8.root
[COPY] event=57550, trackID=3, T0=0.462435 -> /Volumes/ssd_zhang/thesis_michel/server_processing/t0_rootFiles/beam28777_new202602/wvf_applyCut_removeBeam/wvfFind_event57550_trackID3_opNum9.root
[COPY] event=57567, trackID=19, T0=-2.17381 -> /Volumes/ssd_zhang/thesis_michel/server_processing/t0_rootFiles/beam28777_new202602/wvf_applyCut_removeBeam/wvfFind_event57567_trackID19_opNum9.root
[COPY] event=5756, trackID=3, T0=-1.10302 -> /Volumes/ssd_zhang/thesis_michel/server_processing/t0_rootFiles/beam28777_new202602/wvf_applyCut_removeBeam/wvfFind_event5756_trackID3_opNum4.root
[COPY] event=57592, trackID=1, T0=-0.467809 -> /Volumes/ssd_zhang/thesis_michel/server_processing/t0_rootFiles/beam28777_new202602/wvf_applyCut_removeBeam/wvfFind_event57592_trackID1_opNum3.root
[COPY] event=57627, trackID=7, T0=-1.20032 -> /Volumes/ssd_zhang/thesis_michel/server_processing/t0_rootFiles/beam28777_new202602/wvf_applyCut_removeBeam/wvfFind_event57627_trackID7_opNum3.root
[COPY] event=57629, trackID=10, T0=-2.32027 -> /Volumes/ssd_zhang/thesis_michel/server_processing/t0_rootFiles/beam28777_new202602/wvf_applyCut_removeBeam/wvfFind_event57629_trackID10_opNum9.root
[COPY] event=57629, trackID=10, T0=-2.32027 -> /Volumes/ssd_zhang/thesis_michel/server_processing/t0_rootFiles/beam28777_new202602/wvf_applyCut_removeBeam/wvfFind_event57629_trackID10_opNum9_2.root
[COPY] event=5763, trackID=5, T0=-1.18267 -> /Volumes/ssd_zhang/thesis_michel/server_processing/t0_rootFiles/beam28777_new202602/wvf_applyCut_removeBeam/wvfFind_event5763_trackID5_opNum8.root
[COPY] event=57671, trackID=4, T0=-1.10225 -> /Volumes/ssd_zhang/thesis_michel/server_processing/t0_rootFiles/beam28777_new202602/wvf_applyCut_removeBeam/wvfFind_event57671_trackID4_opNum4.root
[COPY] event=57671, trackID=4, T0=-1.10225 -> /Volumes/ssd_zhang/thesis_michel/server_processing/t0_rootFiles/beam28777_new202602/wvf_applyCut_removeBeam/wvfFind_event57671_trackID4_opNum4_2.root
[COPY] event=57673, trackID=1, T0=0.0640415 -> /Volumes/ssd_zhang/thesis_michel/server_processing/t0_rootFiles/beam28777_new202602/wvf_applyCut_removeBeam/wvfFind_event57673_trackID1_opNum5.root
[COPY] event=57674, trackID=6, T0=-1.28945 -> /Volumes/ssd_zhang/thesis_michel/server_processing/t0_rootFiles/beam28777_new202602/wvf_applyCut_removeBeam/wvfFind_event57674_trackID6_opNum4.root
[COPY] event=5770, trackID=2, T0=-0.945553 -> /Volumes/ssd_zhang/thesis_michel/server_processing/t0_rootFiles/beam28777_new202602/wvf_applyCut_removeBeam/wvfFind_event5770_trackID2_opNum8.root
[COPY] event=57711, trackID=22, T0=-1.24009 -> /Volumes/ssd_zhang/thesis_michel/server_processing/t0_rootFiles/beam28777_new202602/wvf_applyCut_removeBeam/wvfFind_event57711_trackID22_opNum3.root
[COPY] event=5771, trackID=6, T0=-1.19494 -> /Volumes/ssd_zhang/thesis_michel/server_processing/t0_rootFiles/beam28777_new202602/wvf_applyCut_removeBeam/wvfFind_event5771_trackID6_opNum5.root
[COPY] event=57720, trackID=27, T0=-1.55886 -> /Volumes/ssd_zhang/thesis_michel/server_processing/t0_rootFiles/beam28777_new202602/wvf_applyCut_removeBeam/wvfFind_event57720_trackID27_opNum9_merged.root
[COPY] event=57723, trackID=12, T0=0.378503 -> /Volumes/ssd_zhang/thesis_michel/server_processing/t0_rootFiles/beam28777_new202602/wvf_applyCut_removeBeam/wvfFind_event57723_trackID12_opNum8.root
[COPY] event=5775, trackID=0, T0=0.294368 -> /Volumes/ssd_zhang/thesis_michel/server_processing/t0_rootFiles/beam28777_new202602/wvf_applyCut_removeBeam/wvfFind_event5775_trackID0_opNum3.root
[COPY] event=57830, trackID=10, T0=-1.07188 -> /Volumes/ssd_zhang/thesis_michel/server_processing/t0_rootFiles/beam28777_new202602/wvf_applyCut_removeBeam/wvfFind_event57830_trackID10_opNum3.root
[COPY] event=57833, trackID=23, T0=-2.3056 -> /Volumes/ssd_zhang/thesis_michel/server_processing/t0_rootFiles/beam28777_new202602/wvf_applyCut_removeBeam/wvfFind_event57833_trackID23_opNum8_merged.root
[COPY] event=57836, trackID=15, T0=-0.144174 -> /Volumes/ssd_zhang/thesis_michel/server_processing/t0_rootFiles/beam28777_new202602/wvf_applyCut_removeBeam/wvfFind_event57836_trackID15_opNum5.root
[COPY] event=57848, trackID=11, T0=-1.98477 -> /Volumes/ssd_zhang/thesis_michel/server_processing/t0_rootFiles/beam28777_new202602/wvf_applyCut_removeBeam/wvfFind_event57848_trackID11_opNum8_merged.root
[COPY] event=57848, trackID=6, T0=-0.415684 -> /Volumes/ssd_zhang/thesis_michel/server_processing/t0_rootFiles/beam28777_new202602/wvf_applyCut_removeBeam/wvfFind_event57848_trackID6_opNum3.root
[COPY] event=5784, trackID=29, T0=2.48283 -> /Volumes/ssd_zhang/thesis_michel/server_processing/t0_rootFiles/beam28777_new202602/wvf_applyCut_removeBeam/wvfFind_event5784_trackID29_opNum6.root
[COPY] event=57852, trackID=1, T0=-0.438364 -> /Volumes/ssd_zhang/thesis_michel/server_processing/t0_rootFiles/beam28777_new202602/wvf_applyCut_removeBeam/wvfFind_event57852_trackID1_opNum4.root
[COPY] event=57865, trackID=2, T0=-1.55966 -> /Volumes/ssd_zhang/thesis_michel/server_processing/t0_rootFiles/beam28777_new202602/wvf_applyCut_removeBeam/wvfFind_event57865_trackID2_opNum9.root
[COPY] event=57875, trackID=21, T0=-2.16723 -> /Volumes/ssd_zhang/thesis_michel/server_processing/t0_rootFiles/beam28777_new202602/wvf_applyCut_removeBeam/wvfFind_event57875_trackID21_opNum6.root
[COPY] event=57932, trackID=1, T0=-1.20721 -> /Volumes/ssd_zhang/thesis_michel/server_processing/t0_rootFiles/beam28777_new202602/wvf_applyCut_removeBeam/wvfFind_event57932_trackID1_opNum4.root
[COPY] event=5793, trackID=4, T0=-1.2723 -> /Volumes/ssd_zhang/thesis_michel/server_processing/t0_rootFiles/beam28777_new202602/wvf_applyCut_removeBeam/wvfFind_event5793_trackID4_opNum3.root
[COPY] event=57940, trackID=2, T0=-0.744785 -> /Volumes/ssd_zhang/thesis_michel/server_processing/t0_rootFiles/beam28777_new202602/wvf_applyCut_removeBeam/wvfFind_event57940_trackID2_opNum4.root
[COPY] event=57940, trackID=2, T0=-0.744785 -> /Volumes/ssd_zhang/thesis_michel/server_processing/t0_rootFiles/beam28777_new202602/wvf_applyCut_removeBeam/wvfFind_event57940_trackID2_opNum4_2.root
[COPY] event=57945, trackID=5, T0=-1.88204 -> /Volumes/ssd_zhang/thesis_michel/server_processing/t0_rootFiles/beam28777_new202602/wvf_applyCut_removeBeam/wvfFind_event57945_trackID5_opNum6_2.root
[COPY] event=57945, trackID=5, T0=-1.88204 -> /Volumes/ssd_zhang/thesis_michel/server_processing/t0_rootFiles/beam28777_new202602/wvf_applyCut_removeBeam/wvfFind_event57945_trackID5_opNum8_merged.root
[COPY] event=57980, trackID=26, T0=0.336408 -> /Volumes/ssd_zhang/thesis_michel/server_processing/t0_rootFiles/beam28777_new202602/wvf_applyCut_removeBeam/wvfFind_event57980_trackID26_opNum6.root
[COPY] event=57981, trackID=4, T0=-0.150692 -> /Volumes/ssd_zhang/thesis_michel/server_processing/t0_rootFiles/beam28777_new202602/wvf_applyCut_removeBeam/wvfFind_event57981_trackID4_opNum7_merged.root
[COPY] event=57995, trackID=17, T0=-0.0230565 -> /Volumes/ssd_zhang/thesis_michel/server_processing/t0_rootFiles/beam28777_new202602/wvf_applyCut_removeBeam/wvfFind_event57995_trackID17_opNum9.root
[COPY] event=58017, trackID=21, T0=-1.79465 -> /Volumes/ssd_zhang/thesis_michel/server_processing/t0_rootFiles/beam28777_new202602/wvf_applyCut_removeBeam/wvfFind_event58017_trackID21_opNum3.root
[COPY] event=58019, trackID=11, T0=1.90758 -> /Volumes/ssd_zhang/thesis_michel/server_processing/t0_rootFiles/beam28777_new202602/wvf_applyCut_removeBeam/wvfFind_event58019_trackID11_opNum9.root
[COPY] event=58023, trackID=12, T0=-1.33709 -> /Volumes/ssd_zhang/thesis_michel/server_processing/t0_rootFiles/beam28777_new202602/wvf_applyCut_removeBeam/wvfFind_event58023_trackID12_opNum5.root
[COPY] event=58063, trackID=3, T0=0.27124 -> /Volumes/ssd_zhang/thesis_michel/server_processing/t0_rootFiles/beam28777_new202602/wvf_applyCut_removeBeam/wvfFind_event58063_trackID3_opNum3.root
[COPY] event=58066, trackID=12, T0=-0.664119 -> /Volumes/ssd_zhang/thesis_michel/server_processing/t0_rootFiles/beam28777_new202602/wvf_applyCut_removeBeam/wvfFind_event58066_trackID12_opNum4.root
[SKIP] (in range) event=58072, trackID=15, T0=-0.0744355
[COPY] event=5808, trackID=1, T0=-0.710464 -> /Volumes/ssd_zhang/thesis_michel/server_processing/t0_rootFiles/beam28777_new202602/wvf_applyCut_removeBeam/wvfFind_event5808_trackID1_opNum4.root
[COPY] event=5808, trackID=3, T0=-0.754474 -> /Volumes/ssd_zhang/thesis_michel/server_processing/t0_rootFiles/beam28777_new202602/wvf_applyCut_removeBeam/wvfFind_event5808_trackID3_opNum8.root
[COPY] event=58111, trackID=7, T0=-1.36731 -> /Volumes/ssd_zhang/thesis_michel/server_processing/t0_rootFiles/beam28777_new202602/wvf_applyCut_removeBeam/wvfFind_event58111_trackID7_opNum4_merged.root
[COPY] event=58146, trackID=19, T0=0.0257223 -> /Volumes/ssd_zhang/thesis_michel/server_processing/t0_rootFiles/beam28777_new202602/wvf_applyCut_removeBeam/wvfFind_event58146_trackID19_opNum9.root
[COPY] event=58148, trackID=5, T0=-0.544427 -> /Volumes/ssd_zhang/thesis_michel/server_processing/t0_rootFiles/beam28777_new202602/wvf_applyCut_removeBeam/wvfFind_event58148_trackID5_opNum7.root
[COPY] event=58151, trackID=14, T0=-2.27211 -> /Volumes/ssd_zhang/thesis_michel/server_processing/t0_rootFiles/beam28777_new202602/wvf_applyCut_removeBeam/wvfFind_event58151_trackID14_opNum9.root
[COPY] event=58156, trackID=10, T0=-0.758125 -> /Volumes/ssd_zhang/thesis_michel/server_processing/t0_rootFiles/beam28777_new202602/wvf_applyCut_removeBeam/wvfFind_event58156_trackID10_opNum3.root
[COPY] event=58164, trackID=22, T0=-2.32912 -> /Volumes/ssd_zhang/thesis_michel/server_processing/t0_rootFiles/beam28777_new202602/wvf_applyCut_removeBeam/wvfFind_event58164_trackID22_opNum9.root
[COPY] event=58166, trackID=2, T0=-0.691854 -> /Volumes/ssd_zhang/thesis_michel/server_processing/t0_rootFiles/beam28777_new202602/wvf_applyCut_removeBeam/wvfFind_event58166_trackID2_opNum5.root
[COPY] event=58166, trackID=2, T0=-0.691854 -> /Volumes/ssd_zhang/thesis_michel/server_processing/t0_rootFiles/beam28777_new202602/wvf_applyCut_removeBeam/wvfFind_event58166_trackID2_opNum5_2.root
[COPY] event=58166, trackID=2, T0=-0.691854 -> /Volumes/ssd_zhang/thesis_michel/server_processing/t0_rootFiles/beam28777_new202602/wvf_applyCut_removeBeam/wvfFind_event58166_trackID2_opNum5_3.root
[COPY] event=58216, trackID=9, T0=-1.06796 -> /Volumes/ssd_zhang/thesis_michel/server_processing/t0_rootFiles/beam28777_new202602/wvf_applyCut_removeBeam/wvfFind_event58216_trackID9_opNum4.root
[COPY] event=58219, trackID=8, T0=0.292886 -> /Volumes/ssd_zhang/thesis_michel/server_processing/t0_rootFiles/beam28777_new202602/wvf_applyCut_removeBeam/wvfFind_event58219_trackID8_opNum3.root
[COPY] event=58219, trackID=8, T0=0.292886 -> /Volumes/ssd_zhang/thesis_michel/server_processing/t0_rootFiles/beam28777_new202602/wvf_applyCut_removeBeam/wvfFind_event58219_trackID8_opNum3_2.root
[COPY] event=58253, trackID=0, T0=-0.171472 -> /Volumes/ssd_zhang/thesis_michel/server_processing/t0_rootFiles/beam28777_new202602/wvf_applyCut_removeBeam/wvfFind_event58253_trackID0_opNum5.root
[COPY] event=58253, trackID=0, T0=-0.171472 -> /Volumes/ssd_zhang/thesis_michel/server_processing/t0_rootFiles/beam28777_new202602/wvf_applyCut_removeBeam/wvfFind_event58253_trackID0_opNum5_2.root
[COPY] event=58259, trackID=5, T0=0.405077 -> /Volumes/ssd_zhang/thesis_michel/server_processing/t0_rootFiles/beam28777_new202602/wvf_applyCut_removeBeam/wvfFind_event58259_trackID5_opNum9.root
[COPY] event=58259, trackID=5, T0=0.405077 -> /Volumes/ssd_zhang/thesis_michel/server_processing/t0_rootFiles/beam28777_new202602/wvf_applyCut_removeBeam/wvfFind_event58259_trackID5_opNum9_2.root
[COPY] event=58259, trackID=5, T0=0.405077 -> /Volumes/ssd_zhang/thesis_michel/server_processing/t0_rootFiles/beam28777_new202602/wvf_applyCut_removeBeam/wvfFind_event58259_trackID5_opNum9_3.root
[COPY] event=58272, trackID=6, T0=-0.471989 -> /Volumes/ssd_zhang/thesis_michel/server_processing/t0_rootFiles/beam28777_new202602/wvf_applyCut_removeBeam/wvfFind_event58272_trackID6_opNum3_merged.root
[COPY] event=58287, trackID=12, T0=-1.26918 -> /Volumes/ssd_zhang/thesis_michel/server_processing/t0_rootFiles/beam28777_new202602/wvf_applyCut_removeBeam/wvfFind_event58287_trackID12_opNum9.root
[COPY] event=58298, trackID=3, T0=-0.532522 -> /Volumes/ssd_zhang/thesis_michel/server_processing/t0_rootFiles/beam28777_new202602/wvf_applyCut_removeBeam/wvfFind_event58298_trackID3_opNum9.root
[SKIP] (in range) event=58310, trackID=13, T0=-0.0818218
[COPY] event=58335, trackID=9, T0=-1.42105 -> /Volumes/ssd_zhang/thesis_michel/server_processing/t0_rootFiles/beam28777_new202602/wvf_applyCut_removeBeam/wvfFind_event58335_trackID9_opNum6.root
[COPY] event=58335, trackID=9, T0=-1.42105 -> /Volumes/ssd_zhang/thesis_michel/server_processing/t0_rootFiles/beam28777_new202602/wvf_applyCut_removeBeam/wvfFind_event58335_trackID9_opNum6_2.root
[COPY] event=58338, trackID=13, T0=-1.7333 -> /Volumes/ssd_zhang/thesis_michel/server_processing/t0_rootFiles/beam28777_new202602/wvf_applyCut_removeBeam/wvfFind_event58338_trackID13_opNum8.root
[COPY] event=58344, trackID=4, T0=-1.6035 -> /Volumes/ssd_zhang/thesis_michel/server_processing/t0_rootFiles/beam28777_new202602/wvf_applyCut_removeBeam/wvfFind_event58344_trackID4_opNum6_merged.root
[COPY] event=58358, trackID=26, T0=-1.66597 -> /Volumes/ssd_zhang/thesis_michel/server_processing/t0_rootFiles/beam28777_new202602/wvf_applyCut_removeBeam/wvfFind_event58358_trackID26_opNum8.root
[COPY] event=58368, trackID=6, T0=-1.9726 -> /Volumes/ssd_zhang/thesis_michel/server_processing/t0_rootFiles/beam28777_new202602/wvf_applyCut_removeBeam/wvfFind_event58368_trackID6_opNum5.root
[COPY] event=58376, trackID=15, T0=-2.37895 -> /Volumes/ssd_zhang/thesis_michel/server_processing/t0_rootFiles/beam28777_new202602/wvf_applyCut_removeBeam/wvfFind_event58376_trackID15_opNum4.root
[COPY] event=58376, trackID=6, T0=-1.56154 -> /Volumes/ssd_zhang/thesis_michel/server_processing/t0_rootFiles/beam28777_new202602/wvf_applyCut_removeBeam/wvfFind_event58376_trackID6_opNum4.root
[COPY] event=58386, trackID=13, T0=-0.466687 -> /Volumes/ssd_zhang/thesis_michel/server_processing/t0_rootFiles/beam28777_new202602/wvf_applyCut_removeBeam/wvfFind_event58386_trackID13_opNum3.root
[COPY] event=58386, trackID=3, T0=-1.03998 -> /Volumes/ssd_zhang/thesis_michel/server_processing/t0_rootFiles/beam28777_new202602/wvf_applyCut_removeBeam/wvfFind_event58386_trackID3_opNum4_merged.root
[COPY] event=58389, trackID=11, T0=-1.84242 -> /Volumes/ssd_zhang/thesis_michel/server_processing/t0_rootFiles/beam28777_new202602/wvf_applyCut_removeBeam/wvfFind_event58389_trackID11_opNum3.root
[COPY] event=58397, trackID=2, T0=-1.01512 -> /Volumes/ssd_zhang/thesis_michel/server_processing/t0_rootFiles/beam28777_new202602/wvf_applyCut_removeBeam/wvfFind_event58397_trackID2_opNum8_merged.root
[COPY] event=58414, trackID=4, T0=-1.45355 -> /Volumes/ssd_zhang/thesis_michel/server_processing/t0_rootFiles/beam28777_new202602/wvf_applyCut_removeBeam/wvfFind_event58414_trackID4_opNum6.root
[COPY] event=58427, trackID=2, T0=-1.54205 -> /Volumes/ssd_zhang/thesis_michel/server_processing/t0_rootFiles/beam28777_new202602/wvf_applyCut_removeBeam/wvfFind_event58427_trackID2_opNum3.root
[COPY] event=58433, trackID=9, T0=-0.296782 -> /Volumes/ssd_zhang/thesis_michel/server_processing/t0_rootFiles/beam28777_new202602/wvf_applyCut_removeBeam/wvfFind_event58433_trackID9_opNum5.root
[COPY] event=58444, trackID=14, T0=-1.73914 -> /Volumes/ssd_zhang/thesis_michel/server_processing/t0_rootFiles/beam28777_new202602/wvf_applyCut_removeBeam/wvfFind_event58444_trackID14_opNum5.root
[COPY] event=58479, trackID=4, T0=0.418706 -> /Volumes/ssd_zhang/thesis_michel/server_processing/t0_rootFiles/beam28777_new202602/wvf_applyCut_removeBeam/wvfFind_event58479_trackID4_opNum9_merged.root
[COPY] event=58494, trackID=5, T0=-0.41903 -> /Volumes/ssd_zhang/thesis_michel/server_processing/t0_rootFiles/beam28777_new202602/wvf_applyCut_removeBeam/wvfFind_event58494_trackID5_opNum9.root
[COPY] event=5853, trackID=10, T0=0.221259 -> /Volumes/ssd_zhang/thesis_michel/server_processing/t0_rootFiles/beam28777_new202602/wvf_applyCut_removeBeam/wvfFind_event5853_trackID10_opNum5.root
[COPY] event=58552, trackID=3, T0=0.0706514 -> /Volumes/ssd_zhang/thesis_michel/server_processing/t0_rootFiles/beam28777_new202602/wvf_applyCut_removeBeam/wvfFind_event58552_trackID3_opNum9.root
[COPY] event=58553, trackID=4, T0=-1.40173 -> /Volumes/ssd_zhang/thesis_michel/server_processing/t0_rootFiles/beam28777_new202602/wvf_applyCut_removeBeam/wvfFind_event58553_trackID4_opNum8_merged.root
[COPY] event=58560, trackID=4, T0=-0.441885 -> /Volumes/ssd_zhang/thesis_michel/server_processing/t0_rootFiles/beam28777_new202602/wvf_applyCut_removeBeam/wvfFind_event58560_trackID4_opNum3.root
[COPY] event=58584, trackID=11, T0=-1.54633 -> /Volumes/ssd_zhang/thesis_michel/server_processing/t0_rootFiles/beam28777_new202602/wvf_applyCut_removeBeam/wvfFind_event58584_trackID11_opNum4.root
[COPY] event=58592, trackID=8, T0=-0.692965 -> /Volumes/ssd_zhang/thesis_michel/server_processing/t0_rootFiles/beam28777_new202602/wvf_applyCut_removeBeam/wvfFind_event58592_trackID8_opNum4.root
[COPY] event=58596, trackID=0, T0=-0.45071 -> /Volumes/ssd_zhang/thesis_michel/server_processing/t0_rootFiles/beam28777_new202602/wvf_applyCut_removeBeam/wvfFind_event58596_trackID0_opNum4_merged.root
[COPY] event=58625, trackID=1, T0=0.330497 -> /Volumes/ssd_zhang/thesis_michel/server_processing/t0_rootFiles/beam28777_new202602/wvf_applyCut_removeBeam/wvfFind_event58625_trackID1_opNum9.root
[COPY] event=58641, trackID=17, T0=0.256057 -> /Volumes/ssd_zhang/thesis_michel/server_processing/t0_rootFiles/beam28777_new202602/wvf_applyCut_removeBeam/wvfFind_event58641_trackID17_opNum9.root
[COPY] event=58641, trackID=2, T0=-0.515248 -> /Volumes/ssd_zhang/thesis_michel/server_processing/t0_rootFiles/beam28777_new202602/wvf_applyCut_removeBeam/wvfFind_event58641_trackID2_opNum9.root
[COPY] event=58643, trackID=13, T0=-0.449932 -> /Volumes/ssd_zhang/thesis_michel/server_processing/t0_rootFiles/beam28777_new202602/wvf_applyCut_removeBeam/wvfFind_event58643_trackID13_opNum6.root
[COPY] event=58643, trackID=13, T0=-0.449932 -> /Volumes/ssd_zhang/thesis_michel/server_processing/t0_rootFiles/beam28777_new202602/wvf_applyCut_removeBeam/wvfFind_event58643_trackID13_opNum6_2.root
[COPY] event=58662, trackID=15, T0=-1.32282 -> /Volumes/ssd_zhang/thesis_michel/server_processing/t0_rootFiles/beam28777_new202602/wvf_applyCut_removeBeam/wvfFind_event58662_trackID15_opNum4_merged.root
[SKIP] (in range) event=58667, trackID=11, T0=-0.094524
[COPY] event=58675, trackID=33, T0=-2.38066 -> /Volumes/ssd_zhang/thesis_michel/server_processing/t0_rootFiles/beam28777_new202602/wvf_applyCut_removeBeam/wvfFind_event58675_trackID33_opNum6.root
[COPY] event=58675, trackID=33, T0=-2.38066 -> /Volumes/ssd_zhang/thesis_michel/server_processing/t0_rootFiles/beam28777_new202602/wvf_applyCut_removeBeam/wvfFind_event58675_trackID33_opNum6_2.root
[COPY] event=58679, trackID=8, T0=-1.69328 -> /Volumes/ssd_zhang/thesis_michel/server_processing/t0_rootFiles/beam28777_new202602/wvf_applyCut_removeBeam/wvfFind_event58679_trackID8_opNum9.root
[COPY] event=58708, trackID=7, T0=-1.75612 -> /Volumes/ssd_zhang/thesis_michel/server_processing/t0_rootFiles/beam28777_new202602/wvf_applyCut_removeBeam/wvfFind_event58708_trackID7_opNum9.root
[COPY] event=58757, trackID=18, T0=-1.65134 -> /Volumes/ssd_zhang/thesis_michel/server_processing/t0_rootFiles/beam28777_new202602/wvf_applyCut_removeBeam/wvfFind_event58757_trackID18_opNum3.root
[COPY] event=58763, trackID=3, T0=-0.167987 -> /Volumes/ssd_zhang/thesis_michel/server_processing/t0_rootFiles/beam28777_new202602/wvf_applyCut_removeBeam/wvfFind_event58763_trackID3_opNum4.root
[COPY] event=58763, trackID=3, T0=-0.167987 -> /Volumes/ssd_zhang/thesis_michel/server_processing/t0_rootFiles/beam28777_new202602/wvf_applyCut_removeBeam/wvfFind_event58763_trackID3_opNum4_2.root
[COPY] event=58778, trackID=8, T0=-1.69027 -> /Volumes/ssd_zhang/thesis_michel/server_processing/t0_rootFiles/beam28777_new202602/wvf_applyCut_removeBeam/wvfFind_event58778_trackID8_opNum8.root
[COPY] event=58783, trackID=4, T0=-0.920029 -> /Volumes/ssd_zhang/thesis_michel/server_processing/t0_rootFiles/beam28777_new202602/wvf_applyCut_removeBeam/wvfFind_event58783_trackID4_opNum8_merged.root
[COPY] event=58807, trackID=15, T0=-0.577942 -> /Volumes/ssd_zhang/thesis_michel/server_processing/t0_rootFiles/beam28777_new202602/wvf_applyCut_removeBeam/wvfFind_event58807_trackID15_opNum9.root
[COPY] event=58824, trackID=11, T0=-2.23627 -> /Volumes/ssd_zhang/thesis_michel/server_processing/t0_rootFiles/beam28777_new202602/wvf_applyCut_removeBeam/wvfFind_event58824_trackID11_opNum3.root
[COPY] event=58829, trackID=6, T0=-1.19786 -> /Volumes/ssd_zhang/thesis_michel/server_processing/t0_rootFiles/beam28777_new202602/wvf_applyCut_removeBeam/wvfFind_event58829_trackID6_opNum8.root
[COPY] event=58830, trackID=13, T0=-0.933172 -> /Volumes/ssd_zhang/thesis_michel/server_processing/t0_rootFiles/beam28777_new202602/wvf_applyCut_removeBeam/wvfFind_event58830_trackID13_opNum8.root
[COPY] event=58831, trackID=11, T0=-0.565218 -> /Volumes/ssd_zhang/thesis_michel/server_processing/t0_rootFiles/beam28777_new202602/wvf_applyCut_removeBeam/wvfFind_event58831_trackID11_opNum9_merged.root
[COPY] event=58832, trackID=14, T0=-2.19272 -> /Volumes/ssd_zhang/thesis_michel/server_processing/t0_rootFiles/beam28777_new202602/wvf_applyCut_removeBeam/wvfFind_event58832_trackID14_opNum5.root
[COPY] event=58865, trackID=19, T0=-2.24803 -> /Volumes/ssd_zhang/thesis_michel/server_processing/t0_rootFiles/beam28777_new202602/wvf_applyCut_removeBeam/wvfFind_event58865_trackID19_opNum8.root
[COPY] event=58875, trackID=29, T0=0.440818 -> /Volumes/ssd_zhang/thesis_michel/server_processing/t0_rootFiles/beam28777_new202602/wvf_applyCut_removeBeam/wvfFind_event58875_trackID29_opNum7.root
[COPY] event=58888, trackID=23, T0=-1.90905 -> /Volumes/ssd_zhang/thesis_michel/server_processing/t0_rootFiles/beam28777_new202602/wvf_applyCut_removeBeam/wvfFind_event58888_trackID23_opNum9.root
[COPY] event=58900, trackID=13, T0=-1.67352 -> /Volumes/ssd_zhang/thesis_michel/server_processing/t0_rootFiles/beam28777_new202602/wvf_applyCut_removeBeam/wvfFind_event58900_trackID13_opNum8.root
[COPY] event=58900, trackID=15, T0=-2.11214 -> /Volumes/ssd_zhang/thesis_michel/server_processing/t0_rootFiles/beam28777_new202602/wvf_applyCut_removeBeam/wvfFind_event58900_trackID15_opNum3.root
[COPY] event=58900, trackID=15, T0=-2.11214 -> /Volumes/ssd_zhang/thesis_michel/server_processing/t0_rootFiles/beam28777_new202602/wvf_applyCut_removeBeam/wvfFind_event58900_trackID15_opNum3_2.root
[COPY] event=5891, trackID=10, T0=0.470695 -> /Volumes/ssd_zhang/thesis_michel/server_processing/t0_rootFiles/beam28777_new202602/wvf_applyCut_removeBeam/wvfFind_event5891_trackID10_opNum9.root
[COPY] event=58939, trackID=15, T0=-1.92069 -> /Volumes/ssd_zhang/thesis_michel/server_processing/t0_rootFiles/beam28777_new202602/wvf_applyCut_removeBeam/wvfFind_event58939_trackID15_opNum9.root
[COPY] event=58939, trackID=8, T0=0.00495288 -> /Volumes/ssd_zhang/thesis_michel/server_processing/t0_rootFiles/beam28777_new202602/wvf_applyCut_removeBeam/wvfFind_event58939_trackID8_opNum4_2.root
[COPY] event=58939, trackID=8, T0=0.00495288 -> /Volumes/ssd_zhang/thesis_michel/server_processing/t0_rootFiles/beam28777_new202602/wvf_applyCut_removeBeam/wvfFind_event58939_trackID8_opNum6_merged.root
[COPY] event=58972, trackID=5, T0=-0.804345 -> /Volumes/ssd_zhang/thesis_michel/server_processing/t0_rootFiles/beam28777_new202602/wvf_applyCut_removeBeam/wvfFind_event58972_trackID5_opNum4.root
[COPY] event=58988, trackID=8, T0=-0.719898 -> /Volumes/ssd_zhang/thesis_michel/server_processing/t0_rootFiles/beam28777_new202602/wvf_applyCut_removeBeam/wvfFind_event58988_trackID8_opNum9.root
[COPY] event=58998, trackID=3, T0=-1.85368 -> /Volumes/ssd_zhang/thesis_michel/server_processing/t0_rootFiles/beam28777_new202602/wvf_applyCut_removeBeam/wvfFind_event58998_trackID3_opNum5.root
[COPY] event=58999, trackID=17, T0=-2.20452 -> /Volumes/ssd_zhang/thesis_michel/server_processing/t0_rootFiles/beam28777_new202602/wvf_applyCut_removeBeam/wvfFind_event58999_trackID17_opNum8.root
[COPY] event=59011, trackID=11, T0=-0.813496 -> /Volumes/ssd_zhang/thesis_michel/server_processing/t0_rootFiles/beam28777_new202602/wvf_applyCut_removeBeam/wvfFind_event59011_trackID11_opNum5.root
[COPY] event=59011, trackID=11, T0=-0.813496 -> /Volumes/ssd_zhang/thesis_michel/server_processing/t0_rootFiles/beam28777_new202602/wvf_applyCut_removeBeam/wvfFind_event59011_trackID11_opNum5_2.root
[COPY] event=59071, trackID=1, T0=-1.36766 -> /Volumes/ssd_zhang/thesis_michel/server_processing/t0_rootFiles/beam28777_new202602/wvf_applyCut_removeBeam/wvfFind_event59071_trackID1_opNum5.root
[COPY] event=59072, trackID=0, T0=0.00753752 -> /Volumes/ssd_zhang/thesis_michel/server_processing/t0_rootFiles/beam28777_new202602/wvf_applyCut_removeBeam/wvfFind_event59072_trackID0_opNum5.root
[COPY] event=59074, trackID=19, T0=-2.13065 -> /Volumes/ssd_zhang/thesis_michel/server_processing/t0_rootFiles/beam28777_new202602/wvf_applyCut_removeBeam/wvfFind_event59074_trackID19_opNum9.root
[COPY] event=5907, trackID=12, T0=-1.79819 -> /Volumes/ssd_zhang/thesis_michel/server_processing/t0_rootFiles/beam28777_new202602/wvf_applyCut_removeBeam/wvfFind_event5907_trackID12_opNum8_merged.root
[COPY] event=59111, trackID=4, T0=-1.36718 -> /Volumes/ssd_zhang/thesis_michel/server_processing/t0_rootFiles/beam28777_new202602/wvf_applyCut_removeBeam/wvfFind_event59111_trackID4_opNum6.root
[COPY] event=59113, trackID=18, T0=-0.755192 -> /Volumes/ssd_zhang/thesis_michel/server_processing/t0_rootFiles/beam28777_new202602/wvf_applyCut_removeBeam/wvfFind_event59113_trackID18_opNum7_merged.root
[COPY] event=59135, trackID=19, T0=-1.88268 -> /Volumes/ssd_zhang/thesis_michel/server_processing/t0_rootFiles/beam28777_new202602/wvf_applyCut_removeBeam/wvfFind_event59135_trackID19_opNum5.root
[COPY] event=59140, trackID=25, T0=2.52281 -> /Volumes/ssd_zhang/thesis_michel/server_processing/t0_rootFiles/beam28777_new202602/wvf_applyCut_removeBeam/wvfFind_event59140_trackID25_opNum9_merged.root
[COPY] event=59150, trackID=2, T0=0.0950948 -> /Volumes/ssd_zhang/thesis_michel/server_processing/t0_rootFiles/beam28777_new202602/wvf_applyCut_removeBeam/wvfFind_event59150_trackID2_opNum4.root
[COPY] event=5915, trackID=11, T0=-1.58889 -> /Volumes/ssd_zhang/thesis_michel/server_processing/t0_rootFiles/beam28777_new202602/wvf_applyCut_removeBeam/wvfFind_event5915_trackID11_opNum9.root
[COPY] event=59173, trackID=1, T0=-1.31974 -> /Volumes/ssd_zhang/thesis_michel/server_processing/t0_rootFiles/beam28777_new202602/wvf_applyCut_removeBeam/wvfFind_event59173_trackID1_opNum5.root
[COPY] event=59173, trackID=1, T0=-1.31974 -> /Volumes/ssd_zhang/thesis_michel/server_processing/t0_rootFiles/beam28777_new202602/wvf_applyCut_removeBeam/wvfFind_event59173_trackID1_opNum5_2.root
[COPY] event=59199, trackID=4, T0=-0.951801 -> /Volumes/ssd_zhang/thesis_michel/server_processing/t0_rootFiles/beam28777_new202602/wvf_applyCut_removeBeam/wvfFind_event59199_trackID4_opNum9.root
[COPY] event=59247, trackID=4, T0=-1.32673 -> /Volumes/ssd_zhang/thesis_michel/server_processing/t0_rootFiles/beam28777_new202602/wvf_applyCut_removeBeam/wvfFind_event59247_trackID4_opNum4.root
[COPY] event=59272, trackID=16, T0=-1.96523 -> /Volumes/ssd_zhang/thesis_michel/server_processing/t0_rootFiles/beam28777_new202602/wvf_applyCut_removeBeam/wvfFind_event59272_trackID16_opNum9.root
[COPY] event=59277, trackID=7, T0=-1.58526 -> /Volumes/ssd_zhang/thesis_michel/server_processing/t0_rootFiles/beam28777_new202602/wvf_applyCut_removeBeam/wvfFind_event59277_trackID7_opNum4.root
[SKIP] (in range) event=59301, trackID=3, T0=-0.11297
[COPY] event=59330, trackID=2, T0=0.127495 -> /Volumes/ssd_zhang/thesis_michel/server_processing/t0_rootFiles/beam28777_new202602/wvf_applyCut_removeBeam/wvfFind_event59330_trackID2_opNum3.root
[COPY] event=59338, trackID=18, T0=-1.82819 -> /Volumes/ssd_zhang/thesis_michel/server_processing/t0_rootFiles/beam28777_new202602/wvf_applyCut_removeBeam/wvfFind_event59338_trackID18_opNum6.root
[COPY] event=59340, trackID=5, T0=-1.83973 -> /Volumes/ssd_zhang/thesis_michel/server_processing/t0_rootFiles/beam28777_new202602/wvf_applyCut_removeBeam/wvfFind_event59340_trackID5_opNum6.root
[COPY] event=59357, trackID=29, T0=-2.43319 -> /Volumes/ssd_zhang/thesis_michel/server_processing/t0_rootFiles/beam28777_new202602/wvf_applyCut_removeBeam/wvfFind_event59357_trackID29_opNum9.root
[COPY] event=59365, trackID=10, T0=-1.78661 -> /Volumes/ssd_zhang/thesis_michel/server_processing/t0_rootFiles/beam28777_new202602/wvf_applyCut_removeBeam/wvfFind_event59365_trackID10_opNum9.root
[COPY] event=59377, trackID=28, T0=0.280878 -> /Volumes/ssd_zhang/thesis_michel/server_processing/t0_rootFiles/beam28777_new202602/wvf_applyCut_removeBeam/wvfFind_event59377_trackID28_opNum3.root
[COPY] event=59391, trackID=2, T0=-1.58339 -> /Volumes/ssd_zhang/thesis_michel/server_processing/t0_rootFiles/beam28777_new202602/wvf_applyCut_removeBeam/wvfFind_event59391_trackID2_opNum5.root
[COPY] event=59391, trackID=2, T0=-1.58339 -> /Volumes/ssd_zhang/thesis_michel/server_processing/t0_rootFiles/beam28777_new202602/wvf_applyCut_removeBeam/wvfFind_event59391_trackID2_opNum5_2.root
[COPY] event=59403, trackID=2, T0=-1.37436 -> /Volumes/ssd_zhang/thesis_michel/server_processing/t0_rootFiles/beam28777_new202602/wvf_applyCut_removeBeam/wvfFind_event59403_trackID2_opNum9.root
[COPY] event=59403, trackID=2, T0=-1.37436 -> /Volumes/ssd_zhang/thesis_michel/server_processing/t0_rootFiles/beam28777_new202602/wvf_applyCut_removeBeam/wvfFind_event59403_trackID2_opNum9_2.root
[COPY] event=59405, trackID=1, T0=-0.503117 -> /Volumes/ssd_zhang/thesis_michel/server_processing/t0_rootFiles/beam28777_new202602/wvf_applyCut_removeBeam/wvfFind_event59405_trackID1_opNum5.root
[COPY] event=59453, trackID=16, T0=-0.416429 -> /Volumes/ssd_zhang/thesis_michel/server_processing/t0_rootFiles/beam28777_new202602/wvf_applyCut_removeBeam/wvfFind_event59453_trackID16_opNum6_merged.root
[COPY] event=59456, trackID=1, T0=0.219339 -> /Volumes/ssd_zhang/thesis_michel/server_processing/t0_rootFiles/beam28777_new202602/wvf_applyCut_removeBeam/wvfFind_event59456_trackID1_opNum5.root
[COPY] event=59470, trackID=12, T0=-0.520512 -> /Volumes/ssd_zhang/thesis_michel/server_processing/t0_rootFiles/beam28777_new202602/wvf_applyCut_removeBeam/wvfFind_event59470_trackID12_opNum6.root
[COPY] event=59470, trackID=12, T0=-0.520512 -> /Volumes/ssd_zhang/thesis_michel/server_processing/t0_rootFiles/beam28777_new202602/wvf_applyCut_removeBeam/wvfFind_event59470_trackID12_opNum6_2.root
[SKIP] (in range) event=5948, trackID=2, T0=-0.0500066
[SKIP] (in range) event=5948, trackID=2, T0=-0.0500066
[COPY] event=59499, trackID=10, T0=0.259431 -> /Volumes/ssd_zhang/thesis_michel/server_processing/t0_rootFiles/beam28777_new202602/wvf_applyCut_removeBeam/wvfFind_event59499_trackID10_opNum9.root
[COPY] event=59500, trackID=16, T0=-1.49023 -> /Volumes/ssd_zhang/thesis_michel/server_processing/t0_rootFiles/beam28777_new202602/wvf_applyCut_removeBeam/wvfFind_event59500_trackID16_opNum4.root
[COPY] event=59501, trackID=22, T0=0.477388 -> /Volumes/ssd_zhang/thesis_michel/server_processing/t0_rootFiles/beam28777_new202602/wvf_applyCut_removeBeam/wvfFind_event59501_trackID22_opNum3.root
[COPY] event=59517, trackID=3, T0=-0.502165 -> /Volumes/ssd_zhang/thesis_michel/server_processing/t0_rootFiles/beam28777_new202602/wvf_applyCut_removeBeam/wvfFind_event59517_trackID3_opNum7_merged.root
[COPY] event=59531, trackID=28, T0=1.54553 -> /Volumes/ssd_zhang/thesis_michel/server_processing/t0_rootFiles/beam28777_new202602/wvf_applyCut_removeBeam/wvfFind_event59531_trackID28_opNum5.root
[COPY] event=59531, trackID=28, T0=1.54553 -> /Volumes/ssd_zhang/thesis_michel/server_processing/t0_rootFiles/beam28777_new202602/wvf_applyCut_removeBeam/wvfFind_event59531_trackID28_opNum5_2.root
[COPY] event=59545, trackID=4, T0=-0.300988 -> /Volumes/ssd_zhang/thesis_michel/server_processing/t0_rootFiles/beam28777_new202602/wvf_applyCut_removeBeam/wvfFind_event59545_trackID4_opNum7.root
[COPY] event=59588, trackID=3, T0=-0.0282199 -> /Volumes/ssd_zhang/thesis_michel/server_processing/t0_rootFiles/beam28777_new202602/wvf_applyCut_removeBeam/wvfFind_event59588_trackID3_opNum5.root
[COPY] event=59596, trackID=8, T0=-0.329694 -> /Volumes/ssd_zhang/thesis_michel/server_processing/t0_rootFiles/beam28777_new202602/wvf_applyCut_removeBeam/wvfFind_event59596_trackID8_opNum5.root
[COPY] event=59642, trackID=19, T0=-2.15926 -> /Volumes/ssd_zhang/thesis_michel/server_processing/t0_rootFiles/beam28777_new202602/wvf_applyCut_removeBeam/wvfFind_event59642_trackID19_opNum8_merged.root
[COPY] event=59645, trackID=13, T0=-1.7148 -> /Volumes/ssd_zhang/thesis_michel/server_processing/t0_rootFiles/beam28777_new202602/wvf_applyCut_removeBeam/wvfFind_event59645_trackID13_opNum9.root
[COPY] event=59645, trackID=13, T0=-1.7148 -> /Volumes/ssd_zhang/thesis_michel/server_processing/t0_rootFiles/beam28777_new202602/wvf_applyCut_removeBeam/wvfFind_event59645_trackID13_opNum9_2.root
[COPY] event=59652, trackID=7, T0=-1.7902 -> /Volumes/ssd_zhang/thesis_michel/server_processing/t0_rootFiles/beam28777_new202602/wvf_applyCut_removeBeam/wvfFind_event59652_trackID7_opNum9.root
[COPY] event=59654, trackID=5, T0=-0.669746 -> /Volumes/ssd_zhang/thesis_michel/server_processing/t0_rootFiles/beam28777_new202602/wvf_applyCut_removeBeam/wvfFind_event59654_trackID5_opNum4.root
[COPY] event=59663, trackID=12, T0=-1.43724 -> /Volumes/ssd_zhang/thesis_michel/server_processing/t0_rootFiles/beam28777_new202602/wvf_applyCut_removeBeam/wvfFind_event59663_trackID12_opNum9.root
[COPY] event=59694, trackID=9, T0=0.832426 -> /Volumes/ssd_zhang/thesis_michel/server_processing/t0_rootFiles/beam28777_new202602/wvf_applyCut_removeBeam/wvfFind_event59694_trackID9_opNum9.root
[COPY] event=59718, trackID=3, T0=-2.05421 -> /Volumes/ssd_zhang/thesis_michel/server_processing/t0_rootFiles/beam28777_new202602/wvf_applyCut_removeBeam/wvfFind_event59718_trackID3_opNum8.root
[COPY] event=5973, trackID=0, T0=-0.909227 -> /Volumes/ssd_zhang/thesis_michel/server_processing/t0_rootFiles/beam28777_new202602/wvf_applyCut_removeBeam/wvfFind_event5973_trackID0_opNum4.root
[COPY] event=5973, trackID=0, T0=-0.909227 -> /Volumes/ssd_zhang/thesis_michel/server_processing/t0_rootFiles/beam28777_new202602/wvf_applyCut_removeBeam/wvfFind_event5973_trackID0_opNum4_2.root
[COPY] event=59759, trackID=22, T0=0.272263 -> /Volumes/ssd_zhang/thesis_michel/server_processing/t0_rootFiles/beam28777_new202602/wvf_applyCut_removeBeam/wvfFind_event59759_trackID22_opNum7.root
[COPY] event=59783, trackID=22, T0=0.135535 -> /Volumes/ssd_zhang/thesis_michel/server_processing/t0_rootFiles/beam28777_new202602/wvf_applyCut_removeBeam/wvfFind_event59783_trackID22_opNum8.root
[COPY] event=59783, trackID=2, T0=-0.89416 -> /Volumes/ssd_zhang/thesis_michel/server_processing/t0_rootFiles/beam28777_new202602/wvf_applyCut_removeBeam/wvfFind_event59783_trackID2_opNum4.root
[COPY] event=59799, trackID=12, T0=0.343614 -> /Volumes/ssd_zhang/thesis_michel/server_processing/t0_rootFiles/beam28777_new202602/wvf_applyCut_removeBeam/wvfFind_event59799_trackID12_opNum3.root
[COPY] event=59803, trackID=7, T0=-0.159565 -> /Volumes/ssd_zhang/thesis_michel/server_processing/t0_rootFiles/beam28777_new202602/wvf_applyCut_removeBeam/wvfFind_event59803_trackID7_opNum5.root
[COPY] event=59815, trackID=6, T0=-1.02013 -> /Volumes/ssd_zhang/thesis_michel/server_processing/t0_rootFiles/beam28777_new202602/wvf_applyCut_removeBeam/wvfFind_event59815_trackID6_opNum4.root
[COPY] event=59843, trackID=12, T0=-1.81257 -> /Volumes/ssd_zhang/thesis_michel/server_processing/t0_rootFiles/beam28777_new202602/wvf_applyCut_removeBeam/wvfFind_event59843_trackID12_opNum5.root
[COPY] event=59877, trackID=7, T0=0.317652 -> /Volumes/ssd_zhang/thesis_michel/server_processing/t0_rootFiles/beam28777_new202602/wvf_applyCut_removeBeam/wvfFind_event59877_trackID7_opNum9.root
[COPY] event=59881, trackID=12, T0=-1.09049 -> /Volumes/ssd_zhang/thesis_michel/server_processing/t0_rootFiles/beam28777_new202602/wvf_applyCut_removeBeam/wvfFind_event59881_trackID12_opNum6_merged.root
[COPY] event=59885, trackID=5, T0=-1.88601 -> /Volumes/ssd_zhang/thesis_michel/server_processing/t0_rootFiles/beam28777_new202602/wvf_applyCut_removeBeam/wvfFind_event59885_trackID5_opNum4.root
[COPY] event=59887, trackID=31, T0=0.00578228 -> /Volumes/ssd_zhang/thesis_michel/server_processing/t0_rootFiles/beam28777_new202602/wvf_applyCut_removeBeam/wvfFind_event59887_trackID31_opNum8.root
[COPY] event=59887, trackID=31, T0=0.00578228 -> /Volumes/ssd_zhang/thesis_michel/server_processing/t0_rootFiles/beam28777_new202602/wvf_applyCut_removeBeam/wvfFind_event59887_trackID31_opNum8_2.root
[COPY] event=59903, trackID=21, T0=0.625891 -> /Volumes/ssd_zhang/thesis_michel/server_processing/t0_rootFiles/beam28777_new202602/wvf_applyCut_removeBeam/wvfFind_event59903_trackID21_opNum4.root
[COPY] event=59903, trackID=21, T0=0.625891 -> /Volumes/ssd_zhang/thesis_michel/server_processing/t0_rootFiles/beam28777_new202602/wvf_applyCut_removeBeam/wvfFind_event59903_trackID21_opNum4_2.root
[COPY] event=59906, trackID=18, T0=1.37005 -> /Volumes/ssd_zhang/thesis_michel/server_processing/t0_rootFiles/beam28777_new202602/wvf_applyCut_removeBeam/wvfFind_event59906_trackID18_opNum4.root
[COPY] event=59912, trackID=1, T0=0.268529 -> /Volumes/ssd_zhang/thesis_michel/server_processing/t0_rootFiles/beam28777_new202602/wvf_applyCut_removeBeam/wvfFind_event59912_trackID1_opNum4.root
[COPY] event=59912, trackID=1, T0=0.268529 -> /Volumes/ssd_zhang/thesis_michel/server_processing/t0_rootFiles/beam28777_new202602/wvf_applyCut_removeBeam/wvfFind_event59912_trackID1_opNum4_2.root
[COPY] event=59918, trackID=11, T0=-1.659 -> /Volumes/ssd_zhang/thesis_michel/server_processing/t0_rootFiles/beam28777_new202602/wvf_applyCut_removeBeam/wvfFind_event59918_trackID11_opNum6.root
[COPY] event=5991, trackID=4, T0=-0.328265 -> /Volumes/ssd_zhang/thesis_michel/server_processing/t0_rootFiles/beam28777_new202602/wvf_applyCut_removeBeam/wvfFind_event5991_trackID4_opNum7.root
[COPY] event=59923, trackID=0, T0=-0.00242461 -> /Volumes/ssd_zhang/thesis_michel/server_processing/t0_rootFiles/beam28777_new202602/wvf_applyCut_removeBeam/wvfFind_event59923_trackID0_opNum4.root
[COPY] event=59931, trackID=5, T0=-1.63528 -> /Volumes/ssd_zhang/thesis_michel/server_processing/t0_rootFiles/beam28777_new202602/wvf_applyCut_removeBeam/wvfFind_event59931_trackID5_opNum9.root
[COPY] event=59957, trackID=17, T0=-0.966656 -> /Volumes/ssd_zhang/thesis_michel/server_processing/t0_rootFiles/beam28777_new202602/wvf_applyCut_removeBeam/wvfFind_event59957_trackID17_opNum3.root
[COPY] event=59957, trackID=17, T0=-0.966656 -> /Volumes/ssd_zhang/thesis_michel/server_processing/t0_rootFiles/beam28777_new202602/wvf_applyCut_removeBeam/wvfFind_event59957_trackID17_opNum3_2.root
[COPY] event=59958, trackID=11, T0=-0.247006 -> /Volumes/ssd_zhang/thesis_michel/server_processing/t0_rootFiles/beam28777_new202602/wvf_applyCut_removeBeam/wvfFind_event59958_trackID11_opNum5.root
[COPY] event=59987, trackID=5, T0=-1.53861 -> /Volumes/ssd_zhang/thesis_michel/server_processing/t0_rootFiles/beam28777_new202602/wvf_applyCut_removeBeam/wvfFind_event59987_trackID5_opNum6_merged.root
[COPY] event=599, trackID=15, T0=-0.366804 -> /Volumes/ssd_zhang/thesis_michel/server_processing/t0_rootFiles/beam28777_new202602/wvf_applyCut_removeBeam/wvfFind_event599_trackID15_opNum9.root
[COPY] event=60013, trackID=12, T0=-1.77433 -> /Volumes/ssd_zhang/thesis_michel/server_processing/t0_rootFiles/beam28777_new202602/wvf_applyCut_removeBeam/wvfFind_event60013_trackID12_opNum6.root
[COPY] event=60094, trackID=14, T0=-0.189983 -> /Volumes/ssd_zhang/thesis_michel/server_processing/t0_rootFiles/beam28777_new202602/wvf_applyCut_removeBeam/wvfFind_event60094_trackID14_opNum9.root
[SKIP] (in range) event=60104, trackID=31, T0=-0.0582579
[COPY] event=60135, trackID=1, T0=-0.962805 -> /Volumes/ssd_zhang/thesis_michel/server_processing/t0_rootFiles/beam28777_new202602/wvf_applyCut_removeBeam/wvfFind_event60135_trackID1_opNum5.root
[COPY] event=60141, trackID=15, T0=-0.703119 -> /Volumes/ssd_zhang/thesis_michel/server_processing/t0_rootFiles/beam28777_new202602/wvf_applyCut_removeBeam/wvfFind_event60141_trackID15_opNum4.root
[COPY] event=60160, trackID=0, T0=-0.938348 -> /Volumes/ssd_zhang/thesis_michel/server_processing/t0_rootFiles/beam28777_new202602/wvf_applyCut_removeBeam/wvfFind_event60160_trackID0_opNum5.root
[COPY] event=60188, trackID=10, T0=-2.13109 -> /Volumes/ssd_zhang/thesis_michel/server_processing/t0_rootFiles/beam28777_new202602/wvf_applyCut_removeBeam/wvfFind_event60188_trackID10_opNum4.root
[COPY] event=60202, trackID=12, T0=-1.80295 -> /Volumes/ssd_zhang/thesis_michel/server_processing/t0_rootFiles/beam28777_new202602/wvf_applyCut_removeBeam/wvfFind_event60202_trackID12_opNum4.root
[COPY] event=60231, trackID=9, T0=-0.455309 -> /Volumes/ssd_zhang/thesis_michel/server_processing/t0_rootFiles/beam28777_new202602/wvf_applyCut_removeBeam/wvfFind_event60231_trackID9_opNum9.root
[COPY] event=60232, trackID=3, T0=0.470397 -> /Volumes/ssd_zhang/thesis_michel/server_processing/t0_rootFiles/beam28777_new202602/wvf_applyCut_removeBeam/wvfFind_event60232_trackID3_opNum9.root
[COPY] event=60234, trackID=6, T0=-0.182988 -> /Volumes/ssd_zhang/thesis_michel/server_processing/t0_rootFiles/beam28777_new202602/wvf_applyCut_removeBeam/wvfFind_event60234_trackID6_opNum9.root
[COPY] event=6025, trackID=2, T0=-0.122235 -> /Volumes/ssd_zhang/thesis_michel/server_processing/t0_rootFiles/beam28777_new202602/wvf_applyCut_removeBeam/wvfFind_event6025_trackID2_opNum3.root
[COPY] event=60262, trackID=12, T0=-2.10632 -> /Volumes/ssd_zhang/thesis_michel/server_processing/t0_rootFiles/beam28777_new202602/wvf_applyCut_removeBeam/wvfFind_event60262_trackID12_opNum6.root
[COPY] event=60304, trackID=2, T0=0.0670992 -> /Volumes/ssd_zhang/thesis_michel/server_processing/t0_rootFiles/beam28777_new202602/wvf_applyCut_removeBeam/wvfFind_event60304_trackID2_opNum4.root
[COPY] event=60306, trackID=16, T0=-0.709295 -> /Volumes/ssd_zhang/thesis_michel/server_processing/t0_rootFiles/beam28777_new202602/wvf_applyCut_removeBeam/wvfFind_event60306_trackID16_opNum3.root
[COPY] event=60312, trackID=10, T0=-1.39861 -> /Volumes/ssd_zhang/thesis_michel/server_processing/t0_rootFiles/beam28777_new202602/wvf_applyCut_removeBeam/wvfFind_event60312_trackID10_opNum5_merged.root
[COPY] event=60323, trackID=5, T0=-0.314417 -> /Volumes/ssd_zhang/thesis_michel/server_processing/t0_rootFiles/beam28777_new202602/wvf_applyCut_removeBeam/wvfFind_event60323_trackID5_opNum8.root
[COPY] event=60324, trackID=9, T0=-1.55796 -> /Volumes/ssd_zhang/thesis_michel/server_processing/t0_rootFiles/beam28777_new202602/wvf_applyCut_removeBeam/wvfFind_event60324_trackID9_opNum5.root
[COPY] event=6032, trackID=12, T0=-1.89838 -> /Volumes/ssd_zhang/thesis_michel/server_processing/t0_rootFiles/beam28777_new202602/wvf_applyCut_removeBeam/wvfFind_event6032_trackID12_opNum3.root
[COPY] event=60336, trackID=10, T0=-0.2985 -> /Volumes/ssd_zhang/thesis_michel/server_processing/t0_rootFiles/beam28777_new202602/wvf_applyCut_removeBeam/wvfFind_event60336_trackID10_opNum4.root
[COPY] event=60337, trackID=6, T0=-0.834958 -> /Volumes/ssd_zhang/thesis_michel/server_processing/t0_rootFiles/beam28777_new202602/wvf_applyCut_removeBeam/wvfFind_event60337_trackID6_opNum3.root
[COPY] event=60337, trackID=6, T0=-0.834958 -> /Volumes/ssd_zhang/thesis_michel/server_processing/t0_rootFiles/beam28777_new202602/wvf_applyCut_removeBeam/wvfFind_event60337_trackID6_opNum3_2.root
[COPY] event=6033, trackID=6, T0=-0.912402 -> /Volumes/ssd_zhang/thesis_michel/server_processing/t0_rootFiles/beam28777_new202602/wvf_applyCut_removeBeam/wvfFind_event6033_trackID6_opNum5.root
[COPY] event=60342, trackID=18, T0=0.0114435 -> /Volumes/ssd_zhang/thesis_michel/server_processing/t0_rootFiles/beam28777_new202602/wvf_applyCut_removeBeam/wvfFind_event60342_trackID18_opNum6.root
[COPY] event=60342, trackID=19, T0=-0.502355 -> /Volumes/ssd_zhang/thesis_michel/server_processing/t0_rootFiles/beam28777_new202602/wvf_applyCut_removeBeam/wvfFind_event60342_trackID19_opNum6.root
[COPY] event=60354, trackID=31, T0=-1.99635 -> /Volumes/ssd_zhang/thesis_michel/server_processing/t0_rootFiles/beam28777_new202602/wvf_applyCut_removeBeam/wvfFind_event60354_trackID31_opNum5.root
[COPY] event=60354, trackID=31, T0=-1.99635 -> /Volumes/ssd_zhang/thesis_michel/server_processing/t0_rootFiles/beam28777_new202602/wvf_applyCut_removeBeam/wvfFind_event60354_trackID31_opNum5_2.root
[COPY] event=60362, trackID=2, T0=-1.25279 -> /Volumes/ssd_zhang/thesis_michel/server_processing/t0_rootFiles/beam28777_new202602/wvf_applyCut_removeBeam/wvfFind_event60362_trackID2_opNum9.root
[COPY] event=60386, trackID=9, T0=0.0668514 -> /Volumes/ssd_zhang/thesis_michel/server_processing/t0_rootFiles/beam28777_new202602/wvf_applyCut_removeBeam/wvfFind_event60386_trackID9_opNum4.root
[COPY] event=60396, trackID=9, T0=-1.83756 -> /Volumes/ssd_zhang/thesis_michel/server_processing/t0_rootFiles/beam28777_new202602/wvf_applyCut_removeBeam/wvfFind_event60396_trackID9_opNum5.root
[COPY] event=60398, trackID=26, T0=1.26438 -> /Volumes/ssd_zhang/thesis_michel/server_processing/t0_rootFiles/beam28777_new202602/wvf_applyCut_removeBeam/wvfFind_event60398_trackID26_opNum9.root
[COPY] event=60406, trackID=11, T0=-1.94785 -> /Volumes/ssd_zhang/thesis_michel/server_processing/t0_rootFiles/beam28777_new202602/wvf_applyCut_removeBeam/wvfFind_event60406_trackID11_opNum5.root
[COPY] event=6040, trackID=1, T0=-1.85731 -> /Volumes/ssd_zhang/thesis_michel/server_processing/t0_rootFiles/beam28777_new202602/wvf_applyCut_removeBeam/wvfFind_event6040_trackID1_opNum8_merged.root
[COPY] event=60434, trackID=0, T0=-1.00155 -> /Volumes/ssd_zhang/thesis_michel/server_processing/t0_rootFiles/beam28777_new202602/wvf_applyCut_removeBeam/wvfFind_event60434_trackID0_opNum5.root
[COPY] event=60461, trackID=1, T0=-1.19556 -> /Volumes/ssd_zhang/thesis_michel/server_processing/t0_rootFiles/beam28777_new202602/wvf_applyCut_removeBeam/wvfFind_event60461_trackID1_opNum5.root
[COPY] event=60462, trackID=7, T0=-0.327328 -> /Volumes/ssd_zhang/thesis_michel/server_processing/t0_rootFiles/beam28777_new202602/wvf_applyCut_removeBeam/wvfFind_event60462_trackID7_opNum3.root
[COPY] event=60470, trackID=2, T0=-0.416326 -> /Volumes/ssd_zhang/thesis_michel/server_processing/t0_rootFiles/beam28777_new202602/wvf_applyCut_removeBeam/wvfFind_event60470_trackID2_opNum3.root
[COPY] event=60477, trackID=6, T0=-1.62683 -> /Volumes/ssd_zhang/thesis_michel/server_processing/t0_rootFiles/beam28777_new202602/wvf_applyCut_removeBeam/wvfFind_event60477_trackID6_opNum9.root
[COPY] event=60482, trackID=1, T0=-0.430416 -> /Volumes/ssd_zhang/thesis_michel/server_processing/t0_rootFiles/beam28777_new202602/wvf_applyCut_removeBeam/wvfFind_event60482_trackID1_opNum9.root
[COPY] event=60484, trackID=6, T0=-1.48328 -> /Volumes/ssd_zhang/thesis_michel/server_processing/t0_rootFiles/beam28777_new202602/wvf_applyCut_removeBeam/wvfFind_event60484_trackID6_opNum6.root
[COPY] event=60495, trackID=4, T0=-0.270282 -> /Volumes/ssd_zhang/thesis_michel/server_processing/t0_rootFiles/beam28777_new202602/wvf_applyCut_removeBeam/wvfFind_event60495_trackID4_opNum3.root
[COPY] event=60495, trackID=4, T0=-0.270282 -> /Volumes/ssd_zhang/thesis_michel/server_processing/t0_rootFiles/beam28777_new202602/wvf_applyCut_removeBeam/wvfFind_event60495_trackID4_opNum3_2.root
[COPY] event=604, trackID=6, T0=0.162788 -> /Volumes/ssd_zhang/thesis_michel/server_processing/t0_rootFiles/beam28777_new202602/wvf_applyCut_removeBeam/wvfFind_event604_trackID6_opNum5.root
[COPY] event=60504, trackID=7, T0=1.7768 -> /Volumes/ssd_zhang/thesis_michel/server_processing/t0_rootFiles/beam28777_new202602/wvf_applyCut_removeBeam/wvfFind_event60504_trackID7_opNum9.root
[COPY] event=60507, trackID=2, T0=-0.142682 -> /Volumes/ssd_zhang/thesis_michel/server_processing/t0_rootFiles/beam28777_new202602/wvf_applyCut_removeBeam/wvfFind_event60507_trackID2_opNum9.root
[COPY] event=60513, trackID=5, T0=-0.675173 -> /Volumes/ssd_zhang/thesis_michel/server_processing/t0_rootFiles/beam28777_new202602/wvf_applyCut_removeBeam/wvfFind_event60513_trackID5_opNum5.root
[COPY] event=60515, trackID=11, T0=-0.498014 -> /Volumes/ssd_zhang/thesis_michel/server_processing/t0_rootFiles/beam28777_new202602/wvf_applyCut_removeBeam/wvfFind_event60515_trackID11_opNum7.root
[COPY] event=6052, trackID=2, T0=-0.952613 -> /Volumes/ssd_zhang/thesis_michel/server_processing/t0_rootFiles/beam28777_new202602/wvf_applyCut_removeBeam/wvfFind_event6052_trackID2_opNum9.root
[COPY] event=60547, trackID=2, T0=-1.01453 -> /Volumes/ssd_zhang/thesis_michel/server_processing/t0_rootFiles/beam28777_new202602/wvf_applyCut_removeBeam/wvfFind_event60547_trackID2_opNum9.root
[COPY] event=60560, trackID=8, T0=-0.835243 -> /Volumes/ssd_zhang/thesis_michel/server_processing/t0_rootFiles/beam28777_new202602/wvf_applyCut_removeBeam/wvfFind_event60560_trackID8_opNum8.root
[COPY] event=60565, trackID=7, T0=-0.979756 -> /Volumes/ssd_zhang/thesis_michel/server_processing/t0_rootFiles/beam28777_new202602/wvf_applyCut_removeBeam/wvfFind_event60565_trackID7_opNum3_merged.root
[COPY] event=60572, trackID=1, T0=0.455579 -> /Volumes/ssd_zhang/thesis_michel/server_processing/t0_rootFiles/beam28777_new202602/wvf_applyCut_removeBeam/wvfFind_event60572_trackID1_opNum5.root
[COPY] event=60582, trackID=2, T0=-0.47577 -> /Volumes/ssd_zhang/thesis_michel/server_processing/t0_rootFiles/beam28777_new202602/wvf_applyCut_removeBeam/wvfFind_event60582_trackID2_opNum3.root
[COPY] event=60582, trackID=2, T0=-0.47577 -> /Volumes/ssd_zhang/thesis_michel/server_processing/t0_rootFiles/beam28777_new202602/wvf_applyCut_removeBeam/wvfFind_event60582_trackID2_opNum3_2.root
[COPY] event=60602, trackID=17, T0=-1.07035 -> /Volumes/ssd_zhang/thesis_michel/server_processing/t0_rootFiles/beam28777_new202602/wvf_applyCut_removeBeam/wvfFind_event60602_trackID17_opNum5.root
[COPY] event=60618, trackID=6, T0=-1.73077 -> /Volumes/ssd_zhang/thesis_michel/server_processing/t0_rootFiles/beam28777_new202602/wvf_applyCut_removeBeam/wvfFind_event60618_trackID6_opNum8_merged.root
[COPY] event=60631, trackID=3, T0=-1.76334 -> /Volumes/ssd_zhang/thesis_michel/server_processing/t0_rootFiles/beam28777_new202602/wvf_applyCut_removeBeam/wvfFind_event60631_trackID3_opNum3.root
[COPY] event=60642, trackID=39, T0=2.62328 -> /Volumes/ssd_zhang/thesis_michel/server_processing/t0_rootFiles/beam28777_new202602/wvf_applyCut_removeBeam/wvfFind_event60642_trackID39_opNum3.root
[COPY] event=60648, trackID=10, T0=-1.51207 -> /Volumes/ssd_zhang/thesis_michel/server_processing/t0_rootFiles/beam28777_new202602/wvf_applyCut_removeBeam/wvfFind_event60648_trackID10_opNum8.root
[COPY] event=60672, trackID=2, T0=-0.809078 -> /Volumes/ssd_zhang/thesis_michel/server_processing/t0_rootFiles/beam28777_new202602/wvf_applyCut_removeBeam/wvfFind_event60672_trackID2_opNum9.root
[COPY] event=60681, trackID=0, T0=-1.05902 -> /Volumes/ssd_zhang/thesis_michel/server_processing/t0_rootFiles/beam28777_new202602/wvf_applyCut_removeBeam/wvfFind_event60681_trackID0_opNum8.root
[COPY] event=60685, trackID=9, T0=-1.62164 -> /Volumes/ssd_zhang/thesis_michel/server_processing/t0_rootFiles/beam28777_new202602/wvf_applyCut_removeBeam/wvfFind_event60685_trackID9_opNum5.root
[COPY] event=60685, trackID=9, T0=-1.62164 -> /Volumes/ssd_zhang/thesis_michel/server_processing/t0_rootFiles/beam28777_new202602/wvf_applyCut_removeBeam/wvfFind_event60685_trackID9_opNum5_2.root
[COPY] event=6071, trackID=18, T0=-0.607767 -> /Volumes/ssd_zhang/thesis_michel/server_processing/t0_rootFiles/beam28777_new202602/wvf_applyCut_removeBeam/wvfFind_event6071_trackID18_opNum9.root
[COPY] event=60721, trackID=2, T0=-1.0823 -> /Volumes/ssd_zhang/thesis_michel/server_processing/t0_rootFiles/beam28777_new202602/wvf_applyCut_removeBeam/wvfFind_event60721_trackID2_opNum4.root
[COPY] event=60721, trackID=5, T0=-1.8297 -> /Volumes/ssd_zhang/thesis_michel/server_processing/t0_rootFiles/beam28777_new202602/wvf_applyCut_removeBeam/wvfFind_event60721_trackID5_opNum5.root
[COPY] event=60747, trackID=25, T0=-2.32028 -> /Volumes/ssd_zhang/thesis_michel/server_processing/t0_rootFiles/beam28777_new202602/wvf_applyCut_removeBeam/wvfFind_event60747_trackID25_opNum9.root
[COPY] event=60747, trackID=25, T0=-2.32028 -> /Volumes/ssd_zhang/thesis_michel/server_processing/t0_rootFiles/beam28777_new202602/wvf_applyCut_removeBeam/wvfFind_event60747_trackID25_opNum9_2.root
[COPY] event=60748, trackID=7, T0=-0.14203 -> /Volumes/ssd_zhang/thesis_michel/server_processing/t0_rootFiles/beam28777_new202602/wvf_applyCut_removeBeam/wvfFind_event60748_trackID7_opNum5.root
[COPY] event=60785, trackID=7, T0=-1.14456 -> /Volumes/ssd_zhang/thesis_michel/server_processing/t0_rootFiles/beam28777_new202602/wvf_applyCut_removeBeam/wvfFind_event60785_trackID7_opNum5_merged.root
[COPY] event=60796, trackID=11, T0=-0.757951 -> /Volumes/ssd_zhang/thesis_michel/server_processing/t0_rootFiles/beam28777_new202602/wvf_applyCut_removeBeam/wvfFind_event60796_trackID11_opNum7.root
[COPY] event=60796, trackID=11, T0=-0.757951 -> /Volumes/ssd_zhang/thesis_michel/server_processing/t0_rootFiles/beam28777_new202602/wvf_applyCut_removeBeam/wvfFind_event60796_trackID11_opNum7_2.root
[COPY] event=6079, trackID=9, T0=-1.2602 -> /Volumes/ssd_zhang/thesis_michel/server_processing/t0_rootFiles/beam28777_new202602/wvf_applyCut_removeBeam/wvfFind_event6079_trackID9_opNum3.root
[COPY] event=607, trackID=32, T0=-2.21306 -> /Volumes/ssd_zhang/thesis_michel/server_processing/t0_rootFiles/beam28777_new202602/wvf_applyCut_removeBeam/wvfFind_event607_trackID32_opNum9_merged.root
[COPY] event=6080, trackID=6, T0=-1.47743 -> /Volumes/ssd_zhang/thesis_michel/server_processing/t0_rootFiles/beam28777_new202602/wvf_applyCut_removeBeam/wvfFind_event6080_trackID6_opNum8.root
[COPY] event=60840, trackID=2, T0=-0.735784 -> /Volumes/ssd_zhang/thesis_michel/server_processing/t0_rootFiles/beam28777_new202602/wvf_applyCut_removeBeam/wvfFind_event60840_trackID2_opNum5.root
[COPY] event=6085, trackID=2, T0=-1.54036 -> /Volumes/ssd_zhang/thesis_michel/server_processing/t0_rootFiles/beam28777_new202602/wvf_applyCut_removeBeam/wvfFind_event6085_trackID2_opNum5.root
[COPY] event=60863, trackID=5, T0=-0.549664 -> /Volumes/ssd_zhang/thesis_michel/server_processing/t0_rootFiles/beam28777_new202602/wvf_applyCut_removeBeam/wvfFind_event60863_trackID5_opNum6_merged.root
[COPY] event=60866, trackID=19, T0=-1.72246 -> /Volumes/ssd_zhang/thesis_michel/server_processing/t0_rootFiles/beam28777_new202602/wvf_applyCut_removeBeam/wvfFind_event60866_trackID19_opNum9.root
[COPY] event=60874, trackID=11, T0=-0.717688 -> /Volumes/ssd_zhang/thesis_michel/server_processing/t0_rootFiles/beam28777_new202602/wvf_applyCut_removeBeam/wvfFind_event60874_trackID11_opNum9.root
[COPY] event=60900, trackID=18, T0=-2.06516 -> /Volumes/ssd_zhang/thesis_michel/server_processing/t0_rootFiles/beam28777_new202602/wvf_applyCut_removeBeam/wvfFind_event60900_trackID18_opNum5.root
[COPY] event=60900, trackID=3, T0=-0.6249 -> /Volumes/ssd_zhang/thesis_michel/server_processing/t0_rootFiles/beam28777_new202602/wvf_applyCut_removeBeam/wvfFind_event60900_trackID3_opNum9.root
[COPY] event=60901, trackID=10, T0=-1.69742 -> /Volumes/ssd_zhang/thesis_michel/server_processing/t0_rootFiles/beam28777_new202602/wvf_applyCut_removeBeam/wvfFind_event60901_trackID10_opNum9.root
[COPY] event=60921, trackID=1, T0=-0.463656 -> /Volumes/ssd_zhang/thesis_michel/server_processing/t0_rootFiles/beam28777_new202602/wvf_applyCut_removeBeam/wvfFind_event60921_trackID1_opNum8.root
[SKIP] (in range) event=60922, trackID=1, T0=-0.0494454
[COPY] event=60936, trackID=5, T0=-1.97144 -> /Volumes/ssd_zhang/thesis_michel/server_processing/t0_rootFiles/beam28777_new202602/wvf_applyCut_removeBeam/wvfFind_event60936_trackID5_opNum3.root
[COPY] event=60936, trackID=5, T0=-1.97144 -> /Volumes/ssd_zhang/thesis_michel/server_processing/t0_rootFiles/beam28777_new202602/wvf_applyCut_removeBeam/wvfFind_event60936_trackID5_opNum3_2.root
[COPY] event=60973, trackID=5, T0=-0.564452 -> /Volumes/ssd_zhang/thesis_michel/server_processing/t0_rootFiles/beam28777_new202602/wvf_applyCut_removeBeam/wvfFind_event60973_trackID5_opNum5.root
[COPY] event=60974, trackID=4, T0=-0.196673 -> /Volumes/ssd_zhang/thesis_michel/server_processing/t0_rootFiles/beam28777_new202602/wvf_applyCut_removeBeam/wvfFind_event60974_trackID4_opNum6.root
[COPY] event=6097, trackID=9, T0=-1.06217 -> /Volumes/ssd_zhang/thesis_michel/server_processing/t0_rootFiles/beam28777_new202602/wvf_applyCut_removeBeam/wvfFind_event6097_trackID9_opNum8_merged.root
[COPY] event=60983, trackID=4, T0=-0.422722 -> /Volumes/ssd_zhang/thesis_michel/server_processing/t0_rootFiles/beam28777_new202602/wvf_applyCut_removeBeam/wvfFind_event60983_trackID4_opNum4_merged.root
[COPY] event=60988, trackID=39, T0=-0.329292 -> /Volumes/ssd_zhang/thesis_michel/server_processing/t0_rootFiles/beam28777_new202602/wvf_applyCut_removeBeam/wvfFind_event60988_trackID39_opNum9.root
[COPY] event=60994, trackID=19, T0=-0.0232251 -> /Volumes/ssd_zhang/thesis_michel/server_processing/t0_rootFiles/beam28777_new202602/wvf_applyCut_removeBeam/wvfFind_event60994_trackID19_opNum6.root
[COPY] event=60994, trackID=19, T0=-0.0232251 -> /Volumes/ssd_zhang/thesis_michel/server_processing/t0_rootFiles/beam28777_new202602/wvf_applyCut_removeBeam/wvfFind_event60994_trackID19_opNum6_2.root
[COPY] event=60999, trackID=6, T0=-1.89073 -> /Volumes/ssd_zhang/thesis_michel/server_processing/t0_rootFiles/beam28777_new202602/wvf_applyCut_removeBeam/wvfFind_event60999_trackID6_opNum4.root
[COPY] event=61001, trackID=1, T0=-1.00274 -> /Volumes/ssd_zhang/thesis_michel/server_processing/t0_rootFiles/beam28777_new202602/wvf_applyCut_removeBeam/wvfFind_event61001_trackID1_opNum4.root
[COPY] event=61002, trackID=0, T0=-0.404934 -> /Volumes/ssd_zhang/thesis_michel/server_processing/t0_rootFiles/beam28777_new202602/wvf_applyCut_removeBeam/wvfFind_event61002_trackID0_opNum5.root
[COPY] event=61036, trackID=4, T0=-0.364896 -> /Volumes/ssd_zhang/thesis_michel/server_processing/t0_rootFiles/beam28777_new202602/wvf_applyCut_removeBeam/wvfFind_event61036_trackID4_opNum5.root
[COPY] event=61036, trackID=4, T0=-0.364896 -> /Volumes/ssd_zhang/thesis_michel/server_processing/t0_rootFiles/beam28777_new202602/wvf_applyCut_removeBeam/wvfFind_event61036_trackID4_opNum5_2.root
[COPY] event=61056, trackID=15, T0=-0.956902 -> /Volumes/ssd_zhang/thesis_michel/server_processing/t0_rootFiles/beam28777_new202602/wvf_applyCut_removeBeam/wvfFind_event61056_trackID15_opNum6.root
[COPY] event=61062, trackID=9, T0=0.137814 -> /Volumes/ssd_zhang/thesis_michel/server_processing/t0_rootFiles/beam28777_new202602/wvf_applyCut_removeBeam/wvfFind_event61062_trackID9_opNum8.root
[COPY] event=61072, trackID=7, T0=-0.123909 -> /Volumes/ssd_zhang/thesis_michel/server_processing/t0_rootFiles/beam28777_new202602/wvf_applyCut_removeBeam/wvfFind_event61072_trackID7_opNum3.root
[COPY] event=61072, trackID=8, T0=-1.6517 -> /Volumes/ssd_zhang/thesis_michel/server_processing/t0_rootFiles/beam28777_new202602/wvf_applyCut_removeBeam/wvfFind_event61072_trackID8_opNum4.root
[COPY] event=61072, trackID=8, T0=-1.6517 -> /Volumes/ssd_zhang/thesis_michel/server_processing/t0_rootFiles/beam28777_new202602/wvf_applyCut_removeBeam/wvfFind_event61072_trackID8_opNum4_2.root
[COPY] event=61072, trackID=8, T0=-1.6517 -> /Volumes/ssd_zhang/thesis_michel/server_processing/t0_rootFiles/beam28777_new202602/wvf_applyCut_removeBeam/wvfFind_event61072_trackID8_opNum4_3.root
[COPY] event=61075, trackID=21, T0=-1.24038 -> /Volumes/ssd_zhang/thesis_michel/server_processing/t0_rootFiles/beam28777_new202602/wvf_applyCut_removeBeam/wvfFind_event61075_trackID21_opNum3.root
[COPY] event=61081, trackID=2, T0=0.44728 -> /Volumes/ssd_zhang/thesis_michel/server_processing/t0_rootFiles/beam28777_new202602/wvf_applyCut_removeBeam/wvfFind_event61081_trackID2_opNum9_merged.root
[COPY] event=61084, trackID=6, T0=-0.76278 -> /Volumes/ssd_zhang/thesis_michel/server_processing/t0_rootFiles/beam28777_new202602/wvf_applyCut_removeBeam/wvfFind_event61084_trackID6_opNum7_merged.root
[COPY] event=61103, trackID=2, T0=-1.2611 -> /Volumes/ssd_zhang/thesis_michel/server_processing/t0_rootFiles/beam28777_new202602/wvf_applyCut_removeBeam/wvfFind_event61103_trackID2_opNum3.root
[COPY] event=61104, trackID=8, T0=0.00572263 -> /Volumes/ssd_zhang/thesis_michel/server_processing/t0_rootFiles/beam28777_new202602/wvf_applyCut_removeBeam/wvfFind_event61104_trackID8_opNum6.root
[COPY] event=61114, trackID=3, T0=-0.363849 -> /Volumes/ssd_zhang/thesis_michel/server_processing/t0_rootFiles/beam28777_new202602/wvf_applyCut_removeBeam/wvfFind_event61114_trackID3_opNum5.root
[SKIP] (in range) event=61127, trackID=34, T0=-0.107097
[COPY] event=61133, trackID=7, T0=-1.5247 -> /Volumes/ssd_zhang/thesis_michel/server_processing/t0_rootFiles/beam28777_new202602/wvf_applyCut_removeBeam/wvfFind_event61133_trackID7_opNum7_merged.root
[COPY] event=61148, trackID=13, T0=-1.65679 -> /Volumes/ssd_zhang/thesis_michel/server_processing/t0_rootFiles/beam28777_new202602/wvf_applyCut_removeBeam/wvfFind_event61148_trackID13_opNum4.root
[COPY] event=61148, trackID=13, T0=-1.65679 -> /Volumes/ssd_zhang/thesis_michel/server_processing/t0_rootFiles/beam28777_new202602/wvf_applyCut_removeBeam/wvfFind_event61148_trackID13_opNum4_2.root
[COPY] event=61149, trackID=2, T0=0.0416409 -> /Volumes/ssd_zhang/thesis_michel/server_processing/t0_rootFiles/beam28777_new202602/wvf_applyCut_removeBeam/wvfFind_event61149_trackID2_opNum5.root
[COPY] event=61149, trackID=2, T0=0.0416409 -> /Volumes/ssd_zhang/thesis_michel/server_processing/t0_rootFiles/beam28777_new202602/wvf_applyCut_removeBeam/wvfFind_event61149_trackID2_opNum5_2.root
[COPY] event=61181, trackID=1, T0=0.0685705 -> /Volumes/ssd_zhang/thesis_michel/server_processing/t0_rootFiles/beam28777_new202602/wvf_applyCut_removeBeam/wvfFind_event61181_trackID1_opNum5.root
[COPY] event=61181, trackID=1, T0=0.0685705 -> /Volumes/ssd_zhang/thesis_michel/server_processing/t0_rootFiles/beam28777_new202602/wvf_applyCut_removeBeam/wvfFind_event61181_trackID1_opNum5_2.root
[COPY] event=61183, trackID=4, T0=-1.57749 -> /Volumes/ssd_zhang/thesis_michel/server_processing/t0_rootFiles/beam28777_new202602/wvf_applyCut_removeBeam/wvfFind_event61183_trackID4_opNum4.root
[COPY] event=61183, trackID=4, T0=-1.57749 -> /Volumes/ssd_zhang/thesis_michel/server_processing/t0_rootFiles/beam28777_new202602/wvf_applyCut_removeBeam/wvfFind_event61183_trackID4_opNum4_2.root
[COPY] event=61186, trackID=13, T0=-0.359096 -> /Volumes/ssd_zhang/thesis_michel/server_processing/t0_rootFiles/beam28777_new202602/wvf_applyCut_removeBeam/wvfFind_event61186_trackID13_opNum9.root
[COPY] event=61190, trackID=1, T0=0.362667 -> /Volumes/ssd_zhang/thesis_michel/server_processing/t0_rootFiles/beam28777_new202602/wvf_applyCut_removeBeam/wvfFind_event61190_trackID1_opNum5.root
[COPY] event=61190, trackID=1, T0=0.362667 -> /Volumes/ssd_zhang/thesis_michel/server_processing/t0_rootFiles/beam28777_new202602/wvf_applyCut_removeBeam/wvfFind_event61190_trackID1_opNum5_2.root
[COPY] event=61211, trackID=3, T0=-0.942101 -> /Volumes/ssd_zhang/thesis_michel/server_processing/t0_rootFiles/beam28777_new202602/wvf_applyCut_removeBeam/wvfFind_event61211_trackID3_opNum4.root
[COPY] event=61221, trackID=11, T0=-1.65806 -> /Volumes/ssd_zhang/thesis_michel/server_processing/t0_rootFiles/beam28777_new202602/wvf_applyCut_removeBeam/wvfFind_event61221_trackID11_opNum4.root
[COPY] event=61239, trackID=11, T0=0.419842 -> /Volumes/ssd_zhang/thesis_michel/server_processing/t0_rootFiles/beam28777_new202602/wvf_applyCut_removeBeam/wvfFind_event61239_trackID11_opNum9.root
[COPY] event=61257, trackID=5, T0=-0.30457 -> /Volumes/ssd_zhang/thesis_michel/server_processing/t0_rootFiles/beam28777_new202602/wvf_applyCut_removeBeam/wvfFind_event61257_trackID5_opNum4.root
[COPY] event=61273, trackID=1, T0=-0.50249 -> /Volumes/ssd_zhang/thesis_michel/server_processing/t0_rootFiles/beam28777_new202602/wvf_applyCut_removeBeam/wvfFind_event61273_trackID1_opNum5.root
[COPY] event=61307, trackID=3, T0=-1.23602 -> /Volumes/ssd_zhang/thesis_michel/server_processing/t0_rootFiles/beam28777_new202602/wvf_applyCut_removeBeam/wvfFind_event61307_trackID3_opNum9.root
[COPY] event=61321, trackID=28, T0=-2.20253 -> /Volumes/ssd_zhang/thesis_michel/server_processing/t0_rootFiles/beam28777_new202602/wvf_applyCut_removeBeam/wvfFind_event61321_trackID28_opNum5_merged.root
[COPY] event=61329, trackID=16, T0=1.2838 -> /Volumes/ssd_zhang/thesis_michel/server_processing/t0_rootFiles/beam28777_new202602/wvf_applyCut_removeBeam/wvfFind_event61329_trackID16_opNum9.root
[COPY] event=61329, trackID=16, T0=1.2838 -> /Volumes/ssd_zhang/thesis_michel/server_processing/t0_rootFiles/beam28777_new202602/wvf_applyCut_removeBeam/wvfFind_event61329_trackID16_opNum9_2.root
[COPY] event=61338, trackID=2, T0=-0.357258 -> /Volumes/ssd_zhang/thesis_michel/server_processing/t0_rootFiles/beam28777_new202602/wvf_applyCut_removeBeam/wvfFind_event61338_trackID2_opNum4.root
[COPY] event=61349, trackID=7, T0=-1.75486 -> /Volumes/ssd_zhang/thesis_michel/server_processing/t0_rootFiles/beam28777_new202602/wvf_applyCut_removeBeam/wvfFind_event61349_trackID7_opNum8.root
[COPY] event=61357, trackID=11, T0=-1.05843 -> /Volumes/ssd_zhang/thesis_michel/server_processing/t0_rootFiles/beam28777_new202602/wvf_applyCut_removeBeam/wvfFind_event61357_trackID11_opNum6.root
[COPY] event=61357, trackID=11, T0=-1.05843 -> /Volumes/ssd_zhang/thesis_michel/server_processing/t0_rootFiles/beam28777_new202602/wvf_applyCut_removeBeam/wvfFind_event61357_trackID11_opNum6_2.root
[COPY] event=61371, trackID=9, T0=0.446024 -> /Volumes/ssd_zhang/thesis_michel/server_processing/t0_rootFiles/beam28777_new202602/wvf_applyCut_removeBeam/wvfFind_event61371_trackID9_opNum6.root
[COPY] event=6137, trackID=27, T0=1.89753 -> /Volumes/ssd_zhang/thesis_michel/server_processing/t0_rootFiles/beam28777_new202602/wvf_applyCut_removeBeam/wvfFind_event6137_trackID27_opNum9.root
[COPY] event=6137, trackID=6, T0=-1.80564 -> /Volumes/ssd_zhang/thesis_michel/server_processing/t0_rootFiles/beam28777_new202602/wvf_applyCut_removeBeam/wvfFind_event6137_trackID6_opNum9.root
[COPY] event=61399, trackID=4, T0=-0.876404 -> /Volumes/ssd_zhang/thesis_michel/server_processing/t0_rootFiles/beam28777_new202602/wvf_applyCut_removeBeam/wvfFind_event61399_trackID4_opNum4.root
[COPY] event=6140, trackID=23, T0=-2.31913 -> /Volumes/ssd_zhang/thesis_michel/server_processing/t0_rootFiles/beam28777_new202602/wvf_applyCut_removeBeam/wvfFind_event6140_trackID23_opNum8.root
[SKIP] (in range) event=61419, trackID=1, T0=-0.0350513
[COPY] event=61420, trackID=9, T0=0.388964 -> /Volumes/ssd_zhang/thesis_michel/server_processing/t0_rootFiles/beam28777_new202602/wvf_applyCut_removeBeam/wvfFind_event61420_trackID9_opNum6.root
[COPY] event=61420, trackID=9, T0=0.388964 -> /Volumes/ssd_zhang/thesis_michel/server_processing/t0_rootFiles/beam28777_new202602/wvf_applyCut_removeBeam/wvfFind_event61420_trackID9_opNum6_2.root
[COPY] event=61434, trackID=6, T0=-1.60391 -> /Volumes/ssd_zhang/thesis_michel/server_processing/t0_rootFiles/beam28777_new202602/wvf_applyCut_removeBeam/wvfFind_event61434_trackID6_opNum4.root
[COPY] event=61434, trackID=6, T0=-1.60391 -> /Volumes/ssd_zhang/thesis_michel/server_processing/t0_rootFiles/beam28777_new202602/wvf_applyCut_removeBeam/wvfFind_event61434_trackID6_opNum4_2.root
[COPY] event=61460, trackID=5, T0=-1.15745 -> /Volumes/ssd_zhang/thesis_michel/server_processing/t0_rootFiles/beam28777_new202602/wvf_applyCut_removeBeam/wvfFind_event61460_trackID5_opNum7.root
[COPY] event=61464, trackID=9, T0=-1.64794 -> /Volumes/ssd_zhang/thesis_michel/server_processing/t0_rootFiles/beam28777_new202602/wvf_applyCut_removeBeam/wvfFind_event61464_trackID9_opNum6.root
[COPY] event=61498, trackID=15, T0=-0.804077 -> /Volumes/ssd_zhang/thesis_michel/server_processing/t0_rootFiles/beam28777_new202602/wvf_applyCut_removeBeam/wvfFind_event61498_trackID15_opNum4.root
[COPY] event=61498, trackID=15, T0=-0.804077 -> /Volumes/ssd_zhang/thesis_michel/server_processing/t0_rootFiles/beam28777_new202602/wvf_applyCut_removeBeam/wvfFind_event61498_trackID15_opNum4_2.root
[SKIP] (in range) event=6149, trackID=6, T0=-0.0309655
[COPY] event=61521, trackID=19, T0=-2.3022 -> /Volumes/ssd_zhang/thesis_michel/server_processing/t0_rootFiles/beam28777_new202602/wvf_applyCut_removeBeam/wvfFind_event61521_trackID19_opNum9.root
[COPY] event=61524, trackID=3, T0=-1.51138 -> /Volumes/ssd_zhang/thesis_michel/server_processing/t0_rootFiles/beam28777_new202602/wvf_applyCut_removeBeam/wvfFind_event61524_trackID3_opNum9.root
[COPY] event=61524, trackID=6, T0=-0.701231 -> /Volumes/ssd_zhang/thesis_michel/server_processing/t0_rootFiles/beam28777_new202602/wvf_applyCut_removeBeam/wvfFind_event61524_trackID6_opNum3.root
[COPY] event=61537, trackID=0, T0=-0.59039 -> /Volumes/ssd_zhang/thesis_michel/server_processing/t0_rootFiles/beam28777_new202602/wvf_applyCut_removeBeam/wvfFind_event61537_trackID0_opNum3.root
[COPY] event=61537, trackID=0, T0=-0.59039 -> /Volumes/ssd_zhang/thesis_michel/server_processing/t0_rootFiles/beam28777_new202602/wvf_applyCut_removeBeam/wvfFind_event61537_trackID0_opNum3_2.root
[COPY] event=61555, trackID=16, T0=-1.66864 -> /Volumes/ssd_zhang/thesis_michel/server_processing/t0_rootFiles/beam28777_new202602/wvf_applyCut_removeBeam/wvfFind_event61555_trackID16_opNum7_merged.root
[COPY] event=61584, trackID=9, T0=-1.62553 -> /Volumes/ssd_zhang/thesis_michel/server_processing/t0_rootFiles/beam28777_new202602/wvf_applyCut_removeBeam/wvfFind_event61584_trackID9_opNum9.root
[COPY] event=61591, trackID=3, T0=0.258735 -> /Volumes/ssd_zhang/thesis_michel/server_processing/t0_rootFiles/beam28777_new202602/wvf_applyCut_removeBeam/wvfFind_event61591_trackID3_opNum5.root
[COPY] event=61592, trackID=6, T0=-1.7546 -> /Volumes/ssd_zhang/thesis_michel/server_processing/t0_rootFiles/beam28777_new202602/wvf_applyCut_removeBeam/wvfFind_event61592_trackID6_opNum9.root
[COPY] event=61596, trackID=19, T0=-2.02511 -> /Volumes/ssd_zhang/thesis_michel/server_processing/t0_rootFiles/beam28777_new202602/wvf_applyCut_removeBeam/wvfFind_event61596_trackID19_opNum5_merged.root
[COPY] event=61616, trackID=5, T0=0.300336 -> /Volumes/ssd_zhang/thesis_michel/server_processing/t0_rootFiles/beam28777_new202602/wvf_applyCut_removeBeam/wvfFind_event61616_trackID5_opNum4.root
[COPY] event=61629, trackID=0, T0=-1.47893 -> /Volumes/ssd_zhang/thesis_michel/server_processing/t0_rootFiles/beam28777_new202602/wvf_applyCut_removeBeam/wvfFind_event61629_trackID0_opNum5.root
[COPY] event=61644, trackID=25, T0=0.430901 -> /Volumes/ssd_zhang/thesis_michel/server_processing/t0_rootFiles/beam28777_new202602/wvf_applyCut_removeBeam/wvfFind_event61644_trackID25_opNum7.root
[COPY] event=61645, trackID=17, T0=-1.28915 -> /Volumes/ssd_zhang/thesis_michel/server_processing/t0_rootFiles/beam28777_new202602/wvf_applyCut_removeBeam/wvfFind_event61645_trackID17_opNum6.root
[COPY] event=61649, trackID=11, T0=-2.02523 -> /Volumes/ssd_zhang/thesis_michel/server_processing/t0_rootFiles/beam28777_new202602/wvf_applyCut_removeBeam/wvfFind_event61649_trackID11_opNum4_merged.root
[COPY] event=61650, trackID=1, T0=-0.0125353 -> /Volumes/ssd_zhang/thesis_michel/server_processing/t0_rootFiles/beam28777_new202602/wvf_applyCut_removeBeam/wvfFind_event61650_trackID1_opNum4.root
[COPY] event=61653, trackID=8, T0=1.42058 -> /Volumes/ssd_zhang/thesis_michel/server_processing/t0_rootFiles/beam28777_new202602/wvf_applyCut_removeBeam/wvfFind_event61653_trackID8_opNum5.root
[COPY] event=61656, trackID=11, T0=-2.27271 -> /Volumes/ssd_zhang/thesis_michel/server_processing/t0_rootFiles/beam28777_new202602/wvf_applyCut_removeBeam/wvfFind_event61656_trackID11_opNum9.root
[COPY] event=6165, trackID=8, T0=-1.96596 -> /Volumes/ssd_zhang/thesis_michel/server_processing/t0_rootFiles/beam28777_new202602/wvf_applyCut_removeBeam/wvfFind_event6165_trackID8_opNum4.root
[COPY] event=6165, trackID=9, T0=-2.08222 -> /Volumes/ssd_zhang/thesis_michel/server_processing/t0_rootFiles/beam28777_new202602/wvf_applyCut_removeBeam/wvfFind_event6165_trackID9_opNum3.root
[COPY] event=61671, trackID=12, T0=-0.307442 -> /Volumes/ssd_zhang/thesis_michel/server_processing/t0_rootFiles/beam28777_new202602/wvf_applyCut_removeBeam/wvfFind_event61671_trackID12_opNum6.root
[COPY] event=61671, trackID=1, T0=-1.53931 -> /Volumes/ssd_zhang/thesis_michel/server_processing/t0_rootFiles/beam28777_new202602/wvf_applyCut_removeBeam/wvfFind_event61671_trackID1_opNum9.root
[COPY] event=61700, trackID=10, T0=-1.33581 -> /Volumes/ssd_zhang/thesis_michel/server_processing/t0_rootFiles/beam28777_new202602/wvf_applyCut_removeBeam/wvfFind_event61700_trackID10_opNum4_merged.root
[COPY] event=61735, trackID=17, T0=-2.27714 -> /Volumes/ssd_zhang/thesis_michel/server_processing/t0_rootFiles/beam28777_new202602/wvf_applyCut_removeBeam/wvfFind_event61735_trackID17_opNum9.root
[COPY] event=61740, trackID=8, T0=-1.53542 -> /Volumes/ssd_zhang/thesis_michel/server_processing/t0_rootFiles/beam28777_new202602/wvf_applyCut_removeBeam/wvfFind_event61740_trackID8_opNum3.root
[COPY] event=61750, trackID=1, T0=-0.421645 -> /Volumes/ssd_zhang/thesis_michel/server_processing/t0_rootFiles/beam28777_new202602/wvf_applyCut_removeBeam/wvfFind_event61750_trackID1_opNum9.root
[SKIP] (in range) event=61754, trackID=10, T0=-0.0710809
[COPY] event=61755, trackID=2, T0=0.338619 -> /Volumes/ssd_zhang/thesis_michel/server_processing/t0_rootFiles/beam28777_new202602/wvf_applyCut_removeBeam/wvfFind_event61755_trackID2_opNum8.root
[COPY] event=61757, trackID=8, T0=-0.451236 -> /Volumes/ssd_zhang/thesis_michel/server_processing/t0_rootFiles/beam28777_new202602/wvf_applyCut_removeBeam/wvfFind_event61757_trackID8_opNum9.root
[COPY] event=61762, trackID=17, T0=-1.60155 -> /Volumes/ssd_zhang/thesis_michel/server_processing/t0_rootFiles/beam28777_new202602/wvf_applyCut_removeBeam/wvfFind_event61762_trackID17_opNum8.root
[COPY] event=61783, trackID=7, T0=-1.22071 -> /Volumes/ssd_zhang/thesis_michel/server_processing/t0_rootFiles/beam28777_new202602/wvf_applyCut_removeBeam/wvfFind_event61783_trackID7_opNum9.root
[COPY] event=6183, trackID=23, T0=0.435968 -> /Volumes/ssd_zhang/thesis_michel/server_processing/t0_rootFiles/beam28777_new202602/wvf_applyCut_removeBeam/wvfFind_event6183_trackID23_opNum8.root
[COPY] event=6184, trackID=4, T0=-0.790144 -> /Volumes/ssd_zhang/thesis_michel/server_processing/t0_rootFiles/beam28777_new202602/wvf_applyCut_removeBeam/wvfFind_event6184_trackID4_opNum5.root
[COPY] event=619, trackID=7, T0=-0.310435 -> /Volumes/ssd_zhang/thesis_michel/server_processing/t0_rootFiles/beam28777_new202602/wvf_applyCut_removeBeam/wvfFind_event619_trackID7_opNum6.root
[COPY] event=619, trackID=7, T0=-0.310435 -> /Volumes/ssd_zhang/thesis_michel/server_processing/t0_rootFiles/beam28777_new202602/wvf_applyCut_removeBeam/wvfFind_event619_trackID7_opNum6_2.root
[COPY] event=620, trackID=19, T0=-2.28364 -> /Volumes/ssd_zhang/thesis_michel/server_processing/t0_rootFiles/beam28777_new202602/wvf_applyCut_removeBeam/wvfFind_event620_trackID19_opNum5.root
[COPY] event=6227, trackID=19, T0=-1.31977 -> /Volumes/ssd_zhang/thesis_michel/server_processing/t0_rootFiles/beam28777_new202602/wvf_applyCut_removeBeam/wvfFind_event6227_trackID19_opNum8.root
[COPY] event=6230, trackID=13, T0=0.0800015 -> /Volumes/ssd_zhang/thesis_michel/server_processing/t0_rootFiles/beam28777_new202602/wvf_applyCut_removeBeam/wvfFind_event6230_trackID13_opNum9.root
[COPY] event=6259, trackID=29, T0=-2.41245 -> /Volumes/ssd_zhang/thesis_michel/server_processing/t0_rootFiles/beam28777_new202602/wvf_applyCut_removeBeam/wvfFind_event6259_trackID29_opNum9.root
[COPY] event=6262, trackID=17, T0=-2.391 -> /Volumes/ssd_zhang/thesis_michel/server_processing/t0_rootFiles/beam28777_new202602/wvf_applyCut_removeBeam/wvfFind_event6262_trackID17_opNum8.root
[COPY] event=6266, trackID=14, T0=-0.770466 -> /Volumes/ssd_zhang/thesis_michel/server_processing/t0_rootFiles/beam28777_new202602/wvf_applyCut_removeBeam/wvfFind_event6266_trackID14_opNum9.root
[COPY] event=6274, trackID=2, T0=0.463492 -> /Volumes/ssd_zhang/thesis_michel/server_processing/t0_rootFiles/beam28777_new202602/wvf_applyCut_removeBeam/wvfFind_event6274_trackID2_opNum7.root
[COPY] event=6313, trackID=4, T0=-0.341509 -> /Volumes/ssd_zhang/thesis_michel/server_processing/t0_rootFiles/beam28777_new202602/wvf_applyCut_removeBeam/wvfFind_event6313_trackID4_opNum9.root
[COPY] event=6313, trackID=4, T0=-0.341509 -> /Volumes/ssd_zhang/thesis_michel/server_processing/t0_rootFiles/beam28777_new202602/wvf_applyCut_removeBeam/wvfFind_event6313_trackID4_opNum9_2.root
[COPY] event=6315, trackID=22, T0=-2.36487 -> /Volumes/ssd_zhang/thesis_michel/server_processing/t0_rootFiles/beam28777_new202602/wvf_applyCut_removeBeam/wvfFind_event6315_trackID22_opNum5.root
[SKIP] (in range) event=6329, trackID=31, T0=-0.066377
[COPY] event=6343, trackID=0, T0=-0.607366 -> /Volumes/ssd_zhang/thesis_michel/server_processing/t0_rootFiles/beam28777_new202602/wvf_applyCut_removeBeam/wvfFind_event6343_trackID0_opNum4.root
[COPY] event=6347, trackID=2, T0=0.188027 -> /Volumes/ssd_zhang/thesis_michel/server_processing/t0_rootFiles/beam28777_new202602/wvf_applyCut_removeBeam/wvfFind_event6347_trackID2_opNum4.root
[COPY] event=6363, trackID=16, T0=-2.33406 -> /Volumes/ssd_zhang/thesis_michel/server_processing/t0_rootFiles/beam28777_new202602/wvf_applyCut_removeBeam/wvfFind_event6363_trackID16_opNum8.root
[COPY] event=6363, trackID=16, T0=-2.33406 -> /Volumes/ssd_zhang/thesis_michel/server_processing/t0_rootFiles/beam28777_new202602/wvf_applyCut_removeBeam/wvfFind_event6363_trackID16_opNum8_2.root
[COPY] event=6387, trackID=1, T0=0.339152 -> /Volumes/ssd_zhang/thesis_michel/server_processing/t0_rootFiles/beam28777_new202602/wvf_applyCut_removeBeam/wvfFind_event6387_trackID1_opNum9.root
[COPY] event=6387, trackID=1, T0=0.339152 -> /Volumes/ssd_zhang/thesis_michel/server_processing/t0_rootFiles/beam28777_new202602/wvf_applyCut_removeBeam/wvfFind_event6387_trackID1_opNum9_2.root
[COPY] event=6390, trackID=21, T0=-2.16405 -> /Volumes/ssd_zhang/thesis_michel/server_processing/t0_rootFiles/beam28777_new202602/wvf_applyCut_removeBeam/wvfFind_event6390_trackID21_opNum9.root
[COPY] event=6403, trackID=6, T0=-1.56421 -> /Volumes/ssd_zhang/thesis_michel/server_processing/t0_rootFiles/beam28777_new202602/wvf_applyCut_removeBeam/wvfFind_event6403_trackID6_opNum4.root
[COPY] event=6409, trackID=11, T0=-1.09719 -> /Volumes/ssd_zhang/thesis_michel/server_processing/t0_rootFiles/beam28777_new202602/wvf_applyCut_removeBeam/wvfFind_event6409_trackID11_opNum8.root
[COPY] event=6409, trackID=5, T0=0.0678048 -> /Volumes/ssd_zhang/thesis_michel/server_processing/t0_rootFiles/beam28777_new202602/wvf_applyCut_removeBeam/wvfFind_event6409_trackID5_opNum6_merged.root
[COPY] event=6417, trackID=10, T0=-1.58212 -> /Volumes/ssd_zhang/thesis_michel/server_processing/t0_rootFiles/beam28777_new202602/wvf_applyCut_removeBeam/wvfFind_event6417_trackID10_opNum5_merged.root
[COPY] event=642, trackID=2, T0=-1.81146 -> /Volumes/ssd_zhang/thesis_michel/server_processing/t0_rootFiles/beam28777_new202602/wvf_applyCut_removeBeam/wvfFind_event642_trackID2_opNum9.root
[COPY] event=6439, trackID=17, T0=-0.158401 -> /Volumes/ssd_zhang/thesis_michel/server_processing/t0_rootFiles/beam28777_new202602/wvf_applyCut_removeBeam/wvfFind_event6439_trackID17_opNum5.root
[COPY] event=6490, trackID=14, T0=-2.19145 -> /Volumes/ssd_zhang/thesis_michel/server_processing/t0_rootFiles/beam28777_new202602/wvf_applyCut_removeBeam/wvfFind_event6490_trackID14_opNum9_merged.root
[COPY] event=6492, trackID=2, T0=-0.510806 -> /Volumes/ssd_zhang/thesis_michel/server_processing/t0_rootFiles/beam28777_new202602/wvf_applyCut_removeBeam/wvfFind_event6492_trackID2_opNum4_merged.root
[COPY] event=6521, trackID=9, T0=0.386871 -> /Volumes/ssd_zhang/thesis_michel/server_processing/t0_rootFiles/beam28777_new202602/wvf_applyCut_removeBeam/wvfFind_event6521_trackID9_opNum3.root
[COPY] event=6530, trackID=5, T0=-1.19681 -> /Volumes/ssd_zhang/thesis_michel/server_processing/t0_rootFiles/beam28777_new202602/wvf_applyCut_removeBeam/wvfFind_event6530_trackID5_opNum5.root
[COPY] event=6533, trackID=11, T0=-0.824829 -> /Volumes/ssd_zhang/thesis_michel/server_processing/t0_rootFiles/beam28777_new202602/wvf_applyCut_removeBeam/wvfFind_event6533_trackID11_opNum7.root
[COPY] event=6540, trackID=1, T0=0.0750026 -> /Volumes/ssd_zhang/thesis_michel/server_processing/t0_rootFiles/beam28777_new202602/wvf_applyCut_removeBeam/wvfFind_event6540_trackID1_opNum4.root
[COPY] event=6560, trackID=2, T0=0.294065 -> /Volumes/ssd_zhang/thesis_michel/server_processing/t0_rootFiles/beam28777_new202602/wvf_applyCut_removeBeam/wvfFind_event6560_trackID2_opNum8_merged.root
[COPY] event=6560, trackID=3, T0=0.298042 -> /Volumes/ssd_zhang/thesis_michel/server_processing/t0_rootFiles/beam28777_new202602/wvf_applyCut_removeBeam/wvfFind_event6560_trackID3_opNum4.root
[COPY] event=660, trackID=1, T0=-0.243629 -> /Volumes/ssd_zhang/thesis_michel/server_processing/t0_rootFiles/beam28777_new202602/wvf_applyCut_removeBeam/wvfFind_event660_trackID1_opNum4.root
[COPY] event=6665, trackID=23, T0=-0.819187 -> /Volumes/ssd_zhang/thesis_michel/server_processing/t0_rootFiles/beam28777_new202602/wvf_applyCut_removeBeam/wvfFind_event6665_trackID23_opNum8_merged.root
[COPY] event=6674, trackID=0, T0=-0.909709 -> /Volumes/ssd_zhang/thesis_michel/server_processing/t0_rootFiles/beam28777_new202602/wvf_applyCut_removeBeam/wvfFind_event6674_trackID0_opNum4.root
[COPY] event=6675, trackID=16, T0=-2.05345 -> /Volumes/ssd_zhang/thesis_michel/server_processing/t0_rootFiles/beam28777_new202602/wvf_applyCut_removeBeam/wvfFind_event6675_trackID16_opNum6.root
[COPY] event=6675, trackID=16, T0=-2.05345 -> /Volumes/ssd_zhang/thesis_michel/server_processing/t0_rootFiles/beam28777_new202602/wvf_applyCut_removeBeam/wvfFind_event6675_trackID16_opNum6_2.root
[COPY] event=6688, trackID=1, T0=-0.791228 -> /Volumes/ssd_zhang/thesis_michel/server_processing/t0_rootFiles/beam28777_new202602/wvf_applyCut_removeBeam/wvfFind_event6688_trackID1_opNum5.root
[COPY] event=6688, trackID=1, T0=-0.791228 -> /Volumes/ssd_zhang/thesis_michel/server_processing/t0_rootFiles/beam28777_new202602/wvf_applyCut_removeBeam/wvfFind_event6688_trackID1_opNum5_2.root
[COPY] event=6689, trackID=16, T0=0.385424 -> /Volumes/ssd_zhang/thesis_michel/server_processing/t0_rootFiles/beam28777_new202602/wvf_applyCut_removeBeam/wvfFind_event6689_trackID16_opNum3.root
[SKIP] (in range) event=6702, trackID=22, T0=-0.064316
[COPY] event=6717, trackID=3, T0=-0.637881 -> /Volumes/ssd_zhang/thesis_michel/server_processing/t0_rootFiles/beam28777_new202602/wvf_applyCut_removeBeam/wvfFind_event6717_trackID3_opNum4.root
[COPY] event=6717, trackID=3, T0=-0.637881 -> /Volumes/ssd_zhang/thesis_michel/server_processing/t0_rootFiles/beam28777_new202602/wvf_applyCut_removeBeam/wvfFind_event6717_trackID3_opNum4_2.root
[COPY] event=6728, trackID=13, T0=-1.35288 -> /Volumes/ssd_zhang/thesis_michel/server_processing/t0_rootFiles/beam28777_new202602/wvf_applyCut_removeBeam/wvfFind_event6728_trackID13_opNum4_2.root
[COPY] event=6728, trackID=13, T0=-1.35288 -> /Volumes/ssd_zhang/thesis_michel/server_processing/t0_rootFiles/beam28777_new202602/wvf_applyCut_removeBeam/wvfFind_event6728_trackID13_opNum5_merged.root
[COPY] event=6760, trackID=0, T0=-1.36216 -> /Volumes/ssd_zhang/thesis_michel/server_processing/t0_rootFiles/beam28777_new202602/wvf_applyCut_removeBeam/wvfFind_event6760_trackID0_opNum5.root
[COPY] event=6782, trackID=11, T0=-2.02675 -> /Volumes/ssd_zhang/thesis_michel/server_processing/t0_rootFiles/beam28777_new202602/wvf_applyCut_removeBeam/wvfFind_event6782_trackID11_opNum3.root
[COPY] event=6782, trackID=11, T0=-2.02675 -> /Volumes/ssd_zhang/thesis_michel/server_processing/t0_rootFiles/beam28777_new202602/wvf_applyCut_removeBeam/wvfFind_event6782_trackID11_opNum3_2.root
[COPY] event=6785, trackID=23, T0=-2.27204 -> /Volumes/ssd_zhang/thesis_michel/server_processing/t0_rootFiles/beam28777_new202602/wvf_applyCut_removeBeam/wvfFind_event6785_trackID23_opNum3_merged.root
[COPY] event=6805, trackID=8, T0=0.127421 -> /Volumes/ssd_zhang/thesis_michel/server_processing/t0_rootFiles/beam28777_new202602/wvf_applyCut_removeBeam/wvfFind_event6805_trackID8_opNum3.root
[COPY] event=6805, trackID=8, T0=0.127421 -> /Volumes/ssd_zhang/thesis_michel/server_processing/t0_rootFiles/beam28777_new202602/wvf_applyCut_removeBeam/wvfFind_event6805_trackID8_opNum3_2.root
[COPY] event=6814, trackID=18, T0=-1.17357 -> /Volumes/ssd_zhang/thesis_michel/server_processing/t0_rootFiles/beam28777_new202602/wvf_applyCut_removeBeam/wvfFind_event6814_trackID18_opNum6_merged.root
[COPY] event=6818, trackID=19, T0=0.136897 -> /Volumes/ssd_zhang/thesis_michel/server_processing/t0_rootFiles/beam28777_new202602/wvf_applyCut_removeBeam/wvfFind_event6818_trackID19_opNum8.root
[COPY] event=6836, trackID=13, T0=0.457892 -> /Volumes/ssd_zhang/thesis_michel/server_processing/t0_rootFiles/beam28777_new202602/wvf_applyCut_removeBeam/wvfFind_event6836_trackID13_opNum9.root
[COPY] event=6842, trackID=3, T0=-1.12439 -> /Volumes/ssd_zhang/thesis_michel/server_processing/t0_rootFiles/beam28777_new202602/wvf_applyCut_removeBeam/wvfFind_event6842_trackID3_opNum5.root
[COPY] event=6868, trackID=16, T0=-1.5611 -> /Volumes/ssd_zhang/thesis_michel/server_processing/t0_rootFiles/beam28777_new202602/wvf_applyCut_removeBeam/wvfFind_event6868_trackID16_opNum9_merged.root
[COPY] event=6888, trackID=1, T0=-2.28086 -> /Volumes/ssd_zhang/thesis_michel/server_processing/t0_rootFiles/beam28777_new202602/wvf_applyCut_removeBeam/wvfFind_event6888_trackID1_opNum8_merged.root
[COPY] event=6909, trackID=8, T0=-1.72432 -> /Volumes/ssd_zhang/thesis_michel/server_processing/t0_rootFiles/beam28777_new202602/wvf_applyCut_removeBeam/wvfFind_event6909_trackID8_opNum4_2.root
[COPY] event=6909, trackID=8, T0=-1.72432 -> /Volumes/ssd_zhang/thesis_michel/server_processing/t0_rootFiles/beam28777_new202602/wvf_applyCut_removeBeam/wvfFind_event6909_trackID8_opNum6_merged.root
[SKIP] (in range) event=6916, trackID=6, T0=-0.0838732
[SKIP] (in range) event=6916, trackID=6, T0=-0.0838732
[COPY] event=6934, trackID=2, T0=0.269047 -> /Volumes/ssd_zhang/thesis_michel/server_processing/t0_rootFiles/beam28777_new202602/wvf_applyCut_removeBeam/wvfFind_event6934_trackID2_opNum5.root
[COPY] event=6968, trackID=6, T0=-0.57018 -> /Volumes/ssd_zhang/thesis_michel/server_processing/t0_rootFiles/beam28777_new202602/wvf_applyCut_removeBeam/wvfFind_event6968_trackID6_opNum7_merged.root
[COPY] event=6973, trackID=6, T0=-2.02771 -> /Volumes/ssd_zhang/thesis_michel/server_processing/t0_rootFiles/beam28777_new202602/wvf_applyCut_removeBeam/wvfFind_event6973_trackID6_opNum9.root
[COPY] event=6976, trackID=30, T0=-2.42151 -> /Volumes/ssd_zhang/thesis_michel/server_processing/t0_rootFiles/beam28777_new202602/wvf_applyCut_removeBeam/wvfFind_event6976_trackID30_opNum6_merged.root
[SKIP] (in range) event=6983, trackID=16, T0=-0.0983996
[COPY] event=6987, trackID=2, T0=-1.2325 -> /Volumes/ssd_zhang/thesis_michel/server_processing/t0_rootFiles/beam28777_new202602/wvf_applyCut_removeBeam/wvfFind_event6987_trackID2_opNum5_merged.root
[COPY] event=6995, trackID=6, T0=-1.20414 -> /Volumes/ssd_zhang/thesis_michel/server_processing/t0_rootFiles/beam28777_new202602/wvf_applyCut_removeBeam/wvfFind_event6995_trackID6_opNum6.root
[SKIP] (in range) event=7021, trackID=26, T0=-0.0793856
[COPY] event=7026, trackID=2, T0=-0.305622 -> /Volumes/ssd_zhang/thesis_michel/server_processing/t0_rootFiles/beam28777_new202602/wvf_applyCut_removeBeam/wvfFind_event7026_trackID2_opNum4.root
[COPY] event=7043, trackID=7, T0=-2.05389 -> /Volumes/ssd_zhang/thesis_michel/server_processing/t0_rootFiles/beam28777_new202602/wvf_applyCut_removeBeam/wvfFind_event7043_trackID7_opNum9.root
[COPY] event=7051, trackID=23, T0=1.51091 -> /Volumes/ssd_zhang/thesis_michel/server_processing/t0_rootFiles/beam28777_new202602/wvf_applyCut_removeBeam/wvfFind_event7051_trackID23_opNum6.root
[COPY] event=7053, trackID=4, T0=0.436434 -> /Volumes/ssd_zhang/thesis_michel/server_processing/t0_rootFiles/beam28777_new202602/wvf_applyCut_removeBeam/wvfFind_event7053_trackID4_opNum8.root
[COPY] event=7070, trackID=11, T0=-0.996524 -> /Volumes/ssd_zhang/thesis_michel/server_processing/t0_rootFiles/beam28777_new202602/wvf_applyCut_removeBeam/wvfFind_event7070_trackID11_opNum4.root
[COPY] event=7075, trackID=9, T0=-1.23351 -> /Volumes/ssd_zhang/thesis_michel/server_processing/t0_rootFiles/beam28777_new202602/wvf_applyCut_removeBeam/wvfFind_event7075_trackID9_opNum6.root
[COPY] event=7085, trackID=24, T0=-0.835079 -> /Volumes/ssd_zhang/thesis_michel/server_processing/t0_rootFiles/beam28777_new202602/wvf_applyCut_removeBeam/wvfFind_event7085_trackID24_opNum9.root
[COPY] event=7090, trackID=5, T0=-1.07773 -> /Volumes/ssd_zhang/thesis_michel/server_processing/t0_rootFiles/beam28777_new202602/wvf_applyCut_removeBeam/wvfFind_event7090_trackID5_opNum9.root
[COPY] event=7095, trackID=3, T0=-1.43223 -> /Volumes/ssd_zhang/thesis_michel/server_processing/t0_rootFiles/beam28777_new202602/wvf_applyCut_removeBeam/wvfFind_event7095_trackID3_opNum3.root
[COPY] event=7101, trackID=5, T0=-1.13747 -> /Volumes/ssd_zhang/thesis_michel/server_processing/t0_rootFiles/beam28777_new202602/wvf_applyCut_removeBeam/wvfFind_event7101_trackID5_opNum9.root
[COPY] event=7104, trackID=0, T0=0.238675 -> /Volumes/ssd_zhang/thesis_michel/server_processing/t0_rootFiles/beam28777_new202602/wvf_applyCut_removeBeam/wvfFind_event7104_trackID0_opNum5.root
[SKIP] (in range) event=7109, trackID=41, T0=-0.0902638
[SKIP] (in range) event=7109, trackID=41, T0=-0.0902638
[COPY] event=7163, trackID=4, T0=-0.481815 -> /Volumes/ssd_zhang/thesis_michel/server_processing/t0_rootFiles/beam28777_new202602/wvf_applyCut_removeBeam/wvfFind_event7163_trackID4_opNum4.root
[COPY] event=7170, trackID=9, T0=-0.731226 -> /Volumes/ssd_zhang/thesis_michel/server_processing/t0_rootFiles/beam28777_new202602/wvf_applyCut_removeBeam/wvfFind_event7170_trackID9_opNum3.root
[COPY] event=719, trackID=9, T0=0.272282 -> /Volumes/ssd_zhang/thesis_michel/server_processing/t0_rootFiles/beam28777_new202602/wvf_applyCut_removeBeam/wvfFind_event719_trackID9_opNum9.root
[COPY] event=7210, trackID=13, T0=-2.1458 -> /Volumes/ssd_zhang/thesis_michel/server_processing/t0_rootFiles/beam28777_new202602/wvf_applyCut_removeBeam/wvfFind_event7210_trackID13_opNum4.root
[COPY] event=7252, trackID=8, T0=-1.43613 -> /Volumes/ssd_zhang/thesis_michel/server_processing/t0_rootFiles/beam28777_new202602/wvf_applyCut_removeBeam/wvfFind_event7252_trackID8_opNum8.root
[COPY] event=7254, trackID=1, T0=-0.421438 -> /Volumes/ssd_zhang/thesis_michel/server_processing/t0_rootFiles/beam28777_new202602/wvf_applyCut_removeBeam/wvfFind_event7254_trackID1_opNum9_merged.root
[COPY] event=7255, trackID=30, T0=-2.4055 -> /Volumes/ssd_zhang/thesis_michel/server_processing/t0_rootFiles/beam28777_new202602/wvf_applyCut_removeBeam/wvfFind_event7255_trackID30_opNum5.root
[COPY] event=7267, trackID=9, T0=0.380163 -> /Volumes/ssd_zhang/thesis_michel/server_processing/t0_rootFiles/beam28777_new202602/wvf_applyCut_removeBeam/wvfFind_event7267_trackID9_opNum3.root
[COPY] event=7301, trackID=10, T0=-2.16534 -> /Volumes/ssd_zhang/thesis_michel/server_processing/t0_rootFiles/beam28777_new202602/wvf_applyCut_removeBeam/wvfFind_event7301_trackID10_opNum4.root
[COPY] event=7321, trackID=2, T0=-1.43392 -> /Volumes/ssd_zhang/thesis_michel/server_processing/t0_rootFiles/beam28777_new202602/wvf_applyCut_removeBeam/wvfFind_event7321_trackID2_opNum5_merged.root
[COPY] event=7332, trackID=13, T0=-2.0437 -> /Volumes/ssd_zhang/thesis_michel/server_processing/t0_rootFiles/beam28777_new202602/wvf_applyCut_removeBeam/wvfFind_event7332_trackID13_opNum9.root
[COPY] event=7343, trackID=8, T0=-0.807186 -> /Volumes/ssd_zhang/thesis_michel/server_processing/t0_rootFiles/beam28777_new202602/wvf_applyCut_removeBeam/wvfFind_event7343_trackID8_opNum7_merged.root
[COPY] event=7346, trackID=28, T0=-2.35173 -> /Volumes/ssd_zhang/thesis_michel/server_processing/t0_rootFiles/beam28777_new202602/wvf_applyCut_removeBeam/wvfFind_event7346_trackID28_opNum7_merged.root
[COPY] event=7384, trackID=24, T0=-2.18983 -> /Volumes/ssd_zhang/thesis_michel/server_processing/t0_rootFiles/beam28777_new202602/wvf_applyCut_removeBeam/wvfFind_event7384_trackID24_opNum6.root
[COPY] event=7400, trackID=7, T0=-1.34542 -> /Volumes/ssd_zhang/thesis_michel/server_processing/t0_rootFiles/beam28777_new202602/wvf_applyCut_removeBeam/wvfFind_event7400_trackID7_opNum9.root
[COPY] event=7412, trackID=22, T0=-1.26092 -> /Volumes/ssd_zhang/thesis_michel/server_processing/t0_rootFiles/beam28777_new202602/wvf_applyCut_removeBeam/wvfFind_event7412_trackID22_opNum5_merged.root
[COPY] event=7427, trackID=15, T0=-0.764962 -> /Volumes/ssd_zhang/thesis_michel/server_processing/t0_rootFiles/beam28777_new202602/wvf_applyCut_removeBeam/wvfFind_event7427_trackID15_opNum6.root
[COPY] event=7428, trackID=5, T0=-0.403292 -> /Volumes/ssd_zhang/thesis_michel/server_processing/t0_rootFiles/beam28777_new202602/wvf_applyCut_removeBeam/wvfFind_event7428_trackID5_opNum6.root
[COPY] event=7428, trackID=5, T0=-0.403292 -> /Volumes/ssd_zhang/thesis_michel/server_processing/t0_rootFiles/beam28777_new202602/wvf_applyCut_removeBeam/wvfFind_event7428_trackID5_opNum6_2.root
[COPY] event=7431, trackID=8, T0=-2.01933 -> /Volumes/ssd_zhang/thesis_michel/server_processing/t0_rootFiles/beam28777_new202602/wvf_applyCut_removeBeam/wvfFind_event7431_trackID8_opNum3.root
[COPY] event=7431, trackID=8, T0=-2.01933 -> /Volumes/ssd_zhang/thesis_michel/server_processing/t0_rootFiles/beam28777_new202602/wvf_applyCut_removeBeam/wvfFind_event7431_trackID8_opNum3_2.root
[COPY] event=7432, trackID=9, T0=-1.80311 -> /Volumes/ssd_zhang/thesis_michel/server_processing/t0_rootFiles/beam28777_new202602/wvf_applyCut_removeBeam/wvfFind_event7432_trackID9_opNum9.root
[SKIP] (in range) event=7441, trackID=33, T0=-0.0978108
[COPY] event=7449, trackID=23, T0=-0.56223 -> /Volumes/ssd_zhang/thesis_michel/server_processing/t0_rootFiles/beam28777_new202602/wvf_applyCut_removeBeam/wvfFind_event7449_trackID23_opNum9.root
[COPY] event=7451, trackID=11, T0=-0.169971 -> /Volumes/ssd_zhang/thesis_michel/server_processing/t0_rootFiles/beam28777_new202602/wvf_applyCut_removeBeam/wvfFind_event7451_trackID11_opNum3.root
[COPY] event=7455, trackID=13, T0=-0.31627 -> /Volumes/ssd_zhang/thesis_michel/server_processing/t0_rootFiles/beam28777_new202602/wvf_applyCut_removeBeam/wvfFind_event7455_trackID13_opNum5.root
[COPY] event=7472, trackID=4, T0=-1.06175 -> /Volumes/ssd_zhang/thesis_michel/server_processing/t0_rootFiles/beam28777_new202602/wvf_applyCut_removeBeam/wvfFind_event7472_trackID4_opNum3.root
[COPY] event=7515, trackID=6, T0=-1.47406 -> /Volumes/ssd_zhang/thesis_michel/server_processing/t0_rootFiles/beam28777_new202602/wvf_applyCut_removeBeam/wvfFind_event7515_trackID6_opNum6.root
[COPY] event=7520, trackID=11, T0=-2.32845 -> /Volumes/ssd_zhang/thesis_michel/server_processing/t0_rootFiles/beam28777_new202602/wvf_applyCut_removeBeam/wvfFind_event7520_trackID11_opNum6_merged.root
[COPY] event=7539, trackID=0, T0=0.126285 -> /Volumes/ssd_zhang/thesis_michel/server_processing/t0_rootFiles/beam28777_new202602/wvf_applyCut_removeBeam/wvfFind_event7539_trackID0_opNum4_merged.root
[COPY] event=7551, trackID=11, T0=0.294075 -> /Volumes/ssd_zhang/thesis_michel/server_processing/t0_rootFiles/beam28777_new202602/wvf_applyCut_removeBeam/wvfFind_event7551_trackID11_opNum4.root
[COPY] event=7559, trackID=5, T0=-1.09852 -> /Volumes/ssd_zhang/thesis_michel/server_processing/t0_rootFiles/beam28777_new202602/wvf_applyCut_removeBeam/wvfFind_event7559_trackID5_opNum9.root
[COPY] event=7559, trackID=5, T0=-1.09852 -> /Volumes/ssd_zhang/thesis_michel/server_processing/t0_rootFiles/beam28777_new202602/wvf_applyCut_removeBeam/wvfFind_event7559_trackID5_opNum9_2.root
[COPY] event=7576, trackID=1, T0=-0.81218 -> /Volumes/ssd_zhang/thesis_michel/server_processing/t0_rootFiles/beam28777_new202602/wvf_applyCut_removeBeam/wvfFind_event7576_trackID1_opNum4.root
[COPY] event=7599, trackID=23, T0=1.6286 -> /Volumes/ssd_zhang/thesis_michel/server_processing/t0_rootFiles/beam28777_new202602/wvf_applyCut_removeBeam/wvfFind_event7599_trackID23_opNum7.root
[COPY] event=7599, trackID=23, T0=1.6286 -> /Volumes/ssd_zhang/thesis_michel/server_processing/t0_rootFiles/beam28777_new202602/wvf_applyCut_removeBeam/wvfFind_event7599_trackID23_opNum7_2.root
[COPY] event=7599, trackID=23, T0=1.6286 -> /Volumes/ssd_zhang/thesis_michel/server_processing/t0_rootFiles/beam28777_new202602/wvf_applyCut_removeBeam/wvfFind_event7599_trackID23_opNum7_3.root
[COPY] event=7605, trackID=0, T0=-0.803682 -> /Volumes/ssd_zhang/thesis_michel/server_processing/t0_rootFiles/beam28777_new202602/wvf_applyCut_removeBeam/wvfFind_event7605_trackID0_opNum3.root
[COPY] event=7634, trackID=0, T0=0.461895 -> /Volumes/ssd_zhang/thesis_michel/server_processing/t0_rootFiles/beam28777_new202602/wvf_applyCut_removeBeam/wvfFind_event7634_trackID0_opNum6.root
[COPY] event=7658, trackID=16, T0=0.185001 -> /Volumes/ssd_zhang/thesis_michel/server_processing/t0_rootFiles/beam28777_new202602/wvf_applyCut_removeBeam/wvfFind_event7658_trackID16_opNum8.root
[COPY] event=7658, trackID=16, T0=0.185001 -> /Volumes/ssd_zhang/thesis_michel/server_processing/t0_rootFiles/beam28777_new202602/wvf_applyCut_removeBeam/wvfFind_event7658_trackID16_opNum8_2.root
[COPY] event=7658, trackID=23, T0=-0.705163 -> /Volumes/ssd_zhang/thesis_michel/server_processing/t0_rootFiles/beam28777_new202602/wvf_applyCut_removeBeam/wvfFind_event7658_trackID23_opNum9.root
[COPY] event=7665, trackID=4, T0=-0.22171 -> /Volumes/ssd_zhang/thesis_michel/server_processing/t0_rootFiles/beam28777_new202602/wvf_applyCut_removeBeam/wvfFind_event7665_trackID4_opNum5.root
[COPY] event=7665, trackID=6, T0=-1.78207 -> /Volumes/ssd_zhang/thesis_michel/server_processing/t0_rootFiles/beam28777_new202602/wvf_applyCut_removeBeam/wvfFind_event7665_trackID6_opNum4.root
[COPY] event=767, trackID=0, T0=-1.32918 -> /Volumes/ssd_zhang/thesis_michel/server_processing/t0_rootFiles/beam28777_new202602/wvf_applyCut_removeBeam/wvfFind_event767_trackID0_opNum5.root
[COPY] event=7690, trackID=15, T0=-1.65727 -> /Volumes/ssd_zhang/thesis_michel/server_processing/t0_rootFiles/beam28777_new202602/wvf_applyCut_removeBeam/wvfFind_event7690_trackID15_opNum3.root
[COPY] event=7698, trackID=8, T0=-1.20933 -> /Volumes/ssd_zhang/thesis_michel/server_processing/t0_rootFiles/beam28777_new202602/wvf_applyCut_removeBeam/wvfFind_event7698_trackID8_opNum5.root
[COPY] event=7701, trackID=27, T0=-2.34049 -> /Volumes/ssd_zhang/thesis_michel/server_processing/t0_rootFiles/beam28777_new202602/wvf_applyCut_removeBeam/wvfFind_event7701_trackID27_opNum5.root
[COPY] event=7710, trackID=9, T0=-0.504655 -> /Volumes/ssd_zhang/thesis_michel/server_processing/t0_rootFiles/beam28777_new202602/wvf_applyCut_removeBeam/wvfFind_event7710_trackID9_opNum9.root
[COPY] event=7717, trackID=3, T0=-1.08008 -> /Volumes/ssd_zhang/thesis_michel/server_processing/t0_rootFiles/beam28777_new202602/wvf_applyCut_removeBeam/wvfFind_event7717_trackID3_opNum4_merged.root
[COPY] event=7722, trackID=26, T0=-1.11038 -> /Volumes/ssd_zhang/thesis_michel/server_processing/t0_rootFiles/beam28777_new202602/wvf_applyCut_removeBeam/wvfFind_event7722_trackID26_opNum9_merged.root
[COPY] event=7733, trackID=3, T0=-1.43644 -> /Volumes/ssd_zhang/thesis_michel/server_processing/t0_rootFiles/beam28777_new202602/wvf_applyCut_removeBeam/wvfFind_event7733_trackID3_opNum7.root
[COPY] event=774, trackID=1, T0=0.395851 -> /Volumes/ssd_zhang/thesis_michel/server_processing/t0_rootFiles/beam28777_new202602/wvf_applyCut_removeBeam/wvfFind_event774_trackID1_opNum5.root
[COPY] event=7757, trackID=24, T0=-2.35672 -> /Volumes/ssd_zhang/thesis_michel/server_processing/t0_rootFiles/beam28777_new202602/wvf_applyCut_removeBeam/wvfFind_event7757_trackID24_opNum9.root
[COPY] event=7762, trackID=16, T0=-2.2806 -> /Volumes/ssd_zhang/thesis_michel/server_processing/t0_rootFiles/beam28777_new202602/wvf_applyCut_removeBeam/wvfFind_event7762_trackID16_opNum8.root
[COPY] event=7770, trackID=20, T0=-2.36834 -> /Volumes/ssd_zhang/thesis_michel/server_processing/t0_rootFiles/beam28777_new202602/wvf_applyCut_removeBeam/wvfFind_event7770_trackID20_opNum9_merged.root
[COPY] event=778, trackID=13, T0=-0.270499 -> /Volumes/ssd_zhang/thesis_michel/server_processing/t0_rootFiles/beam28777_new202602/wvf_applyCut_removeBeam/wvfFind_event778_trackID13_opNum9_merged.root
[COPY] event=7801, trackID=2, T0=-1.52728 -> /Volumes/ssd_zhang/thesis_michel/server_processing/t0_rootFiles/beam28777_new202602/wvf_applyCut_removeBeam/wvfFind_event7801_trackID2_opNum4.root
[COPY] event=7806, trackID=26, T0=-2.23932 -> /Volumes/ssd_zhang/thesis_michel/server_processing/t0_rootFiles/beam28777_new202602/wvf_applyCut_removeBeam/wvfFind_event7806_trackID26_opNum8.root
[COPY] event=781, trackID=1, T0=-1.11929 -> /Volumes/ssd_zhang/thesis_michel/server_processing/t0_rootFiles/beam28777_new202602/wvf_applyCut_removeBeam/wvfFind_event781_trackID1_opNum5.root
[COPY] event=7821, trackID=6, T0=-0.760625 -> /Volumes/ssd_zhang/thesis_michel/server_processing/t0_rootFiles/beam28777_new202602/wvf_applyCut_removeBeam/wvfFind_event7821_trackID6_opNum5.root
[COPY] event=7824, trackID=11, T0=-0.342403 -> /Volumes/ssd_zhang/thesis_michel/server_processing/t0_rootFiles/beam28777_new202602/wvf_applyCut_removeBeam/wvfFind_event7824_trackID11_opNum8.root
[COPY] event=7843, trackID=26, T0=-2.32999 -> /Volumes/ssd_zhang/thesis_michel/server_processing/t0_rootFiles/beam28777_new202602/wvf_applyCut_removeBeam/wvfFind_event7843_trackID26_opNum9.root
[COPY] event=7858, trackID=0, T0=-1.26202 -> /Volumes/ssd_zhang/thesis_michel/server_processing/t0_rootFiles/beam28777_new202602/wvf_applyCut_removeBeam/wvfFind_event7858_trackID0_opNum8.root
[COPY] event=7861, trackID=6, T0=0.16196 -> /Volumes/ssd_zhang/thesis_michel/server_processing/t0_rootFiles/beam28777_new202602/wvf_applyCut_removeBeam/wvfFind_event7861_trackID6_opNum8.root
[COPY] event=7861, trackID=6, T0=0.16196 -> /Volumes/ssd_zhang/thesis_michel/server_processing/t0_rootFiles/beam28777_new202602/wvf_applyCut_removeBeam/wvfFind_event7861_trackID6_opNum8_2.root
[COPY] event=786, trackID=11, T0=0.402555 -> /Volumes/ssd_zhang/thesis_michel/server_processing/t0_rootFiles/beam28777_new202602/wvf_applyCut_removeBeam/wvfFind_event786_trackID11_opNum6.root
[COPY] event=7874, trackID=9, T0=-0.558344 -> /Volumes/ssd_zhang/thesis_michel/server_processing/t0_rootFiles/beam28777_new202602/wvf_applyCut_removeBeam/wvfFind_event7874_trackID9_opNum9.root
[COPY] event=7883, trackID=8, T0=-1.10228 -> /Volumes/ssd_zhang/thesis_michel/server_processing/t0_rootFiles/beam28777_new202602/wvf_applyCut_removeBeam/wvfFind_event7883_trackID8_opNum6_merged.root
[COPY] event=7923, trackID=3, T0=0.207634 -> /Volumes/ssd_zhang/thesis_michel/server_processing/t0_rootFiles/beam28777_new202602/wvf_applyCut_removeBeam/wvfFind_event7923_trackID3_opNum5.root
[COPY] event=7923, trackID=3, T0=0.207634 -> /Volumes/ssd_zhang/thesis_michel/server_processing/t0_rootFiles/beam28777_new202602/wvf_applyCut_removeBeam/wvfFind_event7923_trackID3_opNum5_2.root
[COPY] event=7936, trackID=0, T0=0.161863 -> /Volumes/ssd_zhang/thesis_michel/server_processing/t0_rootFiles/beam28777_new202602/wvf_applyCut_removeBeam/wvfFind_event7936_trackID0_opNum5.root
[COPY] event=7937, trackID=2, T0=-1.00871 -> /Volumes/ssd_zhang/thesis_michel/server_processing/t0_rootFiles/beam28777_new202602/wvf_applyCut_removeBeam/wvfFind_event7937_trackID2_opNum4_merged.root
[COPY] event=7943, trackID=14, T0=-2.11672 -> /Volumes/ssd_zhang/thesis_michel/server_processing/t0_rootFiles/beam28777_new202602/wvf_applyCut_removeBeam/wvfFind_event7943_trackID14_opNum9.root
[COPY] event=7947, trackID=2, T0=-1.57224 -> /Volumes/ssd_zhang/thesis_michel/server_processing/t0_rootFiles/beam28777_new202602/wvf_applyCut_removeBeam/wvfFind_event7947_trackID2_opNum4.root
[COPY] event=7947, trackID=2, T0=-1.57224 -> /Volumes/ssd_zhang/thesis_michel/server_processing/t0_rootFiles/beam28777_new202602/wvf_applyCut_removeBeam/wvfFind_event7947_trackID2_opNum4_2.root
[COPY] event=7947, trackID=2, T0=-1.57224 -> /Volumes/ssd_zhang/thesis_michel/server_processing/t0_rootFiles/beam28777_new202602/wvf_applyCut_removeBeam/wvfFind_event7947_trackID2_opNum4_3.root
[COPY] event=7961, trackID=8, T0=-0.717791 -> /Volumes/ssd_zhang/thesis_michel/server_processing/t0_rootFiles/beam28777_new202602/wvf_applyCut_removeBeam/wvfFind_event7961_trackID8_opNum6_merged.root
[COPY] event=7972, trackID=9, T0=-1.05416 -> /Volumes/ssd_zhang/thesis_michel/server_processing/t0_rootFiles/beam28777_new202602/wvf_applyCut_removeBeam/wvfFind_event7972_trackID9_opNum4.root
[COPY] event=7977, trackID=18, T0=-2.09885 -> /Volumes/ssd_zhang/thesis_michel/server_processing/t0_rootFiles/beam28777_new202602/wvf_applyCut_removeBeam/wvfFind_event7977_trackID18_opNum4.root
[COPY] event=7987, trackID=14, T0=-0.590609 -> /Volumes/ssd_zhang/thesis_michel/server_processing/t0_rootFiles/beam28777_new202602/wvf_applyCut_removeBeam/wvfFind_event7987_trackID14_opNum3_merged.root
[COPY] event=8002, trackID=18, T0=-0.471683 -> /Volumes/ssd_zhang/thesis_michel/server_processing/t0_rootFiles/beam28777_new202602/wvf_applyCut_removeBeam/wvfFind_event8002_trackID18_opNum3.root
[COPY] event=8002, trackID=18, T0=-0.471683 -> /Volumes/ssd_zhang/thesis_michel/server_processing/t0_rootFiles/beam28777_new202602/wvf_applyCut_removeBeam/wvfFind_event8002_trackID18_opNum3_2.root
[COPY] event=8002, trackID=18, T0=-0.471683 -> /Volumes/ssd_zhang/thesis_michel/server_processing/t0_rootFiles/beam28777_new202602/wvf_applyCut_removeBeam/wvfFind_event8002_trackID18_opNum3_3.root
[SKIP] (in range) event=8005, trackID=9, T0=-0.065498
[COPY] event=8013, trackID=13, T0=-0.33182 -> /Volumes/ssd_zhang/thesis_michel/server_processing/t0_rootFiles/beam28777_new202602/wvf_applyCut_removeBeam/wvfFind_event8013_trackID13_opNum6.root
[COPY] event=8019, trackID=8, T0=-1.13455 -> /Volumes/ssd_zhang/thesis_michel/server_processing/t0_rootFiles/beam28777_new202602/wvf_applyCut_removeBeam/wvfFind_event8019_trackID8_opNum3_merged.root
[COPY] event=8031, trackID=0, T0=-1.00361 -> /Volumes/ssd_zhang/thesis_michel/server_processing/t0_rootFiles/beam28777_new202602/wvf_applyCut_removeBeam/wvfFind_event8031_trackID0_opNum8.root
[COPY] event=8043, trackID=15, T0=0.421912 -> /Volumes/ssd_zhang/thesis_michel/server_processing/t0_rootFiles/beam28777_new202602/wvf_applyCut_removeBeam/wvfFind_event8043_trackID15_opNum5.root
[COPY] event=8078, trackID=3, T0=-1.00956 -> /Volumes/ssd_zhang/thesis_michel/server_processing/t0_rootFiles/beam28777_new202602/wvf_applyCut_removeBeam/wvfFind_event8078_trackID3_opNum5.root
[COPY] event=807, trackID=1, T0=0.304347 -> /Volumes/ssd_zhang/thesis_michel/server_processing/t0_rootFiles/beam28777_new202602/wvf_applyCut_removeBeam/wvfFind_event807_trackID1_opNum4.root
[COPY] event=807, trackID=1, T0=0.304347 -> /Volumes/ssd_zhang/thesis_michel/server_processing/t0_rootFiles/beam28777_new202602/wvf_applyCut_removeBeam/wvfFind_event807_trackID1_opNum4_2.root
[COPY] event=8101, trackID=10, T0=0.307878 -> /Volumes/ssd_zhang/thesis_michel/server_processing/t0_rootFiles/beam28777_new202602/wvf_applyCut_removeBeam/wvfFind_event8101_trackID10_opNum6.root
[COPY] event=811, trackID=17, T0=-0.958107 -> /Volumes/ssd_zhang/thesis_michel/server_processing/t0_rootFiles/beam28777_new202602/wvf_applyCut_removeBeam/wvfFind_event811_trackID17_opNum5.root
[COPY] event=8120, trackID=30, T0=-2.38531 -> /Volumes/ssd_zhang/thesis_michel/server_processing/t0_rootFiles/beam28777_new202602/wvf_applyCut_removeBeam/wvfFind_event8120_trackID30_opNum3.root
[COPY] event=812, trackID=6, T0=-1.82702 -> /Volumes/ssd_zhang/thesis_michel/server_processing/t0_rootFiles/beam28777_new202602/wvf_applyCut_removeBeam/wvfFind_event812_trackID6_opNum6.root
[COPY] event=8179, trackID=0, T0=-1.10763 -> /Volumes/ssd_zhang/thesis_michel/server_processing/t0_rootFiles/beam28777_new202602/wvf_applyCut_removeBeam/wvfFind_event8179_trackID0_opNum9.root
[COPY] event=818, trackID=15, T0=1.58875 -> /Volumes/ssd_zhang/thesis_michel/server_processing/t0_rootFiles/beam28777_new202602/wvf_applyCut_removeBeam/wvfFind_event818_trackID15_opNum7.root
[COPY] event=8202, trackID=14, T0=0.419143 -> /Volumes/ssd_zhang/thesis_michel/server_processing/t0_rootFiles/beam28777_new202602/wvf_applyCut_removeBeam/wvfFind_event8202_trackID14_opNum8.root
[COPY] event=8241, trackID=0, T0=-0.244021 -> /Volumes/ssd_zhang/thesis_michel/server_processing/t0_rootFiles/beam28777_new202602/wvf_applyCut_removeBeam/wvfFind_event8241_trackID0_opNum3.root
[COPY] event=8241, trackID=0, T0=-0.244021 -> /Volumes/ssd_zhang/thesis_michel/server_processing/t0_rootFiles/beam28777_new202602/wvf_applyCut_removeBeam/wvfFind_event8241_trackID0_opNum3_2.root
[COPY] event=8241, trackID=7, T0=-1.35128 -> /Volumes/ssd_zhang/thesis_michel/server_processing/t0_rootFiles/beam28777_new202602/wvf_applyCut_removeBeam/wvfFind_event8241_trackID7_opNum3.root
[COPY] event=8241, trackID=7, T0=-1.35128 -> /Volumes/ssd_zhang/thesis_michel/server_processing/t0_rootFiles/beam28777_new202602/wvf_applyCut_removeBeam/wvfFind_event8241_trackID7_opNum3_2.root
[COPY] event=8243, trackID=10, T0=-0.864326 -> /Volumes/ssd_zhang/thesis_michel/server_processing/t0_rootFiles/beam28777_new202602/wvf_applyCut_removeBeam/wvfFind_event8243_trackID10_opNum3.root
[COPY] event=8247, trackID=12, T0=0.191609 -> /Volumes/ssd_zhang/thesis_michel/server_processing/t0_rootFiles/beam28777_new202602/wvf_applyCut_removeBeam/wvfFind_event8247_trackID12_opNum8.root
[COPY] event=824, trackID=3, T0=0.307552 -> /Volumes/ssd_zhang/thesis_michel/server_processing/t0_rootFiles/beam28777_new202602/wvf_applyCut_removeBeam/wvfFind_event824_trackID3_opNum5.root
[COPY] event=8250, trackID=12, T0=-2.05756 -> /Volumes/ssd_zhang/thesis_michel/server_processing/t0_rootFiles/beam28777_new202602/wvf_applyCut_removeBeam/wvfFind_event8250_trackID12_opNum3.root
[COPY] event=8251, trackID=19, T0=-1.93517 -> /Volumes/ssd_zhang/thesis_michel/server_processing/t0_rootFiles/beam28777_new202602/wvf_applyCut_removeBeam/wvfFind_event8251_trackID19_opNum9.root
[COPY] event=8265, trackID=4, T0=-0.675485 -> /Volumes/ssd_zhang/thesis_michel/server_processing/t0_rootFiles/beam28777_new202602/wvf_applyCut_removeBeam/wvfFind_event8265_trackID4_opNum9_merged.root
[COPY] event=8283, trackID=18, T0=-0.163711 -> /Volumes/ssd_zhang/thesis_michel/server_processing/t0_rootFiles/beam28777_new202602/wvf_applyCut_removeBeam/wvfFind_event8283_trackID18_opNum5.root
[COPY] event=8291, trackID=7, T0=0.427485 -> /Volumes/ssd_zhang/thesis_michel/server_processing/t0_rootFiles/beam28777_new202602/wvf_applyCut_removeBeam/wvfFind_event8291_trackID7_opNum9.root
[COPY] event=8318, trackID=18, T0=-2.29259 -> /Volumes/ssd_zhang/thesis_michel/server_processing/t0_rootFiles/beam28777_new202602/wvf_applyCut_removeBeam/wvfFind_event8318_trackID18_opNum6.root
[COPY] event=8318, trackID=18, T0=-2.29259 -> /Volumes/ssd_zhang/thesis_michel/server_processing/t0_rootFiles/beam28777_new202602/wvf_applyCut_removeBeam/wvfFind_event8318_trackID18_opNum6_2.root
[COPY] event=8322, trackID=19, T0=1.53707 -> /Volumes/ssd_zhang/thesis_michel/server_processing/t0_rootFiles/beam28777_new202602/wvf_applyCut_removeBeam/wvfFind_event8322_trackID19_opNum8.root
[SKIP] (in range) event=8332, trackID=5, T0=-0.0687552
[COPY] event=8336, trackID=1, T0=0.23959 -> /Volumes/ssd_zhang/thesis_michel/server_processing/t0_rootFiles/beam28777_new202602/wvf_applyCut_removeBeam/wvfFind_event8336_trackID1_opNum4.root
[COPY] event=8336, trackID=1, T0=0.23959 -> /Volumes/ssd_zhang/thesis_michel/server_processing/t0_rootFiles/beam28777_new202602/wvf_applyCut_removeBeam/wvfFind_event8336_trackID1_opNum4_2.root
[COPY] event=8348, trackID=18, T0=-2.39154 -> /Volumes/ssd_zhang/thesis_michel/server_processing/t0_rootFiles/beam28777_new202602/wvf_applyCut_removeBeam/wvfFind_event8348_trackID18_opNum6.root
[COPY] event=8348, trackID=18, T0=-2.39154 -> /Volumes/ssd_zhang/thesis_michel/server_processing/t0_rootFiles/beam28777_new202602/wvf_applyCut_removeBeam/wvfFind_event8348_trackID18_opNum6_2.root
[COPY] event=8374, trackID=2, T0=-0.403288 -> /Volumes/ssd_zhang/thesis_michel/server_processing/t0_rootFiles/beam28777_new202602/wvf_applyCut_removeBeam/wvfFind_event8374_trackID2_opNum4.root
[COPY] event=839, trackID=3, T0=-0.360014 -> /Volumes/ssd_zhang/thesis_michel/server_processing/t0_rootFiles/beam28777_new202602/wvf_applyCut_removeBeam/wvfFind_event839_trackID3_opNum6.root
[COPY] event=8409, trackID=24, T0=-2.15378 -> /Volumes/ssd_zhang/thesis_michel/server_processing/t0_rootFiles/beam28777_new202602/wvf_applyCut_removeBeam/wvfFind_event8409_trackID24_opNum7.root
[COPY] event=8446, trackID=20, T0=-1.83367 -> /Volumes/ssd_zhang/thesis_michel/server_processing/t0_rootFiles/beam28777_new202602/wvf_applyCut_removeBeam/wvfFind_event8446_trackID20_opNum9.root
[COPY] event=8448, trackID=8, T0=0.183692 -> /Volumes/ssd_zhang/thesis_michel/server_processing/t0_rootFiles/beam28777_new202602/wvf_applyCut_removeBeam/wvfFind_event8448_trackID8_opNum5_merged.root
[COPY] event=8449, trackID=1, T0=0.256102 -> /Volumes/ssd_zhang/thesis_michel/server_processing/t0_rootFiles/beam28777_new202602/wvf_applyCut_removeBeam/wvfFind_event8449_trackID1_opNum9.root
[COPY] event=8460, trackID=9, T0=0.291929 -> /Volumes/ssd_zhang/thesis_michel/server_processing/t0_rootFiles/beam28777_new202602/wvf_applyCut_removeBeam/wvfFind_event8460_trackID9_opNum7.root
[COPY] event=8460, trackID=9, T0=0.291929 -> /Volumes/ssd_zhang/thesis_michel/server_processing/t0_rootFiles/beam28777_new202602/wvf_applyCut_removeBeam/wvfFind_event8460_trackID9_opNum7_2.root
[SKIP] (in range) event=8466, trackID=4, T0=-0.102419
[COPY] event=8468, trackID=1, T0=-0.426094 -> /Volumes/ssd_zhang/thesis_michel/server_processing/t0_rootFiles/beam28777_new202602/wvf_applyCut_removeBeam/wvfFind_event8468_trackID1_opNum4.root
[COPY] event=8468, trackID=23, T0=-1.45632 -> /Volumes/ssd_zhang/thesis_michel/server_processing/t0_rootFiles/beam28777_new202602/wvf_applyCut_removeBeam/wvfFind_event8468_trackID23_opNum7_merged.root
[COPY] event=8480, trackID=6, T0=0.357474 -> /Volumes/ssd_zhang/thesis_michel/server_processing/t0_rootFiles/beam28777_new202602/wvf_applyCut_removeBeam/wvfFind_event8480_trackID6_opNum3_merged.root
[COPY] event=8492, trackID=2, T0=-0.470458 -> /Volumes/ssd_zhang/thesis_michel/server_processing/t0_rootFiles/beam28777_new202602/wvf_applyCut_removeBeam/wvfFind_event8492_trackID2_opNum6_merged.root
[COPY] event=8510, trackID=19, T0=-0.903332 -> /Volumes/ssd_zhang/thesis_michel/server_processing/t0_rootFiles/beam28777_new202602/wvf_applyCut_removeBeam/wvfFind_event8510_trackID19_opNum9.root
[COPY] event=8510, trackID=5, T0=-0.848141 -> /Volumes/ssd_zhang/thesis_michel/server_processing/t0_rootFiles/beam28777_new202602/wvf_applyCut_removeBeam/wvfFind_event8510_trackID5_opNum8.root
[COPY] event=8515, trackID=0, T0=0.0832882 -> /Volumes/ssd_zhang/thesis_michel/server_processing/t0_rootFiles/beam28777_new202602/wvf_applyCut_removeBeam/wvfFind_event8515_trackID0_opNum5.root
[COPY] event=8515, trackID=5, T0=-0.826379 -> /Volumes/ssd_zhang/thesis_michel/server_processing/t0_rootFiles/beam28777_new202602/wvf_applyCut_removeBeam/wvfFind_event8515_trackID5_opNum4.root
[COPY] event=8528, trackID=0, T0=-1.02542 -> /Volumes/ssd_zhang/thesis_michel/server_processing/t0_rootFiles/beam28777_new202602/wvf_applyCut_removeBeam/wvfFind_event8528_trackID0_opNum8.root
[COPY] event=8550, trackID=17, T0=0.26644 -> /Volumes/ssd_zhang/thesis_michel/server_processing/t0_rootFiles/beam28777_new202602/wvf_applyCut_removeBeam/wvfFind_event8550_trackID17_opNum4.root
[COPY] event=8555, trackID=11, T0=-1.48781 -> /Volumes/ssd_zhang/thesis_michel/server_processing/t0_rootFiles/beam28777_new202602/wvf_applyCut_removeBeam/wvfFind_event8555_trackID11_opNum5.root
[COPY] event=855, trackID=25, T0=-1.91766 -> /Volumes/ssd_zhang/thesis_michel/server_processing/t0_rootFiles/beam28777_new202602/wvf_applyCut_removeBeam/wvfFind_event855_trackID25_opNum9.root
[COPY] event=8577, trackID=0, T0=-0.369412 -> /Volumes/ssd_zhang/thesis_michel/server_processing/t0_rootFiles/beam28777_new202602/wvf_applyCut_removeBeam/wvfFind_event8577_trackID0_opNum9.root
[COPY] event=8647, trackID=5, T0=-0.3438 -> /Volumes/ssd_zhang/thesis_michel/server_processing/t0_rootFiles/beam28777_new202602/wvf_applyCut_removeBeam/wvfFind_event8647_trackID5_opNum9.root
[COPY] event=8649, trackID=10, T0=-1.11613 -> /Volumes/ssd_zhang/thesis_michel/server_processing/t0_rootFiles/beam28777_new202602/wvf_applyCut_removeBeam/wvfFind_event8649_trackID10_opNum6.root
[COPY] event=8668, trackID=28, T0=2.55235 -> /Volumes/ssd_zhang/thesis_michel/server_processing/t0_rootFiles/beam28777_new202602/wvf_applyCut_removeBeam/wvfFind_event8668_trackID28_opNum4.root
[COPY] event=8695, trackID=4, T0=-0.235091 -> /Volumes/ssd_zhang/thesis_michel/server_processing/t0_rootFiles/beam28777_new202602/wvf_applyCut_removeBeam/wvfFind_event8695_trackID4_opNum9.root
[COPY] event=8695, trackID=4, T0=-0.235091 -> /Volumes/ssd_zhang/thesis_michel/server_processing/t0_rootFiles/beam28777_new202602/wvf_applyCut_removeBeam/wvfFind_event8695_trackID4_opNum9_2.root
[COPY] event=8709, trackID=3, T0=-0.150825 -> /Volumes/ssd_zhang/thesis_michel/server_processing/t0_rootFiles/beam28777_new202602/wvf_applyCut_removeBeam/wvfFind_event8709_trackID3_opNum6_merged.root
[COPY] event=8774, trackID=2, T0=0.272795 -> /Volumes/ssd_zhang/thesis_michel/server_processing/t0_rootFiles/beam28777_new202602/wvf_applyCut_removeBeam/wvfFind_event8774_trackID2_opNum9.root
[COPY] event=8816, trackID=28, T0=-2.32432 -> /Volumes/ssd_zhang/thesis_michel/server_processing/t0_rootFiles/beam28777_new202602/wvf_applyCut_removeBeam/wvfFind_event8816_trackID28_opNum9.root
[COPY] event=8816, trackID=28, T0=-2.32432 -> /Volumes/ssd_zhang/thesis_michel/server_processing/t0_rootFiles/beam28777_new202602/wvf_applyCut_removeBeam/wvfFind_event8816_trackID28_opNum9_2.root
[COPY] event=8824, trackID=7, T0=-1.37747 -> /Volumes/ssd_zhang/thesis_michel/server_processing/t0_rootFiles/beam28777_new202602/wvf_applyCut_removeBeam/wvfFind_event8824_trackID7_opNum8.root
[COPY] event=8824, trackID=7, T0=-1.37747 -> /Volumes/ssd_zhang/thesis_michel/server_processing/t0_rootFiles/beam28777_new202602/wvf_applyCut_removeBeam/wvfFind_event8824_trackID7_opNum8_2.root
[COPY] event=8853, trackID=4, T0=0.462135 -> /Volumes/ssd_zhang/thesis_michel/server_processing/t0_rootFiles/beam28777_new202602/wvf_applyCut_removeBeam/wvfFind_event8853_trackID4_opNum4.root
[COPY] event=8858, trackID=2, T0=-0.644058 -> /Volumes/ssd_zhang/thesis_michel/server_processing/t0_rootFiles/beam28777_new202602/wvf_applyCut_removeBeam/wvfFind_event8858_trackID2_opNum4.root
[COPY] event=8869, trackID=8, T0=-0.724557 -> /Volumes/ssd_zhang/thesis_michel/server_processing/t0_rootFiles/beam28777_new202602/wvf_applyCut_removeBeam/wvfFind_event8869_trackID8_opNum8.root
[COPY] event=8871, trackID=12, T0=-1.58329 -> /Volumes/ssd_zhang/thesis_michel/server_processing/t0_rootFiles/beam28777_new202602/wvf_applyCut_removeBeam/wvfFind_event8871_trackID12_opNum9.root
[COPY] event=8882, trackID=30, T0=0.477022 -> /Volumes/ssd_zhang/thesis_michel/server_processing/t0_rootFiles/beam28777_new202602/wvf_applyCut_removeBeam/wvfFind_event8882_trackID30_opNum9_merged.root
[COPY] event=8889, trackID=7, T0=-1.6275 -> /Volumes/ssd_zhang/thesis_michel/server_processing/t0_rootFiles/beam28777_new202602/wvf_applyCut_removeBeam/wvfFind_event8889_trackID7_opNum9.root
[COPY] event=8914, trackID=5, T0=-2.27395 -> /Volumes/ssd_zhang/thesis_michel/server_processing/t0_rootFiles/beam28777_new202602/wvf_applyCut_removeBeam/wvfFind_event8914_trackID5_opNum7.root
[COPY] event=8921, trackID=14, T0=0.0652706 -> /Volumes/ssd_zhang/thesis_michel/server_processing/t0_rootFiles/beam28777_new202602/wvf_applyCut_removeBeam/wvfFind_event8921_trackID14_opNum5.root
[COPY] event=894, trackID=0, T0=0.474578 -> /Volumes/ssd_zhang/thesis_michel/server_processing/t0_rootFiles/beam28777_new202602/wvf_applyCut_removeBeam/wvfFind_event894_trackID0_opNum5.root
[COPY] event=8962, trackID=27, T0=-2.16228 -> /Volumes/ssd_zhang/thesis_michel/server_processing/t0_rootFiles/beam28777_new202602/wvf_applyCut_removeBeam/wvfFind_event8962_trackID27_opNum3.root
[COPY] event=8966, trackID=10, T0=-2.04987 -> /Volumes/ssd_zhang/thesis_michel/server_processing/t0_rootFiles/beam28777_new202602/wvf_applyCut_removeBeam/wvfFind_event8966_trackID10_opNum8.root
[COPY] event=8966, trackID=10, T0=-2.04987 -> /Volumes/ssd_zhang/thesis_michel/server_processing/t0_rootFiles/beam28777_new202602/wvf_applyCut_removeBeam/wvfFind_event8966_trackID10_opNum8_2.root
[COPY] event=8974, trackID=8, T0=0.32305 -> /Volumes/ssd_zhang/thesis_michel/server_processing/t0_rootFiles/beam28777_new202602/wvf_applyCut_removeBeam/wvfFind_event8974_trackID8_opNum9.root
[COPY] event=8982, trackID=25, T0=-2.16396 -> /Volumes/ssd_zhang/thesis_michel/server_processing/t0_rootFiles/beam28777_new202602/wvf_applyCut_removeBeam/wvfFind_event8982_trackID25_opNum8.root
[COPY] event=8984, trackID=2, T0=-1.34736 -> /Volumes/ssd_zhang/thesis_michel/server_processing/t0_rootFiles/beam28777_new202602/wvf_applyCut_removeBeam/wvfFind_event8984_trackID2_opNum4.root
[COPY] event=8985, trackID=12, T0=-1.082 -> /Volumes/ssd_zhang/thesis_michel/server_processing/t0_rootFiles/beam28777_new202602/wvf_applyCut_removeBeam/wvfFind_event8985_trackID12_opNum9.root
[COPY] event=8986, trackID=15, T0=0.44152 -> /Volumes/ssd_zhang/thesis_michel/server_processing/t0_rootFiles/beam28777_new202602/wvf_applyCut_removeBeam/wvfFind_event8986_trackID15_opNum8.root
[COPY] event=8988, trackID=10, T0=0.315545 -> /Volumes/ssd_zhang/thesis_michel/server_processing/t0_rootFiles/beam28777_new202602/wvf_applyCut_removeBeam/wvfFind_event8988_trackID10_opNum6.root
[SKIP] (in range) event=8992, trackID=20, T0=-0.0671977
[COPY] event=9008, trackID=10, T0=-2.24395 -> /Volumes/ssd_zhang/thesis_michel/server_processing/t0_rootFiles/beam28777_new202602/wvf_applyCut_removeBeam/wvfFind_event9008_trackID10_opNum4.root
[COPY] event=9034, trackID=5, T0=-0.181462 -> /Volumes/ssd_zhang/thesis_michel/server_processing/t0_rootFiles/beam28777_new202602/wvf_applyCut_removeBeam/wvfFind_event9034_trackID5_opNum9.root
[COPY] event=9054, trackID=0, T0=-1.00021 -> /Volumes/ssd_zhang/thesis_michel/server_processing/t0_rootFiles/beam28777_new202602/wvf_applyCut_removeBeam/wvfFind_event9054_trackID0_opNum5.root
[COPY] event=9056, trackID=8, T0=0.349596 -> /Volumes/ssd_zhang/thesis_michel/server_processing/t0_rootFiles/beam28777_new202602/wvf_applyCut_removeBeam/wvfFind_event9056_trackID8_opNum5.root
[COPY] event=9062, trackID=3, T0=-0.301644 -> /Volumes/ssd_zhang/thesis_michel/server_processing/t0_rootFiles/beam28777_new202602/wvf_applyCut_removeBeam/wvfFind_event9062_trackID3_opNum9.root
[COPY] event=9093, trackID=4, T0=-0.653097 -> /Volumes/ssd_zhang/thesis_michel/server_processing/t0_rootFiles/beam28777_new202602/wvf_applyCut_removeBeam/wvfFind_event9093_trackID4_opNum9.root
[COPY] event=9093, trackID=4, T0=-0.653097 -> /Volumes/ssd_zhang/thesis_michel/server_processing/t0_rootFiles/beam28777_new202602/wvf_applyCut_removeBeam/wvfFind_event9093_trackID4_opNum9_2.root
[COPY] event=9107, trackID=15, T0=-2.15983 -> /Volumes/ssd_zhang/thesis_michel/server_processing/t0_rootFiles/beam28777_new202602/wvf_applyCut_removeBeam/wvfFind_event9107_trackID15_opNum9.root
[COPY] event=9119, trackID=12, T0=0.241714 -> /Volumes/ssd_zhang/thesis_michel/server_processing/t0_rootFiles/beam28777_new202602/wvf_applyCut_removeBeam/wvfFind_event9119_trackID12_opNum6_merged.root
[COPY] event=9163, trackID=2, T0=-1.52057 -> /Volumes/ssd_zhang/thesis_michel/server_processing/t0_rootFiles/beam28777_new202602/wvf_applyCut_removeBeam/wvfFind_event9163_trackID2_opNum5.root
[COPY] event=9163, trackID=2, T0=-1.52057 -> /Volumes/ssd_zhang/thesis_michel/server_processing/t0_rootFiles/beam28777_new202602/wvf_applyCut_removeBeam/wvfFind_event9163_trackID2_opNum5_2.root
[COPY] event=9166, trackID=3, T0=-0.156784 -> /Volumes/ssd_zhang/thesis_michel/server_processing/t0_rootFiles/beam28777_new202602/wvf_applyCut_removeBeam/wvfFind_event9166_trackID3_opNum5.root
[COPY] event=9172, trackID=1, T0=-1.14412 -> /Volumes/ssd_zhang/thesis_michel/server_processing/t0_rootFiles/beam28777_new202602/wvf_applyCut_removeBeam/wvfFind_event9172_trackID1_opNum4.root
[COPY] event=9192, trackID=17, T0=-0.0282916 -> /Volumes/ssd_zhang/thesis_michel/server_processing/t0_rootFiles/beam28777_new202602/wvf_applyCut_removeBeam/wvfFind_event9192_trackID17_opNum9.root
[COPY] event=9201, trackID=4, T0=-1.85816 -> /Volumes/ssd_zhang/thesis_michel/server_processing/t0_rootFiles/beam28777_new202602/wvf_applyCut_removeBeam/wvfFind_event9201_trackID4_opNum5.root
[COPY] event=9201, trackID=4, T0=-1.85816 -> /Volumes/ssd_zhang/thesis_michel/server_processing/t0_rootFiles/beam28777_new202602/wvf_applyCut_removeBeam/wvfFind_event9201_trackID4_opNum5_2.root
[COPY] event=9223, trackID=16, T0=-1.54309 -> /Volumes/ssd_zhang/thesis_michel/server_processing/t0_rootFiles/beam28777_new202602/wvf_applyCut_removeBeam/wvfFind_event9223_trackID16_opNum4.root
[COPY] event=9245, trackID=5, T0=0.417724 -> /Volumes/ssd_zhang/thesis_michel/server_processing/t0_rootFiles/beam28777_new202602/wvf_applyCut_removeBeam/wvfFind_event9245_trackID5_opNum6.root
[COPY] event=9247, trackID=9, T0=-1.68988 -> /Volumes/ssd_zhang/thesis_michel/server_processing/t0_rootFiles/beam28777_new202602/wvf_applyCut_removeBeam/wvfFind_event9247_trackID9_opNum8.root
[COPY] event=9268, trackID=6, T0=-1.69304 -> /Volumes/ssd_zhang/thesis_michel/server_processing/t0_rootFiles/beam28777_new202602/wvf_applyCut_removeBeam/wvfFind_event9268_trackID6_opNum3.root
[COPY] event=9268, trackID=6, T0=-1.69304 -> /Volumes/ssd_zhang/thesis_michel/server_processing/t0_rootFiles/beam28777_new202602/wvf_applyCut_removeBeam/wvfFind_event9268_trackID6_opNum3_2.root
[COPY] event=9298, trackID=0, T0=0.303343 -> /Volumes/ssd_zhang/thesis_michel/server_processing/t0_rootFiles/beam28777_new202602/wvf_applyCut_removeBeam/wvfFind_event9298_trackID0_opNum5.root
[COPY] event=9336, trackID=23, T0=-0.32445 -> /Volumes/ssd_zhang/thesis_michel/server_processing/t0_rootFiles/beam28777_new202602/wvf_applyCut_removeBeam/wvfFind_event9336_trackID23_opNum7.root
[SKIP] (in range) event=9338, trackID=11, T0=-0.0999153
[COPY] event=9342, trackID=6, T0=-1.54488 -> /Volumes/ssd_zhang/thesis_michel/server_processing/t0_rootFiles/beam28777_new202602/wvf_applyCut_removeBeam/wvfFind_event9342_trackID6_opNum6_merged.root
[COPY] event=9349, trackID=11, T0=-1.77322 -> /Volumes/ssd_zhang/thesis_michel/server_processing/t0_rootFiles/beam28777_new202602/wvf_applyCut_removeBeam/wvfFind_event9349_trackID11_opNum9_merged.root
[COPY] event=936, trackID=5, T0=-0.704858 -> /Volumes/ssd_zhang/thesis_michel/server_processing/t0_rootFiles/beam28777_new202602/wvf_applyCut_removeBeam/wvfFind_event936_trackID5_opNum9_merged.root
[COPY] event=9395, trackID=5, T0=-0.184071 -> /Volumes/ssd_zhang/thesis_michel/server_processing/t0_rootFiles/beam28777_new202602/wvf_applyCut_removeBeam/wvfFind_event9395_trackID5_opNum8_merged.root
[COPY] event=9398, trackID=20, T0=-1.42512 -> /Volumes/ssd_zhang/thesis_michel/server_processing/t0_rootFiles/beam28777_new202602/wvf_applyCut_removeBeam/wvfFind_event9398_trackID20_opNum9.root
[COPY] event=940, trackID=5, T0=-1.78073 -> /Volumes/ssd_zhang/thesis_michel/server_processing/t0_rootFiles/beam28777_new202602/wvf_applyCut_removeBeam/wvfFind_event940_trackID5_opNum4_merged.root
[COPY] event=9413, trackID=29, T0=-0.707047 -> /Volumes/ssd_zhang/thesis_michel/server_processing/t0_rootFiles/beam28777_new202602/wvf_applyCut_removeBeam/wvfFind_event9413_trackID29_opNum9.root
[COPY] event=9413, trackID=29, T0=-0.707047 -> /Volumes/ssd_zhang/thesis_michel/server_processing/t0_rootFiles/beam28777_new202602/wvf_applyCut_removeBeam/wvfFind_event9413_trackID29_opNum9_2.root
[COPY] event=9415, trackID=9, T0=-2.0919 -> /Volumes/ssd_zhang/thesis_michel/server_processing/t0_rootFiles/beam28777_new202602/wvf_applyCut_removeBeam/wvfFind_event9415_trackID9_opNum4.root
[COPY] event=9429, trackID=1, T0=-0.845983 -> /Volumes/ssd_zhang/thesis_michel/server_processing/t0_rootFiles/beam28777_new202602/wvf_applyCut_removeBeam/wvfFind_event9429_trackID1_opNum5.root
[COPY] event=9506, trackID=3, T0=-0.368419 -> /Volumes/ssd_zhang/thesis_michel/server_processing/t0_rootFiles/beam28777_new202602/wvf_applyCut_removeBeam/wvfFind_event9506_trackID3_opNum8.root
[COPY] event=9506, trackID=7, T0=-1.65204 -> /Volumes/ssd_zhang/thesis_michel/server_processing/t0_rootFiles/beam28777_new202602/wvf_applyCut_removeBeam/wvfFind_event9506_trackID7_opNum9.root
[COPY] event=9519, trackID=3, T0=0.0144249 -> /Volumes/ssd_zhang/thesis_michel/server_processing/t0_rootFiles/beam28777_new202602/wvf_applyCut_removeBeam/wvfFind_event9519_trackID3_opNum6_merged.root
[COPY] event=9524, trackID=1, T0=-1.04284 -> /Volumes/ssd_zhang/thesis_michel/server_processing/t0_rootFiles/beam28777_new202602/wvf_applyCut_removeBeam/wvfFind_event9524_trackID1_opNum5.root
[COPY] event=9565, trackID=0, T0=0.00217316 -> /Volumes/ssd_zhang/thesis_michel/server_processing/t0_rootFiles/beam28777_new202602/wvf_applyCut_removeBeam/wvfFind_event9565_trackID0_opNum6.root
[COPY] event=9575, trackID=11, T0=0.149031 -> /Volumes/ssd_zhang/thesis_michel/server_processing/t0_rootFiles/beam28777_new202602/wvf_applyCut_removeBeam/wvfFind_event9575_trackID11_opNum4.root
[COPY] event=957, trackID=6, T0=-1.03349 -> /Volumes/ssd_zhang/thesis_michel/server_processing/t0_rootFiles/beam28777_new202602/wvf_applyCut_removeBeam/wvfFind_event957_trackID6_opNum9.root
[COPY] event=957, trackID=6, T0=-1.03349 -> /Volumes/ssd_zhang/thesis_michel/server_processing/t0_rootFiles/beam28777_new202602/wvf_applyCut_removeBeam/wvfFind_event957_trackID6_opNum9_2.root
[COPY] event=9584, trackID=8, T0=1.29761 -> /Volumes/ssd_zhang/thesis_michel/server_processing/t0_rootFiles/beam28777_new202602/wvf_applyCut_removeBeam/wvfFind_event9584_trackID8_opNum9.root
[COPY] event=9593, trackID=4, T0=-1.73998 -> /Volumes/ssd_zhang/thesis_michel/server_processing/t0_rootFiles/beam28777_new202602/wvf_applyCut_removeBeam/wvfFind_event9593_trackID4_opNum3.root
[COPY] event=9593, trackID=4, T0=-1.73998 -> /Volumes/ssd_zhang/thesis_michel/server_processing/t0_rootFiles/beam28777_new202602/wvf_applyCut_removeBeam/wvfFind_event9593_trackID4_opNum3_2.root
[COPY] event=9598, trackID=26, T0=-0.590553 -> /Volumes/ssd_zhang/thesis_michel/server_processing/t0_rootFiles/beam28777_new202602/wvf_applyCut_removeBeam/wvfFind_event9598_trackID26_opNum5_merged.root
[COPY] event=9602, trackID=6, T0=-0.858762 -> /Volumes/ssd_zhang/thesis_michel/server_processing/t0_rootFiles/beam28777_new202602/wvf_applyCut_removeBeam/wvfFind_event9602_trackID6_opNum9.root
[COPY] event=9615, trackID=22, T0=-2.28736 -> /Volumes/ssd_zhang/thesis_michel/server_processing/t0_rootFiles/beam28777_new202602/wvf_applyCut_removeBeam/wvfFind_event9615_trackID22_opNum9.root
[COPY] event=9635, trackID=2, T0=-0.846455 -> /Volumes/ssd_zhang/thesis_michel/server_processing/t0_rootFiles/beam28777_new202602/wvf_applyCut_removeBeam/wvfFind_event9635_trackID2_opNum5.root
[COPY] event=9698, trackID=5, T0=0.300288 -> /Volumes/ssd_zhang/thesis_michel/server_processing/t0_rootFiles/beam28777_new202602/wvf_applyCut_removeBeam/wvfFind_event9698_trackID5_opNum4.root
[COPY] event=9699, trackID=4, T0=-0.47287 -> /Volumes/ssd_zhang/thesis_michel/server_processing/t0_rootFiles/beam28777_new202602/wvf_applyCut_removeBeam/wvfFind_event9699_trackID4_opNum7.root
[COPY] event=9702, trackID=13, T0=-1.85411 -> /Volumes/ssd_zhang/thesis_michel/server_processing/t0_rootFiles/beam28777_new202602/wvf_applyCut_removeBeam/wvfFind_event9702_trackID13_opNum6.root
[COPY] event=9702, trackID=13, T0=-1.85411 -> /Volumes/ssd_zhang/thesis_michel/server_processing/t0_rootFiles/beam28777_new202602/wvf_applyCut_removeBeam/wvfFind_event9702_trackID13_opNum6_2.root
[COPY] event=9717, trackID=19, T0=-0.378139 -> /Volumes/ssd_zhang/thesis_michel/server_processing/t0_rootFiles/beam28777_new202602/wvf_applyCut_removeBeam/wvfFind_event9717_trackID19_opNum5.root
[COPY] event=9733, trackID=7, T0=-1.63841 -> /Volumes/ssd_zhang/thesis_michel/server_processing/t0_rootFiles/beam28777_new202602/wvf_applyCut_removeBeam/wvfFind_event9733_trackID7_opNum9.root
[COPY] event=9740, trackID=2, T0=-0.963805 -> /Volumes/ssd_zhang/thesis_michel/server_processing/t0_rootFiles/beam28777_new202602/wvf_applyCut_removeBeam/wvfFind_event9740_trackID2_opNum5.root
[COPY] event=9740, trackID=2, T0=-0.963805 -> /Volumes/ssd_zhang/thesis_michel/server_processing/t0_rootFiles/beam28777_new202602/wvf_applyCut_removeBeam/wvfFind_event9740_trackID2_opNum5_2.root
[COPY] event=9752, trackID=2, T0=-0.731952 -> /Volumes/ssd_zhang/thesis_michel/server_processing/t0_rootFiles/beam28777_new202602/wvf_applyCut_removeBeam/wvfFind_event9752_trackID2_opNum3.root
[COPY] event=9752, trackID=2, T0=-0.731952 -> /Volumes/ssd_zhang/thesis_michel/server_processing/t0_rootFiles/beam28777_new202602/wvf_applyCut_removeBeam/wvfFind_event9752_trackID2_opNum3_2.root
[COPY] event=9758, trackID=12, T0=0.205396 -> /Volumes/ssd_zhang/thesis_michel/server_processing/t0_rootFiles/beam28777_new202602/wvf_applyCut_removeBeam/wvfFind_event9758_trackID12_opNum3_merged.root
[COPY] event=9774, trackID=2, T0=0.218158 -> /Volumes/ssd_zhang/thesis_michel/server_processing/t0_rootFiles/beam28777_new202602/wvf_applyCut_removeBeam/wvfFind_event9774_trackID2_opNum8.root
[COPY] event=9774, trackID=2, T0=0.218158 -> /Volumes/ssd_zhang/thesis_michel/server_processing/t0_rootFiles/beam28777_new202602/wvf_applyCut_removeBeam/wvfFind_event9774_trackID2_opNum8_2.root
[COPY] event=9785, trackID=13, T0=-1.80031 -> /Volumes/ssd_zhang/thesis_michel/server_processing/t0_rootFiles/beam28777_new202602/wvf_applyCut_removeBeam/wvfFind_event9785_trackID13_opNum9.root
[COPY] event=979, trackID=13, T0=-1.2365 -> /Volumes/ssd_zhang/thesis_michel/server_processing/t0_rootFiles/beam28777_new202602/wvf_applyCut_removeBeam/wvfFind_event979_trackID13_opNum9_merged.root
[COPY] event=9812, trackID=10, T0=-1.24205 -> /Volumes/ssd_zhang/thesis_michel/server_processing/t0_rootFiles/beam28777_new202602/wvf_applyCut_removeBeam/wvfFind_event9812_trackID10_opNum6.root
[COPY] event=9822, trackID=17, T0=-1.22386 -> /Volumes/ssd_zhang/thesis_michel/server_processing/t0_rootFiles/beam28777_new202602/wvf_applyCut_removeBeam/wvfFind_event9822_trackID17_opNum6.root
[COPY] event=9835, trackID=9, T0=-2.31807 -> /Volumes/ssd_zhang/thesis_michel/server_processing/t0_rootFiles/beam28777_new202602/wvf_applyCut_removeBeam/wvfFind_event9835_trackID9_opNum3.root
[COPY] event=9835, trackID=9, T0=-2.31807 -> /Volumes/ssd_zhang/thesis_michel/server_processing/t0_rootFiles/beam28777_new202602/wvf_applyCut_removeBeam/wvfFind_event9835_trackID9_opNum3_2.root
[COPY] event=9840, trackID=12, T0=-0.562625 -> /Volumes/ssd_zhang/thesis_michel/server_processing/t0_rootFiles/beam28777_new202602/wvf_applyCut_removeBeam/wvfFind_event9840_trackID12_opNum7_merged.root
[COPY] event=9876, trackID=6, T0=-2.29992 -> /Volumes/ssd_zhang/thesis_michel/server_processing/t0_rootFiles/beam28777_new202602/wvf_applyCut_removeBeam/wvfFind_event9876_trackID6_opNum8.root
[COPY] event=9884, trackID=0, T0=0.219842 -> /Volumes/ssd_zhang/thesis_michel/server_processing/t0_rootFiles/beam28777_new202602/wvf_applyCut_removeBeam/wvfFind_event9884_trackID0_opNum5.root
[SKIP] (in range) event=9898, trackID=11, T0=-0.0427755
[COPY] event=9901, trackID=11, T0=-0.904045 -> /Volumes/ssd_zhang/thesis_michel/server_processing/t0_rootFiles/beam28777_new202602/wvf_applyCut_removeBeam/wvfFind_event9901_trackID11_opNum9.root
[COPY] event=9901, trackID=11, T0=-0.904045 -> /Volumes/ssd_zhang/thesis_michel/server_processing/t0_rootFiles/beam28777_new202602/wvf_applyCut_removeBeam/wvfFind_event9901_trackID11_opNum9_2.root
[COPY] event=9911, trackID=7, T0=-1.63042 -> /Volumes/ssd_zhang/thesis_michel/server_processing/t0_rootFiles/beam28777_new202602/wvf_applyCut_removeBeam/wvfFind_event9911_trackID7_opNum5.root
[COPY] event=9932, trackID=12, T0=-1.68651 -> /Volumes/ssd_zhang/thesis_michel/server_processing/t0_rootFiles/beam28777_new202602/wvf_applyCut_removeBeam/wvfFind_event9932_trackID12_opNum5.root
[COPY] event=9938, trackID=5, T0=-1.35202 -> /Volumes/ssd_zhang/thesis_michel/server_processing/t0_rootFiles/beam28777_new202602/wvf_applyCut_removeBeam/wvfFind_event9938_trackID5_opNum9.root
[COPY] event=9939, trackID=6, T0=-1.3444 -> /Volumes/ssd_zhang/thesis_michel/server_processing/t0_rootFiles/beam28777_new202602/wvf_applyCut_removeBeam/wvfFind_event9939_trackID6_opNum5.root
[COPY] event=9939, trackID=6, T0=-1.3444 -> /Volumes/ssd_zhang/thesis_michel/server_processing/t0_rootFiles/beam28777_new202602/wvf_applyCut_removeBeam/wvfFind_event9939_trackID6_opNum5_2.root
[SKIP] (in range) event=9948, trackID=6, T0=-0.119898
[SKIP] (in range) event=9948, trackID=6, T0=-0.119898
[COPY] event=9949, trackID=2, T0=-0.201994 -> /Volumes/ssd_zhang/thesis_michel/server_processing/t0_rootFiles/beam28777_new202602/wvf_applyCut_removeBeam/wvfFind_event9949_trackID2_opNum5.root
[COPY] event=9968, trackID=3, T0=-0.504417 -> /Volumes/ssd_zhang/thesis_michel/server_processing/t0_rootFiles/beam28777_new202602/wvf_applyCut_removeBeam/wvfFind_event9968_trackID3_opNum5.root
[COPY] event=9979, trackID=19, T0=-1.40487 -> /Volumes/ssd_zhang/thesis_michel/server_processing/t0_rootFiles/beam28777_new202602/wvf_applyCut_removeBeam/wvfFind_event9979_trackID19_opNum9.root
[COPY] event=9996, trackID=5, T0=0.26482 -> /Volumes/ssd_zhang/thesis_michel/server_processing/t0_rootFiles/beam28777_new202602/wvf_applyCut_removeBeam/wvfFind_event9996_trackID5_opNum5.root
[SKIP] (in range) event=9, trackID=19, T0=-0.0484802

===== Summary =====
Total files scanned:        5010
Copied (out of [A,B]):      4799
Skipped (within [A,B]):     211
Skipped (missing in logs):  0
Unparsed filenames:         0
