295.201
412.003
-0.256302
38.9727
232.614
308.613
36.533
217.164
462.355
239.243
393.706
265.334
169.949
0.371735
166.945
211.152
376.342
228.211
106.768
462.355
206.24
0.105048
308.102
362.727
117.134
320.02
17.9339
447.581
400.644
134.243
0.571466
71.1892
438.844
401.214
332.828
457.838
162.673
106.859
179.499
-0.00530493
283.7
461.536
189.15
159.233
201.757
153.201
148.413
90.3612
320.592
293.068
402.313
149.47
421.918
461.459
19.1473
368.189
338.912
153.056
302.577
9.43089
314.047
201.73
219.562
76.2181
259.459
391.955
174.79
76.757
462.382
126.601
293.975
180.695
404.439
390.883
245.274
0.388579
351.176
141.233
238.295
379.819
173.161
352.992
10.6961
398.116
1.40978
163.864
162.313
372.858
228.147
332.345
93.5691
0.739315
462.014
78.5288
247.73
461.963
51.2229
448.093
127.252
277.155
96.5845
462.18
296.343
103.268
27.2163
0.496036
309.979
283.336
0.540136
0.310169
211.038
227.163
422.757
162
401.68
121.792
458.389
28.9911
348.523
458.585
131.817
242.334
113.482
128.867
178.056
462.259
270.428
172.718
0.535818
155.742
413.185
176.935
0.458969
155.036
38.6288
188.28
4.65683
462.395
370.356
450.105
1.01957
428.653
132.2
205.472
120.292
0.562061
-0.00354658
57.4135
352.858
105.247
94.9761
461.694
-5.08472
461.416
462.251
336.611
121.296
462.215
104.826
180.653
461.998
310.467
40.7023
462.302
412.474
336.054
460.043
366.235
299.364
459.521
150.757
71.0277
232.593
50.4488
280.336
343.553
47.3949
353.574
438.849
0.603166
349.664
53.751
388.039
0.455878
256.621
152.049
88.2933
274.29
442.558
260.358
166.78
36.6934
462.045
462.217
0.318409
170.601
455.291
0.394752
49.5945
-0.234503
269.083
448.162
184.518
266.546
268.89
205.901
354.38
0.28472
326.545
369.358
83.5839
462.159
435.319
462.354
373.444
462.343
129.246
297.349
73.7012
305.812
39.8988
0.204138
4.28707
199.321
29.8401
52.0592
461.603
229.305
394.788
462.068
37.0827
29.8624
215.506
282.409
54.7118
246.892
-0.0751631
197.625
55.022
127.511
222.287
462.075
200.927
87.5127
462.201
462.421
397.796
462.284
0.484181
462.308
98.3671
110.173
0.354414
0.334829
462.376
37.5552
462.254
322.629
276.638
30.1704
430.242
323.242
401.729
57.1771
189.263
50.5301
141.823
422.59
446.169
328.885
462.46
232.516
339.306
451.026
0.716138
433.837
173.791
-0.0156031
214.035
57.9047
129.515
425.918
223.901
154.441
117.838
134.429
167.926
13.8999
355.91
332.106
423.702
113.99
418.872
325.375
368.584
0.570985
462.285
137.59
384.045
232.633
-0.108225
1.00551
140.8
-0.0936711
348.136
10.5552
462.286
101.37
125.332
160.451
351.435
437.601
289.835
164.772
452.188
316.632
247.543
0.395992
375.265
244.381
189.192
462.058
387.535
250.438
0.205543
461.967
202.915
460.883
250.453
0.47321
209.269
210.355
331.154
38.921
400.459
268.116
174.017
240.416
82.4299
246.032
143.662
225.301
207.759
440.327
-0.0114879
385.983
404.077
16.6788
175.735
135.808
0.558196
417.583
354.411
389.309
87.2136
175.877
321.92
94.3967
302.086
1.19719
14.0427
246.596
0.65112
167.056
462.287
462.161
0.0872635
237.521
401.762
269.64
40.6018
356.342
240.89
216.649
309.507
242.95
462.622
57.232
189.346
235.249
189.337
241.13
42.2117
462.106
462.114
150.045
114.923
88.5723
339.316
229.869
83.1884
123.505
105.586
236.169
24.7591
255.471
149.963
280.86
97.1395
462.249
117.507
76.4228
208.792
460.903
282.367
0.594352
374.991
462.241
169.318
367.208
212.082
236.295
460.127
462.011
96.4468
54.4673
333.484
3.9688
310.214
171.171
410.872
409.213
196.817
272.78
387.43
81.8749
462.101
320.214
235.395
52.9517
232.096
177.135
378.375
390.978
0.275525
174.904
325.214
462.144
172.157
266.122
461.991
227.61
426.206
269.325
189.969
381.192
176.121
240.597
433.921
460.743
462.538
141.969
114.956
75.663
416.063
84.1067
76.4019
348.431
85.3279
232.493
209.924
441.532
383.486
411.392
412.848
250.699
462.313
328.474
161.524
128.318
222.95
156.801
211.758
0.435219
437.983
37.1977
334.517
455.65
416.882
387.193
198.317
0.132711
462.192
199.16
287.476
442.451
320.305
385.292
257.702
462
211.809
235.515
345.328
125.453
443.943
0.335084
452.778
462.29
462.134
76.7024
174.749
462.618
453.395
3.12984
197.467
72.3163
209.7
462.375
226.178
462.592
462.09
66.8056
314.531
0.246227
87.3891
256.785
392.839
168.72
374.099
324.907
350.757
0.191222
414.739
244.524
58.9157
461.909
258.436
188.938
49.7246
306.426
330.777
25.5565
64.8035
0.270894
16.4006
16.3482
155.184
0.950897
350.976
301.055
349.538
57.2038
16.9776
460.642
353.803
253.676
290.489
284.025
462.01
146.519
18.209
-0.0858043
378.409
37.6769
371.386
265.586
462.361
424.735
264.579
4.24445
85.9186
0.046095
209.354
151.955
230.02
81.8882
426.303
172.468
462.234
114.746
202.858
0.383597
19.6388
186.244
11.1374
99.2678
388.944
377.847
454.513
359.787
70.4601
2.50128
155.483
62.1879
276.464
113.399
304.409
79.1663
462.549
410.077
3.65503
265.44
462.375
462.104
66.813
312.79
132.088
30.8283
189.653
94.4961
109.086
63.8564
234.343
51.2975
326.925
344.051
9.87366
446.954
462.212
341.673
462.112
316.181
265.769
462.057
167.971
275.449
416.225
381.445
251.38
126.699
406.004
232.292
83.7046
98.2465
53.2921
1.21845
462.278
457.317
0.874525
355.886
277.238
454.292
74.5595
462.103
218.205
461.862
27.0366
307.784
227.215
462.426
11.6493
0.548706
176.372
255.971
106.959
358.285
255.214
214.076
286.19
0.169415
0.831545
0.441543
0.161992
99.7553
317.785
313.638
295.062
30.7956
366.533
58.4677
0.430153
174.074
202.56
192.493
142.989
414.289
462.201
109.208
133.559
186.601
373.149
204.62
13.0009
449.83
278.891
459.329
144.723
276.338
433.03
0.0353723
359.14
323.95
304.07
401.109
266.56
462.139
451.927
81.4671
0.856156
450.642
437.828
301.802
245.935
0.21469
109.13
8.08005
301.29
91.2704
215.674
40.7127
0.242497
461.654
461.386
331.826
442.425
349.7
298.509
63.5485
0.502493
358.449
446.533
129.42
136.266
382.751
283.266
355.124
377.266
336.522
159.417
0.301235
57.0956
324.053
218.536
462.079
210.288
0.457607
350.486
0.9734
366.28
460.884
124.061
345.102
127.604
242.74
251.131
216.53
274.995
156.139
0.415105
240.782
302.296
16.0918
243.658
26.9811
432.627
458.48
376.725
454.618
32.9409
163.266
138.464
210.816
331.917
169.128
305.589
283.701
272.67
456.838
0.368739
320.735
274.724
105.403
0.700058
0.975056
287.342
313.388
233.618
203.096
139.512
262.356
117.13
299.551
51.401
99.1481
382.07
0.313224
137.945
394.23
232.862
347.834
-1.51752
174.044
286.304
248.775
432.848
0.141713
461.989
1.25813
461.791
349.306
188.557
0.0477721
103.104
294.125
317.124
120.939
333.642
461.811
339.811
414.031
459.698
108.155
1.27049
52.074
128.964
399.954
67.9057
0.549571
9.65568
330.724
462.082
65.278
148.567
21.7506
68.4719
462.244
217.464
99.124
367.397
147.974
376.152
83.4682
0.547938
405.579
462.326
0.57426
367.912
141.932
286.233
-0.211493
252.9
0.526311
110.698
0.294727
313.896
102.182
363.275
0.386874
139.532
462.355
462.081
462.144
453.59
0.100927
195.809
18.1759
207.912
395.412
253.88
326.214
115.618
461.76
98.7878
44.5114
227.69
295.592
150.451
61.5785
437.435
168.736
222.393
171.4
158.006
0.882122
205.642
364.662
0.561025
141.083
277.663
119.732
119.038
2.82985
219.263
125.948
232.057
103.472
304.039
347.973
306.405
350.438
180.318
254.937
118.268
392.514
227.021
292.402
339.378
267.078
413.496
344.702
0.0942165
449.382
0.00528034
424.032
316.238
0.31977
194.593
55.2327
408.663
0.833933
312.022
180.389
289.474
141.945
248.633
321.55
305.172
115.727
0.234323
0.420959
249.847
298.892
369.609
76.6394
9.65299
266.93
317.283
462.632
460.487
0.178845
161.533
0.113111
441.169
314.955
145.362
134.068
217.536
0.371658
349.448
6.333
462.221
311.04
81.9692
374.211
242.576
302.316
0.169181
22.0063
244.009
289.375
462.438
371.843
0.294737
1.3635
270.03
390.559
145.947
60.1923
259.623
462.151
451.896
158.598
462.537
191.329
137.454
462.26
48.0227
412.453
0.241722
90.4693
360.567
232.409
293.329
431.998
424.093
-0.0416737
0.746955
90.8772
278.843
343.542
0.0819008
462.319
244.501
24.8845
362.427
82.4215
38.6144
0.681877
1.28596
415.156
83.8268
171.539
0.551203
0.660725
462.229
462.193
0.450812
78.4427
248.518
462.193
315.31
296.553
458.639
0.279033
-0.0203732
211.745
0.328215
195.189
461.736
357.546
157.419
393.128
0.144332
462.243
399.583
189.199
136.635
423.701
462.034
316.043
190.741
461.869
245
356.705
217.749
462.398
170.395
34.8978
461.248
462.363
461.028
232.454
264.07
376.734
462.036
462.079
0.408708
345.267
124.545
341.038
164.335
256.338
462.316
427.816
326.642
366.816
214.219
143.884
0.525793
462.365
462.479
177.927
338.152
284.423
381.389
442.547
462.155
0.475294
407.14
396.985
314.562
64.0138
158.454
238.119
371.87
100.188
312.123
330.852
234.138
296.662
192.877
39.2926
430.655
297.553
107.906
223.337
232.765
89.829
242.563
41.0627
206.603
285.336
66.4856
199.238
462.576
376.306
392.78
174.933
104.702
458.715
155.267
353.772
0.474818
388.232
130.668
109.244
256.31
168.746
111.01
418.979
54.3984
448.47
167.007
462.65
193.497
372.529
223.705
388.904
267.547
22.4439
228.56
290.897
182.387
440.871
0.41411
0.138054
257.73
348.684
417.042
114.325
0.49912
198.85
23.0107
201.896
462.269
56.9449
297.887
27.9703
341.155
0.415291
154.952
60.775
248.256
0.64201
195.538
462.73
326.374
56.2736
60.8782
341.81
328.12
462.422
361.39
69.6024
-0.239303
246.397
334.947
253.32
315.282
145.929
37.5008
168.771
388.983
262.931
462.169
109.438
177.74
279.512
218.439
0.482921
161.049
0.541413
249.66
267.388
227.64
232.283
178.539
376.811
59.7113
408.557
6.45575
455.41
62.4587
280.865
293.591
142.318
1.47389
290.374
378.507
0.745868
140.609
112.359
0.48035
0.933232
432.689
462.31
240.705
212.686
277.573
218.243
353.582
462.199
350.303
324.976
216.714
13.7036
291.711
226.155
0.0804541
328.518
334.702
229.346
462.283
218.768
280.871
400.752
326.061
428.306
333.605
172.599
462.131
409.642
462.278
448.42
311.787
232.431
236.653
449.073
285.021
0.167696
50.9731
169.488
223.673
249.856
27.0434
131.111
452.886
310.362
185.186
232.724
258.547
174.426
182.234
324.771
12.4802
42.9243
299.78
269.556
242.669
31.3985
-0.00546218
132.455
156.587
198.966
302.482
313.935
50.9542
328.17
381.819
462.078
256.804
183.935
410.658
429.355
462.26
330.371
462.329
0.790555
0.432167
4.0498
232.481
358.925
334.125
202.781
185.012
250.187
455.869
168.416
257.538
255.84
444.951
0.0966973
462.381
0.0721137
0.425014
197.38
449.899
86.143
2.60881
296.235
430.468
113.48
430.562
344.397
100.319
57.1201
226.753
413.66
399.2
440.634
207.852
158.654
0.631069
153.906
16.5785
63.3969
0.133971
157.913
336.48
8.84245
449.757
0.230219
185.689
252.753
217.528
346.961
147.372
379.359
316.18
80.5274
275.639
232.519
60.2684
191.537
35.1058
118.144
298.241
447.898
112.097
0.739429
450.053
158.98
230.207
334.849
234.616
77.568
456.277
188.799
397.426
0.228192
462.01
235.415
230.349
311.96
370.637
0.586127
385.172
376.726
80.7525
100.133
296.584
97.9857
243.807
326.102
199.518
61.3455
-0.133463
395.147
253.183
438.307
462.358
246.614
340.479
121.402
261.82
333.861
462.386
412.127
404.681
165.328
44.2517
462.171
426.057
232.585
71.3286
90.8172
83.7724
123.09
370.526
231.334
25.0848
3.14706
100.881
285.536
97.3014
299.529
158.484
358.35
103.748
2.45625
11.1466
281.969
462.206
-0.000236211
33.1845
0.204802
447.393
180.594
312.902
0.434588
350.227
462.299
287.933
402.048
338.784
15.1189
271.428
71.3927
462.082
304.321
398.236
0.296138
125.736
0.353392
296.25
0.112693
34.902
0.235103
145.131
253.368
25.2987
112.552
181.501
68.9507
137.432
56.3739
146.712
289.413
455.253
249.84
140.509
459.57
419.961
318.793
434.77
462.335
461.43
0.476767
284.191
381.571
165.611
165.045
462.378
425.652
142.93
195.006
186.155
203.493
456.26
226.158
0.52453
197.132
337.057
0.0263872
384.202
81.0557
136.03
253.687
330.878
329.797
141.128
75.0154
246.503
451.739
248.199
119.477
0.0834514
3.13567
53.9929
462.332
52.1862
71.8646
33.3991
297.491
459.496
107.51
394.561
122.654
346.237
190.642
0.246455
29.3114
427.479
311.49
146.872
27.0191
161.101
134.146
264.519
0.40412
314.118
210.815
54.9741
438.228
187.565
417.308
92.9395
90.0854
146.078
288.177
238.758
462.077
244.189
312.334
462.018
284.386
415.98
462.422
0.156298
461.877
276.249
397.57
462.003
461.465
408.362
462.359
137.244
58.5417
42.4074
462.27
21.7498
317.698
303.311
405.887
462.148
385.677
462.084
211.741
380.591
336.409
386.225
462.414
0.252196
272.099
232.524
415.649
187.451
224.749
267.638
240.613
460.606
290.864
0.10935
169.61
222.057
461.976
127.762
462.389
215.574
457.657
154.074
394.39
234.55
347.092
238.913
146.809
0.29858
156.004
367.386
408.166
119.229
134.121
0.602943
389.465
185.838
103.276
15.6817
461.51
462.432
0.206536
462.077
342.852
61.2587
453.303
212.931
0.481054
146.676
229.824
428.755
0.472117
144.372
397.461
0.040994
0.0572211
314.142
404.049
248.45
54.4244
5.33521
195.466
0.0636677
172.955
60.186
228.777
97.5222
125.967
350.591
180.149
442.647
357.142
218.381
104.553
462.22
323.353
298.02
127.613
202.647
323.203
461.404
168.518
173.099
254.928
0.410268
230.16
424.496
93.3601
31.9306
76.3423
0.443094
318.015
281.045
30.935
351.179
0.386034
140.01
353.341
164.392
315.181
97.302
284.868
0.541764
213.159
365.147
160.782
221.171
462.001
459.997
181.696
0.300135
0.878969
429.525
249.02
74.8279
30.4902
353.172
0.0804289
385.815
252.71
424.229
174.795
461.998
429.788
461.429
68.5377
366.778
0.12173
462.283
-0.511235
276.012
372.83
268.875
243.981
89.4088
461.953
462.348
23.8997
111.259
42.8999
65.6989
95.7713
153.119
308.277
205.669
55.9453
287.15
12.4174
438.078
415.754
402.898
136.781
312.59
317.876
262.151
461.995
462.254
294.568
462.088
407.506
153.102
462.396
462.033
193.275
445.545
375.272
216.089
324.698
0.395053
3.2787
462.313
165.198
190.294
158.532
0.242926
71.2318
29.1165
14.3949
57.5296
366.324
332.63
166.863
203.862
416.027
86.45
132.302
264.999
342.308
289.94
0.512682
53.9574
332.85
0.268439
35.251
270.159
2.83139
170.713
0.158864
232.571
230.342
345.237
0.447719
420.107
361.124
300.059
1.36269
151.797
13.2193
238.661
0.205451
133.652
462.362
444.406
39.005
79.4703
394.28
358.688
461.762
0.24259
462.029
462.488
461.605
29.6731
218.399
266.844
307.674
243.254
270.064
102.678
188.782
320.07
291.133
143.825
328.19
399.185
462.247
363.48
0.191791
237.986
74.9232
228.785
114.074
254.62
288.824
462.095
462.684
0.495703
436.168
192.531
353.667
0.0956885
37.8474
303.107
138.375
462.291
152.679
415.679
282.632
248.243
129.862
325.094
0.369336
151.77
362.191
113.886
143.152
434.526
368.43
0.503366
327.828
94.1109
87.5419
253.254
406.502
310.054
1.60775
84.6481
161.462
0.440174
408.995
27.7058
189.727
161.457
131.738
462.054
350.224
381.938
0.390116
421.63
151.662
462.473
307.615
462.224
112.526
282.756
462.362
40.5874
0.940303
89.9332
-0.0102731
460.708
128.418
456.262
234.464
462.035
462.149
1.07703
156.249
313.063
462.346
274.25
448.925
462.159
385.937
462.055
451.378
161.484
234.005
355.471
41.691
0.53989
132.241
402.863
393.99
55.4331
252.469
196.722
87.7107
108.491
126.699
97.2409
12.5071
412.122
347.727
178.944
415.654
3.75948
445.416
111.443
274.301
175.211
384.235
329.427
74.4125
372.125
166.572
383.803
387.338
103.661
267.006
363.458
328.003
462.351
86.7776
364.206
462.231
74.9668
92.5013
70.0705
221.276
188.184
318.658
230.163
232.253
462.561
451.471
18.3195
363.438
410.725
255.611
188.367
155.406
443.787
180.317
247.978
428.071
0.806591
176.555
395.943
118.819
7.84626
176.059
374.036
202.41
258.965
65.8658
369.51
0.78948
357.368
213.067
265.173
232.263
370.711
321.483
271.007
0.349457
50.3131
304.844
415.917
259.832
36.932
199.901
424.639
82.2089
403.317
313.645
462.087
310.531
56.7178
362.875
356.649
224.421
88.1288
-0.101474
94.8029
233.259
49.0456
0.270686
361.307
129.133
107.501
263.427
51.8739
321.524
462.141
307.665
56.5228
286.852
181.246
0.0384893
207.05
284.866
462.172
443.899
111.358
403.238
75.1501
391.107
61.7534
349.137
251.833
174.481
0.349391
69.826
410.684
219.526
341.604
158.249
280.841
256.02
21.4952
65.5132
414.825
246.077
282.715
42.0575
461.639
177.271
80.3041
351.29
461.091
50.0511
32.3617
461.253
161.816
374.181
278.888
36.627
371.727
174.531
107.662
113.595
81.8963
0.555064
154.331
462.113
125.388
406.543
462.266
457.966
454.069
232.237
61.6448
137.328
229.159
462.258
462.574
327.376
49.0564
-0.0223601
153.886
236.836
150.457
270.536
397.195
0.346339
10.2929
246.265
25.6814
462.463
139.984
462.083
329.789
0.977619
437.96
57.5155
270.146
96.5803
143.176
440.633
462.121
28.2453
361.575
55.5238
321.872
410.595
0.386935
0.122569
260.869
438.498
223.415
462.439
380.869
423.066
-0.292465
462.564
0.209742
0.840914
444.717
218.109
337.695
450.538
117.498
246.757
439.351
224.121
462.056
438.064
454.724
462.098
208.951
236.588
160.743
462.006
0.112076
232.224
0.256104
283.129
462.257
0.913657
462.305
462.637
187.731
43.0386
79.9943
426.582
66.1379
456.929
332.882
0.618638
406.686
9.03116
0.657044
317.304
320.905
28.4307
307.989
112.082
198.07
61.2974
98.9827
105.346
309.578
193.916
168.575
462.123
282.168
20.3461
203.077
461.754
431.584
282.791
462.47
15.9815
421.784
462.228
233.01
144.636
270.709
78.977
241.264
140.261
2.0992
0.348724
100.575
369.269
142.945
44.4177
398.874
133.189
332.758
462.36
444.575
210.056
461.906
392.826
314.58
286.759
385.55
136.138
85.6244
435.441
203.564
209.079
461.884
281.32
306.909
232.504
240.684
371.422
77.2122
82.8059
462.11
462.172
41.2991
440.136
330.755
196.457
-0.0586033
154.229
376.255
10.6018
150.631
296.725
204.438
414.014
255.839
21.4258
190.23
345.596
137.131
18.5855
459.375
325.083
462.371
331.967
462.23
185.802
280.042
401.525
344.062
297.121
317.617
462.292
199.289
170.909
343.763
0.0642286
129.982
55.0924
273.555
57.8461
252.571
374.793
147.198
76.2041
161.789
369.69
119.964
290.208
142.698
8.50777
46.2021
204.244
0.32282
460.469
85.8308
300.739
203.637
369.503
99.0473
146.966
162.186
32.8651
138.164
147.278
235.489
461.573
77.4989
400.41
461.944
393.776
391.458
71.7884
261.372
19.0104
346.361
462.472
439.803
33.6208
462.322
320.299
117.494
46.0417
357.566
0.0574833
390.359
369.967
250.282
211.938
335.159
462.257
324.953
0.215263
204.705
339.434
462.045
305.424
459.348
260.579
253.023
215.426
255.325
462.069
276.241
114.028
164.443
166.343
0.25198
210.557
424.152
0.946828
29.4412
443.114
355.461
0.0800516
232.906
-0.427314
395.042
261.195
177.154
451.004
439.588
232.178
284.598
29.4245
462.305
109.659
44.4327
461.359
286.304
318.102
90.0337
171.453
0.4648
316.875
257.725
235.647
218.713
221.31
130.776
177.048
272.966
75.7759
369.43
30.3605
232.362
460.429
393.782
137.883
0.437978
103.797
142.735
114.931
189.006
8.66291
462.049
453.382
24.2283
372.639
73.0093
461.944
0.172869
218.58
462.025
267.521
210.17
198.513
279.39
56.7534
453.847
69.9455
27.7706
462.503
293.713
47.1672
236.235
74.4797
462.005
284.142
462.089
342.331
448.373
26.2867
292.806
30.163
173.228
400.97
12.8755
6.24576
286.676
255.699
0.465349
210.163
382.122
232.094
319.02
297.464
270.138
405.123
320.836
462.089
249.694
128.821
328.571
169.413
138.85
349.107
106.938
176.731
90.4233
409.373
332.82
396.077
314.989
331.083
115.774
462.584
271.334
197.057
462.58
36.728
9.4286
462.246
230.146
462.199
419.662
144.96
461.677
343.156
462.102
252.449
16.7925
178.373
208.594
425.751
146.214
286.61
280.226
0.69645
112.421
398.662
462.254
115.028
274.047
224.023
313.977
291.914
348.262
460.89
462.457
51.5089
150.468
316.038
221.831
1.86222
59.2588
254.357
255.549
186.234
462.187
61.5529
319.735
282.514
292.892
106.046
269.541
139.365
461.974
-0.000648737
290.608
321.657
462.069
461.751
104.563
249.404
337.002
305.878
161.139
15.4283
87.4465
146.572
0.0152832
318.774
87.851
367.313
275.369
305.434
462.033
375.241
13.682
170.35
197.928
350.173
2.99656
156.573
141.866
345.731
359.74
290.223
17.9807
360.914
295.99
415.822
286.053
285.675
462.074
357.315
149.085
462.141
0.877861
462.263
413.215
227.713
461.406
34.6699
42
75.461
174.933
1.71936
312.051
170.15
17.5088
269.5
3.76043
8.13657
0.172041
462.182
382.599
137.427
69.1009
268.352
3.1219
186.79
0.330489
155.834
322.593
347.596
136.41
91.039
0.69619
129.841
371.545
236.482
52.1744
243.1
104.499
0.309144
21.9905
124.511
0.289793
462.157
462.369
74.0059
99.6411
0.700095
416.862
107.206
357.549
0.157472
0.110222
249.814
257.728
0.0555886
397.415
203.117
130.583
425.668
224.423
9.84348
-0.129604
462.393
96.5119
94.0644
312.141
268.875
227.651
228.195
236.658
149.234
343.239
382.218
338.753
322.721
13.4498
406.088
0.334341
312.388
19.9307
219.357
458.139
102.104
0.523847
237.015
413.591
462.239
0.0127578
387.434
35.5227
347.501
423.136
0.234715
386.072
0.27192
335.359
427.384
165.549
233.193
127.9
229.765
0.611613
411.072
102.034
3.28331
233.423
0.152684
15.9968
252.8
0.517475
116.906
159.085
114.75
461.742
207.937
366.02
461.336
141.75
200.026
462.223
397.332
287.136
29.1694
354.079
0.0942606
198.773
233.239
16.3361
350.927
214.888
-0.023958
84.9282
378.959
321.857
462.236
157.207
232.48
361.729
364.655
234.199
183.461
0.344736
101.646
138.825
156.528
0.087831
361.677
241.439
462.064
23.432
147.513
99.9546
462.118
158.53
93.6163
23.437
102.846
459.741
0.430469
72.2864
0.219073
0.221709
109.32
409.064
322.585
234.937
202.434
462.352
173.38
-0.0686788
192.859
0.576029
266.731
0.236532
435.496
352.171
364.303
328.372
412.857
463.115
0.41638
218.905
247.011
71.7299
0.317625
462.452
73.0891
0.263624
385.392
462.21
215.546
203.854
462.126
233.557
14.6126
268.315
421.704
0.163018
107.277
115.404
0.506993
344.013
382.433
462.238
190.208
102.566
111.939
462.204
257.966
462.22
462.075
178.698
7.40827
153.192
266.569
23.6465
163.337
147.766
461.158
299.209
298.009
146.784
411.719
0.928324
90.0066
350.494
186.154
461.944
323.729
397.902
462.463
378.863
32.5754
59.2889
389.308
296.635
242.329
382.625
-0.0651188
0.912606
0.915355
323.682
460.198
223.074
125.865
130.844
105.443
111.049
0.335631
95.7873
114.115
0.51574
223.45
371.158
28.7831
301.364
328.991
249.615
341.935
41.7177
142.483
71.2018
95.6663
137.267
29.5486
410.599
462.306
0.635587
381.657
8.7063
138.025
155.631
405.31
16.2125
180.599
439.765
-0.0460379
410.95
0.555583
394.168
402.388
155.08
240.71
0.182534
0.318085
69.5798
287.401
309.908
190.559
397.213
107.828
414.741
270.057
436.189
3.2252
104.177
0.542395
194.618
46.0772
167.034
441.69
180.98
462.646
67.2834
401.566
415.35
169.937
213.739
71.1214
327.528
273.118
461.688
376.886
99.3582
189.829
0.368885
413.05
114.341
9.67251
409.519
219.419
138.065
51.5692
178.821
462.469
216.263
346.212
0.256004
0.105406
97.4531
377.722
266.744
136.881
92.5325
462.258
427.95
324.007
303.888
307.901
389.529
299.97
73.1394
7.13559
417.459
0.903157
372.465
0.263206
218.197
13.1468
333.944
0.697647
462.235
346.06
260.463
304.942
313.374
435.018
235.18
311.729
161.621
411.22
462.184
275.443
63.0047
147.02
462.152
0.882927
435.917
462.513
462.149
0.0841398
376.398
8.65668
45.3572
89.5071
98.8778
287.629
451.544
302.664
101.686
199.261
0.398945
323.955
26.7236
300.873
461.965
67.3576
0.16218
0.193419
65.9359
0.467448
105.392
361.849
199.304
364.753
341.113
461.074
270.77
60.6615
139.291
347.48
389.137
460.989
184.213
290.122
298.299
462.048
177.153
144.38
52.0967
113.217
10.4071
161.042
414.023
0.465515
462.392
72.8283
462.242
372.015
53.4343
455.507
65.5494
0.806021
438.477
349.403
332.975
296.61
-0.0223427
267.038
300.101
180.749
37.7026
306.922
232.446
0.0860429
177.821
257.908
232.963
134.985
307.198
256.644
462.21
226.962
61.922
462.244
408.772
204.664
5.39497
389.917
62.3469
38.2474
344.798
70.2053
408.188
113.98
0.488577
372.065
0.380777
457.109
307.104
293.404
227.681
142.119
232.231
338.103
354.475
0.83174
241.393
284.777
23.9402
304.324
401.39
27.1843
430.147
131.326
358.952
267.219
459.123
85.0813
270.818
163.014
298.789
462.288
160.99
288.39
305.007
40.4459
401.81
337.65
110.323
213.642
90.3089
380.215
0.0811686
0.660657
447.228
230.185
116.094
134.645
317.286
294.775
379.575
314.752
372.93
406.865
47.5794
146.909
207.85
462.488
26.7339
306.697
0.534115
105.364
285.553
228.54
0.838431
232.562
268.81
462.435
127.393
0.38021
331.118
388.652
424.072
263.499
411.814
45.1795
3.80904
345.07
219.173
294.801
462.248
126.097
329.182
302.087
190.668
462.287
273.454
462.155
354.164
0.399675
99.0217
109.145
213.555
249.454
433.266
248.078
45.5811
20.5396
62.6649
461.983
75.6903
254.644
0.543208
333.021
45.9475
34.2331
229.641
369.236
0.448671
249.083
308.428
241.689
61.0493
0.450171
157.431
444.26
224.874
0.324263
462.385
86.211
285.684
0.342537
347.33
426.003
226.545
437.687
-0.0938658
164.25
0.0450735
0.490312
335.984
134.629
344.149
6.19671
222.672
462.44
139.35
41.5173
178.57
202.82
381.669
102.022
21.4441
191.647
160.252
134.291
438.892
309.141
462.294
195.849
116.426
460.168
230.066
330.998
319.943
319.82
448.336
462.317
270.679
236.311
162.525
462.068
0.456752
192.821
461.01
461.505
287.783
224.518
148.133
405.054
167.078
116.288
140.248
52.4669
331.31
442.307
121.073
19.6211
109.97
115.466
152.353
329.598
442.949
138.022
461.933
461.904
176.568
361.098
199.904
369.2
94.5367
365.708
18.5635
462.043
462.156
422.433
0.0422673
365.604
31.6863
171.874
396.149
312.8
278.56
0.357883
461.898
402.866
462.363
382.141
88.3526
400.802
139.042
172.671
172.57
462.066
0.813341
283.072
245.386
12.3299
424.072
68.7271
339.315
1.00843
229.254
462.425
90.2354
41.191
216.236
125.718
162.698
366.564
0.764103
151.24
368.837
139.861
50.088
0.0427819
359.242
390.714
158.608
106.414
258.788
372.867
410.693
359.884
116.461
383.803
0.288376
443.394
149.803
41.3504
462.354
320.197
0.154221
462.426
258.327
301.438
167.531
0.407844
437.902
184.152
0.210793
22.2639
188.233
356.569
0.451333
462.005
116.898
30.8537
435.278
462.074
357.337
286.797
89.3463
462.133
462.309
9.55711
398.728
346.827
349.459
67.7411
390.871
156.775
0.786143
13.1262
360.683
462.322
462.354
459.383
133.923
362.803
210.853
227.565
24.5341
0.159477
268.773
392.736
135.3
378.318
334.269
0.985038
19.8184
109.947
40.7606
295.808
22.511
442.069
0.225268
88.9115
0.0369069
421.648
329.374
324.772
415.145
217.983
0.067251
252.93
461.717
141.058
462.256
104.931
462.031
338.341
308.34
376.496
365.352
180.052
448.533
95.3536
111.648
120.674
216.312
362.049
167.087
267.426
97.0933
462.422
321.119
76.6983
386.672
350.824
243.178
0.147245
194.345
462.08
353.839
35.9615
227.192
256.482
0.153761
230.263
261.102
65.5933
192.121
358.467
362.208
346.156
462.529
176.373
7.99408
249.386
366.069
146.81
111.454
352.515
29.9771
352.862
58.3077
449.17
258.449
409.743
126.368
322.189
246.393
0.38907
49.2943
133.916
345.559
155.124
162.912
389.049
62.9007
232.414
178.508
43.5936
195.898
48.1016
54.6259
288.622
311.765
287.156
150.759
401.278
115.174
182.825
205.507
263.572
214.247
0.52037
396.332
312.14
97.5606
196.069
290.196
99.8202
0.54868
323.427
65.3628
188.385
238.548
462.151
359.403
0.273828
37.441
1.6507
220.055
128.57
369.766
462.257
431.956
316.028
302.468
411.029
196.478
181.83
462.375
72.371
212.283
293.038
116.224
73.5616
158.753
156.927
118.391
70.0035
410.391
3.40858
270.211
289.072
307.297
359.777
41.1893
144.288
203.7
15.0922
0.348532
29.2121
183.938
457.569
366.421
243.521
100.932
264.63
341.966
440.513
68.5617
29.9449
336.542
450.077
259.502
265.677
462.212
454.484
326.554
294.796
462.518
168.822
314.18
1.77195
53.0716
406.619
462.331
0.246214
159.083
232.522
103.422
240.552
97.2579
147.704
462.177
344.207
67.5807
438.45
113.392
106.436
72.5489
30.0118
77.309
134.128
168.803
334.596
69.6876
315.7
184.915
194.742
229.902
171.634
0.811289
101.724
384.191
271.422
281.544
376.977
80.5925
189.676
225.825
129.739
272.426
0.616454
1.13039
99.4346
316.809
264.387
408.983
217.427
0.366375
375.272
280.658
373.227
8.50428
306.289
1.33966
0.554953
-0.0231989
99.488
461.484
335.018
462.348
462.38
461.369
6.68964
409.922
462.084
383.314
462.033
44.3724
214.61
0.344765
248.481
147.682
0.254081
363.813
49.1593
329.369
218.796
300.286
-1.39179
330.46
119.075
293.019
66.3409
230.202
80.5895
235.775
454.603
380.277
132.132
462.37
105.949
123.235
373.863
352.471
462.019
462.244
10.0329
462.114
112.737
320.641
0.643444
229.258
277.018
274.446
167.278
462.164
65.1279
427.725
388.344
191.182
74.6806
211.121
361.092
48.2887
211.917
87.1188
152.321
299.007
461.61
35.4174
380.831
117.254
-0.0515158
0.361144
307.454
427.177
229.604
301.125
421.131
463.269
122.448
202.464
149.058
144.268
165.041
0.797592
404.16
0.136025
421.466
127.136
462.163
339.756
461.655
399.833
220.921
284.617
209.911
421.025
403.169
147.581
175.986
331.049
462.164
353.253
383.086
304.799
226.779
73.0336
372.107
461.88
387.838
283.02
406.621
0.155807
461.977
462.266
0.406252
0.494844
461.995
422.821
195.16
0.325354
462.011
440.143
255.257
247.458
24.2755
396.617
212.935
0.239199
132.19
272.871
62.8728
81.5726
275.587
291.348
462.517
0.396135
54.49
132.633
132.534
356.884
462.441
0.202218
461.77
102.011
138.897
253.985
18.0229
229.5
378.461
233.108
199.558
158.574
146.148
173.071
298.378
153.643
37.2214
325.172
141.666
0.0563635
100.19
422.868
383.438
308.878
64.0938
0.217657
445.753
277.774
322.585
143.723
435.53
176.422
279.696
191.493
378.452
344.53
417.817
246.251
152.507
409.105
462.31
400.122
48.2288
462.542
317.858
49.4551
462.391
353.158
0.348951
440.976
140.007
331.832
229.85
345.877
329.778
107.557
202.427
187.874
0.789922
373.808
141.186
178.877
339.216
403.618
227.973
361.489
304.983
390.435
179.531
118.975
381.566
401.151
462.122
310.056
279.407
96.2403
45.7527
64.8339
412.824
385.956
441.107
1.21489
404.198
104.601
348.51
361.923
155.639
461.114
371.632
147.87
264.79
0.182009
373.475
236.528
110.428
398.94
383.319
144.323
118.374
381.88
349.94
460.033
297.188
219.911
246.446
112.37
418.927
167.056
380.104
304.011
56.6603
86.587
195.344
295.717
213.433
424.545
462.006
385.834
21.1956
385.364
83.9532
152.731
454.295
383.425
396.085
296.068
461.387
416.3
200.719
285.546
462.036
418.848
200.665
259.395
352.551
461.656
459.751
264.056
378.406
360.483
244.536
462.239
150.821
461.534
289.12
401.578
287.473
150.989
292.967
355.254
120.267
171.056
329.874
191.511
450.002
144.491
0.466651
12.206
359.025
273.333
389.175
303.145
41.8808
164.584
386.108
179.723
145.164
100.955
310.433
312.648
210.631
295.966
426.367
243.843
235.554
412.327
5.86339
163.586
233.342
403.026
3.07422
190.947
29.5185
303.958
149.954
383.045
332.851
279.472
0.638119
149.172
27.9151
196.323
0.513752
143.59
422.444
192.664
386.307
393.009
462.146
349.956
305.466
144.512
219.564
50.586
462.268
236.037
-0.16037
101.614
165.76
0.0160123
461.904
268.368
208.704
344.198
263.016
391.175
362.957
164.448
372.049
357.637
221.787
59.7827
350.131
447.934
462.112
309.239
239.592
191.548
85.8182
24.6234
103.61
169.99
75.8544
-0.415425
18.797
0.18518
0.94497
167.434
363.532
0.148793
462.502
0.482653
399.245
164.125
79.5551
316.49
342.456
462.134
47.9396
0.412793
113.777
164.409
293.622
140.995
0.278765
-1.07676
0.496429
156.425
461.588
191.126
241.905
172.001
244.714
247.712
324.185
0.825482
462.358
227.59
11.5386
48.5861
256.2
316.756
287.813
82.9308
323.355
459.676
128.029
73.8698
55.689
103.281
0.527703
167.847
436.36
248.559
441.704
440.165
206.307
366.136
416.775
347.197
3.5544
78.4633
127.074
462.245
215.468
0.336688
6.32575
74.6442
266.884
241.029
249.702
408.318
392.068
379.235
113.215
356.948
303.904
422.606
365.547
184.717
98.8268
0.290335
461.678
462.402
150.754
244.815
193.283
227.131
39.4064
79.8676
406.973
1.38537
65.6743
398.017
398.434
233.799
329.505
42.2533
281.442
419.845
66.249
462.213
462.148
271.305
125.34
265.19
1.68532
287.764
291.865
0.351453
232.228
324.585
0.264153
283.017
53.9641
235.213
1.49093
74.1022
59.9472
25.6394
366.012
179.72
234.115
94.5063
89.3641
306.889
461.854
145.336
424.285
280.532
462.288
283.98
118.914
348.355
0.482406
229.688
440.002
107.809
395.029
99.1449
461.975
8.44062
462.224
307.366
257.287
75.0569
315.517
163.026
390.29
65.137
230.176
378.272
156.351
258.478
419.041
461.286
462.167
291.511
0.251055
173.143
128.164
388.851
415.931
441.612
25.5244
367.134
461.887
368.974
160.187
349.269
290.128
461.97
106.815
160.103
462.377
0.561112
254.236
137.825
72.9937
232.34
420.623
319.149
300.615
308.164
163.745
110.575
389.19
255.578
261.927
233.088
110.447
0.368129
225.879
169.249
76.6248
55.5766
0.57115
45.0702
341.94
462.111
445.514
392.252
109.923
64.1502
84.9696
364.737
1.52037
239.906
391.025
312.001
47.706
15.4869
422.885
462.065
75.5281
461.956
169.236
25.5979
158.051
312.378
40.2667
462.239
389.612
223.069
278.401
263.579
339.554
284.346
137.044
187.907
461.902
7.38378
340.987
104.212
406.767
296.693
17.1784
-0.138049
98.7498
0.242264
461.752
412.588
279.264
333.063
126.397
0.855683
236.836
0.0912251
135.776
138.306
456.448
72.8175
368.295
0.13805
462.464
11.1313
138.373
446.937
261.409
0.25218
0.274819
462.239
266.331
234.05
365.758
389.853
437.075
171.071
89.3695
161.431
359.722
38.8648
281.451
53.4914
0.138383
462.145
244.078
46.6377
461.568
312.752
149.423
254.084
371.633
219.709
28.1748
461.841
107.974
0.223152
99.7126
375.316
462.424
234.474
94.0764
0.457035
14.4171
201.613
399.68
138.884
115.411
340.173
449.523
463.189
462.307
299.146
114.423
143.944
119.997
7.77365
350.602
278.619
0.525792
462.278
39.6788
0.349636
96.4534
86.7331
314.286
462.059
459.937
57.9379
240.219
461.602
185.341
432.016
295.251
462.372
0.774373
129.059
2.94011
376.04
13.8719
361.15
462.199
77.0057
92.7772
340.133
429.248
310.523
70.9064
101.23
441.909
129.519
0.24851
120.682
402.566
136.503
463.374
264.86
462.205
227.705
82.1442
340.045
117.039
148.528
347.965
193.666
397.604
185.438
279.467
462.056
46.4864
53.4519
462.238
-0.129801
408.908
70.58
194.343
437.213
0.171082
462.376
349.446
17.7852
72.9741
310.335
68.2408
462.259
23.3092
462.194
235.362
433.74
366.259
125.868
230.038
340.308
312.197
196.793
462.201
0.308254
218.888
204.343
462.051
75.934
365.59
0.211708
423.756
279.609
306.678
270.458
43.8446
161.729
-0.399827
126.364
334.443
271.575
78.2916
179.229
64.8831
306.953
105.958
235.021
36.498
0.530093
373.026
462.338
108.522
460.294
157.496
1.35485
429.949
399.844
462.019
371.783
462.028
49.47
42.3663
446.71
462.025
339.375
356.196
26.2799
338.922
462.196
441.019
265.025
462.076
461.961
59.6763
254.133
436.166
54.0213
217.841
110.479
396.935
437.861
285.163
94.4274
164.734
244.468
64.1398
302.012
446.842
462.163
419.426
461.907
0.032105
345.808
309.385
48.7196
0.438288
270.655
340.1
319.885
233.063
178.273
237.067
23.5192
2.71714
64.1773
2.43333
0.114007
462.296
45.0379
395.969
180.303
0.29186
383.092
216.946
462.297
0.208665
176.72
162
151.627
450.813
310.72
461.916
140.149
223.801
130.903
365.929
153.017
50.684
62.1905
344.709
118.622
174.501
4.76171
33.0772
288.18
431.98
74.465
176.208
293.736
161.946
462.366
23.6321
159.95
-0.222854
192.965
177.465
-0.946091
159.015
343.095
379.388
392.423
46.4537
0.540689
152.311
0.436445
222.023
286.578
127.403
101.861
3.09036
196.529
173.844
402.172
63.9983
284.506
51.099
294.306
246.679
254.474
107.768
462.26
281.061
0.607048
235.141
316.368
301.53
40.5572
68.9057
138.795
253.223
461.381
133.638
409.433
52.6644
298.275
420.972
377.837
342.463
162.247
24.2474
192.003
193.793
118.56
327.972
248.236
105.844
173.616
446.392
460.919
193.708
1.84731
400.356
361.424
256.927
229.669
376.233
241.535
248.972
462.653
416.009
293.251
371.756
462.301
121.881
462.183
266.15
187.513
27.5186
99.1221
461.743
325.526
432.824
0.115529
134.764
99.8792
290.848
360.706
232.83
462.222
317.497
188.616
30.3063
323.105
0.12156
398.644
461.534
187.774
16.9728
354.249
254.119
296.027
462.416
143.762
28.0487
306.333
287.977
98.5155
374.437
422.342
215.708
325.516
135.203
441.124
349.627
215.463
0.0746891
131.342
462.073
462.257
462.174
110.757
187.368
418.208
92.4605
280.817
59.3638
80.2387
295.101
324.408
133.302
182.285
314.65
236.222
251.927
74.1551
0.987562
131.852
3.41933
111.322
300.05
351.027
197.454
460.859
450.738
14.8249
3.24782
274.315
0.263511
114.572
354.83
0.0884871
323.709
2.42121
110.748
462.345
321.151
108.402
131.138
0.451331
375.64
59.4925
214.512
259.372
309.117
98.5666
149.803
461.934
128.454
291.002
190.779
371.024
1.0265
81.0728
0.289731
268.695
95.2043
1.91676
355.697
462.453
383.664
100.116
77.0374
125.217
161.69
210.894
235.76
351.762
0.0294672
126.508
130.42
72.3668
1.77223
462.251
461.947
229.995
3.49676
153.137
461.873
380.763
350.203
462.077
126.077
306.413
92.6414
462.056
450.174
342.776
250.071
168.234
262.38
444.345
271.936
223.031
154.151
337.91
325.19
107.123
235.402
134.567
461.694
85.5361
4.11529
88.1016
103.884
359.111
200.206
169.684
356.48
134.036
201.855
223.479
28.8611
235.788
462.207
183.646
205.583
194.722
409.913
348.058
288.718
416.721
64.9232
285.423
64.4035
279.286
0.551137
0.127291
0.00732425
235.82
409.04
60.0471
0.490283
153.253
462.627
195.494
451.752
339.333
327.728
462.214
55.5349
23.8042
422.015
239.159
421.77
291.41
244.801
462.024
135.81
232.195
461.002
151.511
461.901
359.886
276.336
128.788
57.9863
399.001
106.085
0.194249
281.991
358.11
31.3508
164.392
142.099
359.751
365.176
262.672
33.2223
11.0011
175.987
233.367
401.122
461.874
-2.34369
409.029
405.111
462.518
461.185
289.554
121.665
460.386
250.885
29.2747
462.314
76.8658
49.5063
143.001
212.474
14.5571
7.42017
112.637
462.23
342.116
0.146969
461.782
300.762
138.594
447.225
122.184
390.579
100.834
77.8882
445.893
295.542
363.133
152.098
305.079
461.821
265.668
173.005
98.0224
206.082
288.714
107.784
264.002
47.0781
192.302
358.641
279.345
391.829
183.653
462.53
7.41529
108.34
0.56129
462.035
50.1381
246.642
462.185
462.37
290.955
160.979
128.487
462.119
336.271
188.313
400.064
355.977
352.356
0.886056
42.229
216.579
218.812
293.196
217.596
352.322
0.0902024
431.306
374.429
462.147
84.8727
420.296
221.234
0.0904593
320.83
348.26
143.73
462.059
43.0254
33.8397
235.468
14.5837
346.971
158.971
302.437
174.567
109.478
60.727
3.80855
153.072
141.31
62.8959
116.225
462.292
-0.10846
246.346
167.21
301.414
376.181
303.611
238.886
117.704
330.732
175.354
145.408
262.342
25.569
102.555
316.842
454.098
462.022
24.5718
18.0916
361.945
263.505
98.2487
372.274
175.939
430.992
212.763
150.288
406.798
98.6378
0.0671
462.324
11.8987
92.4247
294.804
326.089
360.274
143.687
287.513
186.997
83.225
164.447
430.846
85.0048
362.972
424.041
362.555
70.4276
383.512
157.708
244.538
440.097
438.744
118.669
298.423
276.932
298.084
254.951
384.965
462.359
0.279679
455.415
222.701
422.506
366.146
456.546
384.352
108.48
284.029
194.405
461.497
88.0715
0.261497
208.07
54.0211
462.169
462.165
400.963
41.6013
71.3726
371.005
78.9968
163.382
462.233
138.128
163.675
335.135
450.05
455.139
116.197
334.149
388.595
0.343605
461.941
462.308
438.283
394.92
0.698627
302.374
250.961
295.5
359.12
57.7732
17.5167
106.408
240.049
222.488
4.8464
163.567
262.129
291.836
157.857
0.438265
270.731
201.059
461.658
307.664
289.565
461.596
275.78
93.5041
462.216
236.753
130.407
158.259
402.656
462.107
3.65681
360.614
0.475365
94.025
0.540366
141.165
365.834
368.47
269.532
106.452
462.514
80.4387
326.821
257.183
381.812
362.081
0.54696
461.886
413.686
259.592
410.264
103.006
423.025
327.262
332.889
462.058
352.632
244.475
248.825
461.343
139.429
446.811
221.06
415.699
0.723046
461.593
275.703
390.904
430.703
423.75
34.869
184.65
20.9052
311.931
101.192
3.35942
395.716
280.615
393.284
243.122
211.898
92.2059
334.422
67.5626
328.603
0.167126
263.269
41.8061
245.402
283.065
378.247
359.441
345.618
139.224
317.298
98.3944
48.4655
185.758
343.397
72.0628
110.935
153.15
277.197
300.662
462.354
311
391.825
129.141
186.828
317.267
462.058
270.391
365.499
442.87
12.6875
229.442
179.875
311.71
201.386
181.105
310.353
39.189
333.787
105.969
405.433
344.353
167.726
26.5939
416.559
260.926
81.5038
462.546
301.47
89.744
3.77016
0.243121
462.282
93.319
247.926
1.01954
110.908
142.207
301.747
442.046
426.869
0.357967
462.176
319.286
415.239
368.04
176.806
462.22
297.489
250.44
0.363191
229.727
0.969134
416.458
108.99
1.75347
458.922
462.075
462.339
462.731
222.726
272.641
246.925
269.584
439.647
194.897
462.281
166.311
107.937
306.77
146.805
268.328
82.6812
284.476
162.397
96.9494
114.906
361.051
250.004
130.768
45.5188
462.197
125.974
193.87
284.019
364.415
280.314
14.088
179.642
1.21668
462.342
340.314
119.097
227.437
101.883
172.55
277.868
99.3268
451.149
462.074
262.55
363.841
461.989
130.856
109.124
262.33
462.236
462.064
439.567
461.751
321.206
184.567
381.526
388.426
0.138364
386.513
310.177
12.2096
0.777378
300.9
66.0005
212.9
37.1625
139.942
16.8076
198.098
411.693
162.521
462.055
228.657
462.451
462.299
462.075
442.288
462.53
418.888
462.382
243.662
383.35
26.2581
90.9487
406.07
155.421
103.565
0.355074
391.56
157.153
15.2102
250.782
462.311
164.517
271.616
462.522
0.597703
178.838
445.251
296.959
220.177
294.129
462.058
13.3766
65.2535
425.864
250.701
315.418
429.62
258.824
413.23
338.063
179.263
27.0705
300.671
62.7698
221.575
249.025
206.389
9.87068
95.2451
460.122
201.708
86.4308
180.44
398.119
346.643
-0.0780944
292.039
0.16321
0.278947
352.59
304.015
304.688
-0.0247585
461.892
1.55597
462.076
335.224
132.922
351.124
131.601
62.1233
193.701
243.413
165.031
1.80851
358.738
191.313
176.08
461.5
338.406
128.578
181.559
0.02106
52.7201
292.446
135.21
157.673
19.0115
61.3555
219.226
0.117222
274.012
111.836
270.871
362.885
0.273691
41.3826
414.657
333.481
288.259
81.3686
41.6941
268.383
392.411
85.3943
37.709
187.756
462.41
457.403
291.528
233.371
208.126
0.112071
211.678
-0.0682155
376.584
26.3739
400.236
337.754
232.689
136.526
462.349
353.327
271.795
228.71
461.781
0.212313
460.685
462.048
141.839
258.449
269.584
325.979
-0.0576576
247.981
450.162
443.685
199.53
2.56321
406.38
202.594
154.273
253.241
48.1864
130.699
104.783
222.41
234.899
365.12
207.75
462.202
70.4503
399.95
118.612
337.628
67.7973
0.00281255
271.113
462.057
337.707
275.632
462.346
414.11
224.461
70.7266
103.928
84.1542
0.664576
119.739
0.561638
215.351
-0.301126
457.22
141.429
262.225
2.60347
267.006
109.515
461.924
159.16
96.2006
260.694
462.089
371.287
268.659
368.131
13.3173
169.279
108.359
315.79
186.358
32.979
0.0419337
1.80289
23.9639
207.073
382.009
383.257
123.434
138.87
120.837
288.487
151.309
317.357
453.691
312.821
438.454
60.1031
196.164
333.237
416.94
462.189
32.8315
170.077
18.6358
31.7196
355.052
458.237
109.324
269.984
131.104
160.172
453.536
195.581
150.118
220.702
312.512
453.973
332.691
313.712
93.1023
263.995
343.44
2.64711
459.717
86.1383
0.558505
420.139
433.33
363.899
215.504
274.136
108.636
142.158
444.751
105.096
69.5441
462.392
70.2103
266.814
113.916
320.676
329.155
318.359
48.0068
47.827
312.418
298.942
347.768
82.7359
225.422
3.92365
167.697
110.047
47.8341
462.322
0.412375
245.799
413.243
-0.081225
325.934
372.384
462.501
294.501
143.991
462.381
6.58771
136.249
22.1259
354.751
286.098
87.8239
192.2
238.125
461.889
400.989
461.514
194.864
190.288
318.411
358.28
223.36
70.606
462.137
74.8091
90.9015
294.245
440.179
19.5939
113.865
461.926
23.9689
0.724867
39.1706
245.432
0.54735
462.404
456.037
166.63
-0.332057
437.44
256.653
462.377
134.569
385.604
446.353
320.367
10.1186
403.031
187.687
0.0677223
53.7062
462.038
143.75
462.304
245.9
175.874
170.897
434.358
386.134
18.1794
343.439
462.068
49.2404
462.321
365.838
462.061
78.364
266.502
415.118
318.417
168.908
2.93022
163.934
431.514
78.5244
1.42599
336.203
396.102
132.71
64.2153
259.175
236.691
83.3632
108.079
399.537
70.6545
0.77638
347.493
0.301969
70.881
148.625
15.4681
460.866
81.0836
461.793
106.874
462.181
323.818
0.332848
462.039
30.4887
283.651
382.542
308.914
36.9974
249.057
0.346314
302.055
327.319
172.275
287.78
460.78
457.27
277.997
326.036
67.3899
227.27
461.329
123.52
392.371
225.228
352.826
-0.449214
269.314
0.147172
399.814
233.215
282.996
378.703
329.033
106.435
248.17
66.1251
308.989
267.407
263.765
462.28
0.220838
213.523
313.923
0.198589
159.423
358.434
28.8721
424.555
228.737
172.95
396.503
461.557
151.264
462.58
462.52
290.633
252.207
461.725
-0.738549
159.51
284.829
402.526
377.658
384.773
459.739
21.2308
273.061
219.254
253.967
186.726
376.942
239.929
158.451
301.77
386.646
41.9539
359.311
430.04
95.0147
237.018
366.535
320.791
59.0482
0.364208
223.948
241.405
37.6416
109.051
433.267
6.52729
116.562
141.79
38.4716
299.554
461.819
176.66
454.503
462.118
0.134087
461.53
-0.0209942
462.049
84.1567
461.487
462.436
260.908
218.083
201.474
315.97
364.511
86.4553
79.9118
275.23
349.355
0.0244641
0.54407
462.382
401.554
234.804
267.605
334.995
55.1152
398.608
319.057
462.361
155.872
414.776
356.667
0.434273
240.842
0.161583
33.9489
32.5234
351.256
-0.0254326
413.801
85.2915
460.585
48.165
419.854
134.062
462.035
423.846
461.932
173.665
461.895
258.88
317.745
0.36074
182.522
0.519044
357.626
410.045
95.2566
285.211
144.074
222.276
0.320324
157.896
461.968
204.704
275.354
263.37
193.061
142.253
457.26
220.168
405.568
158.932
363.715
335.744
189.07
53.4988
89.2967
138.19
319.608
0.317014
461.524
56.1295
238.197
0.426575
138.561
82.239
397.683
308.418
47.2702
208.724
58.5682
257.86
302.605
431.28
261.646
130.451
152.316
240.289
416.23
332.433
170.839
461.781
462.019
114.352
47.2102
202.643
319.111
183.913
74.2863
178.604
236.266
21.3321
462.057
96.6739
307.142
373.874
210.276
343.474
144.771
57.1419
70.5647
386.183
462.091
267.489
50.9615
121.508
-0.0342798
183.277
80.0312
237.585
41.9865
389.031
171.98
359.443
222.337
404.322
185.92
237.869
371.099
439.153
124.03
-0.226001
267.947
46.4173
398.173
301.714
0.872989
0.209379
308.918
232.528
424.716
292.324
455.755
372.428
299.35
34.3192
461.953
95.8279
299.785
246.008
357.786
260.834
0.611747
461.584
463.156
462.418
209.401
292.512
242.036
274.344
236.608
87.1173
249.569
232.206
389.292
274.648
12.7958
233.08
20.8636
325.047
379.939
375.299
462.309
96.9931
425.023
386.963
70.4814
462.174
399.386
462.26
4.30714
183.05
214.603
289.57
174.104
57.8638
372.582
154.094
387.564
86.2684
197.461
214.69
0.459316
266.775
19.1269
462.123
8.65762
308.656
462.127
436.185
278.026
162.921
315.265
91.3639
447.992
285.799
148.487
460.697
243.728
344.952
320.174
232.251
106.357
98.029
395.303
210.379
301.234
347.721
386.702
462.255
286.686
461.992
331.882
324.767
209.442
318.724
7.96914
236.334
343.481
414.725
318.415
67.8847
0.515363
462.524
330.851
138
287.858
122.374
437.317
0.0318505
344.234
215.73
260.318
332.644
0.431881
364.763
152.246
163.431
462.35
362.457
132.511
174.571
210.703
-0.184267
358.86
462.217
162.961
458.34
462.569
113.483
198.273
353.436
413.109
412.97
0.760556
0.214499
129.919
199.445
157.862
422.007
95.298
-1.08576
252.745
462.238
379.337
269.299
422.273
198.403
402.853
66.0392
1.52393
0.0665613
33.1091
383.718
424.146
77.4378
451.045
320.27
402.985
0.199559
303.565
90.969
298.838
391.628
392.173
74.4125
170.39
38.611
223.901
118.21
39.9167
-0.0364894
0.879174
171.458
266.205
0.491717
281.406
251.314
346.206
0.648411
461.784
462.199
230.378
462.345
226.384
427.788
218.737
252.049
121.299
0.511667
0.365942
453.61
0.229628
189.904
462.524
335.332
164.215
60.4863
245.898
213.896
268.45
462.26
343.498
0.241453
280.685
431.05
85.3486
243.574
20.5515
182.444
134.75
0.38002
267.549
0.726118
108.765
461.341
64.2157
279.965
431.618
179.227
194.038
217.739
190.746
-0.662186
364.41
103.055
462.442
350.919
262.023
45.6572
399.203
320.237
461.704
443.026
375.151
44.5793
44.8982
40.6342
334.537
462.171
316.88
0.519988
0.106078
-0.034591
399.459
94.0962
262.178
374.304
326.564
462.009
0.691357
303.975
14.1557
136.553
167.987
333.253
316.501
150.495
417.877
0.173512
59.0469
188.047
255.934
111.852
374.215
36.3291
300.947
264.191
124.012
462.085
296.202
203.177
449.602
232.549
206.701
85.4216
232.362
254.471
94.1129
327.815
432.235
166.25
422.77
14.0614
278.034
462.289
462.034
81.1271
212.853
232.2
316.217
210.343
415.6
176.942
411.632
338.541
85.1736
347.493
327.507
462.193
421.803
462.29
101.5
132.358
264.283
306.701
58.5104
374.281
261.969
197.216
462.204
421.529
461.541
249.695
462.055
96.3622
128.907
263.605
274.698
134.498
374.829
100.945
452.97
382.039
388.356
0.413861
72.9911
79.9417
-0.0931873
158.659
139.252
282.265
414.26
37.565
302.879
170.139
300.821
115.776
268.581
430.204
462.229
404.574
450.357
296.602
104.496
134.247
446.995
136.132
64.0215
221.33
38.4505
205.696
461.766
215.256
38.7437
461.585
314.935
342.767
234.006
155.893
223.727
151.094
129.074
232.494
132.816
128.299
126.76
55.8062
113.298
236.348
335.906
212.556
0.205298
462.078
178.452
361.378
136.112
0.451875
206.434
462.073
24.0921
0.441818
190.656
-0.143534
417.445
289.2
185.643
82.6672
91.8037
393.192
461.914
326.646
261.115
462.319
93.4552
379.204
0.492665
375.467
380.739
232.491
370.909
77.9423
50.3675
306.788
462.285
131.387
121.902
461.972
397.023
101.148
462.14
58.494
391.545
462.019
251.737
387.377
145.025
462.281
30.8941
462.031
401.591
254.268
222.517
462.049
145.601
134.22
207.236
301.781
233.022
111.646
406.247
422.898
462.108
-0.164303
280.516
136.304
352.986
341.974
0.900847
351.993
408.995
218.051
65.3264
0.103205
329.889
74.5097
198.304
217.999
249.095
367.639
311.081
370.737
186.647
197.642
7.59827
365.349
440.96
0.157883
0.430121
268.249
50.8184
0.646088
146.25
413.019
171.336
201.655
326.524
197.15
74.7325
1.86543
462.11
0.227446
0.531237
457.65
462.396
191.977
369.938
387.601
461.379
191.692
64.0976
448.838
126.895
105.991
42.7
0.176262
130.798
232.529
0.29298
1.42455
209.394
458.8
245.868
414.099
97.0096
170.505
205.845
389.377
385.541
426.798
457.674
47.0198
244.368
34.9779
197.464
127.2
0.915474
369.111
309.924
255.743
169.78
257.158
117.007
213.5
462.255
289.194
462.581
336.675
337.807
49.6099
1.32421
0.230958
276.264
128.234
20.0707
346.509
364.78
0.408836
462.081
462.318
324.877
69.1967
3.71784
321.323
76.2298
447.55
92.9772
137.391
319.68
5.0207
39.8723
404.097
232.612
154.709
164.499
261.371
401.749
329.069
64.6585
40.8183
202.288
2.41017
0.345803
157.283
108.218
136.583
110.878
459.939
462.405
309.075
390.506
281.396
315.335
134.533
0.206634
438.055
288.467
250.348
334.279
68.0679
403.19
0.489007
178.877
0.31371
461.202
240.572
179.221
9.40235
66.5813
0.411777
308.164
65.4489
281.9
331.427
437.622
461.937
331.9
421.91
91.4077
333.078
316.823
258.895
188.209
412.097
285.248
415.072
407.438
201.942
179.654
2.64388
98.6179
462.536
446.041
47.708
0.363105
273.892
0.878822
199.316
123.779
89.8894
69.7372
283.077
170.485
3.38777
332.454
136.669
396.561
54.123
172.48
461.822
0.454542
198.473
292.217
334.376
173.737
0.530446
94.3485
118.201
5.36753
57.6346
407.272
0.344924
68.0652
408.605
245.018
232.738
462.575
157.611
374.193
0.216365
429.365
0.336496
92.4423
42.8595
230.004
60.8546
113.478
25.2186
378.556
235.23
289.941
0.475022
224.406
0.471646
252.003
182.268
0.36809
0.393377
112.172
349.16
252.931
462.134
98.5261
20.6761
381.601
133.094
326.699
7.9987
245.514
0.396513
83.1083
67.4339
0.272189
351.918
213.905
77.2492
243.471
300.965
295.43
0.191285
404.31
259.776
203.808
351.244
211.549
0.474101
88.9327
38.9547
16.421
66.3936
462.363
462.19
462.239
362.299
0.0811832
324.645
186.82
339.947
0.580453
180.692
348.866
98.4846
271.806
293.375
462.401
379.535
62.7116
375.93
282.061
460.654
52.3126
424.118
462.211
3.73113
24.387
351.179
278.614
228.46
462.364
168.025
74.9464
3.5936
103.223
462.489
461.997
99.3228
420.603
372.006
0.294028
193.094
95.618
393.498
0.338766
273.816
413.242
0.539161
385.883
162.051
462.115
137.25
262.376
1.68024
452.196
157.53
-0.0819658
169.202
60.7103
305.824
223.55
377.276
374.677
315.835
139.794
40.5281
367.034
288.513
172.548
404.851
34.4051
0.252027
366.092
6.02368
143.369
105.379
252.138
375.55
420.508
367.003
268.266
285.146
181.496
205.978
145.642
462.244
401.406
443.455
462.212
462.385
71.5529
421.659
54.925
224.285
340.759
422.125
384.429
90.8157
117.332
0.111297
66.6693
92.4859
239.098
0.394244
1.67158
64.4465
36.6007
116.696
405.126
308.137
0.392428
335.595
461.878
462.323
39.7591
164.903
462.071
31.5395
97.8057
43.7712
265.749
433.553
191.287
0.412198
297.466
412.025
262.07
179.525
256.105
316.522
0.383401
462.557
462.333
449.053
354.395
312.18
443.267
172.446
436.219
86.4761
9.91922
136.482
121.348
144.307
284.556
0.056072
61.3459
135.935
408.826
356.608
302.684
380.05
127.471
297.521
462.018
443.025
354.244
337.398
214.198
259.261
396.736
237.934
189.282
112.956
359.485
245.947
305.07
91.7856
186.807
157.14
462.064
134.441
0.384593
462.004
61.6315
298.917
235.302
127.867
160.879
326.71
191.061
232.72
20.825
59.9324
433.432
0.657484
101.801
211.606
370.883
112.429
433.613
103.789
94.6153
111.861
462.443
462.073
462.09
273.659
305.773
249.733
442.881
299.852
270.112
34.9671
462.059
225.601
327.717
113.807
276.401
149.531
30.2495
450.13
331.653
337.969
364.51
215.605
379.797
244.189
427.265
18.9011
143.636
39.9071
438.261
59.827
273.83
462.189
134.584
462.2
462.178
-1.2401
461.289
197.048
180.913
75.9677
27.6447
268.014
77.4448
20.595
447.759
216.865
261.494
461.9
104.764
462.291
337.885
0.045167
462.173
269.17
0.898241
296.526
194.996
400.793
258.213
359.806
294.345
410.072
362.892
232.23
381.334
419.657
138.626
319.899
191.554
427.74
232.438
311.561
119.016
157.504
311.111
183.643
188.725
0.0968021
49.0143
228.149
364.25
73.7453
155.76
230.15
140.903
74.0886
213.493
94.8677
244.993
356.181
248.641
75.5518
245.927
76.3313
26.3927
59.3795
79.2206
227.379
123.81
11.4421
461.671
206.627
441.332
368.414
0.436918
408.215
462.099
172.797
91.9512
330.907
417.869
339.669
346.049
146.467
391.772
241.229
126.485
9.83843
126.031
0.57873
201.109
424.64
230.377
69.0903
462.025
381.72
84.9817
400.857
199.231
160.631
70.3704
206.083
226.857
254.467
119.871
163.867
0.145179
327.158
330.051
167.091
462.502
177.013
250.402
267.668
461.706
98.2723
23.9528
349.701
0.1951
156.885
107.937
348.966
65.9834
402.218
2.27085
363.462
406.307
462.133
112.015
0.107683
123.982
137.647
321.239
323.452
221.323
124.864
6.56141
342.018
65.8897
462.151
243.112
0.263537
384.97
8.6384
347.201
183.298
385.676
459.126
93.2427
261.034
213.91
146.598
341.995
179.268
453.322
314.747
0.642565
215.981
295.238
462.064
256.572
290.482
412.3
0.491589
160.742
230.012
462.078
349.921
0.581622
91.3493
417.498
-0.156513
11.2905
288.181
48.7378
0.106922
71.9803
413.797
373.523
156.645
282.635
-0.300133
19.095
232.136
462.416
462.33
462.065
371.271
0.132815
366.655
73.1938
271.314
39.5899
340.118
171.081
67.3301
341.145
201.999
1.25115
462.46
77.6798
0.460704
28.6401
116.533
46.0518
202.246
240.574
218.753
337.979
297.583
322.629
50.7187
0.584518
299.593
11.3572
435.78
391.748
304.354
462.301
31.0679
458.41
0.0378215
108.232
274.996
368.608
161.955
376.752
237.646
131.723
200.318
126.14
369.182
462.443
138.822
252.449
119.053
348.128
290.184
206.896
300.535
57.9124
63.9264
16.2017
462.254
58.0611
284.865
170.677
296.149
257.198
78.2298
11.678
146.779
462.065
462.733
28.1258
142.895
462.434
462.065
294.308
384.254
462.364
433.749
462.312
188.426
202.449
137.786
54.6972
122.091
458.613
298.825
170.312
0.459377
281.208
292.884
239.348
278.602
88.3524
0.666456
460.239
12.3407
265.719
0.0935713
98.0445
462.04
193.24
410.163
0.290124
131.895
462.018
0.0842803
29.598
282.888
438.844
19.407
-0.00712488
430.651
462.207
0.252824
4.30406
455.555
233.564
298.473
107.103
325.629
110.477
30.6412
38.0076
369.514
143.743
17.6102
170.568
31.8023
399.414
94.2452
367.871
235.313
85.2001
46.5387
144.043
232.555
426.211
462.507
315.25
304.705
316.178
123.771
461.449
462.78
55.8253
327.264
461.802
259.782
418.059
96.1816
150.942
120.599
406.372
201.497
389.482
39.0056
322.583
404.96
89.1162
0.218089
462.571
461.892
102.803
415.072
305.945
360.576
49.0841
322.645
0.393439
168.494
0.216152
462.576
1.10538
61.0386
249.013
348.983
0.61876
288.27
386.812
315.049
146.338
115.826
53.9502
56.0067
229.477
444.997
158.4
423.849
461.614
62.9192
462.187
277.819
275.908
460.535
-33.5165
0.241374
140.158
299.636
197.987
251.582
455.526
462.404
131.353
51.5393
353.427
462.492
80.2044
462.269
240.503
320.271
89.8707
0.537902
54.9025
291.199
0.366188
220.156
32.3455
177.753
180.593
462.51
253.784
451.609
144.958
391.212
374.39
81.3533
141.002
191.09
157.693
225.211
452.382
462.217
0.458761
428.523
228.236
59.6235
452.759
34.5189
441.894
452.218
389.645
321.942
172.789
74.9955
265.622
264.19
272.072
216.541
81.1211
243.76
92.9241
0.398573
462.362
454.938
27.0098
0.388724
234.256
198.256
288.525
0.353543
0.562424
462.439
311.955
257.233
204.9
453.208
262.722
363.402
161.726
7.546
296.853
446.075
121.6
60.9646
247.814
243.607
22.0856
64.2589
294.699
462.464
207.442
275.406
462.653
213.765
327.223
145.344
351.189
0.931331
85.4857
285.342
123.175
123.834
172.046
424.154
0.548978
244.959
461.455
335.483
282.539
134.944
-0.101756
453.693
44.1335
461.78
14.4015
462.473
32.8404
0.421492
135.221
415.071
0.242175
0.498135
190.068
170.187
0.0688843
462.387
410.59
407.723
259.495
27.8348
85.0905
462.274
383.466
460.967
267.365
38.9988
430.807
381.764
462.242
338.661
362.648
413.298
247.982
226.481
347.773
355.978
155.184
272.25
318.28
170.986
348.011
279.304
461.972
351.693
91.0918
333.779
184.972
0.597657
450.074
17.5231
359.938
169.956
38.6217
141.023
0.168755
203.67
374.387
1.0279
278.059
234.425
92.4445
5.50604
347.215
462.057
457.887
158.643
333.262
0.351835
248.025
32.9335
10.709
402.276
363.646
116.713
167.336
11.5115
136.55
381.447
275.099
107.653
461.773
250.797
298.587
209.399
-0.249347
462.21
462.097
461.51
462.376
86.7369
58.7188
212.009
55.5299
460.851
137.984
253.215
219.418
0.104663
462.043
358.672
129.13
44.5641
461.882
258.522
353.09
307.538
409.496
462.2
302.535
398.371
285.738
411.696
318.297
430.091
0.247278
307.38
359.82
228.023
236.493
333.405
26.6722
250.449
232.251
168.62
418.2
432.412
244.787
14.2256
69.5442
109.336
0.359093
299.478
30.4843
242.913
461.787
213.619
242.268
443.841
462.663
0.299794
326.109
308.355
224.678
263.316
315.371
441.318
8.70655
461.805
134.691
450.846
360.407
320.081
0.101746
101.353
126.956
0.136863
0.616914
437.896
78.7105
369.055
66.0381
0.639814
26.4521
258.362
346.577
220.461
271.571
0.460198
200.562
359.957
462.225
0.120732
0.739531
331.958
11.355
462.103
322.714
188.814
287.023
264.66
384.145
68.5627
401.629
111.128
0.381558
462.03
462.303
392.33
79.6039
98.6652
163.474
245.519
164.873
290.002
462.29
276.836
387.438
462.106
286.825
0.362889
462.419
206.963
318.301
378.306
170.348
103.4
299.302
36.2929
67.234
423.482
123.679
0.189389
356.404
203.48
331.655
364.068
138.128
167.335
278.797
380.36
193.98
158.172
16.7345
156.623
188.84
209.366
142.169
133.204
175.411
330.457
462.276
337.417
307.82
0.821001
332.365
241.513
309.751
144.156
282.04
454.699
462.351
106.79
462.404
364.265
396.631
0.294808
138.894
40.6599
366.952
44.6197
0.450695
91.9275
356.371
347.554
462.046
396.842
366.398
1.23111
387.907
0.413265
293.232
224.264
12.8216
242.802
462.339
29.812
220.749
434.513
277.995
411.194
141.439
232.613
0.978727
94.034
285.507
121.51
266.476
87.6588
48.1766
0.270056
127.004
356.691
-0.20183
148.146
330.973
202.486
0.426194
358.88
462.192
42.5003
214.98
353.461
123.888
462.294
462.264
71.7139
0.675649
372.562
448.993
242.534
321.982
0.534744
195.711
0.555783
462.447
196.28
305.127
459.592
411.677
20.9296
409.16
76.9081
153.691
8.07064
81.8907
301.231
409.15
290.429
343.593
313.366
237.116
345.381
166.29
53.0499
349.37
126.262
25.2322
226.37
300.316
0.21765
340.846
204.116
462.338
462.402
90.7674
355.553
379.617
0.111898
0.469849
227.616
462.024
385.893
0.378111
223.842
0.792388
334.929
84.7553
317.894
357.767
137.573
432.742
0.744737
287.205
13.4657
146.132
462.546
462.41
12.0206
462.081
427.979
153.324
426.663
150.551
0.428028
0.510433
403.454
462.062
188.275
232.917
310.798
282.78
428.227
202.459
461.923
179.323
461.801
349.164
321.704
404.113
111.567
462.12
418.954
165.746
226.166
42.7594
319.778
131.687
454.814
269.615
445.893
387.71
277.217
3.2541
170.48
345.571
0.155121
28.0253
123.317
273.311
286.424
460.708
152.065
0.511018
395.608
142.378
252.374
338.145
365.846
281.045
418.331
224.457
286.646
244.174
239.016
426.561
281.788
437.339
2.8181
163.146
436.293
5.66165
462.1
92.0479
113.612
197.706
-1.7335
363.22
0.325967
22.9939
128.78
140.457
0.985693
302.117
117.526
0.49672
379.172
26.8637
65.6684
115.66
0.48869
388.9
0.506019
413.952
307.444
93.4698
461.713
165.933
378.028
170.464
462.608
355.547
456.427
393.284
298.847
371.318
0.704072
380.223
264.927
262.192
74.9731
313.521
315.857
46.217
68.4202
289.365
42.8029
137.365
318.458
77.9415
171.128
0.421342
178.687
109.636
431.035
462.11
314.415
227.244
190.721
0.475899
0.62351
395.781
29.8735
267.517
462.436
365.263
107.436
167.09
0.483166
236.7
0.477699
0.279226
96.0447
360.203
461.894
32.1871
365.802
462.183
402.497
462.161
122.168
0.0581032
86.6842
416.711
440.058
112.304
462.468
275.863
324.609
0.208026
207.897
78.9901
462.184
0.288702
77.5377
402.212
219.863
346.413
67.7736
19.0455
253.011
420.275
353.453
295.065
280.616
201.653
462.086
230.048
151.439
321.568
462.675
400.447
404.277
309.265
237.777
463.336
321.686
392.113
142.38
108.579
81.668
407.868
142.254
382.168
230.641
462.234
268.51
137.346
443.069
244.39
46.8976
462.964
451.322
0.653323
193.369
409.485
364.425
343.318
73.1015
292.272
198.166
52.7112
313.749
109.609
0.2261
367.179
452.404
84.307
461.909
10.031
261.156
209.767
430.617
461.989
461.562
113.089
462.394
5.54798
462.398
159.514
81.4527
291.187
87.3239
74.7337
421.643
212.038
1.05557
415.371
3.21929
388.407
391.031
265.292
362.34
160.141
400.294
382.489
262
0.603275
186.569
106.083
422.051
337.333
462.316
343
400.716
260.077
462.085
462.453
314.868
431.85
462.28
429.973
158.68
361.175
0.207097
105.797
355.428
405.7
0.191018
191.071
232.765
0.351799
399.902
135.89
40.2392
461.913
280.6
462.08
286.785
361.968
459.204
347.726
0.304473
462.138
462.043
0.726234
347.199
426.065
136.442
142.275
0.262666
321.276
417.442
337.507
462.354
310.009
462.187
246.87
220.826
135.992
259.826
332.88
236.921
461.924
438.172
456.31
77.4066
75.5956
231.268
461.934
171.876
200.955
201.487
462.36
58.3793
163.294
303.991
193.708
182.718
3.57887
306.943
345.528
84.0101
461.195
375.748
162.841
176.25
187.062
203.24
247.403
319.693
97.8772
25.0158
313.362
169.354
0.717038
194.525
339.379
461.927
0.744134
172.498
-0.0120925
321.733
450.941
39.532
266.584
126.399
205.555
214.069
434.584
337.107
310.076
125.43
271.54
232.219
229.706
27.2391
315.571
436.852
0.618167
89.1154
411.863
0.442369
321.889
381.332
286.459
0.202254
326.128
281.963
268.666
279.263
314.375
148.833
112.934
462.139
90.552
128.726
0.274778
43.9454
377.21
246.608
462.37
197.08
0.517103
237.057
304.327
253.085
109.886
148.824
334.522
219.996
148.08
0.899565
0.405465
49.8614
360.052
121.984
84.255
189.929
19.2848
316.218
215.9
0.464157
276.377
239.394
0.413706
37.2526
461.453
256.159
39.7558
211.546
334.932
301.47
199.823
441.403
130.255
452.303
24.149
169.043
422.795
419.295
384.959
158.752
461.171
70.4995
66.0489
247.536
462.168
13.8356
384.907
462.357
455.306
108.704
429.395
0.333694
408.585
137.642
137.625
342.646
102.809
276.061
350.527
439.23
368.585
462.291
183.497
370.307
219.659
0.481966
461.984
61.6024
246.988
22.3543
158.076
0.0818369
151.746
202.832
462.252
265.249
326.207
88.992
462.496
0.679724
234.505
322.526
462.375
12.3087
286.148
462.541
44.6162
2.89349
0.0109702
0.475059
279.756
326.872
126.732
153.078
0.415811
412.906
0.67278
19.3336
-0.1055
142.451
461.891
182.708
176.592
207.786
0.0102058
100.308
362.958
381.412
304.043
0.664625
56.9959
1.38733
388.674
110.692
301.128
462.47
384.417
169.477
457.178
416.999
0.175445
323.474
127.588
394.646
0.603721
83.2321
448.928
394.028
222.252
-0.0750121
462.016
198.438
168.765
429.486
0.230618
291.598
237.358
0.23962
59.9455
2.77598
202.844
291.135
212.341
423.228
84.0562
0.908085
390.131
394.065
461.758
0.247992
71.975
461.683
0.535529
154.548
131.605
424.851
5.82671
392.985
137.087
326.568
457.626
107.984
462.302
99.9591
462.225
121.34
99.3346
26.6276
419.145
462.056
325.956
0.492
182.173
232.653
347.552
0.841123
58.1077
62.3764
334.082
188.017
350.394
376.143
462.329
168.488
303.406
315.631
315.708
462.442
0.441903
90.6323
274.337
353.975
74.3236
461.485
160.679
52.3021
462.075
211.716
322.242
229.899
148.068
293.302
179.014
240.884
339.949
433.522
368.484
120.969
44.7822
339.017
277.081
-0.0353067
1.37681
462.528
405.474
187.61
234.34
40.7871
237.458
267.898
370.92
6.32735
9.20356
60.2188
1.44589
0.617454
186.331
430.179
0.109101
208.594
186.99
10.9331
288.162
0.608706
462.261
414.587
428.65
154.62
0.0992055
208.481
205.837
6.14448
0.565652
369.535
0.202616
354.751
125.817
0.313033
462.145
87.969
447.073
405.008
74.1471
158.335
376.073
462.095
295.431
312.471
462.279
40.0002
201.327
341.845
462.384
454.843
294.683
462.116
351.865
259.014
94.1645
462.149
238.733
83.3296
226.573
316.847
462.173
5.16091
145.447
-0.237877
462.157
32.8338
57.2096
427.46
355.939
249.395
330.571
197.168
175.083
6.51684
390.598
353.429
109.684
416.185
335.399
0.183349
461.925
371.808
185.109
351.749
27.1815
152.246
143.852
150.017
2.07005
436.61
172.195
101.553
89.1841
449.398
187.81
462.244
208.733
98.3203
54.4967
0.608744
332.97
462.422
353.221
124.976
179.933
272.047
244.069
462.055
297.558
224.632
33.1451
267.598
342.255
438.682
126.398
462.185
308.148
7.23908
299.524
67.5375
0.0696053
217.489
248.57
387.77
169.787
337.459
462.064
461.757
120.042
0.460372
358.375
418.707
252.435
330.383
78.1599
0.189801
460.103
230.16
319.915
-2.58561
378.874
22.6848
313.278
267.858
461.779
76.6171
57.5491
230.191
461.472
401.678
376.565
442.745
317.431
161.463
280.718
314.804
401.536
344.398
188.73
222.443
89.9931
462.122
60.1073
0.238399
177.087
462.041
5.70077
462.095
419.434
124.069
265.118
323.152
292.345
29.2115
228.593
123.055
428.823
324.646
143.601
298.597
234.424
310.807
40.079
195.155
0.222009
416.006
61.2675
240.167
462.695
315.976
213.131
188.511
348.545
462.315
270.549
406.923
417.411
243.952
0.910711
203.556
0.482852
85.6112
87.8168
453.016
173.288
0.202316
462.063
181.768
197.117
216.702
282.261
232.427
139.452
258.763
462.266
205.801
422.19
350.662
204.356
394.325
334.483
112.536
227.642
75.5331
348.683
0.451558
70.4816
171.038
462.108
248.362
256.45
338.862
461.855
1.06828
137.762
395.074
147.725
387.543
288.268
40.7039
371.118
0.287986
123.093
121.744
202.112
0.0527303
328.947
106.47
142.744
172.688
461.872
357.184
78.7554
422.825
237.412
382.651
232.286
37.1919
462.032
246.431
60.0104
25.4664
396.021
259.041
332.33
28.5365
238.666
0.313168
54.6773
338.921
170.587
309.518
88.2399
301.518
93.8301
37.3387
141.388
462.247
161.478
228.713
222.398
73.9045
100.113
426.698
462.058
241.472
225.979
178.102
181.577
64.9014
57.8918
104.647
334.483
5.40671
267.811
462.395
143.672
462.322
266.047
126.634
211.242
52.2563
259.66
368.331
288.068
314.995
383.74
406.837
269.332
405.195
204.686
462.039
406.917
17.2196
76.6483
251.127
0.47407
314.882
456.867
358.262
334.634
252.352
342.31
99.4579
-0.150449
18.7393
266.641
394.151
270.185
120.45
149.652
455.829
140.336
99.9801
462.226
22.06
357.638
213.148
462.128
273.93
323.143
384.149
413.494
33.9364
444.359
77.7451
400.558
62.7178
212.868
108.552
0.374751
0.359922
306.196
462.732
102.172
317.766
33.7502
202.951
281.494
243.399
212.894
429.19
249.666
8.32731
180.918
437.481
180.56
193.734
261.787
266.609
144.426
357.228
0.0673162
330.552
208.785
66.3868
0.213561
462.097
175.709
25.6708
197.353
279.147
285.036
53.9055
93.9738
7.85366
0.30961
11.9513
26.0143
253.23
243.71
321.328
448.253
450.033
175.262
142.736
461.657
356.95
423.44
397.531
193.638
232.55
156.162
173.647
5.01156
185.421
17.3514
263.277
49.603
257.623
275.968
41.2613
298.647
462.312
194.568
398.314
0.409256
87.3361
225.879
335.499
-0.200206
14.0496
258.784
461.608
253.572
431.069
116.943
314.025
192.138
0.514409
461.926
315.487
330.124
257.31
46.2265
177.704
127.788
353.026
267.397
461.984
0.488145
354.728
0.149375
112.205
462.056
186.99
1.38987
0.238139
83.8646
378.253
55.0434
0.112433
356.49
91.3094
294.027
210.124
156.887
154.333
-0.580689
103.127
462.421
202.836
0.395621
462.275
44.0484
18.2685
236.353
293.738
66.2045
102.448
-0.0137973
0.64501
0.245144
408.831
-0.0724875
462.111
461.518
247.852
0.177801
446.258
203.421
0.411165
161.518
250.606
200.812
222.391
244.791
232.08
57.1774
105.415
224.998
55.4193
293.122
145.428
0.0816771
350.486
314.272
192.426
0.0673878
31.6631
462.063
361.965
328.299
436.129
196.515
297.978
0.260799
270.447
264.882
334.451
353.579
1.40359
86.8772
0.126362
98.1194
65.1934
27.385
462.32
0.890391
268.162
221.094
232.695
318.631
206.027
0.622041
128.753
39.858
65.5261
17.5469
180.5
143.294
158.253
244.857
460.538
116.579
403.677
442.835
-0.167064
165.84
124.042
66.2809
461.898
330.844
0.201154
439.496
306.552
462.338
264.626
275.513
290.782
145.117
225.178
0.187299
225.728
0.807717
195.048
310.291
172.324
104.318
16.9245
334.058
359.562
213.984
57.3478
4.30087
419.803
404.595
385.548
236.324
319.525
204.808
29.1879
153.489
239.763
322.485
461.922
450.902
0.348002
212.845
22.8457
462.044
175.082
286.951
157.06
108.607
126.81
461.892
4.75341
47.4763
461.934
462.331
462.055
234.303
198.834
462.093
462.316
75.5404
222.503
349.657
320.288
0.212764
226.371
308.057
462.515
204.221
65.1487
360.938
376.315
208.443
303.691
5.42663
408.759
246.226
165.404
103.187
25.4016
0.238454
67.5451
58.5491
56.8358
390.687
18.7252
268.865
0.387731
0.276126
111.565
0.271127
461.831
13.949
232.676
86.8146
462.581
40.3525
106.824
394.002
107.962
51.0138
34.1052
239.061
462.468
263.684
208.672
101.969
57.0462
152.407
462.274
462.531
388.8
1.54155
367.875
160.14
355.143
462.444
297.063
158.898
413.026
1.09062
161.587
462.121
0.565612
289.896
459.658
0.239534
263.177
247.97
462.195
287.448
98.1005
101.787
360.418
440.935
297.361
163.543
350.806
5.5421
337.002
15.981
298.354
1.43936
0.619587
408.726
369.918
126.13
462.188
461.92
0.113514
232.5
48.1034
388.031
365.97
217.986
0.250097
165.164
0.077369
353.366
365.473
373.51
29.466
0.518497
18.4663
200.263
174.338
173.829
450.986
360.437
308.54
405.576
110.072
462.319
180.313
362.554
123.447
38.7237
293.569
97.6072
-0.0962718
172.492
337.815
304.886
375.35
243.639
462.123
31.3174
328.76
215.025
461.664
106.588
462.55
162.643
400.116
0.226113
353.984
324.461
24.9445
62.7018
323.845
85.2279
439.228
274.448
0.332051
2.50164
194.193
462.276
237.344
293.332
155.936
462.239
345.712
462.046
293.607
265.052
8.11859
401.732
233.647
116.88
245.372
137.745
180.388
334.874
199.882
51.1844
204.847
0.343183
125.851
382.997
0.820462
33.3476
128.352
462.332
270.992
462.324
232.488
88.0551
373.878
425.549
50.8972
154.21
2.04492
462.275
324.644
131.903
173.249
215.778
0.532193
362.267
276.113
79.8431
335.287
462.053
403.287
462.02
459.073
42.5638
462.077
164.3
178.041
61.426
203.301
22.7614
193.172
433.909
111.559
423.658
49.5473
302.108
416.793
0.07134
386.755
366.516
337.9
164.829
263.285
440.246
22.6201
212.786
364.165
252.699
439.334
0.57411
0.225179
190.246
17.7757
413.079
0.33513
124.18
77.3508
462.132
149.903
75.9361
0.142235
145.227
92.3652
150.252
462.244
287.954
65.923
408.596
36.703
0.564828
1.95533
430.674
360.003
461.861
154.883
462.39
257.994
0.221268
0.00889939
317.159
317.957
201.454
406.903
124.337
443.844
425.379
167.546
56.2981
71.4379
369.546
-0.189185
131.869
188.213
0.59119
266.111
92.6743
381.56
10.0784
228.753
193.817
156.777
55.0843
378.193
395.417
300.792
17.2115
417.869
221.983
33.6748
452.118
328.593
411.035
85.4684
306.99
242.832
352.685
389.878
109.807
199.173
215.682
101.171
203.18
232.263
104.217
429.154
119.259
288.906
153.777
461.571
244.989
262.739
381.028
190.079
212.235
289.051
0.0922253
0.455027
420.233
462.309
459.572
0.196888
411.135
396.361
444.533
132.391
455.585
4.95006
462.196
246.894
79.0909
112.374
212.416
261.633
393.72
461.682
462.018
287.275
328.41
4.27736
351.668
184.976
462.374
391.744
314.093
48.9013
406.384
413.374
413.716
20.4456
430.635
380.453
149.343
77.0945
247.875
282.736
353.003
0.378961
183.1
146.747
49.2018
162.773
109.242
392.095
305.531
192.835
232.577
-0.104722
0.108437
187.779
0.456452
414.113
278.566
462.512
11.7193
124.548
462.307
68.3986
370.271
239.899
0.45987
0.427749
416.64
262.294
443.57
73.79
21.5199
245.617
405.639
1.03228
0.40553
284.712
462.389
274.718
212.048
1.24442
415.223
230.167
365.882
139.496
324.402
420.137
82.8934
99.47
462.094
108.987
336.552
459.93
311.179
190.7
432.009
434.603
166.124
264.101
190.314
329.507
281.653
235.786
462.292
173.368
159.058
399.227
407.818
359.419
146.87
15.9999
269.625
334.086
434.949
103.549
71.2551
284.95
159.797
335.763
176.491
410.658
435.751
319.188
74.6163
220.257
157.515
323.178
110.919
441.351
180.845
462.636
89.0463
383.359
462.263
462.541
133.738
442.839
237.813
56.8472
123.14
371.298
194.623
351.864
217.98
286.487
92.8188
105.72
13.6412
142.22
236.807
368.237
124.236
157.174
313.159
407.94
325.405
461.755
462.474
431.148
462.042
321.665
371.442
411.869
0.753233
170.144
360.855
410.517
322.571
0.308364
364.242
461.609
278.643
124.097
137.857
450.282
393.542
250.003
0.780915
178.027
272.179
462.148
414.836
428.886
221.103
313.697
462.251
461.893
240.387
82.2977
344.83
462.419
462.174
0.50662
24.1928
201.495
201.447
461.692
340.651
429.78
166.936
94.6007
282.006
16.1034
164.251
225.795
201.464
0.460121
462.138
95.4371
397.492
174.47
97.1581
227.838
252.811
0.177897
121.736
0.402971
119.237
182.308
205.323
142.551
181.206
225.958
116.753
204.514
105.413
77.4425
222.932
346.082
361.007
141.352
0.379283
461.995
397.7
0.0852685
234.931
-0.0342634
58.6136
153.98
59.6671
99.6923
0.99527
0.453056
23.573
56.0912
64.1296
277.649
442.586
290.76
374.266
438.016
93.8901
403.188
167.279
253.512
462.474
280.798
242.374
391.045
300.541
429.435
413.392
3.61343
326.999
2.82011
348.378
413.504
376.449
462.108
290.169
192.704
374.745
306.421
136.58
-0.130026
414.824
249.703
305.701
235.3
19.2099
254.311
124.229
0.447302
400.568
125.249
461.974
230.014
161.559
0.316555
305.215
301.935
114.854
-0.232946
179.552
192.793
418.323
464.076
26.875
462.071
351.488
179.652
0.227143
0.675759
192.268
225.21
200.438
282.354
99.5386
346.1
89.545
229.861
124.212
410.921
0.0725581
175.799
9.58457
159.495
415.741
444.741
275.902
462.004
461.873
462.66
80.2379
85.7443
381.155
274.426
143.171
0.0510871
441.692
299.034
140.127
462.393
118.254
24.7786
161.748
265.103
221.359
78.201
9.09435
423.295
203.951
168.785
166.172
121.724
37.5791
265.556
48.6653
18.7645
44.919
462.031
366.076
0.407624
0.429971
462.101
138.912
61.7425
352.438
362.79
135.187
462.201
267.139
14.7716
186.999
245.728
331.63
388.859
147.543
265.009
440.823
149.118
461.941
443.687
246.521
460.713
0.740729
299.981
352.901
462.36
436.82
372.027
62.3739
51.7217
400.447
60.1772
88.5013
160.567
6.54302
99.8777
275.765
351.325
166.825
398.068
418.534
439.499
-0.00733316
199.499
0.387832
414.73
238.485
60.5699
294.393
294.643
456.495
192.904
432.304
152.082
0.406622
0.602921
302.915
398.313
0.410647
462.255
150.878
53.6827
428.745
462.398
389.057
262.5
462.211
462.077
0.21194
86.7355
414.482
146.257
432.823
188.867
192.918
197.679
178.991
234.561
400.189
273.123
243.114
93.8357
95.0928
-0.117541
135.516
341.532
307.63
0.378269
150.578
448.27
253.813
0.517341
0.438786
89.5353
258.051
250.568
139.588
353.29
123.888
237.879
462.389
57.355
1.46809
66.6739
203.868
221.987
96.2085
241.949
391.539
2.83565
232.208
410.054
375.241
130.213
190.619
324.486
173.22
161.459
126.453
64.2909
195.782
248.839
-0.261542
364.94
282.344
-0.0422815
166.527
361.718
48.6075
82.8357
0.19865
184.24
462.036
44.0837
462.32
220.857
172.253
224.109
462.179
315.739
0.78069
440.088
82.0728
138.037
176.472
341.738
352.408
91.8288
127.149
284.538
0.0524551
396.489
159.091
447.967
0.452275
266.639
420.091
113.722
462.245
150.834
401.636
462.029
155.854
142.204
0.0647136
77.4048
19.6099
350.259
30.6611
254.998
152.719
94.9387
9.52541
0.459932
161.649
462.011
311.073
0.316136
309.718
298.333
53.534
361.026
276.632
62.297
418.303
20.1881
0.595908
259.743
358.474
292.422
341.004
461.796
125.016
419.672
325.376
35.3695
219.061
232.521
185.058
130.524
451.107
84.6524
53.9544
451.981
462.17
283.792
240.558
348.668
362.817
433.829
461.303
336.238
74.8208
61.7176
183.664
342.137
144.473
269.374
126.34
462.314
137.3
39.5013
0.565626
269.069
255.798
255.056
325.823
205.963
462.058
462.467
155.874
0.243855
346.897
277.599
448.471
361.682
460.871
225.683
0.322282
81.9573
462.48
165.345
449.273
0.734005
101.013
454.307
327.834
354.096
68.6037
163.866
461.824
273.685
366.053
0.17574
346.174
78.4359
443.143
298.757
462.577
272.022
14.4586
435.203
462.339
300.562
462.095
7.98273
462.432
95.294
462.027
314.196
324.671
423.262
0.44819
234.445
117.655
171.556
145.022
309.223
355.454
309.774
127.991
292.756
2.30655
281.942
160.417
1.84072
398.363
217.526
0.431925
461.962
401.669
0.162833
402.562
148.997
241.541
149.035
226.933
461.939
265.829
303.03
143.68
157.588
15.5127
263.19
297.119
442.554
209.353
123.636
132.834
78.3199
420.915
286.325
3.71061
389.236
393.71
146.864
125.053
42.7499
269.898
33.7623
147.229
391.042
461.993
78.3399
0.610478
385.798
462.061
0.221722
98.1432
3.05165
77.4695
162.744
462.192
-0.148084
26.9934
65.364
272.718
462.315
94.4635
385.154
178.603
199.97
281.787
462.573
135.522
162.666
0.0491654
392.829
35.9588
297.912
370.352
335.858
160.542
196.428
463.791
119.773
100.731
25.7016
415.569
367.171
3.29518
1.72481
229.178
172.576
131.59
461.356
61.357
461.75
344.884
0.354684
298.782
343.199
0.244561
159.35
70.7335
338.364
147.384
387.048
118.794
0.0148511
402.79
255.147
10.8592
337.423
255.888
286.374
0.426673
17.9132
330.766
92.1719
124.067
25.5715
461.972
10.6411
238.784
-0.2711
430.256
0.0724627
287.851
460.733
311.159
172.545
0.186571
111.435
139.777
55.3608
462.316
298.157
143.355
382.824
117.079
461.932
28.2466
158
316.187
329.94
0.192062
155.418
445.73
97.0431
456.177
273.873
407.632
248.619
0.296824
462.004
346.12
287.963
133.557
0.251519
254.654
165.4
372.971
93.7174
106.749
241.169
0.463208
280.633
1.68806
0.753994
232.158
0.343244
221.358
381.971
27.4718
462.212
186.968
155.166
360.992
0.215128
67.7333
200.72
56.791
60.1419
263.463
0.0203638
187.569
81.9299
462.284
0.45636
403.785
-0.202127
462.391
371.42
297.428
169.734
366.302
432.181
0.400767
317.012
46.7536
462.032
113.117
419.68
168.542
434.738
399.125
79.6463
64.2814
96.7265
412.857
116.172
444.543
133.338
402.201
71.6762
158.463
427.372
194.38
462.074
115.617
261.42
244.526
0.493877
143.892
10.7456
429.941
0.195518
432.694
47.0566
58.3126
15.8762
146.028
224.117
345.088
155.963
141.071
462.523
186.198
334.515
44.924
98.4402
232.889
451.888
68.7924
265.128
140.722
355.853
213.25
378.281
462.139
462.493
110.352
-0.0720972
375.375
9.8184
135.298
362.067
314.806
462.342
294.632
148.823
0.215957
285.936
353.869
80.9278
73.5675
224.764
139.167
17.5249
461.964
237.148
286.337
1.5497
422.271
226.856
0.111216
93.4846
53.4634
366.044
23.7169
17.622
184.734
178.852
2.78972
330.521
404.452
239.376
36.2108
49.4793
53.6295
242.128
462.184
210.786
200.537
209.799
461.833
408.715
409.075
174.323
261.757
462.535
392.995
333.498
462.198
207.349
97.8423
381.765
392.516
385.006
294.045
30.2948
283.742
387.173
233.782
68.7161
260.902
1.29201
461.861
8.85755
0.466863
54.7367
257.693
297.933
393.704
329.237
295.145
48.9715
161.176
0.178595
313.539
265.354
286.325
190.507
462.315
79.2071
462.76
341.463
453.276
84.6831
320.751
18.3767
276.983
365.033
128.893
448.769
290.638
132.884
441.47
175.005
5.62179
129.952
0.518831
0.507672
462.179
216.323
175.642
412.091
375.484
296.453
314.339
453.934
55.0447
431.296
53.0455
386.877
414.408
462.281
0.277245
461.961
291.818
268.044
149.397
228.574
396.131
462.213
39.8801
149.513
304.56
135.41
462.316
232.36
172.946
0.793747
176.656
53.1505
200.166
0.242864
370.96
175.66
462.09
127.475
8.74384
157.584
424.627
0.892957
299.625
388.606
285.609
384.396
376.549
279.635
462.149
0.488939
378.975
168.387
329.608
137.906
232.391
177.17
18.0843
0.490077
391.306
330.857
101.336
96.6491
127.538
183.985
33.8609
0.656962
440.681
3.49677
132.817
344.667
166.826
460.714
461.741
111.162
170.776
128.121
462.499
339.931
54.984
328.6
462.241
184.235
461.829
31.8053
462.136
193.693
282.189
259.022
107.77
67.4019
260.555
160.472
140.886
36.2236
3.48072
58.32
181.059
158.523
345.099
274.629
246.487
84.2142
1.30067
220.778
141.096
462.428
348.145
125.41
298.203
462.513
462.458
284.224
186.769
461.803
375.026
305.441
391.385
54.3237
260.425
0.492374
232.365
250.331
0.453252
399.161
237.747
462.752
396.3
135.867
232.031
298.859
106.148
174.132
20.434
0.116711
19.1387
0.467869
370.291
347.57
93.6097
275.617
311.512
359.89
119.012
0.375249
277.089
20.7038
131.578
338.81
183.305
162.811
0.509217
129.449
320.674
348.593
462.148
174.164
229.799
459.228
181.3
462.193
324.488
280.677
149.997
0.341932
388.716
201.669
446.04
99.6211
357.472
395.108
462.439
35.8098
462.387
201.275
462.298
301.961
276.849
0.180124
0.506319
462.383
461.982
0.269535
423.098
293.874
359.716
455.742
150.08
276.665
11.186
315.397
223.213
99.8814
16.9544
403.904
346.418
0.496663
301.141
358.721
115.845
398.396
285.196
462.486
241.803
120.484
100.415
0.547461
0.336054
306.562
160.314
376.575
6.12676
431.374
253.595
332.437
187.001
462.053
285.508
0.398209
131.219
235.057
240.295
407.686
462.426
454.891
256.053
461.962
404.919
21.3217
0.598557
462.499
462.185
460.531
464.791
328.818
118.54
192.42
379.1
462.647
361.552
155.803
0.843373
27.7718
0.76987
-0.0137191
186.148
462.416
462.318
460.658
373.49
462.363
297.544
0.416579
70.9977
2.30182
446.94
271.478
462.164
330.078
139.725
177.851
325.359
133.481
462.265
462.357
104.422
28.9919
367.874
171.506
84.1541
346.786
462.401
302.188
311.248
462.17
42.7495
352.572
232.694
324.866
348.508
346.002
435.561
462.352
446.022
223.06
407.005
458.859
16.5529
56.064
462.649
162.683
257.695
101.42
229.917
167.04
390.809
279.755
274.199
115.159
310.323
351.912
63.2799
150.836
286.434
206.522
189.769
168.79
143.118
143.876
62.812
-0.0568589
15.178
56.8745
462.236
184.982
436.907
407.794
349.622
299.95
123.606
409.125
401.268
99.4016
421.303
45.7444
167.234
6.28011
152.244
0.550522
315.381
109.021
281.22
205.911
247.546
84.0855
323.245
245.849
318.539
451.194
167.899
434.623
128.873
23.5713
26.1876
282.209
-0.021117
342.454
227.073
279.288
15.636
170.55
0.175019
412.549
340.862
316.913
0.762474
222.789
0.525364
462.034
295.985
216.831
204.364
133.533
462.027
411.176
0.478539
461.83
58.1735
312.636
249.435
49.6344
301.152
256.142
301.466
248.926
144.644
35.191
87.2045
461.944
221.544
286.953
462.063
447.116
170.264
366.411
461.815
35.2657
128.261
215.019
33.5277
169.749
461.854
345.059
232.63
462.271
345.74
267.732
303.824
0.805073
326.203
0.528347
313.178
0.173807
88.0188
394.384
404.239
360.103
77.8999
125.337
0.347454
155.587
462.687
87.9577
284.163
350.109
117.014
93.2265
406.884
100.162
206.814
165.059
325.813
363.68
0.352376
282.123
217.005
96.7147
293.311
394.45
462.528
462.046
399.658
77.3923
461.925
445.296
313.229
43.1321
324.505
1.40579
307.968
284.668
102.904
53.5556
202.122
435.274
342.287
0.191946
462.66
355.075
163.322
398.496
167.756
145.038
436.819
351.535
66.3599
0.20548
462.084
418.845
321.452
286.965
0.454933
223.22
354.149
237.805
229.21
411.394
148.633
-0.123421
198.585
375.456
84.6232
167.258
391.3
462.081
22.3626
0.875088
187.122
0.38814
175.139
276.222
30.9586
372.028
462.062
241.252
379.313
139.914
138.842
136.898
415.276
328.862
447.81
333.281
245.716
306.297
455.45
277.938
285.88
462.322
148.165
430.996
193.775
351.375
278.943
232.607
46.276
348.784
66.925
223.444
180.326
17.1299
135.068
118.932
224.484
56.6971
383.621
437.053
404.044
118.521
173.829
65.4091
30.8336
127.493
59.4217
337.506
110.862
461.981
202.888
220.546
0.503728
301.125
364.579
429.444
309.229
282.074
273.084
412.388
29.2427
215.458
302.616
390.605
64.2436
461.725
107.721
164.184
216.618
332.251
261.36
94.9871
352.361
165.995
451.987
143.61
32.5371
294.027
376.095
71.8411
2.23144
67.2669
364.984
105.284
462.14
263.846
278.585
228.076
154.157
317.932
70.2308
445.634
36.7514
306.062
252.614
93.9265
200.281
449.826
314.878
81.5592
430.204
333.189
462.139
225.266
460.627
26.6576
251.674
2.55841
403.06
125.625
309.849
252.639
266.672
385.652
230.263
351.499
133.011
210.417
360.486
462.142
368.331
336.618
232.935
2.88561
451.699
312.832
462.042
0.210913
386.297
462.009
232.179
197.054
462.318
328.927
461.935
159.419
177.754
462.284
1.19959
352.624
462.299
461.71
68.805
379.708
207.348
11.4969
432.841
462.23
183.495
129.335
120.296
2.01747
271.264
318.961
309.726
0.500219
461.98
344.667
122.663
173.752
411.228
2.94516
194.264
462.22
382.939
462.333
462.469
0.476641
205.966
462.097
363.468
377.607
308.056
40.9965
179.571
35.2478
255.872
21.5117
148.446
11.2481
380.64
187.289
114.001
230.126
344.366
252.507
322.593
79.8132
213.326
355.003
462.174
396.683
255.329
424.595
158.383
81.784
403.498
229.036
462.336
462.195
377.91
157.94
82.2115
314.429
445.857
377.256
406.794
125.364
0.894606
462.189
50.8876
79.4411
0.16249
438.941
209.17
437.123
328.451
429.521
351.661
246.304
254.872
384.226
6.43745
108.941
303.961
324.418
458.69
436.987
130.101
186.143
281.612
356.919
61.5936
39.809
300.094
246.812
0.034346
395.948
205.821
285.929
442.097
168.606
362.685
18.1793
462.192
100.394
0.390113
121.827
458.843
88.2224
147.372
376.1
0.878971
73.2665
360.114
318.734
0.715616
451.825
402.561
200.939
462.158
253.836
372.881
399.589
462.084
399.594
53.7519
316.552
0.70624
424.342
356.155
0.355918
291.277
339.045
59.8318
251.418
371.779
1.848
426.904
0.479573
462.37
461.194
98.6942
452.443
0.470534
179.621
-0.149628
118.196
289.192
347.91
214.75
372.046
462.164
287.612
65.2854
214.494
15.7469
380.39
7.44166
345.161
132.845
461.926
308.023
0.502656
155.388
78.5839
364.094
84.0639
0.627903
77.629
463.28
46.66
198.63
311.449
462.682
167.9
19.7596
400.965
27.605
138.295
461.462
62.1746
35.0608
297.426
142.179
461.772
235.936
66.1575
86.9712
82.0923
424.92
111.61
135.504
78.5146
461.819
58.1619
318.328
119.525
462.117
0.220246
167.329
460.895
364.503
462.121
17.6018
138.684
360.022
55.2113
97.4835
271.391
174.437
316.815
138.429
194.422
372.545
381.096
430.504
87.415
297.633
-0.0176211
98.0931
462.019
201.365
232.207
225.039
307.939
0.393542
461.039
123.602
361.883
206.587
255.602
50.7962
172.111
402.036
440.43
189.146
279.995
106.667
168.565
80.2562
391.884
275.8
462.385
17.9334
362.116
461.985
372.018
462.098
118.533
327.678
458.882
10.5617
192.431
0.649274
399.484
0.479765
267.241
183.597
0.389198
60.3028
395.835
-0.0394364
371.856
0.485741
403.864
301.072
419.957
278.898
382.772
369.479
418.086
213.803
24.8675
36.3426
299.693
115.619
462.024
287.466
435.287
0.313387
462.482
298.666
462.339
461.956
63.3237
0.489068
170.4
217.298
331.753
172.653
461.787
237.31
70.3948
271.279
0.428331
153.218
227.267
0.116183
0.282217
0.592025
245.304
445.101
462.028
462.371
355.271
221.466
170.21
10.0235
170.099
96.0139
354.525
0.325912
462.099
0.880393
167.248
462.318
66.065
0.631653
208.98
232.972
352.865
184.747
233.017
419.982
182.197
302.439
462.243
115.479
460.044
453.079
354.665
283.666
462.223
1.8829
0.336433
313.379
182.528
407.867
28.8221
426.688
331.691
413.73
354.371
42.1276
11.6168
462.18
152.73
75.0201
42.9268
462.222
362.21
0.0847983
5.04242
460.371
74.6169
373.39
462.198
440.542
372.57
184.966
462.283
141.177
315.201
257.586
143.431
0.29107
3.31832
461.982
0.401353
200.007
260.046
376.388
0.374782
232.779
138.677
80.1651
29.5564
396.163
0.492814
100.086
462.322
366.265
379.074
185.809
198.576
0.598649
389.608
438.947
142.028
272.712
316.764
413.034
0.323293
256.232
159.336
96.4712
462.62
257.549
59.256
434.029
0.400749
32.7957
248.473
462.306
239.425
461.76
394.433
0.25793
183.296
220.405
462.318
325.57
10.0792
383.492
41.8509
385.673
408.019
11.5213
242.08
458.865
357.692
390.12
316.327
0.657897
194.195
243.585
209.725
204.723
112.43
23.9832
192.357
306.846
338.322
178.267
443.94
41.2698
404.363
167.783
283.822
314.32
332.658
136.245
-0.235069
321.237
63.6078
-0.035665
437.347
445.946
451.29
334.346
366.54
0.405051
334.622
136.178
125.28
0.309344
263.367
454.389
195.032
0.824197
236.677
283.757
462.06
458.501
444.028
153.494
211.257
76.2871
462.425
204.778
461.796
172.165
33.2845
272.47
312.698
1.91602
197.159
354.53
256.786
110.767
26.4286
5.25407
331.417
118.909
311.123
1.63735
188.815
105.366
457.765
119.211
189.174
169.946
154.008
69.1409
136.079
220.301
420.305
0.0426802
215.66
462.2
101.26
3.82336
382.764
1.08125
163.513
111.214
0.126405
124.371
291.636
221.636
452.885
323.664
462.028
292.818
462.171
286.736
299.975
373.931
320.208
241.319
0.853566
191.046
44.5751
300.801
310.073
366.307
176.247
77.135
26.378
295.255
337.987
234.253
462.1
0.455053
460.08
246.159
452.221
39.3121
319.662
266.945
319.026
0.029566
285.336
233.173
327.144
0.18787
462.301
408.26
54.0126
119.337
158.751
31.6092
383.405
3.86511
256.468
210.453
232.753
116.387
333.914
0.0542527
406.185
272.318
59.417
305.043
181.977
462.222
191.706
462.293
304.246
198.901
462.316
200.24
261.437
163.507
430.741
240.725
285.742
0.12861
279.149
405.012
450.254
0.961258
280.023
40.039
462.443
49.877
124.807
232.248
348.552
73.521
461.942
456.679
95.3942
315.09
334.539
462.101
384.957
0.107231
318.107
0.251449
404.454
-0.163549
344.634
215.067
346.304
462.227
355.419
128.446
305.475
118.063
363.441
0.353163
358.388
186.874
295.925
193.654
0.179024
296.015
0.183856
460.344
20.3928
168.669
416.093
149.941
64.9151
0.0791099
344.956
56.2528
319.607
419.7
400.575
361.087
232.355
161.619
378.301
296.566
151.853
164.131
302.975
1.36115
246.854
107.958
377.3
1.33937
185.065
367.878
344.325
151.245
247.265
374.881
247.155
104.839
462.407
462.248
357.481
239.004
461.959
458.992
383.41
462.337
23.3417
351.358
36.5688
462.204
27.5356
317.218
0.206158
0.451132
438.667
331.733
461.86
257.66
307.242
46.8609
462.307
124.422
456.126
228.337
0.0918903
97.7178
462.31
325.83
240.089
95.9688
368.024
368.563
266.167
379.564
461.514
461.939
378.909
462.408
80.8502
462.259
408.425
158.36
167.867
393.452
30.0917
0.0727892
461.924
199.712
251.524
193.453
25.8576
280.6
340.376
462.302
461.932
7.50398
0.0674468
259.907
186.351
452.106
72.1593
253.551
0.306149
307.631
298.011
105.532
276.271
324.493
294.651
247.649
276.266
275.524
85.6545
197.1
449.06
13.1609
460.672
462.35
231.981
462.101
205.046
-0.954217
461.989
195.61
393.338
366.485
44.0727
42.1101
462.126
167.639
175.773
204.446
19.4676
0.430625
462.492
462.067
66.0652
415.706
426.889
0.188432
435.145
0.455721
0.457843
461.817
461.882
271.379
142.056
0.0897598
248.145
262.956
0.830089
322.88
1.08733
280.348
258.995
35.4936
462.548
227.446
4.63566
0.281963
128.435
462.246
462.187
128.706
423.783
98
154.863
286.142
276.7
124.084
1.89715
41.9365
226.788
116.273
204.172
282.816
0.19925
378.33
85.712
232.618
102.579
-0.00450975
122
461.65
333.152
-0.251664
0.20169
290.1
222.174
95.8848
262.493
117.595
109.595
218.663
183.73
462.016
169.133
415.411
411.591
28.6718
293.37
28.8992
370.354
37.5043
95.2132
461.499
153.359
217.086
0.392038
274.439
31.2466
461.973
411.744
270.679
121.081
0.300215
344.001
232.618
91.9916
171.44
261.352
18.9509
20.4616
308.163
0.465479
71.7658
423.115
240.859
74.9401
90.1728
245.402
177.238
232.85
106.933
294.219
306.765
244.277
94.3328
462.227
236.289
462.194
76.2864
297.551
236.784
0.594029
1.22746
163.326
0.559262
131.832
437.816
458.195
462.112
18.6237
235.219
339.71
103.014
114.05
4.07197
0.776403
148.251
404.723
441.145
138.865
406.819
461.504
462.567
370.144
408.995
186.537
432.808
168.7
367.628
63.7496
294.706
305.95
178.904
96.7397
139.603
457.599
320.077
49.4034
252.775
186.203
462.786
198.543
317.529
407.388
0.354871
278.148
461.742
344.864
327.208
462.481
348.811
67.7562
410.299
152.66
77.2391
461.252
313.954
461.582
436.52
10.9641
351.126
90.2469
144.03
91.517
334.486
406.57
403.92
448.731
90.6248
188.283
58.8433
343.926
137.03
401.497
22.7208
237.419
75.9892
234.982
72.4547
461.711
462.168
409.039
461.951
159.58
412.56
11.1094
434.873
274.22
377.384
369.899
37.3617
416.427
258.503
354.157
417.67
208.747
314.012
425.215
161.588
403.396
443.951
462.046
326.688
-0.753809
462.012
55.9215
-0.0141281
2.62379
197.231
189.801
462.078
0.132001
267.38
232.829
400.861
1.37034
407.269
74.1331
303.061
111.897
0.12685
104.739
199.573
233.481
92.0823
460.637
269.246
462.248
426.165
333.616
456.494
0.20291
159.139
278.013
320.301
400.854
0.900527
446.852
9.22003
348.006
360.323
175.951
144.835
381.156
16.279
161.974
185.467
403.539
37.4372
399.513
207.084
78.2427
461.897
462.159
0.326464
429.164
270.706
408.838
41.6335
193.17
390.606
438.344
379.289
131.076
66.4059
4.32291
352.418
217.453
358.792
462.3
447.072
211.982
421.951
161.645
0.411502
172.168
125.314
244.388
306.171
18.8729
83.3392
132.368
119.152
203.046
462.55
0.219577
342.491
462.077
274.151
200.022
407.802
200.003
70.5224
159.17
93.2369
258.969
445.127
55.7056
291.517
172.445
454.336
461.953
134.654
462.495
299.94
181.729
321.453
397.873
242.625
227.15
383.324
462.117
288.89
30.3834
321.975
65.9476
216.123
202.795
144.493
238.369
374.451
290.748
219.076
366.035
462.107
43.009
380.426
233.523
294.727
245.459
172.478
374.174
260.408
326.567
303.802
304.332
462.216
322.482
358.69
269.106
462.169
131
382.015
345.306
148.231
0.691659
60.6828
462.362
147.454
407.409
211.392
358.502
151.56
451.13
299.869
290.208
118.716
461.947
189.845
252.195
410.558
-0.0988439
392.979
393.246
381.633
14.594
353.325
336.457
200.656
67.0049
275.216
281.576
378.614
10.2985
266.822
102.773
35.6018
106.461
462.302
462.269
377.877
462.366
164.596
277.313
107.622
383.342
-0.415215
0.475084
459.679
310.253
281.079
400.949
200.768
90.9488
396.702
122.055
92.6119
462.019
288.806
145.521
314.094
216.498
225.585
40.5763
337.46
165.131
341.948
257.083
277.659
252.845
462.502
123.465
0.305374
462.333
462.146
425.434
193.033
325.937
458.886
44.7715
136.08
129.967
116.369
430.434
404.15
299.521
461.968
176.447
332.283
462.543
347.591
264.95
196.092
30.2663
289.707
346.807
15.9352
407.532
247.612
159.474
415.082
462.072
232.499
207.993
168.595
386.069
382.202
238.487
0.369247
372.194
454.074
93.2413
0.148251
462.098
14.9899
399.707
142.335
253.487
462.175
91.4585
21.4867
-0.0878383
143.014
6.97982
451.216
89.4163
182.928
281.694
255.534
312.049
215.792
1.02774
88.3595
93.4601
400.074
462.548
462.237
228.372
167.974
214.23
48.3776
59.9963
386.547
0.414257
462.261
317.169
0.797276
154.242
120.464
281.963
231.814
99.0657
107.322
397.428
442.965
117.75
462.304
33.565
37.7229
444.797
160.324
388.984
462.813
0.441556
310.05
157.116
293.616
0.528563
2.81777
436.309
58.422
295.823
272.317
4.44614
111.404
267.2
331.246
-0.0465403
0.064812
0.0890848
32.1946
130.543
352.192
4.42977
5.8135
190.371
462.119
308.534
116.863
174.042
245.189
402.366
0.537527
60.5791
209.017
343.493
216.126
378.402
263.858
311.436
0.32131
271.99
373.519
343.828
306.849
163.524
462.247
4.28455
170.428
387.176
62.5723
157.655
173.637
181.516
462.369
142.55
461.837
462.079
462.042
462.265
22.567
288.615
62.4499
434.541
232.525
0.368609
0.493975
280.715
462.333
456.429
134.985
346.852
386.732
303.167
127.017
192.508
203.67
354.172
357.056
356.938
462.059
183.712
462.037
84.233
6.19528
2.79926
183.195
212.135
301.557
277.799
193.615
67.2477
462.13
276.455
274.728
262.154
462.431
30.9879
462.363
462.514
335.932
42.9742
27.9783
379.966
2.80998
304.232
122.443
112.258
124.178
116.538
299.505
78.1092
20.587
452.034
443.525
138.833
245.379
8.71398
262.746
67.9276
190.984
201.914
285.85
462.159
113.063
460.529
360.366
353.591
233.155
0.418816
90.7443
257.59
126.167
180.421
222.919
111.789
0.492126
414.887
462.251
425.737
329.173
43.557
318.347
237.14
351.625
185.706
381.713
411.682
355.802
333.679
379.774
80.9862
114.507
390.697
129.087
0.322274
288.251
462.185
462.274
173.049
330.835
315.605
122.883
406.44
0.602254
30.7592
297.589
271.092
440.993
254.158
462.359
0.776591
374.839
87.6161
103.737
4.47168
261.329
1.02045
363.169
165.883
114.657
134.067
308.42
462.289
3.14646
462.237
0.739793
254.164
386.716
114.049
391.149
-0.03273
283.564
454.569
39.7718
0.376241
200.72
461.442
21.0836
351.914
0.190878
95.8201
63.4856
373.068
308.698
0.898797
425.917
122.807
196.762
270.37
461.941
132.521
461.942
5.77359
138.222
157.349
461.267
257.078
308.097
0.685075
457.668
0.283356
1.04548
0.459686
50.0573
174.508
97.9888
169.214
317.023
97.6273
315.727
279.096
0.162055
1.28206
455.451
183.032
146.691
244.609
0.216248
461.811
209.732
353.861
157.981
195.649
329.412
0.120766
64.2104
462.598
462.429
57.2164
330.062
435.783
92.6809
279.404
191.995
71.4045
194.391
451.868
462.129
224.554
33.511
152.446
462.186
252.361
42.1504
0.437632
462.022
151.672
83.8043
296.632
261.679
277.881
-0.446137
462.213
321.581
462.617
443.095
276.802
377.27
7.45858
339.181
378.75
0.222769
389.526
149.472
0.146619
135.952
142.493
333.258
275.338
0.535158
288.615
135.393
269.075
121.742
281.36
309.778
308.305
445.679
177.818
0.258245
300.22
316.571
276.481
142.21
386.669
452.125
171.152
260.228
222.771
280.457
179.449
273.305
396.028
371.766
0.210409
45.9427
7.78277
2.30396
79.509
232.731
380.153
399.793
315.489
462.228
50.2604
433.929
426.491
288.133
10.7097
13.1053
255.801
20.8465
341.917
28.963
315.243
93.0779
359.155
50.8209
285.786
365.636
386.939
268.483
405.027
201.723
90.831
17.6665
326.341
98.5424
393.454
233.327
426.156
409.233
462.01
234.562
462.139
0.289745
0.306921
45.2901
10.4465
228.498
327.935
0.03861
361.392
17.0487
366.553
462.713
461.465
190.493
430.974
288.359
462.135
462.575
179.042
426.015
197.975
42.4121
350.795
274.463
459.972
77.2539
362.56
82.6833
266.68
132.123
20.795
15.4087
148.235
352.808
-0.20122
353.728
221.16
277.549
66.5857
310.32
462.101
51.9151
9.49919
360.089
209.765
461.901
0.215469
252.53
318.625
367.341
325.077
81.4302
358.345
129.11
293.38
0.435251
84.3502
462.153
0.890844
185.722
305.762
0.743224
459.217
401.591
35.4691
422.215
149.749
1.94554
433.984
244.462
278.841
235.428
461.456
404.002
102.79
428.513
462.359
318.788
311.835
461.897
0.00277448
319.468
141.857
88.5738
265.003
381.886
0.262423
426.883
98.4058
129.477
247.706
0.579819
294.202
202.083
333.573
151.093
170.191
462.516
83.7251
276.181
154.269
269.433
67.1062
262.894
337.161
0.487123
103.418
340.413
462.097
343.39
212.864
0.0294148
462.057
39.2076
392.782
198.09
364.402
126.49
223.194
155.319
347.398
96.5303
140.681
285.004
18.2846
301.156
0.426876
111.77
448.228
461.97
123.984
112.383
215.564
333.819
1.85008
462.16
448.745
461.622
230.343
185.743
2.29054
13.7879
114.1
376.079
1.54073
349.957
318.966
76.7335
0.472186
334.426
-0.0282857
382.247
130.623
221.461
15.4958
100.057
55.752
159.252
178.333
140.768
410.837
344.31
398.952
250.47
147.954
57.4085
462.273
325.497
462.216
462.298
444.92
281.641
223.302
462.177
92.1727
404.658
88.4976
48.3341
302.749
-0.177107
329.399
462.266
443.719
250.315
290.463
40.8277
182.512
0.425049
208.306
244.965
437.996
242.272
110.944
363.948
180.639
463.058
208.561
104.203
103.612
127.503
27.7128
106.21
462.182
183.903
150.438
315.368
11.8239
394.634
274.018
103.386
0.436753
204.017
233.078
0.33789
337.95
192.21
216.568
78.5475
462.125
0.473051
0.158637
99.5768
462.437
461.648
461.947
210.52
289.667
167.013
271.364
355.036
256.072
0.0949745
138.111
284.854
462.058
157.474
235.402
283.015
0.144675
59.7955
462.285
393.503
415.255
48.6915
169.183
456.779
229.493
42.7803
342.734
288.157
316.197
231.729
318.953
0.660262
209.112
15.126
217.984
196.215
237.644
-0.106639
203.299
414.587
110.751
33.2036
10.0814
5.93571
433.766
214.221
260.683
159.214
462.408
0.30133
250.318
76.3916
318.292
172.729
31.4828
64.9621
271.9
94.2598
238.87
117.78
226.335
10.6286
454.94
3.45182
108.717
303.66
251.783
102.562
15.6432
166.094
391.862
335.182
140.668
123.365
153.897
-0.382966
322.069
316.808
8.51699
0.344558
332.884
294.878
190.132
460.448
430.681
232.494
370.099
281.616
216.16
361.704
200.805
462.106
462.277
218.657
462.379
203.899
406.342
24.0881
217.005
356.41
303.305
461.214
435.747
400.696
177.496
81.8194
299.461
0.0209613
33.1721
461.125
324.443
246.179
446.093
0.502598
92.0283
0.377468
328.793
269.986
85.336
285.202
348.152
97.3748
189.481
252.716
462.661
462.501
293.827
462.184
205.625
359.836
1.12944
0.427627
292.388
37.3524
462.296
321.989
0.0329256
339.771
0.579993
184.122
353.195
0.37011
0.400637
461.977
364.399
461.899
89.0474
454.303
316.851
388.559
285.098
460.61
270.466
462.057
169.577
94.6166
462.367
74.7871
295.902
317.882
58.972
141.92
297.973
206.851
364.605
335.784
106.625
114.11
340.878
462.32
420.429
311.795
303.965
323.803
107.811
53.1942
461.688
174.382
324.323
419.592
366.399
42.9266
336.515
125.136
110.084
443.367
462.285
4.55735
80.6591
196.903
130.916
462.248
458.799
-0.337767
413.949
242.417
107.521
141.312
17.3335
321.851
293.738
31.6572
462.087
24.0582
322.968
318.36
0.95263
0.386796
419.12
170.995
394.152
32.9639
376.826
443.011
83.0638
462.023
77.6938
322.949
75.6111
30.9873
434.181
336.065
323.893
424.994
107.233
272.12
