32.6561
28.0691
46.1532
40.045
50.358
41.9104
-1.0
33.9142
28.0885
36.669
-1.0
-1.0
-1.0
26.7858
38.833
10.8585
48.4748
40.2317
22.6718
-1.0
36.9625
46.6728
27.1596
9.95036
32.2492
52.1263
36.7034
20.1073
51.5086
-1.0
52.2967
43.0709
-1.0
29.8438
-1.0
49.6556
40.1093
23.5361
-1.0
37.8547
40.3076
33.5179
48.3384
-1.0
27.0876
49.0026
47.3852
36.3167
51.8816
51.122
-1.0
37.9131
-1.0
48.1446
44.1146
31.6666
11.1231
51.3926
47.0165
36.8021
48.8485
-1.0
44.9445
46.5118
44.0682
41.4477
-1.0
-1.0
18.2305
48.2302
36.51
48.1653
38.2116
50.4586
49.4972
5.81654
52.1573
47.4968
31.5804
13.7788
-1.0
31.4774
37.4394
-1.0
-1.0
35.6202
21.1758
15.4461
28.3361
50.9003
46.0734
-1.0
43.2308
-1.0
40.8459
48.7541
49.6985
24.9661
16.4086
42.4261
-1.0
-1.0
23.2024
35.8534
33.2292
-1.0
-1.0
42.4
32.6695
39.9663
27.981
45.095
40.6713
48.44
29.8007
-1.0
34.2284
46.1737
8.324
47.5318
-1.0
48.9187
48.4663
38.7141
26.3154
20.5512
-1.0
33.4156
36.0396
-1.0
28.3395
-1.0
33.1361
26.4324
16.3578
-1.0
45.6919
52.3041
42.8837
36.8217
42.2036
47.6246
43.1367
-1.0
22.1288
22.7577
40.7816
-1.0
-1.0
50.7643
39.5001
18.5778
37.6653
25.3205
36.2283
21.2122
44.037
15.6952
-1.0
51.3571
32.3723
22.4163
41.7898
39.7564
40.5273
38.739
47.3525
15.6368
-1.0
41.7602
20.6968
46.5585
42.6588
42.3385
38.8396
32.1012
47.2828
20.758
41.6007
-1.0
33.0503
-1.0
-1.0
50.1853
39.9067
51.4325
37.9644
32.6997
38.641
51.1226
46.0484
49.9979
48.861
47.16
50.8128
40.0637
39.8927
36.3643
38.972
-1.0
27.0647
51.7689
44.9907
51.1045
-1.0
-1.0
-1.0
29.4912
35.617
18.0956
40.6867
-1.0
51.5769
13.7896
26.0826
19.2011
48.7692
42.3229
17.5234
34.6562
45.0158
38.0036
36.4683
30.5837
-1.0
-1.0
36.4765
43.029
-1.0
43.8121
-1.0
-1.0
-1.0
40.8492
40.2632
41.1116
45.575
15.8098
-1.0
46.0495
-1.0
34.6917
42.5219
48.6556
29.5897
48.4018
46.9809
49.4677
47.8199
-1.0
28.8771
-1.0
38.7198
48.7693
-1.0
49.255
34.0082
24.0055
47.7225
22.8744
16.8413
43.1219
29.1553
40.8313
36.7964
-1.0
30.4879
46.0342
27.0691
22.7488
50.8656
-1.0
33.3923
50.07
-1.0
29.9829
43.8516
17.2549
21.1843
35.298
42.5365
39.013
-1.0
-1.0
10.8136
34.8602
21.3524
-1.0
39.4424
50.6739
42.186
-1.0
-1.0
49.5131
45.8749
34.7055
33.0742
41.1776
26.0162
42.5094
39.0159
45.4445
41.1405
19.5948
-1.0
36.0108
51.6929
-1.0
34.8908
-1.0
39.8424
-1.0
23.1051
28.5169
25.7989
29.4523
33.6536
40.6916
50.6259
-1.0
42.5294
50.4345
30.2025
20.3752
28.0666
34.531
31.8672
9.81801
26.2883
16.6688
27.9881
27.3533
-1.0
-1.0
40.9476
30.1603
-1.0
36.4262
50.9879
38.2244
33.606
49.646
46.1942
47.1185
-1.0
-1.0
-1.0
-1.0
51.8304
50.1126
31.5541
38.3326
29.797
48.9367
-1.0
45.5211
33.5735
-1.0
37.456
42.5901
32.4028
34.9543
25.1635
42.9305
-1.0
27.1249
34.7266
-1.0
-1.0
49.2802
46.0048
48.735
41.8067
34.7885
44.969
51.2661
-1.0
-1.0
-1.0
41.8552
27.6967
35.845
51.0813
51.0791
26.4982
24.2716
14.4003
-1.0
16.3258
26.6413
15.513
39.6266
46.6096
48.8155
13.8235
11.3559
45.8642
-1.0
-1.0
43.4459
48.6278
-1.0
-1.0
39.3878
36.7498
44.0255
-1.0
-1.0
-1.0
45.3775
38.3661
24.7938
-1.0
34.0068
-1.0
39.6179
33.6574
49.3107
-1.0
26.2364
26.2136
25.7855
23.7656
29.4828
49.9299
-1.0
54.5204
31.9158
43.7706
36.7318
44.6675
27.4787
41.7619
-1.0
-1.0
40.4705
45.8643
17.3383
40.2413
32.4297
44.241
12.0322
-1.0
30.8641
51.8361
19.6984
36.787
33.5136
-1.0
-1.0
-1.0
38.6809
50.4786
-1.0
-1.0
31.9824
43.7664
44.6782
36.9712
34.68
51.4997
45.5935
27.9662
22.1771
40.7907
29.661
52.0051
38.9923
-1.0
33.0203
42.0661
42.3986
48.77
22.8466
31.1991
47.7278
35.5115
27.4043
26.9597
32.7219
27.4023
-1.0
47.7046
50.5789
41.961
43.4874
12.4695
52.1097
24.0998
44.6826
25.3106
38.2264
-1.0
46.76
34.0854
21.9952
45.5834
35.0086
11.1245
42.0731
24.6701
50.896
35.9948
22.8576
46.0765
44.4491
38.6131
49.9476
31.9547
24.4941
23.3022
-1.0
-1.0
37.0445
-1.0
32.6532
-1.0
49.3298
48.9049
48.8309
23.6582
50.7551
30.7305
42.7589
40.5871
-1.0
40.12
51.6165
32.7631
48.9106
36.4261
-1.0
49.4005
-1.0
33.597
43.9764
43.8932
26.2841
-1.0
37.2609
-1.0
45.5829
-1.0
45.1304
38.086
47.531
49.9788
33.9521
29.2846
39.8931
36.6196
27.8387
47.1905
27.633
26.1076
-1.0
21.2463
48.3056
22.3563
49.4377
32.2936
44.0303
23.1197
46.4531
10.685
45.5526
-1.0
-1.0
41.47
26.6386
32.7474
38.051
35.5088
-1.0
20.1928
49.9795
29.3479
-1.0
9.30037
37.1671
20.4443
37.1885
47.055
31.289
25.8802
-1.0
36.3325
41.4988
-1.0
22.061
19.2244
43.6332
44.533
30.9379
40.414
26.5963
-1.0
27.658
31.968
-1.0
51.405
48.8966
52.0946
26.8798
50.0759
19.7207
27.7404
36.1113
36.0518
26.4446
37.6844
37.0177
15.7266
-1.0
50.7346
24.9829
32.1581
31.142
-1.0
39.3912
-1.0
36.2059
43.8273
41.0859
46.8655
-1.0
46.3681
23.4039
43.4585
36.5662
-1.0
41.046
-1.0
32.9441
48.7103
31.8551
42.1355
-1.0
28.2117
21.9009
-1.0
40.5458
-1.0
43.1611
23.1821
41.821
37.7003
43.4689
23.3444
36.0669
-1.0
9.4653
42.4269
51.0843
-1.0
52.9441
33.1568
33.9106
51.025
36.0782
-1.0
39.5894
50.766
12.4078
19.057
28.509
31.7768
43.7033
44.5932
38.187
15.489
38.4454
30.7999
25.8543
26.9873
28.2116
46.6408
47.4818
28.8609
-1.0
30.2236
19.6117
24.9928
-1.0
39.8737
19.3527
30.1546
-1.0
15.8216
43.7565
47.134
-1.0
48.9098
51.708
47.4373
39.7904
38.7107
46.582
34.3937
-1.0
36.0751
20.434
35.75
52.2079
48.018
38.623
41.6825
17.313
-1.0
37.3005
46.9548
48.978
-1.0
34.9984
47.661
29.4069
-1.0
-1.0
39.4076
36.7261
23.8848
-1.0
43.7426
29.6514
49.6884
26.0536
-1.0
27.2411
32.6283
33.9213
42.45
39.7301
51.3238
-1.0
47.956
-1.0
-1.0
35.6024
45.532
52.2694
38.564
27.4309
-1.0
-1.0
39.7158
48.2733
-1.0
30.637
86.8081
46.8097
-1.0
48.8124
-1.0
-1.0
52.0416
39.9055
-1.0
36.5815
-1.0
-1.0
30.4811
36.4809
26.1167
30.0326
44.5118
21.2038
-1.0
-1.0
-1.0
-1.0
38.8772
20.0794
35.2054
51.1618
49.5385
49.0517
24.9929
51.1688
50.5909
-1.0
40.1723
42.845
49.7701
14.3564
36.1721
28.8438
38.1857
-1.0
24.6376
26.3405
26.1114
42.2793
50.1361
-1.0
50.569
40.6219
29.159
52.09
19.7195
42.0086
-1.0
46.6452
47.4686
25.2225
-1.0
-1.0
30.1979
45.0152
46.0944
46.812
34.9104
42.2609
-1.0
27.8107
-1.0
15.893
25.1637
-1.0
40.6085
-1.0
42.4099
46.9942
-1.0
39.0089
47.2642
32.838
39.4174
40.4025
25.4984
26.9242
27.8562
39.3945
20.1843
44.9882
34.2434
35.5556
48.2603
37.0356
41.311
51.6639
43.5755
47.1376
32.7753
51.4618
-1.0
48.8563
34.8827
28.8964
24.9276
-1.0
51.2428
-1.0
36.9956
14.8338
33.9584
40.3601
31.3719
39.6536
41.7946
40.0152
48.8945
31.1371
-1.0
34.0952
46.6885
-1.0
45.3119
40.1582
50.0497
22.5444
41.6945
35.3135
6.44604
29.9847
30.0037
-1.0
45.1768
38.7592
-1.0
46.2506
24.5571
-1.0
47.9519
36.8892
48.1851
49.8809
-1.0
-1.0
21.0721
32.0481
51.0786
49.2808
41.8166
37.314
27.4081
43.336
15.7833
-1.0
27.0892
39.053
31.3998
44.1721
39.2848
32.334
36.2515
40.6048
21.5431
45.7767
48.2993
-1.0
-1.0
46.0835
49.1139
-1.0
22.0221
-1.0
31.7324
46.5828
-1.0
45.0562
34.4106
-1.0
29.2547
37.9484
47.1573
26.3779
40.3451
31.4206
46.3939
43.8802
45.038
34.5395
40.4782
-1.0
41.2067
-1.0
-1.0
28.161
43.5492
48.056
30.189
45.1053
37.4406
44.9779
25.3205
35.7085
34.8399
-1.0
48.2735
22.0843
-1.0
41.1855
41.3779
26.256
49.9738
28.0973
41.105
17.2559
43.1921
-1.0
46.5813
45.7231
35.447
28.757
30.1269
40.167
42.1441
30.7287
-1.0
47.041
-1.0
44.7793
-1.0
45.8843
46.2526
18.2164
-1.0
42.6216
46.5209
39.3984
40.2266
-1.0
-1.0
47.2409
51.8489
47.3887
38.548
36.0807
37.8545
-1.0
43.5677
48.9268
-1.0
19.9415
32.9964
28.4947
34.5655
17.0439
-1.0
42.1063
45.291
27.301
-1.0
40.8696
15.3989
-1.0
-1.0
39.5453
32.7126
44.1014
39.9624
46.2742
44.5295
-1.0
21.4758
48.8423
-1.0
42.9111
36.6229
48.8246
45.699
-1.0
39.3568
36.9842
-1.0
33.1039
40.8029
38.0763
34.9598
18.6568
44.6918
44.1815
50.1116
36.6983
20.2627
21.6127
21.3585
-1.0
41.3692
32.0286
-1.0
-1.0
22.4371
48.8287
22.0979
23.947
-1.0
46.4009
42.9723
47.8552
-1.0
36.2196
37.0979
47.5185
51.7493
46.7947
43.1144
32.1589
14.6183
50.1241
-1.0
48.3509
33.8941
-1.0
-1.0
-1.0
49.325
51.9105
-1.0
38.5375
27.6602
11.178
-1.0
41.3324
42.9543
48.0499
31.7849
-1.0
38.3575
50.5028
-1.0
50.4097
38.9203
48.3403
41.7511
46.0224
44.1188
18.4491
-1.0
47.5707
51.6492
52.0977
27.8339
32.5054
31.4992
-1.0
12.4077
38.2926
39.0064
-1.0
48.9061
22.6041
45.3546
-1.0
-1.0
19.0829
51.1833
38.4152
41.0752
-1.0
45.0849
29.2578
-1.0
45.3034
-1.0
30.9981
44.55
23.829
32.9213
26.9339
55.2333
40.9153
-1.0
54.2543
10.9496
-1.0
24.2084
45.522
33.5424
41.8474
46.2316
52.0975
-1.0
43.0595
-1.0
24.8625
-1.0
39.6207
56.2255
38.9189
48.138
27.3658
-1.0
42.5209
-1.0
29.438
-1.0
11.2764
42.8622
44.3776
50.5192
10.0193
36.7796
42.6399
39.8996
43.0871
-1.0
48.1818
-1.0
31.7999
-1.0
49.487
37.3767
-1.0
-1.0
43.512
26.9096
27.2297
26.4276
51.9114
33.3457
-1.0
41.4367
50.8962
29.7792
41.9028
35.707
34.948
-1.0
34.7472
-1.0
47.6552
42.7903
-1.0
19.5265
46.4371
35.8922
-1.0
29.9915
-1.0
47.1961
-1.0
38.1982
39.8416
39.6784
16.8029
-1.0
-1.0
28.5996
20.5428
35.0675
13.0392
-1.0
40.0083
44.4345
41.6354
34.1455
-1.0
-1.0
36.5626
-1.0
45.19
36.4023
36.5312
-1.0
49.699
40.2251
47.6888
47.7886
22.4196
47.0931
43.9695
30.2222
52.0227
-1.0
37.7289
42.7929
36.6846
-1.0
45.5039
30.5084
-1.0
31.0441
44.1103
35.4956
-1.0
-1.0
34.779
45.1116
42.542
47.9547
41.2308
-1.0
52.2214
33.9279
-1.0
-1.0
54.0707
42.7799
39.3586
-1.0
-1.0
29.4188
32.2472
44.9004
39.7118
42.7216
36.3779
43.8058
42.6628
-1.0
16.0542
14.8601
20.4653
51.8809
35.5893
33.5455
-1.0
51.2666
33.3519
28.8455
-1.0
-1.0
-1.0
-1.0
51.0124
50.8178
-1.0
-1.0
41.1464
41.3329
34.4439
27.4942
51.1934
46.6942
33.0643
43.7422
45.2944
-1.0
42.1466
36.9868
41.0198
19.4347
43.5054
32.2446
22.3832
32.2675
22.9002
27.3163
48.7042
23.5291
48.3443
46.528
38.2881
22.9233
49.4364
-1.0
23.0071
17.904
29.9769
30.0792
-1.0
-1.0
35.3504
38.408
-1.0
40.3922
23.5996
-1.0
30.0779
16.99
24.7558
17.0946
13.7963
20.0675
23.347
23.6171
-1.0
-1.0
35.4861
26.3026
-1.0
44.4849
47.237
14.2093
42.9668
50.5296
41.7577
-1.0
41.4367
46.459
-1.0
-1.0
43.7056
44.7321
50.8302
48.7114
-1.0
32.7647
41.8061
32.0175
22.4561
30.8256
39.626
48.5183
-1.0
-1.0
-1.0
46.5427
18.9037
23.2069
41.3544
-1.0
42.5866
26.8581
31.2758
47.1298
52.1734
9.44384
44.2576
42.7142
11.5507
39.2039
29.9726
25.7518
-1.0
48.6011
-1.0
31.8123
-1.0
28.2946
-1.0
43.195
20.4896
-1.0
50.0711
40.2027
49.3049
31.3118
-1.0
-1.0
27.3037
32.7722
48.4623
51.1094
41.6384
10.3897
30.784
21.4865
25.812
24.066
35.5367
41.8968
-1.0
-1.0
-1.0
33.4214
-1.0
45.8279
23.5071
-1.0
41.984
25.1332
8.41328
51.4608
40.4763
-1.0
21.3635
-1.0
47.1418
34.8995
-1.0
-1.0
23.0211
30.5221
45.3364
-1.0
29.8481
53.5265
27.7402
49.5291
-1.0
39.4069
51.2394
49.5352
-1.0
28.5601
-1.0
44.8181
29.1112
45.8604
48.8789
41.5368
36.8648
41.8787
46.2905
-1.0
45.1098
35.0739
44.9156
33.9337
34.9919
49.3035
-1.0
46.9491
32.0629
29.2522
47.7114
-1.0
-1.0
-1.0
46.6797
46.1226
50.2679
-1.0
45.6367
34.9116
42.9516
41.5616
-1.0
51.2542
22.5089
37.9986
51.1405
55.5359
49.891
38.9631
44.8568
7.65004
13.1474
48.1355
-1.0
30.2616
14.5117
-1.0
33.6601
33.6487
18.6313
38.2705
-1.0
28.4936
-1.0
46.2458
32.3437
-1.0
49.3962
22.7836
39.206
17.0977
52.0712
35.328
-1.0
44.7018
33.9409
45.3175
49.7771
36.1782
23.6788
33.8305
-1.0
-1.0
37.0355
10.5384
19.8772
35.8327
22.5992
41.9056
-1.0
45.4128
41.7929
14.3083
28.1073
-1.0
-1.0
51.8181
46.6032
40.0146
49.0757
44.6512
23.7429
16.4761
-1.0
46.9138
35.2177
45.4042
48.4616
14.7941
-1.0
34.3017
-1.0
44.6965
20.7014
32.6074
38.5588
-1.0
43.4774
31.8206
30.7149
-1.0
32.1554
43.4604
-1.0
22.2264
38.2225
29.6246
39.7805
47.3375
-1.0
44.8648
22.4458
51.9719
-1.0
24.4763
13.9024
22.6298
50.1508
-1.0
36.4275
49.8252
44.2219
-1.0
42.0653
35.0298
24.4213
-1.0
51.3501
39.8379
-1.0
-1.0
-1.0
15.8078
17.6953
-1.0
42.7429
-1.0
37.0228
28.0601
40.8811
36.8029
42.9775
31.9885
24.6301
49.0278
18.8049
38.2552
-1.0
37.0273
29.0268
36.0453
47.0593
25.6668
-1.0
43.2854
-1.0
-1.0
-1.0
31.1424
-1.0
32.4169
-1.0
24.1326
51.6314
-1.0
52.1298
50.5564
44.0167
26.5506
-1.0
29.8772
33.6812
7.02301
15.1129
-1.0
46.7897
35.8226
47.9021
38.8637
34.9774
40.4875
47.2254
28.7219
-1.0
37.9524
-1.0
-1.0
47.6458
41.1167
26.9331
27.7607
32.2472
32.8258
-1.0
-1.0
51.2995
32.7135
32.3112
52.1173
43.1068
45.3112
43.0755
48.7533
44.6915
-1.0
-1.0
-1.0
47.9286
49.2138
46.9704
25.825
50.0832
42.9349
-1.0
45.1875
24.0969
-1.0
33.5765
33.5923
30.7045
42.2195
-1.0
42.7201
45.9465
37.2035
49.35
-1.0
41.4111
-1.0
51.3503
-1.0
37.6091
49.3554
46.2876
-1.0
-1.0
-1.0
-1.0
40.1359
-1.0
13.4582
30.9457
-1.0
44.7857
45.5629
33.1118
42.7183
33.4198
49.45
46.4801
-1.0
43.1974
54.4178
-1.0
43.6869
30.926
41.3117
-1.0
27.4119
18.7048
35.3923
47.6942
18.5211
21.2628
43.1382
37.5375
39.0639
51.0662
-1.0
22.2054
35.2855
13.8232
38.9012
25.552
40.2637
12.2346
-1.0
51.2641
34.7678
24.6638
47.5785
33.9395
-1.0
48.4776
51.6092
38.3199
-1.0
32.3412
30.5448
48.0943
47.0465
45.5029
27.1347
53.2392
48.1217
24.5751
23.7445
20.8941
39.7758
25.9736
38.0441
-1.0
-1.0
27.7283
26.0551
52.0972
-1.0
51.8984
-1.0
26.1903
32.8453
21.9829
48.1637
-1.0
-1.0
34.909
43.5344
41.6338
49.0522
37.3807
-1.0
41.0356
23.8811
29.9385
-1.0
51.1856
-1.0
44.8858
35.0997
48.062
49.2856
47.1374
-1.0
38.3954
44.3201
49.6153
51.3605
32.1704
-1.0
32.2497
46.5907
-1.0
51.8536
-1.0
29.2754
8.10895
8.85478
12.7878
44.785
21.7606
26.6925
40.4733
-1.0
48.4007
11.0207
49.5489
32.4762
24.0584
39.6268
32.9564
-1.0
43.0592
35.143
50.2308
50.53
34.5203
31.5074
24.2464
42.0243
38.0487
-1.0
47.6511
20.911
39.6543
38.241
-1.0
49.4159
-1.0
-1.0
16.3907
36.1583
49.9809
45.435
44.6384
40.2952
45.6595
-1.0
37.1473
33.8087
-1.0
-1.0
-1.0
-1.0
-1.0
49.5783
49.2704
-1.0
-1.0
50.6748
45.4859
25.0317
27.8423
9.12594
43.7788
-1.0
-1.0
51.6515
-1.0
-1.0
-1.0
46.3005
50.5183
22.6431
37.4534
-1.0
-1.0
44.536
48.9635
25.4089
13.908
30.3317
40.608
35.7164
30.9353
38.2692
42.5785
-1.0
-1.0
40.0322
33.8912
30.1932
17.2003
45.5361
34.8941
36.3934
-1.0
45.5878
31.4138
24.9473
-1.0
35.395
49.148
24.0137
44.0963
27.0754
-1.0
49.7521
30.2058
38.3965
35.4565
20.0881
38.0826
35.9603
24.7691
23.8258
35.1867
50.4942
40.714
22.8532
25.1667
29.3861
37.2542
39.858
42.9933
-1.0
46.2353
-1.0
17.2758
43.0573
-1.0
28.9733
39.4291
42.2873
-1.0
42.8598
23.3726
47.2824
24.412
40.3586
33.6099
42.8364
26.082
-1.0
25.2315
31.6538
18.6047
-1.0
-1.0
37.8022
43.6719
49.5661
42.2214
13.5002
50.7394
29.5412
26.4065
-1.0
46.7091
16.6362
37.6717
44.8206
16.6448
41.7312
50.2459
-1.0
21.2527
25.1028
43.7372
27.7638
24.4148
-1.0
36.153
46.143
46.8877
44.3148
39.4414
-1.0
49.506
25.4296
22.9778
15.8432
-1.0
38.7452
44.8516
-1.0
21.4879
-1.0
20.4494
29.584
48.4728
37.0912
-1.0
46.7234
14.8212
27.7411
-1.0
47.7081
47.2373
34.8063
30.7915
38.5517
46.0006
20.7093
46.0363
46.6453
42.0677
14.7167
28.0947
-1.0
30.0529
21.7978
-1.0
51.6096
-1.0
50.9865
-1.0
49.9555
12.6111
46.6108
14.7052
50.4531
47.118
22.5387
30.0294
37.8692
45.5133
15.376
22.0345
50.9856
-1.0
20.7562
39.9263
7.61015
46.1416
47.57
29.5558
50.5354
-1.0
49.0598
36.8989
41.8398
30.4581
25.8853
37.6379
27.3097
27.7388
37.2807
25.2953
12.4206
47.7696
49.7385
41.1071
41.8021
-1.0
36.5479
-1.0
-1.0
26.6516
34.3397
44.061
25.9709
45.0654
37.4622
20.4276
39.9145
39.105
48.0726
43.3677
-1.0
37.8523
-1.0
49.9576
29.6871
27.4511
38.8097
-1.0
41.6487
38.4181
30.8073
46.675
42.1604
35.7679
34.3835
49.9324
-1.0
51.5362
40.4942
47.8058
39.6983
-1.0
49.5204
14.8189
34.9948
47.9662
20.3558
30.6067
39.8489
31.5303
45.1518
25.5494
25.7973
44.3902
-1.0
-1.0
46.9127
35.139
41.6165
-1.0
44.7309
30.4502
30.5228
19.752
24.9087
51.0672
43.6205
34.1432
47.619
41.1824
-1.0
26.7194
-1.0
38.3351
49.0906
34.4777
38.4056
33.1421
-1.0
20.9453
50.2093
29.6974
45.2443
38.0814
32.1521
43.8682
10.6677
34.7938
17.3785
48.5311
41.6407
32.814
-1.0
35.295
40.4155
20.5526
49.491
6.79985
28.5156
-1.0
29.1455
30.9868
16.0927
36.6438
44.3042
47.3283
27.0305
23.9473
-1.0
29.6794
36.778
-1.0
48.629
-1.0
21.874
44.6038
-1.0
39.7098
-1.0
25.0222
40.3042
37.5769
44.0503
33.8454
47.6261
27.2806
-1.0
49.8989
29.8252
42.2314
17.8678
45.0135
-1.0
39.7237
-1.0
8.63558
-1.0
26.8084
38.3654
30.1431
49.2312
37.6785
-1.0
-1.0
-1.0
27.1765
51.9443
49.2843
36.1511
40.1744
31.9589
-1.0
30.5364
36.8869
24.5419
31.3728
39.7902
-1.0
49.783
46.0878
-1.0
44.309
-1.0
-1.0
45.4406
-1.0
21.5605
25.3146
31.2118
50.6049
40.9893
36.4823
52.2626
41.6004
39.2779
20.333
51.9892
51.0344
-1.0
41.3508
42.8318
33.9306
45.3799
-1.0
-1.0
-1.0
47.5952
-1.0
32.4133
46.4352
31.0016
46.8856
26.0734
47.0895
28.3886
51.8961
32.613
27.2882
23.4429
-1.0
42.5425
26.2854
40.7854
47.92
33.4414
49.2485
-1.0
-1.0
33.5137
39.5124
-1.0
51.1742
-1.0
38.9233
41.0361
36.7421
40.0398
39.1174
-1.0
48.093
-1.0
23.4182
31.7018
43.8339
47.5944
18.6788
41.7379
32.8668
45.3061
47.8715
15.0287
28.1704
33.5821
28.3906
37.1497
29.8911
44.5394
15.7214
48.9652
30.8519
51.6421
-1.0
21.7129
44.008
50.424
-1.0
45.5207
41.9194
30.1742
41.9617
34.284
51.95
-1.0
12.2936
38.5702
33.6207
46.4028
-1.0
41.3865
-1.0
50.4995
-1.0
37.2522
-1.0
-1.0
25.0325
50.5571
-1.0
43.9127
14.9149
41.9509
29.0712
35.4756
-1.0
27.5986
28.7168
34.0277
28.3268
47.9339
20.7987
47.947
-1.0
-1.0
45.1078
19.9083
-1.0
-1.0
-1.0
26.0066
16.4536
31.0857
41.4663
50.9687
-1.0
-1.0
-1.0
44.892
31.8032
49.3982
52.2782
50.1719
27.9868
41.0055
44.0051
46.2829
25.4472
50.7506
-1.0
32.8742
-1.0
41.4494
33.9234
-1.0
48.286
30.1885
37.4985
34.5349
46.2064
-1.0
-1.0
34.8198
48.0781
48.8809
9.37819
-1.0
40.7279
38.6562
36.06
50.5701
48.3263
27.6831
22.8757
41.6329
-1.0
12.7301
27.6154
35.3625
30.5698
16.4135
26.0959
-1.0
41.7049
24.989
25.7691
46.2678
15.7998
41.9769
-1.0
51.3879
-1.0
39.9272
-1.0
-1.0
50.231
48.5123
-1.0
45.8884
23.8356
26.4385
42.4099
45.0937
47.7549
43.9522
-1.0
43.1587
35.4413
45.5559
39.1375
40.3402
48.6838
-1.0
-1.0
-1.0
34.0193
40.5112
52.671
38.4634
51.0776
29.69
35.2509
48.2104
45.1251
-1.0
27.8746
16.4994
23.0643
-1.0
42.0713
35.4467
-1.0
38.9688
42.0563
26.6591
48.7213
39.4871
42.6816
27.6821
-1.0
48.5936
19.2461
-1.0
44.2786
-1.0
12.4186
37.4842
-1.0
33.321
48.5853
32.945
33.2647
34.9621
41.0981
-1.0
-1.0
32.3688
46.4887
-1.0
-1.0
41.3318
39.0354
-1.0
43.0267
33.4614
-1.0
45.3761
22.7525
20.5754
32.6283
33.3545
25.0733
43.7515
-1.0
-1.0
17.0097
27.6944
42.7605
33.1728
49.8336
-1.0
30.6402
30.848
-1.0
-1.0
-1.0
29.1671
44.9568
-1.0
-1.0
37.4096
40.545
40.1825
-1.0
-1.0
-1.0
-1.0
-1.0
-1.0
51.0178
49.2087
48.041
43.6012
50.2694
31.651
41.3081
35.6602
34.3904
-1.0
45.5761
39.5112
36.5379
51.8509
21.2775
-1.0
-1.0
25.5207
-1.0
24.7856
40.3791
40.8347
24.2557
27.6658
28.8042
23.6042
38.7546
29.6477
40.4001
41.049
-1.0
24.516
44.153
21.2467
45.6116
45.331
31.9627
15.9245
31.2184
32.5926
30.2543
42.7148
49.2728
50.98
47.6745
-1.0
49.7012
32.7617
43.5833
38.0988
43.2628
51.3042
18.0359
15.9816
21.3314
22.8708
14.2754
46.065
27.5508
40.1657
-1.0
-1.0
26.8072
-1.0
22.7277
29.5362
30.7215
38.6086
37.85
-1.0
27.1937
-1.0
33.2156
-1.0
-1.0
-1.0
45.7349
18.4094
50.9993
45.8698
41.8563
21.6681
51.2389
29.9419
23.409
35.7602
45.043
-1.0
51.7283
-1.0
-1.0
51.8032
26.9491
40.1985
30.9858
49.6736
42.5443
51.1195
15.7554
-1.0
38.8628
45.916
-1.0
32.457
-1.0
-1.0
53.1331
32.5783
25.6737
32.84
39.2916
29.2033
50.5107
35.5056
50.2606
-1.0
23.7579
42.3242
50.03
17.9559
-1.0
43.0545
-1.0
-1.0
31.6073
-1.0
34.1449
41.5906
27.0095
44.1597
22.7437
-1.0
41.0796
20.1815
42.9062
41.5474
27.3145
-1.0
34.5417
31.0693
18.7048
24.1492
40.4096
-1.0
11.8219
43.7673
-1.0
51.8322
-1.0
15.2947
-1.0
51.5728
23.1319
33.7159
41.8245
42.9161
52.085
48.9318
38.359
33.3265
-1.0
-1.0
49.4211
38.8685
30.6561
28.4841
-1.0
46.3595
49.3619
51.3215
50.2107
25.4708
45.442
-1.0
37.3623
33.7272
-1.0
30.621
47.7711
47.6785
-1.0
-1.0
19.8066
39.607
43.9986
33.5326
25.4761
41.3604
23.8073
51.98
-1.0
34.252
56.5618
-1.0
46.5246
28.2257
-1.0
35.4813
50.3267
47.8243
-1.0
-1.0
46.292
25.4159
39.0748
46.106
24.2306
47.2494
44.757
49.9605
41.869
-1.0
42.8629
43.9532
30.1433
49.0571
16.5249
42.1043
47.611
26.8174
48.6766
45.2296
32.4974
47.7032
-1.0
46.9519
-1.0
40.4171
-1.0
20.1174
35.2074
49.5282
30.1619
50.1369
39.7679
43.2679
16.3612
49.183
-1.0
47.2797
37.7631
55.4375
43.2336
46.2797
40.5881
48.3463
42.4559
-1.0
25.8178
19.4043
44.5137
-1.0
37.0355
-1.0
42.4171
22.1146
20.3502
33.8856
15.0732
51.5653
36.9147
28.7556
40.9155
33.2656
47.4619
27.9292
51.4859
-1.0
-1.0
41.1203
33.5847
54.1428
49.8161
-1.0
38.2329
39.341
28.8566
28.0968
-1.0
42.7318
-1.0
48.9462
46.9577
-1.0
51.7543
28.8719
38.3761
36.8816
45.34
-1.0
-1.0
43.9959
48.291
44.3355
28.7223
-1.0
51.278
26.808
50.5762
43.8189
36.2786
50.7004
-1.0
48.3429
-1.0
38.2339
28.281
28.094
34.2054
48.6074
36.4749
26.7638
-1.0
46.9911
48.1105
45.4919
-1.0
44.6194
20.9211
-1.0
-1.0
37.1668
-1.0
22.4994
21.0202
41.5759
33.9487
49.6382
-1.0
-1.0
49.9573
51.5402
30.3101
-1.0
51.3231
-1.0
8.97046
-1.0
31.4072
51.2777
32.0588
29.428
8.94674
30.566
48.9296
51.6038
46.5755
29.7915
35.8332
39.3996
49.723
21.8752
32.0317
26.3924
-1.0
41.4242
26.0342
49.45
37.9671
47.8912
19.3159
39.2355
47.0378
25.4699
37.2336
-1.0
34.5492
45.5317
28.6005
-1.0
-1.0
30.155
35.9845
30.1571
48.2282
22.7475
52.1811
46.9589
18.7918
33.0561
46.0168
-1.0
51.7077
34.9173
-1.0
43.396
42.3094
-1.0
-1.0
-1.0
-1.0
49.2881
42.4328
-1.0
47.1102
22.2788
-1.0
-1.0
36.194
43.0348
50.8921
40.5701
22.9591
44.978
51.8777
42.5709
46.1887
41.0039
-1.0
29.379
21.4799
38.6826
30.6816
39.8191
-1.0
9.88441
48.0537
47.0309
33.1259
43.9281
35.1117
35.819
44.12
41.8697
17.7932
17.1267
25.8732
24.5044
40.3888
-1.0
-1.0
51.0282
35.3845
21.283
44.9029
54.4987
50.0287
46.2588
-1.0
21.9635
41.9963
-1.0
48.3806
12.5327
22.9885
51.3547
39.6088
-1.0
21.4359
33.2911
-1.0
-1.0
27.8929
-1.0
51.032
38.6532
-1.0
49.8574
-1.0
51.4326
38.8312
26.2678
-1.0
45.5178
48.4141
29.0602
35.9446
34.4896
47.6817
-1.0
31.164
22.7904
29.084
36.0218
-1.0
50.0636
45.6626
27.6283
-1.0
50.2509
-1.0
13.1486
19.845
50.8934
-1.0
33.6336
42.1993
-1.0
26.0819
31.9729
27.4652
42.3029
-1.0
35.2021
-1.0
-1.0
38.6775
-1.0
20.8248
32.1993
43.3095
46.3752
-1.0
43.6199
49.4399
-1.0
19.2957
48.7149
21.8585
30.8925
-1.0
39.9092
37.2225
28.8223
33.065
32.6769
45.7486
45.7881
41.913
47.9219
42.392
40.5199
31.8994
7.53493
-1.0
21.7542
-1.0
-1.0
29.7526
35.7485
27.7351
22.4724
32.5858
19.8283
-1.0
-1.0
25.8367
38.1084
38.6104
44.0158
49.8806
41.6906
-1.0
24.1581
-1.0
46.4576
44.6144
-1.0
-1.0
43.2062
-1.0
37.0934
45.2037
-1.0
51.7177
50.8697
27.7057
18.9946
50.7572
28.8185
22.9264
16.9564
37.9875
54.6061
21.0011
-1.0
9.35236
35.3693
39.9645
49.6581
16.7084
44.3664
36.5303
47.5982
-1.0
14.7538
40.5969
-1.0
22.3406
29.8499
44.8449
22.5882
40.2084
33.3119
46.2769
40.4999
-1.0
50.1894
49.4349
35.823
51.1486
34.7078
48.7977
-1.0
-1.0
30.9877
43.7411
32.3244
-1.0
-1.0
42.5936
21.9787
-1.0
51.5679
-1.0
-1.0
41.386
-1.0
19.693
52.0014
32.8393
29.9736
33.6408
44.0265
48.1233
28.9278
52.0359
-1.0
-1.0
45.5363
48.4938
44.4282
31.4209
43.0462
-1.0
35.7431
37.7793
41.6014
50.6356
43.5169
31.9637
45.6627
32.2888
48.2403
47.9272
30.6791
37.3308
-1.0
-1.0
28.4956
26.3394
27.9031
29.2051
26.1596
-1.0
31.141
38.6838
35.1723
34.5186
7.25355
-1.0
32.1223
-1.0
36.245
44.5537
43.6194
14.9106
38.0515
51.7431
40.5692
45.9347
48.267
47.5714
-1.0
37.8704
20.729
-1.0
31.8174
45.9352
-1.0
-1.0
51.7521
35.1287
51.0314
40.6494
25.2551
48.7992
-1.0
17.8567
-1.0
22.1467
17.4138
35.8099
39.3639
31.8164
30.2266
18.5221
30.8986
51.0487
42.4073
48.936
50.9962
-1.0
45.1662
16.7799
30.3536
35.9929
50.453
24.7556
52.1385
31.4722
-1.0
19.2119
40.0379
42.6978
42.4235
20.297
51.7454
54.6246
27.5837
-1.0
-1.0
40.7225
35.4649
34.7797
48.6331
47.9089
29.6969
30.0942
40.471
34.6844
34.332
20.0064
-1.0
51.4767
36.0594
34.3959
42.2247
12.3033
-1.0
39.9235
42.6381
-1.0
42.4913
27.1253
33.8466
38.9324
39.5852
29.4334
15.2186
-1.0
-1.0
29.559
31.786
-1.0
-1.0
16.8633
23.5351
38.766
-1.0
42.6332
29.058
44.6288
28.5143
-1.0
46.4702
-1.0
22.51
28.2686
34.0574
44.025
38.1284
42.432
39.1093
40.5818
44.1953
41.3793
17.8295
35.6019
33.9565
30.925
16.7577
30.5582
26.9401
46.4674
-1.0
41.5262
36.9119
45.274
-1.0
55.7685
-1.0
24.9731
33.5078
38.0242
50.6782
35.4264
35.3217
48.7013
-1.0
22.2443
12.4095
31.0088
30.7026
-1.0
28.0514
51.0476
47.3142
-1.0
15.886
44.6612
50.654
45.3343
45.1953
42.8889
-1.0
43.1545
17.6427
20.5503
-1.0
50.8868
36.6394
-1.0
21.1201
-1.0
31.2313
-1.0
49.3584
48.0635
30.5464
-1.0
-1.0
51.1632
32.6308
47.1458
27.2126
-1.0
40.4046
-1.0
35.1947
-1.0
48.9144
40.2722
36.5604
-1.0
-1.0
-1.0
-1.0
-1.0
31.5047
-1.0
35.1549
38.3158
16.2042
29.5705
38.0295
44.0826
50.81
41.9434
44.3818
27.0044
41.8436
33.9851
49.3454
44.9032
-1.0
44.2733
-1.0
-1.0
-1.0
44.7164
-1.0
-1.0
28.9344
48.0798
-1.0
34.1849
25.7047
-1.0
40.5923
42.1624
27.8747
40.3268
35.9238
49.2374
36.2489
-1.0
23.4353
34.0899
-1.0
45.0396
51.5364
27.1536
32.1823
-1.0
32.1835
21.6815
41.9445
12.3848
39.2081
47.727
35.0547
35.041
36.2941
25.6367
28.5075
48.0219
-1.0
-1.0
30.6808
33.0526
43.062
43.0223
43.449
31.8946
-1.0
37.8955
48.5422
47.9846
11.0266
51.7236
42.1539
19.8248
29.1092
53.3902
47.8344
-1.0
-1.0
47.51
16.3792
31.6984
34.5977
47.4674
39.5225
32.8375
31.2493
20.7335
-1.0
43.1312
51.8427
9.93944
46.0258
44.1992
45.3883
-1.0
-1.0
-1.0
37.3364
43.9122
46.8576
-1.0
24.6748
51.2462
46.9069
47.7927
37.4939
-1.0
36.0726
24.6415
47.358
51.2131
37.768
37.8922
14.8267
16.3858
15.6957
38.9481
47.1143
-1.0
29.0258
45.0597
44.9126
46.8731
36.488
47.2253
-1.0
49.1463
25.3516
-1.0
27.2271
-1.0
35.9663
28.1331
17.7628
50.1182
44.7476
43.1052
39.2005
48.3463
30.6816
39.8682
-1.0
47.8188
42.3639
38.9061
25.3231
38.1831
30.729
-1.0
41.738
43.1185
-1.0
-1.0
40.2286
51.8302
32.2773
51.2025
40.9185
20.7797
34.519
25.9764
-1.0
24.0834
48.4568
11.2859
25.7058
32.942
44.006
30.9964
33.2608
47.4941
-1.0
31.4403
22.5102
39.5093
42.6435
47.6419
43.7884
-1.0
48.6844
24.382
51.6778
29.7905
49.8129
28.0135
-1.0
50.7911
37.2508
49.9931
38.8659
48.6103
29.6658
41.4513
45.6232
46.6106
46.6035
-1.0
-1.0
-1.0
49.2605
37.8115
-1.0
21.2062
31.895
40.5024
34.5576
32.4355
40.7489
35.8608
35.4818
-1.0
-1.0
-1.0
-1.0
42.1843
-1.0
14.7431
-1.0
31.1811
24.8695
31.3912
37.5931
-1.0
48.2596
24.0914
34.9565
46.1947
43.1899
-1.0
30.1965
48.6114
-1.0
48.3043
51.2558
45.2699
35.6797
-1.0
39.847
-1.0
25.8744
-1.0
24.884
44.2682
44.8734
45.0135
46.6754
23.4309
-1.0
49.9215
13.0697
26.6655
-1.0
40.0642
38.1817
-1.0
49.0902
-1.0
-1.0
35.0057
-1.0
49.056
44.0245
44.8972
48.1599
36.4239
35.6034
-1.0
27.7471
36.7824
-1.0
30.9868
-1.0
34.041
53.2917
-1.0
47.8603
20.741
-1.0
22.1894
-1.0
49.879
27.9461
34.707
39.4478
48.7965
44.6719
25.9551
38.3498
19.8018
30.0116
50.1138
42.3821
-1.0
33.0423
49.5424
-1.0
-1.0
-1.0
-1.0
-1.0
25.3434
-1.0
21.5432
36.1238
29.6061
32.0317
36.8605
-1.0
-1.0
29.1443
26.3903
13.2797
16.316
51.4605
-1.0
35.1385
41.1763
49.6757
18.6069
10.9371
-1.0
43.1848
-1.0
38.3504
46.2969
44.8905
-1.0
45.5263
52.3149
32.8294
52.1856
50.9966
40.9048
33.2799
51.2798
42.9927
-1.0
53.1487
-1.0
36.4181
23.8829
49.5092
51.8531
29.7787
-1.0
-1.0
-1.0
41.2624
-1.0
51.102
44.9734
44.8562
46.6083
47.5361
35.6521
36.2664
17.7273
45.9286
17.7917
36.7976
37.0132
44.7145
-1.0
33.6897
-1.0
47.5008
-1.0
50.7226
44.0838
47.671
44.4214
49.1829
50.5291
-1.0
35.318
-1.0
44.6746
-1.0
21.9447
38.7494
28.1523
-1.0
31.0349
51.583
41.6013
41.4858
-1.0
21.1492
50.7487
51.3424
50.0432
29.0994
42.469
37.0657
44.5978
-1.0
35.4193
27.9746
41.4946
31.313
24.2492
33.2481
19.4634
36.0954
47.2997
41.5752
39.9256
-1.0
35.5879
47.617
18.7262
35.7776
50.0039
-1.0
43.0513
-1.0
21.3039
40.6957
36.5923
36.0739
31.2008
31.4926
19.9513
51.8848
49.4412
35.2305
49.7444
38.5694
47.395
-1.0
45.1726
45.135
51.0059
48.3848
-1.0
20.3304
39.6228
47.8159
43.726
-1.0
36.1911
40.3402
-1.0
-1.0
31.7267
48.9107
37.4683
27.1248
50.0532
26.3407
24.6079
32.7026
26.6143
50.3728
-1.0
37.5561
40.0872
23.308
39.731
-1.0
45.6643
-1.0
45.6499
24.1626
16.1383
41.5581
20.9494
-1.0
43.9571
38.1901
-1.0
35.3173
49.4071
34.6019
50.9796
30.067
27.8738
37.8594
48.0753
-1.0
-1.0
39.4937
-1.0
26.3787
25.7143
20.6558
-1.0
-1.0
48.6064
39.7325
-1.0
42.8874
46.3007
20.4687
46.2973
38.9267
41.9911
37.8886
46.1963
48.3735
50.6284
42.9985
30.6898
46.984
33.5557
32.4812
-1.0
42.8615
42.0231
18.5081
35.0779
-1.0
22.5683
48.2953
-1.0
48.6929
51.4266
-1.0
24.1953
15.8379
35.1305
50.5581
30.2161
19.8082
13.7483
11.7965
-1.0
41.9482
-1.0
21.393
29.5699
42.0972
-1.0
36.7222
48.6229
48.3185
-1.0
51.6322
48.6343
-1.0
28.8065
-1.0
7.40195
38.8538
41.5682
45.9417
-1.0
46.2651
33.1594
49.6236
46.2195
49.1101
-1.0
-1.0
32.7358
47.5102
51.7373
50.8692
18.3083
41.2227
-1.0
32.312
46.9174
-1.0
46.0015
-1.0
37.2377
-1.0
-1.0
-1.0
42.1741
33.7859
30.0596
16.9849
-1.0
23.42
32.4684
41.8809
-1.0
28.3633
43.0681
36.2384
-1.0
-1.0
25.4823
48.2744
35.1967
47.5275
28.4281
-1.0
-1.0
30.7055
46.4977
26.8996
41.47
-1.0
12.9028
17.4504
24.5772
-1.0
8.72923
35.6644
51.1518
51.5794
32.0393
45.6595
43.0208
20.671
51.0707
32.0181
41.7152
48.8068
31.166
46.3993
-1.0
42.5554
34.1821
40.5859
41.2279
48.9959
-1.0
49.412
-1.0
40.6649
-1.0
30.1908
21.7626
51.9551
44.9205
42.7394
45.4229
31.1118
51.6572
39.6209
-1.0
36.1753
14.0509
38.4001
25.5371
34.0846
-1.0
47.3554
29.1958
46.2111
22.0334
41.8762
19.717
-1.0
46.6934
-1.0
52.3095
-1.0
49.7119
49.4156
31.8288
17.8538
47.427
-1.0
33.1757
28.0165
43.8401
36.7111
37.6322
50.6234
35.7189
-1.0
-1.0
-1.0
36.256
31.8288
50.7087
31.8319
23.8093
45.5371
-1.0
27.4765
-1.0
50.7554
20.8927
26.1975
51.7144
52.1257
49.5969
28.2048
45.1825
-1.0
49.8183
15.3071
-1.0
36.0207
45.3048
45.9123
29.6193
42.1269
-1.0
52.222
40.5022
42.9063
-1.0
45.6924
38.1312
32.6365
30.2717
-1.0
50.3034
52.1454
42.8192
43.9888
39.2072
23.5948
-1.0
32.5229
38.5061
40.9502
12.5693
-1.0
20.7276
-1.0
6.54147
47.6512
19.2978
29.8556
41.1267
35.411
18.6808
37.3339
31.6159
29.9347
22.8961
51.3905
47.3805
30.819
44.5954
34.4248
35.7996
-1.0
43.2659
26.7543
28.6175
43.3161
50.5531
43.0758
45.8059
42.7187
24.6785
34.8275
25.7462
41.9928
-1.0
16.6142
48.1498
28.6102
24.6939
21.2426
-1.0
46.5157
38.2797
24.2739
26.3815
46.2285
21.8023
-1.0
36.9498
27.8087
-1.0
48.3312
-1.0
-1.0
18.6287
46.4403
45.6026
33.6773
26.3851
29.5118
48.3233
49.9849
17.6951
-1.0
26.9751
50.8464
37.4834
35.7834
-1.0
42.6242
38.0145
25.4916
-1.0
34.6675
44.7706
21.6021
30.7262
43.336
25.0452
36.6211
28.4284
42.7513
45.232
-1.0
33.2065
28.7482
20.0607
-1.0
-1.0
33.2652
23.6201
20.557
23.7007
48.277
-1.0
29.87
43.7454
38.6923
16.8771
-1.0
17.7945
-1.0
36.8905
28.9697
38.2426
-1.0
17.5172
27.9327
21.7315
51.2367
44.853
51.1685
49.0245
51.0517
34.8914
29.8532
45.0675
44.8465
36.6558
13.6426
44.0723
41.8395
42.5661
41.748
-1.0
52.6893
49.6866
-1.0
-1.0
-1.0
20.6392
38.8477
-1.0
-1.0
-1.0
-1.0
45.0516
46.9678
-1.0
45.8741
48.6128
20.8956
44.1704
33.8268
50.1402
13.6582
18.5436
47.1689
42.9083
15.0512
39.0701
26.8843
21.8728
42.3465
-1.0
21.5399
36.797
50.8589
37.5422
14.8005
49.7174
42.2468
-1.0
42.3193
-1.0
48.51
-1.0
-1.0
36.0515
34.6813
-1.0
42.4531
23.6295
46.583
35.5216
36.6125
37.8264
-1.0
-1.0
35.6176
50.3198
37.8078
-1.0
42.2244
-1.0
26.7987
16.0139
38.1589
41.0427
-1.0
30.6744
41.008
42.7424
30.4137
27.459
26.2518
47.2977
36.7214
46.982
31.6291
49.5168
18.9625
26.9395
21.491
19.7199
31.2234
36.7249
-1.0
41.9203
-1.0
-1.0
-1.0
41.4264
-1.0
30.6414
42.9171
43.8925
46.6659
-1.0
35.2705
15.9598
20.108
-1.0
46.9948
22.39
27.4441
48.6463
56.3518
-1.0
-1.0
22.6137
24.4614
16.9074
32.5373
50.4248
50.0725
-1.0
45.3683
47.3277
30.6704
44.9783
43.923
27.365
33.691
-1.0
38.3255
7.03651
47.9231
36.7666
50.4024
43.6072
14.7197
26.9018
44.1412
40.0174
13.2035
31.2331
-1.0
47.9938
49.7423
46.8288
-1.0
43.3184
52.113
20.2662
33.9044
42.5521
48.3155
-1.0
47.1339
-1.0
51.4886
36.279
22.3045
29.3315
36.5168
16.3744
19.6059
26.1848
42.0747
48.2637
13.3747
41.826
33.6235
37.4139
37.8131
20.0477
38.9477
32.6294
-1.0
13.5999
-1.0
36.3869
49.361
-1.0
-1.0
30.2221
32.2058
-1.0
46.8805
28.1697
-1.0
32.1785
24.6328
42.6235
30.2308
50.0658
50.672
43.1487
-1.0
35.4563
-1.0
46.048
-1.0
28.9484
30.3733
7.21906
27.8622
-1.0
22.7171
41.9747
45.1312
31.5677
-1.0
-1.0
46.0566
51.6583
-1.0
44.6955
15.4079
30.7779
51.2579
31.1714
46.6159
30.2422
-1.0
28.8073
49.2481
46.4112
42.283
41.3004
50.44
-1.0
37.7099
36.5136
-1.0
35.1964
-1.0
22.1355
22.8336
16.8099
35.0669
28.1327
50.0995
24.3775
27.8865
21.3941
41.9577
30.8516
44.8778
-1.0
39.5083
-1.0
25.5088
40.523
50.6725
-1.0
46.9781
48.7606
-1.0
-1.0
30.3899
50.8603
44.5325
27.4858
-1.0
38.1275
47.3455
43.9955
37.5754
47.9364
30.4198
51.1968
26.3516
46.8766
-1.0
13.808
51.5974
27.1075
-1.0
46.9348
-1.0
-1.0
25.2803
-1.0
44.9959
51.0268
30.6681
33.2656
44.3387
19.0447
35.1224
20.4553
51.0944
43.6115
-1.0
43.7666
37.2605
-1.0
-1.0
-1.0
46.5425
42.5288
31.2172
-1.0
37.8087
-1.0
30.9793
-1.0
49.8984
48.5378
36.454
-1.0
47.6204
42.1041
-1.0
48.2931
28.5475
-1.0
41.7822
35.4108
30.573
19.4758
36.2453
25.1288
35.0739
39.936
41.5278
28.6047
-1.0
-1.0
50.6349
28.9696
-1.0
35.5212
30.9435
47.19
-1.0
16.8313
21.3225
34.6308
23.2206
47.9986
49.3008
37.7992
19.9228
41.2384
41.6185
46.8838
48.7906
48.2273
32.7809
51.8477
43.8672
45.0574
-1.0
13.6452
35.2044
-1.0
18.8899
-1.0
33.4239
26.3151
19.8135
-1.0
42.3842
29.2012
39.9003
31.2349
29.4573
47.646
49.2524
46.9447
50.213
42.0281
27.961
31.0399
34.0422
37.9544
32.7875
21.5581
54.9253
-1.0
45.7107
17.8575
14.6024
51.3745
43.8363
22.5194
39.7163
12.1176
19.2836
-1.0
22.4539
44.0627
-1.0
48.2476
30.8911
33.2025
41.8446
50.4102
-1.0
39.6795
-1.0
34.3643
47.3374
32.402
34.1706
45.9947
17.3482
46.1699
40.4548
48.9949
51.7477
36.5653
43.2051
-1.0
-1.0
45.6262
-1.0
27.6727
-1.0
-1.0
49.9393
34.8356
34.6786
42.057
49.7111
46.7012
46.8305
-1.0
28.5879
-1.0
45.7742
-1.0
40.4432
27.5485
-1.0
20.8977
-1.0
-1.0
30.367
30.3425
38.7066
12.1491
19.4964
36.7905
-1.0
44.3189
48.9317
-1.0
34.9064
43.5419
49.4813
46.0693
-1.0
33.2894
29.6974
24.1019
37.5282
50.9986
33.068
-1.0
38.8919
33.6791
-1.0
33.4376
49.1738
29.4032
25.8939
30.1794
-1.0
42.8751
19.3313
37.3396
-1.0
39.5279
42.1973
36.8483
-1.0
-1.0
15.5045
25.7051
-1.0
39.2453
51.6744
46.9258
38.8414
25.1667
35.2685
-1.0
44.0047
21.8806
-1.0
46.0158
28.588
27.1634
45.5135
42.8254
38.8967
43.2475
47.2889
51.9392
48.8988
21.8761
31.9919
43.3308
-1.0
40.4461
24.0273
40.0731
38.9913
35.4414
47.8065
-1.0
47.2385
38.4397
-1.0
35.3588
-1.0
-1.0
31.1571
20.2386
39.1402
30.2599
-1.0
40.3288
47.2942
45.9591
48.4064
39.7979
37.1743
-1.0
29.427
40.8769
29.3521
23.2964
50.9376
42.3155
-1.0
17.7297
47.7649
46.1088
-1.0
30.3696
50.3089
21.7769
49.7234
35.8325
29.5667
-1.0
-1.0
43.2789
35.3933
-1.0
-1.0
34.9104
-1.0
40.9897
49.2381
51.9897
36.8283
35.7895
47.0161
35.3014
51.7302
-1.0
42.7819
16.9869
-1.0
-1.0
47.881
49.236
36.8423
41.2874
50.0883
38.4014
42.6328
26.4744
24.2999
-1.0
41.7919
49.2584
-1.0
-1.0
51.2044
31.337
43.1304
28.4433
51.2394
43.724
45.0391
50.7809
30.8819
42.6622
20.2196
44.4833
45.4144
16.8359
-1.0
41.8173
45.3209
44.5115
50.4523
35.4553
-1.0
-1.0
40.8108
48.9132
34.9556
50.7335
50.7834
40.6777
19.0754
51.5368
30.5601
51.069
-1.0
40.7875
36.2343
32.6848
-1.0
31.2422
36.7093
38.1382
40.4264
49.3172
49.6044
41.965
46.7957
29.0677
-1.0
43.7989
29.6572
-1.0
48.3022
42.6718
50.3834
30.5144
50.0158
35.1687
24.4785
-1.0
46.8221
36.7569
13.9419
31.5883
-1.0
48.8207
30.277
51.6368
42.7097
47.9867
44.5398
27.8472
42.5305
31.1077
-1.0
-1.0
-1.0
-1.0
51.7616
21.3278
19.562
36.1111
40.0552
38.2331
37.0148
48.5692
-1.0
52.2775
-1.0
40.3133
41.9
44.6591
36.8374
-1.0
31.3541
-1.0
26.6789
32.3643
28.3443
22.7632
51.8991
31.4786
-1.0
39.167
21.3137
43.685
-1.0
40.8898
11.0954
51.5502
40.3422
38.9122
-1.0
31.4502
32.2704
-1.0
52.2434
38.2813
16.5625
36.6414
33.2915
43.9227
-1.0
6.5236
44.8786
27.4248
-1.0
47.6142
49.0139
26.7647
7.69915
37.6988
21.0793
26.6138
49.8622
-1.0
23.6716
-1.0
43.0488
21.8155
44.8421
48.2977
-1.0
47.669
37.2168
29.8411
23.7902
49.361
45.359
40.0263
31.6158
45.6179
26.509
19.7017
13.7715
44.4659
42.1904
51.3115
25.0773
41.5762
38.571
28.9348
-1.0
46.8456
39.5371
49.0188
41.0009
23.5614
14.6958
47.1381
50.6842
28.4051
29.3171
47.9212
-1.0
43.2317
32.1638
42.9825
30.6535
23.7081
40.3986
36.484
43.1897
40.5091
-1.0
42.4084
39.9656
47.946
39.9798
45.4141
54.2169
43.6446
35.6502
52.164
32.4844
36.0255
29.0075
28.3508
22.628
39.7234
-1.0
40.2807
36.6019
29.7605
35.1721
31.1206
43.6655
34.1083
46.0745
30.7196
28.1822
-1.0
44.4659
42.2554
-1.0
45.2447
51.1567
46.3962
39.7228
34.1095
-1.0
47.9305
31.9098
26.4092
45.4529
50.2547
21.0915
-1.0
-1.0
28.1093
24.9303
-1.0
28.2476
51.2684
42.0494
51.2664
16.8901
17.6179
44.9873
15.2819
46.5336
46.6443
41.075
24.6313
44.7346
26.2561
39.331
25.5544
31.9193
19.9298
20.9914
-1.0
47.3615
-1.0
49.0348
35.4134
33.1793
41.7604
-1.0
36.4862
-1.0
31.2722
39.7525
47.1902
40.7442
44.8536
43.0932
27.8041
-1.0
-1.0
23.4898
28.1275
45.0875
42.7849
28.2835
52.1289
-1.0
26.0084
44.7019
41.0019
36.3055
34.1608
-1.0
18.6721
-1.0
8.48282
31.5604
-1.0
-1.0
-1.0
41.9902
36.7613
52.0532
30.4937
38.9814
18.3206
-1.0
-1.0
54.612
26.028
-1.0
-1.0
49.517
24.6175
47.8432
50.4213
-1.0
-1.0
27.6693
27.3114
-1.0
13.7518
47.2573
47.3993
45.8516
40.6689
51.0854
44.2312
43.5769
20.4322
-1.0
42.7684
21.7033
-1.0
38.2709
41.9428
-1.0
34.8516
32.7891
46.6477
50.4989
-1.0
-1.0
39.6836
18.7144
-1.0
17.1271
42.2421
-1.0
16.4222
46.676
-1.0
48.7204
50.0761
42.4907
25.0266
51.0246
40.6101
39.933
55.171
-1.0
29.7607
-1.0
-1.0
20.7047
45.6282
29.3753
35.9216
16.5727
-1.0
24.3772
20.4682
49.2122
32.2366
42.523
38.1217
35.8768
19.935
42.1686
-1.0
31.328
25.574
37.755
-1.0
30.5587
39.9054
-1.0
54.1431
-1.0
35.0628
-1.0
42.1483
18.0034
30.6012
52.4009
-1.0
50.9474
23.1492
51.1577
37.1129
22.3427
24.1743
-1.0
46.8749
26.7242
40.6907
-1.0
46.5479
46.5688
46.1083
27.2707
-1.0
40.7905
-1.0
44.7196
48.7099
47.5947
12.912
-1.0
25.6857
46.5153
47.3724
-1.0
46.3689
-1.0
13.3282
-1.0
-1.0
47.8294
-1.0
47.3625
-1.0
29.0131
-1.0
49.8219
16.3052
40.5107
-1.0
32.2435
33.5025
-1.0
22.8237
50.9885
33.0443
-1.0
42.8249
-1.0
44.5308
31.0999
40.8381
21.3715
26.6522
37.2901
-1.0
20.1616
9.10176
-1.0
40.1853
45.2584
37.5248
37.2862
44.2362
50.5518
-1.0
44.6754
30.6277
43.0088
39.1185
-1.0
29.8271
51.2987
34.5462
24.4289
-1.0
-1.0
25.7186
20.5786
42.9148
30.8157
-1.0
48.3451
45.0102
51.9437
46.5422
-1.0
-1.0
-1.0
18.8729
45.6984
54.5467
38.5882
-1.0
50.8054
-1.0
10.8076
-1.0
24.1409
43.7812
33.8035
-1.0
-1.0
50.1085
43.6874
40.3682
-1.0
43.5345
41.4759
-1.0
47.5009
35.1906
-1.0
-1.0
45.0095
48.2785
-1.0
16.0733
35.0465
-1.0
45.3585
17.8956
-1.0
48.6456
-1.0
16.4438
30.4473
36.0026
43.5934
51.9709
30.7392
-1.0
-1.0
34.1377
18.5223
35.5165
27.9396
33.5117
-1.0
25.0204
35.3388
42.4692
22.9792
20.5644
-1.0
-1.0
27.8512
42.4569
51.5121
36.1555
34.1242
38.5404
14.4894
34.2429
36.9161
28.0366
35.9441
29.2884
-1.0
-1.0
37.0596
-1.0
48.2491
44.1814
24.5599
48.8547
26.0781
45.4437
114.776
-1.0
34.7349
-1.0
43.9088
-1.0
33.627
12.0601
-1.0
-1.0
47.896
47.1618
50.0184
47.0406
-1.0
37.1282
-1.0
-1.0
28.7794
28.707
33.9736
11.8195
38.2221
-1.0
51.0369
-1.0
47.5197
46.1078
52.1702
32.9452
37.6131
37.458
50.5354
44.1796
50.0539
26.8039
-1.0
39.1507
38.3972
43.3167
25.4247
36.843
45.4717
43.6215
26.5395
49.3292
37.8366
38.3962
51.3118
-1.0
51.3742
-1.0
42.414
34.7347
37.1438
-1.0
51.4496
38.7637
34.7255
-1.0
16.59
27.4513
-1.0
35.5714
16.8487
46.7541
34.6202
51.3128
43.7385
48.9916
39.085
-1.0
40.0851
42.3359
24.2892
43.758
30.5966
33.796
25.1803
-1.0
23.367
33.942
26.8914
39.8023
16.5243
45.2611
40.0146
30.4379
36.7542
-1.0
50.2441
48.0095
48.9946
36.0361
-1.0
44.0253
-1.0
30.0926
29.5909
51.708
27.9627
9.90367
52.5852
33.8217
35.9649
19.7952
-1.0
38.4999
34.986
32.346
39.7206
42.1412
40.4328
18.9838
-1.0
51.22
49.2848
-1.0
25.4138
43.2997
28.916
-1.0
38.6309
43.3597
32.5064
-1.0
51.4108
19.3326
30.8129
36.0951
41.6724
-1.0
34.8483
-1.0
50.1726
-1.0
38.4106
-1.0
45.4045
38.6219
40.1558
41.0775
39.3363
45.5138
45.3175
-1.0
-1.0
32.3873
42.2731
44.8266
28.0482
-1.0
29.6674
-1.0
52.153
18.7496
39.7348
34.9487
-1.0
30.5211
40.9014
40.1847
-1.0
-1.0
-1.0
23.6276
37.5616
22.4135
46.2908
48.0284
21.4319
22.1795
40.446
26.3862
48.1061
31.8696
-1.0
31.7262
19.8181
41.506
16.0173
37.6373
11.9103
26.9532
14.1679
-1.0
39.9682
49.2312
40.5207
13.5645
20.1681
-1.0
46.1658
44.8314
-1.0
22.3964
-1.0
-1.0
35.086
23.2584
26.2471
11.6085
36.9889
-1.0
49.6278
29.4612
41.9318
-1.0
-1.0
47.0865
45.8741
-1.0
35.8226
40.2434
-1.0
39.3159
-1.0
36.3583
51.99
25.385
48.6478
33.2602
-1.0
24.3933
47.1641
42.1934
30.9155
-1.0
51.1727
48.7044
-1.0
31.7007
35.9733
32.1274
20.6259
23.9585
-1.0
36.7826
45.1628
27.9907
27.2186
13.6982
20.2451
51.3212
35.4072
39.1398
-1.0
48.7688
14.0079
-1.0
33.7316
25.6447
33.3832
51.1905
-1.0
10.9488
31.6565
42.8543
34.1777
31.6687
-1.0
44.7839
-1.0
-1.0
38.3335
50.1905
37.4029
-1.0
-1.0
32.6755
42.618
26.3717
16.367
-1.0
44.3904
50.7899
30.4911
29.7472
-1.0
36.433
44.4237
41.2903
13.7802
50.7801
39.3199
40.1105
-1.0
17.2856
-1.0
34.5983
43.6984
-1.0
17.2275
-1.0
49.7021
42.6903
-1.0
47.3692
-1.0
44.5456
-1.0
42.7991
38.6514
33.8137
34.966
28.3232
33.2728
-1.0
-1.0
-1.0
-1.0
46.8521
-1.0
22.1492
40.1105
50.7855
-1.0
34.0062
49.7182
-1.0
-1.0
-1.0
-1.0
20.0656
37.0297
48.3155
30.2874
-1.0
47.4132
39.803
16.6921
10.5459
31.348
44.7126
45.0411
37.7359
34.0733
22.7539
22.4608
40.5942
21.9897
49.5279
47.0946
-1.0
37.4302
-1.0
16.7301
32.4356
-1.0
-1.0
34.6781
-1.0
24.6024
34.1075
34.7193
20.557
43.6704
51.4128
-1.0
-1.0
46.4124
19.3223
49.8333
42.0531
20.9682
42.8746
3.89351
39.5163
25.6821
51.079
44.2562
-1.0
45.8741
32.6021
-1.0
49.8422
26.0571
34.0552
-1.0
-1.0
37.5804
46.008
-1.0
49.9552
-1.0
-1.0
-1.0
36.8688
35.5638
-1.0
25.5182
-1.0
42.8968
35.0427
-1.0
-1.0
51.8503
21.9054
-1.0
-1.0
46.2731
45.1807
-1.0
36.9199
50.5641
41.6099
13.7723
-1.0
15.6948
-1.0
24.1744
46.6929
51.0841
47.2303
39.7559
21.899
42.803
42.5421
47.3304
34.7011
-1.0
47.1796
26.2385
26.4394
41.4909
38.9662
-1.0
40.9572
31.6906
45.7613
35.6216
41.6541
-1.0
35.9057
43.2125
-1.0
46.6203
-1.0
27.0939
44.0225
25.5736
-1.0
49.9955
42.297
38.8076
-1.0
48.0527
37.402
-1.0
16.5415
-1.0
-1.0
41.6158
41.6202
42.638
23.9603
44.0328
49.8945
22.9909
34.021
41.556
25.2226
-1.0
41.2898
25.7888
20.5318
43.6239
38.9258
49.1389
-1.0
46.2973
26.0812
46.355
-1.0
-1.0
52.3035
-1.0
-1.0
33.6139
47.8323
-1.0
-1.0
22.3199
43.6266
50.0227
43.5498
41.3635
24.7537
38.0647
42.5152
36.0145
-1.0
28.8391
-1.0
51.3361
49.8016
45.3374
-1.0
51.9417
32.9796
30.1969
36.4427
26.3605
-1.0
43.3498
51.12
25.1016
36.3368
-1.0
26.1719
10.2443
25.9901
41.5778
39.9696
45.5827
35.2526
29.7658
21.6586
46.3058
52.5503
19.2011
33.6495
47.579
51.5611
39.7204
30.9212
39.132
30.718
29.1798
36.2021
-1.0
-1.0
-1.0
27.2848
36.6986
-1.0
-1.0
37.765
41.3834
39.0356
44.1965
49.966
28.3224
-1.0
21.8191
-1.0
18.1185
47.0855
42.9729
25.1573
35.8964
20.8784
31.7928
23.9351
45.3478
48.666
-1.0
38.4014
14.7323
28.112
-1.0
20.8469
-1.0
-1.0
30.6059
35.1978
52.1244
26.4521
38.223
11.3809
19.67
31.1791
26.3592
-1.0
10.6116
48.0369
41.5188
38.3471
34.2788
40.9547
15.1163
34.5483
51.9244
27.692
49.1713
38.3552
19.689
10.0483
-1.0
26.6965
49.9553
-1.0
32.1692
8.82524
43.5936
34.558
40.6361
46.8643
37.0689
-1.0
47.9743
49.9472
39.5529
31.2331
-1.0
30.8594
41.0124
38.7546
41.8729
40.8413
48.3481
29.4348
36.4706
46.3655
41.9412
41.9296
50.6088
23.8764
41.289
-1.0
46.9409
-1.0
19.2236
-1.0
12.571
39.3755
14.3244
51.6957
41.1043
18.8467
-1.0
-1.0
38.659
45.8523
38.4447
29.1459
8.49168
-1.0
26.5728
9.39499
22.8704
32.2219
40.5565
49.4834
48.2308
-1.0
40.6489
49.3871
34.4823
35.9138
-1.0
20.359
45.6281
38.8096
46.1962
45.9995
35.0831
48.2062
41.8588
25.4432
41.7034
39.9271
37.9995
43.9327
29.1376
45.8106
-1.0
35.7508
50.2464
47.6229
40.2741
-1.0
48.9437
24.0462
-1.0
-1.0
49.8717
49.6471
20.572
49.7653
47.9818
45.0201
-1.0
50.2838
30.9251
35.2714
12.5083
27.2178
40.9248
45.4761
47.1275
36.1953
35.9071
-1.0
-1.0
-1.0
48.1154
-1.0
-1.0
49.3981
32.3463
36.762
27.8424
-1.0
38.4981
26.0541
-1.0
17.3844
9.72186
46.7047
29.7663
41.743
36.9897
51.0592
26.2079
-1.0
23.5734
47.3383
40.5169
42.2484
51.8735
47.8796
36.3474
-1.0
8.52169
16.3068
46.9334
5.51286
22.6834
-1.0
37.691
45.9523
45.9935
28.283
-1.0
39.8856
48.8976
-1.0
48.1942
39.5531
32.4789
43.1241
20.9135
24.0753
43.8896
42.2564
45.1562
41.6305
26.0995
44.5922
37.1971
23.8729
45.4841
-1.0
45.3074
49.7643
42.1779
35.7562
26.9813
22.895
24.4691
-1.0
29.0423
38.5038
-1.0
50.2683
45.5027
50.8329
35.1962
34.2721
50.9943
19.8416
-1.0
-1.0
30.6854
22.5992
39.4025
-1.0
38.542
39.9295
-1.0
50.5927
35.7959
49.8536
35.9269
-1.0
-1.0
25.3502
39.2397
39.6493
44.6795
-1.0
44.0997
28.019
24.873
40.9994
49.2596
51.4561
8.60799
-1.0
27.1595
46.3023
49.4108
-1.0
-1.0
-1.0
44.6453
-1.0
40.7473
-1.0
23.1114
24.2945
31.2541
-1.0
15.1834
48.7952
41.1522
23.9239
36.4598
25.9804
30.7091
36.4496
34.3938
43.5792
43.9686
50.2772
40.4468
47.4599
-1.0
17.4692
43.7657
-1.0
46.1274
10.4746
47.3826
37.1133
50.5505
33.2098
-1.0
30.7872
37.4943
47.91
30.3216
44.2836
33.4231
-1.0
38.5252
52.1799
-1.0
47.2905
-1.0
-1.0
45.4493
-1.0
18.5502
28.0692
48.76
52.0024
46.4644
-1.0
38.2493
33.8248
28.2196
-1.0
-1.0
45.7271
34.1877
9.08725
45.0045
36.0601
-1.0
29.2956
19.133
25.1453
20.382
52.0887
45.0654
-1.0
-1.0
49.6501
46.4602
35.3248
19.6755
23.9012
52.1642
-1.0
18.2001
48.9861
43.1133
42.7407
40.2656
18.6767
31.8427
31.7469
27.3666
48.3437
32.2258
42.9423
36.4014
21.8591
30.7202
41.4212
22.9457
-1.0
-1.0
19.0018
54.3308
42.1457
41.6892
-1.0
32.0567
-1.0
-1.0
35.4944
18.5811
-1.0
-1.0
48.1328
37.58
48.7474
45.3966
-1.0
-1.0
-1.0
29.1298
37.4557
29.114
44.0172
31.4394
38.0912
24.7551
-1.0
35.1765
39.1894
29.9885
-1.0
16.1784
47.0501
41.7075
35.4979
47.5155
-1.0
5.80764
13.69
48.6724
-1.0
49.5559
42.2123
26.8228
-1.0
32.2345
46.8082
44.1316
38.2846
12.8271
48.6631
26.8775
25.0768
-1.0
51.9069
47.0426
-1.0
43.0701
44.3067
-1.0
25.3405
34.2835
-1.0
42.7329
13.9162
-1.0
48.9052
28.9749
-1.0
-1.0
-1.0
37.2236
17.4321
36.9357
41.9259
-1.0
44.7592
49.3979
38.1444
25.3881
41.3259
51.0292
43.6351
51.1553
32.9677
46.0603
40.4009
42.3291
40.6694
31.5272
27.4094
41.8012
-1.0
-1.0
42.4443
39.3796
50.6792
-1.0
50.9595
39.7336
-1.0
43.2959
45.3078
23.8938
21.9468
-1.0
42.5236
49.136
51.7315
35.9929
-1.0
27.0461
23.3462
-1.0
37.3078
34.2412
44.3422
28.4928
-1.0
-1.0
45.8128
30.3649
33.3474
46.9123
15.2877
-1.0
41.3298
35.4272
42.7022
12.7396
-1.0
32.8266
36.9577
45.8012
22.0356
13.3487
23.7231
19.8772
28.235
37.9553
-1.0
43.7734
46.8113
51.7584
-1.0
31.2232
26.8275
-1.0
-1.0
-1.0
27.2946
16.3745
20.9336
47.0754
20.4359
16.8146
20.4733
31.5624
44.0929
39.9508
43.1683
44.5548
40.4019
-1.0
24.2803
21.7804
25.7369
51.9838
22.2883
28.0732
-1.0
48.0313
43.7575
16.6191
-1.0
-1.0
44.466
33.972
50.8708
51.8087
31.9543
47.3568
33.3146
-1.0
19.1632
48.4325
48.5922
36.3499
44.1827
39.3744
52.0309
39.653
-1.0
51.6409
48.5348
-1.0
43.4687
37.2146
-1.0
42.7291
47.4833
-1.0
38.9949
25.9687
34.5055
22.3311
9.19714
-1.0
45.3199
48.4255
42.3644
45.9731
35.9951
48.8909
40.0696
-1.0
-1.0
35.9966
39.45
39.0829
47.785
51.0526
40.7397
11.5277
-1.0
41.7917
33.4622
15.633
14.4416
49.8946
39.2524
-1.0
-1.0
34.2136
15.6763
-1.0
-1.0
25.5978
10.7224
46.388
50.9882
45.9429
27.312
36.6763
-1.0
-1.0
35.0468
-1.0
49.1982
46.2966
-1.0
22.1819
14.3779
50.0825
6.49153
51.3259
25.6513
-1.0
-1.0
-1.0
54.5503
48.1165
39.7286
-1.0
30.2809
-1.0
39.0797
22.6133
51.2011
-1.0
43.6443
43.1986
44.2917
23.9189
37.6484
50.4707
20.6827
-1.0
22.3237
39.9799
26.4303
-1.0
32.3981
22.9641
-1.0
28.1813
40.9783
50.8601
17.5176
45.6861
42.905
41.3227
-1.0
28.1997
31.3013
-1.0
27.5583
24.8807
34.0554
-1.0
-1.0
47.3044
48.6768
48.6163
-1.0
42.097
28.9197
-1.0
51.5287
25.029
48.4301
42.861
37.3225
21.4869
42.252
-1.0
38.9541
36.0443
-1.0
27.1835
-1.0
34.592
-1.0
47.445
44.6614
39.2168
22.9991
-1.0
26.7205
36.9883
35.2968
31.8514
39.2157
15.8251
45.1702
-1.0
22.7114
18.9492
47.2801
-1.0
35.0888
50.6057
-1.0
51.4452
44.6344
34.4583
-1.0
31.0722
45.0172
41.0347
-1.0
33.8508
51.6389
24.0444
44.6105
39.4329
35.2361
45.0819
43.8328
46.7242
13.8477
43.8372
34.5762
35.42
-1.0
45.7598
29.6514
31.8846
43.7342
47.0752
30.5645
43.4038
-1.0
31.1849
45.3467
-1.0
20.7989
-1.0
52.1989
37.2689
42.0553
38.6474
14.3773
32.0121
50.0604
-1.0
29.648
40.6226
12.5254
29.6223
38.3494
-1.0
37.894
45.069
31.4356
25.5136
49.7133
50.5775
19.3863
46.613
35.7387
-1.0
26.8722
29.7336
45.8509
26.1476
40.187
49.6865
43.5958
-1.0
45.9711
-1.0
20.2274
27.6299
43.9759
44.2801
41.5909
36.0372
-1.0
47.1599
49.0403
-1.0
18.864
-1.0
-1.0
-1.0
18.8744
29.9872
30.0328
49.7086
31.5177
-1.0
32.7031
37.9222
-1.0
49.9202
26.5425
36.6192
27.0705
27.0519
-1.0
52.1116
38.7479
42.2035
-1.0
50.6466
43.7576
25.0308
-1.0
45.2264
-1.0
-1.0
45.3204
43.7279
-1.0
23.6842
38.5249
44.3594
24.1083
18.9083
42.6351
51.3844
34.643
38.8042
-1.0
44.3185
-1.0
41.958
48.9349
36.3144
47.7078
48.5733
-1.0
51.167
38.1645
33.1894
37.6717
39.2695
37.4738
51.931
33.6158
-1.0
-1.0
-1.0
48.6495
34.8141
28.1208
40.1698
42.6695
39.8643
28.2099
25.2525
15.9375
29.9066
38.7589
32.8887
39.3178
33.764
27.4286
44.8924
36.3754
-1.0
43.9414
-1.0
18.9161
26.492
19.681
31.0197
47.463
-1.0
50.669
24.0907
26.3677
23.0769
-1.0
40.6108
47.3267
44.2074
23.7089
31.5144
30.2787
47.9813
-1.0
45.5653
-1.0
34.7154
48.2376
30.1344
28.0225
29.9264
47.6403
32.3365
-1.0
-1.0
-1.0
48.7402
15.043
25.8443
29.1685
42.4348
32.2046
-1.0
46.0036
45.8757
40.7183
20.742
40.1405
29.5793
-1.0
27.11
-1.0
51.1968
-1.0
35.9909
-1.0
19.3145
24.4195
41.1493
19.2989
-1.0
-1.0
22.0429
26.7665
24.2869
39.8068
26.2102
45.5142
33.0119
43.6972
47.2351
31.8585
43.8405
12.4457
-1.0
18.8895
-1.0
34.7306
48.4133
34.5193
-1.0
-1.0
-1.0
47.6265
43.6617
45.5808
45.126
32.5281
8.04668
26.2025
-1.0
-1.0
41.1196
45.0315
-1.0
8.84887
40.0414
49.3536
37.6667
25.3439
-1.0
-1.0
-1.0
19.2424
43.5471
32.3306
24.0127
-1.0
-1.0
46.7561
50.8774
-1.0
38.1587
40.2443
33.1583
47.401
34.3892
-1.0
-1.0
29.2079
37.1158
39.2922
33.694
-1.0
51.9401
-1.0
-1.0
-1.0
-1.0
21.8117
24.5344
37.6382
14.68
47.1694
37.4044
48.9573
-1.0
-1.0
38.1306
34.8777
39.7027
8.2322
-1.0
51.7314
50.8118
37.6219
15.7565
-1.0
24.7346
35.7128
40.8195
42.2834
-1.0
46.2517
-1.0
-1.0
35.8464
51.3525
50.0458
45.9969
8.9226
42.141
-1.0
40.0845
3.52754
48.7813
36.622
28.9726
-1.0
38.0696
35.5488
49.8356
32.9568
33.889
33.4839
39.3476
30.3635
-1.0
-1.0
-1.0
-1.0
28.075
50.4249
40.5646
43.502
51.4281
-1.0
51.5976
34.6398
43.7348
43.1411
34.0301
44.1911
19.2975
27.7225
50.4951
33.2554
-1.0
-1.0
43.8001
-1.0
-1.0
45.733
34.9052
19.0288
33.0254
-1.0
8.36833
44.9136
41.0366
58.3018
40.3124
-1.0
13.7662
23.5472
39.9202
-1.0
46.4843
44.7359
35.4163
37.8434
45.5447
42.7509
47.4479
-1.0
36.7093
50.9255
42.9534
-1.0
22.6033
43.4415
-1.0
24.7961
47.026
47.2899
39.2876
29.7597
28.2356
-1.0
49.7898
48.7779
30.6462
20.7964
16.6061
-1.0
-1.0
27.4065
48.8356
34.9992
-1.0
34.587
-1.0
33.9366
42.2161
46.8204
34.6407
-1.0
25.1931
41.0384
-1.0
33.1977
25.2231
37.6494
44.1139
22.4039
38.8516
48.5656
36.3441
23.9835
44.0583
38.3563
43.4593
31.2194
-1.0
39.292
43.3252
-1.0
-1.0
49.4756
32.0063
52.0436
45.9181
27.6831
37.5457
44.9103
-1.0
-1.0
-1.0
14.3081
32.1728
-1.0
49.1237
37.8787
25.4728
48.1384
45.0346
33.4371
31.403
-1.0
38.0156
49.2056
51.8352
47.339
37.226
31.8864
51.4802
32.3057
-1.0
39.987
42.7034
40.148
35.8121
46.7932
-1.0
47.2651
-1.0
46.2132
31.751
26.0752
-1.0
43.1347
31.0343
37.1313
29.4601
35.044
29.3612
27.189
41.7868
29.5721
15.6118
41.3741
44.5626
38.6821
-1.0
17.4675
-1.0
39.4305
-1.0
26.7024
24.4395
34.7817
40.537
46.2827
22.7789
-1.0
16.5894
39.3549
43.7637
-1.0
40.7145
51.8993
48.7399
42.3649
-1.0
34.5403
17.6074
-1.0
27.7634
34.5575
-1.0
-1.0
-1.0
38.1555
-1.0
32.3301
-1.0
16.0817
42.7832
47.8574
31.0706
36.2943
-1.0
-1.0
-1.0
-1.0
-1.0
-1.0
29.1444
38.0912
41.0444
50.5864
17.9032
13.9266
48.1925
28.6483
48.4417
-1.0
33.5328
21.6231
-1.0
47.4599
32.6804
-1.0
47.7834
40.4256
17.7156
-1.0
51.915
32.2592
35.0647
-1.0
-1.0
40.8769
18.4839
54.2445
34.172
29.8367
44.2619
45.5326
-1.0
46.6252
33.8244
49.6862
43.9183
30.4408
50.3357
47.7372
38.6498
-1.0
38.9181
50.7071
35.4537
29.0233
-1.0
50.8818
29.7004
34.1877
34.6854
-1.0
-1.0
36.2409
25.5738
-1.0
19.2505
31.278
44.8358
-1.0
-1.0
44.5139
48.2373
41.5173
-1.0
-1.0
-1.0
49.8463
-1.0
40.1684
49.8524
29.7184
37.95
45.7386
-1.0
36.8413
47.0839
44.4356
-1.0
47.5735
47.0245
15.9445
46.757
38.6927
40.9339
40.0383
43.1852
-1.0
-1.0
8.06639
16.0775
47.3335
23.9149
37.1822
-1.0
22.8244
20.9949
-1.0
-1.0
31.7579
24.1762
39.4366
38.8779
44.0265
-1.0
-1.0
39.0456
-1.0
-1.0
39.6182
-1.0
-1.0
46.5149
47.3572
44.6535
-1.0
51.1596
29.5833
48.4075
31.0445
33.7897
-1.0
27.8332
22.2374
40.254
-1.0
-1.0
-1.0
48.3342
40.4188
20.4703
34.9114
47.6688
23.0848
38.0103
42.394
35.0503
41.8467
-1.0
47.5015
24.6234
27.828
47.2187
23.8593
35.3373
36.6778
50.5166
50.2449
35.4693
49.0746
50.085
-1.0
-1.0
37.4731
46.2127
-1.0
-1.0
18.3382
51.0247
-1.0
41.7509
49.3859
50.2169
39.4739
41.3899
21.2907
34.9082
39.8329
21.649
39.9619
28.9344
32.9546
34.4429
36.7118
38.9937
35.2503
32.0151
44.3601
29.8139
-1.0
-1.0
31.598
47.4182
50.7046
52.0851
43.2042
-1.0
40.1665
50.1552
45.8615
30.4547
35.9262
47.5957
43.7548
45.1385
34.1213
26.7981
50.0677
-1.0
45.9645
48.0306
44.5665
33.2082
20.406
165.14
-1.0
34.8506
50.8144
-1.0
27.4908
39.1958
47.4386
-1.0
47.3746
20.9029
42.6779
46.8662
33.6095
31.6974
-1.0
26.1766
42.6744
-1.0
31.9032
43.5347
49.707
9.09827
46.6169
15.5473
47.8028
-1.0
36.0495
-1.0
44.5081
46.827
48.6101
51.3473
50.7877
-1.0
26.982
35.7881
36.2131
30.7615
-1.0
16.0311
39.9021
-1.0
42.9433
36.8103
40.4162
32.9881
46.9596
49.1685
44.729
-1.0
25.387
41.3339
36.2359
29.8316
45.6349
41.8059
28.5303
43.5222
42.231
40.4136
45.597
-1.0
47.131
19.804
17.5714
-1.0
24.6022
21.9142
-1.0
44.3531
46.8958
47.9877
30.1234
21.0726
42.8857
48.1328
-1.0
-1.0
25.5021
49.3062
-1.0
-1.0
47.1381
29.0362
51.6645
38.1778
22.2459
46.4144
23.1928
45.7816
29.9381
26.6658
-1.0
-1.0
23.4692
-1.0
-1.0
36.1285
44.2339
51.0682
34.9465
46.1278
25.038
20.6761
-1.0
40.2439
51.1617
33.0947
-1.0
43.5414
22.2295
29.1026
47.8904
35.4356
26.3747
21.8625
30.1776
30.3113
51.4103
42.3947
50.226
36.5604
46.2958
39.6207
46.081
42.6933
44.4919
36.1768
47.6981
-1.0
93.3398
39.7923
-1.0
39.8806
51.326
-1.0
47.7794
24.7323
41.1433
-1.0
-1.0
23.6427
42.0608
29.498
45.9385
28.7939
-1.0
22.1408
34.5843
-1.0
52.1359
40.5536
49.1754
41.6235
-1.0
32.8597
-1.0
-1.0
34.4159
42.8387
40.5076
32.5272
49.6205
-1.0
51.576
20.8127
38.9737
23.4419
22.8311
-1.0
35.2125
32.8285
-1.0
46.0294
-1.0
48.8875
42.0953
43.6722
30.5724
41.2534
33.9327
-1.0
22.7493
15.1214
37.8889
43.0033
19.8002
32.246
49.5866
45.8522
26.9162
-1.0
33.1112
34.3785
31.2841
-1.0
39.7334
39.8408
44.3136
39.0602
35.1223
38.6945
-1.0
37.1707
39.5392
43.524
49.1835
40.1331
47.1528
40.4836
-1.0
19.703
20.9691
36.7966
-1.0
46.7748
-1.0
25.5576
42.9804
53.155
48.0509
47.2577
27.7129
24.8479
45.3941
38.1253
27.768
47.8233
-1.0
31.8532
-1.0
36.0553
56.3882
39.13
51.8052
-1.0
32.6657
-1.0
52.9388
51.8356
27.3154
-1.0
46.0403
13.269
28.6888
39.6296
50.5073
-1.0
-1.0
43.4246
44.9065
32.9536
27.6778
-1.0
-1.0
-1.0
52.3075
44.5522
48.8366
50.7021
45.8895
-1.0
-1.0
30.8827
49.9355
28.0961
17.4043
24.0232
-1.0
36.238
44.7842
36.5768
36.8106
45.5116
-1.0
31.6224
-1.0
33.547
50.4175
41.9555
-1.0
44.8617
29.3584
-1.0
19.6829
24.1857
49.4896
36.2541
42.5355
-1.0
-1.0
-1.0
31.0944
31.5876
30.5423
-1.0
38.9717
-1.0
43.6618
48.7537
-1.0
30.4418
40.3613
-1.0
46.2599
-1.0
20.1799
40.8504
-1.0
32.0589
21.5202
50.1289
44.2868
-1.0
28.7981
-1.0
43.5436
33.7625
-1.0
14.0943
-1.0
-1.0
13.8193
25.3937
28.7474
50.0493
47.192
14.6427
43.6732
6.95268
35.2686
44.6598
51.3366
22.0822
36.4501
28.4649
45.8332
35.7561
31.8678
36.6339
41.0957
22.976
47.2566
30.4841
35.8101
-1.0
-1.0
36.7017
49.929
44.6952
46.024
23.7765
-1.0
-1.0
27.5903
38.7808
22.0293
34.1189
24.0152
32.6588
-1.0
-1.0
26.5682
51.4974
42.7022
-1.0
49.0948
48.2452
29.452
29.0373
46.4537
-1.0
39.0307
32.8486
-1.0
31.9055
25.702
40.7902
46.9187
29.693
-1.0
48.1424
43.2672
43.4362
41.3214
46.7959
49.6065
48.3069
-1.0
28.5631
36.9914
-1.0
45.4683
-1.0
33.2613
17.6456
40.6564
-1.0
50.8475
41.5686
35.614
23.9645
31.6588
35.5312
43.1186
50.1581
51.6664
35.926
21.5912
52.0599
17.7056
32.3045
14.6892
45.2985
-1.0
-1.0
43.6509
14.9108
40.5177
42.7465
51.2582
20.8837
-1.0
50.4244
32.187
-1.0
40.8784
48.8281
34.4688
15.5995
42.3346
23.8902
30.2295
31.7794
47.2991
-1.0
-1.0
-1.0
32.0885
44.0901
51.0176
39.9052
-1.0
-1.0
21.1651
42.1126
-1.0
44.6187
24.0725
50.6783
-1.0
31.7967
-1.0
25.0954
-1.0
-1.0
45.8939
36.1381
50.9665
30.0684
25.7274
43.2853
-1.0
32.9371
34.8071
34.8746
39.839
15.1931
9.13932
44.6441
33.9959
47.8866
29.7665
46.4667
45.7653
48.417
52.0846
23.1172
47.1095
53.3223
38.525
37.8492
-1.0
41.4382
30.5277
3.91293
28.9051
-1.0
43.0761
32.6177
23.4727
-1.0
51.1915
48.6931
27.0079
-1.0
37.0636
33.5809
33.9478
18.7591
25.3009
35.5362
32.49
45.5827
-1.0
46.1556
47.821
-1.0
-1.0
33.7564
-1.0
121.445
47.7971
-1.0
42.7314
29.9948
47.4663
31.7794
36.0295
-1.0
22.4469
37.7956
-1.0
37.268
-1.0
37.2609
-1.0
34.6763
-1.0
17.2359
36.4571
33.0953
49.4494
34.5087
30.1155
-1.0
29.9013
18.7718
14.7905
39.7308
-1.0
-1.0
38.9223
27.0321
23.3995
23.6784
48.9183
19.6679
46.6631
52.0558
27.0552
23.1706
11.8179
-1.0
24.5834
35.7744
18.4848
47.5866
-1.0
32.3224
36.7982
26.075
48.6792
-1.0
29.309
46.917
22.1657
33.9795
48.3126
46.3779
36.927
28.1645
51.0458
23.8404
9.40153
-1.0
50.5772
-1.0
46.7997
-1.0
46.3612
-1.0
25.8592
36.3426
40.9087
33.4853
51.0287
40.7449
-1.0
38.4374
23.7121
30.4049
47.5428
-1.0
23.6043
44.4085
-1.0
-1.0
20.7638
45.3357
37.9414
33.1749
-1.0
36.2734
32.0563
41.1212
-1.0
33.2616
20.3175
43.6256
51.6503
38.9388
-1.0
49.8044
45.6284
29.7806
-1.0
33.2455
22.4838
11.0137
51.5552
31.6366
28.0813
29.9605
42.0728
41.6127
43.0793
43.338
-1.0
31.6991
45.8758
48.3205
34.0318
38.1258
23.2194
29.8286
-1.0
22.9622
42.1452
19.7349
50.7977
30.0611
-1.0
25.9997
-1.0
35.9013
47.9659
25.1997
-1.0
23.4708
30.2396
-1.0
39.7549
47.2798
35.1639
51.9938
32.3897
37.5754
-1.0
16.8007
50.4837
44.1554
22.2317
46.0585
48.0511
19.2762
41.2163
14.4172
-1.0
55.5063
39.885
24.32
32.0463
45.3278
-1.0
27.7155
49.5019
50.4549
28.0918
32.595
16.4912
-1.0
42.1276
24.4671
29.117
29.3129
32.0817
33.2199
42.0382
-1.0
42.9409
42.5475
-1.0
29.7622
-1.0
16.2547
49.134
23.299
45.183
-1.0
-1.0
34.8072
-1.0
26.1807
35.9892
43.5886
50.5444
-1.0
46.6641
13.623
43.7659
43.7107
-1.0
17.7594
46.7929
-1.0
40.686
-1.0
-1.0
36.4066
25.8864
31.6466
33.6086
26.8473
46.3725
37.2939
-1.0
37.7145
22.9541
41.4909
30.4098
38.25
38.6191
-1.0
-1.0
-1.0
49.8836
33.4524
43.483
-1.0
46.4985
38.3884
27.8278
33.6004
46.6007
49.3932
44.555
-1.0
32.8358
29.3084
-1.0
30.3573
34.8644
28.1394
-1.0
37.7593
44.0646
27.0749
35.6918
37.1049
48.795
-1.0
-1.0
37.9002
31.1733
-1.0
18.2644
35.0528
38.6116
-1.0
36.574
47.7612
29.9167
35.959
46.9603
50.443
49.8189
48.1406
-1.0
29.5034
42.3558
-1.0
-1.0
40.5464
29.3617
48.2414
40.6562
48.2241
44.364
24.0201
45.2369
-1.0
28.7744
27.0197
-1.0
17.8293
47.8446
45.7771
-1.0
43.3223
19.8679
31.8742
44.4504
-1.0
45.5085
43.6496
30.1209
50.0816
39.2475
25.088
51.2466
38.0749
25.2303
-1.0
40.5365
45.5927
44.7467
24.364
35.324
44.4748
35.9837
-1.0
47.2559
32.4447
-1.0
-1.0
43.1413
51.0517
6.16282
41.1191
-1.0
24.3398
39.9149
30.9884
30.4102
20.956
44.7589
36.9981
51.5548
42.5882
35.4001
42.7351
12.4216
33.2893
19.022
42.3312
17.077
30.5996
-1.0
-1.0
14.8541
47.4493
33.2201
-1.0
30.8365
36.419
45.0436
22.4705
49.8981
32.4374
45.4051
21.2462
50.7477
30.9714
-1.0
-1.0
18.7674
49.2735
22.0561
49.0427
35.6353
-1.0
34.2873
52.0522
41.2865
42.4824
46.5033
-1.0
45.8118
40.2935
51.1179
20.9901
-1.0
37.2634
27.3675
47.9545
46.7135
24.8242
37.5029
48.9485
29.8254
47.0403
-1.0
47.6712
41.3673
30.1105
22.7344
36.4837
14.8675
52.5683
38.553
-1.0
-1.0
49.6027
42.4549
-1.0
-1.0
-1.0
34.19
29.6509
37.3632
50.0054
37.2273
-1.0
-1.0
-1.0
43.6
-1.0
41.9059
50.0145
45.42
26.0718
13.5332
-1.0
35.6076
45.203
51.1554
51.8881
33.7788
43.0507
31.8193
40.487
39.6885
26.2727
13.1433
16.3784
32.1085
43.2359
-1.0
44.718
40.68
28.6115
43.6064
28.4516
48.4297
-1.0
42.1284
35.9319
19.9691
32.982
46.0101
-1.0
53.1509
52.294
-1.0
47.2067
35.0945
-1.0
28.5019
35.4348
-1.0
19.3109
37.5598
-1.0
26.9904
31.4475
43.5258
30.0683
-1.0
47.4738
20.4305
51.6075
15.4172
45.0003
46.8189
35.4094
51.2502
34.0641
31.6994
28.9797
46.7824
-1.0
48.4464
19.845
43.2093
45.542
-1.0
-1.0
-1.0
-1.0
-1.0
-1.0
18.3956
-1.0
15.1431
29.6995
-1.0
34.3688
27.0492
41.7919
-1.0
-1.0
38.6656
46.3845
16.3169
33.4258
10.2619
45.6702
46.4259
25.3207
28.0047
49.7234
35.2184
34.9084
-1.0
-1.0
40.1145
-1.0
-1.0
-1.0
-1.0
32.5063
48.3291
68.4549
45.5438
35.7288
34.8849
-1.0
42.0115
46.6157
49.632
38.3559
45.1445
43.8741
31.909
45.4596
27.5136
22.9479
13.5444
26.2268
41.9203
22.2106
42.6239
38.7729
-1.0
25.9074
39.68
-1.0
30.625
33.5193
45.2938
44.7515
24.5927
46.3098
39.7726
37.176
50.7003
48.6134
30.8612
50.2907
37.0868
29.2804
36.0159
35.8012
16.0167
16.2253
22.2094
47.9933
-1.0
-1.0
41.3359
54.0532
44.2747
24.6483
32.9731
-1.0
36.0824
-1.0
21.6148
34.1437
45.1175
48.7675
45.4967
16.5148
30.8984
34.5666
-1.0
39.3414
34.5342
21.1853
-1.0
-1.0
22.6284
-1.0
36.1816
-1.0
26.9922
-1.0
49.0023
21.0331
39.7358
19.7663
49.4312
36.3159
-1.0
50.5482
19.0055
-1.0
32.4175
11.4609
33.8254
49.7136
42.7663
47.2522
31.4991
-1.0
43.7874
45.7209
35.2458
50.1305
48.1766
29.8837
35.5047
-1.0
-1.0
28.3645
-1.0
30.3052
39.1338
44.8737
37.4221
29.7465
18.1686
35.2524
46.3901
51.2631
27.8824
31.4094
40.9456
47.6333
46.5779
40.1172
48.7572
38.5846
-1.0
42.6608
46.5399
49.5245
46.1083
47.646
-1.0
-1.0
29.1847
47.357
44.5608
37.3268
46.9241
33.0469
47.1563
40.2893
25.8912
32.5251
31.6309
18.9655
49.1505
40.2139
29.3371
48.6925
43.5522
-1.0
31.6369
-1.0
27.9031
34.6196
50.0793
19.9018
49.7925
28.0241
-1.0
31.8414
39.9437
26.083
31.7771
37.6015
-1.0
-1.0
23.3435
30.0135
31.5376
-1.0
39.4085
51.1424
49.0689
41.1756
41.1322
48.9102
9.03197
-1.0
-1.0
35.6848
38.9528
-1.0
27.0264
40.9837
38.3632
36.7724
41.0989
-1.0
-1.0
44.1653
25.2359
43.8564
33.7277
29.8681
49.6403
34.0266
42.6722
35.1377
37.7364
39.343
28.8463
49.9302
28.8969
25.1252
45.6609
47.9091
41.5131
11.6382
7.4314
-1.0
-1.0
39.6039
29.1502
33.5872
-1.0
16.5277
16.9104
46.0071
26.8076
41.4423
33.0154
40.6186
40.7435
48.3427
27.2358
22.6417
36.4822
-1.0
41.8214
30.1078
43.9726
23.7756
39.6922
52.0099
-1.0
23.9117
29.9484
45.5421
53.9418
39.9067
48.9695
18.019
46.4748
27.2098
31.5053
41.2801
38.2802
-1.0
-1.0
15.1033
18.4344
35.901
38.8595
-1.0
-1.0
16.4475
27.3013
34.8892
24.1616
44.5885
50.8251
12.2537
46.0312
6.05605
-1.0
47.2777
24.9427
-1.0
47.8777
29.957
45.1584
51.3629
48.72
41.951
51.7642
26.99
39.0609
-1.0
37.8432
34.8201
43.1115
22.2454
48.2311
21.9758
38.5422
48.9049
34.3109
32.2161
-1.0
-1.0
38.2899
-1.0
40.1461
32.1152
29.901
25.8101
27.3862
42.5159
47.4788
28.9217
-1.0
-1.0
36.589
48.4982
48.1567
28.0199
51.2022
37.5094
25.4492
-1.0
-1.0
30.2272
-1.0
18.2678
-1.0
-1.0
-1.0
23.787
-1.0
-1.0
-1.0
11.0766
51.2007
38.5755
21.0889
-1.0
-1.0
44.4609
48.6437
-1.0
21.9979
30.8697
42.1536
36.5771
39.9909
-1.0
47.3749
45.6259
-1.0
36.3865
51.4246
42.0587
-1.0
38.9565
39.537
12.3615
22.1282
51.1557
33.5879
29.5926
48.1197
41.3084
16.5239
30.2894
-1.0
-1.0
17.5416
26.3351
-1.0
-1.0
16.5607
30.9576
38.1062
-1.0
46.4984
43.422
-1.0
29.2877
46.4861
44.5557
32.3041
-1.0
-1.0
26.6925
32.9694
50.2391
-1.0
33.7216
34.9729
50.8559
26.5131
36.0243
23.4827
26.6163
14.7278
21.7865
50.2906
28.2257
-1.0
38.0919
28.1996
29.5526
42.7089
29.3232
-1.0
48.1871
46.8514
-1.0
45.4887
39.0273
47.2236
28.1713
46.0015
46.8609
-1.0
31.5355
29.5435
55.7163
-1.0
51.5454
-1.0
22.0907
-1.0
32.8454
32.799
-1.0
31.4701
-1.0
42.8232
38.1799
19.6943
50.5739
18.8509
47.1744
33.7552
-1.0
44.1733
18.2144
39.0474
33.9783
39.3836
16.3209
44.0775
32.4633
44.4026
51.9526
44.1771
46.2054
43.7501
-1.0
-1.0
-1.0
-1.0
44.5053
-1.0
44.3545
-1.0
34.0978
-1.0
37.4952
31.7768
-1.0
-1.0
48.1527
37.1415
47.564
31.1082
45.4031
-1.0
36.6004
-1.0
30.0672
33.002
27.269
-1.0
42.9384
49.0758
30.9789
49.3192
39.7787
44.9682
12.5912
46.8978
41.2663
37.2461
40.1305
-1.0
22.9643
-1.0
28.8256
-1.0
24.2907
41.4995
48.3029
19.3512
32.819
39.7959
-1.0
40.2434
-1.0
-1.0
13.6933
30.458
-1.0
40.9242
30.4799
-1.0
35.4463
32.9765
24.6159
44.4115
47.9928
-1.0
42.3602
37.1796
32.6105
33.4561
30.1963
37.2121
43.8081
22.6792
37.1132
43.2289
41.889
-1.0
40.1642
-1.0
-1.0
33.13
29.1117
15.3943
36.4848
24.0708
16.8361
38.3672
38.5086
40.6409
30.6989
39.0845
47.3147
20.808
48.7979
-1.0
17.4145
41.4233
42.7337
46.6003
-1.0
19.0703
34.7452
39.9542
-1.0
33.3057
24.3422
-1.0
48.4577
38.907
52.1109
45.1719
45.3877
40.0954
17.7047
36.167
47.471
-1.0
-1.0
-1.0
34.727
40.2216
42.3745
37.0757
-1.0
-1.0
-1.0
-1.0
-1.0
48.5976
50.0065
37.5135
11.9813
-1.0
47.4729
-1.0
41.9378
37.6215
-1.0
-1.0
-1.0
51.9967
38.1652
46.8181
48.3691
-1.0
38.2592
48.8708
22.096
44.3045
24.3999
22.2551
51.7058
33.9934
37.959
-1.0
42.2868
40.1322
44.1879
39.2975
30.7076
39.0732
-1.0
44.4434
35.9741
27.9693
20.7222
43.2757
-1.0
40.9021
52.0462
42.2015
37.9756
-1.0
36.0781
-1.0
51.8221
32.6363
51.0557
37.2362
33.7953
44.9994
22.4813
-1.0
-1.0
29.9942
-1.0
20.8652
20.8431
20.6063
41.5649
46.2485
46.0368
12.5925
28.2192
27.8143
52.2938
21.8864
48.997
44.4281
28.1844
48.8155
45.9697
23.7078
33.3354
37.6759
52.1055
22.9196
44.6681
-1.0
-1.0
26.0711
-1.0
-1.0
32.7635
-1.0
39.4482
36.023
-1.0
14.2949
35.849
23.8759
24.6941
50.7368
41.0125
35.3123
41.4245
-1.0
38.8049
37.8985
40.1805
45.7056
27.0615
42.0804
23.455
-1.0
-1.0
-1.0
27.9475
-1.0
35.423
48.9358
54.7074
50.6156
45.1011
-1.0
44.9648
39.3232
38.2366
48.8876
38.0557
-1.0
-1.0
39.6465
-1.0
51.7027
42.4332
-1.0
39.5108
15.9843
-1.0
-1.0
51.1318
-1.0
-1.0
28.508
29.1149
50.7765
12.7012
40.4911
43.6151
37.1716
24.0249
-1.0
52.0167
48.5178
39.652
-1.0
42.6884
33.7634
56.8377
46.2955
-1.0
26.2132
46.9519
-1.0
23.4829
-1.0
-1.0
-1.0
-1.0
51.5137
49.4912
42.2763
35.1587
35.5714
26.6087
-1.0
-1.0
48.3436
-1.0
35.7665
33.7341
17.9468
-1.0
32.0972
-1.0
-1.0
41.8297
-1.0
40.7906
46.9435
18.3014
39.8944
-1.0
-1.0
39.3177
41.9951
19.7433
48.5147
-1.0
47.1106
45.9564
-1.0
19.2071
-1.0
36.5636
37.055
22.7839
19.653
-1.0
41.9481
37.6189
33.8408
-1.0
43.498
42.8282
48.9258
16.212
40.4187
-1.0
45.5349
33.7234
48.8983
48.2926
37.1829
35.9235
52.1119
38.8959
37.4481
33.1584
-1.0
45.0671
49.3553
-1.0
40.2382
31.4358
43.7512
33.862
35.7522
25.7421
45.5344
-1.0
12.8777
44.9664
39.2553
30.1695
46.402
48.6863
45.9598
24.0146
41.5546
36.1533
41.986
37.6674
-1.0
43.5845
26.9752
-1.0
46.3402
46.4682
16.6791
31.0688
36.0619
34.4299
46.0082
-1.0
39.2682
42.5161
30.3346
49.1547
49.4221
-1.0
48.1943
-1.0
35.1516
25.9427
45.9262
-1.0
18.9727
32.5845
-1.0
29.1646
52.8532
29.2944
49.9209
31.7406
40.8375
32.182
33.2911
46.9519
-1.0
42.7979
-1.0
28.9767
27.9455
26.319
-1.0
36.4184
-1.0
16.6498
-1.0
48.7904
37.5259
-1.0
43.756
-1.0
43.5098
-1.0
-1.0
28.4128
42.1765
-1.0
21.8813
37.1495
16.1231
-1.0
30.8222
37.0451
35.4057
40.2558
42.9817
41.1955
26.3427
21.9506
32.1516
34.3073
-1.0
25.6958
41.3065
25.6965
30.0454
-1.0
34.4913
-1.0
27.735
51.371
-1.0
49.9003
22.0189
45.0114
41.3522
31.2863
42.5239
33.4587
44.2196
-1.0
37.879
18.6204
47.342
-1.0
24.5601
29.236
28.9592
31.5456
47.7852
41.3927
-1.0
-1.0
27.7567
49.2375
32.0726
47.7395
-1.0
27.9902
32.1227
-1.0
-1.0
40.4583
38.9394
22.3108
45.4044
44.6263
39.8761
19.4561
25.2957
49.2371
36.8945
29.9385
46.7171
45.2078
45.4229
39.5773
45.927
28.8227
35.4182
15.1031
32.5395
31.8704
25.5173
15.01
32.9467
35.0937
-1.0
41.1558
22.0531
-1.0
4.41262
47.8843
50.0243
34.4576
34.6428
47.5447
47.0579
34.1219
-1.0
36.4426
24.4844
-1.0
48.1377
36.9267
-1.0
-1.0
34.8353
37.6898
-1.0
47.6733
19.6884
52.1653
17.8172
-1.0
28.7557
46.3651
13.8557
50.4449
33.5485
50.4094
36.0165
36.6798
35.1374
-1.0
42.228
37.4614
-1.0
25.996
46.4802
36.2745
52.1636
36.8315
-1.0
14.8004
45.5959
49.4645
50.4535
30.1245
9.09558
46.2335
-1.0
-1.0
-1.0
-1.0
40.2512
-1.0
38.0152
42.5433
52.1766
40.7627
-1.0
28.4118
-1.0
42.2482
31.042
40.0315
50.5892
43.1309
-1.0
32.3185
39.5335
-1.0
39.6043
-1.0
-1.0
43.7999
8.54459
19.2955
22.4554
41.1518
10.4586
20.8468
-1.0
43.934
23.9406
-1.0
47.7521
25.0284
52.0178
33.2296
-1.0
47.2599
24.9669
34.9499
34.2689
40.677
27.5731
48.6927
-1.0
-1.0
23.7955
39.8483
44.3507
29.0428
32.1566
36.5786
18.8072
43.5067
40.0367
50.4429
43.9282
36.2307
22.9921
48.7725
25.8948
48.1731
42.5472
47.0411
-1.0
35.6361
40.9153
-1.0
42.0349
46.294
38.9721
25.7446
40.0304
-1.0
33.3939
46.225
-1.0
50.6949
34.4728
48.6157
31.663
25.5636
52.0402
45.8277
35.0003
37.0682
37.2116
23.801
22.0261
21.3451
15.7949
39.831
51.513
31.1404
55.4482
-1.0
47.0514
16.7212
31.8649
21.6346
38.6336
35.3113
-1.0
29.1756
42.8129
45.114
50.3631
42.1337
20.5261
23.2201
17.7962
-1.0
47.9511
-1.0
35.1011
-1.0
-1.0
39.846
44.8994
45.7183
13.2552
29.2872
21.4511
46.3058
18.1023
-1.0
49.1058
37.2147
34.1424
31.8542
47.5265
23.1412
25.4587
25.3568
-1.0
34.1803
44.652
49.7303
31.5715
24.6882
16.6732
32.3009
16.6876
36.6157
-1.0
33.5705
-1.0
24.8338
33.0116
38.8178
52.1782
34.1772
50.9578
-1.0
44.8848
37.5904
43.6395
50.8391
49.8365
27.7666
34.0084
42.0668
25.7545
-1.0
49.1746
27.664
40.0678
34.3723
42.2019
50.4651
15.2705
42.8547
-1.0
33.8784
-1.0
39.1621
33.4666
37.7189
35.1667
51.6257
41.6126
-1.0
41.033
-1.0
47.8023
49.3757
24.2863
29.5261
-1.0
43.2244
26.937
26.6788
47.5931
32.92
27.0198
50.6816
-1.0
40.3876
28.9259
18.4325
36.7088
43.9207
-1.0
30.5235
30.9244
47.2158
30.8797
45.8719
-1.0
-1.0
26.5462
18.7751
17.1222
24.5956
39.2861
19.7602
25.7462
49.2223
18.405
36.8021
-1.0
-1.0
36.7365
39.2068
-1.0
40.1387
47.4244
39.8745
45.6342
23.042
52.3084
-1.0
-1.0
38.7127
46.6953
-1.0
43.8227
-1.0
23.1171
33.8031
-1.0
-1.0
43.724
41.0824
41.8086
-1.0
35.0673
-1.0
33.8249
34.3103
-1.0
50.3499
34.6444
38.3987
50.7106
16.5144
20.2859
40.7236
22.0368
-1.0
24.7674
-1.0
36.7219
11.105
30.2422
48.9988
10.423
30.8275
32.4715
31.8418
48.7454
50.2406
38.023
49.3164
44.2564
41.2462
29.2162
47.2807
42.9947
26.9328
45.8693
-1.0
-1.0
-1.0
43.4243
42.0482
50.2166
-1.0
47.2229
39.8377
46.1824
-1.0
46.7075
41.0484
45.2143
34.0756
29.3771
31.5631
-1.0
50.6316
46.3476
36.8552
52.2669
38.7621
48.8741
-1.0
-1.0
47.2637
46.1196
50.9583
48.1103
49.9886
46.9798
24.1921
48.4013
-1.0
18.9204
41.3543
-1.0
50.9464
29.8021
-1.0
46.3304
28.625
41.8734
44.8869
-1.0
51.5669
31.5132
35.8412
41.9065
-1.0
-1.0
22.8844
21.0929
-1.0
-1.0
-1.0
49.897
44.0229
48.5222
-1.0
24.7161
31.6161
43.4319
-1.0
-1.0
20.816
24.7522
41.4814
45.1595
50.9108
-1.0
25.6746
35.0882
15.9518
39.9808
23.5131
50.8147
36.9839
51.2513
37.0287
-1.0
47.5747
25.4032
37.4867
-1.0
47.367
13.4233
37.1524
51.7664
40.1087
22.2021
44.7289
-1.0
-1.0
-1.0
28.7426
49.9014
41.5421
-1.0
-1.0
48.7299
-1.0
24.0649
29.9747
32.8413
50.5721
41.7582
39.0716
25.4409
25.0685
40.9028
43.586
45.5433
-1.0
-1.0
45.693
49.862
26.2579
47.5792
-1.0
46.8779
33.6324
30.6287
44.4744
41.2645
-1.0
15.9937
39.6358
41.0358
41.8815
45.9714
47.2003
-1.0
-1.0
44.1259
48.6599
-1.0
31.4379
39.7433
34.7584
40.0052
-1.0
32.1857
22.2814
51.7292
34.7405
51.115
49.3407
46.8888
19.7135
50.5513
44.5835
-1.0
-1.0
-1.0
28.7278
40.1943
42.4792
19.1744
48.4286
47.813
46.3273
35.2805
-1.0
-1.0
-1.0
-1.0
48.6865
17.3743
21.7079
-1.0
-1.0
27.0479
51.5504
26.7344
47.055
22.3083
-1.0
52.2297
47.2945
52.1591
37.4235
38.0137
44.0316
51.8722
38.6727
37.8615
20.5519
15.8889
28.4604
16.1957
17.9627
25.9296
18.5948
41.3363
-1.0
17.0778
41.7364
29.4451
-1.0
32.8421
-1.0
40.0156
42.8421
38.5792
31.1279
-1.0
36.933
33.1594
-1.0
-1.0
44.7942
-1.0
42.8173
-1.0
-1.0
40.2346
34.9941
-1.0
38.0812
41.6377
38.8345
46.4383
21.6574
36.0134
36.994
43.3155
37.6304
48.6205
-1.0
-1.0
-1.0
46.6233
36.236
48.017
25.5327
27.0641
35.0078
9.53552
40.4438
-1.0
52.2789
33.3136
17.5528
-1.0
19.3798
36.1517
17.9195
-1.0
26.7231
44.0061
-1.0
44.6457
33.1166
20.1911
39.8724
28.8401
38.232
32.7834
44.8044
-1.0
20.6
49.2216
46.0026
24.914
44.9615
44.7022
38.6161
43.9842
30.2312
16.7993
49.1386
-1.0
-1.0
35.8914
42.8033
43.1287
34.5807
35.0334
48.4061
36.7416
-1.0
51.7795
-1.0
-1.0
47.8334
46.4727
-1.0
32.3445
32.2553
48.0444
19.7234
48.985
43.4174
44.9618
48.9064
14.8255
-1.0
44.7688
50.191
34.7417
32.3247
24.2406
36.8157
27.0757
38.4692
-1.0
-1.0
39.9067
44.2994
41.6447
28.0185
-1.0
36.8418
-1.0
-1.0
37.1219
-1.0
17.1396
41.1215
43.2118
38.7197
-1.0
-1.0
-1.0
37.8446
46.6229
48.2766
32.2481
42.6703
35.9203
23.5191
50.2062
-1.0
48.004
30.4391
28.5212
30.3103
-1.0
-1.0
16.4078
50.46
-1.0
14.7141
23.1639
16.1183
21.6966
-1.0
29.1841
33.5934
47.0177
24.4969
40.5185
47.0257
50.3114
46.3446
52.3087
38.8596
48.5112
39.1424
44.3903
44.1594
42.5711
25.3896
41.6844
44.7704
43.751
48.1466
33.4136
50.8635
11.8752
45.1639
-1.0
40.6093
31.4621
12.2326
-1.0
-1.0
8.45161
30.3041
31.832
38.8288
21.1271
43.9004
51.2653
32.7401
44.4626
-1.0
50.7633
16.1413
54.6123
-1.0
47.5556
39.3939
25.2899
-1.0
43.1818
35.1768
49.6882
49.0865
-1.0
49.1571
34.5487
-1.0
32.7998
27.5111
-1.0
27.1248
42.4844
-1.0
-1.0
-1.0
-1.0
32.2021
21.2991
51.5949
-1.0
16.9723
40.2616
19.0405
41.8859
-1.0
36.5863
41.0316
54.9153
14.3562
41.9446
-1.0
30.39
49.4291
20.5794
-1.0
45.1988
-1.0
41.913
24.0725
-1.0
46.8724
22.0757
45.6328
26.5067
28.286
-1.0
23.5493
48.9746
44.982
28.7344
33.9814
44.829
44.9639
50.0102
46.8253
-1.0
51.2109
26.3151
32.3367
28.2796
47.2235
41.8913
-1.0
16.8754
35.1563
50.6139
-1.0
24.4687
33.2695
40.4653
27.6823
36.8361
-1.0
20.9279
-1.0
47.2447
-1.0
-1.0
26.4494
36.7119
45.3988
-1.0
-1.0
38.7494
-1.0
-1.0
47.8404
49.9489
20.5064
46.4977
31.0316
33.2347
43.0528
22.2611
50.3709
36.9704
35.6162
40.6493
-1.0
44.764
20.5891
22.6392
26.7874
28.6694
25.8427
22.4453
18.0278
47.1174
41.4799
43.8043
40.3779
26.0469
38.5167
43.3129
-1.0
41.0124
25.2447
31.5296
51.2767
-1.0
-1.0
23.8945
24.1833
-1.0
52.8679
45.9569
20.9712
33.8444
43.6198
31.7115
13.0585
-1.0
-1.0
21.6503
41.4402
-1.0
47.4502
45.7599
22.2078
52.0325
40.9996
46.613
39.3013
38.2547
30.6147
41.5252
34.6641
35.0319
16.7679
37.6877
30.9965
-1.0
46.004
15.0424
46.3327
31.9938
20.1508
49.7982
-1.0
51.209
33.7319
39.6617
47.0772
-1.0
-1.0
-1.0
34.2323
52.3023
28.8444
30.098
25.9551
37.7714
22.0288
27.2526
54.3187
18.1168
46.8752
34.7689
44.3777
36.2885
47.1201
34.6858
41.6126
23.5019
15.509
41.7032
46.2829
27.3626
52.0903
28.2833
-1.0
35.515
25.3147
48.2689
39.6346
48.2377
23.9633
31.2438
40.4796
45.5096
32.0448
45.2887
46.2458
32.5662
44.5449
-1.0
-1.0
29.634
44.0499
37.9972
-1.0
49.0231
30.9064
-1.0
-1.0
50.9205
42.4217
24.5223
34.5099
-1.0
18.9417
-1.0
40.0373
43.8983
51.574
44.1482
39.6405
37.3502
38.3051
-1.0
-1.0
-1.0
38.2482
43.2003
-1.0
34.2128
44.0683
-1.0
15.5433
35.0522
-1.0
22.1386
43.9094
41.1372
43.6063
41.8974
45.0028
16.2447
17.4774
46.2017
37.2212
46.7983
43.4841
38.0219
46.1095
42.7345
-1.0
-1.0
50.8328
48.866
-1.0
44.3062
50.8183
32.3691
35.181
40.3724
46.3608
51.6243
35.6469
9.04406
41.5676
44.924
39.9513
25.981
20.5286
-1.0
34.5215
46.9641
20.3916
51.4374
31.4774
-1.0
31.3849
-1.0
30.1215
42.3366
34.6522
49.947
46.288
48.093
33.028
49.173
46.0559
45.7544
22.4414
39.9359
48.0561
41.036
38.7461
47.6292
48.6681
36.3183
43.1337
28.3517
-1.0
-1.0
31.289
25.9192
44.824
50.7183
35.6206
49.2619
26.7908
20.0569
18.5114
52.2832
42.5804
-1.0
50.0511
49.6223
31.7985
27.2663
-1.0
28.6577
24.4134
-1.0
44.186
52.0339
21.0705
14.7281
33.4804
43.9703
-1.0
28.7413
47.774
40.9735
-1.0
34.1071
37.0483
48.5887
48.7686
44.3412
28.5697
42.1567
34.6079
22.541
-1.0
30.5754
-1.0
21.3333
26.5144
-1.0
48.6862
-1.0
-1.0
43.1272
-1.0
39.7867
41.5714
37.7478
33.9306
19.138
46.3625
-1.0
32.7305
51.3544
51.0086
-1.0
33.5233
41.3185
-1.0
-1.0
-1.0
31.6511
-1.0
30.7569
27.8846
-1.0
34.2297
56.9971
31.3862
36.6923
38.2734
32.5804
35.4839
-1.0
49.098
30.354
28.1245
37.3166
28.8443
-1.0
31.2341
34.9294
-1.0
-1.0
-1.0
44.9617
22.2843
-1.0
30.4216
33.3977
28.9774
44.3225
36.7586
38.469
-1.0
46.7211
27.8561
-1.0
28.5231
49.7269
41.5338
40.5927
36.5628
38.5724
48.5017
-1.0
40.0699
46.9016
-1.0
-1.0
-1.0
-1.0
33.563
47.4894
38.8678
-1.0
31.0224
41.0482
-1.0
44.4549
23.1932
43.9657
28.1988
32.7501
42.0193
31.738
41.9337
33.4405
42.2804
49.1497
-1.0
22.6668
35.0628
42.5588
14.2606
-1.0
30.0931
-1.0
42.4086
49.0256
49.1914
42.3619
39.3016
32.2593
39.0814
-1.0
8.97024
35.8272
39.3242
26.3149
-1.0
47.1844
40.3546
14.5895
-1.0
40.1548
45.8789
32.0859
47.2742
39.9561
47.8238
22.9299
23.1975
48.9045
45.1398
27.896
32.5072
-1.0
45.7514
-1.0
35.2598
32.7127
-1.0
31.1215
-1.0
44.5845
37.7083
19.8686
42.2051
41.5009
48.0392
-1.0
-1.0
22.4047
43.3105
45.1628
33.4906
-1.0
47.9771
34.9972
16.9681
23.9744
43.9871
-1.0
-1.0
28.7478
36.6479
50.6188
37.0138
48.4782
41.3868
51.8018
34.4943
34.2639
25.2206
23.9633
37.8756
45.4352
40.6901
33.7112
36.7154
-1.0
31.6132
-1.0
15.4534
44.0489
-1.0
-1.0
25.4257
-1.0
45.6092
-1.0
21.2189
13.519
28.3756
37.9044
33.0109
16.0829
-1.0
-1.0
32.4085
47.1406
39.2192
26.3974
36.5385
49.0689
40.7094
40.9994
49.9317
24.4504
40.1756
45.6596
51.3528
48.3872
39.1376
46.3464
34.5793
-1.0
47.3438
52.3029
14.4841
48.3861
44.5289
-1.0
36.8936
27.2315
52.1514
24.1443
-1.0
36.3311
26.7313
49.3354
43.9446
43.6773
41.1019
32.1475
45.1583
50.0116
51.7216
52.2797
21.2509
47.3208
-1.0
40.0776
49.391
20.809
-1.0
-1.0
39.581
-1.0
51.2912
33.1032
40.4194
40.1918
42.312
48.2749
20.1248
22.9533
51.0548
47.8744
42.8459
30.1881
48.4356
-1.0
45.5664
27.7119
44.8767
-1.0
43.0726
41.6375
27.9009
-1.0
14.867
-1.0
-1.0
40.8736
46.4162
40.6234
37.6101
48.5939
46.8256
-1.0
51.7284
45.3593
34.9332
-1.0
33.3723
36.9529
-1.0
42.0945
-1.0
-1.0
50.7294
25.5599
18.9055
50.1658
49.3111
21.7322
35.5252
28.6742
40.6525
37.7134
26.4687
43.352
42.7208
-1.0
33.2273
-1.0
37.5126
32.2937
39.7841
44.5632
43.8869
45.0425
31.3921
39.2207
30.1779
9.79404
51.5052
-1.0
-1.0
-1.0
18.8435
8.35404
38.1858
-1.0
42.0354
12.0108
36.3884
43.8674
28.8878
27.1248
43.6796
-1.0
45.094
34.9354
-1.0
-1.0
35.2637
43.3428
-1.0
41.819
26.2973
30.3385
-1.0
28.8807
46.0336
26.9575
22.5601
-1.0
50.5057
24.9426
-1.0
52.2616
28.6591
22.4114
-1.0
16.6634
-1.0
42.9477
9.6688
36.5796
45.9099
19.3263
16.1307
44.9363
50.099
22.7855
-1.0
47.322
-1.0
51.842
-1.0
47.6573
47.859
52.273
-1.0
-1.0
41.4473
47.0787
27.8865
44.0723
-1.0
40.0598
14.7573
23.9314
-1.0
-1.0
34.2829
35.6069
29.6001
41.772
-1.0
34.9717
22.8718
35.0869
51.1235
40.2366
43.5899
-1.0
20.5235
26.7781
50.8591
16.2962
54.5584
-1.0
48.9916
41.7288
18.7515
45.557
43.2731
22.6213
41.0177
32.7139
44.1981
8.41192
37.4402
43.7688
38.9628
42.745
30.6609
-1.0
37.3388
24.2397
38.8213
-1.0
-1.0
31.5513
47.7021
44.7127
49.501
45.0535
31.8662
22.3782
28.2127
13.3024
15.3913
29.7329
24.1052
50.3582
25.5464
46.1891
49.3685
-1.0
16.2386
44.9378
-1.0
26.0332
37.0658
38.7361
-1.0
50.7395
39.6507
23.5278
36.2355
-1.0
26.6536
36.8588
33.8031
-1.0
20.4804
35.2884
46.0759
49.0014
-1.0
21.4246
43.7493
-1.0
-1.0
37.3976
-1.0
-1.0
31.0513
40.3102
22.235
34.6601
43.9263
-1.0
47.8882
47.2789
-1.0
-1.0
28.665
45.8487
15.5338
46.9719
51.3459
47.2813
47.9013
-1.0
37.3464
29.9529
32.7616
34.8865
36.4379
-1.0
37.7028
45.3071
45.4428
9.47972
35.9394
-1.0
-1.0
49.7582
21.8944
-1.0
29.2893
39.4355
46.1857
38.1544
50.8669
10.7818
34.3342
34.2913
51.2437
36.6141
49.079
-1.0
-1.0
31.7059
-1.0
18.8001
39.3964
31.7456
32.8514
-1.0
37.2819
50.1813
-1.0
28.5658
-1.0
27.8859
-1.0
50.902
-1.0
-1.0
40.2861
48.2987
52.3149
17.1616
35.0205
-1.0
39.6372
-1.0
9.78283
31.1705
45.7891
48.771
35.6107
-1.0
49.2857
-1.0
43.4321
34.7714
47.4411
26.4698
35.2762
45.9924
36.6823
47.5761
43.6232
18.691
36.5923
33.1678
37.4836
49.0294
32.4779
34.7552
-1.0
47.5329
17.8111
50.1263
39.836
-1.0
37.8347
-1.0
42.1124
21.0218
44.8929
44.91
39.8117
20.8642
35.1117
18.9821
44.635
43.5463
42.3347
18.4836
29.5767
27.6636
38.8202
41.9651
24.4658
41.7546
-1.0
37.8032
45.7183
48.9883
32.5657
30.9248
42.7577
30.7773
51.4212
50.8224
22.4152
41.1126
-1.0
42.7813
29.4539
49.5602
35.4811
-1.0
34.5842
-1.0
37.142
-1.0
50.4943
-1.0
44.1794
18.8523
32.5387
43.8086
40.5702
36.112
-1.0
18.611
-1.0
44.1361
33.0552
-1.0
15.0455
-1.0
-1.0
29.1577
37.6022
50.2819
33.8749
18.8387
17.4104
-1.0
48.9576
24.4525
40.8406
37.2319
33.8696
42.411
42.6509
40.4857
-1.0
45.463
29.0209
-1.0
40.4505
40.4298
-1.0
38.5469
43.4742
46.7111
36.3928
47.1835
30.8266
-1.0
-1.0
51.9649
-1.0
-1.0
-1.0
25.6534
43.4743
-1.0
23.6828
48.3368
-1.0
40.5789
29.9359
46.5022
50.6481
21.4369
41.6749
36.1382
-1.0
39.2625
-1.0
44.9997
34.2209
40.1659
46.1295
-1.0
27.6542
32.773
14.214
41.0628
31.6086
-1.0
51.7561
-1.0
-1.0
-1.0
35.3052
35.4839
21.0906
46.7942
50.1342
48.1619
41.9039
50.2947
28.6348
34.345
42.3005
-1.0
-1.0
47.1049
-1.0
42.5706
36.5703
46.8612
-1.0
43.609
-1.0
34.8868
39.6631
21.138
43.2767
-1.0
29.7233
40.5686
35.4063
40.3973
34.1541
-1.0
42.2545
26.299
45.6002
24.6008
37.5385
29.907
36.2392
16.4311
45.7277
-1.0
41.07
-1.0
23.5363
41.1856
34.723
48.5392
-1.0
51.1968
-1.0
-1.0
39.1008
43.431
22.1026
43.738
33.3316
-1.0
32.812
23.034
27.5544
26.1165
50.4238
8.09561
50.7526
-1.0
-1.0
51.1284
16.7963
17.6798
29.5025
31.2371
49.0069
39.2703
28.6496
46.434
47.9561
51.6053
-1.0
42.7806
20.6779
39.935
36.7954
53.7338
-1.0
28.8079
-1.0
46.4926
-1.0
44.2357
38.7913
30.728
47.9003
49.2167
-1.0
-1.0
40.4052
51.2162
44.3456
40.9723
-1.0
-1.0
51.4679
27.4031
49.0483
-1.0
-1.0
47.2302
51.3709
44.6636
-1.0
-1.0
47.258
37.7241
42.6885
35.0398
39.3091
44.0427
-1.0
47.1951
-1.0
47.6128
50.511
39.0197
28.6705
40.689
49.1894
23.2145
45.2168
-1.0
21.13
-1.0
35.2212
47.2543
36.2804
29.3641
36.8193
31.1868
44.7005
45.6743
55.4344
35.9961
-1.0
-1.0
42.1996
48.9432
39.9239
46.6424
-1.0
-1.0
-1.0
-1.0
51.5949
-1.0
14.8514
44.2159
30.3333
35.2312
43.196
-1.0
34.8207
29.9375
33.6646
51.3628
50.6138
41.4448
43.0094
42.4754
40.4102
13.2927
50.6451
40.4746
23.5891
-1.0
29.0725
47.7264
-1.0
43.7186
-1.0
-1.0
25.5477
24.9992
44.313
34.2146
45.556
-1.0
24.0285
24.3416
25.9336
43.5496
34.5182
32.5887
-1.0
22.5044
42.2369
31.3045
41.3752
43.11
-1.0
-1.0
-1.0
34.2171
51.7689
-1.0
46.8337
29.2747
-1.0
33.5686
33.7913
37.292
45.1559
37.2698
51.4719
30.3812
21.8138
40.3061
52.8855
20.1154
44.1194
40.5728
-1.0
21.4015
19.4876
-1.0
41.4283
12.4487
-1.0
41.2457
38.9385
46.4552
47.4968
43.3585
-1.0
35.723
45.981
37.4097
50.2025
48.1748
39.5366
50.0657
-1.0
48.5466
-1.0
44.2482
41.1382
33.2292
-1.0
45.7473
49.8593
49.9753
28.9159
-1.0
36.3744
-1.0
47.1218
90.4137
39.3842
46.7106
21.57
-1.0
-1.0
55.029
-1.0
33.5152
30.229
44.0032
47.3317
-1.0
-1.0
49.0749
47.7718
-1.0
22.7238
32.7067
38.2359
45.5847
-1.0
-1.0
49.5893
32.2547
27.9867
26.9427
22.5263
-1.0
33.106
47.1777
-1.0
42.7537
-1.0
40.6954
-1.0
25.8997
-1.0
47.392
32.9392
50.2725
-1.0
46.0105
28.3403
36.4635
-1.0
32.2122
39.3681
-1.0
39.8972
17.8873
39.6513
33.7903
50.5056
33.5821
-1.0
49.7475
24.6388
38.2232
28.1302
37.6509
35.9107
52.0716
47.7099
-1.0
12.7828
-1.0
49.6019
38.8691
-1.0
16.897
38.8657
30.6752
24.2387
32.2048
51.1342
-1.0
19.9146
39.3214
-1.0
-1.0
23.6346
40.0862
38.7601
51.7516
28.9283
-1.0
44.1558
27.3729
44.8896
52.0909
-1.0
25.2355
16.133
-1.0
44.4937
21.2816
27.3008
27.6821
29.9675
-1.0
49.6196
49.1645
37.8423
14.5568
45.6083
25.287
50.6476
-1.0
28.9999
44.0146
-1.0
-1.0
43.1643
23.002
23.2211
-1.0
40.8688
50.184
47.9374
43.8613
47.0747
44.3707
-1.0
29.7934
44.1765
30.9302
-1.0
49.1428
45.9786
43.9163
34.0628
28.0238
12.0318
49.3566
32.2657
51.5572
47.1337
39.8371
22.8315
-1.0
-1.0
-1.0
32.1912
43.2261
23.3331
-1.0
49.2331
49.5232
43.8404
24.2657
33.4028
45.2941
-1.0
24.7484
51.6239
33.9591
34.8828
-1.0
26.2737
-1.0
35.6854
40.4316
-1.0
21.3681
35.1972
40.5183
41.2318
51.6386
38.8546
29.555
39.9678
46.2406
-1.0
-1.0
40.6584
-1.0
17.7341
-1.0
22.8372
40.2926
22.0558
28.6317
42.9752
49.4254
-1.0
48.4585
41.0088
45.5462
50.8595
52.1636
-1.0
-1.0
13.6528
53.6405
42.201
11.9622
44.1847
51.7205
15.6226
24.9195
33.0984
20.9626
52.5689
40.7845
13.9027
-1.0
21.0337
48.3447
45.8265
-1.0
-1.0
32.5885
42.0324
41.0377
34.8251
-1.0
30.8363
-1.0
44.7254
47.024
20.4213
16.5997
-1.0
32.7828
-1.0
33.1062
42.1823
42.763
24.4605
47.063
-1.0
20.257
-1.0
-1.0
-1.0
47.1321
-1.0
-1.0
24.1033
48.5361
31.5617
44.7486
35.468
-1.0
51.355
45.0865
25.5344
43.6331
43.2399
50.4176
43.9302
-1.0
51.4381
35.367
-1.0
39.8897
21.3656
49.6818
38.0757
50.5626
27.195
38.3147
-1.0
10.3777
42.9965
7.84037
31.1001
31.5912
-1.0
41.9135
28.7674
42.4142
37.533
30.9063
23.229
57.1896
37.435
46.3132
21.822
17.8853
33.6231
-1.0
31.8763
47.1876
36.9406
39.2108
46.7836
-1.0
-1.0
31.497
-1.0
-1.0
38.657
21.5155
39.3333
41.4754
20.4675
39.0862
-1.0
35.2905
45.9068
38.0366
18.9196
50.0944
23.8317
28.6626
35.7439
-1.0
44.381
24.0314
-1.0
-1.0
-1.0
53.4209
35.0443
34.6412
48.3001
42.779
-1.0
52.2305
42.5139
32.2643
41.1816
23.4346
-1.0
51.1077
44.827
-1.0
47.1123
40.1483
-1.0
30.2259
-1.0
-1.0
-1.0
40.7033
-1.0
41.7827
51.7196
-1.0
27.6338
-1.0
11.4659
17.3155
43.7246
48.8271
-1.0
-1.0
-1.0
-1.0
51.3265
39.8148
27.8962
-1.0
46.9383
-1.0
39.5272
35.1317
30.1554
-1.0
12.3051
39.9149
31.8805
44.9402
31.6614
45.7126
52.3003
37.1952
39.3782
30.1612
31.2847
43.8802
43.1246
46.8842
17.2877
47.1434
37.0369
24.3937
47.5675
-1.0
27.4877
48.1417
23.6687
44.8417
15.9271
39.8501
42.66
-1.0
48.6994
-1.0
-1.0
47.8062
38.8461
42.1222
-1.0
33.0808
-1.0
43.6455
40.0541
51.8609
42.4147
16.5306
35.5378
10.9525
50.2601
24.7689
43.5762
51.8332
35.7162
45.7993
46.0113
50.0593
-1.0
42.0822
32.9548
21.2101
31.5857
17.6851
-1.0
-1.0
42.1459
-1.0
-1.0
37.6721
30.7014
-1.0
50.5644
43.8108
44.3204
40.144
37.6263
-1.0
31.1953
31.1815
30.956
45.6066
-1.0
-1.0
43.265
50.9328
36.3951
33.7103
51.2861
49.7315
19.9083
45.4829
11.1611
32.8836
49.3518
-1.0
42.9386
37.2353
-1.0
-1.0
41.5788
51.4064
45.6417
49.7856
41.9637
-1.0
27.9292
35.2664
44.5944
-1.0
50.3469
-1.0
41.6119
43.848
35.6485
-1.0
-1.0
40.3298
21.3892
32.5124
46.9998
-1.0
44.4252
20.2171
43.3486
33.6569
-1.0
47.8564
42.8815
15.0067
40.916
36.7071
43.4318
-1.0
29.1058
43.9173
-1.0
30.3209
-1.0
-1.0
45.9394
-1.0
-1.0
27.2954
33.4755
-1.0
48.6927
45.7162
40.3002
-1.0
28.6634
34.3447
-1.0
40.5963
-1.0
48.5454
11.9795
32.7494
42.7765
-1.0
-1.0
46.5378
48.6144
28.9769
36.8393
30.1102
22.1265
51.8612
35.3637
-1.0
50.0518
-1.0
19.2053
34.2253
48.5152
42.7302
40.526
-1.0
-1.0
8.63558
39.4707
17.1651
34.6876
41.4264
32.6439
43.0236
18.6049
35.8693
-1.0
35.4523
46.0046
43.7995
41.4509
44.8401
-1.0
38.6848
31.3683
30.6717
-1.0
32.1529
37.7216
-1.0
-1.0
12.1177
-1.0
44.1422
43.4296
33.9914
51.9082
19.8296
46.2566
45.9055
47.5077
-1.0
51.6747
34.2543
-1.0
23.7812
34.1286
24.1805
38.359
-1.0
-1.0
25.1144
44.4459
51.9473
38.2075
49.774
-1.0
-1.0
51.8926
21.3122
-1.0
12.9362
47.3715
43.1583
-1.0
41.5896
45.7296
45.2233
47.7825
-1.0
51.3297
-1.0
36.2156
33.4219
-1.0
-1.0
-1.0
-1.0
-1.0
-1.0
36.9021
46.1661
-1.0
-1.0
35.9872
-1.0
-1.0
-1.0
50.7694
39.5636
31.2827
-1.0
40.8457
34.5789
27.6349
39.9159
21.1375
32.498
52.2631
37.8609
51.9454
20.1794
42.9441
48.3199
34.1068
41.8701
51.5067
44.1907
48.3829
46.7216
37.4767
-1.0
-1.0
27.4311
33.1263
51.846
38.8738
43.6844
-1.0
11.9839
19.6093
31.004
26.2662
50.308
47.9972
47.5163
29.4539
43.0281
35.3836
42.6255
33.208
-1.0
-1.0
44.6772
-1.0
32.5239
-1.0
21.4966
33.3875
29.1253
-1.0
30.0023
24.4814
-1.0
32.7336
17.3739
42.7341
39.2671
36.5067
12.3491
-1.0
18.9356
-1.0
38.9744
33.6539
50.8716
47.5981
49.3683
41.4366
-1.0
32.0472
43.6567
44.9269
14.9109
-1.0
39.8159
-1.0
31.7386
44.0939
-1.0
-1.0
44.5337
29.1778
34.8376
38.4541
40.2872
46.9039
-1.0
44.8179
22.8559
42.2554
-1.0
48.1493
-1.0
40.8878
35.7006
37.7518
42.5133
42.3843
16.3921
43.8029
-1.0
42.8024
-1.0
32.8957
45.2051
44.1222
49.0673
32.5819
-1.0
39.7555
-1.0
38.0153
43.5804
48.5439
39.6068
45.5678
49.3689
-1.0
40.0751
41.5837
47.6647
48.219
43.7321
46.5406
44.1712
-1.0
-1.0
-1.0
37.5275
20.1704
29.9144
-1.0
23.0295
40.3366
36.2742
46.2505
38.859
51.5959
43.6108
35.8171
41.6903
34.6086
45.2448
-1.0
32.3977
44.6151
32.6883
13.0166
33.4276
43.2246
47.2999
24.4219
42.6649
-1.0
37.1724
-1.0
46.2798
45.9008
30.2129
-1.0
16.491
-1.0
-1.0
31.0321
41.2639
17.1931
18.8972
30.8121
26.6265
-1.0
25.5212
34.0724
41.7917
26.7962
32.7422
20.0246
39.8776
37.7526
74.2586
34.6824
45.8864
19.2533
44.54
10.4891
-1.0
37.624
31.4814
-1.0
48.4156
-1.0
20.7723
13.6143
48.5056
40.7128
20.5324
57.2995
51.1024
17.871
45.2929
28.6997
48.9289
47.255
24.049
47.4238
41.3343
34.851
39.5258
-1.0
38.5522
-1.0
43.3119
51.3719
36.7409
43.674
45.7044
33.0122
23.9744
33.4456
33.7458
49.9802
23.2471
-1.0
21.8552
-1.0
-1.0
-1.0
-1.0
32.208
35.0211
-1.0
-1.0
25.1942
26.8307
45.9534
-1.0
29.0639
40.471
47.7992
25.6839
40.5464
-1.0
43.2807
35.608
52.0714
42.9369
-1.0
-1.0
26.9953
7.20938
36.8466
49.857
44.6019
25.9938
40.3413
18.5364
44.4319
15.4223
51.7545
40.676
28.1889
36.6906
-1.0
-1.0
47.0919
40.056
41.4126
22.5722
26.757
-1.0
24.8744
43.4612
47.7093
-1.0
48.5407
26.2486
34.4365
32.3611
47.1815
25.4521
14.0232
49.705
42.0642
46.3673
44.6033
-1.0
38.4398
44.547
46.8828
38.3463
48.0732
-1.0
36.135
32.4686
41.3228
41.4937
-1.0
53.0479
42.1339
32.3926
42.0644
-1.0
-1.0
34.3055
-1.0
-1.0
-1.0
48.9831
24.9841
33.7497
9.41944
16.0257
36.1678
42.1291
40.5027
43.9438
35.4104
33.0871
47.4765
40.2277
-1.0
45.3822
29.3551
35.2215
-1.0
39.5637
41.1332
25.1715
-1.0
44.8115
-1.0
38.9366
36.8777
32.4822
39.6005
35.0014
48.5531
49.1738
42.817
44.6699
15.2359
34.7422
-1.0
38.0973
51.2537
47.2944
-1.0
23.7219
47.4866
40.1877
-1.0
-1.0
52.0635
51.925
35.9678
50.9848
42.7604
50.7589
48.5918
-1.0
46.7185
32.3444
-1.0
35.1959
10.1657
-1.0
22.9581
46.0271
43.9297
26.0025
32.4451
46.7335
49.6495
29.6025
19.6586
41.7654
31.0749
28.4841
19.1632
-1.0
43.8461
49.6994
10.1027
36.08
-1.0
25.2175
48.7838
42.3888
41.8695
52.0117
-1.0
30.3526
16.0414
-1.0
37.1982
47.6506
40.8074
36.6629
48.8295
42.0056
21.932
39.1115
48.7709
48.3315
51.9746
45.1972
32.6001
34.8063
44.9548
-1.0
-1.0
-1.0
17.2614
-1.0
44.8561
41.076
52.2088
42.146
-1.0
44.3822
38.0675
7.9567
45.6615
41.1292
28.0951
15.9882
55.3889
26.9373
-1.0
50.6162
39.5117
36.3281
49.6765
-1.0
-1.0
-1.0
31.1179
45.9756
-1.0
32.7312
44.1639
46.2171
35.3982
48.025
-1.0
-1.0
30.2826
45.5338
38.6263
-1.0
37.5452
17.2046
35.2281
37.4885
32.3732
47.1301
21.3649
-1.0
45.6806
49.17
27.0079
41.3425
-1.0
34.0843
19.745
37.2231
32.3215
48.8964
28.7382
36.3751
-1.0
34.2502
42.6365
-1.0
40.9078
23.3441
48.8876
31.2814
47.5872
51.5279
-1.0
38.734
35.3629
30.0054
-1.0
50.1645
27.7951
45.3495
38.6706
51.0155
21.3739
-1.0
34.85
37.2452
45.3275
53.7742
18.2333
52.2032
43.1664
33.5956
-1.0
-1.0
28.7976
34.2157
-1.0
46.1993
46.343
44.6469
51.3879
39.3866
43.3353
38.624
24.1745
-1.0
46.0877
19.4156
49.2497
41.3753
-1.0
-1.0
35.5203
44.9496
38.6082
-1.0
45.1449
46.1247
-1.0
50.9123
28.2382
48.7544
-1.0
40.6072
43.3124
34.0843
44.5731
-1.0
-1.0
24.1818
21.8125
30.9008
25.9764
-1.0
45.0921
13.2473
32.1207
44.9045
37.8395
38.8997
37.7465
28.6378
29.096
50.5838
37.0714
22.5651
49.4339
34.2023
20.8464
-1.0
32.9487
-1.0
-1.0
36.8308
48.099
36.0751
34.4987
-1.0
47.3509
-1.0
17.1375
38.6055
48.9953
21.8905
41.639
43.3322
41.7715
-1.0
24.6507
35.8878
32.925
34.7816
46.7427
46.0619
28.292
17.4907
50.8711
49.1675
45.341
43.9637
-1.0
9.05779
-1.0
-1.0
36.0509
-1.0
-1.0
32.1849
36.7655
46.0195
-1.0
50.1017
-1.0
10.8596
37.3788
40.4688
41.8995
24.6884
40.4142
40.3614
46.7062
35.1245
-1.0
43.4189
46.6445
45.411
42.2494
35.8383
19.2353
36.1038
45.6892
-1.0
44.9817
49.3762
32.0696
30.5549
37.9964
49.2016
51.5673
-1.0
51.9969
48.4207
43.1852
51.8429
39.404
45.5022
35.6407
39.1333
-1.0
23.6111
22.6027
-1.0
21.3615
44.6584
39.1709
27.9037
28.8262
25.937
52.2732
24.1328
30.5723
-1.0
29.3988
46.4788
45.8398
23.4231
29.4312
48.0767
28.5803
41.0048
44.8257
-1.0
35.1153
43.1322
-1.0
-1.0
37.2633
44.0505
-1.0
8.75167
50.7945
-1.0
-1.0
-1.0
16.9904
41.5172
43.2369
40.1232
43.4012
46.3361
22.652
-1.0
50.7337
37.9863
-1.0
9.74097
27.3196
49.7654
-1.0
44.1516
26.6642
37.0946
27.5479
24.6669
21.6088
46.6304
-1.0
36.6206
33.538
-1.0
32.3059
-1.0
47.5664
40.2664
41.7625
27.6563
40.8182
22.4919
39.7412
33.9856
19.1022
29.6923
-1.0
-1.0
-1.0
45.7645
40.3133
-1.0
23.6761
38.1579
50.194
-1.0
12.4039
44.1741
-1.0
35.903
26.539
20.2287
-1.0
52.1573
32.583
39.7412
47.27
55.3149
51.0751
25.1269
45.461
21.4414
43.3885
22.3826
51.5038
51.9218
-1.0
16.2946
41.3639
46.0397
47.6314
44.38
28.851
39.2467
38.7619
41.0747
10.0075
43.0152
21.4539
37.0031
-1.0
19.638
40.4737
20.2357
49.1847
-1.0
16.4289
-1.0
30.6502
32.7268
40.4373
41.4343
-1.0
-1.0
51.5957
-1.0
41.2912
-1.0
36.3231
45.5068
44.9784
28.2251
32.6687
-1.0
16.4674
41.9666
30.1957
10.0708
43.0899
51.6616
7.41052
44.889
47.6378
-1.0
24.3959
-1.0
10.7189
43.8134
-1.0
-1.0
34.2127
14.4598
-1.0
44.7119
49.2239
29.8886
52.1275
19.4187
50.1572
37.6453
-1.0
43.3011
-1.0
30.9908
48.4013
15.9222
35.6713
8.21474
-1.0
28.961
47.6975
49.0472
50.5817
15.0666
37.2513
25.7254
45.0713
50.5469
46.933
24.6454
-1.0
-1.0
-1.0
33.2716
44.7535
28.1793
15.0665
44.8749
39.1347
44.5182
11.4569
17.7285
38.6545
47.8084
-1.0
37.8754
36.8382
44.524
45.6723
30.8843
37.6079
-1.0
-1.0
50.0971
45.5137
-1.0
-1.0
47.8993
41.4071
35.3667
-1.0
24.6637
-1.0
35.7547
34.6893
45.3432
-1.0
-1.0
-1.0
-1.0
39.2007
48.3359
-1.0
30.3628
11.4587
39.8097
-1.0
-1.0
33.7103
24.9831
50.8431
50.2546
32.4041
22.4566
-1.0
43.4106
48.8336
51.4836
33.2605
41.2369
50.2049
24.1032
34.6865
-1.0
35.6228
40.911
44.7692
30.2988
30.933
45.915
29.9697
44.0877
-1.0
33.3293
49.895
-1.0
53.2397
-1.0
-1.0
18.9914
-1.0
48.6923
-1.0
-1.0
-1.0
51.5898
20.3348
30.6129
-1.0
38.3229
-1.0
35.0326
-1.0
50.9354
12.7331
51.8704
39.7115
19.1625
51.6186
28.5757
-1.0
-1.0
30.2506
26.8214
-1.0
-1.0
51.3934
34.2238
30.2586
50.8419
-1.0
52.1606
40.0414
48.0521
23.2423
-1.0
-1.0
52.0981
49.196
43.7712
44.0026
48.1936
41.8127
10.0313
20.7425
34.2233
35.8905
-1.0
48.1978
38.5159
49.9787
29.1594
51.4902
27.2121
40.4824
-1.0
41.6801
33.5863
39.0805
-1.0
21.5925
41.8694
-1.0
-1.0
-1.0
28.0605
33.3909
22.2235
40.2858
-1.0
-1.0
40.0924
48.7235
43.0007
-1.0
48.2342
30.1289
24.9069
27.7226
-1.0
49.9208
-1.0
11.5913
-1.0
29.7281
45.6125
7.12934
-1.0
37.6542
46.0855
32.3903
50.3189
17.1867
45.8823
47.2471
30.5341
40.4682
38.8564
44.3161
31.94
41.9935
42.5882
43.6675
33.9243
-1.0
36.7458
-1.0
-1.0
25.8017
-1.0
46.5981
37.2075
36.2125
38.6399
27.412
51.9245
24.6116
47.116
37.4582
47.3837
40.286
-1.0
-1.0
28.088
33.0998
44.1718
39.1088
-1.0
17.2235
39.5811
44.0172
34.5252
48.5733
36.8574
33.0582
52.1896
38.8421
42.0302
-1.0
-1.0
52.0661
31.1971
31.216
38.7329
27.8175
-1.0
35.5906
23.0173
11.3266
20.6455
46.0266
-1.0
50.2262
-1.0
15.1827
-1.0
8.31098
22.0694
-1.0
35.5807
52.2865
49.089
-1.0
37.9437
28.1551
23.2896
47.9366
26.337
50.8767
28.7072
11.4521
23.7309
-1.0
26.4671
45.0469
44.0852
33.4963
-1.0
25.0229
-1.0
-1.0
32.6569
17.7694
37.9685
-1.0
46.0562
51.4275
41.6559
43.105
17.247
29.4223
51.9229
36.7822
51.6653
20.3066
-1.0
-1.0
21.7716
28.6474
-1.0
35.7385
37.5958
-1.0
-1.0
28.5708
44.9441
25.1789
35.2511
41.2072
34.5165
41.5779
40.3323
38.6355
25.5356
21.1034
39.9626
41.7869
15.5816
42.8347
36.8385
37.2738
35.9588
-1.0
32.7049
40.5712
42.9798
31.5929
19.868
41.5122
53.2968
-1.0
8.8861
-1.0
-1.0
39.0225
-1.0
50.3225
38.4215
48.3312
-1.0
42.6296
33.9433
46.6327
49.9178
37.6577
-1.0
47.3069
37.0436
24.7274
35.1018
40.9319
-1.0
39.0248
19.855
48.3166
50.4993
39.8671
18.5035
42.9582
39.5799
34.2119
15.064
-1.0
15.8483
48.8506
51.2256
-1.0
34.013
25.7351
39.1495
48.5602
23.0686
35.4249
25.0523
38.2181
44.3058
44.4396
-1.0
25.0334
43.2431
20.9547
48.5852
51.8615
45.6009
34.1647
30.4609
48.7449
43.9046
34.7255
41.008
24.5566
33.5249
50.1149
49.7146
29.5666
31.9093
22.1921
-1.0
49.8382
-1.0
49.7617
23.6801
-1.0
-1.0
25.9764
48.8172
39.4374
18.383
34.3114
51.2397
37.5403
41.4251
43.6502
18.3013
-1.0
38.2607
28.0846
-1.0
46.2311
50.7557
48.9859
48.7599
-1.0
-1.0
29.7198
49.487
37.7172
-1.0
32.0416
-1.0
13.2477
50.6028
34.902
26.7504
48.3399
35.6423
50.3858
-1.0
32.2894
31.8899
46.7517
43.8696
-1.0
25.393
32.6719
-1.0
34.7399
42.3434
32.365
19.4457
46.5491
30.7668
29.2923
44.7727
49.2208
51.5788
45.2514
23.8958
-1.0
34.8145
-1.0
-1.0
51.9154
49.6997
39.4504
29.3689
-1.0
31.5354
44.8242
41.8928
-1.0
37.3965
43.3847
-1.0
37.2951
30.5434
21.0056
-1.0
-1.0
-1.0
29.9513
43.2399
37.8257
22.925
40.1943
41.2678
45.2146
3.5609
28.3755
36.6731
44.2533
38.7597
29.4194
39.1529
35.2543
43.272
48.3367
48.7057
-1.0
34.044
42.9023
37.9001
24.0493
-1.0
44.4221
-1.0
51.4712
39.5824
21.6892
-1.0
51.8311
46.3848
-1.0
41.813
-1.0
-1.0
-1.0
47.2581
-1.0
13.2662
48.4209
31.8642
-1.0
39.455
19.3155
23.4551
44.1736
50.8295
38.7363
33.0354
41.9781
46.0257
47.3051
35.7836
48.8522
50.1774
-1.0
-1.0
29.9861
49.979
47.4994
30.4994
41.3327
44.1403
37.1203
47.495
-1.0
49.1593
37.1612
18.8624
29.5205
43.0447
37.1053
-1.0
52.155
-1.0
50.1783
43.4945
44.862
44.0807
48.6754
-1.0
-1.0
42.9177
-1.0
-1.0
36.0205
-1.0
41.2462
48.2253
33.2571
-1.0
19.8072
-1.0
41.7074
35.0704
27.9717
36.3205
45.6378
47.4507
50.0805
40.2151
45.4348
39.4404
44.6436
20.6186
47.438
31.9341
51.4501
31.887
28.7167
-1.0
40.0702
19.2114
47.5002
44.3444
-1.0
28.6981
42.2253
-1.0
37.0799
37.9851
39.1606
50.3829
34.6788
-1.0
-1.0
29.8757
50.3894
31.8585
40.5186
45.5793
48.9628
37.74
39.7671
38.4883
19.325
31.3362
-1.0
52.1019
41.7463
25.2866
32.5537
45.5791
29.6911
33.8229
41.7458
34.0358
20.0122
43.5398
28.8277
-1.0
45.6231
42.6583
43.5738
-1.0
17.1535
47.8963
-1.0
45.8
52.0833
15.7689
45.6567
49.6921
37.2462
47.2139
-1.0
40.9405
42.184
31.5758
33.5416
45.2064
51.007
22.8315
51.9278
-1.0
45.9074
32.451
15.9751
20.7607
12.9086
50.6009
38.6529
36.8328
51.8541
48.7025
-1.0
-1.0
-1.0
47.5877
17.4528
-1.0
28.4317
29.7098
46.5673
44.885
-1.0
46.0658
26.3051
-1.0
-1.0
29.5383
29.0335
41.4506
22.1979
-1.0
26.7167
-1.0
-1.0
34.8853
37.4906
-1.0
37.7537
48.0667
19.178
32.7788
-1.0
16.1822
-1.0
51.3221
-1.0
-1.0
37.7205
32.4584
30.2823
33.9432
20.1443
39.9393
32.2669
37.0672
47.971
-1.0
-1.0
30.32
-1.0
42.9054
34.5093
43.7245
9.11573
-1.0
19.4341
41.0321
38.4449
52.2442
48.5107
28.1611
44.9698
42.7713
47.7518
-1.0
33.7368
35.4777
42.2817
36.6182
12.0015
51.5272
-1.0
34.6373
17.2086
39.9239
16.1382
33.2276
34.5926
47.1467
31.3039
50.0422
40.8012
38.813
33.1228
38.8738
36.3757
-1.0
22.7943
13.4184
43.8413
36.9203
-1.0
-1.0
27.3756
37.5577
38.4813
31.1548
-1.0
39.5567
49.1848
43.5352
16.9825
49.7538
47.2811
49.3996
52.2443
35.2612
27.0309
38.4215
39.2561
-1.0
46.2824
-1.0
-1.0
41.0599
44.7456
43.5854
37.5131
34.0279
40.3732
27.6687
-1.0
5.11626
-1.0
43.9139
-1.0
40.9627
36.4816
21.9496
34.7681
-1.0
45.399
43.196
32.0264
20.8194
-1.0
41.3512
47.6728
44.7152
48.445
43.7762
-1.0
51.1392
49.6438
51.9896
37.8407
-1.0
44.8955
40.3089
-1.0
15.1953
31.3161
-1.0
42.3784
30.3005
35.5247
-1.0
-1.0
20.4742
33.261
-1.0
43.5079
44.0149
-1.0
-1.0
30.4758
38.0442
-1.0
47.5327
-1.0
51.5615
30.7059
49.4533
48.1258
48.6488
-1.0
-1.0
51.9753
51.0765
40.7555
35.2718
40.7111
-1.0
38.5484
43.6664
38.0066
33.7606
34.9799
25.0541
40.3324
-1.0
46.9953
18.5531
51.2184
28.7701
49.9745
34.3948
15.2223
-1.0
50.445
38.4916
41.7523
-1.0
43.4828
50.5967
35.3276
35.0878
36.8617
47.6029
32.0117
43.8175
26.0039
36.3119
24.6938
44.1895
33.2306
30.8365
37.1272
-1.0
46.9775
50.1395
31.0998
45.8964
31.8503
22.8752
34.0023
29.0085
-1.0
33.7038
41.1019
-1.0
47.6559
-1.0
-1.0
43.1001
-1.0
45.3353
-1.0
48.883
30.5078
-1.0
-1.0
-1.0
15.1012
-1.0
43.8062
21.8413
33.1298
33.0761
41.776
28.4603
-1.0
-1.0
21.8306
31.0159
35.617
41.961
48.7074
44.7225
27.1227
-1.0
-1.0
47.6799
45.9194
-1.0
21.5711
-1.0
42.6481
29.0828
21.3455
-1.0
-1.0
-1.0
-1.0
24.2934
-1.0
20.6323
31.2834
-1.0
34.3
25.3827
29.5586
23.8462
38.8556
-1.0
21.3044
39.2514
22.5513
43.7735
38.7086
43.4498
-1.0
30.3869
25.0957
38.2525
43.6578
37.396
-1.0
28.9283
30.6454
-1.0
-1.0
35.1531
-1.0
-1.0
39.8327
38.1526
-1.0
16.96
-1.0
53.7327
28.2317
28.9237
55.3526
50.6563
-1.0
37.7025
-1.0
40.3914
17.4687
47.4399
-1.0
-1.0
41.1577
37.1875
49.8664
29.4021
21.5327
43.5613
47.6621
45.0694
35.1687
31.1996
14.3685
44.1639
46.4981
18.576
38.5814
37.9896
44.2617
37.0948
26.2737
48.7598
22.4779
-1.0
19.6294
50.6782
50.2159
50.6196
-1.0
47.0385
40.2612
-1.0
37.4383
-1.0
-1.0
35.5977
45.4579
39.5375
-1.0
45.9491
50.8983
44.2979
16.6694
34.8584
51.9527
39.667
44.1246
21.8249
51.2638
40.8023
42.2587
-1.0
-1.0
-1.0
51.7827
41.3761
31.6176
43.6148
36.9758
17.215
35.1704
37.0344
43.3417
33.8165
25.1101
31.677
32.3439
46.616
25.8121
45.0233
-1.0
25.4886
27.5308
46.029
48.178
-1.0
43.7086
-1.0
12.2772
45.7829
-1.0
40.6343
44.9555
-1.0
49.3009
45.5202
43.4066
42.8287
48.9334
-1.0
-1.0
25.3512
17.6824
52.2174
-1.0
40.9095
30.5881
23.0016
47.1795
-1.0
30.1662
-1.0
38.2467
-1.0
41.6699
-1.0
41.9584
36.1752
36.9356
-1.0
51.8378
-1.0
43.3134
36.55
27.4177
41.4698
21.2196
35.3171
41.1968
49.0845
34.0056
-1.0
-1.0
36.8117
47.1318
46.1396
-1.0
-1.0
-1.0
43.902
-1.0
17.5641
50.643
24.8118
44.4533
51.0177
-1.0
22.711
37.2538
45.1906
28.3682
27.402
24.7663
21.2716
26.189
36.5382
39.3692
49.0758
-1.0
-1.0
-1.0
27.5631
49.1288
-1.0
-1.0
-1.0
47.4384
26.4581
-1.0
-1.0
33.7337
48.5336
12.9093
47.3215
49.1604
33.7361
-1.0
23.9433
29.8856
-1.0
45.5653
-1.0
38.5512
-1.0
44.3615
41.1928
-1.0
52.1022
28.827
48.3315
27.302
36.8168
-1.0
24.8868
-1.0
34.5283
24.7733
38.238
-1.0
-1.0
40.7294
50.2051
-1.0
12.7307
17.788
15.9179
-1.0
47.0349
50.8131
27.4607
30.2372
43.1441
19.403
32.2605
42.1457
47.1427
48.0148
-1.0
45.1096
32.4977
36.5867
27.3933
37.5191
29.2724
48.5137
-1.0
23.129
-1.0
25.1051
-1.0
38.3056
-1.0
-1.0
39.4486
35.7871
40.9099
45.2812
49.1552
33.1665
50.8251
33.9365
-1.0
36.6327
43.7773
48.5473
49.4735
40.7107
29.8709
-1.0
35.7305
-1.0
-1.0
-1.0
38.3268
31.9028
41.4465
42.9064
33.6976
41.2345
21.8362
21.6339
27.0523
47.043
45.7025
44.7178
43.034
45.1221
48.4334
44.3397
29.7518
35.6988
42.7604
31.5222
15.8359
28.1651
29.044
28.8368
16.6613
30.301
30.5576
43.5897
48.9446
54.7196
19.7019
43.8835
-1.0
23.5465
36.1669
21.7958
-1.0
46.0407
37.0543
30.0705
39.7362
37.4606
23.0831
32.605
38.4314
19.8847
31.3113
-1.0
41.734
47.9303
34.2551
31.9239
-1.0
21.9155
41.1858
-1.0
46.4833
35.8696
-1.0
45.8832
33.652
-1.0
51.0434
-1.0
48.1549
-1.0
24.0688
-1.0
19.7617
26.5176
-1.0
42.5341
32.4298
-1.0
30.6451
31.0428
-1.0
37.1151
46.255
8.90785
24.1978
24.2965
17.099
-1.0
23.0088
41.5228
-1.0
31.0653
19.9646
41.4142
48.8929
50.0422
44.9562
43.4763
-1.0
43.7913
34.8578
29.0616
51.6037
26.5263
50.6615
43.2349
27.8592
24.0155
47.2053
48.7007
43.8854
-1.0
42.6967
44.1711
-1.0
23.7607
29.6878
29.1184
27.8332
23.4286
35.7652
50.1859
13.0541
43.5427
33.0337
48.6495
52.2089
-1.0
42.9718
49.5066
-1.0
41.102
35.6813
39.2395
41.5005
-1.0
11.8195
39.2375
40.311
-1.0
37.5799
29.9219
41.3899
49.6251
34.0374
49.0814
48.1316
36.6472
36.5117
47.2034
37.9972
30.5777
48.994
48.021
51.74
21.9192
-1.0
39.8892
46.8567
32.5445
23.1584
36.8235
-1.0
30.1137
-1.0
-1.0
20.4334
51.7116
31.4879
-1.0
-1.0
-1.0
45.1294
23.9447
28.7473
15.9524
-1.0
51.8938
34.2649
30.6878
44.4534
27.9026
45.3036
-1.0
25.4368
-1.0
-1.0
38.036
52.2624
45.7319
8.72403
48.5653
-1.0
38.0333
-1.0
36.4236
-1.0
-1.0
27.778
15.3563
-1.0
22.4907
46.7228
-1.0
43.6038
31.0561
46.6645
23.0644
-1.0
51.5561
-1.0
45.8034
-1.0
40.2832
50.4839
40.4557
-1.0
-1.0
-1.0
31.6187
31.7976
-1.0
19.0293
-1.0
19.5432
39.0514
21.4852
18.8242
-1.0
39.6117
19.7926
49.4036
36.1917
-1.0
49.6336
49.5408
45.397
25.1267
40.1738
27.0084
43.4128
33.1062
49.438
-1.0
24.9615
15.2085
24.0322
-1.0
-1.0
31.6049
49.4291
31.7038
35.577
26.3175
24.1353
28.7656
43.653
-1.0
24.7651
33.1502
-1.0
40.366
-1.0
47.1673
21.0603
23.2456
37.2359
34.3604
26.7002
-1.0
29.4309
39.4422
43.5687
-1.0
45.1995
26.9313
-1.0
43.3885
32.2882
24.6669
9.7601
33.2159
50.3918
40.7586
28.798
42.6022
50.6736
26.126
41.9484
-1.0
45.4504
45.7193
26.7342
49.1867
45.6712
39.0498
49.0249
44.6631
48.8466
48.8463
35.6304
36.6018
35.5872
46.6878
47.0607
43.4805
46.9468
38.3999
32.2052
41.1408
38.8046
38.0685
-1.0
-1.0
38.1647
34.5151
26.8878
27.9138
32.3428
-1.0
33.622
-1.0
49.6568
23.1704
45.3834
40.2118
37.0114
47.3301
25.4134
29.5916
-1.0
47.1633
38.8298
36.706
38.8768
45.6922
-1.0
31.1052
23.5451
51.3045
35.4675
27.0296
-1.0
31.0383
37.9769
30.2509
-1.0
31.5036
41.7538
-1.0
46.7777
40.84
-1.0
44.2745
44.0821
38.0562
32.9022
25.0582
32.8026
45.9484
23.5552
-1.0
51.508
19.0983
-1.0
-1.0
33.1106
48.1263
39.1588
47.4329
-1.0
-1.0
37.9183
-1.0
50.8362
40.1997
32.7366
52.6483
45.7661
47.0121
28.3534
50.0663
43.337
-1.0
-1.0
35.5486
-1.0
44.7843
44.3282
-1.0
52.2188
48.7859
45.8889
-1.0
-1.0
29.9449
-1.0
37.8968
-1.0
-1.0
36.3399
34.7584
34.9473
25.7552
45.2434
-1.0
46.1845
46.599
22.7262
39.2407
41.8365
-1.0
40.6497
49.1126
33.8193
-1.0
48.4371
30.5614
46.9332
37.708
26.7168
29.9466
-1.0
49.8855
24.1701
24.3201
-1.0
25.0007
32.2912
43.4692
50.8212
47.8858
38.751
33.6459
31.0372
-1.0
44.8749
45.5482
34.9422
39.6471
20.7172
39.524
26.391
-1.0
34.598
46.0618
33.7136
50.8074
-1.0
36.7624
49.7241
39.5989
38.6322
10.8961
24.673
39.1117
28.5829
-1.0
43.3243
-1.0
14.4114
30.7629
33.2247
-1.0
-1.0
35.7046
-1.0
25.1483
13.4767
49.0522
28.0532
32.3567
22.6736
35.0348
38.9189
-1.0
49.1846
24.7273
-1.0
53.3323
48.9964
-1.0
14.7582
49.958
37.4931
50.8192
15.5659
37.8562
-1.0
41.6368
34.8084
46.3179
29.8793
47.7546
10.4623
23.2522
24.3324
-1.0
47.619
-1.0
-1.0
-1.0
47.7663
46.7499
40.3173
-1.0
-1.0
51.5165
44.7479
40.8271
50.5256
-1.0
45.7181
43.5931
52.057
16.6164
31.3882
42.5085
47.5117
-1.0
44.3096
-1.0
44.5608
-1.0
50.3179
17.5371
41.0798
35.3424
-1.0
36.2682
-1.0
31.6312
13.2332
23.1608
-1.0
20.0637
16.3884
48.879
50.0679
24.653
40.1152
48.8934
51.4519
51.0602
23.4607
38.147
46.9782
38.2706
41.2599
50.6581
31.2085
37.7771
-1.0
12.1388
24.7721
45.0204
50.3754
38.9723
-1.0
20.8179
-1.0
47.5528
38.4709
39.7808
42.7259
-1.0
25.1546
42.0053
38.0296
21.4754
50.8312
48.5951
-1.0
47.4489
28.632
49.8132
-1.0
35.5342
47.5431
43.3247
38.3714
40.6958
45.8576
30.9474
40.1218
23.3845
45.3647
-1.0
37.373
23.7534
47.0956
23.9468
-1.0
36.0802
43.435
30.6252
-1.0
37.8475
-1.0
12.0579
48.1934
47.8683
43.9189
34.8058
-1.0
41.0379
15.2103
44.9778
45.1906
-1.0
-1.0
31.8444
49.7962
45.8726
-1.0
42.1638
-1.0
-1.0
29.175
34.4888
-1.0
27.5044
43.7145
33.4436
41.3301
34.5086
32.4866
42.3438
41.1833
47.5094
45.1602
10.8322
44.3274
35.3368
42.2872
-1.0
-1.0
47.7431
30.4394
49.7499
48.1003
51.5594
