327.19
7.26142
145.309
423.552
86.3632
7.68378
328.38
234.661
334.073
292.21
7.02486
119.392
290.599
526.516
153.598
223.594
7.60234
159.185
98.9118
155.97
8.1335
86.1397
7.58723
214.986
420.954
567.583
444.666
192.8
397.381
7.45772
299.688
411.401
7.47775
85.2349
467.685
298.489
293.795
7.16725
384.073
129.568
108.334
25.8433
371.612
314.998
41.0006
121.185
198.689
359.66
30.6484
6.82868
7.15714
157.561
321.232
80.3837
283.096
8.71945
7.30925
82.3421
53.4766
124.789
30.6345
3.97427
7.0649
260.759
5.96554
401.302
451.268
141.768
354.031
229.001
92.9457
328.552
184.059
7.14545
179.702
79.3727
342.737
6.64823
17.3485
232.378
6.95745
292.573
119.725
7.15934
17.0296
23.9672
399.66
380.916
32.2045
370.009
220.791
5.58459
7.08198
7.59309
408.126
186.894
80.0962
6.8909
289.422
98.238
40.4315
281.449
141.173
508.432
331.885
317.817
280.611
324.336
51.0462
88.5629
45.0276
357.233
200.592
46.8542
163.124
351.533
12.3792
474.365
68.7659
7.75918
328.004
196.986
7.31479
312.382
189.799
96.7408
7.50198
7.16181
7.27622
112.04
6.99103
164.844
7.37447
7.04516
378.709
139.751
8.52278
235.913
7.44344
6.70357
44.872
520.152
6.89154
17.3396
46.5972
458.806
7.17633
267.063
207.483
455.497
70.2043
66.832
47.5461
67.0973
385.902
7.2872
8.22012
335.515
293.291
529.432
451.342
140.256
354.366
408.786
7.49345
134.43
480.5
575.079
333.06
250.117
321.946
6.98985
201.495
474.538
7.77849
47.0385
7.6104
7.67077
369.33
329.674
313.835
108.228
160.291
26.0658
147.84
475.787
161.896
80.8899
7.86278
103.753
6.717
7.36903
127.459
7.76444
160.307
7.00051
8.82841
7.41414
145.337
6.49905
7.17759
276.352
275.195
7.14928
8.7886
132.838
6.90665
417.79
135.964
7.2378
184.648
179.13
6.52217
64.4938
401.048
9.38676
7.07732
354.619
201.901
163.296
315.386
360.388
7.41273
457.18
194.177
303.594
11.6572
156.972
8.18725
286.17
6.47074
11.9026
388.41
75.7073
5.00084
7.06363
48.2103
69.468
437.754
416.381
142.842
7.60075
421.591
6.49423
7.47355
21.1894
6.48789
7.13885
99.2979
7.15814
32.3748
487.362
170.379
14.9164
455.62
7.29955
159.457
285.267
20.6695
76.8214
8.1834
282.571
535.489
330.99
3.5914
7.38197
172.513
41.7337
92.9605
375.887
343.784
332.43
148.899
525.544
176.671
12.1452
267.089
292.253
133.235
397.366
211.788
6.5445
104.601
6.08994
33.5766
331.256
282.223
-44.0236
235.245
7.36233
7.62104
7.19088
6.52404
7.26724
78.1631
338.851
484.666
299.455
75.3557
8.10956
322.742
270.697
400.06
423.938
167.624
8.09737
56.2738
45.0262
426.976
173.573
468.316
62.2743
7.5235
45.897
293.077
7.05198
410.382
425.396
7.61286
189.144
192.622
76.2304
486.275
34.2347
355.886
420.314
183.178
116.705
7.21738
274.898
5.21934
580.556
187.459
3.3148
441.212
7.37438
7.11971
4.94446
7.53017
396.857
52.8868
6.74179
150.931
4.11174
6.52737
133.145
7.14976
390.171
443.814
243.343
503.379
64.305
61.2257
7.07062
121.212
262.371
23.7122
19.0807
371.775
61.6586
543.776
546.398
7.01546
503.02
84.3128
7.74293
107.075
34.4566
274.35
8.15357
409.229
331.345
6.96107
311.788
7.24909
479.748
6.71887
51.3929
6.93612
5.76892
6.71604
7.48836
213.574
146.183
399.731
482.216
79.8637
161.692
263.064
16.2964
35.9127
200.712
177.809
415.453
213.021
490.901
242.507
174.678
560.292
10.8256
9.3073
52.06
331.303
359.708
300.913
7.71995
25.6424
527.439
7.58048
313.554
166.538
235.394
212.012
417.822
7.13576
362.883
518.551
8.59063
251.697
9.60983
240.672
91.7649
316.392
298.003
5.28599
425.227
7.02263
494.966
6.6735
7.25342
143.452
23.8524
160.906
369.06
7.53317
389.11
120.443
189.312
44.8498
34.6935
7.33006
18.5176
270.425
498.283
7.02216
472.558
6.48771
188.312
233.725
271.164
7.22565
397.333
134.117
8.40721
464.948
140.549
199.403
6.87741
0.67372
130.193
250.613
393.025
236.931
6.28112
334.216
242.168
45.3515
302.737
453.088
489.245
7.19789
69.1416
60.7491
257.327
305.836
152.489
324.575
94.7764
10.4853
7.23652
13.1468
228.604
6.95397
180.494
343.921
381.856
190.691
243.214
252.165
97.4947
117.705
49.3965
236.079
60.2925
382.898
287.314
266.766
351.997
7.70689
147.335
204.197
9.30809
216.518
192.207
275.637
199.797
7.52196
7.18073
7.17342
234.939
103.509
-37.2152
121.2
173.561
342.533
367.273
6.83556
7.26954
298.927
6.31174
6.85148
19.0829
5.67853
271.732
7.3787
6.98802
220.135
203.567
6.75788
149.61
90.3434
7.35445
49.1337
6.98415
7.37276
522.138
7.53335
165.012
432.186
374.682
178.025
7.55956
127.005
7.9257
7.06371
7.13137
452.476
6.68141
68.6604
6.98176
7.35126
246.656
333.618
6.16657
408.06
100.868
8.0199
381.627
414.67
9.50127
263.534
148.959
277.847
36.6818
7.043
331.206
7.20204
52.7756
480.385
155.308
133.252
202.731
7.14004
99.1429
6.93036
435.859
7.14239
7.2913
237.66
417.719
326.842
302.858
6.62801
6.79562
81.7957
376.451
274.551
467.319
363.087
79.5644
518.645
380.814
191.004
331.979
286.346
208.163
143.843
422.717
306.213
7.22577
7.78328
6.85715
6.76799
35.9118
96.529
7.40883
288.381
39.0053
373.756
129.22
106.225
340.376
7.66868
33.5213
250.298
233.657
7.02628
368.504
68.5054
124.955
382.854
312.132
210.822
116.181
7.23564
404.397
163.914
202.347
7.24347
418.207
8.16613
46.9944
6.97641
256.601
151.503
477.386
323.247
162.883
322.918
222.034
499.071
231.887
6.67678
101.375
6.77635
273.441
99.0468
9.65957
7.14074
7.52693
91.6791
393.843
16.9591
103.616
13.1068
240.536
101.492
417.314
6.48181
164.605
316.99
66.4786
7.50137
36.8971
404.954
6.79201
85.1785
6.79231
6.80268
210.783
7.08462
203.142
436.259
390.231
92.1336
7.53983
320.466
329.21
289.384
292.129
54.0128
7.62976
7.36145
265.074
280.288
276.355
204.613
177.39
241.348
14.0028
364.166
294.483
7.1622
260.961
413.631
8.65714
22.3177
6.81927
7.2788
6.97043
6.7177
246.817
92.4689
357.135
371.548
410.058
214.709
434.279
36.0135
567.795
238.151
487.251
6.85794
183.367
7.38041
6.97877
173.754
6.79017
242.804
487.597
7.44241
66.5332
7.97942
6.80505
317.655
8.01353
7.11619
315.951
122.651
314.815
285.329
5.98433
247.271
19.5179
6.23385
179.523
415.844
24.9088
62.3053
9.03037
47.9625
7.07786
298.996
367.685
210.777
7.08581
36.5088
306.362
7.31152
138.105
410.73
168.929
447.378
58.727
239.22
319.232
6.55922
136.367
141.91
313.505
350.212
7.41443
177.851
442.283
209.827
252.534
120.623
387.999
16.3641
161.63
129.846
6.83241
6.85824
85.2456
288.666
401.627
15.2465
283.236
29.7735
362.964
43.105
89.4402
222.536
276.272
6.64394
121.83
7.75172
196.681
548.185
37.1629
6.98166
6.99882
303.043
32.7394
123.267
563.128
7.69465
278.224
6.25061
116.185
62.4364
3.42403
50.4428
7.12806
174.649
6.98244
35.0005
174.224
297.296
48.1539
367.918
164.79
336.178
337.749
205.213
6.5628
192.784
433.66
423.866
388.719
244.884
215.155
175.733
308.771
7.02094
36.6625
456.773
64.2938
6.48615
53.6916
437.832
162.423
7.17916
7.01562
7.32046
464.234
290.379
271.05
566.555
6.98974
422.848
477.885
111.554
165.423
127.003
7.80771
196.727
229.685
105.745
210.955
7.08849
7.52568
145.024
249.425
8.70569
335.114
322.912
156.526
270.363
468.264
32.3048
6.47267
7.47007
6.69505
335.606
168.769
253.886
7.34663
66.7954
27.5209
425.778
9.526
294.653
5.52762
343.018
235.489
64.0362
7.0357
4.46906
166.721
399.576
60.274
150.061
8.19738
185.276
337.375
7.72757
6.82052
7.28803
6.93385
84.5679
7.54782
239.342
172.161
83.5794
558.611
29.1766
442.468
531.748
365.67
75.2683
188.876
7.20641
325.19
199.872
518.388
103.326
7.21536
7.52841
276.726
120.565
12.0367
176.82
121.062
59.5204
155.611
416.916
460.564
7.43717
263.887
48.975
161.691
136.906
339.731
7.21696
26.4335
493.226
408.539
6.86911
103.014
68.2045
360.777
159.789
208.96
292.458
330.47
83.5642
7.52714
7.37162
7.79014
7.38654
163.849
67.3709
178.919
79.6129
166.676
580.312
224.143
7.75135
94.2382
6.05732
133.147
364.872
6.61085
7.27901
489.167
114.181
538.604
391.94
219.865
12.6743
313.308
337.065
12.7549
46.4686
6.80603
136.465
32.6449
14.5112
7.40588
177.182
97.6641
7.06541
7.55408
151.974
26.1186
70.6316
233.419
174.449
6.98763
64.7169
15.8968
157.673
-147.686
396.018
417.843
116.829
49.9317
7.09848
250.579
527.969
174.532
367.81
18.9818
7.36714
193.971
272.08
95.1475
244.509
296.74
6.48722
300.752
177.765
7.6291
370.791
6.46391
340.327
124.824
146.108
7.36302
137.904
8.41085
212.272
165.48
203.095
246.878
6.6763
7.02744
5.1519
6.88124
5.57259
8.17575
401.934
7.20339
6.25741
321.774
462.436
7.25233
134.314
82.6827
191.088
112.829
377.226
49.161
236.001
78.1667
3.67414
366.812
357.062
7.49626
115.659
6.80739
7.75385
124.853
179.145
6.44918
408.956
6.50208
12.0734
158.618
6.92333
73.187
136.934
282.947
121.568
161.095
7.1826
21.3594
7.11522
7.53778
109.496
6.14391
431.438
7.69619
175.613
363.689
7.07894
6.05958
61.0657
436.036
362.612
529.453
140.19
221.845
6.87986
7.35284
6.59907
325.773
33.8077
287.211
5.67263
137.729
23.1079
274.373
484.091
87.3107
280.293
221.424
90.8363
302.408
401.487
6.70564
7.53565
229.954
185.392
97.1722
5.80235
7.11125
521.078
7.88801
92.5907
7.19396
7.15133
195.854
121.948
5.89187
49.5695
373.371
275.184
45.7673
369.952
5.2184
194.362
437.149
27.5439
423.742
10.8096
8.30879
542.27
333.649
7.15499
82.9692
43.2958
379.34
299.508
6.53738
386.446
201.679
363.688
132.619
134.463
300.182
286.228
263.09
325.277
7.43412
432.572
6.32069
369.843
119.797
242.887
6.8292
264.855
273.125
48.8534
179.262
273.583
161.409
7.23888
27.7716
189.83
8.86579
197.165
10.5878
222.062
82.0332
550.666
362.719
39.5828
525.601
89.8184
210.539
207.038
17.6799
7.47152
311.477
6.95329
329.401
465.013
173.343
308.438
405.163
498.564
532.185
33.7436
183.298
119.335
272.346
14.9253
7.16062
479.732
6.32378
378.351
6.87796
475.661
7.18262
270.508
336.642
44.4519
167.756
135.185
7.47454
6.52555
141.565
141.15
202.952
130.703
514.129
257.761
39.0847
253.417
266.109
6.97308
7.18212
5.52528
10.4261
164.029
259.762
62.8708
129.672
302.311
5.82397
21.4695
355.255
346.911
328.657
105.734
101.45
7.26165
6.78377
482.748
9.93454
7.44616
8.31796
52.6154
237.986
274.271
345.436
62.8839
394.869
62.2766
426.823
116.174
192.665
349.777
7.36983
7.63264
66.9837
408.486
8.44654
430.025
250.696
148.463
216.736
107.975
160.843
268.26
190.711
260.535
246.285
6.98377
470.302
6.98926
355.241
114.675
209.264
385.191
436.254
337.476
6.45693
8.38091
5.88588
30.3889
325.167
171.316
367.155
6.99286
151.724
154.863
283.526
245.957
120.536
83.9768
7.8198
196.773
212.108
7.56727
73.5418
6.66167
296.132
6.98807
220.202
207.432
166.245
441.892
16.1723
179.753
6.69532
530.253
263.114
7.34843
7.83144
7.56668
407.625
7.04407
134.877
56.4322
92.8168
6.60261
287.78
85.2598
275.053
7.62166
109.406
445.921
8.05581
57.1647
169.957
5.95298
7.40532
231.766
8.15908
423.715
7.05554
209.36
394.967
7.53544
7.32981
350.029
244
4.49208
454.613
7.27272
1.73623
260.496
7.09705
37.6849
278.646
390.306
341.24
222.205
6.04995
474.182
95.185
7.34305
368.044
7.63655
422.658
62.3143
27.0706
31.5068
372.16
50.1229
174.849
18.3799
100.588
6.80739
389.147
186.84
302.57
103.558
6.98169
7.11224
178.438
212.586
7.12126
208.184
330.182
212.853
6.86714
487.655
27.831
505.887
330.378
118.223
273.386
33.8337
344.885
55.1127
395.782
457.739
261.336
323.565
470.476
7.16069
375.037
263.421
8.26184
62.8004
44.0595
173.529
192.927
449.639
6.93741
4.98986
388.481
7.30005
14.4007
20.0558
23.2508
116.469
254.082
312.386
512.39
482.714
449.173
7.97547
308.755
519.12
5.96137
61.9163
20.2635
7.10971
6.8266
8.29489
245.075
102.386
7.04747
494.234
6.68432
104.316
312.165
7.40796
7.37799
7.43133
96.5525
350.112
7.0244
107.177
524.791
289.539
384.245
118.274
46.3246
7.33269
404.328
192.201
87.8476
240.017
161.158
7.27654
8.01905
7.47366
8.66719
137.921
7.37557
14.392
8.83038
7.35057
489.806
183.631
457.876
7.57579
344.473
88.2222
206.771
34.1358
6.96173
7.16256
7.40476
34.1818
506.189
72.5685
197.289
248.51
2.31084
6.84617
171.082
198.596
454.6
186.569
-14.0455
190.439
6.68053
421.947
270.479
480.921
7.21446
360.012
15.4083
375.402
539.752
141.972
156.629
6.20051
500.558
242.464
225.087
300.67
67.2825
332.678
7.14279
254.175
7.59442
496.619
295.348
126.505
7.05748
10.554
310.985
6.43522
7.32379
177.845
7.32556
371.19
118.656
2.09481
6.61163
223.871
137.983
7.0686
404.82
243.491
7.16056
7.13378
8.52238
134.48
10.9996
9.41138
36.2399
7.25522
5.87994
481.53
313.295
7.36255
218.039
440.946
384.651
253.785
7.94274
227.859
572.234
497.078
470.736
59.7499
182.313
489.847
7.33965
129.856
196.178
7.08066
5.90989
7.01706
449.51
421.327
126.918
7.38646
174.143
7.11982
7.65047
347.546
195.72
96.4406
378.24
6.90202
94.0707
317.446
372.375
19.7326
174.868
8.33005
36.534
179.941
3.36201
513.031
121.024
317.493
193.703
398.505
382.19
285.391
405.361
6.67163
14.6385
8.42524
53.7941
291.182
387.651
204.005
29.1326
477.503
7.05818
291.915
296.032
388.051
151.709
6.9793
487.815
7.20186
210.325
341.545
406.872
6.97525
7.21856
208.809
311.724
7.02226
267.443
183.579
301.866
12.7055
4.75757
426.486
4.40781
147.659
6.85958
7.18498
244.46
241.672
13.341
352.787
474.73
150.168
275.136
7.32168
7.2488
14.0736
314.418
7.67439
51.6952
10.8079
160.052
6.96319
424.067
7.26915
319.084
365.037
45.2409
151.958
505.125
535.874
161.204
89.0741
178.342
245.02
36.596
6.9315
271.099
283.736
17.7231
372.292
490.992
7.10838
6.92703
473.556
527.5
175.358
392.377
103.792
121.961
116.01
161.202
423.577
92.9002
453.307
104.709
362.431
302.133
7.391
5.35546
120.469
167.067
371.976
7.50253
357.959
146.19
368.223
240.93
151.496
145.036
312.427
105.181
7.59566
7.30023
71.4075
154.891
6.4973
117.742
165.423
115.874
6.77762
244.269
425.985
124.396
396.371
322.607
199.531
352.802
202.842
356.172
150.067
6.41006
7.37773
187.493
342.845
70.9616
446.121
7.27499
371.864
451.276
315.354
201.47
7.50958
8.53473
491.95
403.034
165.283
11.5619
5.90501
266.196
442.156
7.14574
190.67
7.8507
431.016
6.9433
135.925
8.34179
6.9684
563.805
6.55991
244.59
125.777
6.85483
363.416
73.7215
142.824
165.236
35.841
144.021
206.381
6.66018
7.61484
445.707
7.22878
8.21679
412.809
7.07494
340.638
414.619
157.422
82.2753
243.829
195.152
7.05247
72.9107
240.537
10.2197
263.156
91.242
109.117
7.05275
511.001
175.955
6.13458
587.887
153.079
171.819
9.28008
228.824
6.99706
8.18045
99.8212
381.171
28.0474
459.854
500.992
459.202
144.304
283.192
38.9094
445.51
275.988
80.7977
120.717
427.45
5.85428
7.96654
8.23541
589.344
6.58022
201.356
14.0865
50.3029
6.97441
321.577
214.939
114.163
5.56302
7.28296
7.59096
255.873
105.958
260.659
429.81
536.823
7.35527
6.65075
7.28365
6.91648
149.439
283.379
8.49803
429.121
203.209
7.04794
6.73898
7.32778
289.72
49.8957
375.664
7.40634
356.442
78.0929
345.357
327.328
6.73883
17.1099
7.40889
52.5017
102.202
7.72928
7.162
255.993
10.937
494.3
93.0391
204.055
382.842
376.171
202.786
64.2769
7.11962
153.467
7.51306
367.669
6.6841
7.05632
87.1318
7.33061
288.67
265.294
173.804
275.69
8.56295
8.2796
440.728
8.9172
449.805
7.25698
7.35561
257.352
195.305
6.07866
3.48091
7.75637
320.042
152.03
7.88002
52.2366
7.0677
486.061
412.221
312.061
6.73542
346.241
273.244
268.099
363.128
401.238
61.5254
411.976
6.84895
14.7253
2.39983
167.45
134.536
6.64336
118.954
83.3889
21.6096
6.0974
560.009
167.518
502.723
119.706
369.257
120.801
424.338
160.2
65.1659
7.49626
5.45897
216.954
270.25
102.249
262.062
6.64511
501.135
174.12
413.61
450.034
301.143
287.942
329.412
7.27375
34.1609
91.3368
19.0856
7.44826
383.399
329.344
28.1688
160.27
55.2887
7.08932
313.165
7.22967
29.5404
69.1376
185.682
8.67443
84.2419
185.774
6.9895
7.07591
363.14
492.442
8.58683
483.073
230.074
191.21
114.425
0.410617
300.433
7.31691
250.338
412.307
248.219
197.288
7.26888
299.159
107.348
192.077
6.07959
6.55712
328.361
10.4935
7.01485
238.804
246.316
112.796
75.0161
19.9223
380.651
158.276
201.565
405.517
196.41
518.804
154.632
63.213
230.809
7.02087
209.584
319.864
105.221
36.0246
406.533
111.11
31.3407
24.4995
72.2396
71.1657
109.265
82.3563
149.347
501.903
17.5487
6.68953
7.35983
421.966
6.94633
343.112
462.719
6.99876
99.752
6.59005
179.179
7.16477
36.4859
266.18
8.22702
297.968
232.58
77.1236
402.902
447.904
170.604
359.451
170.885
158.344
7.81441
145.26
33.2723
147.28
309.577
7.26245
323.84
242.989
6.70142
181.047
440.602
7.12992
7.44087
429.616
501.392
511.079
6.65607
444.122
58.0561
466.923
7.27137
248.337
7.49281
7.74713
232.373
272.17
121.717
440.312
34.0276
7.83748
368.99
368.738
66.9014
49.8559
230.137
6.91071
294.898
8.16797
6.60905
401.81
505.288
297.357
297.105
46.5981
63.5288
9.11142
156.449
65.9415
311.978
490.733
379.308
386.852
431.382
408.049
7.02624
133.924
504.938
315.03
72.3198
547.259
346.89
538.302
5.87405
127.011
471.795
6.5599
536.586
6.77506
301.991
7.52052
7.49081
272.447
7.01855
10.4858
180.909
228.266
86.8087
177.904
182.105
6.72041
17.4489
7.5911
396.645
425.622
551.413
66.0621
515.154
7.2278
285.693
331.317
5.4164
181.054
412.867
133.016
195.098
340.088
262.794
474.331
7.56423
476.669
6.73283
293.456
391.842
56.6545
8.73397
56.7217
340.057
7.28925
7.85551
357.597
6.32198
138.316
7.89817
64.9696
112.679
7.34462
449.272
217.585
334.611
365.608
351.528
147.988
359.607
7.37959
302.46
7.30284
2.59262
8.92206
455.095
108.288
258.044
349.888
295.226
7.08544
42.1236
470.396
92.4788
413.663
7.43521
241.949
10.1906
29.3438
282.679
225.077
142.222
413.807
4.91361
138.509
7.33524
88.8401
103.002
83.0304
341.806
190.752
290.028
134.589
207.293
295.403
452.739
168.445
6.84102
8.61561
6.8481
197.631
231.308
5.34453
515.194
128.521
68.6085
418.671
229.663
103.06
324.122
6.44107
64.7856
342.475
497.661
7.47038
49.4154
116.288
7.43689
133.35
137.602
7.29288
249.161
384.562
8.08781
172.98
29.1039
402.519
175.497
387.818
344.74
525.749
5.98681
420.424
56.3107
238.766
134.212
448.718
7.18189
10.3586
153.061
403.4
381.192
7.58462
356.217
385.124
253.111
254.101
421.795
159.916
6.19819
55.1427
224.716
6.91202
355.244
7.77572
323.29
139.231
248.34
7.06758
268.546
226.752
7.63794
364.726
329.076
280.637
382.789
7.01874
183.091
181.657
6.07136
6.91778
361.359
175.983
249.409
284.452
8.58466
35.7263
46.1477
16.5933
222.262
154.79
100.534
7.14937
335.298
129.759
7.38309
247.513
220.979
70.1434
351.871
248.477
232.052
218.794
123.25
7.53443
10.98
386.029
393.66
97.3886
6.99655
251.679
117.685
330.829
537.247
6.59647
7.05079
7.50901
24.2012
373.082
66.599
89.0013
7.41408
7.76146
80.7741
160.221
136.641
252.184
8.01473
183.498
6.58492
46.1421
553.822
194.442
505.145
112.694
339.274
411.46
106.131
413.111
299.58
214.563
68.232
139.092
7.64324
194.429
239.128
336.74
232.181
493.4
128.365
8.51488
7.70688
537.253
7.92357
103.955
385.839
249.367
135.806
353.364
210.68
212.326
109.74
7.00212
382.965
372.145
23.1366
250.949
6.32275
166.266
7.49086
230.224
7.27904
320.036
7.41325
504.076
8.77415
384.157
380.933
521.241
6.43231
517.572
76.2866
7.14356
14.5591
125.654
253.729
305.8
370.171
447.14
83.1445
40.902
331.948
379.767
454.803
382.916
510.969
171.913
98.4656
202.5
4.62341
7.20899
177.387
5.86248
340.992
6.80188
236.188
328.287
382.953
312.926
199.377
69.0962
123.94
415.528
287.567
375.209
345.812
272.438
254.019
7.23275
6.38393
217.922
262.912
7.27098
52.1546
12.368
295.872
500.353
7.01892
158.544
147.863
295.44
38.0337
402.047
500.697
216.465
34.6053
476.375
89.7811
225.345
6.0048
247.465
6.84952
7.1171
252.255
7.58455
180.412
98.7942
428.21
44.4383
6.30549
7.92272
261.157
21.9143
44.1362
8.07141
243.451
329.316
71.209
337.754
552.435
388.363
520.235
88.6508
416.331
351.535
12.52
15.115
6.94875
566.319
107.971
6.94627
7.16926
157.187
491.044
389.648
198.001
7.44607
66.1568
9.22684
218.185
362.43
181.643
9.80703
144.46
541.111
479.101
8.74023
6.8863
91.9772
135.457
7.93787
313.517
505.989
128.288
8.69084
46.112
221.563
173.894
17.5124
120.991
205.773
376.998
93.3203
6.90567
6.60563
374.618
95.1836
8.04419
529.743
7.23551
46.0324
465.823
80.2333
19.7957
6.99332
361.747
36.9055
134.659
8.29468
27.6359
33.3063
419.751
253.165
6.33953
202.094
203.991
308.604
7.00795
466.351
99.0826
375.877
240.264
249.889
332.433
232.379
7.30314
7.20878
308.161
492.707
4.50677
252.734
7.90873
189.948
147.319
7.46996
383.061
232.265
6.71559
223.539
392.882
311.34
7.68697
7.27924
8.89074
379.906
277.774
7.16746
261.811
118.306
182.461
5.63331
7.05797
72.3743
34.0663
352.066
323.734
6.20706
321.67
373.917
21.4852
12.2891
467.527
7.30509
7.16771
309.258
336.518
200.513
424.76
44.0069
79.0037
162.931
30.2545
18.1156
327.627
242.87
135.165
450.929
226.377
248.763
397.7
455.464
105.004
17.336
7.21063
347.423
161.802
338.642
11.6082
333.947
304.085
172.55
336.703
495.148
7.74583
47.8742
8.83958
216.891
182.026
7.3593
297.105
398.64
263.136
6.81363
405.3
7.0254
534.438
522.043
9.85377
19.7495
7.30665
428.034
160.904
7.12144
7.37535
6.88273
204.742
7.0758
395.996
7.46951
221.353
325.936
6.59207
11.1205
363.303
333.445
164.141
71.3274
29.9351
7.26032
8.17214
301.909
7.18156
62.2015
265.62
6.99609
6.77529
7.56652
402.912
259.264
277.507
473.851
7.68133
7.03653
7.33434
9.38147
255.323
7.37053
131.895
256.918
202.656
389.827
50.5179
519.944
131.483
332.614
247.575
178.332
372.405
170.889
21.344
62.4039
309.123
337.056
13.1092
57.7077
7.94849
479.673
400.941
32.4237
117.622
283.19
265.569
276.582
10.2871
547.496
175.276
48.0404
314.692
363.57
193.221
52.1607
6.53714
274.638
101.38
203.017
9.3161
96.8986
6.52795
7.41136
113.806
350.564
359.207
7.56292
14.1722
6.33911
466.376
7.62146
2.23936
459.846
138.592
149.542
58.1318
421.951
226.029
7.72695
263.604
7.51878
125.668
7.139
278.934
125
6.92169
19.0105
6.85228
6.84766
7.15637
147.853
13.0541
381.856
88.4624
4.36421
187.076
217.868
6.98378
128.732
363.753
485.027
171.544
272.414
24.9027
189.237
363.181
8.43765
218.314
6.34038
29.5856
121.949
261.557
410.955
53.0399
401.479
173.754
243.456
416.724
390.428
282.939
529.407
472.596
118.897
272.633
96.5086
4.62786
224.364
150.759
6.6995
170.841
292.77
6.88826
412.209
507.155
3.91118
197.506
478.985
382.165
321.705
295.664
7.63923
567.784
6.97187
16.6207
134.159
7.3214
124.386
13.016
427.064
455.034
257.016
7.09408
318.62
313.029
27.806
402.461
115.815
326.242
279.729
3.98527
7.37114
444.789
145.43
10.3825
296.513
4.47736
7.47622
184.589
113.722
7.346
6.6349
388.135
66.0915
358.442
64.2924
6.5955
6.59198
333.089
5.66145
7.272
93.143
47.8294
324.952
526.384
17.622
8.07348
241.142
212.042
209.498
311.019
291.387
60.059
228.956
187.083
7.91224
7.93456
260.168
45.108
32.2258
523.837
7.58719
41.4434
74.6649
191.307
214.083
79.6822
235.413
6.86558
353.278
383.609
156.209
8.32408
287.274
7.46138
24.8937
25.3725
215.431
236.365
94.2041
442.515
5.18437
164
6.54424
7.40007
316.6
412.975
103.467
6.9212
253.616
182.256
261.419
5.94908
262.426
13.7275
327.593
194.017
212.506
147.593
37.3281
20.96
471.31
475.616
146.62
267.086
294.688
221.812
264.423
464.393
153.769
231.412
7.03957
7.54269
252.006
49.1556
7.42112
95.1919
334.064
367.251
151.999
158.533
554.513
497.384
-14.6523
406.34
224.409
50.7273
435.341
454.324
225.519
303.248
53.4798
63.0313
127.27
226.798
8.7505
455.087
178.857
453.403
246.259
109.879
5.89749
25.3192
267.805
281.306
7.55796
6.34919
410.027
279.404
344.147
12.8159
6.95118
407.886
427.423
102.716
188.942
12.5603
7.16641
126.213
3.20518
152.231
7.38051
205.054
414.71
6.57172
317.586
3.04
184.395
352.521
521.718
48.0607
67.2288
520.569
537.398
293.427
290.559
7.39205
446.74
178.58
6.36098
7.1223
425.15
189.316
382.15
462.528
448.408
115.611
208.698
131.154
329.16
515.387
423.588
272.576
27.7226
86.0453
7.8608
189.883
305.729
277.439
6.52696
454.675
7.62471
347.606
229.888
64.1294
7.12996
7.00609
7.04526
4.68006
55.4751
7.01031
299.46
365.774
0.678825
36.1867
156.304
6.80089
4.99716
7.14129
456.227
9.4044
213.98
162.057
5.51941
17.8089
139.329
228.272
307.885
133.42
386.836
6.99576
7.9684
22.4094
197.234
197.756
567.379
2.48386
8.92222
283.954
297.262
59.0838
274.493
7.28249
7.07838
6.91922
321.286
11.4025
8.12772
364.621
167.097
5.94021
89.825
64.5456
115.732
535.702
264.193
454.177
242.541
43.2077
243.787
247.825
376.255
56.8109
12.3351
33.3454
403.846
7.56045
273.118
51.9242
97.9677
8.16745
7.38316
6.77249
434.986
149.454
129.286
484.654
8.50531
303.23
15.8107
7.11178
57.689
148.196
6.15248
368.56
335.134
11.9205
122.819
167.186
68.429
285.289
385.615
6.86609
75.464
7.41173
184.14
99.3857
64.356
229.165
73.9631
488.08
216.602
6.94901
166.798
393.062
105.072
277.123
238.971
307.462
451.944
7.17342
68.5265
73.9999
224.619
200.661
148.974
4.9492
315.16
207.351
76.1981
139.081
165.021
16.4703
298.251
7.05596
93.2078
7.46503
200.299
289.523
6.67316
6.60385
146.775
391.665
6.37603
6.95268
8.12005
7.27726
268.705
7.03426
145.759
209.129
340.792
261.576
7.46974
424.739
234.692
215.612
7.21822
7.45764
259.919
9.31062
6.54829
403.488
334.095
7.31286
187.15
236.682
7.96434
280.098
404.488
531.063
100.034
389.988
324.004
7.58235
214.605
305.188
7.50356
269.325
6.88495
378.217
95.1182
380.085
238.525
111.126
368.666
63.0683
508.105
555.109
153.571
315.631
185.208
296.692
119.77
7.32
370.094
332.889
227.369
414.75
261.384
159.86
304.386
54.8614
307.715
48.5379
192.274
140.388
21.702
8.73004
6.85213
96.9793
389.658
315.712
6.82696
242.321
140.665
16.1208
70.05
9.64095
8.51371
7.57503
195.474
7.32146
264.464
5.14617
34.7348
343.578
114.133
353.481
240.71
353.71
313.599
5.70877
243.713
28.2143
281.822
6.3075
70.7355
259.288
348.335
46.4412
343.574
327.871
243.941
7.19689
6.03814
109.122
355.693
266.39
130.479
7.42521
299.467
49.259
461.249
17.5877
364.012
270.226
474.997
558.435
246.897
203.095
156.984
12.1636
198.964
140.744
419.789
6.84545
488.845
195.23
338.308
508.857
7.08679
311.322
197.614
378.133
7.05638
7.22418
7.32365
212.374
356.408
6.93731
6.68995
242.643
338.786
7.16985
301.334
546.228
206.169
138.012
7.68712
359.345
346.703
524.028
404.47
7.55735
61.3586
36.1978
367.545
398.859
58.224
7.1375
384.109
39.239
208.807
409.951
16.105
129.222
189.542
182.088
6.89139
223.196
56.002
339.729
228.052
46.2439
24.7901
396.233
7.21102
345.74
11.6775
11.8534
198.483
54.4857
359.992
250.781
242.897
-0.464085
440.352
131.126
241.749
148.938
7.39518
131.517
12.3373
6.90658
19.0956
7.14726
39.3356
168.189
325.687
477.168
6.09779
54.2879
7.56668
7.00505
76.5126
279.496
396.922
153.846
155.894
7.64756
7.6447
55.5765
7.26235
258.048
19.2891
7.08696
132.946
27.8497
67.3066
7.80418
18.1212
6.71136
354.017
356.1
292.547
254.884
81.0076
307.285
294.974
6.6674
2.39353
7.2009
250.237
71.6772
242.173
492.849
522.256
6.71389
269.223
8.64457
302.287
424.753
84.0104
425.985
70.3605
271.597
7.01395
6.63098
230.724
148.851
469.448
7.17983
199.153
31.6812
469.718
7.13347
130.795
348.067
184.146
6.80661
192.721
6.96333
21.1813
7.04254
54.7924
8.56363
108.796
189.224
6.18824
299.947
19.8312
379.676
7.03298
108.436
17.361
291.537
246.342
310.415
7.38111
7.57175
422.893
3.08722
435.204
12.0028
6.06577
214.458
194.758
7.33953
272.404
403.839
116.249
6.58762
7.3397
238.214
21.5915
116.429
7.271
208.983
6.94438
34.8146
6.84749
271.251
298.488
184.322
7.79222
220
173.115
545.794
267.365
48.1417
147.596
229.438
7.38952
114.901
257.59
7.55359
255.19
511.86
244.339
334.577
316.054
7.35328
348.806
192.766
317.278
49.482
7.01257
7.2473
304.326
252.007
282.63
130.813
300.129
277.269
256.833
79.0795
175.549
504.019
328.516
57.5698
202.47
254.123
8.041
533.233
101.626
93.435
5.45
325.879
7.0171
401.457
7.75211
7.11135
315.657
460.192
272.25
7.25537
367.387
121.301
476.417
8.07494
8.15137
50.8422
429.687
7.54553
277.567
392.72
333.078
6.9006
394.993
305.052
7.35192
65.3281
304.152
114.147
418.643
172.029
506.042
7.17068
6.35904
268.709
184.816
6.9377
7.24732
7.03602
7.42413
6.80379
7.33814
363.619
428.09
6.5979
161.105
6.59771
427.764
6.87826
411.238
7.33357
187.991
536.472
435.571
322.124
146.081
545.472
288.157
6.61096
116.878
7.27846
7.44231
372.679
6.87663
8.49957
7.20511
4.45774
550.616
199.618
7.19936
7.76822
181.871
488.597
265.311
86.9442
402.935
7.4132
70.2443
83.773
122.913
211.117
261.278
258.502
251.619
50.7905
6.01288
7.39131
68.3146
6.74568
7.23981
228.005
531.092
209.867
7.909
512.977
15.8406
480.082
69.7802
410.544
7.71903
8.85509
232.129
257.898
321.053
67.2767
239.284
220.092
7.12376
281.343
422.034
127.811
7.02255
7.26216
8.22194
7.37741
513.622
375.786
152.264
7.05432
134.21
481.602
211.058
192.884
263.606
85.469
83.303
122.572
23.5641
516.802
370.898
264.554
54.9179
6.83611
7.04865
40.7796
162.615
270.363
294.512
229.504
221.835
523.845
237.918
183.368
297.755
142.212
257.36
7.07888
7.65079
7.03695
334.924
117.723
495.851
220.578
156.435
210.34
277.66
569.829
296.74
383.618
388.885
93.6323
345.667
8.80076
442.796
314.656
7.22784
335.694
363.636
7.9624
336.137
296.232
270.68
288.568
160.016
339.664
356.413
8.73983
335.74
127.72
7.00592
7.57737
262.999
229.228
581.004
40.2542
477.326
489.8
26.6505
6.38717
254.128
7.19692
295.161
283.448
9.40404
490.338
281.565
402.796
7.41185
458.904
160.62
320.421
39.0201
137.211
7.52702
7.349
273.552
344.889
6.91659
333.714
457.343
7.64754
278.925
10.1935
197.051
357.99
120.058
6.40582
414.008
66.9482
438.919
214.743
396.466
387.288
113.091
71.817
216.867
232.699
98.3533
8.02851
112.109
220.933
7.43337
22.6303
77.7006
329.912
7.20722
151.1
7.25658
12.8767
396.701
61.4664
6.01955
159.726
216.24
81.9682
6.71193
11.1046
300.802
413.044
180.304
6.7036
217.953
136.765
107.621
190.777
7.24676
131.121
400.338
376.915
202.773
392.035
7.7054
310.665
111.435
401.177
443.888
382.063
488.465
233.013
47.1893
29.886
159.898
35.9222
7.39643
188.464
451.481
8.30309
7.46614
392.169
449.502
20.1513
8.03964
56.9884
7.46356
9.18686
10.3114
347.038
182.733
7.83298
7.26862
151.279
6.94415
268.282
67.02
6.79362
7.18313
426.448
45.6361
459.075
41.8496
75.6771
9.54267
144.828
9.34519
6.46829
289.502
7.24645
396.535
6.89598
7.05989
119.159
6.80179
364.238
320.839
7.4015
84.8339
398.205
137.888
65.9292
376.563
408.123
190.296
460.398
353.983
349.418
7.52023
249.978
7.08538
6.78579
470.073
480.886
185.044
484.719
187.196
324.579
135.134
7.41586
8.21961
187.025
226.49
303.223
76.4722
46.9936
178.306
122.735
226.728
8.03916
259.599
7.30883
64.1458
433.223
382.012
13.8108
81.9148
140.011
391.557
7.00198
95.2838
6.98796
27.7194
270.938
154.16
17.2749
70.7556
199.563
7.81075
310.866
7.43835
109.438
206.675
336.304
7.55777
5.545
7.23648
7.15994
446.511
498.655
55.262
7.30002
522.929
8.72457
7.38242
129.588
7.25261
7.58697
7.66923
54.1559
289.41
329.09
6.35556
120.946
6.93568
482.843
181.578
472.478
30.0344
8.36984
41.4461
266.729
437.018
138.573
353.929
245.93
485.562
240.953
8.80104
116.81
6.47711
7.24588
47.2666
7.05571
165.131
325.583
16.8604
147.636
6.87999
10.3795
7.48149
517.386
7.12591
39.7671
370.906
472.566
401.24
10.8639
7.07338
188.735
212.993
270.18
7.02091
7.3064
7.14106
102.225
8.25061
350.44
7.32626
133.976
7.46631
450.361
151.201
290.901
312.732
178.709
6.91934
373.721
328.771
224.963
25.8993
284.51
6.9987
14.3022
178.246
256.534
7.93444
456.686
143.567
84.303
26.7523
325.891
451.663
237.477
8.74417
200.785
299.199
165.73
92.085
10.0015
8.16861
338.268
152.491
154.294
8.03695
151.546
6.8875
93.1888
7.30965
17.2502
382.379
54.5278
6.95847
171.317
60.845
398.417
23.617
272.083
7.36183
275.83
24.0824
7.17287
234.472
301.419
7.64594
61.2604
191.86
7.26776
53.9725
10.9763
207.391
34.6721
7.54388
6.73539
493.754
36.397
103.626
214.616
5.01074
126.312
101.344
281.635
63.5485
453.881
132.83
552.498
230.448
386.435
7.1788
6.97305
455.899
555.95
7.75052
122.261
54.267
404.198
333.647
229.954
124.497
359.296
47.4546
7.30462
431.802
171.928
155.023
542.896
434.822
259.756
568.539
313.131
34.6803
6.972
265.188
8.01344
7.23733
308.951
173.271
197.703
347.281
7.43787
293.9
524.953
74.2413
482.89
7.28581
24.0218
26.3438
9.10164
6.69342
16.7033
150.587
190.916
175.08
62.6277
58.3446
135.777
311.649
379.462
501.693
85.7869
353.157
5.27676
6.99981
8.53993
351.208
14.4124
127.659
8.4164
96.6838
7.31718
534.942
303.306
188.425
22.8514
360.589
252.107
384.959
381.934
200.409
7.23453
19.7158
438.323
7.49986
6.96608
163.12
207.103
7.59407
8.26174
5.02722
349.538
6.57874
223.399
56.8723
6.92495
458.191
331.07
437.815
7.4391
175.862
180.094
177.875
64.4406
434.082
179.035
354.666
201.954
463.777
51.3577
173.932
5.65356
7.10928
8.65613
465.47
323.083
355.863
337.243
190.919
5.21405
232.717
5.92196
566.005
7.47867
21.0796
181.041
187.366
7.26661
160.084
475.648
199.796
187.636
7.2239
7.06325
7.29268
7.06479
69.0177
6.11463
328.586
7.02013
11.5641
132.159
7.19848
22.1245
284.267
172.936
6.6421
141.933
262.605
48.6046
474.938
457.977
51.4383
323.658
449.442
78.1657
375.921
8.28786
245.203
8.15796
414.363
7.5618
207.09
6.3011
6.11909
281.523
128.577
229.844
198.121
52.8652
462.749
462.21
119.056
330.322
7.67055
281.555
486.064
476.833
426.752
443.952
122.793
9.32449
104.344
189.531
186.652
34.178
422.183
239.129
136.381
11.1016
6.55956
359.558
22.5968
359.45
115.519
6.71353
296.385
426.335
25.0724
391.917
149.099
7.34931
560.951
27.0437
138.443
317.934
6.94098
331.53
562.445
193.411
15.3393
7.86512
31.2953
71.7174
54.8008
5.35846
7.59012
8.26098
6.92893
120.364
15.4337
213.681
60.0019
318.307
415.493
261.349
146.587
74.7062
346.319
490.321
237.936
5.44234
7.20277
206.757
157.333
438.346
349.902
10.202
298.985
9.64588
376.261
353.519
199.33
218.151
44.0545
27.2382
290.555
321.391
311.217
285.453
8.07688
382.454
218.417
6.59084
31.5172
7.27972
6.94524
90.2546
343.28
6.2866
338.014
166.207
7.38351
240.253
203.425
137.222
6.43934
312.631
336.318
306.222
249.425
7.13608
216.729
209.338
7.17854
292.436
26.7929
242.651
7.21649
7.78843
307.183
246.513
314.777
472.352
65.8374
140.559
515.35
7.572
196.676
369.033
373.339
8.22244
7.23327
417.025
352.525
342.237
37.7016
71.9523
413.818
83.2881
422.596
241.437
7.86622
232.552
478.321
262.01
526.161
118.37
77.857
259.828
7.40982
6.67664
61.3733
69.7453
168.654
57.2739
366.009
7.37817
360.639
155.038
147.344
369.935
371.287
339.524
7.39573
395.084
241.965
321.231
422.845
32.7868
437.828
7.86382
127.327
7.75112
84.3052
455.385
429.025
7.38393
136.236
17.7918
38.4277
433.741
212.774
284.046
377.808
10.4644
168.051
393.674
493.5
221.137
5.26924
46.9192
7.75804
346.614
69.9347
28.0119
5.58928
215.912
475.841
375.986
489.927
150.818
6.86118
224.689
404.66
577.818
237.27
180.385
231.944
35.5472
11.9245
7.11753
161.305
177.91
7.84249
4.93615
419.584
274.805
128.74
66.9461
7.01784
549.605
7.36552
6.6688
206.308
185.105
8.00982
7.38931
118.408
7.18524
248.565
7.55806
242.149
449.508
120.754
358.394
246.47
262.85
368.872
7.25517
194.65
169.461
181.053
102.336
14.0454
7.07706
7.23904
325.568
11.4579
7.82827
431.593
349.862
282.793
364.284
7.23047
354.028
7.19635
473.756
118.327
433.445
7.36117
115.052
6.87037
236.115
387.873
509.052
206.769
524.053
334.898
578.589
283.909
384.527
173.614
190.46
160.73
210.091
458.925
117.79
7.64296
118.843
293.097
47.8524
372.462
144.85
113.322
330.232
8.96657
283.431
286.252
7.58535
8.15105
52.7567
27.6347
442.916
48.9142
241.469
146.94
503.627
6.94087
7.16431
105.37
8.4215
454.837
6.6144
114.251
217.491
6.42021
312.5
107.613
7.22894
230.971
341.569
32.9883
381.603
339.203
61.7479
7.1012
8.56859
467.21
142.416
299.581
72.3314
7.25462
388.461
404.756
7.73772
7.57899
7.06126
7.21805
367.628
316.31
7.3549
471.609
6.2436
121.812
8.45184
205.222
129.143
7.32294
165.418
284.547
6.16503
7.49517
7.36576
7.49557
306.063
131.749
6.27842
7.52627
391.532
280.676
140.631
454.776
328.214
290.026
274.637
133.396
145.607
204.228
529.902
206.091
396.68
234.247
464.2
439.729
460.458
463.913
68.9762
65.5312
6.55334
7.14154
257.918
253.433
2.79687
97.5917
314.445
97.7232
210.164
238.446
7.17712
128.09
343.855
481.513
280.466
53.4787
383.382
342.827
411.097
269.161
94.7044
9.53598
169.01
182.177
264.855
457.566
63.6372
214.676
145.607
124.723
5.71225
6.72348
8.97085
155.434
69.781
150.146
233.16
143.249
7.22204
5.59618
325.621
355.226
6.33861
173.024
212.427
375.183
81.5549
7.12265
13.5912
254.374
192.023
6.93467
367.462
7.15536
191.557
7.42804
172.149
90.0283
257.981
112.173
137.826
6.0933
32.2351
334.991
292.675
321.354
399.893
7.04618
233.662
447.526
269.028
7.10707
421.422
509.406
295.478
380.512
424.917
6.74724
209.475
236.799
485.716
52.4883
7.40697
404.654
7.96538
393.426
495.25
5.20749
7.67566
35.3525
264.205
535.466
478.762
6.99204
401.527
402.313
346.517
354.347
151.241
6.05502
52.8053
203.498
120.106
455.178
7.35211
398.028
368.956
63.0104
13.4987
6.89857
116.324
55.5235
157.717
142.664
339.793
6.89314
35.7769
7.70045
18.2867
7.78883
528.675
35.5923
76.0018
222.316
498.696
176.456
8.28716
228.996
423.484
52.756
210.969
6.79999
7.21204
300.342
385.787
273.843
238.853
276.21
7.89864
313.433
12.4073
210.876
337.042
69.8232
66.6592
20.5054
7.18596
247.6
147.26
7.02668
7.17929
6.98171
5.57153
22.022
185.309
256.902
560.245
78.1896
396.063
7.31583
341.252
8.0014
5.84614
49.486
409.656
7.39421
163.457
286.762
219.888
7.06144
5.91455
35.7075
7.43713
7.4211
187.846
199.528
227.324
138.43
6.02157
245.406
130.206
6.96571
106.921
425.917
7.05296
7.49287
6.19611
407.516
11.7846
10.1099
218.006
137.36
404.015
86.0779
256.142
6.9838
297.305
348.931
409.184
7.98331
5.39133
336.607
33.7768
145.98
84.9879
7.5706
7.59614
6.88952
359.719
297.396
312.499
479.517
7.02587
176.916
478.179
405.047
252.428
237.285
160.042
7.22897
95.5928
137.447
233.359
304.602
7.00339
193.77
254.941
443.611
7.82143
309.386
298.771
306.59
7.5953
69.2468
216.4
156.912
101.532
529.981
61.7097
4.77452
430.243
8.58658
116.542
7.0832
7.88612
246.85
263.116
7.95755
205.367
318.099
151.576
148.218
10.4132
52.0199
7.92083
477.73
145.14
63.5255
410.402
8.65124
349.81
32.2932
7.00758
133.853
205.498
186.857
171.561
7.15929
4.91574
416.162
59.1305
7.53682
503.726
183.928
63.177
6.41396
7.24693
251.713
88.546
122.684
495.919
58.2808
7.7163
210.66
189.55
73.8902
6.98368
125.894
418.496
51.8888
69.8566
8.09081
6.76463
135.496
475.949
35.5219
350.252
189.568
201.156
217.548
6.77678
7.31443
219.418
6.6359
91.176
8.01249
163.384
7.43322
6.13824
38.4915
272.877
541.478
136.483
33.1419
503.984
224.05
32.0715
7.68682
7.83863
136.135
115.448
298.318
73.9967
32.5308
360.032
136.444
91.8352
41.2105
162.119
388.059
5.90279
453.02
350.659
298.051
234.737
264.988
496.88
111.897
234.584
267.784
7.50751
298.034
120.516
549.859
172.067
227.121
338.811
114.037
202.974
6.98264
222.41
332.767
7.60529
7.08014
7.12811
475.416
47.4718
7.11887
7.48761
217.491
500.359
96.6698
143.883
161.452
220.508
521.392
228.461
7.84303
7.14519
52.886
237.666
210.764
199.161
264.978
7.11364
268.562
6.08046
385.405
10.0404
7.20785
7.19786
6.77941
257.405
247.01
140.6
9.00981
273.095
192.596
7.29674
239.013
288.699
7.63129
18.6324
568.6
73.8426
27.7252
416.328
163.69
93.58
7.57039
40.1398
5.48112
215.851
289.493
341.481
408.161
7.01362
344.718
37.1101
15.0677
7.41907
269.711
150.87
263.675
82.0484
466.749
93.3028
37.1856
8.34308
71.3412
440.161
369.774
196.582
286.938
7.93094
376.06
214.818
158.966
8.04128
345.634
22.5421
7.36251
7.13778
5.7261
132.671
244.906
191.159
228.609
7.10029
418.048
7.00681
368.642
7.27752
272.622
7.2091
7.00203
124.857
8.5713
313.077
74.8906
197.365
94.9726
13.2095
7.44209
487.296
7.51931
7.71907
203.584
9.7607
7.71371
5.45221
113.309
327.318
44.9402
7.35354
9.73831
304.024
375.451
449.1
100.908
4.97235
6.41128
59.1113
7.34288
255.158
437.521
159.259
184.726
211.313
70.8765
6.58488
10.5501
199.818
54.4158
433.387
34.6866
378.07
122.084
97.8141
214.455
4.69775
399.773
7.37774
28.9784
101.777
189.174
7.30479
7.45498
100.231
207.223
169.094
9.86901
417.452
421.181
7.07184
359.097
7.20637
7.09812
6.70557
7.60791
135.227
107.149
5.94465
37.8524
108.196
120.579
320.225
466.697
8.68516
69.5895
55.2334
7.01651
77.7031
7.10593
179.884
459.829
389.55
178.448
147.243
469.733
235.366
10.4068
7.01482
65.3359
440.091
10.5376
413.758
377.813
94.8804
313.508
71.1178
6.25251
20.7521
68.6179
457.677
183.901
8.32786
7.28788
27.4615
522.946
557.883
193.23
22.2365
7.0883
155.582
561.257
7.3735
198.262
7.069
370.93
424.455
336.339
7.10282
436.039
170.624
117.429
130.376
199.698
12.165
7.42559
292.479
12.2932
163.669
417.722
378.228
364.293
360.982
6.94924
299.939
416.66
483.82
6.29483
134.665
7.20273
64.7637
142.728
96.8571
8.59962
28.4319
413.123
391.632
7.29832
260.608
513.532
7.50859
330.753
264.059
7.39395
408.904
70.6564
121.947
389.996
171.421
432.261
7.28871
7.19082
94.867
7.22778
353.156
251.495
81.4281
113.95
6.08673
245.783
7.45107
369.859
7.39471
7.17225
233.818
21.0789
7.44447
32.046
6.88207
192.723
328.032
385.932
7.76998
13.5606
261.095
359.596
144.22
7.02048
189.203
76.8372
98.0651
182.34
555.595
145.749
4.61882
462.788
96.6635
192.059
97.2105
38.6575
16.2828
35.6103
438.377
49.9444
211.282
425.095
196.759
333.992
425.113
27.9446
76.3949
95.559
47.6307
74.9893
59.7915
83.5089
306.668
265.164
102.333
321.035
577.027
7.53008
7.19024
204.607
460.46
7.82353
7.33441
145.867
17.9797
13.8922
6.99
34.3337
205.84
7.46161
7.4149
470.012
63.551
6.96599
7.45481
419.914
7.35181
7.39133
125.563
406.156
206.448
62.9402
228.174
7.41143
357.462
239.826
123.373
6.9179
159.781
381.481
13.0804
265.692
5.22295
90.7822
123.94
144.601
344.185
341.552
330.952
70.6711
297.607
7.26309
236.721
360.405
320.404
402.698
142.682
109.345
7.43391
439.309
492.453
7.68012
27.9761
5.50267
292.14
6.72501
453.673
440.236
203.151
421.627
349.476
362.785
164.695
183.665
7.52354
6.54232
116.241
360.399
275.38
66.1333
4.02846
6.99268
295.536
247.838
6.72558
226.874
476.197
115.635
258.799
500.462
341.81
43.1048
299.723
351.136
288.591
7.30418
7.84033
46.0569
469.552
8.50477
320.252
7.01288
65.2339
376.626
430.344
328.314
190.933
256.011
203.782
6.07322
7.26422
379.641
49.9539
8.32449
116.55
270.019
269.014
358.518
41.459
7.25245
257.137
46.2909
7.76311
266.104
501.08
334.073
7.39853
514.046
6.8563
314.701
95.6189
7.02116
141.011
463.063
542.843
6.94052
353.77
151.491
327.706
7.06232
7.43583
7.50395
7.5366
2.87531
83.7095
356.703
21.1236
438.785
7.33993
255.723
110.963
44.2319
364.777
231.775
243.935
362.941
137.637
243.593
7.55559
84.2709
373.746
7.24588
5.23645
7.29118
13.0182
160.314
450.898
59.6305
7.3523
67.4391
195.591
103.357
6.95989
26.2051
313.064
325.415
171.355
7.21839
6.14942
29.1123
319.029
226.457
8.55495
10.1261
7.4719
269.25
196.914
7.27263
6.92012
447.498
427.031
14.5765
7.12654
303.857
6.91201
236.462
305.743
454.437
6.88312
68.4929
101.852
150.056
337.838
351.522
377.51
240.259
117.693
412.593
8.37042
25.7067
31.0779
446.531
274.537
6.65507
54.4034
460.58
6.11334
103.852
358.997
6.85281
110.053
121.67
6.72156
6.31545
344.925
79.4225
143.995
6.82464
48.0413
13.1088
6.91924
94.6708
8.0972
235.464
34.3149
11.8679
6.07188
54.5291
148.928
394.084
244.789
535.745
306.773
179.647
47.1042
62.3668
493.383
148.499
6.95423
3.83968
419.839
7.40319
16.9928
7.06357
106.013
297.854
149.848
8.9957
518.203
7.28904
7.6149
107.667
438.822
249.186
262.429
262.515
463.047
7.03459
5.94801
6.25531
330.801
363.986
361.394
313.089
384.201
323.722
7.02826
7.65788
8.16382
138.958
7.81355
476.537
66.3549
16.1168
8.84357
274.537
106.944
322.875
229.786
451.972
6.85882
247.238
220.588
143.459
230.905
196.451
329.204
376.661
125.515
455.06
125.577
128.987
541.57
329.1
209.336
7.26123
7.05775
6.93019
362.563
519.144
392.259
302.459
421.927
6.96129
533.362
17.9499
10.3324
193.315
12.5183
18.1331
104.366
78.4334
6.8323
8.00137
317.891
7.36046
50.5319
7.30731
7.3286
6.50753
265.866
189.57
288.927
43.3713
96.0079
243.693
7.50712
360.935
248.408
290.561
7.54722
73.3974
53.383
125.323
411.412
44.6348
411.722
320.457
313.97
464.185
26.6684
312.518
182.864
5.61379
26.1645
342.222
278.458
108.168
342.256
7.70846
523.076
409.88
467.102
381.244
7.39939
5.08793
5.70159
273.222
355.69
65.9281
172.647
7.26474
7.17341
493.074
7.01226
76.4268
7.10799
6.17811
6.79173
231.204
312.046
149.462
245.774
207.667
327.393
114.518
495.307
507.778
24.2991
7.45621
124.363
166.307
240.695
49.9535
57.8599
79.1594
288.626
199.067
52.5238
235.051
6.93006
398.779
471.957
6.76594
240.606
399.948
160.33
9.35043
260.077
11.0395
332.177
7.40534
319.06
499.538
214.796
358.253
6.86908
95.7329
7.36139
399.067
488.279
104.69
24.9885
7.2986
6.74696
25.1162
6.82271
284.626
126.774
329.218
180.254
472.847
215.822
74.8636
339.484
414.664
6.89921
421.114
85.3365
482.956
437.514
347.949
408.486
304.186
7.95636
140.82
418.872
96.2294
223.471
7.38899
378.106
90.0522
120.161
216.965
517.362
266.478
6.46281
109.443
25.2499
7.18772
6.70779
293.861
8.08926
57.6322
28.5011
112.871
7.11069
200.573
70.673
482.196
348.843
7.44096
59.5542
5.88066
380.706
159.52
563.751
510.875
26.3664
145.075
121.755
304.106
7.0082
460.567
6.9095
214.679
24.3727
206.21
7.99515
6.52852
397.806
273.802
234.907
50.5066
103.814
7.0881
449.727
6.96497
461.852
6.34163
520.226
6.9811
275.832
116.264
452.434
365.113
321.348
86.579
490.206
412.822
437.85
5.70798
177.156
449.732
98.7335
562.878
60.1344
16.317
7.36674
5.42304
198.151
7.71522
7.46764
7.00667
242.927
152.75
6.49108
10.5913
6.15005
250.718
7.59855
6.93125
267.207
7.14221
126.067
6.6921
7.95563
384.015
34.2741
7.18414
29.2952
6.11617
7.30381
148.666
7.3064
52.2973
32.9238
6.81565
24.6203
439.923
11.2
188.325
428.164
362.754
329.361
7.59528
13.8411
6.53013
18.9524
131.213
385.724
75.3818
268.371
7.43711
513.689
117.798
6.30139
112.431
402.145
331.187
372.974
95.9694
213.094
192.114
7.56481
7.05452
148.438
478.134
24.5095
89.4529
-39.2935
121.515
86.436
356.416
42.1307
208.815
399.189
7.01107
474.533
6.92561
289.838
7.74515
7.18285
164.087
47.9042
324.702
513.763
344.88
488.553
277.385
7.01297
31.0557
56.6017
379.733
7.22635
275.949
210.76
405.992
55.1608
134.13
8.11074
6.84477
9.5602
92.8466
294.23
303.063
473.496
7.18085
393.631
488.092
16.6165
30.4323
125.637
33.4337
118.367
22.1901
145.608
7.06669
103.121
190.83
375.442
247.234
27.1719
16.1157
53.0338
416.238
425.702
336.364
14.5863
7.63793
250.066
8.4425
149.593
59.5831
13.7676
7.34703
145.063
478.47
48.7978
6.53352
149.846
179.993
6.88229
5.06184
7.12021
101.834
15.3203
6.92802
95.0912
426.611
7.29798
21.7999
7.22047
5.6464
96.6206
40.5946
101.244
7.51356
236.873
8.48713
7.15202
125.627
8.25204
7.25966
280.178
39.9147
7.25688
489.617
7.3295
229.998
7.1712
6.40937
6.05569
79.1217
6.8575
299.412
6.85697
423.585
75.8186
139.873
6.32393
518.82
110.667
6.36113
433.747
142.586
303.295
333.704
244.488
15.474
377.33
399.632
379.162
446.85
26.4303
290.103
334.815
6.68009
7.73255
508.94
6.52058
460.189
348.499
7.60371
7.82998
6.74624
205.89
88.379
56.9331
188.81
94.9973
292.534
44.8118
399.437
424.151
29.6956
128.027
426.727
5.92101
35.3984
41.6866
322.494
355.396
111.409
17.7355
96.7076
125.539
437.48
206.331
84.4034
53.68
78.1736
212.499
309.65
386.987
327.208
11.7986
423.311
327.11
7.99048
456.916
79.2461
60.7402
292.413
74.4464
496.984
96.0168
351.759
6.02318
138.663
311.288
292.934
6.89609
83.91
9.29043
6.9757
229.824
6.51029
7.23481
158.597
341.379
147.588
6.93957
7.79179
98.3801
7.67938
219.559
23.1561
502.195
37.4636
5.0424
9.86287
202.156
6.38354
6.77752
283.374
315.08
253.091
267.371
122.93
40.3311
440.753
431.098
7.57158
7.04824
475.682
483.644
375.573
387.918
8.18194
259.662
72.7206
4.50745
340.264
31.7542
155.37
8.02167
224.547
171.615
98.0488
415.337
203.575
89.6124
389.102
7.12376
4.86177
151.251
374.602
7.1294
7.02241
136.533
7.06911
205.88
8.70643
5.04238
377.7
316.79
7.04583
6.66888
7.12052
237.537
327.978
7.33063
7.09842
471.688
-0.710852
210.982
12.4811
7.45783
8.41776
492.914
81.5566
220.123
21.3905
27.1726
288.976
437.63
314.236
141.224
284.679
9.29844
296.243
333.049
346.088
69.4715
131.646
187.007
7.30053
153.299
140.588
165.817
6.85942
434.569
412.618
226.605
120.628
188.132
467.448
477.325
307.016
241.217
153.845
350.289
446.601
373.925
417.825
201.853
445.665
66.5297
97.2554
47.3373
7.90037
410.111
12.7991
8.28358
6.41199
85.9837
7.17731
167.495
57.3883
241.989
163.976
173.135
7.97512
510.993
410.598
183.297
9.09084
178.391
10.0207
270.701
7.10941
7.4617
189.594
496.829
42.8664
245.254
37.7293
280.046
35.136
55.1278
140.06
7.86192
121.207
396.341
218.85
554.841
379.16
115.084
488.268
82.5356
205.922
229.494
225.366
278.597
104.033
7.06612
6.54787
516.581
170.932
84.9417
7.06993
497.082
540.329
289.853
6.20699
511.064
31.1522
257.595
119.468
142.684
7.78709
1.91834
10.981
7.76241
145.124
45.4771
7.07981
7.15203
112.608
478.637
109.781
7.1121
167.724
197.521
6.15658
27.4496
47.7222
48.6086
9.36589
539.968
8.08542
263.271
1.76657
211.244
189.609
232.33
343.397
168.639
341.016
304.298
201.721
7.65256
6.73751
270.651
295.854
59.3289
239.523
168.296
28.7036
223.972
8.12929
118.471
6.05941
8.70827
357.757
482.767
16.653
86.1969
7.02417
57.744
492.707
7.56026
410.517
171.479
7.29498
141.148
516.906
7.53966
371.503
92.2614
228.579
7.3042
468.77
162.863
415.001
6.71923
82.5152
159.298
410.924
365.494
256.196
6.84703
252.034
309.438
464.378
7.39843
453.012
368.851
350.759
116.441
123.914
176.917
7.45224
7.64282
234.362
7.26158
7.04581
421.975
233.238
191.856
193.808
7.15575
548.193
335.132
189.856
7.32274
381.728
261.931
15.6984
317.563
398.408
318.571
122.247
396.234
412.472
200.183
246.322
341.536
6.89579
308.715
154.019
98.9174
141.328
43.7164
230.96
4.09538
281.415
353.544
507.106
409.822
501.71
50.3378
148.82
400.541
473.114
7.38832
298.809
277.263
456.192
63.25
7.61615
3.56506
187.081
362.626
77.4443
385.464
295.06
354.183
486.924
440.869
373.148
471.759
353.529
7.36975
211.436
490.417
333.669
317.064
483.478
374.754
317.087
333.584
463.098
6.70611
478.288
7.19972
24.6998
6.65212
7.12605
508.209
379.611
88.1212
215.537
188.242
438.707
73.6191
236.281
321.726
370.372
7.07487
248.514
5.8634
548.594
111.484
6.97803
323.16
6.93915
336.964
5.39386
6.08646
344.874
511.799
140.044
118.153
87.0388
7.14081
7.21131
7.16003
470.991
114.73
471.959
211.672
8.67369
339.236
263.152
278.265
98.7197
268.051
95.901
89.2914
170.517
337.245
7.06962
7.27259
506.453
7.89537
7.20563
496.069
168.359
220.081
7.87315
55.7881
541.035
6.78163
8.07967
326.093
385.962
6.71681
383.833
22.3987
163.658
254.526
326.478
166.563
190.416
7.27193
67.0377
498.262
423.713
16.9282
60.9635
7.98611
363.1
203.501
187.962
269.666
157.593
7.24209
479.978
90.3476
275.141
207.868
89.6675
278.499
28.1822
71.7636
7.1032
7.01544
285.086
10.7712
5.94766
9.15736
194.416
60.6849
406.811
406.87
41.99
147.849
355.635
5.95348
121.028
86.5165
435.017
12.1105
146.146
234.033
324.646
489.62
7.83636
154.428
386.512
390.47
32.4768
232.976
109.526
499.193
72.9497
8.51025
239.386
183.179
120.437
168.27
110.622
6.90695
6.8584
7.53263
507.9
130.794
7.05278
138.749
115.036
18.3617
349.174
357.017
5.7872
520.277
163.974
248.628
437.67
417.098
60.3949
6.76951
6.89891
470.308
344.234
176.738
191.566
63.3675
7.21348
390.402
7.12435
7.63352
7.83353
178.11
399.898
114.586
105.826
447.492
100.602
313.037
305.09
96.0097
382.448
7.02812
96.8273
89.3552
82.2635
589.398
275.896
270.442
128.003
356.482
7.07266
6.42101
230.692
305.748
7.16298
5.53132
7.15911
8.05442
6.15554
363.885
7.73453
512.594
19.7982
161.914
49.8131
7.07214
171.263
29.1871
373.115
278.605
122.028
103.681
197.679
6.83213
180.975
18.0006
544.167
400.466
373.113
7.17165
7.40122
203.279
81.7461
7.12278
383.432
7.13712
194.859
7.28057
67.6717
109.752
300.811
6.94432
245.616
7.57085
387.25
6.89129
237.956
39.4102
133.534
183.567
35.2824
16.0219
224.664
99.3223
383.906
7.57335
144.673
6.83205
7.07616
47.4194
157.952
218.403
129.633
25.3639
31.2835
381.84
6.76707
6.98635
0.989506
221.72
293.594
250.627
109.717
37.0412
86.5937
7.21375
7.73485
25.0635
184.782
6.79523
50.2611
147.382
5.22775
543.203
7.39521
206.706
297.937
396.09
8.42298
103.501
69.2177
58.9031
3.9861
213.379
6.56656
254.006
11.0506
7.3576
11.885
4.38899
6.11133
73.1429
12.3274
7.94921
70.7404
173.772
257.488
6.2825
119.477
8.5122
200.271
6.68578
380.192
72.3867
5.9234
150.45
79.3721
225.363
145.233
233.573
197.169
151.015
7.9521
427.769
4.80794
511.419
250.675
356.091
7.44717
151.841
46.7681
340.469
13.1819
289.19
128.336
6.75623
180.485
308.036
421.347
360.769
514.111
234.419
7.3263
324.945
16.7393
5.30889
352.285
7.13439
135.919
334.953
7.32032
64.2517
324.316
74.397
7.10076
88.2527
228.987
127.027
354.842
433.949
48.5918
6.8031
7.11612
6.35804
184.774
298.678
390.569
97.7601
222.221
252.606
6.94078
7.23576
348.926
6.87516
176.851
314.385
278.421
220.11
241.752
7.33408
7.45715
458.527
6.78343
6.66042
6.79663
253.986
139.747
6.86796
5.50609
483.108
8.61875
339.164
166.908
7.20142
198.103
308.026
254.509
346.337
206.875
276.854
10.3865
436.126
7.53699
192.335
134.633
12.1565
8.98266
406.843
8.22204
58.1275
355.385
113.305
118.165
7.63184
180.748
316.102
7.52267
197.375
103.984
381.2
162.615
223.87
10.8436
22.6783
101.791
39.4006
14.2723
87.4658
129.522
8.62813
96.944
7.13051
15.4618
148.432
4.19269
49.2763
7.71809
8.17572
367.833
378.052
186.425
246.364
209.832
209.785
197.662
293.535
96.383
7.86158
542.477
454.448
7.11223
4.80678
153.458
512.66
6.34071
22.3289
256.806
340.025
105.344
7.60575
6.90782
261.912
419.906
146.044
393.128
27.3475
114.23
472.175
174.794
331.285
163.628
154.437
70.2872
372.992
114.629
378.159
5.82844
141.354
238.081
239.977
72.236
339.624
383.153
209.339
91.5035
66.7606
9.33795
32.2012
167.672
4.81635
329.641
350.171
7.11221
370.615
233.606
511.219
7.43154
37.6915
6.83245
6.41341
416.488
353.956
380.693
6.4859
92.8366
338.832
474.18
400.528
342.797
309.819
405.054
511.173
238.789
6.73509
397.401
371.398
7.44799
4.525
45.3821
14.5467
366.013
45.3664
425.714
228.43
116.436
543.212
7.42417
238.506
170.136
165.783
14.7722
88.8851
128.671
4.62667
7.67018
219.345
175.635
252.382
117.798
185.111
7.40314
350.174
10.2628
7.41131
266.323
6.1827
6.45997
16.3895
443.69
223.515
503.974
7.19161
125.47
406.636
146.121
243.229
501.92
246.874
536.124
252.32
185.552
126.103
7.47508
20.4585
6.87848
130.099
214.288
7.25637
162.814
160.209
177.152
299.713
8.7866
551.729
165.044
152.777
7.2761
475.785
122.782
61.3918
6.43912
29.1302
140.759
316.698
79.4842
147.008
83.1268
7.29206
269.89
226.751
494.812
6.6977
7.31978
410.631
115.11
5.84167
8.06165
121.871
283.602
87.0376
364.017
7.44293
53.5199
8.14682
463.626
69.7153
439.288
43.9857
404.894
274.373
257.786
367.576
219.225
50.4594
127.501
4.4341
322.165
101.035
291.375
7.0036
379.056
82.8725
7.47312
14.3919
237.441
85.5247
406.372
226.322
309.728
97.7527
312.463
259.216
353.311
28.5048
5.66589
20.9985
7.04413
7.62474
7.04016
6.95209
8.47486
18.7901
491.248
7.89304
249.106
55.6015
145.808
111.901
249.874
228.903
202.328
7.50632
98.0199
272.089
301.828
7.06295
215.474
231.038
8.05198
203.186
97.4013
16.7824
28.0394
20.0225
6.75826
144.187
181.168
348.924
69.4698
104.372
567.835
107.005
232.959
122.718
324.04
200.626
6.73584
6.99431
205.607
101.074
8.0531
436.423
280.076
7.09866
49.2739
7.24608
437.199
7.06813
283.755
255.77
222.589
132.631
10.2378
558.744
228.664
170.468
331.411
163.36
7.50198
10.8885
261.12
20.8959
192.949
321.176
58.4657
240.231
481.53
7.39586
109.868
6.7782
222.273
71.872
7.11585
212.531
145.828
388.373
525.485
104.749
253.731
17.6676
299.441
341.375
207.224
7.27558
341.074
52.8297
368.889
7.18165
7.05818
368.011
6.28154
19.0501
8.46551
6.65522
5.48896
236.957
16.0741
6.7539
75.1411
4.73998
6.54744
239.789
309.379
159.211
175.573
7.35748
289.572
7.77274
290.258
382.906
6.26935
259.12
377.622
136.786
7.17594
55.7836
236.469
229.61
165.402
530.961
158.942
6.82518
523.114
367.76
127.141
428.726
265.542
353.915
7.46072
186.018
150.574
6.98341
168.22
398.162
199.532
294.654
7.48243
463.476
326.601
8.62844
1.40046
5.76758
489.705
8.58551
421.783
6.32587
265.641
273.167
256.011
175.48
6.87125
508.562
7.33569
215.884
272.716
382.816
8.08085
343.203
440.419
289.259
9.68394
9.83042
296.167
168.021
128.74
7.44946
156.047
45.2914
500.162
97.336
344.283
6.96105
350.883
303.01
42.0566
320.653
76.4545
52.024
12.4812
6.91465
20.4632
255.99
171.492
35.7626
222.06
333.223
7.33048
100.608
7.26329
7.01269
18.4864
8.09033
432.61
372.68
464.015
30.0417
403.552
7.37842
342.667
275.313
40.3434
393.838
296.801
6.78622
145.819
57.9968
17.293
7.21082
7.01969
9.0562
278.968
163.712
252.447
278.332
6.76051
138.097
398.494
8.35935
11.4164
185.103
441.286
7.86503
7.41306
490.127
7.30189
320.585
291.204
183.24
49.5264
235.229
48.7324
375.835
180.666
299.57
6.75674
361.026
374.598
449.904
6.60084
92.5443
6.99472
283.042
385.719
30.4076
454.013
311.916
146.887
71.935
83.8382
6.98397
7.07849
347.034
69.7242
223.603
458.463
178.44
5.64027
46.9239
39.0729
215.995
7.08921
331.399
60.3495
139.493
6.7354
44.5374
6.42432
267.541
355.247
189.357
132.605
238.625
460.022
8.16482
6.72007
6.81857
423.378
37.0183
6.86832
7.6353
442.318
363.863
445.58
519.53
37.2347
10.9505
93.2736
504.416
105.082
239.738
326.782
7.00558
164.561
5.12108
93.308
7.55824
144.967
8.99986
71.9345
193.077
9.90506
281.293
117.369
373.127
201.065
368.508
149.239
188.154
390.58
247.521
246.854
328.821
175.58
22.4281
7.09758
7.30076
315.212
471.714
7.51206
332.785
184.474
72.2687
181.415
4.02522
507.319
7.42327
6.44132
197.365
103.915
74.0504
167.864
402.99
7.03981
330.639
276.163
6.06153
522.924
9.13704
439.475
297.121
6.64555
14.5666
7.20011
370.458
446.257
116.533
431.007
255.96
365.679
232.052
374.855
85.2571
91.4936
7.03647
137.742
7.01686
189.086
130.788
7.19443
28.5621
344.942
7.24532
164.057
6.71351
418.789
376.227
524.054
9.68339
296.747
229.355
248.777
7.60604
515.48
333.891
399.639
383.583
321.085
7.50436
262.166
7.55
44.6889
268.871
287.616
47.1133
8.35504
82.1199
6.83379
214.992
9.68803
494.674
6.51746
418.372
121.15
122.287
524.441
7.1847
249.359
187.926
177.317
438.662
243.447
528.966
169.598
345.221
286.263
296.714
82.8509
7.70077
7.58549
268.425
362.171
375.133
150.936
45.4881
448.711
254.953
7.46721
194.069
32.4081
476.092
11.5726
84.6616
68.3205
7.07427
7.45691
6.93307
288.619
187.136
480.2
299.25
321.344
197.976
7.31782
318.907
79.6973
8.72997
6.84217
481.546
207.263
7.95435
177.856
175.35
343.225
80.9813
100.429
23.657
203.512
245.879
6.98554
31.4832
80.2851
200.757
185.434
342.812
303.983
146.678
7.88363
256.121
13.9477
7.31224
391.473
6.93159
238.848
97.7834
209.81
417.493
58.4973
126.185
211.244
8.35371
359.974
7.18956
14.919
378.463
7.08287
144.427
8.40387
7.74348
316.826
415.625
440.269
134.768
393.134
7.32683
435.19
183.793
64.2808
280.752
254.558
121.684
7.55201
403.8
7.35723
6.84706
363.691
80.8981
7.03831
520.908
167.475
6.59897
442.603
335.036
374.408
355.953
318.984
368.1
309.899
298.324
251.411
190.325
7.15634
7.47203
6.60876
247.101
255.083
82.5076
206.407
7.07274
76.446
19.885
266.426
311.707
494.313
152.069
249.811
165.581
41.5787
480.467
198.114
259.92
454.97
506.571
234.086
492.493
354.207
6.42728
7.13444
7.43011
6.36866
7.55731
401.731
83.3587
34.3727
6.81993
398.491
318.936
519.076
288.227
358.857
7.44447
6.56554
7.25975
7.32065
260.296
348.907
7.47836
231.64
175.549
316.654
332.355
207.108
30.9077
282.062
154.988
7.5533
255.807
7.20482
56.392
7.00945
10.0217
6.98056
7.22977
63.3898
6.93483
120.393
122.416
7.13499
48.5757
212.472
170.796
24.2259
67.0458
422.686
143.605
8.00739
172.74
15.776
3.97521
21.9528
171.312
385.332
7.2926
177.715
407.019
360.807
125.317
240.503
392.606
369.519
5.3197
413.945
281.404
308.207
321.986
6.71726
6.92446
8.57349
147.155
460.657
30.2383
404.322
561.449
6.83521
214.007
276.713
6.89039
298.778
28.0066
6.93445
232.943
178.956
6.98188
5.99978
7.44602
6.72955
111.293
7.45439
255.442
129.505
473.635
253.313
89.0277
6.25487
304.815
380.145
288.714
9.62547
140.983
32.5584
317.98
92.2986
543.614
7.10525
107.913
272.316
5.70325
7.44774
121.007
497.568
64.9945
276.303
7.06159
7.13459
360.003
258.325
6.69257
15.7629
229.529
60.3772
7.45118
455.295
31.3526
6.48748
233.161
244.996
10.2206
220.456
144.945
396.42
118.048
169.112
7.07009
278.357
49.0868
7.13731
39.1313
383.408
16.5667
150.024
7.24609
11.1278
327.928
83.5135
268.323
54.9475
127.466
241.822
133.473
166.771
81.0821
7.13334
282.41
65.5514
8.5665
7.70473
406.661
39.1413
264.334
240.742
42.6535
342.975
209.218
260.002
7.06404
242.356
296.211
6.74647
291.717
149.277
86.0545
155.757
7.09242
357.489
193.345
378.243
492.568
253.792
251.413
463.715
6.88954
168.257
44.6858
253.234
6.98012
227.565
2.15795
168.88
6.69289
373.3
6.57929
79.6646
358.522
453.552
90.1395
416.232
383.037
6.39755
53.6118
89.6457
262.723
449.059
130.645
327.406
220.038
496.658
379.032
7.17066
311.523
72.2207
7.28829
7.15712
7.23751
110.547
7.13089
254.783
175.323
68.3969
7.28162
411.149
565.198
6.53167
120.469
282.619
7.26325
32.26
9.62916
8.14411
7.56677
176.72
321.592
182.484
272.515
6.89298
396.714
195.832
293.574
6.92994
419.208
446.846
260.544
7.32137
181.374
115.287
26.0295
5.61017
8.31829
7.07054
78.903
108.28
54.2927
319.136
6.45556
7.11064
509.699
313.891
191.752
89.2884
424.836
325.167
8.9
286.758
4.53303
310.999
7.09167
432.594
146.255
8.00334
7.10557
242.775
166.68
7.11222
90.9235
13.7366
7.63993
93.8717
435.353
6.82354
320.984
354.962
7.32815
440.323
135.791
78.4637
125.887
311.845
438.981
209.292
499.34
6.70271
19.4882
248.819
7.0235
282.518
379.416
6.9687
280.85
7.06363
143.048
32.185
6.4513
490.912
66.5668
64.566
282.316
426.361
346.035
199.923
311.723
336.482
363.697
398.714
8.86694
181.241
477.648
1.66885
152.218
528.385
143.808
7.04124
-0.504449
62.3044
301.616
77.1266
218.857
7.3808
381.334
7.593
311.461
6.49977
326.4
537.059
348.324
243.429
69.0023
214.68
102.558
170.056
94.5296
8.03799
302.028
438.104
113.012
15.8739
285.078
280.799
9.97332
277.009
565.258
7.34975
64.3072
161.084
55.8045
271.26
388.41
7.44139
6.15277
489.947
333.433
323.627
301.341
7.21295
255.125
56.2857
416.88
6.91896
7.00272
101.331
374.111
56.3879
407.781
227.205
468.725
7.32139
105.334
21.9398
7.43763
133.247
6.90865
7.40311
408.033
23.2506
7.04884
6.9352
64.1931
79.7649
94.9097
16.1013
179.108
52.3287
7.14799
10.6134
390.485
7.20467
261.126
433.058
422.435
7.2144
289.111
64.2527
218.115
57.7232
7.22534
210.868
7.54774
228.646
7.34155
76.4135
6.82695
380.646
186.178
281.374
233.979
93.1393
417.295
155.497
7.01806
6.83937
164.416
7.35671
294.157
209.075
210.854
71.565
278.014
282.19
6.84571
359.137
7.03663
138.016
494.225
5.23493
7.21764
282.416
71.3977
119.785
10.7311
437.062
9.098
6.93385
483.553
408.677
7.807
166.575
441.153
6.88038
216.131
6.94116
68.135
7.21891
110.544
431.578
21.0368
137.692
76.6429
6.10805
7.53223
7.90299
148.5
412.358
198.008
155.911
66.6285
44.5551
14.4041
310.656
324.267
314.202
42.1657
208.346
194.421
92.6371
190.716
566.356
7.4915
5.94046
404.169
212.655
5.77671
77.0956
367.9
3.00464
106.496
502.836
85.3606
123.331
543.596
7.08873
7.058
112.567
339.691
7.12518
44.5982
13.9193
6.86548
7.0967
366.826
213.591
305.783
97.7291
19.1698
67.0835
7.3052
421.207
296.158
355.557
372.805
270.788
7.65146
359.775
226.538
189.982
7.10578
76.1584
369.143
66.0991
85.9641
210.511
127.371
196.822
222.588
33.6661
120.389
7.53911
166.118
254.974
7.28294
6.9791
504.317
173.223
180.424
193.347
201.216
66.4763
173.231
8.02512
7.32383
6.81963
257.519
511.293
7.18509
352.856
311.316
7.22441
319.248
7.25558
243.372
372.255
135.391
67.4375
418.607
262.478
95.3376
214.533
408.402
6.61649
6.76391
344.808
456.917
6.34638
431.799
7.24927
309.377
7.37791
201.899
172.269
449.711
40.1003
250.041
466.94
7.45191
521.26
384.533
7.20259
5.75965
92.7124
7.54397
303.515
296.933
88.8412
443.033
140.049
484.138
205.61
354.597
97.0223
340.937
7.45393
8.02852
550.368
3.50298
285.593
344.339
5.83819
159.939
95.3743
38.7437
248.709
7.2428
105.837
166.707
250.521
461.923
7.0936
6.8509
241.179
5.73429
53.9793
150.372
46.2068
405.582
164.152
27.9676
6.65956
190.876
537.357
9.61072
7.46682
109.18
311.21
285.002
76.749
90.0935
7.41762
37.2963
264.641
470.513
130.836
274.079
7.98886
7.0764
6.5378
6.98762
51.2125
7.20944
146.582
204.47
11.7808
419.414
7.58999
317.997
469.793
42.2617
7.17186
6.8646
161.902
71.533
136.306
361.826
156.358
11.0015
6.55041
3.89444
7.32151
242.373
5.58976
450.647
6.64578
7.80257
192.67
198.353
174.99
375.631
7.12355
326.742
126.779
2.76216
344.623
448.097
55.0217
7.71933
6.64298
34.9811
7.2294
173.909
419.453
358.873
417.83
230.485
6.56063
90.7237
22.2977
6.71492
6.93421
6.28584
24.398
431.501
17.4931
438.038
64.4991
231.327
390.107
99.5075
501.291
254.565
6.61052
146.72
164.516
171.879
6.75189
8.13309
88.8121
6.79685
7.22596
259.309
7.80265
295.712
41.4845
7.55569
7.69014
144.888
519.999
6.70287
156.827
8.22681
70.835
267.263
7.93191
314.675
78.7589
202.077
244.835
454.606
7.67518
215.526
451.713
80.6462
428.138
428.809
121.477
209.094
215.205
347.647
29.7309
7.45888
348.031
105.453
7.42121
409.527
154.687
352.328
37.6146
339.029
6.40108
373.377
147.7
475.843
405.575
8.01734
87.3762
334.947
64.1605
95.975
8.40935
123.107
283.241
245.331
17.1456
440.964
523.666
422.509
50.6564
167.532
216.74
93.3945
7.00867
141.683
390.729
7.5799
482.417
8.56048
322.055
112.365
49.0677
152.208
7.93813
195.248
409.143
7.03236
29.5644
321.953
187.261
10.2187
243.831
263.257
210.264
105.014
347.536
323.752
309.49
295.19
493.264
7.26502
384.855
7.04631
5.56242
392.828
7.10483
368.03
40.8859
8.25827
432.98
50.6603
323.601
324.773
6.66264
279.59
6.67807
21.1689
332.033
127.461
521.527
291.983
97.0027
80.5319
60.2752
7.26355
7.76215
177.69
340.728
486.435
184.529
398.384
343.44
41.6641
479.707
302.192
6.32628
232.076
168.624
7.11976
137.748
122.978
7.37475
468.886
243.195
7.82409
38.8516
82.4499
5.80746
152.999
108.247
291.951
126.142
88.4464
110.558
30.5213
71.4206
147.881
121.272
449.433
467.338
325.988
270.768
221.793
429.109
7.31738
7.24793
235.346
6.88257
8.06658
6.55269
82.6814
436.045
7.04855
45.1901
388.811
498.087
8.01743
7.49235
6.24595
353.061
141.907
51.196
89.3575
7.85055
7.14278
122.356
562.678
7.08875
40.298
39.968
-0.0306243
0.71383
270.659
7.69649
419.649
158.448
101.973
116.944
48.4523
6.79351
388.078
261.765
6.98873
263.969
440.011
349.445
85.3654
394.383
304.832
148.734
219.487
429.399
38.678
249.197
119.171
351.302
7.46056
333.715
126.547
354.517
482.984
320.002
119.13
73.7301
6.89527
515.098
338.499
105.466
300.471
524.042
6.25978
238.722
7.14625
356.763
34.0635
109.871
508.3
209.57
188.713
50.9552
299.089
482.192
556.914
266.552
129.161
146.663
106.76
317.187
423.581
263.768
145.576
139.402
7.16158
8.75736
8.85837
262.95
161.537
387.837
24.0297
17.5876
171.336
422.633
67.5653
274.099
348.77
7.19977
246.364
7.36368
7.14006
6.17166
294.859
90.7527
7.67373
58.072
77.1552
5.50109
7.3879
7.61281
101.086
487.566
478.977
62.8337
141.214
155.101
201.511
478.2
7.42214
319.708
301.563
122.001
388.418
44.444
473.907
219.012
305.849
7.83872
7.17008
109.775
7.38191
151.562
7.47799
239.611
7.42535
324.706
159.94
117.496
90.9977
20.2846
203.702
497.75
303.445
67.6777
166.586
19.6598
330.973
7.02521
8.0977
262.412
363.018
151.831
175.246
28.0376
209.106
235.99
3.92646
60.0774
116
153.134
490.351
7.0361
515.435
12.2719
7.63955
5.99604
104.76
7.06827
7.10488
229.413
9.98567
252.429
97.2176
166.271
138.486
6.2031
450.431
387.212
351.551
402.538
286.462
6.93143
22.1851
6.42679
10.739
484.791
9.14792
335.885
228.663
316.184
187.162
24.3839
250.708
7.21496
7.34263
6.78867
481.834
408.433
50.4986
399.204
7.01379
7.20023
362.336
6.63789
114.902
132.765
361.607
216.501
7.05173
185.581
50.1444
203.973
7.2611
105.916
144.274
58.0253
100.985
467.291
116.812
443.468
456.715
434.695
47.7859
366.452
144.02
258.526
509.664
145.223
137.908
261.553
7.50523
7.42838
167.731
178.551
240.322
330.03
7.24793
286.6
57.5515
69.4567
316.377
4.50674
157.906
46.3072
6.29114
174.068
70.623
449.3
440.487
171.432
235.819
405.696
7.76726
340.373
313.048
211.258
8.25386
311.123
57.3351
6.83753
69.1625
7.28318
52.1664
231.331
306.875
423.353
5.54847
7.19774
291.913
394.893
-3.33201
7.43863
7.35057
154.391
6.60295
214.392
15.7476
6.87128
94.0607
222.439
397.702
274.068
516.813
7.75333
277.097
15.8406
242.161
84.8358
496.973
234.054
6.57689
7.49692
293.325
150.365
7.17783
243.018
461.081
7.24768
100.519
171.314
8.01385
5.66528
365.505
198.958
7.61254
51.9741
434.786
148.973
32.5739
166.541
6.79201
256.883
7.58556
120.885
300.05
7.72524
151.301
160.361
302.481
351.474
44.7032
6.94682
298.733
5.45686
386.02
100.888
5.5452
435.218
46.483
341.672
202.952
315.511
162.08
7.36455
10.8084
400.923
226.381
567.581
5.44896
362.775
522.969
433.998
6.82504
6.86045
7.13233
99.8514
18.7322
7.36125
257.412
233.032
7.03543
488.352
283.186
418.616
5.27675
24.0976
325.12
428.205
135.828
162.368
7.20707
343.489
7.2637
205.337
38.6219
7.11921
377.915
7.4928
8.93351
87.8468
302.77
60.6826
51.6566
128.171
517.073
109.689
94.7705
398.525
471.203
163.166
540.069
6.70189
7.19371
260.337
375.474
7.24845
7.20281
238.864
7.08522
7.04834
7.10476
56.7567
87.7709
249.952
447.48
60.1152
467.872
6.71463
30.0565
342.553
235.51
15.8625
6.86055
32.9707
31.3807
271.165
268.685
421.037
7.33287
499.768
504.497
577.578
7.05424
16.1457
6.64107
473.716
7.40905
94.1482
427.941
312.802
186.701
52.234
6.80913
442.027
347.609
7.24893
141.993
166.831
288.348
368.246
7.53294
530.354
378.703
7.9207
104.119
7.44521
469.26
110.91
54.9891
507.512
362.363
16.3217
124.935
424.744
215.336
488.332
508.448
436.235
80.1641
154.204
147.554
470.443
53.0284
44.7349
509.895
288.472
304.609
414.696
7.50024
131.347
256.88
231.392
96.2108
7.77849
7.31334
144.753
188.484
6.84186
422.999
97.0241
334.997
519.557
207.015
32.9362
399.457
316.627
6.386
316.469
218.639
332.413
1.54614
76.0576
321.291
292.235
187.859
414.726
298.657
287.775
324.793
105.647
165.881
6.8139
50.6474
441.396
7.72653
178.414
230.531
310.72
65.2277
5.96066
254.978
168.794
6.9581
140.407
297.57
377.873
349.674
363.535
217.044
7.60584
475.252
53.9819
7.32991
134.304
6.79975
6.62058
337.45
381.249
6.94764
7.21438
237.041
17.5995
389.003
6.79436
6.22967
500.804
7.41777
69.8744
25.1597
265.979
504.683
7.43031
48.6397
7.84309
7.44494
427.085
7.12299
244.869
340.513
6.09094
6.0512
7.03546
7.55584
7.96496
7.05406
184.862
234.977
147.868
217.993
7.16376
249.55
39.3606
346.249
287.459
7.32128
66.8542
25.697
47.5151
49.6649
7.49694
191.639
6.79841
7.41652
356.255
237.36
263.286
289.752
248.793
281.3
370.506
8.634
405.597
270.942
7.00465
298.509
426.883
149.231
356.95
139.57
24.782
538.221
464.151
18.6279
7.20522
52.4567
448.835
169.898
275.952
218.627
172.888
6.71356
277.119
96.5648
12.4177
263.763
371.29
35.804
6.93854
7.29912
7.35952
19.9972
7.09374
181.469
86.1695
323.135
428.118
253.406
184.666
307.687
177.822
7.04571
7.2134
368.843
255.482
262.059
7.99302
317.465
274.589
6.53763
310.397
4.04898
476.949
7.08018
5.95144
207.617
378.56
381.794
7.90406
7.33098
143.874
384.225
91.3713
7.46505
7.22275
8.12064
7.21723
7.49274
94.3151
7.25139
332.292
122.644
430.704
7.92542
8.87892
101.617
7.36755
10.898
7.06529
193.958
427.252
237.784
8.20117
175.838
398.064
19.8194
354.402
307.803
319.661
6.2567
6.74044
7.02621
270.332
33.9788
201.448
281.891
207.033
134.61
209.956
92.4073
31.146
8.33902
306.504
7.03597
170.045
7.21516
262.593
99.2851
53.6284
11.534
126.548
211.32
94.1184
6.54857
7.40647
7.3001
397.234
413.046
38.4726
404.445
190.799
255.873
7.48072
7.03801
7.05152
269.723
74.1877
199.21
113.942
20.2054
6.35808
173.649
106.785
330.707
518.83
19.4859
165.535
368.601
309.529
152.731
154.351
8.91618
6.83639
318.808
119.277
252.521
7.35884
6.99115
372.426
342.819
13.0227
7.40414
237.476
432.872
91.7324
183.804
11.8551
337.613
7.52031
286.938
15.5691
386.531
7.15512
262.733
245.673
58.3385
7.46035
170.322
329.189
252.773
350.469
382.959
8.282
162.926
7.03324
4.34433
269.723
89.5462
70.4411
232.252
567.696
7.82873
80.2947
241.219
461.183
39.8312
7.19376
10.8026
262.773
7.17436
221.636
338.057
7.67309
9.07846
129.39
7.22676
507.089
49.0185
7.39024
322.593
231.149
6.99216
378.984
485.638
220.399
179.458
121.247
7.04575
472.66
7.47101
33.3589
192.03
78.4186
311.819
270.758
330.627
7.041
7.11709
338.909
376.361
364.309
6.3685
319.679
376.705
64.3329
115.942
22.6076
7.13073
85.3232
7.68295
0.793868
192.709
318.157
461.479
206.054
6.85022
204.403
6.79282
435.157
359.755
24.3396
474.315
388.172
482.016
394.588
64.8676
344.949
256.72
286.289
168.012
505.543
124.57
245.27
7.7821
173.603
554.415
178.488
502.296
422.695
7.43737
37.9922
6.7982
438.676
166.401
392.709
309.05
7.20398
271.512
7.08917
479.396
7.14188
381.589
551.08
75.8611
122.217
7.31534
235.239
23.8355
202.034
24.6909
11.8611
7.50152
7.26446
299.507
6.98107
127.163
123.152
15.6209
244.136
368.079
6.8741
398.293
7.14759
298.422
313.692
65.7889
5.0564
287.639
6.78834
124.661
7.30558
7.04284
7.33122
515.166
322.61
80.6674
348.859
487.744
66.4085
410.354
56.7444
6.7779
397.338
361.137
7.39011
128.057
165.806
7.07197
7.5231
33.4904
479.767
411.011
113.444
362.36
168.258
73.2115
433.985
233.279
441.884
419.652
103.596
118.178
294.63
6.40351
409.2
178.194
85.8911
94.0182
65.4729
103.299
81.1309
241.753
7.27354
145.933
7.18641
173.192
105.084
7.47271
9.20528
7.05635
546.323
198.549
4.86215
184.592
414.489
157.972
166.463
7.56249
287.73
7.55601
189.364
4.47196
305.501
7.37085
178.742
388.398
7.54328
333.021
6.69315
129.665
62.0545
360.693
83.3281
146.467
74.8328
109.97
421.476
6.96699
410.648
207.266
7.39283
573.87
321.238
70.984
163.231
42.9393
7.22116
469.509
7.17979
248.298
7.05118
6.47996
189.137
276.462
7.85918
282.601
283.592
17.1328
21.932
7.09557
73.2371
349.007
37.0387
5.96249
362.462
78.3234
7.61984
197.095
98.9865
339.028
6.63266
434.87
75.2589
426.88
341.93
169.81
43.5771
177.445
367.049
234.382
10.4485
6.60544
6.22839
193.645
7.19417
8.29613
245.619
24.1203
146.738
396.019
72.3894
314.408
7.06581
7.72839
7.42785
113.498
261.515
510.421
226.295
328.19
271.969
17.7896
161.582
6.61285
403.611
86.5652
7.23096
94.471
541.715
81.6476
435.687
66.1254
7.21846
274.181
114.843
237.478
8.15662
369.643
156.482
181.046
7.4663
255.094
155.552
154.518
163.644
70.9233
375.499
57.1486
92.3877
171.171
432.421
114.001
422.745
35.5341
377.565
511.306
102.312
7.29742
7.40623
7.39763
105.1
232.493
272.197
410.65
7.49794
6.92545
200.234
337.848
458.325
271.409
77.6128
334.556
97.841
6.31547
7.19443
24.6587
334.756
87.2022
319.188
159.851
193.136
7.22087
253.048
7.24831
384.244
7.16816
7.48555
110.441
237.303
459.022
384.358
453.488
31.11
167.866
299.487
84.1324
7.32748
379.753
435.992
253.185
38.1466
324.614
80.8023
255.388
7.46842
7.32341
7.65861
260.43
6.70242
322.232
99.1803
289.789
15.5275
346.342
216.906
119.57
125.87
7.49654
41.9473
44.4432
8.85987
243.183
56.3583
376.453
116.129
7.34577
299.462
125.996
460.781
482.013
6.85279
6.99264
279.608
450.28
439.267
150.198
233.492
130.724
295.561
83.1223
120.509
441.134
7.15348
7.18653
30.364
7.04212
323.004
87.4411
113.857
8.96556
463.45
105.119
7.18266
55.8953
118.816
317.799
6.99102
284.279
6.30376
416.276
410.453
500.017
48.5711
230.778
379.948
227.728
6.82682
129.648
261.147
400.965
216.028
222.964
325.526
7.42043
512.405
442.676
7.25887
388.033
6.94715
7.7115
84.9266
6.99748
6.90049
567.225
568.706
352.156
369.522
155.435
80.6795
14.18
250.779
56.4899
494.742
7.29195
227.297
190.369
117.598
436.237
154.848
7.20504
7.23716
6.97118
490.276
5.72926
144.251
368.362
6.17992
144.324
560.195
232.807
154.829
220.97
295.908
6.44929
547.515
225.666
170.158
6.97125
6.55686
380.939
419.514
322.052
364.305
7.33054
277.885
7.92011
23.8906
7.27827
141.669
193.241
144.36
90.4455
10.9981
7.3545
430.608
128.179
309.536
143.967
226.582
242.699
116.261
40.8079
8.70239
70.434
218.79
412.639
527.795
268.644
247.146
102.332
353.081
118.922
7.03218
7.08227
250.105
6.91505
7.6584
128.475
265.276
7.05812
8.28788
304.613
19.5048
6.7101
8.06343
279.447
7.2752
7.77944
152.289
7.59375
7.10355
506.427
10.4266
503.181
193.615
92.9624
7.80332
258.324
181.893
425.748
8.00191
137.368
241.441
7.42781
585.889
28.9744
558.225
223.259
217.223
7.22585
6.90678
324.975
434.755
371.012
7.46487
278.965
201.674
7.6822
25.1356
291.606
329.136
7.84707
357.603
518.006
206.688
7.71145
81.2932
6.31363
141.614
7.82862
7.28941
162.407
8.70194
7.33112
6.941
387.725
240.534
67.5806
246.677
3.30526
6.51229
7.34044
261.418
83.5169
163.385
114.767
269.698
6.92426
377.129
7.28004
181.117
223.183
7.07023
410.411
160.217
367.278
509.957
131.618
224.357
255.303
256.87
417.281
55.0116
429.937
18.2048
362.243
9.57666
118.103
375.841
7.34035
185.459
27.5174
282.867
11.3312
207.053
153.555
228.117
449.476
91.5377
49.2174
7.24543
6.2271
102.518
238.826
272.204
7.70939
7.34731
262.198
5.50422
22.22
-16.6868
126.084
333.621
12.8212
340.363
7.33808
92.3744
242.211
159.51
129.32
246.39
373.302
7.10026
13.9047
8.27591
118.619
431.909
104.747
308.379
372.327
49.0996
305.963
5.72833
142.985
351.269
73.8507
329.556
80.7616
6.82543
177.762
210.125
7.47406
103.155
316.268
42.9315
59.61
7.24881
157.554
213.328
147.498
255.574
107.693
133.214
119.78
293.841
204.406
7.00584
440.325
45.663
-0.0595438
378.256
303.45
7.28588
10.6065
366.317
225.067
221.376
26.8165
220.034
16.9345
7.57904
409.536
228.472
7.15854
353.146
113.082
459.932
91.9392
7.16632
554.903
12.038
347.956
39.5474
135.558
217.165
6.91438
6.16074
260.838
186.569
58.7988
115.787
106.317
81.8978
108.572
391.532
262.126
145.586
428.354
8.32796
93.5335
32.6085
521.301
9.16073
176.074
7.23846
258.362
21.7274
99.5234
7.92172
419.795
481.427
8.04787
85.4729
241.117
7.72577
401.843
37.654
214.641
306.578
6.50641
229.986
429.454
297.418
235.823
179.604
65.6529
85.4859
114.588
273.858
6.55297
224.292
8.01473
68.6804
41.0724
466.108
5.50409
317.764
461.459
22.7396
5.32923
147.147
8.27052
46.3244
7.52306
464.593
17.1371
7.06238
7.93654
269.434
140.196
8.44702
223.606
6.86844
6.72778
7.29387
237.328
336.281
196.708
82.3547
440.655
169.946
347.188
113.272
247.531
465.228
11.0764
264.278
244.869
7.19751
520.462
269.919
360.233
37.3723
6.67193
56.066
7.12658
6.19447
337.275
7.37127
111.645
120.621
294.067
373.71
70.891
99.4646
81.2123
7.13886
6.93593
264.155
3.44703
100.935
218.367
77.5946
177.905
34.0283
167.673
117.936
246.994
313.696
6.28323
8.45648
418.296
212.8
7.28125
236.694
116.78
7.61782
7.07574
406.94
5.35316
91.1804
435.373
35.0772
7.07746
247.117
7.26343
299.742
6.97497
397.352
118.98
57.8514
7.709
513.835
134.023
90.4302
85.3584
409.255
8.21074
270.578
7.0608
229.794
388.172
25.2452
416.992
230.383
305.79
534.131
7.19328
263.269
187.011
5.26055
302.388
30.2814
7.10647
7.28747
554.621
404.179
7.44784
187.649
109.545
335.979
208.573
8.08932
6.84726
115.526
276.313
8.46588
92.9429
233.972
394.956
8.96814
6.66405
244.687
327.455
7.12629
97.1525
212.162
163.708
7.07566
193.849
411.796
445.844
31.0699
6.62287
46.6306
8.40426
242.381
159.853
93.6078
358.456
129.337
321.047
427.755
182.159
367.003
331.401
416.003
185.622
8.00971
510.42
465.736
191.216
149.138
191.766
435.95
412.387
317.566
7.8401
146.083
6.13398
2.63361
70.8376
117.219
305.974
32.3826
25.7572
7.16895
130.772
341.152
217.803
4.07464
9.8405
9.05633
57.8507
169.686
7.44294
320.192
7.25196
60.8572
15.3594
115.701
245.492
121.836
7.64644
318.748
405.341
139.45
5.97131
7.2473
7.20849
331.332
231.287
16.918
312.208
130.842
304.942
260.68
9.60219
399.368
437.41
7.43868
220.598
7.3684
84.984
553.291
55.3921
270.552
417.734
218.98
358.021
393.411
7.36456
484.342
278.972
48.5527
6.96911
335.191
350.925
8.32981
262.249
201.576
253.835
591
58.8254
267.271
7.60167
375.031
122.901
7.28945
319.094
121.313
97.294
6.24206
53.5371
392.036
252.548
7.97696
153.857
419.051
151.894
6.87027
178.046
89.9768
119.823
7.67097
88.2229
7.36755
173.017
487.981
117.52
319.928
68.7619
136.772
6.96281
174.668
84.8554
7.65104
7.00164
7.465
6.94331
98.5363
93.6436
59.9933
310.976
51.2553
6.91284
7.09479
104.543
90.0415
7.23168
321.686
95.1822
41.8654
191.294
300.968
117.36
267.414
7.32174
110.496
83.4796
131.081
434.721
86.5644
157.305
6.26828
31.0176
7.04372
125.346
7.09485
5.92747
286.25
140.803
5.45664
43.0692
8.75075
7.19704
6.92542
7.12766
257.952
74.8966
416.943
7.14356
7.34388
6.6393
42.6616
400.314
452.318
101.689
7.02163
7.12929
7.2457
5.93256
472.289
39.0116
7.38279
385.894
493.381
236.883
371.515
7.64346
400.105
360.762
284.925
57.3206
442.57
134.914
6.93646
422.263
7.41088
137.322
116.108
6.48411
233.292
139.082
283.844
7.46058
290.953
243.006
7.14032
1.66768
130.523
178.728
256.267
209.932
16.072
225.397
408.645
7.2287
306.394
6.90851
172.383
7.84125
183.353
266.202
410.957
66.1466
196.059
530.09
138.074
360.035
363.478
224.346
187.273
7.43812
30.7989
139.511
6.9917
6.70748
7.65251
6.27045
394.807
29.4634
10.1797
137.834
7.95332
108.144
219.833
7.18811
343.398
125.586
186.58
75.4663
7.05169
231.934
78.7849
325.896
423.864
203.17
7.00335
173.937
94.7997
261.138
336.594
91.0686
42.3365
334.31
250.531
358.806
397.092
65.3255
7.23711
487.351
195.46
171.48
459.406
109.953
7.5872
348.935
510.839
350.834
105.053
7.11136
55.1748
492.101
7.20766
423.058
234.239
283.856
267.534
7.08379
266.987
160.103
6.91748
279.84
153.36
270.563
516.611
62.7322
226.26
166.768
7.03049
10.4736
89.4587
45.7897
7.47251
6.99466
241.812
6.92381
7.0424
374.165
494.093
114.611
14.9347
28.0714
8.04209
445.231
7.30475
196.331
97.7155
7.15112
270.757
232.811
7.28132
341.69
2.73677
211.689
97.3223
293.781
124.787
425.758
318.179
157.508
7.06335
205.579
7.7023
38.2265
135.513
121.319
13.1069
6.80801
7.18769
524.499
6.86267
7.49484
6.7947
110.253
48.3626
228.199
6.9207
6.49418
331.227
7.39338
370.508
72.6505
332.345
7.08583
525.005
445.498
386.175
7.78452
126.528
236.657
164.514
43.0971
7.21053
7.09317
6.99778
383.381
358.412
272.723
378.67
350.562
8.35429
511.347
7.21512
6.94545
101.472
243.861
7.21033
7.95065
349.515
176.826
203.869
444.609
405.715
6.50177
6.3322
430.825
6.8236
45.8772
5.4211
166.841
145.444
6.5719
452.18
30.4609
7.29941
327.964
68.7905
7.1609
329.437
424.278
259.163
192.479
51.2424
103.809
220.751
6.88731
537.858
101.917
543.243
6.52452
147.911
377.713
242.796
505.972
288.778
7.47199
305.293
90.7263
271.191
7.36441
387.451
105.266
158.678
454.356
139.235
273.825
7.21567
453.748
25.8354
202.068
153.954
243.627
460.995
274.76
113.121
249.681
430.364
19.1793
32.3543
124.571
275.269
31.7971
343.401
307.193
451.348
378.523
6.82068
455.575
97.1136
7.48548
215.317
5.78905
192.559
338.674
7.18001
12.5306
430.483
292.616
267.435
241.999
180.751
7.59346
7.23421
98.2174
184.524
232.828
366.856
32.9412
257.397
7.91036
213.369
356.444
66.1453
222.18
11.1335
132.566
182.673
293.883
329.025
390.463
7.77683
24.2585
89.8894
7.49745
216.425
7.29244
57.6642
54.5818
230.825
144.22
7.69454
384.837
84.2384
5.77057
465.708
401.261
404.289
6.88941
7.05731
3.57187
7.46411
149.357
177.766
454.564
8.03607
61.4259
7.40357
7.39793
69.7278
6.28201
65.2937
254.262
84.2793
6.99564
399.046
6.70808
248.476
91.7546
226.392
447.829
7.61497
7.4326
7.68232
6.99854
18.4836
261.839
378.239
32.6609
408.802
75.0686
133.797
255.638
300.52
359.636
7.20713
169.564
110.403
63.7977
7.00485
38.9755
42.7709
8.19161
247.854
7.15645
79.6409
7.32558
41.1408
7.2527
287.063
101.784
-8.25307
164.591
7.19802
342.673
198.471
227.881
6.77562
7.58076
58.9541
359.412
6.6688
259.584
339.547
384.656
6.9248
200.716
7.76684
7.00348
6.86392
6.47739
212.194
7.1994
66.3009
7.41699
318.958
43.2104
297.616
153.731
88.6406
451.991
466.08
6.92587
61.1111
351.161
5.28917
264.91
7.08603
108.707
424.069
102.136
128.205
423.599
395.73
342.343
501.671
388.979
52.4076
362.977
86.173
476.744
103.901
238.733
278.171
7.46001
148.568
309.842
7.50969
7.31407
8.90431
185.888
24.0592
7.05137
54.5578
220.56
101.797
8.12566
393.742
60.8955
7.93555
7.14605
243.744
402.429
346.312
6.66539
7.25585
8.57695
340.607
58.6741
548.793
304.107
159.104
343.634
7.83493
7.07326
5.70522
183.532
333.952
498.771
9.01514
245.725
182.318
458.496
353.012
104.25
280.118
-4.36284
7.02551
6.47903
430.694
213.509
6.28796
247.72
7.47708
306.865
202.882
86.5262
506.57
341.296
315.841
23.3022
8.64128
66.298
121.466
153.584
154.898
20.6275
350.997
164.01
7.14705
67.0325
163.875
6.89855
6.56568
383.432
15.5375
7.02684
44.1894
202.351
75.1117
202.874
14.9811
186.613
465.245
537.682
362.688
6.87316
416.04
476.641
94.0876
7.5504
244.254
6.94171
85.0403
224.297
7.30553
28.2557
356.595
7.80723
6.47819
7.58777
463.394
228.876
76.4502
110.623
398.266
66.6859
6.11133
195.282
118.599
397.948
292.366
8.09481
211.856
144.486
222.774
259.438
486.18
70.6021
8.62282
388.852
196.845
6.82945
9.15204
366.663
416.139
404.911
235.107
258.645
327.948
39.6179
421.973
10.9925
156.718
491.487
174.82
6.81801
231.584
242.693
186.789
150.717
52.7574
435.538
8.19454
158.424
7.33197
47.5443
27.7263
466.06
7.34354
48.1088
286.187
410.427
7.22546
6.49068
400.691
446.624
134.831
409.452
104.406
147.069
7.08181
32.5614
343.146
283.597
151.2
332.912
6.9075
276.279
44.707
365.054
6.71879
81.4534
436.096
245.148
15.5003
104.392
207.617
90.8962
230.533
439.85
193.165
262.323
270.613
8.48998
404.722
403.791
6.96451
219.54
214.233
285.123
6.68437
149.569
469.155
229.131
90.0523
211.878
71.9014
106.533
302.826
203.825
32.0793
12.9108
7.38108
36.9707
14.4689
7.65357
173.064
7.05658
103.659
7.75827
298.036
255.801
482.931
18.5297
6.9183
239.625
354.14
6.61065
416.897
463.64
73.8588
52.7383
7.16505
26.5979
398.257
8.12851
41.7125
320.949
8.82706
77.4165
8.51267
62.7341
333.426
71.8729
128.215
384.179
7.2761
286.16
84.6235
392.506
357.016
6.77717
31.0966
7.44674
237.241
80.3092
7.9992
282.841
480.795
85.0037
7.25523
391.339
69.3481
164.575
130.766
7.10762
178.295
127.685
176.724
6.87229
84.1202
212.135
204.488
6.87706
194.418
6.67364
362.226
54.2138
7.25446
166.387
479.877
333.638
352.604
161.499
312.565
7.84694
77.2863
255.228
7.10172
159.224
35.2135
9.90054
7.22663
217.038
214.054
176.415
111.629
245.907
243.062
7.21846
7.19368
46.8565
498.177
7.02964
313.862
179.721
7.01406
350.846
458.464
62.7893
246.912
4.68107
7.27192
168.121
6.76096
310.262
341.501
61.2501
402.035
77.9501
241.577
424.633
359.544
6.02413
444.719
363.462
379.311
447.815
7.33184
381.174
124.225
7.54766
6.51155
160.699
170.678
490.372
225.702
167.234
187.228
386.605
269.857
6.15435
252.285
9.83519
7.34392
56.6564
134.949
6.74361
379.341
328.813
65.9649
354.806
265.314
188.647
155.254
6.34576
418.663
7.26545
25.4196
73.2995
416.787
13.0373
442.697
358.663
190.407
7.29239
7.43804
390.722
344.71
50.2931
27.4396
347.306
6.94906
77.9143
88.7524
7.26656
230.537
6.68112
343.085
265.053
566.556
440.875
77.3969
209.977
158.964
7.379
163.12
117.713
5.39631
46.276
118.028
7.9198
378.029
399.799
78.1126
440.103
277.882
431.067
202.335
7.69904
7.66004
146.38
7.26197
254.029
272.788
7.1885
215.47
13.2919
152.131
582.924
202.853
371.689
7.15867
369.565
400.919
12.8203
27.5728
22.3738
7.23617
165.601
83.1413
7.28765
238.063
198.76
410.366
174.597
7.67487
351.635
173.288
122.276
515.234
136.207
533.681
7.43607
477.903
12.1329
544.678
7.97794
342.945
192.497
1.91153
543.563
13.0309
384.507
104.552
216.002
250.951
7.74137
340.956
128.702
55.2617
157.144
270.767
115.888
92.9306
59.7077
5.36426
371.727
427.8
85.5238
15.7333
7.64325
335.586
507.95
6.97752
280.255
571.118
245.681
7.9411
237.653
6.78195
23.595
19.0133
14.0769
159.427
545.584
411.592
7.70302
206.063
19.997
51.9435
262.702
268.748
6.63836
7.29756
35.5448
303.383
82.2055
458.345
518.604
463.463
41.0714
242.205
7.20535
439.871
203.892
35.2965
132.348
194.707
156.976
479.784
7.41455
481.811
6.63881
435.307
46.5644
5.16869
308.848
504.911
408.598
80.7477
7.3534
6.71952
191.224
164.98
482.934
203.604
413.289
251.267
212.867
169.405
276.208
6.78013
301.927
75.7675
196.85
226.634
333.62
140.781
306.822
378.918
7.56445
177.395
6.94637
303.482
7.10844
409.598
6.78242
352.404
560.775
270.82
6.96805
27.852
264.881
444.793
177.952
387.315
10.9434
235.165
72.648
526.582
336.656
150.131
341.277
6.06211
308.458
6.57468
6.67709
7.16847
5.74498
464.746
431.327
350.283
501.412
66.9225
3.01433
405.604
245.499
398.863
103.151
190.581
164.977
7.09671
357.303
388.513
175.463
7.37834
6.90401
119.614
232.052
483.818
443.814
165.868
447.613
140.007
79.4444
378.896
13.0121
246.433
567.578
209.753
237.865
370.596
11.1197
114.505
105.969
406.941
222.552
7.407
340.536
512.349
293.228
248.909
518.599
14.6855
207.168
305.496
546.376
532.091
414.916
158.644
178.591
58.2305
47.3335
228.53
278.114
8.44927
481.762
506.784
19.9316
96.9742
118.2
429.488
229.917
58.9893
378.603
224.881
6.99795
288.936
194.179
364.219
357.241
235.57
116.122
7.6681
6.53645
4.31554
446.046
342.827
72.2221
176.754
589.191
205.183
7.11943
433.198
178.685
80.6219
7.41341
6.7172
8.66267
35.4782
360.891
12.7848
405.432
568.291
511.731
282.072
7.55988
472.057
7.35011
434.674
217.252
257.794
319.901
469.468
160.378
224.156
72.9416
273.092
20.831
126.475
7.27611
7.35972
7.40591
84.0341
425.453
460.011
74.7337
64.6335
23.9968
238.795
236.176
289.244
7.49805
119.946
6.91996
218.869
14.9039
147.378
326.955
7.28237
417.199
270.661
364.46
65.9521
146.442
199.561
244.265
6.85071
12.7629
7.57105
60.632
14.219
5.14199
138.874
7.61096
240.93
7.22548
8.43972
135.368
193.546
297.003
6.99416
219.063
515.765
87.6024
311.356
7.33805
10.9585
337.647
317.338
6.74254
173.264
197.772
263.422
153.174
308.877
365.886
13.0459
91.9859
151.458
4.64089
8.24442
238.234
6.63963
251.609
527.626
132.502
175.992
7.09899
7.39324
7.13025
65.0407
148.309
139.253
332.165
170.717
47.8369
6.10965
84.7254
259.415
6.11481
8.10367
136.635
117.621
265.746
240.364
7.16153
65.7371
237.657
56.2751
4.93934
83.5913
286.711
7.46093
406.079
199.854
6.7275
87.085
6.36834
81.9478
39.2176
249.453
368.792
457.59
7.27517
257.491
185.484
431.422
321.618
261.143
443.388
318.302
167.5
6.73017
9.40127
77.2832
83.7621
137.881
141.937
224.864
7.67385
220.432
8.05712
406.429
278.231
13.4546
64.9189
472.407
30.5609
427.536
175.977
223.267
422.487
21.6794
6.99617
506.303
7.86143
41.8617
201.713
184.475
7.43916
26.6827
498.55
7.71279
92.2064
152.513
252.255
306.539
7.236
340.232
417.919
206.634
160.074
458.181
7.00586
215.243
7.80296
4.88257
5.72506
399.492
334.302
491.964
423.474
6.91255
72.4723
121.81
49.9249
334.74
427.536
255.973
162.874
563.739
322.944
352.135
7.46722
274.284
7.93896
6.46404
364.976
390.387
209.466
7.17901
247.094
345.46
198.263
94.563
43.6227
6.87549
40.3218
40.6287
368.757
409.169
186.692
156.347
189.502
6.5383
303.884
6.90563
7.82927
7.3541
399.223
482.163
7.97892
102.878
477.242
347.697
375.255
218.886
363.597
398.092
302.541
422.986
179.995
69.0884
48.205
7.58705
6.94623
7.76311
6.03458
7.63953
7.11298
7.16338
84.3238
6.8627
142.034
46.9266
126.018
144.503
7.99184
151.525
355.158
111.595
59.6346
67.1419
160.197
166.88
97.5955
29.0206
366.689
110.45
200.745
68.865
366.563
164.802
206.185
183.712
315.39
182.212
92.0662
101.019
6.99301
276.352
112.53
479.471
479.237
123.953
8.21845
128.61
425.887
314.7
369.153
115.394
433.453
6.27526
266.776
439.512
275.669
137.44
6.9106
159.688
252.699
6.29683
98.9076
5.98122
3.75723
309.221
294.047
278.314
6.78227
7.57509
359.801
20.6721
353.842
51.5202
287.034
44.8158
293.993
7.33658
78.4638
275.406
327.209
7.05335
56.168
65.159
3.33155
113.811
102.306
72.2474
429.035
8.36608
475.399
6.38091
547.614
13.4601
6.94475
7.29093
47.897
316.155
448.776
52.9213
320.329
7.05103
158.162
7.77838
6.8444
476.015
45.9464
560.489
6.00964
8.16306
330.457
6.71632
285.145
376.931
296.99
7.02686
97.2783
428.867
401.472
10.6732
151.757
518.029
235.828
7.77667
353.575
119.114
6.34092
8.56842
72.7687
7.48199
337.616
376.907
358.377
7.26282
6.93698
6.96744
305.405
348.686
7.17415
443.766
340.85
198.536
244.604
520.635
487.191
7.06598
133.66
7.00257
234.402
86.7068
371.612
568.615
348.295
516.646
279.568
6.76563
7.97046
81.9714
8.30387
295.873
7.10884
57.79
6.45335
153.83
316.262
301.311
105.346
345.829
508.268
208.294
275.692
35.8865
236.049
78.7746
8.17332
356.143
456.016
68.4537
6.94882
166.475
23.2574
7.38583
404.75
87.4065
6.9533
187.609
526.443
196.174
6.38919
72.6908
144.424
6.89863
136.429
396.9
330.374
232.278
7.59333
422.21
243.58
271.081
131.34
248.675
66.3564
10.9931
283.71
312.812
179.523
327.897
368.319
89.4767
5.61143
422.909
7.30795
7.42832
24.6917
6.96068
7.22611
323.689
107.873
169.753
24.3978
29.0395
387.417
160.169
7.61801
34.2917
323.099
7.20599
154.331
95.0362
501.881
297.541
170.06
535.308
560.789
4.30159
398.595
294.274
306.817
7.82079
29.6137
59.1575
6.98082
226.198
81.9708
19.0454
187.53
173.807
236.398
129.042
5.22852
90.7163
372.844
308.613
26.2252
6.39364
8.52998
156.996
196.284
6.90601
7.38843
260.357
7.13622
333.707
7.37314
411.656
7.15639
9.16864
338.029
344.351
187.249
6.93434
363.257
59.6772
377.686
414.905
88.4324
160.518
455.514
313.763
300.162
80.4348
413.344
314.059
6.79637
304.434
159.573
7.41799
390.914
351.528
403.867
132.166
392.031
3.49897
381.956
376.971
148.05
437.607
144.2
66.2227
164.946
6.74397
235.391
272.249
6.68529
372.172
7.00967
7.02878
207.76
7.48949
6.64117
267.26
367.276
450.531
161.156
318.911
292.226
119.513
278.138
7.48439
346.432
431.677
433.305
421.536
8.05477
66.8752
64.1942
5.90194
9.72629
6.85545
114.777
182.976
7.39177
26.566
244.946
8.50078
259.015
179.68
426.097
7.50659
327.052
6.8235
47.7765
105.71
429.299
213.796
325.118
191.1
62.6783
7.62666
43.8164
185.543
202.547
11.0448
411.711
290.056
241.321
321.279
183.908
7.32831
308.297
6.02561
368.485
237.82
304.542
395.045
249.52
317.954
53.5048
452.85
106.679
283.105
298.809
171.159
353.045
4.35883
7.48193
199.361
350.413
275.976
413.664
215.478
12.1075
110.391
140.656
151.41
77.6296
372.407
17.1064
7.3316
84.5094
377.962
260.186
503.936
88.3981
174.747
114.472
7.12966
119.155
0.893556
234.816
409.408
134.299
542.894
6.95174
204.179
83.9914
107.519
7.47583
90.2368
126.585
165.303
407.955
293.605
180.123
354.765
8.73377
89.5618
238.201
7.29194
275.895
159.408
23.9749
190.173
7.06462
386.665
7.11326
329.853
260.198
6.9106
8.97663
34.2707
336.069
112.863
286.698
527.381
6.92668
6.97192
149.44
365.21
6.60905
114.304
9.50586
7.09123
26.5999
7.29931
272.416
7.28278
7.16756
7.24666
39.8354
250.998
419.126
97.7794
6.7577
449.823
6.53771
18.4572
207.478
139.903
183.082
7.3453
227.384
277.129
479.56
7.96082
19.0633
417.021
38.1527
436.595
282.687
133.694
408.983
6.85268
84.2242
308.116
536.828
170.716
247.252
27.0842
82.7574
253.295
74.8452
225.14
272.875
389.418
7.34389
300.963
6.80655
6.79058
8.07349
445.893
61.5192
316.378
7.21521
155.216
243.133
134.091
5.98937
488.522
338.186
497.331
109.735
7.12901
165.167
529.168
184.458
5.88809
8.36
262.921
227.45
7.8974
168.771
135.756
417.009
279.192
7.55727
432.475
6.19288
54.5719
529.006
7.26509
460.306
368.217
85.9342
281.909
109.022
7.13518
6.51289
329.582
6.9354
7.95603
520.008
244.768
411.447
7.1115
131.106
139.377
349.471
6.30572
330.843
468.824
378.323
33.6368
252.107
11.0446
205.443
163.939
239.235
6.41525
328.946
6.13727
414.878
8.75823
357.151
460.332
192.755
389.284
7.19785
155.513
100.133
190.743
138.204
7.02593
366.263
278.428
332.814
65.8719
238.166
27.8371
6.40284
338.463
110.563
7.17604
7.12704
292.895
4.83265
7.5982
307.951
356.059
22.3663
89.504
297.614
13.7335
66.769
6.47149
195.653
6.08125
8.07936
5.47799
460.27
148.676
313.007
43.4559
237.552
7.13964
7.52494
38.0061
308.982
81.6985
153.245
5.64629
9.51504
105.856
61.1005
486.779
39.8214
47.197
159.015
211.175
6.72417
94.3001
279.111
374.291
87.7579
257.351
370.734
12.1437
7.52989
233.443
494.711
308.834
305.069
9.49662
125.162
69.9123
24.9952
497.006
6.97452
25.7429
86.3851
8.12503
14.6537
263.99
392.428
6.76084
305.651
197.862
368.709
208.299
7.33415
325.943
303.022
379.67
85.9864
429.546
402.594
26.0603
7.08368
222.972
208.578
144.816
140.156
1.25379
356.099
327.806
79.4044
7.81371
454.756
7.03485
395.198
92.8849
40.3111
223.085
142.137
77.4814
7.14389
452.662
314.672
7.42864
34.1224
180.352
4.68731
5.88251
6.97031
9.30286
7.9467
7.62112
6.69965
142.256
317.865
183.414
195.984
402.866
107.825
518.79
176.812
8.69831
189.276
265.802
226.685
82.0996
200.962
5.30508
8.27061
7.44159
195.765
7.23022
343.751
6.54667
421.817
51.2392
62.6047
7.83534
67.2008
159.638
6.401
7.11389
7.07198
6.29778
127.099
62.6046
224.845
7.53158
7.96229
7.03876
490.466
8.53939
7.81976
7.36911
457.139
33.3767
190.101
154.306
6.9823
8.70045
-93.7405
73.3627
125.872
174.265
7.19857
55.1802
372.816
209.391
280.064
339.35
138.701
6.97781
27.9592
347.603
6.99502
274.205
126.824
24.8547
7.323
233.041
257.514
7.52713
240.529
373.066
107.74
7.46327
62.5099
424.387
325.368
7.85759
16.0959
349.84
156.295
10.9017
7.16391
233.296
291.686
300.138
7.08823
6.80653
6.20099
195.654
7.3653
262.848
151.238
380.582
353.448
305.885
107.383
90.1972
153.937
278.244
6.60166
323.168
25.7659
484.442
5.01743
6.26739
7.83644
410.696
7.25374
197.487
170.054
219.984
234.959
245.484
333.334
63.1944
7.08108
491.705
289.279
480.715
489.443
5.83114
120.007
539.443
99.7662
366.221
10.8171
307.147
7.39368
323.045
104.206
351.633
265.522
156.617
7.71399
7.57647
340.15
17.4763
435.739
425.849
7.34631
429.097
304.525
7.15088
7.23565
344.722
13.1773
36.8964
11.8263
203.2
363.592
6.72577
235.071
250.696
20.0744
127.48
238.68
84.2981
224.918
356.886
156.687
444.201
411.381
13.7069
15.9845
111.19
118.668
185.989
73.4524
403.224
6.96648
348.758
287.266
287.205
36.5579
474.068
490.743
7.88541
207.804
308.816
7.08429
154.965
6.41622
6.84556
250.004
354.694
400.996
8.14958
7.47408
1.49116
229.76
7.25987
8.62224
6.99585
306.045
456.35
6.89565
568.153
102.853
7.40168
220.559
589.569
80.9589
79.1911
8.83514
7.08753
141.128
-17.12
289.586
32.3656
503.598
148.294
422.992
257.399
7.30231
121.555
431.422
7.7928
274.972
427.487
265.834
383.654
7.20888
186.768
134.806
345.982
213.038
339.818
30.5407
414.43
80.7651
161.484
213.502
279.013
7.77844
207.899
7.87674
138.136
40.6499
473.046
270.065
322.686
365.591
7.29643
292
6.11658
462.655
7.15422
7.14663
266.879
151.825
208.975
239.242
314.648
533.179
327.35
37.3008
7.01001
5.7801
144.486
370.017
345.602
34.0968
390.829
36.0758
105.396
453.319
44.8183
215.347
250.96
437.366
247.039
179.221
217.874
110.011
349.105
119.725
7.76688
201.137
7.34277
3.98371
6.85206
346.407
481.387
6.60442
422.834
222.907
117.244
393.969
217.551
42.3249
7.08115
7.84584
6.99489
470.412
324.488
147.785
9.62143
5.73233
65.0939
7.24501
6.64445
296
322.41
121.895
6.80516
7.00167
148.07
11.4573
138.02
192.818
47.6828
259.839
6.66464
23.0426
427.459
548.636
34.916
197.405
342.122
481.907
183.527
454.86
204.214
7.78486
17.3043
172.37
122.66
67.5191
316.687
126.073
193.398
157.079
7.04575
7.59297
8.00115
194.638
38.6327
233.114
457.125
146.311
6.85298
148.744
551.675
67.2182
8.21883
13.072
208.969
318.072
326.359
6.54911
186.254
45.3471
7.36284
272.065
202.438
6.17221
364.568
412.349
443.812
505.26
49.4435
6.1247
13.1212
7.35926
327.019
7.36338
207.594
378.49
51.9559
305.966
292.3
131.598
7.07107
364.462
7.61241
17.4983
484.594
314.736
7.49211
150.995
314.161
243.812
7.31313
216.054
382.858
7.29572
104.042
54.0552
134.417
7.30011
29.4607
345.205
492.021
533.429
91.0011
70.3178
6.51283
104.464
6.77293
488.62
41.4412
6.66937
82.1107
126.87
186.314
106.09
7.10889
383.892
433.815
240.926
310.033
114.411
6.72
437.92
21.8744
8.24351
347.127
430.535
233.893
137.197
407.501
307.67
225.476
52.0044
6.92213
6.84675
332.643
366.685
82.8846
67.8514
347.952
185.197
11.6509
27.8675
6.69694
77.4249
380.573
352.88
274.697
248.176
326.739
9.66932
7.28161
9.74092
6.34095
250.662
16.4377
172.868
226.119
152.359
133.498
204.485
7.14781
210.19
204.2
8.30529
154.627
386.981
350.724
175.074
9.30292
534.729
44.7081
294.036
401.175
503.151
326.11
46.4368
7.57457
6.59774
115.423
7.71355
409.396
158.681
7.22727
40.7471
63.0875
7.58284
186.294
85.7841
312.127
7.52657
157.117
6.59522
306.641
413.323
212.612
401.998
207.421
6.71788
151.554
159.423
272.783
16.4236
384.995
355.575
357.563
5.20753
7.1061
7.00749
6.71158
545.788
435.134
7.82378
6.98502
166.879
343.754
195.886
173.613
228.667
263.442
72.7975
146.425
421.826
150.542
8.33845
9.25614
7.10118
135.768
287.794
80.0191
7.0278
31.2799
262.762
7.14003
301.82
7.48112
218.549
124.353
84.503
187.56
463.458
527.731
140.574
149.033
112.125
158.994
341.123
193.323
12.7426
7.09659
193.531
142.916
255.308
374.948
7.9007
648.052
81.6942
205.604
7.22205
144.727
7.18219
5.59501
237.595
76.1093
470.141
143.246
130.792
356.974
104.555
7.1612
303.726
342.724
20.8506
6.98258
22.7049
218.923
173.995
414.653
391.442
193.205
167.289
6.96826
204.987
8.01439
354.934
7.66516
185.509
29.2911
7.42861
369.529
428.274
56.1133
7.81231
465.298
6.30227
220.699
261.872
5.32968
79.5473
206.969
197.521
380.826
5.89016
312.657
74.1307
7.85506
294.04
336.732
7.56283
11.8655
186.667
306.655
97.2217
289.882
325.477
6.86004
139.04
392.719
7.20744
5.91766
288.599
18.2328
7.14901
5.81196
178.15
459.28
7.40831
7.44778
7.55668
575.005
266.384
7.24831
8.34756
255.804
534.388
6.09464
238.273
83.0884
7.58642
7.70718
37.0207
393.51
234.615
99.4053
481.329
7.11108
128.393
12.307
97.3148
16.517
343.091
107.273
287.563
79.3953
7.70362
8.65461
429.583
16.8701
253.974
134.314
394.856
187.914
195.725
7.47134
435.284
250.331
78.2923
18.5361
59.1501
204.076
360.171
110.155
6.8326
232.992
154.344
306.918
86.3938
200.647
147.309
213.003
7.45194
7.6516
188.775
6.86112
333.336
297.994
6.73291
386.522
7.20459
7.34589
15.535
160.595
379.51
256.577
145.83
39.2257
358.155
219.603
6.92296
195.753
162.441
79.7458
69.8765
209.301
6.33002
7.26504
206.126
151.376
2.52815
389.894
98.5016
7.14021
381.065
305.113
7.41505
208.883
7.19973
7.4402
314.809
326.924
28.5456
188.142
36.8555
300.93
120.874
398.747
356.239
416.589
21.5869
6.60437
220.24
356.478
321.544
54.6932
7.65005
474.408
7.16867
165.393
6.91645
334.988
216.086
188.198
7.45752
250.972
334.47
216.479
7.07828
264.162
406.779
566.49
135.796
61.348
37.5365
156.659
190.227
207.907
368.595
123.74
125.138
271.617
313.941
32.062
6.89394
146.51
245.648
293.258
68.8266
7.02231
332.704
293.469
7.21782
14.2367
9.17923
145.226
151.71
7.54206
42.914
7.08423
273.189
66.3352
559.618
234.364
7.62221
495.475
263.024
486.767
6.50411
5.43517
150.276
6.90844
94.423
11.9575
531.707
549.766
83.6633
232.427
16.0872
80.2541
65.8409
7.44752
383.352
145.612
6.78956
272.87
392.259
175.256
460.354
8.13914
171.873
120.318
7.51985
14.4313
334.113
257.61
180.277
7.02675
24.0842
262.566
185.801
8.1905
239.815
436.738
7.93892
224.563
436.274
100.192
8.44468
82.2521
424.224
210.988
163.17
7.58464
85.891
369.412
82.4776
513.737
332.687
376.326
161.487
251.054
277.331
7.14655
478.308
342.112
7.32547
219.488
212.215
116.273
74.5666
101.264
475.988
220.766
188.577
128.513
136.321
7.76816
315.773
231.437
384.821
8.14858
7.41852
7.02729
233.473
172.594
8.67391
228.971
281.848
321.84
157.451
189.671
65.6731
355.852
285.925
7.46713
438.273
138.425
7.82325
6.85461
288.33
9.58975
252.982
228.345
33.6635
101.504
80.3789
27.1897
8.42417
172.6
8.18875
88.5177
488.632
294.879
170.87
7.88024
407.841
504.72
226.873
10.3772
175.608
260.637
8.24443
6.92315
49.5755
426.253
140.819
94.6648
470.998
9.93286
90.7506
291.542
245.798
170.457
162.923
367.64
5.90191
226.41
4.71471
508.752
43.9688
9.56659
14.3793
55.2796
6.82172
307.878
425.942
5.89133
7.29791
5.61342
357.563
242.596
6.89289
297.88
540.788
8.115
7.56462
357.716
7.4848
111.014
6.95005
182.157
7.60473
147.289
250.512
6.24982
167.915
220.53
264.037
7.48392
82.3752
8.4166
18.724
57.9091
357.132
179.28
356.608
28.4672
309.96
35.0362
152.291
275.021
3.35025
45.1533
217.625
173.846
7.06082
273.697
509.287
407.717
6.28862
534.193
394.187
309.337
123.813
8.03004
7.43451
341.29
264.743
85.0892
116.527
7.53901
207.759
202.517
7.60953
307.746
7.29926
430.951
100.486
9.40985
8.07779
158.884
447.26
236.192
105.906
7.43299
47.5785
74.0469
8.09472
6.97462
317.878
7.52898
155.009
6.99117
310.812
324.439
310.907
7.27141
198.281
145.794
156.415
7.14857
6.72176
63.9526
345.01
54.851
185.82
407.529
384.632
351.448
18.5323
374.394
7.62806
408.305
465.516
312.071
5.80495
212.141
148.089
10.5632
200.934
203.817
92.6036
426.08
228.366
50.2361
19.1991
7.1924
512.334
130.488
263.646
480.602
482.672
213.592
243.394
250.35
264.185
7.555
111.071
82.4371
314.231
295.968
362.225
397.561
7.61506
306.553
271.807
241.191
284.82
7.75824
264.916
7.14137
6.74562
151.173
7.21484
7.02913
495.68
82.1584
58.1169
252.258
465.548
397.06
7.30952
413.209
40.8029
5.16388
67.7052
300.793
7.1417
346.183
61.18
464.224
20.7352
8.63531
6.73258
6.6064
6.85721
423.56
6.60052
142.299
316.286
450.714
507.595
122.795
7.00231
7.62998
113.598
65.8221
72.5955
7.24046
144.346
346.103
66.9248
396.203
97.4822
279.569
103.931
529.512
7.44707
452.022
509.928
182.981
6.94129
265.457
352.044
179.147
416.051
332.063
11.9194
6.77639
484.696
7.48843
401.899
7.09344
28.4211
7.03748
536.312
411.42
164.514
7.09187
54.7513
471.146
437.358
211.138
7.778
7.9276
284.006
338.007
92.7725
8.21072
251.416
16.4474
343.136
356.322
75.7361
279.513
446.304
15.0925
214.863
86.762
75.0632
246.589
575.958
328.534
357.041
453.923
7.40454
522.53
99.2344
249.432
251.375
208.029
409.688
9.09521
21.7943
8.07549
324.604
7.20944
488.095
6.44873
7.63767
34.7248
455.308
69.8716
4.01847
165.244
482.932
7.21778
568.186
88.7287
7.22552
11.2781
357.427
251.445
189.985
256.309
7.40381
6.66987
324.326
6.94336
7.80438
67.9047
461.858
6.96119
8.59645
440.385
134.817
22.8056
232.623
119.11
337.562
484.639
241.984
59.3837
208.837
385.869
55.8801
245.107
7.16374
8.80758
31.5872
6.4467
7.49562
6.19205
342.777
206.617
273.254
444.534
92.6098
89.237
145.407
192.489
6.88107
56.1467
7.71356
7.16377
494.27
390.623
27.4256
6.93134
67.5762
444.846
498.667
7.02441
327.888
7.3063
238.649
7.01278
46.5932
115.914
66.7975
399.414
47.8269
239.883
16.8121
7.24881
5.21966
7.47983
82.1779
5.83899
261.771
268.596
103.874
406.352
317.225
102.708
275.406
202.581
266.908
427.393
132.116
18.1639
6.8795
53.2383
155.25
488.677
4.98753
6.76361
106.727
268.315
266.657
510.557
192.914
9.19233
6.9597
86.6001
333.287
7.92095
392.859
7.8919
82.2358
225.506
6.88189
7.82061
492.561
5.66612
245.647
464.928
6.22338
89.7113
155.416
87.7677
7.16303
8.91785
346.019
29.222
538.261
6.55913
272.92
222.58
57.1392
9.08963
6.67377
6.92489
128.728
47.6285
8.51394
241.289
7.21573
250.786
6.92179
111.603
165.188
75.9751
6.82998
7.28214
230.307
460.483
7.4223
332.341
6.98926
133.324
378.877
16.0665
6.35586
181.165
121.046
36.9067
243.816
466.347
346.841
7.13292
7.91565
79.7809
264.988
268.579
6.99178
198.41
7.60411
346.893
519.297
7.2468
362.213
7.00855
209.264
73.8494
407.721
7.69437
15.7787
420.832
6.05303
49.413
59.8567
225.193
221.623
228.513
15.4758
107.221
170.833
569.168
362.589
94.3215
115.432
12.8432
6.6857
98.4302
40.7395
4.79472
165.912
341.24
96.6616
190.818
348.444
11.5296
174.935
306.582
272.411
346.579
163.719
520.723
7.12196
6.72743
6.63487
7.60963
92.4355
90.024
222.612
453.319
7.23777
6.83415
41.0872
425.1
8.07454
3.55794
286.123
103.058
469.625
193.887
291.548
382.428
175.31
14.406
122.877
284.428
86.5736
164.462
27.4048
197.836
141.997
7.09918
79.3103
146.825
119.172
303.956
7.49599
402.137
286.23
7.0753
319.873
162.445
379.377
7.37274
5.65315
6.63398
374.82
131.457
127.662
153.894
283.972
539.248
225.364
203.123
180.999
4.68332
58.0609
7.39181
7.02394
133.265
434.922
335.536
5.57763
262.889
143.597
6.93148
322.272
32.3059
195.661
55.1242
8.1614
10.5144
125.877
503.704
7.49944
138.05
142.735
384.598
382.797
27.1377
7.39766
219.322
134.809
347.916
259.611
63.4058
532.151
246.325
113.682
201.129
204.244
331.232
6.48384
93.3438
349.052
22.7468
6.8388
291.222
4.59263
120.714
239.342
256.595
410.558
259.789
179.987
67.0519
174.722
224.505
309.943
8.64156
7.60556
412.601
83.1357
6.37359
201.623
541.855
385.245
337.136
29.2459
202.217
7.35155
116.315
7.19632
60.3106
73.7731
90.8805
7.16342
6.31477
101.654
15.588
7.09077
369.323
4.49341
408.045
6.96947
362.986
6.96629
7.98056
42.3859
180.473
273.147
469.377
117.004
385.02
458.399
311.824
7.49575
355.913
300.177
197.525
174.086
6.33302
7.32135
134.764
53.459
259.779
390.148
244.014
114.915
191.619
391.158
7.11585
396.402
8.37482
7.65229
14.8518
7.42931
426.283
8.19502
6.28917
273.852
7.41724
177.607
7.67822
511.905
7.41278
406.097
6.97923
94.7923
399.645
10.867
488.274
9.20895
203.566
6.80925
87.646
51.4184
6.99003
31.9051
5.35385
7.57477
366.317
320.549
105.255
447.194
43.5479
353.501
317.382
30.5018
26.9002
211.864
461.833
419.341
381.054
377.577
278.169
177.353
166.055
8.06327
69.8841
7.42017
42.4697
364.835
551.789
343.493
507.414
7.75149
422.597
301.093
7.43134
170.79
116.438
321.895
228.147
151.227
20.4353
41.6529
143.636
166.871
6.87003
7.52362
492.31
257.087
322.407
6.26955
87.7674
6.8359
7.60024
301.167
155.671
353.362
8.82981
175.532
7.27302
49.7323
177.624
7.04099
341.263
178.203
5.71884
395.549
294.36
449.534
407.237
232.691
24.8146
485.478
6.62314
293.451
7.27109
557.324
173.57
333.811
6.83314
7.25531
133.945
7.85179
185.147
7.37473
124.441
9.50341
355.914
7.25285
380.43
7.2749
80.7532
6.43901
72.5527
12.4127
7.00747
209.586
400.893
80.7353
7.85743
6.77337
318.775
10.8596
124.688
5.80184
7.04275
439.912
429.546
9.7322
291.987
3.7587
334.619
7.13316
7.01076
102.487
226.867
340.354
5.83558
7.41371
432.852
460.003
116.247
366.32
16.5486
40.3314
354.027
211.569
559.527
170.606
7.33725
75.5776
98.1716
215.882
7.34861
296.816
3.13026
5.84456
91.3565
243.179
7.66931
49.5511
7.28729
6.42588
168.089
37.432
125.036
242.095
252.61
185.955
49.4092
16.6281
432.66
56.106
151.6
111.842
19.5071
6.77206
7.37249
33.1064
7.20804
7.22126
7.56862
9.33659
529.068
223.057
5.66248
7.26
321.514
238.216
215.404
6.94185
46.4704
291.717
516.254
57.381
10.8168
7.56108
6.85545
417.781
7.49473
335.725
29.4297
490.764
363.66
7.02429
189.238
386.492
312.986
242.061
156.605
25.3916
9.1724
382.595
66.4985
7.93028
270.579
492.767
200.284
-0.360923
7.36095
6.8072
5.95154
45.6669
359.991
7.21885
181.894
28.646
352.498
175.037
70.0179
227.351
115.497
307.39
120.714
14.0404
335.665
310.785
7.23653
8.47773
8.58769
426.348
4.92849
137.75
7.06331
196.172
381.817
304.308
446.198
575.952
73.8545
7.79732
275.883
378.458
132.375
6.75267
15.8671
129.82
277.155
6.83403
153.012
431.398
230.702
20.2791
7.05338
7.85013
74.53
547.093
33.8985
203.53
164.536
140.247
230.489
495.295
419.713
133.136
43.2551
351.028
173.665
7.60986
152.259
233.785
309.927
112.616
465.057
323.062
6.93871
264.109
565.553
414.401
374.162
7.14832
378.845
55.4717
86.2794
6.69593
351.488
189.813
313.729
83.2479
372.804
413.345
29.8929
9.10726
315.455
356.243
6.87901
6.65528
14.4615
460.13
416.389
162.828
284.335
137.527
7.38199
7.69462
140.863
7.40082
410.622
304.883
289.689
174.91
22.1005
492.088
218.144
148.685
107.113
317.349
61.4575
7.25278
7.25243
120.709
344.887
7.84821
418.651
231.38
7.22454
355.865
105.753
392.726
7.92773
7.80895
499.865
116.035
6.9808
507.59
137.776
301.769
7.19856
7.62435
6.87458
185.38
313.237
310.837
7.33772
5.865
390.474
77.4045
7.02619
463.81
31.7129
111.151
248.484
6.92083
7.4896
19.3236
266.083
144.741
7.46221
110.785
7.75251
166.378
222.028
7.72644
480.205
228.773
173.608
7.36545
528.235
8.33465
123.353
63.4157
10.1191
2.65435
173.096
234.196
166.491
7.49973
257.093
75.9513
7.85386
5.93836
411.012
400.493
165.926
113.675
53.8303
7.57468
476.305
7.1812
6.62643
488.008
7.51547
409.97
6.5697
215.893
221.038
401.62
6.86626
262.249
457.322
276.824
7.89885
8.04204
428.239
10.6994
417.631
140.795
194.949
55.7524
6.49255
6.25608
7.57798
238.765
109.131
23.7045
183.641
38.6548
146.831
50.1705
561.516
6.84772
278.85
390.175
7.05907
128.063
7.69223
234.884
383.165
5.91001
220.019
522.437
8.88341
6.01342
7.1779
361.178
546.018
39.2539
7.69779
44.9415
102.161
364.233
359.511
493.242
162.955
179.041
7.37407
204.142
219.337
4.90077
69.8485
7.65896
7.31967
33.1097
7.30063
8.71372
339.819
16.8065
573.832
9.7431
7.95591
435.03
9.92272
7.66492
466.775
162.068
108.376
154.337
123.236
248.837
223.741
502.441
7.04465
219.233
412.299
31.886
7.83794
256.018
7.34156
46.4215
116.541
303.392
236.081
7.57137
337.753
376.115
372.993
410.512
140.649
7.47971
4.80527
194.094
16.8788
370.892
12.7067
461.093
279.25
18.0432
148.205
8.02255
9.53524
520.288
76.0488
18.2944
433.453
182.476
7.27882
6.6169
469.959
189.574
6.13128
170.925
7.23436
262.25
235.699
426.516
399.668
190.182
478.553
128.481
109.144
513.758
154.402
303.091
428.822
260.958
162.796
366.544
6.65023
10.1819
311.782
7.1734
116.656
36.6929
6.89361
240.101
5.11189
7.50435
281.207
308.832
306.693
7.67449
76.7319
239.11
195.796
526.04
285.698
7.34591
95.2106
385.16
233.191
336.337
17.4802
8.66641
462.095
61.3101
7.01299
244.35
121.885
177.2
8.11839
386.684
7.49551
65.8657
363.873
417.15
76.0247
7.07253
7.24811
177.693
51.0902
379.268
122.675
371.829
7.65833
10.2964
6.89349
7.17275
336.948
429.571
110.977
6.33523
7.58016
15.6371
182.512
323.665
6.90505
7.21036
6.2515
5.58984
176.711
524.903
313.463
6.57987
409.899
451.236
7.30674
6.81964
341.485
346.736
279.152
461.814
83.8298
95.0858
107.655
365.943
286.43
119.586
7.01503
115.719
302.956
450.09
205.347
335.171
445.207
7.07311
360.146
405.252
118.355
354.057
104.701
256.635
357.38
78.3582
42.3085
33.1576
242.881
399.66
118.885
140.112
253.031
6.53803
321.426
134.108
83.3111
7.33448
122.478
365.34
266.258
44.523
444.657
123.251
27.7877
6.86324
114.601
32.0906
140.32
56.9845
303.012
444.148
7.43298
47.839
7.51745
99.1007
323.898
287.612
391.644
87.4571
182.892
347.143
7.73151
261.139
258.575
7.09703
17.1908
7.00276
161.515
62.1666
7.40775
156.881
41.2889
177.376
467.24
336.831
161.835
301.829
7.65267
90.08
6.70895
544.101
4.32621
246.358
73.555
120.65
452.246
32.0273
197.754
7.06504
262.678
46.5679
477.997
292.053
28.9729
6.19039
174.223
458.412
7.38001
485.68
318.9
234.56
536.5
193.713
228.791
7.13183
348.369
409.543
398.352
63.7511
7.16469
494.102
6.44364
232.655
7.02498
7.25798
7.24771
509.994
7.78315
3.5362
7.48809
128.934
7.23572
7.19232
62.6884
7.37623
8.02928
254.593
8.1913
239.271
6.12723
92.5429
7.56892
26.9632
38.9676
349.883
5.91593
141.483
170.425
6.98999
235.589
90.598
138.635
103.967
343.475
6.22894
136.43
7.1301
132.718
93.7573
164.888
8.22618
9.65362
281.494
7.71873
180.828
5.2411
417.367
6.88537
338.756
94.0748
49.0897
231.973
244.178
95.1307
6.93623
8.54314
284.67
21.3607
317.889
227.23
220.622
17.5532
7.12661
336.973
11.5799
6.54695
355.262
437.409
7.11086
589.378
100.626
287.846
495.653
99.6889
183.21
254.828
69.6226
149.667
426.558
7.39464
130.207
348.589
451.057
6.94624
7.71742
292.222
7.84161
524.339
276.453
494.707
7.76631
378.986
5.90906
156.227
7.21091
8.2494
416.16
175.392
421.022
153.148
508.698
7.36035
308.769
7.29479
392.392
244.019
6.86343
41.4318
7.87891
406.456
82.6031
496.189
484.81
205.572
210.038
328.428
100.997
7.72473
246.34
193.896
7.17043
28.0913
7.09029
6.90213
72.8933
531.831
15.2494
93.4041
395.57
261.782
33.3053
7.34568
495.746
124.102
30.8935
218.293
7.87893
420.557
470.684
37.9027
119.534
347.104
480.986
6.59045
356.173
7.78986
31.4943
268.218
400.618
6.37625
134.08
371.3
415.494
163.487
7.72059
54.6101
281.421
280.844
329.113
258.442
536.824
8.52324
7.40855
148.202
97.3181
87.8028
407.965
7.28571
195.919
392.339
272.126
163.322
499.602
92.9006
86.9334
485.81
13.6155
118.571
50.62
511.463
161.755
271.77
109.628
92.1997
242.457
23.2436
236.759
7.1308
9.26792
146.815
418.569
407.989
140.934
8.82848
549.521
7.42784
329.499
300.105
46.6658
7.19116
468.78
200.661
294.429
418.768
463.311
7.33864
199.865
372.294
31.796
7.63389
7.75264
377.826
580.292
507.657
10.3894
33.0551
7.16353
222.235
53.372
117.493
208.426
88.2702
234.985
7.20779
333.957
8.6919
7.27747
128.037
381.823
159.992
25.1634
175.937
318.49
7.36473
129.681
7.09231
8.07955
363.529
310.194
102.073
9.78415
407.648
8.66828
8.22709
451.961
289.761
573.301
22.4381
345.64
269.952
69.6258
362.638
146.366
7.19452
18.7974
121.249
162.671
7.49327
6.80364
93.1006
370.74
16.941
13.5844
8.1122
6.57502
7.23711
356.833
7.4055
6.95873
193.447
396.328
4.22733
9.49074
10.1492
458.848
185.963
384.511
162.058
8.39582
516.832
442.751
355.07
305.606
438.385
293.909
104
6.8966
197.513
141.728
44.1822
116.738
377.223
35.0019
280.264
6.35819
163.685
57.6433
434.579
61.5562
497.089
6.63264
290.914
7.66553
215.625
7.7034
181.296
7.43302
158.042
327.622
277.088
345.257
187.603
371.401
174.869
91.8798
5.85789
7.30987
72.0756
7.32315
88.6414
265.528
102.478
264.056
178.202
250.881
7.0646
7.40722
5.01058
22.3661
92.8824
7.64949
6.91867
231.15
353.978
186.593
7.69894
378.07
5.98725
-63.0136
178.553
64.8278
14.9626
6.70832
233.384
71.1301
215.607
350.257
10.7728
6.84045
6.65706
7.76692
369.46
310.088
6.78144
157.265
575.802
23.852
253.95
7.18669
459.26
458.837
83.4712
511.474
498.644
297.807
517.607
7.05411
496.073
254.473
405.708
7.26699
19.186
111.344
12.7736
7.64925
104.531
28.2722
111.496
7.15713
8.07206
8.03566
291.295
306.957
7.79063
345.927
263.945
448.854
286.746
305.891
222.286
332.869
6.89209
222.576
221.829
533.262
190.169
294.739
7.98909
144.311
268.668
55.5083
350.52
158.524
491.769
7.5483
341.369
101.949
94.1911
50.9156
146.675
353.635
23.0863
14.0349
363.431
16.9138
8.72093
250.762
311.987
423.496
3.76792
176.687
8.71905
6.5371
325.868
407.005
450.006
34.778
512.575
6.54091
136.523
71.2201
278.346
155.798
225.889
6.55081
27.7669
340.747
45.6743
375.114
452.071
6.73939
230.148
20.2045
387.959
242.278
301.346
362.849
7.3713
216.422
163.432
63.9635
312.534
236.729
355.869
167.706
6.55713
139.127
9.44802
7.25915
405.92
6.98066
7.38142
7.36516
502.997
196.303
372.948
6.76221
166.653
34.6227
332.008
7.70081
7.47698
6.38238
7.28642
6.92615
6.65699
7.52614
402.571
267.54
133.058
109.775
292.626
32.4216
74.1653
8.87559
17.2571
7.41535
145.508
191.364
222.59
7.46711
492.08
5.78989
7.06368
256.999
435.469
203.218
9.17963
7.38443
130.417
6.9695
556.58
165.837
170.807
320.185
181.307
305.529
422.769
121.856
7.0785
183.144
167.344
171.379
8.05956
564.803
299.687
58.845
426.718
96.7689
141.857
446.901
86.0647
5.67717
7.13227
218.342
16.0613
6.6142
276.933
179.556
7.12263
8.24495
156.665
6.86505
4.79027
140.947
470.991
4.75088
6.60376
449.292
17.5077
427.975
4.4998
418.822
296.744
259.495
343.115
22.4466
7.20707
262.871
213.434
447.322
206.753
369.239
479.956
507.269
9.48508
7.30264
5.76651
286.742
6.62776
7.40403
6.29077
6.34213
78.2678
371.384
71.0174
9.16755
472.726
296.906
7.37343
8.12351
269.282
280.332
110.972
7.68992
90.174
5.29565
7.6511
118.87
372.463
7.89691
195.605
190.766
518.477
7.28865
395.51
20.9505
7.13897
6.58303
5.75605
6.89723
438.363
118.131
290.9
6.14949
421.398
6.90085
7.43729
9.4847
6.71902
449.379
54.7226
313.068
84.6878
71.6349
345.817
118.82
525.132
6.5561
332.425
82.2067
168.117
559.126
6.89307
7.31612
218.231
288.793
358.842
106.311
256.696
304.179
430.766
246.987
292.137
231.596
231.968
15.4447
227.649
384.399
122.661
7.59048
289.927
3.96236
220.358
7.88002
439.944
21.4884
172.06
371.879
66.8507
252.179
165.77
6.7561
338.986
6.94842
253.77
458.626
268.603
515.449
393.829
467.833
114.197
222.923
528.759
480.183
7.50492
418.454
391.59
65.3027
6.92092
445.649
349.324
7.42381
225.258
7.29915
5.07967
417.242
263.204
240.736
488.474
7.95565
321.554
187.891
387.693
125.576
211.31
299.463
7.01254
27.5562
344.156
26.9347
7.7641
361.362
7.72782
7.75014
15.3131
381.316
7.5367
7.17065
7.13472
7.4066
327.631
28.3403
6.76833
7.09717
74.8261
152.728
149.849
437.356
16.4498
395.232
329.873
343.836
75.7589
101.528
286.729
247.888
267.197
9.70407
240.486
5.40098
346.599
490.728
10.2054
421.279
214.147
402.744
231.046
390.499
431.491
5.6575
89.7952
67.0091
6.18832
331.47
471.544
7.43909
7.50758
232.402
301.288
6.7856
474.075
68.076
6.4976
100.368
181.122
309.793
273.304
7.90485
438.67
156.251
7.35194
204.183
274.979
107.858
8.59486
310.852
217.692
143.065
64.7678
310.33
6.57366
438.498
7.34764
248.712
128.384
7.41808
7.32206
8.32403
33.7189
71.189
7.10797
203.11
321.105
11.5677
392.734
7.33963
12.4195
7.60943
5.55777
199.026
444.642
7.15095
368.89
7.39916
85.3488
136.079
520.645
5.88253
7.2986
405.694
230.972
45.6012
240.713
238.9
125.916
146.577
6.97929
6.27534
176.189
274.44
169.716
303.448
284.341
123.741
451.541
230.065
7.57211
7.70015
284.99
219.247
6.27508
321.019
320.129
167.594
463.491
110.384
31.5183
6.98847
7.03807
300.588
154.727
112.476
8.23387
19.5618
299.788
217.733
53.2489
239.304
413.611
7.36713
12.0546
10.7468
7.98383
234.509
284.875
16.2771
10.713
6.83421
231.675
223.823
114.664
213.977
162.829
7.15203
213.822
82.3272
2.21207
378.892
7.25949
499.655
148.252
255.192
182.021
500.197
379.812
316.599
29.7567
183.263
6.09074
166.093
6.04577
7.57955
132.239
370.555
492.585
6.87106
228.87
7.2682
7.11868
6.95936
306.923
420.906
175.855
195.231
529.289
7.08533
288.542
13.8698
466.557
176.616
8.4493
5.59462
22.9674
115.599
43.9392
7.68992
244.713
116.072
7.05396
209.994
7.27782
7.08677
121.465
226.719
426.96
6.36799
123.461
334.792
166.444
233.026
356.138
368.913
258.042
371.986
49.248
468.432
7.00123
327.302
5.27467
20.2817
197.135
282.805
7.38413
7.10124
7.94315
40.7555
229.094
120.022
240.288
286.573
185.175
67.9431
7.33057
367.344
7.10884
191.617
6.91937
7.73896
173.405
496.158
400.952
415.9
262.422
572.789
7.45032
388.274
41.8311
6.92877
193.788
284.98
276.458
91.008
406.28
327.434
188.716
270.83
48.2586
7.35127
9.14976
7.09845
6.77452
7.51098
79.3057
307.665
20.5376
354.252
242.419
227.915
185.746
256.872
321.834
310.581
187.334
155.917
7.85047
7.24959
159.627
281.579
293.309
387.737
403.832
6.78755
193.755
205.642
6.58449
6.6158
348.637
283.581
7.11571
146.153
468.291
408.689
174.724
282.594
488.061
334.979
404.357
319.081
378.528
9.99697
62.8757
7.24205
470.135
287.28
23.6919
7.81816
8.06365
382.897
6.51095
316.406
7.44654
121.001
539.733
540.827
85.0887
191.543
6.84572
25.929
173.272
87.3422
213.311
322.802
7.35016
7.12695
7.1978
149.775
152.989
6.05128
373.277
250.267
277.814
96.948
251.378
301.646
470.119
5.32675
292.38
277.561
66.2978
338.69
262.813
388.707
55.5849
7.40837
7.3725
53.3807
182.838
7.51785
7.83347
245.212
295.771
7.05766
424.264
504.928
1.39651
152.11
250.055
169.547
201.497
64.2723
352.254
242.602
8.12236
96.9146
203.902
472.759
188.6
238.443
485.07
296.365
7.49763
344.142
129.465
6.5851
353.953
328.75
433.442
11.7541
189.406
332.144
8.05466
7.62441
158.808
7.37147
469.708
41.0292
231.085
425.995
46.5712
48.6238
73.5511
47.1627
7.63962
10.7193
561.769
289.087
8.57082
324.221
7.34621
6.56601
392.975
340.569
288.577
364.027
319.105
8.01584
6.86493
7.46819
299.689
120.707
17.2855
7.49253
388.167
429.679
311.469
7.23843
16.0745
440.128
7.38283
535.963
7.64207
318.512
191.034
46.7476
8.03943
196.024
544.885
185.282
429.543
401.458
362.851
245.215
203.289
181.814
7.58652
536.442
7.36772
8.22466
140.53
170.417
240.874
7.6033
6.87333
282.944
147.494
51.3949
68.6604
385.514
140.778
546.406
7.41377
120.998
7.04007
84.8498
7.08321
40.3931
216.565
199.932
351.774
203.443
266.06
488.049
427.708
411.112
126.961
151.947
349.746
211.244
7.14797
211.585
256.612
164.611
444.583
470.903
184.47
6.86007
7.45424
176.847
11.9861
6.8999
6.691
7.52442
7.26029
524.527
385.736
29.7331
7.2883
216.781
382.191
159.387
326.623
173.886
7.6073
6.79361
443.038
7.34727
7.15639
2.98467
7.1815
62.8952
373.125
247.429
7.49278
113.24
212.262
11.062
7.51495
313.388
526.907
44.765
5.95288
19.1423
8.08153
315.887
6.9571
201.764
7.79267
6.45194
19.8221
349.194
184.306
6.82046
90.1914
7.4077
7.0079
52.6678
84.9948
210.07
15.1611
19.6129
125.263
271.253
249.162
6.17733
263.481
355.3
259.658
147.763
7.6124
157.997
7.78078
147.259
358.436
7.74174
5.54968
6.72875
9.98389
4.82688
9.05048
394.811
7.48206
7.34713
154.434
7.32019
6.99537
351.125
12.0854
6.03604
380.19
267.862
450.376
168.508
264.802
385.269
7.01701
85.7829
58.5701
473.812
294.962
91.1953
194.258
111.885
471.064
428.966
233.367
115.755
263.447
18.9849
490.173
154.55
6.285
252.333
274.841
98.6147
45.3209
7.46707
6.75779
102.065
467.455
6.97823
319.726
142.359
161.893
115.836
442.236
259.341
52.8968
81.4408
262.039
96.7066
8.15625
139.004
187.26
7.44345
73.6754
96.0191
6.84655
201.254
293.665
196.808
383.069
6.70153
6.59235
7.23064
490.703
140.282
179.026
7.10436
73.5028
128.596
196.873
191.062
297.777
7.93462
287.451
7.02068
410.989
297.093
156.309
10.1161
482.85
433.545
400.563
452.47
120.524
7.30388
396.702
7.74541
133.873
157.378
221.649
7.08817
236.59
6.35369
5.31657
6.93165
4.3384
266.977
216.496
7.24612
293.876
7.80554
196.583
10.5689
94.1659
94.1062
120.196
283.918
294.895
364.229
7.33305
107.595
99.0823
134.3
96.0418
7.49335
7.06439
260.541
346.949
546.263
11.2242
6.94947
37.6516
39.4664
15.4742
110.551
16.545
246.056
6.92266
407.965
7.74601
52.7488
170.964
17.9811
456.263
6.56129
62.6381
333.122
364.875
422.691
139.781
140.084
215.512
95.5652
33.5949
11.3214
126.34
119.141
7.13464
485.034
384.307
244.17
6.8735
7.00583
9.00057
9.24073
4.8991
7.08744
6.58589
322.644
36.9214
7.21497
393.944
259.517
6.27213
7.25617
7.21823
7.35405
273.455
87.4115
351.659
288.266
7.33935
140.253
214.632
332.868
7.37531
251.924
7.12401
7.19689
317.472
590.218
33.6392
261.398
12.6464
194.098
282.268
7.49166
411.869
6.90875
31.3518
7.5811
208.903
115.61
246.706
217.542
8.37199
6.87309
399.697
520.56
7.63106
6.87282
439.534
8.03455
398.614
460.965
86.8164
262.981
6.83814
501.587
370.002
6.28506
211.479
288.732
374.54
7.45672
132.631
244.556
10.4975
173.038
516.629
6.75439
504.927
16.6907
8.41876
7.01947
11.4783
252.727
47.857
517.558
187.053
83.5635
7.39536
14.4294
7.69005
235.901
6.70424
146.983
203.426
80.677
7.17448
7.59377
7.75777
7.40919
290.817
7.02479
280.847
19.3669
528.319
374.611
323.476
36.6347
7.17204
532.795
-119.964
260.907
107.643
276.082
365.557
393.428
184.287
44.276
8.28841
7.26719
16.2321
271.89
290.629
352.725
395.906
7.09677
283.386
488.532
272.772
114.591
7.03135
321.646
7.58888
298.888
10.6588
7.16134
384.901
248.156
17.3799
6.9021
249.694
506.48
7.56396
363.514
453.782
193.672
6.8763
7.55386
42.8216
145.536
4.78714
301.222
12.6065
7.16652
342.392
73.7233
6.93348
476.63
-1.87653
218.721
6.12337
146.832
7.16534
42.6993
227.532
396.776
200.879
82.2462
8.21297
7.3329
278.185
148.676
327.032
23.2125
214.699
219.809
391.426
152.185
262.512
400.118
360.004
17.2044
420.915
442.744
263.148
445.962
7.36576
344.98
333.196
134.238
11.4271
101.746
6.97059
394.897
53.3769
147.372
143.528
72.1752
7.76494
143.904
423.442
144.778
192.089
478.126
529.392
46.8474
119.08
29.0326
152.921
365.807
6.06336
160.282
340.92
6.47182
202.462
106.587
183.62
416.119
191.399
39.6791
318.698
245.355
209.106
16.0959
16.2874
7.39908
450.026
346.81
434.988
223.694
250.812
114.485
7.98464
504.917
494.592
356.996
200.763
121.457
195.135
513.871
133.512
143.759
103.89
249.501
191.481
273.135
298.46
7.00036
103.667
6.98621
7.54356
404.76
9.3391
169.421
370.823
7.00982
6.37597
6.74769
49.8146
115.45
12.7186
67.1926
43.1329
433.803
25.3457
333.553
7.07906
303.648
7.01389
6.85234
19.4259
6.93102
258.644
286.84
27.9579
7.71997
230.117
6.94085
432.757
141.711
21.9245
84.4596
-4.44168
6.80634
156.09
8.1356
217.048
11.4845
390.494
195.703
182.621
162.022
334.812
435.472
20.6019
253.639
500.266
7.31016
170.397
290.851
342.758
6.96624
7.96437
229.332
458.671
74.3811
490.562
144.617
148.533
7.36902
45.8113
377.156
60.9875
259.513
90.9967
176.386
161.465
174.636
378.928
12.3084
283.512
6.98703
43.4357
428.981
173.248
8.38648
442.016
6.67315
-0.550497
208.18
130.7
526.508
353.177
247.377
206.472
418.869
295.737
127.735
287.124
323.787
6.34384
432.863
7.28714
73.0264
112.214
6.93559
344.274
212.7
7.13355
357.605
13.3477
6.88656
7.28209
297.385
162.315
418.721
7.05324
379.136
317.865
4.86448
404.119
117.749
99.2848
281.461
7.07224
453.271
313.515
12.9504
397.027
109.053
20.1639
286.555
235.947
486.087
142.732
74.0065
185.749
559.247
3.86028
6.85907
11.5673
81.2087
412.628
261.529
7.45007
90.8498
464.216
7.33043
322.063
346.568
7.14543
169.233
20.8257
7.22626
8.8311
5.33722
419.884
23.9851
7.08389
235.64
37.8151
57.4264
246.522
145.275
467.478
131.734
11.7516
317.04
147.193
155.041
519.176
6.32657
16.7557
77.0504
154.918
24.6644
129.483
65.8627
386.774
7.43822
476.045
534.371
96.4036
361.916
252.2
165.848
202.76
448.447
425.118
280.492
27.4447
6.936
3.92389
247.744
7.16986
6.31123
144.656
181.912
275.471
78.2388
7.47628
212.096
276.306
158.556
60.7688
6.33971
126.759
450.55
82.2669
96.242
478.605
5.88799
158.606
321.038
262.054
424.627
321.57
264.987
444.267
10.1823
319.321
506.256
0.562938
255.451
281.57
7.91562
107.791
7.4373
281.829
180.097
241.64
382.296
7.02537
522.65
6.48548
529.676
220.433
317.906
277.023
318.302
79.5767
461.505
302.855
43.0926
125.56
361.61
167.008
29.4626
152.854
313.209
128.51
417.689
174.565
8.54692
496.167
66.8539
62.1805
65.6562
8.35501
504.656
7.29392
7.03542
203.314
173.285
6.99411
359.609
-0.783248
152.705
265.024
8.36015
309.201
102.248
383.945
169.578
302.469
360.63
7.92541
265.646
296.798
11.0439
12.2773
7.4733
29.852
243.737
134.6
335.905
429.22
65.4325
7.93497
6.68918
6.46471
32.7229
376.848
7.96768
115.541
7.25444
496.436
7.32865
178.903
274.614
36.2037
279.11
121.213
438.521
338.326
279.46
199.498
135.197
432.766
467.2
7.72511
262.602
47.413
408.712
371.348
6.83118
7.98262
431.739
263.218
172.674
352.868
415.698
477.827
258.963
5.78559
288.342
35.7143
7.42709
176.569
306.846
9.47755
6.95966
147.818
6.43452
7.43235
6.38012
7.50551
169.614
553.368
7.87099
310.284
7.49184
6.81401
319.782
210.569
275.535
363.877
540.625
454.307
23.4756
327.341
464.651
6.50206
123.559
155.668
7.65553
215.566
288.236
7.73271
292.775
450.287
7.55388
7.32965
7.91762
7.22546
6.90281
187.341
4.96904
6.8135
159.348
312.554
425.32
6.91765
521.233
367.984
558.151
5.76687
179.662
344.672
351.148
6.85632
7.90001
365.562
81.0985
7.31066
14.4342
202.253
45.4614
236.666
513.083
6.48748
96.938
223.595
275.047
380.864
7.14336
74.0396
130.589
259.036
110.692
129.011
166.184
434.034
106.927
162.928
7.31571
46.4134
7.29438
7.11365
233.709
7.34297
118.464
274.895
210.387
418.573
7.64731
517.921
422.001
260.748
188.765
69.8313
381.07
153.806
81.0963
189.802
244.24
548.511
369.654
235.393
462.986
142.474
195.461
547.72
33.2345
189.99
293.079
343.156
307.586
69.7644
380.303
542.59
190.156
286.169
474.198
432.14
404.28
222.013
431.253
8.41171
197.954
394.987
218.657
84.5074
164.964
242.716
142.316
8.1135
377.073
98.6873
7.70752
49.695
6.87146
467.686
402.513
49.556
8.34277
162.985
8.09301
414.284
251.435
312.813
302.872
387.735
7.44683
398.243
419.706
264.814
66.8075
140.427
7.11312
12.5255
13.3371
243.478
7.65547
6.24979
492.43
5.79145
249.098
43.1984
291.649
131.565
63.1426
7.40432
6.41766
99.1935
124.823
7.47046
5.07998
382.861
248.218
215.646
36.2724
95.6211
433.177
254.389
7.01507
309.993
20.9792
215.528
328.425
70.2567
168.208
61.7168
315.145
178.893
103.142
287.279
414.221
147.79
133.049
344.517
428.499
325.759
152.707
405.094
369.453
98.7008
328.181
198.564
245.211
168.216
6.69037
54.7199
179.278
237.689
92.4138
440.308
7.08773
168.74
285.335
75.646
19.1517
526.687
85.0429
125.425
261.773
54.0333
7.35106
7.67225
426.994
295.226
400.257
194.482
7.4684
39.7656
235.157
75.3298
104.311
204.138
7.00789
72.7755
184.203
6.96309
502.71
57.0729
101.272
6.02705
517.606
441.838
6.7018
8.94814
80.8391
240.642
64.0471
40.5841
10.0521
38.9116
319.465
136.396
7.33147
321.625
7.31239
100.835
82.8282
67.4524
192.409
7.71736
271.933
284.799
8.3099
133.389
92.2736
167.282
133.625
7.72236
336.836
174.203
99.8085
7.74646
6.99647
144.473
6.37867
365.316
369.791
7.23701
97.5359
34.8811
194.7
509.389
62.9471
96.2342
6.62689
8.76327
297.489
290.793
141.167
71.0193
176.065
7.00035
76.4428
346.82
67.6112
6.85968
508.603
7.35753
440.873
393.204
140.913
6.82074
6.95811
220.888
7.1155
6.86725
7.69096
198.494
315.153
113.494
84.1976
462.492
332.667
71.6106
208.35
7.01689
428.849
8.39297
136.554
7.39749
180.711
4.29617
7.16854
135.542
102.741
184.95
139.484
6.88684
322.776
7.17008
6.6586
7.50102
6.52048
419.041
78.6977
7.05417
269.433
190.005
9.33758
7.36808
24.083
46.8935
221.313
286.428
272.471
381.907
361.768
22.1629
7.03676
7.62924
10.2887
28.7566
116.457
306.046
46.1271
109.615
363.387
290.767
182.569
57.9342
8.76389
18.6373
371.032
23.3284
422.626
166.546
345.041
63.7553
120.536
82.043
268.307
41.2866
244.625
5.99555
270.578
506.748
7.75074
339.464
239.548
7.7094
7.62216
452.015
449.424
52.8902
271.83
399.897
113.445
406.648
361.083
47.7591
380.74
193.715
237.297
7.09707
179.484
7.8072
186.394
113.773
96.5235
7.2123
202.35
7.60596
7.21434
190.051
32.2957
108.344
146.765
6.72889
198.065
29.3664
106.808
160.853
527.018
-0.366448
379.154
518.687
231.542
439.246
32.2245
530.989
439.764
7.37448
7.01425
307.358
522.775
8.8477
269.365
284.11
137.56
90.2844
288.26
451.525
21.8025
419.863
109.8
474.145
284.287
373.446
6.19902
7.27615
7.5105
169.562
450.73
166.844
241.974
373.55
366.122
7.68044
392.088
7.11885
158.934
65.8451
200.792
463.31
6.97159
131.926
7.77851
135.885
234.252
512.277
8.95677
385.841
7.34452
379.623
11.9019
127.729
36.6381
463.301
143.071
323.98
56.9837
3.52689
6.88427
110.046
189.288
185.745
441.021
260.643
436.222
6.78407
205.022
189.723
281.449
252.211
499.698
46.5285
283.161
339.057
6.74434
213.072
359.903
7.30846
-15.4699
7.08219
309.497
271.866
29.5175
69.5804
535.216
72.9932
354.004
7.46173
83.0408
172.187
9.58093
8.1609
38.3256
350.143
123.115
355.335
7.09727
230.5
8.30414
102.482
246.136
226.826
431.971
241.403
137.617
73.3942
429.69
9.32615
7.48953
149.961
7.70796
7.08827
7.36674
8.03286
35.1481
384.132
442.516
292.129
253.318
8.17927
405.793
98.77
361.767
7.10584
227.882
270.527
197.586
7.85444
135.139
256.639
169.157
234.696
7.30743
7.34465
275.168
332.07
7.07737
15.1734
7.02188
236.134
11.9511
47.9434
233.707
7.73372
129.081
7.37177
6.96823
296.686
415.346
246.101
31.3955
3.66951
6.7758
6.48971
27.3167
7.4982
207.469
263.274
11.5583
76.9614
485.675
7.14388
486.851
342.057
35.4935
278.415
7.19729
338.046
349.881
300.068
77.8431
200.988
272.331
6.72315
468.187
54.429
7.14432
380.401
7.45574
6.86077
7.03576
6.42732
7.1903
6.8719
295.13
6.79555
148.661
7.13588
8.01163
276.69
196.518
29.0372
100.668
344.411
258.196
245.386
144.948
242.342
146.102
130.303
7.49896
503.299
25.7748
232.737
282.972
27.3179
301.612
32.3194
315.676
291.018
7.49187
174.545
183.17
190.308
224.568
387.805
11.9097
54.1475
215.454
110.682
494.336
349.759
7.90675
6.64538
110.524
6.42424
256.488
246.669
7.45575
290.471
524.939
161.801
8.21323
224.809
7.32027
405.073
7.21741
29.2309
7.33889
122.851
320.591
7.33951
301.048
412.238
36.3221
454.537
112.271
183.932
5.71577
55.5135
390.87
7.73275
8.05926
7.70841
287.475
132.463
487.947
482.408
245.404
1.72407
158.165
445.597
208.001
386.362
118.353
6.49534
330.501
134.534
50.5196
573.432
143.444
314.256
91.5122
293.97
46.2483
33.3814
272.155
347.8
280.169
295.719
317.094
201.792
193.551
7.32535
121.879
7.7345
151.524
8.00262
257.464
14.0021
7.28965
315.589
270.127
135.953
30.4451
195.088
6.92695
89.4447
7.17866
436.029
247.029
7.59405
7.8201
7.65403
158.89
501.563
78.2899
389.497
442.983
103.064
6.75441
6.96876
35.7775
7.12686
413.154
14.8176
6.00281
140.488
66.1134
514.616
221.843
162.741
7.37549
6.91706
97.4624
352.547
7.67549
488.588
374.233
6.79658
493.068
137.9
28.785
22.411
201.468
449.007
72.4449
379.786
565.62
108.095
7.7387
57.5289
7.53196
160.011
84.3788
453.912
7.24678
263.537
67.5813
108.965
30.3158
236.509
13.8658
6.65159
7.55932
7.29302
7.14199
199.678
7.52945
127.065
231.813
353.49
7.60307
447.267
473.362
9.19392
447.913
33.3905
97.1868
367.64
366.278
174.755
128.682
8.32646
31.693
108.9
196.412
5.15206
183.647
8.42407
6.19475
6.77771
70.792
77.2539
9.38072
6.60589
4.29065
7.41785
187.267
311.321
33.4108
10.46
134.633
7.01276
350.113
7.10304
206.074
21.3905
234.246
422.387
361.549
7.34998
7.28737
177.043
226.049
7.53341
79.3402
241.643
7.38819
208.159
10.6311
306.323
7.03688
391.289
120.537
346.305
483.872
7.41143
7.85558
6.91809
151.866
338.591
6.73281
53.9341
61.1617
498.09
189.355
297.476
6.72009
54.1121
177.323
500.372
79.3737
6.93836
78.2914
9.39959
233.5
502.736
227.387
354.566
8.50944
33.0375
180.242
7.41575
364.477
340.805
246.126
190.569
117.24
239.884
169.987
106.59
420.524
23.2207
143.678
104.605
88.8811
306.296
466.697
8.73481
8.03267
7.44848
229.395
53.3918
209.034
218.938
5.67538
133.454
148.151
381.041
92.0663
237.928
331.55
106.426
315.232
3.64325
6.60331
6.53079
42.4388
162.457
36.1304
210.658
363.91
348.031
407.702
286.9
7.58931
331.752
494.381
240.319
8.17465
214.278
6.97152
404.676
94.4033
125.954
166.105
68.8067
336.243
417.766
148.474
6.97875
393.438
290.225
96.6095
11.7329
7.04827
213.903
49.667
133.657
269.417
1.80406
8.30514
181.876
119.337
40.5533
98.9545
6.17011
7.11547
115.028
33.6036
199.157
18.9969
345.999
44.7292
8.31414
7.24611
198.619
6.81715
72.6275
53.2595
445.733
7.45522
209.91
386.777
258.626
6.65359
507.4
430.783
225.385
6.71317
132.965
7.14597
338.263
174.272
268.791
254.153
6.11043
7.28611
271.254
247.433
7.26563
189.22
279.851
9.8605
371.374
201.986
7.58493
5.80339
117.759
392.769
419.763
7.37906
457.843
7.74618
141.285
231.148
246.431
310.377
7.05337
527.911
201.707
213.666
155.756
105.378
35.9334
76.0181
114.34
7.10056
56.2944
143.04
182.173
2.9425
6.75389
258.649
6.47969
194.363
104.428
70.2982
146.204
169.818
296.438
252.835
13.1947
133.959
35.1212
9.09206
7.38563
182.249
309.928
235.961
7.57319
6.74846
198.425
581.146
48.1793
256.14
147.44
227.743
16.1072
8.42305
201.246
410.86
267.143
6.75784
482.5
479.303
242.104
7.15612
7.31217
83.1033
254.444
342.264
210.432
179.25
75.8548
51.7074
6.54
7.43436
8.90777
44.8111
190.622
59.3049
12.0517
471.211
84.0569
47.962
214.39
158.833
13.0371
7.39495
152.601
306.528
136.734
148.961
184.506
7.01273
6.63469
205.299
124.106
12.1407
346.266
357.031
231.304
138.703
7.21251
7.17916
190.107
404.28
259.104
7.1882
7.38614
351.725
5.94877
94.3765
314.116
451.197
7.11118
7.93159
558.886
251.482
54.0173
112.239
164.038
414.848
232.349
268.099
242.409
111.155
581.178
7.16721
7.86871
6.96557
112.49
7.08713
142.315
146.314
396.413
236.937
57.5019
7.37654
6.77685
354.299
269.923
50.2521
7.7959
259.112
27.7855
366.003
154.523
221.791
199.105
145.008
7.14866
38.0533
446.467
587.307
211.62
8.38748
7.23708
8.16637
63.1711
187.639
302.527
51.2617
51.75
112.971
478.231
25.6878
288.957
353.462
149.517
375.257
6.06593
344.781
7.01887
172.318
294.226
40.8368
6.69695
104.877
291.73
7.34918
346.929
163.087
548.299
133.112
8.32186
6.86736
95.3123
143.727
267.17
233.767
514.651
401.243
357.441
470.795
381.933
325.871
332.679
7.288
45.4623
8.29985
17.7785
477.036
84.8578
243.649
302.433
8.60891
16.3739
382.261
102.245
104.197
291.525
7.78693
6.91826
385.37
535.993
254.364
474.566
254.097
569.116
7.65005
508.498
178.544
382.558
222.384
7.25473
95.8993
245.413
7.29624
98.3827
304.094
74.2376
268.794
88.5193
400.777
142.762
152.444
262.83
8.15129
112.383
270.443
13.2686
356.921
245.503
270.628
253.181
76.8807
116.86
44.3431
7.24813
6.01623
369.791
473.687
160.158
203.029
14.1314
64.5361
60.6492
323.263
8.82336
183.785
68.304
2.74578
182.131
203.521
7.13074
325.935
330.823
7.52109
9.03468
74.0118
379.068
477.613
493.869
7.88174
6.53648
8.01893
184.069
449.931
3.91969
418.052
212.756
2.50219
303.184
432.728
342.335
87.3274
125.405
318.183
7.46547
54.136
178.755
140.675
306.331
301.36
62.9789
413.334
400.392
11.1757
258.349
40.0842
5.15094
5.78065
315.02
58.4743
260.14
261.017
28.6897
26.4601
7.15184
130.365
279.352
72.6855
128.196
439.64
128.845
181.884
68.3376
422.436
7.60059
254.373
361.474
350.654
275.802
313.511
34.9063
181.871
248.232
5.61625
8.40632
247.186
60.5136
325.74
7.07265
175.706
-32.8527
153.135
211.976
429.388
285.259
146.586
84.2399
417.403
7.26868
221.859
198.576
186.055
54.2658
425.141
348.564
318.591
486.925
553.959
6.84262
305.472
171.357
114.554
121.119
283.129
265.54
112.594
109.194
175.547
426.716
127.309
7.45556
150.217
104.723
5.9461
507.874
15.9038
498.176
35.347
5.70709
390.536
462.874
304.821
16.0457
-5.13333
44.006
249.86
575.857
261.838
355.77
119.275
465.905
169.209
67.6208
166.708
288.672
398.774
256.699
253.483
76.6621
7.55847
426.868
259.548
-8.64082
307.604
215.344
186.016
178.538
6.9647
7.19617
34.2668
6.9443
26.2581
6.63494
196.476
308.348
338.492
83.9785
6.21845
504.764
328.711
135.699
6.6181
344.597
436.948
192.985
7.25402
163.056
7.08553
351.37
205.514
282.281
361.852
335.781
445.006
275.161
127.491
9.89679
261.193
253.033
442.415
6.1346
250.975
361.906
309.772
6.93774
23.6026
357.819
230.134
238.337
102.306
223.635
75.821
159.451
130.662
373.882
420.604
501.95
7.47303
11.2083
49.6902
335.552
7.04058
161.285
363.844
7.34856
331.371
97.8972
368.209
7.50029
327.161
345.009
163.773
361.617
161.016
268.533
13.0833
82.1925
65.1179
231.752
7.31381
7.2574
7.20689
134.608
125.236
322.1
244.081
27.0115
303.096
266.822
7.06492
289.055
176.819
6.39912
187.811
434.64
200.882
3.78263
278.967
7.62988
220.091
347.649
137.673
192.858
6.46337
67.1973
339.109
241.027
7.60512
462.061
208.63
123.174
166.694
190.416
179.743
492.597
275.415
18.9653
121.911
233.738
81.1967
174.075
65.5886
18.4798
383.154
8.76713
32.4229
213.787
403.796
175.751
69.8099
426.301
404.312
7.50585
7.08926
306.724
7.51203
146.62
432.416
447.076
378.952
83.9964
362.114
318.583
483.175
7.38392
7.14301
7.74499
205.216
523.812
7.13423
440.325
342.324
7.00581
14.1905
18.3268
8.98402
7.31
429.065
275.21
394.105
36.6227
71.453
341.068
127.362
378.576
7.36929
5.33021
282.803
6.7857
214.944
405.078
6.75383
275.483
272.73
7.01699
462.08
7.77035
313.474
19.6197
12.2517
8.08472
291.421
440.78
533.666
465.714
263.56
7.10324
25.1109
479.842
85.7716
399.502
117.225
380.91
303.691
361.685
7.28053
449.185
466.521
223.709
121.653
6.9853
7.97241
442.91
32.0359
31.7198
539.021
270.053
274.483
233.166
203.357
117.144
21.786
389.018
550.402
102.668
383.162
146.024
6.86944
51.0474
7.34024
482.347
31.2366
424.083
7.26062
44.9565
286.852
189.849
150.684
7.42022
337.209
398.497
128.727
223.886
7.37969
371.135
7.99017
270.518
7.27475
284.446
6.59513
315.627
7.06882
7.70587
43.6088
7.10262
182.733
7.09457
229.531
227.024
208.645
229.124
8.56597
104.366
363.457
51.8313
452.319
8.05904
394.427
6.80829
479.18
278.095
282.373
7.28442
11.4807
451.331
411.646
7.49512
114.144
272.629
241.592
529.22
181.855
208.509
65.3976
223.995
7.32744
76.8191
280.367
7.613
336.566
7.62513
419.358
205.967
215.209
175.498
445.818
309.96
386.278
7.06357
308.666
242.337
172.444
144.607
579.594
261.755
533.664
6.74809
566.052
6.99021
118.663
7.44458
441.36
226.565
234.095
253.902
190.594
7.99623
183.646
444.041
7.37912
298.596
138.069
398.524
13.4571
139.157
233.648
249.542
87.5369
333.473
560.788
260.227
323.211
220.4
80.1913
342.774
6.56191
401.403
6.57122
5.18941
297.946
275.154
6.99477
7.57922
82.8178
349.032
271.087
350.628
16.6717
165.333
230.363
305.509
40.2742
7.00232
6.75145
7.96476
82.5802
89.7522
380.732
465.417
543.152
7.85871
143.319
312.527
407.874
153.529
152.394
187.447
5.70686
7.06527
127.612
153.683
383.349
133.052
441.318
475.164
140.893
253.32
7.49948
435.932
7.63196
451.481
6.06528
70.4948
290.063
15.0669
8.02987
131.224
7.50998
9.97903
132.06
7.85245
496.674
286.856
5.26501
184.815
368.375
7.79665
313.139
7.1319
194.459
110.006
527.159
129.292
6.9514
296.88
108.733
496.72
2.93649
100.977
29.7841
8.18407
401.076
117.045
119.65
548.566
7.62425
95.6433
6.2693
7.27096
7.09773
395.338
562.886
155.302
6.96334
46.1085
373.11
114.213
65.9567
7.4596
273.114
6.63541
6.39091
349.317
5.88477
67.5147
105.344
375.561
457.04
76.2925
459.969
70.6211
7.38048
128.646
7.1731
415.75
6.9995
7.27751
162.997
7.05114
69.7617
78.7912
55.5946
175.927
158.874
196.755
179.894
7.31609
8.5823
37.6465
138.672
127.908
288.182
339.295
122.593
265.266
456.854
45.8117
6.72388
7.29317
434.346
370.656
389.355
7.59062
293.692
477.38
235.71
82.1794
6.93825
98.347
42.6577
160.269
416.959
78.6349
20.3656
6.97399
6.65936
254.211
130.499
7.82078
7.29197
7.58031
164.478
429.406
8.18315
131.561
46.2438
16.3807
270.378
285.285
385.888
320.267
7.69013
409.611
328.552
375.638
463.254
6.40154
8.36709
3.50971
61.5871
474.078
274.005
386.687
364.886
324.389
138.99
6.02582
176.684
152.055
67.5561
185.767
174.25
236.439
229.896
189.142
46.2391
7.64615
41.384
208.637
113.048
14.6436
287.694
57.2517
364.109
8.88557
7.2245
8.17166
421.142
11.3919
272.168
336.019
7.26477
85.728
7.03277
76.3552
312.822
6.35042
156.047
293.601
163.354
76.5283
7.55021
318.985
319.565
6.65436
268.195
8.18237
135.219
192.809
18.6171
474.688
245.679
290.067
70.121
496.262
486.35
130.141
378.791
7.64739
119.334
273.048
443.853
7.12317
309.269
6.68824
7.16138
24.7467
7.17793
339.691
7.7588
6.83501
222.811
232.277
441.413
451.195
101.525
248.16
7.19954
27.1814
248.203
31.1675
38.4027
466.05
201.788
75.2991
7.39273
380.75
366.307
6.00825
65.6789
4.0912
243.603
282.892
7.4251
244.939
8.33578
146.52
338.152
135.21
128.319
7.15846
435.202
216.188
82.8377
182.282
37.9376
129.427
234.648
417.303
402.089
327.685
8.25362
345.276
6.79731
262.923
399.191
265.335
139.172
76.5758
325.796
6.84223
80.1039
114.645
7.56457
136.137
34.014
46.9259
225.649
145.928
8.80033
7.8809
386.83
162.798
136.678
332.643
200.875
277.079
9.69683
477.934
306.504
352.073
386.651
141.985
15.872
7.07608
7.16906
23.2133
114.352
207.189
243.647
237.771
34.3336
134.146
187.981
241.071
78.2247
6.69248
144.018
6.98928
7.1068
300.024
7.15075
6.33606
6.98812
320.108
99.7604
165.606
14.82
8.81343
537.043
201.15
216.775
52.5664
181.93
7.39132
162.913
311.059
367.521
517.806
304.719
132.259
106.028
218.352
438.065
446.201
483.357
7.27767
247.74
56.6543
229.83
381.883
7.08996
7.23628
231.152
423.641
384.077
6.52188
282.51
4.99736
64.1725
80.8296
345.486
8.31527
75.7141
166.164
53.8
468.817
13.3931
7.26087
17.2263
3.4881
7.18665
7.33048
28.4095
4.77151
314.836
7.00552
137.62
5.15028
6.93829
125.701
7.43274
83.2302
184.754
7.6012
34.1966
336.308
490.552
6.59639
30.5103
7.55294
7.27492
478.347
273.699
130.584
67.9757
414.37
75.3139
337.982
285.119
7.19813
-0.441473
322.749
103.231
7.12821
386.088
397.235
216.369
223.448
129.854
7.49269
8.58882
369.331
169.189
32.1917
340.456
186.385
174.755
72.4921
6.37195
121.396
247.967
550.266
320.63
161.179
324.249
94.8992
249.801
1.34708
140.716
162.084
308.705
455.008
15.2003
6.95256
6.64537
7.0872
208.519
44.9076
323.167
443.494
309.103
317.135
284.302
363.671
416.718
248.344
135.023
202.69
207.361
400.724
206.392
180.245
7.21275
79.2557
277.965
279.429
6.98698
5.41274
281.277
7.08561
49.5589
5.79155
8.1594
247.062
7.58406
300.41
466.04
6.4016
11.0585
160.349
8.15121
338.51
7.80483
34.3394
456.418
425.945
447.717
9.83615
8.53631
504.705
6.67213
563.984
87.7008
91.8035
158.205
396.925
200.022
7.22466
258.271
7.16185
401.566
439.607
6.04901
8.42713
6.97426
154.445
7.09314
4.80084
7.10996
202.113
466.657
410.521
7.03698
49.5239
220.998
425.261
5.77135
433.538
7.37783
354.321
278.018
6.93045
537.936
76.1315
270.9
7.18165
89.2625
7.35416
6.47802
377.609
70.0987
7.03038
451.734
302.335
147.949
232.738
7.58583
280.473
524.481
150.58
141.861
100.264
210.758
206.34
7.41727
410.933
6.80479
126.473
10.1369
224.758
7.39727
7.00757
7.00284
171.029
7.14571
124.065
330.168
7.98408
302.169
60.0096
352.599
172.812
6.86015
454.679
9.03587
547.472
231.828
271.81
408.815
550.962
399.079
209.301
394.485
7.19894
6.73534
475.679
7.35277
501.206
207.726
8.92854
6.31194
404.912
5.25499
6.96888
302.861
360.826
52.6844
6.99309
403.708
327.192
248.549
8.01236
7.33787
207.446
6.95824
438.584
75.87
332.394
102.905
66.8517
6.826
43.3897
58.9536
313.662
6.85939
7.00915
166.025
391.954
377.453
7.4349
272.955
6.94337
85.3869
7.40432
105.19
7.12782
48.4701
219.185
214.137
425.353
111.416
7.14823
6.89945
291.613
7.4149
309.736
6.49813
264.595
7.53419
58.4382
470.992
45.6099
178.605
7.29371
7.65083
129.755
347.524
9.47314
6.39187
7.35825
485.381
150.998
110.362
310.022
137.418
41.4427
484.942
71.4477
467.115
115.154
390.341
7.53954
487.296
247.635
403.45
213.047
175.616
6.95876
369.091
6.68097
55.3294
22.3024
168.163
335.289
97.5813
283.442
6.77054
8.65716
64.1721
7.22827
7.43809
128.628
7.05794
57.698
26.3705
6.85328
259.911
263.475
6.76522
6.79794
46.7052
6.92775
275.557
281.903
148.206
84.2664
435.744
7.04695
540.903
7.08314
453.662
6.27597
211.1
351.589
183.863
7.59997
195.926
227.355
200.722
336.808
355.379
7.85254
7.01704
105.445
96.473
127.302
563.053
342.844
159.097
7.53711
497.961
199.864
450.577
21.5095
53.7039
217.386
6.18381
235.64
125.336
511.84
247.515
231.843
97.0524
103.948
167.923
4.41821
124.199
128.215
57.2588
481.473
69.0007
6.90514
432.896
94.587
7.33582
311.895
7.45869
40.4672
6.50238
106.779
6.60822
186.169
189.476
95.5441
7.36808
318.701
307.936
179.8
263.047
142.841
198.076
378.437
340.442
7.44263
433.309
193.375
342.147
281.121
344.265
459.332
207.201
7.3144
7.2236
485.04
553.069
7.44351
270.449
75.0062
261.237
205.093
72.5214
436.603
93.7821
45.983
317.21
516.732
-23.2529
94.3618
12.7555
4.93814
213.421
394.342
206.56
67.6543
35.2657
7.04199
9.21774
231.836
7.29045
281.672
415.658
7.30174
6.97137
317.615
403.48
14.6167
6.2972
57.9872
7.00184
28.6281
8.2877
154.856
101.223
525.186
306.363
264.881
227.522
139.025
255.05
31.1062
311.121
518.283
371.566
7.42628
234.009
7.91769
423.176
552.092
7.30144
317.057
238.742
7.65853
79.4021
191.598
214.296
330.947
6.10346
103.599
6.14547
179.411
210.651
73.5772
368.132
140.541
255.292
305.819
370.755
6.98139
384.393
345.183
315.817
394.807
8.38334
5.26704
7.67784
6.58217
7.88812
213.026
7.01154
130.85
14.488
166.178
221.074
7.05595
68.128
7.6807
272.181
12.2042
440.062
6.64385
178.881
7.08003
216.261
6.77805
368.046
516.046
293.942
75.2205
12.5577
6.72407
7.38911
7.14712
251.655
333.918
470.069
7.17733
7.34375
193.284
238.015
111.479
7.0669
95.57
7.09669
180.649
388.54
222.974
6.75471
112.603
201.026
27.3879
52.5269
15.2131
34.1853
20.507
9.09582
374.881
221.319
78.1885
8.82884
180.099
305.096
14.7424
95.0351
242.551
427.985
218.342
52.5882
266.03
303.716
529.52
81.1297
230.838
6.83896
126.405
194.528
202.511
9.13733
7.41331
374.754
6.91402
414.059
9.29666
8.01189
49.4144
7.03431
530.964
6.92147
194.329
8.58477
88.2145
5.95622
141.978
349.124
5.81626
286.886
427.991
3.50789
250.026
131.731
93.2909
6.27228
7.88502
150.644
361.912
204.667
362.395
321.57
12.701
410.941
290.119
66.0279
10.0816
357.114
411.537
52.5897
7.12303
463.362
7.38406
17.5669
198.022
269.183
7.14057
88.786
8.18791
251.543
72.4386
356.578
325.34
225.344
7.00238
181.23
454.56
89.1478
221.191
349.603
412.246
119.358
335.578
136.026
8.99316
482.251
7.57793
254.429
334.337
10.9664
278.581
217.025
25.5488
14.799
7.42055
213.661
314.907
227.441
8.17837
129.521
67.7307
351.45
405.531
244.39
535.752
183.168
223.295
6.8905
15.4975
50.6693
64.3706
183.355
368.734
7.32296
174.917
35.4735
219.235
446.466
87.1568
235.336
135.871
267.734
528.701
170.133
290.252
6.14118
6.99928
143.893
114.572
290.118
7.92978
219.748
152.399
6.93105
182.739
9.11929
14.3669
7.2066
74.9168
476.204
7.38285
8.31136
450.76
390.302
267.428
443.116
289.038
281.525
43.5768
377.344
416.018
7.39277
442.226
7.10843
7.08712
6.78721
132.039
353.997
7.37551
150.182
7.43674
72.9681
6.81993
6.96049
242.05
286.305
0.828631
266.489
7.29955
524.203
396.054
8.06585
173.758
258.152
318.376
337.103
359.107
28.1372
327.107
403.739
6.89667
420.385
7.54972
7.36549
7.54746
420.103
157.993
25.4496
222.077
467.39
7.78889
38.8805
25.552
468.53
7.06032
168.716
506.178
281.129
10.9297
198.661
499.278
7.68459
341.577
504.735
8.43362
467.485
140.621
41.7212
262.508
55.6698
273.655
7.19173
6.77262
21.5785
134.952
463.8
409.857
540.067
87.912
271.62
77.2096
54.1309
5.79699
484.353
10.4472
243.364
7.2868
214.493
7.64211
87.4425
7.03692
344.133
264.036
159.767
428.667
25.525
350.783
330.744
312.128
7.08292
313.976
172.05
431.973
402.785
17.3445
211.628
277.15
38.5172
487.308
28.4278
7.29126
10.3224
446.733
19.5765
97.3759
421.027
470.788
487.08
191.417
247.292
471.06
334.292
371.737
306.135
6.91192
15.5806
166.605
95.9483
242.265
234.21
181.62
128.048
239.399
16.978
6.81429
239.782
376.485
377.94
18.4553
341.668
244.714
7.0571
274.073
32.0588
356.449
99.864
7.19069
161.425
70.5331
9.16676
377.365
219.357
246.225
238.559
7.40991
178.343
7.25425
234.348
6.67087
237.605
62.1592
8.80466
6.98973
7.8064
80.3281
120.881
399.286
155.945
147.478
7.22087
7.5709
6.73652
443.071
424.131
527.495
88.0531
165.104
16.2837
9.56176
7.00459
6.6472
7.47489
7.65209
8.24702
6.56835
8.71811
178.193
6.55689
7.12571
6.31864
7.02789
7.56954
106.043
7.93121
6.69737
6.45745
347.938
410.943
491.773
179.643
381.359
279.038
261.638
218.982
382.99
167.636
163.531
547.008
437.577
535.375
38.1717
247.78
30.7053
6.77841
232.261
316.721
207.676
6.64995
313.582
322.373
339.608
7.48987
57.3921
240.887
334.415
8.0086
334.386
262.759
63.7569
441.08
8.84516
184.558
7.30207
7.60785
45.2996
7.29189
194.738
165.07
307.198
220.295
160.952
29.8538
5.97595
442.773
-35.486
66.3488
182.085
456.097
475.813
203.741
171.654
132.914
455.13
7.47395
328.24
527.854
7.23531
243.514
59.104
6.95784
253.986
129.825
91.2552
106.395
294.843
7.27923
210.939
6.91919
179.695
525.65
349.411
68.4759
382.962
237.104
6.59468
182.204
13.4644
286.578
524.46
395.383
18.3849
518.836
7.99554
7.75376
342.92
7.58797
167.181
256.302
355.066
76.7849
389.954
72.2305
6.95185
364.232
7.07862
209.55
435.686
8.02831
147.679
128.148
28.9912
382.165
7.15937
488.741
7.04141
50.6871
6.97282
333.832
290.207
289.83
178.209
7.18029
6.66073
6.88808
7.39702
7.90842
446.054
7.36018
398.03
250.063
416.808
438.018
34.3761
7.1955
398.366
6.5057
7.21427
147.871
491.414
7.1763
7.67792
223.197
434.49
113.861
6.62852
278.933
8.28165
188.234
544.004
3.43605
122.344
52.6874
54.006
6.67246
119.224
7.53603
23.0129
19.1338
7.71614
206.383
344.53
472.236
291.939
411.386
5.12802
107.666
339.064
292.803
505.376
8.70072
363.58
63.6586
301.84
161.836
280.793
366.192
87.9719
203.163
289.107
7.5636
319.969
262.33
331.297
346.082
7.21442
7.074
222.973
218.736
7.11181
10.155
512.839
23.2249
7.17079
7.69018
5.02834
187.159
7.57789
11.4442
7.15566
469.173
88.0711
369.93
198.186
516.631
50.8961
7.2116
72.5282
229.841
3.33705
6.3789
326.687
268.69
5.59493
6.42832
325.727
327.105
496.715
291.037
204.953
8.24386
456.842
275.135
322.501
118.901
3.44694
259.344
7.84504
249.661
330.09
346.991
112.903
64.5526
314.305
270.551
89.5336
7.78829
375.526
131.258
271.842
8.50958
307.13
7.74212
410.317
5.39415
7.8513
6.78694
494.942
370.662
4.82292
294.116
216.699
8.40601
7.53454
200.109
28.3709
15.8124
80.5432
221.414
5.37278
479.115
6.93438
8.35978
117.892
424.322
7.57321
269.684
206.105
5.51746
434.233
248.081
155.78
9.01455
417.84
140.265
428.147
248.599
34.1442
282.039
387.503
356.906
210.833
39.1272
154.83
463.949
7.31484
452.978
7.17929
7.02315
7.58661
72.8064
258.301
7.31649
227.887
528.11
229.425
240.018
496.335
85.2426
100.084
191.513
400.579
15.4497
6.76198
211.774
56.0954
55.6711
6.76981
226.335
408.733
4.98263
487.58
8.13354
87.5947
107.883
7.22781
245.581
290.958
7.22929
94.5677
404.227
7.38281
314.055
7.53426
191.887
267.777
391.948
111.542
6.69712
345.198
4.89825
308.036
5.87237
455.986
5.75261
221.497
50.6969
141.164
7.5475
8.14217
148.156
471.726
6.74778
222.418
170.427
7.06711
7.22812
10.8904
176.683
191.587
7.00468
7.19146
101.797
326.368
7.81715
39.5211
25.2397
231.331
7.04258
265.118
7.24139
347.642
30.4344
7.84953
246.23
180.297
47.9819
111.933
286.641
7.6067
468.415
33.3238
110.568
356.916
288.866
6.56552
7.31755
7.2899
1.55798
199.243
10.1048
75.3886
7.53337
305.087
6.883
7.19533
7.10939
78.4843
46.8833
5.77182
7.37441
101.319
36.7647
387.62
175.661
250.843
162.983
422.653
258.013
7.93265
118.21
7.95696
431.405
84.4481
82.2612
7.35496
7.26749
179.798
136.584
156.536
6.97222
37.1611
40.403
434.751
7.03267
32.4175
7.24531
7.12847
372.782
7.52624
423.601
48.7093
303.517
6.02645
7.69508
190.878
334.28
271.577
226.315
6.70679
147.371
226.109
288.873
7.48809
403.815
429.884
8.18796
10.284
377.483
170.204
7.05555
7.36057
197.333
229.469
403.36
329.063
40.4713
325.117
233.224
543.562
285.948
8.04687
8.02813
221.708
36.8984
28.9286
20.2265
423.639
268.65
6.04138
345.517
82.6145
299.655
498.611
7.66492
13.5005
7.87003
323.527
375.579
275.852
72.6967
516.478
373.106
168.154
7.51878
465.513
130.375
184.871
392.597
42.4074
89.7464
166.913
22.1342
8.66222
16.1509
158.065
7.51306
7.28991
6.99653
346.882
425.028
213.149
202.717
19.2514
230.859
329.664
39.0811
122.195
7.22945
340.727
311.115
7.19813
6.95609
6.10721
116.337
430.998
399.659
19.7005
456.778
69.4124
113.824
20.8041
355.88
112.84
7.07022
14.3966
462.734
507.205
131.387
7.18539
332.097
374.412
390.485
9.71418
415.032
7.28671
45.0058
329.17
303.867
500.482
6.76798
6.88515
496.121
256.668
50.9711
225.647
5.59041
336.485
7.31117
10.9269
224.476
178.599
251.204
113.298
7.18022
97.8889
476.29
288.821
353.054
7.29005
13.0657
7.02107
509.747
344.239
7.24315
41.1719
507.872
287.635
497.312
56.3768
6.90769
6.57218
245.602
478.894
87.0095
-0.963349
8.11431
381.459
419.104
589.417
10.4431
7.43976
458.311
131.759
320.227
170.284
8.13661
196.529
357.001
180.785
208.773
227.84
70.8305
7.58651
211.781
341.558
521.495
66.051
4.02616
491.886
2.2225
334.709
6.19929
417.214
384.507
12.4255
7.04554
155.457
440.992
200.908
6.87454
308.823
275.303
301.373
6.8377
190.938
188.987
270.006
232.275
7.05363
157.107
418.117
500.85
188.214
161.128
465.765
330.304
277.449
166.375
224.268
125.596
46.9821
7.13436
121.939
350.585
27.0269
433.094
304.663
8.04926
6.68429
467.959
406.707
495.86
352.186
237.202
249.66
80.279
483.292
201.628
192.989
7.81959
5.05918
223.871
78.4063
289.765
401.097
7.29667
186.29
5.40806
7.83629
6.73199
204.987
8.21875
158.768
7.89677
123.94
6.85215
314.751
511.24
379.481
110.702
205.663
210.389
123.76
94.0854
5.51449
7.22197
-17.5504
8.3712
50.1395
129.999
161.713
4.47291
344.856
168.42
7.26219
6.19728
202.193
9.73174
169.45
438.131
5.12978
236.269
7.02419
293.807
322.352
45.8083
337.127
356.272
6.63998
458.182
439.032
6.72265
8.35922
6.62241
6.2542
339.638
170.285
274.929
177.565
183.734
123.501
30.87
323.324
6.82958
234.797
211.469
155.334
454.248
498.633
69.3289
273.518
329.001
107.559
414.768
387.21
8.04234
378.033
375.967
184.6
449.116
386.208
254.735
241.806
213.479
288.174
63.2495
6.77384
315.24
326.511
9.00663
253.243
318.442
293.309
127.455
228.424
205.593
167.692
7.16079
551.474
6.76519
31.6331
11.1022
122.307
163.323
7.34486
406.008
178.21
7.27946
49.9544
7.25101
395.306
139.473
361.678
89.3632
180.367
5.24032
25.2903
7.2128
6.32007
28.12
169.949
1.95104
206.421
92.9497
66.5782
48.5495
337.832
77.0258
287.992
14.0255
395.724
200.289
182.763
4.95421
4.70215
233.947
115.619
84.0948
467.588
132.267
7.04322
187.15
455.498
6.73434
5.36771
294.163
110.172
400.667
142.83
85.0229
290.532
49.8004
71.6617
150.879
29.1999
297.419
10.0818
347.75
6.84546
5.12615
227.441
7.14893
124.07
6.74764
198.999
6.86298
177.389
7.03783
54.5695
7.88513
7.24009
115.569
76.2014
265.708
472.441
6.88645
205.664
277.093
34.9852
19.4825
174.616
441.109
331.263
440.617
446.346
7.20466
447.563
154.994
217.117
463.765
7.07273
525.481
7.20317
152.278
16.5264
195.552
305.128
352.507
406.517
8.17536
330.408
457.547
6.90861
6.78442
356.432
93.0122
499.116
312.64
231.75
34.8322
5.55728
225.565
241.539
6.29865
178.51
422.447
7.36574
287.573
251.198
7.99207
354.296
444.388
335.791
6.09167
103.229
317.029
6.3832
275.519
46.6807
6.47868
420.913
107.778
7.07246
8.41121
461.87
149.781
36.3004
226.281
534.332
255.436
290.402
549.083
6.05391
100.819
6.77019
62.9323
331.918
8.25747
437.041
412.061
331.955
434.507
127.436
83.5487
448.5
575.686
6.40833
7.22825
8.67683
15.085
210.742
5.6763
449.633
35.8532
7.79504
6.63234
7.46173
550.153
345.821
20.5968
85.8002
335.089
32.55
6.95416
7.48527
18.2297
15.9755
289.38
190.656
145.919
163.853
196.343
256.829
192.085
40.2214
289.289
457.956
6.88152
377.131
321.326
133.115
269.079
309.914
14.4368
10.9284
329.471
256.651
339.51
115.392
537.293
291.708
118.57
102.448
67.7505
287.166
332.96
7.27393
76.7234
250.931
15.5373
7.45489
7.39826
355.712
39.2551
485.859
305.287
353.151
260.167
7.41167
288.54
6.99301
53.1998
242.874
8.02096
377.205
152.844
507.004
78.799
187.504
451.182
71.8193
337.763
362.939
6.60103
158.819
6.83518
361.071
122.458
366.183
155.363
402.002
7.04096
488.292
139.716
452.896
452.843
166.306
391.788
313.033
364.715
6.02085
160.567
199.494
534.92
372.723
6.98066
374.652
202.525
402.757
7.64537
68.4872
261.833
248.562
348.356
318.702
223.39
173.703
117.914
327.064
7.0065
277.618
3.46796
220.851
7.87373
23.9535
69.5058
301.522
463.017
17.6226
7.21253
6.52036
283.77
475.609
180.768
55.6298
332.973
308.55
357.516
255.317
6.56954
6.9836
8.10687
341.638
7.85394
142.499
354.294
207.411
8.44572
396.035
426.239
168.652
151.806
7.33484
380.599
575.789
241.652
241.927
265.819
77.2601
246.492
7.30803
476.008
6.77918
3.42582
427.733
7.21664
549.298
21.982
17.7679
8.2179
259.952
13.8337
226.241
157.52
110.749
7.36555
36.1735
170.25
544.277
559.172
6.90368
221.288
406.356
171.247
349.887
565.05
6.9465
365.07
195.87
287.118
6.21787
227.934
525.82
281.623
254.999
392.515
48.6464
7.65519
299.991
8.01501
209.16
157.352
112.58
303.497
235.83
216.505
323.988
130.24
7.42394
6.30495
7.57056
216.997
186.02
56.4177
43.6006
18.0286
200.718
7.77362
94.7719
268.44
16.1045
152.367
351.961
327.95
6.96412
229.796
435.416
131.979
539.578
7.01259
269.954
462.437
151.236
564.569
148.756
8.44181
273.56
11.0953
6.46131
7.46785
251.973
447.586
452.715
465.972
175.699
7.10105
224.306
162.604
7.09006
255.545
8.11723
107.874
125.712
10.0078
213.978
306.159
65.549
20.554
6.01937
470.299
373.024
8.54636
222.612
538.707
312.502
110.205
344.137
250.006
479.97
373.915
65.9662
173.655
206.169
74.7528
158.11
316.942
227.609
324.353
6.81677
367.588
522.496
43.7881
144.083
169.433
452.243
208.753
203.393
7.31635
162.149
232.609
520.808
46.6633
401.954
7.53912
276.746
8.33324
7.66345
127.678
8.18363
419.179
430.322
380.95
396.395
299.856
7.27972
391.473
586.505
342.318
6.94762
135.839
7.47847
161.411
6.87401
180.164
329.28
335.432
428.871
366.85
328.503
5.46381
243.042
6.07433
6.43909
360.042
438.526
175.49
7.43289
528.99
206.122
168.122
562.276
261.02
13.0927
76.6782
125.89
7.21647
414.71
326.302
496.647
6.63208
9.36306
317.113
206.324
7.57062
91.7992
275.867
-88.3065
7.09923
9.0947
273.004
176.406
232.706
23.1485
296.81
564.645
143.194
264.545
7.5891
7.33945
417.111
8.1475
6.10948
12.3149
137.151
174.043
111.64
17.4171
228.241
330.986
564.333
6.89863
229.755
8.73536
7.47528
89.3269
418.368
496.183
450.882
350.954
5.04473
396.404
9.52796
13.9877
7.6139
429.004
255.477
6.86191
382.036
32.9763
54.7174
7.33428
701.723
6.37933
7.04541
492.126
7.73453
7.0173
186.916
6.60573
7.1767
0.714882
510.812
454.219
181.927
6.79016
98.7742
47.3787
5.44262
247.45
166.209
211.534
423.428
273.656
345.214
261.259
98.7044
306.424
117.859
344.492
6.55012
15.8161
198.95
181.199
211.644
281.863
7.36414
483.725
41.1567
7.38118
251.051
7.32163
6.78389
7.1912
515.051
296.315
376.57
7.0634
7.52438
8.07238
74.6301
77.747
501.349
7.27553
176.661
450.758
7.46224
128.409
445.704
7.18755
289.308
101.37
231.202
7.42086
246.696
332.639
228.744
277.284
291.433
465.207
101.349
320.471
88.5614
7.48077
514.416
566.857
412.772
7.28183
16.9852
6.83175
238.971
7.59052
282.996
171.228
478.078
117.131
116.24
119.641
247.02
250.722
466.494
7.36594
9.1087
228.714
376.574
363.075
7.83374
41.5741
7.08229
501.337
77.2324
450.513
260.579
181.035
292.32
251.633
174.101
315.639
8.86933
7.55442
170.181
98.4848
359.637
6.51426
278.429
43.3373
171.404
144.898
367.79
89.2195
7.27383
-1.64487
10.5727
496.734
373.46
141.539
163.817
261.526
6.7773
8.67072
244.434
10.7051
237.669
131.942
8.06986
558.135
111.862
137.02
254.153
75.9907
280.446
448.135
224.843
167.011
119.011
406.084
264.13
152.008
6.97093
173.387
180.436
164.819
150.722
197.499
272.436
188.984
293.295
6.87809
516.304
251.643
496.213
6.97055
89.3431
6.78385
210.954
98.2154
10.5495
87.132
363.242
7.26416
212.041
274.149
50.3751
438.026
328.209
399.371
92.8953
163.364
147.326
7.21247
371.854
6.51769
469.395
6.80867
87.0636
87.7036
282.512
240.732
7.29176
7.37334
7.48999
7.16601
8.8372
561.971
345.182
207.864
7.10725
7.29014
17.2121
339.095
102.755
449.007
6.7375
5.84452
444.539
144.306
84.7889
144.462
83.9934
380.271
275.404
6.89524
309.327
276.238
114.207
62.5578
411.736
7.18201
8.13665
172.35
458.246
358.961
316.656
273.833
6.5764
535.632
285.104
8.32014
494.559
92.3736
192.897
136.163
269.485
6.02296
331.94
188.703
301.845
309.927
439.965
22.5586
349.422
8.53846
7.11914
70.7137
321.389
39.8492
7.29782
313.406
381.584
5.94656
73.5301
7.5401
288.337
6.49933
553.213
161.585
60.099
7.08036
271.061
7.87166
85.6061
260.374
389.787
8.15096
202.574
222.693
400.764
123.441
365.775
141.74
294.897
53.6358
494.971
5.56341
285.056
286.743
402.76
6.92706
6.96667
262.38
6.97053
429.951
215.446
216.022
151.649
285.581
244.537
164.626
7.88159
200.084
7.46592
292.596
6.93176
424.992
30.5556
5.9648
144.86
147.387
7.12357
7.38074
227.838
242.571
179.954
6.94221
263.365
8.59371
333.973
6.60838
110.319
196.649
11.6274
7.92642
322.714
514.488
7.39058
6.88271
344.861
140.526
136.269
6.95403
7.04134
142.508
156.298
75.0712
414.087
390.641
6.99897
321.846
401.617
445.794
134.21
269.52
416.947
130.142
307.998
7.39068
271.821
492.515
185.041
517.824
7.24133
86.6728
6.89867
7.39809
8.98161
104.395
141.218
6.0868
553.808
142.832
7.52115
7.8218
8.22496
7.51204
8.30703
7.39858
216.672
205.926
547.015
109.247
489.943
7.99788
330.163
306.797
276.102
7.0291
351.066
307.475
436.75
7.04393
211.338
476.593
501.689
364.16
216.592
273.908
22.2778
476.142
104.376
425.876
144.653
273.972
500.913
260.206
7.71643
6.48563
6.7625
200.468
7.17896
7.89865
7.75036
7.14572
527.115
424.063
4.7963
359.292
456.026
264.005
320.004
7.45176
72.3786
18.4927
434.251
225.443
7.16242
304.901
6.53427
5.95411
66.232
82.7775
238.029
294.029
59.0503
33.8282
6.97223
7.87919
417.846
556.125
7.67304
118.443
6.76292
376.909
7.35587
447.278
303.688
237.398
174.767
227.752
300.711
245.939
534.548
387.355
182.3
7.04159
9.41838
435.566
206.24
435.657
194.863
184.505
7.18582
2.79963
469.104
7.22772
16.5629
6.80775
237.204
210.145
64.2688
301.127
77.0426
5.95903
6.41493
174.618
473.848
311.087
53.4721
233.846
236.408
224.029
141.786
7.3744
6.16372
203.339
169.687
7.53538
329.84
6.35771
96.0804
71.8142
461.24
463.184
231.114
128.288
7.84276
369.415
7.25024
165.052
164.231
7.41049
150.803
356.409
158.629
167.629
352.551
65.6789
7.3228
511.387
27.6531
6.91542
141.154
123.181
424.861
108.287
374.34
392.191
246.396
346.109
61.1022
397.435
355.579
87.1713
392.194
184.443
196.964
6.67155
79.6277
9.68371
5.99152
217.439
7.46079
488.168
292.273
222.799
234.996
236.548
242.061
24.2598
6.94465
196.115
461.458
-0.0301103
191.852
420.585
223.295
148.999
88.4828
51.5772
442.493
352.988
392.17
93.2471
158.416
14.6104
101.294
108.99
7.42494
304.7
99.5639
404.357
379.243
15.0708
7.16533
126.55
247.034
351.772
500.139
435.911
7.42101
373.666
7.03137
476.549
225.767
446.839
250.424
440.68
6.99655
457.665
7.94033
5.96053
7.25559
5.28518
136.456
6.45792
294.311
238.162
353.194
500.368
170.881
357.386
284.292
336.432
206.962
16.5641
205.327
7.91361
389.971
7.74057
124.22
262.589
249.917
6.39815
15.6485
125.091
267.085
377.774
6.68256
375.565
82.5877
271.733
98.1366
8.02803
93.5659
232.673
263.263
258.651
474.001
7.03712
89.9706
248.915
5.32187
390.961
66.1705
29.4761
140.97
82.7545
180.673
8.18813
65.9345
259.633
356.607
7.2821
269.293
156.101
27.3413
96.2729
214.383
99.7271
354.556
345.102
159.653
430.526
220.98
113.815
7.40501
411.869
94.7207
192.328
93.7852
7.12428
287.74
6.4242
69.3063
360.795
268.677
236.561
146.608
268.213
267.149
446.383
7.59048
311.221
140.395
113.507
6.84215
316.854
139.345
253.166
6.6151
494.123
23.7334
24.7956
244.74
533.244
72.585
278.12
326.696
74.3617
6.9507
406.707
371.812
7.20753
8.43349
124.752
6.08282
7.52854
134.668
7.25789
5.55231
546.453
29.0866
229.631
446.825
9.04925
329.027
91.2317
443.945
238.698
340.117
321.035
99.2906
7.44722
187.058
338.744
372.976
153.996
322.51
7.32756
535.955
5.80991
341.067
494.243
59.605
8.64369
7.13269
320.932
202.709
346.849
360.26
103.478
39.4505
417.305
146.43
63.7862
527.155
431.774
7.2616
287.609
223.807
34.9444
6.79241
7.87548
189.642
4.55019
294.852
423.813
444.854
242.393
495.996
220.411
436.878
359.63
109.028
339.916
479.076
534.22
413.793
100.405
7.03013
390.753
394.095
101.447
124.41
206.292
155.894
136.696
339.287
7.19085
520.119
246.85
132.223
53.2844
317.55
411.998
7.98327
308.939
287.338
471.51
93.6049
139.492
7.23939
7.81031
316.704
7.28416
239.98
340.5
7.76164
7.41983
234.191
340.493
275.656
7.3443
279.6
7.85755
298.663
7.37038
79.369
158.664
294.687
319.394
6.9951
368.309
6.8598
91.572
6.77242
8.6845
171.662
283.806
142.309
486.628
54.1937
403.588
121.497
361.786
109.202
255.053
6.80546
367.378
195.23
206.046
450.25
8.61392
365.866
7.05836
154.967
6.25329
6.76647
259.94
267.562
7.35536
8.29175
202.587
480.614
39.0737
165.006
215.767
7.12693
178.626
458.117
157.542
124.702
22.0174
538.589
81.624
7.07282
28.5853
7.42248
135.325
187.765
7.72555
107.029
212.797
334.008
454.954
263.06
289.438
217.107
7.06046
563.054
32.4888
7.11933
7.03515
215.483
341.733
354.32
197.841
270.194
68.9511
421.521
309.874
65.1008
7.60657
104.312
208.169
360.707
7.75336
6.91288
7.15245
398.329
445.694
29.7444
93.7652
253.706
441.357
317.571
315.159
353.229
276.46
71.6098
444.525
497.876
221.909
234.477
42.028
54.4347
18.0029
8.38909
126.378
256.659
7.30644
9.79616
88.5612
129.153
259.943
5.85698
219.205
456.134
118.864
157.319
7.10117
7.80107
213.162
308.918
137.978
456.415
332.611
487.735
6.84297
6.12881
4.63216
34.3288
7.26096
8.74877
58.8651
7.00286
301.847
7.00531
262.366
8.12544
101.61
145.725
6.79852
366.01
422.633
520.483
118.395
122.199
61.2573
6.58527
395.909
5.19738
18.1783
331.783
193.371
343.2
8.81997
7.35234
2.25186
242.477
299.621
117.539
6.60731
204.092
218.543
208.176
6.93459
301.532
7.61008
366.122
7.97815
217.243
300.714
293.924
136.863
11.228
269.239
70.228
190.967
218.19
8.27575
64.4463
7.23264
6.98191
474.422
210.965
57.6623
449.355
313.964
387.909
301.922
7.21871
520.184
149.955
540.867
306.579
503.826
542.968
7.9594
438.309
7.77999
63.4826
347.588
8.54717
7.48291
360.919
331.915
7.39808
203.628
50.5653
34.8004
7.54165
7.22816
382.274
207.453
136.72
61.9167
28.3818
7.0567
94.9348
7.06612
6.77276
8.64134
204.347
250.394
179.238
150.87
127.608
440.635
7.18458
77.9334
2.86078
34.7934
369.344
7.45334
446.788
427.979
8.00105
3.76409
6.54729
93.1673
386.45
549.516
251.06
363.442
443.284
7.42395
141.676
7.12481
358.423
337.367
405.396
44.61
268.33
440.832
442.359
146.578
5.70235
109.781
390.276
7.12519
124.807
219.616
7.32564
229.841
303.481
303.91
416.067
355.929
367.789
71.7586
66.7009
7.3077
423.91
111.092
187.796
322.507
8.24723
337.117
402.377
29.4931
223.222
7.43399
5.47751
13.5922
265.91
143.855
39.6777
16.8392
420.153
511.218
109.662
417.457
309.706
490.587
214.622
191.791
51.8421
337.601
231.029
7.64685
173.677
495.111
168.317
179.425
152.671
342.257
247.64
7.76168
422.816
7.07126
122.992
228.158
5.60228
32.9301
238.505
375.971
1.6071
308.616
239.666
280.728
3.31168
7.17681
383.645
74.5434
256.801
179.718
281.571
422.62
7.29898
232.629
139.905
383.878
7.41218
200.622
7.67307
369.499
227.636
104.751
162.982
7.13215
200.2
7.59756
7.86275
6.80001
37.051
181.651
6.85318
281.382
5.50895
63.6644
192.786
9.6418
55.2208
215.62
36.3914
169.073
94.1343
84.1433
7.13113
6.74413
106.289
138.021
287.827
7.05294
212.569
227.288
236.249
7.25212
6.99701
6.03287
100.453
446.201
170.365
32.152
6.58416
421.099
350.181
71.9474
169.068
260.531
6.74652
303.102
262.657
80.1512
230.057
225.605
6.907
9.41757
7.47407
262.284
78.5618
247.208
5.62158
360.285
461.624
24.4004
470.48
3.38
7.64526
7.24721
111.65
375.831
7.62032
229.98
7.36107
7.94544
59.7812
181.653
306.558
457.405
169.82
7.72052
9.63602
299.022
297.83
126.342
200.624
387.895
333.08
332.612
257.445
491.667
7.31874
7.56178
11.2566
6.88457
65.0962
6.876
319.669
570.805
5.79478
8.22365
7.54041
414.084
113.791
176.163
398.481
1.25432
7.28412
389.026
425.109
6.96562
207.815
132.894
3.63523
177.494
7.41656
7.08857
6.93581
6.70466
432.493
508.324
29.7543
23.3221
12.1589
167.511
252.311
284.417
7.54121
7.18186
169.495
7.29128
117.386
261.23
341.215
-0.733229
5.96411
7.34194
7.62758
345.424
384.249
343.664
6.9425
7.63938
49.211
149.892
6.95899
234.682
97.3151
64.122
387.527
230.667
57.0288
103.7
7.60959
8.37226
143.168
96.2636
6.71466
355.331
7.7436
6.94136
473.414
7.48119
186.31
374.973
297.698
37.7255
7.29726
7.26333
208.731
54.4583
282.679
6.56703
238.327
221.54
83.4225
7.73301
412.907
17.6403
489.111
474.108
115.095
251.136
378.187
7.23914
420.551
7.21368
389.586
186.105
517.173
4.72034
-6.72493
91.1393
6.87716
205.565
46.8243
7.45948
6.07912
172.778
7.41068
107.654
6.6598
6.85937
9.57099
408.528
6.32647
7.24421
195.103
64.6092
468.198
22.15
138.404
382.362
487.397
329.349
152.232
25.067
313.452
341.729
6.95162
451.312
447.171
7.49449
7.21882
176.504
355.467
26.6639
6.07651
390.522
327.477
441.774
281.509
87.2443
146.081
195.458
212.477
7.50625
79.5815
91.8485
417.074
204.079
64.7512
6.4006
8.04534
536.424
385.803
150.169
7.60415
154.416
7.17657
7.08683
196.661
473.297
6.79303
7.71109
508.197
8.09095
318.527
61.1568
7.28419
147.718
8.70564
51.7731
333.929
51.9186
84.9042
7.19316
7.22336
7.4026
498.375
131.547
170.273
177.9
7.05248
367.437
4.81178
395.153
360.601
332.298
589.829
7.6303
7.33518
183.178
110.363
77.326
392.414
6.93839
7.08392
468.418
7.05965
176.012
180.09
154.571
5.0383
126.084
7.2499
18.1883
54.1512
7.23729
6.01788
6.97055
20.1249
399.317
330.221
376.1
90.1692
143.964
148.699
105.633
351.599
7.1345
203.469
170.245
17.8288
233.764
481.145
293.477
18.9957
136.397
78.1528
216.729
6.30748
224.019
383.561
8.38174
6.73205
30.7377
246.708
6.88077
6.81262
8.04385
175.449
405.123
294.384
5.91523
15.4783
-16.3777
7.06236
7.22551
5.93217
178.345
44.0179
7.29811
443.053
440.892
292.33
264.675
7.18348
10.4167
98.2379
504.285
102.452
184.94
6.91741
13.3167
184.473
140.786
18.6207
7.20893
339.455
303.696
446.999
282.383
211.89
228.455
7.25513
243.412
197.609
129.034
210.504
11.6324
463.885
242.531
143.895
316.213
8.09819
211.922
354.881
13.8906
464.649
169.01
6.85292
5.86826
141.116
230.392
6.93716
10.567
39.7997
150.798
7.06736
94.3018
259.772
6.91061
239.162
255.214
360.328
204
316.935
8.06905
196.553
238.733
461.742
232.108
61.5693
188.856
7.04502
369.383
301.226
5.41171
6.50236
130.756
257.259
149.229
429.559
368.071
454.242
316.252
6.90922
246.496
531.566
552.128
6.52278
6.70756
261.712
193.665
264.077
7.05202
34.9093
4.01719
206.907
92.4018
245.106
170.122
7.14878
7.35249
221.991
7.16708
263.804
75.6007
285.065
12.6898
6.96471
7.22215
7.23881
7.94065
212.281
414.148
7.21831
13.2292
111.943
7.51543
8.48109
282.842
7.4192
102.173
52.6458
97.6125
7.19225
7.4448
11.0728
463.174
123.255
468.797
7.85929
180.294
67.0229
7.55612
249.955
310.448
320.197
6.87337
317.807
140.883
7.22902
65.0158
281.294
26.7523
8.69334
312.838
8.4651
369.899
198.374
446.968
6.49629
7.56188
7.90191
77.0061
377.355
7.25507
532.073
11.483
469.007
9.33822
195.551
47.5938
7.10309
6.12704
228.584
226.002
11.9184
274.985
6.87704
163.929
6.89753
6.76369
175.295
228.065
9.14641
502.724
342.824
393.624
6.47778
143.478
516.093
98.3885
39.8458
1.22406
379.333
215.374
439.639
105.293
4.00838
152.593
144.59
346.422
7.34899
362.425
402.04
6.45429
96.6565
7.2335
7.16752
7.60577
307.896
530.218
396.888
7.33578
7.2221
123.166
7.11654
386.274
344.001
389.254
431.321
302.924
386.113
37.0632
7.16267
95.532
368.748
8.12366
95.6118
581.77
147.123
230.221
7.34145
6.37685
47.0385
66.9647
544.433
296.489
70.3886
426.319
273.649
11.5919
134.628
216.791
6.96252
490.732
7.1501
6.87157
565.605
7.48761
6.80772
348.383
9.74667
164.851
7.66477
115.169
147.325
398.169
184.743
301.142
235.721
468.259
576.044
476.518
150.881
6.42917
95.8397
7.22799
414.988
6.96165
146.058
150.337
445.672
442.297
253.11
17.7699
6.51863
7.3441
7.13506
479.866
188.856
195.475
242.676
7.2839
535.776
177.654
50.5264
105.297
399.885
43.9193
447.79
169.974
9.81648
215.155
7.56815
180.893
86.7872
7.1988
357.938
237.755
93.179
8.06719
125.991
68.1506
363.386
467.098
183.916
7.05656
305.761
33.9504
7.27731
67.4773
118.982
32.934
392.75
398.978
6.48311
292.497
6.99925
301.252
133.122
132.499
301.439
192.07
134.535
281.656
27.31
494.336
5.79314
411.367
188.085
415.256
90.0445
118.972
8.07085
52.1831
7.13396
7.31311
474.705
130.277
7.04324
347.222
199.098
512.779
7.51511
6.57114
7.2078
6.78418
459.341
379.361
56.9049
7.29551
198.238
7.79236
102.844
9.12767
299.836
21.8084
7.05752
455.06
7.84965
100.892
7.92498
108.727
375.035
250.113
305.572
216.617
405.659
248.362
407.393
10.6208
5.19482
399.906
385.877
7.24736
6.37949
334.508
10.2334
485.545
6.80158
508.403
7.00119
218.463
350.98
207.394
313.841
179.371
59.1074
84.1267
367.137
56.8459
314.231
8.08041
8.49983
17.5994
2.30381
329.816
55.636
10.1722
528.611
534.508
461.075
4.69157
248.045
20.9754
63.8102
7.544
133.157
7.10379
228.241
6.05437
397.221
175.242
7.27828
8.97878
456.911
304.783
7.36239
20.9284
131.474
12.4704
408.192
44.1974
314.26
78.4057
7.70303
6.01321
107.538
171.026
522.068
7.46283
414.805
582.593
37.6823
98.7762
99.4509
6.95943
98.2516
363.55
105.719
102.916
14.5667
343.873
403.815
47.5383
234.079
6.89038
7.07299
280.836
311.662
472.893
26.171
7.07376
259.502
368.567
367.877
53.4761
350.332
413.971
59.1682
518.974
162.695
335.056
7.07026
146.204
6.09675
40.5432
8.02172
205.14
6.34795
463.881
37.5565
6.68594
162.139
41.3162
196.553
131.443
247.346
398.607
299.844
6.9645
462.078
7.08819
197.796
254.851
7.22581
170.998
406.072
337.874
6.81169
228.852
20.4436
7.88831
224.969
7.53832
306.223
75.3423
7.24748
7.70838
312.781
46.1458
516.53
142.221
390.99
192.389
280.423
7.08328
-78.8931
144.27
7.55456
7.98546
482.595
88.0206
496.746
7.96474
114.548
18.637
6.79176
7.39987
479.215
351.854
7.36229
142.895
25.8156
7.32337
352.159
3.9095
247.375
148.135
28.9411
474.162
275.65
158.506
468.519
86.2731
123.921
128.101
345.933
194.149
367.413
270.295
7.39747
6.88709
7.22642
32.769
7.21396
377.987
295.073
173.516
6.36819
-2.59713
7.16589
7.42703
401.05
181.059
149.092
263.818
319.4
7.20976
88.4624
5.68065
7.15584
143.562
201.189
369.349
202.146
233.868
44.9449
168.699
253.679
493.889
463.3
317.316
7.3618
96.7206
488.287
120.434
502.433
121.956
435.35
376.591
7.42073
299.708
193.717
7.64589
206.171
438.821
273.662
8.26473
7.10794
70.3502
8.90365
153.65
106.308
342.833
121.088
180.146
7.23868
341.174
314.156
53.5291
94.8867
247.192
474.141
134.328
488.548
555.573
239.005
7.5143
7.41862
197.984
127.24
7.24271
184.054
203.738
7.30704
185.916
141.691
125.214
177.075
146.38
333.203
6.78003
476.077
354.498
7.3931
60.4696
7.25394
354.225
126.409
56.1541
7.48399
302.627
7.51329
26.6883
465.94
310.056
54.1125
20.1561
358.065
6.86492
236.595
5.83118
5.69059
240.137
342.51
60.5831
37.2762
37.2545
3.7596
262.775
58.7578
7.13778
419.81
407.54
7.46759
217.969
7.24657
75.3311
295.243
82.2702
176.008
113.239
109.5
7.50736
439.134
7.04013
7.92007
137.976
313.498
189.184
31.7202
444.776
450.578
11.7152
521.482
397.744
7.27012
179.087
260.299
6.90207
6.51419
132.95
257.548
218.175
314.048
6.97003
123.03
6.96325
7.70988
10.5319
7.39074
57.0778
362.808
13.3348
7.69294
2.59544
530.227
254.518
6.59601
455.587
8.06287
19.5919
7.1618
5.84855
489.555
12.4699
21.8839
237.299
446.066
436.478
463.957
361.043
239.042
7.68911
139.038
8.10219
391.034
23.0744
7.32525
270.586
81.5576
239.097
345.982
7.51326
579.674
231.6
358.683
5.84187
345.927
7.35653
100.968
70.3905
7.06179
449.727
403.543
66.9992
6.94544
418.875
212.358
7.31691
47.2883
7.2129
6.43507
208.572
10.5452
7.23208
7.01411
7.24779
305.29
7.09297
92.6921
328.006
7.30125
4.72906
73.6718
402.881
7.52459
7.68764
43.8309
253.812
7.00979
185.638
141.501
6.8663
7.18637
70.5322
468.033
153.896
154.397
6.92448
280.849
8.90413
114.104
370.613
395.795
355.138
478.104
8.9341
13.0783
371.746
240.665
366.166
321.959
7.5102
211.646
6.90878
7.5049
128.097
393.781
227.406
102.674
30.8439
177.971
12.4021
7.21434
6.61482
7.17088
7.12046
6.77216
6.94533
51.3272
541.083
578.893
319.964
6.65747
192.603
273.429
59.4061
206.355
536.61
214.933
330.314
6.88138
7.41424
302.205
4.62046
346.142
7.60627
350.472
118.453
328.718
49.3522
7.8544
173.433
355.255
299.31
348.041
6.87523
199.195
214.523
188.053
25.8688
536.597
6.63292
265.282
7.72343
200.1
130.731
6.92678
470.082
120.071
6.97748
512.783
300.034
361.909
6.52525
37.4205
63.3866
7.93605
203.808
267.77
225.261
249.097
405.371
411.243
33.0176
286.43
51.9803
6.67266
112.28
334.186
354.421
170.963
7.71698
107.116
167.078
203.823
74.9943
120.958
6.64136
19.0592
405.785
331.474
395.322
266.483
417.629
494.371
186.145
354.633
116.408
466.955
6.6779
6.1326
6.3828
139.834
302.135
124.807
187.648
6.15597
26.0448
3.03771
309.69
7.7264
561.803
7.028
162.841
192.903
153.907
299.314
6.84778
9.85631
409.803
7.00681
341.459
7.68725
475.559
345.4
122.136
226.953
4.48474
135.008
99.0855
470.133
247.441
163.486
455.507
7.14483
122.652
474.515
218.781
5.33226
367.609
185.482
101.862
389.734
17.6189
3.71008
7.01245
59.1678
226.133
43.5607
191.739
80.9976
7.06175
274.225
20.6611
8.14416
7.41667
267.738
170.888
7.61132
334.998
350.679
79.8876
123.573
244.401
61.3347
368.633
6.51118
7.25863
6.57035
367.224
199.101
5.89824
109.289
243.608
7.17522
159.964
244.382
362.459
136.712
76.5609
173.367
151.962
235.594
6.6401
9.68128
3.5117
367.359
439.21
21.0859
6.9897
358.211
478.343
537.114
7.18877
395.331
294.117
7.67213
111.186
6.62262
135.964
139.508
368.183
459.096
215.401
93.9814
7.14213
247.379
372.22
194.907
220.701
509.58
159.244
207.199
56.5937
279.526
7.12081
372.784
441.623
317.259
361.074
7.42194
268.174
493.418
73.4999
15.7423
114.926
66.5808
123.7
6.76962
7.239
53.1049
30.4355
316.181
86.834
54.014
115.891
187.515
204.93
137.593
137.996
334.783
8.35675
8.11809
6.7559
81.641
8.00097
496.161
125.25
355.946
7.19479
7.53961
297.045
124.027
301.889
115.963
6.78763
7.51736
379.332
268.769
312.14
500.799
60.075
50.9594
7.68092
247.799
75.2608
405.197
24.784
33.8996
7.21901
12.6078
397.979
74.6972
404.651
135.387
315.34
7.35425
434.209
521.824
395.629
387.823
446.036
7.49484
453.377
95.393
7.61953
195.742
44.5252
6.86451
65.6544
7.01858
421.331
7.40079
6.93966
5.6271
6.62702
392.149
248.133
7.50657
42.8464
113.031
7.47814
243.262
76.0878
463.439
96.4635
7.13993
444.408
7.61848
8.04703
246.619
7.36982
43.781
405.919
8.77662
291.923
215.758
349.058
65.5338
230.826
186.708
7.66702
256.444
504.522
539.494
276.169
6.4274
86.027
155.843
460.187
356.798
458.458
120.711
117.06
379.975
8.3104
135.992
6.82116
357.126
315.135
461.166
84.8012
583.01
11.3809
8.8966
7.181
7.89871
358.055
267.739
102.636
411.975
74.9936
105.114
6.91007
154.995
182.46
7.3119
325.386
402.432
6.87688
74.6557
6.68255
7.17211
187.315
119.964
6.96867
6.8621
264.389
171.869
6.90868
7.00455
199.818
435.827
259.18
8.26148
75.1984
294.036
341.174
331.879
471.885
106.559
242.569
506.77
7.39285
295.99
356.779
119.877
258.312
7.36182
42.6567
82.6381
160.91
199.032
73.0525
93.5088
390.303
390.484
7.30973
401.711
445.939
7.11064
293.132
35.1425
56.7812
7.47005
6.88933
6.28549
205.556
285.276
6.92524
7.0982
324.376
5.97256
49.0136
120.505
553.677
84.8806
398.38
19.8006
56.1997
60.4896
288.9
7.21282
8.962
360.206
7.08338
44.5108
120.207
99.9662
87.4556
235.014
10.5852
444.721
94.5694
172.635
6.87256
103.438
484.429
63.8128
7.33592
284.932
67.7854
389.338
456.792
148.792
8.03688
212.88
298.817
484.019
506.439
45.0004
276.022
268.868
7.85212
501.686
320.532
252.201
471.398
5.72651
501.141
377.28
6.90178
5.12404
250.715
254.741
389.254
6.8405
14.411
240.867
49.8074
220.549
7.29418
6.89803
234.822
26.0478
291.486
59.1433
54.5559
244.725
123.701
54.0486
36.4512
6.64942
438.039
237.776
275.862
7.31075
237.756
207.113
110.44
7.21299
329.081
21.6966
6.85712
386.541
7.09773
7.4437
542.699
253.098
118.655
395.184
384.539
7.57122
79.0827
197.422
207.668
407.922
7.334
92.2003
290.859
139.414
7.19888
7.44515
391.721
421.783
124.723
7.04628
257.917
439.052
245.138
351.748
27.1637
7.92549
424.472
7.1672
8.24125
375.426
224.167
278.896
446.305
267.304
482.563
172.002
237.944
7.4117
324.074
179.044
315.226
16.1115
6.61197
423.641
209.366
367.416
32.787
8.10567
384.821
111.902
197.753
6.429
7.20875
243.402
280.094
523.82
55.8705
405.056
338.132
79.7226
7.08948
207.354
11.4655
191.1
111.67
55.2146
423.347
64.8152
7.09088
6.89556
388.26
384.404
7.04538
7.57958
404.3
330.974
161.712
308.735
145.285
7.9536
322.972
451.912
499.82
440.539
150.064
283.054
118.597
522.206
342.742
439.958
7.68357
447.662
30.9607
136.982
249.95
6.53254
78.0119
7.59403
551.518
79.2443
241.739
561.935
7.46681
213.912
5.70881
167.555
385.314
474.162
445.073
7.08457
7.16975
7.63797
123.279
366.766
7.34169
461.814
87.395
7.20254
160.544
6.97891
198.026
167.667
7.94986
447.538
169.372
135.145
90.6929
32.1327
43.2233
55.5875
134.699
7.07571
7.60615
-15.6867
373.633
398.498
102.605
223.615
12.6035
281.521
284.008
260.464
320.23
17.6595
184.904
253.144
201.502
233.835
147.888
13.3813
327.567
323.177
12.4652
398.204
7.04206
487.689
15.1121
448.748
87.1339
274.214
372.216
330.857
492.364
407.959
420.179
302.293
7.47512
408.581
7.61626
521.289
336.288
418.319
9.67121
64.645
11.3621
72.9654
291.947
121.812
535.707
412.476
7.13579
430.625
140.661
211.61
182.755
546.769
537.658
347.126
196.647
134.109
7.08804
6.79366
260.174
246.16
24.9905
123.243
217.075
551.862
7.8376
316.358
309.001
403.561
276.178
342.077
376.888
7.38953
7.23098
124.507
413.849
353.768
25.225
478.165
71.4658
442.488
60.9553
132.897
6.9046
7.43824
364.092
358.63
69.1709
317.674
175.417
7.08839
7.15925
494.133
16.0729
429.442
7.32353
10.9994
111.479
166.327
8.05874
105.148
366.084
145.833
7.49502
7.18668
2.55123
331.138
6.15965
5.1208
11.5786
5.55285
172.146
7.41057
88.5998
521.57
399.81
447.109
57.7106
6.42127
96.5771
62.3457
218.66
388.415
154.874
448.305
157.577
7.42385
461.187
64.1087
12.0628
307.591
12.0183
489.219
459.471
492.878
112.568
24.3496
7.17786
14.0248
368.885
271.622
216.502
432.577
458.101
8.05414
65.8615
7.64107
138.383
176.521
125.378
309.486
310.692
7.11906
6.92138
6.3366
146.787
324.215
482.283
102.725
301.168
8.18465
300.961
318.649
507.703
6.81348
261.986
209.419
7.08286
187.274
6.97235
83.2838
296.909
346.498
80.794
113.115
7.19668
469.892
66.1145
5.8612
7.07853
175.696
110.729
12.1595
7.55416
460.502
6.56161
213.588
6.73833
-0.937661
87.0198
390.772
242.533
326.645
426.946
236.095
6.70102
11.8437
190.803
207.948
275.226
463.226
506.309
114.729
290.266
30.4735
2.4605
6.29076
402.548
7.06046
116.069
8.26195
482.796
357.627
500.582
301.288
275.73
8.1725
7.55448
219.595
256.715
8.29791
90.1533
219.755
4.81502
7.39901
504.177
214.816
36.5575
6.22881
5.7345
425.897
356.925
63.8025
170.895
123.563
389.461
32.7984
304.789
118.497
521.307
7.5409
201.268
7.18172
71.09
472.295
150.062
254.185
7.05624
256.027
4.37244
268.285
7.51609
6.74333
451.687
165.349
303.52
476.298
257.423
286.783
253.461
81.9454
6.74897
7.11591
119.874
8.02899
396.707
6.92694
7.37464
328.336
6.47332
21.3524
309.943
459.375
13.4214
323.375
6.47176
421.646
385.076
296.018
245.286
7.3173
227.223
298.875
65.768
103.384
421.55
44.7558
174.248
17.455
387.7
40.8523
285.042
8.54149
316.332
6.16296
7.07695
67.3721
8.6312
22.9721
172.05
530.973
39.7244
518.174
7.11714
200.059
7.60108
113.634
173.13
56.1654
243.878
147.427
272.247
196.878
289.251
354.411
7.03271
439.262
77.3094
339.177
139.568
135.408
197.877
198.233
263.883
321.104
7.0179
7.35196
23.3276
302.278
8.6131
285.992
250.49
223.604
101.753
7.31201
56.7722
25.0076
6.93948
544.705
193.363
372.903
401.678
505.677
364.132
4.65335
250.45
66.681
106.659
219.585
60.7107
428.958
266.516
7.70857
6.78165
281.976
48.1045
400.94
7.66093
110.257
27.6263
168.442
190.972
205.975
5.50681
219.068
52.0873
6.99782
475.921
7.00275
141.956
79.2566
260.038
396.533
7.12553
113.226
7.4185
139.43
366.424
83.9309
6.95177
7.39112
241.738
17.3992
296.493
137.992
327.141
432.424
460.2
342.257
282.026
522.949
347.707
8.30042
228.077
7.27918
118.649
94.8122
136.972
209.32
7.6202
338.101
376.136
353.252
306.07
245.373
505.122
202.763
515.978
214.179
465.104
588.419
244.848
178.649
53.6083
5.84119
394.968
359.804
10.2369
11.6649
461.847
209.23
7.61094
206.482
7.24719
83.7227
226.672
138.768
56.0784
334.108
389.909
7.46922
5.31566
261.929
128.832
22.4458
6.4493
61.0202
148.563
306.039
536.199
280.291
108.872
3.87806
282.566
40.9671
147.535
-3.93902
158.984
24.8098
173.485
6.98599
10.265
125.885
298.684
519.374
496.284
85.0614
326.841
337.294
453.646
15.954
64.3905
304.606
502.425
191.122
6.07207
276.931
89.2359
264.858
6.35252
6.92883
459.879
502.452
-40.1941
207.843
208.644
83.9704
4.42069
35.3166
7.23937
7.24876
490.518
25.5883
117.103
7.80113
440.046
7.89302
7.16649
365.104
7.60868
104.384
17.3211
195.182
298.203
8.08798
523.888
7.36214
479.048
320.254
193.142
7.37329
6.43418
119.759
357.918
11.9353
419.089
92.8783
6.95375
117.482
253.242
19.6247
6.37441
371.701
248.961
7.33467
11.3729
319.521
31.1409
121.181
173.675
376.263
66.7173
234.609
199.088
247.113
281.339
73.8753
6.17969
156.941
424.37
7.14196
166.259
112.899
220.245
421.253
114.985
7.95239
471.981
7.14029
7.41538
6.30278
7.10666
7.88925
167.407
6.82909
19.3414
5.97808
95.1652
22.9383
128.653
9.19735
492.821
36.5358
7.319
6.74012
121.788
271.928
201.766
426.392
14.5852
138.996
81.0252
351.518
361.82
404.127
271.196
12.2809
357.114
12.9318
8.65637
370.606
7.54477
94.2608
8.64449
7.18941
533.576
420.775
340.85
6.71977
7.81313
323.835
6.26
246.094
7.23424
121.11
7.17173
7.56296
202.066
7.08457
171.014
472.374
7.01872
88.4544
7.39437
358.363
329.749
283.22
410.143
76.2459
7.51421
4.99929
271.309
69.8349
49.9584
9.00119
49.2914
433.371
-0.445821
202.445
7.52046
191.63
5.94548
147.869
341.156
380.744
441.682
7.42509
318.54
208.07
115.027
170.895
244.655
157.088
149.413
7.01929
398.804
166.132
280.631
6.41525
377.148
255.572
339.43
373.625
3.84675
493.6
236.063
46.5703
6.16877
307.996
358.757
6.73415
163.413
6.97356
7.05607
424.34
100.407
7.40143
379.98
125.956
337.3
385.053
6.91635
178.879
138.616
76.2558
224.916
7.89602
153.782
235.245
52.7999
117.483
481.383
98.6087
547.797
18.2503
10.2884
149.936
435.831
182.978
6.22541
302.456
7.06318
8.68157
448.628
98.8469
47.2253
8.49844
140.856
172.231
80.9465
38.178
7.50094
6.79426
476.707
128.388
6.2893
39.8021
184.682
231.496
67.2845
7.04668
392.235
41.9353
45.5149
7.35784
245.665
6.60908
7.46341
312.46
7.35739
81.451
92.1136
298.593
194.534
57.5297
6.45202
7.46172
120.401
7.16364
164.345
16.2295
24.6508
7.50681
343.128
40.5921
87.1697
289.727
299.8
8.23592
144.184
8.01509
6.77583
120.125
359.561
328.871
7.36033
7.03494
179.888
6.89071
7.35051
6.93414
256.354
62.4083
7.60141
339.939
135.233
7.46384
104.222
157.94
180.925
506.115
109.848
431.492
408.246
261.509
172.06
7.61788
7.50749
29.696
300.163
433.122
102.459
366.973
143.933
379.425
427.017
218.528
313.166
175.03
9.37671
7.31006
80.1039
7.13032
127.618
5.68149
190.503
7.17187
288.42
166.411
389.23
236.009
252.51
215.354
7.87596
28.4498
7.43821
387.616
452.698
7.39728
3.86077
72.5815
428.646
292.672
257.118
119.651
104.388
463.93
7.32142
125.484
52.3476
7.0288
7.89755
554.135
501.915
92.4901
177.522
7.06465
7.15726
36.0575
499.468
289.416
166.661
100.413
7.35448
166.446
151.26
374.18
254.069
354.421
287.636
277.536
378.866
114.987
7.13004
7.25128
95.6792
472.758
160.633
293.958
509.886
7.44257
91.035
428.601
218.898
452.387
253.1
7.1433
65.5117
7.30412
42.1999
389.792
73.9592
8.71078
331.312
166.437
480.954
7.01574
111.883
205.638
7.21604
5.84961
108.058
390.994
245.821
7.1247
2.8313
7.87474
410.603
243.058
6.9562
125.368
7.22012
7.04669
295.949
306.871
148.349
7.63805
5.16533
6.7935
95.8018
48.4891
294.684
193.707
6.94679
227.095
7.13745
7.7583
136.63
6.82902
287.66
302.176
301.034
166.775
372.048
37.621
250.812
266.578
342.306
7.06314
6.876
7.18244
145.238
17.1706
133.467
262.82
366.435
125.705
7.04067
7.64018
403.148
89.5842
445.485
6.79281
6.58292
234.519
7.40563
141.756
31.8921
8.02855
520.369
-60.0609
82.3651
226.127
436.59
339.527
109.721
63.6604
172.618
270.046
55.0847
57.7961
285.392
341.706
374.859
92.7456
312.706
150.099
119.803
12.2413
269.995
19.4872
37.7066
7.35619
121.108
10.201
202.8
465.942
424.545
37.9538
471.434
386.475
110.996
6.90361
74.3107
6.69547
12.6819
45.7933
359.889
6.94811
141.27
78.1356
503.978
315.111
368.322
404.606
410.485
180.301
6.6466
7.0865
7.28834
6.75966
12.386
211.94
7.17641
496.725
343.944
236.939
80.0523
487.987
453.467
414.264
7.08363
206.958
7.30143
400.991
406.071
113.589
49.026
5.77631
33.6766
217.973
183.034
6.1853
173.945
7.59989
205.786
7.1672
57.2613
71.0766
54.3971
61.9
276.284
340.598
144.549
5.26726
219.807
170.103
371.505
5.88701
363.237
515.533
7.39069
6.85536
390.347
391.406
185.137
189.706
364.115
86.6571
54.4306
472.861
433.111
385.426
493.584
6.61534
6.96436
233.246
315.896
5.92418
400.077
299.761
6.0871
98.5344
6.99305
7.04862
337.546
121.689
192.363
7.54325
7.76093
133.263
78.0658
509.233
8.65826
171.307
355.474
32.2004
113.513
65.4649
485.736
6.95349
70.9761
6.95946
2.79801
153.341
347.683
6.89309
7.43517
5.06263
113.838
115.392
20.4902
504.019
7.68331
131.584
142.874
6.3826
6.90204
6.75717
195.983
25.6592
203.852
176.916
89.9432
416.67
7.03401
346.229
8.69533
7.94988
225.786
291.16
7.42003
7.0193
441.353
127.012
263.51
555.024
87.4648
274.101
7.03829
7.58319
319.935
80.7939
387.207
50.1861
206.952
516.911
308.5
278.331
74.8721
140.995
6.69803
7.06531
210.185
402.436
245.112
213.491
330.87
243.642
47.8475
7.46478
558.232
211.227
441.182
520.89
7.82483
7.47065
65.4697
322.929
7.10607
7.68383
337.166
406.188
7.75403
187.622
350.734
179.627
158.406
95.9456
355.238
343.784
8.49458
260.866
88.3281
83.3893
328.204
7.55047
7.19856
429.42
492.361
141.277
7.47963
6.6113
103.121
404.153
342.911
17.7477
7.62932
370.524
6.29571
8.57621
224.697
23.7209
333.495
7.12412
110.615
505.227
7.50949
514.315
7.35527
7.38344
268.097
275.606
142.693
6.95473
96.1528
6.81089
7.45083
233.27
6.68489
6.8635
11.5661
136.146
7.03876
24.9437
323.366
308.574
64.5336
225.113
7.07133
481.931
182.472
325.39
517.951
7.18527
194.126
7.07151
13.4094
470.811
7.04343
35.3829
120.814
308.796
335.843
361.999
469.369
497.11
7.93775
347.175
302.053
2.228
7.35911
7.75655
7.29501
351.872
183.25
261.936
296.957
10.2174
179.616
7.44933
7.9488
9.17238
7.68423
6.9612
34.2589
6.48579
433.831
6.82333
319.419
574.903
170.579
187.585
572.729
167.244
264.966
11.1951
360.404
385.393
172.492
285.19
532.158
7.30498
115.811
38.9908
78.6735
6.97301
486.969
386.002
182.267
291.881
7.16506
486.051
125.035
214.435
145.083
50.1037
409.224
207.518
7.48324
288.412
7.2839
5.73271
7.49171
283.809
108.711
505.575
412.811
230.916
293.432
22.3744
396.326
7.23023
373.174
5.79324
70.8859
196.368
368.051
165.005
7.24634
282.748
537.875
7.28142
258.28
144.537
148.111
6.87403
7.48739
248.34
394.987
6.65033
68.0506
69.7951
327.331
387.485
7.09855
7.35485
189.976
7.30383
7.41457
5.95613
7.38678
28.8025
15.7338
251.221
284.851
387.103
184.716
245.784
472.937
242.043
9.40207
11.8689
445.824
143.063
15.4681
180.727
20.8818
275.298
7.75444
267.403
289.259
14.3482
393.121
193.257
365.396
6.38117
39.1213
97.8987
359.627
29.1442
7.3398
126.069
7.03759
6.36797
483.885
8.18122
4.67146
267.845
102.005
385.117
7.0235
6.66851
28.8155
360.118
236.224
408.305
7.57468
7.13805
474.007
5.68092
8.00831
6.9711
448.98
59.8169
223.998
8.13777
13.6913
253.036
7.63563
136.413
454.412
7.16301
380.486
506.766
469.457
7.34343
83.1593
58.4278
468.185
235.189
7.46193
11.6575
305.473
335.958
403.641
81.3853
320.966
549.275
164.174
173.023
479.567
455.214
392.184
6.59585
377.872
489.515
130.232
464.011
6.41199
7.07804
61.4684
156.943
149.706
239.171
80.7214
53.8147
195.858
269.155
12.6127
7.48483
103.433
308.658
89.6802
118.323
4.72029
62.8972
7.60824
7.13532
393.106
36.8244
6.37637
358.28
145.432
113.05
472.309
6.74082
138.254
393.255
5.71429
163.02
80.6318
356.093
7.25836
6.6821
243.04
218.127
165.705
96.2229
493.366
274.393
-6.14022
394.836
7.69068
257.89
153.338
443.561
6.91182
373.024
61.5354
8.2619
410.488
7.47259
82.5297
7.38833
129.852
451.202
142.916
214.752
511.739
48.638
518.388
145.416
208.033
19.8459
438.402
7.64714
404.522
184.171
7.5707
7.68055
369.038
62.4206
101.668
194.946
294.02
42.9507
234.812
210.446
160.746
356.885
8.27783
291.23
199.31
90.2478
7.36381
266.776
7.27507
524.969
232.264
96.3303
134.02
525.834
476.997
5.58064
245.646
6.99748
528.049
426.071
152.969
7.44694
459.236
6.65554
34.9152
22.0762
133.88
70.0969
246.08
7.28063
197.478
241.812
394.036
357.83
6.44324
503.784
392.709
7.11104
418.45
33.8205
7.9405
86.9251
7.47434
158.763
414.81
139.629
241.01
7.65566
288.551
89.1347
210.394
226.748
94.9292
178.303
100.262
7.45417
214.476
8.17404
18.023
51.0527
106.832
7.50082
7.18936
223.602
75.014
212.556
7.13481
7.37398
17.2478
231.813
349.218
103.908
8.03767
84.9701
6.82466
7.38318
171.548
7.64385
31.7561
262.259
524.944
150.994
192.723
313.445
8.00328
369.563
330.492
7.25864
7.79058
344.083
7.55022
400.703
61.3894
16.5451
401.13
6.5897
94.8819
7.22063
355.443
429.219
362.532
73.8201
303.578
447.191
5.46362
7.27759
263.981
293.955
16.6494
359.651
98.5073
115.4
76.6941
105.187
381.287
6.20172
382.232
6.77778
502.709
3.69532
313.251
7.69562
219.896
452.258
259.245
243.426
38.5156
7.26462
257.808
498.271
6.88446
220.008
7.06624
102.508
324.323
7.26509
52.2042
132.321
6.51205
368.261
300.825
471.804
181.487
39.4465
6.17135
260.733
101.85
457.465
24.4202
7.25856
334.84
553.791
440.943
13.581
312.457
6.8322
356.021
48.7708
40.4892
16.5457
320.71
39.6917
127.829
147.481
14.6316
309.042
7.07994
343.678
518.084
7.40202
232.272
292.479
314.29
7.66698
304.356
34.5843
8.06142
352.473
347.756
8.04213
16.2489
359.294
171.423
288.054
19.5449
265.665
70.4401
7.32684
109.894
500.539
5.16313
173.386
325.937
543.245
5.90831
259.394
7.12755
357.033
37.2904
384.867
7.84888
158.276
67.3177
7.92421
362.966
7.72136
440.045
6.90922
94.3222
6.73424
78.4869
4.39116
261.03
7.22788
232.365
6.91646
235.028
378.976
145.192
309.466
6.96083
357.702
160.502
7.49671
12.3999
7.03464
252.816
289.758
7.21503
6.75666
8.63455
42.5443
538.683
13.4593
40.1054
202.999
5.52374
6.71787
20.3026
515.651
467.466
195.233
180.622
23.8302
227.04
6.40435
339.907
5.43321
266.19
161.335
7.02322
7.16101
24.9657
209.376
430.371
450.526
273.164
94.5847
7.04932
369.526
6.1895
8.06731
260.336
150.803
321.561
339.49
145.54
364.257
7.39865
392.113
360.168
462.383
171.948
25.4565
116.518
333.22
341.341
7.16432
155.304
316.498
8.26083
206.848
7.13443
125.625
507.835
6.81776
183.477
276.821
394.314
7.36714
196.252
6.49742
387.85
6.8983
433.524
158.1
20.6866
72.9239
91.8206
91.4949
122.14
542.471
39.5575
6.88083
189.157
103.298
135.525
7.83584
419.067
234.697
277.007
4.22655
152.169
262.468
7.18161
375.336
311.392
47.6021
322.321
196.21
523.456
185.44
6.95253
522.171
338.835
6.29143
76.1442
122.4
281.42
256.12
7.0595
417.722
525.222
169.122
45.2261
185.384
14.5049
393.92
6.79984
7.0017
7.48704
7.15414
17.7548
434.684
204.247
549.818
6.9532
24.2604
445.368
508.934
391.064
45.3464
106.101
306.052
187.128
416.132
240.279
29.5126
274.199
463.914
5.61714
256.316
219.337
544.261
260.634
377.726
63.5499
108.29
11.2576
7.17809
0.017025
383.462
274.64
92.4339
462.486
7.39153
72.5829
292.16
203.615
54.3591
179.444
6.98222
290.837
17.1205
187.888
119.083
536.533
16.8681
7.0137
6.42643
6.65124
7.39078
278.983
6.8725
207.061
11.0365
501.746
115.966
105.351
322.727
86.5293
320.922
212.663
86.0287
239.088
7.25072
489.331
7.83086
3.23384
391.52
540.476
360.874
144.903
122.76
234.913
14.6994
7.03814
13.0688
7.95517
172.699
398.825
8.613
39.258
208.867
131.028
7.02239
200.929
279.172
125.717
344.111
7.21954
7.32857
7.08601
213.796
7.00812
191.09
230.52
284.426
288.096
66.9761
7.05977
291.063
386.528
65.6391
185.529
346.626
84.909
217.664
158.004
116.87
7.37844
9.68114
410.322
299.789
8.58282
155.397
6.89503
106.275
302.503
86.5253
79.7129
163.604
7.35968
6.94927
13.4421
12.7291
185.834
408.828
5.0238
107.394
216.308
476.478
7.87525
318.002
157.398
10.7412
48.5259
397.97
272.462
406.169
302.82
6.42254
332.152
512.442
267.155
219.069
8.18206
153.289
7.3119
8.82116
399.842
7.32579
209.283
6.98997
6.57329
92.223
456.665
7.05486
45.9024
164.709
373.512
238.493
410.158
347.184
132.915
120.15
178.432
546.368
7.62899
303.974
72.3334
351.083
131.133
9.13124
6.57674
145.807
22.9492
39.6944
503.784
437.471
450.111
181.705
6.78769
9.45206
445.669
133.668
478.312
7.47109
316.848
7.90686
7.46446
13.7069
540.896
38.104
2.12287
7.38621
65.2818
197.327
7.27112
9.25211
101.636
339.133
6.33183
527.301
117.93
134.529
158.355
411.2
238.654
559.385
145.468
144.784
526.485
6.56178
6.24777
6.99633
226.771
263.098
6.96255
165.379
451.098
344.569
20.6808
12.2721
5.65718
369.763
15.2552
7.63746
355.923
25.9923
7.15237
86.3759
7.38219
7.14287
7.32815
6.97543
384.688
51.7533
7.64236
300.353
277.999
3.99341
7.98293
334.923
381.927
28.051
70.5681
6.8914
7.52217
243.834
7.2584
146.853
7.26321
49.6508
466.95
346.059
7.89449
444.145
42.3302
222.478
6.43765
65.6779
32.827
369.556
7.15784
461.515
278.815
4.89325
6.11909
351.411
7.5261
236.111
7.13332
363.553
67.8181
265.03
302.81
7.81271
11.0724
61.8348
189.109
313.335
250.411
8.27337
7.21652
12.8364
131.819
7.51729
7.10146
271.431
7.26025
7.16867
231.711
7.50295
280.564
469.487
208.495
203.698
446.06
478.656
4.77718
247.353
52.9853
167.427
353.227
162.166
327.833
10.4946
181.469
381.031
384.901
7.48599
121.211
210.429
413.188
290.019
4.92402
7.30746
160.093
67.764
6.96176
192.402
295.802
477.301
483.924
7.02714
466.357
393.648
5.21132
7.0187
62.8013
134.113
172.015
4.17521
4.07863
465.156
247.89
222.332
226.506
298.241
62.9398
454.981
69.5383
305.445
292.667
256.425
93.3664
99.4636
7.45724
8.10319
435.651
485.683
158.947
6.56417
352.331
406.501
87.9197
55.0723
44.5194
108.107
199.404
162.458
7.08573
6.18114
7.55962
238.121
7.36436
232.284
94.339
130.276
7.26376
7.41301
4.41602
77.5436
294.333
180.56
405.38
6.37477
91.2636
6.54287
7.1842
10.6204
250.663
152.251
7.0893
253.835
236.484
453.646
6.98041
143.03
407.871
470.117
126.177
138.396
352.04
89.4668
7.33106
203.578
421.744
371.952
93.2875
9.02059
7.3053
7.24492
6.70039
113.545
7.03014
9.4389
18.3293
81.2671
414.789
7.16079
230.114
189.509
7.00881
330.44
285.561
45.7693
428.868
44.418
333.777
6.91535
215.777
9.48358
6.76347
564.515
30.0197
7.96166
321.949
7.6551
274.796
393.703
7.00749
320.611
24.4942
424.354
48.0758
313.728
293.783
406.534
459.77
7.35267
35.66
5.50179
225.539
7.06203
148.87
107.162
7.46578
7.00961
478.84
6.311
337.575
323.856
95.0348
192.617
223.751
125.423
211.761
7.20002
6.38384
344.322
221.777
165.576
7.13229
7.19565
283.094
472.41
7.02855
476.92
40.1993
42.2146
7.47419
3.00294
265.664
254.738
41.0255
194.693
91.688
266.642
538.433
431.195
52.208
7.31685
190.019
334.192
140.198
7.2405
156.016
208.429
209.066
57.8226
160.095
201.049
518.093
62.0736
184.444
457.591
7.29775
7.53949
7.00967
7.61986
180.675
120.195
199.385
6.86542
464.727
233.773
78.5729
116.557
0.0649548
345.309
466.099
8.03776
129.216
6.8768
60.4086
277.43
201.108
174.791
9.59759
114.164
6.93708
235.128
6.14973
141.636
5.90812
7.39505
256.966
310.791
120.199
244.751
7.00361
133.388
126.076
7.32275
99.2248
6.68405
296.241
461.069
160.861
284.375
5.08803
53.3806
257.456
11.2834
131.727
508.878
273.071
8.12326
268.578
232.338
523.178
7.13213
7.19857
165.3
345.818
436.241
197.591
17.6278
172.39
366.484
91.8003
6.48682
7.39211
426.173
589.249
6.9764
97.2389
124.481
7.35823
143.091
376.724
18.2688
126.952
519.27
149.489
117.037
7.19379
277.132
12.8695
14.8949
240.616
7.22322
171.088
304.705
73.7606
229.457
80.3467
194.468
4.15577
133.432
6.07397
48.8302
464.652
336.28
7.34744
7.16738
107.135
90.2601
418.189
189.104
21.5448
22.998
374.938
7.06192
197.847
7.08592
491.37
296.967
256.435
7.0945
43.2514
253.121
198.607
431.178
520.728
336.006
7.83832
264.188
7.85106
223.737
2.33676
7.62312
7.10274
557.873
99.2012
10.9384
7.20151
104.818
401.771
6.53435
153.535
182.389
60.3202
7.39601
134.758
16.8419
12.429
292.007
102.319
55.1964
7.57546
345.364
130.478
97.6925
6.31574
348.057
144.619
502.033
297.707
520.226
169.233
8.92021
6.67314
240.405
267.61
369.54
6.44143
471.984
243.897
126.038
305.49
7.09775
6.97554
407.173
468.07
221.399
7.32654
489.808
263.779
389.761
337.601
368.163
8.95652
361.809
411.458
276.738
238.062
7.23412
460.364
439.655
161.977
159.085
376.025
4.87085
338.131
6.69252
86.785
53.0386
38.5802
338.465
7.03716
7.78007
7.50702
269.237
68.3841
7.52887
66.0655
108.71
6.14238
177.487
7.18579
12.3256
16.1542
6.97121
430.12
131.054
5.5084
30.6595
45.0831
217.771
7.37258
93.0399
6.81954
380.169
6.23189
6.85998
5.3953
301.209
190.769
111.875
494.361
280.021
15.2231
7.18986
157.094
6.76859
8.53106
7.23153
7.58505
5.5058
7.15847
374.05
126.023
61.0645
430.97
7.2346
380.068
186.476
111.15
6.14474
492.713
168.271
126.72
527.582
390.986
6.06553
82.4107
96.5761
8.68937
213.123
242.841
213.593
8.19899
184.858
131.39
7.95689
58.5965
8.68368
510.583
7.88306
159.221
39.8746
5.1665
136.744
536.326
222.742
447.783
273.183
246.171
7.28339
123.68
443.295
110.177
6.63366
172.984
260.157
8.03137
80.2269
7.24888
7.36638
99.3347
261.915
368.693
278.646
463.943
7.4876
325.648
479.044
6.1966
371.299
11.389
411.389
343.566
7.21864
77.1988
86.8699
218.392
292.526
7.31227
7.29417
283.403
461.152
6.90328
202.457
302.232
47.6237
154.594
79.15
177.005
26.3785
7.06143
135.348
111.978
7.15035
31.9434
220.277
392.643
385.485
7.71042
287.77
8.03891
71.6618
168.288
249.482
336.806
6.96083
308.672
197.301
6.9945
390.599
255.332
7.68516
8.00634
211.641
113.86
8.04112
312.853
7.85626
421.967
7.92659
380.16
316.316
7.12003
6.96181
202.319
173.203
7.59088
391.724
496.856
341.571
278.601
268.603
394.939
6.7206
197.261
213.264
388.364
248.889
7.69708
188.23
7.35844
201.029
328.356
570.455
505.084
7.60439
199.547
191.03
353.384
298.54
191.977
9.17474
6.99664
405.019
424.675
129.379
221.364
7.30717
80.7622
8.09263
6.92636
6.9466
378.893
6.88252
246.959
7.39009
46.361
69.1862
212.083
5.7888
7.40043
7.69253
51.2632
524.677
7.38226
308.92
7.06867
329.693
223.335
7.53931
341.692
557.303
176.553
329.518
242.398
474.319
8.71546
225.824
290.49
132.213
258.698
60.3727
390.494
7.39807
67.9247
9.29184
7.5232
217.169
249.513
298.218
285.583
495.688
70.9336
6.17657
7.15971
84.6524
340.323
20.1811
32.0409
77.9464
7.21107
7.18547
8.19206
6.62876
151.853
138.222
295.558
205.779
150.588
104.734
522.531
9.28713
110.868
6.50488
259.143
301.077
348.078
16.2824
348.934
7.02725
-0.219968
7.26426
578.049
234.267
319.989
79.8048
154.387
248.266
216.794
141.486
346.897
7.29825
349.973
6.52713
70.6461
230.627
573.899
314.082
503.33
441.481
274.375
505.711
260.526
202.96
7.99821
32.9257
55.3619
103.697
6.69361
103.514
257.3
7.08347
6.83345
304.634
232.901
403.12
117.093
365.637
335.637
4.28891
201.645
7.68934
207.658
66.149
256.646
452.026
30.4732
7.49378
552.685
6.88727
97.9776
242.842
7.04118
228.954
8.90381
-40.6354
45.1966
169.555
7.29339
366.353
31.6157
9.25385
349.173
356.907
544.808
133.779
5.46902
3.61284
7.40042
337.057
7.05344
452.493
79.8275
562.127
58.2666
384.535
464.401
301.588
25.3123
153.803
10.4115
300.49
380.86
459.432
6.62342
114.299
19.6407
166.004
12.6825
8.46676
242.483
406.513
6.98765
17.1064
43.0844
412.252
7.04022
216.887
5.46724
259.68
184.735
62.8626
7.28798
316.756
448.614
171.89
236.48
78.8325
184.24
155.088
6.58587
6.75752
6.91637
368.06
36.7526
528.713
20.329
386.551
172.588
7.49283
46.0896
456.867
512.063
9.57188
185.014
314.849
565.417
491.95
543.146
379.12
234.476
135.447
221.716
8.03313
545.35
8.58555
195.339
7.11073
435.764
89.8194
7.11232
6.77997
81.0305
317.997
356.662
226.324
348.476
455.131
46.6094
199.188
199.792
299.731
518.939
37.2347
163.193
419.859
76.6748
356.361
72.528
340.084
218.066
245.651
7.02171
82.1456
24.3891
140.765
152.713
301.699
294.249
516.553
64.3934
422.876
438.427
436.061
309.971
6.91273
399.086
270.904
7.09565
7.42048
170.471
18.8133
61.4184
124.075
7.43837
6.69258
6.06069
7.00973
181.229
340.363
249.49
7.60904
305.451
75.6881
578.61
119.732
330.041
14.7517
371.752
369.515
6.16515
6.63209
459.376
107.85
7.07662
7.16415
7.16577
369.466
32.88
7.0582
577.278
84.9291
221.923
149.774
221.377
154.169
3.28333
7.43222
8.32693
7.76266
375.569
6.83341
143.404
370.51
340.637
7.00294
64.8474
234.367
549.648
311.313
301.085
270.64
412.626
38.7535
123.758
485.825
8.27923
112.546
7.35132
354.708
7.59306
196.967
491.477
7.39645
5.14857
113.167
537.905
243.581
7.33044
7.60149
8.09692
56.0625
7.39129
111.847
116.3
16.2664
222.81
7.50519
8.80272
172.107
6.92617
144.608
485.889
311.536
7.20108
7.15722
424.078
244.43
407.778
7.23876
327.728
15.5654
7.43904
58.5813
7.53602
442.776
6.42172
299.422
434.8
550.107
40.0925
418.041
142.46
7.38527
7.25008
12.9873
415.074
195.774
214.597
347.755
6.74508
7.20797
223.823
523.989
6.9739
288.89
393.865
129.489
193.82
33.3698
411.069
475.504
559.167
6.93743
28.8111
375.3
260.457
7.0153
264.855
55.289
201.227
7.15826
160.663
8.16041
17.4351
402.933
7.15992
103.658
6.85596
446.185
7.3274
6.61864
6.64997
292.515
299.803
36.3067
236.109
473.977
8.12481
493.012
479.552
38.7862
32.9992
219.402
104.03
7.72841
161.046
222.776
380.743
489.199
104.274
440.352
266.065
105.857
75.0904
6.54374
13.2274
476.3
124.712
392.493
429.201
315.963
7.4606
186.816
75.6152
525.7
418.703
7.39414
5.1553
6.7905
6.76078
303.653
174.687
468.603
309.45
7.05018
7.75334
508.375
57.9409
7.58526
101.243
7.4507
272.809
455.519
394.349
79.7345
371.82
70.7181
7.04341
80.1766
179.944
7.20366
7.20444
6.97337
345.786
208.617
518.471
315.91
493.237
6.97708
260.538
257.61
407.141
97.3937
7.5174
377.719
6.66407
6.85636
186.849
115.911
396.167
441.851
153.802
228.618
149.667
5.95622
388.352
7.37966
328.969
235.499
62.5081
7.74659
5.93411
351.148
165.345
6.98857
7.30528
42.4377
44.991
7.05685
240.566
241.275
1.31431
451.253
85.6849
370.243
45.9713
5.86469
7.85767
5.26431
7.2039
7.19017
7.20031
6.19136
215.143
219.268
121.527
420.38
313.188
241.612
452.969
363.287
189.04
84.4561
136.581
8.15886
7.20012
179.543
148.409
7.86598
70.7969
524.994
159.139
12.3286
456.042
329.149
202.788
6.25197
235.727
262.628
444.216
198.332
174.445
81.7905
37.0811
219.735
389.657
66.8688
264.358
316.945
380.918
11.9856
7.42439
7.41508
554.525
7.03911
395.439
10.4467
212.205
407.797
6.96236
6.98601
7.06417
129.038
435.109
5.53444
281.042
6.89037
94.9698
67.3922
209.471
26.5346
458.842
7.30104
470.357
64.8409
202.844
7.63324
155.09
6.60262
96.6861
150.575
522.185
169.192
338.993
70.6076
44.7549
6.61839
7.40072
53.0695
6.04857
466.401
6.57972
332.163
8.18843
233.678
216.076
8.92458
383.472
342.423
552.33
434.07
189.304
17.8358
304.629
185.341
7.05547
2.95801
98.3585
279.007
115.195
52.846
6.7806
369.185
175.017
98.792
582.594
327.085
8.75997
300.007
37.3765
7.49711
246.574
37.8242
221.473
7.31206
331.807
6.67922
239.899
5.9667
450.635
65.0557
52.4527
231.361
119.633
206.171
3.572
7.01818
350.786
25.1987
331.772
132.239
248.839
6.9882
7.09734
513.404
7.89236
199.302
312.693
230.575
179.317
84.5345
122.404
452.237
45.7986
6.3514
389.604
7.52194
292.433
7.27661
196.862
7.21875
311.271
7.56021
128.902
6.99671
108.128
7.85535
47.5981
6.764
352.407
7.28187
87.8129
458.141
62.8179
402.405
241.847
339.182
7.31518
75.7213
83.6023
26.9677
75.2777
574.052
7.13434
175.82
260.614
313.081
7.28071
7.13737
376.593
365.447
256.27
254.619
352.954
146.7
7.21509
195.725
57.1504
7.64771
6.44467
337.134
213.156
266.44
344.198
460.537
12.7541
192.638
7.10133
77.566
189.16
68.5169
480.796
54.6138
9.86567
6.81984
22.6633
488.491
7.33741
200.135
242.684
132.326
435.546
41.8244
5.63217
354.499
7.40138
329.734
307.822
5.6225
144.007
235.593
584.349
214.092
290.869
7.50263
72.5778
9.16348
158.415
393.145
92.4127
7.0407
7.61938
105.354
97.5727
7.65208
333.458
7.34735
5.38919
408.027
34.3804
7.64438
261.145
10.5481
218.776
30.8006
477.608
120.231
293.579
191.163
10.1427
68.7488
249.144
7.14352
7.24754
70.4657
373.746
109.924
542.954
121.796
50.9101
359.265
441.203
483.018
260.448
243.64
6.59182
253.923
6.90094
318.944
298.755
408.9
344.262
230.696
8.34594
5.79663
499.6
7.37635
242.995
414.714
114.581
5.69064
291.182
252.505
5.75024
54.2586
226.608
102.379
7.68501
190.278
203.391
5.38956
197.816
461.252
251.908
261.953
7.47805
334.3
445.697
464.695
444.3
4.97414
207.774
390.492
481.201
436.199
496.718
165.11
349.229
147.999
7.08955
486.335
61.2399
348.234
5.92721
6.83276
484.386
412.123
154.949
225.528
175.295
276.982
122.971
76.3735
6.59913
179.128
265.674
-3.92546
8.62767
207.952
434.242
123.7
396.987
278.542
47.4641
411.514
386.864
7.36359
345.589
288.003
447.902
137.957
203.846
231.313
6.9118
7.56111
8.2305
58.4301
7.2121
269.576
10.1519
110.275
26.88
155.651
496.254
16.0805
8.13362
272.73
90.0212
95.5357
272.481
139.128
335.884
459.214
306.175
402.595
317.639
7.038
6.74011
62.6499
23.6153
265.781
382.827
283.605
310.063
7.18134
202.534
448.437
94.9787
361.067
6.16939
82.1724
379.304
399.246
424.51
245.268
188.146
249.577
83.1571
5.39787
7.37144
6.13131
115.942
129.716
5.94473
102.827
154.517
393.161
219.724
212.299
93.0067
296.698
112.997
454.038
332.237
14.6456
6.68033
7.22492
188.154
380.294
265.203
172.514
373.172
7.04114
96.9243
346.409
113.823
118.858
21.4496
87.8361
121.185
455.364
7.28353
5.68946
108.499
97.9864
133.274
6.8691
428.318
5.43903
206.915
492.739
473.962
7.00461
222.485
23.5088
6.62831
248.909
482.339
201.352
7.60562
7.53824
-268.941
278.345
7.95144
7.879
386.62
22.9792
59.9673
131.256
272.85
478.916
409.795
54.188
165.523
400.501
344.254
306.835
408.963
20.6108
5.42005
58.2774
114.309
151.943
335.01
217.914
248.457
397.565
156.662
316.413
330.736
7.28681
193.437
169.773
29.5801
225.033
7.87284
102.699
254.772
7.3915
116.779
253.566
426.848
234.866
124.298
7.80618
7.214
74.6864
7.77433
8.84512
223.995
6.80498
7.44017
4.95308
243.355
94.1441
371.181
417.323
11.6826
483.446
6.98125
200.672
118.893
6.50402
6.6963
319.627
291.047
11.9565
7.41897
406.93
209.582
8.17718
7.06426
7.22751
38.0175
203.456
102.592
6.27782
273.17
407.973
6.12783
517.587
8.18051
223.015
202.297
333.201
7.44481
333.135
264.41
272.199
255.805
7.08533
7.39208
119.586
129.676
330.082
354.783
59.43
11.0741
325.443
15.4501
314.424
87.3059
6.91405
226.764
119.4
156.76
7.4692
173.653
7.22921
8.71514
8.46416
167.15
308.163
30.3455
90.5832
382.117
98.87
298.745
187.962
97.8206
57.407
105.636
292.458
6.21395
7.58942
7.4815
62.4334
37.5663
445.117
437.189
146.527
365.258
7.8358
419.62
93.9928
58.9639
7.78884
256.859
6.42041
7.02568
7.23848
233.236
7.19291
134.897
255.216
432.346
7.4301
129.56
99.6593
6.51151
6.77331
464.021
266.872
6.4513
357.362
42.0645
310.921
270.497
273.406
438.384
456.295
60.6422
68.9371
6.57164
156.468
119.443
432.275
126.759
137.505
6.48044
143.439
442.76
553.05
7.91305
8.31064
57.9801
485.628
249.008
6.86085
435.904
403.741
-0.767907
192.838
308.389
205.042
154.857
7.0065
466.923
7.72626
261.812
127.276
7.17121
7.00642
110.444
6.94566
67.1965
7.03846
7.00064
6.71007
434.348
6.73916
95.6144
52.0683
361.684
286.327
190.804
7.04785
7.66133
7.25962
6.88521
25.956
6.93983
455.698
209.276
110.694
6.53648
7.36423
7.04888
360.692
324.476
2.84151
15.3235
7.22934
7.09762
157.181
18.9569
6.88586
280.628
271.125
458.069
3.01961
17.1918
104.762
7.99678
389.317
301.185
421.659
241.224
7.23986
65.9657
145.446
6.25149
431.583
7.09501
298.14
86.7843
414.041
436.339
545.966
129.91
307.387
385.415
115.325
7.4278
7.33044
99.4237
287.75
103.565
7.44831
422.951
476.36
316.15
341.535
415.855
6.77721
7.49628
252.592
250.631
19.6412
22.6169
6.7581
7.04686
6.8188
7.27722
416.482
331.348
344.881
271.164
264.493
10.8408
495.773
121.026
317.974
312.773
450.421
8.87533
121.544
55.002
404.364
411.965
398.913
6.83593
7.3674
110.274
7.54389
33.5648
6.91046
129.049
67.6753
525.412
289.586
6.92371
7.1915
260.123
207.766
287.844
178.274
6.73125
67.4116
444.033
7.45992
8.05551
205.738
114.042
179.481
438.596
7.45592
67.924
441.595
522.112
7.18286
117.459
7.21363
410.226
88.4629
333.633
7.0263
156.158
90.3405
147.112
85.6822
161.593
145.473
4.73005
425.262
0.137684
6.93193
221.733
209.132
319.761
190.82
265.254
471.367
389.219
207.49
212.559
7.76331
6.98803
210.289
210.303
361.248
260.033
552.715
208.8
425.505
489.129
6.49249
419.514
111.327
370.007
259.419
546.687
73.8034
42.5145
199.499
253.474
376.622
579.507
324.165
232.293
257.565
148.205
375.756
412.014
3.27091
9.19194
7.61955
7.04685
46.7191
35.7741
79.0999
167.852
15.256
102.852
4.23718
70.997
22.6085
7.00935
26.9964
29.7832
7.60007
6.86007
198.491
235.176
442.953
7.55533
16.821
8.23483
7.119
135.053
147.763
451.111
325.087
302.887
505.794
14.5996
6.34989
78.7764
255.274
44.3167
411.253
310.947
251.196
347.2
17.9643
6.95158
138.649
362
7.12229
6.9935
7.12404
325.483
424.588
8.20073
195.96
416.863
68.7174
254.751
8.25675
161.756
189.705
159.623
385.105
21.5542
6.54903
370.642
315.568
286.679
3.77074
242.113
442.899
89.7009
325.776
7.56687
257.288
8.30543
7.2521
7.14055
373.963
41.2443
343.758
115.646
6.15501
9.19844
7.40142
202.384
106.865
392.557
42.5342
79.85
7.45707
386.518
317.351
7.07521
70.5198
69.1261
5.84368
418.252
296.107
8.58852
77.3356
389.14
7.62602
7.5138
375.999
6.94301
405.237
7.2333
220.726
7.11696
60.0482
22.542
7.07422
586.263
7.26529
493.222
420.44
20.0241
7.16374
457.861
5.36874
63.8534
81.5014
8.01035
101.718
312.581
7.49629
290.457
7.39803
50.4596
7.15312
7.99906
6.87006
280.706
337.636
5.07895
5.91039
208.987
238.927
225.891
7.21297
7.35304
138.43
389.304
5.37239
7.76467
375.806
248.045
6.14628
7.22313
6.32096
7.2282
247.555
363.659
26.1579
360.167
377.292
6.81053
445.623
6.98881
203.288
104.787
102.69
7.00885
267.596
57.9919
7.15044
342.64
7.58873
7.1043
335.971
567.419
194.07
498.499
-4.32649
6.13811
8.40382
88.5345
294.554
188.671
7.19537
114.005
468.397
265.406
7.30609
26.2763
367.778
449.355
6.20319
474.126
6.50237
344.651
450.84
155.828
90.6819
139.423
74.2553
0.371674
70.8665
338.139
294.06
233.424
5.7538
8.50466
299.039
35.6197
381.694
390.147
96.7331
160.26
113.13
98.4983
232.533
432.893
476.351
7.61056
492.713
87.774
7.07061
286.664
6.66676
312.138
6.21836
6.88021
268.477
151.402
102.789
8.02912
76.6619
188.137
7.2003
87.6554
261.724
127.748
243.226
178.563
308.298
215.298
7.37221
438.913
55.4484
393.757
179.996
25.5213
288.191
6.92417
472.165
140.448
22.1806
82.9362
91.9854
6.87917
7.56559
198.645
258.934
7.25756
218.031
271.051
7.04573
103.649
465.483
280.574
483.849
7.4765
251.463
239.851
154.268
54.9074
7.00525
6.33734
6.76135
7.66101
338.361
79.8162
69.7142
23.4651
73.7059
38.5441
30.702
372.281
227.95
326.158
366.105
170.722
11.8944
8.13554
171.808
7.11825
253.221
6.92036
7.20794
81.7486
7.96695
77.898
60.9465
280.302
52.8549
249.87
340.889
298.001
266.85
8.59785
5.10758
493.619
149.396
6.84185
7.7291
375.554
496.667
270.407
43.9672
7.01174
587.566
42.2143
282.134
230.248
422.552
257.937
492.399
411.023
72.0908
7.30118
12.8155
7.14456
7.55374
5.86837
7.26172
151.773
120.85
7.96594
72.6947
7.58983
141.289
338.637
396.909
6.97504
93.6684
435.298
14.4282
530.263
389.494
76.9449
310.59
127.007
7.17003
238.094
190.977
21.4257
290.73
6.79926
388.125
7.16993
7.20547
398.427
5.90536
7.45218
69.738
7.58424
7.29421
7.15414
5.21037
7.33701
245.444
7.55978
7.94453
552.874
67.769
269.417
291.738
36.4722
7.11955
371.784
152.066
6.65287
236.4
128.382
7.33921
6.84824
243.822
477.817
6.70127
400.135
294.915
139.68
287.514
546.517
153.889
7.07021
153.311
114.599
202.132
400.194
6.67164
7.52468
58.4811
227.027
267.182
6.8416
6.53128
29.2509
196.633
430.282
48.0536
253.175
475.026
8.4534
293.159
37.9269
136.469
195.652
494.536
7.55286
516.672
539.132
99.1247
41.4201
484.421
190.047
23.6368
7.2669
110.761
531.586
7.87914
473.134
6.5581
249.567
25.8892
7.17856
14.0199
302.587
7.5319
292.542
57.4835
7.22635
20.4215
101.736
298.411
277.922
8.03222
150.9
8.37523
163.87
11.1806
6.93962
4.46863
63.9174
300.292
114.581
6.88464
258.317
428.224
191.63
99.3967
268.719
195.192
158.52
164.665
345.016
6.91678
235.671
528.405
7.02223
359.342
376.164
145.148
499.575
56.2163
359.77
119.756
344.339
435.275
544.5
163.75
438.137
181.214
95.6222
142.97
166.301
180.129
483.737
186.227
247.328
190.638
182.378
246.582
7.84436
277.218
13.3793
16.4069
146.94
304.688
238.307
7.87515
122.55
199.653
7.2
6.71066
261.765
6.25793
257.817
6.54986
7.09086
24.1015
6.39033
59.8632
446.082
25.1323
403.229
127.688
366.231
8.02116
9.36491
105.01
180.746
113.21
529.751
488.145
16.5034
254.389
58.8778
419.962
7.45556
5.84424
7.48777
105.292
453.008
194.869
184.389
327.298
187.612
185.22
576.111
400.532
7.35259
184.557
73.6149
7.25649
8.26796
124.689
111.515
171.121
258.424
341.591
321.552
91.6983
270.803
228.089
193.166
527.486
399.801
189.031
115.27
203.007
279.225
285.295
274.496
294.55
249.613
227.928
190.848
7.66894
346.05
6.21748
169.708
63.8745
506.918
7.10193
310.539
509.461
35.9707
229.02
6.9376
8.69705
242.532
7.70306
328.924
6.17373
7.37924
4.68662
510.888
430.529
7.66161
7.38422
299.948
206.87
495.128
39.1686
6.85365
7.51099
6.58827
514.641
398.504
162.886
344.312
427.559
279.35
408.707
7.09994
255.774
188.579
276.435
7.06478
284.693
54.955
406.39
7.09967
480.99
413.441
62.2272
198.772
332.783
36.4098
325.33
7.28809
224.637
44.3745
63.7726
447.6
454.811
12.0085
139.864
6.53305
392.792
9.72321
383.259
344.369
358.549
431.455
261.418
7.46794
383.044
168.818
7.11246
291.844
451.012
142.78
8.33266
170.896
67.215
7.34691
173.917
7.84109
216.727
268.271
332.908
161.933
7.38611
199.101
5.93366
248.651
7.34082
82.4082
218.643
108.877
104.204
470.101
170.753
330.171
7.72913
6.51559
7.58197
398.525
86.5194
470.709
6.97
526.098
108.895
407.522
428.998
7.34651
452.151
7.1049
9.40542
261.253
219.489
205.192
217.362
6.54432
365.579
269.826
240.372
166.737
80.1865
226.487
193.53
31.3362
6.71783
24.8001
231.874
181.337
9.39901
327.808
295.843
7.05874
202.305
225.738
101.051
339.319
389.906
7.81961
524.502
294.817
43.4576
7.46542
289.222
238.533
78.7045
6.84269
8.52776
6.32722
322.232
7.54487
14.902
7.42219
429.468
305.892
238.928
7.44528
6.71536
8.98803
23.6949
249.843
506.764
8.12347
80.906
414.646
6.91382
71.9082
7.4951
6.37555
7.61168
7.72848
189.57
6.85632
11.6778
5.70259
6.39578
405.759
372.771
7.36152
318.209
20.3893
303.611
8.43859
136.198
70.3592
255.107
83.9901
592.068
381.051
55.9859
4.69193
280.401
7.29971
145.657
523.841
179.444
28.3207
566.291
254.837
409.785
273.139
401.92
7.60487
323.525
7.29784
51.2345
192.506
479.141
6.67888
133.044
6.27178
9.19137
459.433
500.609
175.607
328.691
140.051
6.70407
71.1633
9.24904
7.17015
268.567
6.14686
6.56915
195.894
29.8539
9.45221
6.61831
170.431
7.02726
5.92253
322.089
317.131
6.86486
7.31105
326.425
6.85581
24.5656
6.86641
28.6873
244.655
28.6704
7.29564
7.06085
396.03
7.36571
372.999
231.599
381.74
189.523
215.018
425.744
501.867
57.1015
92.2118
340.167
425.458
7.17695
7.0965
410.828
454.518
8.21988
6.97183
170.756
359.934
6.95282
7.50433
160.846
5.73492
304.187
274.474
285.449
312.671
7.0348
30.3961
21.1881
6.74725
7.07393
457.87
85.8888
7.23513
227.719
7.1004
421.087
200.984
214.25
317.871
435.391
80.0054
429.74
6.98491
24.8366
355.022
315.412
88.6889
177.232
443.602
357.282
289.072
22.072
120.608
395.944
7.42477
7.49455
338.11
83.5912
395.877
172.696
452.791
324.36
6.81208
268.788
237.36
279.521
189.015
90.6768
7.33233
220.629
376.622
153.244
7.48604
56.8939
103.177
6.8433
397.511
215.013
194.914
188.914
237.563
234.09
239.568
29.5513
6.78065
264.242
6.84216
7.05188
436.713
97.3113
397.897
139.443
7.18467
327.515
16.5931
231.308
300.756
8.0473
6.47679
367.507
162.127
109.389
364.476
252.41
484.036
5.86455
109.014
233.617
7.69044
287.648
7.84992
114.612
355.879
79.1797
5.48117
584.228
19.9871
7.03512
314.632
22.1407
68.405
260.154
211.448
429.12
7.95437
132.47
356.601
8.61622
310.401
350.613
116.496
7.44221
238.199
479.372
7.56075
8.02547
193.619
334.058
80.8845
225.354
108.028
297.778
7.46226
6.99962
7.32649
135.279
413.5
7.27197
8.14971
6.7603
423.751
7.56566
279.577
171.023
192.755
300.74
80.9925
240.539
268.609
288.567
323.465
6.97908
209.167
191.163
337.509
14.2148
207.242
7.99654
381.083
122.94
164.076
6.83993
556.099
260.466
42.4106
7.41307
205.408
251.263
117.164
180.794
7.13118
26.516
400.986
254.182
12.417
6.97362
79.7969
6.89403
6.15815
7.81972
132.484
7.54098
313.611
111.897
6.45486
68.2674
200.578
502.772
119.546
137.72
62.2135
7.41361
496.894
267.413
204.65
6.97552
493.076
9.45745
357.879
534.272
425.071
6.85986
285.818
139.422
415.086
359.166
144.603
492.039
44.3328
7.36545
13.4601
21.2109
428.235
36.9698
234.853
7.42184
6.65328
35.1269
116.482
6.91569
6.50782
275.1
250.15
128.844
76.0181
145.828
465.131
196.655
160.607
10.7923
135.713
8.01751
95.7396
334.274
458.346
170.3
461.061
101.662
153.507
6.62726
7.48984
6.64696
7.69445
227.154
6.91245
7.48393
7.28525
98.7504
511.221
96.2268
356.268
287.227
448.077
103.113
457.625
449.087
171.032
181.908
169.772
6.94808
7.16948
7.32572
8.44623
369.411
348.862
203.321
266.156
6.59793
151.364
392.109
47.6792
109.534
3.63639
156.106
7.11281
8.04922
237.596
578.128
190.322
177.974
337.768
291.674
164.226
9.76213
5.47549
481.418
6.92191
312.743
421.779
278.38
140.726
85.1728
12.6173
6.63276
8.44498
371.345
141.822
468.255
17.8512
300.763
67.0648
377.089
358.102
5.49058
7.51527
329.934
340.225
325.38
202.077
397.833
42.0352
237.989
185.405
163.956
379.947
217.164
92.804
6.87291
7.47926
178.262
138.885
28.9346
483.22
423.191
6.42222
141.279
93.1619
101.043
6.97783
312.194
7.51231
473.536
86.2229
33.5073
353.534
377.364
6.95755
142.931
115.725
93.2878
118.102
151.991
7.30179
7.51077
501.652
352.395
187.641
7.06476
6.06783
103.37
276.889
6.24393
210.766
316.019
500.505
167.244
6.61304
29.6392
37.2994
14.8977
68.114
223.846
253.999
327.697
102.88
7.06764
281.086
84.2292
200.063
281.92
179.891
6.82433
98.9048
35.0326
7.02819
7.02952
279.702
11.9648
7.5276
115.789
218.036
340.958
395.369
120.724
219.681
351.751
190.992
7.66933
394.037
150.696
450.22
286.095
183.734
7.97354
7.83777
410.36
0.353035
190.561
49.9908
7.8186
6.87523
338.704
7.81131
16.7556
371.973
263.084
32.7091
220.487
297.892
90.2274
238.859
7.57564
482.073
31.9999
138.133
502.556
7.43272
520.569
374.875
550.682
2.19882
6.42138
39.4534
7.1396
192.942
11.1863
210.542
251.194
224.215
372.247
8.17701
8.37131
7.47812
468.778
516.482
7.61511
310.458
7.79621
362.32
6.79095
30.9281
6.75519
306.692
291.238
6.40133
9.58313
186.443
93.3351
67.1451
550.841
352.922
162.565
45.172
7.10071
449.216
420.092
331.879
81.935
165.225
-1.05136
257.56
11.9985
394.35
7.27184
163.323
282.902
7.45137
113.342
463.397
6.46927
7.45884
339.188
179.664
428.117
358.403
6.90788
97.7823
35.8478
473.685
454.217
134.534
268.269
307.294
238.931
238.958
266.386
4.59749
8.50847
154.817
234.192
486.283
7.50879
190.523
7.40368
23.0472
315.431
82.5294
315.658
7.02694
260.365
505.388
459.945
109.808
11.9259
7.42807
350.659
188.645
369.917
7.42598
10.6494
203.827
300.714
44.7887
226.026
224.365
127.357
341.512
330.522
191.123
37.1645
425.711
6.10881
312.554
39.529
7.54651
299.95
7.52177
74.6402
258.083
157.331
38.8377
345.125
428.518
290.698
7.15438
7.88916
6.7951
7.79431
6.9082
123.309
561.111
7.57424
256.724
209.796
20.8961
346.895
297.334
431.737
6.1172
246.143
387.815
40.6403
6.99812
7.14127
317.742
7.16232
296.329
7.25586
6.45952
267.561
5.30013
163.63
84.7858
94.6777
348.237
311.824
85.7069
6.90571
117.605
9.48168
89.9305
180.419
105.175
176.123
97.0222
83.4897
304.164
367.39
447.397
302.72
8.07859
188.428
378.817
8.34232
63.2049
309.299
104.746
509.176
213.693
75.6492
259.446
556.82
268.706
145.327
52.1057
176.417
227.759
50.0031
488.269
353.666
460.787
333.438
57.7793
372.18
362.125
360.741
86.0859
354.731
112.631
7.15713
327.933
235.28
229.412
7.48598
52.3957
7.19835
7.66497
299.711
101.03
6.29602
6.60655
6.73319
35.7442
418.637
57.3591
197.212
6.54216
46.0581
380.891
256.197
7.73392
504.129
283.21
223.764
124.73
8.15903
432.131
7.61939
156.013
209.934
170.245
158.13
489.008
31.5673
7.17504
7.06814
5.64419
7.15016
392.365
253.342
376.65
425.26
7.18006
167.842
7.2301
7.2216
93.572
111.839
380.705
7.40812
7.6142
7.21432
6.29748
78.9437
80.1952
356.205
6.84774
437.911
112.96
199.162
49.908
516.45
6.99988
6.90821
353.007
451.527
187.415
7.31207
11.9092
8.04293
16.5126
276.844
7.41737
170.409
182.727
273.79
350.843
11.5646
6.81569
286.712
232.069
7.03215
9.9326
6.11302
216.785
38.4513
7.05025
253.966
7.46995
6.9252
197.073
197.676
321.314
10.6412
262.388
165.072
252.809
448.118
366.811
6.12034
190.809
409.6
261.213
132.991
411.201
106.731
31.8939
405.825
309.755
45.1072
6.88268
405.661
127.292
310.447
7.63274
138.576
333.812
14.0219
62.0728
166.664
7.12734
187.294
403.741
310.564
6.89597
385.377
17.15
9.76353
237.532
7.87211
226.321
112.42
442.744
26.7878
7.22932
130.846
158.132
180.094
18.4751
173.981
7.81893
329.737
7.28023
266.629
489.335
486.056
244.533
216.601
7.20812
430.955
83.4634
469.146
11.9082
7.08465
39.6602
419.261
33.9828
234.416
186.62
7.12819
142.568
34.7009
6.99912
430.645
7.04945
6.36524
283.739
273.488
221.962
358.3
494.161
147.925
436.304
7.81396
392.984
447.515
141.783
322.224
7.56569
7.39585
270.963
362.868
326.821
418.794
101.633
6.98493
161.74
155.036
100.223
401.704
34.2984
158.125
7.48728
172.837
330.559
26.2945
19.7673
355.342
193.03
451.9
197.855
7.05009
7.5642
7.31239
121.05
377.033
67.8626
287.523
108.447
7.22597
7.26083
7.03299
413.263
7.03789
451.597
456.04
571.806
63.1067
7.01108
300.99
118.056
222.052
410.433
284.781
52.072
6.14791
6.38991
5.97141
160.093
367.039
403.154
313.646
28.0117
72.0289
7.5065
329.652
6.79954
366.77
8.30512
155.879
184.416
341.597
7.03175
7.26737
125.328
293.325
7.27823
428.074
7.24337
237.42
492.454
7.48123
72.3722
445.052
236.13
263.39
104.453
480.011
9.12377
436.105
448.652
15.2272
49.9938
252.497
7.12609
89.8511
6.42788
7.23805
7.69956
163.064
7.55911
271.125
222.962
277.028
179.758
536.255
6.48457
362.382
7.37982
109.822
21.4186
210.346
168.997
376.567
43.9793
8.42782
7.77279
2.31675
90.3603
7.61745
7.66522
59.0289
12.4939
7.26481
7.45237
386.517
287.284
170.494
6.45066
7.31266
355.414
152.85
210.23
136.529
30.2693
6.94821
371.913
203.381
50.6302
7.4435
351.524
6.94416
291.145
12.0646
72.5853
118.718
387.031
366.758
12.3771
361.002
253.344
353.79
25.1301
6.93561
7.10433
395.021
514.105
7.68066
329.718
540.288
81.2503
45.6963
310.649
505.761
235.517
56.5399
428.85
252.621
161.72
385.838
213.604
191.818
221.928
561.699
58.4861
484.891
554.921
6.31056
122.617
149.65
505.184
193.719
73.8485
173.032
7.073
163.187
24.0153
384.043
6.42399
380.509
6.65317
430.241
169.681
25.9195
339.781
34.2659
253.572
145.306
4.94706
7.86814
6.34839
395.738
322.426
282.433
284.563
6.69454
406.659
503.406
141.455
7.33508
18.5157
346.433
224.407
144.831
138.768
373.341
7.56083
72.5599
455.308
385.225
7.81904
69.394
495.399
30.6279
107.68
18.5398
356.472
221.984
535.513
40.0306
7.10069
110.453
146.083
162.958
423.424
288.628
7.7561
210.408
217.104
135.699
428.464
62.3033
473.35
339.86
392.433
167.622
209.849
450.259
6.91676
7.0144
237.597
7.79897
512.405
7.27846
199.887
390.222
6.88976
7.32902
31.6844
5.95365
85.8993
137.775
419.118
133.023
334.2
192.544
413.037
6.01306
437.384
285.001
11.1715
7.16522
486.889
7.39103
369.82
7.52904
458.247
6.64773
164.263
348.175
454.985
89.3814
68.7402
188.161
7.90185
90.8758
11.3223
6.63078
203.869
173.706
245.575
224.396
7.39644
252.176
236.131
8.13293
6.26387
132.353
350.385
299.049
118.861
7.96682
523.837
7.33196
15.1652
284.23
462.731
68.277
7.59426
5.60054
123.327
82.8457
6.57087
552.963
415.267
233.613
112.124
6.61601
7.74195
6.92709
21.2292
79.2878
235.161
129.04
7.88182
309.76
275.278
216.084
302.744
8.75959
293.378
198.483
5.70522
129.321
7.21192
183.672
141.531
426.665
155.351
6.78797
474.665
7.31612
16.3599
110.037
48.7048
433.381
23.5448
25.4894
74.3682
6.73275
235.992
6.92203
419.79
480.837
409.44
349.894
112.645
12.8118
6.87335
129.342
574.149
366.559
421.634
133.125
187.439
337.414
411.908
441.858
5.4473
7.7261
365.449
4.96443
264.486
420.234
346.882
10.611
90.2484
341.388
153.388
7.31209
79.755
2.87152
84.4008
485.491
105.715
8.17409
7.97926
7.25861
171.203
193.943
384.597
312.152
42.6564
47.9499
6.69719
13.7574
517.847
448.567
6.83529
113.515
29.6648
365.793
318.708
247.565
305.52
288.489
43.8384
6.5372
7.07261
256.107
251.013
7.34345
6.58681
312.642
7.67023
18.6165
428.421
223.4
356.714
128.809
7.10504
435.803
155.833
6.90818
7.1603
9.59664
210.265
117.168
37.9634
57.658
121.714
440.796
88.121
7.45509
291.981
79.8037
142.902
6.70418
91.3167
241.019
359.307
7.15319
227.307
423.32
133.074
232.118
246.758
14.7339
492.467
128.359
7.58711
178.208
186.893
386.444
238.714
109.003
163.002
6.36269
217.755
368.954
7.89452
7.3226
162.079
197.14
318.13
84.1305
125.19
7.30479
456.586
204.197
353.1
261.236
315.21
291.625
361.559
498.406
71.2416
160.304
327.812
398.938
439.196
510.788
6.26717
8.2156
338.511
315.481
328.675
494.506
198.995
88.8558
50.9748
6.49229
14.1229
7.16698
8.24815
215.031
189.473
6.32381
7.51818
480.361
6.33188
7.49522
12.3028
294.65
297.316
-2.43681
506.38
10.093
6.9413
63.7511
8.2958
167.96
98.5477
7.21194
387.787
6.08398
255.63
221.263
378.965
255.501
50.3901
150.07
238.654
136.721
258.089
326.417
380.465
7.17255
6.54721
43.086
381.34
312.761
25.5311
288.067
318.57
440.943
7.96663
157.829
382.363
222.104
40.1301
7.36651
7.47522
94.8344
7.37805
485.434
7.28804
479.3
7.82747
7.75298
215.401
207.522
7.76407
276.731
233.146
296.716
108.086
320.442
357.634
6.78459
385.308
6.99376
6.86928
240.393
7.14291
359.307
7.17393
347.464
158.554
104.956
110.954
327.555
9.05685
460.889
7.178
7.58704
7.11433
127.141
6.51273
7.65801
40.2315
363.759
-0.121041
473.463
7.10372
7.38498
239.079
254.908
273.93
7.34339
308.067
536.519
208.96
437.555
7.79243
9.52588
7.09592
5.93749
160.623
190.665
6.24776
167.31
24.7338
492.378
140.631
390.32
294.219
107.95
-2.75062
193.139
37.4118
317.733
283.71
336.899
310.517
7.50285
10.6519
89.0956
7.36232
130.064
380.433
190.207
326.621
293.055
13.5716
136.072
365.332
203.532
174.83
7.67752
76.3349
216.479
365.167
6.8453
5.80579
318.303
316.362
7.34093
32.3445
38.2653
440.874
23.0111
213.782
446.273
363.17
7.10117
403.37
7.05396
77.8977
341.773
7.19373
361.095
380.899
83.8009
24.2688
323.295
9.19044
42.6905
104.574
185.947
32.5869
6.94445
252.771
6.65991
32.6097
153.707
205.205
26.5638
459.656
178.884
7.27924
65.8084
75.8404
344.269
57.7825
7.70548
6.8534
158.473
5.88873
7.23561
7.76545
421.901
134.871
6.61312
343.726
62.5263
81.374
180.817
226.116
243.668
63.1592
381.31
8.0414
7.02918
7.51086
398.151
103.764
150.939
147.109
27.9501
41.2913
17.3974
153.736
498.49
247.058
358.404
6.98124
221.857
9.41671
6.95253
7.26509
114.251
37.0024
502.592
272.32
182.148
449.989
7.49137
12.3325
100.27
8.01148
7.13913
138.255
429.751
344.876
7.38192
179.918
164.226
76.653
180.085
264.089
99.0762
6.83521
167.074
7.73311
364.675
160.742
4.98031
529.529
13.8024
129.94
8.77411
133.704
7.40308
324.601
7.90533
382.774
7.28649
462.529
220.291
143.474
173.735
387.777
186.287
5.92797
7.6065
363.074
69.0499
211.293
403.102
7.5403
154.706
333.926
462.469
366.092
88.3624
299.355
42.3299
8.69731
204.247
73.6967
367.734
309.142
67.645
172.155
178.305
8.14245
130.363
116.994
182.574
155.565
85.5309
30.9496
431.82
19.7204
232.654
8.22066
5.39263
74.2843
96.6985
128.222
166.053
253.9
185.102
6.99511
299.821
315.573
6.0582
258.604
199.447
115.334
560.577
6.96692
312.213
257.831
6.48304
549.61
47.6279
171.707
353.938
190.443
5.015
6.68882
463.148
29.5478
7.21748
463.32
20.9014
7.67849
272.631
229.208
258.109
6.67092
32.4366
111.35
7.67262
397.936
89.5256
284.405
436.978
6.60945
21.2053
497.242
196.847
205.602
410.363
462.189
6.91245
435.856
46.5857
10.033
120.12
6.94114
387.526
180.269
7.65888
7.5289
91.9673
7.23727
47.7268
263.483
468.862
389.074
8.17465
101.414
325.366
8.89858
93.1421
7.80882
383.543
12.8456
383.047
231.88
48.7923
7.73473
354.055
247.101
492.402
6.03803
311.698
44.6318
121.677
205.522
5.3338
7.15006
6.1933
7.21665
307.665
6.9909
122.706
271.95
79.5817
78.4848
302.03
286.437
535.853
39.337
7.84875
166.206
7.29518
251.062
364.755
24.3206
13.2163
82.6102
7.47861
249.033
399.64
35.9154
252.586
115.562
393.201
7.46383
7.35883
245.454
298.199
348.987
7.00263
6.88659
44.5238
11.6462
62.4539
140.513
314.749
350.857
372.5
184.836
275.812
433.747
8.62789
393.455
225.373
529.016
7.32122
367.269
333.287
7.35614
468.962
9.66924
130.715
188.858
239.927
6.90179
61.5447
323.976
248.508
94.5347
97.262
356.742
107.742
5.82304
312.148
428.258
203.33
562.061
242.804
32.967
167.227
6.75311
7.31775
429.955
7.89335
211.971
465.015
403.571
252.179
7.91314
224.958
336.943
382.809
356.325
232.046
58.5022
385.908
7.12308
6.77228
8.45135
335.85
6.97885
87.5156
469.23
445.255
224.283
218.768
105.418
6.09867
215.08
348.688
7.43891
76.9175
334.505
48.4872
98.0141
7.87268
330.875
4.68149
70.5868
282.388
92.5401
289.84
101.872
355.358
9.04713
337.517
46.5897
428.673
20.3955
77.4708
157.474
390.079
382.33
6.26356
412.922
6.90707
8.92617
92.4161
152.105
153.67
124.269
7.4746
63.2078
32.0903
72.3899
131.658
6.95255
50.4328
157.756
196.552
105.154
43.2546
39.2093
33.6987
120.391
5.51166
355.249
25.0894
9.44361
513.119
512.252
463.683
214.566
295.554
194.712
160.785
70.4463
204.744
7.02034
134.158
342.895
7.21253
7.14657
307.055
190.014
168.309
274.886
197.926
437.37
159.676
273.159
198.068
8.27055
10.0119
10.1214
76.2498
93.0612
158.961
7.64236
280.645
270.914
360.019
7.4775
7.40096
119.328
485.954
108.378
5.72658
231.788
373.538
7.1639
7.58209
9.75888
6.88567
444.128
405.214
6.90608
422.2
22.6874
82.8345
7.45173
17.4483
7.53928
7.06424
150.555
535.338
270.029
107.498
360.698
196.746
112.919
138.501
6.94463
42.8632
8.41308
6.60727
6.01757
274.471
6.60664
570.753
7.53106
495.849
123.814
348.178
322.606
19.4135
388.733
53.4744
402.223
194.026
299.583
351.353
466.832
197.644
5.73078
174.09
7.36241
153.933
230.03
147.704
7.46019
267.316
144.866
7.47789
61.7969
7.56981
431.569
7.37446
368.703
6.95274
7.06915
489.937
170.971
70.7903
7.25423
13.2238
31.9411
208.424
362.127
22.765
296.877
109.329
48.6794
7.47238
400.073
528.698
339.53
116.031
151.702
100.845
212.493
39.634
318.177
361.117
7.36976
7.16292
78.0221
177.022
65.5305
65.0985
114.662
39.7815
73.8111
73.1437
302.301
190.994
376.037
6.79584
170.058
374.213
404.361
44.2409
111.751
230.596
16.2774
7.80142
75.4724
60.1252
17.0843
6.69092
6.94409
7.4783
7.18758
6.02241
392.519
7.44188
296.959
7.09217
505.857
7.08485
146.809
472.148
5.88916
326.477
374.624
412.621
213.552
13.0746
426.656
379.635
17.6823
6.80179
47.4534
146.324
7.6594
48.1199
386.313
473.47
7.45131
30.3904
223.677
7.5411
96.7845
303.099
8.35402
132.675
7.2307
5.53494
6.96125
7.41895
68.6715
214.465
7.38099
157.083
246.577
8.83563
7.18247
422.565
7.4999
381.07
7.78322
379.152
133.164
307.485
161.223
6.87086
275.777
285.504
343.916
303.036
7.43549
65.3228
345.453
389.267
21.6726
57.2785
6.15686
349.77
232.521
93.5744
178.218
360.236
198.87
107.559
6.06677
19.8594
399.271
356.071
438.491
408.317
18.5313
7.35719
439.069
170.782
325.855
7.06418
43.2942
135.544
146.634
534.938
198.404
311.735
6.06595
213.041
223.623
465.422
108.123
7.97855
296.642
370.334
196.478
7.83935
241.436
5.48965
343.764
204.869
7.42037
19.9694
49.9206
22.8599
217.773
193.196
61.3276
72.8259
7.41552
74.203
221.661
264.913
280.534
10.6286
167.308
7.63648
204.081
140.299
47.4277
88.8692
28.9424
439.761
337.062
15.6622
284.977
380.814
298.055
443.422
7.72981
8.02487
146.63
434.213
418.1
145.699
119.853
439.657
502.639
385.875
7.45945
7.97359
7.06493
204.677
462.566
528.421
8.06994
96.1186
241.3
534.236
381.826
472.604
6.93338
347.943
129.483
151.766
67.9281
253.29
7.31971
269.185
4.84785
6.83918
306.572
184.871
85.2346
32.6218
124.969
41.6597
134.274
159.915
109.559
55.3672
44.2966
340.321
405.098
394.068
11.2169
324.313
318.749
351.198
29.6311
232.629
5.93559
276.151
9.42894
134.823
92.3171
349.326
3.38314
74.1016
248.443
332.586
291.366
409.052
202.599
7.37425
6.92403
182.585
6.42995
454.645
50.6649
454.701
7.35534
497.382
506.906
28.2876
7.24255
463.231
278.576
174.159
92.8949
29.8556
7.08141
7.3692
7.70202
203.511
155.33
99.6557
7.28292
119.174
280.935
89.582
9.021
233.137
5.63621
354.723
151.366
6.80992
289.044
7.88971
67.619
7.58664
27.5693
289.878
5.05005
352.72
57.2749
397.643
7.33733
69.9552
7.01544
93.0853
453.37
7.18932
331.654
106.654
325.551
38.7112
191.875
7.51629
65.8707
5.97347
156.585
180.415
190.691
7.0428
407.201
346.915
7.09846
297.202
339.966
222.007
9.29127
311.386
8.83612
7.36688
236.394
6.93155
119.304
530.708
232.387
463.928
8.5245
221.443
161.739
198.23
7.26899
332.859
7.96539
358.031
170.702
42.8982
137.496
392.862
287.273
187.252
7.13117
343.095
272.348
7.22847
10.2719
341.809
495.28
206.624
114.753
373.683
490.221
53.7117
7.44119
344.069
6.56821
306.906
396.521
399.736
3.9613
131.454
164.298
353.394
6.79844
6.99761
312.517
238.208
6.64612
372.74
264.359
448.306
458.442
7.3989
166.247
489.684
7.85889
25.7995
64.4411
7.0968
314.125
102.977
285.026
8.12192
401.473
220.683
364.149
7.67785
369.041
255.838
105.92
112.076
127.406
126.864
576.823
85.9508
519.574
6.10065
7.42219
7.4248
450.867
117.429
6.6364
271.763
247.433
43.2254
310.577
490.015
7.33008
108.543
7.50022
5.74339
66.8092
283.167
94.9445
6.91945
473.289
376.757
172.999
6.48041
435.458
288.533
491.023
7.43729
7.16579
8.07087
328.777
7.92922
233.848
239.134
45.4462
6.42478
288.828
482.901
117.805
400.668
6.89011
7.00278
29.6917
294.538
6.62831
125.404
7.88281
102.221
7.3568
209.72
6.25412
212.495
192.006
4.25716
143.967
77.7409
167.909
0.440662
212.691
357.245
7.72842
482.529
30.0752
115.784
224.587
343.128
487.788
162.597
7.36035
112.312
36.9749
262.296
120.104
287.906
237.046
6.97071
17.5475
5.99507
8.71005
411.587
366.679
128.272
7.29936
248.503
286.329
544.218
434.587
382.011
319.811
6.04202
339.584
357.579
8.01278
7.54852
116.833
3.57088
414.836
4.28449
81.5455
153.747
104.822
276.218
305.543
7.17114
6.49693
424.621
426.813
283.364
437.909
5.75563
74.0177
268.71
102.843
508.443
309.899
309.152
8.12042
320.645
189.485
259.365
276.429
219.057
8.37644
226.816
372.652
225.164
227.644
7.11153
7.08301
7.53266
7.60565
481.383
334.616
225.947
435.166
312.59
11.3301
406.763
384.493
7.08434
313.357
7.77338
6.98181
104.602
119.933
146.531
7.67098
26.5153
300.6
47.2108
157.897
435.253
90.3734
384.407
53.7665
7.08155
5.49198
364.825
96.1417
6.12597
535.6
7.02532
127.317
326.944
442.116
451.023
63.1801
306.694
367.644
79.2767
212.118
7.54365
179.995
457.163
311.449
459.164
246.117
307.102
133.689
474.021
6.63851
268.224
232.457
279.519
8.85247
315.819
142.683
521.213
335.163
247.078
7.1308
7.21522
76.2074
12.0709
168.192
115.375
82.7447
54.2272
179.996
299.414
314.738
357.084
7.68472
178.902
261.446
303.347
288.902
16.8671
5.93843
6.85997
271.051
220.725
267.717
6.28172
14.1243
460.944
34.1297
6.92831
334.944
44.763
232.913
382.87
245.869
57.0831
-122.192
26.4273
3.62482
6.86609
334.045
7.43735
209.795
7.1794
7.50607
5.93917
8.2579
460.275
338.717
222.42
90.6112
7.39183
175.239
400.092
119.736
401.603
103.14
267.659
41.0879
116.061
10.5188
57.1807
338.254
161.217
6.7785
393.584
7.69238
157.303
217.355
534.344
164.997
6.79675
8.51765
220.388
194.123
7.46978
7.50154
249.249
264.461
88.3166
8.01003
7.25015
6.23949
268.955
320.93
243.249
243.267
132.221
215.811
301.82
162.566
7.88602
360.747
8.17781
6.60303
102.903
7.79334
74.3836
63.6278
377.816
6.11912
6.95575
368.906
388.376
7.0679
451.624
208.517
470.004
246.21
196.576
220.173
235.863
12.4049
108.645
313.571
24.6784
507.508
260.163
146.762
219.789
7.40643
7.07373
148.886
501.511
343.031
161.522
344.62
351.457
141.936
313.656
6.43113
7.35871
186.788
234.006
327.631
175.877
84.3577
52.9207
131.492
7.08854
365.181
352.884
534.578
7.14145
501.989
307.161
317.69
7.07832
451.031
373.282
210.616
6.90857
93.7956
6.80975
47.6464
7.0561
28.516
170.584
125.558
6.9893
34.9745
16.3834
391.088
573.066
8.11719
59.0416
153.763
166.576
6.63642
58.8677
58.6988
7.09835
12.5002
124.159
83.6081
7.65545
289.536
381.095
149.902
6.35794
101.116
284.974
294.344
222.465
7.00201
291.129
3.84248
365.795
5.98421
7.09641
8.23497
144.751
9.66935
37.1809
113.92
526.135
425.683
529.97
236.774
407.025
44.072
7.59209
24.1466
18.5864
323.485
278.06
396.654
250.579
349.51
161.309
238.98
120.635
76.4388
240.888
363.701
327.04
375.837
542.482
264.227
380.119
7.61444
167.891
7.04132
566.831
241.261
222.356
7.28599
6.98582
7.15398
337.096
8.15059
270.053
53.9681
414.623
26.5564
207.806
163.671
27.4034
30.0118
29.0434
240.42
504.367
180.416
452.831
467.716
31.6554
7.34639
6.41389
225.009
5.8194
94.5106
326.826
326.169
7.42779
7.11521
7.51695
511.66
7.17362
61.2944
226.335
349.498
177.819
330.681
446.619
209.489
8.31834
283.082
165.65
335.954
6.5806
236.102
127.544
511.417
194.986
252.649
7.33361
248.037
167.344
6.78799
286.833
111.739
8.5333
113.018
176.572
404.261
296.46
46.562
225.623
4.68497
120.449
187.648
555.021
7.17573
6.8946
157.387
364.907
4.82546
73.4831
208.672
561.371
35.675
166.799
126.53
7.21402
348.629
52.2139
7.31491
365.76
52.2127
172.418
4.49646
7.43403
321.521
6.69093
8.36982
87.4374
7.1285
14.5205
7.38149
172.108
7.85401
7.03942
24.6297
238.453
267.855
249.418
158.084
335.324
67.1305
239.072
7.88869
7.34314
7.55135
7.06727
180.384
222.596
380.34
306.479
202.488
8.52065
303.981
128.974
230.787
389.711
6.46199
5.92741
7.6343
111.696
213.314
459.367
6.87845
300.835
405.807
87.0885
7.089
125.43
64.0791
6.81594
7.04942
398.529
324.987
129.014
160.204
307.522
405.984
348.114
164.133
6.5608
180.773
127.908
122.025
7.16502
355.786
448.678
6.83383
441.161
7.48216
123.975
150.538
26.8811
-12.5121
580.834
64.444
482.604
120.757
6.55011
98.1188
358.836
392.065
79.2819
155.346
7.79736
78.5943
7.65048
225.637
61.1597
35.7939
165.405
382.273
131.248
120.646
8.68448
193.271
224.941
361.449
7.32726
299.71
252.576
137.277
78.2317
123.951
130.38
209.994
322.472
7.33691
132.781
110.964
46.4812
356.81
16.1829
404.923
129.607
382.89
4.79357
357.121
173.813
482.718
140.508
6.87284
5.62368
68.5829
81.5668
182.508
183.055
287.702
339.891
194.289
230.787
242.52
398.969
94.5675
261.039
252.738
390.422
6.96512
18.107
131.074
7.04407
122.803
270.108
134.408
473.929
145.807
103.611
175.659
77.3037
180.236
393.517
114.871
7.08777
8.84498
540.262
144.35
7.42385
186.653
26.223
56.8911
418.124
219.936
369.506
251.408
69.8889
241.296
-9.54062
187.212
439.152
179.16
161.905
46.895
7.29692
125.143
60.0836
7.21422
554.028
6.64885
108.366
88.9757
55.9657
231.316
7.0973
22.4824
418.097
300.695
25.848
223.369
137.911
407.868
27.8687
235.964
13.2126
6.46207
348.602
478.993
187.498
104.266
294.685
426.349
299.638
270.498
7.34472
138.942
102.176
7.61246
473.444
166.559
84.1996
11.4348
25.6727
137.214
173.521
89.7922
429.264
5.40174
499.424
20.8878
528.625
273.344
7.67891
6.75504
7.09696
153.009
242.913
165.449
22.8415
7.20676
374.556
180.85
11.078
7.4358
31.0213
196.453
8.26029
273.784
54.2103
417.329
134.165
265.372
7.02846
224.913
184.61
100.681
369.688
312.424
249.28
7.44947
7.11335
308.66
457.978
289.801
123.245
402.502
227.239
7.15557
268.942
119.71
461.828
8.42633
57.0289
8.00603
247.895
5.83462
6.79262
6.79941
191.502
10.9377
6.85391
7.20074
6.80897
7.15219
218.814
10.6351
263.983
7.54059
160.034
7.24496
7.2933
10.36
146.83
177.538
7.84419
247.277
215.165
7.23712
7.02421
6.07767
416.827
246.178
7.37924
14.2094
412.564
6.09194
512.819
353.673
7.2599
439.46
9.39032
182.945
281.321
269.264
465.568
440.82
287.655
6.3278
119.35
315.369
247.942
494.56
342.808
6.90191
7.50568
82.1246
7.44323
179.882
457.947
14.3719
310.546
188.813
328.683
136.699
7.2897
174.734
346.523
6.92956
387.962
343.843
5.7503
10.6379
257.918
184.996
44.0705
174.32
6.47271
161.609
298.403
78.3947
74.1997
61.9982
177.979
267.544
47.0948
16.5406
7.41603
7.23927
190.263
121.725
389.771
56.7177
280.778
202.219
193.009
463.302
189.261
371.113
72.8585
226.023
18.7918
14.0202
540.77
97.4862
280.091
407.995
470.392
524.338
2.71425
6.15549
-0.0347112
332.505
122.979
390.56
508.824
7.61958
305.997
413.393
7.06365
153.248
7.28662
272.61
150.036
366.919
418.652
267.672
227.736
203.94
137.889
6.02768
16.1737
24.411
6.22968
7.0124
445.023
4.79645
223.174
7.02897
100.597
6.93523
67.8588
415.624
466.367
7.69484
176.778
255.568
394.529
7.31706
73.298
128.431
6.72502
372.906
44.2371
238.453
240.323
180.539
481.693
73.674
47.2854
224.588
6.77635
98.0856
49.5897
296.591
6.88423
444.979
501.765
6.73728
416.619
7.51868
7.41613
6.25315
542.959
104.443
4.66557
306.583
6.67607
485.884
7.52252
7.15671
203.434
5.99488
7.35338
6.04408
89.0281
10.5279
8.50436
581.806
40.3851
7.02588
219.79
7.03179
74.4495
391.268
408.785
350.484
456.353
71.5803
7.27056
486.081
102.729
154.576
6.66656
7.52579
157.183
7.38544
21.461
311.614
395.653
109.476
173.762
17.7149
52.5502
175.47
131.823
234.843
427.583
249.82
7.94742
7.06226
247.511
8.05236
-2.63318
56.4799
6.7702
376.435
420.675
13.4071
214.246
537.762
6.47958
254.389
6.59374
291.902
195.983
357.908
8.98352
523.858
378.398
377.365
381.492
175.316
307.528
7.77083
6.38143
6.91984
86.2131
185.011
517.214
8.08805
506.407
78.1335
520.687
7.69482
251.477
223.238
244.214
6.39493
162.264
235.528
247.851
176.811
264.688
123.375
171.858
375.677
87.7961
68.0846
204.561
6.24302
75.3352
247.565
266.74
405.246
99.288
72.0454
148.949
7.26298
7.27604
329.976
145.254
8.51367
7.43941
133.006
413.183
37.1119
161.292
334.58
162.048
7.07893
86.6697
141.869
318.597
5.28021
363.2
6.37346
69.3596
102.385
416.076
24.2537
64.2969
116.07
367.345
7.45613
371.756
6.66942
117.497
468.878
7.51688
196.851
108.042
8.29065
342.173
65.4765
350.464
7.77134
60.3184
6.9767
51.3822
181.209
498.86
252.463
7.67667
7.2502
6.75734
419.825
44.7098
7.61165
180.249
208.4
5.99058
181.238
90.0419
269.48
15.4443
254.854
207.196
291.839
343.572
316.579
231.182
166.792
141.981
437.359
7.6391
384.383
7.21215
181.041
331.356
71.549
8.0863
174.755
7.13375
317.712
7.79709
7.31784
8.06596
212.115
98.3405
337.226
7.25778
5.49638
144.084
191.495
270.774
538.127
15.52
7.02857
12.2653
85.771
227.835
7.92107
6.02187
431.157
82.3557
7.19934
481.133
53.7989
14.9394
527.425
317.704
454.366
162.227
135.663
25.8828
191.734
109.974
217.438
456.444
161.929
327.302
54.4881
86.1875
32.0565
5.58996
216.727
9.2021
229.862
240.208
6.89855
307.88
355.042
39.5341
160.143
7.66754
477.15
42.8903
8.38385
7.02222
5.04377
529.184
39.6063
6.55983
411.641
75.5928
347.853
339.991
248.407
481.018
154.081
109.133
284.995
79.9287
122.869
333.672
97.7956
133.478
333.21
133.531
273.377
363.565
418.35
18.6098
307.301
133.316
241.333
12.8189
298.834
95.1424
441.215
95.5718
7.35165
41.6073
7.36593
311.51
7.5332
257.827
7.05585
108.983
7.03648
160.43
96.8708
4.60959
79.2058
145.109
7.44946
220.436
268.563
256.909
138.555
7.74348
6.47893
350.785
514.551
194.464
286.359
7.09451
7.53539
182.124
137.029
247.106
6.63696
285.212
7.7303
19.772
266.795
310.633
150.967
536.365
234.631
6.68986
216.217
7.77954
189.491
204.964
381.72
124.619
200.141
448.626
210.989
16.711
192.249
8.74931
393.288
489.23
201.024
119.261
8.18674
135.001
398.398
410.119
127.443
550.845
381.794
192.625
10.9383
6.39234
429.067
62.6318
6.31708
490.568
46.7211
7.46198
101.881
137.719
168.167
352.134
506.43
7.19684
284.376
6.64404
7.8604
5.18928
508.789
12.9995
64.2985
104.158
499.196
225.711
1.23892
190.404
236.863
99.7283
7.02156
299.134
404.049
314.401
428.644
7.47793
7.4418
342.238
7.16996
63.6523
205.547
426.698
276.877
406.527
6.03922
6.85396
7.67679
7.29756
5.59196
211.206
188.096
208.994
61.5051
113.371
100.106
292.909
469.314
123.895
358.151
7.45353
7.94905
34.1847
6.37424
8.80469
304.851
178.333
204.329
542.592
326.449
7.88887
287.195
6.94109
225.438
116.151
186.528
90.9218
315.312
198.922
200.439
379.432
7.81092
503.643
213.488
7.45197
281.246
519.08
8.43734
419.557
7.51657
7.64528
190.345
94.168
368.386
7.44929
7.9242
156.734
307.059
6.50867
52.7792
172.223
275.039
317.779
312.163
431.119
315.021
504.539
7.02777
10.1134
6.99171
154.111
6.64617
14.3255
222.619
131.417
421.79
150.703
236.472
23.5564
62.9138
225.651
28.1532
104.845
491.075
651.49
71.6802
299.141
15.45
7.0463
144.035
222.517
7.59486
150.365
4.92841
106.805
355.146
486.061
188.46
246.717
151.868
300.162
267.225
54.3767
427.599
181.554
267.052
375.618
530.947
383.984
290.232
419.907
334.517
7.28513
242.688
247.967
51.6076
417.494
534.933
7.85563
336.881
353.282
27.2966
7.19163
372.985
15.7972
7.09901
31.1255
151.659
387.555
171.566
99.4582
146.21
267.91
194.192
247.249
210.045
163.546
322.956
58.8792
6.41805
8.0822
7.32546
2.64996
61.7591
2.18998
195.507
26.809
273.183
332.006
33.6871
39.107
316.491
168.501
8.09768
6.95886
215.015
205.376
144.359
352.623
238.685
7.51853
17.2412
261.104
162.304
49.4249
8.05715
414.852
440.756
7.34384
85.1978
17.2779
380.249
6.98128
14.7321
261.724
6.90177
238.911
418
6.88024
87.1562
411.025
7.53431
57.4497
86.6688
272.257
7.21052
213.629
452.307
379.139
225.128
7.33055
254.171
4.99472
7.68804
8.20019
205.849
205.508
7.4707
386.923
7.5369
42.9845
7.09813
6.05529
394.19
7.50511
258.969
452.158
11.6476
15.6848
152.962
411.069
167.574
204.394
100.37
140.076
247.238
7.37645
6.6406
226.25
157.171
6.87906
159.849
36.713
127.419
8.15722
127.494
7.49944
6.5743
389.758
14.8727
30.8873
206.424
6.93147
582.166
250.052
115.919
39.464
250.191
385.459
89.8924
136.376
319.957
76.2992
7.19141
131.059
272.092
142.894
7.8768
93.8415
6.71233
311.444
138.516
7.22173
6.04177
5.93694
281.305
182.084
43.8658
307.707
410.996
7.29044
8.04141
19.8139
18.4859
6.99629
7.42535
105.34
385.363
83.8236
55.349
368.847
78.0891
390.783
379.93
6.91624
60.2069
7.15076
7.11462
119.46
50.0604
204.283
93.4192
341.714
238.717
371.127
317.361
38.5951
434.859
320.287
453.359
442.353
7.01163
7.76998
274.632
373.971
508.918
358.355
213.28
345.809
8.87658
393.472
37.4299
253.438
7.3468
246.65
359.977
342.463
245.075
6.0043
305.042
5.91164
366.598
451.956
236.965
25.9775
184.957
33.1975
6.96786
6.39274
473.087
279.738
345.596
187.523
450.456
463.775
380.479
45.233
7.3897
7.3185
532.352
96.3854
336.138
7.75579
257.9
-0.0543892
424.901
175.63
267.476
6.74746
483.064
7.68749
7.32661
6.54935
75.5959
6.90211
5.55049
281.924
261.641
308.868
230.242
127.075
7.32795
361.482
7.43252
400.966
6.96535
31.532
8.21925
7.29834
6.94302
6.79178
258.635
7.13568
102.703
99.5612
7.12369
7.42976
7.56013
313.638
189.142
18.1576
218.178
8.41367
8.14088
105.764
99.0406
7.49001
127.319
414.57
18.0435
259.326
183.192
428.785
6.87425
371.932
7.6245
437.194
138.259
7.17288
480.421
6.71583
227.771
7.63256
39.2597
268.384
145.481
215.259
116.513
7.00584
369.208
33.3426
7.00054
320.914
7.25448
493.016
284.945
7.08004
7.12056
355.758
21.4066
33.4218
410.17
16.8636
183.608
7.32901
220.857
558.948
7.51693
429.088
8.04069
6.87715
46.5499
167.961
95.8395
7.58778
159.65
7.15497
7.24783
6.51131
295.032
481.477
178.452
122.241
6.8988
7.23312
300.858
447.283
232.464
392.489
114.222
502.16
135.089
369.185
63.6306
233.503
128.668
281.365
233.846
7.10104
5.41927
6.78397
339.549
6.81501
516.594
7.78072
485.56
364.753
488.389
7.63807
7.36203
111.171
5.93482
185.302
309.865
209.409
6.03334
23.7114
144.265
247.195
479.675
284.34
309.678
8.93532
7.8638
6.9713
136.366
108.438
7.69547
444.786
300.313
103.095
344.375
7.69665
5.73745
208.785
7.20914
460.509
7.03031
276.118
209.4
246.677
194.597
7.65061
190.194
304.677
142.461
378.438
7.62789
395.171
7.70361
7.87649
0.560825
9.01459
48.4791
175.69
368.197
162.933
139.089
349.692
10.6064
217.174
15.205
230.839
6.77778
320.108
219.627
7.38167
6.89309
442.972
6.6654
144.641
4.48016
165.909
124.664
6.81048
102.53
185.575
54.3259
6.65458
314.084
273.14
51.7417
87.4053
80.2793
209.066
6.99007
7.30187
300.421
246.143
6.67413
268.246
7.52587
29.0609
55.1016
321.176
7.30144
20.5223
505.776
9.95877
418.899
135.88
7.52265
533.868
7.31662
554.739
6.99861
7.41412
8.36606
469.114
7.96915
553.436
161.791
6.9596
2.70793
230.581
12.7114
294.997
345.654
152.384
223.844
111.866
7.20879
7.47424
326.238
7.12166
150.134
88.4874
6.48254
396.705
5.35972
7.94332
7.84047
331.273
76.0878
192.099
20.2862
220.474
318.729
7.04021
442.266
237.829
259.544
233.268
72.0774
39.4739
6.93498
60.5552
303.676
280.241
6.94933
520.223
155.853
64.9163
211.062
353.646
341.106
365.15
258.139
246.999
6.47353
214.389
183.343
223.092
67.4432
7.01553
114.431
135.146
331.872
248.431
178.568
163.991
160.404
59.2822
173.207
473.102
183.618
136.657
-70.0944
10.1128
7.60694
7.30516
143.962
107.411
6.94884
229.677
361.17
6.9752
5.79706
505.511
81.3556
316.382
214.998
468.052
264.002
232.561
142.055
536.814
163.992
6.18962
57.6072
515.431
8.31618
95.4582
6.86656
58.8392
39.4294
291.861
71.6449
354.384
375.068
503.837
6.62784
110.313
320.781
23.2371
537.393
189.36
4.28865
308.895
94.5886
408.366
122.68
167.993
235.743
7.10879
541.451
7.2021
424.192
296.579
357.766
281.849
148.016
224.613
6.69712
148.128
397.213
314.319
335.719
416.19
329.261
265.11
586.682
199.557
406.938
162.491
477.868
6.92425
7.82641
185.646
7.39399
7.19001
9.43242
401.572
112.838
114.025
55.9272
75.9385
7.98754
7.04838
518.855
7.70379
339.329
189.266
195.675
6.47654
24.6981
351.78
24.826
6.69848
6.86596
362.374
101.785
536.738
42.27
442.891
517.366
8.73731
202.768
384.677
4.015
30.2256
5.85741
503.733
146.071
115.045
117.117
129.555
362.605
345.901
46.2043
72.9363
279.713
550.842
6.50419
149.401
256.556
338.009
8.53199
158.468
236.777
485.915
7.03605
405.864
53.4596
271.662
6.42753
517.877
483.267
7.27735
7.43941
488.341
128.465
7.25703
128.43
7.94012
404.298
410.737
128.458
6.71857
122.546
332.498
6.51598
111.644
6.87074
434.886
7.53353
7.50566
6.81183
385.381
173.789
119.733
125.909
12.2789
251.424
224.523
368.174
20.6604
550.205
7.64506
308.513
388.233
142.577
82.5531
79.6445
7.00038
332.7
56.1957
418.565
7.52141
6.57716
202.108
7.14211
25.3289
74.0508
7.67941
412.536
324.247
193.184
299.082
277.248
6.61779
6.95355
267.027
391.175
241.729
218.982
7.20157
417.068
379.022
264.71
8.4452
201.621
148.952
218.07
297.434
7.67217
120.317
156.651
73.7172
173.022
9.06366
163.856
51.847
7.09277
306.369
194.368
108.187
199.504
6.36568
130.654
246.795
44.1165
6.97224
6.56915
7.29109
7.59489
135.64
102.561
78.6434
6.07602
107.571
261.16
107.993
72.295
117.79
3.35692
23.8877
536.015
199.099
7.50851
26.2352
348.374
539.308
232.653
265.809
290.938
123.349
154.632
251.247
7.49941
541.865
284.098
15.63
115.951
447.155
488.768
31.224
322.303
49.7464
457.543
407.086
583.09
92.2815
354.528
190.667
112.228
190.324
7.18119
304.58
120.599
513.992
9.07199
6.85278
230.658
300.544
290.321
78.4472
35.1004
99.4271
30.4547
213.49
67.7592
328.384
111.533
492.964
82.4368
491.251
383.026
7.04444
13.8482
457.688
311.544
313.478
402.884
19.0332
416.8
7.35462
198.733
278.709
300.692
166.893
243.404
238.398
159.843
13.3377
204.379
4.54171
189.51
240.379
21.74
6.57648
7.46798
62.0418
105.054
229.424
8.67086
10.3335
172.913
249.933
165.832
484.862
72.0105
13.5979
305.069
212.689
207.796
7.08083
5.59369
285.483
7.04446
161.39
216.448
7.85408
190.21
122.322
234.161
243.637
14.2504
503.612
407.364
187.804
7.62065
58.5486
132.897
12.5303
203.769
86.0984
7.37266
6.99141
188.497
175.502
228.424
268.919
325.555
7.76745
7.19767
232.612
7.07172
6.71926
267.843
315.374
249.528
293.487
6.41182
6.65689
7.16099
47.0456
248.045
7.52484
7.26169
267.135
349.565
347.537
6.96201
194.579
7.68478
39.416
6.65087
9.02521
313.064
6.78939
216.859
77.9056
156.527
356.38
6.98533
209.091
273.551
462.697
8.20548
6.98617
10.416
8.48293
204.456
441.997
7.52931
530.238
344.514
5.26022
271.782
24.3637
176.363
6.79525
66.8623
430.081
480.47
304.412
9.55361
241.844
467.428
509.501
106.706
440.002
86.5451
81.4137
6.72039
40.689
7.62418
374.822
201.901
27.0412
225.462
6.56975
328.68
7.1783
0.165334
151.367
441.866
270.559
169.802
132.825
371.351
11.249
254.26
260.744
365.735
49.4268
509.289
6.07579
6.3538
9.16
172.988
15.973
254.531
203.921
84.1127
38.5127
438.885
51.6053
324.957
6.99399
136.384
132.513
503.444
130.074
126.123
77.9432
197.793
236.792
8.13265
283.229
263.065
127.973
7.20877
41.362
393.064
232.334
6.53929
487.225
6.97304
7.26221
493.807
360.348
5.74655
184.746
7.27221
251.457
8.50741
211.774
393.419
6.30948
84.1192
203.302
121.085
213.932
223.619
183.446
168.52
107.439
495.542
7.25444
301.03
370.602
90.6196
202.114
372.892
91.0601
453.015
17.172
7.10339
110.909
178.897
243.616
47.6205
228.622
7.3173
139.529
311.815
7.46
84.3186
300.551
53.9359
490.751
452.386
341.368
164.233
10.3202
5.83544
7.33431
260.552
146.772
234.76
7.66024
448.629
43.7161
9.54013
427.019
216.86
510.381
73.8647
26.8324
7.28552
7.44487
50.9077
89.2636
190.777
319.933
7.03919
34.5716
7.53953
258.301
178.635
26.1117
334.021
511.263
241.559
370.023
280.168
180.764
200.461
47.6079
206.816
249.476
73.109
245.175
6.99778
257.359
207.343
334.831
7.84639
6.57936
7.76687
396.814
16.5746
357.617
9.11444
140.923
7.27853
8.13017
32.5372
271.008
262.693
7.27345
7.19137
379.312
7.15896
291.109
7.36461
222.585
7.20551
67.5642
120.113
60.0988
79.7905
42.4084
507.067
407.78
5.90244
206.302
333.632
95.7055
7.54135
330.43
462.295
138.766
148.284
13.6684
3.93015
517.328
7.45794
78.7657
6.92705
54.3932
360.982
149.388
2.64632
7.26746
6.99961
11.2073
244.961
6.89241
436.699
260.939
7.42429
435.804
230.046
7.21038
423.613
504.24
106.968
306.726
7.71778
72.9587
7.59803
63.203
205.676
234.396
137.84
189.8
27.3649
35.3264
7.31017
188.276
277.194
329.566
455.486
5.41001
354.015
419.465
150.734
50.4797
7.04509
5.72074
77.2708
137.686
16.0168
4.64009
340.14
252.918
390.005
11.2925
367.593
198.085
30.8216
7.70121
367.412
69.6549
249.268
323.284
7.5136
401.168
545.219
303.018
449.078
251.931
92.0262
266.074
324.544
36.5179
362.847
186.784
381.589
7.20017
7.30297
478.261
75.2391
65.8046
172.054
206.018
120.08
8.5628
7.07967
51.873
74.7414
6.87689
23.5654
6.55981
292.954
160.163
338.034
7.42303
26.2227
273.177
407.102
34.842
7.23388
7.26853
195.761
221.46
6.86003
6.02611
369.328
5.42231
40.2287
230.984
8.3582
42.4629
314.489
391.112
7.34573
450.918
154.042
7.12687
318.316
9.90877
7.39089
232.018
474.915
198.823
6.77038
398.638
16.6476
35.1607
51.906
7.9006
371.481
6.75954
20.8669
7.94156
137.499
283.727
213.586
346.548
7.03464
416.899
6.56349
161.391
29.4795
7.17475
314.62
7.37747
6.56644
154.749
322.15
6.73678
101.944
212.543
470.222
139.79
173.266
6.94715
6.85108
453.69
372.796
302.613
324.325
78.1591
199.887
261
152.074
29.3805
476.899
190.876
7.42889
173.47
183.555
36.6456
350.419
126.606
7.49376
7.48392
80.8223
227.106
7.0581
288.884
287.783
5.95442
271.508
7.15581
277.5
471.264
7.71695
18.4689
6.32515
8.66573
371.067
46.9037
19.3472
26.4516
20.8807
309.979
492.044
461.09
6.30005
397.995
7.52606
6.85757
117.203
7.22592
5.77475
193.117
7.15578
554.343
124.947
28.5817
416.511
7.40578
6.09412
362.73
467.174
372.844
390.914
325.554
88.1867
307.648
49.7996
460.804
406.63
178.805
7.24696
205.994
7.28708
8.08817
135.564
324.744
436.035
163.358
347.61
46.8515
6.56078
290.192
125.315
5.07063
242.028
389.367
84.9085
85.3233
244.106
379.908
3.99289
303.084
25.2023
184.94
37.5352
100.924
76.1659
157.359
495.486
103.239
6.66599
499.832
166.244
8.12207
7.07637
169.284
164.36
177.318
7.1355
370.088
7.05519
75.9888
257.843
7.57297
6.74293
51.6087
434.125
7.54371
192.219
146.724
380.53
310.987
424.138
120.511
7.66291
291.555
6.56434
61.7132
97.5499
149.632
7.88159
7.46206
54.5148
255.894
147.762
196.264
7.71267
186.205
7.48016
326.212
7.28398
271.472
388.072
273.037
6.14353
24.1544
12.7426
301.892
7.61226
450.278
280.455
43.4386
236.034
358.258
189.278
8.71867
7.22916
92.9078
204.037
467.504
125.425
380.762
7.85981
422.923
121
6.91611
6.97293
6.60258
386.469
7.06835
417.389
483.568
374.178
167.49
12.186
118.938
332.595
7.11653
63.9421
5.61271
21.2723
337.224
240.478
53.5372
248.739
202.886
30.2896
249.177
81.9177
384.367
208.424
58.4676
229.854
55.9599
274.706
184.831
376.799
459.089
7.28451
329.407
542.159
120.749
5.90071
205.8
148.45
159.179
165.408
129.008
28.7485
164.168
256.971
231.234
8.24267
138.713
492.22
152.479
108.176
165.659
7.07657
6.40508
492.849
326.992
8.60577
86.174
247.2
6.45865
7.10036
11.4946
147.055
5.82141
7.92723
216.237
7.18064
265.413
141.54
9.56756
156.224
26.5292
383.067
202.691
7.56701
9.26066
7.86417
118.295
145.673
222.917
8.17089
116.392
240.764
364.239
531.307
7.9759
352.102
213.235
7.10575
5.77106
8.16652
6.96814
28.3077
21.6639
28.9947
51.776
436.801
7.17653
303.603
408.642
160.898
58.4125
7.17343
331.604
494.065
84.9091
7.16082
6.95035
7.4524
478.767
362.776
3.77262
6.9977
460.182
371.201
6.90206
105.502
452.874
333.037
380.906
342.558
7.92084
39.2495
240.018
361.339
404.536
251.672
121.44
5.90612
225.397
7.67094
135.412
7.17703
366.753
127.484
42.0347
533.846
389.102
179.926
188.352
208.503
6.75619
95.9833
205.56
338.96
90.1587
440.235
134.422
168.923
436.208
7.10873
7.42037
7.1157
521.783
320.831
260.577
314.979
391.538
7.5713
7.69162
179.803
72.7841
6.03263
8.0228
487.43
82.997
241.018
160.224
193.221
6.44826
318.155
295.587
85.5919
8.33408
7.43046
13.6425
182.48
18.5823
286.749
13.9388
313.917
479.821
162.817
7.34262
6.94711
181.832
141.957
406.829
229.326
317.837
121.872
6.15288
387.575
235.047
7.30682
87.9726
434.447
184.236
6.816
289.844
374.396
426.505
172.574
6.06928
6.00564
84.3585
11.4896
358.509
91.4549
6.97303
198.544
6.61503
35.6435
11.1984
7.35219
7.30043
11.7255
20.2455
221.31
30.1221
217.764
229.392
7.58385
16.0202
366.173
7.82574
7.09142
288.421
137.6
7.03571
18.2861
7.24106
319.957
6.52972
79.3903
135.646
366.79
93.4573
7.68533
15.4942
69.9336
7.33434
7.31126
344.628
6.85839
7.16429
7.36175
305.851
6.93441
7.66455
300.13
295.648
7.11203
261.563
121.486
6.43641
152.345
6.71992
110.014
179.713
447.368
460.273
96.6493
67.3728
235.81
321.411
133.478
347.332
191.948
390.588
-74.9509
77.9582
388.084
132.268
295.775
162.577
184.425
529.046
174.455
9.50051
7.87616
449.931
14.7068
7.08061
513.225
385.693
8.64659
137.665
421.513
414.241
183.707
319.59
81.193
42.5512
117.668
212.3
474.683
71.6988
439.971
6.43727
210.125
251.852
156.05
66.4488
459.561
274.128
4.13762
9.59866
165.776
70.5589
490.288
10.2176
6.59148
58.3153
79.1847
7.01981
135.128
112.053
552.734
276.563
260.168
38.3242
277.782
309.612
352.811
77.111
240.668
362.56
169.699
215.944
306.11
138.817
389.434
167.159
31.8739
7.2711
6.49905
180.983
232.878
71.4552
24.8059
18.9869
175.962
271.465
360.97
324.085
7.09091
8.64697
350.912
298.2
147.911
261.318
7.74598
293.267
29.8869
18.6371
167.511
270.303
6.13974
8.08333
285.56
351.47
33.5992
149.449
7.45741
221.249
29.1417
104.999
121.238
8.3905
4.81237
305.997
7.76951
45.491
125.383
445.898
247.155
178.675
7.71684
28.778
77.4065
81.2146
311.252
212.229
104.192
485.646
486.61
383.327
61.9575
417.8
4.78243
8.04955
5.97507
376.284
473.553
1.31413
184.876
160.98
352.229
314.58
411.244
8.55091
401.495
7.23671
468.257
381.913
7.63387
118.44
277.322
425.95
170.62
39.0981
360.364
6.90935
369.581
162.204
87.3634
6.46162
7.58821
118.528
137.695
307.782
219.828
7.12359
9.0541
7.38607
385.096
169.962
6.83694
6.80357
7.60854
391.177
6.88405
28.3781
89.4739
80.9815
447.475
148.665
7.38217
361.179
174.358
380.063
6.88794
440.188
8.41851
64.6932
58.556
7.21074
381.538
7.49419
71.3717
306.754
302.543
118.393
5.93054
7.5986
418.228
134.068
20.6765
192.02
14.0302
7.20874
7.40285
408.843
216.147
7.40727
148.921
71.1244
8.42179
215.004
393.686
462.739
361.218
180.309
396.274
236.358
302.624
394.855
21.295
352.784
152.717
7.98722
199.879
7.49065
7.11185
6.7932
7.37579
288.813
69.7904
401.622
7.65991
314.33
7.63035
370.57
550.545
90.2178
242.309
150.778
211.27
106.064
6.91582
8.83793
79.0183
187.046
453.413
5.50102
323.57
119.501
203.903
150.943
12.5695
7.91514
256.42
478.238
346.18
253.729
7.01228
163.494
108.236
192.583
8.67872
218.879
487.971
339.176
178.375
7.28608
517.143
330.702
337.773
277.269
6.59156
82.6148
6.9722
211.785
21.6217
7.99636
6.24405
7.1364
61.9701
7.11425
6.84503
7.59652
387.74
8.54288
342.454
368.544
6.9648
7.52753
7.48746
452.819
60.6362
244.437
56.8952
333.726
174.496
373.062
5.26732
379.641
546.171
122.914
4.16484
293.014
55.9155
319.377
294.798
277.379
5.75741
9.02957
7.58894
6.96009
274.609
154.849
313.629
194.353
342.346
10.4486
323.504
311.674
261.59
33.2427
209.199
19.6477
7.30219
55.7469
452.214
376.188
7.29893
10.8625
362.199
284.235
253.824
270.72
195.353
112.693
15.9139
277.867
222.016
269.692
439.612
6.88773
496.124
14.5113
7.36402
11.5863
51.1214
299.561
6.68455
259.864
362.48
262.755
227.949
238.483
484.008
298.945
7.49431
388.555
259.156
100.031
167.544
346.405
6.99747
6.16149
207.019
424.351
40.6387
281.525
250.062
313.79
6.89069
7.47339
81.1906
116.839
507.565
123.32
7.31217
198.765
331.689
263.932
125.227
5.36551
416.995
467.559
39.2964
363.025
7.45809
7.56716
7.06363
261.044
50.3349
351.509
7.58308
231.458
308.072
113.255
141.757
100.86
7.32633
34.4087
215.824
171.773
6.98375
7.40326
280.663
7.5265
322.407
550.206
8.34449
7.01007
351.687
145.541
283.214
160.619
5.75108
26.7978
457.319
521.84
166.149
233.966
387.428
199.745
186.033
222.582
307.96
6.39772
7.27862
304.38
178.969
64.1807
104.388
164.421
7.4711
6.85065
226.339
457.31
123.691
8.21238
96.5089
185.371
47.8717
8.28154
516.724
8.77735
331.696
66.575
61.252
15.7755
75.8091
162.758
316.945
7.2778
417.212
540.618
12.4719
260.941
286.53
6.8434
209.465
11.6543
7.3152
451.313
16.9743
454.466
7.43145
7.41448
197.143
6.95203
318.545
5.12929
152.894
123.488
132.631
255.851
459.844
42.5108
267.858
43.7716
270.816
187.778
503
318.61
6.59935
357.003
25.9342
6.68774
7.49563
30.6303
7.91484
106.592
295.112
538.977
409.048
9.61113
17.3572
7.42336
16.145
7.24939
9.03667
143.458
155.293
466.001
200.725
95.2581
7.92494
208.107
7.47425
174.568
395.135
48.8121
77.6998
7.05002
181.636
38.6482
406.377
392.057
447.209
10.3895
7.04962
357.471
154.96
7.06479
33.0652
7.05761
242.037
6.95903
397.069
39.9684
119.534
422.621
147.749
142.162
132.101
410.087
20.2829
518.643
50.2562
46.0247
7.91784
7.29224
7.47421
324.122
226.185
384.073
222.662
152.892
108.864
306.143
233.474
577.112
490.289
213.7
7.0427
90.0986
342.919
42.204
7.26191
7.43646
110.83
103.375
143.446
26.0528
50.9749
305.857
7.12887
53.4662
555.192
408.472
114.43
187.995
6.63718
165.112
7.5292
120.751
35.8261
372.151
7.08413
427.526
438.282
18.9049
7.1589
197.266
5.60174
284.835
388.59
300.421
7.88358
208.244
6.30505
79.0849
7.34953
142.046
7.18489
41.0966
361.084
211.943
79.3268
63.6403
8.24103
537.349
73.244
407.512
328.173
116.752
11.8898
163.604
116.97
37.3729
132.904
480.312
122.281
5.20865
124.609
5.88438
203.982
390.059
7.96065
138.778
167.438
67.0471
209.802
7.24554
261.04
187.965
407.857
233.755
6.57661
122.115
168.701
274.154
40.7454
203.75
281.323
335.209
386.003
225.665
7.01713
71.5765
211.569
436.764
68.1092
188.292
163.244
295.475
3.67587
342.334
6.92379
186.086
295.904
449.234
198.434
121.616
371.542
45.7883
254.252
9.49323
5.2069
7.16509
454.931
6.65225
465.255
62.4712
234.084
7.10004
172.421
7.02731
162.592
7.32683
6.75161
100.71
6.83018
141.522
98.973
7.24501
133.049
330.559
566.438
323.612
287.505
7.8677
371.098
416.187
52.5829
243.62
4.55171
235.585
6.82621
66.2187
180.713
219.637
94.2538
339.337
304.587
263.121
542.364
357.184
7.28148
5.73185
292.492
322.751
251.831
249.088
17.9677
7.24966
67.854
302.398
496.278
86.8406
63.8272
239.815
337.409
253.369
174.826
468.449
7.67289
316.148
7.97792
453.743
291.981
6.6768
97.1639
6.86706
82.9418
423.602
7.55818
138.432
7.01909
8.56834
111.876
426.03
105.214
205.212
6.04517
260.808
121.549
486.079
21.1634
60.2971
7.09149
288.098
304.027
155.582
7.36997
325.099
127.579
394.038
5.39859
265.228
151.653
278.654
160.415
6.97696
26.4729
6.48383
448.576
7.39153
373.297
21.8827
7.4946
135.356
481.737
551.081
6.46584
174.945
311.967
88.7221
100.176
132.298
259.144
404.006
7.01233
23.2348
240.788
255.79
347.317
381.03
7.00121
8.24415
128.019
184.146
62.0744
7.26683
520.231
6.81918
205.797
6.59148
55.2583
8.20056
6.78874
246.873
37.1222
197.679
321.992
147.908
109.972
78.888
376.521
319.618
160.835
355.909
340.703
271.524
213.289
195.43
180.828
253.896
6.09355
6.54312
303.757
467.712
219.465
138.154
151.932
349.384
7.6588
4.0595
7.34118
196.151
268.185
7.25029
304.738
346.96
485.22
313.891
264.385
396.144
10.9951
7.29755
110.529
581.549
511.769
120.7
171.464
100.045
7.34721
7.58893
438.005
329.552
8.82074
158.994
198.355
7.5067
256.595
60.9538
398.543
372.82
6.76277
296.975
35.1458
326.539
247.716
60.2446
131.962
162.094
443.497
494.364
352.799
7.19588
167.935
7.34595
4.95272
6.93648
7.00775
102.797
214.474
554.699
255.332
230.764
288.635
333.631
8.4271
372.201
347.333
337.373
7.60488
223.051
165.967
336.271
257.952
58.0879
210.911
7.11767
6.08128
61.7114
342.876
189.362
5.84435
7.54937
244.259
491.727
145.439
6.63445
307.272
7.50451
404.78
56.2216
7.45371
157.767
140.493
7.02561
7.26762
5.00247
301.909
225.238
253.587
420.839
8.31953
9.22451
302.775
125.944
40.8003
263.638
7.50711
162.503
7.30767
196.288
262.224
109.737
6.92789
56.092
384.174
8.23041
6.12906
358.202
341.397
232.163
158.821
415.531
77.9679
423.62
247.045
6.31747
206.196
8.67914
486.886
295.021
137.527
7.45483
354.089
316.981
426.384
309.32
281.963
346.416
370.012
302.156
7.5419
439.437
15.055
8.44619
187.778
133.663
418.407
318.753
7.46831
503.585
7.23732
350.537
489.93
63.8906
7.91169
202.422
7.37791
103.032
422.183
140.697
416.902
288.268
7.6687
327.829
196.852
7.05607
353.407
349.442
225.335
7.31502
120.983
278.339
95.0272
6.79554
7.83842
45.1141
194.166
71.1176
516.673
7.39157
271.937
210.595
8.39852
13.7974
121.425
487.68
118.819
362.786
95.5052
393.552
164.278
49.8752
89.3886
291.466
7.28907
77.6021
247.826
398.777
102.574
2.52133
6.13907
6.97592
508.099
315.195
435.355
6.15092
228.229
6.81927
165.522
32.519
7.4081
7.19074
411.659
7.30331
163.002
254.698
7.34974
262.483
6.61976
149.413
357.416
7.21043
7.05682
7.49927
6.64219
387.548
53.635
7.19901
86.1558
9.76378
50.6706
2.72469
7.22433
265.462
434.629
76.8424
334.779
5.93722
25.9824
6.92583
494.393
280.744
269.138
79.7501
5.98523
7.41276
387.239
380.55
270.553
360.112
98.684
209.568
180.869
24.8166
102.163
72.201
7.40905
357.665
148.409
304.112
7.28258
56.3098
7.14252
10.643
7.74424
142.912
377.578
66.0387
7.36425
126.493
114.965
486.783
206.941
7.79976
293.437
7.57575
483.53
33.6043
60.3573
166.937
155.448
6.95983
101.101
7.2507
64.9858
-10.9581
331.445
335.095
7.64149
259.884
167.043
9.09167
7.22429
53.478
266.67
365.427
7.42042
228.551
19.8257
278.534
10.1292
7.41873
6.66771
7.65771
150.023
289.842
127.781
7.35673
35.5147
332.869
5.93163
459.792
378.68
511.551
278.056
6.96463
13.2951
513.285
392.325
123.432
6.85306
106.935
30.5587
152.068
6.98575
7.03086
497.514
7.33945
15.8399
5.44058
7.54304
351.763
7.89986
39.267
11.9388
10.7958
66.4924
182.385
241.023
231.671
7.49367
116.876
-1.91211
7.16496
91.1782
126.629
267.41
447.61
241.032
6.67877
117.617
66.5323
109.438
366.111
173.311
253.913
4.77443
6.57076
25.7526
348.191
91.1838
7.26074
244.449
7.32883
7.2549
412.622
7.38334
295.428
238.755
8.47304
149.954
272.13
465.611
108.588
118.501
314.843
266.158
7.51721
242.13
144.011
517.259
7.53235
7.65057
54.7905
5.20489
474.498
7.58373
6.49563
41.188
146.995
43.7798
23.6289
97.5646
517.504
454.244
201.856
8.89269
7.90144
41.1493
6.08318
451.145
29.6557
240.858
322.256
464.304
7.02033
215.622
366.34
88.7783
7.46456
324.509
247.755
107.429
255.62
258.955
142.916
43.9818
349.741
353.469
198.192
90.5188
391.372
151.521
64.1683
7.17126
98.8329
62.1483
7.05647
94.385
347.274
414.223
391.413
9.18343
381.421
33.3703
493.535
312.295
-16.136
385.662
111.98
307.275
473.719
165.743
7.39155
487.895
7.08889
8.39903
327.912
53.9479
7.51188
6.32871
7.14602
279.706
461.679
7.65838
141.89
12.1192
513.454
6.43818
7.00337
273.542
381.351
102.759
538.248
233.711
266.06
7.37766
322.793
7.08626
484.294
7.01826
123.454
226.098
272.287
191.229
267.014
200.417
6.75223
7.05767
353.013
18.2357
369.132
7.7948
225.1
23.4916
173.344
338.13
95.5567
7.25833
50.8512
105.502
151.724
7.04775
226.49
343.876
305.867
330.987
7.2853
76.7202
458.564
201.919
5.63473
335.099
227.422
109.411
418.175
303.913
7.6101
137.968
325.254
6.83498
324.67
332.617
555.054
6.93205
7.13923
7.19062
7.0347
72.312
87.8743
71.1523
234.344
8.2284
7.23585
540.496
449.87
7.87565
30.1371
88.74
6.955
227.797
266.388
392.279
246.286
203.214
5.44313
8.02803
435.182
188.872
7.80997
40.7939
5.93089
9.50887
6.59393
66.3136
6.69611
206.094
153.176
340.799
7.80687
5.47729
282.071
199.088
7.59672
131.864
83.3649
204.143
6.84743
8.11992
482.441
20.2292
6.5846
143.161
452.015
70.5993
218.457
231.641
185.02
352.036
560.289
35.2949
74.2607
47.6879
7.11576
96.0568
216.226
7.74783
135.669
494.489
271.512
306.483
9.67011
206.267
560.802
8.01739
270.735
335.449
247.273
148.166
15.5145
241.585
8.86431
333.092
7.51165
7.74028
112.057
354.657
85.5018
135.642
25.2444
488.102
7.83525
103.967
139.871
6.52108
14.8462
138.606
7.28741
132.585
52.3245
399.161
302.064
307.273
178.412
129.228
6.9371
28.964
284.208
7.53037
459.46
225.937
402.863
405.712
232.418
114.716
242.256
274.129
6.44261
83.2029
94.6592
7.16601
443.839
7.1226
48.1842
132.218
299.53
200.707
101.466
247.378
6.4527
246.653
273.915
256.541
249.954
498.72
367.429
7.35598
260.307
17.8801
296.549
391.171
461.235
452.365
202.352
13.6959
38.5301
123.741
234.701
181.697
6.79874
75.2257
250.067
450.462
23.6593
213.974
7.23952
154.874
14.3967
6.62294
526.16
8.59573
294.051
200.939
72.5564
170.042
7.19993
5.79188
7.4535
20.8715
7.32009
47.7687
200.678
262.56
152.648
105.629
105.444
6.59158
177.027
281.665
512.382
7.21679
25.6267
105.552
116.591
281.7
136.727
287.632
6.41356
6.8854
6.97857
278.046
7.69738
276.996
10.1373
421.798
6.42449
6.16609
73.788
60.3978
277.237
206.966
78.9411
523.907
7.00555
7.60939
468.327
518.582
138.54
502.889
60.8026
405.252
303.912
7.60447
167.025
421.288
102.469
175.634
340.952
355.682
471.923
364.229
386.797
11.234
275.388
362.552
397.461
543.93
416.22
101.951
53.924
305.525
277.568
27.1701
6.38732
244.939
291.71
479.917
5.43876
92.5636
7.33513
132.299
6.76281
133.841
6.84784
365.235
145.673
177.184
393.414
9.11366
124.293
6.91786
557.758
36.6536
6.7251
7.86672
341.334
43.8804
7.35016
472.7
299.999
6.86123
207.75
36.1133
3.21367
50.3983
116.667
260.104
39.4628
6.9792
269.259
405.295
303.651
6.98535
7.52126
315.376
6.99243
139.82
7.71013
103.389
9.18133
481.474
50.2422
7.42777
77.3986
7.33591
5.35844
316.209
9.28233
7.28155
270.459
430.028
202.29
7.36893
576.704
378.516
7.23313
7.43185
272.855
49.9902
41.3446
106.47
7.45204
448.57
5.21711
118.282
6.58104
99.7244
309.568
7.50282
509.144
12.2768
251.417
160.313
411.002
161.305
302.648
296.93
445.796
258.16
7.86484
70.3625
97.5191
6.82426
110.644
413.385
6.6556
47.218
202.831
7.23994
6.45607
23.9375
181.445
231.19
280.14
6.83309
6.85717
466.548
52.8263
343.54
566.259
7.30372
10.1874
8.19903
117.53
424.995
276.837
135.4
149.248
7.80307
368.847
213.475
329.138
85.0494
421.317
140.276
7.64221
39.7747
9.37249
173.001
67.3792
168.899
553.759
309.835
8.38079
387.051
112.004
8.57081
161.791
8.39716
125.89
341.691
273.733
325.492
334.645
12.1018
4.83068
165.29
238.487
23.8489
389.414
76.9341
222.358
353.958
6.23892
545.735
155.772
363.257
178.807
6.64625
320.496
4.59949
360.62
322.772
191.377
122.605
7.05955
88.3958
77.5572
370.431
491.827
421.873
339.495
8.01256
223.656
459.597
332.218
239.914
82.6485
149.828
537.136
120.921
358.962
182.919
6.60585
317.063
7.05965
221.444
216.901
7.47564
3.00135
6.81131
235.056
341.041
270.751
6.33104
288.394
591.792
7.88392
505.785
92.4246
89.4912
80.0852
7.3144
306.152
9.14514
319.396
535.965
434.12
291.39
7.03823
218.514
7.25808
21.4441
207.584
7.11929
103.698
170.896
20.3145
262.655
302.687
7.23148
202.27
6.47427
7.13411
29.0081
7.80268
196.247
6.696
7.31982
155.79
6.87749
6.06726
430.809
245.719
479.386
214.651
245.148
179.377
438.273
6.90609
337.526
303.513
329.343
6.69
7.11345
18.8897
7.25417
8.85878
372.18
176.169
403.09
183.213
312.776
112.306
274.751
6.84183
7.11103
171.111
101.874
307.666
402.542
355.775
103.416
6.70807
115.236
7.53478
255.655
449.897
392.388
149.882
378.762
31.3624
7.03337
80.7837
406.831
3.43196
557.303
7.94176
380.749
492.871
93.8191
9.75755
57.1272
12.7275
287.219
7.43099
7.21297
17.609
5.04012
6.20544
494.434
259.763
7.06772
210.97
206.943
61.2246
222.828
368.663
300.656
6.72572
299.399
374.654
101.906
7.32451
275.194
7.45796
378.826
425.442
432.852
8.64966
329.106
471.473
93.2641
9.16317
248.279
186.526
422.285
7.17141
405.005
463.227
419.613
311.888
480.534
288.268
7.57213
140.834
179.106
131.801
344.142
178.256
7.18384
162.551
410.798
61.1322
5.32418
112.23
92.3409
16.5583
5.44161
171.773
69.4996
284.619
87.2985
156.469
140.38
336.555
190.855
7.05754
399.972
562.132
172.456
474.883
214.282
425.611
390.087
428.316
284.396
245.218
183.898
450.848
7.02526
252.561
142.892
472.672
7.13217
461.16
381.692
156.501
543.284
7.47609
6.95379
60.4949
164.449
22.2522
490.864
7.09465
270.873
231.88
170.847
207.065
125.48
415.26
67.6791
20.0468
7.3731
53.6454
7.49082
122.541
7.4829
6.68099
134.782
589.149
6.99182
22.5833
85.7252
79.5602
6.99152
9.01393
7.86306
260.594
350.519
7.91286
379.34
9.94699
319.886
7.65162
72.7753
218.314
7.21602
562.339
495.199
404.837
246.738
381.39
7.90474
294.996
250.052
6.73576
7.06608
97.0069
336.737
212.953
210.037
541.162
177.449
8.96112
98.7599
110.559
550.429
5.77449
313.582
28.4403
245.064
296.319
250.947
6.14197
342.735
171.6
27.0618
391.435
500.897
168.696
63.8606
198.057
292.537
381.839
465.748
387.333
1.98367
464.391
87.8945
1.85999
443.411
6.88432
155.38
295.24
64.4599
300.902
177.618
9.3956
178.552
447.661
6.3745
7.27802
7.28004
197.88
40.9838
314.345
177.176
5.33227
112.932
7.58693
354.139
98.1942
385.637
320.68
6.99755
43.8724
182.157
342.034
8.93138
395.781
243.516
333.231
185.377
212.205
7.10445
173.958
6.95226
6.5716
7.36397
5.20488
54.7192
308.295
312.855
211.731
183.237
353.576
6.87193
273.166
7.9963
416.933
273.045
371.784
68.0097
363.343
130.324
7.84715
291.891
250.397
49.0274
224.226
313.792
108.011
7.26788
7.96003
279.629
212.203
325.854
356.225
8.13563
225.144
526.599
107.737
366.105
26.7387
323.603
7.09096
272.116
16.6168
95.9454
282.685
54.8392
305.302
38.4791
210.51
299.1
326.328
6.72121
379.141
437.028
192.833
6.99794
7.35597
76.0663
6.08863
18.5061
123.78
343.319
95.8079
7.85469
6.76399
336.777
6.20002
98.0862
426.197
217.045
193.072
546.147
7.38444
199.406
228.327
7.46097
479.859
8.00108
173.943
353.427
6.91895
277.576
64.914
7.2832
86.8132
48.3354
7.27774
109.591
264.735
7.37006
334.402
413.587
161.525
7.09561
508.208
413.497
7.61023
145.859
89.2674
68.8102
150.981
368.112
26.4645
252.253
338.613
281.408
352.377
137.79
76.4463
377.44
310.181
7.23402
7.37553
252.082
246.17
7.6418
106.55
7.83159
214.327
365.975
7.12006
7.6061
215.939
167.887
7.46531
396.672
29.0721
205.052
326.152
7.34732
390.406
52.1399
380.761
83.5615
315.935
117.523
318.173
6.41447
5.08682
215.753
104.445
29.0767
21.9521
417.896
544.717
7.52866
80.2205
533.324
488.001
238.449
7.37543
237.131
7.98614
80.7306
161.162
419.615
562.551
55.4923
7.11178
401.297
101.858
140.319
238.154
46.047
6.31074
293.083
481.134
224.913
344.479
312.255
26.9069
41.1896
102.844
231.769
105.94
64.5492
285.812
194.444
358.008
201.121
244.378
375.493
8.51268
189.804
7.30355
7.04214
7.26249
418.29
527.503
440.702
419.122
67.5676
279.447
525.378
93.5689
222.816
309.968
7.21451
316.474
563.537
337.095
10.7622
130.213
89.6755
91.8266
213.926
7.17368
372.156
456.774
401.303
191.127
299.47
7.08484
327.796
272.241
402.587
122.098
268.731
45.7533
23.5573
280.397
262.794
241.531
111.55
247.166
478.131
329.536
6.87687
220.512
278.323
7.18349
12.6482
181.009
7.19953
274.933
7.18456
256.665
431.197
22.75
6.81585
209.238
510.437
294.643
38.1587
578.978
381.059
7.4518
7.43496
390.623
14.7856
89.1796
257.778
82.7525
6.19295
6.00993
7.1569
506.987
8.74506
233.937
7.6698
234.394
323.379
218.711
8.87156
6.68465
99.7612
284.491
157.127
452.532
357.701
7.30459
30.2545
359.547
231.177
536.706
255.119
465.761
260.585
7.37537
158.533
353.811
430.992
391.252
8.27387
411.247
6.63067
495.289
449.776
7.31032
225.921
299.297
140.554
325.927
441.117
224.084
6.32329
5.72774
78.702
7.53907
7.3605
277.163
79.5165
5.32998
238.218
89.1082
271.194
64.5338
6.60387
279.785
7.26894
282.807
459.129
7.16055
265.552
166.639
123.971
64.504
7.15885
261.28
198.228
263.181
7.1368
445.78
14.1964
491.139
326.426
149.524
8.50012
6.99934
351.78
521.187
78.416
6.93585
300.834
239.936
7.15443
305.95
215.163
327.492
150.686
213.885
496.418
355.056
264.099
175.616
6.67973
240.202
96.3966
459.8
331.351
183.295
277.54
191.073
283.269
316.219
439.123
309.508
5.92602
479.569
137.752
33.798
406.871
370.291
224.626
7.64334
7.12714
401.436
456.005
6.77549
210.408
0.419964
7.14572
370.021
119.635
242.098
89.4959
7.11759
148.873
7.40057
489.498
246.627
326.679
7.90187
335.884
383.902
298.358
6.42355
82.3031
247.603
12.2211
215.887
477.265
137.109
104.275
500.95
17.5928
341.375
7.32268
189.588
132.934
225.523
7.03415
291.706
178.251
387.664
7.09043
8.19997
132.966
113.875
516.452
4.71126
396.348
353.68
289.552
6.65166
7.12051
39.2376
7.79641
354.927
334.908
7.09268
7.82735
198.258
7.22889
7.32661
138.465
7.30507
451.481
390.824
236.631
456.24
301.983
413.833
343.659
34.4586
7.12013
34.1788
6.89627
289.176
6.02259
265.604
98.4103
460.128
7.5754
146.404
8.18686
6.94949
89.2734
8.87033
164.504
7.88133
8.68452
94.6787
62.8844
5.61165
268.807
265.794
75.0351
8.78496
363.202
263.071
24.4906
196.131
196.822
24.8606
265.625
10.0337
342.901
183.676
61.7202
305.943
46.452
6.94532
507.599
422.011
582.735
380.06
550.552
79.1675
121.689
262.83
294.466
192.54
269.834
39.8409
6.89
23.5682
152.081
298.971
4.63805
14.0623
70.6597
240.753
173.223
499.14
7.21985
5.81499
242.527
241.31
12.9333
7.19068
254.836
332.974
205.176
8.35947
6.97608
203.197
289.086
307.246
18.6803
352.753
7.15589
436.294
215.88
346.349
120.528
446.071
107.503
278.586
475.956
51.961
326.266
23.3944
73.1895
132.13
259.479
273.609
327.029
320.433
235.663
266.235
248.748
77.3041
358.216
337.097
355.788
149.13
484.77
414.009
302.371
83.3635
6.94568
80.5692
7.15216
93.9598
270.437
6.91596
319.046
380.619
221.856
7.14055
7.05307
317.847
554.77
6.9943
84.0317
339.011
194.316
7.11649
9.15995
75.713
332.373
324.171
243.757
224.172
390.053
91.2627
392.323
325.694
7.6965
430.054
7.49407
376.896
128.969
331.379
7.31662
93.6045
257.474
209.616
8.95007
150.071
143.59
498.785
485.127
276.737
7.67909
279.322
7.99406
6.45838
7.39417
7.85846
356.995
6.79475
439.328
443.432
6.04841
504.21
267.06
337.409
7.17081
63.433
420.474
517.29
7.17659
7.02072
70.5175
321.209
557.674
125.457
41.4475
6.07431
147.275
115.958
216.626
25.9019
7.46291
34.2462
7.44377
116.062
27.5529
141.694
6.62848
243.263
7.24947
135.78
186.579
6.93983
333.164
7.37064
189.308
51.0846
5.76047
24.5635
304.768
526.445
7.22795
133.443
7.08156
7.64418
216.862
7.94598
159.69
9.09578
7.06637
149.03
164.677
7.30712
6.98335
159.926
153.311
376.69
113.225
64.5075
474.326
315.226
428.548
8.48871
146.136
15.2763
418.282
6.91007
6.94081
200.632
317.806
6.10867
275.037
329.487
416.002
34.323
245.95
96.1197
352.346
8.9103
86.1441
7.37287
174.572
192.391
490.86
286.921
6.33322
336.798
34.8097
519.921
6.99419
6.99682
194.182
7.11566
6.7903
8.26887
109.234
7.28894
81.5901
528.083
36.4821
325.511
278.405
409.292
6.015
459.251
6.68598
113.902
439.839
361.449
64.0614
407.069
235.273
7.48659
109.622
6.90001
145.677
124.24
306.179
224.412
11.8237
327.374
452.85
236.177
7.2152
205.192
169.35
147.295
7.00953
48.2946
120.204
29.6691
346.894
7.53619
49.7458
175.658
6.50275
8.12444
7.69817
7.34477
7.034
103.541
7.01719
78.9322
111.262
7.87771
211.469
267.078
7.07308
372.346
171.443
78.5575
244.208
6.30598
111.734
61.5329
8.19228
249.29
213.346
5.45318
174.91
299.785
445.176
6.90417
357.076
7.2345
104.643
20.863
118.973
80.6245
489.248
314.664
7.69922
7.3394
549.866
7.78199
239.053
8.97777
470.68
265.195
5.8783
3.7531
233.616
6.99077
321.887
144.446
7.46498
327.65
220.221
311.511
31.8606
117.53
144.501
43.9944
457.079
321.841
222.295
63.7022
39.9395
389.197
6.42386
223.583
180.218
340.606
113.261
7.10657
279.791
7.52672
23.4436
139.081
348.66
8.09877
8.03279
197.602
159.743
9.47656
175.827
211.589
6.47659
337.091
242.778
101.772
7.4187
326.838
6.9716
310.318
181.284
6.41219
471.227
428.942
224.057
143.997
7.56499
194.724
91.9347
7.84801
231.739
202.757
10.0112
473.137
482.664
7.18547
6.12264
340.788
7.31614
5.23774
7.11277
6.35026
159.573
126.714
364.102
233.048
76.394
384.462
114.433
281.238
32.2703
7.69286
7.34277
252.466
126.777
322.231
397.643
513.217
178.022
420.917
7.39685
221.735
56.5079
260.797
139.305
170.08
91.0269
91.5033
7.60223
140.193
231.686
7.64621
7.56625
436.97
253.87
225.467
7.48946
107.815
150.593
57.0699
506.618
299.826
7.68004
6.8481
259.287
307.443
175.111
7.18143
6.78236
5.81831
97.9115
6.98092
7.89225
431.736
359.399
7.02138
151.387
302.047
343.506
186.109
7.92839
109.741
309.302
161.518
318.122
7.18317
230.734
258.794
512.801
340.343
127.854
8.50573
8.51856
208.055
306.589
116.465
5.54016
6.71299
54.0265
82.8709
246.895
255.666
531.586
287.932
81.5734
7.30637
386.002
52.7001
9.22905
182.304
7.29472
105.383
243.971
3.56407
428.177
408.606
7.08836
10.6504
97.3549
6.61326
6.79766
7.23512
177.259
6.01689
300.046
84.1384
307.116
6.87738
198.868
366.526
8.39848
148.29
7.50646
54.6568
14.3177
6.8489
428.317
336.996
330.353
90.0157
7.07637
7.12361
126.49
188.522
7.56303
168.516
352.683
38.3784
262.638
350.34
369.496
64.3848
351.983
5.69123
185.354
6.94858
7.18187
7.3743
7.41716
7.16222
23.6716
6.21386
152.127
7.29709
87.1892
282.809
117.267
7.70761
5.98029
7.58119
7.05702
31.5213
359.324
400.216
438.746
495.336
124.224
80.2695
123.906
516.32
245.067
54.311
9.67106
49.6398
7.11055
1.25203
462.058
77.3879
493.22
7.3286
7.37732
7.0128
5.56307
391.431
249.409
67.4765
232.565
145.82
166.714
337.951
158.441
254.578
6.81773
189.889
7.4071
557.791
7.76586
215.558
7.41456
469.145
294.566
215.547
207.573
6.93031
48.9315
20.0086
237.169
258.999
197.263
91.5084
74.3314
317.474
438.758
218.598
6.93353
119.374
129.102
7.41443
102.068
456.51
168.361
8.84227
170.612
7.31881
402.705
181.602
6.84112
226.54
302.476
455.154
324.009
171.119
122.808
102.215
7.52285
146.609
172.149
295.321
6.76274
292.483
91.7342
141.03
106.878
401.941
272.648
364.719
149.987
174.852
12.4961
88.0469
456.106
264.079
261.074
63.9788
524.215
192.398
7.01922
119.087
283.74
204.391
290.93
117.221
8.90788
6.35499
6.6031
170.118
7.2916
225.838
7.00027
287.628
222.826
418.54
35.5648
8.3016
7.06521
7.37676
6.74664
267.467
97.0863
7.33374
73.5054
177.394
464.705
6.77588
407.562
363.409
420.956
403.729
79.6895
455.375
7.14921
312.323
185.186
129.393
6.92165
318.064
205.813
6.89827
5.4302
2.14391
265.908
226.342
485.058
399.18
7.36477
159.823
132.376
256.171
515.846
300.206
405.159
50.2367
8.31594
7.41499
294.783
303.811
252.438
259.755
90.278
250.362
111.244
332.576
235.183
7.10929
164.639
426.31
6.91351
387.668
96.8763
367.379
6.39126
132.069
218.622
266.677
19.7869
5.95774
7.16152
24.8438
255.953
164.359
5.95067
219.61
100.131
54.5938
128.583
191.552
330.161
389.452
294.199
44.3626
8.07294
6.60077
175.291
7.96198
43.026
90.38
145.884
7.1468
7.58798
7.28592
204.146
7.01208
155.677
190.446
6.92707
46.7914
256.127
362.307
108.024
24.6933
382.736
52.9222
7.13433
9.18933
460.196
12.093
84.2052
158.015
6.92423
458.345
7.41602
204.361
306.901
404.638
8.72616
161.725
484.608
128.979
434.229
169.289
223.803
6.9665
133.327
8.00115
412.273
404.996
6.4548
7.21863
316.854
462.834
205.155
62.9362
6.81052
7.21457
153.53
19.2984
13.2155
113.756
38.9763
7.15518
219.181
6.69065
106.441
563.629
7.97698
170.212
387.904
7.52979
162.949
7.78623
7.96287
488.092
472.323
287.304
7.06024
337.84
86.679
215.99
233.518
37.9385
33.5449
26.9227
235.437
7.39874
34.395
414.159
167.552
7.8938
186.537
431.713
5.82383
55.0388
424.952
248.541
458.28
8.03733
200.126
445.141
109.79
7.18043
157.173
88.8576
7.16004
212.774
10.9192
7.86866
209.088
394.987
85.2331
191.086
475.787
93.0413
47.2058
34.5228
12.1093
410.165
468.277
479.625
7.64532
348.518
365.615
173.32
6.90311
267.545
385.844
13.8106
7.25012
271.55
175.515
142.52
81.4282
198.476
90.7608
187.843
266.31
403.718
7.20955
372.062
342.67
249.458
82.0921
306.525
564.042
87.098
81.726
241.179
7.11086
6.96228
269.313
8.82842
475.733
342.647
54.6764
483.32
180.266
325.073
13.8696
135.568
359.468
251.692
239.68
298.731
6.02616
219.543
515.835
225.929
223.336
76.6768
9.52015
407.092
243.613
142.886
96.1354
448.863
73.6418
105.687
414.993
292.614
380.157
460.807
492.763
7.07719
331.338
342.94
12.5845
184.545
147.115
88.3143
171.185
5.45169
339.39
8.45353
-10.0585
266.957
6.88519
390.46
51.2655
12.9003
7.03506
6.90158
173.744
7.59322
317.914
318.02
332.568
554.298
95.0701
252.45
396.057
102.944
331.881
80.548
495.191
170.154
488.277
8.51959
7.05436
307.141
7.03462
242.736
282.376
7.06252
314.408
66.0997
37.359
91.9319
54.6026
383.028
151.641
421.026
385.505
417.929
5.8861
97.0651
7.32539
449.65
258.66
5.38145
530.744
241.194
175.622
189.485
136.486
258.483
6.88143
310.659
27.1748
243.819
108.93
365.268
329.699
35.3715
365.866
363.936
453.803
7.53569
104.469
399.622
124.506
235.568
510.966
7.04543
182.163
6.88004
6.93692
7.14769
349.028
391.405
551.704
4.37861
9.37537
283.876
138.004
7.24153
453.521
201.362
99.4233
391.905
281.617
6.74421
72.6905
430.039
257.996
226.207
265.155
24.3099
402.171
155.621
7.27905
302.982
119.038
223.051
366.707
6.711
81.8823
384.192
124.369
76.3088
267.508
362.846
399.599
7.06172
8.78649
105.189
382.906
7.36786
294.931
7.31708
515.216
418.262
322.675
7.44737
8.93827
167.245
6.7049
158.308
7.49526
6.71047
5.7751
7.00262
8.20005
483.675
425.972
386.354
103.166
349.033
156.348
356.274
454.607
378.53
179.377
117.286
338.485
268.202
7.23577
20.2913
7.31871
167.466
278.462
119.221
6.79138
217.437
6.99595
200.633
6.8059
8.07215
352.704
0.922541
23.4542
142.926
105.417
11.9251
232.908
402.279
7.15022
7.19906
428.409
6.95939
81.8344
41.6741
397.432
36.5116
59.8969
136.962
145.629
175.515
518.465
457.327
7.18995
194.934
167.762
98.2526
205.974
7.00243
544.984
320.588
27.2354
334.745
352.954
49.1336
553.203
300.07
7.31313
118.869
7.45584
508.807
10.0877
4.57913
370.374
288.515
11.111
5.71286
48.5532
64.7048
53.6143
144.739
465.275
87.2847
15.4952
222.402
218.918
285.348
7.43132
197.915
108.656
443.249
334.466
249.573
189.234
352.76
276.539
7.38441
200.048
246.93
7.53102
78.1969
380.16
4.35325
73.8148
80.5387
225.196
103.374
412.803
289.181
6.5928
40.612
362.04
225.154
139.757
374.542
479.679
214.486
288.854
6.7239
403.967
348.027
23.5242
50.6734
313.469
312.643
88.1376
6.97772
7.17429
6.65048
55.7344
7.36664
368.877
216.78
69.7198
231.873
55.0114
346.017
284.098
6.39763
415.127
6.63495
8.4545
73.3601
84.7577
332.674
550.085
147.96
50.2349
131.394
54.5563
311.431
12.1722
343.713
7.58127
40.7019
317.214
65.7974
75.9067
6.98865
258.14
359.254
425.635
5.4103
15.4376
7.87337
200.501
227.67
17.4197
6.79553
7.2741
208.737
13.0089
7.01222
386.223
144.77
512.977
280.423
7.20029
200.268
21.2233
130.162
173.88
123.382
122.455
136.336
13.3975
100.126
292.25
7.06994
7.12727
6.86511
42.4428
112.381
423.78
8.16974
4.29512
252.934
212.219
131.355
373.786
76.7699
393.528
485.313
7.37639
140.925
91.0668
198.025
7.49753
28.7587
7.60102
111.487
217.04
459.175
363.785
7.55238
70.4811
17.8766
412.226
7.62473
7.05021
210.181
169.213
7.30452
6.96683
296.943
19.4208
300.307
7.31229
127.194
7.31064
384.809
154.806
107.121
9.94015
355.046
361.919
469.654
276.024
120.383
181.606
524.519
435.551
7.57192
286.645
361.36
6.12184
5.14609
374.649
6.73713
213.09
349.57
283.357
447.572
485.59
176.944
269.392
219.401
253.736
402.78
296.538
215.261
393.183
356.049
7.43377
259.453
444.57
343.902
167.576
328.559
7.03695
8.58977
501.993
7.91439
116.713
7.49803
7.02069
527.264
6.59066
407.513
190.092
68.6797
7.08677
353.594
220.936
422.959
465.778
92.3442
273.05
6.4618
300.889
109.757
6.48458
401.047
126.572
185.579
218.311
436.023
68.6624
381.513
6.95284
226.514
424.891
7.42614
474.042
268.363
337.55
252.637
169.616
91.9766
7.63207
336.284
335.743
6.4872
526.172
432.249
545.99
339.898
145.436
8.0637
319.462
323.021
136.571
437.103
6.15398
7.67963
415.822
507.936
450.547
194.316
194.055
338.685
569.805
188.944
243.615
35.2774
7.18798
152.936
315.534
125.059
334.661
225.349
7.46077
6.88654
158.34
193.669
101.911
530.126
523.731
261.346
300.99
79.9722
353.015
399.825
170.57
8.01741
7.86386
504.005
240.524
47.2551
8.45186
262.527
61.6914
30.1299
403.698
535.881
370.104
102.432
7.19921
7.74058
284.53
6.82918
337.799
118.007
247.097
345.801
304.605
7.6563
100.471
391.042
42.5385
7.87488
48.4138
143.134
436.697
419.243
238.75
7.53867
6.2334
7.60071
7.44813
39.4383
500.629
150.413
284.265
418.928
206.054
120.193
7.00467
6.7847
496.765
89.539
321.039
7.601
7.21922
492.711
173.902
254.959
36.4495
212.603
499.832
6.88705
8.99232
331.621
6.55156
191.814
5.84243
131.334
5.38565
485.941
108.567
319.418
217.327
259.657
37.8527
132.803
114.797
508.165
193.533
43.2875
336.571
15.1795
7.10019
63.611
6.6817
453.281
227.516
323.3
465.301
218.838
6.67153
7.04078
435.71
363.08
7.81773
341.933
152.104
518.356
500.562
7.25302
93.1316
7.19012
145.46
312.584
6.78357
6.57404
134.676
10.3423
339.312
108.455
94.1317
218.347
6.44171
78.0392
325.784
252.659
444.364
561.196
198.89
11.7639
453.048
114.415
7.57108
34.0262
265.57
7.77013
257.519
311.091
22.3939
350.228
370.474
158.609
337.844
255.005
337.518
7.30376
393.615
136.468
232.263
366.736
7.32151
6.89419
443.254
176.958
362.103
7.63472
97.7651
6.60186
7.0862
6.5315
7.91049
220.923
7.42931
190.034
205.689
20.7378
6.95457
5.36651
181.309
175.411
413.55
320.399
10.0355
7.92546
69.7881
48.5096
200.684
236.635
7.93427
289.341
138.841
185.023
211.545
522.248
272.082
118.488
371.815
435.651
418.116
135.153
76.4993
39.7563
7.27922
334.226
142.773
7.23718
158.2
7.64928
194.054
511.025
395.071
57.7546
402.121
483.733
7.28455
293.676
281.096
269.564
6.56852
11.7362
259.911
177.67
11.264
190.09
539.162
395.712
94.7876
189.091
485.642
411.086
6.57054
414.933
99.9394
303.637
23.6214
19.6257
56.2983
345.029
181.165
325.956
6.34813
262.226
107.318
31.5059
27.2065
413.844
7.42566
6.81293
6.38834
181.022
60.2931
6.94605
224.043
107.588
138.802
7.55386
245.401
109.649
6.01662
221.904
7.71358
6.87856
185.239
248.499
175.819
549.237
5.15963
66.6218
181.304
186.451
7.10841
388.462
103.058
120.249
337.227
226.51
476.361
256.861
164.677
219.976
243.704
7.54752
334.435
9.79308
223.601
391.56
261.863
65.2403
6.77921
389.429
195.898
554.954
35.2273
7.45036
182.129
352.521
182.438
6.39915
116.773
467.003
7.29445
253.216
59.4301
25.2343
243.328
475.223
73.9656
82.6262
498.553
161.358
22.5923
103.412
201.921
466.845
6.55171
7.27948
216.729
247.864
126.347
142.294
250.72
193.673
162.681
382.776
443.034
334.319
283.483
51.2525
7.41677
165.245
214.993
29.6508
474.341
30.7907
7.05572
374.364
-1.41535
89.5144
7.71373
78.5928
273.004
162.57
302.813
185.265
103.641
202.747
13.4925
256.94
176.302
8.33937
7.27941
129.544
198.328
409.627
391.685
313.638
18.0435
7.40625
273.217
408.172
308.108
12.7168
7.24612
9.01264
178.249
368.1
440.337
7.06043
7.16598
7.42616
469.639
6.94359
181.998
212.519
197.022
5.86307
208.162
77.1851
79.2474
293.033
7.86802
476.87
152.498
206.374
64.4112
508.864
273.964
286.947
72.2019
155.421
414.993
151.654
224.021
37.6585
476.513
315.401
57.055
265.828
3.95812
259.884
130.054
32.2345
5.995
360.514
447.941
117.067
7.19747
8.04555
156.66
8.49534
246.615
67.7934
347.784
7.24373
171.625
6.4235
221.156
344.175
338.108
220.52
7.47304
7.3339
181.476
11.4786
6.63315
114.05
183.124
436.72
7.51038
135.603
317.203
499.719
6.13892
7.22988
309.471
7.51687
355.122
386.877
42.5712
34.8437
57.2809
178.79
70.5999
13.234
7.34467
324.554
33.5668
326.849
7.20657
7.29857
278.703
90.6937
569.876
86.8782
275.831
6.52191
261.008
235.933
413.87
47.6148
385.089
194.637
6.86752
84.5346
389.03
7.0542
246.292
257.72
264.073
127.445
13.4751
252.138
262.994
450.209
397.294
32.2033
137.535
330.399
491.688
228.683
247.797
356.74
7.29724
438.532
7.38832
132.945
524.826
30.0462
290.039
187.297
140.442
37.2201
6.23485
7.32696
249.236
12.5304
213.599
95.5279
7.72686
396.114
7.24164
223.401
488.572
371.637
157.852
7.37834
117.009
240.107
6.61403
6.90746
507.228
180.438
58.6159
152.557
129.502
78.2
142.573
203.477
9.32226
75.0087
7.87613
7.13794
7.73556
201.52
428.872
94.7983
392.432
6.7106
324.15
366.717
264.05
54.9314
7.48923
6.77957
6.51771
7.27651
6.77281
350.508
11.6561
225.202
225.414
390.149
6.29887
7.08769
9.09467
109.939
357.024
308.92
15.5652
140.472
440.505
221.34
6.57116
269.467
309.215
7.30381
376.38
116.1
138.052
301.715
167.095
339.313
69.5638
7.05152
232.874
118.949
156.536
13.5356
25.964
225.072
467.759
47.6192
8.48936
134.013
7.28021
7.42932
108.296
241.393
299.084
487.14
210.868
369.994
7.40613
7.56908
445.622
7.03131
7.3001
400.78
136.376
7.00092
7.68863
106.222
207.189
354.862
406.513
296.613
268.051
10.1678
6.9435
440.989
374.37
2.56254
7.88723
24.8483
31.4317
6.96366
7.11304
7.55021
230.25
180.32
6.96468
7.32765
141.345
199.852
283.156
13.2694
7.11671
156.153
7.46683
7.38115
25.7837
410.665
165.972
150.992
450.478
157.384
124.128
7.04934
9.50373
288.951
455.403
421.652
51.6131
392.067
7.12325
128.007
254.707
291.299
282.195
202.742
162.738
7.38076
193.917
7.20605
7.2304
243.482
9.67918
263.363
290.658
19.944
127.135
172.699
107.519
8.40311
8.29067
67.4263
280.815
236.676
7.40206
345.195
502.948
298.758
5.91646
7.22132
7.03137
241.774
421.555
254.279
10.6418
212.269
49.1373
172.241
8.54931
7.21918
472.214
137.324
77.2237
6.65611
249.194
10.319
233.763
169.774
241.204
7.08687
6.85259
314.651
198.68
132.41
275.313
166.883
90.6978
546.28
207.446
6.69674
85.386
72.569
475.146
7.83088
6.77925
3.82765
534.845
7.42559
139.787
130.236
122.993
71.0807
200.927
264.662
107.947
471.316
290.48
7.68617
7.24314
398.357
128.272
58.1588
58.2798
292.288
362.281
394.902
7.55992
297.756
7.17417
7.40479
343.881
415.192
56.6176
465.491
170.629
518.669
7.02549
504.696
509.387
5.43722
8.58689
257.839
90.3385
285.681
79.2076
432.32
7.14481
467.567
6.7366
451.165
449.323
303.889
12.3968
6.89624
267.965
108.712
211.084
105.36
227.831
178.437
10.4327
387.495
7.18537
181.177
489.072
303.147
6.63052
89.7436
264.556
312.328
272.354
13.8895
447.864
7.00053
374.511
174.622
234.223
7.10617
461.666
7.68552
154.261
23.9219
181.478
103.24
226.876
385.885
7.6401
7.14477
40.9896
7.37344
62.0552
75.3166
126.495
5.60599
6.98826
307.777
7.91292
132.054
183.76
28.6014
6.85718
150.578
336.719
156.788
6.16264
350.307
182.409
101.999
134.352
329.802
6.9034
16.5639
95.0127
7.51312
345.031
308.418
262.124
238.904
11.2839
412.512
78.492
88.6572
7.52111
74.1588
7.20446
502.188
517.067
281.903
419.264
241.542
231.095
244.203
8.15507
7.24249
300.632
57.3531
511.729
265.46
253.983
203.252
9.3301
61.765
134.702
138.91
523.676
295.335
308.263
7.50878
5.17776
7.69289
212.654
261.298
6.9727
404.834
8.80092
249.984
7.01236
7.58978
6.5989
7.59114
5.46087
225.932
206.753
307.398
187.893
224.304
258.132
6.37748
158.695
143.209
174.627
483.39
23.608
142.591
7.74268
303.179
103.853
515.617
161.847
7.38586
213.566
7.02926
12.7618
159.958
7.24789
283.213
16.3738
7.33336
277.732
379.337
36.4116
7.38056
389.41
74.0219
18.3699
271.458
253.717
12.0515
284.847
224.261
270.23
446.908
85.488
4.87661
39.4214
218.89
297.625
142.788
58.5515
205.323
30.0143
7.32771
6.6584
55.545
373.647
153.832
445.466
6.84826
7.57497
210.777
195.654
52.3223
7.15847
355.197
320.645
8.22771
294.924
477.853
244.695
57.0587
360.026
177.814
342.132
7.07126
167
111.359
220.297
367.261
370.516
511.696
6.5065
74.4832
115.938
212.995
18.8701
6.21239
5.91939
31.4579
143.894
5.47266
406.768
432.695
553.214
70.2942
236.937
52.4261
312.087
6.50081
211.293
7.55574
81.7152
268.424
264.858
227.001
7.37087
177.707
5.44451
228.167
200.058
8.36646
206.276
7.54866
243.926
418.014
7.96525
176.637
7.69893
8.18216
45.7957
17.7273
6.20445
135.04
27.0307
6.2603
359.121
6.99571
214.216
422.105
547.119
162.827
89.0355
10.3219
7.18995
7.39398
481.169
62.3158
24.5146
7.04086
80.4804
168.577
151.744
220.133
326.616
7.31546
10.9391
7.38341
5.42776
286.552
314.509
367.836
88.163
7.76331
34.6725
56.0249
4.48877
9.15998
7.26722
113.838
211.263
7.6691
95.0639
327.275
7.21568
6.98194
7.62763
7.43916
350.032
271.569
332.962
170.931
9.85194
7.60376
119.109
466.077
4.51197
376.229
125.999
282.84
76.7274
283.119
282.398
194.611
187.083
13.1052
295.319
6.87621
436.001
83.7865
490.634
142.347
7.12741
382.838
328.829
454.124
416.737
383.839
145.32
178.9
7.11984
185.578
252.418
337.478
102.44
228.69
411.585
560.778
6.92237
154.858
124.935
314.951
171.206
281.171
262.863
172.492
120.742
141.545
6.98408
32.3278
7.00782
354.958
471.325
180.677
237.682
16.7597
125.578
14.4262
203.28
7.12704
7.184
7.35983
7.07531
6.85697
7.02161
314.918
7.6989
148.485
98.8352
554.761
11.3474
459.722
95.416
6.92107
278.129
7.24072
7.4604
403.39
317.09
140.772
90.9651
336.55
486.584
84.6947
7.25875
6.64368
515.032
6.99145
6.30845
47.0797
7.07264
259.828
9.01621
7.08383
7.13553
7.82714
7.15115
7.56567
131.891
455.91
7.8407
170.478
6.96226
245.672
478.376
386.044
174.922
44.56
304.242
36.1498
324.332
160.397
144.985
7.50497
196.261
290.687
6.8612
163.097
220.062
126.922
7.75299
22.7583
35.788
267.191
249.607
239.811
430.585
222.572
62.2757
394.001
3.33842
6.37224
220.228
314.209
170.54
145.982
8.5085
398.438
253.191
394.846
49.4569
9.50688
6.86641
97.5013
466.75
212.441
169.17
261.292
209.812
428.439
52.2922
7.03
7.57607
7.39887
352.913
208.846
7.70503
202.549
8.58005
438.757
6.89256
289.702
456.587
7.63504
39.2624
219.402
188.399
7.13631
146.62
371.395
459.873
574.223
140.157
176.931
318.596
119.659
12.0449
6.72396
6.74061
47.3505
354.775
6.89475
194.205
96.8602
122.1
235.988
256.109
474.548
7.41132
33.9508
193.616
11.9123
7.20901
205.581
7.45207
7.00706
183.706
143.134
137.344
140.115
3.60541
429.016
74.2322
30.3594
320.99
271.279
281.147
373.547
229.695
476.185
7.32833
7.51836
5.59098
36.4764
8.55809
103.6
5.60513
160.039
184.191
312.302
6.98406
365.763
5.4554
279.377
318.777
264.14
149.536
142.981
39.1957
472.14
167.203
447.231
253.406
254.081
6.99698
236.8
413.485
272.762
7.63623
210.498
376.432
7.06367
63.139
271.363
6.97173
129.267
6.88525
91.3273
72.9952
7.41574
316.474
8.58071
104.67
64.4845
194.384
172.173
7.59297
6.85292
126.689
6.59374
143.574
25.6535
69.3385
216.214
430.341
6.87728
282.247
8.00319
392.118
327.886
123.436
160.209
17.8111
7.27258
185.746
327.851
117.188
27.0065
120.071
9.14152
478.997
6.94381
195.369
7.01394
213.398
324.865
25.7915
300.811
10.2356
8.07246
416.129
111.914
310.595
7.19126
7.4902
6.2892
67.8989
278.422
469.421
106.41
3.3842
7.27399
241.339
7.482
7.30243
101.098
105.005
117.823
119.813
7.80316
3.56684
8.38632
8.46098
481.444
218.825
355.168
6.26932
404.34
486.317
151.82
512.564
4.94812
7.76082
235.984
40.0944
7.72608
135.214
7.10871
498.326
299.75
6.99324
14.5351
99.2735
437.273
202.837
177.288
143.923
533.77
535.592
107.998
107.862
203.767
180.383
237.582
332.634
256.94
153.522
217.858
7.39467
236.878
6.75521
6.50842
195.33
78.7668
44.4557
7.00193
105.427
125.941
440.603
500.416
312.934
7.1511
7.66434
63.6837
6.78891
54.0651
473.149
262.501
268.133
429.558
275.587
1.63927
405.164
22.1377
7.24883
6.75166
7.13653
350.507
8.26651
6.83601
10.5608
7.11702
259.73
111.89
290.367
443.998
159.798
6.86507
74.8544
58.6539
332.3
4.61456
71.0383
425.995
405.325
405.067
13.9528
7.27669
7.18616
85.2191
439.899
7.0737
377.294
441.981
149.854
162.483
394.567
163.16
6.08558
8.78707
80.6113
143.705
26.2561
85.3816
5.64619
51.1063
21.0186
370.956
361.169
67.014
83.4615
350.192
78.2085
388.152
7.71386
507.748
94.3549
6.90853
367.42
7.07637
49.4817
349.029
153.37
561.4
2.0419
125.705
382.942
165.108
6.90582
7.54348
92.7717
280.32
513.111
266.107
227.131
226.038
45.9281
97.8097
209.565
32.6993
6.6966
11.9116
214.447
194.763
455.842
496.684
343.349
7.90433
376.731
136.796
13.0523
15.0435
316.87
101.709
177.226
102.198
478.061
7.0135
27.6232
368.453
6.21752
372.691
134.009
5.88867
225.416
8.01397
72.0319
53.1443
349.663
276.81
48.5472
168.926
266.409
204.781
158.492
16.9142
481.981
197.728
128.285
7.32972
157.588
420.058
7.00443
135.264
352.886
102.555
6.82741
21.1141
303.295
10.1489
7.50871
364.954
212.322
23.7504
6.94644
368.234
126.292
152.89
6.87953
6.59914
37.2073
7.45114
7.04207
364.331
62.9642
8.98318
287.283
357.02
8.72464
366.34
41.1621
8.44214
7.14649
266.322
266.193
255.407
127.033
7.39435
239.465
332.245
261.088
495.861
7.28257
182.754
35.2035
98.2967
200.556
76.4239
6.93498
150.375
6.52943
7.70649
402.245
253.017
8.19492
7.28842
273.042
6.68841
454.317
375.293
242.129
6.26844
6.76526
304.302
55.8782
369.726
59.7201
329.843
160.582
502.11
136.232
267.371
177.407
128.73
6.9438
7.36297
214.976
11.1704
195.456
155.177
26.4405
80.7039
7.32319
354.475
326.698
7.40128
354.607
6.99761
447.784
346.648
239.051
7.8895
140.353
7.16663
6.30051
1.92269
340.715
171.961
6.727
257.617
7.2681
6.75165
163.034
335.554
392.598
558.993
7.17667
7.73557
6.61307
89.2967
7.0928
293.432
25.5135
486.961
5.9365
110.071
7.10871
7.0052
5.3344
191.817
12.1545
211.017
7.47347
6.95984
7.02526
8.80214
86.2348
325.179
184.186
147.491
439.182
247.906
406.088
101.26
142.389
7.45975
128.015
192.139
177.334
393.84
536.714
7.81523
446.924
460.528
7.48334
7.57099
54.3615
6.67288
11.3303
254.464
8.55636
275.799
96.4841
132.124
219.915
6.53919
268.541
7.13877
235.579
6.86016
355.713
90.6297
408.967
360.82
116.068
64.3018
253.853
381.767
168.135
520.39
116.81
67.6559
199.851
7.52784
26.7907
450.003
289.169
7.35067
7.66947
6.13998
174.537
79.4977
7.25812
311.378
7.40942
338.932
12.7644
488.311
7.14851
7.42828
21.8489
55.9171
270.139
125.244
194.525
296.805
330.974
157.889
421.667
7.37345
7.26602
31.0556
45.3427
94.4162
6.18649
411.228
141.95
256.066
6.86634
6.24444
445.057
6.72355
355.64
294.665
8.12021
400.774
7.10875
6.78624
409.153
52.1768
7.94314
183.605
452.279
309.169
283.52
89.5611
8.1078
7.02641
206.561
103.751
8.97354
7.383
372.505
22.8701
342.541
49.5789
22.6734
4.28148
7.49198
521.244
144.204
6.9531
173.653
101.916
438.107
7.45469
73.1865
7.29889
10.4644
88.8648
87.8933
276.7
6.201
7.04697
4.37662
418.161
7.36964
6.51757
18.2053
7.02022
287.838
20.8844
77.4907
415.982
7.25404
308.756
177.403
64.0625
7.08359
242.709
22.3162
513.405
516.972
6.80749
6.71874
380.189
345.6
212.593
283.983
8.54907
7.85779
222.425
9.94372
30.0181
7.08982
7.04695
232.337
522.158
313.574
195.033
495.017
6.72105
394.735
129.729
412.198
47.6892
506.698
116.475
69.737
115.96
7.04206
6.31988
252.486
210.54
7.37813
74.2954
425.999
184.208
167.92
83.3755
125.461
6.12689
6.52817
281.557
407.409
229.53
352.509
200.261
7.30712
138.804
546.2
319.538
450.622
226.261
365.157
408.666
198.064
7.64947
342.474
7.31663
117.026
74.2371
173.521
123.043
7.00325
9.02484
113.678
263.924
6.77559
51.0422
7.27438
7.7805
317.785
48.1046
32.4599
12.3828
530.65
7.46501
7.65441
193.959
7.42473
200.254
202.282
88.0553
60.3219
8.30342
7.39447
138.446
69.4257
354.678
117.661
358.355
63.4756
7.47662
377.905
519.099
131.67
6.66385
7.21433
199.246
335.71
5.84415
8.57364
199.664
96.4606
7.19699
29.2787
57.0728
64.9308
232.218
7.74554
7.23087
354.776
7.68884
133.318
308.249
20.3882
70.7268
330.593
391.734
130.8
7.03659
50.5661
123.348
167.058
366.553
248.051
413.407
7.06877
305.434
397.713
204.135
32.5804
473.34
135.447
6.88044
257.386
553.789
8.09885
310.665
197.408
24.3495
235.685
338.068
170.183
7.1646
7.29567
6.53577
304.054
247.32
470.015
102.387
4.86779
361.912
115.058
89.9772
55.6326
94.1859
77.5447
89.5362
45.7255
191.07
7.30084
113.349
103.727
293.058
28.3838
420.01
111.274
156.252
6.60902
341.343
92.5065
185.547
207.919
440.589
135.706
95.5955
6.7985
75.571
7.39389
7.91968
-8.75111
551.039
230.675
49.1381
7.75929
209.53
216.245
10.9257
7.00629
6.55289
135.867
297.963
95.3448
236.942
491.91
363.65
479.428
323.037
305.223
4.34936
7.85001
48.2691
329.153
280.646
7.54459
46.1773
182.059
458.852
6.80609
316.994
7.1261
402.089
122.151
108.067
456.303
7.26591
164.493
346.165
8.76916
40.0888
6.59113
101.16
285.933
7.48474
292.732
403.268
6.23241
39.3513
6.99017
55.6503
140.312
17.0598
339.922
7.36086
287.746
478.841
360.149
325.183
6.99657
7.47209
242.852
459.848
188.556
127.797
7.50991
7.77099
370.005
565.291
409.522
309.576
367.631
203.469
467.218
6.69276
7.48701
47.4279
98.1282
289.35
487.786
5.55551
343.519
17.3258
7.03631
343.885
130.258
309.695
194.074
260.944
59.3412
22.038
7.00151
219.679
299.988
223.944
224.909
505.093
6.77911
12.5444
7.41418
7.84072
314.066
331.906
410.959
161.363
173.349
58.9641
6.93897
353.41
142.083
7.32622
307.12
6.55396
74.2111
5.70684
107.144
68.8756
148.49
359.692
53.7529
7.02035
8.34789
306.197
78.8059
323.474
121.162
497.039
584.838
6.38065
99.402
173.969
154.49
18.2853
470.462
7.6254
253.722
219.652
6.87193
380.5
7.95921
38.1691
6.72498
6.99237
8.95446
212.683
17.7798
80.0483
396.928
177.448
6.28648
6.56106
201.072
345.024
379.135
7.06939
130.906
6.14961
7.17977
348.878
7.08092
7.74936
6.81585
7.11802
8.66734
8.35801
292.654
144.962
386.43
64.4373
281.372
178.899
376.654
7.32849
158.316
7.62375
289.961
414.393
234.673
6.82101
296.03
375.469
6.43767
496.208
490.926
58.0636
6.62951
303.808
24.8136
227.481
7.68591
275.148
287.613
59.8403
7.94283
310.769
257.912
118.537
280.673
20.2399
131.009
164.434
109.729
341.533
92.9478
7.01519
198.514
97.9758
459.314
107.927
70.2554
6.80438
221.071
249.685
6.93768
311.72
7.00808
286.641
7.19136
494.282
97.1927
376.724
68.0516
89.0231
236.11
544.696
7.23696
8.5002
297.956
340.768
3.7477
48.9355
166.273
301.302
318.951
7.03988
383.217
75.9632
98.1258
369.519
26.7889
340.917
498.325
199.405
38.653
284.554
7.30354
187.902
28.3351
6.6087
146.688
191.054
233.455
8.12787
5.68313
261.399
389.349
4.31177
144.638
323.347
6.92551
64.8099
427.328
58.7508
7.3783
240.387
7.16574
393.592
7.09138
6.89102
188.125
308.202
63.8386
393.292
9.96368
7.10849
207.447
7.16354
156.46
110.645
467.192
111.109
6.84186
27.4079
5.75313
6.97479
6.79677
7.04528
240.834
228.422
228.441
21.4262
245.952
343.42
6.78183
237.619
272.062
7.15751
173.576
151.777
248.648
7.20429
5.24815
62.6561
375.723
391.666
86.9351
4.73682
329.638
434.074
401.357
5.55087
8.46503
376.105
6.51639
7.2104
6.57031
325.002
7.11962
6.00873
143.615
6.94168
558.577
168.404
7.21374
7.30729
323.851
364.317
6.92497
378.392
161.278
137.807
275.19
328.389
37.3984
6.93528
158.026
58.2865
76.5235
102.317
215.321
304.231
129.549
221.275
77.1831
258.167
381.477
7.47684
17.683
191.401
246.186
257.45
395.439
210.655
97.946
111.023
7.67679
6.87667
208.995
103.502
68.2913
8.9303
147.438
455.391
95.1441
194.649
270.777
72.6967
7.0981
13.8243
470.195
472.576
7.31202
6.95404
116.15
7.40141
6.81392
10.0471
311.4
380.293
267.62
61.5257
308.714
252.435
298.703
360.528
6.74761
63.5052
271.224
306.906
490.119
7.68995
5.50193
192.748
474.968
5.29302
6.43465
349.026
131.954
206.599
208.445
550.342
337.47
7.15164
10.218
23.4625
247.263
418.198
389.85
6.6492
195.551
241.465
7.40207
276.256
137.325
7.47919
7.70713
7.16935
132.513
161.877
305.956
320.233
436.321
7.29804
474.763
7.47268
7.02999
424.026
431.547
7.10602
464.697
6.4898
6.70977
311.936
376.575
48.9862
48.3435
415.897
7.11803
91.423
298.613
153.406
366.98
6.99971
381.107
330.923
318.399
438.703
7.8143
466.628
542.453
293.651
134.474
7.30351
156.961
572.654
30.9111
7.16035
15.6165
292.679
108.837
275.67
528.153
211.658
6.64191
390.985
7.2893
5.57886
496.554
89.3955
7.35487
40.962
14.7614
244.285
199.827
7.82447
290.99
5.2064
335.528
442.991
264.566
7.38572
43.3663
34.6093
39.8309
268.632
544.726
7.22642
328.414
57.1983
337.988
457.34
2.11942
23.9093
6.27124
355.911
8.1068
183.596
57.5623
7.15101
174.148
181.018
316.534
7.29029
7.14653
292.467
531.694
219.977
444.065
49.8874
295.125
7.34308
198.781
417.147
7.40576
7.35498
7.19128
376.115
301.735
314.251
183.588
265.718
303.61
5.62064
292.046
62.1401
6.80062
6.9842
233.159
11.5576
426.05
13.1018
300.735
7.22698
7.44726
45.7491
368.06
129.208
498.717
284.903
431.988
4.59741
7.87405
84.4058
151.717
7.09709
7.1183
181.259
75.2369
327.673
313.503
422.67
326.721
7.41149
230.63
529.716
5.57493
7.67433
395.149
77.5111
464.538
457.012
449.965
6.29275
189.895
170.096
111.125
195.229
33.224
12.9053
6.62349
7.23722
229.72
216.511
426.547
478.658
6.09804
346.552
248.23
324.892
145.64
7.69781
234.747
262.698
267.744
45.8944
260.796
462.71
383.806
480.174
251.219
153.299
444.139
503.182
7.34949
27.3768
6.76585
465.381
518.068
121.157
164.495
7.57185
27.2704
111.733
148.56
148.376
7.17343
7.51566
371.385
122.776
26.1945
368.944
130.131
7.67809
135.599
254.297
82.8929
316.647
16.7316
6.25261
184.804
294.7
6.89286
6.30428
89.1385
110.559
8.11191
7.07918
299.469
351.426
299.187
6.5123
50.6895
314.074
331.156
292.394
483.844
7.07923
6.35523
7.12294
8.81567
6.52842
296.922
369.113
528.92
42.6835
151.207
6.57256
258.115
7.62841
7.17141
8.48064
183.232
245.968
10.3437
73.0659
308.285
201.34
7.09971
339.965
27.7286
351.668
103.594
7.25897
183.139
275.316
448.178
314.841
256.578
387.884
210.871
120.534
92.2978
116.277
5.18814
8.09511
7.49617
327.275
295.264
8.05862
158.94
528.616
71.9257
304.588
5.84942
142.092
329.744
14.1132
377.597
6.97512
412.72
372.571
359.807
442.635
36.437
287.596
7.38659
175.941
361.348
496.156
387.493
522.197
365.866
6.97744
136.754
446.642
7.22956
531.51
238.013
6.86544
58.9612
69.1393
342.738
6.96049
156.218
474.508
7.01699
260.693
7.12446
154.062
7.19389
462.727
156.55
267.101
15.274
309.994
6.83516
266.324
308.692
386.748
42.4833
179.061
39.3478
177.283
148.262
332.128
308.913
346.681
8.34904
7.21559
53.8078
7.69015
7.12841
318.816
136.215
254.381
387.944
253.402
113.594
102.356
6.86847
397.606
285.747
50.0214
24.3793
156.368
335.54
238.723
120.473
38.7424
6.97956
74.4935
39.9545
276.746
115.425
136.112
478.416
449.707
350.582
241.691
529.343
210.556
7.28895
20.6812
6.66899
181.526
163.854
523.454
120.218
469.743
281.635
21.911
99.8931
37.5386
6.69297
138.419
7.904
485.729
7.75114
5.50926
199.351
7.168
6.91613
370.103
7.32329
7.81908
7.63408
547.114
514.132
6.0391
514.136
313.175
268.25
6.59432
7.97414
485.018
351.319
407.511
6.82392
67.5953
148.493
7.80074
7.4441
113.929
360.934
7.52518
7.24288
71.936
474.789
175.009
383.722
7.75781
75.9263
298.489
7.51358
5.69706
7.52029
7.25936
60.8671
363.101
30.2391
292.363
112.888
67.2301
45.0144
7.12241
43.9114
395.114
430.189
6.74618
433.671
7.12566
380.144
279.849
209.083
137.342
6.89435
394.879
385.304
354.355
143.337
525.368
7.12021
7.57461
56.541
71.8555
262.164
431.159
6.47744
142.844
7.03516
6.76295
247.199
173.525
271.079
10.0187
238.269
446.617
307.948
340.075
6.81927
242.955
19.6601
7.07253
36.3431
6.94872
28.3903
4.58419
7.12049
194.974
276.367
264.777
121.089
7.1164
159.85
449.069
69.4354
7.80617
139.879
52.8786
286.081
355.932
7.39333
171.11
120.153
394.111
294.15
367.655
318.527
277.514
194.101
49.4953
281.628
114.399
192.959
5.46118
39.8186
107.018
187.871
220.267
113.49
208.634
7.01838
36.2983
24.1784
296.081
367.178
489.758
221.524
369.634
5.98185
7.17938
6.59653
92.16
262.977
191.584
490.974
7.64748
198.581
118.272
228.005
121.802
356.408
6.19878
7.8653
7.31755
322.224
426.846
92.9669
33.38
348.751
430.416
107.513
417.542
6.10244
315.048
7.54513
7.03699
139.63
278.279
19.9683
310.658
164.92
266.667
479.116
443.045
107.912
26.7496
8.47773
7.01134
136.028
9.66659
28.202
12.2131
263.89
144.186
69.715
151.219
116.473
7.60529
8.81413
552.3
38.3978
27.6244
58.9273
203.052
6.71927
181.359
7.18934
416.335
28.9496
7.01288
6.48956
209.694
245.814
6.1056
362.224
8.51828
196.248
342.122
6.58509
12.2834
100.436
432.258
47.3281
165.81
8.6766
7.01702
7.11636
14.3796
491.665
108.585
90.0819
7.27734
139.948
6.68081
494.624
85.519
66.0483
152.582
422.095
423.466
161.297
548.338
146.681
196.914
163.691
408.979
536.398
282.805
435.657
375.928
304.259
116.587
398.779
7.7235
28.6184
251.927
20.0578
449.176
530.702
456.799
72.0164
213.049
466.126
6.81813
323.459
162.252
7.42481
366.114
172.247
117.167
7.25588
142.876
353.939
6.86113
163.377
97.428
169.748
128.212
357.231
188.153
3.47071
7.17752
345.993
184.432
6.80826
7.25657
6.70949
5.8885
7.30181
72.2434
361.996
7.73882
6.98584
381.771
283.306
54.4728
47.1493
486.499
6.48654
232.755
240.488
260.696
90.0118
282.726
5.44185
6.87821
103.357
276.347
7.00889
175.765
7.57088
78.4893
211.061
139.34
6.99093
213.442
48.5301
7.3634
6.97062
270.89
458.726
263.533
66.0261
67.4951
345.485
501.283
224.321
6.91725
74.1609
322.361
137.031
587.305
438.23
234.243
121.986
446.913
232.578
7.94113
419.272
219.195
71.6822
424.116
493.682
148.225
7.15229
247.708
89.0211
112.704
7.38894
7.85174
345.296
399.65
412.741
217.879
372.797
5.73105
14.453
155.92
10.0007
5.6175
400.153
116.483
325.632
481.96
407.61
176.274
397.618
38.7543
5.08081
302.572
395.958
287.409
7.67048
435.452
6.85353
5.24161
7.3807
320.087
381.831
78.5504
38.1199
37.7559
369.488
262.626
7.23019
20.1695
6.79898
105.81
377.07
236.015
136.263
480.869
155.477
44.7568
7.03014
363.473
426.388
375.751
514.592
163.378
227.756
349.117
211.022
154.296
337.474
314.662
135.044
42.3627
302.033
172.532
345.738
7.58436
24.7425
220.919
108.681
426.324
310.01
238.205
6.9044
86.8865
184.642
5.74723
553.164
224.916
7.34929
213.756
419.304
14.1073
507.07
7.45318
126.202
8.3968
4.76485
439.7
137.538
7.41868
26.7381
218.457
276.603
7.49102
7.40652
6.06484
141.432
208.573
173.238
7.27141
5.07294
411.155
7.47193
146.083
244.191
311.598
277.852
534.909
6.79859
6.72636
230.16
482.519
511.378
7.95514
394.596
298.557
7.50747
7.15813
238.428
6.85961
44.3809
220.717
299.255
8.37415
8.2212
7.09132
301.187
446.65
7.36027
321.448
250.815
320.974
263.492
8.05453
29.5041
505.856
54.8035
6.99512
123.152
293.815
7.80428
480.63
5.6728
426.734
7.03429
15.8557
307.195
93.3279
7.05562
7.82581
78.6582
205.629
7.44618
193.047
-26.3576
99.6494
6.88455
368.814
293.606
166.151
463.211
6.13347
416.589
199.377
7.03441
409.959
515.784
61.8712
255.501
7.8555
354.751
283.577
122.028
7.37794
7.82675
6.76534
202.224
334.051
437.283
107.561
326.001
77.4422
10.5765
7.80075
160.615
446.001
89.9224
114.267
81.6781
149.126
21.7369
146.266
12.6286
8.65654
484.285
296.85
457.451
8.15067
172.604
6.6537
6.74457
6.99788
219.419
384.83
406.633
222.556
28.6124
432.522
8.64727
298.021
138.324
7.58739
7.72147
314.567
5.00652
7.2108
239.442
6.99495
476.115
7.39393
321.208
506.62
7.60787
7.95749
8.25598
403.955
470.558
356.375
6.5669
273.602
373.962
310.34
219.621
7.06926
135.159
7.0599
92.9517
14.8943
7.08044
5.89086
218.614
7.58638
8.18133
122.317
54.4754
119.854
326.877
35.1273
185.731
399.884
555.12
73.5646
266.624
300.749
313.145
374.55
6.8462
7.23714
229.681
7.05437
29.6843
6.99317
19.3173
8.08607
525.653
6.07463
362.184
297.82
190.724
6.27229
422.106
295.247
401.879
149.792
207.95
413.91
234.847
136.628
144.584
506.928
404.552
8.61269
387.52
7.52943
259.221
454.77
274.622
113.4
0.26487
204.041
117.9
330.881
7.2738
234.351
7.25242
84.2364
7.17098
177.351
116.401
242.947
6.10952
318.99
6.04554
6.85723
190.115
358.757
7.14237
7.64014
172.247
7.62301
167.594
8.26438
6.99756
16.7598
381.674
194.39
9.95655
7.23369
224.681
449.833
208.571
6.82201
44.4065
7.01897
6.8666
250.44
56.9385
134.768
120.744
8.2147
7.31733
565.567
7.42482
296.533
5.55689
22.7685
332.056
5.50863
143.261
138.5
8.71181
6.80362
230.287
7.69565
7.47248
291.176
282.015
378.196
322.908
359.738
112.743
158.777
194.201
266.135
163.411
6.71276
102.196
225.219
116.641
114.616
7.24759
7.0948
67.3316
184.976
278.64
141.783
342.888
387.598
289.087
205.573
317.464
111.327
270.052
219.771
318.054
48.9676
7.98604
507.568
7.68014
411.567
214.3
296.892
439.995
176.148
328.657
229.332
166.31
32.5866
8.45875
352.308
120.661
7.31281
190.958
220.971
272.588
228.539
11.3084
188.701
83.0874
108.822
80.1948
336.312
151.437
363.653
7.03895
73.1077
94.455
458.298
485.094
310.589
99.7414
7.05804
298.585
14.9838
280.819
126.876
309.971
40.361
245.417
410.32
204.14
127.947
158.131
166.085
5.20299
6.92274
7.54126
536.361
7.91589
260.527
237.043
7.05306
508.581
280.99
333.297
128.708
7.10043
407.48
7.26317
7.04137
8.11618
7.87016
340.842
7.56742
202.291
47.5264
229.521
377.174
211.779
308.003
7.7361
6.73145
7.74387
207.589
7.99562
87.7843
7.27874
68.0363
7.03908
234.447
6.94128
86.0909
6.60511
282.243
175.998
211.132
50.0632
7.67634
6.14131
295.749
70.9478
340.943
529.488
444.713
319.001
6.77064
333.939
130.651
38.3553
569.239
53.3169
363.573
114.029
6.8148
40.0301
520.28
7.09128
324.082
7.11428
371.093
7.72138
355.713
96.8376
265.322
31.6316
107.231
291.05
7.02429
372.007
372.059
24.641
83.1347
132.379
106.357
104.683
338.924
5.50158
7.25081
7.34398
225.148
7.90017
3.86043
46.4823
62.589
6.56254
511.53
165.547
262.8
92.9912
61.4592
7.07294
6.9957
4.1575
4.92485
442.227
7.37542
394.799
410.222
476.391
293.577
97.7343
6.83509
7.22863
267.27
155.061
103.913
256.056
89.4645
12.1902
454.972
277.423
32.2432
24.2149
305.859
7.70671
461.227
229.904
348.411
259.326
16.318
7.01783
19.7832
7.4031
131.561
299.243
7.02062
39.8644
124.051
370.527
311.794
353.115
54.0872
117.405
484.692
44.3597
408.889
7.5081
174.381
341.421
91.5157
198.766
9.60928
203.036
39.5485
448.62
6.88663
77.8001
496.125
7.44935
18.4849
7.59555
113.602
444.655
222.244
496.223
88.0178
7.43392
317.097
105.938
354.637
6.71512
54.9516
302.607
369.373
7.01928
7.64033
365.108
345.418
356.634
372.896
8.04377
58.3632
7.47594
258.845
210.015
7.35911
6.86058
229.894
320.613
100.505
195.449
172.429
6.4627
-0.972403
88.505
551.544
7.01868
7.12201
430.222
7.55334
245.415
145.342
280.56
268.586
7.3346
58.8086
522.918
340.842
283.944
7.27984
187.548
84.6546
7.08104
156.554
368.726
50.8945
294.115
8.08723
193.17
6.42578
15.4923
218.666
223.445
137.28
244.276
310.928
8.13509
267.237
136.256
515.314
77.3178
8.43063
277.098
7.51744
361.161
556.349
566.754
7.10045
2.25239
379.071
544.716
468.782
373.363
187.576
261.534
185.996
255.178
488.284
105.223
204.348
230.013
271.903
193.482
34.3385
396.343
235.14
189.298
243.624
337.612
397.138
332.983
11.0756
7.36437
5.93264
202.977
316.146
18.0982
414.808
306.589
209.455
408.186
129.337
325.752
7.39078
102.896
274.326
6.53355
288.441
101.974
22.6267
21.2758
261.775
238.044
297.553
271.596
330.262
315.099
87.3269
103.323
245.514
7.44858
6.06068
413.149
409.286
321.13
8.789
8.00039
240.755
6.67985
7.05855
90.8344
389.467
58.8289
342.696
96.3418
274.529
7.19109
353.164
46.3576
204.716
7.46733
128.617
68.699
99.3058
358.964
327.652
193.514
6.98905
228.755
7.11474
7.57544
53.9359
7.13486
7.18755
5.99097
348.996
7.21511
6.8715
6.89963
382.538
376.184
427.921
7.50607
6.84407
484.909
264.204
5.88608
61.5531
271.662
308.862
25.0657
8.24785
195.089
77.6917
470.625
411.767
495.818
582.444
97.3818
398.848
7.31922
6.59035
84.1055
6.99127
152.899
136.324
156.864
7.38484
306.416
455.82
144.19
56.0375
109.751
318.019
359.608
7.30923
431.699
570.327
403.612
376.025
6.15742
13.0866
47.9401
7.50401
367.465
184.396
181.59
121.268
181.516
7.30514
12.2803
6.50154
276.523
308.459
318.382
7.28777
123.468
397.005
441.416
7.11387
8.0918
6.94037
111.796
296.438
11.1802
7.86234
324.009
128.836
145.253
375.226
68.3097
308.592
5.75184
7.33687
379.855
7.4309
232.082
207.693
94.06
428.821
129.203
7.07059
41.8716
204.795
7.22818
9.72049
335.665
395.938
54.9706
62.2929
149.148
135.438
5.83817
166.184
397.242
7.15641
552.656
246.801
451.298
533.997
6.64652
286.23
6.58161
24.5847
64.78
7.03343
233.231
7.58041
6.88075
71.6162
429.37
7.04949
56.4972
2.71396
182.684
449.346
7.27959
143.7
457.396
320.649
6.59265
139.312
384.056
140.123
69.2603
166.782
7.03065
7.31029
167.747
176.423
183.925
7.26269
355.173
159.716
7.22688
208.534
6.6143
214.211
192.471
250.323
71.9288
385.516
182.591
207.254
253.749
6.4448
340.67
551.788
105.093
198.969
221.404
174.661
112.016
6.12577
7.36594
6.42065
300.429
37.4905
7.17584
71.4023
301.257
30.3969
88.7506
100.03
40.3328
225.746
343.291
46.829
257.37
543.689
1.89583
6.9853
5.52203
264.028
273.541
292.743
47.5618
369.945
54.2187
190.767
300.37
281.481
471.401
128.686
6.4461
88.7342
317.445
239.147
249.167
71.3929
405.874
7.43354
338.241
179.512
6.74389
127.049
7.35369
45.3864
7.08369
377.489
338.672
432.798
268.549
295.638
432.783
333.802
322.604
168.579
7.42381
131.527
7.44318
263.258
6.98325
299.418
234.402
5.76163
8.13277
138.76
7.21413
106.172
250.831
5.85124
418.149
263.414
199.306
6.99814
389.349
10.3147
6.94045
351.632
9.5728
171.095
6.03398
161.499
164.761
67.3871
7.18333
314.259
171.52
103.602
290.54
58.5954
331.754
7.1929
216.945
145.423
7.48223
528.787
15.6931
392.398
399.919
467.637
7.34264
19.3272
398.976
401.048
6.74288
12.2908
121.376
348.145
196.769
40.5223
17.5404
263.071
146.214
384.319
3.82402
107.693
266.456
288.497
178.014
106.516
249.024
441.178
143.318
314.796
389.235
7.07314
403.351
100.121
368.297
34.9841
6.95922
422.455
411.293
60.9898
148.72
276.674
272.093
497.019
187.537
45.3552
7.30602
34.6477
476.294
184.997
326.235
7.12495
7.09544
511.716
6.605
6.99196
58.3127
340.529
200.367
326.37
445.508
12.7582
319.099
176.967
181.085
103.977
128.944
7.03283
6.80928
328.369
133.266
7.50209
6.61293
94.8318
82.0454
296.055
122.474
376.689
42.1548
6.8798
7.5703
204.924
517.791
186.212
385.432
258.018
7.48791
185.895
73.0635
148.105
251.62
416.69
488.129
59.2091
168.172
290.408
214.236
7.36483
7.62997
304.207
454.227
292.175
6.35785
288.77
6.15055
6.91892
157.069
358.311
264.483
281.253
471.036
25.845
437.556
345.594
335.136
425.852
173.345
7.01891
204.161
204.593
8.06958
218.517
429.412
25.3328
7.73923
7.10437
7.29638
460.505
7.11196
359.417
308.157
546.719
94.4108
463.388
271.209
17.7664
343.001
236.852
222.636
7.40058
166.461
6.34706
159.603
267.223
106.732
182.599
279.287
420.38
5.88177
409.552
7.75165
312.394
296.89
7.3303
7.08541
215
7.68477
5.81505
7.35872
199.918
249.774
82.1025
421.055
231.7
7.24434
518.628
208.129
304
393.807
-6.01097
7.19195
259.864
455.376
5.56681
7.80852
7.28099
7.29213
11.0914
7.06691
256.753
280.663
6.75926
461.494
272.396
7.11518
242.749
6.92604
94.5185
397.206
86.2155
29.7625
228.385
384.879
484.122
288.812
521.287
102.217
6.96481
540.954
292.376
330.806
189.511
7.74109
344.756
6.69078
305.075
367.384
6.60349
507.331
7.20916
92.2096
107.003
414.343
28.6901
6.90167
6.96274
85.4699
218.881
211.948
72.2473
236.776
7.57883
211.672
22.6312
429.326
6.80317
7.23018
427.486
303.684
237.352
154.803
465.535
117.617
7.0061
131.955
511.013
255.502
7.76673
244.866
36.3216
96.4278
430.872
205.701
533.992
172.18
414.782
154.945
7.75105
7.3888
405.733
7.24413
332.364
7.37962
457.092
351.837
40.6422
524.445
7.57361
126.994
64.2772
564.714
203.157
138.191
7.17084
349.026
81.9862
321.167
427.466
168.912
253.445
106.226
313.275
224.973
164.692
5.77423
12.2526
98.3766
68.4176
87.0536
145.477
47.7709
7.57442
574.688
296.108
273.993
7.10536
149.009
7.69145
24.1854
6.84577
211.14
115.205
150.394
221.757
5.2357
275.084
6.76457
7.3783
10.9373
456.944
415.475
433.004
7.82666
132.915
20.1746
60.7734
5.95848
6.89922
331.867
453.11
31.7446
274.558
246.347
465.226
7.69771
410.054
7.31262
50.0808
142.122
424.198
335.645
7.78739
207.161
94.1224
200.991
369.597
7.0102
99.5533
6.76899
6.26412
347.445
289.505
44.3364
7.20283
7.47066
423.654
189.268
7.2872
8.80764
7.32194
51.8255
490.091
94.7937
320.793
342.36
6.88465
7.47791
363.23
7.3253
2.04779
6.71699
294.298
375.365
231.975
79.7681
89.6748
436.088
419.461
191.288
58.4444
355.665
549.831
87.8414
84.9584
182.823
200.517
483.28
348.239
301.059
6.96584
6.86107
427.322
7.42494
43.744
221.382
72.6348
166.361
499.689
473.913
31.3547
171.221
422.205
321.376
430.164
406.815
13.1747
192.097
221.335
7.21042
314.591
45.235
271.15
102.199
329.911
151.904
7.15234
171.019
5.08548
465.853
86.3003
87.2399
473.005
270.84
356.249
365.436
258.54
285.026
17.4093
48.1953
7.06431
7.08765
223.494
291.799
138.494
166.267
292.299
6.95732
512.302
7.86358
440.081
91.0875
8.94102
146.993
135.807
213.398
8.9847
190.594
6.61037
36.9173
481.482
82.4011
316.88
356.744
14.3177
10.3313
160.297
242.227
380.014
346.705
136.488
9.62054
208.964
234.328
7.89394
538.555
97.0427
514.279
8.99729
298.132
248.07
534.49
49.7405
45.2101
434.66
435.921
90.384
51.7744
347.894
61.4491
388.817
2.83669
7.15054
6.99369
348.829
290.84
224.589
19.8635
121.852
6.54827
273.299
325.627
364.013
521.804
225.017
201.648
468.372
7.00014
6.88381
342.697
299.482
360.678
13.6007
15.7726
5.55739
371.197
55.929
349.288
334.472
8.25675
229.35
7.2674
200.36
70.3856
4.38805
309.439
7.07314
67.7103
317.96
114.92
6.5321
285.262
294.26
8.5259
192.493
278.332
325.463
7.58156
235.708
64.92
388.943
311.915
356.631
121.5
422.833
363.568
421.203
31.5553
319.001
575.069
232.915
299.65
8.00664
118.591
69.066
476.344
7.01034
6.8053
158.397
6.20675
335.803
6.05749
167.819
506.904
206.615
323.352
159.185
5.80501
343.265
408.836
6.66361
326.896
151.811
7.01515
7.09976
151.516
248.717
62.3012
38.0258
263.298
4.35946
129.924
185.819
215.373
7.07861
11.3012
10.2808
7.2433
130.034
6.98829
75.8585
7.28922
187.046
7.74517
498.719
69.608
156.298
76.4418
165.775
7.29993
7.08361
179.03
6.92843
5.80857
152.772
48.8681
191.343
7.05205
116.168
6.70591
325.204
290.056
13.617
131.485
8.45022
425.508
21.1714
100.295
406.572
410.754
292.531
7.31003
7.4683
20.6874
424.562
190.652
15.7554
294.66
292.291
209.31
311.346
7.67381
167.295
367.218
7.35624
6.86308
232.656
276.127
119.388
155.371
7.76561
39.5834
7.11529
33.8438
313.556
152.939
96.2507
124.644
435.718
267.067
7.63472
411.138
86.8619
206.893
74.7907
8.63518
416.083
423.532
276.981
31.3728
422.755
318.227
340.567
7.43909
171.54
6.9089
262.11
456.283
318.589
525.107
390.79
143.278
427.774
25.8037
107.023
7.55087
60.2344
465.412
214.621
6.91683
7.13888
555.349
7.04117
244.898
6.90303
303.762
354.839
7.37278
6.73006
287.389
26.6829
199.096
7.41023
432.89
42.4696
283.635
123.574
168.129
36.2791
487.025
231.504
442.595
226.383
517.882
6.95745
276.331
7.27985
158.725
303.346
106.002
356.479
277.507
244.04
46.678
317.706
7.39806
501.117
229.88
10.041
7.42772
6.20513
168.99
7.87765
4.31766
438.34
44.197
333.393
123.163
101.745
265.872
407.934
91.9162
165.583
7.5686
8.16146
8.24301
6.91406
93.129
7.20337
315.193
52.0127
75.7518
353.525
127.961
182.783
35.2134
7.21697
6.93815
160.935
488.662
496.999
6.16106
278.082
63.3594
440.792
422.623
292.147
7.55836
362.297
209.11
47.417
166.996
415.476
62.3062
7.41195
178.825
174.754
67.0586
174.572
39.9619
346.864
6.67409
156.759
7.37004
107.219
234.013
196.877
6.68871
269.863
289.69
423.119
275.973
212.58
398.964
7.36349
268.299
132.145
7.6307
345.423
175.573
138.123
140.065
6.93021
41.0744
500.679
57.9562
9.73476
170.138
128.883
239.724
333.838
298.614
435.271
406.811
40.6511
227.363
371.092
5.70907
230.698
158.399
7.03902
208.478
82.0232
76.5499
475.85
6.98892
124.022
396.192
8.04954
7.2931
5.80503
48.8096
288.056
423.613
8.07687
36.9926
396.59
0.743251
228.996
11.8179
94.6893
230.886
90.0418
219.073
282.853
376.264
39.2462
123.796
7.58367
7.52307
6.90082
417.632
14.1501
273.511
233.71
-28.0114
325.843
440.764
529.242
8.04079
343.481
397.228
7.6128
354.757
410.464
245.502
338.654
180.476
7.00259
7.35409
485.964
6.32671
367.833
245.848
351.589
174.585
346.005
8.11979
50.3394
6.79364
439.036
40.1196
559.661
6.08258
236.02
156.355
6.12117
22.9824
7.20853
96.316
391.655
7.61444
6.54007
6.94391
5.89209
77.8566
8.12306
7.26889
241.058
7.48117
295.923
98.6651
159.495
369.835
6.83644
416.276
327.298
163.406
6.84633
226.041
198.991
136.651
7.52683
66.8159
252.942
174.605
284.495
8.53675
314.076
152.486
222.493
8.91257
281.016
340.992
320.555
241.293
133.713
141.396
214.798
5.85999
220.823
471.767
19.3964
7.35412
207.687
20.0318
42.3402
7.76632
458.034
344.573
182.194
536.236
7.38131
7.51113
335.386
128.222
321.426
40.8465
7.84381
460.309
116.208
15.3
166.507
498.965
6.88941
13.1254
106.196
9.37369
7.97695
254.427
7.75166
42.2939
73.4124
139.718
189.408
156.483
289.871
414.732
407.596
355.852
209.072
182.091
228.933
309.172
470.588
462.504
7.49538
8.23747
309.385
261.475
8.40923
23.4185
196.722
18.6857
352.859
24.36
395.758
238.115
197.124
47.5069
502.531
7.96086
507.693
10.8299
6.90902
20.0854
7.19486
398.686
5.40206
255.895
13.0371
244.355
65.7219
7.39558
18.3566
6.99604
94.698
6.43077
161.045
131.723
7.15421
6.95068
7.89487
4.2396
314.88
149.549
65.3753
107.262
195.482
7.59959
7.87526
299.8
7.03236
7.01696
139.06
211.405
6.58513
425.761
6.92722
268.6
83.524
439.492
64.6615
7.26079
7.22331
522.701
443.525
178.682
7.17076
132.004
429.077
308.976
226.796
194.182
437.951
7.01073
314.215
7.13942
73.1694
423.896
7.18923
20.2293
8.06646
177.064
314.814
7.2331
86.4423
266.411
109.245
281.9
6.72152
316.937
534.689
511.288
38.5165
7.11397
96.0168
224.365
73.4448
61.3965
349.614
409.075
121.986
243.563
252.047
379.09
7.59216
272.512
7.61192
479.031
225.669
34.8965
5.90502
342.206
429.744
7.32925
397.799
451.953
315.888
35.7304
7.7589
7.73054
138.209
254.643
10.1691
7.56474
424.53
96.0593
258.219
6.81734
196.989
118.706
6.30446
368.558
180.96
6.8435
7.95216
270.723
308.506
235.389
121.051
7.39715
174.148
312.361
411.604
7.5677
6.0595
414.374
3.36889
7.24519
225.53
475.666
3.53184
510.573
339.821
143.607
7.9767
364.444
311.628
17.3777
16.9015
6.7326
89.9378
41.8444
199.383
79.905
291.494
406.432
162.283
5.64608
216.391
122.236
110.823
45.91
7.13611
7.49181
29.3465
190.048
417.228
7.90501
286.404
92.8072
378.097
348.057
14.0716
339.675
140.881
5.11459
393.736
466.487
8.53144
7.19544
377.166
7.17862
285.635
7.32152
9.98652
283.289
388.175
11.8381
91.2239
83.0825
308.956
343.753
450.561
6.98299
500.093
8.10935
89.0134
286.625
249.617
333.902
130.85
127.33
25.2463
60.4655
57.0218
75.5635
7.27315
389.172
86.0698
22.7163
6.82915
394.139
462.402
88.1017
7.2544
290.012
6.54762
211.563
7.23165
484.937
467.352
117.532
318.928
126.498
98.8956
283.825
11.1051
6.96396
309.682
7.24773
424.152
218.039
499.004
84.1171
7.25758
309.967
208.61
7.19809
6.51802
371.839
493.127
530.939
203.935
426.999
15.5872
247.224
7.21998
6.78941
8.48516
5.97415
144.224
45.8071
23.2665
10.5016
399.45
502.915
231.641
7.96208
249.572
382.576
431.849
7.2335
7.11503
29.4595
77.775
7.13181
116.793
124.444
7.29475
462.252
7.17837
474.708
6.20051
7.30083
6.90975
7.33394
173.386
524.302
11.0113
178.568
8.48763
336.219
168.158
167.464
7.85849
310.264
7.16987
232.609
336.898
7.56325
497.708
6.90597
203.283
282.43
77.9255
6.70706
7.11022
517.284
7.68782
9.24012
4.56347
495.147
554.176
345.312
155.982
48.8025
216.153
298.416
1.97061
410.516
560.949
444.527
232.702
113.977
49.8228
358.246
76.8562
418.781
6.58715
7.0035
6.45123
103.949
495.319
7.1119
319.464
7.45407
7.25938
209.176
456.402
7.82495
376.178
277.385
344.514
329.194
14.7468
158.172
6.97896
505.721
142.611
39.2421
7.26848
127.881
346.456
400.937
212.178
6.7633
6.5524
111.188
492.378
7.08827
365.74
13.6519
7.26963
263.534
174.17
233.563
328.191
527.232
542.583
88.7729
6.98021
185.339
106.03
382.631
7.38191
20.053
456.6
278.072
149.508
519.153
219.728
5.95596
396.296
79.2259
6.86003
314.112
314.963
449.166
165.281
228.276
5.72703
181.411
266.771
7.24693
65.8904
6.88695
307.4
12.7631
7.04436
590.509
7.33992
6.95983
33.0448
204.143
108.802
438.404
285.532
86.174
516.87
222.125
315.864
6.58629
8.20421
6.41976
274.247
323.408
292.379
5.05498
53.5862
346.693
53.8702
351.183
145.3
67.3243
399.46
342.487
8.06504
185.366
159.421
181.143
214.879
7.57646
145.581
82.5918
7.91791
158.347
66.2175
432.366
327.353
176.923
366.592
374.754
7.01337
367.174
527.129
248.517
272.593
6.75993
169.45
6.43373
106.697
198.642
6.91936
121.629
188.239
152.342
384.744
7.33319
6.8885
91.3671
8.30027
6.87881
160.345
266.144
184.435
208.2
481.925
6.46374
70.0825
33.6122
7.83015
15.1297
7.26763
29.9916
416.246
14.7402
218.236
259.971
7.40575
195.151
361.982
307.651
430.796
7.46196
270.436
90.7101
230.329
7.35281
519.976
339.143
236.596
7.49697
303.415
7.25865
9.24473
7.20233
20.4177
217.856
6.59539
7.7845
188.228
468.197
5.466
409.738
325.687
2.55023
7.18569
58.2901
297.476
329.316
233.43
54.0584
7.4126
438.314
7.01206
318.524
242.048
363.313
10.1157
280.631
6.98048
125.626
109.918
6.32918
132.659
224.363
-7.21389
113.615
7.86047
7.4351
317.365
514.227
7.29308
7.30405
6.94814
7.96248
571.167
263.765
7.72937
233.873
3.58829
6.70432
210.224
7.08955
298.29
398.308
7.00367
6.90881
433.641
4.19684
256.099
374.558
204.511
137.214
206.184
311.432
483.914
219.41
66.863
126.693
206.383
70.8947
96.3928
73.4305
18.3429
309.854
161.311
75.2995
558.504
365.534
40.3476
66.3885
7.60198
386.109
12.5337
6.0743
6.29741
190.316
110.174
475.721
274.979
364.431
6.98307
436.345
7.50318
7.04355
8.0986
261.649
8.09849
43.3868
495.702
489.798
7.22285
514.078
7.16876
255.543
440.457
7.25288
463.659
561.867
414.875
108.57
7.26458
428.902
51.3425
447.428
7.74161
46.9968
59.6915
381.585
491.315
6.98884
199.515
310.348
6.99939
356.438
118.369
10.969
161.279
403.904
8.42041
149.657
416.449
404.318
479.157
83.1081
249.436
485.61
7.70205
129.723
56.8687
7.52589
283.869
7.37498
8.93408
557.882
140.735
467.031
7.5078
197.611
295.854
48.8715
230.966
150.875
252.399
259.739
31.4138
24.0493
150.44
192.135
54.6815
538.911
18.3193
6.9156
241.148
321.5
431.761
161.302
6.59301
6.21791
252.736
230.561
95.8581
113.352
73.6337
7.18664
7.17061
224.026
332.929
434.55
7.38819
78.93
322.265
107.81
30.17
365.658
4.77451
218.214
384.49
299.809
261.264
348.857
284.871
475.101
352.854
340.817
525.696
253.064
493.09
560.066
147.686
97.7967
433.701
60.5193
354.761
6.62795
7.69461
7.57427
220.321
301.82
70.8438
146.274
7.37242
399.827
9.18174
31.1485
439.706
582.407
217.062
14.9892
7.593
163.725
423.107
118.163
174.132
383.858
48.0649
234.226
7.5953
6.85456
474.299
338.15
396.28
7.99017
34.7439
160.761
6.65378
269.337
6.75118
84.3517
4.44475
207.683
173.699
40.1842
320.945
148.956
490.508
92.0351
388.658
7.14164
247.034
329.257
205.323
7.18677
194.529
205.088
78.8093
7.0331
382.887
217.424
7.00085
271.027
443.504
8.12071
189.586
7.33916
214.026
401.538
390.982
272.018
175.729
119.948
77.827
7.5285
187.162
104.375
130.631
7.29669
230.394
400.451
7.49502
107.521
164.257
17.4603
6.88442
13.7799
6.5086
7.60773
445.658
7.47244
323.146
58.8495
7.21831
8.29012
7.75402
127.418
391.387
296.533
125.432
182.854
212.571
7.44993
13.1601
84.4483
282.243
296.894
7.51731
17.2034
69.5499
479.191
10.3362
389.645
7.08994
124.872
477.458
7.44794
11.0763
389.305
7.57045
69.1923
455.197
7.84778
89.9102
8.81719
203.056
29.2023
7.23894
184.869
386.081
449.487
7.81618
9.99801
51.7908
6.24972
181.9
270.201
50.8256
67.3231
290.881
122.856
168.247
309.229
28.0605
7.04339
154.134
299.394
4.23345
360.528
7.5069
273.382
186.955
7.38714
135.525
150.932
485.862
1.998
289.803
234.895
73.1075
98.5801
337.238
185.162
526.697
30.0946
428.729
367.633
99.3466
415.699
76.323
193.805
269.422
114.287
354.266
7.0585
7.18728
128.211
9.82176
241.266
354.257
6.9435
162.981
4.92156
20.3184
7.13204
410.255
7.71798
323.983
244.223
162.131
374.499
433.279
365.074
46.627
6.98054
275.685
9.25727
189.515
382.692
366.832
310.807
7.88132
32.7987
71.5273
207.324
236.424
79.482
146.659
506.066
162.342
6.74836
7.73793
367.712
195.16
6.03164
160.883
120.014
6.81721
423.538
188.43
7.2357
101.13
282.894
287.279
6.4448
93.1877
6.7223
152.133
231.563
165.923
121.503
34.1848
188.373
154.358
497.233
277.482
294.384
7.28321
289.63
11.2667
538.814
41.6443
146.23
146.963
409.631
484.576
263.183
482.431
114.261
38.8462
454.857
59.1099
6.96986
9.03091
5.06371
308.342
423.543
8.88116
8.18978
296.616
436.09
60.2855
5.91193
333.675
200.658
442.798
262.965
7.66661
143.7
226.139
201.963
7.03528
8.09266
243.965
532.659
261.561
7.49832
185.99
23.0228
6.75265
377.194
455.922
8.26303
285.377
7.23295
157.989
565.757
57.2064
340.611
7.24136
7.08366
97.5134
234.32
7.56846
423.255
472.619
8.01425
107.445
8.67908
398.982
155.805
394.938
242.173
468.82
122.251
370.237
552.749
6.83283
81.7437
6.84309
406.861
417.08
151.532
110.293
22.5782
283.083
319.068
7.04914
97.5115
7.33697
247.545
248.96
243.294
12.3381
7.38455
262.647
355.445
465.285
298.074
97.9814
41.8271
441.386
311.707
83.9313
113.991
150.135
166.913
179.23
97.2712
7.36585
90.1762
245.27
356.864
310.182
432.297
7.28104
233.225
474.139
230.879
233.658
428.188
145.481
7.07047
7.43209
6.96738
359.756
302.035
7.86374
12.5166
110.39
290.488
7.15961
523.119
283.387
332.453
192.954
6.99745
6.65155
36.6268
7.635
6.53004
104.017
365.103
305.671
389.767
188.619
524.224
72.1962
5.91621
305.415
89.8889
547.326
7.4203
8.54822
168.007
85.0867
7.62172
7.19287
587.332
9.9097
6.29026
152.891
209.404
164.832
200.028
264.16
7.29661
356.334
7.57534
410.333
14.2266
110.807
196.585
27.9455
355.621
480.947
71.8622
6.14101
6.85073
212.843
165.634
5.78313
51.5368
572.512
7.23756
131.009
285.204
6.29345
254.622
463.742
230.816
208.416
320.805
7.6604
411.388
141.959
288.239
468.514
7.71755
7.04286
7.62652
124.857
176.936
95.8223
95.2821
437.587
55.1798
7.23346
7.29134
207.334
6.85436
142.05
221.089
250.299
179.89
164.1
331.491
244.463
8.00515
384.062
138.455
178.179
374.072
189.322
261.738
38.9452
6.9517
155.944
82.2692
81.3902
256.084
-161.343
172.498
62.9134
121.429
74.3897
151.081
371.234
7.09806
172.881
241.718
267.471
317.483
174.865
355.088
213.978
335.954
6.60128
86.5984
351.804
290.348
7.15589
80.7057
25.6813
226.131
298.952
6.53505
168.56
7.65987
7.18649
65.195
231.295
124.661
7.27311
101.777
380.873
12.3619
237.244
347.582
398.511
158.654
237.768
397.397
6.97808
5.40076
7.04277
321.391
8.41827
452.051
230.199
237.656
327.058
203.794
259.145
28.0913
487.843
230.437
7.97729
152.694
323.901
41.2036
218.586
299.243
152.892
6.91418
7.18512
149.905
291.731
17.334
356.393
274.127
5.16356
74.3347
304.551
347.812
7.77242
207.593
6.93395
302.829
364.112
456.437
196.587
109.131
176.749
4.77795
73.6214
514.504
378.25
7.41305
90.0097
531.334
289.436
328.304
8.31404
360.433
236.95
153.482
7.38153
444.029
232.886
98.8097
167.028
6.8789
479.046
358.037
7.04338
7.16964
350.762
556.817
125.509
116.119
43.1138
367.211
7.17315
261.166
495.978
493.675
139.634
394.078
9.13934
222.338
8.37895
215.686
7.32921
321.832
7.88011
53.3048
6.96073
365.093
219.443
-1.0013
241.636
213.005
299.566
232.265
209.447
479.441
411.436
6.01199
188.98
7.64141
309.475
119.992
35.8897
403.226
144.994
6.68488
7.91166
176.849
161.756
6.52993
157.797
7.89679
411.749
283.269
7.28617
508.158
414.211
7.04391
154.307
7.33365
109.993
7.10369
7.10717
461.734
7.25675
6.9639
63.5979
25.4552
341.089
47.8313
6.26395
54.6443
150.111
4.65413
9.57821
5.5347
553.428
10.3895
306.783
391.289
200.229
52.3943
270.093
194.171
176.872
160.748
6.96901
209.125
7.25055
6.84538
233.772
152.435
7.47569
353.376
7.04438
100.628
6.98866
103.568
59.1957
6.67667
12.3013
38.5458
6.33709
33.7176
309.514
77.7769
24.1931
7.26076
418.074
7.10322
558.686
8.0849
300.574
227.645
7.29065
7.02968
250.975
240.606
109.736
322.975
30.1153
6.91633
155.974
7.01382
324.141
6.11096
75.6253
239.621
7.77692
7.02298
67.3381
7.891
117.582
360.219
327.284
6.215
210.202
7.10189
323.834
7.5659
87.6446
102.255
415.268
5.42076
375.694
23.2429
174.225
439.015
432.812
6.9681
51.5891
66.2587
7.67183
79.364
7.28361
363.82
61.1872
333.653
210.551
176.846
213.22
405.455
334.47
68.4345
8.0859
316.183
201.044
207.162
291.927
5.36411
7.22644
357.976
131.197
337.831
17.9927
67.0578
503.28
226.334
42.7996
275.422
158.43
7.38192
50.8528
305.846
207.725
41.4856
486.276
7.06123
3.24038
125.741
194.316
6.59693
414.491
6.99468
386.558
5.77495
267.28
192.907
7.38684
30.7331
7.46901
202.932
7.22287
394.982
246.327
260.443
36.987
220.324
302.1
397.426
28.376
147.345
211.95
262.426
361.242
20.8406
7.72694
7.19174
293.523
7.79216
408.554
439.713
224.815
131.919
82.3444
126.519
7.65778
97.1421
7.36165
354.997
7.74514
7.19184
55.1493
7.4073
8.71666
7.12099
21.1541
53.5296
7.09153
409.888
518.981
356.442
360.756
155.032
216.356
270.843
287.405
18.1163
150.183
114.915
7.77303
330.689
492.453
304.656
7.43096
387.62
7.08015
134.453
404.505
345.856
150.684
8.19838
483.958
342.507
333.404
6.09098
285.323
7.14394
295.946
109.191
147.863
270.159
53.5816
5.73193
333.499
118.949
459.407
83.5634
6.08617
7.29862
481.316
256.184
7.77303
77.8244
7.13502
317.819
394.746
110.157
219.057
7.67905
275.26
208.538
121.912
95.6952
341.081
395.863
28.2449
384.806
10.5458
233.494
63.8496
6.90123
31.9027
111.962
111.855
299.704
74.1101
7.37356
69.8195
7.63612
400.626
176.018
326.392
276.641
461.3
98.0659
220.063
7.57771
73.1782
408.945
43.4096
500.435
161.597
7.24069
29.7026
30.8395
136.147
176.937
98.8209
8.45095
429.515
147.865
7.34901
7.2223
117.289
15.2482
263.126
363.109
59.0241
84.566
7.94588
202.74
180.654
234.012
8.1047
274.757
7.15301
203.2
7.00906
248.38
129.839
261.825
1.78551
545.484
49.805
76.0171
397.941
509.822
86.726
343.091
6.58097
172.254
104.487
341.915
400.451
235.127
29.2314
395.423
16.7696
458.876
193.47
226.815
356.616
6.89796
7.03305
256.531
331.626
248.014
286.948
284.466
385.089
215.003
243.954
370.111
231.319
18.2531
140.108
7.03909
192.595
102.079
139.412
91.5446
2.1724
99.1491
230.6
45.4252
240.66
7.04358
18.7134
258.183
10.1495
206.369
7.04139
247.016
337.796
413.449
17.6796
8.72244
74.6071
121.353
246.849
296.952
26.1703
152.575
351.797
240.838
6.631
500.262
220.859
201.063
36.0403
551.839
394.232
184.983
302.503
429.544
311.25
9.057
149.704
132.692
24.5355
16.1242
183.336
85.1246
109.695
214.41
509.785
471.467
7.40206
320.863
298.023
105.23
7.74303
7.51846
200.86
7.79296
385.689
117.053
7.54087
20.5265
71.7335
382.432
152.703
7.00521
74.3782
5.39595
161.197
204.709
65.643
13.1127
277.91
192.64
6.44492
133.721
413.874
135.485
374.786
522.753
359.467
189.011
298.359
6.60112
272.206
6.25856
487.795
426.495
202.548
199.51
248.278
7.23502
144.957
42.4474
523.976
418.888
181.267
19.2337
7.50389
530.694
6.66487
215.994
28.1404
7.65291
320.368
7.17577
372.152
512.696
19.8951
33.9786
19.2237
8.01823
229.136
319.88
6.42511
6.75784
242.249
290.423
7.88193
470.409
485.726
7.98098
366.024
6.75031
302.346
349.315
80.7999
110.586
7.64959
8.83352
110.774
546.909
237.207
8.3399
436.843
551.865
7.49258
7.28253
242.988
238.23
7.29735
4.84684
527.605
448.735
176.937
5.85007
483.416
7.44833
189.09
137.338
94.0006
84.2695
450.389
10.3458
4.26846
100.824
365.152
345.831
6.66507
174.504
143.962
6.88872
7.562
272.216
349.771
260.44
7.94781
162.043
30.6644
272.55
25.2372
132.049
193.252
7.23642
465.905
196.194
5.48045
163.543
413.297
6.28387
5.67595
7.68046
5.53308
7.55937
250.935
97.6313
209.966
413.65
179.525
7.33998
71.4668
93.0232
146.044
7.22105
162.909
223.887
258.36
101.438
93.0004
13.2182
188.663
168.422
303.635
156.872
417.503
25.6952
165.161
7.45455
419.685
79.1646
289.827
67.0795
319.878
53.5803
327.46
428.233
175.634
113.787
292.113
52.1148
46.6908
121.188
85.9015
145.144
466.744
6.95419
7.60816
110.687
117.994
71.7468
117.138
6.16806
453.744
7.06841
418.61
220.046
7.28014
356.215
6.01048
361.687
484.19
64.3748
7.05892
34.3395
413.448
413.862
7.96031
6.9099
8.27176
248.238
124.078
322.799
482.854
7.02574
7.36497
328.108
369.343
247.567
372.483
24.244
376.358
450.995
6.93855
295.219
11.3757
363.668
123.169
8.00691
511.713
293.067
367.518
49.8543
516.004
379.631
364.897
528.132
90.9664
65.6063
360.804
3.09935
271.726
124.664
6.92081
94.357
6.87435
338.535
7.46123
516.982
358.913
6.26196
139.798
143.468
339.492
73.6494
196.098
34.7633
557.462
168.227
269.7
194.204
366.091
185.267
7.03802
6.92304
35.5533
7.04791
130.412
6.95967
449.737
53.3218
7.10811
7.31725
344.551
256.273
22.5803
269.654
7.16657
131.473
487.714
121.099
227.054
290.76
7.48359
6.43008
292.547
16.2644
162.835
445.092
119.44
6.93018
7.24642
313.477
5.80255
350.22
229.169
474.967
249.814
118.632
6.74727
7.36663
239.169
55.2916
165.988
6.79603
363.017
6.4626
7.24052
202.127
239.379
52.8408
184.344
223.496
349.093
131.797
270.082
37.4968
68.5262
224.199
432.738
7.06358
254.158
401.485
166.44
273.106
235.542
27.9496
60.9751
183.385
270.833
163.13
5.96448
119.475
380.214
291.18
31.9526
330.607
407.423
171.389
7.19263
210.705
5.2974
7.61492
329.082
339.355
411.25
7.13779
162.694
272.295
153.823
203.672
7.37307
5.25723
356.111
24.2327
5.31512
392.438
194.726
250.421
7.21104
168.652
113.385
556.418
17.5318
7.38829
70.7389
217.874
7.79584
282.225
508.735
231.367
281.328
413.638
175.832
288.094
282.909
111.861
368.195
351.293
325.209
6.69772
7.72082
565.458
248.007
104.523
500.347
5.26256
155.471
178.171
245.819
189.083
436.777
163.504
7.23334
7.35466
458.103
203.91
8.9781
217.532
105.696
149.487
138.986
280.118
9.57006
122.227
254.609
10.7181
225.805
312.936
7.41755
7.07085
183.265
402.161
289.964
95.388
268.484
234.94
402.519
151.203
7.078
7.74397
39.1873
9.91966
7.44595
80.6336
34.4425
266.345
298.577
201.789
267.243
95.6011
12.7928
166.97
457.82
24.3486
265.529
7.77906
145.08
133.398
78.2413
154.603
96.1625
141.321
253.125
334.357
99.7142
6.7502
38.3829
572.434
376.322
114.727
7.41937
223.162
296.892
223.348
7.44194
9.07754
7.80516
194.233
7.17424
288.696
158.362
422.57
-3.40912
6.367
451.019
276.465
586.328
5.13554
180.791
7.6788
136.98
509.11
464.568
99.2345
354.932
238.414
283.089
35.7163
395.398
137.461
49.4486
350.956
407.098
348.638
7.43849
72.3287
207.384
443.392
365.457
379.661
30.5102
6.52245
7.28938
6.67981
70.8624
4.54104
6.89083
94.8339
130.849
8.55617
372.865
5.69648
8.38802
158.665
346.017
73.0276
340.96
10.2898
279.436
25.9845
62.2758
406.439
439.628
278.124
462.91
7.01919
412.107
7.66047
277.696
303.531
437.872
489.15
456.45
7.48464
220.701
317.372
64.9897
397.789
237.178
306.201
75.8689
458.591
7.3991
57.4818
162.589
147.472
175.531
370.052
536.179
7.31546
312.064
60.9234
43.29
7.32457
353.295
405.118
220.309
7.55297
62.2329
37.3123
7.38337
7.34589
7.25476
7.92694
250.476
6.42794
320.141
202.819
193.124
129.981
4.57182
287.171
464.819
5.97455
6.99254
7.65926
7.78027
5.2088
119.395
6.4657
5.0321
5.3128
345.139
178.308
501.165
512.363
398.277
46.9422
5.89107
7.66556
7.14636
425.216
7.07993
299.516
13.901
67.9731
375.939
157.575
82.3147
457.682
4.98584
6.6934
327.245
184.863
7.5012
266.837
260.011
7.09855
7.18753
271.431
93.4683
6.7033
7.57979
40.4082
429.659
6.75382
91.3483
247.112
190.393
36.0552
41.6322
21.4514
75.1241
39.9567
7.40577
7.17961
152.117
7.25779
7.61752
5.32772
14.8572
168.234
412.908
121.89
507.019
350.482
458.453
336.669
291.884
32.7889
191.709
9.88405
7.01182
497.157
566.812
7.04368
310.326
392.686
7.51483
118.604
247.716
292.958
116.357
5.72606
6.45662
6.88164
102.888
258.96
82.0041
127.811
89.6894
182.581
41.0311
245.508
182.896
6.7507
360.133
414.672
367.053
20.6566
169.175
521.035
59.2621
200.152
1.07764
396.002
41.6024
7.77491
421.123
308.211
37.9778
284.955
7.31961
159.232
110.202
368.218
528.545
73.1829
464.341
7.14249
6.76088
205.347
289.021
249.405
7.41809
350.602
51.2175
7.11786
193.435
225.026
182.513
28.8387
54.8039
447.994
313.807
7.09387
524.799
431.043
84.1127
140.61
7.48556
7.33617
213.746
122.854
310.212
236.985
386.405
25.0836
7.08047
452.588
7.84834
376.479
192.498
7.08412
218.475
7.27015
485.122
36.5184
131
323.608
272.823
223.97
252.32
7.20111
8.65016
19.1684
407.412
273.431
7.2605
156.287
337.463
262.242
211.516
7.34065
115.799
446.352
122.302
6.29428
6.32008
390.451
259.044
395.494
378.958
7.20007
289.106
106.813
7.27889
162.053
354.416
82.797
178.678
177.516
137.154
23.6704
48.1478
421.857
180.339
427.871
506.849
228.948
22.0301
96.5448
226.028
7.21481
25.9747
7.49226
156.288
264.126
66.5126
537.322
364.979
301.457
7.63355
368.517
7.39027
179.215
332.49
7.90582
7.35095
264.891
7.11678
76.3999
360.202
12.1294
33.1426
194.416
110.942
449.887
350.881
7.31567
147.962
29.1898
469.044
582.069
7.7035
6.97862
7.57518
7.39126
134.988
302.393
382.44
489.548
108.089
312.594
275.32
50.8702
297.265
382.928
294.995
298.494
6.865
443.958
7.2425
251.492
228.759
366.734
317.054
7.84124
305.498
282.647
7.4339
368.036
7.11287
366.325
8.2112
7.63912
129.472
6.92174
290.809
8.504
54.8052
577.652
117.489
423.139
116.066
83.7555
453.593
70.9111
204.626
457.738
396.792
277.13
448.34
6.73256
209.884
139.365
7.55851
42.4213
7.15937
8.68009
148.847
7.40622
339.07
7.53519
374.874
7.36667
55.0709
6.62871
266.06
440.917
7.04648
559.734
428.447
390.878
147.365
37.7462
6.99937
303.08
222.99
432.038
451.944
67.1388
136.246
196.768
360.215
7.18562
171.547
214.52
71.2792
8.52982
314.05
143.92
6.97367
99.8532
7.41277
199.687
7.72208
39.1469
7.12291
336.732
402.643
230.441
7.2247
50.2563
550.575
441.567
196.929
31.1363
449.545
7.37161
4.89433
138.924
327.218
7.3653
7.32811
7.33457
285.552
191.109
7.25442
166.564
334.343
304.019
7.39908
118.318
331.608
325.837
425.255
332.487
7.05252
529.253
6.38441
463.593
271.24
6.50761
387.028
332.305
23.4081
7.23818
7.02396
299.279
358.264
132.972
6.10136
5.89785
67.2054
7.27111
5.54787
308.683
203.029
510.527
7.9528
343.413
6.0879
7.64512
7.00962
8.31381
7.37716
7.19892
7.33918
485.271
85.6761
415.843
289.516
6.83811
7.34563
118.972
230.494
306.847
266.16
255.727
274.016
119.917
320.18
365.06
439.578
99.269
110.265
122.901
429.579
490.896
436.057
60.4046
6.70302
7.3034
72.3059
130.539
134.355
12.6306
7.03419
291.626
208.51
38.8885
383.083
378.291
31.818
6.4819
69.9448
191.973
248.528
500.4
7.14072
6.22802
128.91
4.75551
5.94528
432.044
37.8151
272.841
121.127
208.921
88.8424
275.528
326.163
480.767
182.551
7.16921
271.114
203.452
6.21878
61.7551
438.653
87.6891
403.149
49.2454
180.325
7.4686
97.2372
7.24195
48.2914
7.3379
304.223
131.712
7.06518
293.208
113.668
178.811
83.9451
5.82422
302.312
0.834017
102.023
209.288
23.8673
16.7329
321.836
248.959
4.69599
447.539
39.389
260.294
8.15292
183.485
7.13401
126.688
380.553
8.12566
337.26
487.774
7.50316
41.6104
190.391
37.0582
206.873
495.748
259.976
7.76346
7.32887
7.20671
125.862
6.93768
356.971
9.77687
285.049
7.93324
352.99
116.912
477.196
307.574
6.83726
6.90269
410.425
6.47735
11.8646
379.56
308.04
21.478
359.764
6.96232
130.115
165.231
55.3837
293.847
261.317
398.116
8.16997
3.77497
521.234
288.857
95.1597
155.654
245.108
15.5233
213.573
482.725
370.012
515.91
220.941
76.9616
243.994
6.83959
474.04
7.51066
327.625
525.703
7.02098
360.217
102.463
7.70028
111.314
324.144
527.408
13.8673
7.82212
7.3191
350.25
7.90362
7.24991
11.0973
33.6607
159.361
210.895
6.85037
7.30794
453.947
29.4209
395.905
7.07007
200.677
7.35758
6.07855
6.07098
185.702
262.955
149.839
235.669
180.912
337.382
7.32435
68.4526
310.481
7.83511
428.511
285.304
7.16226
133.822
7.10718
563
57.1117
233.923
126.387
262.976
444.524
6.93808
7.24357
6.99976
7.40431
5.96166
470.254
470.618
385.344
204.526
189.328
213.232
128.673
50.9473
130.222
98.8726
72.713
307.266
384.352
440.936
522.465
312.392
377.644
2.65657
9.27714
7.18878
54.8516
90.6736
7.84165
368.346
6.42014
36.8742
243.027
6.41671
7.07299
7.43517
133.885
239.818
7.69741
36.8004
415.102
226.02
536.702
7.67214
265.637
274.281
373.092
58.4321
7.525
565.483
13.2916
143.933
399.166
201.618
7.68312
11.3609
266.555
166.56
7.17331
288.304
6.99984
7.8241
444.546
7.31287
7.24134
6.90314
178.984
100.794
317.707
9.11604
140.926
13.2795
5.58449
15.6786
313.796
256.79
156.052
30.8169
316.662
20.9596
7.26901
7.01857
7.16787
7.53753
195.807
7.13416
278.6
176.522
70.5911
302.535
124.69
176.41
421.714
256.174
48.8038
174.069
239.853
422.827
166.585
281.603
457.171
257.091
7.31637
4.89243
423.245
133.524
481.085
397.78
233.369
383.708
296.081
7.05417
8.00086
7.82167
312.503
14.0338
405.348
6.1844
176.123
324.48
356.737
123.404
477.805
43.7717
7.4349
593.636
111.471
495.396
212.583
192.977
260.85
34.1661
17.304
266.532
194.426
6.23727
155.736
7.06753
344.027
7.88909
215.94
6.011
574.347
562.707
378.091
169.429
426.466
466.707
95.8233
8.70884
16.8266
5.90869
115.514
6.82098
52.6372
193.831
350.23
6.77308
67.1331
27.3511
160.273
159.776
268.514
326.964
336.859
7.91489
208.631
77.376
9.28711
45.1228
53.2173
236.783
314.26
263.689
238.879
253.111
200.517
5.39575
167.743
271.074
6.84587
7.46492
147.008
7.17142
3.27006
7.7439
104.148
7.4619
7.20167
126.858
403.697
7.11321
7.16286
321.537
7.15306
282.333
7.95868
141.079
306.616
5.85248
6.70646
6.56091
418.336
288.483
34.9476
7.01626
5.6135
110.229
344.879
202.696
7.44255
276.575
61.1556
7.3689
305.064
306.206
231.905
242.643
6.78057
88.9689
6.47659
439.658
99.3616
7.28461
254.777
140.016
327.246
48.3119
6.64236
7.03886
6.6052
7.16691
156.28
143.259
295.266
37.79
519.13
33.461
80.9028
31.1279
386.342
339.608
318.978
231.842
157.889
121.046
6.96656
561.692
488.107
15.911
155.358
7.08801
276.183
51.492
7.19838
257.08
348.262
9.40784
105.745
7.46064
223.36
125.592
183.02
87.65
395.047
156.322
8.02127
187.466
8.21874
528.417
437.59
6.96915
184.169
496.296
64.129
164.958
348.053
223.597
26.594
8.85004
32.2317
215.786
81.6344
350.151
7.27545
99.9082
7.10291
38.3563
344.013
7.30902
219.421
17.0679
17.2234
48.0896
6.88276
158.404
7.27305
69.2518
10.1447
44.1748
481.173
15.9578
7.42307
6.69606
241.599
122.909
7.53488
320.697
5.82232
7.19793
265.898
50.5624
114.182
108.134
226.991
93.0081
187.783
163.418
186.436
7.2329
18.0403
555.831
40.7636
53.9829
6.93445
62.5256
209.34
7.44134
105.094
7.00814
7.89457
463.928
173.362
280.477
371.247
188.154
123.315
341.429
186.89
7.53088
114.673
6.9507
7.44213
105.737
153.561
39.9479
182.547
405.994
381.38
303.981
399.974
115.059
230.753
371.887
262.706
318.455
7.54478
101.882
473.863
152.974
423.623
325.935
162.095
433.606
386.343
5.86734
333.165
488.901
426.983
312.108
10.1374
383.762
395.898
6.96609
6.72554
7.31035
7.20718
6.91645
151.314
533.075
388.977
157.188
455.742
7.7605
260.197
7.27227
21.0931
56.2743
7.11804
226.058
337.231
486.281
183.212
427.384
321.281
354.057
7.12767
6.13783
144.303
54.5022
37.1955
425.589
249.749
224.989
175.531
6.66787
7.2605
209.128
8.87645
7.51511
430.952
7.54661
7.30037
6.4
66.89
7.74855
6.51855
470.009
7.41789
-14.5123
349.472
305.712
407.696
7.48769
236.203
335.201
253.742
417.904
339.132
175.519
-5.54209
454.66
268.993
176.934
44.5709
368.228
7.5273
5.27271
103.992
15.6936
100.567
7.95956
213.135
298.032
328.006
135.86
159.37
32.8646
294.385
347.29
57.2676
251.814
7.95474
251.425
6.03988
282.183
273.289
152.365
7.21491
7.84521
270.19
424.068
409.116
53.7297
4.51598
257.183
214.694
139.719
48.5107
182.131
23.0873
5.74475
127.609
9.42958
182.928
238.466
443.787
191.816
347.277
181.645
7.24005
16.8004
302.98
524.16
266.281
7.67444
7.50342
7.58188
326.854
243.809
174.763
228.882
7.30935
418.003
462.606
215.619
115.282
332.014
249.393
44.7299
31.7561
74.9924
462.232
6.69293
72.3731
265.978
200.646
291.988
190.597
361.776
203.622
122.511
489.501
179.995
316.471
274.781
7.2354
8.21683
423.206
7.13145
7.67552
7.68487
313.13
7.63425
31.4752
89.8326
406.192
134.355
224.35
432.579
267.735
419.794
48.2072
60.2502
221.921
357.225
6.74826
90.287
6.73691
49.7901
339.43
286.875
265.851
6.66919
17.424
249.714
6.83206
130.172
364.279
112.887
111.019
7.48229
325.625
132.843
7.15469
230.814
8.10741
176.345
54.3024
448.488
408.754
7.0491
419.581
43.3123
161.854
180.896
296.55
193.041
429.397
7.00444
7.29579
487.601
8.67172
7.07537
32.123
265.403
354.604
442.046
7.64566
73.9568
194.195
5.56177
162.897
194.994
7.65155
337.121
363.448
118.359
6.90197
6.95722
215.772
320.9
6.91916
295.869
510.545
271.663
444.834
233.518
6.60635
304.692
12.2091
291.081
6.92103
231.932
53.6029
35.4428
350.572
142.538
7.39429
7.82249
8.53091
7.78926
146.533
7.85875
7.3577
7.19517
7.19346
125.096
508.115
372.998
7.21369
241.035
321.784
41.0497
73.076
302.148
6.99525
197.834
6.76338
355.686
252.861
7.28777
323.616
7.12398
7.11991
308.823
7.81696
345.606
0.646178
7.17718
241.71
371.889
234.013
22.2384
405.09
243.555
4.04669
341.726
7.39238
171.097
129.478
5.57966
6.99914
7.36019
113.568
6.69483
178.108
357.633
336.194
437.467
68.081
350.832
453.758
543.128
36.7874
6.2268
5.5625
55.4652
416.677
208.044
79.0548
369.763
158.493
91.4698
158.872
10.6162
7.7452
269.901
483.376
65.1578
362.214
240.718
7.47307
505.213
171.905
7.58097
193.674
6.72401
510.315
125.37
64.6671
247.283
165.572
183.068
6.66627
224.41
8.67429
188.909
8.84972
7.70525
324.158
379.932
408.636
204.972
26.8921
176.418
57.8944
131.828
7.98545
106.422
7.88015
199.996
263.618
370.36
323.339
262.578
76.9093
451.887
7.97135
220.391
53.3066
283.426
448.174
454.186
7.45683
144.971
222.536
507.243
417.58
481.112
110.977
7.00586
7.08826
6.98398
553.273
113.56
194.71
64.1265
3.78776
125.82
7.04902
380.443
241.996
200.57
391.809
31.054
118.536
519.239
8.1548
8.00714
118.171
212.73
7.71262
7.04262
15.9107
21.7234
553.719
265.37
5.76496
94.7066
7.04189
250.623
137.841
8.07825
7.10571
8.45962
121.87
531.207
8.16029
7.13916
20.9803
8.49456
144.374
368.837
6.61482
6.92449
6.90335
174.88
371.965
121.287
6.4758
262.356
139.938
91.8356
521.06
8.80672
184.228
184.63
137.176
366.664
431.986
77.3099
7.02053
556.082
7.10018
50.3865
7.52095
367.526
57.9289
237.783
2.46818
279.356
427.348
6.43598
7.45932
412.171
-2.85634
6.15479
107.684
65.7
130.528
42.6861
124.236
431.697
435.788
7.33413
6.50626
6.69589
217.296
257.501
431.061
6.91778
283.023
365.05
475.835
8.32472
266.48
25.7891
360.228
284.398
6.84363
69.9389
7.03427
81.1078
7.02052
446.185
113.944
397.247
90.5893
197.539
7.7724
21.207
7.24179
417.86
45.7847
12.7247
198.395
44.8267
483.332
7.07415
245.576
7.52415
321.193
445.106
200.365
137.793
6.46056
45.1379
169.154
237.703
363.528
7.03765
442.896
186.426
306.935
445.665
315.894
5.73155
405.097
377.48
124.245
305.413
21.3072
112.689
15.5347
233.899
417.937
313.758
264.854
126.284
385.441
6.90621
268.079
213.144
7.02962
381.307
450.702
84.964
7.04777
7.08439
132.841
451.574
145.206
312.571
85.4105
7.08276
151.34
5.93152
48.3223
210.585
372.981
7.22058
217.514
71.5991
7.06056
15.9204
310.398
227.285
7.43758
31.0082
390.773
366.368
247.64
7.46603
253.378
299.331
295.824
270.592
436.073
543.472
19.0033
69.7416
7.39201
415.363
6.86871
108.107
6.57108
7.36234
6.94411
393.002
7.73614
7.23866
7.27249
102.955
580.241
6.68929
138.812
30.4291
32.751
376.431
6.94065
182.54
7.37946
6.46857
8.2114
7.20439
7.63293
238.628
430.759
113.649
186.986
7.26262
287.278
307.492
291.852
8.37244
138.29
352.358
182.358
7.42102
192.648
354.91
495.711
238.684
373.236
510.486
389.773
54.5389
218.038
248.515
409.995
293.193
240.052
285.181
7.973
7.10608
521.999
7.55517
356.363
6.7364
21.6278
389.26
-50.6691
190.427
188.885
303.825
169.458
6.94269
6.72381
7.92029
135.536
211.753
303.396
96.4654
7.2778
367.106
182.71
254.564
6.5891
90.5112
73.3604
7.15273
6.95689
543.099
154.451
7.43956
347.071
6.63001
291.706
179.004
409.805
399.199
7.3692
1.65437
115.773
91.1543
6.59536
180.829
114.854
187.847
234.563
7.01734
7.35449
-0.364846
7.0509
133.316
7.5265
66.7662
8.77443
67.5818
170.841
6.94144
347.554
7.15083
7.68688
5.24624
377.333
26.0635
60.8381
120.005
223.854
321.385
176.286
260.287
7.15153
306.259
7.05306
34.367
7.63258
164.702
272.597
345.504
280.872
12.0791
303.446
533.637
7.15273
6.87059
94.7816
3.98279
11.8817
362.289
126.168
313.505
7.27862
6.63654
361.215
371.498
284.385
311.671
206.496
457.875
398.806
345.547
96.6078
542.002
7.02587
139.684
142.435
363.665
360.757
82.9373
32.8237
14.0917
6.70007
281.216
22.0902
6.89714
50.299
6.98854
166.191
363.105
144.55
7.505
357.824
212.691
6.27806
53.0712
6.91757
236.34
5.49194
285.389
6.01833
308.372
7.13945
143.975
7.43066
258.018
519.218
4.83301
7.19422
7.16111
414.818
293.531
4.80538
175.5
39.779
463.846
7.47949
7.23656
436.044
191.777
6.92676
6.56202
20.4941
237.518
8.38761
45.3311
189.762
22.3083
501.78
270.795
7.28513
380.67
191.234
416.03
286.957
339.44
7.30398
58.6391
147.817
117.31
424.931
94.1865
7.52512
390.798
283.942
385.262
6.64083
13.3748
418.676
330.574
122.175
7.54056
141.341
199.512
6.67859
77.7964
7.12302
251.986
329.813
125.921
3.74629
253.498
276.05
85.7541
349.25
189.889
8.98303
6.44277
7.26455
351.852
78.7426
6.44213
456.607
176.215
242.322
146.688
309.849
257.895
206.539
187.586
184.112
299.396
7.90204
49.5813
184.405
81.7409
139.107
503.81
33.323
249.73
397.723
233.09
107.845
7.25952
303.836
52.9091
228.182
120.387
6.595
82.2849
262.972
279.996
91.2416
7.39683
7.50352
277.791
144.689
545.345
7.72881
17.5851
7.22368
45.8357
83.6164
152.597
192.085
533.337
7.52969
457.795
195.941
7.57802
495.729
8.02836
174.104
492.854
187.511
453.343
6.7812
107.305
174.885
108.802
8.56314
32.5429
116.216
437.486
7.51823
170.799
296.226
530.435
7.48507
233.938
552.573
21.5824
146.1
544.509
8.06842
485.25
82.8045
7.87691
345.284
485.682
343.272
155.045
7.13345
53.1985
443.426
288.784
102.182
84.2949
169.741
487.68
156.73
6.93711
98.5215
7.76113
9.00107
190.101
6.72306
7.26994
33.4484
316.54
122.542
6.82305
59.18
131.428
411.451
492.078
62.5495
7.0958
75.4077
7.43888
108.443
258.089
350.76
8.12746
179.275
146.257
440.359
27.6778
199.443
393.826
309.954
174.042
137.064
210.891
7.16701
233.65
430.538
7.97518
7.95549
100.101
7.25723
6.20766
290.425
8.4798
6.62434
7.37101
6.68016
80.5524
381.806
7.28304
472.462
242.162
6.22379
6.67141
7.72243
547.773
268.809
412.395
123.486
284.541
483.833
465.934
7.60578
434.94
262.84
534.584
176.402
264.284
458.549
311.54
42.6064
203.697
7.94305
153.423
313.443
263.876
59.7619
7.40758
470.238
248.159
69.4273
146.431
112.441
140.23
8.64284
153.593
232.221
7.16305
160.297
37.9528
462.917
7.94088
464.142
6.43263
391.09
7.28262
6.94313
157.33
0.131003
126.205
41.7357
7.25442
6.91458
120.102
287.497
529.797
268.041
7.47466
24.7199
258.368
371.34
337.857
7.88063
58.0758
8.89745
223.447
298.197
270.509
40.3779
434.37
417.612
352.398
6.69137
237.641
78.6874
47.2651
373.176
220.644
159.922
226.365
6.88444
7.54942
6.60056
155.654
113.325
6.91641
5.41901
89.1735
23.8907
347.188
26.7819
7.57484
7.92884
15.2229
7.10268
318.234
7.65001
6.43766
7.00816
155.096
313.707
7.38124
381.23
7.3629
53.217
316.43
6.54408
121.963
286.724
7.25962
149.152
374.161
8.25817
352.066
288.652
134.25
6.53122
114.215
262.912
7.12106
5.80962
520.305
13.302
282.869
272.279
163.596
333.754
243.712
408.226
423.448
6.8765
7.70741
17.1305
145.862
197.15
329.67
9.69259
68.7173
218.962
172.692
215.546
7.67173
176.943
191.366
461.021
412.059
231.321
121.495
7.2838
126.965
7.25607
7.1431
409.297
7.06352
58.6622
4.94159
6.30895
158.282
421.237
6.46894
120.907
390.955
418.494
375.987
186.912
411.799
400.159
326.286
22.4632
483.372
407.517
473.883
250.82
156.695
296.439
7.95028
343.542
48.2481
69.7345
237.693
104.876
7.1244
315.738
120.951
7.05628
6.88582
6.97125
8.49263
289.09
7.48981
67.8756
119.187
165.824
323.319
135.126
7.21684
416.239
224.507
257.422
279.189
297.717
6.89488
156.698
233.449
338.358
126.989
44.9125
47.6482
17.2374
84.5872
415.314
6.4849
18.1136
7.60389
6.92505
311.347
7.70979
6.85598
148.033
7.48833
25.354
7.28411
399.447
557.76
409.155
209.692
10.6204
285.14
7.19414
168.428
454.636
7.0428
164.681
115.028
7.07866
351.885
35.2879
6.87414
7.33076
122.801
6.93279
6.38833
190.866
6.85716
504.777
7.18904
7.34989
7.01445
68.9014
15.9785
471.329
255.653
289.454
5.55899
221.081
7.33317
7.40466
58.1018
125.497
206.462
7.06038
509.447
184.412
8.70691
127.209
328.938
395.476
7.24862
6.84742
333.76
384.167
282.969
299.754
144.978
290.168
18.2586
220.06
6.46648
-7.83838
284.118
7.25707
16.2936
7.39844
264.491
10.8439
7.01827
238.263
369.863
7.25941
190.139
129.81
6.91909
344.233
196.033
346.409
40.8009
245.808
332.289
422.281
145.894
63.3777
7.24828
21.6143
380.609
25.561
370.889
203.427
-1.41915
6.39597
380.667
7.42196
140.31
448.994
520.384
215.97
73.6563
55.4306
299.171
294.504
368.691
532.949
341.753
356.586
5.22781
27.5729
365.499
430.734
437.862
356.635
64.1341
309.5
7.01084
34.9954
376.059
7.34021
386.771
8.40447
37.426
295.004
222.372
7.27089
121.811
17.2957
267.204
16.3056
30.0045
435.677
130.695
504.912
337.549
7.16306
7.55782
176.781
56.7966
399.064
316.417
354.995
12.9794
292.077
7.1995
313.521
7.06464
267.396
13.7407
204.011
231.242
14.4664
7.39458
6.7375
260.124
281.459
6.88919
553.7
471.054
274.917
18.534
188.1
163.114
6.89759
308.426
73.8878
168.15
176.522
46.6178
7.20317
187.746
437.553
540.544
241.155
383.402
226.656
352.532
7.1079
105.017
395.027
346.137
362.073
276.261
428.325
130.805
428.21
33.488
98.1395
25.7852
356.41
6.67996
7.04333
168.661
7.54496
7.88852
201.715
285.063
86.9701
7.42815
13.1326
62.4101
475.198
7.14217
212.172
109.929
27.996
6.44659
255.061
199.132
5.88912
77.0819
124.769
131.49
131.041
6.62551
5.96016
8.01875
52.2944
7.2939
6.83749
121.192
221.839
10.2321
7.45729
427.013
7.32122
290.993
438.651
6.93573
7.11681
229.473
7.57213
7.16428
445.481
7.66164
127.444
114.465
6.97107
292.006
183.07
74.4758
6.48328
21.0656
39.673
7.30804
54.998
7.25025
7.65293
340.591
240.227
179.143
444.629
43.8154
407.02
106.067
38.1953
151.362
6.44255
218.211
79.2497
64.0651
7.46314
344.071
11.5433
124.496
141.528
7.49648
21.3371
7.95789
130.961
6.94868
246.842
7.5879
7.51215
320.41
404.939
7.01065
294.888
7.1568
439.627
459.899
70.7524
7.45984
5.17949
7.23258
125.003
15.3552
7.73442
380.521
532.075
202.164
406.613
76.815
451.727
335.425
20.3297
8.67454
143.034
13.5643
8.02807
381.608
7.2638
51.1782
7.96383
2.69045
134.727
7.18571
127.332
263.784
6.87904
397.446
375.519
361.158
80.2216
7.32383
220.524
77.042
512.932
382.95
335.16
491.505
351.674
168.457
249.223
15.262
7.52235
29.1201
6.68957
553.102
23.6954
381.329
451.468
225.782
383.491
7.09256
7.39659
8.2562
62.4924
298.113
305.489
228.826
183.546
71.2105
173.898
7.91838
7.97316
269.487
488.394
7.38119
472.318
7.14054
428.411
7.17172
37.899
233.258
7.3304
387.47
4.38303
442.118
6.98126
319.516
306.959
7.18618
184.146
320.254
440.652
7.65871
7.42355
7.42331
401.686
91.6132
276.822
26.3714
355.122
7.67076
6.80915
7.33823
360.748
525.355
126.307
191.002
264.531
450.498
150.584
7.3726
69.8109
369.144
1.21586
200.225
253.31
125.679
240.8
248.275
7.69595
152.829
320.348
7.31469
270.364
381.224
173.432
186.132
223.568
6.93879
6.72996
348.142
7.20504
13.6253
4.53507
52.108
133.192
197.493
40.245
5.50709
242.386
6.96191
223.442
7.40466
289.077
328.449
99.1004
7.21759
26.3247
423.797
362.912
93.0277
6.64135
278.126
399.178
233.056
273.085
444.235
5.78401
7.41837
106.268
177.59
105.345
309.674
5.49712
7.74546
7.13541
7.38931
393.463
303.555
579.187
143.009
6.97609
463.651
168.532
271.943
196.6
293.964
413.9
372.175
198.187
194.227
483.099
133.984
248.896
287.004
442.194
585.512
157.312
218.915
232.496
91.0693
27.1613
178.548
277.759
80.103
23.413
191.294
59.994
9.90309
574.037
14.612
6.67396
285.864
190.009
177.408
9.23451
8.03542
8.6862
302.119
241.966
-7.63658
122.761
221.281
20.1044
342.952
7.73005
7.46497
165.775
7.79663
8.11078
154.042
8.13216
102.254
7.5
5.49938
102.785
293.956
61.5686
91.4934
233.059
395.484
560.353
324.754
14.8003
483.056
294.528
253.901
429.687
6.70868
7.47052
24.537
144.987
7.43841
317.709
6.78713
330.578
7.09166
286.065
190.25
6.52753
165.979
309.985
7.19706
7.12095
486.207
20.9025
7.37527
180.034
367.208
335.241
11.6267
349.798
102.126
188.915
169.212
109.989
377.487
286.755
113.52
129.246
7.05147
7.72686
6.97939
234.001
51.1751
8.77459
7.47706
277.507
56.0115
431.505
7.0921
48.4854
391.091
208.635
170.622
299.502
272.335
40.9341
7.22667
11.9737
321.21
7.06841
105.043
381.274
8.12983
482.822
262.36
291.025
7.38442
460.792
91.0179
167.518
223.489
203.78
8.15555
91.0122
133.513
436.529
7.61631
6.66013
263.288
6.41395
360.244
31.3488
477.065
108.875
117.842
196.433
7.09672
7.8901
6.97991
368.075
242.507
54.516
538.097
7.00282
6.98702
201.652
67.3432
317.54
7.31952
6.62255
7.1873
322.003
7.08968
308.138
7.51655
186.777
63.7738
153.609
6.51164
312.977
552.616
247.548
457.99
24.7765
146.695
7.71787
89.1737
6.89946
358.408
408.075
536.339
273.075
241.898
148.147
37.5336
7.2346
7.03492
71.3011
7.06851
7.25341
93.8765
238.219
7.28364
38.6467
7.77652
6.73799
194.585
7.82619
138.886
190.063
104.008
7.5969
331.221
6.35514
159.466
150.395
180.3
487.03
190.87
353.488
59.0234
109.09
430.893
541.878
425.403
379.363
5.77334
33.0888
7.71343
385.443
512.522
177.324
351.276
7.11496
121.988
135.67
43.3911
7.58057
582.795
191.997
7.80651
195.281
126.482
351.79
197.922
61.1829
401.704
534.752
141.591
298.964
114.353
103.484
278.439
248.858
7.01816
198.55
7.16031
145.526
201.691
7.35232
7.26375
7.88939
198.038
7.48689
308.613
4.85956
8.84777
6.2413
6.7121
7.85322
116.671
164.596
172.862
345.486
7.51933
7.54164
196.062
177.001
7.00517
201.046
292.049
108.992
165.011
476.114
35.9852
264.234
7.13456
531.97
289.569
393.868
381.439
137.768
303.608
7.28473
48.0589
65.1186
176.104
181.807
204.174
71.3363
104.189
273.065
14.0631
7.37616
136.124
7.25251
238.448
47.8086
237.549
20.7421
218.679
328.27
6.8818
7.36094
70.9608
169.521
519.638
12.2485
7.32566
130.992
41.7433
161.762
465.645
352.336
254.261
235.976
192.47
447.995
52.9959
313.873
105.371
2.55785
6.78629
63.5378
15.1474
349.306
15.2433
262.586
7.27568
226.174
292.983
7.27386
6.79219
242.517
102.863
309.037
372.045
5.77144
142.564
5.39109
6.90767
464.081
7.74924
220.966
367.472
178.197
175.327
10.3305
309.92
6.81135
8.33944
6.66963
183.219
7.12133
346.386
413.313
151.091
7.4759
356.5
105.128
7.20248
369.617
6.81291
472.576
377.144
27.1154
116.237
221.467
3.82187
284.62
406.875
7.75744
217.5
96.5042
524.628
59.6591
135.467
319.169
261.753
34.9803
36.0005
7.18928
273.889
77.3063
7.18982
365.216
7.55423
362.949
277.799
194.825
5.03743
480.062
448.772
508.671
331.931
6.69457
152.994
100.653
173.515
455.285
530.333
210.812
42.0757
155.305
269.266
66.654
7.43956
470.661
231.615
326.375
538.975
75.9862
7.54579
177.742
57.2917
170.546
54.7929
59.0747
409.577
6.08429
7.28715
8.0283
6.78233
407.941
460.753
133.493
438.499
318.337
494.304
7.38279
410.257
339.261
229.293
7.378
283.689
175.616
109.087
293.279
356.48
7.21571
399.701
456.146
7.75266
54.6657
174.258
7.7135
363.862
69.666
343.089
7.34272
180.694
53.1231
486.699
477.838
7.22761
209.224
76.5993
51.4823
7.25154
63.4647
544.179
257.186
406.331
323.39
491.555
68.7166
139.939
398.315
434.389
215.114
483.795
346.224
299.305
6.24898
272.169
394.246
5.45411
6.13478
7.08563
468.079
8.37205
6.03683
7.91256
6.86929
343.843
266.1
520.738
7.13056
474.17
116.85
7.20097
451.147
316.254
73.06
7.11414
531.68
16.543
285.886
61.5393
317.611
122.293
6.66409
40.0782
7.10974
6.91083
45.3697
0.565623
256.218
105.694
6.48859
458.879
148.012
7.69892
7.0829
535.178
143.084
271.715
185.609
471.634
7.2481
6.99705
377.112
277.556
327.508
275.634
413.09
295.225
7.12478
536.157
4.39742
173.665
159.638
13.122
243.796
99.2029
299.125
7.14
6.08102
19.9448
417.103
90.2338
220.118
7.32261
27.2873
176.813
394.248
7.63828
39.5238
239.116
91.5264
7.18325
360.583
500.434
7.14647
209.27
481.886
311.695
6.93733
7.57179
25.6072
30.089
212.412
411.996
293.826
428.381
7.37847
317.108
388.094
249.5
6.37189
6.29079
3.25968
7.10256
51.4172
261.588
162.866
61.409
385.804
428.277
4.23935
7.31368
384.655
20.9185
207.019
239.47
251.475
11.4894
7.73086
6.27932
12.5546
269.486
517.99
86.5673
207.892
401.461
7.0803
22.9936
340.89
70.7013
7.60474
7.27905
62.8969
7.31546
488.09
87.068
45.2814
7.13868
185.752
333.641
81.159
58.2318
174.162
396.701
3.48826
7.27166
102.114
6.95329
356.609
4.57986
7.4506
540.288
379.32
6.96687
376.588
447.738
7.35277
21.013
402.632
7.36695
16.786
401.569
6.94281
52.3115
6.60525
7.32276
7.24603
434.837
7.48438
464.967
308.495
297.31
414.503
69.4177
465.372
45.3988
7.75676
6.57628
8.38703
351.265
7.56282
376.011
222.453
30.1354
558.391
382.95
161.597
37.3207
492.906
422.072
54.0624
7.32657
184.466
123.47
414.16
7.37378
158.417
19.2719
121.16
7.52882
416.758
410.357
500.111
311.366
105.961
23.1531
7.50597
7.12819
7.53196
106.707
5.92408
130.384
333.419
439.427
377.737
132.89
473.907
225.065
97.7064
8.12713
268.969
434.083
9.96773
59.4832
310.921
119.568
119.294
363.606
197.193
550.298
58.5849
472.138
8.08284
181.14
7.02397
7.15837
151.102
318.895
6.11169
562.647
381.557
437.516
6.98511
6.99156
7.21856
137.422
16.8577
7.12974
141.417
118.867
50.9691
7.54294
249.862
109.303
188.06
6.514
158.684
64.545
172.928
340.53
319.241
558.306
150.112
89.8709
7.12208
40.3513
6.41322
6.77656
5.76312
360.46
352.44
6.99156
155.431
195.07
304.14
48.3471
162.674
61.8302
427.078
495.681
6.91426
386.812
13.8889
301.173
405.632
152.732
38.9984
265.194
53.1056
7.36274
36.0081
466.309
7.24057
38.1424
7.36492
7.17115
5.8193
562.967
317.043
413.636
7.25797
7.91945
6.73345
325.598
451.981
440.653
212.195
8.02139
5.69416
24.2821
168.919
259.765
240.492
264.472
94.2123
7.00785
161.988
245.568
360.255
224.211
6.61293
17.1859
81.1832
311.63
179.021
7.03186
7.7239
414.451
166.93
498.348
279.92
7.5695
31.485
7.15069
332.629
12.7969
5.76438
256.247
219.522
336.603
28.1636
483.833
175.475
238.676
110.739
12.4026
107.576
154.422
363.207
448.906
547.336
42.0127
7.12633
136.617
222.16
439.717
6.89264
384.283
364.932
105.294
73.1015
7.19275
7.32077
11.452
6.9934
9.97532
243.495
235.767
417.934
6.55736
7.55976
7.22491
54.2653
463.027
6.07921
368.449
33.6352
299.801
416.478
6.75872
273.581
91.7862
7.51269
183.063
6.65335
132.097
493.497
315.87
8.03118
97.4464
524.023
8.91531
143.884
45.3893
117.243
7.15453
254.082
461.996
407.358
6.95688
7.08068
465.125
5.22096
6.94929
57.6698
111.353
69.8307
159.577
7.58995
405.716
112.723
6.64015
10.3322
7.38973
553.371
147.775
6.98429
431.024
61.7468
337.851
59.9154
7.30448
6.04887
314.895
79.768
225.376
8.7556
438.718
7.29321
108.914
343.069
43.4241
5.09184
232.286
198.076
238.126
7.37272
241.001
188.559
6.54449
101.041
100.459
215.466
283.445
86.967
7.54974
453.062
291.101
243.917
357.396
326.42
221.737
268.244
10.8024
96.9125
164.301
165.945
520.284
11.412
1.00568
6.72275
7.00587
240.081
57.1255
140.988
22.1364
362.905
318.819
8.24322
470.134
6.92422
453.579
56.0512
223.653
7.90822
7.3536
331.759
336.197
562.825
106.135
475.724
8.25308
532.725
463.436
7.09036
234.269
6.66329
369.502
449.661
267.543
179.047
5.84537
7.62006
134.569
6.39457
-2.32862
345.818
6.83972
522.184
109.102
126.373
204.779
390.012
167.54
514.053
83.5665
267.078
372.145
431.076
196.917
141.591
339.33
7.08192
109.763
243.035
53.4022
294.865
248.422
129.435
115.709
16.9967
7.39475
396.418
7.01213
219.05
163.247
7.86611
157.062
52.8678
104.335
7.2782
530.859
153.836
7.83033
7.45202
7.61839
36.3522
7.28943
427.665
6.84524
8.45979
185.551
8.25567
373.243
133.41
6.9603
76.9735
418.427
269.898
7.17701
111.507
336.232
136.138
7.34289
30.8264
68.9726
184.162
6.14122
489.362
260.347
7.74436
181.938
7.14747
5.39196
154.215
300.127
439.258
81.1367
344.72
264.116
6.9761
10.143
147.37
52.2837
196.465
178.674
97.3938
7.05948
6.97796
7.38867
8.06695
138.628
104.581
454.169
302.592
5.78261
9.63973
7.01689
43.0748
6.90281
6.8638
8.23627
319.737
33.9898
7.9695
346.98
385.301
95.4683
196.041
201.151
1.72038
124.427
550.149
539.13
66.1722
436.707
317.967
235.203
278.968
538.626
308.417
480.407
93.0483
7.24387
234.601
7.52429
217.352
180.297
26.9825
8.34837
5.35854
185.519
6.06745
190.545
357.69
402.915
467.499
229.963
314.433
336.125
367.487
338.257
6.97401
443.443
36.6347
99.1485
7.32711
110.84
357.306
123.084
187.973
6.5402
100.922
286.757
261.497
478.988
7.26279
226.04
5.54711
230.168
113.407
7.20968
7.45698
64.6054
287.08
93.7989
230.874
322.914
33.2234
432.615
91.9726
7.9781
24.2874
364.897
140.149
19.7085
517.905
51.1138
279.545
4.30858
540.893
290.314
7.94364
79.8884
124.498
7.45447
95.655
233.939
90.8082
268.94
365.368
224.402
7.0841
196.654
7.37243
209.835
7.45943
7.36518
113.816
44.0656
6.70832
190.904
232.701
6.68415
246.62
284.241
156.355
17.6049
7.85643
370.073
12.762
48.8666
141.42
83.8915
345.501
317.865
335.156
488.469
267.409
182.766
300.007
42.8258
304.594
392.601
6.8924
305.13
308.596
172.841
499.255
7.18398
103.607
245.286
167.834
6.65119
478.711
211.942
114.904
6.10955
335.349
96.7447
8.19594
303.2
91.9642
107.964
294.079
24.6963
159.395
175.313
108.542
7.0451
388.303
144.869
462.776
494.935
20.4
56.7658
6.34373
309.647
318.004
84.6714
556.406
445.862
34.5606
143.332
120.14
7.16263
120.548
415.667
198.992
6.96478
283.961
236.909
179.1
6.28881
182.634
6.85089
321.063
167.477
6.80653
168.922
7.16391
292.522
34.3265
6.3176
102.004
483.643
101.712
75.4911
407.942
498.686
86.3743
5.45602
414.73
6.86229
514.1
125.965
6.93685
180.676
235.938
196.474
538.151
250.986
7.27287
28.6303
11.6284
86.8742
139.799
7.49402
11.8626
543.876
131.282
6.51244
178.369
7.50027
98.7043
86.7162
7.46662
323.907
82.7806
241.915
6.3233
6.92078
289.374
250.908
138.407
60.4789
376.116
54.1612
224.269
150.695
7.87962
444.377
21.7968
499.84
7.40753
273.529
354.557
202.144
497.548
284.333
439.231
296.833
53.8759
5.98568
283.22
104.269
230.51
425.003
93.5355
558.275
77.0252
218.247
82.1863
7.35501
264.549
71.9407
6.94698
7.10931
40.8962
215.63
222.417
26.0059
7.49765
380.62
374.178
460.547
270.352
122.163
177.756
242.485
32.9631
7.61135
200.547
238.306
252.266
7.18189
113.941
74.2211
346.954
7.07214
226.153
7.81517
568.18
167.703
7.0354
330.993
312.209
169.178
5.77578
7.66588
7.58897
302.944
4.52209
357.09
6.51453
250.183
348.343
229.208
22.3379
8.77966
409.406
51.814
270.997
300.296
334.009
248.807
146.953
341.302
45.8325
297.893
131.453
461.615
7.1571
223.137
181.597
7.97075
135.397
242.375
563.479
349.945
263.915
6.99549
7.54482
7.00577
10.5639
212.14
72.9076
320.036
24.3553
6.86942
539.464
24.1919
28.2019
6.90138
125.449
124.571
337.503
6.9937
96.4731
6.28553
334.706
7.32343
9.15077
227.912
255.14
343.694
326.136
122.992
62.8128
15.387
7.23636
5.98938
320.391
335.74
7.552
234.049
7.88124
272.803
6.43006
336.228
275.336
7.44163
7.64813
6.67409
179.305
452.039
7.8187
7.44707
5.87061
184.889
501.043
5.74006
5.19921
139.876
6.8431
6.54981
74.4569
112.239
487.719
289.376
47.6778
9.92788
6.53909
5.1634
195.945
10.0245
7.66116
343.609
332.363
231.366
6.83421
450.685
109.352
426.74
334.615
420.723
219.004
6.95984
186.508
455.112
146.044
447.954
150.519
7.04694
6.99523
169.852
271.083
18.7143
7.33189
159.283
195.636
115.258
512.13
229.94
552.698
235.257
341.949
7.13965
110.587
434.178
167.994
366.719
7.15086
325.371
118.515
12.8605
7.76881
82.2029
34.72
7.48584
6.38361
8.87133
117.586
7.24683
409.34
348.094
23.3544
198.969
6.86635
13.0042
31.0975
82.7217
8.38362
237.814
425.347
171.372
221.803
8.24411
7.16563
208.933
38.3537
17.5487
125.054
6.95425
292.584
355.213
6.49367
273.181
334.012
118.155
74.0019
277.078
7.32128
164.357
6.89931
257.168
114.915
50.7659
408.585
42.0799
50.1275
333.107
35.6789
150.776
344.032
6.29577
158.748
124.685
49.7382
6.96036
552.634
131.624
193.294
255.392
579.822
388.488
402.61
7.49924
7.5735
137.965
490.776
7.83882
59.1974
267.04
120.976
37.5087
71.9618
490.751
246.654
8.50312
387.453
400.26
92.8621
286.931
6.9783
72.3425
195.257
308.534
12.74
416.975
439.821
371.411
87.9636
578.693
368.56
7.47856
10.8618
7.15069
190.947
257.266
53.7122
9.01485
374.222
247.273
99.709
7.44747
521.948
384.405
213.759
30.4928
6.16081
182.752
6.92073
7.51105
6.99554
252.507
8.31649
411.235
502.195
49.4525
130.887
24.3671
8.24665
86.6493
134.492
7.85484
7.22374
351.441
90.4317
547.039
512.135
181.233
5.82821
137.823
8.3049
7.66577
481.9
7.48969
490.228
70.5503
6.4274
315.14
53.6746
315.353
160.486
36.7285
144.528
7.04721
7.11359
278.753
224.242
349.477
101.211
59.3296
5.9825
446.662
241.981
7.31227
302.671
389.205
327.095
195.512
27.7273
445.847
195.575
185.473
336.102
460.943
6.95491
124.339
299.13
6.74252
7.35924
348.316
26.1594
206.418
26.0548
340.284
7.37243
6.8795
117.397
235.175
6.75727
281.942
12.8333
218.54
7.25822
334.491
18.7804
133.303
139.414
325.892
453.106
154.939
276.38
352.05
156.3
305.345
256.85
7.34141
6.99306
7.88739
303.462
383.189
342.722
567.946
158.216
196.051
221.295
7.63956
103.566
82.6343
177.814
254.183
286.488
6.23679
258.183
319.338
196.67
361.728
451.435
6.74058
283.512
290.245
7.81799
576.364
370.628
518.655
105.545
170.784
261.112
301.059
32.4528
209.317
335.344
269.389
7.77606
245.563
417.848
7.3138
523.645
417.408
19.9272
117.59
7.96565
58.1348
90.9209
115.302
67.8206
523.576
185.742
504.487
7.61521
363.973
6.92575
6.40042
338.56
24.4818
145.161
36.1456
9.67008
278.429
4.42606
316.162
7.7668
62.1434
155.342
559.872
5.34717
7.14262
26.9712
124.585
206.755
402.751
7.50718
363.728
159.014
227.279
581.063
134.339
7.19944
534.051
7.35066
154.864
17.0201
7.18927
7.82812
314.033
101.3
66.566
78.1723
242.172
110.673
345.736
103.613
7.59028
356.952
7.53732
65.4361
165.808
398.117
334.853
577.059
181.182
153.225
518.941
240.044
532.361
332.146
169.951
462.264
409.562
7.43453
317.185
7.20294
69.6601
211.274
384.168
7.12771
338.593
7.34721
58.0324
148.048
7.84859
7.34999
260.315
164.032
266.656
274.134
446.467
152.899
20.2513
287.281
189.017
122.446
251.389
6.98637
139.661
6.68079
534.917
159.434
79.5145
8.57966
481.145
312.324
263.359
475.173
3.19441
46.3672
412.128
53.1215
532.62
37.0249
45.3434
540.292
315.759
391.714
14.6472
145.643
141.587
146.339
7.63538
91.7909
474.81
7.41981
51.3678
253.227
385.421
234.291
258.87
7.91633
388.001
8.08255
7.32659
187.169
323.646
7.12374
18.6339
194.029
125.514
60.8121
388.591
7.03479
222.621
119.333
34.1852
232.004
45.2916
6.46448
260.079
196.373
102.398
54.9991
113.043
204.023
76.1939
7.47538
129.103
226.584
7.00257
6.71806
98.6914
287.03
211.62
331.49
8.7613
32.47
118.954
305.514
426.599
236.651
270.197
7.06582
256.286
218.661
93.2822
63.938
163.824
7.69282
274.609
7.35233
7.18627
179.836
421.256
150.622
468.172
8.24106
169.271
92.2219
189.345
7.13494
7.24439
5.77505
37.7888
374.506
362.655
128.487
281.663
13.9318
501.187
465.574
277.48
67.6645
150.572
5.92411
398.032
253.578
31.748
522.17
109.246
371.479
229.474
7.01427
6.91584
342.636
461.457
256.61
455.573
7.11173
6.81118
191.061
6.72909
248.933
405.968
132.214
289.123
164.754
427.024
6.26756
6.58531
434.695
301.275
18.1336
6.81538
199.112
189.703
513.792
380.348
355.662
496.008
9.10561
208.477
7.86705
7.89968
19.0765
377.068
87.5593
323.939
302.037
497.427
444.887
569.646
7.01673
37.101
6.74806
7.47816
97.729
335.389
368.484
7.39094
451.645
7.4114
5.60914
423.381
458.479
7.34879
28.641
51.9763
321.646
67.426
94.3646
275.155
225.284
370.404
102.888
14.9339
24.5311
7.44639
107.416
493.283
248.711
8.77862
273.941
370.46
7.6723
98.6381
7.27281
14.2401
411.262
65.0741
75.0873
96.7231
6.94011
292.214
457.154
7.47554
250.468
289.968
7.28527
350.22
70.329
7.70408
7.59519
7.52404
171.229
358.967
176.476
382.245
71.8715
233.061
135.172
320.361
7.23355
7.37045
227.929
418.604
51.5081
7.03936
30.2534
165.324
234.741
290.214
7.07668
487.103
251.424
7.40207
516.43
8.24578
63.6736
417.519
191.435
521.255
433.641
7.0018
477.571
414.243
331.622
399.705
493.507
237.899
7.98339
55.2003
13.0887
257.43
0.635628
7.80369
280.101
208.123
8.35934
104.316
305.244
332.396
92.8707
188.875
35.5416
253.91
77.5439
240.511
502.215
262.993
393.867
307.43
148.512
187.287
418.04
51.5741
7.77421
6.59422
259.479
472.875
252.693
72.5336
6.88951
259.426
6.96999
6.43981
384.413
166.383
283.917
32.796
444.496
376.518
243.975
238.231
4.85367
358.926
7.41515
101.109
263.876
175.444
6.76606
409.527
47.4861
131.099
466.601
10.2573
7.32367
7.6877
409.409
7.08765
140.025
165.546
23.1292
11.0836
521.345
135.687
192.688
150.957
220.739
469.943
470.91
150.642
488.272
157.265
74.0914
7.3624
386.653
28.7513
274.355
223.646
445.555
7.16209
483.511
96.1973
19.1115
98.6742
329.42
191.974
34.5577
7.66855
7.64174
4.23327
6.92227
294.774
113.226
7.15702
185.712
183.684
6.60077
1.35371
326.242
238.143
318.854
22.9764
463.388
418.634
7.37794
6.54997
289.015
6.99117
210.22
7.13529
258.204
7.31678
9.39086
332.145
469.476
361.484
82.0676
12.2279
7.38465
85.5816
382.186
16.39
391.619
62.6133
161.051
7.78437
268.673
7.42074
7.43161
318.091
358.582
40.8093
234.472
7.43007
358.75
129.467
136.775
337.074
7.64161
5.41207
377.928
8.31027
378.024
111.026
217.995
483.238
192.954
8.64664
117.147
115.578
355.653
167.527
323.799
162.817
7.38582
6.51999
495.261
86.4712
6.62668
7.19689
12.0809
412.439
6.94954
58.1172
56.351
244.399
400.122
484.833
343.338
5.89009
24.2847
130.398
64.1705
382.987
7.4013
399.894
112.772
501.537
76.8714
162.898
185.788
56.2762
143.744
7.61172
481.751
420.831
6.96016
17.1173
6.65146
7.37743
261.555
398.662
115.249
335.661
7.13444
110.804
181.008
144.552
7.15116
6.57376
84.1438
136.527
7.42432
7.60306
5.06675
71.8725
8.08392
7.08355
441.255
495.463
125.541
390.853
192.593
195.985
335.758
417.532
340.935
171.331
358.685
414.012
40.3359
146.143
213.29
7.49125
51.6318
476.438
7.63088
277.372
6.86999
488.627
124.829
146.346
271.158
402.823
231.753
422.053
9.74891
423.697
389.801
257.845
7.56928
379.102
378.55
14.6502
142.452
519.543
6.83817
322
138.807
165.887
180.543
270.618
7.18882
29.3018
7.13777
7.59135
180.688
7.03496
6.75378
62.5341
100.793
272.319
486.881
13.006
341.47
13.5021
273.471
30.4429
51.32
4.41581
7.29499
7.16376
156.34
234.248
142.273
42.0588
427.735
214.674
428.821
346.397
419.423
6.13095
7.31733
150.667
384.721
260.091
242.133
220.975
221.35
7.35767
7.22452
97.4937
244.626
171.789
8.25368
150.429
6.69324
155.614
95.1945
289.7
256.661
13.0956
314.481
388.802
342.36
122.242
338.818
129.325
144.173
181.231
7.65944
322.479
232.388
7.57112
401.49
413.979
6.68438
241.275
321.285
13.8611
137.093
6.97225
446.358
7.08887
7.56037
173.676
436.16
10.4429
472.206
7.82023
8.26199
405.226
384.702
7.71451
7.26161
5.86232
7.49299
51.2938
7.24489
309.83
373.991
301.961
7.57415
202.12
81.4343
127.211
321.941
172.693
7.32812
382.905
190.693
328.552
7.16773
225.517
97.7519
186.52
158.724
538.783
7.59442
22.0396
128.388
7.0291
462.893
7.32131
91.8201
423.636
7.28118
402.424
7.07985
111.586
85.7995
282.655
315.49
260.229
142.888
18.8292
14.2434
509.223
287.939
7.49398
13.2698
127.431
144.617
6.84261
7.99974
461.052
7.2344
373.427
451.046
7.38186
260.598
343.44
183.379
490.106
114.6
52.7928
7.02999
488.353
124.196
150.757
334.294
197.918
112.656
78.2594
394.367
292.02
43.5151
207.973
7.3383
404.036
68.9333
309.196
133.007
277.3
191.687
74.9308
391.782
383.634
6.79404
246.824
440.081
381.419
7.05313
72.5278
10.3287
68.3523
280.068
111.064
7.45961
355.335
120.083
6.99129
307.81
119.395
382.503
263.074
106.579
7.70535
7.5238
32.94
7.61733
412.07
66.7951
260.348
28.864
115.146
409.871
89.5898
110.618
277.724
119.654
5.16193
276.905
102.804
25.1655
6.53023
204.163
146.017
152.782
6.83361
242.204
133.337
7.59712
6.64869
5.53907
15.0206
387.647
216.385
101.765
6.67024
478.296
92.2773
7.14809
271.34
498.128
371.62
7.23801
243.062
159.728
40.4708
7.27716
7.74759
161.448
473.308
488.693
166.751
75.2954
8.05613
427.925
6.86256
5.72686
270.428
391.258
7.87682
4.87936
120.024
6.20972
275.029
6.33501
356.588
7.655
288.997
8.73608
110.825
311.943
423.789
470.744
7.33546
460.611
56.2776
104.785
261.08
6.93921
284.148
440.406
90.3547
2.9288
394.786
29.6715
453.199
150.269
228.046
132.188
198.327
490.36
371.416
124.706
8.03839
164.155
273.841
386.251
170.281
3.99851
6.79421
320.838
6.99123
7.2321
8.05309
355.452
6.78542
263.524
313.977
252.71
431.526
300.318
207.541
189.337
59.8304
217.749
198.216
240.561
7.39399
281.987
395.874
495.765
7.84184
195.357
7.35504
8.16017
276.468
445.136
220.42
90.8509
443.325
31.3385
6.98397
148.935
162.442
321.713
227.064
89.4523
415.934
173.667
301.62
291.272
96.0658
5.02368
7.17425
331.09
445.525
58.7802
87.7396
414.425
422.767
7.35927
84.3208
393.83
326.042
349.858
7.91473
7.09076
6.69947
7.44461
5.91844
240.276
7.29721
8.15056
6.88829
369.035
315.17
6.83384
136.197
1.16665
7.39328
71.394
7.99482
376.497
38.5105
208.003
202.804
249.062
189.282
187.457
7.12724
168.036
7.67887
317.223
477.825
45.0064
112.513
108.989
416.973
8.88241
199.393
250.091
7.02399
13.3815
73.6876
6.97082
58.4635
6.96602
399.809
6.03399
93.8007
104.391
220.242
8.08555
320.179
285.046
159.35
280.086
7.11159
5.27309
7.43556
261.02
370.052
347.062
460.722
188.93
202.432
335.399
176.982
171.821
7.98237
55.2127
170.446
14.4127
63.3753
160.92
443.994
431.788
236.997
120.519
106.851
54.4911
6.37853
66.7879
7.17196
431.956
34.6687
224.088
98.5871
7.76039
8.13941
6.81308
193.764
496.863
7.07472
5.39433
83.41
189.148
162.543
7.29849
59.118
307.6
57.0654
204.898
134.584
85.3432
398.682
349.896
7.18705
432.113
394.511
65.6721
7.80615
218.452
222.96
7.5651
26.8972
168.762
6.88899
8.44263
7.6629
435.054
180.353
6.53731
6.85436
300.917
423.255
442.852
553.332
223.818
403.321
390.414
106.141
301.279
233.13
411.875
87.6709
554.525
147.415
217.524
65.069
407.919
176.793
414.315
466.961
91.644
67.7096
142.084
288.655
99.7757
290.816
22.0374
260.23
47.3919
7.89346
140.309
237.209
162.887
7.70579
74.3275
29.5649
7.25447
53.524
269.919
441.449
266.849
259.393
27.2714
404.281
204.128
367.809
377.363
7.20807
403.415
62.9981
5.96609
7.5145
369.842
199.821
142.469
235.087
28.6669
463.229
527.897
273.553
288.102
388.28
16.0788
123.725
409.296
53.9434
6.95454
7.23527
7.49346
155.234
228.798
330.481
316.948
7.28343
7.08619
340.188
15.2329
262.401
209.49
445.553
545.687
399.805
199.06
7.72153
33.7329
8.34766
100.023
7.85236
7.42741
8.32429
46.452
143.74
8.20562
63.6266
337.783
344.346
6.83666
336.259
192.615
7.00836
6.44226
174.847
299.257
260.344
38.6688
520.381
10.085
326.626
74.063
258.73
64.7839
236.663
20.8769
30.885
9.52225
87.8524
179.739
7.53561
7.07202
183.19
7.44235
337.39
142.382
148.755
287.38
240.24
542.613
7.84438
415.251
98.9265
7.06502
106.502
371.963
360.896
32.6992
133.089
14.4759
130.887
168.689
513.68
263.346
378.353
8.04994
99.7219
7.43131
6.94564
206.261
6.01418
6.31868
101.085
6.41047
304.87
79.0016
460.404
263.51
64.5939
446.077
7.09671
45.9691
309.242
273.758
0.493732
159.218
251.781
407.906
178.677
282.746
6.79915
70.6698
7.45995
276.008
9.42048
178.042
169.591
387.221
193.013
92.366
462.606
311.955
95.8017
462.42
7.20761
6.69832
441.46
7.26112
216.073
7.67249
7.1862
6.80724
15.444
214.329
210.938
507.225
278.877
490.831
114.683
358.165
467.126
466.01
22.1614
180.967
437.157
302.901
417.152
550.689
178.608
6.29853
33.2535
290.933
7.01853
326.068
7.15684
7.03869
14.8284
92.1793
194.717
387.562
15.7454
428.221
524.072
7.43282
62.9418
337.886
6.63554
205.583
282.944
367.698
451.555
437.909
6.98667
72.8343
115.804
4.95339
308.207
143.954
221.089
389.789
107.079
269.409
380.99
12.1481
330.933
9.71291
95.4371
514.363
8.6039
419.051
445.301
506.314
119.945
537.62
7.11932
60.0864
160.89
47.2757
299.867
6.89576
6.77753
68.876
443.986
371.859
32.8089
284.595
207.41
173.3
360.663
8.14347
382.524
54.7109
405.363
395.773
387.251
175.533
387.818
254.711
368.261
88.8047
361.835
291.515
63.8661
7.08199
199.097
360.348
425.602
420.873
6.98072
263.764
433.067
420.721
231.706
6.41676
5.32606
158.054
348.8
234.096
35.4892
294.682
7.23874
148.843
566.713
449.206
145.759
183.161
105.654
220.481
300.687
324.225
213.614
443.373
379.295
87.8697
94.825
320.418
213.104
324.421
7.97761
184.079
199.852
6.92661
49.5849
4.40247
7.60202
49.178
281.554
68.2368
256.956
40.9297
7.18104
184.483
6.51959
377.85
253.88
109.941
290.189
227.47
7.13512
6.97773
6.76647
277.805
496.985
9.01711
220.228
198.28
7.06872
224.033
357.622
50.1106
353.964
115.547
518.724
473.647
6.18357
7.79563
13.3463
244.829
7.52784
47.7779
527.556
156.467
7.07919
180.983
31.7141
36.2286
371.063
491.245
219.367
7.47091
332.473
3.11886
258.459
7.28316
7.45026
27.9107
8.64896
24.7155
5.49287
224.77
321.687
7.41986
198.124
8.33344
194.082
315.655
140.934
5.31912
476.562
6.3695
392.798
242.637
7.33263
91.2467
363.911
388.666
6.63583
4.15278
207.571
179.978
522.659
5.99431
7.03062
430.885
8.13487
92.173
6.50681
7.36257
520.404
424.112
156.118
429.184
110.796
6.82152
295.583
61.5198
191.557
6.99574
349.729
462.782
18.6157
224.195
21.22
7.78142
156.464
58.2661
6.97919
5.95696
280.289
40.8682
125.828
199.075
92.2969
235.048
7.48546
357.289
376.316
8.81662
403.587
41.8576
9.12791
10.0706
46.7566
257.076
341.479
7.40709
7.33837
197.902
6.89291
154.466
496.429
418.988
403.034
296.548
7.57888
7.73402
150.659
410.448
88.6841
6.06446
88.3788
163.471
191.913
269.361
7.34427
209.36
415.257
6.64223
99.0158
17.8026
8.1929
8.34292
31.0611
80.7139
7.42022
74.2469
15.2041
82.3224
505.632
178.928
93.5477
387.075
438.08
55.1092
24.8486
417.424
7.06333
234.005
204.745
501.883
6.88517
6.97035
259.536
190.231
452.776
488.362
7.55826
7.1629
6.32742
426.937
271.419
138.046
403.808
107.51
8.44148
199.88
80.4517
19.271
6.82865
7.23061
92.0042
463.233
376.954
7.41551
415.538
135.062
449.24
6.68281
7.0502
8.24567
141.307
405.063
93.7914
53.389
109.248
22.1377
474.775
7.34929
135.582
452.311
425
503.995
8.00657
80.9216
54.7304
271.784
4.05625
123.591
6.60561
7.43217
83.1731
197.47
382.436
328.119
434.581
136.382
7.87584
427.194
509.381
430.596
28.5838
259.783
467.002
222.948
336.054
376.223
254.195
6.68444
6.50331
6.83917
477.959
8.10259
8.13998
16.1577
574.827
28.2603
472.17
268.991
378.02
7.32298
7.85879
40.7352
56.8044
207.103
7.42097
58.9144
312.196
6.42849
7.97141
138.837
12.9614
6.67984
319.365
220.15
222.293
277.301
147.381
58.5878
7.1093
6.56508
113.762
123.783
392.402
97.7051
263.005
244.542
530.697
9.72378
297.943
375.663
223.874
179.818
83.4844
420.42
348.842
36.9367
7.03827
87.0964
7.28346
416.676
170.226
444.465
5.62743
7.46319
261.628
6.54841
352.434
337.375
188.42
7.17934
357.042
64.1961
355.39
412.809
8.09045
362.741
7.43489
341.585
7.26778
65.8924
127.155
8.27289
137.141
327.527
115.269
289.737
6.81208
362.775
462.382
201.151
229.275
35.6426
334.477
35.7875
7.28259
122.296
206.658
271.098
7.30888
376.185
505.846
344.082
79.2595
25.7491
318.168
5.33106
81.2839
14.0612
122.824
61.447
387.898
416.609
285.903
6.06347
354.61
426.328
7.37018
284.017
407.055
7.02401
7.87972
180.379
150.648
480.422
190.477
5.03524
6.11853
7.45052
56.5493
149.206
458.831
6.54418
6.22873
158.707
136.407
149.152
106.528
118.648
174.758
6.93168
267.008
7.37151
144.942
350.415
91.9307
203.2
333.769
8.16556
16.4363
117.104
289.886
7.03983
281.163
19.8573
22.9022
229.759
139.067
548.198
71.041
13.6134
269.659
306.39
62.9712
71.4577
134.193
7.27038
7.56942
211.251
257.799
316.903
80.8757
210.682
7.28778
5.65673
444.233
11.8856
392.779
213.817
115.773
4.83387
74.0807
6.80468
235.326
259.329
8.28462
203.607
299.165
59.32
84.1546
94.7768
123.425
461.494
264.033
200.64
332.361
330.41
135.174
24.2989
446.183
347.925
341.667
7.82174
219.417
6.92139
7.04529
6.94518
6.99829
90.1826
6.70428
362.884
124.983
224.964
452.448
420.475
578.979
85.486
6.93353
366.249
8.15491
477.902
12.7729
302.717
8.16562
505.094
320.168
43.4477
7.50318
236.037
9.04329
7.21332
393.01
6.78343
7.92465
191.213
478.269
7.12905
457.245
374.912
6.62086
8.05298
7.4878
383.228
72.7366
127.735
46.0905
468.461
90.0546
177.743
483.266
186.094
338.012
469.517
7.40859
134.375
8.37424
443.894
108.911
403.171
97.3731
577.999
6.93491
479.901
6.96467
268.768
256.16
205.56
50.2104
227.249
211.376
17.8255
401.783
146.339
239.776
416.239
465.275
7.23272
35.0816
221.5
195.385
178.25
7.6774
386.961
348.833
109.356
6.37029
5.24904
5.85691
67.0472
111.792
202.04
313.897
9.42913
35.0435
551.546
474.718
274.952
250.27
7.14919
7.16675
5.32181
7.61737
163.598
440.426
389.48
315.317
7.11975
8.23249
158.074
416.787
6.26454
319.629
85.8842
6.9179
239.802
6.54192
5.81721
495.553
252.808
76.0295
7.51572
221.987
214.082
166.072
432.754
125.566
510.227
7.14942
101.824
5.82219
537.819
6.21635
453.181
467.962
141.826
496.021
263.348
4.57241
8.12381
420.731
179.235
140.693
193.844
67.5607
329.545
260.749
379.011
159.683
7.1936
158.523
163.766
198.471
81.9725
594.197
27.9855
8.13254
7.34059
371.091
20.614
452.61
405.498
7.13576
273.211
6.70604
112.915
7.00368
34.5776
384.35
431.228
364.668
382.578
10.8666
6.90999
6.7805
346.853
338.338
18.7552
7.34605
14.8145
85.5886
7.04882
483.181
8.26455
283.284
326.911
154.46
479.141
319.125
6.56347
10.0717
36.3396
6.57549
303.24
157.372
7.38826
6.64778
279.826
82.4032
6.86063
289.176
315.79
195.284
91.3792
247.877
6.595
6.98577
295.398
7.49752
7.25565
467.533
294.372
366.833
437.832
559.782
163.341
7.38221
6.06656
25.9075
7.05108
492.449
238.142
492.016
400.498
7.1257
146.357
490.911
235.895
4.88193
7.95309
368.087
165.208
217.786
524.278
6.164
6.67986
7.76792
117.693
12.2242
18.554
136.196
64.2636
283.372
406.28
215.686
79.4339
3.50152
392.654
139.297
4.57043
25.0184
128.126
113.309
68.9888
78.1831
377.017
22.5886
455.724
48.1191
305.167
364.141
383.756
319.967
74.4933
121.286
7.11918
4.60453
151.138
202.956
10.8165
7.79041
108.412
284.11
113.595
98.1242
7.48666
373.88
428.59
443.075
413.072
105.512
7.07677
2.3037
-4.9498
387.272
322.1
118.941
315.585
7.28957
7.16783
297.212
377.649
48.7893
97.2689
45.4934
247.091
24.3229
7.09143
273.734
295.373
10.9697
209.91
153.55
132.776
418.989
7.58939
301.664
222.163
431.627
336.979
248.516
197.487
5.33913
229.062
42.9216
466.738
9.22395
163.583
112.185
481.995
6.96551
6.77297
332.173
6.18517
7.82922
492.633
421.419
170.711
57.2497
149.653
6.88101
330.298
6.30704
161.384
11.6735
442.666
322.597
443.682
14.6479
271.44
152.112
416.203
245.157
6.86238
173.383
324.136
7.21263
336.88
7.3909
80.1622
7.00725
7.58714
109.267
476.81
7.08924
5.62098
8.06686
7.23745
7.06915
7.96285
349.592
150.878
68.6651
6.6577
39.8269
393.95
7.94176
279.958
8.06811
226.212
224.398
244.449
323.045
242.842
262.942
50.883
65.4684
64.6542
189.16
73.1926
382.799
562.03
187.284
20.3172
18.8402
5.9515
6.93383
7.47223
15.0317
239.212
106.2
110.856
7.39709
143.628
6.90545
329.538
265.417
7.23707
239.96
109.031
549.715
7.66986
90.1678
131.359
457.402
224.564
247.864
28.2616
201.262
116.687
2.72006
9.1513
7.64686
426.908
158.926
302.566
271.755
7.31423
360.904
30.6263
7.29185
147.948
578.497
6.90298
7.28719
7.22656
7.56839
100.945
433.721
8.78039
7.42028
333.829
332.1
204.928
7.22067
179.088
459.12
349.767
0.647014
329.847
7.14684
7.26426
7.21927
5.29854
7.88307
122.754
130.41
7.22923
7.9342
394.894
7.35796
187.725
182.931
117.675
6.97626
346.287
20.032
377.208
406.848
8.25149
7.53728
7.43472
52.623
6.96765
394.818
6.70945
76.2956
32.6751
98.9278
217.638
372.041
258.104
309.722
7.39341
317.302
424.297
6.72286
3.27486
152.776
15.7
261.668
7.08678
5.72981
6.65296
357.332
6.93666
448.682
271.947
115.181
7.32979
7.34645
36.9057
447.998
475.945
411.573
7.18699
7.73189
241.553
214.991
7.36759
299.304
240.062
147.493
8.16171
221.237
158.71
60.8717
404.253
7.34328
448.579
42.0273
291.64
7.02375
45.952
6.99034
417.122
546.667
13.1195
320.164
7.46889
332.747
7.44081
376.356
107.447
375.209
230.667
7.01549
318.149
151.001
335.038
185.586
6.28675
359.476
512.96
198.898
307.476
256.667
128.403
7.43268
5.48275
6.30853
437.884
188.086
4.93973
206.195
130.804
441.803
229.033
8.2279
7.47366
36.3592
7.37877
157.078
61.346
292.466
407.024
7.51424
7.14089
7.22794
229.286
66.1303
319.874
167.946
6.83142
282.925
145.215
77.8907
9.16341
40.9555
315.947
57.8233
7.0363
7.10826
255.399
355.654
29.8806
87.682
377.827
346.414
245.866
137.595
125.274
120.092
8.78981
7.02274
166.462
7.28071
181.107
68.3681
289.737
129.351
5.80923
356.346
382.758
447.365
113.608
212.01
382.752
7.61498
15.5147
7.86424
326.709
474.84
149.784
7.9707
332.46
414.478
457.132
467.633
104.598
182.499
350.751
13.292
171.65
257.107
428.667
72.3685
4.55076
6.57034
115.512
410.589
21.8919
271.512
404.617
406.707
28.7649
197.805
7.6793
362.68
204.783
51.7271
7.04687
13.0585
319.626
253.172
426.227
31.4015
7.37392
6.93838
427.177
7.00957
7.7061
7.06677
7.11967
465.568
271.745
277.832
360.089
7.3057
482.651
245.432
56.5686
251.661
289.641
323.823
7.35192
6.97608
358.659
315.609
388.167
0.105375
472.963
95.2457
7.05505
340.131
7.35516
13.6559
7.00866
7.34557
262.344
512.358
276.658
156.826
6.94971
8.28452
495.745
402.791
7.1801
86.6219
27.1493
323.873
11.0355
29.0802
520.423
12.0978
542.203
233.26
14.0117
355.022
176.046
14.0816
8.73992
281.127
207.188
29.1335
297.961
148.71
430.544
6.98913
12.9199
228.978
150.888
42.9636
135.87
386.741
359.609
519.492
7.23643
209.952
266.302
259.743
7.20158
6.77273
287.185
177.504
45.4835
181.085
7.07328
7.56691
55.4956
236.319
125.651
5.59991
447.676
1.75821
317.046
432.21
7.36448
7.04879
7.34446
7.30947
99.4392
8.22958
324.502
519.269
6.70755
55.0856
375.867
8.02294
77.0293
289.827
152.011
395.544
355.202
362.706
262.749
30.5322
297.916
327.515
101.055
185.85
205.601
469.408
7.14745
233.197
278.783
352.374
6.92122
104.03
54.7389
543.352
196.063
322.848
7.23111
6.90905
76.0945
7.43843
51.8698
7.00802
487.334
89.0975
314.049
24.5405
222.255
92.9319
476.642
134.845
6.46704
260.496
159.199
387.074
493.791
62.7931
78.5017
3.94616
316.292
483.332
161.749
1.93969
352.992
209.773
112.305
190.66
7.39874
114.044
132.41
249.979
378.732
494.484
219.193
34.0658
6.1935
6.9325
75.6626
480.851
7.24762
201.905
229.595
263.083
3.45451
206.169
249.458
63.4716
551.948
6.83118
122.768
343.294
81.7432
7.19297
527.15
85.3073
218.507
231.626
32.7228
407.357
94.8348
7.07253
7.81178
7.17024
381.799
18.256
337.766
452.795
435.01
300.577
242.269
7.71646
241.302
13.3806
356.798
161.742
237.023
7.06743
7.47696
311.616
229.837
7.36001
337.879
421.659
162.159
225.008
7.49785
255.208
0.428531
7.76707
113.967
407.627
10.2416
208.054
17.6902
7.40225
358.438
7.27395
208.314
69.0243
217.092
226.233
467.448
43.9604
7.70422
324.666
31.5949
8.14351
28.7883
48.5386
222.864
310.183
223.907
331.643
2.25239
7.07387
7.89661
248.335
20.5459
298.142
500.977
137.728
65.8005
271.005
162.439
160.271
563.494
233.911
63.6626
14.7623
334.054
181.388
104.816
167.624
42.9553
46.3587
469.522
64.6722
241.522
33.2716
331.321
224.791
7.10762
57.2367
290.896
95.6157
274.827
6.78537
315.456
50.8462
137.594
187.835
19.4347
6.71339
7.26913
7.25888
271.818
7.65793
7.90587
246.722
196.07
131.416
230.209
196.509
334.7
36.6453
9.04047
79.5491
545.3
6.96562
214.398
7.44239
257.914
7.23662
445.363
62.6888
7.01418
4.75175
7.22163
68.8933
82.1909
7.33582
6.69705
429.715
303.431
31.664
5.98418
70.8679
116.044
53.8989
7.14146
202.254
7.00095
271.091
5.98851
117.067
7.25245
192.665
7.56461
33.3747
388.654
372.551
6.55125
421.075
96.0552
7.95636
137.384
12.4646
85.4123
15.6024
6.3449
171.151
7.79907
553.157
136.935
388.81
7.94187
6.5681
219.669
301.645
6.93852
238.17
240.411
7.36541
6.01206
282.49
368.39
144.207
6.77163
7.81116
114.852
266.536
76.7754
270.908
79.99
228.277
464.19
5.87067
315.266
282.927
5.16284
177.797
7.42901
352.875
290.057
339.155
4.21112
38.7642
6.15799
133.213
236.108
147.526
6.91049
330.427
7.01462
380.908
7.03049
238.681
560.127
7.93684
7.01899
460.867
456.677
298.317
95.492
119.881
239.418
5.13795
93.9154
514.022
7.55851
37.9203
7.12837
6.68239
5.37248
7.23437
7.52142
6.83032
12.326
159.589
356.026
267.909
23.4157
150.068
318.325
-14.5297
303.013
39.9581
457.029
386.645
103.251
552.666
82.4001
361.683
137.747
7.23617
142.664
62.2121
43.8791
31.2304
7.34445
319.224
264.236
151.005
11.7087
365.582
6.58535
7.69808
189.359
472.585
7.21162
69.5972
7.92219
64.218
7.09305
89.3716
101.427
103.118
6.87276
277.762
359.649
21.1126
6.87031
6.422
241.055
359.811
290.366
382.406
295.896
5.17467
7.30033
101.209
8.28503
149.285
7.88217
177.468
226.738
262.327
105.893
7.44832
22.3031
167.338
347.695
301.514
297.426
116.907
231.886
510.387
196.326
8.81222
349.584
204.796
7.17691
304.835
10.9603
81.1942
240.242
129.671
150.133
7.77965
201.569
7.04188
49.0323
340.645
470.982
7.59553
382.402
7.45548
337.163
284.462
417.693
271.663
210.271
474.406
266.214
7.17111
7.01962
443.896
226.395
7.41171
17.4436
6.40504
251.069
37.2215
484.052
167.778
407.628
459.062
483.843
266.849
7.92348
297.588
422.952
7.75287
7.53176
105.659
505.646
461.741
227.12
9.184
127.908
349.515
80.1479
7.02016
184.821
48.7999
305.553
54.5141
108.931
21.1361
7.43866
162.299
114.663
426.499
360.469
124.075
6.91546
105.515
308.264
5.97421
279.031
113.356
276.945
84.9863
252.702
243.785
126.546
230.663
7.32747
172.362
579.503
249.989
7.98613
7.039
163.75
312.577
7.17309
8.08402
172.362
506.02
41.1273
120.748
369.398
8.99848
221.002
544.084
7.492
7.53541
81.5378
211.038
6.94747
354.976
310.993
296.047
304.501
12.1582
15.0724
7.38433
290.719
39.8175
179.04
229.13
6.18537
103.744
429.455
14.0551
7.04318
5.46195
171.032
496.766
7.10418
321.976
434.205
419.202
150.829
51.3081
249.28
518.393
236.76
116.958
9.93612
47.8688
7.23491
130.425
505.846
269.562
76.8838
6.95325
98.4012
7.05077
64.5802
214.353
62.6671
262.648
7.51797
58.3447
322.451
296.446
201.577
236.149
54.612
7.00175
136.383
6.97161
413.839
5.87917
90.9732
6.43586
6.88583
295.422
6.90885
8.73257
7.55829
86.0528
7.33012
428.539
338.043
109.675
268.798
7.18785
12.244
8.14851
95.5901
129.332
7.55828
167.405
7.47284
216.136
294.627
173.039
7.26959
396.088
7.46108
8.60279
6.50451
9.3198
203.796
349.928
16.8677
6.97214
16.7291
6.92814
459.748
455.327
265.708
6.72912
7.44449
277.465
6.40225
284.586
43.5449
66.5376
7.31047
219.293
7.39383
454.819
368.886
55.1738
412.56
90.3879
283.442
7.33988
7.14431
302.174
93.5967
357.862
15.0141
4.72387
344.989
183.783
7.08549
124.9
253.775
118.307
252.678
90.9358
530.22
244.043
143.942
33.8667
369.366
157.304
232.986
0.434382
4.59283
7.24503
394.327
234.585
169.347
144.3
419.072
311.152
222.331
65.2147
7.2213
172.946
324.958
7.12264
35.3154
195.166
46.2583
21.7719
7.96632
104.37
59.8988
349.666
8.01869
321.949
317.282
5.411
128.137
6.34169
6.9795
401.638
6.93195
321.185
65.8466
276.585
101.521
381.903
171.743
313.121
24.3676
330.023
12.3428
7.41131
317.044
447.708
213.405
429.259
108.232
6.99515
56.2308
86.4164
299.907
377.87
398.248
153.995
4.95336
177.98
384.795
181.753
204.186
309.356
206.681
382.233
374.931
7.51133
7.08443
7.30703
7.83949
458.131
149.265
355.834
496.492
174.367
172.855
40.013
7.28769
7.13178
375.342
7.51388
7.56323
78.0623
103.664
13.2491
37.813
535.52
41.7824
6.64914
279.156
328.16
279.442
430.95
451.01
7.19968
427.287
125.66
68.6412
6.71111
343.934
97.9724
165.011
221.177
7.19638
311.145
86.9767
235.201
160.581
187.941
449.932
26.4719
149.356
411.763
7.47351
246.109
213.186
88.8322
412.659
284.931
407.559
9.48804
8.19892
197.514
7.05693
160.789
7.38651
6.90445
237.933
142.617
320.229
8.37811
292.111
331.363
7.00801
14.4257
117.878
460.439
518.735
7.57228
7.37783
267.831
119.082
180.425
267.438
13.2586
308.036
222.175
368.286
237.907
160.783
406.365
345.638
410.496
7.86649
282.749
350.999
99.9234
222.403
116.125
5.61359
7.51601
316.493
157.095
9.00378
228.779
177.828
12.4397
140.518
64.7559
43.9878
105.794
173.352
5.11633
225.495
557.413
243.836
182.131
139.528
95.4761
7.40306
10.8524
206.94
42.1541
292.397
329.336
7.52546
166.452
346.837
7.62806
146.054
7.35965
7.64965
436.701
294.219
161.394
432.483
57.6634
7.20455
403.044
466.021
7.90836
104.936
6.83632
7.01137
7.58032
380.527
6.98163
185.999
118.551
256.38
95.2145
7.77043
8.30626
438.309
6.62577
7.71019
11.5841
6.99797
-0.569102
259.301
386.423
339.39
237.434
514.347
6.93632
190.282
7.51243
236.91
313.97
8.77328
7.18607
428.975
247.585
239.803
398.666
54.1523
422.513
476.25
7.37941
183.836
268.315
236.065
547.93
108.524
148.555
304.558
520.39
7.21685
527.565
464.156
6.62294
176.895
264.914
40.8504
348.381
6.43516
7.3709
7.22379
7.4533
7.15758
485.997
198.817
6.97266
16.1373
521.95
7.19642
380.148
331.377
7.36697
564.685
7.85256
314.97
280.541
17.2677
352.778
290.759
7.22611
6.34399
361.001
25.9397
351.078
6.84548
7.39716
7.34079
512.759
405.309
7.64299
5.53364
498.761
7.58474
7.07383
92.3032
6.96605
264.284
194.496
541.13
249.375
7.78505
6.5899
124.93
7.54317
71.7348
127.911
174.426
195.629
8.46102
8.70839
227.516
163.379
32.4112
324.129
8.72301
6.72164
6.95193
6.55689
428.969
337.316
472.705
184.163
211.721
128.425
7.78083
92.6581
7.76054
486.746
27.5588
7.68841
1.73304
6.87406
416.254
252.754
96.5351
50.4303
26.4997
7.23183
195.19
7.9819
7.62397
9.64217
331.441
40.4929
360.668
304.037
357.166
278.573
409.205
360.135
33.9751
69.7078
24.5465
7.65648
8.10208
247.512
8.21411
6.54771
8.27749
7.51753
6.72269
32.0751
450.441
293.447
145.43
564.567
7.16207
7.07008
173.878
7.38669
64.3965
83.1248
140.561
381.373
421.952
254.808
270.682
240.809
243.575
8.13352
239.929
521.714
368.344
135.51
132.215
15.2287
123.506
80.3498
100.577
6.97219
483.724
6.94637
6.73507
15.2067
7.09584
7.21657
422.583
8.72404
100.235
354.901
9.50751
213.603
294.237
220.149
187.404
87.8672
210.95
604.625
7.10181
454.232
263.794
395.675
330.961
6.92738
5.67657
437.576
325.578
97.3008
2.28181
308.456
497.481
372.231
303.453
7.92426
411.318
7.50164
102.635
14.8152
7.05738
231.219
492.98
42.1937
376.981
262.59
6.94395
83.391
134.971
7.5403
11.4723
100.057
403.475
421.909
411.938
76.0443
7.05124
33.4464
358.406
68.1374
127.251
7.11386
7.65331
82.4334
7.67017
317.538
22.4147
9.34276
468.314
206.165
244.011
7.36289
5.32488
7.54921
365.118
361.824
313.548
160.192
7.05685
402.296
7.38634
48.371
167.857
6.75188
51.476
443.091
7.06969
209.933
303.201
11.0431
6.03286
278.516
9.02821
121.272
225.012
7.08381
402.633
124.371
234.026
305.664
266.168
81.499
490.512
68.6754
348.411
7.66134
266.877
136
456.281
6.76118
7.49897
6.92292
120.194
254.756
320.393
163.297
139.99
328.052
446.675
271.78
320.47
7.55975
15.8906
16.1612
413.607
324.706
7.83391
7.48891
44.4119
306.1
293.32
268.392
214.874
357.687
89.4239
517.166
39.9475
250.154
10.1441
7.0782
114.52
302.296
2.61535
7.92415
238.071
6.99957
322.13
7.25602
7.08584
6.52395
359.098
437.523
79.3475
129.591
4.88227
147.832
291.236
6.88549
29.7448
57.0662
161.977
100.729
54.6317
7.16629
63.0768
36.7437
28.4934
103.338
7.06957
6.39186
248.05
98.1079
398.573
443.285
117.676
190.236
428.044
72.1486
7.60322
119.642
7.02903
41.7725
142.839
7.38354
442.098
227.361
7.02054
418.546
276.906
255.549
7.4285
486.256
284.779
232.5
63.6688
405.599
78.8765
268.155
84.416
287.254
136.056
178.618
172.405
5.32551
2.92207
6.23199
17.5759
507.327
415.748
135.4
158.036
3.22609
133.049
13.1052
6.92138
16.9975
3.32545
469.733
272.857
269.567
8.60557
315.39
6.5583
350.013
412.08
247.468
2.37377
260.136
384.704
96.5789
251.219
6.12009
81.3087
15.1753
7.34303
198.666
422.7
415.568
235.143
4.36784
7.52748
21.1821
570.207
8.7303
112.696
-5.10242
7.03092
7.40515
365.106
282.702
25.2081
365.235
196.341
6.85266
432.588
190.105
6.83761
281.188
58.6674
69.9803
278.929
7.25085
8.0929
10.7096
7.39666
127.765
7.11505
170.153
266.409
7.732
322.565
67.4936
7.4915
544.268
466.921
7.68092
268.196
326.446
7.23241
7.08922
559.226
75.5389
118.902
145.848
423.3
72.9158
331.694
468.997
133.045
319.063
506.129
463.348
7.55956
40.4561
7.7182
7.21529
156.129
163.433
353.214
400.946
6.99991
227.312
390.937
23.9508
351.468
17.184
117.157
7.53753
5.9813
339.366
375.231
7.80279
6.95809
391.095
5.74679
450.729
3.69245
533.395
102.819
234.09
332.649
7.23813
7.37112
66.2361
6.93385
6.6558
290.08
545.238
6.78287
147.395
12.6323
7.37344
7.94362
182.816
6.98057
381.857
22.8979
502.148
294.072
68.267
570.353
6.96613
44.1556
342.648
264.411
294.273
376.555
6.80464
162.718
6.13786
358.759
6.9427
530.588
356.302
30.4528
262.639
47.3641
404.614
304.369
7.11382
66.7857
206.097
361.789
89.9121
7.14752
208.704
209.724
9.59594
7.95409
387.416
412.942
6.76787
55.0204
215.992
188.661
200.271
234.082
248.245
6.17139
182.254
8.18599
7.16484
6.83203
6.15714
444.021
8.1775
104.287
228.003
154.727
63.1297
324.848
211.704
374.897
10.3497
165.766
136.955
7.29752
206.269
349.113
170.015
395.29
210.971
12.2988
391.212
42.1696
437.449
8.83307
6.90641
373.227
282.101
149.262
6.97619
148.893
222.718
301.775
7.3385
190.713
483.623
453.567
354.56
7.16439
6.0045
7.04087
7.71356
337.142
454.106
143.033
201.939
9.66094
212.417
386.486
226.101
255.292
6.82812
11.5535
216.999
172.51
7.01816
6.25685
223.412
560.398
7.23382
7.43086
142.313
264.379
314.924
176.449
7.51774
7.56711
331.575
76.8066
77.9524
308.481
217.723
472.534
7.03115
243.698
6.97687
7.3015
333.122
302.911
130.73
7.31335
247.536
63.4654
383.782
7.00448
348.733
470.26
188.524
7.22162
7.37864
94.0809
207.726
8.89954
463.625
56.4054
246.022
380.532
463.387
387.99
73.2576
218.545
91.6129
7.43833
360.412
8.42038
189.55
7.94488
313.927
82.2125
21.4047
5.59939
6.99758
90.1197
391.68
345.934
36.235
6.32139
7.26394
6.55568
444.325
255.964
7.50204
9.78889
308.893
7.21426
7.61276
6.83637
378.154
326.373
252.235
243.047
468.22
314.173
520.341
157.873
284.099
59.1503
7.62168
10.6511
385.861
187.397
309.759
7.30914
392.692
264.619
335.341
577.235
7.09009
6.51525
539.824
457.411
85.6571
480.407
264.493
26.3483
65.27
336.246
6.565
253.721
554.799
357.91
227.511
176.742
196.363
6.38717
293.669
144.984
246.129
311.35
8.32866
94.9843
306.264
6.2629
409.115
81.1897
84.3013
6.55216
131.883
436.389
7.13449
6.70005
207.385
377.97
548.56
7.20172
6.89081
204.334
7.6446
120.255
125.396
6.25083
413.099
411.062
7.10646
344.72
6.91393
7.0861
338.134
11.8101
7.31569
263.709
6.97953
456.941
7.44596
527.921
92.8351
516.777
5.18167
318.163
147.943
31.2543
138.017
7.41383
12.2259
54.8036
251.216
52.4333
199.467
273.066
430.838
67.9744
83.2358
306.413
13.0266
7.04629
230.916
447.617
30.822
322.734
143.39
411.982
146.816
7.10579
169.381
110.385
417.538
160.329
144.02
277.55
31.9177
146.851
13.9109
97.1812
158.538
431.139
279.566
249.681
8.81151
406.181
266.102
7.65153
301.344
205.375
224.695
7.14195
250.529
14.9932
21.4074
271.859
7.267
181.756
293.382
527.974
397.397
454.142
69.7418
215.878
7.04822
110.106
48.5474
5.50806
47.2136
586.94
7.83926
80.8457
392.265
7.03502
85.8043
355.509
7.564
466.128
7.10172
188.266
312.317
407.966
276.37
6.95933
290.38
6.42294
310.306
6.36374
192.405
392.16
7.88939
283.165
412.116
317.233
188.732
206.407
559.107
193.596
271.467
152.911
520.662
209.16
239.456
23.4087
33.2079
208.619
129.225
19.5891
275.564
463.065
101.342
410.484
444.677
8.02031
7.90046
8.13781
7.34202
236.476
7.33271
7.42422
108.99
128.544
69.757
82.3881
338.387
138.704
39.4675
112.949
276.391
467.008
-6.57688
7.46383
144.481
37.9732
6.55566
8.15749
8.70738
170.477
55.458
6.98934
220.057
293.379
6.96556
244.364
534.869
336.145
448.886
266.974
409.866
4.51182
341.451
356.141
451.561
8.36184
309.426
354.693
232.753
276.033
488.726
6.31871
178.293
7.7162
445.24
230.028
456.866
8.90644
144.966
69.6885
75.5397
10.5971
83.1353
232.005
93.859
57.4961
171.326
47.5411
419.908
169.113
333.854
396.301
302.664
7.45018
164.348
160.488
7.21187
450.471
183.676
4.63032
5.72586
200.124
229.503
7.38847
545.676
484.932
64.4245
385.709
87.7064
182.417
7.5031
7.50462
7.79795
71.5825
6.99417
7.37738
390.053
207.485
49.5003
333.149
5.47203
7.00744
6.41165
258.443
80.6368
397.743
6.79304
290.094
120.191
6.8843
65.7403
6.50406
254.461
361.192
7.31161
7.17061
407.576
371.714
8.53348
436.703
308.38
464.688
6.54955
263.11
94.3821
95.0932
50.173
49.197
222.554
78.9583
279.312
271.933
20.8723
46.383
83.1025
444.181
156.046
7.72347
538.946
373.064
454.612
61.6478
14.595
7.27404
120.005
31.0237
66.3485
284.445
12.031
413.933
400.254
179.291
67.9636
340.551
435.777
6.28495
160.905
312.661
233.896
345.336
6.58507
7.06165
223.606
386.495
399.817
7.21291
43.0885
260.971
176.695
184.104
122.925
308.362
389.19
7.13119
306.238
147.278
222.122
67.6722
7.72507
425.032
540.714
96.1686
9.67677
30.6902
188.661
262.83
7.45826
232.07
186.351
6.9965
184.979
365.608
5.6865
5.54908
497.459
42.5606
7.2943
503.687
88.102
179.747
398.109
252.725
13.4178
7.03242
474.784
7.37871
34.6699
432.448
566.069
52.8538
46.0931
23.6646
7.05192
113.415
435.795
7.6748
9.87421
83.7677
252.283
339.954
7.23373
228.975
8.17029
216.736
7.53105
19.0227
6.86956
244.09
336.249
324.979
25.0182
209.688
336.277
415.199
7.56361
334.893
7.20966
7.71143
7.77548
537.846
117.59
7.71146
6.8662
310.188
14.0965
7.25354
7.41793
80.444
6.29293
8.30022
171.235
346.425
6.17678
53.4291
125.744
185.941
292.004
190.225
7.26188
550.674
143.918
433.734
7.62482
167.206
340.272
6.96205
523.843
290.816
193.368
7.15332
7.27648
192.245
435.513
171.412
496.857
108.587
314.413
47.2327
6.03474
7.53305
291.291
200.03
74.2669
287.577
402.032
83.6951
45.6445
390.01
486.7
3.79906
197.796
99.0913
239.476
488.816
163.38
8.72367
10.1123
566.774
207.89
7.63225
106.402
317.908
128.346
43.1719
6.7469
7.90424
7.65104
6.14019
454.551
7.31947
39.5098
7.51781
357.677
89.9383
6.92743
240.627
281.18
109.975
6.92781
7.52424
7.22218
421.157
96.731
219.757
7.15942
197.844
348.762
514.599
7.3376
104.789
24.8481
6.5823
14.6854
500.496
400.117
8.44563
1.21434
240.058
6.72336
51.571
7.46636
50.7903
305.625
7.26006
471.648
177.653
5.72913
11.8985
112.624
320.929
286.532
445.113
268.569
53.5054
5.22349
144.683
340.643
170.203
95.4013
428.076
7.33453
60.9301
295.532
245.007
386.398
8.08016
184.38
391.2
109.599
272.737
91.02
306.036
120.047
319.945
355.967
460.359
224.535
6.42282
7.00794
3.82166
428.432
130.357
113.357
7.57955
7.36473
118.198
20.0167
52.8563
195.854
7.5797
322.607
269.563
160.487
312.733
325.908
159.321
270.253
401.56
7.05477
50.371
7.27677
6.08213
356.206
503.27
7.3658
454.674
6.68508
7.61593
320.039
219.812
438.986
403.004
7.38518
286.583
313.734
7.09656
249.617
464.614
142.612
185.883
141.198
18.3096
303.936
326.367
390.831
241.537
8.58706
290.999
300.063
133.442
246.573
39.9864
120.544
32.2244
249.697
322.63
486.65
3.32523
191.516
342.523
7.91017
9.11513
385.723
11.5324
7.43943
109.928
241.398
519.6
82.6331
6.9631
294.644
216.261
7.12631
217.255
458.764
7.18716
8.93469
7.90183
7.08315
5.77479
178.897
6.51651
371.187
11.7839
384.549
450.761
344.376
185.277
565.652
204.538
110.866
66.2222
209.757
7.10262
232.698
488.276
7.01105
441.624
83.5527
98.1096
22.8526
114.074
239.457
224.855
5.71589
50.3622
5.67966
510.539
180.263
202.357
488.929
45.117
122.286
7.56202
167.151
7.21038
7.1465
338.866
8.21161
202.243
6.76652
19.5067
277.113
7.23934
122.994
253.146
66.8052
3.77899
6.25652
69.8658
313.846
7.39604
7.20833
108.733
295.682
6.78526
20.7499
5.46451
208.031
33.2972
330.657
7.36036
6.93282
199.921
485.966
59.3753
509.242
8.1645
106.188
305.857
346.076
32.9637
30.9602
6.50451
334.614
111.726
25.4343
134.508
392.186
7.38269
8.12588
333.799
508.44
138.679
87.9018
93.2215
32.5157
53.2765
6.20624
206.7
85.2344
223.045
257.996
7.18746
7.05373
17.0205
7.06847
286.034
33.503
251.975
92.0174
232.8
6.90866
428.146
312.349
6.47189
7.22524
204.15
403.433
7.10481
8.03182
6.93038
69.1293
361.489
170.638
74.7786
263.571
434.049
7.48241
388.768
389.247
506.748
251.591
363.422
119.379
256.663
63.0232
84.0457
329.546
191.055
8.65938
431.194
7.05356
6.64601
361.957
29.4646
7.57196
9.49573
113.706
427.785
252.391
56.9838
266.144
305.222
155.008
211.053
241.259
7.12729
6.04424
273.836
364.948
7.23058
339.375
7.47699
33.9051
7.35455
551.023
414.877
36.8855
279.672
7.87553
440.532
64.7176
198.111
95.8397
397.323
156.74
7.63348
7.12012
7.19514
7.07843
336.597
215.357
21.1782
6.7121
116.482
7.32839
46.4752
6.20866
357.943
471.291
75.4774
3.15166
150.576
156.915
369.717
118.626
536.346
193.942
359.075
74.4975
157.227
31.6153
539.962
191.513
223.459
7.30254
256.826
180.619
299.653
270.817
6.97567
40.4448
164.966
6.73649
384.742
39.2709
6.4932
273.76
116.525
6.55368
161.478
238.026
517.442
7.78088
6.6916
138.886
352.594
104.78
423.335
6.41869
119.439
6.2006
232.209
123.515
9.71758
184.336
493.642
130.4
12.5865
371.911
203.146
256.909
231.82
51.4086
304.099
304.815
90.8326
74.3847
256.832
114.421
390.908
409.434
515.739
6.9447
350.596
10.9453
439.867
5.54146
128.175
98.4355
167.011
7.67663
7.70727
332.675
7.28748
7.00211
290.411
445.402
7.80599
126.78
216.675
413.447
349.586
513.845
111.783
6.9834
-10.561
113.911
150.916
7.98497
167.782
200.293
7.38984
173.886
7.57
-1.67529
266.988
171.497
308.657
380.74
211.23
10.3115
397.49
9.76938
153.093
129.565
130.583
103.68
163.525
408.278
174.407
7.85128
145.93
382.048
318.687
6.85024
7.5091
8.12958
10.5397
5.1704
199.689
7.39752
32.3651
169.02
164.199
391.273
1.73369
246.922
73.4763
6.96269
191.226
6.91152
164.827
32.4973
406.964
7.15129
201.975
7.81188
5.96484
49.2926
76.4597
7.08157
385.733
128.443
276.371
6.66955
294.762
191.007
260.48
465.655
7.11058
6.98872
176.347
320.125
134.692
389.778
309.31
374.931
7.92704
22.6342
260.921
7.21746
12.4357
246.867
95.9921
77.2253
11.9806
64.8344
59.861
257.244
7.56704
376.4
344.543
6.9477
311.781
48.6501
431.288
385.292
5.92618
340.763
172.785
7.73371
260.356
38.1816
213.959
7.07721
282.567
158.441
405.609
137.261
125.168
42.5396
367.982
414.37
141.829
198.785
229.174
46.3345
137.247
30.3336
5.71988
437.118
68.3691
528.84
82.3133
113.918
19.7904
58.468
437.708
7.19036
99.0945
128.538
254.393
247.517
138.894
345.926
100.075
17.4904
180.868
192.279
403.382
306.333
5.96861
7.4396
416.112
545.927
172.218
7.99723
281.633
268.576
53.7259
7.26446
14.7015
269.152
7.04894
6.04989
129.194
195.818
109.027
414.978
269.504
304.151
7.24659
9.12831
277.574
517.101
62.4926
213.31
532.553
307.436
494.016
78.9057
202.811
132.357
6.99862
263.405
215.685
6.83817
572.936
164.285
342.582
50.3254
204.871
140.888
402.119
293.187
10.7208
6.08371
341.524
236.268
162.623
325.56
6.92372
197.342
7.00509
134.223
200.175
6.49252
328.29
220.577
7.3902
362.118
6.94035
580.011
8.68506
180.173
7.31624
7.51098
6.53835
6.70487
256.105
318.86
22.4026
7.05718
422.282
7.88507
418.777
61.5705
31.7767
323.72
288.246
7.12658
331.005
381.951
35.3691
206.861
282.964
8.89132
153.648
161.588
139.668
245.881
187.38
7.50862
479.797
6.31326
205.477
539.581
357.922
180.731
116.619
276.094
501.418
370.325
309.912
81.7182
6.23219
265.191
237.501
325.846
6.68514
71.138
240.255
403.469
7.43113
254.935
317.483
197.57
6.84966
30.6491
7.1885
38.9621
124.547
21.0682
432.118
54.4502
174.295
439.059
6.68848
135.333
12.2409
138.218
7.03656
97.0479
296.518
497.125
498.927
207.634
7.39719
206.881
416.914
3.22614
6.70667
36.2467
7.25104
41.3871
7.72319
7.54157
260.752
180.557
60.0894
89.7845
495.966
32.8136
14.7042
7.11098
7.35481
185.071
7.03052
78.9752
63.69
284.677
7.49325
186.701
110.023
17.1716
7.28372
7.70065
8.0469
23.0314
7.59289
425.075
316.656
467.941
264.845
182.343
211.543
28.7061
130.063
7.92264
566.213
544.119
34.3945
299.418
110.373
36.6335
333.663
232.823
434.548
7.24731
54.0389
25.5897
57.1372
290.933
158.325
294.88
323.432
519.124
280.162
105.18
9.62394
20.9082
6.99984
453.95
291.587
327.928
143.109
7.26379
364.562
422.643
6.45977
169.79
7.24939
266.908
18.2407
142.747
129.034
317.749
213.251
338.817
157.541
7.5217
7.84324
279.967
36.6063
76.6716
53.3178
7.50851
7.5677
329.834
193.745
90.9434
6.01462
30.9956
204.406
2.55559
4.25908
375.436
4.92889
7.07534
255.179
223.054
115.221
329.66
164.307
4.48342
309.461
388.173
440.247
133.572
6.98147
7.14498
336.918
118.591
468.026
400.366
167.242
240.507
31.5304
309.714
6.13319
446.078
302.836
389.027
358.758
339.938
8.25131
24.1448
227.394
41.3919
182.586
6.87866
21.7164
206.89
38.5666
108.793
186.934
75.5104
6.85891
77.1821
457.604
8.37772
7.37933
476.171
155.163
236.709
425.074
232.577
306.42
443.583
409.106
7.41443
253.725
7.10871
35.2663
124.399
6.29842
173.674
492.935
6.44412
551.792
199.941
6.89177
4.57503
329.231
391.744
248.557
349.371
375.977
7.23821
7.05971
392.626
545.586
231.908
343.295
493.407
195.555
81.7233
64.372
21.2061
338.681
50.6262
278.431
224.46
320.404
128.555
6.96344
530.416
8.03382
7.01948
354.427
7.25295
16.1406
320.426
292.588
140.179
377.907
149.542
84.1471
7.26678
212.249
92.3247
373.736
154.94
6.98878
7.20252
7.35453
5.56089
7.43289
7.74394
296.39
276.78
7.31455
493.101
58.0307
7.25856
420.849
471.006
447.547
7.65046
7.36008
7.23017
130.031
183.635
72.5619
6.3961
373.382
7.52261
79.8301
108.64
469.554
314.963
7.36556
7.77039
167.15
7.52123
8.65946
293.199
15.6567
7.38352
183.918
3.39801
134.909
227.548
106.849
71.9548
427.272
225.405
250.197
137.34
178.401
6.44663
336.302
279.215
280.267
89.9737
6.9835
2.3563
6.95511
209.711
385.889
429.966
357.805
7.21464
322.128
291.337
306.501
290.275
221.131
141.159
78.5936
62.5677
6.94637
137.043
7.64319
337.748
6.9388
7.21033
7.45413
264.599
264.425
298.929
305.235
7.95699
6.67169
546.28
230.637
88.8441
6.40444
462.213
287.193
299.782
238.706
6.49518
132.506
33.5184
102.755
7.64104
381.613
6.86145
474.138
194.315
538.977
7.37384
463.341
7.31999
6.88712
7.46825
58.912
7.04328
450.185
296.834
370.89
6.52077
298.215
308.19
7.09058
7.02001
198.274
8.01539
348.81
6.90804
7.14778
234.827
322.554
139.025
7.62558
322.628
304.165
384.912
86.5567
339.195
19.1414
184.501
6.64158
54.726
91.9899
502.931
476.242
208.888
239.868
373.418
7.64939
140.702
11.0359
334.126
7.01612
203.161
6.89145
7.194
361.114
7.49358
0.856199
6.31019
136.705
125.638
477.839
164.199
267.066
249.105
5.46867
6.70534
415.615
48.9181
109.451
7.47172
301.971
386.083
7.06589
507.492
253.049
377.422
327.11
292.142
380.249
443.928
36.1
171.086
50.302
461.779
210.925
67.6679
240.13
7.22276
7.29208
139.274
6.89722
54.1496
386.624
59.4096
240.764
6.45984
7.59955
7.91768
7.15004
32.5325
287.431
51.7476
-1.07316
354.376
295.901
97.1348
288.371
6.87294
31.022
202.986
7.59152
7.56881
363.475
7.45952
352.254
527.446
181.932
368.652
319.602
224.897
327.709
252.282
306.873
478.003
253.482
7.98603
7.39851
176.407
90.095
6.54971
468.229
212.673
382.639
85.1872
6.92198
203.617
233.666
6.68079
33.1687
7.48994
471.183
478.639
306.201
223.603
281.449
320.178
7.21721
7.32036
210.605
275.399
194.434
6.99233
421.104
381.356
160.437
54.2499
90.1928
458.982
7.83887
471.281
159.061
4.39825
550.148
27.3132
7.43016
21.2901
7.44855
7.43732
333.1
421.086
484.059
412.75
7.06647
148.924
69.7838
41.0323
9.95665
154.49
175.757
100.88
7.20176
158.596
367.692
6.64377
289.669
154.322
6.1143
146.178
6.67343
6.88276
6.75115
23.436
75.6721
129.889
342.398
8.02649
366.791
181.69
344.213
188.678
7.43184
6.86266
22.8946
81.1656
8.25963
7.37405
322.305
6.50271
7.30121
147.077
8.65179
7.04482
377.145
78.122
291.503
223.155
162.122
390.519
122.109
216.785
312.594
4.7446
8.41521
233.213
7.47569
6.51236
110.394
46.328
98.279
232.021
232.225
312.622
96.9717
7.20919
222.478
7.93453
199.628
7.60626
291.249
7.55621
144.452
7.45346
71.8071
399.695
405.791
235.908
6.94781
297.348
6.93706
160.188
374.356
450.735
323.978
6.91634
376.715
109.924
6.91439
332.259
363.099
514.676
218.409
7.78106
533.225
358.198
466.571
48.548
142.177
255.369
218.884
348.982
7.41432
6.76042
103.204
7.26953
323.291
503.379
328.144
7.3966
134.253
7.01314
7.31335
152.273
199.31
451.689
191.097
83.6964
6.42706
81.0625
441.996
370.159
6.88993
465.292
139.955
342.33
442.896
246.854
7.63179
8.20561
1.64478
7.1823
6.64685
166.512
192.847
194.356
513.662
208.146
6.8414
392.329
220.421
6.97114
258.36
130.835
348.605
191.976
301.525
7.05022
6.53049
328.351
8.45198
7.07986
413.341
96.2784
115.931
111.042
40.3035
6.67291
399.802
222.528
7.21584
168.116
6.92726
380.873
240.16
422.57
7.30503
116.225
7.577
9.83692
230.576
456.557
353.352
7.09308
436.126
102.791
217.45
52.7376
7.2093
6.37063
370.581
275.508
305.589
253.946
24.1455
192.802
463.115
7.6747
367.396
372.911
7.21655
343.349
118.465
9.80105
265.191
503.908
10.1664
7.58438
7.39402
80.2049
433.038
555.001
297.525
7.18252
5.97009
208.747
303.164
7.04917
416.311
140.83
396.336
252.121
7.06984
115.384
7.34686
290.004
141.894
496.268
6.63784
7.16147
258.141
151.432
88.1602
206.776
138.468
487.007
467.61
304.069
293.056
7.05581
572.668
6.4822
124.134
7.43563
43.2326
160.19
145.516
309.181
6.44079
62.3116
8.32504
6.21997
504.218
87.8264
21.4391
335.182
336.498
333.027
7.01662
67.1955
6.50342
252.459
54.3424
1.50958
148.716
176.298
164.061
105.21
210.304
7.1713
7.10744
7.34439
271.283
16.0495
385.278
7.8376
559.592
7.63492
7.57112
5.76934
169.829
108.176
7.10356
28.9828
265.538
368.185
11.5887
312.758
307.817
261.2
127.3
183.258
17.1194
442.512
263.97
484.142
84.6947
168.074
7.33591
319.437
78.9362
272.529
44.2117
391.708
307.03
191.474
521.508
6.91077
418.176
193.981
19.2852
323.846
7.06338
275.913
50.7814
7.12999
6.33025
396.635
170.514
75.8782
6.52085
25.1556
7.36014
240.8
485.576
6.54153
76.22
107.725
7.19764
227.079
306.965
331.522
371.939
478.478
542.591
153.401
210.061
344.258
450.038
101.679
7.18367
5.64493
6.89074
12.7937
513.297
203.561
269.89
210.364
5.96818
67.6871
252.454
166.025
187.302
82.3531
502.304
329.389
140.601
46.8787
27.8345
275.337
6.89711
7.35452
142.512
54.9202
417.377
79.3269
259.752
3.80893
121.565
8.10151
213.634
306.39
45.3222
6.20648
453.526
7.09872
144.204
160.973
6.39653
8.22617
186.101
6.95405
459.783
144.321
246.354
430.479
463.021
200.729
61.3538
327.58
6.2453
40.7932
391.451
206.294
7.36709
6.84878
408.282
264.546
10.8265
8.18544
63.6123
385.29
82.3988
357.996
7.87813
7.49422
211.857
184.471
79.9014
103.2
32.7882
247.443
190.522
7.26736
5.904
153.444
7.31152
108.47
325.808
6.66373
468.505
8.08639
340.032
131.111
268.414
86.9342
7.29149
22.6927
358.922
251.378
166.439
387.304
276.581
502.161
6.8776
7.10301
146.038
112.969
107.649
346.462
135.895
387.977
7.01378
433.366
413.156
419.516
6.33365
6.25587
195.127
7.03511
489.932
212.25
5.57637
7.37341
7.85984
221.9
519.567
259.745
6.75632
268.609
248.807
5.98384
516.572
7.392
102.131
23.6196
108.02
5.1432
6.97141
376.766
426.177
65.6478
7.61901
474.169
326.947
374.821
582.026
315.411
5.88411
283.723
9.59331
230.705
362.62
107.365
6.3855
7.14113
7.23018
61.5599
6.93401
4.62504
56.6862
49.9328
136.087
360.445
55.7751
10.8405
148.066
543.55
89.415
180.518
413.992
205.661
363.779
341.371
255.851
12.7184
138.154
389.253
6.88922
257.964
494.423
313.327
98.79
77.6225
444.77
520.382
7.48218
191.412
393.766
77.1787
64.5253
398.579
237.281
324.535
164.666
159.529
8.37296
328.874
447.079
178.774
7.56792
226.396
59.5916
7.81251
356.482
7.2933
484.823
338.264
283.434
367.545
126.922
6.83124
142.584
7.38283
205.109
80.8242
13.28
38.2532
201.859
476.33
117.539
506.526
479.185
415.62
452.768
6.9457
322.456
364.455
7.31932
271.883
80.8249
7.25568
186.315
499.788
464.442
298.182
255.596
7.49832
251.419
21.3315
57.8347
269.912
522.814
7.51218
223.395
107.499
404.232
259.192
408.164
6.1266
499.086
31.7612
223.933
37.6734
546.916
6.66054
151.479
7.00432
9.09879
26.0424
326.311
24.3521
273.768
345.566
7.41837
7.37165
7.52344
436.124
511.324
177.561
205.371
385.198
24.3449
460.364
7.18678
6.99536
422.999
25.2206
182.347
417.258
168.158
7.32329
7.10339
62.0276
82.1993
476.805
6.743
329.521
7.29614
232.093
7.34608
536.162
7.16605
7.04506
52.3727
9.12339
323.958
261.738
7.11455
342.299
347.056
303.743
152.422
269.827
130.526
6.98876
334.795
7.53442
363.862
22.6354
73.9515
401.845
494.594
122.443
349.353
6.73802
191.633
337.8
175.432
7.27835
99.1171
432.803
427.347
261.72
7.24963
440.293
268.906
335.858
251.127
257.867
212.481
338.003
19.9698
211.847
287.363
384.402
7.53127
14.28
85.9787
7.18013
264.917
213.412
325.547
455.63
156.429
177.458
200.113
7.06015
29.4929
148.369
542.939
343.413
6.55831
44.4407
176.082
18.7448
20.1401
255.595
211.842
6.67948
497.492
344.604
384.191
274.137
5.64041
141.27
7.27915
118.925
448.136
50.5286
69.6865
275.633
501.865
383.211
6.6933
342.158
214.288
261.274
77.3673
207.822
45.4981
307.572
8.53541
352.245
7.88238
510.531
560.491
136.136
7.2256
359.322
15.6426
80.5484
294.288
7.95404
6.95269
406.029
135.36
413.145
434.311
6.46474
130.939
332.76
53.5485
84.4467
473.196
153.454
476.851
226.845
7.85296
7.32438
106.6
169.915
554.925
209.026
337.426
241.174
330.465
433.891
155.953
132.296
209.253
133.887
7.40954
288.964
171.452
236.5
218.272
15.6272
19.9278
387.714
94.4381
25.5359
515.051
504.543
359.781
6.72423
7.5149
-3.3053
374.429
32.3136
302.898
347.241
474.68
250.44
7.27855
197.074
416.171
170.468
212.95
278.443
121.155
6.9265
160.38
123.358
8.62812
318.801
7.27564
285.541
438.207
121.567
145.682
7.91211
78.6071
237.903
7.8368
414.434
201.14
183.675
205.239
8.35101
49.5881
465.398
281.577
141.569
46.4406
6.75428
452.901
490.356
7.4476
465.511
406.523
7.02029
223.577
7.14773
225.367
8.06225
3.93598
4.71812
356.352
7.2929
232.814
7.38761
7.17765
7.23262
525.735
79.8863
280.44
300.77
80.7363
461.824
8.09095
167.89
243.212
113.031
7.06162
41.4933
440.615
7.41904
79.2558
7.58621
35.2688
329.374
95.8825
17.8892
326.811
412.446
47.9185
228.518
400.274
246.474
379.939
173.094
304.181
15.4063
6.27418
7.34587
166.026
7.4291
85.9806
7.25378
418.164
83.8644
30.5051
4.55586
6.97518
6.80092
321.162
196.351
7.19877
241.281
276.065
5.48186
6.70541
215.472
241.121
399.324
281.023
174.23
112.531
536.824
7.10356
179.477
307.315
459.016
14.8809
440.836
13.915
234.658
40.8228
91.1573
367.089
175.062
326.31
241.326
189.465
7.06695
116.609
48.3054
367.713
476.886
9.00651
516.002
445.006
6.32172
7.73738
243.129
7.78903
262.461
90.3862
511.49
52.6278
412.818
402.209
8.18455
474.231
199.377
391.417
7.00718
493.034
163.358
6.88137
7.82666
352.802
298.321
7.62764
474.113
109.757
95.4759
77.6506
101.502
167.756
200.1
93.5754
24.5651
172.552
425.604
451.22
294.602
322.241
264.376
7.38905
280.339
86.5763
222.268
186.641
7.37914
7.92953
53.6153
309.709
465.993
56.6689
8.73444
424.288
154.412
7.51685
491.254
468.234
7.17205
7.55157
336.276
55.7163
7.23828
23.7793
6.84799
320.217
167.21
309.752
271.455
272.883
20.6355
140.56
156.271
80.8854
436.048
124.082
6.45296
39.1523
6.96868
170.906
285.642
282.162
164.676
7.08416
7.8314
83.2323
151.638
426.505
30.466
561.927
171.699
16.9316
109.36
6.7897
334.934
9.20262
4.95638
7.09621
6.56282
6.76483
7.6308
7.33503
169.799
248.663
452.899
91.716
7.1446
242.295
143.328
262.721
354.928
293.101
7.49828
219.008
362.631
76.3157
25.9925
39.5561
7.1934
88.1214
203.062
505.458
507.976
332.173
374.612
34.5939
74.1718
303.221
272.553
5.16262
7.10825
364.791
190.574
13.2656
7.27844
19.3445
7.81244
361.765
217.393
421.555
40.3659
17.5701
123.178
7.04026
282.231
355.92
213.391
241.117
135.934
95.2347
126.333
399.135
489.539
7.38146
17.3663
280.31
146.338
7.18474
305.626
41.8792
5.79463
421.537
506.377
406.573
7.68546
271.286
7.19296
187.144
214.682
7.14199
290.763
369.323
7.52124
63.9073
94.2593
19.2223
39.9309
182.067
219.544
141.605
7.82986
181.41
299.386
150.251
7.59556
6.82944
7.42822
456.045
7.36692
4.90442
6.66531
338.804
523.118
400.866
105.735
239.214
193.353
341.656
198.583
146.316
12.8244
307.172
6.94438
115.727
7.67676
531.242
230.471
422.054
338.18
94.9719
386.316
480.033
452.168
6.48487
300.109
7.12389
22.6591
13.2796
224.714
297.262
6.77151
43.876
220.502
388.018
428.34
7.38305
395.678
423.127
6.84725
86.9064
137.877
6.57388
491.173
74.0789
166.891
344.625
80.9788
370.123
409.528
492.216
128.089
7.39433
7.03867
7.4132
61.8405
114.595
158.733
7.44379
247.963
7.62479
6.54787
78.9856
172.321
7.21097
21.574
229.33
254.032
141.719
438.45
7.27064
64.1474
156.161
7.11052
117.095
258.225
310.162
121.994
7.05203
212.147
380.398
5.54144
119.921
5.90103
117.016
71.55
6.04633
112.32
251.958
284.385
7.48126
6.17283
8.10268
323.779
8.06117
100.059
151.361
6.74212
7.01609
479.848
305.047
187.51
312.682
367.802
6.56847
199.825
378.872
470.556
485.895
22.0691
245.134
212.871
129.199
7.80242
93.0644
387.076
75.9789
117.85
10.8453
471.073
40.4418
420.528
46.8046
179.992
69.7476
7.41045
470.378
172.658
393.338
556.901
6.21389
37.8426
412.589
407.12
42.6978
134.992
385.74
443.801
588.658
290.569
209.548
7.08736
471.93
138.676
161.463
183.387
7.43602
226.713
235.512
73.6482
7.26294
415.869
483.128
13.3453
7.11218
507.901
233.979
206.476
7.95891
7.08791
246.525
151.86
78.2125
280.655
204.917
127.291
145.218
127.115
6.48835
464.607
414.289
7.06546
7.74741
404.177
182.87
146.823
86.8803
6.2811
95.1428
303.127
561.122
7.2954
435.33
492.9
34.5707
138.025
56.1487
7.41053
7.51851
174.863
306.694
481.56
19.4245
8.86016
442.226
283.414
263.595
6.75149
7.41037
438.64
108.021
264.094
22.9996
495.409
268.329
74.3714
7.32558
6.57579
6.59445
7.20648
465.999
7.78041
139.637
6.72568
401.449
6.34623
65.2894
7.25933
6.86336
82.0036
374.619
102.289
6.93704
420.855
167.942
75.0583
6.99789
52.0872
7.55947
86.1807
205.12
6.64778
148.086
204.77
261.723
325.432
532.935
263.365
49.598
4.56819
6.76667
387.862
7.17509
58.3844
61.2212
271.03
263.766
174.696
7.1055
94.213
434.272
60.8715
360.82
303.074
122.978
6.45232
7.58855
6.10035
5.94532
279.789
114.814
256.74
335.132
210.225
6.82514
456.585
119.832
7.66126
428.952
8.68365
339.942
212.921
13.0556
2.87215
175.614
261.484
257.902
6.67098
55.2824
568.595
47.5581
444.546
11.9197
58.4508
15.727
262.403
8.0303
5.40251
35.9181
70.4925
7.22505
321.647
374.511
347.392
152.725
343.644
537.572
37.7632
477.743
485.776
41.8755
350.242
6.94298
7.5149
276.953
154.132
128.818
8.83189
320.439
383.401
7.43188
7.40975
233.114
7.10757
7.03316
30.7019
6.40688
8.90771
264.31
240.949
210.052
295.029
12.3081
175.596
212.531
7.02795
171.446
352.214
7.24285
420.375
7.03346
228.174
15.1564
5.12564
7.92408
437.545
7.54517
121.09
7.30349
7.47063
7.037
294.006
298.258
121.459
85.8755
364.68
277.767
396.913
56.1444
481.422
429.077
287.016
9.53939
364.617
118.078
141.89
6.97138
57.7776
7.11802
358.094
470.802
117.491
333.385
172.944
161.388
270.17
305.169
523.857
72.4687
7.96028
193.085
103.129
524.225
55.2924
6.80606
511.636
7.11491
7.24848
6.64139
7.13089
4.23676
190.705
521.252
7.23621
240.968
381.769
216.447
7.44356
7.21075
6.37423
506.898
415.357
7.2034
6.87392
47.5286
54.7256
7.78973
62.038
254.487
7.29266
7.35826
120.092
7.23319
5.79196
252.551
166.311
435.913
466.061
157.104
400.678
280.522
347.278
7.06361
7.22535
6.97397
366.386
188.116
71.4068
193.02
6.9266
7.19247
436.884
50.6686
116.267
113.342
65.3286
495.448
159.404
6.17147
7.38183
7.44478
421.534
235.154
143.634
439.196
498.927
408.657
269.021
147.549
7.12521
412.783
33.7075
46.7877
330.64
261.31
336.865
225.73
9.68265
129.467
89.5478
6.80694
5.9032
225.049
7.18128
329.361
368.822
7.53738
123.738
140.538
8.16456
7.11084
63.6613
283.939
431.591
132.702
122.367
7.06993
171.487
6.54408
211.788
218.793
75.9658
232.732
444.693
7.19885
414.29
94.9923
17.1372
411.758
536.699
212.511
6.7798
319.77
330.975
317.388
239.094
403.233
75.7303
159.265
162.689
152.906
373.217
100.214
7.94257
14.3591
174.765
4.31763
5.0397
313.833
352.405
140.758
17.5978
281.782
280.858
8.77757
453.235
168.202
399.48
362.948
20.1519
85.6404
62.8938
503.876
3.79225
165.819
7.24295
192.218
224.27
313.439
7.67388
319.025
284.638
109.854
405.539
28.5268
223.242
240.005
391.731
7.88538
448.928
8.0865
7.16705
7.14771
275.482
7.78775
420.365
471.732
7.36553
8.3126
6.24769
265.992
14.2944
6.34046
56.1869
535.935
6.98157
7.18227
251.152
357.99
508.951
169.135
304.99
6.53905
209.317
6.28904
180.225
286.02
114.893
117.677
356.11
7.46459
7.56238
6.77696
7.82312
341.424
494.226
270.539
378.235
109.786
292.247
6.04862
6.7915
444.579
196.503
341.935
93.3231
348.995
179.774
7.12635
7.17004
228.138
431.873
498.173
267.037
545.605
272.003
7.35949
5.61537
523.936
100.608
226.493
180.503
246.411
165.384
10.5062
6.63166
12.1552
4.40432
7.40075
258.721
204.564
297.135
251.214
5.91391
346.784
476.16
43.1807
503.628
326.868
65.2067
11.4078
7.14762
8.1935
7.32036
123.181
55.4549
31.6287
321.445
10.6069
380.076
277.05
361.82
259.766
240.432
7.36884
470.591
235.442
256.214
502.48
81.8231
22.8905
253.389
183.101
415.977
89.7931
228.497
233.63
369.701
71.8805
232.014
197.347
446.921
91.8536
136.212
6.63563
130.582
7.14341
6.92963
114.084
7.65166
308.121
427.043
7.11551
142.348
337.029
268.389
7.76987
13.5392
6.97389
250.263
421.706
373.907
47.8451
590.677
257.439
388.946
13.6833
404.769
331.138
8.06928
137.432
463.141
439.014
467.401
6.85665
94.3942
65.8192
523.568
7.69457
165.437
190.561
64.2971
228.582
196.185
139.972
421.103
7.02615
544.281
256.199
416.027
473.345
93.6675
173.828
475.869
437.799
199.197
115.551
121.642
8.14735
7.97424
298.979
432.214
212.512
47.4686
367.692
157.165
425.148
488.795
351.426
208.086
244.605
233.33
7.2046
467.941
126.941
5.94094
184.109
59.8348
7.33388
165.768
17.5357
272.892
17.7429
7.18832
7.45332
83.2739
178.973
265.892
8.43275
7.72613
7.09046
10.4207
47.8269
483.264
175.238
382.189
7.01693
361.054
416.249
368.951
310.127
173.885
130.213
478.472
5.34106
85.7411
416.527
292.78
34.9624
149.679
107.615
103.276
508.239
7.71687
6.7563
375.625
7.12103
482.331
532.568
7.36343
283.295
332.443
72.6256
180.343
6.86848
6.35104
75.4438
446.406
7.24356
136.622
7.49229
241.742
469.536
5.31999
281.944
498.474
320.847
7.40205
495.149
6.80249
6.34839
373.289
289.741
7.37301
7.05406
17.7927
280.07
179.975
7.25845
7.26612
7.50808
7.27611
65.3828
6.90558
6.54655
7.27952
89.2745
55.2659
198.389
413.067
336.186
7.15528
7.05525
339.016
109.213
444.922
7.06658
126.015
7.05125
6.64272
7.85148
7.56676
7.96253
42.1305
-5.05626
93.0654
7.10679
273.647
5.62354
288.419
155.373
368.089
11.8471
295.854
395.091
235.564
439.935
124.78
98.9216
9.75426
7.81079
138.089
293.795
11.1162
148.143
553.574
72.3735
5.75227
87.4439
474.046
7.32933
305.185
325.967
43.2115
126.61
7.5569
211.755
111.247
342.509
274.205
113.071
20.1376
357.018
403.341
481.597
6.66977
82.7453
280.433
7.91165
31.5259
5.77023
15.5351
7.91816
246.977
536.631
238.116
6.56954
17.6221
7.47661
365.365
95.5912
64.5341
62.2411
6.28687
7.02928
137.938
332.266
42.6572
357.827
244.48
355.159
7.99367
410.204
239.417
7.04368
478.863
573.954
297.967
118.242
6.75805
404.802
7.10387
277.162
356.741
422.332
172.783
386.252
29.3024
7.18058
9.59821
6.71961
475.085
95.4129
39.1105
242.046
12.1654
7.70655
7.60163
407.095
495.886
286.313
7.0226
151.128
238.842
138.457
6.94558
263.003
230.853
298.035
353.404
7.87428
368.915
9.29871
7.03786
249.111
418.476
84.8044
144.516
7.22644
236.018
437.703
533.602
127.787
429.447
175.072
312.589
450.241
358.972
274.631
493.371
47.8391
296.456
206.054
7.05578
7.40841
6.9748
95.6645
31.6181
7.82586
235.677
17.9749
20.1867
178.362
195.755
113.197
65.7343
299.333
7.45402
7.12331
7.08736
267.791
6.81767
503.483
146.012
6.99515
71.3824
132.603
317.524
200.223
367.349
129.269
27.8208
7.40142
6.86067
268.95
232.21
6.52283
5.46541
5.23698
19.6855
65.2249
495.939
7.58271
228.48
7.07861
158.509
283.032
7.26932
200.13
168.193
543.641
34.411
379.955
168.629
338.907
18.0437
7.34746
18.6216
7.76855
227.16
7.45053
6.98753
7.34454
410.13
7.46502
547.053
7.20911
109.296
6.01628
414.109
122.971
5.69392
248.587
103.195
117.947
7.42781
6.88548
152.118
290.246
153.148
7.49128
6.77305
6.58712
171.567
373.168
56.6687
286.649
146.673
328.453
231.564
7.08858
398.538
283.024
509.715
413.684
421.11
108.731
193.415
63.5515
5.64993
77.446
75.346
471.641
128.354
54.9664
440.587
7.38922
7.1591
141.869
289.025
244.529
486.084
361.003
105.476
441.696
116.055
121.129
230.914
246.858
390.232
106.273
305.036
7.16769
6.95264
450.21
373.7
218.705
24.3997
30.3962
99.4402
321.445
379.989
202.801
7.37188
506.154
389.16
180.204
177.635
154.969
8.08827
489.252
56.8111
6.78102
82.1574
108.419
183.407
100.12
7.00056
367.322
166.053
372.669
458.702
301.026
7.1417
89.5596
324.047
124.988
7.59
7.91296
96.4604
205.376
6.14757
7.00366
7.18878
81.1454
6.7934
161.751
88.7967
298.398
86.6172
52.3284
7.05382
357.413
7.14302
7.58278
484.966
86.7974
61.3659
185.259
157.011
228.715
7.20883
177.674
488.204
194.767
94.7225
247.412
7.41542
163.154
81.8775
382.237
45.9567
88.2138
274.412
296.527
33.7937
321.051
329.314
435.662
434.868
246.796
16.6202
243.786
325.312
3.30347
18.1676
7.56808
32.8903
493.082
6.90871
7.11401
359.909
227.81
6.99739
485.075
305.69
114.484
188.653
143.316
139.308
280.272
6.91271
380.821
122.937
11.9189
235.02
240.693
112.327
178.695
159.672
206.817
32.1011
22.1071
402.381
7.18679
479.908
291.677
6.99692
245.563
457.958
7.30223
3.97083
530.96
6.8925
415.74
320.668
13.1809
6.54089
390.238
7.15797
438.717
490.501
154.317
6.53265
338.459
7.46661
173.154
88.9588
173.605
121.478
189.832
6.28982
300.173
6.94454
26.4323
6.89665
75.0778
91.775
7.38401
7.47418
152.147
435.369
408.205
346.714
227.767
7.77907
260.59
384.881
386.522
7.4442
23.4595
14.1722
8.06027
7.01262
95.5649
144.497
173.814
272.983
293.493
244.461
7.12858
12.0039
426.306
395.113
317.479
6.68266
59.3439
348.639
242.785
7.25479
17.9577
101.217
64.041
7.41356
7.47605
7.27532
332.792
116.912
203.53
486.657
5.00096
7.14723
277.043
298.871
5.94295
6.07144
7.19913
250.488
135.36
307.047
153.715
326.314
313.931
347.414
218.822
10.2959
190.35
247.422
88.9386
142.56
186.027
6.48032
39.372
102.782
7.16457
370.043
7.32169
74.0872
187.012
59.7843
7.03796
223.286
7.02801
442.268
4.93051
7.18901
7.45579
-11.0646
463.838
7.50294
172.857
8.28876
7.36095
259.828
7.17792
7.86171
6.96878
97.3001
282.048
7.22419
6.72953
322.66
11.1334
229.236
53.9854
77.3823
7.66117
6.4524
228.933
344.464
193.24
267.675
7.05941
117.625
7.34547
647.657
309.849
119.231
232.633
5.99348
7.52127
223.484
196.833
43.1154
10.439
471.301
7.36103
463.666
391.015
575.335
328.444
36.7254
6.45501
386.026
6.41263
440.37
45.2377
176.529
98.186
430.233
6.92338
512.732
108.964
8.19626
423.821
479.443
226.38
267.756
192.368
245.932
300.972
468.536
42.0737
385.179
7.5154
321.959
354.332
224.107
22.0474
251.475
204.8
104.998
9.12197
25.3721
254.667
100.742
398.15
205.391
6.51369
6.06828
6.66451
7.69035
57.2428
337.257
554.443
7.91094
95.4246
158.097
416.56
86.7275
6.59985
253.463
7.28288
476.915
299.215
8.15925
232.232
246.879
6.73916
5.14078
510.39
102.319
264.828
7.27717
6.80434
6.28606
306.644
7.53654
5.71978
363.384
267.311
423.62
533.384
435.317
277.714
507.65
7.26764
450.015
268.785
6.99894
239.035
5.62013
437.763
347.432
6.6724
88.537
209.867
7.09062
6.91408
307.85
8.39829
6.84463
54.9243
133.344
6.84302
241.992
6.45049
469.313
319.253
421.302
316.592
6.78593
7.9479
262.29
7.51313
7.86142
476.759
168.521
541.725
7.29796
8.85152
251.037
268.334
41.0512
47.5212
181.994
6.88098
474.368
25.6759
399.329
232.639
217.744
177.347
7.47876
348.998
6.25238
197.789
90.6204
210.282
7.49379
427.49
434.283
54.8271
336.234
7.10282
254.432
26.5118
512.611
250.93
372.885
189.482
419.171
17.9543
8.6592
9.4984
155.881
211.234
168.594
13.7831
177.807
165.604
350.901
482.389
7.86295
44.8422
111.774
328.393
412.609
340.004
412.242
370.922
455.012
166.662
7.31608
148.803
7.47295
19.6556
405.955
179.05
7.34287
41.7344
365.076
177.078
92.4162
183.99
159.707
551.031
196.917
7.14348
424.655
230.891
287.857
386.696
39.4567
7.39911
446.141
204.388
43.0484
167.799
438.956
10.3226
7.3919
346.687
7.34839
394.14
46.1631
7.17737
262.946
16.3233
124.943
7.06101
399.408
7.93096
190.572
158.386
261.056
7.65064
97.5332
6.59118
312.775
425.901
7.29017
312.585
8.14786
41.585
29.5892
7.29067
26.6603
83.6148
123.84
221.896
366.168
281.81
7.37905
32.6098
8.82243
22.7589
302.102
27.6364
176.95
238.636
453.764
293.5
7.2948
112.569
68.2671
7.60016
6.44413
575.301
7.37336
131.347
7.0054
308.781
6.97446
312.67
199.216
246.882
218.5
340.424
440.123
428.134
7.27379
7.49439
456.31
153.213
453.708
283.384
178.281
456.258
7.1076
246.49
80.6703
7.0715
7.07115
403.806
97.2586
7.1302
7.24508
269.357
48.6003
76.1238
394.756
117.952
338.319
271.914
563.941
424.242
7.37232
6.3273
407.337
7.15601
88.1831
56.9168
14.5636
276.462
6.92457
11.7715
7.09038
7.40078
7.4125
159.705
485.672
170.974
8.54254
40.0577
7.22742
39.252
77.4337
198.257
179.442
402.193
7.21221
101.824
96.8562
7.52766
188.181
448.088
10.8752
137.068
6.60913
8.41535
6.4055
319.766
374.95
390.496
10.9142
6.18172
306.68
234.527
38.361
46.5378
187.026
-24.1453
24.5344
327.233
7.33696
412.719
214.619
387.943
470.888
183.956
447.184
151.693
89.5398
6.8906
350.338
194.17
287.991
72.8263
161.753
264.077
171.587
538.508
104.804
5.96444
261.866
6.98829
117.892
261.959
232.4
360.809
7.2351
273.116
6.94489
379.494
408.619
403.923
18.9838
311.682
493.137
473.864
6.84202
164.411
188.858
9.31844
7.42128
89.5525
387.719
227.102
62.3072
444.381
207.174
231.339
205.906
7.61578
211.622
121.111
86.5731
466.133
86.5875
7.1452
231.621
7.75285
349.941
363.435
17.4376
209.766
294.453
316.002
91.7927
293.074
57.1468
7.34584
92.0283
186.926
245.987
380.345
9.26234
342.323
6.06707
358.936
399.679
99.5209
213.87
285.822
193.87
550.025
475.252
7.18168
13.4902
269.123
151.087
60.0225
282.746
85.926
131.301
286.969
119.638
7.1536
270.524
508.994
7.14663
144.432
392.341
133.229
26.1382
385.427
260.743
583.242
8.12575
94.156
171.199
332.846
7.71851
7.00934
64.3724
7.21988
7.58268
218.615
109.426
136.257
322.97
6.38218
129.096
222.201
6.89378
343.64
7.78966
273.306
331.878
185.427
307.42
497.674
514.297
456.407
504.789
265.071
298.888
150.461
7.80903
7.38427
64.2512
164.95
407.658
543.411
116.374
262.591
274.644
81.675
7.50945
306.838
197.911
8.87623
209.27
445.099
347.209
7.78047
217.838
7.32678
7.414
308.405
207.888
158.01
98.5748
40.2304
478.452
9.0422
7.43317
179.677
7.28686
407.712
108.054
214.022
171.287
336.417
170.82
496.602
7.82718
253.953
25.8266
375.489
312.94
86.7567
320.698
470.254
50.4608
489.643
7.16992
420.278
7.12006
285.648
401.662
196.18
112.136
8.41389
505.518
7.51731
7.35906
283.665
210.26
168.926
2.8358
388.761
182.166
6.70336
7.05357
499.674
315.662
5.19555
69.0818
158.195
358.335
60.4485
212.194
438.574
8.60038
388.694
282.087
437.129
373.826
307.746
206.578
6.39701
208.609
246.614
125.134
7.18225
370.586
105.631
10.2677
17.8565
280.431
503.056
6.53307
321.414
6.52268
6.67468
318.62
270.858
6.76783
5.7026
190.154
304.416
205.538
148.211
13.7123
324.822
368.5
30.6384
8.40766
215.841
325.779
8.25898
390.502
120.144
191.687
124.686
176.988
438.914
7.62997
512.776
124.689
211.28
596.315
6.96505
6.94578
309.155
136.039
112.254
10.3574
-8.25825
180.213
84.6864
193.427
235.395
446.092
245.48
207.797
333.183
8.39818
6.44209
128.971
216.293
93.6362
344.393
301.477
339.536
110.889
451.092
7.83922
6.13357
186.581
7.59592
369.098
188.521
426.403
277.034
379.217
570.744
403.371
7.34934
263.005
8.44593
4.7133
266.633
337.413
413.171
7.52015
6.9586
6.9501
7.13816
7.36008
267.477
53.1171
7.59782
37.2522
316.006
150.128
141.845
6.43189
6.36131
191.38
146.317
236.734
240.188
7.36982
254.858
362.712
58.4699
59.5027
7.04719
348.38
7.19425
35.401
101.02
169.139
314.015
405.39
144.318
7.74294
24.5033
6.28558
160.261
71.2689
279.833
103.069
7.02917
295.635
344.632
7.93611
195.797
7.30583
271.152
7.21673
27.3086
285.082
105.639
284.93
346.976
304.039
348.143
28.2523
374.621
7.31229
82.2666
6.43122
142.322
210.643
135.439
103.731
6.44901
343.768
7.52998
6.11414
544.321
6.94307
7.86718
385.815
35.5092
135.518
7.18597
394.942
46.0593
7.37929
109.121
359.063
61.0319
67.3916
7.15915
8.13869
256.555
218.697
6.80956
205.325
464.031
6.19082
7.05891
152.848
163.973
60.7858
478.783
7.50156
326.753
341.291
1.4965
80.8965
184.725
210.268
6.97871
7.21682
37.1117
261.879
264.803
256.333
6.89518
429.261
6.54121
8.68693
8.5768
6.93409
246.414
493.253
216.066
89.2151
510.194
270.272
181.035
8.33097
223.74
447.098
6.70001
93.116
20.6974
47.4582
10.8122
163.198
108.494
116.707
126.215
108.925
340.148
129.868
88.3349
177.631
315.442
271.226
405.564
7.27417
69.7756
6.82387
159.772
235.206
110.922
7.82049
423.612
71.3924
124.385
444.858
143.826
2.19441
6.59257
88.2526
22.2257
7.40684
192.22
7.91233
62.5177
174.142
6.91516
7.33968
218.572
29.1431
320.851
7.20282
97.556
198.077
45.8811
8.02332
407.539
200.026
2.7236
171.598
6.89039
393.901
5.12328
41.8184
7.3671
127.584
7.6273
114.113
7.27549
229.719
179.202
7.40399
485.885
163.751
251.209
6.67393
257.233
417.34
69.305
429.801
409.894
444.883
6.97246
546.375
487.248
242.533
92.4666
7.47444
96.2101
7.29147
233.702
3.47854
550.729
134.851
258.879
38.0879
7.25568
94.2813
226.831
453.148
326.905
334.368
433.875
7.07246
171.215
441.694
547.43
204.983
6.98636
155.955
123.59
274.199
467.301
498.45
564.639
180.79
6.98587
7.55749
356.134
106.863
532.509
113.791
332.202
361.274
7.10057
7.33603
221.938
8.06948
276.923
242.157
9.56977
494.116
5.75004
7.24949
156.949
356.451
99.5945
140.57
316.238
568.752
197.924
54.6992
273.656
9.19838
7.09876
6.46005
382.407
28.5458
93.8566
397.733
136.484
7.19006
77.4695
80.556
6.16778
259.054
363.748
30.852
331.798
33.0431
290.939
42.0423
78.4874
580.453
6.01437
189.015
8.40711
58.1376
161.706
60.3909
7.03107
264.563
6.76744
322.395
53.5108
193.416
92.9458
149.57
550.703
7.00274
6.94573
27.3509
5.47093
7.35694
220.989
7.98353
6.91176
189.822
40.5422
7.11106
243.05
151.653
30.322
453.877
7.64062
7.29704
292.843
491.055
7.64565
7.62126
6.99334
7.23114
136.62
127.634
6.99328
306.297
163.784
292.353
41.1018
7.4969
312.358
203.76
233.589
6.91938
365.978
230.809
103.444
147.529
6.94881
9.38831
429.505
6.06267
11.6894
116.557
7.12777
474.105
52.2091
7.14821
304.648
169.054
262.495
6.86011
259.398
29.9897
111.528
458.759
492.362
340.402
7.31542
108.473
303.481
7.18916
6.59125
329.624
369.73
398.224
229.43
190.836
288.609
530.073
7.73757
7.67048
307.321
278.545
113.882
160.76
291.502
26.995
142.522
399.301
36.4711
6.17042
134.329
464.031
31.6271
2.00637
32.9135
524.603
7.49985
1.05382
8.07216
66.4316
8.628
133.737
382.444
101.77
76.186
425.234
7.2805
284.242
286.842
7.37406
512.564
360.161
365.118
7.16745
307.448
183.513
7.38217
1.7157
7.77374
7.43296
20.4795
7.65186
58.7524
7.46698
130.326
7.08661
356.874
12.8315
337.883
238.691
319.068
393.3
431.628
79.9688
84.1217
381.786
74.6881
208.429
6.66422
164.154
249.754
499.686
6.41049
159.245
7.93291
12.6075
234.992
351.053
7.3465
527.507
311.816
53.2444
312.801
210.847
7.51204
6.00422
231.453
92.0053
301.013
7.14019
338.029
52.2829
127.831
6.46084
383.897
194.446
238.05
223.144
20.5422
274.052
165.595
51.1143
50.9337
7.32219
7.38608
474.022
7.10049
7.42257
397.407
35.7663
7.19979
166.786
414.693
272.329
7.33822
6.95629
223.044
338.838
22.8508
473.791
6.62107
13.1677
215.679
7.43835
3.51737
6.93909
405.465
90.7923
281.883
236.389
142.11
220.692
7.41752
299.297
60.8267
7.133
24.5672
239.708
7.23735
9.27426
64.2324
41.7641
280.187
7.34386
81.8618
57.2323
89.5815
396.093
30.1792
7.03415
68.0622
8.50856
480.209
8.95032
7.35754
258.106
63.8943
516.094
150.567
106.38
7.99034
6.85508
120.988
162.375
308.892
540.485
219.644
6.43932
174.882
237.109
405.545
129.986
91.947
273.662
5.57211
239.628
90.4943
286.137
191.796
6.82802
127.925
161.273
519.316
50.8444
3.53973
363.471
146.865
36.5678
6.68127
224.491
7.96188
352.836
45.2261
431.797
29.6949
40.4239
401.644
7.15329
199.658
6.92874
424.281
25.4958
248.701
22.688
261.629
8.6051
236.733
388.066
415.118
50.5944
7.39171
7.0064
175.232
183.315
506.781
381.549
267.589
6.22716
7.49202
7.83419
37.9051
510.036
413.927
450.736
538.111
146.151
558.719
411.508
76.1877
311.502
378.131
324.873
237.361
10.4963
6.89656
163.69
173.635
31.4199
394.722
436.753
480.539
6.8553
106.434
8.53158
291.677
158.961
353.735
18.4114
6.29537
367.757
261.407
270.744
361.711
7.42646
97.235
7.1497
6.39673
204.607
280.159
199.932
70.352
386.983
126.137
133.649
7.27724
131.084
69.0695
153.97
97.5966
406.893
176.238
99.2127
7.82838
152.633
440.541
361.525
212.526
390.741
402.8
12.5059
414.515
245.436
78.3143
463.489
197.064
46.8231
20.8934
6.97583
6.59982
6.14215
179.199
6.92686
7.55981
481.275
99.0375
370.658
7.39718
102.062
199.1
147.299
5.15428
154.462
7.53415
7.69278
499.989
141.092
266.628
118.596
400.748
121.063
6.52141
8.13478
9.20385
44.8792
560.172
413.21
401.49
7.46228
7.70205
146.753
112.32
7.61155
223.931
347.458
211.082
429.723
257.467
274.752
7.91907
392.842
159.399
265.67
8.47
131.054
145.613
349.345
198.766
95.8967
7.0873
148.23
4.77747
7.49543
132.286
141.876
220.083
5.05044
394.379
74.0524
249.816
102.397
143.499
7.11401
262.547
7.21243
7.26004
475.387
279.864
95.7815
114.605
331.428
7.3372
6.3177
163.959
115.356
19.2623
7.29275
188.404
7.07943
11.5365
95.3083
7.449
168.59
313.545
341.88
110.465
34.3055
8.22879
7.16272
20.415
385.504
7.48549
6.89589
317.693
73.5717
197.704
494.421
425.695
177.492
318.579
48.6687
416.928
158.282
250.651
6.04787
224.687
73.5333
7.1653
146.691
256.222
416.749
6.67797
237.387
6.97125
6.70738
7.3717
399.313
67.8768
327.815
271.65
332.924
141.183
231.691
76.5101
333.359
497.015
18.3228
241.004
7.9109
6.44981
122.694
261.908
6.27535
302.656
282.913
30.6019
411.911
316.53
220.138
175.265
107.753
230.382
153.492
398.853
279.764
116.225
7.11826
77.6107
540.971
7.39882
522.845
7.56471
168.191
7.18813
199.759
109.853
392.318
342.218
6.38027
154.166
331.02
206.329
77.2701
6.34
342.666
137.755
439.509
162.392
15.7612
10.0518
129.726
298.81
370.138
137.823
327.733
9.54925
401.693
125.376
391.023
249.825
22.9822
288.898
309.675
365.059
158.986
445.972
259.287
138.75
252.123
305.056
515.494
6.9422
143.212
9.71947
4.59242
84.6975
495.713
30.3315
131.167
5.21574
177.192
207.893
22.0035
169.66
303.194
8.88089
284.891
212.454
23.2023
159.917
7.14719
109.546
127.262
8.09732
304.816
378.155
246.203
12.4991
7.38957
236.756
445.244
383.288
366.35
8.46344
11.0708
5.57742
22.7446
8.16777
21.6108
238.743
7.2032
33.3718
8.06543
7.1373
231.594
-13.7391
54.1724
526.566
279.029
231.734
6.78277
9.55008
6.1625
119.236
7.65189
44.416
437.585
101.422
7.1363
426.02
7.32977
389.244
225.711
8.06112
448.334
183.647
7.7824
13.6839
263.102
337.657
6.71554
495.797
34.0638
135.077
11.0915
291.971
203.156
39.5393
108.323
2.58749
239.142
462.75
438.302
262.35
178.089
178.07
5.87403
518.788
134.163
297.47
122.034
145.927
7.93504
449.006
7.03127
306.756
449.875
3.25015
216.422
5.09498
23.0304
298.918
6.85188
190.263
398.264
331.904
108.803
104.854
202.126
451.603
514.105
334.539
251.21
352.764
23.3506
7.38723
340.455
102.459
7.25282
380.026
448.403
1.74583
81.7513
485.859
7.51078
8.25376
401.715
285.395
18.4436
364.606
99.1078
512.104
96.3145
176.282
278.221
237.129
7.71066
7.12543
330.028
7.32725
556.922
20.0816
389.194
449.914
444.533
296.707
7.08425
7.31069
324.915
278.964
7.17681
496.056
330.517
369.651
349.398
241.28
146.223
141.582
148.705
258.972
409.434
216.004
445.337
6.12559
7.19656
316.953
207.333
154.59
31.0917
66.0125
259.503
347.976
436.017
182.968
9.64577
20.7859
346.169
130.78
25.1377
16.2422
301.968
250.933
62.9557
425.418
148.395
378.435
8.10721
362.969
526.685
7.50982
156.83
515.686
11.9777
232.155
120.289
469.514
9.20102
66.9832
225.922
67.4157
7.29019
143.6
6.88643
363.275
7.41025
6.35957
317.608
5.48015
412.927
245.485
263.979
7.625
247.898
47.4944
8.72238
109.499
7.2324
266.5
513.734
7.52991
127.835
109.097
395.679
87.6224
320.569
163.878
316.404
61.4357
111.044
7.12983
362.259
7.29526
93.3114
310.932
164.064
270.688
442.797
40.3109
7.70329
135.959
7.23893
162.467
316.773
308.994
403.146
455.462
51.2325
229.661
382.029
276.283
7.15253
7.03751
7.6844
538.558
101.565
6.22349
272.13
126.574
7.18905
8.38673
6.24452
348.713
471.143
91.1846
239.477
122.111
7.65405
237.422
12.4117
7.17671
515.456
6.84032
53.2275
100.553
7.08453
8.87016
25.4765
96.8107
167.992
7.62768
7.58597
73.0077
435.774
98.8692
327.594
230.552
7.08208
359.67
34.0761
12.2586
317.579
353.565
312.784
7.54605
372.833
7.08344
71.5261
170.005
428.861
106.799
7.3481
7.31991
298.703
388.533
7.11605
191.269
250.934
276.078
316.356
270.57
7.66139
331.504
409.224
421.128
255.419
6.93018
445.208
379.289
374.673
7.70943
7.2765
7.0354
7.2353
9.11667
5.77816
205.132
420.359
7.95483
455.579
162.861
335.878
6.81985
112.389
413.914
416.452
98.468
6.1714
162.655
83.2587
468.053
73.8345
420.805
251.759
207.092
7.31374
105.492
511.652
7.9814
6.99571
362.539
8.66878
254.827
23.4498
270.229
363.467
231.068
7.35473
242.88
9.05992
8.28975
70.568
6.87766
302.463
554.179
333.685
8.46729
305.148
422.363
487.339
333.665
92.1501
53.3342
114.428
6.90923
100.259
5.82843
8.02829
77.3078
251.031
24.6686
105.002
63.8657
343.377
152.009
412.317
19.5326
534.123
7.08907
388.726
8.29399
372.8
258.92
123.702
140.176
147.904
474.351
6.79797
104.525
7.44498
334.078
157.711
275.649
425.763
297.505
6.64677
223.181
299.127
511.996
16.4323
278.996
311.039
7.21222
8.23952
-0.898593
131.698
393.718
349.3
230.725
192.318
210.878
7.41256
30.4108
96.9088
61.4997
46.3271
181.666
120.488
475.512
341.368
344.456
362.738
95.0376
476.12
7.56633
448.6
88.2357
369.376
39.4399
7.28397
6.96576
7.1052
7.65446
6.73939
288.511
158.536
380.811
5.95055
404.136
344.364
6.93258
507.211
6.99336
20.9433
6.79441
338.211
5.67382
7.15507
173.286
349.43
272.434
108.426
205.243
168.129
590.791
215.658
165.582
7.17467
8.27012
6.72089
70.8642
186.65
7.73236
99.4818
156.201
34.4639
82.649
7.80104
216.977
177.573
336.468
133.957
7.14059
6.9747
379.28
21.5916
59.0905
373.556
393.714
99.4791
6.32623
83.1183
5.24176
7.15058
347.966
183.465
7.3942
86.7304
88.1818
94.8418
7.61169
-28.6329
221.642
3.91134
10.9353
8.18821
334.902
347.773
352.798
7.08423
24.4939
265.9
7.39681
359.658
33.5628
7.22765
347.212
322.476
8.09772
5.96205
58.6345
323.665
316.82
152.689
7.57164
256
146.079
299.137
59.1304
7.58275
515.207
349.504
7.27693
43.2896
238.265
44.9618
7.51629
224.247
127.961
147.403
124.276
442.741
393.335
6.99468
191.644
407.925
8.25724
172.922
346.09
-0.196293
183.103
46.2466
7.1006
6.99416
494.23
7.44225
48.7583
37.2548
297.692
501.535
178.165
35.4745
96.6463
137.454
6.775
62.6248
236.542
69.7407
110.314
7.48633
95.3488
433.751
462.069
7.34776
184.341
340.865
231.396
208.299
6.86442
493.67
342.246
304.45
157.674
263.624
107.771
7.13481
317.319
100.874
6.78391
483.389
462.174
6.90262
335.141
303.321
263.111
336.95
164.261
254.371
243.24
7.84272
487.275
410.938
270.595
147.433
164.374
164.415
370.575
6.95556
7.09546
229.466
338.466
78.6897
6.8747
446.523
115.873
305.426
480.098
307.989
521.762
318.12
300.064
69.0688
235.986
268.866
362.931
113.463
28.3663
405.307
491.081
7.22803
357.368
162.222
358.478
539.569
12.1992
314.559
7.35513
7.18419
381.022
486.529
113.669
406.815
235.153
155.663
319.236
298.656
302.967
4.92429
229.205
448.073
167.916
7.44774
465.761
550.678
309.357
430.336
430.146
329.12
434.267
194.093
7.74856
169.785
123.812
147.331
33.1052
449.656
62.9617
9.83887
36.4314
11.686
574.659
577.073
8.01387
8.41911
381.97
6.81215
7.13757
452.363
316.756
7.30377
294.455
435.936
8.37408
135.737
148.088
7.21426
219.229
134.867
125.751
214.389
458.126
182.031
31.145
65.7874
81.4267
406.374
292.396
245.477
50.6248
96.3727
21.7191
11.6577
369.961
7.38442
188.8
158.1
440.424
99.7155
345.082
150.318
-0.151661
6.94541
7.28736
7.48159
270.583
78.505
81.7924
7.66988
362.359
7.00562
456.949
349.78
116.667
7.48611
328.488
125.772
491.379
70.1099
4.69392
151.516
345.547
72.1268
10.7282
211.571
105.425
5.89225
36.9751
7.7274
31.0384
1.52538
377.369
372.147
41.3665
97.7795
134.304
87.8323
476.339
9.69726
530.549
8.04485
7.7535
8.37409
8.02044
6.94778
65.4722
7.27101
109.372
131.415
6.55901
55.1451
21.304
156.389
151.434
248.754
6.26003
569.542
7.08441
7.35893
7.66645
12.7292
7.0472
25.8999
75.2577
7.2155
281.262
258.882
242.994
284.359
484.239
303.577
6.9979
353.547
267.773
418.854
7.1009
7.5899
239.735
123.128
82.411
392.179
7.40712
273.007
216.072
6.7303
355.866
243.028
73.6758
7.3458
308.201
394.15
295.078
494.473
5.88991
177.194
233.214
108.993
106.303
129.514
7.38731
36.6102
91.0252
6.88715
370.801
6.75402
7.04477
55.2654
140.461
260.226
102.263
209.596
38.1615
6.83228
298.329
24.0112
101.562
17.5406
5.00303
411.668
8.92794
121.166
205.787
9.31207
116.922
503.921
6.85016
6.90668
459.963
8.86471
318.888
190.62
6.8972
238.345
166.204
434.09
259.983
131.056
7.75477
8.18665
297.627
401.361
7.4882
164.126
124.024
6.30647
182.229
361.369
533.886
51.943
5.51334
311.448
487.949
264.81
7.04164
245.105
465.874
28.1758
204.159
211.529
24.8755
16.3595
22.436
188.681
408.501
7.39759
372.425
7.08921
152.81
12.8869
44.0055
182.213
291.136
194.898
60.1787
7.15469
554.734
7.20802
6.85174
455.408
362.743
200.589
6.05191
129.911
462.04
7.68851
433.097
327.311
7.56384
6.51794
6.06165
7.11331
186.719
355.322
53.0282
7.08172
6.97272
7.44032
7.9705
23.6619
403.72
515.828
8.18163
441.684
7.17776
7.04155
48.0724
111.155
11.3296
6.96072
267.141
7.97186
34.0185
406.366
231.22
7.29416
386.619
232.519
451.64
7.10689
7.19839
7.57355
47.8482
215.019
7.53903
162.054
7.93413
6.94326
6.83236
7.69381
6.82484
86.6255
164.336
11.6486
224.361
61.3766
23.1718
7.08582
6.69827
258.504
492.23
178.916
205.908
245.58
75.0906
13.3598
345.021
327.425
530.794
16.145
116.469
289.147
439.863
177.296
336.178
109.925
7.21701
6.6307
168.708
52.4381
413.056
7.35821
7.10289
369.433
42.2468
309.312
221.909
202.887
249.536
269.154
248.909
219.99
102.5
199.044
7.30407
194.324
260.634
176.455
6.75703
7.52417
7.79721
6.52994
252.708
18.1568
414.586
153.013
151.255
50.1116
7.80246
8.30296
8.71667
526.176
24.4968
7.38142
85.2429
203.919
91.9057
7.58929
17.4431
453.809
364.429
525.811
7.12805
52.3901
181.006
325.287
109.858
6.65756
119.893
402.792
5.48221
21.9406
352.237
453.385
7.33485
49.268
80.6665
117.369
450.961
9.04722
236.771
269.932
7.07598
219.483
222.17
173.7
15.8541
40.1812
243.855
169.34
344.669
44.4163
7.20286
336.871
140.925
268.37
316.213
432.455
7.89016
171.395
535.675
309.464
8.14188
244.053
359.627
345.438
126.788
129.141
32.3319
176.522
494.411
237.385
6.79519
6.23574
6.43053
210.414
502.352
271.141
470.153
7.00133
6.58111
7.72061
204.778
30.3108
17.5341
454.642
385.947
18.8544
314.925
37.8778
7.32872
211.592
6.87887
217.727
85.8295
460.791
381.621
6.31544
7.33548
82.6337
281.281
242.79
7.24395
7.19684
8.84346
8.10265
247.894
124.52
178.491
419.408
272.263
132.868
320.235
328.146
68.1364
461.955
7.09216
8.01633
293.306
70.8111
29.6513
243.868
7.3231
414.298
155.315
166.599
49.0544
161.397
42.0148
15.6984
308.627
234.39
379.723
66.5431
155.753
200.534
75.1241
325.687
413.446
574.788
72.7743
-5.78321
7.27399
135.248
243.019
7.13246
6.91443
350.18
40.9378
133.501
7.19069
229.157
58.5754
7.06185
19.1443
208.12
378.204
44.6413
60.8127
7.2233
286.099
368.962
531.542
10.6043
482.57
492.159
278.04
6.96851
49.8517
84.2881
113.819
74.894
307.94
181.84
8.18309
411.29
7.03324
7.75448
401.109
5.04767
15.2551
351.476
364.437
268.178
266.458
394.178
381.782
145.807
326.141
7.27634
221.329
493.7
7.50388
27.0536
312.906
368.486
7.18797
6.46031
444.215
197.871
6.46982
7.29379
7.5423
97.7
48.2977
7.10232
7.43313
14.5289
31.7849
6.90403
7.87611
40.2633
221.182
393.166
420.454
7.1612
300.848
301.841
6.94939
34.595
283.572
66.5495
85.5501
253.968
268.456
490.83
258.725
101.837
295.483
354.338
276.221
272.151
6.83559
7.69607
377.327
515.056
7.1303
333.881
431.667
141.484
52.3943
104.055
7.18523
166.662
7.59443
513.392
7.73292
242.441
7.02207
39.0918
208.119
7.24622
397.998
36.7384
252.009
388.138
199.429
57.7172
300.285
207.746
7.93752
237.945
24.8618
373.223
336.592
6.72559
121.358
381.516
6.93447
416.836
5.78136
110.069
7.54048
40.4625
5.98443
5.26568
192.401
7.23559
14.2744
113.991
327.113
451.313
408.961
277.536
177.166
7.00187
532.52
7.0178
7.06418
7.60611
357.598
466.605
349.984
218.738
7.37849
493.673
219.391
416.28
48.9995
10.5846
47.1329
76.1096
137.774
167.143
396.391
449.689
217.778
260.153
31.7338
412.215
6.7975
33.5517
130.115
369.478
479.314
481.654
256.026
366.765
68.6947
7.40005
245.309
370.65
94.671
287.477
205.913
259.848
291.133
7.60296
11.0137
11.5316
343.45
284.113
309.318
7.32919
6.93528
365.201
142.376
268.093
102.273
289.922
300.624
181.359
58.3081
7.1333
32.0266
356.354
343.436
286.005
136.735
7.27205
288.088
190.191
489.396
44.0331
306.956
355.524
80.4285
239.627
315.573
7.7506
108.232
390.944
280.012
90.8438
7.03639
8.86512
528.587
2.84102
127.567
197.779
462.262
284.96
230.398
336.308
6.40474
45.5019
98.2921
498.472
251.898
192.549
220.129
239.855
391.959
51.2676
392.651
502.81
62.0672
376.767
7.5498
5.94714
544.949
235.935
75.9846
7.54564
291.807
204.574
31.499
241.161
7.30098
9.93401
51.8228
524.674
347.292
6.94986
228.523
143.856
267.175
130.918
221.501
235.26
419.744
71.1793
82.3472
163.452
203.111
93.9628
98.1163
7.28201
7.60147
6.89288
8.30298
298.845
215.534
142.782
306.072
25.0599
2.62005
472.955
7.03744
332.994
120.27
220.312
11.9462
275.701
7.74883
332.362
7.06403
371.425
466.284
7.4502
26.0547
38.6608
188.218
6.9499
357.402
154.973
142.483
549.345
202.892
194.305
7.31339
7.02064
7.84944
438.552
56.3073
6.56574
293.554
350.665
564.472
263.356
429.923
57.8607
7.17078
169.235
343.969
129.56
249.227
176.647
78.2403
74.6218
70.1599
509.056
399.491
7.5076
6.54939
470.742
399.572
6.44639
157.588
375.34
6.74101
7.12751
13.0273
526.441
397.15
295.949
153.414
4.40029
312.367
269.049
5.39721
7.09336
403.107
287.782
326.737
67.9471
239.492
7.6092
7.37091
338.373
6.64744
82.1205
7.16145
50.6437
237.856
224.385
35.7033
280.46
13.752
6.63355
4.29737
7.28477
219.247
6.89604
189.851
6.71466
91.4479
196.919
479.854
107.557
7.25072
180.476
7.71335
283.608
424.324
7.64274
392.391
460.187
8.00655
236.821
252.487
401.456
444.284
7.29476
7.30086
439.018
7.21507
167.515
184.466
7.63278
10.9786
43.7589
56.9988
198.953
513.491
238.088
58.7099
420.781
7.35155
16.7849
437.523
136.609
5.59483
542.223
350.646
82.5595
6.42633
7.39293
153.412
382.277
288.403
7.64076
82.5157
555.707
40.6196
259.774
4.20175
201.337
99.5459
7.19304
6.86779
529.476
299.168
406.311
504.67
7.20262
245.047
6.45675
163.083
519.467
305.393
410.805
46.109
91.473
51.2438
113.849
258.884
7.84187
334.475
372.499
6.74825
6.71547
536.989
33.96
6.64397
108.561
262.967
8.36288
252.316
296.185
92.3864
298.252
346.656
531.656
27.598
447.19
431.206
501.989
283.559
423.237
146.048
108.263
177.89
171.138
413.074
283.567
6.51187
315.494
209.225
540.852
298.644
145.943
470.319
6.37943
7.37199
49.2234
7.46035
106.77
105.911
401.548
7.7891
131.913
61.0895
305.028
406.977
296.337
83.669
164.13
7.43298
6.25191
7.04226
7.4852
211.475
164.312
9.51677
416.147
211.464
238.019
7.38498
95.528
9.27866
6.78745
130.135
374.236
448.147
193.61
11.4961
130.807
7.3064
143.106
382.901
417.113
437.983
6.67708
114.361
337.283
201.272
329.066
43.1318
387.349
145.931
464.721
322.712
106.4
381.686
338.716
18.808
7.23838
11.236
7.12452
420.891
20.0291
316.987
7.33824
134.903
75.1479
500.522
251.511
8.24329
62.5777
11.2372
7.15749
306.855
393.806
16.8574
172.601
39.7871
35.4978
551.233
206.454
4.41606
131.116
8.00588
7.75251
311.858
6.57738
438.654
6.17139
29.0434
409.08
102.376
85.3832
362.226
62.4747
87.2646
448.541
130.886
129.962
263.787
426.233
250.183
7.21724
431.79
118.906
45.2509
99.2971
19.854
504.51
306.967
6.93233
426.523
209.017
7.03854
7.50516
489.738
7.89613
431.531
36.6756
7.15253
470.631
82.6608
201.682
268.985
334.457
6.89149
38.9079
202.754
539.368
392.674
269.903
9.70819
7.5264
9.20671
7.33699
236.829
180.335
29.9412
310.668
64.2939
274.815
264.875
8.22773
450.214
7.67456
30.7803
496.995
7.76533
224.279
7.03839
7.27238
337.793
520.952
7.56634
36.6996
393.197
439.548
160.739
115.606
255.525
56.5923
563.832
7.05629
11.3806
491.067
196.055
7.29875
100.029
19.7924
38.6861
174.814
83.6086
7.08839
134.914
523.694
46.7295
238.515
452.693
297.234
66.1105
460.224
491.974
70.7351
327.615
187.103
284.862
6.86751
40.053
360.585
383.203
6.02562
6.21385
75.1848
290.373
461.723
97.1099
211.982
437.673
178.334
361.056
8.09447
8.14203
6.927
79.6925
201.748
86.8582
395.247
353.855
428.447
258.036
199.41
392.769
161.859
92.7046
7.60793
251.313
6.59949
161.603
555.768
261.784
88.9381
15.1875
8.01972
230.347
19.7938
191.535
216.941
255.337
52.7209
54.4723
443.026
16.486
388.05
12.8344
405.89
244.566
6.84687
7.42698
448.112
173.943
6.30167
40.5574
8.64887
6.11475
299.376
95.6344
459.021
11.5179
257.613
13.6427
7.1393
152.676
6.23133
32.2704
241.071
297.113
7.83076
7.73617
418.591
238.264
240.63
292.735
48.7994
7.09322
7.23954
7.117
72.8388
7.40143
6.66351
7.1878
230.055
5.64684
6.48343
6.9934
14.2358
9.47287
274.451
7.40065
324.875
135.155
164.78
196.394
7.08691
6.76945
7.54929
261.478
374.259
430.78
208.646
541.341
5.91882
7.01303
7.23174
7.07216
25.2996
111.281
35.0076
6.99224
31.6738
7.93566
265.738
26.3372
345.511
441.705
176.555
-7.08679
288.299
65.2508
8.23161
385.703
247.715
472.017
7.42847
317.338
135.079
198.376
162.774
242.388
6.81558
67.1808
7.31483
8.39575
532.564
8.38903
215.926
267.114
481.745
201.542
76.6923
298.211
6.84899
292.997
282.258
177.501
63.9127
347.788
393.779
239.887
16.8348
285.959
72.7705
197.497
46.1568
229.493
328.892
228.276
7.15233
6.92293
144.742
342.594
422.033
97.1488
21.4838
144.345
375.009
108.465
14.9439
7.77042
32.8315
44.9429
72.3643
195.746
7.88053
5.90915
132.3
5.81791
207.869
7.16469
31.288
8.02167
64.421
7.11223
5.8078
303.005
141.557
456.13
453.329
506.815
388.355
7.6702
93.8742
310.585
460.115
12.3145
226.007
81.8966
6.37658
6.83548
9.82131
145.323
7.6285
327.825
10.9996
7.68254
329.243
6.90367
6.05363
185.103
536.082
356.459
6.02643
6.19369
351.427
7.5442
58.9574
7.24934
347.459
30.2321
290.127
122.852
5.49198
436.381
9.47899
264.917
65.6735
7.69409
134.307
40.7437
243.173
5.5194
7.1389
7.40287
216.519
7.18649
80.9381
444.016
236.868
172.073
203.891
479.533
6.02234
36.719
12.2046
178.423
386.602
6.99511
350.674
7.68669
166.91
189.774
391.416
412.948
69.8612
221.593
134.591
204.706
378.433
332.152
45.36
409.66
7.23781
472.479
7.55735
7.27997
6.11619
532.491
34.7057
198.439
349.391
110.935
29.6828
402.362
546.337
124.782
5.31488
160.038
457.692
7.20385
448.551
219.431
12.3685
307.603
26.6037
82.6411
7.91661
65.7389
277.498
67.8053
346.288
424.157
7.14584
-3.55517
170.378
7.15755
7.44378
332.676
540.896
165.299
469.059
101.194
311.107
94.9449
99.14
351.725
269.74
309.312
429.412
316.168
50.3416
9.72543
8.42627
424.814
142.721
212.19
118.507
15.4224
327.466
5.8759
48.5226
469.635
6.30028
589.027
8.57063
246.46
132.741
7.34856
36.7564
29.2122
364.617
6.60843
266.909
167.462
264.393
363.874
8.58329
8.35467
316.073
7.7015
363.259
35.3955
221.781
8.96812
223.523
329.352
6.51236
282.453
189.393
106.645
220.559
19.1731
346.333
7.11045
374.118
6.8208
7.16732
527.316
363.02
317.524
33.7948
7.37353
26.1385
80.6352
7.16929
45.3799
344.846
173.921
265.385
6.94343
144.518
262.692
421.274
283.213
288.784
360.379
44.2776
57.4349
245.249
324.682
469.268
403.517
7.42702
240.934
52.0844
402.98
169.3
212.559
8.09074
189.721
47.7199
400.053
393.72
97.6954
111.251
7.61036
285.235
8.77887
97.9726
6.61241
349.809
7.34251
182.222
385.991
119.459
482.687
7.78901
253.666
290.451
13.2292
61.0803
6.91845
369.988
132.658
281.327
362.661
145.374
305.805
400.123
314.452
336.064
215.687
7.10802
102.148
7.07233
423.143
124.814
7.11835
543.311
339.498
101.61
47.0692
212.452
7.05817
26.3177
6.51347
111.014
49.4065
325.922
116.166
7.16823
263.126
7.40437
235.387
7.33016
7.8419
490.919
260.554
299.23
201.632
498.518
6.31363
80.6601
263.171
216.274
241.624
7.53513
291.518
7.855
156.582
150.039
70.6085
6.76646
342.914
4.70012
182.122
7.13317
5.34577
7.37592
263.967
28.1205
20.5661
7.51066
248.23
26.4954
7.1015
398.959
40.3412
7.06886
57.1215
26.2273
10.1063
7.17332
7.81392
464.378
198.861
172.606
7.16162
6.90497
333.166
13.9877
263.202
433.537
8.40521
7.07709
181.556
443.64
157.59
53.1306
218.294
172.224
494.668
267.816
7.85628
133.225
342.704
127.564
8.41414
8.87414
210.346
353.698
256.356
92.2526
6.15581
384.762
7.23851
6.507
5.42569
429.395
382.571
4.84377
376.751
14.6083
216.36
6.96888
208.556
117.488
8.06238
250.398
417.26
7.56257
26.6647
11.9941
55.6796
7.34966
336.887
285.964
141.965
459.48
37.7469
7.05236
362.409
49.3829
6.88645
173.62
262.26
106.323
7.82041
6.88553
129.295
323.922
9.51501
350.541
437.604
299.142
504.975
322.352
98.1731
91.6615
8.02816
382.096
274.13
49.8102
152.042
8.30482
87.7397
407.504
377.079
475.603
400.301
7.04259
38.3076
8.32776
85.7149
286.595
321.329
404.908
445.972
365.098
17.3989
6.97549
6.84107
252.684
99.05
171.768
225.659
87.8759
54.0396
7.68566
456.434
119.627
16.4046
148.489
110.302
6.9586
25.8147
351.48
289.525
401.958
412.035
216.239
122.974
503.199
132.274
141.795
404.057
322.284
90.2086
202.094
373.054
449.923
6.78627
462.9
481.79
242.892
7.43882
262.122
178.555
63.8276
393.036
75.5934
394.904
53.9395
208.68
300.852
240.086
521.508
6.57521
7.52791
412.83
566.559
9.74615
347.64
357.708
186.464
201.331
6.82268
272.612
11.1331
5.70336
154.624
6.8765
530.199
152.763
324.514
78.0557
456.269
389.279
220.003
6.87352
528.837
74.3055
7.98627
7.72826
36.3738
187.642
6.37361
148.35
319.81
5.81801
266.711
48.1949
0.0491977
234.215
417.355
421.571
97.5098
6.79465
149.672
332.908
472.027
334.719
157.535
21.928
378.042
7.52664
415.343
7.40318
313.464
317.75
198.092
8.46584
240.184
367.909
101.512
3.90894
4.30167
69.2848
5.74771
6.79218
58.9425
174.326
307.76
368.585
52.7663
453.58
0.440289
5.61898
333.392
7.33681
108.268
7.7249
140.364
6.41148
351.202
401.148
61.4919
7.39431
51.1385
7.05501
7.18248
411.586
21.6554
105.203
17.6393
368.09
188.862
40.697
146.573
240.952
7.13574
7.01823
172.451
231.489
282.985
7.61427
362.916
422.142
344.852
6.85245
79.4194
405.874
297.777
7.65428
459.522
434.775
7.5233
248.819
14.6686
247.785
7.81243
180.127
497.622
38.1182
319.39
7.25536
219.176
189.472
79.0026
226.762
8.48467
6.99079
81.6307
289.562
401.399
109.623
50.9529
314.768
186.481
272.067
6.48622
124.641
187.422
7.79863
7.19083
23.4585
485.361
420.617
191.079
7.08015
436.215
7.16833
165.533
295.502
39.3585
6.64583
7.43932
7.57265
6.83412
9.54089
8.72023
318.064
192.69
390.204
346.197
188.231
25.825
135.151
398.958
401.512
18.1216
249.465
6.93311
183.368
6.48537
512.3
460.342
7.73396
362.681
476.06
387.687
417.222
8.53953
280.349
468.623
206.995
4.79194
98.8072
193.298
318.352
7.12941
7.10773
299.41
60.7196
553.383
6.60195
350.63
291.241
411.648
29.6042
296.783
301.772
104.479
192.327
119.455
135.113
305.001
178.001
421.806
64.1026
197.899
6.93992
358.552
7.07422
471.278
190.112
144.414
150.155
120.789
159.289
215.277
392.943
6.96563
7.93371
7.6073
6.85479
211.184
325.682
7.56771
6.38243
337.6
7.71278
511.543
378.132
228.664
76.0687
244.535
224.779
248.533
54.4023
252.716
311.733
467.781
6.74473
416.531
4.13403
217.367
7.60011
284.373
274.186
182.465
17.6617
176.398
24.9369
22.9139
7.25182
378.358
35.5328
59.4615
303.658
416.152
6.84663
385.262
442.611
365.147
7.10617
6.11604
535.82
7.67637
224.803
5.25542
323.52
7.27117
147.134
6.83315
60.4512
92.6837
6.42759
192.921
199.742
180.37
275.731
137.672
14.5907
11.5223
459.805
7.44331
6.99762
503.716
11.02
451.778
27.1906
74.5152
275.725
7.259
541.395
230.13
8.75888
477.629
217.553
318.328
300.401
7.52255
44.4216
306.098
559.025
4.49124
428.8
6.12278
7.13214
131.329
150.369
7.28279
38.6431
91.1665
128.292
6.54106
6.67841
375.702
245.739
83.9772
197.765
25.0878
84.1789
4.89908
586.336
8.03752
148.438
358.985
503.998
6.78818
147.262
6.92062
54.5455
8.84819
309.228
431.999
419.871
454.635
203.196
7.32717
379.101
6.93261
361.335
405.174
81.2036
11.3491
91.6577
315.926
422.522
6.7349
7.19039
353.047
7.16714
336.137
540.686
195.585
96.8509
256.273
7.46366
350.559
281.083
8.94233
243.922
196.531
245.046
120.233
69.0424
296.084
5.01526
528.923
310.097
572.12
372.75
7.97269
81.0054
7.08114
8.67112
227.863
6.60526
239.375
480.214
6.60431
9.29561
229.927
16.1381
566.757
325.229
92.5921
225.93
26.3927
331.653
87.9353
271.104
209.704
60.7597
21.6003
6.82029
6.92889
6.51645
95.8188
451.505
333.953
6.77973
132.381
348.339
496.323
321.714
364.181
471.378
270.195
6.88695
56.9536
9.9192
269.392
5.10359
7.43779
459.368
8.03552
5.77752
6.84909
99.9205
8.11974
106.062
199.62
360.323
281.986
158.995
7.518
6.61527
7.30453
187.178
94.9897
130.739
120.189
92.2439
25.8426
113.045
223.282
150.294
7.51812
5.30269
381.991
339.28
487.329
192.053
236.69
8.30727
127.701
97.5377
42.957
191.31
539.802
79.9908
154.86
513.477
356.965
177.472
6.46283
6.91232
28.8023
152.918
75.5896
172.524
183.72
538.479
217.04
97.7191
7.73426
96.0456
105.478
416.26
139.587
308.415
7.07784
156.273
225.054
8.78402
84.3608
162.118
278.243
243.717
125.107
223.135
480.534
217.413
7.06115
536.312
7.34346
289.431
84.7613
69.5938
398.507
7.95136
7.12435
6.69848
439.237
254.447
6.44334
235.533
185.481
107.258
412.028
450.745
5.58394
268.246
19.9398
260.068
7.1329
32.9241
411.686
438.121
6.09632
6.94229
441.718
7.54016
275.335
2.49482
6.89086
145.19
4.41841
316.551
7.86225
7.46424
98.5588
7.001
7.09416
19.7495
51.5594
548.251
14.732
346.503
137.101
395.875
7.79256
7.82155
226.446
313.735
221.853
305.046
58.3165
7.06101
7.27197
292.5
286.748
6.93231
196.016
139.493
136.388
6.69392
143.708
186.149
270.426
165.994
143.211
13.0678
472.956
343.708
577.115
100.518
6.70071
7.03959
76.5231
426.883
223.052
326.1
334.134
364.579
317.983
210.341
272.387
8.40375
225.002
269.18
9.86203
182.33
248.98
347.721
165.873
127.945
29.6558
227.006
2.63813
241.112
160.487
417.716
7.02933
397.27
401.357
202.091
6.91364
7.02407
230.083
185.659
223.932
161.978
178.765
158.461
363.406
122.418
9.70081
7.34912
124.173
247.881
285.863
7.21194
524.447
186.064
220.997
414.349
7.09382
71.6344
77.0748
7.67671
148.173
121.104
7.93649
217.734
216.151
55.6446
250.275
333.724
58.877
7.75005
309.323
9.6933
94.7835
7.12399
7.34322
76.5908
18.6438
7.3561
7.95319
331.161
7.47291
4.60107
303.694
386.905
217.336
83.8295
7.39354
7.37576
6.62391
469.886
252.722
7.14704
111.886
7.04365
220.404
31.3278
93.4116
273.458
35.922
8.27077
321.62
428.276
96.9212
20.8091
8.64529
6.59296
5.99304
27.4132
394.535
98.235
41.298
563.492
7.59171
6.81557
143.809
10.6422
10.5005
9.90254
75.7184
195.535
260.589
231.485
7.47683
44.0868
154.092
100.671
571.002
151.875
284.701
527.695
214.229
495.618
7.43802
320.059
54.6202
255.778
89.1069
7.71045
79.2695
527.059
13.2256
285.463
198.584
7.49825
279.942
7.60972
138.24
356.482
383.734
100.516
464.434
7.2345
238.282
3.93965
7.61223
392.434
453.399
84.0945
441.907
279.976
92.9166
236.602
536.917
6.75048
228.533
6.34508
426.415
92.7654
7.63581
254.678
239.708
7.07439
483.163
383.048
35.7489
68.1941
510.66
147.87
7.20969
332.435
78.6449
417.197
239.279
431.981
73.5242
303.787
44.1233
7.3191
194.598
57.8044
64.3882
6.82715
53.4053
382.842
118.892
171.483
7.30537
7.36255
417.034
244.196
219.928
413.588
7.56451
6.95629
76.471
367.623
7.39209
136.381
264.346
101.389
58.8191
246.066
244.826
119.968
274.293
177.75
198.776
467.865
14.1752
101.918
8.91942
181.231
481.387
195.502
4.35502
221.854
48.1346
106.027
437.893
233.093
10.8976
6.76798
83.2057
6.95115
106.912
30.2475
6.1378
6.66692
62.6477
5.90025
19.2476
170.526
229.341
396.13
523.976
209.571
6.72714
140.616
453.709
220.16
433.385
254.403
509.779
128.784
6.8379
350.945
266.515
515.001
31.5058
253.344
439.607
509.046
262.259
6.77808
158.353
286.41
6.951
80.2255
364.246
491.755
59.234
378.913
263.386
389.622
181.76
350.163
300.62
218.659
7.7448
194.97
232.441
237.194
173.596
339.124
7.40949
7.75028
7.31945
5.05532
121.899
219.346
21.4423
348.82
235.595
27.6653
359.969
7.50795
56.0013
352.426
7.33948
85.6768
42.547
7.50606
111.368
72.0076
157.864
268.244
217.409
49.6798
14.6258
73.1182
267.41
54.9375
7.14976
4.69735
7.91397
189.78
204.772
105.735
481.559
262.841
313.661
6.88634
6.82515
7.21335
64.388
110.822
492.493
269.069
24.1201
243.09
152.522
461.226
131.973
55.8767
117.175
353.574
147.318
7.24348
186.591
5.80316
165.747
287.825
119.156
323.122
7.45299
8.14152
140.3
335.594
447.149
445.114
335.362
76.7776
44.1114
536.978
15.5267
394.957
6.6958
559.263
281.379
-4.5302
202.135
103.11
116.772
341.582
165.706
192.604
344.148
156.084
20.0126
146.89
6.87901
7.31072
216.097
413.685
81.3148
557.118
6.82915
219.489
528.242
114.632
182.502
7.54641
439.002
455.961
164.18
6.99875
67.2468
6.86685
143.195
383.683
152.538
171.215
396.501
7.4496
169.137
5.70901
339.617
330.917
382.156
64.7671
6.82679
253.778
57.1464
56.347
21.6258
394.177
163.938
6.52275
463.378
7.25344
31.8213
7.45257
212.49
247.839
234.744
468.18
6.83857
242.107
477.419
406.718
7.08768
211.741
6.58262
7.17891
58.2558
131.088
458.04
136.078
406.081
19.9464
272.148
498.666
179.885
326.429
454.593
218.791
6.29509
316.896
7.27075
406.898
7.53559
57.396
74.824
263.208
90.4047
7.45525
7.67651
192.985
245.245
26.9003
7.69772
34.642
314.332
7.40428
6.4094
327.519
47.2993
7.6017
253.131
142.452
32.9932
8.11632
8.16382
7.44534
7.35575
7.54012
357.196
5.5501
7.62459
6.74725
6.94449
374.6
7.34845
34.4368
57.166
308.156
456.439
31.0057
393.931
7.09142
383.749
221.132
482.442
11.3765
7.68301
94.7626
125.577
449.041
500.937
120.508
463.5
553.684
81.365
350.247
274.278
504.603
253.002
372.072
114.866
84.3835
49.8023
236.881
329.424
6.55447
323.815
228.905
6.43377
38.5858
345.938
56.868
123.745
75.3527
102.665
197.008
7.10019
154.507
387.402
18.5923
7.68784
184.833
162.794
140.225
6.85671
232.275
315.82
307.928
62.5127
6.97892
283.808
370.373
424.711
272.989
45.4771
157.871
217.34
190.75
357.812
7.21968
273.431
69.1715
138.478
7.61416
173.601
210.347
98.3466
-0.443217
308.082
54.884
144.33
158.927
5.84326
483.786
414.974
123.95
213.463
6.43543
502.354
30.4324
278.162
264.204
253.441
6.27463
303.031
6.97401
287.521
313.389
57.4315
479.459
187.59
7.48551
8.38364
362.655
7.08741
436.953
6.44541
164.103
481.239
81.0164
182.314
53.4201
10.0376
6.80302
5.37263
93.072
507.515
363.029
473.273
266.764
331.256
7.63121
311.663
220.987
433.549
127.268
239.043
78.7552
299.82
151.359
158.436
332.686
264.068
168.127
3.24305
102.187
74.1376
110.756
9.01366
399.571
429.08
248.765
252.242
46.2684
125.59
86.9983
6.0427
13.2699
6.48715
319.383
7.42447
234.535
12.55
19.618
266.407
6.50669
216.573
399.558
340.661
245.413
192.741
264.506
7.17773
74.3348
167.364
116.864
6.96552
6.78631
267.819
371.679
7.10589
188.329
154.823
236.639
82.7003
240.854
8.62467
6.44475
105.857
15.9051
61.484
6.55243
432.04
374.644
143.809
7.10893
397.387
17.6449
304.276
524.099
166.997
50.5692
472.905
254.968
331.297
271.458
159.974
516.4
7.73106
22.2521
6.29592
344.033
313.968
451.863
7.35118
124.205
335.904
6.84076
359.337
188.962
380.617
200.593
6.23101
299.219
81.7973
163.314
7.25829
249.679
474.407
5.91055
432.996
172.978
8.04206
223.799
508.045
299.387
-7.03765
246.641
7.62202
429.465
7.04768
260.536
29.9578
7.2664
116.844
272.264
175.731
27.0441
177.74
6.78713
7.08195
503.562
7.57585
3.36257
347.79
7.53922
6.78426
172.585
177.047
230.212
122.19
340.071
299.853
172.301
168.002
161.42
8.51084
5.0141
136.741
8.83686
7.84812
226.605
5.05903
406.301
213.734
7.39888
160.895
400.229
321.249
392.137
322.924
351.423
68.2853
378.479
155.067
187.887
95.0471
6.99191
68.4893
493.47
99.7206
78.5911
7.18368
111.983
133.353
7.11173
68.824
6.61906
97.4467
70.1065
6.97089
255.757
233.961
7.23521
97.4061
6.98867
7.83001
331.439
126.279
111.097
211.808
367.473
54.5057
108.087
98.9189
438.615
270.85
368.227
7.5356
381.751
218.779
7.91638
553.688
6.65168
66.4756
360.379
6.01297
568.057
257.479
538.531
6.52862
6.55203
509.179
70.441
360.412
53.1758
297.467
481.482
6.96714
255.988
6.88453
172.861
156.913
341.89
445.097
341.928
444.93
249.892
154.001
285.736
8.61397
7.59525
4.87417
334.159
397.217
41.4592
7.50355
198.567
112.881
7.91119
455.097
9.19174
72.7174
236.048
174.658
299.055
85.4033
139.504
172.759
62.6692
6.75193
7.1153
362.725
7.1208
451.419
6.70878
116.609
9.86828
7.25599
6.7896
117.621
326.305
16.3575
58.6709
533.4
7.27668
395.417
149.465
7.54368
7.44749
7.24811
33.637
293.718
249.052
19.8463
293.435
109.956
7.12164
6.39364
185.192
100.572
6.97459
50.6922
413.616
419.547
7.60649
7.03434
7.24475
194.816
376.375
371.189
476.816
92.1102
7.09957
416.009
521.878
346.565
7.76419
381.838
27.2632
7.70503
132.586
7.10135
237.801
335.515
7.47776
7.0124
462.368
178.212
5.75239
222.82
7.08978
76.2397
455.989
6.88786
6.59857
56.7859
366.687
26.1194
11.1054
7.03506
7.18336
7.06969
160.335
7.04699
396.882
400.664
472.96
547.766
312.831
433.772
6.64167
17.9466
155.071
67.1038
355.108
6.57101
392.338
409.193
6.88954
554.668
100.253
109.684
192.977
430.184
103.945
422.34
6.46113
220.161
289.877
199.454
348.12
205.918
10.8549
457.81
171.187
331.188
58.2485
7.00263
6.24575
256.848
5.84939
95.9933
20.5511
7.24264
9.48906
6.81657
6.53519
282.342
7.4505
8.55698
165.381
125.698
8.22941
7.29755
7.79718
6.26934
206.846
108.123
17.484
397.286
7.56688
32.6747
7.18707
6.99147
5.67536
77.6088
152.494
541.881
207.448
442.943
11.9166
123.147
6.97095
135.387
6.84016
57.3984
396.179
56.2274
7.30282
55.6716
411.835
133.968
397.229
335.652
563.053
7.4362
17.2391
7.35167
439.338
362.805
123.442
26.0421
216.106
270.435
6.09497
5.2438
256.261
138.648
6.89294
7.37746
8.00678
7.22458
78.7782
237.072
233.865
87.7245
33.9987
333.277
394.47
7.61641
7.02556
15.7304
304.262
421.824
3.76111
157.243
46.6319
7.9391
156.339
6.01543
7.11512
143.14
293.394
290.56
251.459
9.03654
105.301
445.061
112.748
7.08039
7.12616
7.74522
7.00711
94.4723
10.5754
78.8698
351.564
262.469
6.53677
135.76
56.8885
7.75518
8.60979
449.263
7.22174
40.161
7.05397
478.839
122.632
9.03205
184.666
289.892
8.47137
74.9297
23.6816
6.94104
267.743
137.051
339.1
497.968
7.2454
7.87395
-4.09123
356.349
18.2754
71.7369
21.3544
197.194
426.518
18.7813
427.07
446.489
7.15705
7.09416
148.21
424.946
7.0688
7.47923
34.0845
146.015
6.98883
8.51004
7.32847
7.19967
326.839
237.405
481.48
281.453
146.646
291.182
74.8431
89.3905
192.961
7.50446
242.357
7.0236
7.59044
486.327
5.33784
245.3
7.43835
55.0982
391.161
158.117
7.13001
168.785
204.959
7.30964
220.68
125.698
184.922
393.572
54.2231
202.64
7.66431
90.0712
7.19452
105.366
218.642
340.861
408.782
54.0802
6.93851
7.1322
248.314
293.265
6.98402
55.7425
293.116
7.72239
60.8684
6.80487
486.261
10.0911
500.872
279.217
7.13054
371.433
277.416
4.5325
431.941
7.32938
316.473
408.578
144.831
7.80658
345.192
7.69811
442.228
190.269
117.077
28.0527
7.17912
7.79341
334.95
524.139
16.4109
3.33514
207.067
84.817
125.789
284.57
165.062
305.632
269.039
13.6356
373.925
167.391
187.349
11.3001
298.794
7.49833
357.757
11.2416
507.195
276.696
7.56608
106.794
87.9282
13.8269
135.976
561.271
7.27513
97.8107
7.54681
100.018
7.0128
7.42373
47.891
69.3469
381.358
212.158
148.217
324.536
9.44703
428.863
7.383
442.193
423.432
219.577
7.33204
6.81167
201.172
7.22176
7.03621
10.2801
132.557
109.147
268.425
383.61
307.682
228.289
90.2303
331.981
171.308
6.90529
7.06289
6.94032
9.46153
236.782
278.557
35.4386
109.875
105.143
7.38073
124.894
274.051
16.1711
6.51834
273.093
312.723
7.90861
169.409
7.19353
341.716
7.58885
516.913
7.21503
225.892
10.2588
193.911
162.055
6.95954
273.733
150.232
507.489
402.409
462.76
5.40184
289.366
405.141
206.811
196.524
147.396
310.915
458.56
352.304
315.071
13.5621
292.222
10.1017
172.456
18.1229
5.24179
6.38082
6.86747
6.65472
20.9156
177.514
72.5368
29.7292
14.1748
416.601
7.37086
250.098
111.832
7.29359
133.842
324.232
233.074
80.479
15.901
7.3716
491.658
6.83237
172.879
419.868
289.173
185.803
106.215
260.199
7.06934
93.5013
236.307
7.86888
25.4735
288.236
251.25
533.386
182.681
7.85012
7.72699
7.03743
7.17483
538.471
258.429
154.642
270.146
204.898
118.202
6.49025
64.4755
32.7033
123.397
308.916
376.148
179.432
7.43919
557.811
132.348
60.3504
8.04906
259.336
76.2052
263.831
412.637
7.41038
75.8259
186.688
103.08
240.058
315.064
131.714
6.97718
39.564
46.911
261.966
6.88355
269.088
275.933
5.51385
503.328
199.979
101.986
412.957
475.371
6.66574
207.063
217.281
275.767
332.616
460.845
77.8312
354.144
522.052
24.5716
53.8195
7.68051
160.191
426.887
7.19548
203.549
6.15764
186.13
12.4293
308.491
0.804719
88.0614
225.331
