51.3764
-1.0
38.9629
51.0853
-1.0
-1.0
42.632
-1.0
-1.0
28.207
-1.0
-1.0
37.8825
-1.0
-1.0
-1.0
-1.0
-1.0
-1.0
14.3596
-1.0
-1.0
-1.0
-1.0
-1.0
32.8894
52.1715
41.0794
49.8532
-1.0
-1.0
-1.0
-1.0
-1.0
-1.0
-1.0
-1.0
-1.0
-1.0
42.2257
-1.0
-1.0
-1.0
51.902
32.3269
-1.0
-1.0
42.616
-1.0
-1.0
-1.0
33.2559
-1.0
-1.0
-1.0
-1.0
-1.0
-1.0
46.6638
-1.0
-1.0
-1.0
-1.0
-1.0
-1.0
39.6984
-1.0
-1.0
-1.0
41.2899
-1.0
-1.0
-1.0
-1.0
50.9091
-1.0
28.2714
-1.0
-1.0
-1.0
-1.0
25.5154
-1.0
-1.0
-1.0
-1.0
14.8101
33.2987
-1.0
41.9657
-1.0
-1.0
-1.0
-1.0
-1.0
-1.0
-1.0
-1.0
-1.0
-1.0
-1.0
-1.0
-1.0
-1.0
44.2288
44.5112
-1.0
-1.0
-1.0
-1.0
29.9399
-1.0
34.3193
38.0488
-1.0
-1.0
-1.0
-1.0
-1.0
-1.0
-1.0
-1.0
-1.0
48.1783
37.312
41.9416
-1.0
-1.0
-1.0
27.6
-1.0
-1.0
-1.0
-1.0
-1.0
-1.0
-1.0
39.4697
-1.0
-1.0
34.6372
-1.0
-1.0
-1.0
-1.0
-1.0
-1.0
-1.0
47.1045
48.6941
-1.0
-1.0
-1.0
50.7309
45.2956
-1.0
-1.0
31.4308
-1.0
-1.0
-1.0
51.4903
-1.0
-1.0
-1.0
-1.0
-1.0
-1.0
-1.0
-1.0
17.8113
-1.0
-1.0
-1.0
-1.0
44.4169
-1.0
-1.0
-1.0
31.4599
-1.0
-1.0
-1.0
-1.0
38.3131
16.0105
24.4454
-1.0
-1.0
-1.0
-1.0
-1.0
38.0803
-1.0
-1.0
-1.0
-1.0
-1.0
-1.0
-1.0
-1.0
-1.0
-1.0
-1.0
-1.0
-1.0
-1.0
-1.0
-1.0
-1.0
-1.0
-1.0
-1.0
-1.0
-1.0
-1.0
-1.0
-1.0
29.981
-1.0
-1.0
45.8044
-1.0
-1.0
50.6999
-1.0
-1.0
-1.0
-1.0
36.9461
-1.0
-1.0
-1.0
-1.0
-1.0
-1.0
-1.0
-1.0
-1.0
-1.0
38.0424
-1.0
-1.0
-1.0
-1.0
-1.0
-1.0
-1.0
15.8135
-1.0
-1.0
-1.0
-1.0
-1.0
-1.0
-1.0
-1.0
-1.0
23.8972
-1.0
-1.0
31.0701
43.3648
-1.0
-1.0
-1.0
-1.0
-1.0
29.5547
42.5649
-1.0
-1.0
32.6548
-1.0
35.9447
-1.0
39.442
39.7941
-1.0
41.7567
41.9575
-1.0
32.6641
-1.0
-1.0
-1.0
23.3137
-1.0
-1.0
-1.0
-1.0
-1.0
-1.0
-1.0
-1.0
-1.0
-1.0
48.1494
43.7163
-1.0
-1.0
34.536
-1.0
20.7807
14.3706
-1.0
-1.0
48.0125
-1.0
-1.0
-1.0
-1.0
-1.0
-1.0
32.3082
-1.0
-1.0
-1.0
-1.0
-1.0
-1.0
-1.0
51.785
-1.0
-1.0
41.4355
-1.0
-1.0
-1.0
46.6412
-1.0
-1.0
-1.0
26.4708
-1.0
-1.0
-1.0
-1.0
-1.0
45.5799
-1.0
-1.0
-1.0
-1.0
-1.0
-1.0
-1.0
48.8856
-1.0
27.4207
-1.0
40.1612
-1.0
-1.0
51.9907
49.0475
-1.0
-1.0
-1.0
-1.0
-1.0
-1.0
-1.0
-1.0
-1.0
-1.0
-1.0
-1.0
27.7885
-1.0
-1.0
-1.0
-1.0
-1.0
-1.0
-1.0
-1.0
-1.0
-1.0
-1.0
-1.0
-1.0
-1.0
-1.0
47.8199
-1.0
-1.0
52.8982
-1.0
-1.0
-1.0
-1.0
-1.0
-1.0
-1.0
-1.0
36.0669
-1.0
25.2134
-1.0
-1.0
23.4521
-1.0
-1.0
41.8797
-1.0
-1.0
23.2698
-1.0
-1.0
-1.0
40.2399
37.1732
-1.0
-1.0
-1.0
-1.0
-1.0
-1.0
-1.0
-1.0
-1.0
34.177
-1.0
-1.0
-1.0
-1.0
26.884
-1.0
-1.0
-1.0
43.1652
-1.0
-1.0
-1.0
44.1832
22.6777
-1.0
-1.0
28.3273
-1.0
36.1745
48.4484
32.5488
-1.0
-1.0
-1.0
-1.0
-1.0
-1.0
-1.0
27.0848
36.9911
-1.0
-1.0
41.7433
-1.0
-1.0
-1.0
-1.0
15.1558
-1.0
27.9237
-1.0
-1.0
32.6522
34.6731
-1.0
-1.0
-1.0
-1.0
-1.0
-1.0
-1.0
-1.0
-1.0
-1.0
-1.0
31.9823
-1.0
-1.0
52.931
-1.0
-1.0
-1.0
44.1242
30.5433
24.6871
29.9833
35.8372
50.0314
-1.0
-1.0
-1.0
-1.0
11.7143
-1.0
-1.0
-1.0
36.5334
-1.0
-1.0
43.0306
8.95306
-1.0
-1.0
-1.0
-1.0
-1.0
-1.0
-1.0
-1.0
-1.0
-1.0
12.4626
-1.0
-1.0
-1.0
42.0965
-1.0
-1.0
-1.0
-1.0
-1.0
-1.0
-1.0
-1.0
-1.0
-1.0
-1.0
-1.0
-1.0
48.4265
-1.0
-1.0
-1.0
-1.0
30.2757
45.3122
-1.0
-1.0
-1.0
43.5763
-1.0
-1.0
-1.0
-1.0
-1.0
30.1844
-1.0
-1.0
-1.0
30.5345
-1.0
-1.0
42.5066
-1.0
43.7538
46.1437
-1.0
-1.0
40.0119
-1.0
-1.0
-1.0
30.3342
-1.0
-1.0
-1.0
-1.0
-1.0
-1.0
-1.0
-1.0
-1.0
-1.0
-1.0
-1.0
-1.0
-1.0
22.3601
-1.0
-1.0
-1.0
-1.0
-1.0
-1.0
20.5973
-1.0
20.5783
34.0811
-1.0
-1.0
-1.0
38.8877
-1.0
-1.0
-1.0
32.9275
-1.0
-1.0
-1.0
-1.0
-1.0
-1.0
-1.0
-1.0
38.5638
-1.0
24.3115
-1.0
-1.0
-1.0
-1.0
-1.0
-1.0
-1.0
51.4211
-1.0
-1.0
-1.0
-1.0
-1.0
-1.0
-1.0
-1.0
-1.0
-1.0
-1.0
-1.0
-1.0
51.4653
-1.0
-1.0
-1.0
-1.0
42.8631
-1.0
40.9069
42.656
36.9948
-1.0
-1.0
-1.0
-1.0
-1.0
32.4921
-1.0
-1.0
-1.0
-1.0
-1.0
-1.0
22.8018
-1.0
40.5254
-1.0
-1.0
-1.0
51.2163
30.479
-1.0
-1.0
25.9626
28.6002
-1.0
29.0672
-1.0
-1.0
-1.0
-1.0
-1.0
39.6928
-1.0
-1.0
-1.0
-1.0
41.327
-1.0
-1.0
-1.0
-1.0
-1.0
-1.0
-1.0
46.7019
21.457
50.7802
-1.0
-1.0
-1.0
40.9908
-1.0
26.1924
45.1526
-1.0
32.042
-1.0
-1.0
-1.0
-1.0
46.2514
-1.0
-1.0
40.2767
-1.0
-1.0
-1.0
-1.0
51.9558
-1.0
13.1341
-1.0
46.531
-1.0
-1.0
-1.0
-1.0
-1.0
-1.0
-1.0
-1.0
-1.0
-1.0
23.1437
-1.0
-1.0
49.1721
-1.0
34.9518
38.8257
-1.0
32.857
29.8041
-1.0
-1.0
-1.0
-1.0
-1.0
-1.0
-1.0
-1.0
-1.0
-1.0
-1.0
-1.0
-1.0
31.7619
-1.0
-1.0
-1.0
-1.0
21.4594
-1.0
39.479
-1.0
-1.0
44.1853
33.6591
-1.0
-1.0
-1.0
-1.0
-1.0
12.274
20.0629
15.9868
-1.0
-1.0
44.7899
-1.0
-1.0
-1.0
-1.0
-1.0
-1.0
-1.0
-1.0
43.9988
-1.0
-1.0
47.6572
-1.0
-1.0
-1.0
-1.0
-1.0
-1.0
42.7287
44.8025
-1.0
-1.0
43.7005
-1.0
-1.0
11.3884
-1.0
46.6646
-1.0
31.4577
-1.0
-1.0
13.2498
-1.0
-1.0
-1.0
40.2758
49.4884
-1.0
38.1167
55.9826
39.1102
-1.0
-1.0
41.8886
-1.0
-1.0
-1.0
41.3476
-1.0
-1.0
-1.0
-1.0
52.2735
-1.0
-1.0
-1.0
-1.0
-1.0
-1.0
-1.0
-1.0
-1.0
-1.0
-1.0
39.5663
44.2807
-1.0
40.2006
-1.0
-1.0
-1.0
-1.0
-1.0
49.4313
20.0744
38.331
47.4642
-1.0
14.2834
-1.0
-1.0
12.9684
46.2623
-1.0
-1.0
26.5586
-1.0
-1.0
43.8421
37.5003
-1.0
-1.0
-1.0
-1.0
-1.0
-1.0
-1.0
43.0167
-1.0
-1.0
-1.0
50.6537
-1.0
13.9757
-1.0
-1.0
-1.0
-1.0
-1.0
10.5913
-1.0
-1.0
-1.0
42.0609
-1.0
-1.0
-1.0
-1.0
-1.0
-1.0
-1.0
27.3094
-1.0
-1.0
-1.0
45.1087
51.4262
-1.0
-1.0
-1.0
-1.0
-1.0
15.7572
38.6214
-1.0
-1.0
-1.0
-1.0
37.1308
44.513
-1.0
-1.0
-1.0
-1.0
52.1885
17.8876
-1.0
-1.0
-1.0
-1.0
-1.0
-1.0
39.0738
-1.0
21.8949
36.6508
50.5803
-1.0
-1.0
-1.0
-1.0
23.1136
-1.0
-1.0
48.8615
31.921
-1.0
-1.0
-1.0
-1.0
-1.0
-1.0
-1.0
-1.0
24.5253
-1.0
-1.0
-1.0
-1.0
-1.0
43.5959
44.2207
-1.0
-1.0
-1.0
-1.0
-1.0
31.7998
36.8819
-1.0
-1.0
-1.0
43.5563
24.7973
-1.0
-1.0
-1.0
-1.0
-1.0
-1.0
-1.0
-1.0
-1.0
-1.0
39.8904
-1.0
-1.0
37.7395
-1.0
-1.0
-1.0
-1.0
-1.0
-1.0
-1.0
-1.0
43.8552
-1.0
-1.0
-1.0
-1.0
34.1522
-1.0
-1.0
-1.0
-1.0
-1.0
-1.0
-1.0
-1.0
-1.0
-1.0
-1.0
-1.0
-1.0
-1.0
-1.0
-1.0
-1.0
9.94794
-1.0
-1.0
-1.0
49.214
-1.0
-1.0
-1.0
-1.0
-1.0
-1.0
-1.0
-1.0
-1.0
-1.0
51.7796
41.1044
-1.0
-1.0
-1.0
40.5322
48.6476
-1.0
-1.0
-1.0
-1.0
-1.0
-1.0
28.8241
-1.0
15.398
-1.0
-1.0
-1.0
-1.0
-1.0
-1.0
-1.0
-1.0
-1.0
-1.0
-1.0
-1.0
-1.0
-1.0
-1.0
-1.0
-1.0
-1.0
-1.0
-1.0
-1.0
33.7791
-1.0
25.1711
39.0964
-1.0
-1.0
44.9977
-1.0
33.6906
-1.0
-1.0
-1.0
-1.0
-1.0
-1.0
-1.0
-1.0
-1.0
-1.0
-1.0
-1.0
-1.0
-1.0
-1.0
-1.0
-1.0
44.5834
-1.0
-1.0
-1.0
-1.0
-1.0
-1.0
42.7528
-1.0
-1.0
-1.0
-1.0
-1.0
-1.0
-1.0
-1.0
-1.0
-1.0
-1.0
-1.0
-1.0
-1.0
-1.0
-1.0
-1.0
-1.0
-1.0
-1.0
44.7823
-1.0
-1.0
-1.0
-1.0
49.915
-1.0
-1.0
-1.0
-1.0
-1.0
-1.0
-1.0
-1.0
-1.0
-1.0
-1.0
-1.0
-1.0
-1.0
-1.0
-1.0
-1.0
41.4339
-1.0
-1.0
-1.0
-1.0
-1.0
30.5579
38.6133
-1.0
-1.0
-1.0
32.558
-1.0
-1.0
-1.0
-1.0
-1.0
-1.0
-1.0
-1.0
-1.0
-1.0
-1.0
42.1139
-1.0
-1.0
-1.0
-1.0
-1.0
43.9566
-1.0
51.8026
23.9617
39.7885
-1.0
-1.0
38.2674
-1.0
42.4229
-1.0
-1.0
46.4743
-1.0
-1.0
-1.0
-1.0
-1.0
-1.0
32.833
-1.0
-1.0
-1.0
-1.0
-1.0
-1.0
-1.0
33.1295
48.1669
-1.0
-1.0
-1.0
-1.0
28.7353
-1.0
-1.0
-1.0
-1.0
-1.0
-1.0
-1.0
12.2038
42.969
-1.0
-1.0
-1.0
35.8768
-1.0
37.5125
10.061
-1.0
-1.0
-1.0
-1.0
-1.0
-1.0
-1.0
48.0284
-1.0
-1.0
-1.0
-1.0
37.0044
-1.0
-1.0
-1.0
20.6684
-1.0
-1.0
-1.0
-1.0
-1.0
-1.0
-1.0
36.4172
-1.0
-1.0
-1.0
49.7116
-1.0
-1.0
-1.0
-1.0
-1.0
-1.0
-1.0
-1.0
-1.0
-1.0
-1.0
29.1849
-1.0
-1.0
-1.0
-1.0
-1.0
17.1013
23.082
-1.0
23.986
-1.0
-1.0
51.0847
-1.0
-1.0
-1.0
27.1244
-1.0
-1.0
-1.0
-1.0
-1.0
-1.0
24.7712
-1.0
-1.0
-1.0
-1.0
-1.0
-1.0
30.0673
34.2445
-1.0
-1.0
-1.0
-1.0
-1.0
-1.0
-1.0
-1.0
-1.0
-1.0
-1.0
-1.0
-1.0
-1.0
-1.0
-1.0
-1.0
-1.0
-1.0
-1.0
-1.0
-1.0
29.3103
-1.0
45.2838
34.3962
-1.0
-1.0
-1.0
-1.0
-1.0
-1.0
-1.0
-1.0
-1.0
-1.0
-1.0
44.2913
-1.0
-1.0
48.952
-1.0
-1.0
-1.0
-1.0
-1.0
-1.0
-1.0
19.8935
-1.0
-1.0
-1.0
-1.0
-1.0
42.7453
27.2758
-1.0
41.2673
-1.0
-1.0
-1.0
-1.0
-1.0
-1.0
42.401
-1.0
-1.0
39.2241
-1.0
-1.0
51.7479
-1.0
-1.0
-1.0
-1.0
-1.0
14.5678
-1.0
-1.0
-1.0
-1.0
4.76555
-1.0
-1.0
-1.0
-1.0
-1.0
-1.0
-1.0
33.0542
49.192
-1.0
-1.0
-1.0
-1.0
-1.0
-1.0
-1.0
-1.0
-1.0
49.1744
-1.0
-1.0
43.7544
-1.0
-1.0
-1.0
-1.0
-1.0
-1.0
42.149
-1.0
-1.0
-1.0
-1.0
44.6732
16.7809
-1.0
-1.0
-1.0
-1.0
-1.0
-1.0
-1.0
-1.0
-1.0
49.31
-1.0
38.8118
52.0677
-1.0
-1.0
-1.0
-1.0
-1.0
-1.0
-1.0
49.1481
-1.0
-1.0
-1.0
-1.0
-1.0
-1.0
-1.0
-1.0
-1.0
-1.0
-1.0
-1.0
-1.0
-1.0
-1.0
-1.0
-1.0
-1.0
-1.0
-1.0
-1.0
-1.0
-1.0
-1.0
-1.0
-1.0
-1.0
-1.0
-1.0
-1.0
-1.0
-1.0
-1.0
-1.0
-1.0
-1.0
41.6189
42.8169
50.94
-1.0
17.0276
-1.0
-1.0
-1.0
39.801
-1.0
-1.0
-1.0
-1.0
-1.0
-1.0
-1.0
-1.0
-1.0
50.4832
-1.0
-1.0
-1.0
21.7648
-1.0
-1.0
41.6935
-1.0
-1.0
-1.0
-1.0
38.254
-1.0
-1.0
-1.0
-1.0
-1.0
-1.0
-1.0
-1.0
-1.0
-1.0
-1.0
-1.0
-1.0
-1.0
-1.0
-1.0
-1.0
-1.0
-1.0
-1.0
-1.0
-1.0
-1.0
-1.0
-1.0
-1.0
-1.0
-1.0
-1.0
42.8885
-1.0
-1.0
-1.0
35.5507
-1.0
-1.0
-1.0
-1.0
47.28
24.8821
-1.0
-1.0
41.5819
-1.0
-1.0
-1.0
-1.0
-1.0
-1.0
-1.0
-1.0
-1.0
-1.0
-1.0
-1.0
-1.0
26.6205
-1.0
-1.0
29.8791
-1.0
-1.0
-1.0
-1.0
36.0121
-1.0
-1.0
-1.0
-1.0
-1.0
-1.0
-1.0
30.8172
30.0875
-1.0
40.191
-1.0
-1.0
35.4948
33.1505
-1.0
-1.0
37.5802
-1.0
-1.0
-1.0
-1.0
-1.0
-1.0
39.1383
10.2812
-1.0
-1.0
50.8947
52.2065
-1.0
-1.0
-1.0
-1.0
-1.0
-1.0
-1.0
-1.0
52.271
-1.0
28.8847
-1.0
34.8204
35.9723
-1.0
-1.0
23.4338
51.1016
-1.0
-1.0
-1.0
-1.0
-1.0
-1.0
-1.0
16.8883
-1.0
41.2691
29.2682
40.9289
-1.0
-1.0
-1.0
-1.0
-1.0
-1.0
-1.0
-1.0
-1.0
-1.0
28.852
31.6154
-1.0
-1.0
42.5666
13.7572
-1.0
-1.0
-1.0
-1.0
-1.0
-1.0
17.9719
33.1884
-1.0
-1.0
-1.0
37.2078
-1.0
-1.0
-1.0
-1.0
-1.0
-1.0
-1.0
-1.0
47.4185
46.5381
-1.0
-1.0
-1.0
-1.0
-1.0
-1.0
-1.0
39.0321
-1.0
-1.0
34.001
-1.0
-1.0
32.0003
-1.0
21.6393
27.5068
-1.0
-1.0
-1.0
-1.0
-1.0
-1.0
-1.0
-1.0
34.6506
-1.0
22.9262
-1.0
-1.0
26.0022
14.5163
-1.0
-1.0
-1.0
-1.0
-1.0
-1.0
-1.0
-1.0
-1.0
40.3097
-1.0
-1.0
37.6776
-1.0
-1.0
-1.0
-1.0
-1.0
-1.0
-1.0
-1.0
-1.0
-1.0
-1.0
39.587
-1.0
-1.0
21.461
-1.0
24.2626
-1.0
-1.0
-1.0
-1.0
-1.0
-1.0
-1.0
-1.0
-1.0
-1.0
49.6614
-1.0
-1.0
-1.0
-1.0
-1.0
-1.0
-1.0
-1.0
-1.0
40.3993
-1.0
-1.0
35.9919
-1.0
-1.0
-1.0
-1.0
-1.0
24.7596
-1.0
-1.0
-1.0
-1.0
-1.0
-1.0
-1.0
-1.0
33.142
42.7955
-1.0
46.0237
-1.0
45.8684
-1.0
-1.0
-1.0
-1.0
-1.0
-1.0
-1.0
37.1741
-1.0
-1.0
-1.0
-1.0
-1.0
-1.0
-1.0
-1.0
-1.0
-1.0
-1.0
-1.0
33.3597
-1.0
-1.0
-1.0
-1.0
-1.0
16.7261
22.1914
-1.0
41.3081
26.0262
-1.0
-1.0
-1.0
-1.0
-1.0
-1.0
-1.0
44.2763
-1.0
-1.0
-1.0
-1.0
31.7694
-1.0
-1.0
-1.0
-1.0
-1.0
-1.0
-1.0
-1.0
-1.0
-1.0
-1.0
51.5902
-1.0
-1.0
-1.0
-1.0
-1.0
51.2036
-1.0
-1.0
-1.0
-1.0
-1.0
-1.0
-1.0
-1.0
41.5889
-1.0
-1.0
-1.0
-1.0
-1.0
-1.0
-1.0
-1.0
-1.0
-1.0
-1.0
48.0438
-1.0
-1.0
40.9065
-1.0
-1.0
-1.0
-1.0
-1.0
-1.0
36.7706
-1.0
31.4611
20.2768
48.811
-1.0
-1.0
-1.0
-1.0
-1.0
-1.0
-1.0
-1.0
45.9113
-1.0
-1.0
24.6191
-1.0
43.4736
-1.0
-1.0
-1.0
-1.0
-1.0
-1.0
-1.0
-1.0
24.5079
-1.0
-1.0
-1.0
-1.0
-1.0
-1.0
-1.0
39.2569
-1.0
-1.0
-1.0
-1.0
11.1119
-1.0
-1.0
-1.0
-1.0
51.5306
-1.0
30.9904
34.8382
-1.0
-1.0
-1.0
-1.0
8.07691
-1.0
-1.0
-1.0
-1.0
-1.0
-1.0
-1.0
47.0385
-1.0
-1.0
25.8237
-1.0
-1.0
39.3178
-1.0
-1.0
-1.0
-1.0
-1.0
-1.0
-1.0
-1.0
-1.0
-1.0
-1.0
-1.0
43.4303
-1.0
-1.0
-1.0
-1.0
-1.0
-1.0
-1.0
16.485
-1.0
-1.0
-1.0
40.7302
-1.0
-1.0
-1.0
-1.0
-1.0
-1.0
32.1575
-1.0
40.4468
-1.0
-1.0
-1.0
32.5204
7.17106
-1.0
-1.0
-1.0
-1.0
-1.0
-1.0
-1.0
-1.0
50.1894
-1.0
-1.0
-1.0
-1.0
-1.0
-1.0
-1.0
-1.0
-1.0
-1.0
-1.0
50.2008
-1.0
-1.0
-1.0
-1.0
51.1661
-1.0
-1.0
43.2408
-1.0
-1.0
36.1508
-1.0
23.0574
-1.0
49.5927
44.5657
-1.0
-1.0
-1.0
-1.0
-1.0
25.945
-1.0
-1.0
-1.0
-1.0
-1.0
-1.0
-1.0
33.0207
-1.0
-1.0
-1.0
-1.0
-1.0
21.9076
-1.0
-1.0
-1.0
48.4879
-1.0
-1.0
41.6026
-1.0
31.9516
-1.0
-1.0
40.8873
-1.0
-1.0
-1.0
-1.0
-1.0
-1.0
-1.0
-1.0
25.3682
-1.0
-1.0
19.4268
-1.0
-1.0
-1.0
-1.0
-1.0
31.3428
32.2218
34.5759
40.3453
-1.0
-1.0
34.6841
36.7932
20.8827
-1.0
-1.0
-1.0
-1.0
-1.0
33.0689
-1.0
-1.0
-1.0
-1.0
-1.0
-1.0
-1.0
-1.0
-1.0
-1.0
11.1509
18.3281
42.0511
-1.0
10.5333
-1.0
-1.0
28.5619
-1.0
-1.0
-1.0
-1.0
-1.0
-1.0
-1.0
-1.0
-1.0
-1.0
-1.0
-1.0
-1.0
49.9386
-1.0
-1.0
44.956
-1.0
-1.0
-1.0
-1.0
-1.0
-1.0
-1.0
-1.0
-1.0
-1.0
26.2941
48.8985
-1.0
-1.0
38.5222
-1.0
-1.0
42.8542
-1.0
-1.0
-1.0
-1.0
-1.0
-1.0
37.3234
43.1849
-1.0
-1.0
-1.0
-1.0
36.0068
-1.0
50.4808
-1.0
-1.0
39.4271
50.495
-1.0
32.8409
-1.0
-1.0
-1.0
46.7094
23.9799
-1.0
43.9785
20.0347
-1.0
-1.0
-1.0
-1.0
45.7343
-1.0
-1.0
-1.0
-1.0
-1.0
-1.0
-1.0
-1.0
30.3546
-1.0
-1.0
-1.0
-1.0
35.9152
-1.0
35.9421
-1.0
-1.0
-1.0
-1.0
47.4959
-1.0
36.4173
-1.0
-1.0
-1.0
-1.0
-1.0
-1.0
24.7897
-1.0
-1.0
-1.0
-1.0
-1.0
-1.0
-1.0
43.54
-1.0
-1.0
-1.0
-1.0
-1.0
-1.0
-1.0
-1.0
-1.0
-1.0
42.0928
-1.0
-1.0
-1.0
-1.0
-1.0
26.1681
-1.0
-1.0
-1.0
-1.0
23.7762
15.9652
43.2635
-1.0
30.5637
44.8364
-1.0
-1.0
32.4809
-1.0
-1.0
-1.0
23.2879
-1.0
-1.0
-1.0
-1.0
-1.0
-1.0
-1.0
-1.0
-1.0
26.8922
-1.0
-1.0
41.0849
-1.0
-1.0
45.9435
-1.0
-1.0
-1.0
-1.0
-1.0
-1.0
55.6938
-1.0
27.8104
-1.0
-1.0
-1.0
-1.0
-1.0
-1.0
-1.0
-1.0
39.9677
43.8837
48.349
-1.0
-1.0
-1.0
-1.0
-1.0
33.141
-1.0
-1.0
-1.0
-1.0
-1.0
44.8921
-1.0
31.6818
-1.0
-1.0
-1.0
-1.0
28.5503
-1.0
15.8636
19.9398
-1.0
-1.0
50.8651
-1.0
-1.0
-1.0
-1.0
-1.0
19.5937
-1.0
46.4645
-1.0
-1.0
-1.0
-1.0
-1.0
-1.0
-1.0
31.5538
-1.0
-1.0
34.7834
-1.0
34.6165
-1.0
-1.0
-1.0
-1.0
-1.0
50.213
-1.0
-1.0
-1.0
-1.0
32.852
-1.0
49.6382
-1.0
-1.0
-1.0
46.9742
-1.0
-1.0
-1.0
-1.0
-1.0
-1.0
-1.0
-1.0
-1.0
-1.0
43.2562
24.9249
-1.0
-1.0
-1.0
-1.0
-1.0
-1.0
-1.0
-1.0
-1.0
48.4778
-1.0
-1.0
33.8295
-1.0
-1.0
-1.0
-1.0
-1.0
-1.0
32.231
-1.0
-1.0
-1.0
-1.0
22.2063
-1.0
-1.0
-1.0
-1.0
-1.0
-1.0
41.746
-1.0
-1.0
-1.0
-1.0
-1.0
-1.0
-1.0
50.75
-1.0
34.3535
-1.0
-1.0
44.4776
-1.0
-1.0
45.3851
20.0148
35.9271
-1.0
30.0866
-1.0
-1.0
32.8622
-1.0
-1.0
39.2155
-1.0
-1.0
-1.0
-1.0
-1.0
-1.0
-1.0
-1.0
-1.0
-1.0
-1.0
32.372
-1.0
44.907
-1.0
24.6864
-1.0
-1.0
-1.0
-1.0
-1.0
-1.0
-1.0
-1.0
-1.0
-1.0
51.9354
-1.0
45.078
-1.0
43.1163
-1.0
-1.0
-1.0
-1.0
-1.0
49.7314
-1.0
-1.0
-1.0
-1.0
-1.0
-1.0
-1.0
40.5578
-1.0
-1.0
-1.0
20.3103
31.2017
-1.0
-1.0
39.7184
49.1212
-1.0
-1.0
-1.0
-1.0
-1.0
29.8283
-1.0
-1.0
-1.0
-1.0
-1.0
-1.0
-1.0
-1.0
-1.0
-1.0
-1.0
-1.0
-1.0
17.2731
-1.0
51.7259
-1.0
18.3314
-1.0
-1.0
-1.0
48.7507
-1.0
-1.0
-1.0
-1.0
24.7979
35.3429
-1.0
-1.0
47.5393
-1.0
-1.0
-1.0
-1.0
-1.0
39.4895
-1.0
-1.0
34.8918
-1.0
51.5718
-1.0
-1.0
-1.0
-1.0
-1.0
24.2726
-1.0
-1.0
-1.0
-1.0
44.0078
-1.0
-1.0
-1.0
27.9449
-1.0
-1.0
-1.0
30.0342
-1.0
-1.0
-1.0
30.0873
-1.0
-1.0
31.2647
44.4214
-1.0
-1.0
-1.0
-1.0
38.7727
-1.0
-1.0
42.3625
-1.0
22.0346
35.8371
-1.0
-1.0
-1.0
-1.0
-1.0
-1.0
-1.0
22.3975
41.867
-1.0
-1.0
-1.0
-1.0
-1.0
-1.0
-1.0
-1.0
-1.0
-1.0
28.2131
51.4579
-1.0
-1.0
30.2761
-1.0
-1.0
-1.0
-1.0
-1.0
-1.0
-1.0
-1.0
-1.0
-1.0
36.0497
40.459
-1.0
-1.0
-1.0
-1.0
-1.0
-1.0
-1.0
-1.0
-1.0
-1.0
-1.0
-1.0
-1.0
-1.0
-1.0
-1.0
-1.0
-1.0
-1.0
18.5747
20.2803
-1.0
-1.0
-1.0
-1.0
25.9909
-1.0
28.412
-1.0
-1.0
-1.0
-1.0
-1.0
-1.0
-1.0
-1.0
-1.0
-1.0
-1.0
39.0725
-1.0
-1.0
-1.0
-1.0
30.7535
-1.0
-1.0
-1.0
-1.0
-1.0
-1.0
-1.0
-1.0
-1.0
-1.0
34.4002
45.1484
37.8192
-1.0
-1.0
-1.0
-1.0
-1.0
-1.0
-1.0
-1.0
-1.0
27.5499
-1.0
19.4121
-1.0
-1.0
-1.0
-1.0
-1.0
-1.0
-1.0
-1.0
-1.0
-1.0
-1.0
-1.0
49.9677
-1.0
-1.0
-1.0
-1.0
-1.0
28.0407
-1.0
49.7588
-1.0
-1.0
-1.0
38.4669
-1.0
-1.0
-1.0
-1.0
-1.0
-1.0
-1.0
-1.0
-1.0
-1.0
-1.0
-1.0
-1.0
-1.0
-1.0
-1.0
-1.0
-1.0
-1.0
-1.0
-1.0
-1.0
-1.0
-1.0
-1.0
-1.0
-1.0
38.2666
-1.0
-1.0
-1.0
49.4767
-1.0
-1.0
-1.0
-1.0
27.5746
44.909
-1.0
-1.0
30.7171
-1.0
37.4558
-1.0
-1.0
-1.0
-1.0
-1.0
-1.0
-1.0
-1.0
-1.0
-1.0
37.841
-1.0
-1.0
8.70075
42.0452
-1.0
-1.0
-1.0
37.1501
-1.0
-1.0
40.133
39.9039
-1.0
-1.0
-1.0
-1.0
-1.0
23.3805
40.1565
-1.0
-1.0
10.6687
40.4542
-1.0
-1.0
-1.0
16.3255
-1.0
18.9521
-1.0
-1.0
-1.0
-1.0
-1.0
-1.0
52.0944
-1.0
-1.0
-1.0
-1.0
-1.0
-1.0
-1.0
-1.0
-1.0
-1.0
-1.0
-1.0
-1.0
-1.0
-1.0
-1.0
-1.0
-1.0
-1.0
-1.0
50.5741
-1.0
-1.0
-1.0
50.7838
-1.0
-1.0
-1.0
-1.0
-1.0
-1.0
-1.0
-1.0
-1.0
-1.0
-1.0
-1.0
14.1066
-1.0
-1.0
38.0172
-1.0
-1.0
-1.0
6.47985
38.7155
48.1659
28.4344
-1.0
-1.0
34.394
-1.0
-1.0
-1.0
-1.0
-1.0
38.2297
31.1455
27.8224
-1.0
-1.0
35.8959
-1.0
-1.0
-1.0
-1.0
-1.0
36.4335
-1.0
32.9671
12.1456
-1.0
-1.0
42.2457
25.8778
-1.0
46.0927
34.8683
-1.0
-1.0
22.437
-1.0
-1.0
-1.0
34.7524
-1.0
-1.0
-1.0
-1.0
-1.0
-1.0
-1.0
-1.0
30.9928
48.2346
28.1566
43.5088
29.9492
-1.0
-1.0
-1.0
27.5964
42.1594
-1.0
-1.0
-1.0
18.968
-1.0
-1.0
-1.0
18.6146
-1.0
-1.0
-1.0
-1.0
-1.0
-1.0
-1.0
-1.0
-1.0
30.2028
-1.0
29.289
-1.0
-1.0
31.5329
-1.0
-1.0
-1.0
-1.0
-1.0
-1.0
32.6562
-1.0
28.9433
-1.0
-1.0
-1.0
-1.0
28.1117
-1.0
-1.0
-1.0
-1.0
-1.0
-1.0
-1.0
-1.0
-1.0
47.503
-1.0
-1.0
48.8665
39.9753
-1.0
-1.0
39.6384
32.4712
-1.0
-1.0
24.0616
-1.0
-1.0
41.2618
-1.0
-1.0
-1.0
-1.0
-1.0
24.0674
-1.0
-1.0
-1.0
-1.0
-1.0
51.4967
-1.0
-1.0
-1.0
-1.0
-1.0
-1.0
50.2856
-1.0
-1.0
-1.0
-1.0
-1.0
-1.0
-1.0
-1.0
21.3217
27.6166
-1.0
11.6496
36.0287
-1.0
-1.0
-1.0
-1.0
-1.0
-1.0
40.5515
-1.0
-1.0
15.1449
-1.0
-1.0
-1.0
-1.0
-1.0
-1.0
-1.0
-1.0
-1.0
-1.0
-1.0
-1.0
27.2847
-1.0
-1.0
-1.0
-1.0
-1.0
-1.0
-1.0
-1.0
-1.0
-1.0
41.6068
52.0133
-1.0
48.8314
-1.0
-1.0
34.9847
-1.0
-1.0
-1.0
-1.0
28.2474
-1.0
37.4506
13.1468
-1.0
-1.0
-1.0
-1.0
36.2956
39.6568
-1.0
-1.0
-1.0
-1.0
-1.0
-1.0
-1.0
33.1946
46.9104
-1.0
13.3592
-1.0
49.0652
-1.0
35.7806
-1.0
-1.0
-1.0
-1.0
46.034
-1.0
34.8953
-1.0
-1.0
17.5784
-1.0
-1.0
-1.0
-1.0
51.6456
42.8435
-1.0
37.3604
-1.0
-1.0
42.0468
-1.0
-1.0
-1.0
-1.0
-1.0
-1.0
-1.0
-1.0
-1.0
-1.0
-1.0
-1.0
-1.0
38.694
-1.0
-1.0
-1.0
-1.0
-1.0
-1.0
35.1686
-1.0
-1.0
-1.0
-1.0
-1.0
50.4017
46.3184
-1.0
-1.0
35.8478
-1.0
-1.0
-1.0
8.88295
-1.0
-1.0
-1.0
-1.0
35.5859
-1.0
44.7118
-1.0
51.6114
-1.0
-1.0
-1.0
-1.0
-1.0
-1.0
-1.0
-1.0
39.3639
-1.0
25.411
-1.0
47.3204
-1.0
-1.0
32.3924
-1.0
35.4569
-1.0
31.529
-1.0
-1.0
31.3663
-1.0
-1.0
-1.0
-1.0
-1.0
-1.0
-1.0
-1.0
-1.0
-1.0
52.0078
-1.0
-1.0
-1.0
-1.0
-1.0
-1.0
-1.0
-1.0
-1.0
-1.0
-1.0
-1.0
-1.0
-1.0
-1.0
-1.0
-1.0
-1.0
-1.0
-1.0
-1.0
31.2505
47.5351
-1.0
50.606
-1.0
24.3663
-1.0
-1.0
-1.0
45.8807
-1.0
25.2102
-1.0
-1.0
29.1143
30.6049
-1.0
-1.0
36.6807
-1.0
33.8506
-1.0
-1.0
-1.0
-1.0
44.9424
-1.0
-1.0
-1.0
-1.0
-1.0
41.8958
-1.0
34.3552
-1.0
-1.0
22.4118
-1.0
-1.0
26.2369
39.0705
-1.0
-1.0
-1.0
47.6433
-1.0
-1.0
-1.0
-1.0
-1.0
14.977
-1.0
-1.0
-1.0
-1.0
-1.0
-1.0
-1.0
-1.0
43.9538
41.2988
-1.0
-1.0
-1.0
-1.0
-1.0
-1.0
-1.0
43.4184
-1.0
-1.0
-1.0
-1.0
-1.0
-1.0
38.2122
-1.0
-1.0
-1.0
-1.0
-1.0
-1.0
-1.0
-1.0
-1.0
-1.0
-1.0
-1.0
50.8444
-1.0
-1.0
-1.0
-1.0
-1.0
-1.0
-1.0
-1.0
-1.0
-1.0
26.6986
-1.0
-1.0
49.7382
-1.0
-1.0
32.8631
-1.0
-1.0
-1.0
-1.0
28.859
18.2039
-1.0
-1.0
-1.0
-1.0
-1.0
-1.0
34.5537
51.259
-1.0
-1.0
-1.0
-1.0
-1.0
-1.0
-1.0
-1.0
-1.0
-1.0
-1.0
-1.0
-1.0
-1.0
-1.0
52.0855
-1.0
-1.0
-1.0
-1.0
-1.0
25.4331
-1.0
-1.0
-1.0
-1.0
-1.0
-1.0
40.5938
-1.0
-1.0
-1.0
-1.0
-1.0
-1.0
41.9276
-1.0
-1.0
-1.0
-1.0
-1.0
34.7029
-1.0
-1.0
-1.0
-1.0
-1.0
-1.0
-1.0
-1.0
32.4182
49.5218
-1.0
-1.0
-1.0
43.3492
-1.0
-1.0
-1.0
-1.0
-1.0
-1.0
43.9608
-1.0
30.4706
-1.0
-1.0
32.7738
-1.0
-1.0
-1.0
-1.0
-1.0
-1.0
-1.0
44.1308
-1.0
-1.0
51.753
-1.0
-1.0
27.2301
50.5148
-1.0
-1.0
-1.0
-1.0
-1.0
-1.0
-1.0
-1.0
-1.0
34.3349
-1.0
30.1161
25.6522
-1.0
39.8747
46.1434
37.705
-1.0
-1.0
-1.0
-1.0
39.2961
-1.0
-1.0
50.5099
-1.0
-1.0
-1.0
-1.0
-1.0
-1.0
-1.0
32.5298
30.6118
-1.0
-1.0
-1.0
-1.0
-1.0
44.7369
-1.0
-1.0
45.8033
-1.0
33.6334
-1.0
11.5214
-1.0
46.9875
-1.0
42.0255
-1.0
-1.0
-1.0
-1.0
30.8402
-1.0
-1.0
-1.0
25.7279
-1.0
-1.0
27.9051
40.5657
44.0744
-1.0
-1.0
-1.0
-1.0
-1.0
-1.0
-1.0
-1.0
-1.0
-1.0
37.8965
-1.0
-1.0
-1.0
-1.0
-1.0
42.9977
-1.0
-1.0
33.312
-1.0
-1.0
-1.0
-1.0
-1.0
-1.0
-1.0
-1.0
-1.0
-1.0
-1.0
-1.0
-1.0
-1.0
-1.0
-1.0
-1.0
51.6021
-1.0
-1.0
-1.0
-1.0
-1.0
42.0893
36.4384
15.3624
50.1661
45.504
-1.0
-1.0
-1.0
-1.0
-1.0
-1.0
-1.0
-1.0
-1.0
-1.0
-1.0
-1.0
-1.0
-1.0
-1.0
23.677
-1.0
-1.0
-1.0
14.5712
-1.0
-1.0
26.7943
-1.0
-1.0
-1.0
-1.0
-1.0
-1.0
33.7225
-1.0
-1.0
-1.0
-1.0
-1.0
-1.0
-1.0
-1.0
-1.0
-1.0
-1.0
-1.0
-1.0
50.8446
-1.0
-1.0
-1.0
43.1825
-1.0
-1.0
-1.0
-1.0
-1.0
-1.0
-1.0
-1.0
-1.0
38.6231
-1.0
-1.0
-1.0
-1.0
-1.0
-1.0
-1.0
26.6293
-1.0
48.5537
-1.0
16.7772
-1.0
-1.0
-1.0
-1.0
-1.0
-1.0
45.3864
-1.0
-1.0
-1.0
-1.0
14.8078
37.5702
38.0893
40.1133
35.4648
-1.0
38.1829
-1.0
-1.0
-1.0
-1.0
-1.0
-1.0
-1.0
26.6616
18.8306
-1.0
-1.0
-1.0
39.6213
-1.0
-1.0
19.8578
-1.0
27.041
21.3912
-1.0
41.7375
-1.0
-1.0
12.9575
-1.0
39.7797
-1.0
-1.0
49.4125
-1.0
-1.0
-1.0
-1.0
-1.0
-1.0
-1.0
-1.0
25.2919
-1.0
-1.0
49.5464
-1.0
-1.0
36.0198
-1.0
-1.0
46.8969
-1.0
-1.0
48.4562
-1.0
-1.0
-1.0
47.6422
46.0015
47.526
26.1617
-1.0
-1.0
42.3017
-1.0
-1.0
-1.0
-1.0
-1.0
-1.0
-1.0
36.6831
-1.0
-1.0
-1.0
-1.0
-1.0
-1.0
-1.0
-1.0
-1.0
-1.0
-1.0
-1.0
-1.0
-1.0
-1.0
-1.0
-1.0
-1.0
-1.0
-1.0
23.4227
-1.0
-1.0
-1.0
-1.0
-1.0
-1.0
-1.0
-1.0
-1.0
27.6776
-1.0
-1.0
33.0525
20.9714
-1.0
-1.0
-1.0
-1.0
-1.0
-1.0
-1.0
-1.0
41.9331
-1.0
-1.0
48.8835
-1.0
33.6901
-1.0
-1.0
-1.0
-1.0
-1.0
45.3914
-1.0
-1.0
-1.0
-1.0
-1.0
-1.0
-1.0
-1.0
-1.0
38.9393
51.8946
-1.0
-1.0
-1.0
-1.0
-1.0
-1.0
-1.0
-1.0
-1.0
-1.0
-1.0
-1.0
-1.0
-1.0
-1.0
-1.0
46.9761
-1.0
-1.0
22.8326
-1.0
-1.0
-1.0
-1.0
-1.0
42.1061
-1.0
-1.0
-1.0
-1.0
-1.0
-1.0
46.8715
-1.0
-1.0
-1.0
-1.0
-1.0
46.6298
-1.0
-1.0
-1.0
-1.0
-1.0
-1.0
-1.0
-1.0
-1.0
-1.0
-1.0
23.1044
-1.0
-1.0
-1.0
-1.0
39.4983
-1.0
-1.0
33.1328
-1.0
-1.0
25.5682
-1.0
42.6507
44.1005
-1.0
-1.0
-1.0
-1.0
38.5122
-1.0
-1.0
-1.0
-1.0
43.2871
-1.0
-1.0
-1.0
-1.0
38.471
-1.0
41.0756
-1.0
-1.0
-1.0
-1.0
-1.0
-1.0
-1.0
26.7453
50.3634
-1.0
-1.0
-1.0
-1.0
-1.0
-1.0
49.4964
43.3512
-1.0
-1.0
-1.0
32.2525
-1.0
-1.0
-1.0
35.8732
-1.0
-1.0
-1.0
-1.0
-1.0
-1.0
-1.0
37.0864
-1.0
-1.0
-1.0
-1.0
-1.0
51.9927
-1.0
-1.0
-1.0
-1.0
-1.0
39.0896
-1.0
-1.0
-1.0
-1.0
-1.0
42.1217
-1.0
-1.0
-1.0
-1.0
-1.0
20.8714
-1.0
-1.0
-1.0
-1.0
-1.0
-1.0
-1.0
50.9641
-1.0
-1.0
-1.0
-1.0
-1.0
51.508
-1.0
-1.0
-1.0
-1.0
-1.0
-1.0
37.9859
46.3013
-1.0
-1.0
-1.0
-1.0
14.7263
-1.0
44.8979
-1.0
-1.0
-1.0
-1.0
30.5442
-1.0
-1.0
-1.0
-1.0
-1.0
8.28127
44.264
37.5259
-1.0
30.9325
26.4422
-1.0
-1.0
-1.0
-1.0
-1.0
-1.0
36.2322
-1.0
-1.0
-1.0
-1.0
-1.0
-1.0
-1.0
-1.0
-1.0
-1.0
15.1165
-1.0
-1.0
-1.0
-1.0
-1.0
-1.0
-1.0
45.558
-1.0
-1.0
-1.0
-1.0
-1.0
-1.0
-1.0
-1.0
-1.0
-1.0
-1.0
-1.0
-1.0
35.9698
-1.0
-1.0
44.984
-1.0
-1.0
-1.0
41.0489
49.9441
4.88313
48.6628
-1.0
-1.0
-1.0
-1.0
35.8861
-1.0
30.5335
-1.0
46.9414
34.4195
-1.0
16.2679
42.5118
-1.0
-1.0
42.5045
-1.0
-1.0
31.4697
24.5305
42.6891
-1.0
-1.0
36.7747
-1.0
36.2299
-1.0
-1.0
-1.0
-1.0
-1.0
-1.0
-1.0
-1.0
35.8229
-1.0
-1.0
-1.0
-1.0
-1.0
-1.0
-1.0
21.61
-1.0
-1.0
35.5823
-1.0
36.8988
45.1968
18.9968
48.8327
-1.0
-1.0
21.7429
-1.0
-1.0
-1.0
38.4917
-1.0
51.4818
-1.0
-1.0
-1.0
-1.0
-1.0
23.8177
47.7651
-1.0
-1.0
-1.0
-1.0
-1.0
-1.0
38.1876
-1.0
-1.0
-1.0
46.878
-1.0
-1.0
-1.0
-1.0
-1.0
-1.0
-1.0
-1.0
-1.0
-1.0
44.2761
-1.0
-1.0
-1.0
-1.0
-1.0
-1.0
28.5996
-1.0
47.3347
-1.0
-1.0
31.1897
-1.0
-1.0
-1.0
-1.0
34.9986
-1.0
-1.0
-1.0
-1.0
-1.0
-1.0
-1.0
-1.0
-1.0
-1.0
-1.0
20.8251
-1.0
28.5682
-1.0
-1.0
45.4416
-1.0
-1.0
-1.0
-1.0
50.361
-1.0
-1.0
-1.0
-1.0
51.4285
-1.0
-1.0
-1.0
21.8848
-1.0
48.0359
39.3212
-1.0
39.2578
-1.0
-1.0
-1.0
-1.0
-1.0
-1.0
-1.0
-1.0
-1.0
35.905
-1.0
45.5079
-1.0
-1.0
-1.0
-1.0
-1.0
12.2954
-1.0
-1.0
-1.0
-1.0
36.8604
-1.0
-1.0
-1.0
-1.0
43.2078
-1.0
-1.0
-1.0
-1.0
-1.0
-1.0
-1.0
38.6918
-1.0
-1.0
-1.0
-1.0
19.5404
-1.0
-1.0
18.206
-1.0
41.1991
46.1565
33.7794
-1.0
-1.0
-1.0
-1.0
-1.0
-1.0
-1.0
-1.0
29.0798
-1.0
48.1862
-1.0
-1.0
-1.0
49.7268
44.5842
-1.0
-1.0
-1.0
-1.0
32.387
-1.0
-1.0
-1.0
19.0804
-1.0
-1.0
-1.0
-1.0
-1.0
-1.0
-1.0
-1.0
-1.0
-1.0
26.132
-1.0
-1.0
-1.0
-1.0
-1.0
-1.0
-1.0
-1.0
-1.0
-1.0
30.6713
-1.0
-1.0
-1.0
-1.0
-1.0
-1.0
39.8071
-1.0
49.4084
-1.0
-1.0
-1.0
38.3079
-1.0
-1.0
-1.0
-1.0
43.7423
-1.0
-1.0
-1.0
-1.0
50.1293
-1.0
-1.0
-1.0
-1.0
29.5613
-1.0
47.5977
39.6626
45.3529
-1.0
-1.0
-1.0
-1.0
37.7098
26.9004
-1.0
-1.0
48.0544
-1.0
-1.0
-1.0
-1.0
-1.0
-1.0
-1.0
-1.0
-1.0
-1.0
-1.0
-1.0
-1.0
41.7242
-1.0
-1.0
-1.0
-1.0
33.0068
-1.0
-1.0
34.7334
50.4951
-1.0
-1.0
36.6948
-1.0
32.0875
-1.0
-1.0
-1.0
-1.0
-1.0
-1.0
39.8164
41.3329
30.5551
-1.0
-1.0
-1.0
-1.0
-1.0
-1.0
14.7295
-1.0
-1.0
-1.0
31.9513
-1.0
-1.0
-1.0
32.2226
-1.0
37.1899
-1.0
-1.0
-1.0
44.6624
-1.0
-1.0
33.9618
-1.0
-1.0
-1.0
-1.0
-1.0
-1.0
-1.0
-1.0
-1.0
-1.0
-1.0
-1.0
-1.0
-1.0
-1.0
-1.0
49.3632
-1.0
-1.0
-1.0
-1.0
31.3704
-1.0
-1.0
-1.0
-1.0
-1.0
-1.0
-1.0
-1.0
43.2423
-1.0
-1.0
49.3712
-1.0
-1.0
-1.0
-1.0
-1.0
-1.0
20.1942
-1.0
-1.0
-1.0
-1.0
21.3105
35.9582
-1.0
42.4241
-1.0
52.1094
-1.0
28.1963
50.864
34.3127
-1.0
-1.0
-1.0
-1.0
-1.0
-1.0
-1.0
-1.0
-1.0
-1.0
-1.0
-1.0
-1.0
-1.0
46.7367
-1.0
-1.0
-1.0
47.4091
-1.0
38.2342
-1.0
50.9205
33.7312
-1.0
-1.0
27.911
-1.0
-1.0
40.0283
37.4653
-1.0
49.6864
-1.0
-1.0
-1.0
-1.0
-1.0
-1.0
-1.0
48.7711
22.1991
-1.0
-1.0
52.7181
41.1605
-1.0
-1.0
-1.0
-1.0
34.3476
-1.0
-1.0
-1.0
-1.0
-1.0
-1.0
-1.0
-1.0
-1.0
-1.0
-1.0
-1.0
-1.0
-1.0
-1.0
-1.0
-1.0
-1.0
-1.0
42.4811
-1.0
-1.0
-1.0
-1.0
-1.0
-1.0
-1.0
-1.0
-1.0
51.3059
-1.0
-1.0
-1.0
-1.0
-1.0
-1.0
-1.0
-1.0
-1.0
-1.0
-1.0
-1.0
43.5626
-1.0
-1.0
49.0451
-1.0
-1.0
-1.0
-1.0
-1.0
-1.0
-1.0
-1.0
-1.0
25.1361
-1.0
-1.0
-1.0
37.405
52.1474
-1.0
-1.0
33.5344
-1.0
30.0124
-1.0
19.7845
18.3023
-1.0
-1.0
-1.0
-1.0
-1.0
-1.0
-1.0
-1.0
46.8444
46.7027
-1.0
-1.0
-1.0
-1.0
-1.0
-1.0
-1.0
-1.0
-1.0
-1.0
51.5803
50.2702
-1.0
-1.0
-1.0
39.8935
-1.0
-1.0
-1.0
-1.0
35.6619
-1.0
21.0519
-1.0
-1.0
-1.0
-1.0
-1.0
-1.0
47.4018
-1.0
-1.0
-1.0
32.9078
-1.0
-1.0
-1.0
-1.0
-1.0
-1.0
49.0516
-1.0
-1.0
-1.0
-1.0
-1.0
29.1469
-1.0
-1.0
-1.0
-1.0
-1.0
-1.0
-1.0
-1.0
39.2895
20.1183
-1.0
30.8979
-1.0
32.5461
34.6744
-1.0
-1.0
-1.0
-1.0
-1.0
-1.0
43.8975
41.7031
-1.0
45.3282
-1.0
-1.0
-1.0
-1.0
-1.0
-1.0
-1.0
-1.0
-1.0
-1.0
-1.0
-1.0
-1.0
-1.0
-1.0
-1.0
-1.0
-1.0
-1.0
48.2664
-1.0
-1.0
24.0163
-1.0
-1.0
30.0905
-1.0
-1.0
-1.0
-1.0
33.0145
-1.0
-1.0
-1.0
-1.0
25.8588
32.881
41.6516
44.5327
-1.0
44.6591
-1.0
-1.0
-1.0
-1.0
-1.0
-1.0
52.2458
-1.0
-1.0
-1.0
42.457
-1.0
49.2039
-1.0
-1.0
-1.0
-1.0
-1.0
39.4894
39.3528
-1.0
-1.0
-1.0
-1.0
-1.0
35.039
-1.0
-1.0
-1.0
-1.0
-1.0
39.9619
-1.0
-1.0
-1.0
-1.0
16.2644
-1.0
42.8621
-1.0
37.5146
45.8263
-1.0
-1.0
-1.0
-1.0
-1.0
-1.0
-1.0
-1.0
51.4607
-1.0
-1.0
-1.0
-1.0
-1.0
-1.0
-1.0
-1.0
-1.0
-1.0
-1.0
-1.0
-1.0
-1.0
-1.0
11.9604
-1.0
-1.0
-1.0
33.5438
-1.0
-1.0
52.0977
-1.0
28.7623
-1.0
38.2048
-1.0
-1.0
-1.0
-1.0
-1.0
-1.0
50.2402
-1.0
-1.0
-1.0
-1.0
-1.0
-1.0
-1.0
-1.0
-1.0
-1.0
-1.0
-1.0
-1.0
-1.0
15.9892
-1.0
-1.0
-1.0
-1.0
-1.0
37.1036
-1.0
-1.0
-1.0
-1.0
-1.0
-1.0
-1.0
48.4379
-1.0
-1.0
-1.0
-1.0
-1.0
33.6904
43.9994
-1.0
-1.0
-1.0
-1.0
45.7563
-1.0
-1.0
22.8529
-1.0
-1.0
-1.0
-1.0
-1.0
-1.0
-1.0
-1.0
-1.0
-1.0
-1.0
29.4658
-1.0
-1.0
-1.0
-1.0
-1.0
-1.0
-1.0
49.4993
-1.0
-1.0
-1.0
-1.0
-1.0
-1.0
-1.0
-1.0
-1.0
-1.0
-1.0
-1.0
-1.0
38.5405
34.8661
47.0521
-1.0
40.0488
-1.0
-1.0
-1.0
-1.0
30.595
-1.0
-1.0
-1.0
-1.0
36.3954
-1.0
-1.0
-1.0
43.0689
-1.0
-1.0
-1.0
-1.0
-1.0
-1.0
-1.0
-1.0
48.2323
-1.0
-1.0
36.7742
-1.0
-1.0
-1.0
19.8218
-1.0
18.4026
-1.0
-1.0
-1.0
7.5493
-1.0
20.6562
-1.0
-1.0
-1.0
47.671
-1.0
52.004
-1.0
46.8059
-1.0
51.5633
45.5807
12.2753
-1.0
-1.0
-1.0
-1.0
50.0275
-1.0
-1.0
-1.0
-1.0
-1.0
25.3742
-1.0
34.6254
-1.0
-1.0
-1.0
-1.0
-1.0
-1.0
-1.0
-1.0
23.0283
-1.0
-1.0
-1.0
37.9364
48.3506
26.2561
47.5409
-1.0
-1.0
-1.0
-1.0
-1.0
-1.0
-1.0
-1.0
50.4397
35.5819
-1.0
-1.0
-1.0
-1.0
36.8913
-1.0
-1.0
-1.0
-1.0
-1.0
19.8139
42.5486
44.6332
-1.0
-1.0
-1.0
-1.0
-1.0
-1.0
-1.0
-1.0
48.1827
-1.0
23.0401
-1.0
29.1977
-1.0
19.51
-1.0
-1.0
47.2347
-1.0
-1.0
-1.0
28.8904
-1.0
-1.0
-1.0
-1.0
47.0059
-1.0
23.333
19.001
34.4916
-1.0
-1.0
-1.0
38.7814
35.6996
48.314
25.8546
-1.0
48.5783
-1.0
-1.0
-1.0
-1.0
49.8153
-1.0
-1.0
-1.0
-1.0
43.5891
36.2914
-1.0
-1.0
-1.0
-1.0
-1.0
-1.0
50.4708
-1.0
-1.0
-1.0
-1.0
-1.0
36.5923
-1.0
51.26
43.8524
-1.0
-1.0
-1.0
-1.0
-1.0
-1.0
-1.0
-1.0
-1.0
-1.0
-1.0
-1.0
-1.0
41.4644
-1.0
31.6289
-1.0
-1.0
-1.0
-1.0
-1.0
40.9591
-1.0
-1.0
-1.0
-1.0
-1.0
-1.0
-1.0
42.5449
38.2892
38.2819
-1.0
-1.0
-1.0
-1.0
-1.0
-1.0
-1.0
-1.0
38.0663
-1.0
-1.0
-1.0
-1.0
-1.0
-1.0
-1.0
-1.0
-1.0
-1.0
-1.0
49.5414
-1.0
-1.0
-1.0
-1.0
-1.0
-1.0
-1.0
43.3563
-1.0
-1.0
-1.0
-1.0
-1.0
15.8464
25.0194
-1.0
-1.0
-1.0
-1.0
-1.0
-1.0
-1.0
40.5212
32.0015
-1.0
-1.0
-1.0
-1.0
-1.0
-1.0
-1.0
-1.0
-1.0
-1.0
35.1044
-1.0
-1.0
42.2713
32.9371
-1.0
-1.0
-1.0
-1.0
-1.0
-1.0
-1.0
-1.0
-1.0
-1.0
45.5346
-1.0
-1.0
-1.0
-1.0
49.5372
29.2545
-1.0
49.8457
53.1892
-1.0
34.6318
-1.0
-1.0
-1.0
-1.0
-1.0
-1.0
-1.0
19.6639
-1.0
-1.0
-1.0
-1.0
-1.0
37.8014
-1.0
-1.0
-1.0
-1.0
-1.0
-1.0
-1.0
-1.0
-1.0
-1.0
-1.0
38.5275
-1.0
-1.0
23.3074
30.8606
-1.0
26.5561
-1.0
-1.0
-1.0
-1.0
13.0451
-1.0
-1.0
-1.0
-1.0
-1.0
39.7593
51.3289
37.9117
-1.0
-1.0
-1.0
-1.0
-1.0
-1.0
-1.0
-1.0
-1.0
-1.0
-1.0
-1.0
-1.0
-1.0
-1.0
-1.0
-1.0
-1.0
35.8037
-1.0
35.1007
20.7393
16.4434
-1.0
32.0555
21.6388
-1.0
-1.0
-1.0
-1.0
-1.0
-1.0
-1.0
-1.0
-1.0
45.6739
-1.0
-1.0
-1.0
-1.0
38.3013
-1.0
30.0956
-1.0
-1.0
-1.0
38.0039
-1.0
-1.0
35.6377
-1.0
-1.0
-1.0
-1.0
-1.0
27.6056
49.0614
-1.0
-1.0
-1.0
45.7937
14.8307
-1.0
-1.0
-1.0
-1.0
-1.0
-1.0
36.96
-1.0
-1.0
22.2265
-1.0
-1.0
-1.0
-1.0
-1.0
-1.0
-1.0
-1.0
32.6327
-1.0
-1.0
-1.0
-1.0
-1.0
37.9058
45.8956
-1.0
-1.0
-1.0
49.0318
-1.0
-1.0
26.2304
-1.0
24.6374
-1.0
32.1814
49.0911
-1.0
-1.0
-1.0
-1.0
-1.0
-1.0
-1.0
-1.0
-1.0
-1.0
-1.0
-1.0
23.0671
49.3395
-1.0
40.8226
31.3145
-1.0
27.456
-1.0
-1.0
-1.0
48.48
32.5369
-1.0
-1.0
-1.0
-1.0
-1.0
46.7911
-1.0
47.3746
-1.0
40.282
-1.0
-1.0
-1.0
45.6064
-1.0
-1.0
-1.0
-1.0
-1.0
38.6284
-1.0
-1.0
-1.0
-1.0
-1.0
44.3656
-1.0
17.2033
-1.0
-1.0
-1.0
-1.0
-1.0
28.2116
50.0008
-1.0
-1.0
-1.0
-1.0
23.4094
-1.0
-1.0
-1.0
-1.0
-1.0
-1.0
-1.0
-1.0
-1.0
-1.0
-1.0
-1.0
-1.0
-1.0
-1.0
-1.0
32.0853
-1.0
43.3703
-1.0
25.9427
-1.0
-1.0
-1.0
-1.0
-1.0
-1.0
-1.0
-1.0
-1.0
-1.0
49.6497
-1.0
-1.0
-1.0
47.0857
-1.0
33.5723
-1.0
28.307
-1.0
-1.0
-1.0
-1.0
-1.0
-1.0
-1.0
52.2141
-1.0
52.1015
-1.0
-1.0
39.26
-1.0
-1.0
43.2461
45.3919
-1.0
46.7293
-1.0
-1.0
49.7358
-1.0
-1.0
-1.0
-1.0
-1.0
-1.0
-1.0
-1.0
-1.0
29.2129
-1.0
-1.0
-1.0
-1.0
-1.0
-1.0
-1.0
-1.0
-1.0
-1.0
-1.0
-1.0
17.9851
-1.0
-1.0
-1.0
25.9309
24.7188
-1.0
-1.0
-1.0
-1.0
-1.0
-1.0
-1.0
-1.0
-1.0
-1.0
-1.0
-1.0
-1.0
51.3052
-1.0
-1.0
51.1465
-1.0
-1.0
-1.0
-1.0
34.3202
-1.0
-1.0
-1.0
-1.0
-1.0
-1.0
-1.0
-1.0
-1.0
51.6041
-1.0
-1.0
-1.0
-1.0
-1.0
34.6516
30.1803
-1.0
-1.0
-1.0
-1.0
-1.0
-1.0
-1.0
-1.0
48.4602
34.7203
-1.0
-1.0
-1.0
-1.0
-1.0
-1.0
48.733
-1.0
46.9481
47.29
-1.0
-1.0
-1.0
-1.0
-1.0
-1.0
-1.0
-1.0
-1.0
-1.0
-1.0
-1.0
32.8193
-1.0
-1.0
31.7003
25.6677
-1.0
-1.0
-1.0
-1.0
-1.0
23.1592
-1.0
-1.0
19.2734
-1.0
47.5219
-1.0
-1.0
34.1621
-1.0
-1.0
39.1632
-1.0
-1.0
51.7365
44.8021
-1.0
-1.0
-1.0
31.543
-1.0
-1.0
34.1499
37.403
-1.0
-1.0
13.2439
-1.0
-1.0
-1.0
40.2956
31.671
-1.0
-1.0
-1.0
35.8892
-1.0
49.1456
-1.0
-1.0
-1.0
-1.0
-1.0
-1.0
-1.0
41.8158
-1.0
-1.0
-1.0
-1.0
43.7699
-1.0
-1.0
-1.0
42.3018
-1.0
-1.0
-1.0
38.363
-1.0
-1.0
-1.0
-1.0
46.5743
-1.0
-1.0
49.9018
-1.0
-1.0
40.3256
-1.0
-1.0
-1.0
44.7204
33.1753
-1.0
-1.0
-1.0
-1.0
36.9596
23.3366
-1.0
-1.0
-1.0
19.4742
-1.0
-1.0
-1.0
-1.0
-1.0
-1.0
-1.0
40.675
-1.0
-1.0
42.7269
-1.0
-1.0
30.9511
-1.0
-1.0
29.5887
-1.0
-1.0
-1.0
-1.0
37.8613
-1.0
-1.0
17.8818
-1.0
-1.0
-1.0
-1.0
-1.0
27.351
51.4544
-1.0
-1.0
-1.0
-1.0
-1.0
-1.0
38.1695
42.336
35.4791
34.2857
-1.0
-1.0
-1.0
45.799
-1.0
51.154
-1.0
-1.0
-1.0
-1.0
-1.0
48.8609
-1.0
23.706
-1.0
-1.0
-1.0
-1.0
-1.0
-1.0
-1.0
27.4499
-1.0
-1.0
42.1391
-1.0
22.6395
32.132
-1.0
49.7351
-1.0
17.1234
-1.0
-1.0
-1.0
28.9724
34.4775
-1.0
-1.0
-1.0
-1.0
-1.0
-1.0
-1.0
-1.0
-1.0
-1.0
-1.0
-1.0
33.2099
-1.0
-1.0
38.9911
-1.0
-1.0
-1.0
-1.0
-1.0
45.9017
39.1991
-1.0
-1.0
35.0032
-1.0
-1.0
43.1455
-1.0
-1.0
-1.0
-1.0
-1.0
28.3501
-1.0
-1.0
-1.0
-1.0
18.106
37.5875
47.8779
-1.0
-1.0
-1.0
-1.0
-1.0
-1.0
-1.0
-1.0
-1.0
-1.0
-1.0
41.3884
22.4535
-1.0
-1.0
-1.0
-1.0
-1.0
-1.0
-1.0
27.3859
-1.0
21.2283
-1.0
-1.0
-1.0
-1.0
-1.0
-1.0
-1.0
-1.0
-1.0
37.8596
-1.0
-1.0
-1.0
-1.0
22.2628
-1.0
26.309
-1.0
-1.0
49.3321
-1.0
-1.0
29.6694
-1.0
-1.0
47.1503
-1.0
-1.0
47.5579
-1.0
24.5714
-1.0
-1.0
-1.0
-1.0
35.4187
-1.0
-1.0
32.6899
-1.0
21.7981
-1.0
-1.0
-1.0
-1.0
-1.0
-1.0
-1.0
-1.0
-1.0
-1.0
-1.0
-1.0
-1.0
-1.0
36.0056
-1.0
-1.0
-1.0
48.0125
-1.0
-1.0
-1.0
-1.0
-1.0
-1.0
-1.0
-1.0
20.9724
-1.0
-1.0
-1.0
-1.0
-1.0
-1.0
-1.0
-1.0
35.5537
44.3075
-1.0
50.099
15.3214
-1.0
51.901
44.0567
50.1755
-1.0
-1.0
-1.0
46.5938
21.5842
-1.0
-1.0
-1.0
-1.0
-1.0
-1.0
-1.0
38.5078
-1.0
-1.0
-1.0
-1.0
16.4812
-1.0
-1.0
-1.0
-1.0
-1.0
-1.0
-1.0
51.8532
-1.0
-1.0
-1.0
41.3469
34.2624
30.0891
-1.0
-1.0
-1.0
-1.0
37.2881
-1.0
-1.0
-1.0
-1.0
-1.0
-1.0
-1.0
-1.0
-1.0
-1.0
-1.0
-1.0
-1.0
-1.0
-1.0
-1.0
-1.0
39.8256
-1.0
-1.0
36.9405
-1.0
-1.0
-1.0
-1.0
-1.0
-1.0
-1.0
-1.0
-1.0
-1.0
-1.0
-1.0
36.3366
33.9534
-1.0
-1.0
-1.0
33.434
-1.0
-1.0
-1.0
-1.0
-1.0
32.2076
-1.0
-1.0
50.4878
-1.0
-1.0
-1.0
-1.0
-1.0
51.5956
-1.0
-1.0
-1.0
-1.0
-1.0
-1.0
-1.0
47.8636
-1.0
-1.0
39.7837
27.7167
51.8713
-1.0
-1.0
-1.0
44.4457
-1.0
-1.0
-1.0
-1.0
-1.0
-1.0
19.2287
-1.0
-1.0
-1.0
-1.0
-1.0
49.6917
-1.0
-1.0
-1.0
-1.0
-1.0
-1.0
-1.0
-1.0
48.2638
45.1344
-1.0
-1.0
-1.0
-1.0
-1.0
-1.0
-1.0
37.4699
-1.0
-1.0
48.3959
-1.0
41.4065
-1.0
-1.0
-1.0
-1.0
43.7884
-1.0
42.6863
-1.0
45.4977
-1.0
-1.0
51.52
-1.0
-1.0
-1.0
-1.0
-1.0
-1.0
-1.0
-1.0
-1.0
45.1779
-1.0
-1.0
-1.0
-1.0
-1.0
-1.0
-1.0
-1.0
34.095
-1.0
-1.0
-1.0
-1.0
-1.0
-1.0
38.7264
-1.0
-1.0
-1.0
-1.0
14.3551
-1.0
16.1994
-1.0
-1.0
41.6736
-1.0
-1.0
35.0893
-1.0
-1.0
-1.0
-1.0
29.9986
-1.0
-1.0
-1.0
-1.0
-1.0
-1.0
-1.0
-1.0
50.9867
-1.0
-1.0
-1.0
40.6166
-1.0
-1.0
-1.0
-1.0
-1.0
-1.0
-1.0
-1.0
30.3369
21.492
-1.0
-1.0
-1.0
-1.0
47.0509
-1.0
-1.0
-1.0
-1.0
-1.0
-1.0
-1.0
-1.0
-1.0
-1.0
45.0651
-1.0
-1.0
-1.0
-1.0
29.6105
45.613
-1.0
-1.0
-1.0
-1.0
-1.0
25.8934
-1.0
24.2612
-1.0
-1.0
37.8205
48.6888
-1.0
-1.0
44.4781
34.539
48.8674
51.6884
20.6922
-1.0
-1.0
-1.0
-1.0
-1.0
-1.0
-1.0
-1.0
-1.0
-1.0
21.0237
47.4175
-1.0
-1.0
-1.0
48.035
-1.0
-1.0
-1.0
-1.0
-1.0
24.3409
-1.0
20.7985
-1.0
-1.0
-1.0
-1.0
-1.0
-1.0
48.1733
-1.0
18.1727
-1.0
-1.0
-1.0
-1.0
44.5358
-1.0
48.4644
42.7924
-1.0
-1.0
41.8566
-1.0
31.5119
-1.0
32.3295
-1.0
-1.0
28.8767
-1.0
18.9636
47.4534
27.3694
-1.0
-1.0
-1.0
-1.0
-1.0
-1.0
-1.0
-1.0
-1.0
-1.0
-1.0
-1.0
-1.0
32.2673
-1.0
-1.0
42.708
-1.0
-1.0
-1.0
-1.0
-1.0
-1.0
46.538
-1.0
-1.0
-1.0
46.4383
-1.0
-1.0
-1.0
-1.0
-1.0
-1.0
-1.0
-1.0
-1.0
-1.0
-1.0
-1.0
-1.0
50.5289
33.9333
51.3219
-1.0
-1.0
-1.0
44.8526
-1.0
-1.0
-1.0
-1.0
-1.0
-1.0
-1.0
42.3284
-1.0
39.1797
-1.0
43.9166
-1.0
50.4058
31.7667
-1.0
-1.0
27.2418
-1.0
48.8523
50.1106
-1.0
-1.0
-1.0
-1.0
51.4787
43.2539
-1.0
-1.0
-1.0
-1.0
-1.0
-1.0
35.6713
37.3811
-1.0
-1.0
40.8817
-1.0
-1.0
-1.0
-1.0
-1.0
-1.0
31.876
-1.0
-1.0
29.9823
-1.0
-1.0
-1.0
-1.0
-1.0
-1.0
-1.0
-1.0
-1.0
51.9001
45.813
-1.0
-1.0
-1.0
-1.0
-1.0
-1.0
-1.0
-1.0
45.7395
-1.0
-1.0
-1.0
-1.0
-1.0
-1.0
-1.0
47.499
-1.0
42.7436
-1.0
47.5571
-1.0
-1.0
31.7183
-1.0
-1.0
-1.0
35.9784
23.4776
-1.0
-1.0
-1.0
-1.0
10.6064
-1.0
-1.0
-1.0
36.1466
18.5424
43.1784
-1.0
-1.0
-1.0
47.2487
-1.0
-1.0
-1.0
-1.0
48.2099
17.7456
-1.0
37.9838
-1.0
-1.0
-1.0
50.0118
-1.0
-1.0
-1.0
-1.0
45.6162
-1.0
28.7157
-1.0
-1.0
37.3872
-1.0
-1.0
-1.0
-1.0
-1.0
-1.0
-1.0
38.9071
48.0905
-1.0
-1.0
19.0991
-1.0
50.206
-1.0
-1.0
-1.0
-1.0
-1.0
-1.0
-1.0
-1.0
-1.0
-1.0
-1.0
-1.0
-1.0
-1.0
-1.0
-1.0
-1.0
-1.0
-1.0
-1.0
-1.0
-1.0
12.5552
-1.0
-1.0
-1.0
-1.0
-1.0
-1.0
21.4086
19.7323
-1.0
-1.0
-1.0
-1.0
-1.0
-1.0
-1.0
-1.0
44.2766
-1.0
-1.0
-1.0
-1.0
-1.0
-1.0
-1.0
-1.0
-1.0
-1.0
27.8916
-1.0
-1.0
-1.0
-1.0
-1.0
-1.0
-1.0
-1.0
-1.0
22.5894
-1.0
-1.0
-1.0
39.4444
35.7165
-1.0
50.1187
-1.0
-1.0
-1.0
-1.0
-1.0
32.7528
28.0522
-1.0
32.9134
-1.0
-1.0
-1.0
-1.0
-1.0
-1.0
12.9148
-1.0
18.304
-1.0
-1.0
-1.0
-1.0
-1.0
40.6839
41.8195
-1.0
-1.0
-1.0
42.4361
46.1464
-1.0
-1.0
-1.0
-1.0
-1.0
-1.0
-1.0
43.5053
-1.0
38.0498
-1.0
-1.0
-1.0
-1.0
-1.0
-1.0
-1.0
-1.0
-1.0
-1.0
-1.0
-1.0
27.6043
14.4824
51.3655
43.9032
20.5471
-1.0
-1.0
-1.0
-1.0
-1.0
-1.0
-1.0
-1.0
-1.0
45.9539
22.7051
-1.0
-1.0
-1.0
-1.0
-1.0
-1.0
-1.0
-1.0
-1.0
-1.0
-1.0
-1.0
-1.0
-1.0
40.8961
-1.0
-1.0
33.6474
-1.0
-1.0
51.152
-1.0
-1.0
23.7799
-1.0
25.765
42.8883
-1.0
-1.0
-1.0
42.394
-1.0
-1.0
-1.0
-1.0
-1.0
-1.0
-1.0
-1.0
-1.0
-1.0
-1.0
-1.0
30.8534
-1.0
-1.0
-1.0
-1.0
27.135
32.7691
-1.0
31.3877
-1.0
-1.0
-1.0
-1.0
-1.0
-1.0
-1.0
-1.0
-1.0
-1.0
-1.0
-1.0
-1.0
-1.0
28.7024
-1.0
-1.0
-1.0
-1.0
-1.0
-1.0
-1.0
-1.0
-1.0
-1.0
-1.0
-1.0
38.0626
44.1751
-1.0
-1.0
-1.0
-1.0
-1.0
-1.0
52.0181
-1.0
-1.0
-1.0
-1.0
23.3608
-1.0
-1.0
-1.0
-1.0
47.7117
-1.0
37.9037
-1.0
-1.0
-1.0
-1.0
-1.0
-1.0
-1.0
31.3571
-1.0
-1.0
-1.0
-1.0
49.6072
23.2159
17.1294
-1.0
-1.0
-1.0
-1.0
-1.0
24.8702
-1.0
-1.0
-1.0
-1.0
-1.0
-1.0
-1.0
-1.0
-1.0
-1.0
-1.0
-1.0
-1.0
-1.0
-1.0
-1.0
-1.0
-1.0
-1.0
-1.0
-1.0
38.447
53.5511
43.0396
-1.0
-1.0
-1.0
43.687
-1.0
-1.0
-1.0
-1.0
51.2313
-1.0
-1.0
32.9746
47.7986
-1.0
-1.0
30.7784
-1.0
-1.0
38.9992
-1.0
28.466
-1.0
-1.0
49.1628
-1.0
-1.0
36.9475
-1.0
-1.0
-1.0
41.0841
-1.0
-1.0
44.6448
-1.0
-1.0
-1.0
-1.0
-1.0
-1.0
-1.0
-1.0
-1.0
-1.0
-1.0
-1.0
-1.0
-1.0
45.0203
-1.0
-1.0
28.6982
-1.0
-1.0
37.1499
-1.0
-1.0
-1.0
-1.0
-1.0
38.3594
-1.0
-1.0
-1.0
-1.0
-1.0
-1.0
-1.0
38.7182
-1.0
-1.0
-1.0
-1.0
-1.0
-1.0
-1.0
24.1848
-1.0
-1.0
-1.0
-1.0
-1.0
-1.0
21.9658
-1.0
49.605
-1.0
-1.0
-1.0
14.5632
-1.0
-1.0
52.78
-1.0
-1.0
-1.0
-1.0
-1.0
-1.0
-1.0
-1.0
-1.0
-1.0
-1.0
-1.0
-1.0
39.8899
43.8778
-1.0
-1.0
49.0027
-1.0
-1.0
-1.0
-1.0
-1.0
-1.0
-1.0
-1.0
-1.0
27.4282
-1.0
45.5431
-1.0
-1.0
-1.0
-1.0
-1.0
40.2525
-1.0
-1.0
-1.0
-1.0
-1.0
46.8294
-1.0
-1.0
-1.0
-1.0
-1.0
-1.0
-1.0
-1.0
32.8305
-1.0
-1.0
-1.0
43.7442
-1.0
-1.0
-1.0
-1.0
25.0396
-1.0
-1.0
-1.0
-1.0
-1.0
-1.0
-1.0
-1.0
-1.0
-1.0
-1.0
22.5887
41.0735
41.1905
-1.0
-1.0
-1.0
-1.0
-1.0
42.6218
-1.0
-1.0
-1.0
38.3977
-1.0
-1.0
-1.0
-1.0
-1.0
-1.0
31.4068
-1.0
-1.0
-1.0
-1.0
28.7304
51.7811
-1.0
-1.0
-1.0
-1.0
-1.0
-1.0
8.02567
-1.0
-1.0
-1.0
-1.0
-1.0
-1.0
-1.0
-1.0
-1.0
-1.0
-1.0
-1.0
40.9763
41.2032
39.4016
-1.0
-1.0
-1.0
-1.0
-1.0
-1.0
25.8507
-1.0
-1.0
35.7141
-1.0
-1.0
44.3859
-1.0
-1.0
-1.0
-1.0
-1.0
-1.0
-1.0
-1.0
-1.0
20.0778
39.9399
17.6016
-1.0
46.2385
-1.0
-1.0
-1.0
-1.0
-1.0
-1.0
-1.0
-1.0
-1.0
37.0954
-1.0
46.4558
-1.0
-1.0
-1.0
-1.0
-1.0
-1.0
-1.0
-1.0
-1.0
44.9932
28.7657
-1.0
-1.0
-1.0
-1.0
-1.0
-1.0
-1.0
-1.0
-1.0
14.8441
-1.0
-1.0
-1.0
-1.0
28.3121
-1.0
-1.0
-1.0
-1.0
-1.0
-1.0
-1.0
23.8734
-1.0
-1.0
-1.0
-1.0
-1.0
34.3739
33.4905
43.8377
-1.0
44.0619
50.7721
16.8013
-1.0
-1.0
-1.0
7.23289
-1.0
-1.0
51.0826
-1.0
31.2332
-1.0
-1.0
25.0553
-1.0
-1.0
38.2743
-1.0
-1.0
-1.0
-1.0
-1.0
-1.0
-1.0
-1.0
-1.0
-1.0
-1.0
-1.0
29.4761
-1.0
46.2475
-1.0
-1.0
-1.0
-1.0
-1.0
-1.0
-1.0
-1.0
-1.0
-1.0
-1.0
-1.0
-1.0
-1.0
-1.0
-1.0
-1.0
27.0023
-1.0
-1.0
-1.0
51.8989
-1.0
46.5368
41.7195
-1.0
33.1952
-1.0
-1.0
-1.0
-1.0
-1.0
-1.0
-1.0
-1.0
-1.0
21.2497
-1.0
-1.0
-1.0
-1.0
-1.0
-1.0
27.5536
-1.0
-1.0
-1.0
-1.0
43.185
-1.0
-1.0
-1.0
-1.0
-1.0
-1.0
-1.0
-1.0
-1.0
-1.0
43.317
36.7181
-1.0
-1.0
18.542
-1.0
-1.0
-1.0
-1.0
-1.0
-1.0
-1.0
-1.0
-1.0
31.6218
-1.0
-1.0
-1.0
-1.0
-1.0
-1.0
-1.0
-1.0
-1.0
-1.0
-1.0
-1.0
-1.0
-1.0
-1.0
-1.0
21.0015
30.2635
-1.0
49.2659
-1.0
-1.0
-1.0
-1.0
-1.0
-1.0
-1.0
23.0103
-1.0
-1.0
-1.0
-1.0
-1.0
-1.0
26.1781
-1.0
36.8626
-1.0
-1.0
-1.0
43.3157
45.0688
-1.0
-1.0
44.353
-1.0
8.73691
-1.0
-1.0
-1.0
45.6102
42.4355
-1.0
46.8098
-1.0
40.8501
-1.0
-1.0
-1.0
42.4562
-1.0
-1.0
-1.0
-1.0
-1.0
53.0751
-1.0
-1.0
-1.0
-1.0
-1.0
-1.0
14.379
-1.0
-1.0
-1.0
-1.0
-1.0
42.6493
-1.0
-1.0
-1.0
-1.0
-1.0
-1.0
-1.0
-1.0
22.611
35.6785
22.1003
37.3365
-1.0
-1.0
35.9699
-1.0
-1.0
20.1343
-1.0
-1.0
-1.0
-1.0
-1.0
-1.0
-1.0
-1.0
41.706
37.7713
-1.0
-1.0
-1.0
-1.0
-1.0
-1.0
-1.0
-1.0
-1.0
-1.0
24.249
-1.0
-1.0
-1.0
-1.0
-1.0
-1.0
-1.0
-1.0
-1.0
37.3135
-1.0
-1.0
-1.0
-1.0
32.1264
-1.0
-1.0
-1.0
-1.0
30.882
35.3927
-1.0
-1.0
-1.0
-1.0
-1.0
-1.0
-1.0
-1.0
25.7234
-1.0
43.7502
41.1009
-1.0
46.6017
28.0096
-1.0
-1.0
43.5239
48.1254
47.291
-1.0
-1.0
-1.0
-1.0
-1.0
-1.0
-1.0
13.2674
-1.0
-1.0
-1.0
-1.0
-1.0
24.0047
-1.0
-1.0
-1.0
-1.0
-1.0
-1.0
-1.0
-1.0
-1.0
-1.0
-1.0
-1.0
-1.0
45.5111
-1.0
-1.0
-1.0
-1.0
-1.0
-1.0
50.4746
-1.0
-1.0
-1.0
-1.0
-1.0
-1.0
-1.0
-1.0
-1.0
-1.0
-1.0
-1.0
-1.0
30.7956
34.539
-1.0
-1.0
-1.0
-1.0
-1.0
-1.0
52.1527
-1.0
-1.0
35.5341
-1.0
-1.0
-1.0
-1.0
45.7931
-1.0
-1.0
-1.0
-1.0
44.9062
-1.0
-1.0
34.7354
41.0135
31.7169
-1.0
-1.0
-1.0
42.9926
-1.0
-1.0
-1.0
-1.0
-1.0
39.9759
-1.0
-1.0
48.7123
-1.0
-1.0
-1.0
38.3568
-1.0
-1.0
-1.0
48.5481
-1.0
-1.0
43.512
-1.0
23.6361
-1.0
-1.0
-1.0
-1.0
-1.0
-1.0
-1.0
-1.0
-1.0
51.6732
43.8103
-1.0
-1.0
-1.0
-1.0
-1.0
-1.0
-1.0
-1.0
-1.0
-1.0
-1.0
-1.0
-1.0
-1.0
-1.0
48.2856
-1.0
-1.0
37.4493
-1.0
-1.0
-1.0
-1.0
-1.0
48.6637
-1.0
28.6014
-1.0
-1.0
-1.0
-1.0
42.906
-1.0
-1.0
-1.0
-1.0
-1.0
42.9743
-1.0
-1.0
-1.0
23.1015
-1.0
-1.0
-1.0
-1.0
-1.0
-1.0
30.0009
-1.0
-1.0
-1.0
-1.0
-1.0
-1.0
-1.0
29.8791
-1.0
-1.0
-1.0
-1.0
28.9636
-1.0
-1.0
-1.0
-1.0
-1.0
-1.0
-1.0
-1.0
-1.0
-1.0
16.1943
-1.0
-1.0
-1.0
-1.0
-1.0
-1.0
-1.0
-1.0
-1.0
-1.0
-1.0
-1.0
-1.0
-1.0
-1.0
29.7757
-1.0
-1.0
-1.0
-1.0
-1.0
33.6233
28.0194
-1.0
29.0447
-1.0
-1.0
16.3974
19.8993
-1.0
-1.0
-1.0
35.6419
-1.0
-1.0
46.0439
-1.0
-1.0
-1.0
36.9632
-1.0
-1.0
-1.0
36.596
-1.0
49.3661
-1.0
-1.0
-1.0
51.7656
52.2169
-1.0
47.4542
-1.0
-1.0
-1.0
-1.0
-1.0
32.0993
-1.0
-1.0
21.58
-1.0
-1.0
-1.0
45.4261
-1.0
-1.0
42.4995
-1.0
-1.0
39.1471
-1.0
-1.0
-1.0
-1.0
-1.0
-1.0
-1.0
-1.0
-1.0
-1.0
-1.0
-1.0
39.8528
26.7364
-1.0
-1.0
-1.0
-1.0
50.4024
-1.0
31.0383
-1.0
-1.0
-1.0
-1.0
-1.0
41.7436
-1.0
-1.0
-1.0
-1.0
-1.0
-1.0
12.8933
-1.0
-1.0
-1.0
-1.0
44.8671
-1.0
-1.0
-1.0
-1.0
-1.0
-1.0
-1.0
-1.0
44.4199
-1.0
36.4202
46.746
43.8069
-1.0
-1.0
-1.0
-1.0
-1.0
-1.0
-1.0
-1.0
-1.0
35.4827
-1.0
-1.0
40.8057
-1.0
47.9129
-1.0
-1.0
-1.0
-1.0
-1.0
-1.0
-1.0
-1.0
-1.0
-1.0
-1.0
-1.0
-1.0
-1.0
-1.0
42.6405
49.6332
28.6628
-1.0
45.1466
-1.0
-1.0
-1.0
50.2615
-1.0
-1.0
-1.0
-1.0
-1.0
-1.0
-1.0
-1.0
-1.0
-1.0
-1.0
-1.0
-1.0
-1.0
-1.0
-1.0
-1.0
-1.0
-1.0
-1.0
-1.0
37.6863
44.0894
-1.0
-1.0
-1.0
-1.0
12.7124
-1.0
-1.0
42.765
-1.0
-1.0
49.7279
46.8926
-1.0
-1.0
-1.0
-1.0
-1.0
-1.0
33.7551
-1.0
46.9617
-1.0
-1.0
-1.0
24.7866
-1.0
-1.0
-1.0
-1.0
-1.0
18.6785
19.2837
26.8789
-1.0
-1.0
-1.0
-1.0
-1.0
22.911
-1.0
40.5873
-1.0
-1.0
-1.0
-1.0
42.842
-1.0
-1.0
-1.0
44.944
-1.0
-1.0
-1.0
-1.0
-1.0
-1.0
-1.0
-1.0
-1.0
-1.0
-1.0
-1.0
-1.0
-1.0
-1.0
-1.0
39.9529
-1.0
-1.0
38.0017
-1.0
-1.0
6.99613
-1.0
-1.0
-1.0
-1.0
-1.0
-1.0
-1.0
21.6485
-1.0
-1.0
39.7557
-1.0
-1.0
-1.0
-1.0
-1.0
30.9263
-1.0
32.6069
50.9724
-1.0
-1.0
41.9982
-1.0
-1.0
-1.0
-1.0
-1.0
-1.0
-1.0
43.0094
-1.0
-1.0
-1.0
-1.0
-1.0
49.5405
-1.0
-1.0
-1.0
-1.0
-1.0
-1.0
-1.0
46.0285
-1.0
28.7373
-1.0
-1.0
-1.0
-1.0
-1.0
-1.0
33.9951
-1.0
41.1516
34.3085
-1.0
-1.0
-1.0
-1.0
-1.0
37.9989
46.5292
-1.0
46.6473
-1.0
-1.0
-1.0
-1.0
-1.0
-1.0
48.6603
47.1696
-1.0
-1.0
-1.0
-1.0
-1.0
27.7256
21.5976
-1.0
-1.0
-1.0
-1.0
-1.0
-1.0
50.14
-1.0
-1.0
-1.0
47.1401
-1.0
-1.0
-1.0
-1.0
51.4673
48.0437
-1.0
-1.0
-1.0
33.2551
-1.0
-1.0
-1.0
-1.0
-1.0
-1.0
-1.0
-1.0
-1.0
-1.0
31.3999
-1.0
40.4589
-1.0
-1.0
-1.0
46.7808
-1.0
27.1125
-1.0
-1.0
-1.0
-1.0
-1.0
-1.0
30.6148
-1.0
49.9285
-1.0
-1.0
33.5807
-1.0
-1.0
18.8771
19.7173
-1.0
18.2443
-1.0
-1.0
-1.0
-1.0
-1.0
-1.0
19.7828
-1.0
-1.0
28.7901
-1.0
-1.0
32.2339
-1.0
43.1656
-1.0
-1.0
-1.0
-1.0
-1.0
-1.0
18.4514
10.3962
48.117
-1.0
-1.0
12.8858
-1.0
-1.0
-1.0
-1.0
-1.0
45.9533
-1.0
-1.0
44.4169
-1.0
-1.0
-1.0
48.9325
-1.0
-1.0
-1.0
-1.0
-1.0
-1.0
-1.0
-1.0
-1.0
-1.0
-1.0
38.4922
-1.0
40.4712
-1.0
48.2687
-1.0
-1.0
-1.0
42.8286
-1.0
-1.0
-1.0
-1.0
-1.0
-1.0
40.679
-1.0
-1.0
-1.0
-1.0
-1.0
52.0643
-1.0
-1.0
-1.0
-1.0
36.6242
28.5223
-1.0
-1.0
-1.0
-1.0
-1.0
-1.0
-1.0
41.6469
-1.0
39.6384
14.5997
-1.0
-1.0
7.64764
29.9729
47.5974
-1.0
-1.0
-1.0
29.8871
-1.0
-1.0
-1.0
-1.0
-1.0
-1.0
-1.0
41.8522
-1.0
-1.0
-1.0
-1.0
-1.0
27.4453
-1.0
-1.0
-1.0
29.7003
46.6287
-1.0
-1.0
-1.0
24.5934
-1.0
-1.0
-1.0
-1.0
-1.0
-1.0
48.7989
48.3608
-1.0
-1.0
48.0189
-1.0
-1.0
-1.0
-1.0
-1.0
-1.0
-1.0
-1.0
-1.0
48.8269
-1.0
-1.0
-1.0
-1.0
-1.0
48.0015
-1.0
-1.0
-1.0
-1.0
45.5475
-1.0
-1.0
-1.0
-1.0
-1.0
-1.0
-1.0
41.7321
-1.0
-1.0
47.0394
-1.0
-1.0
-1.0
41.4944
33.2962
-1.0
-1.0
37.8549
-1.0
-1.0
-1.0
-1.0
-1.0
-1.0
-1.0
-1.0
-1.0
-1.0
-1.0
-1.0
-1.0
-1.0
-1.0
-1.0
-1.0
-1.0
-1.0
-1.0
-1.0
-1.0
46.8296
-1.0
-1.0
-1.0
-1.0
18.7895
-1.0
-1.0
-1.0
-1.0
-1.0
-1.0
-1.0
-1.0
-1.0
33.7538
-1.0
-1.0
-1.0
-1.0
49.3451
-1.0
42.4807
-1.0
31.094
-1.0
26.8028
46.5515
-1.0
42.817
-1.0
-1.0
36.7471
16.5302
-1.0
-1.0
52.4914
-1.0
-1.0
-1.0
25.0063
30.6512
-1.0
-1.0
-1.0
20.1002
-1.0
9.53333
-1.0
-1.0
-1.0
-1.0
-1.0
-1.0
-1.0
-1.0
-1.0
-1.0
-1.0
-1.0
-1.0
-1.0
-1.0
-1.0
-1.0
-1.0
-1.0
46.3083
-1.0
43.1302
-1.0
-1.0
44.5512
33.8458
49.0025
-1.0
-1.0
-1.0
-1.0
-1.0
-1.0
-1.0
-1.0
-1.0
-1.0
29.9722
-1.0
-1.0
46.7299
-1.0
-1.0
-1.0
-1.0
-1.0
37.8972
-1.0
-1.0
-1.0
-1.0
-1.0
-1.0
41.9867
-1.0
-1.0
46.4563
44.7797
-1.0
22.8565
14.0723
29.9731
-1.0
-1.0
-1.0
-1.0
-1.0
46.036
-1.0
50.9011
10.2918
44.9481
-1.0
-1.0
-1.0
51.2468
-1.0
-1.0
-1.0
-1.0
-1.0
-1.0
-1.0
33.1091
31.8067
-1.0
-1.0
42.3726
-1.0
7.53347
27.328
-1.0
-1.0
-1.0
43.5832
-1.0
-1.0
-1.0
-1.0
-1.0
22.95
-1.0
26.8125
30.9023
-1.0
-1.0
-1.0
-1.0
-1.0
-1.0
-1.0
-1.0
-1.0
35.4138
-1.0
-1.0
-1.0
-1.0
-1.0
-1.0
45.4219
-1.0
-1.0
45.0483
-1.0
-1.0
-1.0
-1.0
-1.0
-1.0
-1.0
-1.0
-1.0
-1.0
-1.0
17.6995
-1.0
6.84178
-1.0
50.4123
-1.0
-1.0
-1.0
47.3369
-1.0
-1.0
-1.0
-1.0
-1.0
-1.0
26.6922
-1.0
46.4077
44.6482
-1.0
-1.0
-1.0
-1.0
-1.0
-1.0
-1.0
-1.0
-1.0
30.1892
-1.0
-1.0
-1.0
-1.0
-1.0
30.9629
-1.0
-1.0
43.5882
-1.0
-1.0
-1.0
-1.0
-1.0
-1.0
-1.0
-1.0
38.9832
-1.0
-1.0
-1.0
31.5188
-1.0
-1.0
-1.0
-1.0
49.4586
-1.0
-1.0
-1.0
-1.0
-1.0
-1.0
-1.0
-1.0
51.9913
-1.0
-1.0
-1.0
-1.0
-1.0
21.8599
31.057
51.6578
35.1209
-1.0
-1.0
-1.0
-1.0
30.6133
-1.0
45.4999
53.3467
-1.0
-1.0
33.2266
-1.0
-1.0
-1.0
-1.0
-1.0
33.3877
30.3835
-1.0
-1.0
45.231
28.1342
-1.0
-1.0
35.1432
-1.0
-1.0
-1.0
-1.0
-1.0
-1.0
-1.0
-1.0
-1.0
-1.0
-1.0
-1.0
29.6618
-1.0
-1.0
43.015
-1.0
-1.0
51.6426
-1.0
-1.0
43.766
-1.0
-1.0
39.195
-1.0
46.3182
-1.0
-1.0
-1.0
16.1489
51.1763
41.6208
-1.0
28.555
-1.0
-1.0
-1.0
-1.0
-1.0
-1.0
-1.0
-1.0
-1.0
-1.0
17.6385
-1.0
-1.0
-1.0
-1.0
29.4467
-1.0
7.01836
-1.0
-1.0
48.8583
-1.0
-1.0
-1.0
40.5619
-1.0
-1.0
-1.0
-1.0
35.5664
-1.0
-1.0
-1.0
-1.0
-1.0
-1.0
-1.0
31.5767
-1.0
-1.0
-1.0
-1.0
-1.0
-1.0
-1.0
-1.0
-1.0
42.9173
-1.0
47.1801
17.5215
-1.0
-1.0
-1.0
46.4636
-1.0
-1.0
-1.0
-1.0
24.4806
-1.0
51.2637
-1.0
-1.0
-1.0
-1.0
-1.0
-1.0
-1.0
39.4186
-1.0
42.6897
-1.0
-1.0
-1.0
-1.0
-1.0
-1.0
39.1781
38.9074
-1.0
-1.0
-1.0
13.8263
-1.0
-1.0
-1.0
-1.0
-1.0
-1.0
34.7201
-1.0
40.7534
-1.0
-1.0
-1.0
-1.0
-1.0
37.5646
21.3032
-1.0
41.461
51.6818
-1.0
49.1917
13.6925
24.0501
-1.0
-1.0
-1.0
-1.0
52.3093
-1.0
-1.0
-1.0
-1.0
27.9029
-1.0
-1.0
28.1446
47.9384
-1.0
-1.0
-1.0
31.2563
-1.0
-1.0
-1.0
-1.0
45.9522
-1.0
-1.0
-1.0
-1.0
18.359
-1.0
-1.0
-1.0
-1.0
-1.0
-1.0
-1.0
-1.0
-1.0
-1.0
-1.0
-1.0
-1.0
-1.0
-1.0
-1.0
-1.0
-1.0
38.8166
-1.0
-1.0
45.3296
-1.0
-1.0
24.0033
22.5108
51.6344
-1.0
-1.0
-1.0
-1.0
-1.0
-1.0
-1.0
-1.0
-1.0
-1.0
-1.0
-1.0
-1.0
-1.0
-1.0
23.3689
-1.0
-1.0
-1.0
34.8412
-1.0
-1.0
-1.0
45.5442
45.3195
-1.0
-1.0
-1.0
-1.0
-1.0
47.0328
-1.0
-1.0
-1.0
-1.0
-1.0
-1.0
-1.0
-1.0
-1.0
46.3843
-1.0
-1.0
-1.0
-1.0
35.3403
-1.0
-1.0
-1.0
49.4794
26.4692
-1.0
-1.0
-1.0
33.258
51.8843
-1.0
24.1206
41.7138
-1.0
-1.0
-1.0
-1.0
-1.0
-1.0
-1.0
-1.0
-1.0
-1.0
-1.0
33.7811
-1.0
-1.0
-1.0
-1.0
-1.0
44.8006
-1.0
-1.0
-1.0
-1.0
33.4502
37.879
-1.0
-1.0
-1.0
22.033
-1.0
-1.0
45.2779
-1.0
49.3558
-1.0
46.631
-1.0
-1.0
52.3937
-1.0
-1.0
-1.0
44.1454
51.0458
-1.0
-1.0
-1.0
-1.0
-1.0
-1.0
24.0972
-1.0
-1.0
-1.0
-1.0
-1.0
46.2395
36.4739
-1.0
-1.0
-1.0
-1.0
-1.0
-1.0
-1.0
-1.0
-1.0
48.1268
40.7887
-1.0
-1.0
44.1389
-1.0
-1.0
-1.0
51.6167
-1.0
-1.0
-1.0
-1.0
33.8276
18.2077
-1.0
45.1408
-1.0
-1.0
-1.0
-1.0
37.0903
29.5232
-1.0
-1.0
-1.0
-1.0
-1.0
-1.0
-1.0
-1.0
-1.0
-1.0
-1.0
-1.0
-1.0
-1.0
42.2716
-1.0
-1.0
-1.0
-1.0
-1.0
32.2702
39.7931
-1.0
-1.0
-1.0
-1.0
-1.0
-1.0
-1.0
38.5281
-1.0
-1.0
-1.0
-1.0
30.6281
-1.0
-1.0
-1.0
-1.0
-1.0
30.1585
-1.0
-1.0
32.1423
-1.0
43.6227
-1.0
-1.0
-1.0
-1.0
-1.0
-1.0
-1.0
-1.0
-1.0
49.5948
-1.0
-1.0
12.649
-1.0
-1.0
27.8493
-1.0
23.222
-1.0
-1.0
-1.0
-1.0
-1.0
-1.0
-1.0
-1.0
22.6544
-1.0
45.6386
-1.0
42.9553
-1.0
46.1848
-1.0
-1.0
-1.0
-1.0
24.3162
8.03874
11.827
-1.0
34.1153
25.0819
-1.0
-1.0
-1.0
45.3337
-1.0
-1.0
-1.0
-1.0
-1.0
-1.0
-1.0
-1.0
-1.0
-1.0
-1.0
30.9787
39.2318
-1.0
-1.0
-1.0
-1.0
-1.0
51.9887
42.3884
-1.0
-1.0
-1.0
-1.0
-1.0
-1.0
36.1786
49.3383
-1.0
39.3351
-1.0
-1.0
-1.0
46.9682
-1.0
-1.0
37.0336
-1.0
-1.0
-1.0
44.5166
33.4195
41.5414
-1.0
-1.0
-1.0
45.5432
44.0697
-1.0
-1.0
-1.0
-1.0
-1.0
-1.0
-1.0
21.4011
-1.0
-1.0
22.1803
-1.0
-1.0
-1.0
-1.0
-1.0
-1.0
-1.0
-1.0
-1.0
-1.0
-1.0
-1.0
-1.0
-1.0
-1.0
50.3926
-1.0
-1.0
-1.0
-1.0
-1.0
-1.0
-1.0
-1.0
-1.0
-1.0
-1.0
-1.0
-1.0
-1.0
-1.0
30.5999
-1.0
-1.0
-1.0
46.3017
41.884
-1.0
36.6865
-1.0
-1.0
-1.0
41.3847
14.7401
-1.0
-1.0
-1.0
-1.0
18.8875
-1.0
43.8292
-1.0
-1.0
24.1438
-1.0
-1.0
-1.0
36.4737
-1.0
-1.0
29.2481
33.7702
-1.0
-1.0
-1.0
-1.0
19.4705
-1.0
-1.0
43.2481
-1.0
-1.0
50.5983
-1.0
-1.0
37.7399
-1.0
27.3769
27.555
-1.0
-1.0
-1.0
-1.0
-1.0
-1.0
-1.0
-1.0
-1.0
-1.0
9.446
-1.0
-1.0
39.7944
-1.0
-1.0
-1.0
-1.0
-1.0
-1.0
23.1497
-1.0
-1.0
-1.0
-1.0
39.7378
-1.0
-1.0
51.3478
-1.0
-1.0
-1.0
41.0879
-1.0
-1.0
48.5455
39.9469
-1.0
-1.0
-1.0
-1.0
46.0307
-1.0
-1.0
-1.0
41.1698
-1.0
-1.0
-1.0
-1.0
39.1385
-1.0
-1.0
-1.0
-1.0
34.2575
-1.0
-1.0
-1.0
-1.0
-1.0
-1.0
-1.0
-1.0
-1.0
-1.0
-1.0
-1.0
-1.0
-1.0
-1.0
-1.0
-1.0
-1.0
-1.0
38.2245
-1.0
-1.0
-1.0
-1.0
-1.0
-1.0
36.8658
47.0519
-1.0
50.991
-1.0
-1.0
-1.0
-1.0
-1.0
30.5374
42.2815
-1.0
-1.0
-1.0
-1.0
-1.0
-1.0
-1.0
-1.0
-1.0
32.9527
-1.0
-1.0
33.7349
-1.0
-1.0
-1.0
44.7989
-1.0
-1.0
-1.0
43.2701
44.6644
-1.0
-1.0
-1.0
-1.0
26.8532
47.1787
36.9382
-1.0
-1.0
-1.0
-1.0
-1.0
-1.0
-1.0
-1.0
-1.0
-1.0
-1.0
-1.0
-1.0
-1.0
-1.0
-1.0
-1.0
-1.0
-1.0
-1.0
-1.0
-1.0
-1.0
-1.0
-1.0
-1.0
-1.0
-1.0
-1.0
50.4669
-1.0
-1.0
-1.0
-1.0
-1.0
-1.0
-1.0
-1.0
-1.0
-1.0
-1.0
-1.0
-1.0
-1.0
45.1613
-1.0
-1.0
-1.0
-1.0
-1.0
-1.0
-1.0
-1.0
-1.0
-1.0
38.5805
42.2187
-1.0
-1.0
31.6964
-1.0
-1.0
-1.0
-1.0
-1.0
-1.0
35.7132
-1.0
10.4959
-1.0
44.0244
40.0706
25.4884
-1.0
-1.0
-1.0
-1.0
-1.0
-1.0
-1.0
-1.0
-1.0
16.4684
-1.0
-1.0
-1.0
-1.0
-1.0
34.2958
-1.0
-1.0
-1.0
-1.0
32.2561
-1.0
-1.0
-1.0
42.5232
27.5587
-1.0
46.4568
38.8231
-1.0
-1.0
-1.0
24.2053
-1.0
-1.0
37.3318
36.6132
41.0885
-1.0
44.7758
-1.0
-1.0
-1.0
-1.0
-1.0
-1.0
-1.0
-1.0
-1.0
-1.0
-1.0
-1.0
-1.0
-1.0
-1.0
-1.0
31.4889
-1.0
43.3105
-1.0
-1.0
-1.0
-1.0
-1.0
-1.0
-1.0
49.128
48.4893
-1.0
-1.0
-1.0
-1.0
-1.0
-1.0
-1.0
39.8123
-1.0
-1.0
38.5129
46.6179
-1.0
-1.0
-1.0
-1.0
-1.0
-1.0
-1.0
45.867
-1.0
-1.0
15.356
-1.0
-1.0
-1.0
-1.0
-1.0
-1.0
-1.0
-1.0
-1.0
-1.0
35.9587
-1.0
-1.0
-1.0
-1.0
-1.0
27.8644
-1.0
-1.0
21.0531
-1.0
-1.0
-1.0
32.5265
-1.0
-1.0
36.8696
42.7805
-1.0
-1.0
-1.0
-1.0
-1.0
-1.0
-1.0
-1.0
-1.0
-1.0
-1.0
46.7072
45.1489
30.7577
-1.0
-1.0
-1.0
-1.0
-1.0
42.1077
-1.0
-1.0
-1.0
-1.0
-1.0
-1.0
-1.0
-1.0
-1.0
34.3922
-1.0
45.5043
-1.0
-1.0
-1.0
-1.0
47.2346
21.4276
-1.0
-1.0
-1.0
-1.0
50.8226
20.6214
-1.0
-1.0
-1.0
29.4281
-1.0
-1.0
-1.0
37.5359
-1.0
-1.0
2.07434
-1.0
-1.0
-1.0
-1.0
-1.0
-1.0
-1.0
-1.0
19.4703
-1.0
36.5674
-1.0
28.612
-1.0
-1.0
-1.0
48.0819
-1.0
44.3993
-1.0
34.4649
-1.0
-1.0
-1.0
-1.0
-1.0
-1.0
-1.0
-1.0
-1.0
-1.0
49.2837
-1.0
-1.0
-1.0
-1.0
-1.0
-1.0
-1.0
-1.0
-1.0
-1.0
-1.0
-1.0
-1.0
44.7462
-1.0
-1.0
-1.0
-1.0
-1.0
-1.0
-1.0
43.4363
-1.0
-1.0
47.7915
-1.0
-1.0
-1.0
49.9081
-1.0
30.2633
-1.0
-1.0
31.6276
-1.0
-1.0
-1.0
-1.0
36.5785
-1.0
-1.0
-1.0
-1.0
-1.0
26.9448
-1.0
25.003
-1.0
46.4631
-1.0
-1.0
-1.0
-1.0
-1.0
-1.0
-1.0
-1.0
-1.0
-1.0
-1.0
-1.0
-1.0
27.4457
-1.0
51.3344
-1.0
-1.0
-1.0
-1.0
29.0698
-1.0
-1.0
38.8388
-1.0
-1.0
51.6715
-1.0
-1.0
-1.0
34.8774
-1.0
-1.0
-1.0
-1.0
-1.0
-1.0
-1.0
-1.0
-1.0
-1.0
-1.0
-1.0
-1.0
-1.0
-1.0
44.8293
-1.0
34.8497
22.5325
-1.0
-1.0
41.0767
51.3931
-1.0
29.687
38.8196
-1.0
-1.0
-1.0
-1.0
-1.0
44.1974
24.384
-1.0
-1.0
-1.0
-1.0
-1.0
-1.0
-1.0
49.7137
-1.0
-1.0
-1.0
-1.0
-1.0
-1.0
-1.0
38.318
-1.0
-1.0
-1.0
-1.0
24.448
-1.0
-1.0
-1.0
-1.0
-1.0
-1.0
-1.0
38.4431
-1.0
-1.0
-1.0
-1.0
-1.0
-1.0
51.4113
-1.0
-1.0
29.3356
29.8373
-1.0
-1.0
-1.0
-1.0
-1.0
-1.0
-1.0
-1.0
-1.0
44.9615
29.0086
-1.0
35.0352
-1.0
-1.0
-1.0
-1.0
-1.0
-1.0
-1.0
-1.0
-1.0
-1.0
-1.0
-1.0
-1.0
-1.0
-1.0
-1.0
43.183
-1.0
-1.0
-1.0
-1.0
-1.0
38.62
-1.0
-1.0
32.6831
-1.0
-1.0
-1.0
-1.0
-1.0
-1.0
-1.0
-1.0
-1.0
41.1626
-1.0
48.1749
36.1607
-1.0
-1.0
47.7397
39.37
-1.0
46.1137
25.6483
42.076
-1.0
-1.0
-1.0
-1.0
-1.0
-1.0
-1.0
-1.0
-1.0
-1.0
38.3793
-1.0
-1.0
-1.0
25.3216
39.4299
50.1032
-1.0
-1.0
20.5773
-1.0
-1.0
-1.0
-1.0
-1.0
-1.0
22.6768
-1.0
-1.0
12.3365
-1.0
-1.0
35.3011
-1.0
-1.0
-1.0
-1.0
-1.0
-1.0
-1.0
-1.0
-1.0
-1.0
-1.0
-1.0
-1.0
-1.0
-1.0
42.957
-1.0
-1.0
-1.0
-1.0
33.0439
-1.0
-1.0
-1.0
32.8809
-1.0
54.0913
-1.0
-1.0
-1.0
-1.0
33.1096
-1.0
-1.0
-1.0
-1.0
-1.0
-1.0
-1.0
-1.0
-1.0
20.4941
-1.0
-1.0
50.7766
-1.0
-1.0
52.0974
-1.0
-1.0
-1.0
-1.0
-1.0
-1.0
-1.0
46.7848
-1.0
23.2511
-1.0
10.0521
-1.0
-1.0
-1.0
-1.0
36.8045
-1.0
-1.0
-1.0
-1.0
-1.0
-1.0
-1.0
46.7168
-1.0
-1.0
50.3963
-1.0
-1.0
-1.0
-1.0
-1.0
-1.0
-1.0
-1.0
-1.0
-1.0
-1.0
-1.0
-1.0
-1.0
-1.0
-1.0
-1.0
33.5671
-1.0
-1.0
-1.0
-1.0
37.1332
-1.0
-1.0
-1.0
46.977
-1.0
32.8344
50.383
48.4905
-1.0
-1.0
-1.0
-1.0
20.6431
-1.0
-1.0
34.7529
47.2271
-1.0
-1.0
-1.0
-1.0
-1.0
43.8071
-1.0
-1.0
37.2753
50.2204
-1.0
24.0083
-1.0
-1.0
-1.0
-1.0
38.7996
-1.0
-1.0
-1.0
-1.0
-1.0
-1.0
-1.0
-1.0
-1.0
-1.0
-1.0
-1.0
-1.0
50.668
-1.0
-1.0
-1.0
-1.0
-1.0
27.6005
-1.0
27.0481
-1.0
-1.0
-1.0
-1.0
-1.0
-1.0
-1.0
-1.0
-1.0
-1.0
46.9356
-1.0
-1.0
-1.0
-1.0
-1.0
45.3644
-1.0
-1.0
-1.0
-1.0
-1.0
-1.0
-1.0
-1.0
-1.0
-1.0
27.9126
-1.0
45.6317
-1.0
-1.0
-1.0
-1.0
-1.0
-1.0
33.554
49.833
-1.0
-1.0
-1.0
-1.0
43.1036
-1.0
-1.0
-1.0
-1.0
-1.0
-1.0
-1.0
-1.0
41.0982
-1.0
20.4709
-1.0
-1.0
48.6666
-1.0
-1.0
-1.0
-1.0
-1.0
8.61675
22.7904
-1.0
-1.0
-1.0
38.5796
-1.0
37.9788
-1.0
48.6246
-1.0
-1.0
-1.0
-1.0
-1.0
-1.0
-1.0
27.5073
-1.0
44.3301
-1.0
-1.0
40.3822
35.3709
20.7441
-1.0
-1.0
12.8367
-1.0
-1.0
-1.0
-1.0
-1.0
-1.0
-1.0
23.0091
-1.0
-1.0
-1.0
-1.0
-1.0
38.0757
-1.0
-1.0
-1.0
51.8137
-1.0
42.4895
-1.0
-1.0
-1.0
-1.0
45.6718
-1.0
-1.0
52.1221
-1.0
-1.0
27.6942
-1.0
-1.0
-1.0
-1.0
-1.0
-1.0
-1.0
-1.0
-1.0
-1.0
-1.0
-1.0
7.64066
-1.0
-1.0
24.1925
17.813
-1.0
-1.0
44.7665
53.0122
-1.0
-1.0
-1.0
-1.0
-1.0
-1.0
47.793
-1.0
-1.0
42.5128
-1.0
31.6048
51.3175
-1.0
43.0686
-1.0
-1.0
-1.0
-1.0
49.654
-1.0
39.5284
-1.0
-1.0
-1.0
-1.0
-1.0
29.6302
-1.0
-1.0
-1.0
45.6847
-1.0
-1.0
-1.0
-1.0
-1.0
-1.0
-1.0
20.4464
10.3549
-1.0
-1.0
25.5947
-1.0
-1.0
-1.0
-1.0
47.6334
-1.0
-1.0
-1.0
-1.0
-1.0
-1.0
-1.0
-1.0
-1.0
37.7196
-1.0
-1.0
-1.0
47.2605
42.0635
-1.0
-1.0
38.3837
-1.0
-1.0
-1.0
-1.0
-1.0
-1.0
-1.0
-1.0
49.5317
-1.0
-1.0
27.1474
-1.0
-1.0
37.6443
-1.0
-1.0
-1.0
-1.0
-1.0
17.6505
-1.0
-1.0
36.8052
-1.0
-1.0
24.0955
-1.0
-1.0
-1.0
-1.0
-1.0
-1.0
38.2911
-1.0
-1.0
-1.0
27.5669
-1.0
-1.0
-1.0
-1.0
-1.0
-1.0
-1.0
18.5187
-1.0
-1.0
-1.0
-1.0
-1.0
45.7909
-1.0
-1.0
34.3784
37.123
-1.0
23.5198
14.7575
32.3692
42.623
23.6318
-1.0
-1.0
-1.0
-1.0
-1.0
-1.0
-1.0
-1.0
-1.0
41.8674
-1.0
-1.0
-1.0
33.1621
-1.0
-1.0
-1.0
-1.0
-1.0
-1.0
49.4319
49.3921
-1.0
-1.0
-1.0
46.2942
51.7108
-1.0
-1.0
-1.0
-1.0
-1.0
-1.0
-1.0
-1.0
50.4585
44.4243
15.7496
-1.0
-1.0
-1.0
-1.0
-1.0
-1.0
-1.0
-1.0
-1.0
-1.0
-1.0
-1.0
-1.0
-1.0
-1.0
-1.0
-1.0
16.3863
-1.0
-1.0
-1.0
-1.0
52.1571
-1.0
-1.0
-1.0
-1.0
-1.0
-1.0
-1.0
-1.0
-1.0
44.7846
-1.0
-1.0
50.6728
-1.0
-1.0
-1.0
31.8264
-1.0
46.1632
-1.0
-1.0
23.4511
-1.0
-1.0
49.1876
-1.0
-1.0
-1.0
-1.0
-1.0
49.115
-1.0
-1.0
48.227
-1.0
-1.0
-1.0
-1.0
47.537
-1.0
-1.0
-1.0
-1.0
27.8833
-1.0
41.4515
-1.0
30.0545
-1.0
-1.0
-1.0
-1.0
-1.0
-1.0
-1.0
-1.0
-1.0
-1.0
-1.0
38.2479
-1.0
-1.0
32.9784
-1.0
-1.0
-1.0
48.6864
-1.0
-1.0
-1.0
-1.0
-1.0
48.1092
-1.0
-1.0
-1.0
-1.0
-1.0
38.5532
-1.0
-1.0
-1.0
-1.0
-1.0
49.97
-1.0
-1.0
20.6873
-1.0
-1.0
-1.0
-1.0
33.8757
-1.0
-1.0
-1.0
-1.0
-1.0
-1.0
-1.0
-1.0
41.6936
-1.0
-1.0
47.9258
-1.0
49.6083
-1.0
-1.0
27.2325
48.6424
-1.0
-1.0
-1.0
23.9087
47.1194
-1.0
-1.0
-1.0
16.701
-1.0
37.1937
-1.0
-1.0
-1.0
-1.0
-1.0
-1.0
-1.0
-1.0
-1.0
-1.0
-1.0
-1.0
49.2575
-1.0
-1.0
-1.0
-1.0
-1.0
-1.0
-1.0
-1.0
41.8443
-1.0
-1.0
-1.0
-1.0
-1.0
-1.0
-1.0
48.4464
-1.0
43.0014
40.0057
-1.0
-1.0
-1.0
-1.0
-1.0
34.2606
-1.0
-1.0
42.6075
-1.0
-1.0
-1.0
-1.0
-1.0
-1.0
42.3533
-1.0
-1.0
43.4429
-1.0
-1.0
-1.0
-1.0
48.0633
52.0809
-1.0
-1.0
-1.0
-1.0
-1.0
-1.0
-1.0
-1.0
-1.0
-1.0
-1.0
-1.0
-1.0
-1.0
-1.0
-1.0
-1.0
-1.0
-1.0
-1.0
-1.0
17.4802
-1.0
-1.0
-1.0
-1.0
-1.0
-1.0
-1.0
40.0949
-1.0
-1.0
-1.0
-1.0
48.9271
-1.0
20.211
41.2893
-1.0
-1.0
-1.0
-1.0
17.4451
-1.0
-1.0
-1.0
9.86624
-1.0
-1.0
-1.0
-1.0
-1.0
16.4479
-1.0
-1.0
-1.0
-1.0
-1.0
-1.0
17.9746
-1.0
-1.0
28.1672
-1.0
-1.0
-1.0
-1.0
-1.0
-1.0
-1.0
-1.0
-1.0
13.75
-1.0
-1.0
16.381
-1.0
-1.0
39.9123
-1.0
-1.0
49.8992
-1.0
26.8046
-1.0
-1.0
-1.0
-1.0
-1.0
14.3903
47.0234
-1.0
-1.0
50.8877
-1.0
44.9952
-1.0
-1.0
-1.0
41.795
-1.0
-1.0
-1.0
-1.0
-1.0
-1.0
-1.0
33.9351
39.8497
-1.0
-1.0
-1.0
-1.0
-1.0
-1.0
34.477
-1.0
-1.0
49.6518
-1.0
-1.0
-1.0
-1.0
43.1908
-1.0
45.104
-1.0
-1.0
-1.0
36.6534
-1.0
-1.0
-1.0
36.0602
-1.0
-1.0
-1.0
-1.0
-1.0
-1.0
-1.0
25.7534
-1.0
26.3176
-1.0
38.9387
-1.0
52.2261
-1.0
-1.0
-1.0
-1.0
-1.0
-1.0
-1.0
-1.0
-1.0
-1.0
18.1776
42.3863
-1.0
18.178
-1.0
-1.0
-1.0
-1.0
-1.0
-1.0
-1.0
-1.0
-1.0
-1.0
-1.0
-1.0
-1.0
-1.0
-1.0
51.8202
-1.0
-1.0
-1.0
-1.0
-1.0
-1.0
46.2027
-1.0
21.8034
-1.0
-1.0
-1.0
-1.0
-1.0
47.659
22.891
-1.0
-1.0
-1.0
-1.0
-1.0
-1.0
-1.0
37.6935
-1.0
16.7908
-1.0
-1.0
-1.0
51.2079
-1.0
-1.0
-1.0
-1.0
-1.0
43.8056
44.6903
-1.0
-1.0
-1.0
-1.0
-1.0
-1.0
23.3528
-1.0
-1.0
24.2303
-1.0
-1.0
20.6768
-1.0
-1.0
-1.0
45.8551
40.5007
42.6888
-1.0
-1.0
-1.0
-1.0
26.637
-1.0
-1.0
-1.0
-1.0
-1.0
-1.0
34.0822
-1.0
-1.0
-1.0
43.8854
-1.0
-1.0
28.7696
-1.0
40.1022
47.3467
-1.0
25.3223
-1.0
-1.0
-1.0
-1.0
-1.0
-1.0
-1.0
-1.0
-1.0
27.2179
51.1444
-1.0
-1.0
-1.0
-1.0
-1.0
47.7432
-1.0
40.4845
50.8741
-1.0
12.2059
-1.0
-1.0
-1.0
-1.0
20.7128
40.5003
-1.0
-1.0
-1.0
-1.0
-1.0
-1.0
-1.0
-1.0
-1.0
-1.0
47.1857
30.8206
-1.0
-1.0
-1.0
-1.0
-1.0
43.7833
43.4446
-1.0
-1.0
-1.0
-1.0
33.0614
26.7538
-1.0
-1.0
-1.0
-1.0
-1.0
40.2855
-1.0
-1.0
-1.0
-1.0
45.1431
-1.0
-1.0
-1.0
-1.0
-1.0
-1.0
-1.0
-1.0
-1.0
-1.0
-1.0
-1.0
32.2992
-1.0
-1.0
-1.0
-1.0
-1.0
-1.0
-1.0
-1.0
51.4083
-1.0
-1.0
39.1163
-1.0
42.8861
-1.0
16.3246
-1.0
-1.0
-1.0
-1.0
-1.0
-1.0
37.6319
27.8187
-1.0
-1.0
-1.0
42.8881
-1.0
35.9581
-1.0
-1.0
-1.0
-1.0
-1.0
-1.0
-1.0
-1.0
-1.0
-1.0
-1.0
54.5309
-1.0
-1.0
-1.0
-1.0
-1.0
-1.0
6.61201
-1.0
48.7485
-1.0
-1.0
-1.0
-1.0
46.9342
-1.0
-1.0
11.7823
-1.0
-1.0
-1.0
-1.0
-1.0
-1.0
-1.0
-1.0
-1.0
-1.0
52.2605
-1.0
50.2861
-1.0
-1.0
38.0155
33.1953
-1.0
37.8269
-1.0
14.3769
-1.0
-1.0
-1.0
-1.0
-1.0
33.2108
-1.0
-1.0
-1.0
-1.0
-1.0
-1.0
-1.0
-1.0
37.5855
21.1918
-1.0
-1.0
-1.0
51.357
-1.0
-1.0
-1.0
-1.0
-1.0
-1.0
50.8722
42.8981
-1.0
19.9663
-1.0
48.0103
-1.0
25.8856
40.489
-1.0
-1.0
-1.0
-1.0
43.2754
-1.0
-1.0
-1.0
-1.0
-1.0
-1.0
-1.0
34.5217
49.3481
-1.0
-1.0
-1.0
32.9785
43.2287
-1.0
-1.0
38.7687
-1.0
38.9909
40.0416
-1.0
36.4629
-1.0
-1.0
-1.0
-1.0
-1.0
-1.0
-1.0
-1.0
33.9682
-1.0
31.6565
-1.0
45.0207
-1.0
-1.0
-1.0
-1.0
-1.0
-1.0
-1.0
-1.0
-1.0
-1.0
-1.0
51.9719
-1.0
-1.0
-1.0
50.5614
-1.0
-1.0
-1.0
-1.0
-1.0
-1.0
-1.0
-1.0
-1.0
-1.0
-1.0
-1.0
-1.0
44.7294
-1.0
-1.0
-1.0
-1.0
-1.0
41.8943
-1.0
-1.0
40.0176
-1.0
-1.0
-1.0
-1.0
-1.0
32.5323
-1.0
-1.0
-1.0
-1.0
-1.0
-1.0
-1.0
-1.0
-1.0
21.1563
46.6698
-1.0
-1.0
23.5224
-1.0
-1.0
-1.0
40.9967
-1.0
-1.0
-1.0
46.2423
47.5508
33.3526
-1.0
32.9665
-1.0
23.5135
-1.0
-1.0
39.1663
-1.0
-1.0
46.3808
43.1246
-1.0
-1.0
-1.0
-1.0
-1.0
35.2812
-1.0
-1.0
-1.0
-1.0
-1.0
-1.0
-1.0
-1.0
-1.0
-1.0
24.6193
48.8267
35.4999
-1.0
-1.0
-1.0
-1.0
-1.0
-1.0
-1.0
-1.0
-1.0
-1.0
-1.0
-1.0
-1.0
-1.0
-1.0
-1.0
52.2869
-1.0
-1.0
-1.0
-1.0
-1.0
-1.0
33.9461
-1.0
-1.0
-1.0
-1.0
37.1883
-1.0
-1.0
-1.0
-1.0
-1.0
-1.0
-1.0
-1.0
51.8333
-1.0
-1.0
39.4633
42.6047
-1.0
-1.0
-1.0
-1.0
-1.0
-1.0
-1.0
-1.0
-1.0
-1.0
-1.0
41.7083
-1.0
-1.0
-1.0
-1.0
-1.0
23.1313
-1.0
39.3544
43.0932
-1.0
-1.0
-1.0
50.347
-1.0
-1.0
-1.0
51.4812
-1.0
38.126
-1.0
49.2322
46.2346
-1.0
-1.0
-1.0
-1.0
-1.0
-1.0
-1.0
-1.0
-1.0
50.3218
-1.0
-1.0
-1.0
-1.0
-1.0
29.5645
-1.0
-1.0
-1.0
-1.0
-1.0
49.2776
-1.0
18.506
40.9482
-1.0
-1.0
-1.0
-1.0
46.9551
-1.0
40.8739
-1.0
-1.0
-1.0
-1.0
-1.0
50.4375
-1.0
40.3507
32.8605
48.3524
-1.0
-1.0
-1.0
-1.0
42.1181
48.9029
-1.0
-1.0
28.0967
-1.0
-1.0
36.549
-1.0
31.2745
-1.0
-1.0
-1.0
14.2715
-1.0
42.2696
43.2367
-1.0
-1.0
-1.0
-1.0
-1.0
-1.0
-1.0
-1.0
-1.0
38.8432
-1.0
-1.0
-1.0
-1.0
-1.0
39.6466
-1.0
-1.0
49.3217
-1.0
41.542
-1.0
-1.0
32.1325
-1.0
-1.0
-1.0
-1.0
-1.0
-1.0
-1.0
48.7655
43.3282
38.7152
42.3263
-1.0
-1.0
-1.0
-1.0
22.5648
-1.0
-1.0
-1.0
-1.0
-1.0
45.9191
-1.0
47.7428
-1.0
-1.0
-1.0
-1.0
-1.0
-1.0
-1.0
-1.0
-1.0
42.2471
-1.0
-1.0
-1.0
-1.0
-1.0
28.3435
-1.0
48.5478
-1.0
-1.0
-1.0
-1.0
46.0275
-1.0
-1.0
-1.0
-1.0
-1.0
-1.0
-1.0
44.4693
-1.0
27.8412
27.6711
-1.0
47.6744
27.7818
-1.0
-1.0
-1.0
28.3855
44.7403
50.153
-1.0
-1.0
-1.0
36.867
36.3902
-1.0
-1.0
-1.0
-1.0
46.5392
-1.0
-1.0
-1.0
33.9747
-1.0
-1.0
-1.0
-1.0
-1.0
36.2205
-1.0
-1.0
33.3382
44.8918
-1.0
-1.0
-1.0
-1.0
-1.0
-1.0
-1.0
-1.0
-1.0
-1.0
25.2381
50.8456
-1.0
-1.0
-1.0
-1.0
51.2784
30.347
-1.0
-1.0
-1.0
30.6085
-1.0
-1.0
-1.0
-1.0
-1.0
-1.0
-1.0
39.3304
-1.0
37.1394
-1.0
-1.0
-1.0
-1.0
-1.0
-1.0
-1.0
-1.0
-1.0
22.5874
47.5998
-1.0
-1.0
-1.0
-1.0
-1.0
-1.0
-1.0
-1.0
-1.0
-1.0
25.9874
45.7988
-1.0
-1.0
-1.0
36.1697
51.6033
-1.0
-1.0
-1.0
-1.0
-1.0
-1.0
-1.0
-1.0
-1.0
-1.0
-1.0
39.1792
-1.0
-1.0
-1.0
17.7096
-1.0
-1.0
-1.0
-1.0
-1.0
26.73
-1.0
-1.0
-1.0
-1.0
52.0768
-1.0
-1.0
-1.0
-1.0
-1.0
-1.0
37.6091
36.229
-1.0
-1.0
-1.0
-1.0
-1.0
50.7028
-1.0
29.26
-1.0
-1.0
-1.0
-1.0
-1.0
-1.0
-1.0
-1.0
-1.0
-1.0
-1.0
-1.0
22.8807
-1.0
-1.0
-1.0
-1.0
-1.0
-1.0
-1.0
-1.0
-1.0
40.0817
-1.0
-1.0
42.5113
-1.0
-1.0
-1.0
-1.0
-1.0
-1.0
-1.0
-1.0
-1.0
-1.0
-1.0
-1.0
35.6302
-1.0
-1.0
-1.0
-1.0
-1.0
-1.0
34.48
-1.0
-1.0
-1.0
104.058
34.1514
-1.0
-1.0
-1.0
-1.0
-1.0
-1.0
-1.0
-1.0
-1.0
-1.0
43.0394
36.9474
-1.0
-1.0
-1.0
-1.0
-1.0
52.2611
-1.0
22.6489
27.0567
38.3609
35.5397
-1.0
29.3833
-1.0
-1.0
31.8967
-1.0
-1.0
-1.0
-1.0
-1.0
-1.0
-1.0
23.7053
14.9296
-1.0
-1.0
-1.0
-1.0
-1.0
-1.0
-1.0
-1.0
41.464
41.4522
-1.0
-1.0
-1.0
-1.0
-1.0
-1.0
-1.0
-1.0
-1.0
-1.0
-1.0
-1.0
-1.0
-1.0
-1.0
50.3912
-1.0
48.7717
-1.0
-1.0
-1.0
-1.0
-1.0
-1.0
-1.0
-1.0
-1.0
-1.0
41.3395
47.9551
-1.0
-1.0
-1.0
-1.0
20.8773
-1.0
-1.0
-1.0
-1.0
52.1513
51.0962
-1.0
-1.0
25.7277
-1.0
38.182
-1.0
-1.0
32.1176
-1.0
-1.0
-1.0
-1.0
-1.0
-1.0
-1.0
-1.0
-1.0
40.0932
43.2914
30.2054
-1.0
-1.0
-1.0
-1.0
-1.0
-1.0
-1.0
-1.0
29.5459
-1.0
-1.0
-1.0
-1.0
49.9219
-1.0
-1.0
-1.0
-1.0
-1.0
-1.0
-1.0
37.2563
-1.0
-1.0
-1.0
-1.0
-1.0
21.271
-1.0
-1.0
-1.0
-1.0
24.1395
-1.0
-1.0
-1.0
-1.0
28.2449
-1.0
12.4469
26.7963
39.1314
25.2515
-1.0
46.5371
-1.0
-1.0
-1.0
-1.0
-1.0
18.4294
-1.0
-1.0
-1.0
-1.0
28.6306
-1.0
-1.0
-1.0
-1.0
-1.0
-1.0
-1.0
-1.0
-1.0
-1.0
50.9301
40.7007
-1.0
-1.0
30.4777
-1.0
-1.0
-1.0
-1.0
-1.0
-1.0
-1.0
-1.0
39.7595
-1.0
-1.0
-1.0
-1.0
-1.0
-1.0
-1.0
-1.0
-1.0
40.2167
-1.0
-1.0
-1.0
36.8647
-1.0
-1.0
-1.0
-1.0
27.7973
49.3368
-1.0
-1.0
-1.0
-1.0
-1.0
-1.0
-1.0
-1.0
-1.0
45.268
-1.0
-1.0
27.0055
-1.0
-1.0
-1.0
-1.0
-1.0
-1.0
-1.0
-1.0
33.2913
-1.0
-1.0
-1.0
41.3655
13.2447
-1.0
-1.0
12.9206
-1.0
-1.0
-1.0
-1.0
-1.0
-1.0
-1.0
-1.0
-1.0
-1.0
12.6627
-1.0
-1.0
-1.0
-1.0
-1.0
-1.0
38.8283
-1.0
-1.0
45.8462
-1.0
-1.0
-1.0
-1.0
44.6017
-1.0
-1.0
-1.0
-1.0
40.5434
43.1973
-1.0
-1.0
-1.0
-1.0
19.0547
28.8053
47.7203
-1.0
-1.0
-1.0
-1.0
38.0546
-1.0
-1.0
-1.0
47.7986
-1.0
45.7942
-1.0
36.6013
-1.0
-1.0
43.2714
-1.0
-1.0
-1.0
48.6645
33.273
-1.0
-1.0
36.179
-1.0
41.9263
-1.0
-1.0
47.3264
-1.0
-1.0
-1.0
39.8323
-1.0
-1.0
-1.0
-1.0
-1.0
-1.0
-1.0
-1.0
-1.0
-1.0
35.9729
-1.0
40.7564
-1.0
-1.0
-1.0
-1.0
37.1427
-1.0
42.7533
20.4312
-1.0
-1.0
-1.0
-1.0
-1.0
-1.0
-1.0
18.2756
-1.0
28.13
-1.0
-1.0
37.2185
28.9788
20.3856
-1.0
-1.0
30.1292
-1.0
-1.0
26.8184
-1.0
36.4498
-1.0
-1.0
-1.0
-1.0
-1.0
-1.0
49.6928
39.5106
-1.0
-1.0
-1.0
-1.0
42.0716
-1.0
40.5938
-1.0
-1.0
36.5512
-1.0
32.9033
-1.0
-1.0
45.5018
-1.0
42.0126
-1.0
-1.0
-1.0
-1.0
-1.0
-1.0
38.6591
-1.0
-1.0
-1.0
51.17
-1.0
44.3112
-1.0
-1.0
-1.0
-1.0
-1.0
-1.0
51.3984
-1.0
-1.0
-1.0
47.5403
-1.0
-1.0
-1.0
-1.0
-1.0
-1.0
-1.0
-1.0
-1.0
-1.0
-1.0
-1.0
-1.0
-1.0
-1.0
-1.0
-1.0
-1.0
-1.0
41.1023
-1.0
-1.0
-1.0
-1.0
-1.0
-1.0
-1.0
-1.0
34.6035
-1.0
-1.0
-1.0
-1.0
-1.0
-1.0
-1.0
-1.0
-1.0
-1.0
-1.0
38.5113
-1.0
22.3879
39.9761
-1.0
-1.0
-1.0
-1.0
-1.0
-1.0
-1.0
-1.0
49.2384
52.1534
-1.0
29.6758
-1.0
40.478
-1.0
-1.0
-1.0
-1.0
-1.0
-1.0
34.8502
-1.0
43.4336
-1.0
-1.0
-1.0
-1.0
-1.0
-1.0
30.258
-1.0
-1.0
-1.0
-1.0
-1.0
-1.0
-1.0
-1.0
-1.0
-1.0
-1.0
37.1276
-1.0
-1.0
-1.0
29.0514
-1.0
-1.0
36.7803
-1.0
-1.0
-1.0
43.9798
-1.0
36.1371
-1.0
-1.0
-1.0
-1.0
-1.0
-1.0
-1.0
-1.0
-1.0
-1.0
-1.0
-1.0
-1.0
-1.0
-1.0
-1.0
-1.0
-1.0
-1.0
-1.0
28.5433
25.4308
26.046
-1.0
51.9056
47.8813
40.1119
38.2672
-1.0
-1.0
24.654
-1.0
-1.0
-1.0
24.0034
-1.0
-1.0
27.8669
-1.0
-1.0
-1.0
37.2347
-1.0
-1.0
42.1404
-1.0
-1.0
-1.0
41.8443
-1.0
-1.0
-1.0
-1.0
-1.0
-1.0
39.9301
-1.0
-1.0
-1.0
-1.0
-1.0
31.4115
-1.0
-1.0
-1.0
-1.0
-1.0
-1.0
-1.0
-1.0
-1.0
-1.0
37.3788
-1.0
-1.0
-1.0
-1.0
-1.0
-1.0
38.5092
-1.0
49.8263
-1.0
-1.0
-1.0
18.1273
-1.0
-1.0
-1.0
-1.0
29.6119
-1.0
-1.0
29.272
-1.0
51.2189
-1.0
-1.0
-1.0
25.708
-1.0
35.7407
37.4159
-1.0
36.4003
-1.0
39.9805
30.6882
-1.0
-1.0
-1.0
-1.0
33.4853
-1.0
-1.0
-1.0
-1.0
-1.0
-1.0
-1.0
-1.0
-1.0
-1.0
-1.0
-1.0
-1.0
-1.0
-1.0
-1.0
-1.0
-1.0
-1.0
-1.0
-1.0
-1.0
-1.0
-1.0
34.1121
52.2275
-1.0
-1.0
-1.0
-1.0
-1.0
47.4789
-1.0
-1.0
29.2056
-1.0
-1.0
-1.0
-1.0
-1.0
-1.0
-1.0
-1.0
-1.0
-1.0
-1.0
-1.0
-1.0
-1.0
-1.0
-1.0
-1.0
-1.0
-1.0
-1.0
-1.0
51.9899
-1.0
47.9023
-1.0
-1.0
44.6041
50.2581
38.939
-1.0
-1.0
-1.0
-1.0
-1.0
-1.0
-1.0
-1.0
-1.0
-1.0
-1.0
36.6807
-1.0
44.7476
-1.0
-1.0
-1.0
32.4111
44.3532
-1.0
-1.0
-1.0
-1.0
-1.0
32.6869
-1.0
-1.0
-1.0
33.8431
-1.0
-1.0
-1.0
-1.0
33.5573
-1.0
-1.0
-1.0
-1.0
-1.0
40.3904
-1.0
-1.0
-1.0
-1.0
-1.0
49.1695
-1.0
20.1051
-1.0
43.7884
-1.0
-1.0
-1.0
-1.0
-1.0
-1.0
-1.0
-1.0
-1.0
-1.0
-1.0
27.5945
-1.0
-1.0
-1.0
-1.0
-1.0
-1.0
-1.0
-1.0
-1.0
51.7106
-1.0
-1.0
-1.0
-1.0
-1.0
35.5957
-1.0
-1.0
-1.0
-1.0
-1.0
-1.0
-1.0
-1.0
19.1975
-1.0
-1.0
44.2131
37.2819
-1.0
-1.0
-1.0
-1.0
44.5054
29.1299
48.4167
-1.0
35.2863
-1.0
-1.0
-1.0
-1.0
-1.0
-1.0
-1.0
40.794
-1.0
-1.0
36.6252
-1.0
41.5905
-1.0
-1.0
-1.0
-1.0
-1.0
33.9534
46.8232
-1.0
-1.0
-1.0
24.469
-1.0
-1.0
-1.0
17.2429
-1.0
-1.0
-1.0
-1.0
-1.0
15.891
-1.0
-1.0
26.2015
-1.0
-1.0
20.2854
40.1405
45.7365
-1.0
-1.0
-1.0
-1.0
21.6735
50.6274
-1.0
-1.0
46.8951
-1.0
28.5731
-1.0
-1.0
-1.0
25.787
-1.0
-1.0
-1.0
-1.0
-1.0
-1.0
-1.0
24.0916
-1.0
-1.0
-1.0
-1.0
-1.0
-1.0
-1.0
-1.0
-1.0
-1.0
-1.0
-1.0
-1.0
-1.0
-1.0
-1.0
-1.0
22.3541
-1.0
-1.0
-1.0
-1.0
46.5778
-1.0
-1.0
-1.0
-1.0
-1.0
-1.0
34.0434
-1.0
-1.0
-1.0
27.3931
-1.0
-1.0
-1.0
-1.0
-1.0
-1.0
-1.0
23.318
-1.0
-1.0
49.7334
-1.0
49.971
-1.0
-1.0
-1.0
-1.0
-1.0
-1.0
-1.0
-1.0
-1.0
48.9537
-1.0
-1.0
-1.0
23.2462
45.7397
42.9721
-1.0
-1.0
-1.0
-1.0
35.1648
-1.0
-1.0
-1.0
36.1878
-1.0
-1.0
-1.0
9.59998
-1.0
33.7963
-1.0
-1.0
-1.0
38.1938
-1.0
49.3239
-1.0
-1.0
-1.0
-1.0
-1.0
-1.0
-1.0
-1.0
39.4915
-1.0
-1.0
-1.0
-1.0
-1.0
-1.0
-1.0
-1.0
-1.0
-1.0
-1.0
24.1369
-1.0
38.7107
-1.0
18.4223
-1.0
-1.0
52.084
-1.0
48.0201
-1.0
-1.0
-1.0
36.6914
-1.0
-1.0
42.4211
-1.0
-1.0
-1.0
-1.0
36.4931
20.7698
48.6939
-1.0
-1.0
-1.0
-1.0
-1.0
-1.0
-1.0
-1.0
-1.0
-1.0
-1.0
-1.0
-1.0
-1.0
43.7947
41.1083
-1.0
-1.0
-1.0
-1.0
48.5774
-1.0
-1.0
45.9001
-1.0
-1.0
-1.0
-1.0
-1.0
-1.0
-1.0
-1.0
26.682
-1.0
-1.0
-1.0
-1.0
-1.0
-1.0
36.1057
-1.0
-1.0
-1.0
-1.0
-1.0
34.4947
-1.0
-1.0
-1.0
-1.0
-1.0
-1.0
-1.0
-1.0
41.7464
-1.0
41.9553
-1.0
-1.0
-1.0
-1.0
-1.0
-1.0
-1.0
-1.0
-1.0
40.8134
-1.0
-1.0
50.9655
-1.0
-1.0
39.6347
45.3902
-1.0
-1.0
33.0192
24.8365
-1.0
-1.0
-1.0
-1.0
47.4991
-1.0
-1.0
-1.0
-1.0
-1.0
-1.0
-1.0
-1.0
-1.0
-1.0
-1.0
-1.0
-1.0
-1.0
-1.0
-1.0
-1.0
-1.0
43.3854
-1.0
-1.0
-1.0
28.6265
22.2841
-1.0
-1.0
41.4915
51.5947
-1.0
-1.0
50.0676
14.9372
44.6303
-1.0
-1.0
-1.0
-1.0
-1.0
16.8241
-1.0
-1.0
-1.0
45.1728
-1.0
50.5313
-1.0
-1.0
19.2329
-1.0
46.4255
-1.0
-1.0
-1.0
-1.0
-1.0
-1.0
-1.0
-1.0
-1.0
-1.0
50.4502
-1.0
-1.0
-1.0
-1.0
28.1851
-1.0
-1.0
-1.0
-1.0
-1.0
22.1322
-1.0
-1.0
-1.0
45.5254
36.2362
-1.0
-1.0
50.5741
-1.0
-1.0
-1.0
-1.0
38.6952
-1.0
47.7422
-1.0
-1.0
-1.0
-1.0
48.2342
-1.0
-1.0
-1.0
-1.0
47.3615
-1.0
-1.0
-1.0
-1.0
-1.0
-1.0
25.9178
39.0469
-1.0
-1.0
41.5659
50.6384
-1.0
-1.0
-1.0
-1.0
-1.0
22.7892
-1.0
-1.0
-1.0
-1.0
-1.0
-1.0
-1.0
-1.0
27.988
-1.0
-1.0
-1.0
47.4244
-1.0
-1.0
-1.0
24.4198
-1.0
-1.0
-1.0
7.87355
-1.0
-1.0
47.207
-1.0
-1.0
31.2606
37.3216
-1.0
-1.0
29.7113
-1.0
-1.0
-1.0
-1.0
34.3668
-1.0
37.0736
-1.0
39.2717
-1.0
45.2187
-1.0
-1.0
-1.0
47.3257
-1.0
-1.0
-1.0
16.7549
-1.0
51.6105
-1.0
-1.0
38.701
21.6901
45.1874
-1.0
43.7822
-1.0
9.26708
-1.0
-1.0
-1.0
22.5705
-1.0
-1.0
21.5051
-1.0
-1.0
29.642
-1.0
-1.0
-1.0
45.4582
42.1571
37.4974
-1.0
-1.0
-1.0
51.969
-1.0
-1.0
41.3748
-1.0
-1.0
22.7912
-1.0
-1.0
-1.0
-1.0
-1.0
-1.0
-1.0
-1.0
-1.0
51.5768
45.0066
-1.0
46.4994
-1.0
42.1705
48.0857
-1.0
-1.0
-1.0
-1.0
-1.0
31.1006
38.9259
-1.0
-1.0
-1.0
-1.0
-1.0
-1.0
-1.0
-1.0
9.71434
-1.0
-1.0
-1.0
-1.0
-1.0
-1.0
-1.0
-1.0
-1.0
46.7512
-1.0
-1.0
35.1968
42.4873
38.4798
-1.0
-1.0
26.8446
11.5789
-1.0
-1.0
-1.0
-1.0
50.3737
-1.0
-1.0
-1.0
-1.0
-1.0
-1.0
-1.0
-1.0
19.1537
36.3216
-1.0
-1.0
-1.0
-1.0
-1.0
33.4944
-1.0
-1.0
-1.0
-1.0
-1.0
-1.0
31.4436
51.2815
-1.0
26.2569
43.8159
-1.0
-1.0
-1.0
49.5933
26.2184
-1.0
-1.0
-1.0
-1.0
-1.0
-1.0
35.5816
38.799
-1.0
36.819
44.612
-1.0
-1.0
-1.0
-1.0
-1.0
-1.0
-1.0
-1.0
42.1051
-1.0
-1.0
-1.0
-1.0
-1.0
-1.0
-1.0
-1.0
-1.0
-1.0
-1.0
-1.0
-1.0
-1.0
41.6733
-1.0
-1.0
-1.0
-1.0
39.0921
-1.0
-1.0
-1.0
42.7107
43.5032
25.3628
-1.0
41.2335
34.1951
-1.0
-1.0
-1.0
-1.0
-1.0
-1.0
-1.0
-1.0
-1.0
39.3947
-1.0
-1.0
-1.0
-1.0
-1.0
-1.0
-1.0
-1.0
-1.0
44.119
-1.0
-1.0
-1.0
-1.0
-1.0
-1.0
-1.0
48.8846
-1.0
-1.0
-1.0
49.23
46.2316
-1.0
-1.0
-1.0
-1.0
24.1024
-1.0
-1.0
-1.0
-1.0
-1.0
-1.0
-1.0
20.6034
-1.0
-1.0
-1.0
-1.0
-1.0
-1.0
-1.0
-1.0
-1.0
27.6633
20.2833
-1.0
-1.0
-1.0
-1.0
42.4074
-1.0
39.0359
-1.0
-1.0
-1.0
27.6149
-1.0
-1.0
38.812
49.4719
-1.0
22.3575
-1.0
-1.0
-1.0
-1.0
-1.0
-1.0
-1.0
-1.0
-1.0
-1.0
24.6375
39.4218
-1.0
-1.0
-1.0
-1.0
-1.0
-1.0
-1.0
38.163
-1.0
-1.0
34.1702
-1.0
24.5496
-1.0
-1.0
-1.0
-1.0
35.1249
-1.0
-1.0
-1.0
-1.0
-1.0
-1.0
45.8442
-1.0
-1.0
-1.0
-1.0
-1.0
-1.0
-1.0
-1.0
-1.0
51.5487
-1.0
40.345
-1.0
17.3936
-1.0
-1.0
21.1169
-1.0
-1.0
-1.0
-1.0
11.3694
-1.0
49.2337
41.2244
-1.0
-1.0
56.2881
20.9036
-1.0
32.5623
-1.0
-1.0
-1.0
-1.0
41.5622
-1.0
-1.0
-1.0
-1.0
-1.0
35.7095
-1.0
-1.0
-1.0
-1.0
-1.0
40.2178
-1.0
37.9278
33.8992
-1.0
-1.0
-1.0
-1.0
-1.0
-1.0
37.4796
24.2501
-1.0
-1.0
-1.0
-1.0
-1.0
-1.0
-1.0
34.2018
-1.0
-1.0
-1.0
35.3833
35.0013
-1.0
-1.0
-1.0
-1.0
-1.0
36.3597
-1.0
-1.0
-1.0
-1.0
-1.0
-1.0
-1.0
-1.0
-1.0
-1.0
-1.0
-1.0
-1.0
42.024
-1.0
-1.0
-1.0
-1.0
-1.0
-1.0
-1.0
-1.0
-1.0
-1.0
-1.0
-1.0
33.1772
35.3371
-1.0
-1.0
26.8792
-1.0
-1.0
51.4753
42.0905
-1.0
21.4333
-1.0
-1.0
36.9579
25.3299
-1.0
-1.0
-1.0
-1.0
-1.0
18.41
-1.0
-1.0
-1.0
52.4422
-1.0
-1.0
-1.0
29.8536
-1.0
-1.0
-1.0
-1.0
44.6866
-1.0
-1.0
-1.0
-1.0
-1.0
-1.0
18.1613
-1.0
-1.0
24.9582
-1.0
-1.0
34.8109
-1.0
-1.0
-1.0
-1.0
47.1546
-1.0
-1.0
-1.0
-1.0
-1.0
-1.0
-1.0
-1.0
-1.0
-1.0
23.7685
-1.0
-1.0
-1.0
32.9954
40.6221
-1.0
-1.0
38.5323
-1.0
-1.0
-1.0
-1.0
-1.0
-1.0
-1.0
-1.0
17.7139
-1.0
-1.0
-1.0
-1.0
-1.0
-1.0
-1.0
19.9178
-1.0
-1.0
36.926
42.2328
-1.0
-1.0
-1.0
-1.0
-1.0
36.1502
29.8707
-1.0
24.0686
-1.0
-1.0
-1.0
-1.0
-1.0
-1.0
-1.0
42.7683
-1.0
-1.0
-1.0
23.8107
48.8001
-1.0
-1.0
-1.0
-1.0
40.8689
45.1152
19.3284
47.1678
27.4441
-1.0
-1.0
-1.0
28.1277
-1.0
-1.0
-1.0
-1.0
-1.0
47.0045
-1.0
-1.0
29.2926
-1.0
-1.0
-1.0
-1.0
-1.0
-1.0
-1.0
-1.0
-1.0
-1.0
-1.0
-1.0
51.3535
-1.0
45.7696
35.0587
47.788
-1.0
-1.0
-1.0
-1.0
-1.0
-1.0
34.9886
32.4161
-1.0
37.5779
-1.0
-1.0
-1.0
-1.0
-1.0
-1.0
-1.0
49.3494
-1.0
-1.0
-1.0
-1.0
-1.0
-1.0
-1.0
-1.0
-1.0
-1.0
-1.0
-1.0
-1.0
-1.0
42.4698
-1.0
47.8935
48.7382
-1.0
-1.0
-1.0
-1.0
-1.0
30.5811
13.4118
-1.0
-1.0
-1.0
-1.0
-1.0
-1.0
-1.0
27.3273
-1.0
38.7888
-1.0
-1.0
-1.0
-1.0
36.6901
-1.0
-1.0
-1.0
-1.0
25.9759
-1.0
-1.0
-1.0
-1.0
21.9845
40.1464
-1.0
-1.0
-1.0
-1.0
-1.0
-1.0
-1.0
40.9996
50.0167
-1.0
-1.0
-1.0
46.703
-1.0
-1.0
-1.0
40.8579
-1.0
-1.0
48.9222
-1.0
-1.0
-1.0
-1.0
-1.0
34.4791
-1.0
-1.0
-1.0
-1.0
46.8857
-1.0
-1.0
-1.0
-1.0
43.9374
-1.0
-1.0
-1.0
32.9493
-1.0
41.2574
20.428
-1.0
29.891
-1.0
-1.0
42.5801
-1.0
-1.0
-1.0
-1.0
-1.0
-1.0
-1.0
50.5636
-1.0
-1.0
-1.0
-1.0
45.0257
-1.0
-1.0
48.83
-1.0
-1.0
-1.0
-1.0
-1.0
24.7086
-1.0
-1.0
-1.0
-1.0
-1.0
-1.0
34.2752
-1.0
-1.0
-1.0
-1.0
-1.0
-1.0
-1.0
-1.0
-1.0
-1.0
28.1377
-1.0
47.0958
-1.0
-1.0
-1.0
49.2162
-1.0
-1.0
-1.0
-1.0
-1.0
-1.0
-1.0
41.1385
16.6899
17.1001
-1.0
-1.0
-1.0
-1.0
-1.0
-1.0
-1.0
39.4374
-1.0
-1.0
-1.0
-1.0
-1.0
36.7905
-1.0
-1.0
-1.0
-1.0
26.9219
-1.0
-1.0
43.3436
-1.0
-1.0
-1.0
-1.0
39.6812
-1.0
-1.0
-1.0
-1.0
-1.0
25.426
-1.0
-1.0
46.8387
-1.0
-1.0
-1.0
-1.0
-1.0
30.335
-1.0
-1.0
22.1941
51.7744
-1.0
39.8741
-1.0
-1.0
-1.0
-1.0
-1.0
-1.0
-1.0
-1.0
-1.0
43.2235
-1.0
-1.0
-1.0
-1.0
-1.0
41.0628
-1.0
-1.0
-1.0
-1.0
-1.0
48.3826
-1.0
-1.0
-1.0
-1.0
48.5798
-1.0
-1.0
-1.0
-1.0
31.7612
-1.0
-1.0
-1.0
24.7661
-1.0
-1.0
-1.0
-1.0
39.531
39.3339
-1.0
-1.0
-1.0
-1.0
-1.0
28.3892
-1.0
-1.0
-1.0
50.5047
-1.0
-1.0
-1.0
-1.0
-1.0
42.2375
-1.0
-1.0
-1.0
-1.0
-1.0
-1.0
17.7857
-1.0
-1.0
52.3043
-1.0
-1.0
-1.0
-1.0
-1.0
-1.0
-1.0
-1.0
-1.0
-1.0
-1.0
-1.0
47.2589
-1.0
-1.0
-1.0
19.2849
-1.0
-1.0
-1.0
35.5396
-1.0
-1.0
-1.0
-1.0
-1.0
36.3496
14.8963
43.6671
34.1652
-1.0
-1.0
-1.0
-1.0
11.7256
-1.0
-1.0
-1.0
-1.0
-1.0
30.555
-1.0
-1.0
43.9979
-1.0
37.8851
-1.0
-1.0
-1.0
-1.0
-1.0
41.0561
-1.0
-1.0
27.9926
-1.0
19.7888
-1.0
-1.0
-1.0
42.8352
-1.0
-1.0
51.7818
37.0362
-1.0
45.1072
24.1914
-1.0
-1.0
-1.0
-1.0
-1.0
52.0522
37.7768
-1.0
-1.0
42.9878
29.0025
-1.0
-1.0
-1.0
-1.0
-1.0
-1.0
-1.0
-1.0
-1.0
-1.0
-1.0
-1.0
-1.0
-1.0
-1.0
-1.0
-1.0
-1.0
-1.0
40.9435
40.1774
-1.0
-1.0
-1.0
-1.0
-1.0
-1.0
43.4405
53.4595
19.8831
-1.0
-1.0
-1.0
-1.0
-1.0
-1.0
-1.0
-1.0
-1.0
50.6134
-1.0
-1.0
29.9928
-1.0
-1.0
-1.0
-1.0
-1.0
-1.0
-1.0
-1.0
41.2696
-1.0
-1.0
-1.0
-1.0
-1.0
-1.0
42.3607
-1.0
-1.0
-1.0
-1.0
-1.0
-1.0
-1.0
-1.0
43.9358
-1.0
-1.0
51.1669
-1.0
29.0039
-1.0
-1.0
-1.0
42.8449
-1.0
-1.0
-1.0
-1.0
-1.0
24.8203
-1.0
40.0956
-1.0
-1.0
44.9449
41.6212
-1.0
-1.0
-1.0
-1.0
-1.0
-1.0
37.5829
24.5256
-1.0
-1.0
-1.0
-1.0
37.3131
-1.0
-1.0
-1.0
-1.0
-1.0
-1.0
-1.0
-1.0
-1.0
-1.0
-1.0
-1.0
47.6921
-1.0
-1.0
-1.0
-1.0
44.8999
-1.0
-1.0
-1.0
-1.0
44.8062
30.0351
-1.0
-1.0
33.7065
-1.0
33.215
-1.0
31.9935
-1.0
-1.0
-1.0
-1.0
-1.0
-1.0
46.0143
-1.0
-1.0
-1.0
-1.0
-1.0
-1.0
-1.0
-1.0
46.0936
28.2168
-1.0
-1.0
-1.0
-1.0
-1.0
-1.0
15.3854
-1.0
-1.0
-1.0
-1.0
-1.0
-1.0
-1.0
-1.0
-1.0
26.0118
17.2138
-1.0
-1.0
-1.0
-1.0
-1.0
-1.0
-1.0
-1.0
-1.0
13.0311
-1.0
33.2245
-1.0
-1.0
-1.0
-1.0
-1.0
-1.0
-1.0
-1.0
-1.0
50.2717
-1.0
-1.0
55.493
-1.0
-1.0
-1.0
-1.0
-1.0
-1.0
-1.0
-1.0
-1.0
38.0344
-1.0
24.3487
49.5478
-1.0
-1.0
-1.0
34.3609
-1.0
-1.0
-1.0
-1.0
30.1033
50.7583
9.42692
45.8813
26.9086
-1.0
-1.0
-1.0
19.5846
51.21
-1.0
-1.0
-1.0
-1.0
-1.0
-1.0
38.1746
-1.0
-1.0
-1.0
-1.0
36.168
-1.0
-1.0
-1.0
33.4234
21.4548
43.7464
-1.0
23.424
46.2477
-1.0
50.236
25.4048
27.1896
-1.0
-1.0
42.3859
-1.0
-1.0
-1.0
27.2659
44.1404
42.8709
-1.0
33.1698
-1.0
-1.0
-1.0
-1.0
-1.0
-1.0
-1.0
-1.0
-1.0
-1.0
-1.0
-1.0
38.7378
-1.0
-1.0
-1.0
52.2689
-1.0
-1.0
-1.0
-1.0
-1.0
-1.0
-1.0
-1.0
42.0737
-1.0
-1.0
33.3137
-1.0
-1.0
-1.0
-1.0
-1.0
-1.0
-1.0
-1.0
-1.0
-1.0
-1.0
-1.0
-1.0
-1.0
-1.0
-1.0
-1.0
22.8535
-1.0
-1.0
-1.0
-1.0
14.7392
-1.0
-1.0
-1.0
-1.0
-1.0
-1.0
-1.0
43.2805
-1.0
23.8203
-1.0
-1.0
-1.0
-1.0
-1.0
-1.0
25.7038
31.4215
-1.0
-1.0
28.301
-1.0
-1.0
-1.0
47.4322
47.5481
37.8508
-1.0
-1.0
50.3618
-1.0
33.1305
-1.0
32.2558
32.1901
-1.0
-1.0
-1.0
-1.0
-1.0
-1.0
-1.0
-1.0
34.0501
-1.0
24.5028
-1.0
-1.0
49.5026
-1.0
36.1902
33.0719
-1.0
26.5795
-1.0
32.579
-1.0
-1.0
45.0938
-1.0
-1.0
-1.0
-1.0
33.3288
-1.0
-1.0
-1.0
-1.0
-1.0
-1.0
-1.0
-1.0
-1.0
-1.0
-1.0
-1.0
-1.0
26.231
-1.0
-1.0
-1.0
-1.0
-1.0
-1.0
50.8043
-1.0
-1.0
-1.0
35.5167
-1.0
-1.0
48.7181
-1.0
-1.0
-1.0
9.90078
-1.0
-1.0
-1.0
-1.0
-1.0
18.726
-1.0
-1.0
28.9627
-1.0
46.4051
-1.0
-1.0
40.1439
-1.0
-1.0
45.6393
47.5262
46.0151
-1.0
-1.0
-1.0
-1.0
37.55
-1.0
-1.0
41.565
-1.0
-1.0
-1.0
-1.0
-1.0
36.8638
-1.0
-1.0
16.9155
36.5401
42.6426
-1.0
-1.0
-1.0
-1.0
-1.0
-1.0
-1.0
-1.0
-1.0
-1.0
-1.0
-1.0
-1.0
-1.0
49.8704
-1.0
-1.0
-1.0
-1.0
-1.0
35.9278
29.3998
-1.0
-1.0
-1.0
-1.0
12.6558
-1.0
-1.0
32.5008
-1.0
-1.0
-1.0
-1.0
-1.0
-1.0
-1.0
46.7216
38.3537
-1.0
-1.0
-1.0
-1.0
-1.0
-1.0
-1.0
-1.0
-1.0
-1.0
-1.0
-1.0
50.7877
-1.0
-1.0
46.9099
-1.0
-1.0
-1.0
52.9229
-1.0
-1.0
-1.0
-1.0
-1.0
-1.0
-1.0
-1.0
-1.0
-1.0
20.0007
-1.0
40.7303
-1.0
-1.0
-1.0
-1.0
-1.0
-1.0
-1.0
43.0908
-1.0
22.6054
-1.0
-1.0
19.1007
4.3785
-1.0
-1.0
-1.0
-1.0
44.5056
-1.0
-1.0
-1.0
-1.0
-1.0
-1.0
-1.0
-1.0
-1.0
-1.0
-1.0
-1.0
27.43
-1.0
32.836
-1.0
-1.0
41.8262
-1.0
-1.0
33.5772
-1.0
-1.0
-1.0
-1.0
-1.0
-1.0
-1.0
-1.0
-1.0
-1.0
-1.0
-1.0
-1.0
-1.0
-1.0
-1.0
45.3031
-1.0
-1.0
51.0263
-1.0
-1.0
18.5732
-1.0
-1.0
-1.0
-1.0
-1.0
-1.0
-1.0
-1.0
37.4216
-1.0
-1.0
-1.0
-1.0
-1.0
-1.0
42.3913
-1.0
-1.0
-1.0
-1.0
-1.0
27.9097
-1.0
-1.0
-1.0
31.1566
-1.0
-1.0
-1.0
-1.0
35.56
47.2206
49.5226
-1.0
-1.0
-1.0
-1.0
-1.0
46.3348
-1.0
-1.0
-1.0
-1.0
-1.0
-1.0
34.5767
-1.0
-1.0
-1.0
51.1294
-1.0
-1.0
-1.0
-1.0
-1.0
-1.0
-1.0
-1.0
-1.0
-1.0
-1.0
42.1877
-1.0
-1.0
31.8051
30.6577
-1.0
-1.0
-1.0
-1.0
-1.0
-1.0
34.0723
-1.0
-1.0
-1.0
-1.0
26.2949
-1.0
-1.0
31.1625
-1.0
-1.0
-1.0
30.1808
-1.0
-1.0
-1.0
-1.0
-1.0
-1.0
29.9404
-1.0
-1.0
-1.0
-1.0
-1.0
-1.0
-1.0
-1.0
40.738
39.2901
-1.0
50.4083
-1.0
-1.0
-1.0
-1.0
32.5445
-1.0
-1.0
-1.0
-1.0
-1.0
-1.0
-1.0
-1.0
42.5379
-1.0
-1.0
-1.0
-1.0
-1.0
-1.0
-1.0
-1.0
26.8581
35.5296
-1.0
-1.0
-1.0
-1.0
-1.0
-1.0
-1.0
-1.0
46.6584
-1.0
-1.0
-1.0
-1.0
-1.0
-1.0
-1.0
-1.0
-1.0
35.8109
29.9149
-1.0
-1.0
-1.0
49.3342
-1.0
-1.0
-1.0
-1.0
-1.0
-1.0
-1.0
-1.0
-1.0
-1.0
-1.0
-1.0
-1.0
-1.0
-1.0
-1.0
-1.0
-1.0
31.6058
-1.0
-1.0
18.4867
-1.0
32.1768
-1.0
-1.0
-1.0
-1.0
-1.0
-1.0
-1.0
-1.0
-1.0
48.3591
-1.0
-1.0
51.4012
-1.0
-1.0
-1.0
-1.0
-1.0
-1.0
-1.0
27.8426
-1.0
48.4154
39.1893
-1.0
-1.0
-1.0
-1.0
-1.0
-1.0
-1.0
-1.0
-1.0
30.2084
-1.0
-1.0
-1.0
-1.0
-1.0
-1.0
-1.0
-1.0
-1.0
-1.0
-1.0
-1.0
-1.0
-1.0
-1.0
-1.0
-1.0
17.9668
20.3073
-1.0
-1.0
-1.0
28.4192
-1.0
-1.0
-1.0
-1.0
39.8866
-1.0
-1.0
-1.0
-1.0
-1.0
-1.0
-1.0
14.8953
-1.0
-1.0
-1.0
-1.0
-1.0
-1.0
-1.0
35.8378
-1.0
45.9233
-1.0
-1.0
38.5099
40.7755
-1.0
-1.0
-1.0
-1.0
-1.0
-1.0
-1.0
-1.0
-1.0
44.1456
47.1917
45.5373
-1.0
14.4605
-1.0
31.9422
-1.0
-1.0
-1.0
32.4248
-1.0
-1.0
51.0439
-1.0
-1.0
-1.0
-1.0
49.4315
-1.0
9.73644
-1.0
7.996
-1.0
-1.0
-1.0
-1.0
-1.0
-1.0
-1.0
-1.0
-1.0
41.3623
-1.0
-1.0
-1.0
-1.0
-1.0
25.2032
-1.0
-1.0
-1.0
-1.0
39.8293
-1.0
-1.0
-1.0
-1.0
-1.0
35.0699
-1.0
-1.0
-1.0
-1.0
-1.0
-1.0
-1.0
-1.0
-1.0
44.3563
49.2229
-1.0
-1.0
-1.0
-1.0
32.6112
31.8547
31.6136
-1.0
-1.0
-1.0
-1.0
-1.0
-1.0
-1.0
-1.0
-1.0
-1.0
-1.0
-1.0
-1.0
-1.0
-1.0
38.7636
-1.0
39.1049
-1.0
-1.0
37.064
-1.0
-1.0
-1.0
-1.0
-1.0
-1.0
-1.0
-1.0
-1.0
-1.0
-1.0
51.7855
-1.0
-1.0
39.8187
-1.0
-1.0
-1.0
-1.0
-1.0
52.0112
41.1851
41.7869
-1.0
-1.0
-1.0
-1.0
36.893
-1.0
-1.0
-1.0
-1.0
-1.0
-1.0
45.6297
-1.0
42.5328
-1.0
-1.0
-1.0
-1.0
-1.0
-1.0
-1.0
-1.0
-1.0
37.5222
52.7881
-1.0
-1.0
28.01
-1.0
-1.0
-1.0
-1.0
-1.0
-1.0
34.2098
-1.0
-1.0
-1.0
48.9478
-1.0
-1.0
-1.0
20.2246
-1.0
-1.0
39.7117
-1.0
-1.0
-1.0
-1.0
-1.0
47.0485
16.355
41.8056
-1.0
-1.0
45.252
40.174
40.0092
-1.0
36.4336
-1.0
39.0936
-1.0
-1.0
-1.0
-1.0
-1.0
-1.0
-1.0
-1.0
17.0322
51.2026
-1.0
21.9344
-1.0
-1.0
-1.0
-1.0
-1.0
38.1618
30.0625
-1.0
-1.0
-1.0
-1.0
-1.0
46.8011
-1.0
-1.0
-1.0
-1.0
-1.0
-1.0
37.0517
-1.0
-1.0
-1.0
-1.0
-1.0
-1.0
-1.0
-1.0
-1.0
-1.0
-1.0
-1.0
35.4009
-1.0
-1.0
37.0195
-1.0
-1.0
-1.0
-1.0
-1.0
25.9076
40.3592
-1.0
-1.0
-1.0
51.2496
-1.0
-1.0
43.254
-1.0
-1.0
-1.0
-1.0
-1.0
-1.0
50.7227
-1.0
-1.0
-1.0
-1.0
-1.0
-1.0
22.8474
-1.0
-1.0
-1.0
-1.0
-1.0
-1.0
-1.0
-1.0
-1.0
50.13
-1.0
-1.0
-1.0
-1.0
-1.0
-1.0
22.7743
-1.0
-1.0
-1.0
29.212
-1.0
-1.0
-1.0
-1.0
32.5304
-1.0
-1.0
-1.0
-1.0
32.9647
-1.0
39.1249
-1.0
-1.0
-1.0
-1.0
-1.0
25.8652
-1.0
-1.0
-1.0
-1.0
-1.0
-1.0
-1.0
-1.0
48.8512
45.4129
-1.0
-1.0
24.4037
31.0578
-1.0
-1.0
-1.0
37.0738
-1.0
-1.0
37.1795
-1.0
39.0051
32.0104
-1.0
36.7414
-1.0
-1.0
-1.0
-1.0
-1.0
-1.0
-1.0
-1.0
-1.0
-1.0
-1.0
-1.0
-1.0
-1.0
-1.0
-1.0
-1.0
-1.0
-1.0
26.2227
-1.0
-1.0
-1.0
51.1509
-1.0
20.7128
-1.0
-1.0
-1.0
50.3999
-1.0
38.9041
-1.0
-1.0
-1.0
41.6759
-1.0
38.406
32.886
-1.0
-1.0
-1.0
-1.0
-1.0
-1.0
-1.0
-1.0
29.8211
-1.0
-1.0
-1.0
-1.0
-1.0
18.1778
-1.0
-1.0
-1.0
-1.0
-1.0
34.8714
-1.0
-1.0
-1.0
50.8209
-1.0
-1.0
22.6036
28.9116
-1.0
-1.0
36.3077
-1.0
-1.0
41.4137
-1.0
-1.0
-1.0
-1.0
-1.0
-1.0
34.2879
-1.0
-1.0
-1.0
-1.0
22.0711
-1.0
-1.0
40.8896
-1.0
-1.0
-1.0
-1.0
-1.0
50.7322
-1.0
-1.0
41.7677
26.7948
-1.0
-1.0
-1.0
-1.0
-1.0
-1.0
-1.0
-1.0
42.0275
-1.0
-1.0
46.2483
-1.0
45.9619
-1.0
-1.0
-1.0
-1.0
-1.0
18.841
-1.0
-1.0
-1.0
14.8278
32.0951
31.1002
-1.0
-1.0
33.8622
-1.0
-1.0
42.985
-1.0
19.4437
-1.0
50.638
-1.0
44.6395
-1.0
13.9633
50.7369
-1.0
-1.0
46.3014
-1.0
-1.0
-1.0
-1.0
-1.0
-1.0
-1.0
-1.0
41.1106
-1.0
-1.0
-1.0
9.38023
46.7134
-1.0
-1.0
-1.0
-1.0
-1.0
-1.0
-1.0
-1.0
-1.0
34.0661
52.1702
-1.0
-1.0
34.9407
-1.0
41.4682
-1.0
-1.0
-1.0
32.4329
-1.0
45.2937
-1.0
-1.0
41.433
-1.0
45.4674
-1.0
20.7924
49.8208
-1.0
-1.0
22.1993
39.3826
-1.0
-1.0
-1.0
-1.0
-1.0
-1.0
-1.0
40.4567
-1.0
-1.0
-1.0
-1.0
-1.0
-1.0
-1.0
-1.0
-1.0
-1.0
-1.0
-1.0
-1.0
15.0019
-1.0
-1.0
-1.0
-1.0
-1.0
-1.0
-1.0
51.4247
31.0699
52.2754
-1.0
-1.0
-1.0
42.9235
25.672
-1.0
47.3888
-1.0
-1.0
-1.0
-1.0
43.5071
-1.0
-1.0
-1.0
-1.0
-1.0
-1.0
44.5105
-1.0
37.4601
-1.0
-1.0
13.5562
-1.0
-1.0
-1.0
53.2783
-1.0
-1.0
-1.0
-1.0
36.3407
-1.0
-1.0
26.9931
-1.0
46.1968
-1.0
-1.0
-1.0
-1.0
-1.0
-1.0
50.8878
-1.0
-1.0
11.0897
38.205
40.3568
-1.0
-1.0
-1.0
-1.0
45.8772
-1.0
-1.0
-1.0
-1.0
26.5297
-1.0
-1.0
-1.0
-1.0
-1.0
-1.0
-1.0
-1.0
-1.0
33.0278
-1.0
-1.0
-1.0
-1.0
31.2839
40.3331
-1.0
-1.0
52.2285
-1.0
-1.0
-1.0
-1.0
-1.0
32.1824
-1.0
-1.0
-1.0
-1.0
-1.0
32.4197
-1.0
51.7929
-1.0
-1.0
-1.0
-1.0
-1.0
-1.0
-1.0
48.6072
34.2063
33.836
-1.0
-1.0
-1.0
-1.0
-1.0
-1.0
-1.0
-1.0
-1.0
-1.0
41.6455
-1.0
-1.0
-1.0
-1.0
30.3279
-1.0
-1.0
45.7662
50.9887
-1.0
31.9243
-1.0
-1.0
-1.0
-1.0
-1.0
-1.0
-1.0
45.6423
-1.0
-1.0
-1.0
-1.0
-1.0
-1.0
-1.0
-1.0
-1.0
-1.0
-1.0
-1.0
-1.0
-1.0
-1.0
43.4947
-1.0
17.7544
24.8623
-1.0
47.0828
-1.0
-1.0
39.9131
-1.0
-1.0
-1.0
34.9541
34.4966
-1.0
-1.0
-1.0
-1.0
-1.0
-1.0
16.0323
34.3811
-1.0
-1.0
-1.0
-1.0
-1.0
-1.0
-1.0
-1.0
-1.0
24.9941
-1.0
-1.0
31.9249
-1.0
43.4035
-1.0
-1.0
-1.0
-1.0
-1.0
-1.0
-1.0
-1.0
51.712
-1.0
-1.0
-1.0
-1.0
-1.0
-1.0
44.2048
-1.0
-1.0
39.3017
-1.0
-1.0
45.3325
-1.0
-1.0
-1.0
49.7248
-1.0
-1.0
-1.0
-1.0
-1.0
-1.0
-1.0
-1.0
-1.0
-1.0
-1.0
-1.0
-1.0
-1.0
39.0001
-1.0
-1.0
-1.0
-1.0
-1.0
-1.0
30.8362
-1.0
-1.0
-1.0
45.3965
-1.0
-1.0
26.8566
-1.0
-1.0
-1.0
-1.0
-1.0
-1.0
41.7574
-1.0
-1.0
42.1479
-1.0
-1.0
-1.0
-1.0
-1.0
-1.0
-1.0
41.9865
-1.0
38.9573
29.5039
-1.0
-1.0
-1.0
34.3669
-1.0
15.5106
-1.0
-1.0
15.482
-1.0
-1.0
-1.0
23.2252
-1.0
-1.0
-1.0
-1.0
-1.0
35.61
-1.0
-1.0
-1.0
-1.0
-1.0
-1.0
-1.0
-1.0
48.4344
-1.0
32.7876
-1.0
-1.0
-1.0
-1.0
-1.0
49.9296
-1.0
51.7392
-1.0
-1.0
-1.0
-1.0
-1.0
-1.0
-1.0
-1.0
-1.0
19.0839
-1.0
-1.0
-1.0
-1.0
-1.0
-1.0
40.5621
41.5321
-1.0
-1.0
-1.0
-1.0
10.0122
-1.0
-1.0
34.0705
-1.0
-1.0
-1.0
-1.0
-1.0
-1.0
51.6523
51.9838
-1.0
-1.0
-1.0
-1.0
22.9043
44.5817
31.0576
41.0195
-1.0
30.4357
-1.0
-1.0
-1.0
-1.0
-1.0
33.4692
-1.0
31.0226
38.212
-1.0
14.7889
-1.0
45.453
-1.0
-1.0
46.3293
-1.0
-1.0
39.0196
-1.0
-1.0
33.8625
41.5383
-1.0
47.4118
-1.0
-1.0
-1.0
-1.0
-1.0
-1.0
-1.0
37.0763
35.0802
-1.0
26.6739
-1.0
-1.0
-1.0
52.0977
-1.0
35.617
-1.0
-1.0
-1.0
9.4897
18.5239
-1.0
-1.0
-1.0
40.6081
-1.0
30.5939
-1.0
-1.0
-1.0
-1.0
-1.0
16.6473
-1.0
-1.0
-1.0
-1.0
-1.0
-1.0
-1.0
-1.0
31.0918
50.6876
-1.0
-1.0
-1.0
17.3795
-1.0
-1.0
50.0296
-1.0
29.5293
-1.0
-1.0
-1.0
43.9587
-1.0
-1.0
-1.0
-1.0
-1.0
-1.0
49.0029
35.2826
36.7911
-1.0
-1.0
-1.0
-1.0
-1.0
26.24
-1.0
-1.0
-1.0
44.5568
54.0078
-1.0
-1.0
34.6648
-1.0
37.4912
-1.0
31.8503
-1.0
-1.0
-1.0
38.5571
-1.0
34.4024
-1.0
22.9075
-1.0
-1.0
-1.0
-1.0
32.9245
-1.0
-1.0
27.7203
-1.0
-1.0
23.1821
-1.0
-1.0
-1.0
41.3681
40.566
-1.0
-1.0
-1.0
-1.0
-1.0
-1.0
-1.0
-1.0
-1.0
-1.0
-1.0
-1.0
42.8965
-1.0
-1.0
-1.0
-1.0
-1.0
-1.0
-1.0
-1.0
-1.0
-1.0
-1.0
-1.0
-1.0
-1.0
-1.0
-1.0
-1.0
-1.0
-1.0
33.5383
26.1649
44.0805
41.6753
-1.0
-1.0
-1.0
-1.0
-1.0
-1.0
-1.0
-1.0
-1.0
-1.0
-1.0
-1.0
-1.0
-1.0
-1.0
36.8582
-1.0
-1.0
-1.0
-1.0
-1.0
-1.0
42.6099
-1.0
-1.0
-1.0
-1.0
-1.0
33.7284
-1.0
-1.0
-1.0
50.5837
-1.0
25.755
-1.0
19.0232
-1.0
-1.0
-1.0
-1.0
-1.0
-1.0
40.7697
-1.0
27.1678
-1.0
-1.0
33.0215
-1.0
-1.0
-1.0
-1.0
-1.0
-1.0
-1.0
41.1529
-1.0
33.7704
-1.0
-1.0
-1.0
-1.0
-1.0
-1.0
-1.0
-1.0
48.1843
42.4644
-1.0
47.9115
-1.0
-1.0
-1.0
-1.0
-1.0
-1.0
34.8763
48.6786
-1.0
-1.0
-1.0
-1.0
41.9202
-1.0
-1.0
-1.0
-1.0
-1.0
-1.0
-1.0
-1.0
-1.0
33.3254
-1.0
43.0783
36.0536
-1.0
28.3121
-1.0
-1.0
-1.0
-1.0
49.6753
39.0927
-1.0
-1.0
-1.0
-1.0
-1.0
24.767
-1.0
-1.0
32.0327
48.1383
44.7648
-1.0
-1.0
-1.0
-1.0
-1.0
-1.0
-1.0
26.4338
-1.0
24.5866
-1.0
-1.0
-1.0
-1.0
45.7707
-1.0
43.6294
-1.0
-1.0
-1.0
28.4993
-1.0
-1.0
-1.0
-1.0
-1.0
-1.0
-1.0
-1.0
-1.0
-1.0
-1.0
-1.0
41.8857
-1.0
-1.0
-1.0
-1.0
40.5024
-1.0
46.7402
-1.0
-1.0
-1.0
-1.0
-1.0
-1.0
14.0067
-1.0
-1.0
-1.0
-1.0
-1.0
-1.0
38.2546
46.8455
-1.0
46.8426
-1.0
22.821
-1.0
52.5939
-1.0
28.2935
-1.0
-1.0
30.0037
-1.0
30.4584
-1.0
34.9298
-1.0
-1.0
-1.0
-1.0
-1.0
-1.0
20.4629
-1.0
33.907
22.6723
-1.0
-1.0
-1.0
-1.0
-1.0
50.4711
-1.0
-1.0
39.0258
-1.0
-1.0
-1.0
-1.0
12.686
-1.0
-1.0
50.711
-1.0
-1.0
36.6699
-1.0
-1.0
-1.0
16.8113
-1.0
27.8365
23.2835
-1.0
-1.0
20.3552
-1.0
-1.0
-1.0
-1.0
-1.0
-1.0
-1.0
-1.0
-1.0
37.606
-1.0
-1.0
-1.0
-1.0
-1.0
-1.0
35.2123
-1.0
-1.0
-1.0
-1.0
22.3802
-1.0
-1.0
27.3148
-1.0
-1.0
-1.0
-1.0
-1.0
-1.0
44.142
-1.0
-1.0
37.0722
-1.0
48.2889
-1.0
-1.0
39.9183
-1.0
49.5012
-1.0
-1.0
17.1675
49.8792
-1.0
-1.0
39.1908
-1.0
-1.0
23.4933
-1.0
-1.0
-1.0
-1.0
-1.0
-1.0
-1.0
42.3725
42.1345
-1.0
-1.0
-1.0
-1.0
-1.0
-1.0
-1.0
-1.0
-1.0
50.6699
-1.0
-1.0
31.5311
35.6402
-1.0
-1.0
-1.0
-1.0
-1.0
43.3029
-1.0
-1.0
46.0976
37.7527
-1.0
36.2066
-1.0
28.6922
-1.0
33.2329
-1.0
-1.0
-1.0
-1.0
47.0799
48.7537
20.0256
-1.0
-1.0
37.8529
-1.0
-1.0
44.8289
46.2141
15.6365
42.5202
-1.0
51.3025
-1.0
-1.0
-1.0
-1.0
-1.0
-1.0
-1.0
-1.0
-1.0
49.9639
-1.0
-1.0
-1.0
-1.0
-1.0
-1.0
-1.0
-1.0
35.827
-1.0
-1.0
-1.0
-1.0
-1.0
-1.0
-1.0
-1.0
-1.0
-1.0
-1.0
-1.0
-1.0
34.6221
38.9618
-1.0
50.8364
-1.0
45.7413
-1.0
-1.0
-1.0
-1.0
-1.0
-1.0
-1.0
-1.0
-1.0
-1.0
-1.0
-1.0
-1.0
-1.0
-1.0
-1.0
-1.0
-1.0
-1.0
-1.0
-1.0
-1.0
-1.0
-1.0
-1.0
-1.0
-1.0
-1.0
41.8617
-1.0
-1.0
-1.0
-1.0
-1.0
-1.0
44.8753
35.1703
-1.0
-1.0
-1.0
-1.0
-1.0
-1.0
-1.0
-1.0
-1.0
-1.0
34.4753
-1.0
-1.0
-1.0
26.7328
24.8487
-1.0
-1.0
-1.0
-1.0
-1.0
-1.0
-1.0
-1.0
-1.0
-1.0
-1.0
-1.0
-1.0
-1.0
-1.0
39.1561
-1.0
-1.0
-1.0
-1.0
-1.0
-1.0
-1.0
-1.0
-1.0
-1.0
-1.0
-1.0
49.462
-1.0
30.0197
-1.0
-1.0
-1.0
-1.0
-1.0
-1.0
-1.0
-1.0
39.5296
-1.0
-1.0
-1.0
-1.0
18.3686
-1.0
-1.0
-1.0
22.2996
51.5036
36.4806
-1.0
-1.0
-1.0
-1.0
35.7846
-1.0
-1.0
-1.0
-1.0
-1.0
41.0537
46.5332
-1.0
-1.0
48.8889
-1.0
-1.0
-1.0
-1.0
-1.0
48.656
28.2355
39.3721
-1.0
42.0217
-1.0
-1.0
-1.0
-1.0
-1.0
-1.0
-1.0
30.4698
-1.0
-1.0
-1.0
-1.0
29.8368
-1.0
-1.0
-1.0
-1.0
-1.0
-1.0
-1.0
-1.0
44.2405
-1.0
-1.0
-1.0
-1.0
-1.0
-1.0
-1.0
-1.0
-1.0
-1.0
-1.0
48.8241
-1.0
-1.0
-1.0
-1.0
-1.0
-1.0
-1.0
-1.0
-1.0
-1.0
-1.0
44.5322
-1.0
-1.0
-1.0
-1.0
-1.0
-1.0
-1.0
-1.0
-1.0
-1.0
40.0147
-1.0
-1.0
-1.0
-1.0
-1.0
-1.0
-1.0
-1.0
-1.0
-1.0
42.989
35.5442
-1.0
-1.0
7.53866
-1.0
8.71476
9.83687
43.5722
-1.0
-1.0
-1.0
-1.0
36.9568
-1.0
-1.0
-1.0
-1.0
-1.0
-1.0
-1.0
-1.0
-1.0
-1.0
-1.0
-1.0
44.7289
51.2674
-1.0
-1.0
-1.0
-1.0
28.221
-1.0
26.3366
-1.0
-1.0
51.0511
-1.0
29.2507
-1.0
-1.0
-1.0
-1.0
-1.0
-1.0
-1.0
-1.0
20.2432
-1.0
-1.0
-1.0
-1.0
-1.0
-1.0
-1.0
-1.0
-1.0
24.5245
36.4938
-1.0
-1.0
24.5079
-1.0
-1.0
-1.0
-1.0
-1.0
-1.0
31.8865
-1.0
38.7005
-1.0
-1.0
34.2649
-1.0
-1.0
-1.0
45.6506
-1.0
-1.0
44.5015
-1.0
31.7167
43.7527
-1.0
44.9094
-1.0
-1.0
-1.0
-1.0
-1.0
-1.0
41.0404
-1.0
-1.0
-1.0
-1.0
-1.0
-1.0
-1.0
-1.0
39.7833
-1.0
-1.0
-1.0
-1.0
-1.0
-1.0
-1.0
-1.0
-1.0
50.7314
-1.0
22.2944
-1.0
40.0106
-1.0
-1.0
21.7369
22.5323
40.9553
-1.0
-1.0
-1.0
-1.0
-1.0
-1.0
-1.0
31.7468
-1.0
45.3394
23.4818
-1.0
-1.0
31.1127
-1.0
-1.0
-1.0
-1.0
-1.0
-1.0
51.855
-1.0
28.7652
50.1901
-1.0
-1.0
-1.0
-1.0
-1.0
-1.0
-1.0
-1.0
-1.0
-1.0
-1.0
49.5356
-1.0
-1.0
35.2632
-1.0
-1.0
-1.0
-1.0
16.808
-1.0
-1.0
-1.0
-1.0
-1.0
29.7836
-1.0
-1.0
-1.0
-1.0
-1.0
-1.0
-1.0
-1.0
34.4389
-1.0
29.7858
-1.0
-1.0
28.4994
43.5516
39.5699
-1.0
-1.0
-1.0
34.1075
50.7024
13.964
-1.0
-1.0
-1.0
-1.0
-1.0
-1.0
-1.0
-1.0
-1.0
-1.0
-1.0
-1.0
-1.0
-1.0
-1.0
-1.0
-1.0
-1.0
-1.0
-1.0
-1.0
-1.0
28.3829
-1.0
-1.0
-1.0
-1.0
-1.0
-1.0
-1.0
-1.0
-1.0
40.6203
-1.0
-1.0
43.8371
31.7088
-1.0
22.8694
-1.0
-1.0
-1.0
-1.0
-1.0
-1.0
-1.0
-1.0
-1.0
-1.0
-1.0
-1.0
-1.0
27.4004
-1.0
-1.0
46.872
-1.0
41.0774
37.6937
-1.0
35.0241
-1.0
49.2112
-1.0
-1.0
-1.0
-1.0
-1.0
-1.0
-1.0
-1.0
-1.0
46.3221
-1.0
-1.0
50.6168
-1.0
29.0617
41.4693
-1.0
-1.0
-1.0
-1.0
-1.0
33.2192
-1.0
46.1933
-1.0
-1.0
-1.0
-1.0
-1.0
-1.0
-1.0
-1.0
36.2713
-1.0
-1.0
-1.0
-1.0
52.248
-1.0
-1.0
-1.0
-1.0
43.6305
-1.0
-1.0
-1.0
-1.0
-1.0
-1.0
48.0439
45.4054
38.7317
-1.0
-1.0
52.3144
-1.0
-1.0
-1.0
-1.0
41.5102
-1.0
-1.0
-1.0
-1.0
-1.0
-1.0
-1.0
-1.0
-1.0
30.1223
-1.0
19.9912
-1.0
47.2703
-1.0
-1.0
-1.0
-1.0
-1.0
-1.0
-1.0
33.1415
-1.0
-1.0
39.1203
-1.0
-1.0
-1.0
-1.0
-1.0
13.4836
-1.0
-1.0
-1.0
-1.0
-1.0
-1.0
-1.0
-1.0
-1.0
-1.0
-1.0
-1.0
-1.0
-1.0
-1.0
49.0852
-1.0
-1.0
-1.0
-1.0
-1.0
20.1308
-1.0
-1.0
-1.0
-1.0
-1.0
-1.0
-1.0
-1.0
46.2891
-1.0
-1.0
-1.0
-1.0
-1.0
36.8228
-1.0
-1.0
-1.0
-1.0
-1.0
-1.0
51.5106
-1.0
-1.0
16.5746
-1.0
-1.0
31.3358
-1.0
49.0879
-1.0
-1.0
-1.0
-1.0
-1.0
-1.0
-1.0
47.9751
-1.0
-1.0
-1.0
-1.0
49.1929
-1.0
-1.0
42.7777
-1.0
-1.0
-1.0
-1.0
-1.0
21.7827
-1.0
51.7566
-1.0
31.8231
-1.0
-1.0
44.091
-1.0
13.3335
40.9368
-1.0
-1.0
-1.0
41.2728
-1.0
-1.0
-1.0
-1.0
-1.0
-1.0
-1.0
-1.0
34.0056
-1.0
-1.0
-1.0
-1.0
-1.0
8.20068
-1.0
24.2701
-1.0
-1.0
36.6175
34.6671
38.7864
-1.0
-1.0
-1.0
-1.0
26.9824
49.6441
-1.0
26.9235
36.0327
-1.0
-1.0
-1.0
-1.0
-1.0
51.2787
-1.0
23.8035
-1.0
49.2808
51.4503
-1.0
-1.0
-1.0
-1.0
-1.0
-1.0
-1.0
-1.0
44.4992
44.6411
-1.0
-1.0
-1.0
37.3774
-1.0
12.0541
-1.0
-1.0
-1.0
43.2536
-1.0
-1.0
-1.0
-1.0
-1.0
49.0441
-1.0
44.9532
-1.0
-1.0
-1.0
-1.0
-1.0
30.7104
-1.0
-1.0
-1.0
-1.0
-1.0
-1.0
47.3707
-1.0
-1.0
-1.0
-1.0
-1.0
-1.0
39.2834
-1.0
-1.0
36.1984
-1.0
-1.0
-1.0
-1.0
-1.0
-1.0
-1.0
-1.0
-1.0
-1.0
24.1156
-1.0
-1.0
-1.0
-1.0
-1.0
-1.0
-1.0
-1.0
-1.0
-1.0
-1.0
-1.0
-1.0
28.4016
-1.0
40.1957
-1.0
-1.0
-1.0
-1.0
44.13
-1.0
25.3844
-1.0
-1.0
26.5259
-1.0
-1.0
-1.0
-1.0
-1.0
43.6507
-1.0
31.57
-1.0
-1.0
31.7747
34.7795
-1.0
-1.0
-1.0
-1.0
-1.0
-1.0
-1.0
-1.0
-1.0
-1.0
-1.0
-1.0
-1.0
47.5862
-1.0
-1.0
-1.0
-1.0
-1.0
28.9128
45.9556
-1.0
-1.0
47.7631
21.3182
-1.0
-1.0
-1.0
-1.0
-1.0
46.2054
-1.0
-1.0
-1.0
-1.0
-1.0
-1.0
-1.0
-1.0
-1.0
-1.0
-1.0
-1.0
-1.0
-1.0
-1.0
-1.0
-1.0
-1.0
-1.0
-1.0
-1.0
-1.0
-1.0
-1.0
-1.0
-1.0
-1.0
-1.0
-1.0
-1.0
-1.0
51.4391
24.6193
43.3039
-1.0
-1.0
-1.0
38.4221
49.3262
23.1229
-1.0
-1.0
-1.0
-1.0
-1.0
-1.0
-1.0
-1.0
-1.0
-1.0
-1.0
25.553
42.9271
47.1934
-1.0
-1.0
-1.0
-1.0
-1.0
-1.0
-1.0
-1.0
-1.0
49.7282
40.6678
-1.0
-1.0
-1.0
50.5346
-1.0
-1.0
-1.0
-1.0
-1.0
-1.0
-1.0
-1.0
40.8051
-1.0
-1.0
41.0308
-1.0
-1.0
-1.0
27.172
-1.0
-1.0
-1.0
-1.0
-1.0
38.4876
-1.0
-1.0
-1.0
-1.0
-1.0
-1.0
-1.0
-1.0
-1.0
-1.0
18.9606
43.6509
48.4908
-1.0
49.1498
-1.0
-1.0
32.6067
51.1934
-1.0
-1.0
-1.0
-1.0
-1.0
-1.0
28.6524
38.6746
-1.0
-1.0
-1.0
-1.0
-1.0
-1.0
-1.0
-1.0
-1.0
-1.0
20.7679
-1.0
-1.0
-1.0
-1.0
51.5331
8.64296
-1.0
-1.0
-1.0
-1.0
-1.0
-1.0
-1.0
-1.0
-1.0
-1.0
15.9616
-1.0
-1.0
-1.0
42.3895
29.4684
31.9932
-1.0
-1.0
-1.0
-1.0
-1.0
-1.0
-1.0
27.2013
-1.0
-1.0
-1.0
-1.0
-1.0
27.8638
-1.0
38.6547
-1.0
-1.0
-1.0
-1.0
28.1637
-1.0
-1.0
-1.0
-1.0
-1.0
-1.0
-1.0
-1.0
-1.0
-1.0
-1.0
-1.0
27.9122
-1.0
-1.0
-1.0
-1.0
-1.0
-1.0
-1.0
-1.0
30.5016
-1.0
29.244
-1.0
-1.0
-1.0
31.532
-1.0
38.7064
-1.0
-1.0
-1.0
35.2366
-1.0
-1.0
-1.0
-1.0
-1.0
-1.0
-1.0
-1.0
24.8722
46.5116
-1.0
-1.0
-1.0
-1.0
-1.0
39.7185
-1.0
-1.0
-1.0
-1.0
45.2222
-1.0
-1.0
-1.0
41.006
49.4954
-1.0
-1.0
-1.0
-1.0
-1.0
-1.0
-1.0
-1.0
-1.0
23.4854
-1.0
-1.0
-1.0
-1.0
15.9284
40.906
-1.0
-1.0
-1.0
37.94
-1.0
-1.0
-1.0
-1.0
-1.0
-1.0
-1.0
-1.0
-1.0
-1.0
-1.0
-1.0
-1.0
-1.0
-1.0
-1.0
-1.0
-1.0
-1.0
-1.0
34.5669
47.6059
-1.0
-1.0
-1.0
47.7144
-1.0
35.9186
-1.0
-1.0
-1.0
44.6416
-1.0
-1.0
-1.0
-1.0
-1.0
-1.0
-1.0
35.0746
-1.0
37.6253
-1.0
-1.0
-1.0
-1.0
-1.0
40.6275
-1.0
-1.0
37.5648
-1.0
-1.0
-1.0
24.4367
18.2128
30.8912
35.4363
25.7326
-1.0
-1.0
-1.0
-1.0
-1.0
-1.0
-1.0
-1.0
-1.0
-1.0
-1.0
-1.0
-1.0
-1.0
-1.0
48.7831
40.2042
41.3223
36.2801
-1.0
-1.0
-1.0
-1.0
-1.0
-1.0
-1.0
-1.0
-1.0
37.4302
-1.0
-1.0
-1.0
-1.0
-1.0
-1.0
-1.0
-1.0
-1.0
-1.0
-1.0
-1.0
-1.0
-1.0
-1.0
28.8074
-1.0
-1.0
-1.0
-1.0
-1.0
36.108
-1.0
-1.0
-1.0
-1.0
-1.0
-1.0
-1.0
30.8121
-1.0
50.4458
-1.0
-1.0
-1.0
-1.0
-1.0
-1.0
-1.0
-1.0
-1.0
46.5047
-1.0
-1.0
-1.0
14.0096
-1.0
-1.0
-1.0
-1.0
-1.0
41.7364
20.7384
-1.0
-1.0
47.4966
36.2864
59.1654
-1.0
-1.0
-1.0
-1.0
49.8365
-1.0
-1.0
-1.0
-1.0
-1.0
-1.0
-1.0
-1.0
15.1917
-1.0
42.1962
-1.0
-1.0
-1.0
44.9424
44.4986
-1.0
-1.0
-1.0
-1.0
40.5859
-1.0
-1.0
-1.0
-1.0
-1.0
-1.0
-1.0
-1.0
-1.0
-1.0
15.0347
38.7678
-1.0
-1.0
56.8729
31.937
-1.0
-1.0
42.0889
40.8593
-1.0
-1.0
-1.0
42.1961
33.5321
5.76109
-1.0
36.7197
-1.0
-1.0
37.997
-1.0
-1.0
-1.0
-1.0
-1.0
43.9227
-1.0
-1.0
-1.0
-1.0
30.752
-1.0
50.6655
-1.0
-1.0
-1.0
-1.0
48.2418
34.1444
-1.0
-1.0
42.2774
-1.0
43.2583
-1.0
-1.0
36.3491
-1.0
41.4811
47.6721
-1.0
-1.0
-1.0
-1.0
-1.0
-1.0
-1.0
-1.0
-1.0
-1.0
48.4903
9.38546
21.2609
-1.0
-1.0
-1.0
-1.0
-1.0
-1.0
-1.0
-1.0
-1.0
-1.0
28.8099
35.2874
24.659
-1.0
-1.0
37.3844
-1.0
-1.0
-1.0
-1.0
-1.0
-1.0
-1.0
36.9185
-1.0
-1.0
-1.0
-1.0
48.8164
-1.0
-1.0
-1.0
-1.0
-1.0
-1.0
-1.0
-1.0
-1.0
50.5992
-1.0
-1.0
-1.0
-1.0
-1.0
46.4114
36.5072
-1.0
-1.0
51.7945
-1.0
19.6825
-1.0
29.3636
-1.0
-1.0
-1.0
-1.0
-1.0
-1.0
-1.0
-1.0
-1.0
-1.0
-1.0
-1.0
-1.0
-1.0
-1.0
-1.0
-1.0
-1.0
-1.0
-1.0
-1.0
-1.0
-1.0
13.8999
-1.0
52.0895
49.9342
45.974
-1.0
46.3049
37.2852
-1.0
-1.0
40.3282
28.0415
-1.0
-1.0
32.6897
-1.0
32.4714
37.9428
-1.0
-1.0
-1.0
-1.0
-1.0
-1.0
-1.0
44.3049
-1.0
-1.0
-1.0
-1.0
-1.0
-1.0
20.9298
-1.0
-1.0
-1.0
44.6486
-1.0
-1.0
-1.0
-1.0
-1.0
-1.0
-1.0
-1.0
-1.0
-1.0
-1.0
-1.0
-1.0
-1.0
-1.0
-1.0
-1.0
24.1189
-1.0
-1.0
-1.0
-1.0
-1.0
-1.0
-1.0
-1.0
-1.0
-1.0
47.9111
34.5168
-1.0
-1.0
8.90788
-1.0
35.0581
-1.0
48.6299
-1.0
27.4034
27.4871
-1.0
-1.0
-1.0
-1.0
28.9076
-1.0
-1.0
-1.0
44.0171
-1.0
43.3042
-1.0
36.5498
-1.0
-1.0
-1.0
-1.0
-1.0
-1.0
-1.0
-1.0
-1.0
48.7533
-1.0
-1.0
44.1494
-1.0
-1.0
32.292
-1.0
-1.0
-1.0
49.9094
11.7987
-1.0
-1.0
-1.0
-1.0
-1.0
-1.0
45.655
-1.0
-1.0
-1.0
-1.0
-1.0
-1.0
-1.0
-1.0
-1.0
-1.0
-1.0
15.3769
47.7321
-1.0
46.2157
-1.0
-1.0
-1.0
-1.0
40.4637
-1.0
-1.0
-1.0
-1.0
41.629
-1.0
35.9301
-1.0
45.3283
-1.0
-1.0
-1.0
32.6928
-1.0
-1.0
-1.0
-1.0
-1.0
49.1151
42.1769
-1.0
-1.0
-1.0
-1.0
-1.0
-1.0
-1.0
51.7722
-1.0
-1.0
-1.0
-1.0
-1.0
-1.0
34.1024
-1.0
32.1905
-1.0
34.4994
42.8054
-1.0
-1.0
32.1217
33.8701
-1.0
-1.0
-1.0
-1.0
-1.0
45.342
-1.0
-1.0
-1.0
-1.0
-1.0
-1.0
-1.0
-1.0
49.2245
-1.0
-1.0
-1.0
-1.0
31.4319
16.6712
-1.0
48.6652
17.7569
-1.0
-1.0
50.5108
-1.0
-1.0
-1.0
44.4384
-1.0
42.6675
-1.0
-1.0
-1.0
-1.0
-1.0
47.9284
-1.0
-1.0
-1.0
-1.0
26.1289
-1.0
-1.0
-1.0
30.674
-1.0
-1.0
-1.0
-1.0
43.1481
-1.0
-1.0
49.8104
-1.0
43.9266
-1.0
31.3765
-1.0
35.9662
20.2308
-1.0
-1.0
37.0965
-1.0
31.9473
-1.0
35.1334
-1.0
45.2609
39.5533
-1.0
-1.0
-1.0
-1.0
38.4513
-1.0
-1.0
18.5129
-1.0
-1.0
-1.0
-1.0
-1.0
-1.0
-1.0
-1.0
-1.0
-1.0
-1.0
-1.0
-1.0
-1.0
50.1055
-1.0
30.332
-1.0
-1.0
-1.0
-1.0
11.2841
-1.0
-1.0
-1.0
-1.0
-1.0
-1.0
-1.0
-1.0
-1.0
-1.0
-1.0
-1.0
-1.0
-1.0
27.33
48.9004
-1.0
-1.0
-1.0
-1.0
42.2977
-1.0
-1.0
-1.0
-1.0
-1.0
-1.0
-1.0
-1.0
-1.0
-1.0
-1.0
-1.0
-1.0
-1.0
-1.0
38.7001
-1.0
-1.0
35.8485
-1.0
-1.0
-1.0
-1.0
-1.0
-1.0
-1.0
-1.0
-1.0
30.8246
-1.0
45.3436
-1.0
15.7714
-1.0
-1.0
-1.0
-1.0
-1.0
40.0352
-1.0
-1.0
-1.0
22.8563
25.0559
48.2813
-1.0
-1.0
-1.0
-1.0
-1.0
-1.0
-1.0
-1.0
-1.0
-1.0
-1.0
-1.0
-1.0
-1.0
-1.0
-1.0
-1.0
-1.0
-1.0
45.9686
-1.0
-1.0
25.6265
-1.0
-1.0
-1.0
-1.0
-1.0
-1.0
-1.0
-1.0
-1.0
-1.0
-1.0
-1.0
-1.0
-1.0
-1.0
-1.0
-1.0
-1.0
-1.0
-1.0
-1.0
-1.0
-1.0
39.0192
-1.0
-1.0
-1.0
-1.0
-1.0
-1.0
-1.0
-1.0
-1.0
-1.0
-1.0
-1.0
-1.0
-1.0
-1.0
17.6269
-1.0
-1.0
-1.0
-1.0
-1.0
-1.0
50.2674
42.7959
-1.0
-1.0
-1.0
25.0877
34.6413
-1.0
-1.0
-1.0
-1.0
-1.0
-1.0
-1.0
-1.0
-1.0
40.2766
-1.0
-1.0
24.68
-1.0
24.7384
-1.0
-1.0
-1.0
-1.0
40.0389
28.2671
48.8138
-1.0
-1.0
-1.0
-1.0
49.0989
-1.0
30.6333
-1.0
-1.0
40.6746
33.332
-1.0
-1.0
33.6007
49.156
21.582
-1.0
-1.0
-1.0
-1.0
-1.0
-1.0
-1.0
-1.0
-1.0
-1.0
42.7735
-1.0
-1.0
-1.0
-1.0
-1.0
27.6301
-1.0
30.9904
-1.0
-1.0
-1.0
-1.0
-1.0
-1.0
-1.0
-1.0
47.3317
37.466
11.8751
-1.0
-1.0
34.7419
-1.0
52.895
-1.0
28.0279
-1.0
18.0008
-1.0
-1.0
-1.0
-1.0
-1.0
-1.0
-1.0
-1.0
-1.0
-1.0
-1.0
-1.0
-1.0
-1.0
23.4215
49.0277
34.2486
-1.0
30.3909
45.677
-1.0
-1.0
45.589
-1.0
-1.0
48.5382
-1.0
-1.0
-1.0
-1.0
-1.0
-1.0
44.1615
-1.0
-1.0
51.2792
-1.0
37.8859
-1.0
-1.0
-1.0
-1.0
-1.0
28.0663
-1.0
-1.0
40.3047
47.7832
-1.0
-1.0
51.274
-1.0
-1.0
-1.0
-1.0
27.1726
-1.0
-1.0
-1.0
-1.0
33.682
-1.0
40.8088
43.9092
-1.0
-1.0
-1.0
-1.0
-1.0
-1.0
-1.0
35.0334
-1.0
-1.0
39.6365
-1.0
-1.0
-1.0
-1.0
-1.0
-1.0
-1.0
43.8031
-1.0
23.9571
-1.0
29.3375
48.8407
-1.0
20.5818
29.0187
-1.0
48.5488
-1.0
-1.0
37.2424
23.8695
-1.0
-1.0
-1.0
37.2321
-1.0
-1.0
-1.0
-1.0
-1.0
45.7394
-1.0
-1.0
-1.0
-1.0
-1.0
-1.0
34.2154
44.6495
-1.0
-1.0
-1.0
-1.0
-1.0
-1.0
-1.0
-1.0
34.7897
32.5233
48.1884
39.2821
-1.0
-1.0
-1.0
12.0261
-1.0
-1.0
-1.0
-1.0
-1.0
43.9373
-1.0
-1.0
-1.0
-1.0
-1.0
-1.0
43.7937
-1.0
50.5007
48.453
-1.0
48.0464
-1.0
32.2438
-1.0
-1.0
40.8949
-1.0
-1.0
21.871
-1.0
-1.0
7.66184
-1.0
-1.0
-1.0
-1.0
23.954
32.93
-1.0
-1.0
47.1699
48.0154
-1.0
-1.0
-1.0
-1.0
19.1406
34.9535
41.2311
-1.0
-1.0
23.4532
35.7662
-1.0
-1.0
-1.0
49.435
-1.0
-1.0
-1.0
-1.0
48.0086
-1.0
-1.0
-1.0
-1.0
-1.0
-1.0
-1.0
-1.0
43.6377
-1.0
-1.0
25.0504
-1.0
-1.0
29.3003
-1.0
-1.0
42.1907
46.7689
38.442
-1.0
-1.0
-1.0
-1.0
-1.0
-1.0
-1.0
-1.0
-1.0
-1.0
-1.0
-1.0
-1.0
-1.0
-1.0
-1.0
-1.0
-1.0
-1.0
-1.0
-1.0
-1.0
-1.0
-1.0
50.8254
-1.0
48.4068
-1.0
43.7794
33.681
22.0588
-1.0
-1.0
-1.0
28.4373
-1.0
-1.0
-1.0
-1.0
-1.0
-1.0
34.0192
18.3339
42.991
-1.0
-1.0
-1.0
48.229
-1.0
34.4196
-1.0
-1.0
-1.0
11.39
-1.0
-1.0
-1.0
51.1047
-1.0
-1.0
-1.0
-1.0
-1.0
-1.0
-1.0
-1.0
-1.0
43.5523
45.0219
-1.0
-1.0
-1.0
-1.0
46.511
-1.0
-1.0
-1.0
-1.0
-1.0
45.6338
51.2756
-1.0
-1.0
19.2746
-1.0
-1.0
-1.0
-1.0
-1.0
49.1202
-1.0
-1.0
29.6238
-1.0
-1.0
-1.0
-1.0
-1.0
-1.0
-1.0
-1.0
-1.0
-1.0
-1.0
-1.0
-1.0
-1.0
-1.0
-1.0
51.9831
-1.0
12.4567
-1.0
-1.0
-1.0
44.3796
25.5937
-1.0
-1.0
-1.0
-1.0
27.4872
-1.0
-1.0
-1.0
-1.0
-1.0
-1.0
20.577
51.9652
-1.0
-1.0
-1.0
-1.0
-1.0
-1.0
-1.0
-1.0
13.8039
-1.0
-1.0
-1.0
-1.0
49.0259
-1.0
-1.0
-1.0
-1.0
-1.0
41.0681
-1.0
-1.0
-1.0
-1.0
-1.0
-1.0
31.2408
43.9237
-1.0
-1.0
-1.0
-1.0
-1.0
-1.0
-1.0
-1.0
-1.0
42.96
-1.0
47.0566
-1.0
-1.0
-1.0
-1.0
35.8616
-1.0
29.7948
25.2075
-1.0
-1.0
-1.0
-1.0
-1.0
-1.0
-1.0
29.1452
-1.0
-1.0
-1.0
-1.0
-1.0
-1.0
46.3342
-1.0
-1.0
-1.0
-1.0
-1.0
-1.0
8.65663
-1.0
-1.0
46.5383
-1.0
-1.0
31.3917
-1.0
-1.0
-1.0
-1.0
-1.0
-1.0
-1.0
-1.0
-1.0
9.70622
42.7133
-1.0
-1.0
51.0533
-1.0
-1.0
-1.0
-1.0
-1.0
24.0921
46.8257
-1.0
21.5707
-1.0
-1.0
-1.0
-1.0
-1.0
-1.0
-1.0
-1.0
-1.0
-1.0
-1.0
-1.0
47.4277
-1.0
-1.0
40.743
46.304
48.1629
-1.0
15.8272
-1.0
-1.0
31.0749
-1.0
-1.0
-1.0
-1.0
-1.0
-1.0
-1.0
-1.0
-1.0
-1.0
-1.0
-1.0
-1.0
-1.0
-1.0
51.1205
-1.0
-1.0
-1.0
-1.0
-1.0
-1.0
-1.0
-1.0
-1.0
-1.0
-1.0
-1.0
-1.0
-1.0
-1.0
-1.0
-1.0
-1.0
-1.0
-1.0
49.6749
-1.0
38.6737
-1.0
11.576
-1.0
-1.0
27.7144
-1.0
-1.0
48.1776
-1.0
-1.0
12.617
-1.0
-1.0
-1.0
-1.0
-1.0
-1.0
-1.0
-1.0
41.1303
-1.0
-1.0
-1.0
-1.0
-1.0
-1.0
-1.0
-1.0
49.7985
-1.0
-1.0
-1.0
-1.0
-1.0
-1.0
-1.0
-1.0
23.3144
-1.0
33.9966
50.9407
-1.0
40.3154
-1.0
-1.0
-1.0
17.3678
-1.0
31.0323
-1.0
-1.0
-1.0
-1.0
-1.0
-1.0
-1.0
-1.0
35.4046
-1.0
-1.0
45.4046
-1.0
50.2426
43.2024
-1.0
47.8704
-1.0
-1.0
-1.0
-1.0
-1.0
-1.0
-1.0
-1.0
-1.0
-1.0
-1.0
-1.0
-1.0
-1.0
-1.0
-1.0
-1.0
-1.0
-1.0
-1.0
-1.0
-1.0
-1.0
-1.0
-1.0
-1.0
18.4862
49.5967
-1.0
-1.0
-1.0
-1.0
-1.0
-1.0
48.9524
-1.0
-1.0
51.6075
-1.0
-1.0
-1.0
-1.0
28.2616
32.174
-1.0
-1.0
-1.0
-1.0
-1.0
-1.0
-1.0
41.3061
-1.0
-1.0
-1.0
-1.0
-1.0
-1.0
-1.0
-1.0
-1.0
-1.0
41.0073
-1.0
-1.0
-1.0
-1.0
-1.0
-1.0
-1.0
-1.0
44.7255
-1.0
-1.0
-1.0
-1.0
35.482
-1.0
-1.0
28.1099
-1.0
-1.0
-1.0
32.4308
-1.0
-1.0
-1.0
-1.0
-1.0
-1.0
-1.0
38.139
-1.0
-1.0
-1.0
-1.0
-1.0
-1.0
-1.0
-1.0
-1.0
-1.0
-1.0
-1.0
-1.0
12.7644
28.6333
-1.0
-1.0
-1.0
30.1056
-1.0
-1.0
-1.0
-1.0
38.7419
-1.0
-1.0
-1.0
-1.0
35.2916
-1.0
-1.0
24.4405
-1.0
-1.0
-1.0
-1.0
-1.0
-1.0
-1.0
-1.0
50.0762
-1.0
48.7041
-1.0
42.4351
-1.0
-1.0
-1.0
-1.0
-1.0
-1.0
-1.0
-1.0
-1.0
-1.0
-1.0
-1.0
37.0
16.4586
-1.0
15.1597
-1.0
-1.0
-1.0
-1.0
-1.0
-1.0
-1.0
-1.0
-1.0
-1.0
25.2343
-1.0
-1.0
-1.0
45.0813
33.6338
-1.0
-1.0
-1.0
-1.0
-1.0
-1.0
-1.0
-1.0
-1.0
-1.0
-1.0
-1.0
-1.0
-1.0
-1.0
36.4293
-1.0
38.0536
-1.0
-1.0
-1.0
-1.0
26.4377
38.0529
-1.0
-1.0
-1.0
-1.0
-1.0
-1.0
-1.0
-1.0
-1.0
-1.0
-1.0
-1.0
-1.0
-1.0
26.7919
-1.0
20.778
28.7911
-1.0
-1.0
27.6895
-1.0
-1.0
-1.0
-1.0
49.1654
-1.0
-1.0
29.0668
-1.0
-1.0
35.5538
-1.0
29.8089
-1.0
-1.0
-1.0
-1.0
-1.0
-1.0
-1.0
-1.0
10.9676
-1.0
-1.0
-1.0
-1.0
-1.0
-1.0
-1.0
-1.0
-1.0
-1.0
-1.0
23.9217
-1.0
30.4251
-1.0
-1.0
-1.0
-1.0
-1.0
-1.0
-1.0
-1.0
-1.0
-1.0
-1.0
-1.0
-1.0
31.0571
-1.0
-1.0
-1.0
-1.0
-1.0
-1.0
-1.0
-1.0
51.0521
33.6614
-1.0
-1.0
-1.0
23.5371
-1.0
28.3347
29.0595
-1.0
38.5907
-1.0
-1.0
-1.0
-1.0
-1.0
43.2359
37.8188
41.1688
21.0979
-1.0
-1.0
-1.0
-1.0
-1.0
-1.0
-1.0
-1.0
-1.0
-1.0
-1.0
-1.0
-1.0
46.473
14.8239
47.202
-1.0
40.6945
-1.0
-1.0
-1.0
30.2012
-1.0
27.7016
-1.0
44.0068
-1.0
-1.0
-1.0
36.5779
-1.0
-1.0
-1.0
-1.0
-1.0
-1.0
-1.0
-1.0
-1.0
40.1639
-1.0
-1.0
-1.0
-1.0
36.3547
-1.0
23.9101
-1.0
-1.0
48.5732
-1.0
-1.0
-1.0
21.5976
37.9112
26.8205
-1.0
-1.0
-1.0
-1.0
22.1464
-1.0
-1.0
-1.0
46.3775
-1.0
49.1572
-1.0
-1.0
-1.0
-1.0
-1.0
-1.0
-1.0
-1.0
-1.0
-1.0
21.6933
-1.0
-1.0
-1.0
-1.0
-1.0
-1.0
-1.0
-1.0
-1.0
-1.0
-1.0
49.035
32.6717
-1.0
43.8005
44.6013
-1.0
-1.0
-1.0
-1.0
-1.0
-1.0
-1.0
-1.0
-1.0
-1.0
-1.0
-1.0
-1.0
-1.0
-1.0
-1.0
-1.0
-1.0
-1.0
-1.0
-1.0
-1.0
-1.0
-1.0
-1.0
-1.0
-1.0
-1.0
25.4675
-1.0
-1.0
-1.0
-1.0
-1.0
31.5125
-1.0
-1.0
-1.0
-1.0
-1.0
-1.0
-1.0
-1.0
-1.0
-1.0
-1.0
-1.0
38.0395
-1.0
-1.0
36.7737
-1.0
-1.0
47.4616
-1.0
-1.0
-1.0
19.492
-1.0
-1.0
-1.0
-1.0
32.7929
-1.0
19.373
-1.0
-1.0
-1.0
-1.0
-1.0
-1.0
-1.0
-1.0
46.2631
26.6062
-1.0
31.6226
16.9496
-1.0
-1.0
39.0832
-1.0
17.5885
-1.0
-1.0
-1.0
20.9681
-1.0
-1.0
-1.0
-1.0
-1.0
-1.0
-1.0
-1.0
-1.0
23.5275
-1.0
-1.0
-1.0
-1.0
-1.0
-1.0
-1.0
-1.0
38.6254
-1.0
20.1002
-1.0
-1.0
-1.0
-1.0
45.0045
-1.0
-1.0
-1.0
-1.0
42.5581
50.9981
-1.0
35.9027
-1.0
-1.0
-1.0
36.7122
-1.0
-1.0
-1.0
-1.0
16.4251
-1.0
-1.0
-1.0
-1.0
-1.0
-1.0
38.5587
-1.0
-1.0
48.9113
41.6233
48.8281
46.5164
38.5778
-1.0
-1.0
28.963
-1.0
28.4537
41.6898
42.4962
-1.0
-1.0
-1.0
-1.0
47.5535
-1.0
-1.0
-1.0
-1.0
-1.0
-1.0
-1.0
-1.0
-1.0
-1.0
-1.0
-1.0
-1.0
-1.0
-1.0
32.4976
-1.0
-1.0
-1.0
26.6816
-1.0
-1.0
-1.0
31.2716
-1.0
51.3042
-1.0
-1.0
-1.0
24.2826
24.2475
-1.0
-1.0
-1.0
-1.0
-1.0
46.6218
-1.0
-1.0
-1.0
-1.0
-1.0
19.1341
-1.0
-1.0
-1.0
-1.0
-1.0
-1.0
27.5436
-1.0
-1.0
-1.0
-1.0
30.3552
22.681
-1.0
-1.0
-1.0
-1.0
-1.0
-1.0
-1.0
-1.0
-1.0
-1.0
-1.0
-1.0
-1.0
-1.0
-1.0
-1.0
-1.0
-1.0
-1.0
-1.0
28.5938
-1.0
-1.0
-1.0
-1.0
-1.0
35.2819
-1.0
-1.0
-1.0
-1.0
-1.0
-1.0
46.5794
-1.0
-1.0
-1.0
43.6273
-1.0
-1.0
-1.0
44.2934
-1.0
-1.0
-1.0
36.716
-1.0
-1.0
-1.0
44.0917
-1.0
-1.0
-1.0
-1.0
-1.0
47.585
-1.0
37.7922
-1.0
-1.0
-1.0
-1.0
-1.0
-1.0
49.9429
-1.0
18.3898
-1.0
-1.0
-1.0
15.2041
-1.0
-1.0
-1.0
43.3994
-1.0
-1.0
-1.0
52.2702
47.9218
-1.0
-1.0
35.7553
-1.0
-1.0
-1.0
-1.0
-1.0
40.8579
-1.0
-1.0
-1.0
-1.0
-1.0
35.4376
-1.0
46.8524
21.9262
-1.0
42.8309
-1.0
-1.0
-1.0
-1.0
-1.0
-1.0
-1.0
17.7128
-1.0
-1.0
-1.0
-1.0
-1.0
-1.0
45.506
-1.0
-1.0
-1.0
-1.0
-1.0
36.6671
-1.0
-1.0
-1.0
-1.0
-1.0
-1.0
-1.0
33.9295
-1.0
-1.0
-1.0
-1.0
38.7894
-1.0
-1.0
-1.0
-1.0
42.4236
-1.0
-1.0
-1.0
-1.0
-1.0
27.5597
-1.0
44.6979
37.9884
-1.0
30.4562
-1.0
-1.0
-1.0
-1.0
-1.0
29.2374
-1.0
-1.0
-1.0
-1.0
-1.0
-1.0
-1.0
-1.0
-1.0
-1.0
49.4262
-1.0
-1.0
-1.0
-1.0
-1.0
43.6833
-1.0
-1.0
-1.0
-1.0
-1.0
-1.0
-1.0
37.6526
-1.0
-1.0
25.9963
44.8374
-1.0
-1.0
-1.0
-1.0
-1.0
-1.0
-1.0
24.8566
-1.0
-1.0
-1.0
41.9136
-1.0
44.6516
-1.0
-1.0
-1.0
-1.0
46.2373
-1.0
-1.0
22.0301
-1.0
-1.0
-1.0
-1.0
-1.0
-1.0
37.1617
-1.0
32.5726
42.19
-1.0
-1.0
-1.0
-1.0
-1.0
-1.0
39.5782
-1.0
-1.0
45.4362
-1.0
42.8231
-1.0
-1.0
-1.0
-1.0
-1.0
-1.0
-1.0
-1.0
48.9485
-1.0
-1.0
-1.0
46.0786
-1.0
43.1094
-1.0
-1.0
43.3222
-1.0
-1.0
22.6398
-1.0
-1.0
37.5948
-1.0
-1.0
51.8728
-1.0
-1.0
-1.0
-1.0
-1.0
-1.0
-1.0
-1.0
-1.0
-1.0
40.1958
-1.0
-1.0
-1.0
-1.0
-1.0
-1.0
-1.0
49.822
-1.0
-1.0
-1.0
41.9111
-1.0
28.3249
-1.0
-1.0
-1.0
-1.0
-1.0
-1.0
-1.0
-1.0
-1.0
-1.0
-1.0
42.2688
-1.0
-1.0
-1.0
-1.0
19.0336
47.094
-1.0
-1.0
-1.0
50.1381
-1.0
-1.0
-1.0
-1.0
49.8084
-1.0
-1.0
-1.0
39.1
-1.0
-1.0
-1.0
-1.0
-1.0
36.9303
-1.0
47.568
-1.0
37.9868
-1.0
-1.0
-1.0
45.8454
-1.0
-1.0
-1.0
-1.0
-1.0
-1.0
16.994
-1.0
30.1714
-1.0
-1.0
27.7159
-1.0
-1.0
-1.0
-1.0
-1.0
33.2047
-1.0
-1.0
-1.0
-1.0
-1.0
-1.0
-1.0
-1.0
-1.0
-1.0
-1.0
-1.0
-1.0
36.1292
-1.0
-1.0
-1.0
-1.0
-1.0
-1.0
37.9145
-1.0
-1.0
31.5472
45.0836
-1.0
-1.0
-1.0
34.61
-1.0
-1.0
-1.0
-1.0
-1.0
-1.0
-1.0
-1.0
51.8352
41.0652
-1.0
44.742
-1.0
-1.0
-1.0
43.8076
-1.0
-1.0
15.2133
-1.0
-1.0
51.0277
-1.0
-1.0
44.1316
-1.0
22.1018
-1.0
-1.0
-1.0
-1.0
-1.0
-1.0
35.7475
-1.0
23.7349
-1.0
-1.0
37.4102
-1.0
-1.0
-1.0
-1.0
-1.0
-1.0
-1.0
-1.0
47.9947
46.0191
-1.0
-1.0
-1.0
-1.0
-1.0
36.9072
-1.0
43.67
-1.0
-1.0
-1.0
-1.0
-1.0
-1.0
-1.0
42.9412
33.058
-1.0
-1.0
-1.0
-1.0
33.2706
-1.0
-1.0
-1.0
-1.0
-1.0
-1.0
-1.0
-1.0
-1.0
-1.0
-1.0
-1.0
38.3909
-1.0
31.1679
-1.0
-1.0
-1.0
-1.0
-1.0
-1.0
23.2736
-1.0
-1.0
-1.0
-1.0
-1.0
-1.0
-1.0
12.3178
48.9334
-1.0
46.7445
-1.0
-1.0
25.1041
-1.0
47.1225
-1.0
-1.0
24.1676
37.3041
-1.0
31.0465
-1.0
-1.0
-1.0
-1.0
-1.0
-1.0
-1.0
31.3863
-1.0
-1.0
-1.0
-1.0
19.1506
-1.0
-1.0
-1.0
-1.0
30.0826
-1.0
-1.0
-1.0
-1.0
-1.0
-1.0
-1.0
-1.0
-1.0
-1.0
-1.0
-1.0
-1.0
-1.0
-1.0
-1.0
-1.0
-1.0
-1.0
-1.0
-1.0
43.2907
-1.0
29.0808
35.482
-1.0
-1.0
-1.0
35.3048
-1.0
-1.0
-1.0
-1.0
-1.0
-1.0
53.1473
46.9328
-1.0
-1.0
-1.0
50.5219
-1.0
-1.0
-1.0
-1.0
36.0888
-1.0
-1.0
-1.0
33.4085
48.3029
45.5367
-1.0
-1.0
-1.0
41.6474
-1.0
-1.0
44.0099
-1.0
-1.0
28.6814
-1.0
31.5888
-1.0
-1.0
34.7179
-1.0
-1.0
-1.0
-1.0
-1.0
27.1678
-1.0
-1.0
-1.0
-1.0
-1.0
-1.0
-1.0
-1.0
-1.0
32.4975
-1.0
-1.0
41.158
50.3594
-1.0
-1.0
-1.0
27.5078
-1.0
-1.0
-1.0
-1.0
-1.0
-1.0
-1.0
-1.0
-1.0
-1.0
-1.0
33.0199
24.5029
-1.0
-1.0
-1.0
20.6641
41.0388
51.5476
27.6562
-1.0
-1.0
-1.0
-1.0
17.4941
34.0991
-1.0
-1.0
-1.0
-1.0
-1.0
-1.0
-1.0
-1.0
-1.0
-1.0
-1.0
-1.0
-1.0
-1.0
-1.0
-1.0
-1.0
-1.0
44.0705
-1.0
-1.0
-1.0
-1.0
-1.0
-1.0
-1.0
-1.0
-1.0
28.1301
14.8991
-1.0
-1.0
-1.0
-1.0
-1.0
-1.0
-1.0
-1.0
-1.0
-1.0
28.5137
-1.0
-1.0
-1.0
-1.0
-1.0
-1.0
-1.0
-1.0
-1.0
50.9895
-1.0
-1.0
42.6333
-1.0
-1.0
-1.0
-1.0
-1.0
-1.0
29.8137
-1.0
-1.0
-1.0
36.2655
-1.0
-1.0
-1.0
-1.0
-1.0
-1.0
-1.0
24.0897
-1.0
-1.0
-1.0
-1.0
-1.0
-1.0
-1.0
-1.0
-1.0
-1.0
-1.0
45.4264
-1.0
-1.0
45.8403
-1.0
-1.0
-1.0
-1.0
-1.0
-1.0
51.6112
47.0795
-1.0
37.499
33.6672
-1.0
-1.0
-1.0
-1.0
-1.0
40.0029
-1.0
-1.0
-1.0
-1.0
-1.0
15.7463
-1.0
-1.0
-1.0
51.3158
-1.0
-1.0
-1.0
-1.0
-1.0
-1.0
50.8067
40.1786
-1.0
-1.0
27.5186
-1.0
-1.0
-1.0
-1.0
-1.0
-1.0
-1.0
-1.0
47.01
47.1745
-1.0
-1.0
-1.0
-1.0
-1.0
-1.0
-1.0
-1.0
31.2779
-1.0
-1.0
-1.0
-1.0
-1.0
-1.0
-1.0
-1.0
-1.0
-1.0
-1.0
-1.0
-1.0
-1.0
44.0468
-1.0
-1.0
-1.0
-1.0
35.7936
-1.0
-1.0
-1.0
38.0086
-1.0
49.4535
-1.0
-1.0
-1.0
-1.0
-1.0
-1.0
-1.0
44.052
30.1708
-1.0
-1.0
-1.0
27.1733
-1.0
-1.0
-1.0
-1.0
-1.0
-1.0
-1.0
-1.0
-1.0
-1.0
-1.0
-1.0
-1.0
31.9919
-1.0
-1.0
-1.0
-1.0
-1.0
-1.0
-1.0
-1.0
-1.0
-1.0
-1.0
-1.0
-1.0
-1.0
-1.0
-1.0
-1.0
-1.0
-1.0
-1.0
31.1742
-1.0
-1.0
-1.0
-1.0
-1.0
33.2403
-1.0
-1.0
-1.0
-1.0
-1.0
-1.0
14.8431
46.4872
-1.0
-1.0
-1.0
19.0038
-1.0
-1.0
-1.0
-1.0
-1.0
-1.0
-1.0
42.1567
-1.0
-1.0
-1.0
-1.0
-1.0
-1.0
-1.0
-1.0
-1.0
-1.0
-1.0
-1.0
-1.0
-1.0
-1.0
-1.0
-1.0
38.2056
50.0441
-1.0
-1.0
-1.0
-1.0
-1.0
-1.0
40.3144
-1.0
-1.0
-1.0
-1.0
-1.0
-1.0
-1.0
-1.0
23.6632
-1.0
-1.0
-1.0
-1.0
-1.0
-1.0
40.945
-1.0
-1.0
-1.0
-1.0
-1.0
6.85284
-1.0
42.5194
-1.0
-1.0
47.6109
34.3432
-1.0
-1.0
-1.0
-1.0
-1.0
-1.0
-1.0
41.9525
-1.0
-1.0
-1.0
-1.0
21.0703
-1.0
-1.0
-1.0
40.1494
22.5697
-1.0
-1.0
44.6722
-1.0
-1.0
-1.0
-1.0
-1.0
-1.0
-1.0
-1.0
-1.0
45.4673
-1.0
-1.0
-1.0
-1.0
-1.0
-1.0
-1.0
-1.0
-1.0
49.6091
50.9241
-1.0
-1.0
-1.0
-1.0
-1.0
-1.0
-1.0
-1.0
-1.0
28.6309
14.2132
-1.0
-1.0
-1.0
-1.0
49.8233
-1.0
-1.0
47.1475
-1.0
-1.0
37.224
18.6147
-1.0
-1.0
-1.0
-1.0
-1.0
-1.0
-1.0
-1.0
-1.0
-1.0
37.6388
-1.0
40.5711
-1.0
-1.0
-1.0
-1.0
-1.0
33.4031
-1.0
-1.0
-1.0
33.5456
-1.0
46.9744
-1.0
-1.0
-1.0
-1.0
-1.0
51.6476
-1.0
37.2569
-1.0
-1.0
-1.0
-1.0
-1.0
-1.0
-1.0
-1.0
-1.0
-1.0
-1.0
-1.0
-1.0
-1.0
-1.0
-1.0
14.5854
-1.0
43.7074
-1.0
44.8931
-1.0
22.6269
-1.0
-1.0
-1.0
-1.0
33.5179
-1.0
-1.0
-1.0
-1.0
-1.0
-1.0
-1.0
-1.0
-1.0
-1.0
-1.0
24.7832
33.4895
-1.0
-1.0
-1.0
36.5677
33.696
-1.0
-1.0
-1.0
41.2819
-1.0
-1.0
-1.0
-1.0
-1.0
-1.0
-1.0
-1.0
-1.0
24.5669
-1.0
-1.0
-1.0
44.7976
-1.0
-1.0
-1.0
35.5181
38.3257
-1.0
-1.0
19.8098
-1.0
40.3983
-1.0
-1.0
-1.0
-1.0
-1.0
-1.0
-1.0
38.5242
-1.0
-1.0
-1.0
43.6093
10.7531
-1.0
45.8515
-1.0
-1.0
-1.0
-1.0
24.835
-1.0
-1.0
-1.0
-1.0
41.2679
-1.0
-1.0
-1.0
-1.0
-1.0
-1.0
-1.0
-1.0
50.9598
20.0671
39.1521
-1.0
33.1311
-1.0
-1.0
26.6344
-1.0
-1.0
-1.0
26.9993
-1.0
-1.0
-1.0
51.7712
-1.0
19.4324
-1.0
37.9908
-1.0
-1.0
-1.0
-1.0
-1.0
-1.0
-1.0
46.4818
-1.0
-1.0
-1.0
42.1463
-1.0
30.5761
-1.0
-1.0
-1.0
-1.0
-1.0
-1.0
-1.0
-1.0
-1.0
-1.0
21.2609
-1.0
-1.0
-1.0
42.9884
-1.0
-1.0
36.5032
50.236
-1.0
-1.0
-1.0
-1.0
30.971
-1.0
26.7346
-1.0
-1.0
-1.0
-1.0
-1.0
-1.0
-1.0
24.1471
-1.0
-1.0
28.7527
-1.0
-1.0
-1.0
25.8848
47.2558
-1.0
-1.0
-1.0
40.6996
-1.0
-1.0
-1.0
-1.0
-1.0
-1.0
-1.0
-1.0
-1.0
-1.0
-1.0
-1.0
-1.0
-1.0
-1.0
-1.0
-1.0
-1.0
-1.0
-1.0
-1.0
-1.0
52.1965
-1.0
-1.0
-1.0
37.7488
-1.0
51.2197
-1.0
-1.0
-1.0
-1.0
47.5723
-1.0
-1.0
-1.0
-1.0
-1.0
-1.0
-1.0
-1.0
-1.0
-1.0
-1.0
31.6254
-1.0
-1.0
50.7899
-1.0
47.6525
-1.0
34.2442
-1.0
-1.0
-1.0
-1.0
-1.0
-1.0
-1.0
-1.0
-1.0
-1.0
-1.0
48.2465
-1.0
12.9775
-1.0
-1.0
-1.0
-1.0
-1.0
-1.0
-1.0
16.1564
-1.0
26.9865
-1.0
-1.0
-1.0
-1.0
-1.0
-1.0
-1.0
-1.0
-1.0
34.5627
-1.0
44.96
10.6591
-1.0
-1.0
-1.0
-1.0
-1.0
-1.0
-1.0
-1.0
-1.0
-1.0
-1.0
-1.0
-1.0
-1.0
-1.0
-1.0
-1.0
-1.0
-1.0
-1.0
52.0315
29.5142
-1.0
34.5201
-1.0
-1.0
-1.0
35.0941
42.8614
24.3131
-1.0
-1.0
-1.0
-1.0
-1.0
-1.0
-1.0
-1.0
-1.0
-1.0
-1.0
-1.0
-1.0
-1.0
-1.0
-1.0
-1.0
-1.0
-1.0
-1.0
-1.0
42.1464
-1.0
-1.0
-1.0
-1.0
-1.0
-1.0
36.6129
-1.0
35.5017
50.6859
-1.0
38.4449
-1.0
-1.0
-1.0
32.4539
-1.0
-1.0
46.1535
-1.0
-1.0
41.3853
15.2177
-1.0
-1.0
-1.0
40.2439
-1.0
24.678
-1.0
-1.0
-1.0
51.4024
-1.0
-1.0
-1.0
-1.0
-1.0
-1.0
-1.0
-1.0
43.443
48.6302
39.1309
-1.0
-1.0
27.3978
-1.0
-1.0
18.1108
36.3018
-1.0
-1.0
38.565
32.5148
-1.0
31.1881
-1.0
33.7517
-1.0
-1.0
-1.0
-1.0
-1.0
-1.0
-1.0
-1.0
-1.0
24.4208
38.0707
-1.0
-1.0
-1.0
-1.0
-1.0
30.0724
48.7087
-1.0
-1.0
51.8216
-1.0
-1.0
-1.0
-1.0
-1.0
40.3491
-1.0
-1.0
-1.0
-1.0
42.7441
-1.0
-1.0
-1.0
-1.0
-1.0
-1.0
-1.0
47.2095
-1.0
-1.0
-1.0
49.4715
-1.0
-1.0
-1.0
41.148
-1.0
42.1131
-1.0
42.9217
-1.0
28.602
-1.0
39.442
-1.0
-1.0
-1.0
-1.0
-1.0
-1.0
-1.0
-1.0
24.4864
-1.0
-1.0
25.577
47.2637
-1.0
-1.0
50.5206
-1.0
-1.0
-1.0
-1.0
-1.0
29.4774
-1.0
-1.0
-1.0
-1.0
44.954
-1.0
-1.0
-1.0
22.501
-1.0
34.6362
13.7855
-1.0
-1.0
-1.0
-1.0
-1.0
-1.0
-1.0
-1.0
-1.0
-1.0
-1.0
49.5097
-1.0
-1.0
-1.0
-1.0
-1.0
-1.0
35.7528
-1.0
-1.0
-1.0
36.6619
-1.0
45.822
-1.0
-1.0
-1.0
-1.0
-1.0
-1.0
45.7435
-1.0
-1.0
-1.0
-1.0
-1.0
-1.0
-1.0
-1.0
-1.0
38.0503
-1.0
-1.0
-1.0
-1.0
-1.0
-1.0
46.982
39.8473
-1.0
-1.0
-1.0
45.0949
-1.0
-1.0
-1.0
-1.0
-1.0
-1.0
-1.0
-1.0
-1.0
36.6661
-1.0
-1.0
9.47773
-1.0
-1.0
-1.0
-1.0
46.5048
48.8823
49.7262
50.5703
-1.0
16.7039
-1.0
32.2343
-1.0
-1.0
-1.0
-1.0
-1.0
-1.0
-1.0
-1.0
-1.0
-1.0
-1.0
-1.0
-1.0
-1.0
44.1532
-1.0
-1.0
-1.0
-1.0
44.9638
31.8121
21.4074
-1.0
-1.0
15.7848
-1.0
-1.0
28.3103
51.3904
-1.0
-1.0
-1.0
-1.0
-1.0
-1.0
-1.0
51.1124
-1.0
47.2556
36.1313
-1.0
-1.0
-1.0
-1.0
50.2833
-1.0
34.2293
-1.0
-1.0
28.9524
-1.0
-1.0
-1.0
-1.0
-1.0
-1.0
-1.0
-1.0
37.0115
41.8389
-1.0
-1.0
23.4899
32.1719
-1.0
-1.0
-1.0
-1.0
42.2372
-1.0
-1.0
-1.0
-1.0
-1.0
-1.0
-1.0
-1.0
-1.0
-1.0
-1.0
-1.0
-1.0
-1.0
51.0348
-1.0
19.8843
-1.0
-1.0
-1.0
38.9379
-1.0
-1.0
-1.0
-1.0
-1.0
-1.0
42.2111
-1.0
24.1862
-1.0
-1.0
-1.0
44.7037
-1.0
-1.0
46.0618
-1.0
-1.0
50.5048
43.9766
-1.0
-1.0
-1.0
40.8478
-1.0
-1.0
-1.0
-1.0
-1.0
-1.0
-1.0
-1.0
25.1193
-1.0
-1.0
55.7151
-1.0
-1.0
-1.0
28.5652
-1.0
-1.0
-1.0
-1.0
46.9623
-1.0
20.2391
50.4277
-1.0
-1.0
-1.0
-1.0
-1.0
40.2297
41.6575
41.1784
32.8708
-1.0
51.5611
-1.0
-1.0
39.5704
44.668
27.8095
-1.0
-1.0
-1.0
-1.0
33.0583
32.0231
-1.0
-1.0
-1.0
-1.0
-1.0
-1.0
-1.0
-1.0
-1.0
-1.0
-1.0
-1.0
26.7004
32.9596
-1.0
-1.0
-1.0
24.3436
-1.0
39.9399
-1.0
-1.0
-1.0
-1.0
42.8126
-1.0
-1.0
-1.0
50.1066
-1.0
-1.0
-1.0
-1.0
-1.0
-1.0
-1.0
13.4283
-1.0
47.6472
-1.0
-1.0
38.9391
-1.0
21.9637
25.827
-1.0
-1.0
42.7681
-1.0
-1.0
-1.0
-1.0
46.9873
-1.0
-1.0
-1.0
-1.0
-1.0
-1.0
-1.0
-1.0
-1.0
-1.0
-1.0
49.6677
18.3473
-1.0
-1.0
-1.0
-1.0
-1.0
-1.0
-1.0
-1.0
-1.0
35.9662
-1.0
-1.0
-1.0
-1.0
-1.0
46.8373
-1.0
22.3964
-1.0
-1.0
29.4316
-1.0
-1.0
-1.0
-1.0
-1.0
-1.0
-1.0
-1.0
44.6127
-1.0
-1.0
-1.0
-1.0
-1.0
-1.0
-1.0
37.5071
-1.0
31.2992
-1.0
41.5624
-1.0
25.5456
-1.0
-1.0
-1.0
-1.0
-1.0
48.139
-1.0
-1.0
-1.0
-1.0
-1.0
-1.0
-1.0
54.1829
-1.0
-1.0
-1.0
-1.0
-1.0
-1.0
-1.0
-1.0
-1.0
-1.0
-1.0
-1.0
40.1163
34.8086
-1.0
-1.0
33.1637
-1.0
31.5985
34.6171
-1.0
32.0489
-1.0
-1.0
32.6171
-1.0
-1.0
-1.0
-1.0
-1.0
-1.0
-1.0
-1.0
52.1694
41.3316
-1.0
-1.0
-1.0
-1.0
-1.0
-1.0
-1.0
-1.0
-1.0
-1.0
-1.0
-1.0
-1.0
49.0868
-1.0
-1.0
-1.0
37.2588
-1.0
-1.0
24.2486
-1.0
15.3691
-1.0
-1.0
-1.0
-1.0
-1.0
-1.0
-1.0
-1.0
-1.0
-1.0
-1.0
-1.0
-1.0
-1.0
-1.0
50.8188
-1.0
-1.0
-1.0
48.5916
-1.0
16.0765
-1.0
51.4958
-1.0
-1.0
-1.0
26.0641
43.3265
-1.0
-1.0
-1.0
33.243
-1.0
20.6679
-1.0
-1.0
-1.0
-1.0
-1.0
-1.0
-1.0
-1.0
-1.0
-1.0
-1.0
-1.0
-1.0
-1.0
38.4938
-1.0
-1.0
-1.0
28.8507
-1.0
-1.0
50.3287
-1.0
-1.0
-1.0
-1.0
24.1919
-1.0
37.0385
-1.0
-1.0
-1.0
-1.0
-1.0
-1.0
-1.0
-1.0
-1.0
-1.0
15.6317
-1.0
-1.0
-1.0
-1.0
44.97
-1.0
28.1161
-1.0
-1.0
-1.0
-1.0
-1.0
-1.0
34.7582
-1.0
-1.0
-1.0
42.6716
-1.0
-1.0
-1.0
19.7994
-1.0
-1.0
-1.0
-1.0
-1.0
-1.0
33.5242
49.7994
-1.0
42.621
-1.0
-1.0
-1.0
48.9271
36.2897
-1.0
-1.0
-1.0
-1.0
49.3618
46.9726
-1.0
-1.0
-1.0
-1.0
25.348
-1.0
48.3564
-1.0
29.4206
-1.0
-1.0
-1.0
-1.0
47.3264
16.8462
-1.0
-1.0
-1.0
42.6364
-1.0
43.4907
-1.0
-1.0
-1.0
-1.0
-1.0
49.8179
-1.0
-1.0
-1.0
-1.0
-1.0
26.6447
-1.0
36.4006
-1.0
-1.0
22.5741
-1.0
29.4812
-1.0
47.8812
-1.0
18.0162
-1.0
38.5929
-1.0
-1.0
19.5217
-1.0
-1.0
49.6538
48.7383
43.4953
-1.0
-1.0
-1.0
48.5718
40.445
-1.0
-1.0
-1.0
-1.0
-1.0
-1.0
50.6522
-1.0
-1.0
-1.0
-1.0
-1.0
-1.0
-1.0
-1.0
26.5502
-1.0
-1.0
28.8674
-1.0
-1.0
25.4311
-1.0
-1.0
-1.0
-1.0
34.6095
-1.0
21.4154
-1.0
-1.0
-1.0
-1.0
-1.0
48.5931
-1.0
-1.0
-1.0
40.1606
-1.0
-1.0
-1.0
-1.0
21.5881
-1.0
-1.0
-1.0
-1.0
-1.0
-1.0
-1.0
44.5763
44.6633
21.7257
-1.0
-1.0
30.2897
47.4969
-1.0
31.6301
41.1567
-1.0
-1.0
-1.0
-1.0
-1.0
-1.0
32.1536
-1.0
-1.0
-1.0
-1.0
-1.0
-1.0
-1.0
-1.0
31.855
-1.0
-1.0
-1.0
-1.0
-1.0
-1.0
38.389
46.8201
-1.0
46.0257
-1.0
54.7222
32.7396
46.592
26.7873
-1.0
-1.0
24.8223
-1.0
-1.0
40.8299
-1.0
-1.0
-1.0
-1.0
-1.0
34.2828
30.944
-1.0
-1.0
37.2408
-1.0
-1.0
-1.0
-1.0
-1.0
51.238
-1.0
42.3095
-1.0
-1.0
39.6073
20.5414
-1.0
-1.0
-1.0
46.4863
-1.0
-1.0
46.9212
-1.0
7.65095
-1.0
-1.0
45.0365
23.7895
26.569
46.0809
-1.0
-1.0
-1.0
39.3699
-1.0
-1.0
-1.0
-1.0
-1.0
-1.0
27.8535
-1.0
-1.0
-1.0
-1.0
-1.0
-1.0
-1.0
-1.0
-1.0
-1.0
51.2864
-1.0
43.7656
-1.0
35.3198
51.2873
-1.0
-1.0
-1.0
-1.0
-1.0
-1.0
-1.0
-1.0
-1.0
39.1467
-1.0
-1.0
-1.0
-1.0
-1.0
-1.0
-1.0
45.7581
-1.0
25.7301
-1.0
-1.0
-1.0
-1.0
16.0606
-1.0
-1.0
34.8207
-1.0
-1.0
-1.0
-1.0
-1.0
25.231
-1.0
46.8409
-1.0
48.0999
-1.0
-1.0
14.3034
-1.0
-1.0
-1.0
-1.0
-1.0
-1.0
25.6984
-1.0
-1.0
-1.0
-1.0
-1.0
-1.0
-1.0
-1.0
29.8464
42.261
32.3576
-1.0
-1.0
-1.0
50.2128
-1.0
-1.0
47.3595
-1.0
-1.0
-1.0
11.3223
42.8836
37.2911
40.5369
-1.0
-1.0
-1.0
-1.0
30.195
-1.0
-1.0
-1.0
-1.0
-1.0
-1.0
-1.0
-1.0
35.1155
39.3152
-1.0
50.0719
-1.0
-1.0
52.2294
36.0621
-1.0
49.5206
-1.0
-1.0
34.1877
33.8955
-1.0
-1.0
39.6611
-1.0
17.1719
-1.0
-1.0
-1.0
-1.0
-1.0
-1.0
-1.0
-1.0
36.3487
-1.0
-1.0
-1.0
46.2314
-1.0
33.7336
-1.0
-1.0
-1.0
-1.0
40.4363
-1.0
-1.0
-1.0
-1.0
-1.0
44.226
-1.0
27.9816
-1.0
-1.0
-1.0
-1.0
-1.0
-1.0
-1.0
-1.0
-1.0
-1.0
-1.0
12.4898
-1.0
-1.0
-1.0
43.3336
-1.0
47.6418
-1.0
-1.0
-1.0
34.4527
-1.0
-1.0
-1.0
-1.0
-1.0
-1.0
38.6858
-1.0
-1.0
-1.0
-1.0
44.0436
-1.0
-1.0
-1.0
-1.0
-1.0
-1.0
50.2932
-1.0
-1.0
38.1761
-1.0
-1.0
-1.0
-1.0
-1.0
37.7443
24.9383
-1.0
46.1243
-1.0
-1.0
22.6493
-1.0
36.4908
-1.0
-1.0
-1.0
-1.0
-1.0
-1.0
21.9376
24.8684
-1.0
-1.0
-1.0
-1.0
-1.0
-1.0
-1.0
-1.0
-1.0
-1.0
-1.0
-1.0
36.5842
24.2279
-1.0
-1.0
-1.0
-1.0
-1.0
-1.0
-1.0
-1.0
-1.0
24.8206
46.8538
40.4106
-1.0
-1.0
29.6577
-1.0
36.3219
-1.0
-1.0
-1.0
-1.0
-1.0
-1.0
-1.0
-1.0
-1.0
-1.0
39.1459
-1.0
-1.0
-1.0
-1.0
-1.0
-1.0
-1.0
-1.0
-1.0
-1.0
-1.0
23.7721
32.2484
-1.0
-1.0
-1.0
-1.0
-1.0
18.5495
-1.0
35.4697
-1.0
-1.0
49.1807
34.5032
51.5427
-1.0
34.4015
-1.0
-1.0
-1.0
19.2447
-1.0
-1.0
-1.0
22.4807
-1.0
35.579
-1.0
-1.0
-1.0
24.0053
-1.0
30.8195
-1.0
-1.0
-1.0
-1.0
-1.0
-1.0
-1.0
-1.0
51.4715
-1.0
50.2686
-1.0
-1.0
-1.0
-1.0
-1.0
-1.0
-1.0
-1.0
-1.0
28.893
37.0969
-1.0
-1.0
41.7583
49.9074
31.6167
48.6829
-1.0
31.7509
-1.0
-1.0
-1.0
-1.0
43.8499
16.0583
-1.0
-1.0
44.051
-1.0
-1.0
-1.0
-1.0
-1.0
47.9909
-1.0
-1.0
35.4605
-1.0
-1.0
-1.0
36.207
35.6193
-1.0
32.813
-1.0
-1.0
-1.0
50.9282
-1.0
-1.0
-1.0
-1.0
-1.0
-1.0
-1.0
-1.0
-1.0
-1.0
-1.0
36.7514
-1.0
-1.0
-1.0
50.3763
-1.0
-1.0
-1.0
-1.0
-1.0
-1.0
-1.0
-1.0
-1.0
24.0718
-1.0
-1.0
51.711
-1.0
-1.0
32.35
-1.0
44.4753
-1.0
38.5771
-1.0
45.0072
-1.0
-1.0
-1.0
-1.0
-1.0
-1.0
-1.0
50.1225
-1.0
-1.0
-1.0
10.1874
-1.0
-1.0
-1.0
-1.0
-1.0
50.5084
-1.0
-1.0
-1.0
-1.0
-1.0
-1.0
-1.0
-1.0
44.9933
-1.0
-1.0
-1.0
39.2967
-1.0
-1.0
-1.0
-1.0
-1.0
-1.0
-1.0
-1.0
-1.0
-1.0
-1.0
-1.0
-1.0
-1.0
-1.0
-1.0
-1.0
-1.0
-1.0
-1.0
-1.0
-1.0
-1.0
24.0541
-1.0
-1.0
28.0125
-1.0
-1.0
-1.0
17.2835
-1.0
33.7388
-1.0
-1.0
-1.0
-1.0
44.8497
-1.0
17.1014
-1.0
-1.0
-1.0
-1.0
-1.0
-1.0
-1.0
-1.0
-1.0
26.4033
45.1046
-1.0
-1.0
-1.0
-1.0
44.6499
46.2408
39.1848
-1.0
51.6808
-1.0
-1.0
45.3134
-1.0
41.6508
22.0552
-1.0
-1.0
-1.0
-1.0
-1.0
-1.0
36.8408
-1.0
-1.0
-1.0
16.0417
-1.0
-1.0
-1.0
-1.0
-1.0
-1.0
45.4787
-1.0
-1.0
-1.0
-1.0
-1.0
-1.0
-1.0
-1.0
-1.0
-1.0
-1.0
-1.0
42.1002
13.3387
-1.0
16.3481
-1.0
-1.0
36.1422
-1.0
27.9574
-1.0
-1.0
-1.0
-1.0
-1.0
-1.0
-1.0
-1.0
-1.0
-1.0
-1.0
-1.0
-1.0
-1.0
-1.0
-1.0
-1.0
-1.0
-1.0
-1.0
30.5854
-1.0
-1.0
-1.0
-1.0
-1.0
-1.0
-1.0
-1.0
-1.0
-1.0
-1.0
-1.0
-1.0
-1.0
-1.0
-1.0
-1.0
-1.0
35.9283
-1.0
-1.0
-1.0
-1.0
44.9855
-1.0
46.6598
-1.0
-1.0
-1.0
-1.0
39.3286
-1.0
47.9258
51.7195
-1.0
20.8254
32.3346
-1.0
-1.0
42.9119
-1.0
44.1977
-1.0
-1.0
-1.0
-1.0
-1.0
37.1132
-1.0
-1.0
-1.0
-1.0
-1.0
-1.0
-1.0
-1.0
41.4741
-1.0
39.0041
24.5679
-1.0
-1.0
-1.0
-1.0
24.1457
42.343
-1.0
-1.0
-1.0
-1.0
-1.0
-1.0
-1.0
34.5176
-1.0
-1.0
-1.0
38.2433
-1.0
-1.0
-1.0
-1.0
41.943
-1.0
-1.0
-1.0
46.7697
-1.0
-1.0
52.8121
-1.0
-1.0
-1.0
50.0489
-1.0
-1.0
-1.0
-1.0
-1.0
-1.0
-1.0
-1.0
-1.0
13.9225
-1.0
-1.0
-1.0
-1.0
-1.0
-1.0
-1.0
-1.0
47.8169
-1.0
-1.0
-1.0
23.5868
-1.0
-1.0
-1.0
-1.0
-1.0
23.9774
-1.0
50.9089
-1.0
-1.0
54.8011
-1.0
25.7906
-1.0
-1.0
-1.0
28.8206
8.79851
-1.0
-1.0
-1.0
36.2149
-1.0
-1.0
-1.0
-1.0
-1.0
24.3434
-1.0
29.0468
32.3138
35.1055
-1.0
-1.0
49.9392
-1.0
-1.0
-1.0
-1.0
-1.0
-1.0
-1.0
-1.0
44.2771
-1.0
-1.0
-1.0
-1.0
-1.0
-1.0
-1.0
-1.0
-1.0
-1.0
-1.0
-1.0
-1.0
-1.0
-1.0
-1.0
-1.0
-1.0
-1.0
-1.0
-1.0
-1.0
37.9048
25.441
-1.0
-1.0
-1.0
-1.0
24.756
-1.0
37.9137
45.6447
-1.0
-1.0
-1.0
42.5421
44.0917
-1.0
-1.0
40.5309
-1.0
-1.0
-1.0
43.8967
-1.0
-1.0
-1.0
-1.0
-1.0
37.2419
-1.0
-1.0
-1.0
-1.0
-1.0
-1.0
-1.0
16.5936
-1.0
-1.0
25.8735
-1.0
-1.0
-1.0
-1.0
37.1957
-1.0
-1.0
-1.0
49.8931
-1.0
-1.0
52.0181
29.2398
49.2827
19.8268
-1.0
-1.0
-1.0
-1.0
-1.0
-1.0
40.2873
-1.0
-1.0
-1.0
17.2532
-1.0
-1.0
-1.0
29.9113
-1.0
-1.0
-1.0
-1.0
-1.0
17.7336
51.5677
-1.0
-1.0
-1.0
23.491
-1.0
-1.0
-1.0
-1.0
-1.0
-1.0
-1.0
34.4209
-1.0
-1.0
-1.0
-1.0
-1.0
-1.0
-1.0
-1.0
-1.0
-1.0
-1.0
-1.0
45.8587
48.5159
-1.0
-1.0
-1.0
26.2642
-1.0
-1.0
-1.0
-1.0
-1.0
-1.0
37.3353
-1.0
-1.0
-1.0
-1.0
-1.0
-1.0
-1.0
-1.0
-1.0
-1.0
-1.0
-1.0
-1.0
-1.0
-1.0
-1.0
-1.0
-1.0
-1.0
-1.0
-1.0
40.2196
-1.0
-1.0
-1.0
-1.0
-1.0
-1.0
35.0708
-1.0
49.0532
-1.0
-1.0
-1.0
-1.0
43.9036
21.194
-1.0
-1.0
-1.0
-1.0
38.2186
-1.0
-1.0
-1.0
-1.0
-1.0
-1.0
31.2451
-1.0
-1.0
-1.0
-1.0
-1.0
-1.0
-1.0
-1.0
-1.0
-1.0
-1.0
-1.0
-1.0
-1.0
33.1831
-1.0
-1.0
50.5568
-1.0
43.0286
-1.0
-1.0
-1.0
-1.0
-1.0
-1.0
-1.0
-1.0
29.5958
-1.0
-1.0
-1.0
-1.0
-1.0
-1.0
-1.0
43.9215
-1.0
30.1058
-1.0
36.2066
41.6184
-1.0
-1.0
51.8024
27.7648
-1.0
-1.0
-1.0
-1.0
46.7322
-1.0
-1.0
-1.0
-1.0
-1.0
-1.0
-1.0
-1.0
-1.0
-1.0
-1.0
18.1306
-1.0
-1.0
-1.0
-1.0
-1.0
-1.0
-1.0
-1.0
-1.0
-1.0
-1.0
31.1342
40.1735
-1.0
-1.0
-1.0
52.881
-1.0
-1.0
29.9261
-1.0
-1.0
46.3557
-1.0
-1.0
-1.0
-1.0
-1.0
-1.0
49.5918
38.7702
-1.0
-1.0
49.1397
-1.0
51.9486
-1.0
-1.0
-1.0
-1.0
-1.0
41.8454
45.0042
37.7787
-1.0
-1.0
-1.0
-1.0
-1.0
-1.0
-1.0
-1.0
-1.0
-1.0
-1.0
-1.0
-1.0
-1.0
-1.0
-1.0
-1.0
-1.0
-1.0
-1.0
33.1454
-1.0
47.8833
-1.0
46.9321
-1.0
-1.0
-1.0
-1.0
-1.0
46.6883
-1.0
51.2224
-1.0
37.2177
-1.0
14.3454
-1.0
-1.0
-1.0
-1.0
-1.0
-1.0
-1.0
-1.0
-1.0
-1.0
-1.0
20.4829
-1.0
52.0043
27.7809
51.1568
-1.0
-1.0
-1.0
37.4175
39.9545
-1.0
-1.0
-1.0
-1.0
21.12
-1.0
47.9339
51.3523
-1.0
-1.0
-1.0
-1.0
-1.0
-1.0
-1.0
-1.0
-1.0
-1.0
-1.0
-1.0
48.0125
38.3407
-1.0
-1.0
-1.0
-1.0
-1.0
-1.0
50.1388
-1.0
-1.0
-1.0
-1.0
-1.0
35.5158
-1.0
-1.0
-1.0
-1.0
-1.0
-1.0
-1.0
-1.0
-1.0
-1.0
34.5477
-1.0
-1.0
47.9807
-1.0
-1.0
-1.0
35.9991
-1.0
30.3299
-1.0
-1.0
21.3329
-1.0
-1.0
-1.0
-1.0
-1.0
29.4108
24.9763
-1.0
-1.0
-1.0
-1.0
-1.0
-1.0
-1.0
-1.0
15.4276
-1.0
44.1724
-1.0
28.7902
49.4882
32.5077
-1.0
19.6853
51.7532
-1.0
-1.0
39.3618
-1.0
-1.0
-1.0
50.19
-1.0
-1.0
-1.0
28.8498
-1.0
-1.0
-1.0
-1.0
-1.0
-1.0
-1.0
-1.0
32.2216
43.9397
-1.0
-1.0
44.5812
-1.0
-1.0
-1.0
-1.0
-1.0
-1.0
-1.0
-1.0
-1.0
-1.0
-1.0
-1.0
-1.0
41.1318
-1.0
-1.0
-1.0
-1.0
32.5591
-1.0
-1.0
-1.0
34.5629
-1.0
-1.0
-1.0
-1.0
-1.0
-1.0
-1.0
35.7729
-1.0
25.8676
-1.0
21.5628
-1.0
-1.0
-1.0
-1.0
-1.0
41.0334
-1.0
-1.0
-1.0
-1.0
-1.0
-1.0
31.8305
-1.0
41.4996
-1.0
45.382
-1.0
-1.0
-1.0
-1.0
-1.0
43.6425
-1.0
-1.0
-1.0
-1.0
-1.0
-1.0
-1.0
-1.0
-1.0
-1.0
-1.0
35.7944
48.3115
27.7471
-1.0
-1.0
-1.0
-1.0
-1.0
45.4413
-1.0
-1.0
-1.0
30.1521
28.8101
-1.0
27.574
-1.0
31.0096
-1.0
-1.0
-1.0
-1.0
-1.0
-1.0
52.0272
19.5557
-1.0
-1.0
44.3084
-1.0
-1.0
-1.0
44.6117
-1.0
41.6274
-1.0
-1.0
-1.0
-1.0
-1.0
-1.0
-1.0
-1.0
-1.0
36.4073
-1.0
37.4257
-1.0
46.8238
-1.0
28.5826
-1.0
28.7712
34.7027
-1.0
-1.0
-1.0
-1.0
-1.0
-1.0
-1.0
-1.0
-1.0
-1.0
-1.0
-1.0
47.5401
-1.0
-1.0
38.0678
-1.0
46.1335
-1.0
-1.0
-1.0
34.6714
-1.0
-1.0
-1.0
-1.0
-1.0
-1.0
-1.0
-1.0
-1.0
-1.0
34.16
33.3473
-1.0
-1.0
-1.0
-1.0
-1.0
-1.0
-1.0
-1.0
-1.0
-1.0
-1.0
-1.0
-1.0
-1.0
-1.0
-1.0
-1.0
-1.0
-1.0
-1.0
-1.0
-1.0
-1.0
-1.0
-1.0
-1.0
-1.0
43.8719
-1.0
39.3599
-1.0
-1.0
-1.0
-1.0
28.6883
-1.0
-1.0
-1.0
-1.0
-1.0
-1.0
-1.0
-1.0
18.9235
-1.0
-1.0
29.7545
34.084
-1.0
-1.0
-1.0
-1.0
-1.0
-1.0
-1.0
-1.0
-1.0
38.9298
-1.0
-1.0
-1.0
-1.0
-1.0
-1.0
-1.0
-1.0
-1.0
37.2962
-1.0
-1.0
24.8688
-1.0
35.2459
-1.0
-1.0
-1.0
-1.0
-1.0
-1.0
-1.0
-1.0
50.1159
-1.0
-1.0
-1.0
-1.0
-1.0
-1.0
36.8141
-1.0
-1.0
35.1302
-1.0
-1.0
-1.0
-1.0
46.0687
-1.0
-1.0
-1.0
-1.0
-1.0
-1.0
-1.0
38.2641
-1.0
-1.0
-1.0
-1.0
-1.0
47.6964
43.2127
-1.0
-1.0
-1.0
43.3573
-1.0
-1.0
-1.0
-1.0
-1.0
-1.0
-1.0
-1.0
-1.0
22.5556
-1.0
-1.0
39.839
-1.0
47.3282
-1.0
-1.0
-1.0
30.0391
45.0788
-1.0
-1.0
-1.0
-1.0
30.6248
-1.0
-1.0
-1.0
-1.0
-1.0
-1.0
-1.0
43.2336
17.7456
-1.0
-1.0
-1.0
50.868
-1.0
-1.0
40.3478
-1.0
28.5322
31.1906
-1.0
19.5841
-1.0
-1.0
-1.0
43.9919
-1.0
-1.0
-1.0
-1.0
-1.0
-1.0
-1.0
-1.0
40.9012
-1.0
-1.0
36.3555
-1.0
-1.0
-1.0
-1.0
-1.0
-1.0
-1.0
-1.0
-1.0
-1.0
-1.0
-1.0
-1.0
-1.0
-1.0
-1.0
-1.0
-1.0
49.0753
33.2901
-1.0
-1.0
-1.0
-1.0
-1.0
-1.0
-1.0
39.6635
-1.0
-1.0
-1.0
-1.0
-1.0
-1.0
43.0986
-1.0
-1.0
-1.0
25.7392
-1.0
-1.0
-1.0
-1.0
44.5984
-1.0
-1.0
-1.0
-1.0
-1.0
-1.0
37.3671
-1.0
31.9409
-1.0
-1.0
47.177
-1.0
47.7041
-1.0
-1.0
-1.0
44.7933
-1.0
40.3262
-1.0
43.3593
-1.0
-1.0
-1.0
-1.0
-1.0
-1.0
-1.0
-1.0
10.8696
48.4251
-1.0
-1.0
-1.0
15.6274
28.7765
-1.0
-1.0
-1.0
-1.0
27.8407
-1.0
39.2655
-1.0
-1.0
-1.0
-1.0
-1.0
-1.0
-1.0
46.6641
44.7414
-1.0
-1.0
-1.0
-1.0
-1.0
-1.0
-1.0
29.941
-1.0
47.72
-1.0
-1.0
22.5979
-1.0
-1.0
-1.0
-1.0
45.2231
-1.0
-1.0
-1.0
-1.0
-1.0
-1.0
-1.0
-1.0
-1.0
-1.0
-1.0
-1.0
-1.0
-1.0
-1.0
-1.0
31.5313
-1.0
-1.0
-1.0
-1.0
-1.0
-1.0
-1.0
-1.0
30.8043
-1.0
-1.0
-1.0
-1.0
-1.0
15.6506
36.8825
-1.0
-1.0
52.2266
33.9465
-1.0
-1.0
-1.0
-1.0
-1.0
-1.0
-1.0
-1.0
-1.0
-1.0
-1.0
42.4095
-1.0
51.221
-1.0
-1.0
-1.0
34.7869
32.2217
-1.0
-1.0
-1.0
-1.0
-1.0
-1.0
43.3914
37.6898
-1.0
-1.0
-1.0
32.1012
41.3866
26.8652
48.2408
30.541
48.2085
-1.0
11.6479
-1.0
37.043
-1.0
-1.0
-1.0
-1.0
-1.0
30.9183
-1.0
-1.0
-1.0
-1.0
36.0472
47.2573
-1.0
-1.0
-1.0
-1.0
-1.0
-1.0
-1.0
-1.0
-1.0
-1.0
-1.0
-1.0
-1.0
-1.0
48.369
-1.0
-1.0
-1.0
-1.0
-1.0
-1.0
33.2657
-1.0
-1.0
-1.0
-1.0
-1.0
46.0995
-1.0
-1.0
-1.0
26.0405
-1.0
-1.0
50.0622
-1.0
-1.0
-1.0
-1.0
33.5931
-1.0
-1.0
-1.0
42.8127
-1.0
-1.0
-1.0
-1.0
-1.0
-1.0
-1.0
-1.0
-1.0
-1.0
-1.0
-1.0
-1.0
-1.0
-1.0
-1.0
-1.0
-1.0
-1.0
-1.0
-1.0
-1.0
-1.0
-1.0
-1.0
-1.0
-1.0
-1.0
34.0332
-1.0
-1.0
-1.0
-1.0
48.5189
-1.0
-1.0
-1.0
-1.0
40.4872
-1.0
-1.0
-1.0
30.8754
35.8988
36.4822
-1.0
-1.0
-1.0
-1.0
-1.0
-1.0
-1.0
-1.0
-1.0
-1.0
-1.0
-1.0
31.7814
28.6325
-1.0
-1.0
-1.0
-1.0
-1.0
-1.0
-1.0
-1.0
-1.0
-1.0
-1.0
-1.0
-1.0
17.3673
-1.0
35.8789
-1.0
-1.0
20.5084
-1.0
-1.0
44.3572
52.1057
-1.0
-1.0
-1.0
-1.0
-1.0
-1.0
-1.0
-1.0
-1.0
-1.0
38.2845
-1.0
-1.0
-1.0
49.7729
-1.0
-1.0
-1.0
-1.0
-1.0
-1.0
-1.0
40.1059
33.4497
-1.0
-1.0
-1.0
-1.0
50.566
-1.0
-1.0
41.3779
-1.0
-1.0
-1.0
36.184
41.4457
-1.0
-1.0
-1.0
-1.0
-1.0
-1.0
-1.0
-1.0
-1.0
-1.0
34.7709
-1.0
-1.0
-1.0
-1.0
-1.0
-1.0
-1.0
-1.0
-1.0
46.1759
-1.0
-1.0
36.8398
-1.0
-1.0
-1.0
-1.0
-1.0
-1.0
-1.0
-1.0
31.7045
-1.0
-1.0
-1.0
27.6305
29.1049
50.5852
44.2234
-1.0
-1.0
-1.0
43.0477
-1.0
-1.0
-1.0
-1.0
-1.0
-1.0
-1.0
-1.0
-1.0
-1.0
-1.0
-1.0
-1.0
-1.0
-1.0
-1.0
-1.0
47.2741
-1.0
-1.0
-1.0
-1.0
-1.0
-1.0
-1.0
-1.0
41.8344
28.874
-1.0
-1.0
-1.0
-1.0
-1.0
21.4588
-1.0
37.6639
-1.0
-1.0
19.1651
37.1287
8.50632
48.3913
-1.0
-1.0
35.9513
27.8808
-1.0
-1.0
-1.0
-1.0
46.9431
-1.0
-1.0
37.7408
-1.0
-1.0
-1.0
-1.0
-1.0
-1.0
-1.0
18.9732
-1.0
38.9149
-1.0
-1.0
-1.0
-1.0
-1.0
36.095
-1.0
-1.0
-1.0
-1.0
-1.0
-1.0
-1.0
43.9095
-1.0
-1.0
31.8821
32.2183
38.0789
-1.0
29.8409
47.9321
-1.0
-1.0
33.6965
-1.0
-1.0
-1.0
-1.0
44.703
-1.0
-1.0
-1.0
-1.0
-1.0
-1.0
-1.0
-1.0
33.9628
50.937
-1.0
37.577
-1.0
-1.0
37.3812
-1.0
-1.0
-1.0
-1.0
-1.0
-1.0
-1.0
30.2399
42.1345
-1.0
-1.0
-1.0
-1.0
-1.0
-1.0
-1.0
39.7594
-1.0
-1.0
-1.0
-1.0
-1.0
-1.0
47.388
-1.0
-1.0
-1.0
34.4438
-1.0
-1.0
-1.0
-1.0
-1.0
-1.0
51.4786
-1.0
-1.0
-1.0
43.8358
-1.0
-1.0
45.573
-1.0
-1.0
-1.0
-1.0
48.3155
44.5717
-1.0
-1.0
-1.0
-1.0
-1.0
38.9876
50.1308
-1.0
-1.0
41.9393
-1.0
7.961
49.2077
-1.0
-1.0
-1.0
30.945
30.9673
-1.0
16.9497
-1.0
40.4894
-1.0
-1.0
36.9133
-1.0
50.6349
-1.0
-1.0
28.9949
-1.0
-1.0
-1.0
-1.0
-1.0
-1.0
-1.0
-1.0
-1.0
-1.0
-1.0
-1.0
-1.0
39.4099
-1.0
-1.0
48.7459
-1.0
-1.0
-1.0
-1.0
-1.0
-1.0
-1.0
-1.0
-1.0
-1.0
-1.0
-1.0
-1.0
-1.0
-1.0
-1.0
-1.0
-1.0
-1.0
25.7106
-1.0
-1.0
-1.0
-1.0
19.6965
-1.0
-1.0
43.3464
-1.0
-1.0
49.3615
-1.0
-1.0
-1.0
-1.0
49.5782
-1.0
-1.0
31.0924
-1.0
-1.0
-1.0
-1.0
-1.0
-1.0
-1.0
-1.0
-1.0
42.1492
-1.0
-1.0
43.3106
-1.0
-1.0
-1.0
-1.0
-1.0
48.2944
-1.0
29.6341
-1.0
-1.0
14.6808
-1.0
-1.0
-1.0
-1.0
-1.0
39.1657
-1.0
-1.0
-1.0
-1.0
-1.0
-1.0
-1.0
-1.0
-1.0
-1.0
42.0391
-1.0
-1.0
49.2229
-1.0
48.1843
46.1833
44.832
-1.0
32.8325
-1.0
-1.0
45.3826
44.961
-1.0
-1.0
-1.0
-1.0
-1.0
-1.0
-1.0
-1.0
-1.0
-1.0
40.8515
40.8621
-1.0
-1.0
-1.0
-1.0
46.4515
40.2579
-1.0
-1.0
-1.0
-1.0
-1.0
-1.0
-1.0
-1.0
27.4608
-1.0
-1.0
-1.0
-1.0
-1.0
-1.0
-1.0
-1.0
33.1801
-1.0
51.714
-1.0
50.4367
-1.0
33.1178
-1.0
-1.0
-1.0
-1.0
-1.0
-1.0
-1.0
-1.0
-1.0
-1.0
40.5527
-1.0
41.1329
-1.0
-1.0
-1.0
-1.0
-1.0
-1.0
-1.0
45.3682
-1.0
-1.0
-1.0
41.025
43.1295
-1.0
-1.0
36.0125
-1.0
-1.0
23.2447
-1.0
49.7562
-1.0
-1.0
16.2243
47.9137
35.8329
-1.0
-1.0
-1.0
-1.0
-1.0
-1.0
-1.0
22.3618
46.9944
-1.0
47.928
-1.0
-1.0
-1.0
-1.0
43.581
-1.0
-1.0
-1.0
-1.0
43.9449
-1.0
-1.0
-1.0
-1.0
-1.0
-1.0
52.7824
-1.0
-1.0
-1.0
-1.0
-1.0
-1.0
-1.0
46.0808
-1.0
44.958
-1.0
-1.0
-1.0
15.4149
-1.0
-1.0
-1.0
-1.0
-1.0
-1.0
-1.0
-1.0
-1.0
-1.0
-1.0
-1.0
-1.0
25.6151
-1.0
-1.0
31.9727
27.6976
-1.0
46.5688
-1.0
40.5252
-1.0
-1.0
-1.0
20.8104
-1.0
-1.0
-1.0
-1.0
-1.0
-1.0
-1.0
-1.0
29.7261
-1.0
35.8545
44.2963
-1.0
-1.0
-1.0
44.5781
-1.0
-1.0
-1.0
-1.0
-1.0
-1.0
-1.0
45.4627
-1.0
45.2766
-1.0
42.623
-1.0
-1.0
-1.0
-1.0
-1.0
-1.0
-1.0
-1.0
-1.0
-1.0
47.7285
115.703
42.9006
26.9582
23.2656
-1.0
-1.0
-1.0
-1.0
35.3639
-1.0
-1.0
36.3354
45.9154
34.4652
-1.0
-1.0
-1.0
27.8533
27.5303
-1.0
-1.0
-1.0
31.4862
-1.0
-1.0
-1.0
51.2259
-1.0
-1.0
-1.0
-1.0
-1.0
40.3225
-1.0
53.5756
-1.0
-1.0
-1.0
50.4013
-1.0
-1.0
-1.0
-1.0
43.6223
32.0076
-1.0
-1.0
-1.0
-1.0
-1.0
-1.0
-1.0
-1.0
-1.0
-1.0
-1.0
-1.0
-1.0
-1.0
40.3135
25.0803
-1.0
-1.0
-1.0
-1.0
-1.0
-1.0
-1.0
-1.0
-1.0
-1.0
51.1859
-1.0
31.4278
47.9691
43.3666
-1.0
-1.0
-1.0
-1.0
-1.0
-1.0
-1.0
43.1916
-1.0
-1.0
-1.0
-1.0
-1.0
-1.0
-1.0
36.9753
-1.0
-1.0
-1.0
-1.0
-1.0
-1.0
46.0438
-1.0
-1.0
-1.0
-1.0
-1.0
-1.0
46.2005
-1.0
-1.0
-1.0
47.7854
-1.0
-1.0
-1.0
-1.0
46.5537
42.1606
-1.0
-1.0
31.7125
-1.0
-1.0
-1.0
-1.0
-1.0
-1.0
48.3777
43.9674
-1.0
50.4321
-1.0
-1.0
-1.0
-1.0
-1.0
-1.0
-1.0
-1.0
-1.0
-1.0
-1.0
-1.0
52.2191
29.8381
-1.0
24.1145
-1.0
-1.0
37.2101
-1.0
-1.0
-1.0
-1.0
-1.0
33.2288
-1.0
-1.0
-1.0
-1.0
-1.0
-1.0
45.776
-1.0
-1.0
-1.0
44.4868
-1.0
-1.0
-1.0
39.6679
-1.0
-1.0
43.5823
22.8725
-1.0
-1.0
-1.0
-1.0
-1.0
-1.0
-1.0
-1.0
-1.0
-1.0
33.7915
-1.0
-1.0
-1.0
-1.0
28.8818
-1.0
-1.0
-1.0
-1.0
19.6007
36.4811
25.87
-1.0
-1.0
51.4505
-1.0
-1.0
-1.0
50.9407
40.5559
-1.0
-1.0
-1.0
-1.0
-1.0
-1.0
-1.0
-1.0
-1.0
-1.0
-1.0
-1.0
-1.0
-1.0
39.8406
-1.0
39.9103
26.4902
-1.0
-1.0
-1.0
-1.0
41.9529
-1.0
-1.0
-1.0
-1.0
-1.0
-1.0
-1.0
50.1431
-1.0
-1.0
-1.0
-1.0
-1.0
36.046
-1.0
44.0665
-1.0
-1.0
-1.0
31.7759
-1.0
43.3084
27.6983
-1.0
-1.0
-1.0
-1.0
-1.0
-1.0
-1.0
34.0968
-1.0
41.1199
-1.0
-1.0
45.34
-1.0
20.7982
-1.0
-1.0
-1.0
-1.0
-1.0
-1.0
-1.0
40.6371
-1.0
32.8871
-1.0
-1.0
31.8492
-1.0
-1.0
-1.0
15.3142
-1.0
-1.0
-1.0
-1.0
-1.0
-1.0
-1.0
-1.0
-1.0
-1.0
-1.0
-1.0
-1.0
46.7443
-1.0
33.3434
-1.0
25.4087
-1.0
19.5035
-1.0
-1.0
-1.0
-1.0
-1.0
-1.0
-1.0
-1.0
-1.0
-1.0
-1.0
-1.0
19.7399
-1.0
47.0616
-1.0
-1.0
-1.0
-1.0
-1.0
-1.0
6.50731
-1.0
-1.0
47.5707
-1.0
-1.0
-1.0
-1.0
26.493
-1.0
-1.0
-1.0
-1.0
-1.0
-1.0
22.273
37.8086
-1.0
-1.0
-1.0
-1.0
-1.0
-1.0
-1.0
-1.0
-1.0
44.2469
-1.0
-1.0
-1.0
-1.0
-1.0
-1.0
-1.0
-1.0
49.7471
-1.0
-1.0
-1.0
-1.0
-1.0
-1.0
-1.0
-1.0
-1.0
-1.0
-1.0
-1.0
-1.0
34.3758
-1.0
-1.0
-1.0
-1.0
-1.0
45.8578
-1.0
-1.0
-1.0
-1.0
20.0913
-1.0
36.773
-1.0
22.7281
-1.0
40.0268
42.1445
46.7778
-1.0
-1.0
-1.0
-1.0
-1.0
-1.0
-1.0
-1.0
-1.0
23.1281
-1.0
-1.0
-1.0
26.3057
-1.0
-1.0
29.9436
-1.0
-1.0
-1.0
-1.0
-1.0
-1.0
-1.0
-1.0
49.5258
-1.0
-1.0
-1.0
-1.0
24.5343
-1.0
-1.0
49.427
-1.0
-1.0
-1.0
-1.0
-1.0
-1.0
45.6614
-1.0
-1.0
-1.0
-1.0
31.9111
-1.0
-1.0
-1.0
10.659
40.7814
30.5972
-1.0
-1.0
48.3634
-1.0
-1.0
-1.0
-1.0
40.0117
51.4291
-1.0
-1.0
38.9134
-1.0
40.6158
-1.0
23.6124
-1.0
-1.0
-1.0
23.2144
-1.0
28.5436
-1.0
-1.0
16.8024
-1.0
21.5697
-1.0
-1.0
-1.0
-1.0
39.2263
-1.0
-1.0
-1.0
-1.0
-1.0
-1.0
-1.0
-1.0
-1.0
-1.0
22.902
-1.0
36.9788
-1.0
-1.0
-1.0
34.5949
45.9955
51.3327
-1.0
-1.0
30.9351
39.5506
-1.0
-1.0
-1.0
-1.0
33.36
-1.0
-1.0
22.7122
-1.0
-1.0
-1.0
-1.0
-1.0
49.0583
40.2095
9.51249
-1.0
45.4506
50.0875
-1.0
-1.0
-1.0
38.6736
-1.0
-1.0
-1.0
-1.0
-1.0
-1.0
-1.0
24.4329
-1.0
-1.0
-1.0
-1.0
14.9941
-1.0
-1.0
50.3833
-1.0
-1.0
-1.0
-1.0
46.3923
-1.0
-1.0
50.9744
-1.0
-1.0
33.7325
-1.0
-1.0
-1.0
-1.0
47.782
-1.0
-1.0
-1.0
43.4159
-1.0
-1.0
-1.0
-1.0
-1.0
47.3493
-1.0
-1.0
-1.0
-1.0
-1.0
-1.0
-1.0
-1.0
-1.0
-1.0
-1.0
-1.0
-1.0
-1.0
-1.0
-1.0
-1.0
-1.0
26.8546
48.6599
-1.0
-1.0
41.8766
-1.0
-1.0
-1.0
-1.0
-1.0
-1.0
-1.0
-1.0
-1.0
-1.0
-1.0
-1.0
38.8614
-1.0
-1.0
-1.0
-1.0
-1.0
38.8473
-1.0
-1.0
-1.0
22.4987
-1.0
-1.0
-1.0
35.893
11.8245
-1.0
-1.0
-1.0
-1.0
-1.0
-1.0
48.6603
-1.0
26.1125
-1.0
-1.0
-1.0
34.716
-1.0
32.211
-1.0
-1.0
-1.0
-1.0
51.8839
-1.0
-1.0
-1.0
-1.0
-1.0
-1.0
-1.0
-1.0
-1.0
-1.0
-1.0
51.7589
-1.0
32.8295
-1.0
-1.0
-1.0
-1.0
-1.0
-1.0
-1.0
-1.0
-1.0
33.557
-1.0
-1.0
-1.0
-1.0
-1.0
-1.0
-1.0
-1.0
-1.0
-1.0
27.6137
-1.0
25.296
-1.0
-1.0
-1.0
-1.0
-1.0
-1.0
-1.0
-1.0
-1.0
-1.0
-1.0
47.1859
-1.0
-1.0
-1.0
-1.0
-1.0
-1.0
-1.0
-1.0
-1.0
-1.0
-1.0
-1.0
-1.0
-1.0
-1.0
-1.0
-1.0
-1.0
44.4204
-1.0
24.4594
-1.0
-1.0
-1.0
-1.0
-1.0
-1.0
-1.0
-1.0
-1.0
-1.0
51.7365
-1.0
-1.0
-1.0
-1.0
-1.0
27.3179
40.357
-1.0
51.6737
-1.0
-1.0
47.6715
19.7722
-1.0
-1.0
-1.0
-1.0
-1.0
-1.0
48.9068
-1.0
-1.0
-1.0
-1.0
-1.0
-1.0
36.4744
-1.0
-1.0
-1.0
-1.0
-1.0
47.2807
47.073
51.3157
-1.0
-1.0
-1.0
39.2801
30.3384
-1.0
-1.0
29.8891
-1.0
-1.0
33.4692
-1.0
-1.0
-1.0
-1.0
-1.0
-1.0
33.4229
43.1091
-1.0
-1.0
-1.0
-1.0
-1.0
31.8253
-1.0
-1.0
-1.0
-1.0
-1.0
-1.0
-1.0
-1.0
-1.0
-1.0
-1.0
-1.0
-1.0
28.2809
24.1798
-1.0
29.601
-1.0
44.1455
-1.0
45.6928
-1.0
-1.0
47.6308
-1.0
27.6217
-1.0
-1.0
-1.0
44.9676
-1.0
-1.0
-1.0
-1.0
-1.0
-1.0
39.7099
-1.0
-1.0
-1.0
33.475
29.7786
-1.0
-1.0
-1.0
-1.0
-1.0
-1.0
51.4373
-1.0
-1.0
-1.0
-1.0
-1.0
-1.0
-1.0
-1.0
47.9004
-1.0
-1.0
-1.0
-1.0
21.7065
-1.0
-1.0
-1.0
44.995
37.2195
41.9879
-1.0
28.3665
-1.0
-1.0
-1.0
-1.0
22.6786
-1.0
-1.0
-1.0
-1.0
-1.0
-1.0
-1.0
24.5026
-1.0
-1.0
-1.0
-1.0
8.91967
-1.0
-1.0
-1.0
-1.0
-1.0
50.2095
-1.0
-1.0
-1.0
-1.0
-1.0
-1.0
-1.0
51.1729
-1.0
-1.0
-1.0
-1.0
-1.0
-1.0
-1.0
42.2704
-1.0
-1.0
-1.0
-1.0
-1.0
-1.0
-1.0
-1.0
29.5545
25.8429
-1.0
-1.0
-1.0
-1.0
-1.0
27.1911
-1.0
-1.0
-1.0
-1.0
34.3881
-1.0
-1.0
-1.0
-1.0
23.2468
-1.0
-1.0
-1.0
-1.0
-1.0
-1.0
-1.0
-1.0
-1.0
48.4775
-1.0
-1.0
50.7357
37.3773
-1.0
44.349
-1.0
-1.0
-1.0
26.1296
-1.0
-1.0
-1.0
36.0594
-1.0
34.1251
43.2739
-1.0
-1.0
-1.0
-1.0
-1.0
-1.0
-1.0
-1.0
29.8845
-1.0
-1.0
44.197
-1.0
-1.0
-1.0
39.8
-1.0
-1.0
-1.0
-1.0
-1.0
-1.0
-1.0
37.4359
-1.0
-1.0
-1.0
-1.0
-1.0
-1.0
-1.0
36.2274
-1.0
-1.0
-1.0
43.998
-1.0
-1.0
-1.0
-1.0
-1.0
-1.0
-1.0
29.9654
43.5916
46.8802
-1.0
42.7124
-1.0
-1.0
22.543
43.1538
-1.0
-1.0
-1.0
-1.0
-1.0
-1.0
-1.0
-1.0
-1.0
-1.0
-1.0
-1.0
-1.0
-1.0
-1.0
37.8272
-1.0
38.323
42.2997
-1.0
-1.0
-1.0
30.3412
43.3732
39.0664
-1.0
-1.0
-1.0
30.9155
23.9205
39.6464
-1.0
-1.0
-1.0
-1.0
-1.0
27.4008
-1.0
-1.0
-1.0
-1.0
-1.0
-1.0
-1.0
-1.0
39.7499
-1.0
-1.0
-1.0
-1.0
41.7432
-1.0
40.9002
-1.0
-1.0
-1.0
-1.0
-1.0
-1.0
-1.0
-1.0
-1.0
-1.0
41.5846
-1.0
-1.0
-1.0
-1.0
-1.0
-1.0
-1.0
32.1718
-1.0
-1.0
-1.0
-1.0
-1.0
-1.0
51.4966
-1.0
-1.0
-1.0
-1.0
-1.0
38.7053
-1.0
-1.0
-1.0
-1.0
36.5149
-1.0
49.7099
32.0868
-1.0
-1.0
35.5893
42.3597
-1.0
-1.0
-1.0
-1.0
-1.0
-1.0
-1.0
-1.0
-1.0
-1.0
24.4155
-1.0
18.663
38.3803
-1.0
-1.0
-1.0
-1.0
-1.0
-1.0
-1.0
-1.0
-1.0
-1.0
-1.0
-1.0
-1.0
-1.0
46.3329
22.6051
-1.0
-1.0
32.9371
-1.0
51.6506
-1.0
55.5269
-1.0
33.6958
41.1457
-1.0
-1.0
-1.0
-1.0
-1.0
-1.0
-1.0
18.2929
-1.0
-1.0
-1.0
31.0429
44.8655
-1.0
-1.0
-1.0
-1.0
-1.0
-1.0
-1.0
-1.0
-1.0
-1.0
-1.0
29.722
-1.0
-1.0
-1.0
39.8212
-1.0
-1.0
-1.0
42.0185
-1.0
-1.0
48.6002
-1.0
-1.0
-1.0
-1.0
22.2241
-1.0
-1.0
-1.0
38.7403
-1.0
-1.0
-1.0
-1.0
51.5203
-1.0
-1.0
-1.0
-1.0
-1.0
48.2976
-1.0
14.967
-1.0
35.6343
-1.0
-1.0
-1.0
46.0557
-1.0
52.1875
-1.0
-1.0
-1.0
-1.0
45.1836
-1.0
-1.0
-1.0
-1.0
-1.0
50.9209
-1.0
-1.0
36.848
14.7086
47.1445
-1.0
-1.0
-1.0
30.8239
-1.0
-1.0
-1.0
-1.0
-1.0
-1.0
14.0802
-1.0
-1.0
40.0811
-1.0
42.8276
-1.0
-1.0
-1.0
-1.0
-1.0
31.7648
45.1337
-1.0
-1.0
-1.0
-1.0
-1.0
-1.0
-1.0
-1.0
-1.0
32.83
-1.0
-1.0
12.6684
-1.0
-1.0
34.2536
-1.0
-1.0
-1.0
17.1147
-1.0
-1.0
-1.0
51.8541
-1.0
-1.0
-1.0
42.4111
-1.0
-1.0
-1.0
-1.0
-1.0
-1.0
-1.0
-1.0
-1.0
-1.0
-1.0
-1.0
-1.0
33.9356
-1.0
41.4455
-1.0
43.4068
-1.0
-1.0
-1.0
-1.0
-1.0
-1.0
-1.0
-1.0
38.6199
-1.0
47.7877
-1.0
-1.0
-1.0
-1.0
-1.0
51.2734
-1.0
-1.0
-1.0
-1.0
50.4392
-1.0
-1.0
-1.0
41.9692
-1.0
34.2537
-1.0
37.0134
-1.0
-1.0
41.2911
-1.0
29.7327
-1.0
30.4189
-1.0
-1.0
-1.0
39.08
50.1059
-1.0
-1.0
51.8407
34.8993
-1.0
46.3677
26.1449
-1.0
-1.0
-1.0
-1.0
-1.0
-1.0
-1.0
-1.0
-1.0
-1.0
-1.0
-1.0
-1.0
-1.0
-1.0
-1.0
-1.0
51.2726
-1.0
-1.0
-1.0
-1.0
37.4701
28.4546
-1.0
-1.0
-1.0
-1.0
-1.0
-1.0
51.7805
42.8921
-1.0
45.1666
-1.0
-1.0
-1.0
-1.0
-1.0
-1.0
-1.0
-1.0
-1.0
-1.0
-1.0
30.5401
51.9721
-1.0
-1.0
-1.0
-1.0
-1.0
-1.0
30.8335
-1.0
40.1372
-1.0
-1.0
-1.0
-1.0
-1.0
-1.0
-1.0
32.2813
-1.0
29.1275
-1.0
35.1189
-1.0
16.9916
-1.0
33.9988
48.2346
-1.0
21.8528
-1.0
-1.0
38.3763
-1.0
-1.0
-1.0
-1.0
32.3886
-1.0
-1.0
-1.0
6.21842
-1.0
-1.0
-1.0
-1.0
-1.0
-1.0
-1.0
-1.0
-1.0
-1.0
-1.0
-1.0
31.9711
-1.0
-1.0
14.3891
32.6214
-1.0
42.6711
-1.0
-1.0
-1.0
28.5076
34.9805
16.5842
-1.0
-1.0
-1.0
-1.0
27.2884
-1.0
47.9284
-1.0
-1.0
-1.0
-1.0
-1.0
-1.0
-1.0
-1.0
-1.0
45.7369
29.755
24.9512
-1.0
-1.0
-1.0
-1.0
47.1138
-1.0
42.6993
35.4411
-1.0
18.0232
-1.0
-1.0
-1.0
-1.0
-1.0
-1.0
-1.0
-1.0
-1.0
-1.0
-1.0
-1.0
-1.0
-1.0
-1.0
-1.0
-1.0
-1.0
-1.0
48.0586
32.9593
28.2647
-1.0
50.8912
-1.0
-1.0
45.4558
-1.0
51.7127
-1.0
30.5725
-1.0
-1.0
-1.0
-1.0
47.4946
45.2626
-1.0
-1.0
-1.0
-1.0
-1.0
-1.0
-1.0
-1.0
-1.0
-1.0
-1.0
-1.0
-1.0
-1.0
44.0061
-1.0
50.2266
-1.0
-1.0
-1.0
-1.0
26.9922
-1.0
-1.0
-1.0
-1.0
-1.0
-1.0
-1.0
-1.0
-1.0
-1.0
-1.0
-1.0
-1.0
-1.0
46.3367
41.5022
29.1581
-1.0
-1.0
-1.0
-1.0
-1.0
27.0807
-1.0
29.3512
-1.0
-1.0
-1.0
-1.0
43.9445
-1.0
-1.0
-1.0
34.7679
-1.0
-1.0
44.156
-1.0
25.33
23.4943
-1.0
-1.0
-1.0
-1.0
-1.0
-1.0
35.6984
46.8768
-1.0
-1.0
-1.0
-1.0
-1.0
-1.0
-1.0
-1.0
-1.0
-1.0
-1.0
-1.0
-1.0
-1.0
-1.0
47.8774
-1.0
-1.0
-1.0
-1.0
-1.0
-1.0
-1.0
-1.0
-1.0
-1.0
-1.0
43.5784
-1.0
-1.0
-1.0
-1.0
-1.0
-1.0
-1.0
-1.0
-1.0
-1.0
-1.0
-1.0
-1.0
-1.0
-1.0
44.1025
-1.0
-1.0
-1.0
-1.0
26.3268
30.1578
-1.0
-1.0
46.3413
-1.0
-1.0
-1.0
-1.0
32.6051
-1.0
41.1678
-1.0
-1.0
-1.0
-1.0
-1.0
-1.0
-1.0
-1.0
-1.0
-1.0
-1.0
44.4008
-1.0
-1.0
-1.0
-1.0
-1.0
39.0679
-1.0
-1.0
-1.0
-1.0
-1.0
-1.0
-1.0
-1.0
-1.0
-1.0
-1.0
32.7632
-1.0
-1.0
-1.0
-1.0
39.1545
-1.0
21.2512
42.5147
-1.0
44.1675
-1.0
-1.0
-1.0
25.0322
-1.0
37.9345
-1.0
-1.0
49.7556
43.6384
-1.0
29.1018
-1.0
-1.0
-1.0
-1.0
-1.0
51.6843
-1.0
-1.0
43.1132
-1.0
-1.0
-1.0
-1.0
20.8302
-1.0
-1.0
-1.0
-1.0
-1.0
-1.0
-1.0
41.1948
-1.0
-1.0
-1.0
-1.0
41.7016
-1.0
37.957
-1.0
-1.0
-1.0
41.2392
10.3813
-1.0
-1.0
-1.0
-1.0
-1.0
-1.0
-1.0
-1.0
41.3847
-1.0
-1.0
-1.0
33.7671
-1.0
23.2823
-1.0
41.9195
-1.0
-1.0
42.4452
-1.0
-1.0
-1.0
-1.0
-1.0
-1.0
-1.0
-1.0
-1.0
-1.0
-1.0
-1.0
-1.0
-1.0
-1.0
-1.0
36.1743
-1.0
38.9827
-1.0
-1.0
-1.0
-1.0
-1.0
-1.0
-1.0
-1.0
-1.0
-1.0
-1.0
-1.0
46.5994
-1.0
-1.0
-1.0
-1.0
-1.0
-1.0
-1.0
-1.0
-1.0
52.0173
-1.0
32.8119
-1.0
11.4242
44.7349
-1.0
-1.0
-1.0
-1.0
-1.0
6.27605
-1.0
-1.0
-1.0
-1.0
-1.0
-1.0
-1.0
-1.0
-1.0
-1.0
-1.0
-1.0
-1.0
-1.0
-1.0
-1.0
-1.0
32.0624
-1.0
31.9519
-1.0
-1.0
41.2803
-1.0
-1.0
-1.0
-1.0
-1.0
-1.0
-1.0
-1.0
22.9165
-1.0
-1.0
-1.0
-1.0
-1.0
-1.0
25.4627
-1.0
42.1985
-1.0
42.904
-1.0
38.6958
-1.0
-1.0
-1.0
-1.0
48.8019
-1.0
-1.0
-1.0
23.0968
-1.0
-1.0
44.6373
-1.0
-1.0
-1.0
-1.0
-1.0
-1.0
-1.0
-1.0
45.6896
-1.0
-1.0
29.9538
-1.0
50.6384
38.5484
31.7639
-1.0
-1.0
-1.0
-1.0
45.5358
34.8207
29.4023
-1.0
-1.0
-1.0
-1.0
-1.0
-1.0
-1.0
30.0612
-1.0
-1.0
-1.0
-1.0
-1.0
-1.0
37.0088
40.8386
-1.0
35.1376
-1.0
-1.0
-1.0
-1.0
-1.0
17.6192
-1.0
-1.0
-1.0
-1.0
-1.0
-1.0
-1.0
24.0436
-1.0
-1.0
-1.0
50.7832
43.7595
38.9301
-1.0
-1.0
38.6895
34.0773
33.1855
-1.0
46.3258
-1.0
-1.0
-1.0
39.4682
44.2632
-1.0
-1.0
-1.0
-1.0
-1.0
-1.0
-1.0
-1.0
19.1165
-1.0
-1.0
9.96715
-1.0
-1.0
-1.0
20.4686
42.2456
48.5793
-1.0
-1.0
-1.0
-1.0
-1.0
36.2789
-1.0
29.6717
-1.0
-1.0
21.5652
-1.0
-1.0
-1.0
-1.0
-1.0
26.9506
-1.0
-1.0
44.3216
-1.0
-1.0
20.8963
39.5449
17.7453
-1.0
-1.0
-1.0
-1.0
13.8362
-1.0
-1.0
-1.0
-1.0
-1.0
-1.0
-1.0
-1.0
-1.0
-1.0
41.3924
-1.0
-1.0
-1.0
12.7898
32.3416
-1.0
-1.0
-1.0
-1.0
-1.0
-1.0
-1.0
43.2713
-1.0
-1.0
39.5589
-1.0
-1.0
-1.0
-1.0
-1.0
-1.0
-1.0
-1.0
15.2384
35.5097
35.5464
-1.0
44.7997
-1.0
43.3778
-1.0
32.5066
34.5957
-1.0
-1.0
-1.0
44.0566
-1.0
-1.0
-1.0
-1.0
-1.0
-1.0
-1.0
-1.0
-1.0
25.1289
-1.0
-1.0
-1.0
21.9637
-1.0
-1.0
-1.0
-1.0
42.856
-1.0
-1.0
-1.0
-1.0
38.0806
-1.0
-1.0
-1.0
16.8654
40.0122
-1.0
-1.0
-1.0
-1.0
-1.0
-1.0
50.4777
-1.0
40.2764
-1.0
-1.0
-1.0
-1.0
-1.0
-1.0
-1.0
34.6442
-1.0
-1.0
-1.0
-1.0
-1.0
-1.0
-1.0
-1.0
24.8144
-1.0
-1.0
-1.0
-1.0
-1.0
9.50119
40.4607
49.9776
-1.0
34.3112
-1.0
-1.0
-1.0
-1.0
-1.0
-1.0
-1.0
-1.0
46.4055
44.5074
-1.0
-1.0
-1.0
46.2828
-1.0
-1.0
-1.0
-1.0
48.0284
-1.0
30.254
-1.0
-1.0
-1.0
-1.0
-1.0
-1.0
-1.0
-1.0
-1.0
-1.0
-1.0
-1.0
-1.0
-1.0
-1.0
-1.0
40.1979
-1.0
-1.0
-1.0
-1.0
-1.0
-1.0
-1.0
-1.0
-1.0
24.9935
-1.0
36.4208
-1.0
-1.0
-1.0
-1.0
19.2126
24.2558
-1.0
-1.0
-1.0
-1.0
-1.0
-1.0
-1.0
29.9796
-1.0
15.1721
37.5993
31.885
-1.0
-1.0
-1.0
45.7191
-1.0
-1.0
-1.0
-1.0
-1.0
-1.0
52.0143
-1.0
-1.0
-1.0
-1.0
-1.0
-1.0
-1.0
-1.0
51.4329
-1.0
25.6503
-1.0
39.7413
-1.0
-1.0
-1.0
-1.0
-1.0
18.41
24.323
-1.0
49.0749
37.6263
49.7321
-1.0
46.3514
20.3853
-1.0
-1.0
-1.0
-1.0
-1.0
-1.0
-1.0
31.1397
-1.0
-1.0
-1.0
-1.0
46.4962
-1.0
-1.0
-1.0
-1.0
-1.0
-1.0
-1.0
-1.0
-1.0
46.992
-1.0
-1.0
-1.0
-1.0
22.887
-1.0
25.3501
-1.0
-1.0
-1.0
-1.0
-1.0
-1.0
43.393
51.3776
-1.0
-1.0
-1.0
-1.0
-1.0
51.4294
41.6457
-1.0
-1.0
46.386
-1.0
-1.0
-1.0
-1.0
-1.0
-1.0
-1.0
-1.0
-1.0
-1.0
-1.0
33.4691
48.9185
-1.0
13.8221
-1.0
49.3047
-1.0
-1.0
-1.0
-1.0
-1.0
-1.0
-1.0
-1.0
-1.0
-1.0
39.8273
-1.0
-1.0
-1.0
-1.0
-1.0
-1.0
-1.0
-1.0
-1.0
-1.0
-1.0
-1.0
-1.0
-1.0
-1.0
-1.0
-1.0
-1.0
-1.0
34.4183
-1.0
-1.0
-1.0
-1.0
-1.0
-1.0
-1.0
-1.0
-1.0
-1.0
50.8991
-1.0
-1.0
-1.0
-1.0
50.4443
-1.0
-1.0
8.01279
-1.0
-1.0
-1.0
-1.0
-1.0
-1.0
-1.0
-1.0
34.5521
2.705
-1.0
34.3224
-1.0
-1.0
-1.0
34.5162
-1.0
-1.0
47.8364
-1.0
-1.0
-1.0
-1.0
47.5256
48.0639
-1.0
-1.0
-1.0
-1.0
50.6942
-1.0
-1.0
-1.0
-1.0
38.8975
47.3433
-1.0
-1.0
39.1353
-1.0
42.7996
37.714
-1.0
-1.0
-1.0
-1.0
-1.0
-1.0
-1.0
-1.0
-1.0
50.7702
-1.0
-1.0
-1.0
47.9176
-1.0
-1.0
-1.0
-1.0
29.8785
35.018
40.8129
45.7643
-1.0
-1.0
-1.0
-1.0
-1.0
-1.0
-1.0
-1.0
-1.0
-1.0
-1.0
-1.0
-1.0
13.7055
22.589
32.6902
-1.0
-1.0
-1.0
-1.0
-1.0
-1.0
-1.0
-1.0
-1.0
-1.0
-1.0
-1.0
-1.0
-1.0
-1.0
-1.0
-1.0
-1.0
-1.0
27.6022
47.528
44.6953
21.8778
-1.0
-1.0
-1.0
-1.0
-1.0
-1.0
-1.0
50.7197
40.791
-1.0
-1.0
-1.0
-1.0
-1.0
33.5363
-1.0
-1.0
-1.0
-1.0
35.6284
-1.0
-1.0
-1.0
-1.0
-1.0
-1.0
-1.0
17.3075
-1.0
44.0025
34.362
-1.0
-1.0
-1.0
46.6055
-1.0
-1.0
-1.0
-1.0
-1.0
-1.0
-1.0
41.0811
39.1483
209.514
-1.0
-1.0
41.8135
37.3464
-1.0
48.0614
-1.0
20.6005
-1.0
-1.0
-1.0
-1.0
-1.0
-1.0
11.6905
-1.0
-1.0
-1.0
-1.0
-1.0
-1.0
-1.0
-1.0
-1.0
40.0723
50.69
-1.0
35.0454
-1.0
-1.0
-1.0
-1.0
-1.0
-1.0
-1.0
-1.0
-1.0
30.0818
-1.0
-1.0
-1.0
-1.0
-1.0
-1.0
-1.0
-1.0
-1.0
-1.0
-1.0
-1.0
-1.0
-1.0
-1.0
-1.0
-1.0
32.572
-1.0
-1.0
-1.0
47.4028
51.0689
28.5832
46.2263
-1.0
-1.0
-1.0
-1.0
-1.0
-1.0
-1.0
31.9107
-1.0
-1.0
-1.0
-1.0
-1.0
-1.0
-1.0
-1.0
-1.0
43.5402
-1.0
-1.0
-1.0
42.1196
-1.0
-1.0
-1.0
-1.0
-1.0
50.5387
-1.0
-1.0
31.2883
16.5217
-1.0
49.9051
-1.0
-1.0
47.7336
-1.0
-1.0
-1.0
-1.0
-1.0
-1.0
-1.0
-1.0
-1.0
16.4298
-1.0
41.0268
-1.0
38.6764
-1.0
-1.0
-1.0
-1.0
-1.0
30.7273
-1.0
47.1094
-1.0
-1.0
-1.0
-1.0
40.5273
-1.0
-1.0
-1.0
32.8708
-1.0
-1.0
25.4942
-1.0
-1.0
24.4578
-1.0
39.6756
-1.0
-1.0
-1.0
-1.0
-1.0
51.1474
-1.0
-1.0
-1.0
-1.0
-1.0
-1.0
-1.0
-1.0
-1.0
-1.0
-1.0
-1.0
-1.0
-1.0
-1.0
-1.0
21.5576
-1.0
9.24687
-1.0
-1.0
-1.0
-1.0
-1.0
-1.0
-1.0
19.1381
49.9187
-1.0
-1.0
-1.0
-1.0
-1.0
-1.0
-1.0
-1.0
-1.0
-1.0
-1.0
-1.0
-1.0
-1.0
-1.0
-1.0
29.2471
47.1254
-1.0
-1.0
-1.0
-1.0
-1.0
-1.0
-1.0
-1.0
-1.0
-1.0
-1.0
-1.0
-1.0
-1.0
41.7876
41.8646
-1.0
-1.0
34.9005
-1.0
-1.0
-1.0
-1.0
-1.0
-1.0
-1.0
28.4801
-1.0
-1.0
41.0939
-1.0
23.9218
-1.0
-1.0
-1.0
-1.0
-1.0
-1.0
-1.0
-1.0
20.8337
-1.0
20.4053
-1.0
-1.0
-1.0
-1.0
-1.0
32.1898
-1.0
41.9262
49.3307
-1.0
36.7118
-1.0
26.1833
19.8519
39.9117
-1.0
-1.0
42.7098
29.0063
-1.0
-1.0
-1.0
-1.0
-1.0
-1.0
-1.0
-1.0
-1.0
-1.0
-1.0
-1.0
-1.0
46.9552
-1.0
-1.0
-1.0
41.4744
-1.0
-1.0
-1.0
-1.0
19.7774
-1.0
28.8798
-1.0
35.3159
-1.0
-1.0
-1.0
-1.0
-1.0
-1.0
-1.0
42.6521
-1.0
37.9948
-1.0
-1.0
22.342
-1.0
48.4239
-1.0
-1.0
-1.0
29.985
43.9264
-1.0
29.2125
-1.0
-1.0
-1.0
-1.0
-1.0
-1.0
-1.0
-1.0
-1.0
-1.0
-1.0
-1.0
-1.0
-1.0
-1.0
-1.0
19.2988
-1.0
18.2294
-1.0
-1.0
-1.0
-1.0
-1.0
-1.0
47.0601
-1.0
-1.0
-1.0
-1.0
-1.0
-1.0
-1.0
-1.0
-1.0
-1.0
-1.0
21.5176
-1.0
-1.0
-1.0
28.4942
43.3635
41.1238
37.4428
32.6937
-1.0
-1.0
-1.0
-1.0
-1.0
-1.0
-1.0
-1.0
-1.0
-1.0
-1.0
-1.0
-1.0
-1.0
-1.0
-1.0
-1.0
-1.0
-1.0
41.7279
-1.0
-1.0
-1.0
-1.0
44.3397
40.6983
-1.0
44.0149
-1.0
-1.0
-1.0
-1.0
-1.0
-1.0
-1.0
-1.0
45.8804
-1.0
-1.0
-1.0
-1.0
42.6082
-1.0
33.3649
-1.0
41.0316
50.5923
44.5297
48.2702
-1.0
-1.0
-1.0
43.5259
44.1797
-1.0
-1.0
-1.0
45.0286
-1.0
-1.0
-1.0
-1.0
-1.0
29.7387
-1.0
-1.0
-1.0
-1.0
-1.0
-1.0
-1.0
-1.0
44.0736
-1.0
-1.0
-1.0
-1.0
-1.0
33.7704
-1.0
25.2701
-1.0
-1.0
23.839
-1.0
-1.0
-1.0
28.5577
-1.0
33.1577
38.4626
41.2691
50.5258
-1.0
-1.0
-1.0
-1.0
-1.0
-1.0
43.3194
28.4942
-1.0
22.0443
-1.0
10.7527
-1.0
45.4446
-1.0
-1.0
44.6517
-1.0
-1.0
-1.0
44.1203
-1.0
-1.0
-1.0
-1.0
5.27656
-1.0
-1.0
-1.0
-1.0
-1.0
-1.0
-1.0
-1.0
-1.0
24.3947
-1.0
38.9144
46.0448
8.78706
50.8021
-1.0
-1.0
-1.0
-1.0
-1.0
-1.0
-1.0
-1.0
-1.0
-1.0
-1.0
-1.0
-1.0
-1.0
-1.0
-1.0
-1.0
-1.0
-1.0
-1.0
-1.0
-1.0
-1.0
-1.0
32.5741
-1.0
-1.0
50.6151
-1.0
-1.0
-1.0
-1.0
-1.0
33.8535
-1.0
-1.0
46.3602
14.2327
-1.0
43.5342
-1.0
-1.0
-1.0
36.9203
44.2256
-1.0
-1.0
-1.0
-1.0
-1.0
-1.0
34.9565
-1.0
-1.0
-1.0
-1.0
-1.0
-1.0
48.0258
-1.0
43.4559
-1.0
-1.0
-1.0
47.1678
-1.0
-1.0
42.6092
-1.0
-1.0
-1.0
-1.0
-1.0
46.9799
-1.0
-1.0
-1.0
-1.0
-1.0
-1.0
-1.0
46.653
10.1839
-1.0
-1.0
39.7329
-1.0
-1.0
43.3301
-1.0
-1.0
-1.0
35.2143
-1.0
-1.0
49.9477
49.442
-1.0
-1.0
-1.0
32.5359
-1.0
-1.0
-1.0
43.0209
34.1372
52.2648
25.4446
-1.0
-1.0
-1.0
-1.0
-1.0
-1.0
-1.0
-1.0
-1.0
-1.0
-1.0
25.2089
34.5801
-1.0
49.3514
-1.0
33.6618
-1.0
-1.0
42.0257
40.1735
-1.0
-1.0
-1.0
-1.0
-1.0
-1.0
-1.0
-1.0
-1.0
-1.0
-1.0
50.3087
-1.0
-1.0
-1.0
-1.0
-1.0
-1.0
-1.0
-1.0
-1.0
-1.0
-1.0
-1.0
-1.0
43.7619
-1.0
-1.0
-1.0
-1.0
-1.0
-1.0
-1.0
-1.0
-1.0
-1.0
-1.0
-1.0
-1.0
-1.0
-1.0
31.7907
-1.0
40.7872
-1.0
49.6591
50.5689
-1.0
-1.0
-1.0
43.4901
-1.0
-1.0
37.1952
-1.0
-1.0
22.6504
-1.0
-1.0
-1.0
19.9999
-1.0
-1.0
-1.0
51.5187
43.8138
-1.0
-1.0
-1.0
30.0708
51.9265
-1.0
-1.0
49.2632
-1.0
-1.0
-1.0
-1.0
-1.0
-1.0
-1.0
-1.0
-1.0
-1.0
-1.0
-1.0
-1.0
-1.0
-1.0
-1.0
-1.0
-1.0
-1.0
-1.0
45.3185
-1.0
-1.0
-1.0
51.0604
-1.0
42.9978
33.4641
-1.0
25.2279
-1.0
-1.0
-1.0
-1.0
39.545
-1.0
-1.0
-1.0
16.8272
41.6393
-1.0
44.9936
-1.0
-1.0
-1.0
-1.0
-1.0
-1.0
-1.0
-1.0
-1.0
-1.0
-1.0
29.0504
36.9401
-1.0
-1.0
-1.0
46.6463
-1.0
-1.0
-1.0
35.3885
-1.0
-1.0
42.62
-1.0
-1.0
-1.0
22.7246
34.929
-1.0
-1.0
-1.0
44.3692
52.1534
-1.0
38.1057
-1.0
-1.0
32.2941
-1.0
-1.0
21.3583
-1.0
-1.0
-1.0
-1.0
28.4386
-1.0
43.7633
-1.0
-1.0
19.1013
-1.0
-1.0
-1.0
-1.0
-1.0
-1.0
-1.0
-1.0
-1.0
-1.0
16.1617
-1.0
-1.0
44.1979
-1.0
-1.0
-1.0
-1.0
-1.0
-1.0
22.1355
-1.0
-1.0
-1.0
37.6297
-1.0
-1.0
-1.0
43.4646
-1.0
26.7857
-1.0
-1.0
-1.0
-1.0
-1.0
-1.0
-1.0
-1.0
46.7705
-1.0
-1.0
-1.0
51.6383
-1.0
-1.0
5.59077
-1.0
-1.0
-1.0
-1.0
-1.0
-1.0
-1.0
-1.0
-1.0
-1.0
38.9768
34.325
-1.0
-1.0
-1.0
-1.0
48.4243
-1.0
-1.0
43.6367
-1.0
-1.0
-1.0
-1.0
-1.0
-1.0
43.7779
-1.0
-1.0
-1.0
-1.0
-1.0
-1.0
-1.0
-1.0
-1.0
-1.0
-1.0
24.3083
25.8929
-1.0
-1.0
-1.0
-1.0
-1.0
-1.0
-1.0
30.4273
-1.0
-1.0
-1.0
46.3226
46.495
52.2222
48.0989
-1.0
-1.0
-1.0
-1.0
-1.0
39.0092
-1.0
-1.0
-1.0
-1.0
-1.0
-1.0
44.5745
26.0822
21.7971
-1.0
31.684
-1.0
-1.0
-1.0
-1.0
-1.0
47.4494
-1.0
-1.0
41.7287
-1.0
-1.0
-1.0
51.7338
-1.0
-1.0
-1.0
-1.0
24.4247
-1.0
-1.0
-1.0
27.7941
-1.0
-1.0
-1.0
42.5914
-1.0
-1.0
-1.0
-1.0
34.7585
-1.0
-1.0
-1.0
-1.0
22.2887
47.8499
-1.0
-1.0
-1.0
44.221
-1.0
-1.0
-1.0
-1.0
-1.0
-1.0
32.0992
-1.0
-1.0
-1.0
-1.0
-1.0
-1.0
-1.0
-1.0
-1.0
-1.0
-1.0
-1.0
-1.0
-1.0
-1.0
-1.0
-1.0
-1.0
-1.0
-1.0
-1.0
33.788
-1.0
-1.0
-1.0
-1.0
-1.0
-1.0
-1.0
32.9748
-1.0
11.4222
-1.0
-1.0
-1.0
-1.0
-1.0
-1.0
-1.0
34.656
-1.0
-1.0
39.7214
-1.0
-1.0
-1.0
-1.0
-1.0
-1.0
52.0062
-1.0
43.8358
-1.0
-1.0
28.6249
-1.0
23.9423
-1.0
42.5988
39.2449
-1.0
-1.0
-1.0
-1.0
-1.0
-1.0
-1.0
-1.0
39.6524
-1.0
-1.0
45.1315
26.5301
-1.0
-1.0
-1.0
-1.0
-1.0
-1.0
-1.0
30.9182
-1.0
-1.0
-1.0
-1.0
42.0585
-1.0
-1.0
31.1829
-1.0
-1.0
-1.0
33.4401
-1.0
-1.0
-1.0
-1.0
-1.0
-1.0
51.8763
-1.0
38.693
23.4856
-1.0
-1.0
29.82
54.2393
40.9196
-1.0
-1.0
46.6488
18.2379
-1.0
-1.0
-1.0
-1.0
-1.0
-1.0
-1.0
-1.0
-1.0
-1.0
-1.0
-1.0
-1.0
-1.0
-1.0
-1.0
-1.0
-1.0
-1.0
-1.0
-1.0
-1.0
-1.0
-1.0
-1.0
41.2624
18.5646
-1.0
-1.0
12.2698
14.4493
-1.0
49.7604
-1.0
-1.0
-1.0
-1.0
-1.0
-1.0
9.44578
-1.0
-1.0
-1.0
-1.0
-1.0
-1.0
-1.0
-1.0
-1.0
37.7665
-1.0
-1.0
-1.0
-1.0
41.7499
-1.0
-1.0
-1.0
-1.0
30.4168
28.6
-1.0
-1.0
-1.0
-1.0
-1.0
-1.0
-1.0
-1.0
-1.0
-1.0
-1.0
-1.0
39.6934
48.0766
-1.0
-1.0
-1.0
-1.0
-1.0
46.4346
26.0606
-1.0
51.9407
-1.0
-1.0
-1.0
-1.0
-1.0
-1.0
-1.0
-1.0
-1.0
-1.0
-1.0
-1.0
-1.0
-1.0
-1.0
-1.0
-1.0
42.0794
-1.0
-1.0
-1.0
-1.0
49.618
-1.0
-1.0
-1.0
-1.0
40.04
-1.0
-1.0
-1.0
-1.0
-1.0
-1.0
41.8931
-1.0
-1.0
-1.0
-1.0
-1.0
46.0927
-1.0
-1.0
-1.0
-1.0
47.9238
-1.0
-1.0
18.6108
-1.0
42.1349
-1.0
-1.0
-1.0
-1.0
30.8177
-1.0
-1.0
-1.0
-1.0
-1.0
-1.0
41.0538
-1.0
21.7156
-1.0
-1.0
-1.0
32.8775
-1.0
-1.0
-1.0
37.734
45.3637
-1.0
-1.0
-1.0
24.8157
27.2791
-1.0
-1.0
-1.0
-1.0
-1.0
-1.0
-1.0
-1.0
-1.0
-1.0
-1.0
-1.0
-1.0
-1.0
47.5852
-1.0
-1.0
-1.0
-1.0
-1.0
-1.0
-1.0
-1.0
-1.0
-1.0
-1.0
-1.0
-1.0
-1.0
-1.0
-1.0
-1.0
-1.0
-1.0
-1.0
-1.0
44.7451
-1.0
-1.0
-1.0
-1.0
-1.0
-1.0
-1.0
-1.0
-1.0
-1.0
-1.0
-1.0
34.8639
27.0962
-1.0
17.4872
-1.0
-1.0
-1.0
46.8349
-1.0
-1.0
-1.0
-1.0
-1.0
-1.0
-1.0
-1.0
-1.0
20.0424
-1.0
-1.0
-1.0
-1.0
-1.0
-1.0
-1.0
-1.0
-1.0
-1.0
-1.0
45.7568
-1.0
-1.0
44.9052
-1.0
-1.0
-1.0
31.4651
-1.0
-1.0
-1.0
-1.0
39.9754
-1.0
-1.0
-1.0
-1.0
-1.0
-1.0
-1.0
-1.0
-1.0
-1.0
-1.0
-1.0
47.1457
-1.0
30.8375
-1.0
-1.0
-1.0
-1.0
-1.0
-1.0
-1.0
-1.0
24.4732
-1.0
-1.0
17.2527
30.053
-1.0
47.6485
-1.0
-1.0
-1.0
-1.0
31.9637
-1.0
-1.0
20.462
-1.0
-1.0
-1.0
2.68377
-1.0
-1.0
-1.0
-1.0
24.3848
36.1839
31.7001
-1.0
37.7286
-1.0
-1.0
-1.0
26.0539
-1.0
39.8687
-1.0
-1.0
-1.0
-1.0
-1.0
-1.0
-1.0
-1.0
-1.0
-1.0
-1.0
-1.0
-1.0
-1.0
-1.0
-1.0
-1.0
-1.0
-1.0
-1.0
-1.0
-1.0
35.3098
-1.0
-1.0
48.1548
-1.0
-1.0
-1.0
-1.0
-1.0
-1.0
-1.0
-1.0
-1.0
28.2961
-1.0
-1.0
-1.0
32.7186
-1.0
-1.0
36.9052
-1.0
-1.0
-1.0
-1.0
55.0992
46.7733
-1.0
-1.0
-1.0
-1.0
-1.0
-1.0
-1.0
-1.0
37.279
-1.0
21.8846
36.0925
-1.0
-1.0
-1.0
51.9309
-1.0
-1.0
-1.0
-1.0
-1.0
-1.0
-1.0
21.5879
-1.0
-1.0
-1.0
-1.0
-1.0
-1.0
-1.0
-1.0
-1.0
-1.0
-1.0
-1.0
-1.0
-1.0
-1.0
-1.0
-1.0
45.1742
-1.0
-1.0
-1.0
-1.0
-1.0
-1.0
-1.0
34.0795
-1.0
-1.0
-1.0
-1.0
-1.0
-1.0
50.3182
-1.0
-1.0
-1.0
30.7394
-1.0
-1.0
-1.0
-1.0
-1.0
-1.0
-1.0
-1.0
-1.0
28.7799
-1.0
-1.0
-1.0
-1.0
47.4459
27.9989
-1.0
-1.0
-1.0
45.3335
-1.0
-1.0
-1.0
-1.0
-1.0
-1.0
45.075
46.7602
-1.0
27.5597
-1.0
-1.0
-1.0
-1.0
36.925
-1.0
-1.0
-1.0
-1.0
-1.0
-1.0
-1.0
-1.0
-1.0
-1.0
-1.0
-1.0
28.3229
-1.0
-1.0
-1.0
30.8306
-1.0
-1.0
-1.0
-1.0
43.7502
26.3272
-1.0
-1.0
-1.0
-1.0
-1.0
-1.0
-1.0
-1.0
-1.0
-1.0
-1.0
-1.0
-1.0
49.4214
-1.0
26.8035
-1.0
-1.0
42.1362
-1.0
-1.0
-1.0
-1.0
46.1386
39.3045
-1.0
-1.0
-1.0
-1.0
-1.0
-1.0
-1.0
-1.0
-1.0
29.879
-1.0
-1.0
50.1211
-1.0
-1.0
24.1543
34.0953
-1.0
-1.0
-1.0
-1.0
-1.0
-1.0
-1.0
21.4513
-1.0
21.1482
-1.0
32.0764
-1.0
-1.0
-1.0
36.4405
-1.0
-1.0
13.9306
-1.0
-1.0
-1.0
-1.0
-1.0
-1.0
-1.0
-1.0
41.4593
-1.0
-1.0
37.9961
-1.0
-1.0
-1.0
-1.0
-1.0
-1.0
-1.0
-1.0
14.7873
-1.0
-1.0
-1.0
-1.0
-1.0
-1.0
35.9557
16.4202
30.3354
-1.0
-1.0
-1.0
-1.0
-1.0
-1.0
51.2964
-1.0
-1.0
-1.0
-1.0
-1.0
-1.0
-1.0
-1.0
-1.0
-1.0
31.3276
-1.0
-1.0
-1.0
45.4646
44.1762
-1.0
-1.0
33.0382
43.4815
24.1047
-1.0
-1.0
-1.0
-1.0
-1.0
-1.0
50.3662
-1.0
-1.0
-1.0
-1.0
-1.0
-1.0
-1.0
-1.0
-1.0
-1.0
35.4153
-1.0
21.1031
-1.0
30.9716
-1.0
46.3534
-1.0
-1.0
48.2303
-1.0
-1.0
-1.0
26.4651
38.4189
-1.0
-1.0
-1.0
-1.0
-1.0
-1.0
40.7738
-1.0
48.8268
-1.0
-1.0
-1.0
-1.0
-1.0
-1.0
-1.0
-1.0
41.3389
-1.0
28.7198
24.5318
-1.0
49.056
-1.0
-1.0
14.526
28.7082
-1.0
-1.0
-1.0
-1.0
-1.0
-1.0
-1.0
-1.0
-1.0
-1.0
-1.0
30.3551
-1.0
-1.0
-1.0
-1.0
-1.0
-1.0
29.9317
-1.0
45.787
-1.0
51.7212
37.2865
-1.0
40.8671
-1.0
-1.0
-1.0
-1.0
-1.0
-1.0
-1.0
-1.0
-1.0
-1.0
-1.0
-1.0
-1.0
-1.0
21.1322
-1.0
-1.0
-1.0
-1.0
-1.0
-1.0
-1.0
-1.0
-1.0
-1.0
-1.0
-1.0
-1.0
-1.0
-1.0
-1.0
42.367
-1.0
-1.0
-1.0
-1.0
-1.0
-1.0
-1.0
-1.0
36.2606
-1.0
-1.0
-1.0
-1.0
-1.0
-1.0
-1.0
-1.0
-1.0
-1.0
-1.0
47.6257
25.002
-1.0
-1.0
32.8287
-1.0
-1.0
-1.0
-1.0
46.4857
-1.0
-1.0
-1.0
-1.0
-1.0
-1.0
-1.0
-1.0
46.2967
38.0627
-1.0
-1.0
-1.0
-1.0
48.747
-1.0
-1.0
-1.0
-1.0
-1.0
-1.0
34.986
-1.0
-1.0
44.8261
-1.0
-1.0
49.6158
-1.0
-1.0
32.5343
-1.0
48.1959
-1.0
12.0978
-1.0
-1.0
-1.0
-1.0
48.3335
-1.0
-1.0
-1.0
-1.0
-1.0
-1.0
-1.0
30.9436
-1.0
-1.0
33.3627
-1.0
-1.0
-1.0
-1.0
-1.0
32.9846
-1.0
-1.0
-1.0
44.5507
36.3437
-1.0
-1.0
-1.0
-1.0
-1.0
-1.0
-1.0
17.8657
-1.0
-1.0
-1.0
-1.0
46.1275
-1.0
-1.0
-1.0
-1.0
-1.0
49.533
-1.0
-1.0
-1.0
-1.0
44.6299
-1.0
48.8983
-1.0
44.0656
-1.0
-1.0
-1.0
-1.0
-1.0
-1.0
40.1371
-1.0
-1.0
-1.0
-1.0
-1.0
-1.0
-1.0
30.1806
-1.0
45.1757
-1.0
42.9143
27.4192
12.044
-1.0
-1.0
45.8674
-1.0
-1.0
-1.0
9.79276
-1.0
-1.0
44.9406
49.326
33.7979
47.216
-1.0
-1.0
50.5853
40.6879
44.1142
-1.0
41.3518
-1.0
-1.0
-1.0
-1.0
-1.0
-1.0
-1.0
-1.0
-1.0
32.1024
-1.0
-1.0
-1.0
-1.0
40.2885
26.7993
45.6578
-1.0
-1.0
-1.0
-1.0
15.4174
27.8914
51.3946
34.6854
-1.0
-1.0
47.9673
42.1066
-1.0
11.9535
-1.0
38.194
-1.0
-1.0
24.3718
-1.0
-1.0
44.5161
-1.0
-1.0
-1.0
-1.0
-1.0
44.5774
-1.0
-1.0
-1.0
-1.0
-1.0
-1.0
-1.0
-1.0
-1.0
-1.0
-1.0
-1.0
-1.0
-1.0
-1.0
-1.0
51.9582
-1.0
-1.0
-1.0
-1.0
-1.0
-1.0
44.6533
-1.0
-1.0
35.3331
-1.0
-1.0
-1.0
-1.0
19.3222
-1.0
-1.0
-1.0
-1.0
45.0797
-1.0
-1.0
-1.0
-1.0
28.9592
-1.0
-1.0
46.4267
-1.0
-1.0
29.67
-1.0
-1.0
51.3602
47.5508
-1.0
33.3813
41.6197
-1.0
-1.0
49.3172
-1.0
-1.0
-1.0
-1.0
-1.0
45.8965
-1.0
-1.0
32.7658
-1.0
-1.0
-1.0
-1.0
-1.0
-1.0
-1.0
-1.0
-1.0
25.2023
-1.0
-1.0
-1.0
-1.0
33.8472
36.1471
41.395
19.1901
-1.0
25.8948
-1.0
-1.0
51.1963
-1.0
-1.0
-1.0
48.2269
43.3936
-1.0
-1.0
-1.0
-1.0
-1.0
-1.0
-1.0
-1.0
-1.0
-1.0
-1.0
-1.0
36.1296
-1.0
-1.0
-1.0
-1.0
34.8035
36.7792
37.997
-1.0
43.8343
-1.0
29.4768
-1.0
-1.0
-1.0
-1.0
12.2544
-1.0
-1.0
26.8828
25.1989
36.4696
-1.0
-1.0
-1.0
-1.0
-1.0
42.2034
-1.0
-1.0
-1.0
-1.0
-1.0
-1.0
-1.0
-1.0
-1.0
-1.0
-1.0
-1.0
-1.0
-1.0
36.4292
-1.0
43.5889
-1.0
-1.0
27.2863
-1.0
-1.0
-1.0
-1.0
-1.0
-1.0
-1.0
-1.0
21.8687
44.4552
16.4094
37.4782
-1.0
-1.0
16.7231
-1.0
-1.0
20.8293
-1.0
-1.0
-1.0
45.2196
31.4911
-1.0
29.2495
-1.0
-1.0
-1.0
-1.0
-1.0
-1.0
37.0914
-1.0
-1.0
-1.0
-1.0
-1.0
42.3994
44.7342
15.0477
51.395
-1.0
-1.0
49.2685
-1.0
-1.0
28.6269
-1.0
-1.0
-1.0
16.0187
-1.0
-1.0
-1.0
-1.0
-1.0
-1.0
17.2448
-1.0
-1.0
-1.0
-1.0
-1.0
-1.0
-1.0
-1.0
-1.0
-1.0
-1.0
-1.0
-1.0
-1.0
-1.0
48.0065
43.9333
-1.0
-1.0
34.6746
-1.0
-1.0
-1.0
-1.0
47.1813
-1.0
-1.0
34.1833
22.8401
-1.0
-1.0
-1.0
-1.0
36.5774
-1.0
9.15484
-1.0
-1.0
-1.0
-1.0
34.5369
41.6356
38.2207
-1.0
-1.0
-1.0
-1.0
-1.0
-1.0
39.4616
-1.0
-1.0
-1.0
-1.0
-1.0
-1.0
-1.0
-1.0
45.0413
40.4617
-1.0
-1.0
-1.0
-1.0
-1.0
-1.0
-1.0
17.318
-1.0
-1.0
-1.0
-1.0
-1.0
-1.0
-1.0
-1.0
-1.0
-1.0
-1.0
26.1311
-1.0
-1.0
-1.0
-1.0
-1.0
23.411
-1.0
-1.0
-1.0
-1.0
48.5659
23.205
-1.0
-1.0
48.031
-1.0
-1.0
-1.0
-1.0
-1.0
-1.0
-1.0
37.3809
47.6044
-1.0
-1.0
-1.0
-1.0
47.1908
-1.0
-1.0
-1.0
-1.0
-1.0
49.5439
30.8775
39.0588
-1.0
-1.0
52.1328
30.9382
22.8214
27.5267
-1.0
-1.0
34.0485
39.1116
-1.0
33.897
-1.0
-1.0
-1.0
-1.0
-1.0
-1.0
-1.0
-1.0
-1.0
28.7686
-1.0
-1.0
-1.0
-1.0
-1.0
-1.0
42.6763
-1.0
-1.0
-1.0
-1.0
-1.0
-1.0
-1.0
-1.0
-1.0
-1.0
-1.0
-1.0
-1.0
-1.0
-1.0
39.3718
36.1198
-1.0
-1.0
18.8438
-1.0
-1.0
-1.0
-1.0
-1.0
-1.0
-1.0
-1.0
-1.0
-1.0
38.9019
-1.0
-1.0
-1.0
-1.0
51.1636
-1.0
-1.0
-1.0
-1.0
-1.0
-1.0
26.3393
-1.0
-1.0
-1.0
16.2579
-1.0
-1.0
-1.0
-1.0
-1.0
47.6429
33.8465
-1.0
-1.0
-1.0
-1.0
-1.0
-1.0
-1.0
-1.0
-1.0
15.8218
-1.0
-1.0
-1.0
-1.0
-1.0
-1.0
-1.0
-1.0
-1.0
-1.0
-1.0
-1.0
31.8603
-1.0
-1.0
-1.0
41.9028
-1.0
-1.0
-1.0
-1.0
-1.0
-1.0
23.0328
-1.0
-1.0
-1.0
-1.0
-1.0
34.069
28.0776
-1.0
-1.0
-1.0
-1.0
45.1706
-1.0
-1.0
-1.0
-1.0
-1.0
-1.0
-1.0
-1.0
-1.0
48.7113
-1.0
-1.0
-1.0
-1.0
-1.0
-1.0
-1.0
-1.0
39.1004
-1.0
-1.0
-1.0
-1.0
-1.0
37.7938
-1.0
-1.0
33.45
-1.0
-1.0
-1.0
-1.0
34.0297
42.3583
-1.0
-1.0
-1.0
-1.0
-1.0
-1.0
-1.0
-1.0
-1.0
19.8246
25.0353
-1.0
-1.0
24.862
-1.0
-1.0
-1.0
-1.0
-1.0
-1.0
-1.0
-1.0
-1.0
-1.0
43.7733
-1.0
40.4059
-1.0
-1.0
-1.0
19.3076
-1.0
-1.0
41.0538
-1.0
-1.0
-1.0
-1.0
39.0509
-1.0
-1.0
-1.0
-1.0
35.9921
-1.0
-1.0
-1.0
-1.0
49.5648
-1.0
-1.0
-1.0
-1.0
-1.0
-1.0
-1.0
-1.0
-1.0
-1.0
18.3663
41.1972
-1.0
-1.0
25.144
-1.0
-1.0
-1.0
-1.0
-1.0
-1.0
-1.0
-1.0
44.3365
-1.0
-1.0
35.4119
-1.0
-1.0
40.5159
-1.0
-1.0
32.4591
33.7006
-1.0
-1.0
-1.0
-1.0
-1.0
-1.0
38.4538
-1.0
-1.0
-1.0
-1.0
-1.0
-1.0
-1.0
-1.0
-1.0
34.4304
-1.0
-1.0
-1.0
-1.0
-1.0
-1.0
50.9397
-1.0
36.929
-1.0
30.3641
-1.0
42.4536
-1.0
-1.0
29.0913
-1.0
-1.0
41.7943
-1.0
-1.0
-1.0
47.0583
45.0193
-1.0
-1.0
-1.0
46.1281
-1.0
-1.0
-1.0
-1.0
-1.0
-1.0
-1.0
-1.0
-1.0
-1.0
-1.0
-1.0
-1.0
-1.0
-1.0
19.7591
-1.0
-1.0
-1.0
-1.0
38.7034
12.1364
-1.0
52.1935
-1.0
28.6372
-1.0
-1.0
-1.0
-1.0
-1.0
-1.0
-1.0
-1.0
-1.0
-1.0
-1.0
-1.0
-1.0
51.1359
47.3406
-1.0
31.1902
-1.0
-1.0
-1.0
-1.0
-1.0
-1.0
-1.0
-1.0
-1.0
-1.0
23.0963
-1.0
-1.0
-1.0
-1.0
-1.0
47.5235
-1.0
-1.0
-1.0
-1.0
-1.0
-1.0
-1.0
-1.0
-1.0
-1.0
-1.0
-1.0
-1.0
20.5512
-1.0
-1.0
-1.0
-1.0
-1.0
-1.0
-1.0
-1.0
23.7427
-1.0
-1.0
24.2769
-1.0
-1.0
-1.0
-1.0
-1.0
-1.0
-1.0
-1.0
-1.0
-1.0
-1.0
-1.0
-1.0
-1.0
-1.0
-1.0
-1.0
-1.0
42.7001
45.5088
-1.0
-1.0
-1.0
-1.0
-1.0
-1.0
-1.0
-1.0
-1.0
40.8729
-1.0
-1.0
-1.0
-1.0
42.4807
-1.0
-1.0
-1.0
32.2911
-1.0
51.1115
-1.0
-1.0
-1.0
-1.0
-1.0
-1.0
-1.0
-1.0
32.8762
-1.0
41.1925
-1.0
-1.0
-1.0
-1.0
-1.0
39.8038
-1.0
-1.0
43.472
-1.0
36.363
-1.0
-1.0
31.2824
-1.0
-1.0
-1.0
-1.0
-1.0
-1.0
32.9413
-1.0
-1.0
-1.0
-1.0
-1.0
-1.0
-1.0
34.3578
-1.0
-1.0
-1.0
23.8436
-1.0
43.3283
39.4921
51.2206
-1.0
-1.0
-1.0
-1.0
-1.0
-1.0
-1.0
-1.0
-1.0
-1.0
36.761
-1.0
39.3359
-1.0
-1.0
24.8647
-1.0
30.3284
-1.0
-1.0
41.5769
-1.0
-1.0
-1.0
-1.0
-1.0
-1.0
38.8562
-1.0
47.5222
-1.0
-1.0
-1.0
-1.0
-1.0
-1.0
33.7447
-1.0
-1.0
-1.0
-1.0
48.5443
-1.0
-1.0
-1.0
-1.0
-1.0
-1.0
-1.0
-1.0
-1.0
28.7514
-1.0
-1.0
-1.0
-1.0
-1.0
-1.0
-1.0
-1.0
-1.0
-1.0
-1.0
-1.0
-1.0
-1.0
-1.0
18.8964
-1.0
46.3331
47.857
-1.0
31.0666
-1.0
38.7953
-1.0
-1.0
-1.0
-1.0
-1.0
-1.0
-1.0
-1.0
-1.0
-1.0
-1.0
-1.0
-1.0
14.1454
-1.0
-1.0
-1.0
-1.0
-1.0
-1.0
-1.0
-1.0
-1.0
-1.0
-1.0
-1.0
-1.0
-1.0
6.51109
-1.0
-1.0
37.2264
-1.0
-1.0
-1.0
-1.0
34.6663
31.1089
-1.0
-1.0
-1.0
-1.0
37.1205
-1.0
-1.0
-1.0
-1.0
38.8083
-1.0
-1.0
32.684
-1.0
-1.0
-1.0
-1.0
-1.0
-1.0
43.0868
-1.0
-1.0
-1.0
41.1634
-1.0
-1.0
49.7747
52.2793
25.1883
-1.0
-1.0
-1.0
-1.0
-1.0
-1.0
-1.0
48.8066
-1.0
-1.0
38.1458
-1.0
37.7729
-1.0
-1.0
-1.0
-1.0
-1.0
-1.0
-1.0
-1.0
25.4312
-1.0
48.8177
27.4528
-1.0
-1.0
-1.0
49.2069
43.0281
-1.0
26.6526
-1.0
23.9941
38.3302
-1.0
-1.0
35.7773
-1.0
-1.0
47.265
-1.0
-1.0
8.76744
-1.0
-1.0
48.973
-1.0
-1.0
-1.0
-1.0
-1.0
-1.0
-1.0
-1.0
-1.0
-1.0
4.11436
-1.0
-1.0
50.4813
-1.0
-1.0
-1.0
-1.0
-1.0
-1.0
27.8471
46.6408
-1.0
-1.0
-1.0
10.1725
-1.0
-1.0
-1.0
-1.0
45.3359
-1.0
-1.0
-1.0
16.5574
-1.0
-1.0
52.5409
-1.0
-1.0
-1.0
-1.0
-1.0
-1.0
-1.0
-1.0
-1.0
46.0007
-1.0
-1.0
31.8572
-1.0
-1.0
33.4335
-1.0
37.977
-1.0
51.8791
-1.0
-1.0
-1.0
49.8975
46.2891
-1.0
-1.0
38.8598
-1.0
48.2564
28.5388
-1.0
-1.0
-1.0
-1.0
-1.0
-1.0
-1.0
-1.0
-1.0
-1.0
-1.0
-1.0
37.3768
-1.0
-1.0
-1.0
-1.0
-1.0
-1.0
-1.0
-1.0
-1.0
-1.0
-1.0
18.5904
32.4102
-1.0
-1.0
-1.0
-1.0
-1.0
-1.0
-1.0
43.3851
-1.0
-1.0
-1.0
-1.0
-1.0
-1.0
-1.0
-1.0
40.1089
45.1772
-1.0
-1.0
-1.0
-1.0
-1.0
-1.0
19.9855
-1.0
37.6697
-1.0
-1.0
-1.0
-1.0
-1.0
46.1613
19.8808
-1.0
-1.0
-1.0
-1.0
-1.0
45.617
31.0063
37.8322
-1.0
-1.0
-1.0
-1.0
45.4134
33.4354
-1.0
-1.0
-1.0
-1.0
-1.0
-1.0
-1.0
-1.0
52.44
-1.0
-1.0
-1.0
-1.0
38.5723
-1.0
-1.0
42.8265
-1.0
-1.0
-1.0
-1.0
-1.0
51.4867
40.7613
-1.0
-1.0
-1.0
-1.0
-1.0
-1.0
47.6592
13.4384
-1.0
-1.0
47.3576
-1.0
-1.0
-1.0
-1.0
-1.0
-1.0
-1.0
-1.0
42.3752
-1.0
46.1411
52.0677
35.3464
-1.0
-1.0
-1.0
-1.0
-1.0
-1.0
44.8222
-1.0
-1.0
-1.0
-1.0
-1.0
-1.0
-1.0
-1.0
-1.0
48.1318
-1.0
-1.0
-1.0
-1.0
17.9447
25.2457
-1.0
-1.0
44.2284
41.7342
-1.0
-1.0
-1.0
-1.0
-1.0
-1.0
-1.0
-1.0
-1.0
47.0123
38.4457
-1.0
44.0149
32.0571
40.5318
-1.0
-1.0
-1.0
-1.0
-1.0
47.457
32.892
-1.0
32.8314
-1.0
-1.0
-1.0
-1.0
-1.0
-1.0
38.5121
21.7314
-1.0
-1.0
-1.0
30.1494
-1.0
-1.0
-1.0
-1.0
35.575
-1.0
-1.0
-1.0
49.2108
15.7055
-1.0
-1.0
-1.0
-1.0
33.9075
-1.0
-1.0
-1.0
29.1764
-1.0
-1.0
-1.0
-1.0
12.29
-1.0
43.1808
-1.0
35.2462
-1.0
-1.0
-1.0
-1.0
48.3214
35.1731
-1.0
40.6977
-1.0
-1.0
-1.0
39.0516
-1.0
-1.0
-1.0
-1.0
-1.0
-1.0
-1.0
-1.0
-1.0
48.5535
-1.0
-1.0
-1.0
-1.0
-1.0
-1.0
-1.0
37.7422
34.8973
-1.0
-1.0
-1.0
50.8606
-1.0
-1.0
-1.0
-1.0
42.8991
-1.0
-1.0
-1.0
-1.0
-1.0
-1.0
-1.0
-1.0
29.7106
-1.0
-1.0
44.7909
-1.0
-1.0
-1.0
-1.0
-1.0
-1.0
-1.0
-1.0
-1.0
-1.0
-1.0
-1.0
-1.0
-1.0
-1.0
-1.0
-1.0
-1.0
-1.0
22.7043
-1.0
43.7762
-1.0
-1.0
-1.0
-1.0
11.1489
-1.0
-1.0
42.4989
-1.0
-1.0
-1.0
-1.0
-1.0
-1.0
-1.0
-1.0
46.6756
-1.0
-1.0
-1.0
-1.0
-1.0
-1.0
-1.0
-1.0
-1.0
40.2742
-1.0
-1.0
-1.0
-1.0
-1.0
-1.0
30.979
-1.0
-1.0
-1.0
-1.0
-1.0
-1.0
45.1551
23.2498
42.1966
-1.0
34.7458
30.7197
28.6674
-1.0
-1.0
-1.0
-1.0
-1.0
-1.0
-1.0
-1.0
-1.0
-1.0
-1.0
-1.0
-1.0
-1.0
-1.0
39.8791
39.7541
-1.0
-1.0
-1.0
-1.0
-1.0
-1.0
-1.0
52.1862
-1.0
-1.0
38.5133
-1.0
-1.0
-1.0
42.8371
-1.0
-1.0
-1.0
-1.0
-1.0
-1.0
-1.0
-1.0
-1.0
42.3635
-1.0
37.5548
38.326
-1.0
-1.0
-1.0
-1.0
-1.0
37.7928
50.7224
-1.0
-1.0
-1.0
-1.0
-1.0
-1.0
-1.0
-1.0
-1.0
-1.0
-1.0
36.102
-1.0
-1.0
42.3823
-1.0
-1.0
-1.0
-1.0
-1.0
-1.0
-1.0
32.9966
25.8334
-1.0
-1.0
-1.0
-1.0
-1.0
45.0937
-1.0
33.5467
-1.0
-1.0
22.1201
44.99
-1.0
51.1305
-1.0
35.988
30.1191
-1.0
25.6744
-1.0
-1.0
-1.0
-1.0
-1.0
-1.0
-1.0
-1.0
23.9269
-1.0
-1.0
40.172
-1.0
-1.0
33.579
-1.0
-1.0
49.1683
-1.0
35.5939
-1.0
37.4941
6.49068
-1.0
-1.0
-1.0
-1.0
-1.0
-1.0
-1.0
-1.0
-1.0
36.3344
35.9995
-1.0
-1.0
-1.0
-1.0
-1.0
-1.0
-1.0
-1.0
-1.0
-1.0
-1.0
-1.0
-1.0
-1.0
-1.0
-1.0
-1.0
-1.0
-1.0
-1.0
-1.0
-1.0
-1.0
27.4158
39.8973
37.0348
-1.0
-1.0
-1.0
-1.0
49.3051
-1.0
-1.0
47.5432
-1.0
-1.0
-1.0
-1.0
-1.0
51.3107
-1.0
52.2986
-1.0
-1.0
-1.0
-1.0
-1.0
-1.0
-1.0
-1.0
41.521
-1.0
28.2674
-1.0
-1.0
51.4165
-1.0
-1.0
-1.0
-1.0
-1.0
34.9661
-1.0
34.651
-1.0
-1.0
-1.0
46.5982
-1.0
36.2908
-1.0
-1.0
-1.0
-1.0
41.9254
50.944
-1.0
-1.0
-1.0
22.951
-1.0
-1.0
-1.0
-1.0
47.0898
-1.0
51.7553
-1.0
-1.0
-1.0
16.8185
-1.0
-1.0
44.6777
-1.0
13.3247
17.2381
-1.0
-1.0
42.2949
-1.0
27.6898
-1.0
40.3109
-1.0
-1.0
-1.0
-1.0
-1.0
-1.0
43.5904
46.562
51.9606
-1.0
-1.0
43.2042
41.5015
-1.0
-1.0
-1.0
-1.0
-1.0
-1.0
46.4526
-1.0
-1.0
-1.0
-1.0
11.9831
-1.0
-1.0
-1.0
-1.0
-1.0
-1.0
-1.0
-1.0
6.38655
-1.0
-1.0
-1.0
-1.0
-1.0
-1.0
-1.0
-1.0
-1.0
46.836
42.6805
-1.0
-1.0
-1.0
-1.0
-1.0
-1.0
-1.0
-1.0
-1.0
-1.0
49.8681
-1.0
-1.0
-1.0
37.3968
-1.0
-1.0
34.1567
26.1736
-1.0
-1.0
-1.0
48.3794
-1.0
41.5991
-1.0
32.2276
-1.0
-1.0
-1.0
-1.0
-1.0
-1.0
51.8066
-1.0
-1.0
29.6114
-1.0
51.8835
-1.0
-1.0
-1.0
-1.0
44.5075
49.0712
-1.0
-1.0
-1.0
-1.0
-1.0
-1.0
-1.0
-1.0
-1.0
44.2567
-1.0
43.1166
17.7391
-1.0
33.6624
-1.0
-1.0
37.1493
-1.0
-1.0
39.2058
-1.0
-1.0
-1.0
-1.0
-1.0
-1.0
-1.0
42.857
-1.0
-1.0
-1.0
-1.0
-1.0
24.2426
-1.0
-1.0
52.1792
-1.0
-1.0
-1.0
-1.0
29.6656
-1.0
40.5889
46.5577
-1.0
-1.0
-1.0
-1.0
-1.0
-1.0
-1.0
-1.0
-1.0
-1.0
-1.0
-1.0
-1.0
-1.0
-1.0
-1.0
-1.0
-1.0
45.1388
-1.0
-1.0
-1.0
-1.0
-1.0
36.2336
-1.0
-1.0
-1.0
-1.0
33.2604
25.8197
-1.0
-1.0
-1.0
-1.0
-1.0
-1.0
-1.0
-1.0
-1.0
-1.0
-1.0
-1.0
-1.0
51.769
-1.0
-1.0
41.996
-1.0
31.1179
-1.0
-1.0
-1.0
-1.0
-1.0
-1.0
-1.0
-1.0
-1.0
-1.0
30.4032
-1.0
-1.0
-1.0
-1.0
-1.0
-1.0
-1.0
-1.0
-1.0
46.7771
-1.0
-1.0
-1.0
-1.0
-1.0
-1.0
-1.0
-1.0
-1.0
15.7346
31.214
-1.0
-1.0
46.4166
-1.0
-1.0
40.2335
-1.0
-1.0
-1.0
-1.0
-1.0
21.1026
-1.0
49.678
-1.0
-1.0
39.3118
-1.0
28.4798
37.3601
42.756
-1.0
-1.0
-1.0
-1.0
-1.0
-1.0
11.856
-1.0
-1.0
-1.0
-1.0
-1.0
-1.0
-1.0
24.8305
-1.0
-1.0
-1.0
-1.0
-1.0
-1.0
-1.0
-1.0
-1.0
-1.0
-1.0
-1.0
-1.0
-1.0
-1.0
-1.0
-1.0
-1.0
-1.0
-1.0
-1.0
-1.0
-1.0
-1.0
-1.0
28.443
40.0679
-1.0
-1.0
4.4149
-1.0
-1.0
-1.0
-1.0
-1.0
-1.0
-1.0
-1.0
-1.0
-1.0
-1.0
-1.0
-1.0
-1.0
-1.0
-1.0
-1.0
30.9408
-1.0
-1.0
-1.0
-1.0
-1.0
-1.0
-1.0
-1.0
-1.0
-1.0
-1.0
-1.0
-1.0
-1.0
-1.0
-1.0
32.7848
43.9281
-1.0
-1.0
-1.0
-1.0
-1.0
-1.0
-1.0
29.869
-1.0
-1.0
-1.0
31.6765
-1.0
-1.0
-1.0
-1.0
-1.0
-1.0
-1.0
-1.0
-1.0
26.57
34.5775
-1.0
-1.0
37.6343
-1.0
-1.0
-1.0
-1.0
-1.0
-1.0
-1.0
-1.0
-1.0
-1.0
-1.0
-1.0
-1.0
-1.0
-1.0
27.4072
-1.0
45.5907
-1.0
50.4515
-1.0
-1.0
46.5485
-1.0
-1.0
38.3426
51.878
-1.0
36.9442
-1.0
-1.0
34.6713
51.1571
41.2245
-1.0
-1.0
-1.0
-1.0
44.3733
-1.0
-1.0
-1.0
-1.0
-1.0
-1.0
-1.0
37.0314
-1.0
46.4871
-1.0
41.4232
42.9521
33.7864
43.6688
-1.0
-1.0
-1.0
-1.0
-1.0
-1.0
22.5348
-1.0
51.9591
-1.0
-1.0
35.3642
-1.0
-1.0
42.4116
-1.0
-1.0
-1.0
-1.0
47.6925
-1.0
-1.0
-1.0
-1.0
-1.0
-1.0
-1.0
-1.0
31.8693
-1.0
-1.0
-1.0
-1.0
-1.0
-1.0
-1.0
-1.0
-1.0
-1.0
34.8032
-1.0
-1.0
-1.0
-1.0
-1.0
-1.0
-1.0
-1.0
-1.0
-1.0
45.1535
-1.0
-1.0
42.504
-1.0
-1.0
-1.0
-1.0
37.8366
-1.0
-1.0
-1.0
32.2464
-1.0
43.031
-1.0
-1.0
-1.0
-1.0
-1.0
-1.0
-1.0
-1.0
-1.0
-1.0
-1.0
-1.0
-1.0
35.2492
-1.0
41.1289
-1.0
-1.0
50.6411
-1.0
42.3386
44.9159
-1.0
-1.0
-1.0
-1.0
-1.0
15.5537
-1.0
40.6991
-1.0
-1.0
-1.0
-1.0
-1.0
-1.0
-1.0
-1.0
-1.0
-1.0
-1.0
22.2718
29.5382
-1.0
51.9653
-1.0
50.97
46.0317
-1.0
-1.0
-1.0
-1.0
-1.0
-1.0
40.7715
-1.0
51.9438
-1.0
-1.0
41.8982
5.82291
-1.0
-1.0
-1.0
29.523
-1.0
-1.0
-1.0
-1.0
-1.0
38.6658
-1.0
-1.0
-1.0
43.5261
32.5944
-1.0
-1.0
-1.0
-1.0
30.9317
-1.0
-1.0
-1.0
-1.0
-1.0
-1.0
-1.0
16.9952
-1.0
-1.0
-1.0
-1.0
-1.0
-1.0
24.4525
-1.0
20.5802
-1.0
-1.0
-1.0
-1.0
-1.0
26.5347
-1.0
42.5958
-1.0
-1.0
39.309
48.0059
27.3351
-1.0
-1.0
33.4174
-1.0
-1.0
-1.0
-1.0
-1.0
26.3016
-1.0
29.1334
-1.0
-1.0
-1.0
-1.0
-1.0
-1.0
-1.0
-1.0
-1.0
-1.0
-1.0
-1.0
-1.0
-1.0
-1.0
-1.0
-1.0
-1.0
16.5993
-1.0
-1.0
-1.0
-1.0
-1.0
-1.0
-1.0
19.7308
-1.0
-1.0
-1.0
50.3404
-1.0
-1.0
35.4592
-1.0
40.0321
-1.0
-1.0
-1.0
-1.0
-1.0
-1.0
-1.0
-1.0
20.6848
41.2049
44.5676
-1.0
-1.0
-1.0
-1.0
-1.0
-1.0
30.6123
-1.0
47.7983
13.3464
40.9909
21.797
-1.0
41.1454
31.3528
-1.0
31.3251
-1.0
35.916
-1.0
-1.0
-1.0
35.3112
44.363
-1.0
48.2416
-1.0
-1.0
40.798
-1.0
-1.0
-1.0
-1.0
52.5932
42.8056
39.8348
-1.0
-1.0
-1.0
52.1731
-1.0
-1.0
-1.0
-1.0
-1.0
36.8078
-1.0
-1.0
-1.0
-1.0
-1.0
-1.0
-1.0
31.2078
-1.0
-1.0
-1.0
-1.0
-1.0
-1.0
-1.0
-1.0
-1.0
-1.0
-1.0
-1.0
42.8436
15.5
-1.0
-1.0
-1.0
-1.0
50.6349
-1.0
-1.0
-1.0
15.8387
-1.0
-1.0
-1.0
-1.0
-1.0
34.9398
42.5726
-1.0
49.7293
34.5553
-1.0
-1.0
17.989
39.205
-1.0
-1.0
-1.0
33.5818
-1.0
-1.0
-1.0
-1.0
-1.0
-1.0
-1.0
-1.0
8.97954
-1.0
-1.0
-1.0
12.9644
-1.0
-1.0
-1.0
49.4757
-1.0
-1.0
-1.0
-1.0
25.2262
-1.0
-1.0
52.0952
26.5021
-1.0
-1.0
45.1872
47.552
45.7244
-1.0
-1.0
-1.0
-1.0
-1.0
50.9559
50.7216
-1.0
-1.0
-1.0
-1.0
7.06119
-1.0
-1.0
-1.0
-1.0
-1.0
40.0952
-1.0
35.3143
-1.0
-1.0
47.2655
50.2539
-1.0
48.6088
-1.0
34.9195
-1.0
-1.0
-1.0
-1.0
48.1131
-1.0
-1.0
-1.0
-1.0
-1.0
-1.0
49.8264
-1.0
-1.0
-1.0
32.2656
-1.0
-1.0
-1.0
-1.0
-1.0
-1.0
43.2646
-1.0
-1.0
-1.0
-1.0
-1.0
-1.0
-1.0
-1.0
-1.0
-1.0
-1.0
-1.0
48.245
-1.0
-1.0
-1.0
-1.0
27.3405
-1.0
-1.0
-1.0
-1.0
-1.0
-1.0
-1.0
-1.0
-1.0
-1.0
-1.0
-1.0
-1.0
-1.0
-1.0
-1.0
32.4539
50.2416
-1.0
-1.0
50.2009
-1.0
22.1148
29.7963
-1.0
-1.0
-1.0
37.0708
-1.0
-1.0
-1.0
-1.0
-1.0
-1.0
-1.0
11.7417
23.3844
-1.0
-1.0
-1.0
44.5885
-1.0
-1.0
23.7696
30.8368
-1.0
-1.0
-1.0
-1.0
-1.0
-1.0
-1.0
51.3781
50.3614
39.9203
-1.0
-1.0
42.619
-1.0
-1.0
34.7791
-1.0
-1.0
-1.0
-1.0
-1.0
-1.0
-1.0
-1.0
40.9962
-1.0
-1.0
-1.0
36.5426
-1.0
-1.0
48.2506
-1.0
-1.0
49.9934
31.9444
-1.0
-1.0
-1.0
-1.0
-1.0
47.7476
21.888
-1.0
-1.0
47.2146
-1.0
-1.0
28.4135
-1.0
-1.0
46.9129
-1.0
-1.0
-1.0
-1.0
-1.0
-1.0
-1.0
51.172
33.93
-1.0
-1.0
-1.0
-1.0
-1.0
-1.0
-1.0
50.7616
39.8307
26.6811
43.8042
-1.0
-1.0
-1.0
-1.0
-1.0
-1.0
-1.0
-1.0
18.9307
-1.0
-1.0
-1.0
-1.0
-1.0
-1.0
44.9347
17.7172
43.9619
45.9296
-1.0
27.1766
-1.0
-1.0
-1.0
-1.0
-1.0
29.8295
-1.0
-1.0
-1.0
40.435
-1.0
-1.0
-1.0
-1.0
-1.0
34.2932
-1.0
-1.0
-1.0
-1.0
-1.0
-1.0
-1.0
-1.0
44.5852
-1.0
-1.0
-1.0
-1.0
-1.0
12.697
-1.0
-1.0
-1.0
31.5648
-1.0
-1.0
-1.0
-1.0
48.4963
26.3002
15.7307
-1.0
-1.0
-1.0
-1.0
32.2562
42.1303
-1.0
-1.0
-1.0
-1.0
-1.0
46.0634
-1.0
-1.0
-1.0
-1.0
27.0307
-1.0
42.6506
-1.0
52.0202
-1.0
-1.0
47.876
-1.0
-1.0
-1.0
37.4835
-1.0
-1.0
-1.0
-1.0
50.0043
-1.0
36.5739
-1.0
-1.0
-1.0
20.4875
-1.0
29.1946
-1.0
-1.0
-1.0
34.8455
33.768
-1.0
-1.0
-1.0
40.6139
-1.0
-1.0
-1.0
-1.0
-1.0
-1.0
33.8592
-1.0
-1.0
5.84899
-1.0
26.2919
-1.0
-1.0
-1.0
45.9665
-1.0
-1.0
31.7545
47.3832
-1.0
50.8386
-1.0
23.745
-1.0
-1.0
48.2957
-1.0
-1.0
-1.0
49.25
-1.0
44.7113
50.5781
-1.0
-1.0
-1.0
-1.0
-1.0
-1.0
-1.0
-1.0
-1.0
15.4401
36.479
-1.0
-1.0
-1.0
-1.0
-1.0
-1.0
-1.0
-1.0
-1.0
-1.0
-1.0
36.8116
14.9688
-1.0
-1.0
-1.0
-1.0
-1.0
43.2261
-1.0
-1.0
-1.0
-1.0
-1.0
-1.0
47.981
-1.0
42.1573
-1.0
-1.0
-1.0
-1.0
-1.0
-1.0
-1.0
-1.0
-1.0
23.99
-1.0
-1.0
-1.0
-1.0
-1.0
28.7297
-1.0
-1.0
-1.0
-1.0
-1.0
36.9046
-1.0
-1.0
-1.0
14.7714
45.238
51.0827
-1.0
51.3387
-1.0
-1.0
-1.0
-1.0
-1.0
-1.0
-1.0
-1.0
-1.0
24.1708
-1.0
49.829
17.8956
-1.0
-1.0
-1.0
-1.0
42.573
35.2568
-1.0
-1.0
-1.0
-1.0
-1.0
-1.0
-1.0
16.3497
32.3241
-1.0
-1.0
-1.0
42.9504
-1.0
-1.0
-1.0
-1.0
23.7179
-1.0
43.1379
-1.0
51.1073
-1.0
-1.0
-1.0
-1.0
-1.0
40.7497
-1.0
38.0916
33.9621
-1.0
-1.0
-1.0
-1.0
-1.0
-1.0
-1.0
-1.0
-1.0
45.6723
-1.0
-1.0
51.8492
-1.0
-1.0
48.0632
-1.0
-1.0
-1.0
-1.0
-1.0
-1.0
-1.0
-1.0
41.6597
44.4552
-1.0
-1.0
-1.0
-1.0
-1.0
-1.0
-1.0
37.9165
-1.0
-1.0
-1.0
-1.0
-1.0
14.8317
28.099
-1.0
-1.0
-1.0
31.057
35.4755
-1.0
-1.0
-1.0
44.6769
-1.0
-1.0
-1.0
-1.0
-1.0
-1.0
-1.0
-1.0
36.4538
26.823
-1.0
-1.0
46.6871
-1.0
-1.0
-1.0
-1.0
-1.0
-1.0
30.4872
28.43
-1.0
41.3906
23.6261
-1.0
-1.0
-1.0
-1.0
-1.0
-1.0
-1.0
-1.0
-1.0
-1.0
-1.0
-1.0
-1.0
-1.0
39.8356
-1.0
38.3212
48.3215
11.7028
38.8734
44.5986
29.5266
-1.0
-1.0
47.7726
-1.0
-1.0
-1.0
28.8316
-1.0
-1.0
-1.0
41.7521
-1.0
-1.0
-1.0
-1.0
-1.0
-1.0
-1.0
-1.0
-1.0
-1.0
35.8642
-1.0
-1.0
-1.0
-1.0
-1.0
19.8512
-1.0
37.5686
37.128
-1.0
-1.0
-1.0
-1.0
-1.0
-1.0
-1.0
-1.0
34.5367
-1.0
-1.0
-1.0
-1.0
-1.0
-1.0
-1.0
-1.0
39.8203
-1.0
39.8044
-1.0
27.6391
-1.0
34.3582
-1.0
-1.0
28.1527
-1.0
48.9794
-1.0
-1.0
-1.0
-1.0
-1.0
-1.0
-1.0
24.2417
-1.0
-1.0
34.263
-1.0
-1.0
-1.0
-1.0
-1.0
-1.0
-1.0
43.4226
-1.0
-1.0
-1.0
21.4196
-1.0
-1.0
-1.0
-1.0
32.5592
-1.0
-1.0
49.2416
-1.0
-1.0
-1.0
-1.0
-1.0
-1.0
-1.0
-1.0
-1.0
-1.0
-1.0
-1.0
-1.0
-1.0
34.044
44.6863
41.0689
-1.0
-1.0
-1.0
-1.0
29.3323
-1.0
21.005
-1.0
-1.0
-1.0
-1.0
-1.0
-1.0
-1.0
-1.0
44.7054
-1.0
-1.0
-1.0
-1.0
-1.0
-1.0
51.0153
-1.0
27.3298
-1.0
-1.0
15.711
-1.0
-1.0
-1.0
45.5738
-1.0
41.9997
-1.0
-1.0
-1.0
-1.0
-1.0
-1.0
-1.0
-1.0
-1.0
-1.0
-1.0
46.9207
-1.0
-1.0
-1.0
-1.0
-1.0
-1.0
-1.0
-1.0
-1.0
-1.0
-1.0
-1.0
24.7786
-1.0
-1.0
23.8821
-1.0
-1.0
-1.0
-1.0
-1.0
-1.0
-1.0
50.6396
-1.0
-1.0
-1.0
-1.0
44.7419
-1.0
32.7117
-1.0
-1.0
-1.0
-1.0
-1.0
-1.0
-1.0
-1.0
-1.0
19.9655
-1.0
-1.0
-1.0
42.9442
37.9322
46.065
-1.0
-1.0
-1.0
-1.0
-1.0
-1.0
-1.0
47.0793
-1.0
-1.0
25.4723
-1.0
40.7557
-1.0
46.3544
-1.0
-1.0
-1.0
50.7039
26.8295
34.2559
-1.0
45.4792
51.7506
-1.0
30.7029
-1.0
-1.0
-1.0
33.0268
38.1857
10.676
51.3492
-1.0
-1.0
-1.0
-1.0
-1.0
-1.0
17.1044
-1.0
-1.0
-1.0
-1.0
-1.0
-1.0
-1.0
18.7661
25.9821
46.9617
-1.0
-1.0
-1.0
-1.0
-1.0
23.8989
-1.0
-1.0
-1.0
-1.0
-1.0
-1.0
-1.0
-1.0
-1.0
-1.0
-1.0
-1.0
-1.0
-1.0
-1.0
-1.0
43.4637
-1.0
-1.0
47.2025
47.2464
26.7008
44.4232
44.1682
-1.0
-1.0
-1.0
-1.0
-1.0
-1.0
25.2497
-1.0
44.4538
25.5887
-1.0
-1.0
-1.0
-1.0
-1.0
-1.0
-1.0
-1.0
-1.0
-1.0
50.3384
-1.0
-1.0
-1.0
-1.0
-1.0
-1.0
31.0163
-1.0
-1.0
17.7652
31.2142
-1.0
-1.0
27.178
-1.0
-1.0
-1.0
-1.0
-1.0
-1.0
36.5178
-1.0
-1.0
-1.0
19.0491
-1.0
-1.0
39.0964
-1.0
-1.0
-1.0
-1.0
-1.0
-1.0
-1.0
-1.0
-1.0
-1.0
-1.0
46.0147
-1.0
22.3383
-1.0
-1.0
-1.0
-1.0
-1.0
-1.0
-1.0
-1.0
51.9889
-1.0
-1.0
-1.0
-1.0
38.5562
-1.0
-1.0
27.9472
-1.0
18.9916
-1.0
40.8848
-1.0
-1.0
-1.0
-1.0
44.6155
-1.0
-1.0
50.9603
20.5749
-1.0
-1.0
-1.0
-1.0
-1.0
-1.0
-1.0
27.9402
39.2851
-1.0
-1.0
-1.0
-1.0
-1.0
-1.0
-1.0
47.142
-1.0
25.8081
-1.0
-1.0
45.8012
-1.0
-1.0
-1.0
46.2955
-1.0
45.4509
-1.0
-1.0
-1.0
-1.0
36.2164
44.2255
-1.0
52.2551
-1.0
-1.0
43.8323
41.3086
47.6583
-1.0
42.4604
-1.0
-1.0
48.2953
-1.0
40.5015
-1.0
50.9886
31.7381
-1.0
-1.0
-1.0
-1.0
-1.0
-1.0
-1.0
-1.0
27.6709
-1.0
-1.0
27.9908
45.1258
47.231
-1.0
-1.0
-1.0
-1.0
-1.0
-1.0
-1.0
-1.0
-1.0
-1.0
48.3776
-1.0
-1.0
-1.0
-1.0
48.3352
19.8565
-1.0
-1.0
-1.0
-1.0
-1.0
-1.0
-1.0
-1.0
-1.0
-1.0
-1.0
-1.0
-1.0
35.0079
-1.0
-1.0
-1.0
-1.0
21.6551
-1.0
-1.0
-1.0
17.6647
-1.0
-1.0
-1.0
-1.0
-1.0
-1.0
-1.0
49.4401
48.4282
-1.0
-1.0
-1.0
34.7798
28.8065
-1.0
-1.0
-1.0
-1.0
-1.0
-1.0
-1.0
-1.0
-1.0
-1.0
34.4264
-1.0
-1.0
-1.0
49.8394
-1.0
34.7862
48.1076
-1.0
-1.0
45.8059
-1.0
-1.0
-1.0
-1.0
25.553
-1.0
-1.0
-1.0
-1.0
-1.0
-1.0
19.7149
-1.0
-1.0
-1.0
-1.0
51.2167
-1.0
37.4977
-1.0
38.6584
-1.0
-1.0
-1.0
-1.0
-1.0
-1.0
-1.0
-1.0
-1.0
-1.0
-1.0
-1.0
42.9445
-1.0
-1.0
38.4583
-1.0
-1.0
-1.0
37.8419
-1.0
-1.0
-1.0
-1.0
-1.0
-1.0
-1.0
-1.0
-1.0
-1.0
-1.0
-1.0
-1.0
45.0343
30.6423
28.524
-1.0
-1.0
-1.0
-1.0
-1.0
48.7513
-1.0
49.0771
-1.0
-1.0
-1.0
21.9175
-1.0
-1.0
-1.0
-1.0
-1.0
-1.0
-1.0
-1.0
-1.0
-1.0
-1.0
-1.0
-1.0
46.6203
13.6273
23.4803
-1.0
29.3905
-1.0
-1.0
-1.0
-1.0
-1.0
-1.0
49.8759
23.9576
-1.0
-1.0
-1.0
-1.0
-1.0
-1.0
38.9317
-1.0
-1.0
-1.0
-1.0
-1.0
50.8494
-1.0
-1.0
-1.0
41.5264
-1.0
-1.0
-1.0
-1.0
-1.0
39.822
-1.0
43.3467
-1.0
-1.0
-1.0
-1.0
-1.0
-1.0
-1.0
-1.0
-1.0
-1.0
-1.0
-1.0
-1.0
43.285
32.508
-1.0
21.1946
-1.0
-1.0
-1.0
38.0555
-1.0
37.3562
-1.0
-1.0
-1.0
32.2317
24.6431
-1.0
43.4495
-1.0
50.0763
-1.0
27.9548
-1.0
-1.0
-1.0
-1.0
-1.0
-1.0
-1.0
39.207
-1.0
-1.0
-1.0
-1.0
-1.0
39.008
27.1262
-1.0
-1.0
-1.0
43.9126
-1.0
50.5715
51.3677
-1.0
-1.0
-1.0
-1.0
-1.0
-1.0
-1.0
-1.0
-1.0
40.8893
-1.0
-1.0
-1.0
-1.0
-1.0
42.6599
-1.0
-1.0
-1.0
-1.0
-1.0
-1.0
-1.0
31.0273
-1.0
-1.0
-1.0
-1.0
-1.0
-1.0
-1.0
-1.0
-1.0
45.9122
-1.0
-1.0
-1.0
41.6596
49.4201
-1.0
23.7877
-1.0
-1.0
-1.0
-1.0
42.9829
-1.0
14.8936
29.8652
38.1
-1.0
-1.0
-1.0
-1.0
-1.0
-1.0
-1.0
-1.0
-1.0
-1.0
-1.0
-1.0
-1.0
-1.0
-1.0
-1.0
-1.0
51.5854
-1.0
11.9577
-1.0
-1.0
-1.0
-1.0
-1.0
-1.0
-1.0
-1.0
-1.0
-1.0
-1.0
-1.0
17.7157
-1.0
-1.0
-1.0
-1.0
-1.0
25.0486
-1.0
-1.0
-1.0
-1.0
51.8303
-1.0
-1.0
-1.0
-1.0
-1.0
30.1736
-1.0
-1.0
-1.0
-1.0
-1.0
-1.0
42.2948
-1.0
-1.0
-1.0
-1.0
-1.0
-1.0
-1.0
-1.0
38.4666
-1.0
-1.0
41.4767
-1.0
-1.0
51.8265
-1.0
-1.0
-1.0
-1.0
-1.0
-1.0
-1.0
48.3475
-1.0
-1.0
-1.0
-1.0
48.7002
-1.0
-1.0
-1.0
-1.0
38.5971
-1.0
-1.0
-1.0
39.8779
-1.0
-1.0
-1.0
-1.0
-1.0
-1.0
-1.0
-1.0
-1.0
51.8843
-1.0
-1.0
42.0039
-1.0
-1.0
-1.0
-1.0
-1.0
-1.0
-1.0
-1.0
-1.0
43.355
-1.0
-1.0
-1.0
-1.0
36.3217
-1.0
-1.0
-1.0
-1.0
-1.0
-1.0
27.4256
36.3164
-1.0
-1.0
-1.0
-1.0
47.2142
-1.0
-1.0
-1.0
40.7043
37.0156
-1.0
46.7872
-1.0
-1.0
-1.0
-1.0
-1.0
-1.0
41.3507
-1.0
-1.0
-1.0
-1.0
-1.0
-1.0
-1.0
-1.0
-1.0
-1.0
-1.0
-1.0
-1.0
-1.0
-1.0
-1.0
-1.0
-1.0
-1.0
33.6058
-1.0
-1.0
47.8563
-1.0
-1.0
-1.0
-1.0
42.6715
42.1191
35.9952
-1.0
-1.0
47.4847
-1.0
44.6036
31.7389
-1.0
-1.0
-1.0
-1.0
42.5007
-1.0
-1.0
-1.0
-1.0
-1.0
-1.0
-1.0
-1.0
-1.0
33.0227
-1.0
48.2244
-1.0
-1.0
-1.0
48.2537
-1.0
36.1619
-1.0
-1.0
12.9781
41.079
37.292
-1.0
-1.0
-1.0
49.4146
-1.0
-1.0
-1.0
-1.0
-1.0
32.4489
-1.0
-1.0
47.2762
-1.0
-1.0
42.7523
-1.0
-1.0
-1.0
31.8682
-1.0
-1.0
31.2765
-1.0
19.8286
-1.0
32.5588
46.4517
-1.0
-1.0
-1.0
-1.0
-1.0
-1.0
-1.0
-1.0
-1.0
-1.0
-1.0
-1.0
-1.0
-1.0
41.4553
29.5516
13.4631
46.6485
42.2331
33.1021
-1.0
-1.0
36.1313
51.0244
-1.0
-1.0
37.1917
-1.0
-1.0
-1.0
32.4994
-1.0
-1.0
49.8855
-1.0
-1.0
41.1265
-1.0
39.5763
-1.0
-1.0
28.5035
-1.0
-1.0
-1.0
45.8883
-1.0
-1.0
-1.0
-1.0
-1.0
-1.0
31.1585
-1.0
-1.0
-1.0
-1.0
43.4548
43.9664
-1.0
39.1512
-1.0
-1.0
-1.0
46.5062
26.9218
-1.0
-1.0
-1.0
-1.0
-1.0
12.7276
-1.0
-1.0
-1.0
-1.0
30.7566
-1.0
-1.0
-1.0
-1.0
-1.0
29.7896
-1.0
46.2201
50.5233
-1.0
-1.0
28.4133
51.7484
47.1307
-1.0
-1.0
-1.0
-1.0
-1.0
-1.0
-1.0
-1.0
-1.0
-1.0
10.6083
40.0299
-1.0
-1.0
-1.0
47.0141
-1.0
-1.0
-1.0
-1.0
-1.0
-1.0
-1.0
-1.0
-1.0
-1.0
-1.0
-1.0
-1.0
-1.0
50.3921
-1.0
-1.0
-1.0
-1.0
-1.0
-1.0
-1.0
40.722
-1.0
-1.0
-1.0
49.4
-1.0
31.0788
-1.0
37.1085
-1.0
-1.0
-1.0
3.83753
-1.0
-1.0
26.1656
24.7263
51.8781
-1.0
-1.0
-1.0
-1.0
-1.0
-1.0
-1.0
-1.0
-1.0
50.6617
-1.0
-1.0
-1.0
33.4646
-1.0
42.3142
-1.0
-1.0
36.524
-1.0
38.8937
25.7272
-1.0
-1.0
30.3727
-1.0
-1.0
49.0009
-1.0
-1.0
51.5091
-1.0
-1.0
34.2
42.2192
-1.0
-1.0
-1.0
-1.0
-1.0
-1.0
-1.0
-1.0
-1.0
28.0783
-1.0
-1.0
-1.0
-1.0
-1.0
-1.0
-1.0
33.4984
-1.0
-1.0
-1.0
41.8926
43.3885
35.3712
-1.0
-1.0
24.8038
48.1661
-1.0
-1.0
-1.0
52.1623
-1.0
-1.0
-1.0
-1.0
-1.0
14.7247
-1.0
-1.0
-1.0
-1.0
33.7451
46.4566
48.8572
-1.0
30.1022
-1.0
-1.0
-1.0
-1.0
-1.0
-1.0
-1.0
-1.0
-1.0
-1.0
-1.0
-1.0
-1.0
43.9876
24.9356
-1.0
-1.0
-1.0
33.2902
36.2382
-1.0
-1.0
45.2586
46.2961
37.5014
-1.0
-1.0
-1.0
-1.0
23.2981
32.3289
-1.0
-1.0
-1.0
38.9714
-1.0
-1.0
-1.0
33.7868
-1.0
-1.0
27.6657
-1.0
-1.0
45.5303
-1.0
-1.0
-1.0
-1.0
-1.0
-1.0
-1.0
32.8958
-1.0
-1.0
-1.0
-1.0
49.5457
-1.0
-1.0
44.7036
31.5128
-1.0
-1.0
33.0418
-1.0
-1.0
-1.0
-1.0
-1.0
42.8101
-1.0
-1.0
44.3925
-1.0
-1.0
-1.0
-1.0
-1.0
-1.0
-1.0
-1.0
-1.0
46.8347
-1.0
-1.0
-1.0
-1.0
-1.0
-1.0
-1.0
-1.0
-1.0
42.9064
-1.0
-1.0
-1.0
-1.0
52.0924
-1.0
-1.0
42.6738
-1.0
-1.0
-1.0
21.0527
-1.0
-1.0
-1.0
-1.0
-1.0
-1.0
-1.0
-1.0
-1.0
-1.0
46.9633
-1.0
-1.0
-1.0
-1.0
26.2125
-1.0
35.1074
-1.0
-1.0
-1.0
-1.0
-1.0
-1.0
-1.0
-1.0
-1.0
-1.0
-1.0
-1.0
-1.0
-1.0
-1.0
-1.0
-1.0
-1.0
-1.0
-1.0
-1.0
-1.0
-1.0
-1.0
50.804
-1.0
-1.0
11.8427
43.7681
51.5748
-1.0
-1.0
-1.0
-1.0
47.794
-1.0
-1.0
-1.0
-1.0
-1.0
-1.0
-1.0
-1.0
-1.0
-1.0
-1.0
-1.0
-1.0
-1.0
39.0369
-1.0
-1.0
-1.0
-1.0
-1.0
-1.0
-1.0
-1.0
-1.0
-1.0
-1.0
-1.0
-1.0
50.6465
-1.0
51.2508
-1.0
-1.0
50.4932
-1.0
-1.0
29.2212
-1.0
-1.0
36.6738
38.4423
-1.0
37.7765
-1.0
-1.0
46.9353
-1.0
-1.0
-1.0
-1.0
-1.0
-1.0
-1.0
-1.0
-1.0
38.6604
43.944
-1.0
-1.0
49.7129
-1.0
-1.0
-1.0
-1.0
-1.0
-1.0
-1.0
15.0155
-1.0
31.7953
-1.0
-1.0
-1.0
-1.0
47.9969
-1.0
-1.0
-1.0
36.368
-1.0
-1.0
28.0266
-1.0
-1.0
30.5785
-1.0
39.69
-1.0
33.7989
-1.0
-1.0
-1.0
-1.0
-1.0
-1.0
-1.0
-1.0
-1.0
-1.0
-1.0
-1.0
-1.0
-1.0
-1.0
-1.0
-1.0
-1.0
-1.0
-1.0
-1.0
-1.0
29.8807
-1.0
-1.0
-1.0
-1.0
-1.0
-1.0
38.1475
-1.0
-1.0
-1.0
-1.0
-1.0
26.5244
-1.0
10.323
-1.0
-1.0
-1.0
-1.0
-1.0
-1.0
-1.0
-1.0
-1.0
31.0615
-1.0
-1.0
-1.0
-1.0
-1.0
-1.0
-1.0
-1.0
-1.0
48.1128
-1.0
23.8638
-1.0
-1.0
-1.0
-1.0
-1.0
-1.0
26.9537
-1.0
43.5714
-1.0
-1.0
-1.0
-1.0
-1.0
-1.0
-1.0
48.8857
-1.0
-1.0
48.7507
-1.0
50.2834
-1.0
-1.0
-1.0
-1.0
-1.0
-1.0
-1.0
-1.0
-1.0
31.7116
-1.0
-1.0
-1.0
-1.0
-1.0
30.0917
-1.0
-1.0
-1.0
-1.0
25.5451
-1.0
-1.0
-1.0
-1.0
-1.0
-1.0
45.5778
45.1657
-1.0
-1.0
-1.0
-1.0
-1.0
-1.0
-1.0
-1.0
-1.0
-1.0
-1.0
-1.0
38.5117
-1.0
-1.0
-1.0
-1.0
-1.0
-1.0
-1.0
-1.0
-1.0
48.8841
15.4666
-1.0
-1.0
-1.0
-1.0
-1.0
-1.0
-1.0
-1.0
-1.0
-1.0
33.8713
-1.0
-1.0
-1.0
-1.0
-1.0
-1.0
-1.0
-1.0
35.2206
-1.0
32.2474
-1.0
-1.0
-1.0
32.6062
47.3415
-1.0
-1.0
13.3022
-1.0
-1.0
-1.0
-1.0
-1.0
-1.0
35.7632
25.6603
-1.0
-1.0
-1.0
-1.0
-1.0
36.837
-1.0
-1.0
-1.0
-1.0
-1.0
-1.0
-1.0
51.7684
-1.0
-1.0
31.8249
-1.0
-1.0
18.4106
47.6995
-1.0
42.7374
-1.0
-1.0
37.7734
-1.0
40.0585
-1.0
-1.0
-1.0
-1.0
-1.0
32.3829
-1.0
-1.0
-1.0
35.065
-1.0
-1.0
-1.0
-1.0
-1.0
-1.0
-1.0
21.2503
-1.0
51.1466
-1.0
-1.0
-1.0
41.0318
-1.0
-1.0
40.1506
-1.0
-1.0
39.4226
-1.0
-1.0
-1.0
-1.0
-1.0
-1.0
-1.0
-1.0
24.7198
-1.0
-1.0
-1.0
-1.0
-1.0
-1.0
-1.0
-1.0
-1.0
-1.0
-1.0
-1.0
48.9841
49.092
-1.0
35.381
39.594
-1.0
-1.0
-1.0
51.7058
-1.0
-1.0
-1.0
-1.0
-1.0
40.3057
47.6243
-1.0
41.0666
-1.0
-1.0
-1.0
42.26
-1.0
-1.0
-1.0
33.217
-1.0
-1.0
-1.0
-1.0
-1.0
-1.0
-1.0
44.9485
-1.0
49.3594
-1.0
-1.0
-1.0
-1.0
-1.0
-1.0
-1.0
-1.0
-1.0
-1.0
-1.0
-1.0
-1.0
-1.0
-1.0
-1.0
-1.0
-1.0
-1.0
-1.0
-1.0
-1.0
23.3466
36.1007
-1.0
-1.0
-1.0
12.7593
-1.0
-1.0
20.7362
-1.0
46.4156
35.7179
27.0
-1.0
-1.0
33.5663
40.8034
-1.0
27.4471
-1.0
-1.0
-1.0
-1.0
-1.0
-1.0
-1.0
-1.0
45.7085
-1.0
46.9014
-1.0
40.2069
-1.0
-1.0
44.0471
-1.0
-1.0
29.8893
39.3566
-1.0
43.6548
-1.0
23.5551
49.0923
-1.0
-1.0
35.3974
-1.0
28.1253
-1.0
-1.0
-1.0
-1.0
-1.0
40.5873
-1.0
-1.0
-1.0
17.9291
46.8622
-1.0
24.1689
-1.0
-1.0
-1.0
-1.0
-1.0
17.7585
21.7685
-1.0
-1.0
-1.0
44.9878
-1.0
-1.0
-1.0
-1.0
-1.0
-1.0
-1.0
-1.0
-1.0
-1.0
20.3122
-1.0
-1.0
-1.0
-1.0
-1.0
39.6036
-1.0
51.6919
-1.0
49.3513
-1.0
-1.0
-1.0
-1.0
-1.0
-1.0
-1.0
52.1296
-1.0
-1.0
38.6649
-1.0
-1.0
-1.0
47.7568
49.723
28.0906
-1.0
48.3082
-1.0
-1.0
-1.0
40.4888
48.0624
-1.0
-1.0
-1.0
-1.0
-1.0
-1.0
-1.0
-1.0
-1.0
-1.0
-1.0
-1.0
-1.0
-1.0
-1.0
-1.0
-1.0
29.1793
-1.0
44.2788
-1.0
-1.0
-1.0
20.0478
-1.0
-1.0
-1.0
29.6415
-1.0
-1.0
-1.0
49.7265
-1.0
-1.0
-1.0
-1.0
-1.0
-1.0
-1.0
-1.0
50.4999
-1.0
-1.0
-1.0
-1.0
-1.0
19.1273
-1.0
-1.0
-1.0
-1.0
-1.0
36.2538
-1.0
-1.0
-1.0
-1.0
-1.0
-1.0
-1.0
-1.0
21.7259
47.3237
-1.0
-1.0
-1.0
43.5935
-1.0
-1.0
-1.0
41.0108
-1.0
36.7935
46.0776
-1.0
26.9763
-1.0
31.8583
43.1446
11.9902
-1.0
-1.0
-1.0
-1.0
15.1221
-1.0
46.9081
-1.0
46.6827
-1.0
-1.0
-1.0
-1.0
-1.0
-1.0
24.851
-1.0
-1.0
37.0886
-1.0
-1.0
-1.0
-1.0
23.4734
-1.0
48.1704
-1.0
-1.0
-1.0
-1.0
-1.0
-1.0
-1.0
47.6895
43.8648
-1.0
-1.0
-1.0
-1.0
-1.0
-1.0
-1.0
11.7933
-1.0
-1.0
-1.0
-1.0
48.6841
-1.0
-1.0
-1.0
20.7547
-1.0
-1.0
18.3223
-1.0
-1.0
-1.0
-1.0
47.4592
49.9245
-1.0
-1.0
-1.0
36.9354
-1.0
-1.0
40.3711
-1.0
-1.0
42.2795
-1.0
-1.0
-1.0
-1.0
-1.0
38.3623
33.7018
-1.0
43.7362
-1.0
-1.0
-1.0
-1.0
-1.0
-1.0
-1.0
-1.0
-1.0
-1.0
-1.0
-1.0
33.7141
-1.0
-1.0
50.7006
42.8343
-1.0
-1.0
-1.0
39.548
-1.0
-1.0
-1.0
-1.0
-1.0
19.6093
-1.0
-1.0
-1.0
-1.0
-1.0
-1.0
-1.0
-1.0
-1.0
44.9899
-1.0
45.9279
-1.0
44.3483
-1.0
-1.0
-1.0
48.3633
-1.0
-1.0
37.3256
-1.0
-1.0
39.6608
14.5877
-1.0
-1.0
-1.0
-1.0
-1.0
-1.0
38.0748
35.9248
33.7994
-1.0
-1.0
-1.0
-1.0
-1.0
-1.0
-1.0
-1.0
-1.0
43.171
-1.0
45.8696
-1.0
-1.0
-1.0
-1.0
26.0047
-1.0
-1.0
-1.0
44.5154
-1.0
-1.0
-1.0
34.9811
-1.0
-1.0
-1.0
-1.0
-1.0
-1.0
45.8592
-1.0
48.9743
-1.0
-1.0
-1.0
-1.0
49.2615
-1.0
33.5627
-1.0
-1.0
-1.0
-1.0
-1.0
-1.0
-1.0
23.8843
38.8361
-1.0
-1.0
-1.0
-1.0
-1.0
-1.0
-1.0
-1.0
-1.0
-1.0
-1.0
-1.0
-1.0
-1.0
-1.0
-1.0
-1.0
-1.0
39.0734
-1.0
-1.0
13.7462
-1.0
-1.0
-1.0
-1.0
-1.0
-1.0
-1.0
-1.0
-1.0
-1.0
40.1087
-1.0
48.0162
-1.0
-1.0
-1.0
-1.0
-1.0
-1.0
-1.0
-1.0
-1.0
48.8635
-1.0
-1.0
-1.0
-1.0
-1.0
-1.0
-1.0
21.2711
-1.0
-1.0
45.108
-1.0
-1.0
-1.0
15.1026
-1.0
-1.0
-1.0
-1.0
-1.0
50.0577
-1.0
-1.0
29.6583
-1.0
-1.0
-1.0
48.5272
-1.0
45.2592
-1.0
-1.0
-1.0
15.3197
-1.0
-1.0
-1.0
20.121
-1.0
39.1345
-1.0
-1.0
-1.0
-1.0
36.3087
47.5346
51.2377
-1.0
-1.0
-1.0
-1.0
-1.0
-1.0
-1.0
17.9007
-1.0
21.2098
-1.0
37.8077
-1.0
-1.0
38.7364
45.1552
49.8433
-1.0
-1.0
-1.0
-1.0
-1.0
11.9312
-1.0
31.5603
-1.0
-1.0
-1.0
-1.0
-1.0
-1.0
-1.0
-1.0
25.2342
-1.0
-1.0
-1.0
-1.0
-1.0
27.6403
-1.0
-1.0
-1.0
14.7824
-1.0
-1.0
-1.0
35.0465
25.2857
-1.0
-1.0
-1.0
-1.0
-1.0
-1.0
-1.0
-1.0
-1.0
-1.0
-1.0
-1.0
-1.0
-1.0
-1.0
32.0261
29.2251
-1.0
-1.0
-1.0
-1.0
-1.0
-1.0
-1.0
-1.0
-1.0
-1.0
44.1949
-1.0
-1.0
-1.0
-1.0
34.7904
-1.0
-1.0
-1.0
-1.0
-1.0
-1.0
-1.0
-1.0
-1.0
-1.0
-1.0
-1.0
-1.0
43.5081
-1.0
21.3988
-1.0
40.955
-1.0
-1.0
-1.0
-1.0
-1.0
-1.0
-1.0
38.5015
-1.0
8.87441
-1.0
-1.0
-1.0
-1.0
-1.0
-1.0
-1.0
-1.0
38.8449
-1.0
49.8825
29.0905
31.4967
-1.0
50.1681
30.8396
-1.0
-1.0
-1.0
-1.0
-1.0
-1.0
44.573
-1.0
-1.0
-1.0
-1.0
-1.0
-1.0
14.6937
-1.0
-1.0
-1.0
17.7927
-1.0
-1.0
-1.0
-1.0
-1.0
-1.0
-1.0
-1.0
-1.0
-1.0
-1.0
-1.0
-1.0
-1.0
-1.0
-1.0
38.4384
19.9
35.5869
-1.0
-1.0
-1.0
-1.0
-1.0
-1.0
-1.0
-1.0
-1.0
-1.0
41.5634
-1.0
-1.0
-1.0
-1.0
-1.0
-1.0
-1.0
-1.0
-1.0
-1.0
-1.0
-1.0
-1.0
-1.0
-1.0
-1.0
-1.0
-1.0
-1.0
-1.0
-1.0
-1.0
-1.0
-1.0
-1.0
-1.0
-1.0
-1.0
-1.0
-1.0
-1.0
27.2104
-1.0
-1.0
-1.0
-1.0
-1.0
-1.0
-1.0
35.3195
-1.0
-1.0
-1.0
-1.0
-1.0
-1.0
-1.0
-1.0
-1.0
-1.0
-1.0
-1.0
-1.0
-1.0
-1.0
-1.0
-1.0
-1.0
-1.0
-1.0
35.0235
-1.0
-1.0
-1.0
-1.0
-1.0
-1.0
-1.0
50.9966
-1.0
-1.0
-1.0
-1.0
43.1135
32.362
34.442
20.6691
-1.0
26.0481
51.3452
-1.0
-1.0
30.021
-1.0
-1.0
46.2354
-1.0
-1.0
-1.0
-1.0
-1.0
-1.0
34.3904
50.0056
-1.0
-1.0
-1.0
-1.0
-1.0
-1.0
51.5298
-1.0
-1.0
-1.0
-1.0
-1.0
-1.0
-1.0
-1.0
-1.0
-1.0
-1.0
-1.0
-1.0
-1.0
40.8164
-1.0
-1.0
-1.0
-1.0
-1.0
-1.0
-1.0
-1.0
-1.0
-1.0
25.9866
-1.0
-1.0
42.5678
-1.0
-1.0
14.0822
20.7439
-1.0
-1.0
31.0222
-1.0
-1.0
24.7026
-1.0
-1.0
-1.0
-1.0
41.9552
31.5668
-1.0
34.9046
-1.0
-1.0
-1.0
-1.0
-1.0
-1.0
34.1248
-1.0
-1.0
-1.0
-1.0
-1.0
-1.0
-1.0
-1.0
-1.0
-1.0
-1.0
-1.0
40.18
-1.0
-1.0
-1.0
-1.0
-1.0
-1.0
-1.0
-1.0
-1.0
-1.0
-1.0
41.1276
-1.0
-1.0
-1.0
-1.0
-1.0
-1.0
26.2787
-1.0
26.7462
-1.0
-1.0
-1.0
-1.0
-1.0
-1.0
-1.0
-1.0
-1.0
-1.0
-1.0
-1.0
-1.0
-1.0
-1.0
-1.0
30.9939
-1.0
-1.0
-1.0
-1.0
-1.0
32.0428
35.0434
-1.0
-1.0
-1.0
-1.0
-1.0
-1.0
19.9655
-1.0
-1.0
33.9675
26.0605
-1.0
-1.0
-1.0
-1.0
18.1798
48.6508
37.7769
-1.0
-1.0
45.7458
-1.0
-1.0
-1.0
-1.0
-1.0
-1.0
-1.0
31.7909
-1.0
-1.0
-1.0
-1.0
31.3811
13.3033
-1.0
-1.0
19.7531
-1.0
22.6692
32.7405
23.9511
18.6667
47.7654
-1.0
48.2018
-1.0
-1.0
-1.0
18.9746
-1.0
-1.0
-1.0
-1.0
-1.0
-1.0
-1.0
51.6073
-1.0
-1.0
-1.0
-1.0
41.1527
-1.0
38.372
-1.0
-1.0
-1.0
33.3516
-1.0
-1.0
51.4783
-1.0
23.08
35.0523
-1.0
-1.0
-1.0
-1.0
-1.0
-1.0
-1.0
-1.0
-1.0
40.571
-1.0
-1.0
-1.0
-1.0
-1.0
-1.0
-1.0
-1.0
-1.0
-1.0
48.6091
-1.0
-1.0
-1.0
-1.0
49.1412
-1.0
-1.0
-1.0
-1.0
-1.0
-1.0
-1.0
-1.0
9.06315
-1.0
-1.0
-1.0
-1.0
-1.0
30.2315
29.7674
51.5095
-1.0
-1.0
-1.0
-1.0
51.5907
-1.0
-1.0
-1.0
49.6174
-1.0
41.5783
-1.0
-1.0
-1.0
-1.0
-1.0
-1.0
-1.0
-1.0
45.1227
-1.0
44.272
50.1482
-1.0
38.0955
-1.0
-1.0
-1.0
-1.0
-1.0
-1.0
50.9133
47.6411
-1.0
-1.0
-1.0
20.6372
-1.0
-1.0
47.5648
-1.0
19.6125
-1.0
-1.0
-1.0
-1.0
-1.0
-1.0
-1.0
-1.0
-1.0
40.7178
22.1745
-1.0
45.5878
-1.0
-1.0
-1.0
-1.0
26.0712
26.0286
-1.0
-1.0
-1.0
-1.0
-1.0
28.323
-1.0
-1.0
-1.0
-1.0
-1.0
-1.0
50.5158
-1.0
-1.0
26.9038
-1.0
-1.0
-1.0
-1.0
52.2452
-1.0
16.3565
-1.0
-1.0
-1.0
-1.0
-1.0
-1.0
29.2825
-1.0
-1.0
-1.0
-1.0
37.442
-1.0
45.5014
-1.0
-1.0
-1.0
-1.0
-1.0
-1.0
-1.0
40.4718
-1.0
-1.0
-1.0
-1.0
-1.0
-1.0
-1.0
46.3088
-1.0
-1.0
-1.0
-1.0
-1.0
-1.0
-1.0
-1.0
48.1249
50.6335
41.5224
-1.0
28.6377
-1.0
50.7735
-1.0
-1.0
-1.0
-1.0
-1.0
-1.0
41.1774
-1.0
-1.0
-1.0
-1.0
-1.0
26.0334
31.6912
-1.0
-1.0
-1.0
-1.0
-1.0
48.7888
-1.0
-1.0
-1.0
-1.0
-1.0
-1.0
41.7985
-1.0
-1.0
-1.0
25.1432
-1.0
49.8621
-1.0
29.011
5.4365
-1.0
-1.0
26.3473
33.1196
-1.0
-1.0
-1.0
31.4678
-1.0
-1.0
-1.0
-1.0
41.8213
-1.0
-1.0
-1.0
19.2329
-1.0
-1.0
-1.0
-1.0
-1.0
-1.0
-1.0
28.7844
-1.0
-1.0
18.7144
-1.0
29.175
43.4877
-1.0
49.8445
-1.0
36.5476
46.607
-1.0
-1.0
-1.0
-1.0
-1.0
-1.0
-1.0
17.0718
-1.0
-1.0
-1.0
34.1598
-1.0
16.4053
-1.0
-1.0
-1.0
-1.0
-1.0
-1.0
-1.0
-1.0
-1.0
-1.0
-1.0
-1.0
-1.0
-1.0
38.4103
-1.0
-1.0
43.6268
-1.0
45.7773
45.855
-1.0
28.8208
49.3545
-1.0
-1.0
-1.0
-1.0
-1.0
-1.0
-1.0
-1.0
-1.0
-1.0
-1.0
44.1813
-1.0
-1.0
-1.0
39.86
-1.0
46.1398
-1.0
-1.0
-1.0
-1.0
-1.0
-1.0
-1.0
-1.0
-1.0
-1.0
-1.0
24.761
-1.0
-1.0
11.2336
26.0175
40.7728
-1.0
-1.0
-1.0
-1.0
-1.0
24.0972
-1.0
-1.0
26.5683
-1.0
-1.0
-1.0
-1.0
44.5995
-1.0
-1.0
-1.0
29.1757
20.131
-1.0
-1.0
-1.0
-1.0
-1.0
11.0404
-1.0
-1.0
19.3829
29.5418
-1.0
-1.0
25.9444
-1.0
-1.0
-1.0
-1.0
-1.0
-1.0
36.4981
44.007
-1.0
-1.0
-1.0
46.2509
-1.0
-1.0
-1.0
-1.0
-1.0
-1.0
-1.0
-1.0
-1.0
-1.0
-1.0
-1.0
-1.0
-1.0
-1.0
-1.0
-1.0
-1.0
-1.0
-1.0
16.4866
-1.0
-1.0
-1.0
-1.0
-1.0
39.7767
30.2331
-1.0
-1.0
-1.0
-1.0
-1.0
56.0658
-1.0
-1.0
-1.0
30.5148
39.3215
39.7806
-1.0
-1.0
-1.0
-1.0
-1.0
-1.0
38.1869
-1.0
-1.0
-1.0
-1.0
-1.0
-1.0
-1.0
42.2733
-1.0
-1.0
-1.0
-1.0
-1.0
-1.0
37.5524
-1.0
-1.0
-1.0
30.3684
-1.0
-1.0
-1.0
48.052
-1.0
-1.0
-1.0
-1.0
-1.0
48.0571
27.2027
-1.0
-1.0
-1.0
44.011
-1.0
26.0432
-1.0
49.1109
-1.0
-1.0
-1.0
-1.0
-1.0
-1.0
-1.0
-1.0
-1.0
37.3711
-1.0
49.3912
28.9909
-1.0
22.4518
20.3391
-1.0
-1.0
-1.0
-1.0
49.9173
40.5829
-1.0
32.9557
-1.0
-1.0
-1.0
-1.0
-1.0
-1.0
-1.0
-1.0
-1.0
43.4504
-1.0
49.5374
-1.0
-1.0
-1.0
-1.0
42.9359
-1.0
-1.0
-1.0
33.9672
-1.0
22.9109
-1.0
-1.0
-1.0
-1.0
38.4102
-1.0
36.1822
16.221
35.3425
39.4348
27.2348
-1.0
44.9538
-1.0
-1.0
-1.0
-1.0
-1.0
41.793
-1.0
43.7449
-1.0
-1.0
-1.0
-1.0
48.4805
28.6509
-1.0
-1.0
17.3188
-1.0
-1.0
-1.0
-1.0
-1.0
-1.0
-1.0
-1.0
-1.0
41.7188
-1.0
-1.0
-1.0
43.9115
41.3386
-1.0
-1.0
49.6688
-1.0
-1.0
33.4419
-1.0
-1.0
-1.0
-1.0
41.2479
40.174
-1.0
-1.0
-1.0
-1.0
-1.0
-1.0
-1.0
45.7156
-1.0
-1.0
-1.0
-1.0
-1.0
-1.0
48.9531
-1.0
-1.0
29.0603
-1.0
-1.0
-1.0
-1.0
-1.0
-1.0
37.898
41.1598
-1.0
-1.0
-1.0
41.4549
-1.0
-1.0
-1.0
43.5093
16.9769
39.6358
50.6594
-1.0
-1.0
-1.0
-1.0
40.2172
-1.0
-1.0
-1.0
39.3555
-1.0
32.5996
-1.0
38.163
-1.0
-1.0
-1.0
-1.0
-1.0
-1.0
38.1062
-1.0
-1.0
-1.0
-1.0
-1.0
-1.0
-1.0
-1.0
-1.0
-1.0
-1.0
-1.0
-1.0
-1.0
-1.0
-1.0
-1.0
15.9391
26.3454
-1.0
35.8662
42.6507
-1.0
-1.0
-1.0
-1.0
-1.0
-1.0
23.6908
-1.0
45.1346
-1.0
-1.0
43.9064
22.5958
-1.0
-1.0
-1.0
-1.0
-1.0
-1.0
-1.0
-1.0
42.271
-1.0
-1.0
33.5169
43.846
-1.0
-1.0
-1.0
-1.0
-1.0
-1.0
-1.0
-1.0
-1.0
-1.0
-1.0
-1.0
-1.0
-1.0
-1.0
-1.0
-1.0
43.5441
-1.0
-1.0
-1.0
-1.0
-1.0
-1.0
56.6907
-1.0
-1.0
-1.0
23.6975
-1.0
38.9704
39.2149
-1.0
-1.0
-1.0
-1.0
-1.0
-1.0
-1.0
-1.0
-1.0
43.4249
-1.0
23.12
-1.0
-1.0
-1.0
9.89149
-1.0
-1.0
-1.0
-1.0
-1.0
29.8969
-1.0
-1.0
-1.0
-1.0
-1.0
-1.0
27.5064
-1.0
-1.0
-1.0
-1.0
-1.0
42.5745
46.9385
-1.0
-1.0
45.9781
-1.0
-1.0
-1.0
-1.0
-1.0
-1.0
-1.0
-1.0
-1.0
-1.0
-1.0
42.7284
-1.0
-1.0
-1.0
42.181
46.4837
-1.0
-1.0
-1.0
-1.0
14.3491
35.6693
-1.0
-1.0
-1.0
44.2604
33.5072
49.7179
-1.0
-1.0
-1.0
-1.0
43.4321
-1.0
44.2906
-1.0
-1.0
23.884
-1.0
-1.0
-1.0
-1.0
-1.0
-1.0
-1.0
49.4426
-1.0
-1.0
-1.0
-1.0
-1.0
-1.0
-1.0
-1.0
-1.0
-1.0
-1.0
-1.0
-1.0
-1.0
39.158
-1.0
-1.0
-1.0
-1.0
-1.0
-1.0
-1.0
-1.0
-1.0
-1.0
-1.0
31.2513
-1.0
-1.0
26.0133
51.8684
-1.0
31.5505
-1.0
-1.0
-1.0
50.3655
-1.0
-1.0
-1.0
51.8373
-1.0
-1.0
-1.0
-1.0
42.0219
-1.0
-1.0
-1.0
-1.0
-1.0
52.2328
-1.0
-1.0
-1.0
-1.0
-1.0
-1.0
-1.0
-1.0
-1.0
-1.0
-1.0
32.9213
-1.0
-1.0
-1.0
-1.0
-1.0
-1.0
23.6174
-1.0
47.7685
34.1863
42.2152
-1.0
-1.0
-1.0
-1.0
-1.0
-1.0
27.6036
-1.0
-1.0
-1.0
-1.0
-1.0
34.5739
-1.0
-1.0
-1.0
-1.0
-1.0
-1.0
-1.0
36.9381
-1.0
26.291
-1.0
45.73
-1.0
-1.0
-1.0
-1.0
-1.0
43.2707
-1.0
-1.0
-1.0
51.7519
-1.0
-1.0
-1.0
25.7374
41.4975
-1.0
47.5253
-1.0
-1.0
-1.0
-1.0
-1.0
-1.0
22.0336
-1.0
-1.0
-1.0
-1.0
32.9855
-1.0
-1.0
-1.0
-1.0
-1.0
-1.0
16.7326
-1.0
30.2527
26.7494
-1.0
-1.0
-1.0
-1.0
33.2189
-1.0
-1.0
-1.0
-1.0
21.0145
-1.0
-1.0
32.3526
-1.0
-1.0
-1.0
36.6083
-1.0
-1.0
-1.0
-1.0
-1.0
-1.0
-1.0
-1.0
-1.0
-1.0
-1.0
-1.0
-1.0
-1.0
-1.0
-1.0
39.3538
12.4845
-1.0
-1.0
-1.0
-1.0
-1.0
-1.0
-1.0
-1.0
52.0144
-1.0
-1.0
-1.0
-1.0
-1.0
-1.0
-1.0
-1.0
-1.0
-1.0
-1.0
18.5986
-1.0
-1.0
-1.0
42.9798
-1.0
-1.0
33.7003
-1.0
-1.0
32.592
-1.0
21.8684
-1.0
-1.0
-1.0
-1.0
-1.0
-1.0
-1.0
-1.0
-1.0
-1.0
-1.0
-1.0
-1.0
-1.0
-1.0
-1.0
-1.0
43.6896
30.7451
-1.0
44.7457
-1.0
45.3915
-1.0
17.5194
-1.0
47.9181
-1.0
-1.0
-1.0
-1.0
-1.0
-1.0
-1.0
-1.0
37.1326
47.9299
-1.0
-1.0
13.1803
-1.0
-1.0
-1.0
31.8473
-1.0
-1.0
-1.0
-1.0
-1.0
-1.0
-1.0
-1.0
-1.0
-1.0
40.8453
-1.0
-1.0
-1.0
-1.0
-1.0
-1.0
-1.0
49.9042
42.4249
-1.0
-1.0
-1.0
-1.0
-1.0
-1.0
23.6562
-1.0
-1.0
46.2021
-1.0
39.7918
-1.0
-1.0
40.0632
-1.0
-1.0
-1.0
-1.0
-1.0
-1.0
-1.0
-1.0
-1.0
-1.0
16.0901
15.6253
30.2542
23.9405
-1.0
-1.0
41.4267
-1.0
33.3114
-1.0
47.4089
-1.0
-1.0
-1.0
22.624
51.2779
40.7949
-1.0
-1.0
-1.0
-1.0
47.1351
-1.0
-1.0
-1.0
32.427
-1.0
39.8832
-1.0
-1.0
-1.0
41.5821
-1.0
-1.0
-1.0
-1.0
-1.0
-1.0
-1.0
-1.0
-1.0
-1.0
-1.0
-1.0
-1.0
-1.0
-1.0
-1.0
-1.0
-1.0
-1.0
-1.0
44.716
-1.0
27.3146
-1.0
13.0227
36.2617
-1.0
-1.0
26.1427
9.319
-1.0
-1.0
-1.0
-1.0
38.631
-1.0
-1.0
-1.0
-1.0
-1.0
-1.0
-1.0
-1.0
-1.0
-1.0
-1.0
-1.0
-1.0
50.7308
-1.0
-1.0
44.2078
-1.0
-1.0
-1.0
-1.0
-1.0
-1.0
15.1767
-1.0
-1.0
-1.0
-1.0
-1.0
-1.0
-1.0
-1.0
-1.0
-1.0
-1.0
18.137
-1.0
-1.0
-1.0
28.6856
11.3141
-1.0
43.2685
46.1282
-1.0
-1.0
-1.0
13.178
35.4192
-1.0
-1.0
-1.0
-1.0
40.6366
-1.0
-1.0
-1.0
14.1306
-1.0
-1.0
-1.0
-1.0
-1.0
-1.0
-1.0
-1.0
-1.0
-1.0
27.4416
26.5575
-1.0
-1.0
-1.0
-1.0
-1.0
-1.0
-1.0
-1.0
-1.0
50.2484
45.4185
-1.0
34.8021
-1.0
43.2962
-1.0
-1.0
-1.0
-1.0
-1.0
43.6455
25.923
-1.0
-1.0
-1.0
-1.0
-1.0
-1.0
-1.0
-1.0
-1.0
44.6754
-1.0
-1.0
-1.0
-1.0
49.679
-1.0
-1.0
-1.0
48.4256
-1.0
-1.0
-1.0
-1.0
-1.0
19.8194
-1.0
-1.0
-1.0
-1.0
-1.0
-1.0
-1.0
-1.0
-1.0
34.3762
34.081
48.2805
32.7706
42.1649
-1.0
-1.0
-1.0
28.7114
24.5037
-1.0
-1.0
-1.0
-1.0
-1.0
-1.0
-1.0
22.636
-1.0
-1.0
33.2139
44.2276
-1.0
-1.0
35.9104
-1.0
-1.0
-1.0
-1.0
32.7736
-1.0
-1.0
-1.0
-1.0
45.4275
-1.0
-1.0
-1.0
-1.0
36.5892
-1.0
-1.0
-1.0
-1.0
11.1777
-1.0
-1.0
-1.0
39.4804
-1.0
-1.0
-1.0
-1.0
-1.0
-1.0
-1.0
-1.0
-1.0
-1.0
-1.0
-1.0
-1.0
-1.0
-1.0
-1.0
-1.0
-1.0
-1.0
-1.0
-1.0
-1.0
-1.0
32.9835
-1.0
-1.0
-1.0
-1.0
-1.0
-1.0
-1.0
-1.0
-1.0
-1.0
-1.0
-1.0
-1.0
37.5212
-1.0
9.2828
-1.0
-1.0
33.4704
-1.0
-1.0
-1.0
-1.0
-1.0
-1.0
-1.0
-1.0
26.4784
-1.0
-1.0
-1.0
-1.0
-1.0
-1.0
-1.0
-1.0
24.7293
-1.0
-1.0
-1.0
-1.0
-1.0
47.2147
-1.0
22.5008
13.55
29.6534
-1.0
-1.0
28.7481
-1.0
36.4199
-1.0
-1.0
-1.0
-1.0
9.41635
24.0822
-1.0
-1.0
44.4829
-1.0
-1.0
-1.0
-1.0
-1.0
-1.0
-1.0
39.8201
-1.0
-1.0
32.704
-1.0
-1.0
-1.0
-1.0
-1.0
51.3592
-1.0
22.4676
-1.0
39.5702
-1.0
-1.0
48.3441
-1.0
-1.0
51.5561
-1.0
-1.0
-1.0
-1.0
46.2428
-1.0
26.7983
-1.0
-1.0
-1.0
-1.0
-1.0
-1.0
-1.0
-1.0
-1.0
-1.0
44.8386
-1.0
-1.0
9.15953
-1.0
-1.0
-1.0
30.3691
-1.0
-1.0
41.5608
50.9692
42.2464
36.1446
-1.0
-1.0
-1.0
-1.0
-1.0
-1.0
-1.0
-1.0
-1.0
-1.0
-1.0
44.8124
-1.0
45.4976
-1.0
-1.0
-1.0
-1.0
-1.0
-1.0
-1.0
-1.0
-1.0
-1.0
-1.0
-1.0
-1.0
-1.0
-1.0
-1.0
-1.0
31.8483
-1.0
-1.0
-1.0
-1.0
-1.0
-1.0
-1.0
-1.0
-1.0
-1.0
-1.0
-1.0
-1.0
-1.0
-1.0
-1.0
-1.0
-1.0
-1.0
-1.0
38.3465
-1.0
28.9357
-1.0
-1.0
-1.0
41.4142
-1.0
-1.0
-1.0
-1.0
-1.0
-1.0
-1.0
-1.0
38.0985
-1.0
-1.0
42.9739
-1.0
-1.0
-1.0
-1.0
-1.0
24.9468
41.8462
-1.0
25.1748
-1.0
-1.0
-1.0
-1.0
-1.0
-1.0
-1.0
-1.0
48.9095
-1.0
56.2259
-1.0
38.9803
-1.0
-1.0
-1.0
48.7796
-1.0
-1.0
-1.0
47.3701
-1.0
-1.0
-1.0
-1.0
-1.0
37.6824
-1.0
-1.0
51.6671
-1.0
-1.0
-1.0
7.07135
48.0151
-1.0
-1.0
-1.0
-1.0
-1.0
-1.0
17.294
43.904
-1.0
51.6195
48.5652
-1.0
50.2062
-1.0
49.191
-1.0
-1.0
-1.0
-1.0
-1.0
52.0123
-1.0
-1.0
-1.0
-1.0
-1.0
-1.0
-1.0
-1.0
47.2998
27.9319
-1.0
-1.0
-1.0
-1.0
-1.0
-1.0
-1.0
31.2418
9.34386
-1.0
-1.0
-1.0
18.0051
-1.0
33.3823
-1.0
-1.0
41.3579
-1.0
-1.0
32.4032
36.411
32.7923
-1.0
-1.0
38.7869
-1.0
-1.0
-1.0
-1.0
-1.0
-1.0
45.4078
-1.0
39.6723
-1.0
-1.0
23.7835
-1.0
-1.0
-1.0
-1.0
-1.0
33.7911
-1.0
27.3237
42.1392
-1.0
41.5901
-1.0
14.2648
-1.0
46.8759
11.1533
-1.0
-1.0
-1.0
49.6775
-1.0
28.5802
-1.0
-1.0
-1.0
-1.0
-1.0
-1.0
48.6823
19.3133
-1.0
-1.0
-1.0
-1.0
20.6392
-1.0
-1.0
34.5254
38.839
-1.0
-1.0
-1.0
-1.0
28.8694
-1.0
-1.0
47.274
49.6329
-1.0
-1.0
42.84
-1.0
-1.0
-1.0
-1.0
43.6316
-1.0
-1.0
-1.0
-1.0
-1.0
-1.0
-1.0
-1.0
-1.0
-1.0
36.1668
-1.0
-1.0
-1.0
-1.0
-1.0
-1.0
-1.0
31.4121
-1.0
-1.0
-1.0
36.6183
-1.0
-1.0
-1.0
-1.0
-1.0
46.898
27.6812
42.8732
-1.0
-1.0
-1.0
-1.0
-1.0
-1.0
-1.0
-1.0
13.5289
-1.0
-1.0
51.518
49.6095
48.8811
-1.0
-1.0
39.5088
48.6011
-1.0
-1.0
-1.0
-1.0
-1.0
-1.0
-1.0
-1.0
-1.0
-1.0
-1.0
-1.0
-1.0
50.0517
-1.0
33.3668
-1.0
-1.0
-1.0
-1.0
-1.0
-1.0
43.2335
-1.0
-1.0
47.8323
-1.0
-1.0
31.8883
-1.0
27.5596
-1.0
46.7296
-1.0
-1.0
-1.0
-1.0
-1.0
-1.0
-1.0
-1.0
-1.0
-1.0
25.4607
-1.0
-1.0
-1.0
-1.0
-1.0
-1.0
-1.0
-1.0
-1.0
-1.0
-1.0
-1.0
-1.0
-1.0
-1.0
-1.0
-1.0
-1.0
-1.0
-1.0
-1.0
-1.0
-1.0
-1.0
-1.0
21.7779
-1.0
-1.0
-1.0
-1.0
-1.0
-1.0
-1.0
-1.0
-1.0
-1.0
-1.0
-1.0
-1.0
-1.0
-1.0
-1.0
-1.0
-1.0
-1.0
-1.0
37.5769
21.4998
-1.0
-1.0
-1.0
-1.0
-1.0
53.3992
-1.0
-1.0
-1.0
-1.0
-1.0
-1.0
-1.0
33.2023
-1.0
-1.0
-1.0
-1.0
-1.0
-1.0
-1.0
-1.0
-1.0
-1.0
26.3465
-1.0
-1.0
-1.0
-1.0
-1.0
47.769
38.9351
47.4825
45.2629
-1.0
-1.0
-1.0
-1.0
-1.0
28.0606
-1.0
-1.0
-1.0
-1.0
-1.0
46.6304
-1.0
42.5049
30.3127
31.6987
-1.0
-1.0
-1.0
-1.0
-1.0
-1.0
38.2608
34.2049
-1.0
24.1714
44.2224
-1.0
-1.0
10.2379
-1.0
-1.0
-1.0
34.9083
-1.0
-1.0
-1.0
-1.0
-1.0
27.3627
-1.0
-1.0
28.9284
-1.0
-1.0
24.8499
-1.0
46.224
-1.0
-1.0
37.9058
-1.0
-1.0
47.6886
-1.0
-1.0
31.0755
49.5153
-1.0
-1.0
-1.0
-1.0
-1.0
42.315
37.7692
30.1491
-1.0
-1.0
-1.0
50.7294
-1.0
-1.0
-1.0
-1.0
-1.0
-1.0
-1.0
-1.0
-1.0
-1.0
-1.0
-1.0
-1.0
-1.0
-1.0
-1.0
-1.0
-1.0
-1.0
-1.0
18.8201
38.1499
-1.0
-1.0
-1.0
-1.0
-1.0
-1.0
51.8724
25.6573
50.1851
21.0284
41.1997
-1.0
-1.0
-1.0
-1.0
-1.0
-1.0
-1.0
-1.0
-1.0
-1.0
-1.0
-1.0
-1.0
-1.0
-1.0
-1.0
12.828
24.651
38.6809
-1.0
-1.0
-1.0
-1.0
-1.0
-1.0
-1.0
-1.0
42.7255
18.3475
-1.0
-1.0
-1.0
-1.0
-1.0
-1.0
-1.0
-1.0
-1.0
-1.0
-1.0
-1.0
-1.0
45.073
-1.0
-1.0
-1.0
26.4196
-1.0
39.8696
23.4461
-1.0
49.4759
-1.0
27.1566
-1.0
-1.0
-1.0
-1.0
24.3058
-1.0
-1.0
-1.0
-1.0
37.2122
50.0399
-1.0
-1.0
-1.0
-1.0
-1.0
-1.0
-1.0
-1.0
-1.0
47.136
48.4111
31.5772
-1.0
-1.0
-1.0
26.1543
-1.0
-1.0
-1.0
-1.0
-1.0
-1.0
41.318
-1.0
-1.0
-1.0
-1.0
25.9053
-1.0
-1.0
47.7209
-1.0
-1.0
20.7875
-1.0
-1.0
-1.0
-1.0
-1.0
-1.0
41.7372
-1.0
-1.0
-1.0
-1.0
-1.0
31.5163
-1.0
-1.0
-1.0
-1.0
47.1645
-1.0
-1.0
27.6912
-1.0
41.2027
36.998
36.1619
-1.0
-1.0
32.6583
-1.0
22.5082
47.3061
56.1448
50.5277
55.2477
22.1771
-1.0
-1.0
43.5365
-1.0
-1.0
-1.0
-1.0
-1.0
-1.0
-1.0
-1.0
-1.0
-1.0
-1.0
-1.0
-1.0
-1.0
-1.0
-1.0
-1.0
31.0016
-1.0
-1.0
-1.0
-1.0
47.1573
27.4484
35.9225
-1.0
-1.0
-1.0
-1.0
-1.0
-1.0
-1.0
-1.0
-1.0
33.6608
-1.0
26.8687
39.5704
28.1457
-1.0
-1.0
-1.0
44.8278
-1.0
-1.0
42.7645
-1.0
12.5349
-1.0
-1.0
-1.0
-1.0
-1.0
-1.0
-1.0
37.7641
-1.0
-1.0
-1.0
-1.0
-1.0
-1.0
28.0968
-1.0
-1.0
-1.0
-1.0
-1.0
-1.0
-1.0
-1.0
-1.0
-1.0
33.1285
-1.0
-1.0
45.6342
37.9414
-1.0
-1.0
-1.0
-1.0
-1.0
-1.0
-1.0
-1.0
37.6805
-1.0
41.2539
-1.0
-1.0
-1.0
-1.0
-1.0
-1.0
40.9548
-1.0
-1.0
24.8691
-1.0
-1.0
46.1381
-1.0
-1.0
-1.0
-1.0
-1.0
-1.0
-1.0
-1.0
-1.0
-1.0
-1.0
-1.0
-1.0
41.4646
20.7816
37.1025
-1.0
-1.0
-1.0
-1.0
42.0455
-1.0
-1.0
-1.0
49.0128
-1.0
32.8367
-1.0
-1.0
-1.0
-1.0
-1.0
-1.0
31.0928
30.5226
-1.0
-1.0
46.2762
-1.0
-1.0
-1.0
-1.0
-1.0
-1.0
-1.0
-1.0
-1.0
-1.0
-1.0
-1.0
-1.0
-1.0
-1.0
-1.0
33.138
-1.0
-1.0
34.3176
-1.0
-1.0
-1.0
-1.0
-1.0
-1.0
-1.0
51.9113
-1.0
-1.0
-1.0
19.4391
-1.0
41.1715
-1.0
-1.0
42.6113
-1.0
-1.0
31.304
-1.0
-1.0
-1.0
-1.0
-1.0
-1.0
-1.0
37.4683
-1.0
-1.0
-1.0
-1.0
-1.0
-1.0
-1.0
-1.0
-1.0
-1.0
42.464
46.1393
-1.0
-1.0
-1.0
-1.0
10.9935
-1.0
-1.0
-1.0
-1.0
-1.0
-1.0
-1.0
-1.0
-1.0
-1.0
-1.0
-1.0
-1.0
-1.0
-1.0
-1.0
-1.0
-1.0
-1.0
-1.0
49.2726
-1.0
26.8343
32.9584
24.9302
-1.0
-1.0
-1.0
-1.0
-1.0
42.0875
48.3021
36.6928
-1.0
-1.0
24.825
-1.0
-1.0
-1.0
-1.0
-1.0
-1.0
-1.0
-1.0
-1.0
-1.0
-1.0
-1.0
-1.0
-1.0
50.4201
40.9433
-1.0
-1.0
-1.0
-1.0
-1.0
-1.0
39.2779
-1.0
-1.0
-1.0
-1.0
-1.0
-1.0
43.9308
-1.0
-1.0
-1.0
34.4257
-1.0
33.0385
-1.0
-1.0
-1.0
-1.0
-1.0
-1.0
44.4217
-1.0
30.4205
-1.0
-1.0
-1.0
42.2407
-1.0
-1.0
-1.0
-1.0
-1.0
-1.0
-1.0
47.1078
-1.0
21.9508
-1.0
44.2561
-1.0
-1.0
-1.0
-1.0
8.47025
-1.0
-1.0
45.1215
-1.0
-1.0
-1.0
43.0322
-1.0
-1.0
-1.0
-1.0
-1.0
-1.0
-1.0
-1.0
-1.0
37.9074
-1.0
-1.0
-1.0
-1.0
-1.0
-1.0
-1.0
-1.0
-1.0
39.1131
55.0369
-1.0
-1.0
48.0318
-1.0
-1.0
29.0158
-1.0
-1.0
27.9984
-1.0
-1.0
-1.0
47.112
52.8409
-1.0
-1.0
32.3073
49.5801
-1.0
46.7557
-1.0
-1.0
-1.0
-1.0
-1.0
-1.0
49.8573
-1.0
-1.0
-1.0
-1.0
46.3084
36.7434
-1.0
-1.0
-1.0
-1.0
-1.0
36.209
-1.0
34.6886
-1.0
-1.0
-1.0
-1.0
-1.0
-1.0
-1.0
-1.0
-1.0
-1.0
40.0948
49.3857
-1.0
-1.0
-1.0
-1.0
-1.0
-1.0
-1.0
-1.0
18.8055
-1.0
-1.0
-1.0
-1.0
45.1762
38.0718
24.3606
-1.0
-1.0
30.2199
-1.0
-1.0
-1.0
-1.0
38.0271
27.9237
-1.0
35.7577
-1.0
-1.0
-1.0
-1.0
52.1978
-1.0
-1.0
-1.0
-1.0
-1.0
-1.0
-1.0
-1.0
-1.0
7.93894
-1.0
34.0467
-1.0
49.1496
-1.0
35.1234
-1.0
-1.0
-1.0
-1.0
-1.0
-1.0
-1.0
49.8763
-1.0
-1.0
29.4925
-1.0
-1.0
-1.0
-1.0
-1.0
35.0055
49.8323
-1.0
41.8199
-1.0
-1.0
-1.0
-1.0
38.5208
-1.0
-1.0
-1.0
-1.0
-1.0
23.3012
-1.0
37.4114
28.9169
24.1219
-1.0
-1.0
17.2285
-1.0
-1.0
-1.0
-1.0
40.6864
49.0229
-1.0
-1.0
-1.0
29.6989
-1.0
29.1505
42.448
-1.0
47.9717
-1.0
-1.0
-1.0
-1.0
-1.0
-1.0
-1.0
45.6366
-1.0
-1.0
-1.0
-1.0
-1.0
-1.0
-1.0
-1.0
-1.0
-1.0
17.0366
-1.0
-1.0
-1.0
-1.0
-1.0
44.5933
-1.0
-1.0
-1.0
-1.0
-1.0
-1.0
31.3814
14.9073
-1.0
26.4575
47.5781
-1.0
-1.0
-1.0
-1.0
-1.0
-1.0
-1.0
43.6093
-1.0
-1.0
-1.0
-1.0
-1.0
20.2926
-1.0
-1.0
-1.0
-1.0
-1.0
-1.0
-1.0
-1.0
-1.0
-1.0
21.7139
-1.0
-1.0
-1.0
-1.0
-1.0
27.7246
-1.0
44.5304
-1.0
-1.0
-1.0
-1.0
32.6695
-1.0
-1.0
-1.0
40.9904
-1.0
-1.0
-1.0
37.4065
-1.0
-1.0
-1.0
37.038
-1.0
-1.0
-1.0
-1.0
-1.0
-1.0
-1.0
-1.0
40.9777
-1.0
-1.0
-1.0
-1.0
-1.0
-1.0
-1.0
-1.0
44.6734
-1.0
-1.0
-1.0
-1.0
-1.0
-1.0
-1.0
-1.0
-1.0
-1.0
-1.0
-1.0
38.8499
-1.0
-1.0
-1.0
46.3324
-1.0
-1.0
36.8303
-1.0
51.8624
-1.0
-1.0
22.9993
-1.0
-1.0
-1.0
42.7068
-1.0
34.9833
-1.0
-1.0
-1.0
-1.0
33.1501
25.5064
-1.0
28.0579
-1.0
-1.0
-1.0
-1.0
-1.0
-1.0
47.87
-1.0
-1.0
-1.0
-1.0
-1.0
-1.0
-1.0
-1.0
35.7815
-1.0
41.5103
-1.0
-1.0
-1.0
49.169
29.3848
-1.0
-1.0
-1.0
-1.0
-1.0
-1.0
-1.0
-1.0
-1.0
-1.0
-1.0
-1.0
-1.0
-1.0
-1.0
-1.0
-1.0
36.2606
-1.0
-1.0
-1.0
-1.0
-1.0
-1.0
-1.0
-1.0
-1.0
-1.0
16.5491
-1.0
42.6026
-1.0
-1.0
-1.0
-1.0
43.4343
-1.0
45.7496
-1.0
20.3634
-1.0
-1.0
12.5529
-1.0
-1.0
-1.0
-1.0
-1.0
-1.0
-1.0
-1.0
46.9528
-1.0
-1.0
-1.0
-1.0
-1.0
-1.0
-1.0
18.4823
-1.0
41.4303
-1.0
-1.0
-1.0
-1.0
-1.0
-1.0
-1.0
37.6635
-1.0
12.2089
-1.0
43.9482
-1.0
-1.0
25.3722
-1.0
-1.0
-1.0
-1.0
-1.0
-1.0
-1.0
18.9095
-1.0
-1.0
-1.0
-1.0
-1.0
-1.0
39.0143
-1.0
-1.0
-1.0
-1.0
-1.0
-1.0
-1.0
51.827
-1.0
-1.0
42.8916
-1.0
-1.0
-1.0
-1.0
-1.0
-1.0
-1.0
-1.0
-1.0
-1.0
-1.0
-1.0
-1.0
-1.0
-1.0
-1.0
-1.0
-1.0
-1.0
-1.0
-1.0
-1.0
-1.0
46.1145
34.8978
28.4743
-1.0
-1.0
-1.0
40.1461
41.6783
43.043
-1.0
-1.0
-1.0
-1.0
-1.0
-1.0
44.8758
-1.0
28.9107
-1.0
-1.0
34.7962
-1.0
50.5177
-1.0
19.5085
-1.0
42.3038
35.4827
-1.0
-1.0
-1.0
33.1345
-1.0
-1.0
27.923
-1.0
-1.0
-1.0
-1.0
-1.0
39.0903
48.1003
-1.0
-1.0
30.7201
-1.0
-1.0
-1.0
-1.0
-1.0
-1.0
-1.0
-1.0
-1.0
-1.0
-1.0
21.6221
-1.0
-1.0
35.3348
-1.0
-1.0
-1.0
-1.0
23.7546
-1.0
-1.0
20.6817
24.2611
-1.0
-1.0
-1.0
28.4926
-1.0
-1.0
-1.0
-1.0
-1.0
-1.0
-1.0
-1.0
-1.0
-1.0
-1.0
-1.0
-1.0
-1.0
-1.0
46.7463
-1.0
-1.0
-1.0
-1.0
-1.0
-1.0
-1.0
36.2663
-1.0
-1.0
45.7476
-1.0
-1.0
-1.0
-1.0
-1.0
-1.0
47.2028
-1.0
-1.0
-1.0
-1.0
-1.0
-1.0
-1.0
-1.0
-1.0
-1.0
-1.0
-1.0
-1.0
-1.0
35.6399
-1.0
-1.0
-1.0
-1.0
-1.0
-1.0
-1.0
-1.0
-1.0
-1.0
-1.0
16.4986
-1.0
-1.0
24.3536
-1.0
23.875
-1.0
-1.0
-1.0
-1.0
-1.0
-1.0
-1.0
-1.0
-1.0
-1.0
-1.0
-1.0
23.1293
-1.0
-1.0
-1.0
-1.0
-1.0
-1.0
37.7342
-1.0
-1.0
-1.0
24.7488
41.0081
-1.0
-1.0
-1.0
43.6514
41.2188
-1.0
-1.0
-1.0
-1.0
37.8622
-1.0
-1.0
28.4385
-1.0
40.9841
36.9359
-1.0
-1.0
-1.0
-1.0
-1.0
-1.0
-1.0
-1.0
-1.0
-1.0
48.1359
-1.0
48.1083
-1.0
-1.0
-1.0
49.1127
-1.0
29.9007
-1.0
-1.0
-1.0
-1.0
30.6444
17.3773
-1.0
32.4204
-1.0
-1.0
-1.0
-1.0
-1.0
-1.0
-1.0
-1.0
-1.0
-1.0
-1.0
42.6615
-1.0
-1.0
26.6111
46.4885
-1.0
-1.0
50.486
-1.0
-1.0
41.4353
-1.0
-1.0
-1.0
40.5042
49.1701
-1.0
-1.0
-1.0
-1.0
-1.0
-1.0
-1.0
-1.0
46.2605
-1.0
-1.0
-1.0
29.4311
39.1778
-1.0
-1.0
-1.0
46.5955
51.3833
-1.0
-1.0
12.0139
24.3139
25.5373
-1.0
-1.0
-1.0
-1.0
-1.0
45.3153
-1.0
-1.0
-1.0
31.1431
-1.0
-1.0
-1.0
40.4382
39.918
-1.0
42.6973
-1.0
-1.0
-1.0
-1.0
-1.0
-1.0
-1.0
50.0004
-1.0
-1.0
33.8718
47.6628
-1.0
-1.0
-1.0
-1.0
-1.0
-1.0
-1.0
-1.0
-1.0
-1.0
-1.0
-1.0
22.6697
-1.0
38.9831
-1.0
-1.0
48.1072
-1.0
17.9945
-1.0
-1.0
-1.0
41.508
-1.0
-1.0
-1.0
21.5557
-1.0
6.30698
37.3048
-1.0
42.5545
38.5797
-1.0
-1.0
-1.0
-1.0
-1.0
-1.0
-1.0
-1.0
-1.0
-1.0
-1.0
-1.0
29.3621
-1.0
-1.0
-1.0
-1.0
-1.0
-1.0
-1.0
19.7881
-1.0
-1.0
-1.0
39.8524
-1.0
48.9782
-1.0
-1.0
26.4014
-1.0
-1.0
-1.0
32.6103
-1.0
-1.0
-1.0
-1.0
-1.0
-1.0
-1.0
-1.0
-1.0
-1.0
-1.0
21.6844
-1.0
26.9147
-1.0
-1.0
-1.0
-1.0
45.0161
-1.0
-1.0
-1.0
-1.0
35.1891
-1.0
-1.0
-1.0
-1.0
-1.0
-1.0
26.7457
28.5411
-1.0
-1.0
-1.0
-1.0
-1.0
-1.0
-1.0
-1.0
-1.0
-1.0
47.7662
-1.0
-1.0
-1.0
-1.0
-1.0
-1.0
-1.0
39.0513
44.81
-1.0
-1.0
-1.0
-1.0
47.8459
-1.0
13.7197
-1.0
-1.0
-1.0
-1.0
-1.0
20.2127
-1.0
-1.0
-1.0
8.41154
-1.0
-1.0
-1.0
30.19
-1.0
39.6368
47.2294
40.2492
-1.0
-1.0
-1.0
-1.0
-1.0
-1.0
38.292
-1.0
26.4925
-1.0
-1.0
-1.0
-1.0
49.681
-1.0
40.1898
-1.0
-1.0
41.9643
-1.0
-1.0
-1.0
-1.0
19.1528
-1.0
-1.0
-1.0
-1.0
43.0496
-1.0
-1.0
-1.0
-1.0
20.0024
-1.0
-1.0
-1.0
-1.0
-1.0
-1.0
-1.0
40.1954
30.6958
-1.0
-1.0
-1.0
-1.0
-1.0
35.0727
45.8034
-1.0
38.8584
-1.0
36.191
-1.0
44.5646
-1.0
-1.0
-1.0
-1.0
36.3461
-1.0
-1.0
-1.0
51.5154
-1.0
-1.0
44.7137
-1.0
-1.0
-1.0
-1.0
-1.0
-1.0
-1.0
40.5503
-1.0
-1.0
-1.0
-1.0
-1.0
-1.0
-1.0
-1.0
-1.0
-1.0
-1.0
43.7345
-1.0
-1.0
-1.0
-1.0
20.4739
39.2732
24.938
-1.0
-1.0
-1.0
28.4127
-1.0
-1.0
-1.0
-1.0
-1.0
-1.0
-1.0
-1.0
-1.0
52.7968
-1.0
-1.0
24.1606
-1.0
-1.0
-1.0
-1.0
34.0853
-1.0
-1.0
-1.0
38.4355
-1.0
-1.0
-1.0
-1.0
-1.0
-1.0
-1.0
-1.0
44.4655
-1.0
22.4337
-1.0
-1.0
-1.0
34.6668
40.8481
-1.0
-1.0
-1.0
-1.0
-1.0
-1.0
-1.0
-1.0
-1.0
-1.0
28.4267
-1.0
-1.0
43.7487
37.3482
-1.0
-1.0
24.8557
-1.0
-1.0
-1.0
31.208
-1.0
-1.0
-1.0
43.3254
-1.0
-1.0
-1.0
-1.0
26.5494
-1.0
-1.0
-1.0
-1.0
-1.0
-1.0
36.5707
-1.0
25.087
-1.0
-1.0
-1.0
-1.0
50.0683
-1.0
-1.0
-1.0
-1.0
-1.0
-1.0
-1.0
-1.0
-1.0
-1.0
29.308
42.9443
-1.0
-1.0
36.2304
-1.0
-1.0
-1.0
-1.0
-1.0
-1.0
11.7906
43.9169
39.1515
26.325
-1.0
-1.0
50.0513
-1.0
-1.0
-1.0
-1.0
-1.0
30.7616
-1.0
16.7493
-1.0
-1.0
33.4386
-1.0
-1.0
-1.0
37.9714
43.5479
40.9694
46.2189
48.6778
49.4837
-1.0
36.7488
-1.0
24.7813
43.0057
-1.0
34.4092
38.1803
-1.0
24.1773
-1.0
-1.0
29.3819
-1.0
50.8983
-1.0
24.467
-1.0
52.2444
36.4557
28.0815
-1.0
-1.0
-1.0
-1.0
-1.0
-1.0
-1.0
-1.0
-1.0
30.9997
38.0074
-1.0
-1.0
-1.0
42.2315
-1.0
34.3095
-1.0
-1.0
-1.0
-1.0
-1.0
-1.0
-1.0
-1.0
48.22
-1.0
25.6696
-1.0
-1.0
-1.0
-1.0
36.835
30.1016
-1.0
-1.0
-1.0
-1.0
-1.0
-1.0
46.3965
-1.0
47.6991
-1.0
-1.0
-1.0
-1.0
44.0243
22.6737
42.2042
-1.0
-1.0
-1.0
-1.0
-1.0
-1.0
50.2669
-1.0
39.6747
45.1185
-1.0
-1.0
37.2774
-1.0
-1.0
-1.0
-1.0
39.9798
-1.0
-1.0
-1.0
-1.0
-1.0
-1.0
28.9561
47.1865
32.6583
-1.0
51.6125
-1.0
-1.0
39.681
-1.0
-1.0
-1.0
-1.0
-1.0
48.3486
-1.0
-1.0
-1.0
21.5939
50.2734
-1.0
49.9995
-1.0
-1.0
-1.0
-1.0
-1.0
-1.0
-1.0
42.474
-1.0
28.3694
51.1528
-1.0
-1.0
-1.0
-1.0
-1.0
-1.0
18.1627
44.9454
-1.0
-1.0
-1.0
-1.0
-1.0
-1.0
33.3479
-1.0
38.3529
-1.0
-1.0
-1.0
-1.0
-1.0
-1.0
30.2713
-1.0
32.4409
39.613
-1.0
25.4293
-1.0
-1.0
-1.0
-1.0
-1.0
24.1514
-1.0
-1.0
28.8203
-1.0
-1.0
-1.0
-1.0
-1.0
-1.0
-1.0
-1.0
-1.0
-1.0
28.9465
-1.0
-1.0
-1.0
18.9042
-1.0
-1.0
-1.0
-1.0
-1.0
-1.0
-1.0
-1.0
-1.0
-1.0
-1.0
-1.0
-1.0
-1.0
-1.0
42.9845
-1.0
-1.0
26.1656
-1.0
-1.0
-1.0
-1.0
-1.0
-1.0
-1.0
-1.0
-1.0
-1.0
-1.0
-1.0
-1.0
-1.0
-1.0
-1.0
50.7196
-1.0
-1.0
-1.0
-1.0
-1.0
-1.0
-1.0
-1.0
-1.0
-1.0
-1.0
-1.0
-1.0
41.0546
-1.0
46.9171
-1.0
-1.0
-1.0
31.4417
-1.0
-1.0
-1.0
-1.0
-1.0
-1.0
-1.0
-1.0
-1.0
34.1131
43.9108
-1.0
-1.0
38.7486
-1.0
-1.0
-1.0
-1.0
-1.0
-1.0
-1.0
-1.0
-1.0
-1.0
-1.0
-1.0
-1.0
-1.0
-1.0
-1.0
27.3178
50.7126
-1.0
-1.0
-1.0
-1.0
-1.0
-1.0
-1.0
-1.0
-1.0
-1.0
39.5391
-1.0
-1.0
-1.0
-1.0
-1.0
-1.0
-1.0
36.1304
47.3745
-1.0
40.8315
-1.0
28.0286
-1.0
-1.0
-1.0
-1.0
-1.0
-1.0
45.9479
-1.0
-1.0
-1.0
34.9341
-1.0
-1.0
-1.0
-1.0
-1.0
-1.0
-1.0
51.9223
-1.0
-1.0
-1.0
-1.0
-1.0
48.1071
45.9097
-1.0
-1.0
-1.0
-1.0
-1.0
-1.0
-1.0
-1.0
-1.0
-1.0
-1.0
-1.0
-1.0
-1.0
-1.0
28.1109
-1.0
-1.0
-1.0
-1.0
-1.0
-1.0
-1.0
30.395
-1.0
-1.0
19.1707
-1.0
30.9099
-1.0
-1.0
-1.0
-1.0
-1.0
-1.0
-1.0
-1.0
-1.0
40.8972
-1.0
-1.0
-1.0
-1.0
-1.0
-1.0
-1.0
-1.0
-1.0
-1.0
40.3307
48.9584
-1.0
-1.0
-1.0
-1.0
50.7851
-1.0
-1.0
-1.0
39.997
41.1104
46.7384
-1.0
-1.0
42.5091
-1.0
-1.0
-1.0
-1.0
-1.0
-1.0
-1.0
-1.0
-1.0
44.7301
39.8382
-1.0
-1.0
34.8801
-1.0
-1.0
-1.0
-1.0
36.6268
-1.0
-1.0
-1.0
48.2965
-1.0
-1.0
-1.0
-1.0
-1.0
42.1193
-1.0
-1.0
45.6193
-1.0
32.6749
-1.0
43.2322
-1.0
36.6899
-1.0
-1.0
-1.0
-1.0
-1.0
-1.0
-1.0
19.9759
-1.0
-1.0
-1.0
-1.0
-1.0
-1.0
42.2829
-1.0
38.7063
-1.0
-1.0
-1.0
-1.0
-1.0
-1.0
-1.0
17.6928
-1.0
38.8389
48.2459
41.1292
-1.0
-1.0
-1.0
-1.0
-1.0
-1.0
-1.0
43.7739
-1.0
-1.0
-1.0
35.067
-1.0
-1.0
19.1854
50.4192
-1.0
-1.0
-1.0
-1.0
-1.0
-1.0
-1.0
-1.0
43.3313
-1.0
21.6014
-1.0
-1.0
19.2146
-1.0
-1.0
37.2623
-1.0
-1.0
-1.0
-1.0
-1.0
19.5789
-1.0
-1.0
-1.0
-1.0
-1.0
18.0463
37.0297
-1.0
35.2818
-1.0
-1.0
-1.0
43.8327
-1.0
-1.0
-1.0
-1.0
-1.0
-1.0
-1.0
39.1413
35.1245
-1.0
-1.0
-1.0
-1.0
15.2002
-1.0
-1.0
-1.0
-1.0
-1.0
-1.0
-1.0
-1.0
-1.0
-1.0
42.7204
-1.0
28.9059
-1.0
47.351
-1.0
-1.0
-1.0
-1.0
-1.0
-1.0
51.0902
15.3917
20.6599
35.5417
-1.0
-1.0
14.7394
-1.0
-1.0
-1.0
47.2499
-1.0
-1.0
8.25792
-1.0
37.7113
-1.0
52.0221
-1.0
-1.0
-1.0
-1.0
-1.0
45.5299
-1.0
-1.0
-1.0
43.7953
-1.0
49.6356
-1.0
-1.0
-1.0
-1.0
-1.0
-1.0
-1.0
-1.0
29.3229
36.3987
-1.0
-1.0
-1.0
-1.0
41.9965
-1.0
-1.0
-1.0
45.1987
-1.0
47.694
-1.0
29.0172
-1.0
-1.0
-1.0
49.238
-1.0
39.1509
-1.0
-1.0
-1.0
-1.0
-1.0
49.4661
-1.0
-1.0
-1.0
-1.0
31.5379
-1.0
36.4952
-1.0
-1.0
-1.0
-1.0
-1.0
-1.0
32.2137
-1.0
-1.0
-1.0
38.3726
-1.0
-1.0
-1.0
44.57
-1.0
-1.0
-1.0
-1.0
-1.0
-1.0
36.375
-1.0
39.5799
-1.0
-1.0
-1.0
44.2276
-1.0
-1.0
37.5076
-1.0
-1.0
-1.0
38.9186
43.1005
-1.0
-1.0
51.6808
-1.0
-1.0
70.9809
-1.0
-1.0
50.3782
-1.0
-1.0
37.1474
-1.0
-1.0
-1.0
-1.0
-1.0
-1.0
-1.0
-1.0
-1.0
22.2357
-1.0
-1.0
-1.0
-1.0
-1.0
-1.0
-1.0
-1.0
-1.0
-1.0
-1.0
-1.0
-1.0
-1.0
-1.0
-1.0
-1.0
-1.0
46.4502
-1.0
-1.0
-1.0
-1.0
-1.0
50.3421
-1.0
-1.0
28.4307
-1.0
-1.0
-1.0
-1.0
-1.0
-1.0
31.5653
-1.0
-1.0
-1.0
-1.0
-1.0
-1.0
-1.0
-1.0
37.5395
-1.0
-1.0
-1.0
-1.0
-1.0
-1.0
-1.0
-1.0
-1.0
-1.0
-1.0
51.8679
44.4696
-1.0
-1.0
-1.0
-1.0
-1.0
-1.0
42.0733
-1.0
-1.0
-1.0
37.2482
-1.0
-1.0
-1.0
-1.0
-1.0
-1.0
-1.0
44.9055
-1.0
-1.0
-1.0
48.5039
-1.0
-1.0
-1.0
-1.0
-1.0
-1.0
-1.0
-1.0
-1.0
-1.0
-1.0
-1.0
-1.0
-1.0
-1.0
-1.0
-1.0
46.4695
-1.0
-1.0
-1.0
-1.0
-1.0
-1.0
-1.0
-1.0
46.2494
-1.0
-1.0
-1.0
42.06
-1.0
-1.0
-1.0
46.7147
41.4059
39.7413
-1.0
35.8548
36.4197
-1.0
-1.0
-1.0
-1.0
-1.0
-1.0
-1.0
44.0218
-1.0
47.3064
-1.0
-1.0
-1.0
-1.0
48.2817
-1.0
-1.0
35.7217
-1.0
-1.0
-1.0
-1.0
-1.0
-1.0
43.2864
26.8266
-1.0
-1.0
50.7948
-1.0
21.6734
-1.0
33.8104
25.0999
-1.0
31.7268
49.55
-1.0
-1.0
-1.0
-1.0
-1.0
-1.0
-1.0
20.197
-1.0
43.6292
-1.0
30.4023
-1.0
-1.0
-1.0
49.3581
-1.0
31.3005
-1.0
-1.0
-1.0
-1.0
-1.0
-1.0
-1.0
-1.0
-1.0
-1.0
-1.0
29.7446
45.5874
28.0063
-1.0
-1.0
-1.0
-1.0
-1.0
-1.0
-1.0
-1.0
44.3783
-1.0
32.3633
-1.0
-1.0
-1.0
-1.0
-1.0
-1.0
-1.0
43.8144
-1.0
21.9483
-1.0
-1.0
-1.0
-1.0
-1.0
-1.0
-1.0
-1.0
-1.0
-1.0
-1.0
-1.0
46.309
-1.0
-1.0
-1.0
41.545
42.784
-1.0
-1.0
27.7396
38.0643
33.9395
-1.0
-1.0
-1.0
-1.0
-1.0
-1.0
-1.0
-1.0
-1.0
-1.0
-1.0
-1.0
-1.0
-1.0
26.1375
-1.0
-1.0
-1.0
-1.0
-1.0
-1.0
-1.0
47.0048
-1.0
-1.0
-1.0
31.6008
-1.0
-1.0
-1.0
-1.0
-1.0
30.557
-1.0
-1.0
-1.0
-1.0
38.7282
-1.0
-1.0
-1.0
-1.0
-1.0
-1.0
51.5417
-1.0
-1.0
45.6027
36.5486
38.1944
49.1859
-1.0
-1.0
30.0482
-1.0
-1.0
-1.0
45.3932
-1.0
-1.0
52.768
-1.0
-1.0
-1.0
-1.0
-1.0
-1.0
-1.0
-1.0
28.7972
-1.0
33.8375
-1.0
33.044
-1.0
-1.0
-1.0
16.9286
40.1128
46.0515
48.3079
32.1633
-1.0
44.4003
-1.0
44.0705
-1.0
45.6566
50.3611
-1.0
-1.0
-1.0
-1.0
-1.0
-1.0
-1.0
-1.0
-1.0
-1.0
-1.0
-1.0
31.928
-1.0
-1.0
-1.0
-1.0
42.0759
41.3671
-1.0
-1.0
-1.0
-1.0
26.7037
-1.0
-1.0
-1.0
-1.0
34.6437
-1.0
-1.0
-1.0
-1.0
-1.0
-1.0
32.4076
20.8286
-1.0
-1.0
-1.0
-1.0
-1.0
-1.0
-1.0
-1.0
40.4425
-1.0
-1.0
-1.0
32.3643
28.2752
-1.0
-1.0
-1.0
-1.0
-1.0
-1.0
-1.0
-1.0
13.1853
-1.0
-1.0
-1.0
-1.0
-1.0
-1.0
-1.0
-1.0
-1.0
-1.0
-1.0
-1.0
39.6285
-1.0
-1.0
-1.0
-1.0
-1.0
-1.0
-1.0
-1.0
-1.0
38.0086
-1.0
-1.0
-1.0
-1.0
41.9646
-1.0
-1.0
51.5584
-1.0
-1.0
-1.0
-1.0
-1.0
-1.0
-1.0
-1.0
50.8253
-1.0
-1.0
28.4669
-1.0
-1.0
19.7475
-1.0
-1.0
-1.0
-1.0
-1.0
-1.0
-1.0
-1.0
-1.0
-1.0
-1.0
36.2079
-1.0
-1.0
16.0426
-1.0
-1.0
-1.0
-1.0
-1.0
-1.0
-1.0
-1.0
-1.0
-1.0
-1.0
-1.0
-1.0
-1.0
-1.0
-1.0
-1.0
-1.0
-1.0
-1.0
-1.0
-1.0
-1.0
23.8995
-1.0
-1.0
-1.0
-1.0
-1.0
45.2846
-1.0
35.3308
-1.0
-1.0
-1.0
41.6893
-1.0
48.7654
-1.0
-1.0
-1.0
-1.0
-1.0
-1.0
-1.0
-1.0
-1.0
-1.0
45.2847
-1.0
-1.0
39.4726
-1.0
-1.0
-1.0
48.4177
-1.0
-1.0
-1.0
-1.0
-1.0
-1.0
-1.0
-1.0
-1.0
-1.0
46.62
-1.0
-1.0
34.0406
-1.0
-1.0
-1.0
-1.0
41.4614
-1.0
-1.0
-1.0
-1.0
-1.0
-1.0
-1.0
43.269
-1.0
-1.0
-1.0
-1.0
-1.0
-1.0
-1.0
-1.0
-1.0
-1.0
-1.0
17.5935
-1.0
42.3518
-1.0
-1.0
-1.0
-1.0
-1.0
42.4019
27.5789
-1.0
50.9585
37.0906
38.4584
19.7912
44.3141
-1.0
-1.0
-1.0
-1.0
45.3251
-1.0
-1.0
15.5011
46.6399
35.3353
-1.0
-1.0
-1.0
-1.0
-1.0
-1.0
-1.0
-1.0
-1.0
-1.0
-1.0
-1.0
-1.0
-1.0
-1.0
42.4911
-1.0
-1.0
-1.0
41.2378
-1.0
-1.0
-1.0
-1.0
-1.0
-1.0
52.1447
-1.0
-1.0
31.6865
47.9675
-1.0
-1.0
-1.0
-1.0
42.4554
-1.0
-1.0
32.4427
24.522
-1.0
-1.0
14.4832
48.5847
-1.0
-1.0
-1.0
-1.0
48.382
-1.0
-1.0
-1.0
-1.0
-1.0
-1.0
39.0279
-1.0
51.6367
-1.0
51.9699
-1.0
-1.0
-1.0
-1.0
-1.0
-1.0
28.1483
-1.0
-1.0
4.13652
-1.0
-1.0
-1.0
38.2426
-1.0
54.7847
-1.0
-1.0
-1.0
-1.0
-1.0
-1.0
37.7326
-1.0
-1.0
-1.0
-1.0
-1.0
43.1056
-1.0
-1.0
-1.0
-1.0
25.7343
-1.0
-1.0
-1.0
-1.0
-1.0
-1.0
-1.0
-1.0
-1.0
-1.0
29.764
-1.0
-1.0
-1.0
-1.0
-1.0
-1.0
-1.0
-1.0
22.2036
-1.0
43.1275
-1.0
-1.0
-1.0
-1.0
-1.0
-1.0
-1.0
-1.0
-1.0
28.5967
-1.0
45.4302
-1.0
44.8884
-1.0
-1.0
-1.0
-1.0
-1.0
-1.0
-1.0
48.0453
27.5458
-1.0
-1.0
-1.0
38.8699
40.9877
17.6812
-1.0
-1.0
45.7062
-1.0
-1.0
-1.0
-1.0
-1.0
-1.0
-1.0
-1.0
-1.0
9.75007
-1.0
40.1759
-1.0
-1.0
42.6243
-1.0
35.5606
-1.0
-1.0
-1.0
31.8183
-1.0
33.7293
-1.0
25.7848
41.7816
-1.0
-1.0
-1.0
-1.0
-1.0
20.8427
42.1021
-1.0
24.9176
-1.0
47.9058
-1.0
-1.0
13.7413
-1.0
-1.0
17.8275
-1.0
-1.0
34.7333
-1.0
-1.0
-1.0
-1.0
-1.0
-1.0
-1.0
-1.0
-1.0
-1.0
43.0748
42.2423
-1.0
-1.0
-1.0
-1.0
-1.0
-1.0
-1.0
34.6737
-1.0
-1.0
40.4495
-1.0
-1.0
-1.0
-1.0
-1.0
37.8085
-1.0
-1.0
-1.0
-1.0
-1.0
-1.0
-1.0
-1.0
-1.0
-1.0
-1.0
-1.0
44.548
-1.0
-1.0
-1.0
-1.0
-1.0
-1.0
-1.0
-1.0
-1.0
-1.0
45.4121
-1.0
-1.0
-1.0
-1.0
-1.0
35.951
45.5205
-1.0
-1.0
33.0641
-1.0
-1.0
-1.0
51.8876
-1.0
35.0658
-1.0
-1.0
-1.0
-1.0
-1.0
-1.0
-1.0
-1.0
-1.0
48.2486
-1.0
-1.0
-1.0
-1.0
-1.0
-1.0
-1.0
-1.0
-1.0
-1.0
-1.0
-1.0
-1.0
51.2333
-1.0
-1.0
-1.0
-1.0
-1.0
33.8797
-1.0
-1.0
-1.0
-1.0
-1.0
-1.0
-1.0
-1.0
-1.0
51.18
-1.0
-1.0
-1.0
-1.0
-1.0
-1.0
-1.0
20.8315
49.8098
-1.0
49.2983
-1.0
45.3626
-1.0
-1.0
48.9105
-1.0
28.3915
-1.0
-1.0
-1.0
-1.0
-1.0
-1.0
-1.0
-1.0
37.8719
33.6725
-1.0
-1.0
-1.0
-1.0
-1.0
28.9193
-1.0
-1.0
38.9888
-1.0
-1.0
-1.0
-1.0
-1.0
-1.0
50.8612
29.112
48.6513
-1.0
-1.0
-1.0
-1.0
16.8649
-1.0
-1.0
49.2371
-1.0
-1.0
-1.0
24.3571
-1.0
-1.0
-1.0
-1.0
-1.0
-1.0
-1.0
-1.0
45.5682
-1.0
-1.0
-1.0
-1.0
9.27166
-1.0
9.10855
-1.0
-1.0
-1.0
-1.0
43.6661
-1.0
-1.0
-1.0
-1.0
-1.0
-1.0
-1.0
-1.0
-1.0
32.3187
-1.0
-1.0
-1.0
-1.0
-1.0
-1.0
-1.0
-1.0
26.3291
30.1973
-1.0
22.612
-1.0
-1.0
47.9328
-1.0
-1.0
36.0637
-1.0
29.808
-1.0
-1.0
35.5485
-1.0
46.4725
-1.0
-1.0
-1.0
-1.0
-1.0
-1.0
-1.0
-1.0
-1.0
-1.0
-1.0
-1.0
-1.0
-1.0
-1.0
-1.0
-1.0
-1.0
31.5573
-1.0
38.9547
-1.0
-1.0
-1.0
-1.0
-1.0
-1.0
-1.0
-1.0
-1.0
-1.0
48.9843
-1.0
-1.0
-1.0
41.9115
-1.0
-1.0
-1.0
-1.0
34.4762
-1.0
-1.0
-1.0
-1.0
-1.0
-1.0
-1.0
-1.0
-1.0
-1.0
51.6689
-1.0
-1.0
41.6318
-1.0
-1.0
-1.0
-1.0
-1.0
28.6157
-1.0
-1.0
-1.0
-1.0
-1.0
-1.0
-1.0
43.7045
29.3697
-1.0
-1.0
-1.0
-1.0
-1.0
20.1407
-1.0
-1.0
-1.0
-1.0
-1.0
38.8547
-1.0
51.5452
-1.0
-1.0
-1.0
-1.0
-1.0
-1.0
-1.0
-1.0
-1.0
-1.0
-1.0
-1.0
-1.0
-1.0
-1.0
-1.0
-1.0
-1.0
34.3927
-1.0
-1.0
-1.0
-1.0
-1.0
-1.0
28.2562
-1.0
17.3538
20.716
-1.0
-1.0
-1.0
-1.0
29.8698
-1.0
-1.0
-1.0
23.671
-1.0
-1.0
-1.0
-1.0
-1.0
-1.0
37.9159
-1.0
-1.0
-1.0
25.1482
-1.0
-1.0
-1.0
28.6335
-1.0
44.4029
-1.0
-1.0
-1.0
-1.0
46.5771
-1.0
-1.0
-1.0
-1.0
-1.0
-1.0
-1.0
-1.0
-1.0
-1.0
-1.0
-1.0
-1.0
-1.0
-1.0
46.3881
-1.0
-1.0
-1.0
-1.0
-1.0
-1.0
-1.0
34.3009
-1.0
40.0221
40.7045
-1.0
-1.0
-1.0
-1.0
-1.0
-1.0
-1.0
-1.0
-1.0
-1.0
-1.0
-1.0
-1.0
-1.0
-1.0
-1.0
-1.0
-1.0
-1.0
-1.0
-1.0
-1.0
-1.0
-1.0
-1.0
-1.0
-1.0
-1.0
-1.0
8.42736
-1.0
-1.0
-1.0
-1.0
51.1163
-1.0
-1.0
-1.0
-1.0
-1.0
35.3532
-1.0
37.6897
-1.0
-1.0
-1.0
-1.0
39.7137
-1.0
-1.0
40.2538
37.8256
-1.0
-1.0
18.4316
-1.0
-1.0
-1.0
41.7348
-1.0
-1.0
-1.0
-1.0
-1.0
-1.0
-1.0
-1.0
-1.0
46.6245
-1.0
40.3934
-1.0
-1.0
41.2909
51.7246
-1.0
-1.0
-1.0
-1.0
-1.0
-1.0
40.7005
-1.0
-1.0
-1.0
9.18473
-1.0
-1.0
-1.0
-1.0
-1.0
-1.0
-1.0
-1.0
-1.0
-1.0
-1.0
-1.0
-1.0
-1.0
-1.0
-1.0
-1.0
43.7225
50.6057
-1.0
40.2007
-1.0
-1.0
-1.0
-1.0
-1.0
-1.0
11.6928
-1.0
-1.0
-1.0
-1.0
38.9205
-1.0
28.2308
-1.0
-1.0
-1.0
46.0826
-1.0
-1.0
-1.0
-1.0
-1.0
-1.0
-1.0
25.4051
-1.0
-1.0
-1.0
42.2676
-1.0
-1.0
-1.0
39.0283
-1.0
-1.0
-1.0
-1.0
-1.0
48.353
-1.0
-1.0
-1.0
-1.0
52.2723
-1.0
-1.0
-1.0
49.2145
33.0458
27.0639
49.5825
-1.0
-1.0
40.028
40.7909
-1.0
-1.0
-1.0
36.7312
48.4387
-1.0
-1.0
-1.0
-1.0
25.0809
-1.0
-1.0
-1.0
13.999
44.2924
-1.0
40.6317
-1.0
-1.0
45.4909
12.9631
-1.0
-1.0
46.1156
-1.0
-1.0
-1.0
-1.0
24.4509
-1.0
-1.0
-1.0
-1.0
-1.0
-1.0
-1.0
-1.0
-1.0
32.1968
52.2
-1.0
-1.0
-1.0
-1.0
48.7439
30.7316
-1.0
-1.0
-1.0
-1.0
-1.0
-1.0
-1.0
-1.0
31.161
-1.0
-1.0
-1.0
-1.0
-1.0
-1.0
42.8994
-1.0
-1.0
-1.0
-1.0
33.7406
-1.0
-1.0
-1.0
-1.0
35.2018
-1.0
-1.0
-1.0
-1.0
-1.0
-1.0
-1.0
-1.0
-1.0
42.7434
-1.0
-1.0
-1.0
-1.0
-1.0
-1.0
-1.0
-1.0
41.3874
-1.0
-1.0
-1.0
-1.0
-1.0
-1.0
-1.0
-1.0
-1.0
-1.0
38.8263
-1.0
-1.0
31.6508
-1.0
-1.0
38.9645
43.3276
-1.0
21.3999
30.8857
27.4908
-1.0
-1.0
-1.0
-1.0
-1.0
-1.0
-1.0
-1.0
29.6303
-1.0
-1.0
-1.0
-1.0
-1.0
-1.0
-1.0
-1.0
-1.0
32.6361
-1.0
44.7722
-1.0
-1.0
-1.0
-1.0
35.7727
-1.0
-1.0
-1.0
-1.0
-1.0
-1.0
-1.0
-1.0
-1.0
-1.0
-1.0
-1.0
-1.0
30.3376
-1.0
-1.0
-1.0
-1.0
-1.0
-1.0
-1.0
-1.0
-1.0
-1.0
-1.0
-1.0
-1.0
-1.0
-1.0
50.1568
46.3036
-1.0
-1.0
45.8523
-1.0
-1.0
-1.0
-1.0
-1.0
32.7245
-1.0
-1.0
-1.0
-1.0
22.3708
7.40334
-1.0
-1.0
45.5267
-1.0
-1.0
-1.0
-1.0
49.7351
-1.0
-1.0
-1.0
-1.0
14.7847
-1.0
-1.0
-1.0
15.7204
-1.0
34.8579
-1.0
-1.0
-1.0
42.5365
-1.0
36.4177
36.3596
-1.0
39.8236
-1.0
-1.0
-1.0
-1.0
48.6463
-1.0
-1.0
-1.0
-1.0
-1.0
-1.0
-1.0
-1.0
-1.0
-1.0
39.902
-1.0
-1.0
27.5799
36.904
21.339
-1.0
-1.0
-1.0
48.354
39.1977
-1.0
-1.0
-1.0
-1.0
-1.0
48.3207
-1.0
-1.0
11.2499
-1.0
-1.0
-1.0
41.9553
-1.0
-1.0
-1.0
-1.0
-1.0
-1.0
-1.0
-1.0
26.8047
-1.0
-1.0
-1.0
-1.0
-1.0
-1.0
-1.0
-1.0
-1.0
-1.0
-1.0
-1.0
-1.0
-1.0
30.6522
-1.0
-1.0
-1.0
-1.0
-1.0
-1.0
-1.0
-1.0
-1.0
-1.0
-1.0
-1.0
-1.0
-1.0
-1.0
50.6997
-1.0
-1.0
-1.0
-1.0
-1.0
-1.0
-1.0
-1.0
-1.0
21.5581
-1.0
-1.0
-1.0
-1.0
-1.0
-1.0
-1.0
-1.0
-1.0
-1.0
-1.0
-1.0
-1.0
-1.0
12.8087
38.4943
-1.0
-1.0
-1.0
-1.0
-1.0
-1.0
-1.0
-1.0
-1.0
-1.0
28.2135
-1.0
-1.0
42.6927
-1.0
-1.0
40.5121
-1.0
33.2909
-1.0
-1.0
-1.0
-1.0
-1.0
-1.0
-1.0
34.8256
-1.0
48.2171
14.7974
-1.0
-1.0
13.7737
46.803
-1.0
-1.0
30.5626
-1.0
-1.0
-1.0
-1.0
-1.0
-1.0
-1.0
-1.0
-1.0
-1.0
-1.0
-1.0
40.0646
-1.0
46.5251
-1.0
-1.0
-1.0
-1.0
-1.0
-1.0
-1.0
-1.0
-1.0
-1.0
-1.0
-1.0
-1.0
-1.0
40.3958
-1.0
-1.0
-1.0
-1.0
-1.0
-1.0
-1.0
44.0192
-1.0
-1.0
50.0169
-1.0
-1.0
-1.0
39.8627
-1.0
-1.0
-1.0
-1.0
-1.0
-1.0
49.6671
-1.0
-1.0
-1.0
39.6066
-1.0
-1.0
-1.0
41.7988
17.8847
-1.0
-1.0
-1.0
-1.0
-1.0
-1.0
-1.0
-1.0
-1.0
-1.0
-1.0
-1.0
-1.0
-1.0
37.8936
-1.0
-1.0
-1.0
46.25
-1.0
-1.0
-1.0
-1.0
-1.0
-1.0
26.412
-1.0
41.5484
40.6567
-1.0
-1.0
-1.0
27.7576
-1.0
-1.0
19.1078
-1.0
-1.0
-1.0
-1.0
-1.0
-1.0
-1.0
-1.0
-1.0
13.6532
14.9418
-1.0
-1.0
-1.0
15.3254
-1.0
-1.0
-1.0
19.3761
-1.0
21.8466
-1.0
24.1678
41.7601
19.4705
-1.0
-1.0
21.5858
-1.0
-1.0
35.5246
50.2834
-1.0
-1.0
36.2378
-1.0
-1.0
-1.0
-1.0
-1.0
-1.0
-1.0
-1.0
-1.0
-1.0
-1.0
-1.0
-1.0
-1.0
-1.0
-1.0
-1.0
-1.0
-1.0
38.8497
-1.0
38.447
-1.0
-1.0
-1.0
-1.0
-1.0
-1.0
-1.0
-1.0
-1.0
-1.0
43.1694
39.2599
-1.0
-1.0
-1.0
-1.0
35.56
-1.0
47.5437
-1.0
-1.0
19.9305
-1.0
-1.0
-1.0
-1.0
40.9178
-1.0
-1.0
49.7574
-1.0
27.886
-1.0
-1.0
24.4833
-1.0
-1.0
-1.0
16.1062
-1.0
-1.0
-1.0
-1.0
-1.0
-1.0
44.4087
-1.0
-1.0
-1.0
-1.0
-1.0
31.1172
-1.0
-1.0
-1.0
-1.0
23.0719
-1.0
-1.0
49.8997
-1.0
-1.0
42.2234
-1.0
47.9374
-1.0
-1.0
34.3189
-1.0
-1.0
20.811
-1.0
-1.0
-1.0
-1.0
-1.0
-1.0
-1.0
-1.0
-1.0
-1.0
-1.0
-1.0
-1.0
45.9351
-1.0
-1.0
-1.0
43.5914
39.004
-1.0
47.6451
-1.0
-1.0
-1.0
-1.0
-1.0
-1.0
41.2913
-1.0
-1.0
-1.0
-1.0
-1.0
-1.0
11.8606
-1.0
-1.0
-1.0
-1.0
-1.0
-1.0
-1.0
-1.0
-1.0
-1.0
40.0743
-1.0
34.5444
46.5829
-1.0
-1.0
-1.0
-1.0
-1.0
-1.0
-1.0
-1.0
-1.0
-1.0
-1.0
-1.0
-1.0
-1.0
-1.0
-1.0
49.3648
-1.0
-1.0
-1.0
-1.0
-1.0
-1.0
-1.0
-1.0
-1.0
-1.0
-1.0
-1.0
-1.0
-1.0
-1.0
22.4875
-1.0
41.9927
-1.0
34.4783
-1.0
-1.0
14.2098
49.8942
-1.0
37.0187
-1.0
-1.0
-1.0
-1.0
-1.0
-1.0
-1.0
-1.0
-1.0
-1.0
29.7673
-1.0
-1.0
-1.0
47.0625
42.0773
44.5485
-1.0
-1.0
16.1945
-1.0
-1.0
50.1596
-1.0
-1.0
-1.0
38.7701
23.7145
-1.0
42.694
-1.0
-1.0
-1.0
-1.0
-1.0
-1.0
39.0327
-1.0
-1.0
14.2122
-1.0
-1.0
-1.0
-1.0
-1.0
-1.0
-1.0
34.8203
25.233
-1.0
-1.0
-1.0
-1.0
53.8788
-1.0
36.6593
47.6277
-1.0
43.9077
45.7165
-1.0
-1.0
-1.0
51.7842
-1.0
-1.0
26.5974
-1.0
-1.0
-1.0
33.1259
40.8718
-1.0
-1.0
-1.0
38.3004
-1.0
-1.0
-1.0
-1.0
-1.0
-1.0
30.0041
-1.0
33.0289
-1.0
-1.0
-1.0
-1.0
-1.0
21.6265
42.5711
43.6342
-1.0
-1.0
-1.0
-1.0
30.2291
-1.0
-1.0
-1.0
-1.0
-1.0
-1.0
-1.0
-1.0
-1.0
37.2331
-1.0
-1.0
-1.0
-1.0
-1.0
-1.0
-1.0
-1.0
-1.0
47.9593
-1.0
-1.0
-1.0
-1.0
20.9169
-1.0
-1.0
36.2037
-1.0
30.7894
-1.0
-1.0
-1.0
-1.0
42.1569
-1.0
-1.0
-1.0
-1.0
-1.0
-1.0
-1.0
-1.0
-1.0
-1.0
-1.0
-1.0
43.2584
-1.0
-1.0
-1.0
46.4683
44.2909
-1.0
-1.0
-1.0
-1.0
50.5578
46.4228
-1.0
38.4453
-1.0
-1.0
48.9352
-1.0
-1.0
-1.0
-1.0
-1.0
-1.0
10.2865
-1.0
-1.0
48.3513
18.4237
-1.0
-1.0
-1.0
-1.0
-1.0
-1.0
41.4364
-1.0
25.4309
-1.0
-1.0
-1.0
-1.0
37.58
-1.0
35.6403
-1.0
-1.0
-1.0
-1.0
-1.0
-1.0
-1.0
-1.0
-1.0
-1.0
-1.0
-1.0
32.3251
-1.0
-1.0
-1.0
-1.0
-1.0
-1.0
-1.0
-1.0
-1.0
-1.0
-1.0
-1.0
-1.0
-1.0
-1.0
-1.0
-1.0
-1.0
-1.0
-1.0
-1.0
-1.0
-1.0
-1.0
49.99
-1.0
-1.0
-1.0
-1.0
-1.0
-1.0
-1.0
-1.0
-1.0
-1.0
32.1358
23.9281
-1.0
-1.0
-1.0
-1.0
-1.0
-1.0
-1.0
45.0021
-1.0
-1.0
45.9677
-1.0
-1.0
37.197
-1.0
-1.0
-1.0
38.3801
-1.0
-1.0
-1.0
-1.0
30.6062
-1.0
-1.0
30.7068
-1.0
-1.0
-1.0
-1.0
50.1532
-1.0
-1.0
-1.0
25.2014
-1.0
-1.0
-1.0
43.7097
-1.0
43.45
-1.0
3.93823
-1.0
-1.0
-1.0
-1.0
44.6994
41.4131
22.3745
-1.0
-1.0
-1.0
-1.0
46.0304
-1.0
-1.0
-1.0
51.9524
-1.0
-1.0
-1.0
40.3569
-1.0
-1.0
-1.0
29.6707
-1.0
-1.0
-1.0
-1.0
38.9146
-1.0
-1.0
-1.0
35.6042
-1.0
-1.0
-1.0
-1.0
-1.0
25.78
-1.0
-1.0
-1.0
51.6433
-1.0
-1.0
-1.0
44.1888
39.7357
-1.0
29.3193
-1.0
-1.0
-1.0
-1.0
-1.0
-1.0
45.0765
-1.0
23.4373
-1.0
-1.0
-1.0
51.0067
-1.0
-1.0
-1.0
-1.0
-1.0
8.79791
-1.0
-1.0
-1.0
20.7482
-1.0
48.3136
-1.0
-1.0
-1.0
-1.0
-1.0
-1.0
-1.0
-1.0
-1.0
-1.0
23.2506
12.4019
-1.0
39.9427
-1.0
-1.0
10.791
-1.0
-1.0
-1.0
25.8684
46.3404
36.6127
-1.0
51.5289
-1.0
-1.0
-1.0
-1.0
36.1421
-1.0
-1.0
-1.0
-1.0
-1.0
-1.0
-1.0
-1.0
-1.0
-1.0
18.7103
-1.0
38.5299
-1.0
36.9759
50.3406
51.7441
-1.0
-1.0
-1.0
-1.0
33.6432
-1.0
-1.0
46.7947
-1.0
-1.0
-1.0
-1.0
-1.0
-1.0
-1.0
22.7501
-1.0
-1.0
-1.0
-1.0
-1.0
-1.0
-1.0
44.4166
-1.0
-1.0
29.322
40.3263
-1.0
-1.0
-1.0
-1.0
30.2955
-1.0
-1.0
37.252
32.4479
-1.0
-1.0
-1.0
-1.0
-1.0
-1.0
-1.0
-1.0
-1.0
-1.0
38.9618
-1.0
-1.0
-1.0
-1.0
-1.0
-1.0
-1.0
44.9548
-1.0
-1.0
53.0653
-1.0
-1.0
48.038
-1.0
39.981
-1.0
-1.0
-1.0
-1.0
28.3992
32.4663
-1.0
15.6037
-1.0
-1.0
-1.0
27.0798
-1.0
-1.0
-1.0
-1.0
-1.0
-1.0
-1.0
46.7317
41.9224
-1.0
-1.0
-1.0
-1.0
-1.0
-1.0
-1.0
-1.0
47.8109
-1.0
36.223
-1.0
-1.0
-1.0
-1.0
-1.0
-1.0
23.0486
-1.0
-1.0
-1.0
-1.0
-1.0
-1.0
-1.0
50.8935
-1.0
-1.0
-1.0
29.5826
29.9265
-1.0
49.8181
-1.0
-1.0
23.9555
-1.0
-1.0
-1.0
-1.0
49.1868
47.5198
-1.0
-1.0
-1.0
-1.0
-1.0
-1.0
-1.0
-1.0
-1.0
-1.0
-1.0
-1.0
-1.0
-1.0
-1.0
-1.0
-1.0
-1.0
42.3669
-1.0
-1.0
-1.0
-1.0
35.9121
40.4924
-1.0
-1.0
-1.0
-1.0
-1.0
-1.0
36.8845
-1.0
-1.0
-1.0
-1.0
-1.0
-1.0
-1.0
-1.0
-1.0
-1.0
48.6157
-1.0
-1.0
45.0691
50.2689
-1.0
-1.0
-1.0
-1.0
-1.0
-1.0
-1.0
-1.0
-1.0
-1.0
-1.0
-1.0
-1.0
-1.0
-1.0
-1.0
-1.0
-1.0
-1.0
20.9364
41.2866
-1.0
-1.0
-1.0
-1.0
-1.0
-1.0
-1.0
-1.0
-1.0
-1.0
-1.0
-1.0
-1.0
-1.0
-1.0
-1.0
-1.0
34.4459
-1.0
-1.0
-1.0
-1.0
-1.0
-1.0
-1.0
-1.0
-1.0
-1.0
-1.0
24.7573
-1.0
-1.0
-1.0
-1.0
-1.0
-1.0
-1.0
20.4917
-1.0
-1.0
30.8599
-1.0
-1.0
-1.0
-1.0
-1.0
-1.0
40.7554
-1.0
49.9454
-1.0
-1.0
49.4437
-1.0
-1.0
-1.0
40.4465
35.6361
-1.0
-1.0
-1.0
-1.0
-1.0
32.7157
52.2512
-1.0
-1.0
24.3235
49.1315
-1.0
-1.0
-1.0
-1.0
-1.0
-1.0
42.3999
-1.0
-1.0
-1.0
21.3455
-1.0
-1.0
-1.0
-1.0
-1.0
-1.0
-1.0
41.0844
-1.0
-1.0
-1.0
-1.0
-1.0
-1.0
-1.0
-1.0
38.4535
-1.0
-1.0
-1.0
-1.0
-1.0
34.2719
-1.0
42.828
-1.0
-1.0
-1.0
31.8886
-1.0
48.7804
41.0999
-1.0
-1.0
-1.0
-1.0
-1.0
-1.0
-1.0
-1.0
-1.0
-1.0
44.7415
-1.0
22.5004
-1.0
-1.0
-1.0
-1.0
-1.0
-1.0
-1.0
-1.0
-1.0
-1.0
32.4828
-1.0
-1.0
31.2196
46.0275
-1.0
-1.0
-1.0
-1.0
-1.0
-1.0
-1.0
-1.0
33.1855
-1.0
-1.0
-1.0
29.8147
-1.0
-1.0
-1.0
-1.0
51.4835
48.5249
-1.0
-1.0
29.1699
-1.0
-1.0
-1.0
27.2381
-1.0
-1.0
41.0447
-1.0
-1.0
32.8931
-1.0
20.2865
-1.0
-1.0
-1.0
50.7259
-1.0
-1.0
14.7306
-1.0
-1.0
-1.0
20.1894
-1.0
-1.0
-1.0
-1.0
-1.0
-1.0
-1.0
34.2207
-1.0
-1.0
-1.0
-1.0
32.7425
-1.0
27.5658
32.9424
-1.0
-1.0
-1.0
-1.0
-1.0
41.6996
-1.0
42.0768
-1.0
-1.0
-1.0
-1.0
39.9228
-1.0
-1.0
-1.0
-1.0
-1.0
-1.0
23.2258
-1.0
-1.0
-1.0
-1.0
-1.0
51.7047
-1.0
-1.0
-1.0
39.9492
-1.0
-1.0
15.3272
36.0948
-1.0
-1.0
50.4359
22.7842
-1.0
-1.0
30.1798
-1.0
-1.0
-1.0
-1.0
38.1996
-1.0
-1.0
-1.0
-1.0
-1.0
-1.0
43.3366
-1.0
-1.0
-1.0
-1.0
-1.0
-1.0
27.9287
49.2296
-1.0
-1.0
15.4587
-1.0
-1.0
51.8322
47.8776
-1.0
-1.0
-1.0
-1.0
-1.0
-1.0
-1.0
-1.0
-1.0
-1.0
-1.0
-1.0
-1.0
-1.0
-1.0
-1.0
-1.0
-1.0
31.7491
-1.0
-1.0
-1.0
51.5294
14.3204
-1.0
38.0787
13.688
-1.0
-1.0
-1.0
-1.0
-1.0
39.8363
-1.0
-1.0
-1.0
-1.0
-1.0
-1.0
-1.0
-1.0
-1.0
39.8234
31.3602
-1.0
17.1516
-1.0
-1.0
46.5907
-1.0
-1.0
-1.0
51.0426
-1.0
-1.0
-1.0
-1.0
-1.0
-1.0
-1.0
-1.0
-1.0
40.7737
11.4977
-1.0
-1.0
32.1397
-1.0
-1.0
-1.0
-1.0
-1.0
-1.0
-1.0
-1.0
-1.0
-1.0
-1.0
-1.0
50.5182
-1.0
-1.0
-1.0
-1.0
-1.0
-1.0
-1.0
-1.0
49.3749
23.8032
-1.0
-1.0
-1.0
-1.0
-1.0
-1.0
-1.0
-1.0
-1.0
-1.0
-1.0
-1.0
-1.0
21.0064
-1.0
-1.0
-1.0
-1.0
-1.0
-1.0
-1.0
-1.0
-1.0
-1.0
-1.0
-1.0
-1.0
-1.0
-1.0
-1.0
47.9073
-1.0
-1.0
26.9738
-1.0
-1.0
46.9345
46.7388
-1.0
-1.0
31.8365
-1.0
-1.0
-1.0
-1.0
37.0507
-1.0
-1.0
-1.0
-1.0
-1.0
-1.0
38.3427
-1.0
-1.0
-1.0
-1.0
-1.0
-1.0
-1.0
-1.0
48.3649
-1.0
-1.0
-1.0
-1.0
-1.0
-1.0
-1.0
-1.0
-1.0
-1.0
-1.0
-1.0
-1.0
-1.0
33.766
17.9427
-1.0
-1.0
-1.0
-1.0
-1.0
-1.0
50.1211
24.4737
20.2369
-1.0
-1.0
-1.0
-1.0
36.9823
42.141
-1.0
-1.0
-1.0
-1.0
-1.0
-1.0
-1.0
12.5299
-1.0
-1.0
-1.0
-1.0
-1.0
-1.0
-1.0
45.7593
46.5163
-1.0
42.1822
-1.0
-1.0
-1.0
36.091
-1.0
-1.0
-1.0
-1.0
-1.0
-1.0
-1.0
-1.0
-1.0
-1.0
23.1496
-1.0
-1.0
34.0535
-1.0
-1.0
-1.0
-1.0
-1.0
-1.0
47.8652
-1.0
28.3017
24.7762
-1.0
-1.0
-1.0
-1.0
41.9212
-1.0
-1.0
-1.0
-1.0
28.667
-1.0
50.8159
-1.0
-1.0
-1.0
-1.0
-1.0
-1.0
-1.0
29.4522
-1.0
-1.0
-1.0
49.7445
-1.0
-1.0
-1.0
34.5476
41.4907
-1.0
49.5764
35.7063
-1.0
-1.0
-1.0
24.8636
-1.0
-1.0
-1.0
-1.0
-1.0
-1.0
-1.0
-1.0
-1.0
-1.0
-1.0
-1.0
-1.0
-1.0
-1.0
-1.0
-1.0
-1.0
-1.0
-1.0
-1.0
-1.0
-1.0
-1.0
-1.0
-1.0
-1.0
-1.0
-1.0
-1.0
30.9439
-1.0
-1.0
-1.0
-1.0
-1.0
-1.0
-1.0
-1.0
-1.0
49.6509
-1.0
-1.0
36.0711
-1.0
-1.0
-1.0
-1.0
-1.0
-1.0
-1.0
-1.0
-1.0
31.479
-1.0
40.5027
-1.0
-1.0
50.7518
-1.0
-1.0
33.9101
-1.0
-1.0
-1.0
19.4047
-1.0
-1.0
-1.0
-1.0
-1.0
-1.0
-1.0
19.3045
45.1093
-1.0
45.0704
50.1588
40.009
-1.0
-1.0
-1.0
-1.0
46.5658
-1.0
38.5655
-1.0
-1.0
51.6405
-1.0
-1.0
-1.0
-1.0
-1.0
-1.0
-1.0
-1.0
-1.0
21.6332
-1.0
-1.0
-1.0
36.9494
-1.0
-1.0
-1.0
-1.0
-1.0
7.12686
-1.0
-1.0
-1.0
-1.0
-1.0
-1.0
-1.0
49.7837
-1.0
-1.0
-1.0
-1.0
-1.0
42.3865
32.5673
-1.0
-1.0
-1.0
-1.0
44.8065
-1.0
-1.0
50.5875
-1.0
-1.0
-1.0
-1.0
-1.0
-1.0
-1.0
-1.0
-1.0
-1.0
-1.0
-1.0
-1.0
-1.0
-1.0
-1.0
-1.0
-1.0
-1.0
51.1415
-1.0
43.9702
-1.0
39.0522
36.6388
-1.0
-1.0
-1.0
-1.0
-1.0
33.843
-1.0
-1.0
-1.0
-1.0
-1.0
-1.0
-1.0
21.985
-1.0
-1.0
23.9373
-1.0
-1.0
-1.0
-1.0
-1.0
-1.0
-1.0
-1.0
47.4858
-1.0
-1.0
-1.0
25.9606
19.0084
31.8463
36.6392
-1.0
-1.0
-1.0
-1.0
-1.0
-1.0
19.6082
-1.0
-1.0
-1.0
26.7956
-1.0
44.7254
30.5664
-1.0
-1.0
-1.0
-1.0
-1.0
-1.0
-1.0
-1.0
35.4928
-1.0
-1.0
-1.0
-1.0
-1.0
-1.0
-1.0
-1.0
43.1877
13.7488
-1.0
44.5868
-1.0
-1.0
-1.0
-1.0
-1.0
-1.0
-1.0
-1.0
-1.0
-1.0
-1.0
-1.0
50.756
-1.0
-1.0
49.1448
-1.0
-1.0
-1.0
-1.0
-1.0
-1.0
-1.0
48.7932
-1.0
50.4335
-1.0
-1.0
-1.0
-1.0
-1.0
39.9877
-1.0
-1.0
-1.0
-1.0
-1.0
-1.0
-1.0
-1.0
-1.0
29.1647
-1.0
-1.0
17.28
-1.0
-1.0
28.0401
47.1739
30.4551
-1.0
-1.0
-1.0
-1.0
44.5209
43.1315
35.9269
43.1339
-1.0
-1.0
-1.0
-1.0
-1.0
-1.0
-1.0
-1.0
-1.0
44.727
-1.0
29.9565
28.5866
-1.0
-1.0
-1.0
-1.0
-1.0
-1.0
42.9781
-1.0
-1.0
45.012
44.8935
50.4247
25.9167
-1.0
-1.0
-1.0
26.0471
-1.0
-1.0
-1.0
48.7728
-1.0
-1.0
35.982
-1.0
-1.0
-1.0
-1.0
-1.0
28.6527
-1.0
20.8276
-1.0
52.0317
-1.0
46.6731
-1.0
18.5743
-1.0
-1.0
-1.0
-1.0
36.3481
41.1077
-1.0
38.983
-1.0
-1.0
48.6473
-1.0
42.6373
-1.0
49.1271
-1.0
-1.0
51.3532
34.9842
-1.0
29.732
-1.0
-1.0
-1.0
-1.0
-1.0
-1.0
45.6375
-1.0
-1.0
22.2352
-1.0
-1.0
-1.0
49.0398
-1.0
-1.0
16.9591
-1.0
-1.0
-1.0
-1.0
22.3962
-1.0
-1.0
34.9334
-1.0
-1.0
-1.0
-1.0
-1.0
-1.0
-1.0
-1.0
-1.0
-1.0
54.1146
-1.0
-1.0
-1.0
-1.0
-1.0
47.4995
-1.0
-1.0
29.2844
-1.0
-1.0
50.5562
-1.0
-1.0
-1.0
-1.0
-1.0
-1.0
-1.0
-1.0
-1.0
-1.0
-1.0
-1.0
-1.0
-1.0
-1.0
-1.0
-1.0
-1.0
-1.0
-1.0
32.5845
28.0884
-1.0
-1.0
-1.0
-1.0
-1.0
-1.0
-1.0
-1.0
-1.0
-1.0
-1.0
-1.0
37.2033
-1.0
-1.0
-1.0
-1.0
-1.0
-1.0
-1.0
-1.0
-1.0
-1.0
-1.0
-1.0
-1.0
-1.0
47.5314
-1.0
-1.0
48.0349
-1.0
24.3338
46.3697
48.1441
-1.0
-1.0
-1.0
49.722
-1.0
28.4867
-1.0
-1.0
-1.0
-1.0
47.715
-1.0
-1.0
45.5518
35.0748
49.5214
-1.0
22.0773
19.0051
-1.0
-1.0
-1.0
23.9863
38.8618
-1.0
-1.0
26.8871
-1.0
-1.0
-1.0
28.0141
-1.0
-1.0
-1.0
-1.0
29.6633
-1.0
-1.0
39.3803
-1.0
-1.0
40.5598
-1.0
-1.0
-1.0
28.8033
42.9725
-1.0
-1.0
50.5123
25.3875
-1.0
-1.0
-1.0
-1.0
-1.0
-1.0
-1.0
-1.0
-1.0
36.8173
-1.0
-1.0
-1.0
39.0006
-1.0
35.835
37.343
22.3622
-1.0
-1.0
-1.0
48.3693
-1.0
23.8408
-1.0
25.7358
-1.0
-1.0
-1.0
-1.0
51.4734
-1.0
-1.0
33.2242
-1.0
-1.0
-1.0
-1.0
-1.0
-1.0
-1.0
24.9337
-1.0
-1.0
-1.0
-1.0
45.7088
-1.0
-1.0
-1.0
-1.0
31.5648
-1.0
-1.0
-1.0
-1.0
-1.0
-1.0
-1.0
-1.0
50.5696
-1.0
-1.0
-1.0
-1.0
-1.0
49.4606
-1.0
45.8316
-1.0
-1.0
-1.0
-1.0
-1.0
-1.0
-1.0
41.7987
-1.0
-1.0
-1.0
-1.0
23.3047
-1.0
-1.0
40.1317
-1.0
-1.0
27.2469
-1.0
-1.0
-1.0
-1.0
48.4652
-1.0
-1.0
-1.0
-1.0
-1.0
47.2564
-1.0
46.7991
-1.0
-1.0
-1.0
29.3449
-1.0
20.6403
-1.0
-1.0
46.5897
-1.0
-1.0
-1.0
25.4626
-1.0
-1.0
-1.0
-1.0
28.9567
-1.0
-1.0
-1.0
-1.0
-1.0
-1.0
-1.0
-1.0
-1.0
-1.0
-1.0
34.2265
-1.0
39.9205
39.3929
-1.0
-1.0
-1.0
-1.0
-1.0
49.9064
45.1195
23.1751
-1.0
-1.0
-1.0
-1.0
-1.0
-1.0
-1.0
-1.0
-1.0
-1.0
-1.0
-1.0
-1.0
-1.0
-1.0
29.562
-1.0
-1.0
-1.0
-1.0
-1.0
-1.0
-1.0
20.443
-1.0
-1.0
-1.0
-1.0
-1.0
-1.0
23.4727
-1.0
47.5995
-1.0
-1.0
51.5746
-1.0
-1.0
-1.0
18.7076
45.647
-1.0
46.6229
-1.0
-1.0
-1.0
-1.0
51.3831
-1.0
43.9586
-1.0
-1.0
-1.0
-1.0
-1.0
-1.0
-1.0
-1.0
-1.0
-1.0
-1.0
40.9522
-1.0
-1.0
-1.0
17.6097
-1.0
-1.0
27.2581
-1.0
-1.0
-1.0
-1.0
39.2156
-1.0
21.479
13.4766
29.3005
51.8383
24.1779
-1.0
-1.0
-1.0
-1.0
-1.0
-1.0
-1.0
-1.0
-1.0
-1.0
-1.0
-1.0
47.6358
30.6103
-1.0
-1.0
-1.0
26.1789
-1.0
-1.0
-1.0
-1.0
-1.0
-1.0
43.9623
47.2201
-1.0
-1.0
-1.0
33.4754
-1.0
-1.0
-1.0
-1.0
-1.0
-1.0
-1.0
45.8651
-1.0
16.6463
-1.0
-1.0
-1.0
44.7953
-1.0
-1.0
-1.0
17.1627
-1.0
-1.0
-1.0
52.2883
-1.0
-1.0
-1.0
-1.0
-1.0
42.2722
-1.0
29.5501
-1.0
-1.0
21.1952
-1.0
-1.0
29.4753
-1.0
-1.0
38.8671
31.7701
15.7827
50.7428
-1.0
-1.0
-1.0
-1.0
-1.0
-1.0
-1.0
-1.0
36.8408
22.5696
-1.0
50.6794
-1.0
-1.0
-1.0
-1.0
-1.0
-1.0
-1.0
-1.0
-1.0
-1.0
-1.0
52.0174
47.8021
-1.0
-1.0
-1.0
25.6717
-1.0
-1.0
-1.0
-1.0
-1.0
-1.0
-1.0
-1.0
28.5737
-1.0
-1.0
-1.0
50.8857
-1.0
-1.0
39.8922
-1.0
-1.0
-1.0
-1.0
-1.0
-1.0
-1.0
-1.0
21.8437
24.1535
26.6541
-1.0
-1.0
-1.0
47.7238
-1.0
-1.0
-1.0
-1.0
37.1728
-1.0
-1.0
-1.0
-1.0
-1.0
-1.0
42.5405
-1.0
-1.0
-1.0
40.27
-1.0
-1.0
32.3612
46.6662
-1.0
-1.0
45.1305
-1.0
49.8919
-1.0
-1.0
-1.0
36.5973
52.0242
17.1702
-1.0
-1.0
23.2353
-1.0
-1.0
-1.0
-1.0
-1.0
-1.0
-1.0
-1.0
41.4912
34.9994
-1.0
-1.0
-1.0
39.6314
-1.0
-1.0
-1.0
-1.0
-1.0
-1.0
-1.0
-1.0
38.8646
-1.0
-1.0
-1.0
-1.0
-1.0
-1.0
-1.0
41.3725
33.1334
-1.0
-1.0
37.8224
-1.0
-1.0
38.2905
-1.0
-1.0
-1.0
-1.0
46.8835
-1.0
47.3015
-1.0
48.3217
-1.0
-1.0
-1.0
-1.0
49.1131
-1.0
-1.0
-1.0
51.546
-1.0
-1.0
-1.0
-1.0
-1.0
-1.0
-1.0
-1.0
-1.0
33.7543
-1.0
-1.0
24.8486
-1.0
-1.0
-1.0
-1.0
-1.0
-1.0
-1.0
-1.0
-1.0
-1.0
35.3504
-1.0
-1.0
51.8007
51.652
-1.0
-1.0
-1.0
-1.0
-1.0
-1.0
-1.0
-1.0
-1.0
-1.0
-1.0
-1.0
-1.0
-1.0
-1.0
-1.0
-1.0
-1.0
-1.0
51.0524
-1.0
51.4736
-1.0
-1.0
-1.0
-1.0
-1.0
-1.0
-1.0
-1.0
-1.0
-1.0
-1.0
-1.0
20.4085
-1.0
11.5853
-1.0
-1.0
24.04
39.8
-1.0
-1.0
-1.0
-1.0
-1.0
-1.0
-1.0
46.2885
-1.0
-1.0
35.4001
-1.0
-1.0
-1.0
-1.0
17.3557
-1.0
-1.0
-1.0
-1.0
-1.0
-1.0
-1.0
-1.0
48.3533
-1.0
50.7003
-1.0
18.5938
48.7218
43.6528
-1.0
-1.0
-1.0
-1.0
-1.0
37.7494
46.7676
-1.0
-1.0
33.6979
-1.0
-1.0
-1.0
29.8864
-1.0
-1.0
-1.0
-1.0
-1.0
-1.0
-1.0
-1.0
-1.0
-1.0
-1.0
-1.0
-1.0
49.2332
-1.0
-1.0
-1.0
-1.0
32.679
-1.0
-1.0
31.8824
-1.0
30.5808
-1.0
50.1363
20.7415
-1.0
-1.0
-1.0
-1.0
-1.0
-1.0
-1.0
-1.0
-1.0
-1.0
-1.0
41.335
43.2226
-1.0
-1.0
-1.0
19.5151
-1.0
34.9351
-1.0
49.0747
-1.0
-1.0
-1.0
-1.0
-1.0
34.0077
51.2174
17.5846
-1.0
-1.0
-1.0
-1.0
-1.0
-1.0
-1.0
-1.0
-1.0
-1.0
-1.0
-1.0
-1.0
-1.0
45.3621
-1.0
31.3728
-1.0
-1.0
-1.0
-1.0
-1.0
-1.0
-1.0
-1.0
19.8061
-1.0
-1.0
48.9033
-1.0
51.0175
-1.0
28.377
-1.0
42.7612
32.4991
-1.0
-1.0
-1.0
-1.0
-1.0
-1.0
-1.0
-1.0
-1.0
20.517
-1.0
46.7924
-1.0
21.525
-1.0
-1.0
-1.0
-1.0
-1.0
49.9085
-1.0
51.9774
-1.0
-1.0
-1.0
-1.0
-1.0
-1.0
-1.0
-1.0
43.594
50.3726
26.835
-1.0
-1.0
-1.0
-1.0
33.8344
-1.0
-1.0
-1.0
-1.0
-1.0
35.4956
-1.0
-1.0
16.458
-1.0
-1.0
-1.0
30.7146
-1.0
-1.0
-1.0
-1.0
-1.0
-1.0
-1.0
-1.0
-1.0
-1.0
51.8668
-1.0
-1.0
-1.0
-1.0
-1.0
-1.0
-1.0
-1.0
-1.0
-1.0
-1.0
-1.0
-1.0
-1.0
-1.0
-1.0
-1.0
-1.0
-1.0
-1.0
-1.0
-1.0
45.759
-1.0
-1.0
-1.0
-1.0
48.0947
-1.0
44.7241
36.917
-1.0
51.5053
-1.0
-1.0
-1.0
-1.0
-1.0
-1.0
28.4158
-1.0
-1.0
-1.0
-1.0
-1.0
-1.0
-1.0
-1.0
-1.0
29.5923
-1.0
-1.0
-1.0
-1.0
-1.0
25.0643
-1.0
-1.0
-1.0
-1.0
-1.0
-1.0
-1.0
-1.0
-1.0
-1.0
-1.0
36.5497
45.4984
-1.0
31.4268
-1.0
34.8086
-1.0
-1.0
-1.0
34.2333
-1.0
-1.0
-1.0
43.9981
-1.0
-1.0
-1.0
-1.0
-1.0
27.9878
-1.0
51.795
-1.0
-1.0
-1.0
-1.0
-1.0
45.0437
-1.0
45.0331
-1.0
41.2679
-1.0
-1.0
-1.0
35.3265
45.8981
-1.0
-1.0
-1.0
-1.0
-1.0
20.1919
47.899
-1.0
-1.0
44.067
-1.0
-1.0
-1.0
35.8066
-1.0
-1.0
-1.0
28.9893
-1.0
-1.0
-1.0
-1.0
-1.0
-1.0
-1.0
-1.0
50.0441
-1.0
-1.0
-1.0
-1.0
35.7529
-1.0
-1.0
-1.0
-1.0
-1.0
-1.0
-1.0
-1.0
-1.0
-1.0
-1.0
-1.0
-1.0
37.7668
-1.0
-1.0
-1.0
-1.0
-1.0
-1.0
-1.0
-1.0
41.542
-1.0
-1.0
-1.0
-1.0
-1.0
37.0743
-1.0
-1.0
-1.0
-1.0
-1.0
-1.0
-1.0
-1.0
42.1469
33.0364
-1.0
-1.0
22.3381
-1.0
-1.0
-1.0
-1.0
-1.0
-1.0
24.9767
-1.0
-1.0
-1.0
-1.0
-1.0
-1.0
51.7022
36.9513
28.463
25.2897
-1.0
50.0728
42.7843
18.9247
-1.0
-1.0
-1.0
8.89753
-1.0
34.4201
42.3397
-1.0
-1.0
-1.0
35.454
-1.0
43.5795
45.106
-1.0
-1.0
-1.0
37.4874
-1.0
-1.0
28.8519
-1.0
-1.0
-1.0
-1.0
-1.0
-1.0
-1.0
-1.0
39.263
-1.0
-1.0
-1.0
-1.0
-1.0
-1.0
-1.0
43.3228
-1.0
-1.0
31.6787
37.706
-1.0
-1.0
-1.0
-1.0
-1.0
-1.0
37.0561
-1.0
-1.0
-1.0
-1.0
-1.0
-1.0
-1.0
-1.0
-1.0
-1.0
30.2268
-1.0
-1.0
-1.0
-1.0
-1.0
-1.0
-1.0
-1.0
-1.0
-1.0
-1.0
26.7303
-1.0
42.7091
36.5241
37.4691
26.6593
-1.0
-1.0
-1.0
-1.0
-1.0
-1.0
21.7404
-1.0
-1.0
-1.0
-1.0
45.9268
-1.0
-1.0
-1.0
-1.0
-1.0
-1.0
-1.0
-1.0
-1.0
-1.0
41.365
-1.0
37.324
-1.0
-1.0
-1.0
-1.0
-1.0
-1.0
24.8776
51.4635
-1.0
21.5217
-1.0
18.2024
-1.0
44.2742
-1.0
-1.0
-1.0
-1.0
-1.0
-1.0
-1.0
-1.0
-1.0
32.3451
-1.0
31.5489
22.7534
-1.0
-1.0
35.9904
51.8192
-1.0
-1.0
-1.0
49.4818
-1.0
-1.0
34.6285
33.6818
-1.0
-1.0
-1.0
-1.0
28.4726
-1.0
-1.0
-1.0
-1.0
44.8568
32.2037
50.2568
-1.0
35.8031
-1.0
-1.0
-1.0
-1.0
-1.0
52.1032
-1.0
-1.0
-1.0
-1.0
-1.0
-1.0
-1.0
-1.0
35.948
-1.0
-1.0
-1.0
-1.0
-1.0
-1.0
-1.0
39.8895
43.7537
42.4887
-1.0
41.6988
-1.0
-1.0
-1.0
-1.0
-1.0
-1.0
-1.0
-1.0
-1.0
-1.0
-1.0
-1.0
-1.0
-1.0
-1.0
-1.0
-1.0
-1.0
-1.0
44.4549
45.2383
-1.0
-1.0
-1.0
22.8304
-1.0
50.4678
-1.0
-1.0
-1.0
-1.0
-1.0
-1.0
-1.0
-1.0
-1.0
34.1907
-1.0
12.2214
17.2216
-1.0
-1.0
-1.0
-1.0
-1.0
-1.0
-1.0
-1.0
-1.0
-1.0
-1.0
-1.0
41.8242
-1.0
38.0199
-1.0
-1.0
-1.0
-1.0
-1.0
-1.0
-1.0
-1.0
-1.0
-1.0
-1.0
-1.0
-1.0
40.9052
-1.0
17.9117
-1.0
-1.0
-1.0
34.2077
-1.0
19.723
-1.0
26.5002
-1.0
-1.0
-1.0
24.0211
-1.0
29.7391
-1.0
-1.0
-1.0
-1.0
-1.0
-1.0
-1.0
24.947
-1.0
-1.0
-1.0
-1.0
-1.0
21.8293
41.5296
-1.0
-1.0
-1.0
-1.0
-1.0
49.8775
-1.0
26.795
-1.0
46.3193
20.5848
-1.0
-1.0
-1.0
-1.0
-1.0
-1.0
49.6812
-1.0
46.5415
-1.0
44.7009
40.0856
-1.0
-1.0
42.1422
-1.0
-1.0
-1.0
-1.0
-1.0
-1.0
-1.0
-1.0
-1.0
36.4274
-1.0
-1.0
-1.0
-1.0
26.5074
-1.0
-1.0
-1.0
-1.0
-1.0
23.4686
-1.0
-1.0
-1.0
-1.0
47.1954
-1.0
-1.0
-1.0
-1.0
38.0298
-1.0
-1.0
-1.0
-1.0
-1.0
-1.0
-1.0
-1.0
-1.0
-1.0
-1.0
-1.0
-1.0
49.3041
40.8696
-1.0
-1.0
-1.0
-1.0
-1.0
-1.0
34.8807
-1.0
-1.0
-1.0
-1.0
-1.0
48.1763
-1.0
-1.0
-1.0
-1.0
38.4607
-1.0
-1.0
-1.0
-1.0
-1.0
44.9049
-1.0
36.8005
-1.0
-1.0
20.1016
-1.0
27.7681
-1.0
-1.0
-1.0
-1.0
-1.0
46.9327
-1.0
34.2863
-1.0
-1.0
47.7923
-1.0
-1.0
-1.0
-1.0
-1.0
-1.0
-1.0
36.3199
-1.0
-1.0
-1.0
33.0315
-1.0
17.0971
27.3621
33.2691
-1.0
-1.0
-1.0
-1.0
-1.0
34.587
-1.0
-1.0
-1.0
-1.0
40.8422
25.0946
26.7636
46.7415
-1.0
-1.0
-1.0
26.0308
-1.0
50.6271
-1.0
-1.0
-1.0
-1.0
-1.0
-1.0
-1.0
-1.0
48.1292
-1.0
-1.0
-1.0
-1.0
-1.0
24.1991
-1.0
-1.0
-1.0
43.5855
-1.0
-1.0
-1.0
-1.0
-1.0
-1.0
44.568
-1.0
-1.0
38.1191
-1.0
-1.0
27.7693
-1.0
-1.0
-1.0
-1.0
47.6268
14.0013
-1.0
-1.0
-1.0
-1.0
-1.0
-1.0
-1.0
35.299
-1.0
-1.0
-1.0
-1.0
-1.0
35.456
-1.0
-1.0
10.6922
-1.0
-1.0
-1.0
-1.0
36.725
-1.0
-1.0
48.5119
-1.0
-1.0
-1.0
35.5351
-1.0
-1.0
-1.0
-1.0
-1.0
-1.0
-1.0
-1.0
45.5228
-1.0
41.6791
44.1792
-1.0
37.8252
-1.0
51.3028
-1.0
-1.0
-1.0
37.356
-1.0
-1.0
-1.0
46.2407
-1.0
-1.0
-1.0
40.3725
-1.0
-1.0
-1.0
-1.0
-1.0
-1.0
-1.0
-1.0
-1.0
-1.0
-1.0
-1.0
-1.0
-1.0
-1.0
-1.0
-1.0
-1.0
-1.0
24.1344
-1.0
-1.0
-1.0
-1.0
-1.0
-1.0
-1.0
-1.0
-1.0
-1.0
43.1089
-1.0
-1.0
26.7561
48.8
-1.0
51.7195
-1.0
-1.0
-1.0
-1.0
-1.0
49.0168
-1.0
-1.0
47.3135
-1.0
-1.0
-1.0
-1.0
40.8913
-1.0
-1.0
-1.0
50.5928
-1.0
-1.0
-1.0
-1.0
-1.0
-1.0
-1.0
45.503
-1.0
-1.0
-1.0
-1.0
-1.0
-1.0
19.8417
51.0411
-1.0
-1.0
49.9657
-1.0
-1.0
23.5247
-1.0
-1.0
51.8063
-1.0
-1.0
-1.0
-1.0
-1.0
32.2159
-1.0
-1.0
-1.0
-1.0
-1.0
-1.0
-1.0
-1.0
46.6771
-1.0
-1.0
38.4031
-1.0
-1.0
-1.0
-1.0
45.9625
-1.0
-1.0
-1.0
28.8915
-1.0
41.4267
-1.0
-1.0
-1.0
38.2046
-1.0
-1.0
-1.0
-1.0
-1.0
-1.0
-1.0
-1.0
-1.0
-1.0
-1.0
-1.0
22.673
-1.0
-1.0
-1.0
-1.0
-1.0
-1.0
-1.0
42.6613
48.0998
-1.0
-1.0
-1.0
-1.0
-1.0
-1.0
52.134
-1.0
-1.0
17.3914
-1.0
49.2419
24.0019
48.0829
-1.0
-1.0
-1.0
22.8754
-1.0
-1.0
-1.0
-1.0
-1.0
-1.0
-1.0
-1.0
-1.0
-1.0
40.43
48.5119
-1.0
-1.0
-1.0
-1.0
40.3408
-1.0
-1.0
40.9743
-1.0
-1.0
18.7174
-1.0
-1.0
-1.0
-1.0
-1.0
-1.0
-1.0
37.4386
-1.0
-1.0
-1.0
-1.0
-1.0
41.1712
-1.0
-1.0
-1.0
-1.0
-1.0
13.1473
-1.0
-1.0
-1.0
31.6637
-1.0
-1.0
-1.0
-1.0
-1.0
48.7657
-1.0
-1.0
48.1241
-1.0
37.6371
-1.0
-1.0
21.9588
22.6339
-1.0
11.4326
29.7099
-1.0
21.214
39.2157
50.4822
50.6712
-1.0
-1.0
-1.0
36.5497
-1.0
-1.0
-1.0
-1.0
-1.0
-1.0
-1.0
-1.0
-1.0
-1.0
-1.0
-1.0
-1.0
50.7515
-1.0
-1.0
-1.0
-1.0
35.2577
-1.0
-1.0
-1.0
28.5882
-1.0
-1.0
-1.0
-1.0
-1.0
35.3932
-1.0
-1.0
-1.0
-1.0
-1.0
-1.0
-1.0
40.6225
-1.0
30.8075
-1.0
40.8063
-1.0
-1.0
-1.0
-1.0
-1.0
-1.0
-1.0
-1.0
-1.0
10.9803
35.2921
-1.0
-1.0
-1.0
42.5085
-1.0
48.6678
-1.0
-1.0
-1.0
-1.0
19.5265
-1.0
-1.0
-1.0
-1.0
-1.0
-1.0
32.1831
-1.0
49.7499
-1.0
44.833
-1.0
52.0238
-1.0
-1.0
-1.0
-1.0
-1.0
-1.0
-1.0
-1.0
-1.0
-1.0
-1.0
-1.0
-1.0
-1.0
-1.0
29.4181
-1.0
-1.0
-1.0
-1.0
12.3675
-1.0
-1.0
44.5913
-1.0
-1.0
21.133
-1.0
27.9465
-1.0
29.0188
41.4807
20.2641
-1.0
-1.0
-1.0
-1.0
-1.0
-1.0
28.8166
-1.0
-1.0
-1.0
49.8679
-1.0
44.9244
-1.0
14.8983
32.6658
-1.0
-1.0
-1.0
-1.0
-1.0
-1.0
-1.0
40.0986
-1.0
-1.0
-1.0
-1.0
-1.0
-1.0
-1.0
-1.0
-1.0
-1.0
46.8945
-1.0
-1.0
-1.0
51.5217
-1.0
-1.0
-1.0
-1.0
31.3495
-1.0
39.2421
-1.0
-1.0
41.3224
-1.0
19.6322
-1.0
25.4059
-1.0
-1.0
-1.0
-1.0
-1.0
-1.0
-1.0
47.7082
46.9903
-1.0
-1.0
12.5105
-1.0
-1.0
-1.0
-1.0
-1.0
32.1903
51.5637
-1.0
-1.0
-1.0
-1.0
-1.0
25.612
-1.0
-1.0
-1.0
-1.0
-1.0
-1.0
29.3595
-1.0
-1.0
-1.0
15.4637
-1.0
-1.0
-1.0
-1.0
-1.0
-1.0
-1.0
22.5501
-1.0
-1.0
-1.0
46.3571
44.7389
-1.0
-1.0
-1.0
-1.0
-1.0
-1.0
47.9641
-1.0
-1.0
-1.0
42.5982
-1.0
41.5879
-1.0
-1.0
-1.0
-1.0
-1.0
-1.0
-1.0
23.932
-1.0
-1.0
-1.0
-1.0
44.6259
28.8256
52.0939
12.2267
22.8281
-1.0
-1.0
-1.0
39.5602
-1.0
-1.0
20.9796
-1.0
-1.0
-1.0
-1.0
-1.0
-1.0
-1.0
-1.0
-1.0
-1.0
51.4014
-1.0
-1.0
-1.0
-1.0
-1.0
-1.0
22.1074
-1.0
49.8833
-1.0
-1.0
17.084
52.9281
-1.0
-1.0
-1.0
-1.0
-1.0
-1.0
-1.0
-1.0
-1.0
-1.0
-1.0
-1.0
-1.0
-1.0
33.9805
47.7173
-1.0
-1.0
38.8173
-1.0
-1.0
-1.0
-1.0
-1.0
-1.0
-1.0
-1.0
-1.0
-1.0
-1.0
-1.0
-1.0
-1.0
-1.0
-1.0
-1.0
43.3345
-1.0
-1.0
11.6434
20.6388
20.1877
-1.0
-1.0
40.7732
-1.0
-1.0
-1.0
-1.0
-1.0
-1.0
48.8057
-1.0
-1.0
39.6877
-1.0
-1.0
-1.0
-1.0
-1.0
-1.0
-1.0
-1.0
-1.0
-1.0
-1.0
-1.0
-1.0
27.3544
27.4654
32.3344
-1.0
-1.0
-1.0
-1.0
-1.0
-1.0
-1.0
-1.0
-1.0
-1.0
-1.0
-1.0
-1.0
-1.0
-1.0
43.3493
-1.0
-1.0
-1.0
-1.0
29.1841
50.0685
-1.0
-1.0
-1.0
39.9534
41.3199
-1.0
-1.0
45.6423
-1.0
-1.0
-1.0
26.2735
-1.0
13.214
35.9833
-1.0
-1.0
26.4192
37.2443
-1.0
-1.0
-1.0
-1.0
50.6897
-1.0
-1.0
-1.0
-1.0
39.216
-1.0
-1.0
-1.0
-1.0
23.5655
-1.0
-1.0
-1.0
32.1775
-1.0
-1.0
24.4193
34.7045
-1.0
-1.0
48.1101
45.8367
-1.0
-1.0
39.2803
-1.0
-1.0
-1.0
-1.0
-1.0
25.1749
-1.0
32.5967
35.5495
-1.0
-1.0
-1.0
-1.0
-1.0
23.5763
-1.0
49.1048
-1.0
-1.0
-1.0
47.7583
-1.0
-1.0
-1.0
30.4231
-1.0
-1.0
-1.0
-1.0
-1.0
-1.0
-1.0
-1.0
-1.0
-1.0
-1.0
-1.0
-1.0
26.7253
-1.0
-1.0
-1.0
35.5394
-1.0
-1.0
-1.0
-1.0
-1.0
39.1932
-1.0
-1.0
-1.0
32.4668
-1.0
-1.0
-1.0
-1.0
-1.0
-1.0
30.2649
-1.0
-1.0
-1.0
-1.0
-1.0
-1.0
-1.0
-1.0
-1.0
-1.0
-1.0
-1.0
48.1069
-1.0
-1.0
-1.0
-1.0
-1.0
-1.0
-1.0
-1.0
-1.0
-1.0
-1.0
43.0035
-1.0
-1.0
-1.0
-1.0
46.7632
-1.0
-1.0
-1.0
-1.0
-1.0
-1.0
-1.0
-1.0
-1.0
-1.0
-1.0
-1.0
40.8544
-1.0
-1.0
-1.0
-1.0
-1.0
-1.0
-1.0
31.1168
-1.0
-1.0
-1.0
42.1686
-1.0
-1.0
33.7285
-1.0
-1.0
51.2995
-1.0
-1.0
17.124
-1.0
-1.0
-1.0
-1.0
-1.0
29.3098
-1.0
-1.0
-1.0
-1.0
-1.0
-1.0
-1.0
38.771
-1.0
-1.0
43.8608
43.6015
26.9878
-1.0
-1.0
39.057
-1.0
-1.0
-1.0
-1.0
42.0545
-1.0
-1.0
-1.0
28.1977
-1.0
-1.0
-1.0
-1.0
-1.0
-1.0
-1.0
40.5173
-1.0
-1.0
-1.0
-1.0
-1.0
-1.0
-1.0
45.8288
-1.0
-1.0
-1.0
-1.0
-1.0
33.2502
25.9327
30.3233
-1.0
-1.0
-1.0
-1.0
-1.0
-1.0
-1.0
-1.0
28.2394
-1.0
-1.0
-1.0
-1.0
-1.0
-1.0
-1.0
-1.0
-1.0
21.8324
-1.0
-1.0
-1.0
-1.0
-1.0
-1.0
-1.0
39.5484
25.3157
-1.0
44.1106
-1.0
34.3403
-1.0
-1.0
48.7518
-1.0
-1.0
-1.0
-1.0
43.9269
-1.0
39.1688
-1.0
-1.0
-1.0
-1.0
-1.0
-1.0
-1.0
-1.0
47.1841
-1.0
-1.0
-1.0
43.4302
-1.0
37.8157
-1.0
-1.0
-1.0
-1.0
-1.0
-1.0
39.6393
-1.0
-1.0
-1.0
-1.0
-1.0
-1.0
-1.0
36.7151
-1.0
-1.0
33.6231
-1.0
-1.0
12.8404
-1.0
-1.0
-1.0
22.8765
-1.0
19.5247
-1.0
-1.0
16.8935
-1.0
-1.0
50.4728
-1.0
-1.0
36.4175
-1.0
-1.0
-1.0
-1.0
42.0399
-1.0
41.6154
41.8619
-1.0
-1.0
-1.0
-1.0
43.6994
-1.0
36.118
-1.0
-1.0
-1.0
-1.0
-1.0
-1.0
42.6953
-1.0
-1.0
-1.0
-1.0
10.2149
-1.0
-1.0
-1.0
-1.0
47.8273
-1.0
46.7119
-1.0
49.9351
22.7339
-1.0
-1.0
-1.0
-1.0
-1.0
25.1063
-1.0
-1.0
-1.0
-1.0
31.0769
46.6657
-1.0
-1.0
34.1665
35.4927
-1.0
-1.0
37.0924
-1.0
44.8546
-1.0
33.8812
-1.0
-1.0
-1.0
37.1403
-1.0
-1.0
-1.0
32.3411
-1.0
-1.0
-1.0
-1.0
-1.0
28.471
-1.0
-1.0
39.2401
-1.0
-1.0
-1.0
-1.0
-1.0
-1.0
-1.0
54.1138
-1.0
-1.0
47.9626
-1.0
-1.0
25.3109
31.1951
-1.0
-1.0
-1.0
-1.0
-1.0
-1.0
-1.0
48.096
30.7612
-1.0
38.462
46.9022
50.0644
-1.0
-1.0
-1.0
-1.0
-1.0
-1.0
46.1018
-1.0
-1.0
-1.0
-1.0
-1.0
38.5731
-1.0
-1.0
29.4858
-1.0
-1.0
-1.0
48.8964
39.2865
27.2665
-1.0
31.7786
-1.0
-1.0
37.6628
-1.0
-1.0
-1.0
-1.0
-1.0
29.9673
-1.0
-1.0
-1.0
-1.0
-1.0
-1.0
-1.0
-1.0
-1.0
-1.0
-1.0
40.2151
34.2843
-1.0
-1.0
-1.0
-1.0
-1.0
-1.0
-1.0
35.8715
-1.0
-1.0
-1.0
52.0607
-1.0
-1.0
-1.0
-1.0
-1.0
41.3097
-1.0
-1.0
-1.0
-1.0
-1.0
-1.0
-1.0
49.0873
-1.0
-1.0
-1.0
-1.0
37.2886
-1.0
-1.0
-1.0
-1.0
47.9083
-1.0
-1.0
-1.0
-1.0
-1.0
-1.0
-1.0
-1.0
-1.0
-1.0
-1.0
-1.0
-1.0
28.5545
-1.0
-1.0
13.5116
-1.0
38.8279
-1.0
-1.0
-1.0
-1.0
-1.0
-1.0
-1.0
44.1407
-1.0
-1.0
-1.0
-1.0
-1.0
6.54186
-1.0
-1.0
-1.0
-1.0
-1.0
-1.0
39.4356
-1.0
-1.0
-1.0
-1.0
24.228
-1.0
-1.0
50.0753
-1.0
-1.0
-1.0
-1.0
-1.0
43.5445
-1.0
-1.0
-1.0
41.2316
-1.0
-1.0
-1.0
-1.0
-1.0
36.7035
-1.0
-1.0
-1.0
48.5924
-1.0
-1.0
-1.0
49.0909
-1.0
-1.0
-1.0
-1.0
-1.0
42.2002
-1.0
40.5616
-1.0
-1.0
-1.0
-1.0
-1.0
-1.0
-1.0
34.3935
-1.0
-1.0
43.5289
-1.0
49.2333
-1.0
-1.0
-1.0
-1.0
27.1891
46.5643
-1.0
-1.0
-1.0
-1.0
-1.0
-1.0
-1.0
-1.0
-1.0
42.0997
36.3519
-1.0
-1.0
-1.0
-1.0
26.0961
32.5854
29.3221
-1.0
-1.0
-1.0
-1.0
-1.0
-1.0
-1.0
-1.0
-1.0
-1.0
-1.0
34.3439
-1.0
-1.0
-1.0
24.4797
-1.0
-1.0
-1.0
44.058
-1.0
32.34
-1.0
42.2689
-1.0
-1.0
44.6978
-1.0
-1.0
-1.0
-1.0
-1.0
-1.0
-1.0
-1.0
29.7341
-1.0
-1.0
35.4236
-1.0
-1.0
-1.0
-1.0
-1.0
-1.0
-1.0
-1.0
-1.0
-1.0
-1.0
-1.0
36.032
-1.0
32.3093
-1.0
-1.0
-1.0
-1.0
22.5174
-1.0
-1.0
-1.0
46.9369
-1.0
-1.0
-1.0
-1.0
29.8732
-1.0
40.7322
-1.0
-1.0
-1.0
-1.0
27.4408
-1.0
-1.0
49.4189
-1.0
-1.0
-1.0
-1.0
-1.0
34.2935
42.6
35.8584
-1.0
-1.0
-1.0
24.9834
-1.0
-1.0
-1.0
-1.0
-1.0
37.9988
-1.0
-1.0
-1.0
46.2724
-1.0
-1.0
42.2093
-1.0
-1.0
-1.0
-1.0
26.8793
-1.0
-1.0
-1.0
45.2458
-1.0
9.6053
-1.0
-1.0
43.4915
38.6016
51.7435
-1.0
-1.0
-1.0
38.9604
-1.0
-1.0
-1.0
33.0166
-1.0
-1.0
-1.0
-1.0
-1.0
-1.0
-1.0
-1.0
-1.0
35.2387
-1.0
-1.0
-1.0
-1.0
-1.0
9.08585
-1.0
-1.0
-1.0
-1.0
-1.0
-1.0
47.9183
42.6883
-1.0
-1.0
-1.0
-1.0
15.3993
-1.0
24.6914
-1.0
-1.0
-1.0
-1.0
-1.0
45.3586
-1.0
-1.0
-1.0
30.8037
38.6239
-1.0
-1.0
33.2932
26.1032
48.3774
-1.0
15.1474
49.5455
-1.0
-1.0
34.3081
-1.0
-1.0
-1.0
35.6182
-1.0
23.2869
-1.0
-1.0
-1.0
-1.0
-1.0
-1.0
52.1777
-1.0
-1.0
-1.0
22.6144
26.4594
-1.0
-1.0
35.2377
-1.0
-1.0
-1.0
-1.0
-1.0
-1.0
-1.0
-1.0
42.367
-1.0
-1.0
-1.0
-1.0
-1.0
-1.0
-1.0
-1.0
-1.0
-1.0
-1.0
-1.0
-1.0
-1.0
-1.0
-1.0
-1.0
-1.0
50.7669
46.2814
-1.0
-1.0
-1.0
47.7812
-1.0
-1.0
-1.0
-1.0
49.3305
22.3729
12.5115
-1.0
37.2856
51.9645
-1.0
-1.0
-1.0
25.6645
30.992
46.6522
-1.0
-1.0
-1.0
36.168
18.0936
-1.0
-1.0
-1.0
-1.0
-1.0
-1.0
14.3565
-1.0
-1.0
-1.0
37.4903
49.8141
-1.0
-1.0
-1.0
34.8481
-1.0
-1.0
-1.0
-1.0
12.3529
-1.0
-1.0
-1.0
-1.0
-1.0
-1.0
-1.0
-1.0
-1.0
-1.0
-1.0
-1.0
32.3572
-1.0
33.4449
-1.0
-1.0
-1.0
-1.0
47.8705
-1.0
-1.0
48.7723
-1.0
-1.0
-1.0
-1.0
18.4481
-1.0
-1.0
50.8465
-1.0
28.9643
25.8004
-1.0
-1.0
38.5876
-1.0
-1.0
-1.0
-1.0
-1.0
-1.0
-1.0
-1.0
-1.0
-1.0
-1.0
-1.0
-1.0
-1.0
-1.0
-1.0
-1.0
-1.0
-1.0
28.3969
34.7872
46.2541
-1.0
37.6362
-1.0
-1.0
-1.0
30.798
-1.0
-1.0
-1.0
-1.0
-1.0
-1.0
-1.0
-1.0
-1.0
-1.0
48.334
-1.0
14.7483
17.8656
-1.0
-1.0
-1.0
-1.0
26.4633
-1.0
49.0238
-1.0
-1.0
-1.0
38.714
-1.0
-1.0
-1.0
-1.0
35.275
-1.0
-1.0
-1.0
-1.0
-1.0
50.9134
-1.0
-1.0
-1.0
45.5126
-1.0
-1.0
-1.0
-1.0
-1.0
-1.0
36.9455
-1.0
37.1177
41.7143
-1.0
41.1133
-1.0
-1.0
-1.0
-1.0
49.8838
47.7945
41.549
37.291
-1.0
-1.0
-1.0
37.048
-1.0
48.9103
-1.0
-1.0
-1.0
38.2259
-1.0
-1.0
15.8763
-1.0
-1.0
-1.0
-1.0
19.8189
43.6142
-1.0
27.413
23.8174
-1.0
-1.0
-1.0
-1.0
-1.0
-1.0
46.0228
39.6882
-1.0
-1.0
-1.0
50.7807
-1.0
-1.0
-1.0
-1.0
-1.0
-1.0
-1.0
-1.0
-1.0
-1.0
-1.0
-1.0
-1.0
-1.0
-1.0
-1.0
-1.0
37.1925
-1.0
46.8208
-1.0
-1.0
-1.0
-1.0
-1.0
23.3446
31.4137
44.0673
-1.0
-1.0
42.7479
-1.0
26.8767
-1.0
-1.0
-1.0
-1.0
52.3019
-1.0
-1.0
46.1202
-1.0
-1.0
-1.0
-1.0
-1.0
-1.0
-1.0
-1.0
-1.0
-1.0
-1.0
27.4811
-1.0
31.9811
-1.0
-1.0
-1.0
-1.0
-1.0
-1.0
-1.0
35.2539
-1.0
-1.0
-1.0
-1.0
-1.0
-1.0
-1.0
-1.0
48.3412
-1.0
-1.0
-1.0
-1.0
-1.0
-1.0
-1.0
-1.0
-1.0
-1.0
-1.0
-1.0
-1.0
-1.0
42.3149
-1.0
-1.0
-1.0
43.3846
-1.0
47.1388
44.5989
-1.0
33.2047
-1.0
-1.0
-1.0
-1.0
48.7281
-1.0
-1.0
-1.0
44.2769
-1.0
-1.0
-1.0
-1.0
-1.0
-1.0
-1.0
-1.0
-1.0
-1.0
38.2196
-1.0
-1.0
-1.0
-1.0
-1.0
13.2288
-1.0
-1.0
41.2461
40.3885
-1.0
37.0224
-1.0
-1.0
-1.0
32.2236
-1.0
29.8143
-1.0
-1.0
11.0245
-1.0
-1.0
-1.0
-1.0
-1.0
-1.0
-1.0
-1.0
-1.0
39.2309
-1.0
-1.0
34.9554
18.3137
-1.0
-1.0
-1.0
-1.0
50.9394
24.7262
-1.0
-1.0
16.5251
-1.0
-1.0
-1.0
-1.0
42.8989
-1.0
46.4853
24.2472
-1.0
-1.0
-1.0
47.0267
-1.0
-1.0
34.7234
-1.0
-1.0
42.3181
-1.0
-1.0
21.4518
-1.0
-1.0
-1.0
-1.0
-1.0
-1.0
-1.0
-1.0
-1.0
-1.0
-1.0
-1.0
-1.0
50.1702
-1.0
-1.0
-1.0
44.419
-1.0
-1.0
-1.0
-1.0
-1.0
20.1148
43.4347
-1.0
-1.0
-1.0
41.0445
-1.0
38.8216
-1.0
-1.0
-1.0
-1.0
-1.0
37.8786
-1.0
-1.0
-1.0
-1.0
46.6497
45.509
38.8287
-1.0
-1.0
35.1796
-1.0
-1.0
-1.0
-1.0
-1.0
-1.0
-1.0
-1.0
-1.0
25.2011
-1.0
-1.0
51.8001
35.8154
-1.0
47.4785
26.0602
44.6742
36.2892
42.5958
35.8356
-1.0
-1.0
-1.0
-1.0
-1.0
30.546
-1.0
19.1024
-1.0
-1.0
-1.0
37.9912
-1.0
-1.0
-1.0
-1.0
-1.0
-1.0
-1.0
-1.0
-1.0
-1.0
17.1233
-1.0
-1.0
-1.0
-1.0
-1.0
28.0572
-1.0
-1.0
46.6563
47.8802
23.8606
-1.0
-1.0
-1.0
-1.0
-1.0
-1.0
23.5465
50.7995
-1.0
37.3907
-1.0
-1.0
40.1607
-1.0
-1.0
-1.0
-1.0
-1.0
43.6411
-1.0
-1.0
-1.0
-1.0
-1.0
-1.0
-1.0
-1.0
39.8186
-1.0
44.5672
48.7371
-1.0
-1.0
-1.0
50.7454
-1.0
35.5369
48.7585
-1.0
-1.0
-1.0
-1.0
-1.0
-1.0
-1.0
-1.0
-1.0
-1.0
-1.0
41.1958
-1.0
41.0542
36.4117
-1.0
48.0022
20.4605
-1.0
-1.0
-1.0
-1.0
-1.0
45.2407
-1.0
-1.0
47.9576
-1.0
51.0842
-1.0
41.4694
-1.0
44.0268
-1.0
28.4413
-1.0
-1.0
-1.0
-1.0
-1.0
35.7354
-1.0
44.6307
45.1992
-1.0
38.8958
-1.0
-1.0
-1.0
-1.0
-1.0
-1.0
-1.0
-1.0
-1.0
-1.0
-1.0
-1.0
-1.0
9.06096
-1.0
43.1287
-1.0
-1.0
-1.0
-1.0
-1.0
-1.0
-1.0
-1.0
-1.0
-1.0
-1.0
-1.0
32.4703
-1.0
-1.0
-1.0
24.6044
-1.0
-1.0
-1.0
24.396
-1.0
-1.0
48.4824
-1.0
-1.0
-1.0
-1.0
50.2139
-1.0
-1.0
-1.0
8.92214
33.1577
-1.0
-1.0
-1.0
-1.0
-1.0
-1.0
51.192
-1.0
-1.0
-1.0
-1.0
-1.0
-1.0
-1.0
42.1613
-1.0
-1.0
-1.0
-1.0
33.4151
-1.0
-1.0
-1.0
-1.0
-1.0
-1.0
-1.0
-1.0
-1.0
48.066
50.5297
-1.0
-1.0
-1.0
-1.0
-1.0
-1.0
-1.0
-1.0
-1.0
-1.0
-1.0
-1.0
42.4002
-1.0
-1.0
35.1197
-1.0
-1.0
-1.0
-1.0
-1.0
-1.0
-1.0
-1.0
31.5175
-1.0
-1.0
31.5045
48.4997
-1.0
-1.0
-1.0
-1.0
-1.0
-1.0
43.9341
35.341
-1.0
-1.0
-1.0
-1.0
50.5614
39.8619
-1.0
29.3102
-1.0
-1.0
49.8984
-1.0
-1.0
-1.0
-1.0
-1.0
-1.0
-1.0
51.028
37.31
33.0367
-1.0
-1.0
-1.0
-1.0
-1.0
-1.0
24.6135
-1.0
26.2409
-1.0
-1.0
-1.0
26.5708
-1.0
-1.0
-1.0
-1.0
-1.0
28.0585
39.4152
-1.0
-1.0
-1.0
24.5934
-1.0
-1.0
38.0428
-1.0
-1.0
-1.0
-1.0
-1.0
-1.0
-1.0
-1.0
27.3834
-1.0
-1.0
-1.0
-1.0
-1.0
-1.0
-1.0
26.2009
-1.0
48.3169
-1.0
-1.0
-1.0
-1.0
-1.0
42.3786
-1.0
41.5791
-1.0
-1.0
-1.0
36.7434
31.7431
-1.0
-1.0
-1.0
21.9567
9.10508
-1.0
-1.0
-1.0
-1.0
-1.0
33.2915
29.1537
23.03
-1.0
-1.0
-1.0
-1.0
31.7291
-1.0
-1.0
-1.0
-1.0
-1.0
31.7229
41.2589
-1.0
-1.0
-1.0
39.9209
-1.0
-1.0
-1.0
-1.0
-1.0
-1.0
-1.0
-1.0
-1.0
-1.0
-1.0
-1.0
-1.0
-1.0
-1.0
36.0116
51.8508
29.7488
46.2974
27.0362
-1.0
-1.0
-1.0
-1.0
35.1714
-1.0
39.1216
-1.0
-1.0
27.7915
-1.0
-1.0
-1.0
-1.0
45.4318
-1.0
-1.0
-1.0
-1.0
-1.0
-1.0
-1.0
-1.0
38.7881
-1.0
17.4386
-1.0
-1.0
-1.0
-1.0
-1.0
44.3437
-1.0
-1.0
-1.0
-1.0
-1.0
48.1066
45.7243
-1.0
-1.0
-1.0
-1.0
46.6361
-1.0
50.9818
-1.0
-1.0
-1.0
43.7641
-1.0
50.036
-1.0
-1.0
-1.0
-1.0
-1.0
-1.0
-1.0
-1.0
-1.0
24.555
-1.0
27.0223
-1.0
-1.0
-1.0
-1.0
-1.0
-1.0
-1.0
-1.0
-1.0
-1.0
-1.0
-1.0
-1.0
-1.0
-1.0
-1.0
-1.0
-1.0
-1.0
-1.0
39.2106
-1.0
-1.0
-1.0
37.4294
-1.0
-1.0
47.4864
-1.0
-1.0
40.0383
49.0695
-1.0
-1.0
-1.0
51.5267
44.1784
-1.0
-1.0
4.92969
38.5076
-1.0
-1.0
-1.0
15.2735
-1.0
-1.0
-1.0
-1.0
-1.0
-1.0
-1.0
-1.0
-1.0
30.8527
-1.0
-1.0
-1.0
29.4554
-1.0
-1.0
-1.0
-1.0
-1.0
-1.0
-1.0
40.0742
-1.0
39.8583
-1.0
-1.0
-1.0
-1.0
-1.0
-1.0
-1.0
-1.0
-1.0
42.3192
24.8951
48.5837
34.6265
-1.0
-1.0
50.7563
-1.0
-1.0
47.0078
31.9825
-1.0
-1.0
-1.0
30.9616
-1.0
39.0645
-1.0
34.617
-1.0
52.0192
-1.0
-1.0
-1.0
-1.0
-1.0
-1.0
-1.0
-1.0
-1.0
-1.0
-1.0
-1.0
-1.0
-1.0
32.0405
-1.0
-1.0
23.1949
-1.0
-1.0
-1.0
-1.0
49.624
-1.0
-1.0
-1.0
-1.0
-1.0
45.9187
-1.0
25.5047
40.7595
22.0622
-1.0
42.4912
-1.0
-1.0
-1.0
-1.0
-1.0
-1.0
-1.0
34.1616
-1.0
-1.0
-1.0
-1.0
-1.0
-1.0
-1.0
49.0964
-1.0
-1.0
-1.0
-1.0
-1.0
-1.0
-1.0
-1.0
-1.0
50.244
-1.0
36.9815
-1.0
-1.0
-1.0
-1.0
39.3644
49.5361
-1.0
-1.0
35.5537
-1.0
-1.0
-1.0
-1.0
-1.0
-1.0
-1.0
-1.0
-1.0
-1.0
-1.0
-1.0
-1.0
-1.0
-1.0
-1.0
33.7336
-1.0
-1.0
-1.0
-1.0
-1.0
-1.0
39.1962
-1.0
47.3056
-1.0
-1.0
6.30749
-1.0
-1.0
-1.0
-1.0
38.6479
-1.0
48.3747
17.7717
-1.0
25.18
-1.0
-1.0
44.5553
-1.0
-1.0
-1.0
-1.0
-1.0
-1.0
48.1777
-1.0
-1.0
24.3079
39.8279
-1.0
47.8782
-1.0
-1.0
-1.0
32.1956
-1.0
-1.0
-1.0
-1.0
-1.0
-1.0
-1.0
50.2049
35.1038
-1.0
-1.0
-1.0
-1.0
-1.0
-1.0
-1.0
-1.0
32.425
47.6376
-1.0
-1.0
-1.0
-1.0
-1.0
-1.0
-1.0
-1.0
-1.0
-1.0
-1.0
46.9007
-1.0
-1.0
-1.0
-1.0
14.6252
-1.0
45.1473
-1.0
-1.0
-1.0
26.8513
-1.0
43.3541
-1.0
-1.0
-1.0
-1.0
-1.0
15.1347
-1.0
-1.0
-1.0
-1.0
-1.0
-1.0
-1.0
-1.0
-1.0
-1.0
-1.0
-1.0
-1.0
-1.0
-1.0
-1.0
31.3621
-1.0
-1.0
48.3631
-1.0
-1.0
-1.0
-1.0
-1.0
-1.0
-1.0
39.2818
-1.0
51.1653
-1.0
-1.0
-1.0
-1.0
-1.0
-1.0
-1.0
-1.0
-1.0
-1.0
-1.0
-1.0
-1.0
-1.0
41.0309
-1.0
50.2274
-1.0
-1.0
42.3444
-1.0
39.4881
46.8379
-1.0
-1.0
-1.0
46.8818
-1.0
-1.0
-1.0
-1.0
-1.0
-1.0
-1.0
-1.0
-1.0
-1.0
-1.0
41.8725
-1.0
-1.0
-1.0
-1.0
20.0205
49.2885
-1.0
-1.0
20.2581
-1.0
40.5072
-1.0
-1.0
-1.0
-1.0
28.0164
-1.0
37.5824
-1.0
-1.0
49.9273
-1.0
-1.0
-1.0
-1.0
-1.0
30.4067
10.5411
-1.0
-1.0
-1.0
-1.0
-1.0
-1.0
-1.0
-1.0
-1.0
35.9359
-1.0
-1.0
-1.0
28.9339
-1.0
-1.0
-1.0
-1.0
-1.0
45.2384
-1.0
-1.0
-1.0
-1.0
44.6982
-1.0
-1.0
-1.0
-1.0
-1.0
25.7479
-1.0
50.2464
-1.0
29.0403
33.9735
40.577
-1.0
-1.0
37.212
-1.0
46.8109
-1.0
-1.0
-1.0
-1.0
-1.0
-1.0
49.1152
-1.0
-1.0
10.608
-1.0
-1.0
-1.0
-1.0
-1.0
45.4638
-1.0
39.0588
-1.0
33.2599
-1.0
46.8171
46.5038
46.8878
-1.0
-1.0
-1.0
37.1043
27.4894
-1.0
37.7394
-1.0
37.2503
-1.0
36.8357
-1.0
19.1399
-1.0
-1.0
-1.0
-1.0
-1.0
-1.0
-1.0
-1.0
-1.0
-1.0
-1.0
-1.0
-1.0
38.4414
-1.0
-1.0
-1.0
28.0915
-1.0
52.0616
-1.0
-1.0
-1.0
-1.0
-1.0
-1.0
-1.0
-1.0
-1.0
-1.0
-1.0
-1.0
-1.0
-1.0
-1.0
-1.0
-1.0
-1.0
44.8251
44.3016
-1.0
-1.0
-1.0
-1.0
-1.0
-1.0
-1.0
-1.0
-1.0
-1.0
-1.0
46.3698
-1.0
-1.0
-1.0
-1.0
-1.0
-1.0
-1.0
-1.0
-1.0
-1.0
-1.0
20.5096
-1.0
-1.0
-1.0
-1.0
52.162
-1.0
-1.0
-1.0
-1.0
-1.0
28.8258
-1.0
22.8634
40.8619
-1.0
-1.0
-1.0
-1.0
-1.0
-1.0
-1.0
17.9284
-1.0
-1.0
-1.0
-1.0
-1.0
-1.0
-1.0
-1.0
-1.0
-1.0
31.9379
-1.0
-1.0
34.4876
-1.0
-1.0
45.9272
-1.0
38.7053
-1.0
-1.0
-1.0
-1.0
48.1997
-1.0
-1.0
31.3619
-1.0
-1.0
-1.0
-1.0
-1.0
-1.0
-1.0
-1.0
36.3169
-1.0
-1.0
47.3475
-1.0
-1.0
-1.0
-1.0
-1.0
-1.0
-1.0
-1.0
-1.0
7.54123
-1.0
36.0716
-1.0
-1.0
-1.0
-1.0
26.4559
37.9347
-1.0
-1.0
17.7867
-1.0
42.5793
-1.0
31.5485
-1.0
-1.0
-1.0
-1.0
-1.0
34.1561
-1.0
-1.0
-1.0
-1.0
-1.0
47.3806
-1.0
-1.0
15.4848
-1.0
-1.0
19.528
-1.0
-1.0
-1.0
-1.0
-1.0
-1.0
-1.0
-1.0
-1.0
49.4535
-1.0
40.5565
-1.0
-1.0
-1.0
50.7799
-1.0
20.9605
-1.0
-1.0
-1.0
-1.0
-1.0
-1.0
-1.0
-1.0
46.6716
-1.0
37.1088
-1.0
-1.0
-1.0
-1.0
-1.0
51.4717
-1.0
-1.0
-1.0
48.0361
-1.0
-1.0
-1.0
-1.0
26.3867
-1.0
-1.0
49.704
-1.0
-1.0
24.7538
30.08
-1.0
-1.0
-1.0
-1.0
-1.0
-1.0
-1.0
44.5088
26.321
-1.0
-1.0
-1.0
-1.0
-1.0
-1.0
33.87
-1.0
-1.0
-1.0
-1.0
-1.0
-1.0
-1.0
-1.0
-1.0
-1.0
-1.0
-1.0
-1.0
35.6883
-1.0
-1.0
32.208
-1.0
-1.0
-1.0
21.4391
-1.0
-1.0
-1.0
43.8633
-1.0
-1.0
-1.0
-1.0
51.2847
-1.0
11.6075
-1.0
24.6814
34.9642
-1.0
-1.0
-1.0
-1.0
-1.0
-1.0
-1.0
24.0147
-1.0
-1.0
-1.0
-1.0
-1.0
-1.0
-1.0
21.6674
-1.0
41.9297
-1.0
-1.0
40.8043
41.1487
50.4754
-1.0
-1.0
-1.0
44.6265
-1.0
-1.0
-1.0
-1.0
21.5129
-1.0
-1.0
-1.0
-1.0
32.4799
-1.0
33.3565
-1.0
-1.0
-1.0
35.4005
-1.0
7.33849
46.1864
-1.0
-1.0
-1.0
23.6129
-1.0
44.723
-1.0
50.954
-1.0
-1.0
-1.0
-1.0
47.1495
-1.0
-1.0
50.8725
39.9149
-1.0
-1.0
-1.0
-1.0
-1.0
-1.0
50.6148
-1.0
-1.0
20.1343
-1.0
-1.0
-1.0
-1.0
-1.0
-1.0
39.4343
33.2344
26.0657
-1.0
37.6461
-1.0
48.941
-1.0
32.1493
-1.0
-1.0
-1.0
-1.0
-1.0
-1.0
-1.0
-1.0
-1.0
-1.0
-1.0
-1.0
-1.0
-1.0
-1.0
-1.0
-1.0
-1.0
-1.0
-1.0
-1.0
-1.0
-1.0
-1.0
-1.0
-1.0
-1.0
-1.0
-1.0
-1.0
-1.0
50.567
-1.0
-1.0
-1.0
-1.0
-1.0
-1.0
-1.0
-1.0
-1.0
24.4802
-1.0
45.1102
-1.0
-1.0
36.6558
-1.0
46.8791
39.0525
-1.0
-1.0
34.0147
-1.0
-1.0
-1.0
-1.0
34.3656
-1.0
-1.0
-1.0
-1.0
-1.0
-1.0
-1.0
-1.0
-1.0
-1.0
-1.0
-1.0
44.9316
33.9051
-1.0
44.7195
-1.0
-1.0
-1.0
-1.0
-1.0
-1.0
-1.0
-1.0
-1.0
-1.0
-1.0
-1.0
-1.0
-1.0
25.0408
-1.0
49.303
-1.0
-1.0
-1.0
-1.0
-1.0
-1.0
-1.0
-1.0
-1.0
-1.0
-1.0
-1.0
43.6204
-1.0
-1.0
-1.0
-1.0
-1.0
40.2226
-1.0
-1.0
-1.0
32.0374
-1.0
46.5514
-1.0
-1.0
-1.0
-1.0
-1.0
-1.0
-1.0
48.5152
-1.0
31.9053
-1.0
-1.0
-1.0
-1.0
-1.0
-1.0
-1.0
-1.0
-1.0
-1.0
-1.0
-1.0
-1.0
19.4676
42.5248
-1.0
-1.0
-1.0
24.7456
-1.0
46.9624
33.3631
-1.0
18.6283
-1.0
-1.0
13.2812
-1.0
-1.0
-1.0
46.5597
-1.0
44.5178
-1.0
-1.0
-1.0
-1.0
-1.0
-1.0
-1.0
30.9584
26.95
-1.0
46.8856
44.6712
-1.0
-1.0
-1.0
-1.0
43.9244
-1.0
37.4945
-1.0
-1.0
-1.0
-1.0
40.6087
-1.0
-1.0
38.5429
-1.0
-1.0
33.8188
50.4752
-1.0
-1.0
32.3055
-1.0
-1.0
-1.0
41.5893
-1.0
-1.0
-1.0
37.5481
-1.0
-1.0
30.346
31.3209
25.3907
-1.0
-1.0
37.4038
-1.0
-1.0
-1.0
25.5254
-1.0
-1.0
-1.0
10.9981
27.2869
-1.0
-1.0
-1.0
-1.0
-1.0
46.315
-1.0
-1.0
-1.0
-1.0
45.1661
-1.0
-1.0
-1.0
34.7131
-1.0
-1.0
-1.0
-1.0
-1.0
-1.0
-1.0
-1.0
-1.0
-1.0
-1.0
-1.0
-1.0
-1.0
39.3447
-1.0
31.5499
-1.0
-1.0
-1.0
40.898
27.7963
38.8164
-1.0
35.5038
-1.0
-1.0
-1.0
47.7357
-1.0
-1.0
-1.0
-1.0
-1.0
46.8977
-1.0
-1.0
-1.0
-1.0
-1.0
-1.0
-1.0
50.3448
-1.0
-1.0
24.6187
-1.0
43.8299
-1.0
-1.0
-1.0
-1.0
-1.0
49.9256
-1.0
-1.0
24.4472
-1.0
-1.0
-1.0
39.919
-1.0
-1.0
-1.0
-1.0
-1.0
43.6884
-1.0
-1.0
-1.0
45.9486
31.171
-1.0
-1.0
-1.0
-1.0
50.2266
-1.0
-1.0
-1.0
-1.0
-1.0
-1.0
-1.0
-1.0
-1.0
-1.0
51.875
33.575
-1.0
-1.0
-1.0
-1.0
30.2598
-1.0
-1.0
23.8244
-1.0
45.8097
41.8443
-1.0
51.3649
-1.0
-1.0
-1.0
-1.0
-1.0
-1.0
-1.0
-1.0
45.6859
46.1777
-1.0
-1.0
-1.0
43.961
-1.0
-1.0
-1.0
-1.0
24.2339
-1.0
-1.0
-1.0
-1.0
-1.0
40.8539
-1.0
-1.0
-1.0
-1.0
-1.0
-1.0
38.9769
-1.0
-1.0
-1.0
-1.0
-1.0
-1.0
-1.0
-1.0
-1.0
-1.0
-1.0
-1.0
-1.0
-1.0
-1.0
-1.0
54.211
-1.0
-1.0
-1.0
-1.0
-1.0
-1.0
-1.0
-1.0
-1.0
-1.0
-1.0
30.6731
-1.0
-1.0
-1.0
-1.0
-1.0
-1.0
-1.0
-1.0
-1.0
-1.0
-1.0
-1.0
-1.0
-1.0
-1.0
-1.0
-1.0
23.8613
-1.0
47.9541
-1.0
-1.0
-1.0
15.2334
23.9384
-1.0
-1.0
-1.0
37.3647
-1.0
50.0588
-1.0
45.4844
-1.0
-1.0
-1.0
-1.0
-1.0
-1.0
-1.0
-1.0
49.8983
38.904
-1.0
-1.0
-1.0
15.5461
-1.0
34.107
-1.0
-1.0
-1.0
-1.0
39.583
36.459
-1.0
-1.0
-1.0
-1.0
-1.0
-1.0
-1.0
-1.0
-1.0
-1.0
51.4088
-1.0
33.9773
-1.0
-1.0
-1.0
-1.0
-1.0
-1.0
-1.0
-1.0
-1.0
-1.0
-1.0
-1.0
-1.0
-1.0
-1.0
-1.0
49.83
-1.0
-1.0
43.4771
23.0519
-1.0
-1.0
-1.0
-1.0
-1.0
-1.0
-1.0
-1.0
-1.0
-1.0
42.4197
22.1932
-1.0
39.7142
-1.0
-1.0
-1.0
17.0663
-1.0
-1.0
-1.0
22.9791
26.7809
-1.0
-1.0
-1.0
5.5559
-1.0
-1.0
-1.0
-1.0
-1.0
42.5102
49.4767
-1.0
-1.0
-1.0
-1.0
-1.0
47.5139
-1.0
-1.0
44.5538
-1.0
-1.0
-1.0
-1.0
-1.0
21.2618
33.683
-1.0
-1.0
-1.0
-1.0
-1.0
48.7725
-1.0
-1.0
32.1071
-1.0
28.2377
32.3265
-1.0
45.6455
-1.0
-1.0
-1.0
-1.0
-1.0
51.8865
-1.0
46.3702
24.9472
41.9585
-1.0
46.1914
-1.0
-1.0
41.692
-1.0
17.9121
-1.0
-1.0
-1.0
50.3852
-1.0
-1.0
-1.0
36.8633
-1.0
-1.0
-1.0
-1.0
-1.0
-1.0
-1.0
-1.0
-1.0
50.5849
-1.0
-1.0
37.2403
47.2902
-1.0
-1.0
-1.0
-1.0
-1.0
82.8764
-1.0
-1.0
-1.0
-1.0
-1.0
-1.0
-1.0
-1.0
9.02909
-1.0
-1.0
50.79
35.5054
-1.0
45.2493
40.021
-1.0
43.315
-1.0
-1.0
-1.0
-1.0
-1.0
-1.0
43.9941
-1.0
-1.0
-1.0
-1.0
-1.0
-1.0
-1.0
-1.0
-1.0
-1.0
-1.0
-1.0
-1.0
-1.0
22.6107
-1.0
-1.0
-1.0
45.0008
41.3693
-1.0
38.4298
-1.0
-1.0
30.0439
-1.0
-1.0
-1.0
-1.0
-1.0
-1.0
-1.0
-1.0
38.1557
-1.0
-1.0
19.2122
-1.0
-1.0
-1.0
-1.0
-1.0
-1.0
-1.0
-1.0
-1.0
-1.0
-1.0
-1.0
50.803
-1.0
-1.0
-1.0
-1.0
27.261
-1.0
-1.0
-1.0
39.8288
-1.0
-1.0
-1.0
-1.0
-1.0
-1.0
-1.0
27.1889
-1.0
-1.0
-1.0
-1.0
-1.0
-1.0
-1.0
-1.0
-1.0
-1.0
-1.0
26.2386
-1.0
-1.0
10.8822
-1.0
-1.0
36.5115
-1.0
-1.0
-1.0
-1.0
41.3425
46.9386
-1.0
46.0565
-1.0
43.9177
-1.0
-1.0
18.2613
42.7365
44.9272
-1.0
-1.0
-1.0
-1.0
-1.0
-1.0
-1.0
-1.0
-1.0
-1.0
-1.0
-1.0
-1.0
-1.0
-1.0
-1.0
-1.0
34.4286
38.5023
-1.0
-1.0
-1.0
-1.0
-1.0
-1.0
-1.0
-1.0
43.8322
-1.0
-1.0
-1.0
45.7259
-1.0
-1.0
-1.0
-1.0
-1.0
33.4727
49.4386
-1.0
-1.0
-1.0
-1.0
-1.0
39.0207
43.617
-1.0
-1.0
48.4985
-1.0
-1.0
-1.0
-1.0
-1.0
-1.0
-1.0
50.3924
33.8183
-1.0
-1.0
-1.0
-1.0
-1.0
-1.0
-1.0
31.6807
-1.0
44.1419
43.425
-1.0
-1.0
-1.0
-1.0
-1.0
48.1847
39.5156
24.2218
-1.0
47.0814
-1.0
47.9543
-1.0
-1.0
-1.0
-1.0
-1.0
-1.0
24.9869
-1.0
-1.0
-1.0
23.0918
-1.0
-1.0
48.405
-1.0
-1.0
47.5896
-1.0
-1.0
-1.0
-1.0
-1.0
-1.0
-1.0
-1.0
49.8584
-1.0
40.6685
-1.0
-1.0
-1.0
49.1622
-1.0
-1.0
-1.0
-1.0
33.0697
32.7294
-1.0
-1.0
-1.0
38.8458
-1.0
50.4152
-1.0
17.3926
34.3955
-1.0
-1.0
11.3606
-1.0
32.7943
-1.0
27.3688
47.7571
-1.0
-1.0
-1.0
-1.0
-1.0
-1.0
-1.0
-1.0
-1.0
-1.0
-1.0
49.3212
25.4938
-1.0
-1.0
-1.0
-1.0
-1.0
17.4635
-1.0
-1.0
-1.0
-1.0
-1.0
-1.0
-1.0
-1.0
30.3213
-1.0
-1.0
48.3099
-1.0
-1.0
-1.0
-1.0
-1.0
42.4673
38.6398
-1.0
-1.0
-1.0
29.8704
-1.0
-1.0
39.9961
25.81
-1.0
-1.0
-1.0
-1.0
30.0501
-1.0
-1.0
-1.0
-1.0
-1.0
-1.0
-1.0
-1.0
-1.0
-1.0
46.7211
50.5913
-1.0
-1.0
-1.0
-1.0
-1.0
36.6989
-1.0
-1.0
-1.0
47.6426
-1.0
-1.0
44.6554
-1.0
38.8334
-1.0
-1.0
21.8844
-1.0
-1.0
-1.0
-1.0
41.9426
-1.0
-1.0
-1.0
-1.0
-1.0
34.6994
-1.0
-1.0
-1.0
-1.0
-1.0
-1.0
-1.0
28.3759
50.0396
11.0679
-1.0
-1.0
-1.0
-1.0
-1.0
-1.0
-1.0
-1.0
-1.0
36.5372
-1.0
-1.0
-1.0
-1.0
-1.0
-1.0
-1.0
-1.0
33.23
-1.0
-1.0
-1.0
-1.0
-1.0
-1.0
-1.0
-1.0
25.7753
-1.0
-1.0
28.0124
-1.0
-1.0
-1.0
-1.0
-1.0
-1.0
-1.0
-1.0
-1.0
-1.0
-1.0
-1.0
-1.0
18.9234
-1.0
-1.0
-1.0
-1.0
-1.0
-1.0
-1.0
-1.0
-1.0
21.3434
-1.0
26.3848
-1.0
-1.0
-1.0
-1.0
-1.0
-1.0
36.5225
-1.0
-1.0
-1.0
-1.0
-1.0
34.7373
-1.0
-1.0
-1.0
39.8252
-1.0
-1.0
-1.0
-1.0
26.1265
-1.0
32.3362
-1.0
48.2062
47.0524
-1.0
-1.0
33.3887
43.2876
-1.0
-1.0
34.9871
-1.0
-1.0
-1.0
-1.0
-1.0
-1.0
-1.0
-1.0
-1.0
-1.0
-1.0
-1.0
-1.0
51.1192
-1.0
-1.0
-1.0
47.1119
-1.0
-1.0
2.38033
-1.0
-1.0
28.7925
-1.0
-1.0
-1.0
-1.0
-1.0
-1.0
-1.0
-1.0
-1.0
-1.0
-1.0
-1.0
-1.0
-1.0
-1.0
-1.0
-1.0
-1.0
-1.0
-1.0
-1.0
-1.0
33.3044
50.0892
49.4359
29.7939
-1.0
-1.0
-1.0
-1.0
-1.0
16.5282
-1.0
-1.0
54.186
-1.0
-1.0
-1.0
-1.0
-1.0
-1.0
47.6495
-1.0
-1.0
-1.0
-1.0
-1.0
-1.0
51.3943
-1.0
-1.0
-1.0
-1.0
19.8253
-1.0
-1.0
-1.0
-1.0
-1.0
-1.0
28.7932
-1.0
21.6755
-1.0
-1.0
-1.0
-1.0
-1.0
-1.0
-1.0
-1.0
-1.0
-1.0
-1.0
-1.0
-1.0
-1.0
-1.0
-1.0
29.8833
-1.0
32.7243
-1.0
-1.0
-1.0
-1.0
-1.0
-1.0
-1.0
-1.0
-1.0
-1.0
45.9491
49.4384
30.3207
-1.0
28.7689
40.2161
-1.0
42.8355
33.8386
-1.0
-1.0
-1.0
52.2801
-1.0
23.675
-1.0
-1.0
-1.0
45.3562
-1.0
-1.0
-1.0
-1.0
-1.0
-1.0
-1.0
-1.0
-1.0
-1.0
43.7735
-1.0
-1.0
-1.0
43.5007
-1.0
-1.0
-1.0
31.8671
-1.0
-1.0
31.7192
-1.0
-1.0
-1.0
-1.0
-1.0
-1.0
-1.0
-1.0
-1.0
-1.0
-1.0
-1.0
-1.0
-1.0
-1.0
-1.0
-1.0
-1.0
-1.0
-1.0
-1.0
10.3653
-1.0
-1.0
33.8379
-1.0
-1.0
50.4595
-1.0
-1.0
27.6391
-1.0
-1.0
-1.0
-1.0
-1.0
-1.0
-1.0
-1.0
51.7527
-1.0
-1.0
-1.0
-1.0
-1.0
-1.0
41.7388
-1.0
-1.0
-1.0
-1.0
-1.0
26.9509
-1.0
-1.0
-1.0
-1.0
46.1236
-1.0
22.016
-1.0
-1.0
34.6211
-1.0
-1.0
-1.0
-1.0
-1.0
-1.0
26.4362
-1.0
-1.0
-1.0
-1.0
-1.0
-1.0
-1.0
-1.0
-1.0
-1.0
-1.0
-1.0
-1.0
48.7687
-1.0
-1.0
-1.0
-1.0
50.4432
-1.0
-1.0
-1.0
-1.0
-1.0
-1.0
-1.0
29.4467
-1.0
-1.0
40.6963
-1.0
-1.0
-1.0
27.187
43.6655
-1.0
-1.0
-1.0
-1.0
38.1459
-1.0
-1.0
43.9656
-1.0
51.6233
-1.0
-1.0
-1.0
47.2432
-1.0
-1.0
-1.0
-1.0
-1.0
-1.0
-1.0
-1.0
-1.0
-1.0
-1.0
-1.0
-1.0
-1.0
-1.0
41.1446
-1.0
-1.0
-1.0
-1.0
-1.0
-1.0
-1.0
41.488
-1.0
-1.0
-1.0
-1.0
-1.0
40.8275
-1.0
-1.0
-1.0
-1.0
-1.0
-1.0
-1.0
-1.0
-1.0
-1.0
-1.0
38.2286
-1.0
-1.0
-1.0
-1.0
-1.0
38.244
-1.0
-1.0
-1.0
-1.0
-1.0
-1.0
30.266
53.9928
-1.0
24.2287
14.6078
-1.0
-1.0
32.8775
-1.0
-1.0
-1.0
-1.0
-1.0
-1.0
-1.0
21.219
-1.0
-1.0
-1.0
-1.0
-1.0
-1.0
-1.0
-1.0
-1.0
-1.0
-1.0
-1.0
-1.0
-1.0
30.6606
-1.0
39.4941
27.9526
21.1176
-1.0
-1.0
39.9983
-1.0
-1.0
-1.0
-1.0
44.3843
-1.0
-1.0
-1.0
-1.0
-1.0
50.9158
-1.0
-1.0
-1.0
-1.0
-1.0
-1.0
-1.0
46.8754
49.3052
44.1033
-1.0
-1.0
-1.0
-1.0
-1.0
-1.0
-1.0
51.1884
-1.0
-1.0
33.2614
-1.0
-1.0
-1.0
-1.0
30.3843
-1.0
-1.0
21.4638
30.2123
33.6828
-1.0
48.0574
51.2001
-1.0
-1.0
-1.0
-1.0
-1.0
29.0119
-1.0
-1.0
41.2244
42.7926
-1.0
-1.0
-1.0
-1.0
-1.0
-1.0
-1.0
-1.0
34.8813
-1.0
-1.0
-1.0
-1.0
-1.0
-1.0
-1.0
-1.0
-1.0
-1.0
-1.0
-1.0
-1.0
-1.0
-1.0
41.4043
-1.0
-1.0
-1.0
-1.0
-1.0
-1.0
43.5765
25.7048
29.748
-1.0
-1.0
-1.0
-1.0
-1.0
-1.0
-1.0
-1.0
-1.0
-1.0
-1.0
-1.0
27.2054
24.0552
-1.0
-1.0
-1.0
-1.0
-1.0
49.2247
-1.0
43.9662
-1.0
50.7793
21.1122
-1.0
33.1124
39.2812
-1.0
-1.0
-1.0
41.5014
-1.0
-1.0
-1.0
-1.0
39.9776
-1.0
-1.0
-1.0
-1.0
-1.0
-1.0
-1.0
-1.0
-1.0
-1.0
28.2207
28.6404
-1.0
-1.0
-1.0
29.6205
-1.0
-1.0
-1.0
-1.0
-1.0
-1.0
-1.0
-1.0
-1.0
-1.0
41.4966
-1.0
24.4735
-1.0
-1.0
46.8211
32.5328
-1.0
-1.0
-1.0
-1.0
-1.0
-1.0
22.5176
29.7206
52.1796
-1.0
-1.0
-1.0
-1.0
-1.0
-1.0
32.936
51.7805
-1.0
-1.0
-1.0
-1.0
-1.0
-1.0
-1.0
-1.0
-1.0
-1.0
-1.0
-1.0
43.4918
-1.0
-1.0
-1.0
42.2346
-1.0
-1.0
-1.0
43.137
-1.0
-1.0
15.9644
-1.0
-1.0
-1.0
-1.0
25.856
-1.0
-1.0
-1.0
-1.0
-1.0
-1.0
-1.0
-1.0
-1.0
28.9296
-1.0
20.9054
-1.0
-1.0
-1.0
-1.0
-1.0
-1.0
-1.0
-1.0
-1.0
-1.0
36.1975
46.8843
-1.0
-1.0
-1.0
-1.0
-1.0
46.0327
-1.0
27.7284
30.725
-1.0
-1.0
-1.0
-1.0
-1.0
-1.0
-1.0
-1.0
-1.0
-1.0
-1.0
-1.0
-1.0
-1.0
-1.0
-1.0
-1.0
17.4312
30.6669
-1.0
35.9608
-1.0
25.242
42.3453
-1.0
-1.0
-1.0
-1.0
-1.0
-1.0
-1.0
-1.0
-1.0
-1.0
-1.0
-1.0
-1.0
18.4825
-1.0
43.8205
-1.0
-1.0
-1.0
-1.0
-1.0
-1.0
-1.0
45.7034
-1.0
-1.0
-1.0
-1.0
42.8954
-1.0
-1.0
-1.0
-1.0
12.7715
-1.0
-1.0
33.2255
-1.0
-1.0
-1.0
-1.0
-1.0
-1.0
-1.0
-1.0
52.0464
-1.0
-1.0
-1.0
-1.0
45.5221
37.563
20.7428
-1.0
-1.0
-1.0
-1.0
-1.0
-1.0
32.5733
48.9213
44.9984
42.54
-1.0
-1.0
-1.0
-1.0
-1.0
-1.0
-1.0
20.2606
-1.0
34.7401
-1.0
38.2253
-1.0
16.7566
52.0044
32.0324
41.8884
38.4313
-1.0
48.3893
-1.0
32.2069
38.9295
-1.0
-1.0
-1.0
-1.0
-1.0
-1.0
-1.0
-1.0
41.153
-1.0
-1.0
-1.0
-1.0
-1.0
-1.0
-1.0
-1.0
-1.0
-1.0
-1.0
-1.0
-1.0
-1.0
-1.0
-1.0
-1.0
-1.0
-1.0
-1.0
-1.0
-1.0
46.1096
-1.0
-1.0
-1.0
-1.0
-1.0
-1.0
42.6508
-1.0
-1.0
39.5148
-1.0
-1.0
-1.0
-1.0
-1.0
-1.0
-1.0
28.1857
45.3274
40.1913
15.5128
39.2379
-1.0
32.8022
-1.0
-1.0
-1.0
-1.0
-1.0
31.6323
-1.0
19.9994
-1.0
13.9568
46.5931
43.006
-1.0
-1.0
-1.0
-1.0
-1.0
-1.0
-1.0
-1.0
40.0637
-1.0
-1.0
-1.0
-1.0
-1.0
-1.0
47.4452
-1.0
-1.0
-1.0
-1.0
44.9382
-1.0
-1.0
40.3639
-1.0
-1.0
-1.0
-1.0
-1.0
-1.0
-1.0
-1.0
-1.0
-1.0
21.7402
17.0531
-1.0
-1.0
-1.0
15.2102
-1.0
44.3825
48.8971
-1.0
-1.0
-1.0
-1.0
-1.0
-1.0
-1.0
-1.0
-1.0
-1.0
-1.0
46.0973
-1.0
-1.0
-1.0
-1.0
-1.0
-1.0
-1.0
-1.0
-1.0
-1.0
-1.0
52.5117
-1.0
-1.0
-1.0
-1.0
-1.0
35.6485
12.3424
49.8027
-1.0
-1.0
-1.0
-1.0
-1.0
-1.0
-1.0
50.5795
-1.0
-1.0
-1.0
47.018
-1.0
-1.0
-1.0
-1.0
-1.0
33.866
-1.0
-1.0
-1.0
49.2843
-1.0
-1.0
-1.0
26.3763
-1.0
-1.0
-1.0
-1.0
-1.0
-1.0
31.8427
-1.0
-1.0
-1.0
-1.0
7.8715
-1.0
51.1532
38.5669
-1.0
-1.0
-1.0
-1.0
-1.0
-1.0
-1.0
51.3503
-1.0
44.5252
-1.0
-1.0
-1.0
-1.0
-1.0
-1.0
-1.0
-1.0
-1.0
46.7008
-1.0
-1.0
-1.0
-1.0
-1.0
-1.0
-1.0
-1.0
-1.0
-1.0
-1.0
-1.0
-1.0
-1.0
-1.0
-1.0
-1.0
-1.0
37.3884
-1.0
-1.0
-1.0
23.9785
-1.0
-1.0
-1.0
-1.0
-1.0
-1.0
-1.0
46.4166
-1.0
-1.0
-1.0
-1.0
-1.0
-1.0
-1.0
-1.0
-1.0
-1.0
-1.0
33.8133
-1.0
27.5587
-1.0
-1.0
-1.0
-1.0
-1.0
-1.0
-1.0
-1.0
-1.0
-1.0
-1.0
-1.0
-1.0
-1.0
-1.0
-1.0
-1.0
48.9914
44.2126
-1.0
-1.0
-1.0
-1.0
-1.0
-1.0
-1.0
-1.0
-1.0
-1.0
34.005
31.0029
-1.0
-1.0
-1.0
-1.0
40.045
47.0148
20.9969
-1.0
-1.0
-1.0
-1.0
-1.0
-1.0
-1.0
-1.0
-1.0
-1.0
-1.0
-1.0
-1.0
-1.0
-1.0
-1.0
-1.0
30.0853
-1.0
-1.0
-1.0
-1.0
-1.0
-1.0
34.7417
-1.0
39.0497
-1.0
-1.0
27.0188
-1.0
25.7206
-1.0
-1.0
-1.0
-1.0
-1.0
-1.0
-1.0
-1.0
-1.0
-1.0
-1.0
-1.0
-1.0
-1.0
52.1291
44.9282
-1.0
-1.0
38.9613
-1.0
-1.0
-1.0
-1.0
47.272
-1.0
-1.0
-1.0
44.1695
-1.0
-1.0
34.2596
-1.0
-1.0
-1.0
-1.0
-1.0
-1.0
46.5018
45.3639
48.2477
-1.0
-1.0
48.3053
24.6475
-1.0
-1.0
-1.0
-1.0
44.3503
-1.0
-1.0
-1.0
-1.0
-1.0
-1.0
24.0399
-1.0
-1.0
-1.0
-1.0
-1.0
-1.0
47.1304
-1.0
-1.0
-1.0
-1.0
-1.0
-1.0
-1.0
29.1615
-1.0
-1.0
-1.0
-1.0
-1.0
-1.0
-1.0
-1.0
47.0425
-1.0
-1.0
-1.0
-1.0
-1.0
21.0971
27.3976
-1.0
25.0061
-1.0
-1.0
-1.0
-1.0
-1.0
-1.0
-1.0
-1.0
22.1172
41.356
-1.0
-1.0
50.1857
-1.0
-1.0
45.4981
-1.0
-1.0
-1.0
-1.0
-1.0
-1.0
33.5276
-1.0
-1.0
-1.0
-1.0
-1.0
-1.0
-1.0
-1.0
-1.0
-1.0
-1.0
-1.0
-1.0
-1.0
-1.0
-1.0
48.8243
-1.0
27.8978
-1.0
-1.0
-1.0
-1.0
-1.0
14.625
26.4715
50.5407
42.9052
-1.0
42.3367
-1.0
-1.0
-1.0
-1.0
-1.0
-1.0
-1.0
-1.0
-1.0
-1.0
35.3445
-1.0
-1.0
-1.0
-1.0
-1.0
-1.0
-1.0
-1.0
-1.0
-1.0
31.2983
-1.0
-1.0
-1.0
-1.0
-1.0
-1.0
48.056
28.2152
-1.0
-1.0
-1.0
-1.0
-1.0
-1.0
-1.0
27.8452
-1.0
-1.0
-1.0
47.8337
-1.0
-1.0
-1.0
-1.0
-1.0
-1.0
-1.0
8.2279
-1.0
-1.0
-1.0
-1.0
-1.0
14.6374
-1.0
-1.0
-1.0
37.6959
-1.0
-1.0
-1.0
50.1848
-1.0
-1.0
-1.0
-1.0
-1.0
-1.0
-1.0
-1.0
-1.0
-1.0
-1.0
49.9167
14.2248
-1.0
-1.0
44.3712
-1.0
-1.0
-1.0
-1.0
18.944
-1.0
-1.0
-1.0
30.0816
-1.0
50.0643
-1.0
29.2122
50.1997
-1.0
-1.0
-1.0
-1.0
-1.0
-1.0
-1.0
36.5474
-1.0
-1.0
-1.0
-1.0
57.0059
-1.0
24.6802
-1.0
-1.0
-1.0
-1.0
-1.0
-1.0
-1.0
-1.0
-1.0
-1.0
-1.0
-1.0
-1.0
-1.0
42.3258
-1.0
51.2271
26.9255
-1.0
-1.0
17.4943
-1.0
-1.0
-1.0
36.2365
-1.0
-1.0
-1.0
-1.0
-1.0
37.2429
-1.0
-1.0
-1.0
-1.0
-1.0
-1.0
40.242
-1.0
38.6993
-1.0
-1.0
-1.0
46.4774
-1.0
25.3033
-1.0
-1.0
-1.0
-1.0
-1.0
-1.0
-1.0
-1.0
-1.0
-1.0
-1.0
21.6898
-1.0
-1.0
-1.0
-1.0
-1.0
-1.0
48.1127
-1.0
-1.0
-1.0
-1.0
-1.0
-1.0
-1.0
-1.0
-1.0
-1.0
-1.0
-1.0
-1.0
-1.0
-1.0
-1.0
-1.0
-1.0
-1.0
32.4214
-1.0
-1.0
-1.0
-1.0
-1.0
-1.0
-1.0
48.3071
-1.0
-1.0
-1.0
-1.0
-1.0
-1.0
24.6978
-1.0
-1.0
-1.0
-1.0
-1.0
-1.0
-1.0
-1.0
-1.0
-1.0
29.1442
-1.0
-1.0
-1.0
-1.0
-1.0
-1.0
-1.0
180.146
-1.0
49.9515
25.31
-1.0
-1.0
-1.0
37.6549
19.9263
-1.0
-1.0
-1.0
-1.0
-1.0
-1.0
20.7097
-1.0
-1.0
-1.0
-1.0
-1.0
-1.0
52.0074
-1.0
43.6099
-1.0
-1.0
-1.0
43.5195
-1.0
36.7594
-1.0
-1.0
-1.0
-1.0
-1.0
-1.0
48.0637
29.3575
33.0756
-1.0
-1.0
-1.0
-1.0
39.0173
-1.0
-1.0
-1.0
-1.0
23.7867
-1.0
-1.0
-1.0
27.9619
-1.0
-1.0
-1.0
16.654
-1.0
37.0051
-1.0
-1.0
-1.0
-1.0
-1.0
39.0594
-1.0
49.6629
-1.0
-1.0
-1.0
-1.0
-1.0
47.1334
-1.0
-1.0
-1.0
51.1267
-1.0
37.0625
-1.0
-1.0
-1.0
-1.0
33.5687
50.7904
50.9161
51.4816
-1.0
47.0408
-1.0
-1.0
-1.0
46.1029
-1.0
-1.0
41.5037
-1.0
-1.0
-1.0
-1.0
-1.0
-1.0
44.2544
-1.0
41.3265
-1.0
-1.0
-1.0
-1.0
-1.0
-1.0
-1.0
-1.0
-1.0
-1.0
-1.0
-1.0
51.708
-1.0
-1.0
20.0292
-1.0
-1.0
39.765
-1.0
-1.0
-1.0
-1.0
-1.0
51.897
-1.0
-1.0
-1.0
-1.0
35.7668
-1.0
-1.0
-1.0
39.9144
-1.0
-1.0
-1.0
-1.0
-1.0
-1.0
-1.0
-1.0
50.3628
-1.0
-1.0
-1.0
-1.0
42.9732
-1.0
35.4774
-1.0
41.4369
-1.0
-1.0
-1.0
-1.0
-1.0
36.4086
47.7082
27.8437
-1.0
-1.0
30.387
-1.0
-1.0
-1.0
-1.0
-1.0
-1.0
-1.0
31.0524
51.802
-1.0
-1.0
-1.0
-1.0
-1.0
-1.0
-1.0
48.2401
-1.0
46.2182
38.7361
-1.0
47.3333
-1.0
40.7753
-1.0
-1.0
-1.0
-1.0
-1.0
-1.0
-1.0
30.3007
-1.0
-1.0
-1.0
-1.0
46.7068
-1.0
44.2461
-1.0
-1.0
34.7837
-1.0
-1.0
-1.0
44.5912
-1.0
-1.0
41.2238
37.0977
-1.0
26.8149
-1.0
-1.0
26.2275
-1.0
-1.0
-1.0
-1.0
-1.0
-1.0
-1.0
48.6648
-1.0
-1.0
15.2515
-1.0
-1.0
-1.0
-1.0
-1.0
-1.0
30.5661
-1.0
23.8368
-1.0
-1.0
-1.0
26.8778
-1.0
-1.0
-1.0
-1.0
-1.0
-1.0
-1.0
-1.0
-1.0
-1.0
-1.0
-1.0
-1.0
-1.0
-1.0
-1.0
-1.0
-1.0
-1.0
-1.0
45.5533
-1.0
-1.0
-1.0
-1.0
-1.0
-1.0
-1.0
-1.0
23.688
-1.0
-1.0
-1.0
37.6195
35.5983
-1.0
-1.0
-1.0
-1.0
-1.0
32.9136
-1.0
-1.0
44.7561
-1.0
-1.0
-1.0
-1.0
41.7374
-1.0
-1.0
-1.0
-1.0
-1.0
-1.0
-1.0
-1.0
-1.0
25.9237
50.6672
-1.0
-1.0
41.7243
55.3288
-1.0
22.5249
23.9531
-1.0
-1.0
-1.0
-1.0
-1.0
-1.0
-1.0
-1.0
-1.0
-1.0
-1.0
-1.0
-1.0
-1.0
-1.0
-1.0
23.38
-1.0
-1.0
-1.0
-1.0
-1.0
-1.0
-1.0
-1.0
-1.0
32.639
-1.0
-1.0
-1.0
-1.0
-1.0
39.1255
-1.0
44.3181
33.9849
-1.0
44.4029
42.1106
-1.0
49.5884
-1.0
-1.0
-1.0
-1.0
-1.0
-1.0
-1.0
37.9519
-1.0
-1.0
-1.0
-1.0
-1.0
-1.0
26.3846
-1.0
-1.0
-1.0
-1.0
-1.0
-1.0
-1.0
34.6806
-1.0
-1.0
-1.0
32.0985
-1.0
-1.0
-1.0
-1.0
-1.0
-1.0
-1.0
-1.0
-1.0
-1.0
-1.0
-1.0
51.403
-1.0
-1.0
-1.0
-1.0
-1.0
16.5851
-1.0
-1.0
-1.0
-1.0
34.0409
-1.0
-1.0
-1.0
-1.0
-1.0
-1.0
-1.0
-1.0
39.0312
-1.0
-1.0
-1.0
-1.0
-1.0
-1.0
-1.0
-1.0
-1.0
-1.0
-1.0
-1.0
-1.0
-1.0
-1.0
-1.0
-1.0
48.3446
-1.0
-1.0
-1.0
13.034
38.9754
-1.0
27.7076
-1.0
-1.0
-1.0
-1.0
-1.0
43.7317
49.9882
-1.0
-1.0
-1.0
-1.0
28.798
-1.0
-1.0
27.0315
-1.0
-1.0
-1.0
-1.0
-1.0
6.24097
50.4089
-1.0
32.5447
-1.0
-1.0
-1.0
-1.0
47.2691
-1.0
-1.0
-1.0
-1.0
-1.0
-1.0
-1.0
-1.0
41.2628
-1.0
-1.0
-1.0
30.9872
-1.0
-1.0
-1.0
-1.0
43.8495
-1.0
-1.0
-1.0
-1.0
-1.0
-1.0
-1.0
27.7117
-1.0
-1.0
40.8105
-1.0
-1.0
16.8236
-1.0
47.3504
50.893
-1.0
-1.0
-1.0
-1.0
-1.0
-1.0
21.952
30.8355
-1.0
-1.0
-1.0
47.6351
-1.0
-1.0
-1.0
-1.0
-1.0
-1.0
48.2036
-1.0
-1.0
-1.0
-1.0
24.483
35.9719
-1.0
33.3541
-1.0
-1.0
-1.0
49.2151
-1.0
-1.0
-1.0
40.3705
28.8189
-1.0
-1.0
-1.0
-1.0
-1.0
49.9486
-1.0
-1.0
-1.0
-1.0
-1.0
33.1391
-1.0
-1.0
-1.0
15.4824
-1.0
21.1977
-1.0
-1.0
-1.0
-1.0
-1.0
-1.0
-1.0
-1.0
-1.0
-1.0
-1.0
-1.0
-1.0
-1.0
-1.0
-1.0
40.17
-1.0
-1.0
-1.0
-1.0
-1.0
27.7861
-1.0
47.4455
-1.0
13.3572
16.0425
-1.0
-1.0
34.3639
40.4059
-1.0
-1.0
33.1127
-1.0
-1.0
-1.0
-1.0
-1.0
29.5308
-1.0
-1.0
-1.0
-1.0
-1.0
38.3269
-1.0
-1.0
44.3548
-1.0
33.8576
-1.0
51.3437
-1.0
-1.0
37.9871
-1.0
37.7043
-1.0
-1.0
-1.0
-1.0
-1.0
-1.0
-1.0
-1.0
-1.0
-1.0
29.2703
40.4153
-1.0
-1.0
-1.0
-1.0
-1.0
14.2523
-1.0
-1.0
-1.0
-1.0
-1.0
-1.0
27.1371
-1.0
-1.0
-1.0
-1.0
-1.0
-1.0
-1.0
-1.0
35.0874
-1.0
22.3304
30.9278
-1.0
-1.0
-1.0
33.1119
42.6631
-1.0
23.7772
33.4591
16.892
-1.0
-1.0
-1.0
-1.0
44.1138
-1.0
-1.0
-1.0
-1.0
-1.0
-1.0
-1.0
-1.0
-1.0
37.4735
47.8356
-1.0
-1.0
-1.0
-1.0
-1.0
42.0854
-1.0
-1.0
-1.0
-1.0
-1.0
-1.0
-1.0
32.6774
-1.0
-1.0
34.2047
25.2276
26.4375
-1.0
-1.0
-1.0
-1.0
37.1637
38.9345
-1.0
-1.0
-1.0
-1.0
-1.0
-1.0
-1.0
-1.0
-1.0
-1.0
-1.0
-1.0
-1.0
-1.0
-1.0
-1.0
-1.0
-1.0
-1.0
-1.0
37.156
-1.0
-1.0
-1.0
-1.0
-1.0
22.6604
52.0897
-1.0
-1.0
-1.0
32.8426
-1.0
-1.0
-1.0
-1.0
28.4393
32.1292
-1.0
-1.0
-1.0
-1.0
-1.0
-1.0
7.42481
-1.0
-1.0
-1.0
-1.0
-1.0
-1.0
-1.0
-1.0
-1.0
-1.0
-1.0
-1.0
-1.0
-1.0
-1.0
-1.0
-1.0
-1.0
-1.0
-1.0
-1.0
50.8779
48.2786
47.7461
-1.0
27.4694
-1.0
-1.0
-1.0
-1.0
-1.0
-1.0
-1.0
-1.0
-1.0
-1.0
-1.0
-1.0
-1.0
-1.0
-1.0
-1.0
-1.0
-1.0
-1.0
-1.0
-1.0
-1.0
-1.0
-1.0
-1.0
-1.0
-1.0
-1.0
-1.0
48.3377
38.0406
-1.0
-1.0
-1.0
-1.0
-1.0
-1.0
-1.0
32.7765
40.2804
-1.0
43.3099
-1.0
-1.0
-1.0
41.0903
-1.0
-1.0
36.3152
35.247
-1.0
-1.0
-1.0
-1.0
-1.0
-1.0
-1.0
-1.0
-1.0
-1.0
-1.0
-1.0
-1.0
-1.0
-1.0
-1.0
-1.0
-1.0
-1.0
-1.0
-1.0
-1.0
-1.0
34.9158
-1.0
-1.0
19.5712
-1.0
-1.0
-1.0
43.2782
-1.0
-1.0
-1.0
-1.0
-1.0
-1.0
-1.0
-1.0
-1.0
-1.0
-1.0
-1.0
-1.0
44.2313
-1.0
-1.0
-1.0
-1.0
40.5692
-1.0
-1.0
-1.0
-1.0
-1.0
40.8264
44.105
-1.0
-1.0
-1.0
-1.0
-1.0
-1.0
-1.0
-1.0
-1.0
-1.0
-1.0
-1.0
-1.0
-1.0
-1.0
-1.0
-1.0
-1.0
-1.0
47.221
-1.0
-1.0
-1.0
-1.0
-1.0
-1.0
-1.0
-1.0
15.9456
-1.0
31.2238
-1.0
24.0239
49.9639
-1.0
-1.0
-1.0
33.3578
-1.0
-1.0
31.0111
-1.0
-1.0
-1.0
-1.0
-1.0
46.6015
-1.0
37.8404
-1.0
48.1539
-1.0
-1.0
-1.0
31.0188
-1.0
39.8473
-1.0
-1.0
-1.0
36.4786
-1.0
24.795
-1.0
-1.0
-1.0
-1.0
-1.0
-1.0
29.455
-1.0
-1.0
25.1613
49.7117
-1.0
-1.0
-1.0
-1.0
-1.0
-1.0
40.3386
23.0472
-1.0
36.8365
-1.0
-1.0
47.7748
-1.0
-1.0
-1.0
33.9695
-1.0
-1.0
-1.0
-1.0
-1.0
37.8729
46.8038
-1.0
-1.0
-1.0
-1.0
44.0262
-1.0
-1.0
-1.0
-1.0
-1.0
-1.0
-1.0
-1.0
34.2718
30.7969
23.7295
-1.0
-1.0
47.1828
-1.0
-1.0
27.8637
-1.0
-1.0
32.4028
-1.0
-1.0
-1.0
-1.0
51.0969
-1.0
-1.0
30.2614
-1.0
-1.0
-1.0
-1.0
-1.0
-1.0
-1.0
-1.0
48.1036
-1.0
-1.0
43.19
-1.0
51.8224
-1.0
-1.0
-1.0
-1.0
-1.0
-1.0
-1.0
10.7604
46.6005
-1.0
-1.0
-1.0
38.7636
-1.0
39.2366
-1.0
-1.0
-1.0
-1.0
-1.0
-1.0
-1.0
-1.0
-1.0
53.4036
-1.0
-1.0
-1.0
-1.0
30.9392
-1.0
-1.0
-1.0
-1.0
-1.0
-1.0
-1.0
-1.0
-1.0
-1.0
-1.0
21.0304
-1.0
-1.0
-1.0
-1.0
25.5303
10.7553
-1.0
-1.0
-1.0
-1.0
-1.0
-1.0
-1.0
34.6199
-1.0
25.9919
-1.0
-1.0
43.7908
-1.0
-1.0
40.2435
-1.0
19.5766
51.1069
-1.0
-1.0
-1.0
-1.0
-1.0
-1.0
-1.0
-1.0
-1.0
-1.0
-1.0
-1.0
-1.0
-1.0
-1.0
27.2682
-1.0
-1.0
-1.0
-1.0
-1.0
38.7775
-1.0
40.1059
-1.0
-1.0
-1.0
48.5197
-1.0
34.0522
-1.0
-1.0
-1.0
-1.0
-1.0
-1.0
47.0086
-1.0
-1.0
-1.0
-1.0
-1.0
-1.0
-1.0
48.9379
-1.0
-1.0
21.0237
28.0304
-1.0
-1.0
-1.0
33.2876
-1.0
-1.0
35.7733
-1.0
-1.0
-1.0
-1.0
-1.0
-1.0
-1.0
29.6173
-1.0
-1.0
-1.0
-1.0
18.7306
-1.0
-1.0
-1.0
-1.0
-1.0
-1.0
-1.0
-1.0
-1.0
-1.0
-1.0
-1.0
-1.0
28.3214
10.1754
-1.0
-1.0
-1.0
-1.0
-1.0
-1.0
-1.0
-1.0
-1.0
-1.0
-1.0
-1.0
-1.0
38.6353
-1.0
-1.0
-1.0
-1.0
48.3352
41.275
-1.0
-1.0
48.3384
-1.0
-1.0
29.5227
-1.0
-1.0
-1.0
-1.0
20.6071
-1.0
-1.0
-1.0
-1.0
-1.0
-1.0
17.4433
-1.0
18.248
5.44831
-1.0
-1.0
-1.0
-1.0
46.6975
34.9029
-1.0
-1.0
-1.0
38.6402
-1.0
-1.0
-1.0
41.8239
-1.0
-1.0
-1.0
-1.0
-1.0
34.0351
-1.0
-1.0
-1.0
-1.0
-1.0
-1.0
-1.0
-1.0
-1.0
34.2899
-1.0
-1.0
-1.0
36.7459
-1.0
-1.0
-1.0
-1.0
-1.0
-1.0
-1.0
-1.0
-1.0
-1.0
38.8938
-1.0
-1.0
27.0039
34.8016
35.4014
-1.0
-1.0
-1.0
-1.0
-1.0
32.9018
-1.0
-1.0
-1.0
-1.0
-1.0
-1.0
28.4344
42.757
-1.0
-1.0
50.7063
-1.0
-1.0
-1.0
47.1655
-1.0
33.6421
-1.0
-1.0
-1.0
22.702
32.5013
-1.0
-1.0
-1.0
39.4284
-1.0
-1.0
33.4963
-1.0
-1.0
49.3768
20.6365
-1.0
47.6213
-1.0
-1.0
50.597
-1.0
40.5608
-1.0
-1.0
-1.0
-1.0
-1.0
-1.0
-1.0
-1.0
-1.0
-1.0
-1.0
-1.0
-1.0
-1.0
-1.0
-1.0
-1.0
-1.0
-1.0
42.0882
30.1202
-1.0
-1.0
-1.0
-1.0
-1.0
-1.0
-1.0
-1.0
-1.0
-1.0
-1.0
-1.0
-1.0
-1.0
-1.0
-1.0
51.1825
-1.0
36.8301
-1.0
-1.0
-1.0
-1.0
-1.0
-1.0
-1.0
-1.0
-1.0
48.1753
-1.0
37.59
-1.0
-1.0
-1.0
-1.0
-1.0
-1.0
-1.0
-1.0
-1.0
-1.0
-1.0
-1.0
-1.0
-1.0
-1.0
-1.0
-1.0
-1.0
-1.0
-1.0
-1.0
-1.0
-1.0
-1.0
51.5786
-1.0
-1.0
-1.0
-1.0
-1.0
-1.0
-1.0
-1.0
-1.0
-1.0
-1.0
-1.0
-1.0
-1.0
48.4327
19.257
-1.0
-1.0
-1.0
46.4449
-1.0
-1.0
-1.0
-1.0
-1.0
-1.0
-1.0
-1.0
47.219
-1.0
-1.0
-1.0
35.4568
-1.0
-1.0
9.90198
-1.0
-1.0
-1.0
-1.0
-1.0
-1.0
30.6221
41.9957
-1.0
-1.0
-1.0
35.81
53.8741
-1.0
-1.0
-1.0
-1.0
51.2204
-1.0
23.2946
-1.0
27.5095
-1.0
45.6418
36.7578
-1.0
-1.0
-1.0
-1.0
-1.0
-1.0
-1.0
24.523
43.5482
35.7529
-1.0
36.6534
-1.0
-1.0
39.094
-1.0
-1.0
34.0035
-1.0
-1.0
36.9209
36.5754
-1.0
-1.0
38.4907
-1.0
-1.0
-1.0
-1.0
-1.0
-1.0
-1.0
-1.0
-1.0
-1.0
-1.0
-1.0
-1.0
13.234
-1.0
-1.0
-1.0
-1.0
-1.0
-1.0
-1.0
-1.0
-1.0
-1.0
-1.0
48.5768
-1.0
37.9163
-1.0
-1.0
-1.0
-1.0
-1.0
-1.0
51.6778
-1.0
45.4156
-1.0
-1.0
-1.0
-1.0
-1.0
-1.0
-1.0
-1.0
-1.0
37.1105
-1.0
-1.0
-1.0
-1.0
-1.0
35.7406
-1.0
8.63522
-1.0
-1.0
-1.0
-1.0
-1.0
36.0324
-1.0
-1.0
-1.0
44.6928
-1.0
-1.0
-1.0
-1.0
-1.0
-1.0
-1.0
49.4237
-1.0
-1.0
-1.0
-1.0
-1.0
-1.0
-1.0
-1.0
-1.0
-1.0
30.7884
-1.0
-1.0
-1.0
-1.0
-1.0
19.7891
-1.0
50.17
-1.0
-1.0
-1.0
39.1009
-1.0
-1.0
47.9415
-1.0
-1.0
-1.0
-1.0
-1.0
-1.0
-1.0
-1.0
-1.0
-1.0
41.4777
-1.0
-1.0
-1.0
14.3606
-1.0
-1.0
27.0114
-1.0
-1.0
-1.0
-1.0
52.1186
-1.0
46.0775
-1.0
46.4279
-1.0
-1.0
27.5097
21.0835
38.7164
30.4575
-1.0
-1.0
-1.0
43.783
47.7187
-1.0
-1.0
-1.0
-1.0
-1.0
-1.0
38.6801
-1.0
-1.0
-1.0
33.5102
24.8825
38.9947
-1.0
-1.0
-1.0
-1.0
-1.0
37.0156
48.9745
-1.0
-1.0
-1.0
-1.0
-1.0
-1.0
-1.0
-1.0
-1.0
-1.0
6.38089
-1.0
-1.0
-1.0
-1.0
-1.0
-1.0
-1.0
-1.0
37.5357
-1.0
-1.0
-1.0
-1.0
-1.0
-1.0
-1.0
-1.0
-1.0
43.7833
-1.0
-1.0
-1.0
-1.0
-1.0
-1.0
-1.0
-1.0
-1.0
-1.0
-1.0
-1.0
-1.0
-1.0
-1.0
-1.0
31.7445
-1.0
-1.0
-1.0
-1.0
-1.0
-1.0
-1.0
-1.0
-1.0
30.4842
31.1323
-1.0
-1.0
-1.0
-1.0
-1.0
-1.0
-1.0
-1.0
38.9707
-1.0
-1.0
-1.0
-1.0
-1.0
-1.0
30.7227
14.0769
42.9283
49.7607
-1.0
-1.0
-1.0
39.1401
-1.0
-1.0
6.90019
-1.0
-1.0
-1.0
25.1958
-1.0
-1.0
-1.0
-1.0
-1.0
-1.0
-1.0
-1.0
-1.0
-1.0
48.001
-1.0
29.5053
27.5255
-1.0
-1.0
-1.0
-1.0
37.4661
-1.0
28.8574
27.1254
-1.0
-1.0
-1.0
-1.0
-1.0
-1.0
29.8414
-1.0
-1.0
-1.0
50.3123
43.0566
-1.0
-1.0
42.5742
28.8038
24.9691
-1.0
51.0674
-1.0
-1.0
-1.0
-1.0
-1.0
-1.0
37.1006
-1.0
-1.0
50.0452
-1.0
-1.0
-1.0
-1.0
-1.0
-1.0
34.0742
-1.0
-1.0
-1.0
-1.0
-1.0
-1.0
30.1703
-1.0
-1.0
29.2894
-1.0
-1.0
50.612
28.1007
-1.0
-1.0
34.1148
-1.0
-1.0
47.8739
-1.0
-1.0
40.7008
-1.0
-1.0
-1.0
37.2036
-1.0
-1.0
-1.0
-1.0
-1.0
-1.0
-1.0
37.21
-1.0
35.9768
31.6519
-1.0
48.7248
-1.0
-1.0
-1.0
38.4932
-1.0
-1.0
22.8877
-1.0
-1.0
29.2304
30.5618
33.987
-1.0
-1.0
-1.0
-1.0
45.2184
-1.0
-1.0
-1.0
-1.0
-1.0
-1.0
-1.0
46.6126
-1.0
-1.0
-1.0
35.9984
22.2532
-1.0
-1.0
-1.0
-1.0
-1.0
-1.0
-1.0
23.6232
50.1691
45.6486
-1.0
-1.0
-1.0
47.8686
-1.0
20.7837
-1.0
-1.0
-1.0
-1.0
-1.0
-1.0
-1.0
-1.0
-1.0
-1.0
41.4862
-1.0
22.3951
-1.0
-1.0
-1.0
17.3089
-1.0
-1.0
-1.0
38.7456
-1.0
38.811
-1.0
-1.0
-1.0
-1.0
34.9052
47.2975
-1.0
-1.0
46.3438
-1.0
-1.0
-1.0
-1.0
-1.0
-1.0
-1.0
48.7873
38.3397
-1.0
-1.0
-1.0
22.0539
-1.0
-1.0
-1.0
23.2096
-1.0
-1.0
38.7075
-1.0
-1.0
-1.0
-1.0
-1.0
-1.0
-1.0
-1.0
-1.0
-1.0
-1.0
-1.0
31.5167
-1.0
35.9788
24.1403
16.6461
-1.0
-1.0
-1.0
-1.0
35.1359
-1.0
-1.0
-1.0
-1.0
-1.0
-1.0
46.9093
-1.0
-1.0
-1.0
40.3409
-1.0
-1.0
-1.0
25.1417
-1.0
-1.0
-1.0
-1.0
-1.0
-1.0
-1.0
-1.0
-1.0
-1.0
-1.0
-1.0
-1.0
-1.0
-1.0
21.1657
-1.0
-1.0
36.8425
-1.0
-1.0
-1.0
-1.0
-1.0
-1.0
31.9834
-1.0
-1.0
-1.0
42.1948
-1.0
-1.0
-1.0
-1.0
-1.0
-1.0
22.6048
24.7351
-1.0
41.9727
35.2494
-1.0
-1.0
-1.0
-1.0
-1.0
-1.0
-1.0
-1.0
-1.0
-1.0
-1.0
-1.0
34.175
-1.0
-1.0
-1.0
36.9811
43.3522
48.7566
13.1885
-1.0
46.2173
-1.0
44.6592
-1.0
22.2385
-1.0
-1.0
51.6065
38.0257
-1.0
31.8216
-1.0
-1.0
34.3243
-1.0
-1.0
50.1067
-1.0
-1.0
-1.0
-1.0
-1.0
-1.0
-1.0
-1.0
-1.0
26.1811
-1.0
-1.0
-1.0
-1.0
17.7786
45.4862
48.3338
-1.0
-1.0
-1.0
-1.0
-1.0
-1.0
-1.0
36.9257
-1.0
41.6388
-1.0
-1.0
-1.0
-1.0
16.1806
-1.0
-1.0
-1.0
-1.0
48.7034
-1.0
-1.0
-1.0
-1.0
-1.0
-1.0
-1.0
36.5922
33.9042
-1.0
-1.0
-1.0
-1.0
-1.0
-1.0
-1.0
14.5663
-1.0
-1.0
-1.0
-1.0
41.7157
-1.0
-1.0
50.3831
-1.0
-1.0
-1.0
-1.0
-1.0
45.2537
-1.0
-1.0
-1.0
-1.0
-1.0
-1.0
42.9133
-1.0
44.4171
50.3253
-1.0
-1.0
31.3795
-1.0
-1.0
-1.0
-1.0
-1.0
-1.0
-1.0
18.7259
-1.0
-1.0
-1.0
-1.0
-1.0
-1.0
-1.0
38.0108
32.5554
-1.0
30.0743
45.6532
23.6397
47.1374
-1.0
-1.0
-1.0
-1.0
-1.0
-1.0
-1.0
33.3983
43.839
-1.0
-1.0
-1.0
-1.0
-1.0
-1.0
-1.0
-1.0
-1.0
-1.0
-1.0
-1.0
-1.0
-1.0
-1.0
29.3363
52.6662
-1.0
-1.0
-1.0
29.2506
-1.0
-1.0
-1.0
17.0841
28.3103
-1.0
-1.0
-1.0
-1.0
-1.0
-1.0
-1.0
-1.0
44.5412
-1.0
-1.0
-1.0
-1.0
-1.0
-1.0
-1.0
-1.0
-1.0
40.4657
-1.0
39.7324
-1.0
-1.0
-1.0
-1.0
-1.0
-1.0
-1.0
-1.0
-1.0
31.4959
-1.0
-1.0
-1.0
-1.0
-1.0
-1.0
47.4149
-1.0
33.6525
-1.0
-1.0
38.6504
-1.0
-1.0
-1.0
-1.0
26.6062
-1.0
-1.0
-1.0
-1.0
-1.0
-1.0
-1.0
-1.0
-1.0
-1.0
-1.0
-1.0
-1.0
-1.0
-1.0
-1.0
47.8724
-1.0
45.4672
-1.0
50.8573
-1.0
-1.0
-1.0
-1.0
-1.0
-1.0
-1.0
-1.0
-1.0
-1.0
-1.0
41.0808
-1.0
-1.0
-1.0
-1.0
-1.0
-1.0
-1.0
-1.0
28.5191
-1.0
28.8124
-1.0
-1.0
26.7473
-1.0
-1.0
-1.0
44.5189
-1.0
17.5486
28.3873
-1.0
46.2999
-1.0
-1.0
-1.0
-1.0
38.6594
-1.0
-1.0
-1.0
-1.0
-1.0
-1.0
-1.0
-1.0
-1.0
-1.0
-1.0
24.7959
-1.0
-1.0
44.0917
-1.0
-1.0
38.6807
19.0657
29.3433
-1.0
-1.0
-1.0
-1.0
47.0333
36.2221
-1.0
-1.0
-1.0
-1.0
-1.0
-1.0
-1.0
-1.0
-1.0
-1.0
-1.0
37.0614
-1.0
-1.0
-1.0
-1.0
-1.0
-1.0
-1.0
-1.0
-1.0
-1.0
-1.0
-1.0
-1.0
-1.0
44.3719
-1.0
-1.0
-1.0
-1.0
-1.0
-1.0
-1.0
48.5463
44.3435
-1.0
46.9279
-1.0
18.1618
28.3006
-1.0
-1.0
-1.0
21.2268
-1.0
-1.0
-1.0
33.227
-1.0
-1.0
-1.0
-1.0
-1.0
-1.0
-1.0
-1.0
-1.0
36.8235
-1.0
-1.0
29.7868
45.8373
-1.0
45.3489
-1.0
-1.0
50.6186
-1.0
-1.0
-1.0
-1.0
-1.0
-1.0
-1.0
-1.0
-1.0
14.5351
-1.0
-1.0
-1.0
-1.0
41.2806
-1.0
-1.0
-1.0
-1.0
-1.0
-1.0
-1.0
44.8866
-1.0
-1.0
30.6421
27.2866
-1.0
-1.0
-1.0
33.23
-1.0
24.608
-1.0
-1.0
30.8054
32.2319
-1.0
-1.0
-1.0
-1.0
-1.0
-1.0
-1.0
48.7511
-1.0
-1.0
-1.0
-1.0
-1.0
49.4976
-1.0
-1.0
-1.0
-1.0
40.424
-1.0
-1.0
-1.0
-1.0
-1.0
-1.0
31.2521
-1.0
-1.0
-1.0
-1.0
-1.0
-1.0
-1.0
46.6987
-1.0
-1.0
-1.0
-1.0
40.3642
36.1113
-1.0
-1.0
-1.0
45.5401
-1.0
-1.0
45.5688
33.2032
44.3606
-1.0
-1.0
-1.0
-1.0
40.1046
-1.0
-1.0
-1.0
-1.0
24.8835
-1.0
51.9789
-1.0
-1.0
44.371
-1.0
-1.0
31.2613
-1.0
-1.0
-1.0
-1.0
-1.0
-1.0
-1.0
46.2507
-1.0
-1.0
-1.0
-1.0
-1.0
-1.0
25.3347
-1.0
45.0257
-1.0
-1.0
-1.0
19.9186
-1.0
-1.0
-1.0
-1.0
-1.0
-1.0
-1.0
-1.0
-1.0
-1.0
49.1837
45.3209
-1.0
20.6307
48.3264
-1.0
-1.0
-1.0
-1.0
-1.0
49.4425
-1.0
38.6033
-1.0
-1.0
-1.0
-1.0
-1.0
-1.0
-1.0
-1.0
21.5989
-1.0
-1.0
40.5223
-1.0
-1.0
51.732
37.2765
-1.0
-1.0
-1.0
25.5248
-1.0
41.9962
-1.0
-1.0
-1.0
42.4726
-1.0
-1.0
41.7824
21.2557
-1.0
-1.0
-1.0
-1.0
-1.0
11.4114
-1.0
42.0595
-1.0
-1.0
-1.0
31.5069
-1.0
-1.0
-1.0
-1.0
-1.0
-1.0
-1.0
-1.0
34.8137
31.0911
-1.0
-1.0
-1.0
-1.0
48.0098
-1.0
-1.0
-1.0
-1.0
-1.0
-1.0
-1.0
-1.0
42.9659
-1.0
-1.0
48.34
-1.0
-1.0
-1.0
-1.0
-1.0
-1.0
-1.0
-1.0
-1.0
-1.0
42.4562
35.5986
51.3831
-1.0
-1.0
-1.0
-1.0
-1.0
-1.0
-1.0
33.5678
-1.0
-1.0
-1.0
-1.0
-1.0
24.0256
22.951
-1.0
-1.0
-1.0
-1.0
48.3084
-1.0
-1.0
-1.0
-1.0
-1.0
18.9487
-1.0
-1.0
24.3625
-1.0
51.7827
21.4299
-1.0
-1.0
47.3989
32.8193
-1.0
-1.0
17.9404
-1.0
-1.0
-1.0
-1.0
-1.0
-1.0
-1.0
34.3062
-1.0
-1.0
42.6518
-1.0
-1.0
-1.0
-1.0
-1.0
20.5208
-1.0
-1.0
-1.0
32.0341
-1.0
-1.0
-1.0
-1.0
-1.0
40.4191
-1.0
-1.0
-1.0
-1.0
-1.0
-1.0
-1.0
-1.0
-1.0
-1.0
-1.0
-1.0
51.6585
-1.0
37.9474
-1.0
-1.0
-1.0
-1.0
-1.0
-1.0
-1.0
-1.0
-1.0
-1.0
37.6247
40.2967
-1.0
-1.0
-1.0
-1.0
44.3567
-1.0
-1.0
-1.0
-1.0
-1.0
-1.0
-1.0
-1.0
-1.0
-1.0
-1.0
-1.0
-1.0
-1.0
-1.0
-1.0
-1.0
-1.0
28.2052
-1.0
-1.0
-1.0
48.7911
-1.0
-1.0
-1.0
47.4779
-1.0
19.4607
19.112
-1.0
-1.0
-1.0
-1.0
38.7258
-1.0
-1.0
-1.0
-1.0
-1.0
-1.0
-1.0
-1.0
21.6174
-1.0
-1.0
-1.0
-1.0
-1.0
-1.0
-1.0
15.3321
-1.0
-1.0
-1.0
-1.0
46.3011
50.9167
-1.0
-1.0
-1.0
-1.0
-1.0
-1.0
-1.0
-1.0
-1.0
-1.0
-1.0
-1.0
-1.0
-1.0
-1.0
-1.0
-1.0
-1.0
-1.0
-1.0
-1.0
-1.0
-1.0
-1.0
-1.0
36.1184
-1.0
-1.0
37.2155
45.1093
-1.0
-1.0
-1.0
-1.0
-1.0
-1.0
46.081
-1.0
-1.0
44.9081
-1.0
-1.0
19.5302
-1.0
-1.0
41.8391
-1.0
-1.0
-1.0
18.91
-1.0
-1.0
-1.0
45.8982
-1.0
-1.0
45.6991
-1.0
-1.0
-1.0
-1.0
-1.0
-1.0
-1.0
-1.0
-1.0
-1.0
-1.0
-1.0
32.6716
-1.0
-1.0
-1.0
-1.0
-1.0
-1.0
-1.0
-1.0
47.6302
-1.0
-1.0
-1.0
-1.0
-1.0
-1.0
-1.0
-1.0
35.0081
-1.0
-1.0
-1.0
-1.0
47.3555
-1.0
-1.0
-1.0
-1.0
-1.0
-1.0
24.669
-1.0
-1.0
-1.0
-1.0
-1.0
-1.0
-1.0
-1.0
48.0149
34.0321
-1.0
33.5513
50.7363
47.4862
-1.0
-1.0
-1.0
-1.0
-1.0
37.0529
-1.0
-1.0
-1.0
-1.0
-1.0
-1.0
-1.0
-1.0
-1.0
-1.0
-1.0
-1.0
-1.0
44.7566
-1.0
-1.0
-1.0
-1.0
-1.0
-1.0
32.0411
-1.0
-1.0
26.5639
28.8709
51.1955
-1.0
-1.0
-1.0
-1.0
-1.0
-1.0
-1.0
41.8126
-1.0
-1.0
-1.0
-1.0
-1.0
-1.0
-1.0
-1.0
-1.0
-1.0
-1.0
-1.0
-1.0
36.5105
-1.0
52.2386
-1.0
45.3488
-1.0
23.1803
25.0284
-1.0
-1.0
-1.0
-1.0
-1.0
-1.0
-1.0
-1.0
-1.0
-1.0
-1.0
-1.0
-1.0
-1.0
-1.0
-1.0
42.8733
-1.0
-1.0
31.8542
-1.0
24.3677
-1.0
-1.0
-1.0
46.2778
-1.0
-1.0
-1.0
-1.0
33.1336
-1.0
31.8183
-1.0
-1.0
-1.0
-1.0
-1.0
-1.0
-1.0
-1.0
21.2662
-1.0
16.1337
-1.0
-1.0
-1.0
32.5081
-1.0
7.95068
45.7226
47.0642
-1.0
-1.0
-1.0
46.8665
-1.0
-1.0
-1.0
-1.0
-1.0
-1.0
-1.0
48.4261
-1.0
-1.0
-1.0
50.186
20.0957
-1.0
-1.0
-1.0
-1.0
-1.0
-1.0
-1.0
-1.0
-1.0
-1.0
-1.0
-1.0
-1.0
-1.0
-1.0
-1.0
-1.0
-1.0
-1.0
-1.0
-1.0
-1.0
-1.0
39.7188
32.1093
-1.0
-1.0
-1.0
-1.0
-1.0
-1.0
-1.0
-1.0
-1.0
-1.0
-1.0
37.8103
-1.0
-1.0
51.1704
17.3571
-1.0
-1.0
-1.0
-1.0
-1.0
43.7683
-1.0
24.0992
-1.0
-1.0
-1.0
-1.0
-1.0
-1.0
14.8395
-1.0
-1.0
-1.0
-1.0
-1.0
-1.0
-1.0
28.7282
-1.0
-1.0
-1.0
-1.0
-1.0
-1.0
-1.0
-1.0
-1.0
-1.0
-1.0
-1.0
19.2616
-1.0
-1.0
-1.0
-1.0
40.5955
-1.0
-1.0
42.484
-1.0
47.5006
-1.0
48.6523
21.5598
-1.0
-1.0
-1.0
-1.0
-1.0
-1.0
-1.0
-1.0
-1.0
51.7779
-1.0
-1.0
-1.0
48.5102
-1.0
-1.0
-1.0
-1.0
16.5393
-1.0
-1.0
-1.0
-1.0
-1.0
49.0897
-1.0
52.0803
-1.0
42.4149
-1.0
36.9352
-1.0
-1.0
-1.0
-1.0
-1.0
-1.0
-1.0
42.656
32.3861
25.7581
-1.0
-1.0
-1.0
-1.0
-1.0
-1.0
-1.0
-1.0
-1.0
51.3235
50.9407
-1.0
-1.0
-1.0
-1.0
-1.0
43.0821
-1.0
-1.0
-1.0
30.4214
42.165
-1.0
-1.0
-1.0
27.2497
-1.0
-1.0
-1.0
-1.0
-1.0
-1.0
-1.0
40.4606
-1.0
-1.0
-1.0
-1.0
22.8466
-1.0
-1.0
-1.0
34.2455
21.1199
-1.0
-1.0
-1.0
33.4054
-1.0
-1.0
-1.0
-1.0
-1.0
-1.0
-1.0
-1.0
-1.0
-1.0
41.5967
-1.0
-1.0
-1.0
39.256
-1.0
-1.0
38.3913
-1.0
-1.0
-1.0
-1.0
-1.0
-1.0
-1.0
-1.0
-1.0
-1.0
-1.0
-1.0
-1.0
-1.0
-1.0
-1.0
-1.0
-1.0
-1.0
-1.0
-1.0
-1.0
-1.0
-1.0
-1.0
-1.0
-1.0
-1.0
-1.0
-1.0
-1.0
-1.0
-1.0
-1.0
-1.0
-1.0
20.4597
-1.0
17.3902
34.2957
-1.0
36.3963
-1.0
51.3995
-1.0
-1.0
-1.0
-1.0
-1.0
32.8042
-1.0
-1.0
-1.0
-1.0
-1.0
46.0458
-1.0
-1.0
-1.0
-1.0
-1.0
-1.0
-1.0
-1.0
-1.0
-1.0
13.7415
51.3393
-1.0
-1.0
4.7962
-1.0
-1.0
-1.0
-1.0
25.6178
-1.0
-1.0
48.5687
29.27
13.7152
-1.0
-1.0
-1.0
28.3395
-1.0
-1.0
16.2845
32.1165
22.2305
-1.0
-1.0
-1.0
15.6515
-1.0
-1.0
-1.0
-1.0
-1.0
-1.0
43.535
-1.0
-1.0
-1.0
-1.0
-1.0
-1.0
-1.0
49.1062
-1.0
-1.0
-1.0
-1.0
-1.0
-1.0
-1.0
-1.0
-1.0
47.9089
-1.0
-1.0
-1.0
-1.0
-1.0
-1.0
-1.0
-1.0
-1.0
38.9941
-1.0
-1.0
-1.0
50.243
-1.0
-1.0
44.4829
-1.0
20.6943
43.3635
-1.0
-1.0
49.8291
19.4612
-1.0
44.1815
-1.0
-1.0
39.204
-1.0
48.9913
-1.0
-1.0
-1.0
-1.0
-1.0
32.0379
-1.0
-1.0
-1.0
-1.0
47.9646
-1.0
45.8182
51.5348
55.9358
-1.0
-1.0
-1.0
-1.0
-1.0
-1.0
32.1978
44.2169
-1.0
32.1266
-1.0
-1.0
-1.0
-1.0
42.1452
31.6357
-1.0
51.7748
-1.0
-1.0
-1.0
47.1416
44.6801
29.0925
40.1193
-1.0
10.6504
46.743
40.6495
-1.0
-1.0
-1.0
45.9376
-1.0
11.448
22.1275
-1.0
-1.0
-1.0
-1.0
-1.0
46.8922
-1.0
-1.0
-1.0
-1.0
-1.0
-1.0
-1.0
-1.0
-1.0
-1.0
-1.0
-1.0
-1.0
-1.0
-1.0
-1.0
-1.0
-1.0
-1.0
-1.0
-1.0
-1.0
-1.0
-1.0
-1.0
-1.0
-1.0
-1.0
-1.0
-1.0
39.8073
-1.0
-1.0
-1.0
-1.0
-1.0
-1.0
-1.0
-1.0
-1.0
-1.0
-1.0
-1.0
-1.0
-1.0
-1.0
-1.0
-1.0
-1.0
-1.0
-1.0
-1.0
-1.0
-1.0
38.109
-1.0
-1.0
-1.0
41.2916
-1.0
-1.0
49.9086
-1.0
-1.0
28.9226
-1.0
30.398
-1.0
-1.0
16.0205
45.4369
-1.0
-1.0
-1.0
-1.0
-1.0
-1.0
-1.0
-1.0
-1.0
-1.0
-1.0
-1.0
-1.0
-1.0
-1.0
-1.0
-1.0
-1.0
-1.0
-1.0
-1.0
-1.0
-1.0
32.095
-1.0
-1.0
-1.0
30.4908
-1.0
-1.0
-1.0
40.2439
-1.0
41.9764
-1.0
-1.0
-1.0
28.8755
-1.0
-1.0
-1.0
-1.0
15.9548
-1.0
-1.0
-1.0
-1.0
-1.0
-1.0
-1.0
-1.0
-1.0
-1.0
-1.0
-1.0
41.6091
-1.0
-1.0
-1.0
-1.0
-1.0
-1.0
-1.0
-1.0
49.6038
-1.0
-1.0
-1.0
50.2168
-1.0
-1.0
-1.0
-1.0
-1.0
-1.0
-1.0
36.3132
-1.0
-1.0
-1.0
31.2642
-1.0
-1.0
-1.0
-1.0
-1.0
-1.0
-1.0
-1.0
29.3803
-1.0
-1.0
-1.0
-1.0
-1.0
-1.0
-1.0
-1.0
-1.0
13.7709
-1.0
-1.0
-1.0
-1.0
40.0628
-1.0
-1.0
-1.0
29.4577
-1.0
-1.0
-1.0
-1.0
-1.0
-1.0
-1.0
-1.0
25.1592
-1.0
21.6334
37.5223
26.7327
32.3608
-1.0
-1.0
-1.0
-1.0
29.6109
-1.0
-1.0
-1.0
-1.0
33.985
-1.0
-1.0
27.0369
-1.0
-1.0
-1.0
-1.0
25.1682
-1.0
-1.0
-1.0
-1.0
-1.0
-1.0
42.6209
-1.0
-1.0
-1.0
-1.0
43.6129
46.6396
41.9889
-1.0
-1.0
15.4541
-1.0
-1.0
-1.0
45.9872
-1.0
-1.0
46.968
-1.0
-1.0
-1.0
-1.0
48.6083
-1.0
35.3171
-1.0
-1.0
-1.0
32.5982
-1.0
-1.0
-1.0
13.2969
-1.0
32.2103
-1.0
-1.0
-1.0
42.1357
-1.0
-1.0
-1.0
-1.0
-1.0
16.3701
-1.0
51.9304
-1.0
-1.0
-1.0
-1.0
-1.0
-1.0
-1.0
48.8066
48.0106
-1.0
-1.0
-1.0
45.3538
-1.0
-1.0
-1.0
-1.0
-1.0
-1.0
-1.0
-1.0
8.97647
-1.0
-1.0
-1.0
29.1732
-1.0
-1.0
-1.0
-1.0
-1.0
-1.0
-1.0
-1.0
42.6998
-1.0
-1.0
-1.0
-1.0
44.7956
-1.0
-1.0
-1.0
18.458
-1.0
-1.0
-1.0
-1.0
-1.0
-1.0
-1.0
48.3571
-1.0
-1.0
-1.0
-1.0
-1.0
-1.0
-1.0
19.3275
-1.0
-1.0
-1.0
-1.0
-1.0
56.4857
-1.0
45.2914
-1.0
-1.0
-1.0
-1.0
-1.0
-1.0
-1.0
-1.0
-1.0
-1.0
18.1642
-1.0
-1.0
45.6105
-1.0
-1.0
-1.0
37.9248
44.4656
-1.0
-1.0
-1.0
-1.0
-1.0
46.2121
-1.0
-1.0
-1.0
-1.0
-1.0
-1.0
-1.0
-1.0
-1.0
-1.0
36.8881
-1.0
28.0541
-1.0
-1.0
-1.0
-1.0
34.1003
-1.0
33.7757
-1.0
-1.0
32.0424
-1.0
-1.0
-1.0
10.4485
-1.0
-1.0
-1.0
-1.0
-1.0
-1.0
46.3828
12.4071
-1.0
-1.0
-1.0
-1.0
-1.0
-1.0
-1.0
-1.0
-1.0
-1.0
-1.0
-1.0
-1.0
-1.0
-1.0
-1.0
-1.0
23.012
16.5209
-1.0
-1.0
-1.0
40.2221
-1.0
-1.0
-1.0
-1.0
-1.0
-1.0
-1.0
-1.0
-1.0
-1.0
28.3403
-1.0
-1.0
50.7159
-1.0
-1.0
-1.0
-1.0
-1.0
-1.0
-1.0
-1.0
-1.0
-1.0
-1.0
-1.0
46.7492
-1.0
-1.0
-1.0
-1.0
-1.0
-1.0
-1.0
49.9922
21.392
-1.0
-1.0
-1.0
-1.0
-1.0
-1.0
-1.0
-1.0
-1.0
-1.0
-1.0
27.6048
-1.0
-1.0
-1.0
-1.0
-1.0
-1.0
-1.0
39.5341
-1.0
-1.0
-1.0
-1.0
-1.0
-1.0
-1.0
-1.0
-1.0
-1.0
45.5449
47.3191
-1.0
31.4856
-1.0
41.1612
46.1279
38.7801
-1.0
47.3571
-1.0
-1.0
27.0185
-1.0
-1.0
-1.0
39.078
32.4181
-1.0
-1.0
-1.0
-1.0
-1.0
-1.0
45.881
-1.0
-1.0
12.274
-1.0
-1.0
-1.0
-1.0
-1.0
-1.0
-1.0
-1.0
-1.0
-1.0
-1.0
-1.0
-1.0
-1.0
-1.0
-1.0
-1.0
34.8582
-1.0
-1.0
-1.0
-1.0
-1.0
29.1312
-1.0
-1.0
-1.0
-1.0
33.3359
-1.0
49.3016
-1.0
39.4212
51.7226
-1.0
-1.0
50.2847
46.5127
50.2905
-1.0
27.9724
-1.0
-1.0
54.7933
45.3203
-1.0
-1.0
-1.0
-1.0
-1.0
-1.0
-1.0
-1.0
-1.0
-1.0
-1.0
-1.0
-1.0
45.3613
-1.0
-1.0
-1.0
-1.0
46.4739
-1.0
-1.0
-1.0
-1.0
25.5809
-1.0
-1.0
-1.0
-1.0
33.0331
-1.0
22.0673
-1.0
-1.0
-1.0
-1.0
-1.0
-1.0
-1.0
36.2943
-1.0
-1.0
-1.0
32.1276
-1.0
-1.0
11.0761
41.5225
-1.0
33.9329
-1.0
46.1359
48.557
24.1714
-1.0
31.4242
-1.0
43.26
15.0772
-1.0
-1.0
-1.0
-1.0
-1.0
30.0546
-1.0
41.7541
-1.0
-1.0
31.8914
-1.0
-1.0
-1.0
-1.0
-1.0
-1.0
51.5134
-1.0
-1.0
-1.0
-1.0
21.7558
-1.0
-1.0
-1.0
-1.0
-1.0
46.7908
-1.0
50.7515
-1.0
-1.0
43.969
-1.0
-1.0
17.4888
-1.0
-1.0
-1.0
-1.0
-1.0
-1.0
-1.0
-1.0
-1.0
36.7038
-1.0
-1.0
-1.0
-1.0
-1.0
-1.0
-1.0
25.1804
29.5107
43.2747
-1.0
-1.0
-1.0
49.0449
-1.0
-1.0
-1.0
-1.0
-1.0
-1.0
43.1972
-1.0
-1.0
-1.0
-1.0
-1.0
-1.0
-1.0
-1.0
-1.0
-1.0
-1.0
-1.0
-1.0
-1.0
-1.0
42.8463
-1.0
-1.0
-1.0
23.9986
-1.0
27.2068
25.3152
-1.0
-1.0
-1.0
-1.0
33.5424
46.6774
51.6586
-1.0
-1.0
-1.0
22.5399
-1.0
-1.0
-1.0
-1.0
-1.0
-1.0
-1.0
-1.0
-1.0
-1.0
-1.0
-1.0
-1.0
-1.0
-1.0
-1.0
-1.0
-1.0
-1.0
-1.0
47.5421
-1.0
-1.0
49.2362
-1.0
-1.0
-1.0
9.60118
-1.0
-1.0
15.3612
-1.0
-1.0
-1.0
-1.0
-1.0
-1.0
39.1037
-1.0
-1.0
-1.0
-1.0
-1.0
-1.0
-1.0
-1.0
-1.0
-1.0
-1.0
-1.0
-1.0
-1.0
-1.0
49.5949
-1.0
-1.0
-1.0
-1.0
-1.0
-1.0
-1.0
-1.0
-1.0
29.4996
-1.0
51.5609
-1.0
-1.0
38.3279
-1.0
-1.0
-1.0
-1.0
-1.0
-1.0
-1.0
-1.0
-1.0
-1.0
-1.0
-1.0
-1.0
-1.0
-1.0
-1.0
-1.0
-1.0
-1.0
-1.0
-1.0
-1.0
47.4744
-1.0
-1.0
27.6672
41.3199
-1.0
-1.0
-1.0
-1.0
-1.0
-1.0
-1.0
-1.0
23.5369
-1.0
-1.0
-1.0
-1.0
-1.0
-1.0
-1.0
-1.0
-1.0
27.6881
-1.0
-1.0
38.2751
-1.0
-1.0
17.6971
-1.0
-1.0
27.0112
-1.0
-1.0
-1.0
51.4304
-1.0
-1.0
31.9553
-1.0
-1.0
-1.0
-1.0
37.2017
-1.0
-1.0
-1.0
-1.0
37.8655
-1.0
34.026
-1.0
49.1746
-1.0
-1.0
-1.0
-1.0
-1.0
-1.0
-1.0
-1.0
-1.0
-1.0
-1.0
-1.0
49.9521
-1.0
-1.0
-1.0
37.817
-1.0
-1.0
-1.0
-1.0
47.8961
-1.0
-1.0
-1.0
-1.0
-1.0
-1.0
-1.0
44.9991
30.3818
-1.0
-1.0
-1.0
-1.0
-1.0
-1.0
-1.0
-1.0
-1.0
42.8927
-1.0
-1.0
-1.0
-1.0
-1.0
44.1994
-1.0
-1.0
-1.0
-1.0
-1.0
37.1654
-1.0
-1.0
-1.0
-1.0
-1.0
-1.0
45.7887
-1.0
25.9035
-1.0
-1.0
-1.0
49.8071
-1.0
-1.0
-1.0
-1.0
-1.0
-1.0
-1.0
39.6102
51.8819
-1.0
-1.0
18.8242
-1.0
-1.0
-1.0
-1.0
-1.0
-1.0
-1.0
-1.0
-1.0
-1.0
-1.0
-1.0
-1.0
19.7722
35.1428
-1.0
-1.0
-1.0
40.8453
-1.0
-1.0
-1.0
-1.0
522.31
-1.0
-1.0
-1.0
51.5644
-1.0
-1.0
-1.0
-1.0
-1.0
28.7626
-1.0
48.3763
30.0258
-1.0
-1.0
-1.0
-1.0
-1.0
-1.0
-1.0
27.965
15.6988
-1.0
48.8033
35.9836
39.9446
-1.0
-1.0
-1.0
-1.0
43.1059
-1.0
-1.0
-1.0
46.3211
-1.0
41.3749
-1.0
-1.0
-1.0
17.9846
-1.0
-1.0
-1.0
-1.0
-1.0
-1.0
-1.0
-1.0
-1.0
-1.0
15.3387
18.1599
46.6125
-1.0
-1.0
17.1172
-1.0
-1.0
28.7137
-1.0
-1.0
-1.0
-1.0
-1.0
-1.0
30.2104
-1.0
-1.0
30.0053
-1.0
-1.0
43.8586
-1.0
-1.0
-1.0
-1.0
-1.0
-1.0
51.0355
51.3876
-1.0
24.2845
-1.0
-1.0
-1.0
28.3845
47.104
-1.0
46.0462
-1.0
-1.0
-1.0
-1.0
-1.0
40.5156
-1.0
-1.0
-1.0
-1.0
23.4657
-1.0
-1.0
-1.0
-1.0
-1.0
-1.0
-1.0
-1.0
-1.0
-1.0
-1.0
-1.0
-1.0
-1.0
-1.0
37.0543
-1.0
27.7847
-1.0
-1.0
-1.0
-1.0
-1.0
13.8435
-1.0
40.2103
-1.0
-1.0
-1.0
-1.0
-1.0
-1.0
-1.0
-1.0
-1.0
19.3671
-1.0
-1.0
-1.0
-1.0
-1.0
-1.0
49.8728
-1.0
-1.0
-1.0
49.9358
-1.0
-1.0
-1.0
-1.0
-1.0
-1.0
-1.0
-1.0
-1.0
49.962
47.4968
-1.0
43.964
28.3854
31.7688
51.1094
22.7068
-1.0
-1.0
-1.0
-1.0
21.1573
-1.0
-1.0
-1.0
-1.0
42.9436
-1.0
-1.0
-1.0
-1.0
13.0954
-1.0
-1.0
-1.0
-1.0
-1.0
-1.0
-1.0
-1.0
28.4471
14.4862
-1.0
-1.0
52.0182
-1.0
-1.0
-1.0
-1.0
-1.0
22.3988
47.7342
-1.0
45.0654
44.0477
-1.0
43.9667
-1.0
-1.0
-1.0
-1.0
-1.0
-1.0
-1.0
-1.0
39.0651
31.3385
43.2143
-1.0
38.415
-1.0
-1.0
42.3638
-1.0
-1.0
-1.0
-1.0
-1.0
-1.0
-1.0
-1.0
-1.0
-1.0
-1.0
-1.0
-1.0
47.6745
-1.0
-1.0
25.4026
41.0352
-1.0
-1.0
-1.0
-1.0
51.6825
-1.0
-1.0
-1.0
-1.0
-1.0
-1.0
-1.0
-1.0
-1.0
-1.0
-1.0
-1.0
-1.0
-1.0
-1.0
8.49928
26.8063
30.4421
41.1493
21.3213
30.1053
-1.0
-1.0
36.9811
-1.0
33.2808
-1.0
35.4132
-1.0
-1.0
-1.0
43.1552
-1.0
39.157
26.1556
-1.0
-1.0
-1.0
-1.0
-1.0
-1.0
-1.0
-1.0
-1.0
-1.0
39.649
-1.0
49.0422
-1.0
-1.0
44.9076
-1.0
-1.0
-1.0
38.0449
-1.0
-1.0
-1.0
-1.0
-1.0
-1.0
-1.0
-1.0
-1.0
-1.0
-1.0
39.3832
-1.0
-1.0
-1.0
-1.0
-1.0
-1.0
-1.0
36.9758
-1.0
49.6974
-1.0
-1.0
42.6923
36.1636
-1.0
37.9872
-1.0
-1.0
-1.0
-1.0
-1.0
-1.0
-1.0
-1.0
-1.0
-1.0
-1.0
-1.0
45.4095
-1.0
-1.0
-1.0
-1.0
41.4827
-1.0
47.19
-1.0
21.7948
-1.0
-1.0
-1.0
-1.0
-1.0
14.3422
-1.0
51.9454
-1.0
-1.0
-1.0
34.8603
-1.0
-1.0
-1.0
33.7169
-1.0
-1.0
-1.0
-1.0
-1.0
52.2338
-1.0
-1.0
-1.0
-1.0
42.9758
-1.0
-1.0
-1.0
36.8625
-1.0
-1.0
-1.0
-1.0
48.4642
39.2335
-1.0
-1.0
-1.0
-1.0
-1.0
-1.0
-1.0
-1.0
-1.0
-1.0
-1.0
-1.0
-1.0
-1.0
48.8736
-1.0
-1.0
-1.0
-1.0
-1.0
-1.0
49.4804
38.7188
-1.0
-1.0
-1.0
-1.0
-1.0
-1.0
-1.0
16.1766
-1.0
-1.0
36.3322
-1.0
-1.0
-1.0
39.4856
-1.0
-1.0
-1.0
-1.0
-1.0
-1.0
-1.0
-1.0
-1.0
-1.0
-1.0
-1.0
-1.0
-1.0
18.0115
-1.0
-1.0
-1.0
-1.0
-1.0
-1.0
-1.0
46.9476
-1.0
-1.0
-1.0
-1.0
29.2046
48.3025
-1.0
-1.0
-1.0
-1.0
-1.0
35.3264
-1.0
24.4081
35.1316
41.7099
30.1087
-1.0
-1.0
-1.0
-1.0
24.9638
-1.0
-1.0
-1.0
-1.0
-1.0
-1.0
-1.0
-1.0
44.1449
-1.0
-1.0
-1.0
43.1152
-1.0
35.5899
23.7352
30.1464
-1.0
-1.0
-1.0
44.9606
-1.0
-1.0
-1.0
49.9578
-1.0
-1.0
46.1217
39.1757
-1.0
-1.0
-1.0
42.9068
44.5184
-1.0
-1.0
-1.0
-1.0
-1.0
-1.0
-1.0
-1.0
-1.0
-1.0
-1.0
-1.0
42.7598
46.5361
-1.0
47.1856
-1.0
-1.0
-1.0
-1.0
-1.0
-1.0
-1.0
-1.0
-1.0
-1.0
-1.0
48.2253
-1.0
-1.0
27.266
-1.0
-1.0
-1.0
-1.0
27.1652
-1.0
39.2388
-1.0
-1.0
-1.0
-1.0
-1.0
-1.0
-1.0
-1.0
-1.0
34.5911
49.3964
-1.0
-1.0
-1.0
52.0092
-1.0
-1.0
-1.0
-1.0
-1.0
-1.0
-1.0
-1.0
35.2131
33.7967
41.6242
-1.0
-1.0
51.0562
22.9246
-1.0
-1.0
38.1113
-1.0
-1.0
-1.0
-1.0
-1.0
-1.0
-1.0
-1.0
51.3465
-1.0
-1.0
-1.0
-1.0
-1.0
-1.0
-1.0
36.8178
26.7692
-1.0
-1.0
-1.0
-1.0
-1.0
-1.0
48.5041
47.9605
-1.0
-1.0
28.9742
-1.0
-1.0
-1.0
-1.0
-1.0
-1.0
-1.0
37.177
29.9944
-1.0
25.6241
-1.0
-1.0
17.1537
-1.0
-1.0
45.4394
31.5328
-1.0
40.9483
-1.0
-1.0
-1.0
-1.0
-1.0
-1.0
37.2502
-1.0
-1.0
-1.0
-1.0
23.2705
-1.0
41.0948
24.6753
49.2685
-1.0
7.02226
-1.0
-1.0
-1.0
-1.0
49.5847
-1.0
-1.0
-1.0
-1.0
-1.0
-1.0
-1.0
-1.0
-1.0
18.6083
-1.0
-1.0
-1.0
42.4045
-1.0
-1.0
-1.0
-1.0
37.6926
23.4209
-1.0
-1.0
-1.0
26.5281
-1.0
50.0119
-1.0
-1.0
-1.0
-1.0
39.3638
47.324
-1.0
-1.0
-1.0
-1.0
-1.0
-1.0
-1.0
42.0081
41.0868
37.18
47.4734
-1.0
32.6271
-1.0
-1.0
-1.0
-1.0
-1.0
52.1636
-1.0
48.0911
-1.0
-1.0
14.8006
-1.0
48.7765
8.23007
22.5429
-1.0
-1.0
-1.0
-1.0
-1.0
-1.0
-1.0
-1.0
45.3673
-1.0
-1.0
-1.0
38.8549
-1.0
-1.0
46.7621
-1.0
-1.0
31.8755
-1.0
40.3693
50.1041
-1.0
-1.0
-1.0
-1.0
-1.0
36.7057
-1.0
32.8392
51.5355
36.4446
-1.0
-1.0
-1.0
-1.0
-1.0
34.3647
-1.0
-1.0
-1.0
33.6266
-1.0
42.2694
-1.0
-1.0
-1.0
-1.0
-1.0
-1.0
51.4607
-1.0
-1.0
-1.0
-1.0
-1.0
-1.0
-1.0
-1.0
-1.0
-1.0
-1.0
36.4638
-1.0
-1.0
48.1901
-1.0
-1.0
-1.0
-1.0
-1.0
-1.0
-1.0
27.6251
-1.0
-1.0
-1.0
-1.0
37.5931
-1.0
-1.0
-1.0
-1.0
-1.0
-1.0
-1.0
-1.0
-1.0
-1.0
44.64
-1.0
-1.0
-1.0
-1.0
-1.0
-1.0
-1.0
-1.0
-1.0
44.723
-1.0
51.0638
35.8108
49.4374
-1.0
-1.0
-1.0
-1.0
-1.0
-1.0
-1.0
-1.0
40.1491
-1.0
-1.0
-1.0
-1.0
-1.0
-1.0
-1.0
-1.0
-1.0
-1.0
-1.0
-1.0
-1.0
31.7952
-1.0
-1.0
-1.0
-1.0
-1.0
-1.0
-1.0
31.8119
-1.0
-1.0
-1.0
-1.0
-1.0
-1.0
-1.0
-1.0
-1.0
51.638
-1.0
30.5724
-1.0
-1.0
-1.0
-1.0
-1.0
-1.0
-1.0
47.0098
-1.0
-1.0
-1.0
46.091
39.0613
-1.0
-1.0
-1.0
-1.0
-1.0
-1.0
-1.0
-1.0
-1.0
-1.0
-1.0
-1.0
-1.0
-1.0
-1.0
38.3294
24.8804
17.1688
-1.0
-1.0
-1.0
-1.0
-1.0
25.0033
-1.0
48.1303
-1.0
-1.0
-1.0
-1.0
37.1395
-1.0
-1.0
-1.0
-1.0
-1.0
-1.0
-1.0
-1.0
-1.0
-1.0
-1.0
-1.0
36.3894
-1.0
-1.0
-1.0
-1.0
-1.0
21.8092
-1.0
-1.0
44.1043
-1.0
-1.0
-1.0
-1.0
22.6709
25.2603
-1.0
50.7867
41.9838
-1.0
-1.0
-1.0
-1.0
-1.0
-1.0
-1.0
-1.0
-1.0
-1.0
-1.0
18.5171
-1.0
-1.0
8.74654
-1.0
-1.0
-1.0
-1.0
-1.0
-1.0
30.5018
-1.0
-1.0
-1.0
-1.0
-1.0
-1.0
-1.0
-1.0
-1.0
-1.0
37.7003
25.3353
47.4103
47.6147
-1.0
-1.0
-1.0
-1.0
-1.0
-1.0
19.62
22.9197
44.5286
-1.0
24.4367
-1.0
-1.0
-1.0
-1.0
29.7689
45.7026
-1.0
-1.0
42.5932
-1.0
11.8994
-1.0
-1.0
-1.0
-1.0
-1.0
-1.0
-1.0
-1.0
26.3298
-1.0
-1.0
34.9498
-1.0
-1.0
-1.0
-1.0
17.2504
-1.0
-1.0
-1.0
-1.0
-1.0
-1.0
-1.0
-1.0
-1.0
-1.0
-1.0
-1.0
-1.0
44.8298
-1.0
43.5844
34.6755
-1.0
-1.0
33.7743
-1.0
-1.0
-1.0
-1.0
33.296
-1.0
28.1782
31.9043
-1.0
-1.0
50.855
-1.0
-1.0
-1.0
46.6774
-1.0
9.67066
-1.0
-1.0
-1.0
43.8207
-1.0
-1.0
51.4414
-1.0
-1.0
-1.0
-1.0
-1.0
-1.0
-1.0
-1.0
-1.0
45.8386
45.879
33.9396
-1.0
-1.0
-1.0
35.5007
-1.0
-1.0
28.5959
-1.0
-1.0
39.44
-1.0
-1.0
-1.0
-1.0
-1.0
-1.0
37.3383
-1.0
-1.0
-1.0
-1.0
-1.0
-1.0
-1.0
46.3255
-1.0
-1.0
46.9093
-1.0
-1.0
32.2156
-1.0
-1.0
-1.0
-1.0
50.3807
-1.0
20.2956
-1.0
49.4238
-1.0
-1.0
15.7374
-1.0
-1.0
-1.0
-1.0
-1.0
-1.0
-1.0
37.4268
-1.0
-1.0
-1.0
39.5734
-1.0
-1.0
26.0965
-1.0
-1.0
43.3405
-1.0
-1.0
-1.0
-1.0
17.0245
-1.0
33.9913
-1.0
-1.0
-1.0
-1.0
25.078
-1.0
48.0393
-1.0
-1.0
32.5265
29.0468
-1.0
25.2609
38.8222
-1.0
-1.0
-1.0
-1.0
-1.0
-1.0
-1.0
-1.0
-1.0
-1.0
-1.0
-1.0
-1.0
-1.0
-1.0
-1.0
42.6083
-1.0
-1.0
-1.0
51.7934
46.5241
-1.0
-1.0
-1.0
-1.0
-1.0
-1.0
-1.0
-1.0
23.7744
-1.0
43.6768
-1.0
-1.0
24.1541
-1.0
35.8303
-1.0
-1.0
-1.0
-1.0
43.9823
40.5473
-1.0
-1.0
-1.0
-1.0
-1.0
-1.0
-1.0
-1.0
-1.0
-1.0
40.9592
-1.0
45.7224
-1.0
-1.0
-1.0
46.1788
-1.0
-1.0
-1.0
-1.0
-1.0
28.9204
-1.0
-1.0
-1.0
-1.0
-1.0
-1.0
-1.0
39.1806
-1.0
40.6506
-1.0
-1.0
-1.0
-1.0
-1.0
43.952
39.9586
48.9063
-1.0
-1.0
-1.0
50.8773
-1.0
-1.0
-1.0
-1.0
-1.0
-1.0
-1.0
-1.0
-1.0
-1.0
-1.0
-1.0
-1.0
-1.0
51.2683
-1.0
-1.0
-1.0
48.0195
-1.0
-1.0
38.7817
22.414
42.6019
23.5188
-1.0
-1.0
47.6165
-1.0
-1.0
-1.0
-1.0
-1.0
-1.0
-1.0
-1.0
39.1002
-1.0
-1.0
-1.0
-1.0
-1.0
38.5173
-1.0
-1.0
-1.0
-1.0
-1.0
-1.0
-1.0
39.1917
38.0793
-1.0
27.6326
39.7969
-1.0
-1.0
-1.0
-1.0
-1.0
24.8578
-1.0
47.1285
-1.0
-1.0
38.8352
-1.0
42.4819
-1.0
-1.0
-1.0
-1.0
-1.0
-1.0
-1.0
37.0021
36.2205
-1.0
-1.0
-1.0
-1.0
-1.0
-1.0
-1.0
-1.0
32.478
-1.0
-1.0
-1.0
-1.0
-1.0
-1.0
-1.0
50.2262
-1.0
-1.0
-1.0
-1.0
-1.0
-1.0
-1.0
-1.0
-1.0
-1.0
-1.0
40.97
-1.0
-1.0
-1.0
-1.0
-1.0
-1.0
-1.0
-1.0
-1.0
-1.0
-1.0
-1.0
35.9594
39.9428
-1.0
-1.0
-1.0
-1.0
-1.0
-1.0
20.561
-1.0
15.098
-1.0
-1.0
-1.0
-1.0
-1.0
34.5727
-1.0
-1.0
-1.0
48.0827
-1.0
-1.0
-1.0
-1.0
-1.0
-1.0
-1.0
-1.0
-1.0
-1.0
-1.0
-1.0
-1.0
-1.0
26.1122
-1.0
44.9998
-1.0
-1.0
-1.0
-1.0
25.1484
37.1929
-1.0
-1.0
-1.0
-1.0
-1.0
12.1376
-1.0
-1.0
-1.0
48.3005
-1.0
-1.0
-1.0
53.37
-1.0
-1.0
-1.0
-1.0
-1.0
-1.0
35.4327
48.3192
18.4914
-1.0
-1.0
-1.0
-1.0
-1.0
-1.0
45.5344
-1.0
-1.0
-1.0
-1.0
-1.0
-1.0
-1.0
-1.0
-1.0
-1.0
-1.0
-1.0
32.4762
-1.0
-1.0
-1.0
-1.0
-1.0
50.6928
-1.0
44.9435
-1.0
35.2289
-1.0
29.6703
-1.0
19.5969
-1.0
-1.0
-1.0
-1.0
22.9204
39.9971
-1.0
-1.0
-1.0
-1.0
-1.0
-1.0
-1.0
39.118
36.785
-1.0
-1.0
-1.0
-1.0
-1.0
51.7878
-1.0
-1.0
-1.0
-1.0
-1.0
-1.0
-1.0
-1.0
44.5144
-1.0
-1.0
-1.0
-1.0
-1.0
-1.0
-1.0
-1.0
-1.0
-1.0
-1.0
48.2
-1.0
-1.0
-1.0
-1.0
50.5771
-1.0
14.8331
-1.0
-1.0
-1.0
47.8078
-1.0
-1.0
-1.0
-1.0
-1.0
-1.0
-1.0
48.2571
39.2794
-1.0
-1.0
-1.0
-1.0
-1.0
21.7908
-1.0
-1.0
-1.0
11.5965
24.5086
45.1223
-1.0
23.3008
-1.0
-1.0
-1.0
14.5315
-1.0
34.9504
-1.0
-1.0
-1.0
51.4721
-1.0
-1.0
36.0504
-1.0
36.5855
-1.0
-1.0
-1.0
26.6586
52.0504
-1.0
-1.0
-1.0
-1.0
-1.0
-1.0
-1.0
20.0689
37.9399
-1.0
-1.0
-1.0
-1.0
46.1305
-1.0
-1.0
38.8979
-1.0
-1.0
-1.0
32.8894
-1.0
-1.0
-1.0
-1.0
23.4551
-1.0
-1.0
-1.0
-1.0
-1.0
-1.0
-1.0
-1.0
-1.0
-1.0
-1.0
44.6207
-1.0
-1.0
-1.0
11.7453
-1.0
-1.0
-1.0
-1.0
41.183
-1.0
47.9448
-1.0
-1.0
37.1126
-1.0
-1.0
-1.0
-1.0
29.795
-1.0
-1.0
-1.0
-1.0
-1.0
42.184
28.4194
-1.0
-1.0
-1.0
-1.0
-1.0
-1.0
-1.0
-1.0
-1.0
45.3354
41.3733
-1.0
-1.0
-1.0
-1.0
43.2256
-1.0
-1.0
35.3883
-1.0
-1.0
32.597
-1.0
48.2762
-1.0
-1.0
-1.0
50.206
-1.0
-1.0
-1.0
-1.0
-1.0
-1.0
-1.0
49.4193
-1.0
-1.0
-1.0
-1.0
-1.0
-1.0
-1.0
-1.0
-1.0
-1.0
-1.0
-1.0
-1.0
-1.0
-1.0
-1.0
27.8501
-1.0
-1.0
-1.0
-1.0
-1.0
-1.0
41.1177
-1.0
47.3322
-1.0
49.2698
-1.0
43.4055
28.4342
-1.0
-1.0
-1.0
-1.0
-1.0
34.8969
-1.0
-1.0
-1.0
-1.0
-1.0
-1.0
-1.0
-1.0
40.0388
-1.0
14.9257
-1.0
-1.0
-1.0
-1.0
34.8328
47.8471
13.9749
28.7767
22.5222
-1.0
-1.0
-1.0
-1.0
-1.0
-1.0
-1.0
-1.0
-1.0
-1.0
-1.0
45.8071
-1.0
-1.0
-1.0
-1.0
-1.0
-1.0
-1.0
36.3992
-1.0
-1.0
-1.0
-1.0
-1.0
-1.0
47.9994
24.6118
-1.0
-1.0
-1.0
-1.0
-1.0
-1.0
50.1268
-1.0
-1.0
-1.0
50.7286
-1.0
-1.0
-1.0
-1.0
-1.0
-1.0
-1.0
-1.0
-1.0
31.1263
38.6008
-1.0
-1.0
-1.0
-1.0
-1.0
-1.0
-1.0
-1.0
-1.0
-1.0
-1.0
-1.0
30.2377
-1.0
-1.0
-1.0
-1.0
-1.0
-1.0
33.8046
-1.0
-1.0
-1.0
-1.0
23.9675
-1.0
-1.0
29.5662
-1.0
-1.0
49.9554
-1.0
32.8191
33.1213
-1.0
-1.0
-1.0
-1.0
-1.0
47.6516
-1.0
-1.0
-1.0
-1.0
-1.0
-1.0
-1.0
51.7753
-1.0
44.712
-1.0
-1.0
-1.0
-1.0
-1.0
-1.0
-1.0
-1.0
-1.0
37.3751
-1.0
51.5181
-1.0
-1.0
-1.0
-1.0
-1.0
-1.0
-1.0
-1.0
-1.0
29.9793
-1.0
-1.0
-1.0
-1.0
-1.0
-1.0
-1.0
-1.0
-1.0
-1.0
-1.0
-1.0
-1.0
-1.0
34.7668
37.4438
17.4372
-1.0
-1.0
-1.0
45.2814
-1.0
-1.0
-1.0
32.4559
-1.0
-1.0
47.6635
-1.0
-1.0
-1.0
-1.0
-1.0
48.4394
36.2595
-1.0
-1.0
55.715
-1.0
-1.0
-1.0
50.5905
-1.0
36.0802
-1.0
-1.0
-1.0
-1.0
-1.0
-1.0
-1.0
-1.0
-1.0
-1.0
42.2066
-1.0
-1.0
-1.0
-1.0
-1.0
21.1543
-1.0
-1.0
-1.0
-1.0
-1.0
-1.0
-1.0
43.568
43.75
-1.0
-1.0
-1.0
-1.0
-1.0
-1.0
-1.0
-1.0
-1.0
-1.0
-1.0
-1.0
-1.0
-1.0
-1.0
-1.0
-1.0
-1.0
-1.0
-1.0
-1.0
-1.0
-1.0
-1.0
-1.0
-1.0
-1.0
-1.0
-1.0
-1.0
6.45428
33.0889
-1.0
-1.0
-1.0
-1.0
-1.0
26.9852
-1.0
-1.0
-1.0
-1.0
-1.0
-1.0
40.6421
-1.0
-1.0
-1.0
-1.0
-1.0
-1.0
-1.0
-1.0
-1.0
-1.0
48.7648
35.9225
-1.0
-1.0
50.7367
-1.0
-1.0
-1.0
-1.0
-1.0
-1.0
-1.0
37.7357
-1.0
-1.0
-1.0
-1.0
-1.0
46.714
-1.0
-1.0
-1.0
33.8539
-1.0
30.1043
-1.0
-1.0
42.9895
-1.0
-1.0
30.923
33.9457
-1.0
-1.0
-1.0
-1.0
46.2788
-1.0
48.6991
-1.0
-1.0
-1.0
-1.0
-1.0
-1.0
-1.0
-1.0
-1.0
-1.0
-1.0
-1.0
-1.0
-1.0
-1.0
-1.0
41.2267
-1.0
27.856
-1.0
-1.0
-1.0
-1.0
32.5284
-1.0
-1.0
44.6289
-1.0
-1.0
35.5216
14.2778
-1.0
51.672
-1.0
13.6931
-1.0
51.2764
-1.0
-1.0
-1.0
-1.0
-1.0
33.0107
-1.0
-1.0
35.3784
-1.0
28.4559
-1.0
-1.0
-1.0
-1.0
-1.0
38.3422
-1.0
-1.0
-1.0
-1.0
-1.0
-1.0
-1.0
-1.0
-1.0
-1.0
39.2488
-1.0
-1.0
51.0875
-1.0
-1.0
51.041
-1.0
-1.0
-1.0
-1.0
-1.0
-1.0
-1.0
-1.0
-1.0
-1.0
-1.0
-1.0
-1.0
21.9558
-1.0
-1.0
-1.0
-1.0
-1.0
29.1217
-1.0
-1.0
-1.0
-1.0
-1.0
-1.0
-1.0
-1.0
-1.0
-1.0
-1.0
-1.0
37.1099
42.1501
-1.0
-1.0
-1.0
-1.0
-1.0
-1.0
-1.0
-1.0
-1.0
-1.0
-1.0
-1.0
-1.0
-1.0
33.9068
-1.0
-1.0
-1.0
49.4139
-1.0
36.4475
-1.0
48.4548
51.8429
-1.0
-1.0
-1.0
-1.0
-1.0
-1.0
-1.0
-1.0
-1.0
-1.0
-1.0
-1.0
-1.0
39.9199
-1.0
25.2826
27.2179
-1.0
-1.0
-1.0
-1.0
-1.0
-1.0
-1.0
-1.0
-1.0
-1.0
-1.0
-1.0
45.665
-1.0
-1.0
-1.0
-1.0
-1.0
-1.0
-1.0
-1.0
-1.0
-1.0
-1.0
-1.0
-1.0
6.49418
-1.0
-1.0
40.2752
-1.0
-1.0
-1.0
-1.0
-1.0
-1.0
-1.0
-1.0
46.3258
27.8135
-1.0
-1.0
51.6611
-1.0
-1.0
-1.0
-1.0
-1.0
31.3219
-1.0
-1.0
-1.0
-1.0
45.5208
-1.0
-1.0
-1.0
39.4431
-1.0
-1.0
-1.0
-1.0
-1.0
-1.0
-1.0
41.4646
-1.0
48.0633
-1.0
-1.0
-1.0
-1.0
32.5056
-1.0
30.6805
6.60125
-1.0
-1.0
-1.0
-1.0
-1.0
-1.0
-1.0
-1.0
-1.0
-1.0
-1.0
-1.0
21.0707
46.0129
-1.0
-1.0
-1.0
-1.0
-1.0
-1.0
-1.0
-1.0
-1.0
28.4411
-1.0
-1.0
-1.0
42.7265
48.1082
-1.0
-1.0
-1.0
-1.0
-1.0
-1.0
-1.0
-1.0
-1.0
-1.0
52.3489
-1.0
-1.0
-1.0
-1.0
-1.0
-1.0
40.5774
-1.0
-1.0
-1.0
-1.0
25.7652
-1.0
-1.0
-1.0
-1.0
-1.0
18.3832
-1.0
-1.0
-1.0
-1.0
18.7071
23.3555
-1.0
-1.0
-1.0
-1.0
-1.0
46.3167
-1.0
-1.0
-1.0
-1.0
-1.0
-1.0
-1.0
-1.0
-1.0
-1.0
50.9742
7.70903
-1.0
-1.0
50.2619
-1.0
-1.0
49.7209
22.006
-1.0
-1.0
39.4309
-1.0
-1.0
-1.0
-1.0
33.2555
-1.0
-1.0
48.6743
-1.0
-1.0
43.8693
51.1837
-1.0
-1.0
-1.0
-1.0
-1.0
-1.0
19.7471
-1.0
-1.0
-1.0
-1.0
36.6704
-1.0
-1.0
-1.0
-1.0
44.2737
-1.0
-1.0
-1.0
39.5015
-1.0
-1.0
-1.0
-1.0
38.2971
-1.0
-1.0
-1.0
-1.0
47.0831
-1.0
-1.0
-1.0
-1.0
-1.0
29.0174
-1.0
41.2573
-1.0
-1.0
-1.0
42.507
52.2659
-1.0
-1.0
-1.0
-1.0
-1.0
-1.0
-1.0
-1.0
32.6609
-1.0
-1.0
28.7057
-1.0
-1.0
-1.0
-1.0
-1.0
-1.0
-1.0
-1.0
44.0343
-1.0
-1.0
-1.0
-1.0
-1.0
43.6019
-1.0
-1.0
38.9288
-1.0
-1.0
23.2735
-1.0
-1.0
-1.0
-1.0
34.5096
-1.0
-1.0
50.9617
-1.0
-1.0
-1.0
-1.0
-1.0
-1.0
-1.0
-1.0
-1.0
-1.0
-1.0
49.0656
-1.0
-1.0
50.9663
-1.0
36.5215
-1.0
-1.0
-1.0
-1.0
-1.0
-1.0
-1.0
-1.0
-1.0
-1.0
-1.0
-1.0
-1.0
51.3495
-1.0
-1.0
50.7433
-1.0
-1.0
33.5298
-1.0
-1.0
-1.0
-1.0
-1.0
-1.0
-1.0
50.9162
-1.0
-1.0
51.7231
48.8347
29.817
-1.0
-1.0
-1.0
25.2997
-1.0
-1.0
32.3648
-1.0
-1.0
-1.0
-1.0
-1.0
-1.0
-1.0
-1.0
22.9779
-1.0
-1.0
36.9038
-1.0
-1.0
-1.0
-1.0
20.5638
-1.0
-1.0
-1.0
42.3222
-1.0
39.6962
-1.0
-1.0
-1.0
38.622
-1.0
-1.0
-1.0
37.9896
-1.0
51.9027
-1.0
46.9702
-1.0
-1.0
-1.0
-1.0
-1.0
-1.0
-1.0
30.3194
43.9824
-1.0
-1.0
-1.0
40.6173
-1.0
-1.0
47.1664
-1.0
28.3995
-1.0
21.2554
-1.0
-1.0
-1.0
-1.0
-1.0
-1.0
-1.0
-1.0
40.4629
-1.0
48.5797
12.5805
-1.0
46.7509
-1.0
-1.0
-1.0
-1.0
-1.0
-1.0
-1.0
-1.0
-1.0
51.816
-1.0
-1.0
-1.0
-1.0
-1.0
-1.0
53.0298
-1.0
35.3015
-1.0
-1.0
-1.0
-1.0
-1.0
51.4913
-1.0
-1.0
-1.0
19.5509
-1.0
-1.0
48.7633
-1.0
-1.0
-1.0
23.5669
46.1884
-1.0
-1.0
29.9654
-1.0
32.5108
-1.0
-1.0
40.8068
-1.0
-1.0
-1.0
29.5403
-1.0
-1.0
40.704
31.7213
25.5145
-1.0
-1.0
35.3273
-1.0
-1.0
-1.0
29.2292
-1.0
-1.0
-1.0
-1.0
31.8242
-1.0
-1.0
-1.0
-1.0
-1.0
49.123
-1.0
48.114
50.256
-1.0
-1.0
-1.0
-1.0
-1.0
51.533
-1.0
-1.0
-1.0
-1.0
-1.0
-1.0
-1.0
-1.0
49.289
-1.0
-1.0
-1.0
-1.0
-1.0
-1.0
-1.0
36.7759
-1.0
36.3487
-1.0
-1.0
-1.0
-1.0
-1.0
-1.0
39.8419
-1.0
-1.0
38.6093
-1.0
-1.0
-1.0
45.7397
39.8325
-1.0
-1.0
-1.0
-1.0
-1.0
-1.0
-1.0
-1.0
-1.0
-1.0
-1.0
7.41924
-1.0
-1.0
-1.0
24.0025
-1.0
-1.0
-1.0
-1.0
25.8825
-1.0
51.0185
-1.0
-1.0
20.3101
50.5817
-1.0
-1.0
50.2299
35.4867
44.0902
-1.0
-1.0
-1.0
-1.0
-1.0
15.4522
-1.0
30.3275
-1.0
-1.0
46.387
-1.0
-1.0
-1.0
-1.0
-1.0
-1.0
-1.0
22.8837
-1.0
-1.0
-1.0
31.8978
15.3936
-1.0
-1.0
-1.0
16.8374
-1.0
-1.0
-1.0
-1.0
-1.0
-1.0
-1.0
-1.0
50.4161
-1.0
-1.0
-1.0
45.9988
26.5757
-1.0
-1.0
45.4343
22.416
-1.0
-1.0
-1.0
-1.0
16.3248
32.849
-1.0
-1.0
-1.0
11.6829
-1.0
-1.0
-1.0
-1.0
-1.0
-1.0
-1.0
-1.0
-1.0
-1.0
48.013
-1.0
36.8393
-1.0
-1.0
52.0543
-1.0
-1.0
-1.0
31.2884
41.1324
-1.0
-1.0
-1.0
40.5181
28.2678
-1.0
-1.0
47.7977
-1.0
-1.0
-1.0
45.0652
-1.0
-1.0
47.2887
-1.0
-1.0
-1.0
51.8466
-1.0
-1.0
-1.0
-1.0
-1.0
-1.0
-1.0
-1.0
-1.0
-1.0
-1.0
-1.0
37.3143
-1.0
44.25
-1.0
-1.0
36.7147
21.1283
40.3189
-1.0
-1.0
-1.0
-1.0
-1.0
-1.0
-1.0
-1.0
-1.0
-1.0
-1.0
51.9677
42.5115
-1.0
-1.0
-1.0
-1.0
-1.0
-1.0
45.0159
-1.0
-1.0
32.5347
-1.0
-1.0
-1.0
40.3651
-1.0
-1.0
-1.0
-1.0
-1.0
-1.0
52.1545
-1.0
-1.0
-1.0
-1.0
-1.0
-1.0
-1.0
-1.0
-1.0
40.7685
36.5197
-1.0
-1.0
-1.0
-1.0
-1.0
-1.0
-1.0
-1.0
-1.0
28.2529
-1.0
-1.0
-1.0
-1.0
-1.0
-1.0
-1.0
-1.0
-1.0
-1.0
-1.0
40.9217
49.8756
-1.0
25.1908
-1.0
-1.0
-1.0
8.11863
-1.0
-1.0
-1.0
41.6022
-1.0
-1.0
-1.0
33.5101
-1.0
-1.0
-1.0
-1.0
-1.0
-1.0
-1.0
-1.0
-1.0
-1.0
26.0046
-1.0
-1.0
-1.0
-1.0
-1.0
50.6692
-1.0
43.4218
-1.0
44.8672
33.8998
-1.0
46.3439
-1.0
-1.0
-1.0
-1.0
42.1021
-1.0
37.8994
-1.0
-1.0
32.8178
-1.0
-1.0
-1.0
-1.0
-1.0
-1.0
-1.0
-1.0
-1.0
-1.0
-1.0
-1.0
-1.0
-1.0
46.5923
-1.0
-1.0
-1.0
-1.0
-1.0
-1.0
-1.0
-1.0
-1.0
-1.0
-1.0
41.0939
-1.0
-1.0
24.8206
-1.0
-1.0
42.7856
-1.0
-1.0
45.9787
-1.0
-1.0
-1.0
51.2341
-1.0
-1.0
-1.0
-1.0
-1.0
38.0447
-1.0
-1.0
29.8602
-1.0
-1.0
-1.0
13.1837
-1.0
-1.0
47.5521
-1.0
-1.0
25.5756
35.1071
-1.0
-1.0
-1.0
-1.0
-1.0
-1.0
-1.0
-1.0
-1.0
-1.0
-1.0
-1.0
-1.0
-1.0
-1.0
-1.0
-1.0
18.329
-1.0
-1.0
-1.0
-1.0
-1.0
-1.0
17.8467
-1.0
-1.0
47.1945
-1.0
-1.0
39.4079
-1.0
-1.0
-1.0
-1.0
-1.0
-1.0
33.962
-1.0
-1.0
-1.0
-1.0
-1.0
-1.0
-1.0
52.0864
-1.0
-1.0
-1.0
-1.0
-1.0
32.3025
-1.0
-1.0
-1.0
-1.0
37.373
38.055
54.1737
-1.0
-1.0
20.3169
-1.0
-1.0
-1.0
47.521
-1.0
37.745
-1.0
-1.0
-1.0
-1.0
-1.0
29.6969
45.2212
-1.0
-1.0
-1.0
-1.0
-1.0
-1.0
-1.0
-1.0
51.7097
36.2375
-1.0
-1.0
28.4453
37.1996
47.9455
-1.0
42.0157
-1.0
-1.0
-1.0
-1.0
-1.0
-1.0
-1.0
-1.0
-1.0
-1.0
-1.0
-1.0
-1.0
-1.0
-1.0
-1.0
-1.0
45.4967
-1.0
-1.0
51.4981
36.3187
-1.0
-1.0
-1.0
-1.0
26.0805
-1.0
41.4606
-1.0
-1.0
-1.0
-1.0
-1.0
-1.0
-1.0
-1.0
-1.0
-1.0
-1.0
-1.0
-1.0
-1.0
-1.0
-1.0
-1.0
-1.0
46.4391
-1.0
-1.0
20.6558
-1.0
-1.0
23.6817
-1.0
14.4706
47.0802
-1.0
48.4568
-1.0
-1.0
51.1042
40.3547
-1.0
-1.0
-1.0
-1.0
-1.0
-1.0
-1.0
-1.0
34.3325
-1.0
-1.0
-1.0
-1.0
-1.0
30.0986
-1.0
-1.0
-1.0
-1.0
-1.0
-1.0
23.6462
-1.0
-1.0
-1.0
41.3634
47.4109
-1.0
-1.0
-1.0
-1.0
42.1822
-1.0
-1.0
-1.0
33.2699
-1.0
-1.0
-1.0
32.8867
-1.0
-1.0
-1.0
36.1604
-1.0
19.9437
-1.0
17.5993
-1.0
-1.0
46.9373
-1.0
-1.0
-1.0
-1.0
-1.0
-1.0
-1.0
-1.0
-1.0
-1.0
-1.0
-1.0
49.4981
-1.0
32.8665
-1.0
-1.0
-1.0
-1.0
-1.0
39.5934
49.568
-1.0
-1.0
-1.0
34.6281
39.2931
-1.0
-1.0
-1.0
41.4539
49.0031
-1.0
-1.0
-1.0
-1.0
-1.0
-1.0
-1.0
51.9729
-1.0
-1.0
-1.0
-1.0
-1.0
-1.0
45.9602
-1.0
52.6653
-1.0
-1.0
44.118
-1.0
-1.0
-1.0
-1.0
52.285
-1.0
-1.0
28.9496
40.6113
-1.0
-1.0
-1.0
-1.0
-1.0
-1.0
-1.0
41.247
50.3386
-1.0
-1.0
-1.0
-1.0
32.6448
-1.0
-1.0
-1.0
-1.0
-1.0
-1.0
-1.0
7.10538
-1.0
-1.0
-1.0
19.5686
-1.0
-1.0
25.3791
-1.0
-1.0
-1.0
-1.0
-1.0
-1.0
-1.0
-1.0
-1.0
-1.0
-1.0
-1.0
-1.0
-1.0
-1.0
-1.0
-1.0
-1.0
40.359
23.4909
44.7326
-1.0
-1.0
-1.0
20.5214
-1.0
-1.0
-1.0
-1.0
-1.0
-1.0
24.0511
-1.0
-1.0
46.961
31.8927
-1.0
-1.0
-1.0
-1.0
-1.0
-1.0
-1.0
-1.0
-1.0
-1.0
-1.0
-1.0
-1.0
-1.0
-1.0
-1.0
-1.0
-1.0
11.7762
-1.0
-1.0
-1.0
-1.0
-1.0
-1.0
-1.0
-1.0
-1.0
38.2083
44.5694
-1.0
-1.0
44.6741
48.9723
14.104
-1.0
36.6967
25.378
-1.0
-1.0
-1.0
-1.0
-1.0
35.0118
-1.0
-1.0
34.8294
-1.0
-1.0
-1.0
-1.0
-1.0
48.4347
-1.0
-1.0
-1.0
-1.0
-1.0
28.2305
-1.0
-1.0
14.9998
32.944
-1.0
-1.0
31.4568
-1.0
39.9883
-1.0
-1.0
-1.0
-1.0
-1.0
-1.0
45.7045
-1.0
-1.0
47.4188
-1.0
-1.0
-1.0
47.4793
-1.0
51.3247
-1.0
-1.0
-1.0
-1.0
-1.0
-1.0
-1.0
37.0277
-1.0
-1.0
-1.0
-1.0
-1.0
-1.0
-1.0
-1.0
47.9477
-1.0
-1.0
-1.0
-1.0
27.0112
-1.0
-1.0
-1.0
-1.0
-1.0
-1.0
-1.0
-1.0
-1.0
-1.0
-1.0
-1.0
46.6579
-1.0
-1.0
-1.0
35.0828
-1.0
-1.0
-1.0
37.998
-1.0
-1.0
-1.0
39.4271
-1.0
-1.0
-1.0
-1.0
-1.0
-1.0
-1.0
-1.0
-1.0
-1.0
-1.0
-1.0
-1.0
35.8825
-1.0
37.2019
-1.0
40.5293
28.9224
-1.0
-1.0
-1.0
42.772
-1.0
-1.0
-1.0
-1.0
-1.0
-1.0
-1.0
31.972
-1.0
-1.0
32.7625
-1.0
-1.0
-1.0
-1.0
-1.0
-1.0
-1.0
-1.0
-1.0
-1.0
-1.0
-1.0
-1.0
-1.0
35.9566
-1.0
-1.0
-1.0
48.3933
-1.0
37.6961
-1.0
-1.0
-1.0
-1.0
-1.0
-1.0
-1.0
48.3884
-1.0
-1.0
-1.0
-1.0
-1.0
-1.0
-1.0
-1.0
-1.0
-1.0
49.973
-1.0
-1.0
-1.0
-1.0
44.8355
-1.0
-1.0
-1.0
-1.0
-1.0
-1.0
-1.0
26.7281
-1.0
-1.0
-1.0
-1.0
-1.0
-1.0
-1.0
44.0695
-1.0
-1.0
-1.0
-1.0
-1.0
-1.0
-1.0
-1.0
-1.0
-1.0
-1.0
-1.0
-1.0
-1.0
-1.0
13.9666
-1.0
36.8745
10.6143
-1.0
-1.0
28.8722
-1.0
-1.0
-1.0
-1.0
-1.0
-1.0
-1.0
-1.0
-1.0
47.1023
-1.0
-1.0
-1.0
-1.0
-1.0
-1.0
28.2664
-1.0
-1.0
-1.0
26.2992
-1.0
-1.0
-1.0
-1.0
-1.0
36.2783
-1.0
-1.0
-1.0
-1.0
-1.0
-1.0
16.2438
-1.0
35.6629
-1.0
14.0802
-1.0
-1.0
-1.0
50.7722
-1.0
-1.0
-1.0
-1.0
-1.0
-1.0
28.2866
31.7967
-1.0
-1.0
-1.0
-1.0
-1.0
-1.0
-1.0
-1.0
-1.0
-1.0
-1.0
49.3817
-1.0
-1.0
-1.0
43.2145
-1.0
-1.0
49.9334
-1.0
-1.0
-1.0
-1.0
-1.0
30.7314
-1.0
34.3067
-1.0
-1.0
-1.0
50.6045
-1.0
-1.0
-1.0
-1.0
-1.0
23.4758
23.1419
-1.0
-1.0
-1.0
41.0984
-1.0
-1.0
-1.0
-1.0
-1.0
-1.0
-1.0
47.6167
34.9421
-1.0
-1.0
-1.0
-1.0
-1.0
-1.0
49.0471
-1.0
-1.0
-1.0
-1.0
-1.0
-1.0
-1.0
-1.0
-1.0
44.4723
-1.0
20.3194
-1.0
-1.0
-1.0
-1.0
-1.0
-1.0
-1.0
-1.0
-1.0
-1.0
-1.0
-1.0
44.7256
-1.0
33.6367
-1.0
-1.0
-1.0
-1.0
50.3493
16.2097
48.9771
-1.0
-1.0
-1.0
42.7822
-1.0
20.9868
-1.0
-1.0
35.6844
-1.0
13.3611
37.2841
-1.0
-1.0
-1.0
31.6028
-1.0
-1.0
-1.0
-1.0
-1.0
-1.0
-1.0
13.7686
-1.0
-1.0
-1.0
48.908
-1.0
46.5553
-1.0
-1.0
-1.0
-1.0
28.748
42.4671
40.1004
34.0993
40.0735
-1.0
-1.0
-1.0
-1.0
24.3416
-1.0
13.7752
50.8783
-1.0
-1.0
12.1447
-1.0
-1.0
-1.0
-1.0
32.2777
-1.0
-1.0
-1.0
-1.0
-1.0
27.5128
-1.0
-1.0
-1.0
-1.0
-1.0
-1.0
-1.0
-1.0
-1.0
-1.0
-1.0
-1.0
-1.0
-1.0
-1.0
-1.0
-1.0
-1.0
-1.0
46.3102
-1.0
38.1434
-1.0
-1.0
-1.0
-1.0
-1.0
-1.0
48.9427
-1.0
-1.0
39.92
-1.0
49.4237
-1.0
-1.0
-1.0
-1.0
42.5503
-1.0
-1.0
-1.0
30.5323
-1.0
-1.0
48.6155
-1.0
-1.0
-1.0
-1.0
47.6488
29.2251
-1.0
-1.0
-1.0
-1.0
-1.0
-1.0
-1.0
45.9393
-1.0
-1.0
-1.0
-1.0
-1.0
36.3994
-1.0
-1.0
-1.0
-1.0
44.6326
-1.0
-1.0
-1.0
34.4122
25.0461
-1.0
-1.0
-1.0
-1.0
48.814
26.0881
-1.0
-1.0
-1.0
-1.0
-1.0
-1.0
-1.0
37.3729
49.0655
11.8545
-1.0
38.9858
49.8506
-1.0
-1.0
-1.0
-1.0
39.8664
29.8015
-1.0
-1.0
-1.0
-1.0
-1.0
42.986
-1.0
-1.0
-1.0
-1.0
52.6612
-1.0
-1.0
33.0383
-1.0
-1.0
-1.0
-1.0
-1.0
29.3792
-1.0
49.657
-1.0
-1.0
-1.0
-1.0
-1.0
-1.0
29.6638
-1.0
-1.0
-1.0
-1.0
25.4806
-1.0
-1.0
-1.0
-1.0
-1.0
-1.0
-1.0
-1.0
-1.0
50.6004
-1.0
-1.0
-1.0
30.7051
-1.0
-1.0
-1.0
-1.0
-1.0
-1.0
-1.0
-1.0
-1.0
-1.0
-1.0
-1.0
-1.0
-1.0
38.998
-1.0
28.687
-1.0
-1.0
-1.0
-1.0
-1.0
-1.0
33.853
-1.0
-1.0
-1.0
-1.0
-1.0
-1.0
49.9462
-1.0
-1.0
-1.0
-1.0
-1.0
-1.0
48.1236
-1.0
-1.0
-1.0
-1.0
-1.0
-1.0
-1.0
-1.0
-1.0
-1.0
48.0308
37.0645
-1.0
-1.0
-1.0
-1.0
-1.0
-1.0
-1.0
-1.0
38.9393
-1.0
-1.0
-1.0
40.2287
-1.0
-1.0
-1.0
-1.0
-1.0
-1.0
-1.0
51.9886
-1.0
-1.0
-1.0
-1.0
-1.0
-1.0
-1.0
-1.0
-1.0
-1.0
-1.0
-1.0
-1.0
48.687
-1.0
23.8221
23.5277
-1.0
-1.0
-1.0
28.6365
-1.0
-1.0
42.301
-1.0
-1.0
-1.0
-1.0
-1.0
-1.0
-1.0
-1.0
33.3028
-1.0
-1.0
-1.0
-1.0
-1.0
-1.0
-1.0
48.8152
-1.0
-1.0
-1.0
-1.0
48.3074
36.5025
-1.0
-1.0
-1.0
-1.0
-1.0
-1.0
-1.0
-1.0
-1.0
-1.0
-1.0
-1.0
-1.0
-1.0
-1.0
-1.0
-1.0
-1.0
-1.0
-1.0
-1.0
44.9633
-1.0
-1.0
-1.0
-1.0
-1.0
-1.0
44.178
-1.0
-1.0
-1.0
-1.0
-1.0
-1.0
-1.0
29.9195
-1.0
-1.0
-1.0
-1.0
14.3186
-1.0
26.5543
-1.0
-1.0
-1.0
-1.0
-1.0
-1.0
34.3424
-1.0
-1.0
-1.0
-1.0
15.0962
-1.0
-1.0
-1.0
-1.0
-1.0
44.1037
-1.0
-1.0
-1.0
-1.0
-1.0
-1.0
-1.0
-1.0
40.1314
-1.0
32.1902
-1.0
-1.0
51.0885
50.7438
-1.0
-1.0
-1.0
17.6181
-1.0
-1.0
-1.0
-1.0
-1.0
-1.0
-1.0
26.6105
-1.0
-1.0
-1.0
-1.0
34.6758
48.2849
-1.0
-1.0
-1.0
42.2849
36.8832
-1.0
-1.0
-1.0
-1.0
-1.0
-1.0
-1.0
-1.0
-1.0
33.6322
-1.0
-1.0
-1.0
23.042
-1.0
-1.0
-1.0
-1.0
-1.0
31.0821
-1.0
38.1309
-1.0
-1.0
-1.0
-1.0
22.3229
-1.0
-1.0
31.6038
40.8256
46.1871
19.53
-1.0
-1.0
-1.0
-1.0
32.5715
-1.0
47.9486
40.1445
-1.0
-1.0
-1.0
-1.0
-1.0
30.7881
-1.0
-1.0
-1.0
-1.0
28.1944
-1.0
-1.0
-1.0
-1.0
52.1134
26.9111
-1.0
-1.0
-1.0
39.6608
-1.0
-1.0
-1.0
-1.0
-1.0
41.6453
-1.0
-1.0
-1.0
-1.0
30.4506
-1.0
-1.0
-1.0
16.4127
-1.0
-1.0
-1.0
-1.0
40.4516
-1.0
-1.0
26.3046
-1.0
-1.0
44.2454
-1.0
51.4535
-1.0
-1.0
-1.0
-1.0
-1.0
-1.0
-1.0
-1.0
39.2453
-1.0
8.80445
50.797
-1.0
51.6398
-1.0
-1.0
-1.0
-1.0
-1.0
-1.0
-1.0
-1.0
-1.0
-1.0
40.99
44.4468
-1.0
-1.0
-1.0
-1.0
-1.0
-1.0
-1.0
44.9387
26.4777
-1.0
-1.0
-1.0
45.785
-1.0
-1.0
-1.0
-1.0
-1.0
-1.0
-1.0
-1.0
47.3797
-1.0
46.2237
-1.0
36.5638
-1.0
-1.0
22.4607
-1.0
-1.0
-1.0
-1.0
-1.0
37.7263
-1.0
-1.0
-1.0
41.9127
-1.0
-1.0
-1.0
-1.0
32.3222
-1.0
-1.0
-1.0
-1.0
-1.0
-1.0
-1.0
-1.0
-1.0
-1.0
-1.0
-1.0
-1.0
19.3956
-1.0
-1.0
-1.0
50.9267
-1.0
-1.0
-1.0
28.0138
-1.0
-1.0
-1.0
-1.0
-1.0
-1.0
50.9613
-1.0
-1.0
-1.0
-1.0
40.2641
-1.0
-1.0
-1.0
51.5781
35.2638
-1.0
-1.0
-1.0
-1.0
-1.0
-1.0
45.3188
-1.0
48.8025
-1.0
36.8704
-1.0
-1.0
-1.0
-1.0
-1.0
29.8223
-1.0
-1.0
-1.0
-1.0
-1.0
25.2657
-1.0
-1.0
-1.0
-1.0
-1.0
-1.0
-1.0
35.0683
-1.0
-1.0
-1.0
-1.0
32.8426
-1.0
-1.0
-1.0
29.7479
-1.0
-1.0
43.5207
-1.0
-1.0
49.7064
-1.0
-1.0
-1.0
-1.0
-1.0
-1.0
-1.0
-1.0
-1.0
37.8902
-1.0
-1.0
-1.0
30.0791
-1.0
-1.0
-1.0
48.7794
-1.0
-1.0
-1.0
-1.0
-1.0
-1.0
-1.0
-1.0
-1.0
-1.0
-1.0
32.539
-1.0
-1.0
-1.0
-1.0
-1.0
-1.0
-1.0
-1.0
-1.0
-1.0
-1.0
-1.0
-1.0
-1.0
-1.0
-1.0
-1.0
-1.0
-1.0
-1.0
-1.0
-1.0
-1.0
-1.0
38.3395
-1.0
-1.0
44.5068
-1.0
41.7765
38.0118
-1.0
-1.0
-1.0
-1.0
-1.0
-1.0
-1.0
-1.0
-1.0
-1.0
-1.0
-1.0
-1.0
30.497
33.1664
-1.0
-1.0
-1.0
-1.0
-1.0
-1.0
43.0669
-1.0
41.5772
-1.0
-1.0
-1.0
33.4764
-1.0
-1.0
-1.0
-1.0
-1.0
-1.0
-1.0
-1.0
27.8183
-1.0
-1.0
46.1995
19.6444
-1.0
-1.0
-1.0
-1.0
-1.0
-1.0
-1.0
21.8172
16.6143
-1.0
-1.0
-1.0
44.3358
-1.0
-1.0
39.7128
-1.0
-1.0
44.0819
-1.0
-1.0
-1.0
-1.0
-1.0
-1.0
-1.0
-1.0
-1.0
-1.0
-1.0
33.3704
-1.0
-1.0
-1.0
48.8174
-1.0
-1.0
-1.0
-1.0
-1.0
-1.0
-1.0
-1.0
24.3367
-1.0
-1.0
-1.0
-1.0
-1.0
-1.0
-1.0
-1.0
-1.0
-1.0
-1.0
-1.0
-1.0
39.8641
-1.0
-1.0
-1.0
-1.0
-1.0
-1.0
-1.0
-1.0
-1.0
-1.0
-1.0
-1.0
-1.0
-1.0
-1.0
-1.0
-1.0
-1.0
42.1296
-1.0
-1.0
45.9959
-1.0
-1.0
-1.0
-1.0
-1.0
-1.0
-1.0
-1.0
-1.0
-1.0
-1.0
-1.0
-1.0
-1.0
22.4681
-1.0
-1.0
-1.0
-1.0
-1.0
-1.0
-1.0
-1.0
-1.0
50.4567
-1.0
-1.0
-1.0
-1.0
-1.0
-1.0
-1.0
44.546
49.7978
-1.0
-1.0
31.9048
-1.0
35.2195
-1.0
-1.0
-1.0
-1.0
-1.0
46.1358
-1.0
-1.0
-1.0
-1.0
-1.0
33.8267
42.2104
-1.0
-1.0
22.6251
40.0078
-1.0
-1.0
-1.0
49.6983
-1.0
-1.0
-1.0
-1.0
-1.0
-1.0
-1.0
-1.0
-1.0
-1.0
-1.0
-1.0
41.9419
25.8437
-1.0
-1.0
48.9619
-1.0
50.2507
51.9129
-1.0
-1.0
-1.0
-1.0
-1.0
-1.0
-1.0
27.6446
-1.0
20.2318
-1.0
-1.0
-1.0
-1.0
24.9617
-1.0
48.2453
-1.0
-1.0
51.9844
-1.0
-1.0
-1.0
-1.0
-1.0
-1.0
33.882
-1.0
-1.0
43.5767
-1.0
43.7363
19.6069
-1.0
35.1254
-1.0
35.7163
-1.0
-1.0
-1.0
-1.0
-1.0
-1.0
-1.0
47.1394
-1.0
43.1243
-1.0
-1.0
-1.0
32.3166
-1.0
-1.0
-1.0
-1.0
-1.0
-1.0
-1.0
38.2252
-1.0
-1.0
29.0816
51.9864
-1.0
-1.0
-1.0
-1.0
-1.0
44.5189
-1.0
-1.0
-1.0
-1.0
-1.0
34.2064
-1.0
47.2988
-1.0
40.1618
-1.0
-1.0
-1.0
-1.0
30.1682
-1.0
-1.0
42.9405
-1.0
7.10248
-1.0
-1.0
-1.0
-1.0
-1.0
-1.0
50.4431
-1.0
-1.0
-1.0
-1.0
48.5287
-1.0
41.5578
-1.0
-1.0
-1.0
-1.0
-1.0
-1.0
-1.0
-1.0
-1.0
-1.0
-1.0
-1.0
-1.0
-1.0
-1.0
48.6056
-1.0
-1.0
-1.0
23.8121
45.793
-1.0
-1.0
-1.0
-1.0
-1.0
-1.0
39.3336
-1.0
24.5181
-1.0
48.3895
-1.0
-1.0
-1.0
-1.0
-1.0
28.7905
-1.0
-1.0
42.871
-1.0
49.5932
-1.0
-1.0
-1.0
45.9312
-1.0
18.0858
-1.0
-1.0
-1.0
-1.0
-1.0
-1.0
46.7038
-1.0
11.9537
-1.0
-1.0
-1.0
-1.0
-1.0
-1.0
20.1019
-1.0
-1.0
14.6163
30.8144
-1.0
-1.0
-1.0
-1.0
45.9021
-1.0
-1.0
-1.0
32.5579
39.5167
26.7995
21.6531
-1.0
-1.0
-1.0
-1.0
-1.0
-1.0
-1.0
-1.0
44.4951
18.1323
41.0455
-1.0
-1.0
-1.0
-1.0
-1.0
-1.0
-1.0
28.7385
-1.0
39.5091
42.6242
-1.0
-1.0
34.1835
-1.0
43.9213
-1.0
-1.0
42.5479
41.5916
-1.0
-1.0
-1.0
-1.0
-1.0
49.8978
-1.0
-1.0
-1.0
-1.0
-1.0
41.1728
-1.0
-1.0
8.35179
36.4114
51.2336
-1.0
-1.0
47.6017
52.6355
-1.0
-1.0
-1.0
-1.0
-1.0
-1.0
-1.0
49.7144
-1.0
-1.0
-1.0
-1.0
-1.0
-1.0
-1.0
-1.0
-1.0
44.5699
-1.0
-1.0
-1.0
-1.0
38.6748
-1.0
-1.0
-1.0
-1.0
-1.0
-1.0
-1.0
-1.0
-1.0
34.9469
-1.0
-1.0
-1.0
-1.0
-1.0
-1.0
-1.0
-1.0
-1.0
-1.0
-1.0
-1.0
50.2962
-1.0
-1.0
-1.0
-1.0
-1.0
50.4551
51.7495
-1.0
-1.0
-1.0
19.7211
-1.0
-1.0
-1.0
39.0997
-1.0
-1.0
9.71518
-1.0
-1.0
-1.0
-1.0
-1.0
-1.0
43.6803
49.5915
46.9437
-1.0
34.5359
-1.0
-1.0
-1.0
-1.0
35.3052
-1.0
35.1301
-1.0
49.0069
-1.0
-1.0
-1.0
-1.0
-1.0
-1.0
-1.0
-1.0
-1.0
-1.0
-1.0
-1.0
-1.0
-1.0
37.3907
-1.0
-1.0
-1.0
33.9104
-1.0
-1.0
-1.0
38.4244
-1.0
-1.0
-1.0
-1.0
-1.0
-1.0
-1.0
-1.0
49.8657
-1.0
14.3684
-1.0
-1.0
-1.0
-1.0
36.9933
-1.0
-1.0
35.2926
22.5556
-1.0
-1.0
-1.0
-1.0
-1.0
-1.0
-1.0
-1.0
26.6986
-1.0
-1.0
49.4574
52.1174
-1.0
-1.0
28.4968
-1.0
-1.0
-1.0
-1.0
-1.0
-1.0
-1.0
-1.0
-1.0
-1.0
-1.0
-1.0
-1.0
-1.0
-1.0
-1.0
-1.0
-1.0
-1.0
-1.0
-1.0
49.4045
46.8716
33.8035
-1.0
-1.0
-1.0
-1.0
47.1104
-1.0
49.4786
-1.0
44.498
25.1408
-1.0
-1.0
-1.0
-1.0
-1.0
-1.0
-1.0
-1.0
44.9004
22.8231
-1.0
-1.0
24.3086
-1.0
-1.0
-1.0
48.801
-1.0
-1.0
-1.0
-1.0
-1.0
-1.0
-1.0
-1.0
-1.0
-1.0
-1.0
48.2447
29.6017
-1.0
-1.0
-1.0
-1.0
-1.0
-1.0
-1.0
-1.0
-1.0
7.0354
-1.0
-1.0
-1.0
-1.0
-1.0
-1.0
32.3241
-1.0
28.0178
-1.0
-1.0
-1.0
-1.0
33.1549
24.8198
-1.0
-1.0
-1.0
-1.0
-1.0
-1.0
-1.0
-1.0
-1.0
-1.0
45.8767
-1.0
-1.0
-1.0
-1.0
-1.0
-1.0
-1.0
15.3289
-1.0
-1.0
-1.0
-1.0
27.6557
-1.0
-1.0
-1.0
-1.0
-1.0
-1.0
-1.0
-1.0
-1.0
-1.0
-1.0
36.4845
-1.0
-1.0
-1.0
-1.0
-1.0
-1.0
-1.0
24.6059
-1.0
-1.0
36.7831
-1.0
-1.0
-1.0
20.2198
-1.0
-1.0
-1.0
51.457
44.8479
-1.0
-1.0
-1.0
-1.0
-1.0
38.7597
28.0067
-1.0
-1.0
-1.0
-1.0
21.6684
-1.0
-1.0
-1.0
47.957
-1.0
-1.0
21.0259
-1.0
52.567
-1.0
43.3582
-1.0
-1.0
-1.0
-1.0
-1.0
-1.0
-1.0
-1.0
-1.0
-1.0
9.47552
-1.0
-1.0
19.5975
24.9334
-1.0
41.2604
-1.0
-1.0
7.51253
11.8929
26.0361
-1.0
-1.0
-1.0
-1.0
-1.0
-1.0
-1.0
14.843
-1.0
-1.0
49.7911
-1.0
-1.0
45.0317
-1.0
-1.0
29.7992
18.6024
-1.0
-1.0
-1.0
-1.0
24.4678
-1.0
-1.0
-1.0
-1.0
-1.0
-1.0
-1.0
-1.0
-1.0
-1.0
-1.0
-1.0
-1.0
35.2694
-1.0
-1.0
-1.0
51.1086
-1.0
-1.0
-1.0
39.3414
-1.0
-1.0
-1.0
-1.0
-1.0
-1.0
-1.0
-1.0
36.1445
-1.0
-1.0
-1.0
-1.0
-1.0
-1.0
-1.0
-1.0
-1.0
-1.0
-1.0
-1.0
-1.0
-1.0
-1.0
-1.0
51.2264
-1.0
-1.0
-1.0
-1.0
-1.0
-1.0
-1.0
33.8073
31.1381
-1.0
-1.0
-1.0
-1.0
-1.0
-1.0
-1.0
-1.0
-1.0
-1.0
-1.0
-1.0
45.3615
-1.0
-1.0
-1.0
-1.0
-1.0
-1.0
-1.0
35.312
-1.0
-1.0
23.8024
-1.0
51.659
-1.0
-1.0
-1.0
-1.0
-1.0
-1.0
-1.0
-1.0
37.759
-1.0
-1.0
-1.0
30.3323
40.2125
-1.0
-1.0
-1.0
-1.0
-1.0
44.3149
36.268
-1.0
-1.0
49.9861
-1.0
-1.0
-1.0
33.2933
-1.0
-1.0
-1.0
42.3514
-1.0
26.5511
-1.0
-1.0
-1.0
-1.0
-1.0
-1.0
-1.0
-1.0
-1.0
-1.0
-1.0
41.3687
-1.0
49.4915
42.3503
-1.0
-1.0
-1.0
-1.0
-1.0
-1.0
-1.0
-1.0
-1.0
10.3579
45.9452
-1.0
-1.0
-1.0
44.426
-1.0
-1.0
-1.0
-1.0
-1.0
-1.0
48.1324
-1.0
-1.0
-1.0
-1.0
-1.0
42.4884
-1.0
-1.0
-1.0
-1.0
38.693
-1.0
29.6628
-1.0
-1.0
-1.0
-1.0
-1.0
-1.0
-1.0
-1.0
-1.0
-1.0
-1.0
-1.0
-1.0
-1.0
-1.0
-1.0
-1.0
-1.0
-1.0
-1.0
22.5675
43.962
-1.0
-1.0
-1.0
-1.0
-1.0
-1.0
-1.0
-1.0
-1.0
-1.0
-1.0
40.5129
-1.0
-1.0
-1.0
-1.0
-1.0
-1.0
-1.0
-1.0
-1.0
-1.0
-1.0
-1.0
47.4921
31.8041
-1.0
-1.0
-1.0
-1.0
-1.0
-1.0
-1.0
-1.0
-1.0
-1.0
48.7047
-1.0
-1.0
-1.0
-1.0
-1.0
-1.0
-1.0
-1.0
-1.0
-1.0
-1.0
-1.0
27.05
-1.0
-1.0
24.8915
-1.0
-1.0
-1.0
-1.0
33.0817
-1.0
41.2446
-1.0
-1.0
-1.0
-1.0
31.3741
-1.0
-1.0
-1.0
-1.0
47.5641
-1.0
-1.0
32.7226
27.5624
-1.0
-1.0
51.4752
-1.0
-1.0
33.2921
-1.0
-1.0
42.0037
40.4521
-1.0
-1.0
-1.0
-1.0
-1.0
-1.0
-1.0
-1.0
-1.0
27.1957
-1.0
-1.0
-1.0
-1.0
-1.0
34.2948
-1.0
-1.0
-1.0
-1.0
-1.0
-1.0
-1.0
-1.0
-1.0
-1.0
-1.0
-1.0
-1.0
-1.0
-1.0
-1.0
-1.0
-1.0
-1.0
-1.0
-1.0
-1.0
-1.0
12.3782
-1.0
-1.0
-1.0
-1.0
-1.0
-1.0
-1.0
-1.0
-1.0
-1.0
45.4314
-1.0
32.2002
-1.0
-1.0
-1.0
31.9784
-1.0
-1.0
-1.0
-1.0
-1.0
-1.0
22.1072
-1.0
-1.0
-1.0
-1.0
-1.0
30.8946
-1.0
31.3749
-1.0
-1.0
-1.0
46.8764
-1.0
-1.0
-1.0
37.7427
-1.0
-1.0
-1.0
-1.0
-1.0
-1.0
-1.0
-1.0
38.3715
39.8271
-1.0
-1.0
30.4468
-1.0
-1.0
49.1109
-1.0
-1.0
49.2461
-1.0
38.3569
-1.0
-1.0
-1.0
-1.0
37.7029
-1.0
-1.0
21.409
31.8879
-1.0
-1.0
-1.0
-1.0
-1.0
34.3153
-1.0
-1.0
-1.0
-1.0
-1.0
-1.0
-1.0
-1.0
50.4357
25.0151
-1.0
-1.0
-1.0
-1.0
49.873
-1.0
16.5582
-1.0
-1.0
35.6234
32.8185
-1.0
27.5397
-1.0
-1.0
-1.0
-1.0
43.3255
-1.0
-1.0
-1.0
38.8569
38.5706
28.875
-1.0
-1.0
-1.0
30.5138
-1.0
-1.0
-1.0
-1.0
-1.0
-1.0
-1.0
-1.0
-1.0
-1.0
-1.0
19.7132
-1.0
-1.0
-1.0
25.0248
-1.0
-1.0
-1.0
-1.0
-1.0
16.933
-1.0
37.6389
-1.0
-1.0
-1.0
42.1604
-1.0
-1.0
43.8329
-1.0
-1.0
-1.0
-1.0
-1.0
-1.0
30.6267
39.6878
-1.0
-1.0
-1.0
-1.0
-1.0
-1.0
-1.0
-1.0
-1.0
-1.0
-1.0
-1.0
52.014
26.9768
-1.0
-1.0
-1.0
-1.0
-1.0
-1.0
-1.0
-1.0
-1.0
-1.0
-1.0
-1.0
-1.0
37.9987
21.9065
-1.0
-1.0
-1.0
-1.0
-1.0
-1.0
-1.0
34.4447
-1.0
-1.0
-1.0
-1.0
-1.0
-1.0
-1.0
37.1671
29.3357
-1.0
-1.0
-1.0
-1.0
-1.0
-1.0
-1.0
-1.0
-1.0
-1.0
-1.0
-1.0
-1.0
-1.0
42.8795
-1.0
-1.0
41.9438
34.9295
-1.0
12.6437
25.9716
-1.0
-1.0
-1.0
-1.0
-1.0
-1.0
-1.0
-1.0
-1.0
-1.0
-1.0
-1.0
-1.0
-1.0
-1.0
-1.0
-1.0
51.1333
-1.0
-1.0
14.5164
-1.0
-1.0
-1.0
-1.0
-1.0
-1.0
-1.0
17.1809
-1.0
51.7758
-1.0
-1.0
-1.0
-1.0
-1.0
38.6421
14.274
-1.0
-1.0
-1.0
32.8725
-1.0
-1.0
-1.0
42.9802
-1.0
-1.0
-1.0
-1.0
-1.0
-1.0
38.6832
29.8413
-1.0
-1.0
-1.0
-1.0
-1.0
45.6836
30.3436
-1.0
-1.0
-1.0
-1.0
-1.0
-1.0
-1.0
-1.0
-1.0
-1.0
47.7164
-1.0
-1.0
-1.0
34.0328
-1.0
-1.0
46.4967
42.8093
-1.0
33.3655
-1.0
-1.0
-1.0
-1.0
-1.0
-1.0
-1.0
35.2754
-1.0
33.5422
-1.0
52.0793
-1.0
-1.0
-1.0
-1.0
-1.0
48.462
-1.0
-1.0
35.2405
-1.0
-1.0
41.4484
35.0102
24.6795
29.1075
-1.0
-1.0
-1.0
44.8404
-1.0
-1.0
45.1325
-1.0
-1.0
39.3738
-1.0
-1.0
45.0214
47.1174
51.129
-1.0
-1.0
-1.0
-1.0
-1.0
-1.0
-1.0
-1.0
-1.0
-1.0
-1.0
-1.0
-1.0
-1.0
-1.0
-1.0
-1.0
49.5452
-1.0
-1.0
-1.0
-1.0
-1.0
-1.0
-1.0
-1.0
-1.0
-1.0
29.2253
26.7704
46.3363
-1.0
-1.0
-1.0
-1.0
-1.0
-1.0
-1.0
-1.0
-1.0
-1.0
-1.0
-1.0
25.366
-1.0
-1.0
-1.0
35.7303
-1.0
45.3359
-1.0
-1.0
-1.0
-1.0
-1.0
41.5445
-1.0
-1.0
-1.0
-1.0
-1.0
43.7315
-1.0
-1.0
-1.0
-1.0
-1.0
-1.0
-1.0
-1.0
-1.0
-1.0
48.8964
-1.0
29.6589
-1.0
-1.0
-1.0
-1.0
-1.0
-1.0
-1.0
-1.0
-1.0
-1.0
-1.0
-1.0
-1.0
25.4023
-1.0
-1.0
-1.0
-1.0
-1.0
-1.0
-1.0
-1.0
-1.0
-1.0
-1.0
-1.0
-1.0
-1.0
-1.0
29.6096
-1.0
-1.0
21.9779
46.0381
-1.0
-1.0
-1.0
-1.0
37.4214
-1.0
-1.0
-1.0
-1.0
-1.0
-1.0
-1.0
47.0222
33.3109
-1.0
-1.0
-1.0
-1.0
-1.0
28.7748
26.5397
33.2866
-1.0
-1.0
25.5913
36.0424
-1.0
-1.0
-1.0
-1.0
41.7442
16.764
-1.0
-1.0
-1.0
19.7381
35.2669
-1.0
-1.0
41.1629
20.2183
-1.0
-1.0
-1.0
-1.0
-1.0
-1.0
-1.0
-1.0
-1.0
11.586
45.045
-1.0
-1.0
-1.0
-1.0
-1.0
-1.0
-1.0
-1.0
-1.0
-1.0
-1.0
-1.0
-1.0
-1.0
-1.0
28.9413
-1.0
-1.0
-1.0
-1.0
-1.0
-1.0
-1.0
30.7175
-1.0
27.9342
-1.0
-1.0
49.3116
-1.0
-1.0
-1.0
21.5147
48.7652
-1.0
51.0127
-1.0
-1.0
-1.0
-1.0
-1.0
-1.0
-1.0
-1.0
-1.0
-1.0
-1.0
-1.0
-1.0
-1.0
-1.0
-1.0
-1.0
33.8843
40.714
-1.0
-1.0
-1.0
-1.0
33.6613
-1.0
-1.0
-1.0
-1.0
-1.0
25.3378
-1.0
-1.0
-1.0
-1.0
-1.0
40.732
-1.0
-1.0
-1.0
-1.0
-1.0
42.2241
-1.0
-1.0
-1.0
-1.0
-1.0
-1.0
-1.0
-1.0
20.8965
-1.0
-1.0
27.3272
47.5123
-1.0
-1.0
15.9626
-1.0
-1.0
-1.0
25.6118
-1.0
39.2716
-1.0
-1.0
-1.0
17.1968
-1.0
-1.0
-1.0
-1.0
-1.0
-1.0
22.8187
-1.0
-1.0
-1.0
-1.0
-1.0
-1.0
-1.0
-1.0
44.5747
-1.0
-1.0
-1.0
42.3796
-1.0
-1.0
-1.0
-1.0
-1.0
50.4283
-1.0
-1.0
-1.0
-1.0
-1.0
-1.0
-1.0
19.9385
33.7587
-1.0
46.4213
-1.0
-1.0
-1.0
37.8594
-1.0
-1.0
-1.0
-1.0
-1.0
46.7941
-1.0
40.8886
-1.0
-1.0
45.4593
-1.0
-1.0
-1.0
-1.0
-1.0
-1.0
-1.0
12.0782
43.2807
49.0445
-1.0
-1.0
-1.0
35.2245
30.0066
-1.0
28.4462
-1.0
-1.0
-1.0
-1.0
-1.0
-1.0
-1.0
-1.0
25.9535
-1.0
-1.0
51.1063
-1.0
31.0507
-1.0
40.7275
-1.0
-1.0
-1.0
-1.0
26.2421
-1.0
-1.0
-1.0
24.6266
13.6194
21.5567
-1.0
48.3072
26.3172
-1.0
-1.0
-1.0
-1.0
27.8263
-1.0
-1.0
39.3478
-1.0
-1.0
28.0158
-1.0
-1.0
-1.0
-1.0
43.3839
-1.0
49.8272
-1.0
-1.0
-1.0
-1.0
41.5413
46.1063
32.9028
42.3248
-1.0
38.9609
-1.0
-1.0
-1.0
49.3484
-1.0
-1.0
-1.0
-1.0
48.2821
16.3076
-1.0
40.0545
-1.0
-1.0
-1.0
-1.0
-1.0
27.5985
-1.0
-1.0
-1.0
-1.0
-1.0
-1.0
41.8279
-1.0
43.5583
-1.0
-1.0
-1.0
-1.0
-1.0
-1.0
-1.0
-1.0
-1.0
-1.0
-1.0
-1.0
-1.0
47.2379
-1.0
35.2877
-1.0
15.2813
-1.0
-1.0
-1.0
-1.0
51.6899
21.8035
-1.0
47.302
-1.0
-1.0
-1.0
-1.0
-1.0
-1.0
11.9169
-1.0
-1.0
-1.0
-1.0
-1.0
-1.0
-1.0
-1.0
-1.0
30.9172
30.8488
-1.0
-1.0
-1.0
-1.0
-1.0
-1.0
-1.0
-1.0
-1.0
-1.0
-1.0
-1.0
-1.0
41.1186
44.7198
-1.0
-1.0
-1.0
39.4918
-1.0
-1.0
-1.0
-1.0
42.289
-1.0
-1.0
37.0707
-1.0
-1.0
40.8296
-1.0
-1.0
-1.0
-1.0
-1.0
-1.0
-1.0
35.7754
-1.0
-1.0
19.3255
49.0104
39.9869
-1.0
-1.0
-1.0
-1.0
34.556
-1.0
-1.0
49.5934
-1.0
-1.0
-1.0
-1.0
-1.0
-1.0
-1.0
-1.0
-1.0
-1.0
-1.0
-1.0
-1.0
-1.0
-1.0
-1.0
-1.0
-1.0
-1.0
-1.0
-1.0
-1.0
-1.0
-1.0
-1.0
-1.0
-1.0
-1.0
-1.0
33.2068
-1.0
-1.0
-1.0
33.5611
-1.0
-1.0
42.836
-1.0
-1.0
15.907
-1.0
-1.0
-1.0
-1.0
-1.0
-1.0
-1.0
-1.0
-1.0
-1.0
-1.0
-1.0
-1.0
-1.0
-1.0
-1.0
-1.0
-1.0
-1.0
-1.0
25.342
48.7974
-1.0
-1.0
32.8481
-1.0
-1.0
-1.0
42.7313
-1.0
-1.0
-1.0
-1.0
-1.0
-1.0
-1.0
-1.0
-1.0
-1.0
-1.0
-1.0
38.7685
-1.0
-1.0
32.1246
25.9938
-1.0
-1.0
-1.0
49.9496
-1.0
-1.0
-1.0
-1.0
-1.0
-1.0
-1.0
-1.0
-1.0
38.8288
37.4921
-1.0
-1.0
-1.0
-1.0
46.1755
39.7162
-1.0
-1.0
-1.0
-1.0
43.2363
-1.0
-1.0
-1.0
20.6892
-1.0
39.9811
-1.0
48.1165
-1.0
32.1962
51.3094
-1.0
-1.0
-1.0
-1.0
42.5637
-1.0
-1.0
51.5001
-1.0
26.3171
-1.0
-1.0
-1.0
-1.0
-1.0
-1.0
-1.0
-1.0
-1.0
-1.0
46.1289
-1.0
-1.0
32.5439
-1.0
-1.0
-1.0
31.4163
-1.0
-1.0
-1.0
-1.0
35.7073
-1.0
-1.0
31.0177
-1.0
-1.0
-1.0
-1.0
-1.0
43.0304
-1.0
-1.0
-1.0
-1.0
-1.0
-1.0
-1.0
-1.0
45.5298
-1.0
-1.0
42.5041
-1.0
-1.0
44.1825
-1.0
-1.0
-1.0
-1.0
-1.0
-1.0
-1.0
-1.0
-1.0
-1.0
-1.0
35.9872
45.9074
45.806
-1.0
-1.0
-1.0
-1.0
-1.0
37.6182
-1.0
46.3765
-1.0
32.2472
-1.0
-1.0
22.3448
-1.0
-1.0
30.0348
-1.0
-1.0
-1.0
-1.0
-1.0
-1.0
-1.0
-1.0
52.207
-1.0
39.69
-1.0
-1.0
-1.0
-1.0
-1.0
-1.0
40.9891
42.4689
29.8546
-1.0
-1.0
-1.0
45.9399
-1.0
19.0933
-1.0
-1.0
-1.0
-1.0
49.2646
-1.0
-1.0
-1.0
37.2264
-1.0
-1.0
29.5821
-1.0
34.5767
26.0404
-1.0
-1.0
-1.0
-1.0
-1.0
50.2077
-1.0
37.7632
-1.0
-1.0
-1.0
-1.0
-1.0
-1.0
-1.0
-1.0
51.6715
-1.0
-1.0
-1.0
-1.0
-1.0
25.0754
-1.0
-1.0
49.1495
17.2238
-1.0
38.4503
-1.0
-1.0
-1.0
45.7887
-1.0
-1.0
-1.0
-1.0
-1.0
-1.0
-1.0
-1.0
-1.0
-1.0
-1.0
-1.0
-1.0
46.1388
-1.0
-1.0
-1.0
-1.0
-1.0
16.7257
-1.0
-1.0
-1.0
-1.0
-1.0
-1.0
-1.0
-1.0
23.9385
-1.0
-1.0
-1.0
-1.0
-1.0
31.1349
29.9272
46.3014
-1.0
-1.0
-1.0
-1.0
45.1752
30.1326
-1.0
-1.0
-1.0
-1.0
-1.0
34.9677
-1.0
-1.0
-1.0
-1.0
-1.0
-1.0
-1.0
-1.0
-1.0
-1.0
-1.0
-1.0
-1.0
-1.0
-1.0
-1.0
-1.0
22.1465
-1.0
-1.0
-1.0
-1.0
-1.0
-1.0
-1.0
51.6111
-1.0
-1.0
26.2635
-1.0
-1.0
-1.0
44.0634
-1.0
45.9832
19.382
-1.0
-1.0
-1.0
36.9567
42.0599
50.6763
-1.0
-1.0
-1.0
-1.0
-1.0
47.2707
-1.0
-1.0
-1.0
-1.0
-1.0
-1.0
-1.0
-1.0
41.7634
-1.0
-1.0
-1.0
-1.0
-1.0
-1.0
-1.0
-1.0
-1.0
-1.0
-1.0
-1.0
-1.0
-1.0
49.5489
-1.0
-1.0
-1.0
-1.0
-1.0
-1.0
-1.0
-1.0
56.2241
-1.0
-1.0
-1.0
-1.0
-1.0
-1.0
-1.0
-1.0
42.2215
41.1522
37.853
-1.0
31.5283
-1.0
-1.0
-1.0
-1.0
-1.0
-1.0
-1.0
-1.0
48.6468
-1.0
-1.0
-1.0
-1.0
-1.0
31.4194
-1.0
-1.0
35.7127
-1.0
-1.0
-1.0
-1.0
-1.0
37.7663
-1.0
48.2999
50.151
-1.0
-1.0
31.1764
41.2907
-1.0
-1.0
-1.0
-1.0
40.3935
-1.0
44.2013
46.0913
-1.0
-1.0
-1.0
29.3456
-1.0
-1.0
-1.0
37.9257
-1.0
-1.0
-1.0
37.4836
-1.0
-1.0
-1.0
-1.0
6.74446
-1.0
-1.0
-1.0
-1.0
-1.0
-1.0
-1.0
-1.0
-1.0
-1.0
-1.0
32.7948
-1.0
48.4277
-1.0
-1.0
-1.0
-1.0
-1.0
45.0369
-1.0
44.6494
-1.0
35.4451
-1.0
-1.0
-1.0
-1.0
48.0514
-1.0
-1.0
-1.0
-1.0
16.0092
-1.0
-1.0
31.8532
-1.0
51.1017
-1.0
-1.0
-1.0
48.9586
-1.0
-1.0
-1.0
-1.0
-1.0
-1.0
-1.0
-1.0
-1.0
-1.0
-1.0
38.4788
32.6683
-1.0
-1.0
33.4097
-1.0
23.3928
45.5624
43.0384
51.1451
-1.0
-1.0
11.3577
-1.0
22.5879
-1.0
42.8629
40.2997
40.7483
39.4157
-1.0
-1.0
-1.0
-1.0
-1.0
-1.0
-1.0
-1.0
-1.0
46.3988
-1.0
-1.0
-1.0
-1.0
-1.0
-1.0
-1.0
32.7024
-1.0
23.8876
-1.0
-1.0
30.5986
-1.0
31.5614
-1.0
30.492
-1.0
-1.0
-1.0
-1.0
-1.0
-1.0
-1.0
-1.0
-1.0
-1.0
-1.0
-1.0
-1.0
-1.0
-1.0
-1.0
-1.0
-1.0
-1.0
41.7343
40.4181
25.8469
-1.0
-1.0
-1.0
-1.0
-1.0
-1.0
-1.0
-1.0
29.7223
-1.0
-1.0
-1.0
-1.0
-1.0
-1.0
51.0764
-1.0
36.603
46.7575
-1.0
-1.0
-1.0
-1.0
-1.0
-1.0
-1.0
-1.0
-1.0
-1.0
-1.0
-1.0
-1.0
-1.0
50.3966
-1.0
43.9645
17.812
-1.0
-1.0
49.7239
-1.0
31.6819
-1.0
-1.0
-1.0
-1.0
-1.0
-1.0
-1.0
-1.0
-1.0
-1.0
-1.0
52.263
-1.0
-1.0
27.7506
-1.0
-1.0
-1.0
-1.0
-1.0
-1.0
-1.0
46.9877
-1.0
-1.0
-1.0
-1.0
17.7369
-1.0
41.3899
-1.0
-1.0
39.0713
39.9471
-1.0
-1.0
-1.0
38.346
-1.0
-1.0
16.6176
-1.0
-1.0
-1.0
35.7641
-1.0
-1.0
-1.0
-1.0
42.338
-1.0
-1.0
-1.0
-1.0
41.5584
-1.0
-1.0
-1.0
-1.0
-1.0
-1.0
-1.0
30.9276
-1.0
-1.0
-1.0
-1.0
-1.0
-1.0
-1.0
49.4274
-1.0
-1.0
-1.0
-1.0
-1.0
-1.0
-1.0
-1.0
38.3278
28.8549
-1.0
25.2196
-1.0
-1.0
-1.0
-1.0
-1.0
-1.0
-1.0
-1.0
-1.0
34.5774
-1.0
-1.0
-1.0
-1.0
-1.0
-1.0
-1.0
-1.0
-1.0
-1.0
39.3988
-1.0
34.6517
-1.0
-1.0
-1.0
-1.0
-1.0
-1.0
-1.0
36.9664
-1.0
-1.0
-1.0
-1.0
-1.0
-1.0
-1.0
33.6176
45.1008
-1.0
42.7339
-1.0
-1.0
-1.0
-1.0
-1.0
-1.0
-1.0
41.1787
-1.0
16.7444
24.6555
-1.0
-1.0
-1.0
13.1142
9.67664
-1.0
39.3301
48.549
31.9327
46.1312
-1.0
-1.0
-1.0
-1.0
-1.0
-1.0
-1.0
-1.0
41.7717
-1.0
43.7853
19.4892
-1.0
32.9634
-1.0
-1.0
-1.0
-1.0
34.3594
-1.0
22.8841
40.4412
-1.0
-1.0
45.5702
-1.0
-1.0
-1.0
45.8457
-1.0
-1.0
-1.0
26.5393
-1.0
39.0106
39.9673
-1.0
-1.0
-1.0
-1.0
33.2931
-1.0
-1.0
-1.0
23.7506
-1.0
-1.0
-1.0
41.9213
-1.0
-1.0
-1.0
-1.0
-1.0
31.7379
-1.0
-1.0
34.0177
38.2527
-1.0
-1.0
-1.0
44.5304
-1.0
-1.0
31.9334
-1.0
-1.0
-1.0
24.4041
-1.0
-1.0
-1.0
50.0667
41.2634
-1.0
24.9271
35.0718
23.3214
50.0089
-1.0
-1.0
30.4036
-1.0
-1.0
-1.0
31.5737
-1.0
42.3769
-1.0
34.7481
39.5372
46.0597
-1.0
-1.0
-1.0
44.9174
-1.0
-1.0
-1.0
-1.0
-1.0
-1.0
-1.0
-1.0
41.8291
-1.0
40.2256
29.9304
-1.0
-1.0
-1.0
42.5375
-1.0
-1.0
-1.0
-1.0
-1.0
55.1619
-1.0
42.8747
-1.0
-1.0
-1.0
-1.0
-1.0
-1.0
-1.0
-1.0
9.84045
-1.0
-1.0
-1.0
-1.0
-1.0
-1.0
-1.0
-1.0
-1.0
-1.0
32.3068
-1.0
-1.0
-1.0
-1.0
14.694
-1.0
-1.0
-1.0
-1.0
15.1802
-1.0
-1.0
-1.0
-1.0
-1.0
-1.0
43.7712
-1.0
-1.0
29.7983
49.2567
-1.0
-1.0
40.5145
-1.0
47.5211
17.8409
-1.0
-1.0
-1.0
-1.0
-1.0
-1.0
-1.0
-1.0
-1.0
-1.0
-1.0
15.9934
37.3159
37.8515
-1.0
-1.0
-1.0
-1.0
-1.0
-1.0
-1.0
-1.0
-1.0
-1.0
-1.0
-1.0
-1.0
23.1995
-1.0
41.5536
-1.0
43.895
-1.0
-1.0
38.723
-1.0
-1.0
-1.0
-1.0
-1.0
-1.0
-1.0
-1.0
-1.0
-1.0
31.0457
-1.0
-1.0
-1.0
-1.0
-1.0
-1.0
-1.0
-1.0
-1.0
-1.0
-1.0
32.0259
-1.0
-1.0
-1.0
-1.0
-1.0
-1.0
-1.0
-1.0
36.1542
-1.0
14.5694
-1.0
13.5898
-1.0
-1.0
34.6313
-1.0
42.3075
-1.0
-1.0
35.0715
-1.0
-1.0
-1.0
-1.0
46.4465
-1.0
-1.0
-1.0
-1.0
-1.0
-1.0
-1.0
-1.0
-1.0
-1.0
-1.0
-1.0
-1.0
-1.0
-1.0
49.2633
-1.0
26.6107
-1.0
-1.0
-1.0
-1.0
-1.0
-1.0
-1.0
-1.0
-1.0
-1.0
-1.0
-1.0
47.7288
-1.0
-1.0
-1.0
-1.0
-1.0
-1.0
35.5731
-1.0
12.4865
-1.0
-1.0
21.9528
-1.0
-1.0
29.4804
-1.0
-1.0
51.9694
-1.0
-1.0
10.8074
-1.0
-1.0
19.4951
35.0674
-1.0
36.1358
-1.0
-1.0
-1.0
27.035
-1.0
51.0553
-1.0
-1.0
-1.0
-1.0
-1.0
48.0231
-1.0
43.2293
-1.0
-1.0
-1.0
-1.0
-1.0
-1.0
33.0437
39.1127
-1.0
38.8887
-1.0
-1.0
-1.0
-1.0
-1.0
-1.0
50.342
-1.0
49.2596
-1.0
-1.0
-1.0
-1.0
-1.0
34.0492
41.6839
-1.0
-1.0
-1.0
-1.0
-1.0
-1.0
-1.0
-1.0
-1.0
-1.0
42.5648
-1.0
-1.0
-1.0
-1.0
-1.0
-1.0
42.2328
-1.0
-1.0
-1.0
36.3535
31.9088
-1.0
-1.0
-1.0
30.6154
-1.0
47.7089
-1.0
-1.0
-1.0
46.237
-1.0
-1.0
-1.0
41.1479
-1.0
36.4987
-1.0
-1.0
51.0605
32.5972
47.642
44.9354
-1.0
-1.0
-1.0
-1.0
-1.0
38.1318
-1.0
36.0256
-1.0
37.7983
28.9913
-1.0
-1.0
-1.0
24.6808
44.0272
-1.0
-1.0
32.4972
-1.0
-1.0
48.692
-1.0
-1.0
51.6686
-1.0
30.8668
-1.0
-1.0
-1.0
-1.0
27.9435
-1.0
-1.0
-1.0
-1.0
-1.0
-1.0
-1.0
-1.0
31.1318
34.3927
47.1803
-1.0
-1.0
-1.0
-1.0
45.8816
-1.0
-1.0
50.3001
-1.0
-1.0
-1.0
-1.0
-1.0
-1.0
-1.0
-1.0
-1.0
-1.0
48.4952
-1.0
26.5719
-1.0
-1.0
-1.0
-1.0
-1.0
-1.0
-1.0
-1.0
-1.0
-1.0
-1.0
-1.0
-1.0
33.3371
-1.0
-1.0
-1.0
-1.0
-1.0
-1.0
35.1904
-1.0
-1.0
40.0404
-1.0
-1.0
22.8961
36.2138
-1.0
-1.0
26.9757
-1.0
-1.0
-1.0
46.1346
-1.0
-1.0
-1.0
-1.0
45.4054
32.7221
-1.0
-1.0
43.8421
35.956
-1.0
-1.0
-1.0
-1.0
45.5719
-1.0
-1.0
-1.0
42.2981
-1.0
-1.0
-1.0
-1.0
-1.0
-1.0
-1.0
-1.0
-1.0
-1.0
-1.0
-1.0
-1.0
-1.0
-1.0
27.04
-1.0
-1.0
-1.0
-1.0
-1.0
-1.0
-1.0
-1.0
-1.0
-1.0
-1.0
-1.0
48.5555
38.5374
-1.0
51.6407
-1.0
-1.0
37.7008
-1.0
-1.0
-1.0
-1.0
-1.0
-1.0
43.8383
-1.0
-1.0
-1.0
-1.0
-1.0
-1.0
31.401
-1.0
19.7306
-1.0
-1.0
34.2399
-1.0
-1.0
48.7717
-1.0
-1.0
-1.0
42.6253
44.4016
-1.0
-1.0
-1.0
-1.0
-1.0
-1.0
-1.0
-1.0
-1.0
-1.0
-1.0
-1.0
-1.0
-1.0
27.6679
-1.0
-1.0
-1.0
-1.0
44.8177
52.3144
-1.0
-1.0
-1.0
-1.0
-1.0
-1.0
-1.0
45.6728
-1.0
26.5852
-1.0
-1.0
-1.0
47.2011
49.9079
45.0274
-1.0
42.2403
-1.0
-1.0
-1.0
-1.0
-1.0
-1.0
-1.0
44.599
-1.0
-1.0
-1.0
-1.0
-1.0
-1.0
-1.0
-1.0
-1.0
-1.0
-1.0
-1.0
-1.0
-1.0
-1.0
-1.0
-1.0
49.2404
29.6353
-1.0
-1.0
29.5064
-1.0
-1.0
-1.0
-1.0
34.3897
-1.0
-1.0
47.4196
43.7095
-1.0
33.3083
-1.0
-1.0
47.2432
51.7991
25.2948
-1.0
-1.0
-1.0
32.2386
34.978
-1.0
40.5824
-1.0
-1.0
38.3731
40.304
-1.0
-1.0
-1.0
-1.0
-1.0
-1.0
-1.0
-1.0
-1.0
-1.0
31.1752
-1.0
-1.0
-1.0
-1.0
-1.0
-1.0
31.6925
36.7939
51.1342
32.7809
-1.0
-1.0
-1.0
31.4366
-1.0
-1.0
46.9173
50.0426
-1.0
-1.0
-1.0
-1.0
-1.0
-1.0
-1.0
-1.0
-1.0
45.6434
-1.0
-1.0
-1.0
-1.0
-1.0
-1.0
-1.0
-1.0
-1.0
-1.0
-1.0
-1.0
-1.0
40.2381
-1.0
-1.0
-1.0
-1.0
51.8068
-1.0
-1.0
-1.0
42.8791
-1.0
-1.0
-1.0
-1.0
36.4764
-1.0
45.6388
-1.0
52.1494
41.4375
22.7471
-1.0
-1.0
49.2762
-1.0
45.4894
50.3362
-1.0
45.7352
-1.0
-1.0
-1.0
-1.0
-1.0
-1.0
11.2461
41.4297
-1.0
46.6282
-1.0
31.3116
-1.0
-1.0
-1.0
-1.0
-1.0
-1.0
19.6849
28.2217
41.4272
-1.0
-1.0
-1.0
38.0488
-1.0
-1.0
-1.0
-1.0
-1.0
-1.0
36.974
43.277
-1.0
-1.0
-1.0
34.9462
-1.0
-1.0
30.3649
-1.0
-1.0
42.8487
-1.0
-1.0
-1.0
-1.0
-1.0
-1.0
-1.0
-1.0
-1.0
56.6308
13.0699
44.8593
42.3723
-1.0
12.8262
39.6127
-1.0
-1.0
-1.0
-1.0
-1.0
-1.0
-1.0
-1.0
43.4839
-1.0
32.2335
-1.0
-1.0
-1.0
-1.0
-1.0
-1.0
40.8172
47.7316
-1.0
49.2671
37.6611
-1.0
-1.0
-1.0
-1.0
-1.0
38.0932
-1.0
-1.0
-1.0
-1.0
8.05094
40.9109
-1.0
-1.0
17.5916
-1.0
-1.0
-1.0
-1.0
-1.0
-1.0
42.512
25.7416
-1.0
-1.0
-1.0
-1.0
47.0702
18.6292
-1.0
-1.0
-1.0
-1.0
29.6612
-1.0
-1.0
-1.0
-1.0
-1.0
-1.0
-1.0
26.4966
37.3216
-1.0
-1.0
-1.0
25.0866
38.8805
-1.0
-1.0
38.5786
48.4954
-1.0
-1.0
-1.0
-1.0
-1.0
-1.0
-1.0
-1.0
46.3206
43.1595
49.0614
-1.0
-1.0
-1.0
-1.0
-1.0
-1.0
-1.0
37.342
-1.0
44.0993
-1.0
37.4569
-1.0
-1.0
-1.0
-1.0
-1.0
-1.0
-1.0
36.2511
-1.0
-1.0
-1.0
-1.0
-1.0
-1.0
-1.0
-1.0
45.9403
-1.0
40.5286
-1.0
39.9123
36.8039
-1.0
34.3446
42.4355
34.533
-1.0
-1.0
-1.0
38.6933
-1.0
-1.0
-1.0
24.1291
34.9287
-1.0
49.0373
-1.0
-1.0
-1.0
-1.0
-1.0
-1.0
-1.0
23.5679
-1.0
-1.0
-1.0
-1.0
46.0481
-1.0
-1.0
52.8482
-1.0
-1.0
-1.0
48.5074
-1.0
-1.0
-1.0
-1.0
-1.0
-1.0
-1.0
-1.0
42.9048
34.9741
-1.0
-1.0
-1.0
-1.0
-1.0
-1.0
-1.0
-1.0
-1.0
-1.0
-1.0
-1.0
-1.0
-1.0
31.3186
-1.0
-1.0
26.3471
-1.0
-1.0
-1.0
-1.0
-1.0
-1.0
-1.0
48.9672
-1.0
34.6409
-1.0
43.333
32.8637
-1.0
-1.0
-1.0
-1.0
-1.0
-1.0
22.0546
-1.0
-1.0
42.5185
-1.0
17.0605
-1.0
-1.0
-1.0
-1.0
-1.0
-1.0
52.1133
-1.0
-1.0
-1.0
-1.0
-1.0
-1.0
-1.0
-1.0
-1.0
-1.0
41.6613
-1.0
-1.0
32.2955
-1.0
45.8602
30.973
-1.0
-1.0
46.0638
-1.0
-1.0
-1.0
-1.0
-1.0
-1.0
-1.0
44.8785
-1.0
-1.0
-1.0
28.0097
31.5214
29.034
37.5052
-1.0
39.2429
-1.0
-1.0
-1.0
-1.0
-1.0
-1.0
-1.0
-1.0
46.4076
-1.0
-1.0
-1.0
44.309
-1.0
26.9887
-1.0
-1.0
37.7723
31.6599
-1.0
-1.0
-1.0
-1.0
-1.0
-1.0
-1.0
23.802
27.4749
-1.0
-1.0
-1.0
-1.0
-1.0
-1.0
-1.0
-1.0
-1.0
-1.0
35.5605
-1.0
-1.0
28.5475
-1.0
-1.0
46.4066
-1.0
-1.0
42.1552
-1.0
-1.0
-1.0
46.2096
-1.0
39.0443
-1.0
36.2765
-1.0
-1.0
27.8984
-1.0
-1.0
-1.0
28.8295
-1.0
7.31862
-1.0
31.3944
-1.0
-1.0
-1.0
-1.0
-1.0
-1.0
-1.0
-1.0
-1.0
43.7643
-1.0
31.8244
-1.0
-1.0
9.84284
-1.0
46.9146
-1.0
-1.0
-1.0
-1.0
-1.0
28.4504
-1.0
47.435
-1.0
-1.0
-1.0
45.6261
-1.0
-1.0
-1.0
-1.0
-1.0
-1.0
-1.0
-1.0
-1.0
-1.0
46.6945
-1.0
-1.0
-1.0
-1.0
32.1368
-1.0
46.7966
-1.0
38.6704
-1.0
-1.0
-1.0
-1.0
-1.0
-1.0
-1.0
-1.0
-1.0
22.8742
-1.0
-1.0
46.3059
-1.0
-1.0
-1.0
-1.0
38.1293
-1.0
-1.0
-1.0
-1.0
-1.0
-1.0
-1.0
-1.0
-1.0
-1.0
-1.0
-1.0
39.7137
36.5874
-1.0
-1.0
-1.0
-1.0
-1.0
-1.0
-1.0
-1.0
-1.0
-1.0
28.7774
-1.0
-1.0
-1.0
-1.0
-1.0
29.0139
-1.0
-1.0
19.1947
44.8088
-1.0
-1.0
-1.0
-1.0
41.7123
-1.0
-1.0
-1.0
-1.0
-1.0
-1.0
31.8915
-1.0
-1.0
37.7707
50.3039
-1.0
-1.0
-1.0
-1.0
-1.0
37.8552
-1.0
-1.0
-1.0
50.8941
-1.0
-1.0
35.5334
33.3395
30.5795
46.1155
-1.0
-1.0
42.1722
-1.0
-1.0
-1.0
-1.0
29.5269
-1.0
-1.0
31.5237
-1.0
32.4014
-1.0
-1.0
-1.0
-1.0
-1.0
-1.0
-1.0
-1.0
-1.0
-1.0
-1.0
-1.0
-1.0
-1.0
-1.0
-1.0
-1.0
-1.0
-1.0
-1.0
36.5388
-1.0
-1.0
-1.0
-1.0
26.6919
-1.0
22.9024
-1.0
-1.0
-1.0
-1.0
-1.0
-1.0
43.2375
-1.0
-1.0
-1.0
-1.0
-1.0
-1.0
-1.0
-1.0
-1.0
-1.0
-1.0
23.1357
48.6093
-1.0
-1.0
-1.0
-1.0
24.7416
-1.0
14.0136
45.9762
-1.0
-1.0
-1.0
-1.0
-1.0
-1.0
-1.0
47.7418
-1.0
52.2727
26.8702
-1.0
-1.0
-1.0
-1.0
-1.0
-1.0
-1.0
-1.0
-1.0
-1.0
-1.0
-1.0
-1.0
-1.0
-1.0
43.4193
42.3798
-1.0
39.0557
41.8258
-1.0
-1.0
-1.0
-1.0
-1.0
-1.0
-1.0
-1.0
28.0944
-1.0
-1.0
-1.0
-1.0
-1.0
-1.0
-1.0
-1.0
-1.0
-1.0
44.3204
-1.0
-1.0
36.0587
-1.0
27.2829
-1.0
-1.0
-1.0
-1.0
42.2706
-1.0
18.5816
-1.0
-1.0
-1.0
43.7694
-1.0
-1.0
-1.0
-1.0
-1.0
46.4351
-1.0
-1.0
-1.0
-1.0
-1.0
-1.0
29.2673
-1.0
-1.0
-1.0
-1.0
-1.0
-1.0
-1.0
-1.0
-1.0
-1.0
-1.0
-1.0
39.5707
-1.0
-1.0
51.7019
-1.0
-1.0
-1.0
-1.0
-1.0
29.7772
-1.0
-1.0
-1.0
-1.0
-1.0
-1.0
-1.0
-1.0
-1.0
-1.0
-1.0
-1.0
-1.0
-1.0
-1.0
-1.0
-1.0
-1.0
-1.0
-1.0
-1.0
-1.0
-1.0
-1.0
48.2533
37.8687
-1.0
-1.0
44.0601
-1.0
20.145
-1.0
33.3401
-1.0
-1.0
-1.0
40.6188
-1.0
-1.0
-1.0
36.3588
-1.0
-1.0
-1.0
-1.0
38.1091
-1.0
-1.0
-1.0
-1.0
-1.0
-1.0
-1.0
-1.0
-1.0
-1.0
-1.0
-1.0
49.2646
-1.0
-1.0
-1.0
-1.0
-1.0
50.4758
-1.0
-1.0
-1.0
-1.0
35.521
-1.0
-1.0
-1.0
-1.0
-1.0
-1.0
-1.0
39.6209
-1.0
44.675
-1.0
-1.0
26.4316
44.7459
-1.0
35.6904
-1.0
-1.0
-1.0
38.4601
30.4465
-1.0
-1.0
-1.0
-1.0
-1.0
-1.0
43.7376
-1.0
-1.0
-1.0
-1.0
-1.0
-1.0
-1.0
-1.0
-1.0
-1.0
-1.0
-1.0
-1.0
-1.0
-1.0
-1.0
-1.0
39.068
-1.0
-1.0
-1.0
-1.0
-1.0
-1.0
-1.0
25.2466
-1.0
50.5245
23.6614
-1.0
-1.0
-1.0
-1.0
35.2337
33.829
42.9547
-1.0
-1.0
-1.0
-1.0
-1.0
-1.0
-1.0
-1.0
31.0898
-1.0
-1.0
-1.0
-1.0
-1.0
-1.0
-1.0
-1.0
23.7701
-1.0
-1.0
-1.0
21.9434
48.9649
-1.0
-1.0
-1.0
-1.0
55.0911
26.3182
-1.0
-1.0
-1.0
-1.0
33.5286
-1.0
-1.0
-1.0
-1.0
36.0584
-1.0
44.7563
-1.0
-1.0
-1.0
-1.0
50.1222
37.3447
48.532
-1.0
-1.0
-1.0
-1.0
-1.0
-1.0
19.6773
-1.0
-1.0
41.3029
-1.0
-1.0
-1.0
-1.0
43.7648
-1.0
24.3077
-1.0
48.1003
-1.0
-1.0
-1.0
-1.0
-1.0
-1.0
-1.0
-1.0
49.3674
-1.0
-1.0
-1.0
-1.0
-1.0
-1.0
-1.0
-1.0
-1.0
-1.0
-1.0
15.3462
-1.0
-1.0
-1.0
-1.0
-1.0
-1.0
43.4894
-1.0
-1.0
-1.0
37.9464
-1.0
-1.0
18.3353
-1.0
-1.0
-1.0
-1.0
-1.0
-1.0
35.2717
-1.0
-1.0
-1.0
-1.0
28.4319
43.9749
-1.0
-1.0
-1.0
-1.0
-1.0
-1.0
23.8742
-1.0
49.8833
45.788
-1.0
-1.0
42.604
-1.0
-1.0
-1.0
-1.0
-1.0
-1.0
-1.0
-1.0
-1.0
-1.0
34.572
30.3717
16.0758
-1.0
-1.0
39.8727
-1.0
-1.0
-1.0
31.1667
40.7731
-1.0
-1.0
-1.0
41.1885
-1.0
-1.0
-1.0
-1.0
-1.0
20.951
25.5323
-1.0
-1.0
-1.0
51.3631
8.0026
-1.0
-1.0
-1.0
-1.0
44.2608
-1.0
-1.0
-1.0
31.6721
-1.0
-1.0
-1.0
44.9293
-1.0
-1.0
-1.0
-1.0
-1.0
-1.0
-1.0
-1.0
-1.0
-1.0
-1.0
-1.0
-1.0
-1.0
26.5332
-1.0
-1.0
-1.0
-1.0
-1.0
-1.0
-1.0
-1.0
40.4865
-1.0
24.9443
-1.0
-1.0
34.4141
40.2191
-1.0
40.9125
38.2553
43.5107
-1.0
-1.0
-1.0
-1.0
-1.0
-1.0
-1.0
25.5841
-1.0
-1.0
-1.0
34.6547
-1.0
42.1837
-1.0
33.137
-1.0
-1.0
-1.0
-1.0
42.3741
-1.0
-1.0
-1.0
-1.0
-1.0
-1.0
-1.0
-1.0
-1.0
38.0334
-1.0
-1.0
-1.0
-1.0
21.0994
47.0879
-1.0
-1.0
-1.0
-1.0
-1.0
-1.0
-1.0
-1.0
-1.0
-1.0
20.5781
-1.0
50.4156
-1.0
-1.0
42.9579
-1.0
24.472
-1.0
-1.0
47.4431
39.8579
-1.0
-1.0
-1.0
-1.0
18.9544
-1.0
-1.0
-1.0
-1.0
-1.0
-1.0
-1.0
-1.0
47.7198
37.2513
-1.0
-1.0
-1.0
-1.0
-1.0
-1.0
-1.0
-1.0
-1.0
-1.0
-1.0
-1.0
-1.0
42.7683
-1.0
-1.0
-1.0
-1.0
-1.0
-1.0
-1.0
-1.0
-1.0
-1.0
55.8723
-1.0
-1.0
-1.0
29.428
-1.0
-1.0
-1.0
-1.0
-1.0
-1.0
-1.0
26.9741
-1.0
40.6341
-1.0
-1.0
-1.0
-1.0
-1.0
-1.0
37.2505
47.3307
-1.0
45.4383
-1.0
-1.0
-1.0
-1.0
-1.0
-1.0
43.7052
-1.0
-1.0
43.2257
-1.0
-1.0
-1.0
-1.0
-1.0
28.8989
-1.0
-1.0
31.1637
-1.0
-1.0
-1.0
-1.0
-1.0
-1.0
-1.0
27.7363
-1.0
-1.0
49.424
-1.0
37.7542
-1.0
48.7338
-1.0
-1.0
43.3693
-1.0
51.1201
-1.0
-1.0
-1.0
-1.0
31.8282
44.6865
27.7888
-1.0
-1.0
31.072
-1.0
25.9781
-1.0
-1.0
-1.0
16.552
38.0247
-1.0
-1.0
-1.0
-1.0
-1.0
-1.0
-1.0
-1.0
-1.0
-1.0
-1.0
-1.0
42.3057
-1.0
28.9445
-1.0
-1.0
-1.0
24.9892
-1.0
-1.0
-1.0
-1.0
-1.0
-1.0
-1.0
-1.0
29.3354
-1.0
47.1387
-1.0
-1.0
-1.0
-1.0
-1.0
40.8141
-1.0
43.0541
-1.0
-1.0
-1.0
-1.0
50.6826
18.5077
-1.0
30.6045
-1.0
-1.0
-1.0
51.0852
38.6213
-1.0
47.5176
-1.0
-1.0
-1.0
-1.0
-1.0
-1.0
8.19969
-1.0
-1.0
-1.0
-1.0
-1.0
-1.0
-1.0
25.8208
-1.0
-1.0
48.1523
22.0991
24.3555
-1.0
-1.0
-1.0
34.5423
-1.0
-1.0
-1.0
-1.0
-1.0
39.5736
28.923
48.3044
-1.0
-1.0
-1.0
-1.0
-1.0
-1.0
-1.0
25.0876
25.3432
-1.0
-1.0
44.2659
36.6349
35.4074
-1.0
-1.0
48.2288
39.0917
-1.0
33.5608
-1.0
-1.0
-1.0
-1.0
-1.0
-1.0
-1.0
30.4217
-1.0
-1.0
-1.0
31.0589
-1.0
-1.0
46.0879
-1.0
49.8153
-1.0
-1.0
-1.0
-1.0
-1.0
-1.0
35.9865
-1.0
-1.0
-1.0
-1.0
-1.0
-1.0
-1.0
-1.0
-1.0
-1.0
-1.0
-1.0
-1.0
44.7567
-1.0
-1.0
-1.0
-1.0
-1.0
-1.0
26.3714
34.409
35.1546
-1.0
-1.0
-1.0
-1.0
-1.0
-1.0
-1.0
-1.0
-1.0
-1.0
-1.0
-1.0
-1.0
-1.0
35.2085
-1.0
-1.0
-1.0
-1.0
-1.0
-1.0
33.5364
36.741
-1.0
-1.0
-1.0
-1.0
-1.0
-1.0
-1.0
-1.0
-1.0
-1.0
-1.0
-1.0
-1.0
-1.0
33.5978
-1.0
-1.0
-1.0
-1.0
30.9621
-1.0
-1.0
-1.0
28.683
-1.0
-1.0
-1.0
-1.0
-1.0
-1.0
-1.0
-1.0
-1.0
-1.0
33.9714
-1.0
-1.0
-1.0
-1.0
-1.0
-1.0
-1.0
7.34027
-1.0
48.7215
-1.0
-1.0
-1.0
31.8167
25.5016
37.7011
46.9454
-1.0
-1.0
-1.0
-1.0
-1.0
-1.0
-1.0
-1.0
-1.0
-1.0
-1.0
-1.0
49.1757
-1.0
42.7767
43.2749
-1.0
43.6319
-1.0
23.6172
-1.0
46.2119
46.8025
-1.0
-1.0
20.4922
-1.0
47.8966
-1.0
-1.0
-1.0
-1.0
-1.0
-1.0
-1.0
-1.0
-1.0
26.9083
-1.0
47.8951
48.4967
-1.0
46.0389
36.4933
-1.0
-1.0
-1.0
-1.0
-1.0
32.9062
-1.0
-1.0
-1.0
36.7549
-1.0
51.4956
-1.0
23.8563
-1.0
-1.0
-1.0
-1.0
-1.0
-1.0
36.3521
-1.0
-1.0
-1.0
-1.0
-1.0
-1.0
44.9763
-1.0
-1.0
21.7864
-1.0
-1.0
-1.0
25.5977
-1.0
-1.0
9.01268
45.0543
-1.0
-1.0
-1.0
44.2903
-1.0
-1.0
-1.0
-1.0
-1.0
37.8393
-1.0
36.6439
-1.0
50.8946
-1.0
-1.0
-1.0
-1.0
-1.0
-1.0
41.6162
29.5747
-1.0
-1.0
-1.0
-1.0
-1.0
-1.0
-1.0
-1.0
-1.0
-1.0
41.6671
49.3555
-1.0
-1.0
-1.0
-1.0
-1.0
-1.0
-1.0
-1.0
-1.0
-1.0
-1.0
-1.0
-1.0
-1.0
29.0766
-1.0
-1.0
-1.0
-1.0
-1.0
-1.0
-1.0
23.4818
-1.0
-1.0
-1.0
-1.0
-1.0
-1.0
33.4643
44.9213
-1.0
-1.0
-1.0
-1.0
-1.0
52.2593
25.0976
-1.0
-1.0
-1.0
-1.0
-1.0
-1.0
31.2292
39.3463
-1.0
-1.0
-1.0
-1.0
-1.0
-1.0
-1.0
-1.0
-1.0
-1.0
-1.0
-1.0
-1.0
-1.0
-1.0
-1.0
52.0469
-1.0
-1.0
37.7203
-1.0
-1.0
-1.0
-1.0
-1.0
-1.0
-1.0
36.8473
-1.0
-1.0
-1.0
-1.0
29.7618
-1.0
46.8428
-1.0
-1.0
35.5947
-1.0
-1.0
-1.0
-1.0
-1.0
-1.0
-1.0
-1.0
-1.0
26.6889
-1.0
-1.0
-1.0
-1.0
-1.0
-1.0
46.3579
-1.0
-1.0
-1.0
-1.0
-1.0
29.416
-1.0
-1.0
22.2609
21.864
-1.0
-1.0
43.9346
21.1436
-1.0
-1.0
-1.0
-1.0
-1.0
-1.0
-1.0
-1.0
-1.0
-1.0
-1.0
-1.0
-1.0
-1.0
-1.0
-1.0
-1.0
-1.0
49.9715
-1.0
-1.0
45.1981
-1.0
-1.0
-1.0
-1.0
-1.0
10.5271
16.1418
-1.0
-1.0
-1.0
-1.0
-1.0
46.5771
-1.0
44.5599
-1.0
-1.0
34.0783
-1.0
-1.0
44.1039
-1.0
-1.0
34.7561
-1.0
-1.0
-1.0
-1.0
-1.0
45.2804
-1.0
11.4
18.0957
-1.0
-1.0
-1.0
-1.0
37.4947
-1.0
41.5809
-1.0
-1.0
-1.0
-1.0
43.2105
-1.0
-1.0
-1.0
-1.0
-1.0
16.1757
-1.0
23.9151
-1.0
-1.0
-1.0
-1.0
-1.0
-1.0
-1.0
29.3637
-1.0
-1.0
-1.0
-1.0
-1.0
-1.0
19.7324
-1.0
-1.0
-1.0
-1.0
-1.0
-1.0
-1.0
25.3765
-1.0
-1.0
-1.0
31.9882
-1.0
-1.0
50.5111
-1.0
-1.0
-1.0
52.2396
-1.0
-1.0
-1.0
37.3622
-1.0
-1.0
-1.0
36.6233
-1.0
-1.0
10.0206
47.9812
-1.0
-1.0
-1.0
-1.0
-1.0
-1.0
41.7464
-1.0
-1.0
-1.0
39.7256
-1.0
-1.0
-1.0
47.793
-1.0
-1.0
43.6678
-1.0
-1.0
35.4555
-1.0
-1.0
-1.0
-1.0
-1.0
49.2085
-1.0
39.2087
-1.0
-1.0
-1.0
-1.0
-1.0
22.1477
45.775
-1.0
-1.0
-1.0
-1.0
-1.0
-1.0
41.82
37.7494
-1.0
52.0669
-1.0
-1.0
-1.0
-1.0
-1.0
-1.0
-1.0
-1.0
-1.0
-1.0
48.4969
-1.0
-1.0
41.1667
-1.0
30.6833
51.7978
45.1014
-1.0
-1.0
-1.0
-1.0
-1.0
-1.0
-1.0
46.4165
-1.0
-1.0
-1.0
-1.0
21.5083
-1.0
-1.0
44.8254
-1.0
-1.0
-1.0
-1.0
-1.0
-1.0
-1.0
-1.0
44.7642
-1.0
-1.0
-1.0
-1.0
-1.0
34.1645
20.3581
-1.0
-1.0
47.792
-1.0
-1.0
-1.0
-1.0
-1.0
29.2384
24.537
-1.0
-1.0
36.696
-1.0
46.4096
-1.0
-1.0
40.244
47.9257
-1.0
50.8307
-1.0
-1.0
-1.0
-1.0
-1.0
-1.0
-1.0
-1.0
-1.0
24.4215
29.0472
-1.0
28.461
-1.0
-1.0
-1.0
38.7402
33.9171
-1.0
-1.0
31.0415
-1.0
-1.0
-1.0
-1.0
-1.0
-1.0
36.2665
-1.0
-1.0
-1.0
-1.0
49.9474
-1.0
-1.0
-1.0
-1.0
-1.0
-1.0
-1.0
-1.0
48.931
-1.0
-1.0
-1.0
-1.0
-1.0
-1.0
46.2636
-1.0
-1.0
-1.0
-1.0
-1.0
-1.0
-1.0
-1.0
-1.0
-1.0
-1.0
47.7781
-1.0
-1.0
-1.0
-1.0
-1.0
-1.0
-1.0
-1.0
-1.0
-1.0
-1.0
-1.0
-1.0
33.2161
-1.0
-1.0
33.2732
-1.0
-1.0
-1.0
-1.0
-1.0
-1.0
-1.0
-1.0
-1.0
-1.0
-1.0
-1.0
54.0789
-1.0
-1.0
-1.0
-1.0
-1.0
-1.0
-1.0
46.9154
-1.0
-1.0
-1.0
-1.0
-1.0
44.9519
-1.0
-1.0
38.5677
30.8481
36.6734
-1.0
-1.0
-1.0
-1.0
-1.0
-1.0
-1.0
35.2294
-1.0
41.8048
-1.0
-1.0
-1.0
-1.0
-1.0
45.5379
27.2442
-1.0
-1.0
-1.0
11.7796
-1.0
28.129
-1.0
-1.0
38.8037
-1.0
47.1235
-1.0
-1.0
47.9334
-1.0
-1.0
-1.0
-1.0
-1.0
-1.0
-1.0
40.6856
-1.0
32.7294
-1.0
-1.0
-1.0
51.8675
51.2301
-1.0
-1.0
-1.0
-1.0
-1.0
-1.0
45.2578
37.721
30.0046
-1.0
-1.0
-1.0
-1.0
-1.0
28.3444
-1.0
-1.0
-1.0
-1.0
-1.0
-1.0
-1.0
-1.0
-1.0
24.2142
43.9551
-1.0
-1.0
48.6194
-1.0
19.7562
-1.0
-1.0
-1.0
20.151
-1.0
34.2351
-1.0
43.1809
-1.0
40.7014
-1.0
-1.0
35.8753
47.9307
20.4159
-1.0
7.24253
-1.0
35.8037
-1.0
-1.0
40.6543
-1.0
-1.0
-1.0
-1.0
-1.0
-1.0
34.1427
-1.0
48.5412
-1.0
35.6468
-1.0
-1.0
27.559
-1.0
-1.0
-1.0
23.2126
43.1013
-1.0
-1.0
-1.0
-1.0
-1.0
-1.0
-1.0
-1.0
-1.0
-1.0
-1.0
-1.0
24.9541
-1.0
44.975
-1.0
-1.0
-1.0
-1.0
-1.0
-1.0
41.4385
-1.0
-1.0
28.3311
-1.0
19.3602
-1.0
-1.0
-1.0
-1.0
-1.0
-1.0
26.5004
-1.0
-1.0
49.767
-1.0
-1.0
-1.0
-1.0
-1.0
-1.0
39.9929
-1.0
-1.0
32.041
41.8419
-1.0
-1.0
-1.0
-1.0
-1.0
-1.0
-1.0
-1.0
-1.0
-1.0
-1.0
-1.0
-1.0
-1.0
-1.0
-1.0
31.391
-1.0
-1.0
-1.0
-1.0
-1.0
-1.0
-1.0
-1.0
-1.0
-1.0
-1.0
-1.0
-1.0
34.2936
-1.0
-1.0
-1.0
51.6097
-1.0
-1.0
26.7759
-1.0
-1.0
-1.0
21.6653
-1.0
28.1312
-1.0
-1.0
-1.0
-1.0
-1.0
-1.0
-1.0
-1.0
-1.0
-1.0
-1.0
-1.0
-1.0
-1.0
25.1984
28.2328
37.9858
-1.0
41.7308
-1.0
-1.0
-1.0
49.2268
-1.0
-1.0
42.8093
-1.0
-1.0
37.622
37.194
-1.0
34.1201
-1.0
-1.0
-1.0
-1.0
-1.0
-1.0
-1.0
-1.0
-1.0
-1.0
-1.0
41.3306
-1.0
-1.0
-1.0
-1.0
-1.0
30.0431
-1.0
-1.0
-1.0
35.453
-1.0
-1.0
-1.0
-1.0
47.7147
-1.0
-1.0
29.0699
-1.0
36.2184
-1.0
-1.0
-1.0
-1.0
32.0882
