0.495862
0.266431
0.32522
0.387424
0.471896
0.437081
0.699213
0.392696
0.477839
0.566188
0.57679
0.860982
0.860203
0.913532
0.992207
0.895019
0.481112
0.310039
0.597941
0.982285
0.422069
0.817772
0.390464
0.46847
0.871454
0.999827
0.66026
0.800819
0.68409
0.994151
0.420614
0.520814
0.788303
0.42444
0.72654
0.29856
0.753606
0.824701
0.70202
0.312161
0.581882
0.693042
0.416987
0.204159
0.996864
0.81277
0.769832
0.628375
0.810886
0.368927
0.553153
0.650882
0.376437
0.446386
0.478188
0.326558
0.643158
0.646345
0.704578
0.896813
0.458037
0.966781
0.798636
0.392395
0.531833
0.270568
0.572025
0.505844
0.389644
0.680858
0.457248
0.543942
0.336742
0.884061
0.228573
0.552042
0.846036
0.87412
0.923398
0.645819
0.357222
0.424517
0.390712
0.94535
0.736842
0.315752
0.833521
0.333669
0.379077
0.514251
0.738643
0.214031
0.817283
0.774343
0.834006
0.928367
0.629768
0.914211
0.337892
0.798366
0.502309
0.788875
0.445643
0.268509
0.561006
0.342798
0.318907
0.736734
0.669433
0.832595
0.706968
0.321306
0.635008
0.256743
0.999852
0.64363
0.939764
0.415636
0.516628
0.718915
0.99355
0.674533
0.201728
0.730016
0.695251
0.714234
0.679824
0.834944
0.748327
0.556842
0.580784
0.674666
0.795125
0.41833
0.845374
0.79057
0.933372
0.498903
0.317558
0.443247
0.573213
0.867916
0.999893
0.978391
0.624036
0.970967
0.643604
0.823364
0.349909
0.320538
0.532543
0.464679
0.27533
0.452883
0.556005
0.302447
0.602851
0.644406
0.837319
0.732041
0.937495
0.995371
0.733893
0.57061
0.247209
0.844624
0.391765
0.922916
0.295681
0.530309
0.857778
0.883247
0.819285
0.304512
0.520804
0.326981
0.259362
0.540693
0.463901
0.815492
0.660064
0.237256
0.833183
0.418762
0.55329
0.990717
0.983739
0.750735
0.929514
0.648719
0.899249
0.999236
0.868346
0.328119
0.857142
0.283366
0.975464
0.408608
0.272437
0.61327
0.49525
0.708484
0.864287
0.679352
0.425971
0.898271
0.307249
0.433057
0.280467
0.351845
0.829025
0.211181
0.329991
0.649751
0.372027
0.258603
0.777971
0.367939
0.836448
0.840623
0.669636
0.811072
0.981421
0.791668
0.999504
0.292686
0.618309
0.211173
0.662696
0.219423
0.443836
0.233818
0.625239
0.803248
0.684369
0.293382
0.406634
0.426119
0.874627
0.77527
0.998152
0.745697
0.922675
0.833571
0.801897
0.213276
0.726444
0.89968
0.624745
0.271203
0.995927
0.866004
0.890515
0.752085
0.601331
0.618643
0.249222
0.750018
0.474864
0.891367
0.321384
0.230029
0.799768
0.999622
0.747827
0.67851
0.614812
0.86656
0.205175
0.24004
0.828521
0.34025
0.60118
0.998172
0.401638
0.653827
0.347186
0.83889
0.79077
0.260063
0.343965
0.625426
0.999551
0.646513
0.999724
0.703354
0.537852
0.798051
0.846026
0.902149
0.85142
0.999938
0.766362
0.51882
0.543051
0.513374
0.641279
0.305177
0.726179
0.82027
0.420337
0.269648
0.438295
0.79813
0.816646
0.799314
0.501608
0.587069
0.59823
0.28364
0.287507
0.48441
0.66771
0.999966
0.857294
0.231203
0.598586
0.638188
0.350666
0.968286
0.410743
0.887481
0.463305
0.739107
0.71163
0.817234
0.800847
0.470015
0.701295
0.995373
0.973863
0.376433
0.56841
0.671956
0.33704
0.857143
0.271082
0.504092
0.279264
0.707171
0.417362
0.999221
0.971652
0.94635
0.322247
0.746581
0.320189
0.546705
0.842654
0.565166
0.361463
0.39977
0.900173
0.426152
0.364515
0.79887
0.9333
0.706457
0.977954
0.506216
0.491893
0.679896
0.458638
0.871408
0.915743
0.272526
0.874164
0.857212
0.344358
0.795419
0.292036
0.300998
0.283124
0.808233
0.723811
0.24949
0.819069
0.496759
0.647418
0.300102
0.877482
0.780174
0.983896
0.864138
0.642769
0.718416
0.471647
0.995143
0.832894
0.659292
0.423903
0.679191
0.221701
0.873611
0.576017
0.781247
0.979418
0.565752
0.705976
0.335494
0.256817
0.965985
0.332829
0.665622
0.276471
0.679666
0.833255
0.363753
0.435354
0.748506
0.375412
0.5061
0.891307
0.492422
0.675724
0.994583
0.68042
0.582617
0.999706
0.432165
0.262627
0.7428
0.265185
0.206543
0.786902
0.928581
0.783805
0.999319
0.357069
0.335289
0.565413
0.771647
0.268868
0.93033
0.782708
0.456168
0.508184
0.709491
0.350245
0.865989
0.287897
0.284947
0.452148
0.835908
0.583916
0.282817
0.999996
0.26796
0.837698
0.866197
0.321823
0.469362
0.312203
0.512393
0.701514
0.851072
0.22766
0.76422
0.453631
0.666735
0.355139
0.794884
0.723517
0.366473
0.229026
0.456274
0.412661
0.637299
0.244411
0.92122
0.507498
0.652929
0.276704
0.936176
0.659352
0.512684
0.273444
0.665753
0.668081
0.998307
0.322305
0.788831
0.495516
0.303244
0.784802
0.892971
0.446478
0.381925
0.71686
0.582505
0.856526
0.604003
0.258095
0.256993
0.761654
0.998029
0.889142
0.643329
0.528354
0.753475
0.767788
0.667179
0.365627
0.575799
0.487099
0.999681
0.788865
0.729865
0.874573
0.442647
0.774571
0.209389
0.680958
0.753402
0.745265
0.57544
0.787882
0.411465
0.793934
0.746346
0.905262
0.980644
0.479332
0.202426
0.851618
0.84639
0.880057
0.998606
0.932283
0.31484
0.86676
0.691001
0.826686
0.27234
0.594893
0.309642
0.700164
0.58659
0.21639
0.886406
0.302221
0.521215
0.542823
0.484413
0.999939
0.858025
0.625207
0.299797
0.799017
0.444193
0.595548
0.655364
0.85713
0.331074
0.35668
0.414462
0.502734
0.421451
0.820967
0.747325
0.879844
0.575005
0.887639
0.249425
0.749768
0.527662
0.275046
0.957879
0.353388
0.859754
0.249525
0.476418
0.862991
0.999905
0.523718
0.264472
0.805709
0.721436
0.937431
0.793877
0.57328
0.400317
0.701995
0.708841
0.580851
0.763555
0.666633
0.672111
0.928587
0.413628
0.998972
0.721806
0.906813
0.999845
0.997327
0.420824
0.788029
0.628465
0.774965
0.2074
0.996636
0.797128
0.789208
0.359257
0.400449
0.368381
0.915083
0.767449
0.585392
0.698364
0.592055
0.407417
0.426582
0.660738
0.992947
0.659795
0.914112
0.600448
0.767618
0.458708
0.875668
0.755568
0.868181
0.400019
0.620795
0.398292
0.712605
0.935422
0.335736
0.20472
0.888872
0.241446
0.874093
0.69255
0.723469
0.395571
0.547568
0.530325
0.994924
0.886588
0.69534
0.329308
0.998589
0.749667
0.996554
0.828781
0.291585
0.266915
0.641347
0.99796
0.873836
0.460156
0.678556
0.390919
0.20255
0.888848
0.214089
0.765974
0.51751
0.604553
0.421748
0.782283
0.832201
0.996947
0.951891
0.89861
0.78881
0.420687
0.555194
0.647812
0.451388
0.618029
0.903298
0.623641
0.885281
0.996039
0.897316
0.689917
0.714798
0.257475
0.855292
0.743869
0.847122
0.799436
0.466633
0.975774
0.997223
0.908878
0.530484
0.828207
0.98988
0.699711
0.468885
0.357802
0.317686
0.855161
0.535973
0.761238
0.227105
0.999159
0.345636
0.470125
0.876865
0.566818
0.206819
0.717832
0.942756
0.501956
0.9731
0.712686
0.403573
0.596022
0.591408
0.570664
0.799
0.366631
0.239791
0.848607
0.439751
0.316035
0.98061
0.773629
0.726732
0.838584
0.766063
0.689841
0.980972
0.593967
0.355516
0.785556
0.747521
0.666591
0.670257
0.997499
0.35408
0.957002
0.51146
0.377726
0.758543
0.572173
0.475467
0.231288
0.35946
0.31989
0.315527
0.675526
0.249603
0.329294
0.996009
0.302252
0.764308
0.42321
0.721877
0.998595
0.247719
0.768038
0.545233
0.624915
0.757123
0.543853
0.338314
0.259317
0.762539
0.838594
0.999941
0.743621
0.828833
0.316244
0.699305
0.799528
0.570444
0.57649
0.697319
0.998901
0.70196
0.923298
0.66395
0.519735
0.223093
0.324659
0.681018
0.495155
0.976795
0.987414
0.96217
0.769242
0.422965
0.874686
0.777112
0.356117
0.668701
0.581313
0.302426
0.785577
0.264317
0.397031
0.748913
0.251383
0.925776
0.429072
0.652356
0.845074
0.598664
0.509992
0.865857
0.568055
0.206438
0.262522
0.789517
0.756777
0.255691
0.788023
0.251573
0.803261
0.857503
0.578899
0.871913
0.271912
0.924911
0.361799
0.872889
0.817714
0.25419
0.684928
0.422598
0.930714
0.553866
0.217429
0.910399
0.99291
0.261959
0.999063
0.624911
0.927948
0.230377
0.893446
0.703754
0.693598
0.227273
0.972556
0.534828
0.836945
0.676152
0.870599
0.57775
0.778114
0.788832
0.221559
0.664653
0.983462
0.96115
0.422742
0.857053
0.761622
0.533614
0.803347
0.925946
0.750207
0.593685
0.72149
0.255011
0.424642
0.78014
0.278342
0.995802
0.668119
0.526236
0.556626
0.83815
0.833097
0.583725
0.350221
0.987951
0.860773
0.406068
0.561288
0.34126
0.761371
0.833223
0.914913
0.987517
0.200772
0.882468
0.284936
0.646397
0.76225
0.847352
0.440069
0.968229
0.551845
0.671077
0.874524
0.370235
0.231841
0.446145
0.375407
0.533933
0.691688
0.270685
0.529277
0.68122
0.779472
0.778207
0.712506
0.362897
0.357794
0.99506
0.418792
0.529464
0.781958
0.785966
0.49881
0.657394
0.74905
0.313458
0.451034
0.996667
0.4311
0.738081
0.275906
0.814959
0.917385
0.798756
0.603729
0.602914
0.45474
0.999855
0.479203
0.273878
0.891299
0.785326
0.868574
0.803828
0.714288
0.804847
0.412301
0.937405
0.834387
0.590005
0.604776
0.226476
0.546822
0.602686
0.856005
0.727222
0.373569
0.808002
0.494522
0.789384
0.644957
0.360797
0.331412
0.86906
0.83014
0.461343
0.553454
0.86571
0.248603
0.934362
0.737557
0.722801
0.734388
0.470286
0.942297
0.58646
0.481275
0.625134
0.397286
0.999954
0.318662
0.857163
0.314154
0.667027
0.972891
0.621441
0.784222
0.751902
0.815634
0.666896
0.365776
0.999923
0.519979
0.404362
0.920761
0.361216
0.525396
0.317879
0.628698
0.803437
0.364119
0.541308
0.411944
0.351237
0.981904
0.421237
0.881727
0.330773
0.330896
0.712388
0.950017
0.855566
0.798654
0.777723
0.722896
0.269798
0.824384
0.262671
0.736218
0.717604
0.251734
0.565246
0.990336
0.836269
0.395994
0.861174
0.205743
0.767366
0.261366
0.463847
0.836416
0.95982
0.663388
0.979174
0.514172
0.585358
0.394931
0.749407
0.799919
0.513284
0.721441
0.688834
0.945691
0.571396
0.578948
0.924427
0.414794
0.338444
0.624104
0.695542
0.769121
0.45163
0.855618
0.442476
0.622848
0.548187
0.440428
0.895212
0.937031
0.347612
0.857002
0.677914
0.856627
0.856571
0.48721
0.352471
0.58117
0.923785
0.973119
0.697346
0.851366
0.57404
0.598196
0.773449
0.427471
0.290036
0.610171
0.688377
0.597096
0.511826
0.58558
0.216101
0.699696
0.434424
0.822136
0.544948
0.302654
0.45824
0.807101
0.382384
0.766333
0.857152
0.747294
0.571219
0.661322
0.534815
0.362723
0.701669
0.631682
0.814211
0.540501
0.727553
0.438489
0.501744
0.746573
0.696121
0.224555
0.486876
0.798256
0.814975
0.824407
0.960515
0.993098
0.874986
0.682917
0.555629
0.999374
0.475375
0.901704
0.808502
0.976253
0.241177
0.744375
0.373777
0.336644
0.797074
0.406355
0.48033
0.430883
0.924263
0.531236
0.244866
0.82557
0.833303
0.374185
0.637735
0.579813
0.716828
0.727197
0.908408
0.916623
0.588417
0.796593
0.359922
0.556277
0.64408
0.836101
0.375871
0.324571
0.506479
0.86426
0.575596
0.684653
0.627862
0.27237
0.394209
0.371484
0.483269
0.568474
0.999899
0.65502
0.559159
0.899362
0.221417
0.741827
0.701784
0.78487
0.420987
0.499927
0.769661
0.823193
0.80017
0.853739
0.305848
0.66677
0.202692
0.225576
0.912231
0.719
0.7927
0.928104
0.805851
0.585621
0.992289
0.928625
0.333324
0.279084
0.411201
0.445502
0.261081
0.866106
0.526507
0.746279
0.81298
0.719267
0.46769
0.394928
0.210178
0.642782
0.394963
0.286539
0.597274
0.296694
0.511182
0.667419
0.300577
0.574041
0.225631
0.826575
0.982435
0.562734
0.320262
0.996199
0.766519
0.711894
0.751966
0.22681
0.249241
0.324202
0.800718
0.999761
0.856379
0.550687
0.238791
0.600018
0.900094
0.900062
0.789316
0.67209
0.857269
0.580903
0.678232
0.416615
0.554479
0.779131
0.847566
0.999816
0.831887
0.634791
0.612186
0.915915
0.586435
0.914243
0.541847
0.592422
0.60433
0.887775
0.402672
0.227056
0.388976
0.30047
0.998564
0.710676
0.841799
0.22091
0.262484
0.690942
0.900137
0.829597
0.998893
0.878989
0.240461
0.539727
0.567965
0.783529
0.582717
0.286288
0.999165
0.622833
0.982912
0.768521
0.733445
0.564147
0.498331
0.298697
0.473262
0.383541
0.775547
0.318573
0.548124
0.331063
0.999106
0.234362
0.447714
0.928847
0.810277
0.7435
0.440441
0.702884
0.873982
0.253886
0.312718
0.892808
0.215627
0.907107
0.456367
0.29513
0.431326
0.789459
0.76173
0.666285
0.600115
0.521204
0.979066
0.532531
0.551285
0.421759
0.310649
0.87299
0.614939
0.448861
0.803411
0.457642
0.288908
0.502828
0.74406
0.403722
0.734979
0.328713
0.299382
0.271002
0.623712
0.821285
0.348418
0.456108
0.997056
0.473754
0.425626
0.841927
0.652267
0.518158
0.377281
0.667125
0.794163
0.866564
0.833772
0.273055
0.98985
0.493278
0.263481
0.447928
0.799266
0.511414
0.768447
0.865995
0.460446
0.992553
0.422198
0.502283
0.841346
0.9231
0.240377
0.221171
0.812881
0.992654
0.691823
0.832914
0.740841
0.729234
0.287994
0.777015
0.790378
0.449649
0.271382
0.872062
0.853283
0.594848
0.214468
0.336553
0.8238
0.58478
0.271314
0.995893
0.685173
0.665435
0.352382
0.472827
0.322683
0.202267
0.431159
0.464281
0.278215
0.776187
0.645784
0.570721
0.853537
0.331054
0.479507
0.298712
0.720549
0.511508
0.650395
0.998933
0.999885
0.830159
0.439485
0.202755
0.921057
0.53866
0.731117
0.528762
0.292934
0.289062
0.68861
0.943218
0.818239
0.672875
0.331755
0.760924
0.889147
0.992329
0.800677
0.779022
0.7493
0.43619
0.26119
0.479982
0.636685
0.341543
0.260342
0.708936
0.770978
0.773865
0.785653
0.519242
0.208966
0.370485
0.420484
0.479274
0.486576
0.297039
0.830218
0.706227
0.351966
0.384158
0.681542
0.216193
0.684991
0.25231
0.563272
0.855781
0.811295
0.911937
0.916886
0.555183
0.247453
0.668752
0.895123
0.544175
0.637017
0.226826
0.467442
0.361331
0.879912
0.916392
0.490479
0.709914
0.644392
0.412723
0.21655
0.743625
0.574387
0.268465
0.525377
0.933022
0.838866
0.996057
0.373018
0.258657
0.248565
0.848106
0.296633
0.323434
0.566093
0.999952
0.248775
0.989092
0.622164
0.991445
0.26013
0.68566
0.857071
0.600171
0.25009
0.431616
0.734228
0.517969
0.250388
0.833415
0.483646
0.998513
0.985354
0.918211
0.428694
0.760262
0.388094
0.811068
0.984769
0.845321
0.862998
0.949683
0.260615
0.365616
0.251331
0.296384
0.7953
0.504804
0.959675
0.750447
0.471376
0.71442
0.823553
0.807836
0.240167
0.936911
0.328088
0.862402
0.421989
0.987596
0.924168
0.325723
0.650774
0.987355
0.430842
0.297009
0.664652
0.661911
0.363197
0.2936
0.412107
0.454537
0.852679
0.657901
0.47934
0.789275
0.622443
0.660911
0.404916
0.810777
0.382782
0.858174
0.420097
0.241343
0.500516
0.339019
0.668503
0.747439
0.807389
0.689288
0.621275
0.276214
0.317319
0.698368
0.45167
0.619079
0.284995
0.369547
0.88245
0.27052
0.63644
0.479835
0.884723
0.884263
0.268353
0.806224
0.991934
0.297916
0.846777
0.413684
0.57
0.317678
0.643415
0.785028
0.819073
0.449283
0.335469
0.806179
0.82131
0.3085
0.867637
0.846454
0.399301
0.432476
0.368665
0.654155
0.841056
0.785044
0.837175
0.861486
0.749315
0.819665
0.853713
0.557481
0.636183
0.841311
0.292102
0.382065
0.423992
0.780335
0.817668
0.886778
0.933545
0.885779
0.746447
0.449143
0.677083
0.996383
0.990438
0.289247
0.725348
0.244569
0.545421
0.842829
0.635775
0.880782
0.566932
0.645603
0.84536
0.797145
0.302787
0.380151
0.712084
0.863807
0.228719
0.571151
0.331417
0.403238
0.769963
0.70348
0.851432
0.424174
0.442288
0.996066
0.445138
0.83454
0.809936
0.820386
0.859184
0.624237
0.943475
0.74436
0.99999
0.991588
0.999566
0.260982
0.553536
0.865451
0.535621
0.68012
0.785959
0.52553
0.576937
0.72249
0.521915
0.682597
0.998656
0.394141
0.421993
0.695034
0.922362
0.491903
0.83493
0.981691
0.573014
0.225829
0.745845
0.43595
0.620412
0.447309
0.989447
0.811949
0.547897
0.987216
0.690913
0.466587
0.292464
0.462057
0.834971
0.846203
0.88996
0.716401
0.997747
0.752078
0.997807
0.406986
0.66591
0.442629
0.682988
0.344455
0.235284
0.393361
0.294653
0.870048
0.486973
0.218132
0.846355
0.348571
0.851425
0.745889
0.342777
0.304105
0.510228
0.613617
0.998923
0.845264
0.717361
0.495521
0.8212
0.556854
0.615757
0.733366
0.834179
0.786722
0.317544
0.714254
0.307758
0.742486
0.573241
0.430673
0.778803
0.681891
0.310511
0.777899
0.980633
0.459718
0.599336
0.569176
0.208302
0.690639
0.688701
0.857277
0.767401
0.743176
0.558243
0.576709
0.211695
0.682267
0.303514
0.610839
0.469131
0.749701
0.753216
0.331387
0.715364
0.3573
0.552079
0.658536
0.723595
0.666739
0.89025
0.800024
0.887568
0.890504
0.66285
0.222409
0.678799
0.487311
0.661005
0.630313
0.831985
0.579196
0.995849
0.38359
0.455961
0.829255
0.536688
0.833178
0.854325
0.903519
0.387525
0.81583
0.809866
0.320171
0.591403
0.866311
0.831931
0.290039
0.331115
0.804331
0.881321
0.324177
0.729148
0.289706
0.357279
0.357755
0.475134
0.465298
0.801029
0.248538
0.730146
0.582671
0.334313
0.826518
0.842175
0.794339
0.77517
0.792535
0.892413
0.356979
0.306462
0.932275
0.535727
0.811893
0.570951
0.860225
0.789484
0.697916
0.727835
0.528272
0.768907
0.557705
0.724244
0.790798
0.784433
0.336804
0.500772
0.881237
0.898046
0.93441
0.864856
0.836636
0.991152
0.638231
0.91775
0.651929
0.814432
0.215018
0.870765
0.868125
0.231765
0.441154
0.244556
0.532567
0.293737
0.682655
0.743599
0.282122
0.924858
0.779503
0.59566
0.602783
0.456422
0.699285
0.962064
0.582629
0.879465
0.314589
0.750333
0.531087
0.569156
0.996078
0.867333
0.544949
0.473483
0.59616
0.906226
0.726362
0.636443
0.864869
0.95256
0.835579
0.575131
0.874968
0.856493
0.486595
0.837973
0.448079
0.719152
0.999464
0.625165
0.910985
0.763542
0.215979
0.666448
0.632156
0.634936
0.808692
0.75404
0.71389
0.34145
0.875589
0.301563
0.532904
0.24976
0.344297
0.755007
0.907207
0.66168
0.971561
0.875324
0.486973
0.999984
0.562644
0.723742
0.770062
0.89577
0.694198
0.76745
0.937613
0.518826
0.730201
0.873208
0.999299
0.847613
0.68526
0.324862
0.816532
0.833636
0.796452
0.43149
0.643135
0.336069
0.311319
0.589599
0.260715
0.856286
0.419071
0.728856
0.772165
0.93483
0.918814
0.841774
0.54238
0.791922
0.945181
0.705218
0.238268
0.550389
0.415079
0.377452
0.725863
0.519655
0.800782
0.630273
0.667778
0.470078
0.806557
0.264485
0.382393
0.704565
0.993498
0.535943
0.82343
0.928514
0.997848
0.761009
0.491362
0.662182
0.679268
0.905755
0.749151
0.379758
0.995785
0.931482
0.636557
0.201806
0.746267
0.927258
0.538655
0.802797
0.779798
0.888617
0.304903
0.687275
0.561726
0.644183
0.572268
0.217332
0.803727
0.29095
0.772312
0.478823
0.64563
0.473486
0.767833
0.661106
0.99691
0.38888
0.399078
0.579289
0.724577
0.308877
0.485709
0.390745
0.336957
0.816061
0.857422
0.776083
0.89967
0.221015
0.702729
0.999155
0.461842
0.579436
0.616952
0.356478
0.865978
0.907793
0.545295
0.666907
0.256242
0.80455
0.388551
0.878764
0.549178
0.246659
0.384544
0.814522
0.779389
0.319592
0.736627
0.915676
0.799893
0.482545
0.390392
0.933481
0.909672
0.224993
0.512686
0.410262
0.427355
0.427768
0.676228
0.203755
0.411707
0.664775
0.68404
0.245732
0.543227
0.227097
0.63843
0.650373
0.678232
0.67884
0.365283
0.843292
0.303849
0.340207
0.867554
0.628798
0.561189
0.830062
0.758473
0.270169
0.476109
0.531507
0.270155
0.997823
0.973992
0.844254
0.537184
0.275168
0.848736
0.575729
0.68543
0.825295
0.577275
0.204024
0.333368
0.308868
0.79869
0.588031
0.823251
0.452588
0.482422
0.899724
0.235247
0.702953
0.816571
0.403431
0.998854
0.855731
0.523229
0.999099
0.32742
0.806673
0.897506
0.851137
0.604024
0.585426
0.654497
0.824732
0.469473
0.796969
0.540224
0.216455
0.805583
0.261589
0.641422
0.87565
0.32443
0.218143
0.264347
0.70588
0.630535
0.434001
0.693982
0.66366
0.662134
0.261028
0.662576
0.565433
0.901024
0.564267
0.388225
0.311059
0.769847
0.744
0.225675
0.475381
0.538481
0.542422
0.79946
0.714071
0.534539
0.717756
0.99826
0.743224
0.53176
0.694321
0.537454
0.777907
0.674248
0.569808
0.704828
0.656607
0.999817
0.477017
0.601868
0.518546
0.419836
0.899443
0.671078
0.587813
0.753235
0.450405
0.741632
0.315724
0.990054
0.277036
0.729863
0.36029
0.740006
0.901301
0.37663
0.723408
0.877599
0.676137
0.37955
0.999176
0.794724
0.534812
0.837927
0.30815
0.525477
0.601256
0.856795
0.357714
0.383402
0.686636
0.555657
0.79757
0.713219
0.334975
0.69773
0.318654
0.406666
0.33096
0.408975
0.698841
0.887978
0.591775
0.75948
0.832787
0.578482
0.331454
0.235146
0.219146
0.871934
0.66141
0.204365
0.584664
0.865296
0.83167
0.213955
0.859164
0.997267
0.427427
0.668719
0.997712
0.3247
0.635079
0.615514
0.78329
0.618954
0.641028
0.855999
0.527629
0.511096
0.76354
0.5361
0.78798
0.284918
0.617507
0.553904
0.20085
0.294928
0.359254
0.980645
0.989271
0.99638
0.263292
0.683865
0.673781
0.975561
0.882418
0.367491
0.825329
0.922748
0.571873
0.303751
0.512473
0.677451
0.906832
0.362324
0.428616
0.990081
0.299064
0.668873
0.686896
0.289796
0.558192
0.731974
0.294109
0.215852
0.717154
0.295814
0.307297
0.295041
0.495838
0.316418
0.922117
0.831636
0.320271
0.512801
0.801387
0.393192
0.400259
0.718608
0.882062
0.850845
0.701898
0.274068
0.729523
0.477737
0.777763
0.872777
0.421617
0.730167
0.492147
0.326351
0.595128
0.928157
0.387116
0.635038
0.716089
0.571314
0.383667
0.553665
0.537389
0.214477
0.966593
0.655614
0.293468
0.232626
0.999898
0.429477
0.431742
0.461961
0.977449
0.418242
0.85279
0.686186
0.784901
0.757088
0.829794
0.730858
0.859811
0.799162
0.257283
0.713447
0.738821
0.600095
0.806896
0.915276
0.642787
0.999255
0.720037
0.799768
0.400296
0.501838
0.437482
0.810319
0.61179
0.99805
0.910525
0.415386
0.441482
0.987998
0.230605
0.848368
0.403418
0.234611
0.282003
0.236419
0.505283
0.599807
0.268186
0.846228
0.347942
0.231405
0.330496
0.776393
0.996092
0.242057
0.714066
0.999406
0.547847
0.291022
0.543254
0.771755
0.720662
0.851443
0.750427
0.420799
0.502059
0.728498
0.383992
0.323927
0.462366
0.564723
0.356994
0.741605
0.457568
0.856959
0.230002
0.39504
0.829022
0.208124
0.784715
0.433707
0.527599
0.519974
0.887947
0.631171
0.92159
0.570541
0.888996
0.998835
0.246996
0.305997
0.285528
0.873911
0.234476
0.327324
0.637131
0.771873
0.592126
0.367324
0.989855
0.971556
0.249604
0.205356
0.918448
0.957224
0.999524
0.594651
0.390946
0.990072
0.668807
0.680475
0.806375
0.888803
0.734551
0.617642
0.367301
0.560982
0.789241
0.874489
0.391109
0.214342
0.578593
0.84178
0.435989
0.22796
0.405688
0.528164
0.481182
0.845193
0.767897
0.359534
0.272543
0.267357
0.799901
0.673157
0.636415
0.930476
0.746527
0.525864
0.311182
0.512297
0.55437
0.361452
0.413352
0.742168
0.889986
0.783247
0.570921
0.514643
0.47125
0.748432
0.61598
0.228353
0.818379
0.528572
0.79334
0.244398
0.458702
0.308141
0.47466
0.243946
0.69155
0.797489
0.218604
0.418536
0.713129
0.767849
0.812942
0.883532
0.390597
0.586286
0.658158
0.223558
0.996737
0.636435
0.472174
0.719808
0.782165
0.625114
0.308314
0.833288
0.885039
0.711046
0.779049
0.612882
0.951236
0.999978
0.452338
0.28043
0.848159
0.203252
0.816969
0.319862
0.997279
0.718341
0.257779
0.683211
0.880771
0.299988
0.803949
0.859025
0.632718
0.360215
0.620594
0.996687
0.656364
0.350966
0.777771
0.668184
0.463038
0.298411
0.522434
0.560626
0.76611
0.418564
0.559469
0.681797
0.58311
0.214142
0.227499
0.371361
0.592487
0.399271
0.466502
0.941456
0.539689
0.70315
0.347586
0.797356
0.251446
0.435952
0.99008
0.897103
0.422977
0.719777
0.578932
0.874316
0.403504
0.999316
0.996164
0.500039
0.891384
0.534871
0.615495
0.209511
0.881226
0.505881
0.217551
0.432744
0.562018
0.788599
0.277157
0.841393
0.201859
0.884838
0.764969
0.731513
0.586991
0.281043
0.799464
0.669377
0.315286
0.554604
0.872383
0.343988
0.834435
0.997722
0.526088
0.213819
0.722511
0.810515
0.993632
0.705885
0.246928
0.268486
0.478596
0.20168
0.850199
0.304255
0.293516
0.452644
0.993754
0.232006
0.410928
0.988639
0.995915
0.540274
0.330887
0.945098
0.931776
0.634043
0.999866
0.30382
0.725939
0.247239
0.827618
0.999061
0.63015
0.634673
0.500158
0.86374
0.358681
0.517269
0.979486
0.99542
0.818466
0.255445
0.898758
0.996685
0.258243
0.577159
0.954393
0.45155
0.971359
0.318377
0.258257
0.395674
0.771268
0.750025
0.349655
0.685319
0.748928
0.571632
0.732838
0.594303
0.578166
0.326715
0.268718
0.876154
0.270242
0.865174
0.544378
0.230548
0.79867
0.800843
0.535876
0.818224
0.890854
0.365269
0.42177
0.359414
0.222172
0.717345
0.636064
0.200912
0.486954
0.467626
0.353545
0.799451
0.323931
0.803313
0.25933
0.498825
0.757358
0.999039
0.867793
0.750458
0.873346
0.870001
0.582187
0.358467
0.776318
0.480512
0.591758
0.857555
0.874009
0.590452
0.444701
0.51663
0.935731
0.334786
0.23924
0.629838
0.275139
0.850659
0.52832
0.875086
0.250053
0.997156
0.869907
0.919699
0.874297
0.802148
0.627257
0.423498
0.57689
0.506996
0.498726
0.747046
0.62489
0.994953
0.78069
0.684812
0.732482
0.563971
0.319774
0.786976
0.4639
0.534004
0.599733
0.408167
0.822777
0.917155
0.674656
0.302046
0.243499
0.768887
0.378852
0.25966
0.282763
0.565284
0.923608
0.592713
0.951742
0.773996
0.731366
0.269658
0.495976
0.708259
0.814256
0.346042
0.516621
0.500961
0.798379
0.605922
0.570631
0.721953
0.655691
0.604869
0.529049
0.738398
0.75833
0.934605
0.666776
0.998946
0.708667
0.58462
0.869934
0.589994
0.600765
0.248993
0.38494
0.999751
0.374041
0.880562
0.853023
0.733101
0.543493
0.416743
0.698654
0.56275
0.743822
0.7003
0.632152
0.784664
0.999957
0.383277
0.818144
0.303262
0.418209
0.617174
0.618474
0.921904
0.419612
0.891516
0.259079
0.499741
0.396612
0.705732
0.842406
0.499848
0.73494
0.879291
0.613585
0.386587
0.451246
0.230687
0.85712
0.596702
0.572222
0.288448
0.406344
0.707039
0.447946
0.346966
0.887834
0.60922
0.998503
0.652868
0.273404
0.276776
0.29613
0.718787
0.23175
0.703586
0.352738
0.557979
0.215951
0.729079
0.445287
0.368721
0.206303
0.420357
0.746038
0.500029
0.849791
0.212085
0.938142
0.999382
0.602968
0.870953
0.999226
0.673567
0.579336
0.470281
0.785926
0.478095
0.46877
0.746608
0.736123
0.998539
0.799546
0.908697
0.626151
0.265168
0.791422
0.887993
0.997772
0.858946
0.937421
0.28231
0.275188
0.235449
0.235449
0.737086
0.28092
0.718824
0.777274
0.472216
0.846401
0.430068
0.738052
0.23693
0.533588
0.998821
0.75016
0.31049
0.765041
0.261457
0.582373
0.355143
0.214295
0.818364
0.59415
0.908252
0.824302
0.755058
0.335125
0.281587
0.675274
0.79978
0.221561
0.699751
0.710931
0.59554
0.516654
0.749069
0.817545
0.875653
0.660012
0.574382
0.263128
0.911021
0.35135
0.778163
0.768218
0.210856
0.588983
0.874523
0.651855
0.999786
0.692964
0.877485
0.66291
0.574422
0.87319
0.801132
0.434634
0.268061
0.338363
0.478995
0.829268
0.366528
0.726205
0.779701
0.400016
0.208996
0.792744
0.80869
0.570182
0.777155
0.836647
0.267568
0.930602
0.434797
0.999798
0.604673
0.782988
0.599284
0.585899
0.727479
0.522484
0.265024
0.340958
0.540947
0.519573
0.736302
0.673453
0.460897
0.418904
0.726943
0.787145
0.830934
0.222143
0.599584
0.383326
0.873667
0.452976
0.452976
0.531475
0.262401
0.980894
0.943423
0.767494
0.30923
0.389306
0.732509
0.436419
0.745832
0.556036
0.932871
0.479543
0.211637
0.434012
0.575569
0.289304
0.2214
0.280164
0.410164
0.598109
0.905864
0.664062
0.849262
0.398278
0.570175
0.918914
0.922891
0.409473
0.867167
0.843249
0.550611
0.557493
0.343914
0.594739
0.873119
0.579193
0.870624
0.557982
0.64803
0.743238
0.987086
0.254484
0.313568
0.335028
0.712647
0.247745
0.442516
0.600066
0.758822
0.321975
0.977277
0.690695
0.365982
0.734481
0.423771
0.96296
0.423974
0.582612
0.304842
0.736766
0.903673
0.999637
0.997819
0.214466
0.663535
0.628219
0.60983
0.213809
0.943491
0.922148
0.245592
0.230692
0.590237
0.99882
0.499596
0.831217
0.303278
0.809531
0.951365
0.888601
0.254392
0.340811
0.928351
0.588015
0.886527
0.588524
0.275514
0.705883
0.440887
0.799016
0.309927
0.238688
0.567373
0.699465
0.87055
0.472094
0.733386
0.372675
0.902583
0.750476
0.997145
0.999692
0.823015
0.865396
0.713491
0.579012
0.826757
0.490554
0.385839
0.474908
0.273259
0.369908
0.759294
0.215534
0.2722
0.999978
0.840126
0.720948
0.615272
0.850716
0.226107
0.687782
0.615847
0.401101
0.702422
0.314566
0.758616
0.857037
0.526137
0.246947
0.860127
0.261075
0.233095
0.484271
0.999994
0.220071
0.928945
0.214218
0.696312
0.725424
0.697241
0.467602
0.546535
0.615931
0.994781
0.299183
0.418438
0.821369
0.890089
0.6532
0.424474
0.381162
0.259924
0.246346
0.777475
0.652322
0.75032
0.281374
0.678309
0.380801
0.32544
0.821616
0.856673
0.225483
0.797817
0.668514
0.925341
0.254428
0.713672
0.226951
0.216564
0.560594
0.795877
0.313579
0.902101
0.741129
0.42788
0.952543
0.785502
0.945763
0.928396
0.916917
0.464585
0.946088
0.288422
0.327163
0.628219
0.668316
0.524094
0.317348
0.923405
0.43915
0.49051
0.898435
0.917575
0.250218
0.703227
0.361998
0.834343
0.606293
0.837943
0.925148
0.430956
0.86116
0.249239
0.912302
0.869255
0.404311
0.278839
0.524532
0.40514
0.2024
0.253031
0.458781
0.970005
0.28347
0.27087
0.328294
0.934943
0.849164
0.722929
0.396805
0.293674
0.842161
0.999923
0.862266
0.760415
0.474306
0.220131
0.435572
0.274593
0.416371
0.540319
0.643129
0.868927
0.737805
0.70735
0.997
0.998107
0.329218
0.789137
0.502667
0.730519
0.615463
0.626814
0.684931
0.955924
0.317156
0.381901
0.711839
0.994669
0.841268
0.544802
0.642484
0.811046
0.873098
0.594368
0.626881
0.460156
0.676713
0.859229
0.752344
0.229566
0.837461
0.20864
0.499899
0.204633
0.897804
0.776691
0.335188
0.354984
0.343823
0.409347
0.54666
0.770679
0.242056
0.4237
0.853124
0.495243
0.403118
0.910514
0.53834
0.703552
0.717955
0.587524
0.699626
0.850394
0.779868
0.956741
0.951472
0.945633
0.315404
0.678334
0.302345
0.203107
0.341205
0.629523
0.78953
0.506565
0.721717
0.242728
0.389243
0.384033
0.368235
0.646855
0.23621
0.23621
0.356975
0.835662
0.846
0.845596
0.34371
0.722205
0.624844
0.340326
0.318167
0.549711
0.74892
0.347645
0.747868
0.862317
0.977811
0.204525
0.673634
0.875072
0.893912
0.518115
0.380199
0.844323
0.861411
0.832826
0.591649
0.88243
0.605715
0.875788
0.914165
0.906475
0.266101
0.414255
0.670682
0.887396
0.604405
0.438453
0.396449
0.309691
0.438937
0.943075
0.763803
0.211433
0.763581
0.833071
0.399682
0.483351
0.641904
0.800605
0.518397
0.833785
0.568333
0.799195
0.764912
0.639505
0.998997
0.995733
0.996905
0.389545
0.544525
0.666094
0.830935
0.692212
0.969159
0.202083
0.748925
0.413873
0.406242
0.658697
0.99859
0.708267
0.596353
0.700068
0.867911
0.399791
0.783464
0.706866
0.246377
0.746357
0.498133
0.657712
0.705818
0.450452
0.868042
0.485097
0.335052
0.266915
0.758309
0.563429
0.547788
0.63677
0.212868
0.596529
0.459748
0.212414
0.429276
0.566959
0.775987
0.289313
0.753706
0.432117
0.431631
0.658587
0.754734
0.663126
0.486716
0.407161
0.938594
0.764356
0.785707
0.885653
0.839177
0.486146
0.714056
0.541616
0.740251
0.634966
0.950247
0.694144
0.533201
0.748907
0.807942
0.235338
0.313885
0.600234
0.856092
0.372373
0.877738
0.999999
0.502683
0.625278
0.45272
0.431885
0.662841
0.812119
0.528702
0.747031
0.546086
0.304801
0.498005
0.888962
0.294156
0.705676
0.321608
0.555906
0.666369
0.372489
0.23581
0.668043
0.250396
0.250396
0.222851
0.6225
0.558248
0.738226
0.703831
0.82925
0.874683
0.428329
0.489498
0.750882
0.210476
0.280735
0.84057
0.645895
0.996408
0.857089
0.593024
0.249955
0.882768
0.744148
0.266767
0.550728
0.383946
0.570435
0.851074
0.982641
0.809939
0.534501
0.234016
0.898135
0.588351
0.909154
0.945281
0.833196
0.633553
0.998397
0.246315
0.332654
0.682314
0.915257
0.666457
0.997552
0.515571
0.344938
0.85558
0.60156
0.733606
0.360653
0.262847
0.208552
0.767565
0.888805
0.555113
0.292416
0.876825
0.221605
0.346623
0.574624
0.501731
0.543165
0.999265
0.977388
0.577421
0.323024
0.990786
0.938546
0.741464
0.206074
0.715011
0.784692
0.765664
0.328242
0.593643
0.230623
0.872572
0.49098
0.315749
0.277573
0.344278
0.666449
0.999833
0.732728
0.7015
0.523464
0.459213
0.856979
0.726618
0.422941
0.381952
0.734526
0.376883
0.773974
0.41219
0.899694
0.753604
0.999848
0.847782
0.279563
0.770938
0.280049
0.368689
0.918923
0.875486
0.662983
0.874378
0.737712
0.748969
0.718737
0.334462
0.726939
0.887946
0.715369
0.92569
0.730203
0.905981
0.431752
0.723551
0.512935
0.706152
0.587409
0.637618
0.44533
0.767414
0.877787
0.998583
0.273764
0.351469
0.281141
0.879014
0.278033
0.268585
0.566005
0.435487
0.249348
0.856173
0.231836
0.927757
0.219184
0.74785
0.260918
0.587544
0.204336
0.854022
0.388751
0.786533
0.211171
0.584137
0.744342
0.437853
0.539512
0.856358
0.497929
0.450677
0.999761
0.561698
0.874306
0.890128
0.489008
0.492257
0.597929
0.669833
0.834867
0.995403
0.8047
0.844824
0.589765
0.309331
0.999425
0.345478
0.667427
0.999607
0.828158
0.714786
0.258342
0.442362
0.667469
0.352207
0.812962
0.854297
0.841592
0.798871
0.30977
0.39257
0.786209
0.592477
0.404829
0.313395
0.673456
0.777851
0.582438
0.775264
0.911172
0.276371
0.857149
0.29154
0.312827
0.872878
0.505976
0.674982
0.261582
0.863787
0.703919
0.499852
0.697028
0.739548
0.374941
0.847828
0.829601
0.823515
0.824039
0.649082
0.90823
0.999953
0.203543
0.873629
0.492146
0.783286
0.331808
0.697324
0.524581
0.250545
0.548079
0.921657
0.873052
0.360959
0.631941
0.677674
0.836032
0.533034
0.761105
0.762174
0.314296
0.425391
0.946733
0.642401
0.221879
0.879706
0.333903
0.524754
0.997909
0.866282
0.761692
0.219169
0.334729
0.664906
0.986334
0.362054
0.927642
0.636358
0.489525
0.596705
0.819411
0.70754
0.236321
0.368188
0.898354
0.644373
0.222113
0.908813
0.268808
0.473672
0.986192
0.559768
0.336487
0.222594
0.523556
0.984489
0.444103
0.78788
0.673391
0.929523
0.239695
0.591903
0.40837
0.697975
0.240705
0.789451
0.979523
0.386894
0.725826
0.846674
0.813261
0.823469
0.645952
0.706951
0.843184
0.73983
0.335751
0.249038
0.773725
0.929542
0.895561
0.833378
0.263091
0.227197
0.599679
0.245527
0.291763
0.204097
0.881664
0.611602
0.376467
0.237841
0.898202
0.874339
0.684232
0.523783
0.500348
0.469677
0.266736
0.465933
0.415679
0.908791
0.845043
0.864931
0.845724
0.533239
0.845428
0.635971
0.78047
0.844503
0.202673
0.888092
0.481006
0.666966
0.651782
0.593203
0.517327
0.590678
0.798574
0.608
0.75751
0.992183
0.667201
0.549839
0.624042
0.336188
0.238546
0.308016
0.603298
0.780373
0.463673
0.830715
0.506018
0.98972
0.932877
0.61543
0.358158
0.875597
0.555977
0.507885
0.225818
0.499715
0.610773
0.470835
0.632905
0.668893
0.245863
0.814927
0.590143
0.382557
0.789483
0.788921
0.796008
0.485699
0.582206
0.401665
0.698531
0.868078
0.87491
0.837915
0.504369
0.741383
0.569174
0.500017
0.903993
0.993739
0.503469
0.50058
0.289987
0.999993
0.624623
0.567546
0.525571
0.923694
0.749686
0.920975
0.542922
0.721434
0.334264
0.983692
0.946467
0.81289
0.645822
0.881043
0.751772
0.285887
0.426619
0.516709
0.546353
0.675956
0.793212
0.862635
0.830863
0.596394
0.690828
0.666583
0.846736
0.249336
0.700957
0.724544
0.779822
0.857491
0.680564
0.32397
0.710253
0.847005
0.533809
0.799968
0.774426
0.818107
0.385132
0.82426
0.588283
0.657111
0.750072
0.258715
0.226814
0.596465
0.702102
0.505396
0.45423
0.607287
0.314847
0.796361
0.282223
0.73732
0.662324
0.219448
0.441921
0.698479
0.414005
0.87217
0.400232
0.748075
0.765909
0.639365
0.904677
0.91168
0.273863
0.365044
0.487648
0.701629
0.485613
0.855888
0.328836
0.700618
0.716716
0.452692
0.838813
0.530688
0.237033
0.591624
0.460699
0.239029
0.810579
0.998783
0.681322
0.582758
0.593329
0.542726
0.255026
0.999743
0.304885
0.736508
0.338732
0.832996
0.847057
0.857027
0.874454
0.943704
0.368453
0.718331
0.786033
0.859176
0.375775
0.754205
0.623905
0.562209
0.251972
0.353883
0.997807
0.318384
0.573062
0.997102
0.608376
0.301275
0.799497
0.279452
0.548291
0.99205
0.893387
0.701766
0.796821
0.907532
0.811333
0.4986
0.699257
0.584547
0.607946
0.747387
0.760779
0.752253
0.99727
0.84535
0.595979
0.998011
0.726778
0.688627
0.761555
0.748902
0.30731
0.764276
0.791803
0.326407
0.717431
0.595807
0.744111
0.888969
0.922003
0.793971
0.270727
0.850457
0.658206
0.272132
0.411611
0.75057
0.784385
0.89345
0.297528
0.77762
0.593616
0.873859
0.570407
0.200534
0.947762
0.626199
0.245473
0.80175
0.555659
0.382589
0.886134
0.753447
0.558663
0.293262
0.463977
0.231116
0.773286
0.538679
0.990021
0.556923
0.318917
0.938869
0.943396
0.612767
0.566381
0.574398
0.833226
0.495152
0.317222
0.92344
0.99944
0.479863
0.233194
0.518782
0.814253
0.474849
0.774962
0.735855
0.422045
0.387971
0.996302
0.860001
0.735424
0.21092
0.443152
0.662674
0.871687
0.302215
0.861596
0.780773
0.404668
0.828267
0.70723
0.825661
0.387727
0.399842
0.873968
0.828668
0.414145
0.859304
0.620976
0.624129
0.784275
0.210623
0.626909
0.84932
0.670249
0.798412
0.601481
0.628418
0.652333
0.250151
0.552413
0.607368
0.315702
0.989238
0.651819
0.203292
0.692707
0.515785
0.38659
0.36351
0.580105
0.44672
0.30185
0.750663
0.832331
0.203053
0.988868
0.714825
0.695649
0.845984
0.396817
0.406248
0.688782
0.666413
0.432369
0.992521
0.619855
0.693218
0.964367
0.809386
0.299525
0.804227
0.844915
0.823047
0.254959
0.590882
0.208077
0.515237
0.28782
0.400698
0.273484
0.880979
0.519896
0.648006
0.560068
0.357773
0.587422
0.999247
0.525716
0.480741
0.392177
0.768614
0.373559
0.359039
0.820269
0.66737
0.33733
0.335742
0.207099
0.427957
0.236409
0.243377
0.273751
0.570909
0.266774
0.699678
0.52423
0.855009
0.60524
0.625537
0.577501
0.989499
0.632342
0.816449
0.865799
0.953752
0.347373
0.985409
0.925651
0.865276
0.383093
0.257022
0.905335
0.800256
0.484637
0.617311
0.997948
0.856855
0.924193
0.30433
0.913057
0.763608
0.599454
0.793143
0.815232
0.491503
0.615333
0.456718
0.724338
0.975298
0.26125
0.407334
0.754923
0.761115
0.78467
0.678616
0.793127
0.709879
0.682311
0.543826
0.744519
0.907679
0.595579
0.449741
0.937242
0.455365
0.245235
0.928201
0.847852
0.841812
0.632585
0.221067
0.221849
0.450345
0.496774
0.442791
0.68802
0.9267
0.656018
0.571279
0.59757
0.490122
0.386976
0.513675
0.669161
0.424055
0.854866
0.237208
0.734748
0.200244
0.524742
0.321745
0.478857
0.232374
0.928489
0.446914
0.799651
0.697728
0.67676
0.747475
0.247503
0.777743
0.878493
0.231393
0.47774
0.685818
0.813267
0.501522
0.301073
0.285396
0.842626
0.900988
0.206851
0.547472
0.753527
0.762638
0.569886
0.895543
0.651992
0.668611
0.490529
0.249142
0.861805
0.955757
0.717494
0.23198
0.741998
0.317556
0.968084
0.277922
0.564612
0.300378
0.217674
0.332054
0.285246
0.809191
0.227302
0.247109
0.992607
0.503577
0.97258
0.267227
0.695553
0.921273
0.368243
0.807626
0.793842
0.803123
0.927535
0.808873
0.449954
0.566196
0.410862
0.918562
0.993664
0.420971
0.468516
0.225136
0.821436
0.781274
0.94559
0.776168
0.718805
0.866492
0.6034
0.808234
0.568904
0.618829
0.925273
0.512498
0.67217
0.709518
0.936468
0.58577
0.828227
0.616443
0.619357
0.631814
0.999942
0.692279
0.4759
0.748409
0.638608
0.250018
0.624337
0.998551
0.700975
0.895293
0.996685
0.834411
0.262625
0.316909
0.381152
0.769701
0.360569
0.549165
0.43772
0.720543
0.436478
0.732972
0.413314
0.857111
0.722049
0.600044
0.410753
0.774194
0.239547
0.672624
0.575213
0.494962
0.258393
0.23414
0.798132
0.244965
0.95126
0.826096
0.629058
0.803758
0.496955
0.337293
0.832008
0.567818
0.445449
0.291948
0.351744
0.998628
0.664022
0.682574
0.930735
0.206936
0.788659
0.367458
0.564294
0.755818
0.297552
0.842448
0.959089
0.853687
0.633427
0.874729
0.81724
0.666107
0.691205
0.517752
0.889596
0.671886
0.524004
0.56578
0.290832
0.27046
0.369728
0.352885
0.268629
0.854939
0.995939
0.707973
0.888204
0.210461
0.390874
0.761787
0.268326
0.210444
0.810895
0.677187
0.228215
0.928016
0.494769
0.745918
0.208507
0.457917
0.799106
0.828023
0.313799
0.589857
0.488579
0.926363
0.730632
0.980085
0.294621
0.253102
0.899002
0.872304
0.670609
0.690819
0.746381
0.949813
0.262712
0.609734
0.291716
0.87101
0.365537
0.692714
0.367861
0.767735
0.368618
0.760074
0.700319
0.790281
0.866378
0.811864
0.814014
0.871509
0.961583
0.636082
0.866154
0.928182
0.802452
0.217203
0.464815
0.461211
0.823826
0.584644
0.761997
0.862457
0.939063
0.864324
0.823138
0.776972
0.358107
0.659291
0.794771
0.712797
0.567124
0.59585
0.841808
0.846982
0.410122
0.916098
0.7755
0.218716
0.661323
0.605266
0.277256
0.896488
0.847984
0.419103
0.678504
0.924353
0.857795
0.374691
0.948643
0.434604
0.749729
0.819625
0.986993
0.999276
0.335357
0.545805
0.27272
0.991334
0.882761
0.336506
0.89833
0.763587
0.207427
0.22213
0.743425
0.857082
0.693169
0.669663
0.7998
0.368557
0.262421
0.426871
0.69611
0.636356
0.364079
0.600605
0.267062
0.49957
0.615024
0.68743
0.279046
0.429505
0.51395
0.859251
0.348906
0.536747
0.804988
0.30861
0.867297
0.280764
0.812295
0.775544
0.29596
0.578925
0.265241
0.539419
0.805516
0.665249
0.900578
0.800043
0.556938
0.799064
0.664765
0.250782
0.329846
0.660726
0.788123
0.74282
0.317559
0.663357
0.498799
0.301294
0.880319
0.99973
0.650997
0.352456
0.631185
0.493216
0.577334
0.702034
0.691025
0.682868
0.935072
0.782738
0.711328
0.807869
0.714166
0.211009
0.268356
0.843639
0.805517
0.686451
0.995683
0.478378
0.688741
0.246089
0.396005
0.304831
0.944192
0.911849
0.866313
0.785629
0.45455
0.254472
0.937931
0.233799
0.331627
0.999847
0.642826
0.772714
0.572612
0.66685
0.998652
0.641058
0.40929
0.54217
0.280216
0.202358
0.584705
0.785269
0.804506
0.358787
0.847779
0.725749
0.996337
0.572374
0.237087
0.884461
0.788399
0.747241
0.636437
0.856999
0.375697
0.293419
0.762084
0.599675
0.879925
0.999976
0.362418
0.544068
0.503611
0.888741
0.325704
0.496057
0.999415
0.525564
0.832118
0.982557
0.996542
0.472724
0.738433
0.702663
0.760545
0.805978
0.770128
0.811758
0.583458
0.207804
0.637626
0.691069
0.970672
0.749303
0.497585
0.387389
0.281462
0.365812
0.564433
0.479687
0.397206
0.520617
0.277715
0.999005
0.67531
0.868077
0.653885
0.606361
0.624995
0.854438
0.400906
0.426972
0.999255
0.810036
0.852839
0.3544
0.998156
0.288479
0.99659
0.302406
0.885815
0.332104
0.815158
0.615577
0.286097
0.643421
0.775656
0.460077
0.375778
0.309361
0.342445
0.214205
0.270863
0.540306
0.571062
0.997143
0.813031
0.613229
0.464686
0.876778
0.317547
0.741883
0.430309
0.813365
0.435116
0.327204
0.805225
0.454834
0.571217
0.665175
0.838175
0.275897
0.751509
0.350142
0.791816
0.276257
0.899988
0.434001
0.952663
0.996618
0.65647
0.985246
0.743379
0.999515
0.587639
0.216662
0.891787
0.862101
0.943377
0.483913
0.720519
0.999582
0.92355
0.4215
0.51146
0.729767
0.994702
0.22025
0.867737
0.521222
0.406481
0.203952
0.670003
0.237853
0.774857
0.917714
0.700203
0.299684
0.646112
0.46025
0.769306
0.35515
0.676277
0.808285
0.839846
0.431378
0.655224
0.825823
0.792895
0.422816
0.615148
0.800806
0.820485
0.628975
0.984784
0.767168
0.691745
0.922761
0.407325
0.455193
0.857073
0.853536
0.881435
0.816369
0.581063
0.812567
0.704292
0.278739
0.645591
0.927275
0.449697
0.598216
0.203222
0.933529
0.660847
0.770926
0.771232
0.3907
0.689305
0.22122
0.437773
0.446407
0.49133
0.749459
0.777187
0.234324
0.468194
0.62503
0.291717
0.465263
0.644813
0.666469
0.538679
0.733165
0.812419
0.544
0.889525
0.801047
0.345288
0.998594
0.922176
0.879955
0.316896
0.582367
0.749567
0.783702
0.39804
0.39097
0.595829
0.556081
0.600675
0.849639
0.653977
0.788886
0.296453
0.901858
0.530905
0.250607
0.302174
0.481723
0.399772
0.524199
0.543934
0.79967
0.802091
0.797145
0.938327
0.580416
0.813016
0.397466
0.796471
0.484111
0.717626
0.798243
0.456213
0.998286
0.211288
0.875917
0.657379
0.698821
0.780963
0.913381
0.259679
0.648603
0.666616
0.277523
0.857183
0.847775
0.68138
0.371956
0.673177
0.411842
0.270056
0.815148
0.371718
0.213868
0.28757
0.444858
0.635008
0.318949
0.344142
0.323801
0.857918
0.203348
0.240181
0.279358
0.806404
0.926135
0.85485
0.65008
0.511229
0.675007
0.783367
0.821673
0.437033
0.699039
0.773439
0.932768
0.864429
0.695913
0.263758
0.822859
0.758879
0.994513
0.932351
0.355214
0.780546
0.341959
0.728313
0.293061
0.534617
0.919111
0.596037
0.430458
0.794945
0.324709
0.606046
0.756922
0.84269
0.269564
0.873529
0.833305
0.656598
0.995839
0.865631
0.247435
0.461393
0.773881
0.681799
0.647837
0.363062
0.729063
0.92632
0.862194
0.984032
0.745875
0.638456
0.424824
0.538464
0.279011
0.641457
0.595342
0.854077
0.466879
0.751012
0.392029
0.851963
0.662903
0.812079
0.759873
0.686289
0.546049
0.855261
0.299353
0.666505
0.732687
0.482278
0.878807
0.958066
0.415278
0.480429
0.802529
0.376135
0.428725
0.320097
0.505958
0.352273
0.730135
0.636502
0.514721
0.377164
0.750897
0.644403
0.866712
0.990719
0.622028
0.99789
0.616336
0.354066
0.687364
0.373436
0.402547
0.236408
0.228762
0.276396
0.284574
0.490112
0.698513
0.733904
0.431736
0.993392
0.545267
0.886913
0.826621
0.976546
0.453062
0.830133
0.771116
0.455648
0.691599
0.704048
0.871168
0.986723
0.656971
0.340748
0.412711
0.666056
0.249778
0.546528
0.272124
0.272124
0.311043
0.665894
0.699343
0.267985
0.597251
0.340905
0.56055
0.999598
0.906056
0.450233
0.831494
0.437155
0.453911
0.797884
0.366294
0.834468
0.776189
0.491389
0.698687
0.234008
0.978874
0.821165
0.932442
0.278814
0.89791
0.218522
0.863116
0.993837
0.266206
0.966073
0.660038
0.281048
0.803703
0.624004
0.238349
0.811906
0.928331
0.731519
0.573689
0.886917
0.749921
0.276623
0.740538
0.390258
0.80309
0.874461
0.26775
0.684615
0.679668
0.999267
0.534813
0.519191
0.580387
0.694953
0.450534
0.572275
0.507024
0.706533
0.77412
0.818581
0.987523
0.812546
0.242036
0.951088
0.704387
0.739681
0.507719
0.452966
0.794298
0.551683
0.744728
0.587535
0.927095
0.996186
0.231701
0.587654
0.411968
0.545856
0.887488
0.483074
0.91779
0.867968
0.268772
0.824165
0.996637
0.833141
0.899904
0.281565
0.506679
0.779317
0.799885
0.995749
0.548614
0.261868
0.687083
0.787215
0.691824
0.612476
0.216148
0.286484
0.543502
0.669322
0.438491
0.737651
0.718712
0.7822
0.994131
0.979233
0.620937
0.678735
0.898893
0.666839
0.853642
0.921029
0.63988
0.775743
0.831909
0.504371
0.518549
0.590688
0.42907
0.724248
0.405712
0.27972
0.330717
0.272675
0.760487
0.393537
0.928043
0.526728
0.314011
0.605664
0.718073
0.999345
0.800953
0.332011
0.216568
0.781812
0.607552
0.466208
0.849147
0.982585
0.34128
0.350923
0.93329
0.73371
0.99784
0.932639
0.230138
0.930681
0.308894
0.76727
0.993614
0.606226
0.843233
0.913292
0.445312
0.277765
0.550146
0.641553
0.995175
0.563511
0.907265
0.413429
0.229669
0.99524
0.643943
0.846952
0.40445
0.319536
0.47744
0.873246
0.268329
0.518484
0.641205
0.797349
0.386621
0.547189
0.843208
0.886112
0.200665
0.786222
0.771781
0.812572
0.429148
0.533075
0.815469
0.508749
0.484492
0.537285
0.996471
0.583435
0.356433
0.977541
0.632133
0.317196
0.252683
0.751376
0.635895
0.383226
0.903691
0.593163
0.395086
0.555044
0.891624
0.401133
0.781306
0.363021
0.452087
0.609158
0.529042
0.833762
0.904195
0.959089
0.507161
0.699774
0.600077
0.312086
0.239081
0.503039
0.619321
0.249944
0.846302
0.636351
0.892284
0.647262
0.670055
0.768663
0.666402
0.352208
0.584273
0.903463
0.38066
0.600077
0.750778
0.305949
0.258476
0.555981
0.859249
0.310093
0.899992
0.85052
0.90408
0.922644
0.273775
0.429112
0.81234
0.804718
0.777296
0.999815
0.681581
0.452025
0.7943
0.730719
0.794066
0.659061
0.624679
0.312822
0.809327
0.799457
0.321306
0.262187
0.83381
0.28217
0.288053
0.322838
0.409315
0.989808
0.439918
0.795272
0.223631
0.556089
0.547267
0.799299
0.420703
0.98228
0.929971
0.567326
0.798798
0.288098
0.445363
0.321659
0.621984
0.368794
0.492614
0.883082
0.361577
0.44154
0.588084
0.517989
0.612416
0.558066
0.715022
0.844873
0.658306
0.275775
0.485736
0.713833
0.419197
0.343091
0.999584
0.573741
0.813126
0.254708
0.854417
0.999939
0.222286
0.551005
0.572687
0.890106
0.821992
0.374521
0.611493
0.206047
0.66389
0.931045
0.740009
0.830399
0.79987
0.999836
0.666714
0.579143
0.625433
0.742831
0.435382
0.502111
0.314097
0.502117
0.815806
0.54156
0.273256
0.942156
0.562468
0.730422
0.30471
0.27792
0.544357
0.658807
0.279373
0.928389
0.732243
0.592436
0.666201
0.238318
0.590585
0.721145
0.52573
0.539263
0.355018
0.461854
0.889674
0.219038
0.469595
0.466468
0.775486
0.599728
0.729549
0.85623
0.425877
0.32707
0.300818
0.334917
0.350471
0.853714
0.897639
0.300286
0.867334
0.315016
0.751974
0.67169
0.999361
0.870718
0.760943
0.545474
0.203671
0.502471
0.200793
0.586579
0.746282
0.27937
0.312244
0.480071
0.484682
0.791372
0.227529
0.474885
0.289488
0.330481
0.812765
0.456351
0.909344
0.922002
0.753142
0.650775
0.231385
0.677324
0.717559
0.546343
0.862117
0.367189
0.910277
0.760089
0.858723
0.899581
0.23728
0.740517
0.967836
0.474044
0.916355
0.33121
0.36397
0.376199
0.650541
0.660279
0.473882
0.929376
0.300277
0.336486
0.999685
0.992348
0.750491
0.819832
0.727046
0.708766
0.578219
0.999463
0.822233
0.683866
0.356076
0.247026
0.8505
0.202942
0.984864
0.411562
0.304746
0.319669
0.381988
0.705003
0.665016
0.491002
0.697109
0.798265
0.669982
0.73663
0.833157
0.818893
0.601183
0.460755
0.70941
0.707275
0.653182
0.274465
0.73898
0.983296
0.467457
0.226749
0.716762
0.891932
0.632397
0.980577
0.973924
0.910384
0.532567
0.839269
0.338105
0.275194
0.333355
0.57882
0.568701
0.218837
0.811263
0.446939
0.5609
0.250269
0.206736
0.240451
0.91793
0.274323
0.966197
0.577906
0.868412
0.785867
0.292647
0.342657
0.222281
0.924185
0.66607
0.596861
0.770969
0.361964
0.210505
0.718027
0.812348
0.870357
0.567057
0.625741
0.406512
0.555204
0.671604
0.678139
0.955566
0.884159
0.475211
0.81808
0.762726
0.217315
0.286321
0.866332
0.928419
0.650783
0.94228
0.778861
0.680587
0.39625
0.634322
0.467083
0.284185
0.994374
0.464515
0.529268
0.684051
0.858676
0.291437
0.557265
0.53311
0.959788
0.857993
0.818358
0.53718
0.384515
0.857025
0.748633
0.703162
0.306071
0.700781
0.74034
0.42481
0.858478
0.634242
0.999816
0.932034
0.3217
0.901572
0.660804
0.993112
0.587053
0.673574
0.788919
0.958999
0.316987
0.23545
0.827933
0.35855
0.91327
0.844428
0.962024
0.898033
0.696711
0.582715
0.590813
0.67971
0.927638
0.233227
0.310075
0.242547
0.86889
0.433771
0.504229
0.230578
0.501409
0.919943
0.433748
0.321632
0.44507
0.546173
0.507293
0.33036
0.651074
0.857791
0.847334
0.587523
0.76128
0.822531
0.430748
0.861152
0.477892
0.743049
0.679502
0.313221
0.549576
0.817442
0.466376
0.856143
0.687641
0.263023
0.650555
0.35942
0.928363
0.652046
0.889664
0.320009
0.333555
0.643102
0.811296
0.280682
0.341641
0.603192
0.553569
0.862161
0.765243
0.507765
0.74823
0.60897
0.833285
0.478545
0.600603
0.855278
0.206731
0.32927
0.382059
0.820512
0.405803
0.214982
0.714596
0.950382
0.413868
0.599963
0.285414
0.305676
0.992342
0.893269
0.624318
0.245544
0.932972
0.625225
0.474537
0.97601
0.311874
0.81579
0.342722
0.990372
0.755742
0.822533
0.32946
0.281972
0.992111
0.632948
0.870079
0.930182
0.73506
0.797413
0.432039
0.698332
0.406211
0.824292
0.598235
0.357877
0.545537
0.931355
0.999993
0.856979
0.24872
0.741875
0.403089
0.66375
0.731856
0.593616
0.762415
0.88789
0.621086
0.681351
0.383146
0.613825
0.299161
0.673007
0.920829
0.224269
0.671431
0.413839
0.545535
0.806302
0.393523
0.678656
0.965191
0.899294
0.999165
0.496872
0.8878
0.621698
0.881917
0.57267
0.944223
0.456931
0.472401
0.785736
0.2565
0.229267
0.514873
0.338322
0.851768
0.52864
0.830107
0.717481
0.671337
0.799859
0.549783
0.545575
0.592764
0.439448
0.754333
0.537261
0.864824
0.747663
0.988817
0.841477
0.54621
0.832591
0.998136
0.927552
0.905125
0.355698
0.839464
0.823492
0.690415
0.342902
0.932793
0.243434
0.400068
0.241278
0.244334
0.303624
0.545307
0.801547
0.362098
0.767599
0.505172
0.513643
0.230206
0.306925
0.976249
0.665269
0.683499
0.755805
0.653419
0.664415
0.905058
0.722947
0.732343
0.466242
0.813647
0.875998
0.206535
0.427558
0.452143
0.331865
0.665441
0.897464
0.777676
0.794871
0.576107
0.319213
0.336629
0.820263
0.732242
0.670463
0.480455
0.859413
0.602867
0.446658
0.889382
0.70707
0.277479
0.666557
0.491121
0.863329
0.669505
0.953488
0.702589
0.404332
0.921951
0.920727
0.875146
0.641616
0.219234
0.813704
0.747564
0.873097
0.999761
0.768786
0.329411
0.708965
0.798798
0.666718
0.797204
0.738702
0.861264
0.409145
0.847198
0.265087
0.80957
0.858176
0.250458
0.450789
0.666664
0.727312
0.615789
0.283336
0.571234
0.460784
0.708981
0.865959
0.526402
0.765715
0.558038
0.643363
0.309569
0.484091
0.89615
0.583131
0.653493
0.289284
0.419094
0.49692
0.358594
0.995284
0.326487
0.720448
0.399685
0.885708
0.592471
0.987924
0.760493
0.854226
0.783455
0.992966
0.804904
0.404728
0.255298
0.800273
0.590912
0.393464
0.489711
0.849574
0.238629
0.816796
0.905196
0.685449
0.865046
0.285604
0.536071
0.60667
0.825091
0.510421
0.253429
0.870792
0.550161
0.788134
0.206331
0.545058
0.594403
0.804977
0.577439
0.96284
0.230979
0.879535
0.321864
0.692763
0.734925
0.719962
0.777006
0.582696
0.987602
0.831139
0.70948
0.64585
0.651923
0.33087
0.964588
0.991826
0.286914
0.396955
0.309374
0.251042
0.802435
0.61182
0.327212
0.999971
0.733419
0.88288
0.263484
0.691364
0.771555
0.843748
0.749833
0.41829
0.318347
0.778051
0.591917
0.650747
0.7331
0.735929
0.855852
0.45616
0.999321
0.997629
0.931007
0.648577
0.971384
0.38714
0.780093
0.36388
0.996341
0.544873
0.972781
0.623052
0.855888
0.203008
0.553241
0.998264
0.453866
0.424838
0.936485
0.230244
0.38694
0.845572
0.822119
0.874988
0.651191
0.542191
0.957929
0.606999
0.240159
0.340487
0.582955
0.281717
0.352087
0.397875
0.86898
0.684539
0.335802
0.335312
0.544372
0.860726
0.39515
0.501686
0.371997
0.839101
0.429726
0.336328
0.858241
0.224639
0.326337
0.753233
0.916059
0.308039
0.281237
0.343898
0.999848
0.472062
0.734322
0.655138
0.485946
0.67451
0.638621
0.666688
0.792856
0.683073
0.642752
0.793228
0.524134
0.216426
0.998944
0.498185
0.783463
0.586027
0.437785
0.763588
0.494323
0.837389
0.300428
0.60804
0.749164
0.684522
0.927905
0.860365
0.478207
0.345016
0.824515
0.684488
0.608667
0.870517
0.868331
0.298311
0.537961
0.789691
0.789691
0.371664
0.663576
0.810631
0.310267
0.739468
0.320806
0.87024
0.309791
0.808983
0.73168
0.636136
0.718244
0.405521
0.244284
0.771864
0.292718
0.686741
0.229724
0.710547
0.48243
0.501115
0.357356
0.664633
0.640982
0.716104
0.799484
0.664108
0.406409
0.330228
0.285952
0.906356
0.753275
0.203193
0.53678
0.719144
0.903107
0.454071
0.385044
0.62403
0.436115
0.615378
0.43978
0.5895
0.936611
0.999568
0.886627
0.449229
0.277299
0.424844
0.627017
0.336746
0.896491
0.79702
0.713964
0.486475
0.810215
0.377414
0.823096
0.218808
0.603563
0.955677
0.399732
0.800139
0.572809
0.594153
0.781769
0.755254
0.79167
0.547231
0.680746
0.453079
0.547962
0.224679
0.969615
0.87794
0.876668
0.811474
0.8724
0.994074
0.554438
0.29442
0.810893
0.837424
0.909744
0.251328
0.873074
0.231807
0.705743
0.217441
0.882939
0.998727
0.366466
0.751915
0.998986
0.900762
0.600289
0.861471
0.832697
0.4848
0.231351
0.47309
0.727878
0.776695
0.767982
0.576988
0.498469
0.711368
0.995792
0.466757
0.914528
0.276694
0.277583
0.387687
0.592202
0.550358
0.879552
0.755436
0.562863
0.382784
0.650685
0.383583
0.541057
0.692281
0.839318
0.210779
0.378131
0.225017
0.991969
0.452386
0.999176
0.733141
0.679558
0.620516
0.545768
0.44174
0.488379
0.930248
0.580421
0.966934
0.887454
0.406606
0.714341
0.291647
0.409153
0.742898
0.394373
0.7561
0.830481
0.281201
0.890655
0.4037
0.998936
0.352353
0.829207
0.306797
0.612147
0.466038
0.945795
0.994106
0.994849
0.501471
0.608913
0.410808
0.275226
0.5379
0.38163
0.77398
0.743079
0.817811
0.704127
0.60105
0.520413
0.551596
0.229584
0.832459
0.839615
0.611598
0.685049
0.667439
0.261921
0.967367
0.725406
0.770221
0.898371
0.777603
0.352267
0.879811
0.219338
0.374754
0.841583
0.488039
0.82928
0.997578
0.360056
0.78669
0.483543
0.784502
0.695222
0.382066
0.717146
0.308424
0.289605
0.84809
0.679075
0.582497
0.298026
0.454466
0.401644
0.529756
0.86765
0.228518
0.757938
0.799964
0.294971
0.347562
0.357014
0.51396
0.314148
0.458467
0.64289
0.596983
0.46132
0.839469
0.478625
0.216646
0.821101
0.30111
0.229975
0.558321
0.59519
0.76135
0.486253
0.677961
0.349701
0.489945
0.662167
0.81583
0.303822
0.712817
0.953968
0.607057
0.523102
0.333496
0.292082
0.742323
0.331201
0.718849
0.810286
0.706607
0.250854
0.687909
0.85185
0.326784
0.301653
0.801087
0.806871
0.488439
0.841541
0.662243
0.344331
0.999969
0.853931
0.318278
0.214865
0.735559
0.904476
0.999931
0.640724
0.653624
0.824382
0.513848
0.999276
0.581093
0.3973
0.783188
0.592775
0.749489
0.564217
0.527549
0.95291
0.99907
0.504989
0.894019
0.813515
0.512584
0.666706
0.333083
0.246325
0.732387
0.520026
0.515779
0.767837
0.751964
0.873143
0.930134
0.737137
0.254072
0.757107
0.818418
0.207355
0.451322
0.643048
0.646237
0.679843
0.45788
0.20228
0.344443
0.552989
0.395075
0.489225
0.848914
0.536738
0.22814
0.728055
0.438771
0.777455
0.636271
0.471231
0.824822
0.748753
0.80294
0.244115
0.542324
0.795419
0.865787
0.923114
0.533025
0.356221
0.811581
0.450301
0.971107
0.799884
0.621619
0.803496
0.232716
0.706041
0.409888
0.28665
0.414474
0.49994
0.62902
0.409044
0.262801
0.570868
0.713446
0.281611
0.40799
0.634193
0.505153
0.75174
0.648363
0.907349
0.440796
0.57464
0.428641
0.229366
0.463448
0.367888
0.663149
0.663053
0.855232
0.999757
0.482302
0.897669
0.240897
0.543278
0.961624
0.918112
0.923084
0.368676
0.898671
0.629714
0.239274
0.341008
0.599854
0.796942
0.800762
0.716847
0.780462
0.951801
0.411967
0.667221
0.264255
0.316666
0.85302
0.410261
0.403327
0.976913
0.845425
0.773527
0.251722
0.914312
0.869388
0.4556
0.726128
0.318797
0.497275
0.250731
0.384628
0.748246
0.437966
0.379398
0.456957
0.999156
0.441371
0.571999
0.760802
0.699901
0.474405
0.865668
0.727202
0.57912
0.847777
0.722512
0.822964
0.660494
0.357729
0.872349
0.857629
0.618616
0.813218
0.890521
0.751479
0.708827
0.822678
0.907495
0.234029
0.720459
0.819175
0.763751
0.880544
0.71655
0.899792
0.429242
0.922215
0.74916
0.823538
0.862842
0.35466
0.622167
0.660702
0.206012
0.852339
0.270371
0.753957
0.853046
0.868985
0.857068
0.725608
0.293103
0.646405
0.993265
0.318792
0.660268
0.999723
0.654835
0.998763
0.933767
0.503613
0.484576
0.68803
0.307192
0.504912
0.896214
0.714351
0.390193
0.695353
0.43525
0.43647
0.667659
0.863958
0.319014
0.380716
0.280935
0.887773
0.471701
0.317319
0.203857
0.623262
0.572919
0.7336
0.637648
0.23127
0.862796
0.848225
0.631761
0.282911
0.392896
0.781315
0.736709
0.291665
0.426089
0.343791
0.63274
0.452843
0.489223
0.994932
0.562393
0.94559
0.579519
0.927413
0.859189
0.990061
0.529586
0.720862
0.907837
0.680671
0.887531
0.921853
0.323806
0.601379
0.745405
0.339423
0.300922
0.506839
0.851148
0.612676
0.999959
0.414269
0.568862
0.21825
0.317852
0.609595
0.676236
0.67731
0.262611
0.739357
0.365425
0.562341
0.607296
0.798979
0.892104
0.452767
0.854619
0.777091
0.468098
0.34687
0.920307
0.874789
0.928184
0.713777
0.480471
0.417039
0.679494
0.522484
0.455675
0.861615
0.994634
0.592014
0.227056
0.848194
0.433084
0.54097
0.774488
0.244821
0.556907
0.330795
0.857221
0.601285
0.30019
0.619014
0.752712
0.247213
0.624995
0.750601
0.83261
0.535406
0.830314
0.401697
0.793367
0.243477
0.850618
0.905923
0.287786
0.841244
0.570094
0.39523
0.297727
0.922148
0.852945
0.407441
0.727001
0.476401
0.648667
0.520013
0.241115
0.685909
0.242716
0.800618
0.575009
0.240424
0.75157
0.863867
0.221942
0.233884
0.996331
0.398313
0.546015
0.608389
0.71433
0.386171
0.999946
0.604979
0.777439
0.39445
0.499391
0.777761
0.630167
0.998134
0.424121
0.426152
0.721111
0.440915
0.661558
0.86747
0.901635
0.462731
0.494322
0.749943
0.714897
0.562896
0.706372
0.642618
0.562746
0.484716
0.81156
0.825873
0.851911
0.714569
0.857568
0.713515
0.570236
0.776794
0.331399
0.919862
0.98167
0.775665
0.876794
0.749694
0.475828
0.407264
0.36225
0.311902
0.260492
0.87861
0.878348
0.571501
0.486548
0.376929
0.268163
0.760616
0.255059
0.261005
0.48886
0.451719
0.99113
0.515723
0.208126
0.631333
0.651144
0.78434
0.435577
0.555081
0.519877
0.290727
0.637891
0.543014
0.42969
0.780596
0.7355
0.777267
0.209303
0.296768
0.205392
0.724476
0.530091
0.300488
0.305449
0.305876
0.727134
0.767932
0.618066
0.261028
0.666894
0.544757
0.866765
0.300784
0.885538
0.269472
0.45128
0.711383
0.501571
0.263158
0.526767
0.833709
0.876235
0.609971
0.687519
0.833668
0.746897
0.795314
0.975395
0.389752
0.999794
0.722531
0.750638
0.718835
0.380076
0.614682
0.544352
0.812611
0.430118
0.201897
0.878162
0.721373
0.423645
0.827838
0.226345
0.999385
0.696049
0.290023
0.24577
0.769664
0.202279
0.337851
0.812715
0.961466
0.811594
0.263025
0.313328
0.996148
0.769369
0.689868
0.306218
0.874865
0.932604
0.672011
0.48732
0.73329
0.363817
0.833163
0.555397
0.332062
0.734109
0.88743
0.602867
0.413367
0.873231
0.426315
0.78061
0.881069
0.429633
0.462512
0.933084
0.773815
0.659508
0.807264
0.825448
0.48959
0.241442
0.264065
0.418017
0.472332
0.374461
0.400041
0.60554
0.806678
0.219696
0.452083
0.835045
0.773955
0.271665
0.874861
0.801447
0.879894
0.515244
0.457758
0.85746
0.937642
0.698004
0.728802
0.516575
0.253801
0.588983
0.99942
0.209718
0.858422
0.581666
0.230382
0.208895
0.544523
0.581783
0.764175
0.425005
0.504298
0.724305
0.826813
0.74786
0.388341
0.519359
0.269719
0.315699
0.517847
0.872974
0.668773
0.745528
0.665904
0.667184
0.69799
0.300905
0.832098
0.727203
0.305625
0.339425
0.692426
0.624922
0.924931
0.792302
0.710523
0.814587
0.340182
0.255552
0.257167
0.378366
0.482926
0.848028
0.303654
0.423354
0.800605
0.771569
0.2393
0.2393
0.222719
0.934916
0.381233
0.291036
0.820345
0.568344
0.494523
0.767274
0.456299
0.48073
0.577773
0.470357
0.460546
0.661192
0.237666
0.687012
0.681906
0.999654
0.532983
0.794071
0.644698
0.351839
0.747641
0.595026
0.206136
0.534581
0.999138
0.396678
0.722989
0.731049
0.899473
0.826211
0.332961
0.776677
0.853598
0.796409
0.800837
0.341078
0.844019
0.374182
0.726227
0.505963
0.570527
0.396215
0.830347
0.927776
0.21444
0.265577
0.875538
0.780058
0.298175
0.23451
0.666329
0.323704
0.479689
0.831616
0.319245
0.249125
0.211615
0.39395
0.543218
0.857143
0.390544
0.446589
0.637541
0.529389
0.203694
0.229856
0.5768
0.480775
0.593785
0.698012
0.290454
0.514482
0.999659
0.305364
0.401264
0.761991
0.392727
0.726066
0.687406
0.66509
0.903578
0.759801
0.650787
0.756625
0.467106
0.444776
0.837142
0.814873
0.927556
0.724168
0.92793
0.393284
0.770516
0.380989
0.259408
0.942149
0.666041
0.980576
0.314306
0.832128
0.743931
0.341491
0.881518
0.748583
0.712273
0.645867
0.502868
0.713241
0.936917
0.348794
0.975234
0.635581
0.613377
0.512929
0.549913
0.481579
0.639988
0.99677
0.26308
0.7029
0.741248
0.358494
0.289285
0.998932
0.669465
0.256922
0.244316
0.85625
0.288571
0.636546
0.410192
0.81957
0.8587
0.657519
0.974733
0.421717
0.923151
0.313083
0.928447
0.558237
0.236035
0.282598
0.856896
0.507405
0.93006
0.900225
0.860553
0.777807
0.748188
0.85064
0.501903
0.317817
0.512664
0.70757
0.749397
0.829594
0.999482
0.766749
0.648657
0.996134
0.292771
0.75452
0.624844
0.436271
0.401383
0.672128
0.997608
0.765481
0.381645
0.998593
0.72068
0.718695
0.812901
0.922647
0.992978
0.66569
0.756187
0.789813
0.836645
0.463935
0.490131
0.533325
0.792398
0.435541
0.286626
0.82113
0.272765
0.868743
0.948455
0.424379
0.373293
0.751005
0.208408
0.310712
0.771623
0.999664
0.812255
0.867588
0.217927
0.761975
0.306199
0.46392
0.706432
0.675093
0.670784
0.775031
0.848013
0.297378
0.825372
0.921709
0.347212
0.539298
0.665791
0.475015
0.475058
0.558062
0.330629
0.543458
0.458315
0.999174
0.771741
0.363065
0.247257
0.452624
0.813231
0.560098
0.762761
0.993797
0.255585
0.999999
0.728908
0.466009
0.813716
0.409396
0.460526
0.74221
0.644998
0.322856
0.927304
0.902398
0.923494
0.639011
0.828535
0.9802
0.875633
0.698799
0.833333
0.390744
0.328704
0.717698
0.76853
0.877586
0.427054
0.787744
0.899043
0.495123
0.381778
0.864718
0.933739
0.507511
0.265786
0.815737
0.888275
0.209822
0.980851
0.875663
0.244781
0.792858
0.833435
0.995393
0.213645
0.230792
0.859495
0.720586
0.348301
0.391815
0.677247
0.342941
0.578844
0.285704
0.732699
0.774724
0.524359
0.824515
0.588932
0.888108
0.324059
0.595261
0.600189
0.21101
0.644898
0.236851
0.807514
0.555367
0.661201
0.87187
0.840655
0.571924
0.33132
0.271021
0.927517
0.217043
0.877612
0.421942
0.835927
0.446119
0.653796
0.834646
0.22386
0.619036
0.7223
0.793744
0.98848
0.564426
0.958911
0.808411
0.404775
0.865081
0.240687
0.520042
0.899122
0.726661
0.327838
0.999624
0.48059
0.250539
0.295495
0.512738
0.671881
0.359974
0.350108
0.22156
0.317541
0.267493
0.459081
0.35871
0.744591
0.635646
0.572061
0.880013
0.279098
0.937754
0.507781
0.838489
0.354851
0.512483
0.788075
0.563937
0.996378
0.29084
0.577374
0.875574
0.249163
0.906179
0.99411
0.225777
0.359141
0.384773
0.365988
0.665622
0.309713
0.790889
0.38239
0.200923
0.79346
0.899372
0.31907
0.874408
0.996064
0.353718
0.999079
0.514815
0.508449
0.75113
0.98817
0.474707
0.383876
0.998221
0.772801
0.235362
0.334764
0.557948
0.842771
0.765914
0.732678
0.981477
0.688053
0.985731
0.783892
0.682638
0.714252
0.722617
0.502261
0.858651
0.982275
0.221672
0.251229
0.912331
0.586946
0.822279
0.703933
0.498309
0.240688
0.621322
0.999916
0.473394
0.966866
0.773866
0.830119
0.654465
0.785713
0.857327
0.260917
0.619239
0.824914
0.826622
0.976602
0.866327
0.693846
0.845164
0.804193
0.953311
0.965682
0.997294
0.439469
0.876621
0.773829
0.991408
0.356378
0.859711
0.732836
0.75416
0.450968
0.915978
0.999154
0.799976
0.760487
0.862224
0.46566
0.437048
0.909095
0.540191
0.578563
0.998503
0.973675
0.989884
0.999369
0.302701
0.392523
0.785188
0.99285
0.682839
0.658084
0.569267
0.262858
0.998181
0.866229
0.804523
0.871072
0.69298
0.712123
0.833791
0.703286
0.700516
0.873917
0.315896
0.285401
0.25137
0.788724
0.390173
0.657672
0.856955
0.786017
0.851273
0.66916
0.229767
0.420347
0.208347
0.882051
0.449921
0.592016
0.341177
0.704537
0.826056
0.863157
0.977418
0.257548
0.977069
0.332926
0.896664
0.856984
0.997676
0.846967
0.345146
0.575116
0.378641
0.531325
0.378367
0.252329
0.419205
0.676882
0.608892
0.398727
0.932745
0.454706
0.273535
0.234457
0.253484
0.852246
0.332796
0.618743
0.728842
0.484606
0.689319
0.875082
0.856955
0.594856
0.800301
0.267193
0.996966
0.581611
0.37627
0.782911
0.7728
0.999904
0.995377
0.751441
0.812474
0.357421
0.861013
0.832735
0.355917
0.730172
0.270974
0.520885
0.387178
0.529347
0.618333
0.933188
0.839287
0.278976
0.315704
0.579882
0.8681
0.756259
0.657351
0.733206
0.625845
0.512378
0.809788
0.71993
0.812481
0.701498
0.866581
0.651837
0.952391
0.356016
0.304122
0.305649
0.483767
0.417815
0.439702
0.656747
0.699166
0.350182
0.293392
0.56581
0.323446
0.698641
0.274243
0.825426
0.394285
0.606527
0.716822
0.284891
0.673797
0.434762
0.423569
0.357672
0.949751
0.526483
0.951298
0.631267
0.469581
0.737605
0.997843
0.881033
0.40252
0.227189
0.596942
0.753434
0.249934
0.487067
0.75406
0.850381
0.275476
0.23805
0.438394
0.562985
0.423033
0.542128
0.999221
0.581368
0.31997
0.610986
0.34536
0.321745
0.661132
0.51963
0.301255
0.413333
0.928537
0.452814
0.389479
0.785244
0.857961
0.330009
0.423491
0.630931
0.88739
0.289653
0.88665
0.252138
0.223485
0.874425
0.788463
0.886906
0.518405
0.630253
0.472552
0.590165
0.428955
0.217825
0.614224
0.547913
0.535993
0.857493
0.714511
0.327172
0.582329
0.35868
0.663109
0.499698
0.791252
0.505192
0.549361
0.77144
0.538878
0.833284
0.923242
0.860325
0.780996
0.341174
0.822423
0.88924
0.606906
0.307949
0.21945
0.501395
0.744225
0.650472
0.5091
0.709884
0.239009
0.649083
0.634748
0.777057
0.663903
0.516017
0.608956
0.669285
0.736863
0.436871
0.359067
0.307225
0.627034
0.9773
0.701009
0.309486
0.523885
0.995243
0.834656
0.410879
0.709853
0.249317
0.797373
0.299592
0.824121
0.996536
0.204783
0.37711
0.999538
0.858236
0.750252
0.554816
0.398887
0.974796
0.349902
0.333491
0.387031
0.292973
0.683796
0.65087
0.536834
0.7451
0.685003
0.253415
0.799574
0.417821
0.2074
0.937381
0.339508
0.807697
0.915275
0.794404
0.566108
0.204046
0.802419
0.581022
0.93682
0.228965
0.386289
0.475832
0.366578
0.55264
0.483821
0.463821
0.892858
0.588341
0.436825
0.863912
0.733299
0.541706
0.85264
0.6262
0.994819
0.306817
0.695299
0.999281
0.996742
0.747999
0.714197
0.779738
0.585934
0.24621
0.403399
0.589202
0.999829
0.875493
0.312826
0.60461
0.854042
0.440012
0.244794
0.838211
0.576285
0.722743
0.919134
0.574884
0.996082
0.812633
0.256383
0.862817
0.401473
0.801746
0.596661
0.819063
0.366402
0.296314
0.999332
0.497201
0.821409
0.435908
0.439193
0.694153
0.448136
0.829372
0.998635
0.92061
0.921711
0.312943
0.790723
0.832339
0.459481
0.48451
0.564805
0.740623
0.813528
0.586627
0.459469
0.58724
0.362915
0.666803
0.441837
0.256435
0.799872
0.630335
0.809044
0.641323
0.513287
0.211463
0.70993
0.987107
0.570891
0.388951
0.937458
0.52411
0.55145
0.689169
0.789463
0.571093
0.813569
0.20585
0.428832
0.646737
0.764035
0.400077
0.313426
0.231149
0.768392
0.759083
0.905428
0.464496
0.259089
0.665095
0.918942
0.513937
0.609807
0.657218
0.898217
0.445645
0.681071
0.475955
0.721301
0.54323
0.699661
0.827739
0.793634
0.683557
0.773113
0.771187
0.942721
0.233994
0.580739
0.639889
0.577453
0.8498
0.788464
0.358703
0.541661
0.566146
0.428152
0.820976
0.789507
0.666209
0.739813
0.619287
0.572594
0.521199
0.251147
0.821937
0.586793
0.856724
0.73066
0.313644
0.688015
0.515451
0.308125
0.764484
0.888473
0.496807
0.667253
0.912232
0.854008
0.835515
0.252045
0.994593
0.284844
0.99869
0.866916
0.208324
0.292326
0.341236
0.833291
0.361378
0.624887
0.296002
0.819398
0.532941
0.223272
0.752322
0.426421
0.707591
0.514968
0.840106
0.555876
0.443934
0.862938
0.63116
0.767075
0.607117
0.320567
0.266703
0.409569
0.431971
0.373253
0.500044
0.200572
0.349275
0.294727
0.766538
0.41728
0.382641
0.347518
0.842498
0.417266
0.567578
0.771534
0.311025
0.857292
0.228272
0.301221
0.769246
0.729158
0.837378
0.989056
0.621894
0.842215
0.224013
0.428174
0.676145
0.808917
0.690164
0.618923
0.462886
0.678174
0.550539
0.930268
0.244713
0.439696
0.449247
0.771526
0.221099
0.922847
0.866676
0.999515
0.663421
0.475979
0.975147
0.625102
0.684962
0.258228
0.282102
0.939289
0.78724
0.407477
0.67781
0.945849
0.846894
0.818338
0.244833
0.586648
0.834234
0.394306
0.312112
0.996672
0.998484
0.734441
0.260597
0.358429
0.20001
0.903291
0.762659
0.816346
0.435268
0.416868
0.369341
0.598077
0.874834
0.997917
0.790499
0.879563
0.747532
0.221022
0.929504
0.813646
0.534049
0.614629
0.578377
0.236821
0.859682
0.456163
0.834128
0.779229
0.568534
0.373157
0.791097
0.232863
0.781946
0.913216
0.203162
0.999361
0.928028
0.999962
0.586763
0.467312
0.22199
0.856834
0.736612
0.637622
0.308946
0.250177
0.803697
0.419983
0.860551
0.735134
0.997645
0.901005
0.99986
0.5424
0.216919
0.741097
0.762107
0.933334
0.269468
0.847901
0.827053
0.954938
0.609945
0.838316
0.961956
0.496884
0.848043
0.403072
0.402079
0.557687
0.654264
0.80416
0.547031
0.725228
0.409748
0.558596
0.387226
0.772846
0.281991
0.6624
0.788409
0.267439
0.480417
0.826889
0.357023
0.216547
0.999807
0.818524
0.876812
0.803446
0.688926
0.245994
0.598525
0.807727
0.892515
0.798685
0.356451
0.293993
0.411865
0.967089
0.660489
0.776015
0.595719
0.55702
0.831322
0.584278
0.768313
0.333358
0.301725
0.263306
0.82773
0.749221
0.213627
0.761062
0.597319
0.716179
0.234743
0.849547
0.333964
0.686525
0.564107
0.588523
0.615092
0.999392
0.38929
0.928715
0.379202
0.499838
0.77476
0.460692
0.698336
0.736596
0.982404
0.675008
0.874852
0.830844
0.570225
0.802306
0.256045
0.815906
0.294199
0.529367
0.224675
0.674372
0.399907
0.656813
0.377603
0.733673
0.330903
0.233897
0.666017
0.532515
0.529957
0.699846
0.981035
0.522953
0.855321
0.705251
0.916514
0.800286
0.675689
0.713688
0.203016
0.384633
0.598538
0.723605
0.946391
0.404422
0.734127
0.39029
0.841964
0.515164
0.730821
0.949103
0.727916
0.635228
0.642948
0.838271
0.328065
0.687131
0.943505
0.662605
0.874877
0.498841
0.463342
0.467599
0.396987
0.367528
0.899577
0.690153
0.789659
0.233339
0.290027
0.493542
0.68905
0.496518
0.78812
0.717753
0.836019
0.774822
0.52012
0.810367
0.664977
0.24082
0.590835
0.372132
0.687043
0.911072
0.764416
0.368559
0.720824
0.999896
0.62405
0.434662
0.862988
0.827968
0.387463
0.61386
0.739247
0.638982
0.545362
0.845445
0.922838
0.719412
0.996536
0.648017
0.411833
0.736178
0.534709
0.953603
0.257144
0.346547
0.983929
0.776276
0.45044
0.722388
0.46522
0.466406
0.833343
0.99393
0.860191
0.982045
0.453225
0.639106
0.997694
0.598639
0.634421
0.624492
0.998641
0.816298
0.425954
0.658591
0.280432
0.81533
0.82809
0.409828
0.462274
0.347882
0.975314
0.319633
0.577652
0.840133
0.671325
0.216593
0.916155
0.712481
0.534144
0.568205
0.410885
0.35424
0.566505
0.331639
0.824427
0.8028
0.490085
0.832248
0.955413
0.275489
0.271657
0.749381
0.411445
0.247316
0.371634
0.998294
0.828819
0.281689
0.240639
0.623159
0.984832
0.985619
0.219878
0.492875
0.740817
0.909014
0.209512
0.533515
0.265482
0.977698
0.363304
0.822194
0.587231
0.327664
0.621606
0.670435
0.27885
0.452008
0.572238
0.999574
0.635944
0.35873
0.851981
0.833107
0.854395
0.686509
0.626631
0.755224
0.753378
0.53931
0.982463
0.678215
0.259165
0.506975
0.231796
0.713786
0.690501
0.500108
0.771676
0.648824
0.999338
0.850856
0.229866
0.740489
0.740222
0.996485
0.75021
0.952775
0.528201
0.786117
0.44191
0.606371
0.956187
0.315997
0.621734
0.674827
0.676285
0.597671
0.386209
0.649265
0.582248
0.275757
0.236448
0.889063
0.45597
0.226133
0.740548
0.867298
0.350877
0.874602
0.282592
0.75157
0.88142
0.763483
0.999586
0.569327
0.990217
0.870694
0.893128
0.694207
0.934877
0.880039
0.821221
0.562624
0.746252
0.314685
0.821229
0.569429
0.963207
0.905155
0.778121
0.537643
0.889054
0.810985
0.350183
0.81158
0.705888
0.835359
0.766382
0.689928
0.408218
0.995027
0.866349
0.874482
0.957487
0.35615
0.996762
0.406132
0.571234
0.424595
0.688422
0.800989
0.244986
0.78371
0.99382
0.714729
0.749767
0.350553
0.792805
0.865298
0.70783
0.438636
0.882227
0.913337
0.749567
0.64982
0.966806
0.8488
0.866626
0.798729
0.871949
0.845321
0.218632
0.999668
0.796937
0.318168
0.679664
0.934404
0.776277
0.208526
0.825244
0.74046
0.453659
0.992982
0.293604
0.488986
0.311967
0.332964
0.835205
0.463972
0.432087
0.783557
0.7499
0.99954
0.638402
0.41311
0.285822
0.334574
0.330967
0.834182
0.857564
0.290173
0.81905
0.276043
0.349653
0.497788
0.333587
0.9812
0.658391
0.521844
0.271876
0.49779
0.418697
0.755174
0.849798
0.774307
0.358647
0.227977
0.783428
0.219048
0.249984
0.503296
0.712312
0.818175
0.730987
0.788676
0.49735
0.457608
0.899974
0.690518
0.865994
0.688383
0.75812
0.219539
0.479079
0.222162
0.862555
0.857425
0.750318
0.778858
0.928545
0.746927
0.67288
0.993124
0.532495
0.880871
0.976232
0.679066
0.879216
0.441239
0.773456
0.732791
0.804719
0.860097
0.379268
0.839594
0.397822
0.788849
0.98934
0.883067
0.866524
0.41149
0.479011
0.252632
0.876009
0.305949
0.544953
0.996782
0.855825
0.816925
0.371926
0.274049
0.206039
0.810199
0.46422
0.274147
0.71793
0.873801
0.728436
0.690912
0.833394
0.929272
0.999218
0.999218
0.288733
0.993971
0.739673
0.362529
0.854676
0.507626
0.545809
0.504644
0.549904
0.312211
0.651187
0.928538
0.625118
0.557691
0.791277
0.915136
0.626129
0.80148
0.834328
0.989595
0.400655
0.776784
0.568909
0.666461
0.334013
0.862966
0.30804
0.713125
0.259652
0.709727
0.24995
0.769015
0.56106
0.82875
0.408375
0.929476
0.322352
0.999268
0.699069
0.366948
0.296185
0.706418
0.779874
0.976784
0.426928
0.40466
0.384969
0.998225
0.51148
0.665567
0.999176
0.668961
0.270911
0.601754
0.867563
0.200367
0.711262
0.34317
0.407633
0.85714
0.999074
0.344513
0.25315
0.812825
0.496407
0.8279
0.922517
0.604298
0.593511
0.716794
0.987142
0.570338
0.319976
0.557354
0.750349
0.395376
0.921528
0.210444
0.28191
0.877011
0.704579
0.513988
0.568755
0.775481
0.619387
0.388497
0.641508
0.870345
0.943262
0.787052
0.991982
0.88152
0.928294
0.506032
0.759409
0.453035
0.238716
0.314175
0.599684
0.555408
0.810107
0.425941
0.286687
0.57346
0.825916
0.872143
0.505278
0.878012
0.654031
0.819929
0.591771
0.637208
0.360219
0.784097
0.747236
0.667854
0.989817
0.502482
0.855142
0.812552
0.282314
0.29985
0.789831
0.849835
0.856408
0.847293
0.715087
0.817931
0.998834
0.409992
0.89295
0.806346
0.553975
0.862693
0.357007
0.72372
0.292909
0.216292
0.750991
0.804692
0.776815
0.749942
0.88519
0.91413
0.796876
0.296704
0.858103
0.84456
0.458004
0.766527
0.694883
0.579272
0.816656
0.39362
0.515929
0.500003
0.856814
0.361979
0.458377
0.87946
0.748415
0.979946
0.678667
0.241318
0.683119
0.774513
0.406349
0.624887
0.949969
0.737391
0.242473
0.945928
0.514983
0.599972
0.995583
0.468953
0.601401
0.801791
0.92836
0.373904
0.43357
0.400815
0.665933
0.775517
0.24877
0.590926
0.961594
0.998318
0.358918
0.792124
0.668937
0.259778
0.882281
0.719551
0.606278
0.787967
0.659196
0.60162
0.455291
0.822274
0.769407
0.261744
0.880595
0.346513
0.960292
0.650853
0.90162
0.673655
0.667838
0.36252
0.54514
0.291125
0.749736
0.42519
0.775339
0.68726
0.471717
0.74971
0.49918
0.270963
0.863775
0.833637
0.468033
0.989649
0.999368
0.461733
0.999764
0.518033
0.777674
0.48842
0.635196
0.466748
0.584436
0.66982
0.713356
0.428216
0.991464
0.716889
0.284941
0.901183
0.933272
0.908569
0.880027
0.322438
0.692471
0.315408
0.342811
0.260101
0.440163
0.670708
0.951036
0.640552
0.332026
0.744573
0.878572
0.797972
0.888133
0.589753
0.472908
0.54227
0.847601
0.239645
0.274107
0.248303
0.644977
0.912582
0.876802
0.553146
0.999897
0.2681
0.817354
0.752388
0.844024
0.494633
0.24282
0.753573
0.760853
0.811638
0.835229
0.902524
0.714724
0.851272
0.609905
0.935345
0.399499
0.558125
0.850944
0.613569
0.381275
0.597124
0.447739
0.227958
0.492751
0.384104
0.460877
0.680052
0.224826
0.372031
0.825997
0.557055
0.826494
0.894979
0.994515
0.603846
0.928326
0.743578
0.703248
0.541305
0.665617
0.365095
0.800249
0.61658
0.843736
0.989335
0.496199
0.246168
0.69014
0.49981
0.496068
0.208538
0.700608
0.210489
0.579515
0.543695
0.264142
0.866556
0.832184
0.380606
0.311036
0.991261
0.80714
0.615534
0.592626
0.480013
0.312869
0.238373
0.233721
0.459229
0.900542
0.470137
0.7974
0.556677
0.375992
0.530493
0.952379
0.394982
0.273978
0.480255
0.832226
0.601807
0.907873
0.764573
0.231637
0.361785
0.21944
0.653647
0.847093
0.27843
0.886377
0.32277
0.817072
0.506927
0.796455
0.992869
0.32345
0.875879
0.2139
0.333374
0.331709
0.815616
0.371158
0.457897
0.841899
0.716002
0.59734
0.45416
0.613992
0.518549
0.71331
0.711033
0.620594
0.526994
0.633161
0.54731
0.402847
0.99988
0.379996
0.931659
0.90281
0.635547
0.966515
0.858536
0.708952
0.999388
0.576944
0.205984
0.329821
0.54413
0.985747
0.221717
0.920235
0.637783
0.864003
0.862759
0.501799
0.427652
0.498642
0.998631
0.326954
0.34452
0.894562
0.202017
0.992241
0.898208
0.871365
0.501092
0.899973
0.251447
0.987049
0.575752
0.540572
0.772192
0.776081
0.489138
0.256934
0.752186
0.53034
0.259013
0.395967
0.964439
0.503152
0.924578
0.849982
0.87672
0.676967
0.311203
0.662777
0.526292
0.827526
0.875112
0.820141
0.204943
0.247617
0.247695
0.992125
0.867896
0.228726
0.432996
0.841456
0.874902
0.340182
0.45185
0.905838
0.67669
0.563522
0.431721
0.398235
0.856431
0.78507
0.228699
0.351006
0.222654
0.619011
0.608069
0.550815
0.782485
0.540356
0.324236
0.482482
0.557825
0.658842
0.777306
0.345893
0.704306
0.924233
0.965244
0.874339
0.816365
0.819559
0.542062
0.534955
0.890086
0.697257
0.88238
0.857176
0.941164
0.814123
0.580748
0.47219
0.599405
0.325496
0.740631
0.86318
0.65157
0.655816
0.321863
0.746089
0.509923
0.996233
0.457117
0.246422
0.253319
0.823429
0.233923
0.927595
0.387471
0.849371
0.665608
0.796953
0.553051
0.725655
0.893311
0.950182
0.853473
0.731781
0.715865
0.697484
0.788296
0.261814
0.488919
0.560327
0.81682
0.221657
0.765441
0.800032
0.417589
0.386356
0.440352
0.240917
0.374802
0.270012
0.901713
0.419748
0.7593
0.83604
0.928524
0.655434
0.999055
0.996823
0.48159
0.311533
0.431563
0.637144
0.349354
0.460572
0.782138
0.407682
0.599943
0.888048
0.319886
0.355871
0.772702
0.80177
0.692166
0.787639
0.212478
0.493156
0.593135
0.536473
0.353389
0.781354
0.284407
0.73081
0.745049
0.998973
0.911714
0.572848
0.743932
0.521053
0.685817
0.269807
0.268283
0.599642
0.713841
0.998252
0.95034
0.842216
0.296321
0.833627
0.984018
0.24744
0.892096
0.630226
0.593632
0.331971
0.752618
0.277547
0.376121
0.687802
0.711201
0.821145
0.259746
0.8229
0.561345
0.728884
0.656238
0.988625
0.274498
0.79854
0.681083
0.369458
0.354828
0.732862
0.816628
0.326745
0.80427
0.204868
0.204868
0.302453
0.3369
0.835255
0.37852
0.981269
0.838571
0.833304
0.765044
0.881683
0.761759
0.852892
0.908334
0.764402
0.373537
0.473525
0.603123
0.832713
0.617761
0.461994
0.582254
0.394324
0.49952
0.810677
0.675856
0.261669
0.443226
0.776585
0.568488
0.905546
0.437119
0.75075
0.403459
0.726279
0.999399
0.818637
0.999765
0.874718
0.571748
0.997043
0.456948
0.761801
0.834434
0.774154
0.579867
0.83306
0.399331
0.894465
0.448628
0.678356
0.499769
0.39015
0.635705
0.39554
0.275797
0.998449
0.690934
0.994602
0.350273
0.890172
0.223032
0.616252
0.845614
0.517489
0.457584
0.587198
0.511676
0.818142
0.898843
0.904224
0.844725
0.276578
0.998983
0.352417
0.423094
0.813755
0.699059
0.666392
0.810227
0.544789
0.392059
0.992473
0.465804
0.795677
0.398566
0.833272
0.647841
0.815677
0.571595
0.999383
0.874964
0.276392
0.968404
0.526512
0.854278
0.748783
0.83147
0.536685
0.593162
0.718675
0.38619
0.527123
0.472133
0.229388
0.994745
0.788453
0.448788
0.666027
0.676866
0.812934
0.291794
0.656702
0.48134
0.684186
0.463894
0.473065
0.980475
0.288985
0.483343
0.994237
0.409655
0.427826
0.71099
0.380421
0.618134
0.649327
0.998175
0.224174
0.370436
0.855577
0.422483
0.380694
0.811927
0.413425
0.66629
0.42385
0.995503
0.926955
0.230287
0.548099
0.815997
0.970755
0.55603
0.221358
0.854308
0.718048
0.997928
0.881306
0.576546
0.291705
0.880031
0.984503
0.995163
0.858709
0.602325
0.579463
0.749684
0.906352
0.997931
0.263736
0.462725
0.86741
0.864612
0.448297
0.419985
0.793347
0.265563
0.692301
0.999882
0.377033
0.458445
0.496862
0.705668
0.99994
0.881828
0.773871
0.832997
0.406149
0.567128
0.908917
0.799002
0.702206
0.290207
0.328701
0.915048
0.916485
0.496897
0.21596
0.396182
0.769892
0.81068
0.409057
0.202319
0.241293
0.358718
0.499673
0.681848
0.799243
0.826877
0.998827
0.969295
0.349701
0.710395
0.259144
0.792099
0.202749
0.999976
0.64948
0.274173
0.875697
0.248722
0.855083
0.729122
0.780946
0.915639
0.933814
0.658767
0.387709
0.505557
0.749708
0.828886
0.874428
0.574471
0.942968
0.549744
0.783325
0.872449
0.997493
0.248103
0.276196
0.560238
0.499204
0.874633
0.545367
0.273714
0.818117
0.830356
0.998716
0.24762
0.440124
0.30207
0.547678
0.546323
0.617753
0.640936
0.262806
0.249242
0.703956
0.475162
0.813987
0.80255
0.818578
0.699285
0.867223
0.320989
0.219848
0.911916
0.249423
0.927738
0.45666
0.732338
0.468935
0.500264
0.799454
0.24311
0.419589
0.793519
0.281662
0.950796
0.747368
0.714896
0.333581
0.294268
0.652094
0.599068
0.716271
0.779995
0.211161
0.482833
0.799945
0.666817
0.684203
0.297133
0.238604
0.300118
0.270722
0.545861
0.840017
0.718208
0.374651
0.899788
0.866355
0.680318
0.649869
0.738856
0.718865
0.694136
0.788177
0.610962
0.428674
0.513489
0.857373
0.999993
0.335704
0.361769
0.838293
0.995938
0.885428
0.484132
0.856887
0.906641
0.72668
0.774523
0.907303
0.687861
0.591827
0.650272
0.861409
0.315957
0.746936
0.325604
0.241467
0.498262
0.528689
0.611469
0.691932
0.694505
0.382668
0.341223
0.278567
0.310286
0.226493
0.400996
0.999106
0.603562
0.589795
0.519289
0.999475
0.281018
0.908908
0.718286
0.44537
0.666254
0.220971
0.223134
0.775822
0.859971
0.293299
0.242018
0.79607
0.220124
0.54872
0.408854
0.443566
0.732373
0.998251
0.375857
0.201264
0.788276
0.339971
0.284253
0.284555
0.281686
0.805573
0.886856
0.322749
0.994592
0.714738
0.570514
0.823638
0.672937
0.786063
0.280917
0.888911
0.728663
0.522914
0.279678
0.827163
0.279928
0.584085
0.257031
0.576463
0.393326
0.449797
0.490834
0.399505
0.56521
0.32891
0.310364
0.20136
0.529707
0.320438
0.308265
0.290526
0.683005
0.216883
0.271229
0.632923
0.699857
0.570914
0.316337
0.639373
0.928258
0.589709
0.755014
0.270349
0.867902
0.515005
0.887765
0.963362
0.4384
0.330746
0.249999
0.259084
0.564043
0.614435
0.744709
0.411591
0.80766
0.722228
0.864677
0.712727
0.597222
0.639593
0.758448
0.826425
0.68399
0.5696
0.801671
0.997861
0.444945
0.31437
0.767069
0.626439
0.859678
0.513859
0.81442
0.800494
0.800219
0.614118
0.998904
0.854122
0.58076
0.799135
0.952659
0.779328
0.360513
0.719979
0.951327
0.585247
0.743816
0.869045
0.820582
0.778973
0.50172
0.423879
0.997324
0.702538
0.87527
0.713633
0.769021
0.671777
0.513653
0.998522
0.629206
0.64879
0.686603
0.665918
0.849253
0.9999
0.514702
0.884198
0.518946
0.991263
0.952247
0.38329
0.866341
0.693363
0.787107
0.290773
0.996315
0.999252
0.874938
0.469233
0.526204
0.776665
0.812509
0.640872
0.679295
0.713707
0.486804
0.21576
0.252655
0.796658
0.349415
0.29331
0.741618
0.936845
0.824124
0.727212
0.787226
0.718179
0.869787
0.749939
0.382339
0.415998
0.338535
0.709688
0.784158
0.74682
0.345265
0.982781
0.231652
0.590265
0.852168
0.531225
0.689546
0.802386
0.82005
0.653832
0.573947
0.482948
0.710217
0.87799
0.947237
0.832868
0.645097
0.599903
0.985968
0.33026
0.812764
0.309015
0.522259
0.745056
0.416199
0.281094
0.360925
0.889216
0.251286
0.816201
0.403398
0.499469
0.871209
0.857133
0.452878
0.585275
0.367457
0.812211
0.655758
0.312804
0.395877
0.335158
0.21405
0.754977
0.862661
0.343292
0.859013
0.38997
0.305503
0.999604
0.342929
0.673187
0.995125
0.991473
0.235219
0.877873
0.269645
0.801123
0.672113
0.379248
0.434582
0.765206
0.998724
0.875841
0.722473
0.652042
0.773033
0.544446
0.225323
0.238205
0.715032
0.445394
0.737857
0.830294
0.868996
0.407732
0.511735
0.742085
0.24917
0.481535
0.917215
0.778777
0.813828
0.93543
0.467211
0.255543
0.324014
0.350829
0.779324
0.708248
0.227394
0.740106
0.51229
0.828654
0.231866
0.20649
0.849346
0.599405
0.55111
0.857122
0.244949
0.75261
0.997756
0.659433
0.34602
0.246587
0.64175
0.85783
0.443697
0.755092
0.33368
0.541068
0.352264
0.543486
0.43365
0.495839
0.24414
0.24622
0.258726
0.642764
0.810352
0.342187
0.690822
0.997162
0.627067
0.889467
0.28704
0.400186
0.775985
0.761543
0.367023
0.81395
0.557699
0.745079
0.530096
0.35897
0.205151
0.355906
0.993623
0.527187
0.85198
0.727841
0.338014
0.235287
0.46895
0.304989
0.800542
0.856576
0.879311
0.669189
0.705536
0.446771
0.200693
0.825583
0.519899
0.731702
0.2031
0.495402
0.373121
0.999811
0.252473
0.918118
0.998232
0.309324
0.202336
0.659779
0.888821
0.334185
0.791722
0.800416
0.837055
0.477607
0.850393
0.403901
0.769611
0.887846
0.999986
0.843658
0.645182
0.779347
0.758725
0.218214
0.821046
0.792868
0.848249
0.739265
0.759254
0.816161
0.899541
0.510566
0.433272
0.473528
0.476477
0.488379
0.999828
0.732728
0.670864
0.991417
0.477779
0.851176
0.717866
0.308758
0.989638
0.783556
0.729432
0.935383
0.958157
0.372625
0.473267
0.283277
0.390886
0.833285
0.779332
0.455758
0.205494
0.358167
0.999243
0.711175
0.723413
0.275661
0.301764
0.438908
0.43772
0.225736
0.986658
0.772022
0.676908
0.739962
0.521718
0.275229
0.858312
0.638857
0.497576
0.639963
0.34643
0.259593
0.824983
0.735376
0.749227
0.490161
0.980728
0.519847
0.250017
0.990702
0.469647
0.525626
0.823309
0.375709
0.651306
0.848723
0.276268
0.235282
0.599575
0.999702
0.486517
0.884902
0.428128
0.433187
0.735142
0.799747
0.28895
0.823914
0.976488
0.331897
0.325054
0.980264
0.606344
0.26777
0.715553
0.253885
0.578973
0.863359
0.257514
0.619624
0.345557
0.661697
0.555606
0.888039
0.860727
0.60058
0.367716
0.999511
0.210577
0.589183
0.587586
0.591978
0.797506
0.611907
0.798321
0.764263
0.226118
0.568055
0.245406
0.826483
0.270352
0.887338
0.794357
0.833101
0.769368
0.982355
0.324591
0.673909
0.868377
0.794202
0.29451
0.326121
0.253746
0.402064
0.368052
0.845187
0.568102
0.533274
0.879945
0.329675
0.286328
0.365236
0.296656
0.891456
0.659546
0.478934
0.666837
0.877717
0.500261
0.555716
0.701656
0.350369
0.774796
0.890852
0.375238
0.580826
0.344858
0.646749
0.580796
0.497324
0.259777
0.515308
0.498784
0.692743
0.896077
0.625091
0.554237
0.735259
0.535
0.430158
0.680695
0.776775
0.389558
0.481532
0.846258
0.732633
0.417781
0.249632
0.73164
0.24845
0.366074
0.865043
0.887329
0.207404
0.279534
0.980528
0.370196
0.291002
0.335747
0.783764
0.710639
0.457009
0.483087
0.582234
0.212145
0.242402
0.297829
0.442721
0.775401
0.28983
0.487716
0.803479
0.527112
0.311252
0.978505
0.33092
0.457879
0.934083
0.934083
0.333348
0.628833
0.218192
0.83435
0.206544
0.460031
0.665022
0.982244
0.913923
0.416184
0.662707
0.808047
0.790859
0.320782
0.352979
0.239539
0.747417
0.227857
0.563294
0.25944
0.30797
0.399954
0.20243
0.99931
0.771533
0.990773
0.211951
0.923646
0.615575
0.800671
0.746607
0.537181
0.813658
0.816256
0.526123
0.756554
0.981372
0.512787
0.88846
0.815786
0.838897
0.495353
0.574323
0.428919
0.512041
0.242265
0.628104
0.421266
0.92275
0.721425
0.789569
0.467993
0.714616
0.369314
0.360168
0.853975
0.331389
0.765366
0.578978
0.993065
0.439079
0.426346
0.749981
0.436621
0.993898
0.24946
0.870265
0.618625
0.639245
0.911185
0.999833
0.882521
0.855261
0.788579
0.7295
0.932293
0.609438
0.807448
0.562294
0.206844
0.654077
0.784503
0.992687
0.849644
0.750052
0.732279
0.954159
0.302674
0.41966
0.441849
0.762515
0.999099
0.580519
0.856997
0.390198
0.847754
0.313403
0.426055
0.394043
0.768737
0.799326
0.355374
0.262902
0.279187
0.432265
0.943599
0.716758
0.269827
0.745786
0.45071
0.878367
0.434617
0.740821
0.874901
0.798702
0.440916
0.63972
0.84593
0.525557
0.650541
0.889581
0.32333
0.736071
0.428162
0.238017
0.382301
0.493049
0.46732
0.326111
0.886646
0.287462
0.769247
0.250546
0.706264
0.520928
0.857034
0.310425
0.581628
0.797684
0.34017
0.9331
0.645673
0.311825
0.311226
0.484023
0.292475
0.487071
0.875047
0.597134
0.392527
0.243395
0.697583
0.915464
0.650724
0.675142
0.946413
0.480144
0.861808
0.390372
0.299693
0.84728
0.378417
0.257447
0.336494
0.808946
0.72755
0.552525
0.548459
0.419487
0.895519
0.733711
0.733127
0.815159
0.351567
0.703812
0.451978
0.737067
0.202842
0.908894
0.675026
0.814533
0.896363
0.916702
0.364901
0.336635
0.769934
0.81201
0.540473
0.999998
0.856044
0.223491
0.841453
0.302573
0.648485
0.889106
0.44987
0.533373
0.448277
0.292379
0.345467
0.891351
0.597449
0.345657
0.692252
0.709109
0.242773
0.605116
0.692795
0.653118
0.641316
0.799406
0.71225
0.236683
0.745949
0.449322
0.481711
0.504558
0.221526
0.999548
0.511055
0.434329
0.89703
0.56304
0.711766
0.374276
0.848475
0.713823
0.844994
0.74287
0.224338
0.471223
0.249506
0.86057
0.818527
0.271597
0.269229
0.313559
0.712822
0.299491
0.345061
0.293832
0.773346
0.991969
0.542922
0.2616
0.207388
0.997669
0.311471
0.327078
0.261556
0.777858
0.956454
0.817915
0.272169
0.387728
0.90265
0.999654
0.258141
0.921966
0.836697
0.797349
0.932777
0.66426
0.475814
0.236339
0.545851
0.705929
0.777406
0.377632
0.412505
0.221087
0.746714
0.435892
0.656171
0.503958
0.892778
0.548376
0.921056
0.704279
0.352713
0.342635
0.399916
0.864499
0.834514
0.905558
0.39213
0.749284
0.999618
0.225353
0.97295
0.389976
0.871229
0.232679
0.686284
0.85695
0.867024
0.259441
0.425521
0.835358
0.353626
0.334806
0.461488
0.854459
0.433539
0.99913
0.321044
0.781053
0.264529
0.805363
0.387436
0.90789
0.714367
0.366983
0.413693
0.767951
0.665414
0.662442
0.992055
0.283958
0.856604
0.278094
0.6423
0.854906
0.673226
0.400327
0.50177
0.914554
0.848498
0.730545
0.951832
0.845416
0.203902
0.309206
0.874686
0.447125
0.884531
0.65043
0.763623
0.94739
0.764294
0.501955
0.498967
0.731748
0.522741
0.756481
0.237341
0.786775
0.236313
0.880139
0.599308
0.629627
0.605623
0.685732
0.598283
0.589676
0.731101
0.886466
0.279468
0.736747
0.83636
0.846327
0.986037
0.885965
0.728214
0.577456
0.331085
0.583211
0.797448
0.856579
0.877684
0.627583
0.818221
0.266211
0.947148
0.604341
0.614555
0.276651
0.999641
0.328338
0.559301
0.444331
0.553726
0.569804
0.485267
0.750489
0.545419
0.432305
0.44162
0.544366
0.258975
0.27237
0.378221
0.869987
0.561746
0.423399
0.825179
0.622625
0.78422
0.826459
0.631443
0.353461
0.34063
0.561699
0.903358
0.498063
0.907096
0.998366
0.913153
0.571402
0.932639
0.43553
0.779419
0.729044
0.707898
0.825001
0.302833
0.719096
0.865076
0.401107
0.77467
0.685006
0.800689
0.441204
0.73317
0.627697
0.28756
0.221904
0.815388
0.603031
0.734287
0.363841
0.761607
0.758183
0.466412
0.923984
0.474855
0.400612
0.384482
0.961047
0.480465
0.258762
0.319233
0.66154
0.328295
0.865889
0.851487
0.885281
0.605781
0.741108
0.379668
0.219524
0.279624
0.905084
0.575696
0.243809
0.74998
0.998111
0.608737
0.537063
0.57439
0.663702
0.417441
0.726
0.797867
0.408517
0.722619
0.701943
0.883764
0.33325
0.455717
0.771119
0.888914
0.638319
0.489258
0.821889
0.675637
0.967246
0.410071
0.630436
0.54419
0.263146
0.953377
0.317843
0.613569
0.340056
0.780075
0.725671
0.999748
0.40649
0.213803
0.293068
0.239618
0.998024
0.402034
0.251705
0.792781
0.799619
0.266207
0.912554
0.457195
0.994536
0.324526
0.976174
0.818789
0.621959
0.481578
0.239146
0.520851
0.248705
0.41778
0.892375
0.788818
0.573241
0.845967
0.71882
0.579455
0.534384
0.308338
0.276267
0.303417
0.584077
0.838011
0.463719
0.592592
0.243077
0.337343
0.616005
0.46118
0.898975
0.52753
0.565437
0.804777
0.384511
0.802601
0.247367
0.691147
0.370072
0.823013
0.726314
0.61402
0.804606
0.269965
0.33204
0.685274
0.788966
0.99608
0.832048
0.704338
0.446561
0.237153
0.730747
0.362898
0.775667
0.226171
0.74648
0.904352
0.353587
0.545699
0.89692
0.855111
0.537907
0.200939
0.532879
0.831315
0.587267
0.545678
0.620339
0.988609
0.335341
0.21662
0.999302
0.472916
0.897746
0.375443
0.333126
0.711673
0.995104
0.414699
0.589266
0.865786
0.414612
0.33399
0.686978
0.268421
0.625912
0.999045
0.249749
0.665443
0.881624
0.635776
0.857297
0.829138
0.877812
0.839872
0.236618
0.279963
0.763344
0.887408
0.571675
0.495572
0.49867
0.785762
0.588721
0.621752
0.919641
0.72308
0.453734
0.654953
0.744852
0.445916
0.809785
0.776095
0.238291
0.653137
0.274624
0.381911
0.856004
0.664405
0.605054
0.571538
0.209537
0.430141
0.244101
0.513622
0.471494
0.326312
0.332751
0.308015
0.999641
0.457176
0.721535
0.606277
0.780096
0.994433
0.987172
0.34691
0.910407
0.341924
0.50301
0.287133
0.887706
0.485631
0.475977
0.858311
0.374357
0.668719
0.700109
0.690254
0.574211
0.745342
0.979485
0.963462
0.7124
0.671838
0.32334
0.99916
0.443554
0.374827
0.725811
0.274377
0.770138
0.571727
0.39353
0.734057
0.408585
0.369375
0.684773
0.864307
0.999789
0.992415
0.864
0.918922
0.548008
0.7673
0.703304
0.519223
0.423133
0.387313
0.859534
0.240389
0.364455
0.380583
0.971035
0.491219
0.582863
0.486484
0.231279
0.420841
0.719796
0.857099
0.55685
0.736593
0.364171
0.223033
0.984035
0.609252
0.676928
0.973888
0.807989
0.568161
0.749752
0.394146
0.48371
0.441742
0.48216
0.33603
0.773099
0.60593
0.304984
0.452494
0.618812
0.832059
0.760648
0.997592
0.79194
0.704225
0.614723
0.754805
0.368087
0.500749
0.257395
0.884301
0.509543
0.514431
0.22408
0.289621
0.689238
0.370452
0.49451
0.384212
0.433535
0.571416
0.796461
0.718266
0.582255
0.750143
0.999345
0.561393
0.50309
0.571268
0.597899
0.369535
0.932636
0.906948
0.672166
0.767764
0.440082
0.554108
0.566758
0.817226
0.292733
0.267078
0.770848
0.656681
0.420853
0.499844
0.40058
0.202641
0.92734
0.919805
0.334881
0.899763
0.817575
0.663667
0.472714
0.754641
0.998371
0.433487
0.689672
0.406324
0.669291
0.436119
0.27367
0.853979
0.996205
0.632016
0.562953
0.611021
0.582576
0.436439
0.928229
0.649599
0.334766
0.547603
0.804355
0.79283
0.90621
0.564106
0.825416
0.749661
0.458394
0.824209
0.716068
0.306186
0.323554
0.998006
0.740664
0.470539
0.719301
0.250039
0.701807
0.27347
0.81014
0.522839
0.673094
0.977066
0.532149
0.476904
0.892077
0.22896
0.519024
0.797281
0.796277
0.254115
0.805496
0.717496
0.995702
0.868874
0.928758
0.774694
0.436019
0.251374
0.64656
0.302167
0.66382
0.923147
0.80632
0.344926
0.627307
0.259491
0.832533
0.667926
0.746156
0.49735
0.356695
0.305876
0.611409
0.945959
0.993888
0.515292
0.244456
0.564643
0.443853
0.533254
0.83317
0.694302
0.271629
0.338625
0.453195
0.532167
0.229186
0.346073
0.338987
0.889593
0.870665
0.510996
0.624751
0.567546
0.366567
0.797899
0.758605
0.897436
0.496353
0.322771
0.665061
0.706267
0.472619
0.879734
0.856864
0.76133
0.968834
0.842186
0.47913
0.563885
0.469389
0.754727
0.893931
0.48105
0.552977
0.936088
0.657508
0.203127
0.545589
0.572024
0.552077
0.57162
0.679382
0.529415
0.342381
0.421025
0.872113
0.255848
0.908657
0.439566
0.409964
0.670044
0.234194
0.242297
0.345454
0.3553
0.513726
0.587789
0.390129
0.775109
0.317235
0.338057
0.656568
0.488854
0.773234
0.659305
0.244599
0.459559
0.461547
0.378442
0.701464
0.346148
0.777814
0.364529
0.437854
0.425078
0.482418
0.349128
0.650222
0.989776
0.97825
0.950082
0.924809
0.810387
0.211576
0.712687
0.992348
0.859929
0.516531
0.306941
0.907304
0.927592
0.824138
0.628191
0.882077
0.268488
0.765714
0.90679
0.209009
0.356422
0.805622
0.413866
0.933248
0.207993
0.407075
0.590546
0.282684
0.995777
0.330027
0.664488
0.679927
0.770106
0.493366
0.749408
0.212281
0.97643
0.529042
0.865771
0.84739
0.885277
0.399944
0.670952
0.887918
0.719992
0.843365
0.511758
0.413169
0.481048
0.66216
0.977082
0.202549
0.750691
0.394089
0.927254
0.409519
0.479299
0.208335
0.610869
0.275984
0.918366
0.736761
0.736664
0.63472
0.709748
0.631694
0.37261
0.396145
0.404602
0.803373
0.34589
0.312345
0.999719
0.232588
0.659914
0.707506
0.326912
0.536002
0.907153
0.776665
0.583081
0.900829
0.570118
0.819162
0.67213
0.533788
0.651566
0.207324
0.54905
0.798446
0.80956
0.298884
0.996566
0.814887
0.22625
0.799983
0.814213
0.863578
0.235346
0.341985
0.534863
0.433023
0.677714
0.492695
0.58871
0.709815
0.809222
0.434148
0.997079
0.866396
0.499979
0.716067
0.432155
0.998783
0.238352
0.280571
0.346491
0.287145
0.911443
0.533821
0.79861
0.577096
0.732821
0.22624
0.98577
0.726793
0.500356
0.92437
0.544316
0.675067
0.456912
0.222296
0.312708
0.821065
0.857007
0.250179
0.632541
0.707181
0.598841
0.462779
0.789026
0.578127
0.272662
0.832421
0.570909
0.257286
0.801136
0.798504
0.281699
0.877962
0.40913
0.551376
0.533926
0.683694
0.559082
0.243307
0.833326
0.931464
0.777714
0.816022
0.317322
0.624402
0.761677
0.24287
0.46669
0.894479
0.580998
0.217676
0.920684
0.613826
0.348107
0.838217
0.784316
0.79663
0.737472
0.651381
0.706041
0.6968
0.939353
0.229852
0.848486
0.360317
0.23473
0.424874
0.721421
0.608946
0.87252
0.555657
0.653348
0.908767
0.874482
0.578432
0.852713
0.910065
0.650763
0.952224
0.376018
0.367271
0.571847
0.437449
0.906149
0.999456
0.999803
0.880066
0.350077
0.308063
0.5926
0.83103
0.879539
0.860744
0.338205
0.343297
0.646475
0.858981
0.853065
0.69358
0.275574
0.602106
0.827278
0.56155
0.619825
0.721033
0.343934
0.419418
0.423096
0.440017
0.22157
0.999457
0.6363
0.875005
0.650502
0.220773
0.866372
0.329032
0.641927
0.658
0.999425
0.422057
0.921026
0.563202
0.770119
0.747976
0.545088
0.933405
0.797572
0.673091
0.468027
0.714837
0.326231
0.657061
0.506295
0.841498
0.845163
0.540316
0.888407
0.525711
0.609576
0.786337
0.387854
0.849743
0.99979
0.831247
0.891173
0.623376
0.278929
0.455855
0.585397
0.945033
0.617904
0.853563
0.254865
0.253562
0.58531
0.70118
0.572509
0.713589
0.235295
0.733598
0.573753
0.744674
0.857227
0.225616
0.722463
0.468274
0.751452
0.684892
0.411304
0.302585
0.728109
0.344548
0.334872
0.32803
0.750585
0.814912
0.469342
0.375149
0.634092
0.686907
0.798909
0.999284
0.273854
0.726427
0.443247
0.67776
0.610861
0.858519
0.667653
0.833332
0.748925
0.239386
0.586996
0.71881
0.536362
0.647438
0.430545
0.998035
0.715435
0.474651
0.289766
0.424466
0.385524
0.857304
0.693406
0.414835
0.801282
0.591383
0.967728
0.785814
0.303976
0.251751
0.739411
0.445521
0.737698
0.458519
0.305525
0.591187
0.572684
0.507744
0.881965
0.865569
0.712149
0.774867
0.303462
0.394748
0.856264
0.929768
0.933419
0.734592
0.985533
0.807587
0.621775
0.853922
0.82209
0.813281
0.868091
0.526075
0.808367
0.883139
0.42743
0.800101
0.253283
0.999753
0.721503
0.979582
0.996375
0.825737
0.341555
0.450301
0.604474
0.63813
0.335263
0.861859
0.344749
0.813369
0.824188
0.792943
0.356895
0.224494
0.211462
0.845961
0.765555
0.714879
0.999415
0.563534
0.438866
0.644924
0.821959
0.901932
0.857043
0.849706
0.788002
0.284113
0.995957
0.354108
0.874549
0.887913
0.29096
0.571209
0.458944
0.331151
0.669385
0.836233
0.268737
0.840427
0.863608
0.636539
0.406013
0.731176
0.693345
0.216178
0.75949
0.99141
0.645343
0.761203
0.426616
0.783707
0.787138
0.476214
0.44757
0.996955
0.886898
0.493434
0.251778
0.777209
0.479004
0.617438
0.2745
0.448323
0.327048
0.332936
0.672341
0.984431
0.89601
0.543205
0.27324
0.564574
0.512016
0.42211
0.764304
0.727213
0.643976
0.996079
0.286266
0.470619
0.905493
0.49093
0.560588
0.909907
0.822727
0.856034
0.787675
0.688359
0.29526
0.279167
0.567491
0.276581
0.49735
0.315096
0.514465
0.540484
0.869072
0.835595
0.861555
0.985507
0.999962
0.389968
0.563353
0.294993
0.882542
0.343009
0.567711
0.746122
0.819837
0.815772
0.95676
0.996694
0.599839
0.95828
0.288608
0.838273
0.764537
0.978848
0.714284
0.82264
0.919077
0.952378
0.829351
0.686317
0.712825
0.444701
0.453856
0.997052
0.95237
0.855218
0.401269
0.276987
0.477038
0.985049
0.245748
0.661729
0.69765
0.698657
0.505341
0.789456
0.712202
0.329761
0.667295
0.888368
0.950691
0.665268
0.762126
0.919279
0.932249
0.282036
0.593517
0.833314
0.944859
0.361806
0.632068
0.841373
0.81934
0.32164
0.811788
0.283791
0.423587
0.913822
0.999912
0.207062
0.736243
0.522077
0.299634
0.629492
0.666436
0.750383
0.524922
0.558395
0.511153
0.565947
0.250471
0.32268
0.43757
0.928843
0.77178
0.397587
0.559278
0.825612
0.330194
0.494352
0.771904
0.877173
0.999811
0.795095
0.831305
0.423659
0.931437
0.845141
0.287478
0.962829
0.528615
0.636054
0.379937
0.996111
0.754857
0.619785
0.66634
0.475675
0.599369
0.49953
0.829209
0.551493
0.500601
0.429943
0.36447
0.987109
0.368835
0.600856
0.656653
0.872631
0.322352
0.876808
0.537613
0.881963
0.899791
0.508754
0.686281
0.249206
0.379565
0.267806
0.400746
0.514895
0.418912
0.727465
0.389029
0.479292
0.309602
0.868677
0.792372
0.769329
0.514481
0.794186
0.688234
0.618657
0.72745
0.460095
0.510377
0.337911
0.585962
0.815418
0.799317
0.693415
0.984249
0.64328
0.833082
0.484403
0.465587
0.872207
0.839284
0.409279
0.380817
0.53082
0.794968
0.718887
0.248754
0.825741
0.601358
0.842277
0.759885
0.607814
0.265014
0.679812
0.21132
0.625634
0.859031
0.450032
0.553473
0.213345
0.425377
0.255793
0.468708
0.526373
0.379639
0.587397
0.368208
0.226046
0.993138
0.798842
0.962897
0.53442
0.35631
0.999718
0.395582
0.796326
0.764672
0.288146
0.285775
0.902603
0.266663
0.460949
0.343792
0.811034
0.632316
0.788636
0.696268
0.502368
0.513412
0.476846
0.236967
0.77759
0.21077
0.934322
0.837365
0.250855
0.303386
0.867655
0.788416
0.851227
0.593234
0.721065
0.98832
0.259597
0.731151
0.454825
0.843138
0.436483
0.548796
0.664918
0.997108
0.964661
0.825864
0.932174
0.816246
0.808374
0.718093
0.279655
0.714161
0.774833
0.857216
0.336222
0.213559
0.279367
0.291055
0.582904
0.989545
0.283403
0.37082
0.460528
0.52805
0.615517
0.646305
0.743732
0.806902
0.273587
0.400656
0.664896
0.772381
0.872717
0.608488
0.27012
0.917151
0.516887
0.726918
0.400417
0.580741
0.353986
0.729621
0.660684
0.53397
0.321001
0.686675
0.431878
0.689041
0.733041
0.541189
0.833255
0.269167
0.226194
0.26394
0.848004
0.273904
0.723943
0.482169
0.810722
0.761626
0.634575
0.763203
0.747205
0.390531
0.908114
0.846462
0.695731
0.457168
0.625293
0.65927
0.554239
0.625489
0.655792
0.67657
0.854512
0.525059
0.252436
0.584616
0.97927
0.482006
0.684736
0.818917
0.508175
0.292094
0.764374
0.849022
0.86346
0.465381
0.467695
0.60145
0.65081
0.864182
0.298326
0.516972
0.223297
0.652667
0.706044
0.895697
0.787186
0.801246
0.294218
0.647561
0.694963
0.394385
0.217925
0.223181
0.43163
0.831125
0.231543
0.530933
0.655957
0.891581
0.533092
0.39739
0.833307
0.260965
0.260965
0.798927
0.92344
0.894676
0.538898
0.362324
0.669802
0.768062
0.695817
0.202485
0.953664
0.995455
0.982503
0.322954
0.877028
0.824165
0.875811
0.630011
0.615066
0.573609
0.998934
0.475021
0.999489
0.714917
0.906673
0.624952
0.38369
0.690035
0.749778
0.75192
0.551764
0.801621
0.839498
0.230558
0.346882
0.886634
0.461627
0.971743
0.697867
0.909482
0.951531
0.437312
0.764694
0.625578
0.355033
0.99704
0.988321
0.818967
0.998144
0.418343
0.290486
0.888049
0.500137
0.638212
0.793235
0.664554
0.87537
0.602386
0.698927
0.999918
0.304843
0.882265
0.265856
0.647946
0.250187
0.68412
0.794149
0.81698
0.386508
0.916985
0.243287
0.854418
0.557296
0.669532
0.481562
0.99966
0.313788
0.564603
0.573467
0.62048
0.628585
0.768716
0.518916
0.36536
0.270486
0.2303
0.568328
0.928891
0.284779
0.806649
0.351077
0.451563
0.596502
0.899352
0.714153
0.797948
0.832222
0.838674
0.464415
0.852084
0.732258
0.228315
0.786492
0.515443
0.714481
0.351119
0.799546
0.860142
0.312505
0.997677
0.586488
0.862647
0.716047
0.863204
0.752779
0.928219
0.574262
0.872397
0.379578
0.533616
0.555714
0.718021
0.956222
0.80762
0.860503
0.958633
0.748892
0.402494
0.998472
0.583784
0.573495
0.650805
0.271661
0.517563
0.628063
0.869667
0.790024
0.415011
0.576063
0.611759
0.706611
0.996821
0.347091
0.579465
0.714652
0.997732
0.549892
0.805719
0.25442
0.658074
0.463798
0.999551
0.293163
0.523047
0.852608
0.840851
0.49138
0.328849
0.727235
0.625498
0.589782
0.287473
0.544554
0.292379
0.317823
0.842232
0.761961
0.339121
0.359796
0.995282
0.752067
0.600576
0.99885
0.227683
0.999374
0.504116
0.811342
0.557441
0.466138
0.808114
0.663333
0.701395
0.715177
0.204811
0.229837
0.510238
0.999711
0.564422
0.669553
0.932782
0.722463
0.8499
0.722381
0.561528
0.75904
0.791975
0.632081
0.60443
0.53887
0.609891
0.722688
0.844786
0.727215
0.572379
0.437437
0.81257
0.5887
0.862864
0.667107
0.428405
0.347545
0.557478
0.851008
0.497818
0.238417
0.283277
0.209688
0.859582
0.712555
0.677663
0.716693
0.464433
0.517455
0.337249
0.51086
0.631975
0.785263
0.289226
0.822106
0.567462
0.532793
0.64605
0.568805
0.620991
0.80185
0.998798
0.458094
0.794281
0.94108
0.999632
0.792886
0.300559
0.36626
0.394878
0.697162
0.569781
0.328186
0.217116
0.873562
0.27566
0.300069
0.388136
0.718401
0.788755
0.500566
0.699597
0.75546
0.503927
0.357079
0.298108
0.531928
0.858214
0.502002
0.626587
0.982934
0.334897
0.471353
0.290925
0.411347
0.254381
0.72318
0.570988
0.855737
0.846171
0.889935
0.683034
0.900758
0.878243
0.642285
0.379091
0.666565
0.779563
0.522777
0.855403
0.292104
0.934722
0.484392
0.30575
0.20583
0.35601
0.383725
0.920562
0.552298
0.963646
0.876862
0.304602
0.342072
0.312449
0.287454
0.961367
0.637955
0.383764
0.285737
0.572473
0.219018
0.250008
0.766642
0.678778
0.412309
0.714678
0.56235
0.823971
0.826456
0.760743
0.964877
0.404347
0.961379
0.747949
0.350089
0.550375
0.811283
0.773662
0.735616
0.333199
0.314187
0.335614
0.860114
0.397308
0.800284
0.553108
0.217152
0.364994
0.477565
0.316744
0.247672
0.649841
0.459187
0.870357
0.236529
0.625894
0.346558
0.92839
0.69172
0.743257
0.76817
0.718094
0.998205
0.778236
0.954218
0.691248
0.735449
0.526455
0.826675
0.261482
0.770266
0.785561
0.833829
0.997516
0.855897
0.724445
0.80819
0.867263
0.352547
0.702348
0.87361
0.747954
0.785758
0.847837
0.24655
0.76396
0.875751
0.395004
0.853501
0.407976
0.867967
0.494071
0.380903
0.440801
0.797176
0.821477
0.496656
0.726092
0.648976
0.645858
0.413752
0.73359
0.749267
0.826253
0.656829
0.230118
0.516381
0.884393
0.268701
0.634514
0.623219
0.261538
0.949331
0.399958
0.978619
0.653069
0.931784
0.998632
0.929992
0.277739
0.516219
0.922763
0.803449
0.635566
0.937261
0.998031
0.368803
0.409728
0.35048
0.382988
0.549677
0.239732
0.626332
0.208222
0.499857
0.668293
0.412827
0.376315
0.916217
0.901796
0.355796
0.962014
0.248261
0.702725
0.668825
0.762189
0.701627
0.625889
0.714122
0.215778
0.330479
0.6888
0.216537
0.814942
0.233596
0.585309
0.296282
0.77565
0.644471
0.843475
0.415017
0.642856
0.203325
0.998903
0.38821
0.764164
0.857201
0.45947
0.722041
0.268639
0.884938
0.599211
0.631571
0.492938
0.714948
0.669304
0.857869
0.580681
0.263914
0.764054
0.649188
0.624428
0.596561
0.66671
0.777278
0.871453
0.898619
0.609412
0.463693
0.679184
0.951218
0.842274
0.813878
0.824035
0.833739
0.886588
0.732311
0.757359
0.789113
0.679126
0.236825
0.754275
0.726066
0.247197
0.628169
0.228762
0.831898
0.997022
0.38814
0.812464
0.49597
0.93068
0.307242
0.496099
0.591627
0.57474
0.887522
0.599952
0.261496
0.286754
0.583784
0.625279
0.410114
0.587917
0.452383
0.773488
0.992032
0.215247
0.996907
0.747286
0.306076
0.924701
0.762462
0.440271
0.648438
0.435364
0.213464
0.270479
0.888053
0.461937
0.789042
0.960376
0.711279
0.213971
0.391109
0.205744
0.591978
0.571135
0.405593
0.324669
0.414826
0.231063
0.879763
0.834248
0.942753
0.624673
0.713897
0.329733
0.591206
0.707617
0.756033
0.495863
0.382911
0.403889
0.769003
0.315453
0.799797
0.316543
0.235818
0.487156
0.999778
0.931213
0.578611
0.768467
0.870549
0.683376
0.283815
0.907199
0.928185
0.651446
0.631632
0.427784
0.847345
0.275541
0.831197
0.357636
0.554254
0.389742
0.873982
0.86
0.748526
0.722236
0.628727
0.778805
0.219451
0.67186
0.928778
0.650824
0.572044
0.560955
0.972285
0.380031
0.557617
0.825995
0.508201
0.582064
0.262217
0.620275
0.831184
0.705668
0.998989
0.433305
0.863792
0.576603
0.700242
0.367321
0.337682
0.231733
0.811874
0.396476
0.877163
0.845707
0.817689
0.217545
0.553848
0.797595
0.997197
0.792623
0.646558
0.259746
0.283753
0.622208
0.999795
0.911107
0.646194
0.374702
0.989956
0.478028
0.552588
0.840881
0.225295
0.681449
0.448117
0.916986
0.907406
0.804356
0.275481
0.584215
0.760675
0.384785
0.788295
0.993957
0.584845
0.557697
0.331349
0.434575
0.297166
0.415086
0.298368
0.677885
0.733577
0.995753
0.372364
0.997353
0.912609
0.32035
0.725446
0.751286
0.919531
0.753963
0.879914
0.452848
0.320181
0.947247
0.747781
0.526811
0.874166
0.952279
0.616449
0.655372
0.475335
0.856521
0.632468
0.771761
0.420061
0.696675
0.581332
0.80109
0.92852
0.464469
0.527069
0.779264
0.797771
0.464493
0.778722
0.86331
0.326537
0.45017
0.367252
0.246155
0.859181
0.558166
0.565423
0.300577
0.202116
0.250083
0.999289
0.365962
0.714413
0.225123
0.398683
0.857363
0.294209
0.364613
0.640368
0.68922
0.885712
0.787918
0.488936
0.51112
0.631471
0.66258
0.43179
0.990417
0.830138
0.381575
0.725438
0.997022
0.923739
0.626433
0.845354
0.228154
0.477747
0.803783
0.861888
0.587698
0.675249
0.625121
0.350684
0.326643
0.918905
0.779811
0.856965
0.440878
0.865152
0.77792
0.893866
0.242316
0.638644
0.49886
0.380291
0.778782
0.668894
0.838233
0.33485
0.702805
0.792188
0.301167
0.514148
0.801859
0.677092
0.36471
0.33341
0.750775
0.324907
0.773113
0.795226
0.7394
0.869834
0.739799
0.47598
0.626926
0.646042
0.72286
0.304533
0.333289
0.882156
0.825242
0.748852
0.928211
0.597339
0.932734
0.975201
0.894015
0.839122
0.581005
0.811026
0.853806
0.593014
0.939257
0.880559
0.235147
0.526079
0.534151
0.853921
0.710319
0.749274
0.905942
0.785211
0.2456
0.645327
0.98278
0.641651
0.846026
0.566202
0.706574
0.446217
0.872865
0.524504
0.553472
0.805311
0.472924
0.687098
0.368071
0.858452
0.728665
0.425895
0.826283
0.927861
0.230004
0.201492
0.847109
0.837183
0.330255
0.71556
0.941956
0.53184
0.296873
0.701231
0.546617
0.302537
0.976004
0.774335
0.278246
0.640698
0.737159
0.55979
0.994436
0.894412
0.60625
0.825807
0.937797
0.73593
0.994498
0.300261
0.888457
0.802833
0.798522
0.572118
0.572683
0.67924
0.277737
0.206378
0.423914
0.714585
0.263396
0.364258
0.418353
0.542747
0.511122
0.82828
0.5849
0.325648
0.501768
0.212306
0.773714
0.757889
0.459058
0.672508
0.354355
0.359807
0.703809
0.661385
0.964824
0.502452
0.200189
0.722947
0.500173
0.815927
0.742529
0.672069
0.85717
0.52658
0.297711
0.82216
0.994151
0.438145
0.332316
0.265388
0.265388
0.405722
0.517594
0.512386
0.412
0.563716
0.563716
0.705705
0.990211
0.826259
0.334475
0.563659
0.219155
0.59995
0.561978
0.789791
0.666758
0.999033
0.822266
0.560762
0.376438
0.26314
0.794121
0.845111
0.356372
0.604764
0.280977
0.917796
0.877588
0.434682
0.660335
0.214077
0.494604
0.538298
0.748615
0.991153
0.350402
0.522652
0.887515
0.856228
0.593748
0.326133
0.475938
0.916587
0.991495
0.841221
0.459231
0.456706
0.23709
0.746628
0.64667
0.488794
0.911994
0.236652
0.218006
0.478584
0.999204
0.209307
0.941818
0.867363
0.403307
0.998903
0.230592
0.535558
0.666393
0.552965
0.793403
0.874697
0.752234
0.262588
0.858673
0.725022
0.289715
0.824131
0.892669
0.786527
0.830136
0.329056
0.226911
0.856912
0.842349
0.7411
0.770517
0.545803
0.278349
0.916446
0.480331
0.500603
0.992602
0.536759
0.284841
0.469121
0.759742
0.9282
0.38528
0.867096
0.750473
0.620951
0.989227
0.643238
0.857139
0.844534
0.759895
0.767967
0.847278
0.823306
0.959204
0.292974
0.893783
0.491911
0.327901
0.468644
0.428394
0.823123
0.218264
0.510257
0.750286
0.654022
0.947878
0.368442
0.413077
0.787843
0.806082
0.432717
0.85008
0.299298
0.815558
0.248088
0.618545
0.22107
0.462956
0.866572
0.888647
0.999139
0.849817
0.704642
0.71766
0.431204
0.866612
0.327031
0.491633
0.22453
0.515558
0.332474
0.900463
0.276108
0.242677
0.712545
0.487761
0.773779
0.483639
0.559522
0.206662
0.571511
0.330589
0.760559
0.359275
0.783057
0.468861
0.998252
0.511493
0.730794
0.997637
0.45885
0.241186
0.700066
0.521928
0.496564
0.441818
0.996714
0.891138
0.241247
0.357888
0.928426
0.581733
0.603613
0.487448
0.364195
0.875306
0.590462
0.515603
0.927339
0.539866
0.214158
0.348714
0.833231
0.538706
0.985347
0.470551
0.76836
0.784393
0.381135
0.255936
0.622165
0.231533
0.844416
0.668391
0.999827
0.972875
0.819759
0.829959
0.24486
0.669595
0.360628
0.638286
0.313388
0.629984
0.206677
0.200071
0.60916
0.388791
0.865732
0.598033
0.720894
0.875778
0.593351
0.77962
0.496262
0.698829
0.662878
0.797896
0.201725
0.521286
0.935311
0.784104
0.812941
0.634368
0.422518
0.83903
0.942412
0.533365
0.500475
0.899331
0.337918
0.793513
0.816381
0.701467
0.503143
0.846811
0.354697
0.431811
0.733401
0.501359
0.371975
0.274493
0.868185
0.916742
0.432431
0.594068
0.89216
0.833692
0.865174
0.395933
0.671734
0.716892
0.915323
0.63345
0.465275
0.999856
0.789439
0.599993
0.495757
0.831629
0.933303
0.508205
0.60593
0.772308
0.275047
0.872624
0.69913
0.415978
0.65398
0.825177
0.556581
0.53086
0.861509
0.553557
0.917404
0.495268
0.818292
0.462401
0.335813
0.558823
0.807952
0.820698
0.414329
0.523409
0.616464
0.267579
0.991102
0.505431
0.692748
0.704307
0.653789
0.297733
0.906846
0.877564
0.521061
0.302775
0.404218
0.662905
0.30597
0.998723
0.365503
0.667548
0.551796
0.901852
0.912633
0.613727
0.593103
0.263876
0.850091
0.65107
0.832486
0.582146
0.771406
0.471393
0.867784
0.356783
0.77984
0.246685
0.587151
0.83278
0.853688
0.73421
0.284595
0.929185
0.832134
0.934965
0.333285
0.455744
0.230016
0.214225
0.452205
0.988699
0.778815
0.329657
0.668697
0.755034
0.291607
0.306763
0.632053
0.736341
0.263859
0.939192
0.844447
0.432514
0.546176
0.435346
0.522769
0.534577
0.928393
0.954556
0.342512
0.986422
0.75991
0.637931
0.702354
0.759286
0.238946
0.832866
0.726477
0.842142
0.22074
0.983492
0.476513
0.56366
0.875416
0.7599
0.299036
0.321794
0.734275
0.390463
0.393277
0.20823
0.699996
0.61733
0.699463
0.319076
0.516925
0.607212
0.580277
0.230107
0.857201
0.356638
0.221391
0.352969
0.42229
0.925407
0.901599
0.499995
0.216341
0.812191
0.998566
0.48378
0.249744
0.603924
0.804147
0.694922
0.446219
0.726678
0.999882
0.365656
0.898157
0.290741
0.775343
0.281834
0.822967
0.21131
0.71909
0.693107
0.390618
0.769508
0.815449
0.922305
0.348349
0.268724
0.319273
0.389083
0.346207
0.812508
0.735481
0.470459
0.215837
0.649074
0.998476
0.80813
0.676251
0.856307
0.954704
0.267895
0.546426
0.714284
0.308443
0.664121
0.664991
0.923081
0.666673
0.71688
0.304292
0.995317
0.784284
0.332056
0.814413
0.350227
0.837981
0.740864
0.668754
0.259675
0.707534
0.850445
0.866765
0.383158
0.671103
0.996911
0.720064
0.312408
0.817804
0.812412
0.562416
0.845874
0.817511
0.664244
0.883186
0.93735
0.992119
0.621315
0.325214
0.33822
0.677593
0.246858
0.359442
0.487085
0.812779
0.783375
0.669732
0.752627
0.427229
0.921279
0.670794
0.476887
0.283326
0.780792
0.245984
0.434325
0.999973
0.761959
0.541946
0.77801
0.55879
0.806344
0.798889
0.242384
0.871101
0.224051
0.288618
0.750051
0.569176
0.202786
0.994283
0.876139
0.749949
0.924627
0.283228
0.547233
0.331394
0.329938
0.25568
0.514375
0.891032
0.217041
0.928278
0.799898
0.808518
0.880222
0.808429
0.283832
0.724813
0.298937
0.827697
0.325839
0.771561
0.749793
0.272013
0.857628
0.666714
0.902789
0.31805
0.562853
0.294374
0.703733
0.663983
0.226463
0.292411
0.222465
0.507541
0.463253
0.254876
0.33034
0.338712
0.392905
0.892935
0.896054
0.428867
0.358126
0.459667
0.658249
0.416766
0.445005
0.262401
0.667492
0.457553
0.882233
0.780441
0.99989
0.235276
0.675094
0.255883
0.309936
0.2114
0.244741
0.930659
0.865033
0.833759
0.814934
0.47859
0.343195
0.494309
0.457071
0.763089
0.348622
0.274289
0.306942
0.399414
0.886836
0.805819
0.549128
0.355984
0.589937
0.27138
0.200468
0.401854
0.594203
0.812265
0.795579
0.607151
0.62308
0.853836
0.70201
0.400146
0.349796
0.22121
0.999267
0.323476
0.224233
0.510048
0.857823
0.619405
0.797502
0.740384
0.850047
0.842296
0.997972
0.694105
0.606569
0.361676
0.272825
0.881734
0.243465
0.61327
0.321908
0.814702
0.418517
0.523117
0.237569
0.253846
0.808326
0.320285
0.811355
0.769442
0.210748
0.500291
0.544596
0.324666
0.246882
0.528071
0.574105
0.406718
0.42136
0.744123
0.427209
0.497022
0.705339
0.675441
0.745458
0.435465
0.84995
0.759093
0.599688
0.747895
0.885279
0.417218
0.460864
0.328293
0.527881
0.760574
0.897497
0.774203
0.748613
0.93131
0.73018
0.587781
0.251599
0.871689
0.273745
0.783591
0.875307
0.270211
0.228472
0.22949
0.559145
0.920788
0.334102
0.727868
0.767811
0.917036
0.834403
0.257471
0.202009
0.724139
0.915398
0.611718
0.449719
0.257918
0.384152
0.846244
0.551608
0.777287
0.935572
0.775767
0.732055
0.573627
0.597058
0.492025
0.75984
0.652995
0.770028
0.501435
0.534374
0.444927
0.795931
0.88197
0.93367
0.491515
0.547126
0.915251
0.885943
0.41296
0.845297
0.4486
0.98561
0.561801
0.255621
0.268051
0.440858
0.589571
0.470276
0.515469
0.542387
0.33593
0.929638
0.598282
0.882457
0.782885
0.971342
0.801598
0.289525
0.858781
0.726596
0.550581
0.787951
0.662507
0.979201
0.999376
0.764621
0.64821
0.466743
0.556417
0.488311
0.871615
0.826575
0.691122
0.831087
0.637727
0.21243
0.833354
0.259753
0.622307
0.599285
0.222525
0.214496
0.43713
0.72763
0.571507
0.559659
0.999378
0.940761
0.823201
0.811439
0.768425
0.426576
0.743481
0.777932
0.205058
0.729692
0.638948
0.372927
0.261127
0.625046
0.26034
0.555742
0.581876
0.762634
0.483525
0.779083
0.799963
0.288178
0.475686
0.929778
0.947495
0.926291
0.927993
0.258624
0.873568
0.874378
0.221513
0.253007
0.524233
0.442262
0.221772
0.284361
0.492149
0.771263
0.668131
0.502727
0.248485
0.766409
0.877394
0.998897
0.822577
0.932843
0.795517
0.67743
0.260565
0.205556
0.410117
0.289394
0.659421
0.663242
0.311331
0.795094
0.92851
0.763036
0.322488
0.875014
0.339561
0.776122
0.58895
0.84298
0.874152
0.265956
0.549603
0.500572
0.999948
0.303354
0.649776
0.569616
0.384856
0.567156
0.746081
0.71644
0.507353
0.202686
0.707098
0.69538
0.473712
0.879548
0.585398
0.462961
0.404294
0.531092
0.999865
0.477248
0.699707
0.714144
0.762251
0.999638
0.4957
0.776048
0.591737
0.644287
0.817886
0.82296
0.713706
0.733494
0.255921
0.999121
0.474953
0.282785
0.828792
0.509465
0.928619
0.736662
0.34096
0.79856
0.641756
0.833001
0.533864
0.299343
0.842169
0.467818
0.400993
0.303134
0.768668
0.762935
0.799763
0.661955
0.254721
0.937487
0.495741
0.496646
0.995381
0.590212
0.75618
0.407253
0.454126
0.840125
0.874502
0.999941
0.681412
0.666476
0.842131
0.555171
0.827124
0.361364
0.292908
0.578469
0.9975
0.452885
0.258409
0.47364
0.232696
0.763408
0.338351
0.589661
0.651719
0.667506
0.777479
0.765912
0.719076
0.608905
0.834943
0.483839
0.571708
0.362898
0.668668
0.447088
0.449645
0.962452
0.802544
0.625699
0.964589
0.879134
0.386574
0.874963
0.621316
0.995956
0.231606
0.856133
0.259615
0.779254
0.68639
0.481753
0.346086
0.797632
0.234352
0.348572
0.624283
0.926726
0.248415
0.45297
0.318423
0.839472
0.998139
0.629081
0.646337
0.454061
0.818846
0.878643
0.360854
0.453954
0.723143
0.501235
0.483545
0.998585
0.933206
0.821662
0.668001
0.76025
0.918002
0.791378
0.652642
0.749561
0.81202
0.413894
0.805871
0.732427
0.210487
0.640159
0.55107
0.280407
0.417691
0.547258
0.820221
0.746041
0.891905
0.425711
0.366948
0.736031
0.653747
0.57716
0.406937
0.244722
0.22757
0.289942
0.891486
0.234982
0.990581
0.607495
0.415648
0.573829
0.545506
0.215219
0.589382
0.35166
0.608704
0.916494
0.87624
0.578745
0.781045
0.215063
0.411662
0.571251
0.357675
0.902551
0.424051
0.329162
0.672419
0.824109
0.489854
0.771579
0.655414
0.454404
0.905241
0.42372
0.227686
0.864912
0.600559
0.460555
0.419099
0.581884
0.651217
0.755238
0.677705
0.71099
0.426557
0.26101
0.340036
0.675463
0.401204
0.287071
0.871733
0.765481
0.560522
0.709377
0.270025
0.789557
0.359608
0.417519
0.509925
0.280721
0.250256
0.599564
0.457475
0.252079
0.91294
0.776734
0.301566
0.593631
0.89445
0.909098
0.294062
0.821278
0.998022
0.630871
0.246632
0.528186
0.884632
0.356051
0.857343
0.874929
0.288046
0.577698
0.547139
0.256205
0.779196
0.350165
0.210422
0.923308
0.529719
0.502732
0.829581
0.948163
0.20504
0.817388
0.322578
0.453115
0.490127
0.625286
0.731572
0.535039
0.270556
0.784616
0.815654
0.507969
0.624722
0.868096
0.973317
0.240853
0.58373
0.529053
0.873639
0.201612
0.999172
0.915925
0.663764
0.583921
0.924966
0.851117
0.614027
0.774422
0.566461
0.401245
0.621171
0.44419
0.942833
0.927445
0.993521
0.994936
0.393937
0.992871
0.419865
0.930933
0.270134
0.751278
0.454484
0.286868
0.466129
0.318025
0.809699
0.620115
0.548446
0.735892
0.469799
0.405132
0.505208
0.354203
0.411565
0.230114
0.371501
0.402721
0.650469
0.274185
0.514066
0.93097
0.259495
0.439112
0.481358
0.739699
0.825906
0.68992
0.554846
0.414531
0.846072
0.803563
0.279708
0.560555
0.456565
0.42002
0.602522
0.396145
0.73598
0.865039
0.811907
0.878131
0.274972
0.745482
0.35799
0.346113
0.740693
0.460806
0.285726
0.239632
0.824116
0.857354
0.249465
0.2741
0.665683
0.776031
0.308958
0.748343
0.60657
0.437757
0.620679
0.752066
0.282073
0.812497
0.472176
0.73987
0.539689
0.729363
0.663585
0.977608
0.733466
0.676522
0.33715
0.543061
0.736255
0.32992
0.562304
0.883292
0.806235
0.888446
0.249758
0.391585
0.535873
0.790119
0.664658
0.760055
0.723445
0.769178
0.297214
0.992166
0.210087
0.762288
0.600095
0.76545
0.497029
0.661468
0.59169
0.716357
0.62272
0.747005
0.28719
0.231292
0.858516
0.557036
0.486142
0.776214
0.835346
0.996311
0.209042
0.51249
0.230592
0.590112
0.554912
0.917934
0.799966
0.212801
0.297577
0.514192
0.296569
0.513852
0.858237
0.700257
0.999967
0.795622
0.880093
0.31318
0.302447
0.888842
0.99036
0.707633
0.943274
0.302738
0.64674
0.280778
0.33339
0.553862
0.212901
0.43699
0.648944
0.29863
0.984017
0.508759
0.543448
0.930887
0.753776
0.639689
0.785266
0.646526
0.336048
0.617811
0.612076
0.71476
0.558246
0.922807
0.231394
0.313984
0.416353
0.40201
0.470854
0.820511
0.717482
0.504232
0.493052
0.874339
0.830185
0.827939
0.866354
0.957446
0.2317
0.554941
0.533813
0.863246
0.871898
0.75009
0.220849
0.731086
0.689415
0.842204
0.981464
0.641805
0.59444
0.703317
0.915539
0.457103
0.901757
0.214286
0.271625
0.234201
0.738864
0.332921
0.738415
0.342614
0.270516
0.47712
0.785149
0.783792
0.599313
0.850291
0.615068
0.215363
0.73408
0.877529
0.666596
0.643173
0.94016
0.229083
0.701589
0.704512
0.828769
0.597089
0.996944
0.892027
0.635048
0.703215
0.85208
0.576352
0.820272
0.591811
0.225016
0.314132
0.933132
0.822729
0.535489
0.600863
0.207942
0.447
0.999589
0.603584
0.503964
0.84637
0.803746
0.706377
0.866755
0.610898
0.806212
0.409639
0.429978
0.678571
0.845971
0.541036
0.888824
0.390054
0.547676
0.83332
0.746014
0.99551
0.6889
0.444172
0.399992
0.946513
0.421463
0.253467
0.871059
0.910551
0.737811
0.884474
0.553183
0.644321
0.82003
0.876269
0.519784
0.98963
0.707832
0.820273
0.200068
0.830128
0.831518
0.818235
0.719789
0.26959
0.738515
0.873196
0.398349
0.843781
0.333071
0.808342
0.575945
0.454714
0.74
0.948886
0.770266
0.704796
0.80857
0.342317
0.975001
0.919522
0.88728
0.78575
0.261782
0.823596
0.305881
0.684546
0.395862
0.474711
0.238065
0.865971
0.679688
0.62246
0.995031
0.693123
0.619529
0.836514
0.89548
0.886164
0.835326
0.893213
0.579319
0.860869
0.504564
0.260523
0.3192
0.996643
0.733423
0.293493
0.400134
0.996344
0.225651
0.700145
0.859897
0.691325
0.675007
0.681438
0.835435
0.417332
0.534329
0.697806
0.237673
0.78651
0.510615
0.945879
0.75022
0.662849
0.833286
0.983506
0.953124
0.57744
0.514891
0.493989
0.522796
0.510949
0.41645
0.216743
0.85412
0.859091
0.431361
0.921285
0.728572
0.539268
0.765397
0.670949
0.778498
0.5316
0.368433
0.811954
0.857422
0.742661
0.306588
0.983159
0.723117
0.865792
0.527476
0.882331
0.32917
0.551881
0.811432
0.783856
0.35165
0.745373
0.791564
0.468107
0.54647
0.987522
0.545744
0.666794
0.404412
0.98761
0.290959
0.592439
0.650893
0.88198
0.358206
0.843729
0.419623
0.391649
0.403324
0.265221
0.345708
0.376112
0.653892
0.667046
0.899685
0.510828
0.232066
0.398976
0.218464
0.494998
0.88279
0.746553
0.804481
0.886611
0.404261
0.23901
0.93293
0.996843
0.412446
0.333651
0.448785
0.999082
0.869457
0.522351
0.369081
0.365691
0.230711
0.98835
0.662315
0.775678
0.789494
0.271277
0.216415
0.567894
0.397048
0.243437
0.458508
0.230272
0.988021
0.74924
0.561193
0.464953
0.630455
0.999657
0.289647
0.506943
0.610095
0.427423
0.634204
0.838811
0.645368
0.473568
0.225463
0.995136
0.674007
0.605573
0.998643
0.459922
0.78562
0.408045
0.66558
0.899252
0.553885
0.656355
0.250542
0.758328
0.602974
0.786671
0.858487
0.290812
0.315833
0.58185
0.810307
0.63658
0.89673
0.578117
0.85512
0.216678
0.247033
0.638399
0.250029
0.974386
0.729504
0.618617
0.272307
0.867357
0.831339
0.582681
0.858533
0.91311
0.562268
0.79744
0.800631
0.366787
0.716364
0.525638
0.475162
0.832803
0.606387
0.672475
0.472177
0.889012
0.996287
0.54651
0.484185
0.322317
0.614458
0.715408
0.452435
0.969596
0.938278
0.235477
0.401501
0.416204
0.598906
0.285243
0.763049
0.379431
0.799672
0.533926
0.284156
0.354355
0.44628
0.77669
0.392429
0.204305
0.570727
0.504878
0.670439
0.342001
0.736767
0.730977
0.857108
0.410249
0.776322
0.856589
0.79999
0.88081
0.567261
0.696948
0.722308
0.513925
0.298137
0.260001
0.76388
0.884865
0.520488
0.227323
0.416152
0.882825
0.683948
0.62567
0.521553
0.643396
0.820864
0.522213
0.242101
0.613329
0.212283
0.39215
0.423973
0.84194
0.87573
0.673881
0.886273
0.64052
0.565517
0.221054
0.799822
0.636237
0.8606
0.368041
0.337227
0.777438
0.23952
0.688408
0.601601
0.399763
0.596373
0.600953
0.733213
0.902088
0.351037
0.856746
0.71477
0.645462
0.246095
0.927992
0.778654
0.79156
0.563094
0.883049
0.319355
0.999679
0.407324
0.501583
0.434615
0.343264
0.799843
0.597941
0.239178
0.711796
0.239178
0.780526
0.967023
0.527801
0.339453
0.736131
0.469536
0.523575
0.333348
0.461819
0.530499
0.281749
0.884894
0.845648
0.778415
0.616046
0.545064
0.996371
0.48497
0.827054
0.202335
0.225632
0.398195
0.687667
0.607207
0.315932
0.499704
0.337799
0.800282
0.376317
0.934324
0.887907
0.632955
0.246325
0.46107
0.845312
0.680804
0.496976
0.496072
0.499596
0.648289
0.917961
0.515843
0.320175
0.733676
0.33549
0.346599
0.928627
0.916042
0.897005
0.883419
0.685911
0.259991
0.315204
0.886404
0.866004
0.564747
0.204334
0.347517
0.855268
0.388576
0.538374
0.259395
0.308266
0.238719
0.609133
0.88344
0.345944
0.996794
0.865723
0.403076
0.258671
0.726208
0.999077
0.311792
0.879942
0.424663
0.278681
0.59752
0.513985
0.543548
0.559784
0.971626
0.215065
0.445009
0.366673
0.760877
0.692166
0.490941
0.746896
0.502475
0.861005
0.793732
0.779633
0.801875
0.83031
0.245021
0.818037
0.84961
0.336304
0.402439
0.637953
0.437761
0.258778
0.717861
0.683741
0.381633
0.494136
0.88807
0.996326
0.888853
0.738915
0.855548
0.66378
0.90846
0.998186
0.203432
0.471482
0.990058
0.214232
0.408817
0.682956
0.423052
0.210625
0.608979
0.666379
0.512385
0.202057
0.424408
0.422515
0.372111
0.995435
0.807944
0.797459
0.417899
0.503021
0.748926
0.691574
0.999945
0.648866
0.269699
0.860008
1
0.931788
0.365829
0.736239
0.814215
0.327391
0.470466
0.267949
0.21845
0.602923
0.332866
0.612509
0.275449
0.669819
0.856848
0.995543
0.245302
0.768683
0.327962
0.74698
0.874571
0.435334
0.708003
0.288447
0.471299
0.640543
0.641355
0.918117
0.921291
0.872108
0.604649
0.928452
0.659767
0.356128
0.807035
0.89886
0.5584
0.847651
0.237923
0.399007
0.842596
0.232259
0.997934
0.631512
0.441141
0.568665
0.643218
0.324081
0.810288
0.370222
0.713163
0.775099
0.368952
0.327163
0.28786
0.488283
0.690741
0.987782
0.345053
0.574659
0.285715
0.427295
0.616008
0.647098
0.799584
0.710484
0.409756
0.529289
0.592682
0.668354
0.833331
0.822163
0.737523
0.824529
0.867615
0.621317
0.998657
0.753516
0.388463
0.859283
0.622592
0.539895
0.884233
0.926842
0.834055
0.705369
0.241577
0.479562
0.57556
0.345766
0.99989
0.859024
0.750884
0.884389
0.867901
0.819206
0.552334
0.92818
0.307174
0.323773
0.703314
0.416134
0.528569
0.845919
0.850744
0.68577
0.467255
0.833233
0.618902
0.849822
0.83854
0.879687
0.211198
0.771808
0.202316
0.597372
0.540343
0.866592
0.835425
0.72905
0.915104
0.749538
0.934763
0.745268
0.757677
0.572071
0.72888
0.913516
0.895656
0.971207
0.274404
0.205626
0.259248
0.621518
0.325461
0.645753
0.278051
0.951719
0.327673
0.323221
0.274645
0.694165
0.718682
0.728465
0.887974
0.226852
0.629876
0.888863
0.392816
0.749132
0.375931
0.437968
0.539384
0.866699
0.774563
0.675202
0.722104
0.800171
0.807903
0.979821
0.833839
0.740406
0.311897
0.665725
0.545818
0.244532
0.406954
0.973663
0.841047
0.264831
0.998018
0.823468
0.634279
0.404916
0.998431
0.88045
0.567595
0.882713
0.274603
0.526113
0.844011
0.369391
0.237619
0.997671
0.922845
0.495308
0.336501
0.310375
0.228502
0.525233
0.368231
0.273712
0.707094
0.651704
0.508488
0.445874
0.713504
0.292807
0.622806
0.266448
0.843256
0.72698
0.497032
0.887535
0.858645
0.363905
0.80893
0.612631
0.744398
0.695027
0.797516
0.372525
0.695061
0.593603
0.24139
0.859524
0.203766
0.231278
0.613024
0.310533
0.349059
0.362536
0.863764
0.241078
0.516165
0.581029
0.801372
0.642161
0.99964
0.848362
0.301467
0.999986
0.809406
0.426706
0.648854
0.588599
0.940971
0.389136
0.389136
0.648755
0.247169
0.586773
0.216698
0.364092
0.511568
0.497536
0.682594
0.562285
0.529472
0.656015
0.432382
0.750185
0.642762
0.85601
0.21785
0.392968
0.800014
0.836712
0.811803
0.336666
0.451556
0.85322
0.648586
0.349714
0.686294
0.40846
0.83014
0.829057
0.708798
0.428603
0.366163
0.686889
0.789281
0.315626
0.811158
0.80001
0.269551
0.452372
0.223672
0.766251
0.386597
0.705327
0.272519
0.441364
0.848182
0.999946
0.344331
0.559034
0.222712
0.498964
0.301703
0.851996
0.998498
0.46906
0.224617
0.283665
0.308371
0.66868
0.318945
0.497017
0.793995
0.500376
0.552293
0.639948
0.798114
0.874907
0.469929
0.27539
0.764566
0.931885
0.309204
0.252503
0.999936
0.869657
0.333696
0.358152
0.86797
0.655392
0.598192
0.464187
0.397755
0.847659
0.819108
0.855626
0.272277
0.994302
0.446615
0.641399
0.914532
0.867598
0.765611
0.812981
0.63877
0.259264
0.81069
0.809634
0.924536
0.857196
0.632676
0.756982
0.776786
0.639948
0.511328
0.599977
0.630039
0.662411
0.819131
0.98739
0.328986
0.786014
0.612056
0.31295
0.570609
0.657295
0.658748
0.349713
0.327332
0.72269
0.580307
0.24148
0.749524
0.245172
0.524827
0.787635
0.272607
0.693205
0.502449
0.210336
0.241111
0.865669
0.980914
0.476641
0.446101
0.85404
0.836977
0.835708
0.416511
0.630333
0.210931
0.383151
0.874065
0.666759
0.27445
0.928521
0.352425
0.549666
0.573446
0.272766
0.747542
0.846443
0.344197
0.464
0.789085
0.288951
0.492228
0.899058
0.598669
0.98394
0.549845
0.74128
0.337823
0.386098
0.603212
0.895896
0.31919
0.811368
0.605977
0.31061
0.698178
0.614398
0.999829
0.829086
0.818416
0.461806
0.258953
0.437329
0.236345
0.784425
0.868419
0.334366
0.710272
0.58855
0.777026
0.412905
0.631408
0.377349
0.618221
0.228673
0.81001
0.925481
0.447914
0.47965
0.999734
0.37523
0.744512
0.269093
0.796035
0.574397
0.370724
0.555551
0.996916
0.771248
0.601923
0.807859
0.287987
0.649779
0.581962
0.755887
0.833402
0.438612
0.746817
0.382052
0.857101
0.783526
0.564633
0.205773
0.765615
0.762655
0.757063
0.721139
0.420848
0.212437
0.829073
0.673062
0.54286
0.446258
0.518152
0.502169
0.758753
0.902016
0.841305
0.786656
0.738287
0.875355
0.398903
0.667669
0.665337
0.278306
0.565408
0.69328
0.772795
0.587609
0.470447
0.800853
0.543517
0.240718
0.256983
0.851882
0.892705
0.410376
0.472305
0.528958
0.208434
0.831949
0.556866
0.522995
0.967418
0.997668
0.209027
0.745026
0.618052
0.754436
0.74975
0.609854
0.812868
0.845727
0.368715
0.530761
0.426258
0.691197
0.857188
0.348206
0.343803
0.385356
0.351586
0.864112
0.829025
0.928593
0.999309
0.645929
0.701233
0.375125
0.757703
0.820207
0.826258
0.840669
0.921274
0.877405
0.828463
0.540673
0.710507
0.569827
0.456128
0.392667
0.996461
0.541271
0.890751
0.823309
0.70416
0.500556
0.321594
0.990906
0.68549
0.270237
0.996928
0.391576
0.914749
0.453723
0.839625
0.26537
0.210095
0.755032
0.992068
0.349114
0.238549
0.797718
0.538704
0.276799
0.932774
0.468629
0.657994
0.657878
0.593677
0.835769
0.352158
0.621814
0.838666
0.834195
0.34015
0.81813
0.256876
0.88443
0.42031
0.233777
0.972558
0.999167
0.882356
0.909168
0.919485
0.543867
0.631244
0.435666
0.27815
0.933052
0.53087
0.995036
0.707204
0.562713
0.204003
0.210529
0.247077
0.775082
0.4596
0.255741
0.634644
0.234621
0.848821
0.997543
0.812228
0.262431
0.227388
0.249229
0.22876
0.870259
0.721212
0.639785
0.608941
0.414001
0.462594
0.335205
0.738827
0.799444
0.24619
0.55835
0.567222
0.220074
0.924413
0.393801
0.435172
0.718912
0.599072
0.856391
0.266679
0.930697
0.371415
0.864612
0.612481
0.681031
0.881453
0.485227
0.773494
0.260116
0.596621
0.999999
0.873759
0.920461
0.840026
0.690002
0.497698
0.999591
0.559964
0.999775
0.203845
0.778557
0.639897
0.273014
0.612271
0.272952
0.238675
0.439285
0.309604
0.715916
0.237389
0.665625
0.774753
0.70243
0.99894
0.41522
0.320037
0.245043
0.777184
0.76721
0.222304
0.888335
0.780165
0.772006
0.857054
0.691916
0.710865
0.637377
0.716715
0.713566
0.316748
0.200682
0.498762
0.715488
0.744424
0.365086
0.228796
0.229093
0.999964
0.827776
0.911101
0.467685
0.64313
0.571278
0.296162
0.35473
0.700289
0.909537
0.832864
0.570862
0.510474
0.866323
0.875522
0.999999
0.616722
0.236103
0.342851
0.857005
0.810761
0.627006
0.399779
0.711664
0.63338
0.928805
0.776613
0.699514
0.843469
0.915715
0.809693
0.855072
0.881689
0.375025
0.778092
0.221726
0.937993
0.658926
0.999816
0.832799
0.438728
0.622851
0.998183
0.526361
0.993454
0.674037
0.906162
0.517707
0.658195
0.990074
0.898051
0.443634
0.409375
0.714734
0.219296
0.878416
0.217872
0.81458
0.292345
0.801532
0.421604
0.509065
0.493815
0.250028
0.987723
0.737149
0.426174
0.62009
0.250748
0.712128
0.715243
0.933167
0.795971
0.211174
0.84643
0.278729
0.241798
0.268524
0.835166
0.252074
0.274456
0.466689
0.873663
0.894076
0.32081
0.386724
0.621924
0.821782
0.817506
0.76992
0.712527
0.387104
0.873789
0.981332
0.366446
0.949246
0.295371
0.714289
0.883227
0.833327
0.356801
0.994023
0.803534
0.812972
0.904252
0.575925
0.999524
0.351769
0.663509
0.395894
0.853866
0.668596
0.885753
0.591819
0.247178
0.468125
0.822535
0.646026
0.409725
0.800213
0.954789
0.472581
0.772354
0.837714
0.200032
0.297379
0.847144
0.300245
0.65942
0.211086
0.3468
0.283699
0.339604
0.374662
0.862977
0.461668
0.444516
0.788799
0.814025
0.852318
0.676711
0.999767
0.615047
0.750074
0.563932
0.728918
0.911473
0.865697
0.560491
0.599479
0.494695
0.866067
0.535334
0.791778
0.86242
0.920341
0.679481
0.217055
0.693424
0.656791
0.249724
0.39033
0.478841
0.975626
0.89634
0.858762
0.238351
0.757996
0.504261
0.833783
0.279305
0.347814
0.724157
0.405651
0.533693
0.660533
0.297613
0.908661
0.616771
0.796764
0.487862
0.282909
0.848268
0.323443
0.474321
0.644
0.81325
0.293707
0.538924
0.616867
0.921912
0.371485
0.768879
0.448839
0.833096
0.234843
0.856921
0.589487
0.798948
0.236484
0.772866
0.581995
0.711863
0.674731
0.852335
0.411172
0.740492
0.831249
0.390361
0.857286
0.31585
0.727982
0.741497
0.858932
0.876419
0.423395
0.242438
0.921984
0.951887
0.279994
0.41754
0.320047
0.79822
0.396306
0.502087
0.672846
0.865286
0.858146
0.240519
0.498211
0.804797
0.640169
0.474877
0.713908
0.484625
0.827133
0.744807
0.444923
0.564092
0.601616
0.678215
0.433519
0.926349
0.608697
0.22279
0.754836
0.867765
0.35547
0.49018
0.873374
0.775815
0.242428
0.574118
0.480984
0.643496
0.570125
0.303394
0.722245
0.71777
0.522567
0.222091
0.999889
0.213412
0.748713
0.78932
0.834402
0.996251
0.643675
0.452869
0.510921
0.270509
0.647318
0.621335
0.420215
0.676883
0.605068
0.794701
0.555375
0.778161
0.524744
0.821461
0.624032
0.544534
0.344285
0.220636
0.744201
0.650279
0.615013
0.502672
0.218229
0.203478
0.824586
0.411695
0.759009
0.22409
0.638266
0.81513
0.997936
0.757524
0.38205
0.789505
0.824411
0.90773
0.872479
0.261228
0.857977
0.335722
0.271766
0.507618
0.243842
0.538994
0.404809
0.948046
0.355584
0.329568
0.237151
0.584199
0.289121
0.75491
0.637601
0.500243
0.350437
0.872379
0.857384
0.328483
0.811863
0.27729
0.237355
0.209327
0.817582
0.559453
0.679431
0.678272
0.255042
0.392859
0.692957
0.323105
0.857965
0.500749
0.852354
0.966855
0.832672
0.688918
0.267218
0.433779
0.309159
0.914347
0.298139
0.603697
0.590359
0.627886
0.982701
0.401288
0.874814
0.759501
0.769097
0.442712
0.928423
0.811648
0.596355
0.650472
0.782202
0.843009
0.380717
0.935711
0.941504
0.62634
0.332499
0.554894
0.737782
0.998885
0.293797
0.863575
0.808748
0.997481
0.240991
0.311636
0.694858
0.233854
0.49442
0.502451
0.363477
0.637285
0.654414
0.869972
0.236568
0.625884
0.21024
0.501422
0.899132
0.33376
0.857953
0.878283
0.666721
0.675113
0.450459
0.650363
0.591866
0.522345
0.211815
0.54538
0.635771
0.276953
0.432969
0.850792
0.209793
0.667024
0.309026
0.240644
0.369188
0.527538
0.386392
0.999945
0.763979
0.654694
0.999916
0.538889
0.730318
0.291261
0.52503
0.524991
0.336886
0.336886
0.2496
0.8942
0.635206
0.793195
0.338766
0.290862
0.996583
0.244611
0.206334
0.454889
0.823102
0.465021
0.251836
0.608552
0.832765
0.551504
0.24124
0.678796
0.872179
0.604204
0.372701
0.738943
0.748896
0.999434
0.654194
0.217643
0.64093
0.323702
0.999897
0.391768
0.907303
0.750577
0.761458
0.770758
0.984965
0.890126
0.999544
0.804196
0.479694
0.997059
0.510325
0.610823
0.874535
0.56562
0.432975
0.344019
0.342401
0.63537
0.907315
0.632544
0.503278
0.36039
0.799436
0.675343
0.655184
0.871441
0.926182
0.212858
0.640158
0.611449
0.445419
0.47323
0.429495
0.845795
0.63789
0.907514
0.849377
0.942714
0.619252
0.831371
0.776593
0.593612
0.881885
0.712061
0.274562
0.883246
0.701309
0.514366
0.575354
0.726402
0.840314
0.779901
0.804835
0.436773
0.580568
0.593509
0.679477
0.909682
0.307147
0.991966
0.818027
0.886453
0.757958
0.670415
0.953052
0.257664
0.476239
0.936199
0.614818
0.71196
0.998506
0.326115
0.804815
0.729719
0.308784
0.681945
0.848081
0.731788
0.778963
0.416438
0.454979
0.399423
0.655628
0.470923
0.744227
0.720821
0.330432
0.92303
0.687543
0.896681
0.659043
0.802061
0.737579
0.285152
0.791417
0.207302
0.817651
0.53756
0.624747
0.644917
0.812181
0.848936
0.219461
0.846024
0.852224
0.262274
0.73143
0.553147
0.640514
0.213397
0.380824
0.653323
0.916529
0.711861
0.322064
0.786699
0.337203
0.558338
0.644973
0.926397
0.200573
0.40563
0.530791
0.279634
0.443993
0.27891
0.946617
0.308541
0.866715
0.505744
0.855796
0.573505
0.322543
0.907444
0.883822
0.315878
0.203396
0.540862
0.999605
0.392061
0.781689
0.627075
0.556445
0.843614
0.375204
0.62679
0.80867
0.422327
0.514272
0.332494
0.490454
0.924656
0.494497
0.874456
0.662248
0.493937
0.81709
0.800406
0.894544
0.596699
0.730158
0.802148
0.733163
0.447046
0.349706
0.279097
0.937354
0.912171
0.897677
0.745747
0.869441
0.599355
0.72671
0.636447
0.96595
0.439667
0.641203
0.866111
0.369624
0.396926
0.343327
0.485556
0.396818
0.826763
0.870321
0.229294
0.845363
0.432421
0.560938
0.487427
0.603708
0.294705
0.55511
0.200365
0.74521
0.925986
0.297828
0.626801
0.514207
0.547553
0.411678
0.752962
0.941425
0.882016
0.257087
0.395937
0.27088
0.831629
0.600756
0.684423
0.579105
0.363841
0.29441
0.704089
0.684998
0.363095
0.750443
0.532467
0.798093
0.947101
0.525888
0.460863
0.702367
0.657455
0.999437
0.305643
0.424959
0.670045
0.869026
0.719551
0.800175
0.881173
0.856627
0.736642
0.748311
0.935781
0.231294
0.817818
0.858329
0.209253
0.322441
0.295221
0.706054
0.887637
0.67996
0.279874
0.62221
0.891421
0.874989
0.423388
0.658302
0.921547
0.634549
0.349676
0.761816
0.807876
0.803021
0.656843
0.35491
0.721332
0.921475
0.211096
0.31315
0.999948
0.779353
0.660702
0.238996
0.214872
0.830013
0.925858
0.931388
0.311115
0.856197
0.219339
0.929656
0.733735
0.960323
0.398843
0.798825
0.96264
0.450278
0.821166
0.658158
0.515802
0.858633
0.59217
0.928409
0.937382
0.409321
0.366734
0.257211
0.298004
0.258379
0.840326
0.677501
0.999443
0.600009
0.857143
0.864312
0.34897
0.586416
0.432422
0.459575
0.884404
0.940571
0.466941
0.394772
0.858464
0.818601
0.279091
0.730816
0.771362
0.942116
0.590683
0.773654
0.99739
0.539157
0.201047
0.800167
0.370964
0.247098
0.651889
0.352168
0.841053
0.285648
0.842057
0.595011
0.94226
0.876034
0.350964
0.5567
0.372175
0.788097
0.875452
0.328465
0.538436
0.710822
0.88348
0.794209
0.314612
0.43087
0.554935
0.558242
0.998477
0.834905
0.78669
0.439152
0.857664
0.715577
0.671822
0.452366
0.697182
0.999713
0.883517
0.219971
0.798973
0.915319
0.477522
0.755979
0.998747
0.999931
0.997778
0.76829
0.521983
0.612914
0.400117
0.369717
0.594538
0.288083
0.46241
0.576
0.651957
0.361407
0.791952
0.712756
0.657008
0.362504
0.998509
0.779892
0.998494
0.92541
0.369219
0.912685
0.827451
0.767988
0.899921
0.332822
0.620698
0.577651
0.336116
0.901648
0.452673
0.618214
0.222336
0.790057
0.998074
0.552043
0.261051
0.61275
0.553178
0.385237
0.874915
0.451522
0.991708
0.454831
0.346686
0.486601
0.466655
0.648161
0.416008
0.874173
0.659719
0.309907
0.922732
0.83195
0.312724
0.97182
0.928542
0.819825
0.999481
0.314358
0.292762
0.641278
0.250338
0.996344
0.535088
0.80133
0.565446
0.793256
0.97751
0.92839
0.807685
0.811631
0.227291
0.200926
0.994788
0.294914
0.412295
0.626954
0.303126
0.90203
0.962352
0.537809
0.553792
0.854674
0.203127
0.55039
0.328137
0.309027
0.724446
0.713466
0.614743
0.810745
0.280477
0.49737
0.615618
0.650698
0.210564
0.276872
0.398905
0.759934
0.409231
0.26168
0.810491
0.44118
0.201875
0.493318
0.845232
0.429753
0.218862
0.600198
0.879437
0.463551
0.825418
0.484268
0.534901
0.458105
0.480299
0.345235
0.300229
0.899658
0.319823
0.40827
0.25703
0.416275
0.37994
0.890812
0.554852
0.397006
0.521961
0.425528
0.876987
0.318532
0.985008
0.879706
0.918367
0.738635
0.548996
0.426404
0.859151
0.997293
0.795899
0.433766
0.281479
0.300664
0.749416
0.227076
0.629081
0.348262
0.871327
0.2747
0.354686
0.237539
0.849804
0.258649
0.802356
0.751337
0.732687
0.721052
0.585257
0.762385
0.224963
0.996922
0.211766
0.452338
0.258067
0.455214
0.787061
0.837083
0.892741
0.501793
0.735129
0.248005
0.761604
0.891098
0.640799
0.453405
0.387102
0.605552
0.429072
0.833864
0.343453
0.519927
0.24404
0.575176
0.790301
0.417591
0.648059
0.800238
0.757307
0.864916
0.852445
0.702918
0.857073
0.806945
0.518338
0.26706
0.937554
0.448644
0.680322
0.706644
0.638941
0.765196
0.6672
0.464274
0.926509
0.745793
0.408681
0.453925
0.827694
0.968361
0.833185
0.642889
0.224874
0.845341
0.778443
0.243302
0.470948
0.51792
0.980139
0.65422
0.999148
0.527728
0.492337
0.549737
0.978622
0.997806
0.305975
0.889755
0.986131
0.85271
0.476942
0.472647
0.711388
0.740306
0.745321
0.516351
0.749968
0.881405
0.832437
0.626113
0.223422
0.450599
0.377392
0.517565
0.993679
0.427074
0.907865
0.220221
0.920813
0.969807
0.512769
0.789452
0.653059
0.237263
0.458773
0.84735
0.509347
0.744321
0.900228
0.827797
0.865111
0.871849
0.866425
0.257537
0.524656
0.454487
0.265198
0.781389
0.33768
0.874795
0.462794
0.917014
0.283258
0.51833
0.32315
0.438799
0.709596
0.744188
0.866703
0.398935
0.999418
0.332049
0.280506
0.77217
0.778605
0.676569
0.367
0.29739
0.223388
0.688169
0.86637
0.543163
0.565549
0.846122
0.800907
0.35127
0.21472
0.784974
0.49956
0.558175
0.640628
0.305734
0.944016
0.541086
0.836682
0.897263
0.315479
0.587739
0.871547
0.538607
0.43267
0.296242
0.890698
0.756281
0.362653
0.627806
0.996999
0.511158
0.725132
0.375631
0.570876
0.995804
0.994657
0.381936
0.224595
0.226571
0.8901
0.262001
0.613863
0.88906
0.314922
0.319196
0.601025
0.327875
0.417798
0.91388
0.289426
0.91356
0.807547
0.3016
0.351036
0.896884
0.637674
0.63849
0.846292
0.677946
0.344706
0.793273
0.908834
0.673199
0.574635
0.912519
0.649682
0.27093
0.824039
0.401759
0.76871
0.312693
0.995922
0.999949
0.683388
0.488381
0.868749
0.978449
0.830418
0.474045
0.8523
0.72945
0.296965
0.667509
0.999271
0.883239
0.257762
0.727252
0.498111
0.488945
0.47548
0.666659
0.811809
0.332694
0.229986
0.276507
0.679838
0.396745
0.429129
0.506623
0.763744
0.60726
0.292086
0.570676
0.409465
0.560689
0.476236
0.689081
0.609196
0.722969
0.601631
0.299802
0.61786
0.638737
0.411725
0.256717
0.256717
0.502984
0.890646
0.803568
0.431838
0.880476
0.939503
0.648979
0.260859
0.685257
0.321812
0.562493
0.387432
0.252252
0.436867
0.912586
0.843649
0.483359
0.913026
0.921369
0.529542
0.70461
0.380981
0.634424
0.799161
0.68363
0.746494
0.766353
0.875336
0.774699
0.760292
0.320918
0.209892
0.468593
0.47478
0.602703
0.843479
0.905837
0.354521
0.92791
0.404927
0.519918
0.710317
0.248168
0.523153
0.523153
0.470894
0.265554
0.857905
0.587149
0.671394
0.846127
0.528228
0.999158
0.513618
0.692197
0.999926
0.665926
0.986765
0.239181
0.917543
0.353727
0.769326
0.796126
0.940929
0.312353
0.460786
0.741923
0.563154
0.890573
0.874261
0.999979
0.788935
0.64579
0.928934
0.813445
0.823497
0.741575
0.262892
0.677872
0.20068
0.510212
0.241494
0.742336
0.252797
0.812242
0.434428
0.874486
0.208592
0.876194
0.562451
0.922812
0.934804
0.208623
0.635725
0.531036
0.708529
0.750144
0.768206
0.795449
0.333329
0.831505
0.750741
0.969775
0.210769
0.672981
0.22196
0.58638
0.552946
0.350685
0.499909
0.458768
0.927009
0.209879
0.995329
0.240185
0.789655
0.832706
0.758641
0.733198
0.550455
0.806867
0.846487
0.77603
0.867437
0.413209
0.568795
0.844147
0.766451
0.343775
0.422809
0.998533
0.995528
0.907113
0.258558
0.239566
0.785979
0.362314
0.267235
0.484202
0.319417
0.235116
0.833749
0.875311
0.810054
0.304665
0.312713
0.464077
0.672206
0.689433
0.871799
0.702738
0.469225
0.635803
0.561753
0.301978
0.230597
0.708507
0.453359
0.871628
0.249169
0.716152
0.702356
0.678351
0.325251
0.433306
0.863616
0.855556
0.930115
0.428824
0.42026
0.835878
0.625145
0.376051
0.855862
0.420182
0.636347
0.375163
0.777269
0.987451
0.303941
0.651605
0.46203
0.90947
0.9131
0.707118
0.891903
0.793802
0.874905
0.429997
0.614867
0.714286
0.99987
0.825705
0.962901
0.389079
0.664006
0.552034
0.431199
0.837892
0.584592
0.420591
0.201249
0.88594
0.989529
0.809632
0.312651
0.477245
0.676198
0.340093
0.96427
0.925116
0.610555
0.333304
0.719846
0.37557
0.660002
0.761358
0.997142
0.833666
0.7642
0.882211
0.714954
0.478978
0.379063
0.431274
0.999682
0.646088
0.235149
0.896141
0.552186
0.879538
0.865721
0.630738
0.902988
0.999604
0.218872
0.319474
0.995828
0.268795
0.764448
0.414871
0.565755
0.997235
0.992943
0.409167
0.350967
0.345208
0.911738
0.46693
0.820283
0.408158
0.750108
0.279275
0.213387
0.740585
0.832927
0.772295
0.65841
0.726143
0.66699
0.21896
0.804307
0.641181
0.80402
0.363358
0.579065
0.985648
0.934029
0.633562
0.472973
0.736736
0.830875
0.825838
0.372215
0.691918
0.815461
0.506543
0.541644
0.302438
0.856119
0.524139
0.226023
0.230673
0.638863
0.607702
0.873201
0.20346
0.35291
0.657111
0.944093
0.749962
0.636849
0.994759
0.536586
0.780697
0.671635
0.499012
0.852115
0.579771
0.717874
0.613207
0.538043
0.877205
0.542319
0.450157
0.918892
0.450183
0.785559
0.632909
0.310339
0.365191
0.279937
0.895507
0.786007
0.500122
0.827209
0.813626
0.33254
0.620533
0.202753
0.518958
0.999836
0.25279
0.455993
0.667561
0.863203
0.944513
0.336753
0.797403
0.529753
0.219937
0.332373
0.966576
0.552761
0.567641
0.666556
0.935466
0.755662
0.993793
0.871428
0.877725
0.997916
0.262661
0.616984
0.413104
0.260891
0.514335
0.545026
0.816418
0.834037
0.993752
0.923767
0.461315
0.918818
0.601166
0.651292
0.858771
0.728188
0.25189
0.501712
0.331768
0.356275
0.24517
0.832162
0.825847
0.744498
0.716474
0.392495
0.683928
0.870259
0.578534
0.750592
0.450137
0.98753
0.23575
0.725863
0.791234
0.723578
0.98512
0.721099
0.697391
0.844591
0.387853
0.824463
0.808966
0.865722
0.667042
0.903398
0.730025
0.304989
0.745813
0.309349
0.858971
0.62315
0.827712
0.600849
0.288119
0.226869
0.503803
0.576016
0.811681
0.66857
0.630181
0.271341
0.539669
0.542186
0.607924
0.482174
0.442256
0.78881
0.869682
0.589082
0.678799
0.70286
0.346742
0.833511
0.764115
0.581149
0.620168
0.795599
0.455198
0.808984
0.430687
0.743379
0.432647
0.589362
0.400563
0.857147
0.806202
0.497715
0.835688
0.671145
0.448416
0.654108
0.226373
0.200198
0.856953
0.68833
0.999995
0.843868
0.377879
0.982099
0.497344
0.753644
0.542599
0.837012
0.553414
0.523132
0.428806
0.220736
0.853706
0.867717
0.874759
0.753096
0.999597
0.33375
0.406065
0.67495
0.827539
0.82372
0.366514
0.836655
0.488195
0.365354
0.222759
0.496203
0.686911
0.593148
0.717928
0.368815
0.465577
0.940898
0.332166
0.998054
0.642681
0.60461
0.853454
0.313467
0.879564
0.463158
0.899314
0.791893
0.41912
0.658961
0.568952
0.50051
0.857246
0.922852
0.249456
0.664319
0.831501
0.436422
0.533788
0.799315
0.646696
0.657156
0.757166
0.604879
0.591225
0.72424
0.824537
0.24162
0.571901
0.674596
0.465114
0.71231
0.399778
0.445932
0.494848
0.401216
0.593425
0.511385
0.849959
0.209484
0.233435
0.93231
0.368691
0.726452
0.361872
0.485579
0.351565
0.331498
0.402361
0.305263
0.276323
0.595904
0.579625
0.880609
0.998017
0.419182
0.706364
0.244353
0.580479
0.310312
0.792729
0.760161
0.517416
0.800033
0.660865
0.664054
0.814997
0.763663
0.226858
0.450145
0.207322
0.998093
0.59184
0.83749
0.697203
0.310215
0.77748
0.843459
0.492528
0.999597
0.559106
0.29013
0.714785
0.858596
0.233925
0.219561
0.215757
0.504003
0.534056
0.91955
0.745708
0.490245
0.817334
0.458134
0.856589
0.868655
0.513916
0.891825
0.231726
0.283077
0.814289
0.268257
0.526911
0.874908
0.822674
0.527896
0.913303
0.868151
0.787629
0.480814
0.273364
0.574397
0.993338
0.348544
0.685109
0.309203
0.827486
0.862574
0.353962
0.238122
0.742033
0.923374
0.87112
0.493379
0.873364
0.899637
0.229142
0.699887
0.841157
0.856887
0.862885
0.583046
0.267538
0.567308
0.988008
0.857684
0.597114
0.200416
0.706386
0.85032
0.427166
0.430931
0.547776
0.203567
0.301809
0.650937
0.661708
0.74129
0.712236
0.999599
0.762319
0.569294
0.925549
0.845058
0.708631
0.369768
0.619747
0.805245
0.988639
0.830402
0.817666
0.670633
0.6185
0.499018
0.957534
0.796341
0.73378
0.332706
0.893093
0.578932
0.503952
0.207056
0.877188
0.200264
0.759997
0.349822
0.873434
0.553512
0.653937
0.385337
0.686431
0.745846
0.70931
0.378561
0.22995
0.785877
0.66174
0.99732
0.279858
0.2638
0.714735
0.83376
0.366313
0.264991
0.865234
0.802511
0.886361
0.205561
0.278109
0.441264
0.225587
0.291422
0.551908
0.995982
0.824463
0.666508
0.89625
0.347464
0.760032
0.824275
0.304946
0.268111
0.99683
0.597591
0.8485
0.75909
0.651613
0.814277
0.37131
0.57629
0.701173
0.439883
0.57396
0.310226
0.689915
0.285447
0.872179
0.558951
0.845653
0.658841
0.842229
0.833281
0.560059
0.295612
0.500487
0.365789
0.625672
0.830714
0.999836
0.3432
0.223416
0.895664
0.67566
0.210271
0.811032
0.556904
0.911182
0.294343
0.460269
0.913345
0.785395
0.698331
0.655572
0.921568
0.290996
0.227144
0.522568
0.768521
0.771927
0.766161
0.591356
0.831752
0.999047
0.472324
0.495761
0.713998
0.622104
0.925665
0.351341
0.385312
0.773912
0.945433
0.993771
0.821096
0.65172
0.857135
0.888686
0.411045
0.422458
0.653899
0.387746
0.860259
0.850448
0.474521
0.997723
0.879982
0.964723
0.230981
0.212403
0.995898
0.899073
0.784527
0.520906
0.866544
0.761242
0.774229
0.955351
0.79239
0.852842
0.781741
0.998971
0.961159
0.758085
0.857207
0.688263
0.624918
0.802419
0.656187
0.441914
0.643279
0.998453
0.833409
0.998556
0.571712
0.304642
0.927895
0.879108
0.714368
0.943285
0.703956
0.413198
0.755238
0.880502
0.765544
0.232468
0.295125
0.909022
0.262167
0.744814
0.689481
0.866735
0.621748
0.740299
0.905329
0.358341
0.284314
0.988374
0.491625
0.972947
0.405572
0.223448
0.471514
0.907451
0.399534
0.779896
0.622066
0.772651
0.998344
0.686395
0.752786
0.759957
0.486409
0.213763
0.681587
0.809132
0.444852
0.496955
0.313965
0.556752
0.445037
0.306446
0.594489
0.699086
0.318839
0.796749
0.999859
0.200348
0.508929
0.857096
0.954112
0.244303
0.745844
0.874725
0.645088
0.40706
0.450568
0.466209
0.695656
0.726511
0.302525
0.594055
0.743826
0.251224
0.353038
0.904344
0.560905
0.240531
0.598872
0.236714
0.818817
0.386826
0.874883
0.77639
0.894637
0.413241
0.675616
0.854823
0.28709
0.786333
0.244144
0.277509
0.416301
0.965977
0.669298
0.482415
0.351142
0.217841
0.225148
0.998642
0.441228
0.305383
0.698372
0.402213
0.749384
0.786295
0.859731
0.392172
0.988565
0.668393
0.211612
0.778368
0.394949
0.804527
0.850089
0.776499
0.670836
0.204312
0.239922
0.542903
0.727887
0.750824
0.480194
0.225754
0.998206
0.942772
0.476132
0.782069
0.34227
0.437331
0.248499
0.474574
0.85681
0.254946
0.785576
0.562947
0.74982
0.301793
0.998958
0.265903
0.468335
0.527462
0.392836
0.999284
0.535493
0.519777
0.85624
0.716152
0.994658
0.77024
0.37894
0.862535
0.863983
0.565424
0.95234
0.821497
0.389762
0.578931
0.291482
0.816636
0.266197
0.509623
0.376025
0.922973
0.70519
0.215516
0.496384
0.507947
0.769789
0.336007
0.67395
0.737557
0.268181
0.963525
0.888497
0.456759
0.435593
0.545466
0.519257
0.201358
0.396163
0.73404
0.22637
0.776536
0.466598
0.299044
0.788989
0.717067
0.420616
0.422879
0.564394
0.883678
0.39225
0.403287
0.70508
0.291092
0.852135
0.704016
0.63827
0.584882
0.833042
0.591588
0.274965
0.899262
0.86874
0.597423
0.317773
0.627158
0.876303
0.945759
0.853624
0.563908
0.823756
0.265619
0.370047
0.348982
0.572816
0.855277
0.789035
0.549694
0.215714
0.75022
0.239451
0.642243
0.991773
0.817158
0.214377
0.612328
0.378362
0.765148
0.938235
0.651167
0.91263
0.442573
0.332908
0.772383
0.656119
0.318889
0.898261
0.471438
0.346311
0.810945
0.576431
0.481504
0.534126
0.414694
0.824446
0.529905
0.330746
0.781813
0.543097
0.923756
0.341926
0.750643
0.992188
0.347996
0.998993
0.871488
0.785336
0.754589
0.577698
0.612562
0.293337
0.858199
0.996013
0.676148
0.831662
0.886517
0.849642
0.560786
0.996838
0.872436
0.27275
0.306983
0.858759
0.8218
0.555014
0.538299
0.249367
0.686555
0.778975
0.738352
0.291137
0.295582
0.552036
0.750732
0.844364
0.443074
0.22253
0.504565
0.554277
0.333815
0.490376
0.483914
0.842328
0.680342
0.496077
0.91057
0.295439
0.712931
0.25564
0.266082
0.758795
0.54766
0.499878
0.762496
0.841262
0.273538
0.577283
0.333503
0.685343
0.538935
0.323708
0.769067
0.994883
0.817343
0.855292
0.92042
0.651936
0.659497
0.699223
0.610333
0.366353
0.927631
0.702217
0.615518
0.991235
0.637812
0.993945
0.408479
0.875131
0.26436
0.78575
0.328852
0.792562
0.62315
0.866857
0.998767
0.200566
0.878324
0.831679
0.578529
0.336507
0.40636
0.981653
0.370037
0.885475
0.290052
0.857111
0.798892
0.257489
0.436009
0.977298
0.879379
0.350633
0.416267
0.240815
0.914675
0.339785
0.778338
0.351892
0.850446
0.847889
0.874781
0.211601
0.235733
0.801319
0.756594
0.400116
0.80736
0.661374
0.695525
0.999031
0.812204
0.744104
0.443132
0.999513
0.853305
0.329072
0.879042
0.771574
0.991652
0.267683
0.576751
0.439674
0.412811
0.80103
0.222598
0.838078
0.753442
0.88777
0.846302
0.928542
0.793193
0.441678
0.329114
0.770236
0.846407
0.995364
0.778052
0.877393
0.874963
0.509571
0.256625
0.447459
0.718661
0.626456
0.628868
0.828807
0.609589
0.288779
0.293346
0.715069
0.637236
0.233296
0.7902
0.331888
0.866357
0.882668
0.783306
0.406621
0.677149
0.496058
0.915833
0.932714
0.262094
0.537286
0.999976
0.704604
0.911725
0.440075
0.61489
0.637993
0.999853
0.782727
0.420142
0.856934
0.38386
0.230723
0.360799
0.222543
0.495415
0.239915
0.40419
0.800016
0.713322
0.968582
0.700537
0.689946
0.205385
0.995847
0.985544
0.202382
0.714213
0.585556
0.810798
0.267684
0.999143
0.271538
0.670031
0.503257
0.740793
0.597131
0.461009
0.80713
0.212558
0.47766
0.363307
0.413887
0.5608
0.553052
0.548919
0.689228
0.631967
0.550131
0.86712
0.413062
0.786206
0.604815
0.811554
0.380442
0.261829
0.99997
0.259505
0.86057
0.321954
0.66998
0.58557
0.842777
0.239952
0.907786
0.509701
0.98295
0.617413
0.863129
0.927962
0.247092
0.88389
0.330194
0.27489
0.778582
0.64502
0.857585
0.342012
0.777664
0.932896
0.397885
0.866248
0.410345
0.343548
0.746851
0.212761
0.589527
0.208533
0.203076
0.393607
0.371937
0.220522
0.282199
0.598569
0.233515
0.332832
0.552704
0.773483
0.864952
0.9317
0.742317
0.26729
0.237773
0.863577
0.600859
0.430858
0.719732
0.685841
0.29416
0.670005
0.86674
0.308822
0.397201
0.924103
0.866399
0.920255
0.901613
0.74883
0.460032
0.547879
0.500234
0.809666
0.772489
0.669963
0.27063
0.790453
0.587849
0.215104
0.470753
0.481492
0.472373
0.662518
0.329316
0.332535
0.988604
0.788224
0.830418
0.236771
0.860487
0.999795
0.583077
0.785444
0.938483
0.412082
0.83232
0.988451
0.970493
0.723035
0.499222
0.855446
0.853414
0.293347
0.51379
0.43073
0.849637
0.311341
0.728007
0.710026
0.531986
0.724805
0.586419
0.792502
0.441462
0.87445
0.251228
0.632883
0.909003
0.567727
0.642396
0.717417
0.983548
0.810106
0.640714
0.550959
0.27905
0.999859
0.627272
0.712569
0.562324
0.27393
0.434878
0.758754
0.714843
0.635804
0.900978
0.499884
0.798695
0.691563
0.817986
0.357283
0.810575
0.700807
0.798067
0.868123
0.384578
0.882871
0.444111
0.574428
0.997831
0.552186
0.537416
0.831199
0.814843
0.901418
0.726086
0.280224
0.288278
0.978367
0.428192
0.542095
0.318266
0.653025
0.335852
0.750635
0.324764
0.854943
0.865814
0.62592
0.30264
0.777887
0.718847
0.687375
0.231512
0.338363
0.29261
0.315055
0.768788
0.225892
0.800361
0.874936
0.488919
0.260783
0.939155
0.248893
0.662407
0.645921
0.65016
0.80049
0.302554
0.230492
0.771075
0.69078
0.47548
0.503233
0.879296
0.528876
0.385299
0.60809
0.443277
0.546887
0.243163
0.997691
0.90912
0.764129
0.646374
0.209182
0.821506
0.409142
0.69676
0.330026
0.811157
0.485859
0.582793
0.77012
0.264062
0.340809
0.216939
0.85429
0.473979
0.424716
0.995513
0.70712
0.511252
0.412266
0.653621
0.826245
0.77289
0.849759
0.692454
0.246956
0.669129
0.713649
0.768352
0.818189
0.573765
0.433897
0.978815
0.794466
0.546201
0.822152
0.402476
0.73092
0.794172
0.488479
0.481128
0.823866
0.336212
0.557863
0.697217
0.874766
0.999683
0.694115
0.71113
0.999348
0.697159
0.704165
0.776147
0.503913
0.325043
0.450741
0.624253
0.347285
0.254054
0.820374
0.935229
0.467514
0.325703
0.609177
0.650509
0.706887
0.56321
0.597805
0.779711
0.799747
0.615016
0.700442
0.219412
0.79868
0.749879
0.401243
0.475141
0.42151
0.65317
0.883872
0.276116
0.848737
0.761577
0.453361
0.558272
0.685295
0.999308
0.829407
0.971819
0.598401
0.694175
0.317484
0.596419
0.288822
0.264013
0.697451
0.86661
0.325013
0.61643
0.770119
0.668328
0.513507
0.326667
0.67098
0.484263
0.668393
0.230055
0.639639
0.755976
0.28069
0.203789
0.356963
0.328784
0.44206
0.501993
0.867316
0.570409
0.66983
0.21484
0.573852
0.661215
0.661396
0.81795
0.279209
0.483011
0.709464
0.525117
0.485852
0.580669
0.950117
0.557614
0.834461
0.828919
0.844837
0.823613
0.432191
0.996942
0.324726
0.504697
0.899436
0.386977
0.888835
0.866851
0.853401
0.300898
0.296809
0.385563
0.421506
0.95899
0.850464
0.435931
0.273015
0.716344
0.583234
0.986753
0.999385
0.215932
0.418334
0.46939
0.659749
0.723748
0.63358
0.820034
0.611803
0.792659
0.84345
0.455806
0.972254
0.609864
0.275559
0.988142
0.940627
0.843176
0.329541
0.900215
0.320374
0.824407
0.88155
0.99923
0.316372
0.457922
0.403293
0.774019
0.525661
0.823495
0.698132
0.246844
0.813149
0.772339
0.623869
0.749986
0.224653
0.78626
0.808917
0.960611
0.256603
0.755431
0.489255
0.856393
0.832229
0.63673
0.552681
0.435087
0.560388
0.86983
0.611295
0.561161
0.215394
0.813277
0.925787
0.219365
0.571411
0.953116
0.603464
0.561366
0.784571
0.735783
0.998814
0.807359
0.677407
0.900253
0.82222
0.907793
0.399628
0.729211
0.785797
0.299455
0.706634
0.818062
0.721611
0.782033
0.60202
0.967037
0.667426
0.920401
0.590962
0.759984
0.461321
0.96102
0.693876
0.389431
0.750369
0.764844
0.623583
0.327342
0.978533
0.523674
0.781105
0.664746
0.267213
0.593577
0.88511
0.792833
0.994942
0.216371
0.269271
0.886527
0.415469
0.365729
0.667484
0.55524
0.800612
0.654028
0.58818
0.522386
0.964866
0.807964
0.562511
0.444686
0.59139
0.325067
0.483817
0.553485
0.585388
0.575241
0.491526
0.521629
0.644317
0.799027
0.447074
0.829722
0.279985
0.607436
0.838161
0.918766
0.465621
0.321732
0.726965
0.433904
0.928556
0.223125
0.886572
0.352306
0.310612
0.224464
0.401219
0.521261
0.438033
0.776933
0.853563
0.917617
0.772195
0.81148
0.251672
0.746021
0.459688
0.215874
0.772731
0.772731
0.411949
0.495629
0.519438
0.494869
0.797518
0.818628
0.382721
0.535498
0.834799
0.45027
0.365604
0.799809
0.871238
0.31036
0.520804
0.287891
0.609598
0.930897
0.87451
0.891413
0.451386
0.770926
0.248644
0.945048
0.394146
0.249288
0.352068
0.421484
0.812748
0.799113
0.719085
0.443485
0.695872
0.613186
0.785956
0.961317
0.502635
0.997796
0.368215
0.455282
0.751605
0.868745
0.477037
0.551337
0.476804
0.807296
0.99468
0.476995
0.666678
0.733871
0.803561
0.56744
0.794757
0.372957
0.895594
0.356973
0.310032
0.751723
0.931309
0.539468
0.255717
0.974834
0.853133
0.562504
0.639201
0.299623
0.821596
0.588441
0.539105
0.31708
0.217318
0.502365
0.410598
0.428415
0.772468
0.368708
0.574128
0.600984
0.844544
0.340684
0.551009
0.81276
0.983324
0.999848
0.350319
0.531933
0.653472
0.544619
0.483996
0.83157
0.660321
0.366603
0.825732
0.737736
0.837808
0.29643
0.248954
0.904492
0.214373
0.813037
0.553783
0.791898
0.279662
0.769446
0.727527
0.265269
0.338869
0.976322
0.609546
0.999867
0.442315
0.920475
0.369445
0.762713
0.388246
0.909587
0.493024
0.24965
0.557287
0.624759
0.999769
0.411059
0.388636
0.87439
0.775334
0.25493
0.4155
0.406849
0.530606
0.469629
0.727567
0.436904
0.704308
0.245659
0.932927
0.390801
0.873539
0.822764
0.668305
0.889515
0.842068
0.989625
0.855301
0.407925
0.250934
0.376079
0.250068
0.209899
0.21808
0.998462
0.866694
0.433484
0.418554
0.810018
0.999808
0.364556
0.525492
0.578633
0.389586
0.795422
0.224197
0.999179
0.806562
0.500282
0.351462
0.744263
0.357871
0.824547
0.482051
0.324337
0.893323
0.898751
0.851392
0.478037
0.462869
0.213217
0.748574
0.419484
0.822476
0.789429
0.2679
0.206943
0.279943
0.294337
0.536693
0.324311
0.281469
0.518196
0.854798
0.420321
0.281625
0.680689
0.591481
0.915957
0.880187
0.750913
0.419416
0.588089
0.789051
0.733216
0.866115
0.774536
0.985662
0.763438
0.629315
0.784601
0.99999
0.544487
0.991482
0.707897
0.338655
0.361221
0.494272
0.259428
0.414606
0.760303
0.268502
0.370657
0.733246
0.868888
0.808376
0.713521
0.914343
0.657203
0.249788
0.832644
0.334177
0.749864
0.474685
0.37035
0.449489
0.862041
0.265955
0.287568
0.445391
0.997823
0.548298
0.708885
0.654355
0.349944
0.563813
0.727227
0.886565
0.491976
0.228448
0.30709
0.780597
0.47189
0.996123
0.97981
0.74862
0.800304
0.562511
0.758415
0.28046
0.749775
0.732531
0.464265
0.814759
0.214556
0.302192
0.829627
0.726916
0.520138
0.927833
0.389032
0.905693
0.366724
0.93318
0.658396
0.680778
0.694892
0.972619
0.408903
0.76917
0.991556
0.877493
0.569719
0.851763
0.890242
0.378127
0.559253
0.782635
0.653579
0.932025
0.773816
0.349514
0.791707
0.588027
0.200843
0.222967
0.484754
0.58788
0.529083
0.252115
0.228017
0.281514
0.475134
0.755326
0.775678
0.26924
0.523449
0.974829
0.635328
0.604454
0.499833
0.650982
0.601925
0.85326
0.928055
0.82233
0.779028
0.26635
0.242448
0.825222
0.247698
0.857675
0.224355
0.310108
0.501886
0.806777
0.694031
0.530461
0.898316
0.641722
0.823354
0.751781
0.692079
0.999007
0.713967
0.246976
0.688113
0.697635
0.958342
0.717824
0.736713
0.339239
0.878625
0.330781
0.656746
0.927609
0.504224
0.614707
0.836108
0.284231
0.990032
0.974634
0.41431
0.832026
0.773054
0.511138
0.816739
0.295762
0.517612
0.931887
0.570336
0.420728
0.218581
0.76543
0.750242
0.2112
0.325273
0.24429
0.566108
0.906645
0.276841
0.251901
0.579919
0.305947
0.787814
0.874842
0.999709
0.540341
0.816371
0.261791
0.57867
0.869352
0.776818
0.583967
0.499932
0.453474
0.250387
0.497029
0.49944
0.445279
0.755983
0.995767
0.451264
0.417969
0.697319
0.856857
0.459273
0.752126
0.635682
0.998265
0.813262
0.857154
0.649331
0.849548
0.882122
0.473999
0.513767
0.260736
0.518041
0.979217
0.925456
0.200134
0.71607
0.825398
0.431243
0.269585
0.307202
0.993828
0.888
0.249228
0.480244
0.301936
0.890915
0.765287
0.451793
0.805864
0.807998
0.35223
0.271861
0.806891
0.447124
0.716489
0.707076
0.714128
0.281126
0.385471
0.364901
0.219948
0.465351
0.262995
0.771234
0.717045
0.785922
0.21586
0.402799
0.571377
0.838397
0.386797
0.435489
0.857136
0.961013
0.369702
0.707038
0.516861
0.999772
0.309
0.335629
0.729241
0.698164
0.940659
0.917591
0.408096
0.768215
0.47729
0.712983
0.866333
0.720214
0.408815
0.777634
0.408928
0.348368
0.650246
0.571461
0.995376
0.855214
0.333197
0.563688
0.768149
0.973055
0.840284
0.677245
0.752732
0.785641
0.975767
0.744347
0.801506
0.245406
0.535818
0.856265
0.241147
0.994812
0.904236
0.675378
0.277616
0.828748
0.933031
0.999609
0.393665
0.841874
0.999418
0.90304
0.838707
0.683983
0.67468
0.517927
0.266302
0.908984
0.678024
0.359224
0.861065
0.445568
0.491298
0.574401
0.882682
0.567504
0.442778
0.594647
0.516926
0.413135
0.678535
0.916531
0.321611
0.806071
0.318774
0.447186
0.470647
0.421438
0.841147
0.218496
0.839798
0.377908
0.689166
0.823478
0.765218
0.420566
0.585053
0.222666
0.465883
0.45828
0.80745
0.398921
0.393048
0.729803
0.799999
0.838296
0.396388
0.635313
0.86774
0.763356
0.60642
0.555567
0.382224
0.590092
0.738618
0.668819
0.520988
0.613372
0.595163
0.942049
0.232831
0.815765
0.670787
0.787775
0.894043
0.786637
0.462635
0.320804
0.836823
0.207756
0.227106
0.756778
0.459413
0.681352
0.666165
0.244438
0.666874
0.890869
0.286785
0.766525
0.857443
0.701536
0.568568
0.483183
0.599267
0.207879
0.447497
0.375795
0.589489
0.324892
0.651105
0.714468
0.305844
0.48971
0.377364
0.565945
0.699064
0.998654
0.36519
0.676014
0.545593
0.999033
0.590929
0.980026
0.277239
0.915523
0.378504
0.598114
0.339016
0.52487
0.67227
0.357357
0.264014
0.752659
0.202018
0.299057
0.815461
0.87828
0.78156
0.998173
0.243348
0.562241
0.842234
0.698007
0.51757
0.646302
0.362275
0.452252
0.49771
0.798319
0.666696
0.573994
0.594502
0.665332
0.486319
0.604865
0.499786
0.249541
0.516003
0.827742
0.332503
0.531673
0.946678
0.798976
0.403787
0.376336
0.681532
0.754742
0.343334
0.579289
0.958949
0.99629
0.349497
0.232169
0.675947
0.226436
0.700494
0.944324
0.592008
0.783134
0.454322
0.236982
0.999893
0.288417
0.708012
0.553911
0.309649
0.24372
0.924817
0.840406
0.688335
0.7224
0.293498
0.599032
0.703841
0.442878
0.864429
0.25199
0.829191
0.734013
0.518914
0.81679
0.423516
0.992693
0.499932
0.993138
0.999929
0.773549
0.358841
0.428636
0.95773
0.743362
0.418096
0.395643
0.327096
0.353025
0.857216
0.559798
0.539772
0.919688
0.577251
0.893335
0.996945
0.57549
0.263801
0.275127
0.62509
0.44538
0.275671
0.769221
0.804517
0.434948
0.690981
0.983678
0.776321
0.370702
0.663388
0.270025
0.382085
0.762348
0.81823
0.875946
0.624577
0.578298
0.726279
0.882529
0.585364
0.35175
0.317279
0.427499
0.84138
0.941338
0.78303
0.232125
0.599072
0.375303
0.641911
0.901272
0.20809
0.831876
0.217873
0.856988
0.99851
0.749902
0.775968
0.74051
0.592682
0.419727
0.808344
0.416721
0.640235
0.874614
0.750535
0.807599
0.772666
0.722852
0.634595
0.266783
0.242777
0.597167
0.342431
0.602029
0.623794
0.302318
0.827409
0.785872
0.546453
0.557336
0.682001
0.507218
0.840863
0.595494
0.234681
0.475293
0.988351
0.920581
0.28902
0.277955
0.644808
0.904265
0.254386
0.581035
0.90052
0.590999
0.787309
0.823958
0.246251
0.757689
0.731494
0.756746
0.476467
0.888198
0.993772
0.869609
0.872264
0.268245
0.911929
0.238962
0.335033
0.411282
0.261392
0.740875
0.703574
0.826315
0.806576
0.374243
0.304718
0.203101
0.768856
0.527879
0.844109
0.21131
0.52241
0.899846
0.803721
0.894619
0.80776
0.276493
0.481154
0.220264
0.250709
0.463708
0.274981
0.915688
0.41424
0.765746
0.515118
0.860304
0.313095
0.774023
0.665468
0.831128
0.355659
0.788468
0.87528
0.201128
0.2496
0.35636
0.312409
0.799365
0.538253
0.547614
0.680923
0.290204
0.321154
0.683443
0.708294
0.798799
0.899463
0.822226
0.27754
0.564321
0.881008
0.452955
0.862512
0.648526
0.495248
0.752096
0.678394
0.314845
0.549031
0.35958
0.614663
0.861835
0.327788
0.559045
0.534277
0.497143
0.58374
0.29886
0.832196
0.220672
0.239588
0.685082
0.85253
0.354554
0.509589
0.284823
0.604863
0.44548
0.815632
0.811055
0.436982
0.271012
0.789808
0.860072
0.648766
0.933931
0.368654
0.205839
0.90077
0.490974
0.777248
0.92308
0.378461
0.289998
0.702123
0.656973
0.399487
0.480937
0.563944
0.770427
0.640115
0.200342
0.421999
0.501601
0.707135
0.243298
0.90709
0.867775
0.210854
0.329054
0.4893
0.989946
0.673784
0.355269
0.552422
0.684128
0.998129
0.833411
0.996354
0.535775
0.326308
0.735482
0.437883
0.744056
0.582761
0.861769
0.315235
0.418615
0.258642
0.40055
0.352795
0.786963
0.732765
0.323123
0.555544
0.542596
0.520577
0.864759
0.991513
0.874568
0.345599
0.892095
0.589099
0.38892
0.899813
0.67566
0.394492
0.461577
0.467171
0.702939
0.24013
0.293191
0.679082
0.307659
0.751192
0.216482
0.861531
0.647491
0.682951
0.833892
0.410441
0.33209
0.888708
0.485881
0.386994
0.605104
0.211856
0.412799
0.364843
0.620731
0.91137
0.996892
0.883772
0.804697
0.714828
0.844573
0.408027
0.842472
0.798553
0.983086
0.376806
0.585953
0.633193
0.679351
0.402881
0.87595
0.519928
0.355019
0.388981
0.940314
0.639996
0.376249
0.301494
0.280445
0.488246
0.354006
0.647389
0.57194
0.766011
0.794752
0.238622
0.579024
0.506793
0.740704
0.621088
0.385543
0.910006
0.650835
0.493003
0.40291
0.353431
0.409248
0.226844
0.321009
0.323075
0.778552
0.20822
0.72363
0.352776
0.952103
0.395309
0.405307
0.714307
0.55478
0.646539
0.251096
0.802875
0.917935
0.580095
0.86625
0.799895
0.66337
0.531532
0.742654
0.219906
0.374484
0.266659
0.868847
0.560457
0.999143
0.585531
0.262629
0.90858
0.557143
0.778576
0.804363
0.827712
0.55205
0.858189
0.778749
0.999966
0.753884
0.457987
0.99648
0.598769
0.880712
0.748
0.738945
0.770377
0.938598
0.784981
0.336425
0.994551
0.545897
0.680638
0.457663
0.45075
0.732382
0.980727
0.42643
0.856958
0.389887
0.633413
0.501737
0.420015
0.7457
0.468772
0.928532
0.861078
0.207528
0.707959
0.384593
0.237547
0.535777
0.737514
0.555162
0.999786
0.806768
0.54475
0.980332
0.432725
0.795683
0.649737
0.400075
0.666657
0.870081
0.242241
0.353547
0.260383
0.702509
0.844428
0.340851
0.806132
0.397289
0.389555
0.806895
0.8515
0.777057
0.908503
0.805248
0.86618
0.762311
0.882101
0.312144
0.500768
0.499079
0.394367
0.874632
0.62931
0.217642
0.683342
0.66512
0.767142
0.773193
0.722845
0.740933
0.983832
0.954604
0.812436
0.274579
0.67073
0.672202
0.440015
0.258567
0.262312
0.311845
0.43402
0.723413
0.857103
0.79644
0.596019
0.481733
0.656526
0.586626
0.382515
0.856797
0.567851
0.825536
0.7516
0.846145
0.996186
0.426075
0.707766
0.91092
0.306739
0.481277
0.739083
0.831715
0.767029
0.85792
0.877524
0.614734
0.70339
0.717222
0.438281
0.777092
0.747659
0.998651
0.546165
0.568278
0.698808
0.261987
0.582172
0.606912
0.206246
0.874452
0.999221
0.299861
0.786827
0.611637
0.735406
0.643076
0.997384
0.866646
0.847491
0.954486
0.663859
0.550399
0.214315
0.750538
0.849851
0.512734
0.711874
0.874624
0.636079
0.449134
0.430534
0.931563
0.952534
0.959934
0.416747
0.391286
0.604921
0.5675
0.63452
0.224414
0.866887
0.686759
0.582106
0.243127
0.99984
0.462386
0.857421
0.998833
0.708409
0.422417
0.799195
0.472761
0.306226
0.787248
0.720177
0.857425
0.390149
0.709396
0.592722
0.743016
0.341246
0.350466
0.666399
0.372977
0.499999
0.911239
0.627197
0.749273
0.314504
0.999944
0.351519
0.601285
0.353239
0.403837
0.857146
0.849891
0.822
0.758473
0.23965
0.970472
0.437795
0.208415
0.298307
0.577102
0.447681
0.790913
0.746767
0.459379
0.778047
0.874727
0.499863
0.874963
0.994317
0.875077
0.846759
0.250511
0.57144
0.267502
0.269499
0.449379
0.303348
0.738904
0.282176
0.38986
0.985519
0.215393
0.523116
0.928307
0.947211
0.548939
0.886784
0.693836
0.226847
0.571829
0.417945
0.865995
0.600623
0.881743
0.81124
0.208045
0.923127
0.252197
0.779362
0.783668
0.208577
0.772153
0.749509
0.895916
0.933289
0.830719
0.249635
0.856451
0.552863
0.565048
0.986249
0.992093
0.415104
0.988828
0.784154
0.999556
0.691569
0.452503
0.888807
0.316855
0.866213
0.846602
0.729736
0.744846
0.833011
0.893067
0.930373
0.364076
0.851779
0.504368
0.562241
0.217708
0.786064
0.981646
0.354091
0.203159
0.243392
0.530491
0.200639
0.580629
0.394725
0.64709
0.434157
0.20326
0.922166
0.64773
0.820835
0.229702
0.829674
0.52012
0.930379
0.866431
0.647035
0.745428
0.74264
0.763674
0.770777
0.578702
0.783151
0.494764
0.504364
0.685778
0.322958
0.866763
0.518501
0.521111
0.581527
0.78614
0.610288
0.778216
0.804548
0.873609
0.74408
0.538978
0.600345
0.996796
0.511712
0.578822
0.603735
0.673038
0.201538
0.323423
0.77861
0.389256
0.923077
0.457713
0.976628
0.651463
0.798201
0.748813
0.999449
0.200625
0.71887
0.824045
0.677643
0.733316
0.707404
0.351784
0.743641
0.999369
0.792999
0.700374
0.978758
0.224032
0.399184
0.594076
0.416739
0.208403
0.377125
0.338235
0.725756
0.896888
0.838327
0.587649
0.254699
0.857034
0.809235
0.889182
0.374157
0.907454
0.760677
0.427509
0.347172
0.999957
0.828019
0.396055
0.483822
0.49157
0.655419
0.775492
0.827995
0.721487
0.26904
0.818261
0.644572
0.865167
0.410154
0.913782
0.555827
0.726792
0.287347
0.895669
0.948878
0.449636
0.75048
0.209709
0.756226
0.437213
0.728371
0.305541
0.941748
0.633646
0.350901
0.23475
0.993382
0.255917
0.871367
0.501412
0.872386
0.745125
0.217497
0.563547
0.25721
0.744521
0.747037
0.317999
0.415951
0.776736
0.981373
0.580127
0.364782
0.810951
0.871141
0.320175
0.688889
0.931496
0.335115
0.533611
0.743961
0.695522
0.667659
0.461508
0.302338
0.40437
0.252203
0.875022
0.929029
0.966106
0.307417
0.344517
0.710072
0.624887
0.997281
0.615131
0.20404
0.711992
0.340975
0.235178
0.474821
0.378629
0.993947
0.685855
0.59407
0.217514
0.325241
0.464972
0.802981
0.560498
0.830158
0.982331
0.215263
0.90061
0.936208
0.319223
0.838035
0.996618
0.273929
0.603394
0.850067
0.251189
0.72121
0.83763
0.227971
0.883698
0.698423
0.564354
0.415213
0.995761
0.448595
0.259195
0.323226
0.642851
0.693028
0.369325
0.741424
0.811401
0.311486
0.36516
0.499648
0.531846
0.999507
0.313014
0.999967
0.71038
0.987966
0.312957
0.999687
0.715969
0.881707
0.474742
0.857307
0.527542
0.991597
0.514838
0.81489
0.63921
0.31351
0.980348
0.807931
0.2491
0.314394
0.417618
0.23342
0.694546
0.689978
0.6742
0.99894
0.928387
0.566772
0.259745
0.748622
0.784139
0.751723
0.86481
0.705902
0.602447
0.478947
0.902789
0.926795
0.931605
0.828488
0.271322
0.548124
0.217436
0.716036
0.503316
0.47559
0.355474
0.292829
0.892305
0.874472
0.600696
0.997925
0.447538
0.389518
0.356691
0.601591
0.665146
0.823724
0.504194
0.34254
0.670774
0.636103
0.814464
0.321977
0.668318
0.838713
0.99927
0.982571
0.447219
0.200313
0.693802
0.737763
0.24197
0.24197
0.653219
0.998878
0.485463
0.417675
0.538007
0.254848
0.584354
0.430652
0.613713
0.888925
0.301827
0.586034
0.784082
0.770844
0.74057
0.719478
0.93333
0.424597
0.874881
0.79057
0.717237
0.588745
0.209255
0.96495
0.502883
0.287213
0.999461
0.28051
0.502157
0.219822
0.84471
0.623329
0.846282
0.209433
0.991865
0.666605
0.845267
0.899614
0.903168
0.999104
0.555204
0.455291
0.730032
0.308838
0.220543
0.56876
0.800107
0.946933
0.404703
0.535054
0.972006
0.582232
0.745998
0.368874
0.888469
0.406628
0.762061
0.882288
0.862997
0.994127
0.523436
0.219501
0.686954
0.210089
0.580861
0.99642
0.842713
0.853375
0.322484
0.799541
0.970632
0.998399
0.750684
0.615504
0.782406
0.858896
0.999944
0.486604
0.809402
0.984795
0.833286
0.883995
0.493567
0.245025
0.329847
0.335858
0.748087
0.29384
0.636387
0.826094
0.726432
0.867205
0.557959
0.365199
0.228282
0.236381
0.708665
0.768132
0.666942
0.665031
0.995673
0.618522
0.9045
0.934794
0.493126
0.281035
0.286289
0.892409
0.258929
0.57064
0.797971
0.684679
0.659656
0.595455
0.995183
0.851651
0.375693
0.726022
0.431448
0.429514
0.619154
0.769565
0.576441
0.43933
0.872675
0.274752
0.524665
0.676721
0.210082
0.97283
0.621436
0.68735
0.428442
0.456218
0.483854
0.34304
0.793749
0.624089
0.501175
0.465499
0.915833
0.454757
0.671239
0.799278
0.816339
0.858608
0.76943
0.601994
0.849668
0.80533
0.364005
0.928384
0.834555
0.874043
0.831185
0.81202
0.246864
0.223945
0.618992
0.657
0.98781
0.806497
0.689819
0.434194
0.44284
0.646339
0.788913
0.32111
0.990155
0.669383
0.748844
0.67364
0.34447
0.999444
0.351276
0.834463
0.794336
0.618794
0.931902
0.84991
0.706835
0.749241
0.249633
0.728049
0.733129
0.476225
0.262063
0.892762
0.218928
0.300283
0.683789
0.840553
0.256285
0.280205
0.99973
0.325964
0.722649
0.683707
0.606669
0.831466
0.526333
0.79741
0.71154
0.356746
0.771297
0.329347
0.262522
0.753232
0.505404
0.833552
0.220432
0.777331
0.737601
0.744318
0.424312
0.87288
0.436041
0.396903
0.43455
0.392019
0.874087
0.711405
0.532347
0.384702
0.988975
0.984093
0.570205
0.346371
0.892904
0.966134
0.833719
0.525859
0.874882
0.874841
0.500066
0.999627
0.632354
0.592401
0.832506
0.684263
0.871177
0.997815
0.296359
0.713092
0.319648
0.526345
0.932904
0.65816
0.772958
0.227778
0.398764
0.555331
0.998627
0.856778
0.845909
0.452408
0.416848
0.79735
0.800246
0.209988
0.614217
0.321128
0.240333
0.484929
0.988866
0.766093
0.928735
0.82287
0.208357
0.66862
0.261575
0.591734
0.379954
0.497282
0.342381
0.850372
0.845934
0.432223
0.758146
0.753076
0.382775
0.923096
0.641634
0.52852
0.97107
0.668886
0.3622
0.670652
0.888718
0.523959
0.238356
0.681358
0.873387
0.997541
0.896792
0.409164
0.984988
0.703214
0.305118
0.592131
0.994264
0.651298
0.445491
0.739112
0.232782
0.933279
0.784311
0.823862
0.796568
0.735713
0.831965
0.332606
0.7319
0.464847
0.533141
0.33383
0.235978
0.403888
0.805555
0.999322
0.99034
0.520786
0.214158
0.411592
0.464352
0.665007
0.346403
0.377647
0.449037
0.999075
0.7906
0.784903
0.530016
0.853413
0.893477
0.26129
0.568614
0.884144
0.591849
0.631667
0.991435
0.997894
0.259424
0.361687
0.741157
0.598668
0.709093
0.401406
0.760432
0.798127
0.305288
0.754958
0.284851
0.355216
0.867104
0.49753
0.998436
0.534778
0.480843
0.901452
0.733471
0.631306
0.810942
0.802643
0.735784
0.239037
0.471193
0.64241
0.211357
0.697748
0.749939
0.998974
0.399774
0.207155
0.298458
0.874311
0.584389
0.644631
0.318577
0.92284
0.730655
0.99955
0.998962
0.683489
0.490398
0.29098
0.759063
0.778776
0.483193
0.604928
0.799803
0.705824
0.368536
0.215877
0.30878
0.783853
0.645875
0.889732
0.224012
0.456397
0.62905
0.809959
0.236478
0.812769
0.597141
0.656035
0.631369
0.747202
0.545033
0.674581
0.794929
0.773481
0.578191
0.799093
0.999543
0.429854
0.294511
0.371209
0.799776
0.228904
0.283681
0.577613
0.756826
0.847242
0.358088
0.614999
0.773196
0.799755
0.358281
0.756496
0.631952
0.310594
0.758127
0.816521
0.210191
0.773446
0.793909
0.769678
0.661309
0.896087
0.600682
0.277646
0.675261
0.728591
0.393171
0.595633
0.559208
0.589169
0.747132
0.440693
0.575548
0.999121
0.23676
0.224186
0.483939
0.260649
0.500942
0.230632
0.86454
0.344043
0.41028
0.575976
0.947992
0.713657
0.329729
0.896118
0.43448
0.390418
0.555457
0.506452
0.644065
0.309985
0.247158
0.336608
0.59056
0.274766
0.849536
0.502614
0.251882
0.593991
0.718748
0.919491
0.561756
0.25049
0.80993
0.36555
0.344487
0.71911
0.246241
0.548628
0.231252
0.850174
0.998563
0.754776
0.241621
0.74693
0.748871
0.574917
0.274062
0.249362
0.732159
0.205853
0.76019
0.372683
0.743192
0.427333
0.544893
0.737474
0.661106
0.636675
0.792337
0.666917
0.400641
0.563548
0.557675
0.806069
0.861933
0.888644
0.589818
0.521788
0.469639
0.586227
0.715088
0.241988
0.713631
0.884399
0.201074
0.380527
0.552645
0.582401
0.713817
0.529446
0.524615
0.650887
0.874524
0.652692
0.486539
0.877733
0.999949
0.343645
0.313019
0.511416
0.855153
0.681948
0.490781
0.285115
0.887233
0.312491
0.960333
0.995333
0.505798
0.55383
0.812939
0.987989
0.399657
0.794237
0.500489
0.783362
0.87431
0.521796
0.983817
0.331044
0.983934
0.33906
0.666671
0.734888
0.365787
0.257567
0.705704
0.204878
0.545674
0.836926
0.749699
0.750045
0.483364
0.998096
0.22872
0.549807
0.227628
0.86172
0.735588
0.302638
0.481802
0.666033
0.410991
0.368427
0.219142
0.893965
0.875396
0.367068
0.784626
0.88944
0.557138
0.315092
0.848583
0.991891
0.385989
0.702351
0.679105
0.242293
0.281473
0.352317
0.761054
0.783785
0.947395
0.54252
0.271827
0.536095
0.987266
0.787816
0.61229
0.511777
0.27262
0.84816
0.726755
0.82112
0.365276
0.716829
0.804624
0.227445
0.982813
0.788899
0.330753
0.776708
0.280114
0.372196
0.702309
0.806619
0.610249
0.22822
0.82609
0.650472
0.98556
0.723933
0.706621
0.591375
0.783977
0.541209
0.352087
0.89004
0.690765
0.727395
0.822494
0.81801
0.542914
0.58601
0.405476
0.624448
0.36192
0.591666
0.798576
0.9
0.489238
0.448235
0.282086
0.820471
0.876796
0.99758
0.858198
0.307786
0.290632
0.695569
0.757078
0.485454
0.653465
0.970347
0.834486
0.230078
0.753881
0.322991
0.874159
0.810265
0.580081
0.678958
0.354897
0.730249
0.24685
0.492058
0.211632
0.727122
0.526852
0.222462
0.432509
0.320622
0.72682
0.518462
0.285733
0.34923
0.412235
0.528435
0.317682
0.571883
0.991622
0.211334
0.85481
0.250972
0.421597
0.962465
0.275213
0.33092
0.249564
0.566667
0.411711
0.663194
0.743725
0.998847
0.865382
0.785232
0.935205
0.907886
0.808694
0.471795
0.824614
0.769526
0.551191
0.303368
0.796419
0.341934
0.246642
0.576169
0.24489
0.79629
0.218895
0.883335
0.935787
0.701308
0.530067
0.633371
0.60872
0.882135
0.299431
0.338357
0.855538
0.256671
0.927175
0.904415
0.294052
0.49387
0.996099
0.359571
0.295178
0.884588
0.289985
0.858349
0.200812
0.999355
0.800981
0.724913
0.999868
0.853724
0.843388
0.999068
0.269796
0.431612
0.482151
0.719491
0.323598
0.701932
0.797219
0.87276
0.473825
0.565733
0.291599
0.987579
0.704952
0.742418
0.777124
0.631761
0.894635
0.238187
0.379611
0.999357
0.81163
0.772186
0.732634
0.358403
0.230413
0.843688
0.797522
0.999339
0.605395
0.343366
0.334504
0.879678
0.462166
0.859348
0.43057
0.766014
0.476068
0.760484
0.540223
0.606419
0.280879
0.46182
0.990886
0.76612
0.212429
0.502039
0.27476
0.856789
0.61968
0.554125
0.899786
0.714281
0.238619
0.618958
0.777926
0.549534
0.360808
0.783601
0.772618
0.221958
0.62136
0.960878
0.82307
0.817397
0.856937
0.838397
0.68425
0.86393
0.463924
0.202114
0.808576
0.867549
0.320958
0.905961
0.733289
0.498321
0.98767
0.493701
0.746653
0.302208
0.933654
0.418389
0.918516
0.237878
0.696416
0.70037
0.778773
0.669901
0.306084
0.675984
0.303366
0.778239
0.26038
0.752747
0.647311
0.265281
0.61343
0.88779
0.788248
0.925665
0.923071
0.245337
0.249327
0.394122
0.639168
0.203077
0.847782
0.542367
0.750251
0.398892
0.668088
0.571684
0.766822
0.624001
0.999555
0.818012
0.817329
0.815988
0.490527
0.260931
0.33333
0.574032
0.765973
0.807761
0.799714
0.660326
0.27234
0.368708
0.274806
0.287396
0.460299
0.477004
0.393736
0.753299
0.658423
0.491425
0.332071
0.440735
0.232326
0.889731
0.91659
0.83256
0.627271
0.66232
0.505237
0.720999
0.801787
0.666234
0.922007
0.461752
0.574184
0.844767
0.204359
0.369973
0.904462
0.823518
0.64105
0.830028
0.697371
0.261035
0.343001
0.907683
0.92856
0.327446
0.412306
0.259737
0.417235
0.750242
0.7692
0.821224
0.909109
0.87347
0.48222
0.468316
0.980179
0.8457
0.996678
0.829035
0.303133
0.560726
0.212447
0.293568
0.452763
0.778941
0.722425
0.782878
0.610248
0.664115
0.293446
0.48492
0.258508
0.640738
0.230248
0.587707
0.697643
0.830386
0.580259
0.697024
0.565444
0.529
0.287595
0.846464
0.796659
0.819679
0.433719
0.930801
0.699755
0.999199
0.396819
0.968622
0.416519
0.865993
0.552531
0.95546
0.872816
0.761988
0.713974
0.430677
0.856194
0.823237
0.639399
0.375615
0.377239
0.324956
0.764598
0.932791
0.405412
0.219515
0.660168
0.999654
0.302399
0.733158
0.572386
0.634614
0.456067
0.841592
0.587597
0.347536
0.223422
0.833258
0.617985
0.30303
0.415799
0.288664
0.595128
0.856914
0.972968
0.378878
0.578573
0.653453
0.863443
0.866202
0.784313
0.422906
0.959688
0.402311
0.3139
0.755182
0.728903
0.722829
0.408904
0.855698
0.451599
0.533079
0.603183
0.41138
0.449249
0.888557
0.641465
0.587936
0.565179
0.210742
0.784809
0.270319
0.280318
0.875968
0.876361
0.266279
0.745229
0.411247
0.516147
0.821213
0.713847
0.629257
0.589394
0.783902
0.948222
0.978796
0.89226
0.621002
0.573636
0.978353
0.575576
0.27466
0.695146
0.99987
0.666683
0.711226
0.333478
0.998486
0.77877
0.27151
0.248411
0.999644
0.259327
0.300686
0.847284
0.940634
0.489466
0.500549
0.759989
0.7114
0.994357
0.611777
0.401176
0.866737
0.444554
0.788749
0.2814
0.831462
0.857055
0.794166
0.993899
0.605117
0.782429
0.457041
0.708041
0.242078
0.68479
0.396919
0.586729
0.359533
0.995878
0.428083
0.856317
0.682679
0.287989
0.260578
0.324743
0.818802
0.481938
0.461408
0.23589
0.217777
0.716512
0.480877
0.387666
0.816176
0.891906
0.65944
0.70124
0.733858
0.794001
0.459631
0.788168
0.552077
0.680405
0.325207
0.799837
0.807593
0.774588
0.478258
0.294723
0.797254
0.412566
0.374214
0.417739
0.506409
0.660305
0.998521
0.734192
0.233064
0.3113
0.46222
0.260539
0.786681
0.995106
0.545159
0.799981
0.984745
0.485897
0.812572
0.663745
0.866822
0.650255
0.253129
0.245052
0.994363
0.351615
0.884385
0.470576
0.321283
0.730452
0.767811
0.220494
0.377801
0.545668
0.310543
0.61211
0.857063
0.872393
0.231847
0.616498
0.538458
0.911108
0.987099
0.444591
0.800416
0.622297
0.804348
0.776211
0.749958
0.372827
0.297743
0.287654
0.858126
0.727356
0.788235
0.328541
0.435594
0.63017
0.885563
0.63022
0.354477
0.931584
0.821597
0.799575
0.938843
0.767087
0.230817
0.409776
0.665735
0.529804
0.881473
0.74858
0.928277
0.573598
0.998508
0.936642
0.618841
0.236486
0.501592
0.467604
0.777802
0.337555
0.973379
0.570741
0.855
0.455529
0.45147
0.833237
0.687919
0.993846
0.793443
0.657357
0.781171
0.28368
0.598744
0.304063
0.642189
0.858332
0.387465
0.916804
0.301694
0.461538
0.915933
0.986778
0.395422
0.415204
0.555694
0.207494
0.879794
0.303976
0.533272
0.666839
0.332614
0.621565
0.501294
0.700852
0.88091
0.331831
0.362323
0.211045
0.523866
0.27352
0.213165
0.743178
0.50176
0.218219
0.735451
0.502419
0.363036
0.856742
0.784813
0.968567
0.894175
0.552165
0.374501
0.753973
0.879379
0.482884
0.688709
0.87264
0.606272
0.986804
0.93149
0.62305
0.909992
0.999843
0.331754
0.75731
0.873379
0.993275
0.205021
0.390916
0.682882
0.685361
0.689736
0.511175
0.924773
0.323961
0.322966
0.665267
0.725654
0.528207
0.596121
0.536853
0.316254
0.779434
0.236865
0.91183
0.453537
0.775927
0.743496
0.321294
0.704788
0.713112
0.475083
0.675565
0.212367
0.626025
0.998748
0.741651
0.551881
0.867233
0.644427
0.916532
0.439173
0.716965
0.314782
0.557075
0.576895
0.620599
0.74583
0.747052
0.241536
0.811965
0.782633
0.326707
0.768532
0.703688
0.332638
0.232835
0.299892
0.654538
0.889011
0.565124
0.897012
0.44471
0.885832
0.389269
0.764479
0.884501
0.669543
0.834523
0.482484
0.497617
0.289483
0.928179
0.790701
0.703102
0.467728
0.471474
0.713599
0.794219
0.999934
0.776117
0.997541
0.347921
0.909661
0.518946
0.800844
0.51734
0.865447
0.214094
0.333387
0.596239
0.799916
0.258362
0.407226
0.635838
0.315771
0.660209
0.712452
0.752571
0.544166
0.37806
0.892445
0.556415
0.987715
0.314809
0.88142
0.820494
0.803947
0.99875
0.825195
0.833695
0.349265
0.71369
0.807797
0.997844
0.289868
0.805725
0.807414
0.633561
0.895998
0.675683
0.271412
0.512324
0.583126
0.442437
0.865987
0.999184
0.306464
0.562189
0.918316
0.340738
0.640784
0.615847
0.464952
0.439145
0.850203
0.639048
0.257669
0.779427
0.34244
0.490855
0.823472
0.8853
0.797265
0.731465
0.670123
0.707198
0.690525
0.269048
0.432769
0.874603
0.544314
0.85942
0.799929
0.430133
0.393875
0.777791
0.418498
0.761979
0.480675
0.494807
0.643608
0.880838
0.232234
0.571972
0.856717
0.956443
0.475832
0.929568
0.21892
0.218024
0.39682
0.579353
0.563088
0.572441
0.806125
0.413914
0.464677
0.567616
0.485806
0.752135
0.465804
0.787192
0.464571
0.824501
0.828811
0.769393
0.740658
0.742575
0.961646
0.219516
0.306518
0.367613
0.555371
0.757816
0.408261
0.344565
0.642784
0.412708
0.25785
0.641348
0.906389
0.628073
0.781007
0.461653
0.292352
0.402587
0.627675
0.288658
0.500974
0.930398
0.571324
0.334585
0.717959
0.423775
0.505837
0.729056
0.902198
0.739729
0.975243
0.637577
0.569139
0.999204
0.747573
0.969861
0.461579
0.739185
0.307973
0.801005
0.785813
0.264571
0.297333
0.735371
0.842043
0.7996
0.605781
0.686688
0.750103
0.795351
0.476405
0.889141
0.296297
0.6474
0.494245
0.625136
0.9548
0.863247
0.397064
0.608826
0.511073
0.328994
0.873316
0.697198
0.279218
0.875191
0.693436
0.79979
0.760843
0.359541
0.631567
0.834112
0.891168
0.385799
0.399156
0.660094
0.782161
0.367662
0.518776
0.574588
0.351811
0.88593
0.874998
0.4427
0.73482
0.805978
0.671005
0.921735
0.823531
0.799067
0.475078
0.768723
0.553976
0.465814
0.44102
0.96889
0.861161
0.908793
0.830427
0.6733
0.357423
0.346189
0.983005
0.636363
0.77089
0.399504
0.233796
0.567506
0.699695
0.550037
0.533695
0.332025
0.35241
0.361053
0.68505
0.500113
0.613156
0.555473
0.338365
0.788245
0.254199
0.597013
0.425177
0.54733
0.340368
0.257773
0.220202
0.876982
0.524722
0.777274
0.906272
0.777387
0.764165
0.796616
0.478954
0.285067
0.447325
0.425932
0.666498
0.430753
0.692485
0.294017
0.270215
0.59961
0.439569
0.81721
0.73256
0.467763
0.877954
0.352008
0.343559
0.890215
0.999471
0.624642
0.5113
0.904348
0.552357
0.998082
0.78738
0.220532
0.552152
0.854327
0.234128
0.273711
0.670421
0.979171
0.220047
0.929429
0.827528
0.967052
0.742876
0.461652
0.502566
0.913035
0.294835
0.455261
0.923172
0.999802
0.612307
0.48456
0.782614
0.507084
0.50212
0.96799
0.730441
0.86521
0.585354
0.927017
0.259967
0.468127
0.730402
0.392974
0.387007
0.877441
0.84204
0.686307
0.227418
0.730193
0.784383
0.830388
0.757553
0.39865
0.913713
0.358007
0.626149
0.489024
0.778485
0.627357
0.564584
0.678193
0.360259
0.666316
0.23549
0.245976
0.811341
0.751065
0.822758
0.887667
0.997758
0.435177
0.466982
0.325568
0.73659
0.516437
0.976663
0.791907
0.20902
0.28975
0.57625
0.334327
0.210679
0.225673
0.556986
0.282913
0.612633
0.599953
0.997594
0.873642
0.812224
0.540842
0.838278
0.501347
0.292401
0.552816
0.507015
0.67339
0.501632
0.892816
0.999972
0.405919
0.49951
0.879969
0.285458
0.501012
0.821716
0.914174
0.510845
0.766991
0.546892
0.351595
0.367224
0.999301
0.967709
0.75347
0.88673
0.724722
0.9933
0.620777
0.959632
0.910415
0.415122
0.213248
0.416347
0.649966
0.310633
0.668181
0.722901
0.999888
0.571301
0.930711
0.835333
0.421778
0.722411
0.999979
0.919627
0.583678
0.292006
0.776827
0.777919
0.836138
0.605782
0.583685
0.398
0.919151
0.632512
0.292824
0.260854
0.343482
0.220717
0.816631
0.776031
0.865962
0.608619
0.394403
0.831244
0.482623
0.855905
0.777163
0.3096
0.88343
0.427005
0.453642
0.505578
0.545246
0.876336
0.28913
0.267919
0.269177
0.484681
0.740511
0.439881
0.984783
0.789637
0.495918
0.605533
0.714412
0.35221
0.588388
0.784329
0.808135
0.76137
0.774448
0.538423
0.331963
0.637891
0.725119
0.765389
0.392953
0.680151
0.39913
0.962791
0.908562
0.554467
0.342226
0.608467
0.315432
0.371488
0.802189
0.570831
0.519063
0.928246
0.390348
0.607317
0.781431
0.877584
0.310562
0.784612
0.751863
0.692061
0.847332
0.455001
0.622115
0.998976
0.500345
0.857309
0.881161
0.996195
0.593615
0.810434
0.701639
0.715458
0.637144
0.653673
0.619547
0.765218
0.563183
0.749964
0.896045
0.578812
0.562858
0.979416
0.799646
0.672548
0.799004
0.686705
0.713248
0.211465
0.954888
0.522474
0.345631
0.5204
0.248833
0.854677
0.858705
0.479958
0.970828
0.232779
0.649724
0.881129
0.731115
0.212122
0.281433
0.842104
0.808046
0.507269
0.72769
0.734452
0.320096
0.396397
0.257841
0.800742
0.446328
0.802169
0.999976
0.846235
0.791371
0.632676
0.679517
0.632673
0.383257
0.730387
0.875644
0.854403
0.354918
0.223286
0.75376
0.773882
0.785862
0.522325
0.9684
0.226231
0.726502
0.910457
0.698207
0.585452
0.306047
0.743642
0.200652
0.820527
0.596489
0.787273
0.830681
0.924099
0.496281
0.721686
0.800279
0.657757
0.833386
0.462319
0.827901
0.621841
0.389173
0.252185
0.500309
0.511466
0.455725
0.540334
0.688818
0.330478
0.750028
0.844478
0.725285
0.200111
0.598225
0.857134
0.75372
0.574401
0.839427
0.975569
0.644648
0.618033
0.827369
0.939861
0.440989
0.228034
0.259684
0.289426
0.713587
0.228495
0.75077
0.769648
0.972315
0.999656
0.307874
0.998819
0.278746
0.47368
0.433799
0.937633
0.748897
0.929932
0.405114
0.760396
0.730783
0.553426
0.79068
0.431532
0.703963
0.707862
0.294849
0.922147
0.257313
0.814406
0.920339
0.316779
0.498531
0.826513
0.216539
0.332915
0.961648
0.381941
0.795371
0.876247
0.374873
0.905158
0.343003
0.70292
0.354791
0.349869
0.226696
0.807349
0.58432
0.647106
0.865165
0.275035
0.316871
0.761595
0.856919
0.325403
0.647742
0.721861
0.217253
0.419214
0.846728
0.757202
0.253329
0.42386
0.949535
0.6861
0.49449
0.297647
0.425715
0.964396
0.926348
0.933349
0.818567
0.520393
0.489292
0.430408
0.737652
0.733286
0.881303
0.315114
0.209002
0.356223
0.584261
0.257113
0.6096
0.216341
0.232863
0.814562
0.936198
0.807358
0.653126
0.455252
0.262568
0.999958
0.880144
0.978316
0.619415
0.731228
0.817084
0.33177
0.846122
0.308361
0.809571
0.217367
0.665509
0.200312
0.203935
0.244729
0.989094
0.779497
0.365773
0.205578
0.419852
0.999677
0.697453
0.349168
0.217437
0.358368
0.49463
0.666997
0.647073
0.797419
0.594685
0.540157
0.202855
0.294416
0.240663
0.995588
0.696438
0.501129
0.702466
0.699074
0.473322
0.726899
0.716581
0.69462
0.734608
0.928516
0.859455
0.210235
0.511785
0.411882
0.217517
0.469683
0.778885
0.248238
0.992114
0.303706
0.230214
0.204357
0.449655
0.64295
0.435534
0.449817
0.229886
0.830671
0.321255
0.218242
0.307349
0.966298
0.82483
0.727117
0.498964
0.831446
0.441435
0.213233
0.998509
0.716693
0.818245
0.94245
0.996534
0.775259
0.904408
0.845278
0.206977
0.7596
0.560718
0.579349
0.286827
0.926118
0.607706
0.446504
0.665888
0.451103
0.842927
0.257039
0.354622
0.714389
0.251884
0.852686
0.684839
0.600293
0.995669
0.527521
0.543258
0.800544
0.71392
0.693579
0.405381
0.452739
0.847173
0.833292
0.8074
0.431733
0.854811
0.712312
0.547545
0.981582
0.25617
0.270464
0.878689
0.905832
0.771448
0.858765
0.453706
0.400692
0.515803
0.873597
0.736778
0.856991
0.566984
0.200435
0.883363
0.846278
0.96584
0.999954
0.894736
0.698443
0.528049
0.564356
0.829569
0.50063
0.534417
0.783839
0.308358
0.352364
0.824073
0.208759
0.567332
0.84616
0.812269
0.455264
0.684231
0.862035
0.647215
0.648474
0.377457
0.884794
0.212511
0.858839
0.626239
0.920938
0.764486
0.635643
0.919301
0.315281
0.344933
0.291721
0.250043
0.369528
0.408177
0.356266
0.936394
0.866733
0.338943
0.820406
0.839205
0.936874
0.200087
0.668878
0.332194
0.829432
0.807708
0.855774
0.322869
0.856479
0.316786
0.666759
0.97931
0.225924
0.958389
0.878058
0.29561
0.543643
0.820874
0.299664
0.73016
0.957221
0.74023
0.503771
0.452887
0.513461
0.570545
0.674061
0.501087
0.635496
0.944533
0.912161
0.383009
0.999394
0.921858
0.719571
0.613262
0.932129
0.895622
0.332504
0.892691
0.663688
0.592908
0.726218
0.249639
0.642711
0.820005
0.665368
0.748613
0.315863
0.370102
0.736631
0.47
0.423775
0.354027
0.978099
0.981426
0.926555
0.928876
0.7905
0.358171
0.601986
0.528921
0.796321
0.222575
0.386745
0.414605
0.934468
0.80211
0.89481
0.579093
0.74524
0.999926
0.856212
0.85696
0.750553
0.799861
0.928672
0.398387
0.34288
0.695978
0.443572
0.514805
0.686749
0.999382
0.86796
0.930921
0.215045
0.47051
0.433903
0.248296
0.727201
0.589252
0.72279
0.749207
0.876951
0.710003
0.704818
0.289961
0.608326
0.310651
0.257904
0.4282
0.818951
0.976598
0.369469
0.274301
0.960915
0.833506
0.794145
0.845864
0.274276
0.493299
0.406459
0.680543
0.339118
0.285264
0.544868
0.993723
0.405871
0.359337
0.579313
0.285486
0.806905
0.766137
0.963227
0.399088
0.874361
0.99589
0.797831
0.491451
0.337484
0.443413
0.322979
0.204438
0.831319
0.842201
0.878662
0.869715
0.307665
0.779845
0.745893
0.799543
0.583118
0.821039
0.260614
0.696871
0.664159
0.760213
0.312103
0.320606
0.788764
0.420116
0.823175
0.993374
0.892121
0.666601
0.969077
0.507189
0.868713
0.426602
0.783219
0.322443
0.426004
0.528032
0.654388
0.450098
0.545689
0.541018
0.555965
0.73911
0.832315
0.439562
0.984279
0.216229
0.286835
0.339
0.72393
0.736892
0.88099
0.971327
0.790497
0.558809
0.527755
0.540388
0.201548
0.871806
0.633696
0.461985
0.998185
0.506957
0.947224
0.283846
0.571628
0.472796
0.403755
0.769106
0.848554
0.999873
0.921997
0.570759
0.207348
0.820563
0.210814
0.928161
0.966538
0.893081
0.511854
0.527845
0.471391
0.260537
0.252416
0.808836
0.608807
0.789188
0.451123
0.580208
0.823952
0.69264
0.33834
0.563487
0.443668
0.543336
0.21277
0.694875
0.493613
0.425081
0.837438
0.246226
0.998541
0.362808
0.252599
0.758146
0.698941
0.935306
0.313534
0.467821
0.617077
0.325936
0.790663
0.212389
0.625251
0.833298
0.703092
0.623078
0.348755
0.654751
0.563007
0.741255
0.961896
0.557645
0.787412
0.221922
0.928489
0.302838
0.771264
0.367003
0.277085
0.792819
0.860788
0.555997
0.47087
0.366221
0.799275
0.888879
0.498719
0.241717
0.999941
0.77167
0.46877
0.669591
0.421298
0.311423
0.999246
0.478287
0.886038
0.743361
0.888736
0.569135
0.813597
0.999895
0.319148
0.518763
0.38452
0.541236
0.411748
0.872517
0.928539
0.279553
0.28543
0.283705
0.306887
0.627274
0.685392
0.65383
0.783078
0.825967
0.721102
0.257959
0.971707
0.265078
0.62677
0.404776
0.68917
0.852623
0.758363
0.907319
0.900728
0.58308
0.772552
0.207872
0.737086
0.583254
0.998497
0.295316
0.747287
0.737449
0.901126
0.237052
0.523862
0.863406
0.725514
0.70809
0.459306
0.418878
0.273672
0.825844
0.635895
0.277229
0.92768
0.53577
0.6899
0.483235
0.987967
0.659102
0.821714
0.81328
0.785949
0.92164
0.76811
0.428494
0.250042
0.656968
0.270851
0.705259
0.993186
0.49007
0.433506
0.51801
0.592136
0.752655
0.885263
0.342881
0.897214
0.668728
0.256992
0.848805
0.780888
0.25485
0.789719
0.585085
0.386063
0.404809
0.427121
0.346678
0.72267
0.643312
0.784053
0.484082
0.567784
0.530311
0.303635
0.762441
0.432052
0.665868
0.398902
0.980431
0.82489
0.856939
0.791432
0.20104
0.999918
0.339007
0.204826
0.999847
0.303594
0.796665
0.711805
0.246803
0.396955
0.45288
0.294202
0.714643
0.878556
0.882597
0.40271
0.270849
0.740166
0.837422
0.829702
0.237853
0.659579
0.394362
0.825469
0.580158
0.370001
0.218717
0.626268
0.746677
0.856185
0.551096
0.305306
0.505927
0.346029
0.996151
0.857854
0.297951
0.39214
0.545822
0.513193
0.223777
0.204187
0.748309
0.232244
0.761214
0.402254
0.5393
0.741532
0.73615
0.713304
0.796467
0.851287
0.902695
0.814181
0.649657
0.365545
0.637287
0.891131
0.853068
0.476564
0.269147
0.759894
0.392558
0.23361
0.691429
0.420621
0.974623
0.899374
0.431521
0.535144
0.506583
0.956837
0.909212
0.375654
0.867505
0.857112
0.471999
0.782112
0.500755
0.278571
0.669035
0.817542
0.243839
0.982614
0.415895
0.760998
0.623292
0.517812
0.698907
0.999574
0.427145
0.690445
0.525972
0.574615
0.340909
0.720515
0.700721
0.999373
0.559725
0.503267
0.235503
0.552552
0.404656
0.428788
0.397017
0.971806
0.54211
0.268618
0.609158
0.922739
0.475081
0.669054
0.489923
0.555305
0.489347
0.598092
0.717285
0.696962
0.572474
0.517427
0.260823
0.977425
0.274863
0.859614
0.350381
0.354927
0.810337
0.247335
0.241632
0.374943
0.994544
0.821122
0.706568
0.903309
0.535881
0.481572
0.28569
0.313893
0.353497
0.561086
0.715355
0.836343
0.715308
0.999206
0.558929
0.498831
0.34536
0.246982
0.583355
0.470112
0.340665
0.925084
0.940309
0.876202
0.472932
0.535382
0.665983
0.928122
0.405589
0.592238
0.48501
0.705785
0.214552
0.833852
0.834492
0.64326
0.875793
0.822727
0.852355
0.654229
0.543778
0.531769
0.457821
0.669755
0.786484
0.267011
0.866214
0.833367
0.796993
0.378739
0.325752
0.215983
0.784113
0.385276
0.695809
0.892338
0.881531
0.424599
0.630389
0.833932
0.743531
0.817628
0.377822
0.991704
0.348411
0.391836
0.791516
0.818612
0.2975
0.306194
0.910274
0.689957
0.928433
0.647721
0.999271
0.7856
0.34731
0.817697
0.701986
0.393976
0.666253
0.577617
0.561096
0.535152
0.958138
0.22425
0.714725
0.605327
0.335143
0.775214
0.578926
0.240991
0.984656
0.836829
0.880239
0.858384
0.328272
0.208419
0.451424
0.887632
0.597754
0.943991
0.749982
0.31448
0.533026
0.378261
0.899981
0.665516
0.76014
0.34629
0.275809
0.714969
0.687427
0.211831
0.664044
0.833336
0.406981
0.986513
0.601852
0.691695
0.701115
0.987094
0.831476
0.683582
0.98157
0.85024
0.805256
0.642233
0.657197
0.201629
0.99995
0.215514
0.296515
0.728996
0.62796
0.657175
0.227366
0.923943
0.249876
0.994055
0.238698
0.230969
0.470704
0.8535
0.261552
0.707539
0.899341
0.734958
0.587014
0.624911
0.312123
0.982304
0.726822
0.821839
0.848596
0.9996
0.659681
0.227034
0.222282
0.27478
0.405423
0.461986
0.229481
0.594253
0.400639
0.429947
0.378587
0.928362
0.934465
0.998476
0.254721
0.688882
0.675213
0.310865
0.281361
0.839312
0.48368
0.783023
0.539826
0.256476
0.74882
0.332963
0.866993
0.989855
0.620455
0.854639
0.926223
0.624202
0.401453
0.304688
0.574227
0.393384
0.247772
0.2127
0.755594
0.561196
0.85698
0.711239
0.334068
0.879174
0.859713
0.393211
0.987987
0.740256
0.277534
0.343081
0.793752
0.52932
0.708577
0.749093
0.95628
0.667527
0.826561
0.798917
0.779664
0.643688
0.276519
0.983089
0.242222
0.361092
0.664462
0.833681
0.672959
0.642335
0.831392
0.289028
0.777882
0.856023
0.533325
0.407357
0.458576
0.278547
0.500393
0.275824
0.696543
0.659223
0.485017
0.578297
0.442365
0.866156
0.922176
0.353456
0.871032
0.855655
0.237444
0.914312
0.486314
0.712129
0.681991
0.676751
0.493644
0.218541
0.430398
0.62623
0.693299
0.221141
0.336378
0.755804
0.817498
0.217982
0.790446
0.556389
0.915056
0.845721
0.831562
0.292143
0.794569
0.650465
0.72343
0.687154
0.792743
0.998251
0.94081
0.717476
0.498197
0.432788
0.826364
0.486155
0.472093
0.404666
0.466615
0.939275
0.994119
0.978487
0.222593
0.999626
0.551189
0.598305
0.641444
0.433733
0.317426
0.917311
0.753254
0.855219
0.271376
0.328466
0.66404
0.933346
0.983397
0.442258
0.994147
0.400156
0.994813
0.98855
0.698732
0.777757
0.71826
0.833111
0.622288
0.734701
0.222967
0.48688
0.364901
0.222053
0.205528
0.378318
0.812542
0.751813
0.241987
0.903922
0.310397
0.214359
0.521891
0.298178
0.998206
0.627975
0.6631
0.816313
0.374801
0.270302
0.754049
0.468841
0.38951
0.852177
0.224762
0.355216
0.955113
0.434091
0.249981
0.826004
0.210964
0.368203
0.224478
0.956404
0.821015
0.300462
0.367826
0.826221
0.386021
0.499631
0.251806
0.781803
0.554687
0.857133
0.310971
0.285941
0.631327
0.721897
0.999653
0.502187
0.25893
0.995067
0.298641
0.558005
0.369925
0.734789
0.726966
0.840666
0.973926
0.842228
0.656732
0.908572
0.61693
0.626132
0.811723
0.26684
0.235405
0.998939
0.604525
0.413394
0.833018
0.886661
0.648063
0.352823
0.584755
0.719925
0.827848
0.243226
0.571268
0.696798
0.310025
0.494301
0.40242
0.9656
0.997182
0.353226
0.231109
0.706926
0.381049
0.314579
0.997948
0.214678
0.619192
0.621379
0.997114
0.862264
0.565213
0.491875
0.223536
0.810823
0.415379
0.82433
0.646046
0.850454
0.827467
0.208545
0.385488
0.255916
0.996136
0.745405
0.735813
0.220134
0.833481
0.810608
0.748839
0.460089
0.990082
0.962416
0.61013
0.833032
0.86335
0.717413
0.333309
0.334774
0.291748
0.999098
0.856687
0.236943
0.276961
0.989367
0.548592
0.894946
0.210507
0.272161
0.570716
0.455074
0.600068
0.216343
0.665408
0.729811
0.758034
0.436319
0.483251
0.315782
0.236456
0.603737
0.63983
0.773779
0.282435
0.911318
0.365383
0.79993
0.230992
0.322037
0.789106
0.892475
0.852938
0.653142
0.874816
0.275112
0.868272
0.623964
0.990425
0.220631
0.372134
0.561818
0.63991
0.300642
0.663482
0.79899
0.593405
0.346639
0.635541
0.453367
0.711891
0.99992
0.875002
0.711619
0.854302
0.299276
0.679824
0.903916
0.817687
0.64842
0.276911
0.316694
0.32692
0.626121
0.375513
0.652541
0.842639
0.42154
0.928557
0.77805
0.7868
0.535486
0.695285
0.506578
0.250439
0.844739
0.666658
0.392521
0.536828
0.753914
0.570312
0.999996
0.981782
0.377197
0.403513
0.73152
0.618887
0.996226
0.484209
0.638195
0.300465
0.766609
0.800299
0.333869
0.99511
0.69187
0.813054
0.995114
0.486431
0.660753
0.607452
0.702079
0.729365
0.459684
0.424327
0.3085
0.997126
0.858081
0.389625
0.63648
0.796767
0.54062
0.49998
0.860012
0.839223
0.749639
0.927981
0.574549
0.232906
0.61278
0.700268
0.77673
0.614809
0.361164
0.438467
0.849611
0.884281
0.751018
0.294115
0.74315
0.223146
0.805933
0.862917
0.381378
0.738269
0.474661
0.627097
0.23938
0.431277
0.381061
0.300526
0.999691
0.477099
0.8812
0.812298
0.971323
0.665972
0.868176
0.346871
0.476831
0.779393
0.305725
0.694601
0.669581
0.419379
0.854643
0.285722
0.720462
0.75481
0.857128
0.739337
0.350092
0.220512
0.507714
0.98641
0.232037
0.749859
0.540487
0.479576
0.262605
0.831935
0.509078
0.6347
0.354527
0.720398
0.329834
0.214863
0.785768
0.347767
0.863493
0.997046
0.427791
0.320743
0.619829
0.36247
0.400009
0.607346
0.22406
0.799778
0.811753
0.926888
0.293738
0.996667
0.659045
0.315414
0.695706
0.712977
0.260486
0.568078
0.555926
0.94761
0.807539
0.780632
0.961367
0.773327
0.220426
0.383078
0.723084
0.304986
0.809494
0.881894
0.646351
0.874592
0.756962
0.809072
0.589606
0.300676
0.916962
0.639975
0.728977
0.569865
0.600853
0.648655
0.765836
0.839202
0.291574
0.52559
0.659032
0.888877
0.368216
0.783378
0.927967
0.996582
0.533335
0.920426
0.397688
0.619577
0.873866
0.462929
0.446941
0.868121
0.536645
0.332598
0.962509
0.221968
0.272258
0.425193
0.998338
0.545532
0.937647
0.582845
0.944074
0.845943
0.301001
0.788953
0.399596
0.84227
0.3792
0.720651
0.262739
0.319855
0.622093
0.627224
0.861985
0.636966
0.912631
0.873991
0.275216
0.875503
0.363982
0.330875
0.705331
0.662747
0.855546
0.35771
0.714135
0.29305
0.681387
0.464189
0.864659
0.718783
0.804268
0.702513
0.32374
0.460575
0.234513
0.325368
0.661573
0.722734
0.360317
0.681075
0.390196
0.297149
0.345921
0.752031
0.841007
0.766207
0.78394
0.475459
0.996258
0.974715
0.49938
0.718491
0.317411
0.744695
0.249313
0.306864
0.865976
0.530351
0.794142
0.809339
0.571287
0.890877
0.312437
0.625005
0.231108
0.819656
0.508637
0.593853
0.748753
0.701874
0.323151
0.620487
0.470469
0.401534
0.377876
0.666917
0.655325
0.848319
0.563202
0.333498
0.938242
0.833504
0.44947
0.532768
0.977989
0.647891
0.610302
0.667661
0.497846
0.990473
0.38576
0.882685
0.401454
0.888069
0.597945
0.425979
0.730212
0.345769
0.41219
0.774488
0.690264
0.712221
0.887907
0.645742
0.99974
0.82963
0.625503
0.43677
0.887741
0.524987
0.303689
0.815978
0.595174
0.289161
0.899936
0.668365
0.294147
0.753029
0.470382
0.281712
0.999075
0.903966
0.76502
0.574084
0.363651
0.726246
0.499865
0.529104
0.754923
0.592819
0.749892
0.202885
0.395054
0.271639
0.258615
0.304288
0.242191
0.999422
0.793916
0.334727
0.817242
0.237529
0.871534
0.80611
0.800953
0.548052
0.620572
0.505461
0.719997
0.658787
0.716418
0.957935
0.417042
0.867532
0.649888
0.598228
0.861626
0.715548
0.785965
0.799707
0.79293
0.379056
0.786548
0.771569
0.209335
0.999569
0.812337
0.915035
0.47865
0.836333
0.242457
0.671689
0.404325
0.286021
0.881056
0.819178
0.421714
0.800896
0.885396
0.854903
0.722453
0.504047
0.735791
0.47648
0.839419
0.661573
0.812349
0.47487
0.375761
0.750109
0.752335
0.749766
0.381103
0.587295
0.864735
0.651437
0.783526
0.988832
0.306421
0.784607
0.261173
0.296631
0.828122
0.80815
0.794221
0.671775
0.288013
0.569846
0.951072
0.983011
0.901527
0.823199
0.931331
0.653524
0.468171
0.708677
0.675959
0.888844
0.222599
0.682932
0.9427
0.847434
0.760164
0.225919
0.33849
0.31678
0.682077
0.748239
0.699956
0.294997
0.825638
0.867019
0.804855
0.996132
0.677544
0.950314
0.667925
0.640676
0.582565
0.261406
0.459066
0.330038
0.942234
0.949667
0.865083
0.69064
0.30901
0.569095
0.989325
0.849255
0.931841
0.276139
0.725995
0.563881
0.514084
0.240448
0.999982
0.774426
0.56788
0.395706
0.495934
0.452797
0.776969
0.596103
0.998185
0.998024
0.395922
0.475716
0.633361
0.775007
0.244434
0.583045
0.700547
0.999667
0.875058
0.559127
0.6456
0.495446
0.662072
0.266277
0.55101
0.99982
0.232513
0.584808
0.846026
0.683554
0.697307
0.369469
0.575385
0.215495
0.720479
0.64563
0.368447
0.49209
0.999241
0.502039
0.305372
0.868262
0.692265
0.293652
0.237172
0.816766
0.767349
0.54147
0.674147
0.556118
0.482874
0.66447
0.338514
0.526947
0.433377
0.655221
0.885085
0.233795
0.824102
0.807363
0.652565
0.561484
0.262445
0.832421
0.358846
0.260593
0.997412
0.402133
0.832004
0.898344
0.995125
0.81255
0.610254
0.999809
0.577381
0.984043
0.924515
0.47153
0.35767
0.341343
0.539114
0.245783
0.201225
0.840728
0.256304
0.65137
0.480027
0.712859
0.94188
0.80171
0.394474
0.857695
0.283672
0.280207
0.369851
0.59221
0.295179
0.704225
0.232258
0.401688
0.876229
0.874014
0.99828
0.61674
0.732056
0.235485
0.855025
0.836065
0.202213
0.989494
0.830892
0.862834
0.859888
0.673055
0.502377
0.888691
0.590795
0.399122
0.666653
0.614573
0.277323
0.656224
0.685598
0.508519
0.928296
0.841782
0.737843
0.211076
0.45889
0.834233
0.991746
0.588981
0.209425
0.784063
0.488032
0.862908
0.821353
0.621165
0.870653
0.722276
0.277779
0.895906
0.781528
0.655367
0.215995
0.532543
0.921167
0.699993
0.725483
0.454801
0.819694
0.210033
0.713091
0.951655
0.760341
0.782017
0.463427
0.667401
0.258432
0.999355
0.856614
0.718999
0.553022
0.881934
0.616911
0.743605
0.621942
0.803957
0.970268
0.816721
0.433545
0.684796
0.352268
0.774726
0.556707
0.806235
0.355504
0.998512
0.314994
0.494808
0.756172
0.425833
0.769466
0.709279
0.787062
0.921504
0.682797
0.720211
0.220114
0.610232
0.810501
0.61698
0.849254
0.32068
0.762931
0.617244
0.987146
0.841724
0.391642
0.694601
0.348373
0.640004
0.7132
0.485475
0.662848
0.453429
0.528842
0.813842
0.888475
0.982239
0.809627
0.228781
0.888887
0.467907
0.79971
0.839066
0.92198
0.423202
0.916693
0.999382
0.661053
0.833281
0.307281
0.233545
0.998547
0.741735
0.219995
0.35013
0.738947
0.26566
0.273295
0.229121
0.819378
0.863032
0.763215
0.397995
0.32256
0.427443
0.997049
0.998722
0.247922
0.543186
0.52834
0.828035
0.211205
0.29705
0.657123
0.790333
0.998196
0.334564
0.570748
0.719958
0.230448
0.746665
0.987289
0.53397
0.246451
0.796549
0.5981
0.570489
0.237511
0.307718
0.289672
0.326531
0.843978
0.751679
0.985924
0.553506
0.99014
0.510146
0.836268
0.873997
0.482515
0.332488
0.521914
0.57668
0.72115
0.26562
0.887222
0.264191
0.609564
0.715881
0.472224
0.917383
0.686059
0.221744
0.355037
0.815347
0.991718
0.207373
0.698193
0.730692
0.508192
0.963243
0.240107
0.520034
0.867183
0.777619
0.37755
0.789744
0.880236
0.713758
0.999927
0.54443
0.909182
0.822834
0.721556
0.268341
0.514088
0.306024
0.534755
0.976302
0.20964
0.400039
0.438974
0.971391
0.291512
0.999652
0.625174
0.368263
0.278118
0.326527
0.386009
0.500072
0.737279
0.907216
0.751194
0.811287
0.365143
0.76153
0.949051
0.457669
0.913171
0.706075
0.243441
0.922567
0.451103
0.207671
0.284384
0.373292
0.228136
0.722928
0.866133
0.707382
0.261262
0.646766
0.797107
0.792881
0.872247
0.687099
0.877469
0.535274
0.998971
0.229054
0.665413
0.59764
0.999823
0.666651
0.700755
0.631122
0.437469
0.458292
0.35735
0.470218
0.87196
0.287472
0.226725
0.974341
0.469425
0.692059
0.789644
0.352628
0.250112
0.222997
0.728582
0.666692
0.770138
0.383121
0.857062
0.777096
0.223205
0.64545
0.223885
0.332069
0.992478
0.387437
0.483404
0.209316
0.731946
0.675597
0.375907
0.586286
0.927396
0.416873
0.702685
0.709093
0.238258
0.463237
0.774151
0.717351
0.255245
0.693766
0.321823
0.817822
0.789737
0.716769
0.764197
0.459574
0.427995
0.985486
0.494076
0.998453
0.401049
0.699102
0.863398
0.716781
0.873019
0.444569
0.977618
0.609578
0.716052
0.2937
0.203782
0.855255
0.861067
0.637128
0.26353
0.985295
0.446793
0.320076
0.262489
0.593955
0.799017
0.629571
0.354422
0.833164
0.728321
0.752243
0.319254
0.702153
0.530623
0.91486
0.600902
0.998348
0.857885
0.454708
0.305844
0.531721
0.288568
0.718894
0.33811
0.929205
0.404498
0.780591
0.421154
0.400532
0.706663
0.653715
0.90915
0.996096
0.872759
0.988854
0.999537
0.417795
0.847819
0.587918
0.684471
0.532208
0.452371
0.452371
0.450022
0.893192
0.831943
0.711254
0.315035
0.876111
0.248233
0.529297
0.252533
0.554467
0.732623
0.562014
0.993838
0.268095
0.572951
0.535706
0.611402
0.455983
0.71269
0.399935
0.809198
0.428093
0.813332
0.931544
0.621431
0.356695
0.667819
0.947828
0.708427
0.642919
0.743496
0.753783
0.767922
0.862556
0.873657
0.998285
0.993593
0.30905
0.263733
0.470445
0.786439
0.446986
0.483947
0.437169
0.375513
0.824145
0.8677
0.203981
0.554731
0.490898
0.568007
0.867362
0.253314
0.857717
0.491637
0.74984
0.2391
0.881743
0.629501
0.297825
0.809351
0.535408
0.497273
0.204154
0.590075
0.326793
0.85799
0.566177
0.660923
0.736133
0.223033
0.465908
0.617897
0.340982
0.582664
0.35502
0.772268
0.71329
0.916533
0.666468
0.52624
0.491083
0.869481
0.848653
0.410403
0.276011
0.356429
0.73508
0.268511
0.902523
0.889106
0.432983
0.360611
0.230285
0.417422
0.330502
0.342387
0.447763
0.778092
0.479903
0.267278
0.815431
0.667221
0.209629
0.87607
0.568766
0.246955
0.390628
0.735288
0.99782
0.998953
0.794922
0.809152
0.705889
0.439747
0.612803
0.717294
0.658488
0.837245
0.619352
0.321241
0.369709
0.711803
0.99997
0.797049
0.504319
0.331634
0.884402
0.43873
0.997326
0.239896
0.394155
0.755769
0.496119
0.792241
0.229221
0.332035
0.625515
0.631135
0.64861
0.615534
0.859542
0.823162
0.67406
0.888757
0.807091
0.554378
0.848452
0.627041
0.97019
0.768086
0.425997
0.205632
0.905971
0.583181
0.797356
0.534468
0.465913
0.774805
0.816738
0.581818
0.448709
0.274549
0.999671
0.430584
0.801193
0.640058
0.817126
0.421025
0.58382
0.769439
0.826231
0.200708
0.996301
0.996855
0.891313
0.764714
0.480532
0.747574
0.616743
0.928854
0.999659
0.966093
0.717292
0.767463
0.574681
0.724882
0.27402
0.940386
0.727966
0.927711
0.498291
0.399106
0.839375
0.739758
0.300062
0.873432
0.623441
0.393989
0.286199
0.752784
0.798889
0.273134
0.453452
0.802593
0.998936
0.342376
0.287551
0.36614
0.800966
0.999987
0.679726
0.900158
0.410261
0.764673
0.689481
0.461538
0.681091
0.31331
0.739361
0.211576
0.677896
0.817216
0.829306
0.805003
0.248052
0.555278
0.776707
0.996823
0.456654
0.585767
0.801016
0.227022
0.702545
0.375228
0.634922
0.773663
0.7886
0.413887
0.448989
0.332325
0.79091
0.388646
0.402359
0.949707
0.740441
0.529244
0.584818
0.8284
0.662848
0.625415
0.607725
0.98959
0.90555
0.504893
0.644794
0.476436
0.977624
0.702943
0.822732
0.50012
0.755727
0.949394
0.212293
0.386645
0.521626
0.816875
0.748527
0.64698
0.719861
0.249601
0.646911
0.832246
0.585733
0.79963
0.543078
0.261886
0.986236
0.560677
0.807115
0.226844
0.677168
0.440976
0.875364
0.315299
0.274582
0.475764
0.826363
0.842408
0.857078
0.767946
0.836083
0.999121
0.51886
0.896247
0.328935
0.677267
0.358181
0.330832
0.434384
0.899932
0.618589
0.458931
0.549425
0.349025
0.385852
0.731203
0.775922
0.30764
0.318038
0.928315
0.831635
0.467263
0.449554
0.488167
0.239674
0.48672
0.940138
0.223947
0.925216
0.534631
0.221479
0.266219
0.828904
0.998942
0.847135
0.981421
0.569548
0.665489
0.330478
0.22264
0.208409
0.891151
0.302724
0.742985
0.657318
0.637786
0.550652
0.999967
0.856929
0.591436
0.358965
0.591172
0.918089
0.582207
0.998817
0.556388
0.444004
0.471843
0.764234
0.718804
0.989822
0.285586
0.752898
0.791982
0.211669
0.508202
0.690374
0.813126
0.637015
0.688082
0.476004
0.843339
0.777538
0.537076
0.776009
0.769338
0.753062
0.624842
0.261401
0.356046
0.999887
0.761147
0.826054
0.347068
0.861503
0.667152
0.90237
0.780963
0.427924
0.215453
0.208395
0.361187
0.99994
0.502858
0.927688
0.866039
0.447378
0.429862
0.998383
0.36944
0.786632
0.835542
0.6335
0.853759
0.999625
0.995236
0.299596
0.880009
0.815374
0.638171
0.260876
0.439639
0.289909
0.792112
0.79814
0.266437
0.666607
0.585039
0.858598
0.820001
0.999709
0.20705
0.43664
0.985278
0.880769
0.762684
0.629888
0.753063
0.493827
0.904781
0.697839
0.349934
0.317913
0.748775
0.313748
0.99925
0.677445
0.326789
0.227718
0.960903
0.747461
0.379702
0.299451
0.449571
0.922227
0.540619
0.537184
0.277473
0.780625
0.262828
0.738822
0.530792
0.663972
0.894694
0.756868
0.662772
0.676683
0.81629
0.54412
0.874347
0.575028
0.547292
0.632893
0.449384
0.871515
0.60069
0.998083
0.614102
0.747422
0.296538
0.492926
0.487697
0.86629
0.292644
0.716715
0.323891
0.798105
0.803911
0.916635
0.353677
0.631821
0.212455
0.738771
0.999894
0.701939
0.997754
0.281557
0.231951
0.38452
0.566691
0.879672
0.510618
0.840822
0.324924
0.297607
0.708131
0.570627
0.759284
0.36892
0.454419
0.556772
0.597896
0.81131
0.99316
0.874822
0.63497
0.699931
0.516973
0.34976
0.833566
0.660526
0.65454
0.994372
0.644455
0.69788
0.666323
0.833349
0.346486
0.285415
0.721664
0.91254
0.999524
0.585896
0.343744
0.411161
0.568398
0.831688
0.831688
0.644477
0.298419
0.519259
0.857042
0.226317
0.576505
0.984716
0.59052
0.79
0.722997
0.591181
0.264534
0.84904
0.922682
0.396969
0.770704
0.558838
0.784005
0.850007
0.99839
0.856501
0.687376
0.999265
0.898571
0.769022
0.462982
0.990981
0.885766
0.8571
0.855861
0.991485
0.999531
0.999886
0.830911
0.85685
0.274964
0.384554
0.625358
0.942313
0.30154
0.351746
0.876112
0.776035
0.784075
0.814388
0.624604
0.974921
0.911527
0.326969
0.765192
0.862022
0.669817
0.999566
0.713432
0.870654
0.878557
0.41664
0.901508
0.264112
0.839519
0.367087
0.765624
0.227721
0.729642
0.716595
0.247404
0.484688
0.247702
0.303791
0.471099
0.998269
0.915625
0.835274
0.763546
0.867072
0.698754
0.915732
0.366161
0.538495
0.998267
0.832245
0.340938
0.749616
0.669736
0.596349
0.810459
0.470015
0.347097
0.676777
0.654548
0.206231
0.207849
0.547993
0.857022
0.689826
0.441388
0.877452
0.45587
0.264666
0.496009
0.935427
0.759511
0.999728
0.31629
0.346136
0.999807
0.248869
0.777079
0.831188
0.791712
0.631532
0.632331
0.582518
0.869514
0.440464
0.714511
0.801453
0.577476
0.264673
0.361486
0.731246
0.431153
0.683023
0.955902
0.202859
0.21035
0.768666
0.656151
0.662999
0.876367
0.732033
0.809325
0.583066
0.428845
0.524788
0.768081
0.327341
0.217437
0.85816
0.944897
0.335554
0.275386
0.872868
0.699398
0.66038
0.42009
0.307077
0.664324
0.500718
0.888041
0.802235
0.596805
0.995287
0.77008
0.831853
0.789003
0.931656
0.341383
0.563567
0.587641
0.665506
0.800439
0.248835
0.280526
0.996223
0.251998
0.269126
0.662941
0.912418
0.381251
0.857014
0.866654
0.770898
0.703015
0.342642
0.757706
0.355105
0.449184
0.61308
0.648129
0.299741
0.47223
0.553856
0.456048
0.546821
0.361307
0.997546
0.214921
0.34688
0.6707
0.685673
0.806455
0.538554
0.90114
0.887824
0.574759
0.731594
0.561352
0.866401
0.426315
0.404059
0.620991
0.999455
0.808507
0.990382
0.865261
0.999678
0.689134
0.742509
0.77797
0.434888
0.667242
0.730552
0.999056
0.784434
0.311491
0.888904
0.848159
0.999705
0.490284
0.88864
0.877186
0.898822
0.930288
0.964384
0.950296
0.852687
0.82858
0.706564
0.525153
0.321452
0.812181
0.912625
0.376931
0.430772
0.386974
0.227576
0.578111
0.349512
0.583098
0.899932
0.989902
0.414779
0.736749
0.384191
0.402379
0.665103
0.814672
0.999907
0.349352
0.724321
0.801045
0.805418
0.626945
0.916565
0.769072
0.793931
0.888411
0.245141
0.220219
0.552905
0.852103
0.815282
0.589117
0.555543
0.81891
0.882318
0.284607
0.45345
0.29776
0.984574
0.92106
0.923398
0.200788
0.575568
0.994888
0.999903
0.608819
0.229651
0.865997
0.371692
0.687042
0.398528
0.999933
0.443718
0.799797
0.787266
0.220093
0.833283
0.716264
0.210061
0.722795
0.799847
0.472212
0.497007
0.284991
0.789427
0.650816
0.996005
0.614249
0.581423
0.80197
0.833752
0.732179
0.998427
0.856787
0.904595
0.781385
0.610122
0.384601
0.999844
0.647674
0.990711
0.937266
0.738587
0.366087
0.601252
0.69382
0.304632
0.893549
0.898622
0.372123
0.785319
0.603634
0.496732
0.48148
0.732847
0.613186
0.335298
0.646764
0.222684
0.389836
0.340664
0.491645
0.995634
0.874092
0.206063
0.237571
0.267685
0.503189
0.549008
0.799814
0.372023
0.873874
0.340744
0.998723
0.58584
0.358653
0.386819
0.375238
0.821946
0.572377
0.50071
0.277749
0.540991
0.337478
0.686369
0.468278
0.99083
0.845644
0.710404
0.641056
0.813206
0.212284
0.751261
0.481523
0.601161
0.833085
0.652174
0.402014
0.512712
0.28271
0.813889
0.755813
0.457662
0.4576
0.251914
0.370268
0.665092
0.334046
0.405432
0.933117
0.934406
0.858684
0.361206
0.775961
0.724396
0.815764
0.698944
0.72742
0.584456
0.495189
0.395363
0.7849
0.845966
0.719244
0.787678
0.779521
0.34107
0.359467
0.463924
0.552602
0.378109
0.496132
0.275472
0.60014
0.676833
0.874977
0.886182
0.619426
0.492324
0.848592
0.644089
0.870975
0.600546
0.557903
0.23207
0.77442
0.996808
0.712648
0.228533
0.311292
0.248951
0.93338
0.806479
0.918692
0.910917
0.823687
0.616424
0.442046
0.56318
0.546844
0.935378
0.342346
0.404649
0.93285
0.910868
0.249935
0.872035
0.244271
0.785711
0.22193
0.60561
0.833436
0.610916
0.245384
0.860637
0.425528
0.287301
0.932124
0.399368
0.7339
0.480394
0.990225
0.999183
0.843091
0.986361
0.215172
0.424812
0.683056
0.918367
0.579679
0.219627
0.237658
0.84763
0.642122
0.832585
0.358531
0.999001
0.401168
0.82611
0.901653
0.595136
0.219341
0.916677
0.434467
0.457771
0.81265
0.363253
0.643666
0.83452
0.775088
0.875776
0.371193
0.576637
0.216947
0.726197
0.529611
0.984824
0.683869
0.928295
0.32648
0.626102
0.843672
0.880713
0.302236
0.251782
0.645938
0.23661
0.534208
0.808849
0.390891
0.998432
0.508969
0.66669
0.352818
0.805546
0.539401
0.733111
0.218149
0.299255
0.832865
0.510395
0.828273
0.678375
0.968356
0.727009
0.480333
0.766934
0.679045
0.834862
0.768399
0.749876
0.272083
0.487211
0.962623
0.799872
0.778522
0.318477
0.334721
0.455231
0.668776
0.537898
0.447751
0.620114
0.869069
0.888866
0.520128
0.758216
0.709226
0.996178
0.544955
0.264475
0.675813
0.335865
0.764091
0.672529
0.889151
0.463722
0.469103
0.848258
0.405445
0.219964
0.616873
0.997835
0.851704
0.595778
0.98268
0.559902
0.999239
0.307625
0.612238
0.501979
0.606663
0.36937
0.925284
0.656171
0.453155
0.789068
0.993663
0.522759
0.84806
0.999427
0.301013
0.864477
0.308339
0.66631
0.742012
0.871417
0.230677
0.297359
0.929375
0.719412
0.231411
0.802518
0.449729
0.818322
0.710626
0.784839
0.999997
0.577314
0.470391
0.999201
0.578533
0.86561
0.43412
0.206969
0.871539
0.472302
0.998707
0.495955
0.492292
0.667661
0.360443
0.440894
0.222731
0.229917
0.272238
0.682582
0.215052
0.709236
0.239476
0.565982
0.614999
0.691284
0.410806
0.706469
0.516149
0.328439
0.904481
0.660105
0.782944
0.847976
0.872804
0.589865
0.252311
0.233403
0.562469
0.824089
0.811446
0.80301
0.876808
0.750072
0.586094
0.521506
0.60206
0.988593
0.884584
0.690739
0.348569
0.777789
0.665318
0.829319
0.998999
0.898039
0.616059
0.662731
0.689808
0.862762
0.935854
0.85623
0.718865
0.333623
0.882511
0.928351
0.600804
0.460171
0.330261
0.999972
0.832634
0.859939
0.427614
0.750071
0.443529
0.52343
0.379945
0.764702
0.269234
0.473254
0.823512
0.685261
0.599805
0.35019
0.399551
0.999164
0.641904
0.215907
0.969876
0.337026
0.355315
0.819095
0.505805
0.395217
0.752576
0.897596
0.886451
0.251094
0.622887
0.615502
0.817487
0.800554
0.271899
0.913187
0.791248
0.998974
0.660045
0.360153
0.617912
0.667104
0.799787
0.4011
0.336325
0.728826
0.847671
0.614713
0.279329
0.379585
0.999192
0.460126
0.487517
0.296812
0.748771
0.818983
0.756595
0.836773
0.242829
0.695789
0.420569
0.44374
0.915882
0.775439
0.287203
0.525307
0.367697
0.429019
0.723792
0.847923
0.383818
0.606881
0.283366
0.858269
0.845283
0.674869
0.387707
0.214117
0.382276
0.757889
0.846916
0.825209
0.285337
0.9853
0.265262
0.785898
0.566561
0.999066
0.3002
0.947127
0.467687
0.853833
0.840569
0.419022
0.859758
0.327572
0.706837
0.53932
0.694709
0.999934
0.589887
0.323093
0.234742
0.35678
0.991114
0.840445
0.999639
0.764981
0.774944
0.815669
0.221259
0.492218
0.577441
0.302355
0.888575
0.998849
0.309418
0.697071
0.399841
0.579087
0.261686
0.590778
0.210241
0.812259
0.749793
0.630826
0.733413
0.466163
0.624926
0.32634
0.76485
0.31251
0.363757
0.224464
0.835563
0.665044
0.859165
0.793963
0.473316
0.271457
0.271728
0.72541
0.416298
0.765417
0.722961
0.838599
0.502487
0.726782
0.248553
0.966588
0.881934
0.806136
0.634302
0.388239
0.424903
0.612899
0.719019
0.234823
0.866688
0.881411
0.201825
0.259726
0.883842
0.992813
0.436788
0.581312
0.532208
0.371886
0.401782
0.330496
0.356077
0.61312
0.300018
0.999833
0.721275
0.227606
0.251821
0.872234
0.849243
0.840174
0.737063
0.599824
0.268855
0.820857
0.575198
0.999665
0.997446
0.514174
0.302997
0.995636
0.799679
0.992675
0.324036
0.998436
0.528382
0.68764
0.41615
0.207245
0.736694
0.639271
0.344053
0.480284
0.508022
0.503264
0.800216
0.874626
0.480429
0.279405
0.544631
0.784571
0.478662
0.304671
0.761857
0.499459
0.444267
0.700248
0.637361
0.864506
0.261441
0.639007
0.53843
0.734287
0.327785
0.251995
0.362266
0.346489
0.797553
0.499542
0.842387
0.574658
0.663751
0.240161
0.354464
0.650643
0.3488
0.698094
0.89978
0.351245
0.994736
0.222615
0.395164
0.795538
0.584982
0.340197
0.562515
0.999852
0.56917
0.550265
0.533164
0.260201
0.274621
0.600643
0.316948
0.740817
0.397821
0.640735
0.832696
0.248066
0.325659
0.321178
0.428549
0.636092
0.22587
0.828874
0.669197
0.764547
0.727411
0.754419
0.811619
0.649506
0.763733
0.465609
0.345157
0.999619
0.233948
0.455535
0.920886
0.567364
0.400547
0.660375
0.884025
0.368376
0.37796
0.494041
0.702541
0.791868
0.863712
0.384927
0.832981
0.313385
0.566164
0.294126
0.825594
0.668529
0.758892
0.600299
0.816808
0.723882
0.617287
0.344087
0.801767
0.523467
0.369948
0.758461
0.886231
0.387439
0.369881
0.714471
0.832835
0.998496
0.650344
0.721698
0.403637
0.62302
0.846128
0.205194
0.875036
0.211871
0.599977
0.31873
0.30957
0.736471
0.739778
0.8114
0.54995
0.531549
0.834133
0.588548
0.244341
0.496726
0.556447
0.90597
0.858263
0.999249
0.282827
0.637719
0.695227
0.645731
0.789922
0.740332
0.211487
0.901099
0.620961
0.375375
0.203901
0.68435
0.998809
0.346326
0.568827
0.816165
0.777218
0.637155
0.310043
0.999864
0.310409
0.790217
0.614797
0.658335
0.504456
0.225412
0.93309
0.496036
0.776812
0.478929
0.542922
0.869827
0.483492
0.715872
0.858317
0.493488
0.903505
0.826658
0.539955
0.915811
0.415885
0.867575
0.661811
0.663529
0.233995
0.866681
0.299431
0.363859
0.780908
0.61806
0.758472
0.390507
0.729603
0.245193
0.881878
0.465126
0.631261
0.463478
0.681558
0.341777
0.812556
0.870865
0.951672
0.440065
0.352885
0.923503
0.556817
0.826411
0.856839
0.272824
0.98695
0.905569
0.408915
0.812356
0.43287
0.939343
0.331653
0.30038
0.719525
0.566901
0.728629
0.509946
0.825948
0.645636
0.223381
0.277351
0.799593
0.656224
0.626808
0.78524
0.78959
0.930381
0.997183
0.336808
0.333175
0.935907
0.330504
0.576749
0.244683
0.701973
0.332557
0.833123
0.51232
0.300845
0.385146
0.392128
0.285871
0.392193
0.587818
0.597233
0.736747
0.878904
0.683375
0.336223
0.256218
0.396178
0.995034
0.732259
0.903664
0.228835
0.623346
0.70057
0.762112
0.704538
0.812494
0.931059
0.836441
0.926192
0.21298
0.283554
0.795434
0.333782
0.511051
0.494084
0.797458
0.738734
0.945761
0.79224
0.410846
0.865619
0.941304
0.754568
0.212652
0.736821
0.266964
0.41951
0.473392
0.778099
0.415013
0.847383
0.762995
0.963614
0.757349
0.714597
0.724312
0.637693
0.821428
0.274102
0.815525
0.625049
0.841381
0.738197
0.344085
0.977037
0.668437
0.766116
0.558971
0.499454
0.751961
0.913949
0.915885
0.462253
0.928577
0.810086
0.847395
0.211368
0.554751
0.301795
0.46059
0.7543
0.770031
0.80274
0.330277
0.824508
0.310395
0.571723
0.595204
0.359042
0.227468
0.858439
0.22746
0.862377
0.371304
0.840636
0.877221
0.568598
0.526821
0.665362
0.209335
0.79539
0.539184
0.833351
0.47949
0.51261
0.798048
0.505812
0.647515
0.325618
0.398686
0.522562
0.340438
0.332169
0.387943
0.648285
0.522566
0.634902
0.898115
0.725562
0.981069
0.269293
0.866946
0.940978
0.244395
0.33902
0.291244
0.502608
0.371055
0.448419
0.207913
0.812683
0.662723
0.399356
0.538673
0.46471
0.830493
0.620957
0.373862
0.41003
0.971435
0.840513
0.365505
0.24086
0.541994
0.702974
0.928224
0.242726
0.491928
0.207015
0.211962
0.721178
0.25852
0.380423
0.814772
0.541094
0.582238
0.290288
0.767787
0.826585
0.279065
0.791127
0.820153
0.803096
0.25097
0.201134
0.219358
0.204147
0.212287
0.81613
0.874913
0.812754
0.889058
0.66635
0.866787
0.8752
0.663901
0.749991
0.243113
0.285013
0.774182
0.922374
0.505077
0.810774
0.210802
0.530599
0.953423
0.225264
0.796296
0.555787
0.637811
0.95441
0.223487
0.411263
0.307908
0.598179
0.372288
0.425862
0.317232
0.226062
0.812419
0.272932
0.897311
0.551671
0.934664
0.472118
0.450314
0.852429
0.224747
0.697751
0.865506
0.634548
0.621129
0.283215
0.622512
0.858183
0.692865
0.855716
0.861132
0.491453
0.709047
0.876648
0.405574
0.836593
0.740414
0.285341
0.833932
0.781459
0.680547
0.457716
0.216693
0.448297
0.880806
0.256571
0.727532
0.826188
0.824888
0.990821
0.99781
0.401662
0.560234
0.217401
0.20637
0.720683
0.865416
0.668647
0.683161
0.842493
0.776274
0.441739
0.604129
0.965095
0.630525
0.39324
0.20003
0.20792
0.886007
0.52208
0.346363
0.994094
0.445244
0.514333
0.29331
0.393648
0.936762
0.630382
0.344083
0.733821
0.612783
0.646691
0.4495
0.538108
0.874858
0.805946
0.253358
0.757817
0.640017
0.74946
0.700395
0.99816
0.599092
0.793649
0.462333
0.202587
0.814841
0.808638
0.839491
0.7377
0.799217
0.727913
0.436671
0.92716
0.707202
0.965016
0.21841
0.4774
0.840614
0.418226
0.680911
0.473703
0.673411
0.333644
0.614397
0.525629
0.534503
0.999644
0.604091
0.459677
0.759992
0.805025
0.522353
0.870985
0.805517
0.553349
0.904047
0.519197
0.87565
0.840751
0.274747
0.338674
0.416029
0.573778
0.631408
0.712911
0.422603
0.246377
0.814017
0.775193
0.687373
0.262299
0.333681
0.596196
0.537369
0.292954
0.236812
0.400837
0.736881
0.295028
0.983774
0.7422
0.786213
0.57246
0.372236
0.834914
0.837024
0.770633
0.363171
0.981612
0.922586
0.505661
0.67037
0.391547
0.584858
0.33571
0.511585
0.55838
0.359832
0.206075
0.501402
0.49421
0.63953
0.287136
0.797839
0.523043
0.525862
0.222198
0.299735
0.354763
0.341621
0.888968
0.846362
0.295441
0.347054
0.629514
0.342952
0.843022
0.601033
0.261934
0.629429
0.663013
0.331162
0.398996
0.822858
0.619078
0.899089
0.763175
0.536257
0.44091
0.709222
0.226853
0.772085
0.590991
0.985103
0.863689
0.230526
0.252004
0.950683
0.66092
0.234239
0.474309
0.857938
0.676039
0.647889
0.667531
0.908037
0.589242
0.927999
0.377904
0.329528
0.43543
0.545588
0.868408
0.68684
0.292921
0.379801
0.59564
0.79119
0.670433
0.999941
0.740059
0.958872
0.995995
0.916579
0.736816
0.259531
0.923075
0.587071
0.619546
0.930377
0.737846
0.732983
0.695166
0.664314
0.342461
0.250145
0.928465
0.640381
0.9988
0.499631
0.926243
0.308263
0.336999
0.662212
0.846312
0.776701
0.758758
0.537092
0.848817
0.517299
0.798144
0.602503
0.649411
0.97783
0.480906
0.776167
0.709249
0.443659
0.747396
0.332712
0.771714
0.714433
0.491693
0.672039
0.919146
0.335412
0.863588
0.357349
0.995779
0.769088
0.782946
0.670667
0.956634
0.325845
0.306291
0.755884
0.453167
0.822296
0.893315
0.757636
0.639774
0.450389
0.959732
0.819489
0.343077
0.599531
0.974178
0.221995
0.764013
0.817972
0.921581
0.677423
0.591909
0.938503
0.702927
0.406128
0.608403
0.219659
0.747257
0.586257
0.969941
0.266158
0.204632
0.315222
0.979637
0.227206
0.871875
0.587467
0.415266
0.588076
0.704353
0.237897
0.492471
0.742766
0.78807
0.683947
0.72091
0.454477
0.791749
0.690453
0.880408
0.705873
0.578503
0.6714
0.684521
0.436959
0.521641
0.446512
0.880297
0.888276
0.319503
0.364082
0.842497
0.684824
0.668845
0.995181
0.757292
0.731919
0.928732
0.857462
0.531763
0.750489
0.48221
0.899209
0.211628
0.74738
0.488716
0.220788
0.888795
0.7421
0.601748
0.815681
0.49282
0.499659
0.515778
0.871614
0.616829
0.996361
0.786536
0.263457
0.606856
0.376723
0.698161
0.931817
0.539181
0.656005
0.797774
0.564859
0.856919
0.310844
0.675936
0.85563
0.912042
0.805335
0.856657
0.880633
0.265876
0.842999
0.676259
0.91642
0.42849
0.22223
0.744921
0.8
0.661335
0.936129
0.632658
0.235835
0.441406
0.856122
0.796798
0.899175
0.753809
0.603548
0.309741
0.202203
0.866739
0.69962
0.863785
0.262596
0.938376
0.725953
0.60053
0.753229
0.719859
0.799701
0.899502
0.722173
0.799987
0.391436
0.432069
0.205117
0.575594
0.634272
0.816994
0.378948
0.596013
0.996984
0.320377
0.733253
0.289773
0.616147
0.546134
0.681549
0.709507
0.999683
0.663778
0.764325
0.327097
0.549276
0.769285
0.757958
0.76753
0.952402
0.8871
0.327616
0.878828
0.606569
0.993036
0.886693
0.84666
0.9339
0.243556
0.928644
0.87365
0.351643
0.224369
0.992553
0.243954
0.845545
0.2198
0.271096
0.389328
0.377749
0.928893
0.352035
0.919358
0.310813
0.764894
0.318482
0.916032
0.999399
0.999972
0.500211
0.247482
0.884921
0.998943
0.773198
0.858853
0.2342
0.749419
0.785936
0.939893
0.544854
0.814187
0.627093
0.999914
0.548733
0.433946
0.566559
0.202613
0.299438
0.705144
0.356619
0.845505
0.669953
0.803767
0.539004
0.328214
0.40839
0.799295
0.79526
0.397163
0.668637
0.787609
0.657773
0.441526
0.69896
0.22091
0.65892
0.666658
0.836939
0.995854
0.262158
0.258945
0.832044
0.897596
0.790321
0.340518
0.281028
0.832974
0.376291
0.633492
0.822863
0.990874
0.277438
0.798863
0.210687
0.295369
0.418161
0.768921
0.797815
0.850768
0.600401
0.766661
0.334528
0.999779
0.452118
0.665551
0.603275
0.217067
0.760642
0.602244
0.83327
0.812073
0.701459
0.353317
0.83504
0.313849
0.245157
0.449516
0.728854
0.722491
0.835506
0.485444
0.511129
0.723475
0.841843
0.837648
0.780784
0.636326
0.991559
0.752084
0.531561
0.922931
0.281181
0.519894
0.742038
0.748755
0.497507
0.781444
0.235865
0.834402
0.404756
0.782959
0.937155
0.259189
0.292469
0.262831
0.67833
0.317975
0.999456
0.225594
0.680947
0.778071
0.954463
0.513401
0.476669
0.522887
0.640288
0.999153
0.407477
0.775841
0.448055
0.846429
0.328913
0.715874
0.814945
0.703865
0.463815
0.283682
0.749605
0.779775
0.628414
0.852107
0.839951
0.446221
0.995856
0.809778
0.657368
0.29102
0.568116
0.50236
0.635775
0.328708
0.881417
0.214171
0.706937
0.212191
0.771838
0.871052
0.61039
0.42107
0.745554
0.903411
0.913948
0.857782
0.378558
0.358032
0.643495
0.749635
0.794072
0.902031
0.8665
0.999746
0.691648
0.301546
0.969421
0.340745
0.435541
0.922113
0.427612
0.930064
0.814403
0.778731
0.46394
0.370034
0.396299
0.499438
0.845612
0.303898
0.607537
0.994859
0.771126
0.215465
0.774284
0.338788
0.484117
0.579827
0.683684
0.565331
0.69779
0.997112
0.211169
0.227923
0.800841
0.376112
0.727265
0.970865
0.379403
0.248562
0.678845
0.383048
0.769616
0.212935
0.892418
0.869989
0.62511
0.200392
0.930981
0.726604
0.999996
0.960364
0.418761
0.23058
0.897382
0.578104
0.2901
0.231757
0.320818
0.741775
0.946133
0.482691
0.660403
0.772415
0.93725
0.799348
0.803678
0.875702
0.781021
0.693221
0.84617
0.402451
0.410286
0.581177
0.777563
0.850798
0.817171
0.47119
0.350509
0.821934
0.92736
0.915925
0.221757
0.492438
0.494003
0.621876
0.874818
0.732925
0.665952
0.996908
0.823362
0.294509
0.349332
0.716009
0.456971
0.706143
0.332098
0.97599
0.347895
0.446286
0.32423
0.24122
0.856937
0.445351
0.888956
0.651661
0.694027
0.424573
0.572862
0.32003
0.377633
0.760657
0.28947
0.291822
0.466645
0.700652
0.72438
0.500783
0.491907
0.852351
0.259465
0.712709
0.632711
0.655213
0.403619
0.549598
0.832663
0.288647
0.823839
0.395098
0.447088
0.673804
0.748217
0.990927
0.498524
0.450401
0.518704
0.848307
0.703036
0.975107
0.269084
0.780199
0.777875
0.381933
0.347879
0.731282
0.963521
0.650467
0.993057
0.74407
0.676621
0.997302
0.798446
0.773677
0.602266
0.264695
0.225352
0.544286
0.590813
0.967407
0.705998
0.362511
