48.3671
-42.4557
110.829
-136.236
215.755
52.7875
113.301
-26.3899
40.253
-95.2142
13.0435
53.8818
298.509
32.5725
61.4304
5.18928
155.128
-30.452
44.6171
91.9802
180.511
46.057
98.8524
64.3896
-37.3584
36.7949
221.223
189.783
27.8856
-110.909
91.3676
262.189
-73.4789
-148.7
207.113
245.377
22.4785
33.3495
16.0904
-245.86
91.1601
-150.78
218.766
134.805
-129.26
130.154
270.141
100.053
83.2037
-92.3047
216.879
47.707
351.771
-41.1397
-39.5478
228.187
34.4583
-38.6705
98.2948
-70.6378
-126.39
84.8014
115.358
61.6676
100.527
-63.6444
-25.8433
66.0798
-36.837
-65.9323
-16.4417
34.2351
31.9911
90.5481
-49.476
29.1586
169.626
92.0971
52.8392
7.97299
-72.2
63.6968
143.104
183.515
29.5319
61.6071
97.7032
-16.698
39.2799
54.269
-27.7627
204.297
23.3447
-251.975
52.0804
120.436
56.1335
-14.3166
-19.7406
39.2533
-27.486
95.1018
38.1859
-64.3815
-85.208
-44.037
46.4434
79.8795
60.1933
18.2121
-77.6488
8.36608
-99.196
70.1713
124.051
226.649
27.9927
15.6063
67.494
53.2624
109.898
-52.3582
67.1542
204.753
-231.132
-92.5976
73.3565
41.6785
9.24277
101.3
-64.5231
-83.28
-119.839
-48.6599
110.654
67.5898
60.6588
73.5477
21.0812
98.044
134.303
36.9439
197.632
171.822
-290.097
53.5335
45.1334
41.2294
351.931
105.428
-64.6557
203.565
-42.2325
-84.2625
-111.882
132.107
152.226
47.7312
20.6653
-68.5304
-47.7162
214.421
16.642
-26.1685
40.0849
35.0136
28.6287
-86.0316
86.4283
43.3771
53.1281
137.006
189.764
-81.4975
-40.2762
-142.357
25.9943
196.262
-34.1414
85.5955
43.7886
-125.435
10.3336
-89.9254
-66.6845
-57.7249
69.8653
62.2034
57.1139
-206.291
-74.6174
105.929
-76.7369
-31.7788
-27.8273
239.581
-219.056
-352.117
83.997
60.7858
-127.302
74.8487
54.5414
72.2731
81.902
31.6034
25.7693
-252.822
171.763
26.8904
-82.7249
74.7442
-146.99
-94.0507
206.307
-136.811
-26.0926
1.76249
137.946
29.4867
271.168
-63.1352
35.4081
46.5913
178.857
94.1226
-96.1042
103.017
24.6424
69.8535
26.264
90.9427
-17.3064
39.7171
-258.93
-102.209
95.8125
96.072
-27.9235
-213.89
150.636
75.8712
141.429
-153.327
-65.6914
14.582
-94.4385
-25.8942
-115.036
95.9555
83.2719
177.393
120.65
-212.141
87.56
-26.254
226.217
15.6613
265.527
-103.635
36.1303
-307.278
98.0096
214.844
15.8426
33.1881
116.627
-134.974
103.91
124.06
205.872
137.686
-114.405
52.9359
193.341
150.089
-75.8689
17.9005
23.4786
100.606
55.6532
-37.9177
-78.991
113.787
20.9378
77.0661
64.3841
126.235
148.152
-18.7254
-85.8604
39.665
-42.4574
40.4992
6.61435
-130.209
19.2941
69.5543
-152.857
8.00239
158.579
-109.102
-50.9656
-87.3125
-98.8728
193.205
171.626
-120.1
310.517
-127.621
30.9681
-5.95114
-68.4868
-39.1673
33.4012
27.8752
61.3671
115.845
49.2162
29.4979
121.598
-17.7689
106.77
35.9419
181.955
33.3783
153.058
-117.75
68.0164
178.909
26.0106
25.6328
-26.9454
-303.151
69.6772
115.736
-7.71624
214.573
231.518
143.092
100.284
-15.5975
55.4407
71.6878
135.406
37.8396
-78.2477
247.092
119.375
-126.491
53.2558
288.243
13.8658
114.35
105.11
-249.154
30.9753
37.2025
46.0583
283.712
21.1103
88.6142
-137.73
63.5008
20.4919
69.0957
-51.623
104.335
-179.021
53.0349
346.633
149.436
-173.651
102.892
32.3509
-241.945
-127.555
179.102
-15.7092
-119.666
70.6029
-108.025
-73.2743
-170.461
178.155
38.9487
-154.644
71.135
320.009
70.8578
11.7647
157.592
62.7245
-10.3772
-12.1361
-143.051
58.8165
-59.2956
28.1852
33.4799
85.8035
30.4492
80.5938
-206.275
-175.449
86.9016
21.0359
-279.23
-19.8591
33.9493
73.7005
236.291
-139.583
51.6682
45.8341
76.7352
12.5831
169.167
98.789
-21.9775
63.007
164.076
-106.554
-61.6935
29.064
56.9967
43.6423
-54.5549
128.215
95.1655
-93.5844
-107.995
11.995
98.7851
-27.432
112.204
38.9894
154.44
210.91
98.7281
72.7739
108.077
26.2798
-178.688
51.8584
-128.734
87.9326
118.317
102.642
72.604
-58.4541
22.8471
149.095
19.3475
11.6429
20.3141
67.0788
95.5055
66.3266
175.025
-227.325
258.951
137.184
69.2442
112.114
-132.914
265.35
-40.5458
-114.709
51.7198
183.307
-56.5603
293.973
-54.0973
17.5151
177.883
57.5399
259.959
25.684
-139.67
-71.2931
-62.665
37.882
-147.185
-161.308
-156.079
58.7379
166.113
16.1654
45.9219
33.261
17.8851
295.818
146.232
-36.2002
27.2356
156.398
-105.638
-72.3424
-176.339
71.4502
-201.441
-8.15428
76.2768
-11.9374
210.682
110.591
45.859
-58.5139
-92.859
87.8708
-138.902
-68.0401
219.734
19.27
106.365
-332.93
65.7848
-199.254
70.9735
54.55
115.057
281.101
-90.3278
-96.3015
15.3658
70.4946
70.1877
-97.4105
46.7819
108.306
-155.463
-185.976
80.3794
48.8331
8.68167
19.5703
-204.489
75.2109
-79.7623
186.106
117.629
79.1895
31.7649
59.9483
52.7292
-74.9852
223.52
47.9486
-43.5669
-72.5439
102.391
-32.3036
-71.6881
22.5492
91.4224
45.5956
-14.5719
73.4934
47.5187
-290.61
-16.8507
41.6292
-26.4877
9.91053
106.599
-101.796
102.082
13.9283
110.234
-174.119
4.42606
126.426
-27.5583
40.9639
-27.0266
-75.0974
-62.9578
25.9289
202.309
-56.5726
14.3772
-90.3903
-45.1611
48.283
87.8676
-40.7856
-58.0062
-88.558
-36.2675
95.1753
16.6531
18.8417
4.78359
-124.639
-131.929
-39.1575
-47.9029
-70.8953
140.066
156.355
259.803
-26.4106
187.689
-60.2136
41.3177
59.6322
-87.5474
-43.3503
119.594
18.1568
142.027
-156.6
-204.55
207.396
142.309
12.1021
34.1944
-98.0251
55.0085
311.883
-35.5292
17.3769
169.37
-87.882
-10.825
39.938
116.926
-20.1439
135.204
58.1741
-67.4836
140.73
28.9244
-10.1029
-201.811
-61.4069
-67.9964
38.3578
-96.4515
46.5445
-8.101
-20.5103
71.838
3.6074
62.6197
39.8498
66.0794
121.546
47.3261
134.1
25.2155
36.111
187.587
-225.793
97.5319
123.029
43.2566
-23.6941
-78.2014
173.803
26.2416
94.8726
-232.423
-39.0369
-44.0528
-25.6638
-77.3739
72.5508
108.816
-218.098
36.0021
145.719
170.723
223.28
-192.418
17.7885
122.076
106.235
-27.0783
40.3705
55.6185
211.844
114.748
131.575
32.236
-40.2211
12.3082
101.556
93.1513
72.837
35.2882
202.552
125.982
312.35
217.434
-217.693
267.355
36.6377
-32.0197
46.0317
231.861
-69.2188
-27.9519
43.8305
-66.2584
168.741
78.7254
268.076
72.1507
-79.1983
158.062
-63.4723
33.558
42.7263
14.5266
-77.1909
-125.295
73.2755
135.737
-135.531
86.691
-72.6828
227.641
169.493
-49.6008
213.214
59.412
252.156
155.497
44.7416
28.6208
107.482
30.7819
74.4932
20.9938
12.6482
106.323
-26.3305
-61.036
269.352
42.6336
171.999
47.4862
-258.016
79.4985
25.0865
-138.186
-72.3512
-142.576
41.3504
-120.401
-189.862
26.5218
10.2057
-51.0884
53.9501
-282.6
-170.443
128.287
-165.408
-233.646
-52.5386
-98.5106
24.1075
87.837
-57.5701
-112.956
-181.981
113.772
214.884
28.3285
191.665
-129.107
46.7104
110.379
-12.8782
115.668
38.5677
142.233
142.12
-139.42
-75.5804
80.4385
91.9679
-103.008
93.064
10.435
166.807
-137.875
67.8712
38.5649
44.2952
65.3443
57.1706
201.207
259.008
131.011
86.1099
144.184
-86.8147
-24.6356
65.9788
-13.7316
-68.1891
48.7573
-224.708
266.484
-26.9067
-105.697
-208.574
168.697
132.153
-264.302
79.642
75.0149
-31.8355
53.0085
259.594
-90.2962
-23.3152
-65.2466
241.405
1.3651
-0.541659
187.918
51.953
96.1319
157.58
80.2052
-68.8544
-113.83
-38.7471
-65.9541
68.0443
176.941
162.997
177.021
-166.357
-91.7648
265.791
-87.3664
-79.6402
-183.07
-77.0339
-17.7188
99.2365
-142.585
-8.86383
118.737
-74.402
67.9822
141.533
94.173
-184.331
-109.782
-101.563
-28.6532
-24.6192
247.489
-65.7018
66.3432
347.656
20.7775
33.3289
222.064
-55.2389
176.176
116.573
23.6813
33.9633
-55.9836
-23.6627
-26.3175
-117.304
132.746
-55.7667
36.8925
-79.4998
81.9686
187.015
14.3071
121.462
81.7561
127.927
-128.369
-50.8702
237.162
84.7239
43.5274
49.9622
-115.055
102.562
286.048
-42.0957
65.6674
-115.858
24.2098
-109.098
26.4551
75.4983
62.8184
83.7003
28.0921
-70.8067
67.6694
76.9523
-18.9614
18.2302
-141.533
-165.385
94.366
41.7943
45.9169
276.846
31.5702
130.347
41.0049
147.639
96.1332
109.284
-147.981
-264.156
-117.639
51.2334
175.765
30.7333
31.1718
49.4432
116.291
125.591
-24.3985
65.6606
79.0834
61.3608
79.1282
79.686
-67.4506
152.893
-30.7097
189.972
116.357
102.543
198.737
-50.9174
-194.944
74.6926
-169.537
17.5559
8.45522
45.1929
145.59
37.3016
160.406
-48.4562
4.14357
-34.0183
85.3885
10.3569
67.8815
32.0439
-332.017
27.7151
20.3565
116.781
135.461
38.9161
14.8476
-123.416
-71.9194
-51.2509
67.1082
-49.2252
-84.6758
32.7
-64.7929
-23.9049
254.404
-161.537
184.406
91.6991
-105.798
-213.088
101.631
116.832
-351.289
55.1144
152.391
19.7766
-27.6983
-72.7143
154.611
-239.948
-55.4219
148.266
38.3604
87.5574
81.5867
46.7658
-24.0385
72.7871
54.9942
79.2324
-9.98991
-157.875
-171.768
84.8376
-68.9727
-72.8299
56.4131
91.2992
-59.1137
189.02
184.422
-47.3221
110.284
48.0185
257.273
108.124
137.828
53.7363
16.6573
199.719
-71.3425
-171.322
-14.6331
50.7814
-188.712
173.065
60.7361
36.3378
26.7105
-132.087
48.2348
48.3253
46.5294
-69.4446
144.351
64.6131
-66.3601
21.5843
-67.961
11.4488
-4.26709
64.5065
-260.166
20.1446
-114.792
30.9614
-75.7442
16.7135
-43.8105
-126.21
48.3439
111.786
29.5838
128.045
55.7592
29.442
-78.0226
-76.5271
-50.9129
-240.972
97.1324
-68.0613
-12.6317
75.4111
135.689
247.734
237.753
-102.954
176.443
44.8081
-58.7717
118.897
136.836
121.461
17.0676
74.9095
251.317
48.401
52.9456
41.5847
-18.5461
178.572
-83.5844
16.7673
125.401
109.297
115.196
-65.701
107.063
-71.2847
106.092
54.8667
-227.088
282.698
-22.5832
117.095
171.233
58.4118
219.246
56.5516
-147.752
-138.559
107.467
-77.8735
152.601
94.5042
37.4677
-127.347
-131.326
91.8721
-41.739
-62.5006
50.2882
61.5241
-148.226
-116.132
132.259
202.707
99.9546
39.2507
-189.198
51.9838
-12.4564
240.532
-55.8955
53.3041
21.3594
30.5837
-196.412
133.382
-106.791
-196.398
108.877
162.445
131.317
125.967
192.966
-31.2136
-16.7676
107.994
62.0653
86.5395
-63.371
-315.858
-69.114
134.604
220.18
59.8308
42.5572
61.2388
49.9299
48.7442
21.243
-49.2212
37.7354
-78.392
34.2963
-165.463
78.0624
-51.2322
69.4393
26.1949
88.2569
15.7463
-16.9851
13.074
15.9277
87.888
96.7259
334.985
59.9989
43.1449
-22.6487
17.6305
-105.598
112.026
-90.316
-55.3719
52.3098
196.792
-35.2177
-33.9285
66.8259
-60.3431
38.3599
-133.855
-18.2041
-59.1062
97.6665
-47.402
43.5747
-18.1342
41.0551
285.159
32.3588
11.0691
21.9348
78.57
53.324
17.1992
17.6296
-28.7938
324.452
-33.5843
35.8947
-305.572
114.593
-28.2767
-200.907
-124.372
-76.3802
-33.0632
116.863
-73.9612
70.405
46.8583
30.2434
114.718
-352.673
143.242
58.1093
-102.671
18.3519
-74.3429
127.905
44.2368
81.9136
156.644
44.3141
-115.999
23.4529
35.5462
80.5571
115.243
13.1752
223.84
-34.2124
68.2854
19.728
-9.03588
351.271
67.6838
107.343
-76.8137
-33.4933
72.6701
-98.3184
146.681
144.936
18.7221
42.1476
54.0947
49.6144
-38.5745
177.539
174.351
101.738
-94.6108
-84.0908
75.3907
-112.31
18.4278
-18.9755
23.192
12.9278
-41.2567
81.4775
231.602
8.25596
22.8513
-200.86
118.944
115.94
154.935
132.217
-158.932
52.5338
56.8445
42.3456
68.7405
15.6019
-249.926
112.165
117.697
-88.0796
111.692
54.2079
137.367
-85.1938
182.494
173.903
181.147
-78.4432
-1.45013
129.061
88.0272
-164.058
44.8512
16.1467
196.093
44.7103
-53.0911
-220.321
28.6781
127.998
43.0431
-87.944
-64.8445
30.5498
269.96
28.1421
100.52
53.555
48.4375
22.249
-112.957
76.6952
-39.5401
-56.0175
-310.24
136.074
167.197
45.4626
45.5492
59.9745
123.838
-48.9743
59.0569
103.572
122.895
140.639
-51.2917
-148.939
15.3611
205.352
48.4382
-117.667
-130.297
49.6065
49.6999
-51.4604
154.831
87.3988
30.6759
7.33742
-121.43
-47.248
-37.9242
155.024
-115.202
37.6621
-159.636
58.2329
-208.38
73.6109
-84.0471
-232.771
193.16
48.3601
134.456
301.809
226.922
-24.5809
-173.95
-283.732
51.4063
350.269
289.534
-101.84
-107.295
101.452
21.2162
12.5634
92.7312
186.725
54.5511
33.3954
78.7129
67.09
-38.8385
52.8027
42.0981
-73.7603
36.867
91.0067
-108.384
67.6848
-172.899
24.0249
42.5104
68.3808
42.7146
63.0411
-107.859
46.4983
76.9809
146.423
26.0129
9.55467
42.6875
40.1347
-133.768
-274.471
98.0694
93.5739
-147.329
-122.016
177.832
66.6261
74.0255
32.5857
-246.749
-56.8045
27.8275
-42.5947
-57.8692
262.815
128.642
63.6487
142.642
115.197
124.963
22.0982
-47.9342
106.977
-23.4693
-57.5374
75.1372
127.908
-93.0865
-58.7459
201.492
-72.7296
25.9728
-52.9518
162.256
48.8778
-159.284
-316.434
59.7621
-75.4652
22.9797
31.2121
43.1296
136.337
100.244
-35.6132
16.0178
91.4091
40.9036
171.597
91.7036
22.3272
144.399
57.5284
-53.6509
210.168
214.212
-112.777
118.812
-50.7483
-173.923
-142.676
-130.5
89.4865
159.47
21.1863
99.0637
-40.3872
164.609
50.9662
31.6295
-110.934
30.1953
-21.4379
-112.949
195.336
112.992
113.57
-34.518
19.8158
89.5098
-120.475
-205.62
142.022
9.13436
-152.63
41.0679
-15.8423
114.771
-51.4715
-71.8142
-46.1589
332.512
31.691
-69.4998
85.4786
-83.3211
230.691
-60.1403
75.1429
55.0601
-248.93
64.115
109.82
-41.7836
-58.0702
-90.5286
-76.6235
-56.9963
111.321
69.3272
-175.608
54.9458
14.9871
25.605
115.816
-137.249
107.055
-51.724
127.057
-30.0192
-157.867
37.014
27.7808
351.362
-51.2883
89.0322
44.397
-94.5822
96.6674
122.615
-177.117
-159.816
-40.1543
-20.4816
186.481
-68.5593
195.421
231.546
-94.4679
206.962
127.07
111.092
286.608
124.129
-57.7678
-75.586
115.321
263.175
23.8389
169.5
-81.856
-69.6729
-23.8938
42.1734
75.3682
59.7919
124.866
25.7761
46.6849
106.793
-160.175
-85.3061
70.1311
70.3507
27.8839
22.542
82.9931
351.632
163.625
-40.5627
340.422
-170.138
38.2788
60.9058
32.2984
53.35
134.648
165.085
-130.238
116.391
46.0962
5.35516
182.832
-86.7677
-48.2888
-80.4278
181.562
205.437
35.882
123.375
-83.0828
-39.6585
-59.7597
-52.9294
23.3791
28.8873
72.2855
-101.691
-26.2765
126.669
231.963
207.139
-121.003
92.7254
-72.3347
57.9752
-179.3
60.0965
-55.8656
23.1339
15.2925
-47.0636
51.4532
114.48
-138.337
-89.6771
121.059
50.6485
62.2546
-101.555
-139.456
-240.965
253.811
23.6689
-296.015
4.76823
-92.1908
-92.9396
65.5289
70.2371
269.651
136.466
-65.6473
209.303
76.538
-183.231
137.279
332.806
-54.9222
32.0754
-42.4393
-166.367
68.7817
13.6222
-352.079
73.9752
-24.5229
32.7513
232.776
77.263
60.1395
-37.6527
-125.183
63.7691
84.781
-90.2688
33.0971
-22.4527
45.6579
54.4559
63.5215
67.9115
-110.497
-109.205
70.4055
-143.38
-17.2378
5.88853
168.792
-134.831
-75.8627
-238.173
-49.2052
-247.058
293.09
14.6043
-239.606
165.517
143.411
22.2383
111.492
21.5187
129.773
113.321
231.646
48.7756
33.329
-190.679
-84.1625
86.5286
38.943
-84.6559
-156.937
67.2813
-88.8651
228.415
-223.415
61.8106
118.334
107.546
233.404
53.9935
-26.9882
195.016
-87.7099
-36.8804
252.499
41.9323
-37.2745
-243.118
-179.347
-132.428
124.035
159.457
-322.203
126.838
69.2454
-201.797
-44.7811
72.9632
107.776
-128.912
10.8384
-72.1146
36.0514
129.244
11.3179
92.4627
-148.535
157.91
162.25
90.7747
-3.4785
-108.904
105.448
-39.1255
286.068
203.144
40.3642
-51.4681
42.6546
-40.607
59.1315
40.9045
120.323
36.8218
-49.1176
86.9315
54.8152
231.681
-151.326
121.354
115.079
54.8525
32.4084
35.6924
68.3774
254.966
87.6455
-60.9693
99.484
-99.2165
-76.9058
159.774
46.447
131.236
119.734
56.2072
-163.343
-45.0074
-62.5353
-43.2172
63.1416
61.6575
127.174
151.765
-142.239
127.979
-102.463
100.447
60.7084
37.9139
138.456
352.277
-69.094
62.1816
70.4897
-105.798
31.6612
19.232
37.4039
-226.118
46.5222
28.6093
216.64
-36.945
207.041
-49.0583
-109.565
15.5811
-93.3822
68.1127
306.428
344.278
325.414
-121.839
175.112
77.1788
-245.179
40.7882
74.5218
44.3218
-58.0428
228.628
178.641
21.3199
-16.4895
47.8708
-104.342
26.0648
104.386
-98.4914
116.55
44.0046
189.031
312.045
110.826
-199.889
-204.424
-26.4031
59.5419
48.8388
51.8905
32.3549
-12.1148
-25.3292
232.959
-40.2876
63.7655
44.1335
40.5528
-260.304
-192.905
48.6998
171.186
-46.0515
78.3236
-155.271
-54.6174
-52.2233
82.6613
145.137
21.3413
48.8377
-187.446
89.4756
163.601
121.127
234.138
66.2795
-37.0874
-64.1796
-24.2637
183.147
94.2104
21.8229
36.6312
-91.3387
110.513
139.954
201.35
84.6524
18.792
-154.158
-58.0781
19.8702
32.2989
127.314
40.3814
50.2749
108.146
-104.878
-82.3603
-150.388
53.2569
39.6282
204.706
-89.9547
-245.967
87.6995
105.7
45.8651
7.19634
-41.3413
-33.3523
99.9897
26.1222
89.4629
-8.61567
58.0548
108.85
-98.3265
-74.2074
-131.981
-61.4734
11.5136
127.787
-21.4261
49.2226
5.4166
162.083
122.31
-73.1255
-22.3333
-8.83859
111.817
23.8494
164.237
27.6648
92.6829
-76.0842
-95.0935
-303.884
-82.3374
200.762
175.29
28.484
11.5012
51.6581
-100.635
39.7949
112.684
175.038
32.9042
85.6861
-25.0957
-27.9431
41.5448
-78.2615
-104.103
80.9667
159.274
261.716
-23.1007
-92.9699
110.203
122.973
-332.227
84.1489
18.8822
-164.56
23.6754
69.9085
-251.469
243.851
88.3365
92.4866
63.6583
50.9343
152.008
-12.2891
32.5011
139.812
61.7296
4.88903
195.219
124.095
-35.3979
-33.5972
126.555
7.98286
50.8447
-28.8525
151.477
-48.5953
-71.9215
52.5238
40.3999
-55.5661
43.6073
85.0135
17.3212
37.2282
100.995
31.8172
45.098
3.22045
-177.72
68.6841
62.4595
55.6129
-162.361
48.8017
-100.523
-29.2174
334.05
70.5571
140.269
149.67
-255.696
297.144
53.6851
307.323
56.5331
156.177
238.281
297.975
72.6068
42.9986
-45.1437
213.932
-205.653
-76.0158
46.3252
86.7417
44.146
-63.4608
-10.6483
135.121
44.0663
7.48816
-234.772
-100.008
104.841
-155.857
-80.5647
13.9589
-109.171
22.0774
32.4898
-67.7435
58.7869
40.5462
85.5167
50.6328
-103.913
-22.3127
214.916
157.061
99.9562
-95.1764
26.6682
184.189
-129.473
161.3
80.3836
77.4822
-34.9372
-97.8791
274.536
47.2956
166.769
-54.2779
64.3889
80.0709
98.0139
42.3123
-68.7132
62.5223
136.023
-27.8871
15.0806
14.4751
151.497
239.81
-140.508
342.535
132.185
48.5617
352.082
-237.163
-127.173
-69.0449
121.289
-89.3926
-145.391
-35.6971
25.1594
-72.8497
105.051
-38.072
80.1747
177.161
81.0906
-155.334
-82.9932
-109.841
-115.673
-122.502
-229.601
-22.4338
56.4223
352.299
65.5112
186.677
-29.6242
41.4949
-206.393
287.006
56.2242
42.9221
339.289
-26.8749
83.9009
9.45051
129.809
-34.6672
-47.5299
21.8778
253.465
-38.0755
109.615
131.989
189.406
54.8989
-59.3068
-39.8009
-103.624
-242.445
38.9784
4.69484
77.7264
154.677
77.294
-73.244
326.076
79.946
66.3201
159.662
110.017
87.1621
23.1656
79.6722
18.9387
73.3732
135.197
69.1606
261.079
-44.2176
101.421
103.877
-200.759
42.2517
-145.508
10.4223
-94.6662
18.36
-81.1406
-326.007
-76.414
-40.4555
-135.593
97.7247
-42.6465
-57.044
266.548
21.0413
-46.6386
-119.484
-134.332
234.559
68.0268
145.32
136.29
8.45944
36.5789
71.5675
-62.2358
-106.85
51.1678
34.4754
68.1643
132.985
56.8
-142.791
31.5588
-45.6898
56.9408
149.898
92.3102
65.7008
12.4441
131.126
131.31
86.4121
190.046
62.6904
71.3434
255.874
33.9787
2.39791
38.6761
51.8007
-57.254
33.3622
-105.804
-19.9802
18.9576
-43.9606
-16.146
-309.938
193.572
-201.724
167.888
171.998
7.56109
29.8951
244.963
147.434
-69.6941
104.149
-135.594
17.9118
109.435
78.8703
89.4366
79.5663
-43.2392
-13.3647
28.6241
-52.948
94.4534
27.0597
73.9678
45.4615
50.814
46.1962
-230.292
-156.134
34.824
-83.4081
39.8716
28.477
-50.5047
-39.2435
-83.3415
21.0149
-65.5507
297.057
-43.3923
171.113
-52.8478
118.365
151.269
-66.2465
-84.7018
169.59
107.267
-104.743
74.4437
254.732
-88.4643
27.621
-13.8695
91.7672
-208.779
90.7398
126.233
99.7872
30.6071
-24.6866
67.2223
16.2371
-282.327
50.0541
44.9413
-66.9984
243.651
-134.889
66.0165
-46.8101
134.832
20.848
-103.362
71.4565
59.4642
10.7439
-142.99
69.9588
-72.769
66.4184
-62.3998
-65.3975
50.3195
44.1374
41.0067
59.0206
21.8003
23.2068
186.242
-40.4493
162.434
-3.80288
38.5219
126.386
167.179
121.077
-96.6464
-96.9652
-53.5356
13.4856
-279.511
-234.184
-192.64
108.08
37.2456
24.9404
-99.3437
16.246
74.1223
-64.3174
90.3943
54.4713
60.1809
249.595
17.8142
67.1774
-159.416
67.5597
-139.139
52.098
101.551
53.5449
64.3047
44.6722
347.317
20.3179
45.9346
-76.1032
-145.167
-195.163
111.68
-54.3284
41.1456
-121.021
76.6597
-6.14837
59.9136
8.65053
15.2169
79.7354
-52.7433
166.655
-82.7378
-115.378
-29.9963
-65.7919
-13.7489
-57.1687
165.778
146.638
-31.0857
10.5878
41.3709
182.594
-110.256
129.898
108.391
265.459
45.9243
76.2376
26.5987
37.8742
-98.5527
138.486
107.483
76.7832
-50.5067
80.3771
76.9773
185.269
42.3438
149.482
-120.645
72.4483
-46.2711
57.5424
150.589
-40.5226
60.4534
-162.848
-178.606
32.3593
67.1476
-187.241
-39.6367
-14.6366
31.6331
25.2011
-20.6703
79.7971
167.054
-146.179
-85.8619
-135.071
-51.1017
66.617
335.931
37.7269
-213.627
58.7027
111.573
46.7893
52.7725
59.1996
65.9642
36.4124
-235.657
40.1313
55.878
46.4579
167.541
-43.398
48.9355
177.343
166.474
173.625
59.8979
80.5375
73.2257
27.4545
-216.859
-56.8208
85.4622
184.534
72.1688
69.6606
71.1833
318.19
66.7171
0.639915
-34.3641
40.6655
-202.452
36.5143
-82.1069
-14.567
28.9969
-182.286
95.4002
-203.524
-66.7497
-43.1517
76.0047
-131.342
18.296
-13.5755
135.458
62.528
-74.6226
-10.8894
150.961
-66.7741
-33.508
-34.169
-158.12
160.704
-42.8081
-121.423
-82.9351
61.3686
62.7717
-65.5823
33.7685
-53.5653
-193.719
44.5681
36.6952
75.2973
-128.637
35.6768
38.6148
27.5205
-64.2967
30.1858
-19.6419
13.4439
49.6896
55.1073
12.2974
50.6392
169.679
95.4306
196.817
263.888
74.4599
-48.7086
36.5985
-104.143
66.8535
182.16
90.9094
-31.4111
-116.611
85.9085
-37.6884
140.563
-160.358
159.987
42.2089
-72.0585
103.255
40.7458
76.3262
25.8812
119.662
13.9975
105.633
-228.543
40.3036
-80.1259
-24.6897
-149.63
-60.6069
140.442
238.651
-224.752
74.2422
41.3368
-184.764
37.6854
-34.8962
128.121
-58.091
-43.8824
90.2428
26.5647
114.294
-97.1565
92.8355
73.4799
15.1685
30.9532
-65.1514
130.27
150.789
-30.9619
106.334
12.4374
-90.7357
77.9263
73.4957
17.2673
5.80914
-114.993
58.6057
17.5522
-81.793
-49.3384
30.1215
28.3369
48.2991
-117.779
29.5101
11.4645
-104.813
52.3979
124.545
-199.207
141.17
-95.5286
18.1957
-37.9084
124.575
-63.1993
121.771
75.2121
-125.148
176.171
30.4412
53.7365
112.069
60.0964
-293.425
-28.3293
26.2223
-239.445
219.654
126.61
-273.94
45.093
-328.024
121.751
-115.564
88.9258
-310.029
-52.1019
64.7929
84.0192
-21.0492
189.997
23.6452
-61.5633
-52.285
180.627
135.351
63.4087
-191.665
55.32
45.6866
130.102
43.79
39.5676
-26.3286
146.432
207.581
110.72
234.571
-352.078
116.869
224.414
36.1856
-48.2123
-171.243
-242.55
33.0436
146.538
-49.3267
71.9649
105.842
5.64828
65.5901
166.385
48.3262
-35.688
-28.2642
308.788
27.0665
155.128
11.5641
112.812
-75.1349
103.354
-54.7752
97.7539
125.291
-52.6344
39.054
40.5268
182.124
-65.4758
22.3976
306.378
127.833
55.5012
-39.6065
103.867
-69.9537
143.489
169.455
11.8203
184.513
11.5645
42.3562
17.5562
25.6646
9.5034
42.4812
63.9029
-64.6357
-59.5534
80.5485
183.891
217.18
274.065
233.176
-99.3325
110.902
129.147
-110.164
278.66
48.1512
-73.374
-47.8773
79.8603
106.442
-272.267
164.412
67.9281
37.6944
57.5702
105.671
-114.901
-161.448
-127.209
145.38
209.09
-142.688
24.9971
172.233
162.349
253.618
-15.6916
-29.431
72.5657
26.4589
42.4448
99.3412
77.1678
-40.1649
145
60.1059
-8.52807
30.1572
117.385
179.723
-168.672
35.251
327.648
47.8308
109.353
-292.08
-8.6196
-113.543
76.0111
-59.3726
-99.6657
256.912
64.7708
60.8423
65.1432
-139.697
76.6443
150.468
-26.5564
-62.4351
106.155
-44.9124
-19.1002
124.188
103.244
47.0959
46.6776
-20.7987
-51.1459
205.487
-224.531
334.878
164.689
51.4084
-53.2014
29.2851
38.7773
45.3036
109.414
176.532
338.393
163.188
115.446
37.38
210.431
18.9679
213.065
25.61
39.8647
51.294
48.3345
9.38439
6.43376
-67.7882
-22.6418
262.349
79.667
23.2212
13.9988
28.1168
-151.239
-247.064
45.4086
66.9996
59.1203
9.5851
7.90882
-23.9142
-44.2891
-25.6222
58.4842
63.5589
-62.7565
74.0544
-178.017
12.3054
27.3912
41.3894
190.376
136.832
65.8039
286.071
219.803
-38.3475
-66.9272
54.8413
89.0468
-77.6552
71.3279
-104.772
75.6016
-57.9994
70.6756
43.8572
78.2071
-56.608
66.2355
-46.7695
350.706
133.598
54.5609
36.5606
-150.1
69.0695
42.8048
23.9793
61.6219
91.1653
18.4206
55.7128
91.7292
-149.886
-48.6437
16.6397
52.5565
15.9095
-118.308
80.2162
-81.344
91.2297
51.3304
-61.2483
-72.0095
-65.6494
5.10065
-136.349
88.367
20.6701
133.486
33.7264
134.779
95.1986
32.8137
-70.1341
-74.823
-276.991
94.8597
-11.5867
16.8251
31.404
165.112
75.1852
-93.621
-120.196
203.691
22.8804
39.7206
16.6538
-43.6708
68.4385
75.3697
-25.7402
-58.1369
-44.4683
-187.014
-185.77
53.2522
82.9061
34.7445
-25.767
23.8914
-93.3232
99.6182
120.148
85.1117
-23.7395
-109.289
76.4286
-104.492
-27.3993
51.9024
64.3375
51.2794
40.5892
-279.915
126.582
39.5581
-182.186
-28.2321
-44.2358
48.6768
91.7981
-124.168
62.6565
234.761
61.2245
126.686
232.235
32.7037
213.212
134.358
162.127
144.751
-122.745
27.1454
-86.5805
-129.857
148.4
-84.1693
45.5078
26.8929
-140.357
158.435
-118.488
56.9518
132.215
33.6514
-50.989
79.5779
69.1968
-71.1815
13.4736
221.913
-89.5661
-12.8963
-14.0035
249.385
82.8107
49.9148
-90.7332
-97.8437
-80.0936
29.9056
-23.6999
54.9288
-86.4201
-45.7373
113.084
26.133
67.2004
56.9619
129.208
24.5036
-93.7965
127.829
-26.0074
-65.2704
127.278
240.671
134.478
-50.0137
77.3444
-33.5689
22.4162
50.8094
-112.897
181.755
157.316
145.978
-44.2785
-49.5033
-37.9688
-28.7566
-146.586
109.437
-30.8753
-36.5472
-99.2805
35.4894
70.9246
25.1756
213.827
90.1298
58.5658
-33.7147
49.6382
25.7579
-54.468
-50.773
-67.9384
110.634
67.1986
60.1258
-124.261
-193.404
-71.1229
25.7604
-30.387
92.458
97.3017
44.885
277.228
55.2356
66.0944
-50.1257
63.9102
153.698
-38.0976
67.7087
167.643
162.341
-84.788
77.4604
-34.0094
39.5638
38.4518
-137.08
-101.46
178.412
19.9905
-128.318
-56.1087
-37.409
-175.337
76.8262
49.7817
-140.215
52.3172
-57.0865
113.374
154.322
-121.313
20.9351
58.4657
-39.9106
-105.566
43.0177
-90.091
74.1981
32.7324
89.8066
50.2405
127.92
350.899
89.7705
-42.2811
-30.7304
-201.032
-94.0568
23.0699
55.03
-8.55714
-61.3004
65.1511
164.89
246.016
16.3219
-139.593
178.771
-73.832
58.1373
105.549
65.0423
-70.0866
56.2938
-351.722
79.7245
-227.735
17.8061
24.549
-45.695
239.934
102.988
-35.9795
148.005
-90.0979
-116.918
-17.7017
44.305
80.3787
-222.219
48.6951
-38.3215
-182.773
-62.8603
62.5591
139.032
64.1114
126.464
-152.724
37.4264
26.7344
-193.448
331.372
21.9591
-39.5756
-86.2815
-82.0377
50.1816
-69.2937
104.374
-125.655
59.7659
-259.183
35.019
-13.5182
156.423
74.8867
-107.243
69.6118
45.8594
-74.3274
170.737
78.7983
109.924
93.4469
166.877
42.9999
43.8869
-39.1471
-61.0995
89.0194
27.1545
71.3493
-199.66
152.402
-130.197
-93.431
-77.5134
-200.177
106.506
70.6876
350.568
-253.5
-12.0494
181.63
-56.3369
19.6571
-23.8557
-81.6078
-53.8238
190.989
-210.802
160.06
15.6792
-22.7966
-74.5579
-106.788
91.8628
7.17629
-27.986
-213.346
56.6948
89.9409
96.0829
-31.1108
14.6955
-53.9734
41.4718
64.5573
126.593
216.576
55.8933
69.4201
20.0968
59.1224
-16.142
-116.119
149.954
-30.4665
-73.9692
84.8546
111.112
62.4539
27.9087
-78.8278
37.6217
-202.251
30.5537
35.0296
41.2074
52.3973
-112.714
103.493
-136.754
-183.549
40.8678
-60.1844
118.243
18.5403
110.98
164.783
206.162
-59.0999
-52.5632
43.2472
268.867
242.429
119.898
-30.3233
218.223
350.857
-42.9231
67.8886
67.8886
-297.115
108.252
35.5344
-40.819
116.389
83.0414
-33.2888
87.0614
35.6533
-123.641
-48.5179
67.2402
-60.2678
24.6116
181.267
160.636
181.733
101.779
169.352
-91.6998
23.4192
67.9345
45.0507
-56.3971
-124.553
224.672
-183.059
11.6379
144.812
73.8643
219.114
56.1103
-95.5491
-57.4979
77.7085
5.41806
-216.947
100.944
20.8856
134.05
-123.177
175.787
80.916
32.8209
95.3191
102.156
19.8422
-194.969
-63.5483
64.1609
-127.427
80.7949
-101.204
33.8837
-33.1278
55.4246
47.6644
-28.0379
-109.19
149.047
246.943
45.9346
108.176
262.019
29.1191
-113.434
42.8193
77.6318
-30.1506
101.073
98.3902
8.68471
73.7119
167.87
-50.0029
7.05975
44.7798
60.7346
105.476
41.1124
70.9879
-116.905
-63.7955
-122.019
4.75481
32.699
-98.859
-251.143
156.575
-232.36
172.648
175.143
66.068
115.875
-63.6325
25.4292
123.647
-60.6121
61.1025
95.0343
221.237
244.817
-20.3876
46.5005
-38.3531
-195.922
66.0309
43.2019
-215.734
129.825
-157.685
173.568
60.5539
221.115
69.6985
-73.259
255.713
-59.0092
57.0056
-34.624
-47.119
47.2938
38.3844
77.6211
321.246
-16.4151
-148.992
75.499
-96.4166
73.0776
140.289
83.8
-58.4037
159.508
113.976
-72.4836
39.5777
67.2313
72.4082
204.802
111.185
-15.4035
12.2989
166.509
28.8938
31.7334
204.577
18.5374
62.1239
134.675
-44.5274
56.9056
101.905
14.2928
27.4673
110.65
-74.6014
43.2705
164.328
61.3386
-40.6367
83.396
-50.1099
-78.6172
-135.401
32.554
-40.3215
25.7876
-26.1114
53.0517
-1.13944
252.919
48.0798
-32.609
284.671
96.8178
14.1615
252.93
-56.2607
88.6849
178.778
-69.736
-53.0716
-79.465
94.0376
-34.6195
-51.0056
350.181
-180.769
-53.7287
17.5177
19.6964
55.3155
27.3944
37.0218
111.485
242.272
89.0809
95.3598
49.8342
54.7917
49.7818
139.526
122.323
-40.8
-102.826
108.354
20.9432
-93.999
48.1993
109.866
36.276
82.4075
219.518
11.723
44.725
149.66
-92.7122
15.6649
-39.0939
46.3875
14.3742
42.9965
136.387
-46.624
-26.2606
-49.6133
160.375
32.6313
45.8979
59.38
106.478
36.9756
-47.2896
79.162
172.992
-49.769
-135.625
-67.1222
75.3077
56.1097
-80.0267
-75.8603
-36.8235
83.8373
24.4955
-185.728
-78.626
-131.276
-315.646
43.6607
278.118
-45.1822
41.6657
90.8894
-122.173
32.0977
93.8307
74.1975
93.1582
21.949
84.5473
228.295
-81.5117
17.0203
88.6005
52.1534
74.4072
-86.8702
-43.9068
39.8009
112.259
137.321
-55.8959
97.583
-59.8713
-220.266
91.7424
68.9871
-15.349
136.593
-58.3994
-144.766
54.6532
-62.8718
309.662
215.701
220.86
69.0925
106.404
-45.4185
212.567
-108.556
-19.7475
201.42
-17.3161
-118.36
18.5205
-40.2503
350.983
60.2061
-22.1248
-19.1461
69.8451
352.542
33.4567
135.191
111.511
134.17
174.512
36.9688
-53.928
47.2327
-132.637
76.0525
29.8952
307.812
114.322
-63.4488
-112.139
154.736
-31.2148
21.8481
90.2353
-89.8474
-33.6336
68.0538
37.4869
-113.735
197.231
-38.1341
4.4237
220.216
78.2626
-65.1346
91.0747
71.2915
-221.729
53.1563
34.7973
-49.6426
155.084
63.0295
78.0691
-73.6438
22.6286
-71.95
151.741
-9.55713
148.805
84.722
98.8063
-56.3364
204.484
-200.691
5.0302
104.844
230.32
33.5263
85.2792
-19.961
-112.495
67.283
-63.0238
46.5503
118.707
16.696
-121.149
86.9223
-78.3115
-20.4753
141.381
-59.9277
-43.427
-118.816
-60.2839
-99.4218
81.7574
82.159
30.754
-58.8269
-74.2142
25.2733
-149.427
113.539
218.41
171.828
-149.111
108.106
-98.2862
51.6454
239.788
97.4835
-107.154
-229.588
-289.639
-245.674
85.0556
-149.121
83.9314
152.196
199.598
-69.2814
-46.3354
-26.7502
-8.74605
37.6871
105.888
22.3807
195.791
251.997
-123.55
-61.9986
-116.433
66.6729
56.2494
-80.144
-31.3397
-73.6949
88.3913
194.262
90.7105
150.792
31.8077
-32.1067
-145.308
38.4427
-49.2663
37.526
-24.0444
-27.9328
-88.0792
-123.146
148.824
43.6755
48.9978
51.9134
-148.039
79.6628
104.645
22.7199
22.1069
-26.446
-62.5597
51.3786
45.3336
83.0762
149.972
26.9712
-115.104
48.8515
274.103
-54.5763
74.6263
133.949
89.9144
78.9502
65.3998
-153.507
63.5124
78.1928
-42.162
89.965
180.187
41.8662
-133.74
-7.5066
95.3609
101.987
6.99455
-262.014
318.057
47.7957
58.8086
205.089
26.3255
-61.0465
-105.851
-71.6264
89.0679
-289.332
-236.398
64.9493
-173.256
275.613
169.021
193.762
16.2275
89.4026
119.536
-229.319
74.706
53.7667
-98.3288
32.9901
-83.5633
37.2849
-345.098
22.3758
84.7562
-28.9859
46.2985
-127.859
-55.2593
-85.6076
-19.2097
167.518
72.3695
-134.311
-187.302
-39.1761
51.6432
65.8753
-32.4049
74.2654
-100.089
107.916
111.338
69.6024
119.853
-120.116
53.4849
164.943
-64.5384
116.722
139.402
-93.76
-4.85032
-50.8974
110.574
37.9407
270.812
237.421
42.7167
240.886
51.96
-97.3112
147.6
88.2458
-18.75
46.9862
56.3779
20.2159
119.703
25.0078
-39.9296
-87.1688
104.572
60.0437
-152.825
77.9103
232.631
175.23
-112.628
-17.6653
49.7514
-35.3954
-127.765
-135.98
100.089
129.481
-206.859
193.411
60.2039
53.7532
-131.743
69.8357
17.0894
31.4557
32.6271
-68.1337
79.1284
-80.8921
-72.1774
147.74
-69.4475
41.1114
165.918
-139.145
73.5658
-101.886
15.1893
90.5053
107.241
155.095
41.2033
46.2572
351.971
109.112
156.357
214.389
-226.365
69.4624
34.4585
63.0268
97.5259
111.36
109.279
82.8639
171.675
-56.4079
-98.2899
65.5576
307.535
-209.853
158.615
77.6449
25.3626
101.848
-39.2978
-180.959
91.9258
57.2719
-57.8454
92.4771
133.952
119.431
-47.5221
-32.7046
160.272
88.2351
-193.345
85.7664
-150.882
103.475
58.9708
-115.385
44.3524
-125.688
-22.6495
-126.133
100.667
-161.148
-226.673
108.646
49.5572
-47.9546
39.9807
-13.0785
-42.2416
307.317
108.88
351.641
179.954
34.1208
219.302
120.86
-103.593
-52.4179
65.7393
29.6391
-18.0803
-25.8589
35.4419
70.5894
55.8908
-51.8827
-27.2063
67.0223
156.802
-147.609
33.0387
60.0447
34.3591
183.1
-63.8565
-39.0651
37.5373
121.851
150.549
-55.0148
17.4508
58.2905
43.4508
31.4577
-25.9232
84.3014
-62.7593
11.8286
75.5821
-92.4565
-76.7602
-176.215
163.274
64.8879
-324.953
76.7137
126.259
39.3821
191.742
32.6311
43.4944
25.2203
186.025
36.7872
-31.177
102.059
-168.16
7.67753
54.1601
-32.9843
38.6466
38.6642
-20.5068
69.4999
84.4539
-35.1331
47.4948
-63.1959
125.79
110.031
96.128
52.8992
65.0992
28.2347
13.7585
61.002
-305.072
-58.0731
38.4988
99.9043
36.3688
78.3123
48.2045
-51.9659
-90.7913
56.933
114.807
-43.2585
161.159
49.3198
219.698
37.6532
-183.199
153.722
106.587
-9.26686
-141.477
-77.4048
253.223
112.953
40.3547
-49.1186
36.4728
196.507
34.2337
123.185
157.395
-128.536
-12.0103
26.6484
-34.7841
-39.2299
280.754
155.385
137.466
-47.1327
-127.076
146.339
51.767
-13.5412
-52.0216
64.4389
-200.784
-198.405
-114.526
-83.9813
49.4197
83.3529
61.1043
-252.353
-42.29
-29.0566
-184.163
200.29
-124.134
-121.067
38.0168
-88.8591
59.6318
139.949
17.7326
173.928
39.1613
-97.9761
165.696
31.6032
173.565
23.4962
-109.576
-51.9643
-2.82137
106.358
51.114
65.273
26.5967
38.6129
96.7641
87.1475
-135.548
-131.701
55.0898
30.7447
-253.351
24.6487
138.399
-185.757
6.89729
172.082
-44.7337
154.834
-16.6787
23.9029
-59.3657
-34.1181
70.9901
14.7006
-199.699
53.1769
-43.4895
-105.583
351.707
-34.0811
55.5682
-142.936
-111.934
47.5688
-151.946
-131.357
-33.918
223.29
47.4877
-37.8622
82.8839
218.933
-27.4288
29.5984
16.2446
286.449
44.4058
112.14
-105.03
-79.157
58.2013
-176.588
-154.577
-147.316
44.4513
45.9153
-198.469
203.193
41.3186
76.1729
113.234
-39.1994
144.826
36.2274
-167.194
23.4085
122.635
-68.4045
69.3671
168.186
-164.17
41.6987
-24.7984
-29.8442
146.323
30.5286
87.0734
94.0962
30.3841
85.8418
-99.9722
283.493
105.517
90.1885
-73.6611
29.8815
99.5394
236.267
97.4003
-165.704
19.0598
74.2436
50.9584
74.5271
108.232
79.3686
-61.4335
46.3833
-140.001
155.608
45.9029
-88.2603
92.4357
103.257
100.969
-111.387
-14.8802
-22.9135
37.9343
-90.8646
-77.6505
-48.3099
-31.469
-48.2452
46.8128
8.44582
167.218
-71.6179
255.033
82.6462
38.8001
47.4461
-71.9258
25.4592
56.8106
124.682
45.8157
67.7449
-49.6371
-156.647
170.42
6.53249
32.4108
38.8281
36.6304
118.549
-54.0514
155.189
-114.005
78.7587
9.49092
63.0508
24.5907
54.0721
-223.72
36.017
133.081
-28.5061
104.338
-181.123
-61.4528
193.848
69.8293
132.735
-34.1082
75.7672
-58.1116
119.781
35.4843
90.2168
62.3846
23.7695
-17.3895
-24.3037
-89.2942
170.292
234.423
36.5732
79.2239
-41.0651
208.471
106.765
63.8559
36.7116
143.834
9.35994
-79.1007
23.661
223.814
-59.0045
54.1744
-33.6604
52.9986
62.3646
159.648
34.8544
-22.2077
18.0387
-129.297
-62.9186
-111.796
94.7298
-78.9608
42.664
-72.7092
56.1059
153.822
154.861
114.957
-29.1694
-182.187
126.761
152.256
69.731
-115.626
23.2711
-93.26
134.013
-206.383
-56.1313
94.7163
24.587
68.0837
70.6255
52.8797
-31.3224
132.775
-113.399
68.5833
-141.071
-75.0183
34.8028
-87.8174
45.4889
213.652
-15.6737
285.354
263.436
101.412
39.3768
129.456
18.5301
99.0571
108.25
-74.2509
38.1982
-270.985
13.238
35.5467
84.3015
117.159
4.91833
-53.7658
69.3178
118.626
133.796
-172.69
-202.938
17.8679
49.7675
-64.13
-64.5219
-73.1064
6.54657
-302.453
83.4678
201.371
39.6912
77.5294
48.652
27.4836
29.8293
66.5532
159.154
253.83
34.8833
-319.829
-88.891
123.956
158.378
128.173
-13.1442
169.054
15.3018
48.6534
25.2261
84.9543
261.14
-57.5214
24.4914
-30.1005
50.5252
-88.4842
68.5434
138.188
174.035
46.1104
-238.772
-124.489
-30.6479
18.1258
-161.857
-86.4824
76.6053
128.727
117.644
42.8973
134.079
65.626
115.363
-142.893
-71.0344
-67.5311
155.958
83.9693
-110.965
224.032
46.2359
50.076
50.6526
83.3017
-53.5654
-103.749
107.39
178.283
-135.592
-59.1835
-227.05
44.01
-50.8719
90.5778
-149.653
242.334
93.3503
-68.1124
20.8526
76.1864
-124.273
-52.428
5.92146
28.6585
52.2995
352.403
-45.0346
156.169
19.3928
-30.9663
37.6236
-210.867
212.095
236.45
221.55
156.706
-137.003
32.5717
64.1228
78.7997
96.4621
70.692
-12.7337
102.901
128.783
222.448
116.882
245.27
-53.026
51.2584
35.9589
-102.561
-347.094
234.174
16.6143
72.8142
90.1172
164.131
201.842
67.8677
126.176
-53.9089
46.3313
-69.0796
-129.063
26.7231
-39.9752
61.0465
15.4713
-193.673
-67.8356
43.2365
-55.4483
287.797
46.5874
-351.663
62.3716
73.1544
93.9748
39.0557
84.9303
212.769
-195.073
-45.3284
36.0026
-118.73
136.248
117.752
86.5766
53.4711
-103.505
-122.891
-98.4712
26.7844
71.2028
14.8331
144.986
45.0036
-64.6782
-92.5096
156.199
140.099
-92.1407
-51.1891
67.6787
19.5817
-28.928
52.3935
52.2381
-46.7274
97.6808
87.4779
40.3437
-182.429
235.823
16.6459
46.3556
-36.6592
211.498
86.0984
45.8837
28.3944
162.903
26.0785
14.7172
-301.305
54.169
64.0994
75.0299
162.807
-126.993
-49.9144
65.2802
-61.9323
-58.1852
111.221
76.8573
39.9326
19.5687
115.339
-53.4971
-183.644
93.6629
108.657
47.927
22.415
-150.431
106.922
351.961
17.3135
68.6068
17.6406
52.7868
-57.439
-66.1717
59.6197
11.1114
-15.1864
65.5961
-274.433
12.8821
33.8903
69.8661
91.0417
11.1613
-45.1746
92.0277
118.872
-32.074
34.793
15.9386
144.375
147.226
82.7317
136.214
216.401
-15.523
-52.6135
227.006
-219.441
67.9725
-66.4547
-59.2342
66.1311
-300.726
-72.2638
108.595
98.2354
351.905
-45.4743
48.5332
39.9004
-47.411
150.924
-39.1433
112.821
63.3791
32.1782
47.6577
85.4061
38.2329
70.1453
-63.5162
146.839
-35.7197
-206.06
92.2834
160.621
74.805
122.927
-196.852
-59.7046
11.7075
-72.3271
-26.6405
19.7254
283.542
120.095
92.916
-98.9823
-57.4852
-235.455
84.4434
186.386
41.4533
-54.6669
34.1723
-81.3356
60.0733
47.0945
-27.5777
-28.7018
-132.113
40.1842
-260.88
87.2835
86.8395
236.9
-91.4142
102.489
55.95
-39.9929
-65.8554
142.794
-350.543
50.2286
-31.8654
23.6391
41.2452
102.778
69.4
-195.01
113.635
-189.475
277.661
38.9442
23.7173
145.619
122.712
-242.221
54.704
-62.2003
-128.274
-40.1768
251.76
23.6606
-114.024
40.5606
12.6402
-30.4187
-41.9044
36.6359
51.9793
83.4249
52.5239
87.0597
-26.4832
-54.3517
116.591
-121.439
-95.1923
307.287
32.6161
150.065
68.9963
38.6159
-226.148
53.6238
-90.4662
117.542
93.5563
-84.9931
49.7719
-49.1893
42.4447
-20.1691
-90.7549
-39.6686
242.264
68.1709
211.697
100.903
10.5313
-37.4582
-159.032
158.592
53.534
52.8655
-40.4019
-26.3006
167.015
66.8607
-100.855
-25.7148
100.537
-83.4338
131.919
131.188
-97.6854
-109.519
36.9483
-124.359
185.869
-35.2127
-51.2918
-283.101
61.8482
-151.846
54.8652
119.569
171.287
-155.567
44.3129
67.2888
198.114
30.9534
-41.6945
-95.8011
209.656
67.8085
173.552
170.341
-234.797
-63.8523
176.041
122.483
108.222
-60.6473
326.485
110.931
18.3791
-78.0397
-100.972
24.1848
-78.3342
76.9779
45.1544
65.7649
-35.1978
57.7764
111.304
31.8675
-44.2306
16.5775
-127.751
35.9349
131.681
91.2214
-42.1373
72.0693
87.397
-30.3184
57.4378
-195.515
-63.0477
26.7614
6.79114
-206.037
86.5505
128.798
124.277
76.9035
-82.9093
-21.1265
80.3121
41.0787
22.87
27.1433
51.5142
-66.1668
-211.394
-44.0832
-40.9816
46.4012
30.624
151.933
238.204
85.6432
99.7189
-93.5199
-98.265
25.6751
162.491
48.3883
72.1043
351.972
122.405
110.23
263.977
252.748
54.0552
-40.0574
-97.5929
41.3179
-18.0071
60.9208
54.8782
91.7452
-15.5861
34.9397
-44.821
-139.42
-304.164
-40.5956
141.162
17.7722
178.296
168.512
-73.485
156.94
72.8419
18.4408
227.549
141.876
94.3438
152.61
71.7537
111.857
-85.001
-193.72
-56.5612
87.8045
40.4958
51.7257
-81.3912
-33.3353
29.3043
240.459
-154.972
-65.7039
51.0215
133.046
58.6406
132.6
25.616
184.036
49.9483
121.02
149.672
-72.1133
141.247
-102.38
32.6637
27.7674
207.569
81.8775
-60.9472
112.053
155.849
51.3871
169.755
41.6866
-92.0886
209.733
126.927
-59.3418
-134.489
-131.133
-21.4269
109.986
101.041
-60.7828
166.94
-86.432
201.751
24.1722
101.624
92.4061
1.71068
157.698
56.6107
174.212
71.3947
141.65
-114.038
-294.064
279.778
11.0929
135.221
-53.2692
15.8859
-23.9535
81.2513
23.0321
107.227
-90.2053
177.085
62.2282
53.6279
237.017
-172.83
178.474
-50.3544
11.6752
-60.4422
77.1
-117.897
-53.0238
129.216
13.1301
-31.0408
-138.507
12.0333
10.3867
21.8856
-81.1358
-65.0995
-21.2088
81.9261
84.7276
106.131
77.4818
165.75
92.9614
-141.502
-194.79
-103.074
125.635
11.7895
4.97586
-56.9549
124.039
7.47086
-92.0583
20.9324
218.104
335.262
188.544
70.7788
43.4849
79.8171
-41.4046
-194.49
-50.2749
350.885
193.597
63.3661
221.458
231.629
-10.6849
8.44115
19.6678
-245.358
22.0661
-115.558
81.6898
142.434
23.0414
247.278
-15.282
51.3234
241.581
-83.6566
192.732
16.0946
26.6057
-70.4448
63.0712
-46.5466
-26.2255
-230.857
29.5787
-219.723
-41.7905
34.4604
182.88
-197.517
60.2803
109.828
55.1859
126.985
44.5107
66.5181
74.3084
56.6784
-57.8072
-13.8443
58.1509
228.184
120.775
11.4374
113.17
121.181
-159.561
49.5341
-56.7907
-25.6999
71.8963
192.016
318.345
122.8
43.2501
50.9918
-260.744
68.9295
20.8536
99.4734
23.1255
66.8938
90.0469
49.339
-60.7813
-10.1928
10.8318
-45.9608
-63.3738
154.38
-75.3481
281.463
18.0608
40.1447
225.085
-91.1831
47.1883
32.2122
34.7822
106.355
-62.7448
231.49
14.2789
-46.6975
315.505
-21.1549
91.3853
170.979
180.975
-65.2872
99.2775
-61.4427
4.11266
68.7934
165.686
201.286
87.3977
162.652
-40.3284
81.912
60.0398
179.732
48.7482
45.5887
168.764
-109.318
-74.0832
-93.2201
38.5352
26.6437
-11.5265
82.1741
33.1418
-34.2324
100.161
153.456
-99.5911
18.5435
-112.41
349.973
70.0084
34.1799
142.741
24.0446
-63.8136
-243.426
154.009
159.225
-46.2959
36.6161
-51.1767
-15.732
64.7632
-47.5963
-131.471
10.2115
66.5139
29.9431
26.9224
-72.5987
-232.693
46.8731
-47.4342
-39.7496
21.2894
240.737
-131.566
75.5925
36.0443
214.383
-136.531
45.2035
-20.0227
-92.3696
118.921
158.907
68.5011
-37.9368
-8.55499
210.218
145.908
-102.458
91.0732
-59.5683
55.785
37.4154
-324.344
351.755
140.812
-46.4339
57.7009
41.8877
135.883
49.3682
-7.58999
-147.663
-108.222
54.7029
-32.7943
58.674
36.786
-132.655
-44.3861
100.895
271.033
-150.901
10.6284
-80.9044
-41.357
337.697
91.4897
321.544
50.4944
97.2432
99.5731
84.5229
-96.3991
68.9619
115.913
59.0415
-33.3339
109.835
38.9567
84.793
-159.873
-133.459
-53.5181
128.583
-89.6877
-64.4637
-60.4658
121.885
-28.5687
69.5156
59.3223
112.533
61.085
59.9286
61.2034
74.774
166.948
-210.045
75.5732
22.7205
16.3214
45.4292
46.8907
58.2018
-93.968
-188.78
-30.4997
31.9419
14.7712
-300.1
332.702
-89.5617
-169.447
-90.5203
56.748
53.811
-24.5998
66.9761
74.0474
77.3445
169.411
10.6274
-27.3515
50.7072
25.2465
-80.218
-100.29
74.4593
54.2363
-34.4208
-264.486
-40.2074
-35.2917
121.244
-52.3797
82.6259
-47.4125
59.6666
140.217
170.33
78.4936
52.2141
51.4858
131.801
40.0135
85.0086
-80.1245
92.0671
54.0003
-218.834
-68.2476
-140.194
-10.0618
-42.8961
169.449
87.7392
-94.8721
66.6175
188.382
9.71658
122.012
-53.1459
115.376
-237.807
20.4752
134.909
-81.1423
207.483
-89.1957
39.9312
-252.84
113.231
84.6663
153.308
-204.143
-28.5326
-125.94
-31.1558
-89.9588
98.0844
-94.6786
177.551
141.022
108.883
62.091
10.7538
-115.366
63.1575
175.133
40.3246
22.1956
118.6
24.1544
-3.76944
18.0712
128.216
87.0672
47.4918
133.432
10.6521
-43.1072
-132.806
-277.265
-105.285
301.582
-12.199
-289.256
32.357
15.8141
46.9483
-50.0605
-54.4687
81.5391
-45.5515
-26.1586
47.3385
20.7908
-139.912
95.9623
9.11889
-111.528
104.085
-20.1669
45.1103
86.1921
176.231
306.049
87.7132
-47.5316
92.4703
-51.2206
212.888
-76.2541
14.3375
86.3747
236.028
58.5777
-239.588
129.347
48.9184
-179.211
-12.9833
45.8124
104.012
170.92
-117.291
33.7332
-51.3858
69.1011
210.432
87.7211
93.3567
60.2348
-64.5057
26.3297
54.5255
33.6273
173.978
15.3507
-25.7263
210.902
-81.8779
25.6979
-131.732
-47.4003
-42.4796
-51.4322
62.8588
195.971
-76.8917
77.7426
-107.842
-158.531
-75.9873
58.2378
49.7863
57.6338
-138.293
-212.045
53.5235
-54.027
35.2871
65.9989
-52.7079
-98.299
88.8057
-238.902
-28.544
-16.2432
-115.667
72.7635
35.513
200.635
83.4336
47.7468
-68.8644
-52.7868
-122.14
82.1405
144.277
42.0175
-146.937
79.9222
48.1819
-161.581
-83.6669
52.3987
38.5979
-186.834
-77.9503
-28.7149
-155.923
122.651
-107.479
111.86
-261.822
63.7422
6.57747
96.9529
109.382
107.95
-31.4662
120.92
256.473
141.276
190.418
98.354
194.929
58.7151
-140.544
225.006
130.465
11.2935
-41.9861
-21.4481
-43.8028
216.749
190.103
-70.0422
-9.71468
58.9834
-61.2824
-78.6266
45.6189
175.024
28.4
-169.554
77.0784
-85.2873
31.9696
-74.3148
85.3103
-30.378
163.071
97.9035
50.8902
-56.5266
-124.332
17.4854
-10.1271
96.436
189.311
123.317
134.813
106.436
-33.2786
126.702
53.8452
-45.0938
-100.94
-38.731
-63.3907
314.99
28.1913
123.323
154.312
-104.855
53.6689
105.071
93.7682
8.28654
-35.7645
38.3457
64.7301
-230.574
46.3845
15.1986
9.02034
-244.154
106.237
46.3513
318.695
49.5795
135.348
-92.6904
116.417
25.2322
-56.9613
83.566
-68.4969
74.8774
128.957
15.7074
130.545
144.643
-245.016
-302.103
-99.8038
-95.188
94.4294
102.795
185.258
9.90431
29.1788
-99.9475
-170.506
-110.129
-43.1948
40.7555
-145.719
139.824
66.9992
11.9318
28.9356
-79.4322
-56.1125
65.2222
82.4733
101.937
126.638
46.7034
115.953
23.8249
-51.3962
219.872
-177.705
163.956
-20.9047
-259.579
-113.211
-59.173
218.777
-124.778
-61.2371
-98.6807
67.0987
-151.835
-122.908
-154.921
45.7557
151.799
-260.273
-75.1119
17.9596
-104.824
-40.3367
-90.4466
19.9818
62.5931
75.1307
7.43701
62.416
-76.0161
285.79
-48.4615
144.765
66.2656
-42.2685
-89.428
-173.129
31.7377
37.2996
-62.8356
144.801
61.379
86.9404
171.743
-233.476
33.3125
116.788
-91.7705
-237.347
-56.2058
92.8789
132.371
129.946
-36.6452
98.2435
47.7352
-66.1672
-268.15
63.0346
-158.865
73.2143
162.538
-54.9352
210.973
-22.4592
-115.046
76.4467
46.0714
-155.308
126.049
-67.684
32.0621
9.11005
-106.068
-73.5643
115.521
43.0711
24.0731
-119.089
13.7507
18.4828
63.2742
229.285
78.0979
-68.5274
69.9819
11.3455
84.8363
-81.6275
169.291
-236.537
97.665
-36.7881
170.383
77.2641
52.0795
142.956
-26.0629
-224.529
7.86291
-40.2556
159.392
6.54714
58.5616
-20.081
26.299
-66.1959
118.964
49.6434
122.821
31.8659
24.0146
-74.1759
72.9041
116.267
-79.4678
-156.447
-83.6274
61.1321
-111.891
-257.361
-74.9287
-117.421
51.5478
107.737
55.2692
88.1414
128.624
-21.373
-43.5522
351.882
54.3486
73.6942
46.1909
82.1573
-296.151
50.5666
106.474
55.6606
46.5363
25.6834
-228.027
131.565
51.6348
-12.781
-93.5003
-99.3884
2.10881
-163.444
-142.151
98.2243
-129.881
58.9938
20.0193
324.452
34.436
-49.4203
-27.094
-36.0269
40.4234
28.619
54.5661
-69.7467
259.598
98.4359
46.3135
-347.885
-174.808
-176.395
30.45
66.5923
28.8419
65.1089
188.491
-56.6321
77.3096
49.0914
-84.3601
143.39
182.901
-26.593
42.0946
73.4877
-3.33971
122.308
-196.866
167.689
-100.969
82.7933
40.1774
170.496
-200.356
221.686
92.2724
-69.0443
-46.7042
34.2482
10.4685
215.14
-86.0609
15.3824
18.7046
-94.0799
52.3186
-55.3447
94.4691
67.7131
-20.8452
4.52232
9.40053
93.8299
108.656
-164.919
65.0451
244.236
-12.2747
-98.7522
-80.4265
84.2017
222.352
27.7777
89.3499
72.0341
82.4844
-113.299
-40.7528
32.4026
79.4133
28.1062
13.8708
-32.0408
-66.8575
-59.9358
-70.4397
93.514
19.6079
-131.104
141.999
41.756
-144.009
-11.2953
34.9395
-315.063
-42.8272
74.0098
-37.0675
68.3159
291.357
125.202
100.102
-68.1265
-51.8284
127.314
-61.7872
351.535
88.195
21.9695
10.0591
-10.999
-112.935
40.5455
108.377
45.9542
-114.815
27.6029
-26.3434
158.852
-87.3339
14.9915
45.8203
79.9607
32.6135
-106.86
14.129
80.6878
-38.1596
247.147
54.6243
-127.237
-46.8309
79.2876
103.239
49.5886
123.29
-139.393
45.7961
48.8377
-174.188
5.2669
-164.121
99.4402
24.6048
141.308
66.0707
136.396
-41.2564
56.5529
-8.44768
-197.641
217.735
-62.1155
-43.3392
74.5308
-90.356
72.1065
352.01
-52.6033
105.997
95.5987
83.5425
-110.412
7.20034
62.6247
92.8412
328.029
-192.443
11.3848
145.856
100.315
32.7489
-282.382
12.4376
107.605
19.7029
91.5489
178.703
124.115
32.5616
73.6291
255.959
17.6153
-128.677
-90.9199
191.461
-20.5028
-39.8226
-106.123
-27.9452
114.444
-10.4392
82.1064
70.037
73.4567
67.363
19.0968
120.369
88.3079
-32.6904
96.4389
-58.6748
137.148
14.7087
-243.982
35.3047
-121.94
-154.962
-15.7069
-199.519
60.0444
-196.535
63.2553
-308.265
-43.5458
-27.6197
-99.7831
171.442
25.4657
69.6626
-128.435
48.2642
-37.0829
32.2976
135.656
114.244
38.0825
82.4026
40.1224
112.189
39.6348
113.593
-26.3474
-25.0077
64.329
110.366
-274.325
90.2248
336.171
46.0023
-76.8221
176.569
123.184
67.5189
65.6964
-61.8741
161.613
284.397
-105.154
-59.7481
47.8446
-59.7801
95.272
104.693
60.0491
-98.6084
64.3749
-124.105
185.17
112.816
164.816
-22.6115
47.5323
60.3278
21.9047
-93.8093
35.5652
7.31557
32.8642
44.3941
29.7844
-62.0907
89.0776
295.697
244.594
-53.7726
160.148
-149.274
59.929
-303.323
114.487
-122.102
83.8776
-58.0803
95.056
135.772
-84.2175
-150.17
-9.64483
103.995
-102.779
-146.635
26.4923
25.1996
-49.2859
94.3461
141.286
-32.5962
65.1766
97.0546
93.0503
123.014
57.4962
-117.516
139.449
198.888
64.8571
53.3415
3.54026
-128.896
26.0617
189.702
-4.86857
38.2334
87.6497
94.8434
13.9081
61.1081
148.377
137.67
29.9784
118.882
-72.5045
-10.2426
41.7271
-124.998
-36.7977
73.9082
26.1289
-31.0645
194.446
129.375
-157.592
-57.6306
18.675
84.9544
44.6872
39.5573
29.315
119.481
-54.2464
22.5583
45.1137
224.182
48.3215
-26.3463
27.2377
50.6191
56.7156
-35.4187
-70.4537
-62.6142
26.0763
19.4475
5.87512
35.1429
85.4561
58.3067
-43.8165
48.4066
-70.3125
-157.812
44.8312
106.369
156.825
190.066
103.267
43.5725
237.02
135.159
100.472
-43.904
46.4229
18.8963
6.38595
66.2108
50.3462
74.7826
271.69
351.487
45.5265
128.023
69.2477
-174.023
137.199
96.6253
55.056
47.3552
27.6905
39.909
-72.5094
107.945
-104.405
68.6038
51.7198
77.8513
222.336
27.5827
107.335
-10.2031
167.854
7.1418
-58.5028
-69.4091
-109.447
71.7934
47.6308
-247.927
42.6254
351.853
108.1
105.29
-76.6699
58.8195
-90.0891
44.0831
-12.6004
133.276
-28.0816
54.0797
-38.9372
64.1876
-126.592
1.80914
34.822
25.5307
50.1335
101.367
139.558
178.727
22.4052
67.4096
53.1573
-110.443
181.188
73.975
116.579
151.458
30.2845
34.3708
45.9539
-192.894
312.484
18.3813
89.9137
-149.701
-112.989
-124.415
-1.1982
64.5783
43.688
37.1979
61.9813
137.642
62.6384
105.662
-50.1762
309.44
-284.034
205.976
39.9911
-55.358
-41.7204
129.693
97.5142
40.2873
-28.0463
53.1466
-104.672
-195.49
41.0429
-55.6048
212.231
52.6574
75.9667
-51.6971
6.21569
48.958
-54.6329
124.813
111.871
-59.4168
24.5215
-64.3391
-95.409
70.9831
29.4584
-245.04
-77.1856
-144.54
-78.0552
62.7872
-68.1757
145.689
18.0631
203.494
-31.7135
-52.4435
-123.377
184.943
76.0039
195.861
143.874
-72.13
164.347
-23.2492
-103.603
83.6252
-56.5294
349.857
101.779
37.5589
76.6259
42.8903
-103.134
-59.238
19.4585
-84.3535
106.631
100.916
76.8966
63.549
40.166
47.7348
117.115
-60.7094
-15.5615
74.5631
-29.9768
-55.6667
-11.7358
-50.4141
66.4071
-341.342
65.6183
124.876
37.161
140.254
-219.24
35.5876
-44.2782
-121.985
-177.981
38.5797
-55.8203
-127.776
-120.153
-40.9344
53.242
39.1866
-98.7302
168.196
174.766
68.8619
27.4827
-89.3402
30.3796
138.709
87.0853
27.4067
-58.3645
36.5896
182.311
112.968
-105.519
120.431
114.191
54.9673
36.1467
40.5057
62.4682
41.0372
53.0496
64.0595
187.132
60.7319
155.102
132.992
53.6341
-150.188
13.0605
-196.342
81.8386
27.569
38.486
160.14
7.87754
255.197
173.946
68.2236
39.1908
-59.7004
-101.435
253.126
-192.552
-93.1801
92.9453
21.5351
-15.6535
77.4577
51.1845
204.65
45.8545
-114.545
57.0352
54.9137
-56.2903
-22.7236
152.649
89.354
57.3533
143.116
99.2453
58.6282
-155.704
52.5292
37.8389
352.151
93.2636
-23.4619
178.545
173.053
-35.3099
106.425
62.2178
8.35821
110.921
-50.6048
-63.8956
39.1379
74.8381
-283.124
-115.82
19.3961
76.4534
48.5079
-113.148
43.8185
26.367
173.103
93.5371
-242.788
40.2009
89.668
-202.93
119.244
84.5156
78.8328
181.605
-28.2874
-64.1742
27.3545
19.6312
-111.109
39.9545
38.9107
24.2177
65.6783
75.438
18.434
14.6118
162.078
20.7842
38.9993
85.896
-64.2372
24.7007
109.99
-245.586
21.6545
318.316
-56.0536
63.2973
113.015
-31.3575
42.3459
-47.3195
78.3738
282.019
276.162
146.205
165.894
137.535
124.659
-94.9245
46.9506
39.3636
41.0296
34.0847
31.7308
180.9
98.3071
81.3692
-57.7426
-73.3751
-56.5394
70.9251
137.971
47.7115
125.198
61.4942
-61.4438
-36.9929
-54.9598
34.0821
218.777
8.81068
46.1095
135.031
34.0556
-32.7632
-69.4416
78.2236
24.9737
33.306
19.7721
103.275
-25.8253
31.6799
-186.083
-173.678
130.544
222.918
68.3839
113.665
-44.521
-34.4711
77.7486
50.5184
-30.5852
-55.0778
60.6601
29.9932
205.264
152.682
63.0856
20.5145
-232.195
-121.489
166.775
255.871
104.605
51.9953
48.1561
-262.34
-75.96
-159.909
111.194
58.9817
119.596
94.5458
58.8201
114.755
-256.927
-69.1841
351.409
111.317
17.0914
-23.1984
129.136
-55.4324
-59.6735
61.7484
133.915
65.0035
165.72
112.187
123.454
-71.1162
64.2112
200.848
-100.69
242.198
87.8615
91.5048
125.245
305.69
-55.6498
36.2286
-67.5777
-50.018
-49.9353
-60.6209
246.864
133.27
39.8505
45.4074
126.013
279.961
133.694
149.897
-57.2313
74.3084
46.6295
45.5028
43.9837
-78.0108
42.9393
64.8823
-19.5493
-15.5856
139.9
77.2091
-48.4559
-90.1586
23.5981
63.7882
152.79
-92.1775
77.693
268.046
-119.623
28.2561
-101.749
-185.509
59.2592
-60.03
202.029
63.3524
14.7362
328.254
-118.951
92.6752
55.8908
-47.371
33.0161
-49.3577
32.9777
101.259
-158.379
36.0246
69.4811
88.891
-93.1664
144.697
26.6036
-21.9628
-165.311
51.484
107.503
11.7268
-96.8235
187.78
178.376
-89.6882
32.1236
41.322
53.6869
93.3578
-76.3855
-14.9832
10.4125
50.7775
-147.283
-18.0178
125.222
175.845
-30.4006
-64.9644
39.6552
-68.6797
85.9089
-157.452
95.6663
-98.1164
95.1161
-32.4575
148.857
-49.5677
152.799
202.186
-38.9978
13.87
137.489
13.021
208.339
58.0046
-258.3
-31.8816
-35.3494
30.1244
-109.519
73.0235
42.1467
322.428
78.9007
75.6711
-6.34903
140.432
-88.7765
-22.6706
105.698
123.603
-33.3424
15.1301
-40.8157
83.5298
-79.3044
50.8607
110.654
120.228
21.5691
38.7085
96.5474
-48.259
68.9764
46.7803
-40.7714
-70.7297
164.722
51.0606
90.2361
88.9212
-37.5476
39.6075
69.383
22.8795
-120.868
-115.859
-70.9106
66.7415
-132.293
309.114
-47.6556
3.43722
-103.402
64.6001
152.354
-28.2387
92.3462
-60.1982
-91.2786
22.0281
83.7994
-52.8066
82.6355
21.7417
-78.4325
-49.1146
-43.1203
-119.353
-82.8291
-72.7199
99.7593
23.411
-197.318
-108.522
67.6957
124.328
20.3692
20.5378
-41.7611
85.8121
11.7087
259.529
-31.4652
-88.5454
-19.5931
17.8524
66.2441
44.1904
106.818
62.6045
144.674
83.587
74.2366
39.6055
-88.7579
139.969
44.7423
69.2388
-109.465
-68.4966
42.0558
41.0754
198.403
28.7939
-171.1
-50.2381
19.6067
-187.231
37.0466
163.291
-237.343
23.8106
-198.041
39.4792
54.9313
154.664
112.159
-274.279
72.6789
44.6805
160.443
77.8854
121.201
45.2746
-37.822
151.991
-96.5491
-23.8089
152.797
-23.3549
150.703
-67.427
113.178
60.1843
24.8042
1.4061
-109.645
102.133
352.443
71.8349
-36.5039
-126.606
68.8458
83.7905
88.2146
68.7736
131.665
238.45
89.6721
13.3969
37.739
33.0251
70.2992
12.8213
186.327
35.7446
-183.61
-140.507
-98.2718
-64.7104
46.0443
-54.3516
-9.67233
93.6044
95.407
59.3516
-81.2494
-147.225
32.761
-51.1137
-59.8283
56.9898
-10.6988
86.3422
94.0344
69.2096
14.2155
104.422
115.471
224.025
9.91552
30.3517
9.05976
113.98
-122.15
18.3764
-114.97
-26.3392
95.1616
-132.945
-36.9377
60.5621
60.7852
231.414
45.2735
-163.862
39.5129
130.544
105.249
-50.2267
-110.657
26.5024
51.1711
201.693
-55.0264
-53.5932
98.2837
60.5394
118.776
11.9221
142.897
90.5322
83.6089
226.125
18.4992
39.3526
158.661
30.4089
9.97955
-37.4036
55.7015
-26.2897
-76.2791
-45.1072
-69.0408
-87.2447
-78.3009
291.778
-109.739
25.5964
-55.6511
37.0114
26.5054
39.5554
55.5627
23.5717
174.211
-42.9272
111.255
112.799
39.6635
-39.1692
58.7467
-68.9808
-34.7413
126.4
295.648
-109.641
-44.8491
106.836
-51.5825
-147.252
-31.6411
-30.4282
-52.1085
79.7479
69.8587
-30.4415
-162.771
-46.9818
61.9192
-81.3196
200.983
187.137
16.6453
-106.143
128.393
-38.7226
90.3812
119.757
13.31
122.386
14.6922
-36.0204
49.8398
-232.404
-51.4785
72.0362
171.053
-5.02304
111.408
-285.659
57.082
-70.9846
39.7971
-38.3194
168.875
44.0415
102.034
-75.073
12.985
79.1608
222.538
9.02547
19.3727
100.756
11.2316
-247.507
190.585
50.0137
21.462
190.983
177.978
27.7147
167.944
-25.1984
27.7584
-198.584
93.5183
45.2349
-115.955
-68.6318
170.249
-89.7335
-174.581
-119.505
231.21
39.2773
54.0901
200.762
150.088
-114.905
39.5033
168.989
122.779
137.635
-57.1283
-88.8898
-139.021
221.275
-77.2617
39.6655
58.5186
-272.456
60.382
111.771
231.633
-58.2791
61.2328
44.5503
46.6852
86.7201
119.743
178.662
-19.8694
48.8201
48.731
-176.216
90.2866
51.9476
137.636
20.6493
14.0365
10.402
-87.6482
-50.8908
12.247
34.3124
121.11
-36.0227
37.8508
28.9641
85.423
30.3259
12.5305
-198.605
31.8174
46.7205
87.6471
-72.9135
-50.5104
-84.5065
17.4306
83.2268
84.5256
187.524
-93.4478
88.8553
156.176
-125.288
-51.1378
249.483
43.1764
120.232
95.0259
-7.44634
78.423
151.25
-27.1956
-44.2416
90.4931
65.8822
71.6409
-19.2794
16.2723
-33.8039
49.4448
55.9157
112.041
-85.6636
126.846
12.5837
101.021
-81.6828
50.3746
139.881
-38.4913
273.858
-73.6797
-41.459
-59.1054
-106.388
-38.1425
-27.3401
34.4086
-104.398
77.0732
36.1818
-124.413
-5.95206
167.559
34.8856
-115.596
-53.9217
-105.326
244.265
222.939
-125.921
22.7253
62.0632
60.0541
131.165
221.037
-190.239
112.831
-279.846
44.8402
112.924
-94.2662
16.5744
-46.4298
71.0002
19.5271
119.96
297.903
-97.3358
-266.348
-109.1
286.523
127.819
-74.8239
-147.525
-37.4992
50.3393
53.3985
-60.7573
-44.0738
85.169
146.639
-51.1952
46.4562
134.981
40.877
153.591
25.2469
113.795
44.2552
-28.3096
67.6354
-33.5047
-10.2609
-60.8669
226.534
65.879
96.6462
26.5687
147.165
-158.859
19.756
-45.8429
15.7556
82.8068
45.4904
214.931
-114.329
47.1215
-46.1154
-80.3522
21.6475
-133.758
-53.3416
153.765
60.673
209.103
181.725
-11.8664
-131.108
64.8001
44.8441
93.3723
89.5576
32.0134
-43.7098
27.4982
105.622
73.6483
145.148
98.3161
255.514
227.577
-74.6663
105.942
183.777
48.8959
-65.4463
188.468
122.897
19.2831
-115.611
99.9462
45.1541
-35.3455
222.369
121.208
-312.245
98.7036
47.9031
82.5322
96.0231
136.613
-79.9954
-89.2313
-91.1631
10.743
-74.592
97.0168
-39.6661
-19.9971
89.9058
87.6887
172.567
123.013
-64.4648
32.7494
11.7536
62.9939
79.2354
155.715
-40.9257
243.697
-167.117
67.8769
119.553
116.129
134.182
23.5604
-312.719
-90.3894
122.929
-230.394
221.818
-22.6498
270.579
39.1655
100.526
-13.5961
52.907
91.2711
61.5124
62.4794
163.697
58.7458
35.52
206.517
37.715
57.0241
-60.0913
35.7867
-342.451
49.4524
123.756
-211.384
-11.727
342.357
-184.709
-228.771
-24.453
-37.6066
105.194
145.163
176.227
270.355
-39.085
-181.857
33.2463
171.537
124.872
53.5598
113.207
58.6078
50.1149
-21.8743
20.1836
129.558
-52.986
228.165
54.7749
-31.5027
27.9545
95.9765
-277.051
-133.905
-122.296
24.4984
76.8931
14.1356
-233.395
-69.3456
36.8774
-102.574
-135.751
63.0038
32.0249
-21.7674
63.6912
74.6012
-33.8842
95.9745
202.292
75.4661
17.825
190.584
38.5032
35.8218
-73.3108
282.303
9.57253
73.984
58.6061
33.5777
15.4737
-64.7155
-157.967
-37.7845
273.23
59.2848
87.4836
34.0825
83.0379
-170.087
189.534
-116.808
-26.0527
6.28777
275.566
243.081
-274.501
-179.467
146.726
40.6232
104.475
47.2292
100.526
19.4929
130.796
33.0146
-68.0842
37.1164
-52.1655
134.038
50.8736
120.515
167.831
29.439
29.0979
316.525
-139.073
-78.0964
-82.9991
13.3156
64.4166
44.0917
-180.592
19.5477
176.659
-41.6042
74.3238
212.357
91.738
-128.93
-52.2219
204.726
-70.8334
-92.6442
32.7262
85.2127
62.2874
169.971
81.0527
164.799
-45.5364
-82.2435
40.2381
-63.6069
102.123
33.5671
48.3371
120.339
95.5083
236.105
121.019
-3.14638
85.2496
192.939
9.65659
184.436
-45.1073
-18.0444
26.4599
32.0915
8.91038
136.972
22.3237
-12.7836
-34.5597
-142.828
283.166
79.8761
22.1309
-16.0537
98.5118
-40.6451
49.3509
53.8205
-61.9678
203.059
243.845
14.2924
188.503
62.7395
56.7428
225.17
112.815
-128.731
-65.5506
-113.967
-44.2524
-21.7066
-12.1779
93.2602
112.189
-25.1131
15.4191
73.8138
71.924
-49.8863
194.166
33.4747
70.0438
132.011
110.596
193.102
48.6627
-108.641
99.2107
167.298
-94.7201
-30.2219
17.542
203.387
172.965
75.646
57.2002
123.164
104.42
-50.7705
66.9871
142.201
36.7947
120.715
-25.0382
51.6615
129.421
110.326
-211.989
58.8023
81.3855
-69.6687
63.6045
-15.6926
34.5738
67.4522
-42.2457
-94.6264
-99.7852
-32.2555
240.528
121.402
141.356
204.473
158.65
56.1923
98.9102
-85.4646
64.4765
124.234
-68.5562
-170.601
-78.9587
-75.7967
62.3743
7.57676
15.8132
15.6525
-56.3513
80.0525
75.6193
100.903
-32.171
-12.5191
11.6567
54.283
45.9204
-50.4136
-88.4495
224.455
147.876
-80.2541
351.926
-216.05
-224.425
-53.3689
39.3059
38.6162
76.0474
-221.64
-24.092
-118.793
-78.2453
-84.7104
108.761
-46.2766
70.957
155.57
53.5676
64.94
126.775
-78.3796
56.5736
-156.375
77.7172
-42.488
-59.8744
214.707
-137.14
58.9739
-46.9002
-59.3367
235.35
-82.5897
-75.4746
57.5224
-215.158
150.831
228.406
152.379
145.244
83.0077
-112.066
-93.4954
-65.3873
16.2209
-169.192
99.7227
-97.6622
-70.3289
64.1253
49.9067
23.7546
-17.7892
10.4827
315.883
59.4796
40.2764
108.218
-49.1512
-62.8004
-104.75
36.6936
-181.6
28.2424
-69.8868
124.469
-37.7109
183.36
165.928
140.96
113.248
61.0613
-43.3007
-44.5227
227.072
-16.8128
21.2411
62.4714
-185.083
165.961
37.9215
-76.9678
96.3402
-77.608
100.258
138.42
256.981
142.335
-73.0764
52.3354
118.053
-61.05
-10.3779
65.0464
-95.0134
-128.658
-135.215
31.2523
31.4893
52.3078
-79.0646
274.85
194.492
53.5347
23.5444
-113.132
-119.767
-110.248
-42.8659
40.1353
-52.7597
-123.294
267.265
211.029
-31.8255
-269.973
73.1411
55.7737
57.7237
-351.726
-49.2186
226.459
-12.3944
121.095
13.841
-94.0872
13.1272
-67.213
-40.0537
36.7844
-26.4722
51.1255
-37.1762
-8.12984
86.4673
-97.754
63.9234
-26.6462
-61.6555
232.707
20.6461
16.1467
-57.0949
-107.029
23.5844
-38.9369
58.2315
-116.292
-7.28678
-39.5077
-105.561
-76.8714
141.992
145.891
143.273
-55.8055
75.9664
46.7823
216.154
-271.796
11.6084
-90.2037
58.0429
-71.7803
30.1077
-99.2674
-94.3385
123.636
82.5058
61.9326
-55.4355
142.247
-208.96
101.716
92.7495
148.828
18.9554
-276.387
55.7535
162.836
-62.1697
25.2093
-78.1581
-196.605
149.797
-85.5395
-83.447
23.9245
-90.9731
-49.2016
66.8317
194.445
-74.0107
207.691
-66.2183
-52.597
114.486
56.0536
70.9135
83.4914
-125.299
51.7722
-47.292
39.4883
-85.0769
-133.87
-179.656
-127.468
50.362
82.5215
155.253
138.588
-37.6364
-196.005
-78.7189
55.9348
-29.725
-88.893
130.071
120.579
174.602
268.483
-77.601
-135.6
40.4804
-193.04
54.9287
-43.2998
141.473
-115.534
-100.068
-94.1174
179.105
64.8663
-126.251
-11.2035
71.8916
14.305
159.474
34.3599
48.6442
110.127
109.417
-65.4288
35.9237
121.499
97.8258
177.321
180.713
32.2745
-61.0343
224.688
47.4393
9.40068
232.852
218.396
53.0813
28.6976
-59.0408
158.854
-236.839
-40.579
-45.8952
97.2348
-76.1464
-161.57
249.844
51.7246
7.93412
-280.954
-49.4007
139.755
-58.6914
-152.002
114.286
265.299
22.1763
47.2198
-74.1933
-50.1119
87.4029
43.6019
45.4947
157.004
-20.7662
-7.46851
177.746
-155.692
-94.2402
8.65605
-57.5335
-102.286
-49.8032
-101.838
109.88
40.831
-46.9964
-109.412
43.8093
-115.926
41.4369
-74.3347
-185.738
40.1126
-47.0166
55.212
-54.1196
-99.207
-85.9048
118.433
-130.066
60.1134
53.3767
-165.554
77.2601
232.596
-50.234
44.5343
-252.549
28.613
176.146
230.109
72.2622
149.286
100.059
19.3723
-351.402
-203.85
-113.711
-198.352
86.3014
8.36854
-114.823
75.8665
-46.1941
36.0385
-169.297
119.961
63.9138
24.5306
280.507
89.0127
-128.263
50.8462
-75.1051
220.824
-64.584
55.8987
67.1853
-88.4009
17.5617
-17.6801
86.423
-106.393
-92.004
-21.0515
-63.0225
28.5559
-65.0166
146.174
119.419
30.8922
156.695
-57.4557
-185.358
67.4162
138.701
254.643
121.436
141.434
-138.1
61.8292
55.0726
-90.2235
27.9141
-202.859
-127.52
23.6356
-65.9217
38.7593
119.173
116.372
26.1152
72.4963
188.427
30.6368
123.916
-115.497
27.9239
-259.657
180.18
182.976
-35.3615
152.98
34.4258
-45.4997
0.538181
66.6753
-61.0358
-159.327
12.3762
72.7131
-90.7555
69.2242
163.768
-200.41
32.6655
-93.2631
-135.06
58.2826
128.141
235.125
-158.958
22.4533
-57.5491
350.287
-139.693
13.9058
156.781
-141.831
88.391
-48.0361
113.947
-123.339
-288.182
6.37037
-107.245
0.199993
64.6058
136.331
224.992
42.2192
29.3006
31.3882
143.061
-97.9284
33.2953
134.446
36.8953
7.59216
36.1836
269.354
146.632
90.5731
-82.1857
-58.3541
-153.654
63.4498
-33.5251
87.6038
40.4487
86.5194
15.7043
-95.3323
-53.5729
114.087
-83.5476
-199.17
-19.7461
30.6463
46.4988
-147.2
-49.5419
-52.7495
-219.494
65.2252
-58.882
-40.0862
-151.27
106.567
22.5811
-49.1721
126.102
139.341
-111.496
7.73078
18.7328
-88.3875
-28.8869
-64.2995
69.1412
-69.5842
85.0731
-144.391
94.6381
60.0914
10.841
-93.6056
107.017
-39.4731
304.454
63.7507
122.57
131.416
-102.236
-13.561
287.419
79.521
-92.7129
-65.2467
70.9311
68.1966
-181.869
74.5527
-95.7368
188.886
89.9637
-336.405
59.1614
-41.1061
10.9132
157.278
-9.83727
118.296
45.1841
-91.2867
-81.789
-349.363
21.1296
49.2809
-30.9188
39.7366
222.343
35.6452
195.263
24.1279
10.2585
89.0564
-77.5932
142.61
-42.6
-121.656
198.275
57.8997
30.9581
23.1642
74.4095
45.5135
141.191
191.315
38.752
84.6992
72.3323
88.0006
-176.696
60.2604
76.5315
47.2175
41.476
-142.47
203.178
32.8415
-182.238
16.3172
-256.32
-65.2001
81.9705
-20.8195
-115.887
78.2541
82.2523
234.972
-86.6496
80.0118
-27.4179
-39.9802
-59.4599
76.9565
185.805
-113.486
51.6242
59.324
-162.697
76.6848
-17.7065
36.3891
156.824
110.931
147.645
-94.2594
165.826
54.2554
101.439
68.8579
-44.741
-0.213721
156.159
-172.349
52.5553
-209.08
62.595
27.1069
-69.7607
-58.6078
69.2404
40.8919
44.9231
-12.3054
-187.439
-232.595
80.522
28.2109
-217.58
219.47
116.441
50.1685
-261.279
4.12397
175.604
-12.7018
-23.5854
79.3153
86.6537
117.286
49.5823
141.41
20.1395
57.5472
270.027
13.5994
-225.434
87.2461
-268.18
43.287
-158.616
44.2936
11.2199
46.5547
-214.153
-118.399
-220.898
-117.007
68.7555
-100.707
-81.0918
137.874
49.2366
42.2973
7.93294
118.722
87.0329
-172.824
96.0368
28.4502
-40.7716
-62.2957
-62.5325
40.4859
-94.6878
-68.4013
-30.8458
21.3878
75.5223
5.58165
26.3327
46.1859
-50.6458
44.6953
121.307
199.571
-58.9296
35.3516
-55.0484
35.9481
156.859
-17.8665
-16.0491
105.126
-124.471
-65.9415
-45.1197
66.7133
244.243
34.7955
51.3368
-101.586
-64.9048
19.0999
-159.517
-127.047
-94.0775
8.51902
89.5201
217.436
119.77
-100.692
16.9869
151.825
64.3859
-157.344
23.3328
109.638
-25.7636
63.2374
106.218
-112.106
-262.664
-94.1485
155.912
-72.4651
-137.151
-28.6367
93.9725
11.7922
-40.7252
-92.7794
64.743
261.44
-52.8252
134.813
-51.8881
74.3475
49.3004
73.8664
-81.4255
77.0682
108.552
22.7179
351.481
170.118
-279.922
115.133
-20.7384
-60.1986
104.043
-328.134
51.4338
132.791
33.0619
126.207
19.1997
42.4268
74.5433
87.2019
34.9201
75.9594
31.1333
139.44
189.821
-86.7436
-110.795
29.5739
22.8738
73.6468
54.5578
-78.4033
-25.3843
-53.3797
21.629
-204.593
31.8551
51.185
106.36
-89.4276
66.0024
-82.1785
-21.482
38.2607
70.7845
84.5151
56.6797
19.5612
31.946
107.974
54.401
111.32
63.1548
-55.0411
54.8837
-120.655
116.709
93.2108
-27.0095
-55.8664
-15.9472
154.129
-267.781
28.4825
62.552
232.75
-84.7502
-74.108
148.209
27.9132
-250.47
65.59
44.3053
58.9205
-116.145
45.3018
188.507
12.6601
-127.605
-71.1153
-81.8673
71.557
-49.8592
126.921
-92.9925
-29.8878
-93.3898
49.8255
11.2825
66.9297
27.8553
83.6691
30.4812
74.762
51.7886
9.63899
-244.467
19.1263
28.9211
34.3767
-180.8
127.088
-126.175
146.083
-161.321
-40.3975
-44.8878
23.4231
-53.6952
69.7502
96.4889
196.22
-13.2209
14.5928
-299.775
43.1914
-107.942
14.1782
56.8324
75.8319
-227.727
-36.7253
82.9201
72.2132
25.032
32.2874
-126.043
18.9751
-100.226
65.9395
19.6666
-52.8909
38.1449
195.3
-133.742
137.093
-142.382
22.315
-127.43
254.643
-60.2068
254.355
23.2185
-49.5579
15.1536
105.526
-124.131
-140.767
-55.0853
-95.9434
59.8465
-79.5395
82.6222
122.941
54.9132
42.1157
37.8023
13.7962
74.7863
170.241
-14.6608
-262.95
-70.6926
59.8979
93.1474
82.8971
-39.7787
61.3402
60.7488
-174.208
36.8758
243.724
79.4202
-101.205
-48.2028
66.1814
-171.185
173.844
43.632
24.7782
-35.1038
-63.6195
19.4418
-143.583
214.97
90.9385
-94.7036
131.839
10.9283
-62.3745
-92.7706
99.1274
45.3684
-6.36658
-71.6319
-24.954
14.1358
165.195
-2.56914
66.1488
-167.619
121.018
70.2313
204.366
237.234
39.6001
40.4918
-34.7832
14.8649
-119.484
-35.5708
-135.07
153.598
172.329
53.1971
-27.9273
-107.679
119.85
-64.8286
-24.7486
74.96
120.081
118.971
-122.864
-28.833
0.592196
83.6375
34.2813
67.4576
17.1621
-94.6697
266.136
-243.714
85.9401
-61.2581
26.4284
-170.958
140.491
-71.7994
-38.2223
101.354
-88.1784
-84.7946
70.8862
-65.4097
151.951
258.425
-79.7318
-47.4658
87.5331
-139.673
253.873
44.9031
11.7382
56.3535
167.44
258.824
-132.119
160.769
-26.766
61.7138
37.0036
-67.8039
18.1604
138.682
37.7405
-15.2066
127.645
202.884
-257.336
-81.0872
38.2249
61.1463
23.6351
56.7927
45.438
-32.7797
115.413
120.669
129.093
-19.1165
21.9695
-20.1021
17.7239
-69.6627
89.2553
58.1245
50.1033
70.9293
206.599
87.2317
-48.4562
-109.434
-76.6474
-16.2376
106.802
38.8424
26.6012
117.421
-211.405
-123.617
-29.6919
-53.4417
341.693
92.9783
28.5979
223.843
140.066
207.924
140.445
-43.9937
11.2479
197.728
62.015
-34.1269
20.7883
15.2812
-24.0127
276.236
97.3504
50.4568
59.6863
-67.5254
16.9667
213.564
-160.659
49.0144
84.467
32.3156
-20.7881
130.471
302.817
-186.551
93.3665
188.481
107.825
88.8205
33.48
39.6258
-150.147
59.7042
23.5739
69.411
87.4829
-159.325
-67.9419
110.159
19.8505
-202.43
-35.9626
268.464
275.317
-115.027
69.2786
-171.718
74.1611
55.8038
20.1706
-173.67
-91.1391
-52.1502
110.947
284.962
-36.7256
76.8181
175.718
-31.0274
131.453
46.5854
-117.944
70.6665
77.4646
-85.3015
24.7796
56.3781
281.203
-92.6002
-96.0021
-128.833
-96.491
201.926
53.4519
-13.7419
-76.9561
54.9852
-26.3193
38.0239
94.5643
72.962
83.5649
87.0797
-137.754
84.3647
70.1334
8.43923
-87.8844
21.496
57.2512
224.462
-40.3365
95.9413
-59.0219
6.82404
116.097
44.2383
52.9963
110.697
-343.12
105.029
-78.5112
308.338
87.0585
70.3525
-32.09
40.6169
-83.0155
109.142
71.5151
-87.1591
31.3703
15.0109
72.147
56.507
22.6903
-32.4402
84.9551
95.41
49.6521
155.891
-53.1003
-64.9016
-103.217
35.0667
-141.573
88.7347
21.975
-99.6491
64.9492
-65.6976
-65.384
37.5833
13.1975
42.0822
-49.876
-13.9289
121.054
26.8103
5.10919
22.4265
-160.922
-25.3317
70.9431
92.6223
99.0423
-118.634
17.5901
98.0181
-24.4835
9.30229
183.338
-139.175
-93.173
215.461
-32.7678
-38.8815
140.343
59.7429
14.0232
30.5404
-191.115
-310.849
-31.6633
-143.829
10.4028
17.496
183.624
33.0554
28.6421
76.5231
-55.9052
-103.277
-46.1426
53.9713
164.027
61.2636
-24.9911
93.0679
87.7473
128.24
-36.4845
197.975
-119.482
-89.1794
63.8043
173.838
31.3076
-112.148
-6.11992
-32.4635
67.6831
-63.499
14.5701
-125.39
245.46
133.679
15.0814
50.6333
149.364
141.469
79.9466
-130.169
255.277
240.056
18.5227
-94.0848
130.035
-203.42
-39.7933
27.5857
116.578
13.2715
-238.833
66.5936
32.9221
-119.902
24.5589
87.7878
-162.77
13.8659
63.1556
134.559
70.635
67.584
-69.3295
-40.0084
144.309
-163.988
-167.983
-25.2438
105.878
-27.9754
51.3486
144.081
-20.264
17.7013
123.074
82.7092
164.425
57.6603
79.8654
57.2174
145.22
-51.6065
-134.852
-105.104
-23.9596
32.3828
-71.061
-40.609
72.841
68.5817
-57.3326
41.6233
37.1826
-50.3045
115.888
71.2333
43.9274
132.158
76.6435
160.593
-254.285
-174.926
-65.2235
-245.605
-36.7252
-100.502
132.155
307.403
52.5115
-62.9696
10.5777
154.341
46.4695
77.4364
75.3462
51.4358
60.7977
44.7442
-62.4492
52.8368
23.8067
142.029
64.9982
81.0333
-130.929
7.42141
63.191
-101.058
-104.277
-45.8003
51.6683
44.02
138.87
37.8761
199.392
49.3387
135.992
-44.5944
-151.711
-78.242
-177.847
57.3131
80.1092
-30.9677
84.2914
30.6421
114.662
-95.5809
34.5154
-70.5668
141.924
-26.2908
-42.6798
-231.944
-247.172
24.4414
-100.448
-21.459
41.259
96.7717
41.8926
113.538
72.8268
51.2092
-163.229
-13.3995
-143.352
-40.6172
-254.968
-91.1494
146.164
-36.1683
120.37
124.701
68.4989
-119.271
-80.4126
115.796
-306.941
154.508
51.39
88.2831
-80.1537
-61.0652
-20.0552
191.623
60.057
-53.1748
-30.9194
-26.4824
60.4678
48.9704
25.2856
141.37
-137.355
125.224
134.668
96.4539
170.557
-47.1553
41.1885
188.348
-49.1584
-145.079
-38.8329
54.8705
37.4526
169.949
49.9569
-64.9269
-32.6355
217.848
-136.764
59.1243
105.934
221.6
53.5193
144.02
-65.8831
67.3323
45.6424
94.8739
-27.7541
197.498
203.696
125.008
89.4015
120.041
115.833
-64.5554
75.842
9.08551
125.269
20.9244
121.229
86.141
203.835
60.3426
54.0523
43.9836
143.497
228.598
-198.175
22.5089
-47.1929
145.515
-38.416
17.6337
-184.179
160.852
351.845
-135.132
-15.3177
-109.251
-111.814
24.603
-166.442
60.5587
212.331
-53.8974
-39.1105
-53.0246
16.9953
202.796
84.2273
-60.0919
-108.289
-291.356
-200.725
248.72
24.705
62.6721
13.0084
137.291
-49.0303
-28.8127
13.6955
-180.093
-85.828
26.4368
-87.9618
43.3509
-81.7442
175.112
-91.4637
173.797
116.251
53.9463
22.2831
-197.214
75.1098
147.019
72.6793
-147.527
132.904
98.3703
-105.496
178.745
-132.19
63.2265
41.4064
82.7863
342.506
-13.7333
39.9216
31.0798
58.5525
-30.7899
-49.7353
86.292
-42.6082
33.7252
99.8745
308.642
141.522
57.795
-126.33
-70.8325
-13.81
-80.123
74.7226
33.0837
58.6526
31.3849
-65.1412
-69.1039
107.351
60.1722
-196.17
64.281
-37.4478
-27.0301
-40.8286
-38.3466
-14.8995
-91.9916
-71.9428
-67.0022
40.4113
45.4201
-125.617
89.6176
67.128
-112.505
-235.374
63.5348
-258.991
48.0143
-62.5038
97.6444
38.1548
-228.742
55.2127
135.243
66.6431
-89.9586
-65.7361
-25.2413
-39.0674
-44.6895
127.701
32.6718
65.5321
86.0561
-25.2705
92.0599
91.9714
239.781
-35.9203
15.6749
140.957
-210.183
51.3243
97.3917
135.772
7.83981
54.1115
75.5082
-56.9082
-67.3204
176.631
-28.6392
77.2107
-170.36
103.321
184.446
37.0403
34.5035
176.071
-93.5345
-60.008
84.4722
92.6692
-148.537
38.7402
-51.0016
-74.7426
22.4439
122.112
43.5584
141.2
-39.9927
107.069
139.968
65.3444
100.754
14.4327
66.3516
40.4575
43.9631
58.8661
74.0133
132.694
278.221
-72.8214
-56.9196
191.825
58.5647
-37.6756
205.276
-141.393
178.14
31.6233
-31.4283
53.6927
54.2711
29.922
53.7668
-23.7175
-43.3362
9.24207
-44.8201
92.9563
-126.907
-35.497
-41.5264
-20.0327
49.7821
28.2081
-85.4473
47.2339
114.59
164.648
-78.5087
112.41
135.388
58.8941
107.579
-47.6884
65.1518
50.4345
107.278
-67.0712
-55.095
-174.763
141.397
-25.2817
190.481
49.0162
65.1902
71.0864
203.62
12.9373
202.686
15.8887
33.7873
-41.6817
73.7622
36.9165
215.313
32.7362
51.4542
17.1354
-22.7771
105.658
41.4195
58.2933
-52.6801
-79.2106
42.194
43.5675
-111.543
185.411
-48.4476
50.5997
-117.2
78.0599
-37.9192
-135.175
44.9789
193.267
48.291
213.346
143.921
70.2392
-44.3788
30.3277
173.296
93.6842
-143.136
-37.1101
48.3862
-28.5185
271.554
27.9254
-139.246
135.263
-25.7346
32.917
-45.3371
114.407
165.035
3.23927
-21.2491
70.919
-98.8241
61.9674
-127.99
96.3334
-71.1753
-9.57279
108.463
-224.361
51.7875
-84.46
-35.9945
-72.3612
-26.487
159.005
-79.0293
46.1195
36.8755
95.345
-216.251
46.0762
-62.5582
118.7
61.7306
111.112
10.3828
245.326
-132.699
-69.5524
266.735
74.6334
186.995
-115.456
-84.8684
119.359
-85.2595
-152.015
15.5828
308.8
-78.5387
-80.5443
88.3922
-51.1635
-168.125
162.932
-135.631
-20.1387
17.6214
-20.0724
25.791
31.0496
-107.026
-270.028
-50.7726
228.889
53.2998
-202.513
132.315
33.187
-12.453
245.357
33.2815
10.0803
-156.559
17.5467
-221.504
-22.163
-125.492
-56.2931
123.121
65.4886
99.214
-308.25
-197.397
149.906
33.9093
91.0657
-87.9261
53.1447
-39.4096
93.2372
121.236
-109
154.041
-41.082
51.3559
-28.1051
-69.3499
-34.2166
-66.4759
-108.74
186.085
147.95
-90.2818
47.6611
351.839
42.7572
-32.92
-46.806
-319.021
-55.8904
-174.82
20.4715
10.4499
114.412
-101.667
-39.6713
-193.453
75.689
-105.673
351.489
305.056
-11.9812
-46.0132
36.6341
35.8527
93.8973
40.8562
132.357
56.8561
29.1237
179.176
105.052
-208.396
170.621
79.0283
89.1673
-122.51
-54.4244
44.8344
40.7355
68.6185
192.92
108.244
18.2205
121.381
165.035
55.5367
41.293
-84.2631
124.716
-100.039
-107.849
164.982
164.535
82.4559
-243.242
-86.7883
51.5574
-81.1025
30.4582
13.9022
-315.19
59.4405
-91.8777
-173.447
-91.413
132.107
95.6707
-111.563
149.768
-38.996
54.6265
249.716
-27.4294
130.181
280.711
-88.0693
34.4353
-153.76
-75.6467
-73.5897
39.5103
52.9689
-60.1985
72.8484
25.9282
126.097
-38.9429
99.0259
40.7992
102.211
62.2948
82.7858
-43.0598
-91.9082
175.989
129.506
76.1311
-40.6059
-277.389
33.8032
-34.2484
32.9585
-65.4529
146.386
19.2436
-41.1641
72.9705
75.7643
-11.6034
-149.246
-113.968
246.024
11.3377
-47.0441
183.481
-58.9876
-48.3
-93.2955
-62.6326
107.354
22.7115
-85.8545
101.864
50.7165
-24.2043
-29.4634
-243.145
-78.9567
-77.1593
114.213
43.6583
129.777
52.338
19.8051
126.149
51.7064
-85.0762
93.7439
86.8253
49.7547
9.79167
-126.077
-47.2041
-71.6583
-69.8572
29.0869
46.1134
141.111
226.781
-69.9168
60.8061
-56.7
127.553
-115.066
-16.7302
-34.7589
71.9324
-88.422
352.194
48.9611
19.3193
24.6294
-81.8473
101.164
-41.2098
-107.056
198.271
55.9578
54.5028
101.378
188.757
66.2967
71.646
-52.6872
68.6508
137.27
44.5651
62.7781
331.524
45.7481
116.48
39.8265
-50.303
13.672
3.09848
59.1583
-64.0946
35.5029
17.3945
-42.9155
40.7068
171.127
122.207
27.3593
33.6928
-7.94753
55.8325
124.71
40.2199
57.3273
-232.667
181.015
-69.5898
-45.1532
91.233
35.7027
-20.902
43.9077
22.7433
-151.661
177.71
-97.1724
55.456
84.881
-195.77
267.501
94.4923
-136.71
-122.848
-138.454
-66.9953
-140.792
-31.5068
84.1931
92.8874
-116.174
-126.025
117.061
19.8735
112.606
-15.2257
-75.2169
24.6101
-44.4254
53.1276
72.1124
93.876
-90.8966
-112.807
44.7662
-4.75098
91.7732
239.197
87.2533
63.7874
28.5217
173.169
55.485
54.9647
-51.8606
-44.9834
54.58
-46.6346
51.059
125.783
107.458
42.1336
57.4417
79.6074
46.7311
125.16
-64.1702
92.4231
21.3474
32.6438
-246.007
-11.1542
91.2696
116.725
37.8535
5.42323
75.9454
-39.8968
29.0809
224.509
88.7318
42.0232
-7.88348
-57.1983
22.3093
20.6292
-102.277
-107.33
16.828
-120.187
60.4594
122.221
52.674
-119.644
-28.6421
-73.5349
43.7401
174.518
-62.1304
197.289
46.2341
45.4076
213.954
194.509
170.042
-85.3189
26.2165
-47.8759
71.2553
85.5918
-97.0304
-47.0486
69.2601
-147.069
129.78
43.8273
-261.894
56.6989
21.8835
68.5793
352.099
116.675
74.1539
-47.7761
-64.369
-175.806
-135.29
69.8448
-163.195
-110.795
4.59374
-167.961
13.0964
178.996
113.284
65.6578
10.1186
-312.407
-100.727
118.622
-66.7314
50.8913
-58.9308
27.832
-52.1512
30.9666
-26.9863
247.645
41.5737
175.205
40.2885
-81.7202
51.7737
144.619
-261.648
13.3595
-45.8299
30.9986
50.3371
88.6232
50.3895
159
-15.3149
-251.034
218.607
23.983
42.3081
73.7377
96.2919
141.12
16.5495
34.1007
4.82698
-150.21
152.542
-134.315
-69.0638
51.475
127.465
102.776
74.1599
46.3404
142.45
16.6231
-125.414
304.568
-174.167
-351.923
-96.752
97.9726
59.7641
129.596
-44.5322
251.105
129.991
30.6976
151.991
-22.1286
38.2115
23.9094
-90.6589
-193.677
-11.503
-98.742
61.3946
-91.0711
62.023
4.11215
183.414
128.718
104.942
100.204
-74.281
180.868
34.9711
-33.5976
155.203
-32.3136
13.8494
76.1352
319.228
-109.45
110.808
124.014
46.4261
46.9212
-23.6607
34.7556
29.7129
-36.4125
57.8791
82.9185
142.471
79.786
71.2136
-52.2745
35.0132
7.77928
-121.37
-55.031
129.392
138.549
70.9529
20.9429
38.7223
-40.1752
140.233
-88.0734
-49.9608
49.0044
111.799
-191.923
273.038
243.631
29.9063
48.3141
89.8066
38.9695
-66.038
71.9086
-245.883
121.354
141.639
172.318
86.7614
127.282
167.844
-31.2979
-153.87
-171.227
63.4411
-102.161
59.5298
-63.6154
21.7981
166.944
51.7027
187.922
263.684
107.194
56.6642
96.2698
91.0705
49.8381
33.9945
15.833
252.924
60.4692
-143.85
97.8756
98.3975
46.711
76.0325
-6.31768
80.3768
-95.2052
73.8172
36.2693
127.491
181.512
-143.016
25.6472
33.161
53.6981
108.82
47.3576
-119.663
-175.222
40.5899
192.219
15.0034
90.4688
90.4838
104.13
38.7107
-130.116
-80.0067
-76.7262
-54.8768
28.3715
9.11354
226.117
38.752
226.713
-74.2343
-198.883
95.38
-152.839
27.3758
111.718
96.9905
137.579
116.179
-105.725
236.408
79.7003
104.202
107.812
38.5442
34.7639
44.4816
83.6155
-141.684
-95.7513
-64.4632
-80.195
71.4705
185.882
-52.1891
216.951
-49.3159
42.3174
311.807
-216.525
-51.0137
-48.6634
48.9157
232.564
78.8352
67.7518
77.1269
139.714
33.913
116.545
-84.612
-38.4453
87.9246
133.449
-48.3944
78.9009
-140.057
287.436
-99.5901
-88.3442
-144.426
61.4025
32.822
54.1156
-86.71
-54.3981
-67.2751
82.8287
96.7643
18.6703
-86.3151
69.4517
-24.089
-26.5197
194.996
16.7982
64.1295
85.3504
14.753
55.0077
74.5828
176.995
77.3865
77.4706
-19.2993
-68.8178
-212.347
268.998
19.7386
115.479
39.0938
-81.8871
85.8307
148.988
-128.104
79.2394
-45.8014
48.0098
38.6268
25.8568
157.482
-196.075
-166.473
24.4909
102.287
350.041
-170.393
33.3752
30.1055
-22.1847
-101.661
38.0358
-60.4108
-92.2987
-180.606
160.291
174.809
-108.976
175.818
175.818
-59.9253
-73.7405
-134.342
-176.157
-43.6438
80.2043
27.644
83.5619
10.7039
-22.3619
257.898
198.089
-142.318
-134.187
2.18545
30.4597
-53.641
-41.5523
244.546
61.159
-91.6947
-47.7734
38.9516
43.9842
226.507
19.7416
-20.1898
-51.8813
37.7043
112.831
-76.6372
95.815
-322.063
-200.498
-127.109
-161.686
182.364
-278.192
60.6522
-60.3931
181.201
-57.3277
-105.044
-199.129
36.0035
-55.8933
15.6126
10.1224
53.9247
-86.0433
31.082
-74.8971
61.3345
-28.9782
98.4952
35.0112
351.169
-68.9125
-26.9544
27.751
-76.0936
-135.141
58.239
98.3784
34.2055
-352.866
24.8784
291.771
-32.2319
263.619
-52.5109
-112.764
44.8892
58.7651
76.2579
42.7984
18.4117
70.9942
93.5345
-105.997
-292.232
-114.777
99.3642
-201.786
-51.6081
134.19
-83.8188
-147.794
-93.7225
-153.519
149.352
137.544
31.3086
55.4656
50.9832
186.223
-16.4343
87.1232
-73.6688
236.155
-140.931
281.275
109.802
49.3407
-73.8357
39.4745
21.1521
-9.79903
62.1076
-216.202
-245.56
27.7519
116.573
-27.7019
-32.7058
-66.6506
25.2697
117.263
88.3704
295.096
218.79
-28.1025
-79.0699
117.858
92.9414
163.745
-89.9878
69.8728
191.729
-57.5147
69.5891
-77.0398
-108.118
-86.6089
124.997
-35.9839
297.172
81.0909
153.932
236.079
-17.5788
-238.945
69.6673
150.763
-37.4888
91.003
-107.117
-68.1233
10.6713
-262.846
-71.7635
8.66656
-30.2994
-121.776
18.7927
41.3162
207.678
68.129
123.256
-51.8954
-108.331
61.6594
96.8108
9.08776
-87.7784
-142.049
116.072
11.5981
72.3185
-77.9164
68.7528
-132.992
-83.1401
23.5832
251.523
22.9616
193.578
45.5728
-13.406
-165.121
-188.001
85.5786
57.06
-80.2881
-126.844
161.477
-38.2498
-93.2565
21.3757
174.134
-29.8785
-11.5837
-40.9477
-169.953
76.8583
-98.8413
-184.375
-30.1027
7.35871
50.6565
10.3913
-53.3839
85.3042
-74.848
265.902
-44.88
7.68825
-3.56438
-60.968
6.20672
73.4594
-77.6775
-48.8244
-47.9684
117.898
96.8417
14.5959
-142.749
84.1789
133.718
71.3736
-32.3783
-132.836
34.6834
219.012
-56.9517
-67.9833
-33.5598
65.5353
171.17
57.3195
144.347
-142.958
94.0174
-73.4769
48.5098
-246.153
1.23685
118.751
-15.1543
117.688
-55.0106
10.9592
119.31
94.1202
-239.612
-26.1697
81.9923
-279.925
55.0168
-76.0151
-19.9556
-193.867
11.2707
105.237
93.9409
-74.1187
185.641
-181.675
118.094
-104.254
137.704
129.74
83.1497
67.5294
-33.8549
-119.733
92.226
108.717
-118.764
57.7152
-53.0717
32.1412
10.718
176.954
-8.43454
193.13
249.779
-68.545
-17.821
-231.639
-131.66
176.473
51.8546
132.036
151.861
54.1036
-2.7887
32.9698
-34.985
90.1088
-62.1285
-25.9258
52.7894
131.208
255.272
-75.4203
89.3179
63.8183
8.88642
-136.32
-11.9717
-71.7357
-13.8507
-54.4887
-18.0862
-239.468
-40.6849
77.736
-33.2976
120.123
-101.368
13.5463
46.3046
51.0262
32.2059
286.015
-24.5164
287.129
61.6459
-112.297
122.849
-123.556
-118.604
335.967
181.549
21.1659
77.1976
135.649
-159.095
-43.8228
-10.8054
79.1642
23.6287
-48.9429
108.892
75.89
113.152
-76.2113
183.997
-55.6626
92.7574
95.6517
-67.8671
-38.1223
56.2426
167.773
53.7143
23.4015
48.8417
136.338
93.7965
156.87
-191.965
76.1219
79.3683
35.7595
161.473
72.8426
85.506
-37.7769
122.349
69.8955
-182
68.024
-73.7483
14.9676
-111.88
80.9813
86.6363
188.323
-97.3374
67.8411
92.8962
27.1496
8.31596
273.289
-26.586
20.2394
31.4902
-17.9655
38.1905
-151.466
178.651
149.2
-33.7209
-80.5257
123.688
-160.41
177.268
-134.406
100.636
-38.547
-68.0836
-11.0464
91.2042
-51.6613
72.7561
-45.3349
66.2661
-233.454
-41.9197
26.3055
184.004
65.7809
105.304
-41.4857
-99.9061
10.6867
26.7376
10.2554
90.0702
-54.1479
204.203
26.0234
316.743
-175.691
140.032
-47.3656
79.5247
95.5294
-142.245
-30.836
52.6616
-95.1401
137.341
188.296
134.373
-76.3421
-125.313
113.94
-109.264
51.6116
-187.469
24.3169
54.7996
42.0233
28.7559
-49.9699
51.2462
351.493
114.548
47.0649
-73.3183
223.837
231.237
168.78
39.9879
22.1584
39.1221
3.33622
-29.2094
135.393
-106.267
81.1372
159.475
-29.9575
43.6486
69.0586
95.6332
57.628
51.0729
-41.4622
-24.5538
-308.836
-119.695
138.624
116.924
98.3837
83.1625
-69.3734
-57.9482
101.619
-131.352
-38.5802
111.133
120.532
212.808
210.289
43.3842
27.8515
-68.8248
-106.782
125.124
160.909
79.8078
71.1928
-28.8609
178.916
-196.029
55.4748
134.781
72.8283
54.6626
21.4132
-110.661
28.6854
-43.7589
-218.873
60.7298
61.6951
68.5715
67.1246
-233.12
92.2132
19.1207
-30.7549
140.009
164.096
9.10722
-30.1084
-31.3086
56.5891
87.9169
50.2409
190.7
101.416
-187.862
179.158
-40.8709
72.205
259.398
-73.271
-22.9746
102.349
-38.9408
70.0991
-68.1069
-83.8626
149.405
-87.3377
-24.9576
-75.4437
148.644
45.9219
-39.7825
-42.3109
119.28
-26.9364
138.438
-211.333
56.8042
-336.555
329.389
-100.209
-152.451
16.5185
53.7966
-160.328
-157.363
50.4751
-139.237
65.6699
17.5591
351.902
-32.3911
155.005
106.353
-33.6168
294.869
54.1816
72.2714
139.984
-81.213
-87.8309
-43.3821
-51.345
55.6991
50.9194
-40.8915
122.928
141.995
248.844
22.8594
-214.717
8.68104
18.2754
105.804
-12.6525
48.3951
-81.2436
32.0056
42.1276
-219.445
-87.5849
178.175
135.032
40.9165
13.1539
-131.21
18.4034
15.5053
-40.5918
-84.4688
-351.678
82.875
4.66757
225.797
148.703
50.0204
55.4273
-97.6103
-87.6215
177.077
-46.4814
157.229
-238.334
11.4069
95.2711
69.7343
-34.4316
-60.075
-65.1353
7.41369
80.6566
-77.8569
-63.7695
-31.9222
171.985
32.9577
97.5
60.5669
140.454
25.0563
37.007
95.4346
-0.662493
-201.141
-123.14
11.7261
-124.675
-61.8097
129.028
37.0764
58.8993
159.299
-95.297
51.0735
61.8192
-38.7363
70.8246
60.4914
25.3313
57.7879
16.2618
86.6988
78.4672
11.0756
18.8357
184.411
-52.013
-83.2325
51.7056
-92.558
68.3152
168.779
-82.2798
29.9843
-47.3209
-39.6207
58.3197
96.6905
-23.8102
66.9477
28.2882
-108.791
95.0071
-51.0667
20.4692
6.34625
76.0168
237.008
52.738
-44.5751
23.736
-63.8914
-149.356
224.735
140.483
2.47034
144.302
188.874
27.8961
164.366
136.162
223.469
-5.47682
-90.7009
-105.528
34.7827
175.688
-64.0283
-51.517
-34.6362
44.962
-296.984
128.303
67.1285
46.8061
6.71367
4.23443
-190.55
-57.433
53.7248
43.9249
-54.8691
144.656
-173.098
138.144
-145.415
-51.6917
48.0332
-65.5233
-28.8664
-233.317
-181.942
29.8785
110.428
-11.9977
50.2734
131.666
32.75
237.993
-149.852
104.098
73.057
-40.9967
-15.7324
130.368
138.761
-18.6933
20.2001
184.944
158.033
-30.1126
-23.9916
47.0177
187.114
100.132
-45.2894
40.7955
263.804
88.8945
24.8827
47.1751
61.9461
-309.994
164.261
68.8224
93.74
22.5504
154.155
63.4527
19.5598
44.4292
-124.479
67.0259
88.9424
-30.6161
207.84
72.9115
63.8809
-22.3696
105.539
135.176
184.445
27.4791
179.63
79.2854
-122.463
70.6832
58.7745
-61.1419
71.2483
-21.4842
10.6311
24.368
41.4902
27.0362
77.7907
-163.142
135.689
48.6911
111.552
-241.79
46.2621
67.3275
-80.8193
70.837
83.1609
-4.04243
13.0108
-16.3194
351.568
-17.0477
26.4132
-69.6824
61.0335
-132.671
-119.377
25.974
36.0446
103.736
74.6654
120.451
-183.773
115.002
-352.035
69.6891
-272.185
33.5982
100.019
115.333
98.9293
-182.833
76.3241
-9.14956
264.85
64.7241
110.901
-163.441
-26.2613
-16.8569
23.2091
24.4446
54.1776
-35.264
78.2783
352.786
41.6096
-58.1563
25.5071
-114.905
91.9754
229.38
111.292
-13.04
-201.578
28.8798
259.006
121.528
72.4982
321.044
28.2592
-112.626
-36.8327
-221.343
4.28541
103.733
-30.5866
-54.2585
33.1626
-56.1279
-222.343
39.9122
-86.0564
76.4841
74.1423
54.4945
122.151
128.013
43.5985
89.7013
47.6187
54.0934
38.1488
86.1565
-66.097
-41.6834
-102.427
12.3003
56.5082
12.1263
5.04473
138.92
-14.4586
97.4925
250.472
229.844
79.6981
-63.9487
242.068
16.8285
26.4411
118.29
34.3833
167.488
-213.295
-122.668
-33.6884
254.678
101.742
53.3859
-109.688
29.4174
55.1064
-5.46365
349.387
133.173
-52.763
-57.7996
159.485
43.7401
38.0836
-9.12208
176.968
-51.1476
-32.3531
49.2085
68.6709
16.5023
-94.5054
-42.3613
13.8063
-125.205
-56.5044
152.356
203.111
-198.368
40.4914
-77.5553
131.592
-67.4046
106.275
-146.405
123.209
208.469
118.38
-50.2861
109.509
-26.3599
109.265
-32.4529
76.4443
-105.996
89.9874
19.5603
295.256
-38.9443
28.1867
127.544
-31.4947
45.7676
116.082
49.9191
237.331
269.432
85.5316
81.6129
129.969
157.265
163.94
54.4995
84.5473
-92.2793
91.1174
12.7428
30.7908
-114.202
-92.9897
-186.198
-46.919
77.4763
-40.53
56.9292
65.7058
28.1813
208.9
31.1935
88.5268
148.835
135.259
-79.412
-80.3058
174.298
123.202
-299.494
-65.3133
351.795
98.061
18.8845
286.399
118.624
75.3946
6.86291
-134.078
-52.8315
-47.0289
64.6052
329.768
-83.1233
-21.1226
111.881
220.76
54.9144
49.0598
-33.9814
-32.4444
90.3872
18.8444
25.0996
72.5271
270.604
91.8483
90.3189
92.1419
168.399
58.1886
124.959
29.3863
184.898
20.6758
-36.0283
129.962
2.69842
17.7681
41.3313
-47.4803
17.8306
-142.185
41.6343
-41.1999
115.276
86.0692
-146.43
-65.3987
-39.1396
142.09
43.0257
51.0855
127.102
57.5148
-95.4627
21.5707
-101.754
-29.0755
-57.9917
-221.786
131.779
-92.3489
-86.5814
30.4622
-6.17898
23.3367
182.527
-247.176
-79.2004
251.077
92.221
20.9411
92.9088
66.7867
137.933
40.5595
-100.506
151.901
85.4585
56.8424
101.628
-135.949
-21.0498
127.269
-106.839
84.505
70.2873
-106.623
-161.295
39.7911
60.0621
29.5786
77.1859
-68.857
104.183
187
-106.725
128.052
100.503
-48.3452
-56.3711
255.036
-45.4786
273.503
251.736
-75.1429
26.0005
-73.9343
265.09
-78.6675
-45.5252
-148.977
-58.0562
-83.4566
143.364
34.304
17.3435
154.385
31.8087
-174.127
226.447
-77.9999
41.3541
52.7099
-38.2979
38.1943
-69.2978
59.1537
70.1278
248.28
-31.3134
64.3602
-43.9157
54.8004
27.4618
51.9839
92.1186
85.1418
205.246
118.705
-108.317
323.727
-112.05
64.333
-10.9875
121.209
22.9442
90.9041
186.635
24.9784
263.377
-45.7548
-146.495
308.814
78.7205
-56.3042
29.9834
136.234
42.0214
188.72
129.455
30.4692
107.154
61.4003
-105.338
61.1667
229.871
72.1002
100.263
-178.221
54.9619
73.7328
346.677
-67.2244
65.0596
78.2957
102.728
165.862
106.429
34.5473
-25.1325
-66.2928
-42.3316
22.6825
16.2451
221.689
-107.945
0.328164
107.554
78.0868
20.5359
-39.0413
-39.8845
20.2408
48.6349
273.036
65.3506
189.798
41.3783
46.7094
-15.4299
42.3275
49.2137
-35.5413
-206.476
-81.4507
-62.3111
106.007
104.274
128.609
29.9184
-348.064
5.85966
134.19
56.5876
32.4644
-139.57
95.8998
130.539
64.4357
169.073
-160.709
-255.882
43.9486
-29.8868
-180.54
34.7693
27.7749
-231.413
272.818
215.131
63.6756
52.9
-25.1332
62.3111
50.4185
-280.783
-26.8177
-69.9629
-50.3816
-97.5455
176.265
27.7055
50.3126
50.421
6.94572
-39.109
-65.4469
22.728
65.8648
85.4947
71.4352
23.7306
132.239
351.344
-245.967
31.4691
26.0933
-224.859
98.8334
62.3213
-83.6412
1.99429
-102.855
51.5374
174.898
77.7961
224.441
57.7826
37.3294
46.1103
-11.2319
-57.5873
84.6438
-65.034
147.661
-102.655
48.5814
-92.5782
236.704
67.5676
31.3618
100.518
-112.33
-52.527
30.4963
32.9424
-57.9414
-215.85
29.9853
53.993
55.5164
134.963
-11.2949
105.404
14.9104
181.395
78.692
27.7566
47.5034
193.528
-102.72
75.5592
114.709
104.539
196.192
45.0095
95.3735
78.3963
60.6423
20.8152
73.609
29.4024
87.4925
108.826
117.992
40.8157
32.9394
12.8473
-113.078
-18.4394
195.518
-20.7527
-131.394
86.8633
83.6436
47.4389
85.8644
55.552
30.8157
57.3716
51.9982
-72.6341
47.5698
-34.7702
52.0741
82.6391
88.4809
39.7097
14.9508
183.651
36.2653
161.661
10.9438
-63.2549
27.4412
138.748
5.23281
97.0333
-173.56
-18.2591
55.6218
47.0139
-120.305
-86.7345
-77.7182
117.749
165.064
-84.2645
-105.393
102.832
351.594
51.4069
21.8617
9.52418
-165.614
24.8904
222.715
-103.244
-56.7147
-80.8303
55.7126
-215.089
-85.5231
-167.925
-117.938
26.197
-27.2582
134.194
64.7003
47.4676
68.6186
43.9329
20.394
121.042
119.647
96.2644
117.332
78.2123
53.4037
30.7175
36.0307
38.8588
-63.823
-35.6012
24.656
-12.6782
-114.449
-27.3059
75.384
349.723
-260.853
351.181
-160.078
-187.114
65.9437
-152.392
41.2178
-74.3534
14.4515
10.9533
34.3766
-223.963
49.631
-31.0466
185.213
-18.6852
93.2142
61.7051
28.3039
163.566
28.8919
-67.5497
231.157
-201.28
206.348
204.058
4.81449
97.1052
-259.48
91.1926
-146.555
157.545
-112.233
244.261
127.669
-39.3355
-46.5014
-106.144
17.3034
71.5466
-302.819
-120.995
99.395
203.257
-154.974
-86.4064
-102.311
165.041
-152.764
-50.4921
102.986
94.4779
-161.318
-56.6073
12.7391
61.144
67.8009
108.896
48.0245
-62.7724
30.639
70.2615
-81.3734
73.925
75.3462
-89.765
-234.011
-64.0664
-327.581
60.408
53.5381
46.7425
54.7993
-76.2514
-120.422
-23.3402
95.3915
-180.012
168.737
-21.9191
217.889
64.555
-344.539
109.413
67.0101
89.8117
131.22
36.383
-74.8951
-59.8268
18.7841
-148.99
77.1845
141.869
-30.347
-83.8786
73.5862
331.697
53.8347
28.9374
-87.8464
-48.3687
50.7076
180.31
138.899
-116.896
-88.4317
-92.0385
83.2422
-71.1042
-213.313
70.4781
22.5988
-126.348
-64.8275
67.9791
-138.064
30.1809
-105.699
-205.857
180.316
-279.384
-247.402
175.623
48.5886
12.4087
-13.9114
-351.981
15.5967
-55.2894
137.665
72.8559
-16.0892
37.2577
-40.6173
173.992
-45.4186
10.4402
82.5488
29.9104
63.9043
-105.32
-75.0719
40.9646
15.6601
40.1344
30.1804
-187.556
47.7406
181.742
-97.0225
-27.0207
-53.7421
-129.936
-107.049
66.0561
65.6374
71.8596
101.928
-57.4061
23.9409
111.462
31.7912
159.027
32.1859
-191.1
-44.3691
114.667
256.953
20.8265
53.8507
-132.457
-297.515
204.7
68.18
-41.4505
133.234
98.774
-234.474
-0.233932
9.8962
-108.805
34.6384
-8.44089
164.262
80.2072
-74.437
-102.634
-28.6316
87.0654
71.5904
39.2125
95.8727
-37.3752
79.5945
-60.0522
-116.587
46.5835
138.661
146.116
126.136
48.1404
71.1508
-230.101
149.265
176.541
47.25
-142.364
-155.656
120.323
-40.1702
-152.025
41.8706
55.2611
-88.9301
-182.688
70.6104
22.8738
95.2904
-87.8563
215.68
-39.7751
136.852
129.079
200.461
47.1083
-12.691
-247.787
100.359
-61.1572
-251.804
152.701
32.4665
70.6288
46.9389
-93.9442
187.044
89.893
-54.8949
-36.6597
19.1216
165.825
266.646
-79.2389
127.379
-16.3512
-51.6284
65.949
78.9739
238.167
-108.497
-89.9203
-162.018
-69.9117
-30.3604
-12.9932
201.859
51.2836
68.9653
-267.07
44.6103
194.148
-126.954
61.1387
127.078
-79.7079
271.641
164.307
39.894
33.4463
-56.0116
-177.437
-72.0059
-64.2671
44.8389
56.2109
140.255
128.572
-83.3995
73.2083
126.344
8.35234
-35.9581
-60.0646
-51.819
121.984
-60.9876
9.54061
47.419
25.5375
38.8582
150.475
16.9943
92.021
146.765
-179.794
-45.0289
113.226
266.411
31.0425
142.598
-241.674
-75.6922
184.051
-235.228
-41.8728
7.88411
22.5455
-262.725
224.463
-78.3056
55.5565
-126.96
77.2527
21.5491
-147.368
-138.199
-221.719
-250.303
-315.633
101.048
-44.3384
-162.336
84.3787
-81.2038
54.7233
324.255
84.016
83.9043
-27.2318
14.6607
175.381
155.861
38.815
-48.171
50.43
93.437
-137.517
33.5072
-220.298
210.982
32.9409
-46.3848
-280.745
18.3927
28.9861
77.2906
18.5579
-48.6394
60.7092
-60.9692
83.7667
-301.757
37.6038
62.4119
-260.927
4.7856
38.9113
-37.3726
-89.3904
31.9415
61.2713
95.5041
-57.1436
37.829
-48.0105
-92.339
60.4538
-26.9741
72.4566
88.3306
-58.8012
-84.5698
-109.334
58.784
77.0488
352.396
83.4963
36.6155
80.7981
-29.5484
-63.5323
-76.5614
35.4657
72.4588
-56.0418
-140.491
-112.325
10.2014
114.111
47.4743
21.1627
-149.891
-71.981
249.279
38.226
56.4772
21.0763
-57.5402
59.2788
112.956
-351.872
117.464
-82.2026
17.5126
17.784
54.398
87.3197
-206.362
9.33433
19.1103
-243.084
-13.1089
57.621
-166.165
25.5603
121.607
123.939
-85.5515
52.0044
75.2841
-56.1032
31.9929
80.9751
-130.646
-103.836
-71.4171
189.173
-41.1813
39.2726
80.5524
-129.486
68.3944
-9.47344
24.685
298.765
48.2093
187.04
-50.8908
203.802
46.7137
-67.858
79.5715
40.1368
82.5761
185.658
38.9627
-28.825
52.6929
154.518
-159.663
87.5337
163.817
121.931
-82.3267
68.9199
-51.1975
351.825
-230.871
116.099
17.5951
-64.3994
52.0896
-155.796
-97.2445
94.7218
-61.3827
307.572
8.88801
-129.513
10.9858
146.473
127.732
-12.5648
16.0319
116.368
-86.9965
50.5467
75.6367
-78.6915
61.5681
-67.4244
81.1767
67.958
70.578
-103.886
76.9869
63.1348
104.368
46.3726
37.034
62.606
-45.9574
-44.2358
27.0132
-128.789
38.8978
-43.6106
-73.42
12.9367
-40.7075
15.441
187.231
8.96416
-17.0639
107.591
-79.6003
-99.2586
-87.9899
47.7971
28.332
92.1242
112.722
136.977
-89.3357
77.598
16.7643
93.8609
-103.458
-46.5545
-178.136
30.6072
138.491
63.8792
45.4537
35.7984
303.568
-181.545
98.5799
-56.9718
70.8012
81.0524
55.219
-65.4274
48.6201
174.604
-96.4336
113.411
-77.6945
70.3618
50.9383
60.4695
-51.2371
77.0508
-3.1569
-55.9734
48.2065
-56.7373
50.6609
137.315
55.9197
71.0787
-61.482
-26.1532
-37.7892
148.275
-199.946
-53.0867
-97.8892
64.3487
52.4252
46.7766
27.3099
19.9773
49.9866
61.6405
-20.0865
70.6197
31.5117
-103.663
-141.839
173.877
-51.7469
-14.0414
63.7035
12.8188
144.445
-84.8347
151.693
111.793
83.4104
105.846
49.241
32.3526
89.9098
-33.0236
-119.589
155.708
84.9971
96.6552
197.108
87.665
67.7269
-121.312
-51.9332
-11.8598
64.6746
-61.8492
-135.086
-79.5401
4.79914
32.6914
52.6101
214.531
229.674
169.121
-29.093
83.0775
83.1881
108.618
8.05341
-63.7169
38.9793
55.438
112.363
65.6482
26.091
43.925
67.8493
102.043
156.944
160.076
-80.0015
45.6665
-102.907
-39.9617
-59.8343
-352.161
351.938
339.251
94.2036
140.988
-20.1397
-128.8
26.3417
186.797
-42.5184
123.874
57.6846
-80.6545
-182.724
123.129
27.618
-119.088
-11.3929
107.294
-72.9469
-64.6262
28.2424
-171.721
120.313
57.0667
-245.652
159.246
30.0586
17.6587
-52.1715
127.231
-212.328
162.644
20.2285
350.909
92.0474
14.1299
-176.069
40.0921
29.6812
35.5117
-99.284
-256.706
12.9357
-31.0527
-88.2638
-62.604
-126.185
-68.2048
30.086
9.84374
119.447
37.7909
142.418
149.527
-152.798
-74.9588
-158.074
-31.0213
-168.688
36.2488
-239.815
21.6368
10.7082
-103.729
-13.9282
122.537
-305.47
90.3908
154.931
95.3869
35.7767
-61.1779
-93.2727
352.172
144.684
115.761
-206.647
169.612
67.8645
51.0035
-14.6736
-43.4963
26.2352
352.242
-32.5276
202.42
24.2911
63.9232
135.667
71.7439
-11.6682
231.595
136.29
-271.239
36.423
-191.631
76.4517
81.0368
-49.0584
274.426
-47.1699
30.303
-65.9085
-9.85265
41.4502
124.272
-90.944
-77.9917
-79.4132
20.5802
7.17221
68.6458
-78.6863
-87.8455
2.15029
-43.5672
-67.9163
28.8985
217.95
206.961
47.4966
38.3315
25.9247
-124.817
62.9525
91.6798
74.5096
-127.325
35.5721
220.927
84.4366
-99.715
156.042
184.043
80.4303
-136.708
-84.7838
136.549
120.15
28.3743
22.6585
-100.221
-57.2076
21.0147
27.0927
36.1956
-59.3654
-43.0137
-43.8479
81.6653
31.5837
-88.9377
-101.947
26.4231
67.4508
16.2159
-7.90828
198.991
50.4149
39.3005
111.359
-68.6254
141.388
-63.9847
67.6256
13.5509
86.0286
-219.009
47.6799
239.643
36.1061
83.5514
-39.21
140.857
16.4297
-49.5722
23.1108
68.1768
-31.3871
-130.363
224.475
-94.0327
-38.9175
33.5932
102.39
55.0858
50.5208
-70.4972
7.28709
-100.051
78.257
21.3455
91.9707
-62.3932
164.791
16.3503
153.098
-91.8382
-173.611
-134.162
95.0756
191.278
253.888
-111.504
214.828
112.024
10.3395
-199.415
-15.2667
45.0429
146.902
64.2608
90.1694
-56.9751
26.2237
4.7764
175.621
-136.435
47.952
48.0313
27.1891
-41.1919
39.7723
-105.748
-104.693
95.9311
34.6794
-36.0081
95.9513
-15.4036
-72.7033
102.059
-145.003
138.777
0.125857
-264.534
-49.4601
-100.327
108.452
-111.881
-74.6956
234.619
-204.504
65.013
-132.784
61.8591
11.0797
45.3556
-16.984
-71.1796
86.947
127.982
142.43
-32.9632
56.7193
17.9969
-12.5635
-49.8797
87.4568
28.0294
58.7269
70.3027
81.2202
114.281
16.0034
100.066
351.178
87.651
-7.99111
-185.56
73.6634
1.54997
199.731
38.2588
-33.8106
121.006
50.1567
61.9693
-222.357
-286.236
42.382
-26.2117
-185.213
175.437
37.2635
-136.069
46.3937
310.315
90.119
-171.285
289.61
-117.256
85.5398
-51.7226
61.2344
8.06235
178.779
-108.674
-44.2571
180.461
-96.3842
-114.854
-98.8488
14.8333
-102.017
-40.632
-48.2762
210.806
-126.145
118.801
-51.2528
20.6851
78.2683
122.562
-46.1826
22.9982
83.1249
25.6348
-0.0325651
128.897
-47.8963
40.7133
-271.898
68.0756
62.5078
161.582
53.3969
-148.861
-135.666
4.16808
-73.3558
-77.9588
-153.107
-41.6979
351.962
-74.3436
81.9934
-65.688
62.3532
-71.0434
105.52
79.9161
28.9498
91.0603
-106.931
-113.229
-37.2964
-201.213
-78.8959
40.1955
94.0477
-34.4039
-60.6784
146.442
-29.1206
64.4536
142.39
56.6137
269.865
234.899
-33.0853
28.5839
-153.125
-101.799
-50.9801
139.56
30.2613
-68.879
69.9489
21.8589
13.8591
61.7517
-215.28
-12.3986
149.31
-135.152
25.2612
-32.3428
20.6272
-235.008
162.738
-43.8641
-20.9683
96.0109
-65.8481
22.5645
-41.4782
-207.298
40.6459
75.8967
64.7713
-96.0942
82.1524
27.5006
303.313
36.1204
215.363
137.585
87.5467
-97.7847
99.0248
74.1787
-331.888
-126.552
64.121
23.3619
296.14
125.964
-24.7277
13.1694
-54.8507
9.49754
-110.386
-53.2348
24.1625
17.112
-147.542
12.8093
28.038
173.05
-62.2351
15.539
-58.6143
-73.9949
40.8427
-59.6774
47.5121
108.105
46.0113
47.8656
16.1672
26.7541
27.5019
67.5645
-116.936
-83.3025
132.333
28.1905
117.152
18.7774
167.098
77.3598
-206.664
225.402
-135.53
-103.873
100.547
42.7776
36.9154
-200.538
76.5212
121.614
89.1462
-137.438
192.994
27.9318
145.006
19.5818
78.2518
-123.192
79.7853
12.1973
53.9409
-110.198
107.729
338.671
184.161
319.812
-183.895
60.8324
23.0507
-79.3189
211.873
37.9936
-96.7315
43.313
48.0429
19.3706
28.3021
119.341
26.1386
113.634
110.664
-112.063
-136.194
-36.4883
295.776
49.0531
153.577
-44.4072
6.46286
230.691
-151.074
146.544
-216.105
-90.0623
67.0777
-11.7781
48.8652
19.4946
66.3993
266.494
-144.817
65.8378
29.7636
137.183
85.3464
22.4912
73.8187
123.101
37.0918
-63.3352
233.8
147.886
202.876
-72.0083
-126.845
14.9593
-64.7417
109.337
-286.951
-61.873
19.4091
-108.253
-142.693
-202.438
-87.2229
136.488
122.393
199.069
-133.214
33.9306
58.5559
-31.209
-256.396
183.337
-56.4484
-59.3565
-316.843
-114.583
83.4092
-231.382
47.7245
46.2026
34.2373
33.2159
143.404
-118.579
84.0419
-46.1585
52.1311
-173.521
217.737
-46.383
-23.4724
24.1915
333.968
10.5568
-43.4979
69.2984
64.3215
-26.3356
60.4313
-89.7675
-73.3071
36.9533
-84.3104
-75.5543
74.0061
26.4274
38.6613
51.1331
73.9217
-174.564
226.45
-57.6514
83.8186
-44.9085
82.9415
-26.852
37.8906
140.882
-88.2706
-49.5214
73.5831
104.006
41.948
71.3898
280.31
-3.40247
44.2266
20.917
-51.9735
66.9928
180.286
8.77367
57.3482
17.4237
84.2064
102.574
89.5571
34.5707
-107.954
37.2269
42.1055
-38.6056
87.5423
44.8386
-299.405
220.843
28.4749
-103.574
53.3679
96.3156
27.4366
-268.873
-40.7756
-30.5938
197.027
-144.929
55.1684
-90.2237
51.8706
65.8691
-68.3987
66.1921
141.332
24.5382
68.1487
236.161
61.9419
57.9719
43.0041
127.032
24.5135
262.193
95.3055
8.69791
18.4845
-230.107
123.747
-261.046
-116.613
182.333
-105.494
-137.269
154.691
-201.727
180.822
242.761
82.843
-98.2984
101.814
61.7625
337.408
165.584
18.8485
-114.429
-48.3113
-106.683
79.2601
-44.0585
194.135
138.976
98.4739
-76.312
174.956
48.2879
-73.9355
84.4282
59.0757
14.4091
34.512
168.012
-224.884
-32.6472
-40.0842
-23.8967
255.989
41.936
45.0667
-111.735
94.8475
229.321
56.5545
-23.8818
113.459
61.2599
71.6535
-60.919
152.009
-119.763
298.998
-90.4211
61.3985
121.708
-162.416
184.705
131.424
95.1393
23.0854
-38.8156
24.1203
192.595
19.4259
38.7517
-82.8383
-55.2235
88.7178
59.2584
-89.1851
13.7408
-85.7129
-192.538
-160.423
-114.091
-150.902
351.838
228.27
95.1613
-66.7321
147.145
27.4452
84.6438
-58.3161
-52.084
78.5191
-155.432
36.85
-185.707
31.5328
37.9112
111.453
38.2747
233.44
103.016
85.954
19.8823
-113.091
114.294
95.1909
19.952
-227.491
23.5046
119.189
-44.2335
49.165
3.12042
34.3144
97.1717
-101.721
-22.8047
48.0402
-269.903
137.33
133.725
120.868
-132.138
44.2714
34.2308
203.308
83.9556
38.9203
179.492
-146.187
-18.1529
-98.6367
-102.173
-132.84
161.154
10.3428
-21.3867
199.901
225.345
-86.4855
23.2208
-13.3921
10.0864
145.881
-44.2848
99.5613
297.99
45.3334
252.531
104.569
48.7021
-124.967
-92.2908
-55.6466
-99.6666
-61.9268
12.3903
132.182
-42.6692
-70.4698
124.29
-246.567
28.9707
194.685
52.4018
-66.6286
-53.201
115.435
-5.95048
40.2867
31.1468
48.8269
109.061
-67.8088
258.734
88.0107
-277.973
-204.739
40.3758
-15.8628
123.713
43.1483
-47.9475
119.637
-73.7497
2.23701
111.707
28.9234
-25.7436
74.9635
-88.6542
-303.338
-137.079
-186.837
-90.4941
-353.237
-204.634
109.858
27.7999
199.184
-20.17
176.195
153.47
46.9896
31.6113
-19.0166
154.294
21.8382
231.425
16.2091
-101.006
44.7243
237.513
24.8738
42.8116
64.1784
182.843
75.1848
-41.532
-32.523
60.8667
-47.4959
57.1739
-52.2726
77.5591
123.34
23.4691
142.736
71.69
-209.402
38.3759
-170.961
-36.417
-151.756
-72.3599
-56.2651
296.1
127.025
200.446
-27.7672
-10.9514
-80.9143
-82.617
-165.512
71.8653
62.2009
8.62539
-66.6068
103.102
-210.596
22.3556
203.266
-46.5979
94.1862
177.493
44.3833
97.7091
-14.6283
304.419
-103.039
-212.651
133.793
52.9666
35.6168
107.13
191.168
-91.5152
-93.6591
-74.2885
-28.5508
-194.427
-42.9933
41.2761
-105.729
38.4867
142.518
-86.6323
122.687
-124.329
291.955
-15.8114
3.45602
85.9757
-57.9057
-66.0849
264.83
200.552
57.0051
116.062
74.3587
-33.5687
34.4815
218.94
157.788
233.963
45.1936
40.7101
26.9518
67.6333
135.582
113.391
329.539
-200.847
-293.801
157.804
18.2109
-151.286
81.9233
-152.629
-243
129.4
-303.925
-47.3117
18.1745
-196.122
-34.7384
-46.9521
-60.5545
193.167
68.9787
19.8607
106.554
-58.3713
-39.6136
203.457
143.248
-134.597
92.9009
-68.3619
50.8485
-25.8771
-92.7195
-230.376
-287.692
45.4802
-47.8823
13.6805
-170.427
295.698
21.202
100.087
230.133
236.009
-123.392
63.4132
145.102
296.87
198.599
169.149
60.8386
51.1277
-156.548
94.5755
53.9707
11.9373
128.207
92.9294
-40.4784
61.5571
191.797
-32.7288
110.325
-40.2167
-64.1201
22.7596
84.4478
140.763
83.6605
81.7079
35.8667
-145.031
330.527
226.755
87.3511
96.4007
80.6442
127.966
37.6204
5.78316
-70.0131
19.978
171.85
-28.8925
-43.8362
-119.803
133.31
-75.193
-65.9891
9.70079
-98.2581
47.4141
-86.4764
271.133
321.059
29.6578
49.9867
-115.05
351.578
68.6896
127.935
-20.6274
48.2577
-61.606
208.539
99.4344
-157.438
67.3976
124.475
-105.612
141.445
-23.0129
-47.6569
-62.5996
-291.441
-114.101
-30.0493
138.25
37.0648
-42.73
-58.596
-84.5052
-15.671
41.2856
212.465
35.7446
-133.284
-120.977
-48.4985
352.169
106.975
65.21
92.5321
116.408
53.6531
-188.269
260.819
103.43
228.671
14.5977
109.624
-38.4636
-102.632
170.648
-138.894
148.934
109.963
129.2
66.277
15.815
63.0959
67.7507
-210.875
53.5133
79.931
5.25875
10.833
-172.411
95.2674
-50.4238
-59.6568
-24.7898
110.346
84.8161
-266.815
37.0152
207.641
39.465
74.4185
81.8904
-106.682
53.6469
18.227
79.5472
8.89443
72.9495
-57.2734
-67.0745
-118.953
-111.039
-140.751
46.9314
131.89
7.2232
-93.7165
-91.4729
118.861
85.9608
-143.377
86.5805
-199.088
226.805
-85.3046
-51.7087
56.0185
38.0253
-156.049
-173.576
59.3427
81.0068
-104.432
126.357
128.452
138.91
63.0021
158.834
-33.4247
77.7679
150.653
-56.2845
72.9151
2.19745
98.1464
106.13
117.345
61.7984
87.3579
-93.1356
-22.2376
89.7602
113.616
-87.2187
-23.2502
-95.4313
-351.597
45.7723
51.8657
126.296
72.3264
-33.1502
55.9216
16.3616
16.7647
-137.232
-76.2516
55.7802
-90.3823
91.0123
18.456
-136.061
-52.3981
44.6175
31.6344
28.9447
144.739
268.808
31.0233
183.277
23.5654
35.8373
46.0508
-101.31
164.401
49.0054
-171.627
20.4468
-19.5542
61.87
16.8954
-141.156
72.007
-112.156
227.467
-67.554
98.0521
103.965
-57.6986
11.3452
156.776
52.7461
214.629
27.747
194.135
-72.5027
-212.747
28.7472
90.8028
-168.252
234.568
133.545
13.8408
36.1148
-61.5934
117.481
-49.3736
52.0447
-131.2
-139.656
-43.0833
112.598
11.4457
9.61978
-45.712
126.892
-29.3318
85.8526
351.786
-178.388
122.984
-128.439
133.869
-43.7283
172.708
76.7704
286.571
10.8702
87.0699
20.9176
-76.2177
40.7809
9.92768
303.881
132.058
105.701
-70.5628
109.44
-61.8731
44.6783
106.98
-24.4556
-75.1983
100.947
151.784
49.5027
15.431
-79.4506
-47.5852
174.461
39.9024
21.3034
-133.539
-53.2487
96.5555
50.2184
-169.671
4.77324
185.722
150.848
54.1538
-27.9535
45.6998
86.578
212.643
-289.071
42.3392
-35.0694
253.041
-49.9128
-94.0745
166.053
-193.937
156.21
254.46
95.9735
52.6716
-141.224
137.541
210.894
72.0871
98.894
24.1237
70.8147
83.1703
-69.4678
67.7841
-33.4516
37.8696
158.39
-73.3484
91.5945
38.7418
186.102
-94.1237
-30.352
60.7435
25.5748
138.175
-122.775
-14.0469
-43.0756
-45.4488
94.4489
74.0913
20.8491
-95.8882
252.094
-69.4278
-95.9044
36.8974
145.249
-20.6081
-23.4823
95.3671
136.62
-36.213
80.261
56.2787
-96.3746
-202.115
104.95
44.8257
60.9283
88.2059
24.4435
-94.0382
122.549
18.7189
-55.2685
19.7163
-291.341
221.12
-31.123
161.942
40.346
-205.214
22.0046
328.295
151.502
14.2459
89.1443
-289.148
13.0121
25.2434
86.011
57.3817
118.38
11.5373
-154.653
101.969
233.276
47.8366
28.732
15.5034
56.3981
192.152
9.59538
68.9484
64.3698
79.0297
154.769
29.9728
64.6864
-171.706
-90.8406
-191.771
-16.6704
-200.389
352.65
27.8574
-65.3508
-63.9921
-64.6066
98.9391
58.6021
-62.8456
-47.7764
-121.729
279.351
19.4107
-114.178
24.5475
-42.4289
-147.234
-271.732
-16.8961
-108.944
-85.7543
17.731
92.865
93.3818
57.7948
-182.096
-115.062
69.6806
138.265
-53.7685
74.8521
-47.6447
32.6153
-95.1601
25.7027
-32.6798
22.8253
16.5446
21.0248
18.6794
62.414
41.6734
-106.884
102.833
25.19
-13.1605
-54.0579
25.6358
-36.0782
68.1902
27.0404
22.5923
45.124
42.2337
-201.186
-33.8314
85.2905
226.522
136.185
14.648
73.15
-163.574
-342.507
221.745
75.2728
-89.4174
-103.011
66.8188
47.8398
95.446
-70.6117
209.47
-63.6401
97.0334
-32.2613
110.119
259.364
60.2842
-122.184
-114.897
15.1414
73.8241
-109.284
-243.323
92.7058
-147.471
-29.8521
137.594
-108.736
-35.0902
-69.156
57.7381
43.059
80.0212
91.7333
-83.5843
70.4297
40.62
30.986
118.38
183.142
61.0892
3.6889
-46.3266
-103.673
65.373
55.5975
69.9316
306.44
-241.33
28.9683
17.0036
-333.862
31.2159
22.2478
-152.413
134.726
290.187
-146.797
-214.39
109.258
59.4104
36.1437
37.7438
98.5914
-59.1684
-90.8512
-91.925
190.636
58.9271
-206.957
-150.291
-11.0114
-70.4041
-75.3302
59.4121
85.5915
-62.4326
-52.0103
-54.027
61.3261
-65.4831
80.4299
197.314
-46.3793
46.4797
-66.979
37.961
23.4975
-61.4683
-25.5898
21.7975
-20.9126
130.558
-105.705
-48.505
-91.2848
49.2138
186.504
78.8096
-52.896
-39.4259
-39.644
-78.7174
46.0875
56.9953
43.1123
15.3961
-177.38
-27.1086
46.7851
164.817
126.797
-67.3776
-344.318
-77.4455
38.6344
-56.8318
26.6937
-62.5284
-65.5827
-65.3673
100.894
79.5847
49.1955
-242.06
10.6099
37.2504
-80.4471
39.81
-139.619
98.274
-76.5115
203.362
-49.778
39.96
-143.706
186.478
-119.924
128.386
31.6363
-23.737
7.51627
-170.814
33.5836
-17.1825
72.9437
156.585
-57.5237
-102.854
89.0975
35.2025
93.4846
-59.87
123.167
-45.363
-75.0966
24.2367
-202.496
68.1958
-15.4095
-39.4622
7.9576
-185.137
12.2096
-170.079
-154.552
166.582
17.6409
-138.542
15.792
58.4302
28.8363
65.2361
75.6192
115.322
91.1914
-21.5503
-22.4747
-78.9074
187.298
138.213
172.622
103.23
-23.3544
-69.5315
22.1635
-203.453
92.9869
-351.817
74.0876
9.78733
156.359
145.809
60.7111
35.0994
40.701
67.715
-32.2746
-104.867
-32.919
218.477
97.0379
22.6882
47.3271
110.782
171.361
34.3713
49.0614
196.599
-56.6142
-115.732
-16.6126
-15.6355
141.532
46.0536
-24.433
139.771
44.236
121.163
-86.1063
-10.4063
-43.5953
29.8431
-77.8421
-63.076
50.989
148.956
-45.5516
211.929
73.5642
97.6154
222.863
17.9177
133.996
40.4921
-157.085
-74.1746
-96.7536
45.5919
-163.609
155.873
-66.2038
68.435
234.552
58.1895
71.2058
74.1059
77.9682
38.1127
18.1098
123.779
98.8242
-64.9989
-169.188
-71.2034
68.1263
-25.618
156.556
-115.563
289.247
-173.075
230.816
-51.5454
-24.7701
140.352
-352.758
63.3989
44.4861
-78.4763
55.9975
58.128
29.491
56.1545
-90.5182
174.998
176.811
-48.1832
-63.3411
-56.8762
168.05
64.9162
54.7215
59.172
-217.683
-91.0635
230.911
-121.022
-47.557
94.4073
85.7046
128.223
114.258
-221.503
32.1199
-32.1611
-13.3659
-72.5385
83.6687
-44.2421
-111.82
88.0505
-125.076
-134.518
106.454
67.1375
161.965
70.097
-25.3142
-87.5611
-56.8553
-50.2737
29.4178
27.3374
100.411
47.9695
-84.8047
153.587
49.0261
159.497
108.773
-49.7783
-14.7465
-174.878
81.3734
-68.116
15.2342
24.7067
-107.234
-110.758
213.452
-140.496
67.95
168.237
124.345
106.971
68.5445
-206.789
-43.9415
-138.211
29.8631
157.347
96.348
96.5475
215.114
-133.874
84.4162
-87.8753
22.2989
75.1351
-122.258
225.479
106.255
194.644
35.3758
-38.5402
-74.9231
81.9958
30.4261
166.286
-200.636
50.5692
28.3632
70.7006
-65.3216
182.653
63.0452
313.287
57.1606
54.2104
-36.032
64.9582
21.5652
6.61863
-89.2375
-51.7577
73.5364
74.122
-2.50887
-194.682
-179.677
31.0582
174.688
-26.2904
-79.6061
-79.0523
136.353
-251.524
-66.4396
25.0276
233.354
75.5492
141.179
-110.291
115.967
-67.5591
34.6065
98.4461
101.727
156.37
24.4683
-63.9694
153.654
25.4612
149.129
77.2758
230.071
90.731
-221.059
168.38
-100.181
-60.8963
-176.581
-67.3241
-115.22
-265.504
-131.583
119.393
68.8618
352.185
-76.3928
-69.9785
57.4053
39.7172
31.0605
234.062
67.3188
-20.147
55.8096
-46.865
-147.625
0.649639
-87.9253
70.3392
27.3722
-36.6958
-20.9053
90.3227
48.9863
45.9984
37.8868
177.271
-33.1098
351.005
101.639
55.7346
100.845
82.9051
-17.451
41.5247
-333.994
-203.787
-38.8522
-34.2558
-70.0342
75.6861
-120.232
63.3241
-89.8885
167.294
107.977
121.417
-27.7515
146.893
-29.6476
130.931
60.0416
-89.4873
13.9226
-26.0891
-121.051
163.152
109.937
-14.241
20.6372
71.6219
-67.5162
-32.2548
61.4098
54.1169
41.0816
77.5297
-61.1667
-166.386
103.298
116.008
-108.131
88.206
-94.7598
-85.4386
119.603
47.0578
39.6353
-44.6086
-26.0044
61.3276
107.805
278.237
96.1158
-105.415
228.686
-93.3085
-70.0975
40.3293
-110.014
-17.2766
75.8902
-150.312
-43.6389
-81.0689
-92.685
155.339
47.2016
105.803
-49.5069
-352.136
-132.486
235.028
-94.3069
-177.065
40.201
-81.9567
-91.3929
53.2313
149.645
1.25099
79.121
69.3458
195.289
72.1821
32.0434
-121.471
54.6763
-81.7701
100.905
-22.0242
11.5663
-33.1868
-146.121
42.7654
11.8726
-83.0499
-37.4344
-47.1267
72.1636
113.702
26.6418
91.0495
30.1946
21.4103
114.109
-171.064
14.3304
60.3315
-109.94
54.1903
196.125
-181.778
-216.304
-200.465
352.35
-104.062
-56.7006
-105.552
112.846
103.288
38.6097
-83.839
93.0063
70.4434
44.481
263.641
40.6072
37.6345
67.0397
-56.7896
-87.3061
-75.4683
117.214
-12.1683
82.349
-57.5693
17.2953
-27.7818
-97.7763
54.936
74.6326
68.3584
79.4995
214.902
48.7244
-205.86
-48.2809
-49.14
27.1826
74.0515
-22.9893
65.3477
120.753
-50.7137
37.3988
82.8299
-47.3802
278.788
299.822
-41.3132
-153.425
64.4671
81.9107
-111.672
111.404
-62.5618
72.5711
214.553
21.8882
301.513
40.0012
142.426
37.4671
-90.1042
202.288
24.6222
100.587
101.124
45.191
-48.0339
33.1419
68.54
-71.1142
-227.661
111.169
-148.255
34.4705
20.407
-135.219
48.8724
142.102
83.8065
-136.218
252.485
-116.717
-47.9521
-172.718
-180.368
233.897
-51.1075
-48.9618
-268.771
-86.2799
271.056
-149.527
163.713
236.876
-34.2149
91.4884
8.61424
105.996
61.4143
51.608
47.4333
227.606
-68.4512
-71.6105
-151.016
46.2398
47.7598
155.343
41.4597
70.0924
123.85
85.4586
67.0278
-107.106
109.249
44.3579
125.071
-23.3592
128.457
-161.747
97.576
37.4161
246.986
27.8805
-75.8793
147.123
29.3735
27.4221
-55.7645
62.6426
-38.6815
70.6066
67.8319
-52.7332
68.845
-126.968
-139.015
304.567
47.2063
-34.8742
90.1365
75.1264
-133.157
31.1694
87.4155
14.7678
32.0838
-184.422
-50.7063
105.764
45.7909
54.5904
-148.862
51.4355
-14.0479
123.445
8.35252
-47.8902
19.6665
20.2908
-68.586
-52.6289
30.3582
-25.6902
78.3537
-123.189
-168.23
-108.855
311.8
-48.5151
16.6291
27.9102
48.2188
-58.0883
-74.9821
50.752
145.826
17.5948
189.388
-81.4286
43.1972
-57.2439
-87.3804
121.991
-127.273
-49.679
94.7344
178.974
-48.0939
15.6438
28.2781
80.2951
-149.831
-48.6337
-26.7377
-73.4421
16.9862
-32.6773
-97.5348
-55.6794
43.3844
-91.8188
-151.178
53.2151
-81.4701
43.5833
-64.6984
57.3812
213.542
26.4413
80.049
82.2936
119.909
93.5926
-94.8341
-183.639
123.317
20.2856
-165.657
-152.371
-192.911
58.3006
58.3672
20.4952
37.9365
-210.921
-20.0297
-1.80222
172.166
105.079
63.0076
159.581
165.075
61.2272
302.304
111.071
114.925
-34.4751
-96.7781
13.6002
90.9036
96.5478
44.8967
-255.911
139.385
7.9404
87.3312
21.8158
47.69
-110.309
95.0724
29.1251
252.751
199.749
-12.1193
-111.886
59.8777
-142.308
225.654
90.4804
178.299
221.536
-136.04
156.997
188.386
57.6779
53.0884
124.429
5.19982
-78.7929
91.5719
10.3815
203.767
128.351
247.618
-46.9327
105.929
-28.7017
-76.0404
65.7295
-79.9531
50.325
46.0603
249.268
111.487
-57.1739
-194.414
23.8022
-128.338
-172.462
68.6582
126.946
134.371
-213.614
-153.856
315.439
55.4617
30.7574
-55.4284
-147.921
-25.7715
-73.1693
50.2617
25.1981
114.569
-90.2181
-30.402
177.914
-156.667
-13.7883
123.245
60.4283
-95.5537
-118.244
162.173
33.0824
237.684
-49.4582
107.748
213.109
-12.2922
12.4077
-74.2876
44.2218
-21.6194
-12.4817
55.0028
-33.5918
45.3733
26.3614
9.04807
153.816
33.7604
-59.8207
-85.8313
45.7323
-36.7985
-70.6873
-58.2836
225.112
32.3347
49.7519
35.0634
236.091
-73.7132
45.3811
-61.7396
-85.3244
20.4848
11.2018
-31.9204
50.9058
42.8318
-46.7825
-66.6246
57.2936
33.0654
34.1124
-11.9446
67.8902
-92.8518
-316.242
123.685
1.8058
9.45922
-78.3358
49.444
59.6898
170.637
22.8559
137.474
103.359
37.7727
-28.4797
-126.758
77.545
126.988
262.779
-66.4753
96.4152
260.885
78.0849
-79.3626
-54.5536
65.1402
-85.3611
205.783
169.777
-224.737
-66.0901
-143.816
28.9523
72.1072
205.689
25.8527
-63.1115
21.6821
-146.58
-150.892
-206.17
134.569
204.727
39.2595
-55.3442
-110.173
-33.7018
310.099
90.883
35.3842
71.4086
135.229
17.4259
111.301
116.535
-93.1916
-74.2739
25.7317
-49.811
-119.213
54.8119
106.705
146.525
197.744
209.836
-328.404
73.7336
63.8132
53.5043
80.4225
-99.1538
-96.7449
57.8536
234.851
-58.5289
225.98
-109.996
148.768
232.713
44.4084
30.2389
207.896
40.24
99.6304
-32.3939
277.436
-327.299
-127.34
-130.559
179.429
91.9665
-28.4776
22.6819
176.776
147.304
51.53
33.6088
231.031
133.888
-81.122
100.401
-35.7059
161.656
-36.4495
257.394
-187.561
107.116
80.9043
173.976
122.132
-222.772
27.7666
-76.784
252.969
-50.4001
33.1161
133.476
213.265
102.327
71.4012
-154.936
-47.5632
-50.523
78.6174
60.0441
18.1084
66.5546
11.1243
-34.3666
132.61
43.1372
181.023
160.811
-127.737
53.6824
-38.4254
37.295
-245.394
-285.409
112.754
216.441
22.6989
78.7357
102.409
137.24
-23.3943
113.119
63.4223
96.7111
174.425
-40.4177
73.5741
36.3715
143.462
-82.9181
40.047
-81.3128
41.079
-55.955
23.5102
41.4067
224.421
17.2122
78.3622
-1.65574
-95.8478
78.4012
-83.2248
-165.968
181.575
34.3886
46.1314
-53.8621
-188.038
92.7826
187.985
82.7472
-205.936
-166.574
-77.1539
-59.8629
204.915
36.7853
34.037
114.39
148.933
-5.12948
-53.239
-95.247
-322.754
-44.8906
104.368
-77.6425
-75.0641
86.7605
-24.4076
-119.297
71.3935
35.3287
-136.066
90.3771
-64.0628
31.5705
74.9888
214.809
101.441
121.874
21.2592
8.88411
95.2737
24.2754
-94.0021
-50.2055
-44.0234
23.062
-115.001
128.823
74.7609
-99.0833
-84.4132
-60.8417
27.9132
-106.203
71.8047
130.462
-137.78
-132.112
35.0595
-68.7371
37.9388
141.493
-293.059
41.5258
-52.9604
-120.593
73.3397
19.056
75.6593
-203.362
189.367
206.219
139.401
43.601
-85.9344
248.04
60.8564
26.8099
35.6785
49.0647
-39.1615
-144.355
163.033
-121.036
-54.7095
205.233
92.2979
83.6982
221.061
156.238
-16.647
-165.067
34.4508
-12.2355
160.011
220.14
53.7359
-54.6165
-82.9669
-115.602
-249.757
351.743
-35.8213
-19.6523
178.234
-52.1374
32.4103
69.4937
229.149
138.972
-36.1492
-79.1662
126.997
44.5722
83.267
94.3719
56.9463
-52.7133
44.3129
99.6909
-85.5905
65.9942
50.1673
231.777
177.831
48.5528
24.8548
21.205
73.357
237.346
136.081
138.033
268.79
154.869
96.7768
91.63
124.189
24.8966
-164.81
58.2871
-32.2184
-98.8503
-41.3734
-92.3139
92.8333
137.135
-115.706
25.4872
53.6333
-92.0293
-59.4159
-156.167
130.819
216.435
22.7046
-161.451
-230.677
217.47
-352.605
-56.5807
44.4623
48.5445
229.454
-61.4703
-90.1536
6.44694
40.5703
47.3599
-129.963
34.8886
80.2365
81.7751
44.3873
-104.109
-40.4286
72.2017
147.173
-64.879
242.384
20.7172
131.274
54.4415
44.8348
-20.5208
-121.537
39.1721
-44.7237
-55.7743
48.9234
30.2882
92.3406
204.709
-138.033
-96.1015
-231.092
267.826
-47.4088
-62.3856
-44.4236
13.1787
29.5537
53.7102
45.6758
303.305
-55.1041
-6.0034
28.8995
-30.5891
65.587
-332.544
-294.005
-312.756
168.343
37.3439
-32.2409
-39.3507
283.138
17.7872
26.3154
-130.027
-98.3546
53.1245
105.543
-81.8898
-81.6615
129.682
238.224
98.3642
27.605
16.7126
113.914
-84.5074
37.5457
-77.2609
147.666
179.427
46.9739
249.275
66.5001
-206.891
8.07888
51.8092
18.2183
-75.0021
-47.9109
165.475
-47.6849
26.1966
77.9982
10.6927
-101.395
50.9623
-86.2316
97.6919
11.0403
127.671
89.6945
-111.265
-165.925
-54.3611
48.2226
77.0379
351.734
128.871
18.7243
-99.6226
51.7213
227.05
-30.206
47.0959
163.112
-99.7045
41.1403
-326.447
165.402
-61.1879
-107.856
72.0104
136.053
19.8903
111.586
-74.9001
-43.2152
-122.206
-85.3481
-11.3777
-22.0071
351.861
191.222
-108.168
-155.191
15.133
13.9506
-63.4967
84.2404
-10.8576
318.465
262.405
-351.023
-39.2973
92.6116
43.5436
92.5487
-156.603
46.0101
55.4143
-205.027
47.309
185.667
-64.3775
33.8103
75.8838
40.8302
47.5859
23.4284
-96.0281
130.718
-198.501
-52.9033
124.218
15.8474
20.6288
-155.281
99.6998
54.1287
225.504
-352.146
-28.7994
244.866
-97.1437
-59.1761
40.2739
44.6105
124.236
137.751
-49.7396
-56.5937
53.4844
49.9467
118.035
-71.8695
146.961
21.0548
113.178
42.1596
67.2346
-112.228
11.2968
-113.549
-122.908
71.4031
-60.9338
47.1948
11.3567
9.70149
146.427
76.2265
-67.5139
160.968
-226.292
7.21648
67.8601
40.6204
-180.403
58.9956
89.6166
48.0027
261.478
-115.221
92.7303
-52.7605
-45.9152
219.335
-118.687
109.177
101.279
-320.108
30.4869
42.0755
97.5582
57.8752
70.9233
-194.473
63.3218
29.4087
36.0536
-135.184
46.5232
-76.1701
-74.7093
88.4161
85.2253
197.291
-58.3621
105.078
146.24
77.916
56.2958
97.3539
117.244
-49.0068
86.6183
96.1758
171.407
161.036
119.39
228.643
95.6586
41.4798
149.247
64.981
-57.249
59.1043
11.2876
66.3508
42.1226
19.0779
91.7045
60.5587
113.639
225.697
46.7076
11.8759
-220.808
-38.2449
204.491
310.266
-179.113
116.919
58.9085
-98.9672
-27.6189
74.4205
-117.911
117.97
63.3675
64.8662
-116.881
50.4095
82.2827
-187.143
-206.353
-43.4016
37.276
68.8462
-77.7741
168.143
-42.0592
-152.588
-90.0009
127.998
-263.287
61.528
158.279
-55.8424
71.3437
50.8276
24.1217
108.788
111.743
-23.8673
148.777
113.477
28.325
-262.655
120.684
208.148
-41.5359
-100.838
48.8869
-74.9459
46.1433
103.398
180.003
37.3223
42.0607
133.728
99.6229
339.617
31.994
114.598
-38.8056
-60.3267
171.954
-116.464
57.7152
-181.942
-62.1778
176.51
-43.9534
-160.637
42.171
136.551
-146.873
168.712
173.948
-70.0366
42.4649
172.408
111.501
151.56
50.9374
-193.152
-28.0322
-96.6075
-77.2499
-318.415
132.795
-95.8685
-233.007
-181.803
136.026
40.9484
-286.791
122.635
-25.2215
-5.79431
-27.1315
6.1705
-94.9298
-24.5664
51.1975
193.72
64.3132
-10.0953
31.7228
-121.847
87.2782
79.7144
-26.2001
-44.9739
25.5784
98.1407
67.6331
105.935
114.972
196.552
288.625
18.134
-93.7353
78.7333
-33.3559
-154.313
-71.6716
101.993
-103.522
44.2575
90.0239
-72.2711
-130.745
-130.57
75.9657
72.7783
80.405
-47.8375
41.7477
-34.8997
77.7764
177.408
-15.2158
24.1549
-53.7513
86.8764
-158.13
42.3245
251.298
13.4495
143.136
132.877
61.1534
92.2475
-257.408
69.4781
236.871
-30.8309
85.6712
-200.901
186.36
-170.146
-30.91
-75.7378
-220.726
-115.012
77.4678
151.5
-58.4454
1.47855
125.899
-218.377
59.0929
32.2127
255.491
70.9459
-87.0539
61.0209
93.6387
-189.316
21.9251
7.33515
-56.0936
-42.5875
-60.5804
-108.423
170.408
30.4487
-22.5004
68.9616
193.633
23.5956
-96.4741
79.1147
-174.515
19.7434
128.014
49.2143
33.744
41.3361
-131.082
-67.1055
-78.1788
-95.0833
125.205
32.9465
21.1759
-66.1636
29.6208
-100.596
17.1644
96.2839
43.1867
-34.6228
66.3656
4.09514
88.2309
75.3607
-49.1429
129.786
-138.372
-110.16
-280.567
-76.6619
-89.9677
-46.9954
79.9351
43.0619
-13.458
56.5657
-245.459
-56.783
90.3181
70.0493
73.2037
282.736
120.975
-161.486
16.8999
31.6063
-61.2932
90.7289
-91.4311
167.469
-139.658
-36.3471
31.9878
33.2328
-44.9579
56.4734
265.35
120.023
77.9898
139.487
26.1801
-110.762
160.116
-112.806
-53.7501
-39.3633
-202.532
-133.604
-179.803
-36.3787
63.8452
-116.312
6.06362
-104.205
137.871
-134.603
142.731
-89.0921
67.5632
182.408
26.6045
128.784
45.9432
84.1763
120.373
56.4902
41.9311
-83.2
-81.7811
-49.5785
-38.6788
155.394
23.3223
-44.6112
144.876
22.8518
-130.881
-82.2948
-144.617
-114.815
-42.8972
196.463
77.9064
-8.47485
-27.7414
-114.953
63.7283
83.5271
49.0095
-172.227
52.6441
19.0534
48.6024
-96.439
109.315
27.6682
75.5239
118.641
271.916
30.3336
-85.1285
-44.3857
56.1692
223.89
-128.255
-68.1842
40.1805
53.2631
-148.561
-54.2192
81.6553
52.321
134.889
-56.3537
119.114
-78.468
142.371
20.7669
-279.101
-8.08742
79.0302
-78.4421
109.134
119.326
-114.784
59.8321
280.394
-249.928
99.2318
33.01
-30.4792
-184.603
216.512
-124.745
259.217
171.374
-92.72
11.5487
-46.1403
84.4371
108.305
-61.0921
11.7729
-16.661
-111.374
132.516
19.405
66.5861
9.17334
108.437
29.2755
-28.0161
-72.7031
32.5596
81.7182
89.0539
-242.164
-13.0922
-340.862
-155.427
32.2327
-311.078
-93.029
74.761
75.3772
-31.8863
-157.138
68.5045
69.1367
-66.2805
85.766
23.9425
-99.4027
33.2914
-87.8121
-203.282
56.441
87.0356
42.2971
-86.9991
-52.9533
171.619
60.8196
-85.9956
-24.9654
65.3628
50.588
-142.56
238.639
225.531
-9.36226
-265.357
38.7719
-155.917
121.761
147.881
93.8745
112.113
-163.346
84.5456
-9.33482
164.222
81.2517
-81.4505
-82.4153
-92.2135
-43.1502
121.238
25.2021
41.7893
-102.147
-108.775
56.0337
52.5289
-44.0535
33.4335
47.3522
-88.9114
85.5506
-121.843
38.6158
47.5389
51.4733
130.24
23.1081
200.938
-38.9861
-110.8
-65.6749
12.7655
116.726
55.4444
-111.713
-72.7427
115.037
36.969
-94.6204
-46.4852
25.617
-57.8962
-212.331
45.4896
-139.09
46.523
57.5
114.977
292.34
71.7898
-14.2993
-10.0966
-95.2029
44.4843
-65.5232
-65.408
154.273
35.7598
-46.6341
45.2697
62.2212
81.4738
-113.563
199.174
13.409
65.5813
47.7838
36.2872
-125.237
20.626
102.839
-9.4573
-50.0488
30.2761
77.4429
64.9014
-41.8641
-62.9501
-51.5822
61.1854
-306.923
61.6149
-76.3314
62.8793
-79.0026
233.667
-137.523
107.091
-25.0994
-190.712
-138.258
-68.0704
154.237
-31.0216
100.7
46.2473
152.742
23.3269
-21.3164
18.9473
-141.428
-35.4367
106.225
53.6561
-49.5778
83.9843
50.7798
162.458
46.6646
47.4983
124.718
138.768
44.1024
78.9554
107.484
90.7074
-33.9874
-90.8566
6.61864
10.9592
-30.7214
-108.921
-103.033
91.7927
14.339
260.177
88.8814
-40.5889
231.842
59.7536
-86.5479
75.2695
-171.717
64.1422
107.315
88.2554
77.6978
53.6705
95.8016
44.2131
52.3552
36.9358
40.9838
122.609
33.8155
-92.8744
-73.3602
79.651
42.8341
-190.849
-59.6065
-44.9223
-0.68
-126.079
12.4669
-31.1413
-201.142
9.82652
-26.0093
55.9629
50.4406
-324.761
57.0799
92.2806
317.961
23.1226
75.2309
152.901
210.371
-31.9548
-59.6301
92.3345
67.4461
101.337
70.6452
50.92
-69.4081
85.8522
-20.8234
-65.7717
-106.431
66.7299
21.823
65.4501
49.8556
101.77
-69.584
-49.0006
-37.0055
196.527
59.1707
-80.7766
-51.5854
-333.528
96.6289
308.579
32.1585
272.151
-20.2587
43.0687
42.5511
35.532
185.927
64.0127
59.3472
45.8336
31.4433
64.28
-56.8675
189.011
-71.8444
-347.609
71.4928
64.7867
213.329
-25.1247
25.8187
-39.6861
101.935
32.8298
203.561
42.0203
74.7615
-51.4067
-253.655
182.234
13.9905
66.3175
127.125
118.184
-317.884
73.9184
23.6967
107.22
38.6055
-29.6996
49.6407
-75.1185
134.534
71.8102
41.8838
35.5596
-74.4856
-54.3265
-7.53199
-77.2529
-57.3282
-32.7703
52.9034
69.2903
135.485
16.7816
-69.2583
197.355
102.929
29.468
29.4644
26.4371
12.7904
106.133
50.6476
63.1964
-351.878
51.7867
79.3365
17.6971
-10.4176
224.121
-33.6284
-23.9182
75.7036
99.9635
-352.112
-33.5033
148.451
66.6755
27.6946
149.404
131.14
295.037
32.3492
-43.1242
30.6261
278.584
-85.747
3.63493
102.779
-41.4953
71.3651
-37.4241
295.167
30.9555
-106.282
31.7765
138.117
-56.3962
21.6409
-65.2754
164.425
-78.4447
83.3807
93.0473
-60.7926
72.1192
-42.0548
-66.9573
12.0645
-146.607
280.197
61.9026
41.0191
-21.9782
38.0164
-105.385
225.011
22.2023
47.4915
-68.2361
20.8539
-71.381
50.4362
-58.1871
50.5543
193.692
-266.486
-88.3428
126.339
-90.5651
99.4056
-95.1199
102.362
245.992
130.321
54.6583
61.0267
-61.399
24.2557
126.977
-107.976
4.36782
141.651
42.7417
84.539
-8.96921
41.6047
206.545
-115.757
126.511
-50.8416
91.1777
60.8764
66.0804
-46.3641
107.07
-109.365
133.188
-117.548
37.6692
81.5179
82.458
-22.0877
25.8923
16.9673
21.3401
64.8023
-55.1845
87.1517
123.545
82.2046
-22.6036
190.578
59.7588
25.0222
214.108
-122.862
-64.0327
27.569
78.9214
-46.0254
131.606
15.7835
19.119
57
286.972
-37.584
64.2775
74.5082
18.4523
-24.0066
-91.8536
185.531
262.105
121.904
165.284
117.306
58.7834
-39.3216
-35.486
175.347
39.1348
-20.3832
82.8885
-61.3523
109.924
25.124
50.988
197.526
12.8667
-37.7326
48.8047
70.9573
163.599
14.4849
13.0304
67.5739
-276.431
89.2896
-50.9067
82.7043
85.071
-77.8321
-15.8129
44.3924
154.899
62.8462
243.271
-46.9395
-68.9979
-45.9297
12.7921
-58.0163
27.4959
155.845
82.8191
-113.466
74.8259
19.8733
33.7826
93.9792
270.441
-192.859
-118.64
-100.112
-19.0596
59.0475
113.29
-69.241
192.347
-117.236
-72.7106
87.5166
351.997
-40.9747
26.6986
-18.7462
-77.6273
210.947
-146.932
215.175
27.0502
-45.5279
-70.5466
78.7482
84.8097
68.1659
194.122
-82.1352
69.9776
47.4865
25.7196
205.382
65.2124
153.712
-47.9884
-67.778
60.1557
34.0342
175.474
55.8949
82.1566
166.436
17.6015
-152.514
-34.1955
36.0857
50.2385
127.355
-105.094
183.073
47.1055
-69.2402
-26.4548
63.1005
127.609
7.41829
149.51
-28.9549
86.5182
-53.3435
48.8906
87.758
58.5769
-40.1115
-211.236
-64.4625
148.749
154.227
124.984
-137.579
110.264
-301.505
112.68
47.6586
77.2937
231.544
15.636
195.281
181.798
251.919
29.045
124.813
-123.878
-125.537
251.19
-77.451
77.9314
-88.7469
-58.5765
20.1374
166.841
124.683
43.7958
47.1158
-63.7817
55.5113
40.033
-88.4291
9.40857
47.9801
85.5968
48.7841
10.0213
-74.38
273.136
21.0079
35.1602
154.12
105.778
-129.374
100.341
113.338
42.4338
98.2667
25.354
62.8073
32.3554
196.681
20.2891
139.713
-69.657
9.81301
-37.0824
-59.1218
49.6157
127.367
-36.5143
-34.4667
49.5681
62.1949
-101.35
77.6134
14.8048
148.683
53.903
-330.005
38.7923
-56.2782
12.8375
23.8446
20.2187
-113.552
68.8353
-37.4308
231.933
-49.3713
78.7063
41.7693
18.3131
25.1003
33.7043
83.8009
-183.329
187.958
8.16192
166.565
278.977
-115.651
98.0367
50.2069
126.315
-69.4229
-42.3775
80.7055
114.94
41.8148
303.93
32.8599
122.588
-5.11767
72.618
69.9844
-183.979
80.855
67.6858
37.6148
22.2642
-62.7035
37.3583
75.4604
41.9418
34.4321
-91.0686
158.967
-73.0514
48.789
-96.664
-183.173
43.355
74.6138
113.719
-80.6356
59.7895
170.124
132.963
-94.6954
46.206
118.666
-11.8958
55.7845
152.318
287.839
163.268
-128.89
179.414
-91.7683
55.5543
77.9146
107.801
-110.897
52.9778
-100.368
-93.6159
40.5495
55.3359
-44.8908
112.957
-114.196
63.2172
21.248
-21.8463
141.585
129.372
118.028
194.985
72.3385
108.729
127.871
77.8866
-23.9279
55.7543
95.7513
59.8364
106.831
-14.135
66.5103
-46.7247
108.984
-228.827
-189.272
52.7787
6.81143
20.8611
106.233
186.522
-125.195
52.2747
76.8325
290.952
137.266
215.479
86.5184
125.366
87.0569
-10.7745
18.4027
44.9755
47.1653
143.888
-99.9965
70.2067
71.5438
-119.104
26.7236
-35.3462
-71.5999
122.023
-178.539
112.953
-45.2758
-47.7
58.6402
164.989
229.353
-119.11
-143.098
-53.2982
51.2551
104.747
48.6164
-171.251
64.1251
-65.4507
-352.395
67.5379
-39.6166
46.2139
140.879
-76.1737
104.38
62.0958
78.6392
54.8481
123.317
55.9263
-233.005
154.106
209.619
-34.9834
256.301
54.1754
88.2594
201.905
43.0202
-49.255
74.7249
-132.572
28.4915
114.298
127.052
177.021
-63.7771
47.1202
-93.5125
39.3135
137.686
132.722
-21.8496
94.3027
-39.4998
26.3103
-93.7713
197.003
-54.9225
-43.116
-335.061
-32.5245
47.5013
-294.512
106.587
37.9547
52.0647
-78.3217
27.1271
221.222
-193.075
-81.6896
-114.905
80.2384
-41.6491
59.7309
33.3891
45.121
96.4208
149.931
49.4704
-163.336
36.0255
-150.409
65.5502
37.1992
25.6486
-159.796
-130.657
153.523
61.5915
33.9813
-92.9163
34.3852
197.24
82.6586
44.0513
138.335
25.543
-39.7654
82.6966
90.1785
82.0624
144.192
-251.205
151.307
-24.8838
295.321
164.26
-102.649
-107.829
-143.217
56.8197
96.0481
25.5879
-29.4531
-57.3203
-58.8289
-101.794
102.712
-85.19
119.274
247.423
64.8568
-155.827
114.461
33.7271
18.6244
351.62
119.293
95.8081
50.1123
68.4992
-77.7224
291.445
-97.1664
-42.4731
10.5236
32.5933
-18.4615
207.298
-43.7327
118.205
-221.206
270.329
-37.7476
96.7655
-65.8624
-57.6926
-134.693
73.0069
242.412
91.5948
230.449
128.012
-31.6092
43.6387
84.2616
58.773
-49.1155
209.782
-51.8575
44.6814
18.3252
-100.533
-244.724
-39.9779
46.8526
105.758
64.8559
95.2497
-31.4886
136.159
45.7266
-40.3318
-105.449
59.8835
25.38
17.1868
54.9383
69.455
341.419
211.181
-106.071
-127.846
167.112
162.572
68.8288
159.664
-42.2136
107.338
59.6073
-101.328
65.545
-86.6654
-205.524
57.4609
-193.392
47.0034
71.229
-101.427
55.4739
173.055
-107.818
-67.4479
221.421
128.753
127.194
-80.4742
72.41
204.575
66.9782
-40.4294
-84.9976
85.4104
-23.9407
220.812
-293.796
199.317
81.854
-84.5425
39.8652
26.7271
12.8689
47.0372
-38.4817
66.0534
318.808
-71.4934
-55.4695
58.1429
154.209
-106.399
41.569
202.921
66.1924
189.113
130.234
24.7309
-18.1312
-79.5354
-42.6774
-98.153
30.8836
-77.9524
135.875
10.311
-36.6693
-313.967
38.2605
-9.07424
-143.54
-109.478
40.8361
47.4197
34.9422
211.56
147.792
69.5214
48.7313
204.548
-112.389
217.969
186.334
-30.9744
351.869
-56.2974
-126.892
-136.936
-122.541
-183.43
132.013
-36.579
211.323
-47.5963
-49.8162
22.8333
62.8
-48.308
-9.05626
-20.3023
-181.806
-53.8785
26.2004
91.2696
-189.715
47.2363
-114.725
64.7659
-39.6515
-138.344
33.1968
68.3556
-50.5969
-297.006
-13.8958
162.035
130.074
-268.836
61.9692
-339.402
198.89
68.3712
61.3745
-14.0482
45.3593
-85.2217
207.569
58.63
31.3416
43.6448
15.3992
18.2888
-131.847
-116.044
-72.2169
-63.7405
31.9932
141.692
116.539
62.8901
-48.7147
-251.994
54.7215
51.0374
-203.5
201.041
61.4665
19.3297
160.692
-74.8244
-20.4643
17.0424
117.65
-107.659
307.904
11.9614
57.8021
100.384
-32.1999
11.1099
-41.8947
-31.2354
-79.4248
13.1103
-229.319
132.807
-90.9232
-27.7423
105.639
42.8653
150.035
42.3357
167.241
13.0921
102.665
23.6958
-36.1258
-86.2812
8.53358
17.3405
-157.554
149.41
27.5329
43.7501
20.6856
-112.445
-51.3431
190.102
226.847
70.3434
57.3486
123.645
21.3622
71.4623
-54.7449
69.8547
106.316
-63.836
210.761
148.4
50.9403
18.1267
50.1146
77.6207
-62.9189
108.707
26.6014
148.919
13.9338
166.442
177.288
-86.3463
132.409
184.024
3.7324
122.812
-50.9524
226.156
170.283
21.9743
37.3466
67.2459
14.0469
-29.9953
-56.8791
208.779
49.9409
-141.125
-143.187
70.3935
73.5686
-94.9864
-160.834
-125.68
24.807
276.33
-206.253
64.2786
32.4114
83.0007
97.371
-81.0752
125.002
107.015
28.3027
153.039
3.82454
22.9944
83.7028
62.0911
88.5665
-97.9566
93.1826
-128.032
22.4627
-108.808
-47.4034
17.148
26.3295
-80.7654
40.4339
62.0252
-314.778
61.0203
8.41515
130.485
-37.3897
-154.415
23.6719
11.8235
106.887
-13.261
-114.042
48.1909
174.955
-68.0378
9.41273
-36.0643
57.2186
146.473
24.0055
-33.1255
220.652
-59.4422
66.9193
66.3424
91.988
86.3969
209.917
25.7348
-117.063
173.409
184.238
41.4816
52.6358
-68.6679
55.8814
124.749
76.7696
-70.4235
-123.426
-108.48
31.6957
-122.66
-259.472
-186.256
-196.534
11.6579
170.84
-52.5346
87.2596
-117.636
135.258
59.2957
101.024
-25.5331
-24.3594
32.1847
-223.797
-208.946
-51.2637
40.3245
-171.289
-157.459
21.8454
38.9817
52.285
-236.069
24.5627
24.0929
119.562
34.8416
17.4588
-296.105
-73.3185
125.238
-57.8986
-128.728
-87.0036
142.492
70.2697
123.889
-109.039
81.6222
-128.172
-107.708
44.1329
214.016
165.117
-61.2478
66.5282
-23.2383
65.247
-64.6395
-15.7206
95.0268
-260.741
-257.821
-255.567
41.6913
-148.17
-67.7706
272.367
-194.661
-61.9414
12.1163
-64.0199
48.9718
90.8987
-60.6641
215.592
-84.493
141.369
-72.619
47.2069
39.0026
110.909
-78.8464
-19.1234
-166.051
-103.852
99.2115
12.2797
-13.8988
239.159
-8.62276
169.587
28.9107
63.1374
-278.262
44.2192
54.6935
-14.5238
59.9943
33.7248
-80.1146
56.6249
102.789
89.4051
245.623
82.6004
-179.144
31.8004
-174.933
-243.194
75.6556
56.4748
40.5362
24.3164
14.867
27.1921
-105.512
12.0052
-68.5591
186.051
149.001
69.5997
129.263
-12.422
163.96
61.1681
-36.4735
-28.4595
-59.101
-18.3543
77.6691
-51.5904
116.712
212.962
84.6035
35.0656
81.0155
50.8417
-151.646
-93.715
-23.1599
79.9528
-83.3448
-102.768
-213.51
42.9103
79.877
79.5769
36.1306
-12.6025
91.5467
124.604
83.8288
37.1874
-40.6982
-38.4613
136.582
-83.3257
21.3558
80.8335
-139.517
59.5367
-137.667
80.6603
-61.0206
-44.6039
180.417
241.02
-50.5232
62.9439
266.663
19.2818
71.4711
29.8433
34.9587
-89.0068
32.1856
111.423
109.551
46.144
188.678
-92.1073
-77.9118
-18.6841
-105.97
-28.2242
118.296
225.015
29.8691
101.84
24.7713
-30.5702
54.232
23.7335
113.704
6.90251
-36.531
-38.4849
164.59
58.7211
-264.227
28.1074
38.6111
-88.5994
284.957
98.1071
-64.7323
74.9768
104.543
54.7535
176.678
-46.0137
30.2622
114.3
54.946
74.0465
175.111
68.1713
-23.3382
-83.5722
31.7489
-158.552
80.6896
108.53
28.9375
-21.21
107.068
229.504
63.4951
91.1227
89.4738
313.226
37.241
-116.554
-147.531
65.1739
155.366
-14.6414
67.3013
305.536
-111.724
54.7648
44.2478
33.1259
97.9398
-51.0419
-121.941
-152.178
14.3378
-16.4395
-183.832
51.428
-87.6792
-32.8551
24.3778
-129.587
-40.1345
-198.579
-104.163
30.4906
88.3668
121.993
30.7228
-22.4304
128.681
-47.3165
-82.1777
-71.1356
59.2332
58.8542
58.5732
-43.2294
46.1561
70.8215
9.0188
-59.0579
112.067
39.3575
-140.106
137.836
-43.3532
76.1574
-93.2974
26.2019
-56.363
29.7281
168.441
275.812
-151.957
68.1098
126.676
140.655
-50.9412
-66.5302
-143.022
61.2092
-267.803
82.345
51.0937
205.147
-329.875
140.737
-343.555
40.9336
-43.275
203.63
-351.737
-109.22
316.568
103.583
81.4097
-42.5322
56.7684
-138.791
121.553
17.247
-68.5767
67.0287
32.3723
172.395
-137.344
25.2043
38.0714
-67.512
-49.8746
-97.7234
90.07
-38.1418
-79.4181
205.554
88.8183
15.9049
42.1004
43.9719
222.842
87.2096
40.3628
138.708
89.8338
61.4383
-177.97
71.2308
158.31
106.252
-89.6115
106.099
43.7635
-49.2788
16.0464
75.5569
85.9075
-62.1369
-15.2162
-143.538
44.3157
82.2019
29.5069
41.025
58.3025
-25.1116
-205.749
36.2386
-145.323
-71.3539
82.3215
73.7202
70.9276
59.8475
175.918
-97.4709
124.276
35.6185
45.0782
102.706
52.8622
237.111
-87.4194
49.4055
126.221
97.1594
22.4601
-28.2239
-40.7848
-60.8224
-109.649
70.8917
100.343
-337.492
76.7356
39.2015
4.62201
79.4205
40.8739
5.42641
-156.08
22.2793
109.454
38.3994
48.4855
-43.2942
-111.311
193.519
44.8677
-57.3925
28.7093
-97.6602
-198.115
177.267
129.021
107.294
58.6841
287.342
-244.251
-75.3069
63.8041
31.6044
89.22
-51.9567
23.83
20.0427
16.8052
-70.6097
-92.1054
3.76942
-249.677
134.879
32.24
128.826
63.8385
-46.0377
57.8055
37.8373
-113.75
169.573
38.1402
43.0167
194.64
-25.1693
200.785
56.9637
127.329
195.821
71.3854
-169.441
-48.5492
68.4776
-109.792
17.734
-105.298
-130.266
85.5844
-63.6357
91.8959
28.2801
52.3827
57.7805
45.9419
17.312
92.783
18.829
-30.0517
-48.6022
25.0646
124.284
82.4303
-60.8381
57.4177
5.42685
-65.4667
-82.5042
19.6022
41.2462
25.7886
-43.2017
-187.765
30.9421
-21.5715
-44.7649
151.796
-35.2725
133.987
54.7452
30.2607
175.231
-45.4013
98.0227
-273.277
6.88916
26.8333
52.1039
74.4173
100.654
-282.528
176.293
105.08
0.372249
10.3701
124.398
84.1819
-25.9677
24.1666
-166.704
216.172
75.8482
27.7368
-54.4333
-113.101
-144.963
-47.5802
194.068
-37.5495
15.3426
-45.2154
23.5322
-65.1381
-78.6201
66.1587
-79.5626
-48.2386
184.931
71.4241
65.2633
-35.1453
118.13
-32.003
-167.964
-42.7322
348.436
161.868
57.4488
58.7513
46.6106
12.5888
83.3186
178.675
147.796
-206.033
44.9434
-64.8753
-77.9555
11.8223
67.2294
183.775
82.5592
83.154
-35.112
36.3703
-55.6563
-79.1024
-64.58
-199.95
-13.8701
51.2694
-19.7363
82.3758
104.332
-124.884
-86.4489
-68.3669
-64.0748
-69.434
33.9012
-137.606
-41.6677
-17.9181
27.3626
28.2156
-82.8264
82.8726
65.5092
-103.697
-21.0742
-46.2007
71.3172
71.8503
29.2543
35.464
-59.7947
57.6354
-162.284
169.971
-311.963
209.582
41.4205
142.452
65.4912
86.7374
52.7098
172.889
65.697
-38.5949
187.395
241.076
91.2396
-45.6436
208.491
-99.7215
104.976
-178.428
39.7301
-37.4187
123.649
73.3954
46.7834
-60.4726
-135.565
55.0175
122.539
22.2045
86.4775
-22.2415
67.803
-109.041
86.8023
42.0692
67.3454
20.3309
-49.1713
113.125
-198.527
-38.3369
108.084
81.1281
58.9796
-59.569
127.789
100.232
-237.561
36.1127
-148.123
58.4731
124.821
70.2379
-144.118
38.0201
15.6944
58.7251
-119.221
60.8285
-317.778
188.486
220.847
148.923
65.5476
-241.259
-106.603
-258.893
151.075
-137.398
156.664
31.2406
51.1421
157.174
2.24922
-31.5412
158.001
24.2805
118.518
207.637
141.416
-80.5668
49.3524
104.061
56.4039
90.0032
-37.9547
154.64
46.372
18.3137
195.715
73.9632
-23.9453
-91.7564
-201.682
61.5104
-79.2624
67.6711
-108.151
-39.5649
-284.51
-261.205
32.2029
-38.8848
243.244
-21.0665
-52.6518
128.031
118.94
-118.14
145.605
-78.9407
7.0378
-92.6316
10.527
-52.5875
94.6753
-60.0664
-45.6351
34.7732
52.6053
8.75712
26.8831
60.1979
57.7655
-87.639
-62.2923
166.551
120.498
-23.2433
33.0605
68.4907
191.748
-59.7286
45.2607
-145.087
62.6412
20.6795
244.489
-83.6048
236.077
-29.0752
-57.35
30.6139
19.1071
93.8694
139.439
69.3877
30.2641
-28.1937
-99.9661
-34.4771
187.602
72.1485
-192.985
55.3975
54.9615
62.3409
-25.095
128.519
-103.85
16.4908
56.4129
88.9834
84.5227
-54.5131
17.1585
-171.933
-83.2849
64.7142
-23.356
-103.55
-64.7727
19.5393
54.3357
42.8852
65.5705
-161.503
66.6197
52.1859
79.0834
-43.0282
192.307
-99.1943
-214.751
-104.056
91.03
50.1674
56.5369
170.14
-90.2712
-59.7679
-65.8047
-79.0934
-86.2975
-55.3274
-39.8388
50.0115
-52.6927
-98.3772
23.6996
-84.4672
19.713
-70.7546
-113.273
28.6262
35.3749
-69.7179
65.658
101.838
-202.605
100.981
-232.499
110.332
129.209
167.465
-137.579
-50.4509
-63.6895
-54.4705
151.526
92.8142
45.5365
56.5037
30.3519
-233.112
-85.3299
24.3507
-96.0338
-112.152
274.108
9.4755
-32.938
324.698
31.7276
-75.7941
-86.2705
311.497
-5.67512
-33.0308
-61.004
103.684
-19.4928
16.3776
26.492
-115.542
228.614
155.525
-140.094
122.289
79.2025
153.866
39.8707
28.3377
85.0559
159.213
60.1164
-61.844
-39.2106
-35.3069
-60.2299
30.9527
67.7848
56.4937
112.977
-173.266
56.5539
-135.299
-86.4432
-40.5427
19.7541
-47.4583
-61.351
101.61
70.1177
-58.5954
-124.477
-56.0196
160.151
145.154
352.002
72.8847
-24.3906
21.7018
139.305
-40.711
-126.888
9.72642
-70.443
-109.882
7.40539
107.782
-62.3997
60.0344
67.4778
78.8994
-211.152
108.424
171.094
-46.8613
220.316
-104.833
21.7414
-105.529
14.4878
-218.294
277.362
-34.2746
-47.1231
75.0055
113.035
35.3499
112.96
13.3906
188.05
2.61344
37.1658
-60.4419
73.1076
-128.306
145.178
121.776
-67.254
109.01
-197.284
205.772
91.567
28.049
92.7764
-55.3837
-222.785
-36.7525
61.1443
-193.816
103.716
-170.365
206.635
69.7551
63.9225
78.8652
-83.1769
-47.6203
-352.81
-91.8918
241.664
117.094
127.081
72.0789
141.757
-236.911
-95.4865
-72.3317
33.7305
57.8897
-125.34
132.921
-82.2433
41.4765
52.0176
-332.46
-200.71
-40.7762
42.6251
214.656
-68.7585
87.1712
-217.668
-49.4946
-58.3099
206.288
50.6151
70.9199
-81.0956
118.863
20.1673
98.4316
17.4729
-219.348
39.1155
-122.946
167.562
-51.4477
34.4882
-99.6596
88.5774
86.2012
73.2145
71.2366
28.5363
74.8491
180.903
-39.7312
-67.336
20.1783
59.7433
-42.8637
-23.7979
-79.1399
50.0342
21.9831
-278.735
-38.8999
246.242
-244.135
-61.596
123.448
69.219
54.5492
54.9591
15.8044
38.0449
91.5755
103.326
9.10878
41.9819
49.6278
53.5969
92.3768
105.72
-34.7131
-99.1904
263.492
23.7414
125.478
72.4355
155.579
-181.329
35.3619
43.3896
33.3767
76.6394
139.207
-130.885
-65.5812
-194.051
351.639
-60.0101
-67.987
-267.088
134.961
-103.274
-38.5491
-30.7715
51.2001
125.549
267.426
82.6433
174.146
41.3953
-45.424
-241.685
110.569
162.754
-30.3056
84.8102
-138.358
62.7128
-321.623
100.795
-192.595
-20.4638
-61.0929
35.6368
49.6002
29.9041
22.7026
28.1719
165.273
31.2218
-151.589
10.1687
-65.612
-85.4574
228.24
-131.425
163.11
26.8103
80.4425
174.46
-115.266
-46.3845
-155.861
63.7145
-49.2271
45.2828
340.889
237.305
-46.3937
-23.4785
164.712
68.5619
4.41055
12.325
-36.2186
165.849
35.1342
-109.365
119.238
194.324
86.7146
-61.679
-120.807
127.169
49.3061
182.297
30.6098
25.2303
29.2366
-51.8321
57.4313
59.9216
77.3388
-44.7641
9.35255
26.6407
211.749
-33.4266
26.5115
168.164
21.8846
40.5118
11.2346
-28.2885
-46.6926
-173.763
246.13
-23.4024
-87.903
-324.597
47.2531
228.435
41.247
173.467
-81.0147
57.6881
127.911
58.6847
-229.233
-79.945
-26.5224
57.3686
18.6456
-159.104
-126.849
197.773
-106.844
53.5913
89.4446
83.3318
119.586
60.3662
-30.5671
-41.2154
23.1264
-55.7092
-216.274
60.3862
67.8484
-133.994
-53.2424
41.4971
30.4459
-81.8781
63.9652
73.8839
66.0429
14.7396
83.8516
17.5391
-124.673
-59.1134
-112.538
-177.656
-36.2696
115.782
57.5436
-97.0692
-51.8459
290.104
-31.9737
18.0088
-74.4244
116.527
-119.431
-29.8716
106.013
213.659
70.8599
35.5491
-18.0924
189.419
-137.27
52.3171
31.8379
35.2512
85.4109
-40.9065
72.7999
96.0183
95.3463
31.7513
-16.3922
97.8994
-352.535
-29.834
228.07
-24.4892
-103.822
59.5331
33.2638
46.2822
41.6968
-12.9303
46.828
62.4088
50.4937
67.3916
35.057
69.4391
149.125
11.0671
15.4842
4.40462
82.7192
-95.6782
-173.082
-35.9554
-227.55
-57.0243
-62.1997
150.907
-125.338
16.5261
-34.3622
-140.046
16.7914
-173.564
-143.228
-104.956
-94.8214
-38.8682
26.202
-71.0479
270.21
114.702
101.325
-162.963
67.7696
124.335
115.925
31.8693
-118.595
24.6745
68.5561
-135.004
257.452
41.3277
154.046
83.733
-31.4021
-26.4761
37.1701
-45.9865
34.7638
54.7644
-37.3762
88.6724
-6.35217
123.681
-241.683
79.7052
264.392
66.0927
-200.393
17.5582
69.4417
241.013
-29.9111
215.869
-275.165
-46.0458
41.6618
-204.869
173.764
58.3905
-120.851
262.085
71.0226
192.426
192.896
-327.892
-12.9613
277.018
40.2576
53.6262
192.228
63.4628
45.2747
-79.4596
-112.229
-34.9028
-242.023
-352.135
100.359
129.437
-65.5989
34.0769
48.3937
-33.0184
193.661
53.7597
11.084
-93.4212
16.0082
259.708
115.214
-249.788
17.1517
-43.2772
154.83
25.1976
-4.58236
105.078
-37.4917
63.8245
41.3235
236.16
-19.7292
-107.732
-146.016
76.2893
-43.2187
22.1924
110.523
16.7199
8.08245
124.297
-75.4255
-84.0493
-97.4702
67.7262
33.693
51.0025
-6.90325
-72.9543
222.803
80.4312
29.1424
13.2439
77.941
176.967
-89.6171
89.696
-102.002
-26.3515
259.603
-261.384
86.3396
50.6791
-29.9179
101.758
-24.3965
64.7938
-52.038
-72.4901
207.224
103.343
48.442
-106.076
64.6118
98.1171
41.8308
52.4909
62.9418
105.503
-117.246
151.308
157.404
22.7138
52.8834
114.144
-53.1919
31.6413
-60.1141
-69.367
-52.8751
66.5871
114.984
-31.8764
-126.261
60.0027
121.455
-114.986
54.6957
112.255
-69.2382
-17.7553
51.6233
73.682
145.455
15.4526
8.86849
40.4264
-32.6994
175.745
66.3862
-241.167
60.7982
-40.0648
-65.0958
59.693
-32.9736
167.622
108.946
40.48
93.9884
101.45
-44.9997
-52.1668
-251.145
139.797
36.6971
20.3037
107.685
-43.4036
119.39
78.7587
75.5238
183.019
-53.0741
-87.5348
102.654
-145.096
14.8081
15.7617
-230.962
186.691
48.4887
12.1169
-52.7349
-55.8396
-43.1559
-51.5486
24.0513
72.7886
44.9721
-117.079
34.3533
145.053
-47.8547
-107.94
-22.2558
14.7179
-77.4015
111.664
19.2433
51.0929
-199.679
-60.4993
156.322
-51.5023
-81.6374
208.184
-47.3557
146.027
139.844
-42.3375
65.1909
125.293
88.1874
-161.292
26.9156
-125.991
-24.567
33.0997
124.141
77.4068
64.4281
-94.1825
86.4818
74.5095
148.939
-93.2156
-179.896
21.7705
-39.8969
-236.766
42.1811
23.4921
-114.729
-27.7188
31.4941
166.495
52.4888
66.7422
-25.5754
17.6735
64.3617
-40.7852
64.9272
40.4717
319.153
93.329
102.071
75.3061
-20.3673
47.406
74.1124
52.3133
83.9281
62.2084
43.2655
97.6962
9.91852
-106.902
63.2828
115.414
-70.5447
-40.3563
290.893
-335.616
122.276
70.0823
-95.7954
-106.236
85.8798
-250.076
33.8742
51.9006
58.1059
96.4132
-39.0157
-89.3681
108.434
12.895
-80.4536
-31.4756
-215.639
-120.626
-47.9354
11.3456
96.1997
224.702
76.9227
-39.4977
-72.5965
169.857
-202.629
25.9176
-98.2931
-33.2929
-29.9627
-88.4204
-28.7956
-309.911
32.7698
104.733
-123.274
176.177
21.6573
-114.198
-213.503
-41.1408
46.2777
115.974
53.1524
-101.352
-35.0543
-21.409
52.5092
165.456
67.8553
128.132
-63.1851
-169.718
-21.6283
-70.7624
-133.531
-111.174
24.2842
40.6016
65.7915
249.805
128.925
171.176
36.8446
85.9155
200.226
-60.7362
76.9972
71.6507
-44.6348
-287.026
107.907
-21.1662
40.5592
-108.261
-100.86
-163.735
-40.5308
67.9638
-83.1206
-26.4873
-135.178
165.526
-163.572
80.4931
180.207
107.053
-16.6553
40.7084
-132.663
-6.81059
98.3893
103.086
28.3496
-203.522
97.168
221.692
144.115
81.3216
33.2248
51.2832
-88.1646
81.8049
-43.7085
-112.644
-46.3524
148.903
82.2654
161.088
-115.934
261.158
-46.5413
-23.7953
-42.7557
58.0546
72.6933
47.3907
293.329
123.342
-43.1654
157.357
69.913
89.7866
2.90683
96.1196
93.1592
93.2574
52.6307
48.2773
-24.9187
351.542
-251.094
263.146
157.262
66.962
23.2947
14.5802
13.4463
-97.0814
-134.428
-124.781
85.8402
7.60188
65.1328
69.1756
103.609
54.4214
99.5807
168.762
-228.237
-10.2063
-74.6967
-70.2015
86.7378
40.7506
233.933
89.0928
242.084
89.0307
187.754
49.01
-43.6698
54.2365
-163.305
33.0181
118.348
-167.691
129.308
-229.994
268.391
72.4806
-22.4809
44.5925
24.0912
58.5784
-50.6289
-42.0961
-61.6163
-33.9321
30.1964
-214.088
-194.271
114.417
29.4073
-67.5102
49.1645
13.837
-137.815
172.143
-143.814
161.282
91.292
164.595
174.278
57.1013
-27.5659
232.54
19.9272
72.5781
-51.873
-75.0019
214.082
7.97947
-90.5599
-218.975
97.035
53.0696
103.036
-135.085
173.767
22.0452
87.845
-60.5402
76.6575
-176.925
-144.423
111.533
11.8944
-248.864
110.247
109.075
17.9935
173.742
68.7974
18.6115
-99.1721
50.4029
-220.691
-160.864
-63.3518
-14.2269
65.7998
49.4636
-187.632
-35.1647
67.4711
114.601
-25.2432
137.472
65.1745
150.695
94.6839
-121.256
-177.261
107.696
5.98392
64.1982
-120.749
92.0315
33.0454
-93.4261
32.1954
-60.805
-114.462
112.891
65.2682
90.0197
232.455
-64.0844
64.9486
32.411
202.175
121.747
169.094
39.5664
29.8354
-104.267
-193.339
224.304
20.9159
-158.874
-183.509
-158.662
59.7985
153.954
90.0997
-174.477
100.073
-57.2562
-36.696
-32.1918
56.4252
113.36
-351.951
-60.4202
65.8355
69.8331
-138.268
-34.3212
-41.5103
-132.801
-48.3626
-17.4816
-70.3431
71.4607
49.8746
196.214
20.0357
14.2484
166.042
-203.48
13.8873
59.2232
-196.81
-55.6788
46.3635
-62.4518
145.695
113.588
-31.0971
47.7762
20.0508
-44.0225
44.0516
44.8112
26.9029
18.9645
21.091
68.1207
206.262
32.9961
174.838
51.6577
-172.793
99.6778
38.994
-86.3358
-131.131
-205.377
117.33
72.7849
135.638
32.8403
304.163
131.888
-66.1128
112.47
96.8706
61.9542
-31.8318
-36.2009
55.1192
-73.0742
-7.34512
-60.9872
72.0394
133.471
163.112
-47.4132
-6.40464
17.9725
39.6403
-117.429
-140.948
97.683
-121.221
-49.9933
10.5613
46.7039
49.3235
-51.2043
113.985
-55.9801
91.143
28.732
-119.833
-122.992
-91.0151
81.7476
274.049
202.997
26.7095
-106.581
66.4313
40.4756
20.3602
8.31723
44.4023
72.965
-40.2406
33.0237
101.937
66.5195
-318.914
14.679
243.398
-63.0593
23.562
-26.0306
206.535
185.575
-24.0207
25.4467
104.938
-36.3916
-46.7362
-37.8506
-11.3789
83.2099
-70.8144
5.82059
69.7811
-26.688
172.801
103.096
-182.258
-159.251
123.952
69.672
-134.438
64.6672
100.261
13.8786
76.2204
47.6471
74.5776
-152.533
171.678
-43.6226
78.8761
-223.926
-240.875
15.477
-15.4592
12.6339
74.7851
-126.702
-81.2417
33.4746
101.312
39.8291
31.9072
100.578
37.6968
-33.6053
182.419
75.1555
37.5975
-173.153
-71.2128
181.437
-80.0769
110.048
123.948
38.6489
51.4251
118.671
36.4367
63.9034
6.45774
17.7862
-62.9599
-275.75
158.108
28.6679
43.7178
50.1608
32.8358
68.2501
-165.061
48.9128
-98.6912
44.3195
-106.939
-158.905
57.0497
21.9546
-127.24
93.2315
-68.6686
221.601
121.981
-83.2426
136.482
-70.9949
-125.502
74.8844
262.545
-238.253
32.4316
169.954
-19.5458
146.995
-61.4847
130.015
-43.1511
-200.912
38.7281
-88.9058
175.905
-23.6277
146.421
137.654
5.97129
-34.8322
59.9849
116.31
-43.6991
204.957
-82.9424
-66.8729
-232.706
-157.35
-39.4675
-132.801
76.4077
-150.165
-23.2559
62.3794
-146.7
111.53
-296.24
67.1281
53.2791
97.3676
-190.321
-143.862
-141.313
153.986
134.447
54.0283
176.212
65.1427
-16.0386
238.168
106.916
53.7122
61.5012
41.7864
-169.475
8.32514
80.1717
85.8552
57.8369
-54.1941
35.8371
-84.6064
26.2451
182.368
-108.956
118.26
350.952
55.0256
48.5169
52.3297
182.407
132.461
135.501
43.8234
-72.3396
-53.4069
-73.022
-352.231
47.5504
-47.8702
-269.316
6.05302
-33.3953
97.8451
-54.4555
229.023
173.615
-152.297
-153.763
73.5252
80.5507
33.6956
45.9772
31.626
54.6204
-41.0632
150.758
58.0864
-28.3422
12.8804
38.2747
-143.971
-123.591
-98.1285
70.4393
15.9635
-77.8546
123.137
19.0755
23.9905
-19.5341
212.003
89.319
60.6428
64.8907
35.0996
87.1024
-44.0435
-48.9893
52.9528
-149.753
49.6759
166.746
142.018
103.743
57.2847
54.603
110.999
48.558
107.959
161.702
-182.985
27.4962
52.1858
66.6243
-29.7715
-42.9066
106.908
257.364
26.2527
-19.909
-139.529
-30.7956
57.0062
-154.911
43.1274
-91.9988
156.593
-91.8489
-49.0901
72.8031
-90.352
135.44
26.4629
-16.661
109.621
142.697
333.893
-207.863
5.64165
35.3245
-59.4517
-146.109
125.519
26.6986
111.004
113.776
81.5152
-215.049
26.3568
19.9283
-163.405
52.2591
32.8134
-26.6245
-191.354
60.5908
39.4397
20.553
162.932
45.6827
-21.5363
55.5484
146.963
122.898
-212.045
25.5065
-114.694
165.143
144.372
181.615
76.6918
-41.4585
-98.3343
322.647
32.2974
91.2312
63.6765
105.475
63.9064
-97.5835
175.774
40.4944
-114.428
149.199
87.3705
63.9063
30.6493
10.3851
80.3645
-189.102
-11.0423
79.2339
-52.4166
12.1469
43.9617
285.158
242.758
-23.3326
11.488
238.593
55.8293
6.34372
-107.795
-76.3403
106.586
-26.7045
-61.6749
84.4678
-173.567
-6.938
33.5171
105.66
279.284
88.932
117.989
116.822
29.5047
341.5
16.5819
120.13
108.209
66.1272
83.8784
31.0455
52.4921
128.76
-38.7638
51.8915
257.293
-25.6488
306.729
-73.9399
-89.4984
-35.025
214.267
-29.3966
-185.656
12.9436
167.461
77.0688
99.5665
53.6965
211.029
-16.2247
-74.6001
-85.1179
-65.1126
-134.336
-72.3316
191.167
48.6914
71.3519
107.14
142.39
224.945
38.038
77.949
72.8521
-151.135
41.2297
-29.5103
11.5701
195.832
131.431
-40.0965
208.122
75.6843
72.614
206.003
24.7697
21.9113
351.928
-220.73
107.352
-106.168
-68.3414
40.0572
-63.0521
48.4076
43.1163
16.9057
30.8826
32.0032
15.4344
14.655
9.37503
69.455
-78.5773
29.4798
85.2705
180.82
29.2109
92.2505
-50.1952
-99.6155
17.5448
48.838
32.2017
50.855
110.071
27.2024
-170.388
-150.714
-105.457
-113.761
117.835
-9.75752
-87.3804
-39.4264
157.191
90.1507
-82.7203
-21.1813
47.867
24.5784
54.5716
-58.4045
147.04
20.0811
-31.7866
-33.2828
66.375
129.33
314.043
80.0506
79.6865
-68.2805
122.721
83.0304
-92.8391
-70.8778
-49.6739
-33.0587
-21.1118
-44.0655
-24.9961
108.928
24.6931
-141.443
8.00706
172.688
-221.216
119.588
-49.6179
98.0819
64.4932
165.336
-16.0794
69.8655
-120.692
-147.517
96.8649
304.139
22.8314
157.729
104.358
24.3973
29.0165
238.861
-79.3887
19.9385
180.557
94.6398
48.5294
-58.605
58.7038
30.9803
76.6904
182.66
-33.1027
-111.125
73.7779
168.211
56.7115
-64.5863
80.6604
-70.2842
97.3551
97.4349
-28.3349
252.055
33.5058
-76.8609
57.3006
-149.242
56.5054
46.7756
-108.688
12.785
338.92
28.9025
57.4028
112.938
-104.999
-50.9839
-61.777
66.8737
79.6855
-213.074
32.2074
97.2914
111.174
11.9498
-151.442
202.305
-161.093
23.6803
-67.2508
-42.5685
18.7873
55.7325
120.266
-70.1699
-49.4405
-23.2483
-90.8162
-48.7666
99.2644
55.5375
53.2339
-210.484
182.813
-39.5154
-47.5217
-59.7033
32.3963
72.5523
-40.4893
38.7119
135.778
-84.1862
100.608
-114.109
268.817
-96.777
79.7716
-72.5886
109.378
84.2052
88.2991
-83.5449
85.9534
60.9327
37.9694
-37.6333
-158.897
-22.3033
59.1389
-66.9813
-77.8811
-73.3463
171.601
74.4086
-40.7209
-179.109
341.061
-185.973
-52.4609
44.887
39.2479
33.429
-80.3032
197.912
-15.6443
51.3402
167.078
-103.937
69.9468
98.4298
45.1781
295.615
95.3539
143.194
47.138
54.8021
7.3828
-15.3861
-46.7148
189.483
24.26
-50.1606
-111.54
-95.4505
42.0604
65.3568
-224.448
43.4383
41.0491
78.5031
170.041
86.5846
96.1355
160.063
59.8546
126.868
-95.1794
146.149
29.9619
-55.9446
174.688
4.15943
36.6411
-40.4037
41.4473
-54.7535
87.6445
65.7371
-63.3781
236.282
121.231
224.147
127.293
-159.468
-77.1605
93.4156
137.017
-124.11
-259.538
45.6859
134.201
-45.2234
55.548
108.804
-44.8687
80.8517
-130.66
134.941
42.0037
63.1725
-63.5315
32.254
-47.5714
14.5653
40.7854
93.7009
-35.0009
163.658
-116.144
-48.5622
-49.5583
226.568
75.824
180.085
-127.769
-81.6027
-38.7018
-102.053
-32.573
-130.681
58.6535
-101.943
-94.2706
28.5125
101.458
123.404
16.5935
-122.512
-195.328
128.545
-61.9228
-14.7845
40.8642
66.4896
13.8712
33.8453
24.1359
-140.367
-9.98253
31.9879
269.586
101.918
175.634
51.4117
149.374
-92.7576
71.0355
174.618
17.7421
66.3683
-192.596
287.041
185.843
-112.159
43.4232
32.6363
60.9611
50.5809
23.3288
26.9307
184.428
48.962
228.117
32.9608
51.5224
-51.4644
76.3811
-215.628
105.43
38.9798
49.1818
-50.7085
-24.2607
108.849
-91.0665
-266.623
24.853
-39.8046
9.19097
56.7696
-131.339
157.947
255.495
30.5044
30.1717
40.0966
26.7556
-76.5302
-43.4046
33.6535
-22.3093
-23.8172
101.92
-40.0741
110.246
64.6605
-36.2436
41.8966
61.3113
-37.6323
32.9409
-64.8985
-171.727
-48.1051
-84.7736
159.46
46.0318
96.2032
-98.3581
16.9685
-54.0975
93.0698
195.261
103.076
65.8135
-85.9401
166.727
-56.8568
92.3471
130.965
-90.3954
-48.7974
143.411
82.1282
93.2232
146.513
-283.045
29.9299
-130.691
26.4678
-34.2323
-50.9863
121.6
55.7505
-61.126
-102.624
10.3042
-228.271
-22.2773
64.0363
-42.2743
34.4153
62.739
197.14
292.846
146.323
-41.867
-126.247
-166.233
116.758
60.8163
153.847
50.618
40.6377
272.34
63.8309
94.2144
-3.55344
101.369
-121.845
165.899
47.6235
144.956
30.2654
59.8221
155.701
-44.8836
53.6009
18.3728
-104.949
-68.7812
53.1162
145.96
192.798
16.8974
69.8199
154.106
-99.5931
-153.732
-80.8483
-56.2691
57.6567
-98.985
50.9377
-44.1518
-42.7246
-58.1241
115.098
65.6456
-134.184
162.896
125.321
42.2946
68.5532
-31.3653
8.7775
-101.472
86.1795
47.5266
-87.6397
70.1964
49.971
49.983
77.5606
32.4393
82.6482
47.5485
-17.3067
58.6781
-65.5514
-104.632
303.102
-33.7264
132.482
58.5481
-41.3701
-280.066
107.682
-71.1395
46.2716
-31.5545
165.805
-78.2983
40.4545
-23.1584
311.48
147.812
201.37
351.465
56.7722
55.1317
22.7259
81.5373
14.9468
-213.601
-64.1823
71.9615
92.519
-77.4214
49.1295
130.691
-65.3529
-16.2544
62.6593
-55.2752
61.7442
-113.435
12.5504
-177.154
24.6767
-136.246
-270.628
135.691
78.3134
41.7573
-76.5838
16.171
151.646
-49.1534
64.1445
87.9697
66.2191
-102.951
63.032
38.1621
47.6488
-56.0588
-159.786
248.164
100.949
-57.4032
-55.5154
40.1705
-7.39213
126.921
-44.0851
-72.1566
-81.0325
176.311
114.774
107.031
12.5874
-77.3017
-55.8181
-58.3961
-98.567
52.3539
90.725
-164.014
-33.4418
118.616
-192.46
-57.1292
70.7977
43.7843
43.4051
54.5996
154.311
43.226
27.1651
-51.7052
-47.4659
169.013
82.9119
-242.975
50.3761
-120.79
37.6042
108.357
226.511
-202.806
246.24
187.17
74.5018
131.394
117.269
44.9331
62.9267
72.0734
-65.0708
75.2609
79.1115
-10.836
-99.9831
95.6923
8.27887
-48.1536
-76.762
-140.073
88.609
-168.771
-44.6633
52.3912
172.092
160.829
-155.807
144.245
-89.9982
63.5462
-51.7256
46.013
101.849
-27.8369
35.2132
67.6324
130.557
71.4468
71.6484
-120.957
-30.078
81.7873
-53.8571
-123.728
102.993
81.8059
-63.1358
58.7411
-95.6122
-207.755
35.4127
265.226
207.334
34.9353
-219.305
19.6782
152.632
129.986
60.8233
-143.316
-82.1233
39.5126
22.3499
48.9972
60.5317
62.3319
14.4092
-14.0065
16.6799
-117.874
-125.502
-127.229
31.9231
90.9447
61.7881
44.0525
56.4898
-59.7912
-45.2284
68.5502
91.0438
69.5362
-27.0283
44.9797
-118.897
100.706
169.143
164.779
103.039
-140.386
8.68013
258.155
27.2753
89.0778
115.199
30.9563
133.513
250.344
-39.6547
-275.663
-11.3914
45.2825
-5.45411
56.1963
12.704
-68.1054
-101.725
130.098
-241.96
162.788
-114.555
-109.257
-127.903
-75.5749
46.3874
28.9295
187.193
76.353
74.0241
-83.6068
201.001
101.664
19.3942
80.0085
-85.4866
239.916
69.9068
15.1133
28.5062
-44.9799
80.1235
40.2258
-42.8482
132.002
-103.695
16.9362
157.836
128.669
-115.618
167.721
14.2929
-143.459
-33.452
108.29
-47.8365
-42.0397
263.38
229.445
52.7215
27.8198
294.221
22.3666
61.9677
-152.419
224.237
15.6289
71.4439
168.255
-82.5253
-51.8342
-303.721
48.1242
97.2841
56.0095
59.5719
-81.4866
17.1757
200.703
35.6835
128.827
17.0852
-43.9975
-39.6945
117.689
170.186
135.518
4.31405
76.6185
71.5699
76.7124
45.1356
192.188
-74.1853
-90.662
14.1368
70.2608
6.70339
-18.1387
26.0551
-352.505
255.189
35.5061
-100.053
-30.0545
-30.1471
118.739
-55.0327
213.88
50.3388
-292.456
62.4704
54.3076
-228.889
69.7411
60.981
-10.0067
-14.749
42.2013
119.592
-177.876
-151.167
-94.0313
28.9432
-100.539
21.9319
98.0854
-42.6889
66.1133
68.6979
97.3392
-75.0879
104.917
85.0721
137.995
-113.128
79.2782
-53.5639
94.9951
78.9452
79.1946
-66.2652
-344.697
119.335
71.8387
-47.688
43.7357
82.693
82.9582
152.586
142.436
-217.308
220.579
-25.1223
-90.059
260.705
-34.669
247.577
30.6837
-52.9438
123.314
69.4927
-146.708
58.7961
236.706
141.761
-70.9877
-89.4581
19.6599
87.089
71.9618
51.9202
13.6969
7.74128
153.375
60.4894
51.4962
-167.576
24.8125
133.295
-42.7087
-155.661
-92.9913
28.0153
-185.82
-33.6502
-34.1147
83.7143
-66.972
53.3853
54.0672
200.61
45.2564
38.235
121.091
98.6944
42.4154
90.1772
32.4744
2.38047
-187.686
45.4991
-83.8413
-264.858
-78.3427
85.5758
-76.5478
-19.0866
-87.5642
-64.5964
-21.5666
-204.855
45.4387
101.993
205.515
-41.7616
141.705
49.3567
-67.1665
9.09584
-38.782
53.6383
-12.1727
37.681
45.0008
46.3263
69.9477
-113.763
9.5356
-97.2072
-168.747
72.2977
-60.5869
19.6318
49.3985
-276.652
-74.4534
80.1519
-83.39
351.035
53.3729
-163.623
123.476
94.1249
189.855
23.7212
123.681
55.3538
186.958
148.182
146.366
-59.7317
-44.9627
81.3254
-101.465
-16.8617
13.0308
35.3398
110.427
114.959
-71.2645
97.2795
137.035
148.172
131.695
55.366
25.0664
41.9989
27.6996
95.1589
-48.3069
-77.0753
101.336
65.4124
116.591
22.7936
169.147
190.931
18.3729
16.5681
-95.882
45.5239
63.33
35.0438
-147.146
-208.773
-126.06
125.348
-45.6274
43.8421
25.6786
-46.3935
154.353
137.294
77.6237
-100.366
-194.62
39.5171
33.1531
-352.854
-88.9336
84.5726
-250.98
-100.973
35.4648
264.256
265.188
-84.0369
-17.5263
70.4961
223.383
87.8706
315.399
39.9967
-161.066
-99.8894
-20.4504
-41.5568
-108.953
37.6531
-227.589
41.8444
-42.5811
49.2359
-127.512
49.442
162.355
24.3198
-26.3363
-50.195
144.339
64.334
102.665
-52.8667
-50.5054
301.88
310.049
137.197
67.4024
73.3381
94.8437
23.0663
-140.656
-233.915
206.54
166.379
-19.118
129.413
-55.9655
238.089
298.901
105.743
181.189
221.085
54.1163
34.3577
201.175
200.491
-74.5886
-132.579
29.9665
99.7673
115.154
289.829
-154.785
-137.508
-111.289
-273.877
80.9771
37.5885
-20.0272
-195.201
36.915
-53.2557
24.4647
22.5587
208.316
64.4681
34.0316
-52.9576
108.145
135.504
38.7501
31.4175
20.7807
10.7785
99.2862
101.268
5.96231
73.9495
10.5457
52.7682
-141.947
95.1718
-15.9527
131.544
29.2172
256.724
-62.9575
52.222
175.903
-22.9443
36.7659
-167.496
83.6039
88.2799
101.148
54.2535
4.65163
167.396
23.6014
-127.217
-92.329
45.4781
45.6574
36.9049
10.2421
-9.68088
191.902
56.0531
42.4155
-90.005
-113.465
-318.998
-21.6958
106.253
145.756
-25.6128
51.3457
116.601
47.5833
65.8073
226.082
63.3098
72.2136
28.0803
-16.3774
-266.665
31.9082
106.624
-85.1261
-102.11
83.6948
-29.9875
33.6803
-35.3023
156.134
-189.258
197.102
-65.1535
70.9686
-18.8627
-253.469
68.6876
47.2147
201.91
141.871
106.43
86.1056
51.1811
194.316
153.842
2.6666
18.8265
-28.5208
-18.1507
54.7251
-59.3995
40.0847
77.5345
136.794
-93.8714
59.6298
41.8739
41.905
37.6895
69.9759
132.625
28.5523
89.9789
81.2688
261.047
-87.7493
-24.1366
-90.6825
-46.2971
29.8178
53.3287
351.857
225.551
-90.2477
-33.0377
-154.862
-55.3478
163.693
213.476
77.9444
-130.893
38.7722
125.071
42.9704
68.62
-35.5365
-14.8138
159.465
-111.594
-71.8768
78.1795
-38.7593
-45.7125
-79.8146
197.833
39.8807
-153.854
-121.589
20.2072
312.517
-109.14
76.4086
161.583
52.189
-119.409
146.072
70.9114
-36.2754
139.945
292.583
-72.4371
53.6501
46.2652
-52.6462
145.158
-37.1093
94.8086
49.7237
95.2961
129.344
73.6562
-55.0956
-53.9165
-46.4492
-38.4341
20.6446
33.3904
27.8931
66.6474
-70.7184
115.75
-197.014
237.335
-41.4132
43.968
160.5
-54.6361
93.827
-70.269
171.45
334.949
234.815
-146.656
46.0309
-194.786
38.7255
-11.6133
139.117
142.825
103.759
-66.4892
69.0665
131.579
351.8
95.9426
52.8422
123.665
195.557
60.1757
74.6234
-42.5506
59.7536
-114.134
-47.5439
80.3837
-56.8113
-87.4062
130.062
124.813
42.418
174.99
143.315
44.355
193.571
61.8241
100.564
80.9115
82.5247
90.6048
32.925
48.488
12.2693
-27.3412
189.419
175.045
44.4119
-22.1117
21.4229
-45.961
-309.923
51.1609
-137.684
-18.2027
93.7387
43.4875
48.2525
-115.802
74.6422
7.73468
341.493
-14.3413
235.606
252.833
73.616
88.2206
50.1167
-114.722
93.6232
119.854
86.4449
300.511
-28.3564
127.907
138.502
27.292
-50.5408
28.8754
71.8425
-103.937
92.1627
-71.5849
19.1049
-68.6045
-32.8745
10.0864
44.9524
63.0056
265.652
57.6141
-200.817
50.9653
54.3734
-72.4349
35.8724
30.1467
7.70362
-138.752
-15.8127
-52.9119
-73.5466
143.537
-43.2634
70.333
-216.035
-49.6368
29.3551
116.453
-30.8915
141.509
-72.0752
241.574
207.201
82.5351
-54.4121
146.97
351.645
-69.4126
-128.456
4.81695
54.8068
19.6625
-153.08
135.888
-185.053
-40.4937
6.54344
-36.953
26.7664
66.8652
-134.137
-64.5962
10.185
-118.694
24.2294
-65.2809
-79.3089
16.0417
11.3669
86.8807
265.531
258.283
171.061
61.1785
-69.8828
105.933
149.949
113.459
-163.739
116.908
-43.5038
54.9431
-53.0711
-20.1814
44.8992
82.824
62.141
-34.9371
-351.882
41.2121
70.164
-89.1548
131.609
326.35
24.2483
45.0507
-40.2454
-33.0154
13.7792
-237.156
-56.878
85.6815
-147.61
93.0866
10.5023
69.222
280.976
23.0359
172.103
31.1484
93.5331
-67.1834
24.5683
72.9722
43.3921
81.9692
99.1827
-19.7378
116.821
171.732
26.3871
-154.13
-171.237
-37.3928
-109.725
-140.613
102.607
71.9762
-107.054
44.8633
8.19227
38.8491
-118.577
-176.226
-70.4386
-160.593
58.1028
-94.541
133.308
94.8488
51.6188
57.4966
-32.6393
43.3496
-17.4422
144.866
2.4464
36.3303
-352.544
64.9937
-225.387
-157.837
150.712
-63.1459
89.2227
-76.0585
83.1192
-18.4502
-133.614
-25.9679
74.3125
24.2212
64.3923
165.239
28.4076
-223.835
50.7378
63.9339
-40.645
-138.021
-23.3662
-142.575
-199.564
-115.217
351.188
-42.7885
165.86
165.314
40.8133
202.206
78.1532
135.01
38.5645
122.351
196.701
102.243
23.1106
34.9646
204.954
66.612
-116.781
48.7035
-9.19775
71.2159
-73.3713
113.435
-23.0021
38.7728
11.8486
158.135
-67.5331
10.4243
89.5521
46.5943
59.3456
57.7487
-43.6221
-126.396
85.7604
22.4336
-78.758
-271.763
40.1373
-178.715
-30.3014
129.739
23.7905
91.4589
209.732
-34.4656
-119.901
141.248
-25.9171
14.0893
147.663
96.0323
-65.1331
-159.724
-211.087
-141.361
96.8676
-186.87
-71.0371
-287.988
-85.6966
176.468
60.4355
-34.6021
89.0011
-212.185
-48.1119
121.51
-23.7044
145.587
66.3312
-38.4065
-26.444
59.8802
7.99753
21.0385
-67.6875
19.0888
-298.397
60.3787
-134.638
-124.413
29.4194
-159.99
-175.57
-43.902
117.374
-126.467
-28.1118
147.505
-176.279
-208.481
91.9481
238.407
26.6213
-0.574999
-25.5632
-46.6672
69.8985
25.0681
-135.831
55.3707
84.9988
61.9784
-96.0612
61.0589
-23.4872
-11.8956
133.105
-60.2117
11.1486
227.45
61.349
-307.399
39.4963
10.9919
-137.169
92.2954
-41.4196
-59.9772
-76.683
-42.1856
101.289
-27.8123
-37.4341
68.1781
14.257
-65.1722
59.3452
46.8691
-89.288
43.6533
-236.56
-249.05
43.0106
-57.4593
51.1672
-47.4656
71.7316
-25.9179
28.0075
-55.1482
42.7326
122.388
-31.737
244.052
19.0012
-65.121
48.7215
65.1272
14.1886
-201.215
-81.0094
3.25066
136.143
57.509
-29.8679
-70.6721
-112.885
190.836
-112.272
180.16
-65.4893
50.5993
-68.5886
185.125
-38.5511
74.2488
-45.3229
24.2663
-216.183
67.2406
-7.11813
-44.1349
-105.821
-70.3336
264.153
-156.044
-91.1358
33.2067
-144.122
-231.928
-138.215
81.8413
-77.8969
-8.01303
307.35
88.6665
-156.697
-83.2376
58.3168
190.379
-352.386
-46.149
74.2369
59.1681
-22.0951
174.396
176.775
-43.9312
-101.243
87.6808
-38.6247
62.2482
200.244
-226.474
-58.7886
-173.713
144.332
39.4732
67.8199
-106.851
-160.894
-175.599
91.723
38.5359
-99.8549
51.2078
121.334
37.84
-227.749
80.8192
71.8625
19.7592
75.5289
-232.132
77.3111
-148.442
11.9342
127.395
22.7809
-218.305
-25.4291
59.2957
62.0086
-158.794
148.293
82.3591
-128.465
-72.7272
-33.7528
-99.548
132.913
46.9387
123.929
146.957
31.4992
-28.7383
16.6908
-47.4693
26.0556
172.629
-243.017
98.406
-159.282
115.639
129.204
-152.459
-43.3404
91.3299
81.9929
92.1277
108.971
137.544
135.375
19.418
-155.551
51.9088
69.4221
-165.448
-52.1977
-51.698
-89.1826
-4.57117
-163.883
16.2162
80.7241
37.5069
42.3597
-165.129
26.9949
-57.4413
54.3262
39.8422
131.7
30.1856
159.145
-77.1004
-29.0486
120.963
51.1768
91.1873
122.189
12.0824
73.6821
270.137
-15.5809
-31.6999
46.8534
240.672
289.61
40.3583
198.121
95.2028
23.5969
-296.712
56.9688
23.2546
105.824
118.721
-218.267
-187.659
-279.122
91.0954
-124.312
-95.4436
-127.608
-199.186
111.721
-80.3154
-40.5971
343.353
-147.951
-90.7051
62.7623
84.2055
194.775
102.087
176.654
-107.9
-162.523
25.7441
-34.4664
39.1444
79.7896
69.7241
-281.79
-51.1312
60.4067
63.5933
37.9024
11.8329
-312.049
351.794
-94.2759
-87.5379
132.823
-74.3322
16.0935
114.731
-101.82
-66.3036
238.682
9.75934
126.063
180.138
-50.873
24.3102
-59.7437
-123.266
204.679
24.698
-31.6027
-70.2968
104.898
107.435
78.4884
-169.721
35.6944
188.751
175.528
55.9991
49.8676
-84.6281
-108.947
-46.1499
-117.646
145.221
-238.344
-42.4372
10.1572
-327.805
8.31678
-26.3646
125.026
-210.33
50.4335
-25.9918
-301.874
-101.093
67.2168
75.933
-78.2054
-25.2798
34.7531
-162.61
-68.4196
-133.788
-62.7244
-161.294
241.228
65.1544
76.3341
52.656
152.524
99.8829
-318.562
206.783
210.552
44.1047
62.1297
62.5878
45.8242
74.8184
-19.4712
45.2594
23.3249
-92.4197
87.1976
-32.8755
-27.8732
55.0151
27.9306
21.6275
198.278
43.14
-189.379
48.9184
-81.6837
84.3119
208.081
-173.761
93.0688
-77.0655
26.0311
-102.406
156.256
-93.7051
105.442
257.741
32.5642
106.98
9.54537
98.8733
-139.982
-64.0896
76.2338
-46.9763
-9.38421
-70.2809
64.1693
49.5696
35.0636
-36.1085
82.9283
-147.371
-110.624
273.017
163.845
-163.388
84.1952
-31.0423
-29.7424
36.4391
32.1251
47.1705
-30.1889
16.5274
-55.2234
-129.13
158.058
75.2009
292.465
-135.163
41.5004
92.8684
65.6686
-73.4912
49.1026
221.988
21.3471
1.29
33.838
-99.2805
76.5438
-146.887
160.79
73.6052
39.367
53.4376
-15.415
44.5362
76.1729
-310.734
20.7348
-47.3164
53.9049
130.655
82.2265
84.7473
226.928
229.5
19.3925
51.6123
128.883
-84.8959
-205.152
-52.0821
88.6244
86.0667
-64.029
88.5229
134.381
143.683
39.7831
144.814
319.969
10.4387
-28.4672
71.0655
47.5396
160.073
61.0066
197.232
56.8498
43.7963
-149.94
-40.8306
164.946
-47.063
193.232
-123.347
-62.7269
-76.4185
125.379
36.3323
-109.927
-32.4539
-21.0741
-46.0979
40.7519
21.8827
113.886
-59.7706
-46.4817
234.239
64.0354
9.32698
28.6487
106.607
83.1413
-73.5762
-103.162
88.5836
84.6292
-204.714
121.339
-81.7844
33.5487
-50.3751
39.6374
28.3393
50.5261
-152.194
44.1183
58.0689
23.454
14.6109
150.393
48.4765
-42.2034
2.26787
53.4465
-58.7268
-30.2247
99.395
55.0589
116.104
222.901
-91.6246
-41.8461
-121.95
67.8829
-190.209
-316.246
129.78
23.4793
-65.2042
-188.294
-47.9564
215.81
-15.8376
79.0703
158.39
66.1906
42.2192
152.599
251.52
86.9496
-70.4964
51.6509
-55.0958
25.8015
61.2824
-116.453
-61.2485
196.773
61.4818
-229.274
39.0795
-78.1286
-16.0663
209.362
31.5247
-61.1027
67.1608
-63.986
-16.9997
-24.9192
144.208
33.3797
-25.6622
33.6542
65.2226
166.536
-281.568
50.4286
-49.9937
68.86
19.2133
60.2387
92.9441
61.1957
-20.8354
43.8575
-55.061
124.094
178.314
-113.01
-199.576
80.9908
-56.0379
-57.2534
118.121
21.4682
281.945
168.422
61.4434
-69.6667
97.742
86.3803
-39.0762
224.545
136.13
82.2643
-102.806
-73.2137
104.157
248.551
-83.2896
13.5269
-29.4213
-49.1211
81.5097
126.543
-123.719
107.185
102.85
157.866
-46.8112
-43.1654
40.8196
120.651
145.029
-73.7415
-40.2262
66.6592
17.4118
-18.8399
91.9085
23.9949
69.5516
93.3617
28.9749
-54.7346
111.932
40.4938
177.018
-224.899
13.297
112.081
41.8941
-6.25508
59.628
223.208
52.8855
-91.7904
75.3392
-75.6854
14.7917
46.0304
134.6
31.9944
-155.835
137.333
-67.6188
-44.4034
74.7966
60.8022
-101.936
47.5193
39.6938
46.6843
64.1174
157.818
-57.8472
14.193
-60.3279
87.1577
45.5944
-31.9698
17.1332
-128.327
204.306
73.8449
-165.797
-56.9324
29.6403
45.4615
50.0173
28.076
100.64
64.2729
-85.9288
7.64145
100.66
49.8394
-104.323
22.3476
253.022
-213.98
144.984
-88.8013
-25.4554
-56.3321
206.613
-32.8699
-65.3041
294.266
-222.758
67.6438
63.7431
-46.1311
195.196
126.767
80.4765
190.928
-164.39
253.13
79.0719
53.2767
23.9165
-70.3013
32.2261
-86.2541
-160.28
42.4182
-36.9486
61.1771
67.2857
-177.226
-31.7748
-127.363
-108.299
-69.4003
54.5426
67.9774
36.7753
64.1629
149.288
78.8984
80.645
-285.758
-200.155
56.2986
-83.5454
-112.122
-58.2766
29.3197
161.925
100.633
-87.4276
184.703
-19.8418
45.4387
351.762
-97.2974
74.0892
-100.252
-123.96
78.3217
77.9675
-36.7829
42.2
-114.529
90.5042
-51.4074
34.5804
9.21611
55.1678
-56.9832
43.3279
-22.6647
-18.1131
259.833
73.6143
44.1359
201.216
55.3407
111.339
-35.7327
34.1653
13.449
-53.0851
44.2998
-163.205
-26.1329
199.234
69.0457
-0.149842
-53.1852
-128.825
-163.131
90.9892
-104.383
-175.731
7.87703
-39.9951
-71.9936
-59.5982
59.4884
280.694
21.0646
-52.7482
172.56
48.5303
121.074
121.334
126.853
43.0542
-26.7641
-182.525
60.1807
40.5354
30.5248
168.828
114.142
52.849
83.2393
-52.6695
198.803
117.375
280.427
-110.224
41.9449
154.779
-114.462
61.12
115.911
68.6423
-32.1948
-111.602
112.848
117.605
8.25756
17.7849
42.8656
-43.1003
14.2333
169.024
73.4961
55.3966
28.5416
-57.764
109.495
-105.43
41.1199
-67.0917
-36.5195
-38.8267
-38.7817
58.6346
-29.3253
-77.3238
-145.754
108.841
23.703
92.6647
240.468
26.1568
68.5044
-48.6745
-211.524
31.0977
-20.2013
150.097
31.8276
100.826
19.6574
31.9284
51.0337
-61.8545
-36.3922
36.0853
49.3569
189.528
-19.7882
-276.577
-277.345
26.1823
78.2363
-135.165
301.961
54.8394
38.5027
186.813
43.4345
70.4524
38.5833
51.315
-55.9029
-47.6301
-32.6541
64.2704
46.4418
39.8947
126.937
-122.896
132.356
124.188
-88.3023
-45.5308
140.624
237.271
12.3723
33.4514
113.15
135.023
13.9161
-70.863
25.4572
70.7468
87.156
-277.502
-46.0801
61.4524
84.9241
155.742
-82.5615
12.3323
127.77
-50.3797
-22.7257
-53.0755
-99.924
-67.3095
226.941
237.64
-72.1984
-303.785
-270.136
25.4768
-41.5364
67.3551
89.414
-48.8229
56.4349
55.2695
-12.5859
57.7547
-51.7002
54.2224
-78.3845
139.72
44.4503
143.806
112.937
-35.7634
-44.6235
70.2638
-221.965
19.3882
43.0117
20.695
-45.3712
61.3602
71.1795
-114.008
42.0066
63.076
-12.7769
109.93
74.1144
-273.424
31.4277
-10.3308
7.38588
-166.541
121.943
-67.602
-29.7724
95.7417
45.638
35.1163
122.616
292.739
34.5933
24.4421
-60.1177
41.6403
-47.3993
216.299
326.991
135.875
120.933
103.577
-185.949
31.3308
41.7314
160.66
34.5825
-28.9591
207.685
97.1127
101.297
115.408
-105.024
42.2853
17.4528
-18.1871
142.947
-10.3723
-39.1957
19.211
64.8223
-157.286
88.3708
61.285
35.995
-162.554
-67.2933
-91.5247
-39.9012
82.2314
-33.4604
-126.707
-278.19
29.4113
-63.3585
61.2738
107.453
-92.2326
66.8626
35.6398
144.316
98.511
-79.736
-28.6195
-78.5041
-50.8329
186.529
-57.9393
53.7857
29.1457
255.958
-167.825
-181.518
34.375
-48.1926
61.2049
-124.973
65.411
135.033
202.257
312.652
-45.08
53.2554
-112.307
85.4846
231.84
147.945
51.5316
-97.7313
82.5389
50.5518
51.4804
50.5353
235.126
-25.2317
161.06
-28.6026
-121.3
50.6291
-71.4467
108.494
59.0516
-131.833
142.688
252.058
-27.4428
-68.5529
-73.1309
47.5078
-43.5238
179.631
-106.099
97.7333
36.0299
-163.875
11.5582
80.4345
10.7469
-72.0552
12.6915
-48.049
247.687
-166.154
49.3279
54.1273
-263.819
-45.1765
-210.822
-158.657
212.535
-102.404
150.124
-9.68411
308.872
55.2325
-103.832
-101.681
94.585
166.272
-41.3958
81.4444
43.0723
-10.4609
130.82
-44.5538
-53.1518
-85.4215
45.7993
49.3351
14.8293
153.462
-68.2817
-89.7257
-112.448
-249.476
206.078
31.1565
22.1522
28.2233
-38.7378
-101.441
-37.9719
-169.035
-69.2644
-186.403
138.13
47.862
56.4948
67.9871
-91.111
29.1395
267.602
-77.5568
-39.3356
-97.8815
47.3239
125.576
49.991
85.7517
-108.508
-98.4605
-267.052
170.234
81.7863
114.303
163.339
40.6196
82.8596
103.635
110.087
-146.013
-100.128
130.253
245.307
-158.964
-54.5104
27.717
109.159
-74.4548
-100.878
44.2757
-20.192
-155.119
82.022
70.8264
59.5539
20.3333
31.3871
-92.4247
166.189
-19.2874
98.9567
16.0387
77.631
-67.9119
-114.721
-161.332
-9.0465
-108.462
179.061
120.081
48.4788
-32.8394
26.5002
-101.856
53.3704
191.223
132.382
24.6374
-174.57
94.2029
58.0964
197.662
116.493
-296.691
-50.8969
-24.275
23.708
-9.96298
68.9425
17.4366
-106.352
74.5915
-60.0603
-30.4088
39.6495
-88.1774
-50.4444
-336.09
17.569
-24.6959
59.6184
71.9355
-46.8236
32.293
-72.7153
-81.3177
-76.9188
-292.598
13.8283
-83.0328
-34.9544
35.7967
14.7002
37.1677
100.865
-68.2278
93.2421
64.164
123.637
129.567
-43.8223
-219.79
-138.833
-299.981
94.8151
25.4779
154.263
85.5946
38.4595
47.3714
225.301
109.272
83.1401
-167.666
-149.196
-27.7342
46.9588
-71.9669
109.963
22.2217
253.605
61.5608
44.1911
87.9119
23.1623
205.127
26.2047
35.3184
85.1662
88.4331
-227.897
-65.1441
124.125
93.9015
-31.3943
-351.829
-155.748
-52.5157
31.9943
-160
239.533
31.2668
84.1136
-81.9312
42.3229
25.4075
139.011
-21.6849
341.178
21.4997
-27.3323
-66.9458
32.6183
240.858
-27.2628
21.9582
161.229
152.966
-113.238
12.2715
182.515
76.5337
73.6733
26.9333
7.95725
-27.5939
-109.174
-230.307
72.6934
99.5216
38.1171
-36.392
-130.608
40.9692
-102.874
105.224
120.951
128.563
83.5562
137.632
89.0446
64.1598
-39.6926
-139.941
7.6328
92.5288
202.966
-35.6713
122.101
41.7817
57.2678
-139.603
31.4816
112.502
41.7239
168.765
-47.3322
112.826
116.424
27.8495
131.009
75.0652
-121.985
235.745
-159.46
-93.246
178.5
-98.1895
-163.975
184.1
116.214
60.9833
36.4587
-164.354
-201.776
72.3087
102.987
-46.5825
274.26
70.2146
-54.4599
-179.487
67.8609
-22.5024
-251.966
116.532
36.3194
-28.3722
19.2235
-40.8004
87.3027
45.788
-78.3211
173.541
33.1497
-76.2809
255.321
104.973
255.227
-235.505
133.538
108.642
298.47
-94.5677
-223.153
-42.3677
96.3739
107.977
148.726
-77.0507
-259.187
-218.205
-74.9606
-195.088
-101.127
42.956
73.9181
-72.0206
34.083
126.763
8.983
-48.4942
14.1287
58.5629
177.841
-108.205
80.4012
251.793
-111.402
141.411
-157.917
99.8611
-42.3512
-90.4069
-107.276
-28.2064
-10.0987
-51.8168
159.145
-102.035
-88.65
-118.942
-64.901
177.793
17.786
133.149
75.5086
217.88
53.3302
-49.9029
-106.403
36.3967
-280.671
261.645
128.662
-326.697
5.1209
-26.6581
-39.1413
152.568
119.3
27.0771
352.78
72.4966
246.515
56.1918
299.178
-217.881
66.7884
21.6735
79.6558
66.1101
-282.233
123.637
119.107
134.006
71.4775
74.9356
203.698
251.721
-88.6089
337.784
-40.6615
111.899
110.663
22.0185
-288.143
27.3211
124.45
-86.8321
50.7224
61.2929
-43.7276
-168.915
17.6555
141.793
22.4609
-132.383
49.2579
112.533
-147.397
-86.882
-103.003
29.6615
160.563
188.852
73.5556
80.6952
162.899
-214.082
-58.0514
-157.909
-66.2718
-49.2518
105.866
29.1011
47.413
-206.976
-38.9649
-225.945
76.1239
-104.184
40.8331
-35.0228
-45.2119
-23.8853
51.1186
211.434
80.2677
-133.396
-183.45
221.976
75.4256
73.6953
298.524
9.33564
282.781
133.929
123.679
14.4434
48.881
12.1563
162.932
-81.7239
-273.507
185.758
-48.2371
-48.8792
87.3463
13.8319
109.458
36.338
31.0236
105.165
85.9702
277.055
84.4188
2.58766
29.7211
35.1503
-37.0567
55.8031
-27.0874
-160.556
206.109
-254.221
40.5202
31.827
-153.525
24.9269
50.6198
-143.704
329.633
128.643
-102.528
32.0631
-164.993
48.4039
-217.267
-75.3838
-64.0634
51.1012
-90.0716
63.7627
-103.391
130.657
128.869
93.9819
-68.8272
183.369
90.9085
-145.486
38.4096
-27.7441
195.008
22.6429
-150.992
29.7216
40.2815
-47.9444
10.2613
80.3175
35.4776
-25.3551
-31.7102
76.3201
91.3977
-71.2694
144.325
-151.014
44.9696
-42.2664
346.451
33.7928
171.721
112.739
59.8303
138.492
123.144
-48.1782
-228.965
-196.225
-233.756
247.245
299.712
-135.004
12.8763
-141.111
67.7971
111.785
99.8282
113.739
61.5711
71.2572
-12.8337
25.0699
88.3616
22.014
70.974
23.4944
-23.1529
58.2593
-18.2176
-44.8368
-123.378
22.6109
-4.49505
72.3718
-53.676
247.533
124.037
49.736
16.8888
-71.3347
-106.421
5.2437
-59.8029
140.454
-79.0579
-9.49393
-106.64
78.0645
50.3166
-56.5863
-278.646
53.1401
-73.6992
48.4668
-11.3844
12.8577
-80.6915
-43.2555
80.3583
-60.2356
79.1105
120.124
47.7215
106.826
-63.2679
26.4888
172.613
262.526
157.806
78.1203
-50.7012
24.8949
-138.164
116.585
71.2524
-123.329
249.834
73.6063
175.058
9.25235
-63.2617
-226.869
-76.0339
73.0269
-16.8042
197.714
135.561
-87.6912
58.8994
212.69
80.0871
86.3127
-127.45
-352.035
63.0091
290.505
12.0993
-110.264
196.439
88.4871
-74.5068
-58.1816
69.7233
220.232
176.127
-73.5307
-90.4788
-211.036
83.8908
101.273
96.9627
57.7838
23.8487
-85.4761
273.383
-56.0282
43.169
135.007
65.4443
76.1219
-100.377
229.701
-259.167
-66.1744
-58.886
29.1197
36.0447
-56.4466
-65.7231
40.2373
134.07
118.607
-48.8852
-152.643
157.03
-14.4871
81.7836
222.219
212.266
37.941
-276.716
103.642
97.5785
40.4686
-22.0317
63.8273
-136.864
113.858
206.018
-45.3721
23.9203
-24.4904
25.3158
31.1936
130.279
-23.3013
78.1429
-90.0283
56.0091
-23.1807
-221.505
-98.534
-132.977
71.4184
158.362
22.8298
-49.474
185.435
28.6457
32.0611
85.4718
23.7791
-23.594
-79.9388
189.147
127.739
-156.034
33.5078
13.6824
57.0999
40.2421
-211.208
67.9061
-153.575
25.4381
-48.2534
161.041
17.0077
91.7729
133.535
-105.556
21.5411
188.649
67.4229
267.039
261.449
-133.164
-134.414
39.0128
255.41
-33.1454
-54.7659
38.6428
138.285
-145.48
268.569
47.7706
-70.7118
19.6936
30.1198
70.8174
36.718
59.3163
-45.1535
105.373
202.279
-43.3482
-13.6
-77.825
204.695
110.989
-104.361
41.525
116.102
-294.417
31.3186
-106.239
-57.1679
70.0646
59.1047
-32.4587
313.936
35.52
154.698
-172.129
88.0835
20.8624
-196.439
-168.519
272.326
42.1632
-179.465
48.091
105.741
48.8199
47.5258
38.0017
-96.1242
56.3213
67.6656
-214.513
-117.914
176.057
18.6852
164.815
67.9828
96.2167
-49.9653
26.5954
204.257
64.7808
-109.278
-88.0393
177.378
-163.533
-35.8009
86.3499
110.534
43.7863
71.3137
-48.8585
7.87943
113.872
19.5631
19.8248
29.9147
258.622
28.9807
17.9871
-167.502
-70.3261
-38.8856
-39.6638
25.3208
-42.5361
21.1954
77.2652
58.15
-79.6172
-137.207
151.746
-224.175
36.9442
307.792
-10.2925
267.482
41.2014
97.1562
14.5338
-64.8882
-141.154
88.7335
-243.295
266.377
97.2607
35.7118
-57.0991
-45.6447
84.9826
-60.3663
-70.997
-41.9394
24.4922
197.465
188.253
-37.4251
-70.895
78.5062
38.597
-120.589
-66.7749
-213.339
-65.149
40.8418
164.959
46.5877
116.497
87.9527
-79.8858
-69.6931
91.4417
-45.6358
176.452
13.8092
21.699
72.8789
-69.5778
31.5498
112.46
19.2274
165.685
15.4104
184.056
146.988
143.92
-38.062
269.932
38.9717
-136.809
8.00806
95.4441
32.4071
133.706
-172.414
-30.2867
14.4582
68.8638
80.2863
127.517
53.9344
102.791
-112.162
-71.0553
67.813
38.1178
67.236
59.8728
18.4408
-119.381
139.024
-120.734
-59.3517
63.0254
-90.0579
189.941
-170.821
226.326
-81.1486
207.362
57.7256
32.8276
-62.3756
144.014
-108.126
143.855
116.064
-49.4924
-120.925
-26.1879
62.7109
106.509
130.832
308.05
22.5393
-55.8068
92.0689
74.5451
13.1216
47.6409
-261.092
37.0239
50.6362
19.0685
-48.0684
54.3982
107.435
-102.468
-69.1219
210.895
162.942
100.069
9.3259
139.633
56.7712
97.0192
54.2195
58.8088
81.7587
22.7599
21.1242
39.8468
10.0732
110.949
-175.294
67.3266
-208.29
-48.8375
-165.123
54.6658
86.194
-103.968
78.5907
-85.9778
-3.79602
-59.78
116.15
-20.8944
174.076
-47.5442
125.653
-53.9453
46.6153
79.3186
34.092
-128.405
47.6047
-49.7483
167.67
86.931
-79.68
-49.4218
204.69
39.5127
181.162
41.5786
-55.0103
82.7682
28.2037
157.809
18.2485
60.6788
80.4441
145.095
-48.5333
52.3809
26.1718
165.04
-48.5914
180.882
29.7422
82.109
36.1128
81.3106
9.76399
-279.352
60.8203
51.8034
43.5341
325.375
-67.2565
158.752
-98.9079
20.7202
-36.8222
153.28
-54.5439
-200.259
21.1581
160.858
44.8617
54.5521
29.4109
-95.7955
-119.842
-12.0425
-56.6621
45.3202
52.9223
-26.3139
69.7752
65.9343
21.8146
-32.3957
59.6749
281.281
117.488
-69.5078
-20.8447
110.334
172.06
55.2213
94.1741
25.4599
118.472
-62.1137
55.4207
-37.3
-90.3107
-84.3778
43.0871
25.9411
87.4899
88.79
-69.8673
74.1469
84.2098
-36.0548
84.9754
-38.3682
-197.555
49.6146
26.8425
238.097
-100.17
13.4716
-43.0863
-12.1987
67.0331
-244.892
-59.6207
214.554
-18.1711
-34.7815
-94.7186
-10.7462
-46.6457
37.1775
135.3
96.4144
-75.8285
154.808
-18.5065
145.592
16.5264
69.505
-53.4376
72.7971
-45.5974
272.246
-115.71
43.3628
-81.2423
44.2145
79.3053
265.615
-50.5204
232.537
144.868
57.8727
-102.263
-69.2894
52.5908
30.978
-88.2478
163.114
-28.6791
-140.212
-183.088
-56.2055
83.8245
92.5469
17.5896
37.1909
-217.863
-37.4093
-32.9701
61.1524
-51.0954
39.8382
-81.4019
84.076
-34.4014
56.224
223.189
-56.5668
122.063
57.5434
-33.209
103.687
61.6127
54.2605
103.55
-95.962
176.234
107.164
82.1073
45.0748
-183.112
138.37
213.218
-77.9794
13.7558
166.378
118.112
133.367
33.6053
48.9905
17.8943
-30.0467
33.2183
62.5248
185.21
-197.639
23.7669
206.389
87.4362
132.169
93.0248
-146.186
-33.5909
173.582
39.4727
-65.8777
-210.626
-66.6061
-111.078
-92.2646
-52.5678
-128.09
342.124
-133.531
328.996
160.879
62.5408
238.938
154.713
123.78
59.9927
34.554
-340.237
9.69948
122.73
42.128
-10.9462
73.2183
249.974
59.1446
51.4421
-37.6208
31.8352
198.329
210.23
46.9659
24.9171
10.5997
123.378
44.6802
104.444
176.288
-39.7547
91.1099
195.82
15.4177
-155.082
107.854
260.403
152.185
93.6722
-96.0495
5.91907
32.7823
237.972
78.3462
43.2745
40.9484
-67.1529
-183.431
-41.7869
75.2313
-110.558
-76.8355
-251.648
-176.283
-51.2249
44.074
186.086
-11.7046
19.2363
108.179
-26.0563
-42.1934
53.5516
53.2035
85.678
85.2888
20.065
-74.6425
184.553
253.453
80.9253
227.4
16.2659
-87.2916
120.239
-13.9691
50.8985
176.22
-70.5144
235.32
258.084
82.3311
-80.2709
-94.4657
58.2445
9.80232
112.506
62.8541
82.9927
25.8997
-118.082
81.624
45.3021
-40.5798
51.0277
48.9145
-4.53745
38.1934
-50.0565
22.9795
184.877
97.8469
57.6893
26.87
109.78
47.2067
42.9297
-155.357
130.55
8.27439
50.3029
25.5146
-324.221
11.2077
5.24691
-50.4579
-91.1901
64.6278
-47.387
-14.9307
74.8112
-112.339
115.376
-59.8403
44.216
234.459
-247.686
-90.2745
-106.425
181.579
106.766
-130.149
144.03
10.7306
70.1538
84.1509
108.54
98.7565
28.9134
213.815
101.88
-165.325
10.6262
75.3614
12.7384
178.819
-87.8049
-40.3362
107.529
61.8387
138.903
-93.511
171.682
21.9841
86.0534
172.449
55.7009
158.363
149.535
58.5991
133.133
-143.328
78.4385
-104.271
47.1935
-131.122
33.8425
-84.5298
198.198
-242.919
182.326
23.3095
352.083
117.072
-185.279
-284.744
-32.4492
54.8993
-31.9213
-109.56
42.3149
163.6
193.096
-73.1834
211.993
-120.98
-50.031
87.7335
82.6267
139.581
49.0964
20.7209
-65.372
-264.263
173.066
-146.762
-113.247
-87.5341
-136.807
64.6367
112.232
209.933
-42.6244
32.1082
287.82
177.974
40.3902
-103.901
60.0571
43.9118
-165.981
-150.503
152.026
40.8738
27.3514
72.469
165.607
81.6325
-34.0609
43.9244
152.43
41.46
25.6968
-64.0242
83.1947
138.851
-48.0046
218.687
-98.1217
-51.9003
46.3313
117.275
79.1238
-46.506
34.9121
-108.158
25.2601
-122.697
-131.49
19.518
160.237
352.105
-46.3979
98.6881
33.3635
4.99582
80.632
123.56
96.4762
61.447
-228.715
-49.4438
-97.2688
125.709
34.3776
-335.99
79.4937
92.631
-36.1337
117.298
-65.4701
42.5973
-65.408
52.6819
192.838
80.669
164.791
15.5551
-90.6433
-102.35
98.1865
30.1866
-156.98
-75.2246
195.556
49.4455
-78.689
33.0191
48.0544
12.3586
-82.7512
124.896
79.6365
-161.001
-67.164
104.984
34.1815
72.9026
-127.976
-22.7046
53.6799
-36.5497
60.0099
68.7687
131.56
127.756
27.2455
239.011
-84.9249
-117.421
89.6098
-83.5569
-71.6775
84.4266
24.6848
-65.8929
-120.874
39.4399
27.1268
41.2403
-52.1429
-88.7406
-89.8412
304.281
48.4779
79.1096
149.51
-90.5282
-143.739
-66.5632
58.1862
186.522
-138.8
-109.757
93.1807
17.7256
39.007
58.3906
-111.504
90.5636
-119.56
121.613
27.9743
-351.826
5.84057
79.3577
34.3062
53.001
-114.44
244.757
43.1513
-23.5986
92.8396
-196.025
-57.4308
95.2126
87.8357
-5.93261
290.473
33.8241
-184.447
43.1872
-228.251
164.193
65.5186
-148.25
35.01
62.5846
-200.651
105.401
33.3092
41.5016
30.736
95.6613
-103.481
39.4151
138.516
-119.944
98.3775
143.482
85.0909
50.9892
128.103
83.2019
-172.223
-65.897
146.24
197.556
1.55965
12.5615
-71.6133
-45.2427
56.876
-116.816
-62.2251
-37.2831
232.955
116.222
225.552
-204.554
23.9744
-17.4905
70.498
185.803
71.281
-74.8503
-181.7
-350.566
147.046
-111.25
187.075
-96.5482
-10.6283
35.5199
-39.1004
20.277
-143.832
-97.0565
-26.6012
-121.741
14.9132
-3.86437
-42.2148
-86.3259
-173.443
-62.3373
147.681
196.455
34.1344
169.399
134.234
73.4038
10.3766
-55.6013
275.637
-109.903
-95.1514
72.6102
-29.2193
288.538
-121.599
230.163
32.6077
-29.913
-91.2985
293.514
294.427
133.104
-317.464
59.5741
46.9234
102.303
309.305
130.885
143.843
59.7421
33.5515
181.969
-209.388
13.4153
87.0254
192.249
81.9492
51.1998
31.8468
-351.445
-78.0345
-33.321
338.976
125.445
143.699
258.846
-269.274
34.6972
50.0023
96.8857
96.7587
38.0561
209.948
-113.102
-73.5497
79.1472
12.3329
58.7987
4.31651
-182.816
30.5451
-164.521
30.0744
148.665
50.6967
-41.0538
273.942
59.93
146.111
-202.571
-83.1911
81.6888
27.9904
50.6304
-112.407
41.4386
39.4287
55.7406
166.87
26.1034
-41.8291
28.2936
62.6683
-67.6066
106.423
352.397
158.228
39.794
47.0647
-63.8279
-35.2364
-78.3266
35.539
-101.448
-179.42
-127.993
79.9526
62.6837
177.491
-79.9272
172.902
-204.08
-352.7
-56.3845
74.6185
39.8945
117.189
-80.9451
36.7882
32.861
70.4588
38.7824
135.655
-14.5171
22.5085
-243.637
266.12
-66.0043
107.437
50.5221
-75.7004
50.7781
202.547
-13.6203
-71.1519
22.3363
-70.5194
63.4054
57.519
194.069
2.89933
38.3731
117.955
151.328
-48.9426
87.835
156.178
188.076
-155.043
128.494
-34.3602
66.4661
169.176
41.0293
95.189
-265.575
23.2936
-98.8256
29.323
10.229
-25.8655
24.3228
-75.9038
-44.538
45.998
162.639
28.198
-75.8134
-37.6855
-16.5988
103.88
171.458
-87.1923
266.75
37.1069
155.146
99.8214
42.4264
-105.346
129.543
39.3612
82.3076
47.705
-25.4655
74.104
-214.134
-78.432
75.495
70.4023
48.5743
-29.3693
-75.3158
131.044
-28.9344
73.9422
49.0388
-101.923
80.3018
-228.105
98.4229
-75.203
56.4714
38.0231
57.2892
142.885
50.7705
180.874
194.122
-41.53
40.0274
223.701
-17.0194
-172.446
26.2636
-160.502
69.1853
34.9229
-80.8915
-82.9621
-138.301
80.3838
23.4657
35.5467
98.5598
109.58
39.0982
190.299
42.3488
-165.2
-79.1955
-41.4192
39.3608
-9.92108
21.7416
35.8496
43.2859
-25.5396
82.8705
-71.0538
-105.083
136.404
115.215
-178.761
30.2254
-43.9061
67.9672
-23.6359
-157.21
-54.4242
31.5162
257.403
102.868
-41.9038
95.4069
38.0079
-108.879
30.9104
-95.9117
85.7321
-93.8221
58.1157
104.281
-137.042
148.663
273.831
53.202
-37.6714
-12.9797
58.5286
9.96699
-194.974
230.099
-19.1099
19.0058
-74.1157
173.969
-96.4403
31.137
52.4236
31.3185
167.197
-74.4351
-100.266
-75.4978
77.067
35.9933
-53.304
-129.494
235.35
13.0029
-85.3718
-134.693
-228.465
191.226
-23.6266
18.3816
157.555
-164.513
-86.4742
90.8786
-172.078
-264.886
-95.3813
42.8753
124.552
65.2998
108.179
-41.218
43.2601
94.6907
74.4963
7.09864
29.9118
55.5559
67.9172
-22.5036
-60.4774
-213.233
41.4648
-78.1069
129.438
41.6124
197.583
167.464
-133.366
27.6444
62.5587
141.128
104.581
101.574
55.8548
88.7106
44.7345
126.907
228.536
192.89
-183.967
336.819
23.3559
81.9349
-9.01454
-33.2043
171.617
67.6646
165.206
47.0967
-233.407
-185.07
74.2289
54.3185
-74.5614
20.1408
119.352
242.749
23.8583
-26.4662
30.5619
73.9058
101.896
77.5763
-17.5138
57.9366
-90.9774
-97.3172
-38.9256
-151.293
9.13029
227.115
67.0973
66.2419
52.7714
61.4011
-118.012
44.9509
12.3862
89.5987
48.7127
-115.124
47.2052
103.075
260.787
44.3021
55.7378
-119.779
223.152
-42.0198
156.052
59.6135
-78.2057
-245.332
33.3282
203.781
114.409
153.227
55.3071
155.761
-56.4124
42.6126
-144.599
-217.136
-122.823
27.4035
40.629
44.8373
-127.272
11.979
-74.6086
-63.4505
-182.552
44.1219
66.0806
160.774
-42.0653
-65.4998
-141.989
72.5744
-95.4978
214.999
-48.9825
52.3386
-49.8018
37.8829
151.159
168.989
-211.194
21.1764
134.199
-95.2214
352.644
164.609
97.1166
-253.448
38.9997
-29.8853
114.515
238.208
-30.659
53.5403
-68.1369
160.296
-99.9142
12.3971
27.3546
28.5064
29.3303
29.6096
40.3649
81.7386
55.3329
76.5232
-20.6405
193.457
168.017
47.4013
164.469
44.0762
226.35
-67.9126
117.078
165.608
-74.8416
233.666
-32.3841
187.134
-32.7709
140.629
10.6321
90.6503
-117.963
60.1013
-87.4121
20.1887
210.685
351.796
58.2585
70.1712
-149.785
-186.144
211.646
55.7
104.461
-43.3829
-60.2445
-165.9
-66.3856
47.8587
-128.795
-43.6605
-88.4383
130.232
-58.041
321.817
-68.8583
337.71
-267.109
41.5002
76.7428
41.3323
32.0023
42.2566
217.667
84.1825
106.708
-28.9814
132.161
65.0906
290.306
-35.6339
44.677
43.4188
-54.1895
-45.1269
41.9986
46.314
95.9457
241.029
-221.028
323.574
18.5624
-64.5333
-138.263
45.7784
-115.588
71.6107
56.8871
48.8975
181.369
141.127
-204.173
-182.759
-41.3168
122.158
69.5948
31.8477
-76.485
97.6551
-14.1563
76.8476
65.6951
-45.7851
74.419
-17.4039
27.3622
84.8598
70.1441
-170.753
288.767
33.48
253.762
37.8572
138.467
53.0687
174.099
13.4989
54.1928
24.0367
47.207
121.948
69.4646
-71.9429
253.335
71.2162
90.0689
-50.3842
-42.0152
14.4134
218.438
-54.6333
-146.335
-324.35
-129.434
36.2478
204.935
25.3223
-15.3018
-65.3295
113.476
43.46
36.2651
10.1223
128.207
24.2204
-39.7466
32.054
-51.6831
-238.185
143.852
147.601
23.4749
76.4415
166.892
42.4149
99.7761
-67.9294
47.132
-97.4886
228.252
-53.048
205.855
143.277
86.9293
33.7619
71.0204
212.886
-26.245
93.2277
66.5475
13.8754
-53.543
-52.6939
14.9771
147.203
41.6146
27.9177
71.3299
-28.9839
-70.6174
-40.9942
135.651
-81.9084
-138.072
51.0158
54.4928
-57.6605
-98.022
-60.7579
7.54062
50.3378
28.2197
-70.5737
28.0429
6.0301
53.1737
-59.1869
-90.032
42.174
110.921
171.642
-72.9911
-81.7512
54.4136
282.218
28.7009
-239.43
46.2929
209.175
79.0949
-41.5268
124.045
72.3031
-217.166
97.8077
10.1542
40.6791
-240.454
-146.705
55.2367
4.44309
135.207
54.3213
90.5789
47.7548
115.864
-49.1762
-11.226
124.856
182.913
42.3216
109.846
-113.687
56.2284
-285.086
233.928
-22.7218
187.514
83.0594
71.2143
62.8579
24.8255
-181.255
127.96
66.1728
41.9933
51.7562
-125.231
92.6378
68.664
44.6653
138.875
249.399
77.7012
102.117
-169.806
113.241
217.496
-193.952
22.1829
52.6372
38.8993
41.0482
-15.5885
23.6489
-44.5585
351.256
24.1864
-35.3187
-72.6573
3.81521
-39.5561
-199.829
-207.651
33.7757
-86.3329
56.4271
-84.847
89.0489
48.9884
13.4819
-218.806
140.59
-151.786
20.7723
-0.471347
24.9106
-13.4595
126.505
122.276
294.879
73.011
239.655
-82.8251
40.9611
-75.0834
122.824
-94.7225
43.1202
-105.647
330.576
-38.9392
-136.169
176.773
39.0139
46.7599
35.8474
50.8533
107.491
160.317
170.06
5.86254
54.4205
21.61
-83.1507
-64.8898
199.872
171.643
-143.277
-24.9136
215.67
42.2619
-159.249
-296.333
-41.6777
20.3241
-32.7687
60.992
225.025
-16.1487
-21.7204
-113.937
109.042
-39.4399
146.852
46.5606
-123.603
88.7355
-351.662
57.3433
-13.7795
107.164
-47.2449
132.142
-97.5669
72.5136
52.1558
237.65
127.103
51.0602
-75.0099
-39.2986
22.7024
75.9153
58.8155
19.9098
65.5986
195.645
84.1839
294.179
-196.986
164.865
72.2721
191.478
174.19
108.124
91.3707
126.312
83.443
-62.496
-48.5695
117.592
182.574
-61.2161
184.705
103.134
57.5098
79.0473
38.6605
-7.62449
60.3051
260.593
48.0026
119.706
-142.484
-109.745
-110.802
-351.726
71.5063
107.286
-45.9312
80.1324
51.0458
96.6309
27.4598
74.5738
54.6825
-258.001
32.2761
21.8281
-66.9543
110.313
-307.306
76.4855
179.871
-60.6866
118.736
-98.9242
84.757
-20.8229
-125.014
12.0525
91.6361
130.147
-181.962
-32.8444
68.9462
-32.177
182.335
102.927
75.7498
151.903
10.8039
81.8485
-43.4687
-217.667
-131.884
154.855
-60.4197
36.3498
39.5344
187.609
137.229
-47.4267
-32.7214
2.8696
20.0431
-242.671
-65.5658
-114.794
256.576
82.7983
-14.6599
129.639
9.11143
-77.8361
-53.4035
110.182
-50.621
76.2618
43.7567
36.8887
182.914
89.5418
101.877
242.94
-84.247
118.456
22.752
-203.112
-98.5054
-54.2234
53.8383
196.259
-72.7182
173.726
163.459
38.5358
60.5234
129.678
151.805
307.959
-198.991
-45.905
-91.8483
22.9141
1.00669
56.0791
60.4185
-133.024
-55.8821
307.417
-76.8261
73.8879
25.9049
23.353
32.7216
142.304
-71.7475
171.622
-52.4126
-127.367
98.9207
7.65956
62.5956
70.2173
-68.1885
82.3315
10.6783
111.233
94.5192
-182.289
-256.038
20.8533
126.934
-27.2532
-12.0785
-12.4476
-96.9644
16.4638
115.705
351.669
116.767
233.257
37.6449
141.737
-141.069
137.319
-72.7728
16.1678
27.859
-150.623
-169.677
100.419
197.409
-44.0432
-351.959
-32.7104
-118.89
57.1978
-351.472
-54.5126
23.2686
72.1828
85.9914
49.422
89.4869
60.9051
26.829
-29.5779
-95.8262
-236.16
10.8465
55.002
184.685
-68.9777
-72.9667
92.1595
296.655
-62.8411
-229.17
80.0465
-141.903
-122.748
120.265
90.671
127.989
-351.579
-150.436
115.954
144.1
-14.5661
11.1725
49.9814
-155.432
81.7304
31.0532
-25.72
1.69182
39.5548
89.0687
-47.3369
-166.921
122.801
-76.736
52.313
-20.2711
31.5286
54.4984
95.1232
-21.2387
-58.1215
93.6845
16.5104
-134.249
43.8888
-61.0151
-58.04
61.783
35.4956
7.39958
87.6038
224.596
171.471
-53.2702
98.2871
40.1394
-41.2767
-82.6645
-88.4331
171.64
133.658
-52.5383
284.825
95.4167
62.2085
-99.859
38.4163
73.4408
68.6069
31.121
69.6919
-76.6386
32.8894
-261.043
37.1147
29.4311
37.1543
43.7182
24.7813
70.5834
-76.2964
-258.433
-92.099
31.1719
-64.5226
23.3136
-74.5132
189.823
29.2668
22.342
119.948
82.7123
-73.3818
35.4404
-147.553
-33.5623
-48.2601
-162.585
-27.6355
45.4847
-162.466
30.0492
112.736
91.5707
134.703
75.1317
47.3618
-129.37
33.8093
-61.975
-160.11
-208.644
58.82
-42.5778
-127.262
22.43
118.315
209.933
-254.826
114.106
62.2434
87.1661
93.3636
117.551
27.5702
-5.68713
-43.1895
34.7982
11.1729
67.9823
37.694
36.0369
-47.3067
-78.2015
89.672
-120.043
-26.5506
-186.707
145.586
29.3526
65.7951
32.5263
-136.486
128.081
185.357
-54.1592
128.51
82.2055
-145.237
129.693
-63.0539
-93.2266
168.179
29.2377
35.89
36.3693
29.403
154.794
26.93
-98.783
49.4188
-55.2212
29.4416
26.9707
141.833
-170.148
117.244
-16.1656
58.9155
36.5991
267.501
82.6351
-57.0475
135.008
32.8458
-86.1639
-37.8036
176.138
-49.5958
69.7538
172.129
-13.1237
116.635
-140.805
-39.0803
70.4205
7.20588
61.6742
22.4168
95.2663
-130.158
-64.342
17.2287
46.5125
57.0565
-81.5905
6.75299
184.556
-30.1133
49.0095
-89.1909
214.906
-92.511
93.677
-116.811
-182.543
-9.81723
123.565
352.015
134.414
44.9795
122.263
17.9942
24.7426
-27.4378
303.58
-92.5718
93.9613
-130.638
281.847
152.049
37.4799
-183.944
152.991
116.167
90.7165
145.079
-83.698
210.178
17.5162
173.923
24.0254
71.7614
163.521
-96.2965
-54.5131
251.743
-98.1421
221.041
94.0952
94.6477
178.214
71.3977
115.666
220.741
-49.3417
200.898
-53.1059
240.656
-54.0301
53.3474
40.3823
212.301
70.7645
119.533
-115.787
202.501
-70.6067
83.2241
60.4216
66.0526
11.0145
53.059
92.6898
-58.9954
69.1042
60.7275
25.9022
247.901
37.7697
121.353
-80.8438
-121.892
-102.165
165.984
28.0836
-71.1025
167.959
105.139
51.4868
-85.2296
51.8079
106.094
48.0354
21.9796
-17.2738
-11.7161
44.7633
-123.889
-255.556
-115.544
42.6177
-28.0452
-55.1228
48.028
-160.983
157.047
121.297
15.9312
38.643
163.236
176.291
-71.6421
153.266
31.8169
18.0085
133.718
15.5117
12.7658
-311.051
94.5892
-46.9315
58.0251
13.6638
137.163
211.665
184.756
-42.2158
-40.8579
86.384
40.5538
81.2322
93.4387
51.3681
-56.2894
43.3444
208.812
42.7717
134.667
28.3308
11.9581
-91.0793
-82.4054
100.498
111.319
158.288
82.6923
24.6035
80.683
95.7247
72.9964
-38.4511
89.4015
102.592
169.66
195.299
65.9417
37.6762
-129.739
21.1384
144.693
-32.4745
105.923
258.346
-152.604
-136.551
50.8639
-41.9813
-197.622
129.67
74.0794
151.496
-133.588
84.5248
-28.327
-88.0487
20.6045
-48.9903
60.708
1.62111
-105.115
146.523
10.7143
-95.3154
23.4256
76.1908
10.0579
101.321
103.798
43.5598
14.5432
66.239
12.893
-29.6024
-42.8367
271.474
111.316
39.2207
40.2317
-63.4915
162.141
-258.403
37.7731
-39.7417
246.19
-73.6958
185.087
172.004
34.5614
33.5996
39.626
-15.2033
282.954
102.227
102.227
68.2878
-260.062
176.983
71.5493
64.7303
22.6614
44.6133
205.532
-39.8796
95.6769
272.353
-62.5741
123.814
63.8667
-58.9337
-195.352
53.2278
21.6056
-120.296
42.6185
-144.518
27.1058
138.605
106.438
53.4265
112.496
-21.5147
-32.7231
42.4889
109.717
43.6668
-64.1109
49.023
54.9863
-186.796
50.7914
32.3593
47.0606
-52.2149
-69.3749
111.399
-36.5138
80.2152
-70.0429
17.6971
176.783
39.7677
126.435
-86.2848
-25.5579
-64.1072
35.0486
-286.495
83.5204
-132.042
-168.344
-188.326
52.2589
45.0322
277.693
144.913
-45.7444
139.99
54.7836
-103.585
-50.9283
-351.695
116.408
-109.861
142.456
271.654
29.7043
147.396
-114.064
124.298
-155.434
-19.1883
-63.6099
-82.5469
-138.042
158.242
76.4268
-73.5511
296.983
-187.107
-147.715
22.6549
351.849
38.7523
-50.309
47.816
11.7507
-43.1043
-67.9161
26.7292
13.9394
30.6052
-66.1953
97.6353
47.3447
-191.307
-77.0495
-39.399
145.637
-90.3858
-91.8643
133.613
169.597
30.5919
61.7651
-65.8839
139.27
18.1011
-112.424
-53.4111
23.5894
-17.6288
57.9896
50.7237
29.4412
-69.2609
-142.104
54.931
54.4431
-301.577
-79.1486
57.595
17.0423
119.433
-134.68
80.9616
-81.9258
-53.881
-241.265
95.7917
-16.2508
-130.523
65.7774
-146.9
-92.8369
-303.838
32.0938
58.1289
-41.2194
105.931
-158.521
-63.0035
308.716
31.2002
85.2667
269.83
-89.1072
46.7928
43.3345
16.8037
-129.542
147.442
-64.4004
-23.7445
-41.9498
32.8231
175.932
-248.123
99.419
86.4343
89.4378
-83.6238
-19.256
-140.332
12.0133
135.434
50.2634
39.5978
55.7205
-203.788
42.0955
209.093
-147.588
-11.0413
60.445
-43.7327
20.313
-41.629
59.809
6.70125
22.3299
63.6777
-90.6668
4.39053
185.717
190.524
127.044
-22.0423
194.387
15.826
-51.6232
72.533
35.0706
41.6985
-99.7281
103.714
-86.2195
-56.2402
48.5678
99.9893
47.903
-186.523
97.9326
-15.5401
-105.938
81.0372
49.7596
98.2408
-165.051
-134.145
71.6099
-41.7899
57.3948
124.689
107.763
16.2794
225.335
-18.347
95.5371
27.4314
-68.2306
47.621
-217.855
68.6643
-73.806
38.9406
64.0223
116.785
82.9177
45.1397
142.286
140.564
60.2893
-131.306
30.2728
21.5986
21.3741
-162.883
12.8447
70.7907
54.2652
106.594
79.9329
49.0517
160.734
-28.71
-8.30738
208.808
-40.6143
41.87
-110.793
-54.4613
-32.4088
-69.2089
-95.9099
181.688
93.2315
56.7896
119.939
-48.345
25.6281
129.317
-101.195
149.982
-67.9493
34.3327
-42.2244
-198.203
-124.333
48.7095
-85.332
-20.0733
-208.877
63.7392
19.7803
59.8469
178.683
6.74207
53.8266
47.0095
303.975
-126.768
41.9808
40.5462
37.964
-109.411
92.3553
98.5248
59.9814
56.5977
40.5494
116.331
-102.393
49.4432
-54.2853
107.692
13.3789
-48.8961
86.356
18.0904
219.344
0.243372
129.712
17.3296
29.7455
188.256
-38.0371
24.202
26.3412
-38.4067
174.738
68.2653
-15.4036
261.121
-63.4022
172.849
67.015
-109.877
25.3183
-231.739
-18.4556
8.58188
57.629
37.7148
69.1661
167.904
-32.866
78.5833
-43.551
-69.3582
-51.6455
-61.9551
47.0855
7.83163
72.8303
19.6187
-23.2357
-171.39
112.429
29.3082
155.537
70.6336
-19.7695
118.935
-59.7688
8.15943
86.2141
-120.823
44.9198
194.871
84.398
248.589
-86.5131
68.785
91.9727
24.1539
-220.4
63.1525
80.4894
-147.312
285.023
-97.4317
52.8734
41.0402
123.212
-53.6664
52.843
291.953
236.093
26.0412
20.4251
102.292
-72.3227
-67.6748
-225.072
-19.4348
153.202
87.5715
38.0268
-21.9142
122.111
-33.8032
8.8081
152.546
69.8156
39.3436
201.027
3.93749
63.3073
126.403
-65.6097
122.996
-13.0839
-36.6467
112.449
39.3836
-105.662
54.1013
98.0942
108.619
8.50635
279.224
118.818
39.9021
-52.676
-25.4452
19.1885
-65.5975
36.6421
59.2997
-199.981
-104.663
-191.234
13.045
-61.5015
59.5002
59.1743
34.2817
-12.2242
-15.4055
116.313
27.2296
50.3487
16.6105
264.057
69.2778
-112.036
26.3734
-42.9421
-148.335
66.81
32.3764
49.8329
248.664
212.158
-15.0544
-143.901
-273.034
19.0693
84.9252
-60.6388
38.0831
190.514
118.339
-108.826
-114.256
15.9177
16.9261
-220.13
45.5653
-57.402
86.4729
46.0413
-308.853
7.36793
-34.1945
18.7123
16.3017
40.0302
142.604
46.3198
-169.273
27.1372
19.5936
277.894
24.6905
102.825
-155.269
-127.101
296.06
-29.3006
48.7153
44.481
178.052
107.622
-93.2156
60.4541
122.356
-39.0233
-73.3986
176.548
49.825
-96.0544
24.4126
20.8856
-23.6051
-109.733
68.8611
60.6846
102.148
-138.36
50.0956
25.8455
45.9003
-170.112
38.1907
126.911
137.072
75.809
-125.179
-73.3004
61.2056
63.5801
-154.916
-143.266
124.603
18.0946
65.5263
-39.5598
-66.1249
68.9885
-80.0552
-83.9158
18.0161
94.0074
-53.0802
-68.0209
-215.569
57.2042
-218.381
153.579
-66.5636
-55.8296
67.7406
145.293
-202.378
-66.6798
37.5106
142.867
61.8995
-123.227
32.7953
-62.8979
-117.393
-94.917
112.627
-47.7947
214.752
280.717
-206.031
-305.333
-80.8019
47.9943
-131.577
-124.893
-109.659
64.1949
22.2162
-30.7493
40.8366
40.9458
-136.835
-29.1638
-47.4711
27.6579
56.6255
91.2757
-95.289
218.974
-27.4689
67.889
4.94018
37.2036
118.233
-41.8796
225.754
41.3389
74.8307
62.6768
70.6262
55.1268
107.107
44.4944
172.155
-112.924
45.1129
-70.1658
-101.071
133.923
88.6167
-20.7903
31.9525
-182.576
38.1999
83.2285
48.8048
166.421
-18.125
-20.262
40.6493
60.1525
-352.027
28.9083
91.2704
21.182
228.61
-41.9883
74.591
75.9384
153.578
-113.135
-137.922
-351.923
-54.1891
-141.262
54.4813
171.362
39.23
127.725
-22.442
77.7999
-69.6574
69.3653
-149.765
-133.316
-88.8667
44.1779
189.346
-43.4346
179.071
102.059
234.441
-112.291
-23.4366
123.327
157.617
59.0396
-87.1883
258.632
-88.0861
13.6774
-39.5483
80.3841
31.3019
234.196
192.435
106.836
11.6806
59.3781
149.611
102.315
67.4408
268.025
-143.303
-114.506
59.7898
-57.0839
73.9412
25.837
83.9586
266.931
116.883
56.9475
33.4152
-284.167
175.393
14.4794
-65.8575
-125.949
49.0395
145.021
-218.147
-256.774
-232.401
46.4787
91.2951
-31.8879
28.2503
274.863
102.846
42.077
48.4741
66.8424
-177.248
88.8474
18.0195
-99.7689
150.204
24.323
20.1213
133.689
58.8639
27.7147
50.543
167.842
61.1875
199.617
-60.1144
135.193
67.7052
-65.82
160.909
76.1857
-87.7832
153.902
7.60151
92.2724
86.2618
-29.875
76.5409
96.9283
-30.032
46.921
102.685
89.9881
-128.36
-97.3851
-58.3941
13.2073
-206.26
-33.4005
49.2447
143.821
-93.507
113.726
248.988
83.0837
52.4053
51.2709
-33.5596
-70.0218
30.9431
106.79
-58.3248
201.321
-86.1096
77.6003
-65.9558
36.4996
50.6677
138.16
22.9568
178.583
-76.8562
19.613
137.158
-85.7005
37.2147
-271.831
186.335
-34.0524
155.79
8.85459
-104.099
94.4043
-238.804
93.4371
122.601
150.313
35.4497
66.7675
40.7882
-85.4244
-106.874
196.577
225.526
55.8483
169.643
152.748
-33.5259
73.6243
41.2271
-29.0281
-33.0968
-151.756
52.7737
24.6839
33.8154
137.552
-105.488
-96.8848
137.327
118.456
41.7586
-48.0129
-28.8414
104.736
89.9712
37.8574
23.2322
-59.8678
84.8278
234.164
-274.067
-58.8872
43.8512
212.43
19.8194
-201.582
82.1441
-162.942
46.0969
-42.9026
36.8436
72.8594
69.0502
-94.5623
118.638
-8.16963
188.023
44.9704
-182.303
-29.6981
63.1383
41.1974
162.411
-103.355
173.482
38.9266
61.72
-70.9847
-79.8746
313.07
-72.9855
-16.0516
111.458
-88.4058
62.1072
140.089
22.7152
87.0637
48.2941
-40.5346
53.1923
-76.2632
255.287
161.117
34.9194
25.8479
25.0739
214.824
135.764
64.6252
34.3979
-55.2835
53.5971
-42.3773
68.3615
167.596
-10.7893
25.2683
135.783
225.155
-188.659
82.868
45.8849
32.9208
-42.8643
40.9826
47.6127
14.9374
-72.9508
-70.4119
-106.312
119.256
55.5421
117.513
163.941
73.7482
19.6926
83.8218
-51.3745
69.2248
24.1642
68.9169
25.7123
116.567
-76.5685
-71.392
-30.6498
29.2629
75.5429
-73.2
-46.2813
-273.942
-22.4338
41.2607
-55.9029
86.1655
66.3672
123.994
159.176
44.5341
23.377
-56.0905
35.7768
57.7796
113.564
156.33
-69.3391
19.7818
78.8161
97.7718
83.6265
44.6893
10.1586
38.5627
-85.8439
-101.727
-40.3411
-89.8346
-249.481
75.7996
181.239
-63.9729
-161.779
-116.641
-55.3914
-73.2331
-194.24
-159.553
99.9932
9.72655
52.0667
40.8695
37.7614
21.2116
160.292
125.01
115.529
31.6171
161.95
37.2914
59.5284
205.038
-129.422
226.017
85.2954
30.8437
170.857
9.19883
-265.426
161.332
52.7035
-44.0813
60.7906
-49.4369
-73.4386
96.4491
72.1019
9.111
-25.2947
32.7554
95.1339
154.778
-48.1564
30.995
-352.488
44.6777
-86.1925
76.9553
124.125
-94.2052
27.6018
84.5313
-65.1107
44.0071
268.343
60.5723
87.2074
-31.6127
5.11316
65.3051
158.867
95.1615
-81.1787
108.982
306.494
-48.4957
-189.074
89.4862
45.5736
62.6632
61.867
72.2802
73.1336
103.663
33.1079
133.893
10.1188
164.777
117.161
6.32729
106.898
16.3751
114.936
55.7107
38.5963
-53.3241
-47.9989
35.0389
244.21
-61.1047
115.81
-351.215
-58.3118
-122.199
20.1362
-84.2105
189.598
-174.975
107.665
-32.9297
0.250146
-83.0538
93.4677
-73.2225
-128.71
151.526
20.917
65.6492
-72.7486
24.7132
76.2421
-246.393
104.196
-86.4142
97.4125
-54.9034
-71.566
-19.9788
76.5543
19.3589
63.7165
-54.5488
-97.6125
50.1632
227.013
-50.8626
-178.742
87.0113
-68.5161
-165.553
156.058
-79.7823
12.0131
-47.5749
39.6114
-65.1111
93.8487
-61.0868
-66.3306
219.577
73.9972
94.3431
7.27228
42.7553
120.925
251.832
86.7745
133.866
-83.5145
29.6113
102.906
-137.347
101.723
105.929
27.8626
69.8626
58.6894
-92.7366
-76.5174
-188.088
-67.9943
31.1012
-53.0115
-43.2237
-135.404
144.394
25.8111
-22.1543
143.201
37.7961
93.0028
254.979
47.8248
-114.128
210.093
33.8905
121.476
-113.106
-113.879
65.8038
99.1068
40.8587
44.626
101.109
-28.1443
35.248
68.1515
-85.8543
62.3926
-129.952
-35.9266
96.693
-134.497
-69.0688
-18.4526
-48.2804
34.1916
248.655
-106.117
77.6967
99.8942
40.7474
48.1479
117.863
-148.613
81.8498
124.315
52.6066
44.9889
139.281
70.2357
-101.165
89.476
-126.678
-104.21
177.94
25.1531
-54.1025
30.449
24.6315
49.8412
225.311
-62.0108
-50.7837
55.3295
266.062
67.4755
66.6457
41.0837
-43.8351
-39.2629
30.7819
62.9223
-200.756
-22.4077
89.6716
-50.4354
41.9584
77.3517
188.119
217.201
-36.4136
9.64332
97.0988
22.6313
-102.728
61.3933
98.5548
-251.269
-20.7161
17.0008
119.083
41.8172
55.5063
99.7954
107.681
121.871
41.1465
75.0949
-73.8869
-43.1648
62.0663
41.3388
-67.5988
38.6045
55.0414
-103.868
-60.6293
215.294
-59.5116
156.984
135.61
283.742
50.4826
73.1149
-153.122
133.834
-80.6907
-32.7495
-38.5144
81.8118
177.662
295.588
54.3307
26.4529
19.2279
-22.1974
-232.829
107.856
76.1325
22.6488
-42.4742
-9.64939
101.422
58.1342
71.1194
36.3552
-102.436
-115.224
41.9917
60.169
-65.9555
-12.5064
-295.284
-25.368
-243.156
-48.2496
62.2839
35.6652
-34.9913
-51.9469
-40.6953
42.5518
-134.427
-30.4928
65.4637
-183.308
-47.7022
63.2722
23.4078
31.0819
-26.0795
101.966
94.5913
87.7242
218.306
-12.4781
8.01214
212.977
117.33
-71.4643
50.5624
172.959
-132.783
48.099
-98.0901
69.4632
128.641
78.515
193.258
160.575
-210.187
-48.9035
-72.3136
15.8197
29.0018
-41.9704
44.9659
-186.324
201.817
-121.08
72.1462
171.274
41.0951
-26.246
106.093
79.2582
178.727
-41.1972
203.066
89.1012
-123.535
-168.646
245.506
73.3689
-28.0387
287.124
243.04
-19.8045
37.8749
-88.4595
99.4356
-99.0322
-170.462
-38.869
25.9803
238.253
-84.9986
92.8743
72.5141
169.085
115.757
-148.992
76.7031
115.121
101.519
-97.8494
33.0174
63.6223
73.5235
147.785
37.1187
27.9552
-97.7609
-139.111
-65.2546
105.793
-9.54987
-101.006
-57.2845
-104.83
-126.079
27.3728
74.4132
172.015
215.146
-96.1513
39.4408
-171.53
-221.548
11.9058
-159.935
58.9502
57.5428
-351.957
-72.5954
11.5457
31.3265
44.9467
27.1571
39.8098
-94.5948
-63.4484
9.77303
-53.2444
256.797
97.1998
-51.9945
-241.659
-37.954
39.2162
182.92
80.4654
53.9125
50.9786
-255.247
-51.7847
28.7978
13.4641
65.5338
36.6002
96.3881
122.684
-275.227
53.2814
-32.3689
-297.929
25.9987
-110.362
-86.7413
22.9797
-24.4287
8.46827
173.19
184.265
39.475
145.307
37.2411
-64.2402
160.966
14.3242
56.165
-84.584
-47.4826
150.27
52.4011
106.833
-138.891
139.643
-109.251
-144.572
83.6164
125.674
-73.5998
58.8611
-145.088
47.6222
67.6627
45.9576
35.0481
-12.6026
-104.224
-169.298
62.6828
46.5833
15.9353
36.8488
149.326
-74.3423
-202.88
142.888
17.2347
-135.255
-47.048
145.315
-85.6045
63.0071
58.0096
132.586
34.403
-48.7883
-59.2267
-193.103
27.386
88.2511
92.6409
256.129
205.036
249.506
-88.2408
-60.5501
3.47226
102.733
-66.5202
17.3353
-87.5131
53.6787
-18.5177
26.8638
28.0019
245.208
70.2532
44.4634
82.0396
214.144
79.6099
54.0897
-123.144
188.14
-244.049
12.3305
-127.146
74.6001
-58.1511
182.578
-69.5461
180.564
56.7855
128.171
-46.2429
-210.645
-59.6597
143.457
-60.3807
-92.2157
130.285
9.8115
-64.4546
38.4093
218.362
-23.0267
-49.7147
206.561
349.122
26.9096
-33.6609
110.769
19.2304
-114.083
53.434
29.1181
-66.5097
-98.9608
-71.7594
85.8848
32.9973
172.78
-93.2366
-350.84
-79.4266
43.8411
89.3154
60.6936
44.198
37.0368
238.862
168.529
38.9283
180.162
47.0756
125.915
-80.5495
53.9789
113.141
83.3783
94.1297
56.3604
-10.2156
-112.555
52.0762
33.0449
-12.01
130.497
82.0781
-51.9362
-33.3962
202.419
77.4984
221.708
136.586
35.7652
32.6626
144.339
-134.073
123.801
-15.6654
156.772
149.9
-54.4827
-21.2982
-80.5508
-31.7823
-314.005
36.9925
-70.4979
211.211
-51.5401
46.6763
85.374
28.6503
38.2789
56.2229
-247.329
138.771
66.0755
23.7703
18.7463
-49.9537
249.852
58.6574
59.5354
40.5358
119.486
104.108
90.849
159.118
102.193
147.004
55.2641
41.9822
28.9597
222.024
-77.2984
140.365
158.597
75.2283
-19.4434
-165.444
160.345
165.882
-48.5687
104.705
159.363
40.0217
-63.6246
75.2505
48.6454
206.644
-140.598
90.3035
81.6274
351.637
-70.1857
-107.544
-44.463
-177.771
229.328
-44.3684
54.4245
84.0585
148.775
49.4085
-46.6837
82.8041
55.8549
134.5
25.8117
-204.533
14.9953
97.4474
-93.7349
-51.4507
60.0907
-27.6975
97.2482
-223.968
110.01
138.859
244.504
98.0057
16.5458
52.9723
30.4036
133.811
23.9813
64.3944
18.4412
75.4712
-174.117
68.4856
73.3284
31.0496
-45.9431
-24.0201
24.8056
42.5285
52.8843
-65.4936
-154.608
48.3585
122.641
31.1053
-85.8345
-185.659
-89.1133
310.857
-44.4792
-42.351
55.1545
24.9589
-60.8838
-80.3483
-114.017
-112.899
40.1148
-153.437
140.528
-103.091
-47.4212
-62.8666
-226.038
177.926
271.759
36.4432
55.8489
41.3151
24.261
127.329
36.9691
296.006
-100.927
-343.34
65.9337
71.6285
52.3172
-135.118
129.421
-43.4968
-176.964
-41.5414
107.246
-139.717
75.4982
84.7235
-66.2253
38.6206
125.853
37.9162
60.3749
-81.9473
-27.1525
34.1057
40.9217
-43.4458
-74.1985
-51.8605
49.1553
71.3996
143.434
73.2166
6.90286
-117.97
28.2148
-19.0896
73.0982
222.123
-83.601
129.958
172.75
-50.9252
173.899
-121.456
47.8498
-187.995
-41.3519
-26.4643
-240.476
244.621
-156.857
50.6895
134.98
192.911
-98.7241
343.915
-80.0791
-44.3481
66.1175
70.5371
61.0615
92.106
27.7744
19.3039
-74.3796
79.6734
-158.609
-180.224
-89.7793
-49.768
-84.5283
-157.34
5.61268
-38.2536
143.543
50.0278
-89.8936
52.4252
49.49
112.288
-181.275
-91.137
72.1608
118.723
55.904
-153.505
104.779
96.3818
166.914
-17.129
-15.7861
54.7532
-243.912
233.304
-30.5276
85.1024
130.492
13.8996
137.36
37.3048
32.9392
49.2311
28.8861
59.1575
75.685
67.8759
138.21
-35.0109
-91.2191
-46.3112
-7.87104
34.1297
193.887
126.28
-162.453
84.4894
54.1052
-85.8033
81.4917
-56.591
-15.65
22.7973
-94.5082
-35.2257
69.9492
77.5506
35.5103
94.0793
242.388
-102.768
120.509
-52.5649
310.082
19.6747
190.675
30.2696
-69.4042
-46.3579
223.394
217.921
125.533
59.3809
54.0262
-74.1013
44.5968
54.9162
52.7162
-245.543
31.4079
-325.562
10.2796
274.223
63.9128
-135.011
-140.785
-91.7606
-188.623
-13.0878
-130.177
-133.489
33.338
-173.948
6.47403
109.233
49.9491
277.534
13.9082
-41.8791
199.783
273.961
11.2472
50.1729
143.289
58.5072
144.133
92.0449
106.384
40.1588
55.3068
-59.7124
46.8521
133.074
16.1247
126.21
-77.5942
-79.2714
171.084
152.241
96.4459
114.458
-142.818
174.397
-58.7239
37.7579
34.5609
81.5042
-237.557
220.073
40.0536
14.1387
-129.04
-94.7766
188.709
-108.593
68.2188
-81.3966
14.4045
77.3623
142.126
-100.506
44.834
-110.481
225.422
-37.1538
-255.101
-84.7368
31.4576
-193.016
-130.784
227.66
41.9674
70.1429
-113.079
-215.138
15.7938
50.6158
81.4594
240.911
69.1977
45.1705
-77.3421
-97.0625
8.00333
-59.7092
139.95
-30.6007
-66.8704
-31.7526
-19.1785
101.649
139.733
64.2932
90.2916
-56.1966
169.721
34.093
96.6771
80.0052
25.9705
127.027
83.8744
31.0874
-78.5288
28.7194
-44.3046
27.4912
273.82
171.565
103.256
-151.166
-23.1888
40.9017
63.9347
-206.835
40.4124
83.5989
-20.2057
240.261
57.5787
77.9137
296.7
-78.2616
-73.8938
158.701
55.1103
116.133
-79.5896
-97.9744
-114.66
130.508
-49.6957
-218.721
-211.531
21.5004
15.9332
-67.4877
-52.4088
26.865
-187.232
-184.645
73.7194
-58.5875
68.1512
20.4081
-290.043
24.6681
51.609
-68.5063
46.5647
56.2586
-82.9174
52.9036
47.6307
-308.281
188.077
39.116
139.8
-72.0211
57.5256
295.95
147.039
-234.234
240.963
23.7978
37.9195
-136.481
31.166
-27.3108
71.038
39.0935
104.48
7.92784
-34.679
224.235
-43.8491
-34.3718
96.2616
125.721
-78.7364
105.292
98.7508
227.818
-133.374
156.869
86.752
85.0006
48.6801
35.9815
282.527
42.0917
79.1836
-99.8089
41.4166
-141.2
-11.5963
-74.723
-34.1571
126.344
-245.621
-23.3753
-73.8488
16.9745
52.3387
-49.1568
143.937
160.827
-332.114
-73.46
107.726
47.0589
-179.374
206.769
-137.907
36.6231
-268.33
45.2993
-51.1118
31.0536
73.0835
87.0188
332.439
89.5662
73.6633
-55.7805
84.3347
-82.2385
237.522
55.5556
46.0369
16.7779
-153.448
-350.243
176.014
-29.158
-95.4712
51.4043
-222.369
137.089
-228.016
119.846
38.2203
137.513
61.1355
89.8757
-38.2006
81.8744
96.5869
216.909
-78.7968
97.5486
79.9456
-86.9323
311.352
-270.983
-161.922
98.0841
-196.856
3.89226
122.138
-100.917
-165.559
94.0675
74.9605
-59.7341
210.257
180.264
81.243
10.4498
175.293
72.7705
104.198
24.6525
131.275
108.334
90.0372
