543.339
232.434
19.0075
32.1924
25.0731
308.683
44.8427
6.9093
106.807
242.521
19.2101
281.29
268.763
384.1
226.931
524.883
124.222
197.593
395.772
452.759
8.72838
305.973
23.461
96.1232
89.899
13.355
17.1801
143.498
477.885
174.136
176.353
127.275
201.354
6.39863
336.81
308.068
9.90292
20.9065
17.0382
433.047
150.997
14.0542
-1.936
459.809
233.51
78.7939
395.42
329.017
282.041
19.8511
353.807
343.458
159.999
114.053
19.8204
357.299
75.0817
144.971
10.4482
41.354
13.4168
374.484
293.311
346.758
25.5045
10.6381
15.2738
9.94404
14.2971
250.9
184.553
425.258
106.108
17.343
65.222
437.069
115.334
320.675
389.891
54.9924
19.5362
139.238
29.1389
26.848
375.406
21.2532
213.601
47.4564
190.681
23.9386
20.4832
94.2366
206.459
136.002
119.156
293.9
7.96076
265.077
135.69
235.325
155.215
101.965
18.5953
15.7505
228.872
128.184
318.256
538.841
108.664
62.5851
243.171
127.083
300.1
125.03
10.5409
10.2698
371.779
22.1045
213.721
57.1983
21.8129
3.73626
253.952
203.098
73.6935
147.414
195.516
293.227
9.44809
342.755
19.666
12.1562
169.179
299.918
375.462
125.369
19.814
273.558
11.5845
496.626
191.427
12.6887
363.56
20.759
14.7341
205.101
456.506
22.503
474.334
14.8251
16.5823
398.499
143.387
153.939
137.214
216.847
15.1113
225.8
85.8607
258.697
6.7286
92.2121
325.96
185.667
302.923
432.063
315.798
62.2018
7.74997
47.3473
362.769
6.20953
23.3605
174.327
17.1459
321.394
327.57
17.4159
437.879
247.048
252.158
442.721
16.4287
520.079
16.2737
482.436
336.929
371.886
10.7716
21.4327
438.254
120.448
314.683
495.081
21.3027
20.5995
292.058
13.7765
14.0046
22.8393
20.8164
89.9789
495.111
13.058
82.7303
14.9719
151.512
139.214
4.5497
13.5642
144.767
368.344
195.706
92.9193
509.739
383.911
167.193
36.3265
221.902
172.569
248.196
123.653
18.8735
21.8024
16.5031
9.97768
200.811
20.8917
30.6835
165.358
325.873
103.019
253.036
276.138
22.708
13.6428
20.5012
188.815
102.83
6.36475
135.138
373.411
246.656
24.1476
22.7918
19.8524
43.7681
329.735
282.365
167.848
335.792
10.1059
40.1429
12.2249
57.7881
44.4985
194.886
290.599
442.295
509.354
141.977
280.43
221.692
541.143
120.044
327.385
17.0299
11.6515
7.11191
310.554
9.84607
325.113
277.523
181.42
166.511
11.9254
100.481
21.0463
56.1178
242.554
142.936
518.734
23.9041
17.1443
18.4208
430.355
73.5174
350.635
81.382
325.552
248.085
247.508
4.81035
21.0172
75.5964
18.458
23.6667
528.129
16.1293
13.0619
437.297
312.12
434.627
387.862
12.4614
556.675
18.94
385.264
233.718
19.1757
159.781
400.003
124.384
484.199
207.17
502.302
193.149
10.3221
411.088
258.306
516.442
69.8086
56.0002
310.7
246.533
192.475
199.864
126.288
16.2271
260.511
237.267
19.986
4.18685
8.61516
241.351
441.514
242.086
224.118
449.262
18.8684
20.4382
20.5387
95.9513
23.0797
483.301
97.6864
330.271
16.5153
436.589
90.5845
323.003
18.1693
30.9675
11.6172
204.656
15.6447
219.388
536.886
251.152
298.004
210.64
552.17
4.82823
94.1819
242.478
23.1043
13.0526
12.3109
18.1325
306.196
192.445
147.612
14.7634
380.68
208.619
21.7766
80.1118
87.4459
448.376
22.308
25.1722
224.441
151.75
23.6567
58.2658
52.0238
160.213
492.938
79.4106
6.23076
223.917
20.4894
19.1749
220.638
114.221
53.3826
8.62997
29.2093
14.9624
531.566
389.586
58.9226
15.7223
261.696
203.663
10.3417
355.667
383.925
232.588
212.024
478.961
60.5015
456.569
182.771
377.269
398.549
15.6498
19.0289
8.7791
27.1205
84.9381
15.4078
18.4842
140.245
53.801
72.2849
128.455
9.15451
134.006
20.2738
379.01
18.9567
17.5788
13.4416
25.0663
435.59
7.58269
16.4267
408.204
391.91
265.857
111.597
18.4461
16.7252
11.8277
201.608
498.882
6.85822
354.703
193.459
108.63
10.4197
7.0194
24.1433
299.068
18.4138
20.4886
110.832
12.1585
240.722
24.7422
96.793
99.8951
22.2945
253.764
303.306
415.573
252.568
150.047
584.546
418.843
18.1071
23.1192
126.437
428.898
169.649
98.4274
213.478
435.153
27.3573
27.3644
21.6083
27.8879
13.8407
11.7131
116.312
21.4641
229.424
13.0476
118.286
11.2718
112.341
123.771
21.4098
507.582
263.015
13.7815
235.553
9.8881
205.067
234.755
13.1345
194.89
18.8192
11.5794
423.369
133.713
16.0537
509.975
177.757
85.1887
24.4156
53.3197
18.6028
376.119
550.991
45.6062
367.987
21.0335
188.416
223.125
275.982
245.522
20.0096
11.4791
3.64731
369.581
154.439
51.6785
226.186
17.8913
16.5336
526.699
226.876
4.94226
234.225
5.98339
21.9052
5.516
10.4276
333.161
21.3246
26.3112
147.42
282.382
9.92863
90.859
6.64746
5.02237
38.9562
518.679
90.7754
426.227
129.007
211.749
-2.28273
6.91033
25.1782
149.94
472.213
202.159
348.075
49.6825
27.3862
393.39
9.87216
166.292
335.315
42.7092
23.0926
88.256
13.0542
20.2495
99.5261
13.6073
164.9
125.588
428.893
24.513
239.816
22.3462
22.4465
22.7834
124.404
171.692
17.3683
18.96
108.969
11.0408
227.477
367.413
7.88621
17.1973
14.0538
119.714
27.3442
283.364
469.275
139.235
418.422
380.521
346.468
401.845
45.6842
13.4203
202.576
18.9134
17.6883
293.542
15.2114
18.1121
102.57
275.461
17.0589
356.432
68.9196
14.2396
132.996
312.487
13.9268
404.817
17.6494
426.123
9.34916
320.074
36.7182
11.9087
92.5646
73.7554
218.997
15.3729
400.984
248.568
23.4158
24.0346
297.189
48.9409
29.7521
302.123
151.249
54.0937
384.229
10.299
24.7724
302.028
368.952
457.22
237.13
8.67229
11.453
36.3921
18.9697
276.46
366.588
10.4587
276.263
70.9942
431.84
54.2942
468.671
130.994
12.9344
398.353
15.9505
53.6019
367.911
94.9314
48.0747
81.6105
16.8715
560.671
38.1646
286.391
191.559
71.5026
532.295
115.529
26.0596
451.719
206.025
22.3029
326.122
24.0812
83.3861
269.916
169.581
12.7479
52.5741
19.7603
320.822
492.428
33.459
335.096
75.6949
14.9675
15.8988
59.1107
23.8671
171.966
66.0145
16.9731
24.0711
550.841
122.367
155.204
386.586
307.202
124.056
250.269
20.0361
17.9063
299.206
484.289
64.732
258.648
444.773
277.455
134.052
67.1546
14.5765
21.4016
307.234
8.82572
278.543
205.468
244.312
79.3012
322.13
159.677
81.7231
14.1723
17.0628
203.898
246.92
14.2067
207.594
328.59
20.245
174.191
20.0944
344.671
159.659
11.2195
9.07222
185.767
20.3974
121.743
15.661
22.9647
248.804
96.2435
89.7084
18.034
6.83068
31.4368
90.2113
16.938
4.92252
16.6361
175.47
20.709
151.97
20.76
357.003
158.079
23.1014
106.137
225.893
363.642
492.374
18.04
428.16
19.5405
241.943
518.959
162.064
126.62
365.955
272.859
10.6992
212.355
383.44
157.747
10.8465
267.849
175.97
204.071
5.43755
225.41
18.3725
18.6611
10.0464
21.663
322.243
123.826
28.9411
12.8513
242.165
437.934
187.837
246.75
12.4596
402.164
291.889
294.199
117.087
126.487
18.7315
18.1157
121.061
61.4724
15.9726
16.5425
27.6166
13.3449
362.073
251.404
10.1385
506.063
20.0439
15.187
418.214
97.1415
25.0445
513.08
27.9259
489.033
236.188
197.929
226.166
18.96
439.92
37.0859
248.886
264.67
22.1508
22.4506
364.584
176.051
314.806
511.497
18.6978
177.683
23.1231
331.9
17.1741
183.843
196.62
21.0015
19.6084
130.552
235.297
263.377
76.6191
329.786
327.776
124.477
145.386
4.5183
334.237
387.148
155.811
184.628
282.246
185.62
126.535
46.6629
296.91
289.295
349.465
436.853
17.9248
10.6594
61.3685
365.25
204.837
66.4634
26.1222
160.26
7.8767
283.898
99.7882
10.3795
125.105
548.86
227.652
270.499
216.149
15.0795
70.7673
376.809
258.265
14.6629
206.617
231.983
102.5
169.939
295.616
396.168
270.987
386.715
388.723
138.987
520.706
201.899
18.8857
136.233
282.226
5.76864
84.3898
225.488
416.38
16.501
239.358
18.4832
139.034
21.6025
66.6397
237.47
16.2182
15.9655
279.249
149.654
120.826
203.768
493.065
349.979
20.8031
207.142
508.941
145.808
393.556
355.267
344.558
108.965
133.823
143.995
38.7655
4.3699
19.5129
20.6941
224.577
13.3927
198.69
369.737
27.4878
243.672
17.4725
10.0401
15.9008
447.008
505.321
17.5766
313.88
305.033
239.636
69.185
243.175
22.7003
198.121
8.21179
8.90325
505.046
23.4038
8.99789
262.383
475.835
90.5214
277.392
112.076
6.35413
73.9535
21.6387
4.80387
20.0874
17.9552
8.24697
228.672
222.452
304.073
24.3036
198.502
66.9525
282.914
20.1558
302.457
9.68466
210.55
18.4982
28.3567
534.972
479.154
43.1534
5.52583
18.3026
16.5191
24.0074
143.716
12.1431
12.6077
40.7282
444.064
13.8151
12.4373
173.217
20.7908
56.4146
7.02003
468.379
22.2544
332.013
22.9133
18.3302
297.401
315.815
21.0634
210.575
24.0597
11.0531
274.082
317.888
159.901
127.504
16.688
545.232
67.0772
137.012
119.319
6.11767
376.282
195.763
49.6043
465.511
160.634
15.4209
362.271
124.065
19.2334
232.893
248.351
16.569
120.491
130.322
275.817
361.401
477.114
257.189
10.3393
19.3295
195.418
13.5983
16.2212
394.454
38.8533
172.016
186.248
400.553
495.127
98.4361
407.353
374.565
12.3371
287.215
143.557
425.983
86.3548
182.614
9.68009
203.477
317.916
234.197
201.724
236.53
15.0125
18.232
404.077
365.38
17.7155
10.2338
443.412
503.23
224.33
24.395
503.349
23.0232
270.572
19.0752
85.2164
77.6533
123.305
212.376
6.76156
174.748
348.848
473.92
263.893
16.3486
184.897
248.559
74.4039
14.8689
96.6597
13.3935
157.9
5.34953
201.021
331.989
277.702
527.943
228.326
110.99
19.6358
18.8067
50.955
437.492
248.554
406.875
21.0916
239.312
453.112
134.574
47.621
17.7967
277.271
19.0917
354.94
101.0
351.508
16.7581
75.3756
54.2748
6.47627
250.152
12.8289
18.2009
16.0847
58.0959
199.134
198.731
76.1858
233.093
20.7993
16.584
187.465
67.739
133.896
16.7854
297.326
18.5747
149.669
95.4652
431.479
338.641
15.8013
143.072
296.344
66.9976
380.145
15.6215
109.246
9.4351
58.4648
16.0926
164.105
233.593
450.181
138.388
196.213
225.593
397.618
83.8098
217.027
200.279
11.2781
278.023
247.329
298.785
14.5218
53.2653
319.521
109.379
82.2673
199.223
98.0536
11.5483
241.945
6.50537
229.377
34.4752
399.803
23.9972
305.029
424.468
139.039
285.578
29.7076
22.107
176.199
395.866
174.303
16.2123
118.698
438.566
463.142
24.0681
9.79649
321.831
21.1369
21.5346
320.793
22.0398
466.933
21.1352
17.3686
152.37
218.727
10.9617
310.944
140.187
18.7024
241.587
195.761
123.572
119.254
142.256
124.833
32.7268
18.275
337.216
104.328
6.73017
23.7347
496.826
17.5166
12.4758
112.604
239.859
23.2864
288.877
42.4304
22.9041
39.6529
19.1821
20.5117
192.376
14.1765
37.6073
97.5631
158.174
262.008
11.3088
16.2116
98.9666
162.394
21.8515
241.378
76.7667
349.018
14.1383
28.6929
100.607
311.086
9.79894
10.1602
157.649
109.354
427.703
206.587
512.231
83.3797
13.9496
22.1031
255.7
7.41817
383.271
331.177
280.959
47.0449
344.415
247.552
415.944
19.1321
325.738
102.753
277.694
181.574
490.915
164.429
63.9113
172.76
246.564
18.5947
24.4959
154.786
203.316
164.027
247.907
391.696
355.305
427.294
144.529
217.378
20.8965
109.848
420.862
257.4
14.2957
19.8223
76.8691
22.1221
341.697
41.8267
16.3752
23.6702
102.289
329.098
135.576
415.693
267.51
12.768
534.014
498.527
447.971
65.3088
48.2187
17.9578
76.2376
109.07
29.499
23.6931
131.59
205.579
12.8046
79.9335
189.952
375.944
67.5243
152.661
20.9154
280.903
372.908
405.038
54.6334
553.964
42.1079
169.341
145.055
25.7467
133.227
129.916
466.126
34.4403
20.003
9.95708
461.947
20.899
334.708
300.723
264.298
524.996
131.117
535.186
220.431
21.5031
562.736
82.6898
527.893
111.847
88.4437
186.987
226.893
254.857
526.818
216.571
209.055
26.4907
19.706
351.264
225.801
211.192
404.621
163.923
153.311
16.5461
18.2746
375.256
149.999
276.25
317.764
24.736
116.14
294.694
10.1298
30.7235
24.3818
11.4257
31.1594
17.7491
339.805
212.034
236.342
17.6036
200.769
253.677
6.56451
115.244
192.506
87.9618
226.303
252.09
276.916
542.525
9.57635
317.228
567.189
20.0148
23.6431
16.7992
16.88
133.966
26.3542
14.0394
10.7799
301.35
506.981
111.488
255.616
346.168
21.8482
218.41
113.304
24.2519
16.0714
21.8435
200.061
91.4722
468.03
94.8786
329.322
15.2454
304.939
302.685
24.7272
260.017
112.774
183.068
360.358
237.386
58.3164
105.735
326.417
19.3104
42.3242
345.909
92.9434
212.564
469.709
28.7125
371.222
27.108
6.87441
28.2464
10.4766
218.564
229.186
538.442
10.4829
26.7833
522.125
126.799
21.124
57.8249
401.547
306.643
16.466
318.325
31.1309
19.6374
34.5598
14.2929
18.0321
368.473
289.381
61.6735
20.4845
243.297
398.117
117.205
112.172
22.0536
557.713
134.368
11.7481
9.64989
117.484
9.99212
19.5868
13.1459
14.0566
306.626
19.6063
281.109
272.495
360.07
260.505
282.749
152.999
186.949
386.512
185.847
33.8993
11.7674
139.671
42.9053
552.534
15.0126
393.427
271.721
21.8719
16.0281
75.2517
17.0709
10.0163
78.6047
440.938
81.0946
114.047
208.769
42.5227
283.46
300.011
318.179
21.0354
180.344
56.1976
14.6855
14.8104
387.555
158.742
6.14986
108.571
157.406
384.413
155.52
206.189
25.7427
65.1405
80.9485
181.868
22.6606
74.0461
9.38941
23.5386
40.3209
442.376
57.399
366.828
255.112
11.4763
234.726
12.3102
239.646
12.1269
8.97454
126.053
188.226
20.7114
390.51
501.697
12.0275
406.295
22.7194
390.149
161.517
82.041
377.262
525.217
325.006
431.183
308.143
314.643
298.183
22.6137
14.6167
244.535
222.435
349.802
2.60432
-5.08204
494.442
13.2598
405.856
298.79
375.215
11.9154
399.34
468.924
74.7579
181.446
22.5453
249.259
189.154
43.2724
162.746
4.36
224.281
14.6168
13.2008
17.27
17.519
103.082
25.8225
134.145
317.52
284.823
10.3898
8.63059
397.019
94.3036
376.34
54.2576
313.232
131.828
160.532
21.1279
336.582
123.377
233.772
20.3283
283.182
436.279
17.42
18.5319
312.613
170.272
20.2137
146.667
332.842
290.374
162.82
111.754
182.596
206.573
235.73
158.513
486.21
13.0596
11.2144
263.574
10.1825
376.514
123.312
237.793
311.256
361.446
16.6044
324.535
17.0735
163.013
10.1475
169.11
11.7774
65.8999
531.198
16.0236
138.763
166.737
128.097
300.703
317.994
5.5757
232.149
533.672
34.2108
514.903
201.745
224.343
225.824
12.9257
21.4505
247.089
158.268
31.5271
76.9735
379.468
12.8924
245.541
348.193
357.687
99.7509
417.327
49.1863
77.6056
67.0256
122.885
56.0375
288.912
134.791
11.1927
11.7092
19.0348
129.397
115.534
302.84
17.9301
18.6463
351.802
12.787
385.602
24.052
41.8531
117.851
56.6934
7.70497
194.702
18.2497
32.645
155.52
154.774
19.2731
24.1915
260.391
30.0
20.5084
24.5577
287.636
24.9882
76.061
241.462
65.7626
206.887
540.169
247.617
19.5672
128.623
11.2717
84.1364
119.566
29.8679
71.0869
403.001
122.055
175.781
13.0737
262.055
127.817
313.464
213.778
19.6977
299.513
11.3784
18.4105
52.9244
14.667
204.759
200.757
342.761
10.0525
126.042
242.499
26.3011
17.1207
17.5216
136.418
46.9948
10.9743
58.1694
61.6537
325.235
51.4205
9.21468
157.119
20.662
155.361
323.048
265.203
13.3764
94.7011
136.251
20.3399
25.6631
2.38969
161.91
11.4972
70.2467
355.791
147.676
392.563
278.482
212.223
177.999
230.715
19.2863
6.94737
58.4922
170.27
25.6294
32.7163
11.5384
257.657
225.959
26.6693
237.613
289.342
33.8277
129.018
154.491
145.797
172.641
7.17398
186.939
8.13334
12.1878
19.075
333.763
195.46
335.671
169.542
426.849
34.5699
22.7681
17.2692
245.193
141.027
342.746
20.0099
21.9546
265.907
220.174
3.29092
94.789
277.213
153.504
21.7382
16.2828
396.303
70.5342
455.967
409.603
16.4128
22.4774
62.7675
18.1241
396.133
565.824
314.874
293.888
122.327
154.661
20.54
539.451
13.0053
9.18926
391.488
92.2822
228.633
250.709
197.439
19.1171
538.557
16.3567
448.129
88.646
533.086
12.3294
298.846
169.908
297.921
129.938
20.5778
175.64
19.4551
233.368
26.6104
253.124
20.489
183.912
277.443
306.303
21.6006
391.965
273.798
162.136
16.7553
94.958
277.619
193.93
12.3265
15.5569
146.237
290.9
35.146
193.062
199.972
17.7944
119.471
297.014
364.409
26.4137
11.1147
253.296
26.1649
17.7445
108.302
283.234
84.2862
8.15623
19.8683
134.983
15.9886
62.1243
17.2649
360.615
16.8951
15.4768
391.067
110.097
19.8535
193.55
18.9202
21.8126
17.3325
454.173
416.465
11.5375
62.5584
11.6198
270.198
39.197
34.3262
258.224
262.151
98.3187
15.452
318.384
330.516
318.464
21.2602
207.371
8.39547
32.8508
17.0679
416.715
20.5966
185.228
53.0818
250.952
10.1708
463.736
11.9998
9.64282
418.686
61.0084
124.435
20.9666
76.7253
158.592
10.5303
324.256
20.7949
488.226
181.183
311.631
169.177
20.9788
201.599
245.606
369.003
321.51
139.354
18.9005
17.0616
26.5927
151.953
476.868
440.433
585.193
285.736
14.9589
2.04936
196.492
384.348
11.4233
7.56156
280.382
165.803
457.335
60.1462
23.9062
370.51
185.281
15.612
63.5836
456.732
172.406
16.8449
47.6204
316.61
519.891
454.214
81.6722
298.741
20.4524
114.711
199.172
232.274
218.857
368.288
392.119
16.6745
40.2265
19.2804
263.676
401.831
220.332
84.7032
344.982
181.102
130.511
87.7488
467.285
369.925
188.906
175.685
423.525
179.542
454.297
17.3563
87.3328
236.765
12.3513
282.683
11.4459
16.5643
13.2893
195.35
316.872
254.392
29.9306
49.571
21.6426
370.118
11.2871
130.619
132.89
202.368
19.6404
202.619
119.8
11.1568
548.51
151.093
11.2413
565.855
194.846
411.231
181.302
226.807
20.3791
379.373
396.936
22.4362
74.9202
342.572
91.6251
32.3099
67.8177
97.0801
245.788
366.8
17.3391
12.8101
357.872
287.49
345.068
262.288
20.1335
366.612
222.05
13.4845
320.863
8.49981
31.9733
233.804
274.688
152.934
37.048
216.839
506.921
19.5843
16.9796
113.983
462.47
312.853
23.9475
10.8686
103.199
9.51218
92.1363
71.2613
16.5733
296.643
37.0214
250.971
126.439
47.8465
75.5703
369.289
180.195
494.848
73.7981
7.19287
494.074
62.8447
10.9589
264.955
17.5723
14.3816
111.95
362.545
7.91086
95.7463
356.757
52.9145
113.37
176.241
188.027
350.046
308.207
8.90238
501.257
31.8485
113.457
205.574
10.0475
282.154
397.301
115.862
144.21
213.297
152.294
336.326
162.609
101.045
242.367
5.37775
374.72
20.22
378.188
68.593
18.2441
198.875
564.92
24.9471
228.297
20.5682
347.088
19.7304
256.15
10.1011
32.4761
313.908
6.29959
30.4132
179.529
40.849
295.88
351.099
25.9178
228.069
283.821
22.5245
31.7969
93.5849
8.52971
85.9075
11.2231
69.31
442.125
93.4126
404.772
19.0405
27.6155
63.0758
441.821
10.0931
33.778
67.3334
226.092
274.155
6.51321
11.8164
178.627
13.6888
14.9619
69.1858
190.051
121.625
10.3057
329.272
19.8328
7.65585
321.152
28.6511
432.275
393.24
168.546
272.303
500.269
227.975
202.706
21.0394
19.4053
147.574
191.161
18.1274
75.1402
76.7264
15.5718
12.3078
8.42165
76.6639
656.522
329.995
171.066
29.8815
172.392
126.699
393.509
402.078
437.487
113.98
41.1822
359.175
9.93113
442.835
320.683
232.505
15.4091
75.2962
326.769
13.3324
245.612
258.261
301.466
163.804
481.036
44.2522
108.699
186.048
380.138
94.22
75.2906
20.1834
25.9497
64.1996
18.4607
16.6051
301.739
49.437
18.7587
16.4475
12.7707
338.588
132.81
13.924
457.321
86.8812
12.0648
176.494
16.8065
17.6971
338.38
297.267
129.206
258.138
401.938
154.195
19.4204
47.7908
-60.7785
286.127
198.717
15.6821
10.7277
290.832
81.2235
25.0579
167.677
313.907
224.446
260.313
76.8187
119.834
240.262
253.398
116.669
321.066
256.881
306.794
393.089
172.674
404.848
13.6204
165.507
10.2655
6.3439
38.3066
291.252
18.5175
481.142
358.153
219.976
384.683
23.8979
143.471
18.3666
115.266
351.99
301.011
15.5424
21.0731
150.766
23.7275
52.7071
18.8184
18.8885
31.4393
126.329
30.2865
20.3495
23.2874
484.078
16.1454
353.36
303.576
245.893
10.4746
19.3879
8.71465
127.744
17.3668
271.48
158.177
20.3837
25.9628
16.1379
11.6
378.592
10.9211
300.019
326.432
326.893
69.5432
158.098
265.227
275.457
102.895
392.089
10.0516
15.4444
20.8373
15.6207
146.311
234.751
10.6626
20.8948
19.4963
468.196
16.4274
235.648
14.54
447.959
166.633
392.876
190.658
377.771
10.6819
321.102
241.42
303.331
15.1397
18.9599
397.643
19.1028
6.17062
281.588
54.7445
88.4674
12.5169
439.398
77.7674
20.0147
15.145
204.448
7.86677
474.865
14.6238
14.0987
160.406
295.697
231.245
240.796
96.0321
8.80871
22.6804
23.202
488.718
38.4949
273.201
185.822
206.943
19.4407
29.7574
317.739
372.817
16.2643
-66.8205
407.903
229.993
17.2101
297.96
441.562
23.2836
215.896
244.046
67.4804
13.4337
63.2167
404.662
5.28293
379.378
144.731
418.812
57.6631
223.745
244.288
80.2483
550.871
9.39902
22.7703
167.857
15.2639
318.967
224.875
29.2702
16.1816
6.20768
17.333
20.5535
20.8003
109.587
21.8698
342.984
20.938
17.6961
440.936
93.9721
16.4417
183.935
14.8242
132.157
123.468
10.4604
18.558
11.1186
214.355
336.102
328.239
272.276
16.0489
90.5437
21.1987
18.1648
5.25948
21.4586
86.008
113.535
20.1746
80.1366
331.954
370.148
204.992
16.1868
89.1834
353.207
200.892
204.034
19.9
250.151
11.7707
18.4728
46.6496
14.6612
329.188
17.1907
281.673
219.457
345.038
337.038
15.4618
35.703
145.375
114.214
20.7263
401.735
382.74
6.2168
371.304
213.727
353.718
275.358
9.92856
392.734
20.1356
18.1847
90.8385
106.433
301.92
110.599
74.4033
6.12425
64.2416
450.093
319.11
85.3069
31.8269
23.1161
22.9085
204.95
313.812
456.259
71.8026
35.2821
195.81
355.816
221.947
312.128
288.26
9.62084
232.429
111.772
427.41
80.522
328.711
75.1169
20.5533
148.131
15.7273
18.6799
39.5786
55.7182
423.798
18.617
403.354
-12.5471
302.417
186.894
392.266
70.6442
182.077
33.531
88.448
332.958
342.382
14.6153
16.7812
470.63
246.029
21.7669
32.955
7.22866
18.6339
18.5022
206.098
114.023
243.928
341.704
19.5867
292.287
62.3701
143.501
95.1613
16.6024
111.758
104.166
8.90748
64.8182
363.397
175.812
193.422
306.293
50.7673
180.791
267.321
146.989
14.9295
210.837
258.141
239.453
13.1924
298.645
21.1261
17.3511
361.082
22.9241
16.6079
38.2064
164.934
250.023
211.924
33.0664
401.995
27.2161
244.368
429.292
83.9162
367.662
46.7874
328.695
15.4502
186.844
174.803
92.2408
172.399
5.55577
16.5946
130.845
327.152
177.793
244.061
145.362
18.6965
12.9482
519.506
192.25
22.0832
193.711
241.286
25.1451
8.94165
197.613
258.945
401.585
212.573
59.6171
14.4659
79.0218
431.196
13.6671
346.066
104.262
145.521
105.095
226.878
96.248
32.4323
271.608
10.2453
162.027
19.5724
168.5
502.836
449.974
12.7437
204.043
196.21
150.416
20.2514
13.6893
498.439
53.8649
59.0695
134.657
24.3379
35.6068
5.40767
368.525
311.401
18.6672
166.141
56.6728
129.779
14.5375
226.112
21.4874
470.059
17.7503
18.8104
164.565
6.16291
230.55
209.571
36.3712
18.4379
15.7159
105.499
295.131
41.8917
13.2572
56.3106
51.6274
107.089
55.6527
248.34
17.9986
17.5618
10.1621
558.12
32.5725
22.1535
324.757
168.223
33.2088
5.70403
11.448
263.846
11.9165
48.6195
492.752
303.116
9.46729
13.7833
90.3284
22.2489
7.38555
191.75
19.6741
23.1102
23.1611
17.5443
14.1638
433.88
125.583
7.9172
127.259
493.016
103.578
25.1379
210.597
146.968
208.039
418.281
128.532
9.55368
51.5345
13.284
46.7768
17.9061
22.099
21.5606
487.049
383.678
232.614
21.9669
124.852
85.261
185.485
398.75
22.2719
266.51
356.971
181.492
30.3807
81.6722
19.5076
25.7264
453.894
59.3138
195.842
39.0403
292.644
252.776
22.9936
12.844
20.6707
163.153
163.898
417.297
49.8237
345.325
217.997
12.859
174.915
378.971
386.078
245.107
28.2147
464.484
275.288
84.955
400.135
202.164
141.895
435.862
117.627
303.95
15.17
12.919
26.9967
85.8305
346.563
14.3524
394.771
26.9645
479.364
14.01
296.217
359.971
297.684
9.8593
18.0423
102.622
19.9018
18.245
143.756
9.82973
390.151
17.6476
20.3143
119.808
407.028
43.2349
479.245
5.77773
116.099
119.469
56.0393
17.6331
298.456
204.789
18.5908
158.245
19.4018
267.703
120.7
19.2217
16.6451
212.802
46.1428
241.6
414.617
263.247
10.2329
390.88
396.39
22.7419
116.42
130.141
142.914
213.547
21.8802
203.253
32.1052
6.84686
11.8685
341.363
160.551
309.056
21.3417
131.595
333.383
145.403
214.645
293.182
59.8872
148.04
56.8444
27.9222
406.776
19.3934
6.26588
142.17
17.4916
302.261
10.2457
339.609
284.212
451.997
494.137
246.965
37.3478
148.759
182.671
338.586
275.611
171.604
270.79
519.25
320.791
12.1342
15.0683
12.6001
55.8016
19.3253
9.26778
365.942
294.069
19.8308
108.875
10.0235
10.6012
436.69
21.3335
190.182
15.4306
446.903
20.8998
32.3124
119.427
11.1525
439.425
385.855
22.6606
8.94467
173.217
64.3632
16.6595
209.899
343.883
138.556
108.98
9.26153
327.682
12.3525
18.6975
229.091
350.683
554.31
396.79
263.819
487.509
38.8032
184.053
50.8799
101.357
479.818
18.2671
17.2481
19.666
144.182
11.1662
352.129
251.883
314.937
372.579
309.13
232.044
8.21306
167.105
200.686
9.42489
245.961
196.785
303.566
10.9578
67.3026
179.268
194.717
14.1267
166.608
255.235
27.0904
292.252
285.47
55.1843
136.22
134.585
405.206
440.945
12.1956
269.14
12.0248
77.0786
292.448
22.0578
402.891
9.88595
315.728
356.021
237.933
110.208
229.874
30.9434
13.2853
21.903
301.308
321.25
5.32449
231.855
15.1178
405.589
218.773
70.4171
63.3196
273.877
7.63034
299.52
205.657
21.1188
162.761
377.355
478.178
176.239
319.734
59.8598
134.197
206.289
9.66663
432.731
18.6482
48.8075
251.375
16.8076
77.3035
20.5985
32.5112
23.3085
31.4145
21.4845
16.0869
263.207
116.08
168.153
21.405
117.533
27.6175
23.1877
440.088
398.894
107.31
83.8974
111.648
19.7958
50.3038
293.726
472.111
48.3446
270.804
476.016
225.058
44.7662
16.4799
14.051
20.675
83.9235
22.8832
10.9661
461.193
7.51221
13.4276
34.9913
489.28
182.908
255.902
493.147
54.0887
111.131
11.9716
16.3588
206.861
22.8329
82.8996
14.9044
156.87
230.873
263.859
-1.18401
310.002
376.701
384.51
8.07149
8.51176
22.2787
63.7372
300.899
398.468
201.194
141.745
298.377
11.5819
35.8438
417.271
19.1721
83.0228
366.918
6.69488
19.9508
308.865
114.577
325.316
13.4793
15.8458
15.639
17.1248
260.234
399.729
21.2396
208.326
27.3502
191.803
479.421
73.5504
226.177
19.4316
207.385
26.3541
15.8722
9.79047
162.461
228.431
462.295
359.084
312.243
20.4091
15.0612
127.404
16.1782
406.344
141.619
523.413
19.6563
228.283
13.5443
23.7453
205.953
297.597
233.089
144.833
10.6016
81.0427
22.0379
365.373
456.789
86.1794
467.899
161.683
16.5989
537.661
247.808
389.641
139.199
12.5299
18.8187
177.984
377.846
191.826
134.634
19.2819
130.651
132.312
463.785
295.609
245.029
169.742
197.879
212.749
38.2429
276.399
18.4655
203.151
171.443
77.0441
206.991
270.79
360.649
165.256
20.1186
313.969
350.656
10.114
15.958
7.6214
260.134
18.9492
54.168
15.2664
8.88938
76.6098
68.6987
13.4488
283.08
15.0715
361.815
17.1592
13.1742
7.268
29.6741
207.899
21.2736
425.375
57.2973
44.2851
22.6082
79.3689
425.115
112.51
195.549
29.3474
25.2965
16.5445
19.8098
285.54
473.444
13.8047
508.911
65.9123
23.9501
338.531
164.278
10.7214
372.407
13.2223
79.6121
14.3402
11.2069
179.736
318.454
12.8419
14.9904
19.0081
73.5121
17.6016
12.4794
13.2313
17.1357
230.858
224.179
16.7072
21.4717
168.735
14.5413
17.1289
9.528
34.5699
458.049
12.3056
132.543
536.798
336.906
259.895
149.301
441.165
186.473
201.58
19.9437
210.179
289.69
138.452
280.715
281.433
149.555
22.4811
17.8918
10.902
286.041
285.3
19.6371
20.9253
8.86924
60.7183
5.72082
18.7167
167.056
405.992
42.8388
223.926
39.1491
169.403
390.394
101.287
7.64795
11.3026
298.756
314.111
19.484
51.7
199.62
116.774
17.268
7.74111
7.25739
479.432
345.05
13.0463
257.399
19.7297
12.2346
405.8
23.4841
433.024
6.54122
51.6062
505.473
12.8039
30.5145
55.3575
80.3691
27.6839
136.623
283.441
317.002
16.4494
119.537
7.08717
244.233
15.9739
6.68251
251.847
32.1905
95.0695
187.78
36.6575
514.147
539.834
102.137
16.9715
280.608
256.266
106.329
13.8345
21.4304
20.6019
19.4184
547.71
17.6567
150.376
379.466
13.774
192.183
22.845
106.799
27.3549
232.307
16.9442
18.9719
353.517
16.0175
271.688
13.8163
312.209
22.1332
17.1644
196.789
343.853
559.718
546.391
129.061
17.4868
67.2469
511.915
102.769
19.7407
127.498
20.4987
146.39
114.946
243.492
22.2642
465.967
42.5905
6.02537
430.466
205.203
19.7619
23.0891
230.329
206.827
14.7331
63.2251
247.118
17.6762
103.038
482.979
13.4643
10.2088
334.13
53.8466
9.23029
14.2305
15.6273
15.8793
61.9609
136.93
14.6523
182.801
147.276
23.4699
436.567
395.019
424.25
466.999
144.473
21.9055
84.6647
18.314
237.664
14.7426
393.51
100.458
350.34
134.727
64.2979
345.755
440.593
307.507
20.0989
68.0048
75.2804
190.65
55.5801
20.5465
203.098
88.2877
6.38458
272.379
102.495
40.2096
15.7787
16.6417
68.7223
151.425
191.864
19.3997
5.99565
515.235
514.036
14.6349
95.1005
555.853
30.1228
104.874
415.357
17.1087
521.293
195.986
65.5765
229.816
176.166
2.73342
148.016
182.207
374.917
467.969
361.109
495.893
20.4664
407.217
16.5784
345.89
112.679
332.737
275.688
439.269
157.279
127.828
294.813
544.755
14.6395
157.213
302.638
198.554
286.281
198.121
388.139
20.4968
407.318
110.594
19.5668
76.128
404.58
18.2376
149.476
203.634
205.3
50.8623
244.234
336.389
63.4676
24.1634
9.28223
31.6998
27.7922
321.821
81.0962
385.758
16.0177
390.944
282.048
251.735
13.1558
265.901
127.336
154.14
7.9079
417.851
99.6255
173.644
17.0452
228.264
206.061
378.204
84.3843
109.628
67.3388
92.4337
19.045
20.7789
99.8664
27.2045
13.4337
16.8556
95.8255
79.3138
18.2025
14.4281
165.302
91.5077
209.563
133.725
12.2067
46.1971
22.9291
25.7982
11.3472
313.937
158.034
404.088
143.735
245.659
512.82
328.88
225.731
16.6461
120.879
340.503
12.868
248.025
6.59587
259.201
577.498
20.6969
167.628
125.938
89.4176
132.632
110.347
52.6251
14.5964
17.4644
25.4077
107.301
330.173
300.094
68.8664
443.436
25.4648
8.67304
110.765
193.349
506.793
234.239
20.0112
351.955
247.338
205.766
22.7244
14.5126
170.162
20.94
323.858
13.7688
149.821
21.3617
10.9579
16.3101
263.559
116.602
20.848
243.022
421.415
268.573
15.3276
37.3578
364.947
14.3218
14.0072
27.8131
22.618
53.9255
19.7893
123.746
378.686
22.8758
15.886
195.551
4.2695
147.814
61.0362
225.627
36.6216
13.4514
43.6422
402.059
-8.03536
521.905
184.717
59.2189
79.416
218.077
197.116
383.698
17.5719
361.328
187.497
22.5349
504.467
260.679
5.08148
14.462
178.62
58.8963
160.782
9.54451
366.109
225.613
11.2742
12.5977
469.959
397.316
221.867
23.7725
296.604
174.293
105.695
117.873
204.163
353.831
552.097
397.695
11.978
44.3704
168.842
14.3677
349.495
199.27
10.6888
19.2693
274.953
12.1672
224.531
23.9239
315.925
534.301
6.31047
299.979
136.235
142.311
17.8038
134.905
96.8074
85.3768
170.331
8.27582
15.8847
24.3849
319.549
10.137
28.5825
131.406
22.3854
87.915
19.9282
18.1902
411.258
18.6417
16.8282
334.014
74.2906
5.60794
38.1351
436.086
206.233
196.911
447.081
19.6301
18.7989
113.737
270.599
230.077
156.358
337.095
50.7308
178.952
462.433
275.137
24.1092
461.911
178.601
25.7088
60.3794
13.7108
19.5571
157.813
429.323
469.769
104.811
185.668
398.468
256.582
5.87222
290.468
372.135
436.637
22.0025
150.076
241.075
8.77353
13.3174
18.5956
349.828
122.919
86.6929
157.636
15.3038
364.827
348.136
276.558
357.85
15.6972
93.9783
253.792
192.818
17.7221
108.834
244.356
375.961
124.375
33.0049
122.455
170.51
13.3303
350.624
15.0725
69.957
86.4002
25.7288
14.0088
389.863
284.144
9.83866
516.847
245.791
9.50714
13.6678
147.987
18.9069
276.396
348.492
8.3539
512.366
70.741
149.604
14.1538
22.2259
203.562
4.28166
20.6389
14.6383
489.696
18.6791
14.2675
384.332
295.813
14.5331
24.1198
305.309
20.7466
321.852
7.71954
280.657
39.9136
206.809
27.7468
206.889
341.417
342.163
241.086
13.2788
21.3536
28.0412
291.367
11.2633
249.258
258.987
202.497
360.761
230.313
315.315
94.8198
229.652
274.176
10.1549
406.285
526.47
19.2614
135.548
573.568
9.59311
89.4838
120.821
10.8908
252.129
58.246
55.2988
205.796
18.1492
307.42
219.788
128.287
299.901
63.9097
157.06
36.2584
389.451
105.739
409.656
9.89291
4.2922
414.691
309.358
242.112
94.3594
21.7272
15.9623
498.113
276.945
182.823
8.99305
15.8145
534.398
13.6877
69.8467
241.435
294.986
337.634
20.8263
21.3481
207.165
511.338
16.1339
9.16591
146.302
247.891
146.701
439.744
255.538
479.824
541.517
361.4
6.36676
97.0732
315.885
541.419
263.008
10.5219
281.4
21.8365
59.7374
457.26
16.2462
139.317
77.7303
119.433
53.0114
21.9871
69.1762
12.8485
406.19
191.49
16.9716
15.1228
9.84433
14.2209
11.5666
20.6142
184.182
20.6953
4.05386
21.6543
425.733
485.923
16.4731
17.1748
286.052
384.652
20.5686
86.7866
8.82102
303.829
39.5315
500.236
15.7721
353.947
517.056
20.1493
18.8183
116.806
294.96
130.162
192.102
81.3679
137.318
15.9893
244.086
245.757
18.528
366.845
149.575
269.913
104.761
333.597
17.4217
127.736
9.3643
462.716
472.513
156.117
112.515
256.601
47.4065
61.5601
442.74
136.87
204.524
193.064
21.6565
23.9471
153.475
9.29277
235.02
8.48077
175.368
47.4163
267.895
332.143
313.927
301.991
93.2362
364.586
19.5849
439.619
73.0644
46.3728
407.44
143.797
13.8465
105.829
163.089
284.756
493.063
110.978
370.748
370.485
150.965
3.24885
13.7325
175.785
23.8861
54.1215
10.6398
161.449
85.3868
141.363
11.9799
139.869
8.5854
19.7211
9.28293
24.7393
530.97
365.956
183.856
19.6322
356.157
105.184
156.017
22.2662
46.8063
20.6909
17.1664
115.095
134.251
17.6106
246.812
14.4263
178.653
422.96
25.7109
299.205
313.174
164.443
317.71
17.3346
206.341
123.124
6.89951
364.581
143.765
218.461
87.2125
14.5423
407.284
6.92444
23.4852
29.6415
96.1578
7.80508
19.7593
9.64538
386.837
6.04327
474.166
176.126
14.7066
113.121
19.3172
7.9284
195.601
57.867
98.1911
18.4532
16.4746
120.379
16.5117
108.149
80.3082
21.5741
86.0644
10.4721
101.703
21.8521
288.459
435.765
157.32
78.4721
18.0219
30.7762
92.2126
293.477
485.866
297.821
243.061
37.3125
20.4213
134.931
20.6161
312.439
0.619356
118.838
16.0456
165.528
175.647
434.9
194.945
14.7828
20.0346
14.4259
302.294
16.532
543.671
9.08492
342.874
210.477
482.677
509.94
229.5
22.4532
243.434
43.8782
252.021
5.85721
9.60487
479.943
245.812
75.6593
553.161
296.401
295.314
401.181
129.824
203.085
19.4838
23.7741
185.581
432.962
6.13131
223.973
230.056
14.3202
63.4272
6.18827
271.47
1.72209
378.574
8.54165
372.852
9.40333
436.354
504.246
407.938
364.015
375.161
62.9056
67.7378
21.1257
295.734
274.005
345.32
20.7092
164.079
245.361
490.131
156.604
19.4609
11.4089
326.114
310.607
399.899
22.2352
141.408
162.603
374.651
18.3795
13.7438
307.774
17.5806
400.842
88.1161
158.881
226.007
198.85
222.249
172.134
369.937
185.197
83.0267
444.512
339.669
19.5533
323.789
256.807
20.12
122.067
114.785
346.754
384.324
27.7594
21.0968
273.919
423.12
189.415
9.45934
10.0301
217.592
253.093
124.594
4.15613
24.1884
333.253
53.0126
24.6133
20.8229
18.044
69.3941
281.069
243.361
87.8708
347.205
393.473
4.31409
106.309
15.6706
10.0262
469.213
392.071
182.372
165.103
9.95897
20.5533
211.173
9.41667
279.331
17.4187
15.7044
15.0562
575.385
299.189
142.969
91.9366
43.3683
364.525
13.9811
364.894
81.8839
160.705
339.103
15.1622
145.803
17.6959
242.412
14.9912
309.05
9.48729
34.595
12.5361
567.834
450.38
21.4086
445.953
6.82334
351.983
79.3978
75.2893
168.087
57.8253
50.8179
436.89
12.0193
210.236
13.8556
170.219
160.04
101.712
11.315
17.1756
254.344
21.7528
168.563
43.5465
17.6625
15.7815
15.9672
20.8761
273.892
22.4286
15.6238
203.826
230.259
433.858
191.282
116.094
143.393
553.519
142.727
19.7237
222.031
9.02921
495.831
21.7651
22.0169
166.368
255.118
27.7374
506.379
540.079
16.8746
145.977
444.963
92.9141
10.6746
18.8395
116.759
50.9341
123.131
6.32164
11.5077
11.6005
331.974
121.835
281.487
12.8387
217.526
339.795
256.066
439.408
227.766
407.854
139.33
285.665
8.2144
168.145
158.248
21.9905
184.806
77.948
9.48605
284.14
13.9265
209.318
6.66504
240.271
471.792
144.211
304.537
538.961
217.013
533.022
300.378
14.381
56.2343
109.169
13.8372
349.548
21.2679
343.452
16.6545
537.059
299.275
232.833
97.3518
149.892
256.401
143.077
17.1271
394.872
433.94
375.475
349.514
177.941
140.743
452.125
266.866
28.6368
25.9724
500.906
219.572
44.651
76.9145
38.9536
296.388
31.0908
14.5478
266.109
71.0684
177.605
206.067
439.317
18.9721
305.824
341.019
18.8777
113.86
140.678
21.0283
444.715
144.756
294.04
19.1711
5.24246
24.0782
24.7818
319.379
239.147
14.6951
295.892
365.778
16.6002
10.1534
120.916
17.5296
10.6696
373.699
518.734
347.242
19.4187
19.8212
12.1267
19.4742
291.403
22.3719
19.5344
20.5754
101.378
462.339
19.7618
21.6286
12.6179
21.3215
79.5141
153.789
181.416
24.4213
87.9291
21.9263
246.77
118.994
388.411
15.0401
328.835
40.456
22.2334
18.2925
47.4041
468.092
495.956
19.0622
276.587
19.0709
19.6307
351.594
467.261
58.5949
508.513
110.153
20.4525
138.993
407.081
435.404
108.904
14.2083
373.664
140.907
250.491
226.155
329.972
15.5766
216.107
37.1073
414.09
11.9429
156.483
7.66054
24.219
436.616
268.472
21.8234
102.194
170.232
19.9638
506.043
6.57129
16.4218
360.726
9.47725
183.542
12.7803
505.788
14.6108
69.3046
114.603
35.0208
223.893
14.7953
79.0928
264.636
24.8742
13.3193
10.6955
258.142
224.957
231.083
345.745
17.2961
116.168
7.17247
273.032
231.856
399.857
19.36
174.505
36.9889
227.956
235.123
334.81
10.1923
252.319
19.651
12.7844
127.599
135.555
148.748
352.077
18.916
80.3639
13.3622
19.8494
271.044
370.729
5.00622
548.395
31.9281
18.0135
10.6666
9.8685
118.813
346.356
442.573
409.002
9.53082
325.893
17.1171
359.466
454.752
297.676
12.8068
9.14079
59.4776
145.164
19.2031
223.847
23.0163
18.6851
9.83041
492.221
208.949
190.422
137.954
226.398
221.536
402.068
409.109
173.065
494.666
11.7434
24.0695
33.7414
6.62379
130.45
336.351
178.596
87.7261
22.3375
23.1063
389.493
245.964
511.472
330.027
22.6019
438.642
43.1824
499.495
518.795
15.0806
154.356
11.047
4.84761
378.124
424.987
304.937
151.434
9.14766
11.7497
297.289
214.787
325.854
101.819
240.467
18.7942
20.7323
248.416
20.6684
76.2871
20.1898
169.467
157.818
101.913
133.342
22.2784
18.8639
404.827
17.4559
314.469
10.1816
117.903
78.4547
104.113
272.679
21.8293
37.1797
155.748
84.8185
78.4212
10.0978
469.047
230.534
246.014
288.656
404.572
116.172
10.039
553.134
336.376
9.89726
88.1253
16.7034
10.3628
47.1391
18.2492
97.5079
64.9321
228.381
169.896
175.994
271.467
323.651
457.05
15.7695
183.105
36.3587
115.762
393.877
24.9368
353.242
52.5322
93.3818
9.62649
400.139
309.884
8.25427
154.925
306.633
150.107
371.728
13.5273
20.6279
125.538
227.7
17.6105
9.64351
266.352
30.3008
19.7754
142.181
8.28137
202.754
336.418
307.553
359.754
408.588
15.3727
145.792
223.378
76.1938
16.7016
560.246
4.68077
381.913
16.0935
17.3976
313.113
198.472
227.498
125.353
22.3858
38.9043
235.373
167.635
15.3675
22.785
488.038
11.9531
109.439
17.0536
33.6337
585.554
44.0612
14.6184
18.6708
101.684
189.473
71.0031
157.563
321.214
13.7774
17.1701
228.135
73.4054
53.5833
306.659
176.964
157.707
62.0281
129.352
96.283
172.661
327.659
11.9854
337.052
24.9623
16.7957
317.522
64.1296
186.076
167.302
146.556
133.451
9.23206
22.3016
284.907
479.454
281.043
173.476
140.249
19.8609
12.9679
406.254
97.8458
181.555
24.708
13.0493
332.804
20.8401
67.0398
191.642
20.3758
198.969
62.3549
20.4493
166.938
269.413
258.234
434.365
39.9069
327.0
18.3873
224.788
380.835
466.92
421.394
18.896
74.5141
60.3597
161.93
40.1487
16.9359
135.279
20.9979
275.605
278.157
14.7936
25.9087
24.1858
96.6379
246.363
357.691
173.196
277.634
253.975
394.866
552.701
21.5025
221.506
405.719
15.3579
359.59
261.955
79.8064
525.146
486.517
117.325
24.5457
168.387
319.473
13.2278
521.264
29.0059
15.9189
193.385
165.206
34.9454
5.08694
16.8993
282.626
23.4421
291.319
228.26
323.991
5.69129
438.889
393.706
13.5242
83.7283
5.92992
15.3601
77.3612
95.3682
282.287
378.082
385.361
332.403
349.277
25.8973
123.077
294.804
297.333
175.635
17.8089
296.184
9.75017
277.542
105.632
186.258
41.1351
24.1624
10.0165
98.2993
16.9535
400.132
52.5719
15.6409
188.356
23.7704
93.3331
22.1138
185.112
165.171
169.928
86.1904
128.068
325.958
32.4902
316.75
132.813
142.854
69.1492
253.217
431.77
142.733
25.7854
238.585
324.612
19.4886
112.081
18.9
388.408
20.8778
10.8446
37.6551
22.855
348.975
44.8659
43.8348
7.70332
19.4284
25.9925
135.893
22.4957
302.821
7.52022
6.22173
14.8431
167.737
120.607
22.9984
74.0943
232.242
203.643
203.852
20.9356
13.2252
28.7575
353.722
184.683
192.788
214.81
208.589
445.336
427.412
213.711
221.077
4.31147
184.403
306.603
362.265
74.2001
21.6056
409.661
14.1866
221.559
192.577
16.6447
16.9154
358.666
440.57
181.808
14.8878
439.448
14.7238
432.422
4.01885
342.824
242.505
193.693
226.552
302.191
304.975
74.6901
121.232
229.48
24.9624
140.577
342.459
70.8463
236.847
411.937
59.9308
23.0656
236.321
440.519
379.886
89.7428
329.361
276.781
180.895
22.993
8.31106
280.27
210.116
9.92204
209.323
320.987
392.481
253.41
266.516
241.32
17.6639
456.422
457.78
248.747
8.11544
59.835
449.706
354.306
109.434
239.34
191.403
19.533
484.683
292.316
398.136
12.8982
29.8671
243.763
40.2291
293.464
514.681
137.804
10.2516
40.6174
7.24072
75.4995
138.495
26.1347
33.1696
197.227
158.407
47.9474
189.803
175.848
20.9428
174.448
83.1958
404.988
100.677
17.4259
64.6119
244.517
17.8794
15.6527
37.6634
204.231
16.9482
109.546
23.4815
383.582
182.067
179.681
12.854
17.4002
87.6705
283.861
292.435
147.34
106.169
92.8925
18.0175
420.622
19.2975
96.2164
201.287
166.998
25.6923
64.5318
15.2269
365.263
16.1327
37.5756
271.227
214.694
6.43565
10.5084
180.497
510.918
347.188
19.063
14.0737
411.907
189.047
134.145
244.926
82.4641
78.5546
101.711
249.015
20.3893
10.0206
20.209
156.365
263.912
15.8923
83.7932
117.985
79.118
97.0783
539.689
176.737
14.2013
25.5452
22.9989
335.694
192.327
46.8645
9.39806
21.8212
378.619
219.167
258.899
178.39
308.961
560.771
391.926
10.5579
8.97283
130.546
5.76795
23.297
8.9282
187.04
423.12
400.684
-38.2259
18.9389
154.178
414.236
19.8795
309.248
126.609
24.3905
170.798
21.8149
22.0471
19.2615
444.892
15.6064
317.588
19.4743
221.797
26.678
350.967
207.494
279.993
103.493
138.251
233.064
102.964
340.035
44.8025
413.891
13.3862
16.1427
401.917
140.536
33.8103
230.397
24.969
205.327
133.779
171.045
4.69964
17.2969
18.6045
6.90566
201.701
170.895
304.635
28.0176
406.872
407.205
484.67
235.585
161.761
21.2764
139.055
119.59
224.554
19.133
80.3384
16.4096
11.8257
471.316
21.4786
184.456
3.94559
372.821
270.767
14.277
15.7546
141.793
250.972
371.081
22.0318
195.2
10.9954
23.7944
19.4631
149.557
111.142
257.829
3.26431
79.7879
259.872
33.6632
173.197
381.327
21.1214
271.458
371.282
550.304
24.2577
295.169
12.426
275.792
6.90034
64.0358
440.79
13.4149
13.7459
20.9687
151.806
23.8423
186.079
12.5543
17.1053
17.2731
151.843
129.905
18.2536
511.847
190.236
201.851
121.158
93.8137
257.044
277.925
32.6155
72.7362
433.264
115.361
80.988
230.183
408.932
259.239
151.002
314.293
429.519
565.053
558.201
21.9208
325.895
406.362
9.74393
402.28
15.5339
370.739
283.137
194.752
6.74785
82.5552
368.078
417.338
351.805
235.498
333.19
26.5582
180.738
17.7285
255.814
20.9326
32.9778
154.319
20.1932
291.184
14.6978
493.456
285.66
177.994
303.492
284.414
407.948
249.317
337.803
11.796
18.78
30.9554
27.9148
85.2689
298.795
11.878
545.292
245.44
280.277
467.342
22.3803
22.3759
67.5478
24.9454
285.707
13.4428
21.2388
63.8104
368.137
258.724
514.489
3.91348
346.465
18.1653
17.448
304.769
253.818
18.8813
102.888
39.0685
168.734
338.126
11.1008
294.061
6.5179
21.6705
465.89
189.48
36.6151
140.712
325.309
238.475
17.1713
6.53419
105.272
258.708
179.307
15.5229
199.058
399.065
80.8112
152.687
264.616
6.33893
336.502
21.1134
172.117
319.596
140.878
149.238
413.956
346.993
112.645
17.8578
10.5391
196.242
484.621
208.739
8.17027
475.317
79.7268
305.719
23.8378
19.1677
205.673
285.435
127.031
145.887
310.905
274.457
246.408
120.598
187.019
39.534
374.517
15.6062
144.799
308.155
282.469
275.886
9.99213
313.822
12.4283
24.8732
88.8524
227.126
18.0745
192.677
224.434
180.487
70.683
401.569
6.54951
31.9272
62.1475
299.392
22.663
175.297
150.572
10.3892
395.349
537.686
274.911
4.89922
141.834
366.801
256.814
204.284
43.5666
280.842
311.592
324.672
233.682
8.69134
191.967
10.6758
199.35
21.4764
135.276
473.212
13.195
218.786
166.417
13.2507
89.8409
13.0213
317.153
163.519
11.367
7.95023
7.21527
105.744
157.488
63.3567
140.572
183.622
222.41
15.5911
391.263
421.755
268.428
354.849
90.3897
413.912
152.153
472.114
3.33478
111.574
20.3452
343.603
9.56501
158.356
260.929
23.1029
166.263
14.3016
19.0025
132.211
155.477
232.728
89.9678
25.5457
319.78
9.69352
89.9821
2.1827
86.1898
457.685
84.4733
308.733
4.27645
31.7958
374.891
134.51
462.044
15.8718
321.121
14.347
12.676
204.615
296.863
278.198
102.655
144.95
245.583
15.0091
100.219
153.089
251.157
241.266
12.3979
67.3464
12.3997
9.9573
290.625
24.8958
334.269
161.549
154.854
76.863
148.695
147.204
195.875
93.0796
12.7327
141.955
102.831
100.706
251.764
568.498
181.358
534.359
20.3449
325.591
331.408
202.303
165.274
402.167
514.552
286.07
15.2235
544.399
217.326
285.439
389.666
215.749
265.027
173.874
14.3853
69.1304
3.95852
21.8901
91.6244
24.0247
41.1078
265.765
133.148
49.0871
276.675
16.1362
14.8639
23.4985
23.187
170.476
99.278
295.512
383.304
149.958
196.101
254.716
43.5456
214.46
347.063
174.403
135.89
284.664
311.613
390.757
349.369
318.529
75.7205
373.954
19.7738
366.765
123.567
80.0813
11.4628
497.726
153.039
139.026
127.4
220.077
16.1404
220.517
480.316
20.2819
197.738
18.4668
400.046
160.229
220.983
464.924
15.7091
18.1403
20.4316
12.087
427.867
19.6531
14.6681
21.2648
141.916
39.3638
124.522
15.7289
465.618
284.58
388.052
431.07
21.8726
10.4815
344.812
97.0321
8.71963
45.8264
199.143
25.8387
21.0776
160.234
9.54927
463.444
9.05711
16.8725
242.879
208.949
393.549
35.9988
115.242
19.9632
300.704
76.5159
9.30556
125.426
18.7527
190.327
216.404
9.18927
60.6755
14.6968
221.457
19.5851
299.126
6.90196
12.1276
13.2329
204.45
388.889
452.177
31.9815
380.36
466.798
451.886
255.276
343.719
15.5784
328.094
26.2502
297.063
107.155
425.97
221.032
379.424
396.627
174.09
287.21
10.0593
74.4489
21.9055
74.8783
5.29904
503.603
18.524
397.881
176.95
66.7143
25.3039
80.9065
21.7507
12.0093
48.3922
15.1151
11.0769
341.66
195.288
260.137
88.9291
155.872
20.4853
412.645
84.4091
20.6873
545.47
162.877
501.884
243.177
317.36
15.8955
22.4775
10.2104
11.202
432.105
262.045
165.083
102.764
467.846
272.12
29.9676
172.932
5.1515
13.4084
19.7181
19.7442
159.969
85.8778
298.654
262.58
244.462
14.7119
23.8388
89.4348
124.017
145.506
276.394
145.164
11.0613
19.0859
182.673
23.8482
18.1488
487.161
80.5545
128.607
98.7168
62.2118
10.4934
305.392
23.6641
345.889
247.158
22.0691
25.9662
268.535
387.63
246.592
328.732
171.479
111.05
157.072
364.304
100.377
80.0599
224.5
238.427
261.964
14.538
79.3361
22.8212
20.58
416.386
24.9337
475.889
112.728
402.11
169.984
17.5308
401.703
103.467
412.154
3.61718
16.7685
271.947
196.275
231.051
198.772
10.7649
27.6659
295.331
15.7755
173.297
173.478
9.56053
52.4569
297.347
407.708
79.5124
173.219
180.594
21.0357
24.6112
15.0922
366.023
173.94
504.751
348.738
354.438
19.1518
76.0073
12.5988
85.3927
144.993
28.7657
521.575
436.342
149.432
333.245
512.674
302.494
298.957
10.241
265.25
44.5397
359.048
13.7162
345.909
514.941
309.775
534.707
9.53591
190.101
246.871
357.95
197.996
150.796
223.735
297.509
313.808
202.7
14.5394
5.46085
119.757
22.3216
8.29153
405.023
237.125
15.8638
71.0725
41.5774
5.21887
16.1998
5.09752
114.499
546.279
19.3478
78.8296
52.4883
40.0621
97.515
53.4727
11.4732
304.2
29.9153
158.659
18.7659
218.876
299.979
82.8531
86.5902
336.239
137.985
407.942
13.8295
311.496
16.1455
379.428
391.244
146.275
306.712
196.619
153.642
279.719
77.0259
16.8431
365.913
283.817
66.1259
18.6008
95.0765
508.923
172.478
9.57723
314.06
24.0594
106.591
20.3382
20.6596
19.4919
96.0833
460.721
123.481
103.755
486.514
349.624
587.321
217.481
147.636
251.829
18.9702
48.7709
96.8105
157.233
252.412
57.8936
423.345
18.9451
223.78
377.658
166.712
467.86
378.865
178.21
290.283
250.451
128.932
183.708
294.978
221.194
401.686
270.859
216.787
13.373
107.825
33.8535
10.0177
216.745
124.226
443.639
168.902
12.6869
24.7613
13.3234
317.463
297.289
156.896
212.603
16.5376
22.1451
219.178
34.3301
249.247
10.7915
108.29
21.0206
284.073
114.63
7.07567
300.969
349.034
340.866
92.4844
77.3725
20.1828
18.648
552.763
153.178
36.443
21.1266
204.376
261.873
9.74037
353.166
16.8415
245.808
129.264
18.066
407.77
217.159
305.724
37.8871
195.586
233.984
46.1466
260.432
401.567
6.86552
10.2224
15.5552
116.604
12.253
247.896
320.114
332.245
205.131
111.387
339.798
435.894
8.81139
36.3818
23.3897
115.881
87.0076
16.1175
175.282
17.5934
296.478
292.953
58.57
312.393
120.126
172.472
56.6199
182.104
166.578
12.1621
86.0884
18.759
58.357
199.214
22.7016
133.605
203.284
221.798
23.6779
281.401
463.849
82.648
245.728
226.153
378.143
187.643
251.727
154.082
120.212
24.7398
159.889
30.1788
439.143
238.259
13.6967
426.937
8.62365
151.242
222.741
59.6165
55.9748
14.9106
135.214
295.19
26.6978
39.8587
35.1849
33.99
365.115
27.5192
104.759
199.566
18.1795
504.145
16.955
25.3409
382.087
371.672
13.632
8.39031
410.349
17.0588
393.312
407.859
180.128
156.252
110.017
17.9565
72.7912
313.657
180.011
366.164
28.495
249.933
5.20976
296.605
339.727
122.118
9.13296
19.3242
373.638
390.154
84.2099
535.756
62.1264
222.099
36.9278
234.861
395.206
378.355
60.3213
8.61716
6.10491
424.957
5.4239
73.7866
357.559
30.6805
351.734
281.781
6.35467
175.707
14.1381
60.066
239.931
17.0571
400.706
96.0475
15.8484
210.685
203.871
70.7678
210.851
30.4067
6.6068
9.76537
209.117
273.131
475.93
466.868
17.3228
246.611
13.0806
435.239
23.6935
13.5895
75.5257
18.1008
34.9943
12.0841
387.634
202.996
266.882
70.7481
15.4258
197.847
331.643
576.837
18.6333
373.352
149.986
16.3779
83.27
5.45922
268.649
255.629
13.9703
588.026
423.882
265.606
220.643
283.738
56.664
375.821
10.1644
402.843
7.81247
131.854
448.548
303.879
33.9459
22.7419
146.292
11.6427
14.3
67.888
6.15553
21.8678
22.4122
359.431
186.923
181.649
18.5612
22.3871
13.1566
450.78
10.7006
98.9929
474.117
16.2043
12.9158
145.156
230.622
11.0445
250.312
162.68
6.00666
515.082
4.48002
22.2298
309.621
17.0337
308.256
13.7462
340.809
145.269
24.0955
22.7642
286.723
21.3647
20.9386
159.38
18.7225
17.6639
364.3
8.30043
23.3074
325.407
172.45
146.452
76.8183
382.396
5.30136
117.706
232.626
6.74835
172.168
89.9706
176.576
373.07
4.46913
217.748
180.794
13.726
401.299
273.758
404.419
19.6418
50.8875
91.2691
14.9743
10.1778
14.1491
71.6351
4.97932
340.406
20.6152
192.901
22.9028
476.366
230.619
23.9823
421.514
437.658
95.0129
519.743
228.311
316.181
422.357
22.3101
315.53
85.2271
128.729
9.74618
431.641
289.644
16.4422
136.875
318.861
237.533
301.124
19.5964
255.212
185.35
21.294
133.979
142.849
508.952
522.295
16.7297
518.555
215.1
116.176
188.894
256.041
229.624
521.859
18.7704
11.925
290.338
105.603
19.1555
238.329
18.2516
20.6911
28.4337
181.663
73.7825
14.6191
96.0983
166.19
49.3244
254.695
512.003
12.1084
428.596
268.938
377.484
84.0548
20.8391
12.7527
4.71444
204.506
40.0445
160.097
42.9304
18.3477
95.4362
4.4704
132.799
273.058
9.09271
8.34519
69.677
72.1585
41.1596
213.213
95.1575
232.63
8.46623
54.8383
25.5259
12.8228
210.101
375.936
189.995
20.5301
115.482
18.6443
5.59181
443.383
338.281
328.893
20.3931
231.233
59.0018
11.22
34.6348
29.7174
217.315
584.175
157.513
394.182
456.897
298.821
75.0904
135.921
16.078
310.449
17.4754
61.2859
491.07
458.856
294.5
223.279
123.65
174.835
12.104
17.2926
18.625
492.225
93.0641
479.766
289.093
17.137
71.9957
239.287
17.6266
5.92106
359.75
207.559
19.1401
17.5123
193.441
300.902
23.1582
10.8832
80.4016
19.0625
37.5896
332.481
385.307
262.967
176.835
137.911
245.273
91.0137
389.939
15.4642
258.094
127.521
49.4103
20.4295
77.1533
6.40656
61.0559
215.668
33.9692
6.83829
174.087
18.5244
167.371
208.825
252.067
172.243
13.7081
96.0744
299.095
441.424
8.61164
383.247
378.245
23.0157
9.11401
22.8053
237.383
274.237
565.049
22.0047
23.2665
9.87209
132.611
107.327
90.8226
20.2267
421.234
15.6541
349.307
5.69701
19.9085
12.0402
16.5581
99.184
117.803
186.353
193.639
325.63
331.384
24.151
31.1542
35.4859
16.3148
30.5728
429.796
135.168
315.682
16.3098
124.392
17.3683
125.579
235.752
19.7551
505.831
6.34045
48.759
104.006
16.9515
397.077
16.6713
253.61
14.897
357.02
89.377
212.749
98.2981
157.494
11.9156
217.108
6.21398
9.78521
450.858
272.61
256.678
18.3677
13.1479
100.419
103.07
464.099
5.20442
78.1538
116.126
366.022
16.5334
148.872
60.413
214.343
344.468
250.28
21.191
13.5114
13.8207
466.589
195.39
38.4012
364.446
11.0929
235.887
12.3207
360.979
156.02
23.666
359.417
187.376
360.638
138.484
15.1344
343.075
30.5963
391.483
12.9948
74.5111
262.146
14.851
21.6597
171.076
15.2225
298.891
494.515
134.863
165.25
448.686
393.603
16.2863
132.452
20.3826
8.30293
195.313
366.914
148.765
13.9739
12.105
20.7009
489.942
247.971
100.542
106.435
98.5056
14.9812
14.6921
136.547
417.665
207.393
211.219
20.2952
305.878
31.8914
119.085
357.99
145.037
58.0591
212.008
112.683
20.6793
337.481
20.655
21.0504
23.6916
101.527
21.4165
92.2406
472.835
237.666
452.521
414.472
15.9224
305.291
482.5
14.4433
311.644
265.548
35.3061
21.4524
432.243
9.07212
176.119
533.8
14.3662
18.1508
326.484
11.6351
298.874
46.9748
340.382
19.7341
4.54858
478.465
17.5086
492.796
18.4467
138.429
405.08
16.3476
51.7454
17.003
179.026
16.7357
245.951
324.558
174.525
445.25
332.124
427.304
502.817
38.32
312.063
37.9092
11.3916
446.901
169.381
20.5562
21.1361
365.73
169.579
11.6245
201.595
16.8168
9.90866
206.136
565.983
82.4678
316.887
18.0643
96.1139
10.8785
207.071
54.8472
11.2962
19.9673
47.0775
20.5192
437.22
175.63
12.2888
208.269
145.186
193.467
220.967
103.147
387.063
13.8441
21.9808
17.2825
20.1934
118.506
69.2234
6.02935
71.9331
216.337
114.58
150.787
526.097
566.966
472.459
401.035
234.791
100.953
113.362
130.394
245.94
188.633
409.311
515.081
20.2608
19.8139
18.3858
30.1555
13.4574
9.02681
415.383
20.2669
192.88
144.877
99.7888
80.3645
18.6047
58.1908
18.9342
252.92
75.0589
202.613
12.0063
449.821
334.37
11.1742
12.7359
6.36992
9.08112
266.308
257.378
10.3652
138.56
134.626
77.6559
15.9943
201.491
503.735
29.7112
245.168
21.7517
20.0441
242.619
16.9498
13.4486
305.178
284.809
23.0882
444.97
215.169
476.49
493.693
10.8177
385.771
21.292
206.249
84.6031
16.6376
17.7722
16.1865
4.81209
20.2431
326.084
294.952
19.7318
5.52365
17.8234
9.00979
159.839
251.664
19.6781
412.632
102.805
534.892
262.993
247.783
38.1072
181.414
21.1826
9.44411
269.907
79.5064
239.129
20.9054
204.929
120.291
42.3695
373.874
124.148
17.4208
10.5215
80.9297
324.231
63.7668
389.558
167.176
183.913
19.8614
21.2854
546.178
42.5767
17.5573
211.752
23.0592
16.8368
18.8675
494.889
12.6464
8.73766
194.69
257.195
34.6204
109.3
294.742
11.0892
436.553
51.5416
428.475
307.545
329.406
161.452
31.4573
198.949
198.074
282.757
543.643
20.1036
110.441
148.258
16.9772
15.2761
34.9103
231.117
10.6253
60.0913
439.27
145.78
53.2076
74.9871
237.854
78.029
254.632
137.175
25.7619
306.694
8.19074
13.0312
286.887
4.48568
24.9696
366.401
14.2198
266.545
20.5812
150.675
513.446
25.9694
416.691
24.0842
428.936
298.461
221.741
17.3332
154.025
8.12486
16.732
311.621
443.646
16.1142
241.341
13.8492
205.083
134.676
56.1137
236.489
166.941
220.515
14.694
129.093
371.437
107.198
9.39698
16.0386
22.4487
112.977
12.141
292.775
12.2262
300.92
295.861
315.051
27.5429
95.1144
35.6856
47.7799
283.709
73.5164
323.599
129.737
521.945
52.1627
286.538
15.4973
20.8982
320.876
13.8337
50.1782
23.0219
274.56
10.1197
14.6784
60.6603
292.573
323.313
443.956
503.507
138.845
39.7604
265.519
173.905
213.301
100.997
8.69933
21.6739
22.5206
24.0744
60.7756
17.8454
181.246
18.8089
241.601
371.861
301.566
21.1911
389.053
267.31
170.137
304.048
16.2499
315.836
171.203
215.797
21.1659
22.4342
230.072
139.684
14.8753
19.8246
301.34
502.545
103.136
258.981
319.827
12.1362
20.389
405.664
301.603
297.475
72.7263
19.1048
438.833
506.639
343.217
425.004
326.591
16.986
176.375
348.619
12.7941
8.80733
358.494
258.349
267.929
20.8238
547.921
20.78
28.4892
10.6256
15.6025
9.42269
18.6758
332.708
281.228
19.1733
302.544
5.44639
18.6464
155.53
22.0685
209.887
138.665
44.2213
376.559
21.7749
332.028
206.533
406.86
320.863
19.9448
398.375
276.142
18.7987
374.092
195.693
426.534
249.579
320.159
16.3657
16.2797
9.07508
467.152
171.45
286.038
356.858
334.879
336.165
343.263
11.1272
19.2668
19.5979
246.28
176.45
16.8841
30.9176
22.0541
178.212
106.75
21.7742
454.504
202.93
440.834
212.498
273.113
282.981
11.7603
97.7248
22.1101
154.984
365.083
212.123
5.45476
47.289
12.5282
191.397
7.69871
86.0633
10.5607
286.872
358.209
196.077
83.0999
15.3124
101.146
5.24788
131.983
443.207
250.18
17.9845
56.8962
384.984
10.8357
12.2827
158.575
406.398
10.679
274.259
20.1517
278.627
142.676
242.12
216.526
280.895
14.8109
353.65
17.1692
22.1672
19.3702
22.7494
44.2291
21.5774
231.384
259.426
19.2248
273.994
15.7021
23.2812
282.263
282.429
11.0234
5.77555
8.46294
16.3842
373.595
387.804
225.151
19.3843
264.9
22.6727
156.515
222.807
22.4419
282.072
363.367
109.324
422.51
366.586
21.1053
22.4178
202.672
270.645
30.9921
328.543
21.7794
10.6869
297.392
18.7681
325.086
98.721
10.3219
474.875
76.8447
12.5699
353.183
555.797
5.84374
21.3386
192.04
12.2906
423.777
108.911
374.164
20.7767
405.526
141.77
351.525
348.678
200.8
179.312
308.373
457.616
52.606
344.964
175.284
209.435
18.3267
149.954
75.998
536.729
143.174
7.17974
516.367
12.4487
131.228
566.28
469.314
18.588
369.983
531.521
32.4873
12.7012
95.9351
10.8337
75.8703
314.46
193.728
512.597
34.834
13.3048
13.1242
124.113
316.338
337.92
320.576
280.482
168.477
4.36939
21.1383
20.5494
141.968
465.35
157.302
352.856
7.46067
17.9403
43.5792
245.85
234.212
10.0498
312.781
264.812
10.6756
176.068
22.3624
306.565
18.9784
28.3849
114.565
125.309
15.4445
14.4506
90.7359
356.293
13.0945
307.793
74.7401
8.60938
184.264
55.2145
242.898
528.93
518.017
234.727
487.891
166.684
395.506
289.767
15.8808
21.4949
305.479
160.441
84.8702
170.358
312.938
24.6407
43.0034
10.6986
340.6
70.6897
8.97435
17.3325
20.4029
174.842
121.506
145.709
169.589
13.978
55.6456
5.31459
36.0285
42.8145
210.795
241.085
21.8423
119.264
499.699
15.265
16.2875
222.603
251.669
8.21359
12.3864
20.9289
22.928
416.64
130.522
342.759
5.54453
420.165
462.42
15.7724
285.935
21.9474
11.3698
16.5844
19.4128
14.3108
5.28026
131.208
507.618
75.7618
181.382
8.5922
6.69844
20.3743
19.5407
309.505
325.336
15.4679
466.493
241.667
17.4263
218.287
298.246
375.349
409.009
414.467
265.965
14.3144
392.354
408.832
263.882
169.733
196.734
10.4509
18.6198
140.549
10.4028
184.407
224.128
173.883
338.078
258.299
140.226
291.166
-1.82086
302.325
20.2367
16.7444
20.1767
490.892
329.706
17.7823
8.1509
15.3626
403.146
7.15528
42.7158
84.1351
24.3352
19.8729
18.9676
43.4084
97.2941
10.0556
163.228
54.9559
302.646
12.4
8.73383
173.14
6.7935
339.199
291.236
26.6118
49.0392
18.5146
19.4888
141.112
10.2562
17.5175
15.8619
220.422
351.548
10.3701
248.981
65.7301
90.7684
17.8612
212.55
292.339
299.235
14.7454
186.828
94.1155
55.5892
129.68
216.676
368.954
8.32911
502.083
221.455
14.3093
16.6781
10.2873
355.908
136.129
260.846
190.492
229.945
394.434
23.206
411.989
17.103
247.363
57.0322
162.405
47.2317
14.0143
17.0234
15.5028
17.3189
22.4683
344.102
14.0939
14.2049
396.046
21.8095
298.718
340.049
13.1389
69.7163
14.4259
79.6651
10.683
170.563
61.9475
48.9159
15.7665
206.238
296.999
54.2924
196.043
503.281
323.258
76.0455
137.447
108.301
127.404
544.445
310.566
40.0924
13.3621
147.647
441.775
176.359
327.566
100.443
268.972
406.657
93.4933
344.465
351.711
216.422
49.4148
136.55
341.58
73.8721
16.1063
153.367
117.455
296.884
381.433
175.862
407.67
21.9162
94.7188
237.57
262.726
19.8533
398.942
245.699
462.493
256.171
305.495
21.8311
24.9006
284.505
21.5131
13.6729
246.541
304.855
170.578
28.006
137.904
19.3697
405.984
246.027
323.522
10.7201
62.1923
201.792
82.8385
9.70372
14.1214
528.6
315.833
86.8589
445.445
31.1507
343.094
384.999
12.8801
8.57358
11.6009
15.9143
21.1159
396.742
20.9856
21.5629
278.698
148.14
50.0346
24.5838
50.9628
242.003
336.944
369.59
21.2736
17.9134
12.3727
354.387
365.01
470.087
111.203
187.706
14.1408
184.005
18.7741
305.208
165.261
578.45
39.0744
118.115
155.682
16.5998
21.1566
91.7606
202.554
17.9075
16.1618
252.444
13.129
434.58
12.6341
104.368
9.85895
20.3514
297.99
38.5063
510.366
18.5398
371.307
256.677
14.4297
22.8893
564.523
210.983
132.149
199.649
182.454
37.2616
355.969
9.48257
6.19687
72.7016
310.194
167.896
182.864
174.074
89.4621
336.388
53.3445
386.159
58.1989
241.088
249.366
16.0888
323.08
9.1734
209.076
47.6476
15.3409
342.006
349.053
104.397
274.188
11.8238
9.8788
51.9976
14.4331
34.5853
324.15
340.967
470.26
361.467
431.363
124.095
481.69
71.7259
58.3588
87.5562
35.2479
354.483
116.403
48.4854
376.721
183.471
100.765
58.1519
187.361
362.344
6.83977
111.634
17.1513
13.24
400.91
27.5218
97.4963
169.261
370.896
14.9537
220.251
234.537
9.95344
215.265
424.472
257.722
282.393
288.262
63.7836
270.954
11.272
22.9936
211.154
314.619
261.132
78.9238
38.3208
16.0439
22.2641
492.84
303.202
8.67525
155.169
147.981
89.0697
396.224
156.005
94.1544
380.042
280.685
125.602
13.3692
17.227
92.4992
215.276
101.042
302.35
178.93
19.8452
221.094
4.49021
454.371
252.906
122.235
12.0175
128.493
107.009
15.1422
249.756
20.9852
128.479
365.357
240.348
114.066
144.23
117.435
335.908
236.916
113.793
388.553
10.3911
288.341
9.96778
118.748
210.437
206.997
477.956
11.5203
99.7359
134.557
407.197
16.9669
164.068
34.8672
361.253
20.965
274.221
430.514
527.458
272.134
130.898
94.0751
364.48
230.865
242.184
112.322
127.239
23.5701
120.989
509.225
424.111
370.334
343.737
19.3455
18.4379
17.4275
228.57
354.27
18.7963
374.347
20.7904
100.141
11.3947
20.5293
266.279
312.467
176.768
160.452
443.319
81.6317
66.6384
12.1032
420.991
10.3044
563.119
48.5553
203.769
14.291
369.928
364.5
15.4948
80.2408
190.296
19.0994
24.1575
239.225
175.444
135.2
423.825
111.757
325.534
78.1267
130.144
22.0683
399.308
24.7093
75.4856
315.774
13.4744
128.247
8.46322
51.2361
15.8893
335.723
244.735
15.5262
485.59
6.669
318.768
304.219
25.2393
132.529
389.014
324.867
137.639
248.738
185.676
346.922
332.793
443.427
176.224
12.408
8.91428
20.3842
15.632
20.3745
188.396
540.687
11.7408
555.907
164.608
430.639
21.5316
24.5382
263.311
17.9102
67.1572
657.175
6.35261
20.6636
144.734
207.303
159.986
30.9632
122.05
151.399
438.304
217.457
178.66
312.013
166.955
253.875
89.4967
61.9197
19.8417
145.129
105.772
47.0171
170.038
379.931
140.309
319.565
180.526
24.2235
11.1168
18.5503
353.297
158.998
6.94527
549.311
314.355
416.758
310.818
267.845
68.917
5.45491
3.71826
205.08
10.8064
27.181
376.929
106.425
9.93984
15.2981
43.4581
500.65
558.808
8.94169
11.6766
376.449
290.006
139.466
89.5846
533.205
37.2772
-11.4796
371.84
296.223
424.036
15.0326
91.5647
11.1022
102.8
79.2046
51.1119
130.344
465.203
18.0834
440.236
6.7196
25.121
16.5829
28.7041
548.346
235.438
364.475
156.195
107.794
367.582
26.3033
229.36
357.66
175.964
4.67568
160.255
30.5616
97.4641
105.729
119.617
455.631
138.876
327.753
173.167
45.168
162.245
11.6409
372.545
277.296
437.229
14.3264
29.0751
3.92721
205.941
384.605
5.61051
203.731
296.124
407.561
26.4255
462.532
361.49
11.3384
310.916
15.8391
468.323
387.491
18.948
260.115
82.1175
186.235
373.121
22.1749
7.78916
14.7581
15.9938
530.65
21.7822
160.003
9.88937
20.3326
25.0661
551.008
14.124
158.08
74.1154
10.0783
14.9527
215.438
354.513
88.9158
333.309
276.086
173.948
21.0482
201.5
251.034
321.541
7.8359
5.31111
203.154
63.8143
59.26
48.0585
38.9752
152.497
39.9328
196.013
188.167
23.5714
458.179
117.54
417.429
263.374
364.208
119.489
308.465
431.628
13.242
279.027
253.724
16.9113
12.956
416.925
96.1813
141.452
13.5801
17.6826
344.065
21.8238
116.589
215.778
212.568
230.804
8.35152
33.5061
339.179
3.89645
238.351
232.081
18.9104
356.363
23.2391
16.5956
13.9295
535.175
21.3993
95.098
13.6128
257.384
16.585
19.2657
18.4687
213.268
312.352
327.803
5.5449
382.999
290.947
214.738
14.4801
317.357
10.4495
194.237
18.0245
26.6675
285.535
409.406
13.5561
19.9634
203.703
26.1248
298.306
384.299
41.6859
300.79
111.795
374.081
208.816
412.013
133.541
418.541
19.7891
477.025
72.9921
111.764
397.59
9.62265
10.3915
10.1088
207.463
272.924
201.441
14.808
417.818
19.3315
16.1396
12.0354
171.665
367.974
10.3193
37.2512
133.562
512.273
278.004
25.9514
46.053
11.9082
218.02
464.45
21.9457
83.8035
441.282
243.399
15.6701
276.505
60.5227
19.6811
369.633
240.638
315.542
16.052
227.504
14.6412
242.482
571.747
540.474
21.5036
172.508
20.6556
250.007
12.8122
17.1935
107.261
11.9266
74.1813
167.807
107.72
9.17432
358.263
11.5734
10.6059
143.656
142.538
263.149
38.918
21.963
9.83237
184.641
242.228
17.7755
456.482
235.504
19.2815
229.392
24.204
3.69881
9.91655
16.598
5.36236
18.4525
168.242
71.4431
216.26
194.207
406.386
445.837
161.9
189.899
23.5621
17.8132
11.9768
18.9957
495.547
11.0033
397.442
13.6293
566.457
10.9463
270.686
21.4571
324.541
44.8001
366.016
10.1741
38.4286
39.0843
145.269
242.722
10.4516
24.2601
26.421
75.0865
29.8054
136.796
14.1905
67.9192
23.0157
130.348
21.5726
152.555
153.7
241.383
16.5912
137.268
498.615
180.503
17.2707
370.584
194.736
17.4023
31.447
321.611
327.822
8.78176
60.3581
368.611
19.1693
17.8908
219.961
20.5704
16.0653
105.269
449.286
72.2212
26.6747
22.2435
262.461
48.4611
26.7779
99.3805
19.3832
355.76
23.346
20.9354
99.8258
332.721
213.823
487.371
177.821
332.891
218.546
450.438
245.063
338.955
15.8071
138.325
185.219
18.9507
195.656
295.567
314.397
200.792
146.05
259.06
12.2029
133.526
18.3829
221.363
15.7635
11.1489
18.841
512.047
150.851
382.288
331.865
60.6198
164.119
13.5031
13.7854
21.5865
70.0662
40.1159
464.993
256.643
193.021
16.1463
23.5118
533.784
11.2039
292.328
18.9861
19.602
554.247
47.6527
330.456
41.912
40.7309
23.2199
490.925
174.908
244.95
34.7164
14.7265
18.6026
369.955
22.5756
192.354
194.936
260.337
7.30398
21.6155
22.1267
270.87
20.1972
42.0796
17.5089
24.2949
303.507
270.116
5.42461
63.2961
21.8399
13.6108
390.003
228.409
437.494
304.029
509.066
10.8488
35.3327
266.958
91.7123
17.8014
167.596
8.9178
500.477
92.9745
17.1474
212.145
42.6964
16.9528
10.1828
76.5551
93.2993
292.945
17.6023
117.75
14.6502
22.5435
14.3718
72.2269
14.8478
265.022
470.715
36.2365
53.4787
387.466
58.2005
511.03
257.094
350.046
301.487
539.709
166.699
133.114
19.7819
65.5453
27.6306
20.3003
94.587
353.955
20.4995
22.5441
443.545
10.6864
21.8878
268.109
475.784
15.7953
181.028
346.732
7.90967
217.646
14.4622
567.122
285.963
368.786
17.1773
11.2193
18.3869
12.8426
71.0014
187.783
219.994
21.5829
10.4394
95.9323
217.015
20.1004
79.5722
17.3391
373.761
448.295
25.6607
371.59
377.027
12.2719
29.7738
19.4887
286.004
208.451
375.449
11.6757
145.134
97.39
326.704
15.7862
22.4155
171.575
11.7825
12.7479
305.884
10.5873
12.5533
306.704
361.644
13.7088
95.9127
50.6195
9.32123
122.498
22.2654
50.1981
20.798
16.8811
19.397
121.879
195.971
478.014
16.6752
63.3598
36.5898
171.425
246.302
17.2181
292.429
9.81767
12.7596
222.063
78.5983
41.8254
539.73
4.85909
209.319
265.836
203.336
13.5304
125.518
170.522
154.239
61.7604
26.1565
15.3472
18.6033
189.6
322.083
19.5091
10.8673
355.58
70.9215
15.9987
445.529
223.589
17.4662
9.51902
15.9128
18.7266
245.262
215.415
278.235
545.418
86.1607
286.431
249.053
351.569
397.152
14.0937
361.039
41.3374
12.3929
14.255
4.3591
289.44
10.1111
211.238
17.5014
204.844
409.299
352.916
13.845
11.4284
297.493
312.483
96.8086
105.619
286.195
329.228
126.612
137.33
275.945
483.294
12.0853
24.4127
313.469
48.8142
10.4973
79.0007
110.137
115.143
27.4849
334.718
19.6244
20.5105
225.073
9.00079
16.3391
301.037
509.833
317.047
180.514
115.181
459.124
166.627
291.658
5.44835
180.305
358.533
19.5111
21.5709
134.073
487.306
28.1692
14.2717
36.3875
13.4899
165.366
484.902
19.3073
14.0088
264.068
289.68
557.091
20.0314
282.22
165.303
269.995
20.9091
324.234
12.8996
199.965
309.173
108.521
34.4535
61.9962
27.0135
62.2032
59.4805
192.655
393.99
16.2534
23.6397
34.9701
351.76
60.9304
180.534
19.9877
442.119
145.76
4.78025
63.3756
-123.756
148.328
16.4526
289.255
62.262
5.34775
80.729
14.9555
203.516
264.509
514.129
15.0459
87.9377
31.8976
284.054
10.385
522.422
152.819
112.896
39.8567
410.549
146.547
111.871
7.37157
221.772
461.465
19.8999
362.423
7.26821
7.38074
245.206
526.226
472.74
155.761
515.085
264.944
21.5136
-13.4077
21.5181
8.43518
21.4182
48.5709
139.633
48.3307
293.41
14.4809
23.0819
10.9298
47.3159
163.592
133.932
23.6396
339.473
246.222
110.508
246.797
210.155
19.5171
204.065
263.234
17.614
22.2403
502.878
234.088
17.7586
372.318
84.8937
22.6232
50.1821
26.6724
17.3814
495.969
163.753
323.169
60.0142
21.0748
299.095
257.199
128.66
149.462
8.89149
160.874
16.5765
10.4723
323.313
345.543
326.359
23.4447
140.257
352.147
19.5674
129.178
172.346
369.335
140.7
365.379
474.057
248.811
248.907
20.6641
13.4558
524.935
104.047
361.723
8.22621
359.972
20.1222
344.965
81.0909
554.95
485.13
61.3559
15.8246
211.805
234.356
483.105
22.6853
511.769
16.7833
348.472
61.5968
325.275
13.2773
36.5956
75.31
23.1726
20.9349
183.344
50.4338
9.32678
428.159
14.0309
248.97
527.323
21.6936
116.372
22.1181
10.8706
199.999
12.329
299.23
12.7818
124.362
20.4528
59.1454
267.654
17.0227
38.39
164.991
130.578
29.0837
60.143
14.1525
468.116
374.676
329.266
202.383
556.896
5.12661
19.1323
454.03
19.8372
19.2304
211.693
15.6689
361.028
203.763
252.527
13.3458
13.1608
235.628
29.593
22.7006
309.919
24.5388
459.741
6.27946
279.24
113.909
330.23
11.4907
389.365
79.6518
5.76656
5.58524
293.434
15.7135
206.218
137.748
15.7569
5.58697
12.0765
83.1586
145.039
22.2764
7.16156
76.6063
434.941
115.027
15.5471
200.7
19.7334
400.106
18.3946
171.691
174.794
30.7655
447.205
123.232
15.7839
63.0944
17.4926
176.959
311.273
315.724
199.854
7.22748
54.9474
22.2279
407.695
187.592
11.5184
151.431
14.6628
358.629
9.95445
22.3663
485.173
68.8853
216.063
435.983
51.2005
24.8156
49.7919
12.0379
232.216
56.726
7.1881
458.996
192.618
7.8836
10.5486
13.3826
20.6496
179.747
298.363
283.259
370.958
11.9727
5.1104
460.078
14.8326
23.9313
361.588
56.8344
9.48437
485.548
87.698
168.456
382.719
474.708
245.932
296.998
34.0396
212.516
272.373
30.0556
196.285
416.95
22.299
136.554
240.648
31.1116
530.636
550.722
183.21
54.2193
225.6
144.383
220.577
18.0699
446.16
534.667
244.336
102.95
135.173
18.681
338.352
20.9668
35.7572
148.918
392.476
448.353
134.556
48.216
14.8667
136.19
200.921
18.796
9.99203
541.616
192.671
359.602
193.777
17.9026
16.1227
387.125
63.8588
20.8136
118.424
326.329
265.437
20.5339
355.8
365.034
101.933
398.162
175.302
375.968
434.596
127.954
104.308
20.1449
81.3795
15.3198
237.714
455.279
324.298
207.228
79.9261
113.815
460.907
90.2513
7.99783
9.887
202.978
284.578
9.23418
173.575
313.442
316.817
142.899
15.4156
116.274
22.4082
663.403
87.3499
337.173
82.9616
9.61398
11.9334
220.058
194.628
301.036
15.4893
15.408
249.821
16.9326
21.7218
13.4893
21.8325
15.6197
110.486
401.472
25.2363
228.696
307.325
257.28
24.3999
304.028
425.418
515.652
347.423
301.092
241.492
419.059
308.991
143.676
218.011
9.25841
18.5154
259.567
11.9951
17.6445
19.8657
19.4091
241.324
319.575
25.646
395.82
361.37
373.639
18.3651
22.8763
46.5921
460.154
55.8965
10.1655
180.615
433.979
120.827
182.966
20.9029
389.722
13.9773
85.2029
21.0444
91.4538
388.518
10.6922
407.251
222.348
18.1428
101.318
455.917
290.311
231.133
23.0302
108.961
82.7006
247.384
111.404
105.545
14.612
424.149
85.6851
383.703
20.1233
34.5773
378.749
6.31785
226.839
97.359
6.08117
22.4035
166.906
25.3136
377.182
15.9166
237.218
275.904
14.4185
10.9635
42.2869
176.564
304.725
205.532
339.039
259.497
88.2098
12.8509
286.439
8.317
19.245
484.641
112.588
421.401
194.11
181.301
199.43
260.302
17.8813
28.3808
19.2178
58.2907
243.507
173.283
266.618
469.142
16.6424
223.243
272.096
211.765
68.0909
20.4879
24.6414
159.383
170.373
102.112
7.54331
83.8447
94.8997
286.661
324.01
384.543
21.5403
260.072
27.5345
331.614
248.738
374.685
399.206
102.242
198.548
174.97
491.49
19.6001
8.98753
5.85758
10.771
30.7424
278.775
39.5083
122.805
10.1692
337.531
20.9581
22.9392
10.6533
203.164
391.523
361.505
348.603
40.0991
399.395
473.429
126.152
246.122
328.215
432.762
205.602
245.654
240.42
495.637
348.676
249.552
402.538
11.1539
20.4333
21.5272
178.334
9.58051
398.399
227.583
21.2286
352.599
18.3174
260.621
346.831
71.6432
39.9076
58.2863
180.396
181.253
491.756
17.1765
8.80037
477.911
229.17
13.4806
446.599
30.6653
228.495
10.3773
188.938
114.762
163.037
128.681
19.0566
15.8706
307.789
112.14
12.1416
19.8672
16.1168
39.3399
20.2911
223.501
49.8461
78.8959
15.4974
313.948
18.7798
113.464
184.568
385.322
236.926
349.245
262.127
197.818
15.7309
237.701
12.8803
390.752
21.7576
91.7425
16.6834
100.74
479.359
98.885
12.3893
188.705
10.3192
10.3128
230.379
16.4387
326.917
47.7247
425.869
12.1117
17.226
15.105
206.524
88.3297
61.7131
140.202
227.075
128.329
14.2038
6.6042
455.008
368.173
63.6695
14.1839
17.2528
379.073
321.73
14.2911
2.87356
188.541
14.2483
22.2886
15.4203
311.212
323.979
371.368
302.396
15.2545
91.0556
19.3783
56.1017
85.6344
184.379
19.8165
240.52
20.9558
73.46
334.822
227.065
13.2034
18.2354
461.347
217.989
16.4056
8.44181
20.5097
115.859
19.0858
499.123
350.459
228.392
25.3802
395.157
313.85
298.655
12.8004
72.394
8.13708
139.902
157.884
303.207
593.415
477.41
22.1357
111.337
23.1482
361.783
7.77688
288.541
402.314
391.313
128.128
132.98
258.507
18.5636
455.333
66.7499
332.857
20.1914
69.1135
19.9517
17.8112
249.763
54.9977
284.502
180.136
14.0719
203.693
17.6466
18.1777
21.8427
67.2892
352.846
68.958
413.712
290.684
193.325
19.9333
264.828
314.433
97.1809
379.584
188.197
231.961
353.279
75.3094
512.867
131.005
251.091
91.0565
11.8273
171.272
276.675
6.33939
290.251
70.832
185.965
20.7316
342.76
221.24
30.6347
19.4974
151.118
515.585
78.9443
289.568
7.70256
20.3514
303.487
18.5315
199.674
6.4751
455.545
204.07
12.3217
504.969
10.0937
164.912
23.6996
16.2278
14.0299
109.342
23.35
17.1861
59.5135
14.2063
526.195
19.617
15.0448
464.415
19.3008
190.195
318.077
64.5631
17.2193
413.115
195.102
249.023
100.238
187.921
13.1518
427.158
484.012
21.7979
359.283
138.793
62.4446
22.0391
111.571
333.705
13.9963
14.2074
20.1773
57.0342
29.1856
23.8767
182.828
18.7152
10.4363
357.455
144.626
12.1343
18.1826
21.0274
298.218
13.6587
458.716
215.512
248.868
32.3731
264.255
154.92
300.33
11.6697
83.76
45.7376
234.445
299.169
104.278
242.712
108.152
175.648
21.2779
396.172
184.975
17.8651
358.206
276.677
33.4247
6.17406
228.869
368.103
76.6105
4.92777
10.8151
199.685
382.232
403.277
20.9949
16.108
17.5042
501.345
70.9089
275.586
359.428
316.582
346.031
475.906
18.7412
12.9586
282.701
293.116
22.1185
6.88789
245.743
356.073
18.7578
34.497
296.481
13.8584
6.48014
-70.5776
417.714
448.404
15.6867
254.746
214.168
34.2486
50.6653
211.8
89.608
322.366
227.4
463.836
46.2202
12.2515
41.8831
15.1475
444.145
474.107
22.779
163.869
14.5859
401.497
304.497
11.1332
316.471
18.3469
287.339
301.696
505.506
387.202
490.497
9.00852
8.37978
372.633
328.145
182.808
131.084
29.2886
7.86366
18.6076
19.335
237.64
395.704
237.284
46.8435
272.957
21.5534
170.303
366.97
22.3564
37.0462
296.34
53.1549
237.413
22.287
189.645
424.571
203.448
150.102
245.237
364.218
404.777
128.035
42.3875
86.8363
43.2149
465.812
283.124
118.51
321.998
33.1474
59.3071
314.771
295.205
274.057
302.077
17.9022
323.696
241.743
9.53161
436.028
553.763
58.6489
19.2852
294.067
5.1029
26.0116
9.35168
357.526
295.647
5.99073
96.162
61.5161
282.05
18.0515
16.8745
8.82251
117.624
305.079
13.6242
336.075
363.765
262.164
294.02
204.879
12.6684
205.297
536.53
145.485
65.8696
177.549
401.981
24.2959
399.82
466.197
348.847
320.472
20.0374
162.224
28.8546
12.9398
243.089
24.4628
330.473
27.2948
155.106
180.587
17.2989
22.005
201.987
196.859
8.85349
129.805
13.7505
69.5351
15.0287
26.7378
68.53
358.708
386.895
219.186
498.784
19.1358
21.48
134.584
386.033
14.2424
219.132
15.818
100.291
437.8
18.1244
459.111
485.87
24.7584
338.915
342.795
35.3214
257.587
343.456
74.6236
250.802
335.636
134.942
21.2889
229.224
25.6098
28.7754
305.829
102.611
16.2782
274.308
357.651
11.6639
282.487
15.1702
185.528
133.332
10.8259
481.36
80.2206
30.265
535.473
9.60616
358.551
243.939
20.6002
359.041
6.23327
228.568
101.61
293.817
210.896
168.178
390.287
451.742
398.954
100.342
522.836
19.3425
9.92154
177.531
229.795
18.4286
187.836
16.6811
22.0716
310.099
271.476
270.738
236.873
405.963
106.568
252.687
232.299
15.9435
51.718
24.4306
15.3005
3.13367
217.688
18.444
344.879
283.457
9.60265
465.323
47.8725
272.398
19.2311
20.0142
234.51
21.5583
17.8744
14.4294
20.3331
26.5165
20.4863
16.3341
173.367
84.0297
175.762
347.017
10.8
65.1885
79.3245
152.47
168.039
13.8863
275.08
325.731
22.113
99.2011
350.891
135.766
26.5685
38.2555
8.89195
78.9266
364.985
274.668
101.558
33.1616
300.177
20.6262
316.442
18.6009
353.067
95.0999
22.4947
121.296
454.007
20.1837
370.975
20.6146
20.0778
90.2596
449.05
402.771
188.711
9.29714
196.358
168.287
279.632
453.712
84.741
300.858
12.6512
211.584
329.207
14.8619
24.3633
526.208
218.882
147.486
53.1891
22.9619
378.435
279.975
66.2129
12.3893
12.6361
426.469
12.8134
8.95771
485.27
6.90936
174.229
219.512
107.671
186.805
11.422
16.465
15.2005
65.84
11.2863
376.835
220.517
224.887
18.469
179.919
311.621
204.11
55.3
4.98825
213.609
244.973
78.332
533.714
354.648
47.9687
20.8343
14.0824
103.406
411.288
148.794
13.2811
329.718
314.828
445.919
9.74448
271.854
19.4131
313.516
257.394
309.127
271.057
160.708
398.692
156.075
143.943
220.374
72.2551
20.4394
467.568
61.1562
319.284
306.91
13.937
159.975
241.131
386.705
20.3455
174.111
410.746
21.4345
13.185
70.3193
138.434
517.496
9.23424
18.5572
106.688
382.668
406.624
87.5934
6.05444
340.764
338.816
15.6053
18.7546
374.697
177.783
100.17
15.5501
11.4171
15.6016
172.612
11.4055
9.84546
404.117
124.827
126.907
164.775
17.6383
258.273
39.4183
17.4826
455.872
93.0096
21.769
10.8485
18.9898
202.641
236.967
175.396
18.8717
8.21322
153.925
79.2389
301.397
16.2378
110.691
12.9709
366.615
13.8884
29.5288
18.0395
17.1939
22.362
125.08
182.555
356.934
319.229
16.7635
108.164
476.383
3.18116
20.1119
21.2264
4.38004
241.682
13.8185
174.303
118.589
59.505
283.999
25.5016
415.885
321.919
30.3671
16.2087
361.465
191.81
26.0945
248.078
551.62
17.3773
10.2005
18.1922
179.148
200.913
33.0764
20.7551
20.3108
421.501
31.1401
218.448
110.545
133.577
229.781
251.601
287.443
459.657
243.179
112.778
393.773
241.419
328.729
142.194
19.2655
17.7222
298.499
104.114
14.2833
47.9394
304.555
245.999
152.122
512.108
41.4969
18.377
332.433
306.924
118.851
38.6646
562.372
222.807
84.4927
136.432
207.694
387.653
433.635
292.555
79.0016
253.457
443.348
12.1019
146.159
19.7787
397.335
271.04
9.27894
76.6507
248.956
18.85
16.6114
206.644
318.2
186.098
121.951
207.928
296.42
19.4782
16.7813
20.3202
17.0278
33.2115
417.026
52.2696
3.84123
174.435
184.361
139.515
181.167
219.095
114.97
14.1506
16.0464
126.297
290.77
18.7247
184.109
114.015
16.2221
380.01
56.5624
9.97885
20.3768
22.6381
467.89
324.487
298.065
14.704
12.6521
45.9047
129.28
46.8555
437.434
515.803
21.1042
422.944
319.041
42.458
295.997
16.2339
392.959
44.2781
124.974
33.4604
357.921
8.57078
553.911
25.5293
305.606
366.409
377.068
291.881
145.965
13.1729
405.64
8.17134
31.2241
61.0015
24.7171
11.5403
18.1742
102.022
359.665
472.427
244.669
88.1949
397.403
346.129
4.69449
99.9353
208.228
243.205
20.1868
33.6788
446.605
6.69381
7.61516
178.322
12.6308
218.087
225.556
48.7602
10.1704
216.454
231.15
271.553
358.503
42.1821
17.4032
249.103
62.5552
101.307
80.9997
17.4963
20.6399
257.907
246.15
22.2064
130.094
19.4491
135.396
18.3159
342.043
327.249
9.81213
15.7693
11.6071
100.228
493.651
18.1765
439.95
11.6321
22.6771
376.713
143.455
157.182
259.503
149.19
101.339
9.41142
243.838
4.58953
446.464
23.637
50.5283
292.474
305.092
76.103
191.823
337.266
216.814
39.6297
13.6725
12.0626
397.886
411.542
434.908
355.567
97.8884
251.014
75.1486
524.907
14.2302
450.304
9.96047
286.833
19.4916
17.0222
73.4593
17.0899
217.226
5.31862
307.052
20.5316
36.0104
84.2567
146.355
30.5433
14.2752
63.3056
290.875
110.113
22.5624
367.674
370.545
440.695
146.78
13.7004
19.8242
19.1015
438.958
499.617
235.26
21.5222
582.896
15.0687
35.5411
6.00448
112.729
95.5013
18.3242
349.903
28.3397
19.8545
43.6816
22.7297
184.446
195.384
7.36697
79.0656
291.483
17.8845
382.198
431.757
26.1936
252.979
125.262
9.87927
21.4413
208.996
11.0549
208.844
30.704
191.864
359.022
18.9621
301.738
17.5776
5.94983
242.834
10.099
173.813
6.19958
24.2553
171.962
66.9852
21.6278
11.1979
485.438
8.07413
22.103
321.159
498.995
70.6675
158.838
170.364
441.983
328.838
123.757
162.423
228.567
102.748
60.4885
249.029
15.5593
0.0400711
19.4281
15.1007
137.401
171.141
312.561
15.7708
213.418
319.405
283.779
14.1464
217.001
18.379
279.423
119.113
17.8938
252.09
418.073
259.68
86.443
15.4272
56.4441
13.3377
208.597
34.0505
11.9682
10.718
4.38416
96.1464
9.93101
19.639
107.01
151.339
501.379
11.3526
266.253
228.052
500.706
14.3905
305.757
3.12038
382.171
12.4741
22.1505
295.438
19.4905
20.3636
231.99
115.101
6.75073
20.9893
12.9107
18.2895
12.0685
10.6197
233.246
12.015
33.4965
281.596
6.53074
295.682
12.0626
197.534
297.487
177.897
294.967
13.4889
9.87741
21.3378
15.3006
21.4498
269.038
203.818
284.852
197.346
20.7591
173.273
30.8212
141.535
150.801
165.149
259.548
15.4507
277.019
17.3632
12.9133
9.74125
71.0295
23.0891
186.453
10.431
19.0558
357.703
284.112
15.9106
519.684
147.289
383.015
114.811
82.471
205.132
139.235
140.923
18.6195
17.3438
162.145
18.4427
143.545
244.352
356.58
280.703
191.321
336.864
19.5454
19.9523
465.238
290.534
29.132
7.35708
480.381
109.456
189.77
9.42964
253.542
277.331
197.098
159.213
521.086
118.559
533.658
270.963
50.1798
91.1727
338.268
372.237
18.3701
35.1951
238.39
18.0496
161.19
16.1381
107.974
22.1709
11.4067
118.424
94.3009
315.85
132.057
59.2871
38.844
53.7852
398.08
327.128
227.205
147.955
272.684
9.49985
186.325
298.375
12.6584
13.2821
142.779
71.2618
359.054
256.087
19.0968
481.656
369.467
237.078
55.673
362.594
12.3296
334.827
22.2709
87.2056
376.876
70.2875
24.4474
149.021
224.976
344.747
39.4121
163.736
49.9365
48.0727
171.748
418.568
12.5482
54.2248
356.731
301.491
505.067
45.5197
21.736
19.6703
13.2959
209.665
339.56
51.2826
18.0063
4.74
413.64
15.4384
173.268
457.231
20.7101
18.4222
294.505
52.2835
12.4696
23.3601
225.111
316.071
17.0478
28.94
402.24
117.487
16.5699
548.391
7.24336
10.7779
32.0126
380.444
20.8251
13.3755
274.07
19.1903
13.862
152.278
334.771
259.11
30.9833
19.584
376.091
16.1544
127.173
291.839
20.2939
260.5
6.26203
21.9179
176.449
173.546
25.1401
21.5821
50.7696
215.989
301.933
151.084
28.2631
368.108
339.261
26.2191
232.51
75.5365
-0.632494
364.74
116.502
20.2848
12.4884
407.341
14.0297
142.111
207.963
15.9046
120.18
16.5605
272.846
238.697
159.641
135.849
17.7615
519.587
28.6731
31.3392
35.7782
114.698
181.847
389.607
29.7338
327.203
75.4629
375.554
17.4108
384.898
20.0397
254.196
544.409
20.301
84.38
129.116
395.668
408.041
490.706
16.6689
10.9844
58.6231
478.756
273.068
379.56
10.1067
125.833
19.294
24.9764
36.161
16.7248
461.082
23.2595
100.512
10.132
11.7861
163.576
356.827
20.4814
21.0029
19.8905
17.0473
168.254
315.561
67.1379
225.759
71.3833
14.1878
15.4307
11.7298
155.287
13.0312
73.1768
130.852
358.844
21.7455
162.949
22.7573
26.1179
9.68477
280.746
111.588
98.0126
62.4025
462.02
19.8143
184.06
192.22
12.276
138.173
166.865
210.172
406.082
278.855
14.9828
364.796
307.986
16.9736
19.0392
54.6718
150.563
563.677
374.58
59.1902
27.7513
108.217
18.2343
32.1948
167.852
10.5609
29.422
307.609
14.4313
106.194
16.9249
196.401
38.2117
40.3952
215.862
19.5984
116.964
405.213
283.523
19.3546
23.1154
20.6962
272.325
131.772
429.82
60.7178
117.638
20.6736
9.15477
385.766
125.157
442.821
310.024
52.8546
9.13556
217.632
143.736
196.441
13.4102
110.362
93.4236
37.5652
18.74
325.08
65.1434
65.0209
301.234
8.97391
186.019
14.5622
39.673
23.9393
16.8443
442.291
91.5408
145.141
188.907
264.376
13.6324
295.901
11.1125
309.4
203.715
433.544
407.785
244.32
161.129
248.222
532.693
10.119
219.91
343.855
208.005
27.5252
151.231
273.213
34.0805
17.0176
53.194
157.751
246.268
7.62608
162.773
99.0287
519.069
13.9694
175.851
232.789
418.421
323.546
9.7931
216.692
198.927
250.355
169.89
213.618
9.94679
260.495
172.587
85.9666
14.1217
5.72802
66.6514
21.7427
4.04581
104.406
198.315
6.99466
59.2849
7.17543
540.055
155.17
18.9225
88.4897
162.977
57.8957
133.702
8.48726
5.39768
40.8086
31.9362
287.858
317.003
142.877
62.8856
391.04
229.933
257.937
14.3195
19.1044
27.6027
470.093
122.187
18.5438
17.7242
23.9348
380.309
20.4076
476.523
328.394
19.8586
203.298
179.203
128.731
173.576
289.919
14.7234
185.434
120.638
169.62
12.0051
470.06
43.7262
203.705
7.47112
21.3872
199.888
378.212
453.447
18.1984
13.0158
20.432
21.6392
158.424
204.42
12.8406
297.01
423.13
323.498
29.3
18.2804
362.245
64.6887
11.0652
11.3399
212.507
20.7829
224.38
179.425
484.422
214.141
120.538
11.7087
13.9983
11.9735
94.628
17.5007
385.095
352.401
128.409
20.3121
58.7209
467.429
134.976
490.67
9.17688
334.034
359.35
360.859
7.57972
384.332
13.2806
17.2045
13.6923
437.7
112.431
17.0056
521.56
292.441
18.7393
180.464
351.86
374.921
31.2982
6.13428
297.981
340.566
20.165
83.9372
20.8001
164.373
19.1909
11.7275
5.94233
190.086
551.357
10.5752
352.132
206.037
497.266
21.6924
11.2326
111.594
20.8601
19.9952
52.8549
-0.760231
495.019
252.039
348.346
139.346
283.452
319.852
34.2936
20.2864
179.293
316.64
284.498
8.35297
17.564
20.9483
142.541
8.03716
26.7497
443.425
286.532
11.9681
97.6943
86.2091
241.105
28.7768
238.414
11.1389
12.0639
19.3348
13.9803
19.7716
266.108
15.677
-18.9123
9.38001
100.843
183.509
429.787
358.131
460.868
386.539
231.345
63.4283
319.469
326.036
24.0044
24.3336
250.969
253.104
15.4111
15.3252
278.689
149.315
35.9455
10.7404
20.7621
10.6272
204.94
17.095
16.3453
346.897
364.601
332.549
11.3406
348.076
214.682
400.943
127.77
415.005
233.326
3.67576
85.7042
16.4732
144.18
83.6822
464.231
231.665
519.584
101.716
86.4319
481.528
24.8087
223.659
230.888
16.7193
451.673
23.1938
337.129
451.934
57.5561
134.272
300.852
147.967
193.091
300.179
252.805
228.091
275.514
220.176
44.585
16.371
21.3939
193.771
5.05671
462.793
257.837
18.1424
6.86401
85.5656
283.158
346.362
266.997
349.171
277.683
453.38
14.574
343.313
290.901
18.7588
191.868
11.7029
13.0041
451.7
68.971
18.8983
399.114
15.2731
125.046
281.738
15.5314
272.186
8.36079
5.74535
145.649
276.643
109.568
194.434
168.078
27.7858
8.29369
203.484
308.188
28.8829
10.4132
104.431
21.1013
401.864
275.081
5.75363
53.7045
207.404
92.0646
133.095
111.545
215.663
484.274
111.125
279.283
174.957
295.269
14.8982
14.846
-193.711
455.976
96.2134
224.938
277.08
54.1568
323.01
51.6818
16.9427
123.729
169.461
561.293
35.2445
22.48
466.868
5.63792
16.1195
101.014
27.3983
225.844
9.17954
225.507
11.7578
170.968
15.1221
10.2289
179.94
358.706
266.783
278.535
385.069
230.7
13.7417
375.71
214.648
19.6594
16.4686
276.715
77.3985
132.587
102.767
88.4431
261.914
160.23
497.157
21.0634
76.2511
17.6178
225.941
47.4066
410.575
11.2558
70.7824
491.95
5.9553
120.668
19.8796
17.6696
325.834
20.7618
20.3452
21.1221
6.02306
19.5442
20.6119
27.4442
42.3824
251.849
16.6761
36.1021
166.624
219.916
17.6572
239.141
187.622
557.426
16.8662
241.082
20.0897
19.1474
345.577
80.2754
16.9096
110.573
102.085
364.499
233.193
292.412
63.0878
262.567
475.689
29.9767
290.963
18.1844
18.8449
250.232
21.6404
20.4436
245.811
12.1379
21.9679
19.408
7.68693
493.262
17.9155
233.01
19.833
19.4087
10.4049
386.337
102.808
89.1147
207.642
135.495
11.2719
16.5398
133.409
257.575
139.11
62.2158
274.832
12.5859
363.173
12.5076
248.078
20.1777
214.514
321.376
325.245
83.2231
16.8417
291.327
118.128
15.8121
133.876
147.567
128.956
169.593
31.7307
11.8729
221.679
313.011
155.597
18.549
4.47626
184.796
276.827
203.221
174.548
170.66
269.746
48.371
15.0929
21.2864
131.118
242.059
265.801
381.638
355.848
18.2378
243.863
397.268
256.93
142.106
165.489
486.475
407.055
113.829
9.12984
125.593
9.35891
206.133
262.524
42.8693
95.2918
429.779
90.1074
498.291
197.818
442.877
341.874
14.9193
16.6422
387.249
24.4165
15.8267
19.7334
231.575
201.887
21.3052
292.945
30.8467
235.858
18.4441
53.1132
439.454
23.9056
342.76
36.2511
417.542
219.62
262.296
14.009
208.8
88.6457
43.3352
150.697
288.471
290.848
358.129
149.091
225.772
312.371
7.74694
10.8882
328.112
16.4974
10.6989
192.716
317.582
434.429
45.2371
263.062
35.1559
16.82
289.653
251.161
329.959
397.698
17.9681
14.2915
33.3739
116.405
10.8438
280.077
362.85
197.448
212.33
4.83593
469.993
180.2
410.317
40.1371
14.5524
324.893
59.8074
16.9193
457.193
197.623
215.082
181.729
19.5321
211.279
428.931
320.923
15.1409
61.9328
17.3408
263.776
31.2478
14.8719
188.276
12.4877
195.085
298.628
339.698
12.9289
151.253
382.774
133.311
308.716
178.628
142.78
19.148
120.543
360.257
23.5984
268.512
97.2331
17.5213
15.8091
376.949
383.962
192.316
22.1339
5.64276
294.329
111.508
22.6996
19.269
411.707
308.269
186.632
16.5307
347.247
23.5896
251.943
92.9854
61.4717
362.677
100.008
438.921
322.76
375.309
203.74
73.1301
148.529
270.89
145.864
13.8064
376.612
109.216
306.755
141.8
14.4059
206.78
34.4204
22.739
26.0447
529.591
15.6443
326.154
90.3442
70.4065
144.5
20.7463
465.497
10.6676
8.78118
6.77279
370.226
81.1412
153.468
18.0425
15.7082
114.56
22.2898
10.6306
170.753
17.5481
18.5259
400.488
436.261
208.382
416.284
14.8059
12.1244
18.2311
14.9184
223.037
323.49
522.445
23.1877
193.464
20.2187
146.015
228.059
224.402
187.542
191.474
293.219
21.8789
220.092
248.883
15.7093
69.5107
16.8717
10.4382
25.5798
189.416
388.445
52.8715
122.589
60.5483
5.34903
41.0736
544.405
351.893
447.887
340.767
12.7612
239.879
287.733
21.6447
274.65
485.17
573.273
168.844
203.904
418.958
9.03497
205.537
24.1355
23.0991
240.401
246.974
233.234
21.7029
9.69199
17.4969
201.616
331.611
20.2785
327.918
508.607
327.638
149.385
17.1236
10.1896
168.249
211.388
59.7973
3.99249
20.2462
159.736
201.481
96.3961
334.574
158.151
100.111
254.667
292.317
81.5324
352.07
157.74
23.2753
17.9006
7.04258
176.269
241.627
4.89492
5.42496
118.394
440.491
9.95568
297.13
332.93
11.0143
30.495
360.445
243.946
355.583
279.26
20.0367
427.457
96.0392
9.38538
166.846
390.785
52.8925
22.5291
7.72264
344.138
232.392
247.635
12.5906
13.5877
4.74735
14.6222
99.5437
372.943
135.185
290.498
299.326
470.245
359.193
20.5619
104.345
67.7471
7.55253
399.458
404.846
22.9455
425.112
13.2924
385.484
11.9023
279.563
274.577
29.6382
243.721
386.024
182.515
63.6581
11.6713
39.2572
9.04327
21.4882
10.7488
28.0657
11.6247
270.373
70.8251
274.748
18.1228
193.745
159.126
30.9957
164.178
296.111
11.7987
17.6957
314.083
15.686
156.655
274.289
345.189
286.325
9.09871
26.1277
19.8709
218.995
284.061
45.7001
149.397
18.2272
171.823
20.2468
11.6684
172.148
5.61035
225.449
157.275
340.546
373.21
183.703
116.49
21.7396
255.316
360.205
245.971
21.4715
16.8935
43.4754
505.844
456.685
254.435
446.488
37.7303
490.318
20.8382
12.7418
104.801
104.626
321.704
20.463
16.3275
487.773
14.2629
19.9601
8.25965
325.535
15.2931
14.8948
237.111
128.335
25.8505
18.7291
252.581
173.65
114.765
17.3449
18.6147
244.308
14.6697
263.525
13.8463
337.457
167.914
157.914
19.6152
324.078
28.5013
17.8092
417.892
247.897
7.52987
4.80294
283.511
190.407
252.997
511.329
509.42
72.8239
158.356
168.693
241.786
136.458
258.357
67.5219
183.319
11.0628
144.259
317.767
305.669
16.4336
20.2191
342.361
262.167
72.5771
107.998
11.0967
53.2629
207.176
48.3199
353.865
8.73757
15.4048
249.546
13.2767
321.989
14.0351
161.01
6.74231
29.4625
225.158
24.0992
69.8096
308.533
60.7947
205.85
126.768
7.08209
419.137
13.3535
14.3597
404.271
84.5727
149.214
344.354
17.7962
302.361
16.0611
62.8132
379.224
462.566
22.3918
409.407
12.6166
22.7508
191.483
24.5564
364.524
22.2832
93.4277
512.963
140.555
231.436
7.99487
144.229
21.9679
359.263
20.495
15.0158
382.631
22.1426
99.2989
399.1
215.139
254.948
531.091
429.329
7.28317
267.171
23.904
4.37492
18.2055
122.698
12.1412
39.5643
49.7977
176.77
97.0367
250.471
168.299
21.1162
18.488
13.9003
9.3131
359.792
9.17887
11.0995
16.0531
373.345
415.017
288.698
18.5342
44.4644
24.6242
203.938
126.765
15.5751
376.772
288.889
101.005
13.4641
200.364
114.515
21.2045
409.099
22.2525
469.721
173.979
280.731
43.951
142.139
24.8216
4.87529
447.605
209.439
364.209
101.79
145.08
43.5416
10.7518
219.749
19.1393
242.969
373.93
57.918
364.647
95.9121
21.1683
319.478
275.667
148.167
143.827
26.1535
17.5268
59.5287
479.637
175.499
124.775
116.093
20.2025
178.968
137.388
356.414
9.58126
343.948
184.349
5.73823
21.1839
338.297
472.805
124.207
198.384
360.588
10.4553
19.0187
5.29804
33.1159
263.385
433.592
12.6437
334.476
94.8812
32.3182
255.682
172.121
124.878
489.317
77.869
272.578
29.1088
24.9021
11.8435
238.767
19.3509
35.8607
197.315
208.278
452.908
20.7365
25.7767
270.506
55.6071
21.2497
20.7664
319.277
429.05
18.2851
108.353
92.2211
15.8507
260.834
124.892
17.6903
486.723
73.5367
80.635
67.733
205.236
51.941
438.812
57.8034
303.215
244.793
90.3265
241.199
366.971
102.159
405.159
362.74
8.18583
312.005
10.5527
11.184
473.846
109.025
11.5902
106.169
546.075
55.9402
38.9228
4.83657
375.531
454.939
10.8594
217.724
230.164
11.4486
273.311
319.679
16.8593
18.617
95.1599
16.589
159.861
319.229
403.267
68.5385
7.67177
291.745
22.0389
72.9529
268.059
109.7
5.29881
13.2249
21.6133
46.9647
20.6399
191.025
22.0051
148.953
360.954
9.39171
172.935
240.067
112.58
44.8888
19.0373
9.70186
227.081
191.35
5.73625
57.4178
103.683
12.7345
456.58
38.1111
537.744
292.056
149.466
285.391
553.574
423.133
22.9806
20.9314
20.3486
14.616
14.0531
314.512
20.5053
182.366
10.4761
338.935
500.002
11.0391
226.207
5.97961
157.392
298.442
175.366
13.9809
457.617
10.8749
216.384
440.474
310.567
377.789
208.525
186.108
11.796
532.001
17.8279
291.654
18.455
70.6366
464.859
260.741
19.8692
23.9521
9.04467
215.291
314.074
21.6337
189.278
246.917
21.7813
173.275
183.341
64.2543
187.487
9.64092
200.049
14.2437
18.8042
192.098
133.736
41.6631
488.667
364.132
81.078
155.652
13.2258
101.925
13.352
248.108
17.8234
320.528
23.2723
95.515
25.9012
22.1085
115.281
68.6875
109.174
486.245
295.197
399.272
18.6309
362.486
500.783
30.8223
196.153
448.588
124.392
233.445
11.7728
10.6056
19.9104
15.6259
74.6573
460.865
9.2032
60.6596
15.5644
88.745
12.564
104.1
469.76
17.3303
262.272
19.6985
21.6626
5.71
13.3241
12.0741
267.391
185.902
8.84119
366.543
274.628
18.8796
174.859
228.983
192.423
10.8426
26.5689
43.5605
23.9594
9.93034
286.883
428.785
252.709
172.346
349.036
282.632
11.8447
18.5497
133.543
14.3119
7.6771
472.874
176.306
22.5298
234.165
15.2914
12.0702
72.6453
408.036
296.542
290.782
149.058
55.9525
435.894
19.6972
390.022
329.231
19.2141
9.42584
404.734
32.7182
16.9681
164.82
217.706
12.1753
138.065
18.3676
17.8757
277.11
159.35
490.648
292.463
322.592
24.3293
273.667
23.9992
4.51835
14.9208
10.6202
80.9781
468.233
10.6732
407.655
16.92
15.9854
194.232
67.599
15.8407
1.0781
21.4787
20.028
9.74792
13.6822
82.6311
253.424
13.6235
356.078
14.2426
348.685
222.297
21.31
177.757
106.438
238.832
9.64513
176.055
328.857
114.12
15.4649
15.4485
22.913
76.5162
54.7516
257.03
17.4892
29.7913
76.8967
180.178
22.0064
301.388
390.597
8.57218
15.6122
300.839
75.1269
10.0393
12.9357
42.1577
390.624
35.1789
169.615
22.0687
10.9138
9.82012
340.334
444.278
341.382
148.893
309.888
335.013
34.1002
18.2383
325.38
305.914
12.3741
17.1306
18.2936
16.7018
176.336
33.7925
9.4806
90.9013
357.552
261.198
396.81
267.539
129.378
193.891
469.493
2.89472
40.0985
350.873
318.686
16.2848
133.285
19.172
16.5754
24.285
367.53
358.417
483.918
19.6489
137.133
192.384
33.8504
18.6724
-76.004
431.451
501.999
71.4311
6.25818
14.8219
198.653
410.18
18.891
17.5092
472.673
172.368
95.0561
393.315
17.6769
5.01715
18.712
268.714
512.691
26.1004
136.795
13.8022
43.0535
11.9386
340.558
13.3429
84.9875
212.668
364.133
529.82
331.778
404.478
24.2564
294.095
304.974
438.66
22.1754
83.9396
94.0614
262.231
11.2788
11.39
326.96
78.7983
172.606
130.202
238.953
21.8383
15.0912
117.376
15.5838
73.5187
551.712
503.044
14.4801
14.7707
153.384
161.683
135.969
331.49
17.7603
23.1295
47.7807
14.0364
22.4263
322.169
249.117
14.1871
24.3123
206.419
438.913
333.499
16.629
27.2366
212.501
83.6599
16.2259
298.679
177.024
116.299
16.2086
549.897
449.644
15.8533
21.7782
35.966
438.333
24.0624
46.9529
447.44
9.32573
81.0664
275.364
5.37057
137.89
303.139
71.0383
134.493
45.254
255.893
11.7135
54.3149
27.3143
201.655
381.839
113.476
168.581
15.1497
290.73
310.106
335.18
26.1911
216.93
386.063
215.748
132.838
495.14
23.6571
96.7159
521.321
103.429
18.0762
244.442
10.1082
225.616
25.0867
9.03863
4.74743
366.304
273.375
468.15
61.5856
17.7279
132.857
209.562
324.059
323.91
117.295
202.292
9.99871
264.063
204.472
100.724
15.8073
14.7018
118.049
252.615
220.641
280.384
7.26658
20.3094
274.354
6.806
121.296
473.067
21.6606
45.1266
250.711
17.131
412.572
242.065
55.5945
112.843
73.4853
317.911
198.706
22.7844
22.1595
22.1209
555.618
4.49865
186.319
24.9602
83.8196
358.163
202.251
440.665
187.183
137.496
132.777
16.6185
308.333
171.986
288.131
24.5822
431.922
194.406
10.604
122.469
16.3297
168.001
265.884
230.475
23.3405
239.864
220.052
179.707
167.534
194.893
31.4761
372.076
94.7921
52.0238
489.368
328.047
14.9846
409.916
19.6362
500.367
206.208
443.488
182.893
15.5036
9.05785
15.3967
11.6948
5.63799
132.8
64.7068
394.461
6.30554
266.516
8.06758
245.91
81.5112
273.477
44.8051
205.767
16.7535
192.309
88.0207
442.322
17.9776
378.731
74.9026
16.8711
17.0952
357.955
14.4844
504.981
225.237
21.0465
271.943
103.972
275.82
9.5505
17.6839
69.6204
403.129
231.091
123.562
201.013
225.083
77.77
11.5488
157.333
433.526
100.497
157.196
409.954
20.3688
124.602
13.0415
357.64
13.6415
22.9859
14.7606
29.9531
12.3373
360.951
505.434
16.0071
431.059
22.5885
5.74616
157.923
95.5682
48.7483
12.9399
431.442
380.954
4.78812
16.8997
19.1873
101.592
217.001
12.2122
448.072
75.408
314.844
115.835
24.4637
20.8199
24.6617
123.822
9.05417
23.1204
45.4521
558.865
44.7226
281.773
23.3063
14.999
56.9243
23.1931
15.2058
43.5238
18.777
142.395
132.129
6.73704
564.154
262.898
7.5481
11.6001
184.576
96.4322
268.108
33.4263
387.531
104.774
219.912
29.7923
364.896
23.2378
236.73
19.5761
559.228
12.957
129.094
49.9549
2.65926
333.441
9.49766
53.8732
224.495
10.7149
140.446
17.3757
286.957
61.4442
256.465
380.882
19.8766
57.9502
385.647
160.79
298.302
309.239
60.4808
379.519
81.7084
11.921
12.5368
181.715
28.7242
97.8007
81.8941
21.7308
75.2242
47.8459
362.317
392.868
131.456
28.3202
88.9203
178.791
200.896
103.081
284.847
142.084
188.89
730.127
198.989
199.331
176.687
19.2429
524.43
4.46266
9.36595
333.428
12.1738
524.728
555.457
18.8513
16.3646
76.0911
17.6568
8.18121
15.8351
452.03
16.4796
274.711
140.162
498.231
16.6798
437.7
15.9255
21.3518
27.338
12.4869
178.985
153.777
20.9859
497.389
14.0581
24.1861
5.87701
5.8604
362.487
70.0877
185.164
12.4874
179.564
13.8511
307.677
130.144
245.533
34.3334
130.513
13.2742
194.935
158.286
92.7733
20.8732
274.076
22.5677
21.8579
106.753
281.398
174.533
113.932
16.6171
143.545
169.923
194.477
379.326
15.4163
150.081
267.481
138.29
147.553
370.848
395.64
127.436
19.8664
475.815
443.876
345.229
6.53549
279.453
13.6865
156.813
21.1199
21.001
261.961
234.609
18.3792
340.052
394.185
82.2862
121.413
74.6024
7.84983
8.43434
142.665
16.553
282.503
322.506
343.234
314.635
29.0564
161.319
320.999
40.8186
204.382
357.839
407.341
54.0117
6.57382
7.56851
16.8076
17.0598
376.404
20.5573
195.898
44.6405
30.7673
151.646
410.345
16.0963
223.526
361.553
464.671
320.957
480.013
299.878
58.8828
10.3042
30.4673
17.4497
438.962
109.62
315.672
261.761
308.644
313.265
9.48288
292.559
88.2439
110.47
79.7009
393.738
336.183
9.97829
67.7736
12.8025
353.786
11.0614
540.565
198.68
265.057
165.89
426.137
7.67698
14.1373
23.705
312.299
242.778
20.757
327.012
146.085
239.542
341.611
556.587
6.96251
306.028
246.034
5.61099
211.977
17.0319
421.752
366.516
5.26304
15.986
272.342
24.8015
40.5281
13.6206
114.88
62.5421
196.852
298.342
208.434
157.952
209.228
106.626
138.376
58.9622
253.668
22.9163
429.213
33.868
8.45968
17.754
454.541
299.784
96.0429
36.8624
20.4099
236.5
94.1457
36.6506
137.436
452.297
24.8231
286.909
19.9778
20.5824
24.3054
17.3465
15.4791
390.787
10.8715
6.31138
235.63
15.9635
30.2077
275.699
307.838
148.583
16.5906
6.1633
17.584
290.317
301.641
156.747
10.5974
61.8379
18.3215
18.8434
409.588
522.517
62.1322
286.767
328.527
23.6267
187.478
18.6195
107.908
271.047
314.853
134.433
3.67047
430.062
269.697
24.3461
17.9677
29.2839
172.209
20.5535
20.3151
7.14186
50.5428
14.2903
406.983
52.384
405.395
213.518
130.387
208.608
310.641
39.5424
11.1975
354.372
10.8316
204.987
101.839
364.143
20.3116
158.678
264.415
8.50596
70.4687
12.0157
127.267
19.8733
22.3711
441.361
123.888
17.3585
67.7188
19.5373
24.9581
417.087
17.1202
9.63667
205.9
314.184
12.749
408.752
98.0948
153.53
168.777
504.329
299.082
13.5496
13.6723
364.601
106.707
230.406
38.8473
472.261
408.576
184.201
158.126
262.224
141.984
245.965
303.952
342.043
33.075
352.698
378.275
53.9612
12.2154
289.07
11.638
14.5988
151.496
440.502
36.0844
11.9182
208.186
15.0144
17.3244
79.7057
27.9801
199.602
21.625
164.72
108.197
65.7913
248.911
69.4303
318.387
389.882
333.487
19.7869
292.272
305.682
152.43
13.0587
54.0735
122.472
70.6171
292.849
9.35955
74.1447
22.0279
17.7769
242.106
22.1058
12.9695
23.706
76.3606
86.4645
27.9085
20.4344
368.048
68.7903
8.35291
288.886
249.923
128.415
180.161
12.8843
146.942
13.8964
388.353
259.846
146.111
22.8945
18.5861
179.127
439.167
170.501
137.732
15.6818
17.3605
391.135
21.1199
486.98
86.7212
35.8254
20.3983
194.895
336.279
156.187
15.338
16.6911
221.358
354.79
24.0484
111.367
198.22
302.787
30.2819
8.54085
19.4811
322.969
373.497
276.044
11.655
270.898
156.592
20.3005
25.8564
84.9642
23.3176
406.041
7.27586
118.939
243.455
113.61
349.159
574.038
13.1314
28.891
8.1831
520.225
281.385
9.04782
411.483
13.6003
176.272
464.082
25.147
514.181
243.99
10.0426
336.815
5.2712
46.6536
391.811
454.71
9.79742
521.321
31.7474
299.747
98.3209
9.95786
492.161
462.904
301.033
271.339
75.4387
226.139
5.13064
25.4852
346.618
209.566
128.984
8.20893
560.356
460.592
4.70706
16.8353
241.183
16.2421
12.3583
410.364
45.8929
235.444
8.63512
136.054
21.3852
288.737
411.805
107.244
278.402
17.6351
100.344
216.072
44.0674
115.635
25.5519
15.7969
29.0816
419.453
8.58289
245.972
18.562
266.761
188.094
143.983
125.244
7.56216
101.168
424.036
213.651
81.423
382.133
278.154
385.759
19.636
4.54261
30.2126
397.223
206.248
348.408
22.6036
24.5482
19.131
138.807
12.8316
2.37117
20.6931
194.421
271.508
394.284
17.0204
161.059
327.302
18.2419
174.079
242.648
147.799
32.3477
72.8464
385.02
46.7273
273.463
409.4
7.87843
79.2134
335.25
356.073
14.6095
338.951
205.316
18.7194
540.287
11.5052
367.739
19.295
66.3447
428.966
207.5
346.764
26.0752
18.489
548.271
90.3809
76.9596
205.162
12.2441
19.5195
51.5144
17.1916
23.1975
45.0912
6.9984
50.0363
95.4374
383.531
527.169
56.378
191.635
59.3639
16.4164
98.7854
142.119
10.947
114.849
209.039
24.5109
174.412
200.943
8.25591
383.554
15.6886
166.614
9.60859
363.77
174.355
71.0114
18.4685
21.8712
101.916
103.117
16.1786
24.0362
208.271
60.286
89.7469
112.153
18.1549
124.714
346.603
21.2206
272.316
320.927
58.1669
192.891
32.3588
432.837
318.385
127.084
197.067
12.4349
498.833
308.722
211.924
296.951
153.13
23.8745
239.967
248.247
492.611
20.3092
226.2
262.895
176.304
15.2294
458.887
21.5698
256.708
17.5791
68.5783
56.922
269.47
320.221
22.6327
11.9094
186.225
15.785
64.6673
124.373
287.029
275.979
21.0802
20.4024
238.161
248.368
15.6268
362.11
80.1111
332.428
239.412
337.933
407.393
175.765
489.664
18.4662
9.93561
239.227
18.5557
458.717
11.1179
352.702
7.58092
297.185
25.3142
34.2668
20.142
9.54923
12.8485
192.322
11.3214
83.5853
110.645
325.661
113.954
15.224
329.06
19.6144
11.6509
182.282
409.016
171.347
194.029
68.1915
355.673
13.0185
409.626
9.62
400.367
74.6552
96.7867
11.3241
289.78
307.453
535.464
312.59
10.6612
9.00722
13.4836
113.879
19.5219
18.2776
7.46801
352.247
333.272
11.5335
534.217
397.281
319.215
18.6452
24.4312
7.9657
285.899
332.793
13.904
23.9941
9.29051
262.377
249.018
196.895
198.919
211.333
115.224
207.246
59.809
13.0912
69.5357
195.901
145.462
105.784
510.492
324.125
23.1344
24.0137
22.1048
239.18
20.529
24.2207
279.693
304.339
20.7246
189.236
46.3537
13.7083
483.985
24.4034
16.8024
217.556
238.007
128.754
179.128
16.3728
11.3628
230.922
417.0
124.616
175.733
405.769
158.876
19.0043
175.605
14.9382
17.3675
253.271
62.8626
419.445
230.876
21.2148
371.539
15.6002
398.717
20.4713
124.071
19.7792
17.8069
9.9596
20.514
453.59
19.3742
487.276
18.6945
346.771
374.459
185.876
18.4568
19.1822
94.8861
487.543
340.547
304.892
16.8146
45.744
245.138
18.9192
334.397
393.688
71.2102
445.487
203.193
203.319
102.819
46.3017
383.281
175.255
403.191
15.8632
406.783
58.27
93.4654
22.3635
4.19835
181.33
13.8295
19.0601
41.215
23.5023
85.222
148.532
130.341
302.653
67.7112
67.3511
239.617
13.7657
41.1501
172.248
384.524
253.791
11.5771
532.242
518.639
21.3575
346.755
165.949
12.7225
346.483
19.2292
43.3979
416.702
200.245
226.164
103.482
17.0931
242.551
210.593
397.079
20.3585
400.387
115.667
202.147
80.6119
205.045
281.071
18.0099
560.526
156.448
440.018
8.35067
19.4719
239.048
9.85068
90.1756
23.3062
9.76013
372.793
309.035
288.251
18.4789
142.762
21.0499
103.562
15.4353
9.89066
17.0807
31.7909
14.4257
270.033
514.137
414.158
348.726
114.53
412.998
19.9179
121.808
85.1069
13.578
16.2122
351.2
11.7547
124.007
11.9763
463.048
135.998
21.2156
341.421
15.3598
190.282
427.254
103.37
12.3058
303.202
279.146
16.5772
229.117
4.34057
146.797
9.84233
425.082
194.328
18.2037
423.245
25.0963
211.515
18.5904
18.3356
194.934
146.453
196.642
19.6611
530.756
304.683
109.875
180.768
19.8508
28.4733
14.2946
481.043
48.1853
261.557
295.009
380.761
12.482
455.719
170.888
434.796
12.3416
71.2432
20.7092
276.012
512.47
12.9973
53.5219
88.5527
179.371
371.081
27.454
11.5292
430.617
13.5544
172.023
268.783
211.685
296.077
223.855
225.293
182.751
19.1983
24.9634
18.0692
57.6569
201.529
442.275
146.02
421.328
355.956
16.7702
324.293
15.1052
22.6551
35.2447
16.0276
60.168
255.718
544.13
93.7219
511.05
295.183
215.744
32.9241
289.782
13.7191
22.0243
18.7462
302.064
136.189
112.116
16.8715
236.283
19.9516
427.346
136.622
17.3142
167.888
20.9118
-20.0393
206.85
268.714
531.275
74.4941
21.9001
52.2287
12.8837
133.555
66.3179
16.6191
74.0388
46.0745
47.756
286.756
34.0668
185.772
18.3017
6.09645
237.989
326.786
345.208
376.51
395.3
397.992
15.4834
175.676
14.5853
16.2048
286.129
255.716
13.3873
370.751
219.338
315.753
297.215
15.972
20.7798
20.238
280.836
437.119
213.629
312.216
23.7893
244.192
210.243
22.3809
418.465
151.833
366.235
20.4734
113.602
9.10285
135.407
43.2342
19.5567
100.041
23.2789
266.603
21.2363
89.6387
10.2459
206.864
109.015
270.418
12.2151
161.404
357.935
400.225
220.989
360.828
538.099
306.777
174.153
279.164
153.149
272.762
12.4109
10.3495
83.485
142.457
29.1267
246.503
155.484
56.6873
168.802
12.9484
370.298
308.393
158.614
266.919
176.608
15.8037
351.125
87.5818
156.141
16.0802
20.1568
170.085
177.198
37.1617
285.867
15.4858
363.872
8.6901
399.625
401.317
18.5114
9.92268
112.763
13.0057
134.081
22.0168
249.773
406.132
384.651
116.685
17.2751
15.2525
320.906
120.515
358.206
17.8357
53.0401
35.697
19.9395
336.231
17.213
19.376
489.34
334.603
218.93
4.9182
24.2124
49.6458
201.068
278.147
223.546
5.19077
215.555
6.89577
14.1718
522.906
379.509
16.0117
27.8768
17.6379
62.9468
210.138
321.345
196.971
22.4569
18.8075
68.1946
154.568
127.933
8.03704
24.2506
98.9332
10.8258
86.9811
22.085
17.4552
155.134
154.239
5.55057
5.40456
369.713
132.298
387.672
20.6609
18.1334
19.7155
455.229
18.8504
17.8819
16.4812
328.824
9.42081
27.4674
307.067
17.1684
9.84531
417.989
4.88441
166.617
19.8581
321.744
89.8391
22.2121
127.536
17.1735
23.0625
208.028
122.278
324.413
295.41
123.73
244.305
24.9333
20.7716
165.818
23.448
20.4843
22.3171
303.514
201.802
20.7749
460.002
109.48
202.551
87.3368
9.17406
15.4759
16.5378
23.4573
298.981
189.06
11.4318
22.3046
394.634
393.734
15.113
9.94003
255.807
115.306
18.6917
13.8521
15.4267
94.2342
224.319
7.20129
22.8109
22.811
331.67
517.573
27.5314
108.845
34.0366
145.523
225.234
374.607
14.6046
11.1441
11.4408
24.3665
384.389
13.0159
21.185
23.5265
332.223
168.174
284.861
505.821
241.46
483.944
20.7236
138.041
544.345
374.007
330.261
20.6694
6.97093
62.0564
410.378
212.262
22.0321
235.69
24.1156
126.321
473.293
164.98
204.516
142.559
9.06355
275.724
210.261
20.1014
335.238
182.988
12.791
244.53
17.6897
52.5861
19.1894
13.2749
16.9009
173.2
209.816
0.572914
137.697
12.5178
235.129
168.124
24.1078
59.1203
140.396
504.04
11.6153
353.103
60.259
302.213
321.953
14.1836
130.645
176.293
361.169
82.5747
126.27
314.457
330.707
195.756
6.18928
233.673
29.8787
430.556
308.455
17.7918
19.8658
104.329
164.396
195.224
242.444
248.564
186.689
11.3764
4.77723
104.044
116.102
568.141
286.28
367.592
10.3351
205.297
182.368
8.98148
20.4743
24.0019
35.3903
507.632
53.5839
27.3288
8.59293
373.602
11.0397
97.3966
200.249
110.501
361.326
33.2007
24.8307
337.128
88.3596
320.375
122.447
157.809
313.34
539.586
258.518
15.907
279.167
357.725
120.3
14.3644
206.705
76.5257
149.403
58.6062
13.825
313.848
306.355
209.292
104.555
214.456
319.987
241.778
12.3675
482.746
16.3666
145.339
132.295
356.61
237.081
265.062
40.2024
173.158
17.2876
5.64659
194.086
300.853
276.256
242.357
118.051
183.458
16.3675
315.479
53.1622
385.57
16.9954
9.66758
23.3785
200.887
18.0934
73.5431
10.7815
31.3123
184.624
166.035
318.371
164.915
219.703
54.2679
15.9503
241.438
305.762
149.181
113.226
219.357
38.7893
192.213
124.533
103.038
204.569
200.814
9.35671
430.439
221.956
199.285
249.896
441.617
21.9723
242.785
21.3929
254.574
293.425
407.982
10.1798
23.4373
14.6555
359.112
73.7579
10.5928
67.9773
140.905
67.6145
91.3814
505.571
13.179
267.41
134.183
168.194
348.164
241.129
378.937
159.71
387.786
42.7762
16.8602
14.6452
363.243
14.529
10.4486
69.2675
162.976
415.446
439.082
12.9502
301.252
395.395
15.7141
397.707
6.26182
5.46604
15.4248
186.426
120.606
418.21
152.393
118.117
195.921
23.1457
11.8847
143.327
312.173
50.4943
9.23014
291.868
14.3905
29.386
453.658
14.5372
472.419
519.702
382.402
424.489
186.41
5.76578
7.8014
268.844
305.855
76.531
386.428
100.119
10.0451
501.336
11.7551
10.2008
13.4698
138.038
18.3522
160.485
20.1232
15.9586
317.474
20.1908
134.698
11.3116
13.2373
121.749
47.1456
17.4621
122.777
306.029
22.0542
36.6951
21.4013
19.4776
19.5262
99.1401
430.583
23.5918
94.2717
270.599
353.142
57.3844
11.165
12.7735
7.09933
42.0837
22.7509
115.49
104.114
12.2673
212.607
272.414
10.4118
256.56
21.465
203.954
14.2576
302.999
5.89806
21.7546
18.8475
26.9336
25.5768
24.2829
16.7612
20.9349
30.3354
6.74624
15.1124
275.69
215.59
159.137
174.596
15.581
255.051
10.3119
9.29255
485.622
112.98
238.369
13.9113
433.737
20.165
143.246
259.096
372.293
200.714
258.289
130.874
176.996
307.927
17.3132
10.5882
124.688
177.922
18.7747
28.9772
427.44
89.863
45.1092
21.586
36.1399
18.9278
94.3271
16.5111
292.439
567.754
13.8191
166.588
141.298
128.738
47.7956
436.57
81.7339
245.807
115.671
213.41
343.865
5.41716
13.4587
15.9905
225.2
296.105
245.427
299.912
295.849
285.683
61.0468
409.081
16.1393
7.67599
18.0474
48.1671
364.714
272.641
21.3612
11.2219
6.34269
15.6202
18.195
180.282
63.8364
71.3715
165.937
61.4197
99.8812
221.717
129.89
208.963
317.371
87.2875
9.18645
19.7895
19.7095
468.048
14.0386
17.1765
15.5857
127.928
145.348
131.954
127.201
118.921
266.228
122.363
15.7994
75.0247
15.1968
426.558
23.9943
540.216
408.25
34.4862
237.309
31.0065
171.767
128.243
113.018
30.6879
102.892
288.821
6.76501
163.388
103.58
136.431
30.5664
13.1416
281.741
168.799
23.4949
420.271
61.3383
310.673
23.2007
7.76697
10.3314
59.4988
103.952
95.4292
243.424
225.703
183.383
438.672
314.122
24.0189
36.5328
135.561
21.9035
52.7491
352.481
332.452
23.5461
238.913
167.014
491.322
224.569
16.7409
371.113
37.1537
266.326
58.8295
293.002
7.22199
237.233
32.2656
136.834
127.499
70.0343
16.7411
14.3873
132.48
9.7982
400.581
10.9887
149.116
37.5697
520.235
569.447
436.698
20.0181
422.526
7.3014
171.897
368.573
143.013
176.387
11.4555
7.5005
18.4971
323.925
317.85
104.677
67.6667
20.1303
479.848
10.9956
20.6164
399.335
16.7713
149.123
29.3121
103.101
10.8267
17.4624
14.9422
137.566
-6.34159
359.143
253.303
188.006
356.748
17.0045
6.35047
503.463
16.0713
117.435
295.654
18.0256
17.8827
53.0685
20.0428
9.72864
20.1695
112.998
267.458
203.955
11.541
421.389
19.4852
6.1559
409.084
4.79559
14.1442
215.359
12.8312
7.62217
10.1365
8.15856
226.49
501.78
116.577
73.6245
11.0737
28.1554
24.4572
26.3086
32.0408
53.1004
14.3535
36.31
163.073
14.9423
21.836
372.324
9.69241
383.604
7.09431
278.093
11.202
173.114
15.8837
101.812
7.83309
494.916
420.996
235.305
22.2713
60.0761
102.645
30.6388
130.255
10.4013
85.7299
17.0256
153.514
264.373
253.894
9.7634
16.7953
102.36
406.106
405.715
22.2211
289.405
9.22343
11.6945
8.66561
64.9858
13.8303
201.622
20.6116
12.1639
327.936
346.254
271.706
181.741
129.223
16.0973
21.7293
17.1312
315.836
246.984
103.754
14.5509
139.11
144.578
279.326
20.7265
94.6791
20.4511
53.0637
20.2579
172.02
204.166
25.1158
407.849
109.257
101.248
185.211
564.101
319.482
192.701
248.827
173.608
249.831
408.726
14.3802
23.6483
12.65
227.204
534.17
18.89
7.46183
273.524
80.817
60.5155
21.6459
16.7927
206.746
311.627
49.4538
198.536
42.6791
334.154
22.9208
143.377
101.938
274.539
10.333
349.929
441.209
162.154
272.868
37.5156
419.054
146.109
221.504
420.563
319.878
285.465
23.3887
128.397
307.718
124.881
61.9624
343.731
11.6654
379.525
460.672
212.407
160.252
241.826
201.639
497.509
59.7486
171.856
9.68868
266.013
21.0814
424.667
242.728
15.1019
278.685
13.4833
9.28383
154.215
303.972
15.2835
13.8592
4.77583
155.969
87.985
208.835
23.3506
10.7318
273.305
309.094
9.49144
12.4534
183.613
379.471
287.576
440.88
17.8394
379.611
272.565
12.8673
8.45582
279.073
108.242
437.368
483.098
14.7212
88.6932
73.3148
34.5579
70.7351
385.447
277.74
22.0043
422.323
573.925
264.349
577.051
20.4203
15.8676
9.87891
24.1907
103.668
16.1751
326.369
265.691
15.5987
265.701
492.561
13.9749
21.7465
10.645
288.991
404.84
164.462
120.172
251.94
262.66
150.546
429.677
139.404
21.7868
309.156
19.8159
209.396
85.5433
368.87
305.843
18.3637
55.6739
107.791
91.0894
132.546
26.244
211.756
30.8648
203.839
402.248
20.2691
220.035
308.36
16.7956
238.943
83.395
16.5191
322.475
21.6018
16.9199
188.9
16.9559
72.924
282.627
81.7868
12.5001
467.259
33.791
13.0633
398.85
20.5175
207.942
216.089
198.503
316.597
20.0082
280.518
23.2683
20.2976
165.222
114.592
23.0226
25.2676
306.582
21.7289
152.125
28.5551
317.954
476.796
317.716
19.1929
14.8326
16.4883
15.9576
165.688
4.91549
38.3961
249.178
53.7634
237.375
119.239
167.428
107.491
169.564
493.134
345.776
468.327
95.8401
17.0967
11.9252
9.36837
386.7
13.8923
323.118
17.844
367.914
92.0703
10.9019
114.034
21.9225
14.0667
7.32521
300.058
189.044
18.6318
84.0201
17.2058
350.171
357.911
454.632
20.0236
490.399
5.10954
8.42049
9.3999
81.3697
182.249
38.7512
292.424
18.7093
245.132
44.2385
216.949
17.1434
6.2129
28.8788
400.508
393.413
171.582
33.4124
58.4358
146.497
6.06353
23.2025
97.8784
89.3078
187.967
259.875
245.264
12.1814
16.5027
11.669
20.9347
14.6988
18.7192
433.777
16.6084
171.671
184.012
21.7048
25.6974
484.297
19.6874
11.6761
296.397
22.6698
223.121
13.1769
272.078
78.7617
24.7433
242.186
144.318
356.462
17.3228
28.6781
428.293
343.437
109.441
387.739
66.6911
15.9812
55.3111
245.3
8.24162
566.849
16.2711
190.17
163.37
220.806
157.21
7.6643
201.457
15.5134
30.2697
332.399
242.372
242.857
441.491
296.938
25.3602
399.346
293.252
136.102
154.004
245.262
231.158
-27.7529
23.1156
142.602
58.2051
191.53
6.16505
389.76
128.089
330.319
213.947
287.008
12.5387
233.231
18.2712
7.09817
266.216
193.652
17.3511
558.035
120.868
24.3989
124.952
26.785
540.78
564.188
186.247
16.2973
11.7047
189.527
168.908
205.954
9.67271
8.61999
234.118
376.881
390.634
479.987
53.9082
29.0857
320.537
321.081
330.773
331.75
128.608
512.818
257.565
247.482
470.62
28.8813
18.9036
22.235
15.8143
152.914
21.9717
25.5803
409.542
352.335
216.364
9.55149
11.0163
67.1185
262.843
17.7813
430.791
16.9043
273.368
19.3414
228.116
14.9232
16.4768
281.905
29.8858
157.598
60.6234
20.4144
139.2
11.2929
20.1453
24.0062
402.738
156.851
21.1179
18.0999
82.041
11.3626
16.9086
21.9143
10.2846
344.815
20.1877
33.2916
10.5209
273.128
398.466
459.797
26.5719
195.262
305.217
87.7074
78.2405
8.60056
274.509
434.26
17.7804
240.582
20.494
9.60996
19.4545
110.122
100.336
447.934
118.142
16.4282
4.92003
270.892
14.2836
133.517
220.572
228.474
36.1587
334.044
417.396
282.088
496.724
17.0489
40.266
14.8484
23.2591
17.4179
66.1841
127.997
461.364
12.5626
17.4695
467.403
157.298
298.767
16.5639
306.504
127.68
282.844
420.806
116.476
13.1173
28.8646
19.4244
144.605
15.7721
287.151
335.273
292.305
23.8755
257.066
416.365
15.4209
468.894
13.6773
219.271
289.504
175.956
273.746
278.46
284.264
97.9597
194.337
113.504
142.316
28.8541
240.739
185.501
4.57322
182.656
337.285
77.6064
80.5223
58.5138
190.793
88.5837
68.5586
25.2888
10.5389
11.0591
178.055
334.913
14.1999
79.5493
233.573
44.2477
255.152
486.448
17.1172
177.623
21.006
14.4244
17.1971
59.4537
9.56051
363.359
15.5393
273.249
297.036
119.322
565.402
107.423
10.5314
11.7708
230.979
43.5171
368.618
21.7694
25.7352
501.068
242.444
11.5468
58.7061
60.3714
20.4816
78.7288
397.954
337.201
76.9007
366.584
177.255
236.786
560.893
51.6102
171.214
225.441
517.373
23.2947
10.0275
560.704
16.7759
245.109
65.4336
24.43
416.882
12.5016
120.263
272.725
49.4037
16.9796
77.9519
231.652
134.667
22.0838
20.1647
194.928
14.0856
19.6249
22.3932
316.417
11.9016
10.3314
228.38
279.487
55.3918
41.494
12.9143
350.694
370.235
80.4518
461.18
127.112
13.2988
373.359
22.1763
15.0626
6.381
14.7428
176.617
66.4085
22.032
117.733
14.0129
194.652
22.7279
53.289
66.1061
17.6042
10.6161
19.1675
374.938
279.147
179.981
16.1764
321.016
239.084
89.1845
106.789
246.29
12.8922
161.178
9.94376
290.448
347.581
484.795
14.1274
510.207
69.4395
73.2841
135.722
96.0391
423.779
10.6395
239.671
163.322
19.2665
12.721
230.203
317.282
172.519
23.8106
214.442
182.352
136.238
121.854
15.9338
35.6648
14.1609
34.9481
16.3655
100.377
283.757
275.71
297.802
80.3659
23.7704
111.87
20.4119
168.849
279.437
128.702
15.7918
124.166
348.757
6.03594
389.167
282.376
30.5527
19.7609
140.885
14.1851
16.1352
119.264
110.027
15.2144
143.058
311.522
21.9766
242.078
415.015
15.7665
302.099
290.425
146.952
82.1324
12.2695
104.265
18.115
36.034
19.2264
168.647
450.69
431.179
302.972
114.617
416.855
69.7919
233.485
13.3539
8.86075
17.7211
25.508
395.359
333.371
265.156
244.5
144.211
60.5134
49.5519
20.075
25.0941
22.1536
87.9733
10.5938
96.3513
481.809
14.2456
358.022
277.956
285.53
11.3605
264.748
32.7929
314.069
206.244
282.803
4.86985
0.200329
40.5828
37.6122
280.581
7.13186
15.0641
1.61683
207.185
99.3418
79.203
10.8881
151.399
172.633
477.423
15.6002
84.6774
10.4942
101.319
211.735
58.7278
185.257
311.121
17.3585
27.6518
9.8776
398.247
40.4458
412.426
168.023
97.9552
178.23
19.8403
451.34
60.9402
289.129
262.122
13.0063
48.6271
69.1902
238.627
149.507
271.145
18.5015
323.068
20.1827
22.2537
14.623
11.1887
8.06007
54.0956
19.0466
388.709
330.474
97.1976
21.9772
18.2758
353.567
13.311
26.162
481.837
75.3417
327.053
189.962
241.529
197.749
390.879
61.9977
378.912
230.881
23.6218
18.2773
21.9789
8.29619
170.976
296.438
462.485
205.596
107.545
171.472
129.003
302.016
203.215
9.20582
302.573
12.7655
260.481
11.227
49.6976
74.5651
231.93
296.904
220.579
328.838
217.835
131.686
131.659
288.984
357.561
19.7627
17.199
75.5636
16.8323
17.5001
362.769
10.8486
18.9534
19.4946
144.512
412.138
19.8467
196.487
53.4645
174.067
99.7723
458.296
89.8136
13.5264
20.4268
154.263
13.871
324.49
15.744
15.6867
170.621
175.616
169.516
164.234
491.883
31.437
15.6081
88.6804
10.7219
222.732
152.283
152.717
10.4087
469.55
463.967
450.248
24.2815
295.74
309.125
10.7985
344.37
58.613
183.76
20.8327
12.5619
115.71
252.691
21.7603
22.2929
214.554
12.8159
7.74177
358.852
175.261
132.178
16.8862
386.135
144.734
90.2671
11.473
434.498
23.6872
17.8739
495.214
395.732
15.248
526.156
16.6758
18.7399
460.777
380.5
298.334
219.375
16.9507
294.972
19.7255
9.99864
205.303
5.16864
41.7503
17.2092
289.228
357.642
360.952
103.076
205.12
190.46
-122.852
46.71
19.2075
67.0737
224.969
360.665
112.42
210.956
18.8699
350.682
346.958
399.175
14.4208
303.69
211.999
151.512
21.4769
107.905
195.04
21.2356
309.688
21.4947
236.969
148.587
126.815
194.424
18.006
24.0792
11.5707
544.819
9.91666
252.933
63.3568
15.5847
51.9453
289.358
143.173
15.886
461.927
19.2878
18.2981
242.086
304.536
380.205
315.581
426.312
300.74
73.8989
146.477
16.3996
19.8921
437.383
219.944
209.333
305.924
-1.48927
411.82
8.62304
13.8798
331.832
280.538
38.3652
236.19
307.927
451.975
482.162
256.922
125.785
77.3497
187.716
374.777
6.13408
135.099
10.8119
24.5244
8.0345
148.503
185.468
48.2154
168.786
351.371
200.894
16.696
177.015
410.541
33.8796
126.708
15.0411
228.521
368.351
51.6905
395.926
356.113
14.9758
51.9415
481.763
304.279
8.45517
234.72
270.975
16.4548
78.7837
18.5784
311.116
16.9917
497.588
74.8517
18.2264
18.3216
22.1531
63.2058
249.069
323.926
4.59694
183.318
22.3162
224.423
21.9878
122.448
6.23888
102.701
298.653
21.7102
19.0085
52.1311
21.359
13.0716
12.9996
356.679
21.3776
428.625
406.41
568.326
10.3008
445.341
21.2801
108.339
372.33
241.369
258.785
19.233
50.1369
102.346
18.8654
105.648
20.5305
5.19615
55.7148
88.9163
71.3729
23.4003
7.30029
90.9005
10.5052
22.8478
375.51
449.353
400.349
6.14048
14.9464
191.968
64.8149
19.1524
301.826
171.746
404.801
11.9656
179.059
328.48
101.003
21.9304
271.011
470.848
53.3098
310.731
243.923
5.36191
257.588
106.969
312.011
335.572
83.8943
334.471
281.966
83.6954
51.3838
204.621
18.5428
20.6156
20.6069
20.536
279.153
15.7175
111.38
143.625
361.632
14.8105
29.1366
404.678
298.769
79.4192
17.3514
10.5123
48.4419
27.0292
19.5025
110.612
141.516
248.402
351.997
69.7569
17.8078
223.722
108.395
120.533
1.48064
61.8918
9.19193
298.437
469.685
200.072
164.932
53.7358
9.34453
226.362
14.7192
21.712
198.884
19.3774
77.044
77.1535
17.6411
306.491
10.2611
491.067
7.5518
22.3212
10.8036
423.38
24.1031
127.287
9.92107
345.811
183.462
18.9484
113.227
190.561
470.613
311.091
258.596
99.9319
237.35
438.708
41.577
391.626
321.923
10.2577
82.6099
29.4664
265.733
25.2787
174.943
257.628
118.604
-2.14689
407.016
478.446
312.884
12.4659
107.258
219.37
385.503
236.596
216.512
21.2809
461.04
16.2944
426.989
12.2462
18.7799
71.1272
115.591
319.004
544.302
303.575
14.6234
232.202
25.5696
9.67983
120.217
98.7715
398.239
10.2521
6.92702
81.2682
14.6425
466.386
14.9274
284.822
534.025
260.472
13.0539
14.5316
20.7208
290.409
400.896
19.0238
38.4436
18.0943
248.214
2.41249
22.2642
412.726
21.5943
279.738
318.795
334.268
12.0784
242.655
15.889
15.2957
9.72678
123.926
116.799
454.282
394.778
18.606
419.673
21.4229
454.28
55.5942
130.265
558.353
14.7374
11.6178
155.079
25.0996
44.1727
21.6041
170.046
365.767
17.6066
246.92
16.2618
162.081
35.9278
13.0742
26.8223
221.094
366.812
15.1128
10.775
12.7364
521.343
10.0276
428.968
11.1591
173.795
15.8313
14.7456
201.766
76.5592
19.3719
13.7667
7.12201
10.461
197.535
175.947
15.14
18.3267
81.3762
475.332
18.7867
457.095
369.883
23.0293
11.8637
17.1078
4.60099
112.849
20.4205
518.923
319.338
172.482
191.775
89.3184
285.013
353.169
139.367
257.16
137.688
18.3006
57.6351
11.129
185.18
335.0
530.406
226.209
348.155
28.4396
352.356
76.8803
429.295
232.995
141.094
123.02
408.292
19.6676
168.138
33.3951
584.967
19.3496
416.937
30.84
480.465
316.114
216.546
264.219
205.683
13.74
11.74
15.9225
20.7751
25.8111
5.10269
291.287
10.9235
21.3184
390.926
302.91
21.1828
13.3502
408.599
429.819
18.0729
272.217
19.8141
18.935
21.241
304.162
264.012
498.201
113.738
226.693
275.829
89.2971
32.9036
29.7714
271.412
410.721
7.04851
166.927
158.094
10.8568
341.698
9.81301
308.531
128.299
181.195
341.117
27.5379
101.7
173.59
17.1871
219.209
36.2739
188.994
223.125
107.993
7.73976
110.553
20.7758
57.27
26.5603
349.696
18.8699
21.3074
340.906
9.30654
181.673
19.7101
250.853
135.453
258.419
417.474
574.838
231.324
74.1788
16.4431
14.2123
494.843
36.0788
5.41391
79.6675
180.342
126.578
11.0348
329.398
407.718
462.86
171.907
21.8454
361.548
151.262
364.355
474.533
229.903
268.462
12.02
22.9978
24.1412
20.5858
9.31651
397.028
339.606
100.368
27.3866
250.618
368.915
32.1571
343.45
11.81
16.3102
264.358
187.571
381.959
188.905
276.781
17.6437
202.498
279.982
25.5372
13.1966
168.615
166.554
25.8641
205.624
5.63386
385.307
22.8889
7.90827
393.588
48.5402
282.832
135.794
202.014
227.76
15.3108
277.955
21.0633
103.371
23.2456
12.7902
14.0651
357.548
104.907
9.59589
124.077
292.18
391.554
13.0785
15.1652
397.98
14.0562
250.107
15.7393
294.225
395.002
210.078
11.8371
307.463
12.1244
371.221
163.551
251.054
44.7073
361.377
345.531
12.6031
309.302
19.3033
177.395
309.404
281.833
-6.18306
283.797
182.201
17.9568
335.475
439.357
345.694
274.81
489.174
227.783
24.0988
118.455
13.1406
26.4991
155.908
24.3907
320.492
16.377
27.1573
176.214
119.046
249.229
86.5866
140.661
200.825
321.324
63.8037
22.8784
449.86
544.398
91.7059
19.1077
43.4121
95.85
16.1479
91.165
488.806
10.4723
15.2476
179.048
21.5116
22.7039
206.791
186.063
169.394
177.356
21.0206
181.757
53.656
16.0698
229.529
278.315
541.655
489.188
263.222
215.544
13.5268
251.935
12.091
344.397
291.148
241.317
19.851
81.2448
340.326
311.325
64.627
304.828
103.641
483.933
16.1194
18.202
11.4723
51.6245
18.9558
16.924
19.662
232.709
267.037
23.6746
287.151
230.726
66.1652
170.747
55.3204
124.256
14.2606
302.996
217.933
23.0369
25.5223
209.546
386.256
11.4834
71.7772
95.0853
348.042
287.54
19.8028
194.291
22.1851
244.551
227.729
303.403
14.8323
130.402
49.6077
211.013
263.101
23.4209
365.838
475.884
77.0753
348.479
137.451
16.0904
291.296
85.8549
153.285
121.324
72.0848
24.2066
21.6882
347.645
54.8894
295.887
18.7759
423.627
186.612
140.671
10.6156
186.208
336.163
79.9028
161.273
92.9008
297.999
24.1682
187.161
392.6
8.20046
16.6998
5.84074
404.08
15.3119
10.8901
417.856
360.539
121.857
29.5017
25.6716
17.3924
24.9574
248.101
292.868
121.382
22.7239
179.255
18.9579
502.84
434.309
15.9853
46.8775
12.1474
352.301
107.197
30.0884
397.014
37.9605
412.278
204.357
225.923
200.832
507.548
255.146
377.995
482.38
23.48
361.993
18.1983
19.0835
17.2456
23.0689
19.0929
177.834
188.542
322.292
22.6866
366.179
187.979
498.201
332.686
6.19
178.673
246.294
15.0813
54.8165
335.233
16.0709
217.309
381.498
304.198
229.788
49.3713
172.726
10.9123
176.329
100.19
369.752
264.648
171.418
172.905
360.863
248.577
210.791
494.318
4.81336
60.8265
9.05928
222.314
20.3954
93.0265
251.189
316.031
279.222
192.008
86.5456
283.14
227.991
13.8086
571.831
189.499
18.1956
157.7
47.8007
80.5515
330.296
315.002
18.4761
19.8551
292.126
163.357
84.2706
322.035
16.45
154.538
11.5318
20.7487
345.904
34.5538
156.092
412.105
132.142
517.91
246.918
262.315
240.597
28.3089
76.8868
206.87
60.4342
193.455
123.029
156.129
91.2637
22.6456
10.0604
19.9422
100.469
209.971
9.30472
123.628
65.2853
17.3461
312.45
114.596
17.6301
82.2341
82.486
117.292
114.959
236.006
233.086
107.546
198.72
18.6031
14.6737
185.231
209.271
464.877
53.2383
111.114
34.5064
372.59
17.8603
73.8284
65.0605
97.6662
550.001
308.419
21.5733
9.57974
139.151
414.19
12.3209
22.9432
90.7255
91.8203
15.8611
33.1242
78.6322
208.103
333.353
-8.7317
201.997
23.6304
15.4129
100.678
61.3898
8.41018
9.77469
376.243
281.367
4.2111
19.1852
434.473
73.4098
29.7158
14.5693
418.361
14.2295
10.3958
5.4234
88.0935
15.1874
101.877
145.139
252.242
18.8515
86.0266
20.5319
72.2105
14.9671
15.2715
50.1795
55.1871
342.249
235.051
321.07
168.436
153.101
153.031
106.553
19.7093
162.814
211.34
29.7661
172.543
589.261
322.932
254.195
156.082
352.67
10.7318
13.9374
33.1532
21.0477
435.03
24.2781
17.6279
268.284
105.246
137.522
24.0514
167.77
145.18
122.813
32.4852
291.054
21.4546
35.8493
10.8452
436.226
85.7473
20.953
184.545
1.17618
9.64866
288.126
10.0151
426.594
483.81
20.9592
110.336
297.419
51.8388
229.172
12.8889
6.49873
18.5516
524.968
32.71
23.6827
18.8658
6.95911
122.702
285.016
200.736
352.423
23.0945
258.094
340.481
314.732
7.56446
205.082
394.484
174.233
338.388
256.085
19.3198
237.646
545.939
11.367
247.944
421.707
16.2493
11.7409
23.554
272.222
477.448
10.0675
368.505
47.3359
6.82856
8.71391
513.989
23.2399
394.869
11.3813
13.6789
220.513
275.4
21.6232
264.593
46.9535
343.604
21.2864
356.916
27.5591
17.9431
38.4846
459.174
71.884
461.586
372.587
19.1449
111.814
23.0464
22.6714
20.4165
675.224
123.524
335.737
47.9777
250.315
19.6987
136.187
47.8026
107.641
154.419
14.8523
112.144
8.68931
285.007
12.7582
244.487
401.169
166.37
300.086
17.5397
133.912
430.37
15.4726
56.2421
424.811
5.79048
-17.4201
57.2761
313.303
246.822
387.09
15.0155
16.2938
205.693
11.9964
443.94
13.3163
75.7395
25.4931
6.61146
5.5035
264.755
10.5247
10.6095
587.051
239.766
243.363
153.393
82.1367
155.06
148.674
207.789
181.888
458.756
17.4643
23.214
22.1622
15.5637
264.687
217.825
397.664
18.7389
84.6632
17.5442
140.596
129.618
18.3706
469.458
11.9672
291.673
149.684
287.756
176.255
322.833
304.698
291.74
153.559
11.7591
312.958
21.8556
536.421
238.912
277.586
300.323
389.132
410.898
36.4
126.044
15.3033
11.305
17.5458
18.4216
75.4413
396.369
98.5904
16.2173
12.7997
160.437
16.0554
389.7
184.549
23.2336
199.092
13.2842
5.82395
15.733
10.4745
199.0
118.279
9.69476
35.5548
285.29
252.816
9.25223
304.947
3.67353
287.839
21.8503
326.847
564.486
104.895
173.068
20.1766
22.9553
16.1926
157.691
449.921
269.323
12.7116
32.4048
562.49
24.028
254.333
8.99611
6.86343
119.245
15.71
223.449
21.7349
479.762
309.98
155.799
455.128
235.842
359.409
134.262
103.493
131.703
15.8772
7.85452
83.1304
18.6541
527.47
292.914
157.11
133.194
8.89282
435.371
247.157
233.63
12.3112
385.287
21.3636
464.602
6.37503
440.385
10.5042
6.64837
287.73
27.3393
6.73567
534.153
242.306
222.22
286.154
24.2497
224.114
114.203
222.808
449.897
237.825
500.304
71.093
17.1469
464.502
13.329
20.9443
17.5185
212.377
76.2467
159.959
8.04691
6.25964
93.0349
7.17319
10.0313
214.277
53.5271
57.4915
284.914
482.28
20.9705
7.34738
7.74187
63.6682
88.3443
127.231
22.3575
63.1167
125.451
128.538
135.987
404.628
510.502
262.483
7.2247
367.973
21.76
25.1261
392.993
49.7673
367.714
182.603
11.9008
16.3412
15.5023
265.46
18.9269
14.4089
339.434
57.1045
41.7014
152.064
20.3424
387.459
394.927
105.067
27.4024
352.888
100.508
13.2854
271.611
22.6108
166.021
3.70929
26.0243
281.091
15.7678
475.781
327.476
413.379
351.636
28.1537
16.0603
18.1417
14.0231
302.737
130.272
30.5719
296.205
18.5912
8.07764
21.8284
8.26326
15.433
83.9351
141.102
44.193
121.978
184.29
87.5823
370.83
14.8798
125.388
284.348
8.49957
142.495
252.508
251.862
5.72218
105.718
14.3431
294.272
10.2196
405.786
272.481
6.58464
50.4001
14.7164
53.2616
370.977
295.129
132.391
8.48614
496.397
349.88
352.902
14.4431
302.442
159.818
21.817
12.3925
19.9508
48.7471
18.5563
391.601
22.1642
352.053
275.675
31.4157
279.299
334.555
17.9914
435.211
13.8076
210.241
189.365
530.333
260.794
247.833
450.912
161.327
10.8248
13.0516
337.087
33.9268
50.4532
157.748
96.3203
412.214
152.421
441.222
18.1386
335.419
12.6707
433.097
37.1097
169.387
210.218
110.48
14.0527
68.0782
22.8472
16.59
16.5796
15.6779
10.3683
526.585
208.996
231.211
141.856
10.4172
26.6059
19.7737
18.5939
217.46
207.088
408.45
240.098
379.83
540.954
392.947
109.526
166.836
329.813
12.1668
17.0736
490.399
275.208
13.6468
368.985
12.3206
26.8397
319.941
127.454
260.356
494.698
363.016
20.474
93.9488
277.396
175.42
549.923
19.9113
50.8317
11.7376
36.6928
17.9453
12.9559
233.778
325.305
41.3606
131.814
96.1924
159.922
7.53844
173.279
13.2435
29.7751
161.41
17.6156
23.8554
122.39
243.195
27.3675
203.237
127.027
457.082
19.729
282.926
70.6598
102.314
512.312
26.9988
6.38235
14.9052
89.0312
504.012
419.798
21.4465
19.0433
275.581
485.005
88.2263
381.673
132.048
116.349
41.4607
250.972
469.808
403.898
18.7669
19.7918
14.7005
525.535
105.724
410.412
13.3299
14.0874
12.2235
14.4893
248.75
163.021
300.244
321.392
16.2373
23.2137
518.449
350.962
309.997
136.273
101.944
383.353
184.699
19.7972
4.78222
9.35705
90.5477
90.5781
355.241
59.0572
379.554
10.4282
22.871
318.471
14.1291
214.677
19.6965
21.4768
273.308
176.642
270.858
379.726
389.634
21.2845
172.407
404.481
25.4898
14.3462
167.842
153.082
37.3785
16.2941
365.373
344.824
13.979
122.561
301.313
20.7559
157.424
131.475
272.252
130.258
146.016
22.9844
238.018
36.9419
233.645
146.038
349.389
154.281
201.731
32.8186
175.029
19.7198
19.1607
17.0514
66.5464
53.287
229.246
60.8712
47.9715
463.027
367.237
247.799
299.309
5.05072
381.179
12.807
159.89
273.855
111.9
153.334
13.0601
19.0834
489.981
170.54
7.70824
174.578
285.472
43.4192
117.549
78.2228
408.815
562.36
460.423
331.268
19.7644
226.43
15.5414
494.37
38.0108
19.7249
16.9046
20.6877
14.6435
19.7371
171.693
563.154
21.8628
241.37
47.9351
112.475
19.2383
-10.7111
127.295
184.471
11.6275
18.5177
90.4105
25.7163
284.584
15.2642
389.794
441.747
23.3125
225.387
31.1255
22.2651
94.7384
24.4751
9.36403
7.49362
160.101
461.908
102.433
364.114
402.199
8.93607
446.146
424.585
248.77
98.2941
314.576
78.5017
411.486
6.50907
18.1872
261.841
365.44
287.647
47.5018
21.3713
457.735
456.148
350.988
45.4949
19.2401
294.782
300.182
144.012
13.1812
35.9487
27.2828
185.594
320.588
10.335
21.8562
251.673
162.864
8.19116
69.8082
76.5469
476.108
22.7331
514.983
86.1244
15.7672
257.128
336.923
21.9073
96.06
105.836
47.2221
525.309
19.4936
5.0901
513.009
71.87
12.867
338.573
118.096
493.09
375.945
489.817
283.501
279.542
17.5766
128.764
24.2913
6.21686
252.553
45.1591
20.4256
8.07433
19.0477
207.746
250.118
41.3747
13.2622
88.6327
21.0802
91.0388
410.701
255.204
20.3331
16.7022
19.4671
99.6373
296.664
271.565
467.826
72.5028
135.06
29.7073
95.693
425.958
339.981
483.831
65.2922
16.7894
10.6438
280.338
309.563
362.495
91.0621
446.215
142.095
42.4967
207.218
44.8682
349.281
299.922
213.268
230.902
331.253
325.246
358.539
462.537
186.367
299.767
21.2124
13.7482
21.958
15.5006
11.6639
434.663
19.3292
6.47333
333.288
310.553
7.1756
12.5729
16.5978
16.6184
450.816
21.3836
39.7335
244.4
239.833
384.291
159.561
185.971
63.0965
205.226
328.301
176.664
260.856
39.2964
10.8058
150.093
5.07118
362.183
291.914
11.0071
16.0524
526.427
161.544
59.7689
6.72889
118.353
15.3925
154.909
12.7788
351.896
91.9097
186.706
289.566
311.191
177.914
206.699
288.271
391.314
20.5429
84.1295
20.8899
154.192
114.186
438.233
233.325
14.4227
11.3168
209.979
5.9029
9.68342
18.2803
305.361
188.993
233.959
23.6815
315.545
430.882
319.169
90.4893
17.2972
190.037
80.6412
257.823
13.8217
19.2273
35.0209
18.7652
15.4138
10.9616
17.1664
10.9674
188.43
287.786
6.19184
347.942
49.6834
21.9222
290.65
24.7389
20.5295
388.837
380.17
18.8986
304.455
350.602
253.616
290.792
443.351
156.96
431.609
323.982
21.8181
391.689
19.8185
260.413
14.7381
300.931
415.682
309.93
22.1491
183.412
19.1619
19.6286
341.529
20.77
54.0335
184.093
414.191
31.6757
22.8275
159.086
19.4411
291.13
531.408
153.9
41.0026
26.1508
16.3877
113.411
13.1475
270.964
5.19074
14.8205
369.247
187.555
368.627
206.362
79.4343
217.743
85.8883
484.012
326.253
213.536
18.2558
122.988
16.4136
170.0
196.942
19.6211
406.672
9.852
218.562
272.913
124.34
302.385
18.9776
20.7087
19.7007
10.3484
509.614
206.329
176.769
292.57
278.992
160.831
9.92115
21.1701
510.665
207.229
51.4121
212.146
23.8223
349.027
87.0902
463.099
313.854
-2.51755
372.867
493.95
57.8537
17.429
278.947
82.8715
129.431
326.002
63.3712
315.699
17.0861
8.67371
227.025
184.251
158.815
380.548
403.981
336.976
341.701
68.9507
17.2407
347.475
47.9894
19.3358
64.322
325.408
116.948
313.349
377.856
224.225
272.147
526.178
131.735
380.295
23.3448
16.1309
185.826
67.522
5.00999
18.4992
167.364
20.8921
14.4434
29.2468
53.8278
161.935
7.50508
9.87755
262.996
53.4377
118.494
357.844
12.9934
168.155
252.269
221.668
366.161
12.5694
29.551
40.1198
18.9034
125.165
45.0221
10.4726
205.312
248.005
15.5271
224.415
104.996
10.3307
14.903
11.4529
145.26
153.109
95.0948
19.5256
117.934
297.306
201.744
299.325
274.51
74.8578
137.081
229.64
26.4619
176.08
7.39071
311.372
234.131
132.506
173.292
224.123
536.36
30.2078
243.394
529.375
77.7316
270.401
46.8201
138.835
347.904
242.491
291.6
272.872
16.2166
280.384
103.42
333.42
116.862
187.639
300.219
444.002
16.1305
20.2865
238.387
17.7738
21.1822
87.4295
35.7589
20.4042
218.152
17.1396
20.3255
385.029
9.43846
105.211
134.723
18.9779
284.036
483.296
22.2589
205.208
231.724
231.155
219.928
161.86
251.139
192.235
298.412
12.3347
159.796
136.174
83.1972
5.38537
263.9
5.31024
359.263
114.288
68.6208
131.076
21.1014
66.7791
335.443
428.317
23.3021
347.895
432.531
44.6579
146.146
485.554
273.941
331.161
157.989
402.516
196.874
92.3882
405.608
148.262
129.119
21.8505
14.5282
137.087
203.798
56.6855
22.8371
11.3127
137.269
238.75
18.2417
155.93
18.097
19.413
131.605
215.727
155.943
90.8075
130.621
26.7864
391.256
241.826
339.337
207.843
245.062
11.4002
297.2
51.42
62.8998
502.098
232.645
21.4039
454.112
84.5801
21.94
336.24
210.605
75.4691
15.1414
7.21987
284.823
290.206
381.269
18.2773
133.104
19.9171
304.16
176.486
82.8168
348.001
299.899
129.058
309.341
424.17
13.1428
436.561
265.036
191.364
67.3448
348.103
110.337
12.3444
178.79
15.3996
78.6023
26.2779
15.0526
313.49
251.672
212.731
183.121
262.014
181.601
178.703
157.835
364.247
39.0699
14.0889
22.4176
411.84
340.388
9.4166
494.173
9.12524
369.685
18.3431
131.284
4.92267
27.4846
122.681
233.441
12.8922
235.021
23.3075
238.247
22.0401
10.6647
206.521
208.959
496.491
12.7146
64.0003
20.8056
13.973
57.4687
433.616
10.4342
16.2485
174.184
12.079
5.4427
22.9181
48.3833
248.85
13.0515
360.043
21.8022
417.465
21.6135
136.132
361.164
325.731
13.1078
257.95
12.083
14.5642
79.7464
138.254
12.9926
444.227
17.5737
278.731
22.758
40.3391
21.7601
182.68
9.55607
183.57
523.624
339.892
341.388
21.2945
188.081
20.8912
215.745
267.352
247.982
21.1313
417.429
542.676
179.527
524.252
11.6827
548.669
9.17939
52.9815
450.669
131.666
89.7435
266.669
35.2072
23.9378
370.651
267.515
7.8698
190.194
97.1922
20.3819
20.3496
333.533
358.924
431.053
529.413
20.5756
10.5358
77.9725
440.506
462.748
412.559
74.7826
297.039
511.863
22.9778
16.9059
246.707
368.218
180.405
416.527
183.844
6.92185
426.278
430.805
405.13
237.772
96.7927
493.094
352.894
173.818
116.751
362.585
253.603
327.376
18.364
204.026
15.393
325.03
5.95022
18.4606
28.6922
14.1894
485.837
15.1886
22.4061
18.6404
168.057
19.4414
14.7486
190.735
22.2981
253.712
151.556
21.6231
232.569
245.249
115.051
331.084
101.029
17.5829
12.3023
247.171
40.8512
573.815
19.9377
268.221
106.07
19.9724
91.8358
187.085
10.1743
33.0026
320.912
210.404
20.652
513.055
17.584
34.9903
111.262
10.3822
11.5561
489.552
229.586
548.017
426.801
21.0378
110.728
343.296
298.152
205.723
24.9598
17.7319
12.4223
223.615
10.5374
170.486
377.814
24.9754
204.11
11.5566
16.1699
20.4618
102.072
406.675
12.2836
150.601
97.3116
176.197
481.445
33.1901
7.4687
142.273
212.228
17.0643
385.605
24.8828
14.9666
490.021
21.9351
311.634
14.5652
124.173
341.316
355.89
75.4533
255.958
207.753
11.6636
13.973
407.281
19.9425
19.0301
120.265
212.306
140.379
122.53
21.42
411.833
13.769
250.426
210.298
476.96
90.741
112.46
317.878
18.8748
72.1432
494.329
390.782
575.117
11.681
31.3433
358.658
17.5578
9.14074
348.157
234.751
7.48065
108.43
294.683
390.063
23.9353
11.9002
154.235
447.442
14.8857
41.736
6.40283
14.6199
16.9306
21.6671
15.1482
17.0392
359.534
9.03959
15.3002
20.8917
175.668
213.316
300.349
116.978
425.357
469.764
226.43
418.292
358.425
421.468
304.587
499.838
406.174
96.8533
9.76668
351.175
12.2884
21.1944
210.201
22.49
10.197
67.063
188.455
13.3632
12.9748
20.8695
177.931
186.385
357.171
26.9253
29.4076
166.768
17.0553
7.91508
20.9603
153.656
335.47
20.3663
18.4549
413.91
352.389
412.744
337.019
354.095
23.9582
27.5589
310.938
24.9428
221.186
103.296
335.772
24.6617
103.965
445.749
20.7713
16.5105
22.1094
317.215
413.948
222.243
558.186
248.752
220.282
373.777
94.2424
165.478
169.809
77.7535
332.509
12.27
116.849
11.0833
25.2965
18.0965
11.0873
292.387
21.9384
65.0473
313.065
390.783
346.823
10.8338
340.022
234.131
15.5528
161.285
10.5154
346.198
427.569
293.209
154.606
453.921
22.5299
101.242
321.348
260.713
107.426
416.799
469.034
21.6033
155.183
114.077
125.983
370.787
72.4154
384.014
51.9054
13.6751
255.857
279.521
170.477
15.0039
13.7155
14.9624
19.8947
129.578
454.19
531.118
116.997
18.6878
6.70604
133.855
462.076
265.225
22.85
447.822
28.8157
24.8369
57.2372
261.677
373.565
296.63
105.952
21.7632
21.5204
319.172
277.058
14.6305
22.9757
16.4296
195.322
21.7935
27.6225
187.224
381.626
20.6652
320.8
470.514
368.152
198.427
9.3817
256.574
20.8338
60.7947
276.623
395.384
272.65
17.4445
112.212
20.793
150.073
344.477
13.1275
556.269
167.65
198.099
260.431
141.576
583.417
12.966
88.7564
436.616
8.15187
18.6232
99.4349
314.702
201.745
23.1692
15.3096
331.6
581.991
21.427
346.179
16.3613
245.008
338.494
18.6558
374.337
172.803
170.194
284.525
11.5812
15.4434
186.884
266.335
45.6308
21.0077
235.239
291.843
16.7929
196.171
146.172
165.744
3.47215
198.743
444.883
22.2979
166.814
190.197
226.929
307.589
14.0014
169.501
188.44
32.9795
168.754
352.875
7.22894
118.801
36.7913
15.9288
194.792
112.471
225.649
255.617
17.6499
99.8707
338.529
259.818
23.985
116.173
20.6372
116.259
19.6307
484.192
77.788
243.386
157.552
248.696
366.058
315.808
231.168
270.664
468.984
14.6856
217.069
101.832
268.382
14.6276
205.654
197.599
264.544
516.854
131.312
170.71
364.802
20.1414
20.4076
271.704
156.189
231.212
119.57
30.6142
513.689
15.2439
7.60729
11.9772
18.4509
17.8011
18.3269
235.85
221.067
298.7
14.0104
255.229
360.445
203.74
234.776
178.199
190.572
158.5
12.1245
23.5763
10.6272
17.1455
27.1991
134.022
21.8807
302.99
43.5578
249.525
105.488
58.0573
11.0006
116.603
18.1816
225.716
51.2537
21.2543
90.1143
228.174
49.2338
137.011
208.75
153.481
297.096
118.933
193.899
20.6903
16.614
204.618
211.563
109.223
8.62096
17.1283
308.631
107.021
22.0249
24.3961
342.173
24.8685
50.4829
299.861
187.388
19.0266
8.10059
52.5834
226.863
210.551
95.5845
437.591
9.3004
542.357
248.014
90.5454
219.182
112.112
265.099
136.071
18.0754
167.77
22.8794
10.7876
17.6955
438.143
11.9336
562.336
162.577
465.62
19.4258
200.506
427.508
423.327
10.1396
207.735
255.135
14.8298
142.169
16.3214
345.561
10.5319
13.4779
20.268
19.5283
161.229
17.7901
30.5766
4.79558
82.0883
533.041
175.12
332.998
17.526
221.583
18.8175
314.058
391.683
232.042
153.971
23.3472
12.2704
495.659
59.8383
371.154
276.181
348.364
215.45
112.796
286.174
519.52
325.213
9.49213
343.57
11.9622
42.9311
130.813
44.8891
335.267
192.128
13.9732
19.2454
32.7842
321.699
278.665
581.345
19.9608
400.095
256.545
21.5916
251.603
448.694
327.747
112.12
295.863
9.91505
208.121
112.641
527.748
263.53
20.6988
16.4769
24.5148
38.9845
498.841
273.277
276.983
45.0402
26.2163
203.966
82.744
117.808
389.982
151.271
230.483
15.3385
163.868
429.051
240.416
16.7302
6.02058
17.2835
74.7114
251.032
157.565
20.4652
34.0463
33.1757
19.6946
243.999
176.757
230.763
475.098
18.6927
168.401
301.079
342.447
171.287
386.31
219.021
17.119
289.012
348.623
121.201
188.897
123.722
296.131
434.498
203.171
68.9066
7.54042
304.361
19.2961
319.496
81.6671
15.6018
216.696
55.509
186.438
377.365
37.5138
167.396
11.4103
18.5711
271.843
352.298
19.9498
126.159
9.7252
161.694
283.771
7.46603
271.404
5.92801
169.82
132.533
555.098
11.3697
302.182
321.744
47.6041
440.813
10.2222
36.8144
431.576
381.893
43.132
375.499
11.7469
75.6356
329.132
525.979
17.8812
11.3183
385.42
412.592
16.655
78.8508
5.24171
22.1605
10.3628
402.697
259.648
14.1186
21.6765
165.393
11.6672
59.917
17.2411
33.4304
203.286
539.529
202.284
56.3304
148.563
329.149
19.1532
15.4973
23.8668
15.7802
22.68
9.8555
4.99721
256.042
13.8678
140.25
172.898
69.3404
151.328
206.84
272.621
7.3264
190.923
13.8595
514.401
88.3242
16.428
88.402
22.9197
16.291
45.872
236.613
21.9738
90.3177
21.8895
13.539
329.196
356.298
8.88802
19.2607
275.462
168.303
344.478
100.667
331.602
267.727
202.0
182.959
196.838
327.508
24.9573
6.10259
160.616
264.679
22.6823
123.14
34.3742
5.2486
300.473
67.0224
333.623
253.571
73.2289
89.1522
140.827
346.993
292.358
325.968
34.9056
20.5323
253.914
73.7471
396.636
16.6676
447.998
497.445
104.471
9.42513
124.602
21.5192
229.296
514.305
51.0109
406.599
184.072
12.2775
15.4919
447.619
17.5366
17.6546
156.405
327.706
93.6232
7.70051
331.605
528.004
193.501
25.8061
150.845
246.997
545.404
53.7555
314.741
190.946
171.374
301.452
8.93509
5.53256
180.867
264.946
21.1008
24.6505
495.2
216.648
39.5984
52.8684
9.49857
254.934
6.0358
440.492
25.1004
39.9748
19.0334
395.269
14.8837
17.6822
13.6091
14.6691
252.831
71.7582
134.142
23.4897
87.5676
23.0589
504.481
411.353
199.306
418.244
70.3646
23.4882
255.953
29.7647
19.7182
206.11
63.0625
315.055
21.4205
130.136
323.729
385.831
9.43096
67.5957
380.436
146.886
6.70368
12.4195
11.4596
324.807
312.161
19.9674
93.6633
76.0441
75.6137
17.5881
108.126
28.6075
260.559
316.324
237.793
18.2467
98.1001
382.398
450.684
21.726
470.775
23.4029
85.7212
90.5053
209.767
17.9644
169.152
515.979
17.3966
315.272
60.6444
314.892
4.44237
151.443
138.875
8.68936
20.3262
226.183
275.365
168.454
13.9122
14.5211
261.914
405.18
17.2131
89.3535
116.961
383.883
1.43172
11.2507
248.56
244.195
380.992
53.8393
67.2566
88.1574
17.6143
387.687
23.2537
149.844
240.114
164.17
49.3125
343.383
10.5418
15.9681
552.268
128.412
321.899
509.434
17.5139
12.3874
15.367
4.597
178.229
427.802
9.52992
22.6529
284.802
442.851
75.8463
273.484
16.649
336.932
98.2532
512.357
20.45
12.3125
22.816
419.127
222.944
367.084
15.122
259.296
14.6031
14.0272
5.35152
458.9
15.9725
38.4274
304.935
15.989
17.5144
369.559
223.811
212.945
19.3048
345.7
451.717
328.413
19.7146
14.0335
17.7044
230.607
21.497
9.18807
473.313
17.4731
22.432
228.141
250.471
269.63
271.264
171.982
176.487
247.665
191.813
184.003
380.741
17.9569
199.348
66.4985
12.4306
237.587
181.269
286.069
16.0282
30.4928
525.938
389.598
97.5042
38.4747
68.9532
202.774
4.69878
143.614
139.223
46.2064
73.122
143.058
328.101
22.0729
37.0815
112.852
444.49
388.483
354.77
52.5715
19.9763
18.7308
31.9111
141.284
402.567
245.725
17.5698
20.4379
362.966
177.617
19.5383
174.83
17.6753
458.015
337.626
170.581
42.7424
434.156
17.0991
15.3285
21.7211
15.9706
341.226
237.094
15.8349
18.5927
507.338
278.21
101.069
348.124
286.236
180.086
301.994
441.724
348.06
94.3382
18.5576
186.28
26.7089
189.994
364.789
175.494
249.384
17.9212
66.4541
225.181
380.697
78.5715
267.842
484.558
10.4561
168.394
13.4652
301.807
103.176
536.15
273.572
87.6563
524.428
305.002
17.9318
388.599
247.307
5.71261
85.0253
4.93003
67.2377
21.4002
434.961
29.001
245.151
82.5306
240.517
23.6373
304.453
14.7627
22.3443
251.703
13.7844
19.3974
19.4366
51.4021
105.308
19.0083
410.207
196.522
5.7024
224.329
227.313
12.0031
16.4333
56.7914
9.78775
342.368
9.64516
430.602
21.4317
13.7953
181.41
352.892
387.019
426.134
7.23012
10.7492
23.127
342.743
474.288
356.556
267.262
7.09476
243.858
282.355
15.7559
320.37
10.2004
461.74
40.4411
106.847
14.6982
10.4782
263.638
368.028
15.4449
110.769
130.944
520.387
5.04558
12.8015
207.349
23.2717
194.178
5.20241
15.716
244.46
299.519
392.67
38.4091
243.416
130.647
350.177
5.19544
315.232
346.191
6.4558
192.546
310.042
48.3362
69.2706
22.1192
21.6325
17.5828
386.065
26.7861
18.3818
456.647
88.5862
418.14
16.6213
445.466
174.702
14.8592
139.08
326.596
45.7185
5.26886
288.889
339.125
254.225
291.753
21.6458
75.4136
458.727
166.855
468.73
218.848
30.5735
312.298
358.518
261.56
160.695
26.8148
110.271
22.6091
19.4043
15.453
180.129
0.484251
269.36
132.715
16.534
19.1663
14.9586
7.31985
17.8828
350.941
13.4355
18.5673
16.769
7.99775
12.7225
110.723
214.45
290.581
8.1819
6.88332
11.9836
283.319
16.9984
82.6919
5.50006
11.3228
106.937
117.8
207.589
23.2444
327.283
9.97341
15.0328
517.563
194.182
300.48
84.9056
375.534
242.758
78.8955
289.938
16.2731
16.4579
420.91
12.5931
21.2508
23.0139
214.074
24.5461
251.198
17.0907
396.269
206.111
87.5427
21.1123
382.134
268.779
268.78
224.873
8.99752
72.2771
22.5379
269.232
443.104
247.825
16.3744
14.1686
296.835
21.9324
212.684
286.162
270.852
217.314
12.184
261.648
21.1209
12.1298
11.2384
185.586
16.2593
167.304
368.064
19.0956
133.166
10.5348
245.192
13.816
18.3672
62.6463
245.569
14.6161
356.693
192.346
201.918
339.34
14.5563
12.1566
10.4998
14.5703
13.0707
17.6337
152.245
158.4
48.5196
104.101
109.528
17.3631
285.836
107.161
10.7938
123.146
20.5465
71.9852
5.17346
24.4249
7.16248
279.436
230.889
208.323
521.754
14.988
279.148
423.061
331.333
21.5702
335.466
338.986
200.727
199.169
171.434
312.869
406.481
295.107
283.46
90.7514
295.493
23.6532
290.67
9.75318
441.415
50.096
13.7395
30.2318
376.664
21.8931
84.3575
88.6933
146.317
123.463
168.841
362.375
8.27279
185.134
16.3945
17.5359
349.074
294.773
8.8303
134.905
346.541
350.152
318.609
97.5689
116.111
17.9235
24.2679
214.731
14.5058
219.303
10.0751
17.3738
165.706
138.018
36.8166
246.109
20.1288
237.812
498.245
21.0895
20.7895
12.0025
461.951
348.998
254.992
115.499
10.7703
14.5228
150.58
99.5519
339.502
27.7196
2.93281
11.9577
15.4454
85.6366
7.22057
13.0267
13.1478
367.734
145.866
168.81
251.232
17.2519
154.051
13.5565
18.1502
18.6323
188.992
275.075
15.2843
11.3358
346.779
211.381
485.2
335.458
8.3383
7.74568
86.2997
16.9187
393.165
10.1612
17.8143
22.1974
218.842
141.445
484.43
261.739
6.70953
70.7737
15.5387
17.7616
478.034
10.6125
18.0991
20.9618
353.793
12.2825
383.058
153.215
18.6413
20.3341
179.522
17.5941
15.5104
146.734
348.401
17.4496
114.064
14.3185
414.109
24.2831
406.245
295.317
17.149
440.898
20.0473
168.848
11.6505
24.7682
22.6565
14.2513
276.188
271.871
227.336
408.747
20.8245
347.8
366.721
486.515
259.162
1.94367
535.891
74.6978
26.7527
17.039
177.095
265.007
137.567
239.503
149.381
117.259
97.4006
13.7008
14.1225
365.952
428.871
54.6992
263.508
16.822
17.3441
16.1467
440.652
38.6475
455.023
92.8643
362.488
27.3041
41.566
186.108
11.1684
515.368
254.502
28.6876
9.218
201.007
349.264
127.296
353.81
8.68128
287.486
75.7239
337.531
15.3304
15.0791
127.299
260.111
261.383
38.6385
378.387
85.2665
469.621
20.5157
64.4339
128.468
372.154
232.609
21.9198
51.5468
11.4886
4.31474
56.7365
16.1427
59.2034
351.477
21.4844
15.5281
366.102
20.0111
20.4249
58.2757
16.1334
9.0336
365.693
302.818
9.64674
295.748
12.1925
333.22
20.6523
20.7904
150.131
14.1597
11.2602
40.6194
245.273
234.728
436.917
22.5385
169.429
301.036
15.4893
15.408
249.821
16.9326
21.7218
13.4893
21.8325
15.6197
110.486
401.472
25.2363
228.696
307.325
257.28
24.3999
304.028
425.418
515.652
172.404
13.5374
445.708
309.221
10.1048
296.336
73.4313
248.364
381.572
355.621
17.8333
20.2562
155.572
10.41
47.983
337.185
12.7382
9.12806
177.88
295.822
24.8856
18.731
20.8497
269.051
21.922
322.161
30.3794
230.795
19.8818
13.1565
13.4305
379.553
401.043
44.3627
245.374
14.2544
10.3595
439.727
133.996
528.92
112.713
104.115
419.467
11.2336
16.5442
471.015
89.2421
18.6149
31.6759
291.109
131.385
17.7579
312.739
11.0938
11.9513
437.068
276.921
352.839
496.858
126.264
19.8605
372.055
426.944
22.9069
216.929
289.694
113.838
261.008
12.6305
28.7726
290.05
30.9245
99.3408
367.273
32.8804
27.9859
11.0921
209.018
74.9744
374.866
22.7478
12.8585
236.16
230.615
467.046
252.977
11.3317
21.3864
101.359
167.225
361.413
62.7997
18.7473
272.257
272.129
314.52
52.1472
20.4816
44.768
355.463
295.998
9.2075
17.7216
180.365
86.5564
280.846
559.777
448.536
23.8284
6.90227
310.906
16.2037
14.0958
210.591
297.24
20.3831
327.985
35.2639
16.1341
45.3705
327.346
8.51182
46.5924
141.405
525.566
353.805
20.6306
137.661
310.466
543.537
491.689
357.585
487.166
5.58535
100.241
345.491
299.597
362.369
146.611
118.424
20.4933
10.777
476.391
305.876
91.1262
10.889
257.007
115.674
131.182
263.421
175.188
223.054
159.904
78.0757
313.39
22.6735
22.1115
10.1165
129.026
20.6816
309.245
58.4271
382.459
19.46
275.489
18.2238
34.7792
388.859
266.58
35.3824
295.369
199.47
555.688
35.593
96.3085
5.29106
159.588
126.09
21.6951
231.644
18.1961
254.545
55.7557
323.604
171.695
6.82046
15.3308
23.3239
107.593
315.249
47.0353
19.6423
518.073
302.597
86.5121
196.656
9.97021
376.337
532.545
7.92789
14.5309
125.896
163.112
419.414
14.1976
12.9851
13.7895
153.877
193.428
16.869
21.1425
15.7051
29.6109
240.817
9.69733
9.00677
16.7986
23.9768
215.359
139.304
127.766
272.88
307.675
19.3037
22.4774
6.83913
342.405
175.288
248.706
19.9293
110.634
156.788
9.96889
339.765
12.4782
56.1117
31.4678
10.1021
76.967
326.836
247.613
20.6827
36.6625
20.4367
20.1539
350.059
20.7108
433.778
480.207
9.36212
8.09129
297.077
20.0735
111.488
299.251
20.5652
276.979
200.33
438.968
202.058
440.188
19.4197
19.2928
365.458
193.237
386.411
134.442
19.7134
204.881
243.426
456.487
41.8448
7.22885
4.66853
108.338
23.6318
21.4845
240.297
182.047
15.5116
13.4948
309.21
116.937
20.6453
331.83
386.262
88.3372
65.0258
10.1881
490.452
301.162
183.344
186.366
18.0974
159.29
136.254
309.108
9.80643
31.1148
2.16151
24.461
32.2707
386.87
51.9288
319.469
5.41997
10.6259
9.34013
229.26
407.117
4.07977
427.125
149.15
446.931
17.7742
290.059
288.13
185.171
22.2147
4.14112
16.1863
190.233
16.2748
487.394
166.12
449.636
26.1697
209.627
299.244
320.201
186.672
57.1501
218.934
99.1514
9.72793
4.05743
5.41349
22.558
34.0118
12.5352
15.2947
166.64
82.939
479.849
358.047
4.82639
23.4323
7.68844
22.5957
202.642
14.2315
416.621
182.662
15.7974
101.448
209.97
488.193
19.8264
247.405
26.565
30.2991
18.7368
26.2282
18.2314
13.4091
391.616
296.693
441.907
423.19
410.453
29.661
409.414
7.95344
13.825
16.4455
11.0888
4.67642
296.086
118.905
11.2077
352.783
17.0307
266.042
20.133
20.4057
15.8263
16.6312
3.40039
353.189
267.61
171.645
97.0471
556.692
8.88829
14.0142
393.923
366.855
411.863
17.7732
114.801
98.8216
236.808
165.096
196.037
391.821
11.9553
17.3251
9.53506
12.2938
324.264
254.715
518.956
65.5212
20.7236
130.37
527.91
63.1002
372.073
18.8717
8.93515
176.245
36.9842
218.033
342.392
290.259
16.1949
13.3213
12.961
257.046
295.618
306.099
342.381
158.651
321.631
294.145
208.608
334.881
428.963
15.4122
267.632
32.4961
14.8496
542.142
17.2124
20.4575
29.3853
21.0137
22.9434
94.9291
11.5393
459.244
105.03
370.825
473.337
13.9332
386.262
12.9922
19.5739
408.004
100.345
17.5117
34.6678
365.22
204.47
259.582
175.664
192.331
153.482
2.64605
293.926
8.67233
288.673
13.4668
16.5494
16.0643
214.282
110.63
217.171
450.731
20.782
12.4227
357.288
26.476
119.066
495.567
522.091
207.097
133.611
100.007
17.5946
14.338
445.921
6.66386
132.451
287.662
328.013
260.05
437.181
292.938
22.7232
273.684
249.498
7.58544
53.061
11.9672
87.3556
362.135
11.463
9.93405
111.092
20.0363
81.2593
7.66353
49.1561
250.914
396.971
122.741
254.553
96.4487
477.315
94.2888
113.349
586.374
17.1883
19.0392
344.394
11.6904
558.929
11.438
107.377
145.645
52.2491
294.799
11.0274
17.5863
17.4416
9.68444
221.552
298.62
78.3914
193.355
208.964
245.782
9.44803
339.045
218.725
22.0557
9.0263
64.349
16.2525
15.1549
11.3188
11.9461
138.829
21.8825
190.858
66.2266
402.521
8.4017
100.676
-19.2178
285.822
14.5507
324.348
253.793
11.9868
24.4316
242.778
222.813
22.9169
202.688
6.94042
7.60036
9.12924
16.5315
24.7093
403.353
97.9904
216.919
118.958
128.728
8.27853
405.575
207.115
432.205
169.588
19.1209
388.707
93.8433
377.396
326.815
148.267
131.779
17.8431
348.433
415.817
23.3567
197.854
221.644
339.301
4.74369
10.8074
5.40916
326.328
10.5753
306.52
404.861
67.2539
272.412
485.441
113.846
16.7507
10.3111
108.237
12.0701
20.5099
378.705
145.317
390.886
217.015
289.256
440.834
14.9025
147.276
446.338
183.593
101.014
61.0722
57.9979
375.867
204.158
178.052
13.9011
69.0538
210.217
17.2425
18.0863
119.095
139.638
53.6655
9.92259
481.227
180.24
17.8197
327.741
273.392
7.36686
447.189
100.588
123.131
144.026
7.77589
182.311
14.2851
153.656
16.7009
137.905
22.8652
260.958
182.186
206.632
14.1624
406.348
350.362
304.173
124.282
560.944
132.923
86.5917
302.621
283.644
259.123
193.359
36.6018
51.6889
14.2291
114.268
101.968
64.2217
22.7579
22.3578
407.467
319.163
231.933
17.4891
245.901
201.84
240.397
-73.9821
448.728
148.44
23.3788
276.374
207.271
11.8962
128.928
16.6491
436.28
16.1853
172.164
14.5534
262.162
42.4969
12.3539
305.435
462.622
282.526
244.073
169.085
3.389
381.042
15.1602
7.21459
230.96
109.32
331.272
53.7833
150.566
193.343
5.52345
62.5089
18.4926
15.8161
394.807
446.443
15.1726
465.942
17.3328
19.5219
15.2102
351.618
139.666
12.1939
210.066
342.193
54.6465
298.426
17.1455
262.853
160.227
22.7099
84.1924
97.3583
388.431
13.2116
7.67584
17.7584
108.958
6.33956
22.666
14.1438
23.7761
292.229
241.431
15.8608
14.7868
417.969
440.565
485.85
111.211
236.87
10.8267
244.866
131.341
465.136
35.1906
94.4367
462.828
246.034
144.938
23.0198
383.777
219.124
19.815
475.312
151.364
22.9422
571.314
347.68
7.68495
542.688
62.948
205.554
200.384
215.959
113.389
378.401
87.4744
177.149
449.524
25.173
364.578
209.129
336.536
124.828
110.9
340.229
115.241
41.7526
356.88
105.307
437.587
14.2525
177.532
154.945
73.356
407.916
112.882
265.372
288.763
106.242
16.4603
387.799
23.8582
10.2516
31.5878
550.946
12.1436
21.362
262.101
310.658
287.637
116.969
11.5438
467.621
368.546
447.573
259.815
386.508
335.389
123.539
20.6972
159.818
17.5911
215.81
19.1949
119.043
45.424
240.933
407.163
99.1782
10.1766
11.1945
6.98753
565.276
212.979
150.156
7.38906
28.1329
18.6045
20.8053
159.607
11.2598
312.508
63.9057
74.8751
14.739
20.1061
294.814
5.11625
522.045
7.56029
10.1568
79.5994
42.7999
144.864
252.816
118.395
25.8906
207.121
127.895
18.1243
316.663
91.4075
328.805
426.32
14.322
382.977
311.975
21.292
364.898
18.1101
185.213
51.7251
12.8036
19.9389
21.6498
173.006
170.263
18.9488
87.7368
12.7824
318.247
483.562
217.124
89.5725
9.42385
293.319
135.484
391.869
243.227
14.6317
368.232
16.4472
530.876
20.351
6.70434
367.651
211.537
472.537
9.72388
20.3743
168.696
4.00146
19.4172
452.609
95.6389
10.8482
508.198
111.1
130.697
18.1345
481.974
522.784
7.02119
65.4156
52.8569
438.084
16.6722
255.395
132.638
72.9964
17.3979
231.61
12.0669
332.654
476.605
430.742
12.6455
164.597
79.5501
309.134
363.642
357.527
151.492
58.7278
57.3339
232.545
399.849
270.472
27.9982
22.7495
267.279
133.593
470.935
201.636
574.93
23.785
53.6317
80.8485
96.6562
11.605
572.081
18.7798
17.8805
325.282
102.326
17.3095
212.738
10.0337
85.0192
563.191
431.562
322.855
352.531
155.896
200.852
238.31
383.591
221.523
24.3277
8.18937
39.4351
23.9446
277.888
81.3293
298.733
15.9913
53.8953
20.6437
19.8535
171.876
38.3167
194.093
57.5197
317.874
5.032
24.3481
270.037
225.615
53.8228
291.323
151.595
18.5209
99.6467
32.7203
15.0844
33.8211
67.0734
58.0569
17.3416
215.321
17.5191
400.033
502.359
223.705
57.1515
480.058
104.286
16.653
7.68919
331.806
148.535
12.861
77.2501
246.627
135.319
135.805
23.9571
14.7615
88.5659
517.622
24.1975
307.215
63.7372
11.6217
32.1974
202.471
10.5602
18.63
315.86
119.509
104.481
260.959
21.5344
10.6883
14.1101
367.172
324.978
215.564
95.5146
18.2288
18.8229
191.695
323.973
253.264
266.994
145.773
490.3
20.8782
215.302
298.695
330.545
343.478
11.4247
5.03566
28.2292
148.785
8.99204
201.387
253.117
20.6994
15.5514
241.01
213.267
20.4634
294.144
244.616
246.689
490.994
21.9754
142.901
63.2913
9.26526
603.094
182.673
537.324
303.743
367.77
46.7711
10.0081
241.606
563.742
321.653
241.472
303.434
17.227
166.549
112.342
5.17002
13.8961
66.0409
31.0399
8.31282
369.451
143.454
329.581
117.806
523.211
323.139
200.145
383.849
442.214
38.3875
28.0998
40.4356
155.498
17.871
24.3487
329.153
23.9394
85.5622
-15.7973
112.342
208.598
301.606
213.086
98.4738
10.4392
56.2855
42.6957
516.51
168.159
6.35441
356.834
126.6
206.66
103.381
14.5244
10.6587
152.902
165.318
81.8579
456.554
13.4577
297.612
265.829
152.577
16.0828
66.3194
437.908
104.643
11.9243
342.253
385.943
43.1633
209.738
317.343
10.9973
313.277
125.763
21.0465
346.606
137.876
238.799
439.304
9.69722
16.2117
348.718
17.1225
14.5696
147.073
13.599
432.541
564.268
19.2118
516.911
6.78925
7.03675
293.632
257.263
431.009
260.006
277.508
214.62
132.909
13.8368
84.897
29.1955
448.986
300.264
206.203
494.502
370.701
22.7811
226.593
175.308
18.1171
209.217
436.799
7.51638
476.99
116.482
85.5861
11.9538
53.1768
220.592
257.022
183.969
203.423
327.709
9.24804
9.69152
333.823
40.703
167.396
43.9773
270.727
12.696
17.2564
288.531
16.8325
10.151
56.7887
212.226
12.805
174.755
9.07967
18.446
82.865
13.6851
209.409
219.096
180.685
77.2987
263.354
68.2185
367.338
142.58
23.6459
30.6625
68.95
457.153
306.775
339.45
251.398
23.602
396.965
8.62945
445.331
146.528
579.405
12.9298
447.761
22.1305
23.7127
23.9738
18.6342
17.1663
73.778
23.7766
333.358
20.7069
16.2941
460.677
9.18969
6.86752
500.909
540.637
22.5313
42.3791
3.42922
218.626
19.3443
171.564
19.2373
293.446
471.075
106.596
112.207
12.755
510.249
131.146
15.1228
442.1
10.8321
32.1178
62.6522
380.186
248.271
25.1675
17.8221
80.9014
132.275
8.8568
19.064
19.7617
135.292
184.335
28.5907
13.0137
416.174
359.475
174.445
205.948
13.4838
261.585
5.07352
273.053
119.732
419.107
173.746
400.378
404.082
228.721
11.8545
297.974
81.4588
137.567
319.668
177.379
14.3577
18.4118
326.164
13.2258
46.1671
211.419
159.524
474.647
434.024
123.862
252.625
229.652
68.9918
26.9273
206.252
435.469
121.223
368.0
307.209
19.0917
20.7739
177.079
23.5331
369.199
135.085
11.2071
318.501
490.403
275.894
16.2143
175.678
21.5821
24.8022
6.69586
351.381
150.575
113.11
27.8743
111.574
84.0037
5.36783
200.906
185.762
335.928
385.25
374.024
23.045
18.0382
45.1321
7.73152
16.8585
290.508
21.7787
231.801
18.6117
20.9441
73.9185
7.93404
44.7161
359.082
16.9787
20.8684
15.2376
662.648
209.024
485.939
146.188
21.1888
13.3918
389.126
468.268
303.04
17.4904
114.82
154.584
302.826
133.978
196.149
264.11
525.659
9.84913
23.6572
41.2893
321.299
77.7735
24.591
378.069
21.1713
225.546
21.9234
354.582
41.6769
9.91817
10.7856
71.6189
490.614
302.008
285.316
18.6934
19.7522
242.744
16.9473
190.284
322.743
4.79736
100.947
12.2638
488.461
130.626
239.817
15.7399
9.59709
437.686
19.5085
72.3536
284.458
9.99268
109.195
411.811
13.5071
321.151
18.4945
19.7823
360.194
9.82259
201.567
503.862
45.835
381.151
255.34
8.59598
215.306
113.326
8.9067
58.4827
451.533
157.479
585.104
11.8355
234.566
391.846
259.135
12.9523
556.101
178.968
23.7895
327.172
75.1327
542.063
656.845
36.537
417.508
94.7694
17.595
98.7312
10.8065
22.0447
20.5738
179.404
9.77904
113.763
300.232
300.77
57.3192
15.0115
356.503
302.887
141.038
22.5089
417.005
359.131
357.963
426.736
52.3814
15.0006
388.212
85.2076
233.316
10.632
102.595
286.278
44.8598
317.02
25.5568
6.43732
24.2069
15.2293
246.79
141.943
252.738
82.6526
185.165
181.513
85.7276
298.787
17.4934
171.316
23.3733
22.1152
478.571
13.307
117.952
112.036
256.359
123.431
357.353
41.3273
16.4941
6.96055
160.128
26.9046
345.357
4.78072
16.701
360.207
320.636
22.4756
408.984
197.043
12.8163
270.182
25.2448
231.471
124.606
205.714
162.292
257.406
25.1959
15.9514
16.0967
17.1563
299.085
202.368
19.1767
25.0745
14.5668
13.9602
15.8103
370.999
121.032
232.121
208.643
16.0512
21.5582
22.173
232.401
61.2463
75.9335
35.2218
337.068
340.056
11.8482
257.395
185.793
195.058
115.603
192.979
11.4675
165.88
231.544
24.5462
258.782
321.117
223.915
162.507
565.5
18.4679
121.319
220.18
15.6211
546.566
246.871
307.179
216.801
75.7523
12.9724
438.961
209.977
18.8391
215.623
185.151
508.923
16.8161
14.2187
450.862
115.272
450.07
556.984
17.6612
5.81754
15.9661
22.4691
308.832
464.053
35.4445
21.3657
40.6099
349.456
193.91
21.5356
65.4241
135.589
447.091
162.982
12.5482
197.444
71.1684
80.9868
354.782
14.8011
225.068
154.705
242.009
18.4462
207.607
249.357
412.846
72.8265
14.6773
334.123
13.0491
135.307
236.478
20.6811
6.83159
9.56195
509.819
33.3941
8.38569
72.3849
116.982
169.804
19.507
160.335
18.6139
16.9385
9.71178
23.561
70.6675
110.502
13.1375
383.227
5.72693
15.6518
23.5072
155.38
14.9612
345.371
39.8529
26.1976
202.536
407.006
551.623
180.47
192.919
10.8473
469.756
22.7545
22.5779
265.846
237.981
7.36902
173.456
171.346
87.2393
5.86944
207.271
9.40518
22.6082
14.9264
120.757
342.08
254.53
132.674
511.391
17.4754
17.6544
225.573
148.58
20.8379
8.37664
20.6525
363.556
269.491
44.4358
214.358
22.5075
6.77332
102.496
34.773
10.7707
222.148
208.962
54.7631
142.09
42.9516
574.464
13.7085
21.4597
5.69328
16.7176
340.262
466.191
479.894
310.546
73.3841
19.6953
27.0837
22.071
3.72226
17.8266
269.113
317.416
481.838
307.879
10.5588
290.447
436.598
359.533
9.88274
167.074
19.3339
99.7635
336.394
118.721
416.142
230.604
425.44
411.953
17.5803
314.336
10.6829
169.383
90.5753
58.4353
15.2891
141.244
62.3753
516.755
118.829
22.8865
9.56437
227.723
118.714
75.6971
37.6006
17.8165
107.75
3.17374
503.329
165.686
19.519
342.207
203.791
118.707
126.449
76.7077
9.94726
442.705
55.008
507.342
533.489
85.4065
366.824
16.9514
491.28
392.305
77.8394
20.262
13.0219
166.974
59.7366
4.99238
7.47307
44.2944
108.384
32.4202
132.06
341.458
6.57625
-1.17695
11.8545
297.283
12.0927
151.96
54.53
17.9894
79.2403
406.779
278.618
8.67057
40.3891
229.966
217.613
149.353
356.053
21.3762
112.747
9.8325
13.8823
326.282
19.9752
22.2516
105.877
19.7949
30.8971
566.12
532.825
376.053
407.017
254.335
21.8735
182.067
208.004
165.589
60.7738
18.0928
281.961
502.991
105.011
89.41
116.833
452.048
21.8892
303.635
95.828
277.059
175.732
143.285
232.12
218.378
12.5387
225.586
29.9579
10.0066
18.0042
16.529
335.739
282.376
204.469
38.8903
185.162
299.709
300.787
12.0921
348.851
272.668
12.7122
205.935
249.457
297.364
114.688
5.8786
128.907
63.426
63.7454
285.467
57.2583
320.896
9.97553
6.90642
446.005
45.4266
476.531
133.308
21.646
245.504
149.608
476.75
193.112
11.9629
10.2142
64.489
164.386
15.7994
255.394
191.359
159.355
19.0085
206.178
129.709
386.774
7.86367
101.449
73.155
14.8083
326.029
23.0737
245.134
125.288
249.019
21.8496
18.5349
10.1203
126.648
11.2286
16.1715
318.102
413.542
84.2602
335.795
24.5514
199.008
81.8661
17.2044
297.834
354.848
182.533
402.631
362.544
160.383
184.674
262.095
21.7424
21.8186
39.0102
14.446
17.1461
35.0595
123.437
9.38436
21.66
131.045
20.553
415.175
200.9
20.3712
291.079
151.07
16.6837
390.716
212.248
5.38342
63.2376
57.919
219.07
262.859
245.991
99.3491
16.2635
307.553
175.714
103.461
20.9326
147.699
470.358
13.9369
13.0847
10.7514
13.7368
363.57
138.552
22.9196
17.219
321.654
188.247
293.561
346.346
419.974
343.769
166.107
244.228
209.128
404.293
23.7666
242.991
277.963
126.3
154.809
216.665
21.4779
353.12
161.652
24.2927
355.445
353.057
170.125
9.76813
123.202
326.454
110.778
160.891
4.04593
533.135
233.349
12.2931
157.26
464.173
231.852
144.597
557.655
554.011
270.544
509.126
211.477
188.597
117.521
10.4959
311.922
261.395
13.4335
12.4523
13.3441
82.6574
5.77948
88.6253
22.0887
15.5425
313.409
380.313
5.75801
145.069
69.9249
139.086
11.7854
224.822
52.6609
22.2295
232.783
92.2779
56.1028
198.59
16.2448
5.01054
11.4425
217.854
31.6565
11.5122
9.67852
14.6395
22.2615
202.708
249.103
202.603
243.462
170.158
64.3126
278.388
247.358
22.8564
408.104
258.432
154.513
290.036
214.004
3.61772
470.5
63.9489
18.7637
23.9984
10.6482
33.7931
251.605
188.948
191.342
533.853
162.221
339.03
10.7996
232.987
20.742
9.50786
72.4072
98.7697
142.223
10.4112
13.9443
4.85845
15.1507
133.424
439.411
53.3514
175.999
13.3401
446.124
103.879
113.225
431.521
187.953
18.9971
76.4521
147.835
365.288
305.751
122.644
12.2239
353.906
150.617
11.236
21.3749
363.845
131.824
21.0438
6.54368
373.419
314.585
88.9371
236.194
18.0099
308.009
249.974
19.0445
354.41
181.622
98.5711
390.647
23.031
302.352
200.891
144.358
193.9
201.889
321.905
58.5677
10.5991
10.846
20.9403
16.2292
266.187
11.9233
15.7449
208.605
170.524
183.639
9.98757
5.25476
169.07
281.178
261.301
159.57
9.58215
17.4878
11.653
7.67781
20.6112
18.4118
225.777
115.297
170.005
242.39
302.713
15.8492
321.952
15.2929
168.933
18.9384
95.1586
128.902
350.388
215.961
9.80757
40.3111
27.3295
18.6049
20.0933
19.9653
21.3948
197.22
339.373
12.7752
232.02
14.8964
188.038
73.4542
24.2213
484.27
10.8798
363.888
20.346
0.634853
21.8458
48.8431
101.907
173.884
226.041
183.514
133.01
385.196
264.658
371.671
470.034
6.73326
101.859
362.751
84.0874
131.791
428.477
19.2945
335.644
35.2729
507.276
182.87
12.7753
25.5893
88.2959
13.7262
75.65
13.103
283.642
571.836
21.0567
30.4118
97.6201
433.337
233.783
116.065
283.485
201.641
117.053
221.356
134.215
264.155
197.269
92.2929
212.0
10.2163
19.0193
529.188
28.6134
553.758
10.5676
183.076
18.5355
438.03
12.1302
556.492
541.138
202.055
191.526
545.545
520.319
19.2947
353.747
470.466
51.7785
322.896
283.743
226.668
309.769
13.6791
4.66996
15.2098
35.6809
350.477
18.6989
231.513
150.349
275.69
27.9837
321.184
276.421
29.2363
120.624
18.0801
11.5391
358.111
59.5339
268.566
12.9027
17.8625
18.0068
147.736
6.26524
253.953
114.362
21.4065
207.277
108.812
32.6228
17.1517
17.9301
447.731
19.8415
193.293
19.4833
184.585
334.281
317.755
18.7429
13.1572
120.88
17.2231
129.861
20.1731
323.774
484.0
217.568
390.732
139.259
339.201
261.291
20.3135
337.278
165.601
54.7785
65.6364
13.3705
21.2203
363.884
230.407
10.7149
16.9095
10.9059
9.0324
334.243
341.134
471.018
358.63
248.348
151.409
114.726
122.172
403.333
14.6986
279.281
159.179
107.87
147.172
458.688
17.7518
312.957
203.753
280.641
171.454
230.761
20.9965
83.7436
16.0007
170.906
289.46
326.893
14.3153
126.515
191.117
221.854
264.52
162.19
169.903
151.738
157.641
13.9282
173.15
208.157
46.2522
22.8307
17.4457
12.3296
31.5719
69.4923
33.8647
142.298
19.2478
5.91685
466.213
16.8042
10.1463
30.7402
196.015
90.2957
47.7191
62.4198
180.896
159.982
212.913
14.4661
279.843
20.1082
6.75202
10.8358
134.72
233.395
15.6504
21.9792
20.6434
26.3742
12.8763
16.2656
22.2381
146.484
17.1447
334.741
413.531
419.343
19.1556
414.486
197.808
45.6131
11.2697
122.825
68.8646
82.3435
137.828
202.084
168.52
60.08
11.231
127.985
381.879
17.0801
420.235
352.904
415.789
10.8204
247.386
245.104
143.669
84.9992
373.724
77.9182
6.23337
21.5448
216.889
6.44503
14.4141
47.1919
94.6047
8.01502
220.521
18.5679
13.0344
438.39
268.724
15.1416
479.142
15.77
373.459
319.665
9.97954
10.5791
14.1771
200.473
70.8376
40.4263
405.095
237.609
71.2841
16.2074
64.0839
10.0018
20.7104
34.4
9.45255
387.989
382.09
8.75563
14.6854
17.8521
8.77255
460.127
25.809
25.8329
287.371
214.354
455.593
17.8947
119.543
178.609
411.658
11.001
226.08
127.487
226.925
12.266
19.9158
35.1158
376.363
50.9178
21.2
140.378
131.84
424.243
19.6455
21.0756
178.697
208.8
70.2723
20.5416
452.866
287.383
16.4985
538.708
229.8
11.4373
10.2886
532.642
166.199
370.998
289.903
160.312
21.9667
305.301
6.10413
21.9942
20.333
125.865
11.6787
47.2294
48.4557
398.017
10.2669
300.547
9.19285
19.4632
554.221
475.206
20.4929
173.201
14.2934
23.2098
15.2717
247.836
10.6821
5.05386
18.6957
15.9351
355.832
13.2294
147.286
83.8514
10.1041
24.1553
15.8652
242.041
295.109
73.0972
108.883
22.5669
19.7551
286.652
14.7347
21.1711
317.551
64.3637
8.47497
239.633
505.048
327.078
249.707
4.74577
364.19
153.881
310.759
3.93749
228.076
213.646
320.65
219.928
14.8874
317.088
11.2605
10.4306
390.784
307.453
9.26224
17.5788
233.299
420.419
74.7072
406.612
46.053
127.061
365.14
12.6473
334.246
19.215
221.661
299.693
19.5864
223.151
22.0572
396.811
74.514
17.5678
32.0803
213.083
195.141
6.20423
15.9597
53.1005
54.505
83.212
289.314
152.403
480.186
20.8084
191.322
22.0221
448.22
425.92
15.6844
10.4233
202.157
93.9933
426.624
202.861
22.7724
4.66682
45.4792
209.054
101.689
12.8119
442.79
142.934
471.086
23.3106
102.9
156.611
61.0139
159.766
115.631
15.2381
23.4811
354.577
24.3546
172.13
348.138
22.8438
11.4555
20.0454
295.504
32.421
16.2626
78.529
10.3788
15.3716
67.5458
26.3496
177.935
149.176
392.647
19.8722
245.014
35.9465
76.8281
-1.45473
18.1847
8.43262
15.8072
493.023
174.311
16.5808
91.0851
425.779
450.678
71.8304
148.648
7.46249
149.592
204.354
25.8004
3.12479
20.0059
16.6447
9.85235
407.458
258.108
76.656
22.5829
27.7487
41.7975
24.8481
477.927
98.3966
20.6545
158.37
136.091
157.86
19.2676
19.4141
376.02
256.942
483.371
16.1461
455.58
185.756
466.296
259.755
217.631
85.3253
63.7018
14.6226
79.8852
99.6684
180.406
196.811
130.031
151.69
70.9018
16.3645
407.76
11.102
15.1205
257.134
2.65993
22.1732
17.1621
21.0376
262.407
298.273
400.226
6.29562
13.5944
112.628
14.8409
89.3327
94.7558
19.6726
25.0781
150.296
406.256
118.936
204.493
435.452
18.8172
147.214
447.12
14.4658
331.989
533.673
136.311
389.725
155.275
8.96933
11.4566
56.9601
368.156
23.7991
10.8502
16.4731
11.9972
6.9766
19.1334
18.2495
253.143
14.5946
331.777
339.304
376.589
20.5687
63.561
13.8828
11.9517
203.639
86.2183
206.323
13.6168
522.291
343.878
489.973
22.4363
40.496
20.1388
17.1629
10.229
48.0468
53.9364
10.7013
23.4363
12.7492
20.7216
16.3475
12.447
424.63
27.7263
278.691
154.66
50.738
234.042
526.173
26.0603
145.272
13.7772
389.437
357.307
199.539
374.033
318.421
219.09
300.455
525.998
227.091
19.1423
117.903
354.692
277.275
170.567
21.0323
16.3786
7.24002
22.4322
23.7614
154.437
19.0248
19.3286
243.479
13.371
39.4216
438.58
18.9398
26.2198
74.7289
232.582
19.7184
227.291
116.374
13.9165
181.916
193.684
532.625
446.204
51.8361
223.141
388.689
21.913
414.262
441.826
10.8372
324.319
29.7373
407.581
335.892
61.4065
10.0921
210.806
13.9032
21.1625
314.406
242.102
253.279
416.95
232.509
8.68019
49.1434
18.058
165.692
6.88741
484.478
362.117
9.5913
175.299
281.723
27.9916
22.6338
12.4935
33.3709
193.766
208.858
17.3248
200.195
193.87
28.3172
28.4051
226.649
205.93
212.508
167.078
214.401
17.1112
388.837
21.0796
312.033
24.8988
374.952
372.339
14.4345
94.0781
386.279
512.821
18.8336
20.5815
177.586
10.6857
274.393
334.347
16.2034
113.658
286.359
508.719
505.968
159.931
79.1019
66.105
174.887
341.012
83.7444
22.5751
245.109
441.695
63.4641
18.5087
327.363
14.7703
22.1319
19.0644
254.253
495.833
195.788
147.016
154.23
14.9611
393.745
432.68
21.187
7.85484
8.26349
517.351
48.0307
203.505
307.742
161.122
146.041
196.198
339.448
388.228
155.622
24.79
15.1077
24.2321
118.807
332.057
180.904
16.6037
280.91
7.14114
199.819
95.8467
7.78748
268.318
244.724
19.5219
100.483
-3.95403
22.4082
467.784
364.719
262.568
18.3278
187.413
190.386
105.085
10.9801
165.546
18.5831
19.0092
20.3849
11.9914
293.971
151.434
95.3259
333.32
196.132
535.952
36.768
275.939
11.3762
351.227
415.332
134.513
9.78046
447.542
324.652
511.237
13.9028
378.263
8.43085
289.14
84.991
269.294
168.876
10.7939
18.7432
207.518
225.488
9.07929
230.142
10.3421
20.4124
15.4865
11.0909
274.436
229.656
16.06
295.177
244.795
13.967
6.98379
67.9319
20.5718
191.509
26.0419
253.939
16.8792
457.455
358.42
256.907
140.501
97.4703
172.742
18.2472
429.779
219.324
12.9611
337.34
61.5361
484.239
555.103
17.9949
179.588
261.455
385.741
139.58
67.6683
14.544
299.613
18.1791
15.6984
233.789
272.311
19.2184
10.4421
110.494
424.68
455.171
12.6175
21.1012
496.305
101.199
423.617
130.155
20.9169
16.1742
256.567
389.625
5.25068
223.286
110.679
304.888
431.151
19.6018
86.9095
39.6477
45.9522
19.456
24.9466
524.792
502.784
421.059
172.479
24.0962
213.509
224.007
98.4484
26.3209
134.56
320.376
12.5402
126.487
83.2318
295.294
494.588
14.4074
331.769
211.647
225.229
269.625
6.96704
45.2702
18.9716
124.56
481.584
190.954
497.909
545.892
11.5652
10.302
90.2279
229.987
20.0451
66.6842
13.5042
20.4446
23.9084
44.5085
19.7169
13.0542
179.73
269.469
140.155
314.329
270.154
135.833
23.9928
356.108
224.881
52.2952
143.547
69.8959
11.7685
307.792
18.0083
11.1614
233.983
315.13
20.5269
503.735
263.629
368.937
10.8389
335.515
505.145
26.9203
77.3639
83.2162
224.126
319.313
306.932
143.088
9.89523
13.5234
234.92
11.3655
401.849
11.7105
16.5415
11.0997
201.682
58.6691
177.16
479.384
18.8588
496.571
243.337
10.7386
19.9631
25.6965
28.1017
171.845
126.814
28.4261
403.65
18.0924
118.75
12.9908
328.509
92.2974
443.776
124.813
30.1677
161.554
44.3244
220.395
208.981
22.6426
313.546
409.94
210.077
4.37816
34.1545
16.4864
268.054
14.0439
81.4308
326.335
13.8938
79.0017
407.273
33.777
167.646
17.1254
20.9975
409.391
231.73
457.884
23.9925
53.5381
216.429
305.363
522.284
19.8425
5.54883
16.9907
16.1639
240.924
456.359
253.233
11.4457
423.784
201.692
14.3275
454.93
115.243
329.785
210.38
251.326
577.0
23.3621
28.8732
18.0073
12.4716
10.7035
212.991
342.888
157.27
13.625
12.3771
48.9151
245.646
119.717
377.179
10.4215
293.135
566.426
109.86
218.197
386.265
157.425
10.5641
396.053
13.3729
9.39524
349.893
454.072
241.946
18.8153
245.275
12.158
474.269
237.571
250.814
156.605
96.9242
288.43
279.847
17.9109
196.065
241.72
395.542
10.4327
23.1262
455.787
68.2411
20.5452
56.925
24.7504
8.59343
157.573
488.655
15.569
11.5299
352.306
259.271
67.9318
210.812
129.644
450.264
47.8872
147.55
517.174
545.876
177.136
369.904
106.902
245.635
80.0744
101.875
292.344
361.245
4.79088
22.8293
179.143
369.398
9.10045
5.81771
442.851
206.212
5.07422
52.4328
335.351
206.49
84.9515
240.916
255.052
25.8425
92.7614
17.7615
199.839
202.043
10.2765
8.16234
326.662
19.3647
184.825
352.803
47.47
25.0541
218.112
20.6714
414.422
21.2513
19.4592
339.225
260.007
358.895
380.8
17.7432
379.767
363.49
88.3136
15.9759
251.628
40.5035
44.8059
277.954
160.094
23.3935
309.629
248.259
72.769
7.51526
417.626
150.155
12.6794
272.138
163.108
489.567
18.4267
107.847
273.397
358.867
14.6856
167.664
442.427
437.438
33.6358
23.9288
110.686
179.275
376.728
14.4858
218.209
13.7351
261.431
79.3036
9.69576
128.517
62.4334
494.406
127.862
404.354
5.08328
30.1679
354.024
17.4064
223.363
250.991
439.264
17.2313
13.4851
22.5338
321.441
20.8701
9.05774
22.462
523.101
391.367
235.014
338.532
20.1612
11.3927
37.1995
319.103
22.242
16.5982
289.458
481.982
4.70482
19.4986
239.384
251.226
18.4139
180.181
15.6362
541.42
262.738
221.326
510.701
163.261
230.618
438.524
10.2161
574.314
465.214
322.315
239.035
5.37035
115.096
19.5463
4.80675
43.8848
17.6659
234.478
228.755
541.742
133.91
8.64367
358.615
328.04
14.3371
68.4647
441.742
70.5641
120.947
8.23782
396.788
79.6821
14.7423
10.7908
75.966
501.328
345.606
526.823
64.6235
15.9276
56.6099
168.754
307.111
14.6628
224.25
5.76137
25.4319
466.088
212.864
556.422
0.061856
469.096
54.6404
243.418
267.41
239.223
6.54058
13.3547
495.474
18.4668
209.135
180.848
32.4751
18.1047
413.43
374.897
34.9177
15.0161
8.52796
9.94095
399.345
112.73
263.514
45.1378
138.828
271.314
17.518
141.769
12.3334
74.0712
20.8676
16.8628
12.0475
169.846
171.471
252.752
18.2407
27.0749
580.619
19.7807
447.667
9.00902
110.865
18.8109
66.3129
19.5294
75.3436
444.177
518.993
37.8636
90.1608
148.497
27.2584
20.3346
345.441
340.034
8.91686
275.6
13.1736
295.874
21.681
457.224
361.045
12.4097
17.5329
347.419
191.609
441.621
463.897
182.743
20.7723
221.446
295.509
193.05
79.5506
116.492
14.5536
239.709
85.5773
338.781
8.72347
336.482
16.5078
186.8
215.513
12.5609
16.4331
388.777
4.58582
16.4773
10.8506
217.818
64.2336
493.286
349.97
15.0165
47.9484
224.342
491.853
217.924
5.41421
343.869
20.7656
75.194
309.9
92.658
250.852
259.028
19.2319
295.959
380.712
69.863
434.216
447.838
217.736
61.478
9.27592
182.118
273.052
143.182
24.5946
16.6166
369.162
329.475
71.943
206.601
9.82369
94.3662
12.0976
17.647
276.61
442.648
357.838
162.753
3.95894
117.318
364.189
265.963
144.508
407.998
23.3529
12.4209
466.895
142.341
372.328
10.3225
258.991
418.605
170.402
20.0201
346.053
282.228
207.534
88.4963
14.5125
247.004
22.8993
327.187
201.858
240.468
15.7704
170.108
274.6
411.239
369.88
25.5967
311.702
10.7648
214.973
18.0532
11.2507
28.43
16.6489
17.5499
226.253
24.8205
111.495
16.9534
307.818
5.13772
16.7155
458.781
28.817
199.258
307.226
168.551
21.0789
39.7304
22.8918
337.307
301.691
439.403
557.964
341.709
25.558
395.278
226.419
10.0076
55.73
115.226
75.9119
74.728
10.9796
558.812
218.024
494.65
22.9942
479.387
450.414
494.552
432.782
7.65097
201.497
9.1592
291.291
310.261
14.1076
30.571
87.9815
209.588
185.839
501.555
245.121
382.883
23.812
431.409
303.744
10.2042
20.3908
244.356
20.7207
366.224
84.5068
18.683
108.742
50.1138
97.4083
141.731
88.9525
477.885
227.056
20.6343
18.1951
133.208
33.8802
14.3675
356.032
264.193
17.8727
23.5914
285.834
500.865
17.7792
127.47
214.44
20.9224
346.149
26.31
21.2507
21.1007
128.429
345.381
18.2294
126.87
327.776
10.2203
332.128
22.1966
72.5539
113.579
14.2023
135.576
173.324
10.5808
12.4266
230.91
226.559
12.5667
250.332
174.151
16.2685
228.875
230.462
174.463
433.311
407.211
17.1077
99.7074
10.3794
439.268
362.435
341.527
19.3382
34.882
12.3337
19.0887
51.6873
85.1595
137.512
333.608
145.447
436.928
23.7181
26.8111
51.9591
7.73669
130.802
374.777
521.542
19.6775
22.8431
131.474
5.76899
103.731
17.5562
317.57
279.682
39.4831
220.197
37.6339
200.636
129.122
110.58
18.7597
289.598
21.9383
17.3571
7.42239
567.603
123.499
20.955
17.2787
52.738
17.6285
171.851
12.4333
22.3127
17.8779
343.75
10.4508
4.48856
87.3615
11.7315
48.7987
16.8923
5.26704
283.279
156.322
248.657
73.7684
487.709
321.391
204.916
6.22299
198.341
483.203
35.1554
239.53
99.2394
390.997
12.4865
482.887
427.745
34.2873
364.703
528.797
329.445
164.095
17.0012
89.603
10.52
427.574
72.5137
286.585
54.5495
434.95
393.378
56.4184
16.598
96.0832
202.018
227.237
190.367
154.168
10.4076
68.6104
260.41
79.0331
4.43088
379.675
258.032
123.182
18.5079
6.37775
266.6
8.0924
176.534
8.64322
24.7154
337.61
137.408
69.1769
253.662
240.834
20.2462
275.374
132.07
499.897
140.269
365.725
18.5196
409.402
17.1694
300.768
170.525
13.8767
58.0106
283.443
208.619
21.346
276.454
119.764
296.962
168.105
5.77713
122.44
6.12483
355.17
269.832
21.1086
23.2855
13.8474
483.836
18.0432
102.641
396.131
318.933
387.132
18.7002
21.3053
12.713
352.519
11.3112
406.433
297.774
24.4468
143.105
12.3967
15.0112
92.9599
20.7813
7.48169
154.757
80.6671
20.297
415.174
9.36051
397.044
327.489
292.465
385.018
11.7192
471.666
9.71139
150.99
218.011
276.377
212.773
112.956
22.6504
121.91
466.031
265.799
84.8615
230.998
307.793
10.3345
340.946
342.087
30.9754
144.433
3.54744
247.261
477.291
289.227
384.681
170.48
523.041
450.964
96.7547
551.052
327.9
16.1259
88.649
301.724
19.7317
18.6176
232.528
13.0124
6.03391
297.748
198.219
277.235
11.6069
344.244
17.1083
8.56504
16.9074
13.0018
219.664
9.93295
49.7203
135.51
18.6467
28.4989
523.726
6.7656
15.4338
528.294
164.292
185.398
247.19
13.564
157.751
118.37
24.8723
178.022
16.0469
442.257
207.633
18.4959
235.472
161.218
113.17
12.9317
223.042
348.906
239.117
271.546
408.575
296.714
206.547
421.904
56.888
33.1002
34.5062
295.93
149.076
284.731
260.258
228.163
384.453
261.713
89.7585
86.2612
67.9426
8.92655
16.518
328.605
21.205
35.1157
165.38
440.009
13.3085
114.392
16.6344
291.983
313.567
21.5443
65.3065
53.6791
20.5259
16.2327
42.2044
7.82393
362.481
21.2688
121.509
7.21575
56.8779
293.655
239.768
114.561
317.31
18.1861
140.881
133.901
294.688
18.7092
41.0547
213.338
330.114
403.611
18.6191
169.479
135.497
18.2541
89.6525
111.974
15.8376
328.668
391.303
15.4288
209.2
284.322
16.5079
117.787
91.0741
260.949
155.333
20.2607
357.892
346.639
84.4761
393.913
33.8825
230.497
153.975
436.573
10.5961
200.95
13.6455
234.38
183.57
11.847
303.358
11.3884
7.82563
11.6964
269.182
124.125
19.0514
360.357
17.4159
10.7048
81.9905
311.039
13.8671
153.667
257.135
441.237
5.96454
9.55731
22.3956
302.395
84.5162
245.947
20.7994
214.181
10.7757
474.304
423.397
15.9705
15.0763
7.50823
16.2307
88.0521
25.6094
116.41
433.432
293.994
10.9831
354.699
284.666
255.217
66.3764
17.1469
303.441
371.715
139.954
534.459
364.334
258.353
48.7686
87.4823
22.7605
67.1629
354.911
193.137
409.448
133.465
12.7606
78.05
142.136
278.649
63.1187
19.0609
21.8507
217.884
173.202
4.90768
20.9303
52.8729
8.49715
296.563
121.229
134.093
509.514
9.51379
23.8778
18.0629
5.58568
326.324
190.294
351.573
12.1608
169.398
21.5977
123.708
17.3185
415.369
110.024
165.209
209.917
92.5341
240.576
169.878
367.17
12.4276
29.5624
8.30574
243.656
425.214
271.647
53.3302
392.082
247.976
20.8589
15.8083
116.502
123.032
232.897
39.3155
6.10677
157.79
176.97
39.1639
383.953
59.0154
381.583
10.2667
355.062
166.471
13.6308
230.559
87.9457
177.287
114.447
59.51
27.2909
23.0982
52.9358
13.9961
100.327
16.8627
238.789
167.999
182.818
194.426
58.9291
229.872
212.58
29.7288
30.1291
62.1217
1.96913
477.037
16.2432
16.5397
64.7084
173.403
16.5614
166.586
16.6004
441.487
179.745
20.7109
245.315
169.428
248.832
9.94256
439.421
16.1438
202.197
40.4795
6.79192
14.1753
223.704
296.531
20.9518
451.107
41.0607
165.292
4.67559
68.19
173.554
427.366
138.156
218.657
13.3895
114.051
14.0662
5.08628
203.129
53.378
25.5401
14.2434
360.831
242.471
323.911
21.0718
137.255
205.489
157.764
23.506
102.478
25.5867
120.203
65.1808
139.211
92.338
83.2421
342.536
518.262
24.5607
261.671
31.026
378.346
24.258
332.714
13.1548
303.528
10.074
6.65725
17.5747
188.428
11.536
19.1607
22.4986
253.297
71.0152
12.3431
277.836
198.553
205.684
481.254
344.142
348.293
320.26
18.5802
53.1262
183.696
16.8988
7.77581
21.0149
28.4034
241.557
459.051
17.4835
353.967
162.889
294.35
17.2626
88.9523
46.4528
163.91
436.887
464.972
26.9791
108.101
65.844
270.239
18.5066
13.9949
344.45
17.5952
235.754
107.149
66.5828
23.1313
106.39
53.8963
19.181
298.297
256.841
448.484
15.669
17.4836
22.2421
84.2159
266.276
17.8559
401.943
60.2327
442.092
24.1482
135.323
21.5299
245.662
133.912
464.924
6.23835
558.036
342.607
5.48815
253.177
6.17793
8.92193
22.8368
344.895
13.0847
243.297
89.7864
114.51
4.77987
180.84
14.5126
159.47
13.6365
16.2472
20.4563
14.5905
21.1304
334.802
72.3518
228.93
62.0078
142.433
48.0354
47.352
507.825
8.00884
103.349
265.573
14.2955
445.7
40.1348
553.679
453.995
238.469
305.539
363.566
70.9277
11.1667
120.385
17.1809
6.47929
276.332
488.832
19.6361
291.937
19.4754
154.379
73.5177
136.865
14.4275
201.882
302.974
275.943
188.332
10.5233
8.07488
160.742
20.2874
271.496
15.6252
235.068
4.86847
17.6062
61.9232
198.078
166.351
251.824
268.698
146.963
96.7285
130.325
175.339
439.395
137.854
11.7103
325.276
115.547
20.8946
323.045
24.8917
337.068
371.518
241.957
26.3123
321.032
44.8274
22.5215
10.1226
17.5077
509.78
21.7369
22.5215
20.8535
23.5879
268.319
186.782
283.262
76.8119
16.5137
15.2107
549.314
180.305
227.825
21.87
108.339
27.5341
299.004
14.7478
213.389
12.0055
19.6063
206.985
17.5954
421.405
290.795
16.7276
189.201
370.894
21.1348
118.996
20.052
33.7459
444.955
38.8691
241.993
7.33447
14.4533
4.77013
347.368
132.416
163.745
357.169
4.11008
396.835
143.566
271.992
20.2499
450.276
21.6118
19.0609
144.965
545.463
18.9128
103.751
5.49638
21.7541
26.9944
10.6987
161.721
227.921
353.641
18.0848
464.138
373.232
54.6632
10.0207
112.595
18.4182
209.459
229.203
156.33
149.801
12.0162
18.6581
128.985
148.106
84.9841
267.239
312.549
54.4781
260.624
250.834
435.423
22.422
248.012
6.58987
14.4376
15.4015
60.5173
22.1318
146.011
400.164
143.151
534.39
21.7116
18.777
520.942
18.2728
111.037
212.089
163.084
90.326
389.882
174.724
27.7261
438.905
564.845
12.9895
14.9045
508.394
62.4098
99.0278
58.8177
12.0593
106.351
168.048
155.465
302.958
243.409
475.721
22.5346
27.0683
400.736
245.855
251.342
197.237
124.702
8.76767
272.751
16.2829
19.8368
272.674
408.854
10.6459
207.005
278.798
32.2004
126.317
523.586
124.442
10.7775
176.097
203.762
202.954
33.174
15.4225
19.9843
44.1369
245.056
485.423
275.106
8.78502
10.2659
13.016
71.8696
45.556
19.5381
13.7691
41.7565
17.5721
172.485
503.898
318.102
18.3403
438.194
434.234
19.0817
252.01
202.515
13.7189
379.9
448.544
129.166
278.686
18.2951
91.4461
167.801
149.571
9.91225
215.105
27.7391
13.3361
134.29
345.558
11.9829
85.2927
401.87
161.075
8.4059
15.0493
5.5896
12.2409
362.06
31.1292
22.5576
15.0872
92.87
160.697
381.658
168.472
18.5546
15.0706
394.782
10.751
100.869
355.619
202.237
28.8976
89.9708
243.997
24.8941
91.8649
355.822
221.038
11.8674
248.459
242.857
15.0281
379.397
340.807
23.6647
349.564
21.3516
186.23
9.72364
322.412
342.742
26.5872
257.702
19.9959
200.531
193.328
269.732
316.303
410.797
226.957
355.477
164.887
199.202
121.918
19.0027
30.6805
15.5468
99.9968
309.25
17.3956
164.011
360.49
441.236
239.762
338.725
338.375
128.913
24.9346
37.9269
457.818
149.197
224.189
164.514
54.2281
118.32
524.28
268.27
255.916
436.774
61.7333
65.2709
14.9071
536.6
25.7855
28.5276
16.2348
22.6123
235.772
23.2495
159.428
86.8912
2.8936
219.668
12.2957
384.05
68.2185
277.093
314.16
164.884
483.291
463.039
12.5373
14.1913
276.312
412.864
19.9724
402.74
20.097
141.485
5.51999
338.773
55.1297
14.5427
75.8388
8.85397
371.332
343.778
393.149
343.868
337.352
37.1802
10.4267
200.544
173.935
39.1576
13.8331
204.493
326.337
21.2277
312.944
79.2865
220.702
10.4094
344.246
22.2506
191.499
93.7077
22.7091
315.433
353.865
14.0152
299.26
271.456
9.90202
67.637
454.607
75.1746
6.25686
21.9841
70.9921
217.114
31.6001
17.7446
101.608
-3.40973
406.773
443.062
7.14909
27.7778
281.393
263.775
13.3767
9.58688
130.639
278.551
8.35954
257.346
285.539
371.826
257.876
276.924
65.641
315.687
273.752
85.0648
105.79
19.4979
413.794
241.913
103.653
13.6923
18.4993
19.5837
10.3164
320.831
330.645
21.5311
309.076
19.1668
176.42
373.08
372.048
270.991
116.595
7.89827
332.057
147.647
203.65
21.8019
225.184
211.183
295.5
288.138
141.803
72.8131
33.3027
201.929
322.781
17.9008
16.7022
177.505
10.2497
51.6183
99.4588
401.035
552.611
136.852
61.3447
356.893
191.958
377.833
223.403
77.0714
242.052
271.363
149.031
27.258
383.569
48.9284
13.8384
4.76696
6.09694
5.47408
19.8557
23.4922
194.98
83.0229
564.915
140.199
90.0885
188.552
230.576
98.4469
523.625
453.784
79.5264
376.115
269.968
22.5633
430.549
318.901
152.539
466.636
44.5405
217.863
20.2718
109.032
18.1905
252.88
308.628
17.1796
14.1604
405.799
10.3449
22.1726
15.2693
188.491
258.457
151.743
18.5336
35.2225
471.151
441.699
18.8851
13.9118
42.9741
10.7071
299.903
205.627
31.8951
21.3225
286.556
162.123
446.264
13.0452
319.43
109.474
23.6616
146.878
157.643
38.3698
175.151
12.8747
361.842
22.1686
407.209
339.139
415.616
29.1111
4.90062
6.4926
516.917
239.083
9.12423
83.2146
5.88843
151.65
13.7278
21.8479
167.971
407.332
12.0778
47.4815
18.4769
153.05
14.9742
341.38
6.13423
12.7564
352.955
18.097
60.7146
16.3154
445.134
6.4262
229.544
469.979
33.7781
58.1594
140.877
224.165
372.386
477.41
6.43446
9.77683
9.46186
328.123
12.79
206.603
150.779
266.858
538.804
125.549
20.2877
164.271
418.851
504.477
32.4173
428.613
362.104
18.1353
231.429
133.425
23.2594
18.7793
9.64373
87.8917
318.755
146.238
535.878
5.95907
19.5295
95.5603
178.53
7.43979
93.2135
260.914
131.094
10.2302
179.226
333.812
163.526
174.49
19.0319
268.019
211.205
44.0098
253.763
369.424
26.1954
335.68
11.4597
254.257
262.42
76.7943
386.335
19.604
73.171
14.9901
180.459
124.506
21.6833
18.6657
18.6237
103.432
299.547
406.988
20.1116
158.278
205.551
399.823
18.4754
428.774
43.7212
278.802
27.0218
211.725
49.7355
18.7615
88.1824
114.004
340.98
489.402
10.9882
265.406
276.68
447.66
19.1594
21.7854
23.004
114.988
10.226
140.86
10.839
176.254
11.9904
443.608
322.474
9.89932
16.1783
15.2158
174.761
228.718
343.432
4.94113
376.152
103.843
257.78
169.07
346.199
81.2003
272.855
5.37246
20.491
199.906
8.79468
152.539
114.857
362.095
346.697
29.36
85.4219
4.35876
209.026
23.4357
260.646
24.3055
16.7559
21.0573
9.9892
13.9305
146.402
141.444
9.91829
15.8709
97.9579
57.2923
10.7361
8.09536
11.5519
190.277
13.428
555.261
16.204
13.1946
222.989
16.8793
14.6179
314.088
304.778
232.292
240.565
208.644
233.249
265.689
338.643
243.541
158.661
209.467
359.732
336.66
175.067
233.335
21.2562
337.775
8.55308
405.942
19.8125
146.466
252.157
20.1722
13.79
518.604
16.0185
11.5226
82.8309
367.757
17.7165
132.589
11.5703
323.535
203.948
17.2909
207.574
6.30125
60.0358
122.111
178.451
18.7268
19.2061
22.243
177.465
177.444
194.152
20.0158
282.615
498.419
82.0089
21.1964
19.379
317.475
20.4272
14.8543
51.0306
399.685
22.8416
248.314
275.886
80.816
18.773
22.0744
208.936
8.90194
231.888
350.685
340.796
150.508
5.43697
270.465
392.858
31.8511
86.2809
83.1318
433.893
261.258
362.248
39.7142
305.408
17.1551
286.333
21.5654
5.42259
19.3374
225.123
240.788
18.8419
276.253
286.935
175.556
7.82238
250.168
337.756
513.29
460.636
65.0679
269.421
17.9788
12.4415
423.705
22.6801
7.88881
166.204
142.379
344.754
278.687
183.819
394.78
84.171
112.045
12.2424
12.2052
263.751
190.461
93.6342
108.945
117.39
361.065
363.014
75.1071
121.15
10.8114
84.3727
284.729
149.136
348.677
10.244
12.9833
135.475
307.935
109.619
243.315
127.594
20.8937
12.1648
212.476
135.626
359.404
302.248
195.639
10.0728
110.089
75.8881
400.019
179.524
66.8618
263.661
441.702
19.4275
16.6344
118.983
55.0596
53.5484
15.4516
276.735
160.63
4.49027
13.8558
23.2975
46.8559
201.031
344.898
13.2169
257.862
552.934
18.448
169.059
24.5875
14.2749
351.917
240.046
481.49
41.5979
565.351
11.1213
91.6393
12.7523
19.7416
52.932
16.8799
254.834
57.401
88.4971
93.0065
383.918
127.313
490.121
413.942
323.448
408.712
523.0
9.98991
87.5934
15.2398
225.471
440.112
434.228
65.7622
216.391
24.1006
10.1778
103.862
112.353
461.63
324.189
435.872
168.756
245.048
41.6679
23.2432
100.67
442.836
19.6012
72.372
500.158
45.5252
57.6562
11.1282
11.7114
135.351
355.153
338.588
14.3199
339.745
341.35
36.6996
135.248
11.1966
182.933
20.342
156.514
378.873
178.408
446.991
497.966
86.7359
546.582
81.3809
177.24
11.4517
18.2733
186.741
9.08781
24.5858
408.772
16.3868
24.1151
7.90198
18.4653
11.6723
322.923
99.1412
481.683
140.32
423.719
308.573
412.936
21.4071
426.701
83.3392
191.28
550.635
19.2237
218.413
28.5255
278.457
359.485
141.974
9.60438
466.715
250.123
21.3499
410.582
209.67
14.6456
210.622
243.203
185.686
54.7934
7.13383
339.407
16.5116
166.731
16.7796
227.786
271.056
21.7427
74.415
21.4253
36.4737
107.832
16.5329
84.0921
16.5376
172.959
22.0591
209.304
121.297
185.561
5.82873
349.289
17.6246
283.308
368.115
277.257
167.355
407.395
348.219
70.1925
366.379
12.9312
50.274
135.788
239.613
30.8051
102.166
22.069
15.4899
432.447
240.529
198.411
177.207
29.2391
385.574
264.403
153.256
172.628
294.4
5.58265
16.7442
288.078
278.41
292.424
261.605
113.971
5.78752
18.6913
5.74707
137.586
494.229
406.019
17.9347
406.688
399.261
49.012
187.474
16.7473
411.425
102.352
15.9411
148.06
8.22661
484.37
23.4988
9.4469
17.0813
165.764
146.152
12.014
244.897
469.224
202.885
4.38838
228.572
157.376
270.279
308.796
435.02
24.0918
360.356
86.26
232.182
35.4372
5.24724
262.78
457.477
533.438
16.2584
23.1979
210.276
207.866
12.6076
14.0221
17.9904
339.062
14.5154
353.096
338.471
109.518
18.9031
118.429
167.966
14.9302
147.095
217.798
440.354
5.37651
19.9144
173.106
381.295
122.194
13.7378
454.148
158.376
246.75
12.4596
402.164
291.889
294.199
117.087
126.487
18.7315
18.1157
121.061
61.4724
15.9726
16.5425
27.6166
13.3449
362.073
251.404
10.1385
506.063
20.0439
15.187
418.214
97.1415
25.0445
513.08
27.9259
489.033
-2.31003
110.32
243.267
13.9128
131.449
445.356
21.2142
11.8769
18.9368
23.2004
158.594
116.397
149.95
22.588
88.9981
15.8617
208.174
149.109
435.388
328.783
28.1766
31.2139
9.65204
89.2674
44.9688
54.7263
19.9567
554.238
37.2865
15.4961
23.2007
24.2618
51.7179
21.0031
428.919
21.1602
134.369
16.3493
58.8782
335.946
241.684
119.567
143.242
22.2615
159.799
254.118
181.392
210.701
9.88272
142.13
351.66
53.2196
15.8625
148.015
5.19447
168.29
12.9914
112.23
126.176
209.109
16.4395
537.749
444.253
15.0821
5.2822
315.543
19.9462
280.879
14.0905
26.0836
15.4347
11.0293
94.602
255.248
355.151
364.708
19.9507
224.53
249.675
81.5216
388.174
11.3609
101.552
122.602
204.812
463.639
126.979
526.99
171.688
16.7656
87.3306
209.527
152.099
67.1155
93.2282
89.1313
280.528
377.128
20.7491
171.41
351.356
7.8006
330.365
264.936
196.512
277.812
195.401
18.0031
49.6529
507.165
16.8889
182.309
24.1654
20.7874
16.4982
119.836
16.5843
375.328
273.165
22.5271
9.1199
22.8709
63.1093
380.683
16.1291
470.444
18.124
19.582
274.805
477.019
213.208
187.828
14.3754
471.778
18.9589
152.775
18.9355
17.9365
312.406
24.7974
188.226
15.2855
354.467
251.839
520.49
14.9582
473.676
8.37907
10.7722
6.03913
276.433
19.3576
453.267
10.3234
24.338
209.447
9.69378
21.7821
438.238
20.5798
22.0984
108.854
502.487
343.282
9.29867
205.249
146.103
5.24159
240.04
528.439
27.5754
272.261
10.262
7.47065
509.369
13.7221
191.408
94.8329
219.938
284.332
96.1001
7.64877
7.88706
278.251
281.946
337.696
170.072
4.38427
31.4663
260.567
156.884
150.304
215.246
311.121
331.264
10.1964
143.677
108.155
5.01904
302.525
71.2871
21.8849
98.6579
8.69581
540.734
14.5829
355.097
13.3378
21.632
318.062
13.3474
5.07774
32.7637
7.08765
269.816
28.1215
175.52
150.634
253.101
149.064
89.9909
138.04
296.18
11.3223
23.426
267.389
199.785
142.338
445.922
219.978
17.7375
16.712
16.0645
27.9074
56.0749
475.96
75.9698
394.619
11.175
201.826
140.399
5.23842
85.3798
333.87
48.5578
170.563
77.2349
9.42081
4.17667
13.5431
6.4323
165.907
396.009
73.9544
17.0007
15.0438
22.7612
22.92
22.0229
305.525
10.1604
551.057
219.251
89.2324
109.554
234.805
120.107
219.303
275.764
414.558
345.762
3.96896
370.572
169.596
157.543
24.0173
345.909
92.9434
212.564
469.709
28.7125
371.222
27.108
6.87441
28.2464
10.4766
218.564
229.186
538.442
10.4829
26.7833
522.125
126.799
21.124
508.844
255.212
299.707
92.5181
171.481
15.4903
129.809
179.878
15.3085
141.754
182.736
20.0585
14.6116
37.2968
161.955
335.754
10.1894
222.73
224.682
315.058
43.2271
243.089
45.2036
338.552
296.849
10.041
354.645
147.633
17.2469
277.385
3.98121
21.4497
186.756
270.308
11.2618
18.0343
174.728
454.823
336.391
169.616
14.8578
220.602
115.576
284.186
62.1237
18.1915
323.754
263.948
407.212
198.341
79.1942
57.4252
74.6241
78.9036
175.086
216.526
27.9018
87.2317
271.595
22.3182
326.783
142.906
234.37
335.863
10.9784
146.444
479.823
445.447
84.4932
563.129
181.838
16.1541
26.1255
93.8355
59.7349
18.522
26.9542
20.7493
155.955
426.868
20.5982
14.2045
280.892
21.2847
211.726
82.0986
403.055
8.25612
246.224
111.225
210.355
22.219
11.9942
569.516
186.937
12.2481
9.98608
43.4575
22.712
256.639
35.3366
293.939
354.946
444.654
23.2772
220.869
17.6884
179.209
85.6845
23.0689
33.0899
304.263
20.9182
455.02
23.4002
122.708
432.523
175.342
505.658
50.5842
49.6056
515.24
266.702
17.6451
419.43
169.549
18.304
284.796
21.0158
8.30882
37.6101
437.496
21.8781
243.008
15.8009
123.486
516.498
118.136
174.397
17.416
363.037
21.1806
119.973
16.9301
140.523
237.078
10.8644
96.015
514.646
583.887
34.8493
336.831
437.632
390.144
433.685
499.629
19.4174
173.465
23.6987
230.232
45.772
22.2175
92.0058
234.825
191.276
29.2158
52.4341
141.982
17.3044
384.676
20.4533
283.598
4.83644
434.266
21.2511
66.4665
7.23363
103.042
20.1789
371.006
134.257
14.3162
314.227
14.7112
9.07277
56.5001
125.432
54.6652
56.2941
23.0466
211.834
4.93901
356.641
413.988
18.6891
432.125
4.48296
15.1463
265.045
18.4747
353.97
21.0256
6.81141
17.3634
26.4118
92.5365
270.9
73.34
74.273
323.183
144.383
55.401
435.068
21.2121
266.863
139.536
307.167
62.8107
9.2333
194.281
193.017
23.0357
18.2441
53.9506
327.363
81.8146
205.546
511.608
88.0288
490.367
23.2972
9.94383
180.682
19.2314
91.2477
35.1445
45.1889
376.655
61.1104
9.41241
168.772
22.7912
450.421
81.9539
15.2157
12.3849
389.449
70.6979
17.9483
306.826
142.234
193.896
12.9285
11.1435
17.7969
4.9313
171.222
11.1944
223.366
5.99859
299.624
77.3849
410.105
52.3706
18.5628
277.411
167.043
201.934
61.1152
257.9
8.51419
20.9873
12.785
7.88282
361.601
482.642
559.526
573.229
14.1348
381.663
7.46054
312.663
57.8834
14.1711
206.567
161.019
75.1068
164.193
256.671
402.809
82.2856
221.601
402.363
271.739
30.0753
237.797
134.831
198.982
161.98
372.363
406.186
9.05476
103.493
386.791
156.438
12.0142
107.832
278.545
314.495
10.5833
84.7234
219.65
14.3385
394.638
468.274
217.898
49.8522
257.434
24.6969
20.3352
18.597
12.7154
497.466
246.25
55.6878
250.939
13.8585
25.064
229.701
422.172
193.585
410.738
4.00079
11.2605
58.9531
183.82
427.203
368.792
7.84732
383.33
102.132
213.363
540.2
23.0051
8.79054
8.11082
67.0878
10.2155
50.1862
95.442
19.8866
522.213
300.159
56.2127
200.735
68.4523
240.286
92.4563
566.866
262.914
9.30359
15.0833
16.1272
52.0835
142.423
3.40334
321.322
40.4526
195.506
25.4121
196.153
322.585
187.323
21.2977
20.4
10.1655
426.597
153.633
337.396
404.413
13.3348
174.964
317.17
23.8484
13.2644
13.5476
369.471
327.97
313.134
284.465
281.378
122.76
17.7912
307.91
137.844
16.9231
132.07
47.0737
104.602
320.848
26.7225
151.475
16.2018
157.694
7.39884
364.743
379.141
13.6767
365.3
84.17
173.57
130.92
328.978
236.514
21.9095
38.7357
416.81
206.294
139.069
21.1275
273.536
285.558
90.3778
94.4795
10.3208
66.553
369.317
98.1897
399.567
372.848
87.3553
12.0156
185.969
306.626
10.2633
15.4946
419.543
9.25616
165.601
572.753
149.842
307.972
-1.37261
9.6333
22.8434
11.8965
397.195
460.746
285.293
9.12552
87.3905
206.197
340.214
220.567
172.595
96.0176
20.0016
164.729
68.9621
396.554
5.54432
18.9724
15.1404
28.1009
163.829
508.16
6.45208
174.744
72.3106
336.581
21.5433
192.407
164.476
7.44503
20.0662
318.164
375.221
510.906
8.95475
136.659
138.583
227.175
19.6741
24.4185
9.48589
434.926
544.55
8.94028
16.8654
22.7154
310.372
11.8063
15.9872
261.35
17.8242
15.0488
475.614
249.173
199.983
18.9725
20.5497
303.0
122.764
303.878
462.988
115.739
175.457
22.5655
468.502
429.172
232.408
115.532
34.0625
3.80263
10.7328
221.11
15.8177
178.967
381.912
178.581
52.2751
178.115
118.425
11.8233
21.2195
65.2147
151.499
203.999
75.9738
15.5023
10.5616
218.439
18.6251
67.8661
125.99
200.408
105.446
556.93
13.5223
163.624
12.3211
15.3119
228.929
35.8836
19.6394
8.07007
196.675
517.124
370.368
382.148
127.106
326.182
18.1818
29.7493
343.133
123.106
21.2544
13.7193
115.259
306.501
19.1105
268.128
82.2554
15.2871
11.4621
232.548
205.157
360.631
35.682
16.2917
16.7882
162.2
363.805
226.832
22.1717
11.6432
487.627
282.968
16.1449
15.9261
191.767
13.2677
27.8631
410.413
263.828
209.158
340.362
157.674
294.48
17.4042
20.3059
10.1154
48.7608
18.2395
19.9971
249.457
439.087
298.447
92.3277
248.991
502.415
364.849
19.8359
260.035
13.5981
56.6268
245.814
177.18
125.862
153.883
148.553
201.47
20.6921
22.5542
415.713
361.257
12.778
318.245
17.1498
225.289
24.3612
250.088
32.8935
117.655
284.911
25.1798
270.394
129.302
382.057
575.268
164.067
275.171
38.611
299.428
18.5293
176.92
10.4962
20.2736
247.191
335.14
22.4382
24.0937
29.6081
119.26
557.693
21.5486
110.982
168.24
439.108
487.874
67.5758
198.38
51.7536
300.628
20.6613
11.9087
260.536
522.686
99.1162
239.359
19.4623
217.127
20.9497
16.0521
308.391
475.028
159.571
16.757
453.284
380.872
36.3313
51.9792
13.4141
20.0493
404.028
128.522
440.009
19.1939
488.079
353.649
409.137
296.428
179.386
374.064
288.936
14.4861
12.8242
21.025
8.8262
323.354
17.9438
39.6108
9.71153
273.774
23.5856
442.333
132.492
340.11
112.965
185.142
162.027
215.599
259.086
350.342
482.062
209.608
16.996
297.529
318.853
19.7269
19.227
466.193
370.766
21.417
18.9977
23.1358
267.458
244.708
11.864
93.6763
59.762
84.8427
331.57
9.93259
323.244
199.473
84.3893
21.66
171.782
18.3221
141.375
217.69
19.8729
4.98487
116.837
18.5321
167.13
269.799
289.735
17.5036
21.9812
174.247
245.111
238.658
17.9621
516.311
20.8106
10.3988
19.2724
14.0701
144.328
13.3755
383.634
11.2342
56.7071
21.1125
4.98186
19.6513
56.4111
333.732
265.292
148.624
106.187
6.6929
78.5226
181.649
85.6644
200.967
366.96
30.5024
168.954
396.315
248.181
36.9271
6.72474
159.591
288.511
205.084
19.8954
217.679
114.576
21.074
9.85783
31.3466
229.213
380.405
382.49
12.9498
269.853
117.983
138.992
14.591
71.9778
124.306
206.787
76.9633
15.1843
150.855
14.0132
18.7352
324.474
391.799
96.1048
10.4633
161.584
131.344
120.238
18.4706
130.943
19.9374
19.3923
9.66992
24.3055
375.97
281.971
95.1094
166.686
537.649
203.506
69.6187
11.5278
66.1809
186.541
555.19
58.9486
404.286
74.5015
324.408
18.1097
463.495
25.9201
210.522
21.0543
16.424
10.942
28.0402
70.4737
251.258
160.258
243.64
359.9
21.1212
397.236
299.809
272.766
20.6844
183.847
160.872
43.0325
114.465
180.088
535.003
233.13
181.312
12.4559
248.524
14.4338
13.9758
57.0575
297.562
168.5
349.263
9.00679
11.8848
280.538
32.8731
13.4599
140.673
93.4851
287.264
520.553
492.936
348.871
167.836
23.3843
20.5119
138.501
162.006
16.7636
22.7182
202.773
294.292
6.69221
391.232
174.833
82.7127
22.7149
113.378
22.5801
20.9115
368.999
213.697
5.54411
171.626
207.698
471.34
21.6439
19.4505
15.904
151.423
183.601
10.1051
250.564
20.8991
95.8262
18.9853
10.6735
332.757
22.0894
424.89
309.413
441.003
197.97
18.0621
17.0486
26.5807
9.40753
315.567
181.096
302.028
15.7961
411.625
552.083
247.382
212.207
8.21658
14.177
84.8856
152.762
12.5451
10.6027
17.443
231.184
498.137
315.946
360.367
389.085
18.7653
400.609
235.623
252.954
100.534
416.354
92.745
9.91959
18.0633
564.999
5.02173
366.91
377.09
372.083
409.414
12.4021
143.841
119.727
376.496
143.99
204.328
25.688
18.0975
191.233
426.416
355.207
13.4853
21.7196
60.8082
21.7275
16.9859
521.198
97.05
17.1807
16.7815
16.8133
579.678
301.927
87.3005
11.1629
16.8821
256.258
19.7585
8.57315
20.1642
32.1775
28.3055
16.3338
6.09704
432.604
77.1036
62.7162
28.0623
12.5646
208.399
384.378
78.3973
534.732
306.648
551.142
556.123
323.213
20.7252
458.384
12.5262
10.0972
99.6658
474.324
576.578
400.469
120.356
41.3135
548.952
16.5079
17.0384
216.456
14.7865
11.4631
95.3859
350.38
234.551
50.7647
249.832
16.5761
200.089
202.296
483.316
256.617
362.492
8.72485
141.367
289.999
202.461
318.386
17.805
274.367
84.9269
17.0956
185.003
277.631
66.0816
178.306
25.3387
32.1924
151.326
17.685
177.016
337.504
332.827
138.39
128.681
17.231
16.3714
76.3847
20.8356
168.873
21.2149
234.159
21.2769
108.702
478.615
57.9646
33.1113
59.4599
15.4114
272.818
23.7646
14.1189
276.717
20.2035
202.942
236.913
17.4006
21.7975
136.628
216.207
170.795
21.4987
278.275
6.35
31.8082
23.641
398.68
18.1031
22.4546
14.1136
24.287
10.3439
243.224
254.994
210.152
32.2762
8.66327
16.6607
461.621
12.5893
4.90665
14.5485
281.242
350.482
327.656
114.515
54.0961
18.0067
98.785
16.7627
130.023
270.043
17.482
367.455
177.76
532.245
265.869
190.826
9.03
387.724
280.25
427.197
118.505
5.08403
19.8455
25.6817
23.3141
476.049
27.3185
83.5787
129.478
314.349
336.551
162.859
493.521
228.303
499.197
15.2197
17.3946
62.7988
521.671
508.4
8.34336
264.375
139.61
37.5232
440.606
7.21561
167.775
476.892
9.96526
61.5106
531.695
298.317
22.3008
129.92
15.1522
20.0231
219.905
80.9183
17.8493
20.3233
116.126
122.731
8.32271
173.079
497.041
294.561
215.586
204.221
17.7511
435.226
10.5863
322.492
497.659
547.376
17.1593
15.0074
233.926
11.4778
129.207
72.2568
97.0196
11.2214
558.754
23.2794
16.2354
311.153
23.2265
6.54409
210.715
84.8139
13.8427
77.1261
70.9679
51.9258
390.866
13.5925
397.869
346.332
17.7101
24.6892
19.171
358.085
89.3604
12.4865
11.8826
316.89
51.8538
206.199
8.64289
235.805
322.519
280.899
254.504
15.6706
208.934
486.748
426.563
17.1829
19.1739
67.3605
269.874
11.4433
498.483
115.223
112.241
55.9012
29.0645
16.0515
24.2597
55.9592
19.3574
7.41853
74.3828
315.252
151.97
233.152
242.572
371.59
378.414
31.5778
172.635
410.778
405.116
22.7748
108.535
397.903
19.3878
11.9873
18.7664
31.9939
336.048
102.751
427.853
244.169
296.899
128.08
306.759
20.8774
52.6915
222.661
346.993
21.8153
344.322
305.277
42.776
228.592
150.569
13.1618
17.1081
300.504
245.78
17.4318
12.1641
208.163
378.566
36.3194
318.272
18.1913
16.7497
203.791
102.166
69.8661
309.547
499.528
199.903
19.3814
290.901
50.349
283.043
190.348
392.565
23.9814
12.839
111.272
213.463
181.465
155.78
19.9336
19.36
279.453
148.006
23.115
23.9736
115.347
162.664
10.3669
436.674
326.368
17.5776
76.8929
166.787
9.48402
243.066
17.9173
184.603
46.2061
204.367
104.571
392.089
16.2359
359.014
17.8697
388.831
357.423
18.2474
145.472
185.851
252.794
22.243
58.6154
243.062
20.2356
326.34
11.6333
179.668
214.465
244.222
146.437
177.765
56.0502
18.3044
430.383
203.169
387.667
16.2462
354.913
46.8501
118.231
129.854
5.86245
424.058
441.332
182.5
20.9025
7.07436
537.55
201.046
196.031
127.274
364.073
122.237
422.705
120.548
152.003
15.8801
386.183
366.626
326.57
8.16043
7.56173
192.851
317.678
248.37
9.68255
11.6436
17.9088
21.458
462.8
212.583
185.079
15.5534
180.991
550.501
15.8527
12.7044
120.897
184.068
144.074
400.652
116.682
337.788
286.842
129.483
171.139
30.2128
12.7618
331.34
352.675
10.6207
84.5154
9.90335
332.166
431.284
377.46
10.0035
165.347
54.8464
20.7899
287.964
438.931
444.704
174.403
23.9499
16.4272
60.1764
358.899
125.775
13.973
196.103
17.1205
20.9805
439.974
311.231
17.4036
21.8796
249.7
26.3099
146.961
27.2544
298.586
378.095
243.003
236.491
75.3747
210.036
397.471
11.3127
6.27995
17.4244
350.106
217.956
535.072
270.353
21.5525
268.683
355.707
22.9252
18.0749
264.156
244.044
12.6384
564.609
91.0464
72.0199
471.153
32.3266
12.914
14.0865
147.312
201.937
368.317
52.2975
394.041
205.906
11.9017
273.835
375.828
4.49033
15.9942
322.361
187.828
6.83034
25.1563
15.1327
9.16795
349.576
25.9555
366.102
18.7666
296.719
226.785
213.035
471.999
375.995
148.392
34.4953
17.702
121.196
15.1132
9.2476
189.484
13.9808
356.182
274.595
21.3222
242.42
11.0347
11.0596
233.265
288.931
444.445
18.0431
453.501
17.6385
20.5648
411.438
366.258
10.0351
162.792
515.852
49.9091
478.001
396.846
162.755
256.172
291.207
250.795
75.3772
157.824
10.5035
148.885
16.3999
240.245
128.495
407.837
202.167
162.644
390.139
18.8507
3.08757
17.2483
348.274
342.033
8.51313
116.285
139.922
25.0721
203.165
20.5255
61.4419
26.7723
12.2438
382.648
331.722
174.864
57.6991
6.60905
20.2497
64.9531
18.1539
10.5887
22.2209
21.2591
13.1044
406.374
52.5974
329.641
501.189
533.442
58.7353
28.4546
240.439
409.052
85.0973
114.405
154.305
22.3365
146.139
246.896
11.2412
12.1024
12.5015
191.017
92.3607
22.4109
306.527
302.593
229.322
242.291
16.6673
10.6257
309.345
95.9354
185.042
207.662
296.11
6.95763
435.435
12.9272
23.4801
91.1791
9.88461
354.039
494.122
20.0171
10.2678
295.436
158.684
147.017
156.359
309.516
18.0367
13.1609
117.033
102.203
387.848
11.8283
71.3198
12.3934
160.91
21.909
11.6257
11.1666
346.339
125.742
21.8201
20.5485
10.4021
207.595
363.52
9.06347
142.572
124.593
156.189
117.541
270.892
51.8376
8.21693
241.651
478.213
9.97913
223.885
98.3466
159.696
181.658
207.845
290.997
52.1521
11.3669
31.74
12.7441
360.244
16.1832
226.441
179.137
11.6043
5.097
15.45
291.452
380.709
45.0985
212.561
387.587
152.565
202.179
9.20395
19.6982
191.963
11.957
163.952
4.16392
60.5773
361.539
408.036
333.103
165.584
19.4925
13.3858
20.0192
343.114
527.74
12.3911
45.5194
198.695
249.529
10.9468
236.357
155.914
119.918
174.936
121.486
517.147
173.434
290.394
61.0334
426.684
14.3026
23.6465
75.2744
19.7331
95.7362
404.096
18.92
11.9345
230.613
19.3625
16.7126
189.685
362.869
44.725
69.1288
281.188
18.6543
166.577
16.5134
8.13133
15.1397
22.4347
264.688
391.106
280.864
28.6791
131.969
22.2367
519.327
17.032
124.213
536.714
320.23
16.1929
162.102
99.1309
73.2536
538.431
250.146
11.92
151.75
8.8501
5.18885
12.5909
173.597
24.9598
61.1926
20.2136
281.92
183.503
131.209
381.646
289.863
375.177
69.4784
175.443
462.051
8.64862
16.958
22.8418
421.691
332.958
539.807
430.925
22.6319
209.62
67.6233
353.977
355.538
129.935
12.1681
20.6716
22.414
287.344
329.428
493.74
10.4066
452.002
226.964
219.645
333.966
8.9705
131.899
185.852
20.7665
184.863
318.414
37.5845
21.5638
3.53206
502.062
148.701
19.2697
24.7156
529.703
172.15
31.9435
237.271
232.152
112.813
20.8536
126.555
307.922
6.92663
114.98
277.518
214.304
201.336
346.893
20.1767
446.678
372.284
10.1644
241.312
31.3431
257.728
8.32399
348.073
20.3405
227.362
405.486
14.2147
437.749
283.451
71.4207
77.2415
10.3194
418.667
170.16
218.751
158.571
15.0555
34.8508
22.9706
296.547
188.799
423.848
20.2459
312.886
126.509
22.1338
399.453
130.325
156.523
21.0935
18.0865
9.5386
190.814
16.8993
245.91
80.7505
10.6014
215.597
443.586
23.8021
9.199
135.117
11.2771
19.8979
8.79722
20.39
175.459
207.693
11.8442
82.1072
263.628
13.1279
274.933
8.31113
328.823
17.4721
52.4415
255.55
284.108
180.948
334.071
69.3458
330.656
130.684
13.2483
122.003
156.427
326.045
154.996
474.066
15.3522
382.926
249.753
26.4451
22.5926
416.324
220.293
149.259
232.248
47.6598
193.842
180.943
236.95
21.2237
366.678
172.821
465.534
188.877
498.436
491.365
211.875
18.3163
333.214
6.13081
7.14575
19.5396
154.193
220.885
137.045
5.2919
15.7297
126.996
9.80435
4.27635
16.922
11.193
5.48254
13.9727
20.6553
8.68688
327.912
402.724
22.962
24.8617
304.181
434.07
6.23845
36.8331
162.038
345.128
15.3065
415.028
34.2098
33.9517
20.2411
12.1936
23.8445
56.8289
363.864
5.21194
14.1377
270.098
11.0727
24.2411
221.009
118.042
287.404
209.273
16.4532
3.07193
175.658
163.396
31.1728
369.061
20.4619
21.5762
10.0836
165.354
23.4817
337.972
82.7765
53.3572
20.9767
65.624
24.8386
8.49956
266.227
22.1015
297.097
233.112
79.9008
9.54695
55.5793
20.0317
269.409
405.131
284.132
222.787
12.316
304.334
39.8904
174.805
238.972
162.221
125.871
479.396
17.1771
203.069
388.811
245.311
16.4687
331.663
117.088
8.10429
20.1855
539.047
60.0006
17.3244
299.47
51.0453
498.602
218.778
11.2613
61.9879
14.6296
10.5478
18.4337
263.392
105.779
13.3426
304.716
12.8618
23.7134
6.46629
52.8489
159.986
19.7307
318.701
17.9378
151.932
19.9688
145.783
324.473
17.5794
197.155
179.609
105.329
37.2633
154.783
353.786
35.239
281.117
13.1999
83.2467
31.8919
454.725
420.972
335.44
116.261
28.9936
16.8461
290.074
376.611
103.37
455.701
129.34
17.4755
313.441
170.691
230.295
66.4709
311.344
12.577
331.248
16.8123
114.496
23.183
243.869
11.4064
122.877
47.2973
348.193
246.121
18.9807
16.3361
510.896
304.336
202.919
6.4896
198.703
20.8976
24.0991
303.942
13.2576
9.56553
143.38
407.542
18.902
49.4821
127.811
16.1423
22.6662
24.4819
448.824
321.468
13.3246
304.721
287.457
15.6001
214.214
17.5314
304.213
161.663
33.9979
52.6647
345.971
15.0157
164.303
575.772
176.484
130.816
18.3788
254.949
14.4321
13.7429
18.0362
23.5295
409.775
311.493
554.641
242.014
541.632
172.643
370.443
12.81
403.856
20.4584
127.305
403.962
16.7887
11.3796
25.7234
67.0593
108.637
22.0104
63.2846
190.949
26.0188
173.076
17.8501
390.649
19.5164
242.623
197.181
279.357
237.868
17.4141
304.982
102.888
15.1564
346.06
207.264
257.202
209.535
284.22
174.781
10.8425
284.492
418.941
476.326
19.1842
77.1342
309.825
14.776
17.113
6.4502
11.1512
21.8351
530.535
66.8946
218.199
251.652
20.0594
8.73771
19.2158
19.8042
281.662
11.3462
120.243
10.1272
476.849
14.2639
519.388
17.1137
9.50302
136.679
21.2061
264.129
418.473
5.27328
284.566
293.327
180.48
5.09792
15.2512
263.221
99.6833
18.8678
27.1148
154.897
96.1088
237.784
12.4849
23.9107
28.6045
322.261
79.8439
55.4069
108.441
52.3809
108.305
507.955
205.235
84.0035
285.144
124.105
98.8104
410.335
109.95
221.016
312.137
16.1658
22.8277
288.419
122.134
344.278
265.944
24.1612
10.5699
449.893
171.476
12.0691
245.669
35.9931
9.98875
16.8315
18.872
11.6965
263.041
24.0323
19.8311
495.872
78.8012
270.975
18.2364
11.5135
9.63252
12.5695
22.4926
425.601
25.0724
483.242
22.528
11.7325
351.635
140.741
158.993
16.7178
220.564
22.5754
37.603
159.715
128.605
402.633
379.368
142.741
354.65
15.2684
12.6389
540.509
208.988
14.1044
477.844
16.3541
475.71
271.058
14.7001
12.7594
66.9541
210.401
227.895
134.91
261.037
235.806
20.2394
87.617
17.396
26.2882
14.3926
14.4264
6.89498
16.6784
364.542
253.631
126.125
162.595
304.842
270.63
596.173
326.58
11.4505
31.8526
309.571
411.017
16.1511
150.105
214.656
99.1073
153.654
45.9612
66.0586
10.0684
146.851
234.128
240.039
261.611
513.992
19.6397
19.6581
226.387
19.5803
167.03
347.423
310.738
445.232
21.2747
599.042
7.07972
278.713
18.2506
16.1594
8.39164
83.8917
406.876
183.488
230.047
26.6923
14.5964
16.7524
191.757
10.3387
76.5444
11.6854
20.5978
335.267
245.655
304.742
5.41638
526.95
15.0648
41.3909
365.394
116.374
17.981
46.1192
9.68975
254.767
9.87104
322.152
283.076
44.4323
209.055
537.234
16.031
17.7766
250.584
361.014
9.30351
213.562
55.868
277.678
256.203
392.75
287.394
18.7741
358.678
421.55
21.8963
489.013
23.3426
18.9207
89.6003
161.74
84.5527
321.305
152.744
442.359
24.8911
553.849
289.65
10.9044
195.706
6.50918
21.7448
71.1582
311.913
12.3311
13.1603
20.8601
18.9337
24.393
27.5376
23.3012
15.6477
11.2478
341.243
341.272
198.028
240.893
130.74
297.918
412.311
137.411
202.81
124.854
17.3333
91.343
199.473
264.031
15.0608
281.096
13.6972
97.3688
193.432
21.9352
4.79914
236.376
257.575
217.62
358.546
444.935
326.697
186.417
22.2362
17.466
13.3566
24.4543
13.1342
57.9043
59.6926
23.0845
251.82
101.876
442.34
9.2487
17.9797
148.252
318.822
51.3567
120.075
241.739
97.8241
9.81842
12.4786
152.538
43.0951
372.106
19.7957
85.119
19.9623
119.28
8.76842
241.621
205.288
80.1469
302.743
131.091
520.825
323.175
420.001
177.1
163.9
141.402
179.183
16.7956
19.9178
181.502
253.315
258.855
136.487
9.98398
360.403
429.454
250.417
186.577
72.3976
38.7339
355.196
75.8265
91.2663
187.692
30.4189
63.0778
438.202
310.638
223.352
68.5703
63.3846
5.98614
375.31
256.044
238.039
458.744
21.9914
354.959
13.832
17.774
76.9753
11.1769
63.2186
150.39
14.9065
5.17188
11.398
20.965
19.0442
218.466
112.52
295.883
286.406
49.09
170.737
211.633
16.2829
104.528
143.565
68.5894
120.827
51.6285
392.982
62.3888
49.9692
326.194
211.41
300.494
21.1785
295.836
18.6347
328.03
10.3016
19.8499
352.639
59.3559
373.844
12.2108
18.3387
21.1708
14.5188
19.5038
185.671
182.55
5.59849
354.424
214.535
40.5609
16.3703
19.6979
9.96094
18.1832
18.8879
502.658
251.739
13.864
175.795
138.062
9.95637
421.317
275.732
71.1608
146.391
411.933
17.3291
9.95707
125.518
342.277
198.593
20.4404
420.533
55.1694
14.032
15.2502
179.696
112.948
185.289
273.199
329.542
21.4953
163.082
14.6376
21.0034
179.156
21.9362
12.7709
21.2509
133.166
478.209
12.8318
22.2664
94.4817
281.761
229.632
16.8131
163.024
380.697
369.84
18.5155
400.037
33.319
146.307
546.419
16.8954
24.2608
9.84693
445.878
11.9957
246.761
326.831
128.835
20.7238
81.5696
11.82
22.0178
219.916
172.391
7.17433
442.053
16.6412
24.4687
11.7471
21.5872
356.359
9.76808
124.563
201.197
431.387
16.7322
17.4151
86.5413
348.098
196.72
21.973
404.494
150.088
49.399
344.057
316.946
177.856
20.8056
402.505
95.3015
176.587
268.466
74.7714
13.549
15.3356
140.843
258.331
22.8798
487.784
21.6124
506.232
143.15
165.74
129.13
462.137
581.382
189.38
193.952
220.729
295.686
459.175
19.583
479.725
154.32
261.75
13.2688
193.748
45.1029
10.424
395.642
383.144
494.723
278.868
4.85431
272.791
295.306
484.922
355.949
136.386
398.331
13.7586
12.9808
274.729
307.505
168.167
361.552
213.86
404.671
435.017
407.122
307.812
51.4307
9.78706
281.409
17.1367
13.0439
211.412
371.168
90.0062
7.57479
91.3186
10.6372
250.655
54.8418
22.7788
19.7737
11.3384
69.676
328.896
447.357
205.028
228.986
19.4369
7.20685
29.225
339.931
405.002
21.1146
71.1933
20.7576
194.905
293.525
113.878
126.686
129.115
418.742
252.753
153.273
193.451
27.8658
4.10158
501.619
207.257
18.9197
556.892
12.7819
57.5418
540.017
2.31087
412.092
10.1273
298.76
16.3713
132.499
19.5425
481.097
32.1389
109.252
204.16
164.512
10.3804
212.864
228.784
14.2578
32.6429
4.27582
13.6298
15.4495
13.0159
15.995
29.4973
20.6794
62.7404
13.4667
100.335
18.8412
308.121
85.7939
73.146
281.551
208.034
23.5192
21.4121
31.1671
20.1481
539.756
12.5679
274.265
10.5149
21.4718
120.824
104.093
296.566
126.873
21.1286
387.081
356.165
34.6565
376.22
103.152
360.804
419.203
138.508
51.295
123.263
23.2485
18.8724
17.6842
13.104
425.416
21.9551
375.053
109.915
145.603
16.1908
372.815
412.526
535.01
381.092
8.69529
6.16668
25.9217
419.362
182.954
445.726
108.964
91.7884
240.583
21.1675
16.4095
204.522
178.272
430.21
13.6851
38.1308
10.6917
23.5374
16.8303
7.31118
56.4752
339.022
171.55
187.277
352.656
20.6244
411.319
21.7571
16.2425
17.0277
53.4978
229.848
5.66026
17.2158
15.9129
376.186
250.762
14.5305
233.092
6.037
80.6682
57.0174
26.8578
214.137
89.4355
15.8719
5.64817
11.368
312.326
17.6541
20.09
385.788
24.4512
9.0063
19.3048
70.8079
14.7654
247.633
440.212
271.246
84.3793
135.818
18.8466
287.173
269.151
13.3665
15.0698
267.01
211.812
134.254
106.426
45.0036
104.427
24.3243
22.8837
178.672
277.487
487.027
487.463
36.2516
16.7706
102.343
5.47435
251.183
7.70815
211.531
20.2536
60.794
323.174
147.166
20.0405
434.851
85.8089
109.92
245.927
17.9054
66.5287
136.806
21.5337
126.485
115.567
127.679
17.4928
24.9033
293.709
225.583
71.0457
18.6828
187.222
5.5013
41.5692
90.2956
491.672
78.2791
150.844
293.905
391.457
19.2207
509.963
9.61069
162.793
208.935
491.901
100.294
72.9436
225.928
262.691
6.17097
138.582
15.8175
88.2493
13.9443
363.121
57.1162
227.735
10.8075
320.143
52.8234
231.23
104.483
15.8496
14.5107
158.295
342.296
19.1988
13.7764
237.276
22.2777
431.288
13.5926
17.1453
497.701
21.5042
69.474
261.102
15.9257
408.81
77.7079
11.7346
536.412
127.369
13.4152
88.5246
21.3912
15.9931
291.989
336.031
21.9272
12.0704
14.413
121.364
24.0845
56.2903
73.0502
157.179
102.207
27.6315
123.166
16.1387
127.299
22.0818
16.8978
475.15
21.6862
67.3836
26.6042
12.6728
11.0355
11.6643
16.703
139.214
234.723
22.8881
80.7153
223.957
110.936
24.2461
16.7515
313.692
12.8479
23.1518
23.4394
291.077
17.7333
21.0569
479.319
8.18231
166.166
10.9943
86.4407
463.256
287.44
494.07
8.50216
3.66199
312.318
365.637
309.656
361.417
18.5782
116.337
292.075
304.63
15.3724
12.7304
13.8124
22.3002
465.716
11.5461
27.2867
20.8643
13.9628
172.321
18.0133
181.174
22.7557
348.883
381.166
11.3524
20.6579
202.123
18.1575
83.4517
14.164
253.435
244.151
19.6405
455.358
10.8327
512.588
17.251
201.116
224.274
19.2726
14.4963
314.742
20.4971
23.0193
41.8822
130.128
110.279
84.7881
343.198
7.31505
250.279
203.281
224.664
94.8591
75.6023
188.785
381.118
316.191
294.978
307.975
20.5903
222.095
378.169
47.2397
302.763
516.814
286.527
200.259
114.344
55.6077
18.4806
23.1001
421.796
453.53
524.824
13.8746
172.866
82.2462
232.917
176.307
23.6013
566.186
7.80258
291.504
18.6051
467.677
234.481
20.595
482.366
185.631
19.538
47.9589
436.456
345.336
419.261
19.9104
9.25712
15.6491
5.39397
44.0709
6.1502
202.941
209.36
371.584
46.2665
18.9778
11.8332
350.185
13.5063
175.367
60.8
250.175
14.2526
9.78719
21.1569
16.5554
22.8408
141.218
15.0291
17.9659
11.1326
16.6344
328.636
206.985
15.7098
397.507
434.8
19.8426
252.019
7.71428
22.2785
20.2668
40.9201
15.1469
77.5095
25.3926
266.636
19.4198
314.258
28.2824
497.18
11.7207
21.6212
10.4686
181.538
408.09
278.91
346.117
351.616
207.529
235.241
24.5826
401.08
22.9391
132.209
17.2933
329.691
101.515
259.81
23.2765
18.9234
19.6546
414.379
329.34
503.943
511.501
22.5368
307.581
11.3381
516.63
17.5451
246.644
136.106
22.2224
170.067
529.349
110.605
7.23428
373.361
11.5454
10.3375
370.557
498.131
260.735
372.434
250.365
519.145
399.161
11.2518
100.778
125.005
185.922
229.453
354.816
93.3491
127.391
201.994
330.246
342.759
19.2828
272.229
84.7886
398.525
58.9136
169.47
6.74898
22.8445
326.631
354.044
22.4786
165.666
11.079
436.452
66.2627
14.8197
224.89
8.26496
169.789
6.32021
189.15
181.741
131.364
175.828
9.3386
16.7146
33.2816
43.4849
16.7105
438.543
282.03
57.3201
284.065
16.6022
160.486
511.604
273.448
221.928
236.417
184.14
36.4774
13.8834
76.9303
11.0642
12.4147
20.2556
8.23409
6.35012
441.64
529.018
3.98054
23.0744
132.236
33.6089
294.975
18.5515
12.6156
184.695
230.289
507.033
193.265
242.875
15.5779
374.993
12.512
168.784
323.218
30.9566
98.9726
16.2106
7.7934
4.17173
85.1174
17.4616
165.147
451.41
199.945
107.412
11.1937
147.217
314.284
234.408
401.344
5.04434
200.692
231.4
5.51087
12.9203
214.793
-15.2089
23.2694
200.795
145.38
11.2825
14.0432
137.647
311.42
21.6261
24.8343
78.2237
17.264
341.477
18.249
95.1223
7.20307
43.6606
448.86
176.11
12.879
71.5788
22.4108
53.1122
18.6242
127.544
20.2167
412.479
305.018
348.626
25.7889
19.9069
112.616
19.6807
342.718
3.56047
15.0953
272.178
17.4519
6.19745
12.961
281.668
477.862
74.4757
13.0323
269.024
22.3259
227.384
397.429
189.376
138.335
11.179
17.097
370.473
192.081
54.3687
21.2256
151.759
142.872
403.418
11.0956
10.2366
88.4292
364.745
91.2672
341.403
72.7629
209.844
18.3468
5.25874
14.5028
331.071
17.227
17.7033
16.8032
7.42923
415.882
17.9753
257.674
127.854
168.678
13.7485
126.475
17.9321
36.3159
10.4492
50.4758
67.217
80.0297
11.3189
6.78004
23.4833
364.954
21.6363
267.652
34.7389
19.9354
88.2319
25.3748
10.1463
133.886
183.649
514.68
247.855
189.79
62.0745
12.2098
210.032
23.054
60.1664
380.051
343.944
297.112
112.951
7.99482
248.295
34.5298
534.196
80.952
294.744
483.564
457.101
194.367
281.699
14.5843
331.842
111.123
462.291
247.523
18.4151
15.6254
117.445
372.634
51.7838
124.174
475.012
198.348
132.488
307.949
215.889
372.554
17.1941
126.935
65.1369
20.1345
278.936
389.486
15.6231
13.5076
9.81728
502.49
21.5581
407.108
289.193
408.158
15.0238
364.399
20.9538
319.967
20.0635
141.999
555.438
184.428
202.395
18.9614
12.0518
75.4361
17.1528
17.8216
5.06536
5.44007
9.27311
21.3029
186.684
180.216
10.363
10.8773
278.657
245.414
186.079
21.2125
270.541
197.46
138.859
227.068
260.343
231.366
402.19
77.9313
19.6624
362.222
2.57283
82.5962
8.64495
110.781
324.12
122.185
286.13
137.78
7.94869
391.583
21.4404
549.05
546.838
350.167
307.333
343.674
347.144
17.6902
355.294
20.6935
242.501
346.492
319.069
309.634
262.437
73.0258
17.2869
162.788
16.7278
101.126
37.1132
123.028
147.305
25.5793
308.87
142.981
18.6284
259.939
297.518
379.59
242.103
238.912
386.202
375.975
147.383
171.534
11.7747
55.2192
206.694
228.4
219.168
20.0594
21.2988
18.0905
438.111
269.711
153.656
339.956
18.5092
151.837
35.757
220.586
14.5467
188.758
50.1904
26.4988
33.1015
21.9405
160.82
172.691
291.069
9.91406
542.456
17.4089
173.931
395.148
17.2615
208.598
28.6223
348.503
177.779
181.415
47.4845
8.94894
15.7304
17.357
242.57
9.51961
243.407
499.515
239.546
24.3609
499.018
414.669
433.56
136.698
135.114
132.913
233.582
7.75474
10.1484
149.31
518.645
198.81
78.3754
283.958
309.441
24.9637
12.6461
78.5988
342.443
191.071
149.256
18.6388
29.8128
415.386
11.7185
481.725
469.823
76.8788
14.5738
342.364
21.0957
455.504
298.086
5.67396
297.174
18.8509
18.7812
16.9643
304.354
245.69
364.761
384.805
409.209
28.7073
47.0581
452.418
361.322
286.628
8.99829
38.5684
27.758
123.315
20.7953
11.2121
536.462
250.405
10.7831
514.584
26.5056
20.2473
14.6871
14.6018
198.696
477.967
84.4259
127.751
17.5475
13.917
187.408
400.738
19.1238
15.2754
4.49896
493.524
12.5224
15.5487
6.34247
24.543
13.9897
14.0171
15.8785
367.079
17.2091
121.523
499.154
10.387
334.472
203.133
332.665
454.728
7.57748
39.3351
339.398
19.4132
19.2601
423.052
42.786
226.548
17.1278
93.4471
336.836
24.8704
10.0245
222.126
9.66626
466.242
20.1883
440.092
13.3889
24.8362
14.6645
106.529
248.452
375.43
194.838
49.5487
318.754
14.5332
7.54097
39.2208
22.4122
90.6204
25.5054
56.1624
325.182
212.595
384.062
86.4904
20.7263
23.1237
11.2508
18.2904
234.108
22.2433
9.04374
16.7906
115.378
353.469
117.755
127.739
18.1214
226.219
374.24
118.37
443.08
238.334
194.201
244.302
117.408
6.66499
9.72281
127.254
204.476
24.8626
378.6
4.94974
122.945
276.781
112.952
209.81
158.276
17.3351
186.867
234.01
5.52383
10.8746
472.537
320.758
17.5468
205.703
15.1867
397.361
4.49648
179.73
7.23152
331.156
142.761
231.008
220.024
49.8979
23.3594
110.788
360.01
13.4623
100.306
5.56469
9.96937
24.6244
56.6269
12.4034
6.74478
10.6428
219.997
81.2601
282.227
87.52
176.481
64.7988
339.101
10.3446
62.6711
78.7648
15.6977
15.2652
199.243
177.571
37.5213
407.543
76.1008
69.4683
217.715
248.741
247.042
35.5582
97.7032
346.549
246.73
286.712
7.00353
401.511
12.2782
18.9158
25.2551
15.5243
247.424
75.4233
8.76784
9.6348
264.887
144.074
535.338
414.46
9.56727
172.053
18.0009
77.0427
254.378
16.455
16.0923
170.942
90.4069
15.1569
20.2259
408.669
21.4877
227.017
287.911
144.751
22.5793
11.6952
18.3993
15.703
16.1189
56.3868
22.9278
94.3748
16.2033
75.1061
20.2121
193.369
131.688
9.95833
140.485
187.842
278.658
7.00336
265.161
10.0963
81.4029
392.788
116.279
63.4526
335.207
288.529
18.2622
124.778
60.6373
443.783
530.398
22.6696
181.407
246.327
449.869
23.5291
15.5703
31.2356
232.833
21.6461
17.1806
243.881
336.35
82.7969
418.812
253.719
362.255
17.9748
4.10761
14.0155
178.779
12.1559
21.9766
402.27
94.2359
316.362
5.70094
40.4057
387.012
16.4987
13.9005
58.1758
15.1434
17.7053
209.315
26.87
16.0289
435.374
338.283
197.543
316.275
127.131
20.7576
17.6839
171.404
97.7093
468.913
16.7536
157.259
152.239
219.947
35.3856
14.6841
247.094
309.289
210.899
484.175
437.818
320.819
355.32
87.1614
16.9107
523.593
468.362
10.1335
12.9744
19.4461
364.27
354.871
294.703
87.7297
6.07282
194.873
17.0445
47.2231
11.6314
138.122
59.5732
16.1148
199.617
137.179
20.5713
12.522
77.9885
509.295
21.4129
192.628
18.785
17.4232
15.8138
13.2365
90.3997
20.4741
510.242
17.9537
17.5457
21.3634
408.294
10.4851
13.0735
321.379
8.60005
22.3011
292.644
12.5356
20.183
125.59
17.9101
5.07388
20.6701
168.093
118.092
10.1762
336.92
68.4966
42.8536
388.492
120.233
21.1323
14.3831
5.16396
484.126
230.676
63.2888
124.044
168.308
19.3749
205.734
15.1479
362.218
11.1703
16.2754
401.067
227.794
305.996
93.8225
102.75
17.9731
401.632
380.247
216.017
156.172
266.402
30.635
365.747
343.824
9.53119
164.864
203.839
461.649
466.481
245.653
193.961
164.706
5.31867
8.52793
467.099
15.9296
193.421
330.941
495.546
20.3144
17.4658
11.2001
560.419
365.528
133.695
8.6173
7.96005
255.246
7.94034
7.41604
57.1918
21.0591
300.499
174.762
499.644
18.0117
410.566
47.241
351.096
292.981
157.983
18.7217
106.683
308.283
249.765
9.90851
324.324
10.0513
53.2223
255.376
538.302
270.096
80.457
20.6037
172.053
8.30621
259.969
560.58
282.981
130.918
281.314
35.9547
18.6745
11.5355
72.7005
135.293
160.761
339.318
201.194
344.189
20.5125
265.728
37.7434
342.981
320.482
249.021
22.3396
100.934
355.959
16.4529
51.3478
413.836
245.787
282.377
224.983
534.676
189.907
10.5662
296.282
13.3677
212.656
16.4478
170.856
160.978
36.5364
11.221
104.522
173.982
249.477
43.4423
14.609
17.9582
9.92681
248.367
439.723
12.8203
147.149
14.742
290.491
16.9043
69.8531
68.4982
75.0527
121.214
381.928
178.252
128.613
125.181
184.941
22.263
246.574
14.6371
196.34
65.0197
17.5872
305.918
53.8498
20.9586
254.273
239.758
18.7623
211.978
14.4418
6.08431
20.3854
163.994
0.858031
40.166
19.9979
252.648
201.3
120.654
55.3437
20.9352
17.4637
307.894
252.039
19.6157
17.3061
171.985
22.0923
553.287
200.815
501.142
171.954
229.766
200.058
368.647
284.625
42.2793
421.649
9.08439
19.9726
656.843
22.7393
230.329
135.872
358.336
12.8582
15.1451
32.3298
136.661
283.186
26.5961
16.3927
102.425
275.735
12.4288
341.387
351.926
19.1787
9.19707
70.3298
340.78
236.628
142.153
30.6022
66.1267
20.3129
175.352
15.9976
296.0
10.1209
240.24
15.451
74.7875
30.8522
15.1392
228.726
294.975
499.889
383.664
111.236
92.3745
494.496
294.613
13.8767
148.973
99.6653
250.993
127.292
62.9987
225.513
22.85
385.864
4.82841
11.9041
346.55
337.957
208.651
31.2628
11.0734
24.732
357.289
120.474
389.612
272.096
9.58735
4.7432
1.09487
494.196
17.4394
20.4199
551.644
406.209
50.7039
219.088
123.707
358.168
21.7498
54.3898
78.5255
121.598
245.745
443.706
63.5671
182.075
172.422
16.5055
23.9704
286.387
251.297
553.97
16.0986
20.1699
25.0149
198.906
380.904
31.2659
114.909
8.92472
107.413
22.5615
137.696
319.049
490.75
414.573
50.9687
347.087
3.16873
517.008
68.7882
10.6577
49.4104
16.338
15.5832
55.7382
479.958
187.461
247.136
194.661
23.5886
128.734
11.3892
335.963
539.548
18.0962
36.0518
5.60478
21.7212
9.5048
18.9176
74.2561
23.6196
326.435
97.1838
177.781
97.6298
119.659
19.7406
118.224
125.831
127.797
383.506
326.549
390.681
251.006
544.862
166.459
364.371
235.449
124.876
234.083
100.763
338.646
74.4252
15.2806
252.095
22.438
205.001
497.126
490.754
353.781
14.3578
175.554
398.401
11.3732
498.119
374.432
219.827
16.5873
477.391
203.303
54.5955
490.416
241.803
15.2106
378.4
202.4
18.8586
16.7854
102.46
377.956
175.852
10.5768
22.0391
155.303
156.607
24.714
11.7334
136.204
61.3657
252.273
22.9193
15.4132
290.019
18.7325
99.1807
511.212
15.355
19.9294
19.084
11.445
11.1217
180.2
316.812
26.1574
51.4631
14.7335
279.853
482.795
7.39407
15.9355
63.524
212.6
222.767
14.6604
17.3168
296.337
10.5454
63.1429
195.08
213.28
13.879
116.64
227.069
8.0052
354.221
6.36372
27.0838
513.241
34.2308
449.75
301.866
434.984
101.472
23.5571
261.646
116.582
17.3347
57.6778
11.1727
340.888
12.6152
28.3326
10.1421
19.5727
172.003
38.517
324.436
19.9473
5.9215
175.518
22.7298
17.5018
410.899
289.595
103.094
365.794
358.812
346.884
123.706
19.1981
379.939
20.6909
21.2917
174.553
83.7873
250.922
11.3228
167.275
13.9402
18.6778
470.272
129.621
9.24641
335.498
18.4631
9.07904
123.345
15.5562
5.41057
74.3337
29.9996
263.484
194.408
440.064
19.2769
14.3434
80.0488
18.5347
310.219
463.715
424.277
296.184
49.7379
132.215
315.344
19.1158
27.4407
28.3062
344.627
259.118
197.408
162.592
15.6718
11.3199
20.9284
437.621
78.1039
136.655
16.3359
12.4275
292.795
68.6756
18.5533
157.106
190.494
251.086
17.2636
289.821
391.25
174.8
9.01402
352.91
21.3971
393.378
100.972
251.329
156.842
12.9646
419.307
5.54588
503.479
227.649
17.6099
194.809
248.823
356.094
18.9356
21.2289
170.043
37.6351
16.0975
243.56
147.569
9.50723
367.963
8.492
14.2929
16.1878
20.5133
61.0238
209.432
181.322
112.25
21.314
17.6458
23.9649
274.14
16.5201
200.664
11.2723
17.0597
213.273
159.733
167.978
28.7263
13.8953
259.917
266.005
238.094
126.019
532.854
115.347
461.373
17.7349
6.71959
419.927
77.235
192.596
23.0727
135.442
453.963
445.271
152.941
269.961
477.532
512.988
15.5858
336.356
515.686
255.005
483.422
122.834
14.8998
17.0289
200.337
127.534
216.446
251.774
193.551
303.274
20.6558
91.3369
323.409
19.2269
119.123
256.567
9.93001
317.389
84.9373
29.1853
138.76
536.917
314.066
18.5602
128.591
372.15
283.231
23.5328
10.2854
82.869
52.7303
261.073
22.87
15.1188
205.225
20.226
24.3649
91.47
24.6612
104.341
34.7107
20.0592
264.461
99.5371
52.8468
277.258
244.03
314.604
21.4918
36.4597
227.726
17.4217
328.798
180.663
57.7193
196.276
208.147
123.628
14.4486
19.8952
128.57
17.9583
20.0507
14.1091
9.3026
22.4978
137.902
18.5678
492.123
550.117
47.7884
19.9353
101.296
204.611
411.532
5.16337
95.549
482.549
20.4283
243.688
21.4059
9.57334
12.4714
224.738
502.71
10.5961
38.9586
263.533
196.015
19.6785
109.414
15.2545
14.5522
77.8228
140.229
378.611
7.21638
16.8714
14.5346
17.0315
399.449
22.7659
59.2572
8.98638
132.727
288.236
165.511
90.6434
176.553
11.2301
22.6858
256.037
251.38
553.871
555.407
413.66
32.4681
347.046
213.603
74.2724
404.99
332.369
348.187
72.3124
481.725
10.134
6.57048
449.585
19.1053
19.795
12.7939
4.87105
112.232
135.952
438.96
328.923
118.646
7.368
20.2309
19.1939
57.1127
74.5958
555.257
15.6346
425.975
278.41
19.1602
39.3848
172.354
379.789
229.223
185.276
182.981
11.461
288.603
21.8394
171.49
137.704
61.7571
351.44
343.016
6.96284
176.285
10.45
147.159
134.822
295.866
300.906
270.622
10.5275
18.7723
17.9632
170.927
99.4591
19.3134
400.952
340.171
138.2
358.857
278.192
126.144
271.507
165.61
376.11
316.797
22.6392
254.135
349.685
497.652
163.74
14.4283
10.3581
288.317
186.464
63.363
171.901
15.9202
411.287
17.6732
53.5785
12.6557
64.4762
52.8806
409.938
159.817
206.722
222.972
503.804
21.892
15.1171
299.686
16.1747
114.499
24.6983
11.6692
493.037
19.9471
12.4804
18.2987
336.619
24.3647
2.66424
53.9736
10.607
7.35998
110.217
95.7293
395.254
461.738
8.26179
26.0306
28.5777
29.9264
12.038
164.572
205.642
5.84066
55.5873
11.7421
315.429
84.7017
514.167
406.741
16.7188
9.25078
8.25238
24.0893
312.692
7.32764
17.1807
537.059
144.492
376.381
151.942
36.1624
108.46
22.8974
315.725
18.565
213.917
161.006
119.365
17.8484
113.382
236.49
453.51
206.376
173.455
25.3045
513.568
222.22
12.2629
18.9047
307.661
10.0701
9.66054
224.958
38.0532
432.488
146.355
280.907
60.9448
21.8586
19.2902
14.8043
321.695
5.73647
26.8365
126.711
13.8342
93.798
71.5624
450.014
124.201
220.291
14.1557
206.776
171.029
11.5174
17.492
144.105
85.9148
8.55674
160.358
431.835
23.4654
11.9291
11.2749
347.407
97.9032
252.717
398.648
15.5214
12.8787
14.3801
25.9294
188.729
448.239
366.912
11.9036
71.5914
237.647
158.148
367.405
19.231
16.8706
151.468
22.4816
272.863
15.1038
9.13346
333.025
180.869
162.349
76.7066
313.954
19.7622
244.303
251.544
462.614
412.316
154.785
547.982
193.768
11.9246
374.683
15.5442
130.046
135.594
151.371
12.5673
8.48158
116.274
15.3232
145.605
18.6325
13.8201
19.1334
172.861
28.2306
240.928
203.75
18.3467
237.841
10.9809
181.978
169.478
11.185
378.972
446.826
314.534
352.369
424.637
18.4643
18.8888
534.588
252.341
9.09562
475.619
17.7364
15.0887
14.1856
101.775
95.524
254.896
401.426
18.6381
55.8021
268.875
17.6448
253.028
19.3298
123.946
30.1092
34.2308
17.0955
18.0724
190.034
284.443
18.3191
267.863
258.943
314.196
7.49224
135.355
19.2032
14.3745
228.941
102.815
16.6247
31.1042
481.671
317.577
26.16
112.157
326.166
399.578
121.404
19.9137
83.7246
12.2812
15.1355
243.461
170.52
356.127
244.598
525.423
316.58
27.3202
8.88632
52.5762
359.317
190.001
153.274
121.069
86.0842
16.8617
34.6127
201.672
99.9246
169.29
17.2701
12.2139
397.985
264.943
26.7745
245.681
413.944
16.7318
23.3963
20.5916
106.768
17.541
205.854
11.2191
13.7056
217.473
93.8526
18.4566
222.738
176.35
302.853
385.037
452.912
102.75
406.233
123.348
64.7412
16.0863
20.7163
62.904
51.9002
279.223
9.13645
477.408
245.544
243.366
104.486
65.2503
268.921
468.027
126.084
301.064
73.2891
40.0399
514.417
22.3568
223.32
8.40018
279.699
18.7655
16.167
208.802
52.2484
195.34
276.219
327.944
16.6118
422.244
25.9543
16.3865
9.76915
16.1341
18.951
275.642
13.1104
85.9715
166.323
9.0459
9.7938
477.142
7.59133
172.265
137.146
284.685
4.16249
21.1189
229.858
20.7785
23.7847
114.426
518.746
526.169
474.139
11.092
21.7849
52.1061
317.567
188.187
18.0772
46.6119
76.179
5.10985
118.666
73.8281
344.474
292.285
205.087
371.55
27.4951
297.193
37.115
172.407
99.8874
192.195
329.858
309.338
469.605
396.499
30.5785
7.15309
8.80964
27.5094
222.407
21.3962
23.5552
52.7659
518.634
15.6019
16.4167
251.144
182.629
19.0878
74.5378
444.386
10.5878
252.355
16.2059
14.8317
487.604
19.4453
86.5631
15.5144
19.3488
536.318
20.6347
386.006
6.44343
483.051
245.367
15.7194
196.546
23.2353
57.6204
414.567
10.1823
212.946
16.8405
22.5916
8.83742
198.782
556.355
219.095
140.89
112.872
268.796
9.68465
11.4191
364.806
389.086
205.239
258.175
177.469
525.046
395.453
77.8886
16.6016
18.6288
38.0502
336.02
4.98958
21.4031
362.155
36.9376
219.136
179.877
21.1921
34.0518
357.546
12.3026
66.7138
525.313
278.35
195.089
374.779
226.681
362.439
498.999
12.1846
225.556
298.354
73.1538
5.2319
19.4868
20.9094
21.7035
10.7298
223.369
252.645
5.52485
20.5835
7.47816
14.7869
6.33397
143.329
226.682
21.4693
20.619
71.3121
325.777
130.244
28.1396
434.377
256.364
61.9354
145.962
122.221
314.782
20.8925
338.48
12.706
116.293
216.21
104.273
10.872
249.209
88.2789
185.508
342.349
15.5121
12.7459
13.3915
182.021
136.759
365.124
404.841
195.351
58.327
249.217
78.534
22.9994
9.20612
171.371
14.3941
499.681
305.651
452.741
114.338
216.946
256.011
18.3105
11.8441
3.87392
23.2116
351.994
23.7866
159.684
289.551
194.378
14.9119
351.472
362.174
261.638
6.79904
514.804
309.935
28.6351
199.02
206.165
202.763
362.545
72.9084
26.2934
20.1741
100.571
35.1332
514.722
19.3357
212.531
16.4258
154.692
338.582
19.2732
42.0059
166.991
171.428
18.0343
391.295
346.169
19.8759
71.8593
402.063
23.4578
19.8156
241.201
367.208
357.004
239.788
18.6242
128.352
169.096
450.05
274.557
1.82663
541.54
16.5661
16.5991
233.584
333.145
173.025
185.055
460.2
29.9975
563.268
14.8051
13.5203
366.361
22.5671
12.3881
354.187
526.099
339.775
388.695
19.6811
552.117
210.954
117.747
5.48358
350.146
450.895
19.1268
21.06
331.088
114.63
115.66
180.596
159.897
11.3412
10.0508
425.072
7.78575
177.222
223.672
95.6025
6.58189
235.678
12.0405
54.201
63.1039
302.521
247.462
143.904
420.325
345.27
329.56
258.486
363.662
250.89
512.556
108.849
43.1611
131.781
141.314
209.315
234.984
246.468
350.621
69.3525
18.9834
11.3897
117.437
23.5206
19.2637
27.4892
333.46
69.4402
13.8142
21.2773
21.4581
11.2477
513.705
48.297
189.606
9.81571
15.3302
18.0046
88.7082
351.478
249.128
21.8576
333.5
19.6658
19.8943
156.121
116.012
25.5096
28.0163
270.816
297.268
385.05
11.6077
23.8526
406.865
76.1947
4.94964
199.596
96.4289
497.918
17.5312
70.758
37.2452
111.374
19.3431
188.449
384.716
426.262
25.3137
14.3104
127.886
452.296
225.568
14.2729
12.7701
251.866
199.82
249.977
15.8938
14.2647
22.3607
361.875
11.2117
368.098
16.1221
420.801
19.9102
419.296
199.131
143.28
275.953
8.98285
306.885
209.558
445.141
8.3414
491.332
65.4215
450.812
11.6192
88.8688
144.906
347.714
16.5999
242.053
28.3774
293.464
326.291
15.9428
265.56
394.458
329.264
270.854
246.804
19.9304
404.824
17.3718
39.3142
125.612
271.655
20.3329
19.1097
559.952
263.663
182.045
470.575
523.801
457.423
30.5884
209.449
255.248
9.969
5.11386
196.245
137.043
459.761
394.558
23.2958
130.494
83.2416
256.252
16.5886
311.638
514.052
187.299
183.726
80.5563
342.211
179.754
121.56
177.228
15.431
352.228
475.511
309.662
255.359
354.485
82.2809
50.2048
400.062
279.181
65.1019
33.981
351.642
149.501
376.195
9.3359
142.084
19.4984
18.7195
114.92
77.8561
10.5561
18.5162
442.933
92.6543
305.444
10.0751
17.532
552.168
24.8099
9.27724
6.59835
414.258
337.89
20.0246
188.582
50.1595
150.869
487.239
76.3821
14.8179
189.008
101.864
13.244
31.2881
282.289
212.233
407.528
420.906
155.662
368.644
8.01026
12.6749
123.546
4.74908
346.659
16.6274
19.0874
346.374
475.611
9.47554
84.8988
280.103
440.873
23.8557
15.6511
19.7198
462.089
11.3156
21.6709
13.2445
163.531
122.071
235.129
12.9301
122.036
47.8103
553.751
19.5207
539.96
378.252
283.284
69.1244
71.1771
68.5428
15.4056
46.6593
233.961
170.496
84.0171
297.016
206.781
360.699
23.5941
125.01
201.23
59.6165
306.299
96.5781
437.352
367.794
126.898
416.161
183.982
23.9608
163.734
82.9273
38.1114
27.2888
35.722
194.076
285.46
328.96
156.537
151.843
87.2811
19.3145
25.5842
181.445
103.409
367.018
66.7723
251.662
512.337
4.26213
211.306
16.2519
151.273
531.154
14.7987
271.914
143.405
212.87
142.665
27.6129
73.8076
20.6005
204.678
167.858
5.46632
87.5314
412.799
153.713
292.693
10.7366
25.9904
88.5997
50.6054
159.538
209.408
12.6308
17.9799
11.3379
276.016
337.075
443.78
84.9193
177.314
245.855
152.311
368.628
391.274
250.384
18.7198
199.924
118.011
188.622
389.227
172.683
18.2669
451.95
24.35
229.559
266.391
229.401
266.748
122.364
165.469
361.542
313.951
13.358
17.6988
23.9278
55.853
300.88
23.2354
20.2833
17.1332
179.22
17.1282
19.079
17.723
152.257
144.466
16.4742
165.2
117.143
139.952
25.3996
30.2049
17.985
126.06
447.812
6.54227
268.126
357.042
459.88
33.6061
15.6802
7.50769
351.017
212.26
143.388
188.42
20.004
23.5929
171.666
374.485
45.569
81.8575
135.37
28.3625
12.6623
15.9376
15.211
307.696
153.732
24.136
244.526
208.238
431.851
334.915
4.79895
10.7227
533.354
18.7222
192.875
25.8658
138.61
464.692
546.768
31.0713
463.564
113.945
398.831
490.573
16.2889
144.047
170.112
245.595
552.708
22.7347
343.81
119.957
213.314
147.007
539.096
473.536
168.586
22.5526
534.871
150.665
161.12
17.5645
526.743
361.061
437.04
79.8061
272.672
16.0374
228.905
103.771
59.7844
543.375
151.253
17.4294
28.4593
520.374
22.2927
157.532
14.0166
278.091
466.613
222.476
534.241
10.9206
87.9028
18.744
25.0928
363.901
407.729
265.558
239.915
391.518
182.218
71.9418
20.6859
10.4652
208.396
216.619
382.502
38.0631
374.597
473.688
17.7417
76.4332
382.522
385.553
252.866
363.669
464.276
250.918
143.219
18.5308
76.1532
8.76312
133.611
51.148
56.623
195.976
219.332
22.6961
62.5572
15.3724
107.477
16.0412
152.652
288.15
350.674
204.165
8.4916
9.4973
19.6424
284.85
379.162
368.98
17.8302
158.04
346.056
456.495
10.2186
535.376
243.879
82.1167
239.629
11.4827
15.5982
80.0106
205.071
296.964
19.6608
105.415
10.3999
428.055
280.126
10.367
12.8747
437.432
18.6275
22.6476
214.038
143.326
213.259
213.44
5.38976
107.803
17.5025
385.671
22.9844
523.719
103.418
4.97351
20.9235
309.667
130.928
139.201
381.879
31.3121
193.432
184.486
384.4
99.3437
12.6091
344.544
192.808
373.89
102.024
355.787
33.0225
11.3376
438.859
259.926
16.2744
72.435
21.2585
289.838
169.413
21.6707
54.4376
183.991
339.047
460.902
302.445
200.53
553.571
427.532
273.372
16.8414
153.166
58.2563
100.205
10.8131
283.155
12.4767
417.928
6.5714
10.1176
213.979
6.2788
10.1208
20.5379
22.547
403.205
206.373
23.2091
8.90062
142.857
43.1243
233.001
245.654
6.12807
60.1544
102.558
439.503
319.832
491.557
264.364
298.577
154.852
164.544
161.38
130.5
113.485
395.976
15.186
17.755
283.466
347.048
515.546
249.143
354.616
313.025
259.178
13.9826
417.817
13.3294
100.036
10.6205
21.6167
24.1434
19.9619
154.828
16.6235
151.586
119.194
352.454
249.895
308.41
15.2628
136.344
349.431
194.514
408.11
22.4636
22.9632
203.926
433.158
336.254
20.0207
175.072
17.4825
57.8596
360.751
17.5129
444.731
475.07
136.696
434.1
315.901
69.6398
174.706
5.03533
187.009
464.632
137.1
26.3089
10.9952
185.483
8.97309
168.264
176.373
323.158
387.044
405.95
9.12646
229.504
8.13811
13.2045
26.4299
368.833
335.821
259.052
10.7074
22.9533
134.774
190.437
74.6208
14.0056
24.3591
79.5737
332.455
19.341
403.645
262.366
202.068
150.946
363.671
132.208
6.06078
364.743
20.4112
234.309
54.4913
19.5215
6.95947
352.276
291.256
352.748
16.9667
21.6008
316.447
200.248
330.094
299.954
208.268
10.8377
294.299
117.673
111.173
15.7591
229.009
71.3846
79.9113
452.875
143.944
16.2061
13.7991
34.8253
17.8241
541.381
230.957
14.2142
22.1807
82.9238
19.8144
15.3957
246.823
428.208
8.59701
206.191
15.7962
35.1789
363.376
235.919
91.2181
294.521
65.8983
21.5842
17.3086
18.0781
180.416
53.6075
137.639
411.701
18.8155
4.83139
34.232
365.214
441.902
21.732
331.714
19.0887
18.0569
351.85
142.262
12.9006
13.3553
257.645
122.686
12.3561
21.901
283.942
241.54
57.6559
11.7334
555.283
19.7706
213.218
279.573
16.2385
423.345
87.1683
6.54377
4.95825
423.644
256.312
18.0797
444.283
13.4457
77.6621
241.014
322.16
24.496
173.541
32.1378
478.226
121.328
272.733
248.305
292.183
349.239
266.67
402.963
328.637
13.8581
10.5358
179.946
8.15492
165.722
128.342
24.9069
12.7777
221.591
12.6003
9.28246
205.987
99.8822
19.7868
69.6804
122.138
21.8443
14.1858
95.1649
339.185
124.416
301.306
10.4406
507.781
213.478
460.381
231.792
50.6342
409.933
273.529
19.0841
227.633
465.077
266.92
373.536
19.111
357.234
403.479
7.94414
212.757
259.742
471.069
167.51
525.135
86.7356
302.032
19.6168
11.8517
364.731
356.991
42.6552
15.2775
13.5314
176.993
17.5269
36.7497
169.998
107.619
62.898
512.134
10.2718
13.1663
24.3951
19.6119
235.127
16.2641
17.441
20.5279
421.781
30.6224
9.01198
318.641
121.176
328.819
170.835
40.2737
36.0755
304.349
372.24
88.4659
367.93
21.5615
28.2361
36.496
16.4203
2.56794
7.34229
252.521
393.662
22.2878
397.782
13.2024
17.6349
153.841
10.4024
354.362
335.307
346.247
16.7665
34.861
102.654
13.5554
7.7992
352.329
212.454
422.656
5.31324
24.4785
100.314
295.801
17.6836
104.042
352.545
79.8713
483.295
10.1002
16.5113
66.8382
17.3663
406.594
16.2521
171.804
27.0505
107.513
9.61418
84.9982
102.382
347.794
376.649
21.0009
105.858
9.42143
482.202
186.264
25.3302
31.5999
418.075
121.655
11.159
19.4305
209.397
20.8048
12.3508
168.051
416.826
222.783
16.2089
322.46
6.90762
9.88492
21.0592
241.79
122.303
152.739
30.1738
14.181
219.177
250.517
15.0112
10.8392
19.5927
66.2739
21.8265
383.204
10.8401
25.2701
19.6972
264.092
24.0967
108.728
19.5321
197.502
11.3408
20.4061
508.625
254.866
24.3772
376.614
14.2134
27.8635
193.221
269.971
216.51
169.24
225.888
124.577
7.20921
156.198
111.41
244.531
16.211
132.588
6.65166
15.4427
297.74
53.4251
408.403
469.226
175.454
16.0783
53.0122
30.1248
50.6817
373.654
166.216
453.791
108.427
108.559
14.1949
352.132
42.4291
12.3339
220.951
74.7271
109.332
16.6075
205.257
373.304
222.129
9.96495
144.393
233.145
132.36
11.0245
241.017
158.789
198.668
402.597
412.647
54.9893
122.797
444.043
5.12815
3.95234
345.737
10.0519
168.58
313.028
12.5882
68.751
317.344
11.5256
503.014
128.114
64.794
46.4787
63.7237
209.07
67.1007
205.294
462.232
315.96
338.504
14.8827
18.8679
46.7804
384.519
545.712
17.7496
210.738
5.21612
10.5735
19.0756
10.1494
10.7233
167.474
268.9
55.9729
44.0357
31.2516
22.0262
21.3521
10.7026
103.666
311.839
21.3705
258.211
385.776
5.29633
8.67249
17.65
86.4833
31.7827
218.05
8.62315
112.14
298.435
19.4896
192.84
20.7831
102.587
4.30823
16.2882
12.3291
380.884
372.191
43.6127
253.476
382.036
23.7517
384.807
77.0488
308.507
17.0054
253.842
24.2678
386.256
367.781
10.5805
62.8783
9.99939
325.299
289.33
99.639
14.1123
448.44
254.595
522.391
9.99042
117.832
211.12
302.001
175.445
302.127
416.186
463.688
75.8105
16.9087
267.06
216.146
258.902
355.149
235.941
372.566
22.5867
74.027
194.281
299.206
249.472
120.542
287.11
498.817
51.9047
10.6761
4.6762
44.3778
507.737
340.883
112.823
306.968
150.095
81.3951
261.456
19.9359
370.36
105.16
332.314
271.702
342.806
231.06
237.154
21.4766
324.374
80.114
20.0735
19.5039
217.307
15.3612
448.107
38.4229
24.0229
365.708
522.15
26.7131
273.581
434.809
300.038
301.86
225.656
266.112
398.336
501.972
89.8018
8.63298
8.07541
312.116
327.872
387.386
160.737
80.7006
242.399
65.2688
16.3341
377.39
409.541
181.225
493.912
178.227
162.858
561.521
380.591
21.0883
86.9408
402.71
96.9453
10.3596
67.7061
329.225
10.5775
349.074
366.012
443.555
335.299
128.254
7.47957
507.387
74.4867
176.7
371.607
83.618
15.3351
12.5405
33.1107
11.2631
204.486
241.294
241.737
461.157
484.141
18.483
18.3472
276.076
220.673
350.433
14.7091
128.387
192.419
16.3805
15.3193
28.2679
383.081
25.9599
93.3454
128.923
5.76258
300.864
442.307
8.60844
17.3123
297.139
156.007
9.78028
14.0998
23.5135
250.864
17.1287
21.0873
79.4258
481.821
21.6501
14.2124
483.552
9.77462
8.30592
184.201
232.978
18.3749
158.014
510.595
11.7358
3.48092
363.973
125.374
17.676
18.5448
366.414
9.79488
230.179
282.056
203.365
18.3314
391.6
376.725
74.6528
108.605
120.179
30.4465
9.46081
69.4863
93.5455
192.457
18.6252
24.3481
144.637
13.9432
527.882
403.46
37.9192
18.4372
176.988
246.416
12.6727
175.188
79.778
111.501
340.001
62.3209
317.413
22.126
297.357
23.8355
50.434
89.8564
30.895
164.525
164.621
17.6676
459.307
104.575
157.633
318.517
187.808
11.01
274.289
18.8247
544.812
15.0351
344.639
198.593
243.601
18.5054
19.1536
532.175
8.00741
14.2697
94.3231
20.0652
359.169
158.467
21.0783
150.611
437.661
435.87
276.982
21.2
19.6008
5.06422
344.565
20.1001
13.744
227.342
114.18
110.798
324.405
4.89491
18.1868
478.923
14.9816
416.698
281.115
67.8956
409.031
191.523
44.5886
19.9556
407.729
62.5546
84.5699
471.225
234.802
283.314
299.359
24.9528
40.9996
214.56
7.172
16.5828
156.899
151.542
19.218
9.9828
17.0666
89.3696
168.563
25.3112
319.147
62.9114
174.589
11.5036
53.3775
224.267
186.435
15.6084
284.024
17.9733
59.9937
218.782
311.84
25.8294
182.965
119.583
13.1563
388.371
436.999
18.5531
20.3072
257.469
7.75999
9.57738
172.729
302.63
79.0298
239.536
17.7014
24.0799
249.94
439.08
271.854
10.4101
12.0596
336.333
20.383
163.431
193.104
92.3928
10.589
28.5628
339.511
14.4449
17.6478
27.1371
540.018
34.6979
235.016
57.7683
298.841
458.758
20.9107
28.6995
47.5909
311.27
6.66474
365.315
320.867
378.983
279.961
368.275
309.237
194.853
55.9182
155.625
24.1277
20.16
233.703
209.472
8.03707
228.789
101.117
145.323
278.391
128.958
46.4395
27.2047
21.3706
29.897
133.49
271.096
411.917
287.896
6.15684
2.97067
22.6906
10.626
70.7395
182.16
495.955
-0.34294
51.9596
324.102
339.418
186.82
326.347
12.4403
20.5603
139.033
19.7221
70.6027
16.0657
20.8238
344.35
439.172
96.1493
55.9171
482.034
392.716
14.2168
24.0162
440.615
24.1863
22.8473
258.719
258.797
25.5876
433.455
49.505
96.5138
183.784
82.1235
13.3041
21.0837
6.74127
20.8042
34.1355
175.845
424.361
17.1518
5.25204
15.2438
77.6484
254.459
16.331
87.8277
163.21
9.50896
9.09521
11.5289
219.664
8.01203
103.354
14.9867
23.8853
47.2372
10.2798
234.959
33.5663
15.4316
30.8646
85.6975
234.594
348.823
209.509
21.6047
69.7006
7.04275
147.226
481.333
324.383
204.773
169.143
368.182
349.426
68.2487
133.815
20.6425
14.8863
209.316
33.0518
211.3
148.961
27.2428
7.12129
30.8518
21.6013
190.025
235.559
277.802
340.464
12.4938
311.761
337.011
446.635
333.992
15.6979
23.5856
8.81511
59.0648
17.7879
12.28
14.8506
126.437
21.7257
255.38
380.251
461.331
558.806
15.486
85.7792
217.731
81.1158
63.6572
34.256
502.16
167.501
161.841
290.169
14.8202
354.01
190.824
541.432
24.4248
20.4981
23.4906
13.2163
19.0068
151.383
10.944
370.581
170.515
260.011
23.6568
23.4432
8.90314
467.086
432.356
18.7499
385.648
258.389
17.0186
93.1615
268.589
481.075
28.8187
168.283
481.706
15.3487
20.224
15.8446
296.627
19.3587
26.0677
287.019
180.679
461.249
16.0296
17.4839
114.214
24.0287
340.959
301.961
385.933
5.6447
309.238
17.0628
364.616
373.338
376.697
14.5194
10.3058
151.111
7.59917
4.61027
393.548
10.5987
30.2396
8.82115
246.351
14.8383
23.3275
18.1401
208.67
9.34745
19.5677
210.459
335.86
426.088
291.625
391.815
14.283
107.255
112.756
68.0405
443.079
116.414
7.42458
289.41
221.227
18.4939
386.766
17.759
18.8372
23.6441
16.9208
12.7057
419.81
280.888
47.3346
29.2816
267.205
324.843
413.038
23.0581
10.0466
11.2926
22.388
312.22
128.762
145.989
368.939
17.1508
253.046
21.0396
185.38
178.956
19.8815
292.509
289.745
45.5573
8.38633
17.6714
272.456
14.3259
114.583
7.27602
157.0
21.4893
228.814
9.86674
131.172
12.7093
172.032
194.86
169.507
21.792
189.993
11.5536
35.3804
231.729
7.70918
187.934
188.321
16.6716
82.2693
13.3905
13.8674
26.9802
176.646
18.5448
15.6732
29.5354
5.00355
17.6313
36.4943
223.044
244.982
252.881
448.064
129.358
24.075
17.7417
17.3471
105.9
284.596
387.388
484.86
96.6861
15.3108
20.6198
399.463
411.434
33.9827
234.08
214.762
6.93959
347.868
39.2538
12.0237
363.334
12.9873
10.6831
495.394
389.234
20.9397
12.6346
12.5879
26.4829
14.4565
6.46097
184.245
386.055
18.6638
73.1197
179.199
9.9952
58.5396
367.69
440.859
22.7064
162.474
193.056
357.33
55.5531
563.194
14.4077
26.0299
354.936
377.952
11.4274
373.451
542.198
38.4801
325.833
7.03541
249.559
35.6508
44.9036
208.544
192.62
14.159
205.561
282.475
426.822
465.13
382.278
199.782
351.023
182.954
405.453
243.053
154.692
5.85526
64.4004
102.054
11.1042
18.2064
374.889
456.177
241.501
22.3079
227.298
70.3434
388.609
9.78997
23.2667
15.3227
53.8085
123.498
10.8128
296.075
14.1608
195.108
20.3038
146.01
354.852
6.43977
303.317
251.093
405.458
25.7163
90.6453
22.8387
257.255
16.9768
175.766
14.7077
292.167
21.4194
13.9526
159.106
243.549
11.3321
12.4186
344.589
354.587
159.874
154.987
169.072
14.2041
473.03
267.999
144.491
204.35
255.423
287.866
12.4031
286.81
161.623
348.216
476.203
60.5357
376.356
2.22528
90.5798
206.749
388.297
160.645
76.7888
135.721
339.518
277.948
15.974
58.6784
299.524
302.252
58.1773
206.44
173.251
219.731
283.877
514.267
334.248
273.634
181.47
89.3903
74.8241
17.706
195.159
17.9015
193.382
16.7485
70.0352
150.989
74.2865
275.349
307.233
14.7281
263.722
448.367
13.0449
91.3703
408.614
219.946
182.416
6.70817
21.0805
81.946
-90.6473
406.36
12.4508
395.106
23.0014
9.70656
52.0851
410.149
27.2351
25.2975
18.5661
9.11883
451.614
7.68568
352.791
176.236
347.415
405.677
21.4707
238.354
248.756
22.4973
364.977
444.591
185.17
98.9597
125.955
276.143
23.987
7.37552
16.6972
41.7547
317.363
60.3389
300.207
12.7308
33.1114
176.429
10.038
289.714
14.5408
115.763
144.957
409.421
351.85
21.3281
210.501
8.45292
250.7
18.9885
16.2015
171.215
28.9156
449.053
354.607
304.98
313.708
322.836
212.581
17.5744
401.034
126.354
11.6654
91.0788
253.798
19.7165
231.804
503.837
11.2784
33.134
211.477
188.597
117.521
10.4959
311.922
261.395
13.4335
12.4523
13.3441
82.6574
5.77948
88.6253
22.0887
15.5425
313.409
380.313
167.175
23.9026
2.02232
409.689
380.767
100.634
15.7339
205.296
148.175
377.182
387.413
19.4718
188.951
213.702
415.701
59.9059
12.7316
92.8381
10.0567
11.0594
145.517
322.004
168.947
344.872
117.544
394.713
16.2986
14.8064
22.236
41.778
361.031
70.2158
17.2865
123.816
4.43227
14.504
276.148
351.696
372.041
376.728
11.8085
12.6408
361.087
285.773
327.387
22.673
18.4114
151.061
197.948
479.49
16.4234
195.091
34.854
247.909
11.3455
9.29501
194.829
100.059
342.809
285.064
198.406
379.626
171.09
9.16984
424.373
281.422
15.0231
557.321
38.6576
10.4528
12.9375
6.30225
177.362
152.073
110.871
46.9529
16.1846
204.03
11.6987
-380.564
5.21423
427.999
11.7359
32.0966
16.7333
241.547
206.44
24.7755
126.12
135.22
127.297
428.113
17.7574
309.672
6.23954
350.937
340.117
12.7673
22.0547
58.6949
143.868
2.7826
371.64
432.047
379.811
193.933
13.2376
11.8407
362.077
160.286
192.249
124.159
131.591
367.462
15.6838
13.7042
440.853
18.9293
17.6995
93.5275
72.0266
29.7059
269.064
386.921
13.9726
195.379
17.3084
41.8514
20.1023
343.628
489.14
83.5924
31.9149
177.184
39.7785
406.629
253.52
255.726
222.123
42.8999
328.128
365.184
25.0179
92.2721
67.5396
415.65
19.604
395.858
75.0333
65.2594
10.5498
16.1736
313.826
13.0976
55.43
22.4668
22.0041
10.2684
22.7313
16.1774
129.478
355.452
176.341
169.028
317.597
261.195
22.8778
39.425
164.734
10.3601
358.457
15.826
62.8825
364.941
387.986
47.089
247.44
12.1804
9.14532
77.8779
11.4566
154.787
187.961
265.482
272.551
12.4218
264.738
132.169
8.20987
68.1296
231.693
9.90346
470.154
203.613
413.884
321.892
112.216
16.2031
7.28653
96.3237
14.2575
13.4982
201.494
46.8266
9.68094
16.8705
203.22
154.926
352.584
90.7418
512.082
36.4316
22.0817
167.292
119.389
18.5911
20.6656
29.1995
9.88766
199.32
251.03
278.744
29.4744
191.101
14.8524
12.1549
16.0857
388.253
11.5208
558.843
8.06601
336.075
339.205
251.367
14.4985
39.7181
11.6169
230.409
14.5395
291.764
212.362
392.478
16.8222
516.775
9.17088
4.43193
14.128
15.6949
535.315
403.455
363.799
37.7999
23.948
46.6073
331.196
113.299
17.6626
498.262
401.996
229.066
285.998
451.304
308.502
16.6096
188.37
50.6281
76.6854
44.7049
108.453
329.545
3.8614
22.0997
8.82064
19.8181
138.301
380.833
471.757
197.935
284.15
76.2258
12.8172
12.2241
14.5301
319.308
211.079
18.7833
11.1395
113.103
435.937
442.189
275.529
15.9979
15.2148
87.963
134.493
139.435
199.292
10.6192
127.759
88.2315
179.86
329.222
525.589
331.104
203.104
19.6826
53.6915
45.9311
12.4223
307.661
13.7101
14.6688
11.4293
20.2558
219.642
75.0021
206.605
382.123
121.988
195.455
506.389
14.9887
260.456
20.1192
263.28
199.686
194.631
12.411
5.24992
96.9579
344.358
258.713
274.702
412.531
15.0556
256.897
64.0339
21.8396
487.137
175.661
9.34856
134.837
31.7542
152.079
236.942
23.5861
13.4101
18.8933
472.793
24.0227
18.6489
199.094
147.911
9.90648
40.2884
18.471
361.778
62.2241
157.236
22.557
116.211
14.7077
254.496
392.756
164.34
11.4137
19.6448
267.534
4.57849
269.655
17.8918
361.8
11.6019
58.8136
368.999
16.1909
368.446
560.73
295.019
319.644
131.701
241.085
21.2595
255.903
298.993
279.135
61.4363
26.9909
261.875
209.977
19.4638
141.091
144.662
6.83628
60.8576
46.8068
339.577
383.709
13.6263
4.66644
496.468
251.067
565.001
27.8156
172.41
14.5976
225.494
381.843
361.953
20.5265
349.073
344.283
253.315
492.363
332.956
8.84727
8.69707
23.6246
381.371
37.1614
448.593
16.8554
252.414
174.283
228.732
352.373
549.194
8.75678
153.34
250.148
109.855
304.596
337.173
267.722
89.3305
59.9161
11.793
197.906
54.2367
392.55
9.21449
295.813
20.2901
17.9989
138.893
326.911
185.415
119.762
237.903
241.002
231.601
40.0623
209.491
166.26
9.35838
375.328
97.4364
205.325
75.2687
92.4681
4.63867
226.442
245.522
19.9898
423.508
21.0107
19.9868
175.377
466.42
247.984
454.386
109.957
14.6334
321.854
21.3417
316.976
558.953
17.4638
339.088
234.094
290.691
121.369
15.15
19.2548
119.097
305.616
332.839
79.3525
487.063
301.398
410.228
85.371
378.193
252.949
121.876
14.5556
505.56
191.233
209.398
410.695
266.067
245.602
14.2714
123.189
211.286
12.3434
21.6645
436.207
13.6396
128.149
362.411
116.151
3.94203
237.077
236.209
211.101
97.7344
488.293
171.922
17.3628
234.938
25.097
163.603
13.8533
17.8425
556.32
12.1051
343.208
241.287
374.897
219.162
298.954
16.0374
288.597
62.7543
241.617
271.456
18.088
251.951
293.399
5.07652
31.0855
106.931
14.5237
44.3322
304.031
167.961
21.9395
26.583
330.699
402.586
19.7647
259.774
23.4466
23.5772
10.4031
124.789
480.759
120.247
10.7986
22.4519
9.08711
121.327
14.4314
523.196
499.26
8.85277
151.637
39.9131
22.3731
91.6178
18.9511
20.1405
317.63
386.491
17.4888
9.64991
12.7864
155.84
12.4625
362.832
493.572
135.944
10.8424
39.741
227.483
485.401
357.551
17.8935
180.535
16.5656
17.2218
391.144
301.994
14.194
112.547
18.769
536.846
15.3217
19.3285
20.6633
182.719
411.05
20.6678
128.719
174.983
216.624
118.411
3.25489
10.9503
13.7301
282.136
19.6224
11.4989
17.8778
203.771
194.928
7.25366
7.98735
477.328
296.068
65.7605
264.879
24.4138
245.54
345.727
14.8895
196.182
278.736
121.034
8.80012
363.518
290.756
14.1219
162.86
407.544
266.964
11.9513
24.5539
15.0417
482.367
105.359
14.3558
432.252
399.455
255.884
226.846
14.7237
350.934
278.059
16.7087
77.1695
9.563
487.109
27.1343
8.48978
107.21
271.146
16.9508
105.631
98.129
204.024
167.952
4.94515
18.8008
19.6737
19.184
548.606
18.0971
176.732
396.197
6.14784
144.02
437.312
296.965
4.96485
52.183
345.824
23.1107
359.176
187.405
533.562
11.6634
114.356
389.367
123.681
371.284
264.766
29.7972
26.7609
14.332
290.011
113.379
191.582
205.236
5.17637
74.5749
38.8124
52.001
18.877
21.4026
530.964
40.0606
13.1523
17.5665
79.6019
19.1612
356.046
24.2136
19.7612
4.93936
5.75064
11.4374
450.283
346.704
10.7307
19.6456
96.1129
397.81
241.464
274.396
95.5852
240.247
116.968
201.749
249.592
27.6225
187.224
381.626
20.6652
320.8
470.514
368.152
198.427
9.3817
269.642
283.582
19.3246
39.9379
392.895
28.2242
442.646
360.895
205.651
67.6394
23.3097
8.72043
280.265
355.92
23.6075
470.553
83.9015
243.034
282.116
21.2374
5.86163
14.7923
225.913
17.4915
473.819
154.614
471.936
18.2395
441.83
156.476
18.0976
253.3
79.9622
329.799
362.864
20.219
305.561
19.4615
330.804
119.51
241.612
21.5846
205.281
271.915
145.751
7.15223
24.3128
19.9886
10.7618
425.206
229.947
21.8577
78.4086
211.03
176.854
29.3818
22.5196
245.888
444.655
21.1535
15.3993
26.2094
144.911
14.3914
407.864
48.905
14.0714
11.2226
439.554
22.7655
211.274
16.5918
157.914
108.355
131.29
23.1035
17.0715
80.5089
7.48284
5.80387
429.252
12.686
22.5659
192.546
267.476
92.8911
533.125
167.486
54.7224
10.5734
10.6561
12.8611
9.19736
6.96375
203.675
16.9756
226.1
267.953
519.821
566.505
329.428
18.7291
172.785
187.495
434.826
20.1198
4.50226
67.9492
385.47
180.93
474.317
9.68534
202.677
478.963
22.1154
78.0497
61.4152
4.91534
190.579
436.411
13.4268
292.706
31.994
13.4294
132.589
201.616
447.104
11.7294
24.4237
177.239
460.813
299.237
357.213
18.5068
95.425
88.0895
578.404
56.117
8.72754
273.051
20.2665
456.678
181.012
203.491
230.599
34.7685
117.103
33.07
23.9072
517.847
57.5573
15.5052
19.4646
128.701
30.8514
140.316
535.568
182.641
106.5
39.4055
208.259
23.3847
473.62
344.477
6.83197
5.18966
324.683
130.268
97.6052
147.829
178.045
20.0499
222.591
171.712
4.97909
116.012
45.4237
11.0802
38.7095
13.7108
10.1063
385.093
30.2526
155.58
284.476
128.829
227.974
403.781
165.02
276.357
16.0254
201.169
21.518
226.598
303.003
16.4309
280.609
95.7444
179.955
254.344
17.4949
259.982
377.684
201.668
36.9092
183.381
85.3864
123.086
234.104
410.095
113.652
14.2859
269.603
266.087
21.8779
227.603
108.003
18.8746
363.119
31.8868
479.194
30.5702
17.1228
294.432
450.855
454.401
17.2324
428.18
281.876
319.148
241.134
5.67917
9.54255
128.768
17.0356
158.99
237.38
143.021
65.6595
168.634
21.7502
244.854
250.014
15.447
132.852
21.6995
29.3705
14.4587
150.319
351.736
23.4606
13.7776
71.0052
249.278
223.648
56.5082
16.4256
39.7317
456.827
276.014
211.305
120.285
9.69732
17.8769
251.512
18.9911
363.236
222.142
33.7198
258.678
10.1828
288.107
414.967
81.1933
411.993
23.158
271.513
20.1835
4.87758
346.372
255.288
19.3285
383.186
19.9184
11.1107
370.265
185.899
15.8534
10.3171
16.12
16.6745
10.3889
162.458
9.62026
28.073
17.5337
9.1288
210.331
93.4873
4.01829
340.185
11.544
20.4184
258.579
75.6546
373.238
78.9035
20.9674
466.325
78.5146
158.373
300.654
17.3756
103.625
19.479
379.07
69.9411
11.7861
189.557
265.62
329.269
188.123
78.0113
339.352
24.3249
12.8804
515.735
10.9136
162.033
11.1359
29.9582
39.5918
94.753
16.742
433.065
535.438
207.056
289.583
407.13
208.259
9.49214
8.92252
26.494
11.9275
17.2705
339.98
364.343
21.3909
16.9621
9.00776
468.299
11.1432
11.0409
442.83
184.641
14.5193
237.509
355.433
285.0
20.2863
106.482
22.3568
24.0988
13.0621
256.56
16.516
21.4947
386.345
337.18
14.3628
493.477
316.041
109.769
169.422
243.714
361.159
126.457
8.99635
109.454
357.11
368.154
171.473
140.039
134.975
507.668
160.117
59.3733
330.52
265.035
17.3912
136.836
145.355
461.69
361.912
9.9795
102.724
336.825
508.637
9.38057
260.786
15.8831
18.7113
48.6141
559.928
420.738
20.7699
73.2657
170.234
14.6131
24.3199
10.7361
180.354
394.042
86.8772
56.0779
342.349
438.019
180.058
16.4246
245.761
61.5838
397.278
102.154
20.1075
6.19385
13.8343
250.132
270.868
448.285
9.22137
356.211
200.018
16.5663
334.581
16.6615
432.059
424.16
119.296
5.74388
361.997
21.173
75.649
399.859
18.1203
42.7364
154.526
386.417
392.647
17.4474
22.2311
205.628
258.003
402.529
20.6177
23.0465
199.703
239.045
20.1031
360.939
345.092
377.239
230.686
233.615
22.8307
369.026
251.388
121.039
21.2387
344.128
307.837
277.218
324.348
15.5894
151.375
138.811
19.3532
100.15
21.0851
19.386
375.166
265.43
26.2449
279.363
151.619
49.8207
17.1443
18.9523
159.163
47.9845
149.466
10.0584
151.252
215.504
93.5333
18.9983
294.126
266.828
146.747
311.028
11.9771
24.9402
77.5963
80.6435
285.414
133.823
406.452
500.953
247.547
23.3722
9.84515
25.9617
21.7096
76.9763
18.3303
382.144
245.098
73.9029
174.771
374.988
10.6865
325.699
8.59255
401.057
343.569
8.47208
387.475
236.602
178.487
15.13
61.3464
22.7507
149.498
145.609
232.514
185.562
7.95004
371.351
167.89
208.129
26.6927
10.5805
35.0321
154.156
117.108
22.3817
62.992
44.4326
26.8816
10.9056
91.929
364.308
22.2392
95.7555
11.1655
82.6834
406.223
265.549
21.5459
352.976
16.8005
341.113
22.104
447.371
28.8188
14.0525
429.01
408.051
107.785
267.439
287.399
169.474
206.363
17.5183
315.115
11.9832
489.655
418.377
21.366
62.8298
454.673
19.9036
313.548
7.98486
11.3085
363.207
9.04106
22.5022
11.5536
272.46
293.752
9.79883
337.642
248.942
495.884
127.466
30.0509
95.5686
95.7701
299.347
26.4931
34.0132
23.4381
182.138
9.85576
18.0832
44.3827
112.3
20.6461
247.342
289.802
538.246
271.679
10.9916
198.689
13.6352
20.9141
123.513
9.46225
243.117
297.037
256.956
224.429
25.3398
20.7768
23.6702
335.55
440.69
16.2138
13.4951
27.0772
317.952
84.4437
21.4909
23.0446
101.414
240.37
17.8714
38.4633
187.657
178.303
495.365
495.476
10.1077
371.42
204.264
227.991
532.444
16.3139
28.9994
65.7413
8.22078
441.843
381.576
278.64
359.495
43.4628
522.705
21.7362
52.4498
215.935
177.585
17.12
21.8052
84.2783
14.0827
22.6488
17.7411
6.75668
58.9494
162.868
10.6208
55.4909
301.528
330.565
271.657
30.0382
198.504
273.266
199.056
5.74676
510.269
322.934
376.264
194.87
123.652
32.8994
335.546
16.6854
207.297
18.8468
9.83744
33.5261
23.7501
303.544
233.982
46.0099
17.9361
69.3175
79.928
385.655
291.81
128.07
9.85734
380.863
22.7591
38.6525
124.772
332.603
468.466
18.6922
20.7643
92.4333
238.576
207.249
221.882
27.3017
16.0276
336.484
24.252
389.477
236.308
25.7328
71.4223
356.31
15.8211
5.72025
253.961
193.622
16.0306
294.345
245.03
288.166
74.688
5.52415
39.7459
180.842
303.989
165.587
354.299
9.64441
51.3236
345.91
453.31
96.3184
32.6407
16.6325
9.83183
159.931
484.065
101.777
18.0454
22.6624
281.322
362.331
266.016
19.3697
114.062
29.903
176.793
331.454
8.56641
9.92842
335.334
100.575
319.092
128.028
293.926
258.969
77.8165
25.7642
14.1814
17.9553
9.99283
4.66805
11.1037
166.289
129.835
14.1643
292.967
116.994
122.987
292.515
6.37528
5.41767
264.219
29.112
384.573
164.674
244.962
16.6957
9.5358
9.98154
380.175
224.478
21.6614
24.9965
78.4839
126.574
414.712
533.407
431.454
249.394
16.4934
14.0285
12.0139
242.967
196.632
171.632
248.219
221.285
24.6502
5.51935
199.424
188.946
249.747
22.5355
19.411
153.15
20.6027
143.032
380.256
259.949
244.855
496.198
170.626
322.947
487.051
111.46
270.701
208.992
30.2977
20.2497
263.028
53.6444
19.8651
525.258
27.8307
245.571
65.8012
20.9272
40.2672
9.4115
232.671
230.275
48.3601
80.9785
258.34
350.392
16.1037
19.5588
434.391
405.167
10.7681
14.5454
18.3962
555.574
129.592
25.4686
9.53908
311.752
99.9821
16.4174
138.959
9.47551
256.465
467.492
176.015
332.364
12.8553
48.2698
446.612
20.8613
285.617
252.157
322.703
16.465
18.8226
10.2498
14.087
10.9587
3.45739
337.107
102.521
108.197
210.011
239.733
312.476
168.976
435.833
14.8619
10.238
23.8433
9.44378
586.852
12.0111
237.974
236.151
17.5055
409.528
75.6084
11.7258
79.0093
256.133
217.067
300.826
347.822
552.092
23.1145
215.343
208.106
358.156
274.801
451.876
131.126
139.113
113.197
442.042
7.14615
279.206
9.18111
330.339
220.823
333.02
442.909
53.4183
22.4448
29.2144
250.457
404.548
64.2572
172.083
19.1335
318.088
10.0582
6.48683
22.1398
12.2091
19.4838
235.207
8.92217
439.89
177.313
33.8403
17.7277
20.5144
11.3907
411.91
19.6921
20.359
220.48
23.5139
303.968
425.633
341.963
115.092
86.6054
22.1246
170.375
16.9922
300.449
403.651
425.772
235.134
20.4261
20.7473
399.476
22.9461
16.4391
19.8312
18.2091
14.4539
378.793
330.376
19.3169
136.11
4.36569
37.2036
15.6428
15.258
161.448
156.632
361.49
218.009
397.567
17.2154
13.7347
218.405
293.317
21.6438
284.29
318.284
20.9497
17.8752
5.23068
14.8934
175.232
175.084
14.874
14.5997
309.553
16.2178
299.05
17.5473
347.417
19.0186
284.441
391.521
136.56
12.0791
24.8474
368.977
87.4749
94.8861
375.104
55.6856
16.9145
136.03
35.3157
11.7986
15.1955
177.239
10.0063
381.124
210.596
196.035
16.5293
315.761
254.475
11.393
159.027
19.9328
93.1437
141.177
352.918
203.904
296.097
518.962
16.7325
324.325
364.504
13.4346
220.195
272.127
23.0003
30.3002
303.506
17.4773
100.486
110.381
182.394
368.46
23.38
145.345
22.6792
16.8821
20.9001
235.722
294.896
7.43043
148.227
22.6011
262.931
10.0194
21.6225
9.89384
186.981
21.6701
255.786
7.65483
22.4358
310.492
26.2491
204.957
151.102
15.7281
384.519
490.386
17.9483
22.7973
352.891
423.373
516.465
338.705
17.6232
323.191
29.1802
197.308
326.208
439.245
24.0778
14.7209
213.483
383.152
344.51
18.1203
11.4223
85.6901
166.08
68.3769
231.204
103.708
32.2528
200.094
19.7146
312.841
140.607
85.5249
101.535
393.782
14.0958
31.4706
16.8556
263.925
360.488
197.363
103.539
79.9223
16.8542
194.385
49.0797
325.617
21.0942
7.44428
237.213
297.731
12.9942
450.256
136.969
4.96439
249.827
18.3831
200.201
22.6606
20.4223
21.4422
9.4956
19.2155
5.2283
246.176
175.767
155.125
248.222
16.6809
11.7843
171.288
376.392
17.5048
14.8498
10.0327
-8.41365
21.7309
412.31
22.4527
20.7164
16.4572
358.557
12.52
23.1173
185.536
14.8776
138.113
63.61
182.659
16.7113
384.038
115.128
252.091
220.923
9.62102
565.858
56.7768
100.193
511.134
65.2094
7.51661
323.748
11.3659
13.3697
25.71
321.036
24.2685
20.5458
378.619
303.46
508.689
93.0168
116.22
10.0669
41.8324
302.895
14.6801
21.1349
53.0479
464.991
550.513
78.2656
26.7483
482.454
5.21675
242.961
19.1165
401.519
483.026
16.1422
156.924
20.7662
359.823
527.781
11.6164
21.1089
16.5607
193.263
74.9297
473.396
449.159
260.749
10.4837
19.5269
17.0709
318.396
253.547
29.0766
9.92383
20.9728
209.654
327.364
117.219
6.22994
244.717
348.434
200.002
440.485
76.4993
19.2469
235.591
351.776
12.981
450.94
10.7042
176.543
378.882
359.459
19.0537
50.3028
27.3803
428.192
290.01
268.476
198.107
16.5051
277.13
171.773
555.229
11.6363
24.538
34.2716
241.395
202.204
112.996
236.077
183.033
299.982
16.4378
244.754
206.69
381.164
291.457
495.835
83.702
9.14901
369.183
306.32
246.381
8.63458
204.054
124.614
172.702
206.184
11.7723
211.437
264.429
440.648
192.225
21.7582
135.693
205.526
23.7609
23.6428
14.8388
118.615
82.9782
334.976
21.5382
581.067
18.0329
262.54
173.73
322.974
83.7449
266.424
18.3645
205.68
357.717
159.893
444.996
15.3812
386.646
352.417
66.3818
18.7951
82.727
108.079
77.8353
194.563
250.41
14.9487
37.3719
289.006
459.318
174.297
378.01
9.72495
12.8676
137.71
536.457
33.5068
21.4127
49.9235
11.6017
229.197
24.7647
17.9252
218.028
203.222
6.69399
6.95264
545.953
26.6261
194.733
164.918
306.267
149.116
308.997
319.804
14.4634
238.792
171.235
67.0672
167.534
443.365
467.06
19.8944
358.657
138.591
16.5841
310.948
542.326
404.176
367.223
322.922
8.87758
282.281
325.884
205.6
131.27
21.2586
38.7142
16.5099
39.8054
150.63
331.713
237.646
236.887
146.19
19.4428
17.9494
21.2879
204.67
18.9903
30.5734
174.549
200.253
68.1108
15.6168
24.7412
23.2984
133.422
500.421
287.963
10.676
414.628
12.0339
184.163
337.347
348.121
25.9865
19.1553
469.807
164.073
133.939
19.4228
223.112
161.908
27.2519
375.382
350.58
470.212
49.5512
271.395
16.7577
321.145
30.3458
330.363
431.658
111.918
5.71797
374.389
522.004
258.465
5.84132
22.7872
281.685
431.264
20.4347
248.505
370.447
8.24428
205.48
167.656
120.168
21.8806
9.30028
8.12821
31.563
293.829
10.8925
297.6
22.0144
131.074
178.699
41.2214
17.0746
57.2427
320.133
202.09
134.95
20.3292
112.638
339.914
389.373
538.769
114.283
369.657
166.881
15.8913
403.92
7.40609
239.533
398.965
12.0422
21.0048
367.94
21.7713
22.3039
384.427
15.3919
374.229
114.426
19.0623
363.231
13.3129
314.172
115.198
16.0647
17.0303
102.907
244.879
7.83057
13.1682
484.231
76.8598
249.437
150.847
24.3484
149.197
34.0005
296.935
9.19237
366.432
40.3677
153.888
139.356
24.3469
240.279
181.364
331.292
482.099
136.273
356.044
414.993
229.388
7.61843
288.287
236.21
16.2576
14.7619
280.98
187.702
4.76501
120.72
190.896
26.4967
260.415
99.458
109.65
356.041
5.67518
404.0
17.323
14.5415
27.7039
13.8961
21.7219
13.2799
207.207
320.259
16.497
233.662
197.741
20.5147
59.9586
443.014
21.6848
401.105
10.7585
58.3075
235.7
13.168
414.069
510.197
266.555
13.5582
99.025
80.6364
439.578
11.1273
84.6424
56.7127
147.473
24.9534
247.257
304.277
9.54487
57.5733
17.2532
101.18
466.09
246.579
256.049
14.1363
17.3962
460.104
25.052
152.503
344.868
121.206
177.704
15.9022
14.1844
154.415
224.284
26.8331
482.43
157.534
15.0414
26.5998
18.9146
20.5477
231.633
179.679
17.803
168.626
36.8629
53.7116
319.474
248.315
382.855
256.253
18.276
327.09
41.895
55.4841
29.2489
135.239
285.46
136.551
219.729
21.9815
307.066
18.1207
257.567
106.216
10.6513
171.157
21.9805
122.186
171.347
399.64
27.1126
171.457
13.2016
39.1017
10.5295
18.2553
167.455
18.4273
65.0035
54.7885
19.4178
17.8786
303.469
8.84332
28.6789
248.636
376.087
16.8093
346.339
91.6
252.477
437.338
23.8788
16.3359
12.5612
68.1889
8.51599
65.6025
296.719
84.4726
19.3431
22.0143
480.352
505.22
428.372
109.542
235.704
61.8649
4.60846
220.471
172.197
258.25
340.079
12.2394
421.684
9.54276
327.534
50.5945
243.715
99.1208
315.079
2.51122
6.84765
27.4454
136.602
225.631
21.5085
86.072
280.387
92.7006
228.851
17.4479
319.662
114.859
280.786
8.97267
274.945
19.4047
379.415
233.407
228.804
353.352
14.7916
111.847
79.8468
22.337
178.444
254.506
156.423
347.312
-4.68305
442.541
45.9303
19.185
229.236
27.552
103.264
257.284
18.7249
25.3681
22.3323
385.75
80.2919
151.649
355.204
431.592
228.948
22.3142
11.5068
252.476
19.9624
20.6367
349.157
20.0469
10.0105
246.71
14.9782
239.799
227.042
52.7612
77.7685
10.5614
19.8531
9.76503
16.8854
4.47431
341.012
349.937
252.316
17.556
6.03102
29.8518
15.4547
146.474
17.8465
76.4531
202.835
195.385
17.8749
367.587
481.419
10.1376
386.207
78.0845
13.8731
323.34
21.2487
24.2661
41.2606
167.616
19.3373
13.9219
83.6066
63.8053
436.796
161.381
5.3862
149.591
21.3494
63.3936
223.418
498.488
338.409
160.674
114.627
463.463
170.906
22.4933
139.494
18.901
8.84533
7.25883
33.7293
393.656
212.89
165.975
47.6398
11.9811
406.665
11.161
18.6372
209.569
461.926
387.097
8.87931
233.785
346.206
332.699
9.9938
10.2726
295.263
361.764
323.162
252.378
10.2205
304.179
20.384
66.5612
10.0038
138.321
293.702
554.898
18.3133
129.635
366.634
161.948
17.5672
383.763
320.752
515.785
24.5361
311.725
361.54
174.905
53.7875
20.2809
59.7535
84.6768
287.561
117.536
227.815
159.687
268.673
231.275
200.464
152.005
353.259
389.292
346.991
203.352
101.186
28.4451
18.1683
216.102
16.3678
17.7451
12.5617
169.784
10.9692
336.799
255.195
272.375
92.5706
10.6034
224.574
6.69586
126.526
10.034
476.948
17.5462
18.6516
54.7135
76.1362
11.6746
17.023
17.9419
243.061
233.63
157.853
11.8375
272.173
231.868
22.4503
249.933
20.7372
484.674
113.475
5.30124
137.638
207.814
305.42
13.6353
74.8032
88.7258
211.849
7.61451
23.5165
540.194
30.9123
480.292
283.859
36.5079
361.337
17.2013
312.757
16.5172
79.0643
4.43002
327.705
16.5764
272.004
21.7684
12.9688
466.242
239.159
29.173
38.5465
321.536
404.71
308.064
329.971
290.03
6.66138
165.858
191.841
269.063
99.3056
128.368
18.3489
287.396
190.473
511.317
147.739
316.356
30.6014
197.92
297.364
9.93119
251.486
337.68
99.2235
330.117
350.841
8.31502
383.799
19.2295
146.094
337.625
148.12
159.464
82.1028
145.516
67.3253
256.033
213.922
12.3965
159.515
216.02
19.5144
207.344
244.201
48.4136
1.7501
363.8
336.642
67.0918
57.5729
15.5673
372.668
438.467
16.7986
96.5125
6.51868
70.4029
117.454
119.842
29.6842
14.0635
218.182
46.9788
332.836
365.24
14.0615
45.516
163.076
423.04
291.823
76.4806
75.2843
350.461
19.152
26.4338
12.4446
13.4224
12.5227
242.451
20.8645
53.1121
263.833
9.63238
13.7457
15.9205
473.381
103.032
409.231
372.515
48.5564
5.45287
20.8008
226.048
275.534
11.7026
10.0518
18.6863
27.4549
8.98109
10.2605
95.342
152.253
27.9675
271.073
7.865
206.453
383.059
345.496
24.0394
538.064
311.819
7.11116
61.2749
261.616
343.22
19.1509
534.925
60.5142
385.152
4.95896
27.7477
52.1138
19.4861
18.8285
115.285
157.754
142.254
180.778
114.418
18.3425
363.163
19.8265
55.8002
243.005
113.403
141.257
23.479
347.096
339.409
497.059
492.313
19.1304
159.075
248.903
20.1747
94.2815
154.68
231.896
406.518
227.83
304.27
475.449
43.3624
198.434
168.13
126.367
14.5177
21.1574
20.1347
32.7876
265.706
539.907
231.61
55.956
166.97
19.7138
102.163
9.60643
391.511
317.216
418.935
250.12
18.4425
390.158
171.915
21.248
347.298
241.534
24.4635
503.121
165.236
155.931
201.917
371.463
16.1518
360.302
170.27
12.964
63.9144
18.4526
363.639
17.7994
234.243
421.687
33.6362
22.3942
64.687
123.02
286.073
516.75
501.344
18.2027
10.4316
12.0206
18.9466
10.3441
156.306
162.857
266.266
19.8558
19.0962
38.5294
114.933
554.842
16.1601
22.5281
16.0865
4.78515
17.9866
408.318
210.026
99.1162
99.7648
22.9807
22.1257
309.092
31.123
15.1255
86.022
492.216
10.0654
8.47173
13.9197
191.124
218.668
428.865
274.922
345.842
10.0028
371.826
148.645
7.38155
29.6447
464.286
219.352
392.532
62.0801
41.1654
135.396
233.078
215.639
409.341
330.307
97.6735
345.724
313.495
136.329
8.65921
103.073
199.978
155.499
10.7922
21.0488
9.08831
438.27
402.318
352.068
364.302
195.416
21.93
176.032
347.457
253.87
406.826
344.067
362.334
401.864
6.74716
321.915
135.922
14.9375
331.06
22.1777
13.221
489.786
18.8691
9.09414
171.249
462.358
72.1809
11.3879
20.1489
443.432
15.7676
386.936
135.705
284.165
22.2906
24.5855
52.7637
15.083
107.343
22.8446
127.964
41.7638
9.86487
18.6741
18.5703
11.4477
484.471
218.313
370.93
22.7298
14.5394
192.05
369.996
21.9226
501.227
159.967
283.818
264.626
24.413
19.5433
541.768
191.377
369.111
242.416
12.0103
32.8687
489.853
368.982
110.729
195.924
18.4598
104.39
19.1704
573.388
23.6967
507.906
176.931
8.15407
65.2549
14.079
115.545
17.73
16.9884
213.983
37.705
87.0022
21.2718
9.29844
343.383
14.8075
325.498
308.241
402.201
272.832
366.321
100.473
251.573
14.5932
78.2673
11.4025
208.468
171.673
9.52105
123.071
19.112
33.256
26.096
13.9957
517.754
268.612
490.157
251.183
21.0305
10.9245
364.063
550.319
22.8897
363.711
149.135
366.82
16.5764
15.1399
57.0888
17.9381
134.498
9.7262
166.424
277.033
372.428
411.412
387.54
19.2488
316.067
36.3215
145.841
23.4752
207.855
19.9113
157.856
17.5583
409.997
87.7337
479.478
51.067
347.207
264.613
108.574
303.815
238.311
12.8776
162.236
104.006
406.548
324.264
21.6558
395.749
30.1622
15.1898
378.15
311.681
459.175
262.344
406.875
21.9958
131.478
227.784
150.197
158.454
17.4861
226.305
230.535
17.2805
27.6118
265.153
18.9544
241.413
11.6307
131.604
188.275
503.935
78.1737
100.891
268.096
232.148
439.367
22.3738
318.786
341.345
8.23957
219.787
445.55
186.692
7.75983
6.69158
31.8813
33.3926
6.1102
332.607
199.359
9.44593
443.17
305.327
13.7753
350.248
97.9696
567.256
467.389
17.2216
223.757
57.415
22.0872
167.936
463.9
240.345
158.403
25.2445
402.239
6.05314
152.252
223.579
74.233
19.0286
240.163
15.0025
21.0787
203.852
453.314
13.6781
549.757
411.654
228.057
282.055
243.757
383.138
17.9601
16.7371
17.8873
266.84
294.363
332.656
439.31
19.2244
157.78
15.3478
337.783
19.6556
117.733
138.363
280.325
21.8596
23.151
18.8348
22.3485
254.639
17.4848
422.378
237.787
528.635
14.6693
46.4206
301.03
64.0286
10.8575
10.7641
75.5598
490.59
361.754
212.743
433.785
17.3524
31.2045
151.321
131.542
333.932
88.3045
190.391
339.645
15.882
18.3994
177.175
72.3925
156.68
170.484
22.7854
10.2774
26.6015
396.966
247.091
92.964
21.6819
166.001
19.0069
276.753
26.6631
483.875
51.3999
16.3934
20.9621
425.838
371.884
125.869
10.1748
375.369
18.1587
181.051
295.195
133.399
17.5455
252.753
464.64
141.606
509.902
125.653
9.61401
198.825
295.091
14.3966
140.006
405.646
17.5605
22.4278
4.52599
183.274
23.9873
179.577
225.108
10.2011
17.7615
277.777
62.9422
22.1996
12.5331
19.1726
16.418
177.181
7.36628
7.94412
254.696
289.206
14.1369
152.691
280.63
18.095
334.415
390.076
548.812
304.594
12.1484
128.877
9.24092
264.777
160.625
5.10682
35.7995
41.3496
19.2587
71.5534
167.575
524.7
167.012
388.043
10.18
235.138
283.012
345.511
6.56107
10.798
8.34285
22.3512
17.0396
11.8491
12.543
357.003
16.0954
107.938
47.033
330.11
409.329
13.0736
219.637
77.1349
440.39
17.2873
22.9771
14.805
261.832
492.653
116.084
40.2854
33.4621
413.477
159.329
118.119
342.388
74.4391
246.654
486.71
209.645
8.78576
228.442
12.0604
202.821
214.702
40.5558
129.5
83.1363
16.6008
34.8109
449.057
108.866
189.987
245.429
23.6276
195.54
380.013
328.908
8.08614
90.0482
74.5978
404.457
106.267
184.004
156.91
270.388
19.028
228.895
176.12
378.144
11.2803
106.052
133.506
64.1435
356.799
22.2637
97.5195
129.199
9.30448
392.657
155.037
20.7661
362.297
12.5806
102.8
526.385
20.9608
89.3573
411.28
270.038
239.121
18.448
443.637
176.75
384.482
220.574
14.1959
74.7042
125.793
254.932
18.6328
361.229
18.1277
17.683
4.78861
14.2261
81.2747
8.08195
357.337
22.7098
101.887
84.0819
2.26494
209.058
179.413
9.19549
18.6828
59.7029
18.3752
345.118
210.918
231.255
389.021
22.6568
270.708
426.06
8.90847
304.714
408.642
326.558
34.7657
172.9
166.06
55.8335
245.794
20.6083
232.935
94.197
19.1817
488.527
17.9002
220.415
157.472
425.781
517.668
394.411
19.0091
361.822
405.84
539.395
303.115
293.643
366.87
17.6493
298.747
26.4648
228.434
18.2839
236.252
353.452
16.6755
14.972
18.8966
26.5361
164.934
204.306
144.85
285.495
247.464
83.4815
146.288
8.75855
266.438
306.879
17.5696
240.745
295.426
158.305
142.23
258.024
13.9037
382.674
192.178
55.9736
10.7289
390.998
205.743
591.028
205.974
63.3079
15.0633
156.296
11.5186
6.56486
21.8528
23.1045
15.9941
16.8058
21.4477
19.1063
336.439
145.622
48.364
20.058
558.865
81.0751
17.9222
324.195
508.299
17.3158
12.8567
310.584
20.6264
517.976
165.523
437.125
442.421
358.045
18.1879
315.234
179.636
28.04
249.938
75.4101
62.6536
10.1705
13.6267
76.856
22.9855
302.454
138.083
22.8287
208.392
19.8887
13.282
7.54655
21.9516
15.9211
149.273
75.6409
370.901
88.7951
87.6974
252.16
450.382
21.2517
19.5371
77.9252
135.508
16.8391
389.182
413.305
155.213
9.00025
247.875
313.73
9.79518
21.0968
20.3636
13.4765
17.6259
118.121
17.2169
16.8153
45.792
181.168
18.6656
398.506
62.4218
9.98265
74.0797
240.854
19.5365
139.84
202.307
121.165
17.9878
21.9727
22.7989
11.7888
177.689
20.7518
9.83612
20.0129
136.315
356.537
185.835
305.715
445.963
303.089
298.988
10.8599
281.404
401.429
285.519
327.331
167.753
8.44225
438.037
161.697
6.32801
20.0819
364.353
130.182
332.181
151.875
79.1414
4.60962
348.576
432.681
164.588
15.7732
317.692
23.8792
8.62794
14.808
9.00636
133.989
65.4953
197.952
9.67104
7.31525
291.345
126.089
348.411
252.461
386.074
20.5121
25.4256
40.5729
238.152
51.5547
40.7039
436.994
17.7264
290.896
183.909
11.8789
152.961
251.113
225.683
20.7646
28.6388
66.6825
19.6272
41.985
18.8979
16.0635
10.4672
96.0428
217.193
118.71
63.8155
269.1
14.8369
230.058
27.6931
10.1727
94.8236
98.8264
193.942
434.977
401.651
489.601
11.353
234.829
396.234
25.9242
24.2633
125.584
11.673
175.079
304.187
233.081
19.6523
569.02
421.175
19.8787
258.637
14.0637
16.5282
203.729
13.0539
46.4473
320.424
166.319
196.777
28.217
205.862
9.56524
258.069
315.69
9.30701
51.3318
470.236
97.0399
355.415
17.9682
295.554
425.703
178.425
20.2858
210.253
9.85516
25.3833
42.8782
321.352
253.343
253.436
221.636
20.7857
307.089
157.859
152.29
223.949
13.6164
12.4859
268.474
175.592
6.09915
16.8931
201.01
279.21
13.5806
20.1939
8.85882
272.735
18.5771
178.556
438.725
69.6266
148.594
23.1376
352.293
211.885
8.74689
116.953
10.8379
8.12721
324.676
22.2902
104.631
190.8
165.432
16.2848
110.921
131.119
210.707
21.6173
26.4672
13.4031
443.942
17.883
277.806
234.285
130.609
90.3032
66.1038
188.133
341.485
513.528
16.4227
8.0725
13.4123
25.7348
75.9839
362.665
10.0435
8.95193
288.988
162.865
11.3122
512.676
63.4435
15.2598
269.535
43.425
390.41
284.672
16.6281
25.306
37.5756
9.35684
17.6464
557.514
325.103
140.165
390.749
11.1413
22.4202
433.362
306.811
10.2603
229.498
258.564
330.816
324.343
10.3439
163.643
145.548
24.4444
153.112
97.8225
13.0482
18.3726
64.3172
95.7163
42.1728
360.816
17.1513
492.759
14.6802
181.291
289.999
345.783
288.807
15.0645
43.6609
175.297
186.422
287.567
17.8908
347.777
478.229
324.723
315.9
196.668
23.7751
332.253
446.92
180.045
10.3275
17.8986
104.028
362.519
359.466
274.865
17.5904
234.199
6.39156
143.363
19.7295
6.86773
11.2406
1.75587
448.953
485.214
309.367
16.9597
235.351
408.038
21.1625
44.7294
8.81844
16.7597
46.2962
307.939
19.4173
14.8324
94.8352
230.175
172.783
76.9631
137.497
569.22
17.2432
152.398
507.398
81.1898
6.12801
7.62677
75.5298
126.108
223.049
24.0502
426.525
429.299
158.571
10.7195
243.647
21.7356
253.686
125.377
207.626
256.512
137.301
120.715
309.349
238.646
12.2658
348.507
176.014
178.68
171.452
500.239
82.5331
201.901
66.2808
419.137
99.9583
11.9276
416.988
145.756
13.9176
405.357
175.709
52.7721
14.4187
28.2039
124.147
330.339
85.6604
18.5107
290.68
351.594
7.18333
372.088
20.5176
254.082
531.076
325.1
19.5629
257.302
9.48399
216.77
285.147
22.4286
37.5974
458.073
314.138
216.671
85.5972
176.158
364.858
319.479
34.3976
99.2788
22.2093
5.09884
435.684
363.497
301.161
74.1658
212.059
66.0387
118.34
7.88206
95.1339
17.7976
19.5666
134.4
289.311
22.4231
218.603
10.5444
344.042
272.949
177.869
21.0688
210.951
358.201
258.412
18.08
52.3183
203.031
240.216
122.904
20.1491
123.55
89.8588
257.263
33.7061
302.982
271.43
54.3583
119.273
163.621
13.029
356.966
400.17
13.0821
165.258
207.05
90.6544
11.373
169.77
13.8354
235.424
288.052
183.732
22.7964
102.161
133.79
185.676
53.1031
14.3526
125.909
207.717
530.737
379.965
412.026
10.0747
275.344
19.7422
234.314
234.835
131.441
11.1607
315.46
306.898
17.2903
11.7161
182.542
15.0941
149.455
4.47136
87.3997
113.996
70.6987
134.759
179.021
136.27
19.1282
23.2346
121.696
373.69
372.245
143.201
17.6704
117.307
19.8142
123.699
255.001
244.608
20.0555
336.958
8.70443
7.64107
12.155
39.0912
71.4817
95.8754
21.8685
10.0547
201.781
354.435
28.4406
555.865
8.19218
339.585
151.511
18.7727
434.31
18.6808
16.0468
292.314
18.2383
193.76
8.21454
163.58
18.2704
14.7109
18.2899
51.1533
142.997
101.875
56.0383
291.056
19.8435
18.7073
348.719
180.381
118.381
47.4561
20.1799
558.312
343.187
311.894
10.9746
16.555
251.297
164.804
80.5263
53.5853
166.082
14.7861
61.4488
252.445
243.788
362.784
17.9976
134.557
99.3063
4.0483
180.861
152.45
453.13
53.5633
398.095
138.953
95.9398
18.1933
16.3817
398.795
235.776
116.966
8.60729
40.1057
15.4876
17.6837
27.7846
88.5722
305.481
272.23
33.4353
19.9184
325.161
21.9564
159.901
362.785
254.3
467.779
300.183
133.785
102.272
16.4821
14.0258
410.037
40.2766
88.9188
115.17
361.547
97.8893
323.167
337.242
453.615
434.049
131.603
154.415
174.479
18.0675
286.025
206.363
12.0569
398.208
117.025
130.848
384.937
10.1465
18.0051
15.5244
12.8638
18.4387
4.80879
156.11
34.2982
16.2947
6.46129
13.1859
269.829
218.344
260.461
304.373
22.2477
529.465
8.67509
97.5317
284.546
20.8146
283.914
248.608
15.3303
359.217
22.7138
397.012
20.3311
59.1868
169.104
44.5281
187.4
431.399
448.536
213.091
207.227
291.512
21.4174
10.4679
264.887
331.425
325.552
562.953
104.073
24.4581
408.829
9.76325
204.647
20.5674
310.847
12.661
160.083
40.519
408.688
14.0589
44.2886
22.2998
3.76702
35.2527
16.6879
19.875
22.1136
14.0739
4.39871
363.011
20.8695
117.536
18.7699
54.136
144.614
15.4132
258.095
269.248
195.571
364.992
224.986
151.674
8.94329
11.6114
465.162
17.4892
10.8168
20.9772
9.75321
269.448
31.4523
12.8257
275.593
21.8185
19.307
355.588
199.658
6.17149
86.083
191.561
289.458
331.381
19.7489
189.093
434.444
359.47
279.934
83.8798
17.2626
278.613
22.9354
88.4617
292.691
18.9815
250.715
398.842
584.465
20.6597
289.826
435.463
206.965
116.946
56.2563
11.4401
5.24306
248.157
489.5
12.8558
19.4211
316.336
18.7938
166.276
86.6567
12.6503
19.8109
135.529
267.189
9.35506
14.7721
71.79
211.305
139.964
188.447
17.5569
362.829
74.8336
16.751
285.588
19.5776
506.39
107.67
16.4197
229.363
13.0095
22.6982
98.4829
164.18
326.905
10.1342
83.4815
503.733
42.9438
97.517
12.3293
355.234
260.457
78.8606
442.613
64.1498
10.0775
189.637
236.056
15.324
18.1143
109.332
107.121
286.703
17.402
22.1332
11.2521
489.696
373.444
287.377
71.6807
9.21866
301.419
458.113
273.644
538.842
7.18436
138.833
469.461
325.385
11.9509
210.065
148.159
387.592
21.6358
368.386
36.9057
21.268
6.0373
15.1
30.2512
22.8952
17.2322
465.131
140.762
14.249
279.868
351.47
22.0325
20.0441
249.305
238.62
372.047
16.8275
87.9828
412.212
248.332
15.4762
334.322
356.659
403.816
76.6498
427.909
235.894
19.5639
184.993
426.896
167.411
10.6848
410.308
326.83
48.176
36.8351
192.078
74.0711
373.165
26.5655
7.05348
546.614
5.98914
191.34
117.12
18.3599
155.502
344.497
21.5641
294.325
79.3663
148.075
337.706
460.768
336.193
128.23
274.002
118.895
182.42
20.165
374.874
513.83
226.371
360.619
17.8902
86.3779
302.312
342.377
115.046
92.6821
15.4262
19.4317
58.3934
159.737
26.2495
10.0978
130.215
7.40788
409.725
11.7003
230.984
304.123
20.9787
228.323
260.259
168.103
314.443
21.747
24.0503
72.0795
99.8512
19.6845
20.3973
88.963
242.782
189.156
6.99563
214.004
16.1918
18.3168
305.506
108.002
11.4914
280.725
291.288
211.931
317.727
141.891
8.05731
97.8663
17.3842
207.005
244.39
544.834
390.834
461.177
77.4856
444.925
19.8752
250.388
413.624
18.5936
384.408
64.2233
507.764
508.049
22.0015
123.347
73.1874
20.9779
20.3513
174.192
282.249
98.8509
226.801
123.752
323.569
19.6575
14.4565
318.695
14.7004
169.361
384.433
14.7167
304.05
15.561
314.525
265.789
312.948
7.36672
102.294
20.1288
254.721
11.2132
23.7687
220.4
14.3182
314.055
313.31
247.624
360.33
27.922
363.397
361.599
79.9035
168.71
307.26
19.3426
497.457
436.784
20.2724
52.08
259.575
27.9611
16.607
-0.837418
173.662
219.552
17.8304
174.678
11.0789
419.644
4.93359
7.5084
424.54
131.842
7.8209
162.244
434.649
282.394
11.3548
14.9606
275.106
176.005
12.9946
12.6134
13.1035
209.223
14.6624
10.6451
128.993
117.272
328.368
340.554
310.456
12.9885
338.738
442.747
136.855
14.2839
523.049
558.646
113.494
8.90898
140.099
180.112
4.42778
376.172
11.1511
286.647
29.9523
150.475
80.2748
320.868
288.132
406.632
3.36802
13.3604
176.183
254.575
12.4758
65.1013
15.9198
9.42765
124.501
378.552
241.861
62.5788
144.733
321.942
451.788
10.3002
264.981
18.4538
339.057
143.391
210.743
11.2288
511.759
304.129
226.3
23.0515
282.434
93.8434
24.5926
87.6265
552.24
73.1792
15.9004
488.499
352.711
53.4587
220.659
400.932
65.2784
19.0238
398.039
72.8449
22.95
9.73484
24.5381
143.823
360.846
58.0389
375.249
500.608
180.568
10.6064
432.368
95.3699
12.8802
281.269
340.086
172.669
17.9062
136.073
18.7681
51.0084
57.9008
8.26073
227.658
557.84
17.018
38.0282
126.543
22.8537
19.2173
345.416
511.327
255.847
143.201
308.15
17.4663
253.125
322.702
359.565
14.7903
206.497
350.953
171.836
126.442
142.402
17.9395
174.272
158.36
282.502
510.938
22.0241
158.898
23.0552
352.051
18.1578
361.599
17.5272
9.26122
10.3604
352.085
17.8814
61.5732
7.49522
72.5585
212.923
5.77351
6.50704
16.3583
582.803
343.219
101.207
15.6037
24.6155
47.4247
24.8234
334.188
18.2665
171.037
136.447
292.212
195.588
26.8201
134.592
17.2127
18.9417
18.7876
184.651
439.586
6.06805
283.563
41.3205
284.062
244.872
333.739
50.6586
5.13905
59.8587
193.6
72.9105
267.766
10.0398
267.628
437.555
273.682
480.409
17.1856
167.659
117.282
12.1903
164.623
169.788
18.0194
204.882
8.69079
15.7977
205.856
155.369
154.617
60.0017
11.8122
117.754
65.5905
71.8681
78.1352
339.59
428.258
77.6237
518.887
24.8153
20.3534
171.295
19.0845
21.8745
19.6495
515.275
124.014
3.9572
168.554
88.6189
18.9182
345.859
293.507
292.938
19.5333
360.415
64.4101
15.5251
6.92177
519.844
37.4231
338.7
20.6612
21.7733
9.63813
373.043
118.427
96.4361
48.9931
18.482
71.8777
18.9842
410.552
183.004
259.791
303.326
3.25478
16.4369
26.2481
241.502
104.858
17.7999
139.291
14.28
518.801
17.5412
18.5176
39.4777
193.103
4.91591
13.5817
29.8968
79.0376
12.8064
21.3685
423.15
236.677
263.638
-28.8853
235.021
420.644
225.497
559.479
174.452
18.5286
141.319
24.0865
12.5641
22.2243
17.5459
81.5235
210.095
231.24
382.177
6.15248
156.819
578.52
188.089
187.996
5.06806
311.133
20.0859
532.731
122.334
107.59
12.7117
18.7509
497.997
92.399
431.008
452.866
24.0804
209.868
32.4423
37.1439
20.2991
264.7
58.3709
32.9642
206.517
203.414
13.1876
31.1007
5.79972
23.9173
14.5761
185.091
91.9989
259.806
354.9
136.774
59.1514
399.272
49.2597
328.651
88.0084
132.927
246.681
30.5181
39.6922
319.007
11.2959
213.277
441.541
317.857
21.4586
549.082
405.949
176.415
183.303
50.1916
298.821
516.275
10.9567
148.237
11.2887
23.0031
227.443
22.8313
18.0707
226.168
9.20777
57.1346
21.468
155.476
112.226
116.581
346.987
181.524
22.55
269.363
181.87
319.176
362.554
21.9739
170.514
124.463
63.0292
10.5384
9.71135
184.792
154.344
8.71393
535.931
470.976
415.826
87.3881
274.838
69.2376
11.2984
116.225
14.1248
260.595
268.374
12.614
366.881
216.232
147.849
12.7141
16.8246
26.9421
24.6392
92.8963
33.466
119.852
14.2683
190.589
106.051
139.914
228.118
253.802
21.5604
214.588
14.5942
18.1085
438.65
190.987
136.989
223.893
37.397
135.191
58.2912
96.9017
15.245
282.963
396.445
134.044
303.626
278.088
465.032
213.733
239.294
20.3963
19.8517
13.4279
416.228
143.345
22.4594
11.2769
9.36515
136.115
147.891
15.2419
90.0451
19.0191
106.294
124.655
14.0184
39.8121
4.98155
31.2981
20.4588
542.966
141.11
5.0015
138.546
27.2102
309.874
119.707
14.021
17.0273
223.764
510.143
7.27438
175.979
18.8624
39.6111
168.049
428.977
16.6321
104.714
336.156
372.448
9.731
440.608
20.0104
534.471
19.938
173.292
352.955
18.5982
55.3113
27.1774
12.8222
242.725
18.9551
142.048
17.9032
20.7619
67.6257
84.9572
88.6416
277.187
12.3081
15.0139
194.068
261.376
6.20118
314.568
366.841
15.8224
26.372
16.9557
441.01
304.533
473.869
15.7643
559.061
376.879
62.7926
535.431
276.446
52.6561
447.142
15.3393
85.8923
10.6813
12.1559
187.641
334.172
138.548
13.2849
101.483
153.618
28.8107
296.936
360.699
24.7055
209.174
80.1058
94.4329
18.9953
23.7182
214.159
68.921
31.6693
6.75981
266.7
8.96378
406.997
12.1417
8.92627
327.553
383.682
225.564
18.2033
14.1751
21.4277
228.338
139.775
294.796
16.0204
242.774
6.76621
386.218
178.019
335.061
269.685
275.754
259.169
22.5024
273.863
8.099
43.5465
202.107
17.2869
15.2759
28.4552
126.809
161.291
138.908
372.967
20.5993
21.5174
316.992
307.374
99.2513
97.1059
304.568
531.968
270.597
205.077
237.548
400.658
208.667
11.4423
27.4509
21.0832
176.685
17.5106
156.734
357.436
204.073
545.788
9.6614
229.978
182.923
340.751
9.81237
235.905
-27.9908
245.507
76.7976
16.8265
19.9267
510.813
14.0093
5.18086
94.8432
232.468
557.734
191.518
201.251
84.2165
23.7257
517.986
8.33348
235.459
8.66718
319.275
9.80798
14.0516
357.077
281.815
175.437
238.959
326.523
116.968
14.8842
51.6235
18.9193
17.7586
382.856
367.228
15.3212
158.675
259.141
201.401
186.816
10.9524
172.933
331.583
11.7994
14.448
323.595
366.641
120.588
108.081
10.0384
8.49032
8.97341
26.9965
203.321
251.293
305.568
21.8125
44.5737
50.3899
50.1043
369.435
23.3983
16.5223
7.09453
21.0515
330.412
207.637
57.6235
19.9831
417.809
267.571
327.184
23.1128
57.5638
361.716
90.8482
38.9656
22.05
329.41
229.19
376.908
15.464
402.904
23.7259
25.3197
18.0785
128.944
154.755
24.9444
412.337
91.2682
187.557
535.284
14.4393
30.0785
265.557
487.907
290.17
181.067
82.1527
329.399
153.966
24.3821
17.5167
18.3106
366.068
176.985
17.739
231.883
15.6256
346.651
16.8432
155.676
49.1904
376.978
5.65583
11.8117
80.5018
101.17
126.891
24.8466
19.0087
359.744
230.636
136.846
70.9734
139.98
336.99
211.89
12.9245
73.3472
4.69903
512.342
189.024
491.161
16.4921
62.1995
59.5118
203.907
18.418
443.633
232.214
220.655
110.666
18.3042
156.519
7.92146
265.809
206.31
53.4576
341.537
565.336
399.818
166.29
439.48
509.805
407.567
169.01
336.334
11.8518
472.604
161.44
439.119
350.937
41.4102
102.634
481.899
154.419
124.567
14.1188
20.8864
21.7929
461.906
15.9522
227.545
438.998
131.243
21.9256
520.904
16.1782
167.41
172.81
315.32
307.307
372.433
522.505
489.882
15.6172
217.447
177.123
15.5553
264.459
23.8255
269.864
321.853
15.1893
10.1513
126.521
364.862
203.541
259.785
356.072
414.107
17.8014
390.522
225.296
15.4897
533.147
405.791
440.76
309.55
20.4774
501.697
21.017
254.072
339.384
13.7386
173.883
13.1084
206.876
196.546
122.166
213.377
178.511
26.1012
14.2655
11.2069
60.6125
221.615
136.832
167.026
41.0781
27.2617
21.526
278.399
122.838
16.5436
311.793
272.343
344.443
18.7407
203.741
179.614
9.33357
317.746
500.817
310.06
12.3768
525.233
284.019
404.419
116.484
5.20635
86.7415
363.473
408.748
135.508
6.55986
255.825
343.306
256.651
25.4268
17.4594
71.7436
499.784
54.3442
398.789
299.293
343.65
14.6839
24.2514
411.843
67.4912
17.89
8.93365
555.085
9.85561
141.818
125.406
18.3325
217.0
60.8479
67.9949
14.0278
9.70201
129.945
231.03
248.816
199.355
255.626
305.667
392.059
241.434
331.554
22.5488
382.054
45.4686
11.6311
19.9005
18.7383
6.06643
191.67
11.1366
228.324
22.1943
198.674
274.009
110.563
17.1664
245.698
47.8348
172.609
18.7833
89.7714
94.8186
9.3572
435.0
5.96465
192.882
233.347
71.017
469.306
62.5216
234.093
29.8553
11.363
476.357
433.63
487.999
362.613
221.971
181.62
243.225
248.061
15.5469
201.033
24.002
187.351
14.1295
15.5805
459.017
8.23686
438.818
199.875
249.17
16.0492
8.4045
430.017
13.1516
376.501
202.46
9.16102
9.18295
48.0688
50.2089
182.294
365.347
353.791
282.06
88.6121
57.3875
38.5656
279.394
23.1476
180.201
147.164
317.453
288.886
9.43526
8.26388
11.6823
392.909
288.944
18.3707
13.7205
355.443
6.2
293.803
34.7443
247.382
48.5537
503.068
101.177
15.6514
23.9169
299.632
535.398
342.606
14.5788
10.8918
47.3796
413.82
230.22
95.4632
8.82281
22.0322
34.4626
325.271
11.9928
35.7012
261.648
100.934
171.978
438.6
18.6214
15.9497
206.593
443.03
201.635
226.127
75.7182
265.775
344.128
20.1894
105.809
519.567
450.879
5.34001
18.5931
20.0497
11.4502
228.464
15.5647
150.631
521.042
426.004
17.2389
83.037
317.326
407.231
174.664
16.7816
181.979
309.908
67.0315
208.223
232.019
242.229
497.639
160.905
482.225
135.213
314.931
100.643
283.05
9.79151
187.724
355.055
418.428
21.8333
296.934
246.092
26.8782
19.8058
245.621
42.8522
290.16
61.8868
160.371
335.645
88.6671
241.123
348.536
20.2169
227.964
105.451
7.08454
18.8546
125.029
160.288
204.434
106.749
340.153
405.564
204.446
21.9886
18.0443
91.3788
249.731
497.107
437.755
22.2706
24.0263
10.9482
113.859
498.396
12.9177
439.896
200.274
344.135
10.6093
211.636
456.545
266.291
17.2898
431.692
420.072
178.281
417.141
19.0417
306.953
185.979
6.77028
286.651
286.509
69.2237
18.8493
15.5517
20.0533
23.3518
483.06
203.86
81.3538
281.119
34.3401
291.705
10.3584
309.049
286.141
17.9757
103.046
342.367
206.872
200.169
230.599
505.801
159.685
397.198
237.99
121.248
240.104
384.734
9.78379
70.6985
276.763
492.028
107.995
93.1396
145.746
20.0342
22.4324
12.4632
25.453
15.1353
6.93783
401.724
309.592
6.88743
437.572
5.76577
14.6599
93.8297
208.575
318.955
463.976
215.36
157.074
20.8811
10.0008
20.1871
172.368
11.7577
298.13
294.692
19.8998
14.53
21.2052
33.9902
118.608
366.471
19.1015
36.7917
297.723
5.39436
352.713
146.075
170.242
314.734
429.756
208.511
25.2347
144.71
239.277
441.429
12.7487
231.908
361.315
328.603
20.4057
329.355
112.158
169.45
561.271
356.765
12.7352
16.3778
554.007
368.384
17.4928
80.6536
23.3321
455.656
10.1964
176.311
302.055
220.502
18.6624
207.742
101.959
66.3691
80.8584
11.5119
115.571
9.49005
276.947
400.806
173.463
12.3709
21.9776
22.1568
20.4289
262.202
4.53725
19.2034
21.4612
103.633
162.177
7.93418
231.189
176.685
213.612
463.871
21.2931
138.559
409.23
434.809
18.3923
234.741
44.5485
367.824
191.282
10.175
419.787
256.037
12.6933
340.266
100.355
16.2109
23.3365
209.949
52.562
9.2868
291.975
12.7774
278.309
369.793
71.6564
10.7287
123.147
301.033
20.8144
14.1039
120.038
4.97058
14.8876
111.008
268.416
235.297
96.3754
340.148
506.388
108.177
15.3893
6.22003
73.4745
16.7506
240.566
16.3485
57.4003
250.944
21.2097
76.3716
10.0569
365.573
188.836
231.49
44.0967
20.9693
224.223
260.652
147.347
38.9892
14.6755
234.919
20.7703
13.0895
17.2694
185.37
180.32
527.172
68.359
17.5653
291.302
275.736
364.746
525.525
425.693
267.85
95.4565
16.3763
560.009
247.41
19.1084
263.857
330.889
168.863
19.4861
18.5628
214.939
320.522
296.952
23.0906
245.5
214.349
437.47
19.0187
15.1854
100.486
11.3937
223.31
398.124
130.295
24.8865
19.4128
229.268
241.217
407.104
403.558
198.52
22.8137
17.6409
129.277
472.032
20.7953
6.82131
540.115
172.962
231.585
278.675
17.5758
382.525
30.5758
230.231
26.5259
207.569
293.369
43.21
401.611
336.391
266.837
262.085
343.491
47.2535
21.8479
154.707
92.3343
569.346
180.671
6.36264
279.787
136.441
541.166
20.8882
277.642
397.305
293.213
229.301
18.029
244.979
540.889
60.9142
155.655
378.081
13.9029
335.645
375.455
249.065
513.923
408.904
23.5471
450.199
4.55019
249.691
531.948
168.15
20.1701
19.8679
38.7595
18.6248
27.2373
114.338
33.7838
4.77815
255.732
409.352
352.304
177.81
174.836
86.5742
228.978
242.054
10.2321
256.505
35.4695
18.3436
15.0385
392.177
289.219
83.6951
132.327
400.449
239.338
432.929
382.75
475.241
15.6009
18.746
268.486
203.223
7.29567
173.408
491.807
194.673
15.7056
24.1203
18.4735
234.228
264.639
219.791
336.517
317.966
261.784
178.852
28.7403
280.423
93.5753
189.626
451.876
268.373
183.828
263.419
115.556
15.8239
24.5169
33.3876
12.1079
28.7962
414.75
14.0218
217.088
485.879
175.028
86.9331
272.435
254.485
229.794
204.362
488.829
263.538
60.0607
211.164
15.2848
16.1691
420.847
207.738
350.596
10.5693
19.3233
21.6444
21.0983
20.7376
24.645
172.758
396.546
5.03029
572.815
418.996
277.931
187.93
315.075
243.207
19.0124
17.5375
23.3005
22.1143
208.097
366.651
9.69674
20.9247
22.8547
197.511
14.9001
132.53
24.9049
464.562
311.084
23.4666
143.097
134.738
13.3427
27.5969
19.6018
56.9042
43.5869
12.9823
18.7921
20.0242
24.2374
8.72792
109.433
424.745
18.1763
376.642
22.1906
248.362
22.9254
15.7642
391.811
501.11
135.698
220.543
140.535
33.8107
13.5271
156.85
14.9307
109.01
228.437
170.066
201.24
230.764
63.3602
24.7921
246.764
468.32
80.1394
263.682
441.931
511.944
201.956
339.412
299.378
258.637
21.6136
5.60756
230.67
95.5539
262.306
142.274
22.1832
330.487
156.25
54.5697
290.443
234.042
31.7266
321.488
20.0027
395.817
332.787
425.665
6.59015
294.702
19.4198
466.747
11.3197
473.653
387.185
-2.33533
128.716
342.71
39.4977
44.0592
19.5071
21.1261
282.711
42.6026
426.465
433.538
171.267
22.6519
33.641
432.211
121.68
262.313
21.9065
19.9065
6.85651
21.9512
19.8836
269.691
12.1967
21.6526
4.79662
98.3248
18.186
19.2962
452.315
366.577
260.44
21.3652
60.4307
6.94684
202.664
12.485
78.9024
226.718
442.659
407.947
176.566
15.6073
31.5695
195.325
271.386
316.515
217.764
290.386
14.5368
352.208
8.23414
172.618
39.036
20.6077
24.467
308.563
278.025
18.4426
241.635
7.74031
253.394
76.9489
10.775
17.8996
69.1237
235.559
41.4647
477.703
13.674
31.6874
262.157
184.075
312.928
277.391
21.3262
21.664
281.384
20.3637
11.8998
20.5472
13.5804
416.316
113.259
85.5129
72.4575
121.854
98.2606
56.674
99.4849
21.834
103.971
230.031
375.449
292.402
199.624
127.024
227.0
321.67
14.3271
275.976
317.687
355.959
57.5606
16.8779
131.979
26.6628
461.4
198.649
177.915
23.1455
508.686
413.085
66.0543
10.3199
539.931
20.7467
6.84259
365.146
16.158
207.519
19.0733
74.8824
527.17
127.941
560.276
306.97
24.4281
38.0418
263.421
73.5886
20.5157
15.6353
116.28
289.812
17.9134
24.1675
116.598
18.9074
290.477
183.937
190.025
454.186
331.382
118.934
16.085
169.572
19.8496
241.751
329.932
22.8386
224.227
510.604
186.181
98.9779
234.201
53.6143
69.1071
18.686
21.278
26.0613
199.364
456.584
26.4725
228.531
11.9452
8.0484
16.3888
413.573
100.595
117.817
176.796
98.5092
315.266
7.27096
23.5339
145.792
128.499
15.9876
108.254
507.323
182.41
412.357
23.1346
108.094
278.893
193.016
22.5098
420.738
565.576
213.769
16.2468
23.1121
528.551
166.978
17.3161
127.441
14.9554
113.708
21.379
54.2217
18.2503
208.617
300.195
236.717
15.8267
24.5651
65.153
543.798
22.5874
77.7667
21.2861
20.6132
12.828
12.8288
18.5007
6.63158
13.7252
419.221
39.3468
17.8836
107.208
14.0093
8.01637
47.189
209.732
20.6392
174.205
510.6
15.266
309.893
8.03789
131.373
260.668
4.86905
17.7991
334.739
117.719
209.059
241.448
249.439
29.6865
143.497
26.879
51.6504
94.2769
358.173
173.225
246.601
483.747
121.627
529.696
27.1082
19.1309
258.53
282.15
289.26
20.4398
13.4007
143.994
329.636
178.075
452.428
94.2648
84.5141
242.193
366.021
126.092
278.03
8.5736
436.379
9.94113
200.621
12.0416
263.15
27.1825
11.256
152.395
90.1827
116.041
5.60464
10.4717
4.3548
144.144
326.253
108.962
14.1009
243.693
13.0786
9.46192
482.581
77.3083
419.598
216.84
358.236
357.738
5.84856
11.9705
368.023
7.33808
22.4971
546.506
499.736
18.4436
377.296
422.775
48.4289
19.8671
172.53
361.889
8.61493
17.2275
288.312
378.062
169.069
286.91
149.599
20.8548
287.878
526.579
153.089
25.0866
24.5603
58.3727
154.024
281.148
142.794
14.4149
325.756
15.8239
412.21
13.5013
17.8224
21.4695
314.273
173.182
327.911
331.741
16.2582
338.685
134.274
241.947
418.695
53.2878
551.655
363.763
18.235
458.355
477.738
153.773
8.44958
518.382
18.6553
21.1101
294.846
11.1684
443.382
17.18
191.013
340.178
479.109
16.0399
301.665
17.99
113.547
7.95601
410.72
160.609
221.456
13.5865
314.696
23.1366
56.1346
15.6813
394.468
267.535
44.7189
287.891
12.3982
176.591
196.378
59.1082
112.216
106.551
13.5838
10.2824
178.115
12.4722
13.1444
16.2342
28.9393
9.18456
372.631
208.395
79.2393
134.448
18.1442
409.244
10.9751
41.4956
352.809
33.7186
203.937
179.833
116.523
42.1823
97.3147
27.7162
98.2753
158.103
12.1444
108.506
157.454
323.186
10.3921
22.3662
47.5039
118.91
21.8059
15.6666
164.699
-3.05665
8.24716
9.83617
152.1
5.78422
9.30198
59.3842
103.992
12.5279
16.6336
37.3243
179.723
13.6967
13.5971
19.675
134.932
123.205
81.5347
322.041
28.891
238.01
32.9439
566.833
387.206
430.69
58.2591
43.0868
10.6531
18.7756
380.869
410.926
42.3202
23.4768
259.092
97.2318
17.2715
293.422
19.3832
78.2985
198.252
208.99
324.87
284.745
263.098
17.7702
363.785
10.9978
21.8506
304.473
6.84566
434.443
20.0499
45.0512
18.1508
16.6419
164.07
241.783
440.383
453.695
12.998
396.266
307.902
45.1046
75.077
6.29884
175.622
228.451
8.84287
23.3453
109.351
20.9901
487.896
18.7864
276.205
106.6
22.668
78.4194
5.63362
91.3192
101.213
392.715
19.9219
474.091
328.015
246.209
554.866
378.688
20.6581
232.467
498.443
46.473
4.47156
396.345
510.383
16.4949
55.1394
304.034
220.456
21.8529
102.735
108.644
292.247
568.099
10.0694
57.9513
140.845
9.58165
16.07
9.35295
13.6532
280.579
12.933
11.6351
23.6408
13.4642
71.684
24.5393
117.081
188.35
213.782
17.2369
16.1619
132.518
420.342
9.40726
93.1804
60.0825
227.947
43.3133
19.008
108.803
315.272
374.515
171.525
229.496
543.26
308.329
174.644
19.7622
123.74
14.5758
20.3172
207.397
147.93
20.9525
18.9382
15.4921
208.395
79.7745
13.8836
1.8513
318.991
344.236
10.537
154.05
18.4364
189.36
20.7947
286.055
7.24792
153.413
10.0465
293.383
7.5898
550.251
19.5835
135.588
66.4479
179.283
489.009
164.891
366.446
207.543
10.1973
312.335
150.709
84.7974
14.9287
18.2342
20.4615
189.879
5.18289
5.60379
5.93738
18.1597
16.4955
154.354
85.6318
5.28645
32.6084
90.1342
275.238
110.533
251.855
288.187
171.227
19.9556
479.7
345.136
39.852
72.4194
9.86686
215.244
9.6181
20.1342
167.57
131.515
293.419
24.2197
111.994
294.549
5.40166
221.609
314.423
171.94
93.3961
19.6657
175.044
99.5043
417.979
434.882
422.523
30.5566
399.135
177.981
90.8186
236.586
283.412
130.853
348.616
136.843
13.8386
136.225
36.4179
22.1571
14.2542
391.923
290.754
66.3278
195.42
22.2158
21.8132
166.583
331.574
14.9674
344.915
26.8566
150.18
185.352
18.0395
170.236
285.743
63.0714
15.8178
331.205
21.2717
94.8564
12.7855
17.0868
76.7181
29.8366
288.922
5.83452
530.201
538.868
168.363
18.8086
20.9545
150.059
19.1951
7.97719
22.5318
136.362
440.329
199.315
172.941
12.6217
5.95141
416.943
245.521
16.908
6.57699
167.938
507.082
360.491
27.5003
10.6398
491.359
23.9877
33.6222
180.703
77.8331
468.398
13.2416
197.543
120.369
160.64
515.639
6.11827
87.2124
332.432
21.3584
14.1531
18.5134
83.7372
105.046
17.9472
393.842
361.328
64.3021
367.148
18.2519
523.813
484.13
119.754
12.065
513.349
196.939
15.8784
464.895
187.592
208.381
409.588
16.9896
6.48003
182.191
23.7924
7.4279
337.305
16.8567
203.484
16.0025
132.893
218.531
357.686
7.7607
221.572
38.3881
547.109
11.2984
193.781
252.03
15.2241
198.004
534.591
382.03
23.3291
7.5578
16.4666
483.416
9.50303
11.7989
23.489
12.9042
18.9885
44.6849
334.029
99.3959
468.458
253.17
133.781
23.7144
268.186
394.463
21.2565
133.6
2.59148
361.6
12.059
116.988
16.8325
23.9131
231.972
56.5865
22.4666
477.937
259.737
13.9372
22.4434
329.732
288.529
18.8736
23.9002
137.558
20.1034
399.967
25.196
189.974
71.4413
19.5284
364.331
129.201
11.6389
92.3003
51.2988
20.8362
222.49
72.5576
452.717
20.9604
281.699
79.1648
150.444
203.294
405.701
12.5798
24.0906
219.466
15.0961
190.656
385.656
15.907
14.8274
14.002
310.143
11.8859
110.729
296.25
230.789
129.316
343.579
348.202
4.93693
203.057
15.5901
85.3579
248.402
32.0587
145.537
440.842
414.008
11.4201
147.205
364.872
174.118
445.056
90.9437
16.2075
46.6694
24.8596
9.58601
328.072
396.289
211.571
279.013
146.399
11.7105
156.129
267.737
265.746
79.187
19.8986
14.8337
26.5654
312.808
560.214
128.581
503.337
525.078
247.517
364.315
446.769
-11.6718
8.09109
19.8618
71.8919
19.4411
18.3046
6.45403
317.263
411.889
443.419
10.4634
14.8261
347.078
379.922
387.715
12.4899
274.494
163.032
94.4425
16.6898
19.1947
26.5962
268.591
276.823
131.251
20.4461
21.8664
11.181
32.5811
184.518
80.1245
23.2201
137.21
213.654
286.631
14.9802
287.2
229.824
237.97
14.5077
286.998
18.4689
372.69
25.4503
20.8861
183.404
40.4473
21.3539
102.837
30.9444
134.342
465.243
333.242
175.405
21.683
155.379
86.5284
365.97
18.7975
53.6453
160.373
342.55
299.504
58.9437
21.3422
62.4336
16.4013
16.2239
451.727
20.7454
420.245
175.248
74.7517
12.2704
108.398
342.684
213.494
315.377
80.6073
231.16
408.959
12.3729
13.1328
569.496
192.997
355.495
413.697
389.698
204.971
288.873
107.726
27.7241
326.54
4.45587
20.1245
15.7995
30.9155
150.158
68.4711
281.234
266.115
199.137
539.148
9.35398
148.334
18.2566
209.347
77.6116
28.6405
261.974
60.0275
20.8148
87.8188
11.3606
299.808
221.678
80.4621
311.562
91.7287
22.643
202.994
6.39052
53.6919
533.117
56.8668
268.587
529.556
20.4811
17.5612
384.456
227.744
20.5733
13.1735
74.1647
180.956
302.789
388.537
252.406
15.3381
14.6899
20.6716
378.892
352.155
294.527
175.575
90.3987
315.591
118.272
17.0898
483.757
384.675
15.3862
313.284
212.345
85.6327
140.987
354.297
228.882
19.0171
49.2541
347.74
385.941
385.965
19.2733
16.8387
172.579
53.4709
17.9873
175.432
42.453
111.14
11.2204
80.1919
108.982
21.3243
454.723
566.633
166.826
276.545
22.28
213.623
265.511
405.277
38.5863
18.2182
97.1212
20.6841
204.963
14.0635
93.1958
404.826
98.0048
48.0991
114.513
204.915
242.722
10.8357
368.664
365.271
24.6684
316.202
123.603
406.959
153.316
111.642
180.22
212.694
16.8649
6.78031
125.352
436.576
22.7615
22.9969
84.8835
182.755
190.563
400.534
9.5783
127.098
204.386
174.723
301.966
276.912
138.617
19.3983
28.1038
292.259
211.581
98.8356
20.8106
15.0991
331.581
23.0895
249.39
327.018
397.277
243.097
256.039
418.865
55.5671
28.2095
54.785
54.4886
419.392
49.7154
16.585
8.81023
19.2571
239.134
246.797
400.714
64.4355
334.575
5.51573
446.437
472.836
25.5818
57.1303
274.797
17.6955
230.629
359.6
16.6754
231.461
27.1588
21.4925
5.49587
497.457
439.641
369.637
337.519
344.43
299.384
86.4663
11.8406
325.641
50.8549
8.01783
218.873
245.843
23.4168
504.743
215.396
390.44
214.397
267.43
259.03
7.76333
10.4277
308.769
474.498
12.3808
20.7974
10.8909
269.222
246.978
22.3969
347.896
72.6243
387.196
57.694
44.4468
23.5322
168.469
19.8786
36.152
211.113
10.179
200.958
23.152
24.0683
68.2323
366.647
29.5694
297.045
198.007
121.191
15.8866
60.7472
258.142
135.083
17.6617
281.211
27.9436
271.82
10.086
23.5879
7.75256
148.918
249.486
377.892
17.5568
200.501
8.99852
21.6494
25.7828
18.56
14.1143
19.1142
368.667
94.1301
22.2576
201.034
7.64904
348.079
249.899
30.0021
564.994
10.9813
81.4752
558.17
305.692
17.8175
94.4525
155.23
437.013
274.579
158.998
95.963
178.288
315.022
179.901
17.8057
338.899
62.7384
355.542
319.087
271.066
7.24609
509.866
540.743
559.012
58.2379
294.426
406.098
206.38
23.0116
122.997
19.7814
222.007
352.048
94.5142
475.721
328.141
22.9678
176.959
32.914
170.275
150.316
11.5775
565.367
113.23
17.3574
181.299
173.171
182.688
11.0833
448.988
519.723
145.611
82.9323
87.3807
58.3801
326.02
111.744
229.559
400.334
4.70473
354.556
144.608
19.0268
210.963
15.2429
10.111
478.015
307.896
292.028
28.1058
427.809
183.183
18.1263
85.1391
22.8118
23.354
195.983
163.142
6.08133
25.1225
15.0432
92.6454
5.44992
18.9067
29.4
57.2107
229.722
88.649
209.281
249.364
381.55
151.128
98.2034
480.922
431.543
188.348
80.1843
18.3284
161.583
11.6776
12.1796
19.1533
438.661
6.48646
213.289
13.3388
344.304
14.4284
18.2807
21.3137
440.037
311.188
8.58152
263.514
119.164
295.947
7.21459
230.96
109.32
331.272
53.7833
150.566
193.343
5.52345
62.5089
18.4926
15.8161
394.807
446.443
15.1726
465.942
17.3328
20.6467
145.631
115.058
70.5389
124.041
291.665
243.658
529.9
283.472
45.6958
268.552
18.614
113.457
399.256
140.312
482.828
247.89
290.925
65.9366
11.4528
-15.8312
209.437
71.468
165.799
23.8292
420.477
43.3185
451.097
8.18447
21.7752
509.064
269.519
506.46
270.188
17.2715
169.889
108.237
0.24737
14.7426
276.489
410.508
8.12844
18.3593
85.4986
5.82754
123.495
91.4739
237.17
57.955
22.8013
14.3554
12.9011
11.6568
7.30695
283.154
18.4121
365.606
68.7909
157.159
18.9167
21.7788
15.0657
105.756
9.35403
186.703
371.402
17.9912
105.742
15.5726
254.906
21.7372
80.1412
24.8414
43.7968
35.1728
105.532
25.6659
104.447
25.0504
381.657
130.868
565.912
11.0854
258.591
90.5807
92.103
264.397
228.577
212.932
284.831
83.9057
16.3285
512.067
14.7109
311.728
17.9314
57.2285
24.4676
23.2413
218.528
6.0295
21.3167
234.37
5.0139
362.493
19.1778
12.1994
10.8544
439.019
22.7284
116.562
13.0381
306.322
24.541
101.594
18.3722
330.832
87.6343
494.997
17.884
8.63956
20.3979
16.7857
184.827
273.7
155.489
14.9853
15.9687
280.846
127.275
278.202
181.193
296.526
306.256
437.345
8.55829
19.7162
11.6555
95.4153
320.091
296.465
152.936
7.97887
93.4979
347.81
242.909
301.197
17.1537
291.192
31.3607
30.3766
368.888
211.131
214.473
12.8891
260.204
338.021
71.9974
20.8532
36.5539
195.486
21.9476
17.2737
368.112
101.962
15.8734
21.6831
130.248
508.151
7.48106
218.424
327.462
516.397
169.458
439.246
287.499
19.0847
4.64028
10.5705
208.869
24.9468
329.921
99.122
227.744
316.548
453.868
507.023
119.194
20.0192
138.723
102.419
18.494
198.294
111.565
272.961
175.286
23.1756
357.441
227.991
206.047
165.107
147.1
91.4671
172.986
188.397
21.6973
36.0419
51.5824
81.4016
529.887
161.379
116.267
6.97199
163.872
101.379
94.2875
457.355
212.345
46.0332
21.3518
202.886
181.678
141.241
6.85152
60.8863
242.524
378.124
21.6947
10.6116
19.9228
18.871
8.12756
198.53
241.623
326.604
19.2667
61.222
111.387
14.1638
10.0623
234.339
13.1571
148.109
16.0494
177.988
14.1654
24.1507
394.963
12.8768
147.75
291.633
19.0945
275.204
8.65632
71.3096
256.743
25.3983
340.687
10.8795
21.6548
89.5454
4.73079
354.376
136.454
240.384
143.306
560.218
133.795
9.81295
7.4729
486.407
11.8847
71.9237
12.9516
41.0668
298.642
259.164
10.2251
13.2123
30.9422
110.774
16.4861
144.99
22.7626
84.6125
204.125
34.4465
336.434
201.723
205.267
9.75453
164.711
87.9713
128.532
12.4338
73.2249
267.187
384.17
252.859
16.8178
451.756
55.3127
11.8803
16.8522
20.9297
160.092
197.707
325.968
331.077
279.698
529.259
347.388
109.964
11.0883
454.446
15.8306
21.0117
262.64
219.768
28.1968
213.513
363.756
71.932
29.1073
80.1884
270.313
420.744
67.8099
327.669
152.048
244.496
20.6136
21.7967
22.7628
11.2221
252.717
384.517
374.314
326.58
10.9707
397.104
200.934
27.7053
17.2246
127.774
14.6581
324.756
66.7988
331.825
16.3659
135.253
157.691
152.451
440.899
311.547
156.86
38.7581
4.23734
76.6829
235.495
25.879
66.1638
318.851
20.506
14.9798
43.3371
287.207
334.97
-16.2039
226.88
135.639
4.26708
333.981
20.5401
79.1952
17.101
16.4816
14.0005
17.6818
398.521
292.463
3.2631
25.8041
21.2798
179.903
326.818
499.673
56.5851
135.098
32.1736
19.97
196.027
339.848
19.1131
192.861
32.123
18.8022
8.68479
537.641
146.202
14.3813
301.472
35.0358
9.67058
94.8204
17.94
97.529
11.6197
125.593
22.7862
556.772
9.73642
71.8141
86.385
383.876
247.991
12.649
282.514
15.8116
378.19
17.6796
462.887
212.975
180.118
17.3801
170.995
17.2317
17.0033
289.069
5.06793
20.6856
407.239
23.7396
6.38845
238.529
189.857
121.448
9.49739
309.655
46.3462
8.00706
8.15144
289.421
210.463
17.672
16.6934
87.5581
326.214
436.588
115.88
217.473
113.89
293.994
48.9282
189.759
181.85
13.5155
174.389
367.062
336.298
78.3566
18.9048
105.323
59.6502
71.6075
412.747
468.691
310.794
199.388
172.238
353.041
378.205
459.548
232.637
94.7398
18.2066
24.3173
320.27
7.54571
155.624
205.646
83.253
324.728
302.87
16.4439
254.007
168.609
277.629
53.4423
189.563
218.05
364.164
216.43
19.4381
71.1499
231.222
22.91
159.371
276.214
24.5461
30.4538
11.5458
17.5068
154.966
118.289
228.204
12.0576
137.73
167.807
10.7781
387.232
19.7937
164.399
4.73932
235.295
21.062
13.1709
63.8972
16.5871
492.384
143.561
311.799
11.6288
23.7735
405.333
23.6083
358.947
180.852
19.1233
267.62
13.6729
267.121
99.9146
58.871
11.4243
29.7037
20.6832
302.07
189.628
66.5186
338.005
160.035
13.0424
11.8752
145.113
168.428
9.31215
24.918
64.9977
228.562
24.1908
17.3966
20.0171
102.172
48.3581
352.425
61.0911
13.7779
44.5434
5.09082
159.567
233.814
260.872
31.7519
20.8693
94.6411
406.271
90.7417
9.49239
14.0167
372.383
529.108
16.8676
23.9493
146.399
248.853
10.5675
194.533
111.418
360.448
9.19128
120.974
138.301
13.1072
431.144
20.8665
19.6389
208.971
18.8537
358.418
20.3006
439.548
274.842
12.7207
166.74
439.123
25.237
106.077
121.591
164.456
14.9531
210.577
17.3759
16.7689
9.92503
89.3361
330.982
286.994
76.0942
196.099
142.32
133.827
370.216
358.795
211.202
250.133
171.627
240.174
11.183
20.4784
72.4548
140.22
16.9912
319.807
242.378
55.4199
15.737
12.1049
45.0155
330.513
20.2753
28.155
297.491
434.976
18.0963
18.0838
249.386
79.0005
19.5562
14.277
20.963
88.5871
190.196
22.5882
115.565
15.7489
35.257
23.6189
475.071
29.0784
17.0774
23.0391
6.1652
285.908
57.6924
147.632
454.828
17.3021
333.261
153.756
393.74
282.355
126.431
25.304
123.626
142.768
229.512
23.2415
240.523
22.3697
23.1643
24.8541
30.3009
113.985
8.76071
16.7205
438.274
359.655
204.121
155.464
484.008
16.9011
212.017
10.6614
347.216
305.08
162.111
274.267
29.79
227.284
18.3752
16.9183
295.051
264.171
40.7148
383.329
14.7812
109.282
14.5504
325.54
511.539
514.379
128.26
16.1141
149.162
446.926
75.1872
409.475
188.916
10.9214
169.548
21.5665
93.0584
334.807
14.6223
408.669
368.843
167.987
16.7778
20.0315
11.741
185.543
18.1694
12.6854
19.8228
390.94
11.4356
137.967
371.491
6.86545
180.131
0.0382969
23.9625
367.643
157.331
9.5572
298.352
160.522
151.313
391.04
355.24
209.273
26.1905
294.712
19.8603
234.806
148.006
294.841
22.0009
137.438
17.2256
18.566
277.719
246.025
19.9582
15.0056
444.062
454.697
17.0086
235.437
307.026
365.773
185.547
19.1006
21.319
5.30897
85.1432
17.9188
73.377
249.321
23.9497
118.324
148.899
174.671
17.4324
300.338
546.22
247.015
12.5507
98.9875
74.8867
118.835
19.668
319.966
21.0132
16.3487
23.303
16.7869
364.495
96.3587
14.1211
9.74269
71.0018
10.8635
219.889
208.215
15.9755
21.0306
13.1276
214.999
49.533
10.2009
122.681
310.326
377.311
342.179
8.50933
18.6523
25.0072
243.731
19.401
246.123
487.121
173.69
15.2985
192.675
310.013
15.514
508.1
221.053
20.476
407.067
21.0681
253.821
216.597
261.242
20.6962
55.062
226.523
19.3763
179.838
21.7494
11.5392
19.2782
12.4193
162.519
100.237
492.758
254.939
48.1002
17.3085
19.125
18.7295
132.408
291.153
19.2754
399.943
287.894
23.1726
22.9356
13.4
208.442
65.0029
18.5097
6.55867
16.0532
14.4137
18.7137
120.379
31.1113
22.1505
14.4099
25.3189
305.934
61.8033
384.466
163.854
15.2511
9.12275
26.9251
20.6845
146.746
496.499
57.8959
314.651
227.638
96.5497
7.98284
59.5291
278.247
212.91
328.657
186.474
424.956
12.7283
52.2015
7.20745
243.622
21.7316
28.0344
144.678
132.235
265.59
77.401
2.26045
22.3722
401.723
116.142
21.2102
16.7932
93.1554
311.278
21.0991
15.1325
492.396
245.709
414.848
22.4547
20.0783
168.2
289.059
363.825
20.7983
146.659
297.32
16.0723
23.9664
579.211
34.1301
21.4024
53.2786
13.1525
128.409
138.083
10.3212
194.051
71.1044
243.187
257.621
140.651
35.98
498.162
353.479
354.354
4.78347
62.9253
396.807
317.522
454.027
24.2458
191.44
40.3263
19.811
283.736
9.38209
9.87363
130.534
443.251
23.7399
216.68
366.445
12.5312
10.1817
119.963
186.799
564.346
73.1258
351.768
20.8773
101.387
37.3216
425.536
138.51
140.217
125.986
324.678
27.8293
10.0584
24.9921
15.0408
35.9137
26.1343
338.901
21.6401
528.258
242.248
220.511
7.34162
114.199
176.226
12.2313
33.4219
323.534
297.611
13.6413
244.104
19.4952
77.3668
184.778
14.9182
15.905
128.512
210.144
275.82
11.2534
200.303
12.6454
487.006
14.9595
247.38
171.482
45.0563
309.857
61.8762
194.856
55.0321
43.2821
12.0338
10.8247
375.077
138.557
22.2426
14.3626
9.67931
332.367
195.333
173.896
15.1663
292.29
21.5071
502.711
284.04
47.0318
315.004
459.363
49.409
89.5683
112.778
562.286
425.997
405.223
25.601
167.5
374.678
16.2644
111.108
371.668
353.096
23.5937
270.063
226.329
26.4683
148.192
61.8436
20.1498
507.437
202.441
75.2676
333.913
23.7991
68.0284
146.445
343.525
259.181
554.29
296.413
21.0567
20.3193
383.925
332.98
174.036
440.833
106.011
270.007
184.986
321.471
9.68797
33.0556
202.82
24.0616
256.094
240.435
295.181
9.75747
307.766
21.9438
53.7537
109.729
14.5917
434.531
247.51
121.31
20.3482
254.597
367.151
258.62
540.516
122.759
199.988
16.1238
300.516
477.451
416.891
16.482
200.181
228.788
25.1366
171.487
4.71758
546.323
12.2916
339.672
165.913
16.8298
16.9241
52.2343
203.92
27.1436
15.6782
5.17957
307.717
312.123
247.71
22.2276
248.301
22.4774
72.774
21.3185
183.293
285.554
16.1462
244.881
18.5846
168.774
126.517
10.4722
232.301
206.003
556.157
159.344
93.8297
366.29
243.333
10.2937
20.4592
20.9388
23.9081
253.862
64.1207
19.0587
336.908
151.24
244.67
172.31
23.1327
18.2152
8.58499
183.053
270.067
342.334
113.246
20.0418
391.95
310.193
101.105
60.2385
296.774
370.121
25.7553
27.9742
283.396
20.1481
532.247
335.907
16.2785
181.467
283.719
131.263
190.973
420.867
19.6094
215.195
120.99
8.29539
383.995
438.963
390.679
265.363
19.2277
102.23
14.5472
562.469
568.888
375.919
117.412
74.3808
69.9483
10.3049
9.47067
5.95214
20.76
18.4656
218.001
16.5761
28.537
23.7955
22.7362
55.5693
49.4225
500.056
7.47338
274.519
167.004
14.8469
18.2022
144.43
155.916
175.89
242.454
8.66023
279.45
23.3635
47.6198
128.614
334.857
72.0998
230.803
4.38067
352.9
237.738
6.7806
92.9368
528.74
25.7279
256.152
285.926
285.414
53.0313
18.7794
17.0884
452.371
382.918
15.6834
153.826
4.28747
8.67188
387.595
116.001
270.912
5.11897
252.335
496.841
328.264
79.8943
16.8747
28.2966
170.812
15.8738
17.5988
90.9576
200.295
218.597
12.336
33.9721
173.597
581.532
10.346
327.016
157.039
21.3957
296.0
198.985
36.8493
20.1117
264.058
224.501
14.4614
59.4733
102.074
382.467
151.368
500.795
12.6123
17.4213
242.163
17.3893
14.5906
3.49747
309.823
373.704
11.5249
19.9643
504.066
13.6929
252.451
266.311
221.914
62.6587
445.663
508.194
309.248
434.325
504.147
425.845
18.5993
33.8866
38.2436
202.245
469.703
22.5921
22.337
50.4221
38.2546
44.8477
14.7179
162.914
16.053
5.73482
16.4221
25.6753
182.118
258.691
105.178
14.5269
298.951
105.372
230.715
14.9544
19.8386
205.858
109.887
56.4315
60.6747
19.2767
380.353
88.1512
115.99
18.8412
133.186
18.649
351.279
219.16
69.3477
21.3462
374.645
8.3752
181.597
7.53247
272.581
16.5193
369.884
351.614
308.609
24.4626
269.229
51.5457
267.882
222.022
10.8295
202.832
22.6219
177.697
54.227
16.1045
435.456
199.523
137.554
458.202
6.26938
19.3125
202.18
12.8026
240.15
227.479
427.112
32.2831
512.11
13.8506
250.679
373.452
404.589
259.825
435.794
103.002
269.047
18.8164
306.795
5.49999
229.856
342.058
80.6498
10.5255
154.028
11.1076
431.28
10.7414
424.077
16.4919
390.717
61.3701
21.3924
301.352
381.834
396.781
114.289
306.858
235.159
206.691
130.719
61.2631
12.355
328.475
58.5696
228.102
118.845
17.2171
9.96348
13.8765
82.3013
382.513
66.1294
216.014
19.722
300.41
197.343
19.1973
307.807
526.86
15.2014
205.331
116.476
120.09
274.704
50.1595
13.8285
16.1608
18.5809
33.6216
415.753
232.522
364.785
24.8511
496.723
20.4083
430.922
386.12
15.0543
372.322
442.792
10.2031
15.4422
14.5287
14.7763
295.382
299.463
36.767
21.5839
68.6352
469.832
156.197
353.146
73.7208
20.5125
389.106
14.8548
90.6438
379.422
344.65
22.4727
311.721
372.343
82.6795
4.82727
20.5141
16.3616
14.0111
210.949
50.8209
378.791
196.641
14.4656
21.6447
274.408
24.5179
157.366
19.9391
360.956
15.3448
24.6612
14.8532
423.969
13.8285
16.1608
18.5809
33.6216
415.753
232.522
364.785
24.8511
496.723
20.4083
430.922
386.12
15.0543
372.322
442.792
10.2031
15.4422
14.5287
14.7763
5.77655
464.998
335.855
15.7633
18.1203
239.157
35.9775
18.8737
338.06
274.475
13.3382
15.4902
411.923
214.247
147.147
10.0737
161.818
153.385
148.973
18.0631
141.647
42.6111
398.543
295.939
16.8015
375.522
21.1914
355.65
14.2062
390.398
302.415
307.612
35.0269
19.8436
59.0828
433.069
305.954
395.716
437.844
111.245
3.84504
13.5936
265.934
207.08
7.44788
202.975
380.923
169.497
17.0099
416.941
209.858
21.1171
270.041
232.896
12.1511
177.657
16.6178
233.567
292.074
335.878
241.283
87.5342
19.1544
160.612
74.0844
286.547
259.609
53.329
211.681
309.938
5.69613
176.9
372.181
320.245
94.1705
124.441
115.842
193.091
23.9113
27.7618
176.408
308.526
239.09
186.165
310.965
23.8873
11.9614
15.5018
237.288
3.86278
399.046
179.459
31.7417
23.7117
181.001
415.865
17.4698
409.933
229.487
15.2833
18.0376
257.144
477.196
240.221
127.307
107.92
18.1311
18.2173
43.2946
35.7836
73.4925
223.275
305.965
155.132
210.0
105.131
214.633
20.6293
383.032
285.976
12.9512
33.7757
75.7792
9.28308
11.4727
35.8361
251.363
22.3474
102.4
449.654
19.3986
336.57
78.9902
9.20756
171.399
20.1013
535.025
8.70715
305.278
88.391
321.103
403.633
359.477
482.293
147.777
266.097
224.426
15.9884
417.142
14.712
19.0644
11.9561
257.561
20.9412
-146.981
13.3499
460.633
355.869
20.5343
223.237
14.5526
399.759
14.5464
294.242
156.88
330.752
257.38
423.986
61.1393
496.556
222.379
70.1615
9.62475
247.203
347.715
91.0283
430.134
517.982
20.896
22.1595
177.105
245.993
127.784
427.649
126.841
5.83336
558.939
21.8156
22.5112
449.803
297.32
186.967
139.039
96.8283
18.9127
15.566
313.868
55.1328
98.7788
323.499
388.16
391.216
14.1341
19.9309
454.093
369.519
459.623
223.124
22.313
23.4334
6.97308
285.405
14.697
215.935
189.078
14.4673
166.253
314.47
335.886
131.68
58.4169
29.3146
210.136
19.6165
201.344
13.9686
164.275
320.607
144.653
24.5425
325.888
470.28
146.706
9.17593
355.741
540.881
469.749
337.147
14.8826
17.5178
50.287
244.083
462.289
180.215
213.941
115.897
226.87
280.791
23.2329
121.601
200.892
61.4703
136.889
19.8451
20.5215
97.3501
14.1256
98.2708
10.2375
19.9197
189.447
121.962
284.529
450.029
244.371
22.0584
196.533
194.314
12.4075
354.623
461.554
151.414
10.6383
9.22366
536.607
358.131
249.0
50.2572
212.841
272.718
72.1898
17.1136
158.452
19.632
23.3668
69.6592
440.809
502.239
432.629
208.145
400.371
138.37
11.9373
16.1105
118.998
15.2534
191.623
172.213
171.976
549.078
86.3613
19.8312
25.1486
350.151
293.749
39.0118
203.671
16.3641
332.736
208.147
24.0543
206.565
224.171
179.271
226.092
354.11
556.392
21.7158
263.034
88.7151
282.324
172.244
14.6537
260.474
145.827
17.8718
293.123
338.502
108.825
17.0078
117.516
175.92
174.74
214.507
213.832
503.478
367.819
185.582
241.605
22.0049
256.672
365.373
124.061
200.683
273.441
202.016
15.0265
18.4035
360.915
104.657
56.9447
409.694
201.988
386.24
22.1169
11.3784
131.107
20.2149
162.207
513.418
78.0612
9.65786
12.0268
8.16474
62.9723
14.0105
303.784
4.6326
275.224
123.564
505.021
20.5646
353.991
51.495
229.299
13.3937
419.008
16.4275
18.6024
21.6375
24.057
289.351
406.778
98.1408
100.14
404.596
544.098
298.171
17.123
18.9539
23.4922
25.2031
22.6134
201.251
314.294
387.716
13.8514
196.145
15.125
43.9844
188.286
5.03796
118.222
16.4807
515.667
126.093
20.193
240.913
203.06
430.243
513.241
83.4291
246.541
441.013
402.31
11.9637
20.2042
412.046
45.1131
332.487
70.9818
14.8001
236.257
325.386
448.137
564.141
239.444
302.792
263.267
124.746
194.572
85.1176
175.898
23.1151
153.26
43.9002
109.972
364.696
112.625
386.457
53.0053
194.75
4.98134
454.663
363.393
226.654
82.7976
11.2602
21.4556
10.2734
401.539
20.5363
230.335
22.2525
214.534
21.8511
177.261
125.692
545.614
20.2477
10.9889
131.005
16.9588
164.025
22.2572
143.876
423.8
489.209
444.141
5.74198
217.152
365.553
103.705
11.2712
196.247
276.544
8.54371
186.257
98.7758
98.3262
16.6227
68.2319
294.509
249.146
158.243
11.7131
162.924
110.012
21.3053
304.038
11.4987
492.013
11.3061
361.952
340.655
352.917
482.202
375.585
15.0853
279.256
44.4618
190.676
23.5811
12.9556
17.9147
392.9
65.7483
208.088
140.682
186.896
205.545
21.3521
201.515
357.011
243.457
534.148
6.88289
309.831
430.331
7.59614
15.6302
9.90549
364.812
222.022
334.26
7.52475
104.813
34.1428
297.844
301.079
14.4013
249.109
24.9602
284.753
74.55
299.758
221.23
104.47
188.705
259.737
172.266
18.6293
573.389
321.686
324.566
38.8862
18.3695
86.7485
172.127
334.712
18.1225
360.105
265.315
20.8171
19.6199
327.846
20.8514
20.7417
21.9356
42.8265
404.79
16.1272
85.8818
490.501
154.726
132.706
82.5053
176.052
130.503
23.3091
300.703
9.70247
8.24995
17.99
304.918
11.4251
22.7817
145.049
116.884
241.978
57.9988
182.885
169.825
19.8713
18.484
488.377
30.8184
100.194
8.2826
12.922
153.333
77.7676
139.473
17.6591
563.144
237.116
21.9128
56.031
167.558
165.97
486.115
398.336
187.395
358.629
167.126
504.547
544.652
427.503
117.816
33.346
138.867
16.7528
369.826
308.249
25.8697
11.5735
446.564
21.8021
385.34
264.069
163.058
360.861
10.9244
241.558
19.3225
303.878
115.658
9.7539
440.731
154.895
9.62161
92.856
451.55
96.8227
266.142
302.544
344.896
554.637
60.4793
17.9923
383.237
312.757
18.8073
240.035
93.1148
7.66766
11.8077
19.653
232.391
339.665
192.99
148.231
174.281
435.673
295.43
16.5488
324.825
174.63
147.155
150.855
16.3135
11.6466
10.6447
320.678
19.4138
19.6033
354.155
15.305
6.37177
107.031
143.686
518.913
337.721
104.312
119.731
245.632
12.9382
17.4481
235.371
14.9889
7.82936
12.195
63.9079
144.41
6.13641
26.6498
212.202
324.675
22.1552
22.2691
35.5018
313.72
11.9799
129.151
117.982
188.083
329.323
175.942
240.101
19.5715
290.132
244.233
10.5808
5.25291
12.0499
191.4
216.904
338.186
9.95865
217.999
238.603
507.083
201.077
333.243
20.3682
209.465
222.065
82.8984
5.56084
20.2209
9.58869
7.07304
18.1719
255.224
60.9602
172.792
289.19
107.503
319.41
251.511
35.8944
7.75723
93.8282
14.2098
12.5822
521.504
10.9344
10.3005
260.289
333.781
6.82299
11.7577
14.7952
319.047
18.7629
257.303
191.561
33.0196
170.187
21.5966
14.6442
6.99394
7.04399
269.649
8.96176
64.2765
318.304
251.957
38.2805
215.224
340.058
6.69475
17.7579
295.735
241.033
13.2002
137.017
145.523
412.618
135.912
425.251
26.4264
178.044
181.463
227.793
14.373
325.248
16.1856
154.511
10.2845
16.6543
431.515
29.0527
8.109
188.33
10.3659
301.296
247.09
16.1099
12.0598
273.547
58.071
7.71292
461.09
21.3145
27.2775
192.587
21.4464
207.041
39.7107
15.5127
16.615
274.097
429.149
126.52
15.0637
172.492
14.6753
66.8783
11.1866
411.503
297.361
361.387
296.848
12.4218
206.67
158.607
360.906
204.092
180.926
17.3103
169.504
380.622
17.3509
83.5696
264.082
11.921
292.168
318.425
428.059
379.101
152.664
250.97
16.4312
19.9383
17.8739
147.923
299.93
9.83005
137.948
268.243
81.6861
63.7237
418.716
179.04
14.529
124.831
55.0702
244.619
12.7651
243.819
178.865
423.306
422.001
205.463
68.6577
12.9563
18.796
16.3114
173.157
14.515
13.0882
157.033
16.5789
11.3256
183.039
188.851
11.7032
247.476
19.6889
157.829
21.9678
178.613
120.627
235.722
18.0979
18.0324
7.86769
374.208
90.4426
357.894
410.19
125.971
240.257
219.768
263.959
316.98
430.738
365.952
23.5338
138.187
12.6925
13.3161
377.003
339.886
5.97636
34.9448
159.717
20.3774
433.418
195.872
10.1465
20.7026
118.209
154.356
345.823
548.021
377.781
363.565
19.6095
9.3423
6.03827
215.656
24.1095
162.637
88.0023
8.76539
429.758
102.051
206.393
318.744
373.428
8.61354
116.074
241.535
336.815
123.769
170.463
5.21498
103.852
189.312
122.272
21.9799
135.42
9.57531
205.709
71.4771
563.581
47.8019
481.497
138.266
341.296
53.961
48.9564
5.25689
4.63498
13.7507
12.6211
194.659
95.9083
445.874
7.76316
32.9605
213.245
16.7054
162.753
312.963
150.502
12.5239
225.84
394.301
248.168
312.366
110.071
116.103
6.03773
421.033
24.9409
500.637
154.269
194.879
99.6259
93.4557
30.4856
105.971
155.433
280.45
323.702
42.3301
111.404
439.031
5.37845
86.7304
140.578
10.9218
361.77
404.725
13.1207
396.333
410.683
171.672
296.719
299.741
541.372
120.946
113.624
184.853
389.775
83.9767
13.7987
256.731
4.98627
445.871
376.224
23.2968
113.965
83.0443
13.4294
78.265
156.129
389.009
318.633
235.902
169.538
82.9909
26.9389
22.5955
23.7448
87.8622
22.5632
66.5789
58.359
151.59
21.0138
336.443
9.79374
272.994
10.6791
126.308
13.7528
304.079
204.356
11.5645
213.073
106.702
163.595
177.162
13.1963
266.966
293.708
15.6568
399.33
29.5573
332.024
464.74
9.45159
108.45
16.4679
411.463
29.7194
76.7958
16.189
380.22
241.456
186.716
491.518
11.2967
28.2116
15.3094
146.75
115.987
356.883
132.638
142.731
5.33526
327.407
255.983
494.982
3.45552
26.7098
279.61
18.0213
469.845
97.5424
179.958
11.1441
312.275
21.5947
453.283
17.8364
48.1715
10.9645
307.068
19.4463
143.078
305.369
325.663
19.1678
17.1479
16.5104
84.8856
436.166
170.458
18.3163
21.9036
178.58
189.18
16.964
172.607
14.297
142.005
26.5188
218.688
276.277
101.782
197.145
30.9822
17.913
21.6767
228.677
267.267
10.6869
68.3845
24.6577
10.4223
586.003
290.351
66.8177
8.06328
176.318
346.44
211.873
224.082
17.5109
182.05
18.695
22.7948
474.552
208.274
110.399
236.956
458.167
19.4439
21.0268
21.902
91.1095
17.7493
161.089
18.6897
15.5826
239.07
40.3246
92.4191
18.6038
13.7
145.195
162.915
184.604
3.9319
452.0
463.931
15.0773
384.848
20.2574
21.3451
10.0605
20.0023
227.385
297.094
19.585
12.896
48.3373
20.8731
45.891
19.8835
504.159
22.9967
52.3592
85.2486
4.84082
18.1548
28.3458
355.638
31.9279
12.1499
259.593
277.535
298.8
179.967
357.985
143.067
441.87
20.629
164.152
254.877
18.6484
301.119
26.5053
86.9112
17.274
53.5594
13.2135
18.3036
21.8416
226.867
119.813
193.228
257.571
67.8144
61.7438
526.977
52.1004
34.1157
142.879
111.99
8.05054
9.7142
10.9922
131.54
12.5487
349.05
206.007
150.063
217.639
221.542
9.85637
18.9212
117.365
581.736
229.378
219.411
12.6333
20.2488
48.6802
324.339
19.583
13.7394
17.4488
404.021
432.376
467.632
10.7274
20.9078
22.1892
18.2493
18.6278
370.894
179.673
78.8398
419.321
298.695
274.964
438.389
76.2806
250.036
423.347
341.553
128.259
14.5993
12.3591
8.71017
7.71759
312.004
292.152
63.8832
425.808
19.5287
11.7247
18.5398
81.6713
257.447
393.996
10.0768
439.936
223.98
336.014
22.5272
82.3786
13.6709
573.717
395.996
248.839
157.664
404.806
409.158
10.0969
27.6566
6.80879
61.6739
475.448
6.27042
170.98
332.508
25.7267
23.0814
181.42
369.889
216.116
266.278
238.287
141.697
314.956
350.283
24.8854
204.092
11.9895
152.289
16.0983
332.963
342.036
209.259
10.0485
557.715
427.174
14.6615
28.835
12.4736
163.974
19.667
257.308
87.4805
195.748
2.64053
21.6243
17.9644
212.149
114.098
171.38
147.708
7.63175
19.7089
11.2926
16.7321
22.4597
21.7648
150.258
251.824
74.7061
201.125
32.2363
374.201
111.608
302.339
435.807
10.4005
295.202
102.754
384.36
-6.41503
475.951
17.2133
397.941
20.7431
18.0178
258.538
232.987
81.9327
23.8609
359.656
24.4198
64.1852
17.3085
42.0943
5.21169
6.73677
269.464
184.221
492.907
125.099
24.7738
21.6938
154.48
251.196
346.288
283.933
310.658
287.571
38.9881
285.495
35.9339
367.052
11.627
72.2116
281.028
204.839
183.46
414.608
230.622
7.5932
5.09273
249.937
390.433
126.114
171.413
312.049
145.043
220.852
118.187
10.7195
109.262
87.5693
21.8285
17.9172
23.4515
25.3701
7.48375
246.05
348.374
186.022
14.5938
459.581
33.8521
258.242
268.117
431.199
7.30566
18.0881
20.9744
307.0
131.126
401.008
328.51
543.282
22.381
53.4254
557.897
464.012
66.8231
246.131
11.5572
208.284
368.769
390.104
187.682
308.024
177.295
14.987
303.253
119.568
16.7691
15.664
201.406
365.56
465.49
26.3042
259.86
16.6471
263.919
552.903
18.9045
383.572
21.8307
12.8406
297.01
423.13
323.498
29.3
18.2804
362.245
64.6887
11.0651
11.3399
212.507
20.7829
242.096
77.0665
16.7579
449.389
246.621
312.184
562.6
5.66682
16.3126
21.7214
360.69
23.6262
464.153
334.797
23.3886
21.0292
18.3553
245.274
251.826
21.0418
195.867
75.5884
18.7851
25.097
136.231
18.3264
147.9
307.55
276.608
267.978
150.211
243.202
9.42004
266.877
14.5213
113.182
194.798
20.0425
250.014
20.003
22.0571
16.1423
19.3569
209.646
13.2273
26.3211
304.052
117.142
18.2254
24.8256
173.175
53.8253
16.6516
59.7973
318.231
156.686
166.391
260.169
422.893
14.0424
375.534
178.85
7.59228
172.506
13.4511
18.5993
266.636
177.784
195.069
17.8503
13.5472
77.1519
36.0488
32.2061
220.038
38.0136
467.834
6.22437
18.8324
167.844
11.9687
484.033
14.2256
490.841
11.2864
20.2129
282.604
61.6229
324.643
496.325
369.787
178.493
293.641
568.463
15.6074
81.5852
432.327
55.636
37.1586
387.354
21.4913
206.357
362.436
18.0455
7.10923
233.58
17.1246
209.079
25.9208
16.9071
385.902
20.9711
9.51437
256.073
15.7874
225.08
232.333
533.758
227.146
352.921
130.525
171.388
351.13
80.2184
86.6589
202.731
66.4729
235.508
278.937
171.326
345.024
364.485
20.6942
19.4027
185.15
172.31
63.5755
347.798
305.278
358.95
22.1382
148.639
502.475
15.8743
424.361
238.364
144.266
442.403
292.652
91.0006
413.047
87.797
324.991
392.46
404.81
439.562
517.387
214.682
21.7172
115.049
11.9756
17.8902
337.131
261.024
39.2592
21.956
19.5525
233.307
364.579
11.0481
119.819
9.83719
485.111
22.3802
93.6964
332.614
13.3965
9.76134
5.62215
572.106
109.26
383.029
115.01
464.303
19.545
26.7212
32.7863
163.638
200.849
430.288
381.126
213.183
23.1471
22.7807
290.436
14.5956
368.213
20.1304
288.259
18.9279
152.194
204.39
23.2707
72.4384
65.1086
288.034
14.7589
16.2595
10.8011
29.2541
11.3451
23.6193
9.92759
18.1803
24.1124
224.851
112.674
21.473
74.8163
326.393
349.564
15.2147
7.31363
96.1228
192.498
305.042
277.632
6.35366
249.724
192.321
23.5428
19.4943
350.255
448.532
474.541
66.6902
132.448
117.448
301.38
190.941
250.099
173.343
260.586
9.52667
178.165
164.691
184.729
111.002
163.603
3.41887
31.1739
119.668
203.487
294.89
60.929
452.84
18.7731
74.1594
78.0056
19.2989
443.047
9.04069
303.304
8.22784
162.367
143.737
69.1074
253.169
255.843
318.72
23.0934
23.3844
545.545
10.9468
58.826
43.934
19.978
5.09308
79.451
4.07803
19.7178
43.4331
45.4952
203.023
392.277
567.765
17.5984
7.47744
204.954
145.259
401.753
127.639
508.753
136.794
19.3841
23.848
499.892
176.473
444.138
284.123
14.0507
431.128
186.611
440.714
243.726
149.786
295.54
24.9501
83.0266
195.217
19.9522
386.524
450.752
232.214
8.45574
307.642
29.234
8.82779
525.626
110.587
343.318
335.864
180.851
358.556
146.147
403.376
211.889
9.08313
6.63471
185.641
16.9152
21.3734
276.553
390.462
119.496
176.601
9.87118
135.636
405.005
10.6356
33.4248
20.7167
111.431
4.12827
280.155
329.808
275.485
22.795
85.0074
62.8724
24.2792
29.6697
5.67326
106.822
263.549
130.168
108.658
292.309
12.024
588.471
102.02
532.784
329.141
199.504
355.431
16.1986
19.1999
14.4401
308.43
162.391
28.2911
12.6787
12.1237
23.6558
21.1485
203.448
332.62
100.626
30.1161
239.87
204.979
431.046
70.9108
173.368
136.624
265.856
34.9071
7.49671
356.977
135.788
31.4482
268.755
10.2823
17.8277
19.6722
354.381
131.043
80.9566
154.596
32.4371
10.7794
511.784
150.732
320.728
113.519
157.676
151.862
47.5145
350.095
20.4924
55.2575
504.492
327.035
168.505
357.63
49.3323
545.526
13.6207
375.911
16.3162
208.7
7.4293
242.049
17.2354
139.706
360.432
201.424
63.8348
173.334
18.972
13.1794
151.556
26.3066
341.081
449.376
10.3046
339.534
11.6294
290.9
17.9277
238.895
22.6353
18.7021
18.7155
144.549
7.05463
235.044
44.2307
448.987
186.197
203.111
21.8518
139.625
425.277
417.568
308.802
9.3934
487.438
171.409
41.0654
297.642
200.566
243.486
83.4602
390.648
173.038
417.68
28.8672
255.093
10.2898
23.0587
12.3141
381.82
23.2534
249.036
235.181
84.7855
342.266
15.07
234.28
289.77
22.0051
96.6685
10.1092
101.504
154.933
395.459
6.87347
358.431
15.3397
74.9351
9.72672
21.4402
144.796
13.4467
295.046
157.836
14.7283
162.909
64.5422
19.918
125.852
230.153
38.4891
17.182
18.9714
172.122
13.582
23.4635
71.6266
169.329
32.4118
171.973
22.2585
104.139
83.0338
24.1424
419.244
8.0123
68.6835
397.836
17.1625
16.6152
591.154
54.5929
15.3393
381.989
74.3181
489.871
288.945
86.8928
77.7952
162.925
124.036
266.197
230.487
68.4901
362.807
47.753
21.2902
89.3365
22.5856
349.45
131.62
103.186
16.1964
15.8176
255.373
60.7401
285.597
23.3462
425.178
153.514
24.861
421.536
16.5355
393.516
167.863
309.077
412.709
119.745
167.586
121.362
193.549
255.73
75.9224
5.35216
420.808
22.2313
4.65933
22.6128
93.5085
207.192
16.8223
298.158
502.241
7.32217
12.4039
11.1705
355.33
266.58
470.136
20.2712
11.254
263.83
115.792
210.289
78.3511
167.215
281.061
185.409
14.5913
14.0426
20.5949
414.385
342.189
47.0257
21.6671
8.76493
10.2929
18.9504
22.4296
535.756
18.6478
12.6527
231.053
48.8531
248.428
131.88
264.378
315.934
26.1691
14.4528
16.2424
372.431
448.5
209.805
101.279
214.27
41.549
444.462
44.1387
239.086
12.2854
17.7369
342.897
220.309
77.2494
331.212
375.688
15.9281
159.368
132.825
34.3546
363.988
19.6014
89.5634
21.1201
128.148
65.3324
432.294
11.3624
306.563
21.9002
209.682
-4.26991
205.794
427.0
12.494
237.286
174.325
59.0329
231.424
87.8087
10.7949
195.185
282.642
109.189
23.317
11.9733
48.719
84.2023
126.095
267.355
33.2976
82.289
520.49
153.232
267.187
332.998
261.324
378.636
9.2329
13.786
11.2384
435.717
137.753
14.8694
509.681
216.422
52.8647
19.9688
107.983
20.1495
553.524
18.3749
21.6357
237.837
455.475
80.8479
336.215
14.8174
7.8053
53.9081
540.207
85.3016
6.79443
364.169
9.1968
18.1094
19.9043
54.6272
367.197
58.0078
300.662
26.6373
138.355
40.1316
356.865
382.351
144.74
128.54
122.919
173.402
314.05
13.0311
18.9083
165.402
21.8664
12.9469
274.772
26.993
554.567
447.022
5.75536
62.4598
17.6652
176.66
387.735
200.916
312.425
284.231
32.3384
98.2675
236.37
415.138
113.303
58.9327
308.224
9.92775
33.6429
323.564
18.0599
247.55
10.5372
108.52
54.2534
115.474
103.141
89.3474
108.533
484.277
16.2795
490.382
12.1355
18.679
16.4391
15.4581
18.8367
19.7419
50.9266
114.959
11.673
46.8896
190.83
120.245
302.266
19.5294
48.079
241.174
13.2469
365.312
91.4362
243.259
21.1399
244.124
11.7074
16.4795
512.562
13.2547
4.90057
11.5017
122.644
551.072
342.887
339.432
110.58
111.281
22.2171
11.209
23.384
316.937
326.88
19.561
20.5284
418.532
6.78831
141.545
184.56
169.833
138.909
405.786
97.8755
19.5762
106.259
408.29
8.30894
65.2634
368.34
11.2128
249.002
18.4862
23.0236
214.544
147.641
145.605
358.945
251.896
15.9591
22.053
193.927
13.6481
248.376
12.2031
351.218
224.567
106.064
138.964
172.866
21.8934
11.2019
96.4664
302.473
75.9154
530.866
17.258
285.594
388.57
415.667
429.871
50.666
521.413
264.229
142.097
86.1773
18.936
18.742
415.842
14.6658
482.664
10.9439
29.495
434.863
12.4871
135.052
181.416
420.246
273.727
122.536
16.5745
258.23
480.267
15.4325
-1.56158
42.5348
186.341
264.143
20.8398
21.2126
65.1289
362.824
19.2106
352.928
13.0222
18.9161
415.495
123.663
21.5437
27.1944
175.53
56.1636
5.00087
88.1257
20.9987
381.772
163.915
19.207
108.174
86.0753
185.537
12.7814
22.4428
19.5226
62.8326
24.0908
11.6478
554.38
21.3922
23.643
237.4
53.234
322.538
164.969
524.297
265.91
259.835
324.128
34.5131
185.756
343.036
116.44
21.9779
16.4752
232.955
23.8901
5.03409
28.7592
136.928
239.017
261.7
16.2458
105.296
89.8183
29.4043
410.578
58.3836
228.808
137.491
35.5136
129.268
49.0538
67.5782
164.024
214.493
223.866
244.754
18.6733
249.729
24.5333
20.2883
184.504
350.348
36.9953
368.435
16.6364
370.791
341.685
344.575
272.177
53.9598
428.598
132.698
385.385
145.082
434.383
22.5053
116.472
393.415
83.9247
306.015
305.24
324.511
28.5896
91.0514
257.882
234.066
16.9871
339.692
243.674
39.2718
65.6005
353.762
63.6802
410.164
171.551
69.0411
228.507
14.3392
311.422
17.6471
437.007
13.961
7.69234
300.946
115.361
80.988
230.183
408.932
259.239
151.002
314.293
429.519
565.053
558.201
21.9208
325.895
406.362
9.74393
402.28
15.5339
179.0
256.725
175.929
479.547
330.006
22.7273
17.6939
210.25
317.612
252.404
7.73032
169.259
347.731
131.664
250.599
172.876
16.1038
267.159
521.276
322.987
124.228
485.088
205.09
377.381
334.266
125.851
156.622
205.296
9.26285
21.5721
321.825
138.136
558.211
410.032
208.909
4.99224
417.263
105.117
213.619
341.94
103.368
362.123
12.1355
227.825
554.902
161.066
183.18
27.5784
219.871
52.3297
113.011
49.0756
190.797
10.29
309.337
262.355
365.587
188.438
12.6828
6.81623
64.9736
104.815
249.663
413.962
351.097
292.983
10.8392
197.526
558.823
13.5966
314.093
17.5068
16.7221
26.802
116.712
30.4255
20.3949
417.42
369.516
68.6676
280.281
55.677
21.0461
25.6931
22.3436
24.8402
20.2118
265.291
9.22547
117.482
281.972
86.4624
199.76
9.1792
12.3579
16.1371
336.547
253.775
17.0404
18.7712
21.5488
215.536
344.75
108.055
295.526
30.1035
72.9582
225.999
190.672
234.548
15.1346
13.3816
17.6979
14.0036
90.8429
18.5438
18.3748
3.42469
325.713
309.573
83.6876
553.059
55.4679
144.409
16.3312
129.792
281.825
17.1677
383.149
105.442
44.0007
92.6056
13.4723
458.086
247.087
198.422
56.5254
17.9248
266.497
11.8206
101.209
311.956
6.16007
17.4525
10.7803
10.6789
157.706
539.432
-4.35795
6.95991
250.623
9.27886
285.898
354.573
550.489
89.2231
320.054
302.775
7.71059
435.224
329.385
396.443
124.158
47.5774
457.32
452.297
89.7257
67.7557
275.337
57.3948
9.67104
12.7574
347.308
259.365
198.65
15.6437
301.676
80.7224
8.13087
22.7123
309.682
22.0528
323.51
99.6299
542.147
21.7908
124.707
20.3256
54.9457
383.455
432.646
17.7502
206.235
51.109
431.869
23.2723
9.3808
231.311
107.527
79.9299
233.248
275.55
156.165
275.077
175.104
290.816
213.256
244.984
19.1457
64.3185
99.8075
19.8096
255.905
260.737
29.8814
408.025
17.914
18.8088
260.717
8.51392
221.119
18.7572
51.6345
259.011
10.2375
97.8611
244.637
246.793
9.99497
407.633
329.833
194.996
284.738
464.926
387.518
18.5239
317.551
28.5436
305.037
182.69
126.947
243.608
14.8224
532.173
152.378
204.364
133.674
21.5719
13.3171
170.689
89.8256
260.033
540.156
33.4996
258.185
37.0106
15.9192
540.607
20.758
55.6923
15.4218
23.3287
21.2064
245.132
14.2395
142.748
14.4214
303.207
171.86
20.0144
18.5261
176.273
14.6682
20.847
15.6882
22.853
53.9968
460.478
22.8311
373.149
212.055
412.551
271.709
24.6388
443.583
471.999
142.619
48.9611
68.707
243.694
389.39
446.633
144.716
415.809
36.776
159.263
177.101
156.275
186.903
11.0173
175.0
177.591
82.9651
16.3292
40.6245
16.6597
216.548
71.4091
19.2162
10.6658
171.589
24.662
225.373
272.938
13.0759
211.507
12.677
65.3863
56.4012
233.475
44.4624
205.299
23.2294
337.675
249.63
220.859
20.8153
8.71216
18.8619
18.7648
11.1043
216.92
141.428
373.581
242.09
15.9877
286.818
171.994
5.46171
405.058
542.018
16.3572
20.4882
399.847
433.635
274.167
16.6503
155.097
553.841
135.161
20.2393
67.9307
21.3211
199.315
10.1287
276.974
298.527
20.2198
14.9149
51.5954
179.969
339.267
317.305
481.086
219.515
12.3025
252.999
272.543
373.575
301.44
566.854
12.0533
197.541
324.508
314.466
61.2892
302.726
207.707
493.358
75.0326
454.25
245.536
16.1293
222.018
137.062
534.667
473.234
115.026
179.966
257.793
329.66
240.839
467.691
289.971
49.818
22.9448
19.3841
19.34
386.348
306.453
109.268
235.559
1.27074
509.489
11.9708
205.656
20.994
197.154
297.864
326.6
273.89
105.202
7.76103
228.255
196.396
360.269
53.7173
512.158
361.501
17.1539
292.027
8.68932
467.338
67.0515
376.336
23.5778
18.8099
483.468
305.977
23.6458
9.95047
12.3156
16.6951
17.2502
13.2455
19.9049
192.33
374.312
554.953
387.766
13.4941
19.3464
21.3827
268.444
166.944
522.655
77.1258
247.355
402.337
156.248
16.3753
131.926
305.137
217.168
0.84443
162.115
107.821
91.7455
46.6175
215.274
12.6199
108.213
16.9609
132.11
5.87287
15.8179
392.242
18.6911
13.5948
11.0753
9.97884
207.627
5.14474
241.675
16.9934
22.1729
274.02
13.9524
321.935
93.6598
13.4117
122.315
8.52566
173.302
6.53559
21.9229
274.857
362.416
24.5097
438.01
272.047
5.00718
138.566
21.4436
267.277
332.101
466.63
126.804
113.838
16.6444
16.2346
5.49101
216.65
20.814
16.9584
192.731
174.418
10.5912
13.4279
15.9625
8.75465
9.20446
68.0902
179.614
439.22
169.523
159.443
332.037
236.771
332.179
10.8375
139.754
534.062
316.872
474.466
308.171
6.22458
86.6314
130.953
360.952
27.0424
28.307
257.953
8.58636
244.882
7.83419
17.362
471.636
208.88
9.05181
99.893
199.102
81.8598
229.012
262.81
21.3344
33.7419
15.5352
523.814
12.0082
90.0445
42.8995
4.46388
26.3699
89.3996
356.622
18.9657
20.3737
51.4172
21.7872
25.9661
93.332
16.0721
11.4925
13.7383
297.769
89.5433
11.2261
424.005
428.636
20.7063
443.064
10.0942
495.016
404.345
405.709
18.6668
214.808
72.1374
12.4514
487.999
22.6571
431.369
115.291
166.041
45.1616
532.301
14.0669
305.136
338.523
11.8087
14.8168
156.452
405.633
109.396
22.5744
16.4362
284.973
303.47
66.9785
143.461
18.157
301.367
9.67005
195.181
20.02
7.75681
97.0607
16.3257
9.78557
23.2742
24.1784
23.3689
393.866
16.1493
273.292
301.88
22.5866
556.299
27.8681
27.228
172.504
6.74173
31.6792
7.08783
148.134
54.0106
215.379
326.021
22.848
162.263
22.3149
153.562
435.373
219.917
67.403
387.717
274.522
20.8754
260.045
412.594
387.417
276.116
255.132
129.961
204.023
272.28
15.2825
22.5521
14.4729
290.886
217.362
165.291
218.645
14.9188
31.4004
303.771
343.658
126.628
148.155
17.1782
124.591
17.8237
302.385
204.76
173.03
20.1908
7.75828
14.5467
358.946
306.593
24.9313
291.975
397.576
247.24
376.214
442.871
505.193
181.149
18.2987
223.52
10.7867
21.3513
60.6964
249.514
10.9253
134.146
39.62
176.207
353.601
12.9987
18.5701
15.6313
49.3237
14.1526
12.8177
144.631
21.5668
145.679
66.2437
371.439
19.0062
23.9083
18.2509
84.8636
259.932
116.047
21.3291
371.642
205.232
11.1693
10.6783
47.4377
385.961
431.615
132.98
31.135
4.48004
483.236
22.1979
124.22
481.757
5.13642
17.8253
15.1851
69.6828
509.017
20.2515
332.1
14.6124
102.45
315.998
17.665
17.4686
85.3428
267.06
406.334
22.8721
11.5378
35.1614
353.879
10.2725
55.3707
186.229
18.36
332.95
433.756
260.548
216.551
398.021
6.9203
2.21533
18.2506
362.785
10.2897
57.3057
137.287
17.0479
182.019
21.2698
9.50288
219.538
366.302
13.9516
159.368
51.1301
10.249
15.6846
123.204
222.138
357.606
123.909
271.171
363.692
294.113
20.4732
110.159
20.1426
7.29406
7.8649
140.403
256.153
16.9607
47.3619
46.9702
191.469
500.271
24.1386
21.3505
19.059
18.322
166.382
7.03615
18.024
117.156
138.553
18.645
19.89
35.0913
403.148
8.41839
140.073
25.8806
15.7904
14.7843
13.6337
21.3109
181.58
182.604
6.44563
5.91623
79.4242
314.113
88.2791
13.7383
154.98
4.76701
7.63724
20.7666
363.296
348.802
42.7642
3.33189
293.211
126.429
133.946
23.7695
92.8179
268.644
167.848
359.493
270.146
240.231
13.6069
13.4584
61.6376
171.072
20.8726
145.881
79.0248
19.9287
460.775
21.9483
14.5782
292.007
264.046
21.4972
401.598
18.0658
22.8388
47.1107
26.0331
58.1247
160.631
180.584
393.158
98.94
109.7
14.8546
73.4716
215.027
69.6078
134.566
391.689
19.9737
203.396
408.906
17.3352
25.9277
450.291
5.06874
210.92
19.7686
17.3126
13.137
151.9
244.178
288.122
134.215
17.4653
436.752
10.6451
408.675
128.652
110.4
23.5889
153.479
160.076
391.074
465.737
10.6965
160.476
11.3538
46.7039
19.4499
69.0086
241.212
132.056
10.9181
158.283
160.056
20.8431
8.30883
19.7822
427.225
12.0433
32.524
221.324
333.793
17.0341
321.471
169.107
223.543
8.61203
92.417
21.94
46.9163
481.465
165.973
371.452
5.27745
316.588
10.3033
155.487
5.71407
174.762
482.493
238.262
364.584
22.0763
366.606
353.567
11.9215
16.4456
276.295
305.869
138.861
21.3297
202.71
321.566
46.139
41.1904
75.8155
74.3374
4.80658
13.225
151.959
355.417
20.4128
344.403
62.9691
378.284
322.398
16.6182
52.7098
215.97
78.3825
328.049
164.775
60.153
373.173
282.33
134.307
477.196
10.9192
10.7149
64.5834
339.49
367.854
485.021
23.0866
13.5822
17.7127
22.3326
502.337
244.894
19.236
427.95
151.718
186.434
18.6122
132.442
21.7917
20.5752
77.3509
173.258
133.803
476.71
216.904
14.8556
261.17
432.8
408.134
262.484
6.73077
10.5153
102.661
95.6538
18.0566
18.3097
90.1442
336.574
19.9806
23.757
310.98
243.85
4.95958
381.605
241.08
309.683
20.5132
223.343
57.9926
16.1516
220.606
12.2119
18.6177
17.2941
15.0463
60.5332
17.1438
86.5097
121.546
282.434
17.5693
132.459
23.2316
127.275
15.2816
18.7647
408.445
418.837
8.40249
11.3062
47.572
233.725
508.717
196.217
11.6739
317.266
8.26771
398.287
27.0193
12.4399
331.173
18.1872
92.9919
220.726
5.58033
15.6477
368.922
171.03
25.51
16.5571
24.7756
11.1056
18.205
477.119
8.33423
21.4243
293.979
583.863
9.16247
19.5642
349.908
36.4079
509.064
134.398
16.2206
180.857
120.007
34.5869
261.595
281.291
93.047
86.934
226.624
22.1495
131.689
199.43
96.1497
165.469
246.324
391.353
116.165
27.8443
14.6114
147.503
17.799
172.759
16.8572
14.2609
40.4479
213.621
20.2163
132.859
20.6816
17.5615
298.31
18.318
6.23633
23.776
100.189
22.0144
15.3753
407.474
198.715
5.26575
9.65779
439.151
208.738
18.6394
51.9708
3.7484
460.588
10.063
13.5051
243.859
308.367
17.4187
153.138
19.8942
233.891
262.903
15.2257
208.481
441.077
22.6231
218.069
384.396
113.105
362.728
22.717
44.4528
16.5366
59.2547
418.432
20.8799
16.8579
26.1425
400.745
512.729
100.848
26.633
40.7688
11.2436
311.764
14.6505
22.777
27.2328
366.355
240.662
4.91316
20.5543
55.4495
15.2411
13.1442
9.48901
275.227
14.2638
12.5648
32.5809
181.948
46.4304
18.2713
214.796
297.451
23.4822
187.355
22.9221
178.021
17.5546
496.685
104.996
484.982
51.3897
22.9052
157.711
19.4228
52.8808
72.8537
234.194
243.744
120.868
202.459
255.423
55.2814
15.5319
146.245
303.688
8.46087
15.2286
35.7768
133.956
362.21
20.5149
67.7231
9.4407
312.21
224.935
380.94
7.81067
495.419
400.832
90.4047
10.4029
272.206
88.0496
418.655
3.97233
10.4456
17.715
410.952
421.192
22.4946
418.205
10.0513
22.9124
119.094
105.525
7.87786
276.836
13.3487
17.3418
20.202
120.022
62.7243
4.79272
320.994
120.352
224.918
499.576
13.6584
218.24
108.734
258.564
410.003
43.2269
82.5313
269.828
10.6615
10.3882
230.198
26.4732
429.217
286.377
188.346
286.623
13.3276
58.0204
15.217
21.1229
341.113
22.9353
267.712
20.6579
169.592
19.8324
237.583
307.035
20.1712
301.365
73.6827
16.2365
9.57553
133.417
19.9845
22.0231
490.474
415.216
19.6547
16.7016
330.094
137.08
151.02
345.353
257.73
270.355
20.1194
88.5062
237.668
284.645
19.3042
346.079
193.104
14.7059
101.222
334.007
5.40447
461.059
20.4427
357.811
466.844
21.4951
9.19488
0.634864
430.024
284.749
405.666
204.04
6.17186
190.717
23.1267
122.931
437.826
13.6934
12.8745
236.856
385.018
71.3466
137.365
307.72
28.9344
17.5635
14.5658
241.29
7.41298
326.024
11.1347
5.24429
19.3135
126.929
127.522
28.682
20.5401
343.324
439.151
453.101
215.287
23.8267
23.4295
175.596
95.0978
218.449
188.914
406.409
139.663
23.5746
104.562
4.79294
165.896
205.98
267.623
15.4258
64.7987
130.753
10.6077
162.743
498.807
383.491
121.906
39.2111
6.39047
38.4625
11.6778
305.17
367.93
10.1594
10.8298
20.6686
469.267
435.187
171.184
10.0691
223.546
96.0709
9.31303
337.833
90.3617
68.4435
19.8739
196.371
17.4669
162.455
489.716
46.718
30.3395
28.2025
20.5881
327.309
300.197
8.98046
455.077
18.2526
144.253
331.944
411.543
43.148
114.944
292.143
17.0133
228.189
178.02
50.8244
139.189
426.922
263.252
341.59
293.466
15.4267
14.8075
403.939
206.826
21.7114
178.628
368.002
132.181
376.303
22.1687
234.929
14.429
317.719
93.8634
10.3248
14.4694
311.983
20.5502
24.3155
6.11743
79.3348
157.16
226.737
138.538
220.901
282.462
23.2937
241.759
359.792
224.039
247.486
92.504
402.445
382.878
494.56
18.1018
112.687
159.112
96.0498
286.24
326.66
15.8341
16.644
21.1543
245.85
180.564
164.627
388.18
90.6221
339.906
12.6563
15.5551
420.32
397.682
304.278
21.5745
178.507
15.6112
19.3942
142.099
345.371
122.259
241.22
263.802
226.408
278.439
98.2778
66.1238
563.568
146.214
58.3244
218.655
116.281
146.808
116.353
48.4927
283.053
9.42022
218.812
7.78479
161.164
208.313
59.9919
131.334
30.9601
9.44195
254.374
11.1463
11.906
294.89
11.8745
17.8588
22.0535
19.1478
23.2381
9.76036
462.492
17.3029
181.789
136.184
22.9118
252.066
224.871
15.6097
137.991
62.0105
308.624
20.8386
215.381
24.608
8.3347
557.075
88.1471
258.282
168.81
13.7046
5.00426
165.768
10.5088
309.359
17.0247
42.6526
13.7286
265.418
487.353
508.972
256.484
21.9005
20.8364
88.7437
307.275
72.3613
18.2278
345.128
109.014
490.409
54.2256
182.396
328.631
70.2466
17.5108
43.0241
3.61709
19.1267
389.124
415.544
52.0594
305.596
253.271
17.6694
17.8241
259.954
322.645
98.2751
402.398
304.729
174.462
347.489
108.814
147.247
117.207
49.9554
137.544
451.267
4.85616
18.0487
94.4029
19.289
480.796
16.3925
499.999
311.885
507.228
6.76679
396.352
41.4203
62.9274
212.131
371.946
14.1506
338.714
105.164
10.1133
47.765
119.754
22.1904
436.277
16.689
548.0
59.9883
22.1925
17.3467
222.665
164.061
135.907
219.878
164.523
18.5329
22.2356
454.347
16.0387
17.656
7.5276
146.962
345.31
8.69249
367.292
536.294
21.9283
19.0126
7.54006
391.174
152.919
239.303
237.247
186.636
244.159
81.2105
279.988
190.417
73.8236
13.3467
533.748
311.26
114.851
11.0617
566.273
273.486
74.5343
170.292
256.454
339.255
24.6966
11.7142
169.651
141.909
28.112
536.954
56.6907
339.851
16.7972
370.566
490.468
12.8423
461.025
200.011
20.8569
180.125
280.498
528.83
213.537
244.665
283.801
158.387
334.606
12.0985
83.5509
349.446
23.2896
32.3884
9.32134
176.916
426.681
148.562
24.5821
9.54445
23.2136
77.3987
17.0933
172.978
532.855
172.655
472.098
16.8865
396.62
18.5638
22.0805
339.03
24.3077
4.45166
103.017
235.153
285.132
174.579
250.89
366.51
388.434
409.833
15.6676
460.641
357.937
122.779
172.758
183.729
479.21
332.464
242.644
85.0078
25.1334
35.5392
20.6437
372.07
158.667
17.2705
8.69702
546.388
354.412
-3.2378
9.4593
80.2218
334.087
184.905
231.778
13.6031
339.933
455.922
531.903
443.674
69.3649
373.838
310.416
341.073
29.738
301.883
19.9015
191.502
461.298
128.203
264.194
244.023
19.2365
29.1086
12.8645
9.62684
19.6867
297.781
14.0098
25.5303
64.4524
130.526
349.968
436.229
19.0384
253.485
293.084
377.92
392.868
19.5811
515.273
211.976
413.378
82.2789
93.8581
266.845
463.604
76.0037
386.783
66.9471
22.4026
49.3091
80.8668
335.663
-30.25
117.431
23.06
63.8059
15.5401
263.234
9.08346
19.9383
116.826
93.7917
227.381
17.4437
100.96
548.66
399.883
55.0664
170.649
253.763
9.44712
144.403
17.8935
487.663
35.2908
234.154
38.8615
20.026
29.6853
191.742
259.542
18.755
31.4462
359.162
200.284
565.397
524.626
104.899
71.681
143.112
213.303
61.525
405.771
10.39
148.044
14.0911
250.966
555.987
7.26135
4.06525
403.66
182.235
76.0909
496.349
53.8626
282.927
151.148
313.721
172.099
18.2352
502.647
34.8494
294.268
227.471
336.665
19.2938
507.907
15.5465
141.483
244.92
6.32883
57.1255
139.558
24.1603
384.965
436.055
540.939
342.059
295.539
182.57
22.0282
154.363
19.3124
11.9013
306.727
7.36559
208.805
10.4748
115.171
389.125
15.8886
486.663
548.607
17.0336
420.873
270.303
388.472
87.3825
168.71
12.7691
325.427
263.717
15.8248
118.736
20.0213
306.972
54.0119
27.2769
22.0021
305.681
26.4575
19.6419
133.655
22.3913
218.885
220.767
222.97
324.831
262.064
124.812
18.0906
276.876
274.344
21.9375
152.978
293.326
544.073
198.292
463.781
15.5971
325.824
14.8863
215.278
394.484
10.7091
380.184
21.8071
5.83556
491.817
173.269
167.217
107.478
14.2841
22.0346
59.8213
136.684
55.1705
106.91
281.961
246.019
65.231
54.7843
100.247
121.091
55.6154
82.2973
12.3964
8.94845
221.093
25.3819
20.2582
88.5019
193.818
333.013
376.138
545.297
220.691
11.9484
261.263
196.809
101.005
21.852
21.3123
540.41
493.244
298.645
389.475
9.86515
22.1522
356.467
462.168
184.513
5.98469
19.1418
7.83455
27.5374
336.821
187.664
22.5054
257.711
180.627
12.0091
6.78947
11.0217
23.8687
12.1336
4.98805
248.801
5.4345
48.6242
37.4343
90.016
188.762
451.152
244.284
206.317
8.39838
159.36
21.233
310.054
22.6171
18.9251
18.9311
366.908
120.844
238.736
330.027
221.754
461.553
174.668
51.6254
456.792
18.4523
8.89573
238.753
5.21818
335.89
501.855
15.9599
8.82319
18.093
171.138
203.876
19.0817
451.576
73.7837
369.258
223.898
395.184
368.517
20.3124
153.026
48.8923
107.421
141.079
21.0588
289.245
430.34
98.2566
122.111
16.0674
13.0054
18.994
18.2117
14.5612
55.3881
160.38
16.611
198.772
21.6226
147.039
19.9082
9.22587
154.839
8.45072
562.686
110.919
16.3377
15.3269
138.52
263.939
18.0818
23.3086
46.6558
103.631
23.9897
227.502
363.449
4.71172
0.876919
232.053
147.262
405.245
12.269
148.826
51.0671
119.254
94.2612
12.9305
18.252
228.029
196.037
33.4326
16.7033
266.903
27.2982
34.6792
299.806
116.319
369.075
20.1104
13.0563
-7.63987
233.064
268.723
199.981
367.291
474.007
8.46262
20.0917
304.579
183.793
21.0382
323.736
7.63204
77.115
529.153
408.349
36.7612
22.6134
11.1475
291.673
249.921
397.006
190.265
18.8387
18.0748
6.05512
351.833
20.7428
101.728
57.2884
13.0197
145.426
20.6637
416.822
5.94065
176.699
11.0913
9.76452
333.479
230.375
319.723
14.4467
241.158
40.5177
30.5813
13.5836
244.481
15.1418
251.773
17.934
74.5135
219.741
10.6913
256.268
370.089
311.055
82.8339
49.1903
17.9304
205.752
15.789
406.912
15.7801
56.8128
108.693
321.76
404.492
184.876
65.5296
270.016
329.647
92.5275
90.567
138.187
518.054
372.527
12.79
195.207
403.17
22.4262
36.7217
288.837
80.6634
78.0578
16.019
497.788
12.8232
423.335
20.8536
348.298
21.4363
21.0408
149.313
486.482
259.058
186.151
230.803
15.9236
261.261
230.292
17.5273
232.754
15.8756
10.0398
18.7084
290.694
468.534
16.1771
7.51258
5.6987
287.23
21.5619
101.922
27.715
23.3107
137.281
62.3721
308.457
80.2958
81.779
393.188
275.186
297.29
387.628
349.64
146.556
20.0685
161.277
15.9182
102.698
221.611
13.6776
26.3314
20.6476
17.9874
279.492
21.2081
290.266
406.279
75.2991
4.14595
62.3128
106.527
210.064
96.5078
169.586
29.7838
62.329
459.515
10.8925
11.6767
110.553
88.2024
349.723
355.904
448.047
20.669
193.389
16.6255
117.061
21.4223
19.4401
271.424
23.2637
371.09
20.7786
450.262
11.3723
229.223
181.972
188.611
258.73
330.8
152.549
12.6267
293.825
188.978
288.379
434.798
246.784
10.9971
8.47024
8.08517
398.793
93.5928
342.416
17.0739
37.9743
184.377
454.757
262.569
281.001
3.85566
14.3481
114.273
11.8664
16.396
151.638
133.078
399.799
17.0139
17.313
181.445
144.272
22.8352
326.559
17.7643
81.6595
13.1919
19.9451
135.607
0.0510178
301.78
437.103
24.5321
430.347
202.306
16.0132
12.4004
260.289
524.658
16.7212
20.1932
141.344
211.022
31.9928
365.298
378.474
202.135
10.983
16.6207
217.175
195.898
429.004
376.343
115.172
569.292
9.26338
235.738
275.087
366.697
169.583
20.9416
172.924
36.816
22.681
81.618
16.689
14.6651
21.7077
23.2769
19.2309
13.4548
16.6154
13.1056
12.4339
55.7068
100.216
92.4627
414.099
119.866
17.1055
10.524
19.2924
23.39
514.392
21.1888
112.872
17.6357
204.085
60.031
114.246
307.548
380.509
10.5288
14.9656
15.765
426.133
158.351
22.8377
16.2348
14.013
134.895
117.577
209.815
232.786
378.041
12.631
90.3198
21.0732
113.43
249.746
9.99526
18.6195
183.313
444.296
18.0661
24.41
192.984
406.269
97.0624
11.5898
188.594
18.0797
248.876
405.172
103.174
10.4525
20.7834
10.2825
259.42
148.127
223.789
350.061
12.6666
225.689
464.333
7.80613
180.14
467.881
10.1317
365.388
109.01
97.8302
378.487
146.009
172.77
184.87
7.05067
378.513
12.7069
282.302
280.21
54.8659
190.626
26.9644
41.2461
212.999
11.6112
18.0921
53.5506
24.7183
116.24
8.69637
113.622
21.6272
216.086
19.3185
129.249
69.5541
31.363
19.4785
206.981
54.8012
298.301
148.129
129.653
351.752
125.27
54.863
11.0653
437.96
11.8247
117.639
18.3643
126.48
16.5733
10.8082
162.446
22.32
382.448
338.673
10.3126
240.174
10.7721
18.7493
184.861
249.703
451.387
20.7207
128.009
143.721
126.372
569.989
72.5739
368.114
92.7024
303.084
206.118
20.6421
16.0038
16.3648
407.449
458.664
16.9409
391.486
348.073
303.646
21.013
436.642
480.238
108.96
10.1658
160.973
207.118
188.76
108.622
167.707
52.554
314.845
213.466
114.798
34.5738
367.039
13.4364
138.749
148.337
6.50803
11.1273
288.176
149.048
213.69
21.426
371.061
57.1477
233.899
156.491
155.38
13.5141
15.4424
545.555
12.4906
24.3104
555.212
281.637
22.9409
112.497
88.8028
35.2858
18.1274
238.731
217.698
160.662
451.456
156.288
61.593
17.6582
11.557
284.446
384.978
19.6634
169.005
287.105
466.113
162.394
16.3315
353.232
249.532
398.727
101.361
10.3723
168.16
237.238
314.96
14.891
159.346
3.46054
144.131
280.828
20.7052
27.3318
161.465
23.9542
28.5786
429.952
20.6503
324.946
142.056
16.9928
455.54
115.611
20.6271
314.073
21.6413
354.171
263.5
17.4004
77.026
190.544
364.98
438.802
18.8001
292.194
208.42
514.752
332.353
24.6483
27.3628
123.33
481.808
17.9364
66.9286
264.81
27.1732
9.92342
15.4901
266.303
501.125
426.391
284.71
392.091
227.812
12.1786
12.7852
56.9317
15.0591
401.916
20.5567
28.8524
123.622
302.171
169.008
39.2836
9.79124
105.299
395.313
9.06168
115.813
19.9925
13.5732
421.459
302.125
21.0133
15.9316
48.7947
78.4795
24.4747
321.375
437.496
434.603
14.2173
362.249
90.6543
20.1936
207.304
192.907
13.0069
306.03
522.956
123.686
129.78
93.9071
378.785
23.0302
192.439
12.8733
6.48442
299.59
100.32
19.5853
52.5253
265.21
533.682
383.677
23.3151
328.752
12.8464
16.9849
254.467
73.1136
225.109
41.2606
535.574
104.264
8.24769
11.9899
26.778
11.9991
381.021
85.2737
76.0547
21.4275
244.285
31.1167
366.181
17.2626
85.4315
208.863
14.355
375.177
389.74
559.217
6.42626
289.268
169.005
12.8699
23.7562
249.936
18.3396
221.367
198.486
197.341
17.756
82.9876
38.3087
222.329
140.708
19.6125
24.2101
545.293
23.1537
6.77595
58.0045
509.736
59.2794
18.5355
10.3974
6.20918
20.1764
555.686
18.7809
40.8805
20.2706
455.353
374.526
259.779
58.4728
152.057
372.318
235.476
243.131
303.54
34.7634
14.2387
22.4176
33.961
401.361
109.522
279.403
10.9253
64.6975
431.356
13.5518
514.364
16.3865
46.4958
15.1323
23.2929
15.3802
92.9257
6.42752
12.6449
15.9112
10.2515
392.682
420.206
274.464
46.4651
325.769
186.866
19.5721
326.115
366.35
16.2307
202.051
244.578
195.412
17.5477
12.3245
276.497
50.7057
225.864
108.331
46.1373
21.4097
7.16347
175.886
422.751
20.8021
380.337
20.147
144.367
242.045
348.921
269.499
224.135
9.38327
17.0624
20.9732
322.308
62.93
79.6785
11.8437
18.9291
330.468
213.145
347.941
6.90216
259.28
101.963
372.535
19.681
223.913
279.168
267.988
15.5746
9.78457
11.1589
133.091
277.636
542.714
82.9781
28.6647
315.312
109.871
248.878
316.345
141.871
545.968
15.6798
16.9151
4.59955
378.068
10.7096
400.154
17.2463
15.511
114.213
77.1883
5.33902
43.6412
22.5353
16.3928
505.679
30.7942
191.403
169.216
160.48
91.7014
210.99
7.985
450.778
37.8882
410.456
190.533
308.336
56.4757
16.418
361.016
20.6017
21.3557
242.724
339.584
11.2361
18.9252
159.895
253.945
325.464
23.5438
19.6821
169.398
152.784
379.459
160.346
145.096
20.7775
91.4027
8.36026
96.5514
249.054
12.4509
10.2561
103.431
247.322
8.73794
20.4734
168.343
388.441
165.227
564.88
18.9083
576.729
12.3257
4.0905
16.7357
21.559
28.9159
148.562
287.251
557.4
257.65
178.305
381.35
11.0024
214.28
17.1307
436.986
69.7264
114.976
22.971
24.413
127.441
261.926
22.8677
99.9072
23.1234
213.355
18.8827
21.7003
128.143
522.579
283.708
9.73365
24.2794
166.705
115.828
231.136
143.224
392.335
42.8691
197.453
14.502
544.343
27.7074
342.093
234.973
20.0512
44.3158
18.1988
405.364
77.3675
206.612
536.794
290.149
555.157
6.36299
31.3687
23.5416
415.568
87.8111
16.888
213.96
319.352
39.1897
461.29
82.6027
17.928
16.9056
21.3547
48.6717
380.146
22.5046
176.536
213.11
262.519
201.695
11.6331
398.357
367.475
91.1363
5.11286
353.488
94.9604
105.224
18.2269
285.38
330.908
9.5529
25.7526
13.7937
13.6205
23.7309
258.714
245.633
6.94781
255.963
11.5065
119.694
4.94857
14.4999
18.3706
193.796
346.488
190.395
372.506
26.9157
12.7406
345.791
348.541
124.977
7.94895
212.511
188.294
244.557
12.7884
349.037
14.9889
115.656
63.9976
18.5577
14.8946
172.163
86.1128
20.1737
77.6442
101.057
39.6309
8.20239
222.368
177.794
320.261
397.488
205.789
365.275
10.7191
16.8533
43.6667
410.995
187.553
74.6425
20.987
61.4629
464.379
20.3541
362.846
364.419
18.7198
181.744
88.1337
108.91
491.482
17.6576
15.6383
324.328
7.72006
71.7246
364.652
537.188
455.257
359.601
261.167
96.7497
400.564
14.16
130.729
266.965
72.7638
71.5467
20.6854
318.876
20.8683
172.769
367.052
406.324
25.761
24.8857
62.9823
21.0102
420.865
38.1038
187.52
18.8265
55.3015
22.8312
135.751
21.9611
473.5
178.932
117.819
230.596
375.75
421.043
232.402
453.343
12.7553
227.612
89.3636
15.4022
202.524
243.567
208.065
169.566
113.837
293.269
15.0587
19.8816
403.552
15.0323
114.859
114.528
270.001
65.9603
22.4111
216.633
76.7354
84.8372
7.17709
130.764
23.0158
15.2023
18.5352
6.86465
200.546
29.6289
237.486
15.8058
213.155
291.176
440.902
140.984
257.835
174.77
199.85
17.862
16.2573
227.278
266.535
370.057
243.233
253.415
22.5078
509.931
290.376
266.047
15.1228
374.16
194.001
305.659
21.6422
60.7485
77.636
138.545
4.52752
21.5489
303.857
15.5793
235.796
418.086
313.208
10.2925
22.7462
16.8366
22.453
158.894
266.73
20.3983
314.009
507.268
12.2013
139.175
155.785
172.842
4.93464
150.802
279.64
306.226
199.234
15.1765
11.3934
256.203
325.856
291.654
6.00902
492.888
6.78158
15.9475
17.2838
44.2836
395.978
340.527
20.3824
163.624
18.5253
11.3047
185.105
435.751
36.5536
20.7259
11.1708
274.575
390.627
14.0004
308.779
67.0077
291.405
189.927
178.863
41.0516
220.14
382.039
293.603
105.679
18.9605
245.947
293.495
123.086
30.506
19.4995
204.794
22.1782
8.70875
186.43
460.142
256.776
576.843
11.8886
128.262
211.536
219.568
42.225
15.3913
7.42563
351.084
136.37
8.94619
377.63
149.996
454.243
11.9339
305.462
121.651
239.133
340.474
275.577
130.523
110.644
266.998
131.585
20.2152
42.0615
216.655
216.622
16.378
86.1166
13.2185
425.539
350.172
164.329
248.394
215.045
27.7409
11.6067
180.17
394.206
229.521
167.524
69.8335
16.1003
137.734
220.131
96.9898
171.728
172.952
55.5611
9.71509
289.397
140.29
21.5855
297.033
320.74
182.629
445.157
336.712
21.3289
94.0506
236.679
46.7433
295.009
25.639
202.239
255.763
261.989
288.684
221.535
231.607
5.32029
162.327
20.0758
147.752
11.719
93.764
388.612
351.228
60.2303
20.6343
302.406
250.112
153.082
233.682
86.9379
127.243
19.5606
16.6825
69.8765
273.09
242.974
86.999
83.1146
280.402
17.6549
43.564
17.8189
15.2518
443.683
190.494
103.224
276.764
238.782
108.081
169.244
25.0799
133.147
61.7017
87.4433
68.2344
104.057
423.438
19.3097
390.304
64.4911
19.2721
11.6126
407.864
24.9705
206.862
156.157
268.808
173.372
207.627
441.478
124.834
491.568
10.9348
243.915
355.664
205.603
495.838
116.065
314.578
322.904
296.911
24.3615
399.041
150.888
253.921
386.795
9.42094
15.1483
20.4945
129.95
21.0054
178.123
15.2162
21.198
365.637
261.843
345.959
393.763
15.1759
30.4065
493.122
11.7931
244.13
113.393
138.825
25.4598
37.1574
395.892
16.3286
258.048
271.672
309.915
12.4841
13.1968
19.7399
272.491
309.127
285.68
364.732
517.405
5.25447
329.065
74.7743
203.202
268.0
28.3542
7.68039
147.595
17.0788
310.281
241.135
173.591
182.03
123.57
15.9589
14.2076
512.365
152.532
21.3666
7.37283
312.352
61.9619
440.781
279.955
110.647
6.76068
119.188
21.5602
243.922
18.0385
115.846
334.476
113.343
223.891
288.377
12.7684
126.968
558.965
364.212
165.676
218.133
24.1672
14.7978
126.567
21.2116
97.1222
6.83181
479.639
11.8909
384.165
257.392
63.7559
18.7698
371.654
16.4667
11.2442
152.154
189.956
10.7862
240.219
25.3743
133.986
197.727
19.1321
19.4106
17.2021
298.766
419.065
76.0099
153.822
19.2487
145.005
171.418
89.1394
34.3266
198.286
17.7497
16.1936
9.39991
21.4457
460.161
32.9409
394.073
18.9038
127.517
49.5974
21.7396
19.1443
73.3594
17.5408
205.115
34.0202
186.648
13.5932
397.607
357.446
26.6307
68.3887
440.732
243.032
304.276
424.059
279.59
22.5107
557.856
396.48
402.074
107.294
9.32625
171.96
356.371
91.94
4.86483
236.957
154.446
451.923
340.719
264.151
431.067
15.6065
12.2173
110.534
287.063
29.4174
131.292
531.584
110.975
21.6752
507.279
50.6659
18.8516
202.47
152.583
17.4947
301.427
17.3062
230.065
234.617
218.043
89.5112
290.153
92.063
264.174
18.3728
11.7597
297.536
14.5596
180.289
313.806
117.945
122.855
55.0972
386.945
555.743
278.718
76.4547
12.7539
18.1736
252.807
319.236
195.588
402.757
207.497
167.035
6.02531
222.72
256.558
47.5973
402.117
399.31
276.016
493.632
12.0937
197.706
15.5411
172.637
31.1476
190.356
245.059
369.708
20.7118
130.21
30.0799
27.407
17.627
309.455
23.2322
183.748
209.216
298.269
413.519
109.453
291.061
20.2924
9.47066
36.2765
172.065
109.022
287.211
-39.415
216.046
20.9707
20.4398
4.93262
150.86
79.1196
21.2187
22.3275
12.626
27.3952
15.8248
17.4483
287.791
40.1436
458.389
174.222
20.3692
88.448
16.2866
341.98
208.618
19.321
312.862
19.4192
279.578
405.359
573.004
14.0386
370.626
12.8922
49.7561
49.9285
44.2859
47.6794
410.711
333.294
471.893
245.394
118.021
7.53476
57.005
8.55572
322.375
10.9205
12.5014
443.211
16.5744
47.3184
221.606
18.4158
23.1779
41.2686
161.524
431.981
16.9866
332.726
174.477
11.9041
304.97
169.086
75.7379
75.986
13.6574
21.1334
226.3
567.114
16.9694
141.185
115.417
270.104
3.90343
177.25
88.8995
124.206
11.4165
354.456
15.6039
19.8502
27.9473
7.57451
202.912
18.8858
501.071
23.9888
18.4092
13.2437
19.6883
196.168
439.273
22.5459
35.6565
138.102
370.397
438.328
18.1416
118.811
262.618
44.1558
478.643
240.604
83.2476
409.022
17.8855
207.671
200.416
21.4047
245.537
21.75
18.2843
110.445
12.168
204.678
555.12
10.1263
530.046
259.565
168.688
10.0872
327.369
33.0763
13.9044
25.1075
19.6611
402.502
23.8834
456.112
287.209
13.5355
320.801
53.9377
45.2488
213.08
293.736
10.0104
41.3091
461.601
72.9473
86.6997
201.578
12.9201
11.0007
24.7143
45.8732
507.448
21.5741
48.2514
19.1574
75.8157
20.3814
23.0109
63.0542
407.404
30.1329
46.632
17.7296
21.1252
385.044
349.546
13.7346
315.939
12.3349
466.867
386.946
437.173
22.3989
66.2695
389.346
481.359
11.0615
25.4093
8.4053
16.8222
200.113
366.993
263.725
267.226
425.747
451.934
194.139
43.2604
326.892
22.8536
21.9842
56.4965
22.3028
8.3452
23.2912
337.355
172.264
21.7462
372.028
88.2701
24.2626
335.511
265.009
293.842
17.2528
17.8309
236.863
20.7045
485.681
62.9662
441.354
128.178
8.4732
147.335
30.1499
47.8943
272.009
172.52
21.9739
439.433
107.144
256.61
431.708
210.096
203.013
166.711
19.789
299.657
10.9884
28.594
205.786
19.4104
177.782
253.296
14.7339
117.281
43.4663
17.6305
528.553
377.293
406.057
241.547
22.9212
18.0369
209.99
296.566
254.149
13.915
-1.4766
218.77
13.7027
295.135
16.7172
13.5056
22.5974
24.052
22.8988
10.877
203.581
139.735
71.4019
19.2633
55.4688
104.23
454.935
10.3004
172.082
9.32101
229.076
120.256
255.802
17.7316
248.396
275.982
410.149
258.499
13.7508
110.959
104.011
329.762
174.661
83.7823
143.011
252.095
348.466
9.21701
25.6699
21.9176
7.91338
21.3405
472.822
372.24
365.872
45.8436
164.377
20.1733
160.301
237.885
12.1392
4.80585
404.524
366.854
204.375
69.7572
124.096
172.932
21.846
132.863
377.518
284.772
9.93265
19.6018
19.5981
36.3773
21.3261
145.009
15.7096
12.4348
434.627
22.6539
19.4871
141.659
39.749
18.2463
17.3851
375.233
10.7349
97.3875
47.4885
374.616
373.184
201.015
286.636
18.317
39.8249
146.747
393.965
106.746
141.306
239.53
362.047
210.062
17.0986
23.1341
280.103
17.085
316.918
227.88
442.23
363.804
338.001
17.091
222.585
301.642
22.4792
300.055
269.147
22.4864
370.034
170.809
371.495
21.8784
52.1783
220.205
20.1645
17.1815
17.9315
45.8743
132.561
20.2914
289.594
134.378
135.816
293.24
33.9149
168.415
12.2056
312.758
303.439
244.109
8.86324
20.8843
16.0389
241.085
10.5796
22.5609
22.2344
99.4521
293.851
30.6152
83.1644
4.89494
543.438
4.51949
45.1671
47.5282
96.7735
7.9018
13.7405
204.764
316.463
24.7903
560.037
43.0467
259.663
15.9526
9.45308
284.223
197.393
326.145
21.3498
16.6012
16.6858
248.328
25.484
13.7377
21.7052
15.0672
188.446
242.852
49.071
79.7794
16.0619
22.4946
231.345
40.1358
44.577
17.2632
107.036
122.123
127.809
22.6452
256.111
125.194
397.164
27.9268
90.4301
12.5935
14.0051
302.05
14.3246
21.2381
228.75
6.12973
483.318
61.9384
187.559
12.9015
33.3487
15.6328
21.8731
100.404
23.8439
352.6
115.616
8.91411
9.75131
18.9683
206.106
571.035
19.3793
254.588
404.712
238.49
17.5422
73.0273
185.669
274.134
344.222
17.6024
19.8749
49.6165
18.5097
114.915
184.885
24.6253
403.486
238.59
359.454
446.6
21.463
317.321
164.837
204.762
366.861
299.663
11.8938
7.24383
204.829
9.89861
466.054
11.0976
161.962
299.767
426.938
473.317
6.73851
31.8283
9.77337
11.8658
19.6615
95.7171
23.8994
5.33423
229.321
300.217
60.4275
23.6717
94.6891
20.6306
73.7135
483.431
241.742
18.2099
529.133
221.096
325.894
214.499
201.166
7.14612
11.9553
436.719
324.721
12.3518
21.2924
282.105
239.785
45.5272
454.441
24.643
473.769
279.215
432.771
167.568
239.458
24.8644
338.822
8.58556
4.58307
136.37
24.7344
111.349
264.296
112.006
554.897
345.48
39.0855
283.483
313.897
14.7093
501.448
24.0971
223.211
186.244
86.7375
201.17
109.463
296.096
41.6278
45.6843
474.727
127.763
292.53
30.6258
332.608
124.241
15.0162
358.664
497.691
9.66588
12.3636
12.6139
436.439
467.406
269.366
188.184
6.76646
507.213
5.4043
20.6994
11.9736
79.5329
5.03496
249.683
4.87964
22.256
166.156
133.402
165.128
23.7278
485.54
210.113
178.78
302.623
21.7406
226.568
179.658
16.0528
170.345
81.6493
20.7545
499.037
15.5262
220.022
248.105
170.985
245.448
328.788
380.169
356.546
389.42
12.7077
21.4844
15.5281
366.102
20.0111
20.4249
58.2757
16.1334
9.0336
365.693
302.818
9.64674
295.748
12.1925
333.22
20.6523
20.7904
150.131
14.1597
11.2602
40.6194
245.273
234.728
436.917
22.5385
169.429
66.1533
60.5071
194.459
17.7944
16.9975
188.418
18.1762
18.281
97.3382
439.176
110.104
13.6054
350.264
211.472
166.185
171.085
242.322
15.3511
342.37
10.0127
82.0947
323.054
314.297
7.75426
26.0109
29.7084
177.954
119.536
519.159
480.384
14.0493
232.121
564.272
16.9322
206.696
252.723
104.671
169.214
18.7296
17.6932
328.138
20.1735
450.444
14.2211
18.5733
141.766
9.58719
10.6449
503.865
334.487
208.353
150.03
165.773
83.0993
18.8519
13.3236
53.7355
54.9096
264.783
61.673
36.9546
32.8025
4.7067
231.024
248.985
20.84
315.052
212.377
269.561
129.396
21.1119
52.2251
6.41003
74.1191
16.3011
214.841
18.011
9.45292
66.0738
256.326
206.084
72.2211
15.8864
14.9697
6.96386
18.1083
99.3691
12.1093
251.486
357.99
50.0653
188.245
159.491
140.178
205.07
18.428
23.1715
57.6181
217.113
308.284
88.0189
454.007
446.092
9.23618
52.9453
245.929
8.36574
22.7737
204.917
11.3568
21.5426
16.2935
16.4524
540.518
125.638
254.488
9.54196
181.804
19.4169
2.11432
122.451
188.044
4.76351
284.635
254.056
210.468
11.0517
43.2846
19.4688
92.8883
4.48034
20.8648
9.6456
10.3105
105.951
249.099
203.566
104.773
311.386
480.731
18.073
290.164
443.877
23.2632
16.3927
7.91207
7.63503
128.213
148.313
205.516
125.273
466.334
7.01395
215.245
257.138
57.2327
170.805
46.6186
64.9494
70.5061
61.8673
12.4057
57.1354
222.086
17.2437
364.122
13.0531
13.9677
76.8616
14.8806
315.954
204.021
40.014
305.444
17.8828
307.724
7.2049
145.365
9.87463
179.709
445.787
148.126
396.804
17.3876
23.4679
256.022
374.235
373.318
246.552
35.4518
23.2667
14.8685
159.392
12.7552
117.125
23.64
198.558
51.3909
280.96
10.8179
16.688
369.227
478.281
213.097
203.155
10.0543
19.0263
79.0098
16.349
330.264
25.8565
71.9502
80.7273
155.299
129.41
10.9663
409.821
206.947
10.8453
374.819
15.2624
19.1255
18.074
197.686
19.5279
224.86
21.8694
14.7675
451.119
218.424
155.056
191.42
314.085
507.475
327.922
7.93224
15.466
228.749
-3.18006
10.4831
119.176
21.3796
206.741
533.973
114.149
524.465
221.793
280.946
22.3332
200.52
378.785
14.0801
362.829
335.796
12.9817
263.507
9.26914
46.2803
369.155
21.7171
204.766
209.26
8.1296
279.606
18.5677
159.336
13.3889
529.198
23.8752
357.96
17.3145
304.458
15.7793
95.5003
240.355
168.838
375.588
366.907
15.0911
25.3999
28.1916
90.412
485.385
168.535
34.8571
12.1115
31.4631
157.039
19.5472
212.752
32.922
21.875
4.88886
183.846
20.5158
223.113
244.721
16.2107
295.419
26.0139
424.576
97.2699
92.3681
15.377
18.6732
16.2064
20.9789
21.3515
94.4116
142.571
15.0309
47.72
326.306
15.9771
447.326
17.1992
105.219
16.963
14.3102
272.772
2.36562
125.456
61.5611
22.0155
13.8878
470.458
481.68
100.873
101.018
467.247
363.971
206.477
300.21
13.3188
13.1842
21.6159
2.85649
193.652
379.734
30.3332
22.215
13.2466
16.9813
94.262
276.654
325.382
18.9808
291.243
12.8542
394.767
227.043
9.45467
357.474
344.901
448.615
374.081
118.336
26.8719
221.965
18.5268
351.107
299.133
10.8977
359.111
161.755
466.549
232.159
8.78663
511.708
18.9256
32.9177
13.1802
128.833
283.475
15.5807
60.8028
21.3911
348.704
32.3247
22.3724
326.602
17.1118
22.1208
56.0816
32.4787
13.1094
10.1704
6.82315
532.075
318.256
217.443
10.4992
11.3169
3.56546
556.478
11.4461
500.693
85.495
205.973
297.659
402.428
362.324
73.8451
18.0351
292.55
346.276
16.064
338.673
57.2892
289.079
267.688
292.205
225.406
17.5133
6.66217
259.196
237.537
5.54143
263.24
505.366
95.2414
1.79128
18.3214
16.9566
12.2485
233.067
193.932
15.9095
22.2714
7.89277
419.702
370.851
15.1107
53.5345
77.7223
154.21
353.054
60.1628
6.03258
141.771
257.628
248.217
395.52
373.741
166.605
137.443
17.5417
6.86001
15.8045
8.72734
174.324
486.461
272.948
21.4833
176.526
56.5469
235.528
24.3519
5.97415
457.752
21.4101
159.121
4.89825
18.79
12.1311
28.6841
23.4689
196.139
267.051
156.356
15.3989
502.69
22.5311
235.077
29.398
27.3619
13.2846
353.239
12.1036
295.413
280.318
22.8964
396.356
26.9993
47.6766
105.084
152.904
587.848
222.89
10.8871
356.346
76.4339
508.586
15.5785
158.066
148.246
241.615
11.0351
425.363
13.9502
15.0397
20.4395
301.832
5.31075
259.413
562.502
19.1617
245.158
91.9342
145.626
445.482
22.1322
9.56544
366.44
383.174
21.9499
257.891
6.61039
74.0531
365.07
19.4641
14.6761
83.8207
369.393
11.9841
357.882
23.1023
105.303
168.601
357.723
13.3296
371.934
479.312
423.887
24.8739
81.4969
165.395
340.071
378.549
185.956
101.593
270.917
442.453
18.9669
54.2011
209.156
408.481
252.216
503.755
20.7097
95.3582
14.4049
114.25
32.6678
131.578
177.949
5.25894
20.8582
31.1725
393.958
130.483
257.479
496.888
12.9921
245.476
425.715
269.447
155.291
19.5222
477.523
297.142
340.006
15.1669
82.2809
50.2048
400.062
279.181
65.1019
33.981
351.642
149.501
376.195
9.3359
142.084
19.4984
18.7195
114.92
77.8561
139.336
232.858
6.13679
174.642
324.442
20.5863
22.8594
8.03057
286.266
17.0771
164.943
320.403
216.896
9.31937
204.897
48.9008
16.3143
10.3697
7.40276
9.56161
370.32
18.8559
185.767
24.6218
10.826
129.32
13.0341
35.2574
47.1405
350.0
372.386
10.0866
22.6761
358.72
435.98
334.792
246.285
446.234
213.161
11.5025
10.4306
278.405
342.394
317.237
401.545
257.749
368.162
440.449
17.1
19.5693
18.1746
72.9194
8.51581
20.6465
21.0295
15.6665
98.3064
511.351
401.785
5.79843
114.445
219.009
8.83548
64.3642
18.5637
16.2035
226.413
14.0946
189.388
18.6415
173.345
215.381
36.0519
22.5872
265.459
12.5181
190.134
215.962
21.1582
157.544
98.4917
25.5687
126.656
39.2769
401.569
14.0276
410.416
17.2917
350.531
178.297
19.3525
4.78756
279.535
276.07
362.054
412.684
159.741
116.518
203.502
460.829
154.966
108.184
16.3284
19.1666
4.28351
35.2417
309.472
167.551
341.89
14.0355
188.21
16.7348
31.6066
397.954
131.761
16.1512
470.555
440.745
15.4091
16.1826
323.603
50.5259
172.673
311.585
506.122
394.877
78.2244
163.671
11.1761
268.483
312.669
22.5364
228.867
334.354
130.242
234.628
159.931
79.1152
22.2573
136.186
86.6226
149.438
431.29
23.8118
7.92889
197.233
545.979
20.0207
25.0273
15.2534
7.71702
365.024
190.96
304.904
209.703
448.854
238.055
70.0463
177.939
122.644
225.701
15.435
18.6853
394.334
13.2174
434.649
37.8752
111.056
4.67422
183.354
238.781
314.669
111.135
129.716
130.246
97.9741
25.5585
270.913
322.636
27.0704
326.37
21.1016
9.17881
21.7909
138.61
64.9903
480.848
17.4301
104.188
203.833
28.4229
220.824
160.624
7.20032
237.709
221.275
244.481
45.0795
444.134
343.272
38.0373
49.7498
335.879
26.3384
275.072
27.7497
273.921
22.2862
18.79
57.9399
445.839
17.4586
421.161
259.715
54.5952
522.317
320.108
240.657
2.96005
47.1667
18.847
27.0365
11.9958
93.4029
73.5465
283.049
77.0101
383.84
18.8746
11.5796
318.73
344.064
317.042
402.563
63.0838
24.5697
4.67252
22.4177
127.623
339.064
9.62471
300.803
448.997
18.107
4.80516
18.7739
101.334
276.984
21.4119
14.7421
12.8791
309.221
17.456
16.7974
24.0701
24.2127
206.054
17.2533
37.6543
290.393
50.7241
421.277
401.848
86.2579
15.7186
256.008
329.866
215.532
54.9292
512.11
12.6159
101.277
452.216
453.164
402.177
44.9494
248.775
306.487
149.845
63.5767
427.838
57.4353
207.804
381.78
409.836
294.17
254.403
372.314
397.508
22.3274
244.161
453.936
19.8351
8.20553
325.701
6.32752
300.655
149.31
33.8791
135.279
9.60993
21.8218
392.143
463.236
19.5281
407.113
7.13619
136.61
7.48439
22.0962
19.6486
245.008
18.1816
23.1647
22.9311
7.5791
505.424
18.6497
237.534
27.9871
317.176
9.54533
147.003
19.8582
174.611
21.5453
293.269
249.749
18.5085
138.489
528.672
472.95
252.036
559.959
27.6884
219.878
8.60315
5.25393
19.2351
15.0134
23.9811
21.7634
401.024
201.266
233.74
204.229
52.4275
309.798
13.1423
195.4
58.2916
24.3705
384.983
537.145
557.606
100.179
8.15446
23.7703
13.6353
332.66
60.6419
321.995
164.997
307.506
151.862
370.167
15.4899
10.6304
10.0949
17.6779
191.077
22.1172
5.92635
16.5737
223.13
281.224
193.175
351.757
111.846
138.836
23.5203
85.6008
430.677
71.9466
343.226
500.168
437.384
507.818
17.9805
22.6996
168.727
538.413
296.436
19.2683
296.887
182.588
165.631
163.322
23.3338
3.65263
74.696
373.326
90.7892
10.9894
224.32
184.916
114.203
253.412
343.326
24.9845
21.7257
30.1867
174.833
213.102
169.263
27.3261
279.342
18.5289
18.0223
12.2877
83.6424
19.1596
362.733
66.6226
157.14
344.512
7.02387
343.105
10.2682
348.081
477.583
491.303
524.651
26.5485
9.73728
158.704
17.5907
467.998
15.7232
68.3626
180.004
476.112
18.8492
108.21
16.5889
10.3753
192.666
104.142
184.467
110.129
119.118
137.142
244.836
371.0
212.929
13.4772
199.466
393.61
173.157
20.7941
210.873
179.017
19.5613
259.839
22.6116
498.274
75.5076
10.451
336.622
18.1989
22.2532
19.1232
123.885
99.6239
169.362
277.551
172.117
270.724
13.4607
247.682
254.393
124.354
16.1484
108.638
20.2654
153.147
450.487
305.54
112.472
342.636
300.354
14.7139
314.767
16.0296
152.178
355.572
3.25264
180.371
18.1028
299.399
297.859
291.006
166.059
533.364
158.978
131.09
15.8129
25.6055
50.1147
61.5058
40.8303
47.2566
363.007
147.116
240.941
6.43736
205.874
156.36
25.022
245.315
529.137
471.977
401.766
278.571
74.0056
19.7676
17.3658
66.2026
238.583
441.824
434.886
285.081
18.2836
490.495
35.5328
212.903
198.523
283.726
119.754
243.84
36.7392
408.516
434.736
131.943
324.127
118.132
14.2451
9.16006
10.5675
4.09898
323.536
185.715
168.092
293.651
334.228
7.56737
14.3802
18.4659
135.023
373.358
37.3568
151.187
295.03
210.269
120.466
474.602
328.388
6.88978
347.645
16.7873
356.399
11.4376
525.717
80.1409
327.995
11.2224
19.6259
11.8604
18.543
94.5922
16.6862
22.7937
6.05475
9.94411
200.407
37.7522
118.243
125.305
13.7037
258.991
262.416
21.5807
135.248
147.209
436.982
18.4156
83.1437
5.99088
32.7752
96.3994
342.314
18.6934
17.3561
521.1
21.5471
5.22185
11.5602
17.3203
152.894
94.9389
235.067
227.938
381.998
339.472
15.0071
16.5225
4.22402
118.776
34.0599
401.611
257.283
174.609
20.3132
7.27006
17.6205
10.9705
242.928
108.819
18.2138
23.4978
253.266
18.793
115.521
366.598
341.861
231.7
194.139
15.1816
273.901
469.648
11.4695
189.657
133.93
-74.5163
227.191
10.441
230.351
236.709
7.802
131.06
149.349
6.4489
140.501
207.451
12.7724
13.995
26.0649
427.531
173.255
16.9168
459.812
585.955
46.505
10.8467
231.018
21.7459
19.9922
22.9876
19.7866
64.5964
381.096
305.34
15.2498
45.0513
281.431
18.8929
361.344
22.5125
80.454
178.146
201.477
21.8698
150.277
5.62019
359.951
123.641
326.671
280.223
268.655
367.57
10.0148
272.652
230.334
333.557
250.213
239.733
22.0212
356.419
196.873
215.94
15.7727
278.087
145.684
17.6293
18.8344
298.341
278.152
22.0388
136.54
13.8417
13.6307
20.3934
133.978
9.09942
10.0837
18.8943
124.906
245.071
24.3817
337.818
15.2457
110.355
23.002
391.58
167.149
26.6686
257.334
11.4082
326.535
130.32
248.749
364.78
249.006
162.373
19.2197
19.1636
353.478
23.3371
8.87721
247.71
374.269
409.599
23.2675
24.0187
250.147
272.071
20.0656
176.262
16.7505
460.623
253.311
367.66
298.739
218.516
3.99369
136.652
47.9538
9.70141
4.09636
171.656
16.8703
18.1742
236.152
444.477
376.4
75.6997
287.72
270.775
223.009
400.437
82.1288
240.021
97.7413
241.281
14.9668
412.023
50.5425
19.3099
120.829
209.754
10.0832
28.334
342.542
336.941
123.182
21.35
169.731
393.699
20.4259
227.106
16.9927
487.542
129.898
370.608
16.853
57.9948
17.2022
315.63
25.8897
218.759
19.571
18.2269
200.803
21.4628
17.5272
45.0399
63.3982
360.273
219.189
21.3772
24.7114
410.009
386.158
152.555
89.1054
492.598
240.288
33.246
339.821
74.5514
326.841
4.61553
386.916
296.873
21.2405
404.293
105.054
9.98907
16.0307
7.35765
320.936
20.2941
5.94666
152.102
15.7229
18.2132
136.634
340.659
20.7241
501.56
11.2553
237.822
9.19728
280.962
170.505
180.655
8.57764
283.069
8.21091
200.965
24.8328
7.83634
14.3126
22.5874
8.34947
197.55
25.0679
12.7822
9.29301
375.839
23.9699
23.9564
106.023
309.136
10.2369
388.575
179.816
455.956
457.941
34.8506
112.51
264.945
96.2793
18.5226
99.8346
38.2204
403.863
28.3998
21.676
287.939
23.4063
327.475
185.64
86.1824
76.4245
47.3923
382.553
320.46
65.9882
305.259
21.9857
148.422
15.5816
33.1721
22.5899
269.493
12.9691
48.7274
98.5685
14.9374
204.875
339.044
116.66
420.131
205.58
389.844
29.2914
16.5499
447.442
155.971
20.6619
10.38
7.68206
19.9885
337.034
116.82
335.43
24.1627
435.392
12.4817
365.3
87.5469
18.2405
70.2444
469.143
370.493
13.2205
31.3112
251.424
70.6607
45.7728
15.9108
14.7975
436.15
227.118
77.8536
507.802
163.095
201.006
153.97
382.27
209.587
21.0565
112.485
6.6036
166.918
12.588
357.944
25.3023
158.335
10.4996
23.263
378.605
261.711
147.536
67.8646
350.92
20.8456
9.13454
17.8066
133.91
13.0262
274.842
99.5196
15.2648
55.8714
231.181
83.4864
61.0822
485.448
14.659
26.2883
42.2091
10.6692
21.4736
25.6902
19.7722
25.271
58.7032
402.462
85.2237
205.395
218.464
313.762
8.13167
87.4306
323.269
430.163
286.654
8.75339
194.117
18.3351
18.4262
16.6312
20.1263
174.263
7.63466
17.0207
23.8819
23.8825
7.78001
132.005
22.81
500.209
21.7647
244.958
4.8638
8.52215
16.9952
13.062
17.534
103.602
428.092
181.87
365.862
410.895
558.878
242.497
11.3243
18.0226
72.915
367.945
390.297
515.845
512.526
15.62
19.2262
258.042
10.4234
298.554
13.7673
13.1201
19.1405
106.66
14.9978
308.63
15.0696
19.6218
6.32156
347.063
13.7172
20.3239
20.433
155.005
368.252
311.789
17.796
156.904
233.733
19.1391
145.169
10.3587
398.545
12.3931
9.4624
54.8546
195.908
15.8536
220.958
275.152
59.5973
13.1395
197.557
520.502
450.387
108.61
113.612
8.13167
298.353
11.1213
334.044
7.55591
145.624
224.892
405.88
354.213
20.6714
401.125
542.913
164.052
436.407
257.389
9.09608
24.7996
228.248
149.044
10.5537
119.122
181.086
281.805
390.589
13.143
261.61
71.8842
17.3544
365.022
16.2213
310.442
66.3404
200.864
6.23261
61.935
435.702
63.2523
494.837
81.1141
19.9332
13.2277
10.1028
10.4355
18.9997
379.535
14.9121
15.7124
84.3919
96.7053
119.026
128.353
1.63424
258.183
364.896
542.797
12.6313
17.9909
418.265
13.4083
172.379
4.04834
14.4369
165.535
368.08
97.1823
22.4793
16.3565
223.643
180.874
21.5041
233.088
10.6526
22.2708
18.0165
531.573
16.6595
87.5794
202.418
197.008
121.635
190.447
309.851
68.3586
14.2959
339.205
97.3241
137.109
146.862
217.488
226.514
241.877
58.2922
386.192
386.173
9.94935
153.203
346.105
70.8158
176.318
19.61
341.371
378.443
44.9516
237.367
313.382
299.515
38.8239
454.349
66.6821
15.101
22.2244
196.029
323.574
216.358
259.87
438.309
61.9952
33.3404
152.271
15.3275
82.1833
104.995
342.648
18.9892
140.563
403.288
34.9076
5.16629
15.7617
438.307
382.447
15.786
313.056
19.3983
366.186
200.311
349.262
238.346
95.4071
308.828
148.604
375.435
25.9895
201.588
8.47692
139.207
175.811
18.4088
415.179
10.6619
50.3695
62.0112
19.9001
15.5357
221.245
13.4262
192.156
18.6561
36.2479
10.5324
183.989
551.395
89.4071
26.4085
36.3822
331.592
163.298
13.1433
32.3683
93.1779
21.6857
6.98705
18.3399
199.827
253.669
19.4847
371.463
5.8387
16.6165
190.267
292.851
10.3752
85.9422
356.685
20.5244
249.965
15.2313
243.35
466.931
205.705
13.8139
17.2375
67.7829
487.216
145.085
23.1813
32.411
111.193
54.5662
8.91325
318.293
21.8917
437.628
17.2006
11.909
501.835
313.163
194.05
17.6187
9.82141
115.43
18.3613
242.217
299.239
52.4958
512.042
304.17
46.8175
67.9586
26.9178
405.085
103.862
19.9172
69.8529
21.0985
258.337
20.6074
424.208
580.068
127.106
138.819
477.422
7.51861
287.624
126.549
276.368
303.45
19.5188
29.3407
350.422
8.07254
201.874
239.949
25.9593
442.872
183.487
354.569
66.511
5.20848
32.5297
316.749
20.3958
337.44
282.891
333.501
255.727
9.87049
242.051
270.869
22.4584
102.313
14.9155
21.5316
55.8016
9.1779
245.241
293.876
250.928
292.812
10.9034
12.8463
24.3161
29.1038
417.053
11.6514
6.82198
7.77665
398.136
170.234
5.60932
376.229
21.1711
364.396
30.0548
90.5514
8.0504
325.056
230.203
54.4136
60.355
72.1298
328.704
13.9574
520.238
447.861
213.168
293.831
227.647
21.0852
32.2471
13.4512
539.24
17.8214
23.6996
16.2062
188.584
9.19597
323.158
16.4974
105.066
182.509
12.0763
144.59
90.2312
177.839
149.914
561.239
411.408
18.1853
203.389
499.405
70.7074
153.632
16.1477
67.4322
9.99654
16.4938
385.929
63.4561
305.228
79.0927
489.831
205.712
438.247
265.238
419.567
11.258
341.107
12.6064
252.037
231.313
20.2159
14.2803
18.3914
407.862
417.012
70.2274
223.502
76.4321
298.412
16.1076
15.861
16.5517
434.479
53.155
234.423
127.301
155.464
20.4437
300.32
422.267
252.249
18.1612
341.486
21.8536
327.074
269.11
413.937
444.679
41.7523
5.90156
58.0756
148.925
90.295
10.0563
21.2539
21.3849
203.527
125.086
224.631
298.739
182.743
258.453
93.6763
512.973
206.298
20.4322
467.102
309.477
127.235
85.9494
18.8437
21.462
16.9715
98.3558
17.9855
435.483
15.4854
125.704
348.237
13.9692
391.92
360.648
13.0284
176.107
121.695
16.6841
20.3316
10.2079
493.808
20.6031
470.101
13.1808
5.75552
131.883
465.963
83.367
18.6629
422.3
14.4904
236.03
37.8937
225.792
236.715
168.777
524.446
18.6531
311.695
78.7429
290.849
22.7222
11.5493
143.595
13.3752
74.4625
334.847
127.869
258.421
81.6227
277.528
9.35271
20.1303
180.427
149.005
16.1927
273.553
165.011
267.471
402.622
147.795
362.533
239.829
66.0088
291.681
14.0397
61.26
278.024
23.4543
57.9201
508.094
187.238
18.7094
319.285
121.827
281.485
10.5353
11.179
43.8471
351.016
426.794
439.419
221.195
406.093
196.435
11.4965
370.094
52.925
465.312
152.665
15.4122
22.9739
46.472
355.938
398.01
13.5904
141.724
123.317
7.04094
18.168
305.938
169.914
16.2856
19.0525
287.148
18.1316
15.7087
17.7667
177.536
12.8191
337.613
118.718
10.3964
9.429
170.463
9.46719
98.8499
81.706
52.6674
389.208
18.1846
268.474
17.984
373.138
450.411
209.288
12.6297
411.196
60.6761
8.02962
15.1082
219.21
18.4814
473.51
407.315
119.947
443.828
244.617
253.315
28.1916
431.671
8.2337
201.839
182.745
115.459
291.575
18.0461
18.861
179.555
18.6791
325.537
381.174
17.2108
284.696
173.28
316.361
19.4884
15.9135
311.599
519.012
16.3069
373.838
14.1328
209.675
29.9371
13.2881
443.309
502.705
8.43762
299.788
56.1482
189.101
21.2377
11.3775
163.609
289.766
15.2961
489.619
166.565
532.028
9.19721
15.6439
288.455
55.3122
359.817
207.668
51.3575
450.124
201.279
21.6517
21.0762
365.41
19.4041
52.9691
9.06383
80.9661
243.118
553.356
476.48
228.772
442.786
18.6784
511.754
126.361
241.711
132.155
61.7
13.9072
11.6669
48.7361
435.917
459.742
363.692
113.541
199.811
18.2861
129.755
14.3659
15.4819
13.086
196.04
422.358
252.549
97.2621
159.608
169.789
20.3781
381.42
462.629
408.839
179.723
50.7129
13.4555
203.65
109.093
266.724
13.7124
415.936
290.029
233.188
24.1696
5.4428
7.93651
236.355
295.054
176.231
14.3091
251.251
196.44
123.749
10.4481
104.654
47.0346
19.0637
279.293
20.2582
24.5142
224.164
32.1418
343.862
7.20546
237.877
27.0824
418.148
174.101
4.976
346.084
288.681
379.025
13.3674
95.025
188.748
254.338
245.236
18.5466
22.3299
44.0545
385.79
224.721
12.6952
237.401
333.53
160.581
5.27436
308.2
570.665
308.819
245.75
255.481
61.9255
18.5983
31.4577
38.2457
291.243
23.1739
23.756
116.737
8.96755
201.071
574.545
312.931
148.66
221.782
16.1446
25.8802
487.297
207.529
227.926
145.939
420.116
44.0126
64.4137
198.571
370.21
18.7414
5.18623
70.3308
19.2573
84.0694
3.30637
23.1162
11.2283
137.604
12.8227
181.765
156.216
95.2462
9.549
19.1517
42.5349
6.81153
15.2055
10.681
16.8188
18.4781
18.2038
308.192
190.624
516.138
302.527
240.192
472.941
289.71
310.682
255.674
415.799
5.14856
439.722
34.3995
17.5413
262.902
298.66
481.86
354.705
156.384
17.9319
20.1272
188.171
17.6241
22.1802
340.845
80.909
11.9927
255.836
304.362
14.0337
16.5298
123.595
323.009
507.636
438.145
21.6358
100.822
478.787
72.9145
71.9252
19.6829
154.301
12.696
14.8925
20.2819
318.46
545.522
21.9948
214.6
292.109
37.2805
5.93331
7.10396
12.8044
4.75462
23.4894
18.0328
23.0428
208.105
27.2539
252.957
6.26125
82.8132
536.044
105.067
19.2159
425.712
346.439
11.1747
58.2002
65.3856
122.955
238.286
247.963
402.679
9.20966
21.0602
13.9973
18.5266
18.745
36.1618
207.666
8.86585
15.1779
514.136
18.8868
10.3001
186.355
246.168
193.483
508.165
176.31
241.037
299.16
6.29162
327.962
18.2283
12.2203
81.0401
453.904
149.276
335.629
23.3254
388.47
17.7578
19.8019
14.4828
307.396
320.359
210.802
19.9119
206.98
10.2606
243.406
254.444
364.056
204.481
206.205
156.154
17.6135
29.6242
14.3189
305.914
366.835
206.288
292.758
103.472
319.311
16.0065
299.499
337.741
535.799
70.6389
10.6234
16.5897
319.825
22.8922
91.4613
204.629
480.279
17.3068
5.51747
9.56841
167.824
15.2575
45.5944
29.4855
18.9204
290.908
12.2231
144.748
21.8568
19.6181
16.6382
39.7496
19.0437
4.87691
138.917
392.99
242.763
137.341
180.664
105.812
131.826
281.898
403.774
151.372
13.6828
19.8896
20.8989
13.2035
18.204
202.789
253.515
188.777
147.523
334.755
7.42905
315.327
344.916
172.293
423.799
10.1138
50.7678
246.558
16.8372
491.325
327.188
253.277
221.561
228.075
137.69
230.356
329.082
315.85
196.001
199.067
319.515
133.973
227.425
9.70124
11.2488
226.039
10.307
460.609
22.7588
19.0534
239.27
20.8834
453.132
208.868
18.4337
176.985
144.351
123.209
245.755
20.5069
323.541
216.205
86.4774
566.55
387.885
101.435
364.68
40.2544
17.2001
11.2292
11.2068
14.3812
23.31
7.58033
357.238
235.48
20.9678
210.24
229.126
367.073
390.35
133.041
17.18
16.4449
245.982
13.9692
348.301
112.641
331.84
24.3645
199.526
87.4966
122.379
248.619
118.105
358.034
230.755
18.6052
298.362
258.013
289.465
18.566
27.2071
275.795
18.1701
23.0379
18.7476
302.667
1.77191
111.961
264.8
20.4278
481.545
10.8462
195.11
114.225
139.901
36.0079
61.8966
27.4095
97.9373
257.172
171.114
16.0901
125.277
167.362
541.364
131.679
399.383
337.285
32.1225
26.952
235.299
266.153
237.917
158.713
13.2255
16.3478
247.289
353.101
10.263
496.117
18.3988
219.379
494.597
177.449
340.624
20.4942
17.7392
261.19
447.75
460.324
460.916
189.858
361.359
15.3154
186.674
219.358
317.299
14.143
509.107
25.9801
168.549
357.338
296.51
189.653
21.7164
221.135
206.1
20.8027
254.213
8.43595
237.016
23.8443
18.0897
354.712
560.207
117.883
260.093
368.925
500.063
18.3284
314.177
21.0411
299.765
21.2416
230.939
312.741
207.289
160.715
164.788
296.835
334.754
285.892
403.753
439.979
21.9472
117.996
20.6809
7.301
4.25176
153.488
204.086
19.484
18.2111
20.3658
8.88473
228.991
115.67
19.066
464.052
19.8567
373.703
232.219
46.0466
267.086
23.5272
25.8104
509.332
258.542
157.77
385.646
189.315
46.7703
20.2455
207.756
582.896
23.9766
21.3868
23.5306
73.9933
12.5159
6.66346
170.981
60.142
59.0232
114.908
456.842
19.2896
255.789
45.8165
164.435
349.815
510.168
322.302
18.3646
49.0599
9.345
289.128
354.132
250.342
164.705
290.804
88.9896
187.216
148.744
254.287
15.2186
256.316
290.812
345.558
201.553
209.068
176.4
202.23
46.5097
357.108
148.223
170.813
219.752
8.35961
293.401
290.007
86.8045
376.536
274.683
14.9191
38.446
12.9403
168.459
83.4155
20.5753
334.393
108.379
8.63617
19.4574
373.384
381.201
10.6738
303.097
145.951
11.1512
424.358
402.576
93.0229
141.057
189.562
487.53
120.239
175.681
139.994
6.08211
105.147
3.26687
60.1418
18.2041
23.1451
345.962
379.708
40.348
388.655
289.067
12.8523
323.349
10.3474
199.089
6.09365
317.829
236.808
81.6879
209.584
147.167
199.881
345.268
130.425
82.867
17.362
14.9585
207.292
287.984
27.8578
21.2054
7.87387
16.0777
19.2464
345.046
178.377
540.544
133.833
374.759
229.284
22.8783
24.2712
121.507
504.067
373.241
17.0142
215.556
568.064
208.064
260.892
275.127
12.3287
26.137
125.53
397.956
319.239
17.1662
343.714
13.6814
55.2955
293.36
292.9
9.46665
100.206
217.453
18.5859
284.456
237.491
285.129
32.2789
17.6866
297.424
289.873
267.637
27.3812
133.14
13.4816
391.35
255.481
223.979
23.4229
12.4491
199.871
21.3875
47.2786
72.6268
197.466
320.684
312.846
200.271
17.4592
12.1051
133.194
11.9647
432.712
119.284
154.505
6.84603
18.3345
71.7744
8.45152
128.696
282.58
493.942
9.26576
347.567
286.016
22.3952
125.914
443.581
245.252
24.5919
208.263
110.951
23.4336
76.6547
4.20956
421.392
230.785
104.702
16.0728
256.072
143.744
415.836
515.441
6.97429
12.2055
20.7279
75.6527
164.33
13.5574
55.273
22.4358
63.497
22.9376
145.416
266.165
48.3833
389.146
223.891
282.743
262.755
159.358
100.561
16.9642
126.849
19.4732
15.0296
185.11
111.393
253.66
21.262
310.479
30.0425
82.9244
9.44924
134.931
363.948
393.104
295.834
174.383
240.188
218.551
250.625
196.779
410.195
339.913
520.876
230.229
357.248
247.597
101.844
387.48
223.312
53.4444
359.216
60.0094
29.0044
18.2239
245.068
15.1691
-15.2284
147.044
24.6125
118.634
18.3895
27.8309
204.982
427.524
437.681
335.76
17.5364
142.154
7.08774
13.0221
273.859
339.728
7.30594
8.70632
112.719
504.841
365.845
289.559
128.734
258.536
411.63
511.39
121.851
29.8807
54.2175
202.384
10.692
393.494
358.386
39.5447
273.795
20.8959
391.928
380.46
462.377
249.799
205.773
20.3929
364.586
406.016
21.7631
29.2276
12.776
247.443
148.261
172.249
157.08
59.3286
129.766
426.779
13.6157
113.637
235.304
132.843
19.378
10.9025
155.208
8.11181
119.757
388.873
132.125
254.125
16.5416
132.53
255.399
10.6987
474.946
28.8736
10.8351
25.3706
556.105
83.5308
11.5761
126.062
9.50713
211.225
122.335
338.261
177.342
64.1936
149.688
21.1045
360.853
284.176
200.442
222.967
496.929
185.472
415.7
160.606
277.15
101.785
45.1571
501.867
558.912
118.897
339.035
170.444
17.3097
177.537
23.147
433.463
20.3576
23.5335
16.3021
145.504
427.248
299.674
25.8437
539.941
15.8956
320.972
13.9407
23.9156
360.191
71.2366
222.281
175.313
8.96245
3.20016
441.819
547.791
117.139
92.592
271.711
99.0975
392.023
446.909
361.445
291.296
4.65347
9.12362
15.6374
13.4711
44.0291
24.3611
369.263
200.595
21.2462
339.998
149.268
9.53621
317.902
25.1076
20.6905
8.44755
348.987
27.7931
184.699
422.602
343.709
19.1124
26.3204
337.731
482.571
41.9819
19.5937
14.3398
15.1279
9.32797
256.391
83.5961
250.45
208.461
9.7566
54.9702
244.765
85.6867
16.3025
436.866
334.495
12.2347
353.661
209.914
356.11
211.643
11.2286
271.814
494.778
21.2929
17.6292
368.136
99.3927
395.587
404.101
25.5124
19.1821
86.7528
14.9921
101.56
85.539
20.3657
404.802
24.9315
169.117
152.904
21.5807
116.471
149.869
66.8395
22.9012
198.489
406.625
15.9513
103.807
74.4594
119.485
15.4817
22.2976
18.8705
123.898
20.8771
12.3553
176.186
21.8112
152.242
271.657
294.239
112.886
25.2892
19.0324
23.7389
67.8719
21.0939
173.374
119.415
206.793
322.295
385.808
126.806
20.2009
19.8321
8.89604
110.701
41.3388
174.507
206.196
17.5832
180.149
354.311
237.24
573.004
20.9792
476.118
98.1479
12.1562
332.247
203.12
36.4346
12.3368
73.3234
221.794
283.457
111.222
21.1405
417.239
247.453
308.914
87.1318
149.554
219.835
221.547
511.214
23.0567
17.8487
448.391
398.924
22.5074
142.65
359.715
273.985
150.799
50.8283
27.1115
172.765
307.625
19.8192
209.713
216.175
16.4557
274.216
22.5257
23.7979
12.5007
11.184
85.9451
45.3836
23.8852
0.737739
313.107
8.17417
355.78
204.23
536.111
272.682
81.7221
39.49
533.543
388.283
180.368
133.255
206.91
261.082
121.692
446.084
17.7821
209.896
22.1178
72.9763
227.219
19.5044
23.7931
202.529
315.391
286.341
23.3651
50.4293
18.6629
110.462
377.925
10.0999
291.118
30.6426
403.19
20.0038
206.664
17.5816
10.2732
302.004
207.466
315.535
192.548
194.834
42.8572
399.44
160.711
243.518
236.739
164.737
316.102
184.886
440.539
274.95
25.5859
20.1721
96.4079
292.688
17.1787
18.9317
116.607
282.309
344.591
544.628
92.0195
13.9698
220.507
204.259
237.917
18.2662
135.226
54.2387
376.326
430.853
14.0238
16.8773
284.158
171.25
139.712
170.691
15.4396
173.339
13.6109
187.339
263.396
361.77
20.5041
7.7629
14.8326
394.874
16.2312
507.754
143.482
40.6355
21.972
12.2918
316.729
298.64
252.772
410.045
32.1969
6.93505
485.683
19.7074
19.7325
303.853
21.6704
99.6317
11.7616
17.7893
29.2934
529.709
61.0064
18.7023
237.353
261.173
21.3021
111.843
177.218
100.233
500.737
23.3156
10.1084
170.286
268.484
222.645
570.013
26.5105
18.4367
464.896
22.3489
56.9978
362.334
9.15507
92.6761
269.176
20.6858
18.3565
517.272
134.248
317.87
222.802
20.0965
14.2212
300.352
197.636
20.22
90.154
5.29983
52.5695
482.382
6.66286
15.5445
18.3125
484.353
139.312
218.526
168.384
19.0097
452.285
281.816
21.5437
15.1136
319.902
88.1428
559.769
368.683
24.3337
367.66
49.6263
202.023
37.5974
11.8977
454.661
479.078
185.622
53.435
499.518
311.899
21.8106
115.455
312.204
217.949
7.57707
82.3403
125.631
100.927
117.901
204.479
9.56495
114.657
441.257
17.0086
252.81
204.3
349.199
50.4267
251.183
124.288
276.349
187.667
25.1783
18.3142
15.1702
337.579
5.74261
11.4525
24.6981
179.194
333.791
431.441
464.804
455.242
137.718
214.327
43.5344
244.119
412.677
225.083
15.9764
42.1955
191.573
6.79375
20.7184
39.4617
13.4332
15.0615
22.5624
79.8274
207.262
488.931
370.009
17.9046
246.74
22.9318
21.7963
107.775
250.113
490.798
9.03302
22.5343
191.829
11.9153
259.271
304.006
117.548
18.6385
531.652
17.2291
14.8282
23.7949
192.48
428.462
150.919
23.6759
96.9023
24.6612
255.868
25.795
10.4561
8.10021
146.071
84.2847
17.308
12.2702
242.534
14.9102
181.584
17.3128
99.0846
489.549
122.905
215.758
255.889
9.48951
15.6651
191.076
495.893
20.4955
33.2543
368.334
267.799
275.768
360.722
167.958
151.059
403.725
174.751
214.638
482.622
281.604
291.324
23.6518
16.7211
71.6211
87.6196
7.32066
163.858
147.333
58.7372
564.647
18.6701
159.24
412.478
17.156
531.266
311.398
178.549
22.0565
79.6006
171.246
5.42386
297.41
6.21706
224.628
132.199
224.483
173.351
290.089
103.82
15.9332
19.4445
11.4289
21.2002
70.3892
129.71
12.8017
20.1485
448.298
148.273
17.2282
355.579
569.555
9.26516
19.1911
161.759
18.8845
10.2442
23.0644
4.89605
15.533
286.818
376.815
481.046
21.3592
139.727
24.3262
4.45103
6.0903
340.619
7.18525
163.551
269.341
27.111
168.385
36.2616
40.7817
129.187
14.7963
4.33928
16.3283
302.21
58.873
10.8968
294.414
30.4626
22.6883
20.8161
21.3104
259.727
86.3228
19.912
112.805
7.2512
115.058
55.9816
143.045
32.434
9.7786
90.8429
6.29289
11.5563
193.029
142.907
329.712
354.207
380.75
317.649
455.458
16.0499
76.553
23.0948
12.9967
73.6832
13.9949
18.8213
364.866
169.877
21.0884
9.88424
47.0742
102.727
16.3777
226.184
21.7781
395.237
9.0486
397.491
17.7138
266.025
203.414
65.8444
15.5355
249.214
49.1399
18.1386
294.607
18.0227
15.2846
383.341
18.1178
31.8638
7.01524
556.023
377.366
9.19826
38.82
162.098
131.647
17.8814
468.089
154.709
154.003
15.1639
16.7393
99.1709
396.607
153.465
61.1822
14.1225
406.842
21.1819
16.4622
17.2964
16.4137
59.1125
247.053
265.109
21.5876
83.893
120.702
289.693
338.102
13.56
19.2549
237.441
404.673
511.68
0.280915
15.623
483.087
264.191
405.821
211.172
344.278
10.467
21.1232
7.68382
260.819
254.706
184.965
17.0808
17.3714
173.205
16.5039
436.91
246.183
207.392
297.845
261.757
178.734
223.271
66.3128
124.976
191.452
287.8
234.791
10.1905
436.581
5.25156
23.5357
2.85548
203.268
335.683
245.515
53.3524
98.2773
306.736
10.507
12.4606
153.856
157.08
192.872
109.327
6.92586
255.675
203.002
460.732
24.5193
339.333
167.891
23.4762
465.528
235.735
9.55487
286.319
15.3113
27.1914
311.344
14.0243
290.677
290.014
11.7015
20.9818
88.9799
277.436
98.9861
17.6808
203.307
228.686
45.1887
247.665
18.1861
19.4883
145.151
80.1409
412.028
87.8447
269.934
258.743
14.7671
247.079
7.38779
10.5566
12.5858
99.1099
318.025
364.102
140.677
338.968
88.6314
438.754
410.383
18.6213
381.725
229.481
19.9534
134.233
58.8277
16.416
372.649
178.45
6.54474
17.5233
17.7859
336.408
132.57
231.851
21.0434
18.9793
360.052
267.245
19.9834
51.3804
421.903
110.637
333.592
395.615
24.2561
99.4643
22.3937
37.7549
177.737
22.0761
103.628
460.035
19.5982
271.862
367.941
545.258
11.2521
393.861
192.646
16.7745
5.37974
251.022
17.4327
17.7495
214.467
20.8121
13.0794
286.776
556.832
176.076
331.375
561.353
121.456
281.344
363.79
367.646
398.716
21.7477
417.188
13.9815
235.807
120.971
448.837
7.85431
36.0567
104.208
104.716
70.9902
20.4194
10.9317
21.031
211.174
513.311
214.144
13.8665
22.4582
13.7623
22.9146
41.5808
416.429
70.5316
83.1082
189.666
21.7905
144.851
34.2473
374.559
220.25
425.304
248.383
162.872
322.934
299.942
391.939
389.777
57.38
241.106
37.6882
178.855
526.433
14.4319
96.8606
536.655
14.1947
334.785
459.296
13.5954
189.233
4.34073
391.154
24.1873
218.669
318.384
17.6775
251.594
9.3483
20.8228
231.049
131.552
316.56
13.8909
212.547
21.3965
263.504
200.261
176.516
284.83
4.79417
11.0115
218.699
8.86501
155.858
222.044
117.206
199.876
16.8278
18.0193
23.2837
4.13167
15.0266
27.4161
41.6236
13.4686
32.0925
16.9174
315.151
23.1649
187.875
23.311
205.815
34.0096
197.618
232.984
237.258
209.915
20.7337
262.883
16.3219
11.5885
9.51904
4.40171
127.886
16.727
215.8
338.729
36.6565
15.7149
230.33
10.2836
341.363
242.454
168.949
554.857
480.581
18.2549
45.828
210.081
251.06
310.796
412.039
203.405
553.58
22.5499
416.013
12.829
303.353
257.207
35.4203
111.212
213.305
72.9246
17.1258
75.5116
22.4138
72.1628
4.51587
14.3257
251.934
195.677
11.6066
529.052
226.888
233.425
336.646
14.2444
170.993
454.482
460.672
367.298
19.243
19.0219
6.9781
17.6926
13.4341
56.2723
341.035
395.25
118.413
18.5861
272.849
309.526
31.1716
19.8544
10.7969
401.394
270.671
21.5213
140.088
11.7921
34.513
505.758
53.0507
34.4223
180.966
8.78015
198.282
339.065
23.8073
2.0296
15.309
28.6449
321.785
42.4071
50.3478
342.766
76.0587
64.8395
462.721
157.927
2.36612
38.6301
303.881
484.744
398.902
490.786
404.794
15.282
10.8657
8.11696
70.5974
312.424
392.518
489.717
506.41
365.612
6.99754
159.347
299.234
10.3293
120.533
281.346
71.0675
344.532
170.681
90.5715
85.0769
367.146
17.2534
408.61
-1.16131
386.987
78.6807
310.83
351.963
236.919
19.8657
17.9541
217.332
16.9436
68.2542
279.359
481.505
66.9385
12.9274
331.653
375.899
364.032
26.856
401.625
107.192
94.061
21.044
97.309
36.7351
82.1779
27.978
9.94355
116.585
18.851
139.908
119.339
5.76398
286.723
7.80346
19.8916
194.651
13.6538
157.309
403.651
96.0876
15.5807
60.8028
21.3911
348.704
32.3247
22.3724
326.602
17.1118
22.1208
56.0816
32.4787
13.1094
10.1704
6.82315
532.075
318.255
217.443
10.4992
11.3168
235.267
403.25
80.3113
65.9817
14.1667
27.9971
16.8526
375.901
20.5411
212.843
301.473
194.309
509.314
350.249
199.73
18.8004
413.604
511.205
144.518
92.3791
17.6333
355.302
341.614
418.071
20.1771
588.428
8.96771
302.833
403.053
13.4352
19.8094
16.1421
398.788
103.552
174.647
31.8823
63.7737
23.3355
475.013
403.994
20.058
312.06
175.336
232.687
325.694
447.534
29.7076
5.10607
202.478
209.21
15.9921
259.45
150.87
296.844
185.562
239.552
236.82
177.825
355.441
514.946
-8.70915
385.347
268.266
110.556
16.7227
92.0426
243.524
49.5812
453.74
366.928
13.9046
421.038
6.48084
447.225
422.551
144.405
382.266
185.354
332.152
324.536
123.489
106.141
17.628
59.1474
55.3413
21.0741
20.051
409.823
341.417
76.6929
334.824
18.995
182.952
47.2929
29.6376
346.899
208.685
19.8406
14.8586
221.003
389.557
545.264
15.2465
171.53
45.7986
203.184
531.35
232.19
8.13426
465.01
17.7756
7.95057
179.976
79.1025
12.7071
19.2667
238.277
16.762
232.988
22.0841
65.9012
399.473
98.8652
354.311
12.2579
358.291
272.37
5.21355
140.275
302.974
23.5408
16.6231
23.9341
273.587
20.6021
68.3175
120.937
9.34944
198.746
11.3849
155.241
20.2861
277.541
18.1594
97.7436
92.921
165.741
168.763
47.6277
10.7909
216.567
418.536
14.4734
80.7514
220.611
466.331
56.3877
76.4012
130.141
203.047
13.0118
18.1772
24.7542
468.014
220.04
9.52931
20.7121
8.9135
22.1094
15.1794
18.6775
300.623
16.5324
257.557
89.5778
533.605
82.7082
170.102
325.489
10.1983
42.5147
153.761
21.4054
141.388
17.5673
239.755
363.218
216.246
141.022
268.332
284.274
31.1339
369.539
417.964
427.555
271.856
347.302
6.20879
20.5292
253.295
340.484
122.402
18.0981
167.932
10.2608
346.61
93.3797
7.22566
21.4719
14.2231
-0.460349
10.1409
3.75152
16.276
219.768
65.7939
31.1935
183.388
553.684
16.5415
243.199
375.434
22.4335
22.4903
126.61
304.656
22.0227
22.7976
47.3818
268.891
77.4726
90.8813
15.614
17.9534
48.2867
323.653
19.9957
21.0402
407.216
24.6219
457.654
20.9458
9.72674
493.243
12.6068
254.96
7.30182
257.008
20.4646
390.454
260.044
106.793
363.259
121.294
394.388
20.6798
5.31971
13.4041
22.0177
277.44
193.486
65.3868
9.39116
105.976
3.63016
20.9482
17.9262
20.136
195.26
107.218
30.4784
9.09504
164.23
392.839
470.48
349.075
100.0
271.254
346.097
46.5909
227.282
62.0491
21.665
15.7521
343.611
7.77539
47.6575
287.912
265.245
236.31
365.465
16.8912
214.621
128.324
156.242
18.3536
559.77
111.802
465.888
371.554
10.2502
270.872
18.9717
14.4017
7.91624
244.892
23.2234
311.247
206.358
247.975
387.53
165.499
10.1744
382.676
140.576
269.134
118.613
17.2811
400.547
193.329
140.511
416.353
557.239
18.9972
10.7244
226.102
210.428
568.157
424.232
8.38085
308.455
496.076
123.661
138.059
32.8505
53.4768
101.189
330.98
79.7977
18.4934
143.225
335.647
18.2356
20.7346
302.846
176.637
194.498
22.6023
17.0408
140.624
13.4573
124.305
311.638
8.1948
73.4098
62.7457
9.17783
70.2176
5.37186
58.8162
21.9151
4.28298
20.2833
54.4199
172.555
93.5009
242.417
19.9943
290.878
458.926
148.874
544.86
227.703
253.799
331.767
20.7964
189.864
163.333
485.955
196.418
230.06
12.378
264.664
459.745
253.877
142.703
12.118
298.004
300.554
138.813
370.373
107.106
242.758
18.4089
18.8952
397.581
23.3426
8.61227
19.8569
23.4464
111.673
317.161
355.638
457.734
389.131
8.03653
34.9463
14.8155
113.506
154.244
195.554
40.522
438.11
84.9098
349.916
295.866
45.0038
16.1786
7.32253
144.644
46.7775
24.6912
18.9453
26.0155
328.103
60.388
200.709
363.108
15.0994
277.645
14.2146
53.7459
126.783
364.421
274.157
314.363
104.57
451.334
260.351
126.809
519.824
235.445
453.993
16.3924
14.8574
255.692
491.513
7.36271
255.623
389.954
17.784
25.9881
360.302
16.6302
18.5882
10.3472
18.1848
15.9565
253.296
17.0741
81.776
8.73269
27.8827
99.4851
16.8749
89.5433
21.3246
5.11543
68.6907
292.783
117.15
4.88668
210.898
460.769
15.1911
45.6906
17.276
19.9562
52.8405
8.5914
354.082
43.3228
18.3406
11.7833
28.172
91.3682
57.6831
240.933
19.3236
19.4303
45.5365
412.406
224.595
340.856
261.176
304.706
184.294
24.1002
12.9994
21.7075
454.12
21.7667
70.4229
181.394
322.777
27.4233
117.283
47.7173
118.029
98.7769
23.2266
408.807
19.5715
221.232
10.8364
18.0895
140.541
560.654
175.808
235.172
144.642
19.577
14.3711
160.454
192.88
111.867
227.745
153.887
222.104
346.949
28.4248
18.0513
47.4415
95.016
240.306
22.3891
26.1369
10.1064
28.3732
38.5868
13.9504
152.494
479.973
8.35154
179.133
381.113
20.3309
7.37119
45.8054
287.191
11.2521
334.887
413.465
444.856
246.319
69.9237
22.7694
326.228
22.8544
23.433
8.40451
20.7118
262.164
480.973
18.7574
247.399
329.36
23.1234
33.3528
15.7481
15.7599
243.667
340.785
19.1114
7.92273
250.946
127.375
10.9406
85.4222
13.0472
18.2188
39.6776
136.771
199.492
110.71
442.944
290.606
10.4756
9.70335
13.685
146.499
20.0909
22.912
440.525
31.7966
125.682
22.3294
151.753
88.2409
12.0605
16.7888
430.9
79.3525
539.613
65.44
251.83
403.249
91.7329
90.7659
189.506
21.5768
267.495
11.5374
278.842
18.2303
122.146
259.983
363.673
20.8292
19.2529
68.422
4.80569
10.2138
23.3569
9.97791
339.099
118.361
255.618
360.357
9.17978
20.8908
228.85
144.218
5.86469
202.38
20.8737
36.2863
211.392
138.77
323.246
142.555
156.429
134.421
16.6649
246.863
425.111
219.358
222.679
22.6553
97.5651
82.5015
12.3319
25.6395
412.549
110.803
24.2438
15.3849
429.322
345.49
18.9408
311.103
325.124
265.498
210.98
81.5816
469.156
302.386
68.8873
193.395
20.6915
30.3904
12.278
65.3218
208.921
219.67
221.378
153.358
99.7943
348.294
183.41
432.22
19.9115
11.4281
9.26819
151.782
441.512
140.042
19.6392
18.9284
8.43699
153.862
411.084
87.0086
3.8839
101.693
16.5112
13.4986
40.0127
42.2956
484.38
20.4535
422.172
19.5069
8.12168
200.334
6.19736
404.851
229.855
282.734
227.008
56.8826
265.259
415.811
73.8706
14.0648
16.4489
422.543
61.8408
87.1583
284.94
181.277
469.858
18.5665
252.44
31.8162
19.4424
11.9619
412.369
154.771
9.02797
567.802
284.109
97.2124
167.711
389.934
16.0863
18.1953
134.616
15.3515
176.961
28.2228
13.1387
312.016
149.114
517.313
257.121
4.06283
461.173
20.0402
268.197
14.2159
23.2641
12.8649
274.271
17.5804
410.805
16.9493
6.13674
13.8203
15.4996
252.731
30.6571
188.196
184.67
137.02
144.394
280.855
15.1995
224.478
473.482
21.7635
33.2879
22.2066
242.31
369.117
463.749
9.96386
20.8626
12.5439
376.417
277.864
18.2303
17.9899
21.9149
14.3456
19.0798
440.657
14.8573
388.485
4.23293
376.546
508.995
298.172
120.96
421.07
164.131
18.358
12.883
29.1598
12.3678
194.67
193.622
9.76684
410.137
206.776
82.3224
21.3897
151.076
23.6539
438.345
204.766
396.019
218.601
258.745
567.043
23.9613
118.759
86.741
241.452
21.121
203.245
8.95016
200.926
350.518
292.685
211.085
408.425
465.137
328.627
222.778
18.9998
432.089
142.225
12.1051
20.7059
371.107
460.864
14.7147
19.3948
516.055
188.715
313.136
332.136
395.259
353.425
40.7539
460.888
409.547
76.5311
231.232
340.576
390.072
87.3215
19.1422
266.955
14.9749
176.986
36.8696
21.7639
15.8868
303.13
145.749
10.3811
171.815
153.496
179.296
94.5534
175.388
9.47807
540.622
247.695
341.866
354.184
522.135
15.0062
63.6821
14.949
103.917
99.3205
9.03717
353.426
390.877
223.87
263.062
72.6736
222.218
209.243
205.45
20.9999
21.0632
14.9051
105.458
219.603
273.022
454.796
490.677
157.77
10.8723
137.259
54.1139
6.73378
179.189
377.364
195.592
391.837
27.0933
18.3499
9.61656
269.594
341.266
44.0435
236.25
183.954
375.575
10.0302
79.6897
177.869
498.051
445.702
81.8877
163.151
554.851
14.4666
18.1912
296.61
393.979
86.262
174.184
18.7611
174.793
240.687
142.036
7.08875
239.766
15.2283
22.6154
212.354
16.1858
12.8338
109.964
20.5269
394.758
511.481
349.7
414.319
285.582
21.489
484.688
295.496
91.7166
306.707
20.2192
472.461
438.932
92.9089
292.948
17.5832
8.59075
6.55649
197.911
260.274
372.124
384.847
16.7396
12.0262
31.2582
142.694
13.3752
212.194
458.564
-3.45268
11.2929
215.245
415.629
387.922
12.6155
96.1256
221.197
368.021
511.301
12.9919
19.3419
11.5071
275.106
200.447
417.727
31.0566
72.6174
377.462
498.882
9.21901
82.9824
23.1424
4.63944
60.4927
15.742
313.063
522.763
173.859
7.41699
521.953
91.5571
57.8818
25.6922
487.616
78.8667
208.269
59.1432
63.468
44.2947
313.14
440.146
10.5841
421.225
215.05
272.692
12.5915
413.442
237.471
295.156
222.749
335.259
41.2688
17.1715
308.155
53.1472
16.5191
23.4147
178.753
11.9549
493.732
13.4666
10.4539
130.674
249.844
11.7402
264.017
70.2168
10.3657
282.056
297.962
17.284
220.724
57.45
14.6552
54.5024
222.136
375.694
20.2641
99.9734
193.455
248.504
20.6122
5.35306
211.712
12.2118
134.416
20.5044
510.795
167.631
3.50579
16.3496
414.761
304.129
163.569
239.143
17.7359
533.59
16.1341
58.6311
392.494
332.351
275.344
36.6395
365.189
13.8476
97.2348
102.651
487.197
25.4394
211.701
419.713
12.8885
10.9448
250.043
14.1428
2.90618
438.218
340.44
190.983
233.775
242.9
331.209
198.957
51.4366
16.1733
253.293
102.613
75.8785
335.894
458.038
293.661
74.5055
353.568
237.699
159.558
120.326
493.428
203.421
209.745
312.853
295.341
164.976
14.7199
80.3009
387.491
53.1861
19.5049
389.425
24.8088
136.11
380.818
5.22908
22.4777
20.379
308.18
183.401
12.5144
18.2484
422.039
336.191
17.7721
44.4804
136.985
13.1988
202.715
7.62049
212.602
69.0683
17.3118
167.548
198.929
465.959
14.4921
9.26175
362.734
329.572
21.1721
59.1336
220.704
353.847
500.159
10.5836
337.019
437.186
442.815
298.165
24.5043
246.831
208.424
8.70141
245.144
83.5251
18.77
265.59
280.099
14.4208
387.139
21.3243
16.0443
64.2994
364.672
7.5632
133.391
17.6729
20.2994
39.1076
65.419
73.182
18.888
553.463
15.3049
120.789
21.2249
347.363
95.4293
11.9349
18.7032
377.931
18.1615
126.759
16.7835
143.072
9.73198
243.897
392.553
242.464
21.715
243.002
16.7992
23.6814
84.8957
17.028
33.4714
484.228
112.983
52.2574
15.9838
364.397
177.852
255.768
146.483
15.7569
54.3496
15.6194
22.5469
318.3
132.283
9.91282
16.7477
280.622
61.1831
34.7051
17.4851
25.3336
338.835
414.919
61.4067
403.772
224.664
11.4499
269.198
136.079
60.1712
19.5348
13.8263
21.6005
70.3655
167.178
553.187
74.8609
335.516
12.2584
326.448
345.957
267.978
240.731
218.274
340.449
148.365
6.75704
11.1405
119.302
232.305
520.458
385.403
19.5765
99.6092
57.8505
348.481
373.778
241.653
405.75
307.783
9.90322
300.889
232.015
239.097
13.9074
23.8036
547.769
25.8241
237.306
127.565
11.1077
17.023
14.1037
16.9595
14.0774
82.0893
43.1128
33.7922
13.3915
222.779
8.07009
63.2256
295.925
16.2613
97.4712
345.569
156.753
82.7096
9.37789
16.6527
133.339
13.6372
145.38
183.358
13.0622
18.3673
17.5458
5.90085
303.434
307.759
286.978
21.332
10.513
416.581
408.898
137.454
30.8849
280.672
17.5679
19.7345
206.375
18.0629
5.74922
51.5276
274.556
43.4344
167.289
242.535
21.8039
11.5894
23.9745
97.3471
9.50695
6.21055
18.3161
6.06215
214.367
8.93557
253.913
25.3784
357.812
9.72414
21.1602
140.556
18.4971
376.44
564.079
10.129
17.6349
23.9503
94.8215
152.501
71.0133
210.189
222.465
18.8804
135.838
109.967
8.96743
397.692
10.2021
34.8234
226.179
19.4348
12.5986
179.349
21.4926
17.4179
59.3572
54.945
13.4881
198.72
73.4098
143.11
9.40775
336.256
23.0996
368.693
45.1869
18.3245
205.375
223.263
222.128
521.973
310.166
91.6415
18.8031
104.028
484.281
252.609
88.7522
15.9719
562.148
28.2965
146.759
383.959
186.507
120.483
360.383
19.0625
21.8969
17.4353
50.3079
433.705
129.075
295.265
276.642
18.6394
173.102
176.176
251.629
294.426
419.838
15.8481
90.875
13.6653
273.445
295.553
21.9221
27.5394
79.5367
294.957
15.138
409.416
295.022
14.3766
431.929
205.258
216.811
145.343
89.8481
11.0414
20.4782
10.6497
9.09748
204.624
377.335
471.032
24.0693
116.817
47.1879
318.333
79.4159
269.06
443.143
79.8997
301.128
407.595
337.468
6.55535
435.777
238.245
74.4029
181.938
150.067
241.925
261.196
497.374
241.468
249.27
10.1941
11.749
10.3529
138.371
288.285
83.6888
299.29
14.6704
107.222
156.421
186.528
22.6387
104.304
394.644
126.295
377.35
300.573
11.2332
21.7317
139.252
90.4277
378.14
6.94857
34.8948
434.716
40.1683
481.197
18.6488
140.987
206.783
114.517
146.038
362.686
259.294
144.636
202.172
109.316
17.8427
296.208
50.1459
171.964
131.667
382.031
45.8426
304.79
23.2415
205.435
295.845
7.74083
9.3456
484.789
29.314
20.6712
354.903
260.738
426.877
262.92
297.468
427.06
13.4706
13.2607
7.65025
243.164
17.5335
371.786
365.806
26.2039
240.246
323.312
131.962
19.1344
77.8697
496.918
127.697
12.5057
131.412
8.49264
20.5031
52.5379
438.158
172.15
19.9084
22.2711
335.055
483.989
115.267
9.55269
282.09
437.383
19.156
56.6621
21.5993
20.0214
185.462
324.218
337.662
18.456
79.1818
458.804
13.2173
475.811
9.1973
49.4199
17.2399
306.313
295.62
24.3326
18.3893
248.288
179.29
93.4338
16.6969
387.682
19.0504
18.8704
23.3118
33.6389
245.083
180.472
22.3655
16.3914
16.4717
218.409
11.6849
409.967
37.1598
25.3688
224.132
303.065
196.598
221.581
11.7955
19.6714
25.8655
348.183
433.875
530.353
86.1309
66.3951
5.66081
351.006
11.3743
74.6199
20.1085
248.088
15.1017
276.936
479.853
21.2694
13.9728
75.8225
96.3689
21.3914
14.5104
175.145
195.832
383.3
372.871
230.501
523.378
362.971
530.987
266.342
272.112
41.7139
382.1
472.084
18.6457
20.3428
305.678
40.4251
547.639
92.8022
458.636
456.761
405.76
524.868
18.2548
330.193
217.699
17.2005
43.1808
20.7634
284.152
473.386
213.757
124.541
454.031
8.61938
15.9293
5.55644
5.07952
19.0966
442.665
514.157
328.69
461.295
316.83
91.9565
19.8383
539.85
17.2056
100.867
11.348
164.979
5.04919
11.4572
91.9057
319.108
12.8246
81.1845
497.438
368.78
116.186
401.651
172.206
38.7394
132.419
21.765
11.1632
275.068
331.746
139.075
290.657
190.456
207.298
57.1438
195.034
217.411
12.3307
130.715
39.8204
257.934
22.0544
77.0955
123.419
53.9322
11.5491
301.431
365.888
13.3975
137.255
315.286
-0.88171
109.378
20.9111
36.486
47.3127
198.399
19.5976
187.308
13.0562
518.159
209.417
200.159
42.9705
248.02
410.371
149.102
15.3479
213.658
551.949
511.988
254.413
86.51
225.349
115.643
10.7957
204.189
31.687
18.9474
40.9259
4.03003
15.393
16.6793
227.9
22.8662
219.194
116.515
109.992
277.791
18.2082
193.404
421.12
15.7823
21.7163
390.325
11.8503
567.703
90.7893
174.749
463.394
387.771
348.192
202.455
11.8536
47.8179
238.839
10.1845
148.958
120.224
11.515
240.965
20.2755
234.894
91.2915
483.384
21.8612
251.015
23.4179
5.22472
476.771
14.7637
443.544
18.4753
21.884
116.285
282.825
14.9121
343.714
248.58
164.169
237.591
9.16064
218.708
33.4011
73.2779
117.823
181.965
6.93841
22.6281
22.8314
32.3108
23.8042
18.6001
337.509
129.464
88.2904
435.957
14.7876
151.26
13.4286
475.816
84.9594
15.596
12.8075
16.1513
14.8944
21.069
219.412
388.838
129.903
21.9783
153.712
410.752
229.576
18.2728
190.022
547.689
17.0732
19.0471
407.477
180.531
184.939
409.378
334.752
35.8901
32.4997
13.6478
82.5791
267.476
168.975
158.241
77.0882
17.391
376.194
236.993
15.7371
9.69787
72.0081
337.948
321.275
103.174
14.7251
22.0925
259.337
22.7487
349.382
344.969
158.871
20.6352
414.038
109.975
66.3779
7.507
14.785
17.7584
23.5204
47.3095
21.026
142.969
58.2684
26.0251
16.9091
57.3271
15.7405
316.681
164.061
19.1432
82.6591
-79.3519
252.982
17.0213
284.675
182.497
349.417
5.07879
48.9291
14.5055
12.482
95.7717
84.883
21.3639
263.104
219.252
18.6568
143.414
14.6142
510.965
143.639
283.536
16.5129
18.8088
279.15
139.969
135.004
361.04
397.843
41.2115
10.6213
252.579
167.902
15.4208
12.2978
11.1553
317.825
75.6734
201.893
15.5065
11.2777
173.15
20.7297
405.875
15.0706
142.313
73.5681
368.704
244.692
319.53
21.8604
328.934
23.2583
15.6138
8.29279
163.985
500.563
236.727
5.04053
84.2569
19.6046
270.757
242.483
273.927
4.91983
21.2688
400.931
20.4157
129.977
8.65792
365.56
24.9912
556.378
18.2752
11.8859
16.4222
100.045
527.69
291.872
22.0626
412.774
164.125
95.1989
480.594
10.2628
152.857
227.979
463.885
106.661
24.1955
20.3762
312.276
405.101
465.619
100.64
4.43817
283.517
285.403
119.989
11.7694
447.404
25.0966
11.9317
45.4865
158.172
24.4068
163.548
22.8038
13.9035
205.678
356.984
128.754
10.344
299.595
14.8524
305.127
18.7544
346.752
23.7676
18.77
10.3865
342.526
266.098
73.3439
138.574
132.441
153.637
174.656
215.526
319.503
239.305
263.626
328.776
16.1693
95.452
7.48819
29.0234
58.4174
359.887
34.6802
19.9665
13.8316
191.578
371.305
68.313
369.609
26.8964
123.124
412.851
6.73783
281.77
19.6202
309.906
255.317
95.5981
289.398
319.748
132.018
16.6922
209.322
11.1912
558.234
16.2063
14.249
100.035
325.405
16.0007
491.6
195.406
267.524
208.075
7.60862
30.6269
441.019
234.38
20.2003
283.846
100.246
468.243
188.593
15.5369
7.17408
139.881
377.514
231.358
70.9358
19.1535
142.928
17.4402
225.446
370.033
30.0049
9.99158
20.0115
9.654
12.7379
11.2771
24.1717
260.084
410.975
228.047
12.1724
403.496
288.589
170.646
13.7331
436.836
258.967
146.737
506.508
289.31
13.458
55.5943
282.394
141.889
65.8273
5.61705
364.581
291.734
424.058
91.4893
21.9901
49.4794
493.61
19.3641
430.084
281.125
328.484
18.5785
22.9386
269.218
102.208
362.481
178.14
365.558
19.8313
269.876
8.61429
6.82864
71.0712
279.329
63.2455
175.611
13.4882
225.824
20.1507
1.08348
535.327
180.483
335.01
243.06
393.264
15.6171
92.7488
122.308
111.86
63.7636
199.323
274.207
68.8217
64.0845
11.0004
319.037
411.189
96.7573
58.043
77.7266
354.353
42.5714
357.89
437.879
37.5682
131.218
152.658
165.915
404.068
155.845
113.633
301.292
330.163
21.8727
347.383
251.484
370.552
18.6769
152.317
203.109
229.91
23.8414
276.21
237.053
13.867
443.018
149.51
289.1
24.8679
364.171
549.321
58.6551
45.5236
5.02759
65.5859
30.7149
153.116
68.9569
16.1261
18.0441
9.75517
191.262
250.435
281.959
19.1889
146.738
17.6045
15.9503
10.2578
14.7277
5.36871
60.0754
17.0856
352.814
128.151
247.75
23.9094
363.093
15.8456
12.3142
295.724
264.975
17.0822
300.056
3.7468
477.594
125.636
73.3937
189.342
18.8115
443.718
91.8833
202.861
52.5116
74.7422
94.0702
69.0909
21.4523
15.2083
476.504
72.1966
19.8592
154.155
470.322
241.098
17.1424
13.4229
59.0483
91.3992
434.907
10.6051
212.634
15.54
168.67
357.756
244.393
224.83
21.5488
58.923
6.63373
15.2851
94.9927
116.123
227.041
203.73
144.472
214.544
211.982
349.813
26.8479
19.2869
22.1978
18.3509
22.5642
571.506
486.423
21.1519
240.326
98.0695
456.035
20.4536
18.6046
27.148
288.781
70.6212
21.8343
356.776
19.4725
25.9248
255.189
427.458
477.401
323.483
273.427
313.979
62.155
170.98
18.3056
264.767
531.757
5.92445
18.1613
18.205
12.8923
429.728
23.0072
530.327
219.156
135.004
251.313
324.287
253.188
403.756
14.6188
294.528
413.9
156.14
349.394
21.546
104.225
415.913
15.3431
364.703
13.8231
102.612
404.436
14.1207
23.9772
303.396
59.3069
76.1153
392.068
581.957
75.6225
18.5694
13.791
184.303
167.302
295.246
200.794
15.0117
554.193
5.2059
15.3977
389.564
304.292
53.9957
341.996
17.3234
179.07
13.0977
76.651
12.1055
369.005
97.5156
53.7984
323.116
364.741
244.242
92.6475
15.1613
403.116
20.7674
10.4543
173.222
345.925
172.587
110.494
373.214
399.207
62.7262
314.934
218.687
91.0056
129.731
185.564
21.5118
171.396
433.209
13.231
18.4116
19.0102
20.1761
268.863
20.346
13.9516
226.052
371.529
336.949
5.80158
7.42409
19.7952
28.0757
64.575
279.924
13.3784
201.402
327.527
244.516
13.2502
18.136
346.21
384.108
22.6884
325.483
152.762
169.006
29.0174
22.5776
11.9873
255.142
240.015
17.7272
167.341
5.83923
196.628
258.655
18.7012
395.211
5.39894
5.48253
210.546
53.565
581.484
169.373
152.32
31.8382
21.134
204.127
466.973
177.887
15.1766
254.964
110.742
200.875
12.3492
289.297
285.173
134.812
163.091
254.455
199.085
5.32215
323.565
167.147
350.632
21.0996
30.3542
500.5
60.9846
82.7925
241.122
32.1205
19.7375
130.445
79.9841
21.6187
147.128
350.598
340.871
24.0705
113.699
15.6236
16.572
352.649
488.291
555.53
384.359
125.04
115.138
331.337
15.4803
396.988
70.766
298.056
544.754
20.5895
23.0938
16.6226
20.4741
38.4326
164.925
303.441
306.308
345.832
189.731
16.2586
21.6277
88.4473
122.267
221.565
380.217
535.107
116.29
134.459
279.03
380.789
526.012
25.6075
-2.15579
20.5525
139.911
388.922
162.75
168.059
246.766
344.421
304.949
332.9
383.381
6.38072
25.9713
213.415
16.5394
211.886
152.849
208.883
306.505
14.8719
399.768
406.037
18.8676
177.689
5.87657
245.057
307.682
360.087
213.172
225.143
197.649
503.59
19.9424
97.1255
18.7362
49.8746
228.301
15.9077
321.615
198.551
17.7994
314.844
429.735
130.005
251.921
20.1693
99.1618
292.934
232.355
10.8431
172.634
94.5131
108.403
35.3584
354.892
53.4028
299.416
33.742
467.739
16.4843
88.3632
374.615
305.816
256.418
21.3616
370.49
93.3
130.801
242.854
339.967
419.179
64.7232
173.449
247.64
10.8406
20.386
360.038
186.75
369.461
228.745
13.6899
160.535
61.0797
294.158
21.6865
317.154
15.6422
19.3959
21.8996
11.4793
128.95
12.9364
317.868
248.684
192.046
341.289
268.632
228.533
300.893
136.588
300.807
20.9411
401.841
28.2857
5.99656
382.89
16.3552
16.281
180.091
10.8859
18.6968
83.7104
62.3477
324.537
18.4181
15.2355
478.591
17.8621
13.5807
19.8497
4.96096
518.418
80.2677
12.0109
15.8231
320.183
16.2794
15.8653
241.869
15.9917
536.58
49.0243
245.817
17.1126
266.988
212.097
140.837
5.40123
79.9903
178.613
192.363
237.902
20.5468
93.4231
309.945
127.473
22.1436
25.8251
92.6691
398.608
21.113
6.3072
29.078
205.768
363.575
129.784
176.686
61.2267
310.178
17.7543
183.202
10.5118
21.169
183.456
11.1609
325.515
14.7709
15.8112
303.604
10.2965
526.718
17.8457
165.242
442.626
336.424
372.081
174.706
188.009
10.9264
285.97
236.558
19.7705
392.687
538.892
84.25
220.065
165.895
105.051
64.238
536.438
9.96646
240.875
261.105
227.077
215.665
382.852
29.2286
89.6162
16.4883
80.6003
22.8421
69.9762
99.9768
18.6613
122.246
370.863
98.3454
384.272
454.023
281.55
98.1397
22.0752
399.497
9.29154
33.6122
15.9605
6.81768
17.9327
360.43
118.81
331.611
221.633
19.1021
231.772
30.472
36.5796
6.49141
543.159
6.21272
88.6804
321.559
18.8719
488.23
225.231
25.5724
248.332
77.9019
470.99
193.874
172.916
121.461
13.809
107.459
7.64069
7.14197
175.517
257.086
380.812
9.25133
423.433
384.359
380.833
12.0076
20.5068
245.398
13.0007
81.1933
21.9439
110.084
16.2478
13.9874
70.4385
22.371
59.1963
282.097
22.3638
26.9471
364.351
10.1405
252.217
16.3792
147.324
470.828
314.623
70.327
15.9624
27.8461
273.075
61.8755
93.8043
20.7401
105.578
20.9758
20.7368
293.104
23.3523
215.85
15.2054
9.07587
11.0068
379.664
62.2585
11.9307
382.492
117.024
11.2014
472.803
9.13513
99.8297
371.545
25.8977
9.82942
352.928
105.779
407.816
23.6198
27.0615
22.7354
24.5563
376.666
13.6469
278.551
61.3564
155.958
389.124
463.828
213.668
9.07947
64.2947
444.435
19.5397
175.674
176.743
160.293
170.116
10.8558
22.7665
498.867
14.8555
12.3368
314.537
310.763
12.2756
17.3923
144.268
460.271
23.901
207.221
257.954
212.139
418.141
507.193
473.755
268.944
4.77645
123.642
347.388
416.456
99.6239
34.5896
248.006
65.3124
109.832
60.0092
47.8752
88.9302
11.3951
8.20117
9.81989
20.9541
17.047
348.663
18.3018
322.109
280.456
32.438
17.4724
343.104
120.78
163.483
58.5506
501.699
78.1396
14.6148
293.803
24.8278
217.982
42.7959
12.0885
9.46572
437.454
138.621
23.9973
345.413
12.4215
419.326
145.298
21.7487
230.444
37.2828
476.841
16.6409
529.774
248.697
20.7533
17.7158
162.356
318.844
460.882
324.691
294.016
16.1964
19.8601
144.64
17.6992
32.8601
239.563
209.163
15.4195
245.66
232.395
9.68096
277.231
107.06
70.6848
323.162
21.1733
18.2524
362.15
130.785
27.4752
18.2148
15.6549
153.106
269.313
252.874
187.812
51.0932
205.143
303.027
400.03
208.672
204.209
354.199
16.3872
286.163
105.175
20.9147
120.635
60.4266
467.038
330.942
32.6137
11.5594
248.557
10.3912
170.512
270.393
385.506
280.372
217.67
114.802
76.1102
176.636
401.457
273.173
437.267
15.6626
6.88177
567.614
17.5992
247.168
232.376
396.821
13.4237
181.342
16.7891
10.3889
362.541
19.8666
304.667
19.0358
426.034
294.88
156.14
145.364
278.679
240.806
45.0234
14.601
382.434
41.7055
17.1767
20.1073
291.444
326.97
440.72
59.2486
80.4056
2.93593
112.571
73.7606
59.2882
278.688
8.32087
23.9429
155.124
527.95
222.046
231.129
222.616
24.9676
196.15
18.2095
18.96
529.323
119.749
8.30273
287.871
378.928
20.8621
16.1916
372.329
450.058
414.631
44.9025
201.011
17.6165
294.609
389.168
38.9418
239.7
36.1396
31.2885
172.075
347.954
246.414
122.205
482.486
21.4838
150.11
9.24807
150.37
3.08693
180.036
17.8947
208.616
154.134
272.978
14.0379
418.758
59.4542
102.111
452.158
14.7236
276.941
206.975
9.55192
18.1844
454.161
7.65635
75.0303
15.2445
62.8454
22.1284
8.90849
66.9378
378.734
412.031
207.892
18.6299
14.055
62.5128
438.772
20.9012
24.441
407.288
109.908
249.378
237.325
224.897
324.116
21.19
322.108
84.1113
9.06434
365.47
16.0965
12.1804
207.185
116.276
12.3132
154.005
377.381
16.7466
8.92015
109.726
421.677
87.2586
164.956
19.5765
340.568
23.5111
13.3988
191.947
292.257
16.0434
376.377
569.769
13.3053
162.166
185.262
22.0132
89.6839
8.91066
242.09
18.3344
567.425
189.449
266.617
19.7009
16.5042
3.68828
18.107
54.6043
12.7968
345.954
17.8042
214.978
243.312
152.061
538.147
207.244
21.844
11.2894
8.01343
585.245
92.4932
18.5003
233.122
21.9337
15.6993
141.824
5.79406
442.53
22.2952
3.88493
12.0655
52.9763
11.5479
133.46
308.416
16.2548
345.127
20.5689
294.178
323.13
217.749
265.781
76.6649
546.613
199.744
301.858
373.983
33.1596
10.9974
12.3239
179.369
253.774
332.874
11.8953
10.7287
197.632
52.9111
29.0711
256.001
22.0128
193.307
21.8628
236.62
9.33588
8.65738
171.124
19.0254
420.023
342.892
23.9966
352.714
166.252
17.4546
16.1703
5.85041
18.3351
135.368
127.098
22.6764
374.193
18.7461
244.064
138.175
9.06834
348.498
442.952
261.428
552.741
330.792
402.737
305.561
480.737
380.264
15.0417
37.2799
18.1035
366.709
13.8458
64.5162
265.833
18.7558
21.9114
356.94
123.5
16.5979
347.633
243.792
250.942
239.894
266.143
18.0264
13.1067
24.1918
36.6107
12.1088
234.081
322.915
282.909
31.7648
411.635
19.4324
394.181
21.204
302.271
25.333
417.703
12.7866
528.345
123.52
247.609
460.729
5.38012
368.136
28.6998
155.518
326.601
233.114
98.9628
315.011
198.042
13.9592
135.937
261.013
130.055
16.2129
8.804
257.818
14.8165
23.1176
74.0695
52.2188
468.036
21.1177
226.695
237.641
179.34
228.505
19.0842
19.8457
206.054
75.6551
61.0354
368.826
304.044
227.566
324.398
20.2523
323.556
415.532
506.387
323.891
185.554
14.0343
15.2991
76.0761
13.4433
21.0446
510.054
7.86835
24.0537
10.0932
20.2585
290.332
300.883
257.469
18.9617
412.479
18.0759
494.477
197.192
123.456
174.369
17.9172
120.909
13.3029
226.604
111.977
15.1384
216.725
11.448
21.671
17.7774
9.53651
157.487
332.027
11.5719
364.607
141.069
17.0229
44.6387
422.964
20.047
16.005
47.5121
173.415
287.339
453.327
243.228
203.437
382.715
291.545
220.029
16.3151
19.3016
102.918
20.2428
235.36
278.119
35.4357
140.826
31.5473
18.9176
150.676
22.0276
192.794
256.372
171.899
11.3785
101.626
179.932
257.752
59.0736
15.0691
205.582
338.191
203.774
105.671
1.6296
179.162
22.1026
359.493
13.3832
152.391
72.9352
337.522
22.1326
241.728
280.807
22.268
318.368
13.035
243.207
183.945
431.777
245.414
15.8256
12.6771
76.0426
22.0594
87.7674
114.169
489.957
181.592
384.951
322.735
115.689
116.371
172.145
191.092
171.12
110.017
12.8052
246.384
235.259
25.9309
171.3
439.0
131.375
5.62462
9.26668
45.2139
9.21753
12.2972
28.4758
355.023
229.521
223.744
191.961
80.4221
23.551
469.314
77.8359
13.4009
380.787
23.3
6.32436
22.0857
246.984
174.473
311.373
244.235
341.355
206.429
162.722
24.88
221.559
277.465
16.7249
20.881
14.3119
131.406
4.71973
9.8699
23.4508
20.1539
146.759
316.544
21.4752
19.7384
173.088
27.3657
226.449
217.287
139.136
8.18742
389.922
16.183
118.021
12.0529
443.399
16.3349
75.4383
332.099
18.8305
27.8772
14.3693
263.379
111.892
12.7957
99.2484
267.51
23.9028
101.398
242.176
22.2855
23.0474
368.881
126.194
12.4275
36.7851
24.959
20.8844
93.7173
104.231
5.31661
17.0596
435.199
20.4414
12.0944
22.2343
8.32269
8.43863
9.34825
325.294
274.641
124.023
21.4357
17.5618
16.4461
20.9674
271.931
13.2483
253.431
15.0238
374.449
25.0025
245.112
129.781
349.716
146.931
183.411
161.204
18.4208
302.025
8.83194
12.8319
235.171
101.629
128.612
16.2269
140.048
503.276
278.897
5.28711
234.958
418.421
296.91
44.8032
20.3172
421.537
8.18143
355.393
156.334
88.1401
221.679
13.1821
129.55
258.749
537.989
405.715
15.2293
331.621
325.951
316.252
373.844
404.262
245.32
163.718
409.291
200.391
311.037
29.3075
140.967
18.8057
47.3801
289.67
18.3405
213.049
13.0452
226.808
257.18
106.093
245.484
102.959
21.8565
17.953
520.112
91.9234
12.8174
10.4779
172.75
353.424
52.2782
6.94024
19.5007
179.141
132.778
9.69991
12.6704
8.00125
269.214
22.0918
275.594
352.655
13.3489
12.0898
424.427
245.756
22.6702
206.092
71.4182
64.0039
294.613
417.719
458.075
88.5236
16.9993
128.801
164.327
186.633
156.998
21.9774
167.387
199.715
510.608
164.679
239.173
512.438
210.551
235.631
47.4948
257.453
28.3578
277.037
90.2066
307.445
10.4144
188.962
16.3293
431.398
64.0149
10.8668
23.2103
20.7833
488.716
9.6034
14.243
90.7761
11.1284
173.542
272.927
17.6936
58.3367
242.705
326.303
10.4503
363.306
203.413
426.435
19.0869
236.096
9.63106
157.136
22.9841
2.90348
62.56
149.163
356.175
204.713
18.0015
371.515
313.103
20.8544
13.7104
260.988
370.527
22.1423
119.853
197.52
9.67328
16.5058
382.296
13.4501
16.6619
147.906
212.643
388.542
19.5958
14.4009
317.251
17.7786
244.844
21.1915
20.302
295.904
110.335
408.85
111.411
8.06259
15.9251
15.6382
187.117
19.2734
158.926
6.62497
161.844
151.895
179.227
266.636
204.826
31.2944
8.38871
109.425
212.932
51.0412
314.537
10.1235
464.285
236.172
58.3673
400.94
201.61
97.0233
71.167
91.1468
118.604
169.229
287.901
5.20599
20.1859
349.488
519.3
191.378
19.6564
171.055
13.6317
135.983
19.8705
87.3182
15.4344
167.631
32.0559
279.426
116.485
379.608
526.332
9.24073
90.6509
54.2931
5.7523
65.9225
358.271
27.3641
21.1644
352.807
14.2006
301.602
432.717
314.93
123.847
347.438
291.601
107.556
126.456
22.2538
14.4088
16.7682
280.738
344.659
10.6788
16.7664
144.62
288.447
360.087
271.61
21.4712
294.632
119.638
103.083
17.5293
359.545
69.1754
14.4953
13.9329
84.8382
442.966
19.3258
8.93281
6.45881
15.7123
58.2347
97.5083
297.929
347.703
279.518
441.745
23.49
309.861
198.956
112.862
11.2559
506.087
317.363
22.1322
239.928
99.8301
17.3882
160.106
48.2423
179.925
203.05
23.8516
544.78
17.0579
163.638
336.898
494.959
327.745
90.0927
174.884
302.403
117.182
226.151
16.1665
558.685
16.6049
178.35
9.74134
95.5198
539.571
401.881
17.6411
14.14
296.589
21.9064
442.439
330.551
9.29412
353.587
72.3009
14.5216
15.9601
247.454
109.009
11.9
274.666
20.9188
209.864
43.4338
382.114
3.73905
21.9762
22.1569
45.4115
53.9586
137.082
160.275
154.728
231.61
17.1201
14.1032
139.518
315.895
71.148
129.042
14.2208
18.6168
312.442
18.9076
22.4906
16.1087
382.697
16.9511
235.943
268.84
138.38
10.9593
10.6402
100.818
8.0468
437.487
10.2845
275.482
9.46831
16.578
276.813
4.27256
17.8202
213.912
333.791
181.405
156.244
176.682
376.192
182.335
147.673
303.005
12.6057
176.938
20.5104
93.1612
181.658
420.742
344.42
16.7702
5.15126
469.507
292.334
501.91
182.257
223.26
286.578
383.725
58.4237
224.782
18.1247
11.5372
81.6073
18.0396
390.666
178.339
252.455
205.386
16.2669
282.26
19.8344
267.635
11.4262
287.143
207.926
18.583
23.5642
15.9088
52.9221
219.138
435.744
487.084
202.654
99.8505
18.3833
244.939
82.1238
24.2512
172.174
289.779
19.8941
268.919
514.526
4.72202
219.445
17.9588
17.3169
58.5859
7.16412
76.6199
278.157
158.779
18.363
210.638
259.331
518.743
169.629
15.2284
145.015
95.8162
320.385
339.136
245.384
362.466
17.3931
244.349
542.233
37.1906
21.2017
337.946
261.691
22.1807
21.2457
135.3
316.722
379.925
532.706
336.68
399.627
198.457
98.9435
25.4185
44.3153
99.3349
81.3738
13.2516
346.073
204.774
533.782
7.34687
112.902
186.075
135.544
358.86
346.838
307.264
15.7462
445.172
414.471
291.174
32.2029
151.693
15.4162
503.213
34.9927
7.53509
12.579
4.95005
160.981
347.019
44.4799
187.49
437.19
146.363
16.5625
210.629
330.393
6.65333
220.933
297.655
11.405
103.673
273.118
23.6472
96.0909
92.0717
406.404
158.388
149.206
355.845
34.7223
144.173
451.388
227.998
121.332
60.3206
263.778
63.6222
177.027
357.599
496.33
51.1595
14.1926
16.2987
483.53
162.43
235.393
311.565
316.78
176.309
332.528
17.7817
13.7821
144.912
175.337
97.5838
293.254
284.332
10.9319
21.5821
15.2763
20.18
166.244
262.588
10.7263
299.654
48.7112
419.999
347.161
427.086
18.7953
298.852
14.6947
325.171
197.835
14.3979
12.4094
280.11
9.50589
362.588
540.191
87.6064
14.9921
490.044
117.126
513.877
21.4875
315.049
410.263
10.9818
13.4449
12.8401
444.162
22.0085
56.5924
335.212
521.282
14.3948
502.612
115.209
27.7565
9.32828
27.014
21.6056
20.4658
17.2424
9.45798
60.2194
23.7924
6.11238
9.10981
555.565
91.7899
219.269
3.67838
249.222
231.7
445.817
20.9766
17.0419
401.559
182.457
107.251
71.4439
138.96
398.076
84.2304
21.8735
13.7126
567.666
61.9314
176.992
76.0677
432.119
15.965
178.06
19.7988
113.163
14.9066
364.024
156.742
20.2512
172.435
22.6927
450.87
15.8071
373.602
10.6512
154.286
54.2867
369.394
281.409
377.847
238.11
356.841
301.465
115.38
123.292
116.603
253.386
379.998
44.5237
14.2596
429.564
18.1915
14.7657
518.852
12.3352
167.909
16.5404
546.543
249.844
164.949
439.267
391.921
8.42782
312.797
264.256
10.7251
18.1044
34.8512
20.3046
14.1827
221.854
372.661
504.24
11.6756
474.47
215.207
8.76915
279.193
15.7867
380.167
348.419
352.927
193.227
20.3794
21.121
350.894
-9.81126
155.565
16.593
10.9104
29.7553
282.694
110.886
295.9
47.7656
295.614
229.88
229.236
274.004
258.891
211.766
316.787
18.7497
15.7558
21.8023
218.395
19.8998
297.699
266.435
243.945
115.105
305.544
390.236
6.40646
12.9174
45.4472
153.071
392.64
295.056
265.04
18.4393
66.6961
217.331
216.307
9.99498
20.7145
120.984
5.30976
226.586
15.5101
29.0174
11.133
65.0512
10.7665
242.907
64.9524
6.8186
178.956
290.227
16.429
12.6663
5.81803
312.545
300.561
155.882
406.52
139.295
544.42
19.5092
438.619
21.9492
20.9077
15.7859
549.995
75.9538
432.486
16.2593
165.33
212.196
64.3732
14.3192
212.696
281.114
18.7008
19.1364
24.7365
23.035
34.1533
18.9755
215.434
157.788
10.5016
140.02
7.19409
139.282
305.967
248.879
143.374
18.5664
63.2575
432.838
-3.12528
274.397
172.55
202.944
23.8062
66.5807
209.207
278.164
245.955
11.1726
43.18
6.64939
18.0238
22.4435
227.216
188.27
246.129
209.626
6.0935
201.213
7.86422
276.815
5.5178
328.668
189.125
424.805
148.406
186.688
394.645
176.897
20.4436
69.259
433.864
167.033
176.91
490.94
231.376
40.8685
19.5732
318.782
223.698
287.461
-5.24185
5.78046
177.11
506.527
289.808
337.719
150.143
242.998
354.758
459.699
211.909
17.2904
254.452
5.96871
21.9497
53.8688
187.5
10.3539
9.2909
90.2842
300.604
80.5636
33.1481
16.3858
475.641
11.31
19.5216
15.069
21.5206
182.823
183.433
308.296
382.081
12.4962
197.264
474.048
200.292
16.6113
249.88
533.174
276.208
70.4869
12.2786
9.59289
11.9932
114.221
475.484
479.021
72.9271
14.5901
49.5143
326.15
18.6441
13.1744
13.1075
177.759
307.53
174.98
12.8317
502.414
138.048
127.268
89.9205
236.293
93.5504
136.658
28.7694
213.096
25.9026
303.175
354.465
207.962
93.6709
165.442
386.448
106.28
23.5663
140.854
68.5842
-4.11417
12.4465
487.556
17.8578
438.543
14.6913
13.6801
532.095
21.088
15.8709
313.348
235.035
34.5746
460.237
20.988
20.7931
31.7092
10.6733
4.60375
96.4321
4.5551
261.917
20.3888
62.847
10.549
495.951
265.16
374.821
33.4967
148.581
209.533
191.455
166.682
22.6845
12.5426
21.4715
15.028
439.357
84.3285
22.2036
10.3424
63.6496
7.86134
73.1153
35.9656
563.78
11.0862
4.80854
340.921
490.399
533.378
21.4505
267.362
344.037
449.308
45.9822
73.2166
373.264
324.676
387.489
5.14546
400.822
19.434
138.354
262.655
17.3349
8.5713
22.5243
150.956
170.813
411.446
220.758
13.8688
382.965
20.2119
22.875
311.677
18.2842
322.107
224.316
126.267
18.8834
311.326
300.597
288.877
474.08
12.3671
44.5878
70.6156
259.093
44.7765
9.91433
544.83
10.1145
293.948
27.8113
129.393
187.797
163.917
31.2622
144.714
24.336
23.4486
329.657
15.129
211.254
505.714
10.3278
361.267
158.577
9.07782
250.169
9.8247
5.70263
19.1056
8.58665
14.0083
14.1526
24.4626
315.464
130.682
251.622
18.6761
458.833
19.1279
88.8234
370.15
451.608
92.976
499.01
10.153
98.1094
9.21093
355.98
83.3248
87.4635
135.331
96.1427
199.455
147.19
18.6672
21.5791
13.8604
480.365
47.5089
11.7554
20.5187
187.755
8.90885
21.1479
20.4933
110.069
196.435
32.8176
81.5498
139.412
157.834
120.574
148.769
323.263
21.0995
185.657
27.0942
101.079
127.602
14.5127
586.589
16.7406
22.6236
186.694
201.254
28.0644
13.4205
21.9087
12.9435
450.497
6.07894
54.1871
5.89006
14.7174
18.7568
10.7612
14.8443
17.7592
516.789
8.73179
521.827
219.618
16.8319
364.454
7.16487
222.661
194.047
477.27
16.3431
17.5188
195.589
19.7166
20.8378
9.7465
245.14
285.121
16.5804
12.5906
63.4465
19.2585
57.6245
21.9803
9.86031
411.08
8.23517
34.0178
12.1831
310.847
151.153
10.2533
20.3674
22.4191
305.167
157.96
228.209
157.322
14.475
216.844
409.113
290.768
301.112
20.1498
13.6667
14.8875
95.5438
463.343
368.652
449.054
538.718
91.1272
386.579
363.431
409.598
301.787
6.39568
410.623
27.7064
20.0219
7.12707
7.20522
7.94773
2.8488
33.4886
189.42
13.3854
123.279
27.8423
19.0328
441.398
140.552
355.073
13.8521
156.838
169.461
39.5902
313.412
84.4364
442.296
15.9006
169.152
252.316
22.0141
122.326
15.0036
110.299
20.2392
215.347
408.127
158.8
19.0073
157.95
13.9872
254.069
308.539
21.1064
16.3117
179.597
336.345
15.6225
462.7
495.398
130.52
317.888
316.497
473.55
212.21
23.9553
7.98109
10.4262
247.13
19.6361
398.265
98.5664
67.9045
182.43
12.8808
153.424
125.111
20.8762
11.5868
344.105
258.412
433.705
266.812
358.874
11.0631
34.1201
13.5441
441.806
318.807
180.882
15.776
294.951
21.2459
5.14528
325.146
38.029
9.90731
249.539
169.346
11.8531
381.898
160.836
456.153
111.824
104.173
391.842
127.105
16.6309
439.434
661.805
420.406
80.9321
169.709
18.4176
258.625
173.585
19.9156
200.924
223.68
27.1243
354.133
124.004
400.257
15.6863
48.8607
52.9124
17.3683
20.6404
19.8082
66.3018
302.009
16.9916
9.26534
7.73579
59.3618
15.0188
326.565
364.279
393.396
140.263
211.686
224.142
98.833
212.715
14.5508
103.102
275.642
278.817
149.082
52.6991
17.6314
134.493
149.411
13.1208
298.292
119.342
16.4981
239.246
5.02194
57.5601
199.259
366.124
120.319
312.184
140.147
15.0269
18.36
93.08
7.70819
331.573
43.0164
483.769
310.574
524.153
139.555
17.4539
337.97
18.6914
275.308
-33.1123
176.766
50.2872
184.837
272.253
149.248
90.738
20.1775
11.6173
462.507
286.09
331.25
183.563
39.7726
440.105
304.964
159.041
361.009
37.9956
360.453
14.2522
24.0515
13.2538
10.1978
380.446
269.562
218.677
182.916
12.4819
9.24861
24.6262
520.559
257.115
83.7941
208.618
15.8003
34.2274
25.246
20.0145
299.815
260.373
17.5919
245.137
561.447
147.725
444.726
236.432
364.391
304.646
337.899
59.7355
288.603
190.097
108.112
133.563
411.105
7.9261
129.118
135.892
555.977
-27.9594
275.244
281.44
7.31768
157.456
18.7137
286.778
244.097
9.95809
9.98254
200.516
94.813
70.64
282.411
388.612
223.676
14.0147
17.5
19.7254
14.3314
18.3171
282.169
21.8189
335.715
26.8404
91.8434
17.1461
10.0683
446.286
133.224
17.9038
19.4536
12.5631
471.292
193.142
70.7092
16.8431
210.974
79.5022
68.9715
22.6363
23.2494
107.904
254.826
206.35
14.8781
50.5815
258.522
380.908
43.7688
46.9872
96.7404
198.016
30.1137
18.5652
503.223
105.703
170.891
283.362
213.918
413.459
11.2487
17.9682
204.023
72.4243
460.049
14.1095
241.552
8.79088
133.61
13.888
22.635
217.967
190.028
20.9605
13.3846
187.743
128.117
9.53434
315.224
484.662
210.429
418.377
422.685
478.63
16.9374
265.106
366.08
21.8524
473.722
178.821
10.4035
12.1665
56.2025
208.202
383.057
63.1406
10.0247
19.5062
126.65
17.0583
530.0
175.994
103.868
22.7571
377.207
487.489
547.382
244.229
15.414
19.3818
20.5574
437.925
21.715
5.12669
43.6279
366.631
137.911
293.623
60.1221
27.3989
280.85
15.2609
309.987
27.0136
210.107
173.977
95.3045
41.8743
21.6882
39.9501
346.94
326.099
396.49
408.891
362.024
128.312
404.36
88.7996
233.967
23.128
9.05931
80.2308
20.587
523.137
168.151
260.033
17.9771
81.9764
302.732
3.52993
351.39
102.914
12.8428
412.718
21.4776
403.493
240.688
161.229
68.4512
19.6212
366.997
10.5291
111.636
293.737
132.639
539.176
114.962
16.5014
17.4605
11.8362
39.7545
176.522
446.204
247.265
12.5743
95.7545
42.9164
13.4559
130.442
69.1355
22.7412
11.2636
20.911
391.13
258.845
156.657
124.392
175.133
185.15
97.7143
145.875
342.975
297.219
18.918
286.895
24.6089
21.3069
270.428
98.49
186.361
383.302
224.056
365.772
246.78
127.145
204.928
96.5301
18.9985
365.589
8.21104
23.9087
240.955
495.199
221.319
576.342
12.6039
523.856
228.448
53.4137
16.749
15.145
175.986
265.235
6.41296
14.0019
120.571
29.2495
227.429
143.353
153.319
7.81305
22.712
92.4371
53.4739
119.169
93.555
7.87542
19.3275
24.855
363.765
513.028
111.129
20.6153
441.7
12.9637
215.011
15.2299
383.127
220.754
7.93265
17.5961
113.902
19.608
279.782
8.9504
185.197
19.179
8.18983
19.085
171.91
22.0784
121.319
15.6291
45.8819
48.0321
62.0861
289.457
41.8471
15.7085
387.951
262.476
296.882
12.6921
15.9653
10.6753
373.049
233.763
224.179
17.0165
315.786
10.1886
378.733
14.9171
208.794
97.0558
6.42765
80.3525
119.804
181.772
15.5048
197.659
19.6647
125.256
483.31
265.189
192.727
135.264
142.526
16.3792
282.806
439.601
16.9173
57.0837
199.981
334.396
396.894
340.603
141.641
365.727
296.48
290.28
16.9529
282.978
10.1546
211.661
18.8548
344.19
160.832
356.947
309.383
16.5481
15.868
325.368
354.5
15.7633
122.266
13.6904
14.1984
19.8382
311.796
185.878
20.774
406.054
18.1353
207.783
115.953
460.89
55.8633
81.8709
561.118
77.4887
359.177
231.639
135.788
15.9341
47.5164
91.8779
12.2721
5.95987
398.273
22.8521
138.084
135.227
215.559
295.129
388.419
181.392
24.4114
373.852
284.138
11.0736
388.15
478.693
470.511
17.1202
169.948
470.608
37.1187
480.876
142.489
11.9417
155.712
20.3941
165.444
48.2376
84.7612
60.929
519.243
287.684
43.4398
27.3929
65.948
61.3925
315.046
12.0507
8.14906
207.168
23.4011
16.6313
104.644
207.015
26.0897
97.414
122.078
22.2145
16.6244
269.977
125.953
13.6024
7.96009
20.8821
132.031
96.2087
46.4049
4.55585
470.669
328.11
34.7653
407.249
207.209
224.582
7.52793
436.622
76.2083
5.4598
312.431
290.566
304.175
43.5637
21.6087
19.9511
12.3866
217.761
150.091
183.949
196.962
16.4752
258.715
142.005
116.183
26.0718
6.01882
12.2929
252.512
304.675
16.7752
342.614
415.648
18.938
339.973
481.731
10.1427
17.7148
156.746
24.0277
13.1358
20.2842
81.3567
246.635
124.179
303.298
156.98
65.9802
22.1128
369.433
390.822
25.2187
316.565
55.1711
84.5305
186.008
18.9099
10.0809
16.6574
422.692
23.5253
21.1801
203.884
15.1073
165.675
169.491
26.6437
15.0537
7.83813
345.032
273.582
273.454
29.8691
19.6644
219.291
341.262
6.50249
378.833
21.4748
256.937
518.092
180.974
172.639
514.139
241.23
11.4825
44.8564
242.416
214.299
288.63
233.8
394.485
12.9589
4.54384
23.0787
77.5307
262.487
53.1551
11.3472
327.413
441.38
313.012
235.549
51.4925
238.733
247.582
183.424
463.411
283.229
220.135
112.174
497.5
141.245
256.53
25.4615
202.489
203.406
26.3201
326.331
18.498
233.936
385.742
78.3081
185.426
6.41821
82.4441
19.9176
164.041
312.868
377.198
304.751
62.1045
384.116
23.1963
441.353
366.287
23.4251
289.094
24.2653
98.6336
169.951
28.6249
262.945
4.19931
88.6584
338.717
273.72
50.7954
188.497
159.608
108.676
20.4568
247.874
64.276
18.4515
219.35
74.6157
551.846
16.0222
149.707
269.349
18.1855
20.9727
8.87896
312.328
67.4456
108.748
17.8991
12.6632
279.311
170.641
50.5474
297.91
131.778
361.955
207.175
62.0386
278.201
312.59
104.344
4.29056
19.6131
7.68195
95.7862
385.503
373.163
332.113
58.7381
67.7714
270.743
9.70298
277.442
121.836
441.232
9.31901
456.936
457.997
210.846
9.62832
166.582
434.055
10.038
17.7928
15.0298
298.464
237.794
16.9844
14.2704
6.68717
86.6241
248.126
367.622
437.979
182.826
31.4907
10.2162
260.427
10.6184
542.295
35.097
30.9191
499.005
162.792
18.4413
411.534
19.1818
362.177
297.549
19.9182
302.38
25.7364
54.0507
299.128
205.163
10.3814
11.5575
333.424
9.08294
438.956
13.6501
368.159
417.937
345.504
443.408
22.2282
103.925
356.913
82.0851
35.001
325.868
276.371
18.701
15.0391
523.275
12.8257
500.069
86.3879
5.45322
393.82
99.5474
21.7658
213.372
145.464
13.3528
303.244
239.693
374.114
367.278
318.084
18.4669
182.39
10.5876
392.993
36.3206
4.42695
246.974
253.328
203.975
443.809
76.3248
307.057
557.831
363.173
20.5107
105.093
171.283
199.636
476.519
97.1266
153.702
130.323
429.009
307.041
147.994
225.364
305.296
244.358
220.696
267.931
10.7878
259.91
26.5845
157.107
437.425
547.602
265.256
162.595
331.704
260.971
22.8044
24.4921
19.6185
18.7566
24.149
406.682
21.3422
171.814
104.417
414.47
8.78995
69.0558
174.885
211.941
108.965
133.823
143.995
38.7655
4.3699
19.5129
20.6941
224.577
13.3927
198.69
369.737
27.4878
243.672
17.4725
10.0401
15.9008
447.008
505.321
17.5766
313.88
305.033
239.636
14.786
27.2014
159.398
9.66496
43.6227
402.841
146.533
400.457
151.988
241.19
293.608
17.9409
22.4684
22.7013
20.4064
154.388
5.48794
183.05
308.211
436.494
387.566
301.658
25.7881
111.307
415.852
357.583
451.865
20.268
18.9524
15.9405
304.142
204.294
105.334
12.4195
10.7029
374.123
55.7729
248.622
90.6008
332.925
8.98359
439.459
145.461
141.699
268.191
228.548
15.3586
257.704
20.0088
21.8653
22.4976
21.3393
102.829
15.091
561.567
193.088
6.29734
16.2774
48.9758
503.706
262.295
110.195
19.1621
18.6626
15.0128
23.9691
284.775
116.114
79.2762
135.681
187.17
250.017
382.189
12.9171
279.749
159.504
173.66
13.1139
245.162
17.3539
126.583
355.361
136.838
50.0299
21.8741
163.205
137.075
230.579
204.422
156.749
427.78
433.036
492.982
30.1067
169.271
435.946
189.247
201.32
39.2154
462.66
173.759
146.63
246.649
292.413
16.0637
31.9025
-1.47159
511.108
56.8099
412.805
228.222
400.662
205.081
497.383
265.967
103.464
170.174
359.195
23.0387
361.608
14.3745
349.93
189.472
311.07
559.892
358.557
109.428
345.029
225.983
138.168
208.659
21.9645
12.5953
36.0878
50.1665
19.8577
17.9408
39.7276
345.103
241.459
24.7233
316.532
7.39768
558.461
17.5605
250.321
303.65
238.639
181.822
154.661
333.302
14.1234
17.8431
477.105
190.257
81.4783
320.607
17.817
176.106
248.837
14.6888
17.0559
16.2435
35.5771
61.0502
12.7044
12.1854
160.374
107.38
12.2709
401.944
11.8992
262.156
15.5689
53.4985
46.0888
24.1398
195.492
8.47525
40.7759
12.9063
13.3072
150.872
17.8872
17.5254
78.6492
37.7001
15.7222
15.703
63.071
47.8373
184.012
474.184
352.35
13.3965
347.223
23.5308
11.9126
19.7045
11.6118
17.423
211.141
143.125
17.324
322.919
310.763
19.6814
352.18
21.4348
145.173
20.6246
293.348
10.7902
363.932
18.0457
304.728
11.4051
438.089
25.5693
62.104
353.128
147.211
18.4261
230.345
220.037
143.949
11.034
24.4358
34.5544
17.8272
304.686
132.63
116.101
19.0011
17.6164
386.686
12.0074
96.0253
56.1138
150.928
23.0444
13.9578
506.098
122.59
29.5196
22.5186
518.695
352.193
174.119
10.1563
18.3829
340.112
526.33
9.4073
137.816
210.572
10.9329
238.767
201.635
295.382
209.19
277.6
16.5682
25.5364
141.76
196.966
283.151
135.726
8.04586
150.938
23.2433
268.405
338.259
164.55
359.688
207.004
146.833
58.0054
243.034
132.44
173.071
220.619
136.763
397.626
397.174
136.529
329.947
265.23
74.3767
102.9
213.203
11.1056
241.04
298.475
17.169
23.3682
178.604
524.332
183.604
199.873
273.409
9.23009
146.532
4.42735
10.5114
373.951
19.9396
43.5461
284.075
302.673
248.954
384.597
206.607
111.638
219.778
72.2746
10.6668
223.761
95.767
21.4494
218.859
73.1046
105.81
309.064
90.2856
158.49
428.124
229.236
12.7929
87.1976
16.6841
16.9824
321.752
258.615
172.881
499.83
250.098
16.6544
17.5215
347.678
10.4877
146.79
10.5965
394.099
394.193
503.582
18.1923
427.02
315.913
127.716
16.3423
12.5026
15.0273
15.1477
209.022
18.2485
21.4201
40.2353
141.844
82.8958
14.8506
45.2791
21.3312
381.855
117.02
26.4551
131.768
77.0749
265.612
184.237
70.2428
262.134
19.6159
140.727
164.915
219.703
54.2679
15.9503
241.438
305.762
149.181
113.226
219.357
38.7893
192.213
124.533
103.038
204.569
200.814
9.35671
430.439
221.956
17.3797
98.5438
15.8828
29.0838
68.1414
115.154
186.674
553.627
337.52
21.5576
41.4341
538.65
232.11
303.784
22.8349
16.9766
143.908
524.023
12.7917
212.178
206.796
432.921
507.09
23.2998
11.6675
31.6174
455.694
167.0
199.793
337.857
19.6367
139.061
359.936
540.893
16.174
22.9057
432.997
12.2937
505.713
18.5758
16.6414
114.028
9.18554
119.748
16.0182
13.9404
120.883
22.8918
19.9778
18.4341
315.76
15.5433
482.628
459.07
8.89434
10.3568
41.1626
117.829
18.3445
473.789
16.7884
18.6417
18.6343
11.9001
180.26
541.517
178.914
298.003
185.735
166.716
26.6896
15.4577
292.526
78.6632
21.2319
191.408
407.33
203.976
90.5391
285.883
177.612
123.534
8.2958
17.0223
12.727
278.338
33.8305
179.675
173.193
143.342
205.105
40.0708
34.1465
20.6525
120.592
398.86
165.897
24.3844
21.5827
14.8799
241.102
20.3184
16.7218
255.108
7.76885
7.40768
317.568
10.6185
5.12859
128.407
454.388
98.9115
450.597
18.8373
19.0354
30.2354
395.48
11.2035
270.499
123.335
337.5
40.8794
15.7159
25.2819
14.9015
275.418
451.175
370.332
143.503
19.9472
15.7252
10.1167
362.166
54.5276
3.45226
242.304
54.335
122.832
255.078
50.1035
304.903
5.23346
13.1072
174.085
500.11
55.0698
20.7362
24.2998
360.143
21.7645
137.007
40.7015
21.5139
7.67336
15.4171
564.785
195.509
4.59102
254.978
272.585
338.868
407.084
7.59142
28.6789
16.7472
8.61803
97.8291
169.472
10.6531
6.69087
20.2119
43.1817
264.844
18.7286
11.8942
19.7082
18.5545
222.238
475.955
151.668
18.072
496.805
11.0506
550.314
12.2803
11.7278
78.6133
12.3938
128.891
24.0337
6.69216
251.225
25.9469
7.80387
325.852
11.116
352.999
198.756
448.347
21.8588
46.6167
23.6501
22.2908
22.5106
376.499
99.4708
108.118
3.26118
30.2675
5.54631
335.545
404.543
134.769
226.495
261.885
316.041
12.9331
190.795
7.28953
205.769
98.5095
56.6144
314.507
21.0542
22.8759
148.692
282.516
17.0078
260.338
294.463
3.1026
64.2255
473.148
556.564
12.6474
17.8596
20.384
19.1901
4.23206
255.243
60.7475
416.04
21.5519
98.0978
239.901
313.456
22.8454
293.328
231.018
60.1241
14.0477
306.88
277.848
306.64
21.6353
223.898
206.821
32.6912
271.766
250.226
86.9397
16.3491
-35.6472
314.015
335.319
111.356
265.589
141.434
341.017
16.1964
11.8019
554.933
12.8584
207.833
409.705
253.595
184.356
349.354
473.013
524.427
18.7857
203.031
35.0184
152.952
20.6266
132.485
14.8292
416.686
7.06605
52.5623
202.819
22.272
17.5152
5.23324
271.98
124.459
547.308
400.067
93.5478
59.04
13.9545
16.8157
134.892
15.9699
11.7937
78.4039
158.889
301.54
34.5566
453.226
28.8606
386.467
387.866
392.281
483.299
20.7555
75.6965
50.3262
66.1609
106.187
139.491
17.0109
553.611
20.0934
331.729
385.67
75.2765
16.2546
16.9121
222.174
10.8527
19.8952
35.4079
316.592
398.257
20.321
27.0526
54.9399
10.227
75.0541
18.5449
25.8833
44.4923
10.2111
8.85202
432.867
411.686
3.15774
11.5062
11.2878
60.118
212.058
173.187
155.106
16.5753
67.4299
12.8055
168.398
333.944
9.51161
95.6359
189.201
20.5609
30.862
15.0632
442.459
323.87
207.883
233.711
235.839
301.822
10.9241
364.525
14.6755
43.1514
158.853
369.254
57.8363
302.477
42.0125
140.39
263.787
92.8293
51.2221
17.6685
6.03242
524.145
10.6891
22.173
12.4477
51.1808
55.4956
192.595
271.769
11.3199
80.6692
245.707
36.44
16.1161
89.0429
170.652
257.199
258.653
12.97
564.701
92.0139
15.9228
21.1636
22.5229
15.3323
189.792
26.9009
202.513
22.0846
14.892
11.2133
21.3849
36.0506
15.4746
217.777
383.343
288.497
118.832
168.552
21.5178
269.738
131.338
404.238
206.813
139.074
172.7
15.5052
12.2729
12.8307
228.14
13.8828
89.1191
207.126
259.833
178.662
258.38
15.7395
219.753
20.5231
14.108
67.6519
213.638
338.571
454.772
5.6518
141.141
3.91297
7.50342
19.5826
21.9457
20.3708
18.5268
238.748
24.652
212.439
16.9282
253.658
273.242
25.9713
302.955
258.698
200.251
495.847
324.676
380.505
18.5167
317.688
165.332
52.0867
275.892
394.213
385.163
12.9179
374.464
56.67
190.599
225.999
127.494
385.263
423.308
12.4844
324.346
22.8546
292.641
247.974
86.6974
188.621
18.6451
256.244
318.844
19.92
104.807
421.998
16.9111
209.41
40.3163
375.88
469.086
24.1406
20.4332
175.843
15.6042
362.746
196.577
19.099
38.102
17.0402
368.507
137.281
170.612
351.642
21.8395
166.46
379.131
247.394
12.0967
438.04
7.17142
92.0173
8.78468
308.554
355.823
167.142
16.4544
173.388
15.174
455.732
14.0482
107.609
13.9752
227.9
40.6732
15.3803
449.775
1.41841
16.2856
149.894
364.915
16.2808
188.883
457.004
117.697
529.891
287.711
109.257
18.328
13.8922
25.1729
249.398
17.8113
44.7408
41.2615
324.533
8.37612
205.496
269.374
16.8712
22.067
146.596
16.2675
352.711
19.5991
167.432
10.774
177.816
282.945
18.9996
15.0786
414.09
52.4501
373.135
530.833
6.33054
20.178
179.674
177.58
356.212
404.633
429.236
361.808
18.3771
335.323
13.9332
15.5409
42.6536
16.3713
477.697
155.148
6.08987
439.283
10.2695
200.533
111.59
112.648
42.6371
68.4027
211.412
12.797
117.204
96.471
36.3208
277.268
20.225
230.177
50.3304
265.851
65.9693
9.82441
193.405
274.264
261.722
29.6304
64.0416
306.563
21.2774
71.7915
14.3616
50.6203
10.2652
4.24222
115.011
227.337
21.396
408.452
383.48
447.789
365.274
46.8971
375.263
20.2752
8.39496
161.744
11.318
170.49
238.587
440.716
67.1518
20.6869
291.492
20.2249
95.0686
295.736
280.968
349.69
13.7452
11.3102
12.6748
262.238
13.9271
5.38579
18.4346
158.821
450.79
226.536
330.168
11.4137
195.661
133.76
165.436
246.077
275.146
9.29773
335.705
479.448
190.169
10.0667
195.661
532.451
20.2804
242.791
17.9941
6.74466
12.3677
340.913
19.9073
193.68
12.1104
190.481
277.061
260.467
242.05
97.6863
221.925
86.1417
65.5252
369.468
406.778
357.839
52.0528
234.943
44.2367
190.408
25.0398
63.6161
8.11685
342.833
22.255
204.246
52.809
11.2885
13.6001
202.43
13.0473
208.4
82.3507
241.976
181.693
248.001
187.633
9.9235
61.283
260.595
5.95793
9.728
295.207
373.634
148.69
57.1297
14.6268
427.903
154.36
139.042
180.429
74.4975
370.355
479.949
222.36
408.768
100.705
82.8834
170.65
495.413
398.007
444.307
9.92308
32.5395
62.5456
5.44285
34.7331
7.97414
14.8541
18.9585
21.579
20.0159
14.0661
443.758
336.344
7.90504
200.07
564.51
201.641
435.84
410.456
279.535
19.4666
106.374
474.851
564.583
380.25
154.685
52.2496
11.3603
8.59484
399.494
9.87062
424.317
61.7727
262.552
20.1935
379.125
21.3942
438.225
15.2727
19.7115
262.231
13.9417
23.9081
20.8627
201.792
11.9094
24.6869
32.2435
416.252
247.491
290.014
394.241
14.513
37.9008
511.841
171.626
457.283
441.556
19.7558
361.439
108.45
380.265
374.319
2.89992
337.336
38.7892
52.2221
355.612
327.418
10.0859
39.3605
24.649
12.098
159.27
23.153
121.037
8.20176
21.8104
44.129
480.115
18.1073
6.75035
10.082
22.4772
532.58
440.476
218.486
11.4448
49.5854
62.5254
177.995
10.37
243.133
233.637
206.852
282.268
14.8986
329.727
408.32
22.3596
94.2837
330.075
263.612
250.497
154.836
231.658
13.7947
542.864
274.353
22.607
50.6601
36.193
160.047
11.3144
20.4054
11.1599
384.967
20.9218
281.877
1.3294
170.229
71.5775
179.004
466.467
157.087
164.459
12.8568
52.7435
442.382
9.37246
7.61397
92.1273
49.5545
21.9957
210.298
183.25
66.5503
8.06796
291.872
8.98739
271.401
13.6949
401.055
248.649
27.9256
22.4814
249.032
27.1755
482.049
259.006
21.4729
197.965
347.158
205.022
12.2469
21.4213
21.9314
101.99
23.5308
13.5324
153.816
325.037
20.7271
295.575
15.8233
168.608
399.799
403.497
21.1131
13.5514
74.674
197.722
76.4436
128.293
122.124
304.069
202.306
12.9412
20.1227
8.58875
18.715
529.628
19.8077
19.5259
35.8424
95.8767
349.287
251.2
125.796
454.472
284.863
249.62
406.935
301.019
214.89
18.7548
17.7731
325.168
297.741
18.8242
299.116
155.18
318.391
88.5553
542.168
200.776
273.302
120.342
17.4432
261.657
41.6267
383.446
191.055
19.3793
57.2223
4.92653
343.658
488.893
27.5252
21.4404
233.783
22.9165
422.981
25.0355
298.707
304.035
3.61076
109.162
298.685
343.146
160.764
42.8469
12.0479
231.718
18.9382
15.3416
242.265
219.831
20.8167
96.7254
17.6631
11.9411
15.5153
9.32879
314.023
343.452
13.4114
180.83
342.273
286.913
326.26
359.485
18.7344
273.452
358.303
124.847
280.057
265.467
380.251
303.08
392.84
18.2237
368.35
17.2592
14.7464
232.435
7.51496
417.503
325.169
369.535
479.471
11.2725
272.464
148.082
19.1822
107.832
218.817
212.599
17.3654
13.5613
20.8134
333.32
348.294
382.055
389.273
310.113
8.05694
20.1615
25.9823
312.647
12.3382
128.25
132.939
125.03
188.425
22.4578
22.6985
17.6415
349.372
13.368
15.2613
341.817
180.47
10.786
501.654
176.004
147.114
25.3584
16.9719
526.915
24.4926
138.657
231.289
23.444
27.3086
139.055
331.933
418.424
9.66479
172.984
5.43625
21.4706
17.3479
19.6731
28.0169
99.5144
322.34
257.12
22.0432
17.108
190.283
4.46839
407.699
50.547
310.881
200.222
287.81
98.792
439.845
34.1624
20.8093
454.383
17.9815
410.183
499.336
20.5448
11.8532
17.9294
12.6311
20.3546
15.5948
150.554
95.0782
231.11
20.8878
108.911
64.0312
71.6817
9.35211
9.781
378.813
125.745
311.746
26.7466
156.554
318.114
20.3116
417.446
261.858
240.955
11.0134
138.216
295.529
205.467
9.69939
33.644
17.9142
13.4184
15.0865
16.4267
277.423
22.1958
372.721
147.77
84.6498
365.207
10.5801
306.421
4.17359
10.5579
11.2462
73.0611
379.032
384.931
427.265
138.26
16.3017
5.99651
13.2698
218.288
31.4512
52.6494
22.4346
230.54
16.2586
323.584
4.57573
11.4174
105.125
552.683
58.5477
340.971
520.009
197.547
107.162
175.543
103.904
18.9753
494.376
75.1208
62.9147
31.9808
22.1387
16.5089
55.6467
9.79996
17.4555
39.566
242.993
145.934
262.232
121.606
62.4008
27.8152
319.582
329.175
515.887
12.3701
192.815
381.335
279.577
9.24337
14.4635
276.529
17.2523
254.379
524.683
322.873
293.557
6.43032
18.7232
13.5976
469.245
316.078
36.2416
65.8936
14.2479
304.435
15.2762
312.687
14.2088
153.871
416.507
26.4486
9.5501
15.7395
224.018
58.1929
15.7453
224.069
14.2305
169.541
416.716
28.188
549.144
10.5356
187.448
105.144
68.9019
200.598
137.154
102.415
148.631
8.47624
165.163
240.273
86.8114
279.888
244.395
245.887
245.308
15.6942
172.302
199.464
113.619
11.2225
19.7159
276.082
188.232
181.185
149.879
498.217
137.059
322.84
9.38386
485.665
170.347
314.814
37.8654
264.09
20.7187
112.958
45.5357
234.704
11.1556
349.481
17.7581
155.993
441.578
12.0271
345.038
203.862
385.179
353.652
118.509
188.006
473.151
205.19
366.082
14.9357
128.213
21.0924
249.99
465.813
391.299
30.4837
19.0154
29.8285
387.355
178.458
194.596
378.389
353.158
421.34
10.9348
17.878
377.795
277.998
232.781
20.0332
119.445
35.6569
267.498
145.92
347.014
30.9921
19.5755
325.971
175.573
296.092
149.188
80.4174
394.228
310.137
126.22
21.427
20.3709
319.935
273.379
406.867
117.388
34.3978
18.6592
14.2193
26.2607
19.0548
249.063
6.124
93.3739
355.839
16.1814
65.5009
20.0209
311.386
10.7662
8.61265
23.7936
281.863
11.5472
300.186
28.6604
200.636
11.9174
339.745
17.6467
101.614
154.299
10.3729
106.485
19.7868
7.096
151.311
21.1185
258.236
527.601
8.57407
239.208
461.799
303.454
390.973
20.2357
157.986
22.2921
67.2744
329.658
83.5037
14.0328
214.758
469.914
76.93
129.601
191.356
558.925
310.91
238.927
11.3427
353.331
418.462
22.1922
425.418
62.803
5.78535
89.7856
26.4266
427.309
50.1037
420.896
350.081
145.256
212.981
139.544
58.0843
361.52
453.532
44.1413
14.366
274.066
303.158
347.054
338.771
174.531
253.886
8.85083
243.642
276.691
54.7894
135.516
395.12
189.469
9.35708
181.054
186.198
259.021
90.8222
453.729
8.77974
7.48158
443.591
244.213
18.8398
356.441
6.01019
518.417
16.6348
364.068
15.1511
10.5908
392.797
9.82729
306.236
266.743
10.0412
146.573
44.3736
293.72
42.1462
279.498
156.766
148.562
93.9427
216.21
97.8255
325.831
243.643
296.91
107.488
17.7088
21.3737
319.024
14.1489
446.064
109.121
212.083
84.1182
213.121
459.309
133.843
246.079
9.93459
22.5269
203.981
314.986
56.437
231.341
178.808
195.282
232.362
16.3931
23.9904
14.5065
23.0543
411.137
18.1352
33.718
157.053
15.3618
129.751
449.216
184.494
290.32
242.324
15.3396
19.7883
12.7433
5.31327
21.5722
224.526
7.3295
284.953
96.5476
12.8691
204.106
16.5912
196.169
297.919
74.5512
13.8042
402.054
27.2566
13.7799
351.622
267.529
381.587
83.6
246.482
418.01
7.52367
161.894
110.17
244.528
13.9124
138.925
18.1503
251.149
186.151
198.865
336.364
136.786
250.308
74.4064
496.952
189.723
15.483
130.539
119.146
249.396
9.97648
194.63
173.987
13.8836
341.222
7.96587
262.214
361.798
20.9376
386.955
316.311
51.1972
50.85
469.529
16.5597
204.256
244.936
161.358
13.9498
20.167
25.4618
97.6672
198.585
16.6491
14.4021
11.6183
17.0938
17.9987
457.136
86.038
11.9451
33.8545
13.5885
192.781
470.476
64.1519
16.8492
11.3055
181.816
8.02603
52.8629
89.719
195.34
21.5436
381.59
379.638
531.855
10.1061
307.693
305.109
221.551
537.948
336.731
31.2055
153.604
53.2529
4.18715
187.533
145.351
31.5377
412.605
21.6832
20.2129
17.9609
460.219
16.346
349.39
173.851
326.013
124.831
20.1171
273.297
21.161
25.2936
40.4449
343.916
453.525
126.265
-2.45134
16.451
280.901
24.2082
11.5281
249.818
112.515
306.024
238.988
437.994
118.466
389.952
351.651
42.8494
293.501
18.3704
355.841
6.90983
10.4114
378.009
24.3782
8.24209
19.1598
66.9301
13.5694
207.011
51.5827
177.975
61.3945
16.7569
101.893
170.767
226.984
286.464
166.206
14.7245
34.2596
249.746
335.64
388.783
17.2396
269.491
13.9361
422.336
21.4079
31.4221
15.8319
35.7649
270.13
9.64046
210.522
14.633
17.7508
249.661
273.466
321.213
357.742
5.79803
58.8562
9.79171
329.425
32.8915
377.16
15.6447
173.76
194.186
62.3706
26.119
393.081
157.018
173.129
67.9223
32.0893
205.241
213.419
494.866
11.8463
540.883
13.5822
63.1938
368.255
12.1537
93.6915
470.551
235.128
230.62
9.64914
177.729
81.9828
14.6285
505.026
137.315
48.6064
524.238
77.5608
7.18355
14.9029
393.837
14.9868
17.3269
315.832
11.4642
134.343
447.509
490.159
178.414
417.896
161.786
426.019
12.9746
54.7371
38.5569
8.41323
24.682
12.3033
272.881
143.773
153.032
422.076
10.868
230.136
213.245
25.7527
19.0327
8.54662
23.9378
234.661
434.425
235.002
5.3044
12.6504
446.025
371.807
30.7612
14.1095
10.9354
73.2039
128.184
20.4079
328.953
518.9
10.1128
188.559
33.6796
213.334
329.853
12.0208
204.547
22.6946
11.7358
442.768
114.524
271.103
59.0806
32.1477
577.791
146.75
315.189
523.399
58.4382
126.52
151.651
19.4385
186.049
22.9523
90.745
60.596
290.954
21.7946
20.3793
16.1563
363.092
15.6352
232.287
206.965
4.66928
306.609
126.103
277.648
522.857
62.8705
152.776
204.962
196.662
4.79249
299.638
10.1542
123.456
25.6409
286.488
119.685
125.319
137.988
291.328
25.3963
352.656
13.5577
305.305
15.1824
94.8319
77.1437
237.608
176.667
5.13614
16.7642
132.384
409.856
419.592
11.6818
70.693
13.9965
150.028
46.8674
206.106
32.5784
19.8683
16.1672
199.067
39.358
150.907
93.4085
266.058
21.6534
16.0584
20.663
252.726
307.464
241.812
8.18666
443.321
275.91
13.7443
150.162
156.522
549.629
113.281
416.35
192.432
23.3402
247.083
20.7336
52.7033
214.418
67.7791
255.081
49.0104
37.4195
21.2717
20.2465
193.374
144.577
284.63
128.701
265.228
194.543
23.6514
6.56288
6.11663
45.91
206.28
31.9052
32.7226
236.142
294.531
19.674
17.2059
479.517
110.807
53.4275
555.598
467.866
420.24
309.933
24.5814
157.996
354.627
273.39
229.343
124.069
12.648
15.6947
13.0266
9.72357
8.826
28.2301
130.183
308.761
205.565
131.882
53.2306
22.6014
13.8022
23.5355
390.778
18.8843
34.2712
149.41
16.8162
98.4936
215.581
10.5176
84.3283
15.5728
94.5537
11.213
70.0678
380.315
265.586
252.899
4.33293
10.1313
24.865
164.097
486.828
20.8196
15.424
237.863
4.18927
320.719
17.2896
212.999
256.947
34.137
361.146
399.09
241.947
22.6633
54.1572
15.7953
8.41683
12.7095
204.738
498.692
468.071
233.778
313.924
46.3323
15.6441
119.652
312.199
128.082
15.7805
19.5669
415.967
58.3134
7.01195
494.772
458.645
445.04
12.8041
333.36
17.859
223.02
14.6585
11.8539
201.852
10.712
201.591
447.452
435.234
24.3314
36.8411
169.362
372.17
282.63
102.459
104.199
13.5319
33.1037
162.691
22.6141
83.3349
128.493
153.751
3.67611
103.914
14.3648
233.893
332.56
387.662
389.484
462.229
197.289
214.886
303.661
114.788
10.5564
207.843
370.692
219.801
378.685
14.1306
112.963
21.1903
16.955
43.2046
25.6706
76.6721
27.2202
25.272
23.0822
5.32799
16.3891
70.5231
15.7407
245.658
225.304
14.833
305.321
244.82
310.329
0.652838
20.9326
50.3009
222.35
332.19
13.1419
151.8
19.0943
8.92804
260.955
4.35125
21.5695
10.5274
12.8901
323.824
27.021
112.309
291.165
118.329
18.5028
395.956
131.935
192.326
18.6636
311.047
245.526
17.6585
308.391
124.252
168.468
154.477
177.183
524.04
17.5068
289.357
276.879
22.4448
7.9154
234.704
22.6931
22.844
318.094
21.9643
19.4795
153.137
28.1312
75.8813
19.2962
304.72
331.605
18.4739
377.881
74.0883
19.1508
342.615
251.513
14.6097
469.028
190.877
12.3862
3.23507
129.596
89.1856
21.4586
300.089
202.507
8.491
13.7773
192.621
22.3879
16.6887
73.7206
30.767
586.003
22.4141
105.021
86.1662
22.0861
24.2323
490.766
533.992
534.71
575.486
12.4539
16.5964
16.7075
233.078
112.247
55.6194
495.711
11.1638
12.7301
192.604
14.3753
52.0644
9.52769
201.195
505.307
44.9019
194.942
260.103
90.947
18.7217
185.438
23.0639
443.267
260.065
104.409
21.2789
314.869
34.3906
136.205
337.59
93.5914
200.78
26.4902
11.6414
19.9854
25.553
61.5176
19.6777
14.1983
227.456
244.202
20.8389
293.479
11.4142
499.078
17.5809
435.358
19.4533
353.574
12.55
14.1241
22.4377
125.132
217.363
420.16
400.064
181.344
267.27
202.745
349.164
38.0337
464.515
19.3061
6.20184
7.12919
178.256
16.794
425.45
21.9489
183.306
21.0967
11.1836
19.9028
376.607
224.61
4.15442
74.4927
350.358
140.341
22.075
6.13584
29.68
344.79
247.647
20.1599
414.443
11.3401
21.7833
264.92
13.4336
403.942
95.0583
306.901
360.085
12.5051
11.4928
109.337
118.156
17.5751
366.64
432.605
471.326
262.368
206.539
19.3689
332.572
413.17
512.036
316.238
217.012
155.988
13.932
299.154
33.3414
311.197
209.255
102.4
4.74408
274.106
16.6179
207.724
40.8509
10.241
21.9611
37.6276
214.138
359.804
302.126
21.9887
123.302
21.215
63.6636
9.00124
205.407
483.31
365.359
280.432
14.0769
7.61411
19.4281
321.055
108.17
397.599
286.022
136.322
367.904
166.282
6.1412
10.9334
335.512
85.1066
19.9403
124.669
23.8063
13.644
146.284
364.737
368.198
169.71
134.815
94.7993
302.787
14.4759
7.56592
500.195
140.101
259.652
335.791
170.189
299.152
229.679
331.686
404.698
205.766
64.7467
17.4596
438.457
142.639
185.339
162.678
434.429
387.881
15.0397
13.1497
28.0516
26.2655
274.496
24.4744
5.44323
143.201
128.85
18.1225
46.5969
176.146
365.456
14.4856
18.4319
227.366
441.397
25.9783
9.53822
423.619
66.7984
128.226
18.0714
16.9548
17.2823
262.511
175.381
23.0362
286.588
369.279
256.561
105.813
161.511
14.1189
24.6118
18.7796
4.68587
294.016
270.421
550.208
16.1079
12.0284
33.058
19.811
11.0371
15.2828
404.414
21.1997
307.446
120.76
22.7985
324.063
182.301
10.3017
194.297
19.2689
14.2428
57.7555
321.679
321.549
20.0623
21.7481
291.741
180.127
339.144
15.0549
114.468
243.948
25.0148
5.20999
130.171
17.6012
22.0163
6.04611
10.1426
246.194
414.14
18.3152
17.2566
22.0072
34.7372
319.283
451.463
420.542
34.7658
174.696
23.8407
285.823
225.359
260.572
168.203
207.738
295.543
508.793
16.4208
20.8578
152.903
422.646
243.79
259.121
528.941
231.331
214.632
20.7699
46.2978
22.0492
14.4471
344.238
9.83805
115.199
17.8191
61.7113
384.078
19.2853
116.137
236.681
111.158
214.92
346.224
206.492
22.6542
72.1038
456.584
14.0861
22.6686
22.2425
295.383
551.319
316.805
237.146
51.9782
417.533
231.543
54.5075
8.17501
43.9063
8.64942
177.884
263.494
549.332
24.5124
367.311
179.421
30.9814
6.48239
33.354
355.138
7.12949
18.0815
178.677
151.163
201.759
10.1081
303.985
32.7607
417.656
21.2842
18.0021
9.95863
16.4478
82.7388
233.493
172.404
180.684
34.2777
12.5056
202.843
386.864
9.04951
31.4435
9.17288
221.19
18.1673
247.544
79.1472
9.16046
221.195
231.819
85.7631
383.185
24.1158
9.97348
4.51193
115.837
291.169
262.229
4.53904
17.8708
22.1126
8.92463
98.2991
77.6974
164.052
26.0324
19.864
15.7052
314.247
23.4088
136.408
18.1494
13.8573
8.4004
367.175
29.3395
365.546
10.212
23.1401
453.508
40.3829
66.5881
200.094
475.174
13.6493
126.907
6.9641
116.412
25.3218
170.892
161.101
16.2051
442.131
83.1073
22.4101
13.8971
24.8234
14.5071
10.0619
186.841
149.774
3.68213
322.002
9.93927
60.7793
403.095
19.9981
144.879
10.5255
150.836
19.4599
139.934
442.897
185.989
11.2565
19.677
106.182
190.366
432.921
41.7518
203.298
309.841
316.732
22.1887
351.792
13.6669
55.687
158.903
73.6151
236.02
396.288
398.417
172.815
5.56822
19.4213
362.719
17.3776
13.5221
263.896
115.876
399.508
263.915
287.908
19.4561
350.161
384.935
21.2519
72.1953
179.279
13.5131
232.666
21.3749
19.1253
249.625
25.1872
12.3888
323.513
254.858
384.312
26.6983
23.5762
463.53
107.989
210.216
13.5011
58.7872
500.359
416.584
27.4217
333.896
168.87
400.76
248.41
52.9429
175.292
294.027
52.2057
21.5943
14.2833
20.0848
273.358
118.082
219.041
466.086
546.038
77.7214
253.251
12.3337
327.953
5.21559
11.9602
26.1919
145.417
13.9801
205.812
22.632
6.72335
54.8417
12.35
50.0668
72.3574
11.289
49.4795
5.66774
70.5808
11.86
257.498
78.3772
15.2893
82.8153
422.71
116.43
18.128
12.4093
18.4586
402.552
257.243
293.37
195.676
18.5798
23.0626
19.0266
25.3781
17.8998
21.2315
466.393
238.862
219.545
303.358
333.59
516.261
11.429
557.875
16.7516
358.944
18.3604
18.8298
143.419
3.3426
246.373
245.557
24.0466
392.378
221.963
270.986
46.0013
13.7746
163.78
16.3153
375.022
260.945
68.3012
12.7242
17.6248
347.806
21.5985
20.5648
55.6175
209.409
232.237
11.7058
424.667
267.242
174.988
412.273
338.993
509.436
18.2832
17.8644
43.2424
205.369
41.8234
288.601
515.078
68.9374
21.0309
294.757
76.9537
365.116
66.8142
35.2554
184.144
377.287
165.811
107.165
22.5439
286.562
17.1422
19.9915
14.0852
30.1239
307.616
13.3482
107.416
5.01783
14.5696
141.499
15.9703
19.3624
64.1745
15.8202
370.651
402.931
25.5312
441.233
172.968
303.706
368.972
412.316
386.156
77.8334
19.5983
376.255
103.286
21.1485
170.138
518.093
195.28
13.4475
16.9373
42.1921
27.2942
385.981
271.963
5.05073
108.157
144.592
350.659
160.517
18.0753
111.724
127.889
91.4063
43.7856
226.324
304.333
39.7296
23.4556
312.38
10.369
467.318
20.1396
15.0823
512.365
503.696
154.01
115.194
118.187
188.844
399.506
38.3965
20.0698
59.4861
14.8955
17.0966
342.698
115.485
78.5176
335.196
22.0563
232.792
9.24227
419.034
559.427
423.609
133.619
402.678
459.394
16.5312
315.142
362.862
338.423
21.9036
281.506
370.242
22.5807
200.97
123.157
58.8534
330.693
331.19
167.548
5.48951
9.05295
19.4009
333.023
434.793
21.6494
103.123
23.3485
13.7728
13.5194
15.3414
498.816
270.459
17.8776
22.1763
287.248
349.624
343.941
142.11
432.618
22.195
466.592
200.69
444.948
482.078
194.468
369.283
541.734
9.39966
117.282
23.5657
178.099
477.907
20.2592
264.418
168.679
364.146
359.901
118.838
163.689
74.7055
146.244
9.00856
379.951
321.273
190.119
74.6341
45.4455
234.334
6.65766
212.627
16.0489
36.7284
85.8513
152.658
136.279
166.412
332.265
126.953
13.4946
108.117
15.6872
13.7738
10.9106
125.136
320.227
434.554
22.044
10.0402
7.89878
22.2264
15.9016
174.082
17.7066
218.069
20.7941
488.38
583.808
257.1
107.138
123.23
229.193
446.578
25.3331
337.837
221.61
285.656
76.9885
12.2527
286.027
10.7412
25.9501
15.254
245.806
103.589
328.149
203.753
21.2343
13.4001
140.562
198.037
60.6733
73.8157
20.4493
183.301
53.9269
46.3455
99.07
286.589
13.9178
94.1552
6.26782
119.354
121.049
71.462
272.156
277.158
163.3
10.0587
434.808
203.383
56.483
17.3075
15.0553
231.921
5.76447
504.634
239.681
71.0685
21.2913
22.6697
7.91976
59.9992
319.565
9.87237
11.2318
11.6367
44.2543
160.482
7.90995
94.9646
264.388
375.721
54.2453
317.382
16.1054
14.2031
15.5508
51.3317
298.705
514.327
106.79
444.607
22.5149
30.9458
39.051
189.691
50.3667
91.0563
25.5316
441.503
9.46929
111.883
169.806
28.9896
305.814
115.114
12.7844
11.0861
190.947
19.2446
24.475
549.624
395.399
194.142
460.31
15.2533
145.804
309.085
11.4604
37.668
286.64
398.923
19.6433
24.487
17.332
163.056
404.802
10.4919
269.286
410.235
13.5694
159.481
10.2313
89.1577
312.069
384.368
250.938
523.159
15.045
34.6118
20.9643
10.7998
24.0066
19.2031
253.137
13.369
43.8179
25.9101
12.0388
22.3911
35.5605
8.94345
25.418
16.7212
102.646
19.5704
25.0773
121.075
268.713
21.5009
287.115
20.1107
383.105
188.65
21.823
152.069
248.04
25.2768
331.386
175.288
262.252
41.1115
59.9717
480.33
12.0147
225.537
509.654
236.091
391.892
322.701
128.472
404.08
368.551
98.0251
241.719
301.275
78.2047
178.402
343.01
242.963
245.14
265.312
174.671
7.97889
15.2952
532.259
247.712
364.384
174.696
168.395
13.5772
441.59
210.23
21.6441
11.6136
227.315
400.983
18.4956
68.8895
165.877
46.0298
205.11
13.614
371.352
401.151
28.7479
22.0027
302.421
8.46888
180.247
273.859
128.692
13.0514
218.02
10.9066
455.734
42.7267
21.8191
20.5117
316.854
22.8978
384.391
46.3826
390.554
302.031
94.1814
316.793
332.854
244.772
512.544
10.7243
208.934
241.537
56.2474
276.154
51.7021
13.6853
166.954
19.3102
150.224
9.06053
138.518
26.0175
42.7501
417.488
21.9147
243.829
457.592
19.7322
350.818
336.424
144.652
116.223
16.4742
174.207
22.4002
10.0103
512.483
9.69753
20.0689
10.729
150.097
71.9318
230.252
18.0508
94.4055
311.893
21.2767
9.54213
8.48952
233.218
190.847
87.2594
436.904
60.1433
56.6489
12.8654
9.87776
12.7223
319.357
10.3565
86.2964
127.543
183.662
284.3
27.1357
7.53886
11.0033
159.805
375.171
197.984
14.0401
19.2267
5.15153
198.61
11.5855
244.177
30.7845
482.62
16.8723
390.595
190.956
167.953
522.953
108.819
122.77
15.2654
196.129
408.133
14.8785
14.7734
197.981
45.1705
292.004
323.235
112.664
436.342
386.813
130.549
457.577
5.9284
30.0838
347.072
356.12
9.99227
237.208
66.2953
186.534
128.087
258.214
428.207
12.1191
476.137
446.448
307.297
67.5696
277.227
18.5041
551.647
14.5941
155.271
0.597338
19.1414
24.1555
18.9016
238.024
141.684
18.5766
15.8865
274.801
23.4986
3.80339
181.434
11.8106
190.243
214.748
321.969
491.457
88.4587
138.843
90.1238
99.5603
223.157
205.588
20.52
19.7006
11.9139
249.319
171.849
66.8809
365.679
19.841
346.494
25.0142
10.9139
169.355
138.968
11.6325
31.5625
15.5771
438.469
59.2187
137.364
549.491
54.5908
453.654
5.58854
364.596
355.287
306.696
115.497
15.9981
10.8541
19.0906
407.985
387.082
355.808
529.609
8.51544
13.3358
367.891
570.78
7.53729
228.978
327.87
280.534
298.418
12.3872
20.1684
141.49
261.032
37.1072
266.347
19.9549
106.912
268.531
105.107
17.4785
21.2783
382.471
20.5185
61.9933
177.045
82.9269
406.735
205.846
91.0102
19.8587
61.5522
13.3403
158.26
222.22
7.74167
18.4012
22.4076
297.42
455.045
16.5366
236.661
173.389
22.0948
289.14
456.316
15.9674
288.013
307.724
205.015
19.7384
13.1365
291.067
480.371
204.084
116.591
380.918
59.964
16.146
17.5147
67.296
5.0604
104.912
141.018
20.8064
23.8315
90.3118
30.2994
9.33737
300.581
18.747
17.6511
22.4824
47.1548
407.099
472.335
23.7151
15.5663
58.7092
150.173
544.608
17.6473
527.027
22.7348
271.917
17.4325
377.142
354.08
21.611
21.5624
193.761
54.8311
226.752
8.66121
357.369
537.358
115.201
21.2207
169.367
82.4922
479.179
206.189
241.233
16.3086
224.938
122.187
335.271
9.61741
27.8459
129.909
121.257
21.9767
211.95
123.134
21.3097
69.6057
10.9807
21.1983
143.124
20.0902
249.607
286.524
20.5905
351.907
370.272
557.855
300.477
20.0298
44.7327
540.952
311.737
379.451
350.504
530.422
274.051
299.069
271.559
18.5282
12.4415
184.512
27.6723
453.424
138.411
61.5458
19.8189
81.3715
253.165
304.964
12.308
15.4418
358.667
297.234
229.101
324.609
288.538
16.5058
208.037
51.664
16.7497
24.9792
79.2506
21.2106
248.699
102.532
7.23777
112.271
201.536
198.46
419.67
192.106
375.634
19.369
486.315
244.719
20.5482
20.8423
334.956
17.6108
9.18768
187.49
72.9223
7.83345
9.20989
493.745
246.062
96.7774
11.9357
16.9228
12.5279
5.11026
172.279
295.22
166.709
10.042
222.338
296.034
104.433
181.178
240.479
21.1326
444.861
371.067
13.0035
74.1805
420.35
10.4626
13.6896
246.53
108.762
178.577
391.322
20.4282
20.9665
18.9416
13.7409
206.715
151.819
180.626
246.342
396.353
9.52457
29.6835
294.651
15.1888
60.4549
255.41
276.876
187.259
24.5119
98.0749
178.876
14.1198
53.9665
272.868
1.70024
42.9353
528.375
412.381
144.338
116.593
22.9178
16.5598
12.3333
15.0368
58.5332
213.301
20.7526
351.09
119.688
220.426
27.2191
164.037
158.453
402.475
78.5312
6.3142
222.108
5.07927
145.278
11.5876
13.6995
317.868
19.0092
309.01
173.3
533.165
15.5016
16.9153
12.5143
19.138
5.83521
393.42
20.0559
442.659
81.4516
397.125
72.4129
13.4467
196.406
244.567
15.0939
421.612
416.745
15.9987
29.5099
8.75164
440.49
191.848
10.7215
246.544
18.0625
408.835
255.387
149.247
10.6941
553.014
109.548
4.53878
262.163
122.899
243.883
224.971
33.3902
7.52133
10.569
285.472
18.666
475.797
18.2344
284.694
288.841
87.7605
344.682
21.1379
205.292
383.434
8.96284
226.891
286.808
234.95
16.7725
62.917
246.509
18.4164
562.432
243.287
21.4939
412.233
42.2714
21.8482
343.278
7.76072
131.999
525.809
205.839
199.187
15.466
298.845
23.1177
13.555
400.974
426.488
283.39
231.241
16.2997
82.3576
377.527
20.7465
13.6336
10.4561
149.373
46.3854
107.248
429.434
118.604
17.2796
54.0842
6.23493
87.2367
111.157
226.78
17.0222
15.8146
180.005
20.9524
228.738
210.588
350.744
315.088
241.601
92.969
135.251
140.837
152.172
394.509
27.186
289.142
430.331
272.609
6.55923
4.32523
20.7245
20.4439
322.054
209.891
21.7541
460.208
190.024
129.73
20.8332
258.647
9.22939
239.774
508.599
17.4939
185.091
164.391
18.9339
250.055
453.234
167.836
385.535
9.5658
441.499
98.4095
48.2574
301.533
10.0926
289.677
212.674
393.155
288.503
43.4681
122.309
155.267
162.62
33.896
66.4271
24.3438
6.94864
16.9921
224.312
455.168
402.299
18.1442
113.684
271.351
22.9878
392.291
339.824
362.6
342.894
18.8861
17.4721
103.913
62.3195
181.657
405.691
389.448
18.355
546.462
16.7881
303.084
95.0756
331.256
197.487
12.1092
130.978
372.449
213.581
20.0446
23.5827
22.8706
148.233
9.39901
57.1933
481.012
155.084
19.0511
24.4296
4.56107
9.52126
80.4933
22.1625
138.199
162.2
21.9954
256.37
28.5287
177.917
18.7511
197.832
327.913
18.8857
184.674
228.211
190.241
449.943
6.12076
146.144
481.847
163.22
259.313
18.5141
113.307
24.1927
339.949
23.7648
182.502
454.733
559.277
100.253
14.0676
229.67
485.7
20.4324
256.582
15.7837
22.803
147.738
243.296
94.3232
266.015
33.5668
14.954
196.696
438.678
317.957
20.5568
206.688
37.9525
457.3
44.3115
77.3423
110.88
9.77292
436.354
254.669
210.752
18.8982
180.152
36.0774
168.367
68.8031
4.76013
429.197
370.836
15.1784
111.437
15.5421
39.9024
141.996
10.1613
10.5519
208.348
336.249
307.106
32.948
43.8604
44.2275
21.9489
123.535
8.66259
471.992
132.465
304.3
550.77
186.831
56.8452
10.0234
17.9623
18.3277
388.837
230.606
20.6961
165.685
271.69
282.065
376.73
42.7347
141.014
214.996
16.5041
210.42
97.8473
139.55
19.6264
382.521
20.2647
142.005
21.5662
16.7341
335.823
10.0221
11.0094
49.0658
13.5575
19.4055
18.6446
355.211
16.6677
177.062
47.0298
324.368
173.841
184.016
514.172
494.331
26.0448
256.222
155.997
398.665
18.2897
21.3245
211.103
133.351
134.026
281.256
22.3781
96.1257
521.382
21.9536
75.1126
199.721
32.8885
450.799
21.4759
396.951
62.653
410.874
16.083
12.3155
24.1854
15.6477
243.327
334.867
393.169
93.5207
11.1972
236.819
55.0592
419.444
48.871
58.7381
190.871
18.4803
254.327
191.229
18.6656
22.8163
245.104
364.294
235.347
7.4946
21.7522
203.322
202.582
138.601
9.84917
195.128
362.831
20.4769
6.17135
24.9271
403.902
200.571
25.3617
363.236
354.352
67.0546
17.3427
24.6967
24.1188
181.48
14.856
7.18827
415.583
316.068
19.1708
285.258
293.734
365.216
218.224
16.8461
16.8386
125.579
15.5424
92.9855
11.5363
20.2757
199.659
17.5279
127.889
9.43059
106.192
422.479
10.7554
17.2144
46.3196
118.1
51.2328
305.866
125.088
404.151
179.047
193.972
17.6265
174.578
18.9921
14.3754
368.153
452.442
20.2585
466.79
91.4123
22.6872
21.6736
528.604
13.6892
436.32
434.619
29.9755
307.294
253.783
446.061
197.792
447.172
316.116
21.4837
383.926
11.5493
321.604
218.502
310.792
191.904
263.398
17.955
401.339
8.35583
252.787
357.633
160.51
180.465
111.465
13.2478
10.3324
12.099
218.101
8.74669
252.474
532.666
75.649
365.117
141.807
21.5265
25.4178
135.982
7.64565
177.582
17.1266
302.239
204.137
450.569
101.825
111.956
144.117
101.776
15.4325
10.4281
18.2149
4.8195
22.416
447.418
462.064
43.1404
337.92
37.0235
487.7
12.6948
271.821
13.067
216.738
6.05341
296.972
88.4399
14.3592
191.16
479.522
23.1686
26.5177
325.57
78.4093
203.349
51.1984
204.282
301.162
4.29503
169.859
294.541
466.25
333.197
12.5098
75.2053
149.69
228.17
4.33877
16.6432
132.094
119.901
350.658
12.6778
86.7733
148.877
215.092
10.0411
357.655
102.017
13.4429
202.321
33.2085
169.147
353.271
25.0566
228.016
242.11
496.983
243.513
200.233
260.001
93.0168
32.0202
340.721
79.7311
63.8606
17.1066
263.596
15.0099
38.344
15.1269
370.218
135.036
248.882
153.605
19.3742
254.669
14.1417
4.65391
11.7305
77.418
19.3962
169.704
62.9391
12.9006
17.6587
506.953
28.2987
13.0633
244.369
18.235
7.1263
128.563
588.02
484.534
15.6179
363.344
136.463
492.54
32.7679
392.679
148.895
29.3285
224.859
151.173
22.6558
9.91911
575.473
563.954
20.2032
70.7807
19.217
95.801
354.931
126.424
52.734
-62.6999
296.78
383.515
19.7937
128.975
236.735
523.251
34.3204
67.5657
246.536
262.62
10.1431
78.512
18.2918
417.328
7.60007
9.83826
229.642
301.322
8.32309
343.205
303.446
8.29606
21.1743
99.9287
24.0003
128.847
6.5084
12.7881
574.163
177.522
93.8762
300.047
336.01
283.597
243.94
65.0194
9.35622
108.325
292.745
107.018
18.911
154.908
336.498
518.842
326.056
12.7678
5.42976
11.1612
214.817
460.387
221.338
165.678
99.5385
16.3766
239.517
80.3278
7.93271
15.9862
17.9257
6.58346
249.21
341.47
339.099
11.2342
313.385
23.3823
60.1098
9.61675
20.0456
111.45
15.8817
166.546
531.012
153.353
27.6177
428.984
4.58139
287.768
49.0097
20.5529
360.905
255.932
310.227
91.0508
226.597
21.065
20.377
141.76
102.939
17.9947
253.306
236.753
25.271
18.9012
83.2394
9.37927
235.971
22.9192
172.581
491.695
312.526
64.6619
26.0529
251.69
399.665
17.6629
127.149
18.8364
10.8844
299.536
67.0843
208.344
215.225
17.3055
414.656
17.4377
494.713
398.626
479.703
203.842
374.655
82.1115
11.13
78.9956
299.993
208.942
18.1943
202.779
21.1316
127.456
18.7723
403.814
154.849
20.5916
19.5146
288.397
262.118
43.746
7.83839
163.609
69.9402
112.072
164.622
383.781
369.384
203.055
196.066
17.2513
62.0125
357.811
137.169
17.7843
175.979
315.275
20.0089
124.396
154.351
284.469
146.513
232.848
255.814
546.467
277.185
401.657
22.2828
376.51
156.403
368.667
22.6503
72.5839
142.796
380.126
381.752
15.1758
555.278
61.0615
216.29
15.7683
139.955
10.7489
26.1664
292.346
32.2641
12.793
18.4229
27.9145
19.5841
437.962
18.7474
169.36
9.66888
18.8307
168.03
182.641
73.5633
105.055
255.308
379.249
8.83721
10.7921
41.7054
20.6309
47.9609
206.935
326.174
18.1811
123.273
336.923
471.667
21.1109
189.926
440.046
64.4039
311.529
186.976
147.881
438.157
178.464
25.1131
133.212
23.3006
136.319
14.4962
264.397
18.1814
11.2768
14.9715
329.303
398.758
348.192
15.9497
9.83329
402.297
327.276
209.316
484.744
132.766
-2.59919
355.227
177.21
16.1194
101.608
129.533
14.5886
14.0287
136.375
213.722
146.272
61.6388
16.2117
417.214
63.1197
16.6257
19.9169
20.5806
500.175
258.707
193.361
5.14483
489.216
10.1237
18.0966
45.792
244.075
320.277
21.1141
562.737
174.487
311.7
13.3262
385.545
328.592
195.02
230.121
18.1477
450.483
342.386
255.965
12.7935
13.9798
163.225
220.283
13.7047
534.177
19.6958
280.438
20.9513
11.4193
421.77
181.521
188.684
8.81878
281.112
122.206
17.5034
258.91
292.33
285.769
222.097
454.601
15.9655
195.238
248.702
15.67
6.6676
26.9909
580.029
104.327
243.786
24.8091
16.4905
105.043
213.682
17.5646
58.5403
156.077
288.355
21.612
172.94
115.202
490.248
107.302
81.457
158.047
92.0012
21.0339
11.4469
12.4867
21.1181
16.4798
54.3235
469.96
146.724
178.345
22.5712
357.713
5.34048
121.032
21.8922
263.599
16.8881
74.6833
6.75808
22.9949
173.257
11.2892
235.29
52.0305
344.31
384.288
211.146
15.0483
31.9867
341.122
120.638
19.7116
16.392
10.2041
14.3833
172.653
262.682
66.2104
119.039
45.9151
21.7835
18.3717
246.245
253.572
231.328
512.547
15.5709
380.759
471.293
230.353
116.208
199.611
138.831
294.548
31.8333
19.1823
375.781
363.633
100.437
500.573
75.5348
10.0618
17.6458
12.7288
102.193
230.601
389.538
130.863
14.7384
5.94347
252.154
198.486
238.5
292.43
556.902
53.7123
87.1367
387.529
8.83732
438.988
12.965
318.246
5.70471
22.7921
8.00634
67.6125
239.525
107.161
306.323
21.1738
331.636
286.001
103.282
20.7275
10.9815
168.329
13.286
22.4865
234.089
49.4481
427.029
169.716
11.3082
42.7631
47.9251
429.171
19.5427
11.0108
9.8375
393.715
312.856
205.315
248.431
220.475
512.259
332.11
539.15
12.5005
90.0721
8.47444
190.134
131.615
335.555
299.778
239.402
15.3736
20.9644
230.584
162.28
29.6851
18.3909
100.063
16.1897
357.361
201.169
30.5458
351.751
202.221
223.533
63.9855
16.6798
498.03
104.916
212.133
180.692
23.8299
383.066
23.916
186.987
56.5749
404.776
9.10713
15.3962
250.525
84.1447
214.295
273.421
285.498
30.5845
14.2032
17.4269
91.5986
183.478
14.84
62.0413
9.63897
134.872
16.6826
220.726
122.197
163.642
504.717
9.14616
265.635
537.765
21.8108
5.01652
53.9736
204.882
271.401
332.403
101.438
10.7803
359.48
111.421
285.821
20.1707
16.0573
12.8819
198.324
242.31
12.4595
201.914
14.6366
225.055
454.507
49.8088
6.4739
463.558
83.9233
104.522
10.0842
22.5112
36.8829
203.039
394.716
23.5013
42.7023
178.106
177.34
186.317
9.10097
530.447
510.582
198.513
23.0536
332.567
59.5086
19.1243
50.6524
20.9765
15.4281
496.256
210.982
25.6227
276.082
73.672
111.672
15.7552
56.2748
161.846
85.5226
365.795
107.238
174.259
122.164
17.1794
276.039
17.376
243.598
7.26462
321.413
136.402
360.153
372.223
9.5298
16.7911
426.844
445.229
14.7984
4.86737
17.5851
11.9342
38.4894
56.5173
39.5515
24.3226
202.244
443.339
198.532
261.124
17.9213
229.007
186.892
134.236
301.725
269.138
108.891
312.135
218.692
125.255
4.47986
108.699
584.076
430.865
562.163
177.387
477.133
370.131
254.721
24.7203
29.2395
10.3722
448.759
357.697
452.044
14.9514
20.2114
14.909
20.3008
18.7268
535.925
174.201
24.2967
7.60799
467.204
255.744
207.256
30.6696
310.297
151.666
117.2
151.632
252.114
299.586
416.514
171.201
76.6623
16.3253
163.745
123.075
25.8143
137.703
476.836
14.4115
10.407
365.552
290.046
25.4728
427.736
6.29762
461.981
241.313
292.711
63.4487
182.221
173.931
12.4325
110.311
10.7715
181.676
30.275
280.45
214.504
5.96332
90.9708
20.393
5.52325
237.266
569.141
383.393
366.978
340.245
13.5666
11.639
312.491
93.2547
248.581
7.84623
348.387
-1.10679
8.26135
507.121
66.3195
58.4801
21.1621
31.6926
21.6639
331.449
14.1906
465.686
21.0294
3.86035
381.387
509.231
27.6424
208.467
201.693
119.774
5.10305
263.108
12.5689
258.592
549.596
298.318
422.092
76.794
409.189
302.175
11.1849
6.37319
370.898
10.1103
308.694
154.336
268.213
45.6108
242.317
407.801
226.24
114.745
4.93367
67.264
383.303
21.1034
7.10678
15.1444
388.392
11.6777
48.1338
99.4091
247.274
282.4
22.7126
88.6791
8.71962
21.138
261.177
92.0595
289.023
17.5622
447.741
19.8019
129.358
268.403
158.624
229.729
9.41425
204.045
13.827
8.68078
18.8873
77.8116
447.939
24.3773
78.092
252.583
20.475
35.293
153.838
20.3051
493.112
11.1897
219.261
383.236
10.7443
9.75341
214.305
466.533
206.921
70.9967
21.6403
158.872
100.073
101.753
314.516
21.2938
179.202
22.6143
433.513
73.1305
527.875
168.353
182.398
185.187
258.692
17.8701
179.693
340.264
13.7066
181.273
60.4037
99.0941
11.4178
243.324
509.305
24.0611
9.10814
395.036
17.8937
74.5731
14.0325
18.3062
124.542
39.5216
44.2727
50.326
54.2465
114.505
77.5139
426.649
55.2054
345.126
403.87
204.04
12.1707
18.556
5.52796
149.276
179.795
394.913
269.129
282.715
286.15
28.4086
-6.74897
208.984
94.3087
16.9856
5.13529
15.1679
11.4988
536.362
73.1034
252.275
291.814
13.3147
43.8851
15.9048
125.44
282.519
404.166
287.843
289.161
16.1915
358.728
15.9931
455.506
5.76504
231.728
44.3509
201.428
388.328
23.5543
241.852
65.7638
12.8488
187.911
135.906
379.459
330.071
191.531
273.193
33.3238
80.6881
248.459
254.043
445.964
321.968
396.172
106.955
6.27266
21.3003
132.285
55.0378
12.8767
17.2892
443.461
12.8686
96.7661
29.6607
329.996
189.176
27.4062
13.6538
166.339
287.675
23.1817
24.8294
13.0979
9.91661
17.0187
18.9815
9.97421
218.428
124.78
22.2455
14.0444
175.115
245.266
95.0712
434.54
454.264
42.9712
175.21
17.7776
20.5715
571.306
19.2607
20.2835
413.998
544.327
57.7333
20.378
519.002
56.8071
21.0857
82.273
18.0522
385.352
24.2265
14.1453
143.919
485.691
399.226
207.305
150.05
49.8931
468.416
375.745
148.374
110.464
25.2446
93.3965
337.761
56.9589
524.165
147.845
384.461
17.6658
83.6483
30.4095
24.2004
114.591
13.2833
93.3556
158.522
82.419
57.615
11.0923
160.927
183.121
91.2786
327.086
257.352
372.089
46.3901
11.5176
240.298
308.772
17.7287
165.359
13.1997
183.049
309.955
12.4633
262.969
252.367
288.42
297.99
76.3032
500.777
37.8414
3.84016
190.122
356.089
321.646
14.8965
185.288
162.132
84.4886
206.989
326.367
15.8157
151.689
22.4537
300.719
80.421
136.785
242.266
167.103
268.111
128.61
482.514
45.172
21.896
42.5648
10.1064
174.276
6.23116
15.4276
393.308
13.551
509.189
22.1837
54.1267
231.596
409.242
113.203
19.4252
280.23
52.8796
133.787
208.168
22.3135
18.1662
19.1537
72.2092
16.017
486.248
254.428
369.661
76.6285
449.452
304.738
21.0682
435.024
15.7797
384.517
188.109
54.588
218.105
319.922
299.326
104.275
57.0994
115.845
10.9613
85.8632
16.8856
116.499
7.32015
24.2428
218.498
101.184
374.587
238.517
362.291
443.022
43.0011
-7.69759
20.4851
17.1089
183.394
287.284
128.169
233.903
242.584
499.159
6.41838
18.7266
112.049
458.572
8.75871
82.4617
300.267
49.5606
6.49869
214.74
227.874
12.3178
324.942
158.094
291.147
106.57
126.169
404.919
345.507
214.98
9.65057
37.2478
368.317
236.839
183.473
141.98
200.052
22.867
501.199
39.8943
282.556
31.0662
21.9231
123.872
477.601
524.182
301.62
432.443
19.4846
357.99
20.8808
20.9632
53.6171
5.13074
46.6272
145.182
517.466
119.851
330.223
92.6271
16.123
176.269
334.345
11.9893
499.047
199.47
250.971
27.8649
435.749
555.615
303.342
12.1544
108.124
145.961
21.5447
225.006
22.4153
156.572
534.96
9.93583
232.434
263.394
20.2777
5.2111
466.727
359.585
15.4064
128.715
43.0317
121.763
407.967
94.9497
215.148
16.1212
510.031
21.0237
19.0864
195.078
54.5505
14.0936
383.333
18.7694
528.159
36.6826
179.181
20.9423
190.381
278.84
321.279
469.874
19.437
9.42193
253.809
17.4521
274.194
101.904
10.3861
42.319
11.4192
399.238
267.789
21.7963
143.713
207.297
16.2218
22.0933
447.63
4.41312
22.509
9.39586
351.734
11.7694
17.7474
17.2505
18.9107
257.366
68.3202
96.9401
295.128
10.1184
281.006
373.047
416.475
386.982
135.605
84.6048
497.716
4.42946
14.574
19.4199
22.6899
289.258
14.1006
529.16
304.571
161.873
18.61
181.167
203.999
202.591
11.9307
187.112
19.2472
38.8815
19.8105
7.52094
67.0842
409.25
44.0924
135.579
278.737
361.286
340.303
201.705
17.3059
327.49
162.284
15.2941
50.0529
52.0612
355.939
51.2171
6.23383
22.5302
256.95
46.9668
10.9838
22.3263
363.274
23.9636
293.973
287.947
29.8886
262.662
10.5937
12.0452
141.16
107.724
15.6532
373.406
48.0671
478.866
13.5531
184.234
4.26603
7.82561
333.352
114.671
16.5436
169.784
185.514
331.143
368.498
5.18054
36.277
290.617
156.361
480.81
5.27163
227.89
478.839
250.125
348.872
51.7966
15.75
262.144
337.656
205.401
22.3203
25.0618
103.089
225.29
45.107
326.39
301.098
18.5115
49.0428
100.395
24.5786
91.0241
198.432
61.0926
465.813
235.49
18.9053
5.16622
246.376
424.487
242.056
439.99
304.126
19.1142
20.0698
115.318
18.0663
19.5555
260.99
512.729
23.2901
295.324
73.8256
206.326
65.622
174.479
5.01526
19.7697
274.0
285.888
221.929
16.8172
202.833
5.27287
172.019
247.177
10.7267
44.9383
419.17
167.064
19.4967
94.1259
216.923
17.4711
15.4431
356.774
16.2823
16.7424
330.034
10.9122
18.7598
50.14
125.282
305.504
26.3095
431.583
92.6131
363.931
123.085
312.194
14.5204
176.186
13.9525
11.4039
183.924
381.698
475.594
276.763
282.931
13.0746
111.172
167.249
60.6774
253.718
15.4549
279.433
518.473
14.3264
11.2971
366.727
211.909
268.702
172.357
17.4007
21.6965
290.803
15.5487
19.3677
186.663
23.5353
97.8353
162.219
12.0095
231.234
216.425
22.7176
14.1358
73.8547
170.041
30.1121
506.824
230.632
232.161
106.537
14.1128
21.7251
18.1324
341.481
14.1921
26.6324
303.399
327.593
116.695
13.1282
166.686
268.62
333.479
12.5019
16.9551
135.798
21.5163
12.9686
294.299
14.9945
341.72
17.7649
21.6894
112.058
110.54
222.003
16.864
254.172
305.712
222.005
252.237
73.4789
166.167
506.397
37.4526
35.63
57.1338
56.8046
17.3304
337.44
21.3196
259.496
6.73797
17.7573
153.202
477.97
263.562
322.371
9.92746
13.7768
15.9238
30.8104
48.8795
332.261
116.26
17.0903
24.3319
32.0432
115.754
21.7226
20.0035
21.0512
16.6558
108.663
205.924
110.245
287.739
134.712
199.006
12.7034
15.6114
37.8206
89.1054
17.4571
344.041
26.2005
21.5267
16.5235
130.555
21.644
463.924
244.011
14.2697
167.554
33.907
510.533
22.8602
422.889
20.607
359.923
8.58394
181.02
17.1938
357.329
324.566
319.551
554.809
60.2345
268.909
129.048
7.06564
200.548
261.033
317.224
97.492
218.397
364.723
13.3969
250.654
5.68977
22.4387
39.2113
73.395
167.404
20.8708
19.5315
53.82
538.932
17.6168
544.39
239.714
536.552
20.7143
26.6997
363.562
21.0824
334.212
28.7493
239.891
32.9638
286.34
10.1434
15.133
175.602
52.8959
11.4619
183.577
431.055
19.5007
192.396
18.7388
112.525
499.247
365.182
476.888
229.716
19.7401
10.8681
214.588
69.0204
474.69
382.783
8.83188
555.674
209.098
24.3785
21.7747
14.4697
355.644
3.82341
115.671
8.44231
352.299
17.4663
16.0599
154.419
124.567
14.1188
20.8864
21.7929
461.906
15.9522
227.545
438.998
131.243
21.9256
520.904
16.1782
167.41
172.81
315.32
307.307
372.433
522.505
489.882
15.6172
217.447
177.123
255.191
24.9031
305.778
322.912
411.277
373.35
68.5524
369.712
38.2597
304.444
7.96952
22.014
529.151
146.037
287.46
156.983
21.5355
227.685
148.011
251.662
184.755
21.7876
231.535
51.7464
475.245
308.359
261.772
132.342
25.353
20.37
180.016
29.1289
369.254
22.0595
6.84754
12.5219
20.5511
22.2127
265.194
22.8783
18.0356
364.856
86.1429
17.975
202.704
20.3402
19.2294
86.3651
110.877
55.2105
267.249
200.199
370.245
169.475
170.006
453.172
15.4678
246.752
474.139
126.171
149.815
38.0955
163.802
23.4488
153.471
31.3366
169.893
48.4104
13.1196
242.943
250.454
135.372
370.964
283.278
15.0166
242.018
11.7977
23.0357
16.9346
494.366
95.4792
283.705
9.90507
92.0773
36.8733
205.721
57.6468
16.4841
16.0262
74.9306
5.20843
238.976
41.0232
117.186
91.1101
293.549
231.172
55.2181
8.69443
30.7834
425.185
262.359
203.189
99.0568
170.788
11.0915
161.724
219.56
18.6441
99.7847
13.9221
233.18
111.371
13.1537
11.1539
355.201
159.927
155.75
19.0444
29.2502
11.4624
11.5481
181.228
64.9461
24.1615
113.212
18.6529
498.427
108.661
7.96156
218.968
20.6116
121.68
355.968
147.188
281.437
273.839
420.597
416.264
168.541
12.7255
302.28
61.3134
223.092
26.977
424.991
23.8297
316.342
32.039
21.0975
142.331
13.7211
228.207
5.84315
24.0496
64.5156
559.34
165.02
201.947
154.305
13.5241
206.03
358.586
159.23
10.0071
23.1398
23.7195
14.2001
165.528
43.6003
184.791
202.011
160.127
525.377
17.0256
286.394
317.212
117.361
236.639
5.98653
265.29
10.0256
20.7838
248.943
133.373
58.013
14.7056
11.5879
299.726
130.58
320.899
153.985
392.575
355.006
14.9482
113.451
11.175
14.0702
32.8593
167.041
212.237
18.1394
11.3909
11.3848
21.7682
84.5712
243.018
15.0547
18.1889
6.13438
16.3107
9.70433
14.3869
428.063
14.8674
224.222
9.76232
218.484
84.7368
346.114
306.33
378.456
413.686
12.6469
384.873
21.561
258.025
112.199
88.4438
12.5576
310.379
140.844
132.386
13.6676
79.9234
215.211
481.109
417.832
19.9056
216.162
472.76
396.332
267.794
11.8077
4.27252
10.4662
32.7845
17.4993
16.0183
155.388
518.144
505.796
43.4977
346.905
210.32
24.2643
6.47979
205.344
335.704
374.517
140.16
74.7694
335.039
287.778
309.423
251.826
23.5544
560.866
475.344
360.359
4.99272
21.5692
1.85637
12.8579
352.996
13.7159
246.095
383.496
50.4607
141.23
23.3754
378.742
18.568
243.446
145.28
13.529
275.095
47.1828
20.9422
475.041
146.792
247.925
22.8446
432.599
19.5289
266.225
241.871
281.481
189.244
16.6937
20.9224
89.3512
54.0713
10.8964
22.5986
16.6305
108.1
263.757
269.4
385.46
199.296
22.4368
66.7292
365.653
21.0659
170.855
87.0477
23.0602
289.458
549.842
4.32076
189.388
16.0021
24.5938
277.213
481.881
355.987
252.329
342.937
25.6504
296.296
43.0054
98.7036
20.8056
53.5132
26.762
21.3364
336.266
408.653
9.55184
28.1161
142.877
324.072
5.00543
267.346
312.053
219.306
14.7401
302.763
23.251
52.809
20.4889
22.1302
114.51
17.2747
13.8147
199.454
283.222
20.3322
409.773
15.2614
175.486
14.8251
134.281
15.3513
134.109
192.123
313.351
22.167
23.7588
271.59
318.17
357.552
132.638
475.223
109.215
180.847
12.9338
207.349
17.5237
426.034
455.324
420.744
74.7453
203.735
352.815
194.642
339.87
541.869
11.8028
258.477
21.8866
391.934
6.8862
184.58
83.9077
6.90956
416.162
147.62
498.964
92.8466
201.051
60.6822
20.9174
405.707
71.727
331.312
302.016
196.612
554.545
20.8544
339.165
129.152
21.1474
4.84137
269.831
8.17553
61.5138
226.942
446.492
18.6624
334.774
349.193
9.03923
18.1033
11.3341
315.752
294.083
123.231
120.612
513.002
430.292
252.053
200.988
65.8005
394.642
175.107
309.953
361.202
313.835
215.254
19.8512
9.51177
253.565
13.8039
232.445
203.496
287.538
311.58
78.5455
42.0723
438.307
4.39711
13.3095
114.341
156.572
413.488
29.6589
29.8445
357.329
389.16
9.36843
256.796
90.6643
464.919
284.759
21.8827
27.6637
174.225
9.98426
4.04465
12.3278
303.922
37.1519
409.874
10.1274
22.2588
12.9398
408.314
80.9245
239.114
519.618
169.454
9.47991
154.71
17.7076
4.70489
12.9523
289.754
258.81
24.2809
42.6765
58.0611
48.9598
180.861
492.436
18.7257
250.581
-9.65404
13.9958
8.55514
512.895
8.74268
82.5124
16.5695
105.685
383.34
128.947
175.811
443.154
66.532
359.822
18.3293
9.10925
8.01439
24.9486
106.322
567.686
18.5177
230.89
87.2776
21.3395
136.078
36.2917
74.5292
19.7263
546.52
23.2855
182.783
23.5325
20.1671
8.57184
187.432
20.4837
336.618
85.0699
231.132
48.7275
22.5529
114.563
497.096
328.733
52.0137
365.258
576.902
19.9207
23.8137
228.5
461.863
203.682
41.5553
347.189
22.6193
133.301
9.90474
329.869
126.529
14.617
33.4773
207.869
158.172
534.678
452.203
213.502
67.3114
166.718
10.01
182.634
172.566
89.0741
265.669
159.719
437.229
18.0653
220.164
13.1825
341.285
80.7082
71.0991
6.31462
73.0808
5.78882
32.7213
199.699
19.6331
10.8079
159.385
32.4135
12.1648
368.546
22.6944
184.784
423.061
10.7937
9.49579
25.2108
516.297
14.1689
16.8355
150.192
3.35125
123.117
492.538
24.3596
116.817
68.8278
168.079
17.4144
17.8717
17.458
11.6319
401.522
19.0112
211.966
35.3278
366.499
118.092
261.845
10.8069
453.5
6.15225
165.242
188.019
16.3409
63.5171
41.9088
14.3561
26.6357
55.5437
18.5767
16.6144
334.343
168.755
161.866
1.16069
13.0445
17.5905
309.919
10.0685
17.0552
17.4285
54.4771
10.2431
34.2312
18.8505
275.544
22.2138
379.104
154.021
517.194
8.19914
329.586
21.7183
16.6749
138.943
282.862
116.211
347.057
5.45046
162.598
118.454
20.2234
10.9228
12.9394
329.46
499.118
21.4608
21.1999
6.90432
11.3286
347.06
313.16
39.6535
18.2638
118.853
8.14304
89.0568
10.7881
18.9064
16.8476
242.903
211.847
20.4942
264.48
15.9903
402.984
565.912
230.196
18.2735
23.1137
12.5754
55.6107
25.4641
161.948
21.6382
235.854
522.097
385.999
213.519
341.646
188.365
9.35551
60.6926
15.3545
15.0143
209.734
471.061
197.244
293.645
430.52
12.0077
178.859
324.839
280.538
19.0124
95.6475
20.6896
4.38835
64.6147
22.2394
24.7194
11.6725
111.151
455.837
170.629
113.325
201.189
189.042
62.9049
392.139
8.2509
125.894
189.642
22.9171
425.089
209.304
180.464
342.147
241.695
7.54794
25.3277
470.138
308.69
25.3944
85.0472
21.5233
22.8318
13.7774
55.7407
19.8783
511.646
11.5843
192.034
12.8708
213.96
11.5245
328.703
17.8208
488.022
254.979
14.1734
84.8853
455.139
45.5341
15.7345
86.0867
95.8331
21.5018
300.572
64.5261
14.7493
196.28
15.4307
198.266
72.0989
350.637
206.766
13.8468
103.57
16.6261
21.5188
114.621
37.1708
330.902
19.8921
28.5999
146.867
289.291
11.1568
360.998
16.4944
115.033
18.8494
342.215
339.087
279.676
259.531
280.117
22.6692
105.865
111.002
22.3355
517.482
44.9422
16.1196
21.603
386.424
26.8326
550.578
13.558
22.8527
431.715
252.319
234.308
75.2653
174.028
201.395
97.3591
197.606
222.878
226.673
14.6861
196.953
176.834
10.2967
418.705
354.937
17.1787
500.88
98.8805
108.395
227.587
385.409
10.1442
21.2075
167.705
6.72093
410.912
67.6365
199.9
24.4122
394.431
21.1496
21.3652
210.337
25.1855
20.8203
122.315
69.8627
12.8371
20.6101
19.5789
7.36676
459.719
513.413
215.082
17.6169
19.2492
327.424
187.368
213.154
437.808
79.1239
22.208
142.901
253.478
251.152
301.806
490.628
216.658
224.579
229.815
267.062
15.7692
53.5428
249.195
13.4677
206.521
44.8291
54.6113
16.8746
21.65
413.455
232.361
200.075
172.234
316.391
10.4004
23.4604
22.5479
15.6065
14.3669
115.821
335.243
57.7123
162.911
57.0265
193.591
3.96051
326.59
520.723
187.851
335.977
317.161
64.3941
392.399
73.9518
259.298
22.7462
27.0502
232.551
56.5186
41.4754
204.128
19.1192
10.2353
177.965
33.711
72.9188
346.485
348.087
-2.27439
483.105
222.162
456.245
289.241
23.1509
176.005
22.2368
320.253
24.8409
75.2109
12.069
10.9078
170.978
15.9955
10.4516
46.6836
505.98
114.184
17.957
104.105
358.308
465.034
377.253
161.872
12.2675
19.5692
24.2614
356.015
14.2419
78.5389
94.6866
437.896
14.8173
338.296
17.1991
62.5339
328.161
123.874
282.584
139.804
18.5238
169.04
444.527
41.0008
11.9821
411.666
24.7936
86.6103
9.66862
192.001
144.507
25.8011
176.24
46.8897
17.7916
4.75713
12.3616
274.582
24.4091
57.8001
89.3999
258.525
446.277
10.4165
20.3332
23.6893
21.6871
99.2295
10.8519
16.4686
319.954
260.503
254.469
47.905
372.251
436.87
25.5059
26.4841
18.2134
24.109
364.278
7.0173
117.466
349.954
27.584
192.215
133.007
17.5308
117.906
11.7721
18.5895
21.0948
202.039
22.9849
57.0704
20.8183
13.0825
118.932
203.938
6.59681
520.956
477.287
333.527
142.188
504.293
156.812
291.957
225.915
7.74296
140.511
19.3468
18.4252
14.4607
59.6332
271.674
76.8415
361.526
264.63
16.3885
501.173
12.5104
440.488
17.354
284.953
479.977
180.076
137.576
273.02
248.084
15.103
12.4599
285.234
361.273
165.405
169.257
268.45
189.049
273.527
23.2389
131.856
14.8165
175.546
318.323
94.8944
10.2577
236.941
228.616
55.9593
223.631
19.9113
7.35394
46.8015
479.844
9.98319
8.15069
18.066
205.451
12.0454
550.454
66.0242
15.5394
324.59
279.475
197.768
453.42
205.999
204.078
315.669
31.6253
18.2539
78.5233
117.283
36.8941
39.7347
5.54158
283.359
152.663
353.913
226.084
41.8591
169.994
240.632
394.236
25.1183
468.07
361.441
410.804
265.542
46.2881
18.7278
24.3812
407.696
8.16363
203.904
308.757
13.1833
154.995
495.895
229.21
137.684
9.06548
29.9037
144.497
14.5701
179.4
165.569
12.1943
53.483
170.464
192.227
203.719
11.5933
17.9866
143.939
11.2534
16.8049
270.409
368.688
396.797
249.363
10.5003
14.7455
12.7262
138.664
10.8851
143.459
20.5042
290.38
367.391
58.7411
359.337
277.92
10.7586
17.3246
296.923
103.976
17.639
455.439
61.1189
282.446
5.10622
10.2926
10.7664
18.6559
323.487
20.8933
199.562
222.92
258.029
155.209
20.4491
125.597
9.73373
344.716
146.152
355.748
21.244
332.829
192.036
169.402
8.56526
220.198
449.224
197.983
277.856
462.75
415.332
328.472
151.772
162.081
22.5496
97.8811
14.3932
14.8453
336.501
21.4668
235.862
186.134
218.216
42.8373
20.3388
12.3578
17.3701
6.81209
48.5718
336.153
117.897
5.80565
274.337
14.6313
452.275
47.142
158.511
378.729
204.217
21.9947
237.835
587.825
353.036
16.3122
21.706
5.27145
8.65573
347.132
20.416
22.3102
393.595
129.463
369.655
315.119
10.5354
139.445
141.534
533.283
243.201
16.9638
54.7201
17.285
286.644
173.987
164.11
267.215
86.527
18.3487
20.5005
531.691
3.49707
381.02
15.5414
10.2647
12.2053
207.336
238.692
10.8832
170.354
241.213
251.098
20.6709
14.9026
289.036
22.8966
152.808
55.462
284.446
71.1497
14.0754
17.085
233.438
4.30093
447.297
15.5796
204.124
358.322
120.116
18.5359
19.8621
23.7541
17.4351
82.4664
203.765
78.9035
25.1095
183.703
242.918
440.687
121.238
461.035
20.7557
19.6054
20.2465
16.1771
10.0796
103.537
292.094
303.854
446.736
434.777
3.09336
44.995
91.8313
194.451
54.5758
19.7872
364.631
52.2462
12.8629
378.287
459.881
240.762
21.1274
236.525
29.4459
122.534
325.142
22.5548
51.4068
227.272
5.45834
104.921
103.172
21.1721
127.781
415.354
131.838
388.799
25.0473
22.7361
221.853
22.8663
8.10839
51.8572
23.7957
268.094
14.4985
19.6044
20.1519
362.887
357.265
20.2452
17.2725
10.215
13.5754
207.931
25.1066
24.9676
17.6515
85.6995
356.873
241.982
194.227
54.8068
289.111
14.0682
28.8979
7.77971
341.544
352.67
13.5657
56.3861
232.631
134.122
92.9606
14.2457
118.044
106.949
562.747
200.046
26.3766
10.3328
9.18734
8.76601
60.3151
49.863
280.809
55.6894
73.7414
254.485
211.482
215.861
194.778
235.06
18.9008
168.079
100.493
200.863
112.754
54.6211
246.606
88.3808
482.689
193.527
240.644
404.382
311.447
354.994
7.96715
112.597
97.3209
528.784
255.283
7.65408
474.499
572.615
17.1636
174.149
562.148
22.0527
30.1167
304.041
368.588
149.763
382.825
31.5054
130.648
104.218
20.1219
167.739
12.1365
373.3
10.4124
14.9868
261.612
47.5437
166.441
428.589
99.3912
199.341
225.505
413.065
197.993
251.064
357.177
406.925
7.14815
334.151
20.4306
5.55525
22.4191
33.8229
25.7821
6.44166
252.818
295.227
83.6717
259.739
305.329
7.02011
132.309
13.5993
419.35
204.934
6.15094
172.718
177.169
405.448
25.9474
338.691
489.162
20.1129
15.4144
97.3149
483.406
318.654
20.0495
469.461
14.5847
50.6571
36.6459
15.5261
500.283
323.749
20.7392
172.065
368.226
9.67141
349.873
418.661
15.1116
21.6316
244.974
108.047
456.12
9.87909
379.358
334.246
477.655
95.1735
362.573
495.094
10.1225
167.333
27.7313
17.3608
11.6645
130.4
6.97989
24.2441
21.0081
16.6358
17.6775
185.293
34.6965
80.5885
433.533
64.4585
405.65
157.795
9.72093
19.6358
10.0982
13.3691
531.829
21.5859
401.134
247.896
50.2742
67.8925
69.8974
28.3405
425.548
330.693
206.832
64.5442
4.17203
237.443
162.551
197.539
21.1401
114.463
232.908
13.2044
364.368
151.652
152.473
21.4729
22.3677
144.56
309.087
112.31
8.04123
14.1591
15.8378
285.132
424.376
343.718
12.2871
267.759
125.89
333.841
57.1832
13.1927
19.2671
312.095
152.691
211.436
470.693
9.71382
351.678
193.438
91.3505
402.561
13.8162
6.23858
18.3651
152.29
6.70201
16.2913
51.451
20.1422
81.9295
327.609
4.15693
181.927
12.2177
37.4428
326.524
444.469
224.261
374.538
361.073
93.7545
23.2082
185.703
507.217
34.8403
46.1568
103.347
114.784
16.712
11.7195
396.833
170.095
176.871
18.5591
366.907
316.855
509.588
13.4782
446.922
18.2289
307.581
26.8738
164.6
193.157
364.971
19.3063
317.719
201.108
10.4299
298.006
337.935
315.73
333.246
210.015
19.0503
15.1051
31.1884
22.0754
20.7622
372.445
19.0768
9.31116
162.831
212.594
13.3881
167.491
245.298
23.7267
10.1585
229.943
195.349
412.636
367.869
80.909
143.477
9.64172
20.2674
444.828
384.99
24.1806
8.79347
15.6594
8.99766
9.03362
298.066
32.5913
105.857
166.794
373.358
12.2527
378.364
85.5357
176.07
16.0233
10.3067
49.4917
13.8087
422.009
532.214
73.6835
44.794
539.504
206.392
106.463
16.1698
23.9564
182.42
357.189
16.3
325.758
123.495
57.2266
93.6361
38.0292
257.091
357.944
474.956
18.5611
258.213
420.772
144.727
263.135
65.027
23.96
57.7779
283.035
9.85438
127.669
193.751
344.539
332.14
10.7687
246.642
508.939
278.301
216.12
22.8513
16.2989
36.8816
26.8442
342.181
229.083
363.604
249.089
374.088
171.849
19.1677
315.972
485.818
134.609
184.308
75.7384
543.131
263.099
294.236
333.652
24.3964
57.3551
91.1506
68.5691
337.841
17.7203
18.95
424.124
247.833
126.94
323.822
20.2238
175.228
310.829
559.721
13.0058
112.986
464.034
162.401
215.439
12.703
12.689
15.1138
323.244
9.03767
19.3772
119.466
238.868
62.3071
90.2423
356.855
524.12
73.3469
393.358
170.182
236.763
17.7503
378.932
14.7999
21.3671
26.9683
91.8933
79.6921
95.228
307.976
13.3568
52.2065
20.2833
381.068
488.277
124.586
333.213
328.745
204.503
67.7748
24.324
527.294
535.317
14.8972
18.8152
27.8631
289.729
460.049
160.371
337.472
64.6214
20.9272
12.3526
20.369
385.889
100.217
15.0799
142.47
355.324
48.7832
12.7396
123.192
493.46
309.312
282.517
66.2821
147.368
410.316
240.298
18.7736
202.145
196.072
7.46538
139.718
13.5153
71.9756
46.3422
137.978
7.02299
21.0452
70.6241
21.0569
24.3591
272.966
12.7581
94.5825
21.5165
86.9824
314.59
330.451
284.733
130.372
71.454
381.898
351.4
263.252
257.677
420.042
203.157
341.045
232.238
158.418
379.598
172.141
328.896
27.4421
149.605
139.216
401.849
376.657
303.901
171.836
115.514
101.199
469.116
432.529
80.8545
320.48
258.4
48.6409
239.841
8.13832
388.384
314.486
84.3221
248.798
18.2308
192.966
86.6544
259.921
174.278
25.4477
14.5574
17.0346
18.2806
20.9025
15.4167
21.672
23.6792
29.7674
407.785
11.1633
466.345
11.8803
377.582
21.2731
332.882
15.2418
454.408
61.6002
200.27
11.4696
471.585
7.63857
6.74067
20.3504
355.533
295.92
5.52214
330.146
72.7289
9.94529
17.4674
201.262
391.385
149.829
57.0651
265.567
123.489
220.455
240.456
63.2247
235.024
157.785
18.727
23.7997
132.249
4.83232
10.2035
104.709
491.602
430.977
181.126
16.2671
13.2172
307.244
240.889
21.4033
320.622
8.51723
493.491
432.919
115.046
250.413
169.205
342.625
12.4035
294.605
4.91197
146.987
110.115
13.1977
7.38966
345.598
193.687
36.6133
15.0872
436.191
339.151
58.3484
138.144
319.587
351.41
9.98191
47.5424
47.4853
266.433
13.9368
413.258
162.359
500.644
173.801
48.5064
83.9744
299.83
330.863
258.314
17.2778
19.4964
137.542
19.6618
209.525
9.21956
528.645
334.776
15.524
311.346
267.481
33.8397
236.225
21.9747
339.449
404.658
273.083
300.894
-80.8357
7.57429
20.3426
19.7667
97.1372
31.4558
436.193
15.5661
218.286
379.883
294.334
393.053
249.357
38.9998
197.696
155.97
163.586
176.318
250.187
414.945
26.3423
25.813
333.837
159.492
17.3515
101.924
319.705
458.044
23.1956
351.204
282.927
123.37
73.8
358.208
13.9086
10.9113
34.8028
21.116
401.226
53.8203
230.132
20.5684
302.38
22.5355
11.6953
281.169
87.9097
19.586
19.977
107.509
141.211
189.181
106.325
337.351
17.5009
244.585
159.152
250.575
448.605
12.5007
362.643
6.39624
240.122
24.1387
202.461
349.668
547.294
95.5402
173.785
210.138
458.321
282.341
371.801
290.976
24.0837
291.486
193.742
258.829
300.398
311.926
386.751
248.406
266.969
224.552
312.682
56.6488
94.2989
269.504
203.461
350.595
245.781
1.29627
86.9206
152.477
300.614
175.32
8.78429
6.69559
402.646
452.386
32.9456
4.07644
142.377
83.4614
13.4141
13.3081
21.9817
20.7296
16.7991
80.9403
338.355
238.145
269.85
16.6814
275.746
259.289
396.436
147.567
16.9622
15.8461
69.9571
282.262
597.985
20.3411
23.2059
260.663
49.2806
6.64095
76.4172
300.255
394.911
330.564
181.82
9.3831
19.6205
344.059
107.576
468.557
565.803
13.8147
178.216
35.1786
453.431
13.298
368.404
6.89845
369.245
22.6571
150.485
167.45
448.862
170.834
471.228
210.427
432.106
96.4649
193.107
19.8889
146.164
135.275
18.4368
196.961
81.6163
488.448
74.2342
147.686
26.1787
135.324
13.738
237.445
330.374
258.709
169.936
136.596
116.282
130.73
14.7837
360.241
364.938
406.63
357.247
20.7674
235.666
10.1253
11.2827
302.079
409.993
147.382
22.5195
193.265
20.1011
117.655
20.0399
422.043
280.429
19.6351
129.949
345.313
24.3777
8.32946
371.217
23.381
490.77
15.0397
430.392
259.582
291.343
21.2119
110.136
6.83345
222.966
12.7732
387.366
20.4732
3.24803
37.8972
12.2074
98.7207
126.828
338.889
201.417
16.5713
20.459
346.387
302.219
21.064
25.0576
112.298
469.075
9.63627
397.697
351.222
25.7928
20.4566
95.5013
18.3242
349.903
28.3397
19.8545
43.6816
22.7297
184.446
195.384
7.36697
79.0656
291.483
17.8845
382.198
431.757
26.1936
252.979
125.262
9.87927
21.4413
208.996
11.0549
208.844
30.704
220.932
21.1199
202.352
244.936
251.349
99.5166
159.804
285.269
215.56
32.5175
283.285
463.838
12.1584
230.138
501.57
22.7997
207.324
141.865
16.0593
30.133
15.6703
235.727
10.6273
311.211
7.84665
107.292
221.134
31.6329
235.92
173.291
273.342
567.351
369.222
7.34163
430.059
17.8011
20.2254
130.664
23.6011
8.08387
368.308
10.5377
218.243
52.5836
310.559
99.6046
386.891
11.0895
10.9818
508.751
20.8279
475.79
212.886
17.3439
307.255
416.177
416.294
20.8474
401.665
15.3079
8.80973
134.011
458.028
248.669
335.316
248.66
18.9528
15.8725
126.415
11.6837
174.116
20.1335
362.217
113.279
10.7818
66.9335
106.227
189.529
29.6906
17.7262
306.65
96.5583
204.451
212.524
20.7058
241.069
304.404
385.239
205.869
144.16
129.297
21.4599
340.905
33.4036
11.3763
309.958
62.3226
17.7597
172.199
481.792
353.213
12.6135
397.414
257.11
22.9754
308.567
35.2703
343.619
10.778
11.4287
18.7122
245.375
5.88109
114.946
102.528
471.646
256.858
249.587
14.2914
497.348
107.623
382.675
20.0176
50.653
407.429
16.1189
55.7707
38.3214
165.193
207.724
312.336
18.3348
141.68
379.257
40.4147
210.318
236.405
166.536
279.534
22.6904
20.3894
141.116
42.0555
13.5417
134.266
313.195
17.4045
21.5649
188.435
369.63
213.563
11.6404
189.305
487.625
18.8037
389.6
167.472
500.582
343.982
8.63585
26.1431
184.706
279.581
24.5803
17.3023
183.143
112.917
103.809
18.8439
111.597
62.2323
16.8147
360.325
153.364
262.569
19.8092
572.91
130.198
452.974
15.316
136.262
171.611
292.967
346.686
184.474
121.328
20.8865
11.4193
332.043
22.698
11.7915
12.6832
293.647
558.226
287.97
57.0665
21.8533
67.4104
26.7404
9.53368
17.1768
15.6381
13.4085
11.2903
331.473
57.6496
14.8973
48.0148
487.801
21.8931
17.4244
23.4062
20.4541
176.224
71.3326
19.146
173.25
192.63
170.931
65.6381
152.396
245.203
359.267
351.935
14.3913
131.431
101.108
22.3337
27.081
4.46077
17.8945
362.032
232.408
5.44526
288.887
30.8653
355.343
299.779
16.9729
18.2892
20.2626
26.3829
4.00464
91.327
150.7
18.3269
96.7556
20.7411
129.001
9.42798
7.77946
393.934
36.3178
297.714
13.023
42.7731
11.6228
11.9023
176.668
16.1843
11.8508
127.619
22.8796
3.20791
405.07
16.1349
237.552
20.2599
10.2293
58.044
19.5867
347.801
24.9993
379.391
18.1623
545.569
483.604
277.425
249.41
50.8229
442.524
12.2077
247.54
21.5528
186.469
11.9235
413.451
211.414
213.31
216.741
34.0686
101.777
248.971
93.0802
586.872
22.4317
60.4822
13.1204
173.71
259.499
279.305
145.944
200.829
209.824
114.644
16.7383
223.359
100.737
3.8313
242.718
360.241
98.3957
97.1022
285.729
22.7514
18.3145
537.92
19.6661
17.1227
418.125
235.586
165.91
393.813
9.8073
23.1909
404.07
79.2681
262.204
150.739
204.885
167.512
154.742
274.985
267.48
21.8449
173.491
195.069
41.5992
189.042
85.0795
16.0762
294.719
179.545
18.2567
312.338
128.434
240.091
254.538
206.87
254.859
345.248
120.057
174.119
96.4403
535.34
214.516
77.1767
98.2572
195.875
382.413
359.329
14.4766
368.683
264.824
12.6358
19.4222
522.591
6.97466
285.139
119.309
14.5008
118.578
80.7057
323.955
45.1991
18.2165
370.159
95.2838
19.905
14.7852
373.039
7.70249
276.006
432.67
377.57
7.45109
400.021
205.408
26.9024
15.4942
15.2314
187.893
128.003
6.20315
17.984
307.732
495.71
18.0885
566.074
146.745
74.1188
22.0656
195.984
77.0128
426.643
6.92587
177.224
338.441
17.9671
22.0569
562.54
161.666
329.228
317.448
203.787
196.373
8.79902
464.077
252.601
14.761
24.0459
12.6349
227.986
203.518
325.7
368.488
17.1996
284.747
35.9075
214.262
264.567
13.3016
9.72233
279.637
409.04
378.181
175.914
19.8496
67.6023
11.3926
6.595
155.185
20.7922
173.025
503.491
11.9285
409.477
58.6731
485.1
13.2862
13.0205
367.748
64.5259
314.82
60.6119
147.658
242.192
18.225
288.043
298.367
161.641
20.3598
11.3606
22.1209
49.7849
16.3012
222.253
104.607
264.786
259.864
19.0173
83.0029
386.464
7.06875
264.862
112.865
102.004
300.636
19.666
285.802
13.1778
285.345
56.857
177.701
128.06
125.407
94.2496
101.12
9.81397
9.46088
71.8131
11.7095
199.059
188.922
148.965
396.72
160.729
87.3828
184.849
15.5407
131.333
349.76
17.7567
278.523
231.22
16.427
13.5119
342.24
87.7391
267.834
69.6147
11.2581
12.4903
150.172
22.2091
30.7912
23.5656
124.09
45.1893
9.73117
16.116
393.288
159.874
14.5063
212.089
5.50481
11.2878
11.3745
202.418
22.7624
243.704
8.78581
12.1146
179.721
388.398
503.748
14.373
166.794
16.9458
19.0306
21.3077
-20.4256
5.12191
17.635
87.8946
21.4456
327.72
561.856
337.329
556.546
109.254
166.318
17.7066
29.5883
49.0963
-3.14129
86.0743
58.9968
402.152
249.13
356.638
269.509
20.3808
547.342
290.628
466.463
249.835
475.612
396.095
385.665
156.383
14.1585
81.1894
9.97749
149.248
20.4238
100.045
13.4391
380.702
9.32841
136.548
24.0929
4.52812
21.4375
65.7637
16.9627
7.42037
10.2791
272.36
204.106
22.5891
122.574
129.489
29.6106
352.096
540.826
405.963
122.666
295.154
316.69
100.56
136.783
219.472
17.2603
163.778
77.0387
176.437
9.75292
6.50637
16.5353
493.017
151.559
4.90295
14.5468
16.2052
257.982
261.118
44.1475
377.344
225.289
22.0773
51.3711
90.163
82.9369
203.816
18.4883
10.6562
216.446
171.091
102.191
88.4605
264.286
61.6808
18.5708
25.0435
174.284
182.174
33.3388
42.4154
101.159
177.958
9.39921
76.7094
214.599
20.2853
45.4196
243.496
471.044
126.657
124.508
163.53
200.254
96.8128
318.769
34.8276
454.013
213.989
242.999
99.3559
195.81
233.461
17.869
317.465
360.688
450.367
17.5256
0.981372
151.251
175.677
348.33
98.4667
21.0972
9.28343
251.126
18.8267
21.0165
182.55
6.15971
22.7332
284.165
395.842
17.6332
361.559
103.121
30.0971
29.2264
241.18
397.588
16.5361
179.266
11.2066
443.547
165.779
135.474
13.3269
13.2746
351.965
321.282
180.845
207.848
6.68128
457.874
142.808
201.684
362.659
24.46
232.91
23.3153
16.9919
9.88633
329.687
18.7108
174.885
22.7074
10.0063
24.2911
396.517
64.0137
16.2065
14.3481
200.156
7.39124
4.57827
435.324
216.935
95.7963
367.704
20.0824
453.025
120.461
537.972
14.4669
13.6037
16.1047
23.009
57.7269
26.223
12.4128
18.1798
16.3466
404.19
44.1735
442.938
72.1281
455.871
227.331
21.9449
311.239
418.981
73.1505
234.051
44.1277
16.8641
16.7019
37.3932
436.141
6.95537
495.272
117.665
22.2266
393.61
284.825
82.1617
407.502
500.784
20.0199
11.9252
366.716
199.564
355.446
45.9844
338.899
13.2746
319.503
93.426
272.738
406.096
258.791
15.0202
176.038
17.1727
83.0105
403.004
7.59509
105.797
62.1627
247.672
7.33705
13.2975
6.91233
19.0415
75.609
413.256
317.569
88.6404
380.91
273.105
232.282
208.738
266.411
185.564
98.9788
10.1932
27.4571
10.9685
393.626
267.268
8.18526
209.133
74.9784
17.503
248.288
78.4115
407.582
84.8135
368.025
47.6863
289.798
409.316
20.5556
15.3754
321.744
344.618
18.6731
59.1133
20.1395
436.36
66.0879
148.545
171.869
347.589
57.3585
132.277
251.121
23.4069
8.46399
6.65248
348.386
244.772
51.5988
52.989
4.3049
62.2432
159.649
81.7842
4.77029
148.515
298.319
418.061
95.4128
52.8713
342.975
12.3393
19.7771
382.084
185.285
241.789
141.881
237.42
329.903
400.972
21.8145
27.8792
200.356
69.839
386.917
324.238
223.555
526.734
114.492
141.117
15.669
17.777
15.2205
10.8346
31.158
202.752
264.652
20.7891
5.6451
336.816
11.2386
179.842
59.2227
248.989
14.8396
381.25
364.752
17.3873
26.2704
235.154
10.1609
71.4803
167.769
229.271
293.733
348.428
489.636
13.2028
19.7558
16.5405
20.5342
6.95447
254.786
11.7288
108.484
7.87537
261.876
186.906
118.806
92.2892
12.314
10.6048
505.237
408.213
24.2688
542.443
372.03
573.029
24.4784
73.2951
22.6872
243.106
283.705
365.328
23.1305
201.543
487.353
18.8928
86.2836
10.7334
299.665
267.004
313.423
63.8918
160.36
249.503
59.5486
64.5283
368.22
283.306
6.13433
352.393
213.014
284.837
29.6106
364.985
517.83
424.786
10.4218
138.329
-1.16942
355.338
243.585
279.534
161.014
5.51347
23.5074
21.5878
310.817
518.594
296.921
242.286
14.2214
70.8079
14.7654
247.633
440.212
271.246
84.3793
135.818
18.8466
287.173
269.151
13.3665
15.0698
267.01
211.812
134.254
106.426
45.0036
104.427
24.3243
22.8837
178.672
277.487
487.027
487.463
241.694
35.1891
24.7471
14.2019
59.537
162.22
29.4693
20.2063
200.801
252.399
332.94
18.1982
19.4548
10.8451
258.632
389.052
441.895
208.74
170.37
230.825
479.372
487.677
86.2548
22.351
293.108
172.226
117.894
443.565
19.9222
17.5118
18.1817
372.736
343.224
461.908
13.9078
232.224
92.5109
265.524
390.511
13.7427
18.7637
13.753
333.693
109.092
244.134
144.445
19.1174
524.078
18.9648
14.5816
407.165
28.005
317.494
433.451
14.2903
12.1794
35.9025
90.8297
457.54
161.615
17.8097
18.276
296.082
31.2342
302.146
13.716
44.4439
82.5558
14.5719
170.214
212.919
186.16
94.12
422.723
9.33869
87.4625
166.981
176.372
213.625
273.096
249.957
69.2387
173.337
190.681
480.805
20.397
267.996
276.621
199.53
91.1609
115.832
205.073
191.249
46.9929
8.86389
241.983
311.28
246.037
185.781
165.018
98.7936
251.164
80.626
439.554
15.6029
71.5653
89.5255
231.265
12.4135
16.3116
211.288
20.2697
18.1496
20.3459
33.5228
141.881
374.738
19.9399
68.4012
493.653
240.191
286.881
187.046
91.8156
21.0506
154.266
9.88099
5.39399
204.94
31.1834
12.3009
37.7424
169.178
175.537
19.8005
369.247
6.59711
150.845
69.9838
235.463
17.1338
12.6024
119.601
367.289
14.934
34.1668
552.128
4.77449
15.9025
203.466
19.5492
267.56
281.079
15.9809
346.331
9.05435
155.326
113.621
428.409
9.21249
16.9519
121.203
128.649
21.5418
74.2617
6.07574
100.169
45.9207
23.0363
25.5696
18.7319
25.1153
33.7925
23.7705
271.046
102.877
15.3743
461.086
11.9185
28.3164
144.353
25.7745
23.1268
525.243
51.4643
17.1579
12.25
24.0495
249.09
19.2932
319.138
128.937
6.72137
26.9154
244.464
12.1046
74.3727
10.2914
548.813
135.575
272.742
6.94455
467.804
21.3769
392.114
20.1932
289.605
11.7589
14.7269
22.6925
31.3858
92.2372
9.11602
254.083
56.9444
18.4374
209.704
379.14
319.151
21.0586
131.844
162.821
80.6254
401.074
21.2006
16.8353
98.2272
16.0282
6.05072
7.97117
378.566
125.061
96.7222
71.2027
205.985
19.753
22.7312
221.144
55.0855
21.7726
392.826
195.901
5.05568
105.628
393.177
94.0423
4.96604
133.625
89.6363
298.577
148.614
19.3743
225.893
208.714
320.18
414.67
63.6346
400.062
337.069
291.794
81.4633
19.9302
91.8021
458.985
90.2564
430.206
6.32759
113.666
46.1183
291.842
275.976
14.3733
7.87428
19.5766
15.8543
14.2101
250.151
126.53
69.3903
499.34
18.7532
168.093
11.3815
130.204
27.0643
7.53027
226.564
539.796
61.5225
16.9817
487.681
274.027
18.21
22.7753
20.9296
309.302
72.9702
39.7702
107.938
279.212
210.857
372.886
18.3309
478.969
105.783
14.903
57.1667
19.1787
128.95
282.021
260.0
113.877
11.1811
12.6533
263.6
350.411
18.1085
13.9569
470.293
56.0828
18.1326
17.0789
238.158
16.5939
250.445
193.545
5.78888
11.6382
46.5822
252.761
13.0565
256.96
249.373
7.67277
357.59
67.7753
19.6045
9.41547
249.77
442.916
5.91077
381.901
343.559
368.156
162.493
271.694
297.191
370.949
15.7612
3.68497
447.464
15.4273
14.9016
12.0441
8.31138
172.854
491.135
20.8111
12.0035
344.106
180.526
20.8612
219.485
205.38
17.6571
122.857
25.723
22.7053
21.0025
196.221
298.844
371.015
19.1095
540.685
123.997
120.283
100.863
480.15
157.177
15.5907
59.4121
6.04949
490.92
170.432
172.028
189.016
220.121
296.094
37.2962
21.8241
9.10393
328.643
105.074
4.09568
407.156
7.95031
14.0181
12.5508
94.9988
203.291
186.059
142.671
6.57098
419.789
437.822
322.44
415.531
148.852
514.171
47.904
10.5514
116.487
195.926
341.622
88.6855
22.5242
13.984
50.1097
455.487
21.3031
12.0272
18.7119
22.1601
23.2597
470.466
230.689
380.348
215.072
448.289
13.3788
521.278
43.5002
20.2983
7.77958
193.055
150.115
19.5072
194.145
18.251
221.47
116.997
112.194
12.6095
10.5949
539.256
157.93
12.7373
23.6292
83.6988
147.76
500.026
225.414
268.453
450.193
250.505
17.6952
17.385
55.9597
20.3274
231.432
429.165
349.604
180.423
368.88
201.793
247.037
27.0048
21.3389
337.881
192.995
212.642
22.8233
34.9173
19.818
24.9258
17.0618
373.951
26.4182
315.457
292.084
20.9713
315.418
21.1686
19.5416
21.347
16.0055
51.4476
261.162
182.774
10.3274
42.1571
333.574
5.43066
520.844
15.0747
157.912
313.661
85.5551
255.76
9.06859
509.003
151.152
245.454
20.6544
223.685
14.1475
426.705
16.7453
458.304
33.5167
105.568
8.48323
483.186
180.458
39.1902
329.446
136.371
158.104
18.2525
79.4081
15.5971
319.157
96.5067
135.371
79.4252
144.377
113.047
7.18318
251.849
10.5757
132.402
17.095
254.328
418.677
8.99996
20.2097
7.4064
349.263
149.574
193.546
190.63
18.142
152.468
55.8633
43.1039
8.51563
407.039
158.424
30.9856
91.0266
41.9897
60.8376
20.8665
27.3135
18.8983
388.454
25.3978
168.894
475.322
147.103
404.478
299.521
283.83
303.032
67.0564
234.122
16.2826
481.612
332.966
8.72387
399.947
165.395
20.3652
293.226
129.928
144.911
15.0645
8.42856
156.448
500.307
232.948
115.713
5.68403
253.951
552.013
449.053
59.8082
253.313
19.1793
19.168
116.916
193.255
114.917
391.078
330.018
265.872
9.28212
11.1161
8.76483
87.1473
5.39046
189.269
106.938
72.9093
85.2095
383.247
304.664
95.8743
41.8769
5.31595
24.4832
236.353
20.8185
18.7978
324.926
15.006
34.7687
279.96
8.45505
13.2523
18.7983
20.5536
189.271
490.38
19.7931
50.45
52.0513
101.126
173.179
154.77
265.933
7.8812
377.947
323.297
354.331
128.798
470.256
6.01214
167.94
95.211
137.671
14.5773
170.009
218.424
106.245
63.6023
299.638
181.482
67.0133
23.002
115.195
105.63
354.822
88.4325
10.2136
310.608
569.567
401.383
4.51745
173.038
23.0284
207.909
92.2536
296.929
519.292
387.837
128.725
24.9748
374.811
247.247
433.611
31.7899
26.6259
434.801
24.3747
17.3862
186.973
64.6297
110.466
19.6043
378.305
258.132
176.152
18.0455
14.1645
240.024
23.7904
103.287
19.3635
122.354
65.1639
7.32979
37.6204
432.359
77.1267
8.93926
404.626
144.338
15.9296
296.725
24.0213
456.542
379.414
8.81298
51.1627
28.7977
46.8767
226.498
259.872
312.498
371.137
299.484
21.4576
42.6556
336.062
460.194
180.242
9.87736
281.425
87.8463
86.1794
360.678
188.738
148.402
18.245
464.683
20.3547
47.4564
170.865
206.846
30.4463
449.045
290.987
9.98194
207.62
18.4743
112.435
274.26
165.823
24.9075
14.0414
20.0664
257.384
403.252
247.383
59.4987
21.8481
181.016
13.3674
196.852
9.16007
316.307
17.1012
68.9921
23.2259
18.6506
25.4508
470.797
325.747
12.9303
76.2658
17.0399
378.161
303.154
265.62
347.828
351.065
224.488
21.6161
272.279
11.277
7.49052
284.986
390.138
213.0
40.3957
119.009
17.9697
456.75
297.067
134.203
109.023
374.666
4.73287
216.687
179.053
155.259
19.925
476.176
8.94466
240.949
450.742
329.999
218.218
3.73136
17.1758
20.6896
48.9086
10.4038
22.2979
193.477
4.3714
22.3331
23.7628
16.9553
51.2033
310.668
226.335
77.0663
20.7431
15.7273
552.668
301.868
18.3963
377.868
21.8398
23.8167
338.163
367.545
20.2868
11.0897
21.4582
109.8
31.6752
334.563
59.5716
121.151
213.487
340.186
324.051
267.88
18.663
205.111
121.178
75.0647
15.0648
238.827
184.728
160.791
21.6277
494.566
310.103
342.444
262.024
31.7826
147.168
245.56
243.696
189.747
589.377
250.553
186.524
246.163
168.33
421.133
65.2034
34.9712
235.719
152.481
19.6851
11.8845
292.13
27.7009
10.0038
338.879
82.5847
276.204
14.8074
365.684
279.633
17.0333
20.7772
60.7509
14.6956
203.836
132.247
207.991
438.567
450.016
278.869
45.6075
508.879
444.382
29.3624
19.2294
260.229
474.974
14.0422
192.421
349.193
24.1842
249.352
98.2136
292.336
13.9151
237.506
324.919
85.1352
19.2761
332.42
50.967
19.3749
108.402
17.3546
21.6238
21.2596
92.9592
20.3811
49.9168
112.792
45.2741
264.858
219.488
405.861
281.11
327.627
19.4443
15.5948
21.0267
113.38
26.8294
359.345
72.9515
335.098
210.584
108.361
9.33126
7.93728
108.732
210.956
56.8395
22.1399
16.886
23.4936
315.564
338.859
297.178
19.5766
206.451
25.4894
18.1262
19.1474
113.123
177.69
19.8191
6.69115
175.725
19.6205
113.898
8.49634
221.956
355.369
19.3312
304.4
506.517
327.231
412.033
213.627
283.821
210.141
239.948
8.85722
71.3066
7.92471
128.776
191.122
326.291
94.2527
310.35
496.968
10.9306
128.795
13.0207
472.399
2.16409
221.961
59.7173
11.3554
394.755
130.237
209.131
185.077
123.889
39.8725
397.67
185.787
345.427
17.8371
24.4505
101.547
210.779
22.6355
11.7226
109.143
375.564
26.1215
311.842
148.67
358.723
16.1696
113.393
19.6431
21.5444
181.998
18.9553
25.4736
10.1166
17.5082
38.3203
16.5982
19.3178
13.7254
167.501
66.5007
152.978
126.794
147.674
369.015
319.7
61.4919
375.954
142.73
171.426
350.54
315.917
294.024
161.023
146.289
61.4146
443.928
181.334
81.5692
213.005
333.87
336.72
273.751
11.749
437.543
36.1117
237.377
15.7974
360.653
391.358
127.425
285.803
11.2201
21.2378
14.4641
13.2063
469.733
582.699
317.477
36.1246
19.1041
512.872
93.3847
59.0715
83.8281
18.8824
67.1158
17.7122
210.286
168.093
206.326
237.169
17.9883
159.409
173.396
322.243
120.533
137.611
330.585
18.8482
21.0798
22.9466
133.786
209.418
159.556
22.0025
308.411
128.6
231.329
202.056
27.9592
164.069
217.192
182.224
61.4052
269.138
383.713
15.9111
107.846
186.54
104.329
351.401
8.43866
43.4379
13.5247
35.4272
150.827
327.141
424.743
22.3317
248.643
72.1393
16.5623
136.546
197.258
24.8452
189.909
14.7641
10.7269
169.794
297.264
19.5472
511.165
140.624
411.507
192.402
212.026
441.854
38.2663
9.31628
21.4494
41.1218
98.3355
17.5329
118.621
22.4376
130.779
102.208
221.475
363.821
22.3556
63.7437
156.695
14.754
202.33
52.3854
135.756
2.80482
231.782
207.185
296.899
65.7289
103.884
9.5325
21.7016
20.8339
15.216
308.713
19.83
80.1917
162.621
404.256
208.853
287.476
59.634
9.49361
336.991
145.474
25.7747
107.231
175.282
302.898
23.8344
182.03
43.7255
28.3348
380.433
352.858
14.2282
63.5725
10.7633
37.9626
393.298
11.6139
47.6935
103.993
74.4358
17.1856
15.3672
474.488
262.964
249.383
9.88953
315.748
255.673
317.217
335.705
51.9411
487.162
500.184
149.413
187.654
84.4267
118.183
74.5953
46.9104
24.3792
26.2007
341.024
21.5996
43.7011
254.104
11.4185
19.3049
234.102
318.9
12.98
447.488
8.07648
92.6542
105.74
17.409
24.4828
373.807
5.98515
399.339
286.297
22.6126
12.1877
35.807
423.567
369.703
16.6428
116.3
16.7893
280.128
24.4103
71.2301
15.4894
13.4651
31.643
295.524
176.353
23.1047
171.027
12.4387
214.514
43.5777
101.504
462.567
18.8459
25.829
70.7012
201.176
61.6513
439.836
300.474
18.2306
102.869
23.3297
152.471
280.019
354.336
527.727
134.745
63.3057
430.967
0.0473075
173.494
337.547
485.197
251.182
8.03325
53.2996
14.9277
298.666
7.597
256.092
373.335
24.5405
25.2043
361.664
9.90349
538.357
36.4227
536.247
200.858
290.64
24.584
276.538
18.2248
72.7499
167.227
470.417
201.975
13.2021
64.0174
248.137
57.741
279.547
161.572
15.132
223.777
458.487
260.956
18.4725
311.413
14.7032
556.881
61.3347
96.7522
13.7551
288.941
17.6179
77.6598
16.2429
13.2813
118.909
23.547
14.8226
76.9047
14.4417
103.281
18.6086
183.533
339.224
307.978
407.613
56.722
6.54775
273.313
203.148
19.2485
73.4749
383.23
464.196
8.3778
62.4579
6.23504
555.762
176.956
302.884
266.549
21.6077
203.466
304.759
19.5838
20.9205
173.893
13.4067
87.147
129.807
16.7186
78.5383
120.608
283.225
11.2109
274.043
21.2681
47.9402
20.4311
114.134
13.7447
213.294
170.702
400.622
287.818
132.89
20.946
15.3388
16.1366
294.262
481.144
273.15
390.095
421.657
19.7222
162.497
562.637
166.144
13.5337
247.701
21.1968
383.277
15.552
13.7492
17.677
14.3402
28.8159
9.49925
35.077
22.2563
18.5125
303.909
139.016
15.9114
12.7029
562.536
159.73
74.8373
15.8133
194.32
19.8902
420.858
463.263
42.938
501.769
17.7794
125.643
16.2629
332.775
47.8016
540.369
135.691
22.8759
108.762
4.80748
278.636
93.3282
74.6494
328.838
227.897
20.7129
420.024
15.2304
11.0799
450.3
29.8922
51.676
14.8728
195.791
129.661
53.6162
149.016
201.859
37.9955
56.895
92.938
219.025
248.907
136.771
367.53
177.082
14.8104
8.48024
14.8588
27.0481
411.442
288.567
233.855
17.3337
200.088
63.2148
21.6335
348.668
292.76
10.8929
379.395
14.7863
21.5354
82.4206
10.8003
6.01317
24.0408
8.29756
468.851
6.49372
135.192
354.448
223.588
18.6844
14.9555
176.924
5.58551
399.361
117.795
365.841
30.8648
140.64
438.686
22.5707
22.9041
322.812
267.367
9.75085
242.531
15.3747
338.647
19.7936
-25.295
337.92
9.90837
9.18244
239.012
11.8542
571.646
164.147
341.774
236.688
21.9522
371.761
271.942
280.741
8.70854
321.39
19.2522
20.1515
11.6848
29.1886
334.026
132.799
536.703
502.626
23.413
9.57217
457.964
88.0237
238.05
279.723
32.8186
272.075
21.3942
13.637
139.454
405.477
23.6315
127.621
229.838
554.263
147.046
394.741
15.817
104.009
77.6485
39.4858
293.704
19.9752
469.429
-2.82908
115.651
206.005
90.1934
435.633
56.3181
14.068
49.3354
24.2882
152.736
121.357
250.34
22.4029
275.829
94.2947
82.9903
20.4929
75.0378
84.1312
87.6533
52.0371
20.6595
429.644
97.5421
173.943
106.506
98.497
13.0723
148.675
125.293
14.2991
74.5461
496.859
189.918
391.943
14.9155
23.7247
463.439
99.0964
24.689
9.80804
94.8153
97.3483
222.524
21.816
14.828
14.1103
307.038
163.573
5.97828
303.439
18.5749
169.967
215.324
20.6609
310.155
26.3063
127.429
544.789
360.78
4.80942
377.155
296.496
239.289
12.687
155.493
14.7575
21.1935
228.653
318.785
509.179
12.6538
295.085
203.436
364.044
7.22447
302.768
11.4118
18.5042
23.5129
23.8158
13.2905
340.106
20.7509
47.3822
471.43
353.832
18.5494
108.014
459.398
217.75
7.92826
364.439
367.077
14.5137
181.845
209.895
241.302
233.424
310.93
20.17
92.018
11.9682
13.3718
532.239
3.82411
12.8543
52.3198
33.0149
140.955
20.6164
293.978
222.748
17.6103
17.4249
227.464
15.4311
132.279
465.726
338.049
203.782
141.734
202.173
252.185
89.9168
21.1801
20.869
15.1448
17.0105
130.503
15.4306
226.217
278.065
238.944
356.522
523.304
275.916
449.302
16.9786
387.609
251.16
24.8486
434.714
281.564
22.2943
370.129
46.4334
351.496
15.6703
228.607
443.022
259.109
12.2585
422.879
393.628
418.912
12.1547
10.5532
39.2021
15.0165
259.891
353.133
468.952
19.0608
16.8457
56.4798
60.6576
128.648
57.8878
204.711
23.407
245.562
6.68824
98.0891
364.52
319.515
105.922
8.81839
333.398
72.5818
114.428
123.297
30.0392
45.2478
285.816
98.3775
8.98433
248.16
14.6836
68.2884
173.558
146.587
263.488
557.052
425.267
15.2005
201.173
218.028
12.1468
15.0932
184.221
209.916
68.3879
170.395
342.93
18.1063
259.446
133.212
160.105
11.1418
136.103
190.377
327.004
183.108
22.022
49.6464
115.75
330.44
16.4353
7.86944
218.476
58.9538
11.123
17.0685
287.915
26.3927
109.078
14.0929
381.444
238.464
10.06
23.8981
466.082
305.721
186.626
25.2429
254.286
19.7902
90.7862
70.3671
12.4702
12.9028
14.9573
20.6215
5.5806
23.3628
20.0908
15.5361
246.901
447.544
575.161
118.189
20.5094
399.34
512.711
5.60299
94.9757
10.7509
328.161
173.404
268.619
320.971
7.56119
22.0565
127.783
412.013
314.733
129.715
103.247
26.0979
31.8797
179.875
357.985
366.529
310.281
483.138
321.845
280.344
228.513
394.914
19.3928
56.6799
96.0562
306.323
118.82
512.755
19.6386
18.1992
10.7963
96.1552
307.41
16.3614
211.288
9.52353
8.08833
21.4445
140.737
64.1101
210.146
17.6673
365.503
526.537
166.128
73.8154
330.41
15.9328
0.443508
4.62877
405.297
15.7839
6.69573
16.9575
343.351
119.175
15.3425
222.862
498.037
265.061
6.50584
162.674
9.12396
7.85379
188.917
10.0925
212.036
143.282
128.805
9.61005
502.742
27.0865
354.533
86.6577
176.122
274.035
398.559
376.151
15.9402
17.1441
393.318
10.9282
11.3253
298.553
154.459
4.63271
19.3028
76.9026
218.359
15.952
224.446
215.193
27.1852
21.9405
92.7416
17.2959
272.946
12.3453
323.375
11.2298
11.8484
26.4495
12.1712
9.09983
17.5252
263.237
12.4128
543.415
18.7146
49.9937
294.438
6.69562
436.107
250.15
335.434
6.48853
210.292
16.4465
88.4581
435.949
181.395
9.9362
192.243
16.7162
178.147
45.8623
331.454
229.041
128.409
317.463
101.628
21.7893
274.416
81.4143
293.02
249.939
69.9812
0.864256
22.5881
12.5867
250.091
168.127
339.823
11.3373
15.9219
468.746
205.79
303.919
12.953
405.324
351.568
372.75
312.055
319.7
21.0372
221.002
200.544
24.5085
346.8
186.167
100.571
139.575
98.9966
273.056
30.0441
171.0
26.6084
195.594
291.657
45.9025
45.1613
510.491
344.463
24.0546
328.262
203.905
28.4229
20.0191
16.8146
319.265
360.78
317.455
15.1713
410.713
454.866
13.2435
15.056
341.719
228.465
19.6174
12.7729
86.5338
399.504
14.0293
31.9453
64.3563
45.2173
524.048
100.992
77.2152
207.707
18.907
23.5857
247.129
5.05353
162.251
15.7024
180.274
155.112
316.77
15.8404
373.9
16.7361
27.3557
183.481
22.0612
436.714
323.564
18.1833
189.068
4.94716
124.655
14.0183
39.8121
4.98155
31.2981
20.4588
542.966
141.11
5.0015
138.546
27.2102
309.874
119.707
14.021
270.817
132.518
167.008
74.0279
8.23459
308.499
238.863
142.085
305.977
305.429
389.012
121.648
10.6779
411.633
553.872
204.538
357.805
489.947
273.605
10.1704
468.856
19.965
279.539
511.642
41.06
40.4202
78.9013
22.4122
147.734
337.632
406.498
428.749
7.99617
157.488
16.3467
9.74977
118.124
322.064
67.57
286.139
18.4577
22.2412
354.661
22.7822
8.72318
151.295
28.3749
44.4326
10.7802
19.98
22.5846
14.124
15.9223
7.15
10.0712
22.2306
29.9482
13.7196
318.345
118.143
18.5787
18.3046
94.8692
122.469
532.018
284.583
262.236
281.504
24.6918
17.5598
6.02474
358.649
444.361
166.295
9.46686
268.051
230.474
293.388
424.168
20.0966
150.786
20.2798
224.331
275.072
138.726
298.116
67.7551
145.116
11.4825
370.161
8.83433
255.323
302.633
445.067
9.29923
180.077
518.211
477.954
22.2969
210.901
220.296
87.7439
17.3024
452.859
381.372
12.8157
55.0171
345.397
121.39
405.298
40.8854
454.935
17.2983
25.843
9.1405
289.11
129.577
529.006
416.984
165.18
12.9185
7.7027
13.888
14.1211
9.95693
112.062
12.2986
9.78443
254.974
282.227
259.239
18.769
551.374
15.5123
134.78
14.7562
114.857
219.982
531.346
11.7861
327.754
350.656
522.438
15.4335
171.783
42.2394
180.928
10.1885
203.609
20.1754
240.682
15.3628
317.932
24.8864
85.241
66.5587
391.119
64.0101
317.423
509.756
396.418
8.91959
348.721
24.0953
159.73
141.53
20.614
376.445
315.693
284.509
12.7669
60.4283
12.7669
158.288
14.5395
86.0321
14.4874
22.6563
134.432
102.792
261.064
108.056
445.442
125.143
8.45829
198.375
310.938
5.18476
15.2056
300.252
17.3975
11.8523
352.482
7.84562
6.81099
473.147
276.558
20.9664
11.549
283.155
15.665
207.904
129.696
279.432
231.611
156.782
6.55928
220.291
274.877
39.8564
9.14114
380.118
18.6055
475.945
13.0375
12.8033
208.524
241.723
347.442
79.0082
119.064
11.2928
127.813
208.944
15.2467
10.184
5.09123
21.0256
339.084
230.318
22.1567
498.717
285.467
18.0238
5.45366
281.591
510.282
283.241
283.517
18.5969
250.065
157.722
19.5626
302.688
277.342
252.326
136.093
13.1166
247.754
24.7813
34.198
123.992
399.867
167.931
217.796
17.1498
213.362
18.8219
308.592
15.417
8.59668
7.59323
118.601
370.223
118.206
95.7957
221.733
383.012
3.44847
4.5605
19.6267
218.454
319.877
304.303
52.8056
145.009
5.69174
14.5489
233.496
187.578
322.803
11.2371
239.665
363.366
250.541
19.626
18.5557
136.361
17.0806
71.9521
247.759
42.0998
360.077
212.43
192.689
43.7514
13.7805
125.504
150.877
28.4816
23.0705
5.89394
461.336
209.714
225.851
167.044
484.633
19.132
10.1655
13.8885
305.534
58.9446
204.047
16.756
19.4374
305.718
104.865
172.986
17.7588
46.3352
21.0212
316.637
20.8417
252.206
48.5715
45.4464
69.3031
235.332
520.75
61.9527
180.239
22.3845
38.6962
250.646
16.0994
162.515
84.6336
61.8204
256.293
232.536
313.069
309.914
331.655
281.473
457.632
311.582
27.6896
7.67019
21.5333
127.214
414.356
118.016
167.756
297.817
299.971
396.931
9.70972
218.538
5.19676
13.2671
236.45
11.6446
12.8834
172.494
366.098
24.507
60.4979
13.9639
211.453
125.522
213.983
435.91
9.03749
250.109
431.158
284.805
17.194
245.076
6.56081
182.066
357.645
146.739
14.039
445.034
314.341
84.2677
181.247
192.819
375.341
7.53191
11.723
232.593
94.4214
120.168
239.373
22.3362
205.913
132.91
220.15
157.734
6.0205
134.699
190.559
355.01
416.859
51.0229
354.492
209.162
9.63307
82.9187
427.462
70.0902
264.404
11.158
135.575
354.951
19.4789
21.4532
29.2221
244.335
229.704
246.272
291.938
51.9482
14.332
205.248
150.167
559.007
459.336
155.667
24.0022
388.75
15.6211
172.724
438.481
14.6038
82.8257
30.1584
6.24149
539.533
224.4
181.377
323.629
16.6855
304.525
19.5817
15.4239
53.3945
398.247
214.803
395.135
21.2902
19.9507
406.666
19.3037
524.446
13.9144
11.5634
214.925
336.049
320.664
269.359
349.944
10.8014
386.979
55.7287
299.877
338.676
49.5107
20.4501
203.44
508.383
297.912
333.808
19.367
258.097
22.1589
73.1469
351.095
528.544
244.866
22.7488
82.072
18.5356
169.531
244.03
309.92
11.3874
13.0425
12.5291
13.0548
131.431
7.36104
95.7867
407.586
48.1836
7.3773
343.114
363.879
280.19
388.78
150.556
58.1246
16.3393
22.0851
21.4735
120.958
318.123
138.61
5.0102
536.639
15.8294
12.4646
403.2
179.369
151.485
436.557
10.282
297.231
15.5645
223.78
11.5614
60.6224
46.0373
140.785
266.415
46.6533
303.67
5.31436
9.63313
449.654
235.164
385.842
27.9498
17.0021
132.08
373.875
9.83833
380.201
17.7452
301.22
26.3407
369.254
19.0942
193.877
20.7851
406.699
320.859
440.538
103.633
173.552
318.069
197.225
20.0297
176.743
286.241
320.419
41.7665
148.936
19.4524
298.392
110.706
13.1804
279.952
142.059
201.627
413.364
306.813
329.516
25.811
157.631
19.5359
254.667
355.342
136.017
88.0292
191.098
181.017
556.841
20.6643
113.572
527.229
21.0355
200.664
19.9933
201.691
21.5804
90.359
34.9746
22.6461
524.903
17.6756
534.644
204.959
9.66476
559.023
13.9885
24.6819
32.9985
13.8204
130.254
10.7025
104.755
300.554
16.7542
193.58
151.611
31.7707
267.876
390.406
343.96
173.315
82.3691
460.533
206.249
106.254
204.117
230.338
7.13012
408.181
20.9547
443.863
140.715
343.54
79.4491
19.1446
305.483
346.066
207.6
11.6432
12.7194
69.5201
197.612
197.041
527.303
173.127
195.86
12.8548
53.7142
394.674
20.6103
250.979
433.6
506.77
225.365
308.342
9.98234
194.275
145.367
186.553
23.1123
89.6265
15.8677
406.576
186.795
9.46548
370.179
23.4911
244.958
14.4547
6.85294
57.7603
16.6097
171.302
151.125
245.357
122.386
153.835
225.631
109.191
23.8626
274.498
13.586
269.333
102.112
13.8577
241.493
493.972
18.4102
6.49621
350.715
34.8392
15.3885
17.6332
283.714
13.5548
61.0709
11.6115
178.434
62.5847
18.8813
12.516
16.0956
4.63207
18.4724
148.34
333.857
137.322
21.8257
5.63882
78.5416
334.659
78.4205
182.901
298.658
107.64
9.95283
252.905
11.391
215.684
276.503
230.023
504.34
14.8913
266.005
503.93
19.0968
11.0424
4.87303
312.253
18.2262
31.554
223.441
174.886
33.3023
340.945
199.207
6.13101
341.141
287.389
311.169
12.7521
20.3544
18.1761
-5.47144
16.1169
135.833
10.3204
17.9487
15.8965
251.682
477.679
236.291
282.129
11.7036
367.653
253.53
16.6151
22.4323
170.851
123.138
187.787
21.2133
240.264
9.32455
234.69
95.4287
136.686
14.5196
14.4076
20.7722
461.744
18.6672
247.732
24.3986
5.54613
5.85921
22.3168
21.1518
84.1561
146.914
91.0954
182.0
69.6829
49.4559
150.841
37.2503
15.0684
230.22
7.90871
503.568
462.816
22.4756
31.8159
17.2818
159.3
113.98
250.999
149.866
21.4539
409.7
11.1307
12.7201
6.66309
68.4048
323.163
13.9994
406.687
433.085
22.2792
527.036
13.7906
21.8339
297.111
157.061
18.2411
183.387
119.004
237.177
322.709
79.3416
203.585
361.399
10.1288
14.4877
139.632
119.655
157.714
10.0847
140.346
178.277
68.9743
21.0578
29.5587
28.4597
342.336
524.456
-53.2034
9.42102
231.757
32.3871
552.14
308.991
11.7499
8.60237
311.283
17.9156
339.077
15.4132
62.2903
9.08322
183.179
251.144
542.36
19.3012
17.1209
24.1155
7.33607
6.53641
115.997
211.662
12.2092
241.023
198.398
263.133
206.373
190.85
17.077
81.8926
17.1332
388.937
105.162
378.248
24.4674
390.329
109.406
13.2356
18.0485
48.9484
231.403
236.063
191.911
11.4986
12.3125
229.074
135.489
457.83
20.3721
211.121
16.4676
16.7467
441.851
34.1933
524.939
239.544
84.5894
89.1661
383.566
82.6929
382.776
145.837
7.85901
241.004
10.104
156.905
23.2843
206.929
7.66852
11.6685
175.359
15.2588
96.4257
234.814
72.4465
281.943
26.3878
8.11942
22.3179
162.041
341.399
18.4803
19.2959
466.434
267.559
486.735
18.8205
207.873
13.9807
24.5709
422.953
226.572
408.555
17.1024
261.027
207.912
174.408
18.1114
271.239
16.6408
110.77
321.347
148.062
315.177
20.5566
90.8633
32.6266
27.0198
16.7381
22.9587
248.06
109.183
428.972
242.405
17.441
443.594
298.403
13.944
245.214
254.953
11.7519
87.6436
122.735
38.3439
357.69
18.8658
335.422
156.934
65.7753
355.578
320.965
21.8665
151.259
468.135
46.4772
324.866
20.1095
283.784
48.3665
62.7056
319.641
468.779
170.775
244.108
17.6517
129.025
88.7469
17.4214
12.2693
20.9197
28.1411
172.317
21.7766
289.662
451.143
7.70128
17.3288
317.096
116.893
234.192
15.267
18.2763
21.8972
116.037
20.3057
21.1215
208.966
107.613
21.8645
247.16
215.303
335.517
310.046
42.0182
385.834
15.534
22.5494
23.1315
20.2172
10.1333
194.08
224.676
456.105
231.293
290.049
6.16206
14.372
156.682
70.6136
11.791
302.882
21.603
329.626
466.612
431.057
258.523
16.2934
15.6692
343.043
233.981
177.759
298.675
73.5042
19.4866
119.836
154.281
17.6691
469.053
136.945
12.8144
10.1518
199.75
168.881
436.475
85.0274
511.418
337.881
22.8919
219.915
80.4151
306.064
255.427
541.699
174.775
31.691
14.5023
31.7579
146.632
442.229
295.739
384.318
326.743
404.608
13.7976
23.584
405.938
10.1854
294.68
43.978
272.925
545.679
209.694
349.447
382.225
287.684
17.6514
9.13822
12.4422
268.497
411.798
375.327
245.262
7.99887
8.02491
9.8783
390.104
422.502
420.297
366.393
20.2111
471.2
15.2813
11.5968
189.219
401.627
331.281
392.209
205.42
121.395
19.7681
74.0427
241.141
164.131
13.8837
379.791
315.425
50.2331
93.9789
253.898
3.02688
149.913
172.105
18.6055
121.151
6.48854
20.187
19.7577
16.4184
14.7395
453.748
289.101
34.4904
205.778
16.4874
10.8544
71.4396
0.638609
270.689
75.9456
59.4573
206.191
206.592
23.5245
18.8779
416.467
401.868
31.8791
10.35
112.775
261.779
453.839
170.295
222.571
437.314
273.81
15.2247
17.2005
6.26229
18.0949
131.859
8.66766
10.9069
22.0131
92.0409
100.766
71.6881
384.948
500.904
67.3751
410.342
439.015
203.34
9.67052
135.331
8.01426
22.4878
561.774
58.8755
35.6589
5.33359
15.147
468.501
508.237
9.39141
56.1402
17.8247
96.0629
25.0722
18.9127
7.70503
18.3183
320.744
239.603
194.916
340.385
10.0916
17.4798
9.60043
272.821
129.088
96.966
276.636
174.618
109.86
18.8127
314.929
19.4003
355.889
204.485
324.18
183.208
322.219
258.347
24.3996
492.852
12.7073
293.061
25.151
144.961
308.218
19.4192
22.9826
9.78123
269.511
83.4906
16.596
348.786
17.6583
13.7145
15.9074
43.231
19.9763
541.81
256.365
243.728
14.0349
433.465
313.54
221.252
35.0758
69.1676
383.264
127.542
8.93327
47.8937
6.56666
17.368
394.955
229.191
213.931
193.702
519.755
208.763
6.78118
12.0658
120.845
46.5702
17.0063
227.816
157.177
344.654
7.00657
13.5859
77.0081
18.2034
21.4928
25.6425
17.7078
291.246
13.9498
7.28108
198.437
30.43
17.1754
329.099
24.2371
246.801
334.018
321.336
540.457
80.4855
198.082
162.02
9.52537
237.151
302.434
33.4784
24.0139
13.0792
22.6996
78.104
23.1358
195.434
253.978
453.585
141.871
6.2491
80.5114
18.6062
261.99
85.7008
20.5932
366.495
19.1802
244.687
19.4031
104.901
68.5934
500.888
23.613
33.4046
15.3927
13.0027
425.61
158.82
12.906
43.425
166.696
378.227
23.0923
13.2187
13.5642
11.1196
14.0747
12.4841
183.729
120.234
56.2703
22.6801
391.447
201.449
182.956
21.281
276.226
93.4978
538.859
328.286
397.485
250.499
11.2222
372.652
79.2429
365.597
58.9301
198.853
458.349
389.455
234.563
21.4618
196.322
539.754
19.753
97.6807
17.3088
164.239
219.328
12.3834
381.669
17.0446
212.115
168.367
18.2425
225.414
8.63307
413.519
22.0886
523.436
13.8758
8.47441
187.159
38.0463
11.0587
102.704
23.9128
4.94377
132.04
5.41252
432.011
21.4438
25.3804
83.0385
374.946
78.6393
23.9274
10.9795
534.878
127.88
8.87116
57.7373
113.81
17.0718
264.873
166.054
18.5652
354.718
476.449
287.768
21.6582
255.485
60.4607
77.8174
325.614
338.479
164.996
208.867
17.3353
41.9678
515.745
143.116
267.159
21.6251
34.5912
437.328
195.683
339.068
89.0605
395.478
26.7721
105.75
11.5994
24.6606
473.188
17.6919
17.2046
18.6937
13.6404
307.548
18.1815
21.1401
364.693
539.985
10.814
501.494
21.064
329.96
320.902
128.62
192.314
391.74
506.346
360.572
20.9702
11.7587
467.771
237.611
389.982
9.90575
23.7285
105.05
56.4776
14.3115
18.5579
295.818
24.0687
31.1169
50.4393
8.01214
335.229
11.8791
17.168
19.5628
224.077
7.97066
335.626
81.286
14.0581
215.378
19.8647
22.953
425.187
263.549
37.6525
17.1421
257.189
217.029
186.529
257.854
18.3861
163.932
298.651
63.0013
18.9553
27.8133
13.9472
268.029
251.605
501.519
359.483
30.7017
122.676
243.917
5.79588
124.604
17.8546
23.5875
308.12
478.468
309.639
390.907
13.9006
13.7108
260.595
8.6745
505.498
15.8959
279.904
17.3143
45.7772
14.9241
142.595
81.9832
26.9105
216.912
12.7673
118.858
108.325
94.5992
223.065
471.632
12.6466
131.711
11.41
212.104
340.566
350.63
108.202
8.10139
22.9272
63.5256
102.546
15.4516
128.153
96.5327
19.3209
248.187
321.634
82.768
418.075
182.396
75.7763
18.5904
300.538
10.1766
233.116
7.60107
122.679
12.2727
8.50333
57.3341
79.0692
167.756
12.4682
271.026
13.4299
14.3732
22.0891
20.436
462.384
143.645
345.814
19.7378
83.036
226.039
196.217
469.292
128.37
31.3688
398.532
397.233
299.464
273.777
80.8617
261.069
106.664
111.115
51.6725
366.747
11.2698
268.459
4.50295
174.445
12.1987
311.419
36.9319
209.001
21.1144
16.5702
314.072
71.3192
143.579
19.9235
12.4261
48.3098
146.727
17.6954
60.2504
325.482
18.0683
350.048
465.844
281.945
215.935
178.264
15.9471
12.3597
251.038
6.02334
22.2013
17.241
490.497
409.201
118.439
17.5623
313.643
221.237
99.7737
60.0927
408.011
14.5213
15.9109
22.3154
327.774
112.919
24.4335
296.508
348.673
499.224
47.0956
8.61152
32.4817
325.621
542.303
148.935
16.5295
372.02
108.329
-10.4309
87.6718
5.51763
349.325
119.99
451.786
20.9216
24.0688
79.3537
23.1382
12.6461
521.813
322.153
20.2351
451.596
104.815
497.772
205.85
15.7901
427.944
60.2076
125.482
51.0828
10.0403
248.734
18.7372
203.389
350.965
162.614
18.3917
205.786
210.185
27.0753
235.134
340.009
413.043
8.40257
103.39
9.48743
273.637
60.3161
19.526
298.115
10.2661
11.9501
17.9166
18.196
38.0471
497.81
14.91
304.994
139.921
380.969
294.976
15.4949
17.1079
11.3783
4.62495
525.912
18.5473
272.872
382.595
131.806
19.969
245.586
200.193
220.376
28.0714
332.245
9.7307
481.974
269.215
17.8353
205.13
66.101
270.677
18.8648
173.583
241.272
536.036
269.941
43.8561
86.9519
14.1293
200.335
248.806
207.138
138.412
47.8738
135.461
143.881
373.425
304.433
391.345
21.0595
172.174
188.469
147.547
208.826
12.1147
77.4327
17.3074
122.636
134.537
131.679
17.8256
273.856
13.5
290.306
374.769
9.47225
84.7614
255.108
463.857
234.097
17.3311
215.28
225.524
15.0419
67.9324
214.607
142.273
8.76726
310.476
289.201
11.258
326.892
298.536
325.477
350.894
1.51404
203.556
52.4019
21.359
22.1253
4.72758
25.6663
311.741
16.515
152.273
230.265
131.379
220.45
369.545
20.6313
276.1
468.917
15.5023
128.559
14.879
16.0946
285.674
178.974
21.8048
11.0059
15.8889
38.7359
474.908
26.5924
309.864
12.9599
37.4831
443.849
207.803
76.4186
11.1569
194.534
120.049
128.96
291.59
513.342
312.151
225.086
22.733
257.324
453.157
402.086
17.504
53.146
466.394
25.2811
241.155
347.778
204.614
267.905
311.946
23.1901
141.168
114.547
32.4771
257.301
15.46
17.3246
20.6227
19.1187
77.3687
288.514
142.475
11.9453
17.622
128.702
145.076
17.1953
221.722
58.3798
16.7604
239.905
153.048
368.028
68.2321
366.142
14.7643
352.304
241.641
38.0105
284.391
9.95539
76.0445
160.623
9.0838
17.5362
328.289
157.354
10.5795
71.3636
329.216
25.108
17.8283
234.284
469.53
16.4765
173.682
16.3414
282.193
24.6235
9.95254
189.477
440.284
28.3898
62.1582
8.70304
19.9912
358.393
11.5729
156.486
25.4778
35.8047
24.0793
375.099
16.9935
153.891
8.41171
231.015
369.633
12.1685
395.676
17.2835
19.3702
192.442
374.4
15.0973
16.7713
167.878
9.69574
170.278
431.582
183.181
10.8175
374.083
354.638
304.575
102.932
492.741
21.1068
18.1851
249.928
11.7228
250.298
535.888
70.8155
71.9682
447.598
16.7561
18.6337
26.0907
153.662
18.0667
67.1687
381.957
569.675
67.4103
32.2937
284.163
416.568
340.536
425.26
167.571
133.714
224.631
295.931
98.6864
44.314
11.2783
21.1318
145.326
477.147
9.37321
273.989
244.569
368.922
191.35
202.516
203.199
174.643
27.1649
250.306
369.544
362.741
307.608
260.752
38.2422
380.149
243.996
27.1195
553.195
127.463
12.2607
124.763
15.8583
149.71
19.0219
88.1596
15.6225
99.0661
336.527
6.96825
20.1809
450.641
139.768
220.95
55.4531
230.419
11.2023
17.376
379.651
2.82374
316.676
18.5327
172.644
553.41
88.8536
20.8334
10.2953
34.4462
29.1434
17.0923
277.064
194.691
15.0216
51.8378
18.3229
20.0384
373.983
18.8053
202.268
81.5368
4.51729
286.543
14.3441
181.485
226.425
137.035
322.565
15.2634
365.549
259.832
20.9903
20.8057
9.46391
322.257
110.429
57.114
13.8932
47.5477
14.1373
481.534
17.016
20.6239
10.1998
471.007
241.729
358.586
223.23
17.5394
292.914
5.60972
76.2699
236.761
158.984
161.781
140.995
106.281
150.73
196.882
290.141
87.5496
382.882
27.4259
350.326
121.202
326.255
446.454
78.2782
267.561
284.499
16.5647
189.478
396.639
371.194
328.266
149.275
131.004
20.2472
175.913
12.8028
246.007
37.755
208.046
238.18
244.166
178.775
10.3547
330.594
12.5319
458.793
11.0792
77.2575
50.857
23.2696
14.5861
19.2523
269.105
247.125
436.295
509.586
301.653
180.168
89.028
22.9917
205.965
74.3843
57.9079
334.994
17.6864
17.0211
25.9105
169.016
24.63
7.53336
15.4345
156.923
15.5829
13.5066
549.681
65.5417
13.7793
317.065
376.037
14.0337
14.6754
13.4665
550.655
12.4354
11.9929
272.628
121.163
175.357
217.985
16.3523
279.909
94.9153
9.44385
170.48
12.0443
149.282
12.6498
29.3534
479.096
13.6173
13.2716
159.64
10.0464
33.6359
421.219
20.2452
339.27
116.989
426.014
165.447
32.9619
115.517
16.196
9.39047
11.482
383.82
535.288
124.05
9.6517
382.913
470.51
178.475
360.039
176.842
360.97
118.206
296.813
225.672
-16.4239
17.6104
12.5251
353.716
219.491
217.374
4.63264
15.9786
18.2044
34.0389
236.981
384.563
5.30631
20.6641
269.912
9.20649
9.06951
136.901
60.4615
278.708
150.689
10.1827
225.469
10.889
164.261
13.9738
15.8633
184.536
61.7399
18.5589
11.6346
365.749
368.229
546.003
24.2433
18.3358
68.2934
26.407
249.991
309.151
21.5793
79.1321
135.253
60.0104
287.978
510.308
23.0721
12.4089
19.4923
132.452
445.513
66.5024
356.715
82.7423
74.0691
358.508
23.2943
71.4701
559.667
17.829
332.28
6.29948
20.1513
10.5913
37.0754
24.448
20.4634
19.5783
12.5103
539.782
19.4212
49.5972
371.437
100.712
25.1876
22.7547
112.453
336.341
17.1991
6.7862
370.427
316.959
355.426
4.60354
179.802
39.9533
171.91
28.5971
272.935
202.619
16.6429
58.1559
14.7897
8.57863
23.522
112.463
331.04
8.4878
288.947
212.379
83.7945
19.352
6.50132
187.089
22.2677
6.40607
559.439
8.25827
6.74851
442.405
18.191
181.133
32.3676
132.94
34.7881
322.801
20.6937
16.6228
263.467
31.0925
133.69
11.7765
20.8025
27.7045
53.1364
288.444
104.037
101.934
578.479
250.62
55.3372
7.97668
34.6756
92.1195
23.6867
22.5744
8.05273
107.529
468.627
71.0151
127.763
14.3991
23.3167
16.3492
264.174
23.0612
22.4921
21.0877
202.339
22.2891
25.2701
252.46
201.915
448.814
92.4299
369.184
20.5799
12.8556
329.551
12.9944
13.6984
97.9428
11.7662
16.4872
8.87216
74.8124
405.838
252.983
177.763
437.106
23.3281
20.0644
237.075
26.374
239.341
12.7242
147.67
21.0585
161.45
10.4863
32.3519
295.829
372.341
26.7254
249.785
513.201
358.965
21.0526
218.06
343.05
357.626
15.7736
26.7954
206.436
74.0712
156.552
502.202
546.857
288.794
160.901
365.213
14.7955
13.7607
252.207
347.472
76.6368
384.346
318.838
22.5803
167.262
324.177
71.6928
227.169
88.1666
40.3789
20.2415
102.786
84.3171
374.386
21.9553
20.5606
187.266
328.96
230.359
21.8979
334.524
9.88392
122.139
54.0894
324.402
14.8628
11.8245
23.0661
23.7811
12.0441
10.6293
261.56
283.402
21.5021
8.22986
554.997
11.271
281.168
345.514
161.06
221.306
10.6246
162.453
333.266
32.397
39.4892
559.231
526.616
15.2343
42.8141
129.03
17.891
132.487
36.876
142.123
100.449
201.858
11.4366
510.404
10.1018
13.2548
29.9163
9.83119
315.679
25.0789
435.639
17.4648
11.3889
22.0731
14.6744
19.8733
214.636
31.0535
106.412
24.4078
487.055
93.4773
242.696
15.6548
195.482
415.443
17.9128
233.058
46.4149
11.3985
289.661
560.796
18.4495
443.856
19.5098
436.237
242.787
64.9625
215.122
12.1612
203.332
19.5219
55.2128
20.5037
137.288
87.6583
8.35883
210.351
310.22
43.7762
21.3777
17.1684
425.835
107.694
25.8597
348.991
119.127
166.906
8.6563
18.2874
366.533
10.8644
20.4012
220.561
204.359
300.189
265.479
22.7718
228.83
437.663
80.3296
81.561
10.3573
105.401
320.424
369.98
215.61
262.527
311.926
268.524
10.4469
260.639
146.799
419.019
15.1063
98.5786
-3.36766
52.7953
14.4433
102.722
340.551
123.272
327.457
14.292
294.002
29.3411
16.2906
12.8659
218.605
118.99
258.209
16.4823
4.88007
18.8481
88.149
405.337
5.99383
19.5028
310.793
194.648
15.6049
17.8694
66.3463
350.04
23.0944
15.1495
14.0599
14.4127
333.934
22.2136
20.5276
10.3659
302.07
342.219
456.639
41.3791
189.794
201.837
87.4445
102.937
344.904
564.712
211.305
358.284
337.502
158.179
10.4966
245.864
88.7152
249.081
108.192
18.6308
10.6489
427.003
166.408
23.1426
167.325
165.751
402.02
15.9502
105.244
53.2964
20.9762
287.284
178.792
10.4236
421.654
251.107
21.7538
63.6599
20.8805
366.708
368.046
265.003
6.29835
240.193
15.0627
14.5668
111.193
362.048
74.8908
325.637
20.6233
190.478
289.237
283.304
207.125
9.49631
319.677
296.918
14.2622
348.616
419.985
10.5108
59.5517
19.0191
162.287
129.045
5.01258
390.921
387.256
63.1825
9.51985
237.825
113.881
93.8707
20.0179
204.689
372.666
128.796
18.4659
61.8896
303.862
242.209
176.901
384.647
18.843
215.935
134.419
80.1071
37.5659
160.283
61.302
360.937
419.035
344.458
203.308
170.421
7.13365
24.6226
49.0827
191.761
82.6162
250.491
472.399
169.3
14.596
211.239
18.3297
279.727
159.214
12.888
13.1438
12.9277
130.085
94.9631
125.334
176.882
291.879
78.4502
281.634
231.273
17.31
19.8726
140.781
18.0159
74.7379
188.627
14.5602
337.46
239.147
13.7723
41.8407
177.187
288.238
21.3159
47.0328
157.715
319.575
24.3254
276.736
300.607
282.625
218.464
9.54978
194.143
290.148
173.044
72.9222
488.528
24.6946
8.87828
15.5176
298.495
400.187
167.032
16.0415
15.6917
68.2252
304.092
196.55
24.4359
18.958
402.467
40.9938
12.0281
502.82
161.953
19.8371
111.806
188.304
131.954
303.14
323.571
339.247
451.961
10.492
104.097
173.859
88.7668
266.162
403.466
9.87321
13.8359
111.734
330.331
15.298
325.016
151.451
457.856
52.3094
128.164
13.4921
86.2548
16.1133
479.82
209.386
180.91
257.548
245.498
8.45095
235.133
54.4471
111.507
18.206
80.2534
4.89613
312.306
397.887
247.511
18.2638
175.531
11.0445
71.0999
89.8454
330.55
120.949
164.004
44.7006
518.022
379.299
8.19664
11.445
36.6691
14.5659
142.966
22.0367
106.845
24.3009
200.707
173.385
65.2107
39.6264
276.532
248.385
495.383
85.6419
8.57206
283.635
95.3597
213.489
271.568
100.154
104.946
224.596
9.59212
132.685
195.52
10.8518
60.7614
303.455
74.2321
18.6147
16.5288
185.897
20.6456
5.9702
81.1059
511.893
65.2113
26.5547
46.6199
9.88834
386.386
550.25
6.45967
61.5822
13.3918
25.9428
112.996
9.04069
136.098
78.922
121.55
130.32
268.199
318.876
20.1176
25.7632
244.213
147.99
192.455
332.431
485.708
390.255
543.08
169.885
258.983
15.893
17.3093
373.658
9.53936
176.048
374.147
209.651
24.3856
181.145
324.257
334.988
8.59747
16.7159
74.673
277.032
293.848
238.083
374.446
207.053
22.5408
13.1298
54.0808
74.7052
16.1389
40.1596
26.9263
30.6433
241.153
140.184
9.95471
150.527
353.692
23.9467
9.79626
422.12
15.8345
218.934
502.468
28.6792
243.364
18.9258
20.8508
219.354
301.389
159.363
371.224
24.1254
16.8108
507.956
353.853
19.2879
429.61
7.34128
17.0373
269.874
225.053
122.878
71.7281
21.2164
171.56
317.025
146.934
16.0046
114.325
18.9529
18.9862
22.8899
17.7109
243.648
16.8677
393.132
286.132
16.8425
406.512
16.2932
83.0407
271.816
277.138
205.61
26.5615
367.597
286.292
273.768
10.7194
1.96418
18.1376
79.3391
9.74932
543.648
35.7117
171.534
408.947
411.717
55.0998
9.33988
195.337
21.0453
16.295
202.019
7.61838
68.1936
16.8323
504.232
65.6985
23.3977
443.069
284.306
25.6126
343.273
286.97
24.0727
17.9689
71.1328
19.8945
344.325
79.5522
184.372
245.613
88.1474
250.393
64.7844
207.895
64.9158
110.721
553.789
19.3261
170.111
125.846
336.76
12.8384
27.6994
10.4675
366.244
23.5897
15.6431
61.6362
244.296
18.6212
19.3778
15.9397
235.303
33.6047
169.471
218.338
32.096
22.118
336.348
345.937
23.8957
227.825
164.592
244.433
18.1435
49.7524
110.849
232.714
263.539
260.076
192.054
15.1407
152.945
226.858
19.7768
45.1797
449.785
192.404
20.456
213.436
16.7377
323.884
15.9971
436.897
292.466
364.475
6.09481
388.824
5.93155
15.1927
56.4562
136.159
429.289
10.3197
185.424
4.89095
447.251
104.194
12.2571
393.969
194.973
219.149
9.45672
402.662
325.057
528.687
279.551
468.998
17.0723
313.096
277.566
56.7504
447.376
5.07391
498.694
18.0469
17.2587
254.761
13.5181
19.5677
582.975
26.4392
101.056
518.325
23.7703
301.056
193.268
198.997
7.80271
11.3602
110.956
168.098
315.061
513.197
46.2176
340.364
366.449
15.2916
478.595
251.222
486.735
17.8418
16.315
523.878
361.851
421.779
129.973
327.147
29.152
495.571
148.415
279.403
16.4615
21.7633
195.002
37.9393
81.3396
21.0628
52.8451
18.2703
264.062
125.644
535.963
169.732
170.057
70.2938
190.438
31.5798
138.151
292.924
108.963
109.851
319.438
133.078
280.676
204.619
375.941
41.0281
211.994
293.058
420.407
234.412
21.9723
521.586
200.508
363.956
16.6138
51.4875
10.4834
377.179
345.816
310.168
277.831
136.076
171.654
207.49
15.5608
49.9159
70.9911
7.78781
320.852
17.4344
296.767
353.466
414.088
394.54
11.9714
163.181
116.12
44.4473
27.2463
251.242
20.018
115.094
119.141
288.484
461.339
16.753
247.933
17.1548
280.267
15.7861
17.0541
13.8478
315.751
95.0557
97.792
30.5458
330.736
87.9477
243.026
216.886
17.9178
36.4915
136.518
513.294
22.5109
22.8115
65.9779
458.665
369.692
17.1408
19.0963
67.9366
148.688
14.2487
383.552
97.9261
103.364
128.796
472.332
413.275
6.69877
251.718
379.204
183.942
88.2406
79.0103
209.169
303.942
18.9487
378.851
12.62
21.2614
348.969
19.7785
389.115
13.5463
8.37954
21.3143
287.647
414.279
114.559
265.023
86.685
4.2803
-2.47488
322.259
16.3765
28.2249
211.464
209.121
183.805
245.802
16.4707
344.429
52.7251
274.527
14.2878
370.261
75.4094
286.065
365.066
175.619
9.73259
268.666
10.1569
18.1281
37.6446
215.212
202.252
162.945
163.823
222.818
16.38
440.173
249.118
477.723
134.347
247.983
225.023
15.1975
17.3356
177.904
60.1849
8.06362
12.2201
13.6734
485.795
190.842
62.8411
400.228
59.178
253.024
234.664
5.07924
9.78474
213.066
17.4124
476.335
100.179
50.6267
13.9897
67.917
194.19
9.28406
336.178
305.05
314.28
274.281
323.409
298.541
162.992
536.195
43.4241
241.422
13.9657
405.925
185.603
48.2929
286.398
17.5388
11.4649
281.267
18.7768
14.2474
324.969
152.584
499.283
363.995
10.7686
86.1407
11.9551
112.539
555.459
184.441
138.674
25.4168
49.9121
260.342
174.499
15.7558
263.311
12.5382
11.4667
266.275
17.5106
17.5179
296.437
470.84
92.9308
35.5953
116.565
24.4496
17.3051
536.386
24.484
194.472
324.023
379.669
482.293
10.8981
109.133
21.6457
164.737
208.725
52.4176
19.2926
152.811
9.18021
138.04
403.653
21.8403
239.94
443.002
190.942
314.667
398.301
331.251
127.724
5.31614
301.399
13.911
11.6218
16.2295
18.1608
25.659
291.872
139.222
48.7438
309.676
58.6244
162.965
253.053
6.5334
15.4946
421.844
17.1359
417.692
544.738
349.802
352.586
203.976
388.874
11.6143
210.659
52.7235
244.568
132.235
312.543
382.302
247.984
112.391
438.437
185.033
12.4447
285.178
145.973
52.2205
183.272
186.82
96.9077
242.228
2.13501
387.366
228.02
413.417
224.003
12.9379
282.997
14.7056
223.926
12.6767
19.0439
14.4627
510.042
2.6763
353.053
196.872
18.4991
364.71
253.799
230.288
176.833
287.974
539.588
485.323
6.20739
303.948
10.4101
366.724
24.2145
19.0368
6.0901
262.602
454.203
32.8221
155.751
442.27
55.2021
72.9755
248.036
234.537
34.3345
220.043
336.367
223.022
132.431
102.44
187.406
135.152
21.0326
339.229
261.942
147.209
124.142
512.21
492.505
231.93
82.6597
70.856
61.1166
22.0981
454.009
19.0425
524.743
7.58724
21.4652
308.518
204.92
324.294
7.15155
57.3966
86.0577
19.4291
255.748
73.9953
374.873
285.017
464.639
149.422
445.203
14.8392
369.899
21.7543
124.422
92.4374
396.161
117.649
126.191
287.76
134.754
6.45516
207.136
62.3621
11.846
19.8284
61.5746
72.1111
52.5457
238.026
6.96625
7.58613
211.778
5.5766
10.1905
10.2129
14.5358
101.528
409.037
196.1
4.33436
88.8674
400.262
217.614
385.473
20.5318
522.952
125.908
23.255
8.08615
21.5003
12.5495
199.683
16.2874
20.5132
19.0485
532.224
116.817
17.5437
410.488
297.913
138.119
3.47672
9.5321
4.043
272.059
20.835
224.486
292.829
254.695
113.823
341.575
234.438
19.9145
10.9472
109.606
221.354
18.6683
501.093
73.8882
432.908
22.2149
7.68086
196.205
143.878
94.814
14.0
178.171
338.439
17.1455
324.249
186.346
183.226
284.206
167.902
97.265
178.613
140.061
93.4207
58.4113
427.613
305.451
20.8149
10.0576
440.399
202.346
9.74417
16.3815
91.6677
16.6576
481.629
351.443
218.591
111.036
53.6198
21.2183
24.9467
209.314
12.2197
183.99
65.733
96.2521
60.0915
50.1955
129.721
14.0698
94.8952
17.4592
83.7475
374.123
12.3167
60.2333
47.3408
11.6875
181.203
413.483
82.4278
104.419
413.888
22.602
358.788
20.056
6.90868
491.523
362.361
343.904
275.392
422.854
16.8349
292.956
128.752
204.852
6.09937
15.314
2.98355
76.2524
436.657
10.5454
265.496
18.9392
208.684
18.1937
14.7193
361.772
244.735
11.4928
125.491
44.6682
249.503
20.5032
13.2564
11.7527
447.304
22.0927
223.031
14.853
318.215
116.896
134.324
319.802
9.43316
223.596
10.5397
10.8058
160.732
17.9016
135.932
241.01
200.738
409.361
242.786
250.42
8.4485
295.743
208.876
289.786
496.46
230.035
25.5475
10.3489
360.788
129.956
75.4152
22.2832
171.677
21.5048
15.1704
267.285
441.111
18.5943
25.1907
132.107
9.44005
116.583
23.1656
20.3212
39.063
57.4149
288.041
110.422
441.518
31.1392
22.4011
23.3314
211.58
18.7814
397.216
191.596
459.097
11.7268
192.782
45.4319
146.944
6.98141
61.2828
503.139
458.649
19.7045
5.22303
19.4455
206.359
21.7373
274.148
204.312
26.6614
346.862
179.351
189.733
79.3203
90.5839
182.44
19.4356
219.426
248.376
309.814
407.815
418.545
152.967
74.7942
51.2489
20.9742
17.0836
165.301
217.634
199.302
102.826
22.6048
21.8733
429.02
207.828
240.598
487.621
305.887
23.5545
124.009
49.8165
332.963
260.908
284.18
244.839
435.382
557.885
18.2261
359.145
21.8658
9.80634
366.783
37.4205
86.2653
148.501
103.534
95.106
24.661
65.9565
340.7
425.46
456.642
190.89
9.79215
16.6545
16.81
511.741
90.4999
122.23
212.579
97.9856
45.5447
365.06
5.1693
186.492
438.169
249.027
347.974
37.0805
29.1415
336.801
118.894
513.874
269.881
11.6476
167.494
235.504
17.0278
75.3909
15.4216
10.4757
404.831
179.223
15.3088
352.12
531.393
17.8579
215.636
11.8785
147.275
457.897
17.1046
18.3006
18.1354
19.6936
134.535
132.991
373.973
32.7443
18.6259
206.659
409.302
335.593
173.043
96.9797
194.702
197.003
236.546
51.6943
239.264
10.5004
95.0858
87.2032
483.982
313.023
13.4411
174.377
96.6473
15.4533
91.6893
292.88
256.099
227.463
470.052
75.8732
18.2805
89.3291
3.79701
396.481
18.5116
284.921
4.83232
438.65
517.576
290.237
296.646
150.734
395.219
10.5321
201.352
123.587
12.9257
16.9145
9.05766
175.261
254.47
150.398
69.5212
67.8062
66.221
16.6793
16.1504
311.339
50.9382
137.991
49.8733
17.5836
556.397
267.396
287.808
353.093
191.993
19.1339
22.6895
17.8121
295.773
9.621
257.283
24.4008
362.116
51.5814
17.5691
36.4286
42.5899
283.681
169.055
16.4478
344.474
99.895
175.336
4.34118
6.23884
18.7069
27.3973
32.1722
135.78
177.188
340.843
29.8961
65.2932
20.7736
367.064
11.5543
97.6574
174.714
9.05478
318.557
246.781
272.636
18.6475
19.9742
18.6007
362.385
68.9077
231.247
47.7433
31.2842
22.4586
410.031
17.7711
58.2853
26.2077
322.694
229.1
145.777
165.415
35.4272
150.614
285.301
170.854
232.799
342.394
11.0901
18.8624
255.21
215.63
343.023
7.06745
12.7002
14.8428
266.854
372.405
15.9131
10.6536
334.298
5.8089
14.9654
8.00642
6.58446
6.06989
22.0786
16.0183
334.651
453.343
179.262
398.773
444.798
253.046
65.5651
6.21222
220.086
83.0749
17.3465
254.773
16.9035
17.2298
273.421
141.167
367.01
427.316
209.463
51.8944
19.9657
15.8236
20.9033
15.6939
177.999
18.4115
125.079
53.7792
8.32532
15.0303
114.958
263.084
468.303
16.0982
6.60519
13.4435
16.149
534.335
289.91
206.781
167.99
251.66
234.684
296.994
20.3661
296.91
20.5513
21.2219
13.8
12.2832
27.6429
46.7674
15.7267
449.491
5.12122
242.049
22.511
14.525
351.211
355.966
11.0593
95.7337
12.8215
134.757
24.0525
227.711
14.3396
161.686
429.724
21.7013
76.3722
17.0912
309.469
17.3463
15.1518
21.6931
22.0556
63.4551
311.866
22.8803
22.6397
15.3142
7.67443
298.799
234.327
9.1037
26.677
99.4512
24.4822
152.245
15.8727
33.8028
402.83
13.5495
18.5069
229.261
494.489
268.041
104.642
18.2878
43.8646
443.455
162.252
16.6121
280.179
287.932
519.004
436.354
19.2778
9.34231
14.7826
57.4735
13.7275
397.326
338.016
12.4339
282.993
10.6639
241.077
17.5271
15.7435
51.9092
325.222
294.595
156.042
489.871
145.228
60.2063
139.544
41.9324
435.834
23.5749
541.524
67.9613
172.353
18.5167
68.9485
54.7832
19.7337
17.7661
382.995
107.284
16.654
17.5576
11.6329
477.285
75.0414
82.3826
4.74505
18.1259
151.534
115.434
83.8355
309.35
132.049
277.24
335.002
13.3801
20.7197
38.841
463.82
4.91023
97.2763
115.799
134.268
311.515
259.896
12.0954
26.5114
330.817
109.302
195.222
21.392
147.817
211.759
12.4751
444.306
12.6542
18.8067
20.3371
218.923
20.6023
18.9975
12.4532
278.41
337.252
79.0541
44.5682
233.139
483.334
33.1884
15.1305
170.551
7.94714
14.5523
18.3334
20.0819
80.8079
156.645
13.0464
13.6987
123.841
17.2564
80.9908
205.978
238.629
556.187
226.927
30.0369
6.70316
251.682
39.3633
68.9627
303.387
8.62791
24.4072
243.801
21.4432
12.3124
68.9883
396.252
353.715
140.453
200.181
115.391
363.679
293.158
522.153
209.229
23.7288
270.198
24.6802
224.873
221.61
42.9023
175.683
510.378
444.389
12.9496
508.921
132.267
12.0057
155.199
500.834
343.162
14.5116
260.525
13.3877
264.857
241.022
203.849
45.842
338.952
202.751
15.1704
401.222
10.8293
18.0896
99.83
16.7
492.515
246.67
17.9337
23.0124
54.2973
19.9933
462.325
282.29
261.64
17.9469
380.734
8.66344
160.554
148.736
49.6873
199.024
19.0873
23.461
63.4592
10.8385
17.9477
301.23
358.458
351.742
11.1475
188.999
295.752
171.377
8.21649
207.192
17.3485
21.8634
80.2227
308.563
82.2411
75.2879
265.603
13.2471
22.3828
590.813
352.553
312.113
11.3918
461.835
406.172
39.3411
54.16
178.014
121.145
102.011
205.32
22.6515
231.664
23.6621
15.5062
383.685
498.587
6.20701
29.6637
357.068
176.602
142.381
149.208
23.8636
12.2264
5.64116
245.796
21.5688
561.885
219.024
87.7456
10.4502
268.096
15.9806
425.388
397.178
501.681
312.565
208.941
578.435
253.025
184.465
19.5955
19.5398
300.785
449.397
8.91574
21.095
564.792
415.422
9.72289
190.314
350.613
329.106
10.8078
254.36
260.353
201.591
23.3081
12.1219
388.946
126.45
201.138
368.33
236.413
298.215
254.42
21.1162
276.722
15.5608
358.206
19.0912
274.777
37.2783
455.791
8.86384
11.7719
13.0628
279.271
15.908
24.409
443.612
272.222
17.6027
132.974
282.618
315.339
7.58702
37.2497
27.9832
23.6254
27.1084
410.12
468.692
133.787
14.3793
16.954
114.148
131.11
11.5788
461.419
47.315
301.544
9.79437
375.763
482.699
99.0287
13.4004
553.12
138.941
290.984
9.31351
153.819
473.46
22.0117
146.07
309.71
488.342
368.596
42.1286
260.895
21.2316
249.788
434.58
11.2185
159.481
346.971
6.8346
20.271
194.146
264.467
309.237
7.97035
358.313
299.625
101.318
23.1319
433.464
126.551
417.312
242.279
282.678
20.2239
16.6585
10.2215
306.617
119.858
127.18
205.1
26.0136
43.8612
13.1946
35.241
112.718
8.29495
465.999
5.54888
13.3021
15.1991
221.874
7.98257
167.894
21.0652
12.7628
165.34
22.1929
237.566
16.4208
414.738
98.3804
14.5214
407.151
123.288
91.6407
444.29
186.395
308.992
177.561
188.424
16.9126
27.8094
297.311
16.1667
13.6563
325.119
179.427
31.9144
20.4636
16.7694
493.51
19.0477
254.451
35.0522
406.474
510.482
14.8938
251.159
119.403
9.05157
164.117
63.9694
17.2281
19.7814
241.916
92.4439
330.035
497.791
448.911
220.94
34.5143
313.49
213.667
28.2733
350.498
330.236
25.5525
11.1182
303.135
375.567
111.652
130.096
203.091
206.398
507.135
23.9197
33.1538
25.7537
93.7537
24.1419
438.859
269.511
172.642
246.516
307.009
379.795
4.72776
20.402
478.51
9.07203
23.0107
203.842
11.088
22.9743
179.701
84.7653
10.2058
261.236
381.431
22.0979
4.28404
262.639
80.8154
378.98
175.335
17.4
138.432
25.9927
303.372
360.983
211.792
312.393
16.7121
26.2107
6.17455
259.474
14.5837
180.642
26.9214
81.992
485.663
16.4456
36.7556
11.1129
363.521
212.086
18.5337
22.1087
350.438
18.3493
10.4428
162.531
376.655
19.9903
22.6968
125.461
138.58
245.144
9.1986
409.464
175.366
55.3412
397.037
5.6478
22.4499
51.8055
25.3638
18.7553
283.752
6.70868
15.5069
12.3117
98.3258
21.3364
10.9949
262.186
272.973
23.9627
399.661
526.367
37.8551
235.07
10.3684
383.005
94.2477
244.929
18.6802
467.051
14.6832
256.949
190.375
18.4789
16.3336
283.205
48.4572
20.4531
288.07
236.873
346.062
228.247
4.83935
356.324
334.964
20.612
314.303
541.322
10.4292
24.6123
56.7489
15.4594
15.4421
20.6922
21.5562
193.997
21.1687
301.349
257.89
4.82165
10.0397
243.168
185.93
337.879
130.613
32.5116
137.417
525.993
1.39735
292.831
61.741
348.205
22.0115
20.4029
313.507
16.7382
9.37262
22.6674
319.855
11.77
109.768
341.823
160.384
91.9457
18.87
86.3396
8.95674
273.148
20.2668
410.35
269.121
22.0629
8.62818
9.96803
360.423
12.497
378.037
12.5702
10.6372
207.788
21.6264
113.872
31.149
17.222
333.138
20.4293
230.719
12.5987
19.2719
67.7909
153.834
20.1295
271.734
290.073
18.0394
20.5784
144.568
13.818
85.1279
235.095
376.464
542.223
105.144
16.456
211.877
22.9454
215.673
343.226
62.355
13.9754
513.623
388.821
15.9715
19.6753
16.7437
24.3647
202.717
227.928
5.70868
131.042
263.085
16.3635
450.268
486.339
126.36
7.59769
112.316
329.781
20.6752
399.938
81.4901
9.49095
8.55262
172.766
112.804
19.4259
272.228
18.6904
22.5516
191.909
197.999
284.163
10.6362
156.345
188.934
300.093
519.582
338.915
144.356
496.501
376.232
151.094
97.1475
371.152
513.507
105.849
43.7005
457.662
153.794
259.226
17.8707
16.9926
211.767
292.525
20.5429
167.486
178.285
476.984
362.123
12.4338
477.722
244.414
135.584
206.648
274.788
316.717
19.9464
315.146
131.412
31.0928
378.339
296.911
245.472
30.4605
258.496
168.707
321.615
9.22826
377.512
176.911
398.831
22.7416
231.541
269.906
8.50082
17.2258
177.686
457.327
13.7851
200.018
17.7835
380.565
198.352
230.546
18.3887
125.823
10.7287
176.573
13.4324
15.4134
35.9005
292.698
309.937
22.1287
106.326
17.4603
12.9203
42.0879
21.3377
426.326
498.197
489.04
393.779
250.131
13.0266
119.636
237.575
113.397
30.66
316.875
530.719
299.758
235.467
194.406
46.8551
9.66479
364.297
17.6152
120.148
23.4742
82.3379
395.915
10.8083
11.8384
331.718
22.8107
206.266
78.2063
504.703
73.8147
304.077
380.176
7.45178
487.03
216.409
562.109
160.348
422.64
63.5226
321.119
244.827
11.3463
253.465
17.6538
95.3268
21.8624
23.4993
4.28769
20.0176
281.783
203.142
22.9456
369.736
23.9506
22.3202
231.69
32.3167
211.075
390.111
443.716
312.716
338.814
341.272
204.081
326.227
115.838
176.441
244.099
21.7399
274.206
293.378
302.149
483.437
411.084
12.2877
128.678
148.857
-9.03874
146.548
383.663
378.641
212.707
5.13027
519.138
123.435
340.649
400.882
19.1116
283.489
394.501
176.146
171.119
7.02018
59.9481
20.813
78.6145
444.102
21.2738
293.505
15.5124
40.735
132.58
142.948
226.01
10.7269
22.8679
441.252
70.9679
389.774
351.306
234.936
22.5528
298.43
16.7977
9.79812
370.196
26.3998
252.335
540.623
17.6837
73.2652
431.611
122.965
524.314
15.596
206.17
557.472
78.5251
301.743
316.124
11.4415
20.6574
205.191
24.178
27.3352
18.4477
105.516
469.695
263.363
510.375
395.356
16.9203
170.332
327.734
16.3312
23.9924
9.57787
230.479
24.0842
243.956
120.88
553.565
10.816
6.65543
229.174
511.409
22.0304
102.474
221.083
403.425
23.351
18.8907
177.558
199.476
347.257
32.2643
456.007
9.14724
490.951
13.9405
234.259
511.179
36.3645
13.0127
10.7927
127.439
227.281
510.055
257.807
31.8192
180.342
75.6959
19.7115
173.182
77.984
220.251
165.427
117.115
81.7738
23.1553
206.218
169.404
12.927
168.241
487.245
12.7023
298.522
28.1021
235.046
97.7565
14.9604
519.749
16.2785
390.345
48.7094
262.086
67.1385
548.711
495.87
270.303
455.535
9.22761
84.9953
304.381
461.775
510.901
249.147
269.676
14.7669
163.403
9.3983
4.56682
353.249
389.494
12.7432
370.006
75.8291
45.3076
504.135
316.32
249.025
315.067
17.4355
12.2073
19.58
293.288
419.518
235.658
229.765
49.4666
136.654
322.3
254.634
124.399
449.901
207.134
10.4854
446.541
21.9782
434.735
352.65
17.9156
61.7592
270.671
270.841
254.716
191.771
133.466
246.224
122.08
18.6487
18.3543
120.986
21.3162
17.3141
399.627
210.707
19.5195
118.495
148.363
58.7073
287.579
15.0901
77.6051
11.0174
505.369
14.0321
9.91444
20.8464
213.318
114.326
19.4398
236.157
364.111
4.59625
15.9449
92.3158
12.3905
492.81
195.08
14.5111
36.3431
169.818
118.457
147.523
202.858
107.826
318.845
174.833
49.8671
12.9261
149.457
8.28573
11.6566
15.6563
9.91112
81.424
197.803
117.524
171.003
10.9217
445.112
345.827
329.462
400.098
7.80861
113.749
323.624
19.7068
20.0246
14.3707
95.5112
273.083
214.737
347.651
29.6525
15.5924
84.2082
21.3236
232.63
11.8778
315.058
18.4341
8.26204
11.7897
23.0958
113.279
11.2306
10.5646
20.6402
418.712
258.801
353.43
311.544
20.9244
56.4259
322.52
57.3411
271.897
23.2547
20.4435
235.068
330.554
16.6013
4.87949
77.9689
240.473
314.432
33.3429
39.7795
282.608
26.3179
280.256
352.456
485.019
40.9802
142.675
131.987
258.264
43.7265
407.463
132.811
310.069
26.6755
13.2399
22.6232
363.099
37.8727
63.4351
16.4674
13.4283
13.6665
107.448
376.735
16.5485
8.49435
371.053
92.454
132.085
179.224
400.125
103.099
18.6731
161.637
387.658
9.35616
344.871
17.1587
22.8902
19.3021
121.688
6.01685
502.905
11.8091
13.7323
414.392
22.7672
71.3876
20.1988
242.061
342.767
14.7518
530.272
2.9432
22.1189
265.903
500.557
213.727
182.863
23.6392
19.3799
224.909
511.349
559.016
290.602
117.954
194.47
11.9327
21.1297
439.125
448.47
107.327
9.07328
19.2342
33.7585
24.4568
21.5521
440.443
20.7051
139.509
21.0793
8.30282
375.957
138.06
10.8368
139.739
8.10286
23.1888
66.3346
16.4287
9.56541
400.302
352.775
455.581
14.0517
17.1449
212.183
175.81
165.66
17.0456
30.8499
14.6877
287.197
22.6214
282.763
538.425
438.189
40.8732
13.3417
110.768
17.0052
10.3817
363.23
13.9261
93.2941
10.5941
61.5722
312.762
263.414
285.565
16.8513
25.8105
94.9578
16.2895
363.503
9.4755
30.4554
17.1493
22.2042
307.683
5.99738
268.479
223.922
212.975
250.665
78.512
11.7778
169.438
20.429
199.376
216.636
139.499
216.375
24.7408
82.7915
132.546
7.96659
18.9056
20.8068
73.4838
41.6675
171.485
500.69
197.07
245.295
6.28545
195.724
17.0368
88.1288
350.233
9.21358
10.5065
185.691
248.584
8.45429
356.522
136.747
38.6323
23.7484
156.698
380.086
48.2588
192.959
78.6057
391.482
7.2731
377.592
6.56011
73.2243
290.667
175.984
359.733
391.083
381.311
180.225
267.801
14.1449
336.609
230.925
201.028
327.168
23.5433
192.587
21.4464
207.041
39.7107
15.5127
16.615
274.097
429.149
126.52
15.0637
172.492
14.6753
66.8783
128.419
8.23745
9.63955
297.578
519.757
15.9557
168.93
17.9386
68.2491
38.0879
54.2845
158.54
311.823
15.874
480.842
19.2724
283.218
16.1963
446.016
20.8488
380.638
138.117
144.074
305.327
9.8486
376.576
19.4863
296.017
323.814
6.88812
245.582
319.916
12.5238
22.9111
15.6888
127.297
209.682
22.063
145.598
25.2444
17.9921
239.062
207.423
36.2657
526.8
22.3905
15.0592
10.8836
283.388
15.4165
125.908
105.071
22.5125
529.12
9.21465
35.2514
17.4463
230.502
48.8188
303.551
91.1846
214.796
36.4849
138.483
514.305
14.1612
20.6701
21.5019
102.404
133.268
381.598
63.3193
19.4672
67.1887
27.8305
313.688
24.0639
80.288
67.3606
314.251
210.649
291.175
311.273
267.611
19.9653
176.832
22.9307
15.4093
13.3777
176.268
254.928
53.2063
44.2276
13.2591
292.921
407.479
156.343
205.415
5.0028
131.95
148.252
31.5282
384.809
20.7275
84.2077
18.9899
331.913
52.851
19.8572
13.1979
14.6324
84.9876
82.4266
5.21632
287.517
469.485
253.201
310.515
15.8669
9.775
51.2346
14.4622
21.4301
164.996
146.631
342.643
252.199
312.622
21.6568
54.4728
185.784
15.7239
156.318
21.7568
137.347
13.4435
277.194
8.88561
121.311
88.6017
16.2079
10.4323
559.509
336.935
68.7764
164.137
119.146
23.3284
18.1618
289.928
50.8255
4.19562
211.113
20.6234
382.757
6.84643
246.244
190.497
41.3948
21.9336
26.0911
435.552
435.714
333.603
249.488
10.2892
396.492
414.923
294.493
493.2
20.1135
114.257
23.4242
16.314
345.089
13.3216
10.4042
22.5144
289.087
552.325
283.772
334.286
124.277
375.515
108.457
24.0413
15.1402
206.784
10.6128
25.7019
22.883
429.885
220.925
548.286
246.032
185.61
29.2853
23.412
16.396
15.697
40.8911
9.4111
170.708
219.402
258.216
47.5242
170.292
256.55
107.883
444.181
21.2545
366.292
293.23
332.222
298.68
183.04
11.6671
87.1774
20.7621
309.379
258.991
410.468
22.39
28.0669
14.2075
175.498
8.35321
214.135
7.76424
386.546
14.5092
338.604
275.647
478.664
267.335
6.57551
305.898
472.68
47.4181
20.2723
78.1812
302.165
22.2027
114.218
16.1231
444.989
21.8889
174.311
16.5808
91.0851
425.779
450.678
71.8304
148.648
7.46249
149.592
204.354
25.8004
3.12479
20.0059
16.6447
9.85235
407.458
77.4483
270.594
163.256
271.023
478.487
161.726
103.757
442.214
257.253
15.7237
538.612
21.144
432.856
585.742
204.84
169.09
20.5669
23.282
219.812
148.878
370.669
11.3341
29.6464
328.691
197.347
223.974
26.1755
254.576
17.6838
202.866
55.2186
39.4446
5.42009
237.114
94.0493
24.5155
43.3474
67.9902
402.531
18.7667
306.117
14.1184
330.263
351.575
257.37
21.9129
19.3297
13.0009
110.625
201.716
519.872
232.128
352.851
204.997
105.878
7.18374
47.5983
182.041
175.385
17.5208
8.8484
22.9486
349.408
404.972
156.154
310.235
11.3616
148.78
452.237
558.044
14.4056
161.948
20.5242
178.909
13.7945
318.653
349.886
23.2446
412.897
553.242
260.42
18.3496
37.9613
11.8114
462.206
15.4824
94.7051
10.6568
398.064
19.1951
92.8832
566.87
130.39
173.767
89.8848
64.1296
275.436
317.412
22.8531
208.674
11.7058
189.365
98.5217
163.767
419.564
329.343
369.058
31.8737
92.0791
496.818
256.986
14.0603
13.8783
34.459
156.444
315.271
506.353
262.012
258.74
91.0271
285.209
97.8744
239.451
464.29
245.499
127.962
17.441
10.3316
118.729
146.415
83.2189
4.50738
10.623
24.3976
32.5749
10.3107
336.099
153.094
11.1024
18.9308
502.352
359.046
19.3167
13.9894
15.0463
305.16
54.4124
117.973
260.55
21.0071
50.3551
20.865
181.341
500.171
155.444
468.571
162.515
174.101
19.5007
20.4491
72.2255
18.5315
149.46
88.2812
19.0289
187.133
62.2592
226.377
406.748
75.1968
20.9495
21.086
9.79394
319.701
176.208
486.314
516.673
264.406
98.2012
5.23725
19.5808
376.18
310.474
233.806
27.6907
497.461
254.655
111.002
10.3692
301.04
240.958
50.9488
347.872
213.296
62.1216
11.0414
21.243
14.422
460.859
19.0696
281.972
32.7868
205.563
212.061
268.769
379.502
12.7147
336.205
309.069
107.335
28.1596
211.332
266.535
303.375
223.943
15.8522
34.3804
71.9425
229.003
164.819
11.4872
173.295
377.542
101.917
14.476
228.754
14.8518
35.4172
12.0454
119.051
522.109
296.693
255.07
11.1801
240.515
18.1622
326.859
24.3662
489.671
398.334
8.30005
54.6001
339.474
21.671
319.956
167.135
4.71804
188.93
24.9744
39.4304
240.704
22.622
67.9127
23.2766
263.212
449.566
238.107
109.777
214.34
246.322
410.541
37.8966
49.4901
59.0267
14.4705
11.0358
341.818
218.307
242.433
5.23523
18.262
20.2235
119.774
206.878
244.391
140.276
128.906
306.426
20.4956
527.942
387.685
295.214
354.956
115.435
4.96771
17.3178
318.063
535.984
208.389
395.007
22.3537
21.4279
7.58954
93.5198
403.221
447.899
289.896
18.2099
15.5854
11.4033
176.214
15.0302
138.607
168.332
438.222
136.123
16.4413
68.6809
22.6337
159.103
11.689
22.7337
561.533
209.322
347.451
348.861
145.905
62.3375
11.7075
23.8534
61.0719
13.7159
150.336
9.06639
463.166
22.7619
14.5001
23.16
9.14516
18.5271
96.7563
316.574
212.561
209.032
192.914
24.5238
23.264
16.8313
109.713
257.971
53.6504
179.542
306.051
22.1644
187.803
411.564
19.0858
10.558
174.462
23.1807
510.725
22.6019
456.739
22.2395
27.2623
364.248
239.245
215.905
10.9046
46.5306
194.012
14.678
58.9031
394.455
193.563
477.572
105.304
13.613
17.476
224.573
27.6834
6.63805
17.0509
235.719
246.509
13.2721
20.7265
19.6929
328.458
206.881
96.1911
17.5342
255.772
209.919
328.871
352.966
76.8932
19.9515
226.066
19.0112
148.205
17.3062
14.2805
292.589
328.842
100.012
9.08448
393.652
244.127
402.26
10.2285
15.9931
434.72
258.446
21.8358
138.97
230.075
191.404
164.234
14.5198
493.88
284.153
34.1463
383.163
18.6655
14.7957
20.0728
484.306
76.9473
16.7129
127.64
168.762
15.5719
274.378
67.6577
15.6891
289.647
5.12439
26.2624
355.977
17.2375
12.1233
272.316
10.1906
15.4871
24.2538
68.602
24.4295
428.311
24.0343
15.1627
134.227
8.07049
19.9364
111.488
171.093
285.487
98.5883
76.8711
24.8238
446.948
244.059
175.621
14.3348
269.389
197.615
7.46489
409.135
103.138
370.5
280.996
207.539
143.772
5.18979
18.5911
18.2612
25.3261
113.371
246.157
205.412
16.7719
326.578
488.256
158.047
270.484
9.62561
12.0992
15.0872
20.7971
80.0608
464.889
18.0976
20.9228
383.712
13.444
13.4376
122.549
191.743
427.828
178.177
86.7048
16.751
17.0277
118.103
67.4206
17.8992
70.3141
140.289
184.171
245.728
106.806
24.7501
200.066
10.2522
11.0829
20.496
220.598
22.2949
15.3077
263.572
148.149
272.426
79.3113
4.65046
450.266
20.9029
436.656
21.6266
5.72686
171.208
14.5889
82.8209
15.0678
11.3165
52.3054
312.436
499.732
223.109
22.3365
77.2403
20.3134
238.781
20.4509
169.732
120.634
112.256
502.66
71.3881
433.454
436.854
13.9789
435.894
10.5358
8.81875
86.2295
21.329
19.7656
-6.4469
5.67664
27.1646
13.0488
8.43583
13.4652
439.391
60.3268
419.259
271.572
333.277
19.2684
101.232
18.8747
276.752
303.572
158.217
536.742
244.593
437.822
100.678
382.309
21.2217
456.863
272.259
247.012
25.0106
527.429
203.615
30.9144
315.757
214.547
333.976
12.8837
263.541
180.514
241.635
22.4913
110.961
69.4972
16.1105
27.307
311.422
383.457
347.368
267.143
9.20631
266.888
451.158
22.7815
70.6317
23.5921
25.665
121.266
422.835
12.1429
84.5946
129.989
350.841
121.961
15.8656
556.542
138.078
168.878
7.51366
306.599
71.4109
545.581
263.264
165.518
281.701
359.973
174.48
475.514
134.992
280.578
246.575
390.543
13.8791
31.3935
42.8629
61.7184
64.3126
9.81482
59.6244
360.939
29.3082
414.596
112.932
22.1524
27.0383
30.8285
9.31779
186.147
246.604
26.4805
376.554
241.862
462.627
389.545
19.9833
17.691
480.578
205.778
118.085
9.76024
6.2121
275.204
157.454
10.6254
218.874
17.37
366.911
12.8442
9.68342
228.436
160.538
77.8255
21.2602
433.803
21.7687
161.232
19.0217
90.4349
49.911
19.7161
297.073
10.1893
196.616
562.034
438.401
427.281
14.8188
373.912
147.056
20.6214
222.24
445.173
131.78
168.69
11.5622
180.474
36.5972
173.667
214.245
325.201
170.374
236.047
156.032
56.7463
83.3388
150.509
288.431
33.7038
14.7101
80.1862
20.8314
341.128
243.546
22.3826
173.105
242.854
435.485
251.853
350.252
82.3007
13.2235
11.0594
507.463
368.649
190.228
424.14
58.6648
162.702
299.035
83.7384
20.2661
21.7696
231.96
101.261
23.1113
341.077
50.5601
181.532
205.835
213.882
207.617
260.331
238.47
128.441
18.2731
172.764
411.007
259.596
208.321
13.9957
19.5252
119.832
16.9836
16.3994
19.8402
476.381
13.229
446.985
16.921
184.104
215.599
12.595
10.7762
15.6364
280.364
120.785
419.018
13.9088
22.7542
449.934
10.0191
36.8696
252.055
222.279
286.377
22.342
358.41
293.133
164.016
149.137
20.4777
406.176
205.454
17.3818
158.168
44.881
277.893
205.137
265.78
431.403
20.4247
201.189
21.5993
445.425
84.8887
275.381
279.423
11.9796
208.701
247.201
14.9528
22.4376
7.64031
121.722
155.88
9.18635
395.639
19.7964
107.243
169.083
5.7954
15.6251
173.459
13.7771
15.749
22.2467
11.0559
400.642
135.172
253.322
231.119
124.577
168.906
172.016
26.1089
477.842
8.31058
23.1403
175.362
229.989
72.1242
25.6978
13.6293
21.1126
55.7771
71.1585
244.483
367.499
117.853
110.324
5.09644
35.9167
438.963
13.0254
374.179
165.109
0.541371
18.9093
529.475
314.452
468.863
113.848
172.396
335.396
345.0
124.669
23.3126
12.6097
5.79658
234.989
19.8079
18.2761
206.943
151.15
12.939
297.663
17.3845
77.8709
26.3332
63.8156
26.5627
4.03235
18.1127
71.4843
350.252
24.0742
156.066
22.3137
391.675
5.66212
237.976
557.05
18.7686
10.9135
9.4786
489.613
255.661
211.895
9.15049
18.8803
10.5129
5.17487
20.2326
145.116
209.872
5.55927
187.618
20.2872
5.17794
245.266
369.803
10.3148
23.8721
558.772
19.0743
550.765
25.7087
283.879
260.294
6.29849
12.3764
21.6225
244.465
20.1942
12.6085
8.41708
16.5539
25.228
11.2761
21.3264
17.8751
361.686
109.845
531.242
16.4089
153.547
229.204
22.0239
330.9
545.49
485.144
162.767
520.885
16.5214
82.5097
268.218
526.425
14.5962
10.6382
135.386
375.101
190.191
195.978
306.0
176.577
325.913
456.17
328.541
18.3424
439.347
59.865
135.134
99.224
68.4461
66.8226
193.084
140.98
533.101
279.594
488.749
171.866
187.012
261.036
223.177
11.6244
9.86243
112.44
491.551
20.1528
427.61
22.3551
152.97
321.904
198.948
240.943
34.1053
88.5074
41.3959
314.102
269.343
266.179
12.3556
18.5688
327.388
228.024
406.76
335.638
11.7847
21.3438
11.8746
117.122
26.0592
167.17
102.745
15.2617
116.56
12.7925
58.9223
310.726
164.676
188.477
189.666
403.064
140.328
211.409
242.347
16.3453
383.589
535.164
9.36033
129.913
415.363
337.162
6.56353
269.687
468.251
188.828
6.96831
10.1391
110.528
115.57
501.411
328.162
11.6522
11.5573
197.39
78.3918
11.3408
18.7286
8.19988
331.111
97.255
10.4844
414.58
170.303
11.1877
109.927
16.4339
108.018
1.06931
522.54
512.472
373.383
15.7194
548.583
31.7836
13.7048
11.9546
292.009
462.337
29.216
34.4274
176.677
261.63
447.681
178.1
314.872
20.4012
130.194
10.2868
49.3916
298.923
154.781
20.3043
241.988
421.526
462.152
171.85
20.9196
60.9589
13.6606
18.94
375.736
6.82975
361.349
127.491
368.634
112.86
204.914
505.561
47.6338
10.8747
225.924
169.391
153.744
20.0489
22.4911
29.1546
251.037
55.4507
17.387
59.9364
61.609
339.308
68.3163
370.826
447.269
122.072
264.533
18.6583
19.5165
294.646
104.607
14.0401
253.352
21.1993
13.8034
22.8832
14.3477
9.1794
200.129
79.9304
22.0322
49.3172
12.5414
231.34
24.7601
333.811
174.5
259.666
9.49354
207.834
195.545
155.52
365.123
89.7157
172.265
128.758
257.549
474.388
21.9887
385.277
74.8896
237.599
458.024
209.388
11.1654
433.637
551.671
271.955
351.32
438.685
417.009
10.5427
330.051
165.658
346.357
170.873
82.826
14.6661
9.63756
363.057
200.69
47.5551
263.645
134.475
179.199
7.54393
272.37
12.7453
8.14225
279.456
110.174
101.707
184.534
304.926
344.456
237.478
18.8633
255.143
58.053
407.178
546.648
222.428
186.627
17.7493
151.031
433.39
12.8633
14.78
17.0687
410.843
492.473
18.5214
11.1234
339.882
198.127
144.159
438.642
22.8226
18.1411
302.271
252.072
368.458
21.7438
315.653
399.949
293.116
271.185
386.936
17.6964
23.4387
18.2998
373.84
232.346
415.096
19.0079
262.594
20.0051
17.3754
23.0183
5.56712
11.2332
242.323
226.898
18.2403
406.733
12.947
50.1344
17.469
315.711
14.6477
215.749
401.521
18.2538
18.0526
362.919
439.105
275.046
6.63334
6.82785
62.1969
223.847
210.308
32.0939
-0.239299
112.18
14.8052
354.059
67.1805
132.053
7.1825
145.372
247.151
12.5398
22.9373
246.499
234.334
286.688
243.8
216.687
236.557
399.839
189.675
24.2438
333.507
381.628
9.29412
348.567
51.7602
109.958
419.857
218.596
5.36916
6.5934
57.3288
441.311
21.4942
16.1837
308.563
19.7453
331.286
362.369
111.386
5.24752
79.272
79.1086
361.974
170.355
422.907
127.777
11.2336
67.3333
127.792
214.49
148.433
58.7417
14.6613
125.39
127.223
95.975
149.438
19.6357
77.7922
377.306
21.3438
345.759
409.193
124.169
11.2424
67.1597
171.404
73.3499
387.712
21.5011
21.3639
277.533
29.3843
9.49907
14.9265
61.7205
19.1351
153.796
32.9544
10.5298
505.169
11.5752
10.2013
22.5038
19.995
14.7076
228.343
365.198
375.035
216.204
505.969
18.2341
13.8421
125.978
19.5277
16.2385
80.117
111.667
299.628
124.525
318.21
228.761
19.7296
156.797
218.885
209.452
9.27506
294.15
14.7783
19.75
20.0971
14.8183
19.2787
555.09
213.793
44.8096
146.422
7.82169
25.3997
147.136
473.876
267.38
52.7566
74.6486
410.403
281.841
147.99
21.7262
319.736
556.271
167.652
128.961
429.34
16.9707
113.276
229.941
215.441
126.579
173.113
173.27
19.953
53.3465
285.419
10.3037
60.2969
91.0122
19.3137
391.649
177.421
312.064
11.2991
544.296
10.0822
19.0424
77.4905
509.88
42.5674
174.092
116.34
11.7094
144.741
17.9432
121.498
217.171
426.939
21.8935
259.842
8.94725
86.0791
565.225
9.89621
23.1143
17.8165
65.8869
493.596
223.216
16.2249
25.2914
192.029
374.74
25.7276
10.044
377.56
82.3537
18.7413
19.546
434.852
15.8806
15.9279
16.468
138.359
338.527
218.621
58.8381
8.39358
367.384
282.445
450.431
130.843
212.417
25.3291
13.0983
19.8456
13.7242
281.926
246.955
13.0961
11.3751
38.5554
62.4076
10.8115
194.131
213.41
163.638
19.0709
257.275
305.605
23.9026
123.451
120.038
27.076
357.416
410.135
195.607
177.943
149.185
89.4168
237.399
267.024
19.5598
17.7927
11.7007
181.977
412.977
229.483
498.405
17.5943
231.374
18.7518
21.2247
445.636
12.1687
204.521
29.0579
264.671
19.1343
143.649
225.345
41.5799
16.3836
186.434
31.1437
310.614
427.937
502.108
16.9148
189.924
307.931
25.9846
38.5515
11.2909
191.057
11.8775
17.5687
21.8746
17.7804
149.734
30.6019
18.2921
11.0491
131.355
179.425
10.6797
41.2814
325.536
12.192
353.022
227.675
53.6888
-2.03463
165.995
93.8255
24.3313
242.272
205.282
11.9995
16.1669
465.021
271.885
167.143
12.2179
111.017
144.579
311.465
340.318
552.967
485.247
264.675
538.858
12.9585
164.969
370.549
315.252
390.925
389.792
128.719
10.4991
259.4
439.639
22.1239
16.3618
9.82358
10.691
19.357
145.343
19.6679
214.91
9.46871
18.2099
10.7465
56.0628
270.994
21.2676
286.793
10.7992
119.3
11.1371
139.129
41.5503
10.4078
17.1957
9.51418
12.6023
52.6449
400.561
431.227
17.9763
436.671
24.6181
497.766
457.229
15.2954
184.103
542.405
20.2461
364.643
15.6893
12.2478
166.515
10.2299
15.5681
536.74
144.715
112.443
382.757
10.8488
157.593
520.928
15.1828
145.607
275.346
484.566
298.39
16.4157
9.73825
23.2012
73.6166
180.337
18.468
95.1212
21.0239
50.5856
422.052
182.938
14.3142
65.0057
387.8
473.861
369.019
18.3243
166.74
17.0218
9.02682
268.9
95.741
252.447
126.655
12.0015
22.2248
10.731
16.8591
13.4248
240.712
21.3669
24.3471
166.62
63.2953
159.741
12.6716
17.7793
5.64227
18.1916
21.0237
132.243
96.7579
22.9884
14.3608
172.253
14.2441
29.1818
17.0854
21.9047
542.309
21.8813
380.904
355.48
241.026
189.305
77.5754
6.97867
204.903
14.4788
404.051
345.834
19.8927
20.9303
20.3483
185.452
517.499
22.5904
158.738
152.231
120.965
179.649
23.0024
29.0157
496.102
359.332
64.4824
74.969
12.6397
108.117
6.81281
16.648
7.74865
257.126
354.016
16.5935
139.458
281.863
107.13
68.516
19.5143
290.375
11.1233
448.731
92.6749
308.269
226.72
304.885
19.648
14.8245
302.717
269.586
19.1372
147.803
245.393
275.057
19.1847
12.6668
120.338
209.817
103.731
390.167
331.788
80.6493
214.444
17.1843
427.522
8.43919
386.293
133.229
15.8384
367.877
108.014
261.743
196.435
14.6469
81.4489
470.573
14.8787
18.7814
302.372
120.334
503.134
252.725
13.1421
245.209
23.4091
203.696
8.34597
21.4096
158.338
14.6538
16.8209
177.365
17.7264
27.07
546.428
337.264
17.6406
11.3104
347.953
17.7108
35.9133
9.61752
24.1733
315.798
15.9225
388.307
20.4458
86.2645
453.689
45.0536
10.6875
215.215
353.026
13.9808
204.621
422.19
32.8995
255.124
54.1753
29.1624
405.456
407.739
9.6416
12.9804
210.378
524.895
324.096
14.5027
567.405
22.8435
383.645
449.033
317.896
100.114
179.541
403.189
258.319
6.21829
191.806
345.749
120.342
18.3863
246.665
107.676
137.795
415.35
92.9073
134.891
59.1438
218.977
184.482
28.4135
18.3994
101.157
162.9
351.654
180.144
32.5168
13.3516
20.6126
11.8871
320.771
18.1579
319.023
205.027
338.66
483.392
25.9788
7.02359
241.803
21.5187
359.4
23.7654
330.554
37.1578
87.7669
43.2303
126.9
19.9399
12.4245
16.0722
17.7696
17.0191
75.4628
20.4902
341.973
12.8405
9.7164
14.9274
152.281
276.886
56.9151
358.948
77.718
241.821
4.887
19.3521
9.62797
13.3103
21.7224
52.0073
70.9909
461.915
413.881
239.961
268.466
13.5518
94.9371
148.935
314.455
183.38
327.911
405.703
370.313
97.8509
22.5788
279.137
25.0395
362.208
55.7804
14.6495
21.9135
36.0195
184.109
78.0424
25.9047
7.07813
24.7918
236.671
320.472
205.273
128.952
269.183
341.717
12.0908
365.481
358.891
164.134
159.035
372.029
445.746
56.0092
287.786
537.069
78.7352
273.904
108.379
19.8188
116.396
373.481
17.4076
5.11205
34.5794
534.452
280.953
431.93
13.9316
449.662
23.2725
80.6487
494.952
432.157
18.8284
378.039
53.0212
244.122
118.926
11.3169
246.169
110.246
433.934
318.608
244.312
15.6563
292.351
21.5441
295.497
17.2974
221.486
332.108
20.6489
170.338
24.7962
121.242
309.281
16.0124
382.691
176.183
22.069
23.1608
184.516
24.6347
483.19
44.7977
260.73
10.7812
305.03
17.3503
233.041
12.3683
11.8346
280.813
31.7417
23.7117
181.001
415.865
17.4698
409.933
229.487
15.2833
18.0376
257.144
477.196
240.221
127.307
107.92
6.20578
404.931
298.035
9.17371
292.509
289.851
398.746
61.5464
323.168
215.593
13.6811
8.93133
255.646
32.2223
379.721
99.6547
25.7096
133.928
277.397
11.9243
20.0986
18.9002
313.596
27.2881
8.01794
18.8053
464.688
326.688
17.9968
21.8184
225.835
335.169
107.957
144.218
370.857
332.603
278.007
121.318
12.9691
66.0105
23.2412
213.532
18.8898
203.738
12.5198
111.207
309.482
249.256
21.6644
147.414
49.3912
319.116
431.05
367.255
84.5356
13.8421
417.49
15.9494
20.3149
238.241
315.652
7.61483
356.897
176.705
320.854
17.5479
22.4647
194.981
325.169
18.8012
17.319
5.11493
23.6379
21.1969
158.494
18.783
365.842
93.3791
7.5353
9.68267
274.598
221.523
20.8466
19.1413
278.308
4.96921
78.687
46.2405
70.6861
21.9681
469.561
66.7507
538.167
173.099
509.106
63.6445
10.9123
363.825
41.4598
21.295
182.45
495.937
19.1837
87.1325
16.4658
193.949
10.2574
19.8402
365.634
359.347
14.229
531.964
17.8587
235.167
471.435
8.73699
203.867
45.0048
85.9361
10.0357
440.318
145.613
309.047
334.123
241.289
58.6892
38.1646
37.6595
176.655
174.537
340.219
16.0323
76.4606
20.2839
120.213
85.7542
206.527
19.2243
14.7841
152.963
98.5955
36.2223
31.1816
127.312
22.7856
332.841
21.8311
22.3214
220.036
496.332
141.119
409.172
4.69341
383.183
230.01
18.7054
21.2476
148.709
12.224
19.1909
146.387
13.7975
9.97964
17.3051
201.431
422.419
153.198
407.56
28.6108
11.6316
9.87947
152.281
363.65
180.353
394.218
292.081
19.006
44.8452
6.51825
20.1207
142.934
298.558
208.951
20.6414
15.4037
102.531
91.0271
145.493
207.209
278.771
367.124
76.2448
274.265
156.011
491.776
254.792
267.375
15.8911
18.3368
14.0734
149.896
196.211
319.867
288.517
102.364
40.6548
81.5684
252.685
23.6619
301.743
10.0455
19.9418
13.1844
290.887
282.724
100.037
248.889
296.329
9.1651
27.8413
242.241
223.117
371.412
106.194
10.1726
17.0633
15.11
75.3505
185.595
188.318
162.383
224.331
384.551
9.53062
215.912
17.2896
7.50103
172.156
356.619
148.627
103.944
166.486
17.8937
379.513
463.989
12.8472
11.1212
227.013
25.3211
20.4988
20.9461
375.114
16.0499
15.7228
426.72
212.478
9.54165
17.0875
103.282
139.765
5.04475
166.158
410.551
27.2418
371.097
1.03547
21.4273
469.046
20.8798
171.732
281.934
67.4525
221.73
18.0114
17.7334
81.8495
18.1757
23.2522
24.0167
235.274
502.612
214.227
434.672
89.5672
70.0065
139.812
38.978
79.4791
72.1027
304.691
11.6047
25.3423
347.198
70.4813
19.9235
138.004
559.544
18.2081
94.9939
469.626
272.33
242.133
294.246
24.207
54.4995
12.1176
15.6014
15.7681
217.549
17.096
126.806
23.577
36.2628
112.246
290.96
130.753
387.607
205.394
213.603
172.931
15.0229
31.4377
47.4526
363.083
19.2836
18.6577
16.3529
411.784
53.4121
118.868
161.459
58.2012
13.8918
48.0475
135.592
59.7525
15.8749
510.927
383.592
114.647
467.232
10.9895
9.16383
19.8024
22.034
403.147
61.4949
12.2164
19.0587
452.823
287.586
13.6193
17.4871
67.9816
14.3302
10.1242
258.252
229.436
15.398
220.277
68.376
13.2741
260.866
551.997
107.741
134.254
15.8874
93.8676
107.318
15.8107
16.1797
305.789
116.193
18.9598
19.0753
136.805
47.7016
89.0272
254.443
16.9178
9.28319
15.9449
368.487
484.241
105.512
433.698
412.427
214.257
129.31
3.8335
20.1906
-0.233246
18.3917
430.852
16.1922
301.478
374.963
124.024
71.9986
244.515
377.153
25.0241
10.054
17.0689
99.3874
15.8727
334.523
359.686
507.369
12.2933
405.105
49.8813
91.2354
100.332
314.962
311.958
138.429
153.429
523.363
20.8492
17.6832
464.646
9.87003
19.7499
127.075
9.94121
191.136
187.127
278.602
209.225
12.766
15.7031
159.582
213.701
430.592
482.176
473.336
405.24
15.9567
68.5026
490.123
38.4663
10.8564
74.1646
201.908
16.5453
512.956
137.233
10.8286
247.318
455.307
155.368
68.8529
191.046
355.238
68.2081
188.738
379.029
512.141
279.111
128.788
251.703
400.958
120.183
76.9105
439.334
14.0132
20.6213
506.272
24.1782
18.0621
298.87
78.1779
74.4836
155.503
117.315
507.892
110.719
209.679
138.909
18.6274
361.008
9.35622
138.44
170.5
418.358
15.1748
432.467
55.9861
503.252
16.2395
413.039
20.7213
14.2081
310.036
56.2139
273.258
36.0972
363.607
51.3633
140.827
14.8292
22.7004
57.3435
291.501
263.507
25.6879
397.88
359.808
127.829
187.499
10.9066
43.9473
12.7755
351.952
312.052
55.3334
156.098
170.143
17.0284
176.482
147.829
216.762
20.4437
202.402
161.057
437.761
427.907
113.553
244.648
89.6757
11.9993
19.0996
47.6997
222.22
174.515
16.5239
19.9179
260.76
348.006
163.977
376.861
140.96
24.6935
119.049
17.053
581.281
18.0391
294.12
228.437
67.2515
14.9296
189.717
238.346
9.63077
11.6133
18.8462
209.295
38.61
22.1679
20.6688
287.463
15.0026
298.951
294.505
347.122
202.265
341.249
18.3127
20.5317
224.561
20.3495
11.3573
17.564
6.30881
424.648
95.7886
438.81
18.0935
264.62
13.4029
24.4577
18.2303
11.7988
17.7213
17.5327
298.756
14.5471
5.21807
311.441
506.345
15.8289
7.3628
52.8833
14.5564
11.0638
30.8611
238.532
189.644
301.006
213.692
21.1762
21.2766
70.684
160.026
28.1904
194.202
22.2422
16.6131
214.115
11.3345
170.505
13.4329
172.866
23.7848
176.122
256.397
48.6854
15.351
350.417
357.567
10.6969
97.633
57.9592
26.9472
198.27
26.8391
81.314
15.4906
374.051
75.3616
11.4606
11.0691
23.8738
20.9056
68.1039
425.715
256.018
9.98825
2.81216
25.0234
167.481
196.203
16.7707
19.5016
163.053
312.665
181.979
155.161
10.9443
143.355
36.1379
105.879
329.473
23.8933
22.5016
270.895
72.1707
49.0841
99.7747
42.4018
243.99
4.31189
8.38707
17.6672
20.0691
199.647
366.302
20.3605
8.81275
174.121
20.6484
45.7429
27.9282
258.308
300.363
116.273
23.4733
22.6422
445.222
295.636
198.751
172.002
12.7674
21.3877
154.05
430.571
422.29
22.5263
233.516
423.644
318.415
41.2439
70.3909
16.8208
9.20834
57.8631
9.59095
112.684
96.681
18.5579
260.098
10.736
29.1569
49.6966
464.224
176.943
102.072
357.719
545.795
497.626
191.741
8.84335
52.9124
23.9057
164.897
496.106
15.6815
97.4092
159.368
22.3213
128.194
546.281
247.389
224.628
13.3856
170.885
10.1802
72.9064
171.116
8.84437
138.346
31.1831
5.33188
109.209
203.601
18.6761
86.5207
375.279
190.673
10.2917
17.1358
439.03
21.8129
299.214
88.2506
150.485
144.525
133.125
44.1378
10.5772
90.2643
14.8778
192.174
376.666
276.999
262.518
279.031
9.93863
178.051
394.909
12.339
229.792
392.445
9.13644
499.15
355.014
23.2555
4.43939
268.605
12.7338
223.645
358.718
122.794
33.5292
5.3822
571.335
451.049
16.547
42.1988
25.3337
193.629
292.428
314.253
17.5511
240.095
18.6058
16.5668
19.8192
267.501
165.601
375.255
152.824
70.6223
233.785
18.8364
299.125
154.794
94.9687
230.419
295.038
33.333
22.4366
10.0264
10.5318
208.72
315.613
228.166
19.786
398.0
15.1768
157.843
416.91
358.728
152.162
18.6076
23.1418
109.807
392.239
321.603
115.776
499.39
8.00357
17.3235
5.97052
204.928
15.3866
364.907
528.956
549.052
185.407
22.4323
113.683
169.771
267.107
10.3452
112.96
18.7523
65.6805
104.919
19.7018
52.6292
204.834
84.2238
394.069
54.3505
361.5
209.204
364.54
95.6464
14.9074
128.086
145.604
77.2128
275.783
176.746
192.959
533.077
28.0871
20.0818
200.485
14.8852
4.78368
10.3975
237.247
280.145
8.89599
49.3223
335.285
30.0107
87.6871
435.188
18.0121
91.362
84.0234
31.1759
367.696
17.0071
324.678
226.556
405.51
19.9409
519.534
46.5895
184.951
164.859
17.1144
325.036
467.51
94.6237
12.3385
7.09039
287.561
409.544
19.6097
123.605
324.415
220.545
17.0154
45.858
20.4599
12.8185
156.219
93.188
61.8972
134.848
74.0656
145.062
36.7835
347.211
306.861
37.0688
20.2959
145.926
404.759
9.42828
22.2499
18.5073
165.721
239.478
14.3878
78.0379
56.3092
161.919
222.658
138.857
55.0106
11.1538
177.387
89.5858
205.624
373.003
284.204
126.604
248.548
380.019
71.8803
233.833
551.86
23.628
401.674
128.991
42.8787
59.2316
54.7943
18.6906
362.02
24.043
18.2826
22.563
365.269
11.0121
129.007
341.093
11.0125
49.1918
312.818
407.433
39.2487
16.5691
20.1422
14.6324
584.88
24.607
52.4129
17.9309
399.004
365.35
251.516
402.601
429.824
3.8592
396.74
105.328
23.4397
4.95209
91.1139
514.222
274.192
74.2012
206.91
50.5226
9.11016
78.8843
99.1458
20.5081
359.78
116.636
12.8463
16.2302
327.108
94.6052
384.023
443.622
72.6501
16.3693
413.519
6.49088
13.2396
127.373
19.633
185.945
18.1283
14.4014
349.273
222.393
22.2861
5.27078
203.077
457.067
22.0316
400.351
216.145
447.507
201.239
260.443
13.8234
40.1123
15.6357
365.304
201.678
95.437
8.76406
73.2125
20.4211
192.552
410.05
11.5944
347.038
138.654
93.2442
98.9743
166.885
18.5765
440.099
31.7294
292.514
111.474
32.6631
213.731
157.744
270.562
26.4476
8.59572
364.765
20.4805
300.12
178.682
359.506
198.5
93.4326
244.371
406.991
138.158
12.2752
82.8409
107.681
12.0449
25.7398
50.3013
558.26
112.134
29.1085
51.3176
134.195
343.628
436.234
544.692
13.2452
17.7516
151.446
150.28
175.296
324.941
178.436
423.14
153.144
32.2849
382.333
156.897
49.2196
12.3293
313.345
237.228
243.65
128.661
51.3378
272.469
316.711
12.3251
260.839
277.702
5.69595
19.7125
304.562
170.404
530.887
402.915
14.0489
13.5227
224.588
109.207
247.279
10.0584
311.679
320.768
221.203
54.2178
203.205
431.1
302.815
23.3041
50.5281
13.7469
17.8737
7.42378
58.7515
173.674
7.68244
23.479
300.514
249.242
5.19842
254.212
13.4735
440.38
271.112
124.299
401.121
208.434
49.0387
50.9002
111.787
111.918
170.07
12.1447
160.008
248.674
52.6403
79.134
10.3125
13.8214
21.9108
200.036
114.852
403.398
258.589
13.6298
169.843
8.33575
17.7973
215.806
241.946
397.167
25.3024
167.597
212.867
15.883
328.653
182.665
158.296
144.412
49.4612
333.148
11.216
220.826
21.3661
346.757
14.9656
18.4058
13.556
22.2232
35.7664
11.913
138.16
23.9809
90.1724
11.1215
36.8202
16.7116
66.1437
473.228
147.313
186.86
39.3275
132.147
481.376
459.15
128.825
17.171
267.333
45.625
405.796
36.737
126.925
285.179
318.624
209.921
300.357
12.6215
265.052
54.6186
57.7448
22.8732
471.407
294.093
355.926
15.5893
13.9303
186.371
31.8684
143.26
20.7826
10.7842
145.498
288.703
197.423
3.01618
15.2836
414.223
161.784
38.3762
245.558
235.335
360.516
318.134
9.21439
21.659
18.2302
175.964
17.7051
116.588
22.5852
93.9858
12.5838
66.0185
368.561
20.1156
526.609
90.5548
15.0959
359.383
296.477
382.671
22.6976
438.154
84.131
266.305
12.7869
384.529
15.9171
9.90825
358.678
20.3702
11.7824
19.762
13.6279
104.643
291.349
17.4473
19.0326
323.867
15.0139
164.659
21.9731
167.895
22.484
26.0515
18.0696
224.484
5.72695
158.414
15.8509
4.75164
170.103
173.427
19.1546
539.901
370.14
19.3387
342.673
119.393
19.9696
339.946
4.97556
345.247
242.849
16.5421
28.1449
145.237
42.1884
23.4826
401.106
256.214
384.052
248.702
17.59
49.3937
209.736
403.723
97.1958
223.935
15.6821
413.13
439.646
7.05384
17.7677
118.56
15.0318
183.581
340.019
195.502
130.092
16.2918
356.399
31.6962
103.396
417.867
151.127
175.013
547.271
21.972
62.3935
239.685
18.3704
214.196
559.875
55.0794
130.078
429.247
382.23
30.7069
16.9377
380.756
199.684
249.101
288.595
98.702
119.084
34.425
12.951
15.0276
18.5035
24.1055
346.084
232.103
531.964
561.495
210.251
453.035
206.674
307.479
337.202
14.4847
21.2885
19.6959
42.5544
168.466
10.169
138.234
15.3515
192.179
245.45
382.996
247.629
382.691
143.477
19.8084
34.6906
19.7095
146.222
87.2146
483.834
88.5129
13.3542
14.6004
57.7867
13.1605
11.1748
287.444
408.282
196.223
441.78
282.527
54.4255
201.368
12.8911
282.884
203.966
359.411
79.5582
19.2884
16.3729
404.879
91.6731
179.677
196.436
207.074
215.442
23.5696
441.874
243.611
106.26
204.891
99.8195
33.499
60.1989
207.936
145.653
103.988
18.1409
6.2789
17.1319
10.61
332.021
278.266
21.577
63.2941
218.416
13.5427
17.2688
292.11
317.509
20.7017
153.564
409.138
47.7881
18.9487
318.68
173.836
21.3009
9.80118
46.7491
144.324
53.2759
328.889
211.106
219.176
100.667
192.723
314.494
103.676
25.4416
211.153
25.5666
8.58718
24.5167
20.1141
396.105
166.549
19.8644
101.502
406.003
138.117
156.311
116.73
207.95
12.6903
6.24164
261.21
421.912
393.697
11.6019
15.2476
19.7664
7.61593
13.5526
21.8997
358.864
424.617
21.1997
49.4651
192.596
94.4853
46.5353
9.47599
140.231
103.346
370.102
56.5816
256.594
431.006
233.409
214.722
188.008
482.757
203.137
469.299
518.719
17.0598
8.64444
171.008
21.5544
325.799
92.0807
180.122
196.478
20.7728
275.332
242.115
15.8447
242.88
17.2882
236.638
204.548
127.182
137.221
21.74
343.781
16.2495
301.189
281.265
98.3435
405.498
36.7307
285.698
189.437
226.756
14.1323
67.2983
498.566
21.5114
290.261
212.789
18.5267
17.9166
472.416
13.2902
80.9729
20.8534
206.415
9.91612
229.41
328.287
487.835
24.5696
262.65
366.429
514.619
123.253
333.182
71.7163
23.3601
174.372
50.1296
128.556
97.0497
18.3374
10.5276
14.332
422.165
119.007
64.5399
126.537
391.387
338.438
475.799
7.93726
29.7552
407.073
17.6818
19.3442
14.7221
10.9893
14.4925
233.19
14.1813
124.25
99.4972
24.7971
498.64
24.8254
21.0118
291.702
15.5822
4.64664
32.6522
210.305
22.3306
15.1907
49.4054
138.375
19.573
270.797
302.614
464.747
89.7682
316.186
208.955
152.972
22.4301
4.39269
15.3518
17.2767
519.734
347.049
141.598
356.632
5.74605
22.9334
16.591
137.469
122.047
589.342
21.8391
18.5021
401.518
317.278
206.215
300.89
402.615
22.5217
289.984
10.1381
14.1674
145.136
52.7768
53.3372
11.5316
416.955
100.698
101.891
16.757
295.37
39.2215
12.3336
124.915
73.4874
223.313
161.955
21.3004
19.3969
23.1017
14.8858
15.2657
23.337
11.9112
423.357
9.10016
10.3019
405.684
219.099
10.4872
7.89832
261.555
10.3032
233.48
21.1311
23.2897
257.159
405.928
275.705
13.7384
52.3336
204.354
66.9858
63.1487
53.4113
17.5959
450.479
402.139
170.493
352.669
193.459
39.0955
158.265
12.6786
39.1844
181.69
338.564
322.523
16.5519
99.6565
309.717
208.183
20.8933
98.2067
309.73
12.4226
15.0184
374.422
17.5932
167.321
-38.6154
97.7561
314.203
274.005
90.7744
295.12
162.225
135.061
168.092
322.494
83.3969
13.2208
4.2029
24.3496
21.7859
6.58911
388.446
88.7554
82.6017
152.793
111.935
200.753
13.6587
229.463
4.70113
114.691
247.784
5.10555
12.1893
15.5907
251.329
285.068
280.595
8.78881
41.8152
191.442
285.294
439.897
7.2212
469.226
91.2144
273.738
249.384
300.155
5.71444
151.115
11.2264
40.8896
74.5456
381.719
71.7047
244.945
166.337
386.229
13.0068
121.47
342.628
542.016
9.60338
266.542
11.8511
23.081
149.005
313.452
186.501
16.5277
40.4531
557.194
-4.78839
267.599
57.2052
16.2144
191.57
403.861
274.394
20.1251
76.6886
105.792
19.9062
60.6688
316.974
21.8345
184.746
13.4096
218.384
50.5033
432.718
13.6048
156.043
13.9531
15.5607
13.9558
340.112
290.006
18.7102
21.0152
514.766
293.313
384.382
232.692
19.576
5.65795
8.02934
367.119
32.187
215.409
63.2566
12.1605
205.465
287.672
324.987
15.6144
15.9961
19.6321
139.164
447.747
304.539
165.987
20.3097
390.893
7.80652
443.985
579.284
336.66
142.45
18.2327
445.899
487.133
419.321
318.635
39.7307
41.9528
58.7598
139.682
13.5758
259.259
178.341
436.944
408.304
476.197
19.4898
82.9492
17.0609
94.8996
440.891
355.56
176.804
226.754
27.1706
246.474
488.814
10.2752
13.0083
17.8049
18.2972
19.4729
26.2536
317.374
344.007
63.1737
318.918
23.6801
234.881
23.1634
356.268
15.9716
427.53
22.4709
323.407
56.2042
76.8698
338.702
114.38
502.013
357.369
336.506
20.0963
175.005
6.77505
13.4022
17.5751
163.084
378.792
15.3686
63.2963
124.321
18.7954
168.121
8.837
58.5041
239.999
169.341
258.979
18.7827
21.7066
290.262
372.558
123.321
209.015
222.216
39.3473
16.098
251.443
49.3335
470.058
13.0466
516.014
503.421
33.5959
9.65605
189.358
384.716
157.027
13.6843
230.749
267.953
172.241
44.4788
20.9084
16.5865
142.895
5.29645
132.14
23.1793
546.35
11.4282
59.039
300.064
249.011
122.496
225.822
10.1241
404.542
25.7574
24.325
120.79
18.1736
14.453
2.52657
104.562
9.57808
76.1429
18.9578
4.6532
117.729
19.7077
21.2338
382.215
207.781
495.251
487.823
201.137
529.327
254.197
548.966
20.2218
287.946
319.557
306.484
259.232
85.942
423.564
7.42871
13.1617
36.2292
352.411
20.1919
468.061
10.771
244.82
19.1718
464.312
435.904
254.787
28.7343
203.068
10.1382
99.3881
549.803
78.5587
94.154
388.09
13.6574
295.166
8.74189
252.687
432.525
32.5576
15.8218
436.097
275.7
412.983
22.7229
176.849
378.949
327.286
227.342
81.48
138.997
450.753
12.9921
474.444
18.8514
89.5255
37.1672
31.9276
234.717
79.6472
30.6877
407.642
510.884
22.5873
20.4593
449.094
199.715
4.07735
24.5719
31.0117
211.483
8.91624
154.475
9.43574
54.2076
175.842
551.685
334.393
32.9204
400.799
61.2779
22.9359
329.077
19.4894
432.731
184.194
10.0398
72.6151
17.8451
20.4136
305.01
138.985
19.0081
5.01162
171.981
82.9937
90.8362
20.1674
302.3
24.5384
16.229
369.03
178.924
7.28938
242.914
354.617
355.282
9.19853
340.618
308.69
186.131
422.877
75.256
349.945
402.478
239.092
196.073
17.1197
173.552
174.736
17.1942
387.486
498.11
185.797
531.478
37.8944
25.4846
215.281
18.3995
21.7249
17.4216
6.81266
20.8998
141.1
93.5622
22.1978
20.8764
380.354
108.811
310.152
114.49
288.87
14.5015
481.769
231.342
41.182
518.798
22.5709
30.5959
11.9899
92.8826
153.972
110.804
208.861
251.676
14.2034
14.5691
23.9824
42.4425
252.947
15.6778
25.7661
19.4806
55.073
436.84
19.4706
5.50742
116.384
18.7725
156.633
70.8523
360.768
51.1317
150.399
304.072
19.8128
519.152
417.109
30.371
262.114
20.395
19.2415
520.419
247.538
540.209
22.1563
21.9249
381.683
264.271
168.182
22.2817
478.896
11.0949
15.6932
327.549
237.742
23.057
128.291
473.925
243.418
10.8624
253.073
366.523
202.719
277.845
110.444
25.3277
470.138
308.69
25.3944
85.0472
21.5233
22.8318
13.7774
55.7407
19.8783
511.646
11.5843
192.034
12.8708
213.96
459.314
10.2907
339.41
19.6241
477.587
5.04055
196.237
294.584
10.4382
19.7421
565.282
277.62
40.7653
435.725
116.097
125.256
15.3552
16.1649
12.2489
126.31
256.165
292.773
182.597
263.943
420.422
292.363
103.041
6.29023
245.96
20.1892
183.091
8.35328
128.912
19.2471
315.392
138.451
12.7174
20.7602
362.368
363.124
486.192
169.064
50.0645
258.068
585.609
93.0359
17.1961
13.516
398.531
36.02
17.3582
23.2996
15.7781
5.2602
139.288
171.332
16.3745
91.0483
130.654
170.339
233.755
7.13592
25.8264
193.64
193.312
22.4918
381.495
304.468
483.737
23.0997
145.793
229.505
20.3661
21.0138
390.594
25.2938
420.588
404.858
76.8969
23.0229
7.71453
305.864
5.37233
119.462
17.7605
360.585
6.42808
111.661
248.83
8.19482
54.5005
14.4588
20.3182
20.867
210.149
26.8796
245.876
50.2692
20.2111
16.7035
9.82496
365.258
184.78
206.795
173.989
136.435
42.724
20.2193
117.537
254.154
23.665
140.905
439.164
271.823
6.72119
113.885
194.282
192.387
10.1314
348.532
183.527
42.3301
343.496
145.581
303.027
22.4628
10.8121
5.56817
103.337
125.535
4.61201
372.657
9.24701
9.44342
491.732
22.6064
9.43811
364.164
293.993
25.8724
-5.69989
80.6907
122.661
70.2094
473.673
290.889
263.838
437.587
126.252
560.42
9.37241
330.415
561.558
43.4683
173.062
19.2421
150.601
18.9357
245.695
20.0864
5.12861
19.9192
406.781
185.71
453.983
378.087
332.811
11.0163
12.4665
10.5092
29.0413
19.912
207.37
242.858
12.5043
252.011
302.009
32.1719
172.446
7.65616
298.452
316.018
12.1775
298.703
73.4065
344.123
21.2853
220.708
22.4541
49.6183
382.035
226.293
62.1596
17.0728
17.3576
95.5508
223.701
83.4597
22.4856
12.406
150.42
232.568
85.9733
206.577
26.1163
98.8699
62.6499
4.00897
73.4898
251.306
10.4114
9.13811
305.546
423.646
337.264
174.494
179.146
16.3659
62.4756
96.0312
22.68
20.9458
360.078
54.3534
25.78
9.45498
37.4809
555.429
248.18
374.582
15.7385
65.6104
69.5571
18.8316
296.385
10.9733
556.123
170.777
199.326
517.996
328.347
184.213
400.154
7.14103
444.694
10.9529
8.26826
24.6101
324.574
132.651
530.953
180.14
134.71
217.699
550.509
199.688
215.542
28.2639
150.812
352.737
68.086
37.6433
7.93034
12.5094
368.967
456.729
244.518
57.2499
371.411
122.37
421.12
14.6971
402.607
184.525
244.966
297.576
131.784
10.1571
358.208
5.65127
355.51
171.528
234.763
53.4706
32.5187
20.0018
22.4596
438.543
44.8623
4.7867
453.941
425.479
248.707
58.6423
14.8795
9.97684
23.2909
399.226
93.7985
245.169
328.845
19.4497
12.797
16.7579
14.1795
97.6673
16.3995
18.6595
28.66
14.6735
9.69479
371.535
8.1993
563.379
22.5023
296.395
184.955
248.881
172.286
332.797
499.519
236.618
5.47443
43.9958
373.918
509.857
16.7892
523.299
13.5639
14.4388
20.2014
260.398
22.2182
432.984
81.5231
241.747
269.918
429.963
294.966
308.109
143.083
180.517
364.623
419.774
79.8067
13.1402
20.9633
329.275
34.5207
17.7544
51.7777
153.878
377.443
424.336
150.855
74.5121
267.873
95.8871
501.171
15.1451
317.739
98.8387
504.362
382.075
489.925
34.1866
235.083
200.552
314.604
482.31
178.429
11.8427
197.391
170.067
544.315
7.92789
116.868
244.456
171.59
403.998
120.578
10.0618
179.592
5.82122
240.746
260.16
144.394
142.311
456.265
166.525
506.26
28.6674
245.526
20.8519
125.213
207.673
6.2986
11.3412
182.831
384.53
366.357
196.343
106.949
296.241
309.421
306.947
38.9198
233.353
269.654
34.9307
32.1049
179.413
11.5475
179.383
40.5842
17.3972
101.678
325.37
13.1001
13.091
373.613
399.061
209.711
413.719
1.7836
15.6404
18.4638
126.482
176.49
263.587
13.7988
20.6395
155.437
309.548
178.841
380.169
335.571
452.296
21.6551
18.1645
11.7539
363.325
39.617
141.424
456.79
19.1333
74.9892
417.684
54.3494
439.496
19.5898
13.6321
396.58
60.628
14.4554
11.7785
306.237
149.187
7.05062
15.9152
8.73216
12.5848
17.6301
288.814
106.822
12.8005
9.35124
252.5
287.641
181.71
17.5287
25.072
212.793
160.349
128.574
188.33
14.6544
8.18939
24.8971
24.2317
25.9317
272.214
55.0643
9.6797
244.393
12.3822
18.3
103.312
10.807
20.9403
391.738
359.001
23.2918
57.8467
5.20747
20.9208
51.1634
475.834
495.038
19.4712
173.211
202.856
241.363
341.387
25.7328
249.311
26.8037
10.4194
9.92668
317.114
353.948
64.3828
21.2447
13.1624
7.49221
415.513
7.3716
73.0082
20.4951
224.929
76.7455
473.836
283.477
11.8959
78.9651
192.349
10.6463
20.6188
266.175
92.786
343.768
11.9213
394.967
34.5946
18.9909
122.176
19.9219
20.2864
428.07
5.79954
12.3407
448.304
115.378
13.8666
6.97674
278.006
86.76
316.106
352.774
143.761
87.7088
28.478
250.85
228.444
206.052
36.9527
302.942
200.002
7.22626
81.2397
461.145
24.9315
170.189
16.8909
272.211
21.6969
10.5745
93.2532
116.184
30.1857
17.2023
13.8238
327.224
195.373
14.9289
20.792
165.721
155.94
18.4697
349.175
20.9529
155.46
337.565
357.121
262.948
20.337
116.717
21.8412
19.2552
509.474
41.6884
347.826
438.846
263.245
335.417
273.889
54.6747
10.5902
128.332
20.8371
413.515
12.4146
16.5198
64.1762
87.9791
544.367
279.089
8.24343
20.969
155.568
275.599
20.8559
103.141
257.425
364.436
287.122
119.097
368.826
19.1125
56.354
236.362
317.492
6.71899
178.302
56.8175
326.622
461.947
350.229
44.4614
17.6832
10.4255
304.833
129.529
48.7577
120.316
17.2929
334.988
25.1089
418.581
10.5384
418.595
22.4397
13.1316
164.801
513.526
21.1544
21.2921
140.894
97.9595
255.204
17.3277
14.2833
71.1086
17.0051
175.467
262.455
15.281
426.793
225.332
137.429
41.1374
27.636
451.021
14.6352
239.083
34.2345
87.6489
20.1455
279.558
22.5446
260.282
221.071
127.35
11.9909
48.4169
101.221
15.6159
21.6657
403.73
196.236
331.105
352.976
32.6927
408.401
73.0769
6.23517
521.782
4.67403
15.9661
400.43
103.789
13.7447
20.509
118.412
46.635
420.896
203.501
26.1959
117.365
432.016
24.4925
130.085
18.0426
14.6347
-5.3337
9.88586
6.66303
208.52
49.7649
16.0418
330.233
381.916
205.263
12.9263
15.2755
21.8421
21.8124
98.4269
15.0968
88.2528
125.123
228.743
17.5506
20.4913
18.3268
281.995
323.394
539.247
135.064
11.8554
266.201
25.7488
90.7922
519.98
168.315
240.566
535.376
23.9494
410.448
26.9574
214.937
11.2681
311.518
338.181
197.288
18.0713
33.1629
283.567
210.571
543.828
17.7011
92.591
9.51517
19.9776
351.193
417.735
344.557
22.8301
321.739
14.5758
216.174
136.704
242.789
19.4257
253.158
22.0186
140.881
398.113
362.649
305.337
217.427
424.029
292.995
362.951
202.93
21.8435
171.949
181.257
257.67
474.751
21.5591
20.6792
466.508
406.049
17.6999
10.9489
13.2838
349.696
438.383
16.052
417.188
387.007
4.65548
6.23633
449.111
359.654
131.247
171.521
241.623
23.6948
19.7039
245.811
528.973
400.409
9.02155
219.848
556.066
406.367
278.818
41.6298
341.393
8.83133
102.848
407.544
105.736
9.47389
17.7813
460.595
217.465
364.975
22.379
181.216
9.60036
337.498
159.595
274.519
390.778
376.875
16.0179
48.1041
247.652
344.749
27.0467
204.873
376.681
12.1824
341.698
21.2648
532.916
19.3146
582.686
454.526
215.31
6.22298
246.244
10.2433
117.598
27.1382
60.6058
16.6462
409.648
8.34627
172.854
393.871
63.525
235.034
112.805
211.841
10.2489
19.9532
544.422
9.92732
324.336
6.79497
138.587
216.879
67.0413
144.138
5.26744
143.129
27.4717
18.1995
102.979
13.5245
21.2571
13.821
170.2
494.739
173.118
142.043
19.0646
147.299
105.086
167.789
21.1281
12.9409
23.5912
244.024
132.152
10.7015
134.938
26.1347
18.8401
355.198
22.5081
54.3536
359.889
346.179
175.227
512.817
158.903
61.3784
15.9725
37.8117
16.6151
471.331
556.552
14.3054
221.482
143.636
102.805
19.3412
392.359
49.0429
68.9173
294.467
26.8022
211.897
17.8679
19.9881
292.29
134.572
64.9892
20.144
58.5452
260.965
378.073
383.46
267.223
24.3932
450.823
341.346
16.3695
301.692
144.581
332.182
12.7482
32.9235
496.776
267.514
294.046
263.719
7.27328
396.182
439.009
322.057
23.6734
499.621
68.9729
329.934
18.2698
370.341
35.634
12.1678
209.68
144.675
13.5605
13.3268
350.059
89.0811
20.0313
116.315
22.7783
27.9493
10.8055
21.3862
22.4106
16.2815
205.739
328.443
16.9097
215.33
55.0518
22.4189
18.4181
164.81
520.926
100.296
22.112
259.926
243.799
85.6143
15.1085
16.7195
49.6576
46.685
22.6054
116.557
442.295
31.7972
22.1076
74.5347
284.046
433.522
405.649
262.878
19.8367
373.934
24.448
15.8479
409.392
77.5889
408.717
405.931
8.63868
370.921
169.275
9.48291
102.651
19.3268
515.858
252.097
21.2207
14.6005
153.936
14.1689
475.233
496.518
558.391
259.862
250.55
47.8357
279.225
461.813
382.836
17.4007
263.858
16.432
29.9149
244.438
98.5765
256.607
185.477
16.6373
19.1138
164.691
121.422
219.738
177.154
7.84333
7.03087
199.696
10.4442
31.7438
121.994
19.4844
341.219
360.929
525.614
201.959
16.4347
500.383
108.036
10.3753
3.48472
17.5484
49.3922
196.882
202.407
372.41
237.151
10.6187
539.697
131.03
278.132
254.841
160.256
183.126
196.15
447.858
75.3587
28.3497
19.9599
21.779
100.855
313.384
295.271
514.328
90.8451
34.0845
14.5277
126.097
248.079
15.9166
12.5133
98.2962
456.296
16.3495
291.631
15.1444
118.161
113.155
272.979
10.0028
514.415
16.2659
15.7351
164.915
250.214
48.9328
296.672
13.8925
141.031
504.402
6.33811
14.528
410.767
19.9374
170.78
15.3525
395.858
304.72
10.884
20.1197
210.518
19.0908
18.0131
23.4109
360.22
316.587
40.1209
294.073
23.6734
46.1734
13.2307
12.6904
13.7268
290.769
8.81216
273.915
400.819
220.164
107.533
283.454
311.8
395.451
24.2054
131.777
339.838
333.296
453.096
310.257
19.5296
43.3318
197.129
25.0438
183.821
232.59
207.708
19.5341
226.851
226.146
19.8843
88.3698
17.9463
24.7131
26.7449
36.2018
262.09
381.154
161.852
134.914
206.613
6.88511
18.4944
18.0244
187.484
21.0813
148.506
426.575
12.4717
36.1629
21.018
16.0324
11.581
23.4374
215.759
324.336
20.8899
159.746
257.207
155.611
145.883
263.678
384.771
511.195
75.5314
68.7061
14.6386
22.7613
117.696
94.2141
14.6946
287.807
8.21661
13.1805
459.488
256.399
66.5165
16.781
49.0287
106.487
182.304
369.243
118.504
414.828
11.4926
307.78
208.084
10.398
208.319
464.707
201.457
390.314
197.344
20.9756
244.375
216.732
512.937
137.932
306.202
224.69
135.951
67.2126
84.5247
328.739
410.014
315.083
8.93856
348.422
8.09464
204.998
6.45475
207.606
287.757
132.124
245.913
410.469
78.071
6.75857
327.203
122.57
6.1629
33.5963
5.24236
10.7495
244.47
171.522
145.135
62.5947
343.636
201.079
158.22
222.935
18.3228
22.0174
559.038
279.824
215.466
20.4268
124.395
22.6866
125.879
447.239
151.862
175.818
132.542
408.583
206.289
290.721
442.388
107.019
319.39
156.846
540.422
33.8651
366.08
13.2614
55.3851
207.561
138.339
171.782
115.364
323.212
106.257
462.037
100.668
67.4645
483.696
205.312
6.02243
120.258
123.336
19.1503
103.806
16.8456
18.796
74.8519
237.65
200.261
110.799
21.2089
17.8855
14.7204
382.21
322.098
125.219
35.1906
69.3019
22.7823
340.737
32.2902
6.8711
41.2697
159.854
28.7199
20.2116
204.479
288.697
17.3792
22.9058
187.115
356.458
269.227
206.354
48.9767
303.973
15.3736
44.7672
284.34
13.1326
10.76
9.62988
20.6327
18.5158
20.4376
16.2035
314.259
12.2014
364.678
10.0599
438.178
24.4812
349.906
134.364
248.553
77.1266
116.224
98.6479
19.781
343.558
341.329
40.8635
10.7645
130.152
74.3249
161.896
532.484
14.5661
14.2805
228.993
324.246
44.0289
10.8987
24.0414
23.4462
201.676
478.294
60.2595
347.275
567.104
285.121
12.2468
56.4459
24.6706
19.182
25.0231
219.351
71.2659
153.915
166.973
10.4716
266.692
463.767
25.069
230.378
15.7035
13.635
63.5715
35.6581
283.385
237.668
18.4359
441.775
229.911
242.64
14.7611
15.5213
69.3107
20.0416
13.5857
20.9953
65.0976
343.635
25.5293
47.7586
158.346
297.416
364.288
389.427
29.9848
252.268
121.409
11.0673
22.2597
19.0761
55.3371
105.988
240.49
397.017
19.5146
10.6822
369.187
219.03
14.5608
25.3573
15.5266
17.2897
440.71
107.667
6.90183
21.3884
191.224
369.201
245.802
140.97
456.283
544.613
119.416
321.554
15.0644
425.38
39.183
257.37
20.605
345.589
294.609
15.6855
12.1698
23.1155
94.2134
407.183
10.5125
20.1734
15.8111
445.143
296.077
199.831
18.6265
325.896
16.7524
16.0897
96.6201
167.788
10.2272
177.012
414.47
94.3607
43.3434
19.0287
23.7801
248.871
20.6395
17.7277
19.9045
209.708
245.187
8.9587
28.8463
555.926
17.7528
18.4278
226.602
20.8435
373.747
50.8163
439.724
403.495
327.642
305.235
22.5469
533.812
59.6638
81.9252
13.8735
158.19
433.65
259.616
13.7866
17.1423
11.7537
146.105
538.395
177.854
23.3065
354.839
9.00832
54.7917
18.6382
51.4281
174.837
176.418
87.0067
15.4353
84.0091
176.774
18.7739
247.793
129.608
14.1122
79.2335
23.4331
5.39021
10.4522
361.893
14.17
20.7932
9.16266
341.892
405.178
98.8
134.636
81.4978
26.164
16.9269
22.0174
330.975
279.008
131.483
65.1465
75.3832
534.771
383.45
20.2435
5.912
94.7459
244.715
66.8061
423.094
18.3741
14.7648
198.838
6.72723
11.0801
335.581
3.60064
536.081
267.225
312.196
148.149
18.9484
17.3067
67.7127
390.605
28.3754
362.058
282.254
469.23
36.4208
40.9608
245.115
130.753
5.1223
152.241
454.344
217.872
467.909
194.471
208.271
19.4887
8.71674
9.36922
50.705
52.906
80.965
276.928
241.283
125.782
128.573
197.55
237.18
8.73316
21.2855
144.836
301.008
11.0117
107.04
18.3397
401.472
494.269
94.1227
191.996
16.6899
532.212
311.963
4.69977
20.1489
5.44
10.0234
238.516
10.3733
145.634
130.884
19.4741
21.8839
66.9712
175.209
521.002
65.3978
87.8877
22.0982
4.21959
6.54209
14.4095
245.666
59.4889
53.1953
89.5954
16.1606
8.64981
18.5836
14.3036
287.687
35.3696
11.1949
143.372
333.447
234.169
186.58
385.751
398.819
400.971
320.41
350.904
421.697
277.348
368.147
191.162
110.385
29.4942
11.3962
10.2312
136.275
29.6026
18.0689
24.0044
206.903
333.661
70.1502
129.812
344.502
105.692
18.0476
152.834
22.2466
20.451
14.3343
10.2181
23.1433
16.6743
218.451
8.91145
20.0776
19.5061
20.1529
345.462
30.3961
43.8883
106.877
85.5312
303.715
-2.30112
108.634
47.6324
29.2054
129.321
233.135
7.37651
269.743
9.38949
188.303
34.9223
239.022
490.502
110.555
139.771
559.029
214.306
26.1515
205.906
321.666
255.594
187.236
11.7
59.555
264.187
9.2423
191.41
81.8876
9.54112
151.446
62.9054
418.275
71.5949
14.8424
207.311
237.426
376.491
12.6203
90.3783
150.232
20.005
10.2642
289.371
364.222
222.144
20.9222
67.4276
327.496
195.77
16.7123
85.563
405.502
175.525
17.6536
176.953
43.6853
18.2754
18.0319
9.83643
294.441
18.2083
90.4004
31.8645
202.935
82.8784
305.75
13.3472
14.7136
169.616
323.651
281.482
13.9651
8.22643
173.962
14.2825
183.12
129.778
18.333
420.238
28.5118
535.453
15.1674
198.331
285.717
133.415
208.445
32.6002
376.618
155.48
83.1894
15.1535
75.4125
287.289
70.2106
14.6571
38.9205
6.416
6.8326
19.5462
13.6697
185.583
86.0097
100.212
234.042
85.6885
278.705
113.848
362.892
369.762
23.3445
351.343
443.811
156.372
236.876
54.7382
166.247
280.941
291.243
117.666
365.982
99.2849
25.8062
15.257
3.88372
153.238
406.011
43.0763
18.3522
3.24213
366.982
173.823
172.734
14.9044
447.967
143.201
155.187
86.6245
493.747
317.889
5.49041
19.5841
19.0484
287.613
10.2239
272.423
441.913
50.3085
18.513
365.573
11.5133
7.05276
315.95
14.4744
11.7072
80.6442
19.8685
64.635
368.241
289.209
17.9808
89.6918
22.3644
221.801
505.913
169.072
15.5155
183.486
66.4196
30.4257
428.723
278.169
18.1606
233.065
24.0578
329.592
-1.35425
396.138
134.24
307.748
447.239
244.841
32.943
387.373
489.125
20.7348
211.123
107.239
197.763
17.2169
86.3257
179.126
195.594
105.869
13.027
7.86688
446.383
276.802
240.189
539.22
96.335
369.789
481.745
226.01
126.514
62.8756
273.482
307.141
289.622
87.0213
80.1893
73.3033
294.351
18.5769
309.981
21.8801
121.097
33.5412
19.2519
193.432
13.7529
14.0725
310.051
7.14892
166.751
320.592
533.535
37.1577
21.5031
55.5849
338.215
19.0176
525.832
202.49
481.976
10.7901
55.6799
18.0648
74.155
3.81432
19.7627
351.237
17.7465
456.563
169.362
94.1451
313.745
366.799
399.833
363.819
22.0081
343.876
202.924
47.7529
501.801
224.878
36.719
171.901
12.8082
2.09686
21.881
498.554
7.23417
163.617
61.7166
31.7655
183.475
408.205
403.327
217.166
21.1472
298.536
325.477
350.894
1.51404
203.556
52.4019
21.359
22.1253
4.72758
25.6663
311.741
16.515
152.273
230.265
245.77
21.2756
20.869
372.937
352.356
31.6278
17.5019
19.3273
27.9905
22.5819
31.825
260.848
362.741
450.47
24.2705
227.884
75.4026
19.6067
253.299
227.574
365.535
344.181
367.149
379.373
238.291
242.793
284.007
276.512
131.68
309.229
22.018
122.166
188.326
17.7909
376.308
13.3437
33.5873
26.522
214.753
22.9277
14.1051
10.0137
394.884
162.48
442.002
490.885
8.63227
213.645
23.6754
7.95683
463.022
46.6803
24.1025
101.389
149.103
178.698
20.8308
321.179
20.9684
15.9162
205.224
292.521
229.382
369.256
227.246
24.2005
70.0021
498.765
24.8856
27.9601
111.721
98.601
209.073
338.183
125.779
16.8548
11.5748
14.4965
23.2661
248.731
111.195
85.6859
306.959
249.018
31.0217
332.805
483.423
171.684
425.752
60.4813
85.8051
10.7183
352.086
257.818
299.725
566.716
458.85
477.452
385.163
289.842
99.1441
118.203
527.422
22.3443
173.788
369.423
19.6806
19.6513
215.766
12.5726
132.898
83.4414
141.218
225.585
10.8183
21.9084
405.849
57.6366
408.518
132.408
381.828
291.628
139.442
171.636
14.6175
175.239
165.322
238.902
115.987
192.202
20.2414
70.0038
130.136
7.79816
412.479
15.581
73.5136
271.627
11.7798
49.4223
14.8133
390.608
356.419
434.918
480.056
445.617
113.736
18.7484
268.686
41.4978
249.371
175.675
204.298
19.8465
18.799
216.618
233.368
374.723
104.099
22.8574
391.662
285.501
482.371
296.256
18.5334
18.1835
108.789
367.735
21.5255
172.056
17.654
279.077
23.7224
21.0545
364.849
5.39423
496.443
59.8646
66.7334
300.554
52.7497
10.7758
22.731
347.415
313.576
68.8106
231.326
422.716
21.3292
279.085
210.656
242.355
304.165
19.6781
411.497
346.244
62.4059
557.698
20.834
15.3803
552.426
548.677
20.0369
45.5083
19.1085
223.396
15.5093
21.4063
291.123
100.877
302.083
190.741
8.30181
16.4782
164.188
87.1739
20.4979
229.448
86.2623
277.077
140.141
222.377
230.027
8.44924
17.4553
174.005
284.777
102.904
20.1254
295.179
185.997
17.971
415.1
407.429
239.011
338.542
57.9177
382.34
355.837
222.526
174.85
23.8186
145.535
312.394
231.989
284.537
6.23928
56.496
11.0263
76.8254
39.6763
268.561
9.54725
22.2601
14.5682
11.4786
83.098
13.0372
79.0164
174.677
57.5612
495.244
189.9
253.703
127.813
35.192
62.4459
187.856
20.5564
170.54
19.749
155.146
367.888
120.36
234.899
23.0451
93.5785
245.727
472.315
132.432
267.324
204.969
9.0516
23.4162
220.984
345.581
21.5724
14.9687
484.788
7.44808
136.209
28.974
309.745
231.745
4.14759
350.405
19.6489
237.751
150.978
9.37374
555.485
13.9833
17.5534
189.605
9.7709
19.0321
109.082
107.327
47.8652
270.381
22.5825
9.97171
367.186
85.83
395.595
285.764
364.647
405.593
357.951
9.97907
209.347
544.674
478.355
82.9273
11.179
215.296
119.977
283.956
11.1351
42.4157
122.551
316.884
275.875
163.721
22.5748
23.315
20.1652
15.6084
266.982
16.3241
395.571
22.821
26.1529
14.5604
45.0424
106.599
20.6252
414.892
7.30087
407.944
16.6326
159.167
12.1333
21.4766
561.44
253.788
274.466
133.743
221.847
23.828
12.4245
11.6776
432.513
100.066
213.498
422.177
175.155
14.0331
131.799
506.073
252.015
15.9904
6.65715
15.9594
31.9609
23.3993
16.0421
16.2782
409.995
367.614
290.548
295.379
8.82363
22.5866
5.08931
21.5443
347.734
20.3853
406.047
10.2136
34.4956
19.0973
322.105
124.135
5.16156
194.878
234.357
221.232
18.9858
258.567
4.25776
262.671
10.2392
22.488
15.244
12.6336
56.9385
7.5725
12.1276
127.844
9.58166
13.7333
160.177
211.885
16.1698
112.333
19.7373
12.5105
234.481
16.0181
255.156
170.638
58.2513
390.26
295.576
326.642
251.497
310.082
236.657
362.927
9.53938
298.03
14.5888
408.19
23.2432
24.4451
207.842
171.009
471.567
234.779
349.932
14.0241
71.9397
15.2527
268.726
126.487
478.117
176.923
267.546
6.9165
7.84585
299.748
157.021
505.408
253.033
244.811
173.143
364.326
13.7837
443.139
13.3355
130.956
144.123
10.5957
117.469
203.344
351.983
71.0595
7.74951
437.082
248.13
39.5111
150.451
432.247
348.057
145.165
25.3701
296.103
202.337
275.762
30.8597
509.49
7.41046
20.3045
17.3306
190.863
76.3258
184.989
12.3814
20.9046
154.965
47.0135
22.3871
191.193
36.228
11.0885
10.2328
119.259
208.943
249.935
556.202
108.825
91.5119
503.085
354.104
114.844
9.94315
14.1596
264.926
502.968
12.522
341.763
334.52
2.72707
23.9534
2.69289
286.89
236.581
68.5706
5.17851
437.918
152.355
11.9822
289.565
362.488
16.4731
5.2619
40.6115
237.13
25.2217
19.9574
58.2856
19.7014
294.592
21.842
199.934
557.281
9.39713
101.692
132.643
271.224
169.191
5.3568
491.47
288.404
433.02
87.5425
333.09
7.7793
12.4012
17.6373
16.1809
308.081
443.848
222.893
11.6747
463.981
100.125
251.2
286.053
263.759
103.605
11.9734
83.6543
93.1599
293.146
13.3596
118.88
99.1699
256.58
69.8853
13.9948
416.548
197.775
11.5056
262.391
104.5
6.52601
49.5896
298.875
10.3913
187.071
20.2597
493.585
11.4516
119.727
13.2294
6.15061
337.088
234.363
20.3671
419.02
10.6591
26.2902
22.9892
216.577
224.434
394.59
155.652
19.363
63.5497
436.089
191.452
279.707
98.1545
100.589
13.4138
15.9743
10.8844
22.2023
241.927
173.022
14.2558
393.142
95.2777
139.619
327.271
202.537
12.1347
170.203
516.94
12.8768
88.1908
116.553
258.964
337.558
19.4257
284.307
239.55
361.231
121.957
204.338
173.989
10.162
16.706
84.8264
383.408
218.772
6.90851
31.9571
26.2917
175.124
136.592
215.938
466.656
23.0933
115.674
24.1976
236.933
19.7427
174.612
156.238
157.595
148.207
244.79
70.3228
20.1005
46.5307
559.307
109.128
48.8445
19.3029
16.7342
198.05
5.59858
245.826
135.36
204.182
15.7094
22.762
231.973
242.802
179.574
7.87219
94.4261
444.14
267.424
333.285
345.994
26.3217
45.1974
439.935
404.022
19.5547
11.9213
469.002
316.775
32.1468
14.798
142.871
60.8741
14.7415
13.6016
9.66579
14.4952
18.5908
375.794
269.501
4.25593
150.347
11.2435
284.403
20.4274
304.653
19.9828
32.5652
248.036
490.355
169.806
158.843
11.5463
10.4417
7.53812
10.4951
271.642
20.9428
10.6446
504.73
5.6507
538.745
14.5827
9.89755
168.019
6.84393
302.682
9.73569
160.127
528.556
4.60039
106.381
337.916
54.1562
302.547
367.791
210.617
221.478
24.8091
18.4923
159.853
236.573
8.63559
22.4635
393.972
439.735
25.8226
6.79306
440.078
21.5649
9.78372
141.664
220.516
367.415
26.4155
298.306
158.255
240.331
117.29
300.108
15.3945
9.26458
112.738
64.6348
100.665
17.9799
6.10033
22.8183
12.2267
81.3606
384.532
3.47294
109.078
13.4669
10.6943
13.0617
327.101
95.6963
20.6651
9.1084
258.117
17.8488
385.446
25.4905
131.841
19.2617
20.4632
14.7549
297.157
44.5614
5.40873
273.945
51.5092
559.948
87.4934
64.2476
27.2464
158.768
19.763
21.7768
447.495
372.176
424.538
104.374
144.898
70.8548
153.885
246.857
326.626
375.234
450.923
18.0659
17.3599
580.097
287.763
88.4552
169.104
389.094
41.7806
142.346
402.841
17.3357
134.973
20.535
399.601
78.3503
18.8275
61.9562
19.4972
241.695
10.4161
9.93241
20.9528
3.8612
130.695
194.692
158.175
555.29
155.971
317.113
174.123
267.234
62.5578
221.28
10.1242
245.77
11.8536
129.969
147.74
26.5988
243.05
387.496
122.837
337.683
57.9329
9.98971
18.2175
485.821
126.157
20.6671
112.324
15.2524
17.64
14.6519
12.571
195.445
18.0986
38.7602
38.4453
65.6911
18.3979
251.939
13.9955
150.668
22.3795
58.1352
15.8674
230.158
20.0271
284.944
17.1005
173.92
495.11
186.75
8.90241
22.1788
16.1482
272.768
211.398
295.776
39.3243
151.495
15.0249
95.5416
18.6671
62.3816
24.7819
136.599
243.042
250.1
10.5743
114.693
21.6447
54.1746
30.2846
37.6637
495.502
114.932
377.753
293.3
554.974
409.329
25.8813
206.911
176.636
20.8183
9.81154
5.542
260.811
139.596
177.81
275.716
22.6535
189.111
4.87494
211.309
24.2977
13.6713
17.3917
393.804
401.922
119.082
113.068
268.647
16.5039
231.507
37.5199
443.791
10.9046
12.3581
220.805
19.5038
135.869
341.01
293.516
16.5661
119.929
376.559
18.589
10.6103
496.048
140.427
453.555
6.93505
14.1065
414.248
424.955
547.713
402.79
72.1775
47.0088
15.4431
513.436
12.9774
304.189
410.496
245.314
65.9586
19.4178
205.392
18.9074
19.5631
89.1465
13.6625
23.2362
256.289
15.7838
30.7352
113.965
23.7436
76.4089
114.874
250.502
148.532
166.819
524.102
13.2511
5.66108
299.763
222.107
282.53
170.678
-4.4754
20.5447
349.704
258.555
60.7102
225.131
8.8349
183.445
24.1142
226.68
418.224
101.922
20.8971
438.15
11.6212
191.572
357.323
261.01
575.492
138.441
491.573
9.83993
19.1082
117.118
17.2298
17.036
11.8869
219.902
414.391
445.694
264.326
261.553
9.04811
35.3329
239.004
6.34286
20.7547
39.0588
31.9584
308.482
8.99941
275.347
19.0598
10.2903
10.7566
225.29
20.1816
18.8663
202.31
442.858
312.609
175.502
87.2044
215.708
24.9438
14.2938
103.808
24.3443
172.221
8.36031
233.099
186.127
198.527
205.587
22.8989
22.1419
42.1148
313.03
43.8405
19.368
14.3299
150.906
19.2524
295.988
85.6757
408.375
5.07479
208.744
163.199
76.8064
404.12
115.678
10.6548
11.8641
247.294
214.206
309.016
285.418
22.4885
13.0111
20.0473
18.5896
164.272
313.731
263.673
307.178
-19.9673
207.329
420.539
22.55
11.5507
234.605
137.873
202.314
19.642
22.7579
222.673
8.33793
531.211
261.878
122.105
499.839
367.823
19.8592
75.7063
10.4426
10.2853
246.356
329.677
98.2674
20.845
460.733
60.7474
358.654
115.712
268.951
282.419
331.996
325.27
413.276
477.853
168.077
223.688
57.8144
417.119
224.478
13.1546
16.7301
85.0273
390.573
151.529
140.486
351.608
8.42734
250.221
17.0019
347.284
322.034
6.04699
236.833
345.772
10.6159
388.181
399.023
22.1406
174.695
87.3494
235.745
8.88796
46.3935
76.2564
450.594
246.283
71.1807
40.5217
164.487
20.7298
53.8133
5.17634
8.8854
23.4018
268.024
18.2612
291.489
174.132
185.36
11.9847
454.951
187.238
24.8842
15.3754
20.2579
19.9752
96.8495
12.5143
20.8782
326.754
260.97
417.072
9.65049
304.217
237.694
161.41
14.0374
368.171
23.106
4.69998
21.9914
193.713
83.0909
98.7369
21.4566
75.9355
20.4368
374.934
157.525
7.14232
72.4086
20.9762
4.43186
12.5839
239.713
44.5874
288.563
309.4
34.8231
217.633
514.267
59.6411
152.133
100.946
5.18385
399.979
216.742
9.59771
166.856
173.524
121.532
382.628
12.3042
223.859
375.292
218.324
91.1449
142.397
310.1
334.455
68.3828
19.4414
368.617
11.3994
241.382
91.855
128.164
302.038
411.636
186.554
207.509
21.7407
540.364
20.23
11.6671
37.4966
545.899
34.9395
173.561
52.5814
414.53
15.2772
374.013
155.28
174.436
116.865
353.33
9.41427
8.17125
19.7349
132.518
13.6175
2.54975
85.0249
107.634
371.896
12.9547
272.833
158.304
69.8411
366.775
427.726
182.547
175.363
9.51529
17.3038
139.165
11.1124
15.6822
136.07
20.105
127.561
9.4625
7.37446
154.663
132.631
362.992
33.5293
293.169
294.116
20.5387
272.506
78.7885
51.5158
114.45
548.334
58.3229
17.0778
15.9491
283.673
278.005
99.3848
426.507
15.101
21.1264
78.3677
302.625
195.425
151.388
13.0069
19.1317
14.8351
33.0999
237.096
5.6833
18.767
179.135
212.03
153.407
126.061
438.024
49.5663
63.2142
321.587
26.7227
277.701
56.0498
8.92326
237.484
241.39
343.352
281.467
7.02834
288.364
65.3628
175.007
235.528
68.0042
317.262
538.709
16.601
18.4032
434.718
20.2072
16.8757
331.789
49.634
9.4194
21.1651
200.621
465.946
443.59
445.857
5.03801
321.204
224.289
123.944
63.9345
8.13206
12.0885
175.19
377.587
20.0334
285.464
289.155
21.5636
296.534
102.64
315.32
304.639
17.2592
11.6986
10.3571
178.21
242.895
19.4105
6.58785
482.29
177.044
95.2403
304.979
13.377
372.902
13.6083
22.4324
110.102
25.5347
470.948
14.4643
130.622
107.383
145.127
7.04549
97.7632
20.71
153.468
310.181
221.417
51.8189
51.4516
78.3945
197.582
261.077
22.3255
213.718
24.634
14.498
92.6253
14.1072
501.567
106.438
53.8728
269.006
12.2356
326.869
59.8779
12.822
429.011
10.2906
7.00211
109.855
332.832
336.862
280.605
13.7243
12.1435
322.436
13.6943
174.37
14.201
127.836
10.5096
116.067
15.0023
20.1921
79.4932
21.7762
27.7762
62.6677
117.653
20.1894
92.4982
531.853
409.197
265.11
133.103
230.957
14.7231
16.3533
64.4818
212.885
218.969
33.2611
305.332
330.511
10.0349
6.72598
120.254
301.382
9.4384
384.57
292.337
455.784
179.426
24.4026
101.982
122.548
420.471
10.7116
239.284
76.0609
246.383
20.9678
319.578
167.546
19.989
114.831
560.299
15.0197
9.59275
340.169
164.645
287.075
213.366
22.6333
21.4375
147.346
12.7944
90.9678
26.2265
12.5761
363.794
413.439
17.5746
491.281
157.013
43.6348
76.1718
487.011
15.2521
16.918
14.1736
521.789
527.72
238.641
98.1394
132.414
14.1007
266.048
248.076
247.878
101.522
198.692
62.2938
50.0325
446.518
174.819
316.141
126.15
22.2595
300.524
482.473
56.8967
522.668
125.648
289.305
8.66775
104.428
152.498
413.008
485.399
21.3717
288.514
172.412
298.075
27.4344
228.227
507.276
435.209
206.675
10.0926
373.481
13.5009
40.4124
204.074
270.385
94.1082
367.793
428.406
86.1484
5.09215
58.4987
320.211
5.95901
382.065
165.666
95.8688
245.614
218.384
301.147
12.8351
18.3568
288.741
80.9323
202.856
195.962
242.087
20.4184
454.831
56.7629
259.288
13.3006
58.6834
128.056
18.026
10.2966
144.809
14.0408
22.4935
129.8
122.278
204.852
16.4704
15.1952
27.3411
169.31
4.74112
108.761
45.3734
279.191
191.928
181.087
21.0702
7.91404
23.6185
298.662
19.9072
189.72
392.747
179.732
418.789
250.242
343.49
249.564
8.26584
25.543
54.4004
133.692
286.828
268.49
136.669
90.0958
555.532
309.196
19.8022
386.692
273.031
260.46
112.949
410.917
85.544
480.144
439.705
78.68
258.766
308.272
28.2613
84.5294
17.394
489.039
19.2619
356.272
21.4553
55.2831
23.1554
18.5193
324.763
360.675
65.411
22.9658
22.3718
299.364
381.616
22.7283
308.639
237.03
170.504
15.4045
17.1293
371.589
294.528
399.937
13.5045
28.9949
457.297
21.508
16.0051
21.5398
409.389
348.295
313.327
20.0159
24.5521
9.29241
15.6423
302.048
18.2225
57.3493
359.646
349.857
9.43255
155.823
321.994
24.1887
33.2674
287.326
211.69
4.85526
214.547
22.4157
193.235
22.9536
241.754
242.881
138.878
9.32622
167.595
50.3096
12.3533
8.47384
19.5997
386.497
15.3655
18.3939
20.8274
355.22
47.592
170.291
106.96
10.4457
206.557
19.5736
112.91
244.175
18.0202
14.9408
283.863
293.352
339.549
17.4788
157.572
22.7321
466.692
9.41532
363.755
13.5935
156.337
428.701
12.9234
17.7403
5.24301
441.772
210.778
20.2631
372.736
17.466
484.25
81.1015
298.013
251.867
19.4613
96.9274
85.7828
175.449
15.0583
278.71
292.331
298.127
24.668
168.368
343.596
466.973
186.709
82.3632
492.76
135.508
307.905
9.04936
153.443
12.4932
272.979
45.0045
559.671
20.8946
223.754
88.9282
16.6151
30.0527
77.5953
93.6281
5.95803
281.657
215.897
109.466
222.179
212.857
20.2361
302.169
322.274
11.9251
38.0591
288.364
120.961
27.8295
21.4672
330.172
12.7042
317.488
137.453
490.378
67.7059
45.7116
136.659
12.3905
17.4491
170.893
28.6876
20.4792
136.633
164.422
180.887
289.76
79.6703
262.388
279.934
225.345
130.655
221.2
10.0659
320.605
17.829
211.368
143.992
11.9029
144.068
407.906
176.415
10.5672
146.581
27.7493
319.296
385.069
569.703
16.8196
177.342
225.372
15.3069
190.067
13.7414
13.6584
87.8036
90.7405
8.66378
17.3692
9.85445
143.845
30.5044
-2.66632
127.098
468.627
370.204
217.882
63.7625
181.645
349.371
15.0763
53.4276
13.0513
16.9878
129.189
24.1783
217.151
45.2787
126.688
285.91
556.47
75.2993
194.568
61.8077
282.982
136.985
20.1025
21.9306
95.6115
241.258
13.8314
247.734
533.436
97.2094
11.7294
53.7718
111.142
144.878
169.894
237.073
158.475
350.125
257.067
2.96441
7.25041
241.905
7.58196
59.4992
78.9222
9.93301
119.588
31.1107
289.314
10.2791
328.296
44.8113
410.933
250.039
13.4331
81.8284
133.947
21.8785
193.861
27.8703
17.0918
51.2618
25.5891
21.8285
12.2313
26.1675
208.463
276.466
17.9266
19.0917
12.4736
238.468
379.181
346.369
103.952
64.966
284.438
3.41123
15.5923
389.255
283.074
375.419
24.493
174.797
18.4249
254.591
17.5451
329.778
105.325
269.919
45.6258
280.821
20.1244
239.183
282.202
35.1733
326.017
173.654
9.35625
55.115
19.7291
462.834
447.187
300.574
397.398
30.8145
391.234
389.714
306.342
225.132
121.56
15.9797
113.547
443.435
35.2691
5.86045
254.177
21.426
397.389
345.236
14.8004
343.875
225.192
398.715
22.8846
96.4053
367.763
341.312
21.6622
115.768
500.376
218.362
220.546
233.145
22.6438
147.822
236.34
15.2898
173.681
366.979
6.27841
94.3734
52.8501
357.723
19.4497
272.01
393.304
259.126
12.8103
217.434
232.173
17.4197
180.757
18.9066
7.42711
284.261
172.161
245.159
87.8163
14.0488
19.5003
268.74
518.809
49.2536
304.97
549.227
17.4186
386.129
15.7868
32.3287
24.5253
11.889
8.46041
176.864
89.4904
473.709
506.435
185.011
23.6545
246.788
18.2858
18.4856
257.069
269.414
13.5453
315.109
68.8283
108.294
24.3144
14.8628
20.6964
11.9945
21.3237
10.4608
17.6407
6.62897
28.2266
95.71
136.271
482.832
6.64275
305.47
564.421
99.8551
14.3569
168.253
344.796
9.73269
17.764
172.057
46.3244
15.5726
19.1581
446.838
220.407
222.662
135.283
497.109
152.517
306.169
173.001
13.9394
307.271
200.06
226.845
438.783
273.536
246.106
307.377
306.31
306.117
238.652
12.6512
94.7917
20.0805
9.28517
16.0769
295.273
425.027
227.214
11.3863
22.2294
150.111
11.0077
421.953
291.289
56.0232
176.375
60.3548
462.283
183.832
323.909
82.8302
109.619
11.2567
95.0156
232.279
290.635
194.668
322.991
19.7091
20.3821
72.0788
310.184
52.744
17.2454
95.0668
16.153
19.8526
15.1184
201.462
502.707
15.0293
173.4
226.491
101.063
121.394
13.5074
12.1348
9.55531
13.0499
176.669
335.173
27.6515
251.3
282.701
274.241
181.36
15.9504
380.344
26.2163
203.966
82.744
117.808
389.982
151.271
230.483
15.3385
163.868
429.051
240.416
16.7302
25.0631
309.911
65.422
5.07172
390.682
5.17182
25.4636
276.509
16.3694
209.673
200.363
197.943
14.5989
313.548
235.718
10.7149
380.949
217.589
361.352
17.547
313.682
182.801
576.227
5.40728
235.193
370.48
409.638
7.86994
228.402
23.2204
475.597
266.504
397.718
18.0907
21.0364
17.508
46.7124
329.992
118.278
408.444
118.862
15.7236
392.621
20.8578
24.7263
452.672
322.322
404.497
525.011
52.588
229.76
550.398
274.51
19.4056
18.248
251.467
146.352
16.2679
16.681
249.998
222.727
428.319
201.349
157.727
153.356
9.44877
21.8525
390.878
20.349
15.4504
251.485
160.981
15.1158
304.223
33.8014
21.7693
73.6216
392.476
38.8189
18.3467
9.80785
443.582
93.6251
140.937
25.7401
280.079
15.3248
15.2975
4.33691
250.325
385.108
5.22415
87.081
67.4307
46.4075
179.311
20.8692
17.7536
16.678
327.349
372.33
241.875
209.605
63.7554
356.173
168.773
139.802
180.693
15.5495
100.21
467.219
261.701
17.951
283.044
359.326
11.1426
502.993
553.007
18.6874
538.284
38.5451
332.336
24.1972
323.042
146.671
17.2779
55.124
17.5799
20.1733
122.324
477.888
564.446
13.7856
7.13381
208.491
245.681
111.703
112.335
18.7316
8.70184
434.769
192.783
528.887
391.011
18.3535
294.711
458.093
228.481
197.376
4.76964
302.16
113.315
117.832
85.2026
434.305
523.249
423.696
267.005
35.09
23.4473
185.066
253.727
93.0724
21.5838
140.287
373.501
6.10631
18.7183
145.686
277.384
114.821
23.1145
10.371
213.92
116.845
21.0541
40.5568
17.784
20.7778
443.842
364.294
202.894
9.705
22.2147
12.7997
276.13
97.1389
15.2885
435.965
447.862
206.098
13.5797
8.64136
19.9465
12.4888
223.042
176.911
15.5171
23.8176
13.0636
20.0484
94.8368
200.373
9.65311
506.472
265.752
382.739
246.312
20.2181
145.396
224.774
1.20617
92.0645
129.135
158.019
10.927
22.6411
21.6474
18.3056
13.184
133.74
216.815
118.667
522.814
18.1676
377.075
13.2706
18.6678
207.341
275.29
20.5068
34.6424
31.605
10.2246
166.077
388.004
11.2987
409.487
117.65
16.2332
435.628
301.61
302.065
335.104
21.0861
500.926
9.22587
7.33904
201.251
93.8133
16.7124
17.8342
17.7201
267.708
21.2511
118.213
547.699
18.5612
355.896
18.6975
302.211
225.995
50.0722
360.851
208.169
192.539
20.0172
233.019
141.242
95.4833
494.208
13.2107
17.9753
11.7881
207.58
115.522
20.3521
12.7772
381.194
11.7036
257.93
6.17221
67.8676
307.432
258.511
234.471
330.288
319.664
4.58838
24.5179
51.4031
16.7568
298.058
202.034
238.304
16.9986
267.816
106.724
405.965
6.02565
402.667
283.85
278.335
8.06227
31.8776
242.447
186.456
305.305
24.662
399.91
307.079
268.657
116.67
130.685
19.225
10.7769
15.8857
8.50578
266.741
545.147
6.63103
65.8978
277.096
53.8028
526.299
57.2917
404.758
558.499
184.888
147.378
31.2648
161.678
256.033
394.434
261.839
281.076
454.239
156.899
470.726
215.335
5.49044
18.0299
70.6332
411.508
275.284
280.702
274.541
227.472
102.438
461.527
321.521
360.381
20.5227
14.621
314.678
18.1049
38.2054
20.1725
67.5532
19.847
115.269
466.7
13.9823
18.142
270.267
495.174
80.5192
94.1395
19.1794
11.1034
17.9094
114.252
17.8809
365.235
25.7892
308.315
6.73452
25.3026
9.8574
22.4459
18.1413
256.721
389.174
183.271
273.148
42.6083
444.003
462.265
387.93
26.3737
133.4
260.045
232.832
277.961
64.4491
160.163
24.8327
83.7653
276.555
14.4985
8.18651
193.024
118.285
14.6592
209.215
383.158
361.698
308.16
125.09
316.063
118.224
314.53
9.95114
37.7874
83.0231
164.009
587.526
17.6007
20.0476
233.307
8.56266
257.699
440.073
100.048
248.008
205.614
546.749
318.266
241.282
16.2074
21.823
197.36
24.8489
282.306
17.571
228.754
144.413
49.9057
16.7684
180.536
131.878
23.0409
393.845
404.629
11.9617
21.7662
161.811
384.958
223.788
11.3385
195.311
22.8444
44.1275
255.183
103.184
13.9081
88.145
196.043
173.004
45.8322
66.2704
369.819
15.7682
253.65
40.7929
335.549
308.085
7.04801
367.817
305.347
10.4678
536.963
468.654
17.6485
17.8438
28.3167
21.7951
35.5412
20.7268
97.5035
22.067
191.273
221.59
97.5237
22.2929
34.854
405.159
23.3574
443.283
52.3535
46.2884
116.36
22.5988
58.3729
158.942
168.672
407.353
341.684
36.3853
104.38
201.933
73.773
15.8349
337.373
365.444
17.2659
261.037
288.428
140.676
53.0233
25.57
108.661
467.211
162.551
13.4098
22.8517
364.617
21.4411
365.416
20.1968
250.622
5.12125
14.6002
15.3322
27.72
138.076
347.737
359.686
256.913
542.039
6.58709
522.811
31.8215
17.205
282.477
20.8315
97.1164
469.462
14.4761
277.38
14.2159
5.33312
272.988
142.068
365.333
266.283
52.9191
18.4287
390.591
277.858
191.059
463.254
211.417
16.6861
145.333
400.717
293.947
53.15
386.61
262.366
300.011
180.82
6.52012
283.03
478.775
12.7029
133.761
467.653
90.4768
11.2369
18.1242
254.641
18.6429
325.396
245.586
22.3228
216.763
77.4747
168.172
149.573
27.5418
222.129
79.708
36.4352
298.685
383.741
313.191
51.5421
105.66
9.73055
18.6453
374.171
290.975
10.7446
163.681
19.4147
276.988
104.467
17.9588
342.725
190.955
217.358
372.002
430.219
7.88788
322.97
17.3108
58.9916
25.6728
140.481
437.947
13.0343
281.977
251.06
240.68
188.173
344.255
93.88
22.4489
126.011
59.4698
13.6894
333.858
10.4265
38.9215
278.718
15.4908
396.441
396.12
12.5007
123.207
19.2322
309.771
132.779
43.4764
35.6013
402.004
28.6089
22.8402
9.39581
57.4305
172.734
48.4826
89.3441
10.3311
158.723
128.505
554.783
213.145
17.9621
538.094
30.5845
10.1952
12.8661
475.501
13.7638
48.2832
18.6981
169.07
32.467
418.899
25.1898
54.1027
554.238
64.7179
7.47552
8.91362
123.143
296.755
512.482
7.22165
16.0283
125.436
122.624
406.87
62.7911
20.9452
363.169
246.069
28.8158
291.7
164.686
225.522
86.8332
371.601
292.471
494.224
259.018
21.2823
195.116
376.381
14.7215
34.2092
107.007
72.1099
334.048
39.3957
340.159
121.631
186.622
26.7759
371.432
263.997
227.51
4.61165
18.2508
20.2934
20.3771
339.261
404.313
122.712
93.4588
60.0297
224.545
21.4069
281.244
8.01142
28.4811
13.0021
389.7
193.394
377.749
33.0987
509.043
5.53559
256.246
7.21601
247.408
367.683
16.5197
23.7666
123.836
15.5257
287.872
308.899
302.34
91.5608
364.239
73.2038
9.09196
139.095
324.661
345.638
330.785
250.556
15.6596
195.837
290.013
144.329
541.86
224.877
315.5
10.2619
474.655
9.35338
19.5601
330.473
314.729
206.755
13.433
97.6098
176.782
8.79638
18.5377
536.542
47.3532
116.061
146.576
69.1244
10.3904
9.28281
14.8121
325.146
17.4703
411.536
29.2294
532.206
457.423
124.453
12.8254
20.3858
36.7732
221.103
248.722
240.076
79.2212
146.5
237.863
309.793
15.1388
338.376
19.698
237.606
181.101
120.206
127.347
336.027
160.649
20.6115
336.424
373.496
395.04
171.662
6.50405
16.2506
385.338
164.591
107.547
38.3307
5.81273
535.564
61.5824
368.967
196.509
141.359
554.825
18.7425
32.5427
53.2105
145.825
158.131
10.5617
237.542
20.8221
169.227
35.1156
359.912
86.2434
201.12
203.093
67.2275
18.1777
16.2085
13.934
507.694
431.259
196.428
13.8781
14.2608
165.188
483.294
345.241
306.917
48.1528
366.143
22.288
97.5965
324.393
376.096
47.5652
23.2932
145.326
484.32
327.788
102.634
327.76
10.3808
19.0847
132.014
199.951
184.662
431.832
19.4868
26.0086
326.522
121.117
7.73176
155.901
483.622
104.19
16.2708
300.93
23.8167
8.74847
281.865
79.6149
3.03619
151.318
147.926
129.149
59.5778
71.4212
301.682
205.295
17.4566
20.5328
258.156
500.811
202.193
236.29
297.893
10.1052
396.322
17.8917
13.893
368.456
247.253
168.528
33.0836
17.1197
134.041
302.991
126.115
176.505
549.438
150.4
16.0108
99.8922
16.7017
30.7201
14.6026
18.1489
21.2468
174.596
495.71
11.7766
252.434
27.017
21.7041
140.166
13.724
22.1196
20.5914
72.3976
346.715
183.314
52.8606
210.622
19.4114
563.459
171.087
111.672
552.86
14.627
18.0411
239.147
42.8167
10.1807
21.8163
236.783
32.0322
212.183
17.0118
20.5243
252.602
20.6447
8.69856
155.993
380.389
133.639
5.22808
19.7939
345.201
40.6534
21.9828
20.5856
14.462
168.489
18.4107
300.612
8.10488
15.3797
166.823
13.6602
256.406
151.315
100.437
135.433
17.8595
437.437
240.458
36.582
132.838
31.6594
60.2937
163.532
212.488
186.969
481.081
117.762
18.2954
12.6797
184.621
163.56
24.8873
326.914
20.0001
19.0499
309.063
245.679
518.944
429.81
354.968
134.699
311.11
373.441
169.39
450.333
13.7589
23.2782
19.8575
99.7696
10.6058
449.049
286.572
204.031
304.711
180.914
206.745
11.7228
14.3988
404.348
-8.47727
12.8863
160.346
15.8643
232.783
8.44581
21.6769
346.779
26.4142
15.5124
337.273
245.8
240.771
20.4554
16.0071
33.2934
12.3647
164.324
9.79082
47.2693
257.345
9.51775
19.7014
22.9166
26.8483
79.6561
16.9291
368.439
15.7752
373.844
18.5562
473.876
16.1438
17.4431
14.1573
36.2676
5.92714
15.5542
40.9647
48.5552
92.7329
208.287
24.3153
122.856
17.2785
204.297
18.4355
5.93162
317.909
16.0668
14.2855
13.3128
93.2704
198.414
399.244
9.94688
526.733
12.5609
8.9968
290.754
246.835
1.05406
85.972
14.3717
174.624
531.125
5.8836
18.4338
23.8994
20.3143
473.16
388.551
35.3795
38.4795
221.843
566.286
91.6343
305.651
206.813
374.842
356.393
67.4121
84.9321
107.989
275.974
572.404
247.701
11.9168
232.522
288.959
405.273
132.176
17.283
268.081
135.699
25.7988
7.09888
16.3039
208.77
21.8723
378.071
231.958
225.17
159.143
156.505
250.494
185.223
47.1066
187.145
23.2975
5.05318
418.056
235.047
15.2533
171.711
478.542
529.684
314.153
18.1586
19.6178
14.3686
494.755
66.3635
9.9458
17.925
381.056
10.415
231.522
19.1459
368.518
16.9951
9.36266
117.487
19.7029
288.063
202.1
19.3056
205.801
47.9226
414.245
235.118
293.808
361.571
15.3058
222.267
26.1179
10.5605
151.727
147.706
19.7316
17.7776
9.33375
17.5975
91.6008
291.349
236.234
143.163
16.8436
211.635
104.967
382.527
192.607
10.6118
13.0338
15.574
274.659
254.839
77.4444
19.0796
332.538
30.0918
165.683
258.021
87.0982
92.4819
204.156
147.752
351.244
12.749
9.04025
23.0049
14.4432
438.531
6.41559
231.6
40.9682
210.392
7.05784
324.195
201.414
24.0685
187.862
204.258
173.377
15.8742
187.573
120.829
9.73918
8.19678
150.441
11.9597
337.095
302.083
13.0941
11.9894
153.931
414.346
285.7
284.079
363.589
12.2217
348.448
193.051
187.771
354.517
445.702
20.831
21.0323
279.237
10.2069
21.5548
23.5794
83.3966
434.161
15.65
23.8053
7.80125
207.055
472.139
164.273
174.575
17.4935
360.606
558.455
17.8253
54.9238
285.043
9.74572
176.525
511.752
17.2167
514.166
93.0144
22.1644
22.8372
19.1426
483.246
460.58
105.844
19.7082
13.1133
106.042
43.4128
519.717
253.533
17.622
587.686
10.6493
76.1596
16.3475
258.888
149.704
166.463
560.162
9.1703
7.95167
157.408
21.718
377.145
304.202
20.3896
15.1168
24.7361
168.385
54.1186
188.87
380.787
22.1407
14.1706
472.317
59.6795
266.7
139.037
288.067
248.16
252.451
16.0921
25.4079
60.0433
418.846
208.601
123.662
462.873
454.834
140.188
17.1293
21.6013
13.8377
256.121
257.161
58.3433
14.4136
284.477
22.3042
10.2025
20.2086
295.581
388.416
40.2495
301.149
10.352
12.5651
341.876
129.156
16.1588
90.1674
84.7449
178.539
194.921
188.525
68.4891
277.692
127.68
165.651
311.567
290.097
6.91945
283.028
274.985
264.824
29.9732
16.7583
200.641
262.415
133.756
18.1758
402.933
389.487
56.7824
416.68
412.904
349.046
6.89072
360.342
25.579
22.1721
18.638
407.383
241.395
20.1758
320.573
428.585
94.5752
105.486
112.268
23.6768
222.236
535.19
318.807
481.508
178.299
78.0931
20.3471
386.1
530.602
68.3533
20.235
192.347
245.119
87.5791
495.849
255.164
18.7527
16.9263
116.189
57.4546
282.668
208.366
10.3511
403.603
153.709
99.1752
86.5319
21.1507
403.944
16.8252
22.6913
237.792
352.903
54.4173
19.6385
323.107
34.9629
544.462
5.95265
255.262
95.9557
20.688
98.7187
34.6604
21.4481
6.28856
21.2878
146.567
356.016
165.767
17.7568
7.26404
41.9468
224.392
81.1267
146.751
20.5878
60.2083
10.1331
9.32897
12.2533
125.158
12.4658
173.273
102.268
50.691
256.892
356.606
11.0063
78.9974
212.138
347.575
17.149
229.787
377.582
8.89591
21.0059
22.9901
334.067
158.751
350.065
507.578
102.675
292.231
22.7852
452.622
89.8619
104.088
47.3179
20.8583
11.6311
254.534
247.986
320.024
298.053
412.417
19.4202
22.2065
9.50249
41.8465
15.8941
268.044
197.617
20.1401
120.936
80.6996
244.686
135.867
376.166
294.42
336.368
11.8761
337.488
38.3089
431.346
16.6625
8.84309
35.1504
127.945
355.458
529.888
335.128
225.178
12.7621
137.672
249.996
172.747
211.36
12.1394
11.3408
212.858
171.808
76.5721
363.169
14.0193
255.491
15.0918
339.576
198.918
64.3225
420.341
363.142
70.3517
385.112
22.2516
145.616
364.933
288.707
311.429
20.6869
49.6539
5.15272
36.7195
56.0318
383.821
384.193
137.659
300.619
13.7257
460.397
193.414
114.696
22.8618
506.397
10.4938
157.114
370.83
14.8798
125.388
284.348
8.49957
142.495
252.508
251.862
5.72218
105.718
14.3431
294.272
10.2196
405.786
272.481
6.58464
50.4001
14.7164
53.2616
370.977
353.714
127.678
10.8954
298.028
21.2805
588.879
92.3248
14.718
21.0303
7.50379
323.373
438.636
14.7734
121.241
404.49
96.2456
20.6104
349.66
274.369
98.9407
344.645
167.39
228.544
192.047
15.0028
13.0534
62.6007
93.671
326.306
370.947
319.474
12.3469
240.88
272.023
231.956
20.5687
148.559
18.0884
61.2253
344.612
174.291
104.524
222.157
103.514
102.89
11.207
321.76
444.069
93.8396
43.1465
464.495
138.282
202.199
11.3425
12.7287
330.789
52.2653
29.8991
111.3
446.611
137.817
29.4705
453.295
228.893
25.8167
314.256
109.098
20.2116
109.036
390.947
18.4195
143.239
538.389
94.373
117.933
395.903
254.305
12.0534
121.189
367.684
286.043
546.395
39.6082
119.823
12.3852
212.522
24.6581
456.325
15.1298
547.424
10.8041
6.49306
340.469
110.641
11.5932
218.829
15.5977
352.378
20.9874
70.5279
269.633
11.2883
289.364
164.176
133.094
200.691
152.236
382.824
20.3117
280.661
174.458
240.14
17.2586
152.092
20.2516
28.7666
88.3882
151.943
217.822
190.544
20.7758
15.3
162.252
19.3679
314.222
14.968
16.8435
214.253
319.186
120.33
19.4804
178.227
18.2774
39.0969
79.0268
472.917
23.1542
58.4063
124.473
124.019
404.294
24.5864
322.935
326.824
226.173
169.517
16.0595
98.7805
243.172
14.418
382.55
199.78
350.1
17.2352
29.0116
149.588
13.109
237.418
19.3656
211.659
37.7463
29.4768
364.992
49.0475
372.224
299.905
70.1283
146.312
457.223
273.427
207.241
145.914
194.581
226.881
16.5375
372.567
475.772
301.095
21.4152
22.2271
9.45996
22.3186
364.004
278.237
340.518
9.44374
373.26
22.7804
134.273
50.9864
16.821
6.58702
7.44629
494.146
19.8032
21.6471
215.76
11.8682
15.9011
116.829
166.492
22.0029
26.4558
516.286
471.344
24.057
375.599
458.807
322.406
164.205
21.4463
25.0865
429.819
290.014
12.8942
525.872
176.59
285.592
40.2407
230.026
212.124
57.9961
6.78036
22.0134
60.7045
17.8735
283.153
16.4285
12.9774
209.531
26.5295
20.945
18.1976
4.1639
12.5101
19.096
228.219
364.883
327.884
21.4794
12.8525
119.353
46.5516
19.1238
47.5826
334.107
282.608
440.063
5.63472
284.349
304.229
33.7597
269.068
18.5762
344.598
133.165
9.32403
79.1408
436.818
21.356
10.9431
224.699
16.3179
445.713
210.348
321.566
248.679
19.4565
169.392
3.05652
23.4964
507.952
209.618
98.647
65.5216
19.684
274.227
14.6844
129.751
10.1294
99.6004
181.08
445.92
15.7987
126.897
18.6505
65.6488
34.2674
20.6778
252.515
230.322
63.9821
254.278
312.335
9.61886
304.534
220.633
298.401
211.045
24.6629
10.9338
16.526
20.0024
479.281
12.6988
14.5851
406.437
349.622
196.887
401.26
15.2022
354.747
339.82
175.817
82.4467
29.8173
205.764
383.225
251.647
187.484
244.391
25.004
6.14545
16.8836
10.9769
117.918
10.9702
407.601
10.2519
503.655
111.668
27.5664
168.543
200.779
20.2299
245.401
159.173
253.387
202.717
63.2235
26.7161
372.14
387.286
16.7965
378.751
354.376
64.4258
73.1494
115.598
83.36
8.27124
122.766
5.58642
19.5976
16.1553
19.5436
199.68
150.223
131.782
337.867
200.368
5.29097
5.09928
406.115
398.563
167.551
74.8772
22.0855
16.2933
88.6094
107.574
81.9512
68.2566
141.231
9.68579
83.7182
18.6393
27.0386
295.285
295.96
296.116
128.918
524.008
5.36585
286.669
180.943
340.466
164.849
13.9469
291.691
13.113
17.6551
11.3045
271.464
179.909
12.6659
25.1715
14.334
18.3166
258.253
22.4163
10.05
21.4647
12.1127
8.20986
192.342
140.064
23.4317
9.80921
20.7457
34.0524
23.5447
475.339
532.576
159.671
27.1083
82.5775
338.031
261.404
322.758
5.12658
11.9571
434.306
174.262
7.10183
225.87
100.437
343.991
12.4868
290.54
57.4972
67.156
205.277
99.4974
456.907
236.501
23.5274
19.4959
68.0765
153.617
288.034
317.007
449.865
15.6111
19.9142
13.5131
22.5639
83.3536
232.884
111.818
20.3227
139.884
255.662
90.5607
266.375
67.9725
16.3152
20.6941
114.297
10.8933
6.97081
19.4592
4.06891
334.303
258.379
345.432
467.157
19.5611
10.619
59.975
314.819
49.4515
247.832
92.052
27.3156
510.875
367.524
75.2743
553.126
500.483
361.476
35.2233
24.8848
15.7835
180.85
17.6882
25.5069
128.921
19.8655
29.779
125.454
14.214
207.463
494.947
454.89
178.917
391.348
18.7318
207.179
-8.50387
176.853
311.395
217.767
273.638
15.8139
194.414
445.349
17.8837
175.659
80.6389
21.7557
62.6669
36.1766
15.3034
181.011
407.311
256.742
278.293
15.5102
88.6833
12.906
349.637
506.339
401.681
20.3107
449.38
21.1352
409.086
14.9476
318.5
343.422
9.40947
340.413
12.7778
15.8454
230.611
18.7936
184.489
66.2597
93.0192
555.111
368.904
201.389
269.087
371.987
352.72
110.026
22.8572
10.1167
60.9324
21.0809
115.801
236.405
16.873
534.395
214.603
442.973
25.413
20.2193
20.3671
11.9708
81.9144
363.636
363.014
308.589
187.042
128.907
11.3143
108.632
85.087
21.4939
20.4167
500.463
403.128
432.772
-30.6551
25.4534
147.462
123.43
2.41203
179.548
92.0505
101.674
491.989
346.916
16.6318
123.264
16.2979
284.63
205.513
173.05
374.788
286.761
61.4692
7.73835
108.924
184.969
55.0778
20.564
23.7221
9.93413
19.4662
201.661
380.217
59.0201
57.2644
17.7803
177.936
238.042
14.8619
248.522
13.5491
22.0387
6.97208
84.4835
21.4945
24.8754
504.733
11.6886
16.5104
297.008
98.6313
543.549
313.988
464.765
301.337
171.405
335.461
474.325
194.383
244.958
19.8768
7.12403
230.687
193.513
18.1918
4.18321
13.6798
147.212
87.1727
22.9338
19.2768
251.074
238.762
342.73
297.365
88.6123
397.006
151.634
17.5944
449.995
164.895
244.177
133.753
11.8002
148.827
63.171
229.617
9.26329
241.078
165.056
512.589
497.012
143.618
336.922
214.436
210.631
94.8705
251.02
411.526
87.126
139.216
201.539
159.082
287.64
373.739
10.4132
519.517
202.32
71.002
453.276
11.9768
89.9469
517.344
514.207
347.308
9.26389
137.587
17.0393
17.3232
454.341
455.546
267.847
15.3175
88.0118
408.519
166.909
16.282
405.554
202.176
12.1431
188.164
438.45
552.227
51.4786
95.7017
268.622
107.376
154.22
308.021
22.4665
390.646
28.6995
279.863
238.366
460.8
20.5013
238.225
43.0367
122.911
191.955
289.033
376.131
465.635
556.036
341.319
300.702
360.94
113.987
157.742
5.72484
21.4765
18.4911
19.4871
106.819
307.09
15.0533
431.755
370.82
145.439
72.5766
367.762
181.447
15.4772
10.9205
107.918
17.5265
258.839
196.223
262.892
334.51
107.33
350.984
316.526
214.202
530.011
172.625
128.62
10.9978
17.0974
44.5218
95.0058
153.864
524.589
116.285
289.942
73.0642
59.0063
14.8564
19.1579
55.7876
10.1713
108.193
29.1976
43.2503
62.4287
422.182
12.8531
270.767
30.2258
94.7856
139.783
130.744
65.6952
344.69
79.9103
200.46
205.051
149.244
17.3629
197.373
20.8786
196.284
150.23
58.1628
162.807
10.2087
407.76
9.05514
249.621
516.814
36.2178
12.4019
23.209
31.6241
48.8006
133.112
11.9901
25.9928
17.6739
311.511
239.378
99.1678
81.1716
11.3132
239.658
45.8645
372.157
263.682
9.64449
17.7794
111.896
161.463
19.6141
81.7376
105.349
160.303
24.2703
207.047
309.0
44.0971
23.3872
216.195
94.2969
331.325
12.9335
313.144
9.96393
142.14
526.1
264.781
61.2979
17.8375
325.978
368.479
13.6655
11.7114
20.7016
20.6004
456.327
130.046
295.77
75.9229
16.637
114.168
20.5363
217.54
15.3013
81.785
244.854
182.845
15.6946
326.927
235.061
534.735
21.5321
16.2362
265.635
87.4188
86.8433
18.2956
65.9875
174.454
18.6591
9.69111
16.8457
212.448
12.5024
10.55
270.62
17.5327
18.452
119.606
293.152
465.318
128.882
15.0983
67.1694
193.164
122.863
258.441
24.0725
193.259
18.2721
-3.29775
89.4904
414.609
434.864
418.267
206.044
76.8462
23.3783
435.112
10.9547
22.3402
106.849
23.8875
406.41
12.0809
260.03
504.812
352.035
165.399
113.606
10.7012
185.719
292.62
206.967
85.2615
38.0645
15.828
172.641
5.53993
117.016
159.434
19.0338
19.9658
10.537
52.0297
18.7348
361.185
0.311099
19.2819
117.948
23.3674
498.941
110.774
17.3323
175.741
85.744
170.631
510.078
187.609
181.656
9.0156
121.997
9.01979
229.235
27.0242
214.463
18.7388
91.7303
13.7966
95.8084
212.859
355.856
369.847
13.8745
18.4614
139.968
416.28
198.117
121.307
326.506
18.7142
304.405
159.723
11.2641
45.687
169.239
19.9974
60.8347
231.577
353.137
159.003
100.741
411.828
26.129
411.388
23.1992
24.1915
20.0409
19.9097
20.9091
103.034
145.437
539.149
543.255
107.783
29.2507
82.2761
380.607
436.504
247.684
242.738
12.1842
5.85238
10.7831
29.4773
10.8199
17.7786
15.1019
194.677
366.24
21.1008
247.201
11.7203
445.56
334.115
98.2703
134.997
429.498
308.874
299.4
18.2288
53.842
469.195
348.206
9.81323
185.762
345.435
174.376
20.7268
26.8895
487.667
4.86498
54.1708
106.557
269.994
303.104
19.8242
381.646
22.216
4.74594
332.6
11.6168
20.8076
307.394
23.2682
15.8824
257.612
6.69045
525.765
22.9389
21.1964
92.7375
190.063
101.915
75.5331
229.973
250.212
162.241
17.3258
151.429
296.485
162.431
110.168
35.7776
32.2601
139.88
311.467
217.041
9.18246
272.491
9.37128
306.229
15.3118
19.4874
120.369
153.187
16.0224
93.3577
20.7593
178.826
96.8996
53.2505
20.0639
53.9433
388.588
139.055
408.627
484.743
7.91244
63.2123
206.838
210.63
16.1545
182.344
82.6017
21.6344
374.803
18.0689
358.893
154.352
95.7134
491.873
135.951
310.867
181.864
20.2545
371.449
226.576
507.442
17.6185
342.488
19.1667
18.6308
103.849
111.957
156.368
19.8378
151.562
18.0949
20.5688
9.35396
139.471
122.965
32.6147
125.636
316.348
233.209
525.278
211.744
9.08483
7.92657
202.23
13.8867
17.7378
17.993
450.058
376.191
55.6443
257.61
369.266
21.0328
381.383
124.918
302.633
106.742
244.995
84.7498
138.357
105.211
21.2389
119.055
161.389
351.992
8.36736
23.2203
20.6619
19.7196
62.5225
442.765
420.688
24.0186
71.252
24.7227
202.187
24.3032
17.7433
258.923
197.375
33.0445
12.9186
328.6
28.8095
171.482
352.231
119.302
155.814
21.225
22.8162
266.467
12.8888
108.968
284.316
9.18661
226.943
16.3117
11.3035
315.597
19.1169
125.001
261.088
17.9914
103.927
294.083
278.556
193.646
50.5404
243.555
154.384
43.9362
4.1455
19.3455
23.5131
204.004
358.189
9.35439
231.895
247.786
442.072
233.696
283.568
76.9123
553.025
14.4117
559.448
21.0128
13.184
22.9328
138.69
23.9615
22.9118
189.327
104.556
24.1416
83.0624
322.726
478.689
197.371
344.517
20.4998
318.85
4.89515
34.8577
219.877
46.8073
84.8405
18.1106
140.327
373.253
271.088
463.183
279.058
312.356
175.265
21.3724
341.687
243.719
431.376
501.273
43.464
15.1642
33.899
274.999
165.572
189.283
7.86257
18.1754
348.994
217.94
96.4916
45.0813
240.037
52.157
102.715
33.8777
12.3186
578.213
248.121
23.1809
21.2786
10.8058
19.7337
436.665
203.778
131.236
11.4914
135.512
251.779
193.297
22.2076
17.5126
273.977
15.7795
308.099
165.441
17.0235
193.504
125.629
208.856
291.403
282.855
9.54688
266.771
503.879
198.573
515.685
273.43
174.973
34.9332
28.7959
263.788
21.6111
200.691
455.935
25.7305
36.0448
103.61
63.4589
9.64043
240.288
19.4646
444.167
211.891
32.1047
23.8236
59.1942
375.138
241.267
10.4044
236.527
19.026
227.432
249.346
21.5193
63.0977
17.3781
203.992
158.267
15.5812
22.0964
244.925
80.9718
13.7207
41.2318
319.529
15.4252
262.169
225.091
178.268
158.27
71.2624
411.815
370.229
266.97
229.336
193.86
382.558
7.14881
13.8268
192.887
420.295
64.123
124.28
25.3115
146.45
134.194
275.783
186.717
350.624
179.843
12.7891
19.3091
302.065
135.586
102.776
16.298
20.1908
125.501
365.346
172.884
178.977
416.859
112.786
287.244
7.50359
343.872
93.1371
9.34898
126.964
224.654
16.8475
95.691
488.791
121.264
331.902
20.6791
274.42
74.7869
235.845
11.715
328.65
69.4704
25.6931
127.636
18.0022
321.218
569.128
366.327
321.109
519.695
449.172
479.911
22.2262
269.999
512.815
200.712
547.069
110.695
15.4466
47.6157
370.381
20.3512
15.4864
225.305
202.062
444.497
24.2408
14.9977
232.168
124.451
37.2698
234.656
12.3239
180.468
493.105
285.817
367.991
7.69592
319.114
245.111
105.414
240.177
68.8356
351.572
19.8595
5.24023
379.845
12.55
20.9929
208.232
413.822
304.17
133.502
342.285
15.7828
282.91
17.8556
267.738
485.061
17.8805
15.2915
23.1894
362.057
12.4135
358.059
11.2568
184.889
13.7044
51.3932
327.247
72.2474
267.502
404.032
365.715
13.5296
248.55
18.1037
247.666
28.3529
338.612
16.8371
473.231
16.5787
19.8934
521.556
74.7317
49.0038
25.0962
185.444
451.879
193.649
18.6253
1.3131
158.084
26.0264
9.42736
34.8385
286.419
226.269
11.6101
77.1403
17.5081
412.172
87.4087
353.882
176.316
195.004
31.9451
289.715
238.789
323.998
475.606
289.942
75.4524
143.831
326.792
265.309
79.5548
309.766
481.705
120.204
422.954
271.025
17.1854
70.4429
5.14346
19.8455
462.292
449.575
470.261
361.185
357.593
186.586
81.1325
426.387
14.348
303.099
512.654
64.8287
460.585
104.955
9.59297
121.407
400.201
243.342
54.1295
289.911
336.536
20.7276
259.654
99.5291
22.9017
6.68822
443.202
10.6618
382.957
6.40523
261.002
61.2137
539.033
544.205
108.37
282.106
289.889
343.764
5.65393
302.79
296.097
367.025
27.4472
317.771
450.09
72.0205
175.91
375.337
541.873
35.724
20.0806
81.9687
180.741
300.965
23.343
98.1275
10.7569
252.771
223.186
19.3605
328.982
392.968
269.088
229.445
16.4453
23.0397
175.368
20.8743
380.816
346.364
13.8384
9.743
239.269
178.516
425.155
278.553
128.852
78.6411
17.1346
13.3573
21.4404
11.2548
23.7704
9.17977
85.1934
15.0021
105.133
229.464
108.069
56.6017
543.757
376.506
210.967
53.3015
248.456
236.399
20.2555
264.509
559.08
77.8939
204.336
49.3279
265.145
26.3892
12.7261
389.992
21.9616
116.213
163.407
23.2878
138.439
22.6771
2.47655
15.3322
59.7336
17.2294
223.428
321.367
109.897
231.395
99.6621
10.2742
6.92649
493.175
392.314
16.2064
293.374
494.171
9.24532
32.9013
112.905
35.51
200.32
332.404
22.1498
431.746
415.972
352.846
14.2413
269.931
147.42
56.2981
243.893
364.138
486.256
4.29372
15.8114
41.8209
84.9025
241.31
270.675
20.6117
14.9041
273.839
22.532
398.134
17.0359
33.29
24.7759
10.4374
67.1575
53.5709
23.8551
24.0835
15.0914
381.978
17.2623
10.3855
91.2183
132.577
16.0741
20.8995
10.6188
84.6053
200.824
19.4587
300.866
542.911
29.8611
18.2122
481.596
11.1484
135.952
299.826
14.6126
5.61831
232.2
199.609
21.7152
79.2649
22.0921
75.9051
85.2925
320.106
19.3032
262.893
43.5502
17.7896
143.928
9.47613
388.968
117.012
163.606
48.2904
58.7707
7.41258
18.1551
565.81
285.529
24.7983
169.13
4.82749
19.5215
108.731
146.097
287.398
94.2086
232.66
207.917
290.652
213.136
71.5456
114.807
332.642
13.2762
308.621
256.243
272.659
404.151
338.339
316.755
42.2136
406.595
10.7337
126.379
24.4155
16.3498
84.3559
62.0291
93.3415
86.9829
21.892
10.288
7.92755
363.046
44.4226
19.7914
373.815
178.935
438.223
131.982
95.4779
104.708
115.918
16.424
274.156
110.803
123.532
9.21459
499.327
380.001
371.327
62.0347
48.1076
274.961
12.1507
15.1824
173.982
16.8288
97.9181
67.7048
317.611
10.2015
419.918
214.848
17.7745
222.763
381.572
287.255
374.67
17.9449
164.858
17.5105
214.464
17.6377
206.359
398.756
320.611
70.7221
21.1943
191.185
426.584
15.5391
24.088
191.964
369.367
6.7457
93.9544
369.421
136.33
9.37076
367.102
388.404
427.884
214.109
56.7203
160.293
475.575
6.11827
4.81294
403.138
273.18
372.529
12.4163
17.172
355.149
21.5158
481.581
266.705
320.272
20.4108
19.3822
458.52
268.876
151.064
10.8601
526.854
48.1624
379.186
147.364
19.6735
188.388
67.5391
13.359
105.891
521.074
209.346
356.222
384.223
80.3514
264.11
19.773
18.195
274.215
302.975
18.1513
402.432
13.5402
154.045
20.7849
123.136
107.108
133.853
383.938
16.0611
47.5872
74.2827
252.806
232.624
30.7021
51.3497
145.517
9.37289
54.8928
10.9604
350.818
210.718
120.213
170.547
381.022
343.363
262.846
175.485
17.3862
212.4
22.9712
20.5708
7.45881
10.5227
6.26254
527.113
18.4817
20.3754
18.235
342.168
337.106
21.7191
344.906
11.6884
59.1364
22.5086
6.4559
14.743
4.96392
14.5645
313.175
15.02
14.7853
4.7498
16.0234
249.776
194.044
19.6167
93.1708
42.8591
271.901
295.982
19.3574
14.1055
176.406
22.428
79.6207
116.078
75.3031
60.7343
12.8561
418.115
13.7862
74.5617
12.9053
78.0281
55.1399
118.421
142.882
341.258
11.1225
103.253
29.7811
20.2506
369.778
159.411
279.142
97.492
29.616
5.12651
18.857
406.924
393.354
16.5475
21.8023
25.743
202.606
175.664
14.6259
8.43339
552.848
64.3358
9.9716
20.5334
105.256
5.05264
479.547
210.88
72.061
16.8941
82.4312
276.343
13.1023
353.088
165.29
20.0583
18.5315
10.8131
95.3475
97.5521
331.55
509.976
408.152
256.709
345.372
205.63
-8.62575
578.518
10.7861
176.913
135.255
244.81
509.706
98.2332
88.7483
35.4144
56.4674
18.9124
24.686
518.711
200.09
185.755
357.411
337.913
392.609
13.9926
318.125
6.4917
12.6638
53.859
12.4164
423.427
263.737
10.397
267.015
200.33
440.014
19.4828
152.461
59.2201
10.8292
479.902
90.7208
19.5848
210.803
153.906
48.3878
184.24
231.742
318.616
-1.41342
21.9827
229.237
164.08
208.623
3.32763
497.965
276.213
330.609
447.7
11.4581
260.091
292.674
18.9982
29.4694
14.7397
203.981
130.266
241.052
182.432
168.759
17.769
74.5339
129.325
263.386
173.522
164.801
79.3834
274.816
3.88226
520.185
106.91
434.485
352.653
20.8168
281.192
53.8583
308.509
189.882
286.461
75.8517
85.5977
299.344
104.89
222.209
165.857
283.088
22.6312
487.452
296.81
383.699
388.664
40.6853
363.884
113.794
42.1515
183.414
177.673
494.566
25.299
12.174
13.119
410.249
202.496
74.1818
10.187
17.377
149.027
360.006
139.194
317.419
393.709
104.598
21.0795
23.915
310.676
9.59873
13.951
149.692
153.384
18.8425
77.7648
57.416
12.6142
478.445
17.2269
248.696
325.628
21.2265
11.1158
302.984
223.256
16.2566
369.53
97.3974
226.787
264.509
200.99
209.996
215.241
93.3052
14.0685
28.4635
134.595
390.03
106.915
327.505
563.424
4.71717
60.3187
244.603
451.178
124.762
235.696
101.831
42.2058
124.951
175.569
115.021
17.8495
49.4477
497.778
295.776
15.1399
162.41
507.746
135.351
361.433
22.1026
271.231
14.2638
97.6649
16.0668
417.273
220.982
18.3913
442.313
93.9368
405.589
227.893
23.8757
10.5363
321.357
5.07803
281.177
27.8343
17.1348
396.612
12.1348
536.862
113.464
66.0743
15.6258
184.876
325.06
4.92836
16.8982
360.775
17.2819
19.5919
82.3336
282.933
26.1897
563.35
53.8877
94.0839
424.893
6.07664
193.924
25.9468
34.3346
55.5416
20.7097
21.9301
382.502
214.154
437.289
20.2218
91.9526
7.53558
230.96
25.4802
344.288
121.302
347.618
527.824
19.267
186.561
387.236
385.164
11.3197
154.22
111.597
210.846
176.871
159.426
338.157
10.2522
334.222
243.04
20.2867
2.53762
9.86212
9.82921
7.47761
25.0163
368.637
10.0805
253.61
153.953
330.92
72.6571
267.689
154.349
19.204
29.5522
241.45
139.795
131.275
451.444
295.202
6.42187
17.2608
183.816
40.792
373.553
45.8495
294.267
22.6821
505.984
253.57
246.744
433.999
305.54
225.309
438.211
13.6818
17.7816
196.208
22.48
17.177
205.748
18.3484
430.219
227.504
32.9776
4.1359
66.9528
19.5447
400.651
398.491
16.2772
531.534
9.64333
206.521
44.4095
143.683
469.871
170.95
251.221
80.6856
149.698
44.5332
139.103
122.481
91.2723
209.923
317.965
314.176
9.57025
155.383
91.9161
23.7601
118.461
423.853
19.9634
64.5096
56.8872
241.655
15.3641
237.087
102.341
122.335
22.1779
442.666
106.006
383.795
409.441
12.506
270.302
19.5116
18.3749
45.0049
364.194
277.216
17.165
561.301
78.3794
242.655
25.5594
513.097
22.8298
350.794
100.469
21.5358
26.0188
19.328
460.609
265.701
24.8854
303.536
518.834
83.7902
166.076
325.212
379.418
69.2589
12.0825
15.6381
329.411
13.6802
91.3412
305.817
19.4308
36.6738
248.729
207.396
9.45025
343.128
13.0781
62.149
32.2278
138.928
195.174
6.88656
139.691
233.2
272.174
294.666
245.534
250.465
14.2962
150.432
5.21826
156.5
196.926
56.1284
247.276
100.945
98.2667
38.8978
9.04869
215.949
246.994
19.1839
476.851
386.184
7.32581
184.159
518.532
87.0108
221.196
207.642
235.089
265.602
188.356
21.0728
414.139
14.1801
32.3165
280.098
14.4215
13.6996
382.35
365.52
8.7613
152.603
182.547
14.0667
143.56
16.0083
18.1277
10.5242
-16.4447
30.3599
268.069
33.843
174.444
98.3971
21.8869
12.007
79.9401
9.55585
217.127
13.2394
11.1645
230.676
113.757
113.594
403.702
186.065
108.081
276.881
55.297
170.35
45.2623
118.657
68.5594
378.448
173.201
12.9797
190.979
23.3882
51.2186
160.082
307.425
248.085
263.206
334.478
18.8349
222.491
155.096
123.028
257.57
124.991
37.6906
166.143
12.6985
531.14
8.66511
119.205
110.264
8.68534
346.35
241.063
23.8165
248.276
191.733
126.135
393.276
15.2527
250.822
16.2167
26.8992
282.032
56.0479
515.974
20.1952
294.474
141.884
116.002
127.838
14.903
7.8578
167.003
19.9677
207.843
410.24
171.326
10.6619
33.0795
8.80449
146.227
9.27398
20.8394
511.048
8.37679
458.464
12.5639
238.982
406.35
7.27445
172.783
233.435
369.831
5.55858
238.882
109.623
465.598
18.5418
11.6276
128.809
154.171
18.2927
208.375
39.6856
343.502
23.3893
20.5398
27.0514
173.251
9.9416
80.1341
121.409
128.152
15.4257
386.2
269.799
9.67883
391.032
470.391
458.769
191.165
19.4124
5.87993
382.607
159.976
104.584
363.558
171.358
350.723
439.102
148.673
34.3192
10.5365
147.575
280.865
151.016
128.784
162.946
281.744
266.769
120.883
11.467
477.931
11.2675
321.527
147.747
20.0036
10.1777
215.829
127.557
129.689
84.6916
158.659
160.578
10.651
349.938
376.109
28.8588
141.645
10.0834
14.5042
16.9868
110.392
13.7938
17.4587
112.817
87.9485
82.8885
101.625
30.0751
503.11
17.6934
62.3121
266.311
15.3939
50.1022
27.9477
414.324
353.451
16.9887
278.427
57.9395
126.939
24.3142
10.9355
230.211
48.9991
72.88
406.583
303.243
107.754
311.432
304.218
321.993
351.236
88.4631
9.33667
148.032
359.32
24.673
70.7614
301.208
198.336
300.153
13.2067
112.574
526.207
210.741
262.001
268.269
160.991
21.8298
258.564
16.6862
188.949
197.386
22.3013
6.35946
294.984
16.0192
112.109
20.0662
161.003
142.797
155.665
32.0263
413.181
43.7813
75.9672
10.7092
420.329
157.447
9.39847
17.6821
314.198
425.42
142.981
77.6135
433.355
208.719
541.276
22.2082
235.007
4.75526
22.2216
11.9138
175.954
410.688
520.678
10.4989
23.2306
226.13
87.1005
326.273
174.01
358.811
512.186
415.569
18.1561
124.791
10.3757
9.53932
259.509
300.392
19.2857
20.4115
20.3925
448.324
24.7687
15.5841
510.476
165.384
62.9706
524.351
10.6951
69.7463
347.833
10.3825
23.4745
176.757
95.0768
261.817
252.351
14.1911
135.457
342.984
119.202
322.075
159.486
110.761
194.56
354.011
22.8469
12.5297
242.777
4.65871
51.029
204.349
561.275
499.099
11.9398
122.32
15.3464
378.902
492.968
111.729
359.502
68.566
269.404
306.569
142.084
320.172
18.9532
242.476
304.292
44.6821
21.334
78.3882
7.09086
4.67107
147.968
16.0557
7.34141
20.3587
153.205
115.839
20.1525
6.62139
349.571
261.505
129.467
155.372
22.096
4.07371
434.647
23.8476
177.337
129.707
24.7937
20.1312
10.3795
33.2394
5.32303
16.4274
18.5483
8.32721
84.2246
15.1514
413.856
257.463
252.274
463.563
9.21054
14.0917
199.893
286.464
21.8573
7.01728
10.4816
10.282
12.3629
226.202
9.65296
329.837
4.56803
339.985
353.877
284.711
119.028
239.847
459.263
22.8056
203.295
55.8397
375.846
21.4342
14.707
36.8264
381.968
267.493
49.6218
16.3872
219.152
21.0693
12.6804
352.237
94.2888
15.4767
506.137
310.804
20.8642
118.666
23.6677
23.692
512.912
370.401
543.994
200.09
21.7651
22.4943
284.194
127.176
581.919
205.283
17.2832
304.456
180.695
374.576
184.926
19.4548
180.616
501.998
259.966
454.577
491.471
203.965
13.5987
20.4661
357.669
10.6121
345.277
210.534
265.853
8.61963
103.71
111.204
23.9424
164.012
165.685
23.8844
468.286
267.1
11.0299
11.0168
100.978
252.652
5.76645
165.118
347.979
468.966
53.2799
297.257
19.1019
301.105
12.5741
67.6342
519.268
50.3664
358.41
144.013
118.951
478.396
6.38107
268.518
496.433
19.2005
226.25
61.8385
13.3825
264.158
13.6837
331.685
18.416
133.148
127.503
206.534
18.5365
5.59525
10.8948
56.3787
25.4755
169.82
437.612
81.3738
55.4266
18.3558
9.43729
15.4967
10.7135
16.1017
359.204
560.045
14.1624
19.8221
204.296
11.948
76.7205
19.2517
344.253
47.6105
22.3282
115.909
244.865
17.1768
262.627
18.0842
164.254
145.483
336.469
27.9915
52.5793
18.7074
16.3217
11.2159
6.9912
28.541
22.4331
38.4771
17.7179
249.041
152.448
286.917
474.952
354.971
21.8638
20.2844
6.40886
171.051
477.398
374.531
321.27
154.706
353.127
360.256
394.889
22.9211
391.448
97.2112
10.5904
142.587
19.8837
179.2
135.53
67.7492
310.817
-6.52199
16.1353
371.446
431.556
322.556
26.2606
124.788
22.1615
14.4928
211.787
125.498
366.915
101.673
15.7524
122.933
212.916
157.319
167.425
248.387
22.5438
221.046
140.564
330.46
64.6118
7.15729
264.184
402.41
131.316
13.1052
12.832
333.632
309.43
12.6828
196.673
52.5911
331.532
482.73
15.9511
219.123
56.5841
22.9944
369.149
210.146
18.5222
148.67
212.394
123.918
22.6746
168.271
15.9256
270.562
526.105
382.576
490.763
18.2597
112.917
55.7367
5.68936
9.24951
72.8828
269.035
408.35
290.632
214.764
364.374
29.5076
14.0374
12.8803
14.5439
17.4889
88.4189
250.802
15.3348
242.413
223.805
42.0678
111.521
117.017
38.8955
338.972
585.789
57.1004
20.6482
323.005
82.297
286.633
418.859
314.534
221.749
204.517
26.2462
12.4377
22.4374
272.003
23.9229
87.4902
16.6637
134.919
15.2831
568.305
12.3708
18.2682
198.366
97.3129
14.572
99.3465
71.7385
260.757
10.1591
152.279
393.584
115.848
94.9142
110.707
14.5877
18.4193
76.6016
173.844
18.8057
5.2339
403.173
558.714
187.367
7.22878
225.298
78.643
66.0284
9.03937
80.1256
340.887
22.4848
23.149
21.0449
364.959
411.9
20.1433
21.2635
21.4979
289.204
112.653
217.813
-57.1833
365.43
104.181
17.8223
315.843
309.058
195.272
62.4776
56.2118
339.915
163.549
12.8993
530.151
15.6584
405.072
221.946
336.667
449.071
10.4171
154.996
64.3058
160.381
347.946
310.5
189.114
17.5198
18.809
15.7988
106.321
10.8934
269.694
99.4636
18.5404
418.344
14.7536
78.9158
403.34
28.5984
9.31341
128.891
105.06
11.1435
220.744
4.76467
437.701
55.7069
119.589
439.483
180.763
19.6572
99.07
267.827
204.375
10.9008
153.56
13.8418
363.621
28.686
16.2184
384.309
408.851
455.145
19.8187
202.698
63.3331
152.736
190.616
14.0057
19.5325
172.682
9.13308
12.5291
207.171
538.091
9.06634
71.8059
65.8084
131.928
355.454
78.0771
466.18
27.001
80.5528
197.136
126.824
7.38989
187.741
59.9727
188.656
136.409
459.365
19.061
26.3186
321.181
156.395
25.1411
11.5656
174.32
11.5998
19.6109
229.577
21.5452
18.7271
6.70891
27.6629
12.209
91.5434
289.851
126.518
374.601
42.7932
584.871
331.902
29.6106
188.945
117.743
14.4524
159.656
270.722
65.2879
244.271
347.857
285.502
20.85
66.9321
315.148
270.128
321.664
17.643
503.639
209.385
83.3943
212.788
221.919
295.035
428.236
16.141
445.165
27.8474
135.956
9.39273
409.957
11.3917
296.218
13.2567
437.25
15.5562
12.2893
22.0407
403.085
14.761
180.486
481.297
70.488
17.6574
14.2351
30.1762
180.223
82.5868
190.869
415.653
203.434
312.497
320.866
216.936
203.647
454.015
122.334
14.2006
26.6925
17.1763
435.026
134.377
264.349
438.858
523.142
291.812
108.684
67.5579
29.8662
213.796
15.5898
8.91058
5.17953
18.2859
24.1338
256.633
97.6113
11.1866
366.498
170.456
11.9989
437.608
20.4044
15.8608
108.525
19.4365
16.3936
289.823
8.26623
16.72
278.466
18.9469
508.832
16.4369
68.3564
539.802
11.2515
28.9557
10.3072
391.823
477.443
394.269
18.7182
15.1408
10.6795
16.3269
116.255
222.627
169.248
48.7995
48.7006
15.4336
184.436
17.3226
390.3
13.8967
307.973
301.51
241.534
20.7423
93.7132
26.318
184.957
46.5603
40.0783
14.383
10.2692
163.009
61.2198
19.8332
151.812
95.9219
495.632
74.5705
7.27813
4.62015
565.429
80.4017
319.283
112.499
445.496
108.109
22.1409
15.0567
20.3898
20.9549
38.9608
206.187
230.004
483.636
8.30936
127.17
335.536
86.4186
36.2915
322.52
370.31
369.326
461.007
177.281
280.491
11.6213
251.64
162.079
282.094
20.8874
17.7444
474.065
9.27892
335.852
7.89457
20.6944
14.105
319.603
133.242
348.388
24.6942
142.121
347.53
5.74979
17.4378
384.13
447.15
317.392
23.5891
215.039
14.6654
13.9236
144.313
21.3593
65.1556
381.187
10.6539
466.42
47.9427
57.2988
22.1135
372.833
311.146
318.615
16.8577
69.203
45.684
13.8658
197.098
304.783
17.8288
74.3411
46.221
481.492
177.63
192.809
20.6234
186.421
190.192
18.4478
232.725
15.1126
31.7007
434.317
203.417
21.756
11.7946
420.103
282.382
13.7528
19.3418
144.65
246.924
296.019
24.199
185.332
236.898
14.7066
18.2283
89.2304
44.5502
19.8033
13.9642
14.6371
339.366
19.2742
12.8704
19.2878
303.011
24.4118
11.2242
51.7874
23.7973
76.9241
304.934
37.704
10.1353
204.774
360.165
220.297
13.16
4.0912
56.6979
216.137
229.902
366.858
280.973
85.8681
22.721
395.651
35.1209
21.3935
491.453
219.004
422.098
10.3008
249.6
238.645
37.348
329.738
22.3153
567.309
194.974
107.47
230.315
558.545
13.3501
11.6837
46.7949
18.4537
18.8235
370.3
223.024
20.5877
435.515
48.1038
101.324
98.2268
176.132
146.08
-72.4904
265.81
22.5739
319.574
198.142
10.6279
423.066
25.9491
272.9
20.2555
119.101
266.551
232.835
320.869
392.823
16.8591
187.403
15.7745
11.3878
240.216
138.61
42.8162
23.964
385.833
429.727
13.0977
30.4637
458.723
10.4956
24.242
58.8267
9.91478
10.6413
13.396
19.2837
294.729
10.4598
104.702
173.473
148.254
137.292
457.528
306.155
297.482
102.752
375.565
314.219
65.1727
13.1851
257.082
15.0503
21.9931
185.565
71.2101
334.191
16.2338
19.7224
18.6586
132.284
12.6919
121.315
16.8189
13.3411
503.227
201.097
335.173
21.3068
318.758
364.305
132.593
5.20079
441.471
183.393
361.47
419.31
499.654
52.754
185.974
208.263
361.898
133.569
14.0907
104.713
25.2069
55.3734
15.6247
105.78
11.8627
54.4309
14.1378
49.9774
152.21
347.729
17.4198
44.5919
126.822
149.454
48.479
8.13439
103.129
323.674
346.322
23.925
223.626
482.142
509.975
22.4701
378.599
534.736
404.019
216.144
306.348
321.618
386.223
10.1884
185.638
15.8542
444.683
156.849
297.276
305.049
150.731
104.621
18.7173
253.491
378.855
180.456
162.188
259.321
232.676
328.971
18.6691
371.22
15.1949
167.649
24.7862
23.1179
448.253
471.362
7.91349
13.0369
30.6521
17.4258
263.567
339.532
124.057
101.609
108.828
76.5887
58.8656
266.97
21.7496
5.00384
103.394
161.682
11.362
59.8002
296.086
8.13567
158.12
119.75
207.667
21.0128
163.506
376.515
183.638
173.67
71.6693
328.61
10.092
113.473
16.181
299.133
9.30264
7.98649
17.3252
143.267
251.193
208.292
175.128
95.4298
180.511
10.5152
173.243
50.6216
479.196
75.7257
10.4377
225.997
15.5128
84.9591
244.174
385.382
63.1176
16.7986
128.637
100.607
13.5342
23.9297
435.17
104.966
326.362
41.0343
20.1064
17.9528
250.362
402.948
17.1681
21.8202
221.331
388.329
260.05
17.4596
10.5919
163.492
444.353
249.654
8.7209
136.118
5.51001
204.37
399.295
24.4284
382.696
144.928
15.9548
316.102
249.037
556.804
357.499
21.8977
10.6145
208.566
185.531
12.8929
394.194
522.476
88.8131
19.891
12.2176
305.798
85.5049
15.7536
103.288
25.2728
233.962
19.7581
6.93521
71.6912
26.6317
190.276
99.6942
202.994
11.1802
123.111
492.316
21.9629
334.293
332.096
482.036
21.5693
68.808
14.6962
10.8615
26.8656
46.1815
177.882
332.675
14.2143
242.343
12.2981
316.533
318.514
362.6
174.183
11.3161
10.8896
9.59261
19.6245
393.206
537.622
31.3279
342.604
9.67143
17.6364
352.31
261.127
387.756
20.6333
12.6233
62.5598
16.4272
129.816
201.308
161.359
294.114
14.6657
30.0846
66.106
231.978
163.41
382.708
25.1238
410.901
126.932
326.291
155.256
440.259
120.59
19.3607
102.646
212.815
473.838
509.621
164.38
160.88
363.417
120.134
97.1921
493.205
21.7111
367.412
148.717
46.6033
12.457
236.208
69.419
250.888
240.357
365.409
37.5057
456.172
37.0916
14.9359
12.4661
220.059
428.362
252.721
12.3192
15.8091
321.056
32.0678
443.833
161.724
209.491
517.168
108.731
420.59
279.188
315.202
535.253
121.757
267.53
225.188
17.976
24.0866
211.602
18.061
10.3107
104.372
214.623
515.377
27.5323
338.743
218.222
479.06
10.872
83.6601
94.6995
383.645
19.955
300.962
19.5078
158.697
17.2115
370.321
38.8677
5.2495
112.898
17.521
125.948
12.2293
110.481
9.54396
15.6384
208.531
14.0465
22.086
177.655
21.8958
10.3924
95.5522
17.2041
118.092
175.318
301.788
56.5707
318.12
67.9059
18.5968
421.092
374.853
163.924
209.785
5.1305
138.748
106.38
10.9562
17.8847
469.9
272.272
80.1137
342.405
97.0793
72.1835
131.646
131.475
87.0583
462.97
72.4403
464.654
103.994
230.213
347.692
98.0888
341.557
117.063
370.854
337.131
38.357
255.33
19.9388
4.45617
552.132
294.913
58.1092
17.4615
14.3293
444.068
101.998
21.6339
19.6822
9.4627
65.4814
192.704
11.3457
15.4466
46.4093
419.755
16.2612
20.6032
169.254
396.949
439.46
155.348
31.1442
256.475
494.05
288.563
217.436
16.9935
56.7789
30.621
95.1925
149.225
38.8908
11.8576
18.3052
58.9661
170.15
100.883
76.4675
343.448
330.068
15.4317
16.8176
210.327
5.34166
15.8816
174.024
415.993
21.8718
106.084
20.4232
270.301
28.727
20.7025
22.8974
206.618
113.191
22.8913
220.78
262.382
237.442
24.0785
139.651
22.0411
337.935
425.79
21.2201
49.8293
130.385
187.114
153.252
11.9489
15.3293
84.2156
9.17128
100.653
89.0734
525.672
219.613
430.018
320.591
371.33
15.4635
10.8596
106.353
20.1858
51.8375
284.101
15.7027
133.909
347.73
306.233
569.083
290.504
5.72175
232.986
223.037
15.1727
168.566
239.374
222.471
188.831
425.439
244.439
424.334
14.4733
486.168
36.9547
-58.7349
17.4585
21.5431
27.4423
576.134
14.2853
229.256
20.4515
469.142
49.8718
12.2953
387.953
10.6462
468.486
178.583
18.4162
98.3209
9.95786
492.161
462.904
301.033
271.339
75.4387
226.139
5.13064
25.4852
346.618
209.566
128.984
314.029
318.494
310.919
8.50423
190.939
272.18
185.844
225.096
249.983
181.062
119.063
376.834
57.5766
209.484
570.846
18.6442
184.621
345.39
4.95982
19.2567
95.4931
286.414
427.399
432.752
79.9463
276.315
232.807
108.335
72.6263
21.9397
17.8364
330.128
4.6922
359.364
23.9909
311.813
89.9077
180.434
334.354
52.5183
21.512
168.451
174.848
557.039
39.3533
6.73277
20.4832
142.621
12.011
32.0627
224.462
97.181
327.657
141.352
219.258
27.5462
23.9648
170.113
26.0309
327.653
255.306
276.999
333.3
202.401
9.78485
286.485
512.362
31.4343
7.13073
404.961
4.52628
188.187
22.0261
30.0991
20.0491
141.557
49.8709
299.372
186.923
53.3354
27.0908
355.753
320.779
121.098
436.914
19.5495
42.7036
96.8129
185.741
527.671
17.8379
14.5469
27.2508
8.90309
227.569
25.6732
36.6521
12.5187
432.551
11.9479
229.267
296.164
23.3838
295.573
142.454
365.544
202.427
354.535
253.508
5.16113
163.033
558.742
179.308
344.958
9.97991
345.623
255.21
46.2526
177.353
220.37
62.406
165.871
234.183
39.3419
20.1687
15.9001
404.688
75.6008
3.84968
19.1107
15.6616
402.029
82.0015
204.939
444.745
98.2633
329.14
11.525
165.752
26.1871
246.662
24.2311
37.0702
178.28
279.46
9.91376
492.354
204.483
11.396
34.5739
15.9852
246.688
15.2247
404.269
92.0972
84.294
192.747
269.115
210.824
274.011
294.875
9.56704
108.169
178.206
237.529
73.4568
146.303
12.3116
251.368
122.728
210.043
20.3817
219.86
291.342
374.919
29.2418
245.02
220.321
286.77
34.441
18.1485
237.432
482.872
316.41
553.935
14.493
19.3327
277.466
417.83
18.7211
13.5731
297.915
10.0969
377.115
179.058
15.3497
431.355
247.165
162.361
52.7455
217.974
57.6856
190.517
19.3947
59.22
17.2098
399.305
88.2359
18.3696
280.894
12.2055
266.191
206.674
16.9619
9.56271
338.366
454.603
22.1091
532.022
10.9438
22.2401
308.824
353.569
37.0192
371.77
281.123
245.041
142.133
55.8662
118.097
23.3493
562.23
562.632
203.179
229.508
368.603
22.7416
285.0
482.454
8.65519
252.845
10.2863
433.853
37.1612
24.5479
15.8706
25.8685
226.396
109.423
375.797
19.7342
305.682
27.1963
52.5133
434.747
21.9459
282.988
22.4839
112.425
468.391
282.982
200.612
395.517
214.648
14.3296
115.325
154.623
177.009
452.423
288.018
285.175
242.905
14.6758
307.105
341.439
434.608
20.6636
189.25
22.751
215.005
339.655
405.95
371.587
317.01
243.522
342.478
193.22
422.836
4.96328
189.743
193.092
267.895
295.817
492.33
10.7787
192.623
12.006
19.6387
54.815
163.72
265.883
81.1934
481.583
328.247
95.4026
20.8234
18.0111
1.90958
315.861
286.097
73.4082
28.0716
146.951
258.228
101.854
253.755
85.0773
159.78
446.21
508.81
392.839
254.568
306.755
61.8588
58.3765
15.6816
12.8393
244.142
410.426
15.7839
10.4188
216.597
51.8137
251.061
174.794
232.625
24.117
108.204
17.4469
13.4041
19.4405
82.1129
18.1489
324.412
9.5676
21.0999
100.798
18.7755
22.4976
230.159
424.851
560.059
204.22
223.29
438.375
166.438
15.1505
347.271
28.994
21.0298
215.204
111.594
67.7026
140.453
77.4263
16.56
5.05566
188.689
272.041
26.5622
49.6062
13.2538
235.967
8.99645
12.5583
18.1948
23.6678
322.518
336.927
196.608
17.5254
23.3207
12.6895
209.218
127.663
15.5679
539.554
5.06665
166.731
19.8369
195.765
122.859
326.728
19.1507
464.772
393.529
384.195
17.359
6.03821
16.4954
10.2546
362.608
239.845
410.137
163.827
130.651
15.8233
18.841
10.6887
72.3059
187.855
15.6996
9.04588
319.523
7.1196
15.4688
284.823
534.113
260.472
13.0532
14.5306
20.7209
290.409
400.896
19.0237
38.4428
18.0942
248.214
2.65042
22.4579
412.719
21.6006
279.738
277.798
25.3072
100.651
23.8055
126.123
284.187
338.141
116.702
67.3385
252.882
109.535
38.3156
438.541
79.529
16.7243
246.931
301.115
4.99514
360.222
367.543
297.948
147.384
48.3092
9.53931
172.762
29.7267
451.482
334.64
3.85464
2.00284
52.0273
263.907
309.905
237.117
78.4267
407.697
160.701
68.6245
266.285
123.75
177.087
7.85333
74.5181
400.109
267.459
509.314
16.027
13.5118
331.534
16.0628
112.879
22.3836
196.516
348.094
296.765
6.39233
187.776
20.3424
11.8299
189.054
125.308
95.7286
21.3266
283.721
23.9514
345.547
398.374
12.0752
245.774
8.36423
489.649
20.2494
92.8623
23.071
310.199
99.4769
10.1441
38.7284
489.537
208.499
107.527
225.851
12.6435
248.477
190.727
55.7705
15.0714
16.7293
117.538
141.321
212.831
58.916
407.217
136.734
483.174
13.1046
28.3244
378.661
375.913
326.009
26.8374
12.7396
292.247
11.4177
274.681
189.477
18.4527
233.02
414.191
21.4998
12.8343
274.768
326.654
94.3687
35.3802
19.8754
156.385
176.732
349.062
128.382
30.8342
381.947
65.3291
12.9041
360.215
176.691
125.86
21.538
257.806
86.5077
7.362
13.7423
16.3103
22.8029
216.156
48.1511
81.9956
13.0401
276.998
134.218
16.6813
196.492
52.3032
23.3396
450.371
281.585
132.825
319.759
20.5383
407.813
12.9564
4.23376
192.669
293.885
21.7834
362.712
20.2539
16.4143
105.491
519.905
19.3616
411.385
103.231
332.538
270.987
126.656
363.65
268.956
154.383
171.683
19.4064
18.6351
111.007
57.3334
20.3354
0.164699
208.212
11.3892
23.5383
6.52584
555.29
12.79
238.38
26.4973
10.0149
146.184
77.6098
164.586
9.81855
15.6186
-1.13046
238.325
91.9678
377.828
188.223
189.442
5.88503
13.078
359.551
28.0421
442.272
300.227
567.44
211.391
398.235
24.7365
10.6405
212.499
10.2631
200.281
393.132
22.5273
65.4144
54.404
51.849
20.1747
313.363
12.0634
487.546
371.076
149.678
32.2684
15.3907
158.856
332.878
384.473
60.9852
96.9181
28.0469
385.081
12.7853
189.781
9.60351
43.5245
8.58697
89.7435
117.034
252.642
11.0364
16.2854
143.593
59.0525
209.098
217.235
404.566
108.66
5.89222
23.5923
9.14878
207.068
298.084
241.991
16.0519
13.091
122.565
190.625
216.763
12.7171
164.143
15.2123
158.863
84.5857
545.102
20.4909
23.6161
140.365
140.472
14.0071
18.3431
97.7214
324.411
260.139
20.0922
400.509
341.464
91.0279
408.581
305.697
268.136
103.593
406.559
185.382
22.7506
172.405
35.7856
8.77372
16.607
128.705
273.881
29.4649
124.011
444.41
202.41
144.655
463.97
356.176
165.037
415.685
41.4337
321.584
324.153
272.602
21.428
305.767
251.692
136.881
262.525
345.701
356.754
16.5704
210.157
157.785
386.978
106.565
243.058
166.651
15.884
349.959
99.1277
153.18
170.962
25.0956
245.663
186.978
138.039
383.038
348.884
7.66818
14.1922
198.472
419.246
195.251
141.889
18.0335
344.098
168.3
245.37
89.5869
335.333
19.7636
22.8317
13.8099
370.77
21.737
193.422
88.4753
412.884
4.30725
365.086
318.135
31.1946
89.8132
25.8717
77.818
280.115
88.88
105.198
296.04
21.7607
16.6436
139.848
91.2963
55.9672
32.4792
20.6708
235.919
218.407
52.0461
16.9756
288.025
335.568
19.6405
301.636
142.383
352.74
317.383
19.572
52.8713
342.975
12.3393
19.7771
382.084
185.285
241.789
141.881
237.42
329.903
400.972
21.8145
27.8792
200.356
69.839
386.917
324.238
223.555
526.734
114.492
141.117
104.993
168.442
261.758
441.062
300.254
133.393
341.294
16.7072
39.9175
9.23156
113.316
167.194
30.8638
377.086
465.709
545.622
344.713
5.25617
105.498
13.0682
439.417
244.676
11.6929
496.665
112.877
431.077
73.6458
106.391
142.004
284.88
73.3631
19.5522
24.2429
16.5561
237.983
25.4329
21.5326
154.386
308.451
24.0023
405.058
56.1888
183.805
409.255
21.6643
7.38743
15.809
317.714
245.171
9.84316
13.9318
59.8198
385.446
274.057
265.28
48.3754
17.8792
16.676
165.117
32.6161
21.0871
17.0876
20.8952
18.5832
307.431
331.651
235.768
67.9168
34.9726
57.4707
282.68
332.23
220.316
17.7928
9.73223
527.257
20.3915
108.217
13.3751
200.076
190.5
480.823
292.142
127.465
22.3124
272.608
357.566
324.946
115.792
189.407
219.005
9.0827
9.36493
21.057
13.1319
190.977
166.944
509.284
163.583
20.2518
23.0189
235.857
21.6532
453.965
173.679
24.5853
18.1487
81.7042
17.7856
14.4649
331.89
411.001
186.648
23.633
260.041
423.437
391.113
15.2532
111.621
404.76
363.044
9.10643
8.23789
328.739
154.525
451.527
346.772
93.6713
449.616
4.83902
21.5691
297.409
16.35
241.729
530.622
12.2572
35.3345
16.3228
561.04
21.7496
93.9159
54.8968
453.293
19.2656
495.405
307.53
233.447
243.181
10.0092
149.398
308.192
43.9581
37.1368
16.9631
3.74421
181.247
183.529
170.819
100.789
205.719
20.7038
116.086
11.2927
13.4678
6.49993
541.128
100.465
7.06131
204.577
526.168
22.569
10.5059
427.931
55.5649
16.8655
19.5711
363.872
15.7694
259.042
292.536
386.466
534.033
24.686
327.353
12.2749
181.187
22.2765
335.664
331.611
48.9068
78.7119
333.638
550.704
61.1423
15.8204
207.493
87.0422
22.194
25.3835
363.907
35.1588
23.6948
18.6769
338.553
72.2036
21.2805
182.371
9.4943
116.082
516.018
408.113
249.518
14.0385
509.668
21.5019
257.232
366.779
349.647
248.822
297.876
151.907
266.794
30.2674
126.818
22.3935
365.41
71.0787
213.243
13.1558
19.2992
137.067
1.07756
54.5222
20.0596
292.044
22.5365
104.988
97.0947
160.93
206.88
21.8033
70.7409
18.6324
245.461
21.1542
18.9897
70.1015
247.923
449.95
334.203
216.538
364.83
16.3843
8.02193
6.44786
351.14
248.624
58.1133
276.386
371.807
4.30166
236.263
22.0842
204.768
517.316
173.132
487.895
11.2851
19.8008
8.94367
28.1679
134.981
144.379
436.799
47.4992
6.33885
14.2966
107.85
35.7547
16.1907
353.524
282.062
17.7571
10.0336
18.9723
447.725
227.033
17.3325
19.0901
438.998
17.7487
21.1406
166.542
137.527
18.3546
18.0056
519.492
206.822
18.7696
173.854
120.751
6.78645
77.6132
64.5769
14.5164
304.695
139.032
336.6
19.1286
29.859
314.463
19.657
205.576
136.472
138.229
86.5262
15.068
5.12934
21.4548
20.8535
539.925
325.717
299.865
4.12083
163.034
487.267
367.014
104.145
242.784
378.892
37.3308
21.272
256.015
283.113
320.713
556.283
7.23992
11.5324
379.596
10.727
286.901
82.6879
353.203
19.0839
129.435
496.415
10.2239
436.852
201.081
420.886
327.239
296.604
291.669
11.2566
269.825
14.0276
263.079
271.301
402.791
63.106
9.27063
308.343
390.627
19.6422
252.119
52.267
303.794
131.549
20.1166
68.0764
110.77
202.131
13.7945
56.9716
22.4794
7.25499
123.214
117.459
133.159
133.319
37.6893
288.403
408.363
247.131
411.766
327.452
13.2919
15.4487
16.0238
236.798
299.009
275.079
192.857
82.5003
187.053
130.027
144.203
268.679
25.7745
25.0599
285.858
465.967
150.086
9.12358
5.58086
18.4841
-230.665
291.855
185.595
14.3534
16.154
157.638
7.77387
-55.0151
115.495
9.76951
8.54209
99.9135
384.462
17.2752
240.587
226.58
445.47
515.561
187.444
254.645
111.042
18.2799
45.7837
339.497
7.38434
474.307
9.88466
7.11261
67.0322
230.969
15.2885
139.354
23.5501
165.19
22.0874
128.822
35.2989
9.10534
16.303
17.9055
32.8251
18.4356
33.2397
535.399
25.6854
114.907
403.665
32.6068
271.296
117.14
10.003
430.362
459.726
447.445
242.92
21.8713
242.436
213.353
202.24
528.834
405.529
530.845
466.167
10.5057
117.937
10.3923
117.944
228.98
314.414
26.4479
349.456
141.718
48.643
25.3297
59.7552
206.648
417.893
208.026
399.796
16.3532
135.42
22.5254
241.872
20.0044
20.2113
456.766
507.858
109.559
208.355
46.8831
72.7724
423.767
401.105
227.437
11.6369
17.6253
367.474
445.995
387.605
249.75
407.114
17.7568
356.259
474.394
289.198
128.463
22.7296
287.439
249.215
166.973
23.925
12.0278
69.6564
323.169
110.3
18.4691
455.222
10.1795
17.4306
529.594
302.58
179.795
49.7909
207.931
566.85
325.357
75.2924
256.753
285.821
155.349
175.173
226.733
446.822
190.595
27.8974
334.438
6.42038
19.2831
11.0682
475.849
27.8463
10.8212
180.322
141.121
22.0862
430.949
255.379
194.962
346.871
10.9293
154.499
160.349
291.583
165.54
19.4831
372.783
366.114
255.642
557.127
112.355
209.828
137.021
145.936
21.1695
13.7428
188.099
122.263
408.073
9.73999
62.1494
102.694
18.6427
313.831
18.7254
209.896
190.463
9.9119
182.838
572.912
212.255
281.199
56.7796
11.7994
10.0906
192.119
55.953
9.79567
287.295
478.677
69.6443
10.4866
323.604
4.22394
47.6525
265.475
320.566
19.4161
287.857
112.064
7.34271
200.672
19.598
19.4749
218.628
8.74597
19.6894
19.1342
16.0164
12.7134
16.8691
541.067
170.899
318.168
17.6818
12.3457
23.1038
36.2774
478.662
21.6434
178.427
189.632
62.2413
5.03648
280.353
70.4567
498.51
383.794
23.8424
11.1933
106.099
22.2092
157.257
417.486
20.5992
320.045
435.901
104.0
15.1612
20.5312
16.1929
49.8128
353.046
10.0694
526.572
26.0986
368.953
19.4099
251.877
45.3354
17.0763
281.765
115.673
341.176
132.175
369.615
17.8467
15.7901
158.684
20.9585
13.6401
12.3199
19.2649
14.8503
10.124
248.169
471.605
326.882
6.11905
185.26
354.16
286.736
440.449
7.25545
78.6015
420.235
175.045
234.1
287.191
16.6353
11.9561
116.377
52.7551
21.6227
154.437
65.0603
238.899
81.3089
495.563
485.253
198.261
20.2889
211.943
87.6753
440.826
328.829
367.505
374.939
21.9583
76.5488
33.6305
173.305
123.447
16.8907
46.7468
312.534
298.542
19.979
21.5852
6.69766
290.732
13.2881
371.14
226.979
23.136
184.396
55.4451
117.879
25.753
16.2095
173.193
247.866
306.34
114.064
437.475
22.2182
192.25
18.6376
147.556
92.4483
156.046
349.217
220.502
169.986
21.8619
240.077
544.402
10.3891
130.802
197.317
329.72
129.263
355.223
225.974
82.3441
75.9929
108.381
29.4434
61.1743
242.991
248.085
10.9309
298.019
39.7341
4.88038
232.877
172.161
230.79
3.61112
7.68388
9.7517
14.9655
83.5194
185.236
330.762
23.315
426.96
97.2981
184.027
5.64307
29.5837
17.2489
319.747
80.0467
129.894
17.8945
8.29926
154.685
20.3005
130.844
153.017
284.515
336.951
154.84
328.093
21.1576
358.497
5.66932
300.052
297.83
213.177
255.521
10.3876
18.5475
504.521
12.871
18.0467
240.055
16.0431
17.5017
279.909
168.426
269.333
102.112
13.8577
241.493
493.972
18.4102
6.49621
350.715
34.8392
15.3885
17.6332
283.714
13.5548
61.0709
11.6115
178.434
62.5847
18.8813
12.516
16.0956
4.63207
18.4724
148.34
333.857
129.687
44.1647
11.9014
58.8281
439.963
16.0751
498.076
15.1743
61.916
139.014
12.1565
205.544
14.9638
392.603
30.1025
60.721
136.686
146.605
95.8487
19.7509
109.788
161.001
29.5067
379.513
11.7889
321.722
23.6594
189.728
567.244
19.1795
293.919
220.351
10.1892
292.128
12.8378
7.32712
197.98
285.168
145.352
130.189
12.0735
25.8565
416.891
296.442
12.7548
304.42
250.851
292.817
85.4634
412.535
19.9378
18.4123
20.9123
157.266
124.551
397.247
302.701
378.895
32.9014
438.078
326.898
20.3984
275.039
18.2352
84.5633
6.91297
9.35746
421.933
234.066
438.384
130.062
358.526
115.335
5.97933
16.8481
174.269
338.324
91.9606
435.789
18.146
21.3457
514.743
326.326
43.4746
23.6339
246.398
19.3839
10.5761
48.2772
153.363
31.474
471.691
23.4463
152.296
10.2609
333.182
318.168
127.756
147.075
489.389
336.583
8.38951
101.887
10.6936
526.814
17.6835
65.3168
129.622
26.9582
12.1341
284.483
318.959
310.747
198.025
17.8659
455.624
111.552
21.8233
20.243
400.242
239.356
40.2805
16.7076
414.71
15.3419
248.793
10.7156
40.5794
7.16057
177.27
88.0706
125.227
5.09485
276.53
377.966
23.9647
196.423
245.487
15.9539
408.051
16.4767
22.8548
12.2489
435.815
91.1365
228.837
427.284
282.544
261.334
22.4171
270.595
50.2106
11.5322
86.7522
20.5438
17.4893
12.988
44.1813
175.936
492.753
16.3033
21.1197
310.76
351.119
231.618
481.532
58.2484
11.477
165.099
298.144
96.0968
120.845
119.241
89.8131
25.1273
366.739
18.8033
19.6138
227.05
16.1394
480.379
243.491
199.672
351.919
104.991
162.783
232.208
475.144
336.836
398.983
18.3612
270.092
18.9146
22.3848
305.661
13.1366
308.626
321.827
367.343
18.8753
367.37
27.3919
292.406
63.7247
344.374
351.692
132.053
21.9272
311.855
322.171
11.0055
18.9409
12.3154
241.134
18.7039
24.5411
406.408
304.066
220.558
21.0509
345.845
404.294
352.963
326.938
52.3591
22.9163
158.201
10.2453
86.0801
-6.19994
222.328
21.3674
234.659
393.109
23.1366
464.335
59.2204
21.626
38.3285
195.926
31.2824
138.032
134.61
19.5115
115.285
14.0552
14.8562
197.22
20.3703
271.309
15.5365
121.282
332.616
31.9465
59.7498
5.72394
431.161
76.1779
14.2406
21.8215
18.1596
154.959
16.2347
25.2954
72.796
380.242
10.7564
176.459
24.465
163.831
19.0293
16.7997
20.0895
162.456
250.747
463.791
290.642
390.669
269.099
521.993
17.5067
219.025
230.634
31.8723
4.4033
240.968
22.1012
49.7862
59.4679
15.8188
19.7958
211.987
14.8517
359.525
365.9
19.461
8.68821
100.451
493.848
56.0674
176.877
147.622
207.718
6.06645
433.91
299.07
12.4545
186.874
313.762
276.531
5.52661
30.696
39.6455
67.7056
11.4009
387.476
34.5509
32.0035
10.7706
124.625
283.703
268.345
6.4878
17.6176
74.0246
112.812
212.643
25.4445
194.302
18.2709
401.394
22.6008
7.88244
11.1974
206.726
15.0314
5.37637
272.165
22.3136
16.1959
19.6735
271.972
215.144
10.1599
9.35549
250.942
280.683
343.573
309.543
66.793
245.831
158.787
22.5492
19.6528
6.37136
7.90249
186.568
350.744
12.7432
465.868
327.749
265.23
384.138
337.011
216.187
438.04
501.159
17.0228
426.226
9.78009
319.653
15.1602
209.569
223.017
266.257
209.656
32.5782
146.523
42.0893
456.534
68.0057
328.645
195.866
202.709
237.9
13.7597
305.16
127.181
306.999
361.788
134.64
58.2752
212.889
24.6414
222.496
18.168
334.565
15.1605
117.296
168.61
357.342
284.191
172.372
237.539
356.395
482.547
266.668
233.792
23.0207
238.149
211.869
58.3799
100.187
245.178
40.6668
140.496
87.0919
277.03
267.074
367.533
99.0013
387.634
14.9348
11.3578
140.755
279.996
171.102
19.9673
177.891
158.655
306.031
17.9697
152.086
5.90103
16.3061
243.453
134.827
403.614
73.408
19.8723
21.537
11.3286
4.20412
175.558
216.389
10.026
12.2947
331.906
260.87
345.285
288.194
81.5526
68.1238
129.973
13.3149
39.5245
221.487
391.379
434.174
246.164
325.702
14.5296
304.522
23.3254
16.0065
93.6554
13.9301
488.991
14.8244
156.45
21.68
295.421
16.4775
331.86
18.4216
22.0007
23.6612
17.2508
24.8508
205.392
21.2403
266.326
144.091
16.3874
10.4981
318.163
267.429
194.787
256.116
8.64987
255.726
98.6407
170.973
12.91
252.328
360.148
359.796
424.106
25.133
179.724
52.0566
176.119
62.1863
219.965
16.4417
468.456
-15.6679
163.062
13.5268
348.72
5.81135
491.775
8.46074
8.06591
122.943
21.696
512.395
253.581
22.2615
10.145
23.9839
9.27265
20.4815
550.003
132.647
378.766
18.0906
10.7084
379.077
163.96
222.98
514.653
363.567
380.543
498.918
110.648
440.272
16.5377
406.487
14.7213
93.895
85.1783
256.17
231.678
8.93196
9.68188
15.5782
25.2705
250.472
374.956
115.115
328.393
510.17
305.364
23.9032
19.127
508.854
90.3785
137.655
30.7484
340.256
11.3028
373.075
264.346
169.779
262.353
14.4417
40.8315
477.75
17.6322
35.412
285.436
17.4599
168.025
14.5233
103.46
293.605
520.849
114.361
14.1787
17.4741
33.3928
10.778
481.355
39.5698
9.27766
16.961
158.556
373.555
19.9897
282.386
265.906
168.153
245.85
168.995
285.719
430.37
221.319
206.066
79.6512
246.079
347.429
72.91
21.3012
85.9086
86.7445
130.581
10.5183
246.605
52.2539
389.88
5.72161
135.698
19.4986
376.374
10.7413
148.445
30.8724
37.5247
7.67054
115.978
172.79
415.445
176.743
204.326
125.635
19.2576
232.543
483.615
14.7522
220.014
78.8919
345.035
423.572
173.4
226.491
101.063
121.394
13.5074
12.1348
9.55531
13.0499
176.669
335.173
27.6515
251.3
282.701
274.241
181.36
15.9504
380.344
17.4543
356.748
305.798
98.2763
97.1195
133.986
247.239
17.6617
374.714
393.57
238.765
303.314
22.5178
425.397
176.781
246.435
19.3488
272.418
254.68
310.674
97.7791
388.334
505.843
233.444
9.14491
297.666
20.649
58.9407
303.509
276.99
320.157
20.2453
16.8462
177.991
328.053
407.018
274.707
366.885
16.1666
46.9995
411.85
15.8372
500.895
21.5813
19.3307
268.114
16.8806
381.437
54.2349
40.9266
92.0038
207.283
474.911
12.0197
184.472
90.3301
307.981
25.8311
382.943
24.866
271.317
17.5141
7.78678
80.4527
204.119
273.188
139.049
22.6231
443.667
261.088
12.0443
451.903
61.5269
14.1388
190.328
15.0314
16.8543
131.225
19.5238
224.425
62.9957
244.536
119.23
20.2013
441.802
12.1
5.61801
96.3155
273.714
203.655
21.072
112.049
416.726
21.3337
221.94
305.268
120.618
349.046
445.779
237.835
259.383
292.814
327.913
3.6025
560.966
391.985
22.336
12.2417
10.6278
11.4881
86.3492
121.394
24.3907
20.0089
338.116
193.055
527.487
379.294
20.2437
51.6262
205.229
457.429
223.478
327.439
326.699
169.432
348.853
30.1108
458.495
451.032
352.52
237.81
286.838
317.282
19.5938
394.998
18.9297
18.9692
45.0334
26.0033
397.086
68.6964
115.356
354.899
206.426
36.6224
7.56042
170.278
209.266
177.52
437.85
21.7814
422.035
171.534
18.4535
17.4996
22.3938
19.5078
17.2621
23.7983
171.567
498.333
19.3815
21.2281
7.37485
46.7304
100.266
18.9467
295.335
326.277
10.2704
45.1448
55.3417
273.702
9.49538
20.3505
22.1338
22.9728
11.9945
13.3202
397.195
204.363
22.5908
15.4834
230.036
48.638
22.8346
10.1855
32.4672
10.2549
22.3296
15.8114
13.4447
51.5478
12.6821
6.51793
6.18976
211.87
227.71
438.245
77.5094
9.90632
7.30812
361.08
426.13
20.7618
217.659
18.2988
143.495
62.4084
14.9948
303.001
369.732
511.521
309.247
417.608
250.772
5.68283
19.5493
13.9791
199.114
412.484
253.106
138.957
53.6518
12.4757
227.758
8.63095
392.628
13.4002
52.3889
135.376
88.9696
15.3134
215.809
539.648
277.779
127.585
564.311
20.8171
414.576
13.6871
15.5415
13.4329
4.88122
23.5199
82.6184
17.9379
56.607
13.5527
365.743
180.649
113.804
15.8974
21.3784
387.484
141.288
47.6972
287.234
349.215
125.86
31.6246
420.738
100.585
384.51
122.986
481.323
86.4541
345.218
306.58
127.686
141.133
21.5794
13.0365
170.455
244.787
11.0869
496.521
14.2067
17.982
24.1203
151.901
20.8453
577.694
191.366
6.76138
154.745
346.586
562.263
9.60987
20.1626
229.132
5.71309
18.8734
451.027
28.8244
14.9342
209.347
127.622
478.576
119.394
4.26085
20.0701
138.469
21.1644
69.9624
134.53
11.4741
178.689
283.104
14.9158
17.5774
311.403
107.602
16.3456
21.8636
18.3326
22.7567
83.9791
211.342
129.115
89.485
7.48255
19.0145
171.046
213.326
226.088
235.869
144.681
22.5673
20.1934
341.041
388.773
480.009
20.1707
138.766
271.198
299.671
187.27
283.299
4.19796
9.408
67.7219
182.969
377.969
174.711
26.6947
471.489
401.702
102.622
23.2965
5.699
34.4055
243.896
226.604
18.0737
17.8047
240.316
345.082
163.162
210.662
283.652
224.344
21.0517
155.99
9.02615
10.0572
9.72323
131.34
10.3712
17.3401
18.0591
15.1256
53.4091
18.3229
349.433
544.758
5.2181
10.1709
521.729
86.8127
20.322
5.28614
3.55181
5.49735
45.6631
16.4686
41.0274
250.693
256.162
22.0626
61.9835
18.0524
10.8975
11.7768
22.761
312.629
319.796
252.194
16.5646
284.343
59.7447
49.5789
67.3276
214.715
316.406
18.2163
8.74153
132.39
24.553
216.812
220.137
11.304
58.4286
18.7591
47.3281
31.2007
20.8234
15.9149
179.894
10.127
371.408
192.336
456.364
24.6695
20.8473
9.73356
474.478
258.025
17.7468
16.3863
11.372
167.994
507.246
18.1381
16.9409
414.001
413.336
375.762
92.9257
80.5448
13.2131
18.2352
14.1343
10.3046
251.67
339.314
62.6562
454.026
331.043
19.0906
23.0714
21.7771
406.856
10.7973
286.39
11.2095
402.459
49.1781
241.063
144.008
13.1662
55.0408
6.62944
259.529
293.96
339.889
11.8729
113.339
17.9854
9.91434
309.081
43.3893
52.3753
11.8008
461.396
481.117
339.402
178.759
24.0716
340.858
21.1991
180.097
500.333
383.24
309.854
8.43435
153.407
21.9333
20.9376
147.008
65.99
294.932
16.3041
23.6091
379.372
228.036
363.786
113.222
289.074
17.5208
18.0347
20.5444
19.2041
8.44934
14.8838
221.217
29.8403
20.5856
122.421
18.1917
16.5082
10.7144
235.428
281.94
319.988
214.409
14.0001
25.0861
302.532
9.67179
86.9735
325.196
10.0868
333.803
41.4592
22.2853
419.335
226.036
478.562
185.42
417.031
20.3596
410.714
565.386
103.302
362.542
245.332
419.535
29.6098
527.869
517.886
24.4775
15.7882
12.1874
23.9537
11.4942
290.033
228.928
12.3668
42.5269
298.845
525.893
121.905
300.679
23.6039
383.49
501.551
154.326
79.1499
11.7684
345.674
153.515
455.93
313.982
489.28
19.8144
413.189
29.4428
17.0442
23.2886
257.538
25.4134
9.13652
119.477
125.417
12.6716
23.5455
21.6623
480.088
22.4811
132.119
22.1213
6.76153
24.1328
18.5885
168.692
250.897
287.932
269.498
112.511
31.6596
159.626
416.189
254.602
7.15121
37.2157
26.6179
19.6994
30.3418
286.334
13.892
33.4412
24.1551
156.7
3.54348
527.626
144.429
15.6188
95.3743
9.75386
11.8053
213.803
205.389
28.7131
259.726
18.0041
202.357
5.26552
44.1156
19.5219
20.3621
17.5853
96.2442
48.1209
434.976
513.243
379.466
18.7502
7.10161
11.054
357.278
265.149
295.52
229.956
112.316
18.4715
4.39826
80.666
14.5944
17.8895
443.563
312.359
161.06
308.16
9.97551
6.60615
6.69398
16.3119
415.949
215.687
264.582
316.646
214.896
147.457
121.703
245.852
11.0199
10.6137
116.956
140.073
53.964
172.32
147.459
515.173
522.62
246.007
19.9782
410.91
63.4629
531.391
175.642
12.8949
83.215
462.962
217.335
278.039
19.4358
21.8046
217.108
256.669
18.1061
13.5485
192.021
205.377
18.5319
19.7057
388.566
19.8034
9.77559
450.972
337.124
102.201
21.0322
85.0312
68.1022
366.85
19.7782
301.368
47.1088
18.9601
11.3142
171.374
17.4814
24.2369
18.5896
32.6129
22.9665
320.444
204.149
9.99751
31.2533
111.711
369.903
150.752
89.3148
134.528
46.1653
427.788
296.773
227.516
517.833
241.325
75.5659
22.6039
454.66
351.719
209.226
129.484
8.13299
53.3708
13.9067
22.2007
157.794
22.6548
185.954
17.5548
19.5478
157.81
12.0959
11.4138
184.192
430.202
429.028
18.6307
21.096
345.88
14.785
12.6358
64.6907
112.836
243.79
361.393
247.266
5.70981
31.4491
463.003
39.9585
4.9108
293.025
44.5025
19.6985
21.4374
362.465
295.285
73.4561
180.463
10.9236
172.417
153.836
22.5514
239.35
20.2101
430.013
10.0741
111.068
13.5476
224.962
203.159
97.2679
14.0722
244.188
129.219
236.424
342.031
11.3842
13.3291
202.914
22.2582
127.742
9.30306
281.315
19.7289
337.139
10.4598
342.717
2.98162
11.9088
18.9047
16.823
260.402
10.0277
276.365
169.754
17.2439
12.4682
14.3605
278.047
18.0166
25.7268
474.204
477.157
13.1957
162.165
8.66095
9.58446
202.954
8.96223
192.738
320.413
194.965
199.383
256.079
191.664
28.2644
173.294
21.848
81.9259
24.4518
254.258
261.743
23.5603
115.407
13.9172
170.704
218.534
11.4969
126.805
310.071
20.6023
128.888
474.465
151.906
221.824
55.7749
92.2111
9.19167
221.109
123.199
299.651
444.839
73.0075
359.086
166.253
38.4108
142.623
431.03
9.00483
19.3127
101.912
8.97879
408.59
1.34981
11.1725
120.2
140.207
21.2872
349.507
151.496
91.5771
451.615
13.6494
390.861
63.3967
75.497
150.239
49.6819
493.276
173.258
366.824
26.3608
219.143
187.762
15.5029
121.649
492.801
305.183
13.1242
92.0882
6.36438
451.815
34.971
20.8246
24.3737
105.824
223.824
109.045
269.573
80.5509
139.447
122.566
174.988
23.4946
22.4459
173.088
173.802
262.589
20.8189
16.1945
254.455
21.0872
106.798
495.46
19.2741
19.4431
26.3476
22.1861
21.688
188.896
16.4713
21.8556
8.85143
312.655
12.6848
17.9902
24.9565
216.72
17.253
34.58
9.31189
268.546
50.4545
87.0446
25.3826
55.0369
199.413
86.5152
87.0283
175.596
396.334
229.232
20.0776
322.378
231.444
258.146
211.751
195.686
339.052
123.675
187.969
232.8
387.314
88.0654
411.386
247.324
24.0469
530.955
83.2361
190.434
326.145
4.96358
6.39438
45.6316
11.1395
18.555
505.828
156.967
435.389
125.331
208.92
14.1319
22.7924
116.536
21.3978
386.315
22.1502
18.5729
401.419
538.598
412.833
17.5649
160.963
13.7093
22.0498
336.281
6.40395
17.8593
548.407
12.851
193.315
48.2423
193.451
13.1353
49.6584
18.0387
133.302
24.0916
166.427
110.475
276.058
16.7863
9.8755
304.369
92.0196
30.304
9.43851
114.998
250.013
294.268
20.1482
47.9184
394.027
440.103
15.7758
4.98014
394.135
19.3267
20.5174
10.1311
342.688
180.356
465.85
40.5415
423.779
46.4858
364.547
8.49115
213.054
173.453
80.7398
12.0921
10.1246
149.228
131.066
169.631
242.154
180.33
411.395
13.9174
6.85091
427.439
332.059
310.352
77.9172
217.294
171.909
10.7513
36.8501
20.0578
145.11
131.181
20.9847
53.6034
14.3332
485.745
21.4457
363.259
21.9172
93.1545
119.633
259.123
108.361
349.6
126.536
13.3387
14.7952
28.0358
18.4834
9.18884
7.57208
204.598
206.806
396.38
126.913
25.2254
16.4741
277.291
80.3148
510.914
262.136
14.3539
14.1621
12.8254
14.8757
19.2798
172.219
310.969
301.631
465.854
6.54301
410.97
12.4139
14.3869
345.05
416.389
497.253
18.7201
283.743
10.7997
139.439
135.895
207.154
356.531
76.0946
186.447
289.041
20.7334
87.4277
125.902
5.36555
5.95079
19.2029
60.3543
213.599
68.3251
239.818
15.1797
19.2053
32.495
13.9967
313.844
19.3394
142.008
14.6914
360.179
480.246
363.547
26.7702
232.299
132.29
173.675
203.409
71.5569
476.622
242.946
17.356
17.707
336.951
73.4145
277.026
466.555
22.0914
19.3256
217.384
29.0937
30.9697
315.846
21.0857
284.309
316.759
93.0597
360.314
342.342
10.8305
280.324
379.129
181.883
359.207
11.0015
21.3036
49.4089
212.828
20.8444
371.159
193.829
1.6833
21.1757
3.97944
11.4975
193.4
288.906
236.048
11.7214
478.107
450.221
258.993
10.9552
151.683
13.4481
264.624
128.581
100.736
20.1541
42.0886
17.8466
17.6229
307.6
303.068
463.357
338.631
388.698
276.551
17.3315
22.7792
432.439
123.45
12.153
235.284
400.389
337.501
344.96
270.322
52.0092
35.6226
251.294
341.035
110.899
42.7912
501.399
11.7556
281.452
184.532
8.80312
11.9604
320.94
414.229
16.8291
343.066
249.507
20.2807
11.0723
21.8026
101.855
22.4779
370.192
273.595
83.1555
24.7952
33.8609
19.667
15.5053
294.223
19.0838
116.743
450.877
455.993
105.579
371.702
492.776
61.42
10.1395
227.507
378.059
19.4097
7.6372
495.361
14.761
344.826
198.311
15.719
9.72865
13.7426
288.563
309.4
34.8231
217.633
514.267
59.6411
152.133
100.946
5.18385
399.979
216.742
9.59771
166.856
173.524
358.649
173.896
15.4484
160.651
205.217
83.7741
349.609
12.5986
14.257
275.571
143.911
224.524
25.8878
15.856
144.402
60.2007
169.259
273.88
142.279
24.9165
142.388
114.147
374.001
2.68832
439.402
363.235
72.5321
357.318
70.7341
312.604
68.0603
107.046
321.896
11.9604
71.6048
431.411
265.584
206.997
24.4255
350.226
74.4402
512.601
329.473
-39.8798
195.467
78.7931
265.424
224.053
84.301
362.801
182.923
15.3
14.027
257.267
8.11309
22.644
130.833
344.882
477.149
135.881
107.901
17.8943
194.669
18.565
341.995
48.1138
22.3003
321.397
34.6121
404.744
142.196
12.1548
7.80016
28.6062
30.6026
99.2625
13.0777
5.37288
261.013
404.838
257.12
111.255
164.346
16.737
177.436
254.015
124.818
286.518
16.0131
221.965
327.866
505.486
5.19285
209.01
10.4388
90.496
15.2633
19.3585
75.2628
339.703
62.2217
182.781
13.793
145.584
15.0913
158.642
64.6183
14.8796
335.13
284.415
17.6755
375.178
241.005
294.248
23.9691
2.77279
190.076
290.756
200.841
52.7627
4.7038
69.564
228.078
313.877
99.8297
349.69
16.0261
11.4064
354.104
22.6722
309.884
257.307
140.143
293.34
21.9672
168.34
171.803
16.6982
16.4063
113.731
10.4826
19.9612
22.1534
312.01
94.9271
14.9045
6.35032
22.8584
398.658
344.823
323.143
376.742
32.9878
298.52
197.649
18.9832
176.332
234.02
15.712
444.045
62.0506
133.307
348.138
386.978
86.4607
341.792
196.272
124.981
410.173
438.863
70.2571
87.1306
361.836
10.1371
15.6403
190.866
120.166
87.8957
140.845
265.816
79.8134
32.3944
139.975
496.739
287.843
156.186
33.0403
397.508
296.51
96.8549
14.0931
358.716
9.82104
8.20388
180.714
23.2895
8.49231
17.9748
312.783
15.9235
35.3381
369.332
364.731
401.794
394.967
48.3889
308.257
521.899
363.632
5.70665
268.389
513.17
170.849
16.9694
9.78721
198.863
309.602
16.2669
17.8248
138.27
87.0842
141.977
80.1995
10.5732
301.587
135.158
183.134
11.0614
203.427
47.9088
24.7715
16.8347
158.747
56.5144
162.357
42.0933
227.015
417.086
13.6135
348.767
276.464
219.519
491.56
20.9953
240.243
274.287
9.01
14.1424
91.046
19.2259
44.1564
437.255
17.6865
56.6802
112.027
21.1891
18.3322
22.9959
418.507
103.907
320.872
408.63
150.783
313.147
17.4344
132.492
9.68328
23.1772
152.579
435.624
317.101
47.2269
19.9323
95.3055
23.494
341.41
327.375
21.1445
92.9342
12.8307
20.2434
305.0
23.8763
389.819
67.8499
322.274
405.307
359.571
165.018
21.2605
22.3393
34.6529
165.198
10.228
192.804
30.1393
50.1387
290.712
209.845
4.09759
31.1501
12.4516
254.724
249.607
179.93
12.0084
17.5926
267.527
400.319
23.9955
15.6658
37.5533
489.165
17.9865
26.0716
446.558
4.30138
183.987
262.506
24.7637
312.493
489.099
205.736
9.95929
342.978
494.28
13.4972
12.2992
251.316
95.3907
72.5839
171.52
17.0106
205.351
313.928
18.1615
19.9249
400.714
201.917
371.975
11.3296
31.1507
202.411
51.48
13.0473
35.2588
22.5087
17.7002
440.498
10.5223
312.827
104.011
130.194
286.7
436.454
77.9851
9.64905
178.396
29.7876
336.51
22.7879
248.279
19.0661
115.731
21.3609
255.707
75.9717
424.906
90.5971
14.6562
432.619
362.732
136.996
384.71
16.7213
304.097
17.2941
25.8105
411.352
258.715
22.1169
313.605
19.9502
110.559
58.9882
232.563
31.4458
33.6435
102.671
17.6606
71.3949
21.5695
117.927
362.558
19.1353
8.13087
22.7123
309.682
22.0528
323.51
99.6299
542.147
21.7908
124.707
20.3256
54.9457
383.455
432.646
17.7502
206.235
51.109
431.869
23.2723
9.3808
231.311
47.0932
351.112
10.8676
9.43655
13.2077
16.049
272.149
135.592
23.1426
21.8386
10.0032
22.6854
13.7636
88.2107
492.711
393.425
20.0909
146.159
519.574
10.291
173.748
9.82339
79.0529
441.347
512.209
150.032
282.933
377.285
118.262
164.302
498.019
124.993
247.086
12.5141
257.382
84.1762
35.9679
467.996
12.2558
288.435
53.1535
12.8711
20.7345
178.207
118.51
417.899
164.243
467.301
147.977
471.346
194.092
314.417
325.345
12.6345
37.7289
49.0513
55.2437
167.667
53.349
37.7302
9.98492
27.0298
443.935
243.422
499.642
268.01
193.031
30.5882
400.614
18.9191
93.6288
7.43938
20.4691
154.702
130.414
182.015
5.41062
529.331
125.622
506.174
378.296
154.663
372.784
179.31
-4.81398
17.7406
346.427
348.868
206.77
20.1423
353.036
12.5762
310.95
78.7871
13.5154
217.755
44.3356
103.495
199.775
21.6278
30.2638
316.108
257.778
17.8727
258.987
140.539
9.74719
26.613
486.003
164.938
14.9622
216.487
91.1051
11.4681
397.494
306.768
310.64
32.2053
17.2308
57.3913
120.861
68.529
143.604
23.1708
340.872
55.3843
394.363
249.428
477.206
210.777
93.3236
20.3019
324.651
20.9398
21.5358
19.1349
148.034
387.706
54.9168
20.6248
347.726
362.733
315.828
21.8536
105.986
205.12
139.538
112.896
368.847
256.992
20.261
318.753
171.899
14.172
15.5469
366.935
101.301
174.673
170.458
439.418
381.343
513.761
299.138
22.0821
411.763
13.5487
245.307
208.571
122.136
91.4368
179.458
22.6308
104.19
218.564
23.0409
25.6914
274.966
21.526
118.401
228.059
377.797
448.332
358.365
11.9177
120.132
313.692
438.734
242.367
16.2545
379.151
280.814
8.75059
16.5938
206.356
353.435
106.958
19.6774
21.3024
310.959
13.8788
207.403
6.954
17.1952
10.4942
316.992
118.085
12.1229
361.626
366.149
490.703
251.671
10.0142
241.835
298.619
45.687
22.609
410.111
208.639
215.505
365.201
245.053
312.469
244.517
55.5051
306.671
264.889
18.0962
26.4091
17.3026
471.761
15.0781
14.2609
330.927
330.982
211.291
324.584
5.16048
216.933
135.762
20.4206
479.214
92.8597
407.144
16.6765
397.149
65.974
333.827
466.461
79.3107
18.8584
277.442
143.44
19.3187
28.4093
304.974
320.129
232.525
65.8159
203.159
272.787
281.922
112.299
1.52756
16.8286
290.731
13.7575
242.277
112.217
336.582
106.062
234.941
21.9072
28.4111
140.519
7.68084
100.899
438.096
13.5129
76.0012
53.4998
86.8473
62.9524
269.658
89.939
19.9425
231.446
163.724
335.246
224.26
19.4465
308.228
10.154
246.318
68.3307
311.831
17.2383
247.467
274.261
7.22176
262.384
21.2628
284.974
14.1215
66.1806
397.844
338.206
167.481
24.3068
193.047
162.469
47.7294
297.755
22.8738
336.65
-6.56897
95.9621
7.36574
316.598
17.825
365.734
21.8285
14.1562
286.561
96.6916
333.68
20.1119
20.8078
115.882
6.11475
19.4055
36.8719
361.489
67.65
19.0923
278.254
496.311
19.49
282.012
17.9837
11.5436
12.3927
172.187
45.733
19.29
21.486
22.7062
24.1435
176.489
136.166
253.157
21.3807
150.651
22.7783
15.4303
311.22
201.182
290.567
267.896
165.203
50.8814
20.0709
508.272
361.371
115.057
455.206
88.7906
324.951
10.5209
119.596
11.9649
423.987
20.7989
168.632
246.402
5.88448
496.266
13.3004
265.469
112.235
185.162
59.1898
377.459
73.2265
29.3962
7.11468
18.9367
72.0708
10.3682
104.576
204.866
122.33
133.392
11.5334
8.20178
10.2863
319.806
26.5663
15.6344
23.055
25.5356
502.523
322.023
22.1028
107.37
169.964
336.913
114.223
492.0
168.294
22.5596
102.354
312.97
332.357
208.778
69.0167
41.1766
6.9769
16.0185
492.213
7.83867
11.3564
147.418
281.269
155.006
20.1166
32.2914
7.85093
70.3525
527.77
195.956
20.8512
12.8266
208.989
7.95806
21.0003
288.61
340.35
270.782
80.0834
279.739
307.28
167.388
20.0208
386.309
5.61723
8.13595
23.1222
241.77
17.0658
40.1391
266.311
42.1137
417.248
9.19207
11.4698
14.3584
15.3122
355.316
20.8857
11.6469
16.2177
516.185
320.181
21.7099
14.1827
397.288
408.821
200.687
43.9287
329.379
155.655
68.0306
374.876
238.736
9.04876
14.8289
24.626
183.387
470.878
16.7976
20.2642
177.09
32.3274
190.949
18.5872
12.923
445.373
79.0515
15.5654
14.9689
33.6978
189.064
14.7851
304.519
378.36
18.2021
158.122
253.3
81.4147
331.617
558.527
15.8911
246.768
155.813
116.855
117.886
118.234
19.6409
51.5711
315.537
16.5351
180.646
22.9067
168.789
281.134
19.8644
243.465
171.154
149.673
93.1553
334.66
317.38
172.71
273.977
23.6761
515.94
82.6473
15.4264
123.514
19.3477
12.0491
25.9994
97.1716
201.997
214.607
21.0966
168.742
260.426
365.093
19.649
235.888
473.433
16.897
56.3034
5.21587
19.2121
308.084
420.956
210.236
37.3897
19.6655
41.1281
92.1602
294.957
299.014
22.0067
80.043
10.4562
136.182
77.8901
514.605
27.732
279.136
200.206
100.241
259.448
22.1587
269.13
103.245
94.3031
65.4471
524.13
14.1789
345.078
211.582
281.35
363.788
5.46122
6.08087
21.9546
14.5676
508.216
18.3321
15.7067
162.649
295.137
79.7609
18.9842
278.415
202.912
252.795
5.3356
18.3485
152.819
142.669
-3.88515
15.3732
502.855
22.2195
414.074
438.378
206.418
77.421
4.85772
321.8
8.73896
272.73
174.379
12.8834
12.4092
316.955
16.0016
4.89337
230.768
454.783
179.9
395.378
18.2563
174.989
143.972
236.521
31.392
16.966
60.1574
216.415
20.6338
304.912
338.233
179.854
11.8351
9.14799
285.008
484.563
244.37
306.797
19.7442
153.353
17.627
20.8893
12.3806
13.295
444.183
284.641
129.923
399.699
39.9046
11.2553
11.7957
136.771
276.012
175.886
248.195
112.936
8.93406
13.4603
534.931
327.108
9.46263
231.274
348.688
13.2348
372.07
13.6293
6.56556
404.05
19.352
412.942
22.852
19.1205
57.4103
165.396
21.4109
58.3713
25.4006
68.5692
404.679
200.632
17.6042
167.734
65.4694
174.377
397.761
49.3736
7.45724
3.05686
274.917
372.411
78.9183
41.6682
154.37
177.6
110.198
297.864
206.175
18.5469
7.88367
345.656
382.617
11.6452
16.7264
494.505
469.956
4.5046
479.681
14.356
13.638
172.621
546.48
20.504
454.85
425.678
407.822
488.098
52.6866
24.2952
125.584
9.12519
387.077
385.616
136.837
21.9866
469.522
22.6299
321.464
221.904
320.906
10.0254
27.274
363.727
15.869
159.4
198.453
226.9
244.665
19.6186
376.369
285.104
73.8149
13.2201
12.9031
278.714
104.405
404.432
10.0408
278.035
97.0083
15.949
20.7759
338.371
78.0027
497.621
21.6372
50.8918
19.0125
10.048
212.334
257.151
98.8861
485.531
280.788
173.379
28.1277
13.7202
80.9727
13.6272
24.003
16.8661
354.64
42.5718
14.6091
291.771
18.2178
219.466
13.1797
263.176
46.4543
428.189
328.076
47.2257
149.276
19.5372
381.967
83.2028
11.1262
18.7957
23.4362
10.5234
297.533
464.193
17.3282
236.284
90.0351
528.513
239.678
107.286
19.5078
133.691
16.0237
324.066
75.993
286.889
188.523
274.867
117.142
16.0182
218.717
143.477
76.787
21.1675
21.8756
221.618
204.584
446.22
227.339
136.736
368.14
448.689
78.2708
104.665
9.08578
101.449
20.4699
134.903
272.703
333.917
9.68926
221.056
142.021
188.6
12.0377
168.139
31.4216
187.933
381.941
512.03
403.749
15.6524
21.9726
155.75
315.664
172.821
149.591
428.493
14.6853
7.92478
336.267
350.516
426.21
503.167
67.4804
413.251
16.3174
39.247
12.2559
134.693
79.683
7.25005
186.442
19.4016
7.49198
20.8709
129.085
353.222
25.0819
233.812
310.239
133.218
105.597
149.468
450.627
373.054
191.593
326.819
46.1113
23.4637
24.6704
531.202
213.933
48.163
478.784
555.737
11.0951
14.3954
433.918
190.118
5.60783
432.24
58.4788
439.231
24.5897
170.282
175.691
30.4102
5.70842
6.83092
340.223
12.715
213.227
338.231
112.903
478.763
133.235
30.5016
6.03302
457.563
8.59919
103.148
259.987
185.693
60.3112
25.5477
18.0872
157.189
288.726
14.0673
19.332
245.363
50.5777
278.622
20.3019
400.992
316.163
170.899
11.3001
313.047
367.258
7.97127
236.365
208.401
315.768
247.003
147.231
272.766
213.016
16.2409
503.437
8.54637
29.5457
40.0243
300.982
99.5534
229.471
11.0348
455.949
343.747
208.516
280.438
17.4112
39.6422
19.683
48.7868
11.1506
6.52981
15.8437
7.45366
280.382
250.647
97.6335
53.9423
349.143
113.383
9.5999
29.4935
93.2652
46.5014
506.828
82.6685
104.618
375.989
150.046
221.805
194.681
396.85
423.241
211.803
96.1846
267.297
186.72
290.794
140.687
179.169
12.8973
386.742
14.7957
22.5073
15.9412
440.566
23.3591
303.514
14.7626
191.799
400.843
11.1533
324.403
12.5171
370.892
118.354
9.34665
451.815
306.225
103.0
12.6157
21.2315
22.2241
353.061
334.217
380.757
194.814
388.825
89.6314
412.753
19.0174
112.851
404.089
249.763
119.131
194.358
11.1367
8.30273
15.2234
8.2756
271.438
63.0858
292.998
83.1013
17.6501
276.869
14.1244
327.407
232.868
173.089
358.992
15.9744
283.35
368.323
19.838
16.5618
429.294
17.2267
514.749
18.6644
333.964
295.075
53.1552
144.939
138.567
12.9105
108.518
150.116
335.81
19.1078
367.644
117.028
21.7439
228.789
23.0291
197.492
532.449
394.742
47.3982
198.938
528.73
91.6074
266.085
289.889
515.503
216.898
18.0774
112.298
22.0357
225.106
451.992
170.635
92.7028
283.953
341.922
403.443
365.914
66.6191
19.2765
254.441
159.07
401.977
83.428
19.9659
89.0091
332.146
159.292
12.0435
353.866
186.524
425.374
500.766
113.443
441.19
16.1268
329.974
18.6888
12.4235
220.705
211.285
15.5453
112.737
93.5149
207.13
105.061
26.5758
216.51
20.6841
162.346
28.9596
277.513
504.697
226.035
17.9289
231.824
20.854
392.262
19.9326
235.768
259.472
312.956
168.762
18.9314
163.207
234.083
24.3316
11.4758
201.093
503.745
182.863
175.734
561.978
539.373
16.4826
31.4611
309.773
153.689
37.5769
244.176
18.4173
363.283
183.41
160.917
422.539
407.93
440.94
14.0008
459.106
168.716
249.73
367.108
92.5228
458.532
108.468
305.818
6.07658
4.80065
54.0182
411.085
494.385
49.9533
151.912
22.8751
267.547
18.9015
6.30643
14.6454
24.3127
81.1666
177.075
15.1536
294.643
302.753
308.857
248.757
98.0994
333.359
10.8461
15.2112
166.965
252.373
320.247
377.071
13.6337
9.12723
573.108
20.7127
21.8173
72.5111
9.35606
421.154
400.719
37.0822
52.8188
21.0004
157.735
266.023
13.1236
12.7716
249.826
9.23444
362.957
426.314
437.026
20.152
22.1838
205.044
266.829
479.628
272.853
445.124
75.0653
19.556
22.4943
22.5213
195.431
451.931
68.3254
342.206
431.99
290.332
362.216
167.54
395.724
24.4478
327.421
54.5552
445.866
393.16
448.735
260.454
426.454
117.249
351.263
22.2852
291.151
237.88
200.044
20.3314
129.461
494.634
92.9199
191.983
140.403
135.429
17.7892
173.424
230.423
24.0012
424.013
16.0121
23.4446
9.54565
104.179
141.799
30.9147
18.477
3.92566
486.99
328.999
380.614
10.9918
234.561
18.4896
461.14
504.305
314.235
20.5285
170.453
9.22307
249.286
24.0376
10.2215
19.9898
331.83
7.69546
60.2709
73.0754
192.787
13.4908
19.335
8.72305
170.757
124.861
89.6855
210.342
101.649
11.5067
53.9336
192.501
404.752
174.794
17.5223
525.621
53.3445
153.981
329.842
286.1
74.9581
12.9393
192.716
309.793
452.605
9.35387
18.318
276.114
355.111
366.953
11.9212
148.029
12.1734
33.2353
573.614
306.498
14.9635
218.548
79.579
302.156
344.96
16.255
218.992
388.057
109.859
7.17541
44.726
16.8347
466.845
74.4778
242.565
20.5225
168.193
34.6626
17.0664
406.527
449.191
476.339
12.8634
11.9308
16.6251
154.298
324.387
173.727
12.408
19.0677
128.39
40.3455
205.334
9.82631
131.089
252.378
288.319
85.1023
249.856
26.5504
170.508
21.1836
466.733
10.1618
283.755
352.916
174.196
234.41
18.5104
228.783
20.3299
267.052
73.6445
249.899
414.111
19.3334
74.6407
15.2483
179.79
405.297
7.22478
116.824
16.7111
401.487
239.026
9.20977
437.646
291.758
15.362
30.1186
95.2949
28.6147
17.4485
93.8339
4.88555
107.557
17.7353
9.4625
281.972
264.892
394.004
14.673
438.086
21.4929
208.508
347.648
193.332
55.1654
24.6903
295.087
6.39342
41.7569
157.94
197.536
478.677
92.1717
202.902
108.916
8.26395
101.633
11.6513
386.128
12.8752
94.4829
13.0461
170.415
8.00939
175.053
24.3944
499.17
21.4183
29.4957
23.1586
404.266
70.1467
21.3557
282.609
264.435
175.514
267.947
116.738
16.4467
388.539
16.2093
281.235
351.701
11.5618
50.2769
9.22682
13.985
5.10506
155.325
16.6907
392.677
335.811
-16.3235
107.792
7.67346
237.378
21.5406
8.27701
430.512
495.631
107.702
12.1646
80.5575
27.2896
16.4404
11.2674
11.2513
214.242
14.692
18.539
472.403
64.5917
72.1582
113.905
18.553
103.558
412.188
174.612
293.713
237.936
285.691
138.593
68.787
20.7027
330.247
162.646
199.98
367.606
518.905
149.439
15.6482
19.8957
102.656
557.947
15.9271
225.096
463.087
215.374
267.165
280.733
135.553
267.21
364.483
49.5157
382.126
74.74
8.9803
119.68
8.32539
10.5672
22.7817
10.0163
15.3247
377.392
38.8052
34.5484
229.812
198.593
165.875
428.493
13.9811
23.1417
201.096
49.1988
134.721
399.715
32.0343
443.284
12.493
14.5093
97.8254
52.9173
39.8294
406.53
360.062
426.122
178.248
193.891
6.12732
250.856
21.0028
38.8329
21.585
158.976
18.415
19.1959
451.047
24.0573
22.2409
10.161
19.9001
21.9802
207.346
20.499
53.1498
328.189
9.33082
187.034
17.4676
265.085
27.6814
21.2558
19.5603
9.99257
16.1571
436.341
65.9836
173.458
6.5021
17.3017
311.694
177.379
236.256
166.257
20.7558
13.2288
236.281
309.483
384.445
484.704
385.103
227.848
317.042
4.86383
14.3604
203.328
14.8891
68.2674
127.487
118.098
124.129
296.034
31.509
19.2692
109.519
203.233
24.9596
193.69
401.708
169.69
214.872
14.315
6.71439
10.2546
292.689
11.8979
17.7568
329.642
137.168
248.722
134.111
18.1957
18.2747
212.263
4.94118
303.586
17.027
441.647
80.5216
24.8037
263.51
346.028
129.406
222.717
5.30471
231.743
364.278
473.86
202.674
458.064
105.194
486.794
333.554
309.47
325.222
131.4
9.06586
88.2881
520.356
15.2933
12.9636
279.008
10.266
234.971
335.27
284.647
13.1968
558.962
21.6841
217.75
241.434
278.753
10.3213
2.49531
236.796
426.871
95.905
534.992
208.1
222.335
162.979
238.75
78.9761
210.627
347.53
5.74979
17.4378
384.13
447.15
317.392
23.5891
215.039
14.6654
13.9236
144.313
21.3593
65.1556
381.187
10.6539
466.42
47.9427
23.2982
160.78
22.1727
23.2036
342.28
16.3129
209.776
254.684
249.093
448.998
228.969
96.5216
11.7881
16.7965
100.063
11.3635
482.002
17.8636
24.1701
128.744
24.6341
83.9694
20.784
284.557
278.086
15.5218
527.06
63.3724
170.413
281.428
430.245
326.439
238.054
195.459
58.9447
456.584
11.3778
15.3059
16.3886
410.109
412.216
12.7975
22.8306
310.991
150.378
30.2302
454.876
124.998
256.183
188.006
9.64649
297.595
293.622
125.555
16.0686
119.235
113.497
208.745
20.5257
26.7361
172.133
18.8248
99.0095
107.884
380.367
13.9885
95.3496
382.973
22.3044
107.901
38.6487
201.954
10.7209
17.5192
38.0733
18.9225
257.491
256.289
35.5474
245.021
275.448
13.6741
469.237
294.212
20.3531
13.6808
291.029
9.93664
354.103
69.825
353.002
124.417
66.6041
416.028
29.5082
16.1337
305.482
419.692
453.082
19.5395
22.37
153.77
217.45
23.2829
11.3082
20.5183
27.9281
199.794
372.586
12.3559
25.3228
408.337
380.453
8.78606
24.6046
88.891
412.535
313.222
439.29
16.6321
365.023
141.078
523.745
167.975
83.1701
184.504
7.67467
164.496
209.248
176.6
140.389
20.5337
241.179
476.675
316.78
11.2992
20.4887
244.545
41.7387
210.521
5.83537
306.427
35.263
11.7675
288.219
139.126
135.278
15.8558
33.76
21.3951
258.985
449.866
188.993
15.782
298.257
22.0898
134.177
213.228
419.258
289.318
133.413
11.7735
409.207
390.112
150.826
119.612
135.204
21.268
313.621
256.624
193.033
234.689
15.0508
49.8164
10.7639
55.0805
17.2762
62.1535
314.822
17.843
21.7007
290.626
7.94988
85.2948
14.7401
557.707
360.957
20.298
168.832
14.3118
479.168
234.36
16.3932
154.886
140.633
6.05921
19.9392
157.993
218.692
305.235
372.337
191.382
72.7882
204.365
102.519
35.9322
407.539
292.718
236.591
271.332
212.426
100.563
12.7291
404.174
9.53845
24.2216
26.2569
403.357
200.89
423.012
23.4369
79.0781
206.082
60.3419
23.3695
140.475
21.7156
143.736
198.614
23.4508
308.391
266.507
18.7397
5.44492
7.62224
510.598
223.061
175.89
523.982
10.1314
335.27
21.9512
22.1154
172.19
453.873
41.0265
14.4742
347.83
18.7442
20.3826
177.526
10.2172
154.356
10.357
50.877
8.9214
70.7223
124.476
127.06
29.7782
23.7801
3.13783
222.609
5.42349
13.3564
134.574
517.944
10.3413
168.824
18.2526
5.45049
30.9711
6.6387
272.061
10.0907
13.5091
13.0231
20.0967
57.9624
21.3758
71.3328
15.1943
162.091
65.4058
536.423
351.219
17.8559
410.173
16.2896
17.6938
21.8508
115.821
342.937
427.704
16.7581
392.711
243.714
118.849
18.4276
18.0897
306.113
137.882
474.599
21.0583
3.09065
213.34
58.9724
201.284
184.247
22.4209
211.451
414.666
10.4645
436.227
111.409
261.91
19.4687
13.2844
15.1177
432.412
244.823
347.206
16.0849
177.774
64.9601
11.0765
279.968
22.1979
5.51776
235.067
249.271
532.907
256.764
95.2357
433.223
23.0602
7.14909
243.753
15.4568
176.756
72.6765
10.5395
311.586
56.7961
415.676
27.4316
365.162
106.039
20.7419
108.665
450.722
51.4859
257.522
246.353
13.8332
241.802
156.955
405.544
512.706
39.7572
5.18256
15.2981
109.142
452.838
158.76
208.18
468.038
22.7004
311.892
107.169
429.859
74.8619
189.699
314.891
19.573
252.543
17.7861
16.6106
229.706
81.2051
23.9907
236.222
275.4
25.0547
16.1525
210.343
464.064
358.674
18.6972
196.996
168.836
3.49414
93.578
418.917
7.48712
179.415
12.7757
159.66
203.671
165.853
21.6475
24.23
23.5144
7.48734
13.9448
107.98
-5.73119
19.7111
19.0534
20.0269
211.962
457.835
145.876
20.5666
64.8807
14.1453
236.455
9.19062
112.599
64.5031
204.602
21.1791
291.999
20.6709
470.613
30.1886
10.4709
250.887
20.4287
24.3244
15.009
22.5184
371.71
13.4592
62.9587
220.475
22.0002
215.468
18.5075
51.7332
217.112
21.552
18.5196
178.216
24.9164
223.946
290.578
184.979
191.918
266.715
210.183
13.7508
21.2159
17.1458
13.7676
144.781
321.223
519.493
10.5669
14.8465
22.3992
19.1198
10.8259
402.981
390.729
316.938
428.507
12.5022
15.2
48.4281
473.477
125.349
16.8319
258.756
37.8341
249.292
468.585
15.3843
19.9194
245.381
14.2778
152.76
282.87
337.397
18.0564
22.7297
158.61
19.1411
108.815
16.127
13.1432
251.525
20.5654
251.881
42.2747
19.8255
396.048
379.034
6.8585
220.428
202.445
139.605
79.6267
429.023
12.6882
104.777
249.202
229.621
562.344
12.8805
400.654
363.791
215.748
185.929
151.344
225.643
261.365
249.245
328.979
21.2017
369.137
19.0402
170.043
85.4907
238.199
18.9538
262.262
212.398
244.226
118.313
31.2815
81.3569
387.342
84.1933
197.535
119.685
274.388
18.089
48.6788
44.6724
456.843
103.123
13.1902
365.159
351.75
11.5166
18.8779
458.344
148.371
112.902
12.8667
63.7182
496.547
24.6645
139.567
178.882
21.8809
14.2269
10.1846
366.045
11.1932
138.022
333.327
108.933
97.414
264.182
280.73
16.4887
26.0561
269.244
13.0817
392.781
236.815
5.59091
17.1665
252.787
5.63072
111.654
19.4464
326.927
226.708
309.338
17.3449
38.4676
20.1106
12.141
231.263
202.057
449.242
222.639
73.0262
92.9889
215.276
92.3288
324.718
53.6016
174.993
19.3551
202.908
265.593
268.868
298.74
281.754
82.5705
17.1943
245.208
21.4229
91.3401
236.514
152.093
338.667
322.34
40.3043
10.3154
15.8143
165.81
67.6873
273.421
285.315
534.733
337.868
132.341
109.843
20.7645
182.685
230.919
21.7126
10.9025
97.1821
103.622
424.655
63.4627
18.1291
92.3026
15.627
17.3451
260.948
17.6362
325.151
308.628
109.266
235.621
364.89
516.553
51.9115
244.035
188.12
498.195
17.6361
133.523
219.225
8.85409
13.6589
282.755
13.948
498.223
180.833
10.3442
198.413
260.966
15.7802
15.2733
24.5088
184.408
235.394
245.003
196.35
12.5768
17.0823
111.293
16.8478
105.432
116.804
58.4404
23.088
17.7565
208.877
176.007
439.579
439.826
231.033
518.46
17.5292
11.9012
17.2241
13.4645
330.985
17.3317
253.774
363.493
21.1102
207.923
372.015
23.8146
10.9065
434.877
272.179
14.0949
176.89
446.219
84.9941
63.4358
39.9122
317.702
73.2396
141.412
88.608
8.59747
189.488
19.4484
306.596
18.4109
44.4192
75.1575
19.659
23.2344
426.618
14.8451
36.5938
15.7735
6.51571
227.474
136.573
271.755
181.25
154.759
551.543
155.684
38.6692
426.534
400.838
374.578
323.983
9.73932
389.187
15.9126
60.6132
14.5093
323.286
18.1157
24.1424
10.4209
318.261
360.03
26.9941
257.909
74.9236
356.234
21.3631
8.58485
17.5596
490.953
92.4538
315.034
181.903
317.745
17.9115
21.9264
160.341
414.617
12.2657
17.9361
8.70781
15.9021
17.687
353.853
108.867
92.7395
52.6118
9.26463
444.257
298.511
391.238
5.89137
155.598
372.223
159.23
160.481
243.611
12.5785
248.03
251.699
5.04205
20.3508
214.33
370.099
369.212
3.67267
98.9608
25.6106
543.786
293.66
453.199
18.6577
366.06
438.328
18.8
6.37002
201.702
13.9354
172.389
404.119
19.9147
344.547
75.7148
6.48441
172.667
151.357
41.6476
21.9233
9.60823
322.065
135.768
9.49167
178.896
65.8964
216.615
293.88
202.128
21.2711
10.4235
274.681
18.1145
286.755
11.3385
124.668
12.907
8.21377
17.8001
13.2676
230.699
64.766
19.3982
21.3354
548.878
19.3725
16.3346
20.466
287.608
6.89689
292.3
192.232
231.631
184.42
21.704
20.1146
313.185
13.1473
20.6279
8.37307
14.3048
14.5153
11.7398
537.159
-52.3062
367.823
288.588
340.198
308.518
10.6417
171.417
35.85
186.621
17.0717
8.83643
287.58
73.5828
27.0665
222.487
7.98179
107.008
47.9217
189.575
6.78943
19.5477
13.555
16.0565
20.9691
16.3686
36.7405
18.5294
33.4851
7.92653
425.321
413.235
18.0087
427.315
118.065
62.5027
171.405
15.9689
9.33704
26.3636
301.833
17.9245
327.473
444.991
15.7909
17.6812
85.6289
223.522
65.9518
19.3418
5.93236
183.691
41.7565
10.0873
481.949
21.3435
21.0266
323.056
78.231
124.836
225.127
57.273
244.83
15.6975
238.481
50.0787
10.3188
16.3293
64.8107
246.537
10.0652
432.791
377.004
210.096
17.3999
343.537
263.301
32.3557
14.7479
5.94089
22.1371
44.8575
199.462
213.18
17.7593
19.2457
258.231
498.022
74.5577
12.7386
11.1143
98.8842
16.2287
14.0826
280.736
309.031
295.026
118.538
215.255
53.8643
20.1929
18.7818
151.443
212.267
58.1914
86.7349
311.058
205.425
354.901
7.48565
296.15
125.325
452.775
394.569
264.806
17.845
13.4436
43.722
72.491
50.293
221.116
81.2946
6.76184
47.9194
23.3241
125.798
325.039
218.028
274.715
282.288
16.7621
60.5128
12.4649
211.006
521.174
73.9792
18.807
73.4615
184.812
93.1384
48.0479
20.0704
21.3021
418.494
23.5895
389.056
3.77625
400.959
151.98
10.1049
457.303
55.2619
125.511
12.9228
214.048
18.2348
417.75
476.882
7.22236
7.13718
217.757
362.932
45.4839
30.5224
7.90691
387.526
318.121
206.774
48.6832
24.7773
320.559
327.564
17.8882
226.956
94.3597
55.9558
208.207
126.371
157.16
51.3589
202.445
394.264
188.222
9.25105
177.733
5.00066
144.35
50.3797
144.013
280.052
130.702
130.818
62.1697
120.733
16.3029
281.197
364.82
23.5769
5.11953
116.15
329.221
386.975
14.442
84.7664
122.039
13.567
320.904
392.562
162.646
21.0679
12.9026
325.632
390.089
51.0865
20.1547
237.012
56.9447
17.5957
114.906
10.8062
26.8278
18.5304
81.3341
9.88921
14.783
13.4843
8.0787
25.5218
253.3
57.6917
121.624
45.2303
11.1462
294.618
22.7074
7.81984
206.252
214.802
68.4169
404.338
184.794
257.165
73.7307
79.9907
5.38326
71.4464
301.49
170.149
25.0269
22.8849
25.6876
397.259
22.7818
125.51
99.4015
18.6282
132.916
529.983
20.2275
16.5837
7.40384
158.522
313.018
130.562
285.545
269.344
148.79
133.367
253.834
22.3058
371.011
20.575
203.648
165.195
15.2109
167.38
21.0867
125.161
25.42
389.456
10.1118
11.1765
368.878
309.309
50.9699
41.4419
326.284
251.009
347.826
204.716
210.483
330.547
161.8
124.191
356.259
55.4444
52.8082
164.975
130.84
187.989
26.2485
356.627
153.824
20.9998
187.849
190.992
454.689
218.562
65.7366
423.93
271.919
30.9459
138.884
248.013
315.045
230.722
50.8947
165.222
23.111
192.753
441.875
21.9452
314.95
413.894
545.646
69.9394
165.029
21.9753
17.6261
16.3786
225.433
500.795
20.8392
14.381
475.933
205.929
346.559
13.093
348.527
11.3996
15.2349
494.272
439.594
219.839
253.229
107.071
343.088
211.544
14.6514
566.258
85.2375
16.3769
321.772
441.556
290.415
185.273
434.401
48.205
72.392
14.3421
183.547
372.884
15.5375
16.0652
23.3045
18.4592
33.1974
14.7956
20.3091
13.5006
145.074
21.177
87.3735
23.61
24.2744
115.603
11.5296
12.8751
16.6967
249.351
267.198
166.603
31.6006
122.21
5.07298
6.42378
74.3898
83.7575
388.985
17.0778
156.335
86.7588
80.9713
10.8331
128.96
47.1162
20.5658
116.87
24.5562
8.87658
21.3466
191.888
16.8089
17.7601
330.334
20.6736
337.382
71.8903
31.3797
14.8632
10.8936
418.398
67.8947
93.9253
10.9315
474.087
183.743
39.3728
299.007
19.2133
10.4375
246.132
554.204
317.907
121.129
413.348
504.84
155.326
5.42461
126.103
20.0244
13.1419
489.757
88.905
27.0657
452.589
319.539
83.9662
263.974
127.941
118.804
378.294
21.098
382.824
26.5242
447.827
8.29185
136.464
248.372
19.4835
17.0195
502.374
14.3711
150.454
405.422
20.0487
241.281
122.132
47.4649
10.2759
6.02462
407.728
82.9852
97.3189
183.21
174.6
16.3344
71.801
14.9306
15.8299
499.902
380.035
27.3461
435.636
8.44124
307.908
290.954
22.1706
43.3751
281.119
379.408
167.566
387.425
32.1278
377.335
147.666
459.015
23.1523
9.67628
9.91099
91.8324
10.1234
183.465
38.2266
12.1572
16.1188
413.056
135.446
71.3394
363.394
6.82187
286.197
405.97
19.9174
14.4534
231.678
22.3396
127.619
4.26366
174.082
445.83
150.576
7.80711
62.57
150.254
547.398
144.837
3.68554
311.252
530.423
5.9949
204.986
25.0512
296.973
26.3832
18.8112
20.5547
244.901
355.689
448.333
149.139
152.855
260.089
23.7024
78.8417
498.283
193.113
165.124
218.169
12.2297
39.8175
22.1883
11.9472
517.293
102.262
14.3118
203.286
380.593
206.661
88.7812
17.0315
11.0492
9.18759
240.728
119.963
61.1561
362.884
31.2986
15.2105
22.7667
275.448
74.3857
15.2217
86.2069
11.3077
15.1659
12.3293
389.868
93.0061
18.2957
65.9597
131.837
288.097
350.958
466.732
108.57
34.451
185.419
13.9405
76.9853
9.57496
227.601
418.507
193.229
433.918
349.075
54.2553
320.899
84.6518
319.04
13.5766
262.877
25.4
14.5551
17.1538
226.452
44.0625
372.605
11.779
20.4494
230.741
342.05
27.9635
20.2847
304.97
72.5018
9.48188
17.3352
282.184
306.931
206.377
71.4814
12.9026
34.5684
375.795
316.584
190.891
25.1264
232.69
2.975
172.922
242.768
82.3703
7.91928
117.738
460.343
360.328
529.109
163.339
406.733
157.2
522.374
6.31408
105.587
348.317
253.083
207.998
241.726
48.9974
16.489
294.548
556.654
205.911
11.9602
366.751
379.764
6.86057
426.927
11.7758
453.624
18.5768
20.8071
121.807
152.593
19.7153
297.664
8.42181
254.741
57.1041
199.65
236.745
165.603
9.16409
15.4707
550.436
11.5026
10.357
9.30834
314.786
49.2031
14.0734
16.1449
165.013
222.076
18.961
30.8492
355.868
14.9675
149.202
22.698
122.695
8.13953
177.175
21.9011
330.584
190.964
17.3822
10.2946
179.845
251.734
12.7522
87.6135
142.27
10.2529
170.908
87.5295
324.947
530.268
76.2364
243.512
260.404
14.2115
17.6562
134.193
428.428
292.109
18.5924
269.316
117.567
22.1189
2.32615
336.933
174.701
22.9841
508.119
524.814
23.968
12.3152
15.954
458.153
13.8173
17.0069
15.8307
28.339
253.603
417.688
15.301
10.47
12.7864
279.51
333.122
24.5586
130.031
272.512
492.864
12.1955
203.051
250.342
35.7567
561.708
187.387
15.4173
299.003
226.975
16.4012
250.919
270.037
410.271
65.7276
312.779
6.93266
54.0033
310.621
119.932
308.595
15.2151
40.5612
524.053
375.26
67.8703
233.857
115.067
148.854
549.096
13.377
210.002
160.327
420.739
137.596
464.734
255.813
4.53277
18.3678
128.861
58.3814
14.3213
24.3405
6.85324
23.1864
104.701
117.265
446.855
417.292
318.906
98.5719
16.7948
10.8527
104.693
61.2956
346.495
182.702
407.955
21.308
82.5288
20.7167
116.164
204.254
183.964
169.593
10.5955
507.724
22.2231
81.9434
153.637
380.982
401.529
315.931
236.855
13.1557
460.228
19.1619
423.407
6.90422
323.222
197.914
458.991
13.0914
57.4963
131.293
19.1968
269.886
21.173
153.877
110.201
13.9604
245.441
28.9258
11.7237
212.884
108.618
315.645
424.101
378.471
284.505
14.4308
18.5615
79.7477
224.278
10.9129
22.3784
18.5719
13.0802
54.3469
23.2047
19.9099
268.371
320.656
338.997
126.007
15.8957
101.627
9.91119
7.42393
350.419
16.9187
349.574
198.971
253.651
196.168
263.484
244.635
48.578
12.2597
274.631
282.245
117.445
293.858
395.059
89.0177
103.096
360.766
492.205
10.8972
0.0467263
12.4605
338.495
165.995
20.7425
29.0124
19.226
99.2535
32.2244
341.403
20.2809
18.7977
6.7392
293.411
15.9326
17.4039
350.172
15.8928
174.779
24.6616
51.4415
20.8487
316.385
283.632
310.72
295.953
188.543
400.422
138.117
142.942
305.107
198.221
338.532
16.8587
418.822
258.324
146.342
133.071
386.725
233.06
152.072
168.084
400.893
372.493
156.557
293.324
11.3363
530.681
21.1919
39.5072
20.4593
75.5
303.792
20.1369
11.3621
203.805
294.383
30.146
21.3795
86.1341
17.8091
22.4165
19.7085
317.099
5.23618
41.2552
14.4399
144.52
551.709
45.6261
13.5709
231.871
349.056
11.1292
352.436
245.585
391.0
344.509
336.667
15.5151
416.642
234.935
10.3959
460.312
119.807
13.507
475.786
389.975
108.124
17.054
18.8422
10.7465
9.60047
242.693
394.262
20.4942
20.8471
404.563
19.7079
22.2756
149.987
149.379
479.796
496.164
11.7686
12.9305
10.7779
442.546
111.517
78.7811
13.8158
418.104
14.2844
160.264
130.846
18.9325
18.9588
9.78754
15.5947
269.221
13.2277
223.248
148.493
130.327
16.1903
409.417
264.228
21.2673
20.0835
243.575
401.758
266.183
14.1164
192.795
90.8315
124.255
22.8981
332.612
136.278
17.7719
55.456
23.6522
345.899
349.651
112.77
524.407
113.013
172.733
136.393
415.339
16.9538
7.42862
404.437
5.91929
307.519
125.894
72.2076
51.4533
199.212
174.2
277.934
212.216
88.4989
208.867
277.296
81.8242
21.3399
5.49122
215.606
191.434
19.6453
22.3204
509.733
139.051
24.5993
161.445
218.253
12.1165
122.551
200.988
50.1753
222.151
396.697
155.926
296.726
338.358
168.282
407.036
14.8095
218.637
56.607
13.5527
365.743
180.649
113.804
15.8974
21.3784
387.484
141.288
47.6972
287.234
349.215
125.86
31.6246
420.738
100.585
384.51
122.986
481.323
86.4541
345.218
306.58
13.315
28.7622
64.3958
41.3726
154.474
177.921
399.529
149.403
436.967
281.58
321.977
18.2626
174.536
440.738
383.279
41.9275
299.899
539.626
22.1385
83.0678
338.73
21.4517
170.259
301.614
98.8073
166.454
428.583
10.6039
277.145
143.779
16.7042
7.70584
62.0888
243.507
24.0204
68.4667
4.55442
9.81379
18.1929
63.6337
378.681
9.2867
13.0397
168.485
195.54
479.955
455.525
343.006
12.163
22.3125
231.465
342.787
241.801
348.203
5.8566
166.328
30.558
181.615
451.402
341.971
209.5
242.608
18.9839
362.862
332.472
220.92
177.591
24.5356
19.3341
148.626
137.686
12.769
137.378
110.16
439.364
215.892
20.8045
384.462
29.2319
20.9348
27.5548
22.619
418.181
146.119
262.234
32.0283
505.111
487.165
13.6661
173.835
10.3697
286.309
30.8863
180.747
363.06
20.372
13.2035
19.1458
262.447
15.2037
10.5591
116.247
169.652
359.545
100.031
18.2341
91.6167
317.662
18.7762
208.083
9.08261
18.6198
305.278
133.235
345.89
20.0304
21.444
255.021
15.8916
9.93939
182.111
18.8917
116.23
108.586
215.482
9.16832
145.245
447.08
154.849
164.377
356.721
24.5489
81.1452
11.7727
21.845
211.626
142.752
19.9801
255.118
320.445
22.7817
151.994
516.251
15.7448
116.152
202.951
38.9292
188.016
19.5526
63.7555
214.168
193.768
133.483
416.157
22.8844
258.573
113.253
156.996
305.161
18.5132
20.6431
200.086
155.538
401.709
235.871
148.29
14.7245
115.89
158.331
470.507
23.5608
375.475
120.184
422.07
457.833
18.3675
16.453
330.392
563.616
497.292
6.18445
14.9371
161.39
355.219
66.9649
25.9974
6.32126
22.1425
98.3887
279.48
362.466
33.4775
287.232
17.3849
105.766
361.534
179.009
14.0101
348.232
392.804
19.8489
106.368
23.0733
230.948
13.8217
108.768
223.973
277.79
105.088
12.977
186.182
343.51
14.6295
14.315
22.0614
198.931
20.8441
417.074
506.935
92.0913
10.7406
66.9623
160.897
160.455
12.5175
61.5047
33.6398
137.966
355.512
9.1974
22.0163
314.529
9.37701
183.264
124.512
369.402
137.796
4.06136
33.4118
14.4333
388.602
27.2949
428.404
155.445
10.5844
547.718
185.359
19.7803
166.581
14.3686
11.3679
7.86599
201.979
232.646
9.84028
72.2715
19.3098
299.441
21.9591
316.51
18.8363
374.831
16.7109
15.6241
20.7402
441.082
192.175
108.22
112.709
65.6493
241.127
119.736
399.424
137.432
13.4929
91.1899
23.5985
16.8273
6.80999
64.02
66.2192
267.406
17.5125
12.9482
3.45862
106.742
5.81004
273.89
11.7944
208.845
386.009
18.4153
7.39549
11.8001
222.137
18.0062
267.788
287.204
244.944
15.592
7.54007
84.8234
34.6228
34.2295
541.847
115.197
12.2011
142.111
17.2629
353.964
193.966
221.015
350.104
18.3209
23.7721
170.117
3.03727
120.615
189.47
376.851
439.73
23.7193
276.451
14.5512
19.8749
9.74866
199.4
102.974
21.2408
39.4301
285.35
204.154
22.1219
222.827
557.01
305.588
275.528
158.256
221.367
241.686
240.578
17.2537
410.996
45.3556
215.597
79.4256
144.075
277.109
74.6766
12.7338
245.987
75.4842
15.1379
22.0617
113.665
22.919
31.8247
195.335
459.463
198.881
356.043
17.4868
109.38
20.2535
17.4765
209.434
488.021
14.6232
216.883
126.137
8.50231
529.893
385.237
373.846
32.0733
66.3746
135.641
158.118
21.2075
18.4592
23.4795
10.0633
569.693
7.20801
19.0365
309.858
17.3411
26.8026
422.532
404.178
303.379
28.1337
58.4483
6.89076
9.88743
221.307
29.9126
10.6999
38.3081
205.738
10.6631
285.773
16.169
281.441
7.79908
10.9563
5.86302
359.028
17.6187
205.038
16.5737
14.9648
93.0985
20.8042
261.054
348.334
10.918
175.084
19.4545
17.6953
108.796
22.2315
12.673
345.749
362.419
9.75752
211.614
9.31341
17.7328
182.881
181.461
303.15
36.9735
8.37664
84.64
4.33542
21.3304
260.992
78.4659
19.8812
5.53271
134.862
376.699
20.3665
288.736
258.086
18.7344
22.7485
123.681
16.0394
412.14
182.95
23.0266
408.149
22.68
11.3687
44.5105
492.79
14.4672
65.2616
232.296
8.17711
439.584
171.432
446.585
341.079
48.3113
484.214
17.2587
483.678
17.0339
346.373
12.2182
243.622
4.42832
232.862
12.7879
372.733
14.6791
323.94
20.9819
17.8065
13.5993
74.3493
250.092
14.7666
10.0608
15.4495
22.0829
12.6898
231.79
363.213
254.48
18.4423
19.3556
19.3316
8.09615
17.7756
115.042
186.4
148.598
12.0794
5.28619
214.486
14.4075
74.2045
10.7053
11.7689
17.2679
325.773
9.33264
5.65547
113.688
18.189
517.757
512.561
7.91525
269.383
393.428
458.809
16.2815
21.1054
228.658
36.0021
369.711
33.7288
331.56
64.144
190.253
68.67
16.9703
71.9316
5.44616
13.639
17.6446
201.838
100.688
189.623
253.3
261.436
14.6351
129.071
503.975
3.71952
369.929
11.5302
385.154
123.027
9.92437
337.777
32.9986
16.2692
392.179
13.2591
331.699
17.8786
18.5884
44.4372
77.3632
105.796
120.398
19.936
121.401
223.89
76.7245
6.22178
6.02543
539.796
17.4407
215.113
10.1709
407.539
193.584
327.861
76.686
205.832
351.602
209.283
71.4471
21.634
367.898
9.86181
214.373
163.464
150.982
339.116
20.9587
336.618
124.572
453.604
358.212
394.458
301.949
186.57
17.6315
19.7658
461.643
15.5066
6.55847
86.4271
196.486
20.938
252.038
156.83
10.1655
407.677
470.736
262.109
17.4271
565.061
256.875
327.635
301.844
241.298
321.521
17.8401
165.181
118.803
566.556
205.895
300.241
297.843
23.2046
15.7692
401.763
27.6589
28.9901
44.9564
6.08924
85.4229
337.997
249.742
376.248
245.867
401.206
157.025
10.2109
118.576
17.1984
24.062
22.4038
16.9263
18.9017
12.7466
350.991
455.541
51.0085
15.9061
155.301
452.338
335.263
347.324
87.5421
191.069
5.25144
505.554
221.987
18.3061
76.625
47.9041
237.82
20.9595
339.673
2.49619
25.9251
248.99
18.3472
4.57836
395.358
21.7818
434.907
139.118
308.893
51.2154
329.964
396.647
335.021
235.143
15.4821
23.3623
363.545
14.8002
10.4007
88.5526
205.64
44.0474
18.6988
305.528
65.6979
23.6655
64.6561
15.1198
314.872
248.298
471.15
15.0861
177.975
252.326
18.9362
90.4017
560.033
351.929
312.139
220.813
219.754
10.6455
8.69903
54.7778
19.109
13.5165
82.3432
158.419
175.516
125.25
17.9001
114.395
28.9241
19.1898
27.0916
129.538
17.2395
206.119
19.8596
353.211
346.059
537.516
169.144
10.2929
9.35111
12.5496
98.3717
21.9497
298.01
10.654
224.002
15.6185
500.914
407.359
95.1594
212.45
172.125
14.7986
221.91
404.724
428.078
29.9664
169.123
409.233
130.15
56.7997
351.6
18.5279
332.058
68.1232
192.347
12.7499
324.538
338.293
23.6789
80.2217
128.664
44.6692
126.239
109.978
348.481
81.1089
360.314
342.342
10.8305
280.324
379.129
181.883
359.207
11.0015
21.3036
49.4089
212.828
20.8444
371.159
193.829
1.6833
21.1757
3.97944
11.4975
193.4
338.594
201.57
19.9034
246.398
166.291
441.508
150.717
539.964
15.0316
17.9493
258.798
219.388
107.074
28.9392
16.6576
198.555
81.1522
435.141
149.229
333.365
31.1962
7.34163
16.6813
88.4932
549.567
17.9279
16.1579
20.5205
275.305
288.09
13.1849
113.104
262.07
14.1764
138.971
217.914
15.5588
321.056
217.832
73.4387
152.813
233.023
82.4605
19.2475
141.564
4.38031
16.0509
15.1562
355.853
441.988
241.289
69.2776
85.2
322.684
24.7395
16.8402
334.296
233.499
242.571
136.328
14.2806
256.728
6.0852
23.6274
20.5438
214.928
16.9528
529.39
264.354
289.823
69.5332
75.6159
21.1496
61.3143
129.402
117.11
14.589
548.448
276.419
305.364
243.372
498.757
57.4493
267.156
342.862
16.7942
60.8028
328.486
297.275
28.6395
18.1592
362.927
37.7965
430.674
267.91
9.20981
271.229
341.489
4.2038
59.8338
462.747
290.331
11.8989
160.324
333.123
309.958
18.9721
232.574
372.667
18.273
369.179
399.82
235.673
20.9245
431.997
258.695
222.38
244.73
8.72207
300.595
115.335
440.732
364.064
15.1542
10.311
84.4306
337.707
40.8506
173.673
21.5947
273.037
8.40554
93.8926
9.18873
14.9336
23.9665
205.43
151.547
314.972
352.919
406.399
211.669
302.649
276.42
11.3937
225.07
120.278
173.542
289.813
222.999
555.003
13.0239
18.2595
323.043
11.4335
185.879
319.38
299.181
278.815
12.3196
70.6095
463.279
81.5745
18.0701
354.715
21.5935
90.4156
365.993
17.262
329.623
131.221
301.359
200.381
407.965
23.7967
56.7521
175.667
186.286
18.9715
6.70182
261.074
31.8263
270.533
21.4789
100.726
39.5743
44.8998
40.9298
312.452
362.006
35.8557
390.233
16.8298
16.5833
402.595
10.9726
163.737
259.675
231.819
403.338
134.416
17.5501
11.0444
19.0626
19.7476
16.4412
15.8433
446.533
277.447
263.951
56.5266
143.49
17.2944
94.0205
84.79
-6.65521
69.4892
535.049
89.8926
46.3473
241.009
378.829
20.9138
373.388
17.6977
13.3222
85.8432
177.561
20.4379
434.88
75.1238
177.118
242.952
17.3433
398.469
237.68
42.5709
402.619
22.5554
359.403
79.3094
17.4652
20.0447
146.036
212.157
305.993
117.878
46.9264
267.378
193.152
331.607
193.256
286.069
22.951
390.072
545.078
24.2652
323.531
53.7626
152.594
357.671
113.107
10.3362
156.201
211.489
14.9434
208.58
320.639
389.995
89.8486
201.147
12.4471
22.4622
130.891
99.7486
272.518
8.64568
32.779
152.495
498.585
23.3506
75.897
18.5298
258.234
522.16
115.165
7.21427
118.448
50.0867
236.397
15.5503
368.094
180.813
13.8952
15.6472
9.39595
427.49
469.365
146.318
119.341
13.8468
374.197
18.379
14.3857
7.28086
73.5991
23.0044
205.108
108.545
20.2173
172.766
256.836
20.3019
17.1298
459.575
13.8947
19.669
37.4302
17.3419
376.613
13.7892
150.304
421.978
403.532
214.917
183.135
206.114
9.69362
208.373
15.5206
93.503
191.181
24.0409
122.04
21.4972
305.529
506.354
321.325
134.004
359.131
11.3494
9.88469
7.02148
19.0273
165.327
117.549
346.618
8.82414
514.201
6.91229
18.2457
88.6907
286.948
11.2354
21.2402
13.3583
91.3711
166.343
329.78
214.733
292.982
390.61
170.234
19.2382
14.9862
360.962
537.913
278.786
15.2494
207.624
403.476
60.0375
19.0723
66.5405
308.794
385.497
325.747
317.47
6.54648
16.3909
18.9215
388.356
415.212
-7.95941
302.741
278.905
20.9041
156.885
60.547
62.6773
73.9508
43.3963
328.333
48.6799
329.201
15.1082
11.9059
143.388
287.941
145.557
24.471
314.719
13.867
279.454
198.586
235.454
184.264
227.665
141.858
203.225
22.3312
5.71225
61.6535
27.3176
370.027
13.2501
555.054
19.4541
20.8781
61.3406
19.6314
454.185
337.781
17.9017
96.2269
119.941
308.326
4.68349
336.355
233.047
16.556
22.7014
455.971
412.885
447.372
14.0271
207.625
126.021
49.3227
116.009
16.8892
243.695
451.528
13.9877
242.457
20.9486
146.448
14.6246
56.0042
147.356
9.09197
176.224
307.15
405.858
427.795
239.1
52.8077
22.7664
19.2071
6.68718
22.2875
222.123
33.7127
274.959
128.834
404.003
21.66
371.653
102.443
336.301
99.3609
27.7395
97.6572
329.226
424.973
17.3003
151.785
258.373
14.0939
30.6873
307.795
209.404
20.3179
372.045
15.4378
10.3679
172.769
361.523
31.8318
173.166
173.388
215.332
13.229
7.09752
8.68377
14.4947
214.471
371.967
243.286
22.2009
265.929
470.926
485.3
214.126
108.896
6.44817
57.3825
115.289
150.836
10.065
254.949
5.30102
503.007
13.761
395.764
187.616
8.52944
268.986
21.4728
12.5135
300.212
255.654
17.0399
24.7571
16.9208
16.8309
25.0934
440.948
424.215
198.908
10.6061
118.302
8.74396
65.8841
250.926
184.941
411.105
18.4231
213.924
9.87042
190.774
11.6761
297.191
7.34586
85.9526
122.531
28.4826
15.3285
15.2021
527.616
284.985
165.887
21.5147
18.1072
99.8094
12.5998
26.1874
188.517
20.8872
198.164
295.53
250.423
5.00715
566.802
404.508
168.148
150.701
24.8715
14.1679
217.936
311.502
79.6956
65.6389
96.1781
13.596
416.405
21.5213
119.169
22.9348
23.1702
209.006
236.738
31.3267
101.856
269.889
390.336
444.576
5.32828
548.46
6.84847
221.661
19.1134
119.142
197.698
124.447
12.462
324.439
189.231
548.513
161.527
135.527
15.773
21.8299
21.4984
16.6359
111.112
91.7777
219.574
386.458
187.932
20.9015
16.1275
22.0892
46.5368
83.3898
434.033
63.3263
49.9562
9.73206
93.7335
293.695
91.0451
41.9333
11.7604
138.494
14.3933
24.6813
5.55144
35.3389
255.921
288.335
87.0402
20.0466
342.597
192.141
393.995
207.582
447.424
114.9
73.034
22.1556
20.3629
15.2781
169.347
13.6881
20.0867
14.3191
241.359
9.71423
12.9744
84.3127
510.681
276.116
178.403
378.017
61.9303
227.036
15.4466
-7.08336
369.247
69.2465
8.2432
454.153
293.012
32.4087
177.3
13.6657
182.488
347.308
13.4203
93.4986
444.004
369.666
97.1918
162.233
70.9961
54.8748
21.8999
23.8495
13.9887
212.018
15.5082
143.681
19.0904
254.86
19.9782
9.56865
16.2722
404.055
13.2578
18.6827
226.305
299.09
11.7492
214.134
7.99767
38.8407
346.277
339.846
360.22
193.022
15.613
289.564
65.6752
73.9983
169.37
130.456
226.825
7.6563
497.994
17.1645
18.3764
207.95
23.9389
121.578
20.2737
340.074
55.6173
15.0382
322.158
12.424
439.94
23.2331
18.8835
34.8387
7.31367
257.36
5.00928
13.4787
236.524
116.054
255.384
10.4075
211.281
108.621
522.865
384.677
549.707
395.337
244.142
10.8391
199.572
19.7187
255.057
19.0483
113.624
6.39041
62.5949
362.29
262.113
24.0311
13.3933
343.823
147.484
538.993
245.64
16.1789
25.8641
245.409
14.2638
11.7987
12.4972
183.98
19.3025
20.1266
198.225
14.6705
307.433
20.03
220.073
119.542
19.489
87.0151
427.184
172.525
10.1321
22.3996
55.1704
286.975
199.985
226.649
112.349
9.73969
422.235
102.756
21.1058
358.981
140.863
29.317
12.883
21.7673
12.2556
390.532
55.0989
129.864
311.746
100.724
46.764
197.242
18.0293
183.258
440.501
211.113
45.3936
316.228
218.631
35.1468
182.564
274.318
30.4251
21.9189
21.9866
288.205
213.718
430.867
40.4334
301.434
18.6156
201.042
64.0778
172.335
481.255
20.8478
321.965
307.156
539.419
181.524
54.0235
44.8662
245.068
18.7411
95.3718
343.836
15.2732
310.811
172.115
213.312
16.5095
260.709
244.248
206.405
105.493
69.8993
15.2943
297.943
17.9987
18.6063
107.229
209.292
180.388
180.079
18.1808
15.6578
236.554
24.7141
141.208
107.922
12.1327
159.369
380.66
18.6141
26.4085
367.18
171.61
20.403
481.951
357.928
86.0032
20.3863
191.534
22.2366
247.975
19.376
281.053
226.075
204.792
295.042
466.828
21.3074
158.417
68.4038
8.30207
372.402
5.06821
25.1722
20.3255
65.0229
245.493
475.709
226.351
21.7216
276.296
208.884
316.559
346.716
360.91
10.8043
21.5268
102.372
300.208
53.4205
453.612
266.866
274.364
289.743
356.122
232.967
309.749
462.272
190.931
15.803
24.5995
325.115
18.9196
188.691
169.588
491.675
17.1021
22.0869
80.1832
436.456
22.731
171.176
117.056
25.9975
284.579
16.8864
346.216
14.9916
197.596
68.0772
379.804
89.7929
15.8207
19.1989
431.609
144.193
11.6433
35.2563
326.379
293.185
137.791
296.537
15.5825
422.197
145.576
215.011
26.318
122.029
517.096
352.482
214.288
100.098
255.959
11.7969
173.29
86.2023
65.6614
51.1801
16.9569
24.6457
478.966
9.02654
384.363
12.7126
14.2883
395.896
23.4581
407.343
8.68112
376.187
14.0928
301.879
566.14
252.645
296.935
455.119
59.5159
381.534
10.4015
223.22
398.745
335.517
282.655
7.27578
278.186
97.233
8.91055
278.943
253.977
21.1325
500.919
39.3299
79.9777
283.88
158.12
192.242
105.082
224.341
317.658
377.214
185.112
21.7719
22.5815
7.86933
20.4692
224.244
301.299
19.4208
7.06569
116.887
298.226
143.691
63.8545
29.4552
172.609
487.689
15.723
20.2727
370.173
136.475
338.071
272.84
17.7575
293.267
14.4507
63.3108
132.912
89.6491
5.2589
301.792
224.678
16.6742
237.381
362.572
175.727
324.999
47.0097
204.006
134.138
372.433
415.481
290.767
16.1356
408.366
493.839
473.408
17.1527
21.1991
121.672
88.0735
339.048
119.403
219.68
130.373
210.2
213.264
312.928
10.7447
228.178
19.1959
478.925
150.739
64.2763
391.89
227.74
292.024
8.15886
15.4905
10.1284
433.073
8.85381
14.1333
22.5947
304.336
58.5163
309.331
445.366
47.4974
190.585
152.46
412.209
350.26
170.764
16.1095
21.33
315.445
50.7402
10.0036
157.762
480.096
199.186
271.456
9.41806
14.0901
363.971
43.6264
261.15
268.995
446.495
26.3589
10.6411
92.34
15.3747
205.033
323.663
17.77
264.99
74.7368
205.522
101.152
15.9045
300.679
145.724
562.76
19.2654
11.5938
20.6081
29.0431
19.1263
50.1244
534.35
297.623
228.68
116.706
20.2876
209.007
6.26045
110.889
369.38
434.943
217.481
16.1856
263.844
13.1786
233.038
246.222
412.97
546.888
56.0069
35.8979
34.3748
18.8246
9.80894
11.9676
68.2528
21.839
10.9874
343.496
98.5855
525.361
266.74
26.5542
381.333
134.787
213.343
267.576
88.4213
19.8463
24.9951
275.887
25.3978
562.966
392.338
434.69
79.9408
148.842
329.98
68.2008
140.926
283.834
25.0841
308.031
6.65083
22.7124
189.592
19.8096
23.8158
4.41083
32.1277
84.2907
2.6815
270.449
11.2076
14.9688
263.519
115.41
19.0042
3.823
350.594
70.8985
22.3723
355.802
35.2426
139.782
221.405
166.044
21.2518
418.592
11.2313
309.555
395.294
21.3949
20.0696
438.703
104.881
235.881
9.11624
375.423
193.892
578.287
104.185
17.2096
176.899
59.4665
213.632
10.1147
412.992
21.1137
22.6061
331.672
8.65152
335.833
25.7234
224.592
71.3061
336.853
211.933
310.758
209.42
377.671
9.78554
17.8432
221.742
53.0722
151.031
26.2451
116.864
13.6715
17.3177
10.1555
149.488
22.8909
16.5232
10.4182
5.64967
204.118
21.844
14.5313
13.4893
500.918
18.1293
125.241
15.2147
8.63934
194.262
14.7365
266.728
216.03
13.3541
15.3357
158.133
17.7933
211.144
299.578
6.1499
114.068
17.8837
337.927
400.252
378.844
9.83563
6.21177
80.7702
171.811
68.0939
439.158
431.54
508.146
194.76
263.288
108.711
23.9114
114.197
312.712
69.2768
74.929
346.421
258.192
12.951
11.9512
218.134
4.72276
366.311
17.4905
20.8784
26.6239
16.4225
22.938
290.086
26.3083
38.3811
260.444
408.013
250.621
279.709
304.732
256.944
219.321
255.399
39.7876
277.811
426.207
16.7434
23.1868
27.7785
447.22
305.758
100.888
18.3982
16.5094
321.285
441.51
372.01
9.1159
15.9714
18.4086
493.772
308.807
131.232
200.551
512.843
80.1791
286.662
134.949
22.3909
20.8658
14.3858
204.316
15.9993
320.914
10.3074
7.33639
93.9462
262.99
28.5802
14.8605
11.7771
174.933
283.62
288.026
170.031
19.0096
217.1
16.1231
90.2454
27.8502
12.1845
17.7872
20.1202
11.0136
201.184
155.805
385.997
151.145
16.8211
13.1149
228.281
172.157
469.601
18.0038
195.898
107.706
517.836
278.883
7.09471
229.469
448.176
10.6507
128.083
365.132
17.3145
3.77559
403.969
8.41283
21.9127
16.7846
40.7835
320.505
149.922
196.595
68.848
440.186
13.8135
429.486
173.437
273.264
420.136
366.701
202.951
92.4612
34.759
242.084
21.0616
19.4668
500.48
21.2135
143.619
18.7724
322.341
506.429
318.802
104.477
10.0899
25.5551
8.45981
235.373
5.4129
152.64
20.1872
106.852
238.099
386.549
8.19925
434.442
469.406
320.875
173.686
22.1142
129.604
106.498
101.574
468.595
19.1377
275.38
20.1718
346.123
444.214
288.804
34.6829
10.6299
109.573
11.3853
289.401
406.37
153.445
323.949
154.145
21.8892
518.726
180.015
22.7328
311.087
244.854
9.43919
16.6621
69.4242
539.163
111.861
149.974
471.106
9.03952
241.267
18.2277
26.2026
18.0506
84.1098
480.556
12.5986
16.1082
84.5609
16.644
72.2599
255.756
278.339
13.7552
25.5505
396.08
81.4138
13.4505
22.5198
372.363
532.31
6.22411
406.327
92.7443
296.049
18.0242
20.513
18.6625
37.9851
330.527
297.24
313.417
14.7153
14.5196
152.562
75.8471
142.666
242.715
269.431
199.563
21.4144
281.508
247.291
44.5149
295.82
255.577
67.3639
13.8553
55.6843
23.7409
202.83
19.6951
75.5409
41.8599
16.3876
21.7279
194.831
11.0439
42.8011
408.456
115.597
369.535
68.2548
277.59
571.786
19.9586
313.024
374.202
10.3948
80.7293
162.952
238.065
239.282
561.536
409.115
203.03
219.095
521.157
330.421
181.17
426.139
549.308
298.006
411.293
100.224
385.204
4.9729
341.814
278.905
162.253
10.0138
249.771
357.081
13.6638
294.628
12.4254
325.333
339.388
344.643
232.181
105.565
387.31
9.86195
21.3949
283.32
56.5576
278.009
16.4484
11.9613
231.083
363.862
267.84
23.9451
516.128
422.71
66.3253
17.3783
47.6801
524.828
6.05636
338.396
7.15402
107.114
440.749
133.147
11.1568
45.9227
568.38
355.837
12.1257
308.425
11.1083
137.338
125.771
322.732
452.531
263.25
246.529
294.022
217.115
24.6501
143.355
36.4974
64.3303
108.702
60.7486
17.7734
13.3452
286.942
88.8085
450.872
81.0313
324.146
110.522
5.80099
43.7142
18.0289
200.927
24.3589
424.141
90.506
12.603
206.407
186.968
205.815
475.224
5.11997
20.3082
8.15971
18.0097
230.466
12.9454
53.093
107.965
194.988
139.941
397.549
22.1855
255.85
404.332
28.537
18.5953
56.6378
273.761
463.817
14.1026
15.9373
327.767
93.7059
15.737
422.774
177.456
356.859
250.516
22.4883
503.703
331.909
115.848
91.5466
11.4633
6.89683
520.917
151.872
17.0261
472.819
479.21
335.488
10.0132
20.6313
487.342
20.8472
306.017
437.496
172.011
10.0202
491.049
239.967
112.604
14.3373
13.3034
479.307
309.394
18.3558
523.721
20.1543
21.3089
137.326
428.549
282.982
75.1762
104.944
253.025
10.3297
283.571
14.6579
518.886
344.719
102.867
19.4311
203.308
367.223
15.2464
510.125
139.41
293.785
299.991
322.628
256.504
15.2109
233.469
33.5644
6.10299
11.7616
23.9053
375.031
108.537
162.158
76.1051
69.5416
301.078
119.352
14.9384
278.6
12.8217
78.2405
142.356
63.9105
228.569
437.0
124.194
228.808
381.489
247.587
424.713
100.639
41.0894
98.9441
16.4576
125.81
9.63126
272.195
2.49897
128.966
55.8044
14.891
9.68212
209.332
17.4413
340.652
413.471
351.083
27.4686
148.577
97.0736
407.78
10.8781
194.485
96.7433
39.0951
17.4673
266.19
130.818
34.2279
394.416
348.678
138.996
230.719
15.6605
322.184
513.402
7.55846
7.38069
175.474
553.577
20.2304
76.0699
325.363
219.295
279.244
243.263
21.3565
100.422
310.129
242.472
46.5248
277.464
376.355
399.66
495.301
465.798
512.798
22.8223
23.2243
7.01087
504.332
352.715
88.2654
20.1836
22.9637
18.7903
147.968
23.1174
18.9574
144.855
138.513
395.068
190.23
364.005
208.796
427.157
9.53758
16.2243
312.254
95.6201
323.388
259.058
366.248
4.95567
71.4208
300.647
55.1503
203.445
133.34
12.742
296.896
311.08
312.849
544.322
368.794
347.625
214.59
290.413
148.96
17.6404
84.3398
53.1253
100.321
169.549
-2.94385
29.2464
113.795
364.995
448.395
95.4878
65.4676
44.1995
210.587
20.679
448.457
17.4221
420.473
142.828
281.51
13.918
165.123
348.566
12.6098
103.611
304.235
20.4211
19.639
15.4342
17.5802
17.9446
6.21305
82.7583
359.137
20.5884
87.9533
145.566
210.215
31.1362
10.1671
394.387
19.0249
31.3511
103.208
235.785
204.63
443.337
127.155
65.0917
102.078
36.6672
328.44
15.2637
11.6011
9.24513
19.221
20.8601
232.38
79.3392
11.9299
263.796
20.2743
132.419
433.312
20.7398
509.629
179.7
22.6026
156.377
4.47514
445.991
17.3104
20.8281
284.994
168.388
80.3076
339.21
348.927
229.03
112.971
16.7439
41.8222
26.0676
9.17838
374.217
297.396
415.658
18.6469
372.162
30.056
24.6985
4.26501
312.383
375.382
12.0067
136.894
198.118
209.089
201.436
195.802
121.346
364.525
55.5986
291.836
213.37
22.9255
434.471
244.969
16.5521
20.7936
71.1826
20.2447
150.437
287.991
197.854
9.30052
337.854
362.881
19.2901
12.1322
73.5068
75.7373
553.205
398.421
215.434
71.3441
395.532
325.939
72.1225
16.4013
241.631
18.7453
249.83
259.738
484.082
280.899
193.972
11.0215
332.387
92.3377
164.581
496.927
99.97
175.374
5.40515
180.443
36.3601
247.212
395.926
398.133
164.968
20.6161
136.343
194.672
8.20796
276.565
16.5772
340.053
24.0118
355.886
18.4486
29.9369
353.617
30.8148
396.644
12.2775
12.4916
172.272
50.1132
123.739
332.25
11.4179
26.4246
16.4172
108.601
454.606
21.0361
376.693
9.17736
151.734
7.81609
196.688
145.708
14.001
59.2188
269.245
295.767
362.774
68.4403
395.777
204.891
103.09
16.726
17.1796
19.5506
215.785
22.682
203.45
6.83637
405.852
314.199
232.887
4.67171
23.4673
197.37
167.257
26.0006
16.4055
19.4519
572.911
433.548
62.8182
8.6089
146.865
30.7754
10.7381
23.3113
164.081
127.193
172.403
170.616
451.326
21.2337
352.559
16.3835
544.747
130.59
153.162
215.011
119.93
182.759
26.3435
391.792
9.3956
554.41
41.5167
9.27924
203.152
567.894
173.782
317.919
69.1068
467.737
17.8249
75.2977
150.06
38.1251
20.6698
104.071
24.4612
10.3996
32.7117
18.4879
129.175
8.11699
53.0932
20.8974
19.5027
79.4766
87.0487
277.706
20.6629
19.6436
216.992
16.778
54.224
20.4738
126.577
22.367
203.736
11.9357
32.2961
23.1066
62.7475
6.39112
51.6346
265.092
52.3121
167.94
283.101
196.889
10.2906
120.87
136.548
116.493
285.183
14.1657
10.2633
183.269
237.714
158.761
127.36
46.9508
191.293
23.1435
386.789
97.1397
118.332
47.0258
23.4724
512.155
312.474
12.0708
4.58709
102.388
385.86
9.98711
10.0221
21.0593
57.0273
220.548
127.919
121.954
155.269
118.034
138.23
242.496
17.6899
327.054
11.9717
144.716
107.588
93.6432
285.809
239.055
268.177
13.5386
437.989
510.635
32.6272
152.585
81.5936
459.228
559.881
6.62443
213.04
9.5386
5.24107
68.9648
5.09425
178.84
45.1931
227.976
394.53
23.3408
152.095
87.7957
41.8305
414.3
146.322
13.7061
360.418
8.41343
22.2738
334.885
170.762
330.632
20.6838
22.0983
9.54336
13.414
168.782
513.92
465.734
33.3725
400.641
10.9193
236.245
80.2234
23.2561
155.738
11.4389
487.751
280.974
19.6016
298.232
220.729
188.267
16.0615
342.179
64.1478
10.0091
10.0341
18.6004
55.8444
15.25
22.7058
364.174
16.0765
41.4742
86.7587
245.587
18.0466
319.504
145.178
22.0469
140.138
243.672
241.496
398.687
541.505
269.156
173.663
56.4216
499.824
102.799
8.36479
194.966
274.627
117.533
84.7897
156.181
338.325
218.415
10.1938
95.7552
18.6147
54.3512
19.0517
19.7683
30.2785
15.5127
396.223
16.7926
169.47
52.1521
24.3299
167.346
465.004
68.7905
160.923
245.687
322.286
238.803
390.552
9.69679
347.741
20.7518
244.273
124.979
524.85
386.217
24.6023
500.913
20.88
79.9656
13.0544
139.512
4.66244
319.109
241.751
14.9478
15.6276
194.064
353.591
250.588
19.55
390.88
130.899
47.4436
16.4974
42.8475
11.7579
226.263
15.3383
482.268
269.855
7.81451
348.513
17.9761
202.892
154.198
158.742
17.8777
167.951
273.555
212.539
173.875
13.3829
19.0634
289.32
18.4988
295.593
-9.0749
311.391
329.797
14.735
286.075
22.3266
402.901
24.2799
185.343
244.853
216.883
151.35
24.2003
103.615
13.0513
8.25921
190.904
95.0093
228.617
234.444
176.142
266.472
50.7282
345.252
181.672
5.28987
22.363
363.373
551.324
263.53
262.168
345.582
19.709
410.426
11.4173
84.7582
281.968
274.741
14.1494
107.748
135.354
356.345
178.375
204.258
374.102
41.7187
10.6759
248.451
12.8614
405.211
81.9798
317.745
88.204
79.128
312.223
9.75148
5.55704
315.81
273.648
10.1169
211.109
12.3625
255.788
61.1873
23.8036
278.033
80.4855
110.085
264.269
323.858
21.6376
96.0151
22.5805
174.547
4.61365
370.281
27.7508
21.2779
30.1722
140.006
131.543
20.0473
379.141
15.6435
85.6619
45.3515
326.663
244.862
186.491
143.015
15.6707
16.4543
426.911
460.197
293.215
20.3132
280.895
100.258
81.4715
148.707
18.4045
358.969
15.8019
430.581
449.196
4.62282
20.2244
21.5277
10.6861
14.2749
13.0506
68.3468
13.9906
312.094
23.6667
201.204
381.61
57.1387
9.10661
375.394
22.1196
20.0643
285.048
86.7445
275.46
365.603
466.186
29.9355
157.28
88.4316
181.119
270.858
256.906
10.4165
317.193
116.309
341.766
9.59166
108.648
139.049
64.2602
17.3765
27.7459
6.19463
160.91
10.8981
13.8822
481.245
13.0745
17.9514
19.2338
16.7569
229.038
364.18
15.2314
203.759
546.542
4.93739
15.1759
23.8168
300.245
18.2461
133.577
17.9992
10.4342
282.81
15.94
284.329
117.111
19.2417
17.4876
495.143
387.408
21.7748
21.3971
216.532
501.054
76.1511
246.608
301.072
40.0588
145.978
278.688
382.555
8.80663
9.96405
16.7155
514.462
327.33
27.0939
375.5
20.8584
178.804
184.438
275.231
30.526
51.7435
414.556
157.972
173.795
39.4677
232.122
39.6853
192.511
6.99446
380.999
50.3601
493.183
243.517
358.618
59.0761
143.834
114.249
368.212
173.564
562.458
168.234
7.98785
290.145
21.7848
17.7497
21.319
21.1126
176.395
372.925
189.09
255.817
44.8332
364.545
12.5448
456.494
177.067
251.14
200.707
519.852
13.975
9.91667
309.426
130.456
275.263
186.933
283.615
7.97883
236.424
25.3502
393.927
71.5414
147.506
84.4591
19.9937
97.3214
349.792
292.893
184.93
102.692
80.5367
564.117
167.137
21.1054
418.831
65.0684
24.3814
23.2276
18.7423
317.333
209.513
368.319
9.96202
21.1502
327.032
211.823
168.741
145.025
14.4774
277.337
339.937
330.45
9.30531
424.872
50.2775
236.0
141.462
79.9902
59.2881
163.845
331.306
17.086
338.605
13.2574
175.941
315.374
30.8856
22.0062
377.883
11.9971
327.149
400.761
195.832
27.5865
330.231
272.499
392.014
18.1444
147.711
79.8122
325.583
83.3726
19.5742
306.18
17.4187
288.736
124.885
21.5185
61.1917
433.868
23.1743
139.136
109.027
370.929
269.704
217.341
279.437
20.8675
15.6243
26.9897
5.40984
116.116
8.21982
132.221
5.18991
202.873
115.48
10.7811
146.567
75.8333
24.4441
406.208
296.279
111.859
218.474
524.136
88.9282
20.6978
132.577
341.103
8.86754
231.443
50.8318
24.7785
247.956
7.36392
18.4524
12.3238
271.341
34.1504
64.0514
280.801
125.684
23.705
319.101
22.699
18.1575
160.413
102.062
177.161
27.035
215.683
11.2008
102.332
205.157
196.516
128.977
235.808
5.64964
10.2701
81.7014
109.221
412.62
240.713
286.211
30.8079
20.4381
56.6298
152.72
229.658
75.6444
179.173
204.202
330.085
15.7309
350.936
430.186
179.012
345.647
17.0317
195.499
295.699
150.856
119.622
79.6822
22.5498
302.14
113.983
64.4807
29.5084
19.176
177.135
165.05
13.7123
363.19
253.169
188.695
22.2169
5.4453
346.086
287.96
25.822
549.462
63.4908
170.708
320.656
61.4927
63.7753
126.986
377.913
202.04
424.083
126.046
20.457
106.367
552.111
297.798
16.7298
20.7313
288.663
475.296
320.289
9.44555
480.747
20.1681
318.486
20.7893
24.3523
300.854
11.6122
18.7694
78.3199
208.374
406.054
17.3554
6.30034
21.2681
56.4641
20.9122
19.2043
67.2293
22.6186
158.331
13.8652
318.187
310.708
16.8573
493.633
358.074
27.0988
164.687
9.8006
123.917
5.57436
48.9101
28.4281
9.71668
198.44
15.1339
24.2741
90.3379
463.867
156.744
199.823
13.0185
441.182
362.36
18.6683
154.263
8.76532
119.471
455.909
309.577
54.1956
119.457
15.2058
23.2077
244.061
15.3043
239.484
248.664
141.627
209.137
75.7409
94.9969
21.2773
126.472
120.414
375.103
19.7411
198.543
136.943
12.4949
16.5044
13.8917
11.4904
138.691
250.931
359.293
21.1398
19.753
249.474
45.7042
332.497
410.026
245.037
331.094
13.2619
233.441
751.242
219.287
325.688
383.334
7.33958
19.898
352.119
145.15
401.419
16.0604
212.852
129.311
6.85313
246.977
12.6335
141.462
9.67115
17.6635
259.193
275.275
17.1959
10.4274
19.366
121.732
22.1428
10.2633
15.3368
8.59167
52.2977
242.652
227.406
314.744
395.882
268.043
75.7671
305.559
476.781
208.782
114.693
80.6249
22.2726
18.7704
13.6656
371.808
15.7518
48.7511
19.1935
10.6232
32.3472
309.861
80.0824
6.91801
255.928
17.0882
43.8006
15.0656
18.8552
348.565
515.937
14.7739
20.7069
164.82
14.3568
211.606
98.4162
20.776
448.925
227.303
12.0672
16.6196
588.678
358.096
268.616
52.2499
11.4596
375.053
288.383
452.836
367.488
37.6976
448.571
37.4178
17.5687
177.102
287.381
11.1476
21.8938
240.416
8.63801
115.149
223.684
55.3157
364.948
24.6981
40.3511
21.1443
5.96857
406.021
298.229
205.3
365.329
105.388
366.087
275.129
10.5504
345.638
21.6231
24.6575
85.5736
206.189
420.93
16.4201
426.496
246.773
24.3287
18.3285
419.629
214.98
76.2378
188.844
130.215
39.4587
362.414
286.344
4.56454
18.9449
299.504
307.412
366.089
133.739
17.7456
291.687
20.7807
247.922
20.4637
205.621
5.27842
34.3868
377.057
48.3799
15.5218
240.994
454.613
18.9132
12.4657
463.142
244.456
20.5995
18.2466
21.9314
21.4904
242.698
20.224
250.078
276.749
475.508
159.0
14.5989
76.2257
16.6203
230.668
22.3914
17.1337
9.83533
22.4524
9.75807
98.16
356.634
96.7308
13.4941
14.6964
153.779
13.6561
74.1416
268.016
203.84
16.6189
15.7135
11.8256
10.6532
18.4897
284.02
455.221
114.821
275.211
325.844
16.0965
356.109
361.999
362.544
94.6247
278.175
18.6053
19.7873
203.144
106.081
17.6259
251.157
158.455
10.5233
79.0353
6.20986
425.921
303.764
11.5148
215.974
518.266
10.5852
246.503
296.409
218.251
353.296
258.89
72.1617
19.4147
4.26902
19.808
326.778
13.1266
169.056
205.731
315.65
243.425
271.682
375.329
21.3152
148.633
22.4108
19.6479
23.798
270.244
238.211
12.4158
397.894
10.6501
255.751
99.9886
10.0986
8.64614
23.5091
368.797
101.39
18.8136
418.627
12.4363
324.51
51.6098
200.717
8.81388
20.9581
30.5761
365.166
35.9477
367.223
76.3888
16.9021
145.21
3.53428
8.16181
501.102
297.21
570.289
68.7678
65.6133
23.4613
19.1623
13.6128
18.5305
9.25372
26.5486
278.536
385.202
424.484
457.016
151.091
8.28993
30.9616
266.808
21.0819
480.621
236.764
130.475
142.598
387.827
163.495
95.3129
8.97295
21.2762
276.845
14.7347
31.9077
396.367
252.388
208.619
125.679
184.954
492.592
119.634
460.012
15.7194
122.659
23.3513
117.681
8.71859
311.675
19.6182
71.4776
76.203
304.005
104.529
18.4932
344.616
7.39792
83.7517
28.5934
295.212
15.7114
19.4105
347.512
367.799
18.077
15.1777
174.58
47.8518
17.2463
146.034
44.3932
205.537
21.3621
240.407
23.18
253.048
119.211
278.226
9.69617
183.61
116.2
266.246
498.146
83.6356
285.579
153.576
21.9395
118.044
401.596
379.818
335.08
163.243
164.257
224.907
9.88146
222.215
90.2997
511.011
37.2497
111.904
8.58092
315.57
227.266
259.252
410.792
31.4435
18.3126
492.185
8.988
19.6203
288.999
470.981
16.5916
7.71218
416.191
11.8993
111.943
342.956
33.7874
398.601
125.108
9.4416
20.7397
32.899
556.138
66.9856
11.2309
357.639
176.115
10.1288
228.449
12.7975
18.6932
199.824
149.278
11.5382
378.285
14.2225
69.6169
229.969
20.7452
11.1969
167.464
21.2936
115.321
23.5304
360.268
121.547
12.5289
11.0641
84.9657
80.6922
9.19098
360.367
22.9603
8.09179
93.761
29.8426
15.4692
392.779
20.6115
171.312
9.27648
247.972
358.423
437.741
20.8608
54.1567
16.2233
260.694
20.3921
20.4892
31.1401
100.411
142.446
424.956
321.35
11.5121
436.26
135.137
10.9769
239.585
437.858
17.4483
312.716
130.396
21.4635
5.44548
236.451
115.596
192.839
11.883
175.88
17.4543
356.748
305.798
98.2763
97.1195
133.986
247.239
17.6617
374.714
393.57
24.6466
230.313
118.435
254.332
179.107
15.8014
177.171
385.505
411.872
172.89
13.8568
240.581
359.704
19.6966
10.7367
298.088
200.533
303.8
259.183
426.352
6.78113
378.386
532.814
268.033
81.4089
310.893
7.07942
96.1764
77.3218
170.701
378.859
379.191
317.213
511.819
557.383
6.67439
114.13
322.404
14.9962
228.475
143.718
17.248
307.068
112.264
3.04217
123.231
302.023
38.1267
353.543
45.7545
193.329
284.874
18.5689
14.9611
35.7574
16.571
186.057
264.189
14.7907
227.752
69.5134
296.064
224.386
116.532
395.661
263.514
337.702
13.1838
10.6261
24.8279
158.257
439.785
274.287
280.991
109.123
20.4797
561.225
222.373
16.281
21.7049
332.333
21.4319
144.558
9.32976
163.352
284.147
202.873
233.588
7.92082
3.32593
245.778
19.2548
21.3959
18.1589
247.645
431.468
57.2478
15.337
4.75424
64.9714
18.4122
420.399
331.065
18.1367
15.0293
187.481
330.086
230.365
230.298
377.753
291.528
254.388
351.936
26.1556
22.4513
20.2797
156.412
176.817
9.99901
17.6707
277.003
5.6722
175.221
15.197
6.4208
15.0435
271.0
13.4912
78.9499
21.5832
525.035
16.0682
139.065
162.55
221.447
240.626
57.3414
14.8013
278.904
101.289
190.94
47.6924
23.722
154.84
25.6439
8.91358
430.394
62.6653
13.5178
98.9995
16.5935
177.052
473.898
69.1722
143.2
123.485
258.149
456.269
19.513
20.6472
17.3147
316.968
24.0937
9.90665
487.332
534.229
24.6798
19.443
7.21121
22.1275
86.1926
189.758
18.1229
123.82
22.6454
282.416
258.511
182.509
21.4533
16.188
9.89667
404.919
157.022
295.632
211.313
323.08
8.80738
366.343
26.1951
13.289
5.45984
280.905
354.998
53.9336
273.147
113.963
103.777
141.729
318.331
517.563
292.697
8.63207
8.00648
21.7599
329.649
229.754
127.525
11.4297
22.8201
267.082
200.394
15.4128
23.5797
404.23
22.386
13.9023
430.82
17.5966
406.134
10.8822
16.4381
13.1151
278.726
12.6977
446.781
97.4328
9.94945
119.698
156.313
152.445
242.025
24.8615
551.913
15.1466
294.724
233.009
31.3115
6.42606
245.292
167.142
259.664
291.446
68.1867
416.702
188.68
292.267
18.9982
21.0365
341.195
10.5371
16.1984
20.8692
238.871
451.994
232.795
250.422
427.038
15.5
13.5858
4.46864
147.135
20.5122
9.20589
9.76725
242.944
5.94885
93.3412
70.9045
13.5601
293.338
40.0291
12.8863
21.3951
22.1705
256.287
16.5666
253.155
558.551
181.342
11.7401
18.8307
19.2495
23.8743
280.464
15.8457
21.4823
325.095
155.55
21.5544
9.46148
77.2961
33.4097
9.74571
96.3556
142.558
13.3655
219.377
71.2184
48.5481
319.936
386.444
460.165
177.169
14.9776
308.6
276.698
128.956
215.192
70.9073
15.4925
505.888
156.354
22.203
9.93553
117.875
43.9722
429.831
36.173
255.154
17.2933
20.1778
113.002
462.892
217.112
295.527
488.827
247.118
15.6563
27.8092
170.161
88.6824
403.267
24.7175
19.2658
86.6273
340.665
66.4826
70.3526
138.076
218.751
13.873
74.9906
19.4973
316.481
275.581
309.916
74.8268
20.5848
27.5038
12.7217
143.123
10.4975
22.2622
16.6723
197.149
119.592
220.789
164.802
95.506
145.164
194.467
378.651
409.457
538.569
23.3108
287.2
14.2003
34.5467
115.455
21.5396
33.3992
117.8
15.2418
180.896
359.648
400.72
10.3445
531.487
412.96
98.2099
22.4001
13.1339
218.514
19.3052
22.573
246.944
244.319
7.02097
16.411
21.648
285.898
7.36225
8.56262
393.318
333.374
503.886
11.1041
430.591
473.643
209.14
15.6437
329.056
156.671
39.7469
203.688
207.975
24.0824
199.784
12.6185
4.88971
182.103
111.643
40.7636
9.838
307.001
7.31289
9.56463
131.756
6.83161
504.001
192.517
268.5
179.24
285.186
19.6362
18.3206
215.716
19.0947
235.45
24.5179
15.5249
370.817
279.837
458.686
337.479
291.445
19.8493
17.9762
554.27
10.8762
12.0151
236.72
156.12
86.5304
10.9994
19.5849
24.4219
20.1815
224.843
104.338
220.539
214.638
17.4517
17.9247
18.3605
19.84
336.566
12.9898
109.95
232.727
4.74368
190.932
49.5872
19.9197
105.244
184.402
263.27
34.6176
234.625
237.544
234.572
19.2201
239.837
154.547
357.164
128.581
11.3758
45.618
494.467
70.9762
17.0497
168.73
331.828
197.592
19.0947
23.6896
17.9403
18.1235
360.638
25.3781
65.5856
14.9256
226.803
112.892
387.784
334.733
282.756
2.70624
68.9873
17.9286
6.11895
210.333
205.494
16.2543
16.2122
68.744
36.3534
222.959
79.4191
21.5755
230.123
10.6772
20.4577
9.65074
202.735
322.918
284.548
9.2332
17.2151
111.766
296.497
340.66
15.8924
274.363
262.548
321.809
21.2808
358.29
21.2934
360.389
244.533
331.365
6.88862
279.217
106.381
14.6236
9.32344
69.3824
209.786
119.71
140.172
85.0636
409.346
20.3569
303.914
48.5149
7.88246
61.8503
84.3141
62.9346
46.8404
297.277
559.396
302.404
169.65
14.3846
564.07
270.449
338.61
408.098
148.0
380.891
22.9073
180.022
563.864
71.8892
235.946
19.7286
487.164
174.056
19.5443
19.2422
7.92569
9.76249
501.042
275.707
273.052
332.755
518.747
115.623
9.01278
94.0946
305.545
248.873
246.998
264.344
18.1691
323.418
235.37
10.6754
344.623
105.098
11.5873
379.377
447.18
494.326
61.7378
165.239
522.789
353.285
269.78
19.3165
318.293
106.031
281.928
352.048
50.5801
23.9619
19.4418
372.418
88.0739
393.366
19.4857
18.1354
10.8396
12.1048
32.6242
157.581
328.415
21.1101
98.0786
242.162
367.796
4.21966
19.3408
100.9
374.732
470.363
294.497
16.9341
335.899
51.4412
376.514
13.6709
4.42148
13.5835
118.819
0.810989
17.7072
45.4247
8.11687
2.86167
110.735
14.2882
48.2628
175.29
171.352
142.682
313.848
243.851
407.584
227.706
212.71
210.711
277.618
13.5033
31.3707
337.782
256.676
567.202
456.146
236.504
514.424
35.1065
325.905
152.777
17.4331
202.771
169.035
18.234
129.343
64.48
171.803
227.882
18.158
300.545
20.7687
10.0459
11.4175
21.1017
269.52
298.973
13.2519
8.54269
87.0916
131.729
192.214
307.978
304.476
15.9739
228.751
318.371
20.461
242.118
258.371
70.5276
28.8128
244.93
191.977
10.8578
18.6844
46.1065
102.783
7.97548
13.2806
14.9571
154.881
13.6615
8.35722
85.0176
405.935
191.465
340.853
14.8302
455.339
194.693
20.8819
282.501
264.249
170.769
410.435
336.268
288.127
8.87444
12.4583
53.0162
11.2541
86.0225
19.1844
220.309
529.175
519.433
44.5031
21.3698
14.8653
6.50261
251.454
9.81069
113.792
241.2
13.5102
516.928
4.98143
255.626
16.7802
165.019
20.8082
80.8672
13.8176
579.566
17.9487
12.9636
75.7558
6.70144
23.735
439.762
276.603
234.006
5.7649
97.0085
9.72377
431.242
338.769
210.802
136.214
384.602
254.739
73.8789
189.455
201.538
15.2859
118.061
23.0741
20.6912
266.438
207.166
173.382
259.771
525.133
483.075
366.837
130.682
265.592
36.7688
20.7241
424.662
6.36875
6.62939
28.3772
16.6347
9.34424
335.509
15.8462
25.1504
8.97248
20.2067
32.2657
146.702
4.74774
214.879
7.78824
372.362
168.612
49.3605
18.3301
107.019
190.33
205.107
56.5328
23.6029
96.0341
100.724
19.2168
18.5268
225.571
503.334
41.0341
210.587
21.5741
379.796
21.7195
36.1181
246.977
351.603
34.7402
358.866
14.8441
10.7046
246.96
12.2423
10.0605
58.0393
477.494
186.017
60.1247
12.5729
419.693
153.181
425.289
16.3529
427.899
10.8869
17.059
16.3581
50.3857
78.8855
166.104
242.675
81.6757
104.767
232.753
12.2639
349.333
22.8532
17.1922
13.8741
458.055
80.4337
21.1074
364.668
27.6438
319.387
328.798
71.6677
394.563
220.361
2.35816
22.9532
329.052
112.358
377.073
383.945
252.977
124.461
10.3832
292.074
222.022
319.905
13.9468
548.662
204.62
36.9934
96.4559
224.396
208.47
426.299
169.492
12.7057
133.676
14.8558
337.691
251.47
245.55
20.418
356.691
110.308
151.955
444.534
15.4897
14.7391
17.1068
81.7436
14.396
346.594
404.919
9.45427
197.184
198.289
227.501
112.44
11.7288
369.566
25.7648
256.804
15.9591
5.6799
25.942
242.375
181.515
15.5328
173.022
28.1721
304.077
9.47132
9.54678
352.465
12.4483
7.94279
391.174
268.822
6.21899
22.9604
9.47118
208.627
19.5726
23.8061
62.2934
205.178
343.373
465.43
249.412
20.2345
105.901
14.2714
11.9654
92.5082
16.9911
305.101
277.146
267.683
25.3625
189.481
7.02643
151.607
343.393
123.003
11.5075
202.452
334.244
23.8726
85.1364
22.5765
14.3792
14.317
16.2702
119.955
266.504
93.632
33.3545
194.41
329.977
37.2079
13.949
421.602
354.231
10.1171
119.676
257.644
19.0108
279.06
20.4476
205.854
44.8611
17.8118
58.5367
22.2294
352.097
295.564
294.095
339.392
284.326
436.97
18.3453
130.6
178.814
235.415
24.9917
16.6115
204.866
87.8222
261.752
15.5746
108.458
28.8199
403.717
10.1617
15.6245
289.946
14.0225
57.5319
18.2447
100.659
403.684
12.1418
16.543
14.5479
5.61366
66.4095
328.813
404.644
58.2979
336.796
486.283
118.302
18.08
13.6791
5.80714
262.045
95.2671
241.151
508.887
14.665
228.4
29.9771
459.403
5.5034
23.9501
157.185
119.578
209.333
541.727
229.258
144.145
368.509
197.326
20.944
13.0691
20.4992
19.8472
4.97616
26.0556
366.198
376.568
6.69678
343.161
14.114
9.79068
95.4061
267.034
130.083
39.5812
163.821
265.385
370.659
17.114
12.05
249.886
281.439
23.3897
117.385
22.2963
189.876
237.425
57.4858
448.296
290.35
514.731
140.806
23.4894
249.646
129.683
10.057
38.2426
268.927
109.833
17.5255
111.174
278.242
14.6839
9.32196
361.9
123.941
8.65884
151.051
328.119
137.766
435.793
21.3813
294.058
18.7775
253.449
210.945
237.853
15.6648
478.101
14.1508
17.8149
384.512
394.015
23.2383
119.269
12.0505
12.1099
185.894
431.108
8.62123
279.018
357.902
14.6041
13.1284
13.7824
250.918
60.0634
239.743
40.1661
274.953
401.001
42.1301
226.728
212.613
25.1803
248.202
336.277
10.0386
110.371
207.31
176.796
142.238
13.5742
152.703
21.2219
210.494
21.4995
116.159
25.2049
13.1972
73.4834
4.25088
369.423
384.061
152.625
239.569
224.488
499.926
81.8126
356.5
51.5139
363.477
30.1344
12.5594
76.8667
151.512
179.201
7.97962
19.9572
91.2031
313.746
333.395
115.367
5.62473
222.035
223.418
17.5077
12.5627
94.8228
267.389
-4.29445
209.616
216.103
307.98
222.913
8.4313
373.785
148.596
458.118
22.8411
390.96
91.5851
28.559
350.625
209.893
358.911
47.6405
311.462
256.25
304.866
349.178
10.6665
200.9
350.972
79.0725
247.396
240.48
138.895
313.765
184.112
17.838
4.99809
20.4564
144.815
331.25
20.9796
89.7947
24.1769
204.734
11.4737
172.157
141.363
18.172
301.655
69.0552
162.741
69.0625
8.3703
57.6067
23.2468
113.493
228.404
25.061
413.72
49.3778
42.0834
317.624
461.165
235.568
91.3365
478.97
228.226
237.463
342.524
20.6871
12.6803
24.681
24.1612
9.21186
16.7538
20.4093
25.1125
407.006
362.677
25.3459
12.8921
95.7332
21.0957
6.84605
224.598
207.708
13.9871
87.0451
21.8844
333.216
231.69
112.746
437.646
18.1784
30.3234
11.1748
250.653
6.91595
20.5023
432.219
255.542
358.932
264.106
228.082
215.825
13.3197
381.438
118.832
19.6146
330.939
29.765
246.315
25.394
193.998
16.4605
16.4965
9.70526
443.461
9.2681
82.5937
279.069
8.49645
13.1995
150.942
13.7476
47.8449
6.19062
64.3694
313.39
50.1564
12.2636
63.7192
249.802
21.2466
7.21772
26.3907
195.681
12.2758
18.2766
100.359
189.56
19.0317
24.8854
261.27
12.3169
62.7638
479.162
157.215
22.0101
450.448
14.5874
377.477
372.515
256.726
13.0391
14.7502
5.39273
118.463
32.8897
176.199
14.8997
279.191
349.114
224.155
20.391
18.5892
10.1482
167.646
11.55
4.91868
250.814
320.324
16.6281
515.6
19.4075
139.825
19.2405
230.836
26.5857
387.759
373.426
423.261
198.385
17.1924
332.555
274.381
189.665
264.519
181.478
80.9561
237.854
14.6374
18.2049
257.308
329.935
157.246
298.347
-0.038616
276.841
9.7702
180.699
353.556
20.5867
164.834
87.9718
6.85043
139.012
15.5288
29.5259
515.259
388.724
14.6552
165.07
272.916
219.609
105.55
208.683
9.35784
223.295
456.16
379.299
351.201
14.4972
242.512
352.772
438.058
241.548
216.807
9.6571
194.812
8.7485
44.0032
185.476
15.4147
323.039
7.04752
42.8362
459.069
19.7287
68.6201
15.8036
384.68
7.43547
14.4266
20.8169
98.689
334.066
103.342
185.129
173.874
18.6392
20.6275
111.089
252.352
180.956
19.7428
190.572
426.481
0.780583
99.1863
189.118
56.5871
293.007
296.339
16.9236
57.7976
9.55302
50.2251
165.91
112.096
513.393
379.299
286.891
436.718
66.1217
17.9313
18.9662
34.3854
11.8094
187.747
23.6937
38.8043
14.2285
205.839
364.984
20.3725
394.0
240.169
22.6247
55.0841
159.651
366.864
13.3815
8.28404
289.492
22.1343
370.701
373.176
240.905
513.97
5.85203
258.828
337.478
213.943
421.416
67.2366
180.647
19.896
14.0022
224.593
374.884
11.3279
31.752
345.593
291.212
191.23
20.6519
271.616
105.317
5.74456
72.0091
256.432
444.103
22.2265
306.549
9.62815
15.5383
79.4958
10.3026
85.5905
19.9165
155.806
15.4784
49.6321
20.8511
131.072
222.425
21.356
14.3119
159.144
420.112
247.527
14.431
8.21612
131.205
207.331
295.255
388.954
365.826
248.989
164.854
342.09
178.862
4.99353
208.252
95.5489
10.8022
322.027
249.225
360.842
335.374
398.374
18.2811
485.19
254.606
316.86
500.567
10.9352
341.995
19.1368
14.1939
159.996
422.786
135.631
20.858
400.95
26.1672
19.3321
10.7853
370.792
346.347
409.101
366.96
17.682
35.6401
338.55
459.544
60.6972
502.516
18.9901
357.049
148.846
22.0799
273.511
225.042
11.1813
67.3276
30.1876
21.203
209.812
79.9518
408.642
18.7612
469.973
20.6371
15.5463
436.611
44.99
14.2568
39.3733
15.0836
19.8473
23.8485
270.429
5.37739
13.1112
25.2168
22.2803
397.811
10.6326
505.734
163.956
178.013
24.4582
17.3522
13.0637
17.5926
370.438
548.248
16.3209
299.082
203.317
485.352
492.089
381.561
364.893
20.3463
207.13
23.7862
135.062
437.356
17.7709
21.6576
10.8365
10.847
308.07
164.207
289.339
303.75
300.96
95.4884
209.263
451.37
301.633
383.822
13.8526
250.832
9.56649
232.994
219.056
169.654
18.0252
489.497
21.2746
404.208
536.345
188.513
421.681
520.182
18.7218
36.8849
319.15
356.113
10.5197
37.2362
34.5769
12.5285
55.8164
153.588
537.178
112.304
469.254
415.358
13.6613
135.421
13.0384
14.9959
53.6126
156.085
423.281
269.029
24.2609
557.955
198.45
19.0551
51.2924
151.017
417.899
75.7826
426.37
566.026
448.275
33.4968
64.4934
345.044
11.602
5.51806
119.724
42.0737
329.776
187.194
103.176
20.1213
154.766
205.871
485.309
19.6845
310.047
519.015
57.294
456.76
482.21
31.5503
152.669
298.936
109.022
253.803
90.0602
282.811
404.455
119.228
150.789
13.4228
326.269
21.5258
136.758
137.152
80.8323
330.538
33.0496
16.9684
2.33297
233.255
170.849
30.2736
122.964
22.7101
10.7244
338.715
280.448
196.39
19.2746
21.8006
159.994
106.396
27.8837
16.6863
512.763
22.4283
314.767
327.589
18.2756
19.37
17.4586
191.309
14.1248
131.028
65.6097
95.6576
19.2788
195.7
275.383
533.375
12.5698
9.25125
271.726
19.8564
221.832
447.852
243.345
246.905
51.4089
17.0098
15.9776
316.628
45.1702
16.939
267.83
79.2597
42.183
168.472
170.297
58.8285
318.723
146.671
152.592
421.388
154.725
211.782
60.581
9.78978
129.089
25.4173
287.787
172.568
19.9362
62.9814
6.78266
147.833
359.194
416.972
393.336
12.8243
307.293
176.051
304.447
145.115
468.134
13.8042
92.1625
500.461
16.0705
6.56129
62.2391
20.3536
188.815
176.823
8.00625
325.596
446.284
164.611
325.96
20.0253
16.3544
523.864
12.5807
354.486
15.4611
19.5237
278.179
20.5249
20.2318
11.1112
23.3261
5.80452
299.173
503.173
5.16935
46.9834
21.5321
274.191
21.6962
164.601
120.909
331.577
19.9062
136.155
201.639
20.7271
217.147
173.671
13.4329
176.654
8.33423
457.469
20.1714
407.592
173.994
462.766
23.1594
8.87014
12.5804
192.08
24.5593
306.182
367.703
0.508935
82.6301
21.0812
147.466
130.984
10.8782
274.056
183.988
58.3219
480.504
294.835
309.616
218.806
441.572
14.4747
12.032
249.85
165.71
9.64255
6.77509
334.61
18.764
523.186
278.621
102.357
15.9146
14.7356
17.6503
49.4153
23.467
249.857
96.6656
62.0748
115.988
544.761
11.3948
49.2556
242.791
421.372
13.683
17.0924
65.9583
410.326
162.112
339.41
385.289
9.12242
152.911
374.569
24.6172
402.593
7.49474
58.5797
494.69
109.359
171.795
351.576
33.1537
208.485
16.3687
106.297
107.528
247.338
150.577
11.4424
4.51146
324.433
110.891
333.777
177.021
106.67
361.935
59.0961
424.263
319.113
100.5
283.505
155.164
202.168
22.5352
341.676
176.091
15.5024
353.271
14.6233
7.64048
164.353
22.2343
24.5451
223.11
447.387
132.956
20.4372
29.3935
11.2998
290.346
26.3426
304.987
34.6924
578.835
262.087
217.946
372.504
349.397
182.468
21.8793
182.96
75.8486
337.468
126.427
15.2636
241.853
15.375
385.808
19.952
309.961
20.6387
151.945
279.7
16.6216
4.39311
24.205
25.118
6.94513
67.4061
66.6939
7.36171
211.438
502.848
162.453
132.862
108.084
270.863
255.152
131.224
139.343
48.3829
16.3485
318.083
503.265
313.839
219.723
420.821
243.416
373.303
54.3541
442.584
259.922
21.4204
460.235
541.364
272.079
225.972
299.906
5.45769
300.08
56.1634
127.976
22.8165
151.72
22.3696
296.108
207.254
5.61341
12.8923
14.1499
19.3911
539.471
15.3405
8.78179
316.337
111.013
12.0463
375.201
394.964
6.6429
132.014
22.9972
146.473
19.6223
10.6541
18.2028
9.93075
20.3058
213.686
206.973
245.269
9.11758
105.819
215.098
224.273
551.247
91.1271
114.814
9.813
509.203
25.923
254.552
437.006
98.9233
380.825
62.0943
10.3063
10.4217
429.223
23.1452
9.18421
86.4211
107.49
19.4262
489.645
111.189
186.823
17.4404
159.474
344.349
17.1749
20.3715
20.7307
18.691
87.8842
153.914
325.605
450.95
437.593
60.1983
9.98755
4.56081
416.052
520.002
23.892
15.4069
22.8214
404.969
172.02
349.884
487.607
240.382
19.6478
11.8298
349.184
107.723
8.625
16.1729
321.952
9.54898
122.572
6.32997
18.4386
476.216
150.153
417.031
73.1049
168.979
17.8957
5.80232
130.419
165.097
106.909
382.533
340.705
18.0477
240.776
128.888
19.9573
12.7407
34.2909
110.204
308.448
181.831
22.894
370.915
283.603
9.09523
19.3715
261.075
292.557
261.0
420.135
394.925
15.2963
332.373
245.73
330.496
4.63539
141.042
82.2931
74.1507
298.693
97.7489
22.0753
21.5326
320.099
170.778
188.862
561.666
9.88755
14.7743
17.3412
16.9617
86.2023
273.124
366.32
13.4267
388.789
31.9083
18.6484
428.433
252.076
58.5596
83.8486
136.303
4.24513
-34.3658
283.49
125.961
19.5876
40.0057
22.1565
432.355
189.965
433.298
451.056
41.1952
139.092
216.497
271.526
244.882
27.4603
84.4387
231.281
12.6276
272.401
11.0109
34.6848
567.232
7.52228
15.4149
250.552
225.486
20.1756
159.824
219.459
263.23
269.333
143.925
354.787
283.859
24.6998
21.8067
186.39
50.4036
22.3536
368.073
145.953
159.878
467.548
157.326
333.131
22.0901
282.213
15.0745
112.2
257.894
5.37909
179.561
27.2347
44.8661
8.61904
294.231
98.1586
165.967
312.837
10.7873
23.0038
14.2157
224.58
16.6857
157.724
263.053
61.6854
24.2798
246.28
338.999
464.089
17.1429
34.9022
12.8185
19.9638
517.775
13.2393
14.7027
128.021
22.2033
242.345
90.2022
518.314
17.0825
57.0371
280.258
20.1072
0.646219
508.364
75.015
185.452
461.18
10.5417
18.9382
12.1211
20.574
181.863
7.88538
14.8574
377.59
16.9932
212.898
11.2476
7.6188
39.4317
252.789
22.0769
59.0513
12.5765
159.135
396.505
167.102
24.8711
358.125
58.6557
499.732
563.277
27.6012
22.5901
150.088
18.5751
13.7931
48.3247
13.2775
7.62464
13.1437
17.3201
42.6833
108.151
398.56
7.28083
9.14348
51.2196
16.4314
21.1737
25.729
12.7637
5.54198
328.923
98.8904
257.967
228.157
81.9772
20.3335
76.0943
62.6342
363.822
552.56
173.674
167.082
456.167
27.8941
496.314
193.808
249.303
31.603
10.9443
322.757
319.601
303.04
138.628
172.93
527.149
415.105
10.9226
229.439
558.543
19.7954
243.401
211.267
168.665
264.885
17.2409
229.563
22.5061
19.324
14.5894
12.1873
98.0355
90.2697
378.774
442.559
18.778
42.1601
20.6238
304.081
23.0484
11.4248
232.281
200.601
7.30025
187.202
20.7947
498.524
113.99
212.057
293.102
190.359
379.567
6.90327
57.6626
480.759
23.917
11.9152
295.726
334.173
54.918
4.76706
198.035
14.7531
12.6561
19.8207
307.328
25.9881
259.224
25.8692
159.204
151.671
344.419
19.0857
38.8595
17.6391
180.478
16.4
54.286
205.231
298.007
72.1955
11.826
17.4339
10.767
22.9878
544.154
323.678
16.1501
5.32317
365.699
36.1103
14.5525
139.816
99.1444
307.656
95.5262
144.305
214.292
247.967
12.4472
402.358
326.353
405.399
185.059
36.5055
29.8135
251.9
11.983
538.382
282.796
175.904
60.9062
392.098
11.0282
12.7973
12.5976
99.9529
384.809
19.2482
92.4885
141.38
20.4777
14.27
4.45901
22.3391
164.781
375.193
38.6218
277.134
103.719
163.568
40.7804
14.48
97.2835
345.839
205.581
304.128
27.7049
296.619
385.378
9.4872
36.071
10.9091
15.4713
13.3016
210.757
242.194
16.6073
25.6198
408.421
186.593
18.8419
499.071
52.8131
298.012
328.165
23.4806
321.615
15.8693
438.018
267.27
22.4875
16.7839
15.0768
405.992
20.2997
18.5124
6.82912
29.8263
48.8041
11.1059
13.2267
240.451
240.216
17.7454
17.4811
404.978
214.985
9.87049
77.0601
189.673
20.1687
103.825
349.001
22.4857
49.588
58.0177
300.986
41.2569
386.149
442.321
152.979
451.031
21.3174
489.755
16.5689
82.8315
13.8139
172.161
10.2189
535.809
97.3851
12.9568
8.49385
14.9499
16.7844
155.491
440.376
427.891
20.2464
18.3266
186.354
38.0566
516.553
116.332
270.815
502.211
10.5295
210.17
20.1887
21.7883
273.344
374.497
10.0204
5.02141
393.226
464.245
40.7387
148.691
170.39
127.77
22.6574
4.56735
171.255
244.997
434.364
217.836
372.365
17.498
216.971
256.926
8.3303
295.301
202.453
179.105
195.216
15.5887
491.365
7.00553
8.24279
4.7181
144.084
5.49857
12.9201
81.9401
13.6405
55.3314
333.75
110.151
215.768
164.007
67.0263
10.4026
32.6092
364.149
353.333
249.522
191.1
14.7756
305.093
325.023
183.387
16.4103
22.0247
21.5561
9.8585
299.293
114.273
28.5326
20.994
315.821
571.461
10.7341
13.8547
284.023
20.7978
13.281
23.3348
23.9842
6.74317
19.0109
462.777
242.008
9.66548
79.0296
22.1558
230.049
431.368
145.378
155.214
115.838
317.471
400.769
391.639
11.5759
241.246
7.82667
499.726
16.6173
224.023
19.2669
27.0003
11.0556
138.159
20.8581
219.156
14.9439
213.71
49.2831
258.388
19.3814
73.972
166.819
74.9941
13.2392
565.454
444.263
310.122
496.709
219.028
353.018
138.405
366.978
22.4511
521.226
89.1891
21.9272
158.259
467.669
14.1082
374.488
174.543
164.22
126.132
25.653
106.518
111.186
12.9619
146.114
22.6211
208.035
5.0917
5.46058
456.001
14.9861
12.3427
57.9112
244.446
290.867
455.583
8.76449
104.099
50.1391
8.40869
6.52096
20.553
159.894
16.2829
466.187
47.637
542.293
15.1416
194.192
307.825
341.601
17.0739
283.37
28.4697
16.7856
26.248
11.5195
25.0336
337.157
194.951
170.335
190.652
341.779
208.272
59.8397
26.1146
7.78442
283.892
14.0723
157.088
300.118
18.5777
429.354
202.117
305.885
48.8351
90.9315
6.11356
300.252
46.7856
213.202
20.9277
19.1612
20.4974
106.006
221.776
206.673
11.8149
18.5126
17.1404
282.818
23.6684
246.824
284.627
352.533
18.8355
76.5852
15.1683
232.848
6.25529
237.644
245.963
135.135
314.394
22.5019
13.4442
118.5
10.2131
19.2569
86.7608
101.484
55.8488
333.814
258.593
338.118
136.994
33.9341
202.556
151.823
101.162
179.153
375.931
14.7631
208.663
460.146
29.7627
76.104
281.904
245.741
3.82912
404.623
133.171
35.7552
294.576
256.943
206.653
253.722
21.759
69.755
9.68929
244.766
214.957
5.46519
252.086
20.2902
334.513
319.456
20.2056
556.607
63.6277
173.026
18.1692
32.2751
312.883
31.5041
393.623
10.6317
13.659
423.434
276.571
289.536
8.70007
299.217
21.2035
231.748
20.984
185.209
21.7021
211.591
46.8161
324.668
20.0648
22.0711
20.9834
288.493
145.176
206.567
9.44543
8.77518
16.4454
442.96
230.227
8.33306
21.4182
9.3
188.288
15.8541
100.724
13.5686
13.4751
287.453
50.0857
386.636
19.0072
349.69
277.894
131.411
229.344
22.5857
8.78092
27.6227
409.867
89.3135
24.0466
322.345
20.0756
94.1004
13.9264
10.2948
122.526
316.289
262.318
4.77149
123.062
528.55
438.099
140.482
6.90896
20.1373
125.208
156.586
11.5548
17.3693
339.09
7.85024
163.638
387.14
20.4799
14.9754
12.2986
13.1892
250.989
284.974
12.8503
119.252
318.295
24.3619
211.056
358.9
302.144
225.053
193.557
17.7746
10.8007
19.3596
282.027
291.022
49.4038
23.8979
173.659
191.4
20.8283
9.17717
238.854
409.248
7.74354
49.9743
306.635
18.6452
201.833
274.829
44.0674
71.3397
12.3063
121.623
5.23998
23.4515
312.922
558.787
11.275
18.5676
65.717
269.325
42.4144
225.825
6.62112
7.50747
101.595
7.13549
52.5455
15.6589
35.7511
17.2959
117.254
111.508
167.587
72.9426
329.392
343.889
122.256
18.2757
328.51
20.4363
252.209
418.881
240.056
248.742
180.396
297.583
329.755
143.299
133.939
407.836
258.606
442.711
322.265
211.291
18.7023
6.21413
248.011
7.96583
86.1526
408.69
19.2547
178.917
355.622
375.797
15.8713
232.584
17.775
57.023
87.4313
14.6669
8.58305
13.2051
85.0077
27.2114
18.3713
141.77
18.4325
232.688
18.0987
542.871
19.3765
302.146
183.031
15.5577
95.4397
24.2832
179.929
126.056
181.148
419.184
16.5505
26.6657
17.3532
24.4003
22.7208
24.762
17.9995
331.836
8.77541
4.79796
379.452
267.316
37.9012
89.2882
20.8312
310.184
364.531
36.9813
9.4377
356.954
313.897
18.2985
295.043
405.014
143.623
532.584
244.582
23.7805
452.5
81.1081
16.7373
6.52693
518.613
107.054
198.759
177.222
185.602
406.065
47.5043
207.2
80.9179
429.55
316.575
13.8807
330.578
60.3741
122.632
391.446
19.6023
110.396
16.0099
319.653
262.839
31.5723
356.273
7.67846
140.078
401.586
20.1757
200.248
434.228
293.528
9.46452
19.0213
74.0339
10.3093
145.365
260.16
135.131
233.09
221.459
10.233
264.258
356.132
223.669
69.2279
422.174
168.761
58.4996
212.435
11.9303
16.2795
351.395
13.5557
224.831
178.349
312.001
104.81
217.256
381.762
87.3528
48.876
-2.07207
297.543
161.32
485.558
145.348
12.2856
208.272
273.244
232.756
523.863
243.777
26.631
11.6581
21.1841
196.163
197.058
20.6021
114.379
279.927
87.6916
20.6509
79.1822
515.949
23.1703
411.159
16.5841
72.0424
20.8527
521.514
10.8586
281.495
368.587
256.878
15.9092
150.116
272.711
16.6709
165.843
19.5124
145.418
159.595
243.079
15.0155
22.0609
269.533
327.425
236.425
17.8916
19.7878
126.187
82.1161
21.9435
20.5208
187.52
158.885
91.4698
9.47685
7.94461
500.84
103.666
171.488
97.7716
186.379
11.067
13.7733
12.6924
93.0002
358.468
170.074
114.85
381.868
377.34
239.382
18.3586
21.5159
146.581
3.92989
11.2524
399.834
235.121
13.1048
196.848
52.571
18.923
154.904
20.081
107.039
119.907
493.039
167.149
321.992
117.424
291.245
223.192
50.8609
138.584
57.2726
7.5876
23.1284
260.087
261.295
58.7253
365.947
178.125
37.6895
233.34
194.749
154.713
463.312
405.187
173.871
43.9722
15.6658
470.704
281.643
35.9796
19.4715
436.795
351.886
182.092
415.148
262.017
229.995
89.0487
411.438
75.8547
41.6777
13.3645
204.368
508.07
557.63
151.297
369.637
21.2109
19.8699
122.312
12.1705
15.795
14.6939
13.9806
21.9362
278.158
23.0379
170.412
383.099
19.0702
243.585
303.837
13.862
200.623
433.652
233.426
11.1924
438.766
14.6211
292.04
223.075
343.119
8.85178
60.5508
523.892
240.122
237.767
5.56939
397.142
279.438
126.915
237.702
20.0997
55.575
16.1424
22.1622
326.459
139.154
394.063
12.9944
23.4972
22.2503
20.9678
20.2723
83.7574
186.665
55.0403
172.306
315.128
388.665
11.3789
136.817
52.6562
25.4682
12.742
12.6384
9.80086
88.7597
77.4938
22.271
23.0996
54.8976
26.9071
17.8333
222.636
365.7
398.661
6.72919
10.7089
53.0751
290.47
29.0678
445.923
19.1718
33.0575
410.967
22.3083
8.15372
532.825
90.8253
7.62249
13.9911
174.835
19.1686
24.1701
15.0746
35.6134
21.7693
5.71194
9.39418
509.224
77.4799
280.98
107.181
170.727
566.872
310.284
16.0373
14.3568
56.5
25.223
17.7035
142.64
248.074
22.7195
189.63
139.162
84.677
211.731
56.2186
383.842
61.7502
12.1241
8.10811
20.2608
356.754
342.516
16.7985
5.68101
322.905
161.773
203.6
14.2477
548.675
141.771
361.817
439.872
9.93174
129.967
440.202
6.97635
313.755
485.28
481.409
15.3149
310.313
243.891
20.1359
519.457
450.767
287.933
251.138
153.583
16.7386
89.3908
335.194
51.5371
63.6156
65.2806
285.977
114.049
16.5517
23.9851
257.193
127.514
3.4941
11.0806
358.988
27.2666
7.88308
109.638
300.559
450.852
357.721
65.4518
225.629
10.8104
322.195
348.907
24.7639
213.122
75.5906
17.5233
18.7866
249.296
455.301
17.306
14.3624
198.157
194.29
12.3148
16.0618
332.994
195.653
37.2151
179.303
81.6894
220.604
21.269
309.54
371.068
494.122
217.089
251.446
207.815
441.607
14.9682
139.265
187.503
19.6647
40.1702
28.8695
22.4173
43.6849
349.622
470.584
58.9647
111.35
206.354
31.9218
265.419
471.84
12.803
8.51907
340.358
9.59044
20.3816
4.97435
82.8447
10.529
132.617
581.96
381.791
20.1313
151.698
15.6079
266.62
44.3716
163.164
508.332
27.1239
23.0727
131.174
117.724
7.18695
497.369
189.668
12.5048
7.56362
198.765
245.64
180.292
15.7072
126.26
320.47
46.4609
425.727
160.743
249.913
77.0138
184.989
9.26661
8.71855
336.808
367.106
228.222
6.10943
22.3186
110.63
14.7446
362.591
279.154
348.606
58.8716
4.76966
24.6422
51.6678
310.005
14.5811
19.7267
126.711
315.938
281.188
239.063
188.413
229.499
21.524
336.481
443.983
158.463
10.5866
376.476
330.846
20.0882
361.314
398.015
483.388
345.494
168.523
446.081
327.182
324.306
261.416
413.047
347.028
249.751
282.959
21.595
405.437
73.2854
9.71519
167.429
231.209
129.924
118.49
13.0601
209.813
393.414
6.22275
271.838
257.867
361.32
179.842
152.956
205.175
357.625
324.533
87.7744
18.2188
377.957
225.894
431.197
26.6294
175.458
15.8968
164.127
10.539
65.0561
155.271
152.581
41.3809
31.049
14.4977
20.0525
10.3516
275.718
18.6627
504.85
540.843
15.6817
10.4802
13.1192
112.9
94.7369
195.906
377.477
17.0032
248.109
204.893
12.5387
138.326
247.487
280.293
73.3906
503.507
117.796
13.5739
214.711
2.34962
19.2356
136.66
146.051
14.9574
34.6617
52.4526
93.8813
22.4232
205.08
122.905
20.4939
14.1529
4.73595
373.716
94.3895
13.0602
210.013
215.625
146.013
113.198
12.7502
249.089
19.6353
116.492
168.581
13.9781
26.0946
121.313
16.4761
236.262
287.543
126.864
150.116
371.486
100.992
120.449
103.07
11.2916
281.204
152.914
382.223
290.791
9.52591
313.71
121.207
153.263
21.1848
429.207
107.277
52.9076
178.693
426.633
357.825
87.0145
23.7417
102.719
323.498
17.059
181.523
190.362
38.0327
6.32617
274.398
14.5915
6.77592
496.98
19.4967
25.8369
212.108
18.7802
220.219
360.728
256.601
21.6905
534.53
204.887
162.411
82.4668
83.6165
291.264
124.109
208.04
225.507
15.5859
513.127
18.9103
10.0402
198.049
48.1564
60.3242
15.3038
132.077
6.8875
17.4949
300.351
41.0749
235.353
7.35114
35.1585
14.5031
252.443
505.166
132.883
60.2818
22.9718
14.8099
14.6692
426.516
15.4478
103.23
66.9264
7.11769
19.8443
10.7394
305.002
413.92
5.88976
74.1589
511.886
120.111
20.4939
21.178
223.787
120.513
28.3249
181.024
22.7833
45.7183
17.0626
20.7776
101.315
295.397
17.2896
180.857
325.235
235.657
142.47
13.049
19.403
521.594
29.3127
24.1852
271.524
582.186
16.7813
13.0516
7.05901
232.171
167.601
33.0793
174.177
154.014
223.712
349.906
5.3302
8.30643
233.564
11.1295
14.2916
21.6413
21.9107
503.474
517.182
327.527
217.201
274.262
424.958
27.0731
398.141
77.7766
286.321
261.807
129.772
293.735
418.319
203.15
146.357
25.3758
80.1147
18.04
395.355
119.791
393.508
65.8748
7.83154
47.1394
18.5763
313.572
263.179
466.49
95.8856
7.58583
118.663
234.766
270.452
82.7831
321.394
44.1949
379.406
280.035
13.0879
451.774
15.8869
28.8031
20.0313
5.50789
11.9813
463.001
26.5951
81.5258
30.5741
46.8234
172.147
316.088
38.6978
96.7102
4.76236
288.282
361.782
14.9868
309.892
130.97
333.229
86.3603
283.825
113.213
21.2075
17.9319
101.725
228.558
128.485
281.884
22.6283
261.713
13.7544
71.0912
23.4872
22.3831
395.476
205.623
249.416
223.043
334.987
145.26
110.622
88.6291
88.7098
34.117
360.939
9.71392
47.7604
278.23
159.632
389.444
20.3123
20.939
79.3163
17.9826
15.9857
40.7396
193.656
21.8447
11.5602
171.938
536.947
316.359
250.268
18.5846
208.295
19.9038
131.259
162.975
6.55319
244.486
551.209
336.366
400.435
344.48
74.7115
226.232
195.629
396.705
225.589
214.361
18.8672
19.6907
21.2522
284.04
313.86
401.661
18.25
17.1269
331.158
25.7972
3.81413
14.4778
506.531
11.8886
439.767
217.571
507.691
436.833
139.79
23.1374
17.9195
40.884
92.5231
376.87
3.35717
16.7237
17.6413
6.02667
86.115
292.987
273.83
248.693
113.276
17.3151
100.156
403.658
248.193
297.798
17.3055
10.5351
61.8283
11.0482
22.2509
10.5073
248.347
148.721
264.403
459.5
53.1181
516.467
381.191
293.204
14.2506
174.121
326.435
16.1135
222.878
237.136
105.359
245.073
5.43871
22.0776
174.292
185.599
36.1018
10.3828
12.0324
20.9633
8.40333
175.475
106.701
368.695
19.8127
4.81761
17.1512
336.819
107.381
21.683
128.405
296.322
138.264
-13.3117
54.2168
21.0756
18.2612
121.875
227.507
178.513
74.7397
6.86909
14.5911
106.383
118.37
152.25
7.86939
502.469
271.29
250.082
395.568
177.122
271.172
40.5927
116.255
61.3486
6.27055
14.2125
18.9418
19.2864
15.7005
-1.93626
5.83653
287.44
248.901
17.744
249.467
244.783
17.6686
18.7104
403.176
335.011
359.754
91.5071
25.653
14.1132
106.942
131.308
251.359
175.932
206.023
66.2185
22.8699
13.7167
317.891
8.15664
132.276
20.2582
411.914
417.835
21.7915
270.253
10.5242
19.4213
486.992
17.3185
38.1477
199.257
17.6438
152.937
299.891
12.4805
302.777
12.7847
21.6264
9.97543
91.5897
23.8325
10.7391
14.5592
15.9503
345.424
395.461
258.59
76.2808
121.485
247.359
13.1718
275.297
241.823
283.569
38.9958
180.402
243.894
17.0629
126.23
28.9473
23.6374
21.5693
319.164
24.5509
181.252
9.43632
414.625
210.34
156.25
14.0627
294.234
108.783
125.307
8.96629
112.5
322.103
8.74097
302.803
155.296
369.327
14.5731
16.8841
294.441
15.6032
470.899
328.786
394.974
432.602
28.4418
13.2969
245.531
20.5604
4.80675
43.8848
17.6659
234.478
228.755
541.742
133.91
8.64367
358.615
328.04
14.3371
68.4647
441.742
70.5641
120.947
8.23782
396.788
122.43
200.164
74.7406
7.58927
394.046
58.2416
298.72
190.867
20.3293
293.85
235.799
462.168
151.73
32.2978
18.7863
234.4
260.392
417.829
14.4249
12.5022
277.871
413.148
266.255
58.3191
245.76
10.9218
338.509
23.0837
10.8209
254.999
426.518
202.67
118.188
394.378
116.633
542.396
259.389
334.142
275.904
417.85
21.1503
186.752
24.2667
9.81072
311.289
189.286
20.4343
22.9284
246.999
162.314
18.7057
20.4763
25.0677
293.373
21.6397
54.6514
21.1014
107.998
184.338
23.8485
15.8679
4.21517
113.751
149.529
20.845
31.335
264.892
187.822
444.022
380.517
21.3225
28.7986
438.942
359.384
22.5427
444.062
214.587
361.832
17.5037
323.208
16.7109
518.008
144.089
20.4186
46.5264
34.1465
65.7721
11.0574
11.9605
4.10904
204.22
12.9783
46.5602
12.6179
362.975
18.9501
9.58782
25.2817
18.6
434.337
187.345
265.626
314.797
22.8128
15.9893
10.8444
49.2886
14.4185
270.181
172.204
60.1197
405.688
200.999
10.8547
20.7155
56.94
233.601
31.117
175.21
132.727
390.055
17.765
335.139
278.176
206.195
352.151
8.61166
7.85526
63.656
142.409
16.3992
289.061
10.5093
14.1944
9.70064
522.547
140.808
93.5472
137.266
559.856
203.699
515.633
23.6037
521.523
61.1344
551.484
20.4399
210.762
12.5907
7.84992
16.0553
501.759
167.213
20.9917
345.83
33.5239
100.521
331.51
315.752
14.863
218.089
209.864
464.096
10.0315
18.749
11.4217
10.3418
388.607
181.459
249.875
214.471
54.5767
103.6
314.775
389.089
496.818
19.369
335.215
-4.76142
52.0184
31.5896
123.758
272.238
186.676
142.264
13.6264
286.577
15.1396
526.081
4.89724
7.75405
19.642
66.4039
13.5855
208.623
481.366
20.8602
42.7876
254.524
342.685
403.181
21.9667
329.721
141.63
384.71
177.766
207.142
45.4201
22.5848
21.4729
112.058
555.696
413.968
406.521
304.025
18.4268
434.838
20.1233
147.634
16.1945
89.9355
19.6053
272.833
322.641
6.59079
43.6979
138.904
120.021
275.648
271.042
51.4538
145.343
414.347
113.061
353.576
211.154
412.434
21.099
57.0034
135.337
146.805
164.516
366.626
266.09
49.9671
10.7242
285.03
445.743
416.901
310.882
10.2299
99.3793
15.2331
16.5341
245.593
166.546
151.849
181.263
422.465
423.257
17.993
190.131
181.371
17.7117
282.912
411.458
375.978
364.961
402.09
22.1902
150.677
497.445
104.471
9.42513
124.602
21.5192
229.296
514.305
3.40679
186.035
205.027
271.432
168.083
359.074
403.362
89.9575
362.91
46.0377
306.139
205.02
22.8313
66.6363
194.009
15.6449
116.982
196.004
13.5412
17.1209
17.7497
11.0451
170.247
135.68
28.1352
17.2735
364.817
400.781
480.413
17.6097
409.963
15.8206
120.225
234.981
19.5119
67.4055
159.577
203.935
9.70903
465.537
10.2369
18.5657
12.7097
369.74
59.2046
244.302
18.3224
34.897
117.664
350.331
19.7488
194.007
246.483
293.561
321.755
22.8595
25.7543
52.1241
131.224
460.865
219.21
171.928
11.8635
177.405
309.835
109.743
358.584
17.2444
191.314
236.324
12.5914
204.808
140.52
110.82
18.8345
19.225
11.6394
7.00517
14.3376
342.844
22.8975
13.3242
200.521
9.90325
16.6655
40.2383
373.693
5.13964
262.724
8.40238
379.117
238.516
20.3157
123.22
299.824
177.077
162.582
17.005
184.593
9.91673
241.908
174.256
117.784
79.5653
341.572
449.678
109.438
10.4866
171.351
115.03
76.5578
472.263
13.0843
21.0113
417.064
222.869
353.553
126.38
439.952
295.535
24.0259
145.428
94.4655
14.525
9.61182
20.3395
84.6596
364.2
33.3472
210.377
180.231
17.7035
134.828
302.006
33.1638
17.5407
481.704
18.3908
18.8014
8.65538
113.231
14.3003
3.58776
9.81582
131.25
252.951
383.154
18.8525
435.017
20.2461
10.2584
10.2704
408.092
391.959
6.17457
20.0614
467.797
16.2964
280.938
147.115
21.146
6.47047
263.682
18.9653
396.359
2.40652
195.153
367.121
20.7035
5.55764
21.8441
11.483
12.8082
12.5988
63.984
17.5197
336.241
303.244
204.475
479.188
10.51
192.191
87.0207
21.9635
208.501
184.975
433.809
16.2588
338.044
196.195
11.9454
15.537
111.463
15.4334
368.889
196.044
325.695
18.1487
228.703
443.954
254.492
166.893
258.048
73.2775
322.241
551.265
10.8013
19.1557
134.826
19.7105
243.956
10.9167
97.8906
11.0101
78.7561
258.432
21.6084
19.4535
362.683
21.9248
8.67851
145.736
204.985
145.085
64.575
211.909
15.5496
163.521
139.324
19.7808
252.352
177.828
12.767
9.09299
250.965
163.305
16.9928
293.495
418.171
353.742
234.745
298.646
19.6803
17.9355
10.7766
9.76307
91.8587
19.6744
15.679
17.7893
1.42447
14.5802
133.341
101.313
11.4862
215.7
482.934
207.226
7.37013
436.181
438.029
10.492
15.6662
23.7763
183.911
460.194
456.579
449.517
257.525
199.875
49.1891
216.037
163.868
377.56
427.728
338.179
20.3308
37.9984
9.70714
23.0959
468.485
358.871
373.978
14.695
249.067
460.904
300.67
9.58382
251.434
139.328
12.0036
15.3823
126.123
60.2173
23.352
31.6324
289.584
177.397
393.055
68.2469
98.4941
8.53038
80.8281
8.10528
475.841
16.9377
195.102
289.362
168.386
130.655
104.476
13.5595
9.82988
444.891
81.5287
342.526
85.3635
319.397
165.391
37.1645
210.414
10.6776
419.85
24.701
22.5659
202.814
244.242
18.0408
87.3095
298.853
12.9745
522.081
73.1879
296.508
197.434
8.20795
20.4295
140.53
92.9255
236.626
53.0397
252.993
167.43
18.4644
259.617
320.355
204.684
5.9861
165.781
3.10071
17.7739
343.616
235.861
6.32199
320.798
13.3224
13.2188
342.842
124.599
17.3316
63.2415
16.1476
24.289
345.933
37.7346
190.896
108.816
57.4918
165.576
145.126
132.138
407.671
224.82
132.262
6.65945
482.357
21.6122
175.074
16.8779
91.2198
89.3121
306.253
175.704
417.183
106.497
9.76621
65.7991
156.502
251.642
373.644
571.648
119.486
10.8464
30.2086
18.9054
22.8219
445.714
231.431
71.3904
71.266
276.188
189.758
246.759
410.757
98.9894
157.251
20.3205
266.366
174.853
9.90969
498.564
228.154
15.4055
16.6314
71.8396
14.4701
273.515
17.4948
362.334
328.92
18.8311
377.793
7.06236
15.7421
510.955
8.63192
7.05932
10.0604
17.8526
194.755
15.8361
12.4415
303.19
11.5014
403.12
506.831
20.0896
121.93
427.934
293.75
430.476
371.245
79.3011
339.919
134.67
55.4502
293.14
20.2985
21.9488
165.529
320.112
475.875
503.817
531.72
18.6656
19.5422
16.1302
26.2308
187.273
21.5334
206.057
396.951
446.994
147.022
36.9946
89.0426
19.764
266.555
325.12
142.599
241.286
10.3261
418.469
10.0971
329.832
128.392
8.28946
15.6256
28.2059
5.20892
63.6131
498.568
12.7261
9.79987
487.112
128.12
329.837
291.254
22.4544
7.59601
361.418
18.9499
297.648
175.636
89.3165
63.3774
132.105
248.873
92.0631
17.9245
27.1176
18.5789
295.396
379.467
16.6668
258.179
209.768
370.987
590.812
346.111
78.7317
19.4728
176.519
18.9372
25.6638
22.7684
141.108
4.33055
70.8387
197.805
535.976
425.266
316.905
144.923
223.484
12.4934
372.548
14.0959
14.1704
23.0182
14.0022
244.187
21.7805
130.86
294.339
64.0058
253.235
478.337
386.727
20.784
283.723
10.5267
304.191
374.523
26.1402
400.904
11.0611
425.624
12.5327
79.1802
329.249
36.6298
458.148
192.841
7.8026
12.0836
16.3298
20.7277
84.2601
169.215
16.1142
197.498
14.714
122.995
19.6505
24.697
31.5431
470.65
16.2709
10.2659
169.957
12.7127
320.701
15.0987
310.274
317.778
370.296
207.625
11.5222
298.144
368.947
580.985
5.69277
362.425
20.5027
16.5326
16.1415
270.991
8.44452
83.0977
349.172
50.4623
450.439
23.5681
13.3243
14.9773
51.7308
18.5005
438.253
259.63
294.723
20.6412
4.9742
160.153
375.855
367.467
16.5875
20.5094
16.451
390.911
62.432
8.67703
370.184
24.185
116.662
159.537
395.583
39.9775
330.15
185.417
306.493
21.3737
55.9752
23.1742
50.2706
285.173
6.95713
335.825
217.721
334.261
22.7651
22.4005
317.1
269.76
38.2689
40.408
25.0974
290.202
45.9468
122.814
218.185
11.5736
19.3286
111.594
44.1765
223.955
13.6408
15.6592
5.08676
18.2156
286.727
380.814
248.71
374.14
9.65212
19.2999
21.715
84.122
215.945
266.906
193.88
242.348
494.016
9.59053
140.292
458.652
324.984
180.076
393.483
14.5308
160.171
5.61141
277.832
55.5301
272.891
567.664
352.628
25.6612
20.1244
462.47
318.586
51.1409
299.213
18.6311
15.9363
109.226
21.2405
10.3719
146.119
428.013
154.275
14.8554
208.175
384.295
179.677
380.529
419.247
413.637
46.2208
53.2346
282.759
288.477
365.176
139.131
223.442
16.7416
107.605
24.7527
18.5964
36.7295
276.5
10.9414
253.769
417.855
233.764
284.408
562.553
103.103
22.406
121.306
20.4193
305.868
143.003
12.0322
5.44946
19.2698
92.2673
293.09
17.3753
20.3486
-0.38183
69.5948
114.678
261.0
22.8947
218.517
121.254
160.511
328.096
10.0946
5.9621
307.156
268.498
132.299
10.2471
17.533
94.2402
245.695
336.901
22.5122
26.6633
20.5345
350.253
52.7367
109.255
173.467
193.718
153.442
9.8418
325.818
307.893
172.278
73.0758
19.6792
21.5533
159.898
76.4299
11.426
14.7117
484.073
178.511
139.388
144.148
349.349
369.466
247.207
247.183
26.5528
201.531
343.082
248.933
388.162
6.42422
288.807
29.2616
249.568
306.023
25.0594
295.485
355.8
11.034
57.1216
27.1767
12.5456
356.052
22.781
38.2977
364.335
220.727
18.6993
5.47204
200.472
320.846
16.5133
38.5029
4.35499
7.2395
6.46939
160.516
26.7547
21.3539
109.014
74.2873
42.5154
16.9618
16.7495
34.6892
217.765
13.5346
95.4238
254.146
12.7371
18.2419
22.1787
301.994
210.087
383.843
267.345
298.665
272.685
238.926
17.3844
42.483
5.08245
7.16764
5.65546
246.698
151.859
312.992
389.53
203.023
180.569
94.6242
16.9922
228.181
202.753
65.4068
108.154
6.92536
408.323
453.443
296.692
18.9503
51.61
342.324
120.406
421.869
25.5469
193.919
129.244
20.2987
13.6264
209.324
202.175
90.3051
21.6437
177.517
529.501
60.9267
15.6407
17.0899
249.289
100.891
212.323
10.8411
65.548
375.409
23.0332
16.5261
19.8398
50.4348
14.6891
300.474
319.047
100.938
76.3629
420.637
532.689
217.508
66.8495
257.999
8.09317
246.306
18.7828
99.0677
20.091
71.9762
184.983
443.352
99.3734
5.08403
22.6992
11.3863
63.1785
74.9931
10.7319
302.333
19.9095
11.3627
4.0521
5.92212
545.594
421.551
8.26142
243.442
266.421
332.794
189.101
175.433
11.1721
13.7841
261.586
147.3
13.3323
15.1592
25.0105
11.3223
293.648
7.46208
51.7084
335.534
60.8818
436.5
168.186
335.19
196.325
22.0394
330.353
14.0729
390.674
88.8336
305.193
337.113
424.756
251.458
22.7292
12.5822
160.386
15.2445
83.4426
106.952
16.4866
182.252
17.0046
159.653
369.115
22.7653
6.42054
179.925
152.462
19.5206
110.584
370.281
18.9008
20.556
48.1364
6.63143
9.3222
11.6357
9.73359
366.524
18.1772
127.288
11.1786
260.593
250.661
19.5282
374.291
256.163
223.642
277.343
225.463
394.02
137.919
205.188
226.58
244.457
13.0827
26.3753
166.216
244.549
23.724
67.515
511.108
222.202
406.127
25.5202
239.9
86.1812
498.004
187.474
353.781
36.9164
17.7246
200.551
325.273
23.6386
11.8039
229.446
11.6651
417.018
12.6007
12.3967
100.232
18.3221
17.467
327.302
488.305
73.2163
200.633
41.9359
10.5322
40.4527
125.142
224.882
242.266
122.489
17.3804
213.035
335.236
495.851
272.88
270.471
12.7889
12.4009
12.4347
167.422
163.819
14.3641
299.769
215.134
33.8141
150.241
16.3039
111.716
135.87
266.96
314.174
9.3011
69.0997
191.855
38.4497
304.61
148.014
350.293
14.8372
4.24428
46.9946
17.4014
19.838
142.625
230.035
18.8948
20.5549
18.504
14.4015
245.342
6.26821
209.046
166.367
242.234
10.0545
524.006
99.0803
33.0674
344.278
180.286
250.244
54.4218
10.8716
338.678
136.512
266.111
21.3989
102.012
352.765
20.3815
460.648
16.2416
446.572
22.6855
509.66
405.21
14.4693
143.032
205.77
193.367
35.6839
93.7291
167.274
279.102
106.364
228.572
12.1129
28.6491
26.7262
22.6639
327.672
18.6151
137.77
15.4646
68.2248
373.426
99.4107
88.0723
16.8015
272.05
190.206
312.732
15.5907
63.2963
45.8653
255.201
74.1487
20.3055
67.3332
19.189
15.8352
77.4886
205.016
12.1359
17.4
18.4779
17.6272
27.5655
9.44878
242.979
59.1527
204.833
393.507
9.45543
375.632
230.856
13.4572
12.0642
452.298
231.744
107.994
16.7213
298.327
20.0318
447.295
59.6959
7.23181
395.761
133.545
269.291
166.876
378.908
13.3152
428.902
105.428
17.8061
363.954
319.746
276.985
227.566
30.8554
3.92824
21.2602
213.263
15.5675
80.7534
367.354
37.4665
415.758
137.43
109.717
10.5073
50.5433
278.216
9.34028
6.59117
269.895
19.1615
175.647
135.151
228.255
-63.4043
16.0085
21.4505
78.5625
312.102
374.974
161.099
64.8289
19.1281
77.6671
10.9193
23.2686
260.166
368.598
117.545
269.375
419.813
217.198
20.4052
10.4005
199.917
434.859
364.609
334.402
124.796
20.5342
271.303
218.223
21.1243
365.77
215.142
523.677
13.4977
14.0908
84.7431
14.7403
251.06
272.711
122.617
330.167
354.44
239.727
133.767
335.501
377.607
113.626
386.523
28.4812
216.897
9.81356
143.191
7.69841
10.6611
9.233
7.52487
11.5102
53.6357
503.274
178.187
240.273
125.323
215.617
205.458
161.864
179.26
9.36927
315.24
10.161
532.171
29.0874
18.4685
118.374
183.133
247.157
321.052
416.643
9.72321
221.076
52.1928
279.902
204.023
35.6441
303.164
19.8689
401.05
358.638
47.6412
447.511
203.15
336.585
166.881
337.375
21.0682
16.7781
30.1703
436.016
85.6002
87.6074
24.1921
359.878
368.686
10.6901
391.119
291.675
379.204
10.7653
197.405
476.045
347.483
178.08
343.146
424.06
263.242
178.913
322.757
171.615
142.605
20.5894
439.193
11.9773
264.415
13.0062
506.741
194.358
18.59
7.21763
22.5122
65.5342
346.616
-9.43856
135.364
22.3987
209.653
186.441
480.878
77.9386
10.6788
18.1955
10.6407
166.306
116.275
20.7182
318.815
247.373
521.321
476.714
391.319
366.89
7.80577
369.209
102.172
135.31
49.2179
7.47156
6.53649
317.924
19.5602
10.619
6.49001
56.6182
22.9876
73.2504
20.5743
230.054
134.642
10.8348
445.985
155.309
371.042
354.57
256.81
424.197
156.039
524.793
267.483
42.4297
344.82
391.809
13.6796
6.73246
225.698
215.633
21.0613
299.955
438.564
54.6981
18.9851
101.241
9.77979
145.005
402.878
407.355
458.945
22.1276
254.92
6.57951
244.911
147.206
70.2668
14.4057
25.6915
24.2039
84.0521
266.209
116.173
8.02329
274.86
530.359
100.179
5.73002
244.46
202.811
11.4563
109.26
11.4389
161.999
26.0583
34.2197
22.7065
14.6018
19.0053
313.715
76.4104
227.686
150.686
17.5093
15.8507
22.161
13.1553
37.1911
10.1856
326.839
425.781
91.8536
28.6768
205.061
191.753
457.855
262.577
90.3348
511.424
529.6
101.384
186.284
18.6193
14.5103
114.614
273.665
230.676
17.7194
46.527
18.5583
119.526
20.2823
262.945
370.691
200.793
10.5717
134.915
181.194
126.657
13.4884
17.7031
17.7821
225.422
508.145
175.554
274.985
158.969
7.41
390.968
10.315
5.26209
251.178
324.124
75.1234
19.9751
489.785
482.611
312.397
326.492
69.6638
195.714
103.037
205.825
105.757
16.9597
82.555
471.744
178.613
484.145
29.476
448.236
439.811
135.605
126.376
324.661
307.545
381.284
413.734
178.903
54.577
494.443
291.05
12.3287
343.901
9.33846
15.0403
259.708
249.124
342.224
232.531
452.794
32.5222
47.6274
289.407
20.5176
6.53718
123.884
198.246
14.6936
95.9494
12.301
14.2211
197.148
379.713
71.3285
126.78
531.993
356.982
174.099
10.0285
16.2934
8.68765
11.1739
243.144
7.29763
30.007
36.5845
15.6112
435.254
389.252
17.8408
300.022
127.053
486.75
311.455
150.022
18.4349
176.17
300.542
23.4414
220.93
198.912
486.481
129.182
176.239
406.334
246.258
513.478
493.981
18.6148
24.9614
20.2745
177.241
92.0773
570.339
371.339
98.3871
67.0634
25.1637
17.0398
46.677
20.1473
134.107
76.9564
253.86
212.317
24.2343
18.3924
39.9484
23.5992
21.5708
190.449
86.0741
16.6311
6.148
310.895
19.3173
425.413
515.112
278.497
288.125
309.51
150.54
195.117
190.405
216.636
167.021
122.411
353.07
394.486
26.4321
468.568
296.195
19.0357
246.012
20.4218
361.817
365.637
100.424
13.1497
208.09
388.053
14.4598
577.694
144.987
316.323
11.6185
8.63272
11.6117
230.879
13.9737
21.6951
170.291
26.7038
335.325
19.3543
355.206
308.412
159.394
137.447
20.098
16.2328
337.389
20.2166
217.395
20.9166
174.245
262.165
251.792
17.9977
11.0813
432.37
413.484
440.852
155.055
7.82553
20.3476
189.771
243.841
28.1451
23.2295
142.784
5.69657
106.204
12.053
22.1696
23.1019
345.703
229.295
16.4309
71.4156
26.9261
11.9733
103.23
126.221
360.862
216.287
348.179
104.608
313.386
313.736
320.065
56.9684
275.393
32.3866
4.44813
203.087
39.0399
16.4796
7.44423
212.563
385.87
269.109
363.357
471.004
7.7066
172.767
187.89
10.6652
231.964
402.006
91.5997
181.204
410.588
8.15642
13.232
364.874
15.4319
455.18
106.302
17.8996
54.7643
47.2297
22.3913
11.7222
400.435
411.833
21.4105
45.6718
198.255
138.878
354.143
20.709
23.7892
226.941
7.62246
17.7175
386.956
300.248
223.928
159.434
150.466
312.048
47.6237
189.604
20.0224
299.482
165.533
374.434
7.19876
515.543
429.699
16.9312
13.5101
34.0438
57.6984
19.2002
294.485
25.2847
195.724
11.3073
342.817
41.5658
347.423
15.1555
330.594
77.2941
44.9159
29.5269
12.7194
13.491
6.27763
8.89079
516.086
29.1549
254.06
14.4432
57.7892
517.867
18.8458
297.445
24.3756
27.4408
179.276
449.727
8.96569
107.229
42.1745
119.745
247.479
410.923
12.4231
98.7698
127.135
24.5264
25.0313
21.9296
131.217
459.752
10.1677
10.8432
20.1327
24.8789
13.2507
22.927
386.866
15.3679
309.402
178.763
506.017
344.285
84.3809
305.681
404.857
245.653
126.639
9.30765
21.6811
20.2241
487.538
9.97556
18.4849
518.233
24.942
150.487
12.2032
106.623
4.3514
49.8923
106.591
204.9
299.698
18.5683
100.343
10.3821
15.6785
29.1347
18.6654
348.566
10.236
469.599
339.146
9.75099
16.33
189.411
297.466
393.551
334.271
245.389
20.6639
220.895
8.10544
277.718
10.1455
18.3326
20.7852
103.575
259.051
80.7904
300.354
66.1746
22.4004
75.8579
25.924
24.903
141.889
19.6151
216.728
18.5315
367.595
284.951
20.1896
100.479
2.48814
406.841
118.766
502.113
485.325
354.323
285.598
17.6326
73.8298
405.494
226.007
21.5928
21.3873
11.5118
53.4839
19.5441
186.514
270.191
178.244
21.7705
436.847
298.507
364.898
246.07
17.9644
246.424
524.563
339.607
26.6913
40.4876
270.976
11.24
229.301
16.8985
35.486
162.745
289.278
271.758
18.8832
448.388
198.343
24.6084
465.667
436.699
241.603
50.0744
346.907
140.791
406.398
25.8816
243.906
12.2659
269.969
336.104
272.132
95.6981
239.139
214.762
49.4561
198.835
462.814
150.804
19.8393
24.7479
22.9524
18.6139
77.6746
178.946
275.591
238.815
34.6936
17.7356
252.239
320.886
239.287
138.791
18.0707
388.833
13.3852
35.6537
62.8617
178.988
83.8198
16.5307
122.972
52.5288
352.098
143.035
10.7323
220.79
20.6622
13.9352
21.5358
67.6116
12.6518
167.992
19.7555
213.905
360.06
97.6143
9.48379
22.4803
10.1262
15.8045
296.051
263.363
23.1488
40.2602
36.1691
18.3364
578.43
9.38134
409.236
18.385
155.718
444.056
439.893
13.1825
7.32675
82.0814
25.4944
24.7922
22.2748
8.86371
233.208
427.445
14.6343
213.082
508.325
16.8079
297.456
103.465
9.15811
122.101
18.2912
5.10042
12.6314
448.793
184.596
295.379
18.6592
345.838
461.381
378.397
179.645
339.613
124.588
21.7211
207.296
297.118
11.4749
62.7916
168.777
29.6555
399.882
20.5739
9.93716
320.197
69.6211
128.7
274.632
20.2455
12.9784
23.4489
366.626
24.0516
10.6554
107.877
55.1701
27.9449
110.104
340.672
5.98088
12.7718
125.548
26.7523
234.914
134.204
371.482
22.5324
85.5377
397.761
49.3736
7.45724
3.05686
274.917
372.411
78.9183
41.6682
154.37
177.6
110.198
297.864
206.175
18.5469
422.966
107.066
96.7205
155.446
186.39
323.589
430.426
229.314
139.195
154.554
159.884
254.272
33.9287
118.157
171.865
49.2438
15.675
10.3774
214.907
44.442
21.0429
314.464
16.7091
137.339
10.4164
17.9982
21.1263
206.01
512.542
280.496
499.578
12.8213
529.084
421.41
332.383
239.687
233.199
12.9464
16.2937
15.9318
61.1925
554.405
24.1286
22.2687
130.576
5.78679
110.296
134.657
6.75366
125.667
210.865
273.251
453.601
261.544
10.7161
8.47723
379.837
11.4999
301.13
11.5632
449.567
14.3426
24.7676
52.5426
103.083
106.256
23.8603
571.938
10.9025
473.116
365.018
21.7811
230.902
349.078
267.456
454.825
270.803
477.038
319.17
406.793
68.1468
22.2986
447.012
33.2368
10.2657
557.998
329.709
216.864
561.693
9.15383
264.637
251.652
42.9037
413.506
140.22
37.0787
226.448
294.101
10.3982
22.0009
247.519
7.60253
100.825
287.617
345.688
385.425
44.8321
188.78
71.9223
18.085
183.161
114.027
256.562
22.4293
131.344
20.4618
302.879
21.0159
18.3089
36.3047
260.036
14.8848
349.343
177.612
86.1356
164.062
462.152
171.669
210.409
15.6874
74.5195
137.346
133.443
63.899
112.858
117.852
277.266
87.522
33.6746
305.715
314.28
337.614
323.602
431.507
12.2322
411.646
100.708
91.7995
13.1047
11.0425
189.67
165.483
10.2723
86.7077
3.96378
208.909
53.8696
278.45
55.8841
10.1253
17.5413
363.957
470.018
22.1966
324.771
249.592
381.739
487.458
465.504
87.2834
484.303
336.739
26.2442
220.587
342.861
407.344
416.873
9.96402
306.435
22.2333
73.7272
36.7476
406.436
26.6868
470.979
580.516
461.412
328.715
304.25
140.451
21.5837
114.644
16.7383
223.359
100.737
3.8313
242.718
360.241
98.3957
97.1022
285.729
22.7514
18.3145
537.92
19.6661
17.1227
418.125
235.586
165.91
393.813
9.8073
23.1909
15.9395
69.9445
334.282
19.9021
174.109
345.349
364.566
358.559
15.1133
79.958
19.2372
12.3924
17.9942
131.355
12.8059
120.397
44.6446
368.957
180.696
12.9565
12.3236
238.077
346.162
327.523
10.2649
194.5
154.197
133.394
22.0919
112.117
433.596
288.102
14.1608
21.6005
262.849
17.7882
357.257
113.425
187.244
37.0638
15.9406
58.8033
431.615
172.799
89.1613
98.0317
425.006
19.2767
23.022
85.4604
218.846
164.348
13.3898
241.784
36.3255
21.2736
218.607
86.2905
269.86
38.1667
20.8455
9.20157
510.521
366.351
202.213
158.022
519.622
251.837
15.3901
88.0042
136.991
18.8291
171.369
231.415
18.1023
15.0219
13.5749
12.5609
19.391
73.557
8.36865
303.748
20.4126
19.5764
19.5654
539.951
291.732
394.877
440.015
452.795
297.958
31.6347
384.203
497.322
484.664
249.44
153.232
79.2995
18.3639
576.735
138.301
416.995
22.0668
29.8289
444.737
37.401
481.839
141.158
371.572
17.9706
10.4398
419.057
51.7728
252.338
411.236
553.124
22.4015
10.4986
24.2559
10.8691
5.47556
11.0448
22.1046
134.224
17.5209
19.9486
168.231
407.544
517.601
9.20327
6.20247
130.421
167.155
278.056
11.3212
188.611
236.253
19.9215
284.971
409.3
68.3414
129.039
50.5626
430.24
25.7594
19.1938
457.217
233.88
166.001
175.568
16.3843
3.84776
245.393
381.807
17.9009
85.4625
27.8704
7.85715
21.4791
284.349
415.732
215.557
309.18
188.124
100.842
85.8985
12.0453
64.0686
16.1268
325.424
281.65
302.475
14.7242
451.306
441.144
10.1124
267.495
18.6207
15.4226
120.947
504.847
460.216
318.912
38.2533
52.8531
8.71325
239.587
132.379
366.322
11.5024
268.981
50.2395
476.918
305.5
131.293
60.3183
209.399
33.1177
100.321
350.478
365.686
156.11
138.681
157.575
380.961
257.306
341.412
209.571
17.5471
72.6469
20.8485
195.978
350.369
12.7815
365.089
41.8689
20.7703
208.896
25.944
513.418
16.3256
152.873
22.2544
433.925
319.324
472.279
315.401
47.1498
22.3962
176.267
397.156
474.812
468.974
14.7497
365.027
5.17344
23.9022
14.3786
339.629
316.721
130.037
110.731
308.103
450.09
533.157
313.776
15.2658
70.3908
14.4309
14.4784
21.3909
237.409
16.708
206.923
289.59
5.00436
134.837
131.746
21.6962
22.5181
15.8344
188.124
100.782
202.348
14.4509
73.8048
9.3699
49.9246
400.239
388.78
22.3222
295.109
13.9364
230.48
3.45602
449.688
508.365
81.918
352.065
347.868
147.633
94.5168
17.7975
422.15
124.76
100.011
5.96852
330.765
396.487
22.1688
351.189
13.818
49.7142
368.297
18.5716
23.5223
186.446
19.8185
410.937
10.1873
9.1548
184.519
22.2618
142.774
238.198
212.044
9.17763
220.06
115.09
252.935
11.9654
158.9
21.9009
72.6883
465.316
68.8348
159.068
160.922
11.0382
5.66808
131.191
320.05
127.01
259.09
65.8609
25.1281
170.941
9.95301
34.4699
117.976
244.119
41.4161
135.852
249.865
66.3646
370.765
16.1895
360.974
18.1746
11.7349
14.8431
84.0709
35.9704
140.715
112.904
44.6127
14.3671
115.269
14.4969
132.029
14.1023
197.025
261.139
23.3569
344.815
215.675
21.1795
16.6482
244.523
344.52
494.273
60.0317
9.43331
239.989
305.215
64.0545
206.445
419.978
556.458
6.6592
381.363
374.516
14.9761
19.1517
105.664
21.8483
17.3514
147.586
8.74552
316.819
305.592
28.0835
8.69122
16.5887
404.162
147.68
10.8169
523.008
374.382
5.3408
10.9318
20.1852
21.4818
49.962
54.5762
42.9484
22.0883
176.479
10.4862
39.3678
20.2166
14.4943
53.3301
17.4541
207.589
436.333
271.52
107.656
427.155
278.426
332.845
216.427
48.6119
369.549
41.9894
90.9036
309.105
87.0582
18.0542
58.8814
177.254
455.556
107.561
113.346
10.8271
18.3336
149.059
242.521
23.7984
352.568
129.056
31.5476
16.8061
15.2166
128.988
496.765
138.647
55.4842
11.7495
220.654
5.28829
18.135
23.538
411.192
463.023
15.2028
8.27403
19.7633
182.156
196.476
175.445
406.379
312.265
330.722
187.472
13.481
2.53884
66.4621
7.68932
166.98
20.6822
432.607
26.2915
375.865
5.25247
139.342
37.8807
338.122
263.484
12.6741
26.2213
96.1589
221.853
34.1252
37.9238
218.284
18.1584
9.13003
364.665
13.306
29.6986
58.1013
233.826
14.4928
21.381
22.8779
21.7133
388.852
18.0654
17.8607
385.367
10.8635
157.824
63.9327
252.206
155.444
203.973
263.852
86.5812
550.171
215.382
9.72177
87.7156
13.3922
9.84326
165.814
57.3847
187.545
358.915
87.808
153.686
128.461
16.1347
18.176
20.9989
303.639
239.64
26.1258
21.7315
95.906
398.601
16.5148
299.888
358.27
304.226
21.6698
44.1261
206.083
9.63311
153.313
182.544
82.0228
332.121
321.636
26.8064
187.041
19.6812
8.05191
9.82868
528.254
209.883
38.2391
378.106
527.665
292.923
60.2746
56.9273
300.478
21.2725
113.53
260.119
19.8646
235.163
10.0218
247.415
23.0903
12.693
8.78473
459.994
147.579
296.14
19.835
324.932
27.6986
292.87
142.245
114.196
205.994
260.784
183.215
206.804
21.3684
135.743
312.861
33.2622
116.464
446.51
105.367
286.808
28.5917
286.197
4.13449
358.662
260.602
351.658
22.5709
420.502
101.785
124.138
17.0129
181.865
189.745
180.358
92.4084
142.098
431.052
14.1177
10.6279
260.662
16.6659
255.987
406.038
17.3994
192.304
19.045
27.6891
239.856
10.0629
51.9856
226.194
291.028
187.734
175.336
288.564
13.5377
13.9234
480.551
258.376
25.532
247.39
31.4313
74.4004
11.4436
13.111
20.9611
118.739
249.823
20.072
19.9256
10.6001
281.125
96.128
49.7468
543.221
370.764
173.042
12.8087
43.5898
9.34451
9.17159
397.455
5.74817
54.7358
170.598
235.282
287.907
5.77779
138.148
139.646
32.0294
13.7163
9.26632
175.785
36.9749
17.3807
10.0114
203.117
23.6525
274.9
263.886
335.728
141.795
12.8384
318.597
6.30256
160.165
29.5826
16.0927
366.881
57.2396
18.7135
192.118
278.198
3.86179
18.1131
470.19
436.476
19.3839
330.786
422.839
20.6361
99.7056
426.897
91.5475
195.541
95.3862
19.5927
14.0351
18.089
13.8834
493.728
317.265
5.88269
151.128
132.625
20.0519
235.353
21.2595
104.617
45.1441
106.573
254.835
128.654
301.167
294.343
10.0198
269.732
12.5316
141.08
184.606
115.585
231.921
30.6881
334.299
114.645
522.705
175.601
15.4643
13.2856
282.164
186.132
21.9062
413.766
19.7201
24.0076
319.792
218.494
138.666
223.701
21.9389
6.74683
311.951
116.023
10.9174
345.266
211.102
308.569
152.923
17.1191
13.7349
46.81
8.26047
15.7844
4.98286
103.99
10.4987
257.694
16.7461
9.28296
72.0697
524.682
453.165
16.2984
13.6133
21.3306
122.121
266.872
137.631
167.47
19.2227
16.468
10.8572
179.744
206.497
108.591
123.575
6.22596
17.5993
184.054
5.95307
566.204
16.5867
82.7774
90.8115
22.2478
252.573
268.171
93.373
144.721
250.965
71.5589
23.8922
13.0465
19.9866
378.253
212.073
365.841
411.01
470.025
153.633
258.696
315.769
236.243
20.871
501.078
139.252
459.745
20.5247
66.7159
20.783
363.334
130.238
375.034
127.466
14.659
384.209
18.7737
24.1089
383.068
190.658
403.513
186.459
260.668
16.3571
19.003
337.666
21.9128
127.744
19.3087
26.2504
5.83831
5.87031
22.1645
319.321
204.264
85.4489
17.0738
13.8015
18.5018
438.954
522.672
9.45202
21.007
479.863
23.588
13.7105
181.031
125.316
218.649
153.926
14.6683
387.546
22.4803
10.1262
15.8045
296.051
263.363
23.1488
40.2602
36.1691
18.3364
578.43
9.38134
409.236
18.385
155.718
444.056
439.893
13.1825
7.32675
82.0814
17.5646
163.233
10.4555
304.967
312.976
114.943
99.4066
110.413
70.1247
99.4507
136.867
18.0678
169.305
3.78263
189.784
14.3079
5.09771
417.898
354.018
84.9559
21.0769
38.7721
19.5873
142.753
530.13
177.665
84.6118
21.4675
194.294
443.591
11.7339
18.7501
92.1511
160.323
445.679
180.763
17.9288
511.618
88.2886
563.505
456.235
13.163
373.537
480.369
330.885
16.4526
350.05
243.336
6.79421
13.3814
17.6686
13.166
533.408
338.641
68.9539
190.826
309.122
42.4727
14.0258
221.636
201.596
58.0844
9.0987
10.9225
7.68488
114.472
257.228
14.4906
525.028
199.546
243.482
338.542
103.019
172.657
10.1006
410.888
14.9455
155.756
212.93
70.2864
29.7756
27.1357
292.154
171.617
16.8831
283.941
217.479
162.025
363.614
86.2475
290.28
206.638
26.5142
93.5947
130.596
37.1149
27.3983
240.773
16.7417
287.167
214.506
336.943
20.9842
285.176
20.6662
10.9421
222.911
6.69534
60.4314
15.5536
470.001
86.2216
346.78
153.083
72.5563
36.98
19.141
7.26735
79.2039
22.1852
5.85133
391.848
17.6205
9.16749
176.215
17.9841
347.945
406.405
19.5736
16.5437
16.7308
171.218
16.7757
5.73337
46.5432
12.4818
519.369
282.02
265.932
455.018
128.335
167.857
17.5717
363.942
247.137
9.80997
342.418
155.614
396.06
18.8162
65.7562
97.9313
110.687
259.934
70.3557
21.4001
367.411
338.948
440.525
102.463
18.2899
13.6604
324.374
9.71144
385.509
104.277
12.2949
472.49
422.08
14.1685
456.508
16.3643
22.2824
14.5291
424.188
19.419
269.518
504.835
110.063
555.091
17.2631
14.7989
273.481
259.711
289.156
376.463
256.883
221.463
18.2181
15.4045
16.2379
214.888
93.7215
315.535
6.28036
55.4618
17.0083
8.25376
79.8307
455.245
314.842
487.165
350.229
22.8807
14.8521
95.0027
83.1976
17.6101
269.554
101.648
25.5555
17.8041
33.948
9.91855
325.129
355.017
104.122
16.407
26.1519
63.0258
23.2811
5.92747
24.777
15.4845
234.34
134.798
22.759
22.5097
161.226
305.016
195.352
16.9684
377.203
482.162
54.568
13.3079
130.588
207.293
375.783
23.8405
10.6394
422.577
210.653
11.1601
16.3657
20.807
17.8768
297.532
301.557
6.88909
12.3315
25.0682
17.0641
372.168
169.792
72.3264
12.0919
127.435
243.731
409.717
176.153
7.90424
19.5061
10.2567
18.4468
524.422
5.81278
493.343
17.745
241.547
321.706
14.624
327.512
440.382
214.397
387.365
9.85061
25.5015
4.90321
431.748
492.649
5.017
19.105
58.3086
63.8647
14.9296
253.667
19.5689
469.194
172.958
168.721
417.84
406.183
295.076
251.301
319.009
163.323
103.47
254.718
6.69084
402.469
12.2095
508.703
11.2312
10.3098
255.26
486.628
167.756
359.695
558.44
460.098
39.7187
5.53128
14.387
14.941
8.48432
12.9989
561.395
30.2187
473.464
142.407
9.60131
187.976
7.07762
16.7424
25.7393
22.997
33.9262
15.9015
19.9483
260.713
341.555
109.959
27.8696
16.6131
18.9397
24.3354
20.2804
20.0365
7.04343
62.2447
12.2792
16.6271
45.7285
386.253
185.783
404.208
138.202
118.87
179.675
345.462
11.8025
18.0185
15.8908
536.832
12.4835
59.8941
126.105
10.48
172.369
527.684
98.3873
55.009
114.336
22.2336
92.0394
19.7771
145.159
234.456
64.8265
108.187
23.2782
169.721
170.508
21.1836
466.733
10.1618
283.755
352.916
174.196
234.41
18.5104
228.783
20.3299
267.052
73.6445
249.899
414.111
19.3334
74.6407
15.2483
179.79
405.297
7.22478
116.824
16.7111
401.487
239.026
9.20977
437.646
291.758
15.362
479.797
349.017
563.914
94.7329
130.423
131.133
13.3578
411.787
129.408
12.4963
399.369
22.0534
188.067
65.9705
500.924
51.233
10.9064
30.8488
295.598
120.653
8.94319
20.2539
188.53
499.336
276.093
473.656
147.346
21.1973
390.234
25.2687
241.655
12.7807
9.77252
16.3455
176.393
37.4463
418.072
16.7734
318.85
13.3853
10.9227
73.2561
17.355
39.7046
13.7267
60.6988
135.839
144.491
519.396
177.599
6.91755
17.6068
153.555
113.864
355.33
113.422
19.2983
12.8007
373.551
10.0302
33.6721
254.193
12.4812
88.1512
9.02962
175.695
46.632
17.7296
21.1252
385.044
349.546
13.7346
315.939
12.3349
466.867
386.946
437.173
22.3989
66.2695
389.346
481.359
11.0615
25.4093
8.4053
16.8222
200.113
366.993
287.954
286.304
18.0569
16.7004
90.6284
21.3155
404.897
97.1038
9.44552
270.709
340.712
10.3866
402.748
278.596
231.992
17.1288
484.905
78.6121
438.136
330.793
397.261
17.6936
165.725
450.921
264.117
21.3413
17.3215
179.548
10.0194
252.764
15.9816
257.715
8.23796
13.4548
354.152
28.0168
331.592
302.378
8.71104
557.73
445.613
109.271
77.2174
371.133
20.5863
137.441
21.5385
361.868
19.024
320.995
316.615
368.511
20.0789
348.002
237.549
21.5336
68.0867
336.557
424.452
52.4808
261.953
239.848
19.7703
65.5959
371.863
1.18928
296.222
355.973
206.627
66.2837
376.875
11.6384
183.928
235.855
197.376
5.66846
19.8911
324.684
179.054
59.1897
9.41361
298.648
16.9398
268.983
139.764
135.281
24.1718
143.676
202.307
21.6398
131.601
113.34
378.651
9.37842
98.593
444.563
353.596
383.907
40.278
284.387
443.282
172.533
260.266
88.3671
206.98
24.6953
18.9556
60.1529
351.004
267.043
349.268
11.46
32.4043
18.4825
7.41314
21.3922
8.3561
27.1756
4.341
11.5202
251.377
12.4271
12.7982
24.8949
194.577
116.618
72.5582
293.332
339.429
21.1108
283.66
16.81
45.2622
115.986
11.322
262.025
49.1183
13.337
405.811
20.0554
314.558
20.0356
9.45303
3.96696
283.112
533.489
12.6861
26.5952
151.758
12.5031
22.8734
237.08
169.752
382.649
11.097
10.8481
11.385
341.273
271.303
12.2339
22.4709
256.347
124.333
200.073
440.291
16.7184
55.3065
145.404
256.479
58.7682
120.023
264.028
99.6209
17.1568
4.98601
427.544
26.4775
87.067
263.673
382.829
560.357
281.515
18.9496
430.767
103.207
232.182
49.6867
455.593
295.707
26.4176
17.6273
209.835
10.8649
363.096
16.2174
257.076
19.0935
376.728
105.86
29.2496
192.836
140.8
61.7946
34.6206
17.0218
221.889
15.0714
107.248
13.9858
189.247
94.6417
199.436
87.0357
180.214
12.5953
344.373
133.279
15.0428
129.723
283.503
158.451
272.053
22.0376
29.9401
8.38243
44.0171
164.074
157.898
15.4651
57.5251
496.633
26.094
19.2165
244.578
578.237
448.928
12.8606
83.1998
513.066
269.715
352.773
299.959
373.968
82.3252
313.925
240.268
44.2721
78.9306
24.1385
180.433
12.5583
15.7434
269.216
14.7001
15.9125
517.392
232.911
32.8121
456.43
81.9616
270.265
16.0886
494.93
400.128
484.928
20.3506
480.082
54.2757
468.822
124.51
231.782
340.909
437.862
122.739
155.342
74.2461
480.604
299.354
58.2478
399.56
12.7171
171.018
12.5385
131.301
301.426
17.6391
195.176
24.2296
322.209
4.87456
530.449
419.903
170.963
58.224
204.194
186.427
16.6082
48.8574
12.9413
22.6894
31.5575
21.9992
164.228
17.7661
20.5178
18.0796
53.4837
8.77424
24.0047
-3.14932
104.609
38.4502
469.273
13.038
209.699
282.765
240.811
20.101
109.667
188.781
199.23
44.3771
20.7466
46.4859
358.616
209.527
100.357
69.9131
92.0878
12.6121
208.464
363.871
10.1456
518.424
174.847
19.8552
269.646
13.3046
203.982
71.3469
20.901
3.65274
4.87545
102.998
21.3116
583.086
334.979
394.258
539.509
338.061
72.5466
20.2105
325.852
20.2528
42.7017
10.9433
122.988
147.001
368.202
343.82
22.8819
20.4981
14.2772
25.6604
100.482
20.455
11.2402
300.632
473.522
99.4784
382.578
142.507
20.4291
92.209
19.2231
54.8191
21.5225
19.5338
556.79
416.73
347.695
38.2518
9.41409
20.2051
111.076
438.327
64.5949
452.499
187.328
184.107
109.02
163.056
348.653
298.586
138.305
246.517
400.527
10.0823
457.097
9.96717
303.897
17.8397
446.458
16.8423
554.188
97.0365
261.542
66.4762
9.87538
460.354
15.0868
72.0541
17.5614
105.451
215.042
5.94806
406.893
15.8106
167.804
195.326
347.048
6.99095
16.1187
186.173
263.802
504.663
21.1719
252.88
20.5616
17.9653
587.765
309.799
12.4899
295.803
10.9469
165.002
76.3989
289.915
224.222
337.442
19.0602
66.2053
17.9373
330.281
192.746
209.909
239.528
336.027
369.438
306.528
17.9385
12.2007
292.576
17.2233
28.5122
92.6628
542.391
196.262
216.04
14.8921
15.123
24.1215
246.897
19.0348
216.543
312.414
16.7065
288.393
341.152
186.115
19.897
136.161
415.282
17.8111
9.47212
380.294
415.976
502.207
9.50404
388.637
453.842
440.764
476.45
369.497
8.47244
22.2681
344.196
146.051
209.615
15.4979
195.985
32.7476
287.543
22.4945
6.40078
12.8393
91.8661
21.3752
487.919
497.444
141.2
174.892
182.57
533.314
18.7397
17.2655
15.8267
225.995
122.871
66.9805
10.6208
199.544
91.3333
18.3344
31.9827
215.623
234.17
365.192
137.455
532.331
18.4345
332.153
55.6659
9.66017
33.6785
10.5837
134.962
-0.85658
16.1114
41.911
16.6281
364.111
20.3416
520.213
6.04109
16.7565
60.38
473.63
14.134
15.9812
392.958
16.3578
131.906
8.84243
166.474
9.49246
10.3852
9.90546
24.2239
68.8572
38.5032
18.5538
15.4881
11.3061
508.852
304.326
351.113
445.933
242.505
132.535
17.324
19.6652
118.788
10.7704
23.1792
409.524
15.2975
35.5675
249.012
70.215
4.85848
409.95
338.696
406.697
330.828
20.7759
315.192
218.427
334.419
205.773
133.941
51.1434
157.705
10.8817
18.5347
26.2254
28.6479
18.3116
16.4167
32.7281
12.8246
10.5845
61.8766
10.7993
15.2334
515.143
119.0
518.436
18.2315
327.897
12.4365
346.717
298.125
67.5862
140.687
179.166
12.8973
386.725
14.7956
22.507
15.9729
440.562
23.3588
303.512
14.7626
191.798
400.842
11.1542
324.403
12.5363
339.625
118.328
9.346
451.815
306.235
103.0
12.6274
21.164
22.2247
465.52
10.2179
17.2581
217.088
149.673
23.2044
13.0147
8.41966
224.736
313.422
507.787
22.8318
417.916
321.594
334.57
210.333
544.965
503.36
194.648
218.082
62.6377
20.9422
20.6792
17.0195
232.756
232.449
346.827
254.512
43.6805
320.36
50.0006
88.0168
13.4447
20.333
19.471
12.4663
335.235
163.259
295.951
465.88
126.411
287.265
18.2627
515.318
25.579
211.421
38.7781
10.1402
191.12
228.917
558.59
11.1756
76.4838
19.9421
4.91131
261.375
16.705
356.275
325.507
12.3857
20.4465
143.888
337.706
14.7341
18.9926
448.381
105.647
472.554
247.81
7.44912
451.876
21.511
215.354
331.243
175.146
20.618
18.8407
206.189
74.3858
397.031
117.354
300.635
332.712
342.387
9.1392
274.781
188.027
350.046
308.207
8.90238
501.257
31.8485
113.457
205.574
10.0475
282.154
397.301
115.862
144.21
213.297
152.294
336.326
162.609
101.045
242.367
297.693
49.097
10.5904
20.298
100.781
203.5
10.557
21.2339
16.0846
312.714
12.1579
46.7152
444.03
409.553
381.034
176.416
360.694
411.33
194.124
301.698
13.8701
49.5532
231.025
199.524
173.662
242.957
430.73
11.3951
297.794
374.828
71.2482
56.2507
90.7256
194.62
431.377
94.3767
462.548
22.1626
4.92911
181.616
29.0578
17.045
431.278
145.629
73.0085
106.35
35.4938
6.80996
174.048
14.6798
170.017
166.335
443.575
222.746
19.0186
7.7747
14.9035
130.901
13.1605
21.1823
453.194
358.771
304.098
20.9032
24.1751
260.307
14.799
88.9085
385.985
184.387
150.784
273.085
139.111
17.453
374.313
57.9407
148.914
352.811
34.7491
254.998
4.24346
9.22902
264.001
12.8254
121.963
30.0259
303.704
456.407
245.719
15.1726
143.144
20.7029
174.822
312.218
11.7068
68.2404
17.2355
18.1424
163.301
13.7335
164.14
11.1733
13.5791
17.5581
36.6023
390.387
97.0402
390.942
78.8729
19.8966
457.325
135.272
14.4546
102.568
17.2713
172.309
557.46
225.075
26.929
23.9716
226.55
349.537
234.078
22.5906
219.1
-1.85583
519.31
250.279
21.8453
71.2545
117.093
8.44162
19.1701
449.924
14.5666
14.9188
3.85328
11.186
292.504
297.384
403.844
-5.0355
12.5849
324.742
241.851
107.2
311.38
14.854
348.868
516.347
18.988
12.7963
16.7611
18.9609
372.029
163.626
15.448
21.4745
4.52966
99.161
470.168
239.105
124.184
294.136
261.255
515.952
328.949
403.554
482.85
357.511
12.8361
8.07373
380.617
128.464
17.6335
35.3197
13.5285
15.524
20.6947
332.491
184.589
325.317
239.146
51.2575
200.25
131.473
18.4294
120.735
231.758
16.0819
345.049
85.191
23.048
12.5045
76.0654
98.589
163.264
299.58
126.788
18.315
418.008
15.6559
258.168
126.272
202.722
18.1763
82.3492
496.516
19.3839
13.6821
129.261
150.338
351.788
300.555
448.595
16.804
22.3519
255.533
22.6821
257.017
11.4312
-2.322
124.042
243.231
49.6524
472.078
124.587
141.195
12.9389
16.3006
16.2849
461.505
6.48954
239.388
349.842
220.064
358.744
21.6804
13.9242
4.10309
16.4987
331.926
417.544
76.6665
77.1869
13.2336
21.0083
143.557
191.192
417.256
83.3305
293.025
432.608
204.637
261.991
50.8295
9.77232
281.481
19.2669
41.5208
103.439
54.7515
14.0023
274.246
387.349
314.518
344.918
6.38488
22.3071
179.937
9.96527
217.567
171.249
575.862
226.28
15.0082
148.635
22.0526
467.747
402.967
50.1471
299.095
202.971
210.656
44.7172
320.85
208.172
199.938
94.6162
142.039
284.447
184.176
425.785
12.6432
199.806
262.087
43.3221
32.188
172.735
129.043
10.3597
20.4098
534.753
15.8651
28.7777
493.95
76.8168
23.6906
23.353
23.9427
242.472
16.8193
20.7673
18.5706
291.418
131.367
382.701
32.2557
108.693
281.545
20.891
2.08476
54.4024
84.8088
236.786
142.031
9.37153
6.99961
19.4099
343.999
12.4144
34.4345
122.557
148.338
33.3155
13.3326
366.92
22.2207
268.762
10.3129
21.1469
39.4622
427.969
11.7505
117.801
352.677
212.927
10.6013
26.3097
20.5515
18.2498
26.4452
158.737
153.177
319.592
14.7475
8.17776
27.4003
22.3374
89.1896
9.89305
357.788
11.09
23.1318
325.521
28.0011
75.3391
23.7107
14.3498
10.2449
158.223
19.7366
9.8742
20.7724
416.578
509.568
349.234
28.4241
265.293
186.439
22.1979
126.273
139.463
355.918
508.931
169.871
11.1493
16.0338
16.0068
237.812
19.6233
121.514
100.272
18.095
111.469
155.69
4.12615
20.852
204.13
14.7776
425.81
43.6319
220.202
10.7476
172.142
296.585
393.549
331.101
17.2538
120.163
83.9025
10.1206
12.5043
371.247
9.57576
101.245
191.902
14.069
292.737
26.8981
18.8281
64.0168
52.0486
211.877
479.279
17.8487
448.391
398.924
22.5074
142.65
359.715
273.985
150.799
50.8283
27.1115
172.765
307.625
19.8192
209.713
216.175
16.4557
274.216
155.652
127.461
21.1459
400.892
330.456
11.2375
36.4136
294.87
306.281
11.5984
33.195
85.6553
345.583
11.0837
322.011
428.922
142.581
13.5939
25.0594
147.043
106.826
183.968
106.755
252.1
84.4523
109.35
11.3484
248.076
154.149
362.779
5.95673
20.7447
320.047
95.502
290.335
27.2486
10.8096
260.543
36.9909
96.3549
23.649
22.9756
317.411
34.4615
213.397
276.158
51.3172
194.342
415.864
541.435
112.867
17.4287
300.41
86.9816
14.2238
10.5869
323.865
212.522
175.919
24.1557
88.5377
22.5127
340.956
342.571
182.669
274.808
1.11731
127.803
97.7795
361.91
443.046
371.173
202.512
9.40972
391.607
19.4325
95.1301
282.636
56.5558
70.2404
13.2749
39.2543
3.38715
59.1155
16.3917
52.7585
232.428
10.0946
349.18
17.9132
119.167
168.805
37.3153
237.296
256.713
23.4514
29.9293
145.083
246.662
358.102
377.688
251.121
267.305
89.1595
262.981
460.325
109.788
418.496
15.6688
239.694
8.17392
406.112
144.919
94.3739
229.632
507.591
10.6622
408.912
441.109
82.8986
20.5219
155.353
295.657
293.092
10.2635
409.991
22.2318
20.1387
247.671
141.062
357.182
101.019
439.63
200.986
10.8517
56.9663
21.2738
19.5886
299.517
239.655
11.2665
30.5139
10.9392
31.1141
82.9154
84.8562
193.157
416.631
17.9502
378.542
217.611
54.9791
253.017
18.3007
11.8028
272.927
18.6218
34.3594
100.716
12.0081
19.8178
21.6819
246.697
94.5242
120.925
58.8978
72.6969
19.6912
19.7473
104.504
449.656
15.011
23.526
368.424
200.813
21.9354
10.7118
19.4116
183.759
65.6383
360.639
81.5052
125.816
12.2219
36.2652
14.6821
303.084
99.6065
149.536
101.608
149.732
216.454
144.367
188.042
197.159
408.478
270.886
70.1744
58.7519
9.61463
23.149
55.7805
88.7911
12.2053
422.772
488.377
5.80459
24.5874
542.525
127.927
15.6306
26.2731
294.221
168.38
8.67437
224.711
393.856
15.1748
494.881
23.6982
251.63
554.727
32.1287
7.06863
17.9144
171.87
143.588
99.8813
17.7203
5.04896
269.855
260.29
252.469
36.2695
204.969
77.2594
361.607
15.7258
208.366
61.8651
183.67
10.4677
531.266
58.6867
364.4
27.1916
133.101
36.5848
125.94
20.4138
90.9731
248.772
37.8053
20.9524
440.024
45.4933
11.4354
14.6032
264.628
196.489
9.01336
136.031
318.657
17.1088
127.493
93.1063
191.463
20.6168
22.5619
343.799
109.505
182.315
310.525
116.362
423.921
16.4228
173.452
4.99142
20.1214
406.856
12.6883
292.77
480.821
11.5411
20.8322
218.972
16.7788
57.2114
178.185
18.5955
41.6465
325.081
7.52455
154.755
19.2715
327.092
558.298
379.715
159.462
215.388
181.247
5.16144
12.4153
249.596
10.2516
27.5759
396.229
54.5171
6.28516
5.93943
36.92
21.2241
245.888
10.4207
248.706
5.5715
17.8713
168.491
39.243
318.808
19.0539
421.828
392.01
11.5219
164.077
168.308
78.6695
18.6969
99.5368
44.3374
4.99724
304.611
20.8519
170.985
132.1
17.3362
531.958
53.8123
261.007
55.8628
116.115
436.827
303.095
389.836
273.62
68.4746
20.6333
21.0268
63.896
25.2622
14.9267
321.858
427.866
351.515
270.791
94.7716
20.2643
218.897
167.823
124.391
357.832
11.461
71.3087
266.506
10.6246
20.2528
187.161
28.9898
306.846
471.512
478.08
371.849
95.3356
203.436
85.0215
88.2274
231.28
19.5862
470.549
368.113
256.986
10.4199
10.3673
30.925
333.889
11.9852
15.4173
221.909
19.7353
206.956
213.96
446.968
20.7621
13.1317
92.0305
359.915
23.0429
166.52
16.8065
443.264
220.989
161.22
103.347
321.414
278.207
133.664
102.009
290.959
3.53421
358.575
53.9681
22.2427
83.7879
53.8907
508.237
462.132
211.973
81.339
11.0772
105.747
364.53
17.8238
169.281
5.26495
11.0926
318.291
17.224
22.3872
13.3731
15.1593
9.22532
241.111
33.7442
19.1884
19.354
462.098
233.596
18.8546
37.1807
21.5543
10.9008
3.32725
40.9427
95.6058
494.157
412.557
20.4815
15.9728
27.8211
41.0948
197.533
346.957
59.29
31.8259
8.77139
58.6028
43.8967
27.5748
18.9503
498.83
9.53972
20.3601
329.099
562.555
384.836
27.718
226.93
239.559
21.6252
28.046
365.041
247.765
242.477
374.942
8.91373
20.672
28.4971
30.5901
394.901
63.8872
230.528
145.594
198.845
310.402
491.584
34.6486
16.8428
120.906
485.698
207.8
194.941
363.717
8.82214
20.5165
11.6574
72.8037
14.2981
18.4359
302.109
177.902
210.232
15.0873
44.6571
101.376
357.141
13.3478
432.261
155.294
533.003
142.236
367.664
13.2561
338.13
65.9642
146.251
340.71
10.1162
17.1989
414.419
9.53352
406.349
157.664
210.313
79.8059
49.9725
262.458
7.87711
10.5249
7.92898
55.4076
10.8417
94.2581
24.2251
354.83
2.41805
238.342
255.581
68.6429
355.82
47.4774
99.7166
22.9251
11.3699
558.909
126.721
32.8401
311.846
-4.9901
116.481
46.0675
13.3059
318.048
241.829
402.446
176.896
346.24
167.678
380.233
-63.2951
16.1325
294.378
287.29
10.8255
19.5083
6.90436
526.988
260.94
109.895
10.652
339.78
17.2397
17.7063
29.8751
299.623
51.4486
360.837
-25.4964
178.689
10.4144
53.1979
68.6337
325.05
243.918
19.1116
211.696
9.44945
395.4
20.9926
460.31
287.883
384.628
64.5095
20.0363
7.60253
19.399
325.046
27.7431
20.1017
213.542
286.627
518.596
106.089
414.274
11.7489
269.383
127.745
10.3691
8.1672
73.3837
182.885
304.783
17.6018
12.3417
22.7114
120.042
10.421
17.7654
410.003
21.5285
21.3824
453.061
391.684
19.3265
61.2884
19.694
402.726
527.521
71.4483
19.0747
256.652
25.3963
26.4894
175.05
10.2116
28.03
23.8062
198.966
187.945
16.8568
131.411
9.49282
22.0234
20.6073
325.709
437.999
20.6214
159.048
464.906
17.8624
18.3179
55.6344
180.867
344.027
374.631
570.444
9.82993
175.612
22.0396
176.326
172.042
142.453
267.701
172.247
39.4897
18.656
210.783
52.2858
171.384
20.8821
160.821
28.7742
26.9645
383.576
184.745
81.9882
326.167
386.179
284.679
238.599
149.115
208.225
235.716
24.0046
18.7108
9.49373
239.005
310.165
151.048
60.1267
11.0818
171.972
16.7112
141.531
104.032
20.0896
10.8213
100.124
123.537
243.242
355.942
443.606
223.495
520.343
246.16
11.4357
191.814
294.893
92.1296
8.10303
227.452
10.6267
8.2723
266.806
97.1693
512.497
10.3311
13.0672
165.422
242.59
15.7022
182.03
10.6539
387.75
148.253
354.376
377.003
4.36926
489.023
12.366
516.029
32.5118
169.812
25.3887
17.5276
9.07856
11.6683
10.2684
19.7848
17.0433
15.5046
136.246
214.636
58.8469
17.6931
306.166
337.816
33.1027
358.432
318.577
438.403
319.281
303.013
242.079
138.824
371.711
392.248
28.226
71.1339
37.1261
184.271
27.1137
69.0048
206.803
16.5766
110.372
283.576
149.513
101.293
145.868
20.6843
22.8251
6.54047
23.9137
170.357
246.652
129.066
149.934
7.17428
164.149
375.849
28.3669
47.2689
18.5132
243.674
20.9303
32.8912
494.141
99.1673
142.243
16.9983
32.813
46.7509
116.458
324.541
296.596
382.151
65.6722
313.547
13.2828
20.3124
11.0339
28.7274
15.6024
9.1601
262.28
455.457
113.499
129.783
21.6712
266.718
20.391
102.115
520.283
7.55421
10.3941
389.191
16.7258
268.566
12.9697
83.0705
129.889
317.181
253.58
462.846
449.631
197.03
13.9875
479.908
200.068
506.849
472.862
33.3738
90.6162
232.99
272.633
16.3986
7.82275
20.6169
29.8157
200.804
20.2577
8.39103
10.1802
436.088
527.649
178.606
23.1772
183.956
9.38561
13.3835
405.506
259.76
8.89077
268.861
42.4335
484.506
13.1949
248.263
301.75
521.058
288.383
404.902
317.94
89.3877
244.229
18.9336
407.24
135.892
180.071
8.8275
111.584
414.912
91.3452
153.976
5.37491
204.831
181.357
247.223
322.57
453.516
273.999
532.298
94.9785
15.8093
12.1161
166.183
14.511
18.3182
14.8701
8.05781
185.953
88.5949
18.1511
56.206
55.788
26.5932
24.8169
74.2197
34.0762
517.099
12.8241
139.016
16.1435
19.9105
168.218
14.385
81.2151
9.69962
300.291
18.6366
469.257
17.9862
172.172
10.1176
21.4779
26.931
204.912
93.73
76.3016
341.623
74.0463
377.477
6.35979
102.24
16.4064
180.907
8.99934
75.4269
19.146
60.0748
85.3478
14.5653
313.198
283.259
381.862
19.1818
106.048
535.853
322.059
92.5846
110.379
19.1604
17.3778
18.3263
11.9828
141.032
18.5951
193.964
11.8003
12.3842
404.166
169.492
96.1621
73.4835
65.4359
27.8096
208.735
378.788
342.833
106.445
328.148
302.479
28.2286
254.599
168.103
158.766
499.503
208.449
115.049
509.368
437.595
162.173
383.136
175.361
255.388
17.0398
22.1344
206.457
318.426
98.8455
21.3492
11.8317
354.082
170.2
396.324
46.1447
251.955
10.7707
20.3115
15.2616
9.28996
17.3555
370.466
225.72
15.2071
303.398
334.439
198.019
239.735
335.785
148.869
18.0066
12.0772
64.4208
317.903
380.916
170.577
251.335
11.4272
10.4889
13.3769
16.4493
543.815
18.7649
221.073
267.435
369.882
203.085
7.79935
98.9735
364.188
12.5938
414.207
379.852
9.9996
308.205
22.1811
315.578
373.326
18.7116
318.485
367.01
51.9126
17.6489
18.846
188.265
88.9539
170.1
4.33961
5.42357
307.692
196.196
16.4963
292.8
176.943
350.145
414.169
10.3863
94.0193
295.495
15.0641
152.176
143.585
205.455
411.238
11.23
22.3951
91.0239
149.513
306.754
269.621
9.83963
112.747
224.613
167.737
333.029
273.822
215.716
83.6684
241.216
19.4953
8.85502
173.894
17.0281
132.514
39.6437
181.972
20.6133
17.0383
6.92329
244.778
171.562
96.8388
285.57
374.68
22.1862
-55.8617
296.138
52.1466
449.498
72.2912
55.9667
10.7962
163.059
405.976
252.506
24.2819
171.528
547.345
207.086
471.165
16.1947
34.1641
333.191
298.449
411.63
230.906
346.882
92.7393
10.7401
255.038
180.064
52.665
365.853
243.424
335.287
370.494
22.2755
122.059
3.44857
404.826
51.9238
-0.320902
123.832
32.0521
17.963
21.8973
191.05
20.7734
39.3594
16.6928
6.79068
517.058
18.3597
395.851
295.933
185.365
272.056
205.185
316.671
19.3295
223.108
252.786
99.3534
297.267
12.2093
13.4823
82.208
22.9066
352.049
19.2987
8.97505
11.5187
15.4494
81.1016
30.9242
46.34
18.311
207.062
7.71464
13.8907
19.6091
245.372
11.7793
16.3434
169.073
137.302
22.7285
181.93
405.092
24.6273
90.4205
74.4514
23.4624
243.082
278.938
358.298
101.456
145.546
207.919
19.0155
63.5193
21.0436
235.822
416.357
196.479
96.5268
175.477
185.406
432.35
42.0524
19.0777
16.4754
19.7384
502.323
6.04399
404.46
439.602
385.209
32.9965
365.819
239.634
9.05438
15.2006
352.483
210.893
23.2513
17.7978
388.626
281.376
426.329
23.9889
14.2471
208.117
82.715
154.048
18.5175
212.15
149.719
408.161
139.248
26.7544
317.343
349.005
21.0417
228.387
254.574
52.6891
364.418
200.394
249.291
6.31549
67.7422
8.93259
17.3106
123.808
514.074
54.12
317.455
15.4529
18.8811
425.599
320.633
260.319
243.739
155.546
17.7089
263.538
16.8406
117.711
6.71783
274.398
242.894
139.328
18.293
25.4784
81.7163
435.469
19.5249
18.9205
35.4743
237.489
20.887
224.629
66.7224
260.108
241.9
11.6273
35.6154
32.3141
244.794
239.903
16.6627
261.386
73.2121
6.37598
177.627
18.7761
196.046
11.6808
455.197
9.90877
91.2079
405.025
31.1021
497.374
153.878
176.375
15.2979
556.534
196.788
24.5368
94.7938
414.306
276.506
19.2057
15.8343
11.5131
472.539
210.102
103.11
271.914
16.4193
151.498
117.348
62.3038
127.692
6.97295
10.8169
532.07
307.47
252.525
21.7025
362.313
30.7796
83.8491
70.946
51.9827
12.1198
96.0984
40.1678
15.6044
9.32008
9.52767
18.4413
125.38
250.891
21.8392
93.9284
15.2525
97.3325
537.54
90.3946
15.5352
272.064
388.094
238.821
19.272
25.5394
18.3788
19.5401
460.979
3.55477
292.24
52.444
12.4102
108.643
234.781
56.0828
92.128
130.074
407.548
227.161
81.3985
179.55
18.4261
357.134
348.363
234.351
21.7487
155.68
253.496
9.06106
174.047
306.052
17.3783
117.564
570.173
11.427
486.358
248.996
546.677
21.1648
433.494
367.523
256.383
255.126
561.008
15.0351
35.341
341.09
12.8238
333.089
9.61959
23.4284
110.917
99.7177
430.446
323.206
186.988
285.965
13.5771
96.397
340.157
407.361
146.353
17.1179
551.324
18.83
276.078
510.509
277.664
208.532
117.606
290.623
287.925
21.2754
216.662
55.6568
482.626
15.8445
460.621
240.428
82.153
115.423
240.415
63.3771
14.2482
27.0654
504.208
209.869
262.91
413.099
323.186
390.69
291.982
27.5184
514.639
347.464
56.3628
16.461
8.14182
344.005
385.8
14.7188
17.7854
79.9928
294.41
180.13
290.81
17.4858
278.414
4.91793
7.54896
335.051
33.3999
241.319
32.4065
375.074
22.783
208.098
277.268
348.196
33.194
12.7443
29.7532
252.703
242.798
11.7552
20.0018
365.806
96.6072
22.2996
13.6693
451.477
459.173
117.423
399.614
456.789
168.798
20.8339
180.677
11.3955
162.188
18.815
339.44
12.6374
17.0424
508.864
25.2935
77.1665
101.395
403.807
27.7295
146.972
433.429
7.83163
255.697
16.7329
7.3302
144.567
19.1634
232.404
79.8583
244.645
424.905
281.471
146.065
16.3513
153.9
6.70685
163.834
83.4903
195.397
167.165
405.64
13.8818
19.1788
240.169
29.6931
237.163
78.0981
4.94967
376.096
435.993
140.264
290.066
15.4223
460.336
6.2324
498.795
139.892
281.14
9.83228
229.981
104.4
151.407
18.9154
328.066
308.066
62.3253
110.01
285.779
367.125
275.818
77.8384
14.808
368.42
15.0527
79.917
22.4689
59.8152
486.164
69.7631
322.593
551.631
228.083
122.717
16.8139
68.093
15.5535
22.6866
366.179
187.979
498.201
332.686
6.19
178.673
246.294
15.0813
54.8165
335.233
16.0709
217.309
35.4645
25.4676
14.8914
10.2972
18.8462
44.9157
19.1785
18.1079
249.141
20.8685
16.3988
19.4815
331.95
184.649
194.873
520.122
11.9264
15.9957
78.4419
90.0824
227.736
352.079
100.903
21.2405
134.6
449.439
20.0854
45.1875
24.0408
137.539
163.715
21.1308
244.409
427.614
17.2433
487.197
179.183
84.0206
18.2718
18.0104
49.4825
20.2682
11.2109
521.479
484.126
230.676
63.2888
124.044
168.308
19.3749
205.734
15.1479
362.218
11.1703
16.2754
401.067
227.794
305.996
93.8225
102.75
470.332
27.8705
52.5595
8.57128
312.896
12.1914
194.819
360.591
408.656
453.116
113.873
366.927
290.622
42.631
187.594
213.947
76.5809
9.27293
21.6801
16.525
21.5157
293.874
172.052
-4.78381
259.779
182.224
275.884
124.431
22.777
53.7086
39.0618
228.913
18.3363
479.415
11.3501
520.401
57.5917
160.681
11.875
222.83
562.929
477.532
15.9204
15.8607
232.657
-43.0828
13.1817
426.949
19.5894
118.29
17.6151
19.9941
15.2348
10.4117
270.223
38.1984
18.2887
27.233
13.2559
21.4668
23.2773
163.046
202.013
11.3019
188.859
13.3829
208.617
13.8791
64.209
510.564
9.78167
49.9425
288.866
206.336
80.7318
287.892
31.0766
40.8116
16.5022
446.554
244.0
23.1583
17.2674
21.5254
439.856
211.508
160.82
184.003
14.3421
245.254
13.2748
173.235
22.559
12.0682
88.0597
14.599
19.8578
359.731
464.676
279.648
5.5157
20.5896
204.575
13.8601
405.625
306.092
286.047
240.01
194.809
392.602
553.874
17.802
19.1729
317.412
328.722
17.466
9.87854
15.8334
10.8102
19.522
22.5478
248.331
319.581
8.63158
103.67
81.5077
11.9561
302.475
4.91062
133.024
14.6833
239.399
237.718
317.611
322.687
406.671
418.724
445.718
401.568
18.405
22.4647
241.771
225.525
10.3196
9.12783
188.204
445.136
400.134
290.433
203.266
387.066
499.579
436.196
5.11728
18.4741
20.8468
10.961
11.7706
335.599
20.0228
18.4967
125.008
66.1936
149.999
27.8326
12.1711
117.233
18.9107
367.509
21.2281
34.5743
23.4376
38.9724
486.873
342.095
201.844
253.588
327.415
452.134
544.19
221.004
38.3799
496.926
15.0372
321.573
369.412
170.429
12.7521
272.773
9.08704
202.761
379.878
362.269
461.721
459.01
22.3553
74.837
104.997
329.051
11.9807
408.431
259.014
26.3303
270.511
11.5833
18.74
11.1314
13.7223
59.3152
256.821
13.6501
225.9
136.04
20.6897
393.38
353.769
305.824
95.8074
130.822
51.112
101.949
417.567
266.741
218.064
4.93011
177.553
20.5185
14.7392
435.424
96.1338
12.9431
417.403
88.2718
322.628
20.046
282.723
336.549
19.4576
15.7495
29.0076
17.9675
294.34
269.96
402.587
7.79095
95.6101
20.3202
390.322
21.7628
183.087
17.2146
24.2835
128.88
4.60809
247.249
178.854
56.9845
16.0637
177.555
277.357
12.0726
305.61
14.5619
7.03378
394.942
70.4657
19.685
17.8236
347.055
76.215
19.6232
317.918
298.745
15.8782
164.201
20.9626
312.534
171.068
102.741
246.045
338.56
438.814
210.125
11.6928
14.4586
20.4942
264.48
15.9903
402.984
565.912
230.196
18.2735
23.1137
12.5754
55.6107
25.4641
26.2239
142.425
256.756
72.3393
179.793
44.5029
11.5325
197.509
22.2087
16.175
162.403
74.1918
199.481
510.574
199.385
180.956
36.2478
496.396
344.331
251.009
246.873
21.1043
10.2628
154.243
265.232
238.193
20.6307
85.9023
312.952
169.427
5.03581
17.5128
8.04787
22.8847
197.289
243.192
237.899
229.768
353.383
46.8645
73.5442
131.375
73.815
147.608
467.32
20.2772
26.8077
42.493
130.585
76.1846
199.906
383.213
170.908
373.82
249.045
34.5247
229.623
18.4238
114.123
14.9844
144.777
367.572
259.98
375.904
15.7783
9.27325
19.4121
16.8874
28.0215
21.7709
385.545
493.209
15.8523
168.581
39.729
442.638
19.227
185.755
12.1142
22.803
11.7173
10.2224
55.5661
21.9554
20.0756
18.6657
434.657
8.31276
18.9822
21.443
393.545
1.98061
46.2677
21.1502
317.327
31.8574
18.7837
148.967
202.078
335.255
511.76
21.9272
316.394
158.529
191.936
22.1358
125.681
207.985
23.7595
24.1082
75.8397
29.6794
350.377
24.6343
68.4001
405.768
347.72
100.768
54.3994
152.172
409.492
327.541
17.641
12.5243
430.695
19.5978
336.895
242.097
431.583
403.969
12.8623
150.495
18.8874
170.231
187.94
178.9
150.66
520.787
58.5109
22.179
99.7776
123.88
567.958
3.68896
405.188
384.363
65.4672
412.239
473.5
318.996
11.1684
20.1359
547.732
13.236
16.7972
19.1934
15.1863
16.6978
15.8442
206.738
428.952
185.059
288.09
56.8507
8.49968
5.77668
19.0634
93.5814
250.061
52.6257
23.3191
6.5201
280.763
505.007
65.0387
124.3
34.4924
214.245
223.01
21.544
343.994
279.066
155.883
19.0342
135.231
388.789
12.505
8.14786
43.3308
259.423
336.022
55.8656
501.436
27.0333
393.838
313.916
12.1988
46.6659
24.9161
15.8501
13.7555
168.335
19.7657
76.9999
13.7358
177.326
15.8201
432.227
397.527
408.672
10.6855
383.858
478.846
51.5578
160.573
384.008
261.79
400.442
30.5639
11.7293
152.636
8.30527
161.143
118.353
339.651
14.4805
12.0925
18.2484
431.072
46.7609
46.428
4.96468
22.3694
51.192
19.2105
356.07
412.547
45.8955
16.2306
144.841
18.0384
181.241
13.7683
47.5925
514.985
18.1984
365.494
371.906
171.704
111.697
18.0882
23.2974
63.824
164.021
17.7238
476.772
412.739
10.573
195.648
21.1328
100.259
242.254
539.185
23.8535
25.6866
102.074
17.7753
307.871
252.35
163.507
19.1467
131.325
440.152
22.4023
17.2293
61.9587
8.72361
207.224
370.16
495.354
247.823
376.127
373.453
22.7743
20.4053
14.8971
306.108
457.529
156.573
24.4133
23.8529
31.9997
286.228
31.3946
88.1118
202.882
144.699
457.814
367.844
303.824
312.423
237.905
96.0551
156.027
19.5412
16.3719
164.399
10.6925
145.658
12.2878
86.8925
237.717
219.773
79.6666
178.641
176.552
185.569
19.0904
16.6095
122.999
21.7004
116.729
414.743
15.0994
256.995
16.354
332.34
16.0131
212.404
344.917
157.349
387.74
18.8278
373.414
81.6812
316.108
130.362
113.317
22.1159
194.2
185.006
211.53
301.801
370.918
247.4
93.929
14.1977
16.5523
311.872
164.584
19.1424
19.0372
9.89096
190.218
11.1777
309.002
33.8264
267.177
127.706
389.524
9.13579
54.0447
120.548
139.663
26.9141
284.458
15.7459
130.524
15.341
392.165
418.815
173.152
209.845
376.493
249.253
197.136
126.824
7.38989
187.741
59.9727
188.656
136.409
459.365
19.061
26.3186
321.181
156.395
25.1412
11.5656
174.32
10.1017
65.2597
8.20448
19.7489
103.31
19.631
22.7821
4.46448
5.65645
380.677
304.671
14.1311
202.184
22.0567
111.17
4.26758
445.419
14.6137
266.932
184.359
14.799
126.576
8.94726
12.9471
19.15
17.0523
19.1721
18.8648
428.343
22.6498
178.969
383.183
23.5836
123.015
22.7686
241.709
98.8372
112.74
15.461
156.9
291.195
425.095
11.8161
18.8748
18.0609
12.8885
10.292
30.8717
187.372
158.69
27.408
352.188
21.6502
406.32
16.8464
308.498
285.067
41.8779
12.8938
543.262
16.6544
33.7837
15.6974
20.8789
498.201
11.409
203.361
466.056
12.6988
382.283
16.783
171.159
194.21
131.254
56.1273
153.427
19.5126
418.697
178.536
89.7806
307.382
301.214
19.1152
18.8895
12.6242
157.588
7.0165
20.5931
19.8892
498.545
274.243
278.78
22.9796
11.3626
151.38
16.0543
25.6146
16.5019
114.266
15.7749
48.7088
275.324
17.1257
158.377
10.1779
167.08
17.2271
139.119
479.756
503.31
244.233
10.2308
308.406
303.942
119.58
53.8242
156.284
188.65
17.4115
311.223
227.4
205.234
142.826
4.94432
22.6892
1.92439
67.7797
146.853
10.393
15.4299
336.44
291.957
294.244
207.558
283.179
186.044
174.581
16.6433
450.462
94.0356
149.404
60.8758
315.366
301.975
447.839
135.279
13.0392
221.695
273.883
16.3595
152.256
191.31
64.6659
3.72891
23.3385
277.65
321.244
4.92995
35.8295
19.9771
131.845
24.7362
90.8309
15.5185
166.839
10.6127
134.715
10.7607
244.164
531.936
439.474
16.8489
290.549
4.04816
172.994
227.795
220.454
335.223
97.6638
21.7533
62.6373
229.291
281.441
418.434
334.531
238.796
121.155
507.514
10.6047
17.676
235.274
127.56
5.64486
495.649
11.7816
356.426
55.2815
238.08
331.158
378.757
478.348
33.4869
107.411
558.557
14.5928
22.0111
171.38
284.771
24.5416
20.4162
16.2193
23.0882
172.496
373.541
257.04
71.1418
487.156
17.2693
515.229
23.6545
289.91
336.81
164.421
267.488
507.437
315.465
23.3432
66.0934
409.315
507.322
6.19019
15.7065
169.034
139.883
207.119
9.24249
350.993
391.442
15.6008
17.404
309.381
270.702
20.4662
378.087
375.15
191.835
211.468
22.5281
14.8275
13.3181
122.16
480.069
182.456
7.31944
171.125
250.113
4.65644
45.4637
211.984
9.61283
19.0311
517.497
24.6021
22.2373
25.5231
44.5447
404.37
24.5745
22.2838
5.58488
202.536
340.796
14.5508
132.108
335.485
81.8194
132.34
376.595
51.5311
252.124
13.8586
9.77551
503.761
21.1933
349.472
163.724
344.08
427.499
153.918
196.654
9.20371
12.7985
185.102
454.019
150.967
13.1649
14.7214
257.662
352.451
258.227
456.979
455.506
265.731
19.2245
322.871
60.4644
130.958
23.8321
208.359
31.5429
6.95083
377.938
24.3138
18.2979
141.151
251.064
275.762
23.1183
356.173
11.2461
19.7497
332.082
13.3811
352.805
374.182
11.8087
98.9803
80.6073
335.543
322.146
14.4459
16.7511
138.743
17.1787
141.379
171.333
510.682
413.835
403.967
8.85395
415.843
319.904
485.285
4.90317
112.449
41.5854
31.0379
271.37
14.7389
15.4524
39.9318
31.4225
403.134
30.0217
173.213
117.225
7.86037
207.673
103.936
38.311
197.696
17.4396
350.081
467.264
154.397
273.671
12.1173
13.8819
19.5299
206.317
524.978
63.0378
20.9083
493.816
66.4434
173.74
11.4828
32.6509
15.7594
264.452
13.614
23.37
419.508
142.777
413.332
27.6502
66.4256
18.227
348.938
158.806
20.01
21.6583
392.228
265.651
405.376
33.8379
308.464
86.6742
15.6856
425.031
270.132
397.307
373.348
403.256
327.083
15.3184
18.0824
11.0592
239.997
66.6782
129.849
223.704
296.196
148.482
261.977
402.951
266.847
280.372
12.6804
88.1449
115.008
278.95
25.4066
92.0528
290.102
162.804
137.002
512.597
11.6566
10.043
290.659
92.4798
187.767
17.4364
161.45
327.921
60.2549
315.841
8.11155
289.343
127.506
22.4745
61.843
348.181
204.594
21.0839
45.9361
307.336
87.7735
530.276
150.682
145.364
19.9955
402.093
334.827
188.1
87.148
391.804
309.65
261.941
9.72389
151.497
16.4009
12.4101
168.935
396.648
212.459
307.43
79.5218
72.3233
449.241
46.7534
7.35459
12.8338
167.63
76.0713
21.5443
65.3065
53.6791
20.5259
16.2327
42.2044
7.82393
362.481
21.2688
121.509
7.21575
56.8779
293.655
239.768
114.561
317.31
18.1861
140.881
133.901
294.688
18.7092
41.0547
213.338
330.114
403.611
359.876
263.995
19.3502
144.396
188.651
500.986
27.3885
23.5144
7.55253
9.76916
550.215
21.2092
400.306
403.234
301.85
338.453
4.50169
60.3041
16.2978
146.449
31.44
108.652
255.952
21.7795
215.994
297.642
82.4056
23.0862
20.8398
400.253
224.941
401.772
15.1907
368.122
128.252
15.406
464.981
15.5473
290.685
278.234
20.352
10.8821
493.608
459.883
21.7623
201.1
409.415
275.846
54.7272
102.737
83.7604
170.417
488.102
311.27
13.0515
312.608
165.996
9.89581
211.89
47.8179
144.319
375.348
61.83
19.6756
109.794
40.9116
6.48725
83.3697
12.9558
22.3986
362.641
224.58
411.778
86.3986
13.3083
383.756
104.418
444.657
324.638
15.0943
259.356
22.1218
168.207
274.822
316.305
242.53
13.5436
422.782
20.3664
43.06
10.4716
264.527
292.359
124.159
23.4396
83.9547
28.727
53.9364
233.397
257.355
77.8144
20.2358
79.7432
20.9651
10.8515
399.699
8.48289
186.528
159.998
249.099
344.76
399.601
167.499
263.533
353.27
413.278
199.831
276.972
312.37
13.2862
502.04
189.357
27.5724
498.298
183.992
204.528
16.8182
7.2529
153.272
410.96
474.998
18.5678
397.22
228.454
46.1098
130.752
310.235
41.4796
270.363
13.1493
12.6733
9.71144
336.871
97.9734
434.963
19.4659
19.6455
15.2741
429.312
266.517
18.2894
78.097
315.363
157.736
84.2962
219.131
515.203
125.996
270.629
335.23
276.585
448.849
7.03891
112.945
22.023
175.284
12.6314
152.755
286.326
405.983
134.793
4.72089
121.21
45.7544
17.0829
10.3331
165.073
67.6572
103.343
52.9849
16.7211
32.2867
223.467
20.5505
20.2741
15.2352
17.0446
13.2886
360.966
439.151
7.68047
18.7379
112.453
92.5598
49.4102
36.1704
267.049
335.331
10.9324
320.797
55.9904
20.2971
65.3732
277.359
13.0488
17.2518
35.5789
13.9633
17.152
427.069
536.814
20.7247
237.068
21.8056
235.757
461.076
468.237
112.231
15.2487
184.989
391.479
222.203
367.098
166.357
17.3672
246.048
57.5849
383.913
17.9319
20.3299
20.8618
429.478
297.552
329.711
436.648
89.4353
73.8577
17.1912
28.849
310.855
232.757
18.3584
258.649
252.571
11.2791
315.437
311.363
14.2776
477.06
205.913
274.604
172.182
200.963
16.1567
121.559
109.022
405.12
135.767
19.805
17.504
80.108
9.70691
274.664
22.3518
12.2631
9.26186
201.614
21.5752
169.256
135.826
222.722
111.235
138.358
425.682
10.6148
22.1901
313.685
4.69843
214.852
64.5431
126.387
19.42
65.8691
17.0561
15.6627
29.5203
173.085
184.11
4.73608
85.5672
23.7125
24.2779
357.866
6.7879
124.63
114.197
227.61
12.5898
156.909
23.9589
186.625
4.58257
21.4595
25.1118
14.0059
418.05
158.077
13.895
530.829
232.164
482.949
133.488
325.542
18.73
332.992
9.02687
311.591
282.691
218.765
78.5088
523.008
5.15507
7.93449
498.882
431.183
285.165
70.9379
175.467
231.66
77.3834
304.655
329.094
49.2283
16.6159
41.3411
103.388
198.545
335.673
160.844
406.257
225.388
10.9523
21.8988
33.1967
441.735
331.529
9.81625
178.928
265.078
232.539
429.972
19.0758
475.735
175.516
238.094
10.081
16.4824
120.954
112.455
307.974
334.622
217.397
12.0477
15.7578
18.4903
20.8566
312.122
198.988
22.8803
212.71
22.2955
352.765
109.443
18.6764
12.8934
524.572
19.2307
19.4343
496.669
15.6319
475.919
16.8527
148.725
5.93664
21.525
19.7462
218.994
18.9043
24.8978
26.5808
80.5055
319.705
234.888
17.4374
300.318
22.6426
294.497
12.0877
363.097
82.5683
22.4535
134.31
18.3971
473.481
11.2562
21.9621
10.9868
408.863
81.7695
420.021
89.1798
80.351
10.2995
140.078
440.226
468.876
85.5745
35.1161
3.20239
137.456
334.283
485.483
39.5758
173.894
13.1564
100.406
48.3662
17.2425
175.215
204.283
14.3521
439.983
151.148
214.88
73.3216
32.1959
10.2536
19.1994
13.71
161.081
191.455
418.191
220.966
11.9308
158.093
12.6055
351.722
314.512
406.241
14.3371
207.628
446.626
220.897
174.014
212.394
313.699
311.353
89.1006
195.909
12.8002
339.908
12.9014
39.0484
17.4698
248.808
369.03
22.8718
203.859
150.171
383.298
99.0855
260.488
245.667
479.329
16.4093
17.4621
379.626
16.0619
8.80488
339.262
30.4403
20.7864
238.084
19.2414
171.761
326.771
11.8736
305.025
15.4807
76.8998
50.0127
431.943
20.4968
8.84195
509.003
33.5907
342.613
11.338
429.353
260.877
275.037
29.6845
7.51055
18.6513
19.7127
29.153
17.2632
405.603
20.3055
537.935
511.365
254.521
276.865
369.704
23.4386
13.9727
394.479
152.021
98.724
239.77
244.136
22.7103
256.324
12.9157
275.62
9.49671
18.678
288.728
18.5228
50.413
398.808
6.81089
72.6742
296.664
147.833
269.493
359.189
16.7177
74.7531
20.8007
171.561
122.863
248.267
23.4762
14.713
162.243
19.7619
68.9225
259.787
409.288
345.771
172.478
28.4728
212.952
400.896
339.798
386.964
374.568
141.101
254.902
19.6703
535.233
21.9704
29.8741
22.6373
419.516
9.0881
120.982
551.693
386.479
349.24
48.4634
366.491
11.8052
109.846
15.9131
182.88
11.1427
206.796
22.465
8.59054
21.5068
26.439
21.0062
162.152
18.7512
424.21
116.721
12.1359
287.053
143.429
437.804
353.365
11.1478
123.978
487.359
149.157
36.9776
207.873
125.595
209.78
452.046
213.745
143.87
194.718
244.34
19.3869
254.989
90.4379
17.4185
24.349
7.13924
205.543
81.6617
360.59
221.56
484.662
85.053
76.9696
299.294
259.977
252.216
343.564
124.514
8.41704
137.268
20.4074
10.2755
17.1949
227.447
71.5434
4.97756
259.652
31.1731
59.4135
379.848
154.884
94.9052
19.0928
249.712
426.975
92.1246
441.858
184.275
37.3945
10.3824
14.3094
18.149
208.822
31.8423
170.719
404.89
158.389
18.4631
19.7698
198.159
8.94212
15.7061
259.011
252.653
35.5899
506.562
26.4919
8.60869
63.0548
390.578
520.295
19.5887
21.7621
429.386
11.4561
378.712
111.207
23.0154
371.726
402.267
136.082
240.103
263.491
385.085
220.543
6.16123
87.5908
32.3017
11.0103
28.9859
22.861
11.4393
61.0315
237.254
367.315
185.227
479.834
174.942
14.0577
359.827
361.957
443.487
19.4228
15.4131
84.5105
171.111
18.7848
393.302
83.7339
390.722
17.3142
255.499
14.2859
70.1474
8.80484
234.905
279.379
479.234
346.711
287.145
17.5605
5.06407
427.363
13.9774
69.9589
241.922
69.771
21.6373
216.582
237.818
495.135
24.1402
404.614
43.8718
9.7294
24.2409
10.8195
204.983
59.0703
347.23
90.9678
194.493
491.734
6.37335
6.92128
262.239
288.517
111.595
123.161
94.0885
4.27315
16.4679
7.48837
49.8117
111.389
321.924
80.5683
8.8913
547.308
331.817
299.593
488.457
213.124
10.1437
67.2466
67.4567
14.2653
13.5504
436.106
80.6643
216.419
198.422
54.816
118.566
20.2823
310.366
14.3291
494.434
311.219
64.6406
14.9933
13.8122
338.97
132.286
13.0213
264.987
130.339
9.73152
22.8139
16.0226
26.3066
11.3038
78.4756
16.848
76.4657
355.982
535.997
162.072
90.9623
19.9155
3.46547
11.0711
12.8465
56.4496
406.571
202.575
5.00042
55.0317
26.5205
104.347
21.7313
260.93
216.965
109.097
187.203
64.5298
112.763
476.992
9.52722
18.0967
20.7919
140.636
265.782
369.758
166.389
61.5921
153.073
87.3995
357.923
18.8396
439.083
8.59889
232.551
344.501
15.7818
22.6128
450.675
356.162
288.361
25.3397
18.3575
10.6041
240.8
55.562
392.541
301.34
302.966
297.375
304.978
142.265
19.3476
84.5607
116.721
125.995
16.7801
156.997
146.234
18.2187
17.4402
323.095
65.6681
190.698
333.814
19.4768
179.243
368.062
417.07
18.5394
174.267
382.287
112.536
100.362
19.4107
161.977
267.319
56.884
7.75375
79.9468
157.936
4.01613
507.189
18.1982
13.0967
86.085
18.7708
334.857
8.29082
25.2446
536.421
236.949
22.8094
9.90539
11.0088
457.752
21.7856
26.4553
10.877
168.656
62.9597
25.2204
371.702
193.685
22.5755
443.229
51.9588
246.001
22.3986
20.3791
215.27
23.1231
25.0029
5.20525
61.7219
6.97756
15.3992
27.7103
179.526
395.413
15.3642
72.705
100.336
14.0561
69.5752
14.6883
20.6068
267.384
124.202
123.842
21.6488
205.309
54.9598
68.5775
183.629
431.019
18.2448
350.108
243.149
548.913
422.882
138.913
9.9185
4.45812
11.0845
476.359
22.4382
379.124
433.4
5.69465
7.62679
176.816
48.1564
60.3242
15.3038
132.077
6.8875
17.4949
300.351
41.0749
235.353
7.35114
35.1585
14.5031
252.443
505.166
132.883
60.2818
22.9718
14.8099
25.3231
428.374
443.699
161.681
188.642
14.5887
20.426
24.6815
388.513
45.2582
119.847
79.2221
1.60279
335.335
55.6033
187.238
258.222
97.7788
244.23
502.485
10.2535
141.812
15.7884
9.8975
102.641
13.6488
307.461
156.769
345.957
368.238
396.433
374.735
24.7629
333.167
15.8328
22.2824
8.07688
179.779
18.2601
13.8383
197.711
206.461
19.0927
107.477
9.67098
380.706
15.1164
20.6979
165.841
201.487
303.432
289.54
211.532
263.584
409.024
19.8309
194.469
78.3098
14.8007
144.179
115.562
80.7752
48.3692
404.059
126.069
19.6276
113.494
16.2652
15.8686
442.363
376.837
38.6291
290.539
19.6
400.913
131.723
368.541
382.501
10.6845
11.6569
23.3581
138.471
138.883
541.501
134.367
420.875
308.342
21.1307
209.817
433.674
18.2137
246.199
279.743
225.155
9.43283
12.6108
499.675
15.1703
444.601
289.762
212.096
405.074
359.484
40.5218
273.152
178.481
18.5915
357.223
313.951
363.438
19.8472
12.8901
153.936
69.5829
109.914
110.55
574.993
190.536
307.428
115.536
20.8465
59.3015
242.648
22.5096
160.718
143.439
433.219
270.257
19.9702
175.639
248.229
7.01121
158.621
190.633
14.8068
25.625
-5.59986
37.0564
126.222
10.8821
403.434
355.954
448.979
20.8157
12.4152
104.144
20.7315
385.471
242.512
206.771
543.831
274.583
18.255
127.684
199.308
49.2564
356.399
20.6244
23.9704
297.01
368.285
268.831
343.078
24.3169
3.8668
191.526
249.533
11.7689
17.5913
21.3601
7.32449
292.379
488.273
7.0004
391.967
13.6313
92.4251
14.6242
99.4832
152.557
374.801
23.6211
57.1896
22.9277
173.673
476.602
10.5782
311.91
147.857
230.324
17.2064
98.7204
14.7566
17.5455
10.0027
4.89795
240.299
111.637
537.406
117.454
18.4835
30.7571
509.464
16.2461
198.888
103.318
119.867
189.686
293.562
111.997
272.033
351.37
376.064
26.739
16.7485
7.29346
98.4767
23.637
681.495
59.6734
4.86229
349.339
201.611
348.284
136.362
14.8761
249.08
342.352
190.46
234.613
20.0754
200.807
304.2
16.9769
457.217
300.406
12.0639
453.831
358.632
320.405
12.6635
270.01
400.688
199.788
233.947
212.811
21.1522
258.279
37.8695
193.437
28.1801
175.518
11.1312
15.5383
235.706
320.066
351.094
29.7414
23.6454
96.7676
76.0477
4.74479
208.12
40.4447
64.0072
25.8743
481.854
87.0614
266.158
438.381
408.203
23.912
19.668
99.0029
290.039
21.7979
117.636
14.4253
516.668
390.298
182.324
305.651
24.447
19.4397
117.108
296.049
15.1354
235.407
141.764
234.377
429.131
410.624
432.302
12.024
9.72019
9.7418
197.476
335.79
213.41
10.8061
486.225
264.413
244.638
225.346
97.0654
22.7501
213.794
16.2613
241.35
15.0154
241.324
9.92589
15.0546
19.0032
409.694
47.7211
16.0189
207.322
12.3662
253.307
390.639
61.0713
405.146
51.6496
140.81
364.987
32.6111
7.20374
247.039
19.5986
385.351
17.3864
518.964
241.976
40.2581
277.755
69.2398
439.511
25.7667
162.919
120.597
365.947
293.515
409.219
266.758
281.239
393.16
91.2471
346.957
20.8028
371.941
15.838
107.749
25.6025
13.595
14.6142
175.71
64.3309
418.707
384.609
20.585
338.158
579.31
39.0522
64.0559
225.593
541.516
13.662
383.782
248.139
348.338
102.409
174.868
9.63993
5.02229
13.3163
514.141
534.355
468.225
33.8287
24.5797
329.548
62.9465
199.886
240.595
200.138
220.307
256.621
8.4815
419.266
25.6866
21.4345
19.1844
476.878
165.917
236.151
148.179
11.5435
190.85
5.71029
158.358
248.683
247.176
20.4623
181.78
10.5071
16.5941
227.399
178.743
10.3182
50.3607
395.876
70.4119
47.2873
32.8068
10.7919
332.521
16.9187
211.995
15.7382
87.9504
113.137
230.125
16.9811
386.289
294.572
18.0244
11.3533
203.493
313.451
120.707
11.4789
3.63259
9.53901
170.98
72.3188
560.381
402.033
156.594
18.6267
31.7306
328.83
368.722
42.0343
246.342
16.1189
9.42806
60.5767
22.2919
298.365
188.033
405.349
284.073
28.681
8.43234
551.492
18.2869
14.1501
63.4006
95.8235
66.8215
49.7686
177.182
14.2255
245.771
21.9205
184.493
464.876
235.186
180.214
249.501
46.0065
552.108
306.127
240.057
24.1303
17.5878
271.411
13.0312
92.35
286.344
295.341
16.399
324.131
182.111
9.25809
17.9081
18.6358
15.4287
15.7694
20.1823
120.794
59.7075
30.9875
21.4754
164.18
106.649
10.4542
78.5865
15.5364
244.542
330.765
210.296
268.532
285.637
360.607
22.0124
387.095
19.5061
283.802
56.1448
274.313
545.625
447.133
153.49
11.5596
11.0932
60.9875
343.713
65.3526
29.703
265.571
324.684
61.5921
138.278
134.939
205.152
22.9249
27.8124
90.916
259.432
305.006
19.441
283.22
11.7085
269.446
10.3541
161.488
323.332
119.025
206.417
14.4951
198.858
19.7026
67.4704
11.6572
10.1096
27.0702
221.283
322.173
11.9392
23.1759
317.117
279.546
517.855
7.48361
206.739
324.033
284.251
437.93
43.7049
15.9416
19.2491
333.693
454.317
52.6786
17.6324
337.083
5.22453
17.0384
52.4338
24.6659
420.997
23.7377
15.2622
203.961
15.3674
209.274
88.0946
245.627
10.0886
126.366
270.421
437.619
346.639
15.9332
351.818
20.0766
164.837
421.062
11.5629
255.738
26.4835
6.18386
209.013
15.9471
204.414
31.2037
29.0153
22.1101
123.229
25.1244
11.0071
256.014
19.4673
383.788
108.098
30.7109
17.0418
177.761
472.632
290.896
36.3167
28.2131
336.903
11.5002
102.582
204.056
21.6735
431.563
22.1043
22.7199
6.44188
404.034
11.6951
20.0196
501.12
292.12
20.2112
11.2277
15.4425
116.798
486.5
305.836
340.02
273.03
379.771
285.669
195.005
11.6308
23.3862
20.4623
360.905
22.8869
197.835
175.325
18.2057
13.7309
166.972
47.9293
238.961
24.8686
205.413
16.9151
16.4291
69.8607
110.768
395.425
80.9101
166.656
169.916
16.2336
256.831
181.479
14.674
18.0385
295.532
21.0175
25.1634
41.4709
232.623
245.897
12.9717
209.768
471.837
27.0338
147.145
12.4676
277.415
278.287
532.023
143.216
3.77973
57.938
19.5063
395.251
386.194
24.6946
169.504
130.832
364.799
307.663
15.644
363.662
85.1801
170.855
398.355
25.4743
416.943
13.9493
473.531
108.708
281.363
207.88
87.0198
12.6961
209.591
117.751
203.793
7.2592
175.992
309.486
259.299
25.8405
58.3886
136.923
284.95
23.8321
72.8456
168.284
82.3233
415.315
21.9477
224.253
16.5738
209.066
7.46247
16.2771
186.092
16.6325
181.978
20.7805
15.3242
8.63707
403.748
344.847
44.5105
19.6648
569.613
223.411
22.884
14.7005
74.5368
315.92
40.0685
285.273
95.5868
24.2963
139.645
309.396
18.9236
19.7932
20.7893
122.316
16.6972
56.7611
18.8566
16.8886
141.015
158.484
242.339
359.449
99.0187
8.45096
398.075
18.4158
11.5773
19.142
237.9
25.8169
14.4526
315.698
97.8146
300.937
169.477
519.44
367.147
24.0699
15.6829
176.9
249.132
15.9632
155.223
174.782
32.0187
10.5175
9.02813
43.0468
151.477
65.5397
18.9965
23.2116
11.7705
209.488
31.4088
397.014
20.4188
6.78505
197.682
355.487
410.976
12.7828
180.824
11.8695
315.19
4.50681
78.6341
101.414
18.7437
9.79382
153.197
308.731
23.867
10.3073
60.3159
187.72
6.34307
403.792
24.9349
10.7074
248.276
285.776
21.8594
75.3136
15.4954
14.917
248.442
210.597
21.2135
15.1092
62.9074
13.4334
140.219
119.071
354.852
17.7124
438.053
438.507
213.521
206.661
1.97208
14.498
23.5864
23.9239
23.6406
108.931
11.2696
144.119
256.529
32.3512
23.9091
34.3255
17.9106
117.525
165.51
9.80635
287.97
503.49
265.956
277.155
20.9446
265.086
11.933
199.518
258.355
9.29202
229.994
548.402
122.889
16.8148
320.061
19.4157
22.5453
108.928
9.90855
201.6
5.01227
55.8193
367.434
13.0536
150.956
19.3606
5.1396
94.427
217.866
482.948
143.439
283.491
144.158
366.753
15.5634
87.365
22.4843
28.7813
218.986
163.405
434.617
134.228
29.4942
176.572
160.76
30.4163
270.22
278.086
269.004
19.5297
13.2802
195.637
252.641
301.201
121.549
396.642
244.993
9.82405
86.2785
178.397
353.936
27.6537
297.557
14.2485
33.4652
367.252
10.6544
13.4311
10.3298
457.837
18.4353
23.0153
108.465
5.55094
220.773
21.4178
7.5095
71.656
258.375
70.5058
58.5336
417.365
146.293
188.892
307.476
332.595
215.413
20.8019
109.587
510.906
11.9967
58.0906
10.4512
24.3291
79.9698
249.901
23.8616
10.8308
349.351
225.857
72.8055
238.996
249.547
220.628
74.6906
47.6039
9.31551
193.497
4.335
99.129
293.101
183.876
347.955
223.94
22.0502
51.6956
9.23241
23.0088
85.442
393.284
61.9151
155.223
251.024
64.4353
18.087
122.175
12.5747
7.20175
229.591
290.144
351.687
18.9188
311.075
318.591
14.2422
368.476
12.1362
15.3979
182.67
404.791
413.328
13.0216
14.3787
13.8881
14.7917
150.172
13.7814
320.752
14.4511
259.986
463.43
68.5626
17.4665
244.115
69.0224
439.819
139.991
16.8665
51.2143
247.592
429.961
110.104
14.683
31.5801
112.268
165.217
235.92
112.748
170.122
50.6131
19.4251
119.79
371.856
46.2377
11.1489
178.93
146.736
223.485
347.616
58.9347
20.7872
11.2782
11.0998
17.0877
409.404
232.553
24.122
12.5522
294.005
92.4236
10.7226
46.7926
8.84568
121.986
311.118
191.058
266.89
79.5767
324.257
61.0997
223.717
337.622
22.1645
8.19654
14.7934
20.4137
89.6377
82.902
325.281
7.78515
120.352
165.42
315.903
302.4
193.003
131.123
23.6426
167.772
22.2572
13.1921
178.891
38.0469
21.9669
215.897
231.713
20.5313
215.4
325.545
9.51531
61.3969
8.92284
22.5674
144.314
34.0076
509.037
18.4989
124.72
5.25617
5.16942
256.377
575.844
251.266
53.3767
8.54442
22.019
166.837
11.3666
78.681
107.824
190.165
42.0728
220.541
150.264
383.819
277.71
52.8599
142.948
5.72257
9.98063
48.0628
478.12
152.834
202.237
146.119
20.7007
170.486
185.71
43.6958
182.022
12.5674
301.452
544.715
22.6603
7.78653
436.634
23.3185
324.692
344.894
192.938
11.82
512.8
17.9683
9.67909
9.29462
105.069
203.939
349.428
24.9808
366.005
26.4017
216.845
184.873
127.78
101.998
241.163
288.854
323.486
20.9733
10.1119
438.643
195.192
16.9666
18.0777
294.251
162.534
18.1937
379.434
18.8159
193.404
78.0503
106.291
140.617
28.491
22.254
20.9678
13.2222
15.8618
408.977
378.676
10.7637
79.2976
189.57
471.256
147.863
100.139
240.5
73.9599
10.2646
19.394
204.79
438.173
6.12562
167.232
12.4878
334.045
31.5308
83.836
108.12
171.833
162.682
23.5028
312.948
168.137
142.755
83.0008
43.5292
15.5046
20.0003
113.259
111.734
272.162
207.425
10.1353
78.9632
18.4492
509.435
18.2368
335.476
264.251
20.1726
165.594
18.2008
203.064
90.5211
432.155
117.458
268.046
136.8
248.578
22.8138
510.688
368.514
15.144
385.001
20.6149
150.09
447.768
323.06
6.68733
20.3251
209.793
428.266
9.09738
120.546
361.306
13.4631
169.052
31.3284
483.308
137.571
102.271
121.016
44.8689
365.599
30.2747
110.376
10.4508
426.157
311.872
169.97
379.918
18.5337
24.5219
440.699
156.682
256.291
34.3805
20.4896
86.7567
62.1865
467.457
139.185
135.5
482.229
59.555
147.178
438.55
31.8579
16.8637
407.984
16.2693
152.174
174.644
493.758
11.6889
396.768
11.1601
518.326
5.38045
277.845
92.0288
527.113
314.99
13.2001
204.577
163.45
32.2338
327.927
306.886
186.064
225.603
16.4486
7.90252
305.367
375.051
15.2752
330.486
5.19615
512.213
142.639
221.27
19.4761
243.682
74.6985
177.645
40.6482
363.967
229.454
25.0883
199.907
305.291
11.5461
302.431
52.3104
126.206
17.5413
11.7879
9.65074
49.7472
27.2145
146.813
37.88
19.2681
429.408
466.561
501.933
193.716
332.052
142.558
338.427
22.1867
449.6
212.338
11.9205
168.447
6.55274
125.615
29.1883
88.6346
7.71421
237.204
22.9497
15.8209
300.461
215.624
107.245
559.064
172.104
300.349
326.197
215.258
240.301
251.44
310.316
124.928
144.364
22.0504
20.0642
431.489
14.0651
68.8825
192.94
84.4792
327.041
18.6909
127.841
221.649
20.8245
17.9128
136.654
92.5114
172.79
329.408
275.031
336.413
80.7693
12.4803
6.59612
69.5175
138.259
154.313
20.9877
301.806
268.489
169.756
65.1531
13.9456
200.89
444.077
8.49161
187.554
21.2353
88.4262
97.6904
11.3766
9.06468
116.627
9.70047
74.7459
374.749
11.9966
6.03466
494.008
419.367
204.333
65.0907
175.757
222.553
58.5499
12.4497
20.8771
326.739
42.9841
15.7685
188.569
10.7491
488.888
94.0979
323.66
200.015
329.364
13.0194
477.727
209.689
8.37188
505.835
7.77805
23.1105
157.687
23.97
208.051
15.1133
54.2615
5.95985
248.32
7.94456
81.2401
11.8518
23.6044
104.472
17.2449
362.608
18.4476
191.727
10.7102
19.1879
151.119
9.32661
19.0289
14.7821
403.687
16.7694
213.025
137.556
21.6227
353.01
303.641
9.39122
130.504
21.8592
17.6068
19.8794
15.2708
105.093
3.7229
23.6373
24.1739
12.0533
244.212
413.544
215.887
277.155
15.4262
18.6553
5.20447
85.4159
9.73195
109.13
101.794
64.8799
123.965
294.667
111.035
339.943
20.2626
538.189
21.8202
192.602
553.654
561.496
105.765
304.749
65.6108
14.8789
38.0471
3.60066
14.8295
403.928
27.1436
361.071
19.7067
227.094
274.062
272.333
68.1624
19.1373
86.2392
13.1943
385.155
200.196
501.208
364.704
32.3683
558.49
21.7878
411.053
374.69
22.011
36.0296
435.638
143.447
386.604
142.52
536.696
213.978
311.29
69.0175
91.1867
237.505
328.112
56.9864
212.532
25.5643
478.964
71.0261
50.8932
12.1295
101.75
194.813
24.4737
508.688
67.553
16.9054
63.8366
25.4825
19.5836
130.531
469.872
31.9524
177.803
450.87
5.15233
58.7839
15.1464
74.1944
18.1097
40.2953
54.6469
301.653
145.554
394.747
218.24
15.4678
434.174
201.893
117.693
20.1148
278.004
190.45
19.3796
8.37174
526.861
163.179
25.5621
17.376
64.1199
14.8035
128.772
21.1044
69.4144
17.5321
8.91137
21.5123
63.8113
17.3215
20.6277
75.0762
361.676
239.614
9.24696
192.958
277.126
187.595
165.235
307.532
120.258
20.8943
10.6437
101.756
246.629
51.1312
437.833
438.317
8.73357
460.103
169.226
447.385
93.9516
508.058
25.7535
405.31
286.031
122.484
200.18
15.9771
20.5833
368.56
375.278
338.353
349.085
199.775
11.3271
18.1587
186.877
357.686
19.779
227.838
139.087
388.391
10.2841
120.507
11.0228
15.5796
264.004
97.7806
370.815
274.318
183.989
257.012
298.442
29.6221
12.5646
372.787
18.4674
101.69
4.35626
256.324
23.3135
20.8644
7.98998
127.936
11.3499
244.968
33.0301
247.849
169.581
192.985
93.9686
11.9834
183.667
260.688
239.572
332.45
464.996
67.7249
454.864
41.7706
212.968
50.0156
109.709
23.4713
264.134
23.6561
9.89841
183.329
263.729
460.106
55.3806
13.29
19.3653
16.7723
26.0515
26.3773
23.2251
373.954
10.8569
119.257
303.584
20.5202
198.365
293.685
175.306
9.52459
23.9272
171.076
249.04
351.857
12.306
6.23598
13.1591
133.739
199.877
227.761
244.224
270.702
338.131
22.7697
161.26
148.508
154.571
416.33
5.78568
102.352
176.014
25.0053
21.7263
332.504
274.264
223.849
237.371
394.114
203.742
22.572
66.3238
23.653
181.069
24.0439
28.4019
65.4071
93.3636
108.957
333.225
66.4995
308.411
252.576
178.93
125.407
344.883
19.8891
388.157
14.1447
301.87
149.339
476.931
255.491
17.4983
14.2362
15.6146
15.769
159.541
180.347
414.501
170.327
271.609
83.4015
126.602
303.673
11.5508
245.117
246.373
16.1977
284.048
300.881
185.329
12.9837
14.8151
92.9136
21.3691
273.659
518.516
9.1503
20.7154
194.634
154.38
219.292
390.447
13.4584
252.123
0.155992
106.6
25.611
14.5554
14.1425
246.962
392.234
131.9
8.55158
13.0307
356.032
49.4379
21.549
135.409
55.6456
19.7634
107.973
391.678
442.599
50.9287
169.31
296.312
19.6303
312.608
113.57
365.735
16.1325
300.866
27.1358
20.2224
266.452
11.389
314.484
164.669
19.2525
17.0292
264.198
67.5088
171.598
140.526
449.69
501.095
394.695
128.3
163.868
12.1837
395.721
17.194
96.2895
473.883
223.391
19.1559
351.532
322.284
309.015
307.127
306.193
117.418
12.3989
87.2421
301.371
149.396
342.455
490.246
16.0416
13.1785
44.0545
85.2551
80.6706
87.0511
107.726
357.79
386.003
23.3285
21.9887
134.736
49.0458
17.0679
244.432
38.6406
571.341
15.3432
311.901
214.157
311.0
19.6341
458.081
33.7847
20.7848
223.872
176.169
109.017
20.4961
202.015
405.945
60.1926
459.118
329.343
369.058
31.8737
92.0791
496.818
256.986
14.0603
13.8783
34.459
156.444
315.271
506.353
262.012
258.74
91.0271
285.209
97.8744
239.451
11.9393
215.827
245.839
4.82502
68.5402
89.7575
229.842
98.3745
105.849
198.507
21.912
281.353
187.356
74.6087
21.7672
20.4318
103.221
41.3248
75.7552
264.521
406.207
191.335
63.4474
9.6431
44.4399
273.691
99.5284
219.406
110.653
17.3462
16.4596
71.3703
12.6995
410.948
24.0552
176.867
417.43
9.732
341.521
17.4262
23.3134
241.661
117.917
94.4548
13.6758
12.3657
13.2133
242.793
65.7675
21.1103
19.9305
103.371
510.239
89.4865
19.4541
66.8431
17.5079
450.686
464.234
16.6349
19.0778
326.029
139.279
26.789
16.822
273.863
212.27
68.6863
370.984
59.8372
326.579
380.528
59.1902
25.5707
74.7909
11.6958
168.583
22.3173
12.2097
225.591
227.648
170.479
293.459
230.937
69.7119
330.117
107.525
108.078
38.9863
134.444
76.7831
341.815
229.212
186.22
214.92
16.4877
64.0425
9.63577
21.3567
19.457
143.262
7.8636
13.416
19.7909
19.718
260.461
390.986
268.826
509.38
45.5679
20.3328
16.3679
18.2245
12.9709
452.777
22.6477
25.9248
52.0845
13.136
111.578
108.563
60.6124
389.035
12.2904
14.6473
542.414
208.489
209.533
24.4628
211.466
163.056
18.7165
377.544
209.953
16.8236
232.291
228.911
160.465
158.953
303.988
6.46898
437.19
242.418
172.917
25.3243
337.506
300.96
7.69362
10.9795
425.004
7.64576
83.7584
18.9954
17.442
169.016
272.36
85.9413
172.186
211.319
446.524
199.41
246.395
9.54241
55.1464
424.251
152.824
357.934
240.972
16.3206
16.5916
89.5815
152.327
318.519
14.1434
304.963
8.69598
224.223
150.669
13.4297
7.75972
323.82
74.5999
123.265
12.1225
19.4636
204.428
84.3426
431.516
175.323
239.609
169.574
43.2381
172.653
538.172
171.859
6.73451
32.2321
18.8598
9.88266
124.213
392.923
62.0089
78.4713
223.176
94.8901
12.0482
152.274
109.536
331.029
265.207
131.005
237.378
246.118
160.057
279.945
24.0093
52.24
9.93496
12.6693
86.1898
328.944
243.653
31.9068
495.143
252.462
17.4611
24.5137
22.6332
6.72908
7.6851
9.47392
296.183
165.688
12.9246
285.627
323.879
348.722
61.3216
88.4442
286.277
22.2345
365.537
85.6372
410.073
433.289
530.728
28.6044
22.8141
12.9825
388.733
352.466
369.628
305.078
6.47793
19.5263
426.833
509.697
138.052
413.945
213.135
440.448
229.843
153.589
10.7021
5.96608
21.2038
123.969
21.0447
122.288
53.9042
36.6266
64.001
413.828
184.942
292.822
15.1852
19.1611
469.992
10.7686
304.579
406.846
202.397
102.028
22.6746
262.329
192.449
11.7557
46.8183
204.265
444.086
336.85
44.2042
76.1401
215.422
262.818
445.261
401.234
15.0418
359.855
482.853
505.644
81.7607
17.4938
20.3736
16.5932
19.3518
42.9195
206.56
310.13
59.3757
166.661
300.405
16.534
215.831
202.899
16.7151
273.595
301.321
27.6928
86.4276
147.942
13.2664
304.83
26.3462
163.551
130.947
115.854
20.636
303.802
468.747
71.4027
485.33
23.943
21.9695
15.8942
371.479
11.1392
67.3636
180.515
16.7606
11.568
564.386
240.476
214.825
95.1571
35.6004
16.9531
14.9292
140.757
469.642
9.96816
21.5837
213.446
16.7115
16.9491
181.879
496.278
269.539
37.739
458.478
19.2514
74.2955
96.5527
22.3605
74.2158
12.0406
11.0516
262.476
22.362
208.459
260.851
244.005
142.802
8.81657
13.8156
377.234
339.652
29.8473
21.813
188.138
129.763
146.065
53.9155
8.34552
10.6446
20.4345
60.3226
24.607
202.526
240.754
469.965
129.374
150.176
21.5194
68.0279
477.187
384.448
41.0181
236.334
322.238
94.3869
11.2189
100.767
47.0114
48.7848
400.24
16.8928
15.7579
211.27
10.8861
249.177
17.3101
76.3798
219.329
335.919
424.31
22.1079
347.115
21.9071
193.57
24.9228
352.737
17.6741
24.0202
305.012
10.2413
282.976
23.6166
39.8389
33.41
7.71132
293.962
205.967
234.662
25.0677
196.964
257.76
177.756
6.20949
114.812
344.445
30.3977
299.027
237.357
24.1468
187.907
247.393
206.269
363.701
18.8184
339.951
17.9398
22.9488
302.217
391.671
50.4531
15.9153
584.365
12.7378
20.4833
9.46265
289.585
19.9541
27.3776
371.369
19.633
284.924
16.6015
184.704
62.1971
398.292
17.8263
102.306
125.079
10.5572
43.4567
9.8324
542.876
257.67
13.3226
317.755
151.257
23.494
23.4086
103.633
20.0605
4.43974
315.579
82.355
202.794
325.895
242.509
8.627
365.336
470.091
19.3163
233.606
199.649
368.773
256.086
216.448
19.1998
326.149
18.5029
4.05937
27.6362
16.5126
337.449
415.111
45.7048
188.664
48.1107
130.217
222.052
31.6853
425.643
4.5203
118.394
483.347
10.1608
18.065
238.812
5.4912
286.072
21.2747
169.394
20.4579
239.148
193.054
208.483
220.238
209.333
22.6642
411.844
19.335
457.491
55.6267
27.6498
9.33876
251.526
31.4657
8.16201
207.633
15.3126
448.681
241.2
146.045
200.866
556.073
496.906
556.316
502.54
394.826
10.1942
398.823
498.714
334.341
227.425
261.68
190.304
49.2391
12.5359
196.985
329.619
124.164
329.886
172.663
457.752
162.687
33.1054
140.641
15.6733
187.075
462.186
20.6304
287.147
43.0767
7.04369
227.819
447.078
13.6865
15.1712
85.2566
179.642
421.592
10.431
14.6575
61.716
89.4492
195.021
388.618
182.946
524.394
294.045
200.758
116.461
15.8015
312.786
28.6786
556.234
19.0654
257.563
19.8364
152.377
527.781
163.899
251.646
22.3618
276.432
389.279
240.147
248.243
21.3113
89.7849
527.389
263.996
152.169
153.964
403.91
175.76
15.3757
241.537
333.462
165.829
10.0343
102.722
68.8541
17.7156
12.4299
402.381
188.564
8.98671
360.224
196.807
449.011
317.369
17.8471
35.2149
22.0795
217.884
18.412
446.922
18.2289
307.581
26.8738
164.6
193.157
364.971
19.3063
317.719
201.108
10.4299
298.006
337.935
315.73
333.246
210.015
19.0503
15.1051
31.1884
22.0754
20.7622
12.2699
271.289
17.9451
328.57
23.2769
8.46793
292.233
217.435
54.2629
18.81
323.358
33.9956
135.779
171.122
203.655
162.881
125.114
60.4871
8.11267
395.893
307.957
211.384
469.635
19.8244
37.6133
14.0215
319.81
104.316
21.6715
208.075
9.53433
9.11691
12.6413
-25.5305
17.5906
7.89701
221.641
10.6018
252.238
432.311
481.636
114.399
18.3597
121.246
508.091
8.10034
9.41948
13.2025
219.787
248.45
404.674
470.857
276.006
14.8644
57.9056
21.1346
161.997
178.23
384.708
32.1728
409.953
482.526
511.719
8.82127
13.6963
8.60905
83.9081
13.7196
104.714
42.5305
184.982
65.8128
436.074
223.03
335.396
19.2591
9.47137
412.626
20.841
385.866
400.916
210.284
52.7197
474.713
283.533
100.647
226.685
21.0171
25.8599
13.3487
14.4647
13.0326
104.722
232.016
10.295
15.332
22.7804
16.1474
7.63147
125.87
13.7159
11.7433
326.611
429.819
290.014
12.8942
525.872
176.59
285.592
40.2407
230.026
212.124
57.9961
6.78036
22.0134
60.7045
17.8735
283.153
16.4285
12.9774
209.531
18.2819
93.4818
172.457
325.744
325.668
7.46802
15.3287
47.1819
16.3082
12.2751
388.559
20.6342
20.0313
329.637
200.648
294.398
9.92399
62.7113
8.48704
64.6297
13.8776
70.0955
13.212
292.932
362.494
386.265
5.33088
16.6418
210.674
25.3414
227.795
270.197
245.09
22.1803
571.209
376.303
67.9967
337.282
14.3557
334.249
109.474
515.527
20.0051
10.2022
117.637
21.0987
7.94256
85.6948
56.0288
303.337
558.581
5.95877
9.93698
313.676
399.188
11.2674
232.234
17.4902
9.48424
40.5368
12.6791
61.9278
143.92
372.612
152.978
17.6507
16.5276
18.8972
254.358
194.586
6.13128
51.1407
20.6649
11.939
287.707
23.4719
17.8592
348.631
19.2178
29.3719
18.1466
153.543
246.971
129.591
210.72
381.881
373.216
205.451
245.265
163.712
399.29
114.788
325.003
23.1679
150.497
9.47957
21.5827
465.527
180.591
255.226
286.09
85.7812
9.38975
6.51692
11.4247
320.871
159.91
11.2181
468.514
23.3705
261.564
110.939
269.3
50.2878
25.9737
11.4022
426.513
19.269
19.1865
189.573
10.1501
18.8898
260.148
23.4985
26.9746
172.354
274.62
187.512
513.77
288.474
9.56154
13.7402
118.819
470.076
558.154
17.0675
274.171
432.978
19.9059
89.2394
482.918
15.4992
50.1331
19.8505
77.8524
296.586
22.1117
233.466
265.79
360.123
144.819
206.302
66.1252
53.5971
40.6906
212.908
136.924
19.4439
268.341
394.003
411.445
51.4022
328.993
490.873
42.4203
21.1687
85.2395
8.7828
375.687
152.517
11.1485
142.808
271.269
311.34
321.888
204.027
95.7101
18.3725
21.0716
168.69
498.033
215.745
15.418
50.1842
171.839
8.26453
209.634
172.071
5.47177
131.612
223.693
8.30231
168.155
110.361
397.07
115.606
361.537
26.4466
20.9315
26.552
129.093
68.6087
245.204
561.055
420.617
268.863
239.945
236.264
201.038
404.839
207.904
15.6339
197.158
178.951
534.492
346.126
156.409
431.191
11.9929
5.02052
261.217
169.053
192.198
362.873
312.58
250.16
8.24464
7.33074
14.9707
15.3614
448.158
176.286
18.272
479.594
220.609
240.784
402.134
315.008
19.403
18.7704
15.2187
7.70919
10.0821
18.1089
251.448
248.059
90.5608
11.9833
9.34672
200.428
201.981
134.132
174.212
161.561
129.041
16.9694
426.493
23.3816
320.787
452.861
247.089
424.409
10.2209
189.793
583.939
2.305
10.524
18.3652
338.154
481.926
175.977
397.395
312.457
381.814
138.379
250.625
27.6073
219.029
9.57121
346.752
28.0513
247.389
185.709
203.921
148.316
329.939
341.011
174.501
15.8372
374.85
250.81
311.602
243.89
99.8443
376.299
381.788
4.49191
335.092
295.386
120.614
19.909
21.8845
144.751
51.696
11.1385
127.998
16.0736
190.856
118.537
480.457
20.4803
31.9884
105.068
3.96275
22.33
21.869
20.6231
275.937
16.5841
24.0482
82.1199
10.5682
4.53493
329.776
279.562
326.888
12.2509
16.6301
23.4666
347.255
103.643
174.332
21.4803
166.697
41.9632
135.466
243.871
13.1101
9.26467
17.9274
135.455
20.7661
83.3214
6.06516
13.4557
161.975
485.907
501.265
405.671
181.152
426.446
203.019
268.968
16.2926
21.5501
163.047
327.483
13.0323
162.369
163.729
14.8655
376.232
319.841
350.016
173.223
109.163
467.938
376.411
23.2358
395.018
302.337
190.324
52.8091
335.893
164.359
57.3865
18.1898
403.803
120.386
166.948
22.0482
18.656
248.833
20.452
20.9764
20.9184
17.7633
40.6829
7.43264
155.351
451.04
139.318
42.8827
16.1618
20.9156
249.612
10.1877
28.2033
178.67
296.471
10.0307
7.37129
16.6418
203.868
234.999
94.5674
10.1528
9.57282
282.325
174.629
318.296
114.199
96.3016
241.843
21.4039
9.28757
79.9788
43.027
405.241
344.527
9.69438
351.177
160.541
469.995
165.904
283.005
467.261
444.652
214.183
382.344
24.4579
480.921
288.228
431.736
28.7503
82.5133
165.042
29.9094
148.085
214.478
22.7382
188.777
12.6105
451.273
24.9542
242.44
204.679
249.959
20.6463
130.285
16.1991
22.0733
432.808
282.512
104.044
19.6097
192.544
16.4568
272.401
176.643
384.302
20.2222
22.0224
422.892
182.54
202.827
331.762
29.1145
480.979
14.1988
13.9412
321.234
18.6343
22.5649
205.83
193.219
17.3323
419.868
369.941
18.8402
399.742
326.756
10.8155
479.493
436.559
427.501
143.341
263.291
250.47
74.8635
434.009
183.554
50.6082
28.1065
10.6879
95.0871
215.715
5.42515
263.09
13.6875
9.20033
221.043
19.8319
444.477
20.4565
28.7624
30.8626
21.4358
191.315
307.387
91.6325
168.78
10.9378
123.753
244.791
12.6197
7.09425
7.96026
387.346
45.9325
15.6323
221.432
542.021
203.614
8.46587
20.7491
64.478
26.7243
171.706
334.828
230.069
365.42
7.80174
17.0727
124.041
514.056
11.5612
82.0043
454.025
88.9865
165.932
305.657
560.356
171.125
23.5049
239.171
301.693
397.52
312.019
18.6628
14.9171
17.1113
26.6542
532.31
132.879
314.354
189.133
175.559
16.775
22.4405
171.332
20.2272
150.338
452.376
104.533
22.9397
329.238
387.184
318.707
263.384
24.2128
13.365
128.781
22.8575
467.095
19.9051
209.109
170.1
332.183
252.822
21.5119
421.999
409.644
227.507
205.174
155.738
328.405
17.6247
390.105
461.432
360.177
217.503
22.7408
410.358
64.8149
196.233
25.0343
24.1787
466.792
144.27
276.752
186.053
250.426
550.623
22.7037
165.669
88.7712
249.315
209.631
309.179
232.305
231.727
555.049
13.7706
304.958
487.325
53.5096
304.174
127.726
224.034
14.2903
261.964
403.466
86.3837
259.028
394.171
93.521
19.9047
184.052
5.2521
271.838
364.109
378.863
32.7214
271.245
160.243
22.3062
82.8184
254.255
9.76748
131.097
9.07901
239.301
223.141
83.0952
587.363
114.661
152.148
185.667
56.8342
41.3395
19.1483
174.549
372.536
68.0656
450.469
22.233
187.147
544.835
249.344
210.466
437.477
155.797
366.217
342.705
46.6669
21.9037
363.223
25.9147
502.27
164.33
117.954
440.258
459.225
19.3777
459.374
159.199
10.8207
96.5945
417.173
11.5256
25.8268
62.5889
6.60149
108.978
342.713
10.4359
53.0548
22.3348
431.384
90.6414
63.6964
16.9216
165.064
202.537
14.0804
492.454
453.803
479.805
14.5427
399.052
100.51
227.921
131.528
15.4986
16.786
16.2628
21.6074
273.388
22.5776
327.656
368.483
16.0211
267.329
212.934
47.0263
555.189
22.7873
201.381
53.5037
24.9619
20.2317
134.396
21.1997
284.717
482.117
2.8477
140.241
20.2614
64.5447
15.2011
153.848
21.7091
424.352
14.3493
364.688
15.3675
231.993
21.3677
130.502
337.84
229.357
282.695
398.676
21.7984
4.0104
113.806
13.2545
144.979
15.9445
199.382
63.3002
227.703
12.6451
222.655
19.2264
175.04
355.16
370.61
-0.669708
16.338
433.599
171.578
23.4276
343.816
23.5195
64.0018
349.847
305.962
145.464
194.146
305.11
378.164
393.778
204.02
368.107
234.485
283.515
264.512
69.9292
491.769
294.704
39.2149
24.0891
17.7762
5.03568
338.841
120.8
401.124
193.576
-60.8641
24.247
21.0363
195.09
152.462
37.4669
19.1827
219.722
240.473
21.0371
27.7945
303.813
378.337
19.93
25.4878
286.597
148.483
157.548
16.03
364.946
192.989
20.3843
67.8092
208.005
417.037
182.003
48.8539
22.493
326.732
202.593
8.64992
19.7435
9.77542
329.892
25.0214
20.232
20.636
5.39687
326.671
187.919
405.132
200.01
316.423
14.1559
249.587
106.957
57.3665
17.7523
205.476
53.177
199.133
393.876
123.674
343.771
511.992
21.1432
169.155
121.482
326.111
20.3468
182.119
140.05
7.97562
18.1765
23.9139
348.857
239.689
308.902
246.161
172.554
532.209
24.4167
21.3475
175.442
249.149
14.6751
16.863
101.885
229.95
51.9585
137.225
86.8585
281.392
295.662
476.122
326.645
130.632
167.372
328.405
22.7234
458.314
173.708
310.93
208.264
29.0063
167.752
473.437
13.2531
121.835
204.215
57.4614
327.855
156.189
508.061
137.553
207.0
14.528
174.564
36.7414
195.311
6.1772
5.07114
320.602
138.029
10.029
20.2666
64.0382
338.272
70.5468
408.627
37.9574
13.1219
7.02456
23.804
415.074
266.481
20.9635
204.7
75.6899
268.084
301.243
376.181
126.268
7.7292
181.961
2.93114
125.724
362.314
262.163
391.97
344.213
122.51
17.6932
326.94
25.8292
383.747
18.8829
16.5881
18.9765
154.661
361.748
395.442
20.386
224.047
105.196
10.6849
438.851
229.422
301.878
13.9485
8.70747
30.3134
248.358
23.4414
288.947
15.873
117.592
28.1059
412.873
217.581
29.1673
228.629
108.448
9.5763
8.83785
59.6493
36.6327
14.0872
17.3255
7.57596
122.829
117.232
238.278
19.0316
17.9715
15.9121
7.99148
514.06
323.335
369.896
10.7115
133.188
241.461
6.80817
27.5763
530.307
44.89
9.8046
164.644
175.79
411.784
459.526
70.3448
33.0775
10.1199
16.252
69.6203
350.384
6.54781
5.11336
376.21
5.57431
153.68
14.2376
14.5767
10.703
60.537
20.619
74.5171
7.9761
17.5062
387.516
376.792
223.946
6.79461
311.517
388.24
439.433
24.6962
6.58718
55.2652
185.173
19.8418
5.97927
404.492
431.627
222.194
79.1512
205.547
365.137
16.084
157.136
348.666
166.986
22.1704
9.90865
183.085
19.3887
249.167
361.181
11.4447
450.941
169.522
204.072
285.488
219.668
90.3562
103.683
146.198
458.222
361.32
127.832
409.401
124.14
277.71
19.6073
220.926
77.3208
39.8089
116.692
360.027
374.643
144.177
166.043
98.8627
12.8902
200.939
18.9312
206.553
13.7601
317.365
175.787
11.0452
315.534
22.2725
8.62965
159.322
232.081
320.544
46.2455
19.3533
411.361
53.9041
17.7766
201.884
15.7967
115.609
253.247
10.0092
351.619
17.5145
13.7399
99.0178
136.533
325.965
20.73
315.023
436.978
82.3846
292.263
374.377
155.11
359.656
11.9456
130.316
188.48
329.486
384.114
466.882
87.7777
21.9188
335.292
327.703
16.7444
286.621
36.9297
188.649
241.135
374.209
351.058
13.1161
7.04864
21.3031
120.179
19.4702
535.142
358.92
10.0177
305.684
484.548
15.2173
22.8227
271.154
175.201
12.5043
353.19
358.638
157.188
432.085
302.481
175.272
11.2198
301.401
89.0782
17.2505
24.3363
9.94668
43.3883
9.03332
44.0408
6.15162
412.792
75.5946
461.553
550.222
17.5462
456.515
10.148
6.39432
3.97738
85.9845
147.982
17.1522
334.467
17.0315
21.1803
11.4061
10.3991
345.718
15.9359
271.182
214.232
9.03911
51.4345
121.411
303.112
405.326
110.516
182.357
297.254
20.5507
588.892
33.9988
19.0518
21.8473
52.5428
241.708
388.408
419.053
37.0087
101.392
8.44317
570.056
94.1709
199.032
8.14122
40.0918
17.7783
412.567
22.2312
0.800828
402.272
19.5497
6.11391
363.918
18.1553
17.3319
10.0672
172.792
457.961
399.758
8.32329
48.2076
228.674
79.4592
382.459
466.325
440.401
21.8975
371.394
358.812
210.639
16.0192
438.465
358.09
15.179
333.518
362.832
310.032
262.308
20.3956
380.039
247.086
197.959
94.1482
138.146
156.782
64.1728
27.5273
19.2097
261.815
18.7309
13.7387
328.52
180.523
411.071
336.086
12.2298
7.14156
11.2781
125.822
32.143
200.078
455.73
5.49795
98.9865
55.3694
13.5208
330.598
248.528
406.252
305.366
530.454
31.6079
132.632
270.187
14.2761
15.7525
22.3114
18.8399
13.6572
267.814
60.6081
411.707
316.724
130.195
4.59284
9.74913
142.76
249.317
138.971
226.277
18.735
568.644
16.3669
16.2545
160.681
420.937
366.388
20.3153
160.512
7.93433
277.714
11.1386
213.911
136.688
19.2748
63.5534
11.3125
39.7024
21.2522
9.65133
464.213
179.59
295.349
432.23
123.612
258.087
210.728
242.165
211.938
9.22617
200.198
166.226
13.8865
11.5176
21.5107
405.323
21.2749
362.885
13.0287
292.548
507.395
196.999
18.6679
221.385
371.367
235.903
20.1007
23.576
13.3303
15.4144
188.647
249.142
73.3412
409.828
303.082
20.0731
12.2444
500.251
35.4566
218.449
18.6642
403.306
176.002
490.649
267.463
16.8481
53.4445
267.352
18.2125
22.4596
468.987
366.335
163.592
15.6346
330.235
309.068
314.996
66.5131
22.5325
342.092
456.621
9.76733
552.828
394.186
106.838
4.89187
434.121
186.904
118.592
107.346
20.6415
56.1178
22.9555
556.634
218.634
9.40646
282.244
323.72
12.3669
9.30117
17.1645
214.169
11.0277
330.068
17.879
20.4789
102.981
20.3773
13.9299
144.351
163.048
296.507
11.0864
66.9268
18.9129
290.544
10.0994
125.631
19.0264
49.0635
374.396
367.955
107.515
36.5656
434.598
94.9859
158.863
22.7486
336.559
9.91933
327.089
23.7284
332.708
304.241
379.287
24.2331
9.18087
282.619
360.815
409.871
559.942
14.1641
253.131
67.683
86.1023
16.6261
376.95
15.3799
204.792
17.871
21.0195
9.60165
111.116
218.028
197.261
103.425
23.4442
11.5636
9.83442
12.0831
158.338
13.4869
413.335
421.593
184.535
387.159
271.46
16.7921
492.58
74.5069
60.5827
144.84
15.999
312.712
172.051
269.587
16.6287
20.8171
170.93
254.705
561.939
58.8286
173.951
21.7803
262.646
334.094
9.06619
15.2637
85.0592
56.1751
27.5088
154.328
7.38814
30.4633
258.163
62.1003
9.64955
322.235
24.6075
101.591
354.515
452.417
9.54467
169.338
319.436
245.341
15.5872
312.851
105.909
172.864
18.0539
27.509
88.625
218.061
497.331
138.375
62.9997
343.892
15.9033
172.347
294.646
131.124
9.12964
25.0878
157.702
149.643
235.466
10.0076
244.184
127.239
247.475
22.4222
209.359
574.411
64.6201
131.541
114.064
11.4934
20.2634
8.946
16.6941
86.9147
36.7285
369.169
46.1651
12.2543
212.901
149.014
357.663
34.2651
141.055
136.626
14.9202
169.651
219.414
380.094
116.777
12.737
221.806
25.1924
46.8306
44.4363
445.816
491.318
257.091
11.6946
348.018
6.89016
272.106
544.663
241.325
126.917
213.275
13.6785
183.93
24.9323
130.006
399.336
179.891
10.2887
212.303
139.716
19.7183
344.053
9.10701
275.616
151.486
247.202
23.5688
350.665
282.339
448.594
16.3373
407.915
211.879
206.814
312.011
103.764
539.414
22.6577
155.348
23.1176
295.713
253.057
27.202
237.731
65.1017
215.016
368.505
22.0682
11.275
168.687
281.44
215.429
238.557
10.1735
245.992
386.103
422.154
121.354
216.922
230.643
420.695
10.0853
316.245
210.554
25.363
8.4757
273.078
165.702
5.71195
172.982
10.155
221.976
14.2735
69.698
151.7
9.13972
55.4289
490.097
97.7132
36.8309
15.4075
445.793
132.089
256.363
12.9973
424.051
301.766
216.105
416.043
422.732
19.8166
117.849
11.5495
10.9536
318.174
99.1617
427.091
287.357
209.626
175.227
118.335
18.7754
251.231
215.359
258.224
186.621
270.235
347.621
22.4646
17.786
143.623
64.3413
287.354
435.084
426.309
342.322
251.303
366.757
19.7191
12.4533
23.2288
8.91108
69.1851
292.037
65.3722
18.1937
15.1564
263.853
20.6908
405.891
233.454
353.419
24.4165
269.651
259.425
206.744
238.805
43.4343
10.0652
14.9072
111.168
360.996
437.298
6.78425
308.174
508.759
8.78127
20.3584
73.2544
9.15209
292.018
437.027
5.81947
171.648
395.423
287.374
437.869
4.17951
10.434
22.968
272.936
331.253
251.866
246.489
277.088
350.515
20.1583
33.4121
15.5627
345.214
532.576
9.49105
16.709
20.7231
395.531
20.0756
8.28724
250.424
423.363
418.555
25.1266
312.147
348.204
19.2101
177.492
25.2674
218.569
146.983
167.088
386.041
342.845
114.896
292.416
456.182
21.9174
9.61452
22.1545
75.5806
352.537
132.98
180.296
259.346
15.804
381.171
36.4826
11.2788
12.2585
208.597
7.71047
360.151
208.541
379.432
9.41824
22.9189
64.1535
224.669
25.6078
77.7907
369.56
135.049
42.0504
13.5507
203.752
362.13
134.415
370.931
317.406
17.0444
123.155
18.7872
93.6253
19.6116
268.604
229.016
142.576
369.107
353.75
24.9051
355.425
392.722
12.543
3.99713
200.007
20.5179
250.157
165.961
10.937
20.1131
153.616
407.391
364.381
325.127
502.586
14.2961
10.4513
361.519
45.7041
90.6953
280.948
133.437
19.903
115.235
247.651
310.46
11.5294
326.19
6.49373
27.1052
99.3689
131.575
100.094
58.1649
212.104
17.2396
180.846
6.31968
316.057
49.4462
498.741
9.28199
79.8345
235.245
20.5462
315.088
213.065
237.641
394.285
173.109
482.588
222.099
200.201
244.697
454.048
442.57
10.5416
124.246
28.4018
14.5773
184.78
249.815
541.161
11.7353
143.366
486.1
160.981
10.9836
16.3081
19.0221
87.1763
20.7975
277.992
112.07
50.2594
62.855
321.81
61.2899
174.082
16.2585
12.7271
13.8048
17.1907
7.58293
208.637
9.38011
280.001
9.2907
189.079
429.451
43.6902
63.8423
121.787
20.058
425.515
489.392
30.6674
15.3449
404.366
15.9583
11.3198
26.8355
21.528
20.0707
101.126
78.9335
10.0911
335.327
92.5035
121.436
30.4653
268.375
25.9393
14.0909
184.942
455.692
16.0925
114.725
337.786
558.933
21.4298
351.096
17.3104
44.2279
85.037
224.549
187.502
10.3583
200.37
16.0372
299.8
34.6839
20.7571
32.3332
174.69
339.126
211.385
209.231
289.577
235.819
435.428
9.33659
197.588
205.703
114.98
284.828
16.1172
173.804
16.6948
43.6388
20.1356
21.6579
441.872
85.9932
16.8629
216.295
117.344
11.9874
22.2104
23.1611
475.228
15.1616
11.1805
26.8682
142.057
25.1238
523.739
89.8149
22.4895
16.0574
45.4787
463.759
316.193
311.924
34.9028
21.5491
493.442
381.885
5.72389
125.443
230.321
20.2445
306.379
207.331
17.489
122.9
110.446
194.189
18.3628
327.276
433.128
586.089
359.283
456.121
512.441
152.233
517.159
164.62
47.7623
12.136
264.696
354.854
428.847
390.08
87.6897
18.2398
443.218
408.823
186.622
234.572
468.503
54.518
135.005
291.047
292.361
162.9
17.0716
378.616
124.871
133.75
165.867
488.742
297.063
183.308
22.2002
21.7188
206.343
178.579
21.5759
160.262
252.481
21.2133
340.632
5.65045
162.194
76.9175
15.0258
164.62
473.079
271.999
75.1413
14.651
264.926
487.219
45.6754
13.5684
378.472
159.939
18.8219
18.0685
333.828
236.961
281.509
301.871
20.1898
104.014
57.7256
296.545
133.499
451.685
342.341
19.5633
313.556
23.1904
490.545
18.9516
23.9256
23.4777
202.304
190.65
335.816
259.606
20.2567
298.359
21.3886
14.7445
154.532
20.9791
210.598
35.1694
179.279
227.829
20.9735
60.1187
152.399
23.1177
10.7551
131.409
60.0744
311.985
14.3148
186.344
404.162
335.073
565.541
12.5325
192.909
251.899
18.1082
15.7163
5.01013
20.6311
21.5685
28.481
539.402
369.972
449.906
8.11948
402.488
397.135
17.9742
299.714
164.869
126.565
109.821
314.761
108.66
408.821
121.044
289.551
450.195
21.0837
9.93059
17.3981
89.3607
52.1969
14.9801
43.5561
188.171
323.434
382.267
5.24069
14.4613
137.905
170.949
326.705
127.116
10.1453
235.703
317.169
289.835
10.9733
151.38
204.268
72.4454
13.3747
57.8595
18.8221
305.966
310.616
98.8802
332.35
281.642
94.7431
356.65
257.782
133.351
10.3731
68.9987
189.601
281.587
117.907
11.1268
91.6432
21.4423
7.13132
10.2064
22.2457
16.2802
120.764
197.859
285.141
405.004
23.1057
10.5742
207.224
311.296
235.902
209.732
115.722
92.8319
280.198
515.033
224.537
430.525
112.312
19.6205
202.147
14.7052
22.0583
264.542
264.015
23.8598
206.054
354.143
319.001
116.916
6.22691
319.45
261.186
115.005
18.9745
118.206
253.172
53.4309
16.1845
203.643
319.384
135.804
369.435
197.824
10.5617
69.0936
163.58
125.744
391.203
367.573
336.432
199.808
459.336
203.912
205.34
178.138
9.92515
292.926
35.943
202.703
553.374
21.117
281.606
9.39653
96.0314
291.828
439.789
176.53
173.072
108.537
457.793
53.9825
128.516
17.9401
319.899
22.1692
8.86848
67.1761
26.8958
374.838
6.35284
165.222
310.329
133.823
149.763
21.253
203.915
23.3341
33.9558
428.066
263.116
319.265
17.7747
244.838
5.19714
458.029
389.218
16.5692
21.2044
274.119
28.481
281.138
154.54
120.315
169.681
177.234
209.19
134.283
208.599
17.2864
149.024
35.1856
200.505
83.8314
15.5221
292.635
36.0483
19.9765
3.49777
336.259
365.184
16.7726
19.7839
12.1857
105.051
19.6774
517.569
340.756
262.44
397.018
514.692
353.561
17.973
29.3991
191.434
60.3741
27.799
88.8028
11.0199
162.086
167.579
361.914
22.7867
157.448
217.126
13.1248
18.7316
33.9691
299.65
111.092
410.694
18.9643
435.431
283.35
158.075
11.4713
14.2783
148.345
347.018
13.7743
6.44704
225.754
127.306
104.149
523.232
309.802
404.889
33.0544
7.40105
473.794
404.7
15.6507
308.796
142.99
504.917
331.27
16.457
124.145
230.271
209.126
288.557
248.52
39.009
21.2631
122.618
13.7245
393.118
147.136
265.797
372.956
201.178
10.0835
434.716
21.7534
15.4004
278.261
501.815
16.0552
460.51
18.7745
297.778
22.6544
21.3243
249.449
216.09
92.6546
172.014
8.49506
377.763
21.9947
278.477
3.78123
17.418
231.407
78.4068
204.578
179.802
100.617
104.443
20.0671
386.4
401.033
252.098
207.102
18.9543
6.14867
9.99959
36.6322
17.9142
22.0964
415.193
168.173
73.7463
29.3504
44.8967
224.886
161.546
14.4712
513.883
504.463
23.5177
76.5327
171.18
21.1194
19.2747
315.921
320.943
403.237
175.323
399.923
8.80308
91.8386
20.36
299.874
267.989
17.3
334.255
259.9
289.002
385.465
189.862
67.8873
237.324
160.869
71.5911
143.616
94.2665
39.9902
192.919
194.472
16.9204
149.745
63.1197
103.733
9.70718
7.51326
295.37
11.2297
114.206
190.104
252.317
19.0666
287.901
11.3818
21.8683
269.816
88.4482
22.2594
20.7115
9.57283
18.4734
70.9459
10.5422
20.5014
18.6101
205.57
12.0088
157.012
448.497
42.8081
471.504
362.618
7.89413
54.6636
204.968
57.4712
206.582
175.025
59.3719
117.83
5.61644
22.952
18.1452
14.4535
46.172
367.385
14.2773
12.271
26.1439
5.2203
22.718
11.8383
169.546
8.74783
23.5109
56.4658
28.8484
201.653
30.7252
14.8815
18.3821
197.64
356.822
223.967
313.941
370.778
11.7006
233.455
60.1393
23.4551
20.9158
14.4097
14.8704
260.556
175.778
69.0563
193.528
20.6735
502.645
378.103
132.863
10.8318
245.799
490.606
197.783
119.178
22.9076
54.7323
388.957
402.816
19.1069
113.179
8.59233
64.8164
81.9467
540.379
296.996
77.9414
14.5094
11.0453
294.464
380.4
242.003
288.599
378.038
21.8505
18.6976
425.817
474.917
239.561
18.1698
186.551
81.0006
35.78
20.8915
204.438
51.5479
142.782
17.7321
535.136
16.377
173.333
98.1055
130.126
371.826
227.376
337.696
381.205
125.407
487.624
280.376
7.83082
297.433
552.054
15.2936
151.298
76.1541
145.867
413.263
18.5371
224.539
150.715
233.511
305.299
7.41287
334.799
16.7322
328.263
115.672
272.44
175.2
365.601
13.9185
10.7481
204.991
45.6818
37.4028
180.898
476.568
6.51329
161.713
345.858
338.866
18.0946
286.818
281.192
376.617
128.123
220.051
181.41
355.891
41.0351
448.367
190.846
13.7767
16.6174
269.548
19.226
23.673
337.429
114.685
280.924
366.107
283.944
13.7302
9.33294
7.79386
127.341
308.27
11.9775
18.2164
177.811
335.182
187.06
561.675
94.1589
345.82
273.114
257.418
14.4047
263.033
77.9445
430.424
550.439
22.2266
10.5106
17.7399
195.587
429.044
11.5298
15.8609
256.523
11.7755
263.434
11.506
12.8988
19.3718
97.6268
83.4254
417.12
9.43071
16.4843
19.5295
22.2082
120.73
13.7066
423.978
274.466
24.3905
421.198
247.364
224.89
182.611
8.60841
443.001
9.15048
13.4563
233.612
278.989
220.578
319.869
30.835
9.6285
-2.27441
16.5876
6.20331
15.7385
135.198
206.383
390.057
22.032
196.603
563.336
307.458
198.233
291.226
98.2203
41.2693
14.1344
10.3949
82.5662
21.9211
160.141
157.733
364.249
185.432
239.453
18.1171
23.6584
315.85
75.2897
30.3322
135.857
60.4017
21.7733
20.307
300.892
17.7703
258.16
393.866
225.893
260.905
42.3471
153.361
535.936
374.126
6.06422
290.879
351.403
30.3802
510.284
18.3829
19.9373
10.873
14.862
465.217
305.894
17.0925
14.0161
272.02
153.295
17.8586
17.8012
233.197
6.27591
16.5464
18.4523
446.229
11.7752
442.689
303.148
11.9162
208.784
305.927
466.943
284.218
24.6209
166.86
512.163
265.078
41.9189
186.225
19.4934
77.8406
5.9763
486.992
9.60205
19.422
468.251
479.189
205.463
203.901
135.503
16.5737
17.2919
246.244
301.129
138.662
117.957
424.067
181.64
20.4915
15.7358
308.351
11.6369
10.5251
402.211
20.4124
130.561
292.519
293.672
310.095
527.724
8.43508
24.7853
285.588
195.861
99.6639
82.4027
237.128
262.014
19.5937
93.2289
9.64199
12.1217
355.428
17.4957
268.443
33.5367
16.0225
18.8396
139.494
349.863
561.274
445.307
278.803
132.224
20.2802
106.126
23.2121
112.595
204.286
7.25882
20.0601
38.3016
9.03103
18.8332
20.2952
11.9723
63.2147
46.6103
311.666
16.4841
15.978
10.9912
6.04103
14.9696
417.323
28.3955
56.1964
570.323
311.322
260.059
18.7104
123.348
453.315
184.595
280.396
448.911
137.763
10.312
19.0368
440.177
368.07
390.97
236.725
327.65
167.757
21.7202
544.02
248.366
298.179
402.115
354.197
16.8188
373.85
429.341
27.0178
168.747
10.8479
16.0916
413.671
484.342
360.702
343.841
201.128
210.677
6.65001
11.6937
282.844
226.373
22.2471
326.065
246.291
16.5605
16.6898
54.3148
89.0342
209.422
10.3982
20.1986
387.969
176.008
253.925
306.146
25.0447
203.166
19.6123
284.11
495.701
18.3867
308.226
308.101
471.76
23.9231
7.99846
16.8965
55.2835
18.0405
112.899
18.9339
10.9708
319.113
460.985
213.829
35.0022
122.607
325.723
453.377
157.729
219.559
15.1528
49.8132
203.379
328.629
7.07305
427.183
265.144
187.096
353.245
435.36
19.7756
13.5598
241.695
8.2425
215.079
258.998
11.8073
17.2996
9.21071
47.8863
421.797
408.268
5.63874
7.35459
9.78916
67.7811
249.299
366.013
259.237
21.5184
336.274
19.9123
96.5093
119.021
125.96
25.0304
368.193
199.256
322.515
13.401
502.582
215.543
554.039
416.428
361.254
261.06
248.89
14.5407
104.907
40.3698
363.14
51.6091
20.4942
143.664
161.645
252.218
41.2928
280.492
22.8442
87.9032
8.06873
129.9
16.3355
230.507
76.986
562.524
547.338
32.1644
64.0408
39.0402
183.107
193.25
8.86211
198.172
411.916
276.364
8.14814
243.319
148.206
274.166
290.656
193.735
16.1191
6.1207
33.762
173.343
25.9141
374.201
180.951
87.2037
6.3505
456.668
454.494
15.9471
70.572
141.398
18.2269
365.272
374.259
254.097
568.102
14.9908
67.5451
77.5718
17.8809
16.9234
123.173
19.6666
270.481
256.496
111.824
252.61
24.5625
131.383
17.2223
25.2634
27.7179
201.59
10.1331
49.0763
6.48845
458.08
277.906
103.381
158.705
23.1307
263.838
197.895
6.87491
410.888
31.2982
21.9955
124.068
241.039
209.12
9.43882
31.9529
218.585
122.24
120.837
19.9404
365.16
18.6133
13.8921
240.439
271.568
101.477
192.581
168.438
417.36
185.484
52.9019
167.227
16.2767
526.073
65.455
169.567
109.665
81.037
23.3192
16.8367
20.4844
266.004
7.6882
68.5911
17.5054
19.7354
70.9289
198.841
15.4966
35.2416
225.773
15.8226
27.405
111.7
18.6162
515.094
53.4624
233.847
38.5734
62.3054
15.6821
126.501
149.645
25.2188
149.477
11.728
247.739
413.201
19.4495
292.327
113.176
10.2375
202.414
229.912
71.6485
7.94006
168.726
509.184
329.295
162.735
155.961
203.425
7.23365
344.873
303.692
228.742
9.06069
15.9467
102.833
399.668
308.299
108.277
110.63
19.1574
45.3773
224.74
177.784
290.361
415.24
7.67112
164.734
13.5066
224.459
196.384
347.711
7.04793
430.208
69.4172
209.359
233.029
203.503
354.429
11.3617
231.709
166.836
18.7034
203.031
287.871
383.205
194.681
48.8527
20.2188
227.2
24.4907
14.633
198.036
7.87142
20.3372
506.543
175.858
15.4272
183.76
10.9898
9.16776
47.3841
13.8573
148.689
434.734
20.9592
9.4996
11.0938
365.968
438.704
10.4311
5.6
165.99
20.2276
508.001
361.132
71.1172
222.271
518.3
15.4184
168.011
112.16
16.5359
327.727
344.067
330.218
452.416
219.774
356.937
10.5523
16.3145
310.716
300.042
14.7097
73.0455
12.4544
317.673
398.207
3.90799
249.972
18.0611
311.22
192.28
12.7049
19.7549
22.9703
114.474
394.003
409.368
510.812
9.34825
192.69
18.4848
82.4961
9.80975
10.0556
211.076
18.6142
16.2627
232.585
195.232
227.647
19.857
16.1159
148.676
319.006
6.45577
108.579
10.5558
443.097
228.508
455.472
18.6493
140.724
17.1103
344.469
49.4418
387.106
287.072
13.7678
119.736
341.813
13.6437
217.079
16.9824
76.2417
16.3603
386.685
227.46
166.68
290.716
187.993
496.94
16.7839
270.521
126.442
292.851
14.5809
251.125
5.47943
17.1376
10.7621
214.348
116.562
18.6206
281.975
300.109
5.69722
23.0635
475.677
249.932
203.999
22.983
11.6385
92.528
188.405
283.514
333.278
10.3299
295.145
21.2078
141.299
178.209
17.608
560.592
68.5925
21.9581
215.919
9.25905
227.221
160.044
10.7091
305.479
49.1078
108.561
20.6655
25.9585
223.062
342.47
504.814
221.297
89.0629
69.2026
42.3366
20.9649
114.336
449.603
324.413
9.97914
323.942
52.8979
537.142
22.0904
9.63559
106.253
35.9616
243.738
344.109
58.9923
36.4476
107.134
242.842
9.23891
17.3471
362.98
13.0135
358.697
446.286
78.9927
9.49591
458.644
68.8491
10.7574
24.5753
15.4433
28.8196
412.525
246.399
35.8685
273.057
12.1104
331.818
556.822
390.93
18.9309
56.3511
15.0767
345.724
327.181
21.9596
64.7673
14.9304
88.5014
19.5985
18.3395
520.769
20.2505
358.073
227.202
41.1493
20.9795
477.095
282.434
180.496
260.529
265.174
471.174
427.48
427.067
168.908
296.772
317.676
14.589
337.053
261.066
21.6926
275.431
250.934
543.846
564.659
18.3996
15.6746
397.789
24.6126
50.019
29.827
78.4762
10.3701
83.4422
160.572
21.067
461.82
262.465
421.975
394.89
24.2994
260.331
9.68081
145.226
320.615
75.0557
350.422
326.395
48.5909
76.6612
59.7818
12.2014
152.759
413.937
21.5174
563.335
305.811
514.664
301.771
16.6015
7.07277
131.473
18.221
18.8955
419.574
246.62
521.091
23.1497
64.2284
6.12067
18.982
12.9674
21.8104
9.98358
318.446
19.1936
19.6215
316.544
16.2527
22.8089
201.898
329.625
514.52
22.372
160.78
8.19667
23.4942
282.021
11.0364
430.067
20.7582
176.912
365.829
7.74521
19.1488
40.23
434.498
429.906
11.9351
295.043
20.4009
243.78
247.797
14.0663
359.35
71.2234
73.5539
10.9879
36.0689
162.295
17.041
14.5796
20.5497
463.172
327.886
332.895
182.628
179.021
125.721
5.00696
201.301
14.8643
165.438
320.339
33.9732
61.8789
189.418
79.4126
31.5843
47.9111
129.397
35.5253
17.2628
364.257
198.09
17.4492
199.206
13.9215
195.982
184.217
439.071
68.3578
18.442
38.9112
30.3526
14.8966
416.063
328.159
26.5419
16.4574
10.0885
22.2538
17.0759
18.722
226.418
408.72
19.6717
123.152
162.539
248.936
20.4251
17.7568
61.1492
88.7633
268.066
364.83
276.388
181.465
165.449
117.763
167.381
147.758
240.578
21.2778
248.78
219.827
443.355
17.3209
251.086
18.2282
21.4143
177.543
52.957
14.8002
68.6483
159.57
6.18065
230.564
136.672
171.571
386.355
13.4076
11.0054
384.055
421.502
188.509
333.792
21.976
69.5991
16.377
192.493
187.837
158.88
142.088
334.489
140.902
22.3476
10.3037
358.955
454.43
113.422
209.39
362.046
10.3346
19.7751
307.008
309.832
27.611
23.1026
524.256
102.003
154.637
373.488
-34.6593
499.893
25.8111
5.10269
291.287
10.9235
21.3184
390.926
302.91
21.1828
13.3502
408.599
429.819
18.0729
272.217
19.8141
18.935
21.241
68.48
8.63828
38.1589
311.732
2.76465
20.4755
390.435
48.0931
329.494
120.492
454.113
77.586
110.356
13.9111
125.709
5.68825
209.284
469.773
153.973
505.314
177.37
311.049
67.1054
199.042
421.286
68.2202
47.8531
20.5878
83.9602
312.206
421.35
346.509
87.076
158.525
64.3276
73.1058
1.71978
452.257
393.127
194.564
73.0484
163.727
267.146
105.57
19.8433
22.1865
8.87072
56.2417
34.46
8.42939
130.223
377.437
21.9074
159.667
18.351
435.401
432.345
34.7474
16.6951
21.2254
6.54833
116.096
230.722
348.779
384.903
397.66
103.613
370.027
278.777
94.9424
17.4837
241.503
19.6477
13.6823
18.1606
18.2874
334.546
551.421
13.5728
15.2343
330.805
13.7039
5.7155
18.2636
246.588
11.9371
19.0648
188.961
37.1948
17.539
8.38989
363.471
9.32785
187.825
204.02
460.268
20.1719
120.28
254.594
381.58
189.285
52.3542
7.75252
299.673
525.993
9.68135
404.81
86.766
236.422
385.382
13.2053
17.892
81.4964
416.679
471.927
344.306
530.362
372.642
362.111
366.462
504.844
182.872
526.489
211.945
13.9366
338.282
95.114
18.9316
222.842
170.782
259.87
63.8192
9.00249
474.337
68.8916
245.265
134.878
110.761
487.882
398.053
39.2366
47.0434
294.185
149.894
9.21651
18.0742
473.276
265.882
299.563
156.889
9.60263
202.028
245.957
440.668
158.642
9.22435
221.854
84.7038
145.698
62.2979
438.635
10.3522
254.965
87.8284
16.1448
284.28
12.6654
254.224
384.474
21.4304
15.6478
16.136
155.629
105.385
170.583
246.105
11.2116
10.649
16.8383
31.2112
42.5628
15.7151
274.643
491.46
172.885
367.741
504.799
59.3582
147.475
533.554
17.502
486.301
53.8559
364.008
7.14669
97.4334
306.767
163.582
291.546
15.1779
14.6276
94.8858
328.247
179.319
85.8795
245.68
335.595
232.277
58.722
9.62616
10.6736
53.0222
91.1618
15.2898
14.3469
192.183
8.92207
257.037
156.101
103.284
65.8436
527.882
134.472
19.5766
22.1384
23.188
377.292
173.609
205.221
235.769
16.0585
91.5429
12.8873
131.214
23.8037
239.251
17.1457
17.988
148.05
15.3724
565.877
8.47233
417.812
128.467
69.8957
457.122
14.2408
469.082
571.99
152.592
142.476
135.413
146.176
360.185
219.349
64.2241
9.15443
29.041
22.5085
18.7641
372.204
16.7678
142.015
25.4547
367.932
19.8886
505.719
22.4567
15.5512
21.6164
523.201
74.2125
211.735
217.28
70.5463
11.5354
25.3914
22.9568
89.9787
8.9905
47.0648
281.198
11.6948
439.851
557.092
22.4486
10.7097
359.228
11.484
104.211
277.093
147.95
367.374
491.315
82.7571
151.026
472.31
249.171
246.92
43.5431
265.338
423.993
222.437
16.1459
223.221
205.932
379.014
332.323
21.5308
383.982
363.22
477.069
56.8421
328.846
223.432
19.2119
152.757
10.9749
269.952
34.8087
15.1106
254.655
17.2444
243.95
232.056
231.034
357.427
221.489
226.793
48.7408
250.86
184.824
186.741
376.083
20.4351
308.026
111.448
17.6866
77.8753
492.673
71.1947
171.664
276.29
214.508
15.4817
256.227
138.239
445.395
99.1229
15.9427
14.6261
203.472
15.0443
17.198
250.031
47.9494
385.877
130.885
24.7091
21.5434
367.586
11.8099
65.2872
31.3383
127.349
11.4165
364.513
126.199
13.6577
407.288
78.6576
314.287
459.761
240.577
15.2072
22.3732
191.181
497.337
324.41
28.8033
12.3833
49.918
152.341
245.0
12.8415
350.583
16.7805
437.483
82.1628
22.5705
120.691
10.8079
18.2087
432.665
154.283
18.8687
361.382
337.458
262.821
24.3532
218.302
436.118
126.461
6.39399
123.579
490.994
132.537
17.8942
101.302
9.79482
22.7478
253.12
11.0591
565.957
98.9812
13.6526
209.963
294.262
12.8087
15.9967
330.655
54.5125
22.0938
60.8383
74.8137
18.6648
180.679
18.9631
18.3098
280.996
7.04929
406.685
186.012
10.9934
269.121
29.0926
396.569
159.285
336.984
251.274
27.1249
338.947
70.2533
30.8822
278.977
481.687
170.179
426.199
12.7731
20.7788
110.815
245.507
371.364
15.804
185.731
133.851
274.852
6.80127
205.521
316.31
16.6007
19.8885
223.245
94.5022
263.537
67.7779
6.57842
34.7596
48.9498
16.0546
193.637
22.7664
16.9314
86.1453
136.313
22.6973
21.0963
103.196
32.3083
94.6241
7.45446
23.3768
223.743
270.6
141.265
185.141
59.6961
247.526
60.4512
18.5158
3.81766
5.0516
195.229
22.8503
18.2506
21.9345
32.7698
20.4689
32.7506
31.0655
8.61285
96.296
50.9743
210.109
109.325
273.658
309.127
21.9151
316.544
156.175
511.626
381.947
424.557
24.9969
9.98722
8.34745
9.33492
18.0848
229.832
13.85
182.134
199.063
330.696
17.1648
278.99
119.351
14.9287
189.79
435.638
548.519
230.076
10.1876
46.3586
19.8232
378.112
393.969
563.393
7.96135
256.473
196.315
390.852
367.613
62.5958
93.8959
244.134
10.2445
96.1409
268.248
13.3695
245.388
16.4814
235.335
71.1662
324.669
439.395
371.974
483.557
202.055
82.8089
149.296
396.421
21.4632
362.221
3.60715
375.153
253.463
16.7456
14.4846
94.4878
336.904
404.966
353.314
15.9423
139.953
190.013
134.45
67.5492
112.825
425.894
153.391
87.9454
306.648
199.008
14.9719
278.532
222.685
398.204
223.262
127.421
132.409
22.0727
78.908
15.8921
10.9966
444.917
23.2349
23.2263
201.628
112.529
522.175
73.1205
259.85
112.083
405.494
450.453
466.467
259.573
69.7906
221.379
30.1621
304.025
133.526
243.864
139.768
185.06
408.425
126.443
357.942
10.7211
285.517
466.991
261.924
277.7
244.464
246.679
71.7193
14.1261
125.191
22.6521
77.047
250.807
15.2522
237.839
17.5163
26.7867
19.1793
62.0425
225.896
11.4179
210.282
14.8408
21.5508
412.437
155.405
16.5127
172.793
17.3397
116.958
173.135
374.539
352.31
149.226
27.25
19.0781
145.258
24.8946
18.1099
298.496
138.323
433.729
11.8792
305.891
14.7806
291.204
468.256
9.34247
326.874
320.703
101.341
451.721
266.258
432.137
16.9162
384.564
307.039
558.849
19.1409
289.335
516.391
176.4
146.114
15.7504
166.721
131.196
235.15
11.1658
220.214
245.948
221.882
19.2006
427.997
176.753
54.9061
7.71182
20.9352
37.2525
408.327
166.545
73.8801
15.4046
312.417
187.027
160.791
67.414
110.032
16.2543
14.6699
59.0209
106.165
11.0897
18.006
335.721
182.341
366.644
124.258
23.8267
105.288
207.308
9.3789
200.936
5.46919
163.967
12.068
12.3578
296.676
20.1422
400.047
383.382
260.001
14.6511
143.936
57.547
248.527
214.291
368.412
30.2636
24.4999
321.781
12.4433
206.204
18.8958
19.557
8.96855
31.9047
121.643
13.7011
20.9982
304.139
14.36
23.8437
15.3082
151.929
22.8875
343.691
17.6519
329.595
25.7112
56.1926
8.80859
151.489
55.443
245.958
22.8349
10.8439
98.4101
231.955
55.1115
8.884
224.454
363.561
174.572
206.867
382.934
166.96
217.579
9.20146
13.6267
325.402
132.464
110.08
13.1205
362.504
10.8749
15.5936
471.413
116.908
6.11581
383.619
280.763
62.5137
168.088
24.2289
15.9269
55.5899
16.084
21.9276
10.0414
103.04
261.201
143.828
8.07472
51.2188
15.4535
555.138
294.38
118.701
85.0863
23.7586
439.015
65.2498
4.72461
21.5504
89.5679
413.072
17.2597
137.941
251.821
165.515
113.536
303.555
21.0879
435.767
7.92927
248.207
329.159
24.1031
64.9674
21.8011
202.975
12.8989
18.4428
540.667
159.453
329.382
198.052
21.4588
447.1
116.203
64.969
379.346
31.1278
4.88108
299.909
22.097
444.55
134.845
333.486
10.9257
7.26638
77.5548
17.1369
16.4955
137.517
335.547
197.91
177.628
24.5762
315.461
39.2621
13.7802
19.0857
249.294
54.4632
15.8255
8.63897
11.1199
207.305
390.816
10.7041
444.86
39.3084
6.80346
11.2174
80.8314
61.9093
499.203
17.368
53.1468
2.40772
495.722
468.987
33.9218
23.8706
14.9565
18.1325
15.3664
299.448
163.924
9.1759
15.806
22.4584
10.1993
542.837
20.6532
9.07878
20.4924
180.671
15.2072
403.876
19.5854
25.0169
72.5812
214.255
6.20301
9.30067
296.645
179.538
196.765
17.5266
135.628
18.3671
352.684
19.0512
11.6912
364.115
113.795
23.6633
171.527
4.98541
194.123
257.773
484.779
13.6239
360.208
72.6359
202.605
409.086
301.568
21.6699
331.092
134.898
110.818
12.3232
23.6789
15.3003
225.887
258.757
5.94626
447.761
426.82
16.5514
104.992
438.09
243.998
18.7609
12.1454
18.4722
19.9652
289.259
23.4983
8.79398
86.9058
263.358
272.11
102.986
58.4356
172.797
15.7723
42.7309
451.314
25.6814
7.11363
9.51852
286.644
16.9942
159.708
521.739
14.4541
16.0206
39.32
372.476
39.1564
85.2969
48.9951
6.07743
169.462
6.01233
97.2956
169.851
382.679
111.486
171.556
297.48
337.605
371.658
116.429
13.3212
22.4758
4.58843
138.666
289.344
9.26505
21.2179
578.589
19.6375
155.821
9.27444
62.7698
22.7622
16.6227
17.614
82.1537
78.5419
9.48153
279.817
380.084
25.0623
13.8448
16.4375
280.79
400.669
175.953
406.738
90.6881
34.7944
53.2746
15.2562
15.8879
97.2764
289.753
378.01
217.163
462.341
18.1047
138.771
59.5699
17.2619
339.2
10.8376
317.235
22.7809
355.487
185.43
238.914
68.7563
139.656
478.936
279.254
18.1689
25.3901
93.2959
9.70806
171.976
150.488
150.998
91.4259
137.652
15.587
312.269
249.078
366.714
6.76554
388.383
157.532
464.688
320.57
231.737
11.2709
53.4183
68.1985
16.2695
204.411
289.194
23.7747
18.1207
196.888
27.5392
365.419
16.6611
34.7246
316.042
121.294
23.7718
229.292
15.2317
19.6438
354.512
14.9634
43.0226
22.6587
136.995
244.137
101.205
20.7714
253.717
353.584
451.877
93.0347
19.2689
20.1556
310.422
327.486
150.746
328.873
238.421
509.21
19.2822
311.891
185.589
11.7697
453.543
13.3477
392.395
351.67
391.172
253.795
510.036
302.345
18.0489
300.97
21.1556
14.4145
4.22284
148.607
21.2024
35.1724
27.7307
22.6761
305.623
34.2967
458.684
206.12
155.387
42.5804
11.9702
118.206
7.78117
23.2833
5.04492
16.0315
44.6314
385.049
177.597
188.996
110.613
15.4642
165.578
21.675
198.174
15.3878
179.252
21.7935
86.0607
13.9613
261.068
379.298
410.991
38.4666
379.631
244.059
159.338
555.91
19.6893
184.356
170.849
85.8223
18.9543
42.4438
170.905
152.16
230.01
90.73
22.2269
29.8815
170.549
26.8752
24.668
471.631
463.457
303.372
21.062
18.9439
224.486
15.1816
283.892
97.1144
176.24
178.375
167.734
12.9571
437.042
106.076
14.6213
4.01043
15.0375
19.356
117.266
206.58
24.8894
344.464
18.5793
185.465
5.67672
19.4922
10.5746
18.8916
384.949
303.443
360.194
83.6764
508.436
14.0282
21.7649
326.974
398.208
36.6198
132.698
81.81
28.5573
14.2738
25.8262
22.8651
444.284
207.902
91.6121
328.891
474.785
52.7253
236.612
337.54
294.587
166.785
414.661
170.892
13.0769
21.7472
14.5593
289.735
159.306
112.28
11.165
16.2758
433.675
315.648
533.456
193.375
482.115
302.552
5.37664
22.3029
48.2432
355.43
288.097
207.248
11.0891
296.348
186.04
72.3396
364.757
5.58315
10.2255
294.645
27.4139
338.711
19.401
131.414
189.429
13.7535
120.551
315.993
22.9354
238.04
344.058
41.522
10.4635
9.88866
16.1681
188.494
18.0273
6.2235
452.511
14.4469
298.866
17.6076
17.7077
34.1893
458.59
331.533
401.82
8.17376
427.944
69.3861
16.4477
83.5229
7.37612
22.9871
212.655
513.383
13.0538
274.929
242.876
346.738
6.44747
119.322
11.066
21.2498
12.5
11.4964
165.979
22.0439
385.03
460.522
347.654
14.3562
20.1177
302.765
408.055
115.999
401.194
7.07871
98.0531
10.2081
148.248
442.063
182.584
208.657
5.06702
334.183
167.15
207.409
566.588
101.09
28.6813
196.861
18.0181
16.6575
210.885
273.278
46.6596
14.7792
318.787
167.731
66.1225
10.0998
202.145
68.0166
17.8347
17.7526
199.252
115.742
365.176
17.2416
208.478
374.126
17.3045
18.347
17.206
143.034
307.871
14.4597
8.82707
160.636
26.6338
170.901
4.78403
74.6578
215.236
290.588
245.581
190.509
428.943
119.557
324.138
20.4566
115.236
325.858
14.9286
30.6601
418.178
53.8683
15.222
57.8202
203.335
319.715
134.531
6.19856
44.7672
146.425
16.3976
225.516
220.269
226.448
296.821
212.444
22.8739
31.2453
232.942
12.6167
93.4527
363.032
205.873
133.556
13.9775
287.337
8.72443
191.831
30.8084
236.04
7.17368
4.86659
140.81
20.5836
58.0384
269.919
14.4473
357.674
21.0105
411.808
411.47
152.563
19.7596
470.519
6.09567
20.3058
195.006
9.69645
24.5361
20.3102
22.0079
514.218
142.766
34.44
16.3647
116.422
229.192
22.3297
291.502
331.799
305.965
335.427
281.098
16.8564
140.062
234.464
20.3913
504.678
164.645
247.681
4.63988
11.2595
471.533
13.7511
21.3076
323.837
260.917
192.395
18.3501
146.14
107.402
367.052
330.084
47.7432
19.1613
158.588
20.7209
18.7334
10.0581
231.019
11.6085
243.267
251.184
204.771
321.68
15.708
242.08
39.0784
10.6663
19.9662
15.9053
19.1355
391.883
104.698
69.8411
128.524
21.8822
9.13263
122.854
247.48
9.54227
16.4595
234.116
353.273
28.6054
188.553
9.35509
316.585
34.3835
19.6185
17.6266
84.0648
135.993
23.7506
6.69131
22.7755
12.1707
89.4758
72.805
12.3794
106.733
384.045
6.82157
524.942
121.966
21.8955
172.594
22.9366
312.578
316.662
16.6528
21.4358
14.2754
251.209
295.406
380.196
408.844
14.558
20.316
14.3136
71.9423
14.8762
8.77079
8.31728
280.168
351.635
25.6592
159.0
271.472
10.4573
25.9107
124.464
6.92568
191.422
28.033
260.06
19.5314
459.469
23.3787
14.3119
73.4148
12.9454
333.215
54.0471
18.5158
24.3428
207.709
15.5557
348.074
213.373
292.122
19.4279
407.57
213.507
136.573
20.7542
13.4556
193.917
514.6
36.9187
147.988
10.6899
323.307
352.315
21.6052
16.7208
34.9277
392.601
7.50052
434.126
20.3292
126.359
13.3032
6.58324
23.6496
273.155
202.411
490.298
99.7845
20.213
18.2825
249.429
312.006
111.694
20.5721
276.958
68.544
52.2901
284.2
191.661
57.5324
342.028
80.2888
321.062
183.516
408.388
473.943
94.2153
20.0838
25.4711
204.829
309.87
328.572
17.3943
14.8808
49.3629
13.2154
157.348
8.32919
15.7424
21.3057
25.7954
13.527
224.124
520.315
14.1893
9.91468
298.582
8.41074
533.623
14.3284
427.604
139.969
393.976
135.762
324.707
361.186
14.9205
141.82
15.2231
9.89795
176.751
290.241
250.419
15.4395
468.039
474.529
2.77648
248.016
28.029
284.676
20.8261
24.2281
239.113
246.079
23.6557
9.75103
12.4221
15.9395
128.03
165.87
4.90837
228.172
466.535
315.384
155.132
259.845
213.281
20.7167
197.522
205.678
241.085
309.57
333.76
372.729
5.19321
8.81474
446.196
23.7637
26.2705
172.641
17.7526
125.282
15.7273
168.591
218.488
165.381
285.766
115.92
177.514
397.102
74.7971
176.616
183.374
326.268
406.216
16.1058
407.335
90.7969
244.515
427.331
67.9676
373.549
310.596
246.245
20.3169
238.361
19.5793
386.688
210.866
368.551
178.749
150.04
443.954
9.52845
272.467
19.2158
538.818
207.062
23.3906
87.9092
201.307
-4.58749
226.165
14.8181
15.0736
21.6903
17.1381
12.2815
13.5831
238.778
168.285
324.511
32.4928
350.724
14.7202
11.2795
284.001
349.232
20.3999
421.358
369.837
19.4921
262.297
77.9776
242.675
442.714
129.474
17.8817
15.2606
16.0451
5.22061
18.7922
15.7673
16.4785
528.459
250.672
13.1275
20.71
21.5627
296.113
20.9326
160.638
15.7865
20.6946
298.448
44.5579
313.109
11.0537
211.323
15.3108
125.676
24.111
4.9632
407.989
409.262
113.019
19.463
380.566
52.1299
11.2184
204.542
228.145
179.457
160.748
199.066
19.76
424.206
115.481
65.6762
16.8418
10.0314
78.76
377.715
16.2679
343.181
105.954
98.9085
12.7985
130.881
517.272
252.784
234.133
434.385
264.511
21.6462
248.556
563.633
21.3144
153.106
303.35
76.7477
92.7443
23.2418
83.957
22.6853
7.91104
348.755
208.505
261.962
27.2982
477.196
36.3874
22.6084
309.929
16.8061
237.55
13.535
514.12
393.628
8.47595
355.94
82.0738
251.455
296.791
47.0668
283.644
262.029
43.285
241.389
50.9702
350.646
246.505
37.2038
44.6271
141.08
515.641
256.987
27.7642
467.199
390.568
139.963
19.2426
20.9091
368.646
116.371
505.569
54.9968
495.834
440.354
88.9794
9.00196
122.979
14.0061
23.7773
339.058
21.1739
402.211
17.065
255.748
11.9581
217.387
12.5161
408.387
65.5667
448.131
222.953
11.5345
6.25728
107.468
145.762
148.291
7.74498
13.7094
192.485
19.9984
58.4016
48.9246
402.371
184.959
210.759
400.312
468.489
244.957
22.2598
20.5745
221.182
7.27187
326.496
248.049
20.5207
18.7103
407.054
61.5712
31.7988
101.755
299.391
10.2009
15.3058
9.48176
276.434
347.212
355.155
387.387
12.685
9.79405
159.026
164.432
13.9143
11.6064
173.749
217.037
61.5766
22.4041
417.446
171.159
11.8777
149.327
250.996
255.138
171.149
14.9096
152.923
17.6517
11.6314
18.2807
436.448
12.8596
288.153
95.9446
135.373
222.957
13.4657
18.4853
20.0327
24.2123
286.911
186.528
219.816
347.119
13.7826
18.6409
245.185
378.571
13.3707
7.46871
165.282
364.918
481.354
349.066
23.5635
4.17783
202.123
49.6953
131.241
197.74
9.54063
7.55103
257.59
18.1627
18.7147
23.3486
472.309
19.179
127.502
47.4711
45.7586
18.0637
211.311
190.154
458.741
290.207
440.222
97.2476
221.004
19.0554
189.901
20.0669
477.838
18.215
109.576
515.856
290.043
429.615
22.2481
7.28503
14.6219
465.491
289.75
139.79
19.8272
352.455
208.492
21.8972
426.561
441.11
83.7874
24.4285
20.0517
126.295
366.106
209.255
153.084
61.009
139.699
271.67
86.5084
272.497
447.484
241.17
142.842
5.39941
130.046
439.639
15.1016
143.683
360.478
250.005
189.041
492.337
298.54
404.334
175.547
202.234
198.507
400.166
202.901
401.272
5.45048
516.853
46.2251
10.9313
493.018
416.388
60.9301
213.066
13.3054
202.405
179.004
346.487
366.079
15.8285
362.473
445.41
23.5745
439.276
7.25888
147.151
231.585
29.2345
341.691
141.557
283.266
500.348
366.118
145.436
14.8653
459.81
16.8468
470.425
297.86
78.1898
504.911
21.6702
159.084
401.126
117.842
38.7252
25.8909
324.288
12.5495
188.637
360.2
248.484
56.8891
349.926
20.2801
15.6414
203.556
134.757
16.9924
36.1603
280.346
372.999
72.5859
345.574
334.862
100.732
318.437
13.9575
348.243
62.0238
140.992
209.539
119.496
458.188
570.048
315.55
244.94
147.198
207.065
278.714
172.79
47.4376
35.8495
191.546
138.402
438.283
476.593
12.3041
132.902
316.171
7.49405
18.3837
229.067
16.8412
34.5566
18.4203
209.483
261.325
380.147
219.648
351.051
14.6131
229.575
249.4
17.0562
28.8978
374.423
273.351
316.128
92.8387
8.16956
108.491
280.707
201.843
265.007
315.945
18.5609
12.6664
438.223
19.8067
127.477
173.213
164.75
14.0939
20.6646
60.6992
249.448
308.246
14.852
21.6372
277.069
9.55966
22.7779
346.017
6.16796
83.479
23.2203
379.897
21.9385
86.4239
100.624
5.51299
14.6308
165.895
246.188
75.2977
14.6083
14.4378
319.533
16.7549
20.5292
167.628
35.7965
26.4733
304.887
10.3851
181.0
364.846
13.9409
166.864
22.4754
9.96504
228.656
15.5228
78.6092
376.805
168.625
289.04
18.5008
225.3
403.145
6.47748
339.624
33.7647
116.271
353.523
65.554
19.6
21.0199
10.0425
352.537
446.455
19.4877
19.0911
20.0802
17.3623
11.2192
330.937
157.85
544.584
399.375
37.8954
150.503
87.9573
15.9195
254.428
8.64625
355.631
31.7896
534.261
27.2123
215.806
21.7399
436.947
272.909
11.7853
296.028
150.051
320.498
246.621
546.569
15.1259
441.843
144.181
8.42659
17.6457
20.3608
284.571
166.617
301.043
101.315
224.626
395.81
6.93922
42.6897
452.489
9.70885
387.194
359.849
25.297
47.8436
452.338
120.213
376.94
9.89478
18.5963
195.7
167.487
182.609
364.949
38.5896
88.1055
25.2248
15.2051
62.8317
273.754
14.3454
19.5712
18.2707
20.7268
370.442
18.2661
19.2629
328.018
19.4629
23.3163
19.9972
250.122
247.356
20.0723
128.417
23.6703
182.716
148.7
261.551
19.6751
18.3978
228.641
426.865
74.4174
392.183
34.182
204.617
151.381
94.6553
442.177
383.216
21.4215
345.265
121.72
219.061
338.626
10.6123
16.5911
349.17
205.955
83.1758
20.4873
410.853
375.035
86.3164
166.974
137.221
208.218
125.981
356.898
426.958
360.281
348.554
365.255
9.3871
73.0762
97.6053
18.119
76.336
18.3658
74.5713
245.353
20.5591
195.861
20.4974
9.57789
20.7743
265.718
142.853
23.2632
177.445
13.6094
63.2527
59.2657
493.193
154.768
51.9579
326.888
525.131
202.103
22.0597
182.403
131.796
196.02
386.941
210.832
6.32035
19.6739
399.675
294.454
32.064
336.269
280.152
18.4414
124.042
152.984
24.8463
323.978
104.473
200.427
8.1424
66.8712
19.5524
41.2049
416.052
376.841
12.9316
62.2559
342.566
307.185
11.2899
9.34883
15.5823
30.7575
171.74
16.9469
452.091
209.156
502.553
84.3514
560.991
417.258
5.88521
313.817
18.0116
231.496
385.897
169.337
42.6684
10.5964
18.1728
190.178
248.972
32.827
27.8655
6.97639
157.628
38.3875
110.039
240.739
224.619
303.259
274.74
16.3962
340.611
462.151
178.107
9.60548
176.797
171.626
173.808
256.729
6.18278
17.8759
93.2989
259.868
157.229
16.4596
277.841
181.676
189.477
261.346
163.457
307.615
17.419
361.752
5.96389
289.448
12.2673
211.336
496.196
19.7882
244.981
267.032
269.409
31.3142
400.138
5.73337
235.079
347.524
49.2978
221.178
391.314
368.346
161.94
10.0531
238.634
21.2923
338.073
21.4722
15.9154
357.949
55.282
246.996
7.99372
11.8332
34.2154
407.65
345.026
5.07498
395.004
328.106
22.3638
312.24
88.3152
77.2848
118.471
91.2021
11.0428
20.1796
366.108
21.989
14.843
493.366
21.5499
173.246
5.37317
329.952
461.103
323.925
127.788
24.7864
93.7482
213.068
457.833
22.0759
26.82
8.64448
19.192
45.8038
142.314
74.9486
160.538
222.144
150.758
24.1418
47.2798
133.385
173.343
5.85157
93.0093
57.8672
173.273
294.423
345.289
20.6378
17.3832
158.016
411.903
328.311
233.236
17.133
376.978
4.98787
263.896
163.694
6.7296
150.63
35.1316
136.792
160.059
227.859
297.641
61.9823
20.4106
295.176
434.092
12.4535
39.6226
9.56801
12.949
4.70494
359.416
405.982
9.26639
370.905
17.329
173.391
22.3105
38.4108
11.7514
18.8155
27.1124
124.283
63.1053
23.363
278.653
209.575
17.1966
341.991
418.785
290.292
14.5796
179.696
23.5234
17.22
184.124
137.087
22.3767
17.28
440.343
272.868
378.113
365.802
467.248
6.95691
177.863
267.889
9.98435
20.5092
541.415
23.1692
446.825
11.609
502.152
105.328
398.342
399.518
123.506
230.226
37.444
337.031
172.752
21.1175
33.6957
300.568
362.944
14.7207
216.629
390.411
425.151
18.1814
16.8833
20.3263
258.869
413.802
232.826
371.083
219.88
411.696
472.17
11.0213
402.104
531.777
118.045
321.059
19.1622
9.22622
381.205
272.967
274.317
6.46355
105.374
166.76
21.2207
500.527
13.9858
225.634
557.34
10.9868
7.01583
5.01753
133.014
9.54039
408.192
19.9502
331.721
324.159
242.573
23.8389
116.267
90.5239
290.813
248.667
367.37
320.984
18.369
448.455
55.4445
327.563
532.032
311.009
23.191
15.7215
253.395
115.029
24.3234
23.3181
468.357
462.237
241.601
390.338
28.282
114.867
63.8999
406.661
291.426
41.1959
117.273
161.208
532.023
163.254
61.7611
24.8053
95.3011
11.9741
357.729
110.001
467.153
21.8257
8.72192
263.791
113.059
208.994
16.2842
17.8242
71.0333
20.8671
173.172
157.088
412.341
207.757
495.954
161.298
11.4053
27.9062
305.267
245.669
367.882
316.279
338.101
417.007
213.245
35.2983
18.9413
76.2337
17.5573
48.2089
230.997
19.6002
33.6464
257.613
497.849
236.163
227.35
140.829
18.5316
313.105
16.0081
130.014
200.645
269.434
22.4115
176.839
217.965
20.631
25.1583
110.864
327.043
21.9139
331.29
242.107
165.967
150.097
16.4597
287.375
293.255
150.981
117.426
243.825
154.399
135.748
13.8485
20.1552
18.1148
69.0584
19.728
7.23752
96.1942
12.9381
439.337
229.187
342.853
140.927
177.778
371.137
351.253
413.997
12.8588
388.292
141.685
22.9245
24.6155
492.542
362.376
411.423
406.001
442.968
397.375
169.431
319.93
460.342
553.366
226.378
420.73
16.8653
432.634
524.865
12.6965
96.9227
12.4399
10.4845
25.1017
238.472
192.609
295.863
362.436
10.5544
16.6635
19.6717
20.086
16.8901
12.8785
20.7325
17.9964
426.274
15.7154
17.2275
268.668
214.628
85.5387
518.524
224.795
11.5961
288.263
203.84
361.501
380.228
279.251
368.172
92.6188
19.2518
461.081
10.816
96.6277
16.2185
37.0294
211.145
9.9462
15.2624
48.5261
426.688
198.83
222.974
12.2043
17.6807
22.4758
368.163
334.889
21.75
204.681
112.756
12.7591
8.53098
17.7726
17.9614
384.933
310.061
29.208
30.1522
264.535
25.1123
12.1038
437.277
373.745
58.3744
79.8674
232.799
362.625
6.78067
18.0014
96.2519
242.55
10.0058
9.89719
14.6983
295.636
10.9
328.799
110.18
494.398
22.1633
194.412
405.541
444.991
282.413
119.162
5.81574
17.8089
247.648
164.425
72.1844
309.972
6.83546
13.9631
10.8673
201.952
440.977
19.6196
19.1217
10.0576
124.378
294.962
54.8435
10.1155
32.2529
345.092
23.8687
448.227
359.115
20.1075
516.028
23.2022
222.486
405.379
8.82306
183.704
20.6502
377.693
21.2884
19.5391
26.068
22.527
24.3902
248.118
191.588
55.1873
141.258
216.404
12.0478
20.2508
152.688
178.159
10.3134
171.015
396.862
8.42235
147.924
71.9799
244.406
18.7759
18.268
20.5384
312.168
18.7025
7.52979
384.586
13.5739
68.5676
15.4208
25.7856
104.585
487.403
10.1469
6.24089
11.2214
12.3081
369.069
13.3211
215.898
392.015
22.6049
267.129
6.78832
69.1909
317.622
32.0929
174.041
348.582
19.6343
203.715
25.02
387.91
406.033
10.2926
284.515
349.191
21.3402
329.386
331.563
334.559
232.512
297.67
505.158
15.0131
203.332
202.798
23.641
12.3951
22.2504
95.6027
13.5596
323.196
10.4692
7.43629
108.119
21.2277
118.172
68.8547
8.11385
17.6695
14.2342
34.273
130.786
276.69
349.724
173.621
128.264
58.5247
21.3978
354.212
21.5781
12.5122
105.986
17.5069
144.232
124.603
-2.38598
138.009
249.281
189.56
10.4111
184.366
270.474
17.7273
222.6
223.539
236.728
177.379
280.709
125.45
13.7573
13.8175
159.03
113.707
76.5499
17.8715
204.972
162.817
103.27
15.4506
161.18
7.27783
14.4068
190.19
416.689
220.784
22.3522
9.99835
298.503
12.0589
20.5188
409.84
10.203
196.434
21.9153
231.241
18.8472
44.7995
481.966
106.473
229.972
17.9463
18.2769
10.7013
4.92453
55.651
424.694
151.935
248.561
443.116
9.12807
127.374
26.7237
20.9993
161.217
13.6824
41.7661
5.91121
68.5929
7.79879
236.835
433.265
167.093
537.999
486.994
18.8968
483.035
385.793
254.008
392.793
80.9756
355.284
92.3145
16.1949
128.642
307.8
4.78071
10.7828
20.972
0.400287
17.4948
21.9005
158.879
6.19211
285.476
38.5367
315.654
360.397
192.404
213.966
173.657
59.7137
73.9595
481.419
129.136
25.1188
253.04
199.005
15.5267
25.0567
461.037
229.46
57.3762
4.85313
16.3395
68.6441
574.211
20.8951
49.7531
232.161
32.7755
10.3739
103.4
8.6077
373.391
60.4078
9.82687
76.0382
411.494
104.121
9.33225
80.8802
16.1903
20.8354
17.6778
10.6693
47.9772
16.192
18.8291
507.341
10.277
17.4755
408.058
307.598
10.5435
17.0282
68.8217
293.556
405.057
223.878
19.5031
7.80839
23.9135
305.43
54.9872
518.825
386.474
227.196
107.122
17.1755
72.0942
130.317
11.8644
508.479
276.111
86.8046
187.279
139.387
144.846
49.5045
452.776
21.523
14.909
355.342
174.536
485.632
18.0328
345.803
203.48
19.0934
254.848
170.452
23.4259
255.194
41.1482
24.7233
21.5895
81.2091
178.884
107.591
106.399
13.697
323.932
11.5705
18.404
93.0163
169.263
461.159
197.557
8.679
17.5151
170.673
42.373
351.761
16.5945
21.1128
12.6989
16.0848
272.233
19.5642
181.688
402.588
326.581
364.25
15.1478
330.417
14.4454
124.212
494.959
94.2143
241.758
38.255
18.2886
27.233
13.2559
21.467
23.2775
163.034
202.013
11.3513
188.859
13.3826
208.617
13.8793
64.2089
510.564
9.7817
49.9427
283.641
206.336
39.1838
166.207
23.9139
111.631
9.92751
181.682
564.992
210.832
312.819
376.417
17.3573
10.4391
106.662
23.6043
14.6812
8.7244
378.784
354.071
10.0543
224.598
77.2249
20.5352
195.411
241.956
492.662
84.1574
334.187
79.1059
542.71
296.765
163.696
18.0384
9.42625
40.7929
512.298
266.637
434.439
51.3328
313.086
297.996
335.997
14.5749
514.454
296.792
218.388
208.625
197.502
510.429
256.63
550.225
220.895
409.903
40.6154
75.4392
9.76151
150.152
151.407
438.961
321.434
171.694
9.65481
16.1369
150.981
12.5121
138.168
10.1932
445.799
9.99349
439.399
44.757
245.241
546.115
504.593
204.504
60.9927
90.6461
123.428
292.896
252.187
83.6678
456.014
11.0984
215.128
67.8604
467.236
34.9467
200.46
463.575
415.708
113.454
5.59203
168.864
80.1375
433.383
160.957
100.819
264.921
399.389
15.2984
329.93
15.1469
21.6215
9.81531
210.134
318.87
10.446
6.68775
19.3917
338.126
160.21
322.451
430.745
182.817
373.31
27.1296
212.028
17.7836
251.008
54.9575
53.4277
1.1023
16.0976
157.053
310.742
9.20548
320.459
232.19
328.251
0.98629
527.693
343.079
84.2674
8.77775
24.3576
152.462
187.71
436.358
167.125
465.358
125.87
5.46292
9.52071
297.849
219.119
404.625
252.477
16.2443
176.307
237.478
42.0756
63.499
236.643
5.86007
21.456
19.2212
21.3949
224.26
200.638
6.55338
104.635
19.5721
23.4696
226.492
10.9161
137.309
11.7676
195.501
233.812
32.2773
294.258
165.822
16.3522
205.095
558.764
40.9307
50.7179
121.658
9.90611
10.6766
315.437
540.802
39.1451
26.777
16.0916
72.5262
11.9108
162.914
157.144
125.777
50.4734
22.8851
266.366
295.266
24.827
92.6492
456.054
16.1403
13.5659
71.1208
102.609
80.6736
26.6231
311.785
348.066
69.2882
14.2843
205.702
11.7827
444.745
16.2125
390.653
252.726
22.9402
185.934
258.855
18.5529
36.0528
359.691
141.976
17.1479
4.92104
10.3477
10.8198
9.7498
15.3272
499.905
461.885
269.654
295.085
152.313
79.583
132.385
343.008
11.1744
214.691
9.44153
402.142
194.793
152.808
21.6346
315.062
103.073
413.935
385.243
9.25763
409.715
414.452
262.749
360.788
21.1593
18.3928
112.416
164.228
141.427
19.4014
9.55193
527.243
172.667
203.153
432.687
496.646
13.2215
7.84005
306.283
18.9417
36.3417
50.3632
22.1216
17.6082
215.35
93.0925
17.0499
201.149
22.1457
104.145
465.514
22.1222
24.3415
50.9801
229.914
88.8073
453.038
384.102
27.8315
485.919
132.211
68.5109
64.2851
19.9974
152.442
415.509
311.139
151.536
17.1802
100.815
23.3333
102.826
372.735
54.054
316.172
65.7158
20.3847
4.43055
4.91232
249.914
13.1851
368.228
273.11
166.771
61.0239
294.253
164.224
222.339
28.4826
549.797
509.846
345.007
113.716
142.709
212.577
15.0844
469.221
449.417
273.491
224.575
303.809
300.091
286.389
19.1907
101.211
16.302
240.061
219.186
343.994
368.455
210.114
84.7727
539.259
61.1949
172.013
147.706
33.2959
206.686
497.745
9.59329
9.13273
24.2527
375.261
304.927
416.959
217.547
415.76
17.4142
12.5574
165.295
100.11
10.233
261.771
17.4269
24.505
20.378
281.426
15.9967
24.4081
140.225
29.4707
16.0641
59.6594
59.1637
149.541
23.4487
14.024
52.2784
15.7968
12.0055
366.039
66.5308
13.8151
23.9905
263.472
20.8061
134.477
400.341
39.1467
371.863
419.757
140.674
436.486
221.031
261.691
19.5739
62.4089
304.295
289.495
461.196
222.33
24.303
205.135
10.8993
369.624
20.5342
10.6146
26.7255
4.54983
14.979
6.20877
22.3568
111.36
270.634
22.1503
301.375
235.621
324.676
35.4527
350.624
390.338
8.6889
33.0472
392.995
278.3
116.589
21.0332
182.734
18.1527
12.0415
19.5381
25.2454
301.004
6.98527
112.698
233.127
8.60841
126.794
308.146
181.261
18.499
119.008
404.162
20.9322
124.545
21.0186
17.8446
230.241
518.764
156.008
262.8
177.678
18.3595
439.447
21.9917
11.8046
153.497
18.8081
107.086
85.3691
13.2508
48.3155
175.68
14.5551
82.501
380.346
64.9654
458.937
503.003
9.94842
427.897
45.153
228.678
518.688
378.207
208.669
136.899
336.418
403.458
17.5144
211.769
286.168
24.2728
9.52603
384.577
331.685
199.546
243.482
338.542
103.019
172.657
10.1006
410.888
14.9455
155.756
212.93
70.2864
29.7756
27.1357
292.154
171.617
16.8831
283.941
217.479
162.025
363.614
86.2475
16.837
61.4208
31.577
520.047
25.9337
551.16
476.388
157.966
17.8935
8.36768
18.1938
5.87878
126.17
289.752
8.28008
13.1654
22.2719
12.8162
241.64
497.023
197.401
192.936
69.6296
66.6744
8.41942
212.087
8.98946
216.127
26.7108
96.4776
50.356
228.382
22.5808
222.661
136.878
361.83
10.4553
21.9866
7.12706
94.5486
182.185
511.332
17.1572
10.2882
231.797
16.0344
203.935
108.76
28.3729
296.148
20.8076
111.716
328.674
18.2476
27.2596
382.039
455.35
13.4108
253.693
12.9383
347.764
282.022
61.0173
528.206
208.437
237.314
12.9968
17.8921
65.1037
95.7361
15.3542
281.929
156.881
218.493
239.203
189.248
351.17
21.4561
91.116
4.98232
218.105
56.5752
237.403
14.0311
105.864
5.28486
25.6639
286.521
510.522
107.596
503.6
303.42
17.4509
21.6619
338.166
435.814
40.0829
91.9103
162.037
37.7533
7.25423
271.057
85.1052
10.5877
10.3826
11.677
405.252
526.619
11.2249
300.865
320.712
30.293
157.18
281.342
373.651
494.068
245.699
21.1757
23.0402
452.316
39.5168
206.335
369.436
54.9556
18.3913
202.168
13.222
13.7505
148.199
405.142
309.948
9.12082
14.186
86.7641
253.993
432.303
5.98218
6.16308
19.4278
190.312
257.579
17.8717
307.189
268.454
91.3897
58.8097
77.9621
168.931
432.177
4.32078
13.1254
38.9437
114.652
12.2776
225.873
8.64426
402.226
315.059
181.007
158.152
154.694
14.4015
154.649
10.2349
5.1899
51.0821
64.1311
78.0666
274.862
436.172
263.091
254.822
264.303
425.164
4.90683
175.466
170.718
61.9789
38.6849
160.813
171.776
270.507
111.857
108.079
19.6882
112.236
21.8601
424.951
3.49649
269.207
101.196
145.736
297.795
355.61
8.54477
22.2734
21.7507
221.226
18.2121
16.887
183.583
20.8531
150.143
19.3072
31.0881
475.933
103.328
241.552
475.426
299.453
10.7935
446.702
294.133
175.418
74.4932
12.0327
130.895
278.722
244.286
52.5154
327.356
11.5982
10.1707
370.916
330.388
53.9039
10.4665
230.335
98.9206
505.903
143.915
72.1019
36.9103
382.757
13.4176
411.204
30.0179
386.373
20.4933
10.777
476.391
305.876
91.1262
10.889
257.007
115.674
131.182
263.421
175.188
223.054
159.904
78.0757
313.39
135.769
21.3957
187.952
53.3634
299.104
378.824
16.2379
7.30989
238.66
23.7826
137.484
11.2626
29.4152
10.3562
475.641
68.4664
12.9622
38.8715
30.3668
189.142
129.44
4.94452
276.063
23.6695
16.0665
106.685
19.4971
293.882
74.9691
115.575
118.708
199.3
7.38623
15.7563
104.875
394.422
145.276
39.174
411.339
169.979
66.8041
319.182
2.87328
27.1714
230.038
85.2845
263.094
15.9458
7.57499
13.6333
26.0506
265.896
64.7692
392.91
13.2768
26.716
275.524
27.5183
5.21461
11.1443
13.3612
82.7613
86.8769
250.764
250.227
8.51021
307.929
181.209
71.7366
15.885
180.638
72.8268
130.492
22.7251
19.1994
352.244
17.0851
354.974
240.687
11.8937
22.0646
272.022
234.749
512.783
502.343
392.456
17.0065
392.556
208.95
152.545
27.4217
318.418
442.182
335.344
18.4181
20.9362
18.6114
15.4049
15.9837
446.131
10.4953
217.841
136.693
39.383
20.6521
207.058
0.0678969
285.348
117.299
269.424
9.60273
12.5211
206.498
62.8852
68.8652
14.8231
16.0436
70.1877
18.0485
251.023
316.771
527.448
64.969
4.35906
11.3828
275.57
14.9441
85.7418
250.608
258.859
157.905
15.6314
17.4574
21.4997
369.87
395.587
142.716
13.0217
245.264
160.311
60.6851
304.275
435.9
290.572
418.326
174.144
28.9616
18.354
14.9578
20.3927
410.747
320.233
199.414
378.652
13.2939
9.68609
261.799
9.52827
17.1381
15.8541
204.497
15.5795
13.9239
399.519
164.545
5.78655
11.2685
17.997
79.8428
136.295
17.8828
9.40481
8.57879
287.541
297.023
24.686
19.7291
17.0579
67.5426
12.1009
274.094
20.6796
189.345
21.532
102.165
248.121
206.037
124.824
9.84092
160.975
541.864
295.462
9.86293
16.0192
20.6766
251.134
63.9298
17.0864
169.399
398.384
19.0277
269.734
25.1355
187.503
7.60229
38.5489
91.3552
211.69
185.747
24.7387
136.116
20.7649
14.5227
85.4924
55.8027
11.7045
209.658
100.179
468.648
9.7975
116.464
16.1683
19.9573
28.2351
354.968
494.279
70.8727
163.309
239.288
10.6799
133.023
15.864
239.162
20.1193
516.056
13.7961
397.634
551.499
19.8553
367.418
294.605
37.4449
25.0981
263.824
9.65905
17.7646
386.534
20.0829
7.40952
176.073
28.1243
206.501
336.823
189.121
215.568
449.022
21.156
21.1061
359.01
302.767
22.4623
167.543
254.245
62.898
11.0795
201.181
19.9469
6.00744
338.052
11.6713
150.689
303.423
13.3876
10.8931
14.4311
30.118
104.42
78.8661
287.941
20.0632
432.18
348.01
11.3384
220.993
25.5694
533.415
25.4933
306.182
103.685
319.013
269.813
39.5602
304.991
10.3252
107.527
354.506
22.2883
364.675
90.4538
21.9626
380.646
17.9413
145.468
273.876
203.763
18.6353
353.475
18.6295
370.78
477.858
135.476
17.6239
229.592
444.663
200.401
9.34481
21.4
556.23
246.204
364.359
202.754
18.8628
464.774
396.313
79.6632
84.6005
8.84307
111.71
230.708
346.659
240.393
330.194
499.006
397.408
237.277
18.6045
23.5118
4.49757
210.279
22.8826
265.712
29.1069
16.6434
11.4721
155.871
18.3578
407.234
64.0065
10.5066
27.1241
13.3372
452.164
335.634
90.1442
32.171
518.264
259.122
8.4083
69.6712
13.7229
304.028
21.4458
96.3493
288.009
367.279
308.941
312.044
6.30936
186.866
355.12
176.883
11.3651
170.964
488.167
8.74582
112.222
318.286
334.016
265.145
145.338
13.3899
11.8803
7.04984
23.1819
20.991
8.12744
12.4389
18.5483
173.551
484.911
100.623
308.065
16.3715
17.7825
96.5517
444.945
23.2875
9.52402
177.05
295.45
27.8269
239.812
369.572
37.3056
19.309
64.1869
85.7898
20.1409
130.622
149.215
18.3907
338.515
36.1348
22.1655
364.146
77.4797
391.285
92.2595
394.226
96.0072
316.186
330.036
141.322
181.388
419.443
244.438
13.0825
16.0928
21.3412
240.44
138.1
301.147
266.205
271.353
117.677
198.265
18.7514
34.9327
13.4827
403.22
33.1458
49.2947
83.0333
224.205
392.044
175.831
386.127
193.715
173.633
238.26
23.4235
80.479
200.495
209.672
189.44
13.1268
-60.8437
270.417
22.6512
311.411
13.6912
446.752
485.91
15.2628
190.913
260.759
21.6558
122.581
64.737
337.915
388.909
319.705
49.8133
394.776
127.158
188.757
168.915
314.906
10.6561
64.8226
108.772
5.65542
111.775
172.711
286.311
450.33
39.3871
142.903
501.113
91.1297
6.37665
12.0216
28.1884
178.785
32.3498
286.802
448.749
94.2398
20.4764
18.4196
23.3855
22.1111
230.535
48.3235
18.3717
12.4262
15.2804
397.388
267.59
71.2886
4.72603
8.57774
314.192
203.637
12.2261
499.047
36.0314
542.155
300.077
11.7409
241.447
230.847
283.075
88.4566
79.6447
389.646
26.0179
319.774
220.746
425.63
467.64
9.21272
17.5528
17.6805
398.007
115.126
85.0965
312.959
16.9628
28.0785
15.0423
282.164
24.0097
17.6928
16.7526
239.423
294.642
9.56897
78.6282
386.713
363.88
23.9919
4.60558
18.8363
123.035
332.867
461.596
347.906
13.7738
146.96
96.2538
535.643
15.4673
38.9204
364.048
300.303
20.2514
116.55
17.3665
214.079
313.27
206.862
50.4031
244.856
305.048
347.212
169.486
47.6182
352.22
54.4528
475.481
76.0383
9.37635
12.6829
208.656
17.6093
201.501
214.683
85.7724
162.465
168.207
400.442
23.1855
17.9385
10.3348
256.794
20.91
315.64
9.33098
168.144
167.849
20.49
504.277
350.797
32.3751
158.633
22.5364
497.958
21.3488
421.72
15.5695
460.2
23.1285
22.658
61.6937
176.234
92.6815
13.4242
71.8462
72.823
443.994
129.52
172.539
483.706
101.574
257.807
21.9719
69.4172
414.901
22.0346
244.829
151.479
438.38
235.059
110.724
248.962
439.187
291.655
28.1416
529.658
39.1579
551.692
221.11
7.66848
387.527
14.2956
500.577
11.1933
209.724
259.866
306.581
251.842
230.157
45.51
125.066
172.407
12.3592
21.7531
157.651
20.7911
259.237
119.281
21.2177
342.259
12.8727
236.376
550.32
246.963
248.959
149.668
264.833
248.263
20.6739
11.3613
27.193
9.58794
23.7205
394.023
280.526
327.453
14.748
130.635
18.8516
404.088
382.509
345.895
23.7548
79.5621
71.4184
127.637
306.366
491.633
8.14234
159.818
360.189
369.892
14.987
251.545
7.86175
73.0313
122.815
20.6019
283.325
19.9609
138.687
407.217
287.181
17.6448
20.2618
335.102
201.302
24.1318
441.76
325.978
376.348
525.924
9.55568
404.804
170.281
322.554
21.3407
9.74515
20.9773
12.654
16.5472
431.433
267.585
465.618
13.9872
533.547
193.47
120.665
8.75658
21.0434
179.77
29.8405
195.464
16.4402
6.14259
45.1323
331.45
270.274
14.3225
519.954
237.046
11.3625
46.3525
24.6654
340.571
154.228
19.1591
7.46627
166.487
12.3488
369.863
51.8994
342.273
546.884
378.037
35.0333
12.7731
9.44145
144.95
350.536
7.37247
18.6887
89.0785
11.7478
475.127
28.7016
23.8696
489.633
459.533
71.3294
282.831
303.604
91.3057
263.885
120.323
125.58
56.9357
42.4226
42.8762
403.25
17.6295
10.6635
22.4497
19.1203
148.579
282.964
10.301
173.328
382.631
444.777
262.599
92.025
3.96222
197.897
185.226
162.459
140.577
283.607
156.635
185.251
168.97
31.1607
137.107
9.09808
495.813
119.497
17.5551
11.2951
57.325
146.853
22.1434
203.001
14.6076
358.605
45.0902
176.154
434.905
119.389
249.063
504.514
17.7279
377.61
183.322
21.1238
56.0366
25.9657
14.2105
16.7249
230.001
209.129
143.758
31.2057
85.7594
478.88
278.625
243.833
71.5295
75.3207
114.654
356.364
275.912
289.847
277.899
503.38
13.7238
257.528
28.8292
309.583
403.096
216.61
190.639
210.569
510.67
10.7418
6.04149
15.2568
27.7818
17.1574
505.609
23.794
12.5715
55.6978
370.704
15.2111
62.5993
16.8725
75.1201
428.987
14.704
360.503
143.574
69.1467
16.822
242.492
15.9379
117.763
18.7526
4.33581
184.249
426.605
211.087
107.436
410.405
278.465
241.388
242.42
12.3072
177.813
319.178
8.39035
269.535
129.558
206.998
403.907
17.2491
286.428
145.727
546.719
298.665
264.167
270.8
87.3771
60.1903
109.388
49.5378
370.917
128.362
180.985
5.35319
17.7358
92.5436
14.7426
20.3377
10.7631
454.445
114.499
91.7328
168.601
10.268
225.6
458.323
315.176
432.745
475.151
329.868
19.9894
471.114
277.938
228.659
212.961
329.349
145.561
332.46
4.3389
13.8191
472.278
12.6319
173.043
361.393
106.612
14.9176
175.548
25.2261
11.3771
52.8737
102.12
335.214
526.727
19.9358
22.9531
35.6402
20.969
225.888
48.8793
308.778
226.045
394.533
20.1453
61.8727
361.083
20.6747
18.0643
399.892
351.753
472.85
312.276
21.1715
18.0446
294.428
83.6622
462.355
16.1209
177.366
6.76409
100.443
261.562
394.924
257.173
197.653
17.4213
224.73
138.225
469.875
20.1089
297.389
24.5645
16.329
316.138
16.4292
19.4676
262.485
19.976
179.011
170.415
258.189
21.8448
186.143
92.9348
402.394
78.2025
400.774
87.4743
13.0288
243.29
201.912
240.569
453.825
108.33
383.682
196.715
10.2088
5.58506
183.368
209.493
13.6038
63.8103
87.6106
24.2022
465.986
300.36
116.654
3.37435
190.649
68.6914
115.161
107.087
326.588
208.229
10.4749
128.919
298.918
135.332
338.6
516.318
102.994
21.853
97.0832
10.2308
81.841
18.5716
360.55
49.1023
12.1286
510.979
18.744
5.30717
19.9983
306.781
16.4135
13.9678
23.3664
15.5986
112.05
32.0751
374.944
147.229
9.19245
179.095
161.909
164.65
201.088
242.858
48.1606
547.971
10.6318
15.8806
17.2617
395.183
17.0455
18.5913
146.441
147.368
70.342
352.842
293.442
385.57
323.72
240.955
118.355
160.446
5.83165
20.9984
438.206
392.368
18.8422
262.681
231.213
15.9554
21.9032
20.3899
20.9997
138.254
172.932
176.535
34.0348
52.4306
96.0358
152.669
77.1637
39.0142
175.425
31.4405
16.6894
20.7858
16.9311
385.367
205.163
12.3805
361.749
69.1125
24.7789
246.405
188.265
238.957
184.094
549.244
274.436
490.565
280.201
15.0505
244.004
7.61737
15.1551
370.418
330.547
192.541
23.7106
247.557
22.9008
399.435
9.67613
404.53
80.3334
362.272
226.243
18.6936
367.397
19.3906
18.8866
21.5951
408.441
142.063
241.841
12.3256
71.6104
26.7922
370.994
270.782
25.2871
452.498
267.317
74.2065
22.2073
23.2038
132.418
9.96516
100.362
228.767
171.422
63.6234
44.0521
17.1462
40.3872
13.6047
380.064
67.6647
330.951
32.8015
49.0666
163.639
229.794
9.7235
14.9108
11.7149
321.997
26.9773
435.61
260.387
14.3728
24.5936
6.63835
20.4093
217.223
24.9441
377.541
293.873
71.1379
13.0568
482.222
141.107
249.064
282.223
195.474
437.039
117.704
200.808
491.898
23.2265
20.5754
218.697
114.8
94.0285
19.446
38.2764
23.0748
161.876
17.4951
99.0785
323.86
18.6094
465.372
18.128
182.963
134.941
51.6889
10.2187
39.755
206.522
10.1746
19.1414
273.2
316.209
6.50279
162.505
232.841
16.1941
7.6846
20.5436
18.8774
81.8483
120.737
13.6607
13.7848
360.869
125.221
148.797
233.218
14.2861
281.542
225.375
338.406
26.7892
494.413
294.376
300.897
251.803
10.975
9.1956
26.6514
12.5417
37.218
175.488
19.7843
137.811
281.149
268.948
187.935
17.9963
236.128
20.6237
7.40366
445.387
83.3201
172.8
159.663
462.713
340.361
38.8755
380.633
205.527
505.567
328.291
228.409
65.9489
40.5925
14.4666
28.891
161.568
36.7165
18.786
103.012
31.7424
10.2424
235.187
15.0186
18.4597
25.7485
16.7693
460.571
28.098
16.5988
67.2229
92.476
191.045
529.872
63.3475
486.198
18.8462
79.1592
50.5162
22.4825
229.717
75.4043
75.925
25.5144
21.3806
13.9848
6.76304
10.3978
101.06
512.27
231.942
137.541
363.741
209.843
142.33
13.8898
317.355
158.846
266.798
187.415
18.6411
265.744
134.272
363.241
5.6403
9.09998
272.667
278.893
284.453
204.372
248.276
24.329
135.23
22.829
349.348
324.756
22.5801
110.549
44.9244
40.5752
469.059
4.57586
203.16
328.621
23.4439
15.5869
17.6087
19.4899
28.1024
500.267
251.346
31.7996
260.204
18.1808
249.559
18.0535
13.6431
310.778
321.083
284.752
21.1325
301.857
281.21
13.5273
305.694
423.522
320.283
7.26633
245.055
476.515
180.799
9.02621
117.325
277.029
510.6
23.1678
247.71
173.793
10.9472
63.7347
301.272
483.908
321.942
88.6034
369.323
12.4965
317.538
330.208
14.1602
10.7275
11.2063
293.628
16.2035
13.7253
246.878
512.158
267.602
8.15539
280.76
156.541
534.006
325.627
17.0538
13.9492
19.4603
324.681
89.4195
62.4813
20.3241
233.266
20.2462
277.136
12.0431
404.769
117.579
79.3244
14.2047
44.1615
355.065
335.722
76.1814
9.23764
141.086
138.336
5.24926
297.473
268.355
18.3988
217.045
91.4686
3.96545
256.893
73.3461
19.0551
404.025
100.382
410.78
20.9718
72.0282
24.8965
89.7708
10.438
381.721
1.79408
9.03814
387.538
298.518
7.12461
89.8266
20.2682
5.05299
19.5253
440.484
294.462
125.81
341.321
21.7254
184.745
282.591
4.96503
302.9
175.35
296.886
203.757
540.663
20.5673
137.595
166.019
438.121
147.185
12.8732
13.148
232.326
516.616
330.664
281.967
353.653
98.6818
13.5123
131.682
293.712
8.17732
13.2175
500.203
19.3191
457.927
108.18
83.3404
25.6611
20.997
107.201
464.952
214.822
380.262
450.449
478.711
115.911
41.7028
394.248
15.4941
7.97362
384.716
20.9704
304.375
9.81723
257.914
375.453
26.8711
84.0778
494.799
9.66269
469.586
64.3414
197.633
14.5611
8.11344
45.661
45.4615
382.559
222.625
10.1584
247.209
471.448
65.5444
9.80021
25.8416
289.975
33.2744
22.5902
85.0998
5.81561
324.79
409.376
190.474
12.6568
59.6333
6.7452
332.898
11.0506
68.7795
4.41043
18.4797
16.8402
334.296
233.499
242.571
136.328
14.2806
256.728
6.0852
23.6274
20.5438
214.928
16.9528
529.39
60.1721
300.528
285.78
88.4919
224.795
9.50042
153.345
172.863
14.5512
15.9732
363.604
196.806
178.08
158.093
363.806
257.947
162.124
11.6639
324.951
172.641
49.2504
15.6877
10.6582
126.443
322.027
17.3931
109.133
408.923
451.707
18.1881
127.25
154.912
302.761
513.154
244.035
53.0709
224.625
278.387
17.0342
245.514
228.116
19.5004
238.33
94.9766
20.4685
232.88
230.005
6.59952
169.487
4.72691
207.405
19.023
15.3166
168.542
417.511
283.978
54.3018
294.934
218.154
514.149
27.2969
9.09333
22.8601
22.062
20.1658
167.331
531.384
232.571
18.8703
151.749
191.124
100.276
171.998
23.6996
46.2218
4.71979
214.446
42.7964
16.1617
30.0558
19.204
7.24389
9.57044
20.4602
272.567
179.453
17.4991
20.3534
492.426
18.3455
301.199
299.011
308.328
13.2763
169.503
19.1658
177.435
318.039
374.545
29.1679
168.213
27.1264
333.813
538.909
16.0222
177.889
9.39932
16.253
18.0379
356.467
16.4082
228.665
22.063
113.5
315.88
316.63
20.6831
390.852
23.9137
258.288
33.1231
21.7609
341.143
22.5932
21.0246
245.359
181.083
62.45
46.5923
104.277
112.648
247.398
333.174
5.83528
295.415
382.612
15.3342
263.45
74.118
22.3367
476.035
333.501
217.781
146.676
24.5798
247.029
265.573
250.227
218.655
207.816
22.7713
207.974
8.48536
207.635
13.4463
298.797
14.0922
11.6233
9.13411
18.4256
452.265
20.2513
117.387
219.096
132.031
63.1
182.936
257.34
23.6905
249.33
18.0452
170.024
12.3156
15.0039
21.8381
24.9902
405.093
322.995
262.42
12.4118
8.45297
8.73501
312.98
8.2941
273.684
179.689
184.829
114.408
22.6775
22.1033
429.883
13.4238
315.191
24.3607
86.6941
81.5807
187.573
6.17044
61.8182
21.9052
60.6166
311.886
16.8685
19.9437
315.774
312.858
407.626
232.414
7.15498
277.226
58.939
41.8456
16.8243
401.001
369.404
351.527
19.848
134.277
363.106
369.522
22.2518
21.097
43.3061
353.919
23.0907
147.702
24.0037
288.101
258.212
8.98257
186.679
305.73
224.616
342.503
78.0197
69.2827
362.736
12.2984
496.866
312.67
280.218
271.629
21.5282
16.1169
349.83
12.2372
12.1768
16.9108
170.685
102.604
20.6814
28.9564
17.7654
102.195
340.548
225.285
60.767
16.2938
21.3142
77.3961
25.3064
37.5067
16.6044
457.589
20.2032
172.402
540.489
17.86
86.258
19.614
6.71457
180.79
13.9785
19.5431
11.7309
26.6354
326.02
488.901
224.601
453.907
368.626
17.3767
260.475
61.3295
121.267
75.1677
18.0122
397.537
182.261
405.711
383.437
195.544
151.438
11.3531
24.1662
253.465
59.3665
49.6441
305.594
107.693
112.08
72.5281
68.779
191.926
231.881
122.109
10.5587
7.21548
426.962
362.683
11.0431
214.213
23.339
212.355
17.2148
116.21
141.33
115.628
175.332
456.438
317.364
7.57991
192.925
310.629
159.941
219.105
82.8498
19.6319
106.664
110.2
20.7516
153.126
207.166
128.437
255.112
20.6363
17.4677
21.5827
-5.24817
215.742
459.635
56.0373
68.1186
381.454
172.42
13.8661
367.416
20.8803
53.4943
5.06423
255.565
275.289
106.302
53.9801
176.596
10.7056
347.645
356.657
146.642
344.699
249.622
17.3587
14.8677
518.569
84.4192
246.811
319.731
481.101
9.51117
161.378
406.094
160.033
359.97
123.411
298.647
18.6658
76.276
110.087
435.693
246.713
231.457
34.471
145.528
19.4538
513.906
18.4435
317.364
236.73
23.2691
99.5513
9.58904
223.779
230.687
467.473
5.1636
152.345
150.857
198.292
288.555
10.6951
11.9683
105.956
69.709
132.009
14.2303
226.305
229.874
11.3402
159.242
436.78
12.6739
299.121
20.7364
12.6018
219.92
126.914
191.65
20.4366
25.0954
24.4198
12.0978
138.127
396.761
258.245
17.7765
344.366
15.4404
19.994
9.73285
302.428
184.668
115.491
375.406
36.2147
151.921
21.7455
17.9265
6.05847
9.87059
291.766
236.715
213.072
21.7882
515.566
277.804
509.627
20.9607
11.8099
263.427
471.149
18.4551
21.381
153.902
10.6439
72.6128
15.4492
333.325
371.529
293.515
206.253
198.47
191.827
488.319
307.408
26.9959
450.742
19.4731
79.7226
278.903
105.401
290.035
307.36
92.697
222.912
340.786
220.653
7.71009
24.6265
314.225
303.035
176.95
14.6869
200.99
17.5138
104.21
409.723
204.634
373.965
382.763
39.3848
117.985
357.282
8.81987
162.515
317.771
24.2021
219.554
21.9274
9.70592
5.0932
15.4597
195.071
153.565
12.562
11.344
49.7289
23.9207
23.2165
187.121
128.199
215.291
300.23
22.2116
21.0967
227.517
13.1905
138.231
20.0091
8.33818
5.46726
14.6942
153.872
6.38732
15.8755
336.777
33.3804
18.1618
15.9128
218.222
22.6896
8.60792
290.216
12.2839
263.734
343.922
10.3979
4.47911
313.407
134.487
364.991
55.6206
155.001
6.50535
270.177
19.1627
8.38326
18.2668
477.347
29.9567
261.76
544.369
24.123
110.098
295.068
15.8535
20.2762
22.8555
24.0477
246.089
116.847
355.314
316.255
338.588
24.6686
17.58
40.4374
429.498
16.3683
158.163
56.3289
14.2584
527.271
166.276
62.3856
17.1997
94.5998
129.187
25.389
511.993
14.0074
164.685
156.831
205.804
133.091
198.545
243.884
19.4607
209.819
320.622
9.95676
267.615
214.333
6.4998
20.6389
415.888
443.145
17.8431
12.1756
188.093
17.6523
20.4609
242.399
85.6174
241.046
559.986
20.9619
215.618
15.6686
123.635
173.684
279.8
285.423
16.8258
36.6614
309.641
147.342
214.769
48.9317
292.303
271.085
270.785
281.635
258.047
206.377
173.779
166.545
22.3047
52.2978
243.171
11.183
10.1404
12.2339
22.4709
256.347
124.333
200.073
440.291
16.7184
55.3065
145.404
256.479
58.7682
120.023
264.028
99.6209
17.1568
4.98601
427.544
26.4775
87.067
263.673
135.889
281.487
15.8317
67.0482
114.456
448.07
99.6216
315.182
192.092
5.32164
25.5496
86.7207
18.557
11.2587
9.22442
20.7467
218.541
12.9676
164.8
16.505
5.73999
469.166
190.711
412.278
367.591
80.6158
63.5073
18.0162
232.973
250.315
119.069
15.5615
7.46806
18.7855
6.3163
12.8841
34.9333
2.37416
28.8557
289.264
20.4454
18.3249
18.6227
9.07737
56.1396
45.0174
19.5575
8.25794
19.5663
116.407
12.339
80.7652
143.759
14.7742
14.7669
11.2719
159.688
173.657
375.642
19.4915
5.12408
36.2946
119.346
178.874
295.474
224.074
56.2985
338.884
9.66728
13.6145
201.674
21.0122
291.916
9.11015
416.595
115.076
307.792
454.744
338.192
60.3701
21.8421
16.7917
499.86
7.04502
17.426
273.916
45.5302
156.252
27.5815
347.701
8.07142
317.599
12.8564
327.11
25.9324
436.71
142.427
15.7136
302.961
175.714
28.7863
146.201
74.4147
229.254
454.85
32.0857
474.966
333.656
19.7192
189.005
436.514
475.364
19.6606
415.829
133.651
247.533
194.979
5.64633
436.529
19.6201
34.8734
251.477
13.9394
6.99706
21.2864
212.526
20.4762
238.366
268.546
14.4816
121.769
46.7909
271.666
60.7613
174.858
19.5889
16.7096
333.827
153.613
16.6182
159.318
92.4264
154.041
186.271
393.108
20.5503
297.493
418.157
462.516
18.5907
83.1625
13.3704
72.5124
23.5377
16.2408
218.527
124.345
22.9168
506.686
93.818
4.38366
16.3826
22.974
280.32
19.0053
542.565
168.683
206.406
11.2968
206.678
418.678
14.5539
462.092
462.592
4.59646
14.1506
231.375
27.8158
133.59
136.006
120.389
338.433
19.8712
17.9509
441.623
138.94
375.658
321.432
70.7645
15.1632
101.196
264.792
223.355
57.8635
236.355
13.3162
353.13
9.71745
109.449
17.8429
414.43
314.689
47.4484
17.6174
11.576
205.93
207.362
404.162
239.501
330.986
409.379
287.793
165.271
267.973
200.706
11.3077
241.603
4.5793
23.0385
295.782
538.146
204.299
307.128
280.412
66.31
12.97
25.4858
124.891
77.4252
19.2661
10.9835
433.045
320.709
15.123
23.9025
111.983
12.7998
305.916
16.301
10.2028
5.85677
350.516
157.581
9.19075
6.10207
27.3147
13.8133
15.1533
16.7509
62.3833
258.781
490.924
22.4995
118.501
18.5366
245.768
559.766
17.982
468.266
26.032
20.3153
87.6145
23.0987
111.399
20.6262
90.5982
22.102
19.1776
142.939
254.461
352.329
328.729
9.65649
130.785
269.724
26.6105
384.496
441.545
164.21
300.934
160.446
134.904
187.302
211.471
158.049
76.1983
70.8275
293.816
165.225
211.403
77.3926
120.495
17.4406
98.9916
349.24
172.727
11.3952
103.185
250.657
425.108
5.13423
18.712
281.048
255.833
420.193
208.031
126.478
24.0286
127.877
194.033
479.048
5.82282
10.3256
312.626
466.083
281.251
13.2574
241.379
110.238
13.0387
84.383
13.8171
8.931
6.76919
429.53
370.297
525.093
17.2917
219.493
4.92212
520.829
39.0589
420.238
90.076
241.026
19.6114
14.9449
365.544
181.883
54.0014
485.098
415.261
15.0644
100.208
6.79779
156.652
28.0738
35.2496
10.2804
188.777
4.73168
14.6323
116.076
8.13788
261.957
18.6602
246.27
522.573
126.762
8.8125
181.081
146.924
120.197
20.3943
108.218
339.478
244.405
223.351
377.944
20.2818
374.686
52.0353
15.4836
43.488
22.9326
214.275
228.378
16.3326
544.755
66.0764
79.4888
126.712
352.63
10.0478
18.2449
106.35
250.461
62.2131
369.392
78.9354
59.8185
80.4149
312.413
83.345
284.411
167.81
475.429
10.9432
14.2781
23.4958
397.838
429.004
7.9054
367.339
381.23
166.353
258.28
113.886
532.06
526.914
498.205
282.512
91.4307
17.2645
30.6928
16.8052
245.331
60.3189
304.985
49.5111
18.0344
10.2092
181.222
310.684
260.922
26.7006
267.487
10.4225
517.582
393.689
52.1983
127.763
420.405
368.134
238.506
403.305
16.1824
255.73
447.417
166.469
13.3692
210.682
314.068
17.7719
167.005
296.495
409.173
476.831
12.3286
16.8082
10.4873
25.9663
346.032
230.217
22.1724
167.475
228.936
356.331
540.964
201.389
14.7423
8.03233
449.958
22.6995
313.206
31.4144
30.4922
447.252
224.191
9.80058
23.7543
17.3184
433.101
16.7914
105.339
191.004
303.406
11.0721
172.505
10.4892
6.70823
18.3553
52.2991
346.944
279.016
162.7
150.607
9.4698
333.688
22.672
28.2621
227.2
211.554
9.73684
14.5448
13.0463
34.4555
277.855
22.0423
249.428
171.019
21.2922
222.258
30.0817
179.847
348.033
74.0825
23.1795
105.009
19.0019
142.827
333.747
15.1713
34.3989
7.83661
428.621
137.398
21.049
21.1888
312.448
154.126
-0.924483
176.691
15.7259
382.569
135.762
431.907
499.053
343.412
524.776
22.8169
313.278
16.0529
20.3161
292.006
245.123
316.625
322.107
13.4099
18.9127
6.01375
323.307
21.0926
22.6555
17.0524
182.425
11.0841
297.232
326.645
18.2357
9.17439
79.7245
244.64
88.9834
14.8307
359.938
86.2524
476.757
93.6955
15.8555
5.41432
405.883
20.3865
66.6047
112.083
10.4375
16.2511
538.607
22.539
13.9851
187.412
396.102
18.749
123.675
473.849
17.0889
210.472
206.001
81.0003
107.855
298.348
535.264
141.808
4.80232
71.5394
167.889
119.295
294.082
256.724
517.153
304.505
18.6768
178.368
14.6219
212.392
179.353
10.2189
80.1421
15.3073
100.04
248.521
16.307
16.3641
257.0
66.5594
327.811
512.908
10.7928
8.53697
20.1134
321.32
17.1078
144.123
152.468
345.966
23.4627
76.3975
15.7771
14.5666
557.955
18.2232
71.665
11.495
282.126
17.5768
22.8979
5.41762
16.1052
10.9013
25.5453
117.023
233.471
391.094
222.649
145.284
63.2328
254.374
163.548
155.301
6.61791
17.9622
7.28531
155.254
64.3168
257.74
162.988
20.8845
8.2437
20.5633
209.648
435.899
11.1611
63.2245
