298.993
162.541
64.8126
234.209
169.039
107.791
318.523
413.199
424.463
23.1864
455.439
142.82
324.0
248.431
273.781
88.704
76.4985
257.603
223.471
7.98999
330.028
390.75
372.73
10.7556
182.491
368.112
450.759
237.221
203.116
9.90049
232.647
442.742
323.055
2.331
272.98
1.1651
3.99881
3.2165
290.803
179.685
53.861
419.519
408.932
220.794
103.137
1.38486
342.957
446.861
306.793
58.9606
143.369
262.595
91.3702
289.981
12.4045
60.0329
461.673
217.61
353.029
248.961
374.61
272.288
345.614
233.277
447.429
12.5206
354.853
326.771
271.423
117.142
307.2
385.459
83.332
10.7415
78.2488
404.195
15.6194
75.9524
358.353
437.45
185.081
35.1685
389.752
275.803
250.357
182.808
364.869
4.91631
388.783
344.749
279.389
11.0151
376.438
457.114
250.832
227.239
374.151
350.233
380.389
1.37821
354.762
461.763
8.97497
450.394
115.535
348.27
397.067
8.74797
281.936
67.842
232.227
153.684
391.601
94.556
169.98
440.189
2.27888
11.7595
155.157
361.456
328.363
14.5173
455.257
306.628
133.148
1.10039
124.547
449.952
305.255
398.95
31.1836
373.126
298.297
139.815
147.542
450.966
452.507
5.83425
411.478
152.991
14.5237
340.494
6.4095
451.252
249.73
277.093
10.7693
446.301
312.063
450.805
363.332
19.5915
442.355
425.07
235.952
449.969
405.32
230.04
15.2005
131.18
378.307
194.946
450.452
444.231
412.555
452.516
371.236
15.4194
227.877
440.976
393.482
453.457
0.644123
325.119
187.535
321.893
13.9348
304.63
377.073
235.15
294.574
9.15824
124.025
361.306
439.522
139.812
181.235
379.858
83.8174
248.829
311.328
372.772
448.6
233.091
12.9194
450.179
407.257
445.701
457.22
383.059
264.779
337.43
375.802
278.618
22.0968
413.017
262.036
336.74
454.465
458.211
450.386
280.214
182.476
444.462
422.808
447.98
453.003
203.863
194.124
346.182
433.019
239.431
344.336
458.038
231.835
326.611
233.487
394.919
431.954
429.263
69.3362
327.552
168.627
204.006
287.021
196.334
371.657
262.946
299.553
15.6168
456.293
56.8981
334.897
296.933
0.996551
86.7604
288.13
430.275
429.453
14.8221
448.582
451.269
394.534
445.909
438.837
380.919
8.04451
134.119
70.0044
212.365
225.292
40.5057
160.083
456.025
129.923
259.175
409.117
395.98
440.56
452.594
448.503
293.351
332.815
9.52464
11.8452
16.7478
228.949
200.668
209.062
444.989
313.35
366.657
199.798
404.05
356.938
134.343
343.209
232.521
199.35
403.876
83.5453
100.601
198.809
449.38
14.5122
191.155
97.8329
294.875
92.797
9.50761
286.409
88.1142
389.407
452.918
363.211
2.77203
192.299
88.5394
430.406
185.694
44.317
5.66556
372.796
203.939
131.061
386.471
12.7017
357.438
373.28
447.028
153.246
377.067
144.796
421.218
304.753
374.513
457.781
223.99
240.188
427.56
48.5739
362.271
456.364
222.947
233.219
426.932
455.982
169.134
235.743
10.1567
458.008
353.682
456.179
405.671
13.8439
112.903
449.755
197.837
71.5104
303.931
401.999
439.454
10.1029
96.7102
382.304
457.047
78.9838
406.032
337.21
113.44
238.811
114.94
154.393
249.88
455.281
67.3054
368.413
449.643
432.344
153.098
222.651
5.78959
314.978
416.979
81.7204
433.043
396.764
446.779
277.104
9.08443
444.977
399.236
337.798
190.8
77.127
369.726
17.037
456.153
87.513
423.974
176.626
289.188
347.54
195.598
184.51
417.942
138.607
181.622
414.98
92.3142
1.14765
31.8905
152.034
192.277
118.621
70.7706
192.797
448.649
182.483
441.524
172.765
131.176
267.388
446.665
106.178
411.482
454.011
210.513
231.93
251.656
3.31
60.4102
46.5741
461.447
403.838
94.4071
231.91
184.911
348.029
242.684
351.506
229.211
2.08302
272.321
8.92551
457.065
230.03
59.9175
284.572
369.183
448.643
188.97
67.4992
108.3
160.378
88.1786
345.715
348.343
449.356
104.903
166.964
77.4447
436.654
92.9424
232.79
429.115
1.0926
232.626
395.14
171.671
46.2374
105.387
290.496
61.8033
458.798
338.421
176.236
128.562
430.914
130.375
337.317
340.577
443.106
364.822
223.006
445.135
75.9829
1.78536
0.334736
151.155
316.707
372.661
270.867
371.589
255.104
460.15
7.5955
174.442
264.882
103.883
435.12
218.799
409.399
290.396
352.888
249.326
283.033
119.477
225.149
345.122
186.857
404.906
54.6652
424.285
445.466
147.101
136.045
97.453
108.502
327.487
9.56222
315.523
417.766
234.146
456.928
346.753
256.99
2.29536
357.286
276.751
165.861
404.207
218.77
445.516
208.083
449.951
296.006
451.314
203.582
457.607
27.6389
384.136
458.763
12.4273
268.645
457.555
369.878
110.932
288.937
137.09
313.904
461.022
205.087
146.366
461.621
268.998
443.77
282.801
344.297
451.949
416.129
6.61584
363.777
262.989
232.969
290.997
78.7463
200.427
144.145
440.787
333.103
376.215
378.671
315.015
238.087
250.727
131.4
271.03
75.5416
196.73
148.252
266.451
97.8515
271.387
44.7981
315.022
13.4476
456.079
49.6808
455.046
302.555
357.972
33.7429
325.8
29.0836
406.879
146.649
282.949
268.216
395.681
343.206
264.164
145.434
12.7775
1.95525
11.0965
295.294
455.425
288.707
40.108
120.348
205.831
3.04884
461.228
451.013
275.717
405.465
223.977
361.53
340.051
254.639
452.892
461.86
437.201
441.216
337.848
397.328
85.4529
17.1087
61.8907
199.23
382.553
285.186
361.457
333.171
232.918
193.976
451.673
359.147
461.154
252.232
0.716851
425.333
405.572
133.311
101.997
130.076
53.5812
452.803
461.578
401.337
5.45174
360.431
93.0792
353.311
294.107
388.946
426.447
261.593
434.441
336.48
448.671
14.8354
30.6415
457.112
431.579
450.75
8.77294
234.872
455.901
357.925
423.265
448.63
13.7248
448.999
444.984
302.491
239.863
83.2201
213.538
294.405
426.048
75.8407
155.903
1.47241
455.06
428.119
449.805
138.004
452.902
271.57
383.352
415.127
454.427
281.165
460.954
262.454
6.8569
392.373
388.836
101.47
414.722
296.586
461.578
192.641
449.995
403.804
336.019
70.8829
114.204
365.927
306.703
398.206
0.548346
191.335
13.4825
250.599
387.368
456.276
435.805
450.206
177.263
414.461
42.3682
172.401
252.129
459.251
308.061
420.552
444.451
443.319
450.855
404.183
135.428
232.684
419.877
17.2148
181.486
453.759
86.5685
450.976
53.6391
22.2747
15.553
416.146
320.101
72.1801
149.796
20.3535
232.676
4.14181
339.045
105.23
10.3012
75.964
450.184
124.853
273.997
392.831
10.4048
18.3916
336.408
13.7603
367.371
458.054
346.239
452.627
-0.471203
28.8575
118.678
320.042
227.891
456.685
42.3008
2.7471
404.325
123.548
353.514
272.105
138.065
339.959
99.0801
232.558
451.029
321.744
430.222
278.688
157.913
410.281
369.439
400.233
446.943
5.16361
446.868
3.59119
11.5212
325.286
232.926
451.338
395.178
230.354
269.599
453.168
181.696
404.018
459.548
392.458
358.112
271.504
241.039
230.703
54.7541
256.542
436.09
3.62087
263.821
364.381
43.9602
9.01725
414.246
309.192
384.835
221.624
384.38
237.463
115.93
326.754
411.699
238.133
256.742
193.273
404.724
259.324
461.088
369.502
449.625
396.428
380.081
379.701
158.207
459.779
77.0136
452.743
444.874
456.271
288.529
399.789
444.971
338.152
453.742
233.596
-0.0423887
54.7136
80.8287
325.954
350.505
70.17
455.928
141.754
456.243
273.612
452.882
31.6848
267.672
437.213
50.4591
462.913
287.509
222.552
280.976
421.191
229.226
98.9995
272.679
251.735
5.21767
417.939
360.633
224.695
14.738
232.895
104.018
326.635
245.46
398.68
418.558
454.698
181.199
421.736
32.1892
2.38963
195.68
430.418
289.994
318.655
337.903
268.932
385.951
320.691
348.593
15.6396
232.504
160.983
460.694
239.92
449.418
177.345
446.52
300.678
35.332
388.758
326.329
149.205
12.1099
23.9169
245.999
357.633
418.78
320.365
460.113
60.933
394.342
233.78
232.742
284.525
206.335
238.801
289.659
21.496
382.314
367.562
394.729
260.281
338.339
332.756
152.918
7.19772
4.99201
344.509
187.313
359.521
181.061
0.82295
89.0383
5.26471
286.827
270.797
39.3725
58.4913
427.25
302.312
447.467
183.869
218.285
449.803
338.743
308.496
232.057
91.6544
339.159
136.58
202.473
250.957
282.096
7.135
1.75786
160.289
452.278
253.664
74.364
50.2673
308.745
449.172
439.985
361.425
2.61115
18.3278
460.677
430.024
12.6957
9.7009
276.595
42.1432
21.7615
367.646
245.41
29.6505
450.927
418.596
14.4723
453.109
458.579
450.442
37.5337
52.366
98.5015
448.084
439.035
227.754
426.904
458.467
231.281
430.039
399.098
310.322
318.351
338.192
58.2196
151.049
450.861
149.559
261.616
287.789
444.878
310.102
14.7534
11.3216
275.275
67.4874
13.8014
411.426
1.38326
254.527
422.845
155.477
224.141
455.176
133.063
196.92
246.375
14.0158
379.819
443.763
267.218
291.174
398.425
99.9799
83.9325
446.084
300.448
301.338
454.569
368.788
460.022
433.403
291.592
137.869
447.791
279.524
321.493
445.625
377.53
9.53874
402.187
139.48
446.287
443.282
163.35
461.29
444.386
452.015
115.963
147.971
377.452
394.265
222.703
108.697
408.115
234.609
461.516
410.635
450.287
281.247
94.063
189.002
394.546
190.28
448.826
41.4192
357.894
7.05686
418.404
452.931
267.994
189.261
228.835
232.704
106.948
286.971
15.6997
36.4701
241.616
15.8055
448.518
257.792
130.017
155.028
330.065
5.78181
404.799
238.681
440.858
289.704
299.162
268.237
9.45585
334.747
450.22
454.098
282.846
239.63
356.722
449.028
9.68089
348.512
408.89
377.119
144.188
246.538
232.403
420.971
353.61
384.112
188.162
6.81181
274.162
301.003
148.895
60.9029
460.055
50.5177
441.285
281.634
392.873
217.638
227.092
267.303
454.233
456.731
289.468
251.793
8.29515
441.921
162.234
360.961
308.174
259.46
456.031
324.208
54.7223
131.867
318.38
2.68319
233.341
171.813
335.938
454.807
11.6083
281.858
455.019
7.58452
393.863
114.773
198.002
282.188
126.115
268.119
287.224
270.288
14.2213
367.625
290.46
448.077
79.0824
67.4237
282.057
10.0674
236.811
439.125
63.6415
249.753
436.221
148.564
12.7241
450.011
421.315
79.5659
170.572
403.854
401.376
345.735
360.866
323.185
407.265
445.117
274.61
307.973
242.196
461.769
267.25
318.04
436.062
414.008
206.141
99.9321
175.496
199.977
1.72774
460.759
297.291
337.782
324.306
455.88
0.959849
330.04
414.636
373.165
358.93
317.919
191.653
192.501
10.283
451.719
451.998
449.394
263.039
253.104
427.889
350.809
228.852
284.76
457.395
81.3449
106.901
59.9816
313.639
378.893
313.189
135.875
187.892
292.757
314.917
313.471
33.2703
397.002
157.596
248.238
456.592
332.844
257.48
453.817
285.177
441.825
451.739
444.983
83.0434
450.635
18.9
414.623
450.9
243.946
388.064
344.667
0.673607
37.1139
272.949
346.124
457.529
444.019
337.306
439.843
196.27
11.601
145.9
407.562
263.816
129.601
226.428
461.182
452.963
239.071
460.327
4.80456
69.7593
410.36
157.128
146.706
208.238
106.345
413.668
450.147
9.68076
348.76
448.27
95.1228
449.069
9.39143
250.55
454.429
47.8017
13.9999
426.981
428.144
22.9154
85.1662
317.157
446.971
370.881
162.015
408.18
232.268
457.504
236.346
381.146
1.67589
300.424
335.587
422.51
136.4
186.488
280.108
59.1586
456.087
14.4504
90.9646
371.322
447.646
297.332
453.892
317.96
12.2237
281.864
444.368
253.934
2.53502
348.332
444.114
181.223
1.01295
452.806
451.849
270.625
180.456
303.102
94.8312
286.839
162.902
73.8242
221.417
141.36
433.612
0.747117
413.923
293.409
223.61
16.1956
215.963
447.89
393.085
454.755
406.436
50.3138
369.618
459.1
273.079
5.14781
228.811
114.063
362.619
443.31
327.342
425.616
226.854
449.812
451.431
426.625
353.824
125.43
298.312
460.497
4.66391
196.633
386.231
453.826
378.086
373.457
311.112
232.52
376.857
98.4932
392.992
446.283
233.372
403.173
32.7401
423.262
317.02
343.216
350.895
304.052
357.931
411.647
233.727
425.218
334.797
253.23
49.6886
274.117
324.167
395.823
227.53
27.1517
13.3743
369.165
455.655
1.28325
72.8835
192.245
443.955
334.457
235.521
412.082
376.155
42.7535
7.17474
187.205
281.585
455.043
269.36
7.53409
183.972
383.453
347.792
157.194
240.785
298.835
465.468
157.511
448.209
129.495
24.447
114.932
395.339
434.582
263.767
458.493
268.875
199.231
293.036
90.3622
231.995
8.0916
425.883
372.886
0.651963
440.66
206.379
173.624
11.402
292.32
94.0651
236.067
103.818
2.58225
311.006
14.3083
452.308
205.275
355.601
418.814
0.677657
11.4145
276.06
2.28696
9.83162
130.523
376.763
13.14
109.069
75.0816
409.458
232.197
459.107
187.63
331.431
445.247
92.8754
67.6599
355.718
15.1748
271.455
320.421
243.837
398.234
232.476
69.8929
1.49463
78.4759
57.3762
269.034
76.9197
172.281
196.689
450.903
273.083
232.411
0.939299
326.103
454.032
56.1876
337.267
414.827
404.054
90.8099
7.33007
71.0022
306.637
167.69
453.95
400.517
166.166
186.27
131.442
446.713
260.439
149.006
98.1658
122.683
173.585
16.1756
307.212
451.095
344.176
16.059
10.7829
373.658
237.601
181.748
12.9891
458.56
58.416
461.201
432.574
2.40488
129.044
339.03
443.905
377.605
278.363
131.024
461.108
140.444
14.7718
97.2278
139.8
5.72145
411.481
102.357
55.075
454.811
69.9413
9.42518
273.777
251.56
345.08
372.458
315.851
331.446
262.611
20.7411
39.3358
382.311
97.3881
289.791
451.738
369.154
446.75
3.59682
428.075
327.837
324.933
140.926
256.116
293.997
227.058
11.5979
119.858
14.1226
203.902
450.877
450.578
38.0753
368.649
285.49
191.139
449.808
228.322
283.036
385.61
452.925
95.2462
194.542
6.18501
232.863
259.071
263.451
339.68
5.52575
448.941
383.179
236.107
54.8946
198.74
15.092
410.722
326.438
452.576
380.19
14.3857
14.2443
296.564
347.912
103.207
459.708
97.1063
232.253
0.466126
232.688
144.998
403.655
198.308
7.375
339.252
57.4204
446.04
430.281
27.9556
461.954
444.677
444.422
455.954
201.202
74.5121
232.741
72.242
117.212
453.338
87.7658
2.13753
279.665
168.766
14.6731
445.428
454.78
458.878
176.966
1.73372
233.279
303.321
196.842
341.076
8.45971
431.188
184.626
457.238
7.06257
344.234
360.834
272.983
303.047
98.0996
455.997
192.878
457.197
141.257
24.0205
1.93232
137.672
366.124
282.567
375.802
185.504
250.459
170.612
52.007
430.576
161.08
90.9883
401.638
88.0699
314.113
242.05
227.008
2.19672
117.906
377.394
460.191
7.59868
336.641
445.076
275.192
445.321
355.609
449.894
344.841
293.378
241.466
205.097
423.232
452.159
364.132
385.204
428.946
321.9
438.61
24.2137
346.277
438.654
208.865
412.114
357.509
201.541
100.882
317.408
274.264
232.378
312.401
51.4516
281.685
454.676
232.748
447.3
266.57
454.3
103.419
430.359
232.338
271.878
232.978
116.733
445.401
3.8125
35.1918
19.8548
332.4
148.147
336.62
314.759
168.596
395.06
52.5567
279.785
413.818
183.278
12.1125
268.086
420.551
19.8691
372.674
129.973
232.194
370.254
227.634
2.71576
63.5989
130.696
185.276
348.01
270.865
320.166
124.375
232.943
157.056
6.54761
114.857
80.0339
361.843
15.7369
264.783
1.56125
459.896
232.479
331.747
247.028
453.906
349.263
103.598
460.564
428.163
386.399
60.6586
160.213
339.434
330.275
304.188
390.059
416.744
212.859
23.6274
205.876
272.451
303.366
364.012
358.04
34.2325
471.363
451.391
225.191
338.205
446.957
302.982
322.566
385.862
376.202
8.95707
441.785
290.745
97.9975
411.484
397.826
453.774
2.38808
114.915
455.827
260.936
311.387
460.816
6.74884
201.193
5.2609
208.613
435.002
248.138
79.1283
3.32716
187.9
432.354
29.4077
446.817
201.467
122.865
242.175
232.68
3.58313
415.954
258.286
447.015
454.774
10.9236
283.844
12.0318
391.136
7.92833
277.954
4.48203
456.045
433.229
446.546
378.81
461.369
448.766
16.5025
102.909
348.051
11.0868
391.827
455.732
203.972
55.086
440.387
11.2237
207.077
3.71301
14.5274
9.81099
443.469
234.025
456.387
246.622
119.089
397.989
190.216
311.915
458.557
340.72
98.0943
454.351
222.526
29.4619
228.801
17.2535
356.576
93.1097
228.132
17.4995
14.9888
15.0562
73.0559
108.102
90.2692
188.552
307.158
389.226
11.8362
349.451
196.176
309.384
420.6
448.953
111.619
91.1241
237.237
448.386
368.608
232.627
1.98489
457.322
337.422
-30.6772
449.454
368.392
453.45
122.431
237.108
215.232
254.113
265.9
450.942
250.635
76.8488
188.603
434.291
93.9534
299.658
361.997
1.08447
319.587
273.921
446.889
162.034
286.792
427.296
295.968
130.452
387.775
294.657
447.836
97.7441
231.851
163.972
13.7436
443.273
450.572
148.113
326.51
422.491
197.256
350.107
60.8624
271.939
189.554
234.242
457.794
390.267
459.115
11.3325
327.973
94.3785
121.064
72.2798
62.9284
447.982
160.765
283.194
267.023
416.86
241.589
158.29
193.196
184.424
452.347
443.019
420.613
461.134
350.077
372.884
460.187
184.185
416.98
172.482
48.0528
17.339
438.982
318.002
274.126
447.457
456.497
455.225
241.424
227.577
12.7669
460.903
354.894
449.344
43.3492
301.437
375.724
298.682
14.97
136.93
384.592
63.2314
367.882
114.338
432.083
459.753
24.8176
281.474
3.09682
329.864
318.063
191.143
2.27656
78.2358
93.9178
460.487
460.243
2.09195
260.593
77.3648
358.498
409.81
231.683
223.688
424.431
41.3998
7.27295
366.945
444.371
349.413
273.019
-4.73033
452.503
325.723
16.9819
194.826
367.816
172.084
154.934
377.95
296.35
90.2103
434.988
388.758
370.881
396.037
123.212
8.42443
460.877
50.4644
459.644
457.68
138.656
49.7347
331.297
349.376
13.9365
460.448
382.96
8.74725
227.538
385.178
9.23432
61.9599
229.08
335.188
10.1336
12.9539
19.5421
3.27619
183.966
8.14625
452.991
227.526
378.331
451.101
268.945
265.03
37.1251
438.361
56.9784
80.7026
126.587
355.491
118.9
7.58692
138.816
17.5176
449.595
447.709
377.086
360.921
320.013
364.036
456.352
76.1793
48.8562
232.549
105.912
74.7556
232.407
327.538
348.679
67.6239
446.6
417.128
241.957
453.988
123.991
11.0521
452.852
165.171
5.59461
42.4166
450.511
259.977
105.349
139.122
236.025
16.3843
12.4003
205.347
171.759
157.832
15.3305
448.641
30.6889
109.098
452.331
198.37
73.3305
5.01561
449.996
448.951
236.377
10.2352
452.194
319.349
331.193
424.731
449.812
298.856
216.469
313.209
300.197
106.413
258.168
104.052
214.808
87.5998
51.0184
422.422
7.00303
211.144
169.06
62.473
443.724
232.675
12.2792
18.1258
461.564
280.199
454.617
404.274
445.331
193.007
71.5422
319.257
19.8601
224.609
236.713
457.877
301.988
310.19
453.798
358.212
448.254
414.265
446.494
169.486
280.96
359.23
451.819
384.045
147.19
366.729
402.418
412.401
384.464
64.6622
231.816
146.891
319.469
314.973
462.952
408.951
307.299
1.21616
47.5578
51.4375
456.04
9.95664
116.501
409.364
292.713
20.1775
228.895
122.008
163.113
290.863
11.4695
1.4926
455.357
81.7106
146.233
91.5287
460.944
293.987
348.29
276.905
266.412
281.828
0.581824
233.211
367.707
24.7978
455.996
442.17
421.921
251.47
118.469
47.3597
363.553
314.552
219.573
131.37
202.579
455.29
232.579
449.697
455.908
133.85
389.951
233.062
95.235
282.977
441.776
8.11599
2.74639
337.387
161.559
14.1622
453.971
456.819
277.844
453.699
331.079
18.5171
215.078
333.312
141.374
238.262
55.9208
227.421
277.956
300.763
168.299
434.975
395.38
273.384
116.576
456.525
12.0347
414.134
446.277
208.723
166.53
229.264
0.809211
417.159
415.14
458.327
461.417
232.775
12.1236
269.802
409.858
460.748
458.231
30.0198
350.286
137.557
155.028
416.067
11.0153
345.341
447.535
304.093
30.8383
127.001
292.296
457.847
262.061
297.954
301.848
456.474
356.166
402.425
289.752
260.305
450.544
104.428
15.9874
445.785
293.938
388.218
0.572808
134.589
104.383
7.1133
143.353
353.697
448.138
155.068
368.651
373.78
367.8
129.759
290.558
458.334
14.2361
419.704
1.22336
329.167
58.05
262.632
295.773
258.916
12.2953
291.884
455.765
36.4812
342.046
335.537
455.159
153.443
6.02888
122.189
366.585
443.05
360.764
401.336
174.634
450.732
377.178
393.087
81.1211
446.464
201.601
7.8729
261.627
232.644
268.332
396.32
459.867
278.186
443.86
453.553
192.132
316.487
342.57
308.245
197.676
446.091
0.942726
1.31315
327.447
383.564
461.446
264.288
458.311
332.751
10.1413
439.944
449.275
435.74
10.4298
455.102
214.094
349.972
441.119
170.474
124.429
183.537
450.701
460.315
335.604
445.343
443.71
4.1123
386.619
249.971
453.654
440.969
295.803
459.121
459.837
452.156
348.652
5.81942
0.658964
448.865
8.35198
249.902
167.982
422.002
268.672
152.648
147.308
127.715
380.639
232.775
316.452
455.697
412.708
440.404
321.074
448.932
399.36
233.285
283.801
402.96
363.618
205.191
455.486
406.12
50.697
283.034
449.071
165.513
1.60613
77.0264
4.72678
324.575
18.3782
446.953
320.044
315.902
24.2226
15.8029
325.83
221.618
250.357
119.415
434.578
4.40745
444.953
332.455
363.963
364.936
250.17
319.888
224.98
209.419
455.455
272.805
324.416
13.9759
232.768
159.519
237.409
405.412
241.127
349.994
54.469
358.136
247.556
449.55
277.222
359.065
449.259
223.809
454.573
408.068
457.496
134.013
76.6683
232.512
395.263
8.9203
335.153
180.028
445.621
457.374
450.167
98.5301
238.601
9.70833
246.831
276.002
457.9
8.53512
457.619
153.981
138.53
361.169
461.912
0.933337
165.533
401.332
180.724
176.402
152.413
418.026
453.103
359.271
232.758
287.524
387.031
451.495
10.1989
149.446
81.694
9.23658
36.3185
70.2876
459.193
148.235
186.481
178.081
203.426
1.67688
247.114
24.4543
448.103
84.8926
291.037
8.2224
16.2951
451.455
98.5225
249.752
12.1662
45.1522
312.331
446.389
164.734
244.404
448.119
441.865
400.346
15.643
337.945
42.0593
452.899
455.609
406.128
5.80046
372.753
14.585
274.177
201.592
455.263
256.148
239.601
243.347
392.523
458.317
449.223
371.689
12.7397
455.652
398.232
334.13
332.427
371.54
188.395
237.076
0.656591
292.116
16.3273
296.991
118.319
265.218
462.466
169.684
207.054
225.158
305.856
247.724
392.571
451.927
446.514
153.859
2.7422
384.239
414.485
21.1297
376.769
398.683
449.046
320.651
454.497
5.90808
455.086
232.926
294.453
447.186
451.883
8.92039
436.394
396.607
398.65
457.076
338.292
374.888
275.472
274.48
437.451
37.8923
464.164
411.721
0.0449232
380.384
436.986
2.51297
167.868
351.021
195.882
212.645
171.05
32.2666
63.7301
25.5901
366.425
136.385
332.636
415.395
452.313
117.569
460.9
329.849
235.9
318.022
459.739
86.4132
462.167
193.848
399.034
237.503
73.0303
451.036
338.53
449.292
13.2885
435.772
72.0958
198.849
221.784
9.8951
7.34449
8.87212
313.843
84.1723
458.202
163.056
339.251
86.6179
450.66
349.414
459.986
447.883
449.616
362.73
388.913
269.824
460.944
457.512
441.988
176.337
273.114
7.4159
452.257
373.544
77.6168
336.189
401.569
111.129
162.563
166.777
447.649
135.656
372.077
98.6652
416.222
417.119
69.9736
249.664
376.364
359.044
455.912
228.217
301.005
453.165
126.608
446.583
453.764
233.519
49.7444
316.033
104.632
350.392
457.171
120.08
121.922
337.258
130.968
437.463
353.697
31.5263
279.404
1.62
457.479
43.4503
136.257
191.489
175.018
132.977
291.68
145.014
13.4849
216.554
449.781
1.71619
386.368
101.533
86.6731
146.347
379.618
234.328
455.829
333.656
312.132
232.306
101.127
381.748
412.681
417.557
451.495
45.5432
265.539
16.0723
365.172
378.088
234.2
157.351
461.247
134.55
275.301
458.757
383.923
302.206
448.792
446.2
101.7
166.679
220.6
167.94
319.101
454.247
412.467
379.658
146.13
394.443
14.2656
339.575
232.263
181.574
10.3437
347.766
98.0997
446.208
303.78
9.80058
12.2523
44.6699
459.94
242.726
31.3622
15.6564
364.816
451.383
5.42041
159.521
440.925
14.6823
406.586
182.009
360.891
442.02
2.39962
314.921
290.048
273.09
30.4601
325.395
436.676
69.4892
149.102
307.558
393.488
282.165
109.754
436.644
4.98518
437.928
369.714
165.532
1.48101
315.346
316.729
249.113
449.535
382.189
88.2764
23.9895
302.795
205.978
382.589
163.263
316.838
191.845
452.328
194.707
68.2729
376.822
414.077
68.3504
2.74874
393.57
446.614
168.078
201.949
172.917
302.397
11.5363
416.78
379.763
67.8893
360.285
444.038
91.0478
83.365
1.97833
269.488
16.3688
405.24
280.569
377.525
398.442
11.8116
2.05147
451.618
457.989
272.219
302.39
233.387
4.35007
302.711
389.685
43.7441
450.554
446.129
367.038
385.436
9.51723
453.684
324.539
202.181
208.328
357.702
249.068
293.382
265.236
234.405
81.005
259.275
289.809
9.05798
127.159
130.258
398.62
442.347
213.557
432.43
264.44
454.502
377.228
6.69357
436.073
233.655
41.1319
7.62495
442.89
385.736
181.516
70.2564
403.16
9.77417
336.047
310.708
401.448
8.53515
455.659
426.683
306.349
346.471
384.408
447.908
1.56282
27.5505
442.311
2.52013
70.2682
366.146
138.473
353.421
17.2586
41.9273
448.145
10.5944
273.167
246.785
447.669
435.171
437.07
346.654
347.709
355.656
421.024
79.3877
449.822
183.844
351.581
456.215
226.833
73.184
204.026
434.103
5.26772
81.9605
182.654
250.945
388.454
18.7792
114.302
113.332
65.9247
334.442
243.798
118.005
224.141
3.70919
447.786
86.553
266.472
362.722
422.683
399.175
198.032
304.289
275.434
274.354
327.054
272.893
424.893
422.847
10.1599
324.89
157.103
364.223
60.5918
405.883
460.84
13.7629
449.391
248.409
368.907
7.1139
449.195
296.468
10.5093
13.3253
30.8392
341.641
461.831
364.632
279.134
331.745
9.28561
396.47
436.338
267.26
336.559
331.59
232.741
392.375
9.44346
325.044
442.101
352.995
460.308
174.25
459.6
163.942
15.953
449.144
259.33
453.581
10.933
454.349
80.9135
1.61525
301.737
324.897
304.613
282.577
328.812
240.574
55.2449
254.428
362.423
1.63132
191.054
241.28
232.179
144.976
447.718
439.003
68.9468
448.031
247.196
15.8953
14.3085
0.971589
451.374
272.882
453.261
273.604
251.604
449.54
11.9913
244.071
336.49
461.715
156.46
123.74
21.4486
382.058
303.485
452.635
443.198
315.114
441.501
221.03
16.6449
383.692
456.709
317.282
4.40119
197.749
305.809
438.534
395.111
394.397
14.5489
448.718
460.361
21.4415
351.338
270.982
172.908
347.646
136.016
272.219
148.089
312.177
363.829
8.84295
350.146
451.19
439.135
8.73439
374.319
1.38607
232.357
340.421
193.828
285.838
442.602
63.2752
404.042
113.16
182.153
452.305
121.206
198.98
1.06563
167.238
414.493
26.6574
79.5388
394.03
1.6198
281.992
52.9626
352.444
10.4621
161.205
283.762
446.175
307.278
385.078
414.258
225.804
440.376
7.8377
247.394
232.879
404.961
67.9649
349.714
340.681
146.94
298.724
294.326
448.4
124.72
173.793
8.39647
156.53
402.761
331.572
10.0596
300.245
386.023
310.249
250.975
456.728
216.131
406.429
305.328
197.872
48.8015
252.875
343.85
356.789
447.626
304.113
452.08
23.207
17.9201
416.709
336.6
456.843
385.464
452.147
10.5105
8.07017
97.44
257.883
343.653
16.2077
389.593
9.5228
445.701
21.8747
232.338
204.04
329.226
218.601
451.998
399.23
167.564
218.08
458.974
299.817
176.819
454.248
66.2322
461.684
309.625
63.4399
190.593
329.03
294.507
283.919
281.347
345.204
405.654
15.8845
69.2439
72.4421
457.291
386.687
371.551
445.585
329.658
408.947
450.157
359.846
228.347
7.5094
239.396
311.847
397.401
108.647
295.894
299.679
172.293
232.913
423.381
19.9586
279.385
330.004
345.225
339.019
450.897
52.643
369.255
275.983
253.826
447.669
447.147
416.011
454.965
141.6
451.208
351.379
185.187
17.3554
285.173
413.654
44.8454
145.206
0.782342
410.115
443.704
63.0122
12.6209
426.826
123.747
180.217
126.186
202.456
2.60716
183.562
404.994
448.511
4.49657
344.905
18.6599
105.041
139.12
365.593
158.236
451.756
232.72
443.568
241.707
241.455
448.897
292.54
448.141
329.226
451.461
152.198
171.938
461.766
451.944
147.959
49.9337
232.077
405.228
313.98
363.479
181.312
123.635
447.916
244.317
384.387
377.064
7.64318
14.4619
53.3014
2.10724
353.167
250.546
279.894
253.112
430.181
386.196
61.6781
244.125
445.403
85.6875
48.5367
455.214
217.935
451.599
452.495
6.77663
93.6763
442.115
171.022
9.39831
83.9609
200.607
2.12702
206.369
10.1134
454.992
445.136
354.641
436.843
404.783
296.898
441.087
400.631
389.536
227.259
241.659
336.24
237.341
232.909
426.381
438.983
360.091
367.394
3.02619
345.823
322.99
335.588
445.805
446.493
12.8218
249.122
402.006
151.465
4.91728
366.068
202.435
118.293
2.45338
457.852
405.511
446.968
318.04
131.946
228.24
70.7263
7.19462
227.935
74.9358
227.024
234.231
7.78591
442.184
441.805
85.1476
454.147
394.584
253.147
74.0947
62.6588
104.254
10.2679
135.217
133.19
4.37318
461.754
202.575
9.99281
247.818
146.999
1.70376
174.961
392.117
109.251
176.78
408.798
207.386
312.118
0.905005
11.1605
309.383
8.05249
241.792
68.4101
311.833
16.106
328.971
111.323
150.545
214.447
455.688
428.538
61.5538
452.243
45.2443
226.859
18.3798
83.3075
72.1811
63.1425
323.924
15.2327
448.151
460.637
189.356
227.988
457.563
434.734
454.949
458.787
360.997
448.926
435.919
183.356
449.139
358.971
228.851
313.262
459.325
137.659
203.448
271.435
441.089
256.108
320.567
19.3752
245.407
381.288
207.203
15.5474
361.367
369.142
456.692
6.44514
448.849
301.396
160.053
194.589
216.596
332.075
229.153
393.109
209.545
457.077
461.516
232.837
236.005
264.386
445.813
202.637
35.2612
8.4451
450.977
428.717
374.068
9.97431
19.5676
105.195
458.053
279.637
443.687
335.832
337.788
256.824
120.302
450.671
378.257
456.482
265.768
0.64316
444.71
412.178
90.9694
368.369
73.9012
413.98
433.465
259.045
378.866
375.258
12.0083
232.962
308.872
410.517
356.624
3.75396
229.447
460.823
444.963
448.537
458.429
346.888
71.8471
461.036
449.771
275.679
404.508
110.879
255.663
6.54862
455.778
204.5
73.4941
282.956
456.95
241.118
125.991
140.567
71.0857
462.113
331.958
188.553
214.406
287.762
436.035
436.996
81.8681
23.6061
379.752
69.8576
343.568
228.851
355.162
151.219
190.804
9.33732
403.053
3.26274
108.759
281.028
284.803
451.143
1.00891
42.1395
455.429
226.491
451.436
374.299
237.757
284.559
179.309
15.7739
163.467
14.8064
3.03729
449.583
315.202
447.391
13.0201
232.61
313.057
373.973
450.278
242.302
6.08432
388.074
426.165
-0.823233
67.8297
453.359
330.889
368.782
423.066
6.85103
113.072
107.029
451.683
247.448
447.3
0.691992
415.973
391.019
456.468
248.13
232.556
399.241
102.02
176.988
239.692
137.408
319.565
310.876
247.566
304.385
348.706
183.621
394.573
406.809
279.065
20.7289
371.741
314.66
293.461
317.188
31.0722
354.169
420.561
351.007
344.972
461.485
58.8732
443.437
232.669
190.955
223.354
6.12727
138.714
452.745
14.0883
276.542
235.304
138.666
39.784
342.397
447.689
443.775
452.731
230.712
237.749
451.977
12.7635
308.663
340.863
327.781
415.65
72.4255
406.552
152.296
185.796
426.532
456.943
461.208
166.514
301.409
23.7054
7.00459
102.317
224.976
461.197
159.916
52.0307
97.0029
228.017
444.962
172.896
207.234
14.8216
318.8
448.137
397.497
384.964
13.2665
165.557
314.767
3.27117
396.605
443.651
443.378
301.625
345.061
287.982
263.297
455.25
193.633
447.362
231.725
103.839
453.375
359.167
428.148
380.749
315.308
361.781
224.404
286.343
254.189
328.122
283.343
114.621
355.045
349.387
374.661
209.255
1.58766
454.238
450.211
273.876
8.57767
402.535
454.563
325.226
452.197
414.251
308.47
2.87043
13.8767
184.898
202.527
382.504
406.794
449.451
168.439
180.457
339.219
387.565
458.119
13.6925
357.746
229.131
447.14
431.532
449.676
176.998
339.844
446.308
146.775
10.7807
456.468
454.341
276.385
299.748
445.476
298.88
336.442
0.890677
448.404
451.603
418.037
198.067
455.121
6.78375
110.206
227.217
247.91
63.0521
448.677
435.395
36.4724
116.462
314.582
428.989
401.302
355.409
446.14
128.8
80.5176
4.78943
115.978
59.1597
293.146
52.1393
91.5523
227.516
23.803
117.795
53.8369
209.071
82.0512
450.812
209.044
232.287
7.18924
458.004
407.742
286.862
213.63
13.7779
423.398
462.31
399.646
12.4312
343.548
71.9611
210.081
324.589
330.319
242.091
145.965
253.345
419.178
383.553
393.016
374.233
426.611
407.646
229.62
54.9146
114.142
195.479
243.825
196.566
227.591
19.426
308.462
55.401
219.19
350.933
239.942
303.115
435.91
325.002
236.282
350.294
66.9315
157.941
155.248
34.1357
290.901
201.909
5.89396
405.085
448.704
344.328
93.0947
355.627
8.93607
1.11357
315.931
456.079
381.915
187.621
222.788
116.565
263.273
435.781
345.676
275.256
240.033
425.234
296.185
461.474
237.311
344.075
247.322
427.58
19.8494
26.837
268.146
255.07
14.9591
105.201
92.9448
63.9836
234.024
461.163
446.019
221.198
445.004
117.644
179.425
340.246
389.687
9.49793
5.6468
7.15076
1.45574
126.83
454.69
12.0485
448.199
232.119
445.399
218.145
185.186
404.791
160.315
32.1952
17.4478
263.599
451.156
39.3379
444.085
305.317
459.129
34.0786
84.5543
153.554
410.626
441.998
228.077
449.164
71.6859
306.712
11.4324
86.9179
170.526
344.65
452.72
406.889
454.942
418.31
446.001
249.069
460.747
305.69
324.8
299.37
182.405
9.10381
411.622
13.9307
458.544
439.323
15.3289
152.193
200.259
17.5843
280.832
104.769
159.351
205.994
126.989
167.459
130.655
418.887
395.203
459.378
37.5769
338.22
32.3418
290.809
49.4672
11.4738
275.212
56.4959
302.104
255.411
20.4369
450.986
7.2408
391.267
460.27
69.4701
9.50125
353.434
459.667
415.597
441.944
338.959
89.7625
194.93
284.287
174.351
349.781
233.355
1.82537
409.839
24.3602
324.504
143.772
174.426
239.789
227.533
12.1697
93.6457
457.674
399.25
291.186
437.253
231.842
95.2414
186.391
233.905
195.741
313.15
11.5321
213.425
49.0427
298.548
461.562
318.941
445.468
294.175
60.2874
184.499
237.057
34.2908
454.899
339.397
435.539
448.473
358.574
75.3712
0.58873
259.467
448.815
180.505
132.232
83.3202
354.581
9.59035
460.11
277.228
232.301
94.6001
227.852
105.941
102.868
232.915
461.574
360.653
172.997
298.164
410.426
234.559
439.993
203.343
365.093
193.588
436.399
327.317
320.6
195.838
391.02
234.074
450.183
79.1653
445.071
7.51502
24.9147
391.388
107.106
202.417
393.995
288.243
2.40805
305.53
445.91
461.586
332.595
387.478
460.704
108.008
311.712
317.854
35.1221
374.727
430.419
294.122
233.137
391.067
452.817
232.205
102.307
131.402
455.026
377.342
460.248
35.4117
459.771
0.893213
274.552
310.295
425.033
457.606
416.468
43.1678
144.351
229.027
460.753
455.446
39.7891
311.829
11.3067
231.676
350.229
420.648
230.19
297.339
309.276
136.974
12.0125
302.893
218.882
231.15
33.0605
145.395
262.08
184.158
220.634
387.08
456.812
455.543
179.323
399.93
448.22
142.105
440.131
460.623
413.005
232.624
414.894
222.963
5.96807
342.137
265.214
444.671
445.73
189.715
410.005
343.064
95.2895
120.753
458.487
219.091
31.9399
328.472
259.037
455.426
181.214
151.795
68.2545
145.055
50.7802
182.74
455.672
234.534
9.2995
8.15504
2.81321
334.696
393.503
245.005
370.248
183.596
270.239
298.107
423.478
433.241
136.697
307.509
222.973
303.255
453.73
298.058
440.006
385.247
356.444
28.1778
455.15
292.155
280.941
0.920192
311.726
444.239
390.085
323.816
305.631
292.531
302.149
197.345
23.3194
186.93
398.382
408.743
296.223
420.443
82.884
152.106
-8.98571
433.7
129.672
82.5396
286.13
309.79
173.011
364.2
427.696
106.469
445.191
454.598
393.924
149.255
460.934
418.433
458.579
342.232
255.13
14.2836
14.2004
87.8629
435.53
77.7408
288.118
362.262
10.2509
16.313
445.872
137.56
268.969
234.193
364.693
458.436
295.128
411.125
236.534
457.776
9.44849
444.3
266.261
106.092
2.14348
151.064
335.424
326.456
381.099
338.436
0.593662
315.478
284.638
288.317
67.6195
386.882
16.5585
242.231
53.821
93.5249
183.408
305.712
68.0771
459.712
450.53
4.19024
9.662
84.7357
445.705
459.367
435.962
197.221
148.711
373.218
1.8983
332.153
14.2149
348.915
184.441
385.626
199.571
282.102
254.763
103.087
410.724
317.438
452.901
3.78426
451.27
150.826
305.051
452.36
407.244
328.791
459.766
264.82
148.964
240.428
461.17
264.115
441.392
47.677
233.06
117.288
11.3055
169.758
452.019
260.584
147.934
143.632
13.5431
428.074
3.62192
179.698
75.2915
449.746
461.863
223.455
257.595
320.39
241.21
336.962
284.772
195.766
444.922
251.103
450.879
446.736
162.439
58.4291
327.006
247.172
122.669
154.291
8.49064
459.602
405.384
233.825
292.342
0.885674
2.67288
202.64
395.7
287.261
353.942
6.94807
177.888
234.778
315.775
362.042
307.376
452.018
341.31
194.753
354.015
274.087
461.431
13.9286
138.832
270.015
0.292796
227.326
14.566
9.3125
455.042
229.186
8.95097
328.912
257.325
450.706
257.106
122.483
403.643
69.8899
2.16749
282.296
15.315
175.735
271.909
343.652
16.2167
234.265
143.71
257.418
459.051
2.51018
460.111
264.108
9.47946
286.276
367.94
332.701
111.205
298.539
270.713
332.647
89.8789
196.297
63.4537
457.604
449.761
428.622
452.339
337.64
362.472
340.925
354.372
9.08789
452.628
6.94439
422.547
389.544
304.92
439.937
144.71
144.078
73.5886
438.453
401.462
11.7124
447.212
118.33
0.970905
453.474
79.5235
401.872
294.506
84.84
448.986
266.767
144.076
330.301
316.86
451.098
2.79194
89.0663
69.027
288.133
0.071834
359.202
362.495
435.883
345.776
176.539
240.493
103.871
377.115
240.503
5.4018
453.267
461.45
85.0075
407.843
412.01
91.4194
187.313
131.761
288.399
296.859
175.401
301.25
446.561
316.699
461.257
438.35
70.7036
232.283
398.032
305.063
155.025
100.932
317.993
454.485
424.728
235.24
168.12
428.44
372.682
456.374
13.4535
449.798
458.204
452.56
121.444
426.819
94.384
121.642
273.677
168.923
341.622
445.584
51.493
375.29
99.6814
11.0951
2.87749
15.2476
403.354
21.0836
18.0728
253.628
219.785
82.8426
442.936
450.33
24.4165
272.542
449.348
182.107
268.072
205.194
12.1356
218.691
359.022
446.889
119.254
445.955
295.051
234.413
445.759
395.081
409.035
359.86
31.9855
445.426
101.192
457.944
457.723
78.9932
198.91
71.7907
440.822
167.981
455.252
8.07349
447.802
266.027
293.724
449.701
405.138
254.798
276.478
193.202
436.264
273.548
9.8809
327.744
0.998041
281.619
349.147
456.676
260.899
181.854
263.358
192.657
207.171
451.177
366.659
459.776
170.168
212.108
330.781
11.7084
447.064
98.3258
224.237
286.842
150.657
447.138
320.985
330.225
270.917
41.0636
252.351
81.4697
276.396
426.119
2.00586
396.844
173.997
93.3128
259.012
447.513
361.765
228.932
364.837
212.375
325.247
47.2155
65.9968
61.8778
430.444
446.609
452.708
449.044
272.306
145.423
4.19136
445.443
310.241
15.2819
79.3223
445.357
15.1746
265.502
37.5543
20.5562
444.806
448.348
188.234
447.878
299.886
454.024
432.199
0.82827
449.713
383.882
181.448
3.50447
449.083
461.224
200.886
422.124
350.661
13.3
18.5747
390.282
11.9354
455.173
339.522
234.318
15.6327
447.062
110.793
309.04
98.2814
429.713
448.847
441.381
267.252
116.928
170.197
169.694
36.7726
18.8792
448.422
414.28
268.941
76.9255
297.025
40.1731
94.6784
227.707
422.952
318.948
9.72018
304.652
354.429
287.289
408.336
208.641
235.195
458.472
449.047
325.965
232.618
450.908
274.956
443.772
37.0893
220.628
5.39327
264.469
356.954
202.793
205.248
250.358
364.38
287.971
254.032
226.139
365.96
450.917
455.598
232.123
333.841
28.8224
395.222
227.606
145.058
453.248
193.978
262.766
445.935
201.629
275.393
286.285
451.831
278.258
456.437
423.797
15.4216
329.759
444.831
27.3886
410.11
402.431
171.62
90.9173
64.9933
227.926
93.5815
11.9755
69.8176
7.25846
319.921
57.6453
459.864
69.4088
332.009
279.458
393.987
291.317
119.101
446.611
448.742
85.2688
343.91
226.032
33.0529
79.3216
310.967
192.983
210.076
86.5777
23.5392
169.393
93.8058
449.093
350.565
103.703
445.265
15.9902
443.892
129.63
268.299
326.558
231.981
363.774
297.159
382.389
16.3805
278.651
339.057
17.1571
254.099
205.363
334.297
-0.165884
284.081
357.675
311.831
309.974
283.554
356.897
64.3146
232.353
301.06
169.984
444.18
268.931
295.609
142.765
366.891
54.7254
323.084
454.987
452.979
14.8443
335.838
455.844
1.24269
288.981
103.123
17.5605
208.499
195.938
388.034
96.3253
121.242
433.229
51.3178
9.87103
456.27
251.266
280.003
359.58
458.686
14.4826
149.297
140.124
247.114
153.006
398.743
380.726
127.917
146.716
427.072
75.507
276.627
232.205
406.15
200.609
13.9605
224.474
447.528
31.4437
392.143
451.976
101.201
345.038
403.412
372.139
426.359
398.812
325.999
68.1524
453.403
364.376
325.813
355.3
456.983
450.142
461.565
444.298
11.1108
443.336
441.344
298.42
372.63
454.495
69.7084
378.756
2.59573
187.497
378.243
322.378
300.489
458.385
445.812
381.543
167.824
11.808
11.5057
440.34
238.651
16.1506
247.24
228.174
7.48686
9.88337
42.0747
338.891
386.869
103.548
328.732
462.385
7.21544
232.475
368.795
281.176
9.48432
438.595
388.272
5.88984
404.569
14.9
462.333
388.201
232.271
240.134
451.376
264.662
181.865
452.547
158.707
363.829
153.214
353.396
429.501
16.4353
452.848
327.856
101.334
47.0736
407.081
313.712
332.937
1.8396
333.811
449.349
5.73563
79.6728
355.32
456.643
361.273
2.1293
307.776
447.705
123.263
202.668
152.87
119.659
403.456
400.116
437.196
122.625
176.497
47.0887
5.16824
282.146
165.688
265.68
402.865
455.843
386.929
461.374
110.618
269.222
42.9309
5.03325
181.893
90.6802
14.6312
13.2892
449.044
378.433
324.113
1.8212
460.194
449.543
29.1118
149.699
347.101
349.542
337.579
384.85
448.133
336.232
422.481
149.186
202.587
18.2607
455.532
312.595
269.707
375.84
51.9256
242.465
445.628
451.063
426.565
7.03315
403.32
368.815
350.272
346.049
8.78713
453.537
274.262
15.9617
442.338
422.634
422.171
315.444
2.86694
3.19555
403.918
453.065
4.48521
224.822
310.695
383.003
22.2813
443.714
434.82
46.0316
2.10938
187.606
360.732
368.574
135.184
212.432
236.82
14.8657
299.904
157.449
125.2
112.603
101.833
225.431
218.296
451.832
393.338
2.43946
311.302
452.365
358.118
291.125
417.028
398.84
81.1194
232.653
7.85853
258.626
249.448
354.46
232.409
454.831
279.091
135.832
122.437
265.148
219.499
290.101
294.064
355.059
455.738
462.264
240.099
353.444
227.107
82.6733
65.8758
451.564
195.504
365.055
402.071
405.916
103.753
388.221
286.187
43.9935
413.678
228.944
203.748
2.57414
386.637
248.619
149.943
411.575
232.425
260.546
449.156
203.371
244.485
5.20985
153.066
36.911
238.055
264.339
223.569
221.64
330.068
110.721
454.63
445.631
461.315
5.38826
227.18
426.143
375.326
202.189
454.2
70.066
252.461
255.323
1.15547
261.704
99.2
413.329
307.408
194.166
6.56
446.887
385.262
307.225
26.1696
453.089
456.354
76.6476
312.185
164.173
259.893
388.594
442.425
127.903
450.765
128.814
0.254917
450.91
73.0914
11.6858
410.16
241.913
445.536
5.29753
8.08969
13.4663
159.486
453.688
57.7511
13.7481
14.1993
310.016
424.578
126.667
449.245
383.358
86.137
208.548
7.25855
221.995
447.13
379.668
92.0684
446.315
385.354
227.29
280.463
445.019
16.4001
1.96787
312.152
193.306
9.24291
238.712
47.4848
232.263
12.4427
155.242
356.816
439.544
321.012
274.652
10.6699
132.121
444.356
372.887
238.267
453.268
457.293
448.885
462.036
283.75
93.3439
5.0471
230.329
287.497
371.916
280.553
382.019
177.465
194.369
226.9
186.862
222.451
232.541
216.203
1.07697
159.347
319.891
127.282
459.761
240.404
448.533
104.559
404.438
14.7224
275.916
172.392
440.28
140.811
13.2321
378.194
323.104
289.622
427.523
454.307
228.023
157.084
26.0546
266.877
355.544
451.294
125.874
442.107
12.1322
13.2015
445.724
336.679
2.23755
83.0075
313.241
343.817
422.886
441.501
320.986
456.897
339.021
396.597
303.174
14.6515
193.166
434.533
105.477
458.9
257.534
454.134
445.813
255.972
330.746
233.136
40.7771
220.956
11.7444
4.23155
446.67
232.208
91.1336
406.424
419.172
19.9209
61.5507
392.988
364.709
308.151
278.343
291.102
369.024
11.6412
454.468
234.143
252.942
46.2897
12.3338
263.05
378.706
200.512
305.101
410.952
2.92997
163.835
454.621
425.247
41.5818
170.823
378.161
459.151
195.897
333.166
242.997
447.891
329.138
292.736
127.364
218.646
418.668
384.028
274.48
333.417
3.58107
300.497
254.489
454.827
11.9232
150.551
198.277
8.89281
438.51
400.18
12.3122
286.321
389.08
261.199
453.298
397.092
394.345
181.6
447.724
443.517
162.825
420.079
362.121
456.477
461.385
453.015
450.093
206.338
298.462
153.299
401.48
293.08
31.3624
251.154
298.604
278.176
446.367
446.502
289.61
134.217
184.441
4.31405
249.283
314.797
345.851
136.633
232.279
177.617
14.9967
315.09
55.6722
82.6827
242.228
282.557
392.645
165.86
386.913
254.013
155.089
454.842
0.490822
167.286
360.398
0.669652
431.624
96.975
224.304
271.529
455.203
309.609
52.5349
395.656
385.607
225.124
243.664
323.46
306.386
461.661
417.063
386.886
5.4361
317.711
324.509
222.734
461.417
5.13292
299.471
407.332
39.4363
230.92
411.697
363.151
74.0167
346.852
429.641
1.39938
232.717
301.908
18.6657
221.591
451.303
375.704
190.843
26.7292
193.695
226.421
203.551
14.9545
348.91
273.997
232.277
276.543
297.92
243.816
233.435
256.22
228.074
232.175
414.454
345.099
50.9093
17.1304
449.031
179.993
456.517
5.48413
290.954
10.2706
462.74
448.499
135.792
445.728
139.0
438.369
416.053
142.597
420.611
450.438
63.2726
455.655
262.161
159.613
174.33
328.78
196.928
43.1892
121.776
213.788
13.6612
10.6469
460.193
251.432
314.523
81.5345
354.317
9.37352
462.416
413.258
448.033
203.624
111.067
108.799
438.833
366.309
422.782
232.277
455.236
454.563
187.736
75.6501
162.971
321.648
303.515
225.447
454.925
338.121
349.649
13.1294
387.452
373.122
325.485
282.691
405.179
2.31475
230.026
411.192
60.857
460.833
453.653
411.463
446.51
303.401
160.465
231.675
168.228
154.181
8.47507
451.916
245.176
6.25813
447.847
313.888
378.817
316.283
122.611
393.173
404.487
8.00786
241.86
460.05
455.997
444.699
133.904
356.989
448.599
49.486
462.125
456.948
445.774
463.254
180.762
339.494
402.023
303.018
447.21
21.1881
357.887
456.396
159.932
77.9946
433.464
110.425
275.374
244.86
350.496
284.758
349.02
80.436
293.196
1.49578
389.181
456.313
27.7438
459.674
365.086
458.556
457.588
458.387
158.678
396.69
169.829
448.02
14.1895
18.6902
235.156
164.229
311.668
235.127
444.52
454.579
447.936
363.462
416.963
441.226
309.42
206.571
338.957
241.404
172.171
233.044
8.90061
16.9037
347.707
321.066
362.539
171.042
461.103
449.065
233.277
195.86
228.785
16.0573
395.694
231.913
454.772
66.5591
341.333
272.137
387.795
402.648
449.129
183.502
459.128
211.907
57.167
402.143
251.856
287.787
432.46
18.458
371.517
12.1898
452.391
433.036
457.898
321.552
172.706
125.505
446.014
3.5537
307.968
200.472
15.2222
238.908
420.267
448.854
280.043
303.183
92.8394
366.054
225.086
41.8617
446.362
454.976
17.3998
309.686
233.835
7.75706
460.653
338.669
456.088
435.779
265.118
440.97
47.5801
448.521
326.028
335.43
380.277
449.38
343.38
378.742
11.8433
401.42
9.43828
8.48683
7.7418
393.53
384.918
402.935
12.8699
217.807
321.032
456.588
227.789
449.632
0.939901
378.724
400.611
231.81
13.9498
9.03022
9.40208
117.128
359.12
10.1616
457.109
403.934
99.988
232.514
398.629
3.24405
441.056
155.434
276.479
228.23
14.0593
454.066
0.271693
379.98
233.226
459.677
82.5908
179.087
168.384
317.902
421.81
232.221
337.753
189.256
457.042
270.686
426.441
338.227
296.278
441.907
312.364
256.533
2.08492
230.726
324.49
203.564
460.6
408.561
380.86
451.816
90.1354
304.855
317.16
83.6434
384.427
448.928
231.321
319.03
413.891
173.339
456.165
93.0823
451.24
2.10568
10.7662
418.932
12.5318
15.7926
141.417
33.2127
333.79
280.522
259.581
206.471
8.78123
449.65
13.1429
260.796
301.583
200.244
16.3072
450.101
445.628
19.2373
264.568
446.94
447.068
244.018
352.727
165.23
274.599
4.76234
451.495
106.598
330.721
232.885
204.612
216.246
233.514
7.54397
16.7318
177.357
313.937
455.78
441.008
215.453
159.563
444.299
447.079
152.57
143.132
233.506
421.176
413.908
308.779
381.559
370.923
462.277
424.659
415.111
49.6414
110.158
136.025
441.531
249.933
244.191
266.502
443.359
14.396
54.7568
88.4253
448.676
80.9472
66.4887
445.845
154.819
456.375
459.182
453.897
96.2366
415.317
445.684
445.847
66.9479
364.349
85.0506
249.464
455.99
16.9121
439.707
0.795753
387.99
300.263
440.068
403.737
1.21456
449.029
447.607
296.163
41.3454
439.869
429.358
175.047
1.00391
12.4132
162.777
132.182
140.228
271.503
266.516
346.531
451.363
274.642
329.589
156.837
138.155
317.188
133.67
232.627
295.477
16.6123
95.8815
188.656
423.728
446.94
379.16
329.295
394.553
454.988
96.2775
455.397
116.303
234.1
3.70254
369.63
124.615
19.0497
102.018
358.605
153.561
14.4457
193.406
436.519
441.348
384.256
14.8787
232.722
448.643
461.996
94.7046
48.9078
98.8849
433.05
448.585
446.943
0.673959
133.751
313.294
256.548
325.089
13.2281
449.943
353.678
244.25
3.639
452.947
178.982
250.939
13.7513
385.53
232.494
347.028
243.037
366.358
319.15
312.071
445.031
450.063
266.781
104.31
185.349
220.518
453.984
231.954
285.285
451.857
110.923
232.72
279.447
417.706
64.0498
451.741
310.581
323.02
55.8247
406.582
143.785
185.337
399.174
189.758
378.349
461.16
250.281
256.62
270.168
87.4716
334.979
257.708
298.595
152.987
461.669
235.977
28.577
461.417
227.71
450.778
460.876
13.2919
449.276
439.977
287.254
288.325
445.691
265.128
159.177
287.92
72.0478
15.7541
165.659
35.6432
246.405
266.706
452.038
71.268
197.607
15.744
416.319
12.8674
228.419
290.279
14.2939
404.369
33.7832
8.20583
181.46
409.092
177.635
231.65
308.748
391.6
373.971
5.22298
11.0974
231.881
104.437
446.074
451.944
458.032
210.169
270.57
179.402
8.52917
10.8547
409.171
353.327
174.734
344.062
233.011
7.45412
14.6252
453.749
339.743
440.801
461.674
313.901
339.291
460.256
355.565
441.867
456.805
456.883
166.199
451.798
451.005
460.802
345.9
254.526
330.25
206.22
367.259
238.145
69.223
422.759
179.315
377.99
9.6961
457.648
191.654
445.318
461.026
420.861
416.007
448.56
457.178
422.331
233.11
413.405
16.0881
454.463
446.585
389.203
11.4027
260.866
402.178
277.271
253.402
228.77
296.306
379.139
461.352
234.669
459.52
81.521
278.567
288.899
456.084
59.835
363.134
156.557
446.193
325.876
17.4973
1.25041
227.197
194.121
465.271
127.061
451.428
298.27
450.956
197.953
412.802
184.925
54.9817
291.659
232.547
145.638
327.439
369.581
273.457
403.194
232.426
13.2975
111.205
456.767
16.7074
389.474
245.579
11.0995
28.7928
14.3593
10.5704
91.8932
100.756
144.347
350.298
122.576
1.75887
5.08549
403.485
220.751
346.821
355.518
109.537
390.456
79.2126
204.824
279.905
37.2472
193.626
183.672
286.758
255.496
150.677
413.304
6.95299
190.775
426.341
64.6249
449.455
359.089
421.523
451.196
301.796
102.956
275.966
125.192
369.106
333.384
232.177
277.62
224.715
25.1117
443.712
27.5704
9.23555
345.894
370.279
425.299
169.959
355.706
385.729
128.643
158.072
95.2515
145.262
353.446
7.84795
5.23497
370.46
2.22414
174.193
116.184
317.039
337.167
354.032
450.149
178.691
87.6369
357.202
319.809
165.536
369.633
380.526
170.178
390.384
425.565
126.571
455.984
289.292
10.4678
249.047
14.8523
236.479
270.578
120.602
2.7219
440.199
422.155
232.544
232.907
383.047
321.582
448.852
4.30663
212.623
113.603
28.7436
4.79303
302.806
379.477
6.80884
451.734
17.723
451.691
448.422
305.16
95.7482
232.617
265.107
132.202
347.466
162.0
115.835
56.534
447.236
262.124
148.04
256.046
368.913
361.987
61.3192
300.238
15.0447
228.364
2.03736
308.314
277.161
346.961
284.016
450.144
261.179
450.982
285.569
289.392
309.173
240.636
233.814
3.79903
231.904
52.7685
411.384
130.633
15.7371
444.731
2.144
461.369
313.917
11.8523
73.156
83.5028
93.298
294.962
164.434
450.811
383.284
303.865
371.642
48.0196
430.029
142.453
447.221
81.1779
455.483
134.559
232.762
174.06
158.083
112.778
454.312
75.1781
405.777
225.867
264.74
192.995
119.145
340.875
183.721
292.813
320.762
429.918
129.266
244.865
228.212
101.475
342.523
137.799
109.249
135.387
228.191
5.37313
87.6616
421.123
207.805
232.297
208.665
21.5432
280.399
53.543
349.603
36.3223
248.128
333.089
29.0939
418.753
180.354
232.26
423.228
269.269
447.288
117.517
91.8158
160.421
450.51
275.128
154.188
56.9787
3.38572
297.73
405.957
459.446
321.311
14.741
3.30694
287.888
121.651
299.637
299.36
153.516
62.4557
381.064
385.435
97.1029
298.291
280.68
447.421
231.447
310.881
413.226
458.05
460.059
12.2067
166.979
358.591
101.852
3.14352
461.722
8.46914
449.593
190.6
13.8932
282.062
197.368
109.872
79.0365
351.806
197.164
36.6833
309.504
305.126
228.424
450.901
189.573
343.98
275.033
260.968
314.096
325.018
304.31
458.059
292.026
41.2197
293.268
58.0859
333.151
185.639
88.1467
11.3607
202.263
386.291
374.68
1.18635
258.002
134.316
208.177
234.872
232.265
222.763
53.8171
185.112
286.871
345.552
185.927
426.939
136.634
332.392
318.255
249.955
459.085
265.942
75.3974
458.42
379.525
449.55
181.049
454.619
354.589
120.953
294.745
437.866
282.192
263.07
200.945
201.414
217.195
448.741
452.176
225.097
36.3349
407.152
394.61
346.449
158.16
441.493
100.296
220.237
303.299
325.949
233.465
120.258
456.005
291.665
36.6157
443.93
16.1702
205.503
48.0038
228.104
355.995
1.65079
93.971
399.745
229.991
387.766
372.538
352.433
378.567
291.978
443.72
233.282
41.2566
95.7644
3.73041
330.151
454.588
460.337
270.134
1.86285
277.145
381.735
144.118
47.7659
27.2355
306.007
211.765
227.214
206.862
190.789
140.068
8.39275
55.0233
174.78
236.513
454.765
391.294
388.688
447.872
19.4872
9.91182
127.616
454.82
254.538
208.628
461.281
373.678
6.46464
4.64579
428.605
266.515
287.326
9.36791
355.186
289.991
3.41619
50.0489
460.786
226.448
262.783
224.781
398.976
30.5438
299.604
404.999
14.2115
263.416
99.4161
379.937
392.016
447.984
400.044
292.111
186.747
347.133
428.146
8.42087
61.0774
457.447
433.031
181.366
460.295
285.742
355.008
457.336
286.265
232.732
455.452
455.262
5.73161
449.181
285.42
443.985
439.851
448.864
450.251
171.54
160.706
346.503
458.936
451.346
332.728
341.294
5.72048
190.0
-0.525996
189.18
449.14
446.634
461.521
166.167
433.16
323.468
454.269
103.07
3.94506
245.064
300.06
21.3327
262.288
240.604
444.696
305.246
232.635
414.986
102.55
234.029
419.304
459.141
332.619
435.185
240.457
211.437
239.606
361.482
312.848
10.1372
199.777
281.038
228.002
248.051
122.994
231.302
329.489
152.41
321.353
445.524
295.963
449.849
232.389
111.614
324.645
391.421
353.232
452.811
237.084
203.039
99.1024
261.98
186.745
440.345
202.591
300.532
302.588
300.025
366.358
323.317
15.7276
14.6552
262.643
105.438
278.806
338.27
37.4194
145.295
-0.0773566
262.268
101.884
450.368
232.972
67.2423
94.5997
14.8595
443.289
153.232
424.676
345.885
250.96
452.561
208.802
339.131
381.551
139.875
443.109
357.849
133.736
340.144
396.592
458.236
5.46708
429.605
327.777
142.527
210.634
297.963
185.061
331.337
5.02466
155.024
190.03
386.358
233.949
398.898
68.9401
12.7111
321.429
370.526
230.591
349.595
271.341
450.419
337.249
331.28
431.427
189.728
28.0738
450.879
452.34
11.584
372.77
458.925
25.0944
271.536
365.202
446.26
120.185
295.202
340.89
95.6669
188.243
244.089
444.238
312.452
201.783
287.027
306.036
461.757
200.426
365.806
246.953
211.225
15.8383
145.476
9.49633
258.726
452.696
330.991
273.248
409.738
94.5617
112.129
78.1638
447.908
296.807
361.07
13.7623
456.755
373.311
14.925
273.732
448.879
17.2134
13.8474
232.34
399.475
450.802
402.766
6.09112
288.364
151.48
456.6
12.4311
461.574
439.247
9.7048
387.766
218.657
270.286
285.281
72.0459
425.094
452.937
22.1632
12.5413
165.118
66.6014
433.251
413.53
232.5
460.102
413.301
216.571
14.6387
447.823
232.651
315.725
383.58
80.732
291.909
346.848
52.7503
272.247
326.069
281.093
68.8494
426.799
11.8725
-0.159441
355.386
225.342
22.7091
183.481
453.866
393.271
307.027
184.954
446.186
203.892
107.346
458.233
264.148
388.802
441.474
216.562
407.08
354.24
5.60784
454.081
223.653
408.33
92.1006
298.048
1.26828
14.6281
185.456
455.865
293.196
386.102
392.362
54.5871
274.175
310.842
16.7774
172.205
152.895
461.169
455.384
279.731
458.649
54.5592
320.771
324.109
168.898
455.927
453.846
84.2834
448.389
134.538
116.385
63.4349
446.757
448.899
446.336
384.004
396.972
8.48518
449.113
375.133
122.533
250.175
11.1389
164.699
306.645
6.29747
401.261
416.926
448.106
370.86
90.7082
441.312
288.729
100.692
273.01
336.582
11.665
368.575
382.076
345.214
359.077
1.4682
390.938
124.169
455.867
277.758
174.715
450.693
361.981
166.53
193.18
140.754
163.704
61.4147
188.936
318.32
9.28691
455.413
392.958
196.814
211.214
133.385
342.725
446.045
11.3942
332.135
5.1503
89.0596
311.912
409.805
384.996
289.911
202.44
239.665
416.281
449.127
232.571
128.546
269.572
21.5532
232.727
254.969
362.906
29.8067
344.522
126.431
388.446
459.027
107.263
450.242
145.945
1.57244
103.591
79.4855
292.881
411.947
281.501
330.938
53.5603
1.06287
286.117
291.944
152.318
445.062
318.649
458.496
445.909
58.6027
450.865
444.806
452.671
244.453
136.406
454.932
450.493
14.8589
261.494
456.01
373.852
277.755
322.118
127.042
28.4913
211.666
398.303
116.945
130.348
288.663
71.401
300.229
141.541
242.945
232.928
231.919
61.6931
91.2542
124.229
455.605
239.205
34.4703
435.753
453.655
449.505
21.9545
367.112
459.444
208.764
67.3953
142.435
359.186
451.996
294.568
118.061
222.616
382.577
157.574
271.217
291.259
8.62442
318.873
449.339
271.675
131.169
76.5427
271.704
17.3468
72.5298
167.291
59.1792
309.02
166.077
441.63
170.531
8.73918
9.82009
151.758
412.337
438.412
0.813773
331.544
394.148
124.531
262.283
119.059
5.76932
458.325
290.224
321.473
452.541
188.991
316.341
82.9423
169.412
186.877
11.0879
322.82
327.82
138.051
316.233
450.735
10.4741
218.182
288.446
16.8423
64.4037
323.009
445.111
268.109
181.806
144.362
297.191
451.07
407.902
14.4768
103.543
50.0987
239.82
223.646
81.5125
281.635
138.188
285.245
166.01
1.72241
446.375
299.872
424.533
302.035
447.8
125.463
222.064
458.457
1.94593
140.179
11.0485
449.955
256.222
262.147
421.14
1.28443
361.273
418.584
1.92277
454.187
80.2534
189.656
10.1454
178.457
453.503
289.331
361.479
232.509
429.722
208.616
295.041
15.0341
416.227
0.932338
443.796
424.87
15.6574
206.027
424.065
461.595
451.046
7.00663
387.683
458.496
202.466
276.641
201.05
228.008
258.051
241.845
359.879
455.204
309.764
199.494
0.759307
252.297
451.347
237.742
177.519
21.6728
446.032
460.494
405.397
256.119
246.134
456.488
315.889
95.0812
443.2
303.596
305.101
345.876
13.4809
16.3166
83.0159
9.69918
193.395
279.082
320.709
398.928
286.906
177.532
375.411
136.83
77.1445
431.119
408.08
370.793
226.35
266.561
197.013
2.19703
10.5996
456.819
279.549
284.322
427.579
115.4
364.321
386.921
204.458
10.3691
57.7413
67.2897
247.371
422.782
425.934
375.758
452.836
7.96605
313.509
326.563
165.546
452.593
320.757
450.503
414.674
13.2373
27.4494
221.28
7.41676
431.911
357.922
458.581
108.764
100.765
129.636
0.882801
461.855
256.295
353.579
448.477
240.136
16.4319
194.964
291.359
455.597
10.8061
52.4239
279.293
351.096
1.31809
296.626
332.091
439.143
401.571
438.534
190.68
3.77112
387.69
284.302
185.784
256.836
447.308
413.619
49.7469
46.027
389.482
255.059
431.105
205.212
202.661
0.931081
14.7969
447.026
366.428
390.123
141.04
298.713
10.192
174.162
464.579
384.271
114.3
199.57
335.371
304.657
342.492
281.895
386.326
30.0895
427.007
427.413
445.206
228.754
2.6539
451.614
372.846
399.401
337.541
344.963
268.435
8.13824
16.0151
3.88691
236.726
457.05
385.45
153.708
456.398
450.726
15.0767
391.252
193.672
61.2185
372.825
16.3908
347.565
57.6401
261.186
160.27
10.2253
243.262
340.336
13.4466
178.432
377.025
223.722
246.037
379.16
235.075
452.121
461.174
382.863
410.91
364.971
174.997
16.3822
342.016
405.304
336.587
199.87
415.135
17.1788
254.653
1.77255
285.459
141.614
123.27
446.853
408.372
333.798
131.493
434.534
227.279
146.875
445.611
124.4
24.7177
72.3502
120.802
57.133
448.124
120.858
377.121
450.527
50.8502
444.271
336.104
452.86
436.118
293.974
295.586
79.2956
449.581
241.731
6.14892
2.70149
445.926
449.769
169.42
101.76
162.218
59.4953
305.354
344.139
233.005
140.632
456.91
182.95
43.5707
311.395
232.848
458.659
450.827
448.189
248.336
375.263
147.059
137.079
101.55
455.324
204.313
170.454
308.309
91.2239
455.696
449.856
230.39
413.956
1.04865
190.264
330.206
288.007
267.294
105.505
454.965
306.468
444.737
97.5674
450.451
9.58252
284.325
328.232
14.6122
408.64
6.55855
445.45
130.275
6.88763
374.128
86.0524
320.989
134.949
63.3598
274.846
0.741165
285.262
12.7252
259.059
233.315
177.477
128.376
8.85575
432.096
111.83
279.561
7.70384
416.983
414.902
302.572
391.535
351.88
13.0254
408.088
101.481
95.6075
3.56246
193.79
422.29
174.586
461.306
187.006
228.523
72.0947
356.633
8.94881
371.305
376.419
14.572
211.568
15.9382
235.724
102.424
425.372
206.524
330.811
217.406
342.021
186.44
2.26545
348.668
380.22
42.0399
4.73631
460.802
150.829
421.165
233.956
460.237
15.2855
424.516
11.1772
7.03076
72.1232
31.7261
426.236
201.79
25.0247
92.874
10.3379
328.447
298.28
0.718097
223.126
48.4196
137.162
322.299
233.748
323.905
449.797
15.2021
132.13
3.74871
371.046
445.362
374.737
2.07511
273.373
445.042
402.788
232.559
451.717
299.029
355.173
445.99
445.592
16.2224
230.799
456.412
7.30753
457.047
453.897
401.232
416.294
72.328
316.376
331.309
454.746
414.062
311.156
283.838
277.48
179.865
74.5488
452.649
425.898
169.447
251.441
4.90858
157.623
275.077
57.5282
115.368
452.218
105.155
448.115
449.423
459.215
421.747
207.692
312.5
25.0952
106.127
253.883
181.776
447.376
8.53666
370.27
328.372
273.3
80.251
116.21
143.955
220.853
381.039
349.921
1.86323
429.617
443.892
457.811
197.349
144.236
448.496
247.939
150.954
457.746
449.169
376.43
45.5612
455.358
92.5881
311.764
231.874
366.152
378.874
305.057
416.81
342.576
455.439
390.679
401.745
104.386
329.486
148.122
286.032
162.393
449.638
413.208
448.178
249.033
276.558
345.421
3.69757
258.279
454.838
203.02
440.67
456.09
340.575
232.464
461.497
246.14
304.611
461.543
250.466
435.089
2.08324
44.1592
452.871
414.066
205.98
317.266
352.531
448.955
396.147
321.957
296.62
1.5552
449.494
61.2988
346.691
446.853
338.817
9.2867
220.767
2.3656
283.243
208.952
452.129
318.332
1.72115
48.1095
119.59
6.5004
459.944
83.6503
287.85
394.03
309.672
332.343
127.842
245.012
315.633
344.904
449.191
61.9651
212.393
168.563
454.408
121.891
457.306
156.384
456.375
294.365
291.314
458.454
453.243
315.731
448.958
167.042
375.229
409.404
218.575
281.671
349.686
69.2577
232.686
306.338
350.433
367.535
166.213
183.502
200.227
97.9009
343.024
351.768
11.4058
420.119
312.635
450.964
77.5892
317.402
53.5818
359.142
397.87
251.195
110.266
146.776
456.33
309.142
456.507
199.352
325.309
249.298
81.5088
234.964
448.965
314.42
172.349
405.847
437.554
291.511
90.4718
413.112
361.228
46.3255
445.224
10.2362
418.051
177.963
405.296
71.8711
7.5056
290.528
11.1351
334.544
413.704
1.37199
421.227
282.41
337.404
462.249
44.6503
452.953
445.217
118.414
47.1545
425.73
235.845
18.2952
416.993
159.367
248.211
298.292
397.92
227.296
80.4399
346.107
9.61757
234.022
457.699
454.536
176.768
242.836
350.729
34.1905
229.6
243.93
373.265
218.16
1.6734
287.454
451.775
47.5402
349.684
53.3462
411.256
133.87
265.156
236.601
447.814
80.3658
383.497
354.29
380.208
8.14755
9.1825
263.302
154.369
232.144
400.667
5.16223
372.011
435.156
453.603
416.604
334.898
310.906
446.026
1.37391
392.965
200.488
189.036
95.1035
280.848
287.031
354.006
317.789
94.0736
341.601
261.683
179.8
404.55
269.924
400.335
293.844
322.963
447.762
166.254
458.347
380.531
193.884
449.533
245.845
100.29
343.124
445.013
325.177
280.452
135.79
341.844
135.629
244.865
158.264
20.8062
119.495
171.768
398.172
288.934
436.761
8.39344
132.545
263.181
416.656
349.08
396.885
41.759
139.376
273.822
452.047
150.6
240.466
253.675
127.06
457.646
444.036
5.2794
232.528
330.094
237.207
260.127
17.211
395.094
145.759
461.172
58.1574
453.968
96.2775
213.474
299.194
302.861
8.49071
48.364
55.7577
82.9459
134.38
461.162
97.7314
299.545
227.19
68.5405
450.025
385.391
395.451
309.484
443.033
370.759
6.88466
58.9118
336.384
448.256
214.886
312.987
335.226
191.741
17.2336
352.793
449.58
364.988
5.39907
316.159
170.409
366.04
277.451
23.0444
414.715
443.561
411.434
208.18
407.392
285.667
441.11
368.222
279.874
252.076
312.119
19.7627
239.027
455.848
442.974
444.806
389.727
322.878
455.879
461.533
232.415
452.659
211.81
460.411
452.963
269.413
253.074
240.452
444.735
243.952
238.047
430.188
246.879
437.004
145.967
273.642
333.494
272.586
446.681
457.021
424.721
219.292
357.872
431.821
6.4262
304.71
76.8628
353.54
294.537
71.387
450.816
299.122
40.6494
324.74
351.786
452.915
2.30494
382.412
164.688
211.968
238.623
426.453
460.899
16.4917
172.127
402.797
232.969
365.295
154.402
461.875
205.086
169.324
170.912
438.499
458.389
340.476
313.78
305.424
461.469
17.2121
14.2361
95.96
258.571
55.302
219.268
296.144
86.7182
237.633
118.105
151.509
366.224
216.042
388.824
12.3543
306.95
161.191
220.426
95.3895
269.179
263.022
233.107
317.889
182.889
307.006
111.89
366.257
8.46752
139.309
161.835
185.885
350.528
238.296
324.171
331.418
0.614793
447.836
166.769
180.815
331.087
380.07
325.667
6.87305
12.3422
17.2288
443.844
11.2277
234.156
174.494
299.712
109.232
350.789
450.088
442.817
13.1824
431.333
71.2106
373.92
346.726
453.776
344.566
456.034
234.127
324.035
410.888
202.549
48.6755
284.524
15.928
67.5489
110.051
427.891
436.201
450.225
285.947
122.832
157.326
48.8873
435.826
449.02
15.0922
156.984
24.6995
3.05561
427.783
3.95655
1.80061
403.284
270.352
5.28153
13.5637
311.367
446.548
326.638
399.409
334.402
209.986
233.409
363.239
439.818
357.989
14.1031
457.956
403.165
397.806
231.761
105.465
160.48
15.2608
223.098
398.773
369.007
438.092
236.876
449.948
128.462
146.71
344.845
294.464
452.336
223.293
171.423
94.4426
11.4236
455.921
315.042
170.097
326.527
451.054
277.071
388.983
233.447
299.072
289.699
460.53
412.766
10.3978
63.8264
449.608
463.885
285.397
447.59
298.367
3.72647
457.255
303.659
247.481
9.31985
430.112
7.07585
215.104
2.03035
246.255
233.643
457.429
271.188
344.822
365.481
251.674
7.87545
149.268
339.849
298.559
298.988
356.671
134.44
68.3467
409.289
188.724
447.333
293.667
9.95967
42.8562
244.557
454.266
365.33
163.008
9.74933
5.04432
333.016
1.33871
20.0435
406.309
445.027
251.899
82.3489
197.526
261.345
290.759
104.689
460.707
43.724
86.5851
360.092
293.868
250.537
310.33
321.323
446.533
162.984
16.8107
461.576
406.269
334.411
446.402
451.297
304.926
37.5093
392.364
413.603
241.982
234.266
163.518
297.693
12.9535
326.12
272.841
251.93
361.811
260.945
250.591
429.549
381.088
25.6894
263.896
221.688
414.64
286.763
455.247
269.615
293.676
241.782
459.081
22.0078
431.039
459.721
378.724
281.5
297.199
111.547
204.647
13.0834
184.375
325.11
179.637
352.169
257.862
0.407624
454.371
238.692
435.328
300.856
357.252
173.465
448.473
404.198
10.1827
391.684
305.768
457.711
202.483
166.115
53.4845
387.151
208.075
405.236
8.38968
431.014
308.274
136.933
170.281
6.92424
232.353
247.377
106.879
204.327
197.208
368.28
110.281
414.618
278.187
255.796
208.043
343.321
234.56
271.35
308.638
453.097
178.907
373.133
411.057
452.962
455.336
10.7945
8.93655
447.93
188.261
295.214
172.908
291.511
206.117
454.094
229.408
342.385
119.69
252.048
213.189
73.4594
193.948
13.9677
18.2909
444.669
446.695
428.288
363.803
284.589
14.3676
104.389
262.108
368.595
53.6927
455.173
458.162
190.509
259.508
461.068
434.29
350.917
293.631
223.578
284.683
16.5529
458.424
300.745
264.707
13.9077
100.953
206.133
163.316
376.101
382.269
269.986
299.264
406.495
233.241
371.297
363.699
15.8273
404.033
8.5512
155.228
17.5147
9.0058
318.8
338.407
446.294
188.327
454.988
357.303
250.888
402.663
36.8583
145.738
95.5283
174.837
422.844
384.484
314.129
327.871
445.006
450.232
97.5894
148.46
455.4
458.03
451.547
147.874
40.8554
257.472
358.625
173.946
219.387
379.627
336.588
225.461
6.14548
279.493
444.704
129.965
185.208
354.514
69.8999
278.233
257.001
241.006
386.693
243.941
140.455
451.709
225.599
298.838
448.802
32.3879
370.552
318.258
280.419
447.687
82.3168
285.964
445.694
30.3899
239.138
13.243
11.0551
240.147
272.862
443.673
230.649
392.924
391.73
69.139
383.431
263.769
84.3768
227.607
190.295
203.365
92.0493
460.095
374.119
18.5778
454.176
453.478
90.8592
452.266
461.681
229.873
348.462
17.4984
203.337
461.298
448.581
235.434
269.176
1.02844
100.014
313.741
458.202
313.409
445.4
15.3512
388.441
449.786
459.113
175.154
434.601
381.015
424.139
347.187
459.12
448.298
321.216
0.771476
349.198
373.917
211.348
238.02
335.532
448.312
250.881
448.547
8.35466
126.668
271.025
18.2825
445.615
337.441
233.074
322.725
300.983
456.049
1.0137
441.378
249.937
443.301
50.2282
171.835
232.422
441.067
443.384
449.489
118.266
188.498
402.866
11.1436
19.5507
1.02318
90.2265
87.874
349.337
382.262
230.508
148.421
342.207
406.492
64.3512
143.331
450.85
406.712
349.48
149.46
256.896
249.391
360.949
129.77
77.0323
0.885504
294.066
10.2313
446.398
440.253
251.383
15.2954
233.291
322.593
428.68
342.558
54.8617
450.561
320.74
396.466
299.383
234.898
78.4035
2.65712
444.265
427.521
271.796
445.862
31.2313
267.478
198.641
395.024
287.373
165.575
457.741
290.95
367.775
115.243
446.304
322.973
403.075
244.642
258.528
444.991
232.774
9.89605
393.248
460.683
172.983
420.718
157.293
84.9077
311.337
460.232
346.521
440.015
224.727
363.119
371.511
1.01832
369.603
352.986
1.21067
14.9927
15.883
205.194
362.314
325.445
95.7899
205.216
320.792
231.46
442.241
445.949
450.134
450.611
222.599
160.937
307.998
193.585
293.049
233.194
416.961
376.598
86.0022
366.707
169.601
78.817
162.758
447.687
259.623
280.276
5.46957
446.871
72.1854
455.232
16.796
438.981
308.951
59.4075
438.941
107.787
169.194
438.368
274.599
127.754
102.026
427.306
214.396
461.751
101.439
101.826
139.643
441.765
456.007
450.488
42.104
13.2617
243.145
140.541
275.613
407.979
445.812
339.212
82.4692
407.397
238.013
293.895
121.974
427.052
364.242
13.3683
347.565
257.138
290.838
280.056
139.653
400.401
399.477
120.755
404.727
461.813
424.061
403.257
107.547
331.907
460.237
321.433
43.3207
393.214
382.139
10.6105
59.645
387.142
57.8223
17.1413
374.136
12.469
159.306
339.529
77.7011
318.679
110.607
248.835
288.036
446.906
327.8
267.737
452.151
49.4836
459.298
81.3917
368.177
385.343
8.04997
98.601
234.872
454.418
5.28063
10.9857
72.4182
403.306
13.8117
168.172
374.804
140.892
15.5197
313.457
233.62
454.853
414.566
431.55
444.942
232.038
171.894
309.169
113.728
15.9662
325.729
246.004
339.057
3.37733
441.569
192.757
395.678
249.674
166.459
211.518
460.228
305.369
373.696
454.716
224.923
24.5204
162.95
447.988
193.652
460.919
137.707
244.818
351.027
46.2692
459.096
377.685
453.094
317.719
449.406
295.195
327.384
456.332
234.325
298.113
183.49
1.63351
250.721
15.0364
279.811
232.695
375.716
366.002
336.573
54.6416
232.393
328.653
169.864
304.585
456.812
292.957
235.318
461.606
5.92734
197.97
15.2845
10.6298
438.173
455.485
112.459
462.523
289.371
4.89514
175.621
110.438
109.63
308.496
455.451
-10.5507
393.687
96.7298
348.631
335.727
259.262
137.006
454.794
269.892
447.634
441.291
3.53833
450.476
319.611
54.9942
42.4239
409.616
271.55
21.2946
412.085
307.046
267.298
268.425
55.4775
347.032
303.528
71.9513
1.01572
321.994
392.517
456.213
382.524
135.832
339.583
36.2849
2.30771
420.082
461.859
4.88566
151.644
391.885
220.77
451.3
317.209
126.558
447.189
324.978
110.724
422.63
458.622
14.2597
92.9027
340.197
289.436
445.036
145.444
399.421
441.803
0.141236
434.414
287.518
329.393
458.462
15.4151
1.92959
457.648
398.105
296.798
362.512
451.572
165.26
169.197
402.661
133.871
123.504
417.369
458.237
259.274
439.208
294.881
445.33
58.165
359.296
348.772
462.015
384.24
80.6688
14.4683
311.485
448.951
443.67
155.105
249.531
7.69124
272.057
321.146
0.828355
4.91789
133.367
384.64
96.0285
455.622
452.052
200.537
215.753
315.807
162.163
421.504
430.57
453.919
142.459
138.932
177.069
325.271
304.842
449.617
458.693
71.3557
232.778
377.289
418.537
246.248
455.471
248.935
155.126
256.801
189.242
377.271
452.606
224.584
0.513138
455.393
300.79
404.085
54.5201
133.974
451.524
248.51
245.279
326.57
11.8442
303.357
354.713
368.575
430.745
461.11
1.0545
234.689
446.243
127.513
47.3336
328.633
129.763
414.28
457.65
386.62
282.093
406.484
316.249
151.904
441.927
287.78
170.196
448.453
300.386
446.756
456.786
205.984
143.779
232.114
105.73
294.486
413.142
239.655
441.239
63.7535
339.981
170.919
321.856
374.512
235.476
459.604
186.552
391.978
87.0374
225.852
4.48253
458.281
310.109
192.424
443.035
79.9437
416.472
182.434
344.115
349.888
217.23
384.008
258.772
445.482
261.226
460.591
360.973
445.7
460.466
15.9521
113.862
413.586
233.027
98.3366
300.004
20.5694
456.186
240.355
143.67
106.122
333.885
348.812
221.55
342.092
453.356
450.404
259.718
446.612
184.539
459.103
397.683
388.557
100.466
227.489
202.885
347.684
109.638
305.607
267.495
376.713
248.527
461.079
461.784
352.484
445.007
0.655674
214.368
449.893
398.503
453.994
10.2769
0.841066
441.768
421.046
457.845
356.014
440.508
455.723
428.278
374.7
227.078
14.2064
453.768
214.231
3.69142
67.1955
451.217
75.1999
451.436
454.811
282.487
1.76104
36.5328
60.6112
356.232
391.406
48.4984
15.634
239.933
93.3068
175.556
262.235
233.242
225.504
317.007
132.234
201.031
0.243345
215.921
9.75137
14.301
230.25
229.482
357.851
10.5489
260.701
304.382
91.403
287.19
203.504
231.792
395.542
381.977
243.904
281.443
130.55
257.738
443.937
251.344
393.331
429.895
14.4437
6.04768
456.305
420.434
8.77458
456.536
454.379
167.869
316.097
437.567
342.412
3.1609
345.309
100.136
450.545
461.407
206.837
408.283
215.148
170.584
460.877
133.548
255.691
458.403
232.993
296.455
105.808
213.555
72.9189
375.362
357.99
447.234
227.172
348.105
10.8515
95.2472
301.396
442.672
453.057
233.281
181.918
3.17527
244.476
333.883
461.106
391.478
320.138
437.462
380.077
253.614
448.111
452.342
354.006
1.02882
406.952
444.767
252.977
336.793
107.884
326.918
259.867
22.6552
455.779
381.133
221.205
114.707
461.594
265.201
7.78974
-9.6032
2.41779
391.094
78.5026
318.475
461.928
454.198
5.26573
129.41
332.589
452.446
171.366
396.476
314.514
193.539
33.6556
357.245
231.675
454.747
1.43751
146.247
366.74
150.016
392.608
295.986
15.5328
380.655
395.07
14.8503
12.8534
56.8308
5.42003
205.283
219.397
314.258
364.337
327.042
368.119
340.36
6.60768
360.489
454.825
267.916
3.21399
323.446
28.856
459.16
331.177
389.283
1.76221
445.88
63.3307
314.303
317.625
333.923
359.445
328.494
432.356
267.549
397.897
15.4334
428.045
209.693
460.438
9.85947
361.249
222.173
149.426
96.3159
12.7272
235.862
449.433
347.635
2.23159
141.488
276.976
252.661
34.3698
4.25566
279.495
2.23621
11.8659
431.928
339.492
106.171
410.012
219.989
458.926
414.62
4.66965
411.647
449.253
278.388
311.59
75.551
229.613
287.132
192.26
10.6943
144.827
333.016
449.791
227.043
282.445
364.923
30.4756
450.215
18.1475
19.71
177.589
439.131
16.4971
290.541
457.021
298.172
438.138
139.425
12.7522
84.2232
268.378
77.0805
441.937
121.047
222.452
300.075
444.502
60.0915
268.929
308.003
171.432
452.977
132.712
12.1017
116.826
176.014
401.245
234.221
111.871
371.12
452.832
262.024
455.951
374.481
353.697
444.489
318.876
172.494
3.50524
383.104
448.282
3.12339
61.9054
290.651
456.021
63.3126
242.028
460.373
63.3511
404.546
460.448
404.799
459.908
457.137
69.2863
13.7039
225.745
281.542
25.3257
334.303
287.725
160.759
127.173
303.015
232.434
414.947
460.988
451.457
393.085
279.177
455.072
455.05
326.133
12.6257
449.191
246.267
8.9918
7.00346
120.029
187.111
399.066
391.537
6.9397
233.566
193.278
365.567
256.509
221.263
234.629
364.651
162.567
436.286
255.62
278.546
205.09
170.384
329.837
173.089
100.983
6.65754
97.8479
108.404
292.248
422.909
210.99
399.011
306.294
295.347
109.706
299.601
408.931
324.746
361.031
172.295
450.166
374.888
15.6084
435.774
454.15
296.716
394.435
0.968772
311.476
244.992
457.824
41.3529
369.193
135.044
451.145
455.134
165.334
230.55
455.732
171.363
93.944
294.713
-16.2599
221.862
283.562
231.998
107.467
309.661
403.448
282.221
161.209
48.7765
160.584
390.891
260.178
201.304
100.958
117.35
181.246
275.053
178.593
6.70002
53.5476
85.8643
6.87629
261.811
46.0381
234.371
61.7082
190.606
309.034
268.941
10.5041
233.03
232.691
83.3922
13.2022
292.669
383.932
284.752
236.843
442.645
454.182
326.919
434.372
43.9927
283.728
151.551
202.317
2.4805
138.747
383.426
283.295
451.128
276.928
405.267
451.177
431.385
395.576
439.029
315.492
348.749
6.8782
63.2401
393.552
452.283
447.967
185.328
225.563
260.739
1.17177
449.92
-0.16277
218.399
109.401
395.32
233.123
189.787
89.0256
259.286
367.764
224.898
286.896
448.043
451.146
269.529
458.501
450.804
10.8933
304.907
281.54
11.1746
127.162
263.891
405.297
7.6394
1.27332
215.79
385.156
18.4743
176.122
397.046
21.3031
287.928
447.938
449.164
20.4682
14.4187
273.52
0.733423
17.0911
374.338
2.7869
440.861
147.866
189.755
445.777
423.16
450.146
356.65
259.178
1.71777
156.961
446.475
73.8659
381.857
359.274
342.132
9.44945
423.309
450.269
382.061
147.298
193.293
230.478
239.374
46.1241
112.44
404.784
99.3725
244.384
451.661
293.476
168.145
159.157
450.856
451.953
449.07
306.664
364.181
11.8011
212.942
244.212
392.918
20.6435
232.574
3.68094
365.311
159.706
389.945
266.099
449.388
166.006
457.389
1.01541
149.776
101.858
328.671
242.388
132.882
105.583
443.795
271.44
331.087
443.651
422.46
66.1612
316.837
308.142
291.652
194.065
278.154
409.63
173.284
424.325
426.873
174.174
62.1499
321.161
232.61
12.4743
451.768
313.331
404.158
324.344
311.789
276.447
16.7092
209.68
228.231
450.617
232.566
0.642738
365.67
14.0146
456.95
197.644
335.962
204.285
454.12
246.347
1.5641
17.978
369.874
448.002
296.263
370.872
292.275
400.18
200.228
244.049
269.906
213.152
108.592
374.794
176.818
91.0378
454.36
189.19
209.295
8.18517
293.464
19.3925
308.468
86.3873
58.3178
165.921
164.627
340.41
342.866
101.009
90.4647
7.85721
301.46
379.68
457.265
300.764
235.27
231.75
413.856
201.249
448.282
328.312
5.129
434.588
208.216
127.101
232.983
106.302
232.903
395.323
415.672
405.348
403.532
406.225
334.247
447.293
261.664
188.923
43.0587
177.338
457.879
6.18948
297.239
375.227
365.937
104.911
244.574
456.167
452.621
298.48
180.173
322.402
10.7524
280.03
4.24518
297.402
453.815
227.08
232.396
138.2
45.7141
238.707
341.549
232.572
173.377
448.854
377.331
110.64
117.52
313.879
97.5931
451.545
10.2945
445.617
361.48
259.779
151.636
195.163
223.805
416.175
459.383
118.563
138.011
121.159
413.542
337.172
279.886
242.573
14.3868
455.933
303.129
85.3615
319.856
89.3565
366.364
12.6404
427.458
80.9917
48.0357
321.205
439.295
46.6875
49.9554
14.3365
297.127
0.794391
288.479
404.872
52.9538
2.08891
435.706
343.185
265.101
445.798
25.8652
12.2541
242.181
5.06273
453.35
285.553
456.008
124.205
331.197
403.705
347.399
213.094
453.965
321.713
194.67
260.996
450.599
170.909
79.2479
448.149
183.14
307.137
12.9087
393.041
462.763
61.3685
369.538
38.2854
269.112
381.053
249.792
149.981
457.834
164.923
262.206
204.422
32.7733
360.117
133.431
388.905
409.181
7.12462
443.129
236.288
232.74
211.218
332.875
460.408
285.273
295.458
141.871
38.058
47.9627
331.7
333.934
421.36
13.4869
2.15383
228.529
236.174
391.629
430.586
448.937
297.656
399.614
291.728
355.078
428.351
341.236
204.539
203.74
13.6818
237.794
59.5709
344.969
378.468
256.107
423.045
23.0356
97.708
331.877
17.2078
72.1037
309.869
354.484
458.883
393.034
327.452
426.358
245.052
418.776
450.517
248.06
165.256
119.892
381.379
317.467
377.276
232.94
14.1309
162.662
44.5666
404.133
78.3341
458.667
462.205
229.479
457.693
279.724
221.762
446.873
313.057
158.609
440.788
440.807
349.471
386.328
254.523
104.318
459.601
337.736
448.173
7.12349
215.964
445.487
99.6856
5.22574
92.9099
5.8298
438.483
442.005
321.962
4.23046
279.44
414.594
449.723
123.724
156.063
18.4666
442.314
335.304
421.796
210.23
303.142
144.949
395.748
415.746
410.913
435.54
293.026
107.636
361.418
330.7
249.768
7.16797
331.125
184.423
190.907
302.577
84.6457
449.919
293.996
394.552
191.637
127.197
233.838
13.7351
419.189
4.90896
105.086
287.728
324.481
459.371
446.476
448.776
119.427
450.302
108.779
10.0259
130.632
172.511
188.744
333.187
172.032
266.071
320.987
232.697
252.105
460.678
165.645
359.453
337.429
294.511
287.63
64.503
10.8894
146.721
9.29449
60.3683
9.68827
343.062
395.969
313.129
109.251
417.789
455.872
246.692
452.424
364.469
228.105
203.856
11.0405
1.17461
329.394
150.381
461.525
442.934
383.339
456.823
228.137
446.779
240.362
369.839
76.6039
14.6384
45.7068
233.152
336.599
133.16
96.8432
445.277
459.98
232.634
62.609
191.028
61.2148
314.635
352.045
10.1737
-0.480166
273.48
431.576
457.734
153.655
268.688
79.854
450.85
338.931
228.429
374.216
454.049
136.031
340.675
12.4753
457.641
365.56
453.989
170.575
450.266
277.453
233.687
216.389
132.596
450.696
232.026
173.774
86.7016
309.586
49.2434
138.735
359.726
460.987
209.143
13.6819
316.973
446.562
14.3142
448.177
94.901
268.043
338.172
453.066
233.353
15.998
150.144
283.117
57.9478
444.166
222.265
144.356
451.067
311.058
203.226
9.54846
196.35
345.456
234.486
88.1382
388.008
314.661
209.978
328.767
69.0976
427.185
320.495
448.073
397.281
46.8656
410.156
43.8152
397.605
9.22101
404.72
61.2271
449.046
255.678
255.338
451.765
449.258
49.4769
140.243
9.9061
448.178
78.8338
42.0413
389.354
395.044
442.436
345.354
261.339
232.353
95.771
155.836
348.988
448.534
447.919
457.517
82.9341
401.164
420.441
199.734
130.138
302.757
369.957
3.75314
46.4281
105.847
436.332
405.64
390.066
273.972
244.087
89.2014
450.672
335.901
426.07
276.868
14.206
444.348
421.639
233.396
14.1229
396.787
302.174
455.711
385.794
71.5562
297.853
387.975
432.574
144.129
247.521
345.349
305.747
37.4492
399.336
461.558
151.145
426.287
255.436
122.599
279.603
47.4442
232.889
3.29943
52.8327
95.3344
250.629
447.797
417.854
313.999
335.371
456.338
9.40436
307.989
322.502
92.1064
198.801
9.83766
448.453
453.509
340.888
274.925
94.0062
227.316
193.151
7.20566
152.943
237.613
15.1351
150.55
206.919
290.061
426.997
458.114
159.588
342.644
461.419
456.309
261.713
171.802
375.939
424.508
317.787
456.531
380.349
233.8
360.51
290.793
289.554
235.14
366.077
464.64
455.168
222.82
320.902
451.534
283.773
273.202
418.471
232.575
459.216
228.375
399.516
2.70384
15.2745
250.22
424.071
430.919
447.166
313.326
65.9794
370.766
294.273
285.534
314.095
413.257
250.516
399.004
140.303
360.981
366.841
449.943
459.775
4.95315
442.309
14.7135
236.461
310.325
190.107
386.943
96.967
375.641
265.926
213.691
441.878
-2.24063
461.178
12.4206
6.62455
452.953
48.5217
350.754
277.613
448.897
3.75789
455.437
15.8684
253.012
462.98
412.688
456.3
326.449
451.861
276.297
337.586
423.227
209.517
388.341
449.186
233.335
110.767
441.068
58.6208
186.956
244.943
146.659
21.439
150.4
359.39
447.788
404.765
339.574
328.001
452.874
419.578
249.161
352.367
243.428
128.665
411.808
443.852
166.818
450.264
461.435
207.198
232.855
8.6245
30.6857
11.7845
316.89
11.2243
287.47
279.077
255.642
269.703
456.027
46.4165
201.71
192.375
15.9238
12.921
308.877
446.695
0.94585
138.781
326.275
197.848
381.479
9.66526
212.188
120.96
256.099
140.353
347.256
156.205
301.804
248.864
8.06825
75.3975
274.367
209.869
163.384
233.106
392.792
357.162
100.85
351.852
408.691
318.532
208.386
355.428
89.9111
447.848
75.1095
175.635
447.939
212.909
324.02
458.362
12.4728
378.152
425.691
177.018
386.785
233.242
420.281
294.732
10.8124
104.224
264.92
343.956
143.516
299.993
95.7031
178.909
347.231
57.931
344.448
397.709
445.498
461.885
241.974
201.756
368.051
14.5621
92.8097
164.251
65.7838
348.715
424.591
14.2387
324.025
323.963
68.5901
450.077
82.4547
355.135
361.415
443.656
265.71
301.024
447.859
240.647
89.5468
109.368
66.6167
176.296
329.832
453.355
314.395
5.97506
358.643
410.05
284.838
277.636
461.457
269.275
353.514
230.633
244.81
445.06
446.468
1.73061
147.503
12.7239
298.92
415.337
342.77
12.0295
451.553
287.229
193.195
163.846
9.81998
119.227
282.483
461.597
442.731
372.89
448.039
408.528
158.626
67.5364
264.1
297.112
128.885
419.674
407.737
439.01
271.878
283.35
0.412511
365.079
336.172
451.012
324.105
184.157
230.895
314.288
150.744
104.579
70.4762
17.7502
113.676
21.5411
279.214
294.269
365.004
291.452
82.044
139.894
167.987
7.02403
258.883
54.5988
225.351
9.56246
422.663
461.613
170.226
165.646
55.322
12.7507
456.066
417.165
206.167
460.944
263.201
8.74693
232.709
456.335
4.37207
137.886
307.155
444.455
452.681
401.726
318.189
204.701
443.787
121.499
271.534
114.368
436.513
263.598
278.253
141.193
141.77
149.475
12.6278
182.205
350.016
157.755
71.3429
305.428
232.443
332.92
323.358
213.127
68.0045
316.811
355.935
95.3728
13.9362
87.5187
25.4259
284.06
423.193
66.2837
229.234
249.708
454.853
409.674
273.203
106.933
449.979
326.338
335.494
450.228
401.556
344.041
350.548
399.069
159.262
453.231
24.8614
443.605
1.95792
208.514
215.51
385.892
233.45
377.812
331.88
346.382
360.525
63.1975
284.402
452.511
3.9635
461.395
193.194
74.8587
311.538
73.5482
323.418
254.324
270.02
451.398
232.424
190.816
450.539
295.269
448.366
279.368
448.668
455.856
233.835
393.355
13.8346
149.817
391.624
231.803
389.374
10.3956
311.454
438.049
365.911
450.017
325.055
1.70543
393.49
9.31519
113.394
233.85
407.023
297.47
403.744
159.823
459.457
449.463
16.2321
352.72
386.567
232.248
419.682
341.37
56.2898
388.915
291.96
165.34
261.683
179.48
232.867
401.271
231.752
270.929
282.859
117.137
462.982
12.0807
200.761
243.765
318.737
442.561
59.8383
56.534
10.2804
37.2742
223.292
409.866
414.509
157.076
439.613
299.32
463.237
330.63
450.215
235.938
6.83432
346.521
82.4236
2.48025
277.737
445.33
97.1218
414.417
232.43
222.999
454.598
349.683
416.062
9.68152
456.103
227.637
450.366
11.114
315.038
11.307
453.107
328.723
119.568
1.62044
60.9695
170.698
451.151
237.285
313.044
222.924
362.914
451.989
8.85996
232.503
173.034
134.109
278.114
13.3889
353.199
394.999
321.019
19.4834
172.331
187.353
200.432
185.694
450.661
22.8581
162.796
41.4551
232.956
289.77
310.879
87.2188
369.525
50.5178
1.08482
321.72
359.148
386.276
227.627
450.916
322.26
241.535
462.283
399.175
185.354
241.321
9.08827
459.775
295.598
360.109
344.717
310.349
189.729
264.161
428.347
111.943
371.421
10.7841
400.281
386.029
2.83902
460.996
74.8349
380.67
95.0142
232.753
295.049
331.513
352.609
413.219
218.123
14.4077
393.502
276.433
247.266
324.723
14.7911
444.967
247.662
305.441
190.468
129.421
300.124
256.764
327.303
388.364
339.707
252.197
195.477
186.675
259.39
329.264
349.42
451.554
206.066
326.469
338.784
23.3939
456.059
339.48
59.4724
29.6954
188.929
456.542
262.69
446.437
246.336
0.73605
201.61
238.849
202.013
262.541
19.1932
311.506
451.462
12.4088
99.6495
455.661
448.802
25.0652
233.053
8.89373
451.35
149.501
394.934
97.3375
214.087
271.01
189.244
139.9
461.289
448.471
-0.55305
27.1617
308.947
208.576
31.8438
452.542
311.7
354.982
419.765
17.1205
440.183
453.331
408.718
375.163
187.235
12.1263
317.909
412.236
114.793
454.967
447.109
288.72
147.198
348.479
139.386
398.812
362.392
80.1683
184.423
313.94
459.356
120.256
43.8402
111.891
231.866
274.061
383.763
4.39344
293.04
35.7203
380.211
-3.36917
443.92
377.995
440.662
449.66
405.185
97.5038
286.109
455.695
388.604
192.53
17.2186
367.797
441.478
448.44
208.024
257.18
461.605
381.119
50.222
115.674
341.804
405.374
282.541
221.499
451.801
325.828
228.211
259.674
135.955
255.641
255.837
345.897
1.34979
325.599
8.23785
148.922
132.669
422.788
337.268
335.867
184.797
227.673
309.109
379.039
265.913
4.33309
377.989
453.759
5.96427
306.24
103.487
44.4822
329.446
429.874
416.566
296.877
9.51068
344.375
443.799
386.507
453.272
330.58
298.204
186.304
323.003
314.891
258.003
14.2458
140.33
10.939
384.522
231.97
42.1729
452.555
9.05859
355.862
451.756
42.1004
4.95846
365.527
440.16
298.726
404.782
302.499
1.62403
391.305
401.581
260.178
211.165
453.278
7.17767
121.486
273.756
161.795
459.117
411.247
131.091
30.8913
330.393
146.057
305.112
415.564
445.191
459.929
383.855
7.58716
451.655
384.468
262.259
318.849
382.291
440.969
389.855
18.9769
26.5718
255.68
291.314
2.06464
348.809
313.104
311.562
227.278
205.004
461.325
208.3
458.394
15.4537
290.333
443.882
8.00699
286.707
14.0313
453.618
294.825
266.876
369.724
346.105
66.509
235.177
442.377
158.219
191.232
297.029
328.721
3.52329
27.7074
452.844
374.291
7.82824
281.368
234.167
237.499
232.694
103.619
194.937
434.405
373.019
3.68359
326.907
18.3532
203.927
406.445
328.626
99.023
434.505
8.0504
16.2162
186.725
85.1798
233.546
257.969
35.941
373.575
71.2865
9.06723
1.75801
342.682
247.451
404.498
448.175
436.511
404.948
61.2055
409.641
218.57
249.263
189.578
12.3706
406.112
178.268
333.221
318.951
281.669
414.703
351.833
192.736
429.966
10.9054
450.876
248.838
233.307
231.754
317.279
72.2249
275.126
365.704
366.27
456.834
241.968
326.486
264.947
144.993
281.555
258.584
0.943746
436.27
186.94
244.437
17.0204
453.595
232.48
87.2318
208.564
236.589
39.9643
19.1265
341.77
169.906
457.749
441.97
10.0353
-6.07873
433.625
452.309
317.952
367.296
14.1165
232.191
399.77
416.388
155.177
459.943
446.579
232.91
401.511
416.902
451.038
227.187
367.528
241.444
159.521
420.238
1.09468
263.257
13.8016
122.48
116.652
421.832
245.486
195.217
20.7788
443.087
456.41
280.991
24.4062
91.2
447.604
232.775
456.537
444.991
425.314
210.444
70.9433
221.527
448.133
451.81
286.255
444.013
207.34
432.805
381.38
354.257
449.679
425.16
145.375
230.458
454.137
456.623
369.193
448.767
451.758
86.1528
36.1092
320.528
119.928
260.774
343.083
447.471
313.616
208.47
54.9431
232.705
266.017
389.667
460.715
446.761
125.75
411.388
239.557
453.103
312.748
71.3498
376.843
3.99546
236.799
127.413
414.596
448.363
338.763
308.941
245.498
162.519
83.9188
281.344
432.251
257.712
217.806
422.384
396.442
299.657
311.846
351.172
16.9646
217.017
310.597
288.703
457.31
389.49
108.849
111.745
53.6591
4.87951
246.142
372.837
441.886
379.987
347.459
365.571
389.958
443.359
451.227
417.259
84.6863
169.795
411.22
329.358
232.836
121.2
321.038
299.356
428.137
239.009
318.826
457.021
443.124
460.519
458.199
32.6759
320.837
241.237
461.07
275.596
223.899
8.35193
209.875
-0.021245
151.129
351.978
350.109
281.681
331.074
455.86
343.21
407.586
451.283
292.342
450.642
379.134
289.23
298.938
328.186
328.339
452.757
390.604
330.786
121.399
134.588
315.657
226.645
279.247
429.462
22.6037
357.188
4.3218
263.163
182.307
251.243
240.445
7.79641
414.982
74.7966
135.206
233.213
292.237
57.7603
16.3933
148.552
14.1023
455.417
240.732
100.364
19.9919
184.651
204.708
29.7041
461.753
220.429
267.133
418.788
154.369
299.343
339.752
190.766
31.2432
9.43584
164.931
182.79
238.381
127.429
197.907
450.149
403.338
401.708
18.1589
224.151
7.01999
415.451
214.173
275.937
350.264
266.41
404.11
260.902
283.784
399.106
229.36
138.022
207.701
195.78
455.671
449.038
462.102
126.364
21.2894
332.66
6.1349
454.93
413.913
338.452
320.767
443.384
8.96028
26.2801
208.334
14.4345
305.863
457.703
254.092
265.429
451.679
458.353
322.363
267.316
56.0406
438.202
178.243
448.791
236.688
411.607
20.3824
14.974
422.197
448.653
456.181
232.418
323.115
74.6007
350.575
344.503
196.251
446.318
28.537
245.796
200.003
3.04086
132.072
313.754
228.663
134.827
12.7879
394.819
113.143
232.878
45.6325
407.61
72.0795
272.803
191.416
173.752
320.669
78.4806
12.6913
129.065
231.945
128.922
333.581
460.63
186.181
165.677
451.476
17.1223
114.413
440.879
455.74
7.36242
8.3449
456.197
146.598
22.89
179.267
411.556
299.3
363.981
321.416
245.112
78.1789
434.575
40.8557
321.811
391.964
415.808
462.135
226.262
86.6458
435.519
228.026
177.856
325.301
337.724
239.656
54.4898
11.6006
212.531
9.08776
135.778
250.687
-108.706
94.2652
37.8388
155.513
35.8806
270.719
298.552
311.5
404.384
77.9279
330.526
350.272
290.429
178.938
452.478
418.471
331.724
10.4726
98.164
130.438
316.551
102.363
461.029
453.885
256.575
375.898
140.081
317.906
340.67
405.146
206.039
460.016
35.8502
312.65
425.102
22.6301
345.845
15.0968
411.047
160.081
347.335
161.271
21.5737
85.2065
167.797
348.625
397.136
462.139
182.343
221.327
232.658
389.606
392.976
197.584
67.5175
442.707
351.144
2.95417
383.724
331.956
447.445
350.344
316.658
345.365
340.199
318.683
459.273
365.69
443.987
167.127
61.6949
284.624
449.329
351.44
119.945
18.4632
201.252
174.743
58.1595
232.262
358.492
355.354
370.56
452.916
58.322
418.727
325.115
207.931
104.286
82.9911
16.4946
10.3053
224.118
231.402
390.322
117.333
351.27
18.5424
288.293
401.701
455.364
184.799
205.003
267.585
365.187
227.652
202.447
308.355
457.572
404.106
449.203
452.536
110.923
161.951
294.426
426.96
227.733
164.895
179.655
353.58
37.6352
196.237
305.863
293.833
334.067
239.935
112.898
178.445
447.652
453.073
234.854
448.259
301.247
124.825
431.023
102.213
457.303
11.4287
449.069
445.319
453.972
71.6805
336.347
403.081
4.70169
462.202
318.988
95.173
459.155
426.817
445.985
446.564
182.15
387.821
460.188
450.07
271.131
55.2244
167.463
109.701
280.566
453.204
1.06882
278.494
331.036
37.9657
277.311
455.107
8.36495
453.835
233.602
455.616
252.105
116.908
210.97
74.4492
257.146
48.9805
333.479
9.40911
444.095
359.329
32.8134
79.1228
139.459
26.0578
5.6573
362.088
229.929
296.736
408.432
1.81279
321.444
81.1268
377.676
110.751
105.518
141.203
457.83
222.507
118.513
11.5266
449.087
410.139
429.859
323.397
56.8117
283.448
3.76431
195.344
277.582
14.7706
416.233
17.7602
335.412
415.471
322.32
137.146
227.952
220.298
443.021
288.419
246.395
232.492
393.642
5.59621
-0.858581
56.1142
180.933
187.59
207.666
352.452
144.396
449.51
235.497
340.173
8.03229
11.641
27.9503
257.199
189.239
368.694
144.413
17.5639
12.0816
219.568
8.19785
161.74
303.922
232.754
179.923
435.708
225.88
280.656
336.826
241.436
193.931
290.0
368.458
12.3833
72.4634
163.726
232.085
434.871
239.711
44.7669
55.9494
149.504
194.554
456.409
52.6435
90.8725
444.76
117.359
173.577
57.1597
456.743
12.2728
450.446
361.094
162.303
457.135
205.215
260.721
127.372
369.708
344.806
286.893
458.478
14.8088
132.553
297.578
446.391
305.984
1.88674
20.7297
440.933
13.8119
208.494
9.15281
446.562
58.8825
5.88969
339.918
302.106
370.655
264.679
155.633
447.888
185.389
315.891
391.412
403.295
232.357
163.172
450.947
419.936
0.820339
227.11
35.1243
149.326
445.474
370.68
457.842
11.4194
150.019
175.091
283.889
367.733
5.86757
396.038
1.6949
193.54
10.4886
313.418
160.737
124.322
94.2383
461.013
189.512
393.916
460.568
187.434
204.892
76.8614
126.794
299.059
450.657
97.3277
14.2879
279.046
306.419
144.05
232.716
274.998
451.457
228.852
91.3694
14.4441
189.734
294.193
167.672
277.399
304.622
15.6835
237.39
21.215
379.098
453.185
109.419
167.147
317.529
0.871594
452.347
212.143
9.81343
353.469
411.302
448.567
449.147
311.764
266.803
452.789
291.844
167.996
163.141
247.329
321.089
461.977
134.277
161.002
234.377
197.031
232.591
461.765
248.906
-3.61468
347.244
399.385
231.378
405.897
50.2895
16.2554
103.577
459.509
418.79
445.036
147.819
418.795
461.901
330.586
444.185
3.95591
460.795
182.91
376.818
9.86642
233.579
5.243
102.117
2.37976
452.326
26.2413
216.373
3.59552
367.735
415.526
281.57
433.803
429.907
2.30171
7.87384
263.614
187.176
317.312
453.905
457.749
384.52
439.192
69.2182
265.33
60.919
105.373
274.649
453.057
372.535
16.274
412.691
404.362
175.459
418.89
224.755
447.065
454.674
291.967
446.797
209.769
378.361
9.06398
447.647
342.331
217.915
5.0537
439.535
17.0239
229.07
286.527
279.424
78.4287
30.1643
454.993
449.256
164.198
289.442
456.647
2.85562
209.008
217.204
235.458
376.064
188.069
246.757
289.743
215.4
18.6668
451.518
457.923
292.971
351.861
111.231
21.0034
10.4105
0.836533
334.861
373.898
24.0157
256.406
222.465
165.886
232.357
97.5824
450.518
252.339
10.95
449.021
255.681
283.012
43.3223
400.77
118.682
459.454
398.855
173.06
210.235
232.639
304.622
401.907
99.6356
311.867
10.1594
453.141
340.145
234.677
323.019
233.327
9.82443
194.776
358.87
164.027
13.4555
227.012
460.859
280.387
237.935
157.24
279.254
427.036
447.151
275.198
234.293
103.569
370.037
229.404
15.4113
455.862
165.397
444.557
379.302
452.1
405.517
444.275
307.715
449.121
451.521
260.241
453.054
454.653
452.035
106.07
249.523
12.9794
450.274
210.341
462.144
362.165
446.734
98.9484
205.683
87.0536
280.643
290.709
81.5647
194.234
320.722
136.335
8.12166
232.088
245.161
241.452
91.9227
3.4762
4.92726
284.741
149.96
451.714
1.90038
295.057
450.436
22.5027
227.523
450.136
251.391
278.046
276.662
281.948
449.071
65.1908
360.384
456.166
182.092
89.3652
275.255
453.796
163.958
273.593
11.4674
63.0981
286.935
442.012
280.81
339.844
82.689
455.022
263.549
375.774
6.83405
346.871
450.903
304.904
197.363
307.553
103.054
8.60285
450.717
348.648
392.561
449.223
240.759
352.582
49.338
231.969
26.5229
244.211
14.4045
451.892
127.937
304.906
450.122
329.95
199.26
378.386
232.842
435.81
429.208
448.764
87.221
92.8565
303.468
449.775
365.089
48.1473
172.621
336.431
287.697
266.915
419.909
155.026
287.695
359.392
387.073
200.166
207.991
3.626
16.6412
316.403
0.721178
232.973
308.678
10.9317
305.63
108.936
260.826
362.584
182.854
232.159
334.174
347.357
11.9206
132.477
9.23226
320.166
10.6891
40.9781
198.392
264.098
331.151
381.209
282.741
405.067
385.772
38.1736
159.969
228.96
374.098
173.921
304.44
1.26413
358.461
11.2334
349.639
371.508
296.222
128.727
402.622
9.91543
393.529
198.979
455.48
2.41169
401.57
424.903
458.672
208.066
432.261
328.048
0.202876
231.914
206.101
229.382
457.368
232.674
456.317
294.242
232.558
78.1212
9.58925
254.957
232.315
315.066
435.47
422.419
215.987
233.344
245.042
5.61655
7.8916
28.6734
75.5481
386.435
375.682
156.003
233.767
282.054
194.935
49.477
179.569
340.025
298.0
460.547
447.336
5.79498
324.495
164.23
1.14417
416.05
161.834
87.9985
461.17
175.117
250.053
212.094
311.008
456.642
18.391
384.731
350.712
425.464
454.153
450.625
390.048
451.11
233.396
363.891
454.695
42.6268
216.66
379.89
96.6862
326.019
2.80013
143.444
461.357
68.6144
227.239
239.975
312.421
368.143
232.108
62.5256
15.4145
451.236
116.029
224.492
177.703
127.325
421.266
455.744
432.944
451.383
316.868
109.777
290.916
346.081
456.144
444.925
82.3024
249.958
193.527
68.9523
256.123
3.6139
275.419
351.948
453.671
389.219
255.649
452.488
7.63717
461.417
8.64964
427.463
304.639
349.505
59.5433
446.354
0.834811
401.32
257.963
453.11
315.958
304.541
459.442
361.483
364.901
133.295
42.6281
264.946
303.119
378.336
264.713
456.344
130.178
273.985
405.988
204.789
125.823
447.256
11.0827
242.243
170.008
370.259
180.158
445.9
17.1045
344.652
74.6508
326.294
233.163
85.6653
422.73
88.7178
67.3845
245.993
9.02789
14.167
408.526
232.954
177.394
404.398
30.803
128.953
17.7374
378.184
459.074
47.1822
307.171
237.238
333.968
281.315
369.043
385.78
446.607
461.645
331.518
38.2978
232.785
460.099
9.54401
47.671
216.123
402.641
287.562
247.751
455.306
193.482
1.98423
328.503
401.092
438.516
22.1854
182.157
6.69361
191.489
50.5674
407.097
183.376
338.462
339.663
239.123
323.181
285.499
257.175
45.435
188.065
-4.46596
101.466
408.647
449.628
294.949
99.9392
11.2391
37.6009
452.016
456.952
195.404
258.257
7.93597
390.553
459.801
459.069
167.346
294.399
352.24
68.5142
16.7298
33.4252
169.806
160.551
73.2452
177.044
127.664
15.7718
5.00711
2.28959
36.7203
422.421
15.1633
199.333
1.10916
1.29773
127.88
145.344
176.668
277.908
212.751
70.6779
317.174
317.659
437.959
456.443
10.4398
451.975
77.2266
431.458
58.3245
295.648
161.991
447.155
198.091
39.6594
460.757
232.325
144.215
246.959
297.146
207.663
367.812
89.1553
460.808
159.384
271.202
453.173
67.0059
453.261
359.598
410.941
118.826
445.22
183.194
255.851
74.4155
368.319
41.6762
0.694777
450.513
305.626
456.972
285.844
126.365
21.854
2.31419
7.86489
451.028
234.659
17.7381
129.105
460.748
399.714
42.8034
222.058
438.402
105.684
219.655
446.689
165.507
232.611
371.648
107.886
274.733
346.141
456.134
453.17
263.815
455.993
12.6584
7.3471
296.498
423.774
81.0727
340.204
366.505
362.076
373.758
44.6687
339.172
334.908
443.245
301.487
458.91
453.886
62.4705
456.291
28.4966
278.857
448.915
94.2876
389.834
336.166
229.845
333.339
451.065
406.325
447.079
70.9916
331.024
11.8913
0.917145
403.16
3.61532
288.831
226.109
192.042
253.871
444.364
436.005
100.556
305.619
312.092
127.355
15.2424
383.646
245.893
364.521
302.87
14.6444
377.297
443.329
454.611
436.018
250.017
267.628
350.611
0.280711
5.43283
11.4918
332.519
35.4781
379.321
165.243
135.962
461.791
197.7
6.98863
281.58
6.92411
452.96
445.768
215.828
296.154
1.84225
10.5189
417.576
274.183
4.82156
218.817
231.933
384.806
245.248
236.231
449.408
455.927
311.81
447.345
182.681
408.485
350.515
344.502
232.069
362.974
16.7318
56.3292
200.639
343.211
305.088
144.767
336.952
218.48
360.846
232.211
360.126
375.338
405.093
5.42132
62.7179
240.891
161.853
294.15
231.962
165.183
4.24626
202.852
326.264
445.646
462.33
232.5
25.9164
368.869
159.679
67.2069
242.598
78.7953
335.049
9.44079
446.264
182.557
114.106
210.78
300.678
306.445
368.902
10.0688
30.2829
346.472
178.304
232.639
461.218
112.704
233.017
373.272
1.60301
17.7517
2.41081
222.114
18.2891
449.359
330.169
456.76
433.492
9.60107
100.179
448.071
310.0
330.236
200.758
349.225
350.619
364.548
8.38225
451.21
390.887
140.475
5.69155
42.8563
457.169
445.477
119.229
1.32968
171.639
343.869
210.455
333.618
172.887
379.076
109.889
313.553
3.15107
238.746
362.916
166.78
191.904
7.28649
350.421
10.1306
234.792
249.329
145.432
1.02496
451.053
351.364
355.657
190.934
138.123
449.833
3.01921
248.352
401.509
239.391
253.44
218.287
455.404
453.491
288.63
272.716
149.627
445.04
370.661
42.8982
145.109
2.01446
348.324
124.465
373.385
28.0286
112.321
454.416
458.045
82.5291
182.542
344.013
447.237
264.218
192.659
139.993
79.4732
347.462
460.063
394.295
210.866
12.5106
339.806
460.772
374.541
449.178
232.914
431.491
46.7209
275.643
123.947
378.944
0.742716
228.07
398.935
410.253
265.118
279.598
16.3213
456.777
183.557
6.36299
378.528
454.997
332.693
319.314
167.359
97.9371
7.62536
456.661
408.317
361.947
343.764
447.432
403.387
232.475
294.26
449.572
434.094
9.1537
462.472
317.513
166.352
13.0519
105.718
450.776
308.85
134.871
2.53616
10.8644
455.229
389.431
459.39
103.533
1.11511
296.373
297.749
457.284
251.806
445.115
298.802
236.552
435.963
448.129
10.9289
356.402
161.047
121.422
235.209
232.938
101.525
411.142
443.382
282.171
5.47143
435.714
95.7668
63.9969
1.17952
51.7366
462.348
357.337
41.1289
348.698
311.097
449.618
460.999
22.7223
56.1376
283.158
410.944
5.25903
183.591
449.995
322.863
341.578
258.769
268.04
453.064
189.33
146.563
86.7663
125.489
349.579
169.157
10.5358
319.023
457.606
455.799
312.129
15.951
139.835
16.4311
376.572
285.499
454.295
233.197
224.69
217.56
114.481
228.98
335.813
455.118
445.497
149.88
127.963
10.7074
324.701
370.806
269.116
154.766
40.6357
437.174
315.369
270.551
125.065
128.295
265.4
451.991
329.586
172.559
0.824084
107.37
312.139
444.626
252.546
195.014
273.034
425.524
400.599
228.212
455.419
271.206
267.18
330.896
283.162
447.811
396.786
447.183
435.091
453.364
441.29
241.447
456.862
43.6305
184.731
269.365
184.783
261.217
267.939
307.041
445.002
264.771
460.066
370.792
84.4307
458.238
257.84
69.6762
390.963
446.528
461.194
450.237
376.875
217.9
436.65
232.523
376.344
153.213
290.968
232.775
345.624
3.97064
1.69226
281.716
230.289
445.781
224.778
370.062
170.349
227.677
459.477
455.762
326.952
349.695
143.516
130.348
274.667
451.181
320.174
227.744
286.214
227.05
97.1486
15.6559
312.626
177.463
307.833
279.348
301.66
453.909
117.016
430.396
246.455
409.088
270.13
159.063
312.868
72.7708
146.928
5.64124
387.978
408.899
312.871
454.738
286.358
174.427
391.466
3.97409
411.292
277.008
351.821
250.882
33.2547
448.665
413.892
393.02
195.949
445.989
14.9741
201.59
384.413
26.7216
445.638
7.44346
313.639
436.387
438.223
7.08499
119.441
309.943
17.4713
337.121
273.996
217.953
457.051
191.09
298.612
433.956
215.353
433.532
339.92
163.078
386.541
262.451
232.318
455.096
433.619
200.528
267.811
234.608
378.966
450.553
12.7901
258.645
45.9834
0.70516
384.801
391.204
31.3313
455.958
247.244
144.424
374.764
119.247
448.531
190.269
26.7554
255.839
362.135
372.113
198.098
305.174
459.212
461.548
305.402
326.188
428.387
461.497
172.497
356.484
232.689
381.466
356.58
282.106
150.394
1.78393
428.701
92.7613
244.235
433.189
351.944
443.811
230.235
448.11
447.127
162.754
97.3035
232.671
390.37
326.334
6.55377
233.923
333.054
319.551
344.402
367.232
399.968
199.223
84.7813
246.823
402.32
362.606
10.1236
379.54
96.4961
232.421
410.133
449.955
414.119
338.721
225.217
455.318
17.4941
380.111
372.916
265.431
268.559
451.182
450.02
229.833
1.57639
220.899
212.273
276.163
254.015
268.537
286.938
448.562
238.257
114.544
251.171
187.912
213.149
261.438
183.907
403.321
132.64
109.607
13.7413
452.455
83.6893
441.147
370.644
361.576
326.727
30.5431
312.748
200.417
239.658
453.403
355.377
91.1401
273.39
456.645
12.1102
140.457
308.576
359.797
119.403
444.847
355.904
448.894
440.328
254.723
425.441
142.764
144.339
235.425
227.522
459.572
279.044
308.881
72.7601
262.85
371.594
224.391
291.818
309.348
14.9662
5.31752
458.938
460.897
12.8043
452.25
317.949
265.753
29.2024
450.835
457.105
354.688
408.924
422.875
460.87
186.986
232.579
318.579
307.848
365.321
376.922
454.521
344.496
449.551
453.847
288.678
167.727
5.72123
61.9473
392.959
254.31
408.499
462.658
271.586
439.86
383.814
452.424
233.348
80.969
3.14644
108.019
144.605
15.2411
125.014
18.0832
15.8176
81.5791
0.62799
8.49436
16.7857
312.12
446.716
148.738
15.6088
191.139
228.355
161.239
296.623
375.754
22.3171
279.443
441.3
284.314
8.19877
170.575
450.735
244.937
164.552
118.654
14.4515
420.474
327.738
309.84
4.54465
209.866
251.791
85.6869
128.379
266.154
42.2073
5.29251
392.657
0.219946
131.118
241.324
437.873
307.953
298.048
197.119
74.424
1.97635
189.506
321.28
289.895
432.54
263.4
443.562
311.005
342.028
184.389
335.555
196.496
445.356
102.75
145.256
178.768
429.52
448.306
195.377
365.495
280.794
314.972
194.362
456.553
461.675
445.746
449.57
14.0565
86.2202
93.3503
451.661
302.686
402.305
364.537
448.376
445.192
457.379
451.087
45.4993
340.896
9.92102
254.602
245.789
392.917
232.128
61.9879
239.802
461.917
271.274
4.38589
77.6282
215.286
0.489185
304.45
290.106
261.581
251.94
440.486
74.2334
275.769
305.577
105.567
395.637
68.4052
366.684
277.718
319.134
440.765
370.41
137.016
231.936
10.9025
387.793
320.211
415.956
12.4224
315.499
255.535
284.92
7.90329
260.305
111.047
455.864
157.214
141.368
326.329
162.907
450.09
356.375
15.7705
9.33943
285.473
351.661
259.05
372.421
234.779
232.406
53.3212
58.4259
451.782
250.493
106.302
346.165
162.665
187.941
334.234
333.892
390.548
217.542
161.493
162.958
268.95
183.536
127.245
429.561
260.871
264.808
15.1831
16.7308
288.766
1.27011
448.09
23.7377
360.567
10.13
11.9707
447.319
453.23
15.0483
457.16
454.337
90.2608
249.981
297.909
167.872
362.47
404.328
157.785
461.921
90.1069
449.213
278.056
447.165
159.334
307.554
138.913
5.64741
154.339
431.614
93.1978
149.212
186.315
171.859
149.22
4.47937
288.755
178.572
28.225
3.13257
331.647
377.882
445.401
233.35
455.531
255.104
232.539
360.687
457.779
198.864
445.352
308.766
198.878
291.139
281.119
431.76
223.87
459.98
151.695
299.713
305.915
37.8212
13.3366
5.66979
140.369
13.5036
431.811
260.732
2.45665
422.812
326.559
337.979
257.508
275.363
243.654
209.949
343.113
132.95
453.03
264.932
63.2745
51.6131
348.023
457.339
246.966
285.553
282.842
9.96953
105.81
0.94295
232.386
448.38
437.78
227.115
272.028
17.4306
118.91
117.447
455.597
69.509
361.669
338.08
444.884
397.193
138.67
11.8934
107.631
322.894
15.546
352.897
345.718
425.775
264.26
357.826
145.708
157.562
43.0312
42.3549
148.625
462.373
103.57
97.2117
330.416
151.105
447.649
73.0159
193.896
344.146
188.88
284.697
5.9296
1.07975
454.081
445.855
426.21
319.109
130.462
18.6019
134.586
232.765
370.686
231.982
104.19
454.063
453.582
380.974
59.5788
235.099
14.7469
442.082
449.2
256.907
73.992
396.733
242.481
443.092
452.937
358.157
449.225
200.784
354.086
450.761
424.682
452.573
14.3534
461.073
366.233
240.273
164.859
447.843
267.393
457.886
53.4774
108.391
389.853
421.962
323.225
450.385
410.092
96.6975
79.6466
326.916
115.899
457.184
2.5519
192.162
316.305
294.115
461.103
316.625
63.0983
460.5
13.4749
460.891
32.6439
451.238
279.54
235.487
226.669
2.11098
11.7998
344.519
122.318
455.292
10.5553
450.374
232.28
17.8371
228.002
450.247
5.57645
441.262
345.479
279.39
455.665
420.652
250.432
296.653
214.883
288.695
307.268
433.767
12.7807
460.328
382.781
461.061
381.499
443.799
255.32
33.1096
391.63
318.486
457.099
456.968
404.22
0.996069
457.116
448.005
453.427
315.192
10.7993
367.668
448.395
450.801
237.669
306.127
416.676
453.764
375.732
130.172
197.694
1.34566
233.149
181.164
118.746
131.111
398.927
461.656
424.06
383.124
153.676
15.7545
295.336
265.014
346.906
287.44
366.009
391.413
441.358
109.013
1.59128
352.436
329.247
200.872
427.868
389.63
233.105
448.335
363.778
1.26442
346.563
382.117
35.8225
224.711
251.037
365.518
241.98
446.1
103.476
181.24
37.3512
200.592
313.129
359.915
416.311
169.585
439.977
23.8973
331.344
40.6114
97.252
278.73
320.787
447.588
452.043
161.017
361.896
453.837
364.521
10.2931
300.295
386.276
404.187
7.79731
446.359
35.9332
8.50036
261.482
316.971
1.043
161.645
20.3925
4.75493
452.426
16.4584
358.233
376.445
168.65
153.749
133.859
211.346
9.25627
6.48583
361.792
414.979
450.024
98.5056
447.894
144.223
11.5543
79.7846
301.035
446.065
80.7886
101.673
157.509
199.487
7.6843
302.235
240.51
422.788
250.237
260.27
413.385
454.153
462.117
18.4491
448.11
353.755
276.287
222.257
452.272
330.345
450.768
457.012
449.884
443.578
69.7094
271.201
352.708
9.27745
264.898
1.08615
449.563
268.135
151.023
201.683
446.7
118.593
445.511
400.325
456.384
3.51918
452.784
230.523
340.715
445.229
446.703
457.812
369.443
350.059
110.307
367.326
318.386
342.483
345.397
264.6
272.796
40.5644
180.755
229.143
446.657
326.443
281.213
447.563
305.329
461.417
303.729
461.719
132.968
429.374
127.234
365.667
113.803
9.02219
456.163
322.152
133.563
14.2651
218.907
455.155
441.289
152.732
453.329
8.16822
447.172
437.125
309.182
442.666
226.728
355.784
47.8937
0.812551
164.402
46.8702
176.929
372.358
68.6204
241.246
58.2592
29.5434
293.675
123.656
402.392
211.524
201.239
1.1892
299.638
254.978
370.488
350.794
278.687
220.581
130.84
209.211
125.76
218.769
192.349
179.919
228.234
254.154
31.7591
346.312
323.029
442.938
298.767
233.088
447.003
459.544
239.314
397.855
335.592
298.378
86.432
6.6452
340.048
0.0157321
92.1309
12.3749
448.476
416.298
112.025
360.422
6.54362
134.57
444.818
281.228
12.065
137.646
8.64416
171.715
167.74
279.533
421.118
77.2296
242.72
14.2713
233.009
26.1816
458.832
385.829
146.345
330.198
8.79156
156.33
340.861
30.8183
10.2784
450.92
447.78
13.8162
270.914
342.105
230.629
302.275
450.485
376.904
406.682
222.912
162.914
452.979
381.302
337.263
442.427
402.202
10.0072
8.03606
390.118
285.938
453.01
178.858
451.509
386.258
23.6997
450.372
331.839
265.509
435.387
377.13
223.188
138.424
337.038
449.122
445.633
10.5402
267.311
79.5971
328.057
181.83
183.982
297.641
410.655
173.96
419.758
4.53889
390.896
231.937
460.632
204.343
1.844
5.60253
23.5459
379.37
191.192
374.518
210.452
22.6055
9.29961
128.359
338.985
451.679
392.073
282.43
1.96137
14.3901
5.28729
80.0843
110.653
455.109
288.489
284.408
1.01573
191.924
446.309
458.616
167.798
212.28
447.627
419.472
46.8075
8.18015
346.41
232.732
160.173
119.562
455.248
445.85
361.25
327.738
215.207
1.12424
3.85436
449.948
68.0657
431.566
351.631
249.846
9.75444
461.146
180.398
273.51
241.478
181.406
3.81577
-0.264462
445.206
314.647
455.36
450.195
351.042
332.925
279.897
14.5059
233.372
261.378
10.7796
310.77
370.075
184.23
156.14
65.3953
260.558
8.98722
2.60871
317.006
168.582
342.946
4.0059
124.014
184.285
363.068
233.719
456.326
335.486
219.028
276.197
14.4654
440.613
12.8394
15.3173
145.286
383.457
232.152
8.02574
288.227
231.725
232.84
318.608
70.3363
374.551
55.3251
268.664
363.517
12.9063
101.282
457.248
428.3
165.032
196.757
8.81595
2.02525
443.921
313.07
144.519
390.766
259.619
415.407
435.083
183.091
259.063
455.6
81.7793
232.036
331.229
379.077
11.901
37.4495
286.897
435.152
61.1152
60.1685
403.216
265.386
297.887
287.912
133.984
338.026
9.72601
9.82811
272.383
133.292
5.1249
461.316
452.013
251.415
421.908
108.756
443.828
205.536
152.36
193.321
455.455
407.43
169.865
17.1625
270.717
170.694
233.249
321.154
373.876
79.5426
450.339
93.9287
226.721
452.136
295.124
451.528
134.104
1.42313
152.573
449.193
376.211
336.824
214.22
455.69
13.0854
53.2862
432.199
458.089
459.138
306.4
338.702
226.157
359.324
17.1636
415.797
136.634
170.501
80.7178
374.751
437.525
399.706
15.7748
293.193
237.854
19.8392
297.178
68.5759
309.633
1.89573
182.324
319.577
423.712
139.375
391.8
331.017
344.975
277.298
232.951
367.914
228.212
339.25
229.014
449.366
167.134
85.4793
185.064
5.5102
435.558
1.64947
11.8132
318.833
437.003
13.35
328.761
240.755
256.456
376.901
232.482
447.575
224.246
329.856
450.414
238.96
444.617
4.96831
408.746
369.389
96.294
186.73
221.858
6.41614
455.803
11.2748
346.082
184.687
299.131
146.336
359.009
344.449
456.508
371.011
319.966
79.5018
407.358
151.496
418.847
350.94
454.672
8.18002
17.311
370.078
204.312
447.982
445.916
72.78
284.928
403.601
452.933
232.491
16.3306
88.8626
317.829
446.883
416.361
136.851
24.5546
135.454
105.377
89.0384
78.3373
295.606
107.43
106.538
351.856
322.943
15.0423
9.51324
164.669
2.49465
157.392
171.145
248.203
197.292
127.008
205.475
206.831
306.03
240.368
216.514
102.712
336.199
285.894
440.294
292.347
1.3916
429.75
353.525
156.633
228.248
369.052
57.7904
422.425
251.312
213.863
88.6239
453.291
108.104
253.616
76.5662
239.97
1.78141
384.432
47.2966
337.522
457.974
373.934
366.251
140.157
409.929
257.733
14.7555
454.631
233.319
459.489
301.947
302.733
16.4614
449.788
342.859
192.673
437.044
88.2622
108.709
455.211
106.829
10.9606
229.067
289.276
114.352
232.985
74.176
13.8699
226.557
340.425
342.639
232.468
444.111
425.949
38.2292
333.609
6.45375
416.129
159.33
2.64851
446.531
154.736
118.085
15.4347
370.387
456.337
345.676
173.43
315.683
310.485
10.3374
78.4369
460.341
187.001
239.656
54.4898
11.6006
212.531
9.08776
135.778
250.687
-108.706
94.2652
37.8388
155.513
35.8806
270.719
298.552
311.5
404.384
77.9279
296.665
76.8693
454.174
9.76316
459.638
450.67
10.7026
457.233
455.698
404.29
191.48
2.36945
362.106
461.068
8.21997
234.785
327.295
39.4528
69.5004
74.8208
357.283
168.14
24.4216
171.719
6.40526
332.859
331.909
106.799
272.677
18.7564
456.097
313.313
200.548
313.477
17.3927
456.897
336.104
128.343
458.036
453.832
453.453
401.421
413.322
111.811
172.732
328.767
217.653
0.858827
385.911
244.11
14.5056
418.367
209.748
375.681
452.635
446.155
4.04984
368.536
456.232
9.22576
266.209
153.679
310.65
90.8933
175.318
140.819
381.484
394.473
353.154
158.389
87.4998
429.41
381.903
272.241
112.612
437.434
363.711
9.16582
113.939
264.836
269.52
375.867
10.0948
117.176
347.472
249.645
195.737
2.4962
101.903
440.924
381.986
460.14
103.65
283.001
395.803
448.169
460.817
215.168
458.217
431.757
297.572
57.4214
306.574
109.534
447.024
323.893
90.7055
79.5307
406.869
98.6398
444.607
263.667
16.0862
87.8544
203.719
454.878
3.47411
347.621
325.348
383.107
1.65518
9.48939
172.819
261.865
186.098
397.631
262.899
102.335
428.562
448.134
378.16
72.1771
232.34
217.901
156.556
135.253
38.241
89.7731
236.245
391.981
416.947
152.556
394.135
233.692
295.427
450.476
266.379
455.926
257.231
195.05
11.0163
219.362
9.45201
288.616
254.374
118.221
450.605
36.4258
347.132
387.132
459.315
273.126
188.066
136.287
442.083
343.456
9.95912
328.368
454.4
453.517
235.735
88.9947
10.6156
1.48696
362.458
445.418
286.808
351.746
66.9018
445.791
233.413
3.3374
99.8147
110.128
47.0622
9.31817
21.7069
47.0348
461.53
410.476
234.1
444.767
22.8087
395.204
449.868
454.224
108.914
0.700432
277.908
401.264
324.952
459.372
333.732
337.803
367.541
13.7579
38.527
172.873
1.39271
33.0921
449.434
15.7362
150.866
98.2162
3.32259
181.564
401.698
146.712
216.889
453.211
120.496
448.095
221.723
248.736
456.715
343.342
383.966
234.022
452.557
456.391
444.822
6.90461
77.9878
434.945
153.727
262.229
0.9294
384.248
331.785
397.512
440.864
59.8789
198.189
386.315
431.282
370.905
245.04
420.747
429.667
448.623
431.986
134.383
211.156
449.993
208.818
209.388
208.237
430.212
385.711
391.663
388.712
461.37
343.138
149.696
99.7543
116.645
404.952
385.102
232.341
445.169
4.83095
2.06091
219.223
200.606
138.991
142.382
403.705
44.8602
453.144
97.3452
10.3336
349.688
441.859
322.418
50.1192
8.79122
335.057
412.464
432.174
308.396
178.3
285.411
232.174
276.813
439.979
368.545
15.2973
163.554
447.181
328.288
451.213
233.567
455.769
188.243
443.641
461.723
100.868
448.122
300.219
206.218
343.317
7.82839
442.853
213.206
449.072
459.744
266.804
67.9069
445.716
453.66
11.4768
8.9476
428.46
232.524
141.638
45.4316
354.165
399.991
265.287
287.271
270.151
242.507
57.6283
207.817
302.595
207.279
358.488
139.657
440.545
447.371
47.169
442.067
397.238
224.334
305.363
198.254
65.2096
359.206
163.926
114.832
128.395
269.833
440.253
425.946
353.122
186.882
319.783
148.543
175.76
347.597
454.731
354.689
160.424
144.215
186.742
161.916
445.061
287.025
292.406
317.831
442.782
258.062
180.901
279.415
335.433
9.60917
15.2497
389.955
232.879
267.042
344.134
236.481
31.576
286.405
58.6268
260.167
324.221
60.6449
427.748
110.697
269.604
319.899
232.712
156.779
215.814
302.438
457.366
455.169
11.5724
368.268
207.111
29.3115
76.0054
250.053
401.886
363.921
259.746
457.742
263.185
449.292
274.798
430.9
258.282
347.96
96.8722
318.197
296.07
204.491
167.231
418.413
451.024
439.048
383.863
167.657
358.223
324.037
365.164
229.532
445.703
419.509
230.842
158.359
301.862
69.1191
395.295
13.3171
151.399
311.487
14.9829
444.117
390.145
314.347
436.048
4.60936
451.568
319.627
31.2527
223.693
235.712
65.9695
15.6605
461.332
408.546
264.933
145.209
314.049
259.777
366.699
461.3
404.241
303.688
457.817
40.0609
328.844
422.515
17.1167
192.298
361.296
448.002
106.684
13.7258
456.552
263.591
233.06
448.796
308.937
340.463
326.169
344.451
109.549
183.922
190.088
225.022
449.326
364.096
461.488
1.0264
437.517
385.582
56.4488
441.763
360.476
129.433
416.834
300.447
441.17
272.276
431.25
425.327
163.735
22.9664
451.815
450.925
359.623
442.044
281.338
458.367
389.92
367.809
318.025
106.035
177.912
259.445
131.872
223.255
1.53428
187.895
279.714
3.03312
153.853
368.117
416.203
292.81
134.333
6.54684
257.848
456.646
232.393
361.556
178.713
333.878
277.609
6.14701
386.946
304.263
452.71
438.257
341.242
48.5711
316.952
143.494
441.321
441.046
262.996
401.664
343.275
53.5548
148.449
460.092
299.15
230.265
69.6724
196.742
232.301
358.936
204.145
247.547
268.302
102.089
5.80122
430.223
12.2486
383.178
423.019
236.163
310.446
461.7
378.674
440.076
302.769
2.18932
448.129
69.0856
193.354
456.353
316.978
432.705
339.494
403.609
237.522
449.62
313.867
395.578
206.071
306.147
232.593
422.605
448.456
274.109
383.192
4.96066
292.506
243.683
51.5073
9.47032
279.011
109.644
76.8422
396.312
231.482
370.979
7.11484
406.596
354.915
373.296
7.02737
271.541
336.781
436.685
112.314
230.339
446.604
352.939
288.766
37.8653
301.58
362.44
462.043
236.943
170.218
323.487
99.0025
454.855
140.128
376.58
434.972
2.83545
446.202
307.607
232.304
86.3231
16.7945
9.86673
92.7936
340.758
230.218
452.697
350.624
383.179
386.225
388.725
284.368
98.9477
7.03951
69.1796
253.326
270.107
450.886
376.724
444.013
208.924
317.765
192.284
100.661
261.925
322.021
16.0962
306.283
449.667
1.84435
245.647
290.376
205.587
364.611
359.037
461.37
197.05
19.6638
461.289
411.167
462.002
388.991
417.888
4.25466
120.441
14.833
34.9044
453.181
449.699
147.636
319.21
449.848
12.4506
458.719
404.075
397.382
144.496
358.844
457.165
435.341
218.809
117.782
446.179
362.004
115.588
453.29
392.407
14.7843
125.992
450.87
72.0997
376.725
193.381
9.59535
148.594
328.13
341.952
418.56
13.3153
430.489
319.885
180.921
440.086
182.456
285.285
454.64
15.0407
1.08235
208.955
41.9616
0.654109
261.459
392.65
-1.42338
364.501
270.888
441.537
35.3818
462.118
285.701
285.186
83.1794
298.557
187.713
94.0552
185.405
21.2803
374.463
452.105
245.353
106.216
232.093
87.0648
218.423
277.01
311.592
12.7165
267.878
363.982
452.732
379.043
343.039
269.704
463.382
418.021
395.952
4.52687
394.652
55.8684
427.252
184.257
288.389
456.423
446.706
198.297
99.4556
232.653
461.551
369.027
407.312
306.804
223.556
198.875
256.264
169.489
0.638347
361.352
455.748
9.84732
95.2524
437.445
311.64
322.903
35.9352
1.96765
14.1025
264.445
133.64
106.357
97.1202
450.719
328.3
445.873
257.571
343.162
156.965
15.7016
455.978
384.563
15.7174
306.014
20.8457
393.559
411.765
11.9269
312.149
357.167
352.794
286.562
342.703
284.092
381.855
174.293
437.34
15.7154
6.63965
446.942
382.717
256.158
208.188
364.732
437.613
151.628
455.308
160.556
235.902
422.647
46.1247
266.853
227.867
329.987
47.6312
261.259
405.8
124.525
456.78
151.94
293.065
171.199
390.728
13.8397
384.48
441.822
252.621
436.197
361.741
454.631
454.993
344.977
335.611
9.15031
416.918
300.357
190.723
85.2576
233.775
444.687
173.48
18.7771
156.709
403.589
312.059
457.102
0.0297984
122.249
46.4689
354.91
8.91449
10.2834
140.338
312.868
377.238
148.983
376.696
261.361
122.56
279.626
270.939
449.842
347.157
260.776
324.04
234.887
324.55
232.091
125.037
444.71
453.933
421.638
124.659
133.168
382.815
24.799
320.276
285.2
10.9431
451.551
194.782
260.552
248.5
318.412
264.103
298.516
14.1245
11.8064
11.0385
394.941
291.398
461.962
248.304
176.879
81.8684
227.13
306.773
341.267
106.836
450.835
453.475
307.271
58.565
337.462
447.071
408.24
245.631
451.637
454.912
292.841
455.904
237.999
324.947
229.618
268.956
227.831
96.1852
12.6147
325.53
307.649
87.9522
314.578
232.781
166.412
343.1
232.512
241.549
97.1742
394.316
232.343
401.31
434.613
232.96
196.528
397.775
189.301
302.725
9.49269
297.696
307.1
308.629
248.169
455.666
353.655
451.707
448.248
1.18794
393.898
14.7476
11.6017
426.485
207.673
284.561
247.382
8.43686
8.64455
451.096
443.778
163.542
420.155
163.737
346.712
384.62
254.13
450.076
213.248
231.761
10.9775
399.177
437.447
6.74402
459.308
87.6379
399.268
218.286
5.93859
455.095
286.974
155.653
79.5457
444.731
21.6305
5.24624
268.79
428.128
245.904
216.555
114.457
25.9343
390.162
110.165
275.499
154.665
276.003
350.172
232.426
217.823
366.604
336.31
86.8576
269.714
36.4768
451.209
440.744
459.997
245.478
108.041
340.094
223.488
461.58
451.786
349.069
451.578
131.522
290.955
136.64
284.356
461.917
236.062
349.006
442.906
412.218
452.733
345.067
274.92
250.407
8.37508
440.519
447.153
4.07022
280.404
455.766
247.521
454.572
251.072
232.34
197.211
415.01
215.268
101.276
129.863
373.14
242.664
232.644
459.738
255.375
453.864
124.123
428.83
424.606
329.316
387.808
425.451
383.764
259.001
362.818
392.114
455.553
144.729
336.976
164.965
265.22
456.652
459.033
135.487
460.764
129.816
135.458
254.947
39.1132
407.485
93.4295
449.984
287.842
29.8664
5.83524
109.681
452.041
67.2117
50.1712
176.529
175.27
286.932
6.8026
16.9013
445.157
180.739
454.968
376.701
57.9046
6.76183
205.56
424.212
447.143
242.316
124.029
387.302
236.338
297.733
197.418
234.389
329.46
259.026
424.976
337.736
447.008
385.027
2.55891
315.114
269.687
40.2431
84.0309
21.2124
2.92208
169.235
410.14
454.816
240.095
6.93735
288.61
453.51
340.501
353.119
458.543
397.55
389.037
364.624
168.971
415.891
390.469
410.014
301.098
237.935
7.81773
294.676
444.807
12.8894
237.974
455.083
358.125
292.245
330.204
423.952
246.67
301.378
36.2469
9.10743
281.704
300.299
448.674
422.986
107.927
209.254
390.791
234.583
366.359
232.525
15.4569
204.402
450.698
88.8049
439.291
456.973
292.678
96.3614
122.625
352.938
395.555
440.873
152.393
354.635
280.592
188.673
323.215
403.163
10.3104
460.995
456.885
232.677
461.171
195.542
289.152
143.306
256.797
212.298
449.386
92.3583
299.71
345.296
71.0211
379.286
7.12058
16.0379
461.71
387.491
93.0623
303.223
415.647
114.941
130.587
453.805
374.465
362.082
406.798
260.304
449.522
113.159
450.981
366.335
401.41
326.184
442.616
305.973
116.764
4.51718
384.046
332.948
71.4312
435.423
254.176
441.282
456.617
461.919
400.296
323.927
142.357
397.852
11.0224
328.7
340.401
411.179
11.1581
30.3229
10.1424
343.461
83.3499
434.516
456.254
445.632
282.328
43.1484
389.606
335.983
368.335
210.63
298.769
260.208
402.519
242.604
15.5722
376.933
458.944
267.539
69.0436
134.839
453.394
367.685
92.9901
9.64693
218.702
245.437
460.935
3.90755
276.745
446.673
102.715
269.753
149.129
0.349831
214.086
6.70121
14.2897
261.088
103.793
447.533
68.0809
44.9408
136.839
43.4408
384.753
229.838
301.734
380.123
249.463
331.111
59.5037
233.071
458.929
233.085
443.117
255.987
279.323
365.147
427.597
448.437
261.525
138.14
6.61019
15.4358
128.997
233.802
448.102
460.171
304.971
448.655
2.763
306.409
34.5208
18.5334
398.863
232.575
375.662
451.11
302.581
342.256
279.877
133.894
394.571
441.725
98.9665
36.0721
381.883
246.266
310.103
12.096
460.256
365.289
446.255
254.786
3.43763
113.664
348.75
182.635
344.514
119.565
309.173
115.506
437.561
18.0629
411.09
24.8248
335.258
1.82911
380.391
282.217
357.531
51.1578
287.408
226.067
60.7197
447.587
447.969
338.474
14.5779
5.48131
421.088
324.791
165.925
9.14125
400.884
172.923
443.886
249.811
24.761
230.978
398.46
451.514
381.204
355.347
325.894
293.591
185.445
459.043
251.763
3.20984
0.171675
106.832
410.692
76.1261
2.42748
293.769
456.917
316.06
274.964
143.221
403.846
460.692
368.66
232.029
1.97517
26.3511
94.3753
28.764
129.765
6.11245
366.686
455.801
451.096
51.4865
448.152
4.85656
182.364
455.894
145.448
6.24253
408.674
143.971
371.347
461.036
260.374
332.774
347.34
219.604
421.613
49.9357
255.456
461.637
199.395
46.6604
198.241
457.122
237.481
455.557
446.442
22.8803
235.072
432.434
103.037
127.622
454.159
346.729
349.275
455.463
110.972
397.2
289.946
232.865
456.694
413.817
437.536
195.372
410.607
243.154
82.5452
3.30591
5.74878
444.94
360.131
454.474
250.28
256.965
92.1918
269.323
452.189
420.439
376.773
245.928
452.317
250.264
302.333
354.936
75.0
320.023
1.79502
136.637
228.634
255.293
225.037
90.9403
400.909
132.262
364.326
14.0638
22.7074
369.033
444.508
213.937
78.8484
305.107
359.518
451.66
313.502
284.391
14.8613
78.2675
130.661
394.124
457.113
450.522
218.233
289.669
66.6036
148.033
343.544
228.789
447.211
404.078
223.649
440.964
232.662
446.547
420.721
3.33636
340.329
13.8841
263.689
15.0271
281.436
450.449
448.114
355.221
445.561
292.303
81.9674
332.506
306.746
280.776
449.276
101.937
30.8043
379.706
19.2974
239.1
0.820073
340.818
13.7253
461.835
15.9524
374.43
232.774
359.875
228.108
2.66309
232.3
258.807
337.149
340.027
455.174
79.785
436.253
103.927
412.0
286.86
222.575
337.867
294.991
91.0628
227.895
11.0513
83.6271
113.186
404.346
73.5418
264.586
207.525
432.438
184.738
405.494
228.613
90.8684
191.346
59.8902
86.8495
175.547
445.521
371.337
3.07344
425.94
110.75
319.604
100.274
168.238
312.076
193.639
207.496
447.241
271.242
232.355
364.344
144.878
25.1824
32.5014
94.9044
110.894
254.507
424.63
183.209
446.448
435.161
13.7297
7.62507
296.016
446.287
361.879
444.865
276.683
343.604
253.102
256.095
14.1035
74.8412
454.228
447.585
387.574
0.230321
39.7401
313.699
191.104
449.049
2.28903
381.379
269.176
8.47719
291.753
114.82
0.734906
450.008
268.556
252.462
288.588
264.177
288.046
401.58
223.448
34.9782
112.55
16.3805
110.254
124.528
157.907
59.0802
404.54
5.5187
11.0941
325.136
270.595
186.537
221.865
278.861
427.121
128.413
255.545
0.971938
398.681
239.214
312.335
264.932
162.544
159.475
133.071
455.941
377.58
80.5914
460.028
315.43
78.0424
454.893
12.0418
114.57
189.474
358.292
9.98312
193.295
281.633
438.388
429.055
436.122
18.7578
86.0793
75.3516
337.025
268.677
301.555
460.193
265.526
305.751
302.655
456.172
399.415
242.527
17.313
232.153
114.168
395.913
99.2113
263.227
9.62081
20.9341
6.89764
285.87
357.052
204.944
172.375
7.55179
310.196
239.682
252.05
195.061
233.245
460.028
300.334
246.11
447.357
453.448
462.08
6.00781
249.855
342.123
151.838
8.14858
175.335
144.587
154.215
418.502
344.039
9.23295
28.7966
420.44
194.151
101.631
4.72982
329.413
362.47
370.444
8.71947
460.608
225.293
372.488
367.181
395.216
232.239
349.591
227.836
240.189
460.885
173.4
453.134
445.999
215.532
231.278
98.5011
1.03031
449.177
258.684
35.2348
10.9545
219.544
293.526
9.14834
6.93429
460.85
310.968
357.118
324.209
335.888
341.013
446.932
425.082
444.402
332.85
12.564
65.8009
418.559
389.929
227.559
298.306
376.751
151.5
341.274
268.812
11.8283
405.872
307.602
409.72
385.343
2.66324
448.582
279.803
181.025
269.505
446.939
145.077
13.7742
396.235
456.417
440.654
345.969
445.266
449.55
265.981
96.7842
398.373
447.39
457.152
449.764
224.93
1.36411
249.615
355.629
225.949
274.246
319.997
394.855
455.526
186.103
455.933
51.0053
445.575
181.87
445.125
301.75
9.64383
135.489
120.418
335.232
25.9822
232.61
311.66
109.987
296.152
248.055
196.472
83.8827
254.924
375.96
15.5356
295.019
461.857
189.888
229.539
279.48
354.91
279.678
333.814
394.864
254.996
378.237
410.011
56.7492
153.388
200.272
452.58
357.826
455.14
213.824
106.811
158.22
233.48
447.213
461.399
399.27
191.283
182.882
0.589329
268.609
12.7104
10.1161
450.173
455.715
347.4
234.087
145.686
422.592
13.6712
449.158
222.898
281.741
316.325
397.364
461.917
235.048
460.838
437.227
9.9783
154.288
397.3
419.806
330.61
331.023
264.639
197.259
232.672
406.283
382.288
16.6178
239.632
58.652
456.828
232.743
380.026
432.464
297.389
221.328
450.896
397.715
430.689
304.777
448.85
386.443
457.81
361.835
449.432
344.593
8.06784
30.7833
304.186
243.81
65.9038
90.8666
289.42
447.04
311.429
304.19
22.7581
40.5737
287.413
370.456
10.3462
180.832
122.693
457.997
351.241
222.612
218.195
460.091
461.79
84.3108
221.863
370.713
200.25
456.392
90.3146
157.315
240.598
446.306
417.101
456.179
278.941
448.594
445.317
151.602
370.841
103.211
248.646
10.3035
13.186
360.299
450.813
0.3554
17.4303
227.318
267.207
435.798
9.77349
268.057
356.706
14.2496
449.894
411.367
260.448
321.719
7.53704
394.633
-0.0238942
215.022
461.323
355.816
186.241
16.4064
288.732
399.684
279.338
61.5511
78.0342
442.784
320.092
417.981
186.953
270.389
454.407
120.269
163.425
50.8153
17.1933
446.397
397.642
399.106
111.42
385.748
9.54872
14.1732
347.76
95.6597
13.9205
446.689
1.08489
448.746
247.274
11.2509
8.56207
366.463
241.63
8.62005
244.772
218.048
87.1067
342.522
260.789
143.641
350.201
314.829
58.2447
440.55
422.346
215.242
232.111
279.095
74.0348
321.835
299.395
287.226
450.136
178.561
232.43
35.2359
373.0
256.55
460.035
79.5461
462.312
365.482
457.142
292.828
316.363
433.444
163.403
254.799
452.152
1.11455
313.558
455.9
444.501
368.279
193.378
167.69
250.929
152.181
333.327
7.64929
367.855
21.8637
105.453
13.045
457.125
338.375
130.571
461.076
321.417
450.187
447.969
60.6748
364.951
101.685
446.435
9.13005
211.557
206.952
460.867
22.6296
373.257
301.807
12.6651
178.012
232.936
387.677
166.065
271.258
460.425
227.479
134.612
63.8023
368.903
175.894
213.987
331.082
460.933
13.0718
451.191
153.041
459.719
103.308
321.998
441.318
101.771
385.442
198.858
298.209
451.02
165.906
316.43
345.663
15.5694
1.28655
16.5388
317.504
228.838
177.933
331.89
393.089
15.3694
121.826
244.43
381.942
388.515
425.104
441.099
451.683
291.186
271.576
385.803
8.79318
430.134
154.891
378.074
388.499
429.283
419.333
236.535
148.473
375.277
449.732
151.288
86.2029
206.596
9.20374
223.57
116.212
190.423
295.033
84.5559
289.82
9.98071
10.5085
390.252
346.056
453.94
331.497
453.348
30.5086
461.327
22.7612
456.455
349.389
17.8518
232.815
108.945
146.348
447.831
135.601
142.66
337.276
12.2452
15.3817
460.379
409.135
327.861
9.34572
11.306
450.786
63.9225
389.85
164.57
457.1
263.519
301.284
205.023
13.8795
455.428
214.474
44.8174
453.056
10.3006
243.333
282.241
330.253
387.254
114.541
447.164
91.961
453.339
358.274
213.537
264.984
227.19
461.589
460.536
350.445
292.139
384.73
326.27
345.883
376.316
458.266
449.241
455.771
412.913
395.348
343.352
342.322
406.438
10.6852
40.6977
365.407
95.3644
271.423
281.496
451.48
451.026
230.661
239.534
176.081
459.098
102.968
442.355
66.9347
182.975
18.0448
360.337
450.338
229.795
232.205
304.409
391.531
66.2505
154.628
269.461
409.821
305.703
413.96
405.549
307.526
75.502
267.423
353.618
233.695
102.019
72.6395
456.682
254.972
216.314
441.035
126.108
449.411
346.745
186.241
398.264
338.978
393.72
456.051
154.024
165.296
100.671
7.32158
0.409509
323.563
452.043
8.52022
184.796
186.936
431.816
1.78043
297.935
20.1662
78.728
380.923
451.42
281.884
146.042
450.642
9.47671
384.429
455.219
359.141
239.773
13.9003
348.031
115.451
14.3114
260.577
252.826
296.116
2.049
258.685
342.246
451.82
451.337
271.573
204.436
454.84
28.6975
75.6057
289.966
24.6591
153.932
316.811
232.739
127.216
77.9076
270.39
401.53
90.7355
194.553
361.983
5.62978
451.275
207.535
269.449
246.287
40.2518
359.146
258.126
454.356
316.412
50.9055
81.367
249.536
417.696
283.828
324.882
402.478
458.008
16.0318
239.221
277.641
248.667
428.798
426.642
453.007
216.481
288.13
218.888
295.68
457.837
326.98
330.937
11.4125
195.858
18.6627
454.816
456.5
431.001
447.708
430.769
7.15308
352.612
461.641
228.04
461.097
454.429
373.54
326.899
188.644
87.9266
232.394
165.39
350.131
231.767
267.14
414.031
343.779
408.002
15.0586
97.969
85.8364
39.5078
451.561
428.352
371.36
265.622
279.146
203.177
357.117
291.299
449.835
159.802
25.8818
292.251
195.556
446.914
20.664
159.933
97.3931
447.603
287.877
70.784
444.023
362.537
339.623
13.4839
217.463
397.137
340.469
312.501
158.469
373.943
437.132
422.877
13.2591
201.184
95.7787
0.611495
459.0
328.89
418.317
238.767
339.262
126.557
232.572
392.934
407.706
5.86397
111.708
444.028
170.167
333.606
257.724
304.445
285.439
251.432
34.854
156.453
235.732
317.745
135.199
344.82
24.5549
42.283
171.222
130.811
223.611
250.81
42.3415
440.268
251.854
446.389
455.604
338.604
398.305
75.4491
10.9518
160.546
255.736
1.66171
325.926
56.0693
459.24
442.92
16.6089
372.609
461.943
232.532
288.599
310.445
333.341
107.128
268.915
280.499
264.34
1.32101
85.426
228.149
455.419
455.111
377.053
442.185
292.851
338.458
319.759
30.3894
331.938
405.384
17.5633
373.573
11.4533
380.356
6.47404
60.0587
350.466
342.515
238.21
295.196
326.252
71.5678
276.984
10.5624
111.292
221.677
276.032
235.87
25.6026
55.6564
403.886
31.9755
451.261
306.844
460.779
269.535
2.65
14.3407
444.151
254.216
115.699
106.588
311.269
67.851
8.07562
281.795
454.734
111.286
439.614
450.365
434.041
233.368
0.0806097
218.287
443.925
90.3983
366.055
15.8317
259.086
126.866
269.896
198.566
11.2301
231.687
240.56
269.289
193.033
326.428
219.135
307.24
138.275
216.5
283.296
166.87
301.539
442.33
278.655
262.631
461.727
159.966
319.045
452.358
11.5826
373.831
192.317
173.389
101.512
459.129
385.022
400.818
76.1809
404.465
456.663
182.189
8.18286
206.279
277.294
440.465
386.512
1.17497
354.332
231.555
10.5756
251.145
311.942
406.216
274.772
460.768
172.43
206.852
337.679
259.585
99.8277
213.747
196.021
383.657
133.629
37.4301
13.4366
199.06
448.337
83.7133
215.981
381.304
233.271
258.196
6.71842
295.0
248.504
7.01501
405.392
138.981
394.557
270.867
401.627
334.509
412.393
135.592
324.015
377.682
272.731
188.602
87.4059
447.475
138.585
46.2788
453.863
44.9831
413.759
229.952
133.196
453.757
366.267
379.707
313.444
34.5291
184.135
445.547
233.507
1.023
399.076
96.4132
402.159
154.929
278.134
257.075
261.484
456.477
457.32
312.73
451.183
238.26
448.54
389.06
442.231
386.527
198.691
323.211
106.139
294.529
16.0319
132.017
211.768
423.634
336.159
125.884
267.45
185.943
92.9875
14.4877
384.485
264.364
264.021
315.344
4.75375
460.177
0.817274
319.645
457.337
288.621
300.4
5.02142
429.641
0.988724
455.915
6.10143
171.577
258.816
350.413
68.4352
327.345
204.172
106.129
1.87577
454.463
2.11573
37.2233
187.308
460.743
292.381
413.824
423.335
442.736
106.814
398.645
424.198
250.158
417.745
369.035
281.0
257.58
376.169
97.1077
461.069
10.6354
143.899
335.002
445.79
148.32
306.792
153.782
437.425
317.521
437.411
399.676
361.063
354.949
442.167
246.233
405.57
299.635
164.227
262.704
202.462
436.418
16.2781
232.337
29.2124
456.053
294.37
452.191
300.091
459.379
234.831
453.814
366.897
297.783
352.971
388.921
426.225
417.902
316.016
392.025
218.944
278.214
361.279
460.501
9.77654
8.85222
460.59
78.7725
308.233
55.8119
458.355
208.959
262.644
452.771
455.331
87.276
461.2
281.885
289.088
232.365
145.511
10.2675
460.431
77.5456
257.611
269.389
0.615927
218.633
96.6456
451.527
241.354
211.092
233.394
450.445
321.146
117.682
5.49897
417.721
447.866
173.92
461.55
4.72462
281.048
341.325
230.45
155.529
268.155
367.875
285.514
154.631
262.508
11.0343
373.645
440.451
80.9521
319.075
405.132
396.875
395.809
-5.36476
5.87583
363.649
274.206
16.5407
190.155
284.73
140.12
252.669
446.177
196.131
5.28586
406.09
232.352
27.9796
5.54184
257.332
20.1627
57.0559
437.604
300.353
90.2112
212.946
241.738
121.366
304.664
280.091
261.531
320.273
166.798
232.463
372.559
297.424
453.498
170.69
400.996
140.194
449.132
11.6201
104.536
6.9338
196.29
2.77317
448.071
386.073
1.54237
393.563
147.795
449.986
430.101
94.7322
0.798562
159.203
275.575
309.389
210.396
58.8404
143.205
250.584
43.7695
422.237
51.4135
246.758
432.297
447.535
270.882
461.439
246.292
362.74
453.143
349.896
114.804
59.4464
110.228
356.63
297.74
416.721
54.615
290.134
217.828
327.353
195.94
232.764
42.627
260.297
448.796
159.789
341.771
122.622
285.481
19.0439
115.126
125.173
152.221
321.684
232.638
276.25
361.791
456.391
352.982
105.891
10.9028
268.291
172.715
44.6315
275.89
279.544
460.423
117.831
273.208
273.93
163.18
377.727
317.702
80.9737
258.752
263.478
443.461
333.791
18.9664
406.113
240.009
153.359
5.1922
448.458
296.159
114.898
228.807
233.045
143.674
13.5692
299.165
455.609
456.493
6.72394
339.004
0.885391
225.87
448.195
70.2478
306.275
389.497
448.694
459.966
406.866
461.254
309.152
120.136
297.002
455.02
0.596782
449.088
455.128
332.783
342.446
119.462
455.835
383.573
339.243
6.94304
349.214
4.67336
353.741
369.576
76.2705
43.3976
341.312
213.555
181.561
184.365
330.272
7.60602
308.242
130.493
446.475
86.1623
461.394
381.301
325.928
410.644
231.618
5.3132
444.753
13.9089
453.255
259.608
141.498
11.3436
182.32
423.526
105.056
450.091
204.71
409.253
382.589
305.171
191.428
124.146
167.549
335.134
232.723
306.357
325.94
455.943
119.323
118.255
356.975
450.697
460.811
171.723
455.426
73.6044
232.894
8.67485
374.615
364.602
443.153
239.157
456.431
255.959
397.659
57.5503
307.331
310.689
434.157
327.999
9.71805
307.772
406.626
281.859
233.478
384.831
12.351
386.658
88.1487
230.707
364.154
18.0329
449.646
275.386
7.84794
27.1818
337.508
14.6907
391.676
376.795
162.427
380.839
341.81
10.538
238.264
440.572
305.89
18.9516
453.628
453.279
269.816
440.249
289.983
321.753
232.28
453.849
163.007
91.5451
399.421
104.046
57.3339
455.013
453.332
179.929
284.241
434.92
457.018
13.2323
445.539
286.116
343.962
308.787
249.834
100.114
122.235
234.427
447.424
49.8288
357.52
99.6509
0.789782
119.906
448.258
84.8395
459.883
344.163
292.329
430.998
42.3995
226.679
289.176
232.076
436.427
455.746
446.812
158.337
109.3
227.023
202.999
337.003
441.116
184.991
319.189
11.098
386.515
326.583
348.4
326.148
128.749
20.8662
8.03996
176.902
373.555
120.501
360.39
451.729
1.77165
228.391
232.847
287.221
81.6017
455.881
221.189
17.852
12.6899
458.182
9.3741
443.952
69.846
356.408
260.787
232.298
369.142
371.561
141.715
460.133
280.715
128.143
14.8652
169.408
229.726
12.3179
134.55
100.31
156.677
91.2002
361.808
400.037
370.46
8.57441
455.713
240.689
51.8113
331.994
120.644
274.684
340.214
217.957
432.264
10.8877
312.013
388.045
369.553
87.7266
435.729
5.77411
15.1135
5.02939
288.691
308.751
97.6939
407.479
9.33203
322.052
290.846
58.8898
7.19961
129.039
310.55
377.444
135.801
446.854
291.128
10.8346
317.404
232.834
462.055
338.113
406.482
270.658
370.62
301.248
454.116
260.99
37.4252
298.195
15.5478
15.9774
458.911
253.15
5.38139
234.18
232.98
386.551
352.665
25.3443
328.328
249.188
367.437
317.751
193.722
321.724
309.537
393.933
2.26102
455.348
267.385
361.658
227.318
461.592
376.592
383.26
390.877
214.728
443.33
1.73723
360.136
174.039
457.256
355.1
360.949
182.617
306.533
112.119
344.784
91.8318
413.003
449.069
391.988
244.077
201.1
286.392
2.86213
26.9922
15.1207
52.2727
423.223
186.021
129.681
40.5257
269.277
233.089
420.068
453.741
395.32
134.163
109.177
340.675
445.566
392.152
4.67927
119.223
349.981
0.863895
247.576
340.649
123.717
281.756
385.105
453.255
453.444
402.412
11.4538
347.679
2.5343
354.313
128.359
230.497
263.736
260.659
396.51
453.95
148.878
455.936
263.295
2.7716
314.371
390.922
126.369
455.022
2.92485
446.304
325.889
421.83
460.579
330.167
451.177
80.7342
366.971
418.399
357.552
259.196
156.273
102.501
237.777
15.1911
400.949
273.311
5.03586
184.863
442.382
192.162
200.292
297.063
230.705
335.76
330.043
180.048
170.963
454.168
193.267
227.75
186.828
190.327
328.696
453.741
332.148
119.708
439.009
146.57
235.33
357.169
386.34
5.96898
402.169
181.425
242.676
405.411
232.781
309.057
167.77
448.523
250.848
13.8776
352.803
297.592
452.17
91.309
58.9015
430.458
448.304
289.619
131.742
80.6595
203.109
266.057
14.7199
67.5412
428.633
455.638
411.976
14.2567
70.6682
425.788
169.623
165.187
311.822
230.032
376.244
345.697
414.808
234.179
220.896
435.854
360.198
421.091
402.44
286.207
309.089
211.741
47.3257
327.8
335.654
249.644
264.131
174.626
103.934
290.46
6.96739
8.61191
32.5994
290.522
457.899
163.812
448.256
231.452
175.155
270.074
333.618
449.011
10.6714
165.593
232.743
115.949
198.359
449.196
233.682
329.151
379.086
392.339
385.396
454.627
268.195
239.805
464.1
232.659
13.4224
24.7323
11.9684
4.35372
125.073
6.10477
193.355
351.509
199.842
267.423
15.2313
15.276
317.601
349.962
230.374
277.011
418.169
14.3911
318.43
281.284
31.1469
451.748
26.9432
310.498
440.474
423.284
152.77
454.216
404.223
352.225
437.853
100.753
172.227
164.339
460.629
236.97
231.768
113.523
143.506
313.982
437.561
265.772
446.425
388.344
458.981
445.424
141.246
446.446
4.62564
451.441
353.786
445.822
153.315
251.228
301.122
461.506
462.233
461.204
353.234
231.824
357.153
213.356
382.91
11.7164
351.307
219.658
449.645
369.654
166.891
402.074
2.74408
209.442
411.934
454.079
249.065
156.862
274.062
150.555
455.777
343.107
447.433
314.305
357.59
177.957
423.16
56.1889
404.117
282.724
320.508
373.77
14.7185
441.021
326.533
176.829
242.557
389.366
18.0067
336.835
460.83
429.506
171.784
148.014
181.866
273.528
255.673
1.48686
1.72717
97.8011
13.8377
343.513
264.812
435.872
77.019
3.2291
186.889
453.128
278.099
405.699
241.214
455.008
347.137
216.371
464.19
452.545
191.876
315.38
4.17865
204.375
218.353
120.137
85.1311
53.1608
461.527
290.556
57.7093
445.249
31.7705
228.636
460.93
47.5892
431.18
442.261
310.434
2.07121
375.342
429.738
460.968
8.94559
359.773
154.671
289.219
322.335
293.172
321.332
13.4043
241.048
388.189
328.729
333.591
400.682
319.18
67.0981
205.173
289.569
448.273
343.715
268.98
329.134
455.038
4.39873
427.575
337.374
443.888
265.041
128.061
449.869
349.138
4.49672
288.475
321.907
319.946
11.3684
362.869
445.446
440.858
406.285
14.9046
232.589
331.873
386.183
0.386843
117.919
413.841
137.666
286.681
41.4974
362.146
252.239
331.746
241.986
140.27
165.585
4.48203
406.957
259.553
209.161
77.3346
53.8506
228.564
1.87231
7.78785
453.251
139.605
37.2845
149.353
343.93
39.3109
18.6581
374.045
455.73
0.196049
190.703
162.35
179.574
262.444
426.433
440.587
252.689
346.683
322.497
317.082
209.395
253.692
294.814
444.628
206.153
362.351
106.822
205.459
394.353
364.795
153.845
364.5
86.7671
350.212
321.866
145.697
331.012
102.354
446.014
427.904
232.444
437.769
255.251
337.31
455.228
329.82
266.875
189.062
441.316
420.117
312.242
295.288
252.288
315.076
432.123
5.24525
242.462
11.1485
449.905
458.281
457.165
427.521
390.686
238.379
208.413
65.9015
18.8583
111.342
250.121
97.1031
400.311
-0.358734
113.256
446.028
118.018
272.137
242.421
372.89
245.854
442.398
446.091
461.744
460.758
397.837
456.466
345.337
36.9681
435.869
214.481
235.493
444.557
369.188
309.463
13.9821
240.367
263.53
53.1128
404.85
198.018
445.959
4.61317
230.636
190.328
28.5851
405.794
152.174
456.759
454.485
19.6582
223.264
50.9873
451.015
450.742
400.258
109.61
352.052
85.7138
290.716
332.308
125.972
342.29
449.979
421.935
394.539
336.73
232.092
276.171
14.3848
16.1508
7.61826
2.72771
72.3999
264.395
90.793
444.556
11.9785
455.859
291.247
451.395
376.307
154.867
407.119
228.476
12.7916
374.619
266.56
4.36116
321.293
302.73
247.583
258.761
190.797
86.7363
203.852
0.867856
449.363
317.458
109.671
451.837
461.614
4.11008
414.385
232.234
381.557
281.454
132.693
99.4569
6.64433
155.776
370.839
232.589
385.909
411.465
368.678
442.564
9.87076
406.293
460.154
382.079
271.133
433.142
333.569
99.3593
287.174
-1.51726
447.801
244.877
447.367
193.233
196.438
376.65
375.942
272.861
258.369
8.03537
254.293
458.006
121.312
264.768
425.667
375.807
453.532
234.072
165.672
456.357
112.702
323.306
43.1733
229.511
368.294
0.895096
96.4197
308.952
414.842
6.48938
13.4516
7.52743
329.719
57.1103
320.896
382.024
328.159
1.56746
366.522
6.13496
92.5721
289.001
262.863
331.565
332.252
417.104
299.678
13.2229
120.543
459.286
241.826
368.09
0.670906
199.924
448.104
446.247
241.214
344.326
446.127
324.63
155.819
457.785
383.016
393.071
194.281
276.518
459.205
375.492
343.285
12.0902
287.774
453.74
388.313
287.043
453.944
146.966
171.166
276.619
294.33
332.566
393.847
284.518
358.205
8.0947
196.922
204.657
367.555
356.747
299.269
267.481
449.878
438.832
100.56
448.983
12.2985
109.665
369.398
448.113
446.281
156.268
264.931
11.0867
276.552
94.5017
1.90803
86.3413
110.16
120.368
43.3606
263.238
283.61
104.479
45.0649
433.11
372.147
418.394
445.682
178.217
461.417
0.998965
7.53764
271.302
331.181
183.01
49.0872
10.2168
15.5901
187.146
450.617
349.221
285.567
373.893
84.9021
200.238
416.975
442.499
460.687
186.156
10.5613
311.904
377.747
243.798
341.51
8.88775
231.238
327.388
171.875
111.531
292.926
313.156
454.505
381.03
232.202
10.4431
450.799
399.514
137.976
97.1177
225.26
156.24
166.755
305.007
414.929
9.53061
453.46
5.78039
284.904
456.442
1.71674
398.718
450.43
430.141
232.096
49.9726
10.1835
306.049
219.096
233.007
229.504
109.45
391.213
444.925
350.946
347.446
201.117
59.0813
370.97
15.6527
138.645
280.966
310.276
288.749
222.895
464.423
209.862
396.732
400.929
86.794
19.8342
11.0279
4.24781
307.198
288.886
232.347
184.007
268.381
130.965
256.291
453.902
456.467
120.175
135.066
248.499
454.457
281.765
307.644
5.23053
446.116
385.755
9.99912
367.552
419.066
283.289
9.99853
451.011
171.829
26.7649
155.77
360.153
450.774
72.2356
194.552
384.034
194.823
461.793
330.525
445.7
455.439
39.808
142.981
193.271
259.091
291.669
233.039
442.223
8.30404
0.977032
250.229
120.879
223.812
230.555
1.91486
372.8
146.644
14.5163
230.921
174.023
15.2167
434.177
283.933
112.429
44.5737
452.243
342.33
253.821
265.955
376.722
366.034
461.056
59.3225
293.375
28.5542
393.162
295.687
289.353
364.04
380.325
75.3492
301.94
444.444
379.04
166.085
147.51
211.951
159.342
9.59359
7.61294
309.368
459.172
338.711
38.3935
1.89914
258.42
297.524
271.462
347.052
149.872
279.327
13.4674
166.61
13.2143
348.215
88.9416
162.679
80.2428
130.722
344.403
319.863
225.897
210.603
13.3639
334.126
278.942
208.341
14.3713
268.087
349.677
296.377
70.8595
347.603
80.8326
232.355
358.764
433.796
310.029
373.44
109.398
458.003
293.896
2.25608
331.198
303.546
2.47357
460.951
235.452
377.706
451.616
422.381
369.218
264.44
191.668
413.511
308.536
114.068
225.379
19.0615
54.6763
400.202
403.966
444.773
185.806
341.714
277.453
61.9155
407.342
183.14
0.414905
459.308
459.246
449.31
133.185
435.221
444.254
365.418
446.262
404.988
317.796
447.215
131.795
293.245
294.479
117.603
248.124
229.192
6.86423
39.1364
313.733
359.958
156.503
378.396
388.913
59.2316
447.097
233.18
344.649
228.625
313.23
15.2701
163.655
385.966
265.184
9.14315
456.578
58.6969
1.90766
4.37605
429.812
352.709
420.491
264.923
6.92033
419.293
15.8794
304.186
92.2592
334.355
147.07
132.347
339.256
9.07996
55.4998
341.768
289.75
298.812
342.503
371.328
455.113
358.651
208.441
351.795
81.0847
10.9441
417.585
309.997
62.7748
347.013
53.0532
461.279
195.14
377.269
394.27
342.795
327.992
27.4801
203.329
459.158
457.56
441.552
296.817
233.042
58.0127
323.755
448.943
456.193
238.641
45.8645
232.205
274.028
225.866
376.629
233.659
299.167
330.744
327.392
446.753
310.838
451.284
17.9973
254.065
1.00018
1.43064
382.848
121.116
454.919
398.704
444.863
3.91303
0.773102
161.357
454.652
228.035
222.876
182.118
221.232
446.177
282.5
408.422
442.655
94.9025
150.314
446.347
11.18
342.519
396.75
278.717
14.3727
1.87736
184.61
13.0386
63.3462
327.39
21.331
139.923
298.105
457.594
455.461
24.2022
246.741
105.782
232.313
149.231
307.679
229.085
264.034
13.3937
14.1763
253.048
91.5763
335.043
460.39
305.037
217.916
244.191
461.589
148.317
129.312
57.2476
73.5426
387.285
209.762
192.383
182.688
181.836
260.057
0.530197
84.8946
167.969
8.16373
329.184
130.487
452.309
214.359
256.555
452.424
453.523
316.828
209.092
344.324
126.481
224.82
459.319
360.633
179.612
131.601
276.315
289.904
15.5602
455.942
178.211
1.1865
238.1
126.354
268.9
455.742
1.9842
190.179
146.857
414.255
418.329
232.799
206.198
320.662
287.821
207.16
271.442
116.831
63.0359
387.451
412.152
289.142
458.479
133.935
66.03
178.381
232.445
429.128
299.91
312.971
5.60856
335.271
258.007
461.366
457.45
14.2207
284.394
38.8823
413.274
297.327
16.4485
202.153
215.152
318.656
191.923
1.2028
232.415
263.187
462.427
456.343
381.016
440.418
298.252
247.53
447.612
375.689
3.75738
406.488
130.16
366.16
385.795
150.757
33.9591
445.106
310.147
445.434
263.569
15.237
178.0
418.966
267.502
256.539
442.086
228.127
460.836
449.14
456.293
461.617
15.9138
78.0743
1.22932
319.684
455.41
291.06
12.7344
113.157
161.731
218.632
459.925
272.181
187.293
448.176
86.5661
10.7385
152.111
139.271
253.335
343.91
233.459
299.237
259.801
91.6145
212.819
445.37
447.327
63.774
425.384
134.221
0.884205
177.041
305.311
408.742
385.928
156.342
267.415
6.18648
133.132
240.648
14.1155
259.87
2.49426
178.21
335.253
418.512
379.931
129.771
352.792
257.028
23.6545
277.063
452.586
370.46
344.124
238.425
444.538
450.606
194.694
356.587
312.973
232.612
326.396
451.513
399.187
11.061
14.8849
8.70179
164.828
6.18744
451.959
368.12
9.02087
318.594
297.47
446.736
12.3769
412.639
405.116
449.694
189.642
111.36
256.049
254.379
228.339
336.639
118.433
449.473
277.764
407.178
345.71
321.344
287.187
276.201
451.527
12.2516
355.931
400.986
362.123
306.637
10.6489
83.8688
5.37428
458.257
400.397
114.218
267.538
286.854
354.458
122.755
228.697
383.675
280.695
232.464
438.163
376.729
33.0782
204.21
103.048
17.982
460.837
57.4221
373.907
3.29562
452.032
273.938
322.528
343.172
225.513
10.8425
210.937
401.092
395.751
452.625
136.117
237.231
252.385
254.225
1.90858
437.511
118.945
448.667
346.547
232.647
223.412
89.5555
275.257
453.347
164.031
160.232
352.397
282.372
159.529
81.9813
278.474
453.486
213.055
281.364
460.939
437.451
440.569
273.889
461.636
232.404
132.26
421.271
312.122
421.494
349.865
310.066
364.841
339.282
456.726
451.261
148.235
284.641
350.484
448.347
461.577
62.5382
197.486
233.318
236.772
41.4972
86.9632
454.448
376.142
162.927
8.32767
175.547
197.487
236.4
302.401
436.661
455.895
392.475
358.425
8.84024
453.686
50.4657
436.82
169.017
321.719
360.614
344.684
416.293
446.68
404.082
304.507
366.01
250.445
407.079
80.2403
41.2727
309.684
69.9813
448.517
454.135
434.196
254.838
257.833
392.727
291.15
336.348
166.629
0.890441
411.433
276.629
14.7219
250.062
254.334
379.427
420.539
393.001
440.551
9.8339
216.109
3.36195
235.252
218.055
227.919
461.099
103.951
224.92
235.839
7.43027
31.2669
461.239
214.834
204.124
430.02
458.039
382.825
185.698
44.3249
12.488
110.987
457.348
67.6814
161.761
392.534
450.581
287.542
75.258
447.821
209.017
420.824
284.666
10.4336
137.107
16.5175
84.9668
333.05
12.8688
356.162
63.952
386.42
402.831
231.801
445.931
6.65806
447.324
397.106
357.884
111.332
254.548
180.373
445.112
211.559
225.378
56.0367
357.065
378.712
57.1123
1.84243
10.9609
364.462
256.907
32.2989
8.9978
382.436
64.5765
304.677
179.857
397.358
411.807
336.056
460.971
362.159
234.716
210.853
170.082
181.963
330.611
120.692
92.5063
411.273
1.50182
94.6441
418.819
453.041
409.838
354.744
450.752
135.364
371.089
10.4077
238.188
408.499
289.148
241.828
247.454
299.222
196.795
169.415
359.341
5.77832
448.446
232.694
304.839
336.858
220.287
323.507
87.0171
433.65
227.705
1.06525
24.0397
331.082
447.408
130.463
411.851
410.243
334.454
69.5049
267.937
334.187
448.082
331.084
59.6101
379.072
12.7954
322.197
308.96
302.187
430.905
280.689
309.616
231.345
228.964
250.913
231.864
459.224
236.849
4.31756
387.495
445.882
72.557
191.394
135.809
64.7104
288.005
372.165
106.236
183.177
450.565
197.125
354.964
232.503
437.768
333.732
14.2985
432.382
234.938
358.255
317.449
8.98289
110.814
0.896409
375.1
10.1455
259.2
2.1443
8.46793
351.044
105.504
130.829
153.8
64.3118
319.209
438.899
233.178
146.873
251.395
256.895
268.173
260.498
226.702
456.605
68.1492
206.197
6.93174
235.17
6.78423
326.446
39.5858
235.994
372.908
241.785
438.8
367.887
215.946
227.264
233.927
48.6097
251.759
322.219
454.439
390.0
454.59
76.1908
232.232
461.739
445.966
156.908
449.077
306.381
140.127
246.661
403.362
256.313
172.294
369.609
6.54011
0.989125
196.983
431.558
449.789
229.344
9.38556
326.582
208.839
381.087
422.858
10.9393
40.8713
12.2024
460.739
228.239
0.645967
419.71
378.512
459.25
24.2916
34.9827
231.617
11.1412
331.235
382.871
198.372
390.738
436.597
252.982
175.496
279.946
274.212
299.626
232.492
83.1256
377.659
201.366
279.467
80.3586
190.803
241.517
230.363
285.148
279.117
281.098
62.0979
257.891
91.8332
47.8999
8.90015
15.635
337.657
455.618
123.809
303.645
456.814
458.487
0.720173
54.1664
244.629
156.204
452.381
10.3983
327.05
149.298
150.616
446.178
443.861
311.192
79.0726
446.462
330.874
458.334
116.718
13.2868
447.855
388.524
281.385
397.19
335.359
440.801
448.786
1.96752
55.0056
365.631
293.807
459.476
307.786
10.3912
381.944
80.3864
266.151
3.46829
160.437
431.667
365.226
186.747
398.951
289.695
387.243
347.955
449.765
273.217
305.752
366.767
103.909
233.532
127.189
277.335
459.421
1.91799
182.178
387.252
272.932
207.445
461.857
295.529
178.892
212.064
446.966
13.4472
288.565
168.22
415.187
9.30155
454.234
120.587
3.71442
200.584
14.2639
387.361
2.59695
348.7
431.895
430.203
227.931
196.176
306.387
58.1726
133.338
197.105
125.948
427.118
218.016
374.884
337.728
351.117
403.971
1.57333
13.6384
457.164
7.35039
445.119
215.023
296.727
11.9584
330.903
226.873
444.518
232.839
390.186
290.988
455.868
1.64757
9.75156
357.315
229.633
259.101
129.22
6.98738
232.651
337.023
398.285
132.333
384.92
133.649
235.124
299.473
260.759
344.232
0.932571
12.2579
223.91
318.554
82.6674
79.4141
38.2026
456.499
169.966
455.702
449.802
456.278
83.7599
450.162
207.325
458.406
147.016
282.61
201.164
439.385
241.927
294.855
318.718
451.371
407.16
243.044
15.1103
195.49
327.692
171.454
131.041
456.986
347.099
94.3538
450.875
452.417
143.417
355.55
10.0148
249.67
361.948
228.609
329.073
301.675
113.228
364.727
265.216
129.393
307.882
355.266
461.844
53.3639
4.78465
155.78
36.9649
375.574
286.996
395.335
202.452
443.058
456.964
346.636
317.47
247.321
251.003
300.788
233.267
1.23943
453.376
20.0591
274.332
5.80117
255.785
397.81
285.578
397.403
68.8534
168.565
231.188
103.934
453.533
258.978
403.71
381.428
456.348
458.629
378.265
329.07
257.936
181.865
245.609
126.517
461.327
448.168
115.427
0.820596
318.246
325.883
70.2574
1.37016
320.999
460.687
312.092
278.902
349.262
252.949
452.041
459.334
450.003
402.155
171.644
102.146
136.449
184.642
157.717
383.455
12.8998
192.284
391.494
459.799
173.142
410.465
14.835
230.784
307.855
76.0097
283.801
362.885
189.835
373.978
302.768
444.005
109.069
281.027
276.978
11.5206
0.2535
131.665
395.172
186.34
304.676
454.638
6.5655
297.272
306.354
279.581
61.8327
133.648
336.471
238.399
328.824
315.807
422.835
445.399
259.589
233.412
164.297
445.835
418.047
170.882
349.388
388.656
2.88603
450.386
326.696
292.984
453.067
327.893
346.399
170.944
457.786
407.246
48.8921
422.056
405.455
172.431
446.798
306.093
447.191
271.77
260.602
454.784
2.19532
11.6492
304.583
450.701
460.27
17.4177
263.776
448.939
392.338
234.028
393.2
335.114
1.63684
37.7084
157.142
443.839
461.88
23.2241
445.386
352.198
439.006
361.307
339.204
452.226
13.535
288.486
269.08
232.288
223.089
16.084
418.499
395.973
102.055
379.384
444.978
0.705073
343.749
400.317
162.395
340.038
440.953
166.454
293.003
362.289
98.8573
453.53
292.69
148.456
115.548
174.511
175.797
197.987
110.85
52.7438
94.9111
299.705
5.95046
453.904
304.095
9.2468
366.747
199.878
452.944
447.903
456.037
269.012
416.949
82.6549
332.362
339.104
361.888
425.787
9.08594
1.91138
254.665
11.9882
1.28654
392.474
254.496
443.392
27.387
343.926
234.502
291.847
282.897
301.896
308.246
411.325
227.546
244.389
308.983
363.871
0.48575
436.348
140.414
428.261
204.097
451.545
329.923
360.91
-0.569073
202.634
4.89407
284.225
53.0576
393.243
12.621
183.807
455.441
446.112
327.147
199.103
8.26481
445.167
125.011
293.733
400.385
449.436
430.438
385.969
180.792
93.6345
14.2959
353.021
454.005
287.902
454.674
5.1221
455.899
458.045
202.522
432.466
378.515
169.267
420.798
12.8623
13.599
187.491
261.486
306.184
218.479
315.85
10.5515
180.799
227.876
110.773
440.83
98.0037
347.606
97.6298
414.85
363.76
363.73
232.29
301.883
443.992
446.882
334.554
15.3105
7.27537
102.938
232.652
264.316
50.1666
2.10969
448.389
447.098
425.937
305.972
444.292
418.415
12.0507
294.543
232.818
356.297
461.547
404.408
171.499
4.70599
319.5
270.854
192.3
276.18
272.804
189.662
307.184
88.32
427.62
126.487
287.522
8.53665
423.569
449.966
84.7201
379.628
234.86
227.288
310.443
378.086
173.592
310.024
161.284
12.7777
338.291
184.318
1.36447
1.07716
233.466
457.384
379.704
376.204
98.4141
79.4775
59.8083
451.314
2.69883
132.3
82.1878
414.41
445.219
339.601
233.344
85.7212
52.9177
458.62
445.114
333.73
72.5105
456.319
398.723
328.362
444.121
354.627
256.482
455.72
433.243
450.984
220.118
2.25145
228.185
8.82979
349.113
420.699
358.202
329.152
382.333
363.994
185.899
87.3413
386.929
89.6227
387.171
410.039
453.056
304.448
112.128
303.251
454.665
232.494
155.698
287.292
232.569
363.397
388.865
369.935
440.951
193.081
452.812
139.144
459.64
203.539
127.968
233.416
445.206
14.4842
448.126
395.634
404.803
119.533
374.105
378.267
339.091
240.51
117.085
163.454
288.536
13.8046
111.874
35.1339
403.928
340.588
89.2999
419.094
268.452
458.591
448.593
8.54808
121.146
118.923
13.4512
377.615
393.119
316.222
454.244
261.596
138.776
183.786
327.395
143.878
21.7111
115.73
359.933
123.613
11.8692
9.45372
329.141
337.22
323.918
10.8518
11.8247
451.944
404.162
10.7468
61.3867
99.5783
255.85
421.786
358.723
91.4507
262.044
275.467
446.242
449.099
152.481
232.432
132.727
445.641
445.779
47.378
307.89
4.79757
315.268
320.922
15.0768
308.872
143.875
155.52
4.8852
428.318
88.8239
456.275
440.183
256.112
265.385
171.151
384.76
334.493
453.756
342.699
359.184
84.2009
446.015
162.585
371.478
352.88
183.371
359.334
295.006
77.2011
213.503
363.18
440.751
22.5377
63.6246
367.378
450.837
255.904
340.879
207.9
172.536
237.739
322.095
244.192
179.835
273.251
90.6696
232.385
253.43
231.922
296.733
124.214
156.208
10.9557
371.012
54.4024
250.687
446.822
341.211
449.218
436.793
62.1505
454.685
296.788
462.376
272.083
297.825
312.079
71.5175
443.482
212.85
302.493
166.333
13.5098
284.649
299.827
398.217
273.299
239.29
340.49
143.898
449.619
44.8429
383.818
439.616
118.823
455.949
358.168
314.582
457.913
9.66909
302.675
248.856
440.179
119.341
224.167
368.863
268.308
4.83199
5.25278
25.6997
202.055
11.3061
435.137
228.079
134.86
327.215
461.469
257.486
207.556
131.604
326.811
285.542
141.383
318.996
443.778
392.277
268.043
373.473
364.581
329.386
191.875
263.455
69.9364
270.781
83.024
131.108
247.469
376.735
111.29
253.123
232.762
416.076
109.432
459.563
12.5172
6.04719
164.004
306.243
188.5
449.178
457.198
394.821
98.4431
447.556
377.81
193.179
111.196
81.5627
166.409
419.003
9.84085
457.914
437.584
376.617
255.122
209.651
171.107
272.872
414.982
265.196
458.599
125.947
68.9809
257.485
259.809
9.10711
226.092
306.182
220.749
395.147
163.597
432.649
460.966
211.272
237.141
120.86
423.637
416.325
32.6052
286.997
220.941
132.27
441.548
161.523
258.751
449.359
452.523
447.794
13.8833
268.782
210.659
25.821
453.505
455.314
454.699
350.949
58.8376
312.781
279.118
88.0537
232.565
146.642
459.189
205.032
69.2602
6.23068
229.026
456.413
133.111
232.706
212.106
347.678
300.676
435.065
262.227
245.214
190.21
408.704
348.989
302.108
214.266
324.78
402.661
159.012
390.654
369.448
1.16752
171.044
311.813
449.331
177.62
0.804475
189.6
451.306
440.634
454.967
244.055
1.28274
459.574
372.207
370.879
365.845
70.5663
251.17
268.294
371.357
168.577
308.66
157.654
1.43105
251.241
44.3114
222.14
312.199
10.4982
353.986
322.234
459.735
301.881
83.1984
95.3747
299.154
454.347
98.6366
393.468
399.392
358.886
12.441
62.3388
452.536
54.6433
278.839
440.03
215.078
18.6799
445.763
135.496
462.312
203.848
234.565
7.6256
332.412
62.5684
8.44891
305.331
363.748
332.975
421.124
248.761
322.322
447.181
293.059
462.664
291.215
451.735
289.449
460.791
410.934
172.336
59.3534
348.504
454.299
461.632
435.965
252.476
353.602
11.7483
281.795
454.45
349.405
161.369
148.559
13.0549
127.926
293.534
437.577
76.7207
447.445
404.719
316.86
271.459
223.421
451.651
388.981
250.916
70.9719
301.579
436.639
324.117
262.299
125.334
330.672
400.108
127.232
131.982
390.778
329.912
401.622
364.689
232.97
364.193
107.685
8.75412
20.0659
228.329
174.019
388.296
331.712
292.006
290.038
12.4891
150.787
0.968185
455.861
409.889
357.573
358.148
55.767
391.355
198.309
430.41
360.429
394.94
0.409767
448.258
8.44629
325.408
398.262
441.169
327.053
334.856
231.796
213.314
148.485
179.684
7.23104
269.877
124.012
247.81
459.107
125.412
7.04614
232.822
313.494
316.769
452.951
363.834
176.648
5.08556
244.105
1.2421
396.326
440.042
342.33
207.316
233.366
187.284
452.499
10.5536
395.843
22.4315
252.125
441.748
346.75
364.583
406.358
109.559
449.251
352.483
395.987
263.251
316.616
387.708
447.637
456.612
119.346
390.463
7.13361
451.436
461.713
0.191406
232.631
431.157
79.9997
19.6593
335.111
456.126
85.2545
357.273
266.377
318.135
151.179
462.122
335.449
450.806
277.223
109.934
317.542
393.093
387.566
85.6834
21.9738
187.288
367.777
393.572
227.563
365.081
234.637
31.3426
302.207
359.079
262.346
378.663
179.268
13.839
118.939
143.698
24.7107
38.9796
93.4412
146.199
139.63
11.4639
11.7907
352.134
235.368
97.7417
211.472
104.736
309.924
372.915
119.616
309.669
319.376
17.284
334.957
232.282
407.37
4.15645
455.657
389.448
9.99323
53.9152
416.354
310.601
45.225
374.707
460.45
51.8396
447.745
75.6915
150.231
96.2621
53.9149
160.665
351.116
371.509
103.456
374.839
165.536
445.298
224.294
448.321
24.2852
15.0543
183.084
441.993
59.6447
398.463
234.85
9.37935
45.6743
406.408
269.944
352.992
237.226
402.42
227.345
255.76
0.991039
54.0498
180.743
353.11
455.194
132.596
351.372
371.601
201.193
449.867
316.735
445.525
86.2983
431.509
188.181
133.664
418.715
164.48
301.706
289.81
6.05591
232.18
214.042
261.281
317.328
256.926
440.361
219.465
264.476
415.88
13.4023
338.815
266.28
188.168
158.951
153.7
125.015
14.9449
445.619
257.707
302.194
15.6798
297.571
451.781
159.797
287.651
440.855
159.637
449.987
165.942
229.21
15.9326
237.431
69.2969
424.333
231.588
324.547
446.321
33.6587
325.62
461.462
438.981
363.158
10.2271
309.401
65.4443
165.808
442.601
355.941
297.611
232.398
381.14
119.217
208.606
416.322
443.951
455.768
445.928
275.879
447.118
444.677
448.391
338.09
155.663
389.031
13.9976
82.8996
300.589
169.862
242.807
232.589
145.236
402.493
358.123
403.49
302.047
221.179
1.5696
358.848
27.2019
225.243
393.03
389.151
447.106
454.543
316.135
1.11519
343.949
413.067
151.521
240.686
341.757
232.124
359.044
307.155
444.008
0.581903
426.908
209.639
9.18877
317.857
293.472
1.91801
291.259
154.283
302.538
229.037
453.385
9.604
2.08632
317.836
421.137
360.764
333.584
119.803
7.30307
444.973
450.992
264.181
248.728
384.02
459.085
4.04397
116.226
242.298
103.229
461.595
219.034
10.1685
283.744
183.998
322.292
4.41513
447.105
459.85
322.776
297.567
0.474739
188.294
395.705
450.101
10.7505
386.904
459.823
307.735
22.5428
60.4776
276.842
138.844
13.2124
328.723
399.175
211.016
453.771
456.803
227.672
68.9171
145.264
347.837
450.546
343.099
132.464
157.643
244.377
234.163
258.439
303.735
211.04
279.498
315.711
312.141
140.618
341.402
202.497
359.61
231.717
209.929
16.066
323.907
281.484
327.289
32.304
148.555
342.255
2.83192
6.82487
71.9017
384.619
447.181
246.989
61.6739
142.333
0.315498
380.665
91.2505
459.186
153.458
105.615
32.73
340.309
371.609
316.172
202.681
7.00872
9.51666
200.414
127.486
350.683
460.946
272.809
187.759
253.076
335.005
426.896
261.836
285.129
444.484
423.761
37.0992
297.674
453.185
13.7814
417.74
405.288
270.781
262.582
368.187
17.2543
337.315
16.2158
391.501
449.43
7.39053
86.0683
344.415
334.311
356.288
451.24
83.276
88.5792
269.172
442.681
202.294
264.466
1.49908
16.9632
32.8868
246.097
403.429
213.647
71.3938
445.981
412.774
9.39808
319.574
214.351
337.57
-0.97613
452.427
380.566
2.34988
227.622
414.666
218.018
15.1742
339.078
38.6424
456.769
212.416
88.7596
448.818
449.544
28.5995
305.917
384.376
79.8571
105.854
377.853
290.592
115.665
298.559
1.48094
11.5041
3.19943
10.3106
286.467
8.69814
141.222
49.8862
250.897
444.449
160.246
13.5148
432.986
369.028
403.145
350.165
456.621
388.361
431.427
1.98358
442.1
26.3819
380.439
172.124
8.54241
42.1081
215.156
429.161
250.917
21.2983
233.168
455.846
292.414
461.612
439.351
147.094
446.612
228.974
113.449
322.277
322.007
352.282
263.878
361.549
162.576
87.2427
423.69
126.815
64.2682
129.657
232.997
454.001
232.763
13.9736
213.106
361.697
57.9263
461.515
380.302
355.686
460.943
378.752
253.286
127.641
370.019
146.139
6.63759
66.4898
153.37
452.94
452.748
387.649
401.341
0.317517
449.059
448.867
285.672
120.988
446.932
449.271
171.838
368.071
87.7902
454.954
142.221
386.5
94.8999
263.392
106.499
78.4824
15.2026
216.394
343.656
445.403
13.4892
111.395
265.926
232.427
21.263
265.326
190.71
260.148
447.229
446.28
128.409
328.322
321.623
5.01617
434.891
312.316
312.637
58.8378
313.574
132.194
448.497
449.748
459.569
452.923
229.572
161.859
96.4786
15.7017
175.728
115.012
0.544196
240.323
284.489
80.0586
220.374
41.7458
231.983
277.63
380.692
408.416
8.93987
55.1805
130.195
371.146
3.0012
13.0897
403.9
201.638
123.401
4.83427
1.62621
272.681
93.7383
451.421
434.405
154.545
262.552
449.542
212.679
386.277
450.635
456.452
456.25
79.9184
403.561
351.329
34.5975
290.216
456.431
102.714
16.4796
13.5519
450.111
295.951
412.26
443.57
374.28
440.722
399.303
316.678
440.819
381.815
325.177
9.48428
394.487
321.22
314.091
206.31
283.432
92.9092
416.448
292.379
416.833
451.613
229.677
185.483
252.502
14.6946
449.884
453.183
11.0167
241.007
446.058
44.0742
164.081
393.415
108.717
237.27
228.712
320.8
10.3341
461.326
49.1962
236.802
66.947
336.517
390.233
345.087
403.253
22.3522
318.22
449.327
227.179
425.359
327.71
457.964
187.276
460.207
75.0239
454.664
21.1526
245.77
353.875
84.0208
262.115
342.83
255.936
453.776
0.563476
38.8255
423.128
15.7464
284.614
447.787
244.546
332.391
362.337
126.189
291.463
14.4336
224.841
258.147
434.098
346.088
131.968
432.765
424.807
447.018
385.922
356.546
451.17
205.757
270.582
252.173
459.751
451.463
229.068
458.939
285.014
237.632
263.763
373.82
270.582
449.242
404.792
36.111
438.872
132.66
252.146
392.357
195.774
144.968
244.942
297.764
108.257
277.164
451.866
354.447
127.297
251.883
215.815
406.811
440.26
0.959488
148.333
15.678
238.299
394.157
15.9236
1.39976
312.698
275.296
10.202
184.804
65.1057
430.292
449.91
266.744
401.855
160.271
191.564
450.877
186.491
15.7086
446.938
232.926
450.431
4.82462
346.273
91.9866
198.461
212.725
251.176
451.63
289.441
438.271
452.819
74.6361
119.315
349.448
425.035
78.8487
451.347
447.182
234.064
452.739
316.791
364.806
232.843
394.949
349.006
366.815
12.0137
3.54085
95.4761
116.481
310.906
177.842
144.15
269.033
232.092
445.783
8.89087
303.236
375.528
6.69798
115.462
153.392
421.73
338.342
109.108
445.738
212.83
205.315
461.746
104.514
393.847
11.5029
298.422
76.2776
323.223
85.0395
371.06
83.8183
445.778
239.981
342.976
147.108
351.671
4.25302
340.839
456.109
404.691
397.781
456.342
265.969
449.032
460.652
448.996
353.177
100.258
111.405
0.751746
10.193
45.4778
143.661
239.793
447.018
1.07371
403.649
167.905
451.887
433.811
379.246
331.153
10.5759
354.157
260.286
440.453
459.9
285.65
329.456
352.669
263.534
459.514
454.525
446.448
237.207
275.53
4.61661
245.909
431.193
370.268
389.195
168.846
419.142
414.694
381.471
252.751
116.102
60.2353
422.094
134.327
389.823
379.167
394.459
-0.12857
392.117
455.81
277.261
25.7211
168.93
69.644
148.383
246.321
361.118
317.769
349.447
12.3742
303.084
96.9337
160.759
8.26735
449.093
30.5325
130.394
377.738
229.16
177.899
95.2863
52.4987
362.863
341.339
446.863
8.92359
196.771
253.687
305.174
262.759
408.301
0.564526
182.436
61.8206
361.591
346.997
8.62458
353.605
234.472
349.924
52.8726
230.078
11.5059
325.162
273.531
288.098
234.266
185.326
114.14
345.205
16.1418
452.617
353.42
232.56
15.5803
437.378
356.905
186.198
457.14
55.8474
305.127
22.8149
401.232
293.528
178.971
327.947
199.524
93.9955
232.47
461.907
452.589
451.973
396.772
456.665
117.788
203.009
349.944
6.72456
295.96
122.615
280.644
343.288
457.622
455.123
375.611
85.6532
450.705
392.839
15.9272
450.596
136.465
166.5
290.809
364.115
322.175
454.478
116.64
5.12903
224.194
85.1547
367.65
420.316
433.487
367.369
49.0602
237.809
143.231
416.266
166.011
348.72
66.8697
236.162
401.192
278.28
414.911
121.144
259.802
339.598
307.079
10.9347
329.068
308.644
231.209
452.97
402.052
177.773
273.389
14.2327
166.347
15.124
386.711
-0.66766
341.406
359.63
406.524
165.684
322.718
443.463
11.4495
303.331
222.782
351.906
108.801
98.6506
390.503
52.2561
447.774
97.5398
441.752
304.399
457.72
72.0904
64.9837
117.985
420.918
443.299
295.446
248.563
350.042
24.9823
357.492
407.616
296.832
365.72
142.37
337.405
418.37
447.696
61.3892
89.8022
200.321
191.982
408.068
451.907
134.648
225.935
118.296
446.257
86.8353
17.7189
140.603
389.116
452.553
303.635
348.913
461.425
307.99
441.929
186.025
451.873
305.86
461.236
16.7059
232.654
375.297
414.884
224.844
313.701
301.088
370.593
309.842
347.816
20.106
252.932
270.403
124.917
181.957
169.188
273.301
77.104
392.093
338.138
151.093
281.589
434.07
68.7818
171.729
105.452
396.331
122.153
12.4254
458.957
327.121
227.665
454.338
415.873
446.618
136.7
352.451
237.684
101.565
208.363
89.1526
209.136
57.1176
342.511
421.285
449.478
207.858
421.954
14.2889
414.35
209.004
455.122
348.254
276.761
283.603
288.597
134.303
383.226
151.242
261.667
115.516
230.984
327.608
266.339
265.801
336.889
4.9959
240.759
93.6154
303.514
319.216
201.405
277.694
327.058
452.772
190.741
403.459
459.153
394.391
405.951
18.1288
314.058
406.771
302.883
164.598
13.9277
383.674
449.0
128.833
177.601
13.8376
461.731
9.06029
252.932
402.485
274.132
337.49
425.601
360.979
0.543235
69.2549
231.643
459.048
160.897
257.358
231.853
192.763
444.375
156.799
364.44
9.1111
66.2982
262.321
448.234
389.973
9.20462
337.111
147.085
341.436
148.137
250.642
127.623
105.992
153.778
111.931
318.412
234.236
461.16
455.378
47.5582
195.452
121.092
1.51159
459.42
314.366
288.914
169.34
461.242
400.847
191.812
462.009
97.1413
446.6
213.175
376.1
437.652
158.713
446.934
160.215
232.527
12.3589
290.689
174.564
29.0974
16.6336
349.646
1.21627
344.422
460.16
232.878
0.961692
230.057
1.31088
62.5665
142.615
197.99
452.664
252.275
460.287
357.723
289.509
122.013
329.573
11.3353
307.602
307.023
214.224
392.394
179.175
100.048
460.858
390.392
321.218
434.109
317.581
62.9177
351.626
5.81198
318.834
4.30098
460.512
103.3
120.577
108.283
101.653
305.313
49.594
441.025
105.878
2.08118
6.08201
294.98
434.09
384.983
455.532
183.437
248.864
415.063
396.957
200.728
151.373
16.1668
174.178
400.263
32.099
290.461
169.102
202.519
3.12481
402.387
283.185
424.784
154.409
338.194
452.049
370.618
0.183995
423.96
137.246
0.08209
460.088
370.03
199.864
1.19842
274.179
54.0619
233.4
15.5862
88.0402
2.0185
446.234
229.997
260.829
247.058
444.833
243.158
266.66
460.55
315.786
420.641
50.8537
162.677
359.521
354.495
240.184
281.804
134.271
189.192
331.967
152.266
163.276
233.118
322.722
190.514
0.781519
18.281
431.303
165.558
268.693
274.965
231.79
256.199
94.2426
117.728
392.122
320.897
433.88
334.558
320.941
435.191
341.57
233.461
462.448
5.17465
248.196
366.481
274.969
286.741
459.231
176.323
0.914628
452.421
285.749
448.601
403.876
196.399
390.116
317.145
163.238
398.389
133.383
250.817
298.177
356.641
70.7897
457.675
367.281
240.561
389.534
135.236
237.539
111.854
453.956
286.495
394.499
405.702
217.415
455.721
7.19792
443.897
5.50444
263.222
155.124
44.5835
457.821
303.688
430.675
148.104
9.96127
97.472
395.685
33.1429
329.997
420.669
306.841
229.074
91.2829
444.581
260.679
54.3687
405.21
346.507
457.068
194.861
344.817
84.4354
200.387
43.4933
403.582
261.824
9.43764
368.371
364.014
359.978
289.875
332.821
207.783
354.771
415.785
451.69
290.993
0.777292
233.737
369.62
141.332
227.83
376.769
155.592
261.652
454.414
456.218
35.7398
444.857
362.878
453.698
9.3143
132.135
2.06471
452.49
15.9137
242.573
11.0005
256.489
365.31
198.063
247.142
228.574
346.443
462.056
406.339
448.407
347.587
417.994
232.295
149.121
454.635
12.9994
156.214
134.61
397.838
375.161
461.995
362.59
12.2394
437.26
441.937
4.82191
279.215
15.5709
39.9975
183.348
26.8951
460.923
8.08498
263.365
113.23
7.03264
341.664
306.097
220.164
17.2328
123.153
15.8045
302.642
2.24318
9.2091
155.008
323.638
163.278
451.553
353.944
160.667
193.873
1.25408
444.636
456.339
347.999
399.254
439.022
457.188
242.367
172.8
214.011
453.076
316.889
219.159
32.5335
354.198
48.9144
335.971
449.555
379.6
315.49
453.027
315.974
139.554
90.703
450.763
291.924
353.589
264.306
17.6385
366.127
219.484
347.081
136.42
369.967
254.171
220.672
69.2457
453.053
12.5419
5.2286
14.6755
415.127
321.693
379.293
162.249
61.3336
213.451
292.885
13.6755
381.359
271.087
130.806
351.688
1.17216
352.066
232.782
448.499
250.83
377.627
451.039
459.061
224.208
449.191
338.484
122.981
313.594
92.6741
98.358
169.56
441.286
408.99
132.683
188.874
447.271
424.129
250.804
428.597
290.556
232.458
461.62
144.193
371.029
103.964
461.161
449.421
211.27
442.812
433.886
401.716
339.285
298.172
390.751
432.574
8.72207
10.3648
10.4314
450.296
191.749
335.167
206.815
374.824
355.285
183.897
80.0667
417.166
339.358
336.679
440.55
206.391
372.194
9.85301
36.756
233.129
455.274
157.249
172.998
246.511
197.974
360.75
461.232
16.0029
447.847
451.034
268.072
281.153
271.463
391.417
309.866
49.0777
234.006
72.9544
328.482
378.241
460.916
284.572
167.496
381.904
450.475
252.48
346.869
208.097
50.6329
225.29
440.717
451.465
103.991
459.729
186.587
9.62846
279.068
234.896
313.186
13.7758
461.292
173.038
387.785
210.223
368.827
456.608
349.913
244.06
451.519
454.146
205.452
207.704
196.049
453.454
115.246
161.265
10.1956
342.141
68.2949
385.732
299.579
79.098
207.239
16.003
252.613
351.807
453.954
167.516
102.121
151.155
154.469
447.478
215.941
233.435
355.933
190.157
60.9238
182.388
106.267
96.7798
431.055
443.48
450.93
339.627
285.35
448.738
305.884
0.145635
318.415
188.17
452.754
336.268
64.176
264.866
49.8085
216.492
457.331
199.955
287.819
394.8
131.51
363.263
162.153
445.36
344.362
447.055
238.629
406.892
123.403
398.125
277.565
31.5487
168.668
363.194
373.728
449.725
227.907
16.9582
232.359
326.736
300.404
11.3649
375.424
39.2896
395.116
345.909
447.338
292.845
291.88
195.23
449.033
452.66
433.554
453.694
453.898
460.671
359.607
40.509
451.667
147.786
156.936
421.052
138.692
50.4039
0.96908
445.689
303.999
205.228
417.048
384.909
452.6
74.7163
445.098
229.445
7.91446
418.785
8.57021
147.154
0.968518
160.874
2.8024
452.852
348.831
265.304
343.86
403.939
0.323834
302.295
234.893
232.505
378.859
1.06125
439.991
151.096
137.21
180.538
238.908
118.51
297.2
454.518
436.15
418.675
157.138
444.868
423.184
163.42
452.222
155.75
367.337
93.8195
231.141
296.284
189.043
395.442
256.489
301.031
461.925
454.495
269.376
388.161
178.583
357.168
135.482
459.777
14.17
323.668
263.511
294.013
178.295
390.759
175.448
3.50527
94.0889
415.85
449.419
85.3405
274.415
399.573
282.659
190.021
315.473
220.604
40.1438
288.418
330.204
372.6
454.719
441.469
312.305
366.765
457.067
73.8876
403.782
408.177
359.225
393.092
9.28649
261.158
6.16957
457.429
202.615
14.1518
252.508
14.172
317.752
364.225
443.566
4.58749
105.014
406.483
266.992
206.529
439.548
454.523
274.215
0.846656
6.63936
9.21729
457.439
269.491
206.243
249.294
287.62
412.271
297.034
450.739
397.697
402.178
461.146
236.824
253.535
373.192
448.226
408.085
329.474
202.882
233.387
0.671229
97.453
6.52872
265.548
416.084
8.09697
0.571922
328.617
451.478
306.403
365.385
323.481
383.667
234.048
455.388
415.63
270.887
318.06
348.602
415.717
227.308
232.764
36.4402
426.86
48.4051
9.1017
223.235
318.015
69.5954
402.103
452.321
10.3789
395.197
186.392
233.249
23.7128
320.043
404.499
444.964
332.402
87.8583
369.337
343.65
287.669
308.719
291.974
15.9606
213.112
453.366
442.19
441.039
451.935
95.1106
314.127
400.782
444.04
375.053
263.469
459.807
112.551
216.991
415.313
0.781318
318.229
462.013
37.4172
456.163
157.532
381.267
443.038
430.703
15.2484
370.931
440.916
155.241
456.859
462.167
15.431
118.251
301.834
422.097
306.045
-1.37115
200.854
448.114
182.997
234.119
287.336
274.948
405.036
376.605
36.5464
11.1939
378.775
451.272
357.553
448.948
275.909
318.555
393.088
290.53
82.8354
264.513
346.166
295.936
228.169
398.201
284.722
448.315
133.743
343.115
16.6867
163.167
191.907
95.4864
232.609
78.4708
109.144
399.219
455.413
80.971
233.389
457.858
2.15764
331.946
201.229
-0.527153
334.899
441.519
447.272
227.095
449.62
233.004
420.916
381.817
444.293
412.161
451.381
10.8662
197.303
286.247
154.781
453.85
103.601
422.321
210.022
450.03
328.992
455.75
329.192
90.7405
392.312
420.522
5.25465
377.791
210.535
461.574
297.047
428.269
110.031
460.495
459.84
218.04
17.0877
324.276
232.557
60.5902
28.3985
450.404
102.054
380.536
348.723
384.382
1.8776
91.2457
68.5327
446.985
12.0953
276.642
167.517
448.142
391.285
115.787
119.362
286.3
253.639
25.9196
245.937
445.137
263.234
293.834
206.173
336.005
54.468
134.443
241.471
248.562
179.591
1.67017
433.978
315.039
344.289
241.81
110.767
207.538
6.87735
454.925
276.233
11.5348
344.643
420.951
379.128
370.051
14.1059
318.364
13.1676
289.903
358.293
80.8519
367.091
445.336
277.732
151.883
339.654
318.976
299.929
114.214
34.327
458.334
443.553
457.418
233.461
95.167
339.637
461.733
73.984
389.69
163.531
367.363
1.85903
132.519
10.3737
17.0455
346.556
460.385
350.42
29.4586
353.479
456.069
395.788
228.524
456.373
112.79
205.738
242.76
207.487
246.669
445.29
206.622
16.8228
203.092
83.4608
4.30933
309.645
438.969
34.316
319.816
236.358
25.4645
388.563
262.559
290.833
456.199
291.837
10.3504
421.61
344.849
109.963
76.0577
370.328
2.81256
401.052
325.314
125.323
395.118
14.3778
59.1936
326.762
44.0165
353.635
2.0183
438.964
269.468
265.482
422.408
53.8371
154.146
444.642
452.449
30.2558
25.8582
453.104
268.431
168.707
315.384
329.542
247.092
94.877
258.359
7.795
93.2716
394.89
444.359
365.024
113.031
386.305
75.656
348.996
232.503
451.442
145.089
259.28
384.261
206.621
392.669
370.64
312.676
445.438
276.835
7.96655
238.656
2.37657
429.94
395.14
198.052
444.018
335.741
142.98
460.034
295.277
6.79361
358.749
435.853
448.241
180.663
187.011
202.051
121.708
269.792
298.732
415.046
389.762
256.108
360.79
299.915
198.673
325.511
351.695
387.11
245.761
224.867
359.63
437.624
47.6475
157.714
326.539
13.1275
262.641
412.972
196.906
451.718
451.213
180.977
426.006
6.14249
432.317
60.0217
450.886
450.757
458.465
353.873
1.34894
283.678
388.543
455.134
227.91
456.791
404.22
128.741
432.85
94.8987
37.8907
133.612
16.563
453.459
450.522
195.434
351.53
11.5841
142.164
288.772
190.477
205.983
367.286
350.923
265.578
304.712
234.346
447.459
132.448
193.298
158.086
274.875
443.052
168.589
346.157
60.6232
438.626
253.11
188.644
446.051
447.709
275.177
13.9645
392.987
281.963
128.158
11.2816
259.394
15.9798
337.963
33.864
78.1235
6.4233
460.113
416.919
452.879
371.517
130.201
189.541
435.893
380.792
7.5908
290.321
115.057
174.633
451.831
450.371
448.177
69.2775
388.949
256.587
294.648
151.103
6.01872
15.4245
288.02
94.2309
245.476
198.15
300.444
225.798
401.432
247.274
465.596
232.517
256.56
234.68
304.279
461.512
291.993
107.064
115.886
320.926
455.49
233.194
280.461
113.255
4.5047
11.6189
399.179
200.022
461.031
68.3602
319.974
423.845
456.149
435.902
449.423
461.891
48.7799
16.6307
229.463
374.058
381.711
68.6668
281.128
126.948
7.7739
9.93229
404.146
454.071
170.875
21.9032
323.309
428.422
461.169
194.937
355.13
403.279
196.278
232.333
165.21
105.725
201.0
40.0377
9.58758
374.167
446.428
377.567
399.077
51.6156
152.417
126.097
64.5731
212.412
443.39
4.07784
219.37
120.52
382.063
259.001
448.105
234.918
304.489
449.329
250.449
212.756
4.53187
4.09893
0.570957
180.387
328.113
338.349
452.56
16.0101
166.626
401.808
328.55
7.17134
232.72
385.315
317.275
42.3141
454.918
214.634
171.618
5.40551
258.516
144.614
227.698
196.353
412.163
109.511
153.283
427.982
140.534
386.533
219.966
227.709
427.527
38.8043
231.76
268.758
346.227
457.643
311.496
312.374
261.029
229.971
369.641
198.297
292.837
455.364
152.635
290.595
128.053
233.339
440.401
455.913
455.342
450.631
455.827
198.6
331.127
271.868
296.387
364.632
11.556
8.29914
330.689
453.919
433.339
450.429
367.485
232.394
355.326
244.818
343.565
259.99
136.585
232.464
406.116
93.563
270.533
448.129
433.062
335.323
456.711
329.767
367.589
377.508
232.874
215.319
393.893
17.0825
286.999
318.516
297.569
357.059
283.214
134.656
265.139
290.417
328.906
198.522
292.113
244.822
302.094
7.85159
351.602
458.824
372.798
424.409
450.94
155.918
232.344
12.8202
7.39719
41.9483
275.96
444.922
123.699
212.321
4.89327
392.637
305.427
328.742
16.6037
371.538
55.7391
298.702
301.858
238.614
348.04
90.55
349.657
301.589
257.197
441.83
7.23775
234.549
226.117
344.494
221.824
112.22
205.146
323.227
288.566
105.88
449.208
7.58474
461.129
460.615
373.016
6.6502
191.577
3.1734
295.99
179.248
436.294
301.613
251.093
444.632
339.878
405.233
243.202
10.2094
5.29121
444.77
414.751
19.1065
165.119
462.664
15.7195
337.663
414.117
295.397
161.543
459.092
405.245
122.627
272.557
416.733
14.2872
455.095
32.9361
348.878
268.049
421.129
239.88
140.249
432.749
440.173
460.455
150.565
386.84
361.928
232.389
6.49234
117.747
455.371
189.613
350.21
443.92
275.319
10.2071
454.777
202.375
32.6137
263.354
421.089
159.948
131.209
460.365
279.987
99.6002
219.785
240.326
400.062
322.084
232.406
209.686
291.297
9.5112
353.376
270.924
233.306
425.899
15.275
112.53
288.717
454.936
233.085
6.34558
312.555
195.743
452.85
93.8674
313.589
296.456
232.947
36.801
450.747
339.633
443.444
460.887
1.10504
124.319
457.604
332.291
164.873
332.676
262.995
455.709
118.405
352.036
226.192
414.96
13.3592
102.412
148.751
452.148
251.653
375.032
232.926
49.0855
300.649
99.9881
228.624
357.415
237.693
350.315
15.1868
172.242
232.481
95.5333
233.069
313.689
138.112
397.462
151.269
224.683
428.544
68.6567
370.795
233.048
277.814
116.845
81.6744
405.694
121.01
339.337
9.18121
301.524
426.876
226.057
430.598
435.027
310.646
188.738
360.496
254.689
167.1
342.059
298.668
455.415
258.724
235.945
460.778
458.039
461.333
448.686
236.66
427.333
273.457
10.7135
434.716
265.2
118.028
96.452
120.257
46.1315
312.773
391.115
165.143
244.962
130.592
379.185
37.8993
232.229
415.233
250.04
231.989
331.008
454.295
139.991
271.362
191.579
179.795
10.5992
246.96
357.791
7.41654
418.11
13.8498
460.071
368.26
366.513
229.577
294.565
443.665
237.069
271.38
163.291
289.04
433.13
223.891
455.261
370.355
297.085
446.791
291.638
7.21837
450.992
420.844
371.943
307.217
232.367
8.47454
405.51
191.567
412.833
0.536173
455.293
199.301
47.1911
456.0
416.546
5.05769
229.919
448.216
407.974
215.109
83.7604
190.746
32.5631
127.864
243.378
246.177
419.588
15.1945
79.0127
454.073
264.099
4.78142
239.097
292.977
311.823
253.455
409.426
298.457
107.118
419.744
274.278
268.143
461.3
1.24941
316.341
434.595
8.59095
260.864
436.127
80.8592
342.989
425.644
349.748
105.101
299.392
1.63542
221.303
274.232
98.6584
108.769
183.746
232.891
175.523
8.3003
456.011
232.371
238.551
143.832
386.705
149.681
217.34
426.3
10.4434
108.53
6.44446
146.201
0.928131
458.2
99.1165
435.507
233.001
205.347
451.819
251.771
96.9454
3.86409
35.6698
418.495
102.144
7.1517
451.816
385.131
358.347
322.585
387.837
316.304
394.49
445.857
287.515
365.327
2.77543
59.7026
363.404
76.8721
345.243
335.037
462.069
388.499
54.5049
228.57
454.589
440.775
230.406
6.95494
145.518
445.179
446.725
405.104
255.787
55.0523
286.38
276.424
398.995
18.1236
9.84739
398.807
182.353
414.934
406.901
457.506
85.0863
27.7749
258.249
117.926
125.89
63.5445
2.85278
178.244
247.754
337.742
441.993
349.401
403.495
376.005
228.441
341.813
266.082
144.644
453.536
290.33
13.6993
289.154
456.22
461.692
217.747
10.3181
243.502
452.712
307.709
14.2881
7.77881
438.32
35.5412
320.464
447.671
286.906
287.109
12.7779
316.349
7.50424
315.088
427.343
211.284
245.071
31.8556
441.349
10.7716
432.592
166.305
324.641
345.362
456.463
450.355
16.0951
449.885
351.262
445.404
64.9503
442.734
200.863
406.844
12.4083
201.537
85.6648
422.588
258.48
176.733
57.0865
88.7756
101.321
280.956
331.889
357.466
0.949789
215.8
272.013
131.083
214.892
289.641
79.9641
450.005
7.97131
372.235
433.543
164.553
293.626
379.992
335.326
283.724
101.072
318.817
16.1146
438.394
6.6975
21.4392
361.509
453.007
50.3484
357.055
360.891
263.123
62.283
282.228
1.21364
432.069
461.267
19.8375
295.842
380.666
431.396
11.4482
362.656
2.24665
374.977
19.5801
191.703
329.155
153.167
303.489
401.015
86.3453
107.74
11.6579
47.8509
455.062
329.825
35.2664
373.813
188.579
208.555
187.345
452.295
248.601
214.222
294.673
101.505
455.645
341.242
72.786
352.653
11.5618
185.87
452.76
360.168
9.63373
380.29
76.7552
297.756
67.6339
237.095
451.841
454.744
456.549
438.47
304.807
315.37
153.263
454.979
417.216
123.973
443.286
283.521
162.732
11.5175
2.40929
13.6743
307.654
276.813
57.3619
219.903
229.948
345.914
356.073
233.263
22.021
449.996
382.991
375.453
437.56
297.352
103.084
457.874
260.833
420.044
235.576
397.353
284.737
259.578
219.801
380.963
282.197
422.176
452.516
165.353
337.808
447.872
172.114
454.881
61.6996
7.14886
335.566
277.177
164.002
143.248
370.262
208.41
39.9351
404.385
71.1875
224.259
442.402
171.42
232.235
449.924
126.222
342.316
210.809
378.086
458.912
4.01323
370.451
336.455
450.357
306.936
278.478
417.565
403.082
221.182
455.948
142.224
373.514
380.011
245.079
451.403
187.252
461.014
17.0525
5.4479
5.52858
461.655
200.567
448.2
338.048
400.625
245.06
7.0233
207.836
34.8207
145.96
390.384
422.655
461.181
235.948
230.469
247.54
426.251
445.479
314.368
452.592
451.144
196.263
419.26
460.989
226.115
411.591
443.979
235.083
73.453
315.034
158.818
393.007
292.272
461.275
297.758
351.448
114.554
448.479
337.273
233.495
197.992
383.282
459.352
72.4313
384.492
86.4967
66.4394
246.813
185.984
74.6778
318.924
15.0222
253.183
433.421
460.395
450.805
409.295
261.367
169.963
408.103
235.812
385.634
394.498
233.197
336.641
253.307
448.365
346.148
371.349
291.476
390.827
350.413
139.392
1.74265
310.28
341.896
454.176
445.795
450.578
1.64079
260.035
89.523
38.3791
350.658
447.656
369.021
13.3196
450.098
236.898
285.026
361.446
138.687
417.223
426.149
240.886
137.992
458.904
192.219
462.911
391.996
8.43679
391.256
445.951
410.698
179.315
409.938
246.869
152.296
410.314
213.883
112.554
57.1959
264.343
4.03746
347.451
226.4
357.462
187.041
17.7883
285.926
184.66
9.86193
381.219
278.188
5.60551
286.072
75.287
100.319
387.143
172.465
3.04511
448.191
446.076
54.525
384.654
404.463
291.745
4.00173
5.67656
57.0781
237.685
178.764
452.355
277.715
159.019
454.352
313.642
404.994
414.078
412.044
265.56
15.4063
103.802
232.814
424.233
348.634
424.82
141.887
15.4794
232.937
44.1637
158.062
235.778
266.319
366.882
171.896
362.174
149.091
450.864
263.888
13.585
368.995
105.043
226.416
1.78831
269.811
349.624
115.311
344.481
407.638
453.036
179.258
394.128
50.3433
10.0276
444.259
339.012
425.754
16.3006
289.163
198.44
2.52562
50.854
457.097
228.778
320.039
451.445
254.931
14.2985
81.4995
252.276
311.399
383.659
293.812
37.289
453.695
405.541
429.933
327.674
448.846
378.591
362.563
95.9296
267.049
430.663
323.571
273.072
232.319
18.6392
456.645
343.041
132.099
141.282
271.647
268.014
432.461
236.631
409.263
457.608
457.334
385.387
408.589
368.327
232.402
84.7405
23.0077
296.205
0.984279
232.119
300.296
424.875
287.161
133.708
81.1243
451.759
241.699
-2.42156
271.893
116.948
352.507
339.835
266.727
238.394
462.393
227.477
351.903
231.376
292.803
187.631
414.71
194.716
151.482
419.426
441.377
309.165
453.221
111.516
306.814
414.182
246.594
8.81798
450.94
339.04
224.573
274.88
453.422
430.386
270.305
384.691
232.752
232.166
455.414
434.108
453.613
133.34
428.324
380.727
452.005
259.934
448.269
460.202
225.484
310.301
228.514
232.577
132.582
204.997
104.114
420.575
108.752
105.904
249.18
462.451
350.644
242.302
447.668
291.797
226.343
346.496
154.417
184.89
92.6854
394.345
3.07699
451.568
261.677
322.386
275.257
174.609
257.924
21.949
277.278
279.131
460.886
352.093
201.132
428.552
416.885
291.711
334.823
400.064
372.22
87.5191
158.259
460.082
239.834
454.351
263.1
171.164
113.539
442.07
151.689
445.531
345.133
261.611
23.5512
202.562
310.24
195.003
456.945
423.396
9.81943
10.2298
450.359
430.054
228.836
4.64439
0.927614
351.937
56.4956
436.662
118.738
229.036
462.609
271.528
409.732
338.068
207.399
418.383
13.149
358.413
461.613
403.418
232.534
11.8507
455.908
306.348
232.838
392.704
452.653
19.0903
447.591
4.09219
390.876
11.9483
413.647
453.848
238.69
353.584
413.999
314.034
306.412
117.154
341.443
230.091
350.946
392.923
192.341
384.13
203.19
250.01
11.9756
444.813
457.276
433.59
321.209
200.35
382.017
11.0474
318.867
106.692
2.90328
145.155
307.229
15.675
5.10616
91.8234
68.1923
104.871
10.9
3.13938
448.697
330.096
400.3
351.787
447.028
196.019
277.484
314.672
73.0826
5.52262
10.9465
51.4378
16.1768
441.147
338.474
408.53
461.775
206.571
210.012
365.166
454.338
233.082
239.117
333.271
342.328
364.377
367.311
338.794
412.124
4.7992
442.931
394.131
1.88433
86.3013
276.81
455.172
311.096
232.665
322.075
428.444
149.279
0.403154
114.49
13.1105
390.552
120.775
33.0285
330.1
35.5809
253.928
452.333
51.7412
304.246
13.7508
171.398
360.055
352.218
455.147
70.2724
126.199
359.852
426.522
137.207
60.713
375.798
209.475
111.738
454.733
142.034
246.656
423.0
216.752
408.021
457.28
185.135
457.715
445.657
449.562
13.8237
18.0132
259.669
15.876
232.758
202.906
449.266
236.948
62.4715
182.592
118.457
449.544
164.81
9.77776
289.265
432.706
456.619
81.9883
232.669
301.625
268.007
282.183
404.732
295.93
14.937
232.51
11.2721
423.86
320.982
221.892
307.903
93.9849
283.654
31.9996
373.011
2.04691
42.6902
197.56
160.681
433.818
254.934
460.686
3.72291
383.879
178.33
453.661
316.651
449.988
290.521
223.633
153.985
396.331
236.331
190.218
32.1975
275.308
410.937
92.831
102.686
150.429
206.332
166.067
344.499
255.448
459.573
403.957
316.605
232.394
457.666
204.416
377.64
255.787
456.524
240.604
458.945
409.788
361.013
104.641
342.659
236.091
352.674
74.7402
448.833
120.847
203.536
385.016
134.207
174.874
269.32
379.148
367.247
220.784
453.064
443.634
235.139
449.525
11.4773
448.367
409.99
12.9275
20.8249
0.321989
7.69612
117.048
95.9641
330.154
1.15459
451.32
328.936
452.057
451.509
405.417
39.8765
457.163
444.712
300.229
385.83
213.135
440.586
343.703
227.953
273.021
321.797
20.3166
454.508
58.1796
445.031
197.147
340.062
263.787
139.645
202.411
439.903
452.757
333.403
238.289
250.707
109.236
10.9369
36.0153
319.463
431.866
0.459173
326.506
368.61
345.034
429.125
295.11
232.51
75.2182
451.683
381.782
446.869
76.5834
-4.20868
271.344
12.8334
298.242
5.46358
5.55962
452.737
447.882
449.19
322.928
258.834
454.605
447.559
414.725
451.398
339.981
174.574
190.098
137.028
95.8658
205.645
74.4297
229.154
336.82
1.62369
6.1015
397.669
308.057
334.641
381.468
109.667
11.5083
346.236
383.496
98.66
83.2246
451.868
104.215
181.705
2.45147
292.437
326.898
9.1223
374.343
413.69
184.712
259.323
458.535
460.914
14.0397
335.907
237.253
456.13
338.237
3.47275
200.347
216.042
1.7023
437.747
453.702
330.758
398.003
434.293
171.987
420.906
42.9154
230.002
401.927
327.81
432.431
90.1882
451.567
68.3217
450.962
366.263
351.301
146.442
308.767
173.102
355.484
447.232
80.1864
320.346
160.253
156.287
452.493
232.546
443.919
0.688187
261.067
391.79
67.3565
362.951
316.934
229.285
395.224
303.336
80.8106
456.483
456.357
320.337
134.569
177.489
366.457
445.12
232.308
75.6252
287.407
74.3623
9.81692
399.327
454.913
381.764
425.617
97.3084
326.885
62.9245
451.868
29.3253
447.687
37.4714
436.642
452.926
441.681
116.16
364.562
202.294
458.246
458.832
175.103
449.793
41.4323
441.657
461.463
13.7345
325.929
8.0704
234.347
227.473
228.644
133.237
410.906
286.819
426.603
454.468
125.902
232.885
311.577
385.518
162.684
331.076
448.182
393.746
461.443
232.18
390.554
443.369
324.202
343.085
142.649
264.745
422.898
63.3076
355.205
235.869
382.274
233.348
61.5881
165.02
185.147
292.518
322.791
101.256
196.228
231.562
7.42475
234.572
253.283
112.07
456.286
430.707
429.929
2.77362
11.3894
213.354
49.9976
347.74
371.594
118.929
161.053
343.927
75.8267
15.6505
249.689
305.789
44.8745
117.915
15.749
153.812
452.905
106.08
458.7
12.4038
187.352
232.259
304.024
176.767
301.712
346.656
329.526
141.939
460.74
385.518
142.153
125.277
183.21
452.941
379.734
264.935
246.756
17.1519
344.657
15.3213
226.13
452.597
46.1391
232.194
461.544
346.649
387.008
232.606
-0.217776
451.047
394.364
452.429
97.725
1.48985
304.187
447.082
261.771
412.805
186.841
432.737
250.074
161.957
240.646
318.696
294.23
77.2871
156.139
399.479
244.114
98.7815
157.262
431.466
364.983
1.10763
446.146
448.331
150.225
455.267
296.718
276.652
161.978
25.5018
3.73671
289.734
4.43178
327.004
5.84615
10.761
461.169
0.836263
370.173
271.896
18.1165
152.348
301.898
353.459
312.161
236.587
383.974
100.504
433.72
10.3783
191.594
92.2782
4.42643
182.182
447.932
378.566
69.3226
437.005
388.115
269.11
118.777
381.248
446.554
267.004
289.632
64.0563
297.329
247.505
444.183
339.246
86.9431
38.9253
228.245
134.851
29.6424
351.462
439.851
444.666
409.2
233.651
158.679
9.30409
445.306
104.51
422.017
455.02
252.183
243.65
172.461
316.25
188.773
205.469
251.419
298.739
352.072
454.843
335.573
410.784
1.27032
279.811
218.951
327.44
5.20153
330.063
422.79
249.27
393.13
384.857
52.8946
386.732
315.322
462.116
361.793
315.664
85.4581
254.009
103.3
0.727282
194.413
452.589
460.563
301.377
349.038
322.308
228.003
287.641
461.197
3.01784
339.444
97.2037
402.007
368.595
60.3012
375.48
264.878
332.618
275.673
329.963
441.023
327.246
15.7482
303.166
213.036
163.802
426.987
11.8928
277.975
0.90427
293.258
356.047
232.402
239.8
256.669
377.077
425.3
8.24803
460.554
454.519
1.94594
169.487
8.90309
450.256
460.607
453.788
11.5306
288.334
451.515
290.544
232.236
348.755
453.866
231.906
286.012
302.049
232.549
449.248
412.741
310.798
419.581
12.0985
0.524168
461.119
276.259
446.016
403.105
232.527
366.512
323.926
285.091
150.353
275.957
315.69
206.661
370.274
448.662
111.189
399.292
261.283
452.097
380.801
413.663
232.155
401.084
449.228
262.694
248.503
163.05
82.9075
226.878
232.546
316.02
18.1628
456.129
287.727
454.559
220.034
11.1094
452.037
448.808
336.302
372.59
177.761
1.85539
231.919
371.527
139.264
447.643
323.759
7.73254
174.645
444.369
287.174
78.2279
175.493
448.209
232.453
13.5548
7.28331
37.5824
329.722
239.95
451.553
28.1637
149.351
32.7237
369.434
113.796
300.674
457.322
430.817
12.4111
9.50989
421.61
139.751
103.948
459.313
0.906507
340.426
27.9791
36.4843
394.674
134.041
448.197
110.111
366.676
323.725
402.615
277.583
415.618
73.8487
436.884
381.642
156.356
66.5928
291.153
451.085
380.154
133.483
448.122
226.885
165.461
425.237
245.279
379.198
257.13
248.866
82.146
202.013
36.5687
188.921
366.321
232.529
136.717
368.531
339.102
411.408
461.957
288.151
139.495
369.005
78.1955
187.668
114.857
352.46
309.581
286.989
447.882
206.623
344.299
375.515
225.054
405.829
324.495
331.085
370.138
70.9021
247.521
424.509
9.26911
443.87
365.917
91.8573
232.761
98.6788
227.331
367.801
78.4041
105.316
79.513
280.523
7.74176
117.724
142.405
424.796
73.5237
8.74242
329.693
8.89308
203.105
19.033
7.57526
345.897
301.128
451.997
280.671
364.273
460.855
395.239
441.308
215.504
432.399
341.909
262.894
398.533
261.305
398.316
436.486
338.209
141.701
13.7559
451.986
237.148
140.417
363.741
234.701
449.165
194.875
446.882
381.814
232.486
228.903
181.637
8.74458
253.406
388.46
8.19995
437.507
259.631
344.368
451.885
402.751
457.207
448.745
404.888
5.1289
306.711
443.35
164.577
232.712
95.4423
23.7609
98.4808
386.989
109.264
369.08
195.846
268.024
90.9296
360.436
148.636
128.091
8.54161
266.294
106.087
446.029
445.94
377.74
172.442
446.353
65.4009
327.289
17.0765
254.203
5.39438
232.302
451.21
271.846
232.667
374.898
292.435
267.413
75.4624
187.296
334.615
457.972
281.229
461.256
292.373
171.269
403.676
384.386
297.422
231.165
17.8463
312.143
338.855
456.294
299.675
230.769
14.4055
354.825
449.545
368.682
448.906
245.707
103.226
357.536
176.757
416.075
448.593
232.334
378.497
368.976
449.975
444.393
170.3
347.737
208.401
456.227
327.619
371.052
254.738
387.777
432.324
234.205
273.23
457.346
398.538
440.008
202.485
311.124
354.363
339.479
461.869
304.113
464.861
380.001
228.561
375.748
390.944
232.873
260.736
1.05035
298.82
355.454
449.267
349.701
351.399
294.154
456.259
1.05164
262.119
427.993
247.281
321.989
252.46
282.869
406.027
133.85
67.5593
362.858
382.808
277.794
71.1591
370.309
368.315
451.379
4.79889
1.04755
65.3949
416.75
17.7809
76.0478
6.92414
331.137
399.452
359.589
452.411
287.154
257.786
262.506
1.90666
231.727
399.226
8.65255
226.838
9.45547
198.76
435.783
111.978
59.7761
391.343
451.699
120.24
261.747
457.339
154.115
335.955
340.871
278.975
444.103
324.942
245.332
322.72
11.7399
450.439
119.471
277.919
72.3347
27.7581
12.5976
130.547
359.154
450.655
448.127
15.8993
272.446
204.727
198.093
319.322
259.15
382.052
435.612
460.809
195.122
275.181
361.418
206.266
18.8944
399.083
131.415
140.65
324.476
127.744
284.429
123.313
425.587
439.115
461.464
274.073
37.8808
184.154
289.811
318.56
282.563
110.618
8.41992
355.428
330.656
366.297
357.46
63.0961
327.033
19.1919
1.18085
454.887
441.029
421.85
232.282
436.769
449.015
11.6096
449.909
447.176
44.9138
204.744
347.834
39.0688
180.015
14.995
444.643
227.838
109.86
9.33203
0.268187
39.4965
287.824
428.641
350.575
0.888424
436.601
405.773
233.017
446.985
155.842
440.461
79.2079
153.342
152.374
462.919
219.84
233.209
454.713
396.901
449.246
121.763
455.024
395.826
447.364
115.607
174.818
128.032
316.705
456.965
145.432
235.38
205.906
239.707
29.8831
291.931
412.956
408.419
53.0796
112.141
402.466
246.125
255.303
272.214
439.807
276.282
337.408
329.407
341.728
325.429
166.326
40.4276
102.129
169.009
434.317
380.318
17.1795
9.92255
11.9824
101.566
386.075
444.706
404.118
374.757
363.61
249.417
235.635
444.057
297.891
425.007
454.537
445.73
319.73
245.512
451.49
184.917
268.33
102.917
4.73609
187.231
1.11343
13.8904
448.895
300.716
221.813
358.848
4.73388
225.271
454.671
121.667
325.261
47.4732
63.5825
342.716
304.853
357.26
232.884
204.502
310.38
251.132
91.3569
450.018
0.453047
450.006
395.182
10.7257
71.7928
15.4916
374.747
331.97
367.777
342.713
58.1415
94.5908
366.377
455.246
171.021
321.134
456.268
67.031
459.702
0.529386
392.499
284.68
357.119
314.381
281.898
246.149
133.482
346.493
325.559
79.4009
146.853
232.515
269.201
0.880453
405.486
319.757
361.517
61.1655
69.6859
390.879
365.722
370.287
5.64882
451.793
459.612
175.737
453.031
13.7504
217.091
446.049
447.374
448.02
204.817
357.771
10.5475
109.255
327.473
434.054
444.957
395.66
442.767
445.258
457.684
222.39
396.67
237.587
13.8533
127.813
425.96
442.913
385.618
133.086
265.878
287.041
333.521
162.095
446.64
208.57
123.766
214.969
153.281
73.9172
248.571
147.205
453.023
10.9833
402.096
110.566
269.455
447.129
451.202
9.54059
456.125
152.958
372.3
281.358
462.005
370.361
336.631
226.24
-15.637
434.124
444.545
203.168
463.447
368.241
355.324
202.658
283.813
116.2
184.461
6.75708
366.593
384.294
415.274
10.5062
455.239
299.569
303.217
436.911
183.842
312.144
180.58
455.027
303.76
443.347
420.775
287.522
324.191
377.796
0.139983
336.904
323.867
338.372
285.545
444.279
317.469
210.419
99.1021
283.929
111.543
149.859
457.25
226.68
240.563
436.025
270.521
454.019
475.363
297.694
232.995
445.308
307.044
43.1035
253.54
361.685
420.005
387.228
348.988
391.324
455.553
451.206
399.919
404.817
381.534
278.717
329.988
310.98
458.876
4.8368
189.27
456.262
10.2985
238.236
462.091
439.6
6.7194
322.546
-6.13274
131.814
229.216
73.4857
406.337
461.688
3.96511
40.5552
450.63
324.617
457.295
451.364
352.267
223.022
396.343
88.2666
86.0693
451.888
442.019
0.45526
240.079
234.296
355.291
10.9357
271.493
194.536
157.179
366.176
176.452
156.631
452.979
301.423
17.112
447.631
451.891
25.3876
280.48
232.833
172.478
57.2026
44.9703
229.926
89.1269
184.733
307.123
231.907
440.239
452.289
237.018
315.709
388.031
322.186
224.071
374.08
16.6445
171.776
263.497
70.6417
-0.346353
0.938756
440.793
136.5
446.366
454.585
454.956
232.248
273.47
322.787
408.988
331.065
218.732
122.705
237.059
354.132
388.43
4.73243
273.273
203.894
153.145
285.834
40.3038
309.498
239.03
282.918
350.068
23.2046
373.774
116.486
69.1137
11.49
117.906
10.2894
43.9769
50.2419
348.128
5.57418
11.6112
141.716
312.392
0.636304
159.461
83.1068
438.121
398.613
139.228
408.529
444.051
180.844
68.0898
237.644
236.263
454.427
271.695
386.438
188.134
232.366
449.887
463.963
45.9755
455.477
275.786
309.002
150.24
431.422
192.947
266.622
337.486
418.45
109.906
322.3
421.043
12.3707
13.5882
311.539
354.808
407.123
49.6086
451.106
325.382
419.918
154.599
196.624
449.966
217.5
406.828
15.4911
137.984
339.312
67.9863
87.6594
194.674
1.7967
198.903
459.852
103.466
437.831
127.577
2.80324
420.451
459.366
214.739
66.4422
394.474
3.53851
409.668
287.484
301.413
293.982
353.535
332.257
449.848
432.039
185.288
318.864
291.107
215.073
415.038
418.361
414.647
8.68987
179.674
322.476
455.129
21.6673
362.638
84.289
89.8177
199.668
136.763
431.314
12.8477
240.016
118.669
56.7759
138.295
461.564
255.684
352.971
61.598
81.6552
246.861
9.88639
232.498
10.4506
232.4
308.123
445.787
447.908
378.889
218.314
456.111
427.491
147.257
381.382
410.4
448.637
270.997
443.795
0.174918
81.9007
447.392
109.292
288.308
160.479
0.815341
244.583
327.036
340.51
250.636
295.621
455.281
5.03445
282.069
198.078
99.6133
273.429
377.122
414.725
130.435
448.094
417.019
221.715
93.9344
341.228
450.634
7.56371
183.64
276.115
0.277485
179.073
255.344
242.044
354.995
238.047
435.291
427.432
232.384
348.291
2.78245
446.175
383.486
338.408
14.8838
168.874
180.162
313.51
17.839
388.378
455.161
185.174
361.915
166.807
330.327
191.609
408.01
455.879
384.779
403.658
354.159
298.771
85.1508
396.206
315.98
7.58256
7.24679
434.497
379.746
17.6457
258.941
269.691
232.454
452.14
230.041
2.82042
411.582
443.997
448.166
147.363
0.903476
104.24
174.66
147.385
404.495
264.919
452.095
394.922
455.927
4.1159
166.131
174.624
404.145
11.886
301.282
364.129
426.428
448.271
284.05
0.805872
452.822
312.357
240.516
218.042
461.801
152.907
171.724
265.592
1.47428
348.743
272.391
365.817
57.9178
242.442
112.306
85.0178
367.377
107.365
4.9203
83.2679
374.485
396.162
339.197
93.909
449.851
236.09
220.468
414.186
326.457
120.874
12.3687
5.29561
354.57
230.241
452.604
335.523
206.947
232.789
103.279
225.451
314.434
372.474
454.815
230.691
77.273
236.398
431.923
2.27272
173.172
318.199
416.0
384.133
457.063
348.671
177.525
50.5276
461.042
400.556
274.376
447.47
126.216
377.08
281.174
333.939
126.235
86.4324
3.72518
79.8949
15.3647
161.941
444.844
205.677
461.705
405.738
333.066
423.189
56.2554
452.904
284.311
35.0462
230.916
172.757
212.684
248.407
454.099
250.795
182.854
10.2611
365.492
14.9005
84.6687
18.4068
167.812
251.824
0.826414
223.951
434.599
273.397
84.3898
429.814
383.306
448.626
89.0371
229.081
65.9243
202.998
330.844
400.495
447.4
152.976
455.731
303.533
267.903
275.232
440.48
362.501
347.387
66.5667
198.686
274.036
420.626
264.649
408.933
186.103
301.56
93.9008
449.461
220.213
318.212
69.7865
450.367
264.219
232.705
461.921
404.149
12.6012
229.956
349.779
227.248
321.37
232.667
388.666
78.3243
441.511
6.93873
382.926
292.56
368.655
233.104
450.951
463.154
199.264
354.904
228.766
454.879
317.442
456.18
97.6939
11.4657
426.398
139.126
244.466
427.718
314.901
9.61535
268.29
260.917
235.529
280.129
456.855
332.799
400.506
257.009
5.50224
122.884
43.3509
254.537
69.4093
40.8724
17.3591
276.443
314.52
67.4099
17.9595
73.5607
7.18467
201.826
283.01
232.151
450.042
133.293
146.464
339.436
453.423
186.833
272.408
456.21
16.2998
455.73
238.737
271.536
455.874
107.178
314.544
88.2503
383.585
292.704
71.8997
460.261
287.319
7.54493
24.8477
450.954
-1.88382
275.7
453.409
49.8494
454.374
372.885
12.6766
1.93019
228.885
373.958
234.866
323.773
374.241
145.289
233.608
20.413
423.027
8.67885
9.96478
249.378
66.1213
291.291
107.034
305.523
11.0318
234.923
448.527
277.111
211.083
302.903
455.811
447.366
167.77
11.6374
23.0956
452.714
16.8178
246.339
362.528
360.513
231.996
213.142
136.038
55.9681
449.27
5.18185
443.46
319.347
279.558
181.763
449.179
92.6002
248.846
437.118
461.463
233.477
423.691
423.586
419.738
453.232
457.473
8.55814
448.833
322.664
297.233
1.22361
325.469
79.1775
462.378
12.3997
323.156
249.087
1.26461
257.773
459.187
257.711
84.9044
14.6326
134.081
286.944
189.22
244.237
440.4
288.221
416.922
262.701
335.936
30.3539
446.283
3.87295
286.815
315.7
9.77834
428.139
451.712
56.7761
203.128
243.699
422.933
39.9091
233.663
462.13
440.802
16.1716
401.506
75.0534
446.759
232.807
455.903
267.387
422.687
288.597
333.664
357.811
108.227
229.085
340.622
225.58
448.281
160.7
129.682
287.569
281.118
216.526
278.889
82.8593
428.214
455.379
443.155
24.3974
155.071
239.272
148.964
226.889
403.044
447.833
234.408
281.814
39.9787
315.383
377.94
431.844
446.84
444.952
59.178
445.291
446.532
4.78075
112.176
1.23721
7.79573
461.087
337.805
460.523
12.3448
313.721
298.077
268.268
225.422
353.985
128.936
292.897
445.071
106.071
41.4432
297.748
155.155
334.464
273.037
288.72
3.66171
459.968
271.705
353.279
457.261
202.591
449.723
227.126
254.913
444.989
390.333
267.004
77.7105
450.477
446.129
68.9995
435.737
142.191
306.465
242.864
0.887049
419.447
344.191
436.045
159.178
291.923
331.682
291.779
90.8409
442.489
449.255
7.6081
229.298
15.7402
124.537
260.004
329.41
449.877
21.9445
14.6267
377.172
379.371
118.704
26.042
447.097
422.462
380.336
317.326
238.483
243.788
461.844
6.67155
356.573
286.691
408.626
146.385
94.0695
40.7646
295.91
330.907
448.684
456.022
451.867
11.544
104.303
243.994
240.738
416.563
425.619
352.649
178.913
28.4526
449.294
323.061
320.784
8.47174
273.265
176.719
374.499
439.22
232.406
456.071
455.21
141.996
13.477
396.108
457.634
105.443
325.387
299.314
139.406
311.501
94.5867
9.37073
359.529
159.345
70.4968
233.666
405.265
95.3649
323.24
104.525
189.691
127.373
297.395
10.9786
303.732
440.757
443.58
455.9
451.942
406.122
54.2106
394.863
251.631
114.233
72.5997
338.584
227.612
173.32
122.695
229.999
127.286
286.297
345.266
67.4741
12.8948
454.573
456.518
81.0568
55.4019
402.299
332.372
137.397
388.235
441.362
288.826
11.952
451.362
16.7272
186.899
3.58384
453.834
469.293
425.869
11.8178
300.564
274.416
268.124
451.526
269.874
452.215
20.6476
205.383
388.173
159.929
387.063
384.865
78.0735
278.84
167.513
461.972
388.829
12.5489
215.546
365.844
456.182
198.247
124.708
452.413
450.398
205.01
33.3891
450.582
193.397
448.525
260.42
443.709
447.359
12.1149
252.714
448.638
178.903
132.553
248.651
153.866
358.034
435.085
15.0541
361.832
285.07
453.95
232.876
315.029
123.214
380.598
387.377
262.98
447.082
238.287
90.9385
348.457
365.006
259.863
263.895
129.434
427.574
16.413
46.3305
398.608
383.06
460.625
35.3962
127.536
428.003
177.541
454.104
184.717
14.0961
454.705
88.2814
460.728
154.074
4.0077
416.508
276.503
103.903
170.278
456.134
386.836
7.12678
459.184
153.236
353.5
374.316
18.8417
13.7925
164.723
365.271
232.611
118.839
1.13763
352.213
8.52556
302.063
304.42
371.122
307.848
378.824
262.779
324.237
279.288
432.398
123.031
286.033
232.635
36.3999
92.4036
140.832
431.288
253.411
424.015
363.09
344.737
232.214
25.845
130.258
372.639
119.073
205.975
14.8849
103.429
131.268
455.352
371.567
232.444
278.46
400.73
144.679
124.551
8.99563
407.197
390.479
393.124
236.027
447.904
275.137
152.995
381.98
10.8667
1.11189
12.7005
448.342
320.35
461.153
391.101
284.179
315.342
301.613
59.8915
460.955
78.922
149.159
232.802
425.227
162.24
449.172
328.584
170.177
299.985
161.415
284.089
1.34654
293.954
393.09
227.887
321.876
442.235
161.77
103.623
343.24
336.937
119.95
440.789
253.64
293.555
138.303
23.887
18.3505
397.736
326.387
387.458
396.128
450.03
93.0722
108.417
232.866
400.247
442.929
137.629
148.8
323.748
189.425
440.914
188.373
106.369
232.904
102.137
332.976
422.142
14.0343
197.769
330.433
4.63698
357.635
108.943
436.844
460.369
323.259
281.791
209.282
170.001
18.1797
448.802
266.726
6.99638
304.122
387.531
55.7121
119.014
447.935
288.825
397.43
4.15955
450.811
126.344
33.0852
168.638
176.108
169.827
301.963
7.76434
142.531
323.441
453.078
86.1439
445.859
404.51
412.292
425.787
100.18
449.949
0.308473
453.034
3.33173
7.58051
106.712
248.324
232.901
404.197
395.305
4.36521
10.1454
171.526
241.913
232.85
416.231
151.537
460.438
455.367
15.3397
398.372
41.9511
11.8047
226.752
1.11814
359.085
461.192
274.699
343.906
396.595
129.983
105.583
295.253
372.232
376.467
192.935
275.403
274.166
452.773
239.977
308.2
5.31784
2.6323
16.4431
4.35767
425.497
379.624
233.348
458.69
11.5147
232.315
412.42
234.399
337.685
167.575
422.044
329.71
91.3943
451.137
154.525
147.766
343.094
265.444
128.052
457.295
448.405
142.424
447.152
286.129
369.083
328.913
302.542
6.16657
156.476
242.666
68.1781
293.178
453.957
34.6823
126.088
343.837
154.399
91.9557
352.676
26.8537
365.79
373.698
452.936
169.481
460.606
456.835
188.049
331.744
341.809
277.96
23.9822
447.846
336.728
405.049
346.18
11.7008
462.146
185.684
459.814
334.28
234.701
451.338
321.476
10.26
445.429
383.415
8.16834
303.161
441.708
175.48
4.21945
409.813
335.396
92.6271
225.531
303.699
6.50553
11.4289
441.25
232.688
460.198
383.351
450.741
6.40114
84.5826
449.224
407.356
228.326
422.392
157.0
377.066
456.194
414.89
454.973
90.7511
64.4461
26.6155
221.73
352.195
342.81
333.438
459.429
169.265
262.652
446.272
452.727
6.74543
197.732
271.541
59.605
155.272
457.636
373.977
411.632
188.296
439.378
421.696
110.36
461.109
5.50012
315.443
446.743
224.769
72.31
130.126
321.77
307.517
240.206
129.265
456.198
404.734
384.139
227.834
257.425
326.015
374.454
311.017
7.58618
432.401
258.393
160.458
199.09
175.399
454.577
92.1522
445.813
1.4778
268.749
449.594
11.0742
284.767
252.545
293.602
2.0562
229.09
189.296
356.636
319.175
8.62686
197.653
130.229
12.5799
388.056
171.906
191.822
451.183
305.61
302.486
130.653
11.4643
444.694
461.572
246.14
95.4541
445.65
340.341
187.326
50.5398
296.5
413.969
460.005
399.662
291.978
232.972
418.492
205.283
147.765
172.357
306.517
339.153
348.694
10.3565
459.702
403.318
308.239
234.078
125.689
8.04968
279.711
304.431
429.288
92.1512
324.304
352.657
280.4
447.661
11.514
18.8345
206.425
320.955
83.9515
461.639
14.3592
232.47
129.613
73.4699
417.947
83.2751
289.431
352.236
438.81
396.555
409.281
347.871
273.794
186.06
72.5413
206.442
3.34433
282.826
165.186
114.067
127.718
323.555
72.7503
164.989
83.2359
371.697
196.62
423.404
311.704
14.8284
461.422
319.786
275.552
411.906
305.373
234.284
269.168
3.18521
160.143
246.329
360.816
248.096
275.776
349.825
107.743
452.387
98.1155
302.203
160.141
7.88163
232.252
337.683
383.636
461.496
445.796
282.848
137.186
450.842
8.13757
267.302
452.071
337.859
79.2888
446.784
228.244
214.968
46.1549
393.75
232.535
448.907
298.098
459.48
296.924
71.4909
356.053
98.3062
367.711
92.9642
320.941
312.582
243.511
162.357
345.016
103.471
187.646
443.014
249.337
372.664
327.313
340.335
9.01496
412.911
257.363
377.278
1.72259
383.709
9.25664
15.0537
278.555
368.95
98.2504
159.307
287.16
3.64491
380.497
7.36418
460.862
276.833
60.0884
16.6748
336.886
447.635
303.645
161.955
15.9197
374.855
455.193
69.3201
96.0747
79.9029
0.944519
422.329
456.683
314.552
398.82
227.707
129.509
308.365
77.2142
301.746
77.2716
132.518
239.017
435.786
27.3365
424.236
447.279
451.663
278.282
155.508
267.482
105.44
196.649
10.9192
1.79638
322.903
445.388
419.211
1.63214
186.153
4.65785
451.089
461.219
171.399
322.493
93.3585
10.2427
78.3349
224.723
7.43927
177.902
1.52086
455.699
1.4264
134.068
309.036
6.96642
398.804
3.90476
313.946
364.709
10.5083
317.562
249.407
75.6722
422.107
456.791
232.611
452.32
455.356
456.062
289.603
277.502
240.513
313.461
298.599
151.354
347.006
250.663
15.4184
159.434
452.786
454.372
232.181
260.309
457.938
6.70333
89.7791
216.942
448.2
17.5107
450.923
60.086
442.272
454.551
35.1379
410.763
257.092
149.117
35.339
289.334
3.52441
41.0582
450.007
249.19
349.78
452.763
96.9053
366.537
366.321
198.115
432.283
453.893
2.46607
251.23
312.751
394.213
458.096
2.2588
291.394
233.056
23.4524
377.045
376.364
445.362
337.431
459.153
417.093
411.467
291.435
326.929
124.329
393.797
449.264
8.31619
232.722
232.128
229.067
157.122
137.081
233.303
450.102
315.403
445.884
457.786
100.278
353.819
452.099
312.392
4.847
199.332
203.599
75.7381
7.10694
6.13486
130.183
105.924
460.271
397.98
328.374
131.048
89.9239
377.668
371.331
259.848
450.99
169.447
297.261
373.703
449.296
459.113
34.4792
340.755
233.827
453.483
17.2843
254.865
20.8386
201.804
222.012
378.975
52.7751
7.96232
7.63318
350.282
330.417
383.491
446.969
395.553
173.837
187.144
439.063
367.152
356.055
386.481
367.104
218.556
249.666
403.747
31.3658
274.908
232.506
167.551
460.408
277.007
236.388
81.7988
212.96
454.657
247.152
350.638
117.658
390.09
110.025
305.144
177.967
450.197
271.6
421.428
104.661
198.751
231.982
292.543
153.195
136.827
145.124
399.266
417.312
167.124
450.554
12.4484
420.352
3.29434
227.929
452.379
412.568
11.0223
73.2887
89.6548
360.496
406.916
460.32
111.999
407.901
421.724
232.097
427.116
125.994
181.832
92.7847
386.41
42.6581
217.065
89.7868
278.944
445.276
459.594
9.85516
298.298
15.0928
409.835
37.2312
241.641
191.673
312.779
448.412
92.2834
441.113
308.173
124.066
448.292
327.054
371.472
176.049
190.972
410.926
138.05
431.912
45.0417
331.41
453.393
57.298
8.43394
311.708
232.605
278.966
147.018
102.89
233.022
462.332
9.0126
345.399
452.653
235.045
441.971
28.1132
233.144
-1.57497
280.348
341.266
141.031
12.0085
315.57
276.265
107.716
156.278
130.348
357.817
391.701
233.331
323.753
448.802
170.589
92.1588
177.218
435.756
96.5599
21.2039
458.445
3.09748
162.959
21.0599
8.52355
223.859
106.351
41.3096
459.401
315.341
2.76136
354.429
99.852
116.462
339.806
445.647
338.094
82.8602
331.497
42.8579
232.587
6.43235
324.991
222.921
342.82
397.5
237.309
284.455
217.439
423.846
232.44
451.342
125.409
447.553
454.442
355.223
165.431
39.1466
442.551
453.665
372.237
226.177
162.709
339.219
344.31
248.14
341.536
305.863
1.76734
240.715
22.2937
448.447
87.7872
368.508
460.204
399.081
11.6656
244.712
455.552
134.548
453.739
127.141
403.342
370.783
458.871
123.311
414.025
252.876
2.12181
169.705
369.619
445.959
447.855
455.684
130.228
5.5801
12.7332
395.836
3.59086
419.577
6.58752
177.618
304.642
11.4073
293.574
453.325
75.1076
450.748
372.474
262.455
318.229
186.993
155.494
222.962
185.638
9.65752
405.48
200.674
145.803
299.852
306.973
453.59
18.149
0.970618
13.9391
4.11128
281.487
221.966
220.306
63.0086
232.491
367.809
385.964
404.239
6.16215
107.333
87.3028
250.287
349.042
6.82641
58.6427
16.9978
343.663
215.228
272.256
236.612
329.265
337.045
300.297
33.9617
288.121
458.867
6.73243
277.816
241.96
9.57781
8.5793
449.37
156.168
431.825
304.306
15.8779
122.009
449.64
149.084
32.9356
454.466
378.516
427.723
2.51286
346.579
461.438
304.929
265.278
1.37974
381.899
286.164
430.54
451.642
445.522
173.859
0.312732
444.829
448.457
232.836
232.847
320.555
374.513
453.709
420.522
196.134
227.882
340.483
404.185
456.592
232.638
282.968
291.186
172.747
376.021
456.708
49.4631
157.151
15.7445
452.691
173.116
122.071
226.361
393.586
199.756
140.424
22.1184
119.75
356.564
9.93387
292.284
43.744
288.375
294.24
429.784
119.15
6.844
1.12331
182.871
190.939
177.99
221.377
62.3449
453.96
0.986454
0.837768
13.8877
70.0357
12.0881
89.3961
31.3131
378.566
386.638
333.774
380.979
296.893
368.586
91.5691
15.3086
0.89565
12.3768
360.457
311.711
232.414
322.293
88.9456
231.955
64.5024
351.462
460.119
415.944
414.827
139.633
441.784
46.5342
0.866161
40.5178
143.675
444.085
9.18908
453.359
448.576
4.13091
9.20664
184.151
311.769
230.626
38.5201
208.834
351.077
191.885
455.867
377.442
42.0203
458.986
159.741
456.101
346.345
309.047
457.073
317.293
311.51
28.2662
163.723
75.7577
461.482
226.309
284.869
459.497
257.018
455.403
461.261
180.121
451.322
452.401
328.435
459.676
461.437
253.432
353.861
390.395
360.575
160.263
28.1085
9.00942
261.057
54.5945
214.131
445.0
13.5062
9.97207
48.2652
276.151
232.16
100.148
341.148
247.563
357.374
0.898438
313.852
96.3381
84.5746
56.8942
182.478
452.205
11.249
29.3267
446.86
42.4067
334.38
341.689
186.319
447.623
29.9579
5.49148
455.336
219.839
457.429
330.908
461.94
432.586
10.9461
231.837
239.553
375.299
234.041
242.118
287.631
10.1993
190.959
456.097
18.7846
134.095
9.98015
416.35
22.383
21.2951
453.986
173.471
400.093
309.87
8.94707
160.772
241.401
398.055
404.589
283.835
125.76
201.579
133.967
222.371
80.6389
456.453
313.305
155.214
5.6914
283.335
16.1104
338.775
443.146
460.993
236.237
242.095
251.089
457.993
62.053
2.69484
36.412
403.079
79.2883
256.267
18.2009
136.977
78.5549
326.551
5.22811
137.854
13.6202
284.596
368.401
14.1055
446.695
9.5003
13.9981
419.038
448.903
62.6063
383.993
35.646
434.011
453.706
81.358
378.464
234.407
229.168
12.0908
292.351
172.652
382.532
457.741
451.68
324.904
402.592
455.329
445.001
413.823
281.968
260.356
223.654
9.34493
3.6006
441.56
451.05
450.294
53.4118
247.329
203.186
16.4782
1.62803
419.025
21.3234
305.285
125.642
14.7246
255.891
349.043
450.44
232.96
67.8978
256.392
453.04
378.527
5.43155
349.714
1.09489
83.1257
118.961
3.41839
311.177
441.532
446.253
119.146
312.654
422.733
451.326
231.651
401.391
142.313
460.545
339.792
385.947
416.921
417.993
64.4763
154.111
352.205
316.644
242.539
245.186
311.905
9.77433
179.973
419.001
13.1144
457.773
3.09899
334.424
12.6739
233.572
168.685
9.36328
447.398
429.965
428.003
353.321
162.056
4.87244
244.374
453.939
86.9248
383.547
447.711
452.731
19.8529
455.046
290.078
120.593
169.116
451.801
143.875
231.962
318.898
242.3
10.3856
270.368
447.203
60.5295
284.524
242.166
455.155
459.821
461.867
445.08
448.584
43.1486
278.323
322.766
397.117
433.245
428.47
36.9302
8.33401
452.701
172.762
30.2495
127.236
446.475
1.67093
24.3775
55.1466
79.5298
277.187
16.0101
90.4739
361.572
445.042
336.142
213.13
462.034
7.49983
420.711
37.9448
14.8528
459.832
410.957
344.828
171.708
457.715
280.813
232.573
434.375
446.755
445.475
108.285
61.6049
412.559
310.38
87.1378
355.853
108.178
344.998
416.792
457.337
247.157
252.369
359.185
346.574
399.141
223.127
448.753
397.308
232.161
34.3011
388.278
13.2523
36.59
75.3645
461.209
460.484
233.09
447.829
265.497
80.8536
36.2611
457.408
23.9799
450.946
220.041
458.016
232.216
447.082
377.94
13.8753
423.343
163.718
310.022
458.755
46.26
98.2505
456.886
279.246
341.73
13.9308
79.8194
279.123
405.054
232.536
176.857
196.503
268.681
392.821
338.284
130.922
143.541
217.995
227.643
9.06988
438.175
294.321
460.601
379.297
451.837
134.56
132.17
232.756
444.81
24.6482
82.4116
418.755
187.959
302.753
163.916
277.945
5.93473
344.284
176.864
0.863643
-0.702519
282.827
71.4141
255.047
6.77596
344.012
62.5284
315.521
419.84
321.686
11.0512
462.456
450.629
128.197
249.584
294.31
168.795
238.881
18.2992
227.154
227.255
9.24332
210.023
352.314
15.6555
16.564
408.188
305.771
340.252
5.46797
422.555
436.103
1.62024
279.209
435.604
51.8557
169.219
276.236
220.71
394.737
254.064
75.6569
87.6709
9.95097
402.069
269.43
229.601
446.037
367.817
121.71
455.278
407.514
266.236
456.088
108.04
453.103
443.373
449.094
254.735
4.9412
3.82949
352.532
12.0304
351.028
345.604
54.7252
448.307
452.95
448.269
448.053
405.856
446.25
174.684
275.906
229.151
283.839
248.32
280.516
277.966
444.397
390.889
260.901
295.127
256.481
97.5954
348.209
256.769
343.366
451.897
350.85
309.322
387.601
196.435
14.2499
107.45
16.0815
371.381
368.598
455.674
110.721
461.41
353.507
307.156
226.835
230.177
209.793
395.858
192.175
446.776
264.492
126.751
409.857
23.2665
16.0739
90.5841
348.069
223.832
128.063
299.509
450.698
56.6208
66.9452
305.297
250.703
222.76
274.179
211.038
455.464
0.994897
216.396
448.033
188.256
230.043
17.7294
105.14
249.843
432.579
425.751
272.836
325.743
165.563
87.7012
307.865
368.542
14.2561
334.313
350.056
316.772
228.058
256.304
300.264
337.704
344.826
109.656
232.536
220.022
6.51499
120.953
457.592
89.4271
455.169
320.893
447.383
446.426
398.119
306.489
461.009
147.774
436.974
368.251
299.339
456.01
17.8987
241.831
322.493
232.779
5.91232
28.3138
435.543
340.788
455.478
418.555
7.93853
140.94
255.755
252.955
221.179
4.98269
455.413
238.278
326.515
450.563
36.6607
15.4843
59.5875
232.824
200.149
34.061
339.121
386.225
325.97
7.15399
440.663
431.853
384.827
303.289
15.2256
315.526
448.358
422.928
455.901
9.69812
452.527
335.829
159.792
191.24
211.275
325.619
138.857
455.507
447.547
272.584
275.352
349.706
167.62
413.145
450.344
268.03
117.752
204.533
126.141
12.1147
116.831
337.308
29.225
233.105
458.734
376.792
336.271
329.278
6.07135
11.6103
393.13
12.0696
305.167
311.952
441.677
112.301
231.027
173.536
41.8426
312.198
245.239
445.496
322.355
401.203
140.883
322.778
322.849
404.23
218.805
436.49
375.285
452.282
232.622
3.75741
7.11221
283.648
330.315
442.936
376.797
334.573
339.905
254.506
201.735
84.4706
103.299
455.651
79.4039
279.464
459.083
230.217
121.721
377.904
2.63004
162.853
13.7128
12.1371
225.346
459.526
15.1233
71.4564
144.211
118.034
8.12362
443.192
13.2212
28.2039
414.134
438.84
461.107
246.477
46.672
125.332
112.725
290.152
303.094
442.294
12.4477
16.4275
456.129
449.584
456.609
204.54
287.428
10.6682
408.946
52.7387
218.189
331.519
456.557
330.996
354.79
281.995
185.14
222.494
194.344
422.126
437.98
29.3686
32.113
2.20646
367.926
309.804
377.255
371.867
445.414
0.174616
358.677
264.385
401.013
176.695
242.769
275.635
18.7651
449.572
298.709
318.55
233.172
128.569
451.527
380.118
407.148
369.628
2.64807
417.169
445.263
449.483
181.908
358.332
450.12
126.027
85.6724
442.267
265.636
74.0347
10.0358
352.136
454.87
460.773
9.41121
350.529
260.415
359.585
208.157
445.849
388.585
289.979
259.508
326.707
11.7025
249.937
334.817
456.78
128.252
435.587
454.598
295.54
344.786
301.749
461.294
459.695
88.1043
411.727
205.43
251.139
347.187
0.902064
91.0208
450.365
309.115
447.761
445.892
341.879
186.467
37.5997
317.236
177.062
416.516
256.107
470.897
30.9934
198.722
455.475
445.873
394.039
123.76
460.215
291.958
217.532
450.099
331.184
341.929
414.281
458.677
165.327
361.552
5.52538
444.487
278.109
393.703
432.679
71.4044
455.849
0.518462
182.4
328.405
257.026
225.701
403.392
342.376
453.964
24.3967
457.77
388.096
130.692
63.9482
3.10944
131.901
194.82
461.524
15.3373
375.887
456.33
376.68
241.811
36.2267
237.725
276.072
212.334
207.883
70.6049
229.54
422.267
1.52596
411.356
307.577
265.644
412.593
127.483
46.5253
325.732
20.1375
467.223
221.549
377.371
17.5361
384.129
168.431
63.7563
302.853
460.729
229.077
451.153
290.075
309.152
309.707
13.5403
60.1241
94.6832
54.5445
9.24575
334.424
298.564
439.571
453.502
211.831
237.791
165.914
447.941
80.8909
77.3386
380.811
186.339
354.112
14.4784
214.711
232.557
288.009
14.8561
449.423
449.614
228.158
15.6274
259.746
56.0669
294.233
383.43
26.2308
1.80549
305.39
264.58
118.517
361.518
326.76
355.949
274.354
455.701
329.918
10.5554
365.288
28.1989
95.1571
306.82
313.41
232.387
343.889
4.47729
460.592
349.61
248.609
233.075
264.778
76.461
168.298
444.332
27.6004
9.1666
290.548
441.591
12.1272
172.79
449.635
444.502
218.959
142.827
3.32021
313.609
417.553
180.934
20.6903
447.87
242.676
416.047
460.676
345.724
303.754
115.821
251.743
238.907
457.789
233.078
14.8156
444.617
213.841
228.05
232.335
243.966
295.409
400.996
453.63
342.082
429.134
278.739
255.039
447.234
341.772
448.769
460.971
328.446
447.772
6.01537
294.881
405.428
455.105
243.176
371.635
289.348
446.733
339.628
69.105
202.032
162.738
263.945
9.6515
380.368
84.7822
386.808
164.155
68.4457
17.0351
365.082
455.867
308.193
363.573
432.211
280.237
149.29
146.436
366.959
248.989
110.902
233.049
190.519
178.887
337.113
14.6567
306.351
247.737
141.731
295.479
0.417652
215.257
72.1619
240.296
358.5
281.02
328.231
448.12
245.304
221.931
299.817
11.392
461.316
209.861
414.389
244.917
404.584
60.4312
402.135
396.742
460.989
313.438
126.964
282.781
15.7448
189.747
261.481
368.309
161.095
118.628
391.312
26.0494
396.405
436.857
238.214
188.571
171.148
0.342582
6.26856
455.481
440.523
130.948
135.041
23.8526
392.873
24.5053
221.187
398.005
412.147
449.228
112.057
372.482
232.768
443.633
321.194
444.908
449.271
2.87259
368.971
421.968
411.937
34.7736
408.513
453.72
93.1203
187.347
311.622
263.752
455.061
387.696
451.734
339.082
462.566
296.132
237.488
456.438
3.32166
5.06267
213.701
454.595
259.649
136.616
177.713
158.596
456.6
432.153
219.972
335.544
395.012
257.82
337.591
432.338
437.051
90.4614
448.025
279.28
325.957
283.413
152.897
45.1042
8.29089
237.401
232.941
173.954
359.048
310.545
444.027
432.832
252.528
105.605
46.8797
157.154
442.944
326.018
432.401
19.8255
427.783
251.188
72.1391
223.461
232.369
10.1073
389.071
84.733
85.0909
380.545
454.846
23.6472
355.425
413.229
457.686
353.972
348.678
206.772
233.098
10.8983
343.783
351.266
268.052
435.057
15.229
448.898
443.161
29.7136
345.137
454.287
458.817
325.169
280.594
194.144
398.899
207.242
353.452
167.424
82.503
203.138
4.9582
335.497
223.287
339.702
321.628
123.26
444.302
323.275
386.519
262.135
306.941
107.081
452.123
383.208
432.41
409.594
241.336
308.446
287.629
446.691
461.112
17.9764
454.039
171.403
287.558
341.324
332.067
313.297
444.081
370.377
166.926
408.719
234.518
289.006
277.323
62.0451
253.015
213.99
390.948
232.563
343.954
0.191653
457.104
280.929
232.038
460.897
283.625
430.822
327.041
445.541
199.916
408.345
149.82
271.79
93.7271
240.114
301.225
1.95938
170.367
458.484
162.151
15.8683
425.841
448.799
280.714
252.874
383.149
228.737
358.727
395.326
232.483
15.8159
273.808
57.6782
404.954
278.508
285.804
56.4354
236.294
163.3
74.2432
296.562
184.715
185.99
219.471
375.403
10.9531
285.198
0.921884
447.157
0.834797
446.829
98.0654
377.649
449.301
447.04
390.233
16.808
225.93
32.3956
449.198
390.348
1.14037
441.798
450.325
234.029
435.134
387.365
325.46
390.667
180.184
411.285
130.804
314.889
55.6954
300.77
237.846
99.4027
26.4249
443.481
354.388
364.769
1.04303
448.883
95.6756
50.1041
381.908
150.237
414.077
232.399
320.977
444.626
459.175
73.0302
187.016
448.26
6.30853
341.667
391.238
327.455
387.835
154.926
25.3811
76.3153
69.3341
216.649
227.708
233.778
155.482
301.465
421.653
348.676
399.94
454.351
224.916
206.333
188.481
98.8312
337.128
240.125
246.871
425.706
186.797
351.186
286.883
178.273
445.423
159.653
457.48
25.5868
455.964
336.371
10.4542
441.464
271.114
327.469
445.592
151.643
343.733
173.214
234.39
464.517
325.979
334.264
82.6937
193.941
447.959
9.46351
403.742
219.735
396.551
13.9341
461.643
454.748
176.823
375.805
394.809
447.368
92.6302
196.455
233.433
226.446
46.7151
8.44547
11.956
10.8719
399.332
10.2363
215.373
238.965
391.13
455.756
106.048
296.55
229.227
81.7621
232.374
389.223
4.39716
426.359
232.836
300.992
453.369
254.521
360.227
327.452
119.785
192.514
397.448
185.887
84.4289
340.063
427.5
350.214
85.4425
423.618
7.73286
6.9197
118.999
164.286
350.049
6.52438
444.485
450.445
11.4399
455.117
448.949
248.374
35.2
19.9906
266.441
272.869
448.724
458.768
394.416
315.222
461.108
309.323
103.508
243.486
-0.515928
337.097
342.141
291.647
457.014
381.921
443.491
79.0237
379.323
461.747
69.6632
380.149
286.974
255.31
407.256
28.7543
11.1128
75.0301
427.226
230.396
142.888
322.718
450.887
139.769
232.302
261.322
279.18
8.99195
317.306
442.936
447.015
399.942
9.48593
327.923
354.082
248.259
120.782
187.924
445.429
3.96808
13.9193
5.97788
422.854
120.883
87.7854
301.375
445.618
118.676
437.387
239.931
362.554
257.12
278.571
103.714
360.786
321.297
448.9
382.248
365.842
383.57
158.471
11.7649
67.1751
265.227
392.956
292.448
461.488
379.073
241.726
349.796
186.27
357.856
11.46
451.81
198.946
232.586
152.968
243.149
58.891
72.7102
232.235
450.861
0.841224
456.601
341.46
420.778
449.146
297.855
190.247
321.082
257.773
229.17
391.067
449.559
259.796
421.745
411.077
455.027
167.482
247.981
272.342
453.986
215.632
146.584
250.459
454.809
455.292
234.544
240.106
392.988
124.653
371.041
258.691
440.118
231.96
11.0426
408.48
381.829
48.5329
282.097
454.466
273.926
112.652
85.8009
2.07196
189.017
112.102
367.061
233.241
239.058
100.376
284.829
262.46
201.355
66.3236
369.13
277.908
302.913
299.282
9.80245
209.922
264.992
419.302
326.17
442.36
461.306
264.845
198.91
232.485
460.129
72.2338
167.685
183.485
14.4447
292.528
457.169
352.802
438.906
76.9063
246.153
216.698
293.615
227.715
449.976
446.426
223.475
225.06
302.995
454.598
82.268
6.66069
374.279
329.208
275.621
279.775
14.9716
7.39928
378.301
155.476
97.1725
418.763
444.016
374.743
251.544
453.586
71.3976
11.4744
208.724
8.86331
413.732
385.69
457.496
335.536
11.2917
7.46632
446.035
315.022
53.0477
232.461
236.743
253.356
421.298
70.0721
446.264
304.234
382.104
371.304
448.456
450.165
451.147
387.104
461.682
162.603
353.418
137.305
330.536
298.131
48.3153
68.1892
433.318
8.06484
11.7013
435.248
21.8873
409.064
382.977
97.7039
417.701
203.249
106.283
158.347
346.409
14.649
154.759
184.895
415.207
175.888
459.245
198.52
142.187
434.752
238.699
277.384
193.773
322.352
219.968
332.949
441.028
389.918
158.516
294.008
410.469
155.258
437.676
333.355
289.905
41.7457
12.0666
372.509
34.3444
126.313
196.205
243.786
399.747
122.341
387.792
350.174
120.019
460.28
449.928
2.97702
239.701
297.829
9.25527
448.098
12.6397
346.139
165.988
332.378
354.937
227.839
373.797
292.609
460.718
456.118
211.197
252.568
377.927
455.19
229.516
337.038
222.087
32.01
72.9846
231.736
290.9
310.991
311.34
163.814
232.487
370.147
4.28567
116.266
373.904
119.294
293.975
11.1064
291.181
16.3789
448.773
236.497
104.132
451.65
35.7861
438.957
458.524
280.402
9.64713
348.17
258.332
154.434
9.42966
274.648
237.228
327.197
214.319
452.828
347.043
110.098
156.93
7.97908
195.178
116.868
14.2862
228.886
379.032
375.279
446.087
347.162
335.52
371.536
248.497
87.6407
341.616
15.2677
7.35902
410.817
228.698
137.174
1.35345
431.943
445.6
232.556
50.6525
321.567
194.903
300.399
233.838
82.4073
232.123
1.36081
232.336
416.103
172.774
328.314
404.515
119.348
0.266283
146.293
316.459
212.559
305.022
451.2
205.295
134.587
17.0835
308.416
423.693
322.683
423.325
374.541
389.323
232.69
309.999
233.463
449.988
5.95743
430.768
276.221
15.7871
390.127
320.706
443.654
121.24
10.0188
351.38
134.385
73.0932
458.122
425.004
418.194
58.7598
23.3766
237.514
347.424
24.2974
423.347
231.91
389.843
317.25
404.246
299.98
124.367
329.099
175.545
237.963
251.781
111.363
461.206
386.343
16.6461
299.11
420.685
448.866
444.165
447.696
142.246
232.327
431.866
47.1056
304.814
262.718
435.476
319.856
458.211
78.0036
400.922
76.5928
389.125
105.249
13.1523
112.654
359.507
146.285
319.765
246.543
343.655
312.685
13.8834
243.793
38.1304
372.43
227.736
13.6446
251.781
25.116
106.545
324.77
14.4957
76.9243
389.689
312.141
434.032
432.064
121.41
339.813
400.685
331.496
446.086
440.839
117.454
263.57
246.039
88.7489
241.526
166.727
383.204
444.653
19.509
233.291
313.74
326.67
421.81
318.686
446.83
287.685
19.6574
351.447
298.381
16.2616
277.651
415.316
1.24628
320.371
451.794
159.922
378.52
21.5475
460.65
169.885
196.092
373.089
84.212
300.618
403.056
369.959
456.623
10.5615
131.742
442.47
329.331
232.808
218.698
456.031
95.5574
452.073
57.2525
32.9729
341.641
118.854
183.408
72.3579
439.751
93.3098
362.189
232.938
331.288
185.704
111.426
366.251
284.536
332.33
284.845
156.349
301.545
244.277
6.31768
0.526516
330.83
9.63534
265.826
297.445
376.993
276.115
289.655
431.856
388.487
160.622
192.325
306.129
434.984
231.865
262.708
224.258
434.8
16.9399
306.167
220.574
459.982
319.568
304.702
282.611
0.329069
217.079
197.349
42.5133
35.6155
459.478
53.5325
213.292
128.371
30.1619
436.792
229.337
449.932
8.42937
13.8895
98.1381
215.723
414.503
443.045
340.934
171.018
400.818
9.93861
255.33
318.685
452.793
386.908
5.07867
449.731
265.329
402.692
459.352
348.223
93.3982
444.308
453.112
172.351
304.485
100.606
338.043
92.6933
443.615
40.8982
284.203
6.03902
13.3564
416.123
458.706
269.136
413.491
153.659
11.2763
174.063
278.14
232.396
91.1231
452.195
459.958
202.869
444.328
87.4605
455.523
382.522
1.33241
351.244
276.779
178.434
223.285
62.2317
230.89
457.795
451.118
302.632
9.79838
9.06419
314.534
294.112
318.582
163.644
393.861
3.69132
442.817
445.995
455.955
201.441
449.126
34.8338
175.539
139.181
309.063
221.291
453.575
0.470902
416.148
358.969
118.152
449.151
451.74
64.0335
269.74
41.0816
281.719
0.838703
452.86
15.2517
270.975
78.9291
140.911
372.567
293.036
200.944
171.443
395.271
5.67993
126.911
1.81563
137.022
232.919
451.803
311.014
429.614
185.16
198.99
357.332
400.861
446.584
181.692
3.01762
339.982
220.884
382.537
317.506
90.002
56.0873
440.505
449.007
147.378
233.647
292.71
114.322
332.12
179.027
458.878
111.48
228.525
326.184
449.078
254.054
4.82201
72.734
98.3377
104.632
460.796
446.88
13.6047
368.77
456.864
437.226
312.262
448.561
391.899
311.668
212.107
440.189
232.196
271.084
86.4656
380.699
432.337
270.494
110.043
233.627
402.181
251.244
245.861
384.1
232.539
152.251
276.333
145.649
450.542
448.003
457.143
173.655
0.690621
13.1491
279.906
303.943
2.44001
455.077
449.894
418.514
315.367
409.345
10.5475
352.421
438.981
98.4396
194.139
238.73
217.564
217.651
109.495
394.868
289.839
15.2198
235.154
447.638
0.679744
7.73761
39.2673
332.566
60.8224
393.585
0.573782
461.069
226.518
108.023
455.642
387.121
370.713
386.265
384.535
1.11945
232.933
8.10063
384.184
204.675
442.46
451.251
259.08
251.362
67.4232
355.334
296.923
228.353
457.211
451.007
407.513
461.373
456.417
399.964
3.70052
386.345
446.166
462.164
412.266
292.273
265.702
446.577
352.798
441.124
86.3656
191.541
324.998
99.9778
269.423
250.53
14.4058
99.5581
456.307
350.128
232.282
416.694
437.591
441.37
376.814
378.895
100.971
452.669
374.769
361.527
0.373636
452.444
305.406
245.969
461.77
4.98114
235.13
447.465
5.49235
90.2985
19.8342
336.953
208.26
420.679
12.6199
364.808
272.38
164.809
299.517
2.56844
229.31
391.776
94.2325
361.14
215.535
0.313897
323.318
14.4243
443.377
445.119
96.2922
35.4543
265.22
350.999
365.551
106.999
460.429
299.784
414.559
306.349
451.502
122.923
243.921
371.622
412.419
453.368
325.581
194.154
54.7896
447.653
144.897
1.52644
2.66719
385.537
460.201
9.0984
228.422
332.758
6.89818
301.877
280.37
455.194
322.425
319.989
221.533
31.4461
174.446
358.571
331.698
363.128
98.3377
273.453
350.1
349.602
334.282
443.434
454.64
219.902
352.092
342.25
298.417
278.751
415.431
386.736
5.67962
361.121
238.463
228.119
9.27594
91.1172
185.82
18.8324
156.609
451.492
433.871
11.9993
88.984
435.234
240.218
296.86
367.361
355.389
350.871
8.68536
203.337
201.517
246.244
304.911
454.513
448.767
465.709
16.2357
7.57475
318.022
107.939
458.429
374.417
361.215
342.801
232.708
226.534
444.697
14.7424
415.415
346.016
456.266
350.312
299.77
413.132
448.254
118.994
296.537
323.958
324.391
394.223
387.646
245.477
426.222
333.355
200.781
450.428
16.4141
263.844
213.525
458.534
187.224
178.054
2.44472
395.984
287.823
12.7647
412.251
322.337
313.868
16.7146
47.3204
9.36758
449.484
306.534
460.509
59.399
176.865
232.308
449.833
342.796
0.959624
453.771
301.99
248.417
219.624
68.7348
172.622
91.4759
335.693
416.88
288.386
446.027
297.047
448.5
448.253
396.254
374.057
187.554
252.852
235.31
349.937
371.171
314.137
12.6673
391.714
0.591632
401.187
440.739
296.377
23.3081
231.956
460.094
443.496
309.432
438.998
272.209
276.937
231.825
328.987
344.852
253.454
72.7295
232.801
108.287
317.566
35.941
327.786
388.549
144.879
8.86014
88.3523
132.973
356.634
453.418
232.337
305.138
360.32
268.881
256.764
202.252
323.212
261.844
303.551
272.569
232.413
444.548
399.765
452.161
13.327
342.227
385.924
450.012
37.5556
352.362
426.163
51.5156
-1.94033
348.315
264.053
280.113
187.412
368.38
308.031
209.024
59.2459
189.651
350.867
13.2816
371.409
7.99882
38.6361
6.97509
425.503
325.65
233.451
8.59788
325.951
283.901
448.585
458.261
124.481
452.182
450.957
461.439
424.679
448.454
125.244
254.989
460.276
332.678
41.2362
247.124
458.553
193.064
6.94288
318.659
231.71
170.619
239.872
268.255
322.195
284.808
276.9
326.685
233.06
124.573
304.59
280.527
372.219
296.165
72.5425
174.82
155.572
238.141
232.181
452.32
232.958
7.84249
344.923
15.1606
160.112
269.359
337.828
68.5392
11.3904
110.116
446.16
450.306
283.989
215.147
232.442
128.237
402.254
217.131
331.796
204.04
148.82
231.804
433.048
166.905
21.5962
218.497
12.7802
138.449
51.381
174.663
133.535
257.415
219.264
411.535
233.87
1.04447
232.823
346.608
275.941
368.688
401.17
45.1251
13.3723
446.561
403.342
244.616
8.83147
231.784
398.509
379.938
460.727
447.388
235.576
252.679
210.994
454.042
183.757
324.185
46.9766
95.5903
458.873
374.694
413.094
448.732
408.989
246.112
400.244
59.5617
397.595
350.202
273.017
173.616
227.989
259.147
292.798
314.175
383.4
452.916
459.932
1.64878
326.552
135.307
329.696
129.598
399.845
377.811
307.649
461.395
404.147
202.049
3.26201
314.952
63.1664
100.179
2.8695
365.363
451.867
110.949
-4.88194
5.22495
266.355
165.101
203.302
451.608
448.289
11.1651
36.3539
307.312
394.19
168.767
105.879
194.985
362.56
374.581
456.908
442.079
372.936
365.376
320.189
277.249
90.9429
334.596
445.047
330.908
9.82892
448.533
415.314
342.11
269.672
20.0371
251.963
444.988
232.383
459.468
461.933
461.717
19.4471
397.802
11.009
110.555
393.697
378.48
156.423
227.3
274.208
459.961
192.754
457.552
389.462
391.505
294.626
455.641
348.983
458.713
285.001
258.418
247.349
59.8184
448.859
268.931
443.813
446.811
448.57
9.4305
233.619
267.497
232.59
364.631
209.134
123.25
364.693
349.354
365.369
353.347
439.406
234.03
315.339
451.173
315.179
0.558619
371.057
230.306
349.478
102.308
325.268
460.833
460.198
459.189
297.589
263.781
151.842
428.585
16.8349
3.75544
353.967
431.519
360.842
99.814
325.962
342.649
447.164
400.035
444.763
90.8647
147.209
1.36823
450.2
310.164
125.634
97.5983
271.093
349.796
319.068
439.231
451.117
22.8519
20.6255
350.867
380.217
232.816
301.655
403.768
267.863
449.909
213.481
231.824
164.791
0.985661
11.0113
403.005
448.105
79.4286
438.86
1.9621
18.76
427.644
327.585
384.92
125.285
160.253
240.885
6.77671
277.822
461.616
354.368
135.15
107.766
352.475
376.991
59.7609
392.51
273.661
272.803
274.746
265.986
9.03657
31.9721
446.129
281.205
286.35
365.704
6.03089
211.218
454.714
447.415
70.5047
455.534
455.623
360.899
232.483
246.295
448.263
448.875
11.7915
454.002
72.3585
379.106
388.371
384.414
37.8661
232.328
27.8336
103.068
458.559
53.6564
151.074
77.4374
442.672
137.604
112.84
272.692
210.394
386.856
126.706
387.348
460.699
10.7845
348.622
429.635
264.442
451.482
236.942
50.6146
453.405
122.585
181.556
442.821
91.5553
355.179
352.311
459.852
446.479
180.558
288.056
459.655
255.264
287.846
323.308
166.699
15.7319
234.683
412.311
265.069
405.546
115.816
85.376
291.506
44.8106
306.962
324.554
247.061
276.624
406.362
434.82
136.691
186.969
328.948
237.839
232.473
228.899
394.096
10.1153
247.383
231.927
391.107
18.5057
365.945
48.2353
317.78
259.51
113.254
448.589
391.181
5.35511
246.092
443.507
272.192
203.961
127.847
350.137
308.235
319.526
384.343
34.8304
314.454
6.65625
233.163
6.08204
173.856
205.327
410.597
407.641
393.95
174.956
72.5286
5.84359
216.549
289.727
399.044
452.415
277.613
329.77
29.0328
232.665
449.518
79.3463
422.507
388.135
250.402
458.597
288.464
165.742
344.214
35.6822
410.899
221.6
15.8546
1.44999
420.592
16.6516
461.394
456.293
7.72595
259.508
391.023
235.991
238.031
453.296
1.36323
7.82865
319.547
279.242
50.7652
377.636
131.585
331.44
121.781
12.3826
8.05455
278.248
287.695
5.18713
245.052
140.895
6.24545
233.37
138.286
323.462
446.77
444.527
152.245
9.82668
452.258
263.95
451.115
87.6289
15.2154
448.808
375.515
306.909
146.715
461.631
15.1462
409.732
230.031
451.826
390.331
154.452
11.8883
114.006
57.9515
452.906
398.294
345.984
323.975
179.849
378.916
444.197
104.372
398.972
423.824
449.191
429.376
10.532
123.037
245.955
141.89
174.828
339.031
447.968
147.897
345.177
126.781
232.975
343.444
61.48
258.666
10.1591
455.872
340.723
416.486
151.779
143.503
322.035
344.467
13.3069
222.792
93.072
253.892
39.4777
414.789
183.569
235.75
257.199
59.4559
14.0999
228.017
452.052
334.376
234.513
453.77
350.818
417.921
450.81
232.583
208.154
357.504
301.151
177.49
8.26427
20.3474
68.957
342.381
322.757
255.91
456.775
339.116
244.483
265.543
232.533
451.498
271.232
305.992
454.754
241.35
207.541
233.112
229.428
444.918
230.005
158.517
447.786
451.011
291.999
112.421
454.92
357.221
232.566
232.092
179.949
363.22
289.07
328.853
425.872
66.9984
216.605
6.91416
289.827
45.9523
57.3132
453.255
140.851
232.343
386.76
449.999
298.811
413.251
81.1375
295.939
369.31
460.958
372.837
15.1482
247.462
221.84
178.858
448.381
460.08
462.509
356.177
405.799
227.94
3.07739
384.949
459.33
328.871
19.6648
226.822
455.432
190.493
389.617
213.072
444.879
110.18
251.655
3.19616
171.729
0.880735
390.128
224.712
5.80099
382.556
433.949
431.254
232.496
445.379
447.443
195.926
343.909
101.756
425.339
357.01
277.058
0.656445
223.969
9.51368
453.29
84.9395
423.712
378.252
409.289
276.043
277.944
395.001
267.996
306.33
131.877
47.1083
198.159
382.562
30.1785
170.616
111.495
305.42
233.002
398.328
446.923
380.297
87.3707
319.173
272.526
5.28843
189.066
214.662
323.217
318.013
342.689
162.795
361.912
11.9874
140.151
351.305
93.7103
-20.8994
151.817
212.956
291.864
389.027
461.145
457.945
311.144
44.4623
216.123
7.47331
391.31
13.5498
214.267
71.0736
454.565
431.683
409.623
446.651
291.135
259.202
223.897
144.85
319.639
419.882
232.46
234.112
269.138
44.4259
311.231
270.598
0.725572
322.198
343.731
10.1448
185.76
7.63188
353.457
97.8238
371.65
269.994
176.507
444.312
451.898
287.683
277.551
10.6158
453.438
233.165
230.38
283.118
388.246
355.126
262.046
12.4589
1.1134
312.858
66.7752
165.307
455.348
316.252
310.743
457.23
433.854
101.658
145.024
386.44
143.171
285.648
458.032
349.931
1.99028
11.8338
81.5343
416.653
354.472
113.953
419.972
89.0643
262.584
291.872
96.6618
324.288
120.826
198.158
196.535
16.1164
287.146
383.018
222.76
235.888
320.912
292.972
380.504
-0.61037
289.745
420.552
183.222
291.477
313.739
461.569
191.589
343.275
113.753
16.0464
449.718
393.929
1.18764
14.3387
77.829
267.607
369.558
449.511
428.935
377.204
372.255
79.2499
241.979
441.235
340.774
284.52
337.194
339.461
51.7808
431.448
312.434
185.067
255.191
12.1929
94.7951
233.989
315.848
213.462
335.951
455.986
450.194
394.012
101.564
333.85
225.994
272.769
152.135
409.245
153.371
23.4679
160.972
292.545
54.6065
312.969
355.283
197.167
149.918
459.043
3.90236
436.579
10.8243
450.774
325.12
393.171
172.88
223.591
452.643
288.692
444.953
44.2027
371.451
424.455
368.372
336.947
405.247
177.353
387.786
450.772
314.684
183.473
276.15
334.753
187.117
432.548
21.4097
150.065
433.339
74.6282
165.873
355.799
450.564
233.478
237.885
279.304
38.6825
7.63397
199.662
332.968
450.965
364.449
279.012
120.006
232.324
353.74
282.203
369.234
257.393
444.616
211.595
308.439
243.223
378.809
175.974
8.21862
450.597
101.26
2.74314
234.178
232.911
133.301
232.474
438.66
400.243
428.242
422.927
114.408
71.6721
452.55
460.805
354.281
459.701
301.59
231.837
318.21
61.7448
13.9064
448.211
232.538
146.274
175.657
461.23
453.65
123.414
199.606
444.811
0.828022
130.616
119.112
166.176
328.32
9.62361
451.593
456.453
128.677
4.7895
150.087
454.689
243.371
18.8654
403.449
148.692
332.681
372.813
232.895
321.535
445.253
335.195
460.061
138.463
29.8531
34.4981
353.641
46.2032
232.479
356.626
30.9534
165.937
455.996
423.518
447.278
386.747
283.062
170.649
461.212
10.5959
382.244
216.598
337.924
142.638
278.958
273.389
16.1916
257.971
462.296
455.904
11.1906
37.9248
230.367
279.808
287.878
432.068
143.726
0.405078
232.116
400.315
267.414
233.081
227.623
325.089
449.425
387.401
283.885
138.556
314.86
232.551
443.162
364.462
95.1895
345.395
392.274
177.114
451.283
338.151
397.114
163.763
246.212
49.9576
232.468
20.7916
252.767
264.958
19.217
250.988
99.2299
16.1212
271.664
337.925
381.955
329.612
23.8968
203.281
36.0569
294.927
418.698
8.94412
371.783
444.982
224.159
372.791
406.21
209.868
211.99
458.022
453.888
442.907
278.552
14.6706
232.317
461.082
396.596
422.497
401.164
2.88814
220.117
271.235
71.0808
321.296
16.3591
296.691
88.6147
10.1022
225.682
345.83
261.579
330.697
276.128
232.34
345.904
446.667
244.078
269.859
358.661
371.763
394.748
286.448
273.616
428.672
12.4424
316.106
345.696
416.758
412.034
188.885
8.74684
155.523
452.968
440.363
201.178
92.3943
364.124
218.009
96.5906
348.744
136.981
446.944
283.524
117.394
456.155
351.64
228.831
444.757
213.731
446.812
19.8967
364.967
428.409
9.12896
232.725
38.1739
451.027
334.236
155.133
232.532
276.338
55.2128
458.532
183.748
9.38375
16.7165
16.262
222.835
306.379
186.235
311.184
132.359
351.214
48.7834
362.758
185.829
452.037
181.42
275.116
211.984
397.051
371.053
345.707
232.357
197.139
387.824
266.439
346.349
371.709
63.9127
78.2784
124.868
130.833
271.423
456.067
226.99
340.742
432.946
196.958
66.3582
219.286
199.741
432.689
13.2962
1.90112
161.949
233.53
458.013
1.08857
249.588
285.712
460.466
12.4243
417.721
164.997
450.353
444.605
6.60689
408.057
149.243
360.533
189.437
195.242
115.067
12.9597
298.736
390.243
388.732
272.735
345.351
50.4304
294.377
233.096
294.704
232.068
445.036
248.576
258.786
272.376
361.227
290.205
335.005
130.726
377.892
451.496
275.355
67.8641
250.974
11.3949
97.7372
456.024
271.863
268.677
301.555
460.193
265.526
305.751
302.655
456.172
399.415
242.527
17.313
232.153
114.168
395.913
99.2113
263.227
9.62081
20.9341
6.89764
285.87
451.692
130.821
4.79554
222.501
393.591
17.9555
163.985
379.695
453.271
141.428
461.371
382.308
235.546
376.439
455.771
1.04815
445.975
434.634
455.548
375.201
358.814
157.736
211.72
461.195
277.706
6.53332
192.783
441.287
405.004
122.764
1.21836
459.337
211.104
299.092
302.178
330.258
2.04806
319.718
280.291
436.953
241.077
286.936
363.735
454.634
8.42106
446.153
8.90089
336.097
301.934
454.969
339.258
367.793
210.439
43.3271
286.015
57.5204
67.7176
135.858
1.70775
260.095
413.289
16.3422
431.851
392.825
259.53
340.919
73.0127
446.525
318.112
299.502
449.38
227.491
12.083
388.69
448.711
454.595
430.433
316.634
9.38579
448.411
404.592
410.304
20.1768
411.316
74.307
455.678
438.71
287.823
404.334
357.687
438.583
425.87
286.71
327.128
449.922
455.182
447.138
233.336
333.412
379.237
441.844
48.1599
292.005
318.345
264.379
300.258
328.529
342.178
114.673
193.98
270.719
75.5027
390.82
447.402
9.09213
451.767
250.806
440.343
139.134
185.227
252.209
455.049
459.103
441.443
404.637
424.879
461.017
141.874
94.6763
226.253
314.485
355.653
177.232
454.385
421.216
112.819
451.41
270.127
322.891
222.886
407.781
163.874
400.985
204.535
253.187
449.161
367.842
237.814
447.786
102.878
362.154
196.358
222.142
366.567
138.444
262.645
3.45962
385.332
88.2019
359.509
125.924
37.977
15.6004
330.753
440.526
172.144
12.1588
106.545
382.538
233.552
445.461
453.151
2.96659
308.661
222.115
394.37
149.638
395.978
97.1855
213.132
123.025
171.131
97.9114
398.559
375.724
342.558
158.956
438.469
16.5497
250.058
126.418
386.262
150.884
123.788
62.2433
15.6787
49.7465
254.391
305.517
373.141
381.501
453.505
316.613
207.915
75.1633
13.2463
196.894
5.29491
296.622
173.89
66.1269
42.9754
178.601
168.79
179.068
232.441
326.465
254.296
130.084
14.323
242.083
209.164
219.841
421.016
357.0
459.629
301.367
66.2332
284.567
109.912
365.816
425.59
174.97
405.815
118.207
390.167
219.773
214.114
114.944
461.425
192.683
162.103
459.846
1.04687
64.2812
87.9435
390.784
49.0736
40.5482
6.34197
209.447
311.415
460.525
317.272
357.995
241.662
125.972
21.2688
17.1926
12.9226
282.048
456.895
24.3363
169.536
268.552
97.3011
135.961
1.10568
30.0175
78.5842
448.79
430.112
354.713
314.584
12.3696
75.4607
455.405
379.544
266.414
313.273
267.223
307.672
444.319
2.49407
380.56
104.624
444.133
299.951
148.684
303.564
458.044
1.46939
44.1453
457.748
185.416
455.306
391.441
408.168
296.526
438.317
1.78169
305.974
448.449
159.421
448.519
235.339
454.964
90.1737
140.785
338.682
271.016
317.303
417.614
17.593
457.481
272.179
398.998
459.166
297.596
445.845
291.066
447.231
422.736
190.966
417.815
288.781
451.985
412.349
280.091
140.543
415.074
457.282
10.4874
346.499
204.565
451.489
450.4
217.014
153.032
367.148
460.957
453.934
13.0859
61.9467
239.326
342.982
221.036
175.523
305.612
239.723
379.624
458.606
84.7943
457.243
460.775
288.21
318.365
8.66932
439.906
115.881
14.6825
457.144
236.686
283.234
282.944
105.28
286.805
10.1387
120.017
448.77
10.3341
283.731
261.977
223.78
299.899
212.369
460.662
287.439
291.486
228.201
345.443
448.376
227.008
155.726
442.126
8.39816
334.319
394.705
426.13
313.808
287.049
205.573
307.882
301.329
23.5714
446.42
256.79
445.718
333.797
40.704
250.143
13.81
329.688
437.717
397.153
277.941
329.487
312.847
62.1137
454.105
97.1384
291.858
452.707
443.837
329.846
100.068
460.559
277.033
441.055
269.697
29.6484
367.44
0.543206
378.127
9.25937
246.45
280.628
414.405
455.305
11.5739
198.764
303.705
459.125
235.075
33.1381
458.22
249.66
342.85
104.081
52.2845
446.229
229.642
251.003
320.905
168.437
149.901
235.271
347.458
322.23
14.6729
293.447
420.875
49.2427
228.533
254.797
106.398
241.947
461.494
40.1507
339.879
240.8
439.295
18.1867
387.874
85.6427
416.497
175.146
442.804
230.167
437.678
88.9044
456.785
448.368
378.325
315.609
449.467
5.44015
237.796
91.9886
281.425
312.257
450.606
424.724
15.2746
15.8237
67.6483
305.547
451.41
211.875
426.494
253.298
132.397
292.717
376.518
291.041
458.126
316.459
7.53899
341.398
271.888
256.494
59.3671
461.056
214.602
71.9129
173.913
253.233
233.038
296.772
232.071
67.5781
433.173
125.82
12.3293
378.698
271.196
353.311
452.258
456.99
251.012
162.811
373.879
3.10852
377.612
197.007
268.942
295.821
456.657
320.164
-21.7143
91.8765
375.924
432.173
363.669
267.735
78.3195
379.656
456.817
461.606
172.772
340.242
15.1201
417.272
362.492
232.521
22.9938
461.455
444.052
460.164
90.6579
148.769
336.806
271.574
170.853
315.54
109.972
182.397
161.265
205.232
443.661
179.066
164.204
17.3906
232.435
1.04732
247.826
139.805
388.334
210.405
202.414
339.004
232.285
284.634
4.13401
326.016
23.109
15.4702
0.417256
382.904
459.224
7.06897
456.075
450.095
101.262
-0.571344
463.78
380.415
280.95
88.0114
148.991
134.611
449.22
232.871
405.021
450.082
236.191
257.08
149.13
367.016
280.798
16.7041
365.922
326.475
458.052
6.20134
452.728
9.53336
122.411
8.21408
438.294
308.043
441.174
4.10115
340.289
445.208
246.779
266.506
460.657
451.561
174.206
324.221
210.107
433.094
450.611
40.1633
292.907
75.7921
227.375
374.464
172.582
333.929
197.145
129.584
456.034
222.613
193.774
362.799
444.852
144.827
72.8197
10.438
332.265
46.4742
133.189
457.384
240.403
286.944
372.591
257.047
329.483
458.002
227.644
319.179
447.79
205.064
0.0847111
62.088
350.318
43.15
307.253
96.2872
8.37871
177.794
80.5175
137.982
34.5231
46.6301
41.2947
331.085
312.337
245.122
189.86
398.021
394.689
8.26769
443.455
296.742
373.905
257.025
461.889
14.8534
371.268
313.073
449.596
169.814
185.412
382.93
239.705
305.776
428.079
204.876
224.039
398.63
109.755
449.47
215.074
15.0228
266.92
139.745
252.742
221.156
455.709
289.706
277.526
449.305
444.585
167.473
244.273
403.772
254.419
188.761
229.945
117.604
130.071
15.4786
373.793
318.834
441.033
113.52
232.362
326.789
324.028
448.245
62.7912
452.944
145.723
246.501
352.192
361.611
79.9895
419.519
377.377
350.803
64.1269
300.826
397.528
327.48
404.89
408.596
37.2793
8.39871
1.0193
448.021
454.172
38.7542
447.256
450.532
109.99
447.565
248.645
31.9188
359.649
358.996
452.118
370.575
129.93
370.79
132.933
15.5224
254.062
171.089
270.408
327.857
399.299
33.7861
39.3395
260.832
454.942
418.856
445.074
316.917
445.684
15.8868
195.644
13.1724
322.185
325.429
107.288
10.4304
125.688
28.4835
169.987
42.023
183.264
261.338
345.539
331.201
441.097
7.30918
125.464
1.15038
401.649
267.039
240.306
405.991
461.399
261.051
172.792
88.7087
54.8867
450.925
256.404
342.109
252.963
12.9869
233.108
382.491
128.103
255.765
232.053
304.998
254.225
372.866
260.815
296.887
102.838
302.14
227.931
12.7827
231.989
232.087
231.931
447.859
454.973
419.338
90.836
375.894
356.244
246.248
60.6808
8.14929
331.989
184.447
272.091
278.441
452.658
344.647
450.977
336.244
16.1364
309.689
181.007
133.545
93.7503
269.06
360.738
4.11374
16.2206
440.7
241.871
219.204
9.37877
458.135
89.6941
154.241
176.813
424.517
443.218
272.0
322.86
74.2265
10.3957
13.5954
9.22635
444.321
232.86
449.794
413.234
98.8895
219.468
147.635
363.787
273.79
390.159
303.12
92.5653
9.52243
433.823
448.011
128.669
146.544
0.546896
92.2333
425.743
104.035
9.98676
455.492
443.855
146.007
347.243
349.032
443.054
173.744
454.927
8.30044
3.97628
414.68
449.358
296.706
307.987
350.211
232.811
449.451
33.9857
324.247
127.139
85.4363
351.406
290.444
83.1613
26.0096
448.198
455.64
14.4848
309.247
192.106
407.794
130.567
391.382
453.862
189.744
10.2987
345.045
364.624
450.49
369.88
12.6487
347.474
452.045
445.327
61.6199
163.272
430.452
265.146
163.128
357.315
234.871
393.834
346.378
358.847
267.801
380.012
379.289
455.371
173.007
359.386
388.291
196.232
208.421
447.724
202.471
417.249
4.30607
183.852
9.01162
188.27
449.978
16.7973
444.792
340.585
154.558
331.107
345.412
377.302
270.178
450.852
237.901
310.809
405.918
226.985
392.367
232.768
316.254
30.341
122.625
49.639
388.268
451.007
417.866
451.951
260.304
299.58
433.47
439.718
14.6389
444.184
13.5879
386.78
420.566
232.492
135.131
318.062
348.585
445.039
459.412
449.774
59.6015
309.546
293.599
3.06061
75.621
367.44
271.38
367.492
213.742
251.178
261.362
423.257
134.026
411.248
419.637
228.305
384.0
454.879
409.88
232.583
232.996
179.336
115.723
460.849
275.904
126.811
9.04293
169.086
262.532
456.567
328.6
444.114
192.043
454.21
408.581
133.686
141.765
223.201
62.5674
265.973
193.76
349.887
202.837
417.37
449.767
278.201
441.535
0.865125
184.494
183.553
252.591
460.23
348.135
211.105
183.404
10.9737
450.646
442.142
54.5597
353.107
28.0904
259.776
258.66
168.366
426.311
233.889
311.962
238.665
459.29
224.462
388.902
451.565
155.93
377.084
270.442
453.452
299.564
248.11
186.289
247.899
432.907
240.811
413.88
176.355
6.01718
2.86699
295.812
13.0977
358.197
118.606
459.086
460.172
395.648
429.714
443.329
456.288
444.688
437.201
59.1595
442.575
434.991
0.936722
320.629
292.636
431.399
181.557
238.741
250.538
461.63
381.119
234.857
307.044
164.637
290.357
396.287
359.675
270.606
4.95321
415.994
352.222
389.544
441.066
445.807
444.055
461.031
291.899
154.107
1.65684
454.774
452.912
25.3411
158.999
448.599
460.998
61.6057
1.72391
4.89751
231.912
12.1055
232.259
438.082
9.81818
428.499
208.945
12.2249
107.396
115.252
407.032
448.183
16.0449
351.148
8.36318
42.2388
308.879
370.746
454.401
389.404
206.876
370.612
4.73834
331.251
365.698
314.576
113.354
8.29324
316.743
72.4787
315.868
231.575
450.745
39.8172
454.206
111.736
93.628
214.953
461.965
205.365
95.4632
77.6095
437.586
376.028
94.5528
461.282
461.816
12.5161
10.2751
447.382
217.861
416.85
227.744
6.69886
15.7166
236.112
171.029
434.607
429.41
320.142
436.123
19.0502
444.624
14.3513
70.7005
92.3965
18.658
382.014
447.816
421.07
206.33
439.625
358.438
381.046
398.992
445.543
230.277
35.9157
443.001
460.853
459.386
254.801
374.226
74.4824
60.0607
231.708
441.979
8.66996
256.689
411.303
231.455
458.473
190.2
345.028
446.393
434.744
278.193
370.65
279.597
227.335
315.784
339.473
450.984
295.011
116.507
191.618
17.3586
327.811
287.223
447.253
327.917
385.439
342.237
11.4318
395.346
317.214
401.246
420.939
106.871
455.654
11.3353
304.25
439.681
245.378
202.302
346.913
136.875
451.757
376.962
232.787
443.019
232.838
263.73
180.926
328.864
347.267
278.908
266.453
458.311
442.149
2.79278
461.022
176.349
286.813
349.932
342.825
452.127
460.79
356.709
300.206
341.176
124.715
451.525
0.450943
267.5
448.17
14.6769
130.022
162.176
295.654
100.46
315.93
347.588
8.76609
296.739
256.789
91.8155
392.405
131.71
427.894
11.0669
123.268
11.3984
148.155
231.672
401.779
360.857
8.4621
10.5182
42.7421
69.4856
0.395672
454.771
317.892
345.121
336.937
312.375
96.0667
37.2875
199.43
239.241
285.097
378.906
1.61078
233.572
30.287
208.969
450.118
423.051
16.0848
138.066
334.884
443.893
411.438
457.476
387.162
299.664
273.561
50.8312
300.292
330.094
196.681
286.012
39.7397
298.699
126.029
287.723
333.119
6.18489
444.966
451.557
346.676
25.4122
15.7785
420.352
181.583
446.973
433.307
98.9416
14.3322
336.654
416.209
232.34
325.926
187.445
262.311
160.427
332.144
346.293
289.721
227.798
320.749
378.816
341.177
441.485
93.5727
9.85104
131.634
450.156
393.8
348.737
458.783
33.6574
0.992599
148.726
448.993
190.27
78.6378
448.713
186.52
369.251
110.97
110.318
386.345
21.0014
406.628
160.134
239.417
232.123
14.2465
177.7
413.143
165.809
187.595
313.691
337.896
0.692247
329.34
370.792
124.53
107.499
11.0641
411.103
348.716
435.504
281.26
375.604
368.06
408.33
213.439
107.746
272.275
456.549
453.155
12.4952
382.233
156.323
103.507
452.499
144.326
1.89987
6.21058
440.229
389.613
312.353
139.532
419.152
377.636
15.2533
430.078
251.116
329.086
332.59
48.207
160.012
461.665
285.802
101.899
444.546
151.054
253.345
409.553
31.1222
256.83
273.264
331.751
334.157
451.619
414.874
20.3568
2.75647
10.1238
144.546
112.996
451.952
461.602
203.372
250.44
264.753
444.808
3.22047
356.895
460.455
262.96
187.23
135.33
177.12
433.797
435.684
3.68583
145.024
377.079
304.047
223.02
393.181
2.35155
13.1108
407.59
1.11765
240.239
190.716
132.145
297.566
161.745
425.8
321.538
311.33
83.2774
124.995
52.7934
457.968
1.43455
158.113
321.205
395.425
421.065
85.1421
61.0033
176.381
445.844
232.973
309.6
305.088
9.51742
272.628
30.0448
354.846
461.245
37.0689
12.3653
451.901
455.982
357.134
131.494
83.1337
452.948
362.451
265.367
135.925
455.698
76.181
240.567
425.897
402.613
14.7674
392.193
5.34525
225.342
1.94836
180.481
310.559
16.8257
325.534
254.562
86.6981
293.357
196.667
66.1027
385.983
77.8128
318.114
259.366
226.589
393.967
1.55656
375.097
257.181
227.497
115.237
266.736
256.171
395.064
154.618
92.3104
453.543
296.417
371.969
416.81
234.633
124.591
198.003
246.324
452.245
227.497
318.579
370.083
229.903
187.556
444.183
434.537
251.179
461.217
4.50929
130.402
151.135
279.073
291.628
459.365
446.542
257.849
256.76
309.554
12.1546
392.216
35.0042
335.506
408.185
307.953
214.17
412.764
281.523
202.332
206.976
394.205
444.969
436.585
76.334
415.729
314.687
255.91
322.324
380.359
316.758
354.873
180.521
13.2821
12.2809
353.98
448.036
236.756
452.859
411.237
268.983
451.556
452.194
302.696
429.383
273.943
460.941
252.272
229.367
1.32425
383.389
284.533
68.5086
219.898
224.969
220.423
12.9778
339.919
231.928
11.8886
462.436
135.218
57.3229
238.735
349.635
283.846
21.2733
330.462
291.198
53.8662
335.887
309.147
376.693
165.103
458.87
235.716
265.539
197.539
36.9814
232.206
129.914
212.449
187.473
446.678
93.2055
48.9514
450.663
317.347
232.715
346.347
2.84524
294.825
8.61003
43.86
325.203
13.8687
232.13
400.947
461.077
81.0315
8.77969
256.314
157.898
334.826
416.375
101.597
451.674
277.38
233.407
326.276
207.879
451.962
327.834
403.672
20.0773
152.269
163.101
312.816
113.045
455.604
5.48331
225.126
445.929
231.9
248.671
455.904
411.679
232.92
424.704
441.804
232.723
161.743
71.6374
199.334
235.616
86.9328
399.889
144.428
264.187
214.122
412.303
227.954
10.4929
431.125
345.992
321.94
419.852
1.07403
199.36
414.085
1.01611
83.0353
13.3645
15.18
410.071
309.632
271.467
456.099
442.09
228.968
455.85
88.3576
14.7915
128.814
5.24666
382.044
339.383
439.548
369.622
243.654
443.961
213.277
239.213
192.468
3.40244
261.709
284.349
445.752
5.3646
449.966
123.6
328.513
386.821
456.933
244.919
204.917
194.295
456.902
461.408
354.825
437.082
297.605
8.80709
233.965
341.545
312.589
76.042
60.5643
306.2
14.4023
249.763
363.855
187.123
386.985
-2.16002
5.74837
174.889
438.713
150.804
100.147
9.5094
232.431
2.69698
448.552
401.13
101.372
393.463
122.193
274.194
179.902
189.356
460.996
256.483
66.2041
4.68422
235.172
232.886
14.5833
182.111
340.914
171.57
255.367
265.558
380.005
332.345
18.3176
208.229
325.275
336.447
76.1908
142.112
39.6343
222.323
370.81
5.90721
72.6493
455.486
114.265
444.12
450.078
239.168
209.794
296.491
70.483
6.88826
129.906
443.617
444.661
433.605
449.381
219.603
12.6439
111.854
317.412
458.581
197.031
235.918
442.187
418.594
110.137
254.149
337.562
355.661
383.539
454.454
254.925
127.61
403.754
279.462
75.4626
235.73
6.21671
332.138
431.778
240.018
454.205
404.307
373.961
418.216
453.769
16.3977
79.5078
261.891
453.396
311.453
414.271
388.666
257.911
29.7465
234.759
3.45501
403.505
137.761
215.665
446.773
244.231
100.475
446.922
10.4958
277.475
451.697
384.273
394.032
9.99588
448.199
289.954
291.251
379.013
409.096
64.1526
6.07243
13.7751
1.44954
162.374
181.205
387.342
158.698
298.851
122.275
332.973
274.734
437.472
78.1819
0.416528
323.356
220.946
307.624
30.6101
1.48775
424.346
14.4402
14.8417
51.6291
32.2939
357.736
460.909
155.15
149.216
293.459
208.85
426.819
15.0664
443.258
449.269
319.669
445.72
50.6394
9.66687
240.649
317.795
411.406
452.45
456.806
439.791
461.987
130.27
245.477
372.303
13.6379
372.907
377.302
450.785
84.6562
118.287
148.567
192.196
461.549
448.965
446.918
438.788
118.396
340.544
461.774
232.287
461.769
455.655
314.307
235.302
361.38
39.8667
256.365
454.896
13.4608
452.913
389.153
201.556
445.748
269.373
163.757
10.9892
434.91
169.225
311.146
286.518
360.383
104.951
14.1524
308.793
85.0413
10.4515
459.309
50.2912
2.37605
315.241
216.29
60.7877
137.655
460.079
419.423
462.047
389.593
186.478
268.2
95.1383
163.033
461.185
106.358
11.535
316.409
90.4198
204.619
460.37
47.7324
379.424
182.213
233.305
153.479
455.051
92.9265
170.622
232.222
286.437
4.4005
405.718
242.098
457.542
457.839
380.115
435.514
450.315
1.83845
199.308
232.563
227.62
35.0557
232.228
400.368
38.078
65.963
311.329
419.935
455.676
266.743
233.136
460.839
124.923
349.414
246.266
232.458
235.838
191.668
26.3054
450.448
441.445
451.975
327.034
297.688
442.232
332.164
144.676
316.727
337.578
180.356
304.115
369.987
285.705
11.1047
257.545
97.1563
91.0548
266.618
134.069
278.525
21.8786
418.303
447.009
461.432
324.389
190.628
118.059
376.134
0.0476341
118.249
260.148
283.387
162.447
370.681
447.472
270.133
157.144
100.505
46.3512
454.145
197.843
22.2874
309.273
399.164
448.681
1.48068
189.662
3.53301
68.589
353.725
259.803
201.302
347.648
288.155
433.277
162.811
175.405
451.271
157.151
180.049
150.52
3.42409
385.603
332.203
359.382
1.14735
410.679
339.887
2.26882
15.8421
248.168
346.134
332.016
180.607
238.402
7.13778
311.637
212.541
347.903
259.695
305.364
220.716
227.477
331.53
383.911
366.588
449.428
14.4334
11.2649
101.061
119.399
1.00806
272.698
146.514
448.915
343.12
447.022
253.959
324.517
234.515
369.88
188.9
123.93
358.711
199.774
413.951
118.628
360.51
237.567
3.95346
68.7444
447.05
46.3161
126.973
233.115
6.72593
415.276
320.806
360.915
311.66
99.5373
458.718
272.726
447.462
163.458
3.15607
337.283
288.931
285.114
405.433
286.3
314.406
232.446
433.467
270.412
373.84
200.629
219.217
321.52
443.079
305.545
370.596
269.374
197.551
299.306
399.928
151.358
24.5304
313.98
36.1615
297.801
229.021
172.318
18.1647
460.83
444.622
274.797
47.0647
371.878
10.8141
455.276
239.025
85.5254
14.8158
5.2666
230.802
312.114
437.796
457.123
351.523
430.71
370.729
441.811
305.481
156.714
132.44
349.43
461.043
419.641
442.227
130.247
10.0515
460.754
449.86
120.966
373.503
338.907
218.071
325.155
275.587
250.451
445.221
461.382
355.464
1.65668
442.591
160.752
62.0932
126.876
456.804
457.512
72.9868
450.044
239.552
340.857
252.623
232.497
288.406
391.344
101.222
284.749
33.2267
457.021
279.009
375.491
287.389
437.049
174.277
215.396
331.279
417.37
10.8792
204.848
181.38
452.096
460.028
350.183
386.594
346.216
185.868
8.73495
67.6786
235.044
172.255
378.057
126.269
396.385
310.706
450.27
9.95517
445.454
452.822
219.461
159.47
358.35
45.2939
232.594
455.788
15.6262
156.61
238.902
216.628
383.462
3.00334
410.674
259.059
446.657
455.281
10.3254
256.97
295.085
8.09048
16.2424
399.698
105.281
167.307
89.8132
1.78969
407.266
386.52
364.978
348.1
147.336
432.35
454.554
461.535
234.335
10.9948
214.368
168.283
264.513
274.472
235.795
8.43149
90.0686
191.532
109.695
409.779
235.785
349.344
293.352
404.527
79.2744
354.048
182.157
1.00771
261.419
317.516
413.577
414.313
97.4797
458.996
66.6428
287.608
149.612
458.079
422.729
79.3659
446.869
124.97
455.742
255.409
233.956
447.628
385.383
457.621
436.018
386.41
53.0403
414.239
8.05771
177.303
276.943
211.98
302.966
90.7739
451.084
76.4657
119.647
271.268
459.388
234.951
88.6726
341.076
440.123
173.81
188.171
145.226
232.859
223.515
438.489
182.564
85.7534
401.111
448.05
106.598
126.268
431.11
280.969
190.994
457.844
184.361
61.4135
143.899
8.43903
337.481
264.359
1.51794
418.896
457.452
7.80027
73.3266
344.974
408.683
400.745
461.239
426.648
196.206
90.7327
351.604
2.56807
126.078
369.992
304.981
387.994
156.06
300.836
427.679
353.105
382.325
391.551
418.003
279.932
71.9217
244.621
231.425
7.9628
395.699
150.369
446.204
461.697
148.621
423.246
218.955
12.1477
229.813
306.112
320.812
320.249
232.143
283.804
232.956
449.016
249.271
461.488
168.57
312.971
173.502
445.752
313.12
299.653
299.413
78.3644
344.293
406.247
248.9
431.525
430.97
450.886
297.818
458.557
159.833
277.577
458.576
415.816
446.855
0.612272
12.4536
428.815
447.607
368.582
460.563
302.492
100.73
341.354
287.382
194.228
365.092
172.631
13.3107
324.841
460.467
213.704
432.841
54.123
363.965
403.951
351.659
76.1199
199.011
247.657
452.232
463.01
352.055
234.014
1.80635
247.935
436.766
438.642
112.044
460.698
307.82
244.089
182.364
388.457
453.038
297.301
30.8086
123.738
389.177
11.2231
450.598
442.061
211.759
29.1008
409.95
274.065
96.8949
461.838
271.691
371.221
330.923
15.8277
444.682
57.5181
0.0277444
53.4528
338.841
249.561
340.974
240.893
0.647849
404.021
108.261
417.1
114.882
210.975
45.0978
6.36169
270.05
458.898
122.053
317.416
0.213442
280.619
386.022
377.948
168.302
283.492
340.057
239.202
196.412
374.783
447.331
432.956
30.1925
265.734
417.141
448.17
359.526
216.995
342.161
282.578
15.6362
173.363
4.49889
457.784
441.785
23.2595
446.59
299.582
151.679
268.891
401.089
247.865
13.8842
305.574
446.242
361.368
273.42
290.041
223.377
97.0825
215.438
221.022
349.601
231.643
461.476
261.473
417.083
124.74
13.4838
40.4856
393.127
233.401
208.324
328.17
351.872
335.439
153.282
313.22
129.979
197.905
146.744
227.494
457.662
232.518
341.189
281.995
384.291
50.3435
11.9686
71.5062
423.211
9.3069
15.2291
232.91
182.952
407.944
156.828
376.071
329.15
408.66
169.899
232.445
193.086
455.302
232.663
171.746
2.42398
443.465
278.327
363.209
6.62951
462.288
248.267
40.1153
443.882
403.935
62.2121
340.858
250.691
184.312
183.958
162.039
69.3733
81.5528
428.286
175.185
281.684
394.583
356.856
448.765
57.4245
393.19
3.27346
460.695
453.022
388.602
363.083
389.502
362.533
50.0498
202.716
460.577
454.874
127.369
317.255
156.627
461.171
233.035
122.667
302.458
188.435
16.432
2.29332
12.6221
14.5946
437.596
255.988
5.72177
167.992
14.2643
454.078
215.632
267.416
401.617
461.029
450.479
257.516
34.8923
232.183
448.347
422.583
14.1329
289.967
365.694
450.776
75.9257
14.3765
271.499
52.2447
4.7298
2.59384
304.978
451.359
304.489
457.216
273.204
10.7096
446.986
458.094
309.682
109.541
293.397
455.95
87.4114
5.5866
253.353
261.379
360.507
176.61
269.423
422.145
102.993
460.044
345.616
205.464
277.748
160.623
127.568
184.441
461.887
254.285
292.349
410.965
285.176
250.79
43.0582
296.758
64.7667
18.5533
257.686
73.0245
460.321
386.753
146.474
373.968
73.6542
418.942
1.08516
105.011
16.5287
337.926
-0.246398
422.372
146.031
182.648
38.1322
408.541
455.887
428.186
205.072
95.2723
1.01776
217.242
225.074
253.755
446.219
269.251
440.385
232.739
455.82
280.086
16.211
372.715
264.276
406.649
343.194
372.585
252.397
304.362
70.1893
152.396
165.503
438.781
396.106
295.305
457.423
144.275
217.768
186.978
0.312093
455.066
15.274
167.353
18.0261
399.72
7.21094
14.3849
320.28
368.592
11.0603
40.0127
451.818
128.126
120.541
446.787
129.189
226.719
393.526
187.14
353.532
146.859
5.67545
455.908
90.6312
65.057
418.192
394.582
452.188
326.382
93.3131
295.932
184.566
444.775
242.299
323.203
231.735
187.195
450.552
149.706
450.356
232.604
323.613
123.801
190.457
446.546
16.8248
268.952
39.0883
256.456
462.178
458.159
304.267
410.59
444.242
135.164
10.6794
454.773
417.69
459.85
181.516
293.24
17.3722
87.7507
13.2467
77.9765
4.66433
398.835
455.924
225.25
114.685
444.433
451.696
341.745
441.347
90.6553
270.295
364.013
407.948
378.991
316.457
460.625
197.882
357.953
128.099
218.566
1.32346
0.637694
160.253
189.629
351.183
387.067
14.9392
179.547
128.231
1.82058
448.148
106.117
235.702
449.339
11.0871
237.942
448.008
1.51319
413.187
457.334
38.4371
7.47679
453.076
340.466
270.444
142.608
427.678
44.9213
232.292
343.712
360.38
433.803
283.194
457.796
285.116
103.059
445.359
415.043
324.757
447.352
205.993
255.495
443.665
232.259
336.225
452.482
379.297
460.582
405.139
284.75
418.449
2.50056
350.406
459.871
4.22777
455.209
3.47797
229.749
447.544
234.438
275.447
423.248
144.222
460.719
366.965
316.042
442.928
424.395
15.1061
173.26
10.061
172.531
377.931
44.8949
4.31969
107.291
89.8742
461.447
304.513
197.364
434.292
230.98
256.58
446.064
153.255
320.805
232.866
293.417
452.708
359.518
87.4186
456.372
3.5457
379.507
255.268
4.81777
391.176
313.869
382.441
343.262
445.632
239.102
6.90527
363.695
453.674
229.166
177.042
95.0286
49.5684
78.6382
13.5444
237.426
456.012
242.784
441.565
208.336
293.332
161.031
249.656
243.638
331.662
462.127
179.286
447.268
257.85
347.619
453.305
332.572
449.356
356.698
161.777
320.309
456.633
457.693
341.203
104.15
166.188
17.0699
159.185
55.5211
324.831
371.273
380.377
461.417
452.174
0.599794
47.6526
240.105
378.852
208.545
453.067
16.3917
232.577
9.63178
396.222
106.691
303.798
443.343
277.591
171.173
172.566
2.73492
198.673
344.983
26.496
110.584
460.427
368.84
127.893
342.393
366.458
4.76037
397.907
452.976
0.970464
446.459
274.238
261.441
424.157
428.674
200.914
274.61
461.021
358.061
286.864
294.188
9.51117
190.277
181.742
229.805
262.567
255.181
269.7
258.095
263.042
364.552
448.861
449.328
310.87
222.778
450.413
77.7291
255.766
441.402
446.491
212.635
182.117
244.61
4.75609
199.457
447.854
295.954
1.2537
234.917
231.906
191.688
453.612
441.521
201.033
448.961
447.155
453.635
455.944
396.849
446.689
196.815
197.628
279.33
446.67
448.445
232.478
325.226
396.429
457.392
319.961
263.252
331.932
358.675
416.443
109.12
261.402
48.8153
284.513
189.018
461.959
9.57139
59.0356
20.4108
437.996
232.71
237.409
17.9264
414.647
376.076
237.075
383.034
431.443
370.215
233.065
215.222
50.3254
338.994
340.329
385.541
422.638
455.671
8.67822
443.441
256.74
420.889
27.8308
420.061
165.512
237.43
329.068
456.097
135.067
459.839
341.575
372.105
161.729
227.228
159.019
14.2254
71.6117
156.229
461.327
152.014
448.637
366.409
303.402
461.59
151.791
462.342
281.53
143.199
114.234
20.8944
12.1248
9.61484
265.994
452.735
374.062
231.688
31.2971
431.372
99.5309
398.095
157.804
447.945
404.035
28.8233
219.969
195.918
174.827
381.092
452.035
206.154
152.521
457.389
229.637
170.545
457.112
358.859
428.988
447.044
155.298
197.82
298.088
109.096
77.6899
312.922
453.758
179.414
201.692
203.565
365.268
135.559
184.808
451.64
191.098
205.907
310.871
156.897
363.244
186.33
310.851
7.11936
256.259
89.5917
274.333
234.481
456.472
78.5237
61.9223
16.8748
100.315
11.7738
456.098
220.194
260.57
438.149
241.269
297.417
89.3547
170.513
461.853
232.848
383.34
90.8986
137.905
193.264
400.848
9.56534
1.88856
456.486
43.4869
446.899
135.011
456.144
210.521
273.034
283.811
277.779
160.608
287.758
122.377
144.927
414.262
5.87917
36.9013
391.133
430.982
295.418
399.77
461.021
134.618
451.97
440.836
443.866
357.602
78.743
1.12658
456.69
338.508
269.006
376.675
459.108
172.132
11.1499
314.121
457.009
278.901
325.725
14.9177
451.83
48.3589
332.543
455.145
227.574
444.19
452.272
302.261
414.191
10.1428
220.143
121.679
115.636
140.82
370.612
286.188
75.1094
449.788
257.489
58.1638
248.972
120.758
438.212
338.395
12.7364
316.159
255.678
360.293
62.8177
296.512
346.681
452.847
5.2108
276.951
43.3754
448.573
445.638
374.482
422.57
218.031
7.25563
-0.240643
386.387
130.311
405.324
288.242
224.895
267.743
132.458
453.934
435.819
51.4736
446.135
2.63083
277.69
96.0435
151.023
451.206
82.3034
231.937
312.069
165.584
282.76
25.2439
102.81
268.744
350.667
13.7957
437.407
132.08
56.1318
270.138
322.717
8.9998
9.44509
332.359
359.508
370.339
298.421
11.2509
170.945
10.429
44.1851
457.86
452.648
19.1766
149.179
299.084
287.304
398.948
387.443
332.366
188.882
219.92
247.35
240.506
417.332
232.826
82.3154
312.26
173.009
459.684
6.12549
404.874
36.9878
436.42
455.252
252.549
136.642
455.789
223.767
456.885
103.603
231.932
179.912
65.1132
54.1173
423.981
265.815
446.307
432.775
233.382
168.966
228.165
441.792
15.8367
284.718
29.5894
454.118
233.355
298.315
355.945
228.13
11.6676
456.472
128.95
89.2917
356.073
256.718
224.186
448.256
121.745
20.082
11.6657
144.003
370.011
235.194
28.8531
87.6807
13.8835
3.78608
258.186
94.8656
334.612
6.06581
5.11004
449.634
5.84052
323.951
15.2787
377.479
448.226
13.235
457.638
461.899
370.133
148.016
457.162
18.248
455.611
388.29
253.976
174.542
112.638
288.782
10.2916
458.883
374.076
381.427
70.6525
168.77
141.848
403.019
347.485
115.989
311.256
364.538
209.976
453.249
88.7095
4.51705
232.197
313.144
433.825
65.5437
262.555
180.494
250.47
458.831
335.11
448.791
354.342
86.1072
45.7249
204.499
9.74774
267.147
296.672
3.0966
8.92317
450.453
233.311
286.874
261.532
185.362
9.85207
445.303
238.492
227.607
33.7076
431.908
449.009
454.976
339.034
259.104
111.661
231.762
123.036
259.064
317.104
11.4874
0.959852
232.267
446.28
91.7092
446.067
317.232
416.297
440.637
203.865
203.98
14.7028
233.481
310.335
235.185
312.203
265.206
416.295
266.083
371.683
216.033
232.605
450.138
9.43602
250.471
233.457
452.772
362.075
461.441
379.365
385.687
230.473
410.387
450.573
10.2092
135.882
8.26381
152.413
131.605
10.6836
233.375
41.5599
146.348
305.191
341.437
323.96
9.93807
339.467
131.861
229.845
2.38585
233.735
262.539
3.1115
232.033
446.692
439.492
57.4473
9.18087
446.708
448.574
370.852
311.629
285.25
325.671
130.444
300.134
445.263
312.634
452.8
1.80316
243.0
212.28
91.4508
452.01
1.45749
247.663
274.666
148.52
448.449
234.823
314.148
242.303
437.982
454.481
144.478
232.969
256.057
334.413
450.489
137.52
311.801
310.275
353.262
7.45045
388.652
456.185
125.949
231.95
451.2
340.074
219.94
459.53
262.641
444.153
443.143
196.706
403.775
308.649
205.225
447.818
82.3777
19.8183
235.419
274.367
325.964
154.839
159.774
10.5916
456.5
290.803
8.04954
407.333
186.034
287.351
79.3469
318.861
456.988
2.51984
127.824
23.6249
248.937
353.82
25.1809
460.845
12.9116
376.615
301.213
113.25
233.72
322.806
164.753
358.97
457.957
301.191
425.941
307.403
256.174
155.305
458.987
405.194
308.568
450.079
207.446
452.646
324.638
103.668
162.813
233.277
256.882
36.2348
233.946
316.943
127.256
393.571
105.612
290.241
401.464
452.587
379.707
92.7387
140.616
233.687
241.183
445.676
325.705
139.757
457.244
231.481
280.207
15.9024
411.855
398.049
247.732
23.9636
37.6114
228.306
347.742
7.45949
289.89
283.061
453.012
132.021
454.035
460.611
296.128
192.371
406.31
460.909
434.198
0.701589
313.767
266.981
217.603
397.212
385.926
450.665
450.433
270.869
458.866
421.577
378.083
385.778
86.2437
241.144
110.13
188.263
11.0613
277.632
17.8241
451.379
319.163
447.955
108.277
147.404
13.7035
331.911
450.145
31.1068
454.819
425.372
97.3489
354.365
138.197
313.031
33.5082
245.096
207.219
285.807
446.001
326.669
457.733
278.428
461.791
14.9919
318.462
412.114
0.945384
331.752
252.779
414.198
216.547
419.484
416.451
133.14
147.634
207.777
356.044
204.457
313.128
380.939
114.883
339.891
160.036
335.509
275.112
425.108
395.19
232.857
244.567
460.583
97.2617
180.601
232.682
461.933
214.285
33.8609
124.471
153.825
455.933
277.653
329.786
418.015
11.8388
163.928
213.948
363.754
11.6296
10.0333
312.485
271.433
232.76
5.50869
283.856
448.195
171.108
87.0444
460.192
77.9489
16.3053
335.913
278.266
9.52285
31.0561
7.88689
256.845
354.031
275.346
426.659
327.634
344.593
343.182
83.5387
13.823
193.301
266.218
405.792
300.777
432.279
451.669
440.977
297.648
448.91
3.48674
240.853
320.824
342.88
456.696
177.513
16.3321
232.169
3.20107
1.00188
202.16
107.147
200.007
457.312
17.3887
453.605
215.834
201.453
404.75
381.499
316.529
344.598
233.214
376.159
299.307
140.341
344.266
256.027
146.941
9.58427
344.911
28.6401
450.25
140.354
392.732
83.4984
54.0421
11.8502
97.2731
456.697
244.399
390.873
447.126
265.036
258.592
237.586
147.767
119.707
4.78672
264.822
285.399
454.791
403.42
245.453
45.531
433.991
252.386
345.199
362.826
58.5582
304.163
454.395
185.344
401.507
242.469
12.1732
283.114
362.436
4.6335
450.232
448.153
280.704
373.693
440.767
461.67
278.796
300.401
146.926
318.885
376.274
232.444
162.571
232.266
172.357
201.883
434.801
312.186
14.4388
453.799
46.4287
179.051
450.095
146.542
71.696
16.0193
279.714
232.019
325.576
0.939551
15.0551
62.008
351.551
371.605
456.111
264.101
162.255
452.634
237.746
313.497
320.122
12.6057
-0.298835
313.835
1.0103
4.43084
10.5077
8.46384
322.269
16.0601
44.7469
379.209
164.66
363.55
254.722
361.623
181.137
373.841
446.491
15.0872
247.014
287.132
379.363
133.19
448.116
122.608
277.885
229.298
451.781
461.103
262.971
68.5221
38.9401
167.914
36.3041
453.142
140.805
145.752
172.267
148.161
194.969
459.734
127.326
436.204
396.489
343.108
461.489
22.2389
4.81703
104.478
205.098
341.592
221.013
177.145
233.827
264.614
141.668
371.664
432.925
89.8249
240.024
380.932
447.658
19.6828
437.303
387.328
286.909
13.8922
440.066
297.127
51.4163
326.42
2.4308
336.66
311.628
447.316
3.09989
307.293
232.719
412.447
178.971
160.816
5.42334
237.19
454.464
404.31
426.543
17.2147
363.192
257.809
37.2514
447.799
461.281
0.318569
15.1722
393.827
203.55
20.8011
107.541
227.977
344.303
232.151
233.315
13.9898
18.5394
243.289
183.015
11.496
30.6871
380.438
53.7738
51.1248
459.425
427.456
276.699
331.108
428.737
455.456
352.858
57.8341
461.772
146.196
127.926
359.039
424.282
449.106
460.268
72.7483
56.1606
30.3627
363.428
16.7612
254.643
296.763
112.121
452.906
232.58
434.392
23.8001
157.262
296.642
405.227
200.82
159.214
169.405
219.734
3.76696
383.66
73.3725
443.237
213.481
120.588
314.941
266.032
382.898
416.569
365.944
322.317
452.533
343.047
233.22
314.394
13.7893
256.009
1.83692
335.245
333.845
212.099
365.444
235.95
445.711
203.876
407.639
334.008
290.462
433.209
297.845
232.898
7.89939
78.3969
59.0318
234.187
83.6014
394.57
392.053
233.186
457.429
232.409
225.241
404.969
13.4474
324.009
238.565
307.354
349.81
31.7774
14.6299
346.127
444.803
461.945
315.133
2.51869
8.74973
338.881
404.871
290.566
322.681
280.361
450.615
227.549
292.1
424.002
327.027
188.669
354.028
4.09994
422.16
271.782
215.031
336.937
307.874
338.813
454.69
46.8674
357.728
269.457
119.118
97.8571
199.259
389.391
278.652
262.813
424.99
412.789
15.0742
345.12
459.249
5.63391
212.226
298.453
448.69
14.0226
13.7381
229.358
1.04352
197.971
298.247
311.759
286.364
198.641
314.619
124.641
247.393
447.048
445.974
232.16
453.902
279.262
28.7119
0.881583
113.758
339.539
187.459
170.758
298.141
163.803
10.4113
378.362
441.905
456.385
371.636
232.19
380.693
323.645
340.148
253.712
6.57892
418.98
419.319
445.708
287.757
31.7742
411.087
303.105
4.97991
27.6547
134.39
232.513
447.567
146.84
245.803
364.925
63.6921
232.927
266.033
236.382
352.239
460.595
52.5785
388.217
175.528
294.527
455.993
399.273
29.2186
136.449
245.491
438.022
328.785
69.4186
347.515
337.495
199.768
372.924
347.521
266.932
24.5454
95.9564
15.1351
70.6402
389.973
371.325
276.515
295.763
422.734
293.151
462.461
297.548
107.21
383.194
428.136
447.884
308.499
109.075
247.199
281.341
366.883
397.248
10.2382
19.9586
342.334
14.8504
50.3205
181.479
80.6685
326.43
400.91
10.7233
30.3478
136.699
171.67
244.992
272.783
24.6342
41.4196
396.373
456.023
322.652
181.712
121.044
156.976
113.094
450.094
263.635
291.118
313.632
59.6213
215.635
456.982
307.637
12.3846
256.811
391.307
196.577
21.1096
56.0197
453.714
108.077
461.125
13.7443
308.944
17.1883
157.434
12.4421
7.82722
327.662
367.588
451.449
231.986
460.35
437.212
161.336
198.912
230.514
426.8
129.572
64.6685
401.321
203.281
174.961
443.96
398.658
351.883
232.768
9.11452
3.0587
456.981
415.986
255.504
452.008
361.912
122.321
12.5425
270.451
318.47
183.741
87.3684
2.77318
358.271
219.653
428.364
220.91
449.575
293.991
364.413
69.1988
395.796
100.367
425.091
205.29
186.536
338.607
123.828
389.925
13.9155
12.3129
366.715
291.699
63.4908
270.595
316.785
387.957
3.56463
15.3515
29.9315
102.351
173.952
142.409
341.138
207.346
35.1413
230.319
421.205
265.993
269.451
220.113
346.848
409.843
233.503
271.157
339.45
300.157
361.269
232.505
297.021
448.246
444.626
272.913
336.457
204.391
441.718
251.866
450.505
1.5765
227.237
6.96775
77.4899
230.836
452.186
292.87
365.429
341.308
342.939
449.272
187.666
290.364
211.608
444.677
289.967
264.673
433.986
19.9503
426.98
455.691
452.644
426.739
118.959
270.902
157.784
460.92
16.0308
363.029
227.388
174.814
253.088
362.638
254.121
88.8203
358.607
256.988
455.817
422.894
442.384
448.14
181.412
73.132
233.828
461.824
406.405
189.487
16.1995
396.809
410.912
318.506
413.03
289.025
448.334
305.096
89.7299
443.106
199.513
403.442
187.46
296.524
357.559
461.27
192.863
97.0818
245.875
46.764
307.911
384.722
86.376
442.671
454.58
322.174
167.006
355.494
4.67024
227.644
439.897
444.201
456.528
335.796
153.505
232.732
90.193
237.867
37.8538
399.861
173.025
252.372
263.129
188.343
12.8319
102.552
77.0244
327.174
390.438
226.447
138.373
314.802
45.4353
100.363
117.929
451.14
93.709
233.826
274.166
8.91636
314.092
106.968
392.399
208.361
433.299
292.136
9.07052
448.172
170.298
77.5094
186.567
139.19
362.483
312.89
297.586
303.382
409.488
298.347
429.454
15.2011
273.415
7.51178
442.111
10.1475
219.225
169.388
297.085
158.183
286.837
236.775
461.838
274.698
6.05849
362.464
352.75
231.814
449.594
237.789
368.92
197.39
208.895
235.01
198.838
49.0169
236.545
458.43
103.0
412.557
172.122
228.644
4.84825
93.9255
302.879
395.773
388.717
340.835
315.96
439.403
157.248
359.842
142.321
261.159
448.822
165.551
255.483
257.172
1.35594
451.077
402.015
380.23
274.769
337.318
328.325
377.723
439.943
327.671
344.672
337.519
59.0485
268.751
357.474
17.7339
447.534
454.408
127.127
120.612
398.88
313.97
150.163
75.2808
290.794
287.456
459.072
271.097
377.771
116.702
18.3231
326.813
456.298
162.006
232.146
452.577
256.612
340.387
384.52
227.887
460.269
373.057
185.468
219.15
378.857
273.142
449.674
221.193
417.06
212.702
451.283
293.422
445.715
451.504
413.571
1.84785
12.6243
455.971
434.464
438.848
12.5315
452.009
454.459
47.6997
338.921
393.296
5.61059
8.13386
452.201
257.366
447.366
443.633
461.134
121.358
234.151
404.776
445.932
158.732
1.6404
454.052
431.83
274.869
336.306
305.25
448.176
347.263
350.342
397.49
20.3424
258.176
271.973
270.323
363.872
460.145
290.429
23.9482
0.923258
2.29304
366.381
445.415
454.985
157.647
105.044
2.39497
65.3827
10.611
375.929
15.4845
250.692
137.062
23.8614
214.14
456.119
447.792
444.582
1.12243
399.167
219.481
65.5929
287.207
375.581
423.408
24.6584
386.421
15.9654
87.7979
74.7308
113.568
444.87
171.587
402.841
232.878
455.258
12.7097
444.952
2.38029
6.62948
157.825
55.5717
99.7619
457.007
108.779
146.329
389.366
232.621
353.149
232.718
66.2851
457.429
133.646
451.192
364.514
271.798
269.905
450.722
275.828
433.123
121.102
209.552
232.737
272.654
429.39
220.426
343.697
450.86
459.895
455.596
173.122
22.0568
233.168
142.154
400.093
165.324
365.992
14.7589
34.5882
327.837
81.438
-0.234086
223.365
308.485
190.275
53.0193
233.933
449.535
427.016
126.041
261.757
353.781
444.321
413.87
187.895
8.96301
5.80739
394.528
312.512
247.574
35.5006
327.527
15.288
218.113
403.48
454.006
121.023
191.322
277.34
55.2304
195.503
222.297
451.407
285.979
447.033
400.961
277.653
265.272
392.454
69.5607
460.321
232.208
32.7142
193.862
458.202
301.22
450.04
192.419
226.362
57.6942
215.173
198.679
370.139
286.849
173.265
414.977
286.762
85.5251
383.311
454.107
228.862
460.958
461.478
387.165
7.02943
226.906
442.316
109.448
372.05
272.127
454.087
157.604
228.077
77.6929
335.591
98.0779
172.318
449.073
290.72
453.439
5.65258
209.551
288.144
355.624
376.71
254.896
451.471
57.613
7.73216
455.845
1.29989
253.546
284.264
355.072
146.331
0.957399
301.25
195.664
63.7248
344.348
208.363
443.16
118.967
237.959
461.58
364.828
345.093
370.173
332.631
111.91
443.945
4.11259
222.286
462.765
131.005
358.278
311.925
175.379
333.656
459.084
228.367
349.044
211.708
200.603
327.357
426.544
89.4934
232.484
457.05
11.0517
192.001
433.739
249.277
306.872
244.021
108.2
227.728
183.742
164.477
175.71
8.24962
343.402
163.937
266.612
434.3
448.422
370.581
306.667
272.103
5.82905
330.655
455.844
209.371
160.885
13.5265
269.981
172.615
448.484
387.076
235.504
189.948
400.26
31.5658
15.8843
426.409
149.475
193.748
186.686
132.907
3.68481
5.0306
455.578
318.878
453.434
396.693
233.301
2.94899
419.537
203.949
309.275
353.421
281.79
121.08
15.9251
234.393
11.4848
231.968
353.252
391.199
221.68
459.803
19.5537
51.1026
410.675
452.475
445.166
372.109
120.269
36.7957
378.711
196.696
431.281
457.18
72.0031
423.796
70.8172
424.148
308.608
352.637
229.731
98.3038
457.433
432.847
0.377061
66.3633
316.39
180.61
447.799
14.7188
448.079
146.167
232.501
403.995
230.569
91.8124
13.7087
247.22
307.845
230.071
329.266
47.4309
328.159
202.203
9.0619
142.05
441.325
350.098
172.612
461.728
370.219
59.7249
449.219
325.616
264.606
453.003
12.9903
407.405
14.3121
232.684
453.232
432.779
260.362
282.301
270.94
1.85321
253.18
289.94
164.573
255.05
11.271
146.547
297.539
137.675
274.098
424.667
7.02737
301.735
365.553
417.773
133.258
437.607
387.149
304.161
248.178
148.842
9.14463
448.343
95.8642
291.274
149.692
282.844
311.151
412.201
16.4746
219.787
401.102
339.735
443.178
270.119
336.458
90.6682
449.306
4.78956
84.1279
457.142
439.068
232.131
247.379
362.779
4.65191
341.003
401.094
206.116
442.871
288.244
199.31
313.496
446.722
333.348
120.924
209.714
232.277
0.379263
294.391
2.51554
461.627
245.566
74.7241
452.963
15.4721
441.713
254.627
457.239
234.334
235.721
69.2308
145.687
32.4021
22.2614
457.016
219.533
424.951
417.794
10.9396
304.987
161.77
69.3496
455.29
40.582
460.88
13.5084
232.735
455.202
231.633
450.826
197.351
112.607
115.17
235.429
444.544
234.433
68.4814
214.52
387.164
292.508
422.702
99.3444
62.6929
2.36593
450.228
415.474
460.135
127.029
398.042
14.6433
153.43
159.763
173.956
426.833
353.209
54.9333
394.768
449.115
15.364
388.107
98.6852
77.1424
108.309
1.45192
191.23
439.628
405.131
216.165
312.244
132.399
451.575
1.48344
185.997
460.126
353.623
439.87
38.6709
379.488
451.342
13.1823
11.2111
33.3308
382.631
42.7721
2.10225
236.157
364.883
207.031
36.4781
255.172
377.637
9.53181
247.288
124.573
365.036
75.9516
179.806
362.228
184.369
411.723
140.169
391.971
348.688
8.30538
321.141
2.3559
389.943
58.5373
355.122
320.861
341.671
329.493
25.9358
95.6168
302.432
5.98392
13.942
143.671
284.494
456.055
249.684
189.891
452.909
82.4943
415.368
227.589
1.31032
310.005
34.7633
5.55918
450.678
423.659
232.344
349.823
448.648
219.033
299.53
281.568
68.9144
425.876
104.711
200.272
12.9191
133.01
429.607
242.424
384.095
452.341
455.343
344.534
56.8316
164.586
14.9223
240.965
164.143
142.795
288.716
454.951
245.981
233.1
6.48057
345.935
249.478
424.952
377.659
453.935
1.82754
5.20306
249.333
455.008
230.722
315.347
322.302
12.3002
1.77747
406.018
401.739
159.147
404.305
232.506
115.103
14.7146
76.2741
453.948
13.3311
460.517
378.583
387.603
389.995
350.977
114.271
14.3823
418.597
318.332
458.067
232.191
212.56
270.987
447.247
10.2049
237.737
307.391
318.981
459.69
154.831
351.895
161.2
290.877
225.399
9.95289
158.34
204.048
249.794
37.2954
355.275
332.911
351.373
284.061
205.817
164.398
37.9024
456.644
143.704
16.1529
336.984
9.66093
69.7041
299.455
345.426
396.815
312.011
78.8617
448.997
155.609
213.944
461.598
339.632
374.068
411.187
346.139
442.674
419.904
0.294669
70.8695
223.477
15.1069
454.631
462.25
454.599
145.451
347.881
64.3514
41.0615
101.531
98.8026
343.305
321.073
79.1954
197.075
273.061
238.758
265.576
430.312
31.3022
139.309
371.623
123.307
8.65797
408.514
375.347
42.9693
236.993
343.702
10.4424
234.505
35.0326
183.085
188.975
233.177
450.536
242.933
447.619
104.816
399.833
446.692
326.35
164.582
402.659
375.793
6.66994
8.18459
255.043
446.004
49.7665
452.25
453.425
111.414
8.01395
401.36
324.208
294.768
171.017
211.78
27.6048
424.847
277.721
417.714
290.796
7.51046
373.454
454.15
1.28952
371.826
134.812
370.609
398.811
18.6759
291.318
97.5268
16.333
209.914
226.58
13.3804
90.4347
0.327478
60.4138
88.8557
129.167
55.5277
81.923
451.136
330.049
387.342
274.222
207.553
184.2
103.234
394.468
104.855
332.366
60.6094
451.276
86.0437
368.811
114.332
405.154
456.726
286.901
8.57836
233.904
237.927
258.873
245.666
414.779
357.798
461.29
383.62
250.827
333.421
374.934
208.974
455.534
4.57408
362.385
460.634
445.991
128.445
84.8626
11.7141
303.254
450.331
270.546
346.036
206.951
449.473
339.231
378.756
272.536
119.1
279.656
249.877
131.244
273.065
167.58
403.117
463.072
428.08
370.218
450.191
11.6
361.723
152.175
6.70087
281.053
17.5694
11.5298
142.755
2.14958
458.448
18.8012
279.936
119.143
241.966
200.051
370.345
456.795
75.6946
163.697
424.804
258.455
309.306
460.637
461.537
363.479
231.91
410.246
169.009
43.9118
14.4817
450.384
75.3758
278.088
13.752
341.169
415.261
72.1403
44.3601
367.297
355.805
321.282
0.955832
302.739
232.517
2.07384
319.373
254.562
405.913
453.426
342.256
458.424
12.0063
451.822
57.3208
441.731
229.619
11.3196
302.007
315.062
461.563
2.49752
260.604
460.447
12.4604
334.546
446.619
55.7798
354.101
125.194
391.664
452.956
167.233
253.89
273.441
218.493
455.088
59.0957
331.003
337.82
449.84
180.937
339.884
316.162
162.964
448.112
393.079
452.03
68.9271
398.224
145.638
290.304
275.788
455.191
432.828
75.2422
458.047
460.813
456.689
206.955
9.52235
309.801
237.722
431.646
287.276
68.3308
260.623
451.591
454.325
350.855
232.562
461.389
157.56
431.307
311.75
425.152
200.707
77.3593
62.5638
454.672
78.4268
275.036
274.508
386.073
114.626
447.542
83.2456
25.9711
349.602
132.745
443.734
41.3256
459.655
198.512
95.6464
20.7247
247.204
233.728
50.6742
446.35
11.2179
127.714
50.778
242.628
363.449
16.6633
383.142
205.994
411.059
201.658
121.044
160.051
460.709
347.697
89.7719
327.104
122.476
460.775
221.359
456.322
448.647
459.951
178.31
217.813
135.602
348.037
14.7686
421.659
13.7814
162.29
218.83
233.43
31.282
451.995
404.219
339.596
331.394
138.836
83.4585
387.79
316.579
196.449
311.993
195.783
339.006
306.895
322.256
310.486
281.863
7.00037
211.732
297.773
445.758
173.08
245.793
2.37419
227.126
111.52
343.594
54.5364
369.233
4.94208
403.472
6.62847
7.22634
232.548
216.1
422.973
448.879
281.589
284.114
441.575
441.294
105.155
189.015
449.999
385.858
285.715
251.698
32.305
243.394
154.224
7.42984
430.745
370.061
113.753
457.508
356.022
455.621
383.545
372.825
321.449
136.746
17.0823
72.936
372.402
9.48098
455.658
450.479
173.932
78.2641
210.484
318.735
195.775
383.097
157.753
310.544
366.858
106.857
329.408
229.501
444.909
292.171
404.183
405.834
233.302
335.415
358.01
421.596
444.304
457.457
65.4263
239.968
315.2
439.272
403.322
247.405
103.074
171.554
443.997
339.459
364.483
454.587
432.913
13.2601
163.996
234.302
174.42
453.854
69.8887
443.507
233.074
339.023
447.88
141.826
238.012
461.476
276.721
141.546
356.78
266.792
316.779
324.458
232.623
454.179
384.917
264.4
251.661
49.0667
247.105
197.787
239.902
334.033
451.669
452.819
95.7921
183.113
303.249
449.144
352.249
133.803
263.37
366.843
65.5512
233.19
1.82669
230.242
1.84085
271.713
345.173
343.286
348.414
454.341
246.866
287.239
441.508
451.252
13.9341
286.7
143.18
446.543
254.478
182.184
453.052
107.927
1.25741
386.089
351.935
455.945
457.213
294.278
453.137
404.963
454.558
375.732
160.338
322.911
429.264
445.4
315.506
449.796
315.908
258.753
445.026
376.677
376.65
90.6666
156.01
215.901
266.269
244.631
226.726
455.765
291.903
34.823
452.448
283.779
362.289
346.085
140.175
227.989
304.552
152.7
256.478
264.644
410.48
440.757
386.229
304.145
100.172
54.8111
2.12066
243.15
453.637
172.915
461.921
342.504
345.712
458.273
450.162
76.9306
162.127
441.58
446.197
0.715019
185.425
149.351
2.24508
206.208
412.211
146.839
356.616
172.911
228.078
383.683
144.659
452.807
13.3983
10.6719
16.9089
127.453
17.2465
455.293
56.5051
439.575
3.89079
121.111
189.651
452.076
439.572
66.9626
405.185
6.11133
458.916
447.825
240.149
130.875
352.75
0.628151
373.44
19.8813
122.398
12.7644
359.943
87.1067
172.483
262.285
461.388
228.239
373.551
322.857
29.9697
307.769
403.405
198.038
180.597
276.489
43.535
159.901
339.905
296.021
172.415
265.683
30.7998
402.105
14.3034
167.031
457.635
288.823
444.34
7.41193
232.473
455.082
56.4455
435.917
452.594
365.73
252.321
268.094
328.051
391.977
232.818
47.9735
445.343
233.006
461.471
460.522
336.947
270.837
300.459
140.38
444.25
455.058
225.115
278.376
34.0812
454.266
436.82
445.619
235.275
440.732
91.9115
432.756
216.8
455.809
413.925
374.253
308.043
315.8
284.785
431.197
262.952
360.227
232.477
346.852
460.642
126.05
92.9842
339.121
193.878
263.689
429.205
453.45
278.699
64.5313
190.852
222.226
361.784
456.078
210.293
276.375
121.684
249.286
307.881
273.722
182.535
277.12
453.505
153.884
11.8492
451.029
16.6431
289.691
366.027
461.78
462.045
176.416
454.736
455.967
8.18904
3.85863
255.369
12.4675
359.317
315.348
135.276
450.927
221.607
239.049
219.58
241.725
229.501
286.521
63.0994
425.064
434.292
180.405
451.243
400.725
446.375
232.503
232.447
444.644
14.2677
15.2309
331.176
272.1
455.851
423.513
21.3368
2.60379
274.741
297.596
4.89518
337.642
460.79
289.407
444.861
12.0188
268.416
445.384
410.562
459.315
438.499
288.516
406.146
313.312
369.413
457.797
214.298
386.01
450.916
117.893
312.38
143.054
348.948
325.308
391.025
421.904
331.701
379.049
356.094
297.777
284.912
307.708
366.978
237.406
3.82904
342.397
107.71
452.943
451.476
237.852
6.72344
172.457
11.3186
358.754
49.802
456.036
188.997
161.95
353.839
452.364
452.731
317.314
240.514
451.944
323.566
419.652
307.305
154.409
456.958
142.791
394.484
234.379
5.71199
164.182
458.052
452.22
233.261
9.1132
134.671
261.928
373.547
87.4219
247.189
457.741
258.329
328.262
154.572
424.32
5.05681
164.285
460.433
232.788
450.355
58.6727
184.123
212.437
10.7427
386.115
187.237
73.6685
461.347
119.373
454.722
435.312
460.062
185.676
201.827
295.83
282.625
2.70902
276.202
461.81
1.63801
362.347
323.169
449.574
446.725
241.321
193.909
253.509
57.6134
453.122
438.229
4.86056
194.032
121.731
162.199
260.702
8.99887
454.886
440.127
114.812
303.282
7.31747
68.809
0.88643
7.46348
183.63
402.044
231.908
444.048
410.342
455.884
329.32
11.6499
300.302
77.4586
18.9331
445.278
405.106
444.938
223.413
299.533
407.615
436.789
356.183
341.377
460.935
154.374
421.17
57.8947
271.493
447.804
336.476
15.1779
332.927
1.83029
301.625
396.447
263.653
446.784
274.09
448.026
144.371
456.479
318.574
328.999
448.139
282.351
300.525
55.7215
395.63
13.5793
113.745
11.2288
450.458
240.685
9.52452
182.429
452.199
173.795
272.567
421.613
364.845
230.079
232.59
340.046
443.127
457.87
460.726
1.55067
242.519
386.736
1.70672
50.3348
435.525
132.009
459.578
337.705
301.188
448.972
48.6705
61.179
244.109
286.631
364.497
96.6482
234.489
425.908
453.449
338.412
280.22
226.038
240.894
450.266
170.349
163.997
260.406
17.3738
232.307
9.32412
258.646
367.994
400.134
12.8853
370.979
350.268
418.138
233.014
416.642
215.693
86.0076
375.668
377.612
49.2268
277.216
264.772
441.804
223.212
450.369
461.77
13.9429
442.337
410.962
442.142
47.7074
245.625
134.503
244.345
286.498
157.485
113.539
348.939
447.502
323.255
352.464
152.69
454.464
290.996
429.944
19.1388
293.74
176.664
361.654
289.269
451.962
113.173
376.694
7.1519
446.321
307.871
300.597
7.47982
371.027
455.992
73.3683
301.075
215.719
60.897
175.988
136.332
456.22
7.60101
315.302
68.0868
183.879
20.024
438.436
307.524
351.345
311.542
456.698
396.6
1.01358
425.057
82.1393
121.936
396.526
446.524
232.519
9.98645
287.599
123.913
221.435
457.486
435.014
172.815
6.97186
186.699
53.8884
166.239
152.162
24.9248
136.527
259.326
461.648
456.204
455.623
87.3678
233.358
190.677
247.222
338.033
393.486
140.601
298.565
343.729
447.117
455.658
443.757
358.734
453.173
232.228
360.425
113.268
332.491
231.626
406.589
232.338
447.457
435.072
132.95
452.854
221.052
131.854
304.369
240.437
375.163
379.398
314.752
298.389
153.26
77.9977
130.626
299.944
3.50479
95.9662
326.778
232.342
196.718
4.07821
457.587
300.095
262.605
207.527
232.634
15.2366
0.555679
191.362
69.3516
296.919
1.21939
48.1723
425.173
262.697
385.318
429.738
386.879
395.811
333.235
455.901
371.097
15.09
192.047
461.331
400.631
232.955
11.4652
223.832
458.005
5.25551
453.856
267.29
437.998
441.016
11.554
281.327
9.90177
358.448
269.408
454.82
232.235
259.92
248.578
156.564
84.926
455.885
213.822
282.456
32.2221
143.735
217.702
247.764
376.204
458.489
233.007
125.43
270.485
272.451
311.112
11.0125
301.406
324.164
387.635
298.17
209.276
261.063
276.87
322.28
12.1046
269.282
0.827996
306.274
425.852
177.075
276.594
16.0677
287.686
276.839
391.109
192.339
451.025
345.29
88.0132
232.9
159.482
308.727
232.131
134.965
403.563
202.763
0.948356
322.752
5.12728
461.451
395.364
273.672
16.1251
312.14
9.77535
457.831
122.296
327.814
7.1112
241.574
424.162
393.027
213.692
363.736
4.8525
427.872
447.779
273.062
69.0578
15.8388
37.2456
461.505
290.215
214.447
414.868
428.965
448.843
140.572
286.276
10.28
63.9881
9.96631
366.096
166.589
8.61571
388.745
309.97
209.86
140.215
233.073
461.648
456.256
201.999
195.806
8.41794
12.7296
130.158
387.162
242.899
10.0986
290.833
327.244
458.877
353.602
152.676
409.692
80.959
234.398
106.501
30.6896
38.9911
285.707
216.836
114.344
453.25
446.658
331.481
244.141
451.672
8.03038
225.204
407.877
227.745
455.411
234.46
387.336
353.577
348.552
0.883485
442.037
166.938
72.4979
417.219
155.172
377.587
110.073
184.103
3.75958
440.494
332.339
179.884
460.368
461.244
327.995
348.904
80.3633
457.99
321.748
348.496
458.436
454.881
123.181
449.767
278.839
14.4371
307.153
319.104
205.946
11.7715
356.003
452.519
114.071
1.95396
241.857
393.512
185.225
280.289
14.0574
70.3504
195.625
348.613
460.444
0.451109
229.294
340.791
232.191
300.494
279.479
139.009
456.349
200.956
386.228
259.235
366.314
16.5844
63.3166
314.108
306.223
436.16
179.722
350.579
263.389
336.999
233.034
460.427
270.902
128.293
24.8455
320.175
285.68
103.724
247.464
445.138
444.067
75.2111
204.62
456.052
333.714
10.0475
444.6
2.68533
94.2988
117.394
351.734
263.416
309.658
253.575
108.507
168.962
407.762
411.638
385.212
112.566
1.66732
446.042
102.553
254.927
156.492
365.2
415.291
2.00022
100.944
238.794
266.014
95.2438
394.566
425.508
448.133
367.344
229.351
81.3492
105.446
153.203
453.854
314.13
17.2844
91.6348
361.658
447.157
382.004
458.105
119.552
122.877
61.6509
158.051
14.5976
127.106
379.803
445.231
232.242
220.379
420.244
436.043
429.578
244.916
409.511
270.043
17.0102
449.003
362.847
191.62
310.25
216.783
44.0408
414.083
16.2567
395.413
341.732
293.687
199.272
255.452
447.337
335.459
345.492
456.48
94.6992
172.734
268.633
380.739
178.845
54.9625
328.279
359.452
460.843
288.931
290.78
156.391
112.223
121.334
184.799
460.822
281.858
281.53
439.345
6.01535
184.027
146.224
329.123
458.307
10.5489
178.926
304.083
359.347
414.736
287.525
454.031
445.233
454.042
2.3958
351.713
8.03823
451.498
0.434702
311.951
55.9491
11.8744
235.351
445.588
59.3758
462.132
330.925
453.004
233.022
11.8289
3.83274
108.463
229.968
246.27
360.834
443.859
313.162
232.14
452.812
443.677
445.19
407.528
457.456
10.0485
1.15346
446.574
277.095
129.477
445.909
152.281
452.804
306.5
2.90221
265.514
447.658
337.487
202.118
330.095
232.424
408.975
201.365
448.706
444.723
288.066
452.976
191.148
318.701
126.021
188.563
3.74679
3.86354
17.1784
461.923
113.124
12.1757
372.74
444.783
291.746
377.005
375.63
245.978
322.729
452.163
417.894
111.987
272.43
448.321
362.716
18.3646
41.1164
296.841
211.989
419.195
127.302
250.266
251.147
283.919
160.353
267.559
189.752
2.08189
336.372
252.42
447.3
7.06364
354.929
159.661
306.776
28.7581
460.693
284.591
143.693
460.624
83.459
461.566
210.261
30.8006
99.1842
4.73964
343.792
12.1093
155.443
282.971
457.784
3.37661
275.948
325.581
169.156
410.961
258.74
320.712
97.6608
291.468
321.115
447.468
237.443
232.91
255.062
23.1456
248.87
295.794
387.51
281.133
135.556
248.58
389.388
269.901
357.29
70.8907
239.252
287.807
299.108
167.934
332.662
301.374
402.355
317.855
224.694
393.878
112.27
157.572
287.107
458.354
248.674
335.938
28.3452
125.507
54.1905
38.2463
441.127
362.716
337.941
367.966
403.721
451.092
333.995
445.825
446.458
284.623
285.178
10.4582
318.244
456.999
244.18
271.848
8.80145
97.031
27.554
314.678
448.505
218.734
16.4703
314.715
372.597
162.815
116.007
234.747
14.2087
126.304
135.562
4.64106
120.512
303.827
249.242
261.842
122.279
210.525
328.852
385.135
10.0622
186.834
6.91744
313.295
397.203
3.0285
152.645
279.198
163.318
459.762
229.733
403.055
457.33
14.7957
424.458
285.675
453.995
233.292
293.732
254.149
462.651
71.89
441.767
274.661
232.605
23.3539
151.844
163.856
188.308
452.641
346.574
358.321
400.219
279.568
404.245
262.848
209.151
461.86
413.47
140.584
42.8463
19.3398
84.7439
420.866
292.604
0.496502
10.1462
5.24801
26.79
458.696
162.63
336.266
17.8786
353.04
212.499
460.932
110.563
201.077
273.139
199.279
428.466
205.111
435.045
171.041
153.873
249.775
6.82431
242.487
452.037
56.3641
439.342
376.323
452.107
391.139
230.254
4.33411
449.724
445.147
64.0486
12.9439
163.796
92.235
450.323
11.0938
0.477765
459.515
460.948
452.496
461.79
450.16
304.353
304.69
-0.601288
142.726
407.585
434.866
310.814
259.308
454.235
405.68
102.652
345.191
285.963
449.228
448.186
113.775
227.428
400.794
260.836
288.109
411.191
8.86389
399.577
332.932
197.072
421.211
34.7815
232.961
93.5142
229.582
455.384
386.769
260.844
208.792
302.85
209.219
233.102
123.374
362.622
27.3638
342.386
265.722
382.965
422.214
111.591
232.594
428.52
41.2798
6.70573
449.941
233.513
40.1465
218.099
334.157
102.574
218.514
178.524
16.2023
146.255
16.4684
0.810809
337.486
266.959
450.477
78.0087
233.775
49.5295
267.562
223.674
295.673
166.491
378.559
76.6144
448.913
177.389
359.705
341.083
454.987
213.174
349.273
232.47
48.7065
24.395
11.9182
236.066
231.888
42.9005
331.5
247.861
154.241
227.58
416.282
120.717
433.265
120.418
316.708
169.66
347.103
136.627
7.50393
232.297
17.5934
320.476
459.189
14.359
147.516
345.979
62.3761
441.937
347.047
259.999
194.962
264.7
8.4761
7.33541
369.716
7.05771
386.823
404.343
228.44
6.15058
361.451
294.943
395.937
176.396
120.412
460.285
454.117
452.827
373.998
175.538
459.817
112.953
10.9697
280.382
373.589
450.737
189.852
393.604
448.262
319.374
204.523
449.116
320.801
219.526
451.823
25.3302
100.192
352.083
375.125
8.7538
111.402
54.229
413.94
87.7145
249.923
449.495
369.115
381.808
328.523
455.415
445.079
391.243
342.24
353.018
445.333
458.611
444.178
241.145
299.835
279.26
401.556
-0.195557
389.268
414.528
14.3322
5.59603
327.433
257.285
13.3857
141.109
273.629
232.276
251.656
60.4113
225.921
245.754
191.292
337.224
13.0966
44.3906
43.9862
450.648
39.7652
188.706
448.156
231.558
117.451
392.91
100.711
393.537
227.231
444.347
450.46
421.431
202.706
456.244
23.9855
447.134
396.97
149.008
232.5
304.357
7.19293
177.053
153.78
11.2876
42.2235
276.273
282.473
271.561
33.5551
232.252
306.361
319.952
356.398
14.8603
388.689
222.887
453.019
11.0211
8.6332
233.572
70.9568
454.358
146.749
441.001
27.7541
46.6696
34.4857
450.194
346.584
402.797
80.2494
338.627
291.618
175.103
158.422
377.126
335.913
232.923
309.673
303.115
201.243
289.428
398.726
345.895
331.861
321.841
9.61238
329.217
299.149
448.157
197.113
8.60462
286.757
12.4768
192.447
82.4196
453.968
314.796
5.79248
245.355
7.54717
1.39551
323.212
10.4318
447.367
233.804
261.079
116.259
129.677
258.37
457.888
329.506
16.0008
171.021
61.9598
372.806
2.58035
94.7165
292.535
163.628
218.07
459.842
232.465
75.2098
316.376
187.337
344.094
317.361
373.394
261.391
358.783
4.75067
437.863
401.646
194.336
75.2821
275.804
295.476
227.656
16.7459
272.086
369.576
279.618
203.854
446.961
404.311
358.914
15.3408
105.421
302.015
405.702
452.801
340.546
367.62
363.516
37.3338
57.4997
454.129
393.404
352.297
386.779
261.875
336.785
225.902
4.64269
436.602
321.854
295.186
317.454
285.05
358.499
254.686
309.1
157.319
59.7174
450.92
14.8163
185.615
457.47
185.022
420.993
461.33
385.861
239.234
7.54907
262.404
0.939065
416.545
232.402
454.417
456.458
445.352
155.603
129.899
28.6739
446.477
307.498
287.365
61.9654
203.218
160.856
11.5882
351.542
-2.48248
434.632
95.7785
11.3522
330.45
151.954
433.567
321.243
457.469
419.195
457.9
453.103
140.454
377.59
462.425
454.856
456.481
292.535
89.1117
316.867
264.269
454.768
403.404
345.655
410.352
8.79298
312.91
380.432
1.56314
195.574
14.922
405.271
66.5733
306.018
130.683
359.556
158.561
461.366
13.2507
433.153
335.006
234.206
3.04424
447.126
98.6057
458.987
11.6589
403.134
131.78
259.261
373.254
170.084
291.798
254.939
420.735
38.0502
453.043
273.618
14.2496
291.18
460.615
359.087
424.811
295.222
185.658
397.819
379.417
265.881
165.466
204.556
446.977
7.30808
222.757
7.54128
388.803
113.893
197.86
355.609
311.292
298.65
160.377
366.714
311.471
311.336
345.74
444.943
363.377
457.122
217.392
281.922
232.571
232.74
397.185
450.747
233.02
454.348
7.98408
75.9079
283.089
401.257
125.513
232.921
48.0328
367.521
109.26
31.0087
268.83
327.561
417.5
454.738
188.038
456.551
338.621
425.67
316.747
419.036
132.595
306.927
14.9355
4.81715
91.9085
461.037
173.432
445.04
263.689
167.891
282.701
220.71
450.396
351.658
451.154
323.377
191.495
144.988
306.468
313.09
17.194
158.192
11.4505
2.45636
76.718
29.4514
454.901
186.634
292.371
425.135
447.798
71.3611
91.0119
44.9535
393.909
448.004
241.208
285.557
262.267
318.629
460.926
452.354
453.065
12.7876
408.801
136.973
136.518
57.5426
58.9675
428.455
80.9302
250.029
232.069
16.9702
339.744
293.331
66.3033
15.316
218.918
315.35
82.8081
175.795
461.404
287.556
356.584
30.5508
347.303
159.382
113.345
332.344
206.948
44.8111
301.006
392.598
323.759
394.521
102.606
308.836
415.77
14.3494
454.957
233.801
268.806
41.8891
12.9604
344.131
4.22312
461.783
387.946
443.153
455.681
276.902
252.468
435.746
203.323
276.39
18.2089
231.632
126.793
335.872
452.412
391.837
277.396
225.124
448.625
106.612
252.011
80.5732
282.122
458.956
372.536
176.796
254.425
174.339
256.247
207.927
457.203
266.457
317.336
12.7101
343.109
161.94
100.254
3.4585
311.932
445.88
350.467
396.842
399.749
10.4677
458.59
24.802
404.845
232.537
455.891
405.862
448.843
336.844
392.507
80.9592
285.588
359.196
363.283
452.48
317.112
451.306
314.097
11.1668
180.221
445.381
371.251
373.792
457.605
232.332
115.392
335.512
366.992
5.20544
312.359
355.041
38.2222
195.743
231.801
133.879
356.031
232.879
279.362
94.8332
144.723
231.034
339.457
195.327
50.6738
356.353
5.21265
443.302
453.441
93.6417
232.632
404.831
191.3
15.7188
156.146
234.055
361.075
356.597
10.9121
310.362
397.127
342.558
125.199
52.8175
202.968
15.4684
414.061
409.849
278.289
394.409
417.067
6.90088
3.59487
224.637
9.91541
181.054
62.3988
299.695
147.239
315.993
457.962
281.067
416.516
417.028
227.276
309.364
116.151
50.8978
0.702852
310.905
1.22035
311.423
233.292
246.114
300.114
441.19
458.497
140.935
323.891
290.903
331.252
382.413
351.29
461.052
240.214
303.128
275.087
322.46
452.454
317.805
460.526
104.69
289.248
370.352
316.762
222.001
293.532
114.108
373.445
457.96
253.836
259.41
457.247
44.561
10.373
373.705
4.78272
231.866
219.029
353.256
259.604
438.304
130.005
161.183
126.797
40.7031
382.27
87.1113
314.271
128.236
115.832
453.018
376.561
456.15
294.249
63.9546
371.07
121.406
463.005
423.606
319.434
193.03
451.43
430.782
382.254
136.128
5.15382
422.76
269.964
131.623
229.847
359.788
326.703
233.173
450.79
379.745
235.694
340.765
318.795
450.417
116.569
0.998425
366.772
447.557
191.675
374.042
12.297
176.553
354.303
319.912
442.61
15.2322
231.447
187.588
374.183
375.861
277.787
307.345
64.8298
332.188
297.183
4.26685
2.536
178.184
328.85
233.351
232.301
295.614
444.289
10.1749
449.297
453.1
20.7887
165.157
459.626
327.094
114.092
187.49
439.576
361.014
301.138
369.88
232.416
276.638
314.836
361.731
47.9697
4.83588
32.2498
339.769
313.07
147.837
341.554
455.373
453.4
458.376
179.049
312.568
232.441
200.034
259.199
275.082
451.017
170.665
68.7973
449.167
237.285
308.478
246.31
263.609
16.2976
99.6164
279.233
5.58115
141.757
357.509
310.435
0.948462
451.62
148.401
377.921
13.2403
193.766
1.60934
232.641
444.94
448.043
454.959
274.11
307.21
12.3178
446.211
152.494
230.4
169.814
461.354
119.187
276.593
276.78
58.9626
322.33
189.794
455.8
62.9469
284.882
327.131
56.3915
106.42
376.386
336.876
54.6645
1.32596
218.779
69.8113
456.126
305.431
286.167
453.253
154.933
315.53
114.721
72.6858
427.903
15.0293
209.385
213.499
418.788
286.266
294.817
429.574
402.333
391.274
307.184
247.611
309.881
6.46394
365.195
352.936
293.383
413.492
450.423
336.823
103.476
357.732
282.983
461.177
337.699
450.765
456.653
430.614
248.564
454.083
285.334
218.281
236.673
425.574
122.929
273.805
4.04601
246.753
134.022
0.747038
16.1086
15.3236
267.111
263.213
209.413
433.515
450.307
364.955
47.4434
254.566
398.688
445.613
10.7522
444.039
284.553
83.7482
427.304
19.5354
455.937
183.199
450.816
37.3254
76.1645
153.293
188.81
425.136
356.589
461.358
16.945
51.4415
445.618
453.286
174.589
432.373
296.98
397.12
139.084
418.98
233.785
298.083
462.115
449.423
454.926
58.8096
10.983
405.781
247.736
17.1902
0.2434
452.754
356.445
319.641
228.125
453.852
386.638
347.564
119.704
106.623
374.775
443.74
144.432
448.48
11.4766
403.078
108.141
377.809
177.009
1.39388
232.273
462.172
416.771
451.269
165.461
344.13
359.408
401.661
427.546
375.77
455.315
436.64
433.798
347.009
421.108
57.4857
343.76
377.206
232.939
281.339
354.331
342.68
457.822
448.7
115.883
428.295
7.26076
460.672
277.584
448.121
399.245
369.106
449.858
163.072
446.732
174.103
273.841
1.32877
258.009
52.3035
3.95617
98.8016
1.64353
264.522
1.63808
306.359
445.467
317.949
456.566
315.065
349.618
2.8034
4.58169
3.41683
11.3051
226.435
446.388
170.241
326.924
12.9091
181.298
252.871
394.194
447.737
251.661
282.922
446.909
451.786
354.331
350.661
376.041
446.07
349.661
254.404
435.245
324.752
113.922
0.538661
450.32
102.889
451.822
101.867
308.245
461.138
315.224
312.881
182.774
300.586
336.833
376.021
164.352
360.903
355.252
453.474
88.0085
14.2852
162.286
43.8507
241.351
396.401
2.82108
389.337
309.553
434.356
11.2956
353.887
202.027
16.8406
285.078
378.359
443.435
232.741
444.649
27.4251
239.212
407.452
109.279
80.6852
440.641
284.106
295.231
13.746
401.475
262.399
9.6271
206.359
55.338
158.875
82.8022
21.3711
141.576
197.705
452.601
461.398
0.801765
452.088
282.761
401.2
247.294
358.848
26.5085
385.371
122.0
16.734
338.428
388.95
213.467
119.533
416.67
95.88
460.801
265.542
412.901
14.2874
232.369
4.87608
455.234
150.097
369.095
80.7472
83.0561
416.502
90.3959
60.5646
454.259
398.632
216.682
272.427
350.847
297.809
238.246
300.471
460.664
438.533
55.1108
32.66
123.889
67.1846
442.514
210.645
457.485
459.894
373.061
10.8619
397.541
412.523
449.021
443.983
456.422
46.5297
14.0201
11.4798
422.579
112.166
326.786
202.08
387.084
363.669
457.593
454.848
343.925
217.429
86.0428
255.803
320.053
435.667
136.39
132.078
216.387
411.925
365.217
305.591
8.32152
373.455
461.039
154.86
353.217
260.978
275.839
402.064
58.4044
357.157
235.47
16.1334
153.842
8.81565
257.197
1.45431
263.248
454.668
14.046
327.643
447.03
349.484
105.264
371.646
437.416
332.347
165.957
12.0613
378.582
253.573
406.976
415.371
410.005
444.29
362.038
201.806
51.6311
418.024
284.782
384.258
367.828
251.576
450.152
446.491
453.755
234.438
190.302
327.38
233.228
97.156
441.608
170.789
0.708886
454.953
13.7774
213.486
37.3618
13.7581
247.111
343.355
292.839
404.775
356.254
455.206
399.614
231.933
120.304
457.18
446.116
443.87
185.859
245.311
14.2398
116.517
431.398
456.664
299.066
274.39
329.163
453.434
152.37
398.43
282.141
455.616
460.436
393.977
144.435
349.446
319.366
304.363
87.444
452.909
330.263
-1.83647
112.883
93.303
65.0275
447.025
404.602
1.92504
447.05
325.763
310.176
339.336
1.91009
279.572
449.343
169.091
180.869
166.611
69.4807
81.505
306.249
267.598
315.115
232.545
227.989
232.168
241.129
173.693
323.461
4.3181
45.4443
233.623
70.7055
446.056
276.404
41.0594
176.137
348.717
457.907
342.236
362.703
225.343
341.83
305.248
211.839
380.023
443.87
328.978
367.434
449.165
370.927
257.287
303.242
202.31
365.21
442.305
16.407
149.434
447.682
385.557
323.038
257.722
9.64417
260.769
456.754
417.311
133.427
11.8831
355.441
204.5
439.947
88.4994
342.039
285.853
314.896
100.301
2.17655
438.832
259.354
391.791
454.082
356.81
458.245
129.357
232.413
11.0914
234.651
442.532
181.454
106.349
305.851
329.328
151.996
371.365
8.30455
82.9489
272.096
256.266
72.9166
371.246
455.633
233.143
347.587
194.292
409.303
386.919
268.409
16.023
371.729
347.558
320.71
181.993
244.197
342.546
449.688
460.02
458.022
296.355
414.185
316.853
392.544
292.296
456.488
421.478
274.123
385.751
451.01
118.654
73.4038
462.31
16.0264
3.1339
19.7922
154.55
229.408
399.943
198.618
269.689
8.53047
371.466
452.682
236.948
89.1887
290.472
178.141
234.102
316.796
394.663
303.834
16.1599
336.247
389.232
312.458
272.721
233.896
133.819
214.111
401.124
12.4253
11.1238
413.889
453.798
232.412
275.876
19.521
374.026
321.984
165.456
315.275
15.8098
273.626
306.421
308.655
326.712
325.051
451.605
354.633
388.899
147.12
254.296
251.237
389.777
381.268
202.225
294.834
325.219
53.4142
68.1368
263.219
147.944
266.418
29.0445
315.72
175.454
366.776
181.817
240.033
11.4771
277.058
122.013
451.631
14.8219
345.914
232.5
457.971
84.377
294.127
413.199
140.969
350.424
274.113
185.17
60.4738
448.352
117.404
4.9317
448.14
21.4055
12.6397
96.1215
423.473
450.904
458.217
144.148
9.39678
308.915
461.454
309.575
306.458
446.124
81.2305
430.605
333.09
133.647
374.243
202.901
100.514
133.914
213.1
5.62819
7.93315
333.909
217.509
312.613
253.764
335.945
344.956
321.082
68.5105
392.89
15.7905
222.491
293.487
460.448
168.597
323.254
359.942
461.794
129.741
178.728
331.714
433.581
16.3274
59.1499
377.512
448.944
256.131
461.97
451.412
121.717
249.488
233.414
88.5225
447.144
143.747
217.336
413.86
347.993
1.3902
369.812
251.962
221.169
460.061
275.502
287.768
202.318
457.958
354.055
456.566
322.654
408.836
342.508
312.53
372.128
138.094
240.037
443.062
460.928
434.083
447.162
325.739
460.467
453.982
228.083
120.015
22.0318
362.259
55.3056
129.473
211.45
395.496
6.95498
370.375
15.6388
198.553
72.9005
461.324
311.73
389.134
98.6685
209.716
235.333
119.607
203.642
279.825
235.624
5.10006
400.658
297.956
42.1236
369.363
125.031
351.808
425.294
11.994
90.8334
4.81187
462.923
453.905
331.752
451.429
86.0805
94.959
303.619
1.17505
348.138
398.718
239.738
439.129
248.486
232.301
227.06
16.2883
427.814
209.364
232.379
454.762
461.727
74.4697
232.563
13.4033
283.822
324.067
446.104
7.88888
454.32
264.225
336.31
143.998
3.16356
372.415
9.37188
457.868
11.7368
413.023
147.86
358.974
12.2459
295.12
449.802
354.094
371.249
452.08
41.9342
461.356
68.7223
316.959
32.0463
56.8354
450.243
196.928
325.751
15.4948
7.42143
18.0485
186.97
57.3368
184.225
13.6525
226.497
7.7676
444.817
194.389
437.228
452.737
372.622
398.51
1.88273
267.703
54.0606
299.056
434.905
383.781
330.308
252.409
341.054
291.971
182.161
449.216
246.857
253.864
158.438
423.831
93.553
352.626
180.946
271.127
113.082
273.968
170.263
450.449
453.747
298.512
2.05062
238.401
310.872
361.212
443.94
7.32156
296.152
439.947
286.235
315.24
450.383
442.26
447.334
222.187
358.597
7.89424
410.071
425.488
226.791
449.857
79.5214
355.415
231.251
382.151
173.687
446.693
198.398
458.231
1.23164
461.002
358.567
461.208
226.06
189.444
15.1044
271.042
332.78
378.807
446.673
394.646
137.325
293.171
220.269
448.146
16.1052
210.276
214.549
253.041
299.43
108.212
328.536
165.569
230.839
461.67
413.723
138.703
14.1721
117.464
253.533
114.577
335.125
381.511
310.978
67.5366
460.06
130.982
7.2438
433.079
2.17921
357.037
301.215
250.608
345.241
197.153
389.395
295.481
189.639
168.424
219.51
339.211
245.326
268.456
236.05
326.136
226.51
429.357
310.192
111.835
63.9776
8.12236
401.147
219.717
181.134
214.308
3.20441
67.3697
362.256
7.29913
461.715
386.879
277.263
316.049
180.173
253.203
436.408
12.4648
441.654
456.269
436.834
451.284
447.614
1.68155
452.671
449.23
155.837
461.887
320.09
307.723
182.059
459.161
94.6911
453.075
3.02083
10.6891
377.02
142.605
271.979
339.686
201.555
442.408
127.557
456.853
331.868
0.689047
127.702
345.273
410.517
246.38
389.188
252.729
232.204
246.396
66.5462
344.787
450.37
437.47
-0.315276
7.70628
0.668469
131.416
8.98398
442.061
170.285
4.80446
363.726
16.2242
322.57
115.315
320.005
421.193
151.362
308.065
408.344
4.75534
159.879
285.012
226.609
448.0
165.805
186.908
278.966
275.384
326.538
309.731
113.468
130.393
380.736
452.623
222.188
131.535
409.053
396.619
319.486
209.127
224.614
315.918
242.533
461.772
10.3032
128.098
452.082
232.698
439.53
177.483
388.588
220.644
272.15
76.2262
187.865
3.03992
178.258
16.3462
446.713
360.706
256.555
4.04626
433.238
327.417
426.659
280.019
232.979
16.0558
0.641407
46.9982
367.594
327.726
441.755
377.32
173.115
18.0364
247.333
420.777
251.805
319.731
452.996
440.441
0.994146
453.735
156.3
449.872
197.057
153.634
88.9175
232.462
402.708
7.69763
232.165
254.378
455.333
249.29
297.198
247.446
229.096
446.679
370.607
445.631
392.016
440.93
272.998
111.349
456.061
293.386
452.443
270.131
296.51
3.12736
404.845
272.256
61.1931
409.836
454.716
235.35
251.1
47.947
452.074
396.499
446.244
232.096
4.86746
447.915
14.5557
8.40987
195.19
389.823
232.76
96.0299
305.872
456.667
146.665
278.222
146.155
287.349
253.518
231.547
16.0638
303.391
457.045
456.234
329.656
277.526
337.365
101.501
1.11818
112.144
26.7472
439.211
0.231594
140.614
370.244
272.16
32.0073
441.972
408.838
180.798
319.348
454.637
405.299
132.252
416.569
312.588
266.385
449.9
9.71338
260.585
149.278
396.285
234.467
359.806
279.956
456.84
360.886
353.349
39.5564
251.169
367.448
215.26
455.917
234.921
306.508
308.633
446.39
113.063
331.922
329.8
11.1953
389.815
187.664
365.276
323.949
327.489
148.895
299.825
298.565
450.791
319.63
438.495
57.7146
5.7027
339.143
5.15584
43.3154
3.63958
254.166
88.5762
3.94044
388.189
442.927
345.438
9.11138
327.549
171.074
442.41
0.831047
10.1683
7.79553
8.96721
363.323
374.215
99.601
392.702
232.182
12.068
221.017
381.424
43.1048
454.984
311.01
158.093
81.716
12.9962
416.573
0.957269
279.632
14.1871
174.904
454.347
228.41
283.236
268.291
295.312
183.36
456.343
125.883
171.715
457.298
227.597
437.919
154.219
9.51875
195.661
284.225
255.212
419.558
335.213
218.921
447.168
416.896
232.548
93.8069
451.209
280.734
339.881
416.532
88.4957
343.56
446.283
408.789
9.23899
11.8821
148.389
391.402
278.861
10.4358
457.332
220.619
38.2881
444.313
277.165
124.0
11.862
393.276
232.599
379.959
78.9382
410.5
258.295
327.92
131.754
146.713
452.035
455.792
53.0284
414.94
201.983
380.994
12.5288
8.85594
151.701
170.255
232.413
305.072
84.773
22.1587
10.0653
232.788
92.775
455.116
70.6625
172.404
209.491
159.397
33.619
285.161
329.413
182.678
10.8122
444.543
142.607
274.277
110.706
452.944
456.178
28.4735
223.276
8.13702
297.85
14.2244
16.2791
103.121
406.99
304.908
232.42
212.831
142.321
101.886
460.474
202.108
452.991
222.895
342.839
244.329
199.515
114.087
378.578
407.402
157.902
336.658
146.551
145.011
287.676
233.016
331.752
455.113
54.2742
449.31
446.407
450.57
9.09969
13.4421
80.3005
3.60546
383.442
5.01242
451.128
13.0711
358.618
457.373
3.03464
282.243
59.3343
162.614
251.666
430.957
317.824
263.695
454.407
288.1
13.4526
389.995
273.106
56.0418
322.234
449.205
124.702
283.039
275.276
340.914
457.07
128.717
420.743
397.246
336.729
356.29
227.418
236.92
459.059
195.396
79.0787
457.058
455.645
102.564
214.348
455.597
207.892
345.783
130.877
456.854
247.52
351.475
452.53
2.21308
11.3748
359.195
28.7358
1.80825
17.7396
348.562
136.355
260.455
173.433
113.612
15.747
450.737
458.155
462.105
12.5166
212.975
455.566
90.4369
322.803
91.9668
446.53
403.247
13.7633
208.265
443.305
422.74
269.636
340.45
315.529
355.25
394.994
231.687
315.23
273.486
305.067
173.284
29.3542
120.242
215.767
79.4489
9.61705
355.782
233.016
271.823
300.093
209.633
293.162
321.758
448.639
433.948
317.704
148.125
14.566
451.22
70.8059
104.598
254.019
117.695
12.686
155.549
353.145
298.315
379.374
448.788
41.8658
289.378
217.945
104.008
458.531
455.263
1.1893
431.802
88.4068
207.421
234.914
210.085
382.599
10.4981
5.09183
412.176
168.96
450.127
403.984
16.3186
456.011
266.127
449.361
12.2122
381.62
210.683
243.962
430.184
410.064
220.74
452.498
160.299
438.952
6.22606
339.719
424.657
87.5051
150.622
231.208
191.845
455.515
129.355
81.9506
159.713
14.0974
341.574
154.255
244.729
149.067
219.845
314.769
125.934
302.282
47.405
239.872
361.19
23.8478
385.573
359.547
452.217
155.191
296.393
333.149
451.681
272.613
430.846
284.928
272.275
439.185
6.95548
296.41
301.184
352.88
452.225
115.837
315.109
83.9853
99.3983
68.8366
66.7032
373.905
389.541
377.716
197.343
342.799
398.643
6.69562
318.093
211.466
324.607
181.633
303.292
456.752
390.132
212.776
186.477
233.703
3.45102
256.404
2.417
457.235
226.114
251.286
21.8113
2.17498
254.334
305.082
375.122
382.671
186.395
369.574
453.769
227.048
117.138
318.291
282.687
270.338
454.243
229.832
379.976
441.996
314.298
143.569
453.549
377.697
280.642
118.397
452.147
126.25
233.363
182.774
341.16
318.502
9.10899
77.6792
337.12
291.916
249.759
456.34
232.407
423.96
453.152
274.723
232.509
79.5585
446.511
278.814
119.717
337.317
338.877
462.323
450.779
1.12438
170.844
180.213
336.595
263.647
364.985
229.378
459.45
454.612
66.4848
132.199
253.846
443.03
15.2939
164.039
93.076
278.706
381.183
451.675
110.775
317.266
435.417
450.526
450.063
125.437
406.036
118.688
12.8224
113.113
320.567
284.42
232.349
107.629
446.662
16.6507
446.102
87.7345
411.44
448.506
12.3762
402.489
179.0
359.576
452.508
232.327
387.211
160.258
169.357
164.12
209.613
41.0429
414.723
389.33
415.195
156.503
14.369
350.583
253.57
279.972
83.8188
14.2836
117.524
65.0571
226.737
82.7226
184.42
170.644
139.006
284.362
370.972
118.405
205.036
352.337
452.722
433.266
36.7164
286.683
228.592
287.234
373.639
12.5124
9.26515
390.298
53.1015
404.821
13.5101
5.15079
250.21
259.184
449.923
333.774
353.06
381.946
369.876
9.6596
447.918
201.578
455.963
211.579
161.239
288.725
16.0614
309.271
9.63945
398.022
268.465
331.137
449.549
297.558
291.556
281.002
305.61
332.127
37.9496
301.504
447.237
428.319
379.592
453.084
446.086
318.1
415.104
0.0850736
356.883
5.00689
322.416
445.803
354.383
14.6653
96.4557
300.236
346.16
398.635
247.179
206.178
262.786
305.397
448.439
412.698
295.65
394.013
256.31
9.4544
1.75826
316.833
11.1587
318.27
442.678
149.135
345.582
232.112
11.5053
424.064
433.883
259.881
2.92828
115.304
233.834
307.044
429.015
363.679
456.001
1.49328
59.6447
366.309
134.109
254.572
419.194
314.305
17.2938
453.672
290.628
202.176
37.5849
24.9066
311.437
173.052
39.2426
15.6713
374.583
230.303
307.149
71.8232
363.869
446.077
104.524
448.436
400.429
234.975
332.941
460.777
232.133
443.906
78.7423
176.987
300.242
179.323
331.494
358.133
332.047
115.485
225.039
39.0919
353.555
6.76353
418.071
33.2646
206.363
233.979
353.137
333.423
205.773
258.765
458.206
381.121
417.073
229.411
460.512
234.348
361.898
260.829
289.902
12.4664
3.06183
364.031
205.028
354.511
437.576
277.046
451.64
148.698
261.794
435.173
447.71
341.934
132.653
6.63107
299.339
1.2115
440.82
421.018
341.753
347.956
166.265
32.9851
447.715
30.2888
220.275
213.595
72.0973
452.046
316.846
302.247
368.786
373.411
353.653
312.313
8.76996
403.705
336.37
2.77318
3.67565
371.053
1.27702
275.813
447.341
293.732
393.812
398.813
432.896
268.312
282.684
459.124
457.661
378.145
456.73
417.587
14.7184
0.756077
448.777
405.812
129.359
455.143
11.2487
318.974
172.604
404.807
333.73
229.705
448.341
451.543
440.689
75.2007
343.573
316.5
458.82
320.663
313.318
314.152
73.1512
15.131
232.199
11.491
129.003
7.87953
332.649
450.16
409.807
228.07
455.703
413.626
0.0862605
14.8494
254.609
142.956
139.632
451.99
147.316
404.949
375.994
453.256
101.754
328.743
146.95
281.652
13.8793
447.522
61.3544
278.401
198.826
209.913
330.981
18.8124
226.58
360.084
461.422
139.185
461.944
245.901
312.012
456.659
455.089
0.395409
200.33
456.069
7.9693
404.908
435.889
386.456
320.229
424.274
323.77
401.958
7.60803
16.1723
322.831
432.324
200.432
237.593
7.24409
443.932
453.646
94.1355
429.837
302.409
41.2303
451.064
391.551
257.793
302.254
396.971
253.541
165.813
207.854
332.492
209.122
297.329
148.937
8.78675
405.622
43.6152
68.0975
43.2313
106.02
449.462
215.062
368.87
284.274
131.671
355.284
460.095
2.25126
327.661
121.013
410.846
358.708
286.193
405.842
276.238
265.729
160.68
419.377
104.012
173.138
456.496
125.884
350.205
18.5167
368.396
255.191
461.58
251.681
184.438
221.608
354.429
191.656
165.963
190.689
365.38
281.024
354.875
330.366
17.5379
124.759
308.498
356.912
348.353
415.331
347.158
231.939
353.151
456.643
459.519
201.729
453.96
417.63
200.948
17.7328
10.6459
13.4466
230.879
90.0265
410.907
90.0831
262.372
315.965
325.987
170.012
339.684
328.097
383.422
232.697
291.214
68.5005
117.177
329.179
387.442
19.7782
459.017
98.2674
155.932
311.779
288.503
385.574
8.20359
282.727
96.6973
266.695
267.323
230.476
299.453
225.254
445.627
427.195
295.934
400.694
447.305
453.926
285.768
452.443
18.2844
396.064
428.449
435.527
102.497
334.877
240.009
379.601
232.816
6.11262
232.702
227.763
275.086
5.49874
18.3581
394.694
3.57075
269.27
450.205
115.138
429.707
40.306
37.8245
194.309
440.698
78.9223
419.312
319.568
201.449
373.227
314.05
107.994
284.807
306.754
448.334
205.55
283.493
9.68804
3.36664
14.4717
429.109
375.815
453.798
238.353
197.601
59.7257
310.756
416.849
447.142
453.752
383.914
203.429
346.114
14.1387
292.058
33.8597
456.456
13.3829
321.206
432.535
359.958
369.074
259.976
252.882
296.111
457.383
388.406
426.278
233.62
104.023
447.364
298.245
93.4462
458.153
80.0139
234.677
213.56
82.4053
453.388
232.26
-1.22196
440.837
448.746
378.382
65.7452
14.3483
446.651
383.72
325.285
447.228
378.347
167.276
322.378
19.1653
442.749
439.548
56.6589
257.644
38.7882
444.198
236.797
253.344
453.049
414.526
448.515
232.55
82.8545
180.331
14.6371
323.012
301.837
104.08
392.788
390.258
447.519
146.676
96.5393
445.328
156.293
239.441
170.663
298.036
317.578
306.025
461.647
1.24628
206.301
299.5
451.571
65.1704
11.9755
262.551
196.631
214.071
251.634
299.29
456.416
452.488
255.13
416.607
342.438
84.2159
222.107
444.513
267.148
236.246
137.256
279.93
458.088
4.68038
259.223
371.658
384.572
457.859
216.604
274.546
12.0552
307.293
319.379
233.484
214.832
7.1023
119.847
447.058
247.621
283.008
107.069
132.323
275.83
383.933
455.241
433.902
375.771
460.347
219.679
93.668
5.54782
7.87933
338.904
123.58
418.868
20.1969
209.657
16.3302
461.281
338.447
429.958
14.5062
173.75
30.706
440.124
440.784
9.40195
1.26964
314.743
373.985
456.17
89.5625
349.633
276.762
1.08748
158.333
225.805
398.198
265.744
453.262
451.106
231.912
253.612
411.237
401.268
11.8793
305.652
241.663
336.55
276.09
167.451
152.072
443.18
430.481
-64.9981
143.452
373.265
376.456
456.365
303.027
419.058
50.2063
298.699
69.7336
272.32
436.682
248.022
446.079
0.825505
273.799
313.387
11.6894
312.855
396.786
198.461
453.862
44.7238
221.003
280.138
304.63
454.842
317.4
7.76647
445.071
362.532
10.4398
296.514
450.717
95.805
352.054
290.579
88.3709
230.176
326.672
170.482
425.787
233.818
275.342
445.644
161.338
379.251
20.6532
0.945785
177.795
333.611
260.895
447.057
415.246
450.08
254.829
126.58
388.443
192.701
194.749
455.293
455.87
11.7127
241.939
58.5073
91.0924
450.847
71.4684
372.315
353.685
232.872
461.72
121.011
457.676
426.209
64.6455
345.018
1.41459
324.554
36.8508
136.675
230.613
233.086
107.806
164.32
253.603
420.625
84.7212
430.601
445.845
427.123
1.06337
455.369
391.979
232.66
106.185
300.717
18.2298
451.51
446.397
450.95
321.349
219.761
16.8983
410.827
293.512
315.132
258.097
198.478
447.973
106.316
286.378
95.7887
51.2036
363.606
243.885
80.3179
453.44
261.751
11.5047
372.235
439.338
86.8494
8.22124
301.125
316.03
8.08612
462.198
90.7976
15.9552
274.743
446.647
66.404
408.252
456.208
383.225
87.5611
260.062
19.6616
137.47
132.793
450.244
101.885
324.945
233.7
365.71
172.148
369.496
16.7902
444.907
159.155
411.749
172.998
35.4138
34.6742
434.149
436.889
353.293
343.275
319.666
43.545
326.647
208.473
162.148
236.306
9.33848
223.121
323.341
376.834
5.66798
274.302
459.012
96.7473
130.448
332.682
346.199
353.047
353.428
456.643
245.853
166.378
454.545
457.316
446.048
404.635
402.752
397.467
316.931
233.284
277.438
381.096
442.907
316.971
380.395
281.065
0.606386
198.777
307.192
172.315
170.046
365.196
32.3433
125.826
433.798
451.099
83.2811
404.441
258.445
429.531
424.19
391.652
148.767
306.381
233.953
412.783
59.9923
15.2204
461.639
4.30095
97.5493
427.723
1.28047
452.944
337.279
461.167
259.277
1.83062
415.318
445.382
60.7899
143.616
251.656
40.7713
88.1334
72.9025
154.746
108.851
303.478
244.923
65.4549
326.964
434.318
461.505
254.181
228.299
230.828
360.917
70.144
227.006
445.915
232.94
402.713
129.414
446.649
6.79534
282.976
135.308
337.415
182.46
312.585
238.776
423.277
304.089
65.9081
182.734
447.059
288.353
20.2241
53.8334
303.103
461.491
2.99678
248.978
416.079
292.714
7.70322
38.8807
306.601
0.905167
298.442
11.5607
114.097
209.359
395.188
193.345
145.949
462.734
67.5468
0.567359
130.1
367.649
16.4873
385.818
426.113
288.803
236.239
197.962
295.164
382.578
454.0
434.554
414.317
319.818
450.589
223.152
400.788
162.728
8.40464
383.849
0.357895
447.8
12.9228
389.216
100.018
85.0792
172.535
5.19472
456.729
450.31
4.25101
232.968
76.5691
250.605
248.392
171.442
443.582
309.519
459.161
383.794
11.3906
55.2586
270.591
352.762
453.863
391.67
4.58012
269.631
31.9097
304.013
256.696
74.9405
201.931
155.291
150.675
402.342
420.403
233.143
52.2036
227.882
229.078
48.3968
456.012
263.216
460.912
423.286
232.86
142.183
319.184
321.942
153.304
144.725
253.968
234.022
260.721
2.74149
414.735
78.8152
357.197
449.472
306.816
146.561
38.6575
292.968
439.614
23.9511
64.0114
443.336
200.493
1.8664
451.22
338.402
447.862
131.97
357.967
125.878
458.087
403.98
233.663
455.67
196.562
444.633
311.161
76.0563
322.741
77.1997
441.822
269.302
227.962
388.526
305.583
359.754
336.089
50.5251
232.355
118.462
272.758
328.837
402.333
285.081
451.885
200.194
316.83
455.527
336.252
100.527
15.891
209.977
360.588
154.847
345.508
454.827
258.939
445.037
370.385
238.211
147.606
445.522
2.88093
233.498
335.235
54.2918
357.158
374.363
222.839
466.001
103.455
266.24
345.494
189.465
252.48
233.563
232.569
456.339
269.459
166.719
71.5701
194.368
133.612
331.977
65.0364
160.783
461.789
0.776966
441.204
232.546
161.971
253.246
71.9653
16.5204
135.123
233.842
335.577
278.791
158.561
117.971
461.641
450.149
70.8268
3.88345
138.385
83.8389
455.907
366.435
456.197
199.173
85.3962
317.919
228.928
20.9974
299.463
321.037
346.906
14.9087
58.5639
190.621
245.031
335.805
405.267
347.297
305.59
409.414
449.91
411.359
8.03618
402.392
1.16117
340.756
284.028
94.9277
368.616
322.192
14.2534
126.818
344.662
51.2536
171.488
-0.326634
188.525
382.928
322.381
233.554
411.297
251.249
223.859
202.665
329.909
250.562
428.722
13.066
335.963
456.318
454.768
280.758
135.256
249.847
229.669
258.243
300.139
212.837
391.801
367.1
447.051
449.007
13.0259
12.1675
341.265
272.27
356.334
432.414
345.09
316.726
105.063
1.69227
338.063
11.9483
232.774
14.9473
367.016
178.984
4.57627
270.972
68.9427
461.939
15.4355
461.389
446.255
308.708
275.122
409.733
297.085
418.666
218.701
6.91364
233.616
73.7399
445.418
404.346
5.75547
167.231
275.022
451.374
284.167
438.418
411.947
422.991
262.658
312.058
352.48
383.463
352.829
337.03
4.24137
318.206
249.933
185.58
3.0645
228.651
148.701
305.245
175.072
461.91
378.284
458.089
241.316
243.569
153.774
289.687
202.021
437.74
0.710747
397.281
451.062
9.35508
17.6581
3.47728
461.225
445.424
261.123
421.285
388.065
444.734
194.853
451.333
458.602
307.375
234.183
232.093
454.808
247.523
346.575
145.379
261.062
7.70503
368.282
232.287
437.548
281.933
64.6657
249.225
444.591
461.343
232.369
228.437
11.6515
265.598
326.16
327.198
334.93
36.5087
348.925
461.926
5.662
269.116
103.763
90.3613
427.267
210.247
116.148
298.234
395.726
215.941
100.123
133.872
192.83
319.961
461.386
454.488
397.243
211.886
358.459
330.215
385.226
166.302
89.1433
449.074
444.103
458.095
0.667265
426.985
420.61
25.648
223.641
13.8604
453.299
447.333
230.609
235.742
259.048
449.993
414.795
208.854
227.299
310.4
15.5336
163.52
198.479
446.901
460.134
293.924
282.32
162.82
333.264
372.388
119.583
2.86539
214.138
414.132
78.2362
167.961
219.87
449.07
379.332
250.281
184.641
8.5054
231.713
280.304
360.84
106.397
385.501
442.365
446.397
289.109
445.325
101.489
254.921
456.058
349.253
390.749
336.515
255.969
440.139
461.533
71.7291
55.316
451.681
460.989
375.985
390.358
9.4144
304.748
10.7965
398.347
434.719
10.8133
440.421
163.757
462.452
384.064
259.497
10.5614
294.979
85.2696
183.918
361.57
205.924
116.198
273.013
452.749
117.289
7.50205
164.688
318.544
135.14
132.533
88.5572
213.888
457.951
447.503
232.02
389.215
340.979
451.315
142.711
363.693
35.5657
389.002
262.61
446.808
147.062
138.111
447.089
366.474
124.383
456.742
11.4452
427.521
2.62962
432.198
8.397
9.54542
232.906
114.676
399.858
328.984
435.358
102.111
449.17
46.0181
343.542
336.425
16.6377
206.851
154.051
57.308
270.051
337.629
98.3508
232.588
16.4797
194.139
342.806
232.406
289.766
188.288
437.234
266.485
421.719
248.215
3.43762
451.011
456.005
447.212
314.526
13.7595
446.343
3.79192
443.151
420.637
145.123
346.823
458.361
298.56
358.411
1.47316
448.405
231.068
10.2192
252.038
68.5997
226.387
448.46
456.824
232.707
176.445
256.095
348.364
221.476
224.7
226.288
287.584
420.633
29.8503
261.459
80.7893
384.554
411.199
426.872
450.097
159.19
153.773
394.655
133.026
15.2258
234.102
158.901
34.1096
392.035
321.099
457.196
279.142
232.375
232.66
11.5907
67.1431
431.48
386.295
428.91
452.899
405.9
11.5393
143.831
352.842
233.598
128.234
43.6322
293.582
13.5573
177.228
9.00932
9.94286
182.081
12.1574
11.3781
446.178
75.4211
48.6434
247.362
337.598
403.492
367.033
460.075
449.096
386.201
358.338
376.012
434.218
208.588
349.955
449.102
278.511
250.72
445.29
7.03271
191.417
5.56384
359.282
447.42
12.5005
232.987
454.318
85.6599
194.887
176.123
159.389
368.619
36.6243
446.227
385.819
163.677
416.918
227.877
151.476
247.111
143.882
403.293
423.922
333.98
427.212
411.845
0.672285
455.987
450.744
282.704
284.925
232.918
307.813
385.203
237.633
185.143
372.937
201.719
64.1411
452.785
390.705
317.122
446.274
447.899
327.652
397.19
372.611
411.017
75.3828
303.129
323.659
243.145
130.879
16.6563
440.745
461.018
344.415
455.557
27.085
453.316
39.4996
180.611
421.715
254.583
295.586
253.412
97.8972
103.414
403.333
183.322
2.40371
382.947
448.306
322.493
434.158
10.8789
6.92253
3.3914
267.803
282.289
288.316
35.7119
368.223
348.867
10.2954
145.082
190.989
187.448
308.485
306.405
97.3176
360.609
263.532
401.958
447.082
143.903
465.133
189.979
109.12
447.398
1.44234
212.93
370.012
411.84
453.736
-0.754404
114.261
452.38
447.17
74.8818
399.583
120.962
240.976
158.103
459.823
352.305
447.343
78.7364
404.393
15.341
171.063
335.934
449.165
453.826
97.2434
67.5869
453.207
174.181
0.717773
332.742
456.277
379.837
15.2863
57.0475
227.918
12.4518
161.802
275.367
365.464
1.44151
449.693
8.58211
451.179
5.72836
118.35
436.659
215.749
446.424
458.024
118.64
279.272
385.485
251.522
314.628
232.285
235.128
73.7915
106.364
175.446
437.619
339.271
459.518
76.6239
163.84
445.374
63.6263
231.273
456.076
348.991
109.91
437.276
87.8096
5.48464
457.94
248.264
14.3078
7.82745
448.1
204.965
22.8752
278.212
345.128
304.297
233.268
401.033
445.95
430.8
337.514
96.7676
247.27
416.952
274.779
280.101
441.555
142.398
347.151
293.85
404.214
191.119
284.479
356.503
65.0531
310.614
451.111
414.221
454.478
406.408
407.702
32.9182
236.099
255.987
232.562
64.3089
161.837
414.116
434.965
396.312
118.056
62.3991
37.9505
149.792
116.845
127.418
361.384
228.113
114.261
15.1262
322.606
5.93755
183.819
1.47794
446.254
284.757
6.07513
333.195
420.932
87.2746
450.511
227.292
199.809
449.619
238.393
292.356
416.516
0.272182
228.059
8.23395
255.177
10.3194
33.0887
146.684
293.848
75.7044
56.1095
232.72
161.126
355.982
10.3108
299.545
248.37
263.245
7.1412
68.1313
7.60947
231.57
320.667
154.674
236.171
289.843
327.732
271.575
246.192
246.228
308.857
62.4955
9.58541
448.159
447.892
105.777
451.672
457.273
459.033
81.226
418.131
391.747
232.505
209.424
311.326
455.673
152.073
258.444
335.561
9.80231
148.539
207.416
455.681
16.3448
367.89
452.659
460.703
454.412
364.45
180.715
257.858
194.327
213.669
244.366
346.688
2.30396
229.71
272.765
232.203
449.426
111.345
388.128
446.786
260.418
395.393
112.508
145.966
240.624
172.705
240.848
334.691
199.04
6.02207
228.119
310.667
229.097
403.229
384.709
331.101
12.715
261.191
308.138
314.006
39.918
143.093
315.312
458.062
4.4772
348.0
337.923
379.387
405.072
219.351
444.522
2.46261
304.054
361.054
383.345
252.732
441.368
300.615
257.981
377.434
450.238
441.847
443.874
7.83907
290.772
299.454
233.285
326.779
101.147
434.622
227.633
446.508
89.3234
325.928
19.5594
388.407
119.646
339.902
405.011
237.414
395.758
383.004
331.253
43.5332
10.137
269.509
454.774
274.458
23.9966
16.169
460.885
124.113
351.478
451.252
122.072
415.294
84.9805
373.494
182.849
316.932
267.063
240.382
448.107
261.574
321.528
15.1291
315.437
394.823
435.297
429.884
419.007
323.175
398.519
260.56
12.5616
301.307
227.846
0.22091
131.227
452.339
30.0763
396.724
127.109
84.0224
136.223
273.795
306.595
344.432
273.135
280.892
175.043
297.274
1.26025
213.396
255.203
232.147
12.0941
275.75
296.123
359.517
275.851
440.193
273.966
177.993
361.687
5.15813
145.03
444.365
11.4537
138.51
360.141
108.668
232.772
28.1427
60.9799
323.994
256.92
332.809
391.703
392.134
137.398
102.375
6.27148
129.122
152.698
405.689
252.778
189.406
208.233
336.971
0.722477
4.52457
392.725
228.288
7.08117
193.233
134.077
436.616
54.0163
12.7296
455.98
335.237
279.924
384.278
159.183
458.554
84.2746
454.766
192.627
452.417
145.637
194.224
290.306
324.786
0.941732
343.878
42.2943
449.743
139.273
17.3352
317.019
196.461
459.778
209.164
341.046
185.206
232.339
452.64
281.0
159.124
1.88414
14.5509
42.6656
25.8521
144.68
362.609
327.644
445.42
77.0014
403.546
169.41
460.038
446.73
328.797
253.033
5.1857
9.60018
232.245
385.175
249.376
8.95688
241.073
8.59659
372.999
55.0778
158.047
211.278
232.919
278.305
315.219
299.941
451.971
36.528
1.69653
168.551
35.3596
13.6218
81.5978
213.354
445.478
369.575
422.151
457.861
90.6864
453.228
56.636
105.12
245.581
1.83266
228.139
10.0335
405.999
268.392
447.22
170.455
255.052
455.798
26.4296
454.41
455.678
6.52812
255.502
2.80091
5.86706
295.91
314.337
195.053
339.74
20.6503
156.776
366.688
300.13
317.596
410.26
193.257
5.74056
351.64
454.847
445.718
23.3054
86.2123
232.224
232.602
448.089
459.598
375.942
380.923
13.1259
231.283
326.116
144.896
28.2246
150.459
308.023
404.61
100.076
73.6078
401.672
449.897
318.29
368.097
58.6222
310.159
107.514
15.0223
427.528
325.14
381.178
178.989
329.659
94.1003
279.647
446.355
315.992
295.697
298.974
295.505
232.043
232.211
313.318
417.851
449.421
372.615
32.3048
196.045
452.847
118.037
444.955
7.4061
280.154
286.232
424.063
34.9653
249.92
276.028
450.268
453.184
376.66
10.8291
332.775
202.928
232.745
423.226
231.934
165.607
370.007
357.737
448.219
334.537
306.3
61.7002
235.55
67.2335
287.857
107.366
269.01
403.311
447.164
385.064
415.162
12.0907
269.072
19.8381
228.444
187.328
258.197
135.457
226.287
4.80676
437.394
60.1503
265.282
358.114
445.481
243.205
399.502
39.3731
333.615
171.252
350.642
275.766
461.585
407.245
454.689
449.535
174.403
150.295
247.001
388.644
15.5963
55.4413
16.3072
446.676
273.862
316.561
137.284
194.162
10.2211
442.207
445.441
147.908
285.225
150.666
452.977
312.58
98.5942
17.7456
367.725
402.641
28.8877
1.31511
1.37389
151.635
111.512
457.151
407.11
5.10869
149.084
130.565
332.231
214.625
17.4715
160.421
317.733
28.9992
222.161
37.0323
14.7161
289.464
314.26
238.889
257.791
434.825
361.203
245.256
269.44
135.682
1.05424
358.167
187.154
179.556
158.161
224.384
57.3702
51.6093
410.132
459.877
79.2209
122.396
228.647
157.543
282.39
451.014
100.061
-1.4576
139.677
352.538
371.913
175.078
407.028
232.344
245.719
416.643
456.909
280.328
88.9048
444.963
456.13
120.448
389.549
15.6319
88.2114
456.59
363.244
165.068
446.874
451.735
443.831
456.907
140.107
256.922
144.732
183.321
13.8112
396.647
231.704
14.5889
13.7761
453.792
382.565
168.572
2.86659
352.285
6.86037
13.782
128.382
390.559
-11.0275
379.128
415.797
459.295
342.625
65.6178
430.517
445.562
337.821
127.993
7.49251
130.594
72.7865
21.067
4.5779
14.5658
227.451
159.907
265.004
369.843
180.411
431.383
410.048
231.819
443.353
337.042
248.454
457.578
336.607
72.7879
275.982
232.144
445.235
6.10873
287.118
199.822
232.427
20.4588
382.637
451.102
67.7368
448.988
460.11
398.256
269.305
115.457
449.612
455.146
218.38
454.41
327.47
6.01058
202.915
172.907
386.599
339.662
450.577
20.7495
376.275
448.351
1.2558
201.407
7.29784
273.475
460.598
285.827
316.362
204.592
237.338
392.749
345.571
179.532
460.266
460.361
211.042
456.289
454.737
455.123
408.295
88.4804
392.685
172.515
262.713
15.2962
94.7919
197.675
88.9711
94.776
10.5574
15.5452
10.4994
235.421
323.407
127.904
39.4948
36.2981
188.278
9.2965
9.61973
235.206
356.874
447.468
75.1438
81.8515
449.983
278.741
349.328
272.771
452.218
401.318
93.8693
141.12
387.698
210.871
460.981
396.057
284.167
103.137
257.974
358.802
215.703
75.5989
13.9368
159.591
453.656
446.117
15.9391
171.611
424.788
210.116
393.491
71.2508
340.164
58.2401
325.268
10.6377
435.495
190.933
456.689
458.218
303.404
315.851
419.541
224.965
103.299
263.812
157.789
127.804
269.429
394.761
431.528
216.328
450.594
19.3371
286.821
62.2288
458.883
108.878
386.356
452.76
446.435
274.504
7.85844
105.458
349.959
11.1232
419.226
110.75
110.995
136.191
429.75
451.595
0.978861
188.972
55.6388
15.9287
363.994
418.98
328.863
425.638
407.231
86.6785
108.628
136.807
452.959
302.389
235.564
454.709
120.996
245.02
458.117
12.7225
111.806
432.36
426.49
453.105
199.47
444.557
65.4417
14.3877
452.756
450.581
41.2653
228.146
97.4943
242.43
376.611
457.983
250.782
69.1825
443.719
56.4177
239.746
268.054
242.394
140.428
372.791
232.954
460.329
101.582
332.742
435.094
182.605
337.502
459.934
457.342
253.229
261.206
0.944537
456.081
317.092
401.817
287.444
424.956
409.329
448.897
167.445
461.048
264.167
341.255
76.648
304.847
169.236
304.177
268.799
334.128
232.842
370.627
458.214
232.188
452.3
451.048
178.027
240.191
272.505
444.808
275.686
226.383
227.547
31.8692
322.036
367.121
232.941
121.498
129.853
271.109
188.191
180.428
428.913
288.777
0.902253
81.1574
156.812
22.4065
50.6573
340.713
76.2295
15.2747
178.188
454.397
98.5485
459.809
407.391
33.3712
254.33
247.246
111.105
278.43
309.382
456.13
14.7514
216.474
327.329
7.21026
171.407
448.606
291.684
305.657
255.092
305.765
316.261
232.263
260.901
2.47364
444.477
458.095
306.225
13.3996
14.7986
373.346
100.587
292.65
398.828
15.6938
299.402
6.99145
28.4426
50.7875
256.81
189.827
228.744
291.107
259.687
447.901
326.929
450.061
162.522
277.879
314.525
126.853
263.964
188.241
53.5669
234.737
205.433
233.286
232.223
61.81
358.62
269.96
392.201
270.786
195.86
332.791
159.324
377.183
94.0842
254.761
443.946
384.562
112.063
388.204
13.0142
9.83902
75.3401
332.118
270.075
391.256
194.351
236.135
351.571
335.714
150.143
274.637
313.215
7.98461
440.103
220.76
285.197
415.437
187.215
454.863
309.004
156.143
290.53
10.8022
306.656
448.653
5.99477
206.82
460.1
445.047
102.797
365.156
448.539
406.82
353.17
231.596
35.5057
158.866
313.3
311.185
388.058
71.864
11.7599
453.661
263.11
451.424
337.924
435.236
49.2769
415.217
10.989
141.677
212.978
10.947
280.362
69.3864
141.001
117.421
329.47
390.759
1.03578
57.0087
102.07
143.993
364.051
442.687
35.5112
192.9
166.87
446.969
278.202
461.601
11.4725
232.793
65.9186
43.6926
409.495
362.879
232.842
4.93922
204.512
14.8068
232.632
365.83
251.184
287.446
294.564
63.5625
161.005
78.9289
154.882
227.96
310.906
286.905
287.631
299.772
450.44
232.795
458.47
220.13
218.031
252.088
447.048
42.9763
233.937
216.143
453.077
3.77331
201.404
363.304
422.423
285.466
444.93
4.8804
232.516
21.6306
173.093
461.469
15.1985
449.596
5.49999
286.669
84.8382
430.475
250.167
244.449
37.2967
396.234
90.8781
314.389
393.252
208.316
297.236
186.579
357.259
237.166
451.126
361.278
449.29
107.88
79.1332
455.899
39.2408
446.482
246.417
82.1766
448.088
1.79287
302.919
450.068
279.525
193.672
303.49
452.451
381.927
8.13775
38.7107
461.685
130.688
191.103
453.101
392.42
127.282
357.009
339.156
157.153
460.666
158.776
413.501
128.157
210.357
386.446
402.528
47.0529
10.1956
8.06345
149.423
10.4437
439.624
274.246
369.386
266.71
457.004
42.9463
299.285
92.1385
3.07355
296.739
458.863
301.157
243.301
259.673
294.199
127.584
7.04641
319.726
231.688
314.332
453.257
225.311
254.398
292.733
343.981
352.112
307.804
344.809
394.746
459.108
9.27722
7.2239
457.193
101.759
7.52844
331.979
460.842
13.3857
173.015
151.864
8.27784
128.767
5.23714
461.005
297.68
381.193
395.112
409.979
408.258
270.461
9.08206
333.116
9.3198
447.457
369.737
191.342
424.493
448.129
184.079
257.586
326.638
378.224
300.317
334.39
320.185
103.395
33.0479
347.543
227.372
449.464
239.48
261.946
376.838
8.57638
16.7595
240.305
309.991
5.76779
392.215
276.603
106.03
251.798
0.873002
391.743
255.062
349.404
429.571
9.23485
180.768
458.92
86.6197
11.3212
445.011
232.295
241.174
87.4886
183.741
310.106
346.619
461.07
8.39355
405.153
430.858
230.58
3.7762
275.758
18.4016
172.354
250.652
349.939
218.235
3.80265
319.401
450.89
195.846
18.5961
1.33928
439.51
55.3892
451.673
461.016
113.023
448.877
273.294
436.012
356.533
352.199
408.73
81.6579
447.936
346.358
396.702
270.348
285.747
378.211
461.392
389.338
85.887
365.448
445.737
252.185
372.177
372.353
281.652
381.826
23.6353
348.777
241.146
148.33
314.314
40.1119
54.6063
455.252
232.694
324.795
156.868
5.055
227.907
407.999
208.348
404.083
271.386
320.594
63.4474
212.095
80.5021
232.084
461.138
457.386
307.984
446.188
187.169
431.278
303.211
67.9309
172.677
1.86257
184.967
363.866
457.928
461.161
323.729
12.8826
70.0423
14.919
296.169
136.115
141.024
132.411
309.454
112.546
397.279
357.676
451.479
53.1203
52.0046
460.14
454.91
178.997
281.334
10.1649
288.245
253.995
178.687
391.314
222.345
257.629
107.993
309.832
447.439
275.723
2.43083
257.918
460.412
343.011
448.413
52.3459
236.525
374.097
452.083
443.974
314.814
13.562
76.129
175.137
450.088
251.308
284.743
461.501
286.7
295.517
330.607
448.232
308.326
293.53
248.414
336.992
346.346
105.099
437.952
373.426
234.976
47.7095
330.715
444.132
63.109
186.105
454.686
232.067
388.401
86.201
373.088
-0.169359
243.208
66.332
404.372
416.499
65.0673
263.808
309.94
298.947
455.82
454.703
288.279
452.546
144.798
66.1828
274.435
130.418
118.419
4.97425
345.583
438.665
422.299
33.1297
14.5013
298.702
451.886
53.2969
449.534
392.013
453.52
15.3431
245.171
410.911
453.524
458.026
257.403
375.534
248.397
60.3666
260.498
345.326
449.062
11.7217
453.19
220.798
389.067
36.5182
257.269
3.3721
390.635
112.069
334.587
84.3667
16.0371
365.72
12.4112
16.5483
371.088
396.521
216.283
420.265
456.481
450.69
157.325
14.8003
128.506
315.617
369.306
258.854
309.965
197.007
453.367
241.145
7.26671
349.737
373.414
191.395
450.194
454.498
300.071
32.4968
169.754
354.91
406.322
37.6681
330.113
172.199
183.643
452.443
15.2928
149.88
143.021
299.982
378.202
54.577
222.17
289.114
401.08
434.742
245.824
455.22
445.644
281.361
296.469
135.797
152.778
328.217
456.06
456.315
65.4636
247.403
152.932
6.69136
348.422
9.0986
86.8929
255.704
442.818
292.984
448.844
242.328
458.746
452.687
457.423
391.353
235.078
10.7569
425.049
152.794
438.336
161.976
167.265
467.462
344.9
245.148
336.321
423.885
280.785
453.285
88.2093
7.01269
441.973
451.972
258.114
243.459
44.7128
264.207
371.614
349.53
379.774
113.08
280.921
404.652
13.929
315.413
297.757
211.684
67.3739
232.798
453.083
274.005
463.293
75.2798
340.782
366.987
72.0117
319.231
146.488
195.787
308.404
248.58
326.011
397.278
274.715
1.07104
1.19855
458.783
198.32
272.344
443.973
258.858
6.1747
127.58
15.0052
150.418
454.548
237.199
60.3319
401.264
430.744
413.5
8.02912
372.496
460.636
216.107
252.928
93.3264
16.0916
232.694
256.371
16.3994
311.757
232.44
428.179
413.226
121.791
60.579
308.472
0.771326
454.703
279.678
232.411
323.106
454.915
292.849
266.842
4.2583
340.191
212.226
274.431
165.27
233.041
12.1916
427.891
150.634
449.47
423.967
123.913
455.428
336.764
110.309
159.728
443.438
445.792
445.074
97.8979
387.557
370.602
168.494
449.858
141.407
354.774
341.833
432.526
310.46
280.373
196.738
366.057
362.63
446.596
37.8281
426.159
249.813
163.589
5.40045
7.69933
454.066
455.273
270.159
356.062
102.872
39.8887
445.217
166.968
168.299
286.325
362.578
351.888
460.854
98.8847
220.689
187.901
8.18457
15.33
436.466
438.83
386.062
132.814
457.026
353.606
3.6038
456.254
301.151
375.406
459.173
74.4968
422.288
433.341
424.671
159.476
298.69
456.064
458.519
452.641
9.41437
182.896
178.204
36.4465
12.0269
208.546
222.418
107.576
137.645
329.182
460.283
358.567
9.92204
1.01163
395.651
37.7425
367.839
360.469
441.122
451.509
447.429
105.048
76.2285
458.481
406.832
168.44
402.539
449.56
235.641
233.096
451.317
351.751
456.38
234.4
9.2891
75.6509
396.942
445.524
454.447
257.939
294.783
113.533
220.036
269.47
227.015
370.025
403.122
126.154
86.6969
191.716
301.927
244.788
185.89
15.0268
438.572
429.566
29.8918
341.767
438.169
318.434
321.611
232.613
15.5888
13.4114
222.167
83.2458
153.636
86.6901
16.3593
310.624
21.2662
232.919
136.719
461.972
319.25
448.164
436.611
193.123
370.518
184.877
461.469
170.574
110.627
151.629
17.7305
444.376
273.286
207.306
232.605
452.44
129.071
269.04
275.964
254.612
172.564
68.365
81.9888
2.27869
109.822
361.842
125.185
37.4938
95.4008
350.224
291.436
101.117
148.859
457.725
452.038
165.95
449.711
149.719
346.418
289.479
232.691
403.28
260.09
12.1349
452.103
189.964
449.134
126.452
276.966
132.906
63.5442
344.513
340.037
459.197
384.046
62.2666
33.3411
454.474
116.721
75.5253
7.29374
344.231
442.081
260.423
121.93
384.439
313.034
292.217
161.036
358.674
89.6781
10.3106
444.422
390.911
278.514
334.646
78.1336
43.9792
262.727
354.589
308.083
412.12
315.094
252.026
432.198
0.839999
352.703
35.0006
12.5848
25.5074
297.018
1.49674
57.1319
370.824
265.121
330.537
6.29356
111.693
56.7765
203.452
420.847
284.624
172.546
263.691
443.707
425.124
256.275
105.468
292.955
380.375
231.556
260.527
266.63
221.337
156.869
322.19
119.102
303.627
232.947
294.7
318.61
332.122
129.002
232.088
281.274
15.1262
16.1032
265.499
12.0074
307.33
415.66
240.975
117.655
254.459
155.667
331.847
450.652
232.351
461.737
348.191
366.356
244.034
2.43802
212.567
185.682
177.186
340.291
365.693
1.8775
278.58
333.462
127.88
255.467
225.908
3.11713
6.22596
443.42
335.345
304.605
247.197
270.488
234.399
142.325
90.4425
449.867
354.573
457.315
252.136
384.631
353.749
8.79754
378.36
352.121
285.718
45.683
22.7582
291.801
29.5062
195.093
455.175
452.606
161.353
424.629
457.885
140.594
319.873
128.97
339.487
233.577
384.746
338.301
452.618
324.394
256.239
342.843
45.5351
3.11445
442.468
1.42556
27.2749
444.372
14.9133
316.349
328.252
292.329
114.359
295.898
419.22
160.282
332.182
248.253
117.817
269.832
253.32
446.56
86.1522
264.928
451.747
455.425
192.999
461.849
283.978
298.812
377.281
153.129
189.365
256.402
386.129
444.34
461.757
5.81434
440.036
214.558
448.14
154.326
170.843
408.398
188.729
444.438
165.453
264.186
366.833
305.351
290.653
274.615
452.758
374.392
153.109
434.557
298.113
117.775
443.828
38.8458
7.60957
4.6956
14.5037
12.0818
29.4475
153.476
14.2667
450.267
451.949
406.879
262.389
51.0359
142.776
265.321
450.621
199.186
218.564
358.515
423.868
422.193
424.501
26.8692
420.792
272.079
456.968
315.007
200.716
170.314
394.856
334.128
460.088
12.2668
6.32343
217.403
203.81
366.388
289.689
140.121
426.946
110.558
239.143
168.028
260.633
452.123
88.1174
216.084
25.7771
376.477
245.628
356.185
129.019
95.6563
373.531
10.7173
345.88
329.305
15.077
351.329
14.6061
450.054
7.2645
167.953
407.752
353.996
461.308
9.3834
42.2516
347.942
377.142
452.404
450.547
125.808
210.792
383.752
408.757
386.457
396.638
311.95
431.278
208.633
455.41
447.311
220.84
222.249
232.349
367.956
246.816
11.9867
75.1063
348.471
269.764
243.87
60.4406
413.167
450.08
114.499
421.461
14.7758
175.063
457.064
195.269
159.475
272.46
121.9
450.372
17.9159
454.879
81.325
249.089
399.618
159.623
137.896
450.184
387.373
333.24
452.962
357.143
229.819
321.8
412.542
4.65842
373.12
16.6506
124.077
202.684
119.812
224.644
11.7978
233.748
16.2726
442.776
328.521
179.662
136.197
264.672
249.797
383.359
254.598
227.114
238.109
113.716
336.279
5.43345
168.139
301.487
7.73762
13.8656
257.564
293.308
66.6686
294.548
98.4464
455.734
249.02
391.114
135.14
255.748
347.227
8.79954
455.854
268.587
283.187
342.566
453.419
175.271
231.774
368.803
138.45
430.393
205.116
18.3629
288.05
448.565
252.182
459.613
356.539
12.9716
357.225
10.8808
137.055
310.931
440.161
448.027
314.99
421.983
454.565
308.075
447.0
163.281
258.34
384.928
16.0803
155.594
443.657
18.8525
232.606
233.119
1.61562
302.473
385.277
456.267
449.263
40.2568
327.7
447.643
433.772
226.62
444.942
124.863
233.373
7.48707
259.277
4.38881
274.598
163.934
373.16
328.387
445.796
420.455
373.758
434.896
152.716
153.104
13.043
346.867
437.473
47.1192
9.457
354.528
129.104
87.9655
461.422
65.8511
8.35453
41.476
260.884
1.07734
333.265
154.648
374.831
226.297
462.675
415.12
449.645
223.32
447.438
172.923
462.009
445.154
173.483
319.218
9.98262
334.219
68.2833
232.069
348.16
201.21
445.896
357.512
76.6019
187.953
344.106
336.483
76.8174
303.127
235.763
232.722
1.35118
442.694
217.622
452.262
332.739
410.005
253.512
461.82
368.108
214.89
223.116
52.4819
453.203
0.00983083
252.118
325.863
398.112
1.19963
152.04
79.083
448.856
176.303
76.4344
11.7417
396.831
41.0157
232.865
389.914
115.957
240.24
287.976
21.3642
133.779
12.6478
334.347
169.339
111.244
441.51
167.846
7.33721
11.4775
232.765
226.841
409.386
334.853
75.4095
348.086
288.218
124.791
446.524
296.212
232.518
404.685
247.442
40.568
215.001
234.086
15.1759
276.996
251.796
452.624
111.549
303.596
266.651
289.191
315.441
339.008
258.232
1.03124
131.786
346.113
392.059
315.165
318.173
317.315
219.954
7.90762
81.4009
340.421
361.937
128.151
376.275
384.094
463.151
436.577
396.292
303.692
232.092
455.414
174.19
451.585
97.1402
232.352
405.206
391.322
448.627
268.2
344.889
366.958
77.4632
213.703
36.039
447.254
100.214
446.36
73.5069
225.684
289.574
416.34
155.812
304.847
189.989
450.685
275.676
434.268
434.27
435.258
25.2884
366.212
119.582
173.524
312.194
317.66
256.811
229.664
299.42
456.436
448.605
82.8338
14.3808
445.363
449.866
148.377
456.008
454.218
402.038
240.551
345.227
279.622
258.935
365.257
145.924
391.397
12.2943
230.42
1.75862
227.606
9.53165
261.575
455.192
440.2
233.281
289.088
85.12
231.265
63.4748
18.9684
254.561
451.303
345.083
154.743
452.423
156.487
334.569
316.108
17.025
178.742
306.983
190.811
348.639
307.493
246.505
450.36
441.696
455.89
450.932
15.4577
105.758
328.035
10.9486
255.118
244.182
425.4
300.62
411.937
257.514
330.731
218.689
380.459
335.831
352.341
447.269
178.544
432.016
233.214
461.321
263.255
178.059
323.993
175.382
445.302
106.928
2.45111
392.163
419.883
14.2888
167.943
267.28
402.679
369.827
404.805
412.924
444.233
401.831
328.155
14.1234
133.332
233.782
383.232
71.7217
349.372
82.0405
78.2127
139.467
358.764
114.525
447.29
7.62037
295.109
212.766
5.71582
387.937
13.8194
268.414
291.638
179.521
318.935
324.998
397.269
360.982
403.301
230.898
231.733
235.748
263.531
444.653
257.702
348.72
448.797
0.733832
295.339
153.761
212.92
173.358
241.665
15.6665
239.445
446.756
417.873
305.859
209.956
287.616
295.91
261.765
448.892
3.84971
455.846
461.624
448.49
196.306
12.1097
221.461
369.442
0.614279
171.6
331.782
1.15194
240.119
136.883
0.816401
451.611
3.17147
447.846
395.851
78.9986
364.339
204.227
33.8284
292.665
447.996
381.306
316.855
14.3371
260.068
40.0606
446.822
359.429
402.898
144.275
355.565
230.934
452.863
16.0355
96.835
429.886
220.44
323.067
454.82
231.901
332.228
441.675
217.872
419.472
14.6152
452.452
358.748
288.308
278.99
206.256
15.0769
444.798
8.32927
194.938
141.231
356.036
275.543
0.842898
449.196
286.844
106.379
439.441
232.185
232.406
213.58
340.705
459.043
401.635
295.35
440.146
150.396
408.661
437.827
253.896
20.0986
453.052
457.271
345.014
446.414
343.233
449.309
18.3902
271.071
39.0588
234.765
349.671
7.97765
104.988
354.52
294.321
1.30431
93.1594
311.712
400.17
0.781991
333.221
178.123
51.7188
454.612
12.4947
313.162
445.84
188.79
314.753
349.554
419.664
231.334
457.606
457.006
424.309
285.061
402.144
11.8416
461.107
399.02
317.933
236.245
252.344
271.934
305.208
232.883
206.721
191.028
289.176
281.057
262.871
197.121
393.398
335.121
247.375
406.033
358.096
436.574
15.9263
185.881
228.223
280.094
86.9768
218.781
459.926
346.276
232.354
30.6209
321.633
8.0512
454.936
275.279
151.83
456.999
288.975
455.414
91.9549
9.68103
232.951
259.094
450.739
306.034
461.381
404.168
165.583
443.514
110.84
360.521
0.65981
307.934
11.2881
441.942
184.528
446.149
393.092
301.226
271.949
383.853
300.005
232.554
28.2059
382.931
205.591
3.86057
118.419
445.968
459.995
332.772
314.166
9.689
1.46439
444.771
69.6392
346.526
18.9489
9.96609
363.293
341.42
456.77
342.681
4.71775
359.133
232.215
8.30097
103.919
450.687
199.161
153.443
397.947
443.688
136.074
45.8234
442.868
213.591
346.878
82.4989
171.11
34.2626
455.609
30.7134
123.471
10.3799
373.809
276.061
232.643
210.089
441.126
288.796
355.284
251.021
448.673
96.0477
454.092
155.696
367.305
344.823
453.299
323.809
286.192
105.452
36.559
8.81791
367.061
372.51
0.770314
273.859
441.459
255.187
146.107
454.687
5.37277
232.677
421.06
366.436
24.1444
232.091
409.003
326.537
275.586
336.443
380.753
461.299
439.576
15.8747
14.1209
278.777
249.706
442.398
319.847
371.768
462.297
232.956
395.346
193.468
328.43
303.175
8.50593
425.287
284.769
269.8
407.693
321.101
455.332
356.958
365.124
182.858
4.48905
2.89222
41.6207
33.3479
199.808
292.476
461.251
313.683
214.954
452.676
351.056
194.017
252.771
200.349
456.2
157.519
311.235
243.561
318.87
452.818
427.602
418.952
443.858
324.508
160.981
354.975
387.864
457.927
401.846
442.854
275.24
124.695
454.348
1.72433
158.603
131.509
232.547
451.124
397.772
7.23662
298.183
8.84607
460.567
380.084
44.7204
296.142
252.152
340.919
291.033
111.499
25.5965
462.209
330.416
451.156
36.244
52.9584
175.258
454.82
375.973
79.6484
90.9958
449.249
459.58
13.5349
163.478
268.079
401.24
241.714
458.47
441.215
212.289
159.317
155.595
451.658
232.754
140.085
283.448
141.877
3.6879
451.779
208.241
362.979
460.733
399.562
141.562
450.611
317.208
302.194
15.6798
297.571
451.781
159.797
287.651
440.855
159.637
449.987
165.942
229.21
15.9326
237.431
69.2969
424.333
445.864
457.15
71.8495
119.818
11.6009
451.659
449.385
366.091
2.22659
228.193
416.582
450.775
270.679
316.395
141.118
227.728
232.524
458.605
110.731
37.0886
143.389
273.893
17.9946
74.2019
232.955
3.19784
131.291
348.751
354.705
246.757
457.619
218.186
455.813
15.9885
230.683
390.853
458.173
130.134
94.6557
55.9672
286.111
243.51
256.47
180.097
461.58
397.672
2.08447
234.613
127.591
234.999
244.467
420.266
219.292
447.881
368.513
424.033
346.417
303.991
216.033
130.235
326.639
279.772
351.892
290.402
207.167
227.298
436.994
267.466
403.114
363.576
327.304
449.531
10.336
464.319
511.293
412.545
26.6218
297.299
258.245
306.665
322.744
140.892
448.279
129.862
380.762
449.55
242.602
289.103
310.678
331.917
404.79
135.975
334.6
441.654
221.497
263.194
375.164
409.099
416.19
152.062
223.089
460.139
262.258
208.39
228.643
285.213
19.0136
453.961
390.726
274.077
10.1996
458.606
244.107
253.771
311.212
461.164
462.315
451.987
310.11
16.4753
94.4787
3.11911
10.4744
147.864
439.778
184.154
370.698
10.604
175.178
232.415
231.928
32.1597
388.377
388.1
331.441
409.793
248.777
11.251
119.648
13.9941
211.212
455.855
185.234
446.793
303.608
322.273
255.169
362.552
12.5583
429.773
428.694
455.917
315.484
204.09
437.94
227.924
225.605
167.029
443.654
424.706
195.74
461.512
460.147
109.862
320.325
25.9297
15.206
104.942
326.283
408.23
54.2604
448.192
10.354
14.9475
199.9
366.963
450.828
456.703
316.835
332.395
177.145
447.212
313.995
348.103
273.859
7.23855
254.991
1.76849
242.223
330.307
54.1728
450.382
105.896
335.823
233.654
455.934
422.432
297.53
53.0242
0.502142
258.726
388.758
332.635
142.704
314.66
429.003
263.775
309.105
140.766
295.738
119.032
433.521
211.301
143.381
325.637
305.31
417.597
119.113
356.599
450.215
449.339
135.843
11.6601
53.6983
10.9332
222.204
98.7223
404.479
384.612
359.404
81.9574
392.918
238.24
423.464
11.5001
457.703
406.456
1.55899
184.627
382.625
11.3298
25.986
24.0971
283.534
355.282
415.613
3.84514
457.977
27.0799
441.904
100.907
445.762
407.841
459.076
455.686
354.973
132.864
416.501
14.511
360.858
452.928
56.3534
318.524
461.363
210.3
342.089
244.56
455.112
288.636
446.459
101.891
444.02
168.722
354.192
217.549
448.151
186.488
291.186
331.731
327.995
401.918
446.155
421.69
91.652
4.11181
8.38066
372.279
371.537
206.564
84.3329
222.67
365.289
227.771
128.144
452.261
346.895
395.467
379.043
1.21325
208.494
404.454
221.015
452.892
97.6895
325.003
232.557
68.9278
199.77
359.037
368.994
7.20224
446.271
282.497
226.905
396.021
419.305
458.089
179.103
370.571
87.6706
268.756
403.434
452.824
186.571
415.115
372.283
251.926
159.708
15.5282
277.295
353.526
149.775
340.923
315.936
15.2255
340.623
227.526
461.484
330.156
13.0195
454.731
455.404
36.4757
10.3669
247.237
170.403
279.847
460.808
450.962
274.711
448.403
431.949
456.982
367.442
15.4173
233.161
10.0046
382.936
61.8062
402.783
347.86
31.3795
107.76
174.494
417.736
324.815
329.833
60.8231
89.2109
93.0411
65.51
257.401
248.359
216.251
14.3942
227.868
453.44
447.326
257.253
5.08412
92.2622
2.15951
446.758
5.83651
338.716
190.47
455.091
351.814
397.303
452.271
295.284
387.474
316.187
278.331
447.138
120.069
292.116
216.511
128.546
251.108
457.483
243.254
12.4104
450.791
13.1665
232.503
447.236
39.4578
232.264
415.326
297.227
91.9377
456.935
187.869
450.505
429.331
204.065
234.769
449.449
301.472
432.649
458.903
458.786
145.139
451.403
107.064
338.83
449.947
432.896
453.578
446.495
305.702
439.206
136.84
379.838
14.1193
19.8736
97.3432
144.847
315.293
449.567
454.448
337.885
274.945
248.315
341.672
243.67
434.132
454.839
34.4986
5.88632
245.012
427.847
441.902
266.777
232.234
315.073
278.612
326.204
232.885
386.332
242.488
171.992
419.473
356.996
456.644
233.203
288.597
224.46
417.355
33.6927
47.2539
394.655
460.283
3.37895
382.43
313.318
116.657
333.426
217.161
214.485
177.557
250.021
451.851
12.6836
230.776
379.977
452.12
336.221
11.4624
177.182
292.658
154.137
390.084
408.104
1.69113
204.94
168.631
35.9479
203.032
233.832
12.3991
317.843
363.408
38.8909
16.3648
104.717
404.36
420.596
10.274
193.208
29.3085
188.967
217.052
107.065
213.552
2.6791
447.222
189.456
449.382
450.627
457.214
13.1834
394.369
444.594
453.215
444.803
227.967
413.286
354.351
351.736
441.228
280.322
13.3917
17.1913
282.014
147.164
8.36917
278.869
351.368
4.75517
436.033
5.50443
70.8792
460.146
79.2018
321.271
60.0292
131.262
425.076
235.21
240.708
19.4503
420.95
440.037
341.825
192.226
231.708
382.367
441.521
169.448
288.587
2.31424
60.819
126.451
443.69
453.389
353.284
130.17
237.34
461.114
-1.83218
427.453
376.617
58.0823
117.446
180.731
255.999
67.3133
460.414
146.445
427.145
446.586
134.107
5.65411
14.9342
175.011
384.256
249.341
167.56
56.9782
450.183
261.185
49.8163
240.74
337.292
341.627
320.19
377.884
153.847
109.839
327.236
407.075
276.496
233.676
459.555
8.75448
272.287
415.484
397.932
9.03453
395.622
328.047
4.95451
321.067
440.006
11.7072
426.543
260.9
67.8295
9.74765
443.785
212.212
384.852
26.6724
1.63781
402.713
451.08
65.2889
84.8016
172.505
451.133
342.913
252.183
273.363
153.7
237.895
11.4245
8.41218
408.313
247.808
373.829
451.237
154.739
454.77
66.8103
189.436
53.8234
251.825
451.235
122.456
237.53
22.3032
110.179
316.383
382.347
132.118
408.09
218.493
15.1225
65.9912
451.071
17.7722
318.174
1.87771
413.961
186.136
244.285
187.702
292.072
232.895
278.795
364.714
457.399
125.929
127.837
49.9585
148.776
450.962
30.9299
154.886
420.488
445.588
450.686
262.85
403.154
342.935
157.388
434.921
88.0406
259.392
105.646
188.398
205.282
269.311
104.13
224.57
83.1003
107.655
248.069
232.505
382.934
237.503
450.442
226.67
455.837
247.163
381.398
211.175
303.761
298.134
16.0277
292.008
278.702
54.4871
380.958
167.555
248.579
288.722
216.166
266.974
449.943
249.448
125.467
386.943
459.49
219.587
222.407
54.6399
1.68739
461.677
361.221
238.292
10.8485
252.599
461.727
376.618
124.451
162.398
131.517
448.188
309.026
114.349
85.6483
99.3654
233.35
287.553
105.365
9.53378
220.756
353.186
237.452
361.196
291.44
319.017
381.398
240.096
172.664
365.799
94.0596
205.712
64.2823
148.181
131.883
352.463
9.84947
278.215
457.788
412.349
104.332
13.8024
391.045
355.256
260.015
24.0582
316.562
263.539
120.418
436.429
427.618
445.27
135.822
440.176
404.673
374.238
282.722
314.163
456.648
220.832
337.875
434.495
196.944
231.619
256.011
256.313
42.257
403.715
324.372
232.913
261.042
7.83519
287.216
9.33952
112.675
422.173
458.214
258.783
220.835
233.033
450.991
336.046
232.575
452.801
448.457
404.927
146.264
244.057
457.201
391.57
140.855
439.989
9.11789
225.266
199.735
330.453
364.919
331.503
444.065
147.478
391.984
232.771
258.481
286.647
454.889
173.294
232.115
233.341
37.5614
172.687
373.474
449.177
353.977
269.925
371.842
37.8362
458.158
204.242
232.663
334.237
290.376
5.14447
258.873
229.601
76.7283
137.732
437.719
453.978
18.6948
242.123
207.05
425.09
351.512
295.282
196.413
314.276
9.69677
228.576
63.6559
428.002
234.058
393.43
388.476
153.753
424.178
452.38
299.372
445.451
450.917
0.977807
144.566
358.648
373.0
54.272
58.9514
299.327
233.707
447.743
232.488
234.396
69.0456
314.545
220.558
227.843
292.987
11.3087
374.513
312.083
335.31
443.918
208.337
448.475
340.467
109.155
377.115
307.021
129.471
232.132
433.891
143.273
189.402
48.419
395.354
442.243
330.278
232.564
14.7195
247.933
221.379
11.4188
3.94364
159.76
207.985
334.366
461.115
461.465
332.378
336.055
168.606
444.139
427.398
45.4976
453.137
353.1
455.478
116.473
323.592
233.073
205.375
8.69043
332.098
247.668
1.58861
266.912
186.653
337.382
441.324
92.7353
281.867
456.464
129.079
298.743
453.699
295.397
37.5852
427.051
414.627
9.27256
319.979
161.597
8.53359
148.234
7.88646
304.706
398.104
94.7372
69.0899
386.997
279.396
261.928
330.436
310.02
308.032
3.48377
-2.84373
163.549
390.038
153.305
297.891
271.318
256.651
180.462
14.1524
167.009
11.0578
9.95008
143.557
446.913
180.978
297.563
197.917
11.5463
11.12
226.63
323.524
399.372
2.10908
57.2804
1.45467
142.968
17.2994
164.429
260.219
312.789
453.926
328.483
254.475
16.7981
187.073
402.165
56.6392
285.292
240.154
263.143
454.121
455.547
322.074
63.1519
451.406
359.974
4.10321
451.035
447.652
63.0559
283.27
452.18
322.399
7.59811
447.233
454.82
192.975
233.528
461.273
410.329
166.815
451.375
211.395
409.224
257.964
79.1375
459.395
9.94743
219.234
372.347
299.993
459.768
1.54671
255.37
193.016
431.12
446.557
448.751
135.348
15.5688
101.744
280.018
458.286
125.637
309.653
377.29
378.42
447.003
260.878
80.5883
113.82
232.143
348.099
299.073
406.445
404.528
10.7136
180.538
360.279
334.928
436.237
451.026
205.145
267.578
228.741
302.242
93.4651
351.824
4.77396
14.6291
231.707
232.887
232.313
93.3649
380.45
449.883
298.019
74.2071
461.279
454.426
254.869
12.0891
259.111
195.497
215.896
109.668
129.992
51.913
457.867
118.828
455.652
124.434
193.101
25.1384
371.456
448.039
395.005
90.8948
456.169
78.6029
417.355
445.524
255.717
360.045
145.659
281.952
118.74
15.3205
185.573
125.206
190.681
3.82019
209.307
353.247
436.873
264.717
283.878
448.463
294.227
461.55
336.725
248.562
434.743
78.5769
31.6166
0.854671
325.005
444.027
282.444
61.0261
93.975
354.212
217.462
352.46
178.256
445.699
132.451
428.375
360.011
343.742
67.9444
2.67929
175.722
31.173
232.528
442.161
403.104
452.085
349.232
270.625
448.088
306.756
456.758
64.5378
449.295
203.899
450.757
459.179
3.8195
19.7936
200.589
6.17348
118.632
448.496
128.163
318.799
355.843
372.331
450.55
456.995
325.139
380.175
447.407
457.096
328.727
447.981
8.91797
278.931
212.854
203.259
412.962
246.913
141.658
388.9
158.287
28.9237
98.6654
1.6378
381.314
451.169
20.2352
13.6742
402.363
229.357
408.635
59.0181
17.4258
140.431
452.398
147.442
233.407
275.904
278.221
238.591
9.11393
365.557
457.11
87.5729
443.271
281.615
283.088
450.347
451.445
50.3322
68.1913
277.647
85.7855
320.877
383.418
331.226
412.528
309.106
56.0416
392.328
406.336
165.891
359.584
246.273
348.206
123.915
130.357
246.337
394.004
462.404
276.261
75.9414
117.714
288.953
419.021
12.0503
452.522
178.455
1.54802
3.4367
172.668
192.661
215.843
453.651
299.044
249.285
311.997
5.73918
55.7503
418.122
223.279
435.505
14.3504
172.369
138.283
14.3009
448.217
207.743
450.638
444.562
308.782
357.378
428.263
291.717
186.579
410.63
446.519
348.99
252.956
456.589
412.664
406.555
187.206
71.4846
281.412
420.061
4.74139
328.263
228.828
416.799
367.071
451.337
173.787
447.811
5.0145
49.8463
450.644
0.341487
414.59
309.909
129.792
458.403
14.3824
191.399
98.2298
117.303
341.364
450.512
240.646
63.348
56.6758
257.225
1.43134
402.604
265.891
273.348
178.916
69.6017
93.2298
117.716
131.243
48.7952
205.051
191.389
315.432
52.9872
200.574
30.6555
218.057
365.674
172.878
388.759
452.767
378.233
450.923
13.7607
165.926
243.642
116.761
453.331
446.04
265.908
454.75
395.656
137.466
445.702
389.297
339.162
5.50531
35.8852
155.564
455.559
255.207
232.897
321.409
246.005
304.11
125.277
300.81
382.437
457.004
275.173
369.805
86.5861
453.137
436.184
217.731
461.395
403.804
350.692
320.556
291.862
288.224
343.653
310.703
292.26
7.82169
459.169
233.291
0.177171
452.635
232.588
454.05
466.115
288.877
350.396
255.633
205.813
12.5195
314.515
14.8524
142.631
455.445
207.891
455.701
205.348
418.66
6.30725
447.615
276.782
286.186
183.141
237.42
385.273
205.385
405.608
107.908
409.058
303.232
384.393
370.807
309.869
333.369
276.682
373.502
447.897
1.73572
447.355
411.673
273.368
347.318
325.626
236.922
363.123
461.406
451.009
278.1
204.746
378.055
372.88
471.014
120.522
407.257
231.872
257.646
55.8553
454.867
279.156
119.511
9.15038
453.84
1.9209
418.92
233.026
352.245
447.008
96.495
16.7119
294.118
10.4559
414.922
213.285
194.059
454.127
11.5934
41.9262
4.2263
409.98
255.27
409.633
10.7898
448.183
86.9774
2.87599
36.7622
449.003
305.26
291.125
288.934
152.04
277.806
77.4957
158.436
7.35655
454.358
373.574
154.397
301.555
10.1413
368.32
346.084
117.894
37.5341
72.5838
96.2639
137.761
149.851
34.2375
286.941
442.794
52.6273
457.936
12.0389
22.9397
92.5119
57.0674
244.049
186.313
388.44
241.108
400.054
162.24
202.082
117.391
255.21
431.467
233.496
284.1
274.116
234.833
69.9916
253.12
5.42743
447.314
369.846
8.42028
169.441
254.886
104.723
389.159
455.521
406.005
404.083
457.121
157.891
455.178
217.304
121.372
88.1721
58.5224
233.603
415.343
328.008
387.553
447.687
392.696
461.651
310.43
147.072
9.52585
189.641
105.771
186.66
280.635
453.292
290.544
448.928
452.297
380.143
13.4187
460.443
308.156
459.335
450.257
304.58
433.65
442.659
258.414
102.698
225.457
286.529
445.742
435.554
154.171
315.126
321.192
434.156
306.842
203.336
16.4124
9.48938
283.0
220.467
246.732
447.674
208.151
336.827
192.524
161.615
458.359
240.922
232.412
159.171
375.416
3.29406
15.8115
153.076
440.761
6.67498
0.840755
227.779
189.97
151.646
411.665
354.784
69.4102
126.812
64.0689
452.805
455.862
379.718
170.785
238.592
9.10893
365.555
135.506
439.569
368.802
460.106
368.378
50.3429
10.2384
6.0607
12.2035
1.41166
451.543
159.425
456.0
389.07
67.7377
201.893
149.894
414.589
448.308
415.77
28.9316
461.656
196.496
260.996
14.9223
92.5543
4.49003
213.742
273.499
283.805
448.131
295.254
317.717
11.2371
57.8302
441.172
268.717
139.644
405.709
394.862
293.401
310.76
230.31
166.512
307.888
330.103
84.3502
333.454
6.81763
386.139
374.441
232.538
377.378
450.876
324.556
380.302
191.357
252.29
61.8487
454.078
288.933
232.201
222.422
452.498
393.883
99.2315
144.561
448.325
15.2466
375.542
175.324
452.967
239.213
373.648
458.087
457.187
334.486
6.90821
280.284
455.913
434.099
281.619
450.974
449.104
0.940178
2.557
449.695
134.175
353.441
37.7045
149.804
135.435
69.7109
153.149
450.848
150.444
361.493
453.617
192.878
12.021
386.083
461.523
105.628
393.841
450.077
63.1772
114.575
53.2018
224.47
8.16017
417.897
408.65
453.009
330.236
359.208
273.937
16.5725
354.851
20.3738
272.623
165.585
454.498
3.49685
125.02
444.213
357.807
-0.165352
93.5381
132.584
366.977
314.557
440.847
193.501
438.452
57.1471
272.306
272.783
259.785
139.17
353.08
3.71047
154.719
280.185
231.59
457.327
408.616
15.1818
209.086
377.048
262.966
6.37046
3.00857
135.541
452.015
4.77699
445.605
20.7564
458.045
123.862
460.592
457.769
232.676
365.089
270.658
13.8738
9.39338
180.581
293.899
457.258
377.151
305.897
403.023
441.274
415.118
107.189
314.771
62.2897
9.02579
264.558
386.45
179.089
384.319
453.47
278.821
319.761
113.665
42.5355
0.69729
259.077
410.182
271.437
440.55
451.967
283.287
210.137
456.461
2.71179
446.938
455.796
286.119
450.43
426.463
447.731
124.927
16.7206
214.935
370.99
438.803
447.633
295.171
310.62
391.366
6.53375
331.185
110.492
314.275
78.1318
373.944
209.822
167.393
431.447
455.614
164.118
139.396
10.325
366.2
185.7
104.574
21.6009
386.183
444.137
241.685
1.12753
183.333
425.798
173.788
44.1288
7.49425
455.259
137.949
412.135
15.3612
445.875
251.835
448.254
120.065
35.5428
316.352
447.483
182.069
431.422
439.979
197.963
455.284
232.404
13.1252
461.646
84.0045
261.559
94.064
106.228
319.506
317.502
200.516
458.192
122.964
94.2092
279.354
216.345
317.751
13.8644
139.779
455.655
448.767
296.306
371.174
301.948
272.83
457.766
13.693
14.2306
327.834
345.858
176.006
2.59639
308.65
280.583
71.3662
403.462
13.6545
232.412
421.89
8.10945
450.434
42.755
377.623
298.297
285.901
75.4542
112.974
454.698
101.665
7.79135
379.663
365.118
462.541
175.462
253.24
273.613
448.99
440.034
82.9188
457.5
450.91
348.529
455.84
100.474
232.277
378.501
10.6753
10.2754
210.798
296.743
366.396
113.79
348.149
355.023
205.278
14.6972
83.0174
70.9095
9.77127
73.2695
148.746
451.005
209.154
457.108
326.484
380.674
180.556
73.399
452.323
298.907
299.94
461.462
8.24708
457.485
59.7338
232.443
446.011
207.497
12.5675
9.9487
227.829
447.27
14.0595
294.331
162.271
377.651
240.045
12.4508
4.11155
366.722
224.88
127.901
172.756
304.638
368.727
124.476
284.286
17.6028
340.992
410.307
16.5166
50.5675
329.345
451.637
388.768
33.3203
417.502
452.571
289.386
454.267
233.015
40.3772
428.924
9.80182
298.59
199.331
401.464
6.56511
425.321
96.1243
381.036
378.269
447.086
385.048
205.344
307.89
443.686
11.6708
15.4372
15.2082
441.257
100.551
208.609
326.772
297.165
400.06
453.168
413.933
278.841
374.24
445.154
445.057
4.86155
15.12
380.694
455.771
11.464
440.516
425.136
412.608
97.5951
361.599
127.287
4.2887
373.654
231.847
452.394
348.449
296.34
455.787
365.382
3.82967
455.828
112.517
446.853
435.531
7.44195
392.276
235.179
169.339
386.259
223.884
381.412
405.998
417.608
13.7196
252.785
454.099
329.565
317.928
310.193
5.75468
0.723498
24.7423
324.629
115.825
6.22983
136.037
98.8096
8.35126
216.707
240.024
460.844
304.693
287.357
10.2384
48.109
286.036
10.2597
356.556
85.9894
26.0689
382.105
290.024
63.0707
7.54354
458.032
456.574
269.2
351.814
376.697
459.23
183.035
2.00944
1.08101
448.315
11.3105
424.525
316.915
10.1463
317.76
402.417
260.617
429.838
428.547
361.445
228.743
199.644
450.155
322.357
197.612
447.576
204.678
197.137
392.427
232.732
451.936
162.433
461.43
220.545
9.73222
458.633
9.40554
443.051
381.397
231.471
454.753
440.796
2.488
442.884
381.582
246.675
303.874
14.8687
369.611
383.989
417.286
86.1189
409.349
317.955
38.6083
447.211
72.1152
450.16
204.752
355.063
456.209
233.304
382.389
449.51
84.9952
135.375
326.303
327.446
113.96
237.878
277.806
345.216
399.047
1.0613
25.0989
452.714
454.684
62.4223
332.215
170.799
285.423
25.5655
459.471
126.864
13.8305
417.548
450.147
185.316
8.45698
450.532
452.193
389.385
297.652
461.022
394.125
96.3677
63.5565
435.935
41.2195
88.945
389.741
371.813
338.026
13.5544
5.73001
459.34
200.657
316.055
196.044
379.068
262.659
14.3982
214.501
461.287
365.877
229.901
284.215
297.525
11.4527
441.966
301.811
455.039
232.925
453.983
443.09
103.913
446.593
43.1251
456.415
101.213
448.664
254.309
449.088
206.821
2.01493
452.207
275.761
444.678
441.069
228.838
276.813
331.006
19.2942
3.46389
1.26599
274.927
316.054
271.837
396.735
458.237
140.318
153.404
259.887
450.514
18.4577
360.875
161.704
335.17
450.201
453.728
101.74
387.967
368.584
452.688
12.3317
230.132
357.739
267.202
285.014
316.868
222.762
447.082
367.158
176.721
123.384
130.69
171.66
0.880364
92.2225
405.291
384.938
103.621
359.018
6.46203
399.504
371.336
363.233
228.23
232.872
461.087
384.922
289.775
165.36
443.166
232.896
232.767
60.2772
339.13
66.9326
314.048
412.98
461.117
227.916
212.003
177.752
16.3386
67.1474
450.17
61.7786
14.8758
46.7861
333.466
439.809
438.74
167.645
232.171
13.8869
216.521
424.792
154.754
15.0433
268.008
436.301
335.245
450.385
13.0873
253.437
232.922
207.824
445.145
456.214
0.447831
299.061
237.792
456.832
354.523
180.928
213.976
0.293552
430.053
243.939
317.449
57.2181
344.832
5.06651
233.001
285.625
255.81
1.48156
293.497
4.46881
151.17
152.311
461.401
259.664
366.137
232.641
306.795
13.6888
460.283
418.71
456.953
254.903
456.798
361.891
106.9
419.413
35.9472
191.004
353.978
233.071
328.431
360.786
209.415
120.636
171.02
448.546
319.326
314.372
449.179
58.1522
462.893
17.6047
309.512
5.30065
384.087
404.224
229.137
253.607
334.705
17.3531
376.4
356.833
189.176
110.774
171.609
164.789
59.0083
337.666
454.729
443.351
209.522
13.8982
320.153
13.178
352.751
234.136
125.352
433.3
162.39
232.803
381.033
305.159
98.1156
411.331
446.952
59.1456
16.4601
114.689
334.007
347.312
99.4427
440.264
0.830746
418.286
343.918
286.872
368.08
90.8468
453.674
314.102
301.675
7.85459
262.051
339.15
1.38361
101.949
119.549
271.859
108.586
436.095
423.845
457.744
8.52868
109.947
387.818
342.225
247.802
268.392
93.2512
225.979
291.818
200.24
424.613
405.3
461.734
453.424
433.511
396.131
461.166
449.656
305.956
17.6466
339.899
87.2707
382.427
14.3483
20.136
140.034
7.9564
173.38
448.794
8.95865
453.459
460.736
202.786
450.616
31.702
456.02
347.028
455.448
364.151
99.7601
379.413
460.603
158.601
234.354
332.395
328.717
321.628
1.49468
406.478
313.158
144.029
283.731
169.086
163.301
81.2119
209.175
307.188
406.044
26.8806
306.201
4.59008
458.178
15.13
12.3957
288.882
246.549
250.565
200.242
190.99
280.222
144.643
232.443
450.363
416.788
187.386
99.525
285.197
382.068
229.529
371.955
256.013
12.7157
440.74
445.923
318.622
83.6863
412.551
440.682
362.606
316.809
318.774
339.998
282.099
373.035
5.99365
455.297
14.0878
362.46
232.793
441.386
335.689
420.056
38.3728
278.584
431.641
445.836
351.88
398.073
8.99971
402.503
247.176
118.706
259.408
418.737
249.167
399.225
452.223
443.655
201.762
296.97
125.222
294.099
248.553
367.52
450.524
232.526
233.719
68.6881
183.132
14.317
446.584
336.78
1.04334
157.295
17.671
139.924
253.838
461.886
445.186
279.571
322.767
345.535
103.415
331.749
455.466
232.191
129.21
60.0351
244.568
451.062
204.868
350.718
450.219
13.2733
71.0056
362.983
397.135
41.0177
168.346
36.8597
325.238
117.85
98.7275
64.2447
232.742
461.729
9.45292
451.979
177.294
1.89112
232.318
81.3486
176.019
288.809
59.6139
453.926
124.983
292.297
461.894
442.401
238.26
121.96
276.47
331.33
437.076
409.792
213.367
415.544
347.965
318.804
449.622
451.505
442.578
13.3962
290.983
293.308
300.725
428.647
219.283
214.401
355.227
211.127
460.243
333.011
460.755
259.666
153.931
460.361
65.0591
232.654
263.146
456.093
287.848
129.732
174.406
458.219
14.6722
15.2445
94.2376
330.704
457.631
183.045
348.569
202.74
145.595
1.23575
445.38
343.727
9.59253
349.948
183.997
450.083
243.65
355.691
405.945
23.4667
425.05
15.222
440.481
455.786
76.5694
174.317
398.964
380.947
37.7992
345.39
7.86369
439.905
106.35
1.05936
155.914
285.151
67.7271
242.806
366.064
1.14036
446.641
163.053
222.031
409.658
227.585
233.144
3.28222
249.911
366.892
232.012
99.83
4.07181
18.2534
395.909
461.578
453.809
389.375
185.595
298.441
441.321
284.703
1.4535
210.35
159.047
296.981
338.466
0.672316
247.764
275.232
313.564
232.664
2.1499
322.332
452.831
378.232
461.194
235.864
10.1037
12.7735
78.2074
288.045
15.3707
1.16208
458.993
302.103
449.041
269.6
456.138
266.327
366.71
259.266
313.042
448.076
394.099
373.108
232.201
453.632
452.971
358.578
30.7686
423.263
205.54
333.71
449.187
16.8606
12.0318
377.77
247.169
406.567
188.474
8.26624
453.084
320.61
250.67
271.245
3.48313
196.32
205.315
252.682
1.23308
56.808
35.9846
61.3684
409.786
58.0627
334.74
461.354
437.793
158.899
442.829
31.4303
199.56
349.866
324.537
290.464
449.995
415.502
83.5294
0.661468
11.6488
452.517
276.79
41.7246
452.121
454.212
68.2584
315.322
421.708
353.785
2.03301
372.909
421.44
83.6677
11.8237
7.55943
112.429
351.54
369.138
176.122
247.298
449.261
173.236
232.554
13.576
204.988
173.677
2.94862
4.21716
235.417
456.671
445.571
233.443
50.7396
458.958
12.0442
278.746
409.178
143.388
227.311
351.887
372.175
449.136
381.723
4.41326
216.703
441.327
378.288
330.007
14.936
191.971
252.99
11.2538
99.0277
215.164
96.2393
330.992
458.264
232.25
385.852
171.15
9.44153
246.306
342.114
379.43
86.5171
59.5656
453.263
362.769
405.138
362.746
172.725
453.644
1.804
313.862
372.995
335.841
392.015
329.691
450.139
16.158
11.3724
462.715
389.427
446.688
79.7988
202.851
211.726
371.891
433.718
11.0559
456.879
76.4224
12.16
361.134
184.769
459.038
461.998
9.94238
296.743
261.644
9.21959
232.705
131.925
6.74024
377.291
399.148
441.738
457.163
432.227
276.344
8.01047
111.652
425.441
453.563
408.543
12.0222
232.068
149.816
328.063
168.508
232.077
360.372
171.066
450.682
106.069
159.581
145.996
442.233
44.5652
153.412
376.91
447.529
253.819
322.863
341.784
4.7139
447.642
273.994
374.616
153.561
15.4334
232.43
460.915
30.0673
283.374
167.129
212.707
159.389
421.1
449.79
273.992
429.626
446.217
372.281
30.5978
232.706
10.061
355.334
429.594
339.206
6.30216
454.109
241.192
450.402
6.99774
403.001
311.761
447.294
136.288
427.34
21.6856
350.274
335.024
232.366
461.015
368.617
272.638
456.191
105.15
0.910031
448.079
450.356
445.27
261.396
446.84
143.698
10.1063
134.651
305.274
182.183
7.92368
449.452
203.08
291.982
434.258
144.003
225.326
172.512
426.426
420.462
429.241
304.514
70.2997
433.611
44.3495
410.268
8.26416
9.87642
456.707
24.7134
12.6814
2.14664
396.99
458.336
236.247
191.514
77.0844
415.461
142.719
456.808
449.891
4.20663
461.6
14.1342
114.075
32.6672
14.3848
136.527
311.998
318.846
433.294
69.9434
233.604
6.77445
445.384
327.092
388.739
305.488
148.829
461.445
232.498
376.54
315.316
6.27722
227.679
386.537
368.478
1.11486
447.628
297.1
90.7367
105.294
257.723
439.951
13.3316
403.401
412.214
10.0552
374.154
18.6052
433.779
204.088
31.3491
95.5707
299.867
263.325
2.14351
456.884
193.204
16.885
219.068
332.887
274.207
352.403
328.915
452.466
219.336
350.176
57.7889
86.0973
297.774
280.678
393.064
444.508
232.313
102.823
2.07653
453.363
67.285
271.221
461.334
423.764
10.1263
456.162
450.246
446.401
208.246
461.623
234.527
448.917
419.766
110.073
446.855
312.942
114.178
190.641
2.07481
22.2813
54.4464
14.9969
361.869
390.648
161.318
343.576
456.041
424.252
-1.28946
341.81
431.337
357.776
376.434
440.794
284.29
238.403
458.07
247.065
360.056
452.48
414.808
63.0948
111.047
137.881
446.816
133.588
277.974
403.745
284.631
455.247
16.505
358.343
93.8988
73.0776
273.725
23.5665
378.205
271.75
124.754
418.205
83.1027
459.814
148.147
345.777
146.764
324.76
159.195
137.525
248.07
164.919
445.74
319.941
245.786
335.783
447.861
454.872
21.26
1.31341
39.707
15.1043
15.8001
460.99
396.923
221.387
29.4874
184.261
385.299
111.967
273.827
367.712
450.315
434.317
374.791
456.083
232.748
190.556
253.696
450.26
453.004
17.9291
312.499
61.3659
143.215
60.712
424.478
224.26
314.565
413.876
311.451
445.384
224.836
230.735
463.514
446.266
319.324
349.524
446.835
191.471
203.697
332.318
126.762
423.509
14.0415
2.15488
232.31
429.194
451.417
406.049
460.432
414.827
363.334
272.202
88.577
46.038
455.398
454.195
190.175
271.977
104.01
395.563
428.395
301.696
203.734
150.151
184.21
157.213
231.198
446.76
234.629
391.107
421.555
162.458
456.223
450.811
6.74731
255.756
333.139
450.86
363.02
68.8409
57.9739
189.749
138.926
229.359
414.624
444.451
291.28
162.83
435.429
361.701
268.011
456.491
0.450559
184.04
381.668
219.447
159.215
355.148
433.857
218.038
233.156
453.796
447.624
318.355
420.96
150.872
150.602
415.342
335.005
15.582
413.458
289.642
158.495
445.335
343.051
317.406
441.924
282.117
196.463
232.813
457.565
259.934
388.736
99.6356
386.361
451.321
450.457
461.115
287.128
211.139
298.472
28.5129
260.639
427.47
359.804
348.878
404.401
349.815
189.638
1.13579
7.5264
370.359
324.432
332.017
412.141
117.265
295.352
436.328
12.3694
119.627
128.759
103.215
458.48
162.684
232.335
262.898
140.239
346.854
462.185
270.388
7.18061
153.36
184.764
284.983
239.978
76.3124
459.448
210.416
6.59881
1.35129
130.256
11.2739
372.736
402.379
6.01387
450.285
163.882
455.819
450.957
455.615
434.738
249.206
372.236
437.613
98.0132
462.132
93.5261
449.656
290.075
115.529
137.526
113.504
30.5054
300.963
370.429
453.13
101.146
36.4812
458.247
82.03
420.92
449.258
280.857
254.294
445.173
305.122
2.66199
445.167
197.141
264.427
3.98475
444.661
53.6402
269.712
7.67606
443.917
77.9873
16.8369
452.003
318.851
319.031
453.388
441.058
5.13678
361.21
179.873
410.766
432.532
68.7868
155.241
451.262
453.537
86.0021
256.637
255.057
381.13
445.469
361.986
116.297
79.5825
395.565
101.784
233.189
120.413
29.446
232.301
368.89
63.1952
287.87
449.59
255.624
12.3273
367.144
396.836
453.366
235.625
128.367
456.365
114.816
455.439
232.109
143.632
336.128
241.936
171.361
456.303
193.961
355.289
456.378
350.575
418.502
232.74
294.087
238.41
15.5559
13.46
7.74307
43.6865
214.206
226.751
162.245
429.839
316.932
85.0094
360.103
262.304
463.145
451.69
229.037
46.5896
286.403
318.322
231.706
441.881
388.528
321.935
34.6516
404.83
121.686
451.787
439.332
61.4675
12.2667
413.254
448.723
256.333
264.549
249.057
232.499
114.814
123.331
352.437
232.469
428.844
309.555
159.416
273.98
327.805
323.782
220.352
202.059
227.887
367.26
238.666
436.816
386.757
410.11
4.1694
461.192
252.182
225.73
16.1063
140.491
197.108
224.829
134.335
173.331
16.6553
422.747
14.39
302.755
360.942
100.999
103.339
461.688
391.997
394.451
74.4676
385.384
385.844
174.823
282.495
185.495
195.669
355.393
231.604
95.9379
232.238
5.35113
438.292
233.221
340.55
456.255
15.2934
203.623
135.543
10.1386
451.212
356.528
304.974
254.025
135.858
205.485
193.22
252.734
287.936
355.638
11.4448
15.1445
294.027
8.53195
26.5982
460.981
163.949
461.222
282.954
217.843
111.739
342.167
461.793
445.088
451.683
452.953
239.836
225.233
117.961
337.723
457.448
237.463
379.188
253.887
161.793
168.613
446.996
423.809
407.579
460.692
351.876
206.418
317.249
71.2221
258.97
112.142
454.754
8.0316
228.647
287.869
287.706
461.196
16.3305
227.139
8.65637
14.371
449.607
72.2333
456.827
31.9371
270.218
151.505
448.691
79.6056
110.671
102.351
13.5534
183.469
107.229
61.701
283.691
318.118
460.752
171.692
377.667
32.6384
411.961
294.453
7.63912
227.538
453.418
399.404
166.888
365.014
41.3677
379.601
247.353
57.2271
435.158
210.358
417.826
11.2672
332.588
210.335
316.393
450.997
447.266
397.839
338.114
259.705
227.641
232.996
151.351
88.2422
459.734
364.611
266.23
244.028
455.805
351.555
444.562
142.239
65.361
69.0813
165.509
284.226
442.917
13.4024
2.95476
403.974
3.03307
451.697
322.707
277.929
125.961
129.27
309.898
10.5457
84.3735
232.724
461.266
198.883
375.588
366.285
134.386
16.4082
321.474
446.112
237.103
228.117
145.441
297.364
3.38455
7.22662
8.99312
329.335
148.791
451.035
279.802
45.2428
70.4586
254.402
398.819
443.487
225.193
264.866
383.539
383.73
455.016
310.182
210.512
189.072
234.227
305.466
370.98
102.363
321.905
346.225
247.39
244.569
195.99
362.626
42.8152
134.346
147.955
332.779
100.395
74.6515
17.5672
366.711
414.3
444.83
437.776
458.142
220.483
459.099
118.212
11.0201
436.359
404.984
401.949
292.676
262.068
231.934
428.495
455.69
268.353
258.218
361.234
375.476
173.531
87.2029
451.803
207.387
292.644
421.512
10.8512
457.366
451.51
302.012
235.491
409.356
282.367
80.3916
258.818
414.251
452.446
239.863
184.7
460.427
390.215
431.95
456.547
450.177
380.468
194.063
-3.64745
232.684
173.561
455.631
456.321
353.64
32.938
85.2704
310.088
447.557
308.365
386.614
341.092
448.315
9.63033
345.984
453.076
295.392
149.513
98.0259
148.91
431.027
191.787
193.807
236.741
172.996
101.012
167.669
125.773
324.881
346.671
381.016
299.368
454.368
248.852
375.757
451.146
418.066
348.862
273.523
454.849
203.033
457.108
176.684
190.009
52.7561
178.996
13.2209
229.178
8.98274
0.312033
195.63
232.33
462.126
340.581
317.417
45.4405
129.117
408.687
14.35
22.1256
365.38
131.864
7.07132
444.554
190.607
445.428
445.632
163.568
127.151
276.861
339.606
356.484
405.99
441.331
459.234
314.501
343.202
261.485
297.014
59.4054
153.072
241.984
357.909
147.177
408.844
37.7134
454.191
295.279
121.125
363.41
365.621
45.9035
134.624
450.398
341.265
78.2604
39.7264
420.069
85.0595
184.717
115.336
7.71057
93.3153
448.514
452.497
79.8794
400.524
416.272
340.701
333.737
192.607
459.401
448.708
355.204
455.208
388.363
228.228
460.266
108.112
162.764
367.944
221.5
220.693
240.023
455.348
420.644
256.565
334.161
449.813
168.259
104.175
8.24822
313.106
287.757
362.463
421.983
461.57
70.2379
458.203
227.911
419.475
25.0487
280.369
129.461
14.4028
395.161
291.479
232.923
431.258
1.71151
7.07674
415.059
375.121
322.415
2.89126
445.363
454.737
309.784
180.398
14.0651
200.924
67.698
158.242
7.75667
179.399
214.145
287.692
433.303
453.235
232.896
462.075
69.0645
11.9469
355.238
178.916
2.9391
427.034
445.46
255.764
231.945
450.221
402.276
453.255
6.45984
17.0044
444.469
156.14
461.542
456.209
459.761
17.0621
73.7444
32.2141
111.505
291.976
227.565
191.571
415.365
382.357
455.009
8.30281
232.471
455.256
153.641
233.097
112.789
450.297
449.757
245.457
450.592
11.0488
256.966
379.555
455.781
298.9
71.1828
412.03
183.563
400.481
274.081
67.2739
261.102
35.7902
458.685
58.3612
340.015
258.372
327.414
285.055
233.049
183.264
179.644
52.756
315.372
93.8354
405.84
13.446
277.581
51.7713
295.529
154.74
313.866
228.179
149.471
180.293
217.067
294.675
301.14
224.444
416.555
286.073
268.008
254.11
9.82962
86.5217
409.681
397.408
86.4491
460.341
448.905
64.9012
460.656
314.27
75.3204
42.4905
462.132
279.154
461.119
450.895
386.002
42.6398
343.764
232.397
459.81
230.728
451.989
460.435
40.4099
386.489
395.712
447.572
450.097
456.715
94.8267
222.037
19.7768
232.426
313.582
405.788
4.30032
259.395
456.9
447.847
351.512
405.277
17.3256
2.06543
448.506
391.839
306.023
459.17
384.5
6.76694
182.441
207.972
360.367
336.393
223.991
68.3764
445.187
417.888
422.713
231.74
448.163
257.314
448.299
232.785
196.877
1.31244
13.9802
166.642
120.564
217.752
392.031
332.589
227.812
256.406
17.4483
12.7621
365.394
362.497
166.385
9.12035
50.5599
453.896
274.262
330.772
230.448
11.0057
290.236
168.75
106.988
454.625
261.495
398.712
456.091
258.458
423.917
13.9017
232.396
433.219
121.215
368.068
349.195
308.486
288.208
190.613
461.848
152.884
216.486
152.444
401.486
460.702
460.935
62.8776
414.423
89.425
317.715
317.318
350.196
54.1559
450.981
135.962
227.115
96.1073
396.288
146.094
456.136
90.4067
452.323
296.397
98.8153
450.885
411.672
249.628
103.712
68.9257
461.513
345.542
439.046
449.564
272.967
124.838
351.332
226.213
429.315
138.049
273.354
359.85
339.663
293.611
446.52
222.297
78.6195
452.487
92.3152
386.604
318.161
423.117
260.956
334.202
320.913
281.12
142.08
95.9427
267.336
203.158
166.792
371.393
295.938
296.404
424.649
344.057
448.225
256.237
440.036
450.38
267.211
159.672
70.4784
273.232
214.258
249.798
380.047
22.4661
440.855
35.3168
455.77
256.645
14.769
272.721
333.574
94.9961
277.693
433.571
419.398
417.503
11.924
2.94352
232.772
273.663
236.507
364.32
297.763
437.351
0.758041
232.992
321.48
342.167
317.605
413.092
233.152
454.453
454.516
55.7227
255.593
143.57
339.266
127.779
171.867
272.408
454.152
152.531
10.1492
142.989
373.684
395.75
227.624
422.776
451.293
34.675
227.347
43.213
37.8553
134.675
405.948
298.96
235.245
360.342
294.45
156.638
356.035
49.7846
5.47338
201.244
333.753
18.0826
277.562
70.8217
8.9168
149.812
3.65551
13.1524
340.71
316.474
349.304
368.769
379.28
352.936
195.015
374.387
437.488
1.9517
232.785
322.052
163.695
457.504
371.992
227.845
274.256
437.704
113.378
436.982
233.797
359.187
440.331
378.964
8.84116
226.167
9.65363
385.776
459.65
451.645
58.7451
325.071
293.741
79.7613
450.257
330.658
451.431
452.873
454.989
457.921
454.459
232.84
145.162
315.482
345.124
11.9571
378.585
26.0419
282.924
429.194
125.928
445.714
180.715
192.995
441.049
435.491
14.716
457.398
174.245
310.587
398.991
372.813
336.438
421.578
273.801
285.422
342.374
462.223
273.809
353.402
210.912
92.3491
446.487
248.304
449.091
115.976
8.5988
123.878
288.626
354.992
212.738
458.515
454.334
233.85
130.914
461.606
300.156
204.964
449.218
451.852
436.418
407.469
279.279
407.865
349.392
444.895
13.8254
460.574
6.09937
459.62
251.027
302.947
332.404
461.684
207.242
160.43
421.463
285.173
1.14638
245.64
183.88
293.942
43.9556
100.41
305.652
334.967
4.09296
153.719
303.961
236.208
375.427
448.348
7.29037
326.263
299.806
325.431
394.328
316.011
232.62
251.215
461.531
411.803
125.765
11.636
458.142
131.753
135.237
442.414
426.068
182.391
359.241
103.457
356.039
232.317
37.2502
263.742
361.155
117.445
271.358
446.278
388.49
371.024
307.088
142.422
113.099
53.9561
448.812
6.91316
311.688
239.227
375.802
429.472
441.017
393.242
410.191
449.919
256.948
138.208
443.928
89.3399
243.374
362.311
455.91
423.954
378.587
442.772
458.763
445.876
35.5006
122.508
451.017
445.191
442.08
323.949
73.8188
1.96284
2.66453
95.8068
452.168
17.1454
269.12
233.249
351.743
452.025
448.96
263.93
250.754
378.728
112.791
423.306
308.844
379.266
308.957
445.825
6.27862
446.133
362.582
7.40388
458.055
403.715
301.436
8.04053
10.0782
255.72
41.2955
444.79
8.08729
165.231
316.161
454.048
331.584
324.839
37.229
315.917
11.1231
444.936
357.344
3.4402
9.01567
16.3192
359.193
288.15
62.718
8.69386
249.083
404.24
453.663
129.376
339.77
254.295
455.026
398.399
427.324
232.548
450.153
251.677
331.21
456.415
319.948
53.2048
249.48
329.558
232.234
117.452
9.05921
456.621
298.55
144.602
265.205
35.8547
430.875
240.143
444.659
57.2554
456.701
456.037
331.605
229.793
450.898
243.457
345.174
292.862
461.804
275.678
251.963
135.732
453.835
1.43773
392.503
447.944
181.656
454.369
438.155
73.9584
10.3994
232.893
300.941
392.643
268.23
409.783
12.0633
447.791
396.392
5.08976
26.5667
14.7759
49.8389
222.694
388.847
405.588
458.057
455.897
428.617
232.444
319.124
297.673
330.095
262.046
459.086
196.071
159.11
437.613
365.216
442.312
7.14837
2.25013
441.161
209.559
103.272
461.062
96.7849
114.519
430.834
394.509
104.589
286.769
244.399
396.881
98.5831
452.451
304.162
185.038
35.1974
373.145
339.717
448.734
320.692
186.047
89.5793
443.471
442.36
460.849
263.885
177.753
352.139
341.234
315.795
8.89028
391.509
304.471
364.979
406.657
445.242
13.6885
386.597
330.291
41.5938
450.558
4.50517
150.232
232.982
453.772
115.339
144.584
96.2368
145.76
231.858
460.361
10.0283
270.375
203.16
194.088
439.823
403.451
460.824
360.994
264.553
374.324
171.609
396.965
421.401
455.766
188.31
76.2412
402.724
220.037
302.15
360.0
324.665
284.545
324.364
170.206
81.4151
221.79
60.653
0.862477
313.368
132.156
117.371
460.861
182.24
449.7
446.756
207.031
257.871
4.34995
273.238
361.989
427.606
353.725
361.623
259.921
89.8899
434.454
455.741
450.258
54.2619
236.434
457.1
214.412
145.199
449.013
460.951
171.317
125.13
343.69
301.709
109.268
299.196
161.435
278.824
318.598
281.847
66.9849
455.633
11.4185
182.887
232.711
315.775
131.579
160.14
360.384
305.798
461.573
1.06996
170.615
29.7467
389.074
299.812
253.407
377.215
248.113
330.206
178.942
168.882
428.358
49.2256
462.18
245.953
181.955
461.767
334.66
341.901
8.66445
302.959
432.346
6.30863
430.533
300.86
262.551
446.126
157.644
396.292
216.203
243.385
232.761
118.572
15.8242
434.229
431.843
452.648
229.108
328.863
293.22
383.808
345.016
319.807
404.609
388.813
26.3869
347.053
450.316
332.618
12.2697
159.358
233.112
392.672
257.851
14.1361
380.937
448.519
410.902
411.589
124.171
403.349
459.379
55.6841
245.258
442.808
403.035
453.066
12.0652
309.006
444.609
191.809
194.304
7.04321
321.234
453.657
15.8176
275.562
150.512
446.395
374.527
117.566
224.31
455.59
278.351
198.27
234.444
364.822
13.8721
267.265
450.723
258.96
353.118
421.532
439.182
4.79532
80.2853
461.216
279.412
441.781
41.3003
415.367
1.47364
192.384
140.731
137.926
4.89917
92.6575
214.533
287.544
151.513
157.482
249.166
452.502
227.21
3.84608
452.746
242.089
444.952
358.229
442.239
453.3
204.822
380.272
341.608
11.0021
308.249
268.497
374.301
279.745
340.908
422.306
446.938
461.645
0.933228
19.1234
451.063
196.519
339.599
325.317
89.342
349.603
37.6285
387.724
445.877
370.981
446.522
375.091
143.394
444.818
365.605
428.698
456.994
126.061
245.994
178.549
148.102
452.85
18.4632
451.303
16.7585
337.317
300.983
110.707
458.73
50.571
446.218
233.285
356.206
116.282
456.075
322.769
446.737
402.804
81.68
16.7345
1.0859
11.4067
11.5684
2.72805
208.714
432.072
215.148
278.686
232.865
412.677
343.59
439.43
360.752
342.046
13.094
162.23
245.439
276.706
203.604
269.324
444.634
300.279
422.809
402.913
154.846
378.965
415.418
85.4461
227.523
346.967
455.759
1.09551
373.965
279.257
132.811
260.46
133.288
448.39
277.009
9.9425
397.329
341.344
448.21
217.563
356.498
447.542
374.219
90.1697
120.867
405.677
364.604
206.101
347.145
346.074
213.335
269.952
367.551
36.6858
259.883
254.541
142.233
445.176
168.213
448.394
451.034
445.251
376.947
245.421
21.9544
221.738
7.85352
114.511
449.62
385.907
379.176
304.111
8.52815
362.496
386.573
395.26
7.03753
69.5301
449.555
387.39
241.032
187.615
451.932
438.946
136.641
209.953
181.346
456.249
462.742
182.376
335.55
372.886
457.703
326.33
109.177
70.6957
391.568
262.854
448.65
288.762
301.848
384.221
5.99827
257.118
162.128
136.491
63.2545
196.097
199.24
296.876
3.40372
331.556
241.545
157.71
375.361
122.679
368.376
6.23831
186.111
240.854
39.4954
209.716
245.794
265.213
293.768
349.059
0.689666
14.9328
73.8926
291.189
207.412
0.191947
279.151
457.933
5.8738
135.229
452.442
458.062
35.9409
189.338
259.78
65.9928
119.917
393.453
340.226
355.658
288.05
284.724
166.576
453.367
325.028
460.26
354.456
229.87
280.613
63.7351
43.0466
321.539
453.963
233.014
330.673
201.277
11.068
168.885
457.04
13.087
243.21
350.913
219.621
320.044
331.356
451.419
263.705
457.175
445.86
455.034
29.8235
17.1496
445.255
40.2126
455.461
295.162
146.681
354.997
192.462
461.541
7.06907
455.734
106.641
257.867
329.005
342.522
383.017
4.38299
300.512
359.78
167.709
367.234
232.97
463.045
439.531
2.67113
453.393
443.216
232.986
372.545
445.607
425.765
282.67
444.958
217.228
121.259
69.7098
308.463
441.491
373.894
442.209
358.058
458.592
458.631
392.433
190.035
332.604
417.501
451.943
15.3181
382.303
297.321
4.04924
14.623
99.3483
166.072
312.542
449.546
271.383
324.922
5.19527
167.452
371.033
209.458
452.835
101.847
132.139
19.7448
450.827
15.4128
16.6414
240.276
320.366
1.12814
421.757
171.53
269.451
384.637
319.314
146.613
462.665
248.462
287.136
1.53184
180.43
308.06
369.308
238.689
415.278
450.081
256.424
130.775
159.667
336.756
455.73
230.272
259.857
326.927
56.0129
53.0588
54.8912
50.3308
388.527
458.686
335.123
213.871
453.066
88.7397
446.56
220.36
10.6897
452.367
19.2672
139.38
0.872482
284.984
367.357
365.559
300.621
9.75754
324.816
289.609
359.135
285.933
443.002
25.517
3.1632
168.165
189.432
174.609
255.95
125.468
350.26
458.291
269.808
367.237
104.644
244.448
221.325
29.0769
378.022
165.541
441.819
460.737
6.51616
151.034
233.351
271.418
132.498
373.049
187.07
313.839
411.567
245.228
351.615
456.034
341.394
207.59
135.981
443.666
289.009
261.766
217.502
221.923
347.66
135.377
316.027
461.851
136.075
454.986
308.116
306.714
340.182
303.146
1.25934
461.147
14.8188
9.22465
203.236
419.001
336.32
184.119
295.817
105.117
63.3957
454.357
12.1757
35.4365
397.491
126.074
390.106
196.125
199.692
445.533
258.869
448.466
3.59329
-0.084991
343.507
396.027
317.384
152.775
408.67
455.925
279.869
420.217
453.846
6.50516
27.7282
155.543
456.35
6.05635
425.491
12.8624
454.863
366.675
457.016
357.6
455.187
379.058
412.832
1.64833
459.798
404.412
459.909
317.548
10.8094
50.5818
247.256
420.744
454.779
9.14487
8.04536
38.0587
415.393
206.455
350.36
24.7346
85.3237
76.9121
346.125
0.43764
353.171
199.081
400.158
165.45
378.631
352.273
74.0047
178.064
189.776
443.611
451.916
280.23
5.58886
278.616
446.581
455.15
159.116
76.3361
142.729
448.982
453.904
364.317
305.765
350.641
138.928
441.052
368.275
248.983
234.787
185.524
185.492
447.642
244.124
102.172
350.146
457.3
262.248
445.754
242.012
278.171
444.907
327.175
396.091
354.354
56.754
84.0208
231.955
112.571
103.287
25.8654
342.149
385.013
205.846
15.9219
48.8765
356.76
458.86
226.297
296.502
363.688
110.69
460.669
8.95775
223.123
317.618
89.9075
233.587
440.175
436.531
310.824
19.7108
105.29
0.991002
359.501
440.24
461.801
201.918
299.176
405.546
378.994
22.3883
111.148
176.143
455.401
107.587
400.55
201.421
0.454914
328.539
450.019
14.0623
451.289
335.411
389.3
427.677
419.884
460.54
238.709
304.867
402.934
228.012
450.798
330.258
403.718
232.876
15.5178
375.528
65.3332
71.2604
301.811
280.459
370.658
255.37
110.753
78.3593
122.982
167.984
238.384
1.16248
439.641
356.783
119.996
446.008
415.671
1.12207
336.252
321.121
58.9236
390.306
339.572
276.678
189.733
452.817
384.029
452.586
439.484
13.5446
175.442
267.709
57.9495
159.278
366.658
7.48997
452.475
307.321
462.287
456.328
439.078
172.129
223.817
284.28
249.633
449.263
203.651
272.648
146.591
428.824
299.684
392.954
43.5152
231.745
340.16
285.988
66.2691
271.18
248.608
104.205
8.94236
102.38
371.548
14.5464
14.2199
310.856
16.0859
228.092
300.193
285.898
212.877
382.091
47.1116
303.37
454.179
1.58805
153.0
317.532
396.877
16.8411
455.515
215.581
262.727
270.586
391.637
1.76393
1.53784
131.553
116.674
363.89
319.232
420.681
255.698
451.974
16.7449
429.902
402.968
459.543
158.611
232.578
98.963
341.484
102.678
407.23
43.9989
420.138
330.969
11.1458
408.302
408.339
61.9995
302.827
244.025
330.329
379.994
280.67
457.43
378.342
260.18
114.456
129.925
3.00085
5.70289
210.343
445.9
453.258
15.2102
307.181
453.888
459.712
10.9377
189.307
8.69091
367.381
450.594
81.9595
229.484
3.21166
424.317
64.8749
154.916
454.855
98.4058
439.566
436.995
187.052
444.253
307.475
412.273
365.054
335.251
307.834
355.323
320.16
404.757
436.164
458.479
363.094
451.269
259.633
391.08
450.107
274.65
450.763
181.047
197.121
12.5895
16.1635
9.39578
436.92
252.612
6.49222
444.129
357.658
378.566
284.704
31.4695
267.304
14.5585
144.779
323.849
329.578
327.012
271.206
53.3029
290.888
0.879369
447.914
367.036
11.5232
169.556
297.777
353.937
11.0589
358.869
172.445
177.631
388.562
444.26
153.899
51.4619
359.072
417.405
223.909
167.07
459.847
367.014
189.436
315.782
247.82
186.956
446.251
358.097
381.072
448.177
1.09743
185.303
424.522
353.47
364.535
355.6
191.168
69.552
70.7172
377.206
434.151
457.948
442.337
247.938
96.1634
53.3251
260.948
449.343
340.702
309.634
410.535
437.274
386.324
52.15
65.1555
156.721
430.088
448.532
444.078
46.1036
263.57
446.6
366.153
121.545
336.687
3.50261
234.15
172.05
306.822
348.848
459.224
18.5516
369.804
359.157
229.025
109.88
311.264
202.489
136.549
361.018
160.421
227.47
19.2147
232.949
248.316
14.9947
14.3216
453.439
461.846
444.643
274.42
414.29
36.7473
285.061
342.054
449.478
431.068
388.898
433.471
440.197
347.206
232.367
446.59
450.71
438.58
203.166
451.117
299.704
38.1592
440.98
270.222
157.447
309.293
459.641
264.699
98.1383
129.064
350.744
446.266
430.186
139.102
300.855
135.583
387.988
163.321
64.1822
416.215
236.047
3.61471
299.638
425.16
110.269
10.4508
139.601
56.0735
346.693
356.163
455.599
364.111
27.6466
231.91
175.718
339.407
78.8631
425.731
390.719
451.74
139.299
391.947
233.077
281.429
13.7381
192.134
311.42
44.2361
263.41
379.873
428.593
400.987
19.8602
235.894
197.97
179.131
111.752
100.948
123.719
252.068
18.8524
443.631
32.0187
58.1175
445.971
184.495
454.158
235.553
301.213
370.188
175.434
232.374
277.811
459.792
316.244
236.828
333.792
8.10877
461.071
393.256
12.2476
275.541
18.3843
16.2019
394.693
448.905
435.818
6.88702
458.433
461.451
459.028
204.737
89.095
19.4395
351.418
326.394
84.2521
24.6579
192.271
179.704
461.786
188.473
27.9051
321.714
339.41
459.862
41.442
396.048
187.051
2.40878
9.22635
14.7299
350.326
345.972
445.688
286.926
238.88
230.273
186.007
137.653
320.386
77.7232
447.421
390.733
338.148
25.5342
168.468
246.621
305.213
122.249
459.513
460.17
259.874
451.057
341.425
274.975
176.68
456.106
7.79955
410.02
266.559
9.13139
151.815
231.871
454.566
254.775
452.327
450.129
215.03
280.725
273.46
289.093
291.011
450.216
28.9678
317.3
434.806
276.399
422.261
239.346
349.317
371.143
343.099
181.95
362.993
458.328
273.322
424.546
43.1517
403.471
418.453
13.8344
453.851
455.73
447.677
84.5325
42.1299
67.3155
156.649
195.257
445.678
223.337
358.251
356.927
441.404
368.5
331.256
7.66197
1.00797
449.605
170.116
319.706
381.664
218.94
372.279
2.07623
221.912
455.982
448.962
116.24
412.341
176.006
130.303
368.468
232.785
354.474
251.797
439.628
385.681
183.606
171.101
4.92777
242.777
363.481
419.658
180.556
232.621
194.829
285.859
121.016
325.818
148.415
421.197
390.074
156.962
268.608
338.896
313.252
456.912
82.1927
283.538
446.653
127.87
444.563
150.009
274.461
18.2212
275.122
243.695
311.55
423.574
455.487
13.7
342.505
445.646
433.139
104.895
237.28
298.711
402.418
453.367
83.8531
327.483
189.577
1.93778
456.377
278.74
229.238
304.137
340.613
211.84
201.451
361.635
423.91
232.929
455.601
165.389
1.36957
233.048
365.85
160.348
2.65468
6.79204
236.06
92.3283
215.885
12.1627
447.838
461.7
327.651
457.604
394.699
129.349
361.562
20.6981
128.698
403.106
299.132
14.0922
9.7359
209.545
201.993
10.9017
198.493
9.3609
184.015
234.926
352.778
457.539
8.41217
405.258
241.073
451.778
4.44625
126.441
316.906
453.534
399.193
299.888
382.946
276.213
283.57
2.97813
461.54
233.026
434.235
441.477
457.87
11.1917
282.125
9.46025
197.629
206.54
195.425
217.271
324.983
448.145
157.469
142.4
4.70754
14.254
445.772
221.776
129.152
232.32
277.063
315.378
16.5612
277.168
460.764
236.534
382.255
1.34424
215.051
7.84564
359.974
452.423
387.036
412.852
267.712
206.867
252.148
264.434
11.6073
12.5799
260.754
325.635
251.129
8.52904
11.6243
411.529
286.096
345.086
113.957
448.991
224.315
30.6614
213.312
329.785
447.514
189.419
453.819
433.047
272.526
232.351
367.288
240.773
232.954
253.836
399.877
461.28
320.261
249.415
390.612
211.085
409.932
8.564
403.468
449.819
422.126
457.565
133.7
300.257
42.6901
14.8944
233.023
365.463
296.337
0.920569
461.367
158.367
307.16
161.778
275.66
16.067
70.1602
11.5371
357.179
358.046
318.098
460.186
214.584
429.96
456.898
451.894
180.548
261.12
18.5089
85.2467
404.538
234.339
413.505
440.586
240.106
326.629
307.524
447.492
243.635
260.038
214.595
226.854
15.2835
456.824
110.001
353.466
214.251
217.067
233.114
260.962
15.7064
11.7936
387.516
184.149
280.085
333.636
2.40062
344.052
145.824
227.954
145.563
326.841
227.901
9.14555
402.112
407.544
459.378
90.6801
456.61
357.765
207.472
86.7968
368.4
461.3
305.91
133.437
122.564
443.986
342.808
424.737
445.391
322.128
409.379
363.843
105.78
449.851
453.568
166.881
98.9447
445.472
455.951
26.0518
3.89864
308.567
268.233
84.741
338.736
337.329
273.726
412.647
241.723
341.987
139.514
403.247
452.067
445.724
288.934
110.627
106.16
227.578
452.447
447.655
452.684
141.665
448.461
51.9238
422.849
156.534
16.9429
378.946
417.858
15.7359
238.468
340.744
12.5238
218.16
452.401
448.58
365.389
257.346
99.9696
447.095
416.236
258.858
-0.632699
1.11381
4.69444
328.363
453.178
230.344
121.999
5.26152
270.051
57.5281
458.777
446.242
60.9201
227.622
443.972
446.779
304.932
461.396
427.657
273.712
350.933
13.8628
145.079
372.893
7.25904
82.91
236.333
457.824
309.263
416.546
114.154
248.385
98.8082
1.94935
395.819
10.9828
2.4455
15.1329
379.775
2.11226
232.358
156.414
431.212
305.322
458.826
383.074
423.829
250.189
289.399
448.302
76.7009
363.069
138.21
3.50955
398.109
224.932
331.944
228.215
152.241
24.9023
453.276
355.432
236.454
315.86
305.934
2.6715
234.144
347.113
452.305
457.741
367.51
7.76479
334.682
432.459
415.685
13.4219
18.6137
448.631
77.1574
299.901
206.158
227.66
13.9477
335.488
189.627
438.965
355.555
380.559
405.676
445.749
236.443
232.679
6.13522
330.671
407.77
451.883
454.045
236.483
389.393
100.343
458.005
452.575
5.27357
246.921
443.104
318.635
232.906
1.99126
171.648
130.034
66.9245
441.449
232.497
445.932
232.94
232.624
452.689
449.285
232.58
11.339
328.493
132.521
446.971
-0.730753
57.0441
253.815
16.7106
247.815
232.637
170.553
13.6081
13.8352
236.328
136.518
452.754
177.578
207.622
109.14
425.647
290.047
343.338
15.6602
67.2002
257.014
240.692
338.483
131.257
1.67156
17.6889
353.43
435.761
397.813
404.481
384.581
443.764
3.33017
54.7563
234.978
8.61454
252.854
101.736
6.62435
234.894
278.679
371.19
311.398
18.7599
232.77
204.95
25.5546
388.364
156.998
212.901
326.487
210.496
84.7525
396.014
364.854
137.812
398.385
138.778
301.017
450.099
196.927
114.531
1.05731
353.966
383.664
410.78
224.272
0.502382
120.573
3.6743
430.75
321.06
351.099
460.678
95.9239
224.85
193.354
319.155
95.4929
164.477
63.1097
25.469
440.316
7.22925
193.18
458.647
234.656
314.56
453.714
460.39
82.6457
351.659
12.7745
354.989
357.764
368.573
457.585
271.465
191.821
430.43
10.0311
137.875
221.314
336.17
273.385
5.19939
455.379
405.597
185.819
304.849
417.954
69.8635
326.738
238.59
401.435
134.883
316.581
453.61
453.551
451.467
461.116
414.105
309.528
424.85
440.891
264.169
9.78335
458.329
351.644
46.3431
64.7599
373.777
151.859
0.786843
240.756
229.349
458.642
354.167
438.631
93.4443
290.137
388.74
260.168
276.067
403.079
341.639
8.99974
229.151
394.95
399.186
14.2011
10.8774
10.0126
446.874
260.431
461.223
265.575
170.162
453.447
405.513
288.306
454.08
178.174
148.458
279.214
296.988
300.451
5.47896
432.079
377.843
135.251
238.159
448.966
9.71263
239.016
144.479
43.5634
460.099
339.889
457.73
453.504
105.85
196.291
298.999
216.042
381.867
398.847
333.379
443.114
418.474
-2.47016
419.719
50.837
430.672
261.515
410.228
461.514
370.079
34.0635
443.168
306.066
310.521
1.05736
356.208
180.141
232.855
153.798
220.468
446.498
72.5122
416.181
1.15061
446.799
362.26
221.599
388.289
232.18
456.076
166.829
265.808
251.833
406.664
453.055
177.96
381.732
286.502
10.7527
109.839
460.398
422.968
281.006
108.836
47.9419
446.762
273.873
273.83
167.759
350.089
350.261
0.587197
260.435
141.541
115.255
306.928
331.723
270.024
18.4858
288.1
47.7305
109.138
202.66
430.836
36.6784
334.163
232.598
81.2599
418.45
392.786
161.128
0.928234
450.543
11.7029
254.599
219.203
24.1023
342.012
446.066
150.011
13.3914
438.136
458.375
454.242
225.161
379.477
297.135
67.6234
115.941
275.713
201.156
1.31737
315.05
448.883
12.3503
423.77
459.85
461.371
288.511
287.9
443.487
63.2527
0.928585
257.531
452.653
5.45149
-0.233219
161.03
66.5016
455.967
136.004
440.64
208.957
15.018
446.292
9.64169
310.932
333.595
435.886
16.1511
377.266
54.8077
233.613
391.274
398.622
448.83
-13.7558
382.313
451.591
113.212
231.112
260.822
16.7736
389.513
4.73461
5.23802
97.6761
332.378
455.391
349.049
109.106
290.32
441.943
253.012
163.16
449.626
237.968
452.058
372.627
0.190122
456.767
440.532
-0.115997
200.66
341.098
233.163
451.596
38.6766
330.065
461.643
411.707
424.391
381.969
206.646
311.924
357.872
253.787
264.201
267.541
390.884
269.578
451.179
436.143
2.40072
454.76
283.038
446.245
354.99
348.474
283.757
2.66804
453.459
309.709
327.693
253.134
12.3935
454.349
416.957
2.5276
284.84
456.218
75.5528
450.528
208.549
1.83673
438.898
15.6569
447.901
435.831
157.739
3.03244
349.329
239.824
346.756
233.116
456.814
165.537
383.327
416.207
442.527
299.233
25.5201
154.633
447.331
461.206
346.588
370.689
449.244
271.896
414.317
-0.186243
307.023
455.08
325.319
449.842
116.519
116.89
15.3899
126.491
99.5288
233.059
455.329
332.769
157.637
355.103
407.099
338.262
113.838
452.536
206.128
413.521
340.287
230.282
396.535
4.46637
217.438
126.994
335.529
167.707
443.375
308.583
235.43
458.737
407.676
125.221
372.723
232.623
441.764
298.125
333.139
344.698
373.926
73.7229
325.444
451.919
231.073
276.644
9.52881
457.48
385.921
284.547
272.472
426.118
61.9632
425.291
99.8878
1.2963
349.299
105.54
435.406
253.191
198.24
103.803
390.301
83.8878
65.4744
113.259
1.5375
451.05
209.653
123.629
458.267
107.077
269.008
138.175
327.921
411.279
216.834
18.5891
174.893
271.801
357.209
292.755
444.423
322.794
460.419
299.635
282.487
191.102
165.883
6.94917
287.753
94.7552
54.856
180.436
231.521
360.224
148.733
11.8883
408.866
455.878
158.424
455.877
87.4588
153.879
429.399
316.094
445.377
348.21
255.416
133.689
435.61
444.412
375.951
459.434
454.452
433.18
430.613
132.439
10.4371
404.117
89.0904
42.4909
232.651
406.673
437.132
331.599
172.442
2.28945
101.432
1.45701
250.9
447.661
449.228
12.7152
394.842
67.4045
64.5733
442.093
358.403
262.621
94.5449
232.658
43.4464
310.404
311.192
16.3119
254.871
458.354
447.965
274.223
200.164
228.147
359.511
204.484
48.0049
416.887
206.196
181.395
126.55
224.785
269.862
12.1734
412.048
208.117
374.414
446.752
355.243
301.071
256.877
462.607
129.749
66.7622
385.15
7.29758
455.629
1.51983
232.71
253.029
403.357
455.759
154.494
352.149
65.4073
443.718
279.91
451.488
227.865
203.999
12.2026
208.54
450.276
235.459
11.2809
299.274
17.5873
450.049
282.231
2.92496
452.972
452.986
211.807
245.026
406.182
290.927
418.511
258.943
453.678
393.556
232.241
369.984
322.319
446.879
232.387
266.922
290.578
15.7424
445.725
2.16978
9.77639
111.225
379.785
92.9051
431.344
414.192
3.34564
244.926
444.516
348.108
380.77
246.277
231.633
440.193
56.0007
14.9731
91.7365
354.774
276.941
275.083
443.307
388.468
457.121
147.147
327.469
63.3516
254.127
411.185
239.74
231.749
7.44562
298.045
292.081
406.037
446.596
233.534
354.997
314.354
125.575
370.154
243.125
144.697
456.636
403.934
451.347
230.914
377.201
6.70022
262.618
338.721
233.257
209.732
226.151
64.5233
438.55
444.122
454.131
396.874
456.221
346.276
461.347
21.5915
1.94934
274.843
16.5398
18.3718
398.969
403.542
454.156
322.712
241.565
47.4899
96.2915
420.169
14.418
139.524
454.742
171.6
248.218
398.962
352.071
221.095
213.148
232.463
2.09342
74.2642
320.201
316.298
336.713
72.1927
76.295
111.973
167.779
312.211
169.536
268.552
97.3011
135.961
1.10568
30.0175
78.5842
448.79
430.112
354.713
314.584
12.3696
75.4607
455.405
379.544
266.414
313.273
267.223
307.672
444.319
2.49407
380.56
388.933
375.927
460.258
235.994
90.9122
444.759
320.494
232.55
263.977
146.846
175.388
147.751
253.68
64.8123
403.567
240.241
313.529
110.058
229.769
454.846
122.419
447.746
215.097
309.807
8.53678
265.969
455.965
363.092
457.396
435.694
16.5028
345.623
232.432
354.205
85.7917
358.169
311.452
244.163
315.504
242.103
402.451
30.4546
240.934
451.889
14.6518
224.781
453.191
3.71168
266.728
372.988
65.2677
30.1978
122.79
377.409
437.766
144.058
446.664
289.549
1.36485
460.629
283.364
220.699
7.3342
173.749
452.433
232.361
456.964
450.881
138.651
310.612
232.055
237.303
45.9572
170.732
256.939
290.382
455.306
334.959
329.111
453.459
188.66
251.636
318.16
347.765
173.61
102.568
188.521
293.706
457.716
160.136
124.465
5.14531
283.722
59.8414
82.0526
20.3708
445.033
143.141
363.696
244.432
185.898
310.572
129.741
177.404
236.161
227.768
346.597
431.303
96.906
5.22026
177.267
267.877
100.091
0.459724
2.14525
336.048
448.054
353.79
12.5729
417.888
117.211
161.308
272.691
432.565
450.638
13.3372
249.065
383.572
357.363
455.785
358.792
62.8
304.956
99.0159
460.179
106.143
79.3274
453.822
446.899
449.916
406.701
77.225
370.886
8.95016
450.091
252.347
411.252
149.758
252.243
461.395
164.187
71.5824
195.374
364.411
353.281
450.279
350.856
357.787
426.932
285.669
346.388
202.806
89.5999
448.569
27.9822
177.505
450.144
247.71
2.68151
459.751
452.424
427.143
354.865
350.828
176.074
443.336
402.1
461.078
311.666
444.72
322.614
294.684
346.428
405.427
257.055
3.94094
145.314
289.496
291.645
457.587
157.389
85.0632
449.269
288.942
48.7299
55.955
268.305
371.503
359.879
376.124
230.946
414.224
436.268
438.428
15.4759
297.505
81.8506
425.628
252.283
274.996
354.24
217.739
444.041
275.946
428.463
406.478
461.058
266.904
455.955
361.124
247.226
385.25
455.983
22.0135
455.276
452.871
449.057
385.756
289.988
455.905
260.145
360.434
446.231
326.186
270.621
58.7821
0.279717
95.3849
324.33
281.883
344.803
9.72704
373.881
8.37074
190.824
299.291
462.929
157.723
166.029
461.206
217.436
449.013
411.727
461.407
383.624
452.688
454.509
452.864
183.959
46.8959
159.935
373.575
184.694
457.097
348.772
231.889
172.577
3.92891
194.343
283.841
349.151
205.446
287.176
453.439
238.732
446.394
17.593
304.545
125.692
388.11
262.058
460.582
340.457
456.54
51.9919
230.413
20.7752
154.719
282.627
318.687
217.11
364.639
114.907
8.39005
8.62353
233.846
147.026
304.105
284.284
270.841
4.6177
404.404
174.863
44.4879
460.955
233.057
433.406
309.615
188.811
193.818
422.681
305.794
324.066
265.673
344.494
158.463
459.733
199.508
174.024
461.46
389.479
192.22
30.9622
10.7225
11.9702
192.23
1.52313
11.8367
27.3987
175.561
229.223
206.526
332.455
207.244
447.595
347.78
446.623
456.394
14.5989
5.56458
103.001
23.2257
232.069
74.871
258.637
287.883
218.61
232.505
421.637
9.93506
450.653
77.9141
327.937
10.6862
441.563
6.14975
356.261
451.563
461.28
246.98
447.432
444.521
251.401
376.356
194.928
297.066
15.2237
398.025
308.21
237.572
86.2155
450.604
2.8449
462.137
177.691
290.237
382.93
137.833
439.966
358.27
400.453
277.822
133.25
358.667
10.9506
274.896
448.024
320.197
391.214
3.93492
301.83
274.467
251.307
453.041
448.374
343.49
4.93879
85.5707
8.18478
335.024
253.619
232.329
40.1276
271.011
247.894
296.269
322.605
209.881
12.8372
14.5148
80.1854
450.671
295.778
417.005
413.379
346.253
402.382
115.836
445.311
356.758
322.026
393.254
459.934
43.0818
48.1989
250.286
445.721
449.046
321.207
232.707
387.176
24.5051
80.1541
251.515
172.056
379.552
300.668
265.489
361.329
254.46
377.254
181.948
404.191
1.93601
445.975
55.3895
204.433
424.296
401.263
259.608
11.4284
455.184
134.085
226.084
0.460353
223.494
322.96
459.938
438.375
0.411905
113.871
164.921
2.69907
350.598
202.983
226.914
456.508
349.288
346.293
293.935
452.057
297.386
395.349
351.101
314.096
8.27614
98.4951
8.40585
75.7424
241.351
412.449
428.128
448.734
171.771
452.713
364.654
63.9584
239.238
338.748
447.676
5.89771
142.284
266.211
105.108
315.231
441.594
262.988
130.692
9.00495
102.547
64.6829
448.762
383.747
215.57
405.239
439.543
91.0553
183.021
328.025
185.544
44.5804
231.337
126.545
252.156
458.531
246.309
415.652
5.74408
448.974
312.747
119.737
223.896
232.981
183.43
40.8095
224.37
359.945
176.953
457.937
232.971
54.5679
460.977
452.002
48.1733
7.48958
391.803
449.521
9.8375
402.481
452.92
449.233
245.436
8.06678
451.58
143.729
459.838
272.833
432.05
455.802
460.265
273.221
152.313
462.105
454.55
335.669
53.5824
270.59
456.716
323.514
192.403
392.714
259.934
147.13
440.53
140.918
287.257
104.162
12.503
434.485
103.934
372.236
347.838
279.97
451.062
1.77426
98.9156
64.7596
378.303
279.45
280.003
36.3698
346.012
269.665
164.375
378.176
460.568
185.872
186.202
310.659
319.163
168.905
185.283
89.8178
281.002
212.585
456.816
450.676
128.514
407.613
451.081
0.288873
183.413
217.363
287.607
211.815
62.7269
462.759
113.183
231.193
115.073
445.983
3.73907
450.512
365.359
445.734
294.946
297.396
276.909
396.215
371.872
228.775
348.21
322.942
80.9777
0.490743
448.398
456.592
32.824
10.4859
54.6924
353.314
451.913
277.954
227.899
202.337
252.431
92.5279
7.90169
194.064
87.8332
144.225
157.408
353.984
438.294
71.2889
25.7814
256.101
2.82738
132.463
132.389
444.395
134.213
353.572
417.096
399.07
263.685
454.936
307.006
244.471
402.699
452.561
205.311
330.124
202.787
31.4434
127.039
7.69246
82.361
268.396
3.31588
163.186
340.922
229.874
50.0195
128.27
400.868
213.661
218.514
241.513
176.678
273.95
67.6892
342.093
291.043
299.595
271.37
367.15
232.905
459.173
446.374
333.527
233.0
333.988
408.14
444.395
193.839
201.991
456.679
290.612
325.685
7.1192
447.854
428.112
436.834
8.82196
56.5993
21.4928
291.526
123.227
275.73
268.159
175.67
232.229
430.83
260.227
441.996
23.9595
459.494
424.668
87.7385
23.7191
214.323
451.851
279.061
7.43523
115.98
211.781
446.953
309.319
227.309
447.137
448.053
451.55
454.556
256.802
321.774
45.1399
12.5636
18.4296
279.445
296.077
448.046
430.379
9.33139
452.325
179.613
44.3597
313.208
359.221
456.415
383.517
262.523
292.634
153.307
10.3569
192.259
355.382
323.598
7.72639
123.98
95.424
166.202
15.9431
127.348
115.003
448.222
234.536
128.501
444.385
3.0618
153.017
172.629
259.753
14.9783
350.445
292.139
384.73
326.27
345.883
376.316
458.266
449.241
455.771
412.913
395.348
343.352
342.322
406.438
10.6852
40.6977
365.407
95.3644
17.0139
260.367
158.048
10.5724
232.215
9.6573
202.946
295.733
275.416
95.7482
432.351
335.134
20.6102
333.708
447.052
109.673
56.9347
393.476
233.258
48.2094
453.464
219.741
388.812
351.051
447.69
144.757
167.911
394.259
447.663
343.974
312.918
57.2804
412.389
333.895
184.911
400.992
444.483
46.4599
279.647
396.647
451.69
138.02
461.93
122.34
342.24
23.4406
427.88
206.88
9.9275
279.063
388.574
419.376
364.577
367.092
449.903
49.0926
302.455
245.525
129.561
38.269
420.423
232.735
448.583
1.09497
270.062
2.16954
11.8657
66.508
381.109
448.131
249.777
238.899
85.2622
115.273
92.2268
163.97
6.26349
9.30827
283.633
302.004
73.1303
331.282
410.25
232.945
319.205
380.292
234.234
442.56
445.069
106.069
94.5078
12.277
9.03279
370.727
211.7
71.0546
356.172
233.167
2.06474
457.194
277.628
7.97146
196.796
237.26
447.69
190.03
152.795
8.46445
352.124
159.288
71.9871
411.144
445.161
368.69
2.33405
232.698
280.842
3.43858
296.925
368.081
354.456
329.302
13.4408
217.702
456.435
420.351
267.158
369.526
431.204
306.636
272.379
48.8801
347.952
302.627
187.44
382.948
227.758
427.22
167.308
262.423
374.173
66.9245
323.087
80.2338
397.508
378.026
446.224
232.598
404.501
0.230659
5.91639
351.526
15.9793
4.70493
387.712
448.124
232.667
146.505
306.289
9.51527
231.895
324.464
267.654
41.1449
331.036
447.615
363.785
232.922
14.6061
187.861
157.204
404.11
93.0063
6.14152
359.471
238.487
358.167
430.774
424.813
40.7151
455.729
227.254
354.773
432.765
280.054
461.395
276.212
362.936
229.238
311.662
2.14013
205.951
175.785
206.716
251.583
346.245
1.35358
446.69
417.162
232.956
266.457
15.2095
12.9365
131.511
452.295
239.415
414.01
157.498
176.89
444.942
447.289
406.116
246.858
104.254
321.913
445.826
444.962
147.316
457.807
443.488
450.697
421.597
249.799
403.395
317.711
379.482
220.725
449.39
374.632
368.817
259.347
164.676
193.896
24.0222
243.544
259.891
12.354
277.098
231.932
255.261
430.417
426.052
320.843
385.801
97.0216
324.502
370.572
232.397
8.4866
12.9423
194.92
357.725
2.18119
257.81
125.539
432.234
297.699
217.576
282.327
126.092
48.4898
71.9406
303.077
8.03188
300.805
458.03
344.617
300.298
319.139
201.311
220.7
202.61
7.62763
236.65
295.014
339.837
380.146
452.748
302.206
319.534
16.2523
447.423
463.376
319.939
378.421
138.695
237.954
435.189
112.953
256.176
0.931015
394.909
11.3678
109.838
14.7733
175.045
-0.169844
356.646
6.78931
460.614
456.513
449.077
48.3904
449.349
15.5532
209.803
65.737
459.903
380.081
33.4374
415.372
196.734
10.4772
5.97347
5.88963
177.955
457.194
360.635
212.554
272.293
431.667
272.34
389.262
317.759
347.649
232.766
450.88
430.414
145.535
280.804
124.616
287.076
443.454
12.0247
318.44
146.44
168.353
460.392
278.456
124.955
453.307
289.097
2.07796
399.045
0.931943
407.854
78.9025
54.0621
452.981
458.195
452.725
338.218
228.255
251.391
266.68
392.941
12.8506
215.408
8.91378
458.077
440.884
455.482
375.302
430.063
414.826
164.928
12.0906
232.691
8.54641
214.397
5.2585
150.277
249.056
1.06293
45.9661
10.3968
448.319
19.4845
156.888
312.668
445.333
455.116
85.4969
276.597
334.538
262.848
452.452
461.683
14.0903
458.508
366.335
392.356
208.057
361.258
446.049
461.711
462.374
447.853
453.064
165.903
168.542
15.9019
96.1026
252.597
221.452
302.092
152.952
448.878
452.184
19.3686
449.491
448.501
447.918
330.003
164.352
449.846
350.105
253.024
384.647
349.42
320.146
80.2548
418.724
460.995
3.56385
335.976
244.29
124.287
12.3211
82.7037
96.1658
150.652
456.802
245.083
201.595
420.629
38.4958
209.261
15.147
18.6138
344.221
457.988
425.447
278.364
0.993952
274.185
287.336
221.027
137.621
402.604
322.798
452.551
171.377
205.354
433.469
307.673
445.523
405.209
461.518
9.16923
10.1519
288.35
401.269
300.907
408.753
440.323
420.425
460.287
456.166
307.658
255.707
311.606
369.798
316.976
227.374
149.689
311.323
336.962
358.725
307.891
431.657
441.103
355.811
90.9061
180.384
207.871
457.161
399.582
254.489
112.733
318.226
268.791
274.858
373.434
298.298
436.577
313.903
285.939
449.771
415.159
16.2356
0.940806
175.322
453.702
227.85
286.095
337.117
15.76
407.093
360.264
165.088
421.983
443.032
352.819
434.085
347.536
269.945
197.547
233.569
0.941637
447.888
370.895
17.0318
276.503
199.66
232.023
324.016
449.25
452.799
343.267
168.037
416.491
246.977
177.341
207.387
291.791
122.134
306.623
450.96
43.2468
232.454
327.901
450.544
232.671
44.0647
462.135
92.1213
430.967
121.872
211.312
277.449
174.836
256.546
232.982
450.034
228.065
396.295
173.312
357.588
355.962
286.079
58.4557
429.307
323.084
133.06
278.503
458.849
329.996
454.517
455.442
232.694
7.7947
459.777
317.486
211.27
304.099
274.95
450.172
418.89
397.421
439.612
171.044
368.324
183.017
171.262
155.696
228.928
438.562
92.5024
79.8571
461.106
456.896
383.752
437.268
281.704
360.919
149.486
326.045
370.197
432.216
411.541
391.758
133.884
93.8319
416.589
6.65273
348.068
162.754
459.276
1.65977
461.948
301.045
229.136
1.81788
231.078
321.214
422.941
412.068
306.796
129.378
415.763
451.815
343.298
251.192
235.462
81.7273
397.538
66.8709
329.7
232.261
305.717
229.701
355.41
457.041
252.042
119.898
456.489
431.909
455.352
453.399
405.278
222.382
38.9165
265.366
249.631
402.104
177.758
101.43
441.048
414.875
346.709
8.67313
321.703
18.5401
86.6841
399.924
227.919
456.82
144.574
252.374
249.614
162.552
171.576
372.868
309.883
326.774
273.937
23.983
289.395
15.1016
261.586
409.285
4.34325
365.683
275.433
459.549
145.517
457.776
228.062
318.846
317.672
27.34
223.05
142.978
445.295
371.098
97.4869
461.957
0.57447
435.857
299.0
449.776
232.639
282.462
455.367
336.576
190.262
392.994
398.749
449.199
450.925
418.05
448.812
331.553
409.693
308.619
48.3845
411.73
238.676
220.937
459.645
445.116
112.525
447.735
83.3982
438.551
315.799
3.38677
335.397
441.569
446.227
299.683
227.287
232.466
452.941
69.6472
247.753
182.6
413.771
391.062
382.899
342.934
330.869
124.684
274.348
153.033
375.236
449.383
47.4034
376.878
452.177
84.1187
296.327
309.7
188.568
366.452
161.954
8.85558
232.46
305.057
382.219
54.3772
10.0299
232.812
452.472
158.465
285.513
449.288
20.1597
17.7176
17.8271
228.054
76.0429
256.932
412.571
13.2179
251.241
319.252
268.113
449.647
237.577
106.657
163.986
234.715
445.51
286.962
8.65642
328.894
217.09
259.172
452.701
456.027
456.509
445.535
14.2486
462.273
66.2148
359.715
120.479
368.097
119.85
232.416
126.38
334.131
456.473
32.3325
461.647
139.27
449.612
258.148
377.647
3.02865
7.94671
409.027
431.033
450.523
3.96149
448.247
222.136
119.348
105.712
458.862
460.048
97.3552
77.9551
7.86758
391.755
231.587
331.58
364.486
287.511
281.638
317.54
0.218324
3.71119
0.296519
344.11
410.767
63.7593
350.126
204.959
137.493
93.8859
188.756
245.509
213.18
370.951
221.323
450.43
329.131
452.015
290.173
172.125
363.989
397.351
139.913
77.7199
458.518
191.635
182.278
447.197
454.852
458.492
441.32
259.902
260.083
101.661
150.204
452.1
272.443
55.1861
260.064
126.824
14.2683
410.858
283.727
306.013
395.736
136.89
232.726
0.738257
109.635
438.297
327.43
89.1641
275.143
26.7759
235.677
38.7595
150.792
116.584
294.542
457.418
213.524
311.019
449.843
443.178
232.934
259.014
58.5879
332.031
349.493
456.384
219.808
208.508
82.5598
233.591
256.815
215.277
439.384
126.6
95.5771
443.699
373.212
210.07
240.47
95.3952
451.238
121.202
332.622
12.2317
426.315
134.335
89.8494
290.381
408.123
220.366
6.455
206.756
253.898
170.442
449.782
102.226
288.773
395.941
368.174
454.324
55.2174
335.098
444.461
291.222
463.303
362.019
452.692
182.933
88.7561
100.658
396.32
14.2778
219.949
10.9477
457.478
439.321
142.131
36.5274
454.453
7.70706
460.634
447.129
94.3588
84.6906
454.062
430.06
232.271
13.1964
454.444
457.457
445.312
404.032
458.281
433.005
233.157
432.655
5.25926
418.171
445.049
450.169
105.875
456.594
403.941
332.951
445.089
461.014
447.676
64.3639
44.3613
247.315
431.361
447.044
14.8313
262.088
284.12
454.574
225.645
457.909
452.081
422.271
405.083
151.682
90.9734
22.5849
326.492
14.1494
231.819
448.755
48.8077
375.278
104.983
203.597
129.567
378.91
359.988
214.895
189.018
394.162
452.556
53.9497
340.38
388.298
51.3577
437.156
239.996
219.338
24.6605
139.4
454.993
124.387
146.1
399.864
457.774
189.178
316.132
459.701
374.37
94.7997
379.12
279.87
353.934
199.212
262.353
309.655
209.468
369.724
316.819
322.932
144.081
442.614
353.532
451.035
448.874
287.025
156.742
127.341
453.627
309.967
337.466
290.549
387.407
445.956
68.3389
446.1
243.526
140.521
342.965
448.753
461.032
314.808
404.894
371.658
327.718
439.971
181.703
14.2172
243.601
439.404
186.554
15.9292
449.573
319.628
460.832
284.141
115.376
358.906
231.279
233.143
184.649
128.56
264.002
434.528
339.022
231.75
60.969
461.465
339.361
95.1054
232.146
191.942
348.004
462.102
320.297
304.311
341.207
93.9558
346.045
4.22583
3.4935
235.516
158.898
324.242
225.722
318.896
15.8099
104.343
9.93128
345.253
175.794
131.244
221.67
377.66
395.717
331.671
274.237
461.613
265.494
99.4184
453.519
8.79877
176.833
449.897
235.223
366.975
213.994
232.527
106.078
11.6347
399.37
268.882
452.074
319.182
444.498
133.179
238.853
258.219
316.618
146.046
113.364
228.259
260.865
377.373
332.922
7.32154
396.545
352.41
31.4221
435.172
307.726
413.945
12.2419
353.42
455.728
141.644
25.9067
438.574
146.159
303.985
168.968
325.873
372.17
249.207
315.788
256.052
302.818
21.289
449.95
426.006
72.2924
262.998
394.263
233.03
444.545
334.188
193.156
16.6514
165.517
147.991
354.912
182.343
9.59297
14.5265
30.8989
160.758
62.1977
200.871
272.791
361.235
449.364
11.7689
272.572
227.113
71.5946
94.0221
379.455
417.283
461.03
10.3015
253.985
422.839
25.9337
8.8542
330.037
315.263
284.497
456.051
147.74
236.325
269.087
460.141
422.711
77.3961
285.646
401.461
457.297
320.037
214.006
183.241
43.3697
3.47586
110.515
456.037
43.5024
347.467
188.844
91.0036
305.602
408.456
452.487
252.936
173.979
373.114
460.874
60.4212
185.136
300.938
42.4137
320.466
14.1242
278.86
78.0965
272.154
98.1744
336.022
223.328
232.888
267.728
438.829
366.378
413.679
127.606
447.616
152.601
320.998
442.243
134.46
16.3445
340.057
207.462
206.631
460.507
448.774
9.3268
301.236
6.13865
427.536
163.776
1.24264
145.805
214.452
233.52
418.47
435.402
370.213
287.977
196.315
444.878
452.975
135.572
15.7168
228.918
11.1794
444.178
307.145
275.117
266.951
186.943
248.851
370.392
13.0083
253.848
349.256
197.859
301.763
303.309
10.084
439.55
296.701
454.088
371.471
413.871
326.342
130.085
306.169
356.618
451.085
233.068
450.793
450.09
0.270791
447.017
84.4407
235.002
54.144
408.311
26.0968
290.84
446.964
1.31428
450.202
184.353
317.26
447.135
9.89268
150.853
33.7655
452.171
398.432
257.999
287.367
250.881
402.009
146.931
279.48
2.43699
434.313
412.947
198.744
232.17
245.26
63.6741
124.462
323.822
144.176
393.283
245.044
275.716
362.026
308.493
289.995
371.625
233.08
227.589
89.9903
7.59329
90.4673
289.321
430.26
383.832
15.6893
82.6701
104.037
444.751
355.524
14.8895
349.671
232.662
260.473
9.60152
13.1613
427.267
445.993
253.396
239.173
235.63
458.975
4.1955
349.448
127.365
14.7704
286.586
221.066
423.468
113.991
422.441
206.085
246.59
255.248
96.5282
16.1628
396.119
207.54
9.58473
322.378
7.90608
16.0917
73.3213
313.654
454.102
150.528
419.947
11.9165
11.9112
355.296
27.9218
360.17
281.479
275.288
158.529
305.333
166.572
364.091
390.171
456.635
233.222
415.747
460.956
458.096
352.164
5.10912
288.051
265.362
268.477
454.39
441.988
421.097
204.766
389.185
444.692
16.2251
453.221
456.272
60.042
414.771
295.12
461.449
459.047
8.16221
297.456
232.52
288.15
193.634
450.141
10.9784
226.495
381.519
221.649
213.979
8.06636
325.868
238.721
300.976
461.117
299.52
424.334
381.208
277.627
449.051
6.12305
223.166
291.161
446.739
257.273
187.364
56.425
173.88
296.939
265.639
351.32
390.05
218.985
291.602
430.08
190.341
305.167
433.208
455.549
408.793
267.077
458.074
303.425
452.221
344.748
104.607
410.958
325.025
386.673
168.113
337.372
219.194
2.6077
452.833
64.516
404.258
5.7537
123.177
20.7116
6.95625
166.955
243.614
384.347
1.05574
320.343
456.259
188.41
67.2725
439.462
284.607
149.954
330.388
455.234
285.251
82.3927
10.7037
102.849
279.475
448.862
383.493
-1.48107
310.327
254.111
343.159
418.217
21.611
355.358
287.451
365.082
283.857
245.344
12.9995
10.6041
188.265
364.077
166.442
353.556
233.796
143.745
461.091
340.721
392.015
179.498
14.959
255.308
188.366
456.76
15.9184
272.549
460.948
195.616
451.119
455.777
448.413
279.565
355.2
246.994
153.167
149.716
248.444
304.213
61.3174
402.603
278.544
456.101
83.9376
232.276
355.668
6.87524
411.601
305.385
372.496
281.953
199.86
453.03
327.541
421.504
34.2667
362.661
427.47
279.752
177.554
314.01
62.0034
216.096
266.292
435.189
137.457
388.871
5.70785
256.42
372.753
119.078
11.4833
235.943
329.488
13.0424
394.591
319.273
423.66
82.9467
456.741
14.4245
257.735
438.936
11.2768
449.531
67.7766
83.2354
260.191
14.9656
3.43947
3.17419
336.362
343.35
284.48
0.56183
233.532
392.667
7.77987
8.2545
325.034
265.295
450.934
4.24743
245.853
334.945
275.018
408.906
28.4611
395.536
381.117
443.935
360.554
53.1469
2.37116
64.1007
254.216
142.666
420.991
141.76
64.7624
344.164
452.132
69.2574
452.153
267.594
232.823
321.193
176.437
321.495
429.967
297.925
458.513
12.7421
225.97
459.496
383.141
18.212
75.7322
275.662
-1.12466
404.577
452.133
451.962
319.435
178.509
148.548
2.62331
324.478
12.8171
15.5469
13.9147
281.098
74.9986
179.498
407.224
12.1241
232.265
293.982
368.421
445.267
454.454
111.655
4.75126
183.736
90.254
289.658
141.521
397.58
370.539
452.406
458.148
403.46
343.919
10.2155
426.038
459.779
452.005
14.5493
455.106
173.03
404.919
451.34
397.943
117.264
380.693
449.544
84.6084
451.075
201.18
15.5805
360.099
4.31544
159.427
83.7058
454.344
409.212
450.064
324.164
442.37
455.146
373.287
125.256
354.35
333.726
458.46
9.95418
371.762
396.41
266.046
211.853
69.8018
335.02
382.345
293.529
19.2897
412.181
232.685
292.009
416.502
13.9441
447.976
173.172
107.042
0.438294
451.187
389.197
343.834
258.458
227.318
461.255
355.697
342.862
402.131
2.72782
461.406
330.947
444.073
184.328
457.997
10.9245
262.081
76.0389
397.643
133.21
299.028
442.215
1.16145
441.019
296.821
447.166
232.609
288.676
228.263
7.1912
440.284
181.389
393.35
265.453
4.06513
456.255
39.5469
153.388
457.0
296.965
260.842
230.974
191.787
376.842
386.545
331.335
390.303
328.685
7.0388
381.329
449.746
450.471
210.834
462.781
309.927
183.117
234.835
376.751
61.9901
193.972
39.6682
397.111
233.269
346.166
20.1849
452.728
347.571
346.894
299.195
447.225
207.333
3.83345
3.46617
460.129
283.66
183.967
0.165921
458.297
312.096
448.308
228.051
280.314
448.766
305.418
457.967
450.966
167.067
448.38
299.855
359.537
223.219
369.658
12.6933
451.915
446.907
1.48451
231.521
318.95
176.999
291.643
447.629
388.635
9.45828
439.15
10.0939
10.9551
369.068
378.77
344.29
450.009
351.731
133.795
278.624
450.949
181.304
197.268
459.206
268.576
344.016
29.3755
211.43
9.89705
356.152
131.047
436.572
98.427
258.056
191.855
459.363
9.8924
352.985
245.975
136.211
7.70853
15.9254
363.231
172.619
232.095
457.963
461.702
47.3241
191.894
164.321
422.671
253.29
2.46552
110.977
459.011
460.125
232.863
353.353
340.783
279.213
194.73
234.294
433.475
331.807
383.668
451.027
63.982
232.747
339.671
4.55234
16.9335
450.562
119.151
445.629
26.7531
226.055
425.198
454.986
232.454
237.718
199.374
252.923
332.472
139.159
15.9904
234.145
407.853
29.6814
457.817
173.597
451.066
208.44
372.733
300.442
425.7
305.878
449.037
259.207
410.672
7.59707
0.101312
234.606
231.311
210.229
260.93
13.3868
9.52228
458.363
328.328
11.458
308.737
257.891
239.03
13.4691
460.436
226.321
57.8552
81.144
66.0387
336.132
10.197
184.595
461.721
340.926
302.737
328.125
88.0111
352.576
344.462
458.719
235.013
118.189
455.364
284.512
211.223
449.248
357.062
61.7555
354.014
113.372
342.993
223.716
282.703
404.797
447.518
258.461
17.6477
17.8768
447.685
105.426
377.611
84.183
346.037
110.473
421.348
461.116
460.187
156.393
355.861
361.531
461.376
10.0844
449.709
299.114
407.495
232.359
95.8838
426.11
421.912
227.998
13.6175
139.426
232.986
290.931
243.631
461.602
345.073
458.381
451.265
278.443
347.407
445.238
145.848
394.287
232.845
339.726
109.561
371.323
48.9075
313.101
193.281
291.573
165.453
385.575
236.529
108.064
155.441
389.989
196.038
436.647
286.023
452.575
263.646
171.339
9.44127
232.351
251.689
6.53455
153.852
444.151
254.216
115.699
106.588
311.269
67.851
8.07562
281.795
454.734
111.286
439.614
450.365
434.041
233.368
0.0806097
218.287
443.925
90.3983
366.055
15.8317
259.086
126.866
269.896
11.1077
258.916
274.849
57.3546
252.796
447.744
133.163
456.111
209.137
459.801
460.055
442.56
411.355
377.628
9.53082
380.415
371.542
274.611
376.795
324.525
444.831
457.033
455.959
148.02
14.4731
210.295
239.312
277.668
260.49
444.334
74.2485
273.75
1.67565
125.645
292.084
16.9691
333.718
449.175
453.849
177.673
42.1684
450.728
458.879
24.2813
233.564
304.554
10.6764
457.345
8.58182
448.793
412.997
15.557
66.0462
15.6289
347.046
451.728
126.021
413.356
411.21
229.146
217.09
12.0966
316.323
57.3928
456.312
232.143
450.357
107.223
150.891
90.7853
302.837
241.102
450.163
442.967
234.427
311.8
166.401
14.1505
347.421
50.9759
303.647
110.359
402.099
331.364
28.181
1.49892
15.2377
365.408
28.1323
449.47
298.725
18.477
308.012
455.108
156.894
457.102
341.592
1.89109
448.697
434.988
459.946
396.898
447.641
10.2361
389.278
448.428
284.295
20.7692
347.902
229.213
217.559
0.56508
330.601
416.028
239.342
359.359
299.358
145.7
143.556
326.043
252.138
456.797
127.75
336.076
86.1795
399.218
460.585
286.539
72.9073
248.383
412.129
6.57272
430.803
216.218
230.159
303.188
245.916
80.2198
256.057
17.5071
17.8288
40.3412
447.0
233.015
2.11919
229.277
184.013
11.8127
268.502
28.5024
428.279
133.472
171.61
376.02
172.403
289.047
230.532
409.446
286.328
461.518
401.743
360.606
457.054
459.415
245.815
231.81
2.73865
311.798
300.593
444.911
251.947
281.78
418.207
349.418
246.188
115.687
395.489
233.279
368.34
352.775
355.585
10.0777
209.383
12.3736
15.118
451.22
367.994
330.214
231.872
180.114
153.989
389.705
415.398
256.07
455.436
36.3327
118.733
447.247
244.877
27.0103
446.74
13.752
443.592
191.419
23.7609
155.123
456.375
133.93
459.143
451.316
459.618
51.2608
201.464
160.445
205.912
258.809
17.9508
302.002
389.931
149.539
454.637
140.692
456.874
276.377
448.325
233.454
300.92
274.781
80.1269
20.4192
153.868
6.92157
166.051
353.492
370.927
15.2351
232.693
448.841
91.0477
43.3081
91.5169
186.03
455.113
235.017
322.08
295.511
1.49056
232.273
182.956
3.23447
149.021
279.971
330.901
352.892
66.3894
399.16
171.486
123.29
17.3329
451.789
153.712
461.995
443.727
382.452
211.409
367.951
449.228
25.6554
216.051
276.849
450.071
378.569
183.225
80.394
6.29095
217.36
451.645
392.134
399.751
452.035
285.423
56.1439
372.889
311.248
358.992
403.954
71.4011
10.2975
396.986
333.781
397.769
60.3301
130.768
406.515
357.304
347.992
456.885
424.204
188.469
392.454
441.211
214.814
384.875
363.86
453.042
294.619
455.95
456.136
382.854
5.30354
411.819
441.623
389.196
439.661
0.914081
223.391
41.4152
365.6
173.559
402.166
162.563
460.682
460.513
121.898
374.32
81.6921
221.078
442.109
318.203
402.365
450.812
291.878
427.02
451.177
192.825
238.662
82.8363
460.786
450.031
283.256
15.5178
250.09
323.13
417.943
273.571
446.502
354.808
223.276
271.782
295.667
351.207
442.685
17.5596
232.473
84.9427
88.7577
414.349
42.9991
107.007
334.439
11.1292
8.85907
330.611
194.693
81.9375
165.312
438.34
170.836
279.255
136.536
326.826
232.274
450.156
415.267
347.847
61.4631
360.264
294.458
173.235
57.7085
449.858
7.02808
8.36232
421.707
232.783
21.3754
128.297
9.62435
445.931
271.813
232.343
347.793
451.232
455.408
409.17
4.96277
15.7019
289.525
301.604
231.178
427.082
442.456
398.586
300.811
95.5141
341.295
138.741
8.55903
242.191
452.121
232.525
271.449
274.679
232.522
23.9069
74.1108
356.458
80.5222
417.952
367.902
228.623
12.8879
351.889
27.0809
279.401
224.755
274.254
134.01
29.5327
43.4772
348.376
11.3083
170.839
363.631
165.375
46.019
398.593
388.551
307.383
425.635
1.10072
38.3851
115.402
244.916
362.469
314.409
205.188
115.632
100.645
230.801
249.475
308.703
367.181
380.614
12.0472
451.94
9.40184
267.767
181.485
280.004
354.66
9.78477
36.6952
13.7985
236.896
222.598
36.8059
272.427
395.097
452.371
172.752
147.071
133.452
418.806
371.613
447.762
5.23548
255.086
435.026
346.443
307.883
352.086
54.1152
281.662
194.614
343.888
345.0
365.07
126.642
252.399
4.28227
91.2733
4.65324
67.5551
457.668
252.908
431.279
394.067
418.03
175.234
145.265
234.237
233.558
450.618
8.32726
48.4651
394.316
315.197
247.057
233.314
37.826
227.991
193.137
454.666
268.723
424.295
99.9809
14.5314
315.863
448.581
367.96
0.00801188
175.17
214.43
244.842
277.557
351.756
399.311
436.913
385.092
232.691
146.232
414.062
313.416
461.612
313.572
340.564
7.57542
330.265
122.562
192.474
245.093
233.711
15.6009
454.438
418.349
-47.6608
429.622
295.195
336.037
352.328
188.413
294.28
286.865
1.05907
138.604
14.8169
102.526
386.489
294.019
231.188
259.925
171.826
347.495
440.138
116.045
459.18
279.671
143.499
352.872
449.809
118.906
442.449
163.152
343.405
302.665
422.129
249.74
136.227
143.874
367.528
1.44824
64.8212
449.136
456.735
13.9151
450.747
443.829
436.021
282.102
275.158
452.944
82.3152
452.67
333.022
447.657
177.857
448.705
6.76543
241.744
106.837
341.621
166.966
192.113
8.1275
449.21
242.885
259.132
7.73178
461.208
335.747
452.334
356.319
441.109
15.0029
367.583
229.685
317.036
0.735684
289.727
31.5692
286.69
331.26
20.7222
361.776
446.25
190.76
445.583
324.914
278.975
192.257
362.763
337.1
362.02
324.146
296.901
281.52
8.29375
233.191
447.691
445.175
269.159
371.266
312.438
330.338
93.0954
118.505
448.952
7.50391
197.882
441.153
129.192
132.459
304.96
7.24283
158.589
279.19
196.698
459.631
148.294
343.691
15.3155
452.758
395.047
166.906
455.982
9.14146
293.272
9.24682
441.903
435.247
21.0333
397.923
300.217
380.586
460.813
48.5146
445.124
227.263
311.658
302.498
15.0813
178.489
447.227
339.892
116.793
234.053
462.609
233.278
361.246
333.907
294.511
378.29
330.28
0.962664
452.884
170.635
271.718
10.8239
156.116
329.164
99.7798
197.952
399.343
368.51
335.736
406.325
15.6656
342.719
239.253
411.968
353.401
94.4513
252.521
94.2072
337.816
335.735
37.3423
354.576
422.057
334.967
329.061
447.592
118.4
0.977765
225.324
409.818
454.808
353.538
205.48
285.176
324.89
106.291
273.481
346.43
453.814
450.195
461.195
180.764
6.47046
232.207
55.0293
448.721
423.142
179.18
455.485
335.458
44.1697
268.682
297.972
105.061
450.372
419.573
460.307
10.8804
448.662
8.98779
169.223
313.944
104.449
458.82
240.988
453.96
402.083
44.7949
426.238
304.699
455.374
367.921
6.20767
282.164
458.298
435.601
172.773
340.827
326.894
68.8391
256.385
186.954
330.896
321.449
436.398
128.031
7.80182
47.9112
190.051
172.135
237.02
145.905
179.731
358.985
438.053
143.558
390.45
385.729
204.85
415.672
405.725
367.083
8.48526
460.532
449.977
365.081
245.975
238.608
222.316
253.414
446.036
448.684
448.133
198.562
243.214
152.267
9.15631
276.397
448.12
351.421
349.184
263.485
9.41068
49.9499
279.563
14.4686
150.475
321.625
310.179
8.63262
371.958
355.677
11.0207
35.9652
391.563
188.838
449.32
10.1553
455.889
449.31
454.269
129.746
461.399
243.849
252.961
172.77
344.64
334.736
455.92
419.247
164.438
309.044
35.3483
166.673
11.612
149.938
45.5326
4.06997
133.04
14.5744
55.1364
109.128
45.9057
140.688
159.974
348.862
174.369
16.5642
240.802
358.618
232.488
396.514
460.99
318.586
79.8031
270.383
453.415
45.1274
240.482
195.353
138.647
13.7133
408.831
153.229
368.752
422.269
375.742
249.608
396.726
148.745
413.035
401.036
248.432
291.791
304.316
296.995
333.26
225.07
84.5311
427.625
226.227
286.087
306.314
290.068
327.776
201.267
381.666
432.876
338.112
210.632
392.314
168.21
278.126
452.859
448.579
170.578
5.17478
389.988
10.8709
75.5226
428.016
168.571
447.331
450.501
307.333
306.051
339.794
102.424
191.788
81.2934
228.65
11.9073
232.03
345.002
370.71
8.03897
445.815
184.083
186.366
71.1186
22.7525
132.2
451.901
246.699
12.0884
326.183
447.531
245.671
450.536
288.568
314.152
189.33
228.892
164.243
355.214
316.587
189.729
311.783
119.689
461.699
404.634
461.604
191.432
450.642
158.84
405.305
30.8144
370.565
254.224
341.345
1.96862
123.808
1.60847
197.819
274.529
3.54201
92.5541
396.339
459.012
315.144
423.005
48.025
312.576
462.462
451.454
450.782
454.699
263.405
440.769
243.396
8.45014
288.497
64.3593
15.7677
451.77
192.518
455.582
171.105
343.971
277.269
128.254
409.779
371.085
454.575
245.211
302.405
200.95
208.511
232.872
9.58626
255.446
349.829
153.178
382.838
446.777
454.285
357.225
1.33662
406.526
445.442
457.255
169.945
232.648
378.509
221.008
354.851
13.383
409.467
226.478
264.859
357.756
165.595
331.287
410.324
341.507
244.151
453.044
354.192
45.1764
7.13676
233.064
21.6598
84.3231
31.74
270.67
89.5137
177.316
435.292
455.58
461.243
367.049
8.41533
290.515
194.638
10.8321
228.93
429.768
227.871
192.376
232.679
394.371
207.737
399.704
448.804
453.108
376.78
333.34
107.711
451.291
15.1407
444.349
341.769
160.554
378.222
233.534
452.712
0.621383
313.228
452.66
310.529
266.978
433.529
287.824
2.7764
445.869
60.908
184.679
1.73158
461.335
354.77
19.7255
314.865
230.135
455.638
451.091
446.529
321.576
232.882
337.986
184.234
323.082
44.3571
106.519
139.57
449.922
264.059
309.124
368.848
385.135
399.164
7.46264
158.217
259.636
332.298
270.758
452.857
23.1271
135.872
234.915
15.6068
231.371
326.017
357.215
234.837
247.004
374.574
9.69475
377.73
449.159
456.764
179.885
287.581
247.037
245.754
303.015
257.892
461.254
47.5059
5.8245
464.204
430.864
452.211
136.979
450.605
7.49201
350.688
254.342
246.998
97.9892
295.268
233.152
274.502
453.422
296.917
6.28174
242.102
307.525
79.4555
117.006
344.739
300.284
353.889
395.018
459.752
235.572
462.078
154.99
228.428
334.396
452.539
22.4568
116.833
120.164
1.45018
9.5011
326.802
359.599
3.53155
331.421
461.489
355.64
333.749
357.797
377.337
457.143
407.54
449.255
67.2273
264.432
191.189
18.5699
153.603
102.847
454.646
201.913
453.256
68.4246
206.706
232.981
1.76257
272.729
182.537
264.447
459.411
80.3523
197.427
454.906
101.102
452.462
452.297
336.74
101.843
304.273
403.455
205.874
135.764
114.946
457.201
439.745
392.601
364.059
461.378
382.443
348.865
409.089
447.406
403.711
148.185
233.498
196.946
445.565
53.197
217.554
234.141
313.867
461.107
183.533
316.509
176.643
452.881
365.287
160.06
13.2361
454.48
429.597
277.616
139.377
356.304
254.576
242.641
154.386
310.204
317.593
286.353
386.258
290.97
389.366
157.691
234.758
451.359
336.744
193.467
430.763
158.785
1.12985
355.415
268.354
428.606
283.605
242.821
267.156
440.163
255.352
254.534
386.862
365.927
39.4491
324.956
153.537
225.465
450.85
337.49
16.6358
266.996
450.566
406.878
312.376
0.674548
183.144
311.376
24.3001
3.67132
429.933
180.094
250.862
460.528
16.2878
360.025
331.141
48.9639
455.207
91.5918
105.921
446.745
320.694
86.6399
233.004
11.9091
454.869
461.167
397.24
370.072
399.916
459.643
211.346
259.66
228.71
426.757
353.021
151.004
265.611
298.234
6.96268
233.323
100.619
4.95148
459.076
441.477
388.152
245.785
12.4094
429.042
290.108
0.0190694
434.05
284.245
345.015
452.249
388.285
232.652
381.802
330.292
21.289
12.1665
92.6475
282.209
444.987
348.547
442.21
335.211
160.101
440.347
32.3245
193.83
308.041
450.618
429.435
293.297
232.342
6.40769
89.5127
222.406
459.914
190.145
457.696
297.519
411.65
357.1
234.182
146.194
5.29198
9.54603
363.089
267.484
333.79
325.155
458.633
355.773
143.71
437.2
443.889
337.315
227.68
446.487
454.092
227.948
363.731
411.041
456.21
9.75371
452.914
444.67
333.806
394.304
30.7938
456.572
446.814
1.13968
191.504
462.828
186.303
196.945
242.998
228.713
114.893
215.655
428.209
9.82257
281.247
235.91
452.977
445.737
145.8
388.558
325.084
156.128
117.206
459.05
129.653
457.656
68.3395
102.164
359.639
51.2364
349.875
164.093
457.724
403.057
454.768
287.654
391.698
443.966
451.491
11.7536
336.578
321.39
9.44
128.929
393.156
180.288
94.5174
449.12
343.144
228.223
147.504
202.002
5.19787
450.629
86.6478
192.82
228.778
122.576
304.93
1.14074
437.772
324.557
150.53
171.642
237.407
5.03965
53.8863
1.25161
12.1209
126.788
254.344
176.298
337.729
468.004
233.195
0.645351
340.937
142.935
453.029
234.497
320.254
132.369
296.179
47.3402
353.499
148.411
15.4991
299.877
30.4187
9.44762
13.8574
206.882
20.0622
246.055
13.6783
6.75895
264.318
267.84
382.082
6.26912
8.89675
436.019
459.612
31.0446
147.408
344.181
271.142
460.685
217.29
8.43067
127.504
184.456
289.005
290.975
34.1975
187.761
462.197
299.588
335.725
445.162
203.21
9.86106
184.278
225.059
316.76
426.618
21.237
-0.290724
242.436
444.524
7.55207
455.191
244.458
447.104
16.3053
453.054
199.768
281.402
341.576
457.695
5.36258
103.542
453.075
394.933
244.767
364.37
161.843
8.96845
456.481
194.902
280.188
177.841
457.863
287.151
220.438
432.422
279.21
300.179
421.773
7.64257
10.5781
357.227
97.152
275.138
228.76
241.118
325.444
295.009
232.864
451.286
365.465
148.969
372.841
375.571
208.792
293.09
458.19
113.345
9.45158
74.0951
108.077
94.2887
337.834
93.5749
455.303
46.2654
262.918
453.282
453.929
454.342
136.837
23.8089
111.965
232.548
306.406
457.122
180.371
15.8082
457.028
324.291
454.647
153.051
59.3024
217.994
160.959
15.2686
232.465
321.752
8.59025
363.454
286.797
450.097
176.525
372.505
273.414
197.39
354.997
357.771
396.775
365.43
440.151
76.1322
51.2798
294.508
11.0469
232.818
316.504
58.5403
452.928
268.956
411.657
207.453
229.654
227.162
192.683
118.798
301.14
366.376
453.699
308.253
250.465
445.643
451.848
3.163
453.091
233.032
335.3
232.368
1.83915
423.358
146.155
444.242
309.375
82.0888
17.3149
62.7765
290.016
194.538
222.777
239.499
452.567
127.217
282.297
376.441
324.064
388.874
387.414
459.812
425.6
252.697
289.263
130.613
461.035
450.45
124.246
0.523583
448.871
78.3032
455.211
446.119
460.336
5.89533
232.47
120.221
5.53253
455.844
256.945
462.084
311.593
346.774
263.139
343.003
234.749
206.9
440.645
416.184
359.719
315.377
137.268
13.3101
173.737
456.259
367.009
394.869
264.497
450.113
405.538
455.09
414.636
445.604
8.61342
168.443
197.992
269.352
311.351
452.276
351.463
338.664
354.86
249.743
131.04
96.2839
298.993
1.88114
11.9682
157.669
6.38538
236.986
112.93
88.6406
408.862
369.201
112.756
360.392
456.621
456.562
302.469
453.004
330.237
296.106
172.259
158.945
174.224
325.121
282.888
234.999
263.923
412.452
247.09
459.827
433.199
336.22
73.5611
71.9298
94.3783
55.1413
213.693
382.498
415.776
0.615186
10.1542
30.7889
450.186
455.389
446.867
292.558
46.0527
275.068
11.0521
299.793
334.474
7.24472
283.813
6.9892
34.9425
442.402
330.07
230.891
16.2319
439.755
299.64
232.022
297.183
184.585
399.488
98.4569
2.99988
387.248
25.0489
399.872
458.839
240.212
335.444
311.23
410.568
10.0475
122.822
390.205
270.444
260.082
341.147
55.472
327.032
250.404
34.2371
414.725
454.59
274.17
293.198
447.087
460.122
296.085
290.927
454.005
92.4168
34.3726
456.866
88.6787
262.204
350.649
14.4913
184.41
252.431
321.659
43.4619
6.32696
185.225
405.919
440.485
6.94457
94.8688
13.8387
10.5416
449.564
11.91
0.910555
227.664
264.577
236.799
423.725
197.919
453.634
430.794
215.443
390.141
210.289
423.556
21.7073
3.90408
449.285
436.969
267.621
6.61257
394.015
425.327
456.412
443.49
14.7958
246.013
250.641
24.8194
267.516
251.499
90.1102
442.008
176.933
10.4411
398.273
340.611
228.272
353.378
27.8606
12.0789
230.904
355.812
153.942
285.737
358.07
9.28854
353.666
346.085
355.061
376.575
278.213
452.95
91.3995
122.514
64.2306
356.128
451.51
410.47
3.4143
452.734
156.78
269.535
403.903
15.4866
228.472
186.584
207.835
80.9066
102.28
439.952
460.79
450.554
13.148
149.275
238.729
18.385
15.6776
91.8697
48.3347
233.241
460.886
327.052
435.752
200.664
2.8039
88.4516
456.016
301.064
172.975
66.8452
461.291
156.061
-1.10569
140.851
366.483
20.5542
461.552
2.88923
452.558
166.045
342.48
74.7699
428.527
184.277
385.364
88.3385
461.56
276.222
458.433
278.714
56.3446
203.646
431.165
248.483
161.694
460.21
215.748
53.1844
192.65
12.0797
341.712
37.4596
218.227
55.8823
271.332
246.025
461.507
279.413
10.4288
413.742
383.336
0.545946
399.909
350.937
3.07602
79.4094
296.504
450.946
263.493
352.766
464.889
357.796
197.955
154.064
3.72346
452.905
388.8
401.591
232.17
144.358
349.805
461.602
394.673
449.905
331.282
289.326
115.218
347.635
0.776996
430.538
101.348
315.639
445.75
207.397
5.80112
445.475
266.916
8.75543
457.814
280.577
40.4423
104.664
157.587
450.823
243.201
127.275
448.803
292.087
315.517
378.087
0.823525
129.63
356.505
254.31
98.3424
296.187
451.542
430.775
448.271
449.558
167.219
452.067
446.958
424.976
365.603
239.9
425.123
60.4733
144.935
265.019
207.734
263.536
246.051
144.277
93.6457
312.76
285.108
59.9833
1.97191
227.241
130.842
156.738
449.195
344.577
405.863
457.799
289.753
210.365
166.494
295.57
451.325
450.009
316.239
249.654
448.19
9.77677
451.5
459.035
2.2232
134.12
315.328
111.844
239.36
426.499
330.307
2.41613
21.5016
112.638
173.247
447.952
461.649
10.3974
232.317
233.273
393.436
312.382
294.494
296.901
317.245
403.265
454.498
369.141
414.148
106.051
454.948
397.425
461.155
443.394
211.221
247.068
156.55
12.1235
15.1896
455.174
294.637
8.58908
183.063
191.335
234.071
262.264
264.62
322.127
331.492
210.358
269.162
118.062
439.526
100.776
382.156
459.692
285.832
110.639
457.579
444.702
4.72241
416.957
46.3486
12.3253
108.545
47.1282
304.347
25.7607
16.4744
399.816
453.163
12.8603
102.738
10.7076
380.111
222.23
390.286
397.21
292.68
268.518
370.959
455.666
258.366
349.59
9.74239
448.023
372.466
359.844
354.569
3.13161
458.601
461.464
455.577
248.67
339.755
129.849
350.832
10.7246
317.263
244.008
461.15
216.795
7.46291
459.792
286.571
387.711
60.2499
272.547
343.961
293.789
413.982
110.176
263.015
204.087
455.67
182.137
302.298
309.709
97.9397
445.545
0.433028
337.616
16.755
5.97348
15.4252
107.258
112.535
453.472
364.52
460.918
420.888
58.4732
116.33
457.688
441.566
17.8458
129.639
418.97
168.606
350.673
170.361
449.659
336.262
380.603
403.58
77.7611
414.206
6.23925
83.991
459.659
404.655
244.7
123.607
418.742
106.224
9.1521
439.956
385.557
457.55
451.983
453.044
246.049
451.229
232.232
112.19
426.369
376.66
185.79
21.4599
164.621
13.6364
14.6377
156.808
449.106
382.496
259.662
355.336
7.8709
457.969
3.47315
173.061
329.694
5.06192
456.424
241.207
279.998
447.175
0.75723
194.145
0.153173
13.0928
47.0527
176.669
300.257
141.896
241.432
8.53527
268.013
164.098
339.548
364.427
445.731
362.248
398.042
229.844
453.611
291.921
260.287
352.76
367.845
160.745
450.392
208.452
390.137
325.721
345.173
362.433
452.522
393.272
83.7774
56.2272
442.29
287.544
253.674
181.391
449.978
336.303
243.485
262.6
453.358
231.973
97.2078
247.793
384.574
48.0509
292.292
10.6322
451.947
398.567
283.918
453.474
12.6518
460.372
444.801
273.218
319.855
450.768
273.754
350.711
315.052
452.363
104.568
262.109
362.643
116.009
5.56606
297.437
15.2868
156.581
448.942
232.18
444.765
450.508
192.695
289.24
459.757
232.346
399.397
206.744
460.549
41.5578
173.384
165.162
267.176
128.694
405.852
459.227
235.016
230.847
462.247
306.845
37.346
280.458
340.842
446.671
46.479
167.757
259.797
459.019
5.65517
449.901
73.453
0.148248
0.749441
133.986
153.444
300.69
446.243
231.559
202.25
11.2551
457.835
452.829
458.001
15.1571
455.213
274.235
-28.3656
89.979
3.88809
458.612
415.155
67.3707
461.421
378.843
249.833
223.701
362.783
315.402
305.537
241.108
432.126
445.515
46.9217
10.1055
332.902
1.27921
453.604
394.919
228.696
232.871
14.2429
126.926
232.22
-4.21437
170.983
15.7914
60.7916
418.149
347.176
242.578
128.805
12.4091
150.637
276.723
459.11
277.051
397.759
65.7923
62.2471
329.74
224.573
359.633
8.14806
0.0818647
252.27
250.196
335.28
77.4543
188.546
441.038
1.06234
283.497
16.5296
8.09732
447.253
281.546
456.493
261.277
449.49
8.19357
270.262
377.858
281.907
332.937
32.7956
251.582
342.683
404.093
442.547
444.605
0.989372
88.2778
102.127
187.581
458.534
451.069
422.761
460.033
461.975
56.4831
449.464
447.31
9.26759
117.701
445.804
279.975
334.518
320.089
81.3236
11.3491
11.5108
58.4859
25.65
449.768
40.2513
378.299
233.156
227.069
455.861
244.634
448.844
404.303
160.866
455.372
35.1741
0.684516
448.06
1.05229
176.041
52.3254
458.91
237.143
430.457
457.992
0.301919
402.528
39.1079
327.853
55.7236
93.0484
232.355
453.904
456.126
135.55
154.04
415.791
146.87
75.8611
377.9
340.694
303.659
394.39
336.489
185.524
149.805
425.833
386.939
326.607
226.164
452.974
451.675
451.602
128.948
449.347
377.833
440.45
257.498
388.202
134.448
2.75458
7.6319
194.621
446.209
298.191
81.0186
363.367
366.755
400.924
454.004
288.813
452.69
278.497
232.973
265.192
38.2278
132.332
70.3411
16.4437
119.285
201.811
250.052
447.754
326.543
120.386
458.639
14.2968
117.784
248.41
377.885
377.62
119.74
337.03
236.079
236.379
181.014
159.969
322.061
315.16
423.967
297.351
417.664
-0.244836
396.688
399.671
341.602
135.5
52.9353
279.955
213.099
387.503
14.2235
200.475
246.422
316.167
0.43803
232.647
225.868
278.302
337.207
311.676
11.6217
342.1
243.257
61.6651
284.986
446.015
11.8501
405.892
461.618
372.378
370.313
108.235
40.8309
326.784
18.5721
433.108
174.193
237.084
448.621
255.008
1.42061
452.827
56.0192
120.924
333.226
447.435
380.505
457.01
209.015
92.0172
410.801
132.643
91.9324
386.382
261.061
425.549
177.536
263.444
79.9565
257.668
96.7954
461.471
442.76
431.25
355.381
69.5322
405.366
444.865
195.701
273.532
194.381
17.4211
9.16159
452.905
292.382
428.934
336.129
253.988
0.92438
455.672
88.6455
0.500162
76.9594
157.847
269.257
329.489
386.033
416.128
449.296
273.186
181.165
116.366
445.59
410.389
376.766
445.324
232.535
347.266
421.646
225.609
25.9363
376.597
364.4
258.43
459.863
355.325
232.66
337.038
152.128
102.079
320.512
455.967
302.771
400.787
428.2
308.987
3.68825
405.497
340.447
397.194
62.0418
297.627
194.273
406.8
263.383
300.205
418.898
454.684
304.496
316.734
405.059
438.097
172.638
192.793
451.985
286.896
226.329
456.518
265.988
454.725
418.561
11.7419
421.202
232.241
335.921
419.552
420.215
55.9935
64.3323
88.8132
5.93753
233.031
233.721
239.223
426.702
238.672
379.14
458.824
293.342
7.86992
56.3612
378.257
431.174
121.772
418.176
168.645
233.057
330.07
331.165
229.913
298.188
9.89092
304.31
0.896792
253.146
411.663
298.221
85.8066
15.9826
461.463
6.28367
443.353
460.437
253.195
456.123
454.493
388.609
265.474
450.327
422.69
131.743
22.9471
259.471
391.133
0.6891
69.8293
394.798
233.055
452.481
458.516
237.784
126.348
304.755
248.536
354.367
298.121
8.8358
219.514
4.54903
202.91
402.398
266.133
350.616
407.624
232.89
8.19212
6.59277
265.183
361.5
405.518
440.307
460.932
322.618
447.819
72.8592
256.986
11.3488
424.821
90.1948
371.786
91.4717
232.485
21.6144
360.664
331.324
189.875
3.29321
446.896
462.376
416.577
403.517
447.692
155.774
391.72
333.239
126.757
7.94451
2.10249
1.02865
209.888
275.582
300.249
447.468
409.813
423.203
164.345
452.786
460.624
421.234
203.535
456.058
390.791
293.24
77.1281
207.673
105.75
397.202
345.053
214.377
367.725
412.036
76.3907
385.073
338.087
449.43
357.139
454.45
455.32
316.9
196.59
337.628
259.933
8.10883
426.32
272.274
443.414
302.403
407.037
54.8941
446.997
243.566
207.352
214.151
347.951
259.438
327.399
399.369
414.819
368.808
159.907
349.078
330.601
391.022
182.935
180.045
327.412
454.673
456.348
403.523
136.34
29.1663
241.111
459.866
442.006
425.518
86.0185
151.815
233.722
8.76737
4.0593
289.089
294.812
1.13972
278.001
160.807
221.202
420.52
174.758
237.384
378.278
230.355
296.358
197.087
338.669
274.884
59.2684
328.526
228.172
214.336
460.86
365.653
429.151
155.494
357.469
88.0852
375.286
443.01
105.219
234.472
448.301
253.453
197.798
4.31285
345.632
270.834
133.537
389.492
358.876
200.7
450.373
190.584
287.204
200.226
412.923
122.339
120.141
0.0837412
303.33
242.804
454.314
29.5788
2.12008
25.6312
347.645
238.464
208.855
288.831
82.1334
88.0565
279.183
390.978
329.159
428.711
338.676
408.689
290.782
321.574
104.58
231.739
260.923
440.252
383.846
232.689
331.172
326.59
344.81
9.71138
211.179
460.659
447.415
409.296
412.235
209.284
448.813
35.4794
372.089
317.932
216.804
461.255
419.022
437.32
195.068
376.725
316.111
378.993
171.694
459.804
449.029
408.243
397.409
437.846
311.22
354.688
444.692
183.207
13.642
449.665
140.282
142.998
362.805
272.744
289.849
232.307
455.367
446.281
209.233
10.8666
244.713
247.671
456.495
284.939
12.7514
346.661
219.997
299.795
292.554
267.636
198.592
451.581
292.052
287.033
451.912
344.029
279.992
341.72
126.064
64.5595
419.408
447.794
343.8
199.745
457.362
61.5085
138.619
206.952
89.781
156.965
327.869
292.793
161.497
266.53
329.765
233.061
201.307
139.129
159.976
461.454
104.857
330.982
232.608
58.2615
451.952
219.627
15.0043
426.586
328.041
446.512
352.935
278.83
11.5797
19.5024
232.294
10.9614
32.1299
226.337
228.062
192.837
118.587
309.884
95.6303
260.735
79.8165
236.739
287.502
8.1824
357.623
399.784
437.009
164.769
456.31
448.512
353.583
137.294
268.234
84.3972
439.319
389.999
259.01
73.433
150.214
296.113
398.474
1.60543
386.22
414.913
1.76418
308.502
237.307
448.241
15.2478
378.061
232.486
440.801
270.471
206.23
341.451
423.985
429.368
254.906
114.036
445.279
225.511
56.8122
330.69
24.6741
303.891
354.892
378.291
236.522
80.0102
41.1345
158.859
297.585
318.354
313.395
375.058
374.501
110.076
42.7196
454.001
187.827
145.159
373.499
452.013
247.544
352.579
327.607
40.2049
114.058
342.111
233.132
163.716
314.89
419.243
12.4053
302.275
37.3988
438.298
-1.33297
128.613
187.249
449.801
237.042
448.058
296.73
313.02
160.192
56.4544
174.816
20.381
14.7579
68.2766
284.623
220.62
264.228
232.367
427.089
429.519
36.8076
460.801
309.558
355.785
459.01
302.722
311.528
12.9206
0.511308
443.939
377.853
228.111
245.189
358.674
221.246
459.109
403.854
453.061
386.434
459.973
225.101
358.81
351.486
2.4223
167.109
62.476
8.20962
121.717
333.194
391.241
254.671
42.1239
246.648
439.976
365.564
451.123
70.9278
259.012
401.292
430.539
444.887
100.229
177.531
309.674
158.497
354.701
418.952
301.238
416.4
9.97023
16.8659
297.623
447.336
14.9932
450.962
239.039
12.12
347.87
420.835
455.365
322.99
11.6734
16.6319
6.25256
455.27
455.689
456.261
233.175
456.065
196.082
194.794
118.729
329.653
451.997
332.373
10.5134
409.573
44.7678
3.59012
459.836
347.579
76.5103
1.89403
301.278
10.4167
241.376
323.38
276.495
456.986
61.8304
222.028
243.949
202.243
33.8289
352.172
314.67
454.78
214.02
387.985
389.783
40.9723
256.94
260.597
9.1078
440.009
291.234
279.16
342.925
9.81989
270.08
278.311
434.68
172.257
107.954
428.601
353.253
153.45
370.816
375.927
311.516
250.216
183.573
218.969
393.793
75.489
8.99214
273.686
374.638
326.071
409.124
338.877
348.966
179.753
446.347
49.9744
10.8126
206.537
34.2812
296.953
373.397
231.804
104.308
306.564
461.715
87.4107
338.439
6.59779
219.564
117.726
353.371
164.971
219.227
195.812
350.038
100.399
79.3796
455.258
277.639
66.4735
449.208
83.2608
356.727
1.50189
76.6573
236.352
460.629
399.329
83.1901
457.781
262.703
102.542
458.158
232.445
285.556
111.559
454.361
256.183
57.1553
151.736
328.206
445.499
4.99396
452.809
129.385
233.034
56.9902
51.7476
54.585
213.058
216.238
235.027
390.519
260.678
233.843
69.8954
182.144
258.833
436.822
178.135
348.005
448.83
437.992
361.084
254.655
38.3731
6.10581
453.094
191.459
259.72
264.187
298.491
151.048
241.033
134.431
257.39
140.896
364.648
445.92
306.872
164.986
442.081
150.726
461.365
201.069
457.797
9.25869
379.665
383.415
456.362
404.888
80.2636
64.8245
44.6817
324.054
183.989
182.185
323.788
359.598
446.319
257.83
80.3181
8.07762
449.494
66.7848
167.738
189.701
146.113
210.685
122.271
258.135
107.055
346.493
324.3
321.093
358.033
272.07
404.361
420.365
248.465
457.601
453.94
203.459
7.16413
232.794
375.994
448.496
6.50611
308.303
444.849
164.736
207.814
232.178
262.384
300.234
14.2868
375.307
195.254
430.238
444.794
460.362
197.266
397.998
395.959
299.255
295.269
315.693
198.835
32.5834
347.882
159.402
413.02
447.389
381.859
256.622
335.542
232.671
317.147
307.821
386.532
362.64
310.997
37.2799
423.078
350.187
362.797
140.269
175.843
243.675
232.51
117.611
457.625
456.272
203.165
446.441
14.2869
451.512
20.2286
10.4686
446.417
446.49
128.873
455.866
11.3085
8.7163
445.853
448.657
12.4043
262.195
277.215
312.787
373.198
162.996
461.617
84.8115
245.159
320.962
406.127
436.904
232.977
395.415
454.025
299.397
193.498
364.209
362.329
132.102
318.298
352.327
435.25
91.054
442.469
222.619
178.338
210.281
409.994
423.809
169.655
320.46
408.947
178.908
18.7001
89.1945
409.611
57.2096
374.262
460.192
329.535
291.529
202.12
228.607
128.798
450.704
239.219
315.43
245.545
459.733
243.262
423.421
15.7837
440.26
106.826
452.735
382.803
271.889
454.134
400.431
285.067
347.669
446.095
199.96
191.147
383.674
248.288
457.615
241.097
406.957
277.634
0.541958
11.1815
243.628
450.494
457.905
439.043
102.3
4.5205
415.86
298.513
327.877
298.066
80.5687
97.1945
145.095
4.53839
324.542
311.559
448.029
211.898
274.646
11.6549
179.867
167.354
179.286
84.701
101.785
451.523
319.017
136.991
191.122
240.096
349.974
2.61122
4.31694
413.169
454.205
319.857
445.926
302.216
107.486
312.187
451.484
232.52
314.92
241.49
14.4079
402.279
306.338
311.429
8.33317
339.437
6.39313
97.6963
303.26
393.594
374.381
455.132
447.518
54.8781
109.876
237.693
83.1714
85.7804
200.975
186.831
59.1132
3.04043
18.7331
454.006
370.629
7.09314
183.924
451.492
176.728
123.402
5.36852
182.881
331.574
56.5159
416.088
339.105
256.548
15.4139
447.715
342.958
98.1452
55.0465
324.246
144.962
138.037
176.393
5.86004
299.259
454.096
356.237
359.425
23.8332
326.211
320.946
10.3952
259.15
173.644
399.717
290.176
449.265
365.56
422.848
273.527
368.188
231.92
348.235
351.956
459.318
199.893
1.21774
449.558
18.891
81.0201
332.996
219.89
422.52
134.831
56.1695
263.042
58.1317
414.217
271.913
446.223
96.9065
326.896
56.9306
455.239
118.088
173.748
324.527
5.54653
459.997
410.214
411.293
334.842
454.314
283.941
307.181
16.0219
279.758
5.84092
20.513
452.19
189.094
193.682
444.543
264.064
353.709
6.43312
271.241
233.137
232.13
343.382
239.639
454.888
448.955
453.137
454.208
409.065
82.4743
180.279
53.2241
389.199
455.376
122.074
423.097
267.971
383.842
364.879
345.267
397.015
293.379
269.725
334.915
48.1834
303.819
342.113
7.12265
443.573
322.593
447.561
373.571
276.893
297.31
52.472
450.53
460.693
1.49711
230.062
7.85573
21.3039
20.8863
172.969
314.682
372.802
448.702
421.912
406.454
227.832
2.70053
14.8188
5.03554
174.91
283.405
401.139
89.6917
16.9232
14.3717
187.628
436.905
453.24
9.65494
381.493
33.0456
377.809
234.558
280.427
444.984
266.589
232.3
242.296
235.204
296.921
299.855
330.879
387.747
73.5638
215.502
233.243
235.278
373.32
42.5181
326.013
76.3865
108.277
145.959
49.6909
178.777
405.715
186.644
447.963
1.2765
258.841
12.14
156.978
258.931
333.779
446.571
26.8
163.898
10.5694
8.77876
228.323
272.241
233.329
252.868
459.206
142.098
279.785
441.436
238.344
452.229
140.704
360.096
338.084
444.655
398.268
415.742
13.3857
192.046
9.39122
262.681
336.867
332.981
21.4817
437.234
0.592795
236.009
13.9985
257.363
233.237
164.109
204.716
389.065
53.7256
288.374
262.313
352.321
436.128
239.615
183.294
15.5955
181.465
335.066
96.6329
302.795
15.1436
34.2851
198.877
180.993
318.76
265.998
215.001
348.367
233.435
448.917
191.629
1.47666
148.845
322.997
412.819
353.123
335.308
199.764
6.42058
59.7647
32.0163
381.102
310.288
448.063
137.965
247.184
15.2179
338.501
98.9437
455.98
313.711
452.114
53.0602
170.924
449.462
2.45551
400.685
234.119
338.505
319.288
9.26756
452.221
271.598
451.297
348.154
329.224
0.5444
358.993
183.511
408.21
228.142
442.588
455.501
452.643
446.702
347.166
360.577
452.557
271.273
0.25503
453.154
332.005
90.3763
454.143
4.62211
334.132
229.342
251.08
343.724
327.783
435.531
458.94
455.201
349.799
451.366
31.0718
121.086
287.487
316.689
373.684
459.071
196.061
113.881
454.364
0.472551
167.821
458.702
447.911
450.075
446.744
19.2034
203.705
309.517
287.157
454.081
105.6
221.312
113.928
385.932
456.253
235.797
171.699
414.285
399.668
10.9837
245.83
173.506
421.244
386.86
454.492
231.452
282.605
57.7949
369.76
279.799
125.807
14.4463
219.257
452.169
192.412
460.032
9.72913
337.727
363.374
402.458
95.4191
454.689
10.465
428.378
389.713
445.802
388.499
421.287
381.411
304.85
90.9297
422.949
17.514
304.491
452.124
13.9825
170.798
390.382
7.83583
23.9102
124.268
273.806
449.339
459.019
323.617
289.002
380.523
298.711
394.349
197.803
11.6701
455.988
154.867
189.855
99.8162
371.066
232.037
17.232
123.911
71.1699
230.367
3.18803
72.9464
232.402
285.675
390.655
11.4575
455.528
0.663859
454.176
463.281
11.1603
88.7877
255.428
457.429
232.419
411.253
349.426
77.729
435.237
265.456
460.29
144.07
234.357
6.39469
328.324
441.668
10.0022
15.4808
239.971
49.8303
196.766
77.7303
106.86
298.797
439.395
286.319
408.927
363.203
153.352
7.80087
245.019
396.452
55.5168
14.375
454.723
329.752
37.8673
214.896
460.097
231.257
449.074
172.506
450.085
359.069
284.435
190.542
159.303
94.3953
3.97161
50.1
90.3277
448.719
450.329
172.172
342.266
15.2213
407.037
259.82
33.2348
419.333
394.608
174.121
79.4579
409.655
393.636
286.747
198.517
11.9363
423.571
13.8213
164.708
264.144
446.854
95.8008
213.129
285.729
8.34179
252.093
405.547
258.51
256.465
296.247
449.667
215.199
21.3804
249.941
233.732
387.117
446.509
0.274754
461.57
302.932
260.008
56.5259
454.286
451.93
0.949452
432.539
428.07
274.482
258.918
238.663
447.085
131.331
86.318
73.7324
-4.44772
452.652
355.555
453.371
378.519
332.882
7.57344
392.445
289.711
50.3668
449.837
315.002
168.307
11.3927
194.258
230.821
458.382
442.792
87.2065
453.475
205.009
149.327
384.905
438.832
364.535
245.328
85.055
55.0464
106.163
9.82943
78.5461
456.76
324.882
443.666
414.601
172.097
387.172
253.88
424.391
427.279
443.164
252.251
14.3746
16.3057
273.919
154.164
169.197
365.857
123.516
455.735
320.309
306.827
413.138
45.9989
169.087
218.468
196.276
101.281
461.379
83.6502
6.00799
14.7908
156.504
450.481
418.56
12.3893
36.5598
385.115
443.69
335.952
10.3272
78.7737
231.854
449.127
450.204
118.138
448.919
456.08
158.46
21.9167
170.074
453.826
18.6415
159.717
181.545
11.9694
403.612
417.837
2.79273
1.20757
225.175
321.377
446.43
233.826
257.343
10.6634
363.039
369.559
29.7036
448.535
175.732
429.057
320.573
452.184
448.278
175.923
117.329
313.32
265.857
380.077
257.977
146.061
134.346
450.41
362.947
398.202
339.101
345.662
142.725
222.954
209.43
292.007
164.132
340.342
446.756
322.72
360.792
238.985
10.8936
338.83
1.66473
370.5
140.539
314.743
279.694
326.839
263.751
292.873
457.171
153.956
233.212
8.19688
1.71847
245.393
383.358
15.7559
363.38
387.07
339.612
193.102
274.759
451.502
448.983
126.415
255.931
191.518
129.898
123.239
80.5498
457.445
406.196
323.305
22.5393
345.591
286.744
434.665
391.403
256.315
358.411
390.872
309.743
288.9
456.489
272.121
152.797
324.128
275.579
457.593
284.241
453.631
452.356
193.275
248.521
4.2267
228.535
56.6144
260.57
375.961
232.251
38.9458
229.301
346.102
295.393
211.749
419.651
290.384
448.959
10.8771
199.13
446.276
290.098
168.298
457.447
0.723955
1.04568
343.148
377.61
71.0798
117.855
289.471
232.896
455.129
458.812
7.54024
92.3951
247.285
174.145
269.261
392.782
8.42296
294.501
448.59
149.775
448.153
454.744
14.22
136.31
529.907
408.279
132.956
88.522
457.508
17.4219
335.807
421.381
145.227
351.552
244.048
0.558815
243.069
199.97
285.289
11.6476
371.189
277.716
403.114
403.753
310.117
0.956154
461.208
277.462
446.71
220.325
384.545
27.0593
167.69
414.707
400.262
16.0967
11.9474
448.187
198.239
456.527
425.719
226.19
201.506
132.496
1.44865
338.788
188.392
58.3998
181.461
342.197
286.321
172.274
443.807
173.733
193.176
258.521
28.83
449.41
450.077
9.63048
131.257
247.4
191.191
1.0409
417.965
266.331
339.655
416.76
324.134
438.189
238.524
339.176
191.92
430.345
353.1
131.86
20.9024
20.6387
138.921
335.268
310.582
291.835
407.414
309.078
343.196
338.278
69.0788
289.589
28.0582
186.595
84.0308
14.3402
459.588
460.249
344.727
13.1065
155.886
237.446
16.9923
155.566
197.531
188.848
269.338
0.494754
281.969
318.042
411.128
313.514
314.583
6.71578
223.885
357.48
452.661
358.719
453.724
307.406
416.801
206.264
274.855
212.766
12.2554
245.323
329.302
41.6004
91.3892
168.568
358.805
285.465
323.153
13.2822
215.948
443.367
14.5973
13.8192
361.441
235.832
403.248
171.737
442.082
460.646
241.057
227.006
299.996
119.672
270.397
452.516
354.137
327.934
168.988
189.121
364.44
164.781
241.749
303.246
10.2062
102.407
383.73
243.296
12.2329
393.023
14.7027
303.95
232.512
366.083
372.091
415.919
460.028
136.916
338.755
374.146
287.337
341.842
313.509
342.665
379.192
280.689
232.558
340.59
233.053
52.8872
198.728
151.583
0.781545
320.866
177.46
232.483
181.271
276.266
431.026
252.983
213.924
430.495
109.851
346.489
380.145
460.852
230.629
335.926
326.311
448.372
25.2652
224.927
273.01
58.6516
418.113
360.021
341.488
136.793
260.878
456.516
329.82
7.65504
186.259
395.416
455.561
334.853
2.13126
12.1252
299.719
1.04281
450.893
45.4726
143.583
65.6435
283.79
246.952
241.96
329.917
394.408
440.197
239.132
346.465
455.34
61.4073
310.437
232.964
287.134
231.79
200.681
117.327
294.534
268.023
133.079
246.554
316.663
248.296
6.83159
15.4864
379.634
321.285
256.806
3.12689
395.21
459.582
11.9098
149.822
458.641
9.97286
325.176
459.049
3.15478
276.717
173.624
258.239
408.432
437.633
427.969
308.169
48.5948
15.7159
7.11024
53.9256
379.01
288.581
188.754
142.857
13.5555
461.528
4.32083
451.124
158.546
448.841
222.53
282.68
444.94
453.996
282.431
122.86
425.707
380.936
114.496
360.488
322.784
0.464763
123.91
10.2655
436.42
453.454
232.996
355.177
453.697
278.662
127.093
446.331
14.2608
222.489
16.3133
420.259
241.27
89.3868
356.617
107.293
361.125
134.535
10.091
160.563
32.6622
457.493
97.7051
191.459
15.9189
5.95019
149.785
286.54
69.5414
356.134
454.791
256.502
0.86652
322.545
216.193
87.3641
8.87677
131.366
81.3923
282.418
6.03199
8.82364
142.344
423.779
450.861
251.412
5.55977
253.896
46.8097
55.105
260.341
454.915
459.515
240.636
0.966664
447.873
176.245
252.47
163.379
462.291
13.7212
264.991
452.743
131.911
199.831
451.855
322.934
444.972
449.738
118.327
451.803
453.024
406.896
247.293
167.622
339.766
360.525
85.2134
110.156
291.8
371.794
349.656
446.591
328.957
210.37
350.791
60.4677
454.769
84.7187
250.173
259.304
198.122
246.48
287.95
35.8706
426.585
453.521
232.552
376.693
240.471
454.047
455.073
132.621
376.649
453.097
343.951
75.5855
322.031
14.6746
451.816
369.495
9.93163
97.4508
324.153
364.964
422.012
305.655
83.1647
232.841
445.154
326.95
13.8431
332.602
11.2531
7.22159
449.697
233.911
382.249
0.939526
174.265
297.127
142.238
7.62174
349.779
289.911
427.753
423.592
165.161
18.2396
278.387
273.36
216.551
146.982
189.97
445.735
18.5239
455.196
114.581
197.592
77.2253
232.396
454.208
142.657
448.325
149.672
283.445
175.208
167.288
264.826
0.281189
454.433
397.667
194.615
411.888
203.616
13.9173
309.12
461.396
406.694
90.972
364.733
182.629
6.23217
401.505
427.113
6.40348
359.722
40.429
141.23
6.27392
202.219
275.54
322.923
12.6459
215.59
270.765
388.007
174.622
416.957
69.73
258.888
0.496338
133.045
232.756
367.947
271.344
415.099
460.41
10.1683
313.621
329.297
458.0
344.439
365.177
244.704
188.015
456.035
445.611
457.295
375.417
328.288
446.937
363.443
87.1157
162.1
49.5682
232.689
348.847
349.294
119.065
358.667
89.7041
405.65
437.11
41.9167
353.717
32.4347
259.234
13.8173
188.337
46.1277
308.206
13.7778
3.68214
44.4696
0.841786
43.6275
243.008
276.158
263.841
390.695
133.851
127.245
365.841
305.344
436.588
356.248
11.6089
150.891
220.216
219.477
227.791
233.595
8.07688
160.846
262.186
444.81
446.984
217.292
394.808
176.928
6.41844
430.813
452.496
260.198
201.879
451.572
350.369
147.231
17.3244
363.527
232.216
10.2352
227.499
231.958
153.142
336.712
461.636
293.476
14.6852
164.228
448.763
444.523
287.934
400.506
298.137
108.97
452.094
2.71849
431.263
212.833
342.451
206.309
447.885
441.262
3.67098
359.095
362.96
326.146
278.237
253.513
417.614
140.049
329.225
413.516
5.61057
9.0061
17.948
395.552
458.074
449.085
12.8155
70.8506
169.73
210.256
450.367
353.132
233.912
344.526
361.576
269.012
135.493
445.073
324.28
451.666
138.295
127.413
151.95
447.688
196.895
395.177
136.503
196.471
369.524
317.48
143.184
442.394
124.153
454.641
244.411
457.469
83.7581
402.6
248.858
94.707
287.053
458.515
451.971
390.492
292.707
350.297
28.8942
14.8288
443.135
447.844
173.887
438.696
148.447
17.3969
325.836
451.359
158.755
279.949
93.0487
243.399
3.30769
455.638
8.46675
256.251
32.6438
13.8792
18.6174
221.141
0.869302
247.537
149.777
233.183
164.809
100.852
260.068
449.411
457.486
240.65
50.7929
75.9461
232.769
34.6395
232.763
453.221
228.123
212.197
413.357
429.626
270.296
15.0569
299.827
291.887
226.738
13.8602
7.65222
40.2368
450.121
302.149
367.774
241.987
88.6436
308.531
434.017
256.573
367.68
289.342
299.649
104.645
200.563
5.13057
269.148
399.105
73.9259
226.301
273.675
29.3305
201.752
335.0
415.734
308.979
115.143
454.334
405.729
419.317
202.152
14.3664
0.850444
446.972
201.699
225.929
194.945
270.465
182.282
301.929
6.83015
447.411
84.0928
387.862
15.5632
266.23
232.554
364.58
1.89985
80.9814
380.433
372.846
240.139
446.125
264.904
46.3888
214.671
145.02
309.456
169.693
358.258
335.503
341.191
372.902
278.781
366.801
141.506
66.6854
283.127
431.004
125.536
459.254
459.672
232.359
93.7634
263.186
54.4103
156.145
456.59
318.686
95.5972
156.97
422.406
180.74
2.33486
333.046
240.615
460.72
-0.240588
461.569
332.739
414.59
348.024
15.3727
426.091
10.6464
241.187
458.102
4.34796
10.6407
289.449
46.0857
422.919
324.033
318.092
265.487
459.983
58.2935
91.3363
33.1495
312.864
340.566
401.432
304.25
367.751
462.608
319.889
48.2175
228.963
157.93
141.408
27.8153
390.745
373.054
188.808
7.8696
159.156
247.162
10.0409
12.1276
52.8106
321.83
114.645
245.273
446.803
132.988
10.1831
327.819
169.793
448.201
248.071
458.424
450.03
231.467
389.704
177.101
20.8825
456.109
363.925
325.335
280.201
216.976
232.707
381.493
449.016
281.435
324.723
323.828
324.692
452.631
13.4082
175.58
2.84429
1.63114
420.898
423.168
73.405
451.541
21.0413
241.136
113.396
450.67
83.0465
434.1
453.648
298.056
457.984
358.541
411.944
403.692
242.506
231.641
271.237
455.396
302.29
41.2298
363.978
454.776
154.236
164.316
129.226
14.3021
322.954
274.256
406.122
452.666
180.62
315.568
280.076
38.5675
258.279
285.687
18.6497
12.9313
267.614
319.246
462.392
6.68461
294.294
316.097
317.358
1.2115
419.845
453.194
367.711
347.536
123.126
282.772
460.062
232.333
5.28594
232.704
269.842
415.144
431.067
126.457
227.162
194.72
314.007
297.287
396.969
172.928
379.182
341.805
346.079
100.532
248.524
420.365
446.95
0.862688
6.20703
160.147
96.4503
334.203
399.75
179.618
363.242
99.4535
406.064
148.856
262.371
78.4118
326.46
319.325
395.273
149.491
205.283
330.734
259.352
12.9105
325.291
242.135
67.5046
322.904
279.705
15.6429
215.726
391.03
400.35
1.30503
288.1
139.933
296.19
83.3324
387.224
410.633
259.928
288.19
287.509
293.368
219.339
245.516
134.086
309.729
445.397
232.223
203.628
273.379
207.67
451.001
182.364
0.52957
347.813
227.731
49.5019
228.088
15.4527
355.956
71.8506
212.635
456.711
447.365
16.3017
304.357
431.333
257.75
369.953
461.052
213.631
315.623
231.941
284.693
393.069
459.794
405.911
457.257
232.228
250.151
455.131
280.307
102.913
295.284
158.276
5.97528
398.036
232.157
282.791
373.681
294.163
363.55
263.7
211.884
320.696
214.667
370.373
395.58
14.7594
451.145
16.4912
227.867
460.95
398.326
2.9717
450.49
118.167
441.468
255.097
292.095
459.955
159.592
361.414
373.326
65.1311
87.7443
156.212
448.669
448.799
405.96
1.65101
120.788
402.514
187.492
295.681
447.72
124.829
326.44
348.859
232.706
444.799
97.2957
440.435
4.7386
3.55626
270.865
455.721
381.219
1.93056
374.262
453.787
16.1878
382.983
229.908
129.381
268.746
3.31726
444.478
314.348
253.072
203.567
334.593
308.646
388.187
356.952
56.2969
302.552
456.815
8.56633
90.7705
400.456
340.501
409.064
207.118
280.992
5.9941
193.743
234.296
426.175
2.36563
440.844
335.488
164.739
360.442
44.4255
194.597
275.046
334.08
229.28
435.284
454.369
377.775
430.148
13.3925
450.686
64.5819
8.20465
80.0091
166.367
213.88
8.13079
330.487
453.237
9.50869
321.2
335.025
421.885
296.681
454.227
276.193
460.727
43.8761
458.26
382.501
111.665
269.155
250.918
16.1382
359.822
387.124
339.753
324.708
227.637
244.309
296.219
453.837
128.689
107.623
457.251
141.39
187.084
441.183
9.48773
147.045
80.8356
401.728
389.785
293.874
157.862
460.537
459.572
221.221
79.5594
417.984
8.61108
357.371
2.96
444.24
241.267
282.22
140.111
122.329
451.462
360.391
393.383
342.953
265.235
71.8673
171.934
451.511
232.152
242.379
219.559
451.271
277.837
199.823
8.51976
397.044
307.229
290.189
407.9
445.781
317.07
383.015
449.094
310.295
81.1705
201.75
6.08959
395.502
101.192
346.615
446.453
450.731
442.488
452.384
153.976
315.976
401.241
250.986
307.589
383.8
1.33568
302.621
179.557
234.239
351.482
173.074
228.082
320.537
90.3529
431.242
449.795
109.647
325.444
301.167
13.63
233.175
356.271
386.104
411.186
228.159
458.945
212.539
442.277
288.741
458.218
1.17435
316.185
237.311
122.195
285.275
10.5915
7.62451
369.669
396.108
288.56
316.572
308.487
451.821
450.268
305.001
16.2199
277.114
391.343
446.828
98.001
70.7594
438.153
346.463
161.287
34.2862
77.82
15.8138
386.411
3.24245
396.009
456.375
342.454
228.499
235.089
427.148
6.13596
151.057
10.767
38.5204
36.2065
233.125
461.546
462.229
393.64
78.7829
1.852
408.559
459.061
269.719
444.432
361.273
9.23357
198.861
329.923
13.4191
447.684
24.0613
194.032
191.817
6.73938
200.086
365.4
234.038
425.97
232.516
152.867
438.555
74.595
174.694
8.98278
243.576
23.892
355.545
13.5618
374.469
314.746
115.235
208.143
393.913
307.211
450.12
300.224
338.616
443.82
178.273
213.01
232.725
455.392
45.9862
417.82
117.894
135.483
268.081
246.503
392.889
292.88
303.275
453.004
87.2773
452.288
160.585
117.524
1.61988
297.46
115.672
233.475
407.384
139.653
438.144
292.036
261.847
234.844
349.442
443.745
377.476
120.255
156.533
232.71
107.143
443.493
227.817
311.678
9.10519
168.849
394.733
454.776
197.405
108.631
106.495
131.229
167.392
383.941
434.362
450.452
433.536
233.308
453.176
454.578
410.598
429.817
244.744
312.412
123.792
395.654
304.327
232.923
195.157
375.368
10.132
53.968
74.9268
232.774
328.138
238.024
440.663
107.354
381.039
267.687
206.711
321.582
222.258
456.364
259.214
375.454
134.996
150.284
265.68
67.8501
0.314777
180.05
299.637
214.824
7.98493
453.392
76.6175
309.422
409.194
60.2363
416.308
301.729
285.788
437.088
198.993
440.067
116.572
205.407
232.407
254.457
436.307
332.113
314.294
15.242
304.563
11.8796
396.411
453.777
383.017
315.012
450.518
454.566
460.334
390.177
232.673
452.682
151.727
171.459
97.6109
356.948
10.4906
259.496
380.273
287.519
15.4982
178.715
306.363
119.781
2.04718
340.338
218.869
460.812
329.288
421.708
433.129
273.926
343.473
26.115
12.1331
225.662
164.035
454.348
214.385
378.401
312.298
10.4256
451.989
451.932
292.581
232.228
378.834
1.54269
460.666
10.2375
428.999
42.2441
301.416
261.232
3.92496
331.824
453.225
351.311
347.311
283.338
164.301
7.41591
232.548
450.816
421.079
92.8524
148.906
7.72671
103.479
339.212
1.0959
15.585
15.8653
306.658
5.02469
164.039
455.753
317.01
419.153
422.595
116.378
451.986
256.603
437.356
432.139
250.231
52.6274
52.343
442.219
119.995
13.6373
103.097
367.467
85.4236
311.499
437.978
12.3293
75.8034
333.722
32.0692
414.832
218.794
160.683
308.732
105.16
188.463
116.114
269.648
60.4123
38.3076
302.942
460.07
397.899
303.526
394.941
444.255
404.212
332.133
286.753
243.834
358.78
245.167
417.833
445.202
93.8555
34.6685
0.90176
296.28
54.0074
185.039
226.925
206.212
326.089
29.1521
414.027
453.513
189.138
453.5
349.708
11.4258
112.433
31.6958
308.261
60.1157
317.451
449.386
331.055
233.721
318.605
442.642
379.071
432.147
163.234
446.911
127.422
457.516
7.78151
0.797086
445.938
97.155
329.051
368.105
387.065
233.636
456.781
453.432
267.684
386.781
72.6663
416.477
304.816
271.361
78.081
360.282
332.083
110.354
448.56
1.69941
461.369
290.215
69.6
10.1482
447.309
330.59
407.409
232.826
12.7284
13.2884
128.748
217.848
459.496
455.4
315.167
159.203
252.111
192.649
340.635
445.871
113.642
153.67
163.181
259.703
281.029
345.45
419.866
0.523213
453.672
63.6049
454.329
461.881
455.498
172.726
7.29354
-32.9824
332.323
449.141
202.357
306.19
184.3
338.931
458.714
396.195
285.145
148.744
458.187
304.677
55.8989
7.71582
27.8285
108.467
9.63839
454.755
15.8497
355.183
63.2792
383.3
229.272
281.273
182.28
278.645
228.452
305.467
102.217
219.835
311.31
408.339
355.901
458.346
265.152
460.744
449.149
429.411
321.733
169.554
323.73
446.12
9.42387
461.246
442.351
32.4925
172.174
377.792
60.414
167.464
369.091
159.177
224.227
276.896
284.838
460.41
456.625
179.235
450.728
460.042
355.423
2.21522
276.732
456.543
11.5168
177.054
387.395
86.5155
446.991
445.6
15.528
457.031
286.233
317.897
1.72017
124.38
347.368
17.6877
229.08
136.855
311.521
263.286
89.9961
386.752
452.56
93.1526
235.415
232.861
456.453
110.422
163.182
443.462
185.937
284.942
296.286
322.434
450.568
368.098
208.639
445.207
451.944
98.3127
118.146
7.36194
286.85
461.535
280.375
355.315
423.217
184.42
171.249
331.593
409.798
68.7118
135.853
461.289
1.5425
192.691
183.816
260.406
448.68
318.068
368.296
1.02071
259.653
248.23
445.325
453.732
361.196
233.249
171.976
413.25
270.048
332.215
9.90369
127.317
164.505
413.46
64.7934
189.214
390.532
159.842
412.486
28.2418
266.158
389.647
447.552
378.044
136.652
100.289
287.17
230.063
233.666
263.624
446.048
453.462
2.26335
74.6862
254.523
102.812
447.556
227.564
455.029
61.757
6.78574
353.031
425.128
218.354
299.945
362.362
193.287
287.257
362.753
69.7603
454.184
401.642
288.069
139.518
335.507
400.093
265.733
86.9011
30.7915
451.928
460.928
440.153
6.42121
10.9813
450.663
4.13495
313.74
332.9
358.974
452.569
134.131
1.05394
450.181
323.303
349.057
12.1869
219.391
0.788915
461.123
7.96822
11.4779
193.621
312.695
8.45696
376.596
269.492
347.386
326.533
69.6927
83.3555
267.328
69.0607
51.4779
349.417
379.089
456.663
54.9974
227.914
141.592
260.028
246.758
445.349
385.819
232.026
232.909
113.491
357.629
169.631
450.135
161.341
447.502
432.287
173.281
396.565
259.984
317.37
123.828
11.0969
92.8216
325.953
366.729
16.7608
1.52668
369.266
177.821
128.396
403.693
217.809
1.05766
335.126
287.485
286.405
282.114
271.58
36.1956
265.078
260.152
394.293
325.738
330.21
233.262
140.155
385.6
352.074
17.5818
257.142
453.374
408.733
71.5202
228.325
178.306
7.22507
102.064
455.927
397.544
138.312
450.87
288.776
443.149
455.681
2.74891
448.69
399.863
174.181
340.279
14.0057
450.905
384.323
7.35654
13.9131
12.9187
370.023
315.764
261.419
259.214
430.73
452.253
345.618
458.306
251.367
1.60888
105.415
377.938
461.316
452.463
208.407
161.697
433.763
70.2204
203.546
463.745
265.971
211.351
163.321
195.143
232.729
431.581
6.93085
271.603
302.907
382.358
457.741
363.773
383.147
133.618
449.489
179.258
232.339
291.106
72.139
328.696
261.146
178.53
232.882
172.159
388.078
460.572
277.415
2.51872
453.948
93.8207
238.397
164.149
56.8686
145.59
9.99949
194.919
171.401
313.842
353.608
445.424
58.2398
15.2462
91.5482
88.1067
29.6383
203.479
273.636
11.6414
411.603
38.6408
241.991
445.315
365.62
8.00007
10.0309
245.981
16.6524
302.338
187.134
434.153
19.2601
359.831
461.501
417.051
281.101
3.98415
2.47356
154.986
449.955
102.611
230.498
460.815
402.375
39.4134
367.574
458.909
23.001
461.347
18.8834
15.3311
106.815
181.368
457.796
449.748
322.599
329.467
252.093
453.124
444.155
201.309
10.1327
55.0344
263.335
233.109
261.99
371.126
277.751
191.077
265.971
425.708
311.128
0.43075
4.13612
446.974
73.4515
419.163
266.155
380.317
342.643
413.387
309.11
278.694
168.257
172.835
148.009
216.202
431.863
14.9621
18.1744
-1.70746
340.514
204.745
209.005
351.48
7.42719
8.51321
296.729
338.437
85.8985
309.843
431.456
135.694
452.338
346.02
62.4487
13.5636
141.831
456.055
396.423
270.42
414.403
420.109
185.316
325.396
450.365
455.673
442.605
238.969
381.581
197.203
275.168
341.319
366.38
329.924
169.679
296.286
337.452
11.3782
8.49633
13.3355
319.883
14.1394
226.197
135.027
379.365
354.89
353.872
154.726
336.602
14.6425
462.703
264.492
195.118
232.84
251.669
411.395
320.216
439.05
447.219
457.529
299.199
255.99
383.316
13.0964
371.39
197.808
256.021
456.485
308.142
449.737
451.801
451.853
402.983
308.408
250.928
15.6074
401.051
375.904
283.792
370.223
207.087
1.9158
216.332
411.46
268.662
14.9202
456.836
445.302
39.6662
128.817
32.1088
281.432
451.835
232.95
189.855
8.18822
187.452
370.115
460.601
389.745
400.231
251.388
382.257
224.086
446.182
222.193
97.3378
215.196
62.6775
187.05
58.9745
14.4674
347.011
418.463
9.84264
351.804
103.233
237.904
229.078
1.42721
8.06006
4.25489
458.877
237.835
247.527
329.789
102.606
204.557
157.448
1.88993
446.716
218.254
248.892
201.944
438.565
27.7777
295.723
51.7579
430.637
347.886
425.219
324.195
150.794
9.97505
391.13
15.1733
149.449
232.226
141.099
296.884
192.288
182.334
258.464
419.435
414.377
428.449
435.527
102.497
334.877
240.009
379.601
232.816
6.11262
232.702
227.763
275.086
5.49874
18.3581
394.694
3.57075
269.27
450.205
115.138
429.707
40.306
37.8245
194.309
338.459
311.722
435.22
234.384
170.757
85.1636
444.768
97.6395
244.895
320.442
287.34
263.031
300.625
10.146
23.695
267.351
261.35
321.736
340.432
0.530827
209.271
156.815
315.921
397.466
446.712
162.796
3.04153
461.389
5.34697
396.896
181.088
90.0137
308.0
39.5759
229.568
0.693719
406.592
124.525
10.6574
153.949
292.64
387.738
407.264
442.103
446.003
31.3691
402.525
232.934
239.651
8.55579
81.6815
13.6268
120.076
232.423
364.007
366.989
351.464
23.1683
234.262
197.843
248.588
2.63551
1.06617
434.774
6.2406
380.516
450.676
264.867
351.315
181.274
250.976
459.096
316.399
443.978
453.398
318.408
374.999
310.167
330.338
258.021
326.246
12.3526
340.038
29.839
397.217
155.589
363.076
127.316
395.031
6.6393
241.168
341.074
41.7979
427.756
316.118
288.392
415.336
355.25
407.496
458.849
406.538
95.4262
444.176
221.111
412.204
331.795
73.7368
1.86183
286.493
206.401
263.141
15.7801
148.506
242.768
7.75141
60.5031
52.1501
115.453
163.079
339.489
401.976
283.859
461.74
16.5398
452.575
233.641
166.17
176.48
238.102
229.993
455.702
197.957
134.732
348.634
72.7026
75.9126
424.305
8.30503
112.548
411.644
326.598
314.389
254.052
354.603
336.985
327.352
248.321
344.827
9.36512
0.957306
276.201
404.592
445.927
217.374
14.2999
402.63
461.911
451.245
266.132
325.893
460.871
387.418
221.554
266.768
230.472
2.2728
447.59
457.647
448.481
213.771
56.005
414.355
296.382
295.068
338.815
173.895
361.524
94.0641
3.943
456.839
385.363
233.323
91.9779
185.27
6.70306
460.774
156.329
364.545
138.118
421.38
194.642
216.267
387.59
95.4055
208.797
173.193
232.167
423.02
133.019
282.708
446.485
266.323
144.394
363.139
296.225
11.2012
233.244
6.28695
0.438157
258.602
137.051
457.9
319.258
312.271
370.21
53.6277
318.854
283.758
45.7059
39.6205
451.466
0.925927
147.008
174.118
104.808
92.1011
6.36787
148.232
290.653
362.555
154.719
44.5167
230.491
220.685
268.772
338.054
358.381
166.084
11.3512
136.701
361.351
25.9806
425.144
15.3551
362.198
182.782
428.613
4.30408
452.041
95.3826
458.807
303.267
269.742
442.704
388.556
134.799
34.318
89.6339
375.36
171.34
445.685
367.036
411.964
153.671
196.39
154.041
458.219
451.912
224.675
435.524
178.8
2.94215
294.212
51.0419
273.704
205.962
190.321
39.0153
314.423
134.874
427.647
14.2579
396.772
271.014
147.273
135.776
273.275
380.641
361.432
11.0475
352.61
297.457
426.12
279.195
447.385
172.129
15.6127
263.826
68.3111
14.2803
45.2299
286.581
452.394
1.47205
357.728
348.205
445.982
223.637
1.5862
319.716
315.056
356.164
14.3182
261.333
159.76
139.233
142.742
232.34
356.871
460.031
451.651
367.341
51.8942
138.713
208.409
318.419
325.579
423.615
240.315
227.283
9.04544
458.139
452.516
32.1178
101.736
228.056
255.95
413.646
228.126
305.359
455.408
352.905
434.401
459.565
232.117
124.427
145.182
228.405
173.129
190.087
223.675
344.446
313.846
433.352
256.101
145.037
186.498
349.641
249.935
8.84878
49.4713
438.651
442.516
15.2439
376.377
367.257
458.647
4.32796
352.119
301.789
303.863
454.395
366.334
421.127
419.751
231.414
307.019
296.716
383.061
369.783
91.0325
251.629
350.609
86.2888
271.673
225.62
168.38
319.854
356.387
388.981
413.06
234.484
403.41
421.149
454.266
137.88
310.308
275.876
406.157
426.575
274.666
15.1529
323.873
251.182
8.55304
285.168
328.863
209.857
245.197
390.089
141.364
264.988
355.688
382.07
457.719
7.62377
141.754
327.62
456.574
228.65
326.957
7.56526
394.686
461.284
107.882
232.788
420.542
260.081
280.933
457.119
17.6625
310.669
63.3206
444.906
378.191
78.16
16.2859
454.128
1.6694
232.116
149.817
240.156
367.155
450.968
2.64179
319.056
28.9792
334.131
232.53
453.042
301.62
405.404
232.686
134.333
430.412
336.732
275.592
322.751
106.539
379.392
142.148
397.212
139.424
323.325
2.45254
298.063
7.34273
333.275
387.412
449.825
51.9918
67.0992
215.716
309.418
133.706
6.03426
322.247
11.997
339.195
205.362
232.291
232.15
279.09
215.314
44.1024
439.152
299.244
316.094
336.402
191.323
447.101
23.8182
4.34148
447.693
293.801
115.27
363.1
450.124
205.159
200.106
116.754
122.778
105.455
362.211
286.208
338.774
16.9137
304.168
371.054
136.727
21.8675
332.154
24.6824
321.729
460.795
445.697
457.573
229.771
257.927
179.174
245.427
72.8206
461.309
168.512
79.2924
319.798
293.039
4.10755
22.7743
456.755
450.406
449.468
2.44892
14.3362
380.069
86.893
16.1841
326.539
428.501
349.421
402.335
447.644
442.119
378.199
72.3163
301.405
291.839
11.0141
232.515
409.84
167.892
349.795
149.968
0.250288
107.088
457.236
414.678
391.269
458.769
232.747
110.732
30.0059
253.779
223.351
30.3961
206.069
341.858
8.51139
3.3032
32.6208
12.5669
447.29
168.082
241.752
72.707
14.8675
452.215
450.939
177.52
119.44
186.111
272.103
253.39
433.135
76.5111
253.591
184.956
369.33
301.328
227.597
262.087
189.649
195.761
263.498
15.4161
448.493
384.045
17.0356
328.194
203.23
452.181
234.318
57.2514
459.893
70.0346
454.865
75.4295
8.03918
355.146
251.752
1.76108
415.21
19.5096
2.82863
9.03804
316.672
8.62803
310.858
78.2142
291.571
353.767
232.743
167.629
65.3128
313.397
368.998
249.13
339.402
448.444
119.788
233.488
328.328
120.423
367.067
1.97702
51.4462
83.647
3.30173
337.272
292.804
402.545
438.967
252.151
349.439
352.316
375.197
118.018
260.289
6.34863
387.924
328.942
302.907
247.982
12.4956
232.85
10.5862
410.87
2.69969
119.576
457.416
197.257
117.057
179.406
7.95336
451.37
19.26
378.218
388.972
217.283
407.462
454.887
218.74
429.806
387.618
270.354
126.92
389.332
440.922
287.247
405.963
284.07
214.255
255.248
295.814
333.364
387.248
345.973
188.17
147.116
227.74
369.901
182.035
11.387
261.063
461.249
449.26
13.511
309.369
303.494
209.071
275.055
192.15
292.693
286.697
10.9076
118.18
413.888
7.77987
319.812
186.801
0.337913
11.9223
232.374
191.139
11.465
103.014
309.444
458.464
1.90917
294.562
202.514
432.16
93.8164
373.789
442.745
362.286
462.844
373.924
456.137
446.734
157.981
409.539
422.825
5.45137
80.8298
333.437
6.67866
379.3
279.389
424.191
337.501
7.92099
2.94586
355.703
178.149
450.495
244.144
281.827
38.9195
418.448
348.936
243.96
7.7232
267.031
160.339
71.8692
0.530943
173.071
461.19
10.9978
180.52
195.447
351.753
131.015
35.0524
373.761
298.6
91.4165
454.098
211.279
388.571
155.999
297.494
367.009
338.846
10.7331
261.201
442.54
7.97331
263.919
246.95
293.338
359.475
216.714
235.719
413.511
185.795
446.331
416.802
257.528
235.464
320.384
395.079
31.3505
12.5891
324.852
266.294
445.512
274.094
191.19
450.709
343.661
166.563
445.134
286.723
13.8582
217.448
383.385
451.456
328.576
7.19095
440.493
89.7812
330.631
450.485
129.104
309.044
1.08037
264.591
296.714
257.831
441.029
173.07
278.811
450.608
241.426
331.654
429.529
235.591
217.542
444.924
319.977
242.724
330.156
168.588
92.44
93.6697
155.406
445.9
456.527
254.957
229.158
449.774
180.9
216.426
151.897
283.565
34.8284
291.644
448.304
62.6018
415.854
20.051
286.634
398.98
263.741
282.644
260.647
263.177
451.68
28.614
383.062
283.775
456.482
8.8869
13.3023
7.92849
164.727
458.685
389.996
194.321
263.638
439.788
450.991
392.428
290.066
49.3839
93.7943
49.5725
255.859
460.673
286.986
232.475
369.246
10.1857
415.506
408.258
262.681
320.87
66.6845
37.7983
18.8353
282.045
15.4602
63.479
443.932
452.923
276.721
176.596
418.742
265.318
449.342
185.71
11.5217
358.808
417.321
415.047
295.384
435.157
391.035
440.656
446.138
165.295
162.855
94.5234
129.981
296.549
155.396
10.1836
0.899569
252.925
429.68
265.893
158.141
279.664
288.003
221.242
1.20915
8.5795
333.06
233.528
421.013
459.178
205.134
444.031
302.068
439.61
34.8545
278.489
402.667
430.164
22.0492
186.85
400.328
430.664
15.5294
163.682
152.642
232.725
200.507
291.689
15.1303
314.821
11.5089
256.736
388.739
180.331
256.893
401.384
407.931
448.905
357.173
77.6288
447.396
306.039
34.2432
449.13
116.432
452.854
427.062
288.594
444.783
451.661
443.413
433.619
14.7417
354.563
233.05
447.809
28.8643
210.594
328.372
405.061
61.6828
256.658
444.812
11.066
426.326
447.247
34.2098
134.219
260.923
304.44
322.606
62.6173
229.517
8.53256
260.544
87.2228
86.538
114.326
153.868
456.38
59.9285
43.3104
246.698
90.0912
38.0647
444.863
11.1373
34.8906
327.449
79.516
393.441
413.776
168.927
357.325
107.53
408.086
460.838
362.939
46.4251
69.8597
232.957
362.137
454.497
158.891
455.806
351.818
332.923
451.641
389.553
327.852
26.1097
420.276
453.775
255.678
50.7972
458.611
2.6177
288.325
96.4412
136.332
224.016
96.4353
328.665
326.476
421.828
1.91775
5.33118
406.748
443.345
447.882
279.503
446.203
197.579
422.258
114.507
157.835
433.497
329.094
350.219
288.487
188.955
363.09
225.752
3.35554
446.545
452.433
285.608
365.963
5.4509
371.347
386.249
281.464
369.846
244.219
432.573
107.852
243.553
48.6325
315.391
195.537
4.10121
9.89866
28.3227
223.993
419.199
296.406
339.137
8.59098
451.72
6.58629
246.03
255.405
318.703
458.709
448.555
45.652
379.506
232.599
421.704
439.934
433.736
422.011
187.708
59.6857
15.9128
183.199
4.9569
142.979
-0.809348
425.792
450.092
346.331
308.524
127.77
261.363
450.668
455.877
458.591
450.41
1.60602
351.975
293.036
448.315
69.4556
295.574
16.0654
388.884
366.122
269.766
206.297
223.001
437.903
58.0609
102.995
12.481
7.52613
331.559
448.541
104.307
263.671
166.235
37.75
199.001
288.992
235.318
392.097
316.901
419.21
383.855
437.766
274.78
342.376
346.97
462.536
279.72
259.476
298.319
164.36
160.127
123.006
162.367
0.0726433
343.365
324.522
317.28
362.648
349.51
313.986
388.67
356.697
73.3931
308.433
387.513
269.13
448.957
189.754
80.117
451.069
305.065
50.9544
293.76
4.05436
228.729
454.505
343.699
451.197
439.15
378.278
456.973
306.606
451.608
349.201
451.54
316.939
381.142
393.927
460.927
260.73
17.0661
283.13
86.9385
402.375
439.867
59.3274
233.331
75.7902
445.086
290.711
134.84
459.898
352.091
119.412
450.302
223.817
453.037
450.958
311.692
31.4017
292.05
449.972
5.80575
340.91
27.0768
461.698
409.443
15.1799
451.547
447.983
274.671
447.069
431.348
137.718
108.345
66.5046
330.97
419.025
451.561
389.185
282.249
8.05269
153.953
436.427
289.323
255.467
161.492
450.625
452.301
11.0188
432.89
422.598
314.94
380.998
152.716
160.424
388.848
232.269
10.9413
75.1937
369.931
453.753
445.037
452.738
223.463
2.91932
104.234
148.19
315.807
319.207
461.765
178.145
443.932
450.667
458.114
246.219
249.365
35.8441
395.823
233.471
389.022
9.51591
345.371
449.09
198.206
443.356
115.544
140.667
190.54
438.923
175.857
233.075
425.374
287.386
271.808
363.068
452.025
178.125
289.061
336.843
173.792
273.769
169.254
452.515
453.325
233.177
9.06909
346.414
408.576
288.181
109.587
453.202
74.4407
440.739
369.722
255.367
36.9972
406.843
449.026
448.896
372.497
443.459
158.723
142.29
452.084
399.265
278.196
170.609
453.508
289.815
392.515
419.474
13.5557
92.4021
421.372
327.621
198.671
456.333
384.123
459.169
424.063
302.011
141.189
398.831
243.996
417.503
149.592
92.703
164.083
33.9098
448.791
46.1801
113.145
339.813
454.535
334.217
298.93
215.637
304.582
297.055
102.529
283.271
342.822
265.202
445.961
258.915
286.334
234.593
23.1481
96.9975
267.571
316.621
356.227
232.598
436.991
304.269
70.2126
99.0211
243.27
85.7539
135.865
18.6821
323.604
252.839
92.1549
377.344
355.071
345.195
231.843
414.915
228.755
226.807
11.8767
164.762
270.49
14.1029
460.194
401.969
70.7121
84.1049
370.108
173.516
22.7732
116.19
133.667
260.095
281.764
444.705
391.586
425.459
153.92
448.621
316.459
95.3983
449.46
386.819
1.8863
370.75
75.6651
453.78
453.778
9.59152
396.9
291.5
44.5111
226.372
220.508
298.337
446.054
442.912
51.7102
446.776
108.397
413.518
84.8114
88.1806
456.63
219.829
457.086
453.051
444.317
73.3877
451.385
412.413
358.55
355.797
349.694
448.903
30.6412
232.629
353.23
219.557
15.2112
353.741
339.624
11.3714
233.004
164.946
165.944
204.073
232.564
53.9776
446.005
0.807912
366.915
389.566
212.933
39.3224
312.471
328.715
359.722
444.049
447.544
434.594
319.585
328.759
303.18
309.7
324.979
334.08
439.456
257.678
335.383
5.76688
350.416
201.067
283.987
298.592
175.542
391.566
447.447
197.774
351.543
225.358
332.869
436.092
446.912
456.373
453.669
87.2483
248.932
195.636
252.885
5.74275
88.4202
276.022
276.525
284.062
317.801
98.6923
374.013
419.515
256.54
137.38
171.367
463.036
356.138
77.3545
233.205
234.455
223.807
10.3657
413.116
214.171
283.41
423.988
458.402
283.319
0.566851
352.415
176.347
462.042
232.397
286.315
89.9462
462.116
405.508
206.332
104.902
63.079
265.563
1.79955
1.23894
295.69
301.771
249.386
194.487
3.767
110.736
265.05
298.944
11.3285
182.516
459.918
459.748
272.202
399.513
348.816
434.306
14.3719
2.59885
90.1907
5.83895
228.037
423.0
76.9055
206.202
347.289
404.247
190.232
160.801
458.029
166.168
33.7886
199.428
0.941377
232.695
343.582
346.537
381.266
235.447
410.22
459.985
135.327
10.8029
355.302
310.741
424.506
246.297
451.374
340.323
5.76353
454.753
103.986
452.15
346.907
395.285
199.699
397.571
206.573
113.909
343.439
447.707
26.0671
213.225
410.516
5.01924
247.838
233.125
133.664
80.5182
177.544
224.145
150.047
420.531
300.952
444.033
117.403
116.921
445.787
428.278
360.608
119.31
444.969
456.519
204.004
456.971
331.201
355.16
232.713
384.633
447.332
440.919
442.686
242.074
291.826
318.638
272.141
440.734
3.494
437.369
75.9261
301.493
123.134
9.67289
433.556
139.328
449.384
362.922
40.9031
408.098
285.337
13.7656
316.716
99.3378
321.476
426.099
236.42
354.385
106.569
380.004
367.674
15.592
12.3895
456.629
430.924
230.513
440.214
448.59
15.7835
462.73
359.918
276.172
363.069
15.5682
316.384
345.087
449.315
124.388
6.37706
17.2262
238.281
327.579
452.418
62.6621
1.87029
424.575
249.305
395.928
461.822
238.264
252.986
303.448
442.871
424.533
456.624
247.135
362.198
215.604
1.85928
95.5087
388.972
70.4902
283.715
403.557
170.635
308.16
270.158
456.116
389.079
184.903
275.773
410.78
156.589
15.8897
447.688
75.8576
239.826
446.952
10.144
454.157
375.48
10.3403
289.711
461.704
451.884
329.38
16.9872
429.499
245.866
402.121
447.812
56.9536
3.74316
435.15
328.078
219.889
403.141
155.425
207.072
340.144
9.67932
133.478
332.156
376.379
49.7267
448.811
353.772
21.5038
356.979
430.059
461.941
451.995
353.211
447.381
156.811
324.091
134.829
299.714
124.547
461.72
455.635
437.701
179.234
355.591
10.3849
245.937
177.222
32.4396
18.1647
122.941
76.0602
209.577
451.398
451.757
156.454
371.544
126.024
209.803
106.123
316.392
227.61
421.779
12.9311
351.216
11.7937
272.855
426.267
310.859
414.713
194.659
229.16
154.578
459.69
234.355
10.0363
2.5198
452.999
377.425
351.223
214.162
450.471
268.388
101.262
3.39752
231.775
56.3268
188.158
205.29
164.29
319.413
55.354
449.571
389.044
267.516
289.056
9.99753
362.317
55.2779
243.615
3.04433
441.333
240.364
79.9609
363.534
417.298
53.9618
127.202
389.617
395.675
448.7
19.32
341.21
12.2741
52.4405
243.066
454.858
288.056
11.1729
139.381
15.4584
260.177
330.535
352.445
19.9993
410.323
364.38
154.431
273.814
10.0075
442.184
166.274
369.054
107.857
355.112
309.174
275.167
319.699
336.851
434.165
146.623
459.891
452.314
360.768
78.2689
299.011
40.9008
302.528
217.483
428.895
55.2666
174.454
177.851
377.357
13.0707
205.388
10.4986
281.858
153.617
340.003
81.3885
16.2028
376.663
452.64
236.574
187.344
395.758
449.232
70.9389
5.13761
311.521
251.544
453.456
455.382
45.0431
425.14
131.949
189.384
455.167
234.539
204.657
0.846344
46.6398
449.983
456.248
52.2707
455.271
75.8084
403.587
377.314
456.124
281.382
309.672
12.3061
349.091
217.745
459.575
11.6345
232.662
18.0279
202.446
294.185
251.962
267.842
443.998
177.197
199.76
260.315
49.2272
189.842
378.885
212.877
203.07
416.18
15.1548
96.294
11.8731
134.964
188.289
283.307
446.934
8.4778
266.877
0.985198
446.663
3.49854
50.3422
182.615
325.279
90.3789
290.797
0.751611
116.404
3.21943
159.567
12.1223
14.7305
216.277
50.9082
295.103
10.8696
282.871
208.69
433.759
345.27
241.755
94.9899
62.8276
78.4376
10.9567
361.971
264.497
285.17
326.345
207.913
370.327
327.246
461.849
461.182
267.429
333.692
185.112
355.859
171.882
254.222
249.33
9.21483
9.0181
408.156
292.728
1.18314
246.829
153.799
421.641
110.587
106.543
181.102
447.556
15.1126
7.86055
450.537
357.475
410.157
440.321
2.89473
106.907
448.314
188.093
64.1389
461.503
257.818
411.448
418.603
268.167
153.089
6.19641
168.302
280.129
173.217
2.68776
206.666
446.7
134.337
283.042
49.8178
450.044
454.987
9.81344
394.637
79.8788
305.489
374.588
238.259
414.516
1.84446
393.831
309.931
0.906705
29.2927
86.0648
79.5098
48.4374
387.742
385.988
271.807
360.448
445.221
336.374
67.9573
64.0897
454.804
128.155
200.109
0.760952
141.938
415.435
266.175
461.403
5.14986
422.379
55.1997
451.237
365.329
218.618
449.718
121.651
107.368
270.864
286.702
286.662
395.964
44.5919
81.0796
457.387
25.2166
205.609
258.946
232.753
143.13
417.564
405.036
11.7717
227.205
121.865
15.4354
233.193
338.027
380.013
6.11298
128.133
43.5631
461.221
454.276
384.548
430.45
281.261
248.764
5.72861
394.737
408.711
443.373
434.724
278.537
271.459
434.634
297.029
361.892
451.453
278.751
345.975
130.847
199.814
437.339
315.15
241.556
358.331
183.452
442.408
449.12
423.072
389.646
4.53681
280.797
367.101
173.606
444.374
461.834
286.62
408.818
458.422
307.155
20.9822
153.567
441.845
334.928
329.016
452.803
354.757
450.671
353.486
371.825
330.563
452.329
221.265
445.172
11.5541
329.727
398.28
42.3952
263.907
223.369
32.793
332.063
246.147
451.974
445.224
292.671
88.4855
198.574
452.683
298.332
330.872
330.192
434.874
252.763
434.839
375.741
259.449
190.89
460.512
166.859
12.8842
446.251
84.7732
353.63
402.056
0.85649
448.765
206.893
374.992
17.967
248.819
369.727
273.958
455.843
299.421
90.8313
280.237
312.659
47.8645
450.97
310.537
238.869
133.642
318.915
232.559
446.992
18.2077
451.708
421.513
94.0786
70.464
355.765
120.473
11.5329
439.158
105.724
79.9811
459.685
379.074
272.471
287.472
305.491
341.261
251.963
448.172
149.899
435.669
4.0385
72.7136
339.892
213.955
449.519
350.834
128.51
228.933
209.542
252.364
144.126
342.211
234.187
77.9312
432.388
443.523
440.698
231.615
103.003
160.82
290.787
1.15773
149.804
5.84096
255.884
265.441
16.1977
247.371
352.663
289.753
330.98
263.211
212.754
256.492
232.495
323.874
494.729
285.271
406.983
368.595
242.329
151.798
438.671
8.42885
232.711
209.6
120.151
89.2925
363.174
14.9197
275.869
10.6631
231.972
206.547
77.863
274.517
-1.68367
18.0116
461.755
292.558
43.7687
159.512
141.443
158.331
1.74716
355.619
445.415
83.7639
234.113
287.814
457.468
191.133
317.706
2.13213
450.885
235.004
445.921
9.14891
279.459
214.098
423.643
264.951
246.622
305.774
251.494
13.8991
325.474
88.9981
140.955
230.024
15.3581
238.167
119.473
232.353
247.045
299.704
458.023
354.114
8.52275
209.257
202.719
12.4805
378.503
452.571
459.003
160.286
380.868
457.026
7.58798
365.321
337.028
4.26898
231.564
232.192
82.1786
326.624
338.784
189.394
261.351
242.387
125.977
462.531
154.924
133.332
317.556
14.1242
147.224
14.377
353.846
246.611
461.298
410.827
323.736
62.8207
325.166
266.508
397.08
162.906
190.671
7.22437
2.04304
364.189
234.367
404.738
73.084
150.668
446.337
451.251
450.472
71.3619
387.474
386.111
266.053
431.862
14.2966
114.388
13.109
447.212
181.273
89.7105
290.902
452.633
394.719
96.2445
103.324
454.541
305.623
362.506
0.881635
232.469
178.288
227.911
2.97619
453.439
392.142
252.572
344.481
299.699
449.959
94.0117
409.474
453.923
60.4913
360.225
15.3217
74.1524
130.392
388.545
457.462
335.622
399.263
20.5371
193.558
419.253
451.888
56.1747
52.8633
169.514
419.371
460.068
185.023
198.29
61.1679
67.5222
455.307
455.675
109.955
352.802
287.808
297.213
369.102
256.239
130.941
446.299
178.783
323.363
236.823
253.85
54.3784
376.556
445.778
348.155
453.741
134.568
370.602
22.1414
455.182
61.6707
9.59897
227.685
375.722
211.825
4.8168
317.48
399.244
459.745
172.444
458.904
352.956
283.444
260.172
91.7962
111.806
449.521
448.208
461.917
412.435
158.809
1.25274
456.303
326.226
333.632
397.978
9.53164
14.3874
7.10554
330.813
22.6194
397.118
459.119
116.103
441.076
100.926
14.7964
457.711
7.19554
364.173
450.417
452.718
191.036
458.724
331.457
271.059
403.329
321.305
343.484
211.154
231.722
291.502
388.612
446.971
247.035
447.229
461.508
266.404
202.327
435.089
9.50689
460.976
169.717
427.594
58.516
4.8731
414.864
238.121
452.311
179.508
244.335
456.942
420.853
230.208
408.348
446.672
46.1237
239.806
93.1565
457.492
270.307
0.058217
343.885
320.219
64.1217
383.229
22.7231
386.571
271.93
440.939
200.452
449.176
3.78886
176.623
287.26
161.595
394.639
277.364
382.011
17.7683
218.53
113.649
180.044
286.723
9.65263
342.579
203.008
410.988
346.762
447.209
81.7598
101.675
353.575
342.704
318.928
154.005
393.7
375.459
350.354
309.261
2.94717
273.189
455.306
429.386
363.218
304.159
13.0885
140.551
109.037
402.822
264.067
354.897
39.1036
449.159
140.422
218.366
231.391
435.139
0.821224
268.313
183.677
294.117
88.7631
15.3421
367.737
357.425
227.846
160.704
232.558
183.557
448.947
236.401
390.072
314.542
15.8867
432.246
74.5324
186.561
365.094
4.29297
232.494
384.853
339.426
51.4418
201.526
447.655
181.764
314.825
452.356
228.173
450.655
396.162
42.8415
422.382
59.9256
208.861
318.912
106.818
232.262
350.87
269.484
159.539
156.409
459.392
1.17404
379.345
85.367
456.876
232.736
306.69
341.262
152.309
254.023
159.732
8.77372
16.5331
371.137
5.46999
387.75
334.471
16.6279
5.19251
344.641
232.627
407.117
261.983
451.598
269.324
73.2407
432.948
32.3309
125.762
64.7534
9.89903
165.556
382.187
1.08633
375.153
451.747
287.933
433.638
448.036
364.159
156.857
265.124
379.124
347.361
186.644
333.396
351.562
292.629
448.06
450.157
455.195
142.242
451.668
19.2307
202.212
309.867
15.1017
214.67
5.80467
318.359
439.08
215.463
331.305
387.267
237.481
398.029
393.796
12.358
1.8209
6.21208
99.1838
95.2792
9.25633
8.98748
455.428
2.82113
441.103
420.201
456.004
456.177
374.728
459.116
9.19389
260.964
7.23198
1.31245
454.394
444.604
150.813
452.138
339.694
12.3583
137.064
441.599
74.035
33.8697
309.195
434.676
234.096
454.103
436.854
124.283
52.1971
362.302
394.57
22.5766
382.983
8.84349
442.382
