[INFO] Source directory: /Users/shuaixiangzhang/Work/current/FNAL_Work2024/michel_e/t0_tagging/pdhd_DATA_v2/t0_rootFiles/new202510_MC/wvf_merged_20251030/
[INFO] Destination directory: /Users/shuaixiangzhang/Work/current/FNAL_Work2024/michel_e/t0_tagging/pdhd_DATA_v2/t0_rootFiles/new202510_MC/wvf_merged_applyCut_20251030/
[WARNING] Destination already exists, removing: /Users/shuaixiangzhang/Work/current/FNAL_Work2024/michel_e/t0_tagging/pdhd_DATA_v2/t0_rootFiles/new202510_MC/wvf_merged_applyCut_20251030/
[INFO] Created clean destination directory.
[INFO] Found 3428 ROOT files to process.
[PASS] wvfFind_event1144_trackID1_opNum9_merged.root → copied (ms_ch=9)
[PASS] wvfFind_event16205_trackID15_opNum6_merged.root → copied (ms_ch=6)
[PASS] wvfFind_event14587_trackID10_opNum9_merged.root → copied (ms_ch=9)
[PASS] wvfFind_event2645_trackID10_opNum8_merged.root → copied (ms_ch=8)
[PASS] wvfFind_event6652_trackID15_opNum7_merged.root → copied (ms_ch=7)
[PASS] wvfFind_event7133_trackID14_opNum9_merged.root → copied (ms_ch=9)
[PASS] wvfFind_event24173_trackID7_opNum9_merged.root → copied (ms_ch=9)
[PASS] wvfFind_event3960_trackID18_opNum9_merged.root → copied (ms_ch=9)
[PASS] wvfFind_event1915_trackID2_opNum9_merged.root → copied (ms_ch=9)
[PASS] wvfFind_event15203_trackID5_opNum4_merged.root → copied (ms_ch=4)
[PASS] wvfFind_event23990_trackID9_opNum8_merged.root → copied (ms_ch=8)
[PASS] wvfFind_event13611_trackID22_opNum8_merged.root → copied (ms_ch=8)
[PASS] wvfFind_event3641_trackID8_opNum9_merged.root → copied (ms_ch=9)
[PASS] wvfFind_event581_trackID10_opNum9_merged.root → copied (ms_ch=9)
[PASS] wvfFind_event9686_trackID13_opNum9_merged.root → copied (ms_ch=9)
[PASS] wvfFind_event19943_trackID9_opNum9_merged.root → copied (ms_ch=9)
[PASS] wvfFind_event23541_trackID22_opNum4_merged.root → copied (ms_ch=4)
[PASS] wvfFind_event10942_trackID11_opNum4_merged.root → copied (ms_ch=4)
[PASS] wvfFind_event5392_trackID3_opNum5_merged.root → copied (ms_ch=5)
[PASS] wvfFind_event441_trackID5_opNum8_merged.root → copied (ms_ch=8)
[PASS] wvfFind_event22519_trackID5_opNum6_merged.root → copied (ms_ch=6)
[PASS] wvfFind_event4773_trackID7_opNum6_merged.root → copied (ms_ch=6)
[PASS] wvfFind_event7980_trackID22_opNum9_merged.root → copied (ms_ch=9)
[PASS] wvfFind_event7384_trackID3_opNum8_merged.root → copied (ms_ch=8)
[PASS] wvfFind_event3200_trackID5_opNum5_merged.root → copied (ms_ch=5)
[PASS] wvfFind_event4918_trackID7_opNum9_merged.root → copied (ms_ch=9)
[PASS] wvfFind_event3457_trackID16_opNum9_merged.root → copied (ms_ch=9)
[PASS] wvfFind_event11731_trackID13_opNum9_merged.root → copied (ms_ch=9)
[PASS] wvfFind_event7380_trackID26_opNum8_merged.root → copied (ms_ch=8)
[PASS] wvfFind_event4047_trackID14_opNum8_merged.root → copied (ms_ch=8)
[PASS] wvfFind_event7238_trackID8_opNum9_merged.root → copied (ms_ch=9)
[PASS] wvfFind_event18698_trackID13_opNum8_merged.root → copied (ms_ch=8)
[PASS] wvfFind_event12350_trackID25_opNum9_merged.root → copied (ms_ch=9)
[SKIP] wvfFind_event12026_trackID5_opNum1_merged.root (ms_ch=1)
[PASS] wvfFind_event3052_trackID11_opNum6_merged.root → copied (ms_ch=6)
[PASS] wvfFind_event11780_trackID8_opNum9_merged.root → copied (ms_ch=9)
[SKIP] wvfFind_event6943_trackID10_opNum2_merged.root (ms_ch=2)
[PASS] wvfFind_event10513_trackID1_opNum5_merged.root → copied (ms_ch=5)
[PASS] wvfFind_event19550_trackID13_opNum5_merged.root → copied (ms_ch=5)
[PASS] wvfFind_event10012_trackID0_opNum9_merged.root → copied (ms_ch=9)
[SKIP] wvfFind_event10513_trackID24_opNum1_merged.root (ms_ch=1)
[SKIP] wvfFind_event12117_trackID28_opNum2_merged.root (ms_ch=2)
[PASS] wvfFind_event4223_trackID0_opNum9_merged.root → copied (ms_ch=9)
[PASS] wvfFind_event1205_trackID1_opNum9_merged.root → copied (ms_ch=9)
[PASS] wvfFind_event12357_trackID12_opNum9_merged.root → copied (ms_ch=9)
[SKIP] wvfFind_event6828_trackID12_opNum3_merged.root (ms_ch=3)
[PASS] wvfFind_event571_trackID7_opNum9_merged.root → copied (ms_ch=9)
[PASS] wvfFind_event13989_trackID8_opNum9_merged.root → copied (ms_ch=9)
[SKIP] wvfFind_event15460_trackID7_opNum1_merged.root (ms_ch=1)
[PASS] wvfFind_event26_trackID10_opNum9_merged.root → copied (ms_ch=9)
[PASS] wvfFind_event16128_trackID8_opNum9_merged.root → copied (ms_ch=9)
[PASS] wvfFind_event17752_trackID2_opNum9_merged.root → copied (ms_ch=9)
[SKIP] wvfFind_event14016_trackID13_opNum3_merged.root (ms_ch=3)
[PASS] wvfFind_event16217_trackID9_opNum9_merged.root → copied (ms_ch=9)
[PASS] wvfFind_event18264_trackID12_opNum9_merged.root → copied (ms_ch=9)
[PASS] wvfFind_event15949_trackID7_opNum9_merged.root → copied (ms_ch=9)
[PASS] wvfFind_event12375_trackID25_opNum7_merged.root → copied (ms_ch=7)
[PASS] wvfFind_event11531_trackID4_opNum6_merged.root → copied (ms_ch=6)
[PASS] wvfFind_event21730_trackID6_opNum9_merged.root → copied (ms_ch=9)
[PASS] wvfFind_event11304_trackID14_opNum8_merged.root → copied (ms_ch=8)
[SKIP] wvfFind_event4343_trackID7_opNum2.root (ms_ch=2)
[PASS] wvfFind_event15927_trackID7_opNum9_merged.root → copied (ms_ch=9)
[PASS] wvfFind_event8039_trackID12_opNum9_merged.root → copied (ms_ch=9)
[PASS] wvfFind_event4452_trackID14_opNum5_merged.root → copied (ms_ch=5)
[PASS] wvfFind_event21996_trackID8_opNum5_merged.root → copied (ms_ch=5)
[PASS] wvfFind_event21020_trackID0_opNum8_merged.root → copied (ms_ch=8)
[PASS] wvfFind_event5097_trackID1_opNum9_merged.root → copied (ms_ch=9)
[PASS] wvfFind_event17302_trackID5_opNum9_merged.root → copied (ms_ch=9)
[PASS] wvfFind_event12284_trackID8_opNum9_merged.root → copied (ms_ch=9)
[PASS] wvfFind_event5955_trackID13_opNum8_merged.root → copied (ms_ch=8)
[PASS] wvfFind_event15665_trackID7_opNum9_merged.root → copied (ms_ch=9)
[PASS] wvfFind_event13008_trackID14_opNum9_merged.root → copied (ms_ch=9)
[PASS] wvfFind_event3015_trackID6_opNum6_merged.root → copied (ms_ch=6)
[PASS] wvfFind_event21684_trackID10_opNum4_merged.root → copied (ms_ch=4)
[PASS] wvfFind_event18741_trackID29_opNum6_merged.root → copied (ms_ch=6)
[PASS] wvfFind_event510_trackID4_opNum9_merged.root → copied (ms_ch=9)
[PASS] wvfFind_event20564_trackID7_opNum9_merged.root → copied (ms_ch=9)
[PASS] wvfFind_event10433_trackID8_opNum9_merged.root → copied (ms_ch=9)
[PASS] wvfFind_event3417_trackID5_opNum9_merged.root → copied (ms_ch=9)
[PASS] wvfFind_event23677_trackID10_opNum9_merged.root → copied (ms_ch=9)
[PASS] wvfFind_event18683_trackID0_opNum5_merged.root → copied (ms_ch=5)
[PASS] wvfFind_event7320_trackID6_opNum9_merged.root → copied (ms_ch=9)
[PASS] wvfFind_event23700_trackID2_opNum9_merged.root → copied (ms_ch=9)
[PASS] wvfFind_event22130_trackID3_opNum9.root → copied (ms_ch=9)
[PASS] wvfFind_event20118_trackID5_opNum6_merged.root → copied (ms_ch=6)
[PASS] wvfFind_event15111_trackID14_opNum7_merged.root → copied (ms_ch=7)
[PASS] wvfFind_event4560_trackID15_opNum8_merged.root → copied (ms_ch=8)
[PASS] wvfFind_event12170_trackID0_opNum9_merged.root → copied (ms_ch=9)
[PASS] wvfFind_event8175_trackID19_opNum5_merged.root → copied (ms_ch=5)
[PASS] wvfFind_event9565_trackID10_opNum4_merged.root → copied (ms_ch=4)
[PASS] wvfFind_event20132_trackID10_opNum8_merged.root → copied (ms_ch=8)
[PASS] wvfFind_event15606_trackID0_opNum9_merged.root → copied (ms_ch=9)
[SKIP] wvfFind_event9012_trackID1_opNum3_merged.root (ms_ch=3)
[PASS] wvfFind_event1419_trackID1_opNum6_merged.root → copied (ms_ch=6)
[PASS] wvfFind_event375_trackID4_opNum9_merged.root → copied (ms_ch=9)
[PASS] wvfFind_event22350_trackID0_opNum9_merged.root → copied (ms_ch=9)
[PASS] wvfFind_event13273_trackID18_opNum9_merged.root → copied (ms_ch=9)
[PASS] wvfFind_event9651_trackID0_opNum8_merged.root → copied (ms_ch=8)
[PASS] wvfFind_event21193_trackID8_opNum9_merged.root → copied (ms_ch=9)
[PASS] wvfFind_event12155_trackID1_opNum5_merged.root → copied (ms_ch=5)
[PASS] wvfFind_event16782_trackID11_opNum4_merged.root → copied (ms_ch=4)
[PASS] wvfFind_event19303_trackID7_opNum9_merged.root → copied (ms_ch=9)
[PASS] wvfFind_event12482_trackID2_opNum9_merged.root → copied (ms_ch=9)
[SKIP] wvfFind_event2647_trackID8_opNum1_merged.root (ms_ch=1)
[PASS] wvfFind_event2398_trackID6_opNum9_merged.root → copied (ms_ch=9)
[PASS] wvfFind_event15837_trackID28_opNum9_merged.root → copied (ms_ch=9)
[SKIP] wvfFind_event15116_trackID4_opNum3_merged.root (ms_ch=3)
[PASS] wvfFind_event13856_trackID28_opNum7_merged.root → copied (ms_ch=7)
[PASS] wvfFind_event7272_trackID2_opNum9_merged.root → copied (ms_ch=9)
[PASS] wvfFind_event14119_trackID7_opNum5_merged.root → copied (ms_ch=5)
[PASS] wvfFind_event19576_trackID16_opNum8_merged.root → copied (ms_ch=8)
[PASS] wvfFind_event529_trackID8_opNum9_merged.root → copied (ms_ch=9)
[PASS] wvfFind_event19595_trackID11_opNum6_merged.root → copied (ms_ch=6)
[SKIP] wvfFind_event9322_trackID3_opNum3_merged.root (ms_ch=3)
[PASS] wvfFind_event1565_trackID9_opNum9_merged.root → copied (ms_ch=9)
[PASS] wvfFind_event3245_trackID1_opNum5_merged.root → copied (ms_ch=5)
[PASS] wvfFind_event20652_trackID14_opNum5_merged.root → copied (ms_ch=5)
[PASS] wvfFind_event14651_trackID9_opNum9_merged.root → copied (ms_ch=9)
[PASS] wvfFind_event5610_trackID18_opNum4_merged.root → copied (ms_ch=4)
[PASS] wvfFind_event189_trackID3_opNum9_merged.root → copied (ms_ch=9)
[PASS] wvfFind_event21526_trackID34_opNum4.root → copied (ms_ch=4)
[PASS] wvfFind_event17768_trackID10_opNum6_merged.root → copied (ms_ch=6)
[PASS] wvfFind_event3315_trackID17_opNum8_merged.root → copied (ms_ch=8)
[PASS] wvfFind_event4902_trackID15_opNum9_merged.root → copied (ms_ch=9)
[PASS] wvfFind_event1449_trackID23_opNum8_merged.root → copied (ms_ch=8)
[SKIP] wvfFind_event4066_trackID11_opNum1_merged.root (ms_ch=1)
[PASS] wvfFind_event7215_trackID20_opNum8_merged.root → copied (ms_ch=8)
[PASS] wvfFind_event20696_trackID3_opNum9_merged.root → copied (ms_ch=9)
[PASS] wvfFind_event17735_trackID0_opNum9_merged.root → copied (ms_ch=9)
[PASS] wvfFind_event2625_trackID0_opNum5_merged.root → copied (ms_ch=5)
[PASS] wvfFind_event1311_trackID16_opNum6_merged.root → copied (ms_ch=6)
[PASS] wvfFind_event13118_trackID4_opNum9_merged.root → copied (ms_ch=9)
[PASS] wvfFind_event3259_trackID11_opNum4_merged.root → copied (ms_ch=4)
[SKIP] wvfFind_event21505_trackID13_opNum1_merged.root (ms_ch=1)
[PASS] wvfFind_event21905_trackID5_opNum6_merged.root → copied (ms_ch=6)
[SKIP] wvfFind_event2762_trackID3_opNum3.root (ms_ch=3)
[PASS] wvfFind_event1914_trackID21_opNum4_merged.root → copied (ms_ch=4)
[PASS] wvfFind_event14483_trackID21_opNum9_merged.root → copied (ms_ch=9)
[PASS] wvfFind_event21318_trackID6_opNum4_merged.root → copied (ms_ch=4)
[SKIP] wvfFind_event16368_trackID16_opNum3_merged.root (ms_ch=3)
[SKIP] wvfFind_event12852_trackID6_opNum3_merged.root (ms_ch=3)
[PASS] wvfFind_event18378_trackID0_opNum5_merged.root → copied (ms_ch=5)
[PASS] wvfFind_event5018_trackID10_opNum8_merged.root → copied (ms_ch=8)
[PASS] wvfFind_event7128_trackID5_opNum9_merged.root → copied (ms_ch=9)
[PASS] wvfFind_event24415_trackID9_opNum5_merged.root → copied (ms_ch=5)
[PASS] wvfFind_event9909_trackID6_opNum9_merged.root → copied (ms_ch=9)
[PASS] wvfFind_event10504_trackID17_opNum6_merged.root → copied (ms_ch=6)
[PASS] wvfFind_event13932_trackID20_opNum5_merged.root → copied (ms_ch=5)
[PASS] wvfFind_event8741_trackID8_opNum9_merged.root → copied (ms_ch=9)
[PASS] wvfFind_event2853_trackID10_opNum9_merged.root → copied (ms_ch=9)
[PASS] wvfFind_event9985_trackID2_opNum9_merged.root → copied (ms_ch=9)
[PASS] wvfFind_event17695_trackID1_opNum9_merged.root → copied (ms_ch=9)
[PASS] wvfFind_event11455_trackID9_opNum5_merged.root → copied (ms_ch=5)
[PASS] wvfFind_event2623_trackID19_opNum9_merged.root → copied (ms_ch=9)
[PASS] wvfFind_event3074_trackID9_opNum8_merged.root → copied (ms_ch=8)
[SKIP] wvfFind_event4587_trackID6_opNum1_merged.root (ms_ch=1)
[PASS] wvfFind_event2716_trackID28_opNum9_merged.root → copied (ms_ch=9)
[SKIP] wvfFind_event16757_trackID1_opNum3_merged.root (ms_ch=3)
[PASS] wvfFind_event1631_trackID6_opNum5_merged.root → copied (ms_ch=5)
[PASS] wvfFind_event2237_trackID12_opNum9_merged.root → copied (ms_ch=9)
[PASS] wvfFind_event3805_trackID4_opNum6_merged.root → copied (ms_ch=6)
[PASS] wvfFind_event4270_trackID8_opNum5.root → copied (ms_ch=5)
[PASS] wvfFind_event9563_trackID31_opNum9_merged.root → copied (ms_ch=9)
[PASS] wvfFind_event16395_trackID13_opNum9_merged.root → copied (ms_ch=9)
[PASS] wvfFind_event14707_trackID15_opNum7_merged.root → copied (ms_ch=7)
[PASS] wvfFind_event10641_trackID27_opNum9_merged.root → copied (ms_ch=9)
[PASS] wvfFind_event18337_trackID13_opNum9_merged.root → copied (ms_ch=9)
[PASS] wvfFind_event20770_trackID14_opNum9_merged.root → copied (ms_ch=9)
[PASS] wvfFind_event14736_trackID19_opNum9_merged.root → copied (ms_ch=9)
[PASS] wvfFind_event13999_trackID11_opNum9_merged.root → copied (ms_ch=9)
[SKIP] wvfFind_event11914_trackID9_opNum3_merged.root (ms_ch=3)
[PASS] wvfFind_event7334_trackID10_opNum8_merged.root → copied (ms_ch=8)
[PASS] wvfFind_event23163_trackID19_opNum9_merged.root → copied (ms_ch=9)
[PASS] wvfFind_event13633_trackID14_opNum8_merged.root → copied (ms_ch=8)
[PASS] wvfFind_event4744_trackID2_opNum4_merged.root → copied (ms_ch=4)
[PASS] wvfFind_event22018_trackID15_opNum9_merged.root → copied (ms_ch=9)
[PASS] wvfFind_event12531_trackID32_opNum9_merged.root → copied (ms_ch=9)
[PASS] wvfFind_event20896_trackID15_opNum9_merged.root → copied (ms_ch=9)
[PASS] wvfFind_event23435_trackID3_opNum5_merged.root → copied (ms_ch=5)
[PASS] wvfFind_event18877_trackID6_opNum8_merged.root → copied (ms_ch=8)
[PASS] wvfFind_event1137_trackID6_opNum7_merged.root → copied (ms_ch=7)
[SKIP] wvfFind_event3964_trackID8_opNum2_merged.root (ms_ch=2)
[PASS] wvfFind_event19554_trackID14_opNum9_merged.root → copied (ms_ch=9)
[PASS] wvfFind_event20187_trackID4_opNum9_merged.root → copied (ms_ch=9)
[PASS] wvfFind_event18111_trackID23_opNum6_merged.root → copied (ms_ch=6)
[PASS] wvfFind_event6129_trackID10_opNum4_merged.root → copied (ms_ch=4)
[PASS] wvfFind_event3251_trackID13_opNum5_merged.root → copied (ms_ch=5)
[PASS] wvfFind_event24690_trackID26_opNum9_merged.root → copied (ms_ch=9)
[PASS] wvfFind_event9243_trackID10_opNum9_merged.root → copied (ms_ch=9)
[PASS] wvfFind_event4984_trackID15_opNum6_merged.root → copied (ms_ch=6)
[PASS] wvfFind_event18674_trackID14_opNum8_merged.root → copied (ms_ch=8)
[PASS] wvfFind_event5374_trackID8_opNum8_merged.root → copied (ms_ch=8)
[SKIP] wvfFind_event9151_trackID6_opNum2.root (ms_ch=2)
[PASS] wvfFind_event16815_trackID9_opNum5_merged.root → copied (ms_ch=5)
[PASS] wvfFind_event21665_trackID5_opNum5_merged.root → copied (ms_ch=5)
[PASS] wvfFind_event3084_trackID5_opNum8_merged.root → copied (ms_ch=8)
[PASS] wvfFind_event5807_trackID6_opNum5_merged.root → copied (ms_ch=5)
[PASS] wvfFind_event16105_trackID0_opNum9_merged.root → copied (ms_ch=9)
[PASS] wvfFind_event5475_trackID4_opNum5_merged.root → copied (ms_ch=5)
[SKIP] wvfFind_event517_trackID19_opNum1_merged.root (ms_ch=1)
[PASS] wvfFind_event439_trackID8_opNum8_merged.root → copied (ms_ch=8)
[PASS] wvfFind_event16757_trackID9_opNum5_merged.root → copied (ms_ch=5)
[PASS] wvfFind_event17049_trackID2_opNum8_merged.root → copied (ms_ch=8)
[PASS] wvfFind_event4131_trackID9_opNum9_merged.root → copied (ms_ch=9)
[PASS] wvfFind_event15542_trackID3_opNum5_merged.root → copied (ms_ch=5)
[SKIP] wvfFind_event583_trackID6_opNum1_merged.root (ms_ch=1)
[SKIP] wvfFind_event4339_trackID3_opNum1_merged.root (ms_ch=1)
[PASS] wvfFind_event21712_trackID7_opNum4_merged.root → copied (ms_ch=4)
[SKIP] wvfFind_event3295_trackID28_opNum2_2.root (ms_ch=2)
[PASS] wvfFind_event5412_trackID0_opNum6_merged.root → copied (ms_ch=6)
[PASS] wvfFind_event24136_trackID28_opNum4_merged.root → copied (ms_ch=4)
[PASS] wvfFind_event20971_trackID7_opNum9_merged.root → copied (ms_ch=9)
[PASS] wvfFind_event4597_trackID12_opNum8_merged.root → copied (ms_ch=8)
[SKIP] wvfFind_event16562_trackID22_opNum3_merged.root (ms_ch=3)
[PASS] wvfFind_event16792_trackID5_opNum9_merged.root → copied (ms_ch=9)
[PASS] wvfFind_event18842_trackID15_opNum6_merged.root → copied (ms_ch=6)
[PASS] wvfFind_event1573_trackID9_opNum9_merged.root → copied (ms_ch=9)
[PASS] wvfFind_event7041_trackID4_opNum9_merged.root → copied (ms_ch=9)
[PASS] wvfFind_event4291_trackID5_opNum8_merged.root → copied (ms_ch=8)
[PASS] wvfFind_event10617_trackID16_opNum9_merged.root → copied (ms_ch=9)
[SKIP] wvfFind_event23596_trackID14_opNum2_merged.root (ms_ch=2)
[PASS] wvfFind_event2102_trackID2_opNum8_merged.root → copied (ms_ch=8)
[PASS] wvfFind_event6998_trackID8_opNum5_merged.root → copied (ms_ch=5)
[PASS] wvfFind_event14030_trackID1_opNum9_merged.root → copied (ms_ch=9)
[PASS] wvfFind_event18229_trackID6_opNum9_merged.root → copied (ms_ch=9)
[SKIP] wvfFind_event20322_trackID2_opNum3_merged.root (ms_ch=3)
[PASS] wvfFind_event9698_trackID26_opNum9_merged.root → copied (ms_ch=9)
[PASS] wvfFind_event5628_trackID25_opNum9_merged.root → copied (ms_ch=9)
[PASS] wvfFind_event17156_trackID11_opNum6_merged.root → copied (ms_ch=6)
[PASS] wvfFind_event5035_trackID30_opNum5_merged.root → copied (ms_ch=5)
[PASS] wvfFind_event3998_trackID13_opNum9_merged.root → copied (ms_ch=9)
[SKIP] wvfFind_event9370_trackID21_opNum3_merged.root (ms_ch=3)
[PASS] wvfFind_event9349_trackID8_opNum9_merged.root → copied (ms_ch=9)
[PASS] wvfFind_event6908_trackID1_opNum9_merged.root → copied (ms_ch=9)
[PASS] wvfFind_event4158_trackID8_opNum6_merged.root → copied (ms_ch=6)
[PASS] wvfFind_event7053_trackID1_opNum9_merged.root → copied (ms_ch=9)
[SKIP] wvfFind_event3981_trackID15_opNum1_merged.root (ms_ch=1)
[PASS] wvfFind_event8295_trackID9_opNum9_merged.root → copied (ms_ch=9)
[PASS] wvfFind_event8129_trackID2_opNum9_merged.root → copied (ms_ch=9)
[PASS] wvfFind_event17755_trackID6_opNum9_merged.root → copied (ms_ch=9)
[PASS] wvfFind_event23914_trackID0_opNum5_merged.root → copied (ms_ch=5)
[PASS] wvfFind_event14969_trackID15_opNum9_merged.root → copied (ms_ch=9)
[PASS] wvfFind_event11089_trackID9_opNum9_merged.root → copied (ms_ch=9)
[PASS] wvfFind_event15518_trackID6_opNum9_merged.root → copied (ms_ch=9)
[PASS] wvfFind_event17399_trackID4_opNum9_merged.root → copied (ms_ch=9)
[PASS] wvfFind_event13929_trackID29_opNum4_merged.root → copied (ms_ch=4)
[PASS] wvfFind_event23578_trackID10_opNum5_merged.root → copied (ms_ch=5)
[PASS] wvfFind_event14289_trackID22_opNum4_merged.root → copied (ms_ch=4)
[PASS] wvfFind_event20607_trackID11_opNum8_merged.root → copied (ms_ch=8)
[PASS] wvfFind_event20990_trackID16_opNum9_merged.root → copied (ms_ch=9)
[PASS] wvfFind_event6955_trackID12_opNum5_merged.root → copied (ms_ch=5)
[PASS] wvfFind_event22097_trackID7_opNum9_merged.root → copied (ms_ch=9)
[PASS] wvfFind_event1833_trackID10_opNum9_merged.root → copied (ms_ch=9)
[PASS] wvfFind_event9679_trackID12_opNum9_merged.root → copied (ms_ch=9)
[PASS] wvfFind_event6461_trackID1_opNum9_merged.root → copied (ms_ch=9)
[SKIP] wvfFind_event21103_trackID12_opNum1_merged.root (ms_ch=1)
[PASS] wvfFind_event9880_trackID4_opNum5_merged.root → copied (ms_ch=5)
[PASS] wvfFind_event23890_trackID1_opNum8_merged.root → copied (ms_ch=8)
[PASS] wvfFind_event24433_trackID0_opNum4.root → copied (ms_ch=4)
[PASS] wvfFind_event16989_trackID10_opNum8_merged.root → copied (ms_ch=8)
[SKIP] wvfFind_event8838_trackID22_opNum3_merged.root (ms_ch=3)
[PASS] wvfFind_event6930_trackID5_opNum9_merged.root → copied (ms_ch=9)
[PASS] wvfFind_event11328_trackID9_opNum9_merged.root → copied (ms_ch=9)
[PASS] wvfFind_event16386_trackID4_opNum4_merged.root → copied (ms_ch=4)
[PASS] wvfFind_event17663_trackID25_opNum9_merged.root → copied (ms_ch=9)
[PASS] wvfFind_event80_trackID21_opNum9_merged.root → copied (ms_ch=9)
[PASS] wvfFind_event24367_trackID7_opNum9_merged.root → copied (ms_ch=9)
[PASS] wvfFind_event8853_trackID27_opNum9_merged.root → copied (ms_ch=9)
[PASS] wvfFind_event20686_trackID1_opNum5_merged.root → copied (ms_ch=5)
[SKIP] wvfFind_event24293_trackID16_opNum1_merged.root (ms_ch=1)
[PASS] wvfFind_event7823_trackID4_opNum7_merged.root → copied (ms_ch=7)
[SKIP] wvfFind_event15901_trackID11_opNum3_merged.root (ms_ch=3)
[PASS] wvfFind_event11614_trackID13_opNum8_merged.root → copied (ms_ch=8)
[PASS] wvfFind_event21803_trackID17_opNum5_merged.root → copied (ms_ch=5)
[PASS] wvfFind_event9761_trackID7_opNum6_merged.root → copied (ms_ch=6)
[PASS] wvfFind_event14501_trackID15_opNum9_merged.root → copied (ms_ch=9)
[PASS] wvfFind_event6702_trackID12_opNum8_merged.root → copied (ms_ch=8)
[SKIP] wvfFind_event7135_trackID5_opNum3_merged.root (ms_ch=3)
[PASS] wvfFind_event13114_trackID6_opNum9_merged.root → copied (ms_ch=9)
[PASS] wvfFind_event7477_trackID18_opNum6_merged.root → copied (ms_ch=6)
[PASS] wvfFind_event4684_trackID8_opNum4_merged.root → copied (ms_ch=4)
[PASS] wvfFind_event20002_trackID0_opNum4_merged.root → copied (ms_ch=4)
[PASS] wvfFind_event11064_trackID18_opNum7_merged.root → copied (ms_ch=7)
[PASS] wvfFind_event12565_trackID12_opNum5_merged.root → copied (ms_ch=5)
[PASS] wvfFind_event944_trackID1_opNum5.root → copied (ms_ch=5)
[PASS] wvfFind_event18772_trackID2_opNum9_merged.root → copied (ms_ch=9)
[PASS] wvfFind_event2915_trackID4_opNum8_merged.root → copied (ms_ch=8)
[PASS] wvfFind_event20728_trackID8_opNum9_merged.root → copied (ms_ch=9)
[PASS] wvfFind_event15911_trackID0_opNum6_merged.root → copied (ms_ch=6)
[PASS] wvfFind_event17306_trackID9_opNum8_merged.root → copied (ms_ch=8)
[PASS] wvfFind_event13185_trackID9_opNum9_merged.root → copied (ms_ch=9)
[SKIP] wvfFind_event6016_trackID30_opNum2_merged.root (ms_ch=2)
[PASS] wvfFind_event18888_trackID12_opNum4_merged.root → copied (ms_ch=4)
[PASS] wvfFind_event14829_trackID8_opNum8_merged.root → copied (ms_ch=8)
[PASS] wvfFind_event2457_trackID9_opNum9_merged.root → copied (ms_ch=9)
[PASS] wvfFind_event24445_trackID15_opNum6_merged.root → copied (ms_ch=6)
[PASS] wvfFind_event13398_trackID8_opNum5_merged.root → copied (ms_ch=5)
[PASS] wvfFind_event21398_trackID7_opNum9_merged.root → copied (ms_ch=9)
[PASS] wvfFind_event13548_trackID14_opNum9_merged.root → copied (ms_ch=9)
[PASS] wvfFind_event1992_trackID22_opNum7_merged.root → copied (ms_ch=7)
[PASS] wvfFind_event14967_trackID18_opNum9_merged.root → copied (ms_ch=9)
[PASS] wvfFind_event7072_trackID12_opNum9_merged.root → copied (ms_ch=9)
[PASS] wvfFind_event3474_trackID11_opNum9_merged.root → copied (ms_ch=9)
[PASS] wvfFind_event20711_trackID9_opNum9_merged.root → copied (ms_ch=9)
[PASS] wvfFind_event15628_trackID9_opNum9_merged.root → copied (ms_ch=9)
[SKIP] wvfFind_event19222_trackID11_opNum3.root (ms_ch=3)
[PASS] wvfFind_event6838_trackID18_opNum8_merged.root → copied (ms_ch=8)
[SKIP] wvfFind_event1183_trackID3_opNum1_merged.root (ms_ch=1)
[PASS] wvfFind_event21703_trackID4_opNum9_merged.root → copied (ms_ch=9)
[SKIP] wvfFind_event16777_trackID9_opNum2.root (ms_ch=2)
[PASS] wvfFind_event13560_trackID16_opNum9_merged.root → copied (ms_ch=9)
[PASS] wvfFind_event3493_trackID6_opNum9_merged.root → copied (ms_ch=9)
[SKIP] wvfFind_event11282_trackID22_opNum2_merged.root (ms_ch=2)
[PASS] wvfFind_event16051_trackID0_opNum6_merged.root → copied (ms_ch=6)
[PASS] wvfFind_event16898_trackID14_opNum7_merged.root → copied (ms_ch=7)
[PASS] wvfFind_event9944_trackID16_opNum8_merged.root → copied (ms_ch=8)
[PASS] wvfFind_event4815_trackID8_opNum9_merged.root → copied (ms_ch=9)
[PASS] wvfFind_event13686_trackID6_opNum9_merged.root → copied (ms_ch=9)
[SKIP] wvfFind_event77_trackID22_opNum1_merged.root (ms_ch=1)
[SKIP] wvfFind_event9188_trackID10_opNum3_merged.root (ms_ch=3)
[PASS] wvfFind_event13176_trackID27_opNum6_merged.root → copied (ms_ch=6)
[PASS] wvfFind_event17669_trackID2_opNum9_merged.root → copied (ms_ch=9)
[PASS] wvfFind_event24225_trackID13_opNum6_merged.root → copied (ms_ch=6)
[PASS] wvfFind_event6319_trackID15_opNum8_merged.root → copied (ms_ch=8)
[PASS] wvfFind_event14462_trackID18_opNum9_merged.root → copied (ms_ch=9)
[PASS] wvfFind_event13466_trackID11_opNum8_merged.root → copied (ms_ch=8)
[PASS] wvfFind_event10384_trackID10_opNum7_merged.root → copied (ms_ch=7)
[SKIP] wvfFind_event11641_trackID11_opNum1_merged.root (ms_ch=1)
[PASS] wvfFind_event14703_trackID9_opNum9.root → copied (ms_ch=9)
[PASS] wvfFind_event8358_trackID12_opNum6_merged.root → copied (ms_ch=6)
[PASS] wvfFind_event157_trackID6_opNum9_merged.root → copied (ms_ch=9)
[PASS] wvfFind_event10498_trackID10_opNum5_merged.root → copied (ms_ch=5)
[PASS] wvfFind_event20699_trackID13_opNum9_merged.root → copied (ms_ch=9)
[PASS] wvfFind_event3542_trackID8_opNum9_merged.root → copied (ms_ch=9)
[PASS] wvfFind_event4325_trackID28_opNum5_merged.root → copied (ms_ch=5)
[PASS] wvfFind_event18083_trackID5_opNum9_merged.root → copied (ms_ch=9)
[PASS] wvfFind_event434_trackID6_opNum9_merged.root → copied (ms_ch=9)
[PASS] wvfFind_event18287_trackID1_opNum6_merged.root → copied (ms_ch=6)
[PASS] wvfFind_event9750_trackID4_opNum9_merged.root → copied (ms_ch=9)
[PASS] wvfFind_event962_trackID23_opNum6_merged.root → copied (ms_ch=6)
[PASS] wvfFind_event16693_trackID17_opNum9_merged.root → copied (ms_ch=9)
[SKIP] wvfFind_event16375_trackID8_opNum3_merged.root (ms_ch=3)
[PASS] wvfFind_event1478_trackID7_opNum9_merged.root → copied (ms_ch=9)
[PASS] wvfFind_event17895_trackID18_opNum7_merged.root → copied (ms_ch=7)
[PASS] wvfFind_event7204_trackID28_opNum6_merged.root → copied (ms_ch=6)
[PASS] wvfFind_event18774_trackID12_opNum4_merged.root → copied (ms_ch=4)
[PASS] wvfFind_event3997_trackID7_opNum9_merged.root → copied (ms_ch=9)
[PASS] wvfFind_event6096_trackID12_opNum5_merged.root → copied (ms_ch=5)
[PASS] wvfFind_event14795_trackID6_opNum9_merged.root → copied (ms_ch=9)
[PASS] wvfFind_event8182_trackID0_opNum9_merged.root → copied (ms_ch=9)
[PASS] wvfFind_event1529_trackID25_opNum7_merged.root → copied (ms_ch=7)
[PASS] wvfFind_event16774_trackID13_opNum5_merged.root → copied (ms_ch=5)
[PASS] wvfFind_event4852_trackID8_opNum9_merged.root → copied (ms_ch=9)
[PASS] wvfFind_event13289_trackID20_opNum7_merged.root → copied (ms_ch=7)
[PASS] wvfFind_event6293_trackID13_opNum9_merged.root → copied (ms_ch=9)
[PASS] wvfFind_event7467_trackID18_opNum9_merged.root → copied (ms_ch=9)
[SKIP] wvfFind_event2410_trackID23_opNum2_merged.root (ms_ch=2)
[PASS] wvfFind_event8276_trackID22_opNum8_merged.root → copied (ms_ch=8)
[PASS] wvfFind_event11012_trackID6_opNum5_merged.root → copied (ms_ch=5)
[PASS] wvfFind_event24972_trackID10_opNum5_merged.root → copied (ms_ch=5)
[PASS] wvfFind_event6914_trackID12_opNum9_merged.root → copied (ms_ch=9)
[SKIP] wvfFind_event5054_trackID6_opNum1_merged.root (ms_ch=1)
[SKIP] wvfFind_event2907_trackID14_opNum2_merged.root (ms_ch=2)
[SKIP] wvfFind_event15124_trackID18_opNum1_merged.root (ms_ch=1)
[PASS] wvfFind_event21555_trackID13_opNum5_merged.root → copied (ms_ch=5)
[PASS] wvfFind_event9409_trackID12_opNum8_merged.root → copied (ms_ch=8)
[PASS] wvfFind_event14119_trackID11_opNum9_merged.root → copied (ms_ch=9)
[PASS] wvfFind_event12454_trackID9_opNum8_merged.root → copied (ms_ch=8)
[PASS] wvfFind_event2839_trackID0_opNum6_merged.root → copied (ms_ch=6)
[PASS] wvfFind_event18630_trackID1_opNum6.root → copied (ms_ch=6)
[PASS] wvfFind_event17339_trackID19_opNum9_merged.root → copied (ms_ch=9)
[PASS] wvfFind_event21914_trackID0_opNum8_merged.root → copied (ms_ch=8)
[PASS] wvfFind_event9132_trackID9_opNum8_merged.root → copied (ms_ch=8)
[PASS] wvfFind_event24249_trackID11_opNum5_merged.root → copied (ms_ch=5)
[PASS] wvfFind_event5247_trackID18_opNum9_merged.root → copied (ms_ch=9)
[PASS] wvfFind_event21454_trackID29_opNum9_merged.root → copied (ms_ch=9)
[PASS] wvfFind_event9050_trackID11_opNum9_merged.root → copied (ms_ch=9)
[PASS] wvfFind_event14935_trackID10_opNum9_merged.root → copied (ms_ch=9)
[PASS] wvfFind_event4676_trackID6_opNum7_merged.root → copied (ms_ch=7)
[SKIP] wvfFind_event22358_trackID8_opNum3.root (ms_ch=3)
[PASS] wvfFind_event5579_trackID0_opNum9_merged.root → copied (ms_ch=9)
[PASS] wvfFind_event21742_trackID5_opNum9_merged.root → copied (ms_ch=9)
[PASS] wvfFind_event7760_trackID20_opNum9_merged.root → copied (ms_ch=9)
[PASS] wvfFind_event7215_trackID5_opNum6_merged.root → copied (ms_ch=6)
[PASS] wvfFind_event23431_trackID5_opNum9_merged.root → copied (ms_ch=9)
[PASS] wvfFind_event15538_trackID9_opNum9_merged.root → copied (ms_ch=9)
[PASS] wvfFind_event22544_trackID22_opNum9_merged.root → copied (ms_ch=9)
[PASS] wvfFind_event6086_trackID20_opNum8_merged.root → copied (ms_ch=8)
[PASS] wvfFind_event6063_trackID3_opNum8_merged.root → copied (ms_ch=8)
[PASS] wvfFind_event6697_trackID14_opNum8_merged.root → copied (ms_ch=8)
[PASS] wvfFind_event15180_trackID13_opNum7_merged.root → copied (ms_ch=7)
[PASS] wvfFind_event11599_trackID11_opNum8_merged.root → copied (ms_ch=8)
[PASS] wvfFind_event19719_trackID21_opNum5_merged.root → copied (ms_ch=5)
[PASS] wvfFind_event14252_trackID2_opNum6_merged.root → copied (ms_ch=6)
[PASS] wvfFind_event12390_trackID9_opNum9_merged.root → copied (ms_ch=9)
[PASS] wvfFind_event3443_trackID8_opNum9_merged.root → copied (ms_ch=9)
[PASS] wvfFind_event22543_trackID15_opNum9_merged.root → copied (ms_ch=9)
[PASS] wvfFind_event20190_trackID1_opNum9_merged.root → copied (ms_ch=9)
[PASS] wvfFind_event6684_trackID2_opNum4_merged.root → copied (ms_ch=4)
[PASS] wvfFind_event7863_trackID32_opNum5_merged.root → copied (ms_ch=5)
[PASS] wvfFind_event21699_trackID0_opNum6_merged.root → copied (ms_ch=6)
[PASS] wvfFind_event2742_trackID15_opNum5_merged.root → copied (ms_ch=5)
[PASS] wvfFind_event22098_trackID5_opNum7_merged.root → copied (ms_ch=7)
[PASS] wvfFind_event4471_trackID0_opNum4_merged.root → copied (ms_ch=4)
[PASS] wvfFind_event3591_trackID4_opNum5_merged.root → copied (ms_ch=5)
[PASS] wvfFind_event1458_trackID8_opNum9_merged.root → copied (ms_ch=9)
[PASS] wvfFind_event4436_trackID7_opNum9_merged.root → copied (ms_ch=9)
[PASS] wvfFind_event24986_trackID20_opNum4_merged.root → copied (ms_ch=4)
[PASS] wvfFind_event15551_trackID23_opNum5_merged.root → copied (ms_ch=5)
[PASS] wvfFind_event21519_trackID10_opNum9_merged.root → copied (ms_ch=9)
[PASS] wvfFind_event20127_trackID14_opNum9_merged.root → copied (ms_ch=9)
[PASS] wvfFind_event8576_trackID12_opNum7_merged.root → copied (ms_ch=7)
[PASS] wvfFind_event18848_trackID2_opNum9_merged.root → copied (ms_ch=9)
[PASS] wvfFind_event23710_trackID7_opNum8_merged.root → copied (ms_ch=8)
[PASS] wvfFind_event24668_trackID10_opNum9_merged.root → copied (ms_ch=9)
[PASS] wvfFind_event15769_trackID20_opNum9_merged.root → copied (ms_ch=9)
[PASS] wvfFind_event2439_trackID22_opNum9_merged.root → copied (ms_ch=9)
[PASS] wvfFind_event10259_trackID13_opNum9_merged.root → copied (ms_ch=9)
[PASS] wvfFind_event15583_trackID16_opNum9_merged.root → copied (ms_ch=9)
[PASS] wvfFind_event12430_trackID16_opNum9_merged.root → copied (ms_ch=9)
[PASS] wvfFind_event11535_trackID4_opNum9_merged.root → copied (ms_ch=9)
[PASS] wvfFind_event9653_trackID15_opNum4_merged.root → copied (ms_ch=4)
[PASS] wvfFind_event807_trackID14_opNum8_merged.root → copied (ms_ch=8)
[PASS] wvfFind_event10192_trackID18_opNum9_merged.root → copied (ms_ch=9)
[PASS] wvfFind_event17169_trackID4_opNum6_merged.root → copied (ms_ch=6)
[PASS] wvfFind_event20736_trackID14_opNum8_merged.root → copied (ms_ch=8)
[SKIP] wvfFind_event9299_trackID7_opNum1_merged.root (ms_ch=1)
[PASS] wvfFind_event5515_trackID18_opNum9_merged.root → copied (ms_ch=9)
[PASS] wvfFind_event7177_trackID16_opNum8_merged.root → copied (ms_ch=8)
[PASS] wvfFind_event5380_trackID5_opNum9_merged.root → copied (ms_ch=9)
[PASS] wvfFind_event21470_trackID3_opNum9_merged.root → copied (ms_ch=9)
[PASS] wvfFind_event9804_trackID4_opNum9_merged.root → copied (ms_ch=9)
[PASS] wvfFind_event6384_trackID19_opNum9_merged.root → copied (ms_ch=9)
[PASS] wvfFind_event24657_trackID3_opNum9_merged.root → copied (ms_ch=9)
[SKIP] wvfFind_event5654_trackID12_opNum3_merged.root (ms_ch=3)
[PASS] wvfFind_event20358_trackID0_opNum9_merged.root → copied (ms_ch=9)
[PASS] wvfFind_event16351_trackID18_opNum5_merged.root → copied (ms_ch=5)
[PASS] wvfFind_event11230_trackID13_opNum5_merged.root → copied (ms_ch=5)
[PASS] wvfFind_event14791_trackID29_opNum9_merged.root → copied (ms_ch=9)
[PASS] wvfFind_event13707_trackID9_opNum8_merged.root → copied (ms_ch=8)
[PASS] wvfFind_event1127_trackID10_opNum5_merged.root → copied (ms_ch=5)
[PASS] wvfFind_event8072_trackID11_opNum8_merged.root → copied (ms_ch=8)
[PASS] wvfFind_event13148_trackID6_opNum4_merged.root → copied (ms_ch=4)
[SKIP] wvfFind_event13649_trackID15_opNum2_merged.root (ms_ch=2)
[PASS] wvfFind_event1350_trackID15_opNum6_merged.root → copied (ms_ch=6)
[PASS] wvfFind_event14178_trackID7_opNum9_merged.root → copied (ms_ch=9)
[PASS] wvfFind_event730_trackID11_opNum6_merged.root → copied (ms_ch=6)
[PASS] wvfFind_event887_trackID0_opNum5_merged.root → copied (ms_ch=5)
[SKIP] wvfFind_event15071_trackID24_opNum2_merged.root (ms_ch=2)
[PASS] wvfFind_event2606_trackID11_opNum8_merged.root → copied (ms_ch=8)
[PASS] wvfFind_event9262_trackID4_opNum9_merged.root → copied (ms_ch=9)
[PASS] wvfFind_event6984_trackID17_opNum5_merged.root → copied (ms_ch=5)
[PASS] wvfFind_event2151_trackID5_opNum4_merged.root → copied (ms_ch=4)
[PASS] wvfFind_event22199_trackID9_opNum9_merged.root → copied (ms_ch=9)
[PASS] wvfFind_event5288_trackID12_opNum8_merged.root → copied (ms_ch=8)
[PASS] wvfFind_event1562_trackID20_opNum9_merged.root → copied (ms_ch=9)
[PASS] wvfFind_event21127_trackID20_opNum6_merged.root → copied (ms_ch=6)
[PASS] wvfFind_event10329_trackID12_opNum8_merged.root → copied (ms_ch=8)
[SKIP] wvfFind_event6853_trackID2_opNum3_merged.root (ms_ch=3)
[PASS] wvfFind_event12207_trackID23_opNum9_merged.root → copied (ms_ch=9)
[SKIP] wvfFind_event19133_trackID7_opNum1_merged.root (ms_ch=1)
[PASS] wvfFind_event4427_trackID4_opNum5.root → copied (ms_ch=5)
[PASS] wvfFind_event8262_trackID2_opNum9_merged.root → copied (ms_ch=9)
[SKIP] wvfFind_event14282_trackID1_opNum3_merged.root (ms_ch=3)
[PASS] wvfFind_event24056_trackID12_opNum9_merged.root → copied (ms_ch=9)
[PASS] wvfFind_event7530_trackID22_opNum7_merged.root → copied (ms_ch=7)
[PASS] wvfFind_event15590_trackID4_opNum9_merged.root → copied (ms_ch=9)
[SKIP] wvfFind_event17171_trackID6_opNum2_merged.root (ms_ch=2)
[PASS] wvfFind_event6808_trackID23_opNum9_merged.root → copied (ms_ch=9)
[PASS] wvfFind_event7119_trackID0_opNum9_merged.root → copied (ms_ch=9)
[PASS] wvfFind_event1447_trackID4_opNum9_merged.root → copied (ms_ch=9)
[SKIP] wvfFind_event15831_trackID3_opNum2_merged.root (ms_ch=2)
[PASS] wvfFind_event12007_trackID8_opNum9_merged.root → copied (ms_ch=9)
[PASS] wvfFind_event15253_trackID14_opNum9_merged.root → copied (ms_ch=9)
[PASS] wvfFind_event5484_trackID24_opNum9_merged.root → copied (ms_ch=9)
[PASS] wvfFind_event18989_trackID3_opNum9_merged.root → copied (ms_ch=9)
[PASS] wvfFind_event13462_trackID12_opNum9_merged.root → copied (ms_ch=9)
[PASS] wvfFind_event3035_trackID12_opNum8_merged.root → copied (ms_ch=8)
[PASS] wvfFind_event9169_trackID7_opNum4_merged.root → copied (ms_ch=4)
[SKIP] wvfFind_event2616_trackID9_opNum3_merged.root (ms_ch=3)
[PASS] wvfFind_event2763_trackID0_opNum9_merged.root → copied (ms_ch=9)
[SKIP] wvfFind_event8321_trackID4_opNum3_merged.root (ms_ch=3)
[PASS] wvfFind_event9938_trackID4_opNum4_merged.root → copied (ms_ch=4)
[PASS] wvfFind_event5006_trackID9_opNum8_merged.root → copied (ms_ch=8)
[PASS] wvfFind_event7468_trackID5_opNum9_merged.root → copied (ms_ch=9)
[PASS] wvfFind_event4075_trackID10_opNum9_merged.root → copied (ms_ch=9)
[PASS] wvfFind_event20215_trackID5_opNum9_merged.root → copied (ms_ch=9)
[PASS] wvfFind_event5118_trackID7_opNum6_merged.root → copied (ms_ch=6)
[PASS] wvfFind_event1192_trackID16_opNum7_merged.root → copied (ms_ch=7)
[PASS] wvfFind_event7063_trackID11_opNum8_merged.root → copied (ms_ch=8)
[PASS] wvfFind_event21258_trackID25_opNum9_merged.root → copied (ms_ch=9)
[PASS] wvfFind_event7534_trackID3_opNum8_merged.root → copied (ms_ch=8)
[PASS] wvfFind_event10514_trackID0_opNum6_merged.root → copied (ms_ch=6)
[PASS] wvfFind_event6697_trackID5_opNum5_merged.root → copied (ms_ch=5)
[PASS] wvfFind_event3961_trackID4_opNum9_merged.root → copied (ms_ch=9)
[SKIP] wvfFind_event23397_trackID2_opNum2_merged.root (ms_ch=2)
[PASS] wvfFind_event4030_trackID17_opNum9_merged.root → copied (ms_ch=9)
[PASS] wvfFind_event7336_trackID15_opNum9_merged.root → copied (ms_ch=9)
[PASS] wvfFind_event7001_trackID3_opNum9_merged.root → copied (ms_ch=9)
[PASS] wvfFind_event5777_trackID5_opNum6.root → copied (ms_ch=6)
[SKIP] wvfFind_event20481_trackID6_opNum2.root (ms_ch=2)
[PASS] wvfFind_event16629_trackID9_opNum8_merged.root → copied (ms_ch=8)
[PASS] wvfFind_event8859_trackID10_opNum9_merged.root → copied (ms_ch=9)
[PASS] wvfFind_event4042_trackID13_opNum6_merged.root → copied (ms_ch=6)
[PASS] wvfFind_event14755_trackID7_opNum9_merged.root → copied (ms_ch=9)
[SKIP] wvfFind_event391_trackID14_opNum2_merged.root (ms_ch=2)
[PASS] wvfFind_event3712_trackID7_opNum9_merged.root → copied (ms_ch=9)
[PASS] wvfFind_event20527_trackID23_opNum5_merged.root → copied (ms_ch=5)
[SKIP] wvfFind_event8916_trackID22_opNum1_merged.root (ms_ch=1)
[PASS] wvfFind_event23573_trackID4_opNum4_merged.root → copied (ms_ch=4)
[PASS] wvfFind_event21258_trackID6_opNum6_merged.root → copied (ms_ch=6)
[PASS] wvfFind_event12356_trackID9_opNum9_merged.root → copied (ms_ch=9)
[PASS] wvfFind_event6089_trackID22_opNum8_merged.root → copied (ms_ch=8)
[PASS] wvfFind_event15222_trackID26_opNum9_merged.root → copied (ms_ch=9)
[PASS] wvfFind_event20223_trackID15_opNum8_merged.root → copied (ms_ch=8)
[PASS] wvfFind_event3443_trackID10_opNum8_merged.root → copied (ms_ch=8)
[PASS] wvfFind_event17663_trackID6_opNum8_merged.root → copied (ms_ch=8)
[PASS] wvfFind_event19598_trackID3_opNum9_merged.root → copied (ms_ch=9)
[PASS] wvfFind_event6446_trackID21_opNum9_merged.root → copied (ms_ch=9)
[PASS] wvfFind_event8848_trackID11_opNum6_merged.root → copied (ms_ch=6)
[PASS] wvfFind_event14465_trackID5_opNum9_merged.root → copied (ms_ch=9)
[PASS] wvfFind_event20821_trackID30_opNum5_merged.root → copied (ms_ch=5)
[PASS] wvfFind_event17214_trackID9_opNum4_merged.root → copied (ms_ch=4)
[PASS] wvfFind_event1640_trackID14_opNum9_merged.root → copied (ms_ch=9)
[PASS] wvfFind_event8650_trackID23_opNum5_merged.root → copied (ms_ch=5)
[PASS] wvfFind_event23601_trackID9_opNum6_merged.root → copied (ms_ch=6)
[PASS] wvfFind_event24321_trackID15_opNum7_merged.root → copied (ms_ch=7)
[PASS] wvfFind_event15633_trackID0_opNum9_merged.root → copied (ms_ch=9)
[PASS] wvfFind_event21448_trackID10_opNum9_merged.root → copied (ms_ch=9)
[PASS] wvfFind_event6068_trackID12_opNum9_merged.root → copied (ms_ch=9)
[PASS] wvfFind_event7980_trackID11_opNum9_merged.root → copied (ms_ch=9)
[PASS] wvfFind_event11484_trackID21_opNum8_merged.root → copied (ms_ch=8)
[PASS] wvfFind_event7109_trackID12_opNum9_merged.root → copied (ms_ch=9)
[PASS] wvfFind_event16646_trackID29_opNum7_merged.root → copied (ms_ch=7)
[PASS] wvfFind_event16941_trackID6_opNum4_merged.root → copied (ms_ch=4)
[SKIP] wvfFind_event9104_trackID7_opNum3_merged.root (ms_ch=3)
[PASS] wvfFind_event15811_trackID19_opNum9_merged.root → copied (ms_ch=9)
[PASS] wvfFind_event7476_trackID11_opNum5_merged.root → copied (ms_ch=5)
[SKIP] wvfFind_event6047_trackID5_opNum3_merged.root (ms_ch=3)
[PASS] wvfFind_event843_trackID9_opNum5_merged.root → copied (ms_ch=5)
[PASS] wvfFind_event5319_trackID19_opNum9_merged.root → copied (ms_ch=9)
[PASS] wvfFind_event22254_trackID3_opNum9_merged.root → copied (ms_ch=9)
[PASS] wvfFind_event21942_trackID3_opNum9_merged.root → copied (ms_ch=9)
[PASS] wvfFind_event20019_trackID3_opNum9_merged.root → copied (ms_ch=9)
[PASS] wvfFind_event2761_trackID4_opNum9_merged.root → copied (ms_ch=9)
[PASS] wvfFind_event1426_trackID7_opNum9_merged.root → copied (ms_ch=9)
[PASS] wvfFind_event6666_trackID8_opNum4_merged.root → copied (ms_ch=4)
[PASS] wvfFind_event4576_trackID8_opNum9_merged.root → copied (ms_ch=9)
[PASS] wvfFind_event10576_trackID7_opNum9_merged.root → copied (ms_ch=9)
[PASS] wvfFind_event10682_trackID2_opNum9_merged.root → copied (ms_ch=9)
[PASS] wvfFind_event2478_trackID8_opNum9.root → copied (ms_ch=9)
[PASS] wvfFind_event8579_trackID11_opNum9_merged.root → copied (ms_ch=9)
[PASS] wvfFind_event10986_trackID9_opNum5_merged.root → copied (ms_ch=5)
[PASS] wvfFind_event19263_trackID14_opNum9_merged.root → copied (ms_ch=9)
[PASS] wvfFind_event7753_trackID19_opNum6_merged.root → copied (ms_ch=6)
[SKIP] wvfFind_event4603_trackID17_opNum2_merged.root (ms_ch=2)
[PASS] wvfFind_event9574_trackID10_opNum9_merged.root → copied (ms_ch=9)
[PASS] wvfFind_event18630_trackID12_opNum5.root → copied (ms_ch=5)
[PASS] wvfFind_event15538_trackID22_opNum9_merged.root → copied (ms_ch=9)
[PASS] wvfFind_event6276_trackID30_opNum9_merged.root → copied (ms_ch=9)
[PASS] wvfFind_event20674_trackID7_opNum5_merged.root → copied (ms_ch=5)
[PASS] wvfFind_event4082_trackID6_opNum9_merged.root → copied (ms_ch=9)
[PASS] wvfFind_event24017_trackID12_opNum5_merged.root → copied (ms_ch=5)
[PASS] wvfFind_event16952_trackID16_opNum9_merged.root → copied (ms_ch=9)
[PASS] wvfFind_event8294_trackID2_opNum9_merged.root → copied (ms_ch=9)
[PASS] wvfFind_event1154_trackID10_opNum9_merged.root → copied (ms_ch=9)
[PASS] wvfFind_event2204_trackID5_opNum9_merged.root → copied (ms_ch=9)
[PASS] wvfFind_event8837_trackID3_opNum5_merged.root → copied (ms_ch=5)
[PASS] wvfFind_event12272_trackID16_opNum5_merged.root → copied (ms_ch=5)
[PASS] wvfFind_event19530_trackID18_opNum9_merged.root → copied (ms_ch=9)
[PASS] wvfFind_event6056_trackID2_opNum9.root → copied (ms_ch=9)
[PASS] wvfFind_event17463_trackID20_opNum7_merged.root → copied (ms_ch=7)
[PASS] wvfFind_event4506_trackID16_opNum8_merged.root → copied (ms_ch=8)
[PASS] wvfFind_event14675_trackID5_opNum6_merged.root → copied (ms_ch=6)
[PASS] wvfFind_event10362_trackID5_opNum9_merged.root → copied (ms_ch=9)
[PASS] wvfFind_event12808_trackID8_opNum9_merged.root → copied (ms_ch=9)
[PASS] wvfFind_event21055_trackID0_opNum9_merged.root → copied (ms_ch=9)
[PASS] wvfFind_event15461_trackID5_opNum9_merged.root → copied (ms_ch=9)
[PASS] wvfFind_event7064_trackID13_opNum7_merged.root → copied (ms_ch=7)
[PASS] wvfFind_event9708_trackID5_opNum9_merged.root → copied (ms_ch=9)
[PASS] wvfFind_event11250_trackID25_opNum9_merged.root → copied (ms_ch=9)
[PASS] wvfFind_event7523_trackID18_opNum9_merged.root → copied (ms_ch=9)
[PASS] wvfFind_event2594_trackID1_opNum9_merged.root → copied (ms_ch=9)
[PASS] wvfFind_event2091_trackID3_opNum6_merged.root → copied (ms_ch=6)
[PASS] wvfFind_event5964_trackID14_opNum9_merged.root → copied (ms_ch=9)
[PASS] wvfFind_event15929_trackID15_opNum5_merged.root → copied (ms_ch=5)
[PASS] wvfFind_event4723_trackID23_opNum4_merged.root → copied (ms_ch=4)
[PASS] wvfFind_event21246_trackID9_opNum9_merged.root → copied (ms_ch=9)
[SKIP] wvfFind_event5457_trackID27_opNum1_merged.root (ms_ch=1)
[PASS] wvfFind_event6860_trackID14_opNum4_merged.root → copied (ms_ch=4)
[PASS] wvfFind_event22162_trackID0_opNum9_merged.root → copied (ms_ch=9)
[PASS] wvfFind_event15959_trackID0_opNum6_merged.root → copied (ms_ch=6)
[PASS] wvfFind_event5899_trackID7_opNum9_merged.root → copied (ms_ch=9)
[PASS] wvfFind_event14444_trackID14_opNum9_merged.root → copied (ms_ch=9)
[PASS] wvfFind_event12167_trackID6_opNum9_merged.root → copied (ms_ch=9)
[SKIP] wvfFind_event8995_trackID3_opNum3_merged.root (ms_ch=3)
[SKIP] wvfFind_event13557_trackID25_opNum2.root (ms_ch=2)
[SKIP] wvfFind_event11967_trackID8_opNum2_merged.root (ms_ch=2)
[PASS] wvfFind_event3902_trackID32_opNum9_merged.root → copied (ms_ch=9)
[PASS] wvfFind_event7298_trackID14_opNum5_merged.root → copied (ms_ch=5)
[PASS] wvfFind_event3797_trackID1_opNum9_merged.root → copied (ms_ch=9)
[PASS] wvfFind_event7844_trackID3_opNum4_merged.root → copied (ms_ch=4)
[PASS] wvfFind_event278_trackID5_opNum9_merged.root → copied (ms_ch=9)
[PASS] wvfFind_event6023_trackID31_opNum8_merged.root → copied (ms_ch=8)
[SKIP] wvfFind_event15876_trackID8_opNum1_merged.root (ms_ch=1)
[PASS] wvfFind_event8681_trackID21_opNum8_merged.root → copied (ms_ch=8)
[PASS] wvfFind_event10363_trackID18_opNum6_merged.root → copied (ms_ch=6)
[PASS] wvfFind_event10641_trackID14_opNum9_merged.root → copied (ms_ch=9)
[PASS] wvfFind_event17963_trackID2_opNum9_merged.root → copied (ms_ch=9)
[PASS] wvfFind_event21859_trackID21_opNum6_merged.root → copied (ms_ch=6)
[PASS] wvfFind_event7316_trackID14_opNum6_merged.root → copied (ms_ch=6)
[SKIP] wvfFind_event17268_trackID2_opNum1_merged.root (ms_ch=1)
[PASS] wvfFind_event13870_trackID12_opNum4_merged.root → copied (ms_ch=4)
[SKIP] wvfFind_event24369_trackID4_opNum3_merged.root (ms_ch=3)
[SKIP] wvfFind_event12611_trackID11_opNum3_merged.root (ms_ch=3)
[PASS] wvfFind_event23775_trackID29_opNum9_merged.root → copied (ms_ch=9)
[PASS] wvfFind_event5630_trackID0_opNum8_merged.root → copied (ms_ch=8)
[PASS] wvfFind_event2230_trackID16_opNum9_merged.root → copied (ms_ch=9)
[SKIP] wvfFind_event8158_trackID5_opNum3_merged.root (ms_ch=3)
[PASS] wvfFind_event4533_trackID16_opNum9_merged.root → copied (ms_ch=9)
[PASS] wvfFind_event24246_trackID6_opNum9_merged.root → copied (ms_ch=9)
[PASS] wvfFind_event11203_trackID14_opNum6_merged.root → copied (ms_ch=6)
[PASS] wvfFind_event18261_trackID20_opNum8_merged.root → copied (ms_ch=8)
[PASS] wvfFind_event18457_trackID10_opNum5_merged.root → copied (ms_ch=5)
[SKIP] wvfFind_event4351_trackID16_opNum1_merged.root (ms_ch=1)
[PASS] wvfFind_event53_trackID22_opNum4_merged.root → copied (ms_ch=4)
[PASS] wvfFind_event9812_trackID7_opNum9_merged.root → copied (ms_ch=9)
[PASS] wvfFind_event11240_trackID0_opNum5_merged.root → copied (ms_ch=5)
[PASS] wvfFind_event14674_trackID18_opNum4_merged.root → copied (ms_ch=4)
[PASS] wvfFind_event16479_trackID22_opNum9_merged.root → copied (ms_ch=9)
[PASS] wvfFind_event8813_trackID17_opNum7_merged.root → copied (ms_ch=7)
[PASS] wvfFind_event6139_trackID7_opNum9_merged.root → copied (ms_ch=9)
[PASS] wvfFind_event19169_trackID5_opNum9_merged.root → copied (ms_ch=9)
[PASS] wvfFind_event10506_trackID27_opNum8_merged.root → copied (ms_ch=8)
[PASS] wvfFind_event12695_trackID24_opNum8_merged.root → copied (ms_ch=8)
[PASS] wvfFind_event9641_trackID7_opNum7_merged.root → copied (ms_ch=7)
[PASS] wvfFind_event4044_trackID8_opNum9_merged.root → copied (ms_ch=9)
[PASS] wvfFind_event19105_trackID12_opNum8_merged.root → copied (ms_ch=8)
[PASS] wvfFind_event8581_trackID16_opNum7_merged.root → copied (ms_ch=7)
[PASS] wvfFind_event5891_trackID14_opNum9_merged.root → copied (ms_ch=9)
[PASS] wvfFind_event9030_trackID20_opNum8_merged.root → copied (ms_ch=8)
[SKIP] wvfFind_event11312_trackID12_opNum2_merged.root (ms_ch=2)
[SKIP] wvfFind_event24597_trackID7_opNum1_merged.root (ms_ch=1)
[PASS] wvfFind_event15932_trackID8_opNum9_merged.root → copied (ms_ch=9)
[PASS] wvfFind_event15908_trackID13_opNum9_merged.root → copied (ms_ch=9)
[PASS] wvfFind_event7706_trackID20_opNum9.root → copied (ms_ch=9)
[PASS] wvfFind_event18887_trackID0_opNum9_merged.root → copied (ms_ch=9)
[PASS] wvfFind_event23920_trackID19_opNum6_merged.root → copied (ms_ch=6)
[PASS] wvfFind_event21792_trackID8_opNum9_merged.root → copied (ms_ch=9)
[PASS] wvfFind_event13013_trackID12_opNum6_merged.root → copied (ms_ch=6)
[PASS] wvfFind_event6758_trackID17_opNum7_merged.root → copied (ms_ch=7)
[SKIP] wvfFind_event18775_trackID18_opNum2_merged.root (ms_ch=2)
[PASS] wvfFind_event12422_trackID8_opNum9_merged.root → copied (ms_ch=9)
[PASS] wvfFind_event2241_trackID1_opNum9_merged.root → copied (ms_ch=9)
[PASS] wvfFind_event4104_trackID4_opNum9_merged.root → copied (ms_ch=9)
[PASS] wvfFind_event16640_trackID4_opNum9_merged.root → copied (ms_ch=9)
[PASS] wvfFind_event6841_trackID12_opNum8_merged.root → copied (ms_ch=8)
[PASS] wvfFind_event24184_trackID6_opNum4_merged.root → copied (ms_ch=4)
[PASS] wvfFind_event1541_trackID23_opNum8_merged.root → copied (ms_ch=8)
[PASS] wvfFind_event751_trackID2_opNum9_merged.root → copied (ms_ch=9)
[PASS] wvfFind_event9615_trackID21_opNum8_merged.root → copied (ms_ch=8)
[PASS] wvfFind_event9645_trackID12_opNum9_merged.root → copied (ms_ch=9)
[SKIP] wvfFind_event4785_trackID6_opNum2.root (ms_ch=2)
[PASS] wvfFind_event11892_trackID3_opNum9_merged.root → copied (ms_ch=9)
[PASS] wvfFind_event6814_trackID18_opNum7_merged.root → copied (ms_ch=7)
[PASS] wvfFind_event10426_trackID7_opNum9_merged.root → copied (ms_ch=9)
[PASS] wvfFind_event1965_trackID3_opNum6_merged.root → copied (ms_ch=6)
[PASS] wvfFind_event24244_trackID12_opNum9_merged.root → copied (ms_ch=9)
[SKIP] wvfFind_event5548_trackID14_opNum3_merged.root (ms_ch=3)
[PASS] wvfFind_event20247_trackID9_opNum9_merged.root → copied (ms_ch=9)
[PASS] wvfFind_event18818_trackID9_opNum9_merged.root → copied (ms_ch=9)
[PASS] wvfFind_event4830_trackID17_opNum4_merged.root → copied (ms_ch=4)
[PASS] wvfFind_event8558_trackID19_opNum9_merged.root → copied (ms_ch=9)
[PASS] wvfFind_event7575_trackID6_opNum9_merged.root → copied (ms_ch=9)
[PASS] wvfFind_event17580_trackID12_opNum9_merged.root → copied (ms_ch=9)
[PASS] wvfFind_event21388_trackID14_opNum9_merged.root → copied (ms_ch=9)
[PASS] wvfFind_event24957_trackID0_opNum9_merged.root → copied (ms_ch=9)
[SKIP] wvfFind_event6091_trackID8_opNum1_merged.root (ms_ch=1)
[PASS] wvfFind_event24014_trackID27_opNum6_merged.root → copied (ms_ch=6)
[PASS] wvfFind_event6918_trackID3_opNum9_merged.root → copied (ms_ch=9)
[PASS] wvfFind_event11437_trackID6_opNum9_merged.root → copied (ms_ch=9)
[PASS] wvfFind_event3554_trackID3_opNum6_merged.root → copied (ms_ch=6)
[PASS] wvfFind_event721_trackID8_opNum9_merged.root → copied (ms_ch=9)
[PASS] wvfFind_event21625_trackID16_opNum8_merged.root → copied (ms_ch=8)
[PASS] wvfFind_event3551_trackID6_opNum9_merged.root → copied (ms_ch=9)
[PASS] wvfFind_event159_trackID9_opNum4_merged.root → copied (ms_ch=4)
[SKIP] wvfFind_event15832_trackID31_opNum2.root (ms_ch=2)
[PASS] wvfFind_event5408_trackID4_opNum9_merged.root → copied (ms_ch=9)
[PASS] wvfFind_event13321_trackID6_opNum8_merged.root → copied (ms_ch=8)
[PASS] wvfFind_event7813_trackID6_opNum5_merged.root → copied (ms_ch=5)
[PASS] wvfFind_event8346_trackID0_opNum9_merged.root → copied (ms_ch=9)
[PASS] wvfFind_event21730_trackID13_opNum8_merged.root → copied (ms_ch=8)
[PASS] wvfFind_event5556_trackID22_opNum6_merged.root → copied (ms_ch=6)
[PASS] wvfFind_event24921_trackID19_opNum9_merged.root → copied (ms_ch=9)
[PASS] wvfFind_event1928_trackID5_opNum9_merged.root → copied (ms_ch=9)
[PASS] wvfFind_event16037_trackID8_opNum8_merged.root → copied (ms_ch=8)
[PASS] wvfFind_event11085_trackID5_opNum9_merged.root → copied (ms_ch=9)
[PASS] wvfFind_event17093_trackID8_opNum9_merged.root → copied (ms_ch=9)
[PASS] wvfFind_event6672_trackID17_opNum8_merged.root → copied (ms_ch=8)
[PASS] wvfFind_event855_trackID16_opNum9_merged.root → copied (ms_ch=9)
[PASS] wvfFind_event5199_trackID30_opNum9_merged.root → copied (ms_ch=9)
[PASS] wvfFind_event23975_trackID3_opNum9_merged.root → copied (ms_ch=9)
[PASS] wvfFind_event21409_trackID14_opNum4_merged.root → copied (ms_ch=4)
[PASS] wvfFind_event8535_trackID11_opNum9_merged.root → copied (ms_ch=9)
[PASS] wvfFind_event903_trackID22_opNum9_merged.root → copied (ms_ch=9)
[PASS] wvfFind_event8382_trackID7_opNum9_merged.root → copied (ms_ch=9)
[PASS] wvfFind_event24465_trackID3_opNum9_merged.root → copied (ms_ch=9)
[PASS] wvfFind_event24378_trackID5_opNum5_merged.root → copied (ms_ch=5)
[PASS] wvfFind_event21443_trackID2_opNum9_merged.root → copied (ms_ch=9)
[PASS] wvfFind_event17002_trackID7_opNum9_merged.root → copied (ms_ch=9)
[SKIP] wvfFind_event3638_trackID5_opNum3_merged.root (ms_ch=3)
[PASS] wvfFind_event12640_trackID11_opNum9_merged.root → copied (ms_ch=9)
[SKIP] wvfFind_event3222_trackID5_opNum3_merged.root (ms_ch=3)
[PASS] wvfFind_event5623_trackID2_opNum6.root → copied (ms_ch=6)
[PASS] wvfFind_event16846_trackID16_opNum8_merged.root → copied (ms_ch=8)
[PASS] wvfFind_event16890_trackID7_opNum6_merged.root → copied (ms_ch=6)
[PASS] wvfFind_event17869_trackID20_opNum6_merged.root → copied (ms_ch=6)
[PASS] wvfFind_event12176_trackID23_opNum9_merged.root → copied (ms_ch=9)
[PASS] wvfFind_event1118_trackID5_opNum9_merged.root → copied (ms_ch=9)
[SKIP] wvfFind_event11424_trackID10_opNum2_merged.root (ms_ch=2)
[PASS] wvfFind_event7147_trackID10_opNum9_merged.root → copied (ms_ch=9)
[PASS] wvfFind_event3734_trackID12_opNum9_merged.root → copied (ms_ch=9)
[PASS] wvfFind_event24633_trackID3_opNum9_merged.root → copied (ms_ch=9)
[PASS] wvfFind_event4157_trackID8_opNum6_merged.root → copied (ms_ch=6)
[SKIP] wvfFind_event7129_trackID8_opNum3_merged.root (ms_ch=3)
[PASS] wvfFind_event8719_trackID4_opNum9_merged.root → copied (ms_ch=9)
[PASS] wvfFind_event19675_trackID15_opNum6_merged.root → copied (ms_ch=6)
[PASS] wvfFind_event24947_trackID1_opNum9_merged.root → copied (ms_ch=9)
[PASS] wvfFind_event11696_trackID12_opNum4_merged.root → copied (ms_ch=4)
[PASS] wvfFind_event18752_trackID10_opNum8_merged.root → copied (ms_ch=8)
[PASS] wvfFind_event1214_trackID10_opNum9_merged.root → copied (ms_ch=9)
[SKIP] wvfFind_event5480_trackID1_opNum1_merged.root (ms_ch=1)
[SKIP] wvfFind_event7037_trackID24_opNum2_merged.root (ms_ch=2)
[PASS] wvfFind_event57_trackID14_opNum6_merged.root → copied (ms_ch=6)
[PASS] wvfFind_event15595_trackID9_opNum9_merged.root → copied (ms_ch=9)
[PASS] wvfFind_event24948_trackID2_opNum9_merged.root → copied (ms_ch=9)
[PASS] wvfFind_event2680_trackID7_opNum5_merged.root → copied (ms_ch=5)
[PASS] wvfFind_event16806_trackID8_opNum9.root → copied (ms_ch=9)
[PASS] wvfFind_event5604_trackID2_opNum9_merged.root → copied (ms_ch=9)
[PASS] wvfFind_event21957_trackID2_opNum9_merged.root → copied (ms_ch=9)
[SKIP] wvfFind_event24937_trackID13_opNum1_merged.root (ms_ch=1)
[SKIP] wvfFind_event3566_trackID7_opNum3_merged.root (ms_ch=3)
[PASS] wvfFind_event12007_trackID19_opNum9_merged.root → copied (ms_ch=9)
[PASS] wvfFind_event8381_trackID2_opNum8_merged.root → copied (ms_ch=8)
[PASS] wvfFind_event20682_trackID5_opNum7_merged.root → copied (ms_ch=7)
[PASS] wvfFind_event1744_trackID9_opNum9_merged.root → copied (ms_ch=9)
[SKIP] wvfFind_event23657_trackID3_opNum3.root (ms_ch=3)
[PASS] wvfFind_event4039_trackID8_opNum9_merged.root → copied (ms_ch=9)
[PASS] wvfFind_event13566_trackID13_opNum9_merged.root → copied (ms_ch=9)
[SKIP] wvfFind_event23552_trackID6_opNum2_merged.root (ms_ch=2)
[PASS] wvfFind_event6035_trackID26_opNum9_merged.root → copied (ms_ch=9)
[PASS] wvfFind_event7413_trackID4_opNum9_merged.root → copied (ms_ch=9)
[PASS] wvfFind_event21267_trackID15_opNum9_merged.root → copied (ms_ch=9)
[PASS] wvfFind_event5395_trackID7_opNum9_merged.root → copied (ms_ch=9)
[PASS] wvfFind_event4524_trackID9_opNum9_merged.root → copied (ms_ch=9)
[PASS] wvfFind_event24234_trackID8_opNum9_merged.root → copied (ms_ch=9)
[PASS] wvfFind_event3991_trackID20_opNum4_merged.root → copied (ms_ch=4)
[PASS] wvfFind_event3203_trackID27_opNum7_merged.root → copied (ms_ch=7)
[PASS] wvfFind_event3125_trackID6_opNum9_merged.root → copied (ms_ch=9)
[SKIP] wvfFind_event11107_trackID23_opNum1_merged.root (ms_ch=1)
[PASS] wvfFind_event13944_trackID15_opNum9_merged.root → copied (ms_ch=9)
[PASS] wvfFind_event8181_trackID2_opNum9_merged.root → copied (ms_ch=9)
[PASS] wvfFind_event20556_trackID13_opNum7_merged.root → copied (ms_ch=7)
[PASS] wvfFind_event8173_trackID7_opNum9_merged.root → copied (ms_ch=9)
[PASS] wvfFind_event23216_trackID6_opNum9_merged.root → copied (ms_ch=9)
[PASS] wvfFind_event8563_trackID1_opNum6_merged.root → copied (ms_ch=6)
[PASS] wvfFind_event24350_trackID3_opNum9_merged.root → copied (ms_ch=9)
[PASS] wvfFind_event4020_trackID12_opNum9_merged.root → copied (ms_ch=9)
[PASS] wvfFind_event3382_trackID15_opNum8_merged.root → copied (ms_ch=8)
[PASS] wvfFind_event22729_trackID13_opNum9_merged.root → copied (ms_ch=9)
[PASS] wvfFind_event13129_trackID26_opNum7_merged.root → copied (ms_ch=7)
[PASS] wvfFind_event17846_trackID0_opNum6_merged.root → copied (ms_ch=6)
[PASS] wvfFind_event4154_trackID2_opNum9.root → copied (ms_ch=9)
[PASS] wvfFind_event21185_trackID10_opNum9_merged.root → copied (ms_ch=9)
[PASS] wvfFind_event5035_trackID6_opNum8_merged.root → copied (ms_ch=8)
[PASS] wvfFind_event530_trackID5_opNum9_merged.root → copied (ms_ch=9)
[SKIP] wvfFind_event20819_trackID5_opNum3.root (ms_ch=3)
[PASS] wvfFind_event4184_trackID14_opNum9_merged.root → copied (ms_ch=9)
[PASS] wvfFind_event592_trackID11_opNum8_merged.root → copied (ms_ch=8)
[PASS] wvfFind_event12366_trackID32_opNum5_merged.root → copied (ms_ch=5)
[PASS] wvfFind_event12658_trackID5_opNum9_merged.root → copied (ms_ch=9)
[PASS] wvfFind_event13986_trackID8_opNum9_merged.root → copied (ms_ch=9)
[PASS] wvfFind_event20217_trackID2_opNum5_merged.root → copied (ms_ch=5)
[PASS] wvfFind_event19730_trackID4_opNum9_merged.root → copied (ms_ch=9)
[SKIP] wvfFind_event2988_trackID23_opNum1_merged.root (ms_ch=1)
[PASS] wvfFind_event1819_trackID7_opNum7_merged.root → copied (ms_ch=7)
[PASS] wvfFind_event2675_trackID5_opNum9_merged.root → copied (ms_ch=9)
[PASS] wvfFind_event5523_trackID10_opNum7_merged.root → copied (ms_ch=7)
[PASS] wvfFind_event13973_trackID8_opNum9.root → copied (ms_ch=9)
[PASS] wvfFind_event13156_trackID18_opNum9_merged.root → copied (ms_ch=9)
[PASS] wvfFind_event13170_trackID6_opNum9_merged.root → copied (ms_ch=9)
[PASS] wvfFind_event22546_trackID5_opNum9_merged.root → copied (ms_ch=9)
[PASS] wvfFind_event13138_trackID8_opNum9_merged.root → copied (ms_ch=9)
[PASS] wvfFind_event11035_trackID21_opNum9_merged.root → copied (ms_ch=9)
[PASS] wvfFind_event8898_trackID10_opNum9_merged.root → copied (ms_ch=9)
[PASS] wvfFind_event15407_trackID17_opNum9_merged.root → copied (ms_ch=9)
[PASS] wvfFind_event83_trackID11_opNum9_merged.root → copied (ms_ch=9)
[PASS] wvfFind_event12154_trackID5_opNum6.root → copied (ms_ch=6)
[SKIP] wvfFind_event24514_trackID12_opNum2_merged.root (ms_ch=2)
[PASS] wvfFind_event271_trackID4_opNum5_merged.root → copied (ms_ch=5)
[PASS] wvfFind_event5381_trackID4_opNum4_merged.root → copied (ms_ch=4)
[PASS] wvfFind_event21209_trackID3_opNum9_merged.root → copied (ms_ch=9)
[PASS] wvfFind_event8308_trackID13_opNum9_merged.root → copied (ms_ch=9)
[PASS] wvfFind_event5359_trackID9_opNum5_merged.root → copied (ms_ch=5)
[PASS] wvfFind_event3126_trackID11_opNum8_merged.root → copied (ms_ch=8)
[PASS] wvfFind_event20193_trackID4_opNum4_merged.root → copied (ms_ch=4)
[PASS] wvfFind_event4339_trackID4_opNum9_merged.root → copied (ms_ch=9)
[PASS] wvfFind_event1177_trackID8_opNum6_merged.root → copied (ms_ch=6)
[PASS] wvfFind_event18016_trackID2_opNum5_merged.root → copied (ms_ch=5)
[PASS] wvfFind_event12256_trackID15_opNum9_merged.root → copied (ms_ch=9)
[PASS] wvfFind_event16241_trackID10_opNum6_merged.root → copied (ms_ch=6)
[PASS] wvfFind_event1099_trackID17_opNum9_merged.root → copied (ms_ch=9)
[PASS] wvfFind_event2375_trackID11_opNum6_merged.root → copied (ms_ch=6)
[PASS] wvfFind_event5222_trackID18_opNum9_merged.root → copied (ms_ch=9)
[PASS] wvfFind_event6530_trackID11_opNum9_merged.root → copied (ms_ch=9)
[PASS] wvfFind_event1352_trackID10_opNum4.root → copied (ms_ch=4)
[PASS] wvfFind_event11246_trackID1_opNum5.root → copied (ms_ch=5)
[PASS] wvfFind_event18152_trackID0_opNum6_merged.root → copied (ms_ch=6)
[PASS] wvfFind_event16778_trackID11_opNum9_merged.root → copied (ms_ch=9)
[PASS] wvfFind_event17998_trackID14_opNum6_merged.root → copied (ms_ch=6)
[PASS] wvfFind_event7606_trackID1_opNum9_merged.root → copied (ms_ch=9)
[PASS] wvfFind_event5243_trackID9_opNum8_merged.root → copied (ms_ch=8)
[PASS] wvfFind_event14751_trackID7_opNum6_merged.root → copied (ms_ch=6)
[PASS] wvfFind_event4447_trackID5_opNum5_merged.root → copied (ms_ch=5)
[SKIP] wvfFind_event3729_trackID4_opNum3_merged.root (ms_ch=3)
[SKIP] wvfFind_event7016_trackID17_opNum1_merged.root (ms_ch=1)
[PASS] wvfFind_event13225_trackID27_opNum9_merged.root → copied (ms_ch=9)
[PASS] wvfFind_event4690_trackID10_opNum9_merged.root → copied (ms_ch=9)
[PASS] wvfFind_event20996_trackID4_opNum8_merged.root → copied (ms_ch=8)
[PASS] wvfFind_event20923_trackID6_opNum5_merged.root → copied (ms_ch=5)
[PASS] wvfFind_event8827_trackID13_opNum9_merged.root → copied (ms_ch=9)
[SKIP] wvfFind_event15803_trackID28_opNum3_merged.root (ms_ch=3)
[PASS] wvfFind_event5693_trackID1_opNum9_merged.root → copied (ms_ch=9)
[PASS] wvfFind_event5123_trackID6_opNum7_merged.root → copied (ms_ch=7)
[SKIP] wvfFind_event21789_trackID4_opNum3_merged.root (ms_ch=3)
[SKIP] wvfFind_event11717_trackID24_opNum3_merged.root (ms_ch=3)
[PASS] wvfFind_event2663_trackID11_opNum8_merged.root → copied (ms_ch=8)
[PASS] wvfFind_event8700_trackID7_opNum9_merged.root → copied (ms_ch=9)
[PASS] wvfFind_event13359_trackID1_opNum5_merged.root → copied (ms_ch=5)
[PASS] wvfFind_event15701_trackID2_opNum9_merged.root → copied (ms_ch=9)
[PASS] wvfFind_event19303_trackID4_opNum9_merged.root → copied (ms_ch=9)
[PASS] wvfFind_event6871_trackID10_opNum4_merged.root → copied (ms_ch=4)
[PASS] wvfFind_event3028_trackID0_opNum8_merged.root → copied (ms_ch=8)
[PASS] wvfFind_event13994_trackID11_opNum9_merged.root → copied (ms_ch=9)
[PASS] wvfFind_event23543_trackID5_opNum6_merged.root → copied (ms_ch=6)
[PASS] wvfFind_event9901_trackID6_opNum8_merged.root → copied (ms_ch=8)
[PASS] wvfFind_event12480_trackID19_opNum5_merged.root → copied (ms_ch=5)
[SKIP] wvfFind_event21942_trackID5_opNum3_merged.root (ms_ch=3)
[PASS] wvfFind_event12696_trackID23_opNum9_merged.root → copied (ms_ch=9)
[SKIP] wvfFind_event7590_trackID0_opNum3_merged.root (ms_ch=3)
[PASS] wvfFind_event6903_trackID4_opNum9_merged.root → copied (ms_ch=9)
[PASS] wvfFind_event18714_trackID13_opNum5_merged.root → copied (ms_ch=5)
[PASS] wvfFind_event2445_trackID7_opNum6_merged.root → copied (ms_ch=6)
[PASS] wvfFind_event4634_trackID14_opNum4_merged.root → copied (ms_ch=4)
[PASS] wvfFind_event23184_trackID38_opNum9_merged.root → copied (ms_ch=9)
[PASS] wvfFind_event21520_trackID9_opNum8_merged.root → copied (ms_ch=8)
[PASS] wvfFind_event842_trackID14_opNum9_merged.root → copied (ms_ch=9)
[PASS] wvfFind_event16482_trackID6_opNum9_merged.root → copied (ms_ch=9)
[PASS] wvfFind_event18872_trackID1_opNum9_merged.root → copied (ms_ch=9)
[PASS] wvfFind_event21622_trackID0_opNum6_merged.root → copied (ms_ch=6)
[PASS] wvfFind_event21219_trackID2_opNum9_merged.root → copied (ms_ch=9)
[PASS] wvfFind_event3104_trackID5_opNum8_merged.root → copied (ms_ch=8)
[PASS] wvfFind_event2283_trackID4_opNum5_merged.root → copied (ms_ch=5)
[PASS] wvfFind_event804_trackID11_opNum7_merged.root → copied (ms_ch=7)
[PASS] wvfFind_event11423_trackID2_opNum9_merged.root → copied (ms_ch=9)
[PASS] wvfFind_event6008_trackID11_opNum6_merged.root → copied (ms_ch=6)
[PASS] wvfFind_event7903_trackID21_opNum9_merged.root → copied (ms_ch=9)
[PASS] wvfFind_event2198_trackID2_opNum5_merged.root → copied (ms_ch=5)
[PASS] wvfFind_event9153_trackID25_opNum7_merged.root → copied (ms_ch=7)
[PASS] wvfFind_event21127_trackID2_opNum8_merged.root → copied (ms_ch=8)
[PASS] wvfFind_event22163_trackID15_opNum9_merged.root → copied (ms_ch=9)
[PASS] wvfFind_event2609_trackID0_opNum9_merged.root → copied (ms_ch=9)
[PASS] wvfFind_event2749_trackID18_opNum6_merged.root → copied (ms_ch=6)
[PASS] wvfFind_event23431_trackID10_opNum9_merged.root → copied (ms_ch=9)
[PASS] wvfFind_event18829_trackID1_opNum5_merged.root → copied (ms_ch=5)
[PASS] wvfFind_event7586_trackID12_opNum6_merged.root → copied (ms_ch=6)
[PASS] wvfFind_event11009_trackID11_opNum5_merged.root → copied (ms_ch=5)
[PASS] wvfFind_event17665_trackID2_opNum7_merged.root → copied (ms_ch=7)
[PASS] wvfFind_event21040_trackID11_opNum9_merged.root → copied (ms_ch=9)
[PASS] wvfFind_event9091_trackID12_opNum9_merged.root → copied (ms_ch=9)
[PASS] wvfFind_event18385_trackID10_opNum9_merged.root → copied (ms_ch=9)
[PASS] wvfFind_event9616_trackID9_opNum5_merged.root → copied (ms_ch=5)
[SKIP] wvfFind_event18046_trackID16_opNum3_merged.root (ms_ch=3)
[PASS] wvfFind_event2341_trackID9_opNum9_merged.root → copied (ms_ch=9)
[PASS] wvfFind_event1671_trackID2_opNum9_merged.root → copied (ms_ch=9)
[PASS] wvfFind_event4800_trackID11_opNum9_merged.root → copied (ms_ch=9)
[PASS] wvfFind_event14489_trackID7_opNum9_merged.root → copied (ms_ch=9)
[PASS] wvfFind_event23396_trackID8_opNum9_merged.root → copied (ms_ch=9)
[PASS] wvfFind_event1764_trackID6_opNum9_merged.root → copied (ms_ch=9)
[SKIP] wvfFind_event546_trackID8_opNum3_merged.root (ms_ch=3)
[PASS] wvfFind_event19906_trackID9_opNum4_merged.root → copied (ms_ch=4)
[PASS] wvfFind_event7098_trackID10_opNum9_merged.root → copied (ms_ch=9)
[PASS] wvfFind_event4927_trackID8_opNum7_merged.root → copied (ms_ch=7)
[PASS] wvfFind_event17016_trackID3_opNum9_merged.root → copied (ms_ch=9)
[SKIP] wvfFind_event17891_trackID12_opNum2_3.root (ms_ch=2)
[PASS] wvfFind_event16147_trackID7_opNum8_merged.root → copied (ms_ch=8)
[PASS] wvfFind_event7319_trackID4_opNum9_merged.root → copied (ms_ch=9)
[PASS] wvfFind_event20013_trackID17_opNum9_merged.root → copied (ms_ch=9)
[PASS] wvfFind_event20585_trackID8_opNum8_merged.root → copied (ms_ch=8)
[PASS] wvfFind_event14727_trackID9_opNum9_merged.root → copied (ms_ch=9)
[SKIP] wvfFind_event6682_trackID28_opNum3_merged.root (ms_ch=3)
[PASS] wvfFind_event98_trackID11_opNum9_merged.root → copied (ms_ch=9)
[PASS] wvfFind_event7190_trackID17_opNum8_merged.root → copied (ms_ch=8)
[SKIP] wvfFind_event13859_trackID22_opNum1_merged.root (ms_ch=1)
[PASS] wvfFind_event16254_trackID23_opNum9_merged.root → copied (ms_ch=9)
[PASS] wvfFind_event18093_trackID5_opNum8_merged.root → copied (ms_ch=8)
[PASS] wvfFind_event16469_trackID6_opNum9_merged.root → copied (ms_ch=9)
[PASS] wvfFind_event17684_trackID9_opNum8_merged.root → copied (ms_ch=8)
[PASS] wvfFind_event12063_trackID19_opNum8_merged.root → copied (ms_ch=8)
[PASS] wvfFind_event20332_trackID3_opNum5_merged.root → copied (ms_ch=5)
[PASS] wvfFind_event6373_trackID8_opNum4_merged.root → copied (ms_ch=4)
[PASS] wvfFind_event1760_trackID8_opNum9_merged.root → copied (ms_ch=9)
[PASS] wvfFind_event13701_trackID9_opNum9_merged.root → copied (ms_ch=9)
[SKIP] wvfFind_event2709_trackID13_opNum3.root (ms_ch=3)
[SKIP] wvfFind_event14863_trackID14_opNum2.root (ms_ch=2)
[PASS] wvfFind_event912_trackID1_opNum6_merged.root → copied (ms_ch=6)
[PASS] wvfFind_event5885_trackID2_opNum9_merged.root → copied (ms_ch=9)
[PASS] wvfFind_event847_trackID19_opNum5_merged.root → copied (ms_ch=5)
[PASS] wvfFind_event5304_trackID3_opNum9_merged.root → copied (ms_ch=9)
[PASS] wvfFind_event5167_trackID4_opNum8_merged.root → copied (ms_ch=8)
[PASS] wvfFind_event9104_trackID21_opNum5_merged.root → copied (ms_ch=5)
[PASS] wvfFind_event725_trackID11_opNum9_merged.root → copied (ms_ch=9)
[PASS] wvfFind_event10207_trackID0_opNum9_merged.root → copied (ms_ch=9)
[SKIP] wvfFind_event5778_trackID36_opNum1_merged.root (ms_ch=1)
[PASS] wvfFind_event3187_trackID15_opNum9_merged.root → copied (ms_ch=9)
[PASS] wvfFind_event1880_trackID0_opNum6_merged.root → copied (ms_ch=6)
[PASS] wvfFind_event11820_trackID10_opNum9_merged.root → copied (ms_ch=9)
[PASS] wvfFind_event8368_trackID13_opNum9_merged.root → copied (ms_ch=9)
[PASS] wvfFind_event12337_trackID11_opNum9_merged.root → copied (ms_ch=9)
[PASS] wvfFind_event12155_trackID2_opNum6_merged.root → copied (ms_ch=6)
[PASS] wvfFind_event13406_trackID32_opNum8_merged.root → copied (ms_ch=8)
[PASS] wvfFind_event15519_trackID6_opNum9_merged.root → copied (ms_ch=9)
[PASS] wvfFind_event15944_trackID15_opNum9_merged.root → copied (ms_ch=9)
[PASS] wvfFind_event336_trackID27_opNum4_merged.root → copied (ms_ch=4)
[PASS] wvfFind_event18037_trackID30_opNum8_merged.root → copied (ms_ch=8)
[PASS] wvfFind_event14482_trackID16_opNum5_merged.root → copied (ms_ch=5)
[PASS] wvfFind_event4322_trackID5_opNum9_merged.root → copied (ms_ch=9)
[PASS] wvfFind_event14276_trackID5_opNum9_merged.root → copied (ms_ch=9)
[PASS] wvfFind_event16502_trackID3_opNum9_merged.root → copied (ms_ch=9)
[PASS] wvfFind_event8359_trackID4_opNum9_merged.root → copied (ms_ch=9)
[PASS] wvfFind_event11074_trackID4_opNum5_merged.root → copied (ms_ch=5)
[SKIP] wvfFind_event14221_trackID15_opNum1_merged.root (ms_ch=1)
[PASS] wvfFind_event8798_trackID25_opNum7_merged.root → copied (ms_ch=7)
[SKIP] wvfFind_event16919_trackID33_opNum1_merged.root (ms_ch=1)
[PASS] wvfFind_event4020_trackID14_opNum9_merged.root → copied (ms_ch=9)
[SKIP] wvfFind_event14775_trackID5_opNum3_merged.root (ms_ch=3)
[PASS] wvfFind_event16636_trackID8_opNum7_merged.root → copied (ms_ch=7)
[PASS] wvfFind_event13197_trackID0_opNum8_merged.root → copied (ms_ch=8)
[PASS] wvfFind_event19130_trackID9_opNum9_merged.root → copied (ms_ch=9)
[PASS] wvfFind_event19581_trackID13_opNum5_merged.root → copied (ms_ch=5)
[PASS] wvfFind_event9213_trackID12_opNum9_merged.root → copied (ms_ch=9)
[PASS] wvfFind_event23605_trackID29_opNum9_merged.root → copied (ms_ch=9)
[PASS] wvfFind_event10348_trackID2_opNum9_merged.root → copied (ms_ch=9)
[PASS] wvfFind_event522_trackID6_opNum9_merged.root → copied (ms_ch=9)
[PASS] wvfFind_event16791_trackID24_opNum7_merged.root → copied (ms_ch=7)
[PASS] wvfFind_event11043_trackID0_opNum9_merged.root → copied (ms_ch=9)
[PASS] wvfFind_event15283_trackID4_opNum6_merged.root → copied (ms_ch=6)
[PASS] wvfFind_event13782_trackID17_opNum8_merged.root → copied (ms_ch=8)
[PASS] wvfFind_event7531_trackID2_opNum5_merged.root → copied (ms_ch=5)
[PASS] wvfFind_event17805_trackID8_opNum5_merged.root → copied (ms_ch=5)
[PASS] wvfFind_event20658_trackID5_opNum5.root → copied (ms_ch=5)
[PASS] wvfFind_event22040_trackID12_opNum5_merged.root → copied (ms_ch=5)
[PASS] wvfFind_event1745_trackID15_opNum4_merged.root → copied (ms_ch=4)
[SKIP] wvfFind_event9689_trackID13_opNum1_merged.root (ms_ch=1)
[PASS] wvfFind_event12412_trackID15_opNum9_merged.root → copied (ms_ch=9)
[PASS] wvfFind_event12067_trackID9_opNum7_merged.root → copied (ms_ch=7)
[PASS] wvfFind_event15207_trackID2_opNum9_merged.root → copied (ms_ch=9)
[PASS] wvfFind_event4604_trackID1_opNum9_merged.root → copied (ms_ch=9)
[PASS] wvfFind_event9193_trackID9_opNum9_merged.root → copied (ms_ch=9)
[SKIP] wvfFind_event23576_trackID19_opNum2_merged.root (ms_ch=2)
[PASS] wvfFind_event10517_trackID10_opNum7_merged.root → copied (ms_ch=7)
[PASS] wvfFind_event24238_trackID24_opNum7_merged.root → copied (ms_ch=7)
[PASS] wvfFind_event3127_trackID9_opNum9_merged.root → copied (ms_ch=9)
[PASS] wvfFind_event17194_trackID2_opNum9_merged.root → copied (ms_ch=9)
[PASS] wvfFind_event12341_trackID19_opNum9_merged.root → copied (ms_ch=9)
[SKIP] wvfFind_event2574_trackID1_opNum3_merged.root (ms_ch=3)
[SKIP] wvfFind_event15414_trackID1_opNum3.root (ms_ch=3)
[SKIP] wvfFind_event5347_trackID2_opNum1_merged.root (ms_ch=1)
[PASS] wvfFind_event8930_trackID12_opNum9_merged.root → copied (ms_ch=9)
[SKIP] wvfFind_event3385_trackID26_opNum3_merged.root (ms_ch=3)
[PASS] wvfFind_event6078_trackID5_opNum9_merged.root → copied (ms_ch=9)
[PASS] wvfFind_event24381_trackID19_opNum7_merged.root → copied (ms_ch=7)
[SKIP] wvfFind_event17945_trackID16_opNum3_merged.root (ms_ch=3)
[PASS] wvfFind_event9569_trackID9_opNum9_merged.root → copied (ms_ch=9)
[PASS] wvfFind_event9977_trackID18_opNum9_merged.root → copied (ms_ch=9)
[PASS] wvfFind_event20105_trackID23_opNum8_merged.root → copied (ms_ch=8)
[PASS] wvfFind_event11506_trackID3_opNum9_merged.root → copied (ms_ch=9)
[PASS] wvfFind_event15633_trackID3_opNum6_merged.root → copied (ms_ch=6)
[PASS] wvfFind_event5139_trackID11_opNum9_merged.root → copied (ms_ch=9)
[PASS] wvfFind_event14253_trackID19_opNum8_merged.root → copied (ms_ch=8)
[PASS] wvfFind_event3380_trackID9_opNum8_merged.root → copied (ms_ch=8)
[PASS] wvfFind_event5962_trackID19_opNum9_merged.root → copied (ms_ch=9)
[PASS] wvfFind_event6446_trackID2_opNum9_merged.root → copied (ms_ch=9)
[PASS] wvfFind_event2098_trackID5_opNum4_merged.root → copied (ms_ch=4)
[PASS] wvfFind_event6784_trackID8_opNum9_merged.root → copied (ms_ch=9)
[PASS] wvfFind_event5689_trackID23_opNum6_merged.root → copied (ms_ch=6)
[SKIP] wvfFind_event23953_trackID9_opNum2_merged.root (ms_ch=2)
[PASS] wvfFind_event20054_trackID6_opNum9_merged.root → copied (ms_ch=9)
[PASS] wvfFind_event1782_trackID1_opNum9_merged.root → copied (ms_ch=9)
[PASS] wvfFind_event14006_trackID18_opNum9_merged.root → copied (ms_ch=9)
[PASS] wvfFind_event13758_trackID14_opNum4_merged.root → copied (ms_ch=4)
[PASS] wvfFind_event3846_trackID8_opNum8_merged.root → copied (ms_ch=8)
[SKIP] wvfFind_event8113_trackID24_opNum3_merged.root (ms_ch=3)
[PASS] wvfFind_event14987_trackID28_opNum9_merged.root → copied (ms_ch=9)
[SKIP] wvfFind_event3829_trackID6_opNum2_merged.root (ms_ch=2)
[PASS] wvfFind_event21865_trackID2_opNum8_merged.root → copied (ms_ch=8)
[PASS] wvfFind_event23476_trackID20_opNum5_merged.root → copied (ms_ch=5)
[SKIP] wvfFind_event943_trackID2_opNum3_merged.root (ms_ch=3)
[PASS] wvfFind_event21571_trackID15_opNum9_merged.root → copied (ms_ch=9)
[PASS] wvfFind_event4292_trackID5_opNum9_merged.root → copied (ms_ch=9)
[PASS] wvfFind_event16868_trackID2_opNum9_merged.root → copied (ms_ch=9)
[PASS] wvfFind_event12311_trackID13_opNum9_merged.root → copied (ms_ch=9)
[PASS] wvfFind_event5476_trackID3_opNum9_merged.root → copied (ms_ch=9)
[PASS] wvfFind_event4133_trackID8_opNum9_merged.root → copied (ms_ch=9)
[SKIP] wvfFind_event16570_trackID10_opNum3_merged.root (ms_ch=3)
[SKIP] wvfFind_event18107_trackID3_opNum2.root (ms_ch=2)
[PASS] wvfFind_event21683_trackID25_opNum9_merged.root → copied (ms_ch=9)
[PASS] wvfFind_event15037_trackID6_opNum5_merged.root → copied (ms_ch=5)
[SKIP] wvfFind_event631_trackID11_opNum1_merged.root (ms_ch=1)
[PASS] wvfFind_event20701_trackID16_opNum6_merged.root → copied (ms_ch=6)
[PASS] wvfFind_event19165_trackID11_opNum4_merged.root → copied (ms_ch=4)
[PASS] wvfFind_event8010_trackID14_opNum9_merged.root → copied (ms_ch=9)
[PASS] wvfFind_event4294_trackID9_opNum9_merged.root → copied (ms_ch=9)
[PASS] wvfFind_event5425_trackID7_opNum9_merged.root → copied (ms_ch=9)
[PASS] wvfFind_event6746_trackID3_opNum9_merged.root → copied (ms_ch=9)
[PASS] wvfFind_event5023_trackID20_opNum6_merged.root → copied (ms_ch=6)
[PASS] wvfFind_event20778_trackID8_opNum9_merged.root → copied (ms_ch=9)
[SKIP] wvfFind_event24739_trackID10_opNum3_merged.root (ms_ch=3)
[SKIP] wvfFind_event17191_trackID11_opNum3_merged.root (ms_ch=3)
[PASS] wvfFind_event1799_trackID21_opNum6_merged.root → copied (ms_ch=6)
[PASS] wvfFind_event16355_trackID4_opNum9_merged.root → copied (ms_ch=9)
[PASS] wvfFind_event15737_trackID6_opNum9_merged.root → copied (ms_ch=9)
[PASS] wvfFind_event21419_trackID19_opNum8_merged.root → copied (ms_ch=8)
[PASS] wvfFind_event12374_trackID1_opNum6_merged.root → copied (ms_ch=6)
[PASS] wvfFind_event13931_trackID2_opNum9_merged.root → copied (ms_ch=9)
[PASS] wvfFind_event3764_trackID30_opNum5_merged.root → copied (ms_ch=5)
[PASS] wvfFind_event23379_trackID0_opNum9_merged.root → copied (ms_ch=9)
[PASS] wvfFind_event2342_trackID19_opNum9_merged.root → copied (ms_ch=9)
[PASS] wvfFind_event2951_trackID12_opNum9_merged.root → copied (ms_ch=9)
[PASS] wvfFind_event15956_trackID0_opNum9_merged.root → copied (ms_ch=9)
[PASS] wvfFind_event4915_trackID2_opNum4_merged.root → copied (ms_ch=4)
[PASS] wvfFind_event6499_trackID2_opNum9_merged.root → copied (ms_ch=9)
[PASS] wvfFind_event20523_trackID2_opNum9_merged.root → copied (ms_ch=9)
[PASS] wvfFind_event8440_trackID14_opNum9_merged.root → copied (ms_ch=9)
[PASS] wvfFind_event12120_trackID8_opNum6_merged.root → copied (ms_ch=6)
[PASS] wvfFind_event6000_trackID8_opNum9_merged.root → copied (ms_ch=9)
[PASS] wvfFind_event24398_trackID16_opNum7_merged.root → copied (ms_ch=7)
[SKIP] wvfFind_event17683_trackID11_opNum1_merged.root (ms_ch=1)
[PASS] wvfFind_event23491_trackID14_opNum6_merged.root → copied (ms_ch=6)
[PASS] wvfFind_event19414_trackID12_opNum8_merged.root → copied (ms_ch=8)
[PASS] wvfFind_event15725_trackID3_opNum9_merged.root → copied (ms_ch=9)
[PASS] wvfFind_event19738_trackID0_opNum6_merged.root → copied (ms_ch=6)
[PASS] wvfFind_event2169_trackID21_opNum5_merged.root → copied (ms_ch=5)
[PASS] wvfFind_event3898_trackID9_opNum9_merged.root → copied (ms_ch=9)
[SKIP] wvfFind_event2913_trackID20_opNum2_merged.root (ms_ch=2)
[PASS] wvfFind_event3674_trackID0_opNum5_merged.root → copied (ms_ch=5)
[PASS] wvfFind_event654_trackID13_opNum6_merged.root → copied (ms_ch=6)
[PASS] wvfFind_event8414_trackID9_opNum9_merged.root → copied (ms_ch=9)
[PASS] wvfFind_event14650_trackID10_opNum8_merged.root → copied (ms_ch=8)
[PASS] wvfFind_event11866_trackID14_opNum9_merged.root → copied (ms_ch=9)
[PASS] wvfFind_event16039_trackID15_opNum8_merged.root → copied (ms_ch=8)
[PASS] wvfFind_event4441_trackID14_opNum9_merged.root → copied (ms_ch=9)
[PASS] wvfFind_event20202_trackID16_opNum8_merged.root → copied (ms_ch=8)
[PASS] wvfFind_event18081_trackID1_opNum6_merged.root → copied (ms_ch=6)
[PASS] wvfFind_event20391_trackID6_opNum5_merged.root → copied (ms_ch=5)
[PASS] wvfFind_event15372_trackID21_opNum5_merged.root → copied (ms_ch=5)
[PASS] wvfFind_event13752_trackID14_opNum5_merged.root → copied (ms_ch=5)
[PASS] wvfFind_event18776_trackID1_opNum5_merged.root → copied (ms_ch=5)
[PASS] wvfFind_event4863_trackID12_opNum9_merged.root → copied (ms_ch=9)
[PASS] wvfFind_event20392_trackID25_opNum8_merged.root → copied (ms_ch=8)
[PASS] wvfFind_event12132_trackID0_opNum6_merged.root → copied (ms_ch=6)
[PASS] wvfFind_event300_trackID17_opNum9_merged.root → copied (ms_ch=9)
[PASS] wvfFind_event23771_trackID18_opNum5_merged.root → copied (ms_ch=5)
[SKIP] wvfFind_event3130_trackID1_opNum2.root (ms_ch=2)
[SKIP] wvfFind_event23881_trackID8_opNum2_2.root (ms_ch=2)
[PASS] wvfFind_event18148_trackID1_opNum9_merged.root → copied (ms_ch=9)
[PASS] wvfFind_event16795_trackID7_opNum9.root → copied (ms_ch=9)
[PASS] wvfFind_event19622_trackID16_opNum9_merged.root → copied (ms_ch=9)
[SKIP] wvfFind_event2484_trackID12_opNum1_merged.root (ms_ch=1)
[PASS] wvfFind_event20693_trackID12_opNum9_merged.root → copied (ms_ch=9)
[PASS] wvfFind_event18777_trackID23_opNum9_merged.root → copied (ms_ch=9)
[PASS] wvfFind_event17269_trackID8_opNum9_merged.root → copied (ms_ch=9)
[PASS] wvfFind_event12751_trackID15_opNum5_merged.root → copied (ms_ch=5)
[PASS] wvfFind_event12138_trackID6_opNum9_merged.root → copied (ms_ch=9)
[PASS] wvfFind_event20298_trackID2_opNum9_merged.root → copied (ms_ch=9)
[PASS] wvfFind_event13987_trackID15_opNum8_merged.root → copied (ms_ch=8)
[PASS] wvfFind_event901_trackID9_opNum9_merged.root → copied (ms_ch=9)
[PASS] wvfFind_event3245_trackID3_opNum8_merged.root → copied (ms_ch=8)
[PASS] wvfFind_event10606_trackID13_opNum8_merged.root → copied (ms_ch=8)
[PASS] wvfFind_event13817_trackID12_opNum9_merged.root → copied (ms_ch=9)
[PASS] wvfFind_event13183_trackID9_opNum8_merged.root → copied (ms_ch=8)
[PASS] wvfFind_event18271_trackID0_opNum7_merged.root → copied (ms_ch=7)
[PASS] wvfFind_event22185_trackID2_opNum9_merged.root → copied (ms_ch=9)
[SKIP] wvfFind_event4762_trackID7_opNum1_merged.root (ms_ch=1)
[PASS] wvfFind_event15218_trackID25_opNum9_merged.root → copied (ms_ch=9)
[PASS] wvfFind_event15211_trackID12_opNum9_merged.root → copied (ms_ch=9)
[PASS] wvfFind_event8607_trackID16_opNum9_merged.root → copied (ms_ch=9)
[PASS] wvfFind_event3919_trackID19_opNum9_merged.root → copied (ms_ch=9)
[PASS] wvfFind_event14437_trackID12_opNum9_merged.root → copied (ms_ch=9)
[PASS] wvfFind_event15919_trackID11_opNum9_merged.root → copied (ms_ch=9)
[PASS] wvfFind_event16931_trackID0_opNum9_merged.root → copied (ms_ch=9)
[PASS] wvfFind_event15786_trackID11_opNum9_merged.root → copied (ms_ch=9)
[PASS] wvfFind_event574_trackID17_opNum4_merged.root → copied (ms_ch=4)
[PASS] wvfFind_event8305_trackID3_opNum9_merged.root → copied (ms_ch=9)
[PASS] wvfFind_event22165_trackID8_opNum4_merged.root → copied (ms_ch=4)
[PASS] wvfFind_event7816_trackID3_opNum9_merged.root → copied (ms_ch=9)
[PASS] wvfFind_event3889_trackID4_opNum8_merged.root → copied (ms_ch=8)
[PASS] wvfFind_event21061_trackID22_opNum9_merged.root → copied (ms_ch=9)
[PASS] wvfFind_event5409_trackID2_opNum6_merged.root → copied (ms_ch=6)
[PASS] wvfFind_event2561_trackID10_opNum5_merged.root → copied (ms_ch=5)
[PASS] wvfFind_event16095_trackID7_opNum9_merged.root → copied (ms_ch=9)
[PASS] wvfFind_event18279_trackID18_opNum8_merged.root → copied (ms_ch=8)
[PASS] wvfFind_event24197_trackID11_opNum9_merged.root → copied (ms_ch=9)
[PASS] wvfFind_event24463_trackID29_opNum5_merged.root → copied (ms_ch=5)
[PASS] wvfFind_event2581_trackID6_opNum9_merged.root → copied (ms_ch=9)
[PASS] wvfFind_event18321_trackID18_opNum9_merged.root → copied (ms_ch=9)
[PASS] wvfFind_event17001_trackID13_opNum4_merged.root → copied (ms_ch=4)
[SKIP] wvfFind_event21046_trackID2_opNum1_merged.root (ms_ch=1)
[PASS] wvfFind_event8511_trackID1_opNum9_merged.root → copied (ms_ch=9)
[PASS] wvfFind_event22064_trackID12_opNum5_merged.root → copied (ms_ch=5)
[PASS] wvfFind_event5004_trackID2_opNum9_merged.root → copied (ms_ch=9)
[SKIP] wvfFind_event18436_trackID8_opNum2_merged.root (ms_ch=2)
[PASS] wvfFind_event11247_trackID11_opNum9_merged.root → copied (ms_ch=9)
[PASS] wvfFind_event6760_trackID0_opNum9_merged.root → copied (ms_ch=9)
[PASS] wvfFind_event18385_trackID8_opNum6_merged.root → copied (ms_ch=6)
[PASS] wvfFind_event6604_trackID6_opNum9_merged.root → copied (ms_ch=9)
[PASS] wvfFind_event17986_trackID4_opNum9_merged.root → copied (ms_ch=9)
[PASS] wvfFind_event3783_trackID19_opNum6_merged.root → copied (ms_ch=6)
[PASS] wvfFind_event24361_trackID0_opNum5_merged.root → copied (ms_ch=5)
[PASS] wvfFind_event5928_trackID13_opNum7_merged.root → copied (ms_ch=7)
[PASS] wvfFind_event14888_trackID8_opNum9_merged.root → copied (ms_ch=9)
[PASS] wvfFind_event17051_trackID13_opNum9_merged.root → copied (ms_ch=9)
[PASS] wvfFind_event3664_trackID6_opNum8_merged.root → copied (ms_ch=8)
[PASS] wvfFind_event8537_trackID15_opNum9_merged.root → copied (ms_ch=9)
[SKIP] wvfFind_event24985_trackID15_opNum1_merged.root (ms_ch=1)
[PASS] wvfFind_event263_trackID17_opNum9_merged.root → copied (ms_ch=9)
[PASS] wvfFind_event1567_trackID5_opNum9_merged.root → copied (ms_ch=9)
[PASS] wvfFind_event12018_trackID8_opNum8_merged.root → copied (ms_ch=8)
[PASS] wvfFind_event19975_trackID4_opNum4_merged.root → copied (ms_ch=4)
[PASS] wvfFind_event5995_trackID13_opNum9_merged.root → copied (ms_ch=9)
[PASS] wvfFind_event20066_trackID1_opNum9_merged.root → copied (ms_ch=9)
[PASS] wvfFind_event7804_trackID18_opNum9_merged.root → copied (ms_ch=9)
[PASS] wvfFind_event19040_trackID6_opNum9_merged.root → copied (ms_ch=9)
[PASS] wvfFind_event7860_trackID17_opNum9_merged.root → copied (ms_ch=9)
[PASS] wvfFind_event6834_trackID26_opNum9_merged.root → copied (ms_ch=9)
[PASS] wvfFind_event7866_trackID4_opNum9_merged.root → copied (ms_ch=9)
[PASS] wvfFind_event21066_trackID25_opNum9_merged.root → copied (ms_ch=9)
[PASS] wvfFind_event11467_trackID5_opNum9_merged.root → copied (ms_ch=9)
[PASS] wvfFind_event1157_trackID4_opNum9_merged.root → copied (ms_ch=9)
[PASS] wvfFind_event11401_trackID11_opNum8_merged.root → copied (ms_ch=8)
[PASS] wvfFind_event23577_trackID1_opNum7_merged.root → copied (ms_ch=7)
[PASS] wvfFind_event21797_trackID0_opNum5_merged.root → copied (ms_ch=5)
[PASS] wvfFind_event10724_trackID9_opNum9_merged.root → copied (ms_ch=9)
[PASS] wvfFind_event24558_trackID16_opNum9_merged.root → copied (ms_ch=9)
[PASS] wvfFind_event4349_trackID5_opNum9_merged.root → copied (ms_ch=9)
[PASS] wvfFind_event1813_trackID3_opNum9_merged.root → copied (ms_ch=9)
[PASS] wvfFind_event11669_trackID7_opNum9_merged.root → copied (ms_ch=9)
[PASS] wvfFind_event14054_trackID7_opNum9_merged.root → copied (ms_ch=9)
[SKIP] wvfFind_event7150_trackID7_opNum2.root (ms_ch=2)
[PASS] wvfFind_event7056_trackID10_opNum4_merged.root → copied (ms_ch=4)
[PASS] wvfFind_event14122_trackID9_opNum9_merged.root → copied (ms_ch=9)
[PASS] wvfFind_event12678_trackID9_opNum6_merged.root → copied (ms_ch=6)
[PASS] wvfFind_event7892_trackID25_opNum9_merged.root → copied (ms_ch=9)
[PASS] wvfFind_event2053_trackID15_opNum4_merged.root → copied (ms_ch=4)
[PASS] wvfFind_event12995_trackID7_opNum5.root → copied (ms_ch=5)
[PASS] wvfFind_event5751_trackID10_opNum7_merged.root → copied (ms_ch=7)
[SKIP] wvfFind_event16435_trackID10_opNum1_merged.root (ms_ch=1)
[PASS] wvfFind_event21962_trackID6_opNum7_merged.root → copied (ms_ch=7)
[PASS] wvfFind_event23937_trackID2_opNum4_merged.root → copied (ms_ch=4)
[PASS] wvfFind_event22485_trackID12_opNum9_merged.root → copied (ms_ch=9)
[PASS] wvfFind_event16627_trackID0_opNum9_merged.root → copied (ms_ch=9)
[SKIP] wvfFind_event4020_trackID6_opNum3_merged.root (ms_ch=3)
[PASS] wvfFind_event1338_trackID15_opNum9_merged.root → copied (ms_ch=9)
[PASS] wvfFind_event15515_trackID8_opNum7_merged.root → copied (ms_ch=7)
[PASS] wvfFind_event16935_trackID0_opNum6_merged.root → copied (ms_ch=6)
[PASS] wvfFind_event20543_trackID24_opNum9_merged.root → copied (ms_ch=9)
[PASS] wvfFind_event21124_trackID10_opNum9_merged.root → copied (ms_ch=9)
[PASS] wvfFind_event19284_trackID8_opNum9_merged.root → copied (ms_ch=9)
[SKIP] wvfFind_event19730_trackID22_opNum3_merged.root (ms_ch=3)
[PASS] wvfFind_event6939_trackID2_opNum9_merged.root → copied (ms_ch=9)
[PASS] wvfFind_event18645_trackID8_opNum9_merged.root → copied (ms_ch=9)
[PASS] wvfFind_event180_trackID1_opNum6_merged.root → copied (ms_ch=6)
[PASS] wvfFind_event14842_trackID4_opNum9_merged.root → copied (ms_ch=9)
[PASS] wvfFind_event13583_trackID18_opNum9_merged.root → copied (ms_ch=9)
[PASS] wvfFind_event16295_trackID3_opNum9_merged.root → copied (ms_ch=9)
[PASS] wvfFind_event11989_trackID2_opNum6_merged.root → copied (ms_ch=6)
[PASS] wvfFind_event6468_trackID6_opNum9_merged.root → copied (ms_ch=9)
[PASS] wvfFind_event14017_trackID11_opNum9_merged.root → copied (ms_ch=9)
[PASS] wvfFind_event11060_trackID4_opNum4_merged.root → copied (ms_ch=4)
[PASS] wvfFind_event12574_trackID8_opNum4_merged.root → copied (ms_ch=4)
[PASS] wvfFind_event4047_trackID15_opNum9_merged.root → copied (ms_ch=9)
[PASS] wvfFind_event9922_trackID17_opNum9_merged.root → copied (ms_ch=9)
[PASS] wvfFind_event4066_trackID5_opNum9_merged.root → copied (ms_ch=9)
[PASS] wvfFind_event5180_trackID15_opNum7_merged.root → copied (ms_ch=7)
[PASS] wvfFind_event18911_trackID15_opNum7_merged.root → copied (ms_ch=7)
[PASS] wvfFind_event10531_trackID17_opNum8_merged.root → copied (ms_ch=8)
[PASS] wvfFind_event20912_trackID0_opNum6_merged.root → copied (ms_ch=6)
[PASS] wvfFind_event18077_trackID4_opNum9_merged.root → copied (ms_ch=9)
[PASS] wvfFind_event2935_trackID10_opNum9_merged.root → copied (ms_ch=9)
[PASS] wvfFind_event19870_trackID2_opNum8_merged.root → copied (ms_ch=8)
[PASS] wvfFind_event12515_trackID1_opNum9_merged.root → copied (ms_ch=9)
[PASS] wvfFind_event21430_trackID13_opNum9_merged.root → copied (ms_ch=9)
[SKIP] wvfFind_event18547_trackID9_opNum1_merged.root (ms_ch=1)
[SKIP] wvfFind_event9343_trackID24_opNum1_merged.root (ms_ch=1)
[SKIP] wvfFind_event8104_trackID9_opNum3_merged.root (ms_ch=3)
[PASS] wvfFind_event17545_trackID14_opNum8_merged.root → copied (ms_ch=8)
[PASS] wvfFind_event10612_trackID16_opNum9_merged.root → copied (ms_ch=9)
[PASS] wvfFind_event3062_trackID17_opNum4_merged.root → copied (ms_ch=4)
[PASS] wvfFind_event1987_trackID9_opNum9_merged.root → copied (ms_ch=9)
[PASS] wvfFind_event21215_trackID12_opNum9_merged.root → copied (ms_ch=9)
[PASS] wvfFind_event11381_trackID17_opNum8_merged.root → copied (ms_ch=8)
[PASS] wvfFind_event3728_trackID8_opNum8_merged.root → copied (ms_ch=8)
[PASS] wvfFind_event20827_trackID0_opNum5_merged.root → copied (ms_ch=5)
[PASS] wvfFind_event16765_trackID8_opNum9_merged.root → copied (ms_ch=9)
[SKIP] wvfFind_event20632_trackID10_opNum1_merged.root (ms_ch=1)
[PASS] wvfFind_event7793_trackID8_opNum9_merged.root → copied (ms_ch=9)
[PASS] wvfFind_event7210_trackID5_opNum9_merged.root → copied (ms_ch=9)
[PASS] wvfFind_event24663_trackID0_opNum9_merged.root → copied (ms_ch=9)
[PASS] wvfFind_event20831_trackID20_opNum9_merged.root → copied (ms_ch=9)
[PASS] wvfFind_event17459_trackID12_opNum9_merged.root → copied (ms_ch=9)
[PASS] wvfFind_event20145_trackID15_opNum9_merged.root → copied (ms_ch=9)
[PASS] wvfFind_event20805_trackID15_opNum9_merged.root → copied (ms_ch=9)
[PASS] wvfFind_event20729_trackID0_opNum6_merged.root → copied (ms_ch=6)
[PASS] wvfFind_event2685_trackID20_opNum9_merged.root → copied (ms_ch=9)
[PASS] wvfFind_event23020_trackID20_opNum6_merged.root → copied (ms_ch=6)
[PASS] wvfFind_event5230_trackID14_opNum9_merged.root → copied (ms_ch=9)
[PASS] wvfFind_event23494_trackID10_opNum8_merged.root → copied (ms_ch=8)
[PASS] wvfFind_event24185_trackID16_opNum9_merged.root → copied (ms_ch=9)
[PASS] wvfFind_event3293_trackID5_opNum9_merged.root → copied (ms_ch=9)
[PASS] wvfFind_event2750_trackID1_opNum6_merged.root → copied (ms_ch=6)
[PASS] wvfFind_event20887_trackID19_opNum9_merged.root → copied (ms_ch=9)
[PASS] wvfFind_event5599_trackID8_opNum9_merged.root → copied (ms_ch=9)
[SKIP] wvfFind_event13446_trackID3_opNum3_merged.root (ms_ch=3)
[PASS] wvfFind_event20630_trackID10_opNum9.root → copied (ms_ch=9)
[PASS] wvfFind_event13445_trackID4_opNum9_merged.root → copied (ms_ch=9)
[SKIP] wvfFind_event1302_trackID3_opNum3_merged.root (ms_ch=3)
[PASS] wvfFind_event2627_trackID21_opNum8_merged.root → copied (ms_ch=8)
[PASS] wvfFind_event4080_trackID19_opNum4_merged.root → copied (ms_ch=4)
[PASS] wvfFind_event5265_trackID8_opNum9_merged.root → copied (ms_ch=9)
[PASS] wvfFind_event24530_trackID5_opNum9_merged.root → copied (ms_ch=9)
[PASS] wvfFind_event3468_trackID4_opNum9_merged.root → copied (ms_ch=9)
[PASS] wvfFind_event5966_trackID10_opNum9_merged.root → copied (ms_ch=9)
[PASS] wvfFind_event6926_trackID0_opNum9_merged.root → copied (ms_ch=9)
[PASS] wvfFind_event2214_trackID10_opNum9_merged.root → copied (ms_ch=9)
[PASS] wvfFind_event3572_trackID3_opNum9_merged.root → copied (ms_ch=9)
[PASS] wvfFind_event9781_trackID3_opNum8_merged.root → copied (ms_ch=8)
[PASS] wvfFind_event4126_trackID4_opNum9_merged.root → copied (ms_ch=9)
[PASS] wvfFind_event19719_trackID17_opNum9_merged.root → copied (ms_ch=9)
[PASS] wvfFind_event20454_trackID9_opNum9_merged.root → copied (ms_ch=9)
[PASS] wvfFind_event17046_trackID31_opNum9_merged.root → copied (ms_ch=9)
[PASS] wvfFind_event6285_trackID14_opNum7_merged.root → copied (ms_ch=7)
[PASS] wvfFind_event15195_trackID23_opNum8_merged.root → copied (ms_ch=8)
[PASS] wvfFind_event6400_trackID7_opNum9_merged.root → copied (ms_ch=9)
[PASS] wvfFind_event11638_trackID0_opNum4_merged.root → copied (ms_ch=4)
[SKIP] wvfFind_event12672_trackID12_opNum3_merged.root (ms_ch=3)
[SKIP] wvfFind_event508_trackID8_opNum2_merged.root (ms_ch=2)
[PASS] wvfFind_event16945_trackID2_opNum9_merged.root → copied (ms_ch=9)
[PASS] wvfFind_event10735_trackID11_opNum7_merged.root → copied (ms_ch=7)
[PASS] wvfFind_event12352_trackID12_opNum9_merged.root → copied (ms_ch=9)
[PASS] wvfFind_event6687_trackID9_opNum6_merged.root → copied (ms_ch=6)
[PASS] wvfFind_event14281_trackID16_opNum9_merged.root → copied (ms_ch=9)
[PASS] wvfFind_event3691_trackID17_opNum8_merged.root → copied (ms_ch=8)
[PASS] wvfFind_event6740_trackID20_opNum5_merged.root → copied (ms_ch=5)
[PASS] wvfFind_event9645_trackID5_opNum9_merged.root → copied (ms_ch=9)
[PASS] wvfFind_event10922_trackID0_opNum9_merged.root → copied (ms_ch=9)
[PASS] wvfFind_event21183_trackID4_opNum6_merged.root → copied (ms_ch=6)
[PASS] wvfFind_event24588_trackID15_opNum4_merged.root → copied (ms_ch=4)
[PASS] wvfFind_event2230_trackID10_opNum9_merged.root → copied (ms_ch=9)
[SKIP] wvfFind_event15957_trackID1_opNum1_merged.root (ms_ch=1)
[PASS] wvfFind_event2938_trackID13_opNum9_merged.root → copied (ms_ch=9)
[PASS] wvfFind_event16560_trackID1_opNum6.root → copied (ms_ch=6)
[PASS] wvfFind_event22016_trackID1_opNum9_merged.root → copied (ms_ch=9)
[PASS] wvfFind_event4030_trackID9_opNum6_merged.root → copied (ms_ch=6)
[PASS] wvfFind_event5771_trackID6_opNum9_merged.root → copied (ms_ch=9)
[SKIP] wvfFind_event20999_trackID26_opNum2_merged.root (ms_ch=2)
[PASS] wvfFind_event20770_trackID21_opNum9_merged.root → copied (ms_ch=9)
[PASS] wvfFind_event15540_trackID1_opNum9_merged.root → copied (ms_ch=9)
[PASS] wvfFind_event9068_trackID6_opNum9_merged.root → copied (ms_ch=9)
[PASS] wvfFind_event20904_trackID28_opNum9.root → copied (ms_ch=9)
[PASS] wvfFind_event6020_trackID10_opNum9_merged.root → copied (ms_ch=9)
[PASS] wvfFind_event2961_trackID23_opNum9_merged.root → copied (ms_ch=9)
[PASS] wvfFind_event13809_trackID17_opNum9_merged.root → copied (ms_ch=9)
[PASS] wvfFind_event24555_trackID3_opNum9_merged.root → copied (ms_ch=9)
[PASS] wvfFind_event17124_trackID7_opNum8.root → copied (ms_ch=8)
[PASS] wvfFind_event14492_trackID8_opNum5_merged.root → copied (ms_ch=5)
[PASS] wvfFind_event4203_trackID20_opNum8_merged.root → copied (ms_ch=8)
[PASS] wvfFind_event2100_trackID13_opNum9_merged.root → copied (ms_ch=9)
[PASS] wvfFind_event672_trackID2_opNum9_merged.root → copied (ms_ch=9)
[PASS] wvfFind_event20980_trackID6_opNum9_merged.root → copied (ms_ch=9)
[PASS] wvfFind_event5919_trackID23_opNum7_merged.root → copied (ms_ch=7)
[SKIP] wvfFind_event4880_trackID12_opNum3_merged.root (ms_ch=3)
[PASS] wvfFind_event631_trackID6_opNum7_merged.root → copied (ms_ch=7)
[PASS] wvfFind_event6685_trackID31_opNum5_merged.root → copied (ms_ch=5)
[PASS] wvfFind_event4714_trackID9_opNum7_merged.root → copied (ms_ch=7)
[PASS] wvfFind_event17669_trackID30_opNum8_merged.root → copied (ms_ch=8)
[PASS] wvfFind_event13422_trackID15_opNum5_merged.root → copied (ms_ch=5)
[PASS] wvfFind_event4425_trackID7_opNum6_merged.root → copied (ms_ch=6)
[PASS] wvfFind_event680_trackID7_opNum9_merged.root → copied (ms_ch=9)
[PASS] wvfFind_event3288_trackID2_opNum9_merged.root → copied (ms_ch=9)
[PASS] wvfFind_event7718_trackID18_opNum6_merged.root → copied (ms_ch=6)
[SKIP] wvfFind_event2848_trackID9_opNum3_merged.root (ms_ch=3)
[PASS] wvfFind_event16352_trackID0_opNum9_merged.root → copied (ms_ch=9)
[PASS] wvfFind_event3290_trackID1_opNum6_merged.root → copied (ms_ch=6)
[PASS] wvfFind_event5025_trackID5_opNum9_merged.root → copied (ms_ch=9)
[PASS] wvfFind_event11872_trackID5_opNum9_merged.root → copied (ms_ch=9)
[PASS] wvfFind_event1958_trackID4_opNum9_merged.root → copied (ms_ch=9)
[PASS] wvfFind_event23522_trackID8_opNum9_merged.root → copied (ms_ch=9)
[PASS] wvfFind_event17193_trackID15_opNum9_merged.root → copied (ms_ch=9)
[PASS] wvfFind_event13418_trackID14_opNum4_merged.root → copied (ms_ch=4)
[PASS] wvfFind_event8014_trackID6_opNum9_merged.root → copied (ms_ch=9)
[PASS] wvfFind_event11987_trackID1_opNum9_merged.root → copied (ms_ch=9)
[PASS] wvfFind_event9750_trackID39_opNum6_merged.root → copied (ms_ch=6)
[PASS] wvfFind_event5358_trackID21_opNum9_merged.root → copied (ms_ch=9)
[PASS] wvfFind_event11636_trackID8_opNum8_merged.root → copied (ms_ch=8)
[PASS] wvfFind_event6436_trackID8_opNum9_merged.root → copied (ms_ch=9)
[PASS] wvfFind_event17770_trackID13_opNum9_merged.root → copied (ms_ch=9)
[PASS] wvfFind_event6508_trackID8_opNum9_merged.root → copied (ms_ch=9)
[PASS] wvfFind_event3844_trackID5_opNum9_merged.root → copied (ms_ch=9)
[PASS] wvfFind_event11285_trackID12_opNum9_merged.root → copied (ms_ch=9)
[PASS] wvfFind_event4597_trackID13_opNum9_merged.root → copied (ms_ch=9)
[SKIP] wvfFind_event2254_trackID36_opNum1_merged.root (ms_ch=1)
[PASS] wvfFind_event12852_trackID13_opNum8_merged.root → copied (ms_ch=8)
[PASS] wvfFind_event20259_trackID13_opNum5_merged.root → copied (ms_ch=5)
[PASS] wvfFind_event19956_trackID19_opNum4_merged.root → copied (ms_ch=4)
[PASS] wvfFind_event20367_trackID5_opNum9_merged.root → copied (ms_ch=9)
[PASS] wvfFind_event15909_trackID6_opNum9_merged.root → copied (ms_ch=9)
[PASS] wvfFind_event11436_trackID13_opNum9_merged.root → copied (ms_ch=9)
[SKIP] wvfFind_event15726_trackID6_opNum1_merged.root (ms_ch=1)
[PASS] wvfFind_event4176_trackID8_opNum8_merged.root → copied (ms_ch=8)
[PASS] wvfFind_event9905_trackID1_opNum9_merged.root → copied (ms_ch=9)
[SKIP] wvfFind_event13470_trackID18_opNum3.root (ms_ch=3)
[PASS] wvfFind_event20060_trackID9_opNum8_merged.root → copied (ms_ch=8)
[SKIP] wvfFind_event2329_trackID13_opNum1_merged.root (ms_ch=1)
[PASS] wvfFind_event17850_trackID15_opNum9_merged.root → copied (ms_ch=9)
[PASS] wvfFind_event6823_trackID29_opNum9_merged.root → copied (ms_ch=9)
[PASS] wvfFind_event424_trackID2_opNum9_merged.root → copied (ms_ch=9)
[PASS] wvfFind_event8774_trackID3_opNum9_merged.root → copied (ms_ch=9)
[PASS] wvfFind_event20448_trackID27_opNum5_merged.root → copied (ms_ch=5)
[PASS] wvfFind_event24991_trackID19_opNum8_merged.root → copied (ms_ch=8)
[PASS] wvfFind_event20326_trackID17_opNum9_merged.root → copied (ms_ch=9)
[PASS] wvfFind_event18058_trackID5_opNum9_merged.root → copied (ms_ch=9)
[SKIP] wvfFind_event17124_trackID3_opNum1_merged.root (ms_ch=1)
[PASS] wvfFind_event20897_trackID6_opNum9_merged.root → copied (ms_ch=9)
[PASS] wvfFind_event9976_trackID24_opNum9_merged.root → copied (ms_ch=9)
[PASS] wvfFind_event20666_trackID9_opNum5_merged.root → copied (ms_ch=5)
[PASS] wvfFind_event2021_trackID8_opNum9_merged.root → copied (ms_ch=9)
[PASS] wvfFind_event3069_trackID11_opNum8_merged.root → copied (ms_ch=8)
[PASS] wvfFind_event24495_trackID0_opNum8_merged.root → copied (ms_ch=8)
[SKIP] wvfFind_event11970_trackID20_opNum2_merged.root (ms_ch=2)
[PASS] wvfFind_event3259_trackID1_opNum6_merged.root → copied (ms_ch=6)
[PASS] wvfFind_event5723_trackID2_opNum6_merged.root → copied (ms_ch=6)
[PASS] wvfFind_event21318_trackID19_opNum9_merged.root → copied (ms_ch=9)
[PASS] wvfFind_event17197_trackID3_opNum9_merged.root → copied (ms_ch=9)
[PASS] wvfFind_event1472_trackID16_opNum9_merged.root → copied (ms_ch=9)
[PASS] wvfFind_event300_trackID8_opNum5_merged.root → copied (ms_ch=5)
[SKIP] wvfFind_event2469_trackID32_opNum2_merged.root (ms_ch=2)
[PASS] wvfFind_event15835_trackID12_opNum9_merged.root → copied (ms_ch=9)
[PASS] wvfFind_event1188_trackID10_opNum9_merged.root → copied (ms_ch=9)
[PASS] wvfFind_event10139_trackID4_opNum9_merged.root → copied (ms_ch=9)
[PASS] wvfFind_event4103_trackID23_opNum6_merged.root → copied (ms_ch=6)
[PASS] wvfFind_event6290_trackID20_opNum6_merged.root → copied (ms_ch=6)
[PASS] wvfFind_event1321_trackID6_opNum9_merged.root → copied (ms_ch=9)
[PASS] wvfFind_event13575_trackID20_opNum5_merged.root → copied (ms_ch=5)
[SKIP] wvfFind_event18188_trackID26_opNum1_merged.root (ms_ch=1)
[PASS] wvfFind_event24111_trackID14_opNum9_merged.root → copied (ms_ch=9)
[PASS] wvfFind_event4981_trackID7_opNum9_merged.root → copied (ms_ch=9)
[PASS] wvfFind_event15193_trackID18_opNum8_merged.root → copied (ms_ch=8)
[PASS] wvfFind_event19712_trackID22_opNum9_merged.root → copied (ms_ch=9)
[SKIP] wvfFind_event15258_trackID0_opNum1_merged.root (ms_ch=1)
[PASS] wvfFind_event9315_trackID11_opNum9_merged.root → copied (ms_ch=9)
[PASS] wvfFind_event6251_trackID1_opNum9_merged.root → copied (ms_ch=9)
[PASS] wvfFind_event9160_trackID10_opNum9_merged.root → copied (ms_ch=9)
[PASS] wvfFind_event5019_trackID10_opNum9_merged.root → copied (ms_ch=9)
[SKIP] wvfFind_event17229_trackID3_opNum2_merged.root (ms_ch=2)
[PASS] wvfFind_event12361_trackID14_opNum4_merged.root → copied (ms_ch=4)
[SKIP] wvfFind_event317_trackID4_opNum1_merged.root (ms_ch=1)
[PASS] wvfFind_event4207_trackID4_opNum6_merged.root → copied (ms_ch=6)
[SKIP] wvfFind_event9293_trackID26_opNum1_merged.root (ms_ch=1)
[PASS] wvfFind_event3553_trackID11_opNum9_merged.root → copied (ms_ch=9)
[PASS] wvfFind_event20875_trackID1_opNum9_merged.root → copied (ms_ch=9)
[SKIP] wvfFind_event14000_trackID12_opNum2_merged.root (ms_ch=2)
[PASS] wvfFind_event8638_trackID16_opNum5_merged.root → copied (ms_ch=5)
[PASS] wvfFind_event7547_trackID1_opNum6_merged.root → copied (ms_ch=6)
[PASS] wvfFind_event6455_trackID1_opNum9_merged.root → copied (ms_ch=9)
[PASS] wvfFind_event7493_trackID7_opNum9_merged.root → copied (ms_ch=9)
[PASS] wvfFind_event5819_trackID0_opNum8_merged.root → copied (ms_ch=8)
[SKIP] wvfFind_event2540_trackID21_opNum1_merged.root (ms_ch=1)
[PASS] wvfFind_event22720_trackID7_opNum8_merged.root → copied (ms_ch=8)
[SKIP] wvfFind_event24531_trackID26_opNum2_merged.root (ms_ch=2)
[PASS] wvfFind_event15264_trackID8_opNum5_merged.root → copied (ms_ch=5)
[PASS] wvfFind_event7550_trackID1_opNum9_merged.root → copied (ms_ch=9)
[PASS] wvfFind_event20684_trackID4_opNum8_merged.root → copied (ms_ch=8)
[PASS] wvfFind_event8261_trackID15_opNum4_merged.root → copied (ms_ch=4)
[PASS] wvfFind_event20314_trackID0_opNum9_merged.root → copied (ms_ch=9)
[PASS] wvfFind_event16485_trackID7_opNum9_merged.root → copied (ms_ch=9)
[PASS] wvfFind_event15301_trackID8_opNum9_merged.root → copied (ms_ch=9)
[SKIP] wvfFind_event1072_trackID10_opNum2_merged.root (ms_ch=2)
[PASS] wvfFind_event816_trackID12_opNum9_merged.root → copied (ms_ch=9)
[PASS] wvfFind_event183_trackID10_opNum5_merged.root → copied (ms_ch=5)
[PASS] wvfFind_event1130_trackID2_opNum4_merged.root → copied (ms_ch=4)
[PASS] wvfFind_event21108_trackID25_opNum9_merged.root → copied (ms_ch=9)
[PASS] wvfFind_event8826_trackID1_opNum9_merged.root → copied (ms_ch=9)
[PASS] wvfFind_event14767_trackID5_opNum9_merged.root → copied (ms_ch=9)
[PASS] wvfFind_event13710_trackID3_opNum9_merged.root → copied (ms_ch=9)
[PASS] wvfFind_event11821_trackID16_opNum8_merged.root → copied (ms_ch=8)
[PASS] wvfFind_event7359_trackID8_opNum9_merged.root → copied (ms_ch=9)
[PASS] wvfFind_event20385_trackID20_opNum9_merged.root → copied (ms_ch=9)
[PASS] wvfFind_event14673_trackID14_opNum8_merged.root → copied (ms_ch=8)
[PASS] wvfFind_event20676_trackID11_opNum9_merged.root → copied (ms_ch=9)
[PASS] wvfFind_event1664_trackID6_opNum9_merged.root → copied (ms_ch=9)
[PASS] wvfFind_event18423_trackID8_opNum9_merged.root → copied (ms_ch=9)
[PASS] wvfFind_event20313_trackID20_opNum9_merged.root → copied (ms_ch=9)
[PASS] wvfFind_event12661_trackID9_opNum6_merged.root → copied (ms_ch=6)
[PASS] wvfFind_event8631_trackID12_opNum9_merged.root → copied (ms_ch=9)
[PASS] wvfFind_event10402_trackID2_opNum4_merged.root → copied (ms_ch=4)
[PASS] wvfFind_event18961_trackID5_opNum8_merged.root → copied (ms_ch=8)
[PASS] wvfFind_event17734_trackID3_opNum9_merged.root → copied (ms_ch=9)
[SKIP] wvfFind_event18168_trackID6_opNum3_merged.root (ms_ch=3)
[PASS] wvfFind_event4258_trackID7_opNum9_merged.root → copied (ms_ch=9)
[SKIP] wvfFind_event5874_trackID28_opNum1_merged.root (ms_ch=1)
[PASS] wvfFind_event19259_trackID2_opNum9_merged.root → copied (ms_ch=9)
[PASS] wvfFind_event7610_trackID11_opNum7_merged.root → copied (ms_ch=7)
[PASS] wvfFind_event17741_trackID25_opNum6_merged.root → copied (ms_ch=6)
[PASS] wvfFind_event9159_trackID10_opNum6_merged.root → copied (ms_ch=6)
[SKIP] wvfFind_event17544_trackID13_opNum2.root (ms_ch=2)
[PASS] wvfFind_event16989_trackID16_opNum8_merged.root → copied (ms_ch=8)
[SKIP] wvfFind_event3186_trackID11_opNum3_merged.root (ms_ch=3)
[SKIP] wvfFind_event2154_trackID2_opNum3_merged.root (ms_ch=3)
[SKIP] wvfFind_event1060_trackID13_opNum3_merged.root (ms_ch=3)
[PASS] wvfFind_event21024_trackID7_opNum9_merged.root → copied (ms_ch=9)
[SKIP] wvfFind_event3205_trackID21_opNum1_merged.root (ms_ch=1)
[PASS] wvfFind_event13341_trackID8_opNum8_merged.root → copied (ms_ch=8)
[PASS] wvfFind_event6363_trackID15_opNum6_merged.root → copied (ms_ch=6)
[PASS] wvfFind_event11735_trackID11_opNum9_merged.root → copied (ms_ch=9)
[SKIP] wvfFind_event10383_trackID24_opNum1_merged.root (ms_ch=1)
[PASS] wvfFind_event377_trackID21_opNum7_merged.root → copied (ms_ch=7)
[PASS] wvfFind_event2516_trackID8_opNum9.root → copied (ms_ch=9)
[PASS] wvfFind_event20475_trackID15_opNum9_merged.root → copied (ms_ch=9)
[PASS] wvfFind_event24744_trackID7_opNum4_merged.root → copied (ms_ch=4)
[PASS] wvfFind_event17848_trackID19_opNum7_merged.root → copied (ms_ch=7)
[PASS] wvfFind_event20356_trackID13_opNum8_merged.root → copied (ms_ch=8)
[PASS] wvfFind_event5674_trackID23_opNum6_merged.root → copied (ms_ch=6)
[PASS] wvfFind_event20250_trackID14_opNum9_merged.root → copied (ms_ch=9)
[PASS] wvfFind_event9545_trackID20_opNum6_merged.root → copied (ms_ch=6)
[PASS] wvfFind_event11392_trackID9_opNum9_merged.root → copied (ms_ch=9)
[PASS] wvfFind_event20124_trackID11_opNum9_merged.root → copied (ms_ch=9)
[PASS] wvfFind_event16143_trackID3_opNum9_merged.root → copied (ms_ch=9)
[PASS] wvfFind_event24334_trackID11_opNum9_merged.root → copied (ms_ch=9)
[PASS] wvfFind_event14282_trackID32_opNum8_merged.root → copied (ms_ch=8)
[PASS] wvfFind_event11625_trackID14_opNum6_merged.root → copied (ms_ch=6)
[PASS] wvfFind_event15704_trackID7_opNum9_merged.root → copied (ms_ch=9)
[PASS] wvfFind_event13256_trackID25_opNum4_merged.root → copied (ms_ch=4)
[PASS] wvfFind_event5117_trackID7_opNum5_merged.root → copied (ms_ch=5)
[PASS] wvfFind_event12350_trackID0_opNum9_merged.root → copied (ms_ch=9)
[SKIP] wvfFind_event17044_trackID8_opNum2_merged.root (ms_ch=2)
[PASS] wvfFind_event19303_trackID13_opNum7_merged.root → copied (ms_ch=7)
[PASS] wvfFind_event18228_trackID5_opNum9_merged.root → copied (ms_ch=9)
[PASS] wvfFind_event20935_trackID12_opNum9_merged.root → copied (ms_ch=9)
[PASS] wvfFind_event21239_trackID20_opNum4_merged.root → copied (ms_ch=4)
[PASS] wvfFind_event3433_trackID1_opNum6_merged.root → copied (ms_ch=6)
[SKIP] wvfFind_event24652_trackID3_opNum3_merged.root (ms_ch=3)
[PASS] wvfFind_event11414_trackID36_opNum9_merged.root → copied (ms_ch=9)
[PASS] wvfFind_event4866_trackID8_opNum9_merged.root → copied (ms_ch=9)
[PASS] wvfFind_event22084_trackID5_opNum8_merged.root → copied (ms_ch=8)
[SKIP] wvfFind_event1479_trackID2_opNum3_merged.root (ms_ch=3)
[PASS] wvfFind_event22004_trackID19_opNum9_merged.root → copied (ms_ch=9)
[PASS] wvfFind_event16639_trackID12_opNum9_merged.root → copied (ms_ch=9)
[PASS] wvfFind_event9820_trackID20_opNum5_merged.root → copied (ms_ch=5)
[PASS] wvfFind_event10917_trackID3_opNum5_merged.root → copied (ms_ch=5)
[PASS] wvfFind_event13594_trackID13_opNum4_merged.root → copied (ms_ch=4)
[PASS] wvfFind_event20677_trackID10_opNum9_merged.root → copied (ms_ch=9)
[PASS] wvfFind_event15935_trackID1_opNum6_merged.root → copied (ms_ch=6)
[PASS] wvfFind_event9335_trackID26_opNum9_merged.root → copied (ms_ch=9)
[SKIP] wvfFind_event5441_trackID8_opNum2_merged.root (ms_ch=2)
[PASS] wvfFind_event2183_trackID10_opNum9_merged.root → copied (ms_ch=9)
[PASS] wvfFind_event1078_trackID6_opNum6_merged.root → copied (ms_ch=6)
[PASS] wvfFind_event10286_trackID10_opNum9_merged.root → copied (ms_ch=9)
[PASS] wvfFind_event9158_trackID34_opNum9_merged.root → copied (ms_ch=9)
[PASS] wvfFind_event15746_trackID30_opNum5_merged.root → copied (ms_ch=5)
[PASS] wvfFind_event19261_trackID30_opNum5_merged.root → copied (ms_ch=5)
[PASS] wvfFind_event1137_trackID10_opNum9_merged.root → copied (ms_ch=9)
[PASS] wvfFind_event1174_trackID7_opNum5_merged.root → copied (ms_ch=5)
[PASS] wvfFind_event1882_trackID15_opNum9_merged.root → copied (ms_ch=9)
[PASS] wvfFind_event18017_trackID2_opNum5_merged.root → copied (ms_ch=5)
[PASS] wvfFind_event15792_trackID5_opNum8_merged.root → copied (ms_ch=8)
[PASS] wvfFind_event20626_trackID0_opNum9_merged.root → copied (ms_ch=9)
[PASS] wvfFind_event4587_trackID25_opNum9_merged.root → copied (ms_ch=9)
[PASS] wvfFind_event9582_trackID20_opNum5_merged.root → copied (ms_ch=5)
[PASS] wvfFind_event16832_trackID2_opNum6_merged.root → copied (ms_ch=6)
[SKIP] wvfFind_event3351_trackID3_opNum3_merged.root (ms_ch=3)
[PASS] wvfFind_event23031_trackID9_opNum6_merged.root → copied (ms_ch=6)
[PASS] wvfFind_event17901_trackID0_opNum6_merged.root → copied (ms_ch=6)
[SKIP] wvfFind_event18316_trackID19_opNum1_merged.root (ms_ch=1)
[PASS] wvfFind_event13646_trackID10_opNum9_merged.root → copied (ms_ch=9)
[PASS] wvfFind_event16820_trackID7_opNum6_merged.root → copied (ms_ch=6)
[PASS] wvfFind_event22974_trackID15_opNum9_merged.root → copied (ms_ch=9)
[PASS] wvfFind_event21906_trackID12_opNum9_merged.root → copied (ms_ch=9)
[PASS] wvfFind_event20095_trackID16_opNum7_merged.root → copied (ms_ch=7)
[PASS] wvfFind_event7442_trackID15_opNum4_merged.root → copied (ms_ch=4)
[PASS] wvfFind_event5266_trackID26_opNum9_merged.root → copied (ms_ch=9)
[PASS] wvfFind_event1566_trackID10_opNum7_merged.root → copied (ms_ch=7)
[PASS] wvfFind_event24545_trackID17_opNum8_merged.root → copied (ms_ch=8)
[PASS] wvfFind_event9731_trackID12_opNum4_merged.root → copied (ms_ch=4)
[PASS] wvfFind_event6493_trackID21_opNum8_merged.root → copied (ms_ch=8)
[PASS] wvfFind_event1311_trackID18_opNum9_merged.root → copied (ms_ch=9)
[PASS] wvfFind_event14743_trackID3_opNum7_merged.root → copied (ms_ch=7)
[PASS] wvfFind_event16037_trackID5_opNum7_merged.root → copied (ms_ch=7)
[PASS] wvfFind_event21466_trackID18_opNum8_merged.root → copied (ms_ch=8)
[PASS] wvfFind_event12635_trackID1_opNum9.root → copied (ms_ch=9)
[PASS] wvfFind_event1628_trackID0_opNum9_merged.root → copied (ms_ch=9)
[SKIP] wvfFind_event6907_trackID14_opNum3_merged.root (ms_ch=3)
[PASS] wvfFind_event20772_trackID19_opNum8_merged.root → copied (ms_ch=8)
[PASS] wvfFind_event13206_trackID9_opNum9_merged.root → copied (ms_ch=9)
[PASS] wvfFind_event7042_trackID18_opNum9_merged.root → copied (ms_ch=9)
[PASS] wvfFind_event6092_trackID5_opNum9_merged.root → copied (ms_ch=9)
[PASS] wvfFind_event6760_trackID11_opNum6_merged.root → copied (ms_ch=6)
[PASS] wvfFind_event15281_trackID6_opNum9_merged.root → copied (ms_ch=9)
[PASS] wvfFind_event21437_trackID8_opNum9_merged.root → copied (ms_ch=9)
[PASS] wvfFind_event21066_trackID12_opNum8_merged.root → copied (ms_ch=8)
[PASS] wvfFind_event21162_trackID7_opNum9_merged.root → copied (ms_ch=9)
[PASS] wvfFind_event12350_trackID13_opNum9_merged.root → copied (ms_ch=9)
[PASS] wvfFind_event7090_trackID9_opNum9_merged.root → copied (ms_ch=9)
[PASS] wvfFind_event1387_trackID15_opNum9_merged.root → copied (ms_ch=9)
[PASS] wvfFind_event863_trackID19_opNum9_merged.root → copied (ms_ch=9)
[PASS] wvfFind_event21425_trackID7_opNum4_merged.root → copied (ms_ch=4)
[PASS] wvfFind_event874_trackID5_opNum9_merged.root → copied (ms_ch=9)
[PASS] wvfFind_event14283_trackID23_opNum8_merged.root → copied (ms_ch=8)
[PASS] wvfFind_event6340_trackID22_opNum6_merged.root → copied (ms_ch=6)
[PASS] wvfFind_event13937_trackID10_opNum9_merged.root → copied (ms_ch=9)
[PASS] wvfFind_event21592_trackID14_opNum8_merged.root → copied (ms_ch=8)
[SKIP] wvfFind_event10667_trackID1_opNum3_merged.root (ms_ch=3)
[PASS] wvfFind_event23227_trackID5_opNum9_merged.root → copied (ms_ch=9)
[PASS] wvfFind_event15988_trackID15_opNum9_merged.root → copied (ms_ch=9)
[PASS] wvfFind_event21257_trackID18_opNum8_merged.root → copied (ms_ch=8)
[SKIP] wvfFind_event14022_trackID10_opNum3_merged.root (ms_ch=3)
[PASS] wvfFind_event1288_trackID6_opNum9_merged.root → copied (ms_ch=9)
[SKIP] wvfFind_event5290_trackID24_opNum1_merged.root (ms_ch=1)
[PASS] wvfFind_event22153_trackID7_opNum8_merged.root → copied (ms_ch=8)
[PASS] wvfFind_event20766_trackID1_opNum9_merged.root → copied (ms_ch=9)
[PASS] wvfFind_event9714_trackID30_opNum8_merged.root → copied (ms_ch=8)
[PASS] wvfFind_event21871_trackID14_opNum4_merged.root → copied (ms_ch=4)
[PASS] wvfFind_event18683_trackID11_opNum9_merged.root → copied (ms_ch=9)
[PASS] wvfFind_event11082_trackID9_opNum9_merged.root → copied (ms_ch=9)
[PASS] wvfFind_event12671_trackID9_opNum8_merged.root → copied (ms_ch=8)
[PASS] wvfFind_event23476_trackID3_opNum9_merged.root → copied (ms_ch=9)
[PASS] wvfFind_event17042_trackID6_opNum9_merged.root → copied (ms_ch=9)
[PASS] wvfFind_event23898_trackID18_opNum9_merged.root → copied (ms_ch=9)
[PASS] wvfFind_event4086_trackID1_opNum4_merged.root → copied (ms_ch=4)
[PASS] wvfFind_event2799_trackID22_opNum5_merged.root → copied (ms_ch=5)
[PASS] wvfFind_event22104_trackID6_opNum8_merged.root → copied (ms_ch=8)
[PASS] wvfFind_event12214_trackID10_opNum9_merged.root → copied (ms_ch=9)
[PASS] wvfFind_event4126_trackID7_opNum9_merged.root → copied (ms_ch=9)
[PASS] wvfFind_event5859_trackID0_opNum9_merged.root → copied (ms_ch=9)
[PASS] wvfFind_event15761_trackID10_opNum9_merged.root → copied (ms_ch=9)
[PASS] wvfFind_event15946_trackID17_opNum5_merged.root → copied (ms_ch=5)
[PASS] wvfFind_event20769_trackID14_opNum8_merged.root → copied (ms_ch=8)
[PASS] wvfFind_event11094_trackID17_opNum6_merged.root → copied (ms_ch=6)
[PASS] wvfFind_event7044_trackID2_opNum9_merged.root → copied (ms_ch=9)
[PASS] wvfFind_event11126_trackID13_opNum8_merged.root → copied (ms_ch=8)
[PASS] wvfFind_event22084_trackID17_opNum9_merged.root → copied (ms_ch=9)
[PASS] wvfFind_event5515_trackID5_opNum4_merged.root → copied (ms_ch=4)
[PASS] wvfFind_event15741_trackID10_opNum8_merged.root → copied (ms_ch=8)
[PASS] wvfFind_event4002_trackID11_opNum9_merged.root → copied (ms_ch=9)
[PASS] wvfFind_event11352_trackID6_opNum9_merged.root → copied (ms_ch=9)
[PASS] wvfFind_event4052_trackID16_opNum9_merged.root → copied (ms_ch=9)
[PASS] wvfFind_event9244_trackID10_opNum7_merged.root → copied (ms_ch=7)
[PASS] wvfFind_event7223_trackID1_opNum6_merged.root → copied (ms_ch=6)
[PASS] wvfFind_event18149_trackID7_opNum9_merged.root → copied (ms_ch=9)
[PASS] wvfFind_event12209_trackID2_opNum9_merged.root → copied (ms_ch=9)
[PASS] wvfFind_event18454_trackID6_opNum9_merged.root → copied (ms_ch=9)
[SKIP] wvfFind_event13557_trackID25_opNum2_2.root (ms_ch=2)
[PASS] wvfFind_event16023_trackID0_opNum9_merged.root → copied (ms_ch=9)
[PASS] wvfFind_event7330_trackID18_opNum5_merged.root → copied (ms_ch=5)
[PASS] wvfFind_event6623_trackID11_opNum7_merged.root → copied (ms_ch=7)
[PASS] wvfFind_event15554_trackID6_opNum9_merged.root → copied (ms_ch=9)
[PASS] wvfFind_event24366_trackID1_opNum6_merged.root → copied (ms_ch=6)
[PASS] wvfFind_event6384_trackID9_opNum9_merged.root → copied (ms_ch=9)
[SKIP] wvfFind_event2138_trackID25_opNum2_merged.root (ms_ch=2)
[SKIP] wvfFind_event3225_trackID4_opNum3_merged.root (ms_ch=3)
[PASS] wvfFind_event12421_trackID4_opNum6_merged.root → copied (ms_ch=6)
[PASS] wvfFind_event1784_trackID0_opNum5_merged.root → copied (ms_ch=5)
[PASS] wvfFind_event16730_trackID3_opNum9_merged.root → copied (ms_ch=9)
[PASS] wvfFind_event11396_trackID1_opNum9_merged.root → copied (ms_ch=9)
[PASS] wvfFind_event9205_trackID22_opNum9_merged.root → copied (ms_ch=9)
[PASS] wvfFind_event22727_trackID7_opNum9_merged.root → copied (ms_ch=9)
[PASS] wvfFind_event9466_trackID1_opNum9_merged.root → copied (ms_ch=9)
[PASS] wvfFind_event11303_trackID11_opNum9_merged.root → copied (ms_ch=9)
[PASS] wvfFind_event3668_trackID4_opNum4_merged.root → copied (ms_ch=4)
[PASS] wvfFind_event5598_trackID3_opNum9_merged.root → copied (ms_ch=9)
[PASS] wvfFind_event6517_trackID1_opNum6_merged.root → copied (ms_ch=6)
[SKIP] wvfFind_event22867_trackID5_opNum3_merged.root (ms_ch=3)
[PASS] wvfFind_event10463_trackID3_opNum6_merged.root → copied (ms_ch=6)
[SKIP] wvfFind_event21031_trackID10_opNum3_merged.root (ms_ch=3)
[PASS] wvfFind_event3269_trackID22_opNum5_merged.root → copied (ms_ch=5)
[SKIP] wvfFind_event20253_trackID28_opNum2_merged.root (ms_ch=2)
[PASS] wvfFind_event7301_trackID2_opNum6_merged.root → copied (ms_ch=6)
[PASS] wvfFind_event6978_trackID5_opNum6_merged.root → copied (ms_ch=6)
[PASS] wvfFind_event11583_trackID6_opNum9_merged.root → copied (ms_ch=9)
[PASS] wvfFind_event5982_trackID13_opNum7_merged.root → copied (ms_ch=7)
[PASS] wvfFind_event18832_trackID18_opNum9_merged.root → copied (ms_ch=9)
[PASS] wvfFind_event1598_trackID4_opNum9_merged.root → copied (ms_ch=9)
[PASS] wvfFind_event23530_trackID11_opNum9_merged.root → copied (ms_ch=9)
[PASS] wvfFind_event2036_trackID3_opNum9_merged.root → copied (ms_ch=9)
[PASS] wvfFind_event3982_trackID0_opNum9_merged.root → copied (ms_ch=9)
[PASS] wvfFind_event954_trackID2_opNum9_merged.root → copied (ms_ch=9)
[PASS] wvfFind_event5895_trackID15_opNum9_merged.root → copied (ms_ch=9)
[PASS] wvfFind_event13451_trackID11_opNum8_merged.root → copied (ms_ch=8)
[PASS] wvfFind_event12362_trackID3_opNum8_merged.root → copied (ms_ch=8)
[PASS] wvfFind_event1056_trackID2_opNum6_merged.root → copied (ms_ch=6)
[PASS] wvfFind_event23383_trackID17_opNum4_merged.root → copied (ms_ch=4)
[SKIP] wvfFind_event15390_trackID12_opNum1_merged.root (ms_ch=1)
[PASS] wvfFind_event8074_trackID11_opNum8_merged.root → copied (ms_ch=8)
[PASS] wvfFind_event12764_trackID4_opNum9_merged.root → copied (ms_ch=9)
[PASS] wvfFind_event20596_trackID9_opNum9_merged.root → copied (ms_ch=9)
[PASS] wvfFind_event3194_trackID21_opNum7_merged.root → copied (ms_ch=7)
[PASS] wvfFind_event3760_trackID1_opNum9_merged.root → copied (ms_ch=9)
[PASS] wvfFind_event13302_trackID10_opNum8_merged.root → copied (ms_ch=8)
[PASS] wvfFind_event7730_trackID11_opNum9_merged.root → copied (ms_ch=9)
[SKIP] wvfFind_event9408_trackID13_opNum2_merged.root (ms_ch=2)
[PASS] wvfFind_event20236_trackID19_opNum9_merged.root → copied (ms_ch=9)
[SKIP] wvfFind_event9157_trackID23_opNum3_merged.root (ms_ch=3)
[PASS] wvfFind_event8417_trackID13_opNum8_merged.root → copied (ms_ch=8)
[PASS] wvfFind_event7080_trackID6_opNum5_merged.root → copied (ms_ch=5)
[PASS] wvfFind_event11151_trackID13_opNum9_merged.root → copied (ms_ch=9)
[PASS] wvfFind_event7368_trackID3_opNum9_merged.root → copied (ms_ch=9)
[SKIP] wvfFind_event5571_trackID5_opNum1_merged.root (ms_ch=1)
[PASS] wvfFind_event21913_trackID22_opNum9_merged.root → copied (ms_ch=9)
[PASS] wvfFind_event21469_trackID10_opNum9_merged.root → copied (ms_ch=9)
[PASS] wvfFind_event7137_trackID13_opNum6_merged.root → copied (ms_ch=6)
[PASS] wvfFind_event19219_trackID6_opNum9_merged.root → copied (ms_ch=9)
[SKIP] wvfFind_event15222_trackID28_opNum3_merged.root (ms_ch=3)
[PASS] wvfFind_event1905_trackID8_opNum9_merged.root → copied (ms_ch=9)
[PASS] wvfFind_event15701_trackID7_opNum9_merged.root → copied (ms_ch=9)
[SKIP] wvfFind_event20221_trackID0_opNum3_merged.root (ms_ch=3)
[PASS] wvfFind_event17753_trackID23_opNum8_merged.root → copied (ms_ch=8)
[PASS] wvfFind_event4813_trackID16_opNum8_merged.root → copied (ms_ch=8)
[PASS] wvfFind_event3905_trackID20_opNum9_merged.root → copied (ms_ch=9)
[PASS] wvfFind_event14816_trackID7_opNum9_merged.root → copied (ms_ch=9)
[PASS] wvfFind_event7641_trackID9_opNum9_merged.root → copied (ms_ch=9)
[PASS] wvfFind_event10383_trackID23_opNum5_merged.root → copied (ms_ch=5)
[SKIP] wvfFind_event9397_trackID27_opNum1_merged.root (ms_ch=1)
[PASS] wvfFind_event7772_trackID15_opNum8_merged.root → copied (ms_ch=8)
[PASS] wvfFind_event8167_trackID16_opNum9_merged.root → copied (ms_ch=9)
[PASS] wvfFind_event19148_trackID7_opNum9_merged.root → copied (ms_ch=9)
[SKIP] wvfFind_event4074_trackID5_opNum3_merged.root (ms_ch=3)
[PASS] wvfFind_event547_trackID11_opNum9_merged.root → copied (ms_ch=9)
[PASS] wvfFind_event9341_trackID7_opNum5_merged.root → copied (ms_ch=5)
[PASS] wvfFind_event15421_trackID9_opNum9_merged.root → copied (ms_ch=9)
[PASS] wvfFind_event7604_trackID18_opNum8_merged.root → copied (ms_ch=8)
[SKIP] wvfFind_event8832_trackID3_opNum3_merged.root (ms_ch=3)
[PASS] wvfFind_event14946_trackID23_opNum6_merged.root → copied (ms_ch=6)
[PASS] wvfFind_event1003_trackID11_opNum7_merged.root → copied (ms_ch=7)
[PASS] wvfFind_event4006_trackID31_opNum8_merged.root → copied (ms_ch=8)
[PASS] wvfFind_event16644_trackID12_opNum9_merged.root → copied (ms_ch=9)
[PASS] wvfFind_event18050_trackID1_opNum9_merged.root → copied (ms_ch=9)
[PASS] wvfFind_event3351_trackID16_opNum6_merged.root → copied (ms_ch=6)
[PASS] wvfFind_event4400_trackID7_opNum8_merged.root → copied (ms_ch=8)
[PASS] wvfFind_event16700_trackID5_opNum6_merged.root → copied (ms_ch=6)
[PASS] wvfFind_event8488_trackID2_opNum9_merged.root → copied (ms_ch=9)
[PASS] wvfFind_event9331_trackID3_opNum9_merged.root → copied (ms_ch=9)
[PASS] wvfFind_event4182_trackID12_opNum6_merged.root → copied (ms_ch=6)
[PASS] wvfFind_event3820_trackID5_opNum9_merged.root → copied (ms_ch=9)
[SKIP] wvfFind_event15283_trackID9_opNum3_merged.root (ms_ch=3)
[PASS] wvfFind_event24694_trackID19_opNum9_merged.root → copied (ms_ch=9)
[PASS] wvfFind_event6682_trackID7_opNum6_merged.root → copied (ms_ch=6)
[PASS] wvfFind_event10678_trackID2_opNum4_merged.root → copied (ms_ch=4)
[PASS] wvfFind_event548_trackID0_opNum9_merged.root → copied (ms_ch=9)
[PASS] wvfFind_event11098_trackID7_opNum7_merged.root → copied (ms_ch=7)
[SKIP] wvfFind_event23485_trackID31_opNum2_merged.root (ms_ch=2)
[PASS] wvfFind_event22472_trackID6_opNum6_merged.root → copied (ms_ch=6)
[PASS] wvfFind_event21756_trackID21_opNum5_merged.root → copied (ms_ch=5)
[PASS] wvfFind_event15583_trackID13_opNum5_merged.root → copied (ms_ch=5)
[PASS] wvfFind_event19966_trackID9_opNum8_merged.root → copied (ms_ch=8)
[PASS] wvfFind_event9001_trackID1_opNum9_merged.root → copied (ms_ch=9)
[PASS] wvfFind_event13752_trackID3_opNum9_merged.root → copied (ms_ch=9)
[SKIP] wvfFind_event11717_trackID9_opNum1_merged.root (ms_ch=1)
[PASS] wvfFind_event22791_trackID3_opNum9_merged.root → copied (ms_ch=9)
[PASS] wvfFind_event3093_trackID13_opNum7_merged.root → copied (ms_ch=7)
[PASS] wvfFind_event2067_trackID19_opNum9_merged.root → copied (ms_ch=9)
[PASS] wvfFind_event7770_trackID7_opNum9_merged.root → copied (ms_ch=9)
[PASS] wvfFind_event10982_trackID12_opNum9.root → copied (ms_ch=9)
[PASS] wvfFind_event22360_trackID14_opNum9_merged.root → copied (ms_ch=9)
[PASS] wvfFind_event12634_trackID9_opNum9_merged.root → copied (ms_ch=9)
[PASS] wvfFind_event23433_trackID3_opNum8_merged.root → copied (ms_ch=8)
[PASS] wvfFind_event1987_trackID21_opNum8_merged.root → copied (ms_ch=8)
[PASS] wvfFind_event2168_trackID6_opNum5_merged.root → copied (ms_ch=5)
[PASS] wvfFind_event11823_trackID10_opNum9_merged.root → copied (ms_ch=9)
[PASS] wvfFind_event4342_trackID24_opNum6_merged.root → copied (ms_ch=6)
[SKIP] wvfFind_event17694_trackID9_opNum3_merged.root (ms_ch=3)
[PASS] wvfFind_event23887_trackID11_opNum9_merged.root → copied (ms_ch=9)
[PASS] wvfFind_event12351_trackID17_opNum6_merged.root → copied (ms_ch=6)
[SKIP] wvfFind_event3903_trackID7_opNum1_merged.root (ms_ch=1)
[PASS] wvfFind_event16959_trackID17_opNum7_merged.root → copied (ms_ch=7)
[SKIP] wvfFind_event20402_trackID7_opNum1_merged.root (ms_ch=1)
[PASS] wvfFind_event10283_trackID14_opNum7_merged.root → copied (ms_ch=7)
[PASS] wvfFind_event13883_trackID13_opNum9_merged.root → copied (ms_ch=9)
[PASS] wvfFind_event13785_trackID17_opNum9_merged.root → copied (ms_ch=9)
[SKIP] wvfFind_event21349_trackID23_opNum2_merged.root (ms_ch=2)
[SKIP] wvfFind_event17907_trackID11_opNum2_merged.root (ms_ch=2)
[PASS] wvfFind_event7814_trackID23_opNum9_merged.root → copied (ms_ch=9)
[PASS] wvfFind_event12259_trackID0_opNum4_merged.root → copied (ms_ch=4)
[PASS] wvfFind_event23949_trackID25_opNum9_merged.root → copied (ms_ch=9)
[PASS] wvfFind_event4498_trackID0_opNum5_merged.root → copied (ms_ch=5)
[PASS] wvfFind_event14584_trackID21_opNum8_merged.root → copied (ms_ch=8)
[PASS] wvfFind_event23013_trackID0_opNum5.root → copied (ms_ch=5)
[PASS] wvfFind_event20698_trackID10_opNum8_merged.root → copied (ms_ch=8)
[PASS] wvfFind_event16099_trackID15_opNum9_merged.root → copied (ms_ch=9)
[PASS] wvfFind_event1076_trackID0_opNum6_merged.root → copied (ms_ch=6)
[PASS] wvfFind_event18167_trackID3_opNum9_merged.root → copied (ms_ch=9)
[PASS] wvfFind_event19269_trackID4_opNum6_merged.root → copied (ms_ch=6)
[PASS] wvfFind_event10683_trackID13_opNum7_merged.root → copied (ms_ch=7)
[SKIP] wvfFind_event13764_trackID8_opNum1_merged.root (ms_ch=1)
[PASS] wvfFind_event6159_trackID4_opNum9_merged.root → copied (ms_ch=9)
[PASS] wvfFind_event191_trackID10_opNum8_merged.root → copied (ms_ch=8)
[PASS] wvfFind_event17298_trackID11_opNum9_merged.root → copied (ms_ch=9)
[SKIP] wvfFind_event12178_trackID7_opNum3_merged.root (ms_ch=3)
[PASS] wvfFind_event9807_trackID20_opNum9_merged.root → copied (ms_ch=9)
[PASS] wvfFind_event462_trackID15_opNum9_merged.root → copied (ms_ch=9)
[PASS] wvfFind_event20210_trackID0_opNum9_merged.root → copied (ms_ch=9)
[PASS] wvfFind_event18329_trackID15_opNum6_merged.root → copied (ms_ch=6)
[SKIP] wvfFind_event11697_trackID27_opNum3_merged.root (ms_ch=3)
[PASS] wvfFind_event2468_trackID13_opNum7_merged.root → copied (ms_ch=7)
[PASS] wvfFind_event10182_trackID3_opNum4_merged.root → copied (ms_ch=4)
[PASS] wvfFind_event12737_trackID21_opNum8_merged.root → copied (ms_ch=8)
[PASS] wvfFind_event14125_trackID9_opNum4_merged.root → copied (ms_ch=4)
[PASS] wvfFind_event11682_trackID11_opNum9_merged.root → copied (ms_ch=9)
[PASS] wvfFind_event21428_trackID2_opNum6_merged.root → copied (ms_ch=6)
[PASS] wvfFind_event8120_trackID13_opNum9_merged.root → copied (ms_ch=9)
[PASS] wvfFind_event8731_trackID19_opNum5_merged.root → copied (ms_ch=5)
[PASS] wvfFind_event10375_trackID16_opNum9_merged.root → copied (ms_ch=9)
[PASS] wvfFind_event23988_trackID18_opNum9_merged.root → copied (ms_ch=9)
[PASS] wvfFind_event2571_trackID21_opNum8_merged.root → copied (ms_ch=8)
[PASS] wvfFind_event21772_trackID12_opNum9_merged.root → copied (ms_ch=9)
[PASS] wvfFind_event22349_trackID5_opNum9_merged.root → copied (ms_ch=9)
[PASS] wvfFind_event21507_trackID13_opNum9_merged.root → copied (ms_ch=9)
[PASS] wvfFind_event2632_trackID27_opNum7_merged.root → copied (ms_ch=7)
[PASS] wvfFind_event8084_trackID2_opNum9_merged.root → copied (ms_ch=9)
[PASS] wvfFind_event8401_trackID8_opNum5_merged.root → copied (ms_ch=5)
[SKIP] wvfFind_event18189_trackID3_opNum3_merged.root (ms_ch=3)
[PASS] wvfFind_event14204_trackID1_opNum8_merged.root → copied (ms_ch=8)
[PASS] wvfFind_event9105_trackID10_opNum9_merged.root → copied (ms_ch=9)
[PASS] wvfFind_event3623_trackID4_opNum6_merged.root → copied (ms_ch=6)
[PASS] wvfFind_event8583_trackID13_opNum5_merged.root → copied (ms_ch=5)
[PASS] wvfFind_event1698_trackID5_opNum9_merged.root → copied (ms_ch=9)
[PASS] wvfFind_event13657_trackID19_opNum9_merged.root → copied (ms_ch=9)
[PASS] wvfFind_event4669_trackID0_opNum5_merged.root → copied (ms_ch=5)
[PASS] wvfFind_event15799_trackID7_opNum9_merged.root → copied (ms_ch=9)
[PASS] wvfFind_event13715_trackID15_opNum8_merged.root → copied (ms_ch=8)
[PASS] wvfFind_event20748_trackID5_opNum9_merged.root → copied (ms_ch=9)
[PASS] wvfFind_event20439_trackID18_opNum9_merged.root → copied (ms_ch=9)
[PASS] wvfFind_event2138_trackID0_opNum9_merged.root → copied (ms_ch=9)
[PASS] wvfFind_event18156_trackID0_opNum6_merged.root → copied (ms_ch=6)
[PASS] wvfFind_event5452_trackID7_opNum9_merged.root → copied (ms_ch=9)
[PASS] wvfFind_event2646_trackID6_opNum8_merged.root → copied (ms_ch=8)
[PASS] wvfFind_event1862_trackID14_opNum8_merged.root → copied (ms_ch=8)
[PASS] wvfFind_event5659_trackID11_opNum9_merged.root → copied (ms_ch=9)
[PASS] wvfFind_event20256_trackID12_opNum9_merged.root → copied (ms_ch=9)
[PASS] wvfFind_event1136_trackID12_opNum5_merged.root → copied (ms_ch=5)
[PASS] wvfFind_event8444_trackID24_opNum4_merged.root → copied (ms_ch=4)
[PASS] wvfFind_event18020_trackID18_opNum9_merged.root → copied (ms_ch=9)
[PASS] wvfFind_event15659_trackID12_opNum9_merged.root → copied (ms_ch=9)
[SKIP] wvfFind_event24528_trackID2_opNum2_merged.root (ms_ch=2)
[PASS] wvfFind_event6053_trackID2_opNum9_merged.root → copied (ms_ch=9)
[PASS] wvfFind_event4056_trackID12_opNum9_merged.root → copied (ms_ch=9)
[PASS] wvfFind_event14759_trackID8_opNum9.root → copied (ms_ch=9)
[PASS] wvfFind_event8007_trackID5_opNum9_merged.root → copied (ms_ch=9)
[PASS] wvfFind_event10418_trackID40_opNum6_merged.root → copied (ms_ch=6)
[PASS] wvfFind_event1385_trackID9_opNum9_merged.root → copied (ms_ch=9)
[PASS] wvfFind_event2278_trackID6_opNum5_merged.root → copied (ms_ch=5)
[PASS] wvfFind_event3896_trackID10_opNum9_merged.root → copied (ms_ch=9)
[PASS] wvfFind_event8313_trackID0_opNum9_merged.root → copied (ms_ch=9)
[PASS] wvfFind_event6263_trackID19_opNum7_merged.root → copied (ms_ch=7)
[PASS] wvfFind_event4450_trackID1_opNum4_merged.root → copied (ms_ch=4)
[PASS] wvfFind_event12752_trackID18_opNum5_merged.root → copied (ms_ch=5)
[SKIP] wvfFind_event3828_trackID4_opNum3_merged.root (ms_ch=3)
[PASS] wvfFind_event5961_trackID8_opNum8_merged.root → copied (ms_ch=8)
[PASS] wvfFind_event14848_trackID4_opNum9_merged.root → copied (ms_ch=9)
[PASS] wvfFind_event23183_trackID5_opNum9_merged.root → copied (ms_ch=9)
[PASS] wvfFind_event2640_trackID24_opNum5_merged.root → copied (ms_ch=5)
[SKIP] wvfFind_event144_trackID17_opNum2_merged.root (ms_ch=2)
[PASS] wvfFind_event20791_trackID9_opNum9_merged.root → copied (ms_ch=9)
[PASS] wvfFind_event1350_trackID11_opNum4_merged.root → copied (ms_ch=4)
[PASS] wvfFind_event5303_trackID11_opNum9_merged.root → copied (ms_ch=9)
[PASS] wvfFind_event6559_trackID7_opNum9_merged.root → copied (ms_ch=9)
[PASS] wvfFind_event19155_trackID4_opNum8_merged.root → copied (ms_ch=8)
[PASS] wvfFind_event1477_trackID2_opNum7_merged.root → copied (ms_ch=7)
[PASS] wvfFind_event3811_trackID15_opNum9_merged.root → copied (ms_ch=9)
[PASS] wvfFind_event20421_trackID13_opNum8_merged.root → copied (ms_ch=8)
[PASS] wvfFind_event16543_trackID9_opNum8_merged.root → copied (ms_ch=8)
[PASS] wvfFind_event1948_trackID19_opNum9_merged.root → copied (ms_ch=9)
[PASS] wvfFind_event17051_trackID15_opNum8_merged.root → copied (ms_ch=8)
[PASS] wvfFind_event4034_trackID3_opNum6_merged.root → copied (ms_ch=6)
[PASS] wvfFind_event14481_trackID14_opNum9_merged.root → copied (ms_ch=9)
[SKIP] wvfFind_event16709_trackID15_opNum2_merged.root (ms_ch=2)
[PASS] wvfFind_event2852_trackID5_opNum4_merged.root → copied (ms_ch=4)
[PASS] wvfFind_event18629_trackID3_opNum9_merged.root → copied (ms_ch=9)
[PASS] wvfFind_event6721_trackID22_opNum8_merged.root → copied (ms_ch=8)
[PASS] wvfFind_event1442_trackID15_opNum9_merged.root → copied (ms_ch=9)
[PASS] wvfFind_event12775_trackID1_opNum9_merged.root → copied (ms_ch=9)
[PASS] wvfFind_event2430_trackID12_opNum9_merged.root → copied (ms_ch=9)
[PASS] wvfFind_event14934_trackID8_opNum9_merged.root → copied (ms_ch=9)
[PASS] wvfFind_event5862_trackID4_opNum9_merged.root → copied (ms_ch=9)
[PASS] wvfFind_event9140_trackID9_opNum9_merged.root → copied (ms_ch=9)
[SKIP] wvfFind_event2440_trackID0_opNum3_merged.root (ms_ch=3)
[PASS] wvfFind_event18249_trackID6_opNum7_merged.root → copied (ms_ch=7)
[PASS] wvfFind_event11293_trackID8_opNum9_merged.root → copied (ms_ch=9)
[PASS] wvfFind_event24322_trackID8_opNum7_merged.root → copied (ms_ch=7)
[PASS] wvfFind_event18776_trackID10_opNum9_merged.root → copied (ms_ch=9)
[PASS] wvfFind_event24192_trackID17_opNum7_merged.root → copied (ms_ch=7)
[PASS] wvfFind_event3452_trackID5_opNum5_merged.root → copied (ms_ch=5)
[PASS] wvfFind_event22188_trackID10_opNum7_merged.root → copied (ms_ch=7)
[SKIP] wvfFind_event4463_trackID14_opNum1_merged.root (ms_ch=1)
[PASS] wvfFind_event11720_trackID11_opNum7_merged.root → copied (ms_ch=7)
[PASS] wvfFind_event5960_trackID24_opNum9_merged.root → copied (ms_ch=9)
[PASS] wvfFind_event23384_trackID2_opNum8.root → copied (ms_ch=8)
[PASS] wvfFind_event8007_trackID1_opNum6_merged.root → copied (ms_ch=6)
[PASS] wvfFind_event10501_trackID0_opNum9_merged.root → copied (ms_ch=9)
[SKIP] wvfFind_event2165_trackID1_opNum2_merged.root (ms_ch=2)
[PASS] wvfFind_event1493_trackID6_opNum9_merged.root → copied (ms_ch=9)
[PASS] wvfFind_event10567_trackID10_opNum9_merged.root → copied (ms_ch=9)
[PASS] wvfFind_event21515_trackID3_opNum8_merged.root → copied (ms_ch=8)
[PASS] wvfFind_event1260_trackID10_opNum5_merged.root → copied (ms_ch=5)
[SKIP] wvfFind_event12715_trackID1_opNum3_merged.root (ms_ch=3)
[SKIP] wvfFind_event24391_trackID16_opNum1_merged.root (ms_ch=1)
[PASS] wvfFind_event4240_trackID3_opNum5_merged.root → copied (ms_ch=5)
[SKIP] wvfFind_event20564_trackID6_opNum3_merged.root (ms_ch=3)
[PASS] wvfFind_event16603_trackID5_opNum9_merged.root → copied (ms_ch=9)
[PASS] wvfFind_event6475_trackID13_opNum8_merged.root → copied (ms_ch=8)
[PASS] wvfFind_event236_trackID3_opNum9_merged.root → copied (ms_ch=9)
[SKIP] wvfFind_event11266_trackID20_opNum3_merged.root (ms_ch=3)
[PASS] wvfFind_event9343_trackID17_opNum6_merged.root → copied (ms_ch=6)
[PASS] wvfFind_event16581_trackID11_opNum8_merged.root → copied (ms_ch=8)
[PASS] wvfFind_event12175_trackID14_opNum9_merged.root → copied (ms_ch=9)
[PASS] wvfFind_event16964_trackID4_opNum5_merged.root → copied (ms_ch=5)
[PASS] wvfFind_event20181_trackID1_opNum5_merged.root → copied (ms_ch=5)
[PASS] wvfFind_event965_trackID9_opNum7_merged.root → copied (ms_ch=7)
[PASS] wvfFind_event14789_trackID7_opNum6_merged.root → copied (ms_ch=6)
[SKIP] wvfFind_event14999_trackID14_opNum3_merged.root (ms_ch=3)
[PASS] wvfFind_event13583_trackID17_opNum9_merged.root → copied (ms_ch=9)
[PASS] wvfFind_event4772_trackID5_opNum6_merged.root → copied (ms_ch=6)
[SKIP] wvfFind_event4298_trackID17_opNum2_merged.root (ms_ch=2)
[PASS] wvfFind_event20907_trackID6_opNum9_merged.root → copied (ms_ch=9)
[PASS] wvfFind_event14061_trackID8_opNum5_merged.root → copied (ms_ch=5)
[PASS] wvfFind_event23586_trackID13_opNum4_merged.root → copied (ms_ch=4)
[PASS] wvfFind_event12560_trackID8_opNum7_merged.root → copied (ms_ch=7)
[SKIP] wvfFind_event15773_trackID10_opNum3_merged.root (ms_ch=3)
[PASS] wvfFind_event24669_trackID22_opNum8_merged.root → copied (ms_ch=8)
[PASS] wvfFind_event23901_trackID23_opNum5_merged.root → copied (ms_ch=5)
[PASS] wvfFind_event19551_trackID16_opNum9_merged.root → copied (ms_ch=9)
[PASS] wvfFind_event15141_trackID3_opNum4_merged.root → copied (ms_ch=4)
[PASS] wvfFind_event2910_trackID7_opNum9_merged.root → copied (ms_ch=9)
[PASS] wvfFind_event16155_trackID12_opNum9_merged.root → copied (ms_ch=9)
[PASS] wvfFind_event21311_trackID7_opNum5_merged.root → copied (ms_ch=5)
[SKIP] wvfFind_event8181_trackID22_opNum3_merged.root (ms_ch=3)
[SKIP] wvfFind_event23040_trackID44_opNum3_merged.root (ms_ch=3)
[PASS] wvfFind_event8123_trackID6_opNum9_merged.root → copied (ms_ch=9)
[PASS] wvfFind_event12053_trackID2_opNum5_merged.root → copied (ms_ch=5)
[PASS] wvfFind_event11923_trackID29_opNum9_merged.root → copied (ms_ch=9)
[PASS] wvfFind_event3188_trackID1_opNum9_merged.root → copied (ms_ch=9)
[PASS] wvfFind_event3062_trackID12_opNum9_merged.root → copied (ms_ch=9)
[PASS] wvfFind_event8609_trackID4_opNum9_merged.root → copied (ms_ch=9)
[PASS] wvfFind_event23942_trackID21_opNum9_merged.root → copied (ms_ch=9)
[PASS] wvfFind_event9818_trackID11_opNum8_merged.root → copied (ms_ch=8)
[PASS] wvfFind_event2992_trackID1_opNum8_merged.root → copied (ms_ch=8)
[PASS] wvfFind_event12173_trackID11_opNum5_merged.root → copied (ms_ch=5)
[PASS] wvfFind_event22509_trackID14_opNum9_merged.root → copied (ms_ch=9)
[PASS] wvfFind_event21767_trackID4_opNum8_merged.root → copied (ms_ch=8)
[PASS] wvfFind_event17891_trackID12_opNum6_merged.root → copied (ms_ch=6)
[PASS] wvfFind_event20904_trackID27_opNum8_merged.root → copied (ms_ch=8)
[PASS] wvfFind_event4287_trackID1_opNum4_merged.root → copied (ms_ch=4)
[SKIP] wvfFind_event16244_trackID30_opNum1_merged.root (ms_ch=1)
[PASS] wvfFind_event19597_trackID11_opNum9_merged.root → copied (ms_ch=9)
[PASS] wvfFind_event16412_trackID14_opNum7_merged.root → copied (ms_ch=7)
[PASS] wvfFind_event20636_trackID25_opNum4_merged.root → copied (ms_ch=4)
[PASS] wvfFind_event18006_trackID13_opNum6_merged.root → copied (ms_ch=6)
[PASS] wvfFind_event4820_trackID11_opNum9_merged.root → copied (ms_ch=9)
[PASS] wvfFind_event10899_trackID9_opNum9_merged.root → copied (ms_ch=9)
[PASS] wvfFind_event3256_trackID18_opNum6_merged.root → copied (ms_ch=6)
[PASS] wvfFind_event18125_trackID14_opNum9_merged.root → copied (ms_ch=9)
[PASS] wvfFind_event6263_trackID3_opNum4_merged.root → copied (ms_ch=4)
[PASS] wvfFind_event19868_trackID15_opNum9_merged.root → copied (ms_ch=9)
[PASS] wvfFind_event13204_trackID18_opNum5_merged.root → copied (ms_ch=5)
[PASS] wvfFind_event13579_trackID13_opNum9_merged.root → copied (ms_ch=9)
[PASS] wvfFind_event13941_trackID7_opNum9_merged.root → copied (ms_ch=9)
[SKIP] wvfFind_event2688_trackID25_opNum1_merged.root (ms_ch=1)
[PASS] wvfFind_event7312_trackID3_opNum6_merged.root → copied (ms_ch=6)
[PASS] wvfFind_event9128_trackID16_opNum9_merged.root → copied (ms_ch=9)
[SKIP] wvfFind_event345_trackID36_opNum1_merged.root (ms_ch=1)
[PASS] wvfFind_event5298_trackID1_opNum9_merged.root → copied (ms_ch=9)
[PASS] wvfFind_event24014_trackID0_opNum4_merged.root → copied (ms_ch=4)
[PASS] wvfFind_event17716_trackID4_opNum9_merged.root → copied (ms_ch=9)
[PASS] wvfFind_event2776_trackID13_opNum4_merged.root → copied (ms_ch=4)
[SKIP] wvfFind_event21076_trackID1_opNum3_merged.root (ms_ch=3)
[PASS] wvfFind_event22823_trackID18_opNum8_merged.root → copied (ms_ch=8)
[PASS] wvfFind_event24039_trackID32_opNum5_merged.root → copied (ms_ch=5)
[PASS] wvfFind_event17533_trackID2_opNum9_merged.root → copied (ms_ch=9)
[PASS] wvfFind_event5700_trackID6_opNum9_merged.root → copied (ms_ch=9)
[PASS] wvfFind_event1743_trackID11_opNum4_merged.root → copied (ms_ch=4)
[PASS] wvfFind_event11183_trackID8_opNum9_merged.root → copied (ms_ch=9)
[PASS] wvfFind_event12780_trackID11_opNum9_merged.root → copied (ms_ch=9)
[PASS] wvfFind_event4174_trackID3_opNum8_merged.root → copied (ms_ch=8)
[PASS] wvfFind_event11473_trackID16_opNum9_merged.root → copied (ms_ch=9)
[PASS] wvfFind_event4994_trackID22_opNum9_merged.root → copied (ms_ch=9)
[PASS] wvfFind_event16485_trackID6_opNum9_merged.root → copied (ms_ch=9)
[PASS] wvfFind_event9985_trackID15_opNum9_merged.root → copied (ms_ch=9)
[PASS] wvfFind_event594_trackID0_opNum9_merged.root → copied (ms_ch=9)
[PASS] wvfFind_event2196_trackID11_opNum9_merged.root → copied (ms_ch=9)
[SKIP] wvfFind_event3948_trackID4_opNum1_merged.root (ms_ch=1)
[PASS] wvfFind_event8413_trackID11_opNum5_merged.root → copied (ms_ch=5)
[PASS] wvfFind_event21145_trackID15_opNum9_merged.root → copied (ms_ch=9)
[PASS] wvfFind_event6163_trackID5_opNum9_merged.root → copied (ms_ch=9)
[PASS] wvfFind_event12365_trackID1_opNum5_merged.root → copied (ms_ch=5)
[PASS] wvfFind_event14869_trackID23_opNum8_merged.root → copied (ms_ch=8)
[PASS] wvfFind_event17451_trackID5_opNum9_merged.root → copied (ms_ch=9)
[PASS] wvfFind_event14516_trackID6_opNum5.root → copied (ms_ch=5)
[PASS] wvfFind_event15939_trackID1_opNum9.root → copied (ms_ch=9)
[SKIP] wvfFind_event16561_trackID29_opNum1_merged.root (ms_ch=1)
[PASS] wvfFind_event7089_trackID6_opNum9_merged.root → copied (ms_ch=9)
[PASS] wvfFind_event1934_trackID5_opNum4_merged.root → copied (ms_ch=4)
[PASS] wvfFind_event942_trackID10_opNum6_merged.root → copied (ms_ch=6)
[PASS] wvfFind_event2311_trackID22_opNum9_merged.root → copied (ms_ch=9)
[PASS] wvfFind_event4419_trackID1_opNum9_merged.root → copied (ms_ch=9)
[PASS] wvfFind_event1129_trackID11_opNum6_merged.root → copied (ms_ch=6)
[PASS] wvfFind_event23426_trackID12_opNum8_merged.root → copied (ms_ch=8)
[PASS] wvfFind_event2023_trackID3_opNum9_merged.root → copied (ms_ch=9)
[PASS] wvfFind_event9676_trackID0_opNum6_merged.root → copied (ms_ch=6)
[PASS] wvfFind_event19972_trackID2_opNum5.root → copied (ms_ch=5)
[PASS] wvfFind_event20842_trackID12_opNum9_merged.root → copied (ms_ch=9)
[PASS] wvfFind_event4933_trackID1_opNum6_merged.root → copied (ms_ch=6)
[PASS] wvfFind_event9570_trackID0_opNum6_merged.root → copied (ms_ch=6)
[PASS] wvfFind_event12430_trackID4_opNum9_merged.root → copied (ms_ch=9)
[PASS] wvfFind_event8424_trackID1_opNum8_merged.root → copied (ms_ch=8)
[PASS] wvfFind_event7697_trackID11_opNum8_merged.root → copied (ms_ch=8)
[PASS] wvfFind_event6190_trackID12_opNum4_merged.root → copied (ms_ch=4)
[PASS] wvfFind_event3016_trackID6_opNum5_merged.root → copied (ms_ch=5)
[PASS] wvfFind_event20479_trackID3_opNum9_merged.root → copied (ms_ch=9)
[PASS] wvfFind_event24179_trackID3_opNum9_merged.root → copied (ms_ch=9)
[PASS] wvfFind_event4673_trackID16_opNum8_merged.root → copied (ms_ch=8)
[PASS] wvfFind_event12850_trackID3_opNum9_merged.root → copied (ms_ch=9)
[PASS] wvfFind_event20182_trackID10_opNum7_merged.root → copied (ms_ch=7)
[PASS] wvfFind_event18816_trackID6_opNum9_merged.root → copied (ms_ch=9)
[PASS] wvfFind_event14746_trackID24_opNum8_merged.root → copied (ms_ch=8)
[SKIP] wvfFind_event24092_trackID6_opNum3_merged.root (ms_ch=3)
[PASS] wvfFind_event11478_trackID22_opNum7_merged.root → copied (ms_ch=7)
[PASS] wvfFind_event14813_trackID6_opNum9_merged.root → copied (ms_ch=9)
[PASS] wvfFind_event14210_trackID17_opNum8_merged.root → copied (ms_ch=8)
[PASS] wvfFind_event5493_trackID22_opNum9_merged.root → copied (ms_ch=9)
[PASS] wvfFind_event21340_trackID27_opNum9_merged.root → copied (ms_ch=9)
[PASS] wvfFind_event4686_trackID1_opNum9_merged.root → copied (ms_ch=9)
[SKIP] wvfFind_event8689_trackID33_opNum1_merged.root (ms_ch=1)
[PASS] wvfFind_event20834_trackID17_opNum9_merged.root → copied (ms_ch=9)
[PASS] wvfFind_event2479_trackID2_opNum6_merged.root → copied (ms_ch=6)
[PASS] wvfFind_event12162_trackID22_opNum8_merged.root → copied (ms_ch=8)
[PASS] wvfFind_event21533_trackID1_opNum6_merged.root → copied (ms_ch=6)
[PASS] wvfFind_event14031_trackID3_opNum9_merged.root → copied (ms_ch=9)
[PASS] wvfFind_event12350_trackID1_opNum9_merged.root → copied (ms_ch=9)
[PASS] wvfFind_event7468_trackID13_opNum9_merged.root → copied (ms_ch=9)
[PASS] wvfFind_event22987_trackID9_opNum5_merged.root → copied (ms_ch=5)
[PASS] wvfFind_event15364_trackID23_opNum9_merged.root → copied (ms_ch=9)
[PASS] wvfFind_event654_trackID14_opNum9_merged.root → copied (ms_ch=9)
[PASS] wvfFind_event11328_trackID3_opNum9_merged.root → copied (ms_ch=9)
[PASS] wvfFind_event21614_trackID3_opNum9_merged.root → copied (ms_ch=9)
[PASS] wvfFind_event12053_trackID1_opNum9.root → copied (ms_ch=9)
[PASS] wvfFind_event10118_trackID4_opNum6_merged.root → copied (ms_ch=6)
[PASS] wvfFind_event6653_trackID11_opNum5_merged.root → copied (ms_ch=5)
[PASS] wvfFind_event15449_trackID11_opNum9_merged.root → copied (ms_ch=9)
[PASS] wvfFind_event20841_trackID6_opNum9_merged.root → copied (ms_ch=9)
[PASS] wvfFind_event12248_trackID14_opNum9_merged.root → copied (ms_ch=9)
[SKIP] wvfFind_event7017_trackID10_opNum3_merged.root (ms_ch=3)
[PASS] wvfFind_event13284_trackID25_opNum9_merged.root → copied (ms_ch=9)
[PASS] wvfFind_event8017_trackID6_opNum5_merged.root → copied (ms_ch=5)
[PASS] wvfFind_event12545_trackID2_opNum8_merged.root → copied (ms_ch=8)
[PASS] wvfFind_event8012_trackID4_opNum7_merged.root → copied (ms_ch=7)
[PASS] wvfFind_event11813_trackID4_opNum9_merged.root → copied (ms_ch=9)
[PASS] wvfFind_event14287_trackID16_opNum8_merged.root → copied (ms_ch=8)
[PASS] wvfFind_event18428_trackID15_opNum9_merged.root → copied (ms_ch=9)
[PASS] wvfFind_event8824_trackID4_opNum9_merged.root → copied (ms_ch=9)
[PASS] wvfFind_event17464_trackID2_opNum8_merged.root → copied (ms_ch=8)
[SKIP] wvfFind_event5756_trackID12_opNum3_merged.root (ms_ch=3)
[PASS] wvfFind_event20093_trackID8_opNum4_merged.root → copied (ms_ch=4)
[SKIP] wvfFind_event2502_trackID10_opNum1_merged.root (ms_ch=1)
[PASS] wvfFind_event21563_trackID1_opNum9_merged.root → copied (ms_ch=9)
[SKIP] wvfFind_event21790_trackID20_opNum1_merged.root (ms_ch=1)
[PASS] wvfFind_event16412_trackID15_opNum9_merged.root → copied (ms_ch=9)
[PASS] wvfFind_event8787_trackID2_opNum5_merged.root → copied (ms_ch=5)
[PASS] wvfFind_event18375_trackID3_opNum9_merged.root → copied (ms_ch=9)
[SKIP] wvfFind_event24475_trackID10_opNum3_merged.root (ms_ch=3)
[PASS] wvfFind_event4199_trackID9_opNum8_merged.root → copied (ms_ch=8)
[PASS] wvfFind_event13582_trackID8_opNum9_merged.root → copied (ms_ch=9)
[PASS] wvfFind_event6017_trackID2_opNum9_merged.root → copied (ms_ch=9)
[SKIP] wvfFind_event15765_trackID27_opNum2_merged.root (ms_ch=2)
[SKIP] wvfFind_event16595_trackID20_opNum1_merged.root (ms_ch=1)
[PASS] wvfFind_event892_trackID5_opNum9_merged.root → copied (ms_ch=9)
[PASS] wvfFind_event3601_trackID17_opNum9_merged.root → copied (ms_ch=9)
[PASS] wvfFind_event5127_trackID17_opNum7_merged.root → copied (ms_ch=7)
[SKIP] wvfFind_event15171_trackID20_opNum1_merged.root (ms_ch=1)
[SKIP] wvfFind_event8873_trackID7_opNum2_merged.root (ms_ch=2)
[PASS] wvfFind_event24936_trackID7_opNum9_merged.root → copied (ms_ch=9)
[SKIP] wvfFind_event2707_trackID12_opNum1_merged.root (ms_ch=1)
[PASS] wvfFind_event23767_trackID20_opNum4_merged.root → copied (ms_ch=4)
[PASS] wvfFind_event15410_trackID11_opNum9_merged.root → copied (ms_ch=9)
[PASS] wvfFind_event17868_trackID5_opNum9_merged.root → copied (ms_ch=9)
[PASS] wvfFind_event12717_trackID14_opNum8_merged.root → copied (ms_ch=8)
[PASS] wvfFind_event10576_trackID0_opNum5_merged.root → copied (ms_ch=5)
[PASS] wvfFind_event11799_trackID21_opNum8_merged.root → copied (ms_ch=8)
[PASS] wvfFind_event21406_trackID5_opNum4_merged.root → copied (ms_ch=4)
[PASS] wvfFind_event22054_trackID22_opNum9_merged.root → copied (ms_ch=9)
[PASS] wvfFind_event20558_trackID2_opNum5_merged.root → copied (ms_ch=5)
[PASS] wvfFind_event12432_trackID3_opNum5_merged.root → copied (ms_ch=5)
[PASS] wvfFind_event11705_trackID9_opNum9_merged.root → copied (ms_ch=9)
[PASS] wvfFind_event13123_trackID6_opNum9_merged.root → copied (ms_ch=9)
[PASS] wvfFind_event3671_trackID6_opNum4_merged.root → copied (ms_ch=4)
[PASS] wvfFind_event2984_trackID5_opNum9_merged.root → copied (ms_ch=9)
[PASS] wvfFind_event362_trackID8_opNum5_merged.root → copied (ms_ch=5)
[PASS] wvfFind_event12089_trackID12_opNum7_merged.root → copied (ms_ch=7)
[PASS] wvfFind_event22137_trackID2_opNum5_merged.root → copied (ms_ch=5)
[PASS] wvfFind_event15777_trackID25_opNum4_merged.root → copied (ms_ch=4)
[PASS] wvfFind_event18116_trackID0_opNum9_merged.root → copied (ms_ch=9)
[SKIP] wvfFind_event5304_trackID12_opNum1_merged.root (ms_ch=1)
[PASS] wvfFind_event5892_trackID0_opNum6_merged.root → copied (ms_ch=6)
[PASS] wvfFind_event11402_trackID14_opNum9_merged.root → copied (ms_ch=9)
[PASS] wvfFind_event15043_trackID2_opNum4_merged.root → copied (ms_ch=4)
[SKIP] wvfFind_event2109_trackID20_opNum3_merged.root (ms_ch=3)
[PASS] wvfFind_event5884_trackID20_opNum9_merged.root → copied (ms_ch=9)
[PASS] wvfFind_event7449_trackID6_opNum9_merged.root → copied (ms_ch=9)
[SKIP] wvfFind_event2325_trackID8_opNum3_merged.root (ms_ch=3)
[SKIP] wvfFind_event4383_trackID2_opNum1_merged.root (ms_ch=1)
[PASS] wvfFind_event14836_trackID26_opNum4_merged.root → copied (ms_ch=4)
[PASS] wvfFind_event7348_trackID0_opNum9_merged.root → copied (ms_ch=9)
[PASS] wvfFind_event16426_trackID10_opNum9_merged.root → copied (ms_ch=9)
[PASS] wvfFind_event2172_trackID6_opNum9_merged.root → copied (ms_ch=9)
[PASS] wvfFind_event24447_trackID18_opNum9_merged.root → copied (ms_ch=9)
[PASS] wvfFind_event5078_trackID4_opNum7_merged.root → copied (ms_ch=7)
[PASS] wvfFind_event11103_trackID23_opNum8_merged.root → copied (ms_ch=8)
[PASS] wvfFind_event6421_trackID0_opNum5.root → copied (ms_ch=5)
[PASS] wvfFind_event4609_trackID4_opNum9_merged.root → copied (ms_ch=9)
[PASS] wvfFind_event6403_trackID3_opNum4_merged.root → copied (ms_ch=4)
[PASS] wvfFind_event13435_trackID23_opNum6_merged.root → copied (ms_ch=6)
[PASS] wvfFind_event20362_trackID10_opNum5_merged.root → copied (ms_ch=5)
[SKIP] wvfFind_event10427_trackID21_opNum3_merged.root (ms_ch=3)
[PASS] wvfFind_event8646_trackID3_opNum9_merged.root → copied (ms_ch=9)
[PASS] wvfFind_event20152_trackID9_opNum8_merged.root → copied (ms_ch=8)
[PASS] wvfFind_event16949_trackID22_opNum9_merged.root → copied (ms_ch=9)
[PASS] wvfFind_event3043_trackID33_opNum8_merged.root → copied (ms_ch=8)
[SKIP] wvfFind_event17270_trackID6_opNum2_merged.root (ms_ch=2)
[PASS] wvfFind_event16825_trackID17_opNum8_merged.root → copied (ms_ch=8)
[PASS] wvfFind_event17329_trackID16_opNum9_merged.root → copied (ms_ch=9)
[PASS] wvfFind_event20833_trackID5_opNum9_merged.root → copied (ms_ch=9)
[PASS] wvfFind_event18546_trackID7_opNum9_merged.root → copied (ms_ch=9)
[PASS] wvfFind_event4637_trackID14_opNum9_merged.root → copied (ms_ch=9)
[PASS] wvfFind_event8424_trackID8_opNum9_merged.root → copied (ms_ch=9)
[PASS] wvfFind_event12246_trackID3_opNum4_merged.root → copied (ms_ch=4)
[PASS] wvfFind_event11023_trackID0_opNum8_merged.root → copied (ms_ch=8)
[PASS] wvfFind_event11917_trackID4_opNum9_merged.root → copied (ms_ch=9)
[SKIP] wvfFind_event6907_trackID17_opNum1_merged.root (ms_ch=1)
[PASS] wvfFind_event7729_trackID12_opNum9_merged.root → copied (ms_ch=9)
[PASS] wvfFind_event22870_trackID7_opNum9_merged.root → copied (ms_ch=9)
[SKIP] wvfFind_event4063_trackID11_opNum3_merged.root (ms_ch=3)
[PASS] wvfFind_event7192_trackID9_opNum9_merged.root → copied (ms_ch=9)
[PASS] wvfFind_event7152_trackID14_opNum9_merged.root → copied (ms_ch=9)
[PASS] wvfFind_event10949_trackID17_opNum5_merged.root → copied (ms_ch=5)
[SKIP] wvfFind_event24605_trackID7_opNum2_merged.root (ms_ch=2)
[PASS] wvfFind_event13272_trackID7_opNum9_merged.root → copied (ms_ch=9)
[PASS] wvfFind_event6647_trackID1_opNum9_merged.root → copied (ms_ch=9)
[PASS] wvfFind_event7750_trackID16_opNum9_merged.root → copied (ms_ch=9)
[PASS] wvfFind_event16937_trackID11_opNum9_merged.root → copied (ms_ch=9)
[PASS] wvfFind_event6796_trackID2_opNum9_merged.root → copied (ms_ch=9)
[PASS] wvfFind_event16293_trackID13_opNum8_merged.root → copied (ms_ch=8)
[SKIP] wvfFind_event7606_trackID9_opNum2.root (ms_ch=2)
[PASS] wvfFind_event5005_trackID15_opNum9_merged.root → copied (ms_ch=9)
[PASS] wvfFind_event9690_trackID17_opNum9_merged.root → copied (ms_ch=9)
[PASS] wvfFind_event839_trackID7_opNum9_merged.root → copied (ms_ch=9)
[PASS] wvfFind_event15470_trackID8_opNum9_merged.root → copied (ms_ch=9)
[PASS] wvfFind_event13586_trackID12_opNum9_merged.root → copied (ms_ch=9)
[PASS] wvfFind_event21228_trackID3_opNum5_merged.root → copied (ms_ch=5)
[PASS] wvfFind_event14862_trackID7_opNum5_merged.root → copied (ms_ch=5)
[SKIP] wvfFind_event16095_trackID12_opNum1_merged.root (ms_ch=1)
[PASS] wvfFind_event23274_trackID14_opNum4_merged.root → copied (ms_ch=4)
[PASS] wvfFind_event2212_trackID21_opNum6_merged.root → copied (ms_ch=6)
[PASS] wvfFind_event3534_trackID11_opNum9_merged.root → copied (ms_ch=9)
[PASS] wvfFind_event5240_trackID5_opNum9_merged.root → copied (ms_ch=9)
[PASS] wvfFind_event198_trackID13_opNum7_merged.root → copied (ms_ch=7)
[PASS] wvfFind_event13823_trackID11_opNum8_merged.root → copied (ms_ch=8)
[PASS] wvfFind_event21295_trackID2_opNum9_merged.root → copied (ms_ch=9)
[PASS] wvfFind_event16098_trackID5_opNum4_merged.root → copied (ms_ch=4)
[PASS] wvfFind_event23614_trackID12_opNum9_merged.root → copied (ms_ch=9)
[PASS] wvfFind_event8748_trackID0_opNum9_merged.root → copied (ms_ch=9)
[SKIP] wvfFind_event13952_trackID5_opNum3.root (ms_ch=3)
[PASS] wvfFind_event18076_trackID10_opNum6_merged.root → copied (ms_ch=6)
[SKIP] wvfFind_event5500_trackID6_opNum1_merged.root (ms_ch=1)
[PASS] wvfFind_event15820_trackID1_opNum9_merged.root → copied (ms_ch=9)
[PASS] wvfFind_event20310_trackID21_opNum5_merged.root → copied (ms_ch=5)
[PASS] wvfFind_event13287_trackID2_opNum8_merged.root → copied (ms_ch=8)
[PASS] wvfFind_event6377_trackID10_opNum9_merged.root → copied (ms_ch=9)
[PASS] wvfFind_event12639_trackID2_opNum9_merged.root → copied (ms_ch=9)
[PASS] wvfFind_event1145_trackID10_opNum9_merged.root → copied (ms_ch=9)
[PASS] wvfFind_event24515_trackID8_opNum9_merged.root → copied (ms_ch=9)
[PASS] wvfFind_event17721_trackID3_opNum9_merged.root → copied (ms_ch=9)
[PASS] wvfFind_event24349_trackID4_opNum9_merged.root → copied (ms_ch=9)
[PASS] wvfFind_event8785_trackID10_opNum9_merged.root → copied (ms_ch=9)
[PASS] wvfFind_event16872_trackID1_opNum5_merged.root → copied (ms_ch=5)
[PASS] wvfFind_event4549_trackID25_opNum9_merged.root → copied (ms_ch=9)
[PASS] wvfFind_event9257_trackID0_opNum9_merged.root → copied (ms_ch=9)
[PASS] wvfFind_event9149_trackID14_opNum6_merged.root → copied (ms_ch=6)
[PASS] wvfFind_event11452_trackID4_opNum9_merged.root → copied (ms_ch=9)
[SKIP] wvfFind_event14780_trackID23_opNum1_merged.root (ms_ch=1)
[PASS] wvfFind_event17717_trackID1_opNum9_merged.root → copied (ms_ch=9)
[SKIP] wvfFind_event10127_trackID5_opNum1_merged.root (ms_ch=1)
[PASS] wvfFind_event9186_trackID4_opNum5_merged.root → copied (ms_ch=5)
[PASS] wvfFind_event6017_trackID19_opNum9_merged.root → copied (ms_ch=9)
[PASS] wvfFind_event18313_trackID14_opNum9_merged.root → copied (ms_ch=9)
[PASS] wvfFind_event13595_trackID0_opNum9_merged.root → copied (ms_ch=9)
[PASS] wvfFind_event11434_trackID6_opNum6_merged.root → copied (ms_ch=6)
[PASS] wvfFind_event16548_trackID19_opNum4_merged.root → copied (ms_ch=4)
[PASS] wvfFind_event5066_trackID1_opNum9.root → copied (ms_ch=9)
[PASS] wvfFind_event21883_trackID10_opNum9_merged.root → copied (ms_ch=9)
[SKIP] wvfFind_event19741_trackID0_opNum2_merged.root (ms_ch=2)
[SKIP] wvfFind_event20062_trackID2_opNum1_merged.root (ms_ch=1)
[PASS] wvfFind_event8764_trackID14_opNum9_merged.root → copied (ms_ch=9)
[PASS] wvfFind_event3756_trackID2_opNum9_merged.root → copied (ms_ch=9)
[PASS] wvfFind_event21367_trackID1_opNum9.root → copied (ms_ch=9)
[PASS] wvfFind_event6550_trackID0_opNum6_merged.root → copied (ms_ch=6)
[PASS] wvfFind_event8406_trackID3_opNum9_merged.root → copied (ms_ch=9)
[PASS] wvfFind_event4721_trackID12_opNum9_merged.root → copied (ms_ch=9)
[PASS] wvfFind_event20007_trackID0_opNum9_merged.root → copied (ms_ch=9)
[PASS] wvfFind_event11843_trackID1_opNum9_merged.root → copied (ms_ch=9)
[SKIP] wvfFind_event24271_trackID1_opNum1_merged.root (ms_ch=1)
[PASS] wvfFind_event3765_trackID5_opNum6_merged.root → copied (ms_ch=6)
[PASS] wvfFind_event24261_trackID5_opNum7_merged.root → copied (ms_ch=7)
[PASS] wvfFind_event1215_trackID7_opNum9_merged.root → copied (ms_ch=9)
[PASS] wvfFind_event21193_trackID5_opNum4_merged.root → copied (ms_ch=4)
[PASS] wvfFind_event3295_trackID28_opNum4_merged.root → copied (ms_ch=4)
[PASS] wvfFind_event39_trackID8_opNum9_merged.root → copied (ms_ch=9)
[PASS] wvfFind_event5585_trackID9_opNum9_merged.root → copied (ms_ch=9)
[SKIP] wvfFind_event8784_trackID13_opNum2_merged.root (ms_ch=2)
[PASS] wvfFind_event7638_trackID8_opNum6_merged.root → copied (ms_ch=6)
[PASS] wvfFind_event24139_trackID7_opNum9_merged.root → copied (ms_ch=9)
[PASS] wvfFind_event14220_trackID12_opNum9_merged.root → copied (ms_ch=9)
[SKIP] wvfFind_event18247_trackID5_opNum1_merged.root (ms_ch=1)
[PASS] wvfFind_event21088_trackID4_opNum8_merged.root → copied (ms_ch=8)
[PASS] wvfFind_event3657_trackID3_opNum7_merged.root → copied (ms_ch=7)
[PASS] wvfFind_event2319_trackID2_opNum9_merged.root → copied (ms_ch=9)
[PASS] wvfFind_event8367_trackID0_opNum5_merged.root → copied (ms_ch=5)
[PASS] wvfFind_event16595_trackID14_opNum9_merged.root → copied (ms_ch=9)
[PASS] wvfFind_event20460_trackID3_opNum5_merged.root → copied (ms_ch=5)
[PASS] wvfFind_event5625_trackID18_opNum8_merged.root → copied (ms_ch=8)
[PASS] wvfFind_event6912_trackID13_opNum9_merged.root → copied (ms_ch=9)
[PASS] wvfFind_event12856_trackID26_opNum4_merged.root → copied (ms_ch=4)
[PASS] wvfFind_event6962_trackID3_opNum9_merged.root → copied (ms_ch=9)
[PASS] wvfFind_event16999_trackID1_opNum9_merged.root → copied (ms_ch=9)
[PASS] wvfFind_event2405_trackID2_opNum9_merged.root → copied (ms_ch=9)
[PASS] wvfFind_event2100_trackID0_opNum6_merged.root → copied (ms_ch=6)
[PASS] wvfFind_event20205_trackID4_opNum8_merged.root → copied (ms_ch=8)
[PASS] wvfFind_event3367_trackID12_opNum4_merged.root → copied (ms_ch=4)
[PASS] wvfFind_event7097_trackID15_opNum9_merged.root → copied (ms_ch=9)
[PASS] wvfFind_event16043_trackID0_opNum4_merged.root → copied (ms_ch=4)
[PASS] wvfFind_event17600_trackID1_opNum9_merged.root → copied (ms_ch=9)
[PASS] wvfFind_event7507_trackID30_opNum7_merged.root → copied (ms_ch=7)
[PASS] wvfFind_event22034_trackID24_opNum9_merged.root → copied (ms_ch=9)
[SKIP] wvfFind_event9034_trackID8_opNum3_merged.root (ms_ch=3)
[PASS] wvfFind_event19012_trackID12_opNum4_merged.root → copied (ms_ch=4)
[PASS] wvfFind_event3321_trackID29_opNum6_merged.root → copied (ms_ch=6)
[PASS] wvfFind_event11466_trackID2_opNum9_merged.root → copied (ms_ch=9)
[PASS] wvfFind_event8080_trackID6_opNum9_merged.root → copied (ms_ch=9)
[PASS] wvfFind_event12250_trackID9_opNum9_merged.root → copied (ms_ch=9)
[PASS] wvfFind_event3024_trackID2_opNum9_merged.root → copied (ms_ch=9)
[PASS] wvfFind_event2111_trackID15_opNum9_merged.root → copied (ms_ch=9)
[PASS] wvfFind_event20042_trackID9_opNum9_merged.root → copied (ms_ch=9)
[PASS] wvfFind_event21942_trackID25_opNum9_merged.root → copied (ms_ch=9)
[PASS] wvfFind_event4927_trackID13_opNum9_merged.root → copied (ms_ch=9)
[PASS] wvfFind_event13509_trackID2_opNum4_merged.root → copied (ms_ch=4)
[PASS] wvfFind_event10479_trackID8_opNum9_merged.root → copied (ms_ch=9)
[PASS] wvfFind_event9366_trackID27_opNum8_merged.root → copied (ms_ch=8)
[SKIP] wvfFind_event17737_trackID7_opNum1_merged.root (ms_ch=1)
[SKIP] wvfFind_event17153_trackID12_opNum1_merged.root (ms_ch=1)
[PASS] wvfFind_event19537_trackID7_opNum9.root → copied (ms_ch=9)
[PASS] wvfFind_event1157_trackID8_opNum5_merged.root → copied (ms_ch=5)
[PASS] wvfFind_event8339_trackID5_opNum6_merged.root → copied (ms_ch=6)
[PASS] wvfFind_event1519_trackID6_opNum9_merged.root → copied (ms_ch=9)
[PASS] wvfFind_event5032_trackID2_opNum9_merged.root → copied (ms_ch=9)
[SKIP] wvfFind_event21266_trackID9_opNum3_merged.root (ms_ch=3)
[PASS] wvfFind_event3249_trackID7_opNum9_merged.root → copied (ms_ch=9)
[PASS] wvfFind_event15118_trackID3_opNum9_merged.root → copied (ms_ch=9)
[SKIP] wvfFind_event18779_trackID8_opNum3_merged.root (ms_ch=3)
[PASS] wvfFind_event22974_trackID29_opNum9_merged.root → copied (ms_ch=9)
[PASS] wvfFind_event9204_trackID12_opNum9_merged.root → copied (ms_ch=9)
[SKIP] wvfFind_event20408_trackID18_opNum2_merged.root (ms_ch=2)
[PASS] wvfFind_event13428_trackID9_opNum9_merged.root → copied (ms_ch=9)
[PASS] wvfFind_event12689_trackID11_opNum7_merged.root → copied (ms_ch=7)
[PASS] wvfFind_event1226_trackID3_opNum6_merged.root → copied (ms_ch=6)
[PASS] wvfFind_event15350_trackID10_opNum6_merged.root → copied (ms_ch=6)
[PASS] wvfFind_event20097_trackID0_opNum8_merged.root → copied (ms_ch=8)
[PASS] wvfFind_event9852_trackID10_opNum9_merged.root → copied (ms_ch=9)
[PASS] wvfFind_event10963_trackID14_opNum5_merged.root → copied (ms_ch=5)
[PASS] wvfFind_event1207_trackID1_opNum9_merged.root → copied (ms_ch=9)
[PASS] wvfFind_event17877_trackID37_opNum9_merged.root → copied (ms_ch=9)
[PASS] wvfFind_event8038_trackID7_opNum9_merged.root → copied (ms_ch=9)
[PASS] wvfFind_event7178_trackID17_opNum9_merged.root → copied (ms_ch=9)
[SKIP] wvfFind_event6949_trackID26_opNum1_merged.root (ms_ch=1)
[SKIP] wvfFind_event11227_trackID9_opNum2_merged.root (ms_ch=2)
[PASS] wvfFind_event10035_trackID28_opNum7_merged.root → copied (ms_ch=7)
[PASS] wvfFind_event20284_trackID4_opNum8_merged.root → copied (ms_ch=8)
[SKIP] wvfFind_event6831_trackID7_opNum3_merged.root (ms_ch=3)
[PASS] wvfFind_event7303_trackID22_opNum8_merged.root → copied (ms_ch=8)
[PASS] wvfFind_event3944_trackID24_opNum6_merged.root → copied (ms_ch=6)
[SKIP] wvfFind_event6537_trackID17_opNum3_merged.root (ms_ch=3)
[PASS] wvfFind_event1202_trackID19_opNum9_merged.root → copied (ms_ch=9)
[PASS] wvfFind_event3570_trackID14_opNum9_merged.root → copied (ms_ch=9)
[PASS] wvfFind_event21847_trackID23_opNum6_merged.root → copied (ms_ch=6)
[PASS] wvfFind_event2737_trackID7_opNum9_merged.root → copied (ms_ch=9)
[PASS] wvfFind_event2782_trackID5_opNum4_merged.root → copied (ms_ch=4)
[SKIP] wvfFind_event13147_trackID22_opNum1_merged.root (ms_ch=1)
[PASS] wvfFind_event14061_trackID5_opNum9_merged.root → copied (ms_ch=9)
[PASS] wvfFind_event2409_trackID0_opNum5_merged.root → copied (ms_ch=5)
[PASS] wvfFind_event24240_trackID26_opNum4_merged.root → copied (ms_ch=4)
[PASS] wvfFind_event20930_trackID15_opNum9_merged.root → copied (ms_ch=9)
[PASS] wvfFind_event21265_trackID10_opNum9_merged.root → copied (ms_ch=9)
[PASS] wvfFind_event17005_trackID7_opNum5_merged.root → copied (ms_ch=5)
[PASS] wvfFind_event11007_trackID28_opNum9_merged.root → copied (ms_ch=9)
[SKIP] wvfFind_event10728_trackID15_opNum2_merged.root (ms_ch=2)
[PASS] wvfFind_event6594_trackID15_opNum9_merged.root → copied (ms_ch=9)
[SKIP] wvfFind_event1711_trackID16_opNum3_merged.root (ms_ch=3)
[PASS] wvfFind_event24637_trackID16_opNum8_merged.root → copied (ms_ch=8)
[SKIP] wvfFind_event9331_trackID16_opNum3_merged.root (ms_ch=3)
[SKIP] wvfFind_event12571_trackID7_opNum1_merged.root (ms_ch=1)
[SKIP] wvfFind_event4390_trackID3_opNum3_merged.root (ms_ch=3)
[PASS] wvfFind_event20802_trackID9_opNum8_merged.root → copied (ms_ch=8)
[PASS] wvfFind_event15253_trackID17_opNum8_merged.root → copied (ms_ch=8)
[PASS] wvfFind_event5352_trackID10_opNum8_merged.root → copied (ms_ch=8)
[PASS] wvfFind_event21086_trackID5_opNum9_merged.root → copied (ms_ch=9)
[PASS] wvfFind_event10913_trackID7_opNum9_merged.root → copied (ms_ch=9)
[PASS] wvfFind_event9558_trackID11_opNum9_merged.root → copied (ms_ch=9)
[PASS] wvfFind_event3284_trackID0_opNum7_merged.root → copied (ms_ch=7)
[PASS] wvfFind_event19594_trackID6_opNum9_merged.root → copied (ms_ch=9)
[PASS] wvfFind_event17280_trackID10_opNum9_merged.root → copied (ms_ch=9)
[PASS] wvfFind_event10522_trackID1_opNum7_merged.root → copied (ms_ch=7)
[SKIP] wvfFind_event15138_trackID6_opNum1_merged.root (ms_ch=1)
[PASS] wvfFind_event13817_trackID19_opNum4_merged.root → copied (ms_ch=4)
[PASS] wvfFind_event5768_trackID16_opNum9_merged.root → copied (ms_ch=9)
[PASS] wvfFind_event11395_trackID5_opNum4_merged.root → copied (ms_ch=4)
[SKIP] wvfFind_event4450_trackID9_opNum3.root (ms_ch=3)
[PASS] wvfFind_event1411_trackID7_opNum9_merged.root → copied (ms_ch=9)
[SKIP] wvfFind_event15370_trackID18_opNum1_merged.root (ms_ch=1)
[PASS] wvfFind_event7729_trackID10_opNum7_merged.root → copied (ms_ch=7)
[PASS] wvfFind_event11107_trackID20_opNum9_merged.root → copied (ms_ch=9)
[PASS] wvfFind_event16872_trackID25_opNum6_merged.root → copied (ms_ch=6)
[SKIP] wvfFind_event11894_trackID11_opNum3_merged.root (ms_ch=3)
[PASS] wvfFind_event2919_trackID3_opNum6_merged.root → copied (ms_ch=6)
[PASS] wvfFind_event13602_trackID24_opNum9_merged.root → copied (ms_ch=9)
[PASS] wvfFind_event12662_trackID20_opNum9_merged.root → copied (ms_ch=9)
[SKIP] wvfFind_event15515_trackID8_opNum2_3.root (ms_ch=2)
[PASS] wvfFind_event12635_trackID7_opNum8_merged.root → copied (ms_ch=8)
[PASS] wvfFind_event10254_trackID8_opNum9_merged.root → copied (ms_ch=9)
[PASS] wvfFind_event15407_trackID10_opNum9_merged.root → copied (ms_ch=9)
[PASS] wvfFind_event14504_trackID8_opNum7_merged.root → copied (ms_ch=7)
[PASS] wvfFind_event12127_trackID8_opNum9_merged.root → copied (ms_ch=9)
[SKIP] wvfFind_event386_trackID6_opNum3_merged.root (ms_ch=3)
[PASS] wvfFind_event17577_trackID0_opNum9_merged.root → copied (ms_ch=9)
[PASS] wvfFind_event17300_trackID8_opNum9_merged.root → copied (ms_ch=9)
[PASS] wvfFind_event4284_trackID11_opNum9_merged.root → copied (ms_ch=9)
[PASS] wvfFind_event15467_trackID7_opNum8_merged.root → copied (ms_ch=8)
[SKIP] wvfFind_event18152_trackID21_opNum2_merged.root (ms_ch=2)
[PASS] wvfFind_event4802_trackID9_opNum9_merged.root → copied (ms_ch=9)
[PASS] wvfFind_event21365_trackID15_opNum9_merged.root → copied (ms_ch=9)
[PASS] wvfFind_event14265_trackID16_opNum9_merged.root → copied (ms_ch=9)
[PASS] wvfFind_event1736_trackID23_opNum9_merged.root → copied (ms_ch=9)
[PASS] wvfFind_event19549_trackID4_opNum6.root → copied (ms_ch=6)
[PASS] wvfFind_event24254_trackID1_opNum6_merged.root → copied (ms_ch=6)
[PASS] wvfFind_event21599_trackID0_opNum9_merged.root → copied (ms_ch=9)
[PASS] wvfFind_event3464_trackID10_opNum9_merged.root → copied (ms_ch=9)
[PASS] wvfFind_event10197_trackID4_opNum5_merged.root → copied (ms_ch=5)
[PASS] wvfFind_event9933_trackID13_opNum7_merged.root → copied (ms_ch=7)
[PASS] wvfFind_event8188_trackID7_opNum9_merged.root → copied (ms_ch=9)
[PASS] wvfFind_event13339_trackID3_opNum9_merged.root → copied (ms_ch=9)
[PASS] wvfFind_event17113_trackID1_opNum9_merged.root → copied (ms_ch=9)
[PASS] wvfFind_event11186_trackID6_opNum9_merged.root → copied (ms_ch=9)
[PASS] wvfFind_event20860_trackID17_opNum9_merged.root → copied (ms_ch=9)
[PASS] wvfFind_event3630_trackID3_opNum9_merged.root → copied (ms_ch=9)
[PASS] wvfFind_event7548_trackID8_opNum9_merged.root → copied (ms_ch=9)
[PASS] wvfFind_event1160_trackID2_opNum9_merged.root → copied (ms_ch=9)
[PASS] wvfFind_event20619_trackID17_opNum5_merged.root → copied (ms_ch=5)
[PASS] wvfFind_event18213_trackID12_opNum9_merged.root → copied (ms_ch=9)
[PASS] wvfFind_event12846_trackID9_opNum8_merged.root → copied (ms_ch=8)
[PASS] wvfFind_event11177_trackID13_opNum9_merged.root → copied (ms_ch=9)
[PASS] wvfFind_event19553_trackID3_opNum5_merged.root → copied (ms_ch=5)
[PASS] wvfFind_event34_trackID1_opNum9_merged.root → copied (ms_ch=9)
[PASS] wvfFind_event8156_trackID18_opNum7_merged.root → copied (ms_ch=7)
[PASS] wvfFind_event1156_trackID0_opNum9_merged.root → copied (ms_ch=9)
[PASS] wvfFind_event1575_trackID1_opNum9_merged.root → copied (ms_ch=9)
[PASS] wvfFind_event16879_trackID11_opNum8_merged.root → copied (ms_ch=8)
[PASS] wvfFind_event3149_trackID5_opNum9_merged.root → copied (ms_ch=9)
[PASS] wvfFind_event1521_trackID13_opNum6_merged.root → copied (ms_ch=6)
[PASS] wvfFind_event2135_trackID8_opNum9_merged.root → copied (ms_ch=9)
[PASS] wvfFind_event8688_trackID18_opNum9_merged.root → copied (ms_ch=9)
[PASS] wvfFind_event9264_trackID17_opNum9_merged.root → copied (ms_ch=9)
[PASS] wvfFind_event16759_trackID5_opNum9_merged.root → copied (ms_ch=9)
[PASS] wvfFind_event7378_trackID29_opNum8_merged.root → copied (ms_ch=8)
[PASS] wvfFind_event2694_trackID25_opNum9_merged.root → copied (ms_ch=9)
[PASS] wvfFind_event23730_trackID20_opNum8_merged.root → copied (ms_ch=8)
[PASS] wvfFind_event8018_trackID5_opNum9_merged.root → copied (ms_ch=9)
[PASS] wvfFind_event2738_trackID5_opNum7_merged.root → copied (ms_ch=7)
[PASS] wvfFind_event14261_trackID11_opNum5_merged.root → copied (ms_ch=5)
[PASS] wvfFind_event10996_trackID17_opNum6_merged.root → copied (ms_ch=6)
[PASS] wvfFind_event10989_trackID16_opNum9_merged.root → copied (ms_ch=9)
[PASS] wvfFind_event3363_trackID0_opNum9_merged.root → copied (ms_ch=9)
[PASS] wvfFind_event19109_trackID4_opNum9_merged.root → copied (ms_ch=9)
[PASS] wvfFind_event19973_trackID9_opNum4_merged.root → copied (ms_ch=4)
[PASS] wvfFind_event5877_trackID6_opNum9_merged.root → copied (ms_ch=9)
[PASS] wvfFind_event7677_trackID20_opNum5_merged.root → copied (ms_ch=5)
[SKIP] wvfFind_event11662_trackID14_opNum2_merged.root (ms_ch=2)
[PASS] wvfFind_event9096_trackID7_opNum4_merged.root → copied (ms_ch=4)
[PASS] wvfFind_event11942_trackID10_opNum9_merged.root → copied (ms_ch=9)
[PASS] wvfFind_event7760_trackID8_opNum7_merged.root → copied (ms_ch=7)
[PASS] wvfFind_event10520_trackID15_opNum5_merged.root → copied (ms_ch=5)
[PASS] wvfFind_event3541_trackID0_opNum9_merged.root → copied (ms_ch=9)
[SKIP] wvfFind_event12334_trackID8_opNum1_merged.root (ms_ch=1)
[PASS] wvfFind_event2857_trackID15_opNum6_merged.root → copied (ms_ch=6)
[PASS] wvfFind_event14647_trackID0_opNum9_merged.root → copied (ms_ch=9)
[PASS] wvfFind_event2516_trackID4_opNum9_merged.root → copied (ms_ch=9)
[PASS] wvfFind_event5838_trackID6_opNum9.root → copied (ms_ch=9)
[PASS] wvfFind_event12176_trackID29_opNum9_merged.root → copied (ms_ch=9)
[PASS] wvfFind_event13247_trackID9_opNum5_merged.root → copied (ms_ch=5)
[PASS] wvfFind_event463_trackID7_opNum8_merged.root → copied (ms_ch=8)
[PASS] wvfFind_event21471_trackID11_opNum9_merged.root → copied (ms_ch=9)
[PASS] wvfFind_event22083_trackID13_opNum7_merged.root → copied (ms_ch=7)
[PASS] wvfFind_event19137_trackID26_opNum8_merged.root → copied (ms_ch=8)
[PASS] wvfFind_event715_trackID4_opNum9_merged.root → copied (ms_ch=9)
[PASS] wvfFind_event23680_trackID8_opNum9_merged.root → copied (ms_ch=9)
[PASS] wvfFind_event7449_trackID8_opNum9_merged.root → copied (ms_ch=9)
[PASS] wvfFind_event2986_trackID20_opNum9_merged.root → copied (ms_ch=9)
[SKIP] wvfFind_event23467_trackID1_opNum1_merged.root (ms_ch=1)
[SKIP] wvfFind_event4864_trackID8_opNum3_merged.root (ms_ch=3)
[SKIP] wvfFind_event14828_trackID13_opNum1_merged.root (ms_ch=1)
[PASS] wvfFind_event14595_trackID16_opNum6_merged.root → copied (ms_ch=6)
[PASS] wvfFind_event12421_trackID9_opNum4_merged.root → copied (ms_ch=4)
[PASS] wvfFind_event3242_trackID12_opNum9_merged.root → copied (ms_ch=9)
[PASS] wvfFind_event21071_trackID16_opNum9_merged.root → copied (ms_ch=9)
[PASS] wvfFind_event1676_trackID14_opNum9_merged.root → copied (ms_ch=9)
[PASS] wvfFind_event14806_trackID16_opNum6_merged.root → copied (ms_ch=6)
[PASS] wvfFind_event8190_trackID14_opNum4_merged.root → copied (ms_ch=4)
[PASS] wvfFind_event4671_trackID6_opNum7_merged.root → copied (ms_ch=7)
[PASS] wvfFind_event17390_trackID7_opNum6_merged.root → copied (ms_ch=6)
[PASS] wvfFind_event6366_trackID7_opNum6_merged.root → copied (ms_ch=6)
[PASS] wvfFind_event9858_trackID24_opNum9_merged.root → copied (ms_ch=9)
[PASS] wvfFind_event13659_trackID22_opNum8_merged.root → copied (ms_ch=8)
[PASS] wvfFind_event15877_trackID13_opNum9_merged.root → copied (ms_ch=9)
[PASS] wvfFind_event6637_trackID1_opNum8_merged.root → copied (ms_ch=8)
[SKIP] wvfFind_event2438_trackID0_opNum2.root (ms_ch=2)
[SKIP] wvfFind_event14749_trackID19_opNum3_merged.root (ms_ch=3)
[PASS] wvfFind_event16836_trackID28_opNum5_merged.root → copied (ms_ch=5)
[PASS] wvfFind_event2065_trackID5_opNum9_merged.root → copied (ms_ch=9)
[PASS] wvfFind_event14863_trackID2_opNum9_merged.root → copied (ms_ch=9)
[PASS] wvfFind_event15390_trackID19_opNum9_merged.root → copied (ms_ch=9)
[PASS] wvfFind_event9187_trackID13_opNum9_merged.root → copied (ms_ch=9)
[PASS] wvfFind_event16477_trackID15_opNum9_merged.root → copied (ms_ch=9)
[PASS] wvfFind_event6285_trackID5_opNum5_merged.root → copied (ms_ch=5)
[PASS] wvfFind_event8753_trackID9_opNum9_merged.root → copied (ms_ch=9)
[PASS] wvfFind_event8124_trackID1_opNum9_merged.root → copied (ms_ch=9)
[PASS] wvfFind_event5309_trackID5_opNum9_merged.root → copied (ms_ch=9)
[PASS] wvfFind_event14255_trackID2_opNum6_merged.root → copied (ms_ch=6)
[SKIP] wvfFind_event15155_trackID15_opNum2_merged.root (ms_ch=2)
[PASS] wvfFind_event10330_trackID19_opNum4_merged.root → copied (ms_ch=4)
[PASS] wvfFind_event18282_trackID3_opNum5_merged.root → copied (ms_ch=5)
[PASS] wvfFind_event8917_trackID10_opNum9_merged.root → copied (ms_ch=9)
[PASS] wvfFind_event2686_trackID12_opNum9_merged.root → copied (ms_ch=9)
[PASS] wvfFind_event20956_trackID1_opNum8_merged.root → copied (ms_ch=8)
[PASS] wvfFind_event3111_trackID7_opNum9_merged.root → copied (ms_ch=9)
[PASS] wvfFind_event10915_trackID6_opNum9_merged.root → copied (ms_ch=9)
[SKIP] wvfFind_event1033_trackID17_opNum1_merged.root (ms_ch=1)
[PASS] wvfFind_event5481_trackID2_opNum6_merged.root → copied (ms_ch=6)
[PASS] wvfFind_event11023_trackID25_opNum9_merged.root → copied (ms_ch=9)
[PASS] wvfFind_event16496_trackID11_opNum9_merged.root → copied (ms_ch=9)
[PASS] wvfFind_event12849_trackID6_opNum6_merged.root → copied (ms_ch=6)
[PASS] wvfFind_event13194_trackID9_opNum9_merged.root → copied (ms_ch=9)
[PASS] wvfFind_event16675_trackID10_opNum9_merged.root → copied (ms_ch=9)
[PASS] wvfFind_event8827_trackID6_opNum9_merged.root → copied (ms_ch=9)
[SKIP] wvfFind_event4904_trackID28_opNum2_merged.root (ms_ch=2)
[PASS] wvfFind_event18179_trackID5_opNum5_merged.root → copied (ms_ch=5)
[PASS] wvfFind_event5108_trackID9_opNum9_merged.root → copied (ms_ch=9)
[SKIP] wvfFind_event12036_trackID13_opNum2.root (ms_ch=2)
[PASS] wvfFind_event680_trackID8_opNum5_merged.root → copied (ms_ch=5)
[PASS] wvfFind_event4581_trackID7_opNum9_merged.root → copied (ms_ch=9)
[SKIP] wvfFind_event19296_trackID10_opNum3_merged.root (ms_ch=3)
[PASS] wvfFind_event8448_trackID2_opNum9_merged.root → copied (ms_ch=9)
[PASS] wvfFind_event14645_trackID4_opNum9_merged.root → copied (ms_ch=9)
[PASS] wvfFind_event18567_trackID15_opNum6_merged.root → copied (ms_ch=6)
[SKIP] wvfFind_event24650_trackID5_opNum3_merged.root (ms_ch=3)
[PASS] wvfFind_event517_trackID4_opNum9_merged.root → copied (ms_ch=9)
[PASS] wvfFind_event13419_trackID2_opNum9_merged.root → copied (ms_ch=9)
[PASS] wvfFind_event16025_trackID3_opNum9_merged.root → copied (ms_ch=9)
[PASS] wvfFind_event12842_trackID5_opNum9_merged.root → copied (ms_ch=9)
[PASS] wvfFind_event13472_trackID14_opNum8_merged.root → copied (ms_ch=8)
[PASS] wvfFind_event4208_trackID15_opNum6_merged.root → copied (ms_ch=6)
[SKIP] wvfFind_event9987_trackID9_opNum3_merged.root (ms_ch=3)
[PASS] wvfFind_event18992_trackID15_opNum9_merged.root → copied (ms_ch=9)
[PASS] wvfFind_event1265_trackID18_opNum9_merged.root → copied (ms_ch=9)
[SKIP] wvfFind_event21601_trackID11_opNum1_merged.root (ms_ch=1)
[PASS] wvfFind_event22200_trackID11_opNum8_merged.root → copied (ms_ch=8)
[PASS] wvfFind_event18713_trackID8_opNum9_merged.root → copied (ms_ch=9)
[PASS] wvfFind_event22496_trackID10_opNum6_merged.root → copied (ms_ch=6)
[PASS] wvfFind_event4318_trackID24_opNum8_merged.root → copied (ms_ch=8)
[SKIP] wvfFind_event9293_trackID29_opNum1_merged.root (ms_ch=1)
[PASS] wvfFind_event22359_trackID2_opNum8_merged.root → copied (ms_ch=8)
[SKIP] wvfFind_event3425_trackID0_opNum3_merged.root (ms_ch=3)
[PASS] wvfFind_event173_trackID8_opNum9_merged.root → copied (ms_ch=9)
[PASS] wvfFind_event13117_trackID11_opNum9_merged.root → copied (ms_ch=9)
[PASS] wvfFind_event24573_trackID11_opNum4_merged.root → copied (ms_ch=4)
[PASS] wvfFind_event15988_trackID3_opNum4_merged.root → copied (ms_ch=4)
[PASS] wvfFind_event21758_trackID0_opNum5_merged.root → copied (ms_ch=5)
[PASS] wvfFind_event4722_trackID22_opNum9_merged.root → copied (ms_ch=9)
[PASS] wvfFind_event2349_trackID4_opNum9_merged.root → copied (ms_ch=9)
[PASS] wvfFind_event2486_trackID3_opNum6_merged.root → copied (ms_ch=6)
[PASS] wvfFind_event18863_trackID14_opNum6_merged.root → copied (ms_ch=6)
[PASS] wvfFind_event15926_trackID19_opNum8_merged.root → copied (ms_ch=8)
[PASS] wvfFind_event17195_trackID6_opNum9_merged.root → copied (ms_ch=9)
[PASS] wvfFind_event1993_trackID1_opNum9_merged.root → copied (ms_ch=9)
[PASS] wvfFind_event1258_trackID17_opNum9_merged.root → copied (ms_ch=9)
[PASS] wvfFind_event7067_trackID16_opNum9_merged.root → copied (ms_ch=9)
[PASS] wvfFind_event20330_trackID5_opNum9_merged.root → copied (ms_ch=9)
[PASS] wvfFind_event11007_trackID0_opNum9_merged.root → copied (ms_ch=9)
[PASS] wvfFind_event4667_trackID20_opNum9_merged.root → copied (ms_ch=9)
[PASS] wvfFind_event5700_trackID5_opNum9_merged.root → copied (ms_ch=9)
[PASS] wvfFind_event24162_trackID10_opNum6_merged.root → copied (ms_ch=6)
[PASS] wvfFind_event1004_trackID18_opNum9_merged.root → copied (ms_ch=9)
[PASS] wvfFind_event13560_trackID2_opNum9_merged.root → copied (ms_ch=9)
[PASS] wvfFind_event9361_trackID9_opNum9_merged.root → copied (ms_ch=9)
[PASS] wvfFind_event17355_trackID5_opNum6_merged.root → copied (ms_ch=6)
[PASS] wvfFind_event268_trackID13_opNum9_merged.root → copied (ms_ch=9)
[PASS] wvfFind_event17604_trackID11_opNum7_merged.root → copied (ms_ch=7)
[SKIP] wvfFind_event13635_trackID14_opNum3_merged.root (ms_ch=3)
[PASS] wvfFind_event18271_trackID4_opNum8_merged.root → copied (ms_ch=8)
[PASS] wvfFind_event3807_trackID18_opNum9_merged.root → copied (ms_ch=9)
[PASS] wvfFind_event14115_trackID7_opNum6_merged.root → copied (ms_ch=6)
[PASS] wvfFind_event39_trackID10_opNum9_merged.root → copied (ms_ch=9)
[PASS] wvfFind_event8903_trackID0_opNum5.root → copied (ms_ch=5)
[PASS] wvfFind_event5151_trackID25_opNum6_merged.root → copied (ms_ch=6)
[PASS] wvfFind_event3890_trackID20_opNum8_merged.root → copied (ms_ch=8)
[PASS] wvfFind_event8674_trackID10_opNum4_merged.root → copied (ms_ch=4)
[PASS] wvfFind_event13591_trackID8_opNum5_merged.root → copied (ms_ch=5)
[PASS] wvfFind_event17047_trackID0_opNum8_merged.root → copied (ms_ch=8)
[PASS] wvfFind_event21522_trackID15_opNum6_merged.root → copied (ms_ch=6)
[SKIP] wvfFind_event17235_trackID18_opNum2_merged.root (ms_ch=2)
[PASS] wvfFind_event2693_trackID16_opNum8_merged.root → copied (ms_ch=8)
[PASS] wvfFind_event12351_trackID9_opNum5_merged.root → copied (ms_ch=5)
[PASS] wvfFind_event18570_trackID16_opNum8_merged.root → copied (ms_ch=8)
[PASS] wvfFind_event12175_trackID9_opNum9_merged.root → copied (ms_ch=9)
[PASS] wvfFind_event16694_trackID8_opNum9_merged.root → copied (ms_ch=9)
[SKIP] wvfFind_event11355_trackID6_opNum2.root (ms_ch=2)
[PASS] wvfFind_event23472_trackID9_opNum9_merged.root → copied (ms_ch=9)
[PASS] wvfFind_event23659_trackID0_opNum8_merged.root → copied (ms_ch=8)
[PASS] wvfFind_event21623_trackID17_opNum8_merged.root → copied (ms_ch=8)
[PASS] wvfFind_event1315_trackID23_opNum9_merged.root → copied (ms_ch=9)
[PASS] wvfFind_event6654_trackID16_opNum9_merged.root → copied (ms_ch=9)
[PASS] wvfFind_event20963_trackID8_opNum5_merged.root → copied (ms_ch=5)
[PASS] wvfFind_event13159_trackID16_opNum6_merged.root → copied (ms_ch=6)
[PASS] wvfFind_event14280_trackID1_opNum6_merged.root → copied (ms_ch=6)
[PASS] wvfFind_event6217_trackID13_opNum5_merged.root → copied (ms_ch=5)
[PASS] wvfFind_event1807_trackID18_opNum8_merged.root → copied (ms_ch=8)
[PASS] wvfFind_event22873_trackID8_opNum9_merged.root → copied (ms_ch=9)
[PASS] wvfFind_event1773_trackID9_opNum9_merged.root → copied (ms_ch=9)
[PASS] wvfFind_event1321_trackID11_opNum4_merged.root → copied (ms_ch=4)
[PASS] wvfFind_event4696_trackID4_opNum4_merged.root → copied (ms_ch=4)
[PASS] wvfFind_event5991_trackID2_opNum9_merged.root → copied (ms_ch=9)
[PASS] wvfFind_event9215_trackID3_opNum9_merged.root → copied (ms_ch=9)
[PASS] wvfFind_event15223_trackID21_opNum7_merged.root → copied (ms_ch=7)
[PASS] wvfFind_event4636_trackID26_opNum9_merged.root → copied (ms_ch=9)
[SKIP] wvfFind_event20193_trackID24_opNum2_merged.root (ms_ch=2)
[PASS] wvfFind_event13170_trackID15_opNum6_merged.root → copied (ms_ch=6)
[PASS] wvfFind_event23660_trackID6_opNum5_merged.root → copied (ms_ch=5)
[PASS] wvfFind_event919_trackID3_opNum9_merged.root → copied (ms_ch=9)
[PASS] wvfFind_event3471_trackID6_opNum9_merged.root → copied (ms_ch=9)
[PASS] wvfFind_event6415_trackID11_opNum5_merged.root → copied (ms_ch=5)
[PASS] wvfFind_event8788_trackID5_opNum8_merged.root → copied (ms_ch=8)
[PASS] wvfFind_event23470_trackID19_opNum9_merged.root → copied (ms_ch=9)
[PASS] wvfFind_event5608_trackID11_opNum8_merged.root → copied (ms_ch=8)
[PASS] wvfFind_event20600_trackID22_opNum8_merged.root → copied (ms_ch=8)
[PASS] wvfFind_event24533_trackID11_opNum6_merged.root → copied (ms_ch=6)
[PASS] wvfFind_event8516_trackID4_opNum9_merged.root → copied (ms_ch=9)
[PASS] wvfFind_event3297_trackID1_opNum9_merged.root → copied (ms_ch=9)
[SKIP] wvfFind_event14432_trackID9_opNum2.root (ms_ch=2)
[PASS] wvfFind_event20425_trackID10_opNum9_merged.root → copied (ms_ch=9)
[PASS] wvfFind_event11701_trackID26_opNum9_merged.root → copied (ms_ch=9)
[SKIP] wvfFind_event4400_trackID8_opNum1_merged.root (ms_ch=1)
[SKIP] wvfFind_event14855_trackID6_opNum3_merged.root (ms_ch=3)
[PASS] wvfFind_event6975_trackID11_opNum9_merged.root → copied (ms_ch=9)
[PASS] wvfFind_event20833_trackID23_opNum9_merged.root → copied (ms_ch=9)
[PASS] wvfFind_event1215_trackID1_opNum6_merged.root → copied (ms_ch=6)
[PASS] wvfFind_event4685_trackID7_opNum8_merged.root → copied (ms_ch=8)
[PASS] wvfFind_event22822_trackID10_opNum5_merged.root → copied (ms_ch=5)
[PASS] wvfFind_event2673_trackID12_opNum6_merged.root → copied (ms_ch=6)
[PASS] wvfFind_event3899_trackID2_opNum5.root → copied (ms_ch=5)
[PASS] wvfFind_event554_trackID15_opNum9_merged.root → copied (ms_ch=9)
[PASS] wvfFind_event6765_trackID13_opNum9_merged.root → copied (ms_ch=9)
[PASS] wvfFind_event2709_trackID25_opNum9_merged.root → copied (ms_ch=9)
[PASS] wvfFind_event20588_trackID1_opNum9_merged.root → copied (ms_ch=9)
[SKIP] wvfFind_event9475_trackID5_opNum3_merged.root (ms_ch=3)
[SKIP] wvfFind_event15497_trackID8_opNum3.root (ms_ch=3)
[PASS] wvfFind_event16833_trackID13_opNum9_merged.root → copied (ms_ch=9)
[PASS] wvfFind_event10633_trackID11_opNum5_merged.root → copied (ms_ch=5)
[PASS] wvfFind_event3122_trackID5_opNum9_merged.root → copied (ms_ch=9)
[PASS] wvfFind_event11946_trackID9_opNum5_merged.root → copied (ms_ch=5)
[PASS] wvfFind_event16648_trackID17_opNum6_merged.root → copied (ms_ch=6)
[PASS] wvfFind_event5584_trackID15_opNum5_merged.root → copied (ms_ch=5)
[PASS] wvfFind_event11300_trackID21_opNum7_merged.root → copied (ms_ch=7)
[PASS] wvfFind_event13714_trackID4_opNum9_merged.root → copied (ms_ch=9)
[PASS] wvfFind_event747_trackID2_opNum4_merged.root → copied (ms_ch=4)
[PASS] wvfFind_event8273_trackID2_opNum5_merged.root → copied (ms_ch=5)
[PASS] wvfFind_event9649_trackID10_opNum4_merged.root → copied (ms_ch=4)
[PASS] wvfFind_event9089_trackID7_opNum6_merged.root → copied (ms_ch=6)
[PASS] wvfFind_event7384_trackID4_opNum4_merged.root → copied (ms_ch=4)
[PASS] wvfFind_event17653_trackID20_opNum9_merged.root → copied (ms_ch=9)
[SKIP] wvfFind_event11070_trackID27_opNum3_merged.root (ms_ch=3)
[PASS] wvfFind_event16080_trackID25_opNum9_merged.root → copied (ms_ch=9)
[SKIP] wvfFind_event20091_trackID17_opNum3_merged.root (ms_ch=3)
[PASS] wvfFind_event13841_trackID12_opNum9_merged.root → copied (ms_ch=9)
[PASS] wvfFind_event2024_trackID10_opNum4_merged.root → copied (ms_ch=4)
[SKIP] wvfFind_event21464_trackID7_opNum1_merged.root (ms_ch=1)
[PASS] wvfFind_event7686_trackID12_opNum9_merged.root → copied (ms_ch=9)
[PASS] wvfFind_event3190_trackID12_opNum8_merged.root → copied (ms_ch=8)
[PASS] wvfFind_event16820_trackID5_opNum6_merged.root → copied (ms_ch=6)
[PASS] wvfFind_event56_trackID3_opNum9_merged.root → copied (ms_ch=9)
[PASS] wvfFind_event12359_trackID0_opNum9_merged.root → copied (ms_ch=9)
[PASS] wvfFind_event17040_trackID0_opNum9_merged.root → copied (ms_ch=9)
[PASS] wvfFind_event14874_trackID7_opNum9_merged.root → copied (ms_ch=9)
[PASS] wvfFind_event15167_trackID9_opNum9_merged.root → copied (ms_ch=9)
[PASS] wvfFind_event15419_trackID8_opNum4_merged.root → copied (ms_ch=4)
[SKIP] wvfFind_event18099_trackID8_opNum3_merged.root (ms_ch=3)
[PASS] wvfFind_event20820_trackID7_opNum7_merged.root → copied (ms_ch=7)
[SKIP] wvfFind_event21704_trackID2_opNum3_merged.root (ms_ch=3)
[PASS] wvfFind_event18317_trackID30_opNum5_merged.root → copied (ms_ch=5)
[PASS] wvfFind_event1627_trackID1_opNum9_merged.root → copied (ms_ch=9)
[PASS] wvfFind_event5050_trackID13_opNum4_merged.root → copied (ms_ch=4)
[PASS] wvfFind_event14945_trackID4_opNum9_merged.root → copied (ms_ch=9)
[SKIP] wvfFind_event9793_trackID8_opNum3_merged.root (ms_ch=3)
[PASS] wvfFind_event18466_trackID10_opNum8_merged.root → copied (ms_ch=8)
[PASS] wvfFind_event9462_trackID11_opNum9_merged.root → copied (ms_ch=9)
[PASS] wvfFind_event8105_trackID6_opNum9_merged.root → copied (ms_ch=9)
[PASS] wvfFind_event24964_trackID5_opNum9_merged.root → copied (ms_ch=9)
[PASS] wvfFind_event19172_trackID10_opNum6_merged.root → copied (ms_ch=6)
[PASS] wvfFind_event7987_trackID21_opNum9_merged.root → copied (ms_ch=9)
[PASS] wvfFind_event20403_trackID4_opNum9_merged.root → copied (ms_ch=9)
[PASS] wvfFind_event7817_trackID7_opNum9_merged.root → copied (ms_ch=9)
[PASS] wvfFind_event2060_trackID5_opNum9_merged.root → copied (ms_ch=9)
[PASS] wvfFind_event15831_trackID1_opNum4_merged.root → copied (ms_ch=4)
[PASS] wvfFind_event18629_trackID0_opNum9_merged.root → copied (ms_ch=9)
[PASS] wvfFind_event16781_trackID19_opNum6_merged.root → copied (ms_ch=6)
[PASS] wvfFind_event11736_trackID10_opNum9_merged.root → copied (ms_ch=9)
[PASS] wvfFind_event18873_trackID15_opNum7_merged.root → copied (ms_ch=7)
[PASS] wvfFind_event19213_trackID6_opNum7_merged.root → copied (ms_ch=7)
[PASS] wvfFind_event4868_trackID9_opNum6_merged.root → copied (ms_ch=6)
[PASS] wvfFind_event7726_trackID15_opNum6_merged.root → copied (ms_ch=6)
[PASS] wvfFind_event14154_trackID10_opNum8_merged.root → copied (ms_ch=8)
[PASS] wvfFind_event17062_trackID7_opNum7_merged.root → copied (ms_ch=7)
[PASS] wvfFind_event7553_trackID31_opNum9_merged.root → copied (ms_ch=9)
[PASS] wvfFind_event16241_trackID9_opNum9_merged.root → copied (ms_ch=9)
[PASS] wvfFind_event8606_trackID9_opNum9_merged.root → copied (ms_ch=9)
[PASS] wvfFind_event726_trackID6_opNum9_merged.root → copied (ms_ch=9)
[PASS] wvfFind_event8189_trackID15_opNum8_merged.root → copied (ms_ch=8)
[PASS] wvfFind_event17183_trackID15_opNum8_merged.root → copied (ms_ch=8)
[PASS] wvfFind_event12257_trackID17_opNum8_merged.root → copied (ms_ch=8)
[PASS] wvfFind_event21572_trackID14_opNum5_merged.root → copied (ms_ch=5)
[PASS] wvfFind_event4267_trackID5_opNum9_merged.root → copied (ms_ch=9)
[PASS] wvfFind_event13938_trackID13_opNum9_merged.root → copied (ms_ch=9)
[SKIP] wvfFind_event16981_trackID12_opNum1_merged.root (ms_ch=1)
[PASS] wvfFind_event7064_trackID26_opNum5_merged.root → copied (ms_ch=5)
[PASS] wvfFind_event20146_trackID7_opNum9_merged.root → copied (ms_ch=9)
[PASS] wvfFind_event18918_trackID6_opNum9_merged.root → copied (ms_ch=9)
[PASS] wvfFind_event11416_trackID13_opNum6_merged.root → copied (ms_ch=6)
[PASS] wvfFind_event18729_trackID12_opNum4_merged.root → copied (ms_ch=4)
[PASS] wvfFind_event11308_trackID17_opNum7_merged.root → copied (ms_ch=7)
[PASS] wvfFind_event13729_trackID11_opNum7_merged.root → copied (ms_ch=7)
[PASS] wvfFind_event21185_trackID12_opNum6_merged.root → copied (ms_ch=6)
[PASS] wvfFind_event2652_trackID9_opNum9_merged.root → copied (ms_ch=9)
[PASS] wvfFind_event18658_trackID22_opNum9_merged.root → copied (ms_ch=9)
[PASS] wvfFind_event21759_trackID15_opNum8_merged.root → copied (ms_ch=8)
[PASS] wvfFind_event3897_trackID16_opNum6_merged.root → copied (ms_ch=6)
[PASS] wvfFind_event18637_trackID35_opNum9_merged.root → copied (ms_ch=9)
[SKIP] wvfFind_event21230_trackID3_opNum3_merged.root (ms_ch=3)
[PASS] wvfFind_event14735_trackID23_opNum9_merged.root → copied (ms_ch=9)
[PASS] wvfFind_event15428_trackID15_opNum9_merged.root → copied (ms_ch=9)
[PASS] wvfFind_event6283_trackID7_opNum9_merged.root → copied (ms_ch=9)
[PASS] wvfFind_event18183_trackID0_opNum8_merged.root → copied (ms_ch=8)
[PASS] wvfFind_event20584_trackID23_opNum9_merged.root → copied (ms_ch=9)
[PASS] wvfFind_event4088_trackID6_opNum8_merged.root → copied (ms_ch=8)
[PASS] wvfFind_event7703_trackID12_opNum5_merged.root → copied (ms_ch=5)
[SKIP] wvfFind_event533_trackID7_opNum1_merged.root (ms_ch=1)
[PASS] wvfFind_event1865_trackID1_opNum6_merged.root → copied (ms_ch=6)
[SKIP] wvfFind_event23898_trackID4_opNum3.root (ms_ch=3)
[SKIP] wvfFind_event4514_trackID15_opNum3.root (ms_ch=3)
[PASS] wvfFind_event19545_trackID19_opNum9_merged.root → copied (ms_ch=9)
[PASS] wvfFind_event23980_trackID4_opNum5.root → copied (ms_ch=5)
[PASS] wvfFind_event16298_trackID5_opNum9_merged.root → copied (ms_ch=9)
[PASS] wvfFind_event18338_trackID0_opNum5_merged.root → copied (ms_ch=5)
[PASS] wvfFind_event6062_trackID6_opNum9_merged.root → copied (ms_ch=9)
[SKIP] wvfFind_event2387_trackID6_opNum3_merged.root (ms_ch=3)
[PASS] wvfFind_event12250_trackID19_opNum9_merged.root → copied (ms_ch=9)
[PASS] wvfFind_event4359_trackID8_opNum9_merged.root → copied (ms_ch=9)
[SKIP] wvfFind_event11497_trackID30_opNum2_merged.root (ms_ch=2)
[PASS] wvfFind_event22731_trackID3_opNum9_merged.root → copied (ms_ch=9)
[PASS] wvfFind_event4480_trackID26_opNum6_merged.root → copied (ms_ch=6)
[PASS] wvfFind_event18148_trackID18_opNum7_merged.root → copied (ms_ch=7)
[SKIP] wvfFind_event21013_trackID12_opNum3_merged.root (ms_ch=3)
[SKIP] wvfFind_event11341_trackID33_opNum3_merged.root (ms_ch=3)
[PASS] wvfFind_event7807_trackID21_opNum9_merged.root → copied (ms_ch=9)
[PASS] wvfFind_event22708_trackID2_opNum9_merged.root → copied (ms_ch=9)
[PASS] wvfFind_event6517_trackID0_opNum9_merged.root → copied (ms_ch=9)
[PASS] wvfFind_event17597_trackID14_opNum6_merged.root → copied (ms_ch=6)
[PASS] wvfFind_event4263_trackID6_opNum9_merged.root → copied (ms_ch=9)
[PASS] wvfFind_event10008_trackID10_opNum9_merged.root → copied (ms_ch=9)
[SKIP] wvfFind_event17712_trackID5_opNum3.root (ms_ch=3)
[SKIP] wvfFind_event22517_trackID2_opNum3_merged.root (ms_ch=3)
[PASS] wvfFind_event18469_trackID6_opNum9_merged.root → copied (ms_ch=9)
[PASS] wvfFind_event6891_trackID0_opNum5_merged.root → copied (ms_ch=5)
[SKIP] wvfFind_event21624_trackID1_opNum1_merged.root (ms_ch=1)
[PASS] wvfFind_event1312_trackID37_opNum6_merged.root → copied (ms_ch=6)
[PASS] wvfFind_event6544_trackID19_opNum5_merged.root → copied (ms_ch=5)
[PASS] wvfFind_event3884_trackID20_opNum5_merged.root → copied (ms_ch=5)
[PASS] wvfFind_event6911_trackID16_opNum5_merged.root → copied (ms_ch=5)
[PASS] wvfFind_event856_trackID11_opNum6_merged.root → copied (ms_ch=6)
[PASS] wvfFind_event3129_trackID19_opNum7_merged.root → copied (ms_ch=7)
[PASS] wvfFind_event17990_trackID12_opNum8_merged.root → copied (ms_ch=8)
[PASS] wvfFind_event7487_trackID12_opNum9_merged.root → copied (ms_ch=9)
[PASS] wvfFind_event10400_trackID8_opNum9_merged.root → copied (ms_ch=9)
[SKIP] wvfFind_event21758_trackID3_opNum3_merged.root (ms_ch=3)
[PASS] wvfFind_event2283_trackID7_opNum7_merged.root → copied (ms_ch=7)
[PASS] wvfFind_event19310_trackID21_opNum7_merged.root → copied (ms_ch=7)
[PASS] wvfFind_event4571_trackID13_opNum8_merged.root → copied (ms_ch=8)
[PASS] wvfFind_event7382_trackID4_opNum9_merged.root → copied (ms_ch=9)
[PASS] wvfFind_event1912_trackID9_opNum9_merged.root → copied (ms_ch=9)
[PASS] wvfFind_event1441_trackID13_opNum9_merged.root → copied (ms_ch=9)
[PASS] wvfFind_event6750_trackID14_opNum6_merged.root → copied (ms_ch=6)
[PASS] wvfFind_event2747_trackID11_opNum9_merged.root → copied (ms_ch=9)
[PASS] wvfFind_event16211_trackID3_opNum8_merged.root → copied (ms_ch=8)
[PASS] wvfFind_event24996_trackID10_opNum9_merged.root → copied (ms_ch=9)
[PASS] wvfFind_event6090_trackID15_opNum9_merged.root → copied (ms_ch=9)
[PASS] wvfFind_event7209_trackID16_opNum4_merged.root → copied (ms_ch=4)
[SKIP] wvfFind_event6078_trackID4_opNum3_merged.root (ms_ch=3)
[SKIP] wvfFind_event12563_trackID6_opNum3_merged.root (ms_ch=3)
[PASS] wvfFind_event24982_trackID2_opNum9_merged.root → copied (ms_ch=9)
[PASS] wvfFind_event16125_trackID11_opNum6_merged.root → copied (ms_ch=6)
[PASS] wvfFind_event20093_trackID28_opNum9_merged.root → copied (ms_ch=9)
[SKIP] wvfFind_event10331_trackID9_opNum1_merged.root (ms_ch=1)
[PASS] wvfFind_event13770_trackID12_opNum8_merged.root → copied (ms_ch=8)
[PASS] wvfFind_event6250_trackID0_opNum5_merged.root → copied (ms_ch=5)
[PASS] wvfFind_event10285_trackID8_opNum9_merged.root → copied (ms_ch=9)
[PASS] wvfFind_event3040_trackID18_opNum8_merged.root → copied (ms_ch=8)
[PASS] wvfFind_event21531_trackID11_opNum7_merged.root → copied (ms_ch=7)
[SKIP] wvfFind_event18482_trackID9_opNum1_merged.root (ms_ch=1)
[PASS] wvfFind_event16384_trackID14_opNum7_merged.root → copied (ms_ch=7)
[PASS] wvfFind_event9067_trackID28_opNum9_merged.root → copied (ms_ch=9)
[PASS] wvfFind_event4528_trackID0_opNum4_merged.root → copied (ms_ch=4)
[PASS] wvfFind_event21167_trackID0_opNum5_merged.root → copied (ms_ch=5)
[PASS] wvfFind_event14997_trackID8_opNum9_merged.root → copied (ms_ch=9)
[PASS] wvfFind_event21695_trackID5_opNum9_merged.root → copied (ms_ch=9)
[SKIP] wvfFind_event6874_trackID11_opNum2_merged.root (ms_ch=2)
[PASS] wvfFind_event10949_trackID11_opNum9_merged.root → copied (ms_ch=9)
[PASS] wvfFind_event12701_trackID5_opNum5_merged.root → copied (ms_ch=5)
[PASS] wvfFind_event17386_trackID9_opNum9_merged.root → copied (ms_ch=9)
[SKIP] wvfFind_event22490_trackID11_opNum1_merged.root (ms_ch=1)
[PASS] wvfFind_event13845_trackID7_opNum6_merged.root → copied (ms_ch=6)
[PASS] wvfFind_event7160_trackID0_opNum8_merged.root → copied (ms_ch=8)
[PASS] wvfFind_event15654_trackID9_opNum4_merged.root → copied (ms_ch=4)
[PASS] wvfFind_event4489_trackID0_opNum5_merged.root → copied (ms_ch=5)
[PASS] wvfFind_event15530_trackID15_opNum9_merged.root → copied (ms_ch=9)
[PASS] wvfFind_event1144_trackID25_opNum7_merged.root → copied (ms_ch=7)
[PASS] wvfFind_event3732_trackID4_opNum9_merged.root → copied (ms_ch=9)
[PASS] wvfFind_event22788_trackID21_opNum6_merged.root → copied (ms_ch=6)
[PASS] wvfFind_event12179_trackID13_opNum9_merged.root → copied (ms_ch=9)
[PASS] wvfFind_event11182_trackID6_opNum5_merged.root → copied (ms_ch=5)
[PASS] wvfFind_event10000_trackID18_opNum5_merged.root → copied (ms_ch=5)
[PASS] wvfFind_event13259_trackID13_opNum8_merged.root → copied (ms_ch=8)
[PASS] wvfFind_event11254_trackID11_opNum7_merged.root → copied (ms_ch=7)
[PASS] wvfFind_event9274_trackID6_opNum9_merged.root → copied (ms_ch=9)
[PASS] wvfFind_event988_trackID11_opNum8_merged.root → copied (ms_ch=8)
[SKIP] wvfFind_event6961_trackID3_opNum1_merged.root (ms_ch=1)
[PASS] wvfFind_event9459_trackID8_opNum9_merged.root → copied (ms_ch=9)
[PASS] wvfFind_event17300_trackID13_opNum5_merged.root → copied (ms_ch=5)
[PASS] wvfFind_event20481_trackID15_opNum9_merged.root → copied (ms_ch=9)
[SKIP] wvfFind_event8984_trackID8_opNum2.root (ms_ch=2)
[PASS] wvfFind_event17396_trackID19_opNum8_merged.root → copied (ms_ch=8)
[SKIP] wvfFind_event17524_trackID16_opNum3_merged.root (ms_ch=3)
[PASS] wvfFind_event20652_trackID8_opNum5_merged.root → copied (ms_ch=5)
[SKIP] wvfFind_event24668_trackID3_opNum2_merged.root (ms_ch=2)
[PASS] wvfFind_event11673_trackID21_opNum6_merged.root → copied (ms_ch=6)
[PASS] wvfFind_event23541_trackID5_opNum9_merged.root → copied (ms_ch=9)
[PASS] wvfFind_event17105_trackID12_opNum9_merged.root → copied (ms_ch=9)
[PASS] wvfFind_event14498_trackID3_opNum7_merged.root → copied (ms_ch=7)
[PASS] wvfFind_event19579_trackID10_opNum7_merged.root → copied (ms_ch=7)
[PASS] wvfFind_event14854_trackID10_opNum9_merged.root → copied (ms_ch=9)
[PASS] wvfFind_event15508_trackID5_opNum9_merged.root → copied (ms_ch=9)
[PASS] wvfFind_event818_trackID9_opNum7_merged.root → copied (ms_ch=7)
[PASS] wvfFind_event6797_trackID2_opNum9_merged.root → copied (ms_ch=9)
[PASS] wvfFind_event19105_trackID27_opNum9_merged.root → copied (ms_ch=9)
[PASS] wvfFind_event11552_trackID9_opNum9_merged.root → copied (ms_ch=9)
[PASS] wvfFind_event23185_trackID18_opNum9_merged.root → copied (ms_ch=9)
[PASS] wvfFind_event16917_trackID10_opNum9_merged.root → copied (ms_ch=9)
[PASS] wvfFind_event20732_trackID0_opNum6_merged.root → copied (ms_ch=6)
[PASS] wvfFind_event3295_trackID3_opNum9_merged.root → copied (ms_ch=9)
[PASS] wvfFind_event19632_trackID4_opNum9_merged.root → copied (ms_ch=9)
[PASS] wvfFind_event6578_trackID17_opNum5_merged.root → copied (ms_ch=5)
[PASS] wvfFind_event16203_trackID7_opNum6_merged.root → copied (ms_ch=6)
[PASS] wvfFind_event10193_trackID16_opNum9_merged.root → copied (ms_ch=9)
[PASS] wvfFind_event4728_trackID10_opNum9_merged.root → copied (ms_ch=9)
[PASS] wvfFind_event20255_trackID28_opNum9_merged.root → copied (ms_ch=9)
[PASS] wvfFind_event15401_trackID10_opNum9_merged.root → copied (ms_ch=9)
[PASS] wvfFind_event7027_trackID1_opNum9_merged.root → copied (ms_ch=9)
[PASS] wvfFind_event6757_trackID22_opNum8_merged.root → copied (ms_ch=8)
[PASS] wvfFind_event11869_trackID8_opNum9_merged.root → copied (ms_ch=9)
[PASS] wvfFind_event7222_trackID29_opNum8_merged.root → copied (ms_ch=8)
[PASS] wvfFind_event20724_trackID21_opNum8_merged.root → copied (ms_ch=8)
[PASS] wvfFind_event17395_trackID17_opNum8_merged.root → copied (ms_ch=8)
[PASS] wvfFind_event2352_trackID8_opNum9_merged.root → copied (ms_ch=9)
[PASS] wvfFind_event5722_trackID8_opNum9_merged.root → copied (ms_ch=9)
[PASS] wvfFind_event20310_trackID19_opNum5_merged.root → copied (ms_ch=5)
[PASS] wvfFind_event18429_trackID1_opNum9.root → copied (ms_ch=9)
[PASS] wvfFind_event11308_trackID9_opNum9_merged.root → copied (ms_ch=9)
[PASS] wvfFind_event13570_trackID15_opNum8_merged.root → copied (ms_ch=8)
[SKIP] wvfFind_event15836_trackID20_opNum3_merged.root (ms_ch=3)
[SKIP] wvfFind_event1763_trackID23_opNum1_merged.root (ms_ch=1)
[PASS] wvfFind_event15699_trackID6_opNum9_merged.root → copied (ms_ch=9)
[PASS] wvfFind_event8377_trackID7_opNum9_merged.root → copied (ms_ch=9)
[SKIP] wvfFind_event24487_trackID15_opNum1_merged.root (ms_ch=1)
[PASS] wvfFind_event21683_trackID12_opNum9_merged.root → copied (ms_ch=9)
[PASS] wvfFind_event2055_trackID4_opNum8_merged.root → copied (ms_ch=8)
[PASS] wvfFind_event2308_trackID3_opNum9_merged.root → copied (ms_ch=9)
[PASS] wvfFind_event23983_trackID14_opNum9_merged.root → copied (ms_ch=9)
[PASS] wvfFind_event13217_trackID15_opNum9_merged.root → copied (ms_ch=9)
[PASS] wvfFind_event15476_trackID14_opNum9_merged.root → copied (ms_ch=9)
[PASS] wvfFind_event16076_trackID1_opNum9_merged.root → copied (ms_ch=9)
[PASS] wvfFind_event5296_trackID6_opNum8_merged.root → copied (ms_ch=8)
[PASS] wvfFind_event1930_trackID14_opNum9_merged.root → copied (ms_ch=9)
[SKIP] wvfFind_event20732_trackID3_opNum3_merged.root (ms_ch=3)
[PASS] wvfFind_event13364_trackID30_opNum9_merged.root → copied (ms_ch=9)
[PASS] wvfFind_event5970_trackID4_opNum6_merged.root → copied (ms_ch=6)
[PASS] wvfFind_event19979_trackID6_opNum9_merged.root → copied (ms_ch=9)
[PASS] wvfFind_event21757_trackID13_opNum8_merged.root → copied (ms_ch=8)
[PASS] wvfFind_event19013_trackID18_opNum8_merged.root → copied (ms_ch=8)
[SKIP] wvfFind_event9714_trackID19_opNum1_merged.root (ms_ch=1)
[PASS] wvfFind_event7077_trackID1_opNum6_merged.root → copied (ms_ch=6)
[PASS] wvfFind_event12461_trackID12_opNum9_merged.root → copied (ms_ch=9)
[PASS] wvfFind_event15631_trackID5_opNum9_merged.root → copied (ms_ch=9)
[PASS] wvfFind_event1482_trackID3_opNum8_merged.root → copied (ms_ch=8)
[PASS] wvfFind_event16600_trackID5_opNum8_merged.root → copied (ms_ch=8)
[PASS] wvfFind_event2863_trackID9_opNum6_merged.root → copied (ms_ch=6)
[PASS] wvfFind_event22023_trackID12_opNum7_merged.root → copied (ms_ch=7)
[PASS] wvfFind_event22030_trackID38_opNum9_merged.root → copied (ms_ch=9)
[PASS] wvfFind_event3318_trackID12_opNum9_merged.root → copied (ms_ch=9)
[PASS] wvfFind_event4303_trackID5_opNum9_merged.root → copied (ms_ch=9)
[PASS] wvfFind_event20324_trackID7_opNum9_merged.root → copied (ms_ch=9)
[PASS] wvfFind_event21016_trackID4_opNum9_merged.root → copied (ms_ch=9)
[SKIP] wvfFind_event19007_trackID7_opNum3_merged.root (ms_ch=3)
[PASS] wvfFind_event12726_trackID15_opNum9_merged.root → copied (ms_ch=9)
[PASS] wvfFind_event20236_trackID14_opNum8_merged.root → copied (ms_ch=8)
[PASS] wvfFind_event1992_trackID21_opNum9_merged.root → copied (ms_ch=9)
[PASS] wvfFind_event2893_trackID12_opNum7_merged.root → copied (ms_ch=7)
[PASS] wvfFind_event12727_trackID27_opNum5_merged.root → copied (ms_ch=5)
[PASS] wvfFind_event20398_trackID27_opNum6_merged.root → copied (ms_ch=6)
[PASS] wvfFind_event8101_trackID27_opNum6_merged.root → copied (ms_ch=6)
[PASS] wvfFind_event12032_trackID10_opNum7_merged.root → copied (ms_ch=7)
[SKIP] wvfFind_event9918_trackID9_opNum1_merged.root (ms_ch=1)
[PASS] wvfFind_event20180_trackID2_opNum9_merged.root → copied (ms_ch=9)
[PASS] wvfFind_event13433_trackID0_opNum6_merged.root → copied (ms_ch=6)
[PASS] wvfFind_event22012_trackID9_opNum4_merged.root → copied (ms_ch=4)
[PASS] wvfFind_event5930_trackID5_opNum9_merged.root → copied (ms_ch=9)
[PASS] wvfFind_event22889_trackID20_opNum4_merged.root → copied (ms_ch=4)
[PASS] wvfFind_event4285_trackID7_opNum9_merged.root → copied (ms_ch=9)
[PASS] wvfFind_event16174_trackID16_opNum8_merged.root → copied (ms_ch=8)
[SKIP] wvfFind_event741_trackID6_opNum1_merged.root (ms_ch=1)
[PASS] wvfFind_event10177_trackID1_opNum9_merged.root → copied (ms_ch=9)
[PASS] wvfFind_event8029_trackID8_opNum9_merged.root → copied (ms_ch=9)
[PASS] wvfFind_event12541_trackID23_opNum9_merged.root → copied (ms_ch=9)
[SKIP] wvfFind_event3274_trackID11_opNum2_merged.root (ms_ch=2)
[PASS] wvfFind_event9903_trackID7_opNum9_merged.root → copied (ms_ch=9)
[PASS] wvfFind_event14199_trackID3_opNum5_merged.root → copied (ms_ch=5)
[PASS] wvfFind_event4815_trackID14_opNum8_merged.root → copied (ms_ch=8)
[PASS] wvfFind_event3567_trackID15_opNum6_merged.root → copied (ms_ch=6)
[PASS] wvfFind_event17352_trackID11_opNum8_merged.root → copied (ms_ch=8)
[PASS] wvfFind_event10197_trackID1_opNum9_merged.root → copied (ms_ch=9)
[SKIP] wvfFind_event3240_trackID10_opNum3_merged.root (ms_ch=3)
[PASS] wvfFind_event10199_trackID9_opNum5_merged.root → copied (ms_ch=5)
[PASS] wvfFind_event8421_trackID0_opNum9_merged.root → copied (ms_ch=9)
[PASS] wvfFind_event16433_trackID32_opNum4_merged.root → copied (ms_ch=4)
[PASS] wvfFind_event2469_trackID27_opNum9_merged.root → copied (ms_ch=9)
[PASS] wvfFind_event24996_trackID6_opNum9_merged.root → copied (ms_ch=9)
[PASS] wvfFind_event6213_trackID12_opNum9_merged.root → copied (ms_ch=9)
[PASS] wvfFind_event14527_trackID19_opNum7_merged.root → copied (ms_ch=7)
[PASS] wvfFind_event16742_trackID7_opNum5_merged.root → copied (ms_ch=5)
[PASS] wvfFind_event19307_trackID17_opNum6_merged.root → copied (ms_ch=6)
[SKIP] wvfFind_event1258_trackID5_opNum1_merged.root (ms_ch=1)
[PASS] wvfFind_event24217_trackID7_opNum9_merged.root → copied (ms_ch=9)
[PASS] wvfFind_event24622_trackID19_opNum9_merged.root → copied (ms_ch=9)
[PASS] wvfFind_event19223_trackID13_opNum8_merged.root → copied (ms_ch=8)
[PASS] wvfFind_event23017_trackID29_opNum9_merged.root → copied (ms_ch=9)
[PASS] wvfFind_event2510_trackID7_opNum8_merged.root → copied (ms_ch=8)
[PASS] wvfFind_event6729_trackID17_opNum9.root → copied (ms_ch=9)
[PASS] wvfFind_event18833_trackID13_opNum5_merged.root → copied (ms_ch=5)
[PASS] wvfFind_event4262_trackID14_opNum9_merged.root → copied (ms_ch=9)
[PASS] wvfFind_event14518_trackID15_opNum9_merged.root → copied (ms_ch=9)
[PASS] wvfFind_event6044_trackID3_opNum9_merged.root → copied (ms_ch=9)
[PASS] wvfFind_event11702_trackID5_opNum9_merged.root → copied (ms_ch=9)
[PASS] wvfFind_event7783_trackID3_opNum9_merged.root → copied (ms_ch=9)
[PASS] wvfFind_event1381_trackID1_opNum8_merged.root → copied (ms_ch=8)
[SKIP] wvfFind_event21365_trackID7_opNum1_merged.root (ms_ch=1)
[PASS] wvfFind_event20253_trackID13_opNum9_merged.root → copied (ms_ch=9)
[PASS] wvfFind_event12161_trackID6_opNum9_merged.root → copied (ms_ch=9)
[PASS] wvfFind_event12122_trackID18_opNum8_merged.root → copied (ms_ch=8)
[PASS] wvfFind_event24221_trackID5_opNum9_merged.root → copied (ms_ch=9)
[PASS] wvfFind_event16537_trackID20_opNum8_merged.root → copied (ms_ch=8)
[PASS] wvfFind_event10961_trackID2_opNum9_merged.root → copied (ms_ch=9)
[SKIP] wvfFind_event9391_trackID7_opNum1_merged.root (ms_ch=1)
[PASS] wvfFind_event517_trackID22_opNum9_merged.root → copied (ms_ch=9)
[PASS] wvfFind_event7818_trackID2_opNum9_merged.root → copied (ms_ch=9)
[PASS] wvfFind_event5356_trackID8_opNum9_merged.root → copied (ms_ch=9)
[PASS] wvfFind_event6321_trackID14_opNum9_merged.root → copied (ms_ch=9)
[PASS] wvfFind_event5381_trackID18_opNum9_merged.root → copied (ms_ch=9)
[PASS] wvfFind_event2180_trackID24_opNum5_merged.root → copied (ms_ch=5)
[PASS] wvfFind_event547_trackID18_opNum9_merged.root → copied (ms_ch=9)
[PASS] wvfFind_event15351_trackID9_opNum9_merged.root → copied (ms_ch=9)
[PASS] wvfFind_event23904_trackID8_opNum5.root → copied (ms_ch=5)
[PASS] wvfFind_event13647_trackID3_opNum9_merged.root → copied (ms_ch=9)
[SKIP] wvfFind_event5407_trackID1_opNum3.root (ms_ch=3)
[PASS] wvfFind_event11224_trackID13_opNum9_merged.root → copied (ms_ch=9)
[PASS] wvfFind_event20126_trackID7_opNum9_merged.root → copied (ms_ch=9)
[PASS] wvfFind_event3754_trackID15_opNum9_merged.root → copied (ms_ch=9)
[PASS] wvfFind_event3392_trackID15_opNum9_merged.root → copied (ms_ch=9)
[PASS] wvfFind_event20602_trackID0_opNum5_merged.root → copied (ms_ch=5)
[SKIP] wvfFind_event15950_trackID17_opNum1_merged.root (ms_ch=1)
[PASS] wvfFind_event7888_trackID8_opNum9_merged.root → copied (ms_ch=9)
[PASS] wvfFind_event20568_trackID31_opNum5_merged.root → copied (ms_ch=5)
[PASS] wvfFind_event2589_trackID17_opNum9_merged.root → copied (ms_ch=9)
[PASS] wvfFind_event16517_trackID10_opNum9_merged.root → copied (ms_ch=9)
[PASS] wvfFind_event9366_trackID16_opNum9_merged.root → copied (ms_ch=9)
[SKIP] wvfFind_event24689_trackID0_opNum1_merged.root (ms_ch=1)
[PASS] wvfFind_event21438_trackID12_opNum9_merged.root → copied (ms_ch=9)
[PASS] wvfFind_event13969_trackID17_opNum8_merged.root → copied (ms_ch=8)
[PASS] wvfFind_event3960_trackID32_opNum6_merged.root → copied (ms_ch=6)
[PASS] wvfFind_event2382_trackID3_opNum6_merged.root → copied (ms_ch=6)
[PASS] wvfFind_event20955_trackID6_opNum5.root → copied (ms_ch=5)
[PASS] wvfFind_event1159_trackID8_opNum9_merged.root → copied (ms_ch=9)
[PASS] wvfFind_event12204_trackID5_opNum8_merged.root → copied (ms_ch=8)
[PASS] wvfFind_event18426_trackID1_opNum9_merged.root → copied (ms_ch=9)
[PASS] wvfFind_event6734_trackID9_opNum5_merged.root → copied (ms_ch=5)
[PASS] wvfFind_event3792_trackID12_opNum9_merged.root → copied (ms_ch=9)
[SKIP] wvfFind_event10563_trackID18_opNum1_merged.root (ms_ch=1)
[SKIP] wvfFind_event7082_trackID26_opNum3_merged.root (ms_ch=3)
[PASS] wvfFind_event17533_trackID12_opNum9_merged.root → copied (ms_ch=9)
[PASS] wvfFind_event11533_trackID19_opNum9_merged.root → copied (ms_ch=9)
[PASS] wvfFind_event1274_trackID1_opNum9_merged.root → copied (ms_ch=9)
[PASS] wvfFind_event7066_trackID8_opNum6_merged.root → copied (ms_ch=6)
[PASS] wvfFind_event8983_trackID9_opNum9_merged.root → copied (ms_ch=9)
[SKIP] wvfFind_event18327_trackID30_opNum1_merged.root (ms_ch=1)
[PASS] wvfFind_event6877_trackID14_opNum8_merged.root → copied (ms_ch=8)
[PASS] wvfFind_event21349_trackID3_opNum9_merged.root → copied (ms_ch=9)
[PASS] wvfFind_event17649_trackID17_opNum9_merged.root → copied (ms_ch=9)
[PASS] wvfFind_event3530_trackID18_opNum5.root → copied (ms_ch=5)
[PASS] wvfFind_event5984_trackID8_opNum9_merged.root → copied (ms_ch=9)
[SKIP] wvfFind_event16774_trackID13_opNum2_3.root (ms_ch=2)
[PASS] wvfFind_event11637_trackID22_opNum9_merged.root → copied (ms_ch=9)
[SKIP] wvfFind_event1096_trackID7_opNum3_merged.root (ms_ch=3)
[PASS] wvfFind_event609_trackID4_opNum9_merged.root → copied (ms_ch=9)
[SKIP] wvfFind_event20171_trackID18_opNum2_merged.root (ms_ch=2)
[PASS] wvfFind_event10106_trackID10_opNum6_merged.root → copied (ms_ch=6)
[PASS] wvfFind_event4616_trackID28_opNum7_merged.root → copied (ms_ch=7)
[SKIP] wvfFind_event14999_trackID14_opNum2_2.root (ms_ch=2)
[SKIP] wvfFind_event13312_trackID11_opNum1_merged.root (ms_ch=1)
[PASS] wvfFind_event6246_trackID3_opNum9_merged.root → copied (ms_ch=9)
[SKIP] wvfFind_event5428_trackID8_opNum2_merged.root (ms_ch=2)
[PASS] wvfFind_event619_trackID2_opNum4_merged.root → copied (ms_ch=4)
[PASS] wvfFind_event23480_trackID12_opNum9_merged.root → copied (ms_ch=9)
[PASS] wvfFind_event16832_trackID24_opNum9_merged.root → copied (ms_ch=9)
[PASS] wvfFind_event6944_trackID8_opNum9_merged.root → copied (ms_ch=9)
[PASS] wvfFind_event645_trackID15_opNum9_merged.root → copied (ms_ch=9)
[PASS] wvfFind_event4088_trackID9_opNum9_merged.root → copied (ms_ch=9)
[PASS] wvfFind_event16797_trackID4_opNum5_merged.root → copied (ms_ch=5)
[PASS] wvfFind_event11331_trackID6_opNum5_merged.root → copied (ms_ch=5)
[PASS] wvfFind_event23399_trackID15_opNum9_merged.root → copied (ms_ch=9)
[PASS] wvfFind_event1145_trackID18_opNum9_merged.root → copied (ms_ch=9)
[PASS] wvfFind_event5031_trackID5_opNum5_merged.root → copied (ms_ch=5)
[PASS] wvfFind_event20885_trackID1_opNum6_merged.root → copied (ms_ch=6)
[PASS] wvfFind_event5295_trackID18_opNum8_merged.root → copied (ms_ch=8)
[PASS] wvfFind_event7194_trackID0_opNum9_merged.root → copied (ms_ch=9)
[PASS] wvfFind_event7562_trackID10_opNum4_merged.root → copied (ms_ch=4)
[PASS] wvfFind_event10951_trackID4_opNum6_merged.root → copied (ms_ch=6)
[SKIP] wvfFind_event20963_trackID13_opNum1_merged.root (ms_ch=1)
[PASS] wvfFind_event9337_trackID10_opNum9_merged.root → copied (ms_ch=9)
[PASS] wvfFind_event3166_trackID17_opNum7_merged.root → copied (ms_ch=7)
[PASS] wvfFind_event11014_trackID18_opNum9_merged.root → copied (ms_ch=9)
[PASS] wvfFind_event8684_trackID11_opNum9_merged.root → copied (ms_ch=9)
[SKIP] wvfFind_event20979_trackID9_opNum3_merged.root (ms_ch=3)
[PASS] wvfFind_event19660_trackID5_opNum9_merged.root → copied (ms_ch=9)
[PASS] wvfFind_event5454_trackID2_opNum9_merged.root → copied (ms_ch=9)
[PASS] wvfFind_event17151_trackID11_opNum9_merged.root → copied (ms_ch=9)
[PASS] wvfFind_event10187_trackID13_opNum8_merged.root → copied (ms_ch=8)
[PASS] wvfFind_event15095_trackID10_opNum6_merged.root → copied (ms_ch=6)
[PASS] wvfFind_event18076_trackID6_opNum9_merged.root → copied (ms_ch=9)
[PASS] wvfFind_event18587_trackID14_opNum4_merged.root → copied (ms_ch=4)
[PASS] wvfFind_event3121_trackID2_opNum9_merged.root → copied (ms_ch=9)
[PASS] wvfFind_event16391_trackID9_opNum9_merged.root → copied (ms_ch=9)
[PASS] wvfFind_event4416_trackID17_opNum8_merged.root → copied (ms_ch=8)
[PASS] wvfFind_event2983_trackID13_opNum9_merged.root → copied (ms_ch=9)
[PASS] wvfFind_event2422_trackID8_opNum8_merged.root → copied (ms_ch=8)
[PASS] wvfFind_event11576_trackID13_opNum9_merged.root → copied (ms_ch=9)
[PASS] wvfFind_event18380_trackID12_opNum9.root → copied (ms_ch=9)
[PASS] wvfFind_event17739_trackID5_opNum6_merged.root → copied (ms_ch=6)
[PASS] wvfFind_event2364_trackID9_opNum5_merged.root → copied (ms_ch=5)
[PASS] wvfFind_event6092_trackID13_opNum8_merged.root → copied (ms_ch=8)
[SKIP] wvfFind_event4076_trackID5_opNum3_merged.root (ms_ch=3)
[PASS] wvfFind_event24409_trackID6_opNum9_merged.root → copied (ms_ch=9)
[SKIP] wvfFind_event12030_trackID7_opNum1_merged.root (ms_ch=1)
[SKIP] wvfFind_event2945_trackID10_opNum1_merged.root (ms_ch=1)
[SKIP] wvfFind_event23931_trackID5_opNum3_merged.root (ms_ch=3)
[PASS] wvfFind_event13335_trackID16_opNum9_merged.root → copied (ms_ch=9)
[PASS] wvfFind_event12630_trackID2_opNum4_merged.root → copied (ms_ch=4)
[PASS] wvfFind_event4244_trackID7_opNum4_merged.root → copied (ms_ch=4)
[PASS] wvfFind_event20377_trackID12_opNum8_merged.root → copied (ms_ch=8)
[PASS] wvfFind_event8367_trackID15_opNum9_merged.root → copied (ms_ch=9)
[PASS] wvfFind_event15881_trackID5_opNum9_merged.root → copied (ms_ch=9)
[PASS] wvfFind_event18668_trackID15_opNum9_merged.root → copied (ms_ch=9)
[SKIP] wvfFind_event9055_trackID14_opNum2_merged.root (ms_ch=2)
[SKIP] wvfFind_event17992_trackID5_opNum2_merged.root (ms_ch=2)
[PASS] wvfFind_event4401_trackID15_opNum8_merged.root → copied (ms_ch=8)
[PASS] wvfFind_event20336_trackID20_opNum6_merged.root → copied (ms_ch=6)
[PASS] wvfFind_event1803_trackID16_opNum6_merged.root → copied (ms_ch=6)
[PASS] wvfFind_event65_trackID22_opNum7_merged.root → copied (ms_ch=7)
[PASS] wvfFind_event20537_trackID1_opNum9_merged.root → copied (ms_ch=9)
[SKIP] wvfFind_event8916_trackID15_opNum2_merged.root (ms_ch=2)
[PASS] wvfFind_event12428_trackID27_opNum9_merged.root → copied (ms_ch=9)
[PASS] wvfFind_event23576_trackID2_opNum9_merged.root → copied (ms_ch=9)
[PASS] wvfFind_event4211_trackID5_opNum9_merged.root → copied (ms_ch=9)
[PASS] wvfFind_event1737_trackID3_opNum9_merged.root → copied (ms_ch=9)
[PASS] wvfFind_event11131_trackID11_opNum9_merged.root → copied (ms_ch=9)
[SKIP] wvfFind_event8944_trackID16_opNum1_merged.root (ms_ch=1)
[SKIP] wvfFind_event15286_trackID4_opNum2_merged.root (ms_ch=2)
[PASS] wvfFind_event13298_trackID19_opNum5_merged.root → copied (ms_ch=5)
[PASS] wvfFind_event9649_trackID20_opNum7_merged.root → copied (ms_ch=7)
[SKIP] wvfFind_event16561_trackID11_opNum1_merged.root (ms_ch=1)
[PASS] wvfFind_event8474_trackID0_opNum6_merged.root → copied (ms_ch=6)
[PASS] wvfFind_event515_trackID10_opNum9_merged.root → copied (ms_ch=9)
[SKIP] wvfFind_event2743_trackID8_opNum3_merged.root (ms_ch=3)
[PASS] wvfFind_event16395_trackID28_opNum8_merged.root → copied (ms_ch=8)
[PASS] wvfFind_event7217_trackID6_opNum9_merged.root → copied (ms_ch=9)
[PASS] wvfFind_event6986_trackID3_opNum9_merged.root → copied (ms_ch=9)
[PASS] wvfFind_event17502_trackID1_opNum9_merged.root → copied (ms_ch=9)
[PASS] wvfFind_event11610_trackID20_opNum7_merged.root → copied (ms_ch=7)
[PASS] wvfFind_event1271_trackID2_opNum5_merged.root → copied (ms_ch=5)
[PASS] wvfFind_event16431_trackID3_opNum9_merged.root → copied (ms_ch=9)
[PASS] wvfFind_event16497_trackID8_opNum5_merged.root → copied (ms_ch=5)
[PASS] wvfFind_event7847_trackID4_opNum9_merged.root → copied (ms_ch=9)
[PASS] wvfFind_event2413_trackID7_opNum9_merged.root → copied (ms_ch=9)
[PASS] wvfFind_event7577_trackID22_opNum6_merged.root → copied (ms_ch=6)
[PASS] wvfFind_event5186_trackID21_opNum8_merged.root → copied (ms_ch=8)
[PASS] wvfFind_event4617_trackID8_opNum5_merged.root → copied (ms_ch=5)
[PASS] wvfFind_event11424_trackID13_opNum9_merged.root → copied (ms_ch=9)
[PASS] wvfFind_event18246_trackID8_opNum8_merged.root → copied (ms_ch=8)
[PASS] wvfFind_event15374_trackID16_opNum6_merged.root → copied (ms_ch=6)
[PASS] wvfFind_event268_trackID25_opNum9_merged.root → copied (ms_ch=9)
[PASS] wvfFind_event24233_trackID17_opNum9_merged.root → copied (ms_ch=9)
[PASS] wvfFind_event360_trackID22_opNum8_merged.root → copied (ms_ch=8)
[PASS] wvfFind_event20601_trackID21_opNum9_merged.root → copied (ms_ch=9)
[PASS] wvfFind_event19957_trackID16_opNum5_merged.root → copied (ms_ch=5)
[PASS] wvfFind_event10084_trackID0_opNum8_merged.root → copied (ms_ch=8)
[PASS] wvfFind_event8330_trackID2_opNum6_merged.root → copied (ms_ch=6)
[PASS] wvfFind_event20926_trackID10_opNum9_merged.root → copied (ms_ch=9)
[SKIP] wvfFind_event23881_trackID8_opNum3_merged.root (ms_ch=3)
[PASS] wvfFind_event18575_trackID19_opNum6_merged.root → copied (ms_ch=6)
[SKIP] wvfFind_event8281_trackID6_opNum1_merged.root (ms_ch=1)
[PASS] wvfFind_event17047_trackID2_opNum9_merged.root → copied (ms_ch=9)
[PASS] wvfFind_event5206_trackID0_opNum6_merged.root → copied (ms_ch=6)
[PASS] wvfFind_event4246_trackID9_opNum9_merged.root → copied (ms_ch=9)
[PASS] wvfFind_event14015_trackID8_opNum8_merged.root → copied (ms_ch=8)
[PASS] wvfFind_event7517_trackID11_opNum9_merged.root → copied (ms_ch=9)
[PASS] wvfFind_event9848_trackID16_opNum7_merged.root → copied (ms_ch=7)
[PASS] wvfFind_event708_trackID3_opNum4_merged.root → copied (ms_ch=4)
[PASS] wvfFind_event20820_trackID23_opNum9_merged.root → copied (ms_ch=9)
[PASS] wvfFind_event6680_trackID3_opNum9.root → copied (ms_ch=9)
[SKIP] wvfFind_event8493_trackID10_opNum1_merged.root (ms_ch=1)
[PASS] wvfFind_event3219_trackID13_opNum6_merged.root → copied (ms_ch=6)
[PASS] wvfFind_event1938_trackID8_opNum9_merged.root → copied (ms_ch=9)
[PASS] wvfFind_event21236_trackID2_opNum9_merged.root → copied (ms_ch=9)
[PASS] wvfFind_event20168_trackID8_opNum9_merged.root → copied (ms_ch=9)
[PASS] wvfFind_event2680_trackID11_opNum5_merged.root → copied (ms_ch=5)
[PASS] wvfFind_event9291_trackID14_opNum9_merged.root → copied (ms_ch=9)
[PASS] wvfFind_event14448_trackID5_opNum8_merged.root → copied (ms_ch=8)
[PASS] wvfFind_event784_trackID0_opNum9_merged.root → copied (ms_ch=9)
[PASS] wvfFind_event16707_trackID1_opNum7_merged.root → copied (ms_ch=7)
[PASS] wvfFind_event2934_trackID0_opNum6_merged.root → copied (ms_ch=6)
[PASS] wvfFind_event5237_trackID15_opNum7_merged.root → copied (ms_ch=7)
[PASS] wvfFind_event8543_trackID3_opNum8_merged.root → copied (ms_ch=8)
[PASS] wvfFind_event6952_trackID8_opNum9_merged.root → copied (ms_ch=9)
[PASS] wvfFind_event4640_trackID3_opNum8_merged.root → copied (ms_ch=8)
[PASS] wvfFind_event22245_trackID19_opNum9_merged.root → copied (ms_ch=9)
[PASS] wvfFind_event9904_trackID3_opNum9_merged.root → copied (ms_ch=9)
[PASS] wvfFind_event17326_trackID12_opNum9_merged.root → copied (ms_ch=9)
[PASS] wvfFind_event1358_trackID10_opNum8_merged.root → copied (ms_ch=8)
[SKIP] wvfFind_event10493_trackID5_opNum3_merged.root (ms_ch=3)
[PASS] wvfFind_event21783_trackID0_opNum9_merged.root → copied (ms_ch=9)
[PASS] wvfFind_event4359_trackID6_opNum6_merged.root → copied (ms_ch=6)
[SKIP] wvfFind_event6892_trackID4_opNum3_merged.root (ms_ch=3)
[SKIP] wvfFind_event4461_trackID10_opNum2.root (ms_ch=2)
[SKIP] wvfFind_event24236_trackID2_opNum2_merged.root (ms_ch=2)
[PASS] wvfFind_event14053_trackID4_opNum9_merged.root → copied (ms_ch=9)
[PASS] wvfFind_event20258_trackID7_opNum9_merged.root → copied (ms_ch=9)
[PASS] wvfFind_event5019_trackID13_opNum8_merged.root → copied (ms_ch=8)
[PASS] wvfFind_event11771_trackID10_opNum5_merged.root → copied (ms_ch=5)
[PASS] wvfFind_event7951_trackID8_opNum8_merged.root → copied (ms_ch=8)
[SKIP] wvfFind_event14980_trackID17_opNum2_merged.root (ms_ch=2)
[PASS] wvfFind_event6020_trackID0_opNum9_merged.root → copied (ms_ch=9)
[PASS] wvfFind_event24474_trackID12_opNum9_merged.root → copied (ms_ch=9)
[PASS] wvfFind_event1387_trackID4_opNum9_merged.root → copied (ms_ch=9)
[PASS] wvfFind_event11428_trackID8_opNum9_merged.root → copied (ms_ch=9)
[SKIP] wvfFind_event16990_trackID10_opNum1_merged.root (ms_ch=1)
[PASS] wvfFind_event6326_trackID0_opNum9_merged.root → copied (ms_ch=9)
[PASS] wvfFind_event2372_trackID11_opNum9_merged.root → copied (ms_ch=9)
[PASS] wvfFind_event6749_trackID10_opNum9_merged.root → copied (ms_ch=9)
[PASS] wvfFind_event15470_trackID3_opNum9_merged.root → copied (ms_ch=9)
[PASS] wvfFind_event20451_trackID17_opNum6_merged.root → copied (ms_ch=6)
[PASS] wvfFind_event16132_trackID15_opNum9_merged.root → copied (ms_ch=9)
[PASS] wvfFind_event15822_trackID11_opNum6_merged.root → copied (ms_ch=6)
[PASS] wvfFind_event23398_trackID22_opNum6_merged.root → copied (ms_ch=6)
[SKIP] wvfFind_event17935_trackID6_opNum2_merged.root (ms_ch=2)
[PASS] wvfFind_event9168_trackID12_opNum9_merged.root → copied (ms_ch=9)
[PASS] wvfFind_event19417_trackID5_opNum8_merged.root → copied (ms_ch=8)
[PASS] wvfFind_event6797_trackID5_opNum8_merged.root → copied (ms_ch=8)
[PASS] wvfFind_event2133_trackID11_opNum8_merged.root → copied (ms_ch=8)
[PASS] wvfFind_event19148_trackID16_opNum5_merged.root → copied (ms_ch=5)
[PASS] wvfFind_event16033_trackID3_opNum6_merged.root → copied (ms_ch=6)
[PASS] wvfFind_event20399_trackID6_opNum9_merged.root → copied (ms_ch=9)
[PASS] wvfFind_event4617_trackID15_opNum5_merged.root → copied (ms_ch=5)
[PASS] wvfFind_event3863_trackID7_opNum9_merged.root → copied (ms_ch=9)
[SKIP] wvfFind_event6657_trackID4_opNum2_merged.root (ms_ch=2)
[PASS] wvfFind_event7673_trackID9_opNum9_merged.root → copied (ms_ch=9)
[PASS] wvfFind_event8498_trackID22_opNum9_merged.root → copied (ms_ch=9)
[PASS] wvfFind_event5500_trackID9_opNum9_merged.root → copied (ms_ch=9)
[PASS] wvfFind_event693_trackID10_opNum8_merged.root → copied (ms_ch=8)
[PASS] wvfFind_event16553_trackID19_opNum7_merged.root → copied (ms_ch=7)
[PASS] wvfFind_event1047_trackID4_opNum9_merged.root → copied (ms_ch=9)
[PASS] wvfFind_event1957_trackID7_opNum8_merged.root → copied (ms_ch=8)
[SKIP] wvfFind_event16244_trackID3_opNum2_merged.root (ms_ch=2)
[PASS] wvfFind_event15306_trackID11_opNum9_merged.root → copied (ms_ch=9)
[PASS] wvfFind_event4561_trackID2_opNum9_merged.root → copied (ms_ch=9)
[PASS] wvfFind_event18386_trackID11_opNum9_merged.root → copied (ms_ch=9)
[PASS] wvfFind_event17962_trackID5_opNum9_merged.root → copied (ms_ch=9)
[PASS] wvfFind_event9744_trackID10_opNum8_merged.root → copied (ms_ch=8)
[PASS] wvfFind_event11045_trackID9_opNum7_merged.root → copied (ms_ch=7)
[PASS] wvfFind_event11993_trackID28_opNum6_merged.root → copied (ms_ch=6)
[PASS] wvfFind_event1645_trackID20_opNum5_merged.root → copied (ms_ch=5)
[SKIP] wvfFind_event6333_trackID19_opNum1_merged.root (ms_ch=1)
[PASS] wvfFind_event12249_trackID1_opNum9_merged.root → copied (ms_ch=9)
[PASS] wvfFind_event2612_trackID8_opNum9_merged.root → copied (ms_ch=9)
[PASS] wvfFind_event20724_trackID6_opNum9_merged.root → copied (ms_ch=9)
[PASS] wvfFind_event21593_trackID8_opNum5_merged.root → copied (ms_ch=5)
[PASS] wvfFind_event24504_trackID13_opNum8_merged.root → copied (ms_ch=8)
[PASS] wvfFind_event11495_trackID13_opNum9_merged.root → copied (ms_ch=9)
[PASS] wvfFind_event4083_trackID23_opNum4_merged.root → copied (ms_ch=4)
[PASS] wvfFind_event17447_trackID13_opNum9_merged.root → copied (ms_ch=9)
[PASS] wvfFind_event20587_trackID18_opNum9_merged.root → copied (ms_ch=9)
[PASS] wvfFind_event16479_trackID3_opNum9_merged.root → copied (ms_ch=9)
[PASS] wvfFind_event1714_trackID10_opNum9_merged.root → copied (ms_ch=9)
[PASS] wvfFind_event18246_trackID6_opNum8_merged.root → copied (ms_ch=8)
[PASS] wvfFind_event11589_trackID18_opNum8_merged.root → copied (ms_ch=8)
[PASS] wvfFind_event15762_trackID17_opNum5_merged.root → copied (ms_ch=5)
[PASS] wvfFind_event188_trackID20_opNum7_merged.root → copied (ms_ch=7)
[SKIP] wvfFind_event16462_trackID12_opNum2_merged.root (ms_ch=2)
[PASS] wvfFind_event20832_trackID8_opNum5_merged.root → copied (ms_ch=5)
[PASS] wvfFind_event6429_trackID31_opNum6_merged.root → copied (ms_ch=6)
[PASS] wvfFind_event19223_trackID21_opNum6_merged.root → copied (ms_ch=6)
[SKIP] wvfFind_event9223_trackID2_opNum3_merged.root (ms_ch=3)
[PASS] wvfFind_event5732_trackID13_opNum5_merged.root → copied (ms_ch=5)
[PASS] wvfFind_event20498_trackID7_opNum4_merged.root → copied (ms_ch=4)
[PASS] wvfFind_event20513_trackID5_opNum9_merged.root → copied (ms_ch=9)
[PASS] wvfFind_event2799_trackID0_opNum9_merged.root → copied (ms_ch=9)
[PASS] wvfFind_event20797_trackID13_opNum8_merged.root → copied (ms_ch=8)
[PASS] wvfFind_event20689_trackID0_opNum9_merged.root → copied (ms_ch=9)
[PASS] wvfFind_event6110_trackID6_opNum5_merged.root → copied (ms_ch=5)
[PASS] wvfFind_event2977_trackID0_opNum5_merged.root → copied (ms_ch=5)
[PASS] wvfFind_event24447_trackID13_opNum9_merged.root → copied (ms_ch=9)
[PASS] wvfFind_event24994_trackID19_opNum6_merged.root → copied (ms_ch=6)
[PASS] wvfFind_event13441_trackID1_opNum8_merged.root → copied (ms_ch=8)
[PASS] wvfFind_event902_trackID15_opNum8_merged.root → copied (ms_ch=8)
[PASS] wvfFind_event11575_trackID1_opNum9_merged.root → copied (ms_ch=9)
[SKIP] wvfFind_event7126_trackID4_opNum3_merged.root (ms_ch=3)
[PASS] wvfFind_event14184_trackID15_opNum9_merged.root → copied (ms_ch=9)
[PASS] wvfFind_event20592_trackID6_opNum9_merged.root → copied (ms_ch=9)
[PASS] wvfFind_event8074_trackID4_opNum9_merged.root → copied (ms_ch=9)
[SKIP] wvfFind_event19299_trackID20_opNum2_merged.root (ms_ch=2)
[PASS] wvfFind_event4605_trackID11_opNum9_merged.root → copied (ms_ch=9)
[PASS] wvfFind_event12319_trackID21_opNum9_merged.root → copied (ms_ch=9)
[PASS] wvfFind_event18550_trackID17_opNum8_merged.root → copied (ms_ch=8)
[PASS] wvfFind_event13516_trackID11_opNum5_merged.root → copied (ms_ch=5)
[SKIP] wvfFind_event5836_trackID34_opNum2_merged.root (ms_ch=2)
[PASS] wvfFind_event6150_trackID12_opNum9_merged.root → copied (ms_ch=9)
[PASS] wvfFind_event1593_trackID8_opNum9_merged.root → copied (ms_ch=9)
[PASS] wvfFind_event16435_trackID19_opNum8_merged.root → copied (ms_ch=8)
[PASS] wvfFind_event7576_trackID6_opNum5_merged.root → copied (ms_ch=5)
[PASS] wvfFind_event1919_trackID0_opNum4.root → copied (ms_ch=4)
[SKIP] wvfFind_event2133_trackID13_opNum3_merged.root (ms_ch=3)
[PASS] wvfFind_event9968_trackID4_opNum9_merged.root → copied (ms_ch=9)
[PASS] wvfFind_event1228_trackID5_opNum9_merged.root → copied (ms_ch=9)
[PASS] wvfFind_event10550_trackID10_opNum9_merged.root → copied (ms_ch=9)
[SKIP] wvfFind_event3093_trackID23_opNum3_merged.root (ms_ch=3)
[SKIP] wvfFind_event2550_trackID11_opNum3_merged.root (ms_ch=3)
[PASS] wvfFind_event7723_trackID9_opNum9_merged.root → copied (ms_ch=9)
[PASS] wvfFind_event13512_trackID9_opNum9_merged.root → copied (ms_ch=9)
[PASS] wvfFind_event22052_trackID4_opNum9_merged.root → copied (ms_ch=9)
[PASS] wvfFind_event3023_trackID17_opNum9_merged.root → copied (ms_ch=9)
[PASS] wvfFind_event9785_trackID1_opNum4_merged.root → copied (ms_ch=4)
[SKIP] wvfFind_event12454_trackID11_opNum1_merged.root (ms_ch=1)
[SKIP] wvfFind_event17032_trackID16_opNum1_merged.root (ms_ch=1)
[PASS] wvfFind_event1394_trackID3_opNum8_merged.root → copied (ms_ch=8)
[PASS] wvfFind_event24559_trackID8_opNum9_merged.root → copied (ms_ch=9)
[PASS] wvfFind_event6519_trackID8_opNum9_merged.root → copied (ms_ch=9)
[PASS] wvfFind_event2459_trackID3_opNum9_merged.root → copied (ms_ch=9)
[PASS] wvfFind_event11952_trackID14_opNum8_merged.root → copied (ms_ch=8)
[PASS] wvfFind_event2012_trackID20_opNum6_merged.root → copied (ms_ch=6)
[PASS] wvfFind_event16128_trackID4_opNum9_merged.root → copied (ms_ch=9)
[PASS] wvfFind_event8263_trackID20_opNum4_merged.root → copied (ms_ch=4)
[PASS] wvfFind_event5739_trackID15_opNum9_merged.root → copied (ms_ch=9)
[PASS] wvfFind_event322_trackID4_opNum9_merged.root → copied (ms_ch=9)
[PASS] wvfFind_event6002_trackID5_opNum9_merged.root → copied (ms_ch=9)
[PASS] wvfFind_event4396_trackID12_opNum8_merged.root → copied (ms_ch=8)
[PASS] wvfFind_event21133_trackID8_opNum6_merged.root → copied (ms_ch=6)
[PASS] wvfFind_event19576_trackID7_opNum9_merged.root → copied (ms_ch=9)
[PASS] wvfFind_event18458_trackID3_opNum9_merged.root → copied (ms_ch=9)
[PASS] wvfFind_event12504_trackID1_opNum9_merged.root → copied (ms_ch=9)
[PASS] wvfFind_event411_trackID9_opNum7_merged.root → copied (ms_ch=7)
[PASS] wvfFind_event9129_trackID18_opNum8_merged.root → copied (ms_ch=8)
[PASS] wvfFind_event560_trackID26_opNum5_merged.root → copied (ms_ch=5)
[PASS] wvfFind_event24524_trackID30_opNum5_merged.root → copied (ms_ch=5)
[PASS] wvfFind_event5357_trackID3_opNum9_merged.root → copied (ms_ch=9)
[PASS] wvfFind_event4446_trackID1_opNum9_merged.root → copied (ms_ch=9)
[SKIP] wvfFind_event1788_trackID12_opNum3_merged.root (ms_ch=3)
[PASS] wvfFind_event2684_trackID15_opNum9_merged.root → copied (ms_ch=9)
[SKIP] wvfFind_event17398_trackID4_opNum1_merged.root (ms_ch=1)
[SKIP] wvfFind_event9967_trackID3_opNum1_merged.root (ms_ch=1)
[PASS] wvfFind_event21523_trackID14_opNum9_merged.root → copied (ms_ch=9)
[PASS] wvfFind_event20542_trackID5_opNum9_merged.root → copied (ms_ch=9)
[PASS] wvfFind_event4808_trackID25_opNum9_merged.root → copied (ms_ch=9)
[PASS] wvfFind_event21951_trackID21_opNum8_merged.root → copied (ms_ch=8)
[SKIP] wvfFind_event21566_trackID8_opNum2_merged.root (ms_ch=2)
[PASS] wvfFind_event15194_trackID1_opNum9_merged.root → copied (ms_ch=9)
[PASS] wvfFind_event7247_trackID10_opNum9_merged.root → copied (ms_ch=9)
[PASS] wvfFind_event208_trackID4_opNum5.root → copied (ms_ch=5)
[PASS] wvfFind_event11304_trackID8_opNum9_merged.root → copied (ms_ch=9)
[SKIP] wvfFind_event14257_trackID0_opNum3_merged.root (ms_ch=3)
[PASS] wvfFind_event153_trackID24_opNum8_merged.root → copied (ms_ch=8)
[PASS] wvfFind_event2245_trackID5_opNum5_merged.root → copied (ms_ch=5)
[PASS] wvfFind_event5190_trackID21_opNum8_merged.root → copied (ms_ch=8)
[SKIP] wvfFind_event16131_trackID20_opNum3_merged.root (ms_ch=3)
[PASS] wvfFind_event6857_trackID17_opNum9_merged.root → copied (ms_ch=9)
[PASS] wvfFind_event17155_trackID13_opNum6_merged.root → copied (ms_ch=6)
[PASS] wvfFind_event22112_trackID11_opNum8_merged.root → copied (ms_ch=8)
[PASS] wvfFind_event22185_trackID6_opNum9_merged.root → copied (ms_ch=9)
[PASS] wvfFind_event16661_trackID1_opNum9_merged.root → copied (ms_ch=9)
[PASS] wvfFind_event5434_trackID14_opNum9_merged.root → copied (ms_ch=9)
[SKIP] wvfFind_event3985_trackID20_opNum1_merged.root (ms_ch=1)
[PASS] wvfFind_event19015_trackID7_opNum9_merged.root → copied (ms_ch=9)
[PASS] wvfFind_event17692_trackID25_opNum9_merged.root → copied (ms_ch=9)
[PASS] wvfFind_event2175_trackID30_opNum7_merged.root → copied (ms_ch=7)
[SKIP] wvfFind_event14999_trackID14_opNum2_3.root (ms_ch=2)
[PASS] wvfFind_event10083_trackID4_opNum4_merged.root → copied (ms_ch=4)
[PASS] wvfFind_event7212_trackID1_opNum8_merged.root → copied (ms_ch=8)
[PASS] wvfFind_event1135_trackID2_opNum9_merged.root → copied (ms_ch=9)
[PASS] wvfFind_event5868_trackID18_opNum8_merged.root → copied (ms_ch=8)
[PASS] wvfFind_event9365_trackID0_opNum8_merged.root → copied (ms_ch=8)
[PASS] wvfFind_event7527_trackID27_opNum8_merged.root → copied (ms_ch=8)
[PASS] wvfFind_event3262_trackID5_opNum9_merged.root → copied (ms_ch=9)
[PASS] wvfFind_event5310_trackID9_opNum4_merged.root → copied (ms_ch=4)
[PASS] wvfFind_event1834_trackID1_opNum9_merged.root → copied (ms_ch=9)
[PASS] wvfFind_event24455_trackID2_opNum9_merged.root → copied (ms_ch=9)
[PASS] wvfFind_event7621_trackID6_opNum5_merged.root → copied (ms_ch=5)
[PASS] wvfFind_event20893_trackID15_opNum8_merged.root → copied (ms_ch=8)
[SKIP] wvfFind_event1099_trackID3_opNum2.root (ms_ch=2)
[PASS] wvfFind_event14853_trackID9_opNum9_merged.root → copied (ms_ch=9)
[PASS] wvfFind_event2242_trackID3_opNum7_merged.root → copied (ms_ch=7)
[PASS] wvfFind_event20038_trackID21_opNum6_merged.root → copied (ms_ch=6)
[PASS] wvfFind_event1663_trackID5_opNum9_merged.root → copied (ms_ch=9)
[PASS] wvfFind_event5098_trackID3_opNum9_merged.root → copied (ms_ch=9)
[PASS] wvfFind_event19098_trackID10_opNum8_merged.root → copied (ms_ch=8)
[PASS] wvfFind_event13891_trackID7_opNum9_merged.root → copied (ms_ch=9)
[PASS] wvfFind_event2959_trackID7_opNum9_merged.root → copied (ms_ch=9)
[PASS] wvfFind_event469_trackID8_opNum9_merged.root → copied (ms_ch=9)
[SKIP] wvfFind_event9314_trackID36_opNum2_merged.root (ms_ch=2)
[PASS] wvfFind_event11270_trackID8_opNum4_merged.root → copied (ms_ch=4)
[SKIP] wvfFind_event9091_trackID7_opNum3_merged.root (ms_ch=3)
[SKIP] wvfFind_event7232_trackID12_opNum1_merged.root (ms_ch=1)
[PASS] wvfFind_event13411_trackID0_opNum9_merged.root → copied (ms_ch=9)
[PASS] wvfFind_event6525_trackID7_opNum5_merged.root → copied (ms_ch=5)
[SKIP] wvfFind_event17933_trackID7_opNum2_merged.root (ms_ch=2)
[PASS] wvfFind_event7222_trackID17_opNum8_merged.root → copied (ms_ch=8)
[PASS] wvfFind_event23636_trackID17_opNum6_merged.root → copied (ms_ch=6)
[PASS] wvfFind_event9790_trackID15_opNum7_merged.root → copied (ms_ch=7)
[PASS] wvfFind_event16347_trackID8_opNum9_merged.root → copied (ms_ch=9)
[PASS] wvfFind_event7668_trackID22_opNum9_merged.root → copied (ms_ch=9)
[PASS] wvfFind_event14643_trackID22_opNum8_merged.root → copied (ms_ch=8)
[SKIP] wvfFind_event15521_trackID10_opNum2_merged.root (ms_ch=2)
[PASS] wvfFind_event9542_trackID15_opNum9_merged.root → copied (ms_ch=9)
[PASS] wvfFind_event23453_trackID6_opNum9_merged.root → copied (ms_ch=9)
[PASS] wvfFind_event15975_trackID11_opNum9_merged.root → copied (ms_ch=9)
[PASS] wvfFind_event22042_trackID13_opNum8_merged.root → copied (ms_ch=8)
[PASS] wvfFind_event21588_trackID5_opNum8_merged.root → copied (ms_ch=8)
[PASS] wvfFind_event6403_trackID19_opNum9_merged.root → copied (ms_ch=9)
[PASS] wvfFind_event15406_trackID20_opNum8_merged.root → copied (ms_ch=8)
[PASS] wvfFind_event14027_trackID6_opNum5_merged.root → copied (ms_ch=5)
[PASS] wvfFind_event20064_trackID11_opNum9_merged.root → copied (ms_ch=9)
[PASS] wvfFind_event21067_trackID10_opNum9_merged.root → copied (ms_ch=9)
[PASS] wvfFind_event8511_trackID13_opNum9_merged.root → copied (ms_ch=9)
[PASS] wvfFind_event4004_trackID3_opNum9_merged.root → copied (ms_ch=9)
[PASS] wvfFind_event21603_trackID17_opNum6_merged.root → copied (ms_ch=6)
[PASS] wvfFind_event23599_trackID32_opNum8_merged.root → copied (ms_ch=8)
[PASS] wvfFind_event14128_trackID21_opNum7_merged.root → copied (ms_ch=7)
[PASS] wvfFind_event14529_trackID4_opNum9_merged.root → copied (ms_ch=9)
[PASS] wvfFind_event6583_trackID1_opNum9_merged.root → copied (ms_ch=9)
[PASS] wvfFind_event16301_trackID4_opNum8_merged.root → copied (ms_ch=8)
[PASS] wvfFind_event17923_trackID4_opNum9_merged.root → copied (ms_ch=9)
[PASS] wvfFind_event2911_trackID4_opNum9_merged.root → copied (ms_ch=9)
[PASS] wvfFind_event2358_trackID11_opNum9_merged.root → copied (ms_ch=9)
[PASS] wvfFind_event4405_trackID16_opNum9_merged.root → copied (ms_ch=9)
[PASS] wvfFind_event20148_trackID9_opNum9_merged.root → copied (ms_ch=9)
[PASS] wvfFind_event11866_trackID6_opNum5_merged.root → copied (ms_ch=5)
[PASS] wvfFind_event18731_trackID5_opNum5_merged.root → copied (ms_ch=5)
[PASS] wvfFind_event21546_trackID17_opNum9_merged.root → copied (ms_ch=9)
[PASS] wvfFind_event7884_trackID9_opNum9_merged.root → copied (ms_ch=9)
[PASS] wvfFind_event1855_trackID21_opNum9_merged.root → copied (ms_ch=9)
[PASS] wvfFind_event7216_trackID12_opNum8_merged.root → copied (ms_ch=8)
[PASS] wvfFind_event9760_trackID19_opNum9_merged.root → copied (ms_ch=9)
[PASS] wvfFind_event9026_trackID0_opNum9_merged.root → copied (ms_ch=9)
[SKIP] wvfFind_event4001_trackID11_opNum1_merged.root (ms_ch=1)
[PASS] wvfFind_event2263_trackID5_opNum9_merged.root → copied (ms_ch=9)
[PASS] wvfFind_event20125_trackID5_opNum9_merged.root → copied (ms_ch=9)
[PASS] wvfFind_event7397_trackID14_opNum6_merged.root → copied (ms_ch=6)
[PASS] wvfFind_event13243_trackID7_opNum9_merged.root → copied (ms_ch=9)
[PASS] wvfFind_event17287_trackID7_opNum9_merged.root → copied (ms_ch=9)
[PASS] wvfFind_event11198_trackID3_opNum4_merged.root → copied (ms_ch=4)
[PASS] wvfFind_event14059_trackID9_opNum9_merged.root → copied (ms_ch=9)
[PASS] wvfFind_event10601_trackID10_opNum8_merged.root → copied (ms_ch=8)
[SKIP] wvfFind_event16268_trackID10_opNum1_merged.root (ms_ch=1)
[PASS] wvfFind_event16146_trackID7_opNum5_merged.root → copied (ms_ch=5)
[SKIP] wvfFind_event11448_trackID4_opNum1_merged.root (ms_ch=1)
[PASS] wvfFind_event21856_trackID17_opNum9_merged.root → copied (ms_ch=9)
[PASS] wvfFind_event2365_trackID23_opNum9_merged.root → copied (ms_ch=9)
[PASS] wvfFind_event24740_trackID8_opNum4_merged.root → copied (ms_ch=4)
[PASS] wvfFind_event11542_trackID18_opNum9_merged.root → copied (ms_ch=9)
[PASS] wvfFind_event5299_trackID11_opNum7_merged.root → copied (ms_ch=7)
[PASS] wvfFind_event21434_trackID7_opNum8_merged.root → copied (ms_ch=8)
[PASS] wvfFind_event5741_trackID14_opNum8_merged.root → copied (ms_ch=8)
[PASS] wvfFind_event3028_trackID6_opNum9_merged.root → copied (ms_ch=9)
[PASS] wvfFind_event11676_trackID1_opNum9_merged.root → copied (ms_ch=9)
[PASS] wvfFind_event3864_trackID3_opNum9_merged.root → copied (ms_ch=9)
[SKIP] wvfFind_event16519_trackID6_opNum3_merged.root (ms_ch=3)
[PASS] wvfFind_event15704_trackID1_opNum7_merged.root → copied (ms_ch=7)
[SKIP] wvfFind_event5993_trackID7_opNum1_merged.root (ms_ch=1)
[SKIP] wvfFind_event1742_trackID1_opNum3_merged.root (ms_ch=3)
[PASS] wvfFind_event16007_trackID0_opNum9_merged.root → copied (ms_ch=9)
[PASS] wvfFind_event22707_trackID19_opNum7_merged.root → copied (ms_ch=7)
[PASS] wvfFind_event3090_trackID21_opNum4_merged.root → copied (ms_ch=4)
[PASS] wvfFind_event5785_trackID6_opNum9_merged.root → copied (ms_ch=9)
[SKIP] wvfFind_event11804_trackID12_opNum3_merged.root (ms_ch=3)
[PASS] wvfFind_event4055_trackID12_opNum8_merged.root → copied (ms_ch=8)
[PASS] wvfFind_event15554_trackID1_opNum9_merged.root → copied (ms_ch=9)
[PASS] wvfFind_event4130_trackID10_opNum9_merged.root → copied (ms_ch=9)
[PASS] wvfFind_event24086_trackID21_opNum6_merged.root → copied (ms_ch=6)
[PASS] wvfFind_event22227_trackID7_opNum9_merged.root → copied (ms_ch=9)
[PASS] wvfFind_event8927_trackID6_opNum9_merged.root → copied (ms_ch=9)
[PASS] wvfFind_event21358_trackID4_opNum9_merged.root → copied (ms_ch=9)
[PASS] wvfFind_event15992_trackID7_opNum8_merged.root → copied (ms_ch=8)
[PASS] wvfFind_event9642_trackID6_opNum5_merged.root → copied (ms_ch=5)
[PASS] wvfFind_event23691_trackID26_opNum8_merged.root → copied (ms_ch=8)
[PASS] wvfFind_event18024_trackID16_opNum9_merged.root → copied (ms_ch=9)
[PASS] wvfFind_event242_trackID16_opNum9_merged.root → copied (ms_ch=9)
[SKIP] wvfFind_event10945_trackID4_opNum2_merged.root (ms_ch=2)
[PASS] wvfFind_event2975_trackID2_opNum5.root → copied (ms_ch=5)
[PASS] wvfFind_event21360_trackID19_opNum7_merged.root → copied (ms_ch=7)
[PASS] wvfFind_event22106_trackID14_opNum9_merged.root → copied (ms_ch=9)
[PASS] wvfFind_event5786_trackID3_opNum8_merged.root → copied (ms_ch=8)
[PASS] wvfFind_event9063_trackID9_opNum9_merged.root → copied (ms_ch=9)
[PASS] wvfFind_event22800_trackID11_opNum7_merged.root → copied (ms_ch=7)
[PASS] wvfFind_event21612_trackID4_opNum9_merged.root → copied (ms_ch=9)
[PASS] wvfFind_event17576_trackID0_opNum9_merged.root → copied (ms_ch=9)
[SKIP] wvfFind_event1835_trackID6_opNum2_merged.root (ms_ch=2)
[PASS] wvfFind_event11667_trackID22_opNum8_merged.root → copied (ms_ch=8)
[SKIP] wvfFind_event12036_trackID29_opNum2_merged.root (ms_ch=2)
[PASS] wvfFind_event13724_trackID16_opNum9_merged.root → copied (ms_ch=9)
[PASS] wvfFind_event20200_trackID3_opNum6_merged.root → copied (ms_ch=6)
[PASS] wvfFind_event20577_trackID15_opNum9_merged.root → copied (ms_ch=9)
[PASS] wvfFind_event19022_trackID0_opNum9_merged.root → copied (ms_ch=9)
[PASS] wvfFind_event20331_trackID11_opNum9_merged.root → copied (ms_ch=9)
[PASS] wvfFind_event9980_trackID3_opNum9_merged.root → copied (ms_ch=9)
[PASS] wvfFind_event20862_trackID18_opNum6_merged.root → copied (ms_ch=6)
[PASS] wvfFind_event156_trackID14_opNum7_merged.root → copied (ms_ch=7)
[PASS] wvfFind_event2807_trackID1_opNum9_merged.root → copied (ms_ch=9)
[PASS] wvfFind_event20979_trackID1_opNum9_merged.root → copied (ms_ch=9)
[SKIP] wvfFind_event6501_trackID1_opNum2_merged.root (ms_ch=2)
[PASS] wvfFind_event18871_trackID2_opNum9_merged.root → copied (ms_ch=9)
[PASS] wvfFind_event15195_trackID9_opNum9_merged.root → copied (ms_ch=9)
[PASS] wvfFind_event14759_trackID22_opNum9_merged.root → copied (ms_ch=9)
[SKIP] wvfFind_event13733_trackID10_opNum1_merged.root (ms_ch=1)
[PASS] wvfFind_event23881_trackID28_opNum6_merged.root → copied (ms_ch=6)
[PASS] wvfFind_event20224_trackID19_opNum9_merged.root → copied (ms_ch=9)
[PASS] wvfFind_event13919_trackID3_opNum9_merged.root → copied (ms_ch=9)
[PASS] wvfFind_event16244_trackID22_opNum9_merged.root → copied (ms_ch=9)
[PASS] wvfFind_event17931_trackID13_opNum9_merged.root → copied (ms_ch=9)
[PASS] wvfFind_event3413_trackID15_opNum8_merged.root → copied (ms_ch=8)
[PASS] wvfFind_event17293_trackID2_opNum7_merged.root → copied (ms_ch=7)
[PASS] wvfFind_event7150_trackID13_opNum5_merged.root → copied (ms_ch=5)
[PASS] wvfFind_event5264_trackID33_opNum9_merged.root → copied (ms_ch=9)
[SKIP] wvfFind_event7757_trackID4_opNum2_merged.root (ms_ch=2)
[PASS] wvfFind_event6156_trackID15_opNum7_merged.root → copied (ms_ch=7)
[PASS] wvfFind_event15551_trackID11_opNum9_merged.root → copied (ms_ch=9)
[PASS] wvfFind_event16767_trackID8_opNum9_merged.root → copied (ms_ch=9)
[PASS] wvfFind_event3115_trackID21_opNum8_merged.root → copied (ms_ch=8)
[PASS] wvfFind_event1290_trackID14_opNum7_merged.root → copied (ms_ch=7)
[SKIP] wvfFind_event15754_trackID3_opNum3_merged.root (ms_ch=3)
[PASS] wvfFind_event23228_trackID1_opNum9_merged.root → copied (ms_ch=9)
[PASS] wvfFind_event24693_trackID19_opNum9_merged.root → copied (ms_ch=9)
[PASS] wvfFind_event13792_trackID22_opNum9_merged.root → copied (ms_ch=9)
[PASS] wvfFind_event20357_trackID2_opNum9_merged.root → copied (ms_ch=9)
[PASS] wvfFind_event10352_trackID4_opNum9_merged.root → copied (ms_ch=9)
[SKIP] wvfFind_event11131_trackID9_opNum3_merged.root (ms_ch=3)
[SKIP] wvfFind_event235_trackID2_opNum3_merged.root (ms_ch=3)
[PASS] wvfFind_event1159_trackID11_opNum9_merged.root → copied (ms_ch=9)
[PASS] wvfFind_event21799_trackID18_opNum9_merged.root → copied (ms_ch=9)
[PASS] wvfFind_event15195_trackID4_opNum9_merged.root → copied (ms_ch=9)
[PASS] wvfFind_event15910_trackID12_opNum9_merged.root → copied (ms_ch=9)
[SKIP] wvfFind_event8519_trackID6_opNum1_merged.root (ms_ch=1)
[PASS] wvfFind_event21043_trackID1_opNum4.root → copied (ms_ch=4)
[PASS] wvfFind_event20205_trackID1_opNum4_merged.root → copied (ms_ch=4)
[PASS] wvfFind_event13910_trackID19_opNum9_merged.root → copied (ms_ch=9)
[PASS] wvfFind_event2957_trackID10_opNum9_merged.root → copied (ms_ch=9)
[PASS] wvfFind_event8667_trackID2_opNum9_merged.root → copied (ms_ch=9)
[PASS] wvfFind_event17809_trackID8_opNum6_merged.root → copied (ms_ch=6)
[PASS] wvfFind_event21402_trackID14_opNum9_merged.root → copied (ms_ch=9)
[PASS] wvfFind_event16871_trackID6_opNum5_merged.root → copied (ms_ch=5)
[PASS] wvfFind_event8688_trackID1_opNum9_merged.root → copied (ms_ch=9)
[PASS] wvfFind_event23589_trackID13_opNum9_merged.root → copied (ms_ch=9)
[PASS] wvfFind_event23541_trackID14_opNum9_merged.root → copied (ms_ch=9)
[PASS] wvfFind_event5020_trackID11_opNum5_merged.root → copied (ms_ch=5)
[PASS] wvfFind_event4346_trackID2_opNum9_merged.root → copied (ms_ch=9)
[PASS] wvfFind_event4915_trackID13_opNum6_merged.root → copied (ms_ch=6)
[PASS] wvfFind_event24982_trackID1_opNum9_merged.root → copied (ms_ch=9)
[PASS] wvfFind_event7918_trackID7_opNum5_merged.root → copied (ms_ch=5)
[PASS] wvfFind_event4441_trackID8_opNum9_merged.root → copied (ms_ch=9)
[PASS] wvfFind_event20990_trackID3_opNum9_merged.root → copied (ms_ch=9)
[PASS] wvfFind_event4724_trackID16_opNum4_merged.root → copied (ms_ch=4)
[PASS] wvfFind_event12275_trackID10_opNum9_merged.root → copied (ms_ch=9)
[PASS] wvfFind_event2716_trackID2_opNum4_merged.root → copied (ms_ch=4)
[PASS] wvfFind_event10455_trackID4_opNum4_merged.root → copied (ms_ch=4)
[PASS] wvfFind_event7298_trackID0_opNum9_merged.root → copied (ms_ch=9)
[PASS] wvfFind_event15732_trackID2_opNum9_merged.root → copied (ms_ch=9)
[PASS] wvfFind_event3904_trackID0_opNum9_merged.root → copied (ms_ch=9)
[SKIP] wvfFind_event14805_trackID4_opNum1_merged.root (ms_ch=1)
[PASS] wvfFind_event1983_trackID5_opNum9_merged.root → copied (ms_ch=9)
[PASS] wvfFind_event17745_trackID17_opNum8_merged.root → copied (ms_ch=8)
[SKIP] wvfFind_event17898_trackID9_opNum3_merged.root (ms_ch=3)
[PASS] wvfFind_event12324_trackID19_opNum4_merged.root → copied (ms_ch=4)
[PASS] wvfFind_event15920_trackID20_opNum5_merged.root → copied (ms_ch=5)
[PASS] wvfFind_event19725_trackID7_opNum9_merged.root → copied (ms_ch=9)
[PASS] wvfFind_event6408_trackID11_opNum9_merged.root → copied (ms_ch=9)
[PASS] wvfFind_event13497_trackID7_opNum9_merged.root → copied (ms_ch=9)
[PASS] wvfFind_event16143_trackID10_opNum4_merged.root → copied (ms_ch=4)
[PASS] wvfFind_event16969_trackID3_opNum6_merged.root → copied (ms_ch=6)
[PASS] wvfFind_event5556_trackID0_opNum9_merged.root → copied (ms_ch=9)
[PASS] wvfFind_event16280_trackID8_opNum5_merged.root → copied (ms_ch=5)
[PASS] wvfFind_event17540_trackID11_opNum9_merged.root → copied (ms_ch=9)
[PASS] wvfFind_event24256_trackID5_opNum9_merged.root → copied (ms_ch=9)
[PASS] wvfFind_event9072_trackID5_opNum6_merged.root → copied (ms_ch=6)
[PASS] wvfFind_event17586_trackID0_opNum7_merged.root → copied (ms_ch=7)
[PASS] wvfFind_event716_trackID19_opNum5_merged.root → copied (ms_ch=5)
[PASS] wvfFind_event6761_trackID22_opNum9_merged.root → copied (ms_ch=9)
[PASS] wvfFind_event16781_trackID9_opNum9_merged.root → copied (ms_ch=9)
[PASS] wvfFind_event13606_trackID2_opNum5_merged.root → copied (ms_ch=5)
[PASS] wvfFind_event8423_trackID6_opNum7_merged.root → copied (ms_ch=7)
[PASS] wvfFind_event18667_trackID27_opNum9_merged.root → copied (ms_ch=9)
[SKIP] wvfFind_event20049_trackID14_opNum2_merged.root (ms_ch=2)
[PASS] wvfFind_event15148_trackID19_opNum9_merged.root → copied (ms_ch=9)
[PASS] wvfFind_event14887_trackID14_opNum9_merged.root → copied (ms_ch=9)
[SKIP] wvfFind_event8694_trackID18_opNum2_merged.root (ms_ch=2)
[PASS] wvfFind_event679_trackID10_opNum6_merged.root → copied (ms_ch=6)
[PASS] wvfFind_event13758_trackID7_opNum9_merged.root → copied (ms_ch=9)
[PASS] wvfFind_event395_trackID20_opNum9_merged.root → copied (ms_ch=9)
[SKIP] wvfFind_event20834_trackID3_opNum1_merged.root (ms_ch=1)
[PASS] wvfFind_event20500_trackID5_opNum9_merged.root → copied (ms_ch=9)
[PASS] wvfFind_event14069_trackID13_opNum6_merged.root → copied (ms_ch=6)
[SKIP] wvfFind_event6331_trackID2_opNum1_merged.root (ms_ch=1)
[PASS] wvfFind_event21669_trackID1_opNum8_merged.root → copied (ms_ch=8)
[SKIP] wvfFind_event12064_trackID18_opNum3_merged.root (ms_ch=3)
[PASS] wvfFind_event22087_trackID7_opNum9_merged.root → copied (ms_ch=9)
[PASS] wvfFind_event21034_trackID1_opNum9_merged.root → copied (ms_ch=9)
[PASS] wvfFind_event16786_trackID13_opNum9_merged.root → copied (ms_ch=9)
[PASS] wvfFind_event6625_trackID8_opNum9_merged.root → copied (ms_ch=9)
[PASS] wvfFind_event9759_trackID11_opNum5_merged.root → copied (ms_ch=5)
[PASS] wvfFind_event9144_trackID15_opNum7_merged.root → copied (ms_ch=7)
[PASS] wvfFind_event3188_trackID13_opNum5_merged.root → copied (ms_ch=5)
[PASS] wvfFind_event6389_trackID8_opNum7_merged.root → copied (ms_ch=7)
[PASS] wvfFind_event17529_trackID30_opNum9_merged.root → copied (ms_ch=9)
[PASS] wvfFind_event12163_trackID11_opNum9_merged.root → copied (ms_ch=9)
[PASS] wvfFind_event2285_trackID4_opNum9_merged.root → copied (ms_ch=9)
[PASS] wvfFind_event6932_trackID0_opNum9_merged.root → copied (ms_ch=9)
[PASS] wvfFind_event3295_trackID0_opNum9_merged.root → copied (ms_ch=9)
[PASS] wvfFind_event19209_trackID5_opNum6_merged.root → copied (ms_ch=6)
[PASS] wvfFind_event21995_trackID20_opNum9_merged.root → copied (ms_ch=9)
[SKIP] wvfFind_event15550_trackID6_opNum2_merged.root (ms_ch=2)
[PASS] wvfFind_event13350_trackID2_opNum9_merged.root → copied (ms_ch=9)
[PASS] wvfFind_event6427_trackID29_opNum9_merged.root → copied (ms_ch=9)
[PASS] wvfFind_event21666_trackID21_opNum9_merged.root → copied (ms_ch=9)
[SKIP] wvfFind_event16772_trackID2_opNum3_merged.root (ms_ch=3)
[PASS] wvfFind_event19403_trackID10_opNum9_merged.root → copied (ms_ch=9)
[PASS] wvfFind_event20920_trackID15_opNum9_merged.root → copied (ms_ch=9)
[PASS] wvfFind_event23393_trackID12_opNum9_merged.root → copied (ms_ch=9)
[PASS] wvfFind_event20539_trackID9_opNum9_merged.root → copied (ms_ch=9)
[PASS] wvfFind_event7561_trackID14_opNum5_merged.root → copied (ms_ch=5)
[PASS] wvfFind_event18693_trackID17_opNum8_merged.root → copied (ms_ch=8)
[PASS] wvfFind_event16791_trackID8_opNum9_merged.root → copied (ms_ch=9)
[PASS] wvfFind_event14699_trackID32_opNum8_merged.root → copied (ms_ch=8)
[PASS] wvfFind_event14493_trackID7_opNum9_merged.root → copied (ms_ch=9)
[PASS] wvfFind_event12731_trackID14_opNum9_merged.root → copied (ms_ch=9)
[PASS] wvfFind_event19938_trackID4_opNum9_merged.root → copied (ms_ch=9)
[SKIP] wvfFind_event1375_trackID4_opNum3_merged.root (ms_ch=3)
[PASS] wvfFind_event7235_trackID11_opNum9_merged.root → copied (ms_ch=9)
[PASS] wvfFind_event22041_trackID14_opNum9_merged.root → copied (ms_ch=9)
[PASS] wvfFind_event9673_trackID12_opNum6_merged.root → copied (ms_ch=6)
[PASS] wvfFind_event18836_trackID16_opNum9_merged.root → copied (ms_ch=9)
[PASS] wvfFind_event22788_trackID16_opNum7_merged.root → copied (ms_ch=7)
[PASS] wvfFind_event15390_trackID0_opNum9_merged.root → copied (ms_ch=9)
[PASS] wvfFind_event3862_trackID2_opNum9_merged.root → copied (ms_ch=9)
[PASS] wvfFind_event15797_trackID6_opNum9_merged.root → copied (ms_ch=9)
[PASS] wvfFind_event6407_trackID17_opNum4_merged.root → copied (ms_ch=4)
[PASS] wvfFind_event7087_trackID8_opNum5_merged.root → copied (ms_ch=5)
[PASS] wvfFind_event7504_trackID5_opNum5_merged.root → copied (ms_ch=5)
====================================================
[SUMMARY] Selected files : 2975
[SUMMARY] Skipped files  : 453
[SUMMARY] Output saved in: /Users/shuaixiangzhang/Work/current/FNAL_Work2024/michel_e/t0_tagging/pdhd_DATA_v2/t0_rootFiles/new202510_MC/wvf_merged_applyCut_20251030/
====================================================
