============================================================
CONFIG SUMMARY
============================================================
SRC_DIR         : /Volumes/ssd_zhang/thesis_michel/server_processing/t0_rootFiles/beam28806_new202602/wvf_merged_applyCut_thre3
DST_DIR         : /Volumes/ssd_zhang/thesis_michel/server_processing/t0_rootFiles/beam28806_new202602/wvf_applyCut_removeBeam
Cut window [A,B]: [-0.12, -0.03]
SEARCH_WINDOW   : 4
DRY_RUN         : False
LOG_FILES:
  - /Volumes/ssd_zhang/thesis_michel/server_processing/statScript_local/event_wvf_extract/beam28806/print.log
============================================================

[INFO] Building Pandora_T0 index from logs...
[INFO] Reading /Volumes/ssd_zhang/thesis_michel/server_processing/statScript_local/event_wvf_extract/beam28806/print.log
[INFO] Indexed candidates: 4448

[INFO] Found ROOT files: 3928

[COPY] event=10006, trackID=16, T0=-1.28787 -> /Volumes/ssd_zhang/thesis_michel/server_processing/t0_rootFiles/beam28806_new202602/wvf_applyCut_removeBeam/wvfFind_event10006_trackID16_opNum3.root
[COPY] event=10018, trackID=14, T0=-0.33195 -> /Volumes/ssd_zhang/thesis_michel/server_processing/t0_rootFiles/beam28806_new202602/wvf_applyCut_removeBeam/wvfFind_event10018_trackID14_opNum4.root
[COPY] event=10022, trackID=7, T0=-1.70759 -> /Volumes/ssd_zhang/thesis_michel/server_processing/t0_rootFiles/beam28806_new202602/wvf_applyCut_removeBeam/wvfFind_event10022_trackID7_opNum5.root
[COPY] event=10024, trackID=3, T0=-0.904408 -> /Volumes/ssd_zhang/thesis_michel/server_processing/t0_rootFiles/beam28806_new202602/wvf_applyCut_removeBeam/wvfFind_event10024_trackID3_opNum5.root
[COPY] event=10032, trackID=21, T0=-2.31582 -> /Volumes/ssd_zhang/thesis_michel/server_processing/t0_rootFiles/beam28806_new202602/wvf_applyCut_removeBeam/wvfFind_event10032_trackID21_opNum9.root
[COPY] event=10032, trackID=21, T0=-2.31582 -> /Volumes/ssd_zhang/thesis_michel/server_processing/t0_rootFiles/beam28806_new202602/wvf_applyCut_removeBeam/wvfFind_event10032_trackID21_opNum9_2.root
[SKIP] (in range) event=10055, trackID=5, T0=-0.111216
[COPY] event=10057, trackID=3, T0=-1.48799 -> /Volumes/ssd_zhang/thesis_michel/server_processing/t0_rootFiles/beam28806_new202602/wvf_applyCut_removeBeam/wvfFind_event10057_trackID3_opNum9.root
[COPY] event=10060, trackID=9, T0=-2.27034 -> /Volumes/ssd_zhang/thesis_michel/server_processing/t0_rootFiles/beam28806_new202602/wvf_applyCut_removeBeam/wvfFind_event10060_trackID9_opNum8.root
[COPY] event=10071, trackID=16, T0=-1.68043 -> /Volumes/ssd_zhang/thesis_michel/server_processing/t0_rootFiles/beam28806_new202602/wvf_applyCut_removeBeam/wvfFind_event10071_trackID16_opNum6.root
[COPY] event=10071, trackID=16, T0=-1.68043 -> /Volumes/ssd_zhang/thesis_michel/server_processing/t0_rootFiles/beam28806_new202602/wvf_applyCut_removeBeam/wvfFind_event10071_trackID16_opNum6_2.root
[COPY] event=100, trackID=12, T0=-0.178498 -> /Volumes/ssd_zhang/thesis_michel/server_processing/t0_rootFiles/beam28806_new202602/wvf_applyCut_removeBeam/wvfFind_event100_trackID12_opNum9.root
[COPY] event=10101, trackID=1, T0=-0.17877 -> /Volumes/ssd_zhang/thesis_michel/server_processing/t0_rootFiles/beam28806_new202602/wvf_applyCut_removeBeam/wvfFind_event10101_trackID1_opNum4.root
[COPY] event=10101, trackID=1, T0=-0.17877 -> /Volumes/ssd_zhang/thesis_michel/server_processing/t0_rootFiles/beam28806_new202602/wvf_applyCut_removeBeam/wvfFind_event10101_trackID1_opNum4_2.root
[COPY] event=10113, trackID=8, T0=-0.42594 -> /Volumes/ssd_zhang/thesis_michel/server_processing/t0_rootFiles/beam28806_new202602/wvf_applyCut_removeBeam/wvfFind_event10113_trackID8_opNum3_merged.root
[COPY] event=10114, trackID=13, T0=-2.02403 -> /Volumes/ssd_zhang/thesis_michel/server_processing/t0_rootFiles/beam28806_new202602/wvf_applyCut_removeBeam/wvfFind_event10114_trackID13_opNum3.root
[COPY] event=10122, trackID=13, T0=-0.655559 -> /Volumes/ssd_zhang/thesis_michel/server_processing/t0_rootFiles/beam28806_new202602/wvf_applyCut_removeBeam/wvfFind_event10122_trackID13_opNum5_merged.root
[COPY] event=10125, trackID=12, T0=-0.967825 -> /Volumes/ssd_zhang/thesis_michel/server_processing/t0_rootFiles/beam28806_new202602/wvf_applyCut_removeBeam/wvfFind_event10125_trackID12_opNum4.root
[SKIP] (in range) event=10160, trackID=16, T0=-0.0499749
[COPY] event=10165, trackID=2, T0=-0.979333 -> /Volumes/ssd_zhang/thesis_michel/server_processing/t0_rootFiles/beam28806_new202602/wvf_applyCut_removeBeam/wvfFind_event10165_trackID2_opNum9.root
[COPY] event=10168, trackID=7, T0=-1.80366 -> /Volumes/ssd_zhang/thesis_michel/server_processing/t0_rootFiles/beam28806_new202602/wvf_applyCut_removeBeam/wvfFind_event10168_trackID7_opNum4_merged.root
[COPY] event=10175, trackID=3, T0=-1.87992 -> /Volumes/ssd_zhang/thesis_michel/server_processing/t0_rootFiles/beam28806_new202602/wvf_applyCut_removeBeam/wvfFind_event10175_trackID3_opNum4.root
[COPY] event=10191, trackID=10, T0=0.345033 -> /Volumes/ssd_zhang/thesis_michel/server_processing/t0_rootFiles/beam28806_new202602/wvf_applyCut_removeBeam/wvfFind_event10191_trackID10_opNum3.root
[COPY] event=10194, trackID=18, T0=-2.22745 -> /Volumes/ssd_zhang/thesis_michel/server_processing/t0_rootFiles/beam28806_new202602/wvf_applyCut_removeBeam/wvfFind_event10194_trackID18_opNum5.root
[COPY] event=10194, trackID=18, T0=-2.22745 -> /Volumes/ssd_zhang/thesis_michel/server_processing/t0_rootFiles/beam28806_new202602/wvf_applyCut_removeBeam/wvfFind_event10194_trackID18_opNum5_2.root
[COPY] event=1020, trackID=3, T0=0.0170711 -> /Volumes/ssd_zhang/thesis_michel/server_processing/t0_rootFiles/beam28806_new202602/wvf_applyCut_removeBeam/wvfFind_event1020_trackID3_opNum4.root
[COPY] event=10225, trackID=3, T0=-0.22408 -> /Volumes/ssd_zhang/thesis_michel/server_processing/t0_rootFiles/beam28806_new202602/wvf_applyCut_removeBeam/wvfFind_event10225_trackID3_opNum4.root
[COPY] event=10225, trackID=3, T0=-0.22408 -> /Volumes/ssd_zhang/thesis_michel/server_processing/t0_rootFiles/beam28806_new202602/wvf_applyCut_removeBeam/wvfFind_event10225_trackID3_opNum4_2.root
[COPY] event=10240, trackID=18, T0=0.389364 -> /Volumes/ssd_zhang/thesis_michel/server_processing/t0_rootFiles/beam28806_new202602/wvf_applyCut_removeBeam/wvfFind_event10240_trackID18_opNum3_merged.root
[COPY] event=10254, trackID=2, T0=-0.656347 -> /Volumes/ssd_zhang/thesis_michel/server_processing/t0_rootFiles/beam28806_new202602/wvf_applyCut_removeBeam/wvfFind_event10254_trackID2_opNum5.root
[COPY] event=10260, trackID=7, T0=-0.964937 -> /Volumes/ssd_zhang/thesis_michel/server_processing/t0_rootFiles/beam28806_new202602/wvf_applyCut_removeBeam/wvfFind_event10260_trackID7_opNum8.root
[COPY] event=10260, trackID=7, T0=-0.964937 -> /Volumes/ssd_zhang/thesis_michel/server_processing/t0_rootFiles/beam28806_new202602/wvf_applyCut_removeBeam/wvfFind_event10260_trackID7_opNum8_2.root
[COPY] event=10272, trackID=5, T0=-1.74625 -> /Volumes/ssd_zhang/thesis_michel/server_processing/t0_rootFiles/beam28806_new202602/wvf_applyCut_removeBeam/wvfFind_event10272_trackID5_opNum4_merged.root
[COPY] event=10273, trackID=9, T0=-1.1657 -> /Volumes/ssd_zhang/thesis_michel/server_processing/t0_rootFiles/beam28806_new202602/wvf_applyCut_removeBeam/wvfFind_event10273_trackID9_opNum8.root
[SKIP] (in range) event=10282, trackID=25, T0=-0.0792757
[COPY] event=10288, trackID=13, T0=-1.90276 -> /Volumes/ssd_zhang/thesis_michel/server_processing/t0_rootFiles/beam28806_new202602/wvf_applyCut_removeBeam/wvfFind_event10288_trackID13_opNum8.root
[COPY] event=10291, trackID=16, T0=0.435353 -> /Volumes/ssd_zhang/thesis_michel/server_processing/t0_rootFiles/beam28806_new202602/wvf_applyCut_removeBeam/wvfFind_event10291_trackID16_opNum8.root
[COPY] event=10291, trackID=5, T0=-0.531773 -> /Volumes/ssd_zhang/thesis_michel/server_processing/t0_rootFiles/beam28806_new202602/wvf_applyCut_removeBeam/wvfFind_event10291_trackID5_opNum7.root
[COPY] event=10293, trackID=9, T0=0.220042 -> /Volumes/ssd_zhang/thesis_michel/server_processing/t0_rootFiles/beam28806_new202602/wvf_applyCut_removeBeam/wvfFind_event10293_trackID9_opNum7.root
[COPY] event=10299, trackID=1, T0=-0.13874 -> /Volumes/ssd_zhang/thesis_michel/server_processing/t0_rootFiles/beam28806_new202602/wvf_applyCut_removeBeam/wvfFind_event10299_trackID1_opNum5.root
[COPY] event=10320, trackID=10, T0=-2.13102 -> /Volumes/ssd_zhang/thesis_michel/server_processing/t0_rootFiles/beam28806_new202602/wvf_applyCut_removeBeam/wvfFind_event10320_trackID10_opNum7_merged.root
[COPY] event=10325, trackID=18, T0=-2.26436 -> /Volumes/ssd_zhang/thesis_michel/server_processing/t0_rootFiles/beam28806_new202602/wvf_applyCut_removeBeam/wvfFind_event10325_trackID18_opNum8_merged.root
[COPY] event=10339, trackID=23, T0=0.0822191 -> /Volumes/ssd_zhang/thesis_michel/server_processing/t0_rootFiles/beam28806_new202602/wvf_applyCut_removeBeam/wvfFind_event10339_trackID23_opNum9.root
[COPY] event=10350, trackID=3, T0=-1.30227 -> /Volumes/ssd_zhang/thesis_michel/server_processing/t0_rootFiles/beam28806_new202602/wvf_applyCut_removeBeam/wvfFind_event10350_trackID3_opNum4.root
[COPY] event=10358, trackID=5, T0=-0.724375 -> /Volumes/ssd_zhang/thesis_michel/server_processing/t0_rootFiles/beam28806_new202602/wvf_applyCut_removeBeam/wvfFind_event10358_trackID5_opNum4.root
[COPY] event=10361, trackID=6, T0=-1.33466 -> /Volumes/ssd_zhang/thesis_michel/server_processing/t0_rootFiles/beam28806_new202602/wvf_applyCut_removeBeam/wvfFind_event10361_trackID6_opNum6.root
[COPY] event=10367, trackID=19, T0=0.133228 -> /Volumes/ssd_zhang/thesis_michel/server_processing/t0_rootFiles/beam28806_new202602/wvf_applyCut_removeBeam/wvfFind_event10367_trackID19_opNum5_merged.root
[COPY] event=10425, trackID=1, T0=-1.08175 -> /Volumes/ssd_zhang/thesis_michel/server_processing/t0_rootFiles/beam28806_new202602/wvf_applyCut_removeBeam/wvfFind_event10425_trackID1_opNum9.root
[COPY] event=10429, trackID=28, T0=-2.30681 -> /Volumes/ssd_zhang/thesis_michel/server_processing/t0_rootFiles/beam28806_new202602/wvf_applyCut_removeBeam/wvfFind_event10429_trackID28_opNum9.root
[COPY] event=1042, trackID=10, T0=-0.782534 -> /Volumes/ssd_zhang/thesis_michel/server_processing/t0_rootFiles/beam28806_new202602/wvf_applyCut_removeBeam/wvfFind_event1042_trackID10_opNum9.root
[COPY] event=10440, trackID=5, T0=-0.243029 -> /Volumes/ssd_zhang/thesis_michel/server_processing/t0_rootFiles/beam28806_new202602/wvf_applyCut_removeBeam/wvfFind_event10440_trackID5_opNum3.root
[COPY] event=10442, trackID=5, T0=-0.126466 -> /Volumes/ssd_zhang/thesis_michel/server_processing/t0_rootFiles/beam28806_new202602/wvf_applyCut_removeBeam/wvfFind_event10442_trackID5_opNum9.root
[COPY] event=10450, trackID=17, T0=-1.74486 -> /Volumes/ssd_zhang/thesis_michel/server_processing/t0_rootFiles/beam28806_new202602/wvf_applyCut_removeBeam/wvfFind_event10450_trackID17_opNum9.root
[COPY] event=10451, trackID=7, T0=-0.30821 -> /Volumes/ssd_zhang/thesis_michel/server_processing/t0_rootFiles/beam28806_new202602/wvf_applyCut_removeBeam/wvfFind_event10451_trackID7_opNum3_2.root
[COPY] event=10451, trackID=7, T0=-0.30821 -> /Volumes/ssd_zhang/thesis_michel/server_processing/t0_rootFiles/beam28806_new202602/wvf_applyCut_removeBeam/wvfFind_event10451_trackID7_opNum5_merged.root
[COPY] event=10458, trackID=5, T0=-0.383832 -> /Volumes/ssd_zhang/thesis_michel/server_processing/t0_rootFiles/beam28806_new202602/wvf_applyCut_removeBeam/wvfFind_event10458_trackID5_opNum5.root
[COPY] event=10476, trackID=1, T0=-0.553249 -> /Volumes/ssd_zhang/thesis_michel/server_processing/t0_rootFiles/beam28806_new202602/wvf_applyCut_removeBeam/wvfFind_event10476_trackID1_opNum3.root
[COPY] event=10480, trackID=4, T0=-1.06575 -> /Volumes/ssd_zhang/thesis_michel/server_processing/t0_rootFiles/beam28806_new202602/wvf_applyCut_removeBeam/wvfFind_event10480_trackID4_opNum5_merged.root
[COPY] event=10488, trackID=8, T0=-0.214749 -> /Volumes/ssd_zhang/thesis_michel/server_processing/t0_rootFiles/beam28806_new202602/wvf_applyCut_removeBeam/wvfFind_event10488_trackID8_opNum3.root
[COPY] event=10498, trackID=14, T0=-2.00885 -> /Volumes/ssd_zhang/thesis_michel/server_processing/t0_rootFiles/beam28806_new202602/wvf_applyCut_removeBeam/wvfFind_event10498_trackID14_opNum9.root
[COPY] event=10581, trackID=7, T0=-1.5079 -> /Volumes/ssd_zhang/thesis_michel/server_processing/t0_rootFiles/beam28806_new202602/wvf_applyCut_removeBeam/wvfFind_event10581_trackID7_opNum8.root
[COPY] event=10600, trackID=2, T0=-0.790942 -> /Volumes/ssd_zhang/thesis_michel/server_processing/t0_rootFiles/beam28806_new202602/wvf_applyCut_removeBeam/wvfFind_event10600_trackID2_opNum5.root
[COPY] event=10609, trackID=13, T0=-0.779799 -> /Volumes/ssd_zhang/thesis_michel/server_processing/t0_rootFiles/beam28806_new202602/wvf_applyCut_removeBeam/wvfFind_event10609_trackID13_opNum6.root
[COPY] event=10666, trackID=6, T0=-0.479146 -> /Volumes/ssd_zhang/thesis_michel/server_processing/t0_rootFiles/beam28806_new202602/wvf_applyCut_removeBeam/wvfFind_event10666_trackID6_opNum3.root
[COPY] event=10667, trackID=28, T0=-1.96309 -> /Volumes/ssd_zhang/thesis_michel/server_processing/t0_rootFiles/beam28806_new202602/wvf_applyCut_removeBeam/wvfFind_event10667_trackID28_opNum9.root
[COPY] event=10667, trackID=28, T0=-1.96309 -> /Volumes/ssd_zhang/thesis_michel/server_processing/t0_rootFiles/beam28806_new202602/wvf_applyCut_removeBeam/wvfFind_event10667_trackID28_opNum9_2.root
[COPY] event=10669, trackID=5, T0=-1.83814 -> /Volumes/ssd_zhang/thesis_michel/server_processing/t0_rootFiles/beam28806_new202602/wvf_applyCut_removeBeam/wvfFind_event10669_trackID5_opNum9.root
[COPY] event=10698, trackID=16, T0=-0.302317 -> /Volumes/ssd_zhang/thesis_michel/server_processing/t0_rootFiles/beam28806_new202602/wvf_applyCut_removeBeam/wvfFind_event10698_trackID16_opNum9.root
[COPY] event=10698, trackID=7, T0=-1.62261 -> /Volumes/ssd_zhang/thesis_michel/server_processing/t0_rootFiles/beam28806_new202602/wvf_applyCut_removeBeam/wvfFind_event10698_trackID7_opNum8.root
[SKIP] (in range) event=10714, trackID=5, T0=-0.0497045
[COPY] event=10737, trackID=3, T0=0.0448156 -> /Volumes/ssd_zhang/thesis_michel/server_processing/t0_rootFiles/beam28806_new202602/wvf_applyCut_removeBeam/wvfFind_event10737_trackID3_opNum4.root
[COPY] event=10749, trackID=7, T0=0.31283 -> /Volumes/ssd_zhang/thesis_michel/server_processing/t0_rootFiles/beam28806_new202602/wvf_applyCut_removeBeam/wvfFind_event10749_trackID7_opNum3.root
[COPY] event=10753, trackID=9, T0=-0.422652 -> /Volumes/ssd_zhang/thesis_michel/server_processing/t0_rootFiles/beam28806_new202602/wvf_applyCut_removeBeam/wvfFind_event10753_trackID9_opNum5_merged.root
[COPY] event=10756, trackID=6, T0=-0.0148471 -> /Volumes/ssd_zhang/thesis_michel/server_processing/t0_rootFiles/beam28806_new202602/wvf_applyCut_removeBeam/wvfFind_event10756_trackID6_opNum9_merged.root
[COPY] event=10776, trackID=7, T0=-1.0084 -> /Volumes/ssd_zhang/thesis_michel/server_processing/t0_rootFiles/beam28806_new202602/wvf_applyCut_removeBeam/wvfFind_event10776_trackID7_opNum8.root
[COPY] event=1079, trackID=9, T0=-0.371682 -> /Volumes/ssd_zhang/thesis_michel/server_processing/t0_rootFiles/beam28806_new202602/wvf_applyCut_removeBeam/wvfFind_event1079_trackID9_opNum5.root
[COPY] event=10821, trackID=11, T0=-1.64736 -> /Volumes/ssd_zhang/thesis_michel/server_processing/t0_rootFiles/beam28806_new202602/wvf_applyCut_removeBeam/wvfFind_event10821_trackID11_opNum9.root
[COPY] event=10830, trackID=4, T0=-1.76874 -> /Volumes/ssd_zhang/thesis_michel/server_processing/t0_rootFiles/beam28806_new202602/wvf_applyCut_removeBeam/wvfFind_event10830_trackID4_opNum5.root
[COPY] event=10841, trackID=2, T0=-2.03972 -> /Volumes/ssd_zhang/thesis_michel/server_processing/t0_rootFiles/beam28806_new202602/wvf_applyCut_removeBeam/wvfFind_event10841_trackID2_opNum3_merged.root
[COPY] event=10846, trackID=22, T0=-2.27874 -> /Volumes/ssd_zhang/thesis_michel/server_processing/t0_rootFiles/beam28806_new202602/wvf_applyCut_removeBeam/wvfFind_event10846_trackID22_opNum8.root
[COPY] event=10846, trackID=22, T0=-2.27874 -> /Volumes/ssd_zhang/thesis_michel/server_processing/t0_rootFiles/beam28806_new202602/wvf_applyCut_removeBeam/wvfFind_event10846_trackID22_opNum8_2.root
[COPY] event=10846, trackID=6, T0=-1.35585 -> /Volumes/ssd_zhang/thesis_michel/server_processing/t0_rootFiles/beam28806_new202602/wvf_applyCut_removeBeam/wvfFind_event10846_trackID6_opNum8_merged.root
[COPY] event=10857, trackID=6, T0=-0.900356 -> /Volumes/ssd_zhang/thesis_michel/server_processing/t0_rootFiles/beam28806_new202602/wvf_applyCut_removeBeam/wvfFind_event10857_trackID6_opNum4.root
[COPY] event=1085, trackID=20, T0=-1.97932 -> /Volumes/ssd_zhang/thesis_michel/server_processing/t0_rootFiles/beam28806_new202602/wvf_applyCut_removeBeam/wvfFind_event1085_trackID20_opNum9.root
[COPY] event=1085, trackID=3, T0=-0.703225 -> /Volumes/ssd_zhang/thesis_michel/server_processing/t0_rootFiles/beam28806_new202602/wvf_applyCut_removeBeam/wvfFind_event1085_trackID3_opNum5.root
[COPY] event=1085, trackID=3, T0=-0.703225 -> /Volumes/ssd_zhang/thesis_michel/server_processing/t0_rootFiles/beam28806_new202602/wvf_applyCut_removeBeam/wvfFind_event1085_trackID3_opNum5_2.root
[COPY] event=10862, trackID=13, T0=-1.84706 -> /Volumes/ssd_zhang/thesis_michel/server_processing/t0_rootFiles/beam28806_new202602/wvf_applyCut_removeBeam/wvfFind_event10862_trackID13_opNum3_merged.root
[COPY] event=10881, trackID=3, T0=-1.24553 -> /Volumes/ssd_zhang/thesis_michel/server_processing/t0_rootFiles/beam28806_new202602/wvf_applyCut_removeBeam/wvfFind_event10881_trackID3_opNum5.root
[COPY] event=10882, trackID=1, T0=0.337142 -> /Volumes/ssd_zhang/thesis_michel/server_processing/t0_rootFiles/beam28806_new202602/wvf_applyCut_removeBeam/wvfFind_event10882_trackID1_opNum9.root
[COPY] event=10888, trackID=8, T0=-1.3951 -> /Volumes/ssd_zhang/thesis_michel/server_processing/t0_rootFiles/beam28806_new202602/wvf_applyCut_removeBeam/wvfFind_event10888_trackID8_opNum9.root
[COPY] event=10888, trackID=8, T0=-1.3951 -> /Volumes/ssd_zhang/thesis_michel/server_processing/t0_rootFiles/beam28806_new202602/wvf_applyCut_removeBeam/wvfFind_event10888_trackID8_opNum9_2.root
[COPY] event=10888, trackID=8, T0=-1.3951 -> /Volumes/ssd_zhang/thesis_michel/server_processing/t0_rootFiles/beam28806_new202602/wvf_applyCut_removeBeam/wvfFind_event10888_trackID8_opNum9_3.root
[COPY] event=10889, trackID=11, T0=0.463242 -> /Volumes/ssd_zhang/thesis_michel/server_processing/t0_rootFiles/beam28806_new202602/wvf_applyCut_removeBeam/wvfFind_event10889_trackID11_opNum7.root
[COPY] event=10892, trackID=8, T0=-1.69754 -> /Volumes/ssd_zhang/thesis_michel/server_processing/t0_rootFiles/beam28806_new202602/wvf_applyCut_removeBeam/wvfFind_event10892_trackID8_opNum8_merged.root
[COPY] event=10912, trackID=0, T0=-0.841548 -> /Volumes/ssd_zhang/thesis_michel/server_processing/t0_rootFiles/beam28806_new202602/wvf_applyCut_removeBeam/wvfFind_event10912_trackID0_opNum9.root
[COPY] event=10912, trackID=14, T0=-0.412913 -> /Volumes/ssd_zhang/thesis_michel/server_processing/t0_rootFiles/beam28806_new202602/wvf_applyCut_removeBeam/wvfFind_event10912_trackID14_opNum4_merged.root
[COPY] event=10925, trackID=17, T0=-2.04514 -> /Volumes/ssd_zhang/thesis_michel/server_processing/t0_rootFiles/beam28806_new202602/wvf_applyCut_removeBeam/wvfFind_event10925_trackID17_opNum9.root
[COPY] event=10928, trackID=13, T0=-1.7785 -> /Volumes/ssd_zhang/thesis_michel/server_processing/t0_rootFiles/beam28806_new202602/wvf_applyCut_removeBeam/wvfFind_event10928_trackID13_opNum3.root
[COPY] event=10932, trackID=4, T0=-0.587812 -> /Volumes/ssd_zhang/thesis_michel/server_processing/t0_rootFiles/beam28806_new202602/wvf_applyCut_removeBeam/wvfFind_event10932_trackID4_opNum8.root
[COPY] event=10939, trackID=4, T0=-1.87551 -> /Volumes/ssd_zhang/thesis_michel/server_processing/t0_rootFiles/beam28806_new202602/wvf_applyCut_removeBeam/wvfFind_event10939_trackID4_opNum5.root
[COPY] event=1094, trackID=28, T0=0.0648009 -> /Volumes/ssd_zhang/thesis_michel/server_processing/t0_rootFiles/beam28806_new202602/wvf_applyCut_removeBeam/wvfFind_event1094_trackID28_opNum6_merged.root
[COPY] event=10960, trackID=20, T0=-0.932763 -> /Volumes/ssd_zhang/thesis_michel/server_processing/t0_rootFiles/beam28806_new202602/wvf_applyCut_removeBeam/wvfFind_event10960_trackID20_opNum5_merged.root
[COPY] event=10979, trackID=38, T0=-2.44992 -> /Volumes/ssd_zhang/thesis_michel/server_processing/t0_rootFiles/beam28806_new202602/wvf_applyCut_removeBeam/wvfFind_event10979_trackID38_opNum5.root
[COPY] event=10985, trackID=14, T0=-2.00536 -> /Volumes/ssd_zhang/thesis_michel/server_processing/t0_rootFiles/beam28806_new202602/wvf_applyCut_removeBeam/wvfFind_event10985_trackID14_opNum5.root
[COPY] event=11005, trackID=9, T0=-1.04692 -> /Volumes/ssd_zhang/thesis_michel/server_processing/t0_rootFiles/beam28806_new202602/wvf_applyCut_removeBeam/wvfFind_event11005_trackID9_opNum7.root
[COPY] event=11006, trackID=15, T0=0.063815 -> /Volumes/ssd_zhang/thesis_michel/server_processing/t0_rootFiles/beam28806_new202602/wvf_applyCut_removeBeam/wvfFind_event11006_trackID15_opNum4_merged.root
[COPY] event=11013, trackID=10, T0=-1.69625 -> /Volumes/ssd_zhang/thesis_michel/server_processing/t0_rootFiles/beam28806_new202602/wvf_applyCut_removeBeam/wvfFind_event11013_trackID10_opNum8.root
[COPY] event=11032, trackID=22, T0=-0.744845 -> /Volumes/ssd_zhang/thesis_michel/server_processing/t0_rootFiles/beam28806_new202602/wvf_applyCut_removeBeam/wvfFind_event11032_trackID22_opNum5.root
[COPY] event=11032, trackID=6, T0=0.426121 -> /Volumes/ssd_zhang/thesis_michel/server_processing/t0_rootFiles/beam28806_new202602/wvf_applyCut_removeBeam/wvfFind_event11032_trackID6_opNum4_merged.root
[COPY] event=11048, trackID=6, T0=-1.47852 -> /Volumes/ssd_zhang/thesis_michel/server_processing/t0_rootFiles/beam28806_new202602/wvf_applyCut_removeBeam/wvfFind_event11048_trackID6_opNum4.root
[COPY] event=11049, trackID=9, T0=-0.86579 -> /Volumes/ssd_zhang/thesis_michel/server_processing/t0_rootFiles/beam28806_new202602/wvf_applyCut_removeBeam/wvfFind_event11049_trackID9_opNum9.root
[COPY] event=11051, trackID=22, T0=-2.26643 -> /Volumes/ssd_zhang/thesis_michel/server_processing/t0_rootFiles/beam28806_new202602/wvf_applyCut_removeBeam/wvfFind_event11051_trackID22_opNum9.root
[COPY] event=11051, trackID=22, T0=-2.26643 -> /Volumes/ssd_zhang/thesis_michel/server_processing/t0_rootFiles/beam28806_new202602/wvf_applyCut_removeBeam/wvfFind_event11051_trackID22_opNum9_2.root
[COPY] event=11069, trackID=17, T0=-2.34729 -> /Volumes/ssd_zhang/thesis_michel/server_processing/t0_rootFiles/beam28806_new202602/wvf_applyCut_removeBeam/wvfFind_event11069_trackID17_opNum5_merged.root
[COPY] event=11079, trackID=4, T0=0.153388 -> /Volumes/ssd_zhang/thesis_michel/server_processing/t0_rootFiles/beam28806_new202602/wvf_applyCut_removeBeam/wvfFind_event11079_trackID4_opNum9.root
[COPY] event=11087, trackID=7, T0=-0.622806 -> /Volumes/ssd_zhang/thesis_michel/server_processing/t0_rootFiles/beam28806_new202602/wvf_applyCut_removeBeam/wvfFind_event11087_trackID7_opNum8.root
[COPY] event=11090, trackID=5, T0=-2.02497 -> /Volumes/ssd_zhang/thesis_michel/server_processing/t0_rootFiles/beam28806_new202602/wvf_applyCut_removeBeam/wvfFind_event11090_trackID5_opNum4.root
[COPY] event=11098, trackID=16, T0=-2.26942 -> /Volumes/ssd_zhang/thesis_michel/server_processing/t0_rootFiles/beam28806_new202602/wvf_applyCut_removeBeam/wvfFind_event11098_trackID16_opNum6_2.root
[COPY] event=11098, trackID=16, T0=-2.26942 -> /Volumes/ssd_zhang/thesis_michel/server_processing/t0_rootFiles/beam28806_new202602/wvf_applyCut_removeBeam/wvfFind_event11098_trackID16_opNum9_merged.root
[COPY] event=11105, trackID=33, T0=-1.7715 -> /Volumes/ssd_zhang/thesis_michel/server_processing/t0_rootFiles/beam28806_new202602/wvf_applyCut_removeBeam/wvfFind_event11105_trackID33_opNum9.root
[COPY] event=1110, trackID=6, T0=-1.75509 -> /Volumes/ssd_zhang/thesis_michel/server_processing/t0_rootFiles/beam28806_new202602/wvf_applyCut_removeBeam/wvfFind_event1110_trackID6_opNum8.root
[COPY] event=1110, trackID=6, T0=-1.75509 -> /Volumes/ssd_zhang/thesis_michel/server_processing/t0_rootFiles/beam28806_new202602/wvf_applyCut_removeBeam/wvfFind_event1110_trackID6_opNum8_2.root
[COPY] event=11118, trackID=2, T0=0.368171 -> /Volumes/ssd_zhang/thesis_michel/server_processing/t0_rootFiles/beam28806_new202602/wvf_applyCut_removeBeam/wvfFind_event11118_trackID2_opNum8_merged.root
[COPY] event=11123, trackID=3, T0=-0.834379 -> /Volumes/ssd_zhang/thesis_michel/server_processing/t0_rootFiles/beam28806_new202602/wvf_applyCut_removeBeam/wvfFind_event11123_trackID3_opNum3_merged.root
[COPY] event=11126, trackID=25, T0=-0.297943 -> /Volumes/ssd_zhang/thesis_michel/server_processing/t0_rootFiles/beam28806_new202602/wvf_applyCut_removeBeam/wvfFind_event11126_trackID25_opNum8.root
[COPY] event=11128, trackID=20, T0=-0.959802 -> /Volumes/ssd_zhang/thesis_michel/server_processing/t0_rootFiles/beam28806_new202602/wvf_applyCut_removeBeam/wvfFind_event11128_trackID20_opNum9_merged.root
[COPY] event=11128, trackID=2, T0=-0.737078 -> /Volumes/ssd_zhang/thesis_michel/server_processing/t0_rootFiles/beam28806_new202602/wvf_applyCut_removeBeam/wvfFind_event11128_trackID2_opNum9.root
[COPY] event=11128, trackID=2, T0=-0.737078 -> /Volumes/ssd_zhang/thesis_michel/server_processing/t0_rootFiles/beam28806_new202602/wvf_applyCut_removeBeam/wvfFind_event11128_trackID2_opNum9_2.root
[COPY] event=11160, trackID=1, T0=-0.300723 -> /Volumes/ssd_zhang/thesis_michel/server_processing/t0_rootFiles/beam28806_new202602/wvf_applyCut_removeBeam/wvfFind_event11160_trackID1_opNum3.root
[COPY] event=11160, trackID=1, T0=-0.300723 -> /Volumes/ssd_zhang/thesis_michel/server_processing/t0_rootFiles/beam28806_new202602/wvf_applyCut_removeBeam/wvfFind_event11160_trackID1_opNum3_2.root
[SKIP] (in range) event=1117, trackID=24, T0=-0.0822319
[COPY] event=11187, trackID=5, T0=-1.86559 -> /Volumes/ssd_zhang/thesis_michel/server_processing/t0_rootFiles/beam28806_new202602/wvf_applyCut_removeBeam/wvfFind_event11187_trackID5_opNum9.root
[COPY] event=11191, trackID=4, T0=-0.00888771 -> /Volumes/ssd_zhang/thesis_michel/server_processing/t0_rootFiles/beam28806_new202602/wvf_applyCut_removeBeam/wvfFind_event11191_trackID4_opNum5.root
[COPY] event=11196, trackID=22, T0=-0.167355 -> /Volumes/ssd_zhang/thesis_michel/server_processing/t0_rootFiles/beam28806_new202602/wvf_applyCut_removeBeam/wvfFind_event11196_trackID22_opNum6.root
[COPY] event=11198, trackID=13, T0=-1.11614 -> /Volumes/ssd_zhang/thesis_michel/server_processing/t0_rootFiles/beam28806_new202602/wvf_applyCut_removeBeam/wvfFind_event11198_trackID13_opNum5_merged.root
[COPY] event=11219, trackID=3, T0=-0.159752 -> /Volumes/ssd_zhang/thesis_michel/server_processing/t0_rootFiles/beam28806_new202602/wvf_applyCut_removeBeam/wvfFind_event11219_trackID3_opNum8.root
[SKIP] (in range) event=11229, trackID=12, T0=-0.0694443
[COPY] event=11259, trackID=0, T0=0.00434253 -> /Volumes/ssd_zhang/thesis_michel/server_processing/t0_rootFiles/beam28806_new202602/wvf_applyCut_removeBeam/wvfFind_event11259_trackID0_opNum4.root
[COPY] event=11269, trackID=13, T0=-1.28126 -> /Volumes/ssd_zhang/thesis_michel/server_processing/t0_rootFiles/beam28806_new202602/wvf_applyCut_removeBeam/wvfFind_event11269_trackID13_opNum4.root
[COPY] event=1127, trackID=7, T0=-0.31873 -> /Volumes/ssd_zhang/thesis_michel/server_processing/t0_rootFiles/beam28806_new202602/wvf_applyCut_removeBeam/wvfFind_event1127_trackID7_opNum8.root
[COPY] event=11314, trackID=17, T0=-1.036 -> /Volumes/ssd_zhang/thesis_michel/server_processing/t0_rootFiles/beam28806_new202602/wvf_applyCut_removeBeam/wvfFind_event11314_trackID17_opNum3.root
[COPY] event=11343, trackID=3, T0=-0.846322 -> /Volumes/ssd_zhang/thesis_michel/server_processing/t0_rootFiles/beam28806_new202602/wvf_applyCut_removeBeam/wvfFind_event11343_trackID3_opNum4.root
[COPY] event=11343, trackID=3, T0=-0.846322 -> /Volumes/ssd_zhang/thesis_michel/server_processing/t0_rootFiles/beam28806_new202602/wvf_applyCut_removeBeam/wvfFind_event11343_trackID3_opNum4_2.root
[SKIP] (in range) event=11385, trackID=5, T0=-0.0746619
[COPY] event=1138, trackID=12, T0=0.466724 -> /Volumes/ssd_zhang/thesis_michel/server_processing/t0_rootFiles/beam28806_new202602/wvf_applyCut_removeBeam/wvfFind_event1138_trackID12_opNum9.root
[COPY] event=11396, trackID=17, T0=-1.55989 -> /Volumes/ssd_zhang/thesis_michel/server_processing/t0_rootFiles/beam28806_new202602/wvf_applyCut_removeBeam/wvfFind_event11396_trackID17_opNum9.root
[COPY] event=11396, trackID=4, T0=-1.62662 -> /Volumes/ssd_zhang/thesis_michel/server_processing/t0_rootFiles/beam28806_new202602/wvf_applyCut_removeBeam/wvfFind_event11396_trackID4_opNum4.root
[COPY] event=11396, trackID=4, T0=-1.62662 -> /Volumes/ssd_zhang/thesis_michel/server_processing/t0_rootFiles/beam28806_new202602/wvf_applyCut_removeBeam/wvfFind_event11396_trackID4_opNum4_2.root
[COPY] event=11397, trackID=6, T0=-1.69579 -> /Volumes/ssd_zhang/thesis_michel/server_processing/t0_rootFiles/beam28806_new202602/wvf_applyCut_removeBeam/wvfFind_event11397_trackID6_opNum5.root
[COPY] event=11397, trackID=6, T0=-1.69579 -> /Volumes/ssd_zhang/thesis_michel/server_processing/t0_rootFiles/beam28806_new202602/wvf_applyCut_removeBeam/wvfFind_event11397_trackID6_opNum5_2.root
[COPY] event=11415, trackID=5, T0=-1.22119 -> /Volumes/ssd_zhang/thesis_michel/server_processing/t0_rootFiles/beam28806_new202602/wvf_applyCut_removeBeam/wvfFind_event11415_trackID5_opNum8.root
[COPY] event=11440, trackID=2, T0=-0.259004 -> /Volumes/ssd_zhang/thesis_michel/server_processing/t0_rootFiles/beam28806_new202602/wvf_applyCut_removeBeam/wvfFind_event11440_trackID2_opNum5.root
[COPY] event=11440, trackID=2, T0=-0.259004 -> /Volumes/ssd_zhang/thesis_michel/server_processing/t0_rootFiles/beam28806_new202602/wvf_applyCut_removeBeam/wvfFind_event11440_trackID2_opNum5_2.root
[COPY] event=11443, trackID=13, T0=-0.227949 -> /Volumes/ssd_zhang/thesis_michel/server_processing/t0_rootFiles/beam28806_new202602/wvf_applyCut_removeBeam/wvfFind_event11443_trackID13_opNum8_merged.root
[COPY] event=11446, trackID=9, T0=-2.22467 -> /Volumes/ssd_zhang/thesis_michel/server_processing/t0_rootFiles/beam28806_new202602/wvf_applyCut_removeBeam/wvfFind_event11446_trackID9_opNum7.root
[COPY] event=11450, trackID=4, T0=-1.44284 -> /Volumes/ssd_zhang/thesis_michel/server_processing/t0_rootFiles/beam28806_new202602/wvf_applyCut_removeBeam/wvfFind_event11450_trackID4_opNum4.root
[COPY] event=11450, trackID=4, T0=-1.44284 -> /Volumes/ssd_zhang/thesis_michel/server_processing/t0_rootFiles/beam28806_new202602/wvf_applyCut_removeBeam/wvfFind_event11450_trackID4_opNum4_2.root
[COPY] event=11458, trackID=3, T0=-0.351898 -> /Volumes/ssd_zhang/thesis_michel/server_processing/t0_rootFiles/beam28806_new202602/wvf_applyCut_removeBeam/wvfFind_event11458_trackID3_opNum5.root
[SKIP] (in range) event=11467, trackID=20, T0=-0.0739488
[COPY] event=11475, trackID=17, T0=-0.596599 -> /Volumes/ssd_zhang/thesis_michel/server_processing/t0_rootFiles/beam28806_new202602/wvf_applyCut_removeBeam/wvfFind_event11475_trackID17_opNum6.root
[COPY] event=11475, trackID=17, T0=-0.596599 -> /Volumes/ssd_zhang/thesis_michel/server_processing/t0_rootFiles/beam28806_new202602/wvf_applyCut_removeBeam/wvfFind_event11475_trackID17_opNum6_2.root
[COPY] event=1150, trackID=3, T0=-0.302715 -> /Volumes/ssd_zhang/thesis_michel/server_processing/t0_rootFiles/beam28806_new202602/wvf_applyCut_removeBeam/wvfFind_event1150_trackID3_opNum7.root
[COPY] event=11516, trackID=1, T0=-1.66896 -> /Volumes/ssd_zhang/thesis_michel/server_processing/t0_rootFiles/beam28806_new202602/wvf_applyCut_removeBeam/wvfFind_event11516_trackID1_opNum3.root
[COPY] event=11516, trackID=31, T0=-0.715766 -> /Volumes/ssd_zhang/thesis_michel/server_processing/t0_rootFiles/beam28806_new202602/wvf_applyCut_removeBeam/wvfFind_event11516_trackID31_opNum9.root
[COPY] event=11519, trackID=4, T0=0.225691 -> /Volumes/ssd_zhang/thesis_michel/server_processing/t0_rootFiles/beam28806_new202602/wvf_applyCut_removeBeam/wvfFind_event11519_trackID4_opNum3.root
[SKIP] (in range) event=11523, trackID=30, T0=-0.114498
[COPY] event=1154, trackID=10, T0=0.454166 -> /Volumes/ssd_zhang/thesis_michel/server_processing/t0_rootFiles/beam28806_new202602/wvf_applyCut_removeBeam/wvfFind_event1154_trackID10_opNum9.root
[COPY] event=1154, trackID=10, T0=0.454166 -> /Volumes/ssd_zhang/thesis_michel/server_processing/t0_rootFiles/beam28806_new202602/wvf_applyCut_removeBeam/wvfFind_event1154_trackID10_opNum9_2.root
[COPY] event=11553, trackID=0, T0=-0.292497 -> /Volumes/ssd_zhang/thesis_michel/server_processing/t0_rootFiles/beam28806_new202602/wvf_applyCut_removeBeam/wvfFind_event11553_trackID0_opNum4.root
[COPY] event=11576, trackID=4, T0=0.067274 -> /Volumes/ssd_zhang/thesis_michel/server_processing/t0_rootFiles/beam28806_new202602/wvf_applyCut_removeBeam/wvfFind_event11576_trackID4_opNum7.root
[COPY] event=11594, trackID=8, T0=-1.32961 -> /Volumes/ssd_zhang/thesis_michel/server_processing/t0_rootFiles/beam28806_new202602/wvf_applyCut_removeBeam/wvfFind_event11594_trackID8_opNum4.root
[COPY] event=11594, trackID=8, T0=-1.32961 -> /Volumes/ssd_zhang/thesis_michel/server_processing/t0_rootFiles/beam28806_new202602/wvf_applyCut_removeBeam/wvfFind_event11594_trackID8_opNum4_2.root
[COPY] event=11601, trackID=11, T0=-2.00085 -> /Volumes/ssd_zhang/thesis_michel/server_processing/t0_rootFiles/beam28806_new202602/wvf_applyCut_removeBeam/wvfFind_event11601_trackID11_opNum8.root
[COPY] event=11622, trackID=9, T0=-0.00148889 -> /Volumes/ssd_zhang/thesis_michel/server_processing/t0_rootFiles/beam28806_new202602/wvf_applyCut_removeBeam/wvfFind_event11622_trackID9_opNum5.root
[COPY] event=11631, trackID=8, T0=0.29695 -> /Volumes/ssd_zhang/thesis_michel/server_processing/t0_rootFiles/beam28806_new202602/wvf_applyCut_removeBeam/wvfFind_event11631_trackID8_opNum8.root
[COPY] event=11643, trackID=11, T0=-0.472189 -> /Volumes/ssd_zhang/thesis_michel/server_processing/t0_rootFiles/beam28806_new202602/wvf_applyCut_removeBeam/wvfFind_event11643_trackID11_opNum3.root
[SKIP] (in range) event=11648, trackID=0, T0=-0.0651095
[COPY] event=11674, trackID=12, T0=-0.663784 -> /Volumes/ssd_zhang/thesis_michel/server_processing/t0_rootFiles/beam28806_new202602/wvf_applyCut_removeBeam/wvfFind_event11674_trackID12_opNum9.root
[COPY] event=11704, trackID=9, T0=-2.05557 -> /Volumes/ssd_zhang/thesis_michel/server_processing/t0_rootFiles/beam28806_new202602/wvf_applyCut_removeBeam/wvfFind_event11704_trackID9_opNum9.root
[COPY] event=11706, trackID=4, T0=-1.51702 -> /Volumes/ssd_zhang/thesis_michel/server_processing/t0_rootFiles/beam28806_new202602/wvf_applyCut_removeBeam/wvfFind_event11706_trackID4_opNum9_merged.root
[COPY] event=11720, trackID=2, T0=0.0302422 -> /Volumes/ssd_zhang/thesis_michel/server_processing/t0_rootFiles/beam28806_new202602/wvf_applyCut_removeBeam/wvfFind_event11720_trackID2_opNum5.root
[SKIP] (in range) event=11729, trackID=1, T0=-0.0717049
[SKIP] (in range) event=11729, trackID=1, T0=-0.0717049
[COPY] event=11732, trackID=20, T0=-0.908209 -> /Volumes/ssd_zhang/thesis_michel/server_processing/t0_rootFiles/beam28806_new202602/wvf_applyCut_removeBeam/wvfFind_event11732_trackID20_opNum9.root
[COPY] event=11732, trackID=20, T0=-0.908209 -> /Volumes/ssd_zhang/thesis_michel/server_processing/t0_rootFiles/beam28806_new202602/wvf_applyCut_removeBeam/wvfFind_event11732_trackID20_opNum9_2.root
[COPY] event=11735, trackID=4, T0=-1.07625 -> /Volumes/ssd_zhang/thesis_michel/server_processing/t0_rootFiles/beam28806_new202602/wvf_applyCut_removeBeam/wvfFind_event11735_trackID4_opNum3.root
[COPY] event=11735, trackID=4, T0=-1.07625 -> /Volumes/ssd_zhang/thesis_michel/server_processing/t0_rootFiles/beam28806_new202602/wvf_applyCut_removeBeam/wvfFind_event11735_trackID4_opNum3_2.root
[COPY] event=11742, trackID=2, T0=-1.27041 -> /Volumes/ssd_zhang/thesis_michel/server_processing/t0_rootFiles/beam28806_new202602/wvf_applyCut_removeBeam/wvfFind_event11742_trackID2_opNum9.root
[COPY] event=11747, trackID=5, T0=-1.71245 -> /Volumes/ssd_zhang/thesis_michel/server_processing/t0_rootFiles/beam28806_new202602/wvf_applyCut_removeBeam/wvfFind_event11747_trackID5_opNum4.root
[COPY] event=11759, trackID=13, T0=-0.191699 -> /Volumes/ssd_zhang/thesis_michel/server_processing/t0_rootFiles/beam28806_new202602/wvf_applyCut_removeBeam/wvfFind_event11759_trackID13_opNum6.root
[COPY] event=11759, trackID=14, T0=-1.87914 -> /Volumes/ssd_zhang/thesis_michel/server_processing/t0_rootFiles/beam28806_new202602/wvf_applyCut_removeBeam/wvfFind_event11759_trackID14_opNum8.root
[COPY] event=11783, trackID=8, T0=-1.38745 -> /Volumes/ssd_zhang/thesis_michel/server_processing/t0_rootFiles/beam28806_new202602/wvf_applyCut_removeBeam/wvfFind_event11783_trackID8_opNum4_merged.root
[COPY] event=11785, trackID=27, T0=0.316793 -> /Volumes/ssd_zhang/thesis_michel/server_processing/t0_rootFiles/beam28806_new202602/wvf_applyCut_removeBeam/wvfFind_event11785_trackID27_opNum4_merged.root
[COPY] event=11797, trackID=18, T0=-1.2254 -> /Volumes/ssd_zhang/thesis_michel/server_processing/t0_rootFiles/beam28806_new202602/wvf_applyCut_removeBeam/wvfFind_event11797_trackID18_opNum9_merged.root
[COPY] event=11806, trackID=10, T0=-1.59335 -> /Volumes/ssd_zhang/thesis_michel/server_processing/t0_rootFiles/beam28806_new202602/wvf_applyCut_removeBeam/wvfFind_event11806_trackID10_opNum8.root
[COPY] event=11807, trackID=20, T0=-1.05054 -> /Volumes/ssd_zhang/thesis_michel/server_processing/t0_rootFiles/beam28806_new202602/wvf_applyCut_removeBeam/wvfFind_event11807_trackID20_opNum9.root
[COPY] event=11817, trackID=0, T0=0.163924 -> /Volumes/ssd_zhang/thesis_michel/server_processing/t0_rootFiles/beam28806_new202602/wvf_applyCut_removeBeam/wvfFind_event11817_trackID0_opNum3.root
[COPY] event=11845, trackID=1, T0=-1.95665 -> /Volumes/ssd_zhang/thesis_michel/server_processing/t0_rootFiles/beam28806_new202602/wvf_applyCut_removeBeam/wvfFind_event11845_trackID1_opNum3.root
[COPY] event=11850, trackID=14, T0=0.143756 -> /Volumes/ssd_zhang/thesis_michel/server_processing/t0_rootFiles/beam28806_new202602/wvf_applyCut_removeBeam/wvfFind_event11850_trackID14_opNum5.root
[COPY] event=11854, trackID=13, T0=-0.212968 -> /Volumes/ssd_zhang/thesis_michel/server_processing/t0_rootFiles/beam28806_new202602/wvf_applyCut_removeBeam/wvfFind_event11854_trackID13_opNum5.root
[COPY] event=11869, trackID=43, T0=-2.40847 -> /Volumes/ssd_zhang/thesis_michel/server_processing/t0_rootFiles/beam28806_new202602/wvf_applyCut_removeBeam/wvfFind_event11869_trackID43_opNum8.root
[COPY] event=11878, trackID=1, T0=-0.466751 -> /Volumes/ssd_zhang/thesis_michel/server_processing/t0_rootFiles/beam28806_new202602/wvf_applyCut_removeBeam/wvfFind_event11878_trackID1_opNum5.root
[COPY] event=11895, trackID=10, T0=-1.00698 -> /Volumes/ssd_zhang/thesis_michel/server_processing/t0_rootFiles/beam28806_new202602/wvf_applyCut_removeBeam/wvfFind_event11895_trackID10_opNum8.root
[COPY] event=11900, trackID=33, T0=-2.41838 -> /Volumes/ssd_zhang/thesis_michel/server_processing/t0_rootFiles/beam28806_new202602/wvf_applyCut_removeBeam/wvfFind_event11900_trackID33_opNum3.root
[COPY] event=11915, trackID=7, T0=0.438351 -> /Volumes/ssd_zhang/thesis_michel/server_processing/t0_rootFiles/beam28806_new202602/wvf_applyCut_removeBeam/wvfFind_event11915_trackID7_opNum8.root
[COPY] event=11919, trackID=1, T0=-0.664273 -> /Volumes/ssd_zhang/thesis_michel/server_processing/t0_rootFiles/beam28806_new202602/wvf_applyCut_removeBeam/wvfFind_event11919_trackID1_opNum9.root
[COPY] event=11920, trackID=8, T0=-1.26724 -> /Volumes/ssd_zhang/thesis_michel/server_processing/t0_rootFiles/beam28806_new202602/wvf_applyCut_removeBeam/wvfFind_event11920_trackID8_opNum9.root
[COPY] event=11949, trackID=14, T0=-2.18498 -> /Volumes/ssd_zhang/thesis_michel/server_processing/t0_rootFiles/beam28806_new202602/wvf_applyCut_removeBeam/wvfFind_event11949_trackID14_opNum7.root
[SKIP] (in range) event=11953, trackID=3, T0=-0.0525503
[COPY] event=11966, trackID=1, T0=-0.137294 -> /Volumes/ssd_zhang/thesis_michel/server_processing/t0_rootFiles/beam28806_new202602/wvf_applyCut_removeBeam/wvfFind_event11966_trackID1_opNum5.root
[COPY] event=11969, trackID=5, T0=0.196204 -> /Volumes/ssd_zhang/thesis_michel/server_processing/t0_rootFiles/beam28806_new202602/wvf_applyCut_removeBeam/wvfFind_event11969_trackID5_opNum5.root
[COPY] event=11970, trackID=4, T0=0.319399 -> /Volumes/ssd_zhang/thesis_michel/server_processing/t0_rootFiles/beam28806_new202602/wvf_applyCut_removeBeam/wvfFind_event11970_trackID4_opNum6.root
[COPY] event=11985, trackID=12, T0=-0.349601 -> /Volumes/ssd_zhang/thesis_michel/server_processing/t0_rootFiles/beam28806_new202602/wvf_applyCut_removeBeam/wvfFind_event11985_trackID12_opNum9.root
[COPY] event=11992, trackID=4, T0=-1.27534 -> /Volumes/ssd_zhang/thesis_michel/server_processing/t0_rootFiles/beam28806_new202602/wvf_applyCut_removeBeam/wvfFind_event11992_trackID4_opNum4.root
[COPY] event=11997, trackID=3, T0=-0.800742 -> /Volumes/ssd_zhang/thesis_michel/server_processing/t0_rootFiles/beam28806_new202602/wvf_applyCut_removeBeam/wvfFind_event11997_trackID3_opNum9.root
[COPY] event=11997, trackID=3, T0=-0.800742 -> /Volumes/ssd_zhang/thesis_michel/server_processing/t0_rootFiles/beam28806_new202602/wvf_applyCut_removeBeam/wvfFind_event11997_trackID3_opNum9_2.root
[SKIP] (in range) event=12005, trackID=16, T0=-0.0733173
[COPY] event=12006, trackID=5, T0=0.342388 -> /Volumes/ssd_zhang/thesis_michel/server_processing/t0_rootFiles/beam28806_new202602/wvf_applyCut_removeBeam/wvfFind_event12006_trackID5_opNum7.root
[COPY] event=12022, trackID=17, T0=-1.8884 -> /Volumes/ssd_zhang/thesis_michel/server_processing/t0_rootFiles/beam28806_new202602/wvf_applyCut_removeBeam/wvfFind_event12022_trackID17_opNum4_merged.root
[COPY] event=12047, trackID=17, T0=1.43288 -> /Volumes/ssd_zhang/thesis_michel/server_processing/t0_rootFiles/beam28806_new202602/wvf_applyCut_removeBeam/wvfFind_event12047_trackID17_opNum9_merged.root
[COPY] event=12089, trackID=1, T0=0.469329 -> /Volumes/ssd_zhang/thesis_michel/server_processing/t0_rootFiles/beam28806_new202602/wvf_applyCut_removeBeam/wvfFind_event12089_trackID1_opNum9_merged.root
[COPY] event=1208, trackID=18, T0=2.33075 -> /Volumes/ssd_zhang/thesis_michel/server_processing/t0_rootFiles/beam28806_new202602/wvf_applyCut_removeBeam/wvfFind_event1208_trackID18_opNum9.root
[COPY] event=12113, trackID=4, T0=-0.392918 -> /Volumes/ssd_zhang/thesis_michel/server_processing/t0_rootFiles/beam28806_new202602/wvf_applyCut_removeBeam/wvfFind_event12113_trackID4_opNum9.root
[COPY] event=12121, trackID=26, T0=-0.232828 -> /Volumes/ssd_zhang/thesis_michel/server_processing/t0_rootFiles/beam28806_new202602/wvf_applyCut_removeBeam/wvfFind_event12121_trackID26_opNum9.root
[COPY] event=12130, trackID=10, T0=-2.28023 -> /Volumes/ssd_zhang/thesis_michel/server_processing/t0_rootFiles/beam28806_new202602/wvf_applyCut_removeBeam/wvfFind_event12130_trackID10_opNum5_merged.root
[COPY] event=12159, trackID=0, T0=-1.31677 -> /Volumes/ssd_zhang/thesis_michel/server_processing/t0_rootFiles/beam28806_new202602/wvf_applyCut_removeBeam/wvfFind_event12159_trackID0_opNum9.root
[SKIP] (in range) event=12168, trackID=7, T0=-0.0768471
[COPY] event=12174, trackID=1, T0=-1.24091 -> /Volumes/ssd_zhang/thesis_michel/server_processing/t0_rootFiles/beam28806_new202602/wvf_applyCut_removeBeam/wvfFind_event12174_trackID1_opNum8.root
[COPY] event=1218, trackID=23, T0=-2.27464 -> /Volumes/ssd_zhang/thesis_michel/server_processing/t0_rootFiles/beam28806_new202602/wvf_applyCut_removeBeam/wvfFind_event1218_trackID23_opNum7.root
[COPY] event=12215, trackID=21, T0=-2.19838 -> /Volumes/ssd_zhang/thesis_michel/server_processing/t0_rootFiles/beam28806_new202602/wvf_applyCut_removeBeam/wvfFind_event12215_trackID21_opNum5.root
[COPY] event=12227, trackID=8, T0=-1.03009 -> /Volumes/ssd_zhang/thesis_michel/server_processing/t0_rootFiles/beam28806_new202602/wvf_applyCut_removeBeam/wvfFind_event12227_trackID8_opNum3_merged.root
[COPY] event=12229, trackID=7, T0=-1.17525 -> /Volumes/ssd_zhang/thesis_michel/server_processing/t0_rootFiles/beam28806_new202602/wvf_applyCut_removeBeam/wvfFind_event12229_trackID7_opNum9.root
[COPY] event=1222, trackID=3, T0=-0.130879 -> /Volumes/ssd_zhang/thesis_michel/server_processing/t0_rootFiles/beam28806_new202602/wvf_applyCut_removeBeam/wvfFind_event1222_trackID3_opNum9.root
[COPY] event=12247, trackID=10, T0=-1.39903 -> /Volumes/ssd_zhang/thesis_michel/server_processing/t0_rootFiles/beam28806_new202602/wvf_applyCut_removeBeam/wvfFind_event12247_trackID10_opNum5.root
[COPY] event=12252, trackID=5, T0=-1.32773 -> /Volumes/ssd_zhang/thesis_michel/server_processing/t0_rootFiles/beam28806_new202602/wvf_applyCut_removeBeam/wvfFind_event12252_trackID5_opNum6.root
[COPY] event=12266, trackID=8, T0=-1.31915 -> /Volumes/ssd_zhang/thesis_michel/server_processing/t0_rootFiles/beam28806_new202602/wvf_applyCut_removeBeam/wvfFind_event12266_trackID8_opNum8_merged.root
[COPY] event=12270, trackID=20, T0=-0.543184 -> /Volumes/ssd_zhang/thesis_michel/server_processing/t0_rootFiles/beam28806_new202602/wvf_applyCut_removeBeam/wvfFind_event12270_trackID20_opNum5_merged.root
[COPY] event=12271, trackID=6, T0=-0.408741 -> /Volumes/ssd_zhang/thesis_michel/server_processing/t0_rootFiles/beam28806_new202602/wvf_applyCut_removeBeam/wvfFind_event12271_trackID6_opNum8.root
[COPY] event=1227, trackID=5, T0=-1.72651 -> /Volumes/ssd_zhang/thesis_michel/server_processing/t0_rootFiles/beam28806_new202602/wvf_applyCut_removeBeam/wvfFind_event1227_trackID5_opNum5.root
[COPY] event=12290, trackID=12, T0=-2.01874 -> /Volumes/ssd_zhang/thesis_michel/server_processing/t0_rootFiles/beam28806_new202602/wvf_applyCut_removeBeam/wvfFind_event12290_trackID12_opNum8.root
[COPY] event=12299, trackID=9, T0=-0.879108 -> /Volumes/ssd_zhang/thesis_michel/server_processing/t0_rootFiles/beam28806_new202602/wvf_applyCut_removeBeam/wvfFind_event12299_trackID9_opNum5.root
[COPY] event=12307, trackID=10, T0=0.118538 -> /Volumes/ssd_zhang/thesis_michel/server_processing/t0_rootFiles/beam28806_new202602/wvf_applyCut_removeBeam/wvfFind_event12307_trackID10_opNum9.root
[COPY] event=12310, trackID=0, T0=-0.811766 -> /Volumes/ssd_zhang/thesis_michel/server_processing/t0_rootFiles/beam28806_new202602/wvf_applyCut_removeBeam/wvfFind_event12310_trackID0_opNum4.root
[COPY] event=12325, trackID=0, T0=-1.07965 -> /Volumes/ssd_zhang/thesis_michel/server_processing/t0_rootFiles/beam28806_new202602/wvf_applyCut_removeBeam/wvfFind_event12325_trackID0_opNum7.root
[COPY] event=12329, trackID=7, T0=0.394635 -> /Volumes/ssd_zhang/thesis_michel/server_processing/t0_rootFiles/beam28806_new202602/wvf_applyCut_removeBeam/wvfFind_event12329_trackID7_opNum9.root
[COPY] event=12337, trackID=5, T0=-0.671432 -> /Volumes/ssd_zhang/thesis_michel/server_processing/t0_rootFiles/beam28806_new202602/wvf_applyCut_removeBeam/wvfFind_event12337_trackID5_opNum3_merged.root
[COPY] event=12342, trackID=6, T0=-0.985293 -> /Volumes/ssd_zhang/thesis_michel/server_processing/t0_rootFiles/beam28806_new202602/wvf_applyCut_removeBeam/wvfFind_event12342_trackID6_opNum9.root
[COPY] event=12352, trackID=13, T0=-1.82394 -> /Volumes/ssd_zhang/thesis_michel/server_processing/t0_rootFiles/beam28806_new202602/wvf_applyCut_removeBeam/wvfFind_event12352_trackID13_opNum9.root
[COPY] event=12357, trackID=15, T0=-0.486759 -> /Volumes/ssd_zhang/thesis_michel/server_processing/t0_rootFiles/beam28806_new202602/wvf_applyCut_removeBeam/wvfFind_event12357_trackID15_opNum9.root
[COPY] event=12375, trackID=9, T0=-0.33632 -> /Volumes/ssd_zhang/thesis_michel/server_processing/t0_rootFiles/beam28806_new202602/wvf_applyCut_removeBeam/wvfFind_event12375_trackID9_opNum9.root
[COPY] event=12376, trackID=15, T0=-0.404524 -> /Volumes/ssd_zhang/thesis_michel/server_processing/t0_rootFiles/beam28806_new202602/wvf_applyCut_removeBeam/wvfFind_event12376_trackID15_opNum3.root
[COPY] event=12382, trackID=3, T0=-0.950316 -> /Volumes/ssd_zhang/thesis_michel/server_processing/t0_rootFiles/beam28806_new202602/wvf_applyCut_removeBeam/wvfFind_event12382_trackID3_opNum4.root
[COPY] event=12395, trackID=2, T0=-1.03389 -> /Volumes/ssd_zhang/thesis_michel/server_processing/t0_rootFiles/beam28806_new202602/wvf_applyCut_removeBeam/wvfFind_event12395_trackID2_opNum4.root
[COPY] event=12396, trackID=12, T0=-0.418157 -> /Volumes/ssd_zhang/thesis_michel/server_processing/t0_rootFiles/beam28806_new202602/wvf_applyCut_removeBeam/wvfFind_event12396_trackID12_opNum8.root
[COPY] event=12399, trackID=1, T0=-0.728641 -> /Volumes/ssd_zhang/thesis_michel/server_processing/t0_rootFiles/beam28806_new202602/wvf_applyCut_removeBeam/wvfFind_event12399_trackID1_opNum4_merged.root
[COPY] event=123, trackID=3, T0=-0.906456 -> /Volumes/ssd_zhang/thesis_michel/server_processing/t0_rootFiles/beam28806_new202602/wvf_applyCut_removeBeam/wvfFind_event123_trackID3_opNum4_merged.root
[COPY] event=12400, trackID=22, T0=0.0588988 -> /Volumes/ssd_zhang/thesis_michel/server_processing/t0_rootFiles/beam28806_new202602/wvf_applyCut_removeBeam/wvfFind_event12400_trackID22_opNum9.root
[COPY] event=12415, trackID=17, T0=0.341745 -> /Volumes/ssd_zhang/thesis_michel/server_processing/t0_rootFiles/beam28806_new202602/wvf_applyCut_removeBeam/wvfFind_event12415_trackID17_opNum6.root
[COPY] event=12418, trackID=10, T0=-2.07671 -> /Volumes/ssd_zhang/thesis_michel/server_processing/t0_rootFiles/beam28806_new202602/wvf_applyCut_removeBeam/wvfFind_event12418_trackID10_opNum8.root
[COPY] event=12423, trackID=10, T0=0.0259052 -> /Volumes/ssd_zhang/thesis_michel/server_processing/t0_rootFiles/beam28806_new202602/wvf_applyCut_removeBeam/wvfFind_event12423_trackID10_opNum3_merged.root
[COPY] event=12423, trackID=27, T0=0.0378939 -> /Volumes/ssd_zhang/thesis_michel/server_processing/t0_rootFiles/beam28806_new202602/wvf_applyCut_removeBeam/wvfFind_event12423_trackID27_opNum5_merged.root
[SKIP] (in range) event=12436, trackID=14, T0=-0.062093
[COPY] event=1244, trackID=14, T0=0.318859 -> /Volumes/ssd_zhang/thesis_michel/server_processing/t0_rootFiles/beam28806_new202602/wvf_applyCut_removeBeam/wvfFind_event1244_trackID14_opNum8.root
[COPY] event=1244, trackID=14, T0=0.318859 -> /Volumes/ssd_zhang/thesis_michel/server_processing/t0_rootFiles/beam28806_new202602/wvf_applyCut_removeBeam/wvfFind_event1244_trackID14_opNum8_2.root
[COPY] event=12453, trackID=6, T0=-1.31363 -> /Volumes/ssd_zhang/thesis_michel/server_processing/t0_rootFiles/beam28806_new202602/wvf_applyCut_removeBeam/wvfFind_event12453_trackID6_opNum5_merged.root
[SKIP] (in range) event=12459, trackID=14, T0=-0.0702139
[COPY] event=12479, trackID=16, T0=-0.96606 -> /Volumes/ssd_zhang/thesis_michel/server_processing/t0_rootFiles/beam28806_new202602/wvf_applyCut_removeBeam/wvfFind_event12479_trackID16_opNum8.root
[SKIP] (in range) event=12481, trackID=10, T0=-0.0868003
[SKIP] (in range) event=12481, trackID=10, T0=-0.0868003
[SKIP] (in range) event=12481, trackID=10, T0=-0.0868003
[COPY] event=12484, trackID=3, T0=-0.885084 -> /Volumes/ssd_zhang/thesis_michel/server_processing/t0_rootFiles/beam28806_new202602/wvf_applyCut_removeBeam/wvfFind_event12484_trackID3_opNum9.root
[COPY] event=12487, trackID=1, T0=-1.32756 -> /Volumes/ssd_zhang/thesis_michel/server_processing/t0_rootFiles/beam28806_new202602/wvf_applyCut_removeBeam/wvfFind_event12487_trackID1_opNum9.root
[COPY] event=12544, trackID=1, T0=0.450227 -> /Volumes/ssd_zhang/thesis_michel/server_processing/t0_rootFiles/beam28806_new202602/wvf_applyCut_removeBeam/wvfFind_event12544_trackID1_opNum4.root
[SKIP] (in range) event=12553, trackID=10, T0=-0.0705448
[COPY] event=12556, trackID=6, T0=-1.67718 -> /Volumes/ssd_zhang/thesis_michel/server_processing/t0_rootFiles/beam28806_new202602/wvf_applyCut_removeBeam/wvfFind_event12556_trackID6_opNum6.root
[COPY] event=12556, trackID=6, T0=-1.67718 -> /Volumes/ssd_zhang/thesis_michel/server_processing/t0_rootFiles/beam28806_new202602/wvf_applyCut_removeBeam/wvfFind_event12556_trackID6_opNum6_2.root
[SKIP] (in range) event=12562, trackID=10, T0=-0.115526
[COPY] event=12576, trackID=25, T0=0.137133 -> /Volumes/ssd_zhang/thesis_michel/server_processing/t0_rootFiles/beam28806_new202602/wvf_applyCut_removeBeam/wvfFind_event12576_trackID25_opNum8.root
[COPY] event=12576, trackID=6, T0=-1.12683 -> /Volumes/ssd_zhang/thesis_michel/server_processing/t0_rootFiles/beam28806_new202602/wvf_applyCut_removeBeam/wvfFind_event12576_trackID6_opNum4_merged.root
[COPY] event=12580, trackID=4, T0=-1.49851 -> /Volumes/ssd_zhang/thesis_michel/server_processing/t0_rootFiles/beam28806_new202602/wvf_applyCut_removeBeam/wvfFind_event12580_trackID4_opNum4.root
[COPY] event=12580, trackID=4, T0=-1.49851 -> /Volumes/ssd_zhang/thesis_michel/server_processing/t0_rootFiles/beam28806_new202602/wvf_applyCut_removeBeam/wvfFind_event12580_trackID4_opNum4_2.root
[COPY] event=12583, trackID=16, T0=-0.014162 -> /Volumes/ssd_zhang/thesis_michel/server_processing/t0_rootFiles/beam28806_new202602/wvf_applyCut_removeBeam/wvfFind_event12583_trackID16_opNum4.root
[COPY] event=12585, trackID=30, T0=-2.30244 -> /Volumes/ssd_zhang/thesis_michel/server_processing/t0_rootFiles/beam28806_new202602/wvf_applyCut_removeBeam/wvfFind_event12585_trackID30_opNum5.root
[COPY] event=12593, trackID=4, T0=-0.490954 -> /Volumes/ssd_zhang/thesis_michel/server_processing/t0_rootFiles/beam28806_new202602/wvf_applyCut_removeBeam/wvfFind_event12593_trackID4_opNum8.root
[COPY] event=12602, trackID=17, T0=-1.16405 -> /Volumes/ssd_zhang/thesis_michel/server_processing/t0_rootFiles/beam28806_new202602/wvf_applyCut_removeBeam/wvfFind_event12602_trackID17_opNum4.root
[COPY] event=12622, trackID=18, T0=-2.26452 -> /Volumes/ssd_zhang/thesis_michel/server_processing/t0_rootFiles/beam28806_new202602/wvf_applyCut_removeBeam/wvfFind_event12622_trackID18_opNum3.root
[COPY] event=12631, trackID=1, T0=-1.5373 -> /Volumes/ssd_zhang/thesis_michel/server_processing/t0_rootFiles/beam28806_new202602/wvf_applyCut_removeBeam/wvfFind_event12631_trackID1_opNum9.root
[COPY] event=12655, trackID=15, T0=-2.13326 -> /Volumes/ssd_zhang/thesis_michel/server_processing/t0_rootFiles/beam28806_new202602/wvf_applyCut_removeBeam/wvfFind_event12655_trackID15_opNum6_merged.root
[COPY] event=12666, trackID=17, T0=0.188577 -> /Volumes/ssd_zhang/thesis_michel/server_processing/t0_rootFiles/beam28806_new202602/wvf_applyCut_removeBeam/wvfFind_event12666_trackID17_opNum9.root
[COPY] event=12667, trackID=25, T0=-2.30781 -> /Volumes/ssd_zhang/thesis_michel/server_processing/t0_rootFiles/beam28806_new202602/wvf_applyCut_removeBeam/wvfFind_event12667_trackID25_opNum9.root
[COPY] event=1266, trackID=11, T0=1.68207 -> /Volumes/ssd_zhang/thesis_michel/server_processing/t0_rootFiles/beam28806_new202602/wvf_applyCut_removeBeam/wvfFind_event1266_trackID11_opNum9.root
[COPY] event=12673, trackID=11, T0=-0.893695 -> /Volumes/ssd_zhang/thesis_michel/server_processing/t0_rootFiles/beam28806_new202602/wvf_applyCut_removeBeam/wvfFind_event12673_trackID11_opNum3.root
[COPY] event=12682, trackID=16, T0=-0.330498 -> /Volumes/ssd_zhang/thesis_michel/server_processing/t0_rootFiles/beam28806_new202602/wvf_applyCut_removeBeam/wvfFind_event12682_trackID16_opNum3.root
[COPY] event=12682, trackID=16, T0=-0.330498 -> /Volumes/ssd_zhang/thesis_michel/server_processing/t0_rootFiles/beam28806_new202602/wvf_applyCut_removeBeam/wvfFind_event12682_trackID16_opNum3_2.root
[SKIP] (in range) event=12705, trackID=4, T0=-0.0435303
[COPY] event=12712, trackID=6, T0=0.241471 -> /Volumes/ssd_zhang/thesis_michel/server_processing/t0_rootFiles/beam28806_new202602/wvf_applyCut_removeBeam/wvfFind_event12712_trackID6_opNum8.root
[COPY] event=12715, trackID=6, T0=-1.56718 -> /Volumes/ssd_zhang/thesis_michel/server_processing/t0_rootFiles/beam28806_new202602/wvf_applyCut_removeBeam/wvfFind_event12715_trackID6_opNum8.root
[COPY] event=1274, trackID=9, T0=1.0265 -> /Volumes/ssd_zhang/thesis_michel/server_processing/t0_rootFiles/beam28806_new202602/wvf_applyCut_removeBeam/wvfFind_event1274_trackID9_opNum7.root
[COPY] event=12812, trackID=2, T0=0.267913 -> /Volumes/ssd_zhang/thesis_michel/server_processing/t0_rootFiles/beam28806_new202602/wvf_applyCut_removeBeam/wvfFind_event12812_trackID2_opNum9.root
[SKIP] (in range) event=12814, trackID=1, T0=-0.114085
[SKIP] (in range) event=12814, trackID=1, T0=-0.114085
[COPY] event=12815, trackID=16, T0=1.61575 -> /Volumes/ssd_zhang/thesis_michel/server_processing/t0_rootFiles/beam28806_new202602/wvf_applyCut_removeBeam/wvfFind_event12815_trackID16_opNum9.root
[COPY] event=12816, trackID=13, T0=-1.64194 -> /Volumes/ssd_zhang/thesis_michel/server_processing/t0_rootFiles/beam28806_new202602/wvf_applyCut_removeBeam/wvfFind_event12816_trackID13_opNum4.root
[COPY] event=12828, trackID=11, T0=0.256062 -> /Volumes/ssd_zhang/thesis_michel/server_processing/t0_rootFiles/beam28806_new202602/wvf_applyCut_removeBeam/wvfFind_event12828_trackID11_opNum7_merged.root
[COPY] event=12834, trackID=16, T0=0.309443 -> /Volumes/ssd_zhang/thesis_michel/server_processing/t0_rootFiles/beam28806_new202602/wvf_applyCut_removeBeam/wvfFind_event12834_trackID16_opNum6.root
[COPY] event=12839, trackID=10, T0=-1.31484 -> /Volumes/ssd_zhang/thesis_michel/server_processing/t0_rootFiles/beam28806_new202602/wvf_applyCut_removeBeam/wvfFind_event12839_trackID10_opNum9.root
[COPY] event=12839, trackID=10, T0=-1.31484 -> /Volumes/ssd_zhang/thesis_michel/server_processing/t0_rootFiles/beam28806_new202602/wvf_applyCut_removeBeam/wvfFind_event12839_trackID10_opNum9_2.root
[COPY] event=1283, trackID=18, T0=-2.10129 -> /Volumes/ssd_zhang/thesis_michel/server_processing/t0_rootFiles/beam28806_new202602/wvf_applyCut_removeBeam/wvfFind_event1283_trackID18_opNum8.root
[COPY] event=12843, trackID=16, T0=-2.06683 -> /Volumes/ssd_zhang/thesis_michel/server_processing/t0_rootFiles/beam28806_new202602/wvf_applyCut_removeBeam/wvfFind_event12843_trackID16_opNum3.root
[COPY] event=12846, trackID=10, T0=-1.25091 -> /Volumes/ssd_zhang/thesis_michel/server_processing/t0_rootFiles/beam28806_new202602/wvf_applyCut_removeBeam/wvfFind_event12846_trackID10_opNum8.root
[COPY] event=12847, trackID=7, T0=0.36019 -> /Volumes/ssd_zhang/thesis_michel/server_processing/t0_rootFiles/beam28806_new202602/wvf_applyCut_removeBeam/wvfFind_event12847_trackID7_opNum5.root
[COPY] event=12847, trackID=7, T0=0.36019 -> /Volumes/ssd_zhang/thesis_michel/server_processing/t0_rootFiles/beam28806_new202602/wvf_applyCut_removeBeam/wvfFind_event12847_trackID7_opNum5_2.root
[COPY] event=12887, trackID=7, T0=-1.80254 -> /Volumes/ssd_zhang/thesis_michel/server_processing/t0_rootFiles/beam28806_new202602/wvf_applyCut_removeBeam/wvfFind_event12887_trackID7_opNum8.root
[COPY] event=1288, trackID=5, T0=-1.77599 -> /Volumes/ssd_zhang/thesis_michel/server_processing/t0_rootFiles/beam28806_new202602/wvf_applyCut_removeBeam/wvfFind_event1288_trackID5_opNum9.root
[COPY] event=12904, trackID=8, T0=-0.396438 -> /Volumes/ssd_zhang/thesis_michel/server_processing/t0_rootFiles/beam28806_new202602/wvf_applyCut_removeBeam/wvfFind_event12904_trackID8_opNum8.root
[COPY] event=12917, trackID=4, T0=-1.17762 -> /Volumes/ssd_zhang/thesis_michel/server_processing/t0_rootFiles/beam28806_new202602/wvf_applyCut_removeBeam/wvfFind_event12917_trackID4_opNum4.root
[COPY] event=12923, trackID=36, T0=-2.44179 -> /Volumes/ssd_zhang/thesis_michel/server_processing/t0_rootFiles/beam28806_new202602/wvf_applyCut_removeBeam/wvfFind_event12923_trackID36_opNum4.root
[COPY] event=12943, trackID=1, T0=-2.18454 -> /Volumes/ssd_zhang/thesis_michel/server_processing/t0_rootFiles/beam28806_new202602/wvf_applyCut_removeBeam/wvfFind_event12943_trackID1_opNum3.root
[COPY] event=12959, trackID=5, T0=-1.93761 -> /Volumes/ssd_zhang/thesis_michel/server_processing/t0_rootFiles/beam28806_new202602/wvf_applyCut_removeBeam/wvfFind_event12959_trackID5_opNum5.root
[COPY] event=13008, trackID=0, T0=-0.6737 -> /Volumes/ssd_zhang/thesis_michel/server_processing/t0_rootFiles/beam28806_new202602/wvf_applyCut_removeBeam/wvfFind_event13008_trackID0_opNum5.root
[COPY] event=1300, trackID=21, T0=-1.73391 -> /Volumes/ssd_zhang/thesis_michel/server_processing/t0_rootFiles/beam28806_new202602/wvf_applyCut_removeBeam/wvfFind_event1300_trackID21_opNum3.root
[COPY] event=1300, trackID=21, T0=-1.73391 -> /Volumes/ssd_zhang/thesis_michel/server_processing/t0_rootFiles/beam28806_new202602/wvf_applyCut_removeBeam/wvfFind_event1300_trackID21_opNum3_2.root
[COPY] event=1300, trackID=5, T0=-0.829913 -> /Volumes/ssd_zhang/thesis_michel/server_processing/t0_rootFiles/beam28806_new202602/wvf_applyCut_removeBeam/wvfFind_event1300_trackID5_opNum8.root
[COPY] event=1300, trackID=5, T0=-0.829913 -> /Volumes/ssd_zhang/thesis_michel/server_processing/t0_rootFiles/beam28806_new202602/wvf_applyCut_removeBeam/wvfFind_event1300_trackID5_opNum8_2.root
[COPY] event=13011, trackID=8, T0=0.102684 -> /Volumes/ssd_zhang/thesis_michel/server_processing/t0_rootFiles/beam28806_new202602/wvf_applyCut_removeBeam/wvfFind_event13011_trackID8_opNum9.root
[COPY] event=13016, trackID=8, T0=-1.2413 -> /Volumes/ssd_zhang/thesis_michel/server_processing/t0_rootFiles/beam28806_new202602/wvf_applyCut_removeBeam/wvfFind_event13016_trackID8_opNum3_merged.root
[COPY] event=13025, trackID=4, T0=-0.925787 -> /Volumes/ssd_zhang/thesis_michel/server_processing/t0_rootFiles/beam28806_new202602/wvf_applyCut_removeBeam/wvfFind_event13025_trackID4_opNum4.root
[COPY] event=13032, trackID=4, T0=-0.144619 -> /Volumes/ssd_zhang/thesis_michel/server_processing/t0_rootFiles/beam28806_new202602/wvf_applyCut_removeBeam/wvfFind_event13032_trackID4_opNum3.root
[COPY] event=13059, trackID=4, T0=-1.33462 -> /Volumes/ssd_zhang/thesis_michel/server_processing/t0_rootFiles/beam28806_new202602/wvf_applyCut_removeBeam/wvfFind_event13059_trackID4_opNum3_merged.root
[COPY] event=13060, trackID=20, T0=-1.97587 -> /Volumes/ssd_zhang/thesis_michel/server_processing/t0_rootFiles/beam28806_new202602/wvf_applyCut_removeBeam/wvfFind_event13060_trackID20_opNum9.root
[COPY] event=13060, trackID=20, T0=-1.97587 -> /Volumes/ssd_zhang/thesis_michel/server_processing/t0_rootFiles/beam28806_new202602/wvf_applyCut_removeBeam/wvfFind_event13060_trackID20_opNum9_2.root
[COPY] event=13071, trackID=6, T0=-0.16935 -> /Volumes/ssd_zhang/thesis_michel/server_processing/t0_rootFiles/beam28806_new202602/wvf_applyCut_removeBeam/wvfFind_event13071_trackID6_opNum4.root
[COPY] event=13071, trackID=6, T0=-0.16935 -> /Volumes/ssd_zhang/thesis_michel/server_processing/t0_rootFiles/beam28806_new202602/wvf_applyCut_removeBeam/wvfFind_event13071_trackID6_opNum4_2.root
[COPY] event=13071, trackID=6, T0=-0.16935 -> /Volumes/ssd_zhang/thesis_michel/server_processing/t0_rootFiles/beam28806_new202602/wvf_applyCut_removeBeam/wvfFind_event13071_trackID6_opNum4_3.root
[COPY] event=13072, trackID=4, T0=-0.705069 -> /Volumes/ssd_zhang/thesis_michel/server_processing/t0_rootFiles/beam28806_new202602/wvf_applyCut_removeBeam/wvfFind_event13072_trackID4_opNum5.root
[COPY] event=13072, trackID=4, T0=-0.705069 -> /Volumes/ssd_zhang/thesis_michel/server_processing/t0_rootFiles/beam28806_new202602/wvf_applyCut_removeBeam/wvfFind_event13072_trackID4_opNum5_2.root
[COPY] event=13073, trackID=20, T0=-1.49039 -> /Volumes/ssd_zhang/thesis_michel/server_processing/t0_rootFiles/beam28806_new202602/wvf_applyCut_removeBeam/wvfFind_event13073_trackID20_opNum6.root
[COPY] event=1309, trackID=9, T0=-0.335706 -> /Volumes/ssd_zhang/thesis_michel/server_processing/t0_rootFiles/beam28806_new202602/wvf_applyCut_removeBeam/wvfFind_event1309_trackID9_opNum9.root
[COPY] event=13117, trackID=22, T0=0.226793 -> /Volumes/ssd_zhang/thesis_michel/server_processing/t0_rootFiles/beam28806_new202602/wvf_applyCut_removeBeam/wvfFind_event13117_trackID22_opNum5.root
[COPY] event=13117, trackID=22, T0=0.226793 -> /Volumes/ssd_zhang/thesis_michel/server_processing/t0_rootFiles/beam28806_new202602/wvf_applyCut_removeBeam/wvfFind_event13117_trackID22_opNum5_2.root
[COPY] event=13118, trackID=22, T0=-1.34615 -> /Volumes/ssd_zhang/thesis_michel/server_processing/t0_rootFiles/beam28806_new202602/wvf_applyCut_removeBeam/wvfFind_event13118_trackID22_opNum7.root
[COPY] event=13122, trackID=5, T0=0.115066 -> /Volumes/ssd_zhang/thesis_michel/server_processing/t0_rootFiles/beam28806_new202602/wvf_applyCut_removeBeam/wvfFind_event13122_trackID5_opNum5.root
[COPY] event=13145, trackID=15, T0=0.0623976 -> /Volumes/ssd_zhang/thesis_michel/server_processing/t0_rootFiles/beam28806_new202602/wvf_applyCut_removeBeam/wvfFind_event13145_trackID15_opNum6.root
[COPY] event=13153, trackID=1, T0=-1.16879 -> /Volumes/ssd_zhang/thesis_michel/server_processing/t0_rootFiles/beam28806_new202602/wvf_applyCut_removeBeam/wvfFind_event13153_trackID1_opNum9.root
[COPY] event=13163, trackID=0, T0=0.279628 -> /Volumes/ssd_zhang/thesis_michel/server_processing/t0_rootFiles/beam28806_new202602/wvf_applyCut_removeBeam/wvfFind_event13163_trackID0_opNum5.root
[COPY] event=13163, trackID=0, T0=0.279628 -> /Volumes/ssd_zhang/thesis_michel/server_processing/t0_rootFiles/beam28806_new202602/wvf_applyCut_removeBeam/wvfFind_event13163_trackID0_opNum5_2.root
[COPY] event=13179, trackID=5, T0=-0.949335 -> /Volumes/ssd_zhang/thesis_michel/server_processing/t0_rootFiles/beam28806_new202602/wvf_applyCut_removeBeam/wvfFind_event13179_trackID5_opNum5.root
[COPY] event=13182, trackID=8, T0=-0.149282 -> /Volumes/ssd_zhang/thesis_michel/server_processing/t0_rootFiles/beam28806_new202602/wvf_applyCut_removeBeam/wvfFind_event13182_trackID8_opNum6.root
[COPY] event=13219, trackID=16, T0=-1.94026 -> /Volumes/ssd_zhang/thesis_michel/server_processing/t0_rootFiles/beam28806_new202602/wvf_applyCut_removeBeam/wvfFind_event13219_trackID16_opNum9.root
[COPY] event=13233, trackID=5, T0=1.77922 -> /Volumes/ssd_zhang/thesis_michel/server_processing/t0_rootFiles/beam28806_new202602/wvf_applyCut_removeBeam/wvfFind_event13233_trackID5_opNum9.root
[COPY] event=13238, trackID=19, T0=-2.37246 -> /Volumes/ssd_zhang/thesis_michel/server_processing/t0_rootFiles/beam28806_new202602/wvf_applyCut_removeBeam/wvfFind_event13238_trackID19_opNum5.root
[COPY] event=13252, trackID=3, T0=-0.1847 -> /Volumes/ssd_zhang/thesis_michel/server_processing/t0_rootFiles/beam28806_new202602/wvf_applyCut_removeBeam/wvfFind_event13252_trackID3_opNum4.root
[SKIP] (in range) event=13287, trackID=6, T0=-0.089843
[COPY] event=13295, trackID=5, T0=-1.86857 -> /Volumes/ssd_zhang/thesis_michel/server_processing/t0_rootFiles/beam28806_new202602/wvf_applyCut_removeBeam/wvfFind_event13295_trackID5_opNum6.root
[COPY] event=13303, trackID=16, T0=-0.963764 -> /Volumes/ssd_zhang/thesis_michel/server_processing/t0_rootFiles/beam28806_new202602/wvf_applyCut_removeBeam/wvfFind_event13303_trackID16_opNum9.root
[COPY] event=13314, trackID=13, T0=-1.08766 -> /Volumes/ssd_zhang/thesis_michel/server_processing/t0_rootFiles/beam28806_new202602/wvf_applyCut_removeBeam/wvfFind_event13314_trackID13_opNum7_merged.root
[COPY] event=1332, trackID=5, T0=-1.14799 -> /Volumes/ssd_zhang/thesis_michel/server_processing/t0_rootFiles/beam28806_new202602/wvf_applyCut_removeBeam/wvfFind_event1332_trackID5_opNum8_merged.root
[COPY] event=13342, trackID=28, T0=-2.16035 -> /Volumes/ssd_zhang/thesis_michel/server_processing/t0_rootFiles/beam28806_new202602/wvf_applyCut_removeBeam/wvfFind_event13342_trackID28_opNum6.root
[COPY] event=13342, trackID=28, T0=-2.16035 -> /Volumes/ssd_zhang/thesis_michel/server_processing/t0_rootFiles/beam28806_new202602/wvf_applyCut_removeBeam/wvfFind_event13342_trackID28_opNum6_2.root
[COPY] event=13354, trackID=5, T0=-0.468025 -> /Volumes/ssd_zhang/thesis_michel/server_processing/t0_rootFiles/beam28806_new202602/wvf_applyCut_removeBeam/wvfFind_event13354_trackID5_opNum5_merged.root
[COPY] event=13355, trackID=10, T0=-1.34443 -> /Volumes/ssd_zhang/thesis_michel/server_processing/t0_rootFiles/beam28806_new202602/wvf_applyCut_removeBeam/wvfFind_event13355_trackID10_opNum9.root
[COPY] event=13357, trackID=5, T0=0.344435 -> /Volumes/ssd_zhang/thesis_michel/server_processing/t0_rootFiles/beam28806_new202602/wvf_applyCut_removeBeam/wvfFind_event13357_trackID5_opNum5.root
[COPY] event=13411, trackID=6, T0=-0.540246 -> /Volumes/ssd_zhang/thesis_michel/server_processing/t0_rootFiles/beam28806_new202602/wvf_applyCut_removeBeam/wvfFind_event13411_trackID6_opNum5.root
[COPY] event=13413, trackID=4, T0=-0.857693 -> /Volumes/ssd_zhang/thesis_michel/server_processing/t0_rootFiles/beam28806_new202602/wvf_applyCut_removeBeam/wvfFind_event13413_trackID4_opNum5.root
[COPY] event=13438, trackID=11, T0=-1.2427 -> /Volumes/ssd_zhang/thesis_michel/server_processing/t0_rootFiles/beam28806_new202602/wvf_applyCut_removeBeam/wvfFind_event13438_trackID11_opNum8.root
[COPY] event=1343, trackID=7, T0=-1.38997 -> /Volumes/ssd_zhang/thesis_michel/server_processing/t0_rootFiles/beam28806_new202602/wvf_applyCut_removeBeam/wvfFind_event1343_trackID7_opNum5_merged.root
[COPY] event=13445, trackID=3, T0=-0.481063 -> /Volumes/ssd_zhang/thesis_michel/server_processing/t0_rootFiles/beam28806_new202602/wvf_applyCut_removeBeam/wvfFind_event13445_trackID3_opNum3.root
[COPY] event=13470, trackID=17, T0=-0.97404 -> /Volumes/ssd_zhang/thesis_michel/server_processing/t0_rootFiles/beam28806_new202602/wvf_applyCut_removeBeam/wvfFind_event13470_trackID17_opNum5.root
[COPY] event=13476, trackID=4, T0=-0.37538 -> /Volumes/ssd_zhang/thesis_michel/server_processing/t0_rootFiles/beam28806_new202602/wvf_applyCut_removeBeam/wvfFind_event13476_trackID4_opNum8.root
[COPY] event=1349, trackID=4, T0=-0.838639 -> /Volumes/ssd_zhang/thesis_michel/server_processing/t0_rootFiles/beam28806_new202602/wvf_applyCut_removeBeam/wvfFind_event1349_trackID4_opNum4.root
[COPY] event=13501, trackID=0, T0=-0.0225472 -> /Volumes/ssd_zhang/thesis_michel/server_processing/t0_rootFiles/beam28806_new202602/wvf_applyCut_removeBeam/wvfFind_event13501_trackID0_opNum9.root
[COPY] event=13506, trackID=3, T0=-0.563613 -> /Volumes/ssd_zhang/thesis_michel/server_processing/t0_rootFiles/beam28806_new202602/wvf_applyCut_removeBeam/wvfFind_event13506_trackID3_opNum5.root
[COPY] event=1351, trackID=6, T0=-0.00334654 -> /Volumes/ssd_zhang/thesis_michel/server_processing/t0_rootFiles/beam28806_new202602/wvf_applyCut_removeBeam/wvfFind_event1351_trackID6_opNum8.root
[COPY] event=1351, trackID=6, T0=-0.00334654 -> /Volumes/ssd_zhang/thesis_michel/server_processing/t0_rootFiles/beam28806_new202602/wvf_applyCut_removeBeam/wvfFind_event1351_trackID6_opNum8_2.root
[COPY] event=13522, trackID=9, T0=-1.64099 -> /Volumes/ssd_zhang/thesis_michel/server_processing/t0_rootFiles/beam28806_new202602/wvf_applyCut_removeBeam/wvfFind_event13522_trackID9_opNum4.root
[COPY] event=13522, trackID=9, T0=-1.64099 -> /Volumes/ssd_zhang/thesis_michel/server_processing/t0_rootFiles/beam28806_new202602/wvf_applyCut_removeBeam/wvfFind_event13522_trackID9_opNum4_2.root
[COPY] event=13538, trackID=13, T0=-1.96411 -> /Volumes/ssd_zhang/thesis_michel/server_processing/t0_rootFiles/beam28806_new202602/wvf_applyCut_removeBeam/wvfFind_event13538_trackID13_opNum9.root
[COPY] event=13540, trackID=7, T0=-1.24847 -> /Volumes/ssd_zhang/thesis_michel/server_processing/t0_rootFiles/beam28806_new202602/wvf_applyCut_removeBeam/wvfFind_event13540_trackID7_opNum9.root
[COPY] event=13560, trackID=17, T0=-2.3014 -> /Volumes/ssd_zhang/thesis_michel/server_processing/t0_rootFiles/beam28806_new202602/wvf_applyCut_removeBeam/wvfFind_event13560_trackID17_opNum9.root
[COPY] event=13560, trackID=17, T0=-2.3014 -> /Volumes/ssd_zhang/thesis_michel/server_processing/t0_rootFiles/beam28806_new202602/wvf_applyCut_removeBeam/wvfFind_event13560_trackID17_opNum9_2.root
[COPY] event=13602, trackID=5, T0=-1.13256 -> /Volumes/ssd_zhang/thesis_michel/server_processing/t0_rootFiles/beam28806_new202602/wvf_applyCut_removeBeam/wvfFind_event13602_trackID5_opNum4.root
[COPY] event=13602, trackID=5, T0=-1.13256 -> /Volumes/ssd_zhang/thesis_michel/server_processing/t0_rootFiles/beam28806_new202602/wvf_applyCut_removeBeam/wvfFind_event13602_trackID5_opNum4_2.root
[COPY] event=13641, trackID=14, T0=0.292111 -> /Volumes/ssd_zhang/thesis_michel/server_processing/t0_rootFiles/beam28806_new202602/wvf_applyCut_removeBeam/wvfFind_event13641_trackID14_opNum9.root
[COPY] event=13655, trackID=5, T0=-0.223107 -> /Volumes/ssd_zhang/thesis_michel/server_processing/t0_rootFiles/beam28806_new202602/wvf_applyCut_removeBeam/wvfFind_event13655_trackID5_opNum5.root
[COPY] event=13684, trackID=7, T0=-0.354041 -> /Volumes/ssd_zhang/thesis_michel/server_processing/t0_rootFiles/beam28806_new202602/wvf_applyCut_removeBeam/wvfFind_event13684_trackID7_opNum4.root
[COPY] event=1368, trackID=13, T0=-0.401638 -> /Volumes/ssd_zhang/thesis_michel/server_processing/t0_rootFiles/beam28806_new202602/wvf_applyCut_removeBeam/wvfFind_event1368_trackID13_opNum3_merged.root
[COPY] event=13708, trackID=13, T0=-1.67074 -> /Volumes/ssd_zhang/thesis_michel/server_processing/t0_rootFiles/beam28806_new202602/wvf_applyCut_removeBeam/wvfFind_event13708_trackID13_opNum6.root
[COPY] event=13774, trackID=15, T0=-1.42226 -> /Volumes/ssd_zhang/thesis_michel/server_processing/t0_rootFiles/beam28806_new202602/wvf_applyCut_removeBeam/wvfFind_event13774_trackID15_opNum6.root
[COPY] event=13774, trackID=2, T0=-2.06037 -> /Volumes/ssd_zhang/thesis_michel/server_processing/t0_rootFiles/beam28806_new202602/wvf_applyCut_removeBeam/wvfFind_event13774_trackID2_opNum8.root
[COPY] event=13786, trackID=2, T0=-0.538561 -> /Volumes/ssd_zhang/thesis_michel/server_processing/t0_rootFiles/beam28806_new202602/wvf_applyCut_removeBeam/wvfFind_event13786_trackID2_opNum5.root
[COPY] event=13828, trackID=6, T0=-1.09526 -> /Volumes/ssd_zhang/thesis_michel/server_processing/t0_rootFiles/beam28806_new202602/wvf_applyCut_removeBeam/wvfFind_event13828_trackID6_opNum9.root
[COPY] event=13836, trackID=8, T0=-0.291515 -> /Volumes/ssd_zhang/thesis_michel/server_processing/t0_rootFiles/beam28806_new202602/wvf_applyCut_removeBeam/wvfFind_event13836_trackID8_opNum6.root
[COPY] event=13836, trackID=8, T0=-0.291515 -> /Volumes/ssd_zhang/thesis_michel/server_processing/t0_rootFiles/beam28806_new202602/wvf_applyCut_removeBeam/wvfFind_event13836_trackID8_opNum6_2.root
[COPY] event=13848, trackID=8, T0=-1.03081 -> /Volumes/ssd_zhang/thesis_michel/server_processing/t0_rootFiles/beam28806_new202602/wvf_applyCut_removeBeam/wvfFind_event13848_trackID8_opNum8_merged.root
[COPY] event=13856, trackID=19, T0=-1.92865 -> /Volumes/ssd_zhang/thesis_michel/server_processing/t0_rootFiles/beam28806_new202602/wvf_applyCut_removeBeam/wvfFind_event13856_trackID19_opNum7.root
[COPY] event=1385, trackID=30, T0=-2.01437 -> /Volumes/ssd_zhang/thesis_michel/server_processing/t0_rootFiles/beam28806_new202602/wvf_applyCut_removeBeam/wvfFind_event1385_trackID30_opNum9_merged.root
[COPY] event=13862, trackID=16, T0=-2.20584 -> /Volumes/ssd_zhang/thesis_michel/server_processing/t0_rootFiles/beam28806_new202602/wvf_applyCut_removeBeam/wvfFind_event13862_trackID16_opNum9.root
[COPY] event=13862, trackID=16, T0=-2.20584 -> /Volumes/ssd_zhang/thesis_michel/server_processing/t0_rootFiles/beam28806_new202602/wvf_applyCut_removeBeam/wvfFind_event13862_trackID16_opNum9_2.root
[COPY] event=13884, trackID=16, T0=-1.31182 -> /Volumes/ssd_zhang/thesis_michel/server_processing/t0_rootFiles/beam28806_new202602/wvf_applyCut_removeBeam/wvfFind_event13884_trackID16_opNum6.root
[COPY] event=13887, trackID=11, T0=-1.95315 -> /Volumes/ssd_zhang/thesis_michel/server_processing/t0_rootFiles/beam28806_new202602/wvf_applyCut_removeBeam/wvfFind_event13887_trackID11_opNum9.root
[COPY] event=13891, trackID=1, T0=-1.23778 -> /Volumes/ssd_zhang/thesis_michel/server_processing/t0_rootFiles/beam28806_new202602/wvf_applyCut_removeBeam/wvfFind_event13891_trackID1_opNum7.root
[SKIP] (in range) event=13903, trackID=18, T0=-0.0539568
[SKIP] (in range) event=13903, trackID=18, T0=-0.0539568
[COPY] event=13915, trackID=4, T0=0.352057 -> /Volumes/ssd_zhang/thesis_michel/server_processing/t0_rootFiles/beam28806_new202602/wvf_applyCut_removeBeam/wvfFind_event13915_trackID4_opNum9.root
[COPY] event=1391, trackID=1, T0=-0.967948 -> /Volumes/ssd_zhang/thesis_michel/server_processing/t0_rootFiles/beam28806_new202602/wvf_applyCut_removeBeam/wvfFind_event1391_trackID1_opNum4.root
[COPY] event=13930, trackID=0, T0=-0.800599 -> /Volumes/ssd_zhang/thesis_michel/server_processing/t0_rootFiles/beam28806_new202602/wvf_applyCut_removeBeam/wvfFind_event13930_trackID0_opNum5.root
[COPY] event=13930, trackID=3, T0=-0.142584 -> /Volumes/ssd_zhang/thesis_michel/server_processing/t0_rootFiles/beam28806_new202602/wvf_applyCut_removeBeam/wvfFind_event13930_trackID3_opNum6.root
[COPY] event=13934, trackID=6, T0=-0.870001 -> /Volumes/ssd_zhang/thesis_michel/server_processing/t0_rootFiles/beam28806_new202602/wvf_applyCut_removeBeam/wvfFind_event13934_trackID6_opNum6.root
[COPY] event=13951, trackID=8, T0=-1.67284 -> /Volumes/ssd_zhang/thesis_michel/server_processing/t0_rootFiles/beam28806_new202602/wvf_applyCut_removeBeam/wvfFind_event13951_trackID8_opNum4_merged.root
[COPY] event=13952, trackID=1, T0=-1.54545 -> /Volumes/ssd_zhang/thesis_michel/server_processing/t0_rootFiles/beam28806_new202602/wvf_applyCut_removeBeam/wvfFind_event13952_trackID1_opNum3.root
[COPY] event=13968, trackID=10, T0=0.0648928 -> /Volumes/ssd_zhang/thesis_michel/server_processing/t0_rootFiles/beam28806_new202602/wvf_applyCut_removeBeam/wvfFind_event13968_trackID10_opNum9_merged.root
[COPY] event=13980, trackID=2, T0=-0.316433 -> /Volumes/ssd_zhang/thesis_michel/server_processing/t0_rootFiles/beam28806_new202602/wvf_applyCut_removeBeam/wvfFind_event13980_trackID2_opNum3.root
[COPY] event=13980, trackID=2, T0=-0.316433 -> /Volumes/ssd_zhang/thesis_michel/server_processing/t0_rootFiles/beam28806_new202602/wvf_applyCut_removeBeam/wvfFind_event13980_trackID2_opNum3_2.root
[COPY] event=13994, trackID=1, T0=-0.00626017 -> /Volumes/ssd_zhang/thesis_michel/server_processing/t0_rootFiles/beam28806_new202602/wvf_applyCut_removeBeam/wvfFind_event13994_trackID1_opNum8_merged.root
[COPY] event=13994, trackID=20, T0=-2.3843 -> /Volumes/ssd_zhang/thesis_michel/server_processing/t0_rootFiles/beam28806_new202602/wvf_applyCut_removeBeam/wvfFind_event13994_trackID20_opNum8.root
[COPY] event=14009, trackID=13, T0=-1.91689 -> /Volumes/ssd_zhang/thesis_michel/server_processing/t0_rootFiles/beam28806_new202602/wvf_applyCut_removeBeam/wvfFind_event14009_trackID13_opNum4.root
[COPY] event=14012, trackID=0, T0=-1.02757 -> /Volumes/ssd_zhang/thesis_michel/server_processing/t0_rootFiles/beam28806_new202602/wvf_applyCut_removeBeam/wvfFind_event14012_trackID0_opNum9_merged.root
[COPY] event=14021, trackID=5, T0=-1.23972 -> /Volumes/ssd_zhang/thesis_michel/server_processing/t0_rootFiles/beam28806_new202602/wvf_applyCut_removeBeam/wvfFind_event14021_trackID5_opNum9.root
[COPY] event=14023, trackID=9, T0=-1.44851 -> /Volumes/ssd_zhang/thesis_michel/server_processing/t0_rootFiles/beam28806_new202602/wvf_applyCut_removeBeam/wvfFind_event14023_trackID9_opNum5_merged.root
[COPY] event=14039, trackID=29, T0=-2.46475 -> /Volumes/ssd_zhang/thesis_michel/server_processing/t0_rootFiles/beam28806_new202602/wvf_applyCut_removeBeam/wvfFind_event14039_trackID29_opNum8.root
[COPY] event=1403, trackID=8, T0=-1.77013 -> /Volumes/ssd_zhang/thesis_michel/server_processing/t0_rootFiles/beam28806_new202602/wvf_applyCut_removeBeam/wvfFind_event1403_trackID8_opNum9.root
[COPY] event=14057, trackID=18, T0=-1.87026 -> /Volumes/ssd_zhang/thesis_michel/server_processing/t0_rootFiles/beam28806_new202602/wvf_applyCut_removeBeam/wvfFind_event14057_trackID18_opNum3.root
[COPY] event=14061, trackID=0, T0=-0.456233 -> /Volumes/ssd_zhang/thesis_michel/server_processing/t0_rootFiles/beam28806_new202602/wvf_applyCut_removeBeam/wvfFind_event14061_trackID0_opNum5.root
[COPY] event=14061, trackID=0, T0=-0.456233 -> /Volumes/ssd_zhang/thesis_michel/server_processing/t0_rootFiles/beam28806_new202602/wvf_applyCut_removeBeam/wvfFind_event14061_trackID0_opNum5_2.root
[COPY] event=14078, trackID=3, T0=0.216033 -> /Volumes/ssd_zhang/thesis_michel/server_processing/t0_rootFiles/beam28806_new202602/wvf_applyCut_removeBeam/wvfFind_event14078_trackID3_opNum5.root
[COPY] event=14111, trackID=12, T0=-1.68307 -> /Volumes/ssd_zhang/thesis_michel/server_processing/t0_rootFiles/beam28806_new202602/wvf_applyCut_removeBeam/wvfFind_event14111_trackID12_opNum9.root
[COPY] event=14137, trackID=20, T0=-0.537486 -> /Volumes/ssd_zhang/thesis_michel/server_processing/t0_rootFiles/beam28806_new202602/wvf_applyCut_removeBeam/wvfFind_event14137_trackID20_opNum6.root
[COPY] event=1415, trackID=16, T0=-0.652883 -> /Volumes/ssd_zhang/thesis_michel/server_processing/t0_rootFiles/beam28806_new202602/wvf_applyCut_removeBeam/wvfFind_event1415_trackID16_opNum9.root
[SKIP] (in range) event=1418, trackID=17, T0=-0.0894813
[COPY] event=14192, trackID=8, T0=-1.02195 -> /Volumes/ssd_zhang/thesis_michel/server_processing/t0_rootFiles/beam28806_new202602/wvf_applyCut_removeBeam/wvfFind_event14192_trackID8_opNum9_merged.root
[COPY] event=141, trackID=23, T0=-1.8029 -> /Volumes/ssd_zhang/thesis_michel/server_processing/t0_rootFiles/beam28806_new202602/wvf_applyCut_removeBeam/wvfFind_event141_trackID23_opNum3_merged.root
[COPY] event=14212, trackID=8, T0=0.340988 -> /Volumes/ssd_zhang/thesis_michel/server_processing/t0_rootFiles/beam28806_new202602/wvf_applyCut_removeBeam/wvfFind_event14212_trackID8_opNum6_merged.root
[COPY] event=14305, trackID=13, T0=-2.29186 -> /Volumes/ssd_zhang/thesis_michel/server_processing/t0_rootFiles/beam28806_new202602/wvf_applyCut_removeBeam/wvfFind_event14305_trackID13_opNum9.root
[COPY] event=14337, trackID=3, T0=-0.431689 -> /Volumes/ssd_zhang/thesis_michel/server_processing/t0_rootFiles/beam28806_new202602/wvf_applyCut_removeBeam/wvfFind_event14337_trackID3_opNum4.root
[COPY] event=14339, trackID=0, T0=0.137023 -> /Volumes/ssd_zhang/thesis_michel/server_processing/t0_rootFiles/beam28806_new202602/wvf_applyCut_removeBeam/wvfFind_event14339_trackID0_opNum3.root
[SKIP] (in range) event=14339, trackID=1, T0=-0.089693
[COPY] event=14342, trackID=9, T0=-2.15166 -> /Volumes/ssd_zhang/thesis_michel/server_processing/t0_rootFiles/beam28806_new202602/wvf_applyCut_removeBeam/wvfFind_event14342_trackID9_opNum3.root
[COPY] event=14343, trackID=3, T0=-1.7156 -> /Volumes/ssd_zhang/thesis_michel/server_processing/t0_rootFiles/beam28806_new202602/wvf_applyCut_removeBeam/wvfFind_event14343_trackID3_opNum4.root
[COPY] event=14354, trackID=2, T0=-1.22157 -> /Volumes/ssd_zhang/thesis_michel/server_processing/t0_rootFiles/beam28806_new202602/wvf_applyCut_removeBeam/wvfFind_event14354_trackID2_opNum8.root
[COPY] event=14367, trackID=6, T0=-1.62606 -> /Volumes/ssd_zhang/thesis_michel/server_processing/t0_rootFiles/beam28806_new202602/wvf_applyCut_removeBeam/wvfFind_event14367_trackID6_opNum9.root
[COPY] event=14367, trackID=7, T0=-0.80619 -> /Volumes/ssd_zhang/thesis_michel/server_processing/t0_rootFiles/beam28806_new202602/wvf_applyCut_removeBeam/wvfFind_event14367_trackID7_opNum3.root
[COPY] event=14367, trackID=7, T0=-0.80619 -> /Volumes/ssd_zhang/thesis_michel/server_processing/t0_rootFiles/beam28806_new202602/wvf_applyCut_removeBeam/wvfFind_event14367_trackID7_opNum3_2.root
[COPY] event=14395, trackID=2, T0=-1.11292 -> /Volumes/ssd_zhang/thesis_michel/server_processing/t0_rootFiles/beam28806_new202602/wvf_applyCut_removeBeam/wvfFind_event14395_trackID2_opNum8.root
[COPY] event=14395, trackID=2, T0=-1.11292 -> /Volumes/ssd_zhang/thesis_michel/server_processing/t0_rootFiles/beam28806_new202602/wvf_applyCut_removeBeam/wvfFind_event14395_trackID2_opNum8_2.root
[COPY] event=14407, trackID=10, T0=-1.53941 -> /Volumes/ssd_zhang/thesis_michel/server_processing/t0_rootFiles/beam28806_new202602/wvf_applyCut_removeBeam/wvfFind_event14407_trackID10_opNum9_merged.root
[SKIP] (in range) event=14426, trackID=12, T0=-0.0520909
[SKIP] (in range) event=14426, trackID=12, T0=-0.0520909
[COPY] event=14437, trackID=35, T0=0.019875 -> /Volumes/ssd_zhang/thesis_michel/server_processing/t0_rootFiles/beam28806_new202602/wvf_applyCut_removeBeam/wvfFind_event14437_trackID35_opNum8.root
[COPY] event=14447, trackID=12, T0=-1.46985 -> /Volumes/ssd_zhang/thesis_michel/server_processing/t0_rootFiles/beam28806_new202602/wvf_applyCut_removeBeam/wvfFind_event14447_trackID12_opNum3_merged.root
[COPY] event=1445, trackID=14, T0=-1.90552 -> /Volumes/ssd_zhang/thesis_michel/server_processing/t0_rootFiles/beam28806_new202602/wvf_applyCut_removeBeam/wvfFind_event1445_trackID14_opNum5_merged.root
[COPY] event=14462, trackID=7, T0=-0.25398 -> /Volumes/ssd_zhang/thesis_michel/server_processing/t0_rootFiles/beam28806_new202602/wvf_applyCut_removeBeam/wvfFind_event14462_trackID7_opNum9.root
[COPY] event=14466, trackID=21, T0=-2.27957 -> /Volumes/ssd_zhang/thesis_michel/server_processing/t0_rootFiles/beam28806_new202602/wvf_applyCut_removeBeam/wvfFind_event14466_trackID21_opNum8.root
[COPY] event=14475, trackID=30, T0=-2.3768 -> /Volumes/ssd_zhang/thesis_michel/server_processing/t0_rootFiles/beam28806_new202602/wvf_applyCut_removeBeam/wvfFind_event14475_trackID30_opNum5.root
[SKIP] (in range) event=14486, trackID=2, T0=-0.0371452
[COPY] event=14507, trackID=2, T0=-1.93101 -> /Volumes/ssd_zhang/thesis_michel/server_processing/t0_rootFiles/beam28806_new202602/wvf_applyCut_removeBeam/wvfFind_event14507_trackID2_opNum9.root
[COPY] event=14543, trackID=10, T0=0.418194 -> /Volumes/ssd_zhang/thesis_michel/server_processing/t0_rootFiles/beam28806_new202602/wvf_applyCut_removeBeam/wvfFind_event14543_trackID10_opNum9.root
[COPY] event=14615, trackID=16, T0=0.430168 -> /Volumes/ssd_zhang/thesis_michel/server_processing/t0_rootFiles/beam28806_new202602/wvf_applyCut_removeBeam/wvfFind_event14615_trackID16_opNum9.root
[COPY] event=14625, trackID=33, T0=0.789535 -> /Volumes/ssd_zhang/thesis_michel/server_processing/t0_rootFiles/beam28806_new202602/wvf_applyCut_removeBeam/wvfFind_event14625_trackID33_opNum9_merged.root
[COPY] event=14626, trackID=5, T0=-0.814276 -> /Volumes/ssd_zhang/thesis_michel/server_processing/t0_rootFiles/beam28806_new202602/wvf_applyCut_removeBeam/wvfFind_event14626_trackID5_opNum8.root
[COPY] event=14681, trackID=2, T0=-2.04392 -> /Volumes/ssd_zhang/thesis_michel/server_processing/t0_rootFiles/beam28806_new202602/wvf_applyCut_removeBeam/wvfFind_event14681_trackID2_opNum5.root
[COPY] event=14683, trackID=26, T0=-1.38163 -> /Volumes/ssd_zhang/thesis_michel/server_processing/t0_rootFiles/beam28806_new202602/wvf_applyCut_removeBeam/wvfFind_event14683_trackID26_opNum6.root
[COPY] event=14686, trackID=8, T0=-0.705491 -> /Volumes/ssd_zhang/thesis_michel/server_processing/t0_rootFiles/beam28806_new202602/wvf_applyCut_removeBeam/wvfFind_event14686_trackID8_opNum4.root
[COPY] event=14697, trackID=1, T0=0.0890848 -> /Volumes/ssd_zhang/thesis_michel/server_processing/t0_rootFiles/beam28806_new202602/wvf_applyCut_removeBeam/wvfFind_event14697_trackID1_opNum5.root
[COPY] event=14745, trackID=18, T0=-1.95955 -> /Volumes/ssd_zhang/thesis_michel/server_processing/t0_rootFiles/beam28806_new202602/wvf_applyCut_removeBeam/wvfFind_event14745_trackID18_opNum8.root
[COPY] event=14750, trackID=18, T0=-2.39752 -> /Volumes/ssd_zhang/thesis_michel/server_processing/t0_rootFiles/beam28806_new202602/wvf_applyCut_removeBeam/wvfFind_event14750_trackID18_opNum4.root
[COPY] event=14750, trackID=18, T0=-2.39752 -> /Volumes/ssd_zhang/thesis_michel/server_processing/t0_rootFiles/beam28806_new202602/wvf_applyCut_removeBeam/wvfFind_event14750_trackID18_opNum4_2.root
[COPY] event=1476, trackID=8, T0=-2.16998 -> /Volumes/ssd_zhang/thesis_michel/server_processing/t0_rootFiles/beam28806_new202602/wvf_applyCut_removeBeam/wvfFind_event1476_trackID8_opNum9.root
[COPY] event=14783, trackID=8, T0=-2.24797 -> /Volumes/ssd_zhang/thesis_michel/server_processing/t0_rootFiles/beam28806_new202602/wvf_applyCut_removeBeam/wvfFind_event14783_trackID8_opNum5.root
[COPY] event=14795, trackID=7, T0=0.264816 -> /Volumes/ssd_zhang/thesis_michel/server_processing/t0_rootFiles/beam28806_new202602/wvf_applyCut_removeBeam/wvfFind_event14795_trackID7_opNum4_merged.root
[COPY] event=14814, trackID=10, T0=-1.09722 -> /Volumes/ssd_zhang/thesis_michel/server_processing/t0_rootFiles/beam28806_new202602/wvf_applyCut_removeBeam/wvfFind_event14814_trackID10_opNum6.root
[COPY] event=14814, trackID=10, T0=-1.09722 -> /Volumes/ssd_zhang/thesis_michel/server_processing/t0_rootFiles/beam28806_new202602/wvf_applyCut_removeBeam/wvfFind_event14814_trackID10_opNum6_2.root
[COPY] event=14819, trackID=14, T0=0.0678108 -> /Volumes/ssd_zhang/thesis_michel/server_processing/t0_rootFiles/beam28806_new202602/wvf_applyCut_removeBeam/wvfFind_event14819_trackID14_opNum8.root
[COPY] event=14849, trackID=24, T0=-2.32093 -> /Volumes/ssd_zhang/thesis_michel/server_processing/t0_rootFiles/beam28806_new202602/wvf_applyCut_removeBeam/wvfFind_event14849_trackID24_opNum9.root
[COPY] event=14849, trackID=24, T0=-2.32093 -> /Volumes/ssd_zhang/thesis_michel/server_processing/t0_rootFiles/beam28806_new202602/wvf_applyCut_removeBeam/wvfFind_event14849_trackID24_opNum9_2.root
[COPY] event=14849, trackID=24, T0=-2.32093 -> /Volumes/ssd_zhang/thesis_michel/server_processing/t0_rootFiles/beam28806_new202602/wvf_applyCut_removeBeam/wvfFind_event14849_trackID24_opNum9_3.root
[COPY] event=14849, trackID=6, T0=-1.63767 -> /Volumes/ssd_zhang/thesis_michel/server_processing/t0_rootFiles/beam28806_new202602/wvf_applyCut_removeBeam/wvfFind_event14849_trackID6_opNum5.root
[COPY] event=14856, trackID=12, T0=-1.59231 -> /Volumes/ssd_zhang/thesis_michel/server_processing/t0_rootFiles/beam28806_new202602/wvf_applyCut_removeBeam/wvfFind_event14856_trackID12_opNum8.root
[COPY] event=1486, trackID=4, T0=0.0818221 -> /Volumes/ssd_zhang/thesis_michel/server_processing/t0_rootFiles/beam28806_new202602/wvf_applyCut_removeBeam/wvfFind_event1486_trackID4_opNum6_merged.root
[COPY] event=14889, trackID=1, T0=-0.473253 -> /Volumes/ssd_zhang/thesis_michel/server_processing/t0_rootFiles/beam28806_new202602/wvf_applyCut_removeBeam/wvfFind_event14889_trackID1_opNum5_merged.root
[COPY] event=1488, trackID=2, T0=0.0304142 -> /Volumes/ssd_zhang/thesis_michel/server_processing/t0_rootFiles/beam28806_new202602/wvf_applyCut_removeBeam/wvfFind_event1488_trackID2_opNum5.root
[COPY] event=1488, trackID=2, T0=0.0304142 -> /Volumes/ssd_zhang/thesis_michel/server_processing/t0_rootFiles/beam28806_new202602/wvf_applyCut_removeBeam/wvfFind_event1488_trackID2_opNum5_2.root
[COPY] event=1490, trackID=1, T0=-1.9946 -> /Volumes/ssd_zhang/thesis_michel/server_processing/t0_rootFiles/beam28806_new202602/wvf_applyCut_removeBeam/wvfFind_event1490_trackID1_opNum6.root
[COPY] event=14916, trackID=11, T0=-1.00622 -> /Volumes/ssd_zhang/thesis_michel/server_processing/t0_rootFiles/beam28806_new202602/wvf_applyCut_removeBeam/wvfFind_event14916_trackID11_opNum5.root
[COPY] event=14919, trackID=0, T0=-0.976635 -> /Volumes/ssd_zhang/thesis_michel/server_processing/t0_rootFiles/beam28806_new202602/wvf_applyCut_removeBeam/wvfFind_event14919_trackID0_opNum3.root
[COPY] event=14931, trackID=25, T0=0.70387 -> /Volumes/ssd_zhang/thesis_michel/server_processing/t0_rootFiles/beam28806_new202602/wvf_applyCut_removeBeam/wvfFind_event14931_trackID25_opNum5.root
[COPY] event=14938, trackID=2, T0=-0.418548 -> /Volumes/ssd_zhang/thesis_michel/server_processing/t0_rootFiles/beam28806_new202602/wvf_applyCut_removeBeam/wvfFind_event14938_trackID2_opNum3.root
[COPY] event=14981, trackID=10, T0=-0.176588 -> /Volumes/ssd_zhang/thesis_michel/server_processing/t0_rootFiles/beam28806_new202602/wvf_applyCut_removeBeam/wvfFind_event14981_trackID10_opNum6.root
[COPY] event=14993, trackID=5, T0=-0.200292 -> /Volumes/ssd_zhang/thesis_michel/server_processing/t0_rootFiles/beam28806_new202602/wvf_applyCut_removeBeam/wvfFind_event14993_trackID5_opNum3_merged.root
[COPY] event=1499, trackID=19, T0=-2.17743 -> /Volumes/ssd_zhang/thesis_michel/server_processing/t0_rootFiles/beam28806_new202602/wvf_applyCut_removeBeam/wvfFind_event1499_trackID19_opNum3.root
[COPY] event=15007, trackID=19, T0=2.39758 -> /Volumes/ssd_zhang/thesis_michel/server_processing/t0_rootFiles/beam28806_new202602/wvf_applyCut_removeBeam/wvfFind_event15007_trackID19_opNum7_merged.root
[COPY] event=15013, trackID=13, T0=0.0416289 -> /Volumes/ssd_zhang/thesis_michel/server_processing/t0_rootFiles/beam28806_new202602/wvf_applyCut_removeBeam/wvfFind_event15013_trackID13_opNum6_merged.root
[COPY] event=1501, trackID=13, T0=-2.13017 -> /Volumes/ssd_zhang/thesis_michel/server_processing/t0_rootFiles/beam28806_new202602/wvf_applyCut_removeBeam/wvfFind_event1501_trackID13_opNum5.root
[COPY] event=15026, trackID=3, T0=0.43761 -> /Volumes/ssd_zhang/thesis_michel/server_processing/t0_rootFiles/beam28806_new202602/wvf_applyCut_removeBeam/wvfFind_event15026_trackID3_opNum5.root
[COPY] event=15038, trackID=15, T0=0.855493 -> /Volumes/ssd_zhang/thesis_michel/server_processing/t0_rootFiles/beam28806_new202602/wvf_applyCut_removeBeam/wvfFind_event15038_trackID15_opNum9.root
[COPY] event=15038, trackID=29, T0=-2.29199 -> /Volumes/ssd_zhang/thesis_michel/server_processing/t0_rootFiles/beam28806_new202602/wvf_applyCut_removeBeam/wvfFind_event15038_trackID29_opNum5.root
[COPY] event=15050, trackID=17, T0=-0.998934 -> /Volumes/ssd_zhang/thesis_michel/server_processing/t0_rootFiles/beam28806_new202602/wvf_applyCut_removeBeam/wvfFind_event15050_trackID17_opNum7.root
[COPY] event=15053, trackID=8, T0=-1.20795 -> /Volumes/ssd_zhang/thesis_michel/server_processing/t0_rootFiles/beam28806_new202602/wvf_applyCut_removeBeam/wvfFind_event15053_trackID8_opNum7.root
[COPY] event=15076, trackID=16, T0=-0.894182 -> /Volumes/ssd_zhang/thesis_michel/server_processing/t0_rootFiles/beam28806_new202602/wvf_applyCut_removeBeam/wvfFind_event15076_trackID16_opNum3.root
[COPY] event=15125, trackID=13, T0=-2.00024 -> /Volumes/ssd_zhang/thesis_michel/server_processing/t0_rootFiles/beam28806_new202602/wvf_applyCut_removeBeam/wvfFind_event15125_trackID13_opNum9.root
[COPY] event=15128, trackID=5, T0=0.124478 -> /Volumes/ssd_zhang/thesis_michel/server_processing/t0_rootFiles/beam28806_new202602/wvf_applyCut_removeBeam/wvfFind_event15128_trackID5_opNum9.root
[COPY] event=15132, trackID=9, T0=0.282305 -> /Volumes/ssd_zhang/thesis_michel/server_processing/t0_rootFiles/beam28806_new202602/wvf_applyCut_removeBeam/wvfFind_event15132_trackID9_opNum6.root
[COPY] event=15151, trackID=12, T0=-0.444296 -> /Volumes/ssd_zhang/thesis_michel/server_processing/t0_rootFiles/beam28806_new202602/wvf_applyCut_removeBeam/wvfFind_event15151_trackID12_opNum9.root
[COPY] event=15161, trackID=4, T0=1.50789 -> /Volumes/ssd_zhang/thesis_michel/server_processing/t0_rootFiles/beam28806_new202602/wvf_applyCut_removeBeam/wvfFind_event15161_trackID4_opNum9.root
[COPY] event=15161, trackID=4, T0=1.50789 -> /Volumes/ssd_zhang/thesis_michel/server_processing/t0_rootFiles/beam28806_new202602/wvf_applyCut_removeBeam/wvfFind_event15161_trackID4_opNum9_2.root
[COPY] event=15161, trackID=6, T0=-1.63401 -> /Volumes/ssd_zhang/thesis_michel/server_processing/t0_rootFiles/beam28806_new202602/wvf_applyCut_removeBeam/wvfFind_event15161_trackID6_opNum5.root
[COPY] event=15179, trackID=2, T0=-1.22541 -> /Volumes/ssd_zhang/thesis_michel/server_processing/t0_rootFiles/beam28806_new202602/wvf_applyCut_removeBeam/wvfFind_event15179_trackID2_opNum4.root
[COPY] event=15197, trackID=15, T0=-2.22098 -> /Volumes/ssd_zhang/thesis_michel/server_processing/t0_rootFiles/beam28806_new202602/wvf_applyCut_removeBeam/wvfFind_event15197_trackID15_opNum5_merged.root
[COPY] event=1519, trackID=9, T0=-1.49187 -> /Volumes/ssd_zhang/thesis_michel/server_processing/t0_rootFiles/beam28806_new202602/wvf_applyCut_removeBeam/wvfFind_event1519_trackID9_opNum9.root
[COPY] event=15208, trackID=8, T0=-0.334158 -> /Volumes/ssd_zhang/thesis_michel/server_processing/t0_rootFiles/beam28806_new202602/wvf_applyCut_removeBeam/wvfFind_event15208_trackID8_opNum7.root
[COPY] event=15208, trackID=8, T0=-0.334158 -> /Volumes/ssd_zhang/thesis_michel/server_processing/t0_rootFiles/beam28806_new202602/wvf_applyCut_removeBeam/wvfFind_event15208_trackID8_opNum7_2.root
[COPY] event=15212, trackID=0, T0=-0.447042 -> /Volumes/ssd_zhang/thesis_michel/server_processing/t0_rootFiles/beam28806_new202602/wvf_applyCut_removeBeam/wvfFind_event15212_trackID0_opNum5.root
[COPY] event=15237, trackID=11, T0=-2.03752 -> /Volumes/ssd_zhang/thesis_michel/server_processing/t0_rootFiles/beam28806_new202602/wvf_applyCut_removeBeam/wvfFind_event15237_trackID11_opNum6.root
[COPY] event=15237, trackID=15, T0=-0.489411 -> /Volumes/ssd_zhang/thesis_michel/server_processing/t0_rootFiles/beam28806_new202602/wvf_applyCut_removeBeam/wvfFind_event15237_trackID15_opNum6_merged.root
[COPY] event=15248, trackID=15, T0=-1.26736 -> /Volumes/ssd_zhang/thesis_michel/server_processing/t0_rootFiles/beam28806_new202602/wvf_applyCut_removeBeam/wvfFind_event15248_trackID15_opNum7.root
[COPY] event=1524, trackID=27, T0=-2.058 -> /Volumes/ssd_zhang/thesis_michel/server_processing/t0_rootFiles/beam28806_new202602/wvf_applyCut_removeBeam/wvfFind_event1524_trackID27_opNum5_merged.root
[SKIP] (in range) event=15269, trackID=34, T0=-0.0769957
[SKIP] (in range) event=15269, trackID=34, T0=-0.0769957
[COPY] event=1527, trackID=0, T0=-0.18743 -> /Volumes/ssd_zhang/thesis_michel/server_processing/t0_rootFiles/beam28806_new202602/wvf_applyCut_removeBeam/wvfFind_event1527_trackID0_opNum9.root
[COPY] event=15290, trackID=4, T0=-1.33929 -> /Volumes/ssd_zhang/thesis_michel/server_processing/t0_rootFiles/beam28806_new202602/wvf_applyCut_removeBeam/wvfFind_event15290_trackID4_opNum4.root
[COPY] event=15290, trackID=4, T0=-1.33929 -> /Volumes/ssd_zhang/thesis_michel/server_processing/t0_rootFiles/beam28806_new202602/wvf_applyCut_removeBeam/wvfFind_event15290_trackID4_opNum4_2.root
[COPY] event=15331, trackID=5, T0=-1.85529 -> /Volumes/ssd_zhang/thesis_michel/server_processing/t0_rootFiles/beam28806_new202602/wvf_applyCut_removeBeam/wvfFind_event15331_trackID5_opNum5.root
[COPY] event=1533, trackID=9, T0=-0.238299 -> /Volumes/ssd_zhang/thesis_michel/server_processing/t0_rootFiles/beam28806_new202602/wvf_applyCut_removeBeam/wvfFind_event1533_trackID9_opNum8.root
[COPY] event=15343, trackID=2, T0=-0.491036 -> /Volumes/ssd_zhang/thesis_michel/server_processing/t0_rootFiles/beam28806_new202602/wvf_applyCut_removeBeam/wvfFind_event15343_trackID2_opNum4_merged.root
[COPY] event=15344, trackID=5, T0=0.229909 -> /Volumes/ssd_zhang/thesis_michel/server_processing/t0_rootFiles/beam28806_new202602/wvf_applyCut_removeBeam/wvfFind_event15344_trackID5_opNum5.root
[COPY] event=1534, trackID=23, T0=0.878359 -> /Volumes/ssd_zhang/thesis_michel/server_processing/t0_rootFiles/beam28806_new202602/wvf_applyCut_removeBeam/wvfFind_event1534_trackID23_opNum9.root
[SKIP] (in range) event=15376, trackID=13, T0=-0.07851
[COPY] event=15383, trackID=3, T0=-2.12238 -> /Volumes/ssd_zhang/thesis_michel/server_processing/t0_rootFiles/beam28806_new202602/wvf_applyCut_removeBeam/wvfFind_event15383_trackID3_opNum4.root
[COPY] event=15391, trackID=29, T0=0.298341 -> /Volumes/ssd_zhang/thesis_michel/server_processing/t0_rootFiles/beam28806_new202602/wvf_applyCut_removeBeam/wvfFind_event15391_trackID29_opNum7.root
[COPY] event=15402, trackID=7, T0=0.278354 -> /Volumes/ssd_zhang/thesis_michel/server_processing/t0_rootFiles/beam28806_new202602/wvf_applyCut_removeBeam/wvfFind_event15402_trackID7_opNum5.root
[COPY] event=15402, trackID=8, T0=-1.48744 -> /Volumes/ssd_zhang/thesis_michel/server_processing/t0_rootFiles/beam28806_new202602/wvf_applyCut_removeBeam/wvfFind_event15402_trackID8_opNum3.root
[COPY] event=15418, trackID=10, T0=-2.283 -> /Volumes/ssd_zhang/thesis_michel/server_processing/t0_rootFiles/beam28806_new202602/wvf_applyCut_removeBeam/wvfFind_event15418_trackID10_opNum4.root
[COPY] event=15459, trackID=5, T0=2.2802 -> /Volumes/ssd_zhang/thesis_michel/server_processing/t0_rootFiles/beam28806_new202602/wvf_applyCut_removeBeam/wvfFind_event15459_trackID5_opNum9.root
[COPY] event=15475, trackID=9, T0=-0.383482 -> /Volumes/ssd_zhang/thesis_michel/server_processing/t0_rootFiles/beam28806_new202602/wvf_applyCut_removeBeam/wvfFind_event15475_trackID9_opNum5.root
[COPY] event=15479, trackID=9, T0=-1.60941 -> /Volumes/ssd_zhang/thesis_michel/server_processing/t0_rootFiles/beam28806_new202602/wvf_applyCut_removeBeam/wvfFind_event15479_trackID9_opNum5.root
[COPY] event=15486, trackID=2, T0=-0.392239 -> /Volumes/ssd_zhang/thesis_michel/server_processing/t0_rootFiles/beam28806_new202602/wvf_applyCut_removeBeam/wvfFind_event15486_trackID2_opNum8.root
[COPY] event=15486, trackID=2, T0=-0.392239 -> /Volumes/ssd_zhang/thesis_michel/server_processing/t0_rootFiles/beam28806_new202602/wvf_applyCut_removeBeam/wvfFind_event15486_trackID2_opNum8_2.root
[COPY] event=15487, trackID=2, T0=-1.03525 -> /Volumes/ssd_zhang/thesis_michel/server_processing/t0_rootFiles/beam28806_new202602/wvf_applyCut_removeBeam/wvfFind_event15487_trackID2_opNum9.root
[COPY] event=15487, trackID=2, T0=-1.03525 -> /Volumes/ssd_zhang/thesis_michel/server_processing/t0_rootFiles/beam28806_new202602/wvf_applyCut_removeBeam/wvfFind_event15487_trackID2_opNum9_2.root
[COPY] event=15487, trackID=2, T0=-1.03525 -> /Volumes/ssd_zhang/thesis_michel/server_processing/t0_rootFiles/beam28806_new202602/wvf_applyCut_removeBeam/wvfFind_event15487_trackID2_opNum9_3.root
[COPY] event=15493, trackID=11, T0=-1.41649 -> /Volumes/ssd_zhang/thesis_michel/server_processing/t0_rootFiles/beam28806_new202602/wvf_applyCut_removeBeam/wvfFind_event15493_trackID11_opNum9.root
[COPY] event=15510, trackID=10, T0=-2.1053 -> /Volumes/ssd_zhang/thesis_michel/server_processing/t0_rootFiles/beam28806_new202602/wvf_applyCut_removeBeam/wvfFind_event15510_trackID10_opNum3.root
[COPY] event=15510, trackID=10, T0=-2.1053 -> /Volumes/ssd_zhang/thesis_michel/server_processing/t0_rootFiles/beam28806_new202602/wvf_applyCut_removeBeam/wvfFind_event15510_trackID10_opNum3_2.root
[COPY] event=1555, trackID=2, T0=-0.744733 -> /Volumes/ssd_zhang/thesis_michel/server_processing/t0_rootFiles/beam28806_new202602/wvf_applyCut_removeBeam/wvfFind_event1555_trackID2_opNum9.root
[COPY] event=15576, trackID=14, T0=0.0971212 -> /Volumes/ssd_zhang/thesis_michel/server_processing/t0_rootFiles/beam28806_new202602/wvf_applyCut_removeBeam/wvfFind_event15576_trackID14_opNum6_merged.root
[COPY] event=1557, trackID=10, T0=-1.39589 -> /Volumes/ssd_zhang/thesis_michel/server_processing/t0_rootFiles/beam28806_new202602/wvf_applyCut_removeBeam/wvfFind_event1557_trackID10_opNum7.root
[COPY] event=15599, trackID=0, T0=-0.00508975 -> /Volumes/ssd_zhang/thesis_michel/server_processing/t0_rootFiles/beam28806_new202602/wvf_applyCut_removeBeam/wvfFind_event15599_trackID0_opNum9.root
[SKIP] (in range) event=1560, trackID=25, T0=-0.0793162
[COPY] event=15618, trackID=3, T0=0.213467 -> /Volumes/ssd_zhang/thesis_michel/server_processing/t0_rootFiles/beam28806_new202602/wvf_applyCut_removeBeam/wvfFind_event15618_trackID3_opNum8.root
[COPY] event=15649, trackID=13, T0=-0.811694 -> /Volumes/ssd_zhang/thesis_michel/server_processing/t0_rootFiles/beam28806_new202602/wvf_applyCut_removeBeam/wvfFind_event15649_trackID13_opNum5.root
[COPY] event=15654, trackID=3, T0=-0.488574 -> /Volumes/ssd_zhang/thesis_michel/server_processing/t0_rootFiles/beam28806_new202602/wvf_applyCut_removeBeam/wvfFind_event15654_trackID3_opNum3.root
[COPY] event=15665, trackID=2, T0=-0.226201 -> /Volumes/ssd_zhang/thesis_michel/server_processing/t0_rootFiles/beam28806_new202602/wvf_applyCut_removeBeam/wvfFind_event15665_trackID2_opNum9.root
[COPY] event=1567, trackID=16, T0=-1.26098 -> /Volumes/ssd_zhang/thesis_michel/server_processing/t0_rootFiles/beam28806_new202602/wvf_applyCut_removeBeam/wvfFind_event1567_trackID16_opNum7_merged.root
[COPY] event=15701, trackID=13, T0=0.0554525 -> /Volumes/ssd_zhang/thesis_michel/server_processing/t0_rootFiles/beam28806_new202602/wvf_applyCut_removeBeam/wvfFind_event15701_trackID13_opNum9.root
[COPY] event=15714, trackID=25, T0=-1.12909 -> /Volumes/ssd_zhang/thesis_michel/server_processing/t0_rootFiles/beam28806_new202602/wvf_applyCut_removeBeam/wvfFind_event15714_trackID25_opNum8_merged.root
[COPY] event=15715, trackID=3, T0=-1.11777 -> /Volumes/ssd_zhang/thesis_michel/server_processing/t0_rootFiles/beam28806_new202602/wvf_applyCut_removeBeam/wvfFind_event15715_trackID3_opNum3.root
[COPY] event=15715, trackID=3, T0=-1.11777 -> /Volumes/ssd_zhang/thesis_michel/server_processing/t0_rootFiles/beam28806_new202602/wvf_applyCut_removeBeam/wvfFind_event15715_trackID3_opNum3_2.root
[COPY] event=15739, trackID=16, T0=-1.89335 -> /Volumes/ssd_zhang/thesis_michel/server_processing/t0_rootFiles/beam28806_new202602/wvf_applyCut_removeBeam/wvfFind_event15739_trackID16_opNum6_merged.root
[COPY] event=15740, trackID=3, T0=0.252636 -> /Volumes/ssd_zhang/thesis_michel/server_processing/t0_rootFiles/beam28806_new202602/wvf_applyCut_removeBeam/wvfFind_event15740_trackID3_opNum8.root
[COPY] event=1574, trackID=27, T0=-2.13922 -> /Volumes/ssd_zhang/thesis_michel/server_processing/t0_rootFiles/beam28806_new202602/wvf_applyCut_removeBeam/wvfFind_event1574_trackID27_opNum4.root
[COPY] event=1574, trackID=27, T0=-2.13922 -> /Volumes/ssd_zhang/thesis_michel/server_processing/t0_rootFiles/beam28806_new202602/wvf_applyCut_removeBeam/wvfFind_event1574_trackID27_opNum4_2.root
[COPY] event=15750, trackID=5, T0=-1.33722 -> /Volumes/ssd_zhang/thesis_michel/server_processing/t0_rootFiles/beam28806_new202602/wvf_applyCut_removeBeam/wvfFind_event15750_trackID5_opNum4.root
[COPY] event=15755, trackID=5, T0=-1.2978 -> /Volumes/ssd_zhang/thesis_michel/server_processing/t0_rootFiles/beam28806_new202602/wvf_applyCut_removeBeam/wvfFind_event15755_trackID5_opNum3.root
[COPY] event=15769, trackID=9, T0=0.00946758 -> /Volumes/ssd_zhang/thesis_michel/server_processing/t0_rootFiles/beam28806_new202602/wvf_applyCut_removeBeam/wvfFind_event15769_trackID9_opNum5.root
[COPY] event=15784, trackID=5, T0=-1.9511 -> /Volumes/ssd_zhang/thesis_michel/server_processing/t0_rootFiles/beam28806_new202602/wvf_applyCut_removeBeam/wvfFind_event15784_trackID5_opNum4.root
[COPY] event=15791, trackID=29, T0=-1.93157 -> /Volumes/ssd_zhang/thesis_michel/server_processing/t0_rootFiles/beam28806_new202602/wvf_applyCut_removeBeam/wvfFind_event15791_trackID29_opNum6.root
[COPY] event=15807, trackID=10, T0=-1.45477 -> /Volumes/ssd_zhang/thesis_michel/server_processing/t0_rootFiles/beam28806_new202602/wvf_applyCut_removeBeam/wvfFind_event15807_trackID10_opNum6_2.root
[COPY] event=15807, trackID=10, T0=-1.45477 -> /Volumes/ssd_zhang/thesis_michel/server_processing/t0_rootFiles/beam28806_new202602/wvf_applyCut_removeBeam/wvfFind_event15807_trackID10_opNum8_merged.root
[COPY] event=15808, trackID=15, T0=-2.29028 -> /Volumes/ssd_zhang/thesis_michel/server_processing/t0_rootFiles/beam28806_new202602/wvf_applyCut_removeBeam/wvfFind_event15808_trackID15_opNum9.root
[COPY] event=15817, trackID=13, T0=-0.317169 -> /Volumes/ssd_zhang/thesis_michel/server_processing/t0_rootFiles/beam28806_new202602/wvf_applyCut_removeBeam/wvfFind_event15817_trackID13_opNum5.root
[COPY] event=15817, trackID=13, T0=-0.317169 -> /Volumes/ssd_zhang/thesis_michel/server_processing/t0_rootFiles/beam28806_new202602/wvf_applyCut_removeBeam/wvfFind_event15817_trackID13_opNum5_2.root
[COPY] event=15849, trackID=20, T0=0.464438 -> /Volumes/ssd_zhang/thesis_michel/server_processing/t0_rootFiles/beam28806_new202602/wvf_applyCut_removeBeam/wvfFind_event15849_trackID20_opNum6.root
[COPY] event=15850, trackID=17, T0=-1.87518 -> /Volumes/ssd_zhang/thesis_michel/server_processing/t0_rootFiles/beam28806_new202602/wvf_applyCut_removeBeam/wvfFind_event15850_trackID17_opNum3.root
[COPY] event=15850, trackID=17, T0=-1.87518 -> /Volumes/ssd_zhang/thesis_michel/server_processing/t0_rootFiles/beam28806_new202602/wvf_applyCut_removeBeam/wvfFind_event15850_trackID17_opNum3_2.root
[COPY] event=15870, trackID=13, T0=0.45533 -> /Volumes/ssd_zhang/thesis_michel/server_processing/t0_rootFiles/beam28806_new202602/wvf_applyCut_removeBeam/wvfFind_event15870_trackID13_opNum9.root
[COPY] event=1588, trackID=0, T0=-1.06626 -> /Volumes/ssd_zhang/thesis_michel/server_processing/t0_rootFiles/beam28806_new202602/wvf_applyCut_removeBeam/wvfFind_event1588_trackID0_opNum9.root
[COPY] event=15916, trackID=3, T0=-0.790018 -> /Volumes/ssd_zhang/thesis_michel/server_processing/t0_rootFiles/beam28806_new202602/wvf_applyCut_removeBeam/wvfFind_event15916_trackID3_opNum9.root
[COPY] event=15945, trackID=14, T0=-1.97465 -> /Volumes/ssd_zhang/thesis_michel/server_processing/t0_rootFiles/beam28806_new202602/wvf_applyCut_removeBeam/wvfFind_event15945_trackID14_opNum9.root
[COPY] event=15947, trackID=6, T0=-1.80761 -> /Volumes/ssd_zhang/thesis_michel/server_processing/t0_rootFiles/beam28806_new202602/wvf_applyCut_removeBeam/wvfFind_event15947_trackID6_opNum9.root
[COPY] event=15953, trackID=26, T0=-2.1109 -> /Volumes/ssd_zhang/thesis_michel/server_processing/t0_rootFiles/beam28806_new202602/wvf_applyCut_removeBeam/wvfFind_event15953_trackID26_opNum6.root
[COPY] event=1595, trackID=16, T0=0.326028 -> /Volumes/ssd_zhang/thesis_michel/server_processing/t0_rootFiles/beam28806_new202602/wvf_applyCut_removeBeam/wvfFind_event1595_trackID16_opNum5_merged.root
[COPY] event=15962, trackID=16, T0=-2.07283 -> /Volumes/ssd_zhang/thesis_michel/server_processing/t0_rootFiles/beam28806_new202602/wvf_applyCut_removeBeam/wvfFind_event15962_trackID16_opNum5.root
[COPY] event=1596, trackID=20, T0=-2.35739 -> /Volumes/ssd_zhang/thesis_michel/server_processing/t0_rootFiles/beam28806_new202602/wvf_applyCut_removeBeam/wvfFind_event1596_trackID20_opNum3.root
[COPY] event=15993, trackID=13, T0=-2.01032 -> /Volumes/ssd_zhang/thesis_michel/server_processing/t0_rootFiles/beam28806_new202602/wvf_applyCut_removeBeam/wvfFind_event15993_trackID13_opNum9.root
[COPY] event=15999, trackID=13, T0=-2.07657 -> /Volumes/ssd_zhang/thesis_michel/server_processing/t0_rootFiles/beam28806_new202602/wvf_applyCut_removeBeam/wvfFind_event15999_trackID13_opNum9.root
[COPY] event=16054, trackID=28, T0=-2.39405 -> /Volumes/ssd_zhang/thesis_michel/server_processing/t0_rootFiles/beam28806_new202602/wvf_applyCut_removeBeam/wvfFind_event16054_trackID28_opNum7.root
[COPY] event=1607, trackID=17, T0=-0.150269 -> /Volumes/ssd_zhang/thesis_michel/server_processing/t0_rootFiles/beam28806_new202602/wvf_applyCut_removeBeam/wvfFind_event1607_trackID17_opNum9.root
[COPY] event=16102, trackID=3, T0=-1.12581 -> /Volumes/ssd_zhang/thesis_michel/server_processing/t0_rootFiles/beam28806_new202602/wvf_applyCut_removeBeam/wvfFind_event16102_trackID3_opNum4.root
[COPY] event=16112, trackID=6, T0=-0.477192 -> /Volumes/ssd_zhang/thesis_michel/server_processing/t0_rootFiles/beam28806_new202602/wvf_applyCut_removeBeam/wvfFind_event16112_trackID6_opNum3.root
[COPY] event=16118, trackID=3, T0=-0.805149 -> /Volumes/ssd_zhang/thesis_michel/server_processing/t0_rootFiles/beam28806_new202602/wvf_applyCut_removeBeam/wvfFind_event16118_trackID3_opNum8.root
[COPY] event=16137, trackID=12, T0=-1.04158 -> /Volumes/ssd_zhang/thesis_michel/server_processing/t0_rootFiles/beam28806_new202602/wvf_applyCut_removeBeam/wvfFind_event16137_trackID12_opNum5.root
[COPY] event=1615, trackID=1, T0=0.436443 -> /Volumes/ssd_zhang/thesis_michel/server_processing/t0_rootFiles/beam28806_new202602/wvf_applyCut_removeBeam/wvfFind_event1615_trackID1_opNum3.root
[COPY] event=16199, trackID=12, T0=-0.933965 -> /Volumes/ssd_zhang/thesis_michel/server_processing/t0_rootFiles/beam28806_new202602/wvf_applyCut_removeBeam/wvfFind_event16199_trackID12_opNum6.root
[COPY] event=16199, trackID=4, T0=-2.2264 -> /Volumes/ssd_zhang/thesis_michel/server_processing/t0_rootFiles/beam28806_new202602/wvf_applyCut_removeBeam/wvfFind_event16199_trackID4_opNum7_merged.root
[COPY] event=16208, trackID=10, T0=-2.08905 -> /Volumes/ssd_zhang/thesis_michel/server_processing/t0_rootFiles/beam28806_new202602/wvf_applyCut_removeBeam/wvfFind_event16208_trackID10_opNum3.root
[COPY] event=16208, trackID=10, T0=-2.08905 -> /Volumes/ssd_zhang/thesis_michel/server_processing/t0_rootFiles/beam28806_new202602/wvf_applyCut_removeBeam/wvfFind_event16208_trackID10_opNum3_2.root
[COPY] event=1620, trackID=3, T0=-1.93918 -> /Volumes/ssd_zhang/thesis_michel/server_processing/t0_rootFiles/beam28806_new202602/wvf_applyCut_removeBeam/wvfFind_event1620_trackID3_opNum5.root
[COPY] event=16234, trackID=2, T0=-1.59818 -> /Volumes/ssd_zhang/thesis_michel/server_processing/t0_rootFiles/beam28806_new202602/wvf_applyCut_removeBeam/wvfFind_event16234_trackID2_opNum9.root
[COPY] event=16236, trackID=7, T0=-1.00738 -> /Volumes/ssd_zhang/thesis_michel/server_processing/t0_rootFiles/beam28806_new202602/wvf_applyCut_removeBeam/wvfFind_event16236_trackID7_opNum5.root
[COPY] event=16236, trackID=7, T0=-1.00738 -> /Volumes/ssd_zhang/thesis_michel/server_processing/t0_rootFiles/beam28806_new202602/wvf_applyCut_removeBeam/wvfFind_event16236_trackID7_opNum5_2.root
[COPY] event=16242, trackID=11, T0=-1.39865 -> /Volumes/ssd_zhang/thesis_michel/server_processing/t0_rootFiles/beam28806_new202602/wvf_applyCut_removeBeam/wvfFind_event16242_trackID11_opNum3.root
[COPY] event=1624, trackID=13, T0=-1.40539 -> /Volumes/ssd_zhang/thesis_michel/server_processing/t0_rootFiles/beam28806_new202602/wvf_applyCut_removeBeam/wvfFind_event1624_trackID13_opNum5_merged.root
[COPY] event=16254, trackID=1, T0=0.239471 -> /Volumes/ssd_zhang/thesis_michel/server_processing/t0_rootFiles/beam28806_new202602/wvf_applyCut_removeBeam/wvfFind_event16254_trackID1_opNum5.root
[COPY] event=16288, trackID=18, T0=-0.652992 -> /Volumes/ssd_zhang/thesis_michel/server_processing/t0_rootFiles/beam28806_new202602/wvf_applyCut_removeBeam/wvfFind_event16288_trackID18_opNum9.root
[COPY] event=16292, trackID=4, T0=-1.99827 -> /Volumes/ssd_zhang/thesis_michel/server_processing/t0_rootFiles/beam28806_new202602/wvf_applyCut_removeBeam/wvfFind_event16292_trackID4_opNum4.root
[COPY] event=16294, trackID=9, T0=-1.95297 -> /Volumes/ssd_zhang/thesis_michel/server_processing/t0_rootFiles/beam28806_new202602/wvf_applyCut_removeBeam/wvfFind_event16294_trackID9_opNum8.root
[COPY] event=16301, trackID=4, T0=-0.14468 -> /Volumes/ssd_zhang/thesis_michel/server_processing/t0_rootFiles/beam28806_new202602/wvf_applyCut_removeBeam/wvfFind_event16301_trackID4_opNum9.root
[COPY] event=16301, trackID=7, T0=-0.587074 -> /Volumes/ssd_zhang/thesis_michel/server_processing/t0_rootFiles/beam28806_new202602/wvf_applyCut_removeBeam/wvfFind_event16301_trackID7_opNum7.root
[COPY] event=16320, trackID=15, T0=-2.08771 -> /Volumes/ssd_zhang/thesis_michel/server_processing/t0_rootFiles/beam28806_new202602/wvf_applyCut_removeBeam/wvfFind_event16320_trackID15_opNum4.root
[COPY] event=16322, trackID=12, T0=-0.780973 -> /Volumes/ssd_zhang/thesis_michel/server_processing/t0_rootFiles/beam28806_new202602/wvf_applyCut_removeBeam/wvfFind_event16322_trackID12_opNum8.root
[SKIP] (in range) event=16333, trackID=6, T0=-0.114663
[SKIP] (in range) event=16333, trackID=6, T0=-0.114663
[COPY] event=16336, trackID=10, T0=-2.22182 -> /Volumes/ssd_zhang/thesis_michel/server_processing/t0_rootFiles/beam28806_new202602/wvf_applyCut_removeBeam/wvfFind_event16336_trackID10_opNum9.root
[COPY] event=16345, trackID=11, T0=-0.463859 -> /Volumes/ssd_zhang/thesis_michel/server_processing/t0_rootFiles/beam28806_new202602/wvf_applyCut_removeBeam/wvfFind_event16345_trackID11_opNum4.root
[COPY] event=16348, trackID=0, T0=-0.371343 -> /Volumes/ssd_zhang/thesis_michel/server_processing/t0_rootFiles/beam28806_new202602/wvf_applyCut_removeBeam/wvfFind_event16348_trackID0_opNum9.root
[COPY] event=16357, trackID=17, T0=-1.89851 -> /Volumes/ssd_zhang/thesis_michel/server_processing/t0_rootFiles/beam28806_new202602/wvf_applyCut_removeBeam/wvfFind_event16357_trackID17_opNum6.root
[COPY] event=16375, trackID=9, T0=-0.754579 -> /Volumes/ssd_zhang/thesis_michel/server_processing/t0_rootFiles/beam28806_new202602/wvf_applyCut_removeBeam/wvfFind_event16375_trackID9_opNum6.root
[COPY] event=16408, trackID=12, T0=-0.780038 -> /Volumes/ssd_zhang/thesis_michel/server_processing/t0_rootFiles/beam28806_new202602/wvf_applyCut_removeBeam/wvfFind_event16408_trackID12_opNum5_merged.root
[COPY] event=16444, trackID=5, T0=-2.39888 -> /Volumes/ssd_zhang/thesis_michel/server_processing/t0_rootFiles/beam28806_new202602/wvf_applyCut_removeBeam/wvfFind_event16444_trackID5_opNum5.root
[COPY] event=1644, trackID=14, T0=0.265657 -> /Volumes/ssd_zhang/thesis_michel/server_processing/t0_rootFiles/beam28806_new202602/wvf_applyCut_removeBeam/wvfFind_event1644_trackID14_opNum5.root
[COPY] event=16477, trackID=2, T0=0.452344 -> /Volumes/ssd_zhang/thesis_michel/server_processing/t0_rootFiles/beam28806_new202602/wvf_applyCut_removeBeam/wvfFind_event16477_trackID2_opNum9.root
[COPY] event=16478, trackID=22, T0=-2.02068 -> /Volumes/ssd_zhang/thesis_michel/server_processing/t0_rootFiles/beam28806_new202602/wvf_applyCut_removeBeam/wvfFind_event16478_trackID22_opNum9.root
[SKIP] (in range) event=16485, trackID=1, T0=-0.0384423
[COPY] event=16487, trackID=12, T0=0.282569 -> /Volumes/ssd_zhang/thesis_michel/server_processing/t0_rootFiles/beam28806_new202602/wvf_applyCut_removeBeam/wvfFind_event16487_trackID12_opNum8.root
[COPY] event=16493, trackID=18, T0=-2.16463 -> /Volumes/ssd_zhang/thesis_michel/server_processing/t0_rootFiles/beam28806_new202602/wvf_applyCut_removeBeam/wvfFind_event16493_trackID18_opNum9.root
[COPY] event=16521, trackID=6, T0=-0.5501 -> /Volumes/ssd_zhang/thesis_michel/server_processing/t0_rootFiles/beam28806_new202602/wvf_applyCut_removeBeam/wvfFind_event16521_trackID6_opNum8_merged.root
[COPY] event=16534, trackID=1, T0=-0.841126 -> /Volumes/ssd_zhang/thesis_michel/server_processing/t0_rootFiles/beam28806_new202602/wvf_applyCut_removeBeam/wvfFind_event16534_trackID1_opNum4.root
[COPY] event=16561, trackID=10, T0=-2.11936 -> /Volumes/ssd_zhang/thesis_michel/server_processing/t0_rootFiles/beam28806_new202602/wvf_applyCut_removeBeam/wvfFind_event16561_trackID10_opNum5.root
[COPY] event=16570, trackID=1, T0=0.280079 -> /Volumes/ssd_zhang/thesis_michel/server_processing/t0_rootFiles/beam28806_new202602/wvf_applyCut_removeBeam/wvfFind_event16570_trackID1_opNum4.root
[COPY] event=16577, trackID=11, T0=-1.33292 -> /Volumes/ssd_zhang/thesis_michel/server_processing/t0_rootFiles/beam28806_new202602/wvf_applyCut_removeBeam/wvfFind_event16577_trackID11_opNum4_merged.root
[SKIP] (in range) event=1657, trackID=6, T0=-0.0739845
[COPY] event=16587, trackID=6, T0=-0.59244 -> /Volumes/ssd_zhang/thesis_michel/server_processing/t0_rootFiles/beam28806_new202602/wvf_applyCut_removeBeam/wvfFind_event16587_trackID6_opNum5.root
[COPY] event=16610, trackID=3, T0=-1.18751 -> /Volumes/ssd_zhang/thesis_michel/server_processing/t0_rootFiles/beam28806_new202602/wvf_applyCut_removeBeam/wvfFind_event16610_trackID3_opNum5.root
[COPY] event=16652, trackID=5, T0=-1.86015 -> /Volumes/ssd_zhang/thesis_michel/server_processing/t0_rootFiles/beam28806_new202602/wvf_applyCut_removeBeam/wvfFind_event16652_trackID5_opNum4_merged.root
[COPY] event=16663, trackID=12, T0=-2.10807 -> /Volumes/ssd_zhang/thesis_michel/server_processing/t0_rootFiles/beam28806_new202602/wvf_applyCut_removeBeam/wvfFind_event16663_trackID12_opNum8.root
[COPY] event=16688, trackID=11, T0=-1.69822 -> /Volumes/ssd_zhang/thesis_michel/server_processing/t0_rootFiles/beam28806_new202602/wvf_applyCut_removeBeam/wvfFind_event16688_trackID11_opNum9.root
[COPY] event=16712, trackID=8, T0=0.112913 -> /Volumes/ssd_zhang/thesis_michel/server_processing/t0_rootFiles/beam28806_new202602/wvf_applyCut_removeBeam/wvfFind_event16712_trackID8_opNum9.root
[COPY] event=16713, trackID=6, T0=-0.917039 -> /Volumes/ssd_zhang/thesis_michel/server_processing/t0_rootFiles/beam28806_new202602/wvf_applyCut_removeBeam/wvfFind_event16713_trackID6_opNum8_merged.root
[COPY] event=16753, trackID=7, T0=-1.28291 -> /Volumes/ssd_zhang/thesis_michel/server_processing/t0_rootFiles/beam28806_new202602/wvf_applyCut_removeBeam/wvfFind_event16753_trackID7_opNum4.root
[COPY] event=1677, trackID=15, T0=0.406563 -> /Volumes/ssd_zhang/thesis_michel/server_processing/t0_rootFiles/beam28806_new202602/wvf_applyCut_removeBeam/wvfFind_event1677_trackID15_opNum9.root
[COPY] event=16780, trackID=8, T0=0.471738 -> /Volumes/ssd_zhang/thesis_michel/server_processing/t0_rootFiles/beam28806_new202602/wvf_applyCut_removeBeam/wvfFind_event16780_trackID8_opNum6_merged.root
[COPY] event=16782, trackID=26, T0=0.369541 -> /Volumes/ssd_zhang/thesis_michel/server_processing/t0_rootFiles/beam28806_new202602/wvf_applyCut_removeBeam/wvfFind_event16782_trackID26_opNum7.root
[COPY] event=16785, trackID=4, T0=-1.56423 -> /Volumes/ssd_zhang/thesis_michel/server_processing/t0_rootFiles/beam28806_new202602/wvf_applyCut_removeBeam/wvfFind_event16785_trackID4_opNum6.root
[COPY] event=1680, trackID=11, T0=-1.49079 -> /Volumes/ssd_zhang/thesis_michel/server_processing/t0_rootFiles/beam28806_new202602/wvf_applyCut_removeBeam/wvfFind_event1680_trackID11_opNum9.root
[COPY] event=16825, trackID=15, T0=-2.20626 -> /Volumes/ssd_zhang/thesis_michel/server_processing/t0_rootFiles/beam28806_new202602/wvf_applyCut_removeBeam/wvfFind_event16825_trackID15_opNum4.root
[COPY] event=16841, trackID=9, T0=-2.33061 -> /Volumes/ssd_zhang/thesis_michel/server_processing/t0_rootFiles/beam28806_new202602/wvf_applyCut_removeBeam/wvfFind_event16841_trackID9_opNum9.root
[COPY] event=16841, trackID=9, T0=-2.33061 -> /Volumes/ssd_zhang/thesis_michel/server_processing/t0_rootFiles/beam28806_new202602/wvf_applyCut_removeBeam/wvfFind_event16841_trackID9_opNum9_2.root
[COPY] event=16846, trackID=9, T0=-0.699605 -> /Volumes/ssd_zhang/thesis_michel/server_processing/t0_rootFiles/beam28806_new202602/wvf_applyCut_removeBeam/wvfFind_event16846_trackID9_opNum9_merged.root
[COPY] event=16863, trackID=3, T0=-0.584047 -> /Volumes/ssd_zhang/thesis_michel/server_processing/t0_rootFiles/beam28806_new202602/wvf_applyCut_removeBeam/wvfFind_event16863_trackID3_opNum6_merged.root
[COPY] event=16883, trackID=20, T0=0.0550311 -> /Volumes/ssd_zhang/thesis_michel/server_processing/t0_rootFiles/beam28806_new202602/wvf_applyCut_removeBeam/wvfFind_event16883_trackID20_opNum6_merged.root
[COPY] event=16887, trackID=8, T0=-0.282609 -> /Volumes/ssd_zhang/thesis_michel/server_processing/t0_rootFiles/beam28806_new202602/wvf_applyCut_removeBeam/wvfFind_event16887_trackID8_opNum9.root
[COPY] event=16919, trackID=24, T0=-0.565975 -> /Volumes/ssd_zhang/thesis_michel/server_processing/t0_rootFiles/beam28806_new202602/wvf_applyCut_removeBeam/wvfFind_event16919_trackID24_opNum3.root
[COPY] event=16926, trackID=5, T0=-2.1445 -> /Volumes/ssd_zhang/thesis_michel/server_processing/t0_rootFiles/beam28806_new202602/wvf_applyCut_removeBeam/wvfFind_event16926_trackID5_opNum5.root
[COPY] event=16930, trackID=3, T0=-0.373907 -> /Volumes/ssd_zhang/thesis_michel/server_processing/t0_rootFiles/beam28806_new202602/wvf_applyCut_removeBeam/wvfFind_event16930_trackID3_opNum4.root
[COPY] event=16941, trackID=27, T0=-2.4144 -> /Volumes/ssd_zhang/thesis_michel/server_processing/t0_rootFiles/beam28806_new202602/wvf_applyCut_removeBeam/wvfFind_event16941_trackID27_opNum4.root
[COPY] event=16945, trackID=10, T0=-0.866476 -> /Volumes/ssd_zhang/thesis_michel/server_processing/t0_rootFiles/beam28806_new202602/wvf_applyCut_removeBeam/wvfFind_event16945_trackID10_opNum9.root
[COPY] event=16953, trackID=9, T0=-1.50656 -> /Volumes/ssd_zhang/thesis_michel/server_processing/t0_rootFiles/beam28806_new202602/wvf_applyCut_removeBeam/wvfFind_event16953_trackID9_opNum9.root
[COPY] event=16974, trackID=5, T0=0.400732 -> /Volumes/ssd_zhang/thesis_michel/server_processing/t0_rootFiles/beam28806_new202602/wvf_applyCut_removeBeam/wvfFind_event16974_trackID5_opNum4.root
[COPY] event=16974, trackID=5, T0=0.400732 -> /Volumes/ssd_zhang/thesis_michel/server_processing/t0_rootFiles/beam28806_new202602/wvf_applyCut_removeBeam/wvfFind_event16974_trackID5_opNum4_2.root
[COPY] event=16980, trackID=8, T0=-1.66634 -> /Volumes/ssd_zhang/thesis_michel/server_processing/t0_rootFiles/beam28806_new202602/wvf_applyCut_removeBeam/wvfFind_event16980_trackID8_opNum5_merged.root
[COPY] event=16984, trackID=5, T0=-1.2108 -> /Volumes/ssd_zhang/thesis_michel/server_processing/t0_rootFiles/beam28806_new202602/wvf_applyCut_removeBeam/wvfFind_event16984_trackID5_opNum4.root
[COPY] event=16987, trackID=14, T0=-1.61913 -> /Volumes/ssd_zhang/thesis_michel/server_processing/t0_rootFiles/beam28806_new202602/wvf_applyCut_removeBeam/wvfFind_event16987_trackID14_opNum9.root
[COPY] event=17008, trackID=6, T0=-0.122664 -> /Volumes/ssd_zhang/thesis_michel/server_processing/t0_rootFiles/beam28806_new202602/wvf_applyCut_removeBeam/wvfFind_event17008_trackID6_opNum8.root
[COPY] event=17016, trackID=6, T0=0.165865 -> /Volumes/ssd_zhang/thesis_michel/server_processing/t0_rootFiles/beam28806_new202602/wvf_applyCut_removeBeam/wvfFind_event17016_trackID6_opNum3_merged.root
[COPY] event=17060, trackID=13, T0=0.453816 -> /Volumes/ssd_zhang/thesis_michel/server_processing/t0_rootFiles/beam28806_new202602/wvf_applyCut_removeBeam/wvfFind_event17060_trackID13_opNum9.root
[COPY] event=17067, trackID=19, T0=-2.04107 -> /Volumes/ssd_zhang/thesis_michel/server_processing/t0_rootFiles/beam28806_new202602/wvf_applyCut_removeBeam/wvfFind_event17067_trackID19_opNum9_merged.root
[COPY] event=17070, trackID=10, T0=-1.5867 -> /Volumes/ssd_zhang/thesis_michel/server_processing/t0_rootFiles/beam28806_new202602/wvf_applyCut_removeBeam/wvfFind_event17070_trackID10_opNum5.root
[COPY] event=1707, trackID=8, T0=-0.244094 -> /Volumes/ssd_zhang/thesis_michel/server_processing/t0_rootFiles/beam28806_new202602/wvf_applyCut_removeBeam/wvfFind_event1707_trackID8_opNum5.root
[COPY] event=170, trackID=10, T0=-1.4915 -> /Volumes/ssd_zhang/thesis_michel/server_processing/t0_rootFiles/beam28806_new202602/wvf_applyCut_removeBeam/wvfFind_event170_trackID10_opNum6.root
[COPY] event=17100, trackID=17, T0=0.201376 -> /Volumes/ssd_zhang/thesis_michel/server_processing/t0_rootFiles/beam28806_new202602/wvf_applyCut_removeBeam/wvfFind_event17100_trackID17_opNum8.root
[COPY] event=17105, trackID=5, T0=-0.656629 -> /Volumes/ssd_zhang/thesis_michel/server_processing/t0_rootFiles/beam28806_new202602/wvf_applyCut_removeBeam/wvfFind_event17105_trackID5_opNum8.root
[COPY] event=17108, trackID=0, T0=-0.952372 -> /Volumes/ssd_zhang/thesis_michel/server_processing/t0_rootFiles/beam28806_new202602/wvf_applyCut_removeBeam/wvfFind_event17108_trackID0_opNum4_merged.root
[COPY] event=17116, trackID=0, T0=-0.564518 -> /Volumes/ssd_zhang/thesis_michel/server_processing/t0_rootFiles/beam28806_new202602/wvf_applyCut_removeBeam/wvfFind_event17116_trackID0_opNum6.root
[COPY] event=17176, trackID=3, T0=-1.73907 -> /Volumes/ssd_zhang/thesis_michel/server_processing/t0_rootFiles/beam28806_new202602/wvf_applyCut_removeBeam/wvfFind_event17176_trackID3_opNum5.root
[COPY] event=17179, trackID=1, T0=-1.39 -> /Volumes/ssd_zhang/thesis_michel/server_processing/t0_rootFiles/beam28806_new202602/wvf_applyCut_removeBeam/wvfFind_event17179_trackID1_opNum9_merged.root
[COPY] event=17182, trackID=15, T0=-0.872927 -> /Volumes/ssd_zhang/thesis_michel/server_processing/t0_rootFiles/beam28806_new202602/wvf_applyCut_removeBeam/wvfFind_event17182_trackID15_opNum9.root
[COPY] event=17232, trackID=12, T0=-0.149902 -> /Volumes/ssd_zhang/thesis_michel/server_processing/t0_rootFiles/beam28806_new202602/wvf_applyCut_removeBeam/wvfFind_event17232_trackID12_opNum3.root
[COPY] event=17254, trackID=1, T0=-0.677819 -> /Volumes/ssd_zhang/thesis_michel/server_processing/t0_rootFiles/beam28806_new202602/wvf_applyCut_removeBeam/wvfFind_event17254_trackID1_opNum7.root
[COPY] event=17257, trackID=7, T0=-1.61425 -> /Volumes/ssd_zhang/thesis_michel/server_processing/t0_rootFiles/beam28806_new202602/wvf_applyCut_removeBeam/wvfFind_event17257_trackID7_opNum9.root
[COPY] event=17260, trackID=3, T0=-0.180286 -> /Volumes/ssd_zhang/thesis_michel/server_processing/t0_rootFiles/beam28806_new202602/wvf_applyCut_removeBeam/wvfFind_event17260_trackID3_opNum5.root
[COPY] event=17265, trackID=34, T0=-2.436 -> /Volumes/ssd_zhang/thesis_michel/server_processing/t0_rootFiles/beam28806_new202602/wvf_applyCut_removeBeam/wvfFind_event17265_trackID34_opNum8.root
[COPY] event=17271, trackID=7, T0=-0.691631 -> /Volumes/ssd_zhang/thesis_michel/server_processing/t0_rootFiles/beam28806_new202602/wvf_applyCut_removeBeam/wvfFind_event17271_trackID7_opNum6.root
[COPY] event=17284, trackID=4, T0=-1.70613 -> /Volumes/ssd_zhang/thesis_michel/server_processing/t0_rootFiles/beam28806_new202602/wvf_applyCut_removeBeam/wvfFind_event17284_trackID4_opNum6_merged.root
[COPY] event=17285, trackID=9, T0=0.132507 -> /Volumes/ssd_zhang/thesis_michel/server_processing/t0_rootFiles/beam28806_new202602/wvf_applyCut_removeBeam/wvfFind_event17285_trackID9_opNum5.root
[COPY] event=17316, trackID=16, T0=-0.42691 -> /Volumes/ssd_zhang/thesis_michel/server_processing/t0_rootFiles/beam28806_new202602/wvf_applyCut_removeBeam/wvfFind_event17316_trackID16_opNum8_merged.root
[COPY] event=17324, trackID=25, T0=-2.18543 -> /Volumes/ssd_zhang/thesis_michel/server_processing/t0_rootFiles/beam28806_new202602/wvf_applyCut_removeBeam/wvfFind_event17324_trackID25_opNum7.root
[COPY] event=17330, trackID=10, T0=-1.39729 -> /Volumes/ssd_zhang/thesis_michel/server_processing/t0_rootFiles/beam28806_new202602/wvf_applyCut_removeBeam/wvfFind_event17330_trackID10_opNum8.root
[COPY] event=17358, trackID=3, T0=0.41146 -> /Volumes/ssd_zhang/thesis_michel/server_processing/t0_rootFiles/beam28806_new202602/wvf_applyCut_removeBeam/wvfFind_event17358_trackID3_opNum5.root
[COPY] event=17358, trackID=3, T0=0.41146 -> /Volumes/ssd_zhang/thesis_michel/server_processing/t0_rootFiles/beam28806_new202602/wvf_applyCut_removeBeam/wvfFind_event17358_trackID3_opNum5_2.root
[COPY] event=17362, trackID=12, T0=-1.37424 -> /Volumes/ssd_zhang/thesis_michel/server_processing/t0_rootFiles/beam28806_new202602/wvf_applyCut_removeBeam/wvfFind_event17362_trackID12_opNum9.root
[COPY] event=17390, trackID=0, T0=-1.8123 -> /Volumes/ssd_zhang/thesis_michel/server_processing/t0_rootFiles/beam28806_new202602/wvf_applyCut_removeBeam/wvfFind_event17390_trackID0_opNum5.root
[COPY] event=17392, trackID=15, T0=-2.07465 -> /Volumes/ssd_zhang/thesis_michel/server_processing/t0_rootFiles/beam28806_new202602/wvf_applyCut_removeBeam/wvfFind_event17392_trackID15_opNum3.root
[COPY] event=17393, trackID=2, T0=-2.39605 -> /Volumes/ssd_zhang/thesis_michel/server_processing/t0_rootFiles/beam28806_new202602/wvf_applyCut_removeBeam/wvfFind_event17393_trackID2_opNum7_merged.root
[COPY] event=17399, trackID=6, T0=0.168422 -> /Volumes/ssd_zhang/thesis_michel/server_processing/t0_rootFiles/beam28806_new202602/wvf_applyCut_removeBeam/wvfFind_event17399_trackID6_opNum9_merged.root
[COPY] event=1739, trackID=10, T0=0.154441 -> /Volumes/ssd_zhang/thesis_michel/server_processing/t0_rootFiles/beam28806_new202602/wvf_applyCut_removeBeam/wvfFind_event1739_trackID10_opNum3_merged.root
[COPY] event=17401, trackID=8, T0=0.104283 -> /Volumes/ssd_zhang/thesis_michel/server_processing/t0_rootFiles/beam28806_new202602/wvf_applyCut_removeBeam/wvfFind_event17401_trackID8_opNum6_merged.root
[SKIP] (in range) event=17414, trackID=10, T0=-0.0983197
[COPY] event=1741, trackID=5, T0=-0.470533 -> /Volumes/ssd_zhang/thesis_michel/server_processing/t0_rootFiles/beam28806_new202602/wvf_applyCut_removeBeam/wvfFind_event1741_trackID5_opNum8.root
[COPY] event=1741, trackID=5, T0=-0.470533 -> /Volumes/ssd_zhang/thesis_michel/server_processing/t0_rootFiles/beam28806_new202602/wvf_applyCut_removeBeam/wvfFind_event1741_trackID5_opNum8_2.root
[COPY] event=17435, trackID=1, T0=-0.37294 -> /Volumes/ssd_zhang/thesis_michel/server_processing/t0_rootFiles/beam28806_new202602/wvf_applyCut_removeBeam/wvfFind_event17435_trackID1_opNum9.root
[COPY] event=17458, trackID=14, T0=-1.92766 -> /Volumes/ssd_zhang/thesis_michel/server_processing/t0_rootFiles/beam28806_new202602/wvf_applyCut_removeBeam/wvfFind_event17458_trackID14_opNum9.root
[COPY] event=17482, trackID=4, T0=-0.555856 -> /Volumes/ssd_zhang/thesis_michel/server_processing/t0_rootFiles/beam28806_new202602/wvf_applyCut_removeBeam/wvfFind_event17482_trackID4_opNum5_merged.root
[COPY] event=17485, trackID=6, T0=-1.6518 -> /Volumes/ssd_zhang/thesis_michel/server_processing/t0_rootFiles/beam28806_new202602/wvf_applyCut_removeBeam/wvfFind_event17485_trackID6_opNum9.root
[COPY] event=17492, trackID=4, T0=0.450013 -> /Volumes/ssd_zhang/thesis_michel/server_processing/t0_rootFiles/beam28806_new202602/wvf_applyCut_removeBeam/wvfFind_event17492_trackID4_opNum9.root
[COPY] event=17492, trackID=4, T0=0.450013 -> /Volumes/ssd_zhang/thesis_michel/server_processing/t0_rootFiles/beam28806_new202602/wvf_applyCut_removeBeam/wvfFind_event17492_trackID4_opNum9_2.root
[COPY] event=17512, trackID=4, T0=-0.336594 -> /Volumes/ssd_zhang/thesis_michel/server_processing/t0_rootFiles/beam28806_new202602/wvf_applyCut_removeBeam/wvfFind_event17512_trackID4_opNum5.root
[COPY] event=17528, trackID=2, T0=-0.236005 -> /Volumes/ssd_zhang/thesis_michel/server_processing/t0_rootFiles/beam28806_new202602/wvf_applyCut_removeBeam/wvfFind_event17528_trackID2_opNum9.root
[COPY] event=17558, trackID=3, T0=0.465333 -> /Volumes/ssd_zhang/thesis_michel/server_processing/t0_rootFiles/beam28806_new202602/wvf_applyCut_removeBeam/wvfFind_event17558_trackID3_opNum9.root
[COPY] event=17577, trackID=19, T0=1.07562 -> /Volumes/ssd_zhang/thesis_michel/server_processing/t0_rootFiles/beam28806_new202602/wvf_applyCut_removeBeam/wvfFind_event17577_trackID19_opNum9.root
[COPY] event=17577, trackID=19, T0=1.07562 -> /Volumes/ssd_zhang/thesis_michel/server_processing/t0_rootFiles/beam28806_new202602/wvf_applyCut_removeBeam/wvfFind_event17577_trackID19_opNum9_2.root
[COPY] event=17585, trackID=9, T0=-1.58428 -> /Volumes/ssd_zhang/thesis_michel/server_processing/t0_rootFiles/beam28806_new202602/wvf_applyCut_removeBeam/wvfFind_event17585_trackID9_opNum8_merged.root
[COPY] event=17592, trackID=6, T0=-1.00614 -> /Volumes/ssd_zhang/thesis_michel/server_processing/t0_rootFiles/beam28806_new202602/wvf_applyCut_removeBeam/wvfFind_event17592_trackID6_opNum4.root
[COPY] event=1759, trackID=4, T0=-1.18941 -> /Volumes/ssd_zhang/thesis_michel/server_processing/t0_rootFiles/beam28806_new202602/wvf_applyCut_removeBeam/wvfFind_event1759_trackID4_opNum9.root
[COPY] event=1759, trackID=4, T0=-1.18941 -> /Volumes/ssd_zhang/thesis_michel/server_processing/t0_rootFiles/beam28806_new202602/wvf_applyCut_removeBeam/wvfFind_event1759_trackID4_opNum9_2.root
[COPY] event=17615, trackID=3, T0=-1.21167 -> /Volumes/ssd_zhang/thesis_michel/server_processing/t0_rootFiles/beam28806_new202602/wvf_applyCut_removeBeam/wvfFind_event17615_trackID3_opNum5.root
[COPY] event=17625, trackID=18, T0=-0.536432 -> /Volumes/ssd_zhang/thesis_michel/server_processing/t0_rootFiles/beam28806_new202602/wvf_applyCut_removeBeam/wvfFind_event17625_trackID18_opNum6.root
[COPY] event=1765, trackID=2, T0=-0.629062 -> /Volumes/ssd_zhang/thesis_michel/server_processing/t0_rootFiles/beam28806_new202602/wvf_applyCut_removeBeam/wvfFind_event1765_trackID2_opNum8.root
[COPY] event=17660, trackID=3, T0=0.00705313 -> /Volumes/ssd_zhang/thesis_michel/server_processing/t0_rootFiles/beam28806_new202602/wvf_applyCut_removeBeam/wvfFind_event17660_trackID3_opNum8.root
[COPY] event=17671, trackID=14, T0=-0.60839 -> /Volumes/ssd_zhang/thesis_michel/server_processing/t0_rootFiles/beam28806_new202602/wvf_applyCut_removeBeam/wvfFind_event17671_trackID14_opNum9.root
[COPY] event=17678, trackID=10, T0=-1.61353 -> /Volumes/ssd_zhang/thesis_michel/server_processing/t0_rootFiles/beam28806_new202602/wvf_applyCut_removeBeam/wvfFind_event17678_trackID10_opNum6.root
[COPY] event=17684, trackID=11, T0=-0.658188 -> /Volumes/ssd_zhang/thesis_michel/server_processing/t0_rootFiles/beam28806_new202602/wvf_applyCut_removeBeam/wvfFind_event17684_trackID11_opNum5.root
[COPY] event=17708, trackID=23, T0=-0.599788 -> /Volumes/ssd_zhang/thesis_michel/server_processing/t0_rootFiles/beam28806_new202602/wvf_applyCut_removeBeam/wvfFind_event17708_trackID23_opNum7.root
[COPY] event=17711, trackID=1, T0=-1.07537 -> /Volumes/ssd_zhang/thesis_michel/server_processing/t0_rootFiles/beam28806_new202602/wvf_applyCut_removeBeam/wvfFind_event17711_trackID1_opNum5.root
[COPY] event=17725, trackID=8, T0=-0.658695 -> /Volumes/ssd_zhang/thesis_michel/server_processing/t0_rootFiles/beam28806_new202602/wvf_applyCut_removeBeam/wvfFind_event17725_trackID8_opNum9.root
[COPY] event=17728, trackID=10, T0=-1.20332 -> /Volumes/ssd_zhang/thesis_michel/server_processing/t0_rootFiles/beam28806_new202602/wvf_applyCut_removeBeam/wvfFind_event17728_trackID10_opNum9.root
[COPY] event=17734, trackID=0, T0=0.1451 -> /Volumes/ssd_zhang/thesis_michel/server_processing/t0_rootFiles/beam28806_new202602/wvf_applyCut_removeBeam/wvfFind_event17734_trackID0_opNum3.root
[COPY] event=17734, trackID=0, T0=0.1451 -> /Volumes/ssd_zhang/thesis_michel/server_processing/t0_rootFiles/beam28806_new202602/wvf_applyCut_removeBeam/wvfFind_event17734_trackID0_opNum3_2.root
[COPY] event=17756, trackID=2, T0=0.268637 -> /Volumes/ssd_zhang/thesis_michel/server_processing/t0_rootFiles/beam28806_new202602/wvf_applyCut_removeBeam/wvfFind_event17756_trackID2_opNum9.root
[COPY] event=17803, trackID=30, T0=-1.77035 -> /Volumes/ssd_zhang/thesis_michel/server_processing/t0_rootFiles/beam28806_new202602/wvf_applyCut_removeBeam/wvfFind_event17803_trackID30_opNum6_merged.root
[COPY] event=17827, trackID=17, T0=-0.789737 -> /Volumes/ssd_zhang/thesis_michel/server_processing/t0_rootFiles/beam28806_new202602/wvf_applyCut_removeBeam/wvfFind_event17827_trackID17_opNum5.root
[COPY] event=17827, trackID=17, T0=-0.789737 -> /Volumes/ssd_zhang/thesis_michel/server_processing/t0_rootFiles/beam28806_new202602/wvf_applyCut_removeBeam/wvfFind_event17827_trackID17_opNum5_2.root
[COPY] event=17830, trackID=18, T0=-0.947088 -> /Volumes/ssd_zhang/thesis_michel/server_processing/t0_rootFiles/beam28806_new202602/wvf_applyCut_removeBeam/wvfFind_event17830_trackID18_opNum4.root
[COPY] event=17833, trackID=7, T0=-1.85805 -> /Volumes/ssd_zhang/thesis_michel/server_processing/t0_rootFiles/beam28806_new202602/wvf_applyCut_removeBeam/wvfFind_event17833_trackID7_opNum3.root
[SKIP] (in range) event=17867, trackID=15, T0=-0.0723179
[COPY] event=17887, trackID=4, T0=-0.446598 -> /Volumes/ssd_zhang/thesis_michel/server_processing/t0_rootFiles/beam28806_new202602/wvf_applyCut_removeBeam/wvfFind_event17887_trackID4_opNum3.root
[COPY] event=17892, trackID=3, T0=-1.01532 -> /Volumes/ssd_zhang/thesis_michel/server_processing/t0_rootFiles/beam28806_new202602/wvf_applyCut_removeBeam/wvfFind_event17892_trackID3_opNum4.root
[COPY] event=17920, trackID=6, T0=-0.825549 -> /Volumes/ssd_zhang/thesis_michel/server_processing/t0_rootFiles/beam28806_new202602/wvf_applyCut_removeBeam/wvfFind_event17920_trackID6_opNum9.root
[COPY] event=17925, trackID=27, T0=-1.34411 -> /Volumes/ssd_zhang/thesis_michel/server_processing/t0_rootFiles/beam28806_new202602/wvf_applyCut_removeBeam/wvfFind_event17925_trackID27_opNum8.root
[COPY] event=17929, trackID=3, T0=-1.15203 -> /Volumes/ssd_zhang/thesis_michel/server_processing/t0_rootFiles/beam28806_new202602/wvf_applyCut_removeBeam/wvfFind_event17929_trackID3_opNum4.root
[COPY] event=17930, trackID=9, T0=-1.99871 -> /Volumes/ssd_zhang/thesis_michel/server_processing/t0_rootFiles/beam28806_new202602/wvf_applyCut_removeBeam/wvfFind_event17930_trackID9_opNum8.root
[COPY] event=17958, trackID=7, T0=-0.984256 -> /Volumes/ssd_zhang/thesis_michel/server_processing/t0_rootFiles/beam28806_new202602/wvf_applyCut_removeBeam/wvfFind_event17958_trackID7_opNum6.root
[COPY] event=17967, trackID=5, T0=0.439063 -> /Volumes/ssd_zhang/thesis_michel/server_processing/t0_rootFiles/beam28806_new202602/wvf_applyCut_removeBeam/wvfFind_event17967_trackID5_opNum9.root
[COPY] event=17983, trackID=14, T0=-1.58681 -> /Volumes/ssd_zhang/thesis_michel/server_processing/t0_rootFiles/beam28806_new202602/wvf_applyCut_removeBeam/wvfFind_event17983_trackID14_opNum9.root
[COPY] event=17983, trackID=8, T0=-1.75635 -> /Volumes/ssd_zhang/thesis_michel/server_processing/t0_rootFiles/beam28806_new202602/wvf_applyCut_removeBeam/wvfFind_event17983_trackID8_opNum9.root
[COPY] event=17993, trackID=29, T0=-2.40752 -> /Volumes/ssd_zhang/thesis_michel/server_processing/t0_rootFiles/beam28806_new202602/wvf_applyCut_removeBeam/wvfFind_event17993_trackID29_opNum4_merged.root
[COPY] event=18049, trackID=10, T0=-1.73121 -> /Volumes/ssd_zhang/thesis_michel/server_processing/t0_rootFiles/beam28806_new202602/wvf_applyCut_removeBeam/wvfFind_event18049_trackID10_opNum7.root
[COPY] event=1805, trackID=3, T0=0.375367 -> /Volumes/ssd_zhang/thesis_michel/server_processing/t0_rootFiles/beam28806_new202602/wvf_applyCut_removeBeam/wvfFind_event1805_trackID3_opNum3.root
[COPY] event=1805, trackID=3, T0=0.375367 -> /Volumes/ssd_zhang/thesis_michel/server_processing/t0_rootFiles/beam28806_new202602/wvf_applyCut_removeBeam/wvfFind_event1805_trackID3_opNum3_2.root
[COPY] event=18068, trackID=13, T0=-1.78617 -> /Volumes/ssd_zhang/thesis_michel/server_processing/t0_rootFiles/beam28806_new202602/wvf_applyCut_removeBeam/wvfFind_event18068_trackID13_opNum4_merged.root
[COPY] event=1806, trackID=5, T0=-1.59211 -> /Volumes/ssd_zhang/thesis_michel/server_processing/t0_rootFiles/beam28806_new202602/wvf_applyCut_removeBeam/wvfFind_event1806_trackID5_opNum6.root
[COPY] event=1806, trackID=5, T0=-1.59211 -> /Volumes/ssd_zhang/thesis_michel/server_processing/t0_rootFiles/beam28806_new202602/wvf_applyCut_removeBeam/wvfFind_event1806_trackID5_opNum6_2.root
[COPY] event=18096, trackID=9, T0=-0.0235985 -> /Volumes/ssd_zhang/thesis_michel/server_processing/t0_rootFiles/beam28806_new202602/wvf_applyCut_removeBeam/wvfFind_event18096_trackID9_opNum7.root
[SKIP] (in range) event=18118, trackID=1, T0=-0.0447176
[SKIP] (in range) event=18118, trackID=1, T0=-0.0447176
[COPY] event=18119, trackID=1, T0=-0.0218662 -> /Volumes/ssd_zhang/thesis_michel/server_processing/t0_rootFiles/beam28806_new202602/wvf_applyCut_removeBeam/wvfFind_event18119_trackID1_opNum4.root
[COPY] event=18121, trackID=1, T0=-1.00365 -> /Volumes/ssd_zhang/thesis_michel/server_processing/t0_rootFiles/beam28806_new202602/wvf_applyCut_removeBeam/wvfFind_event18121_trackID1_opNum9.root
[COPY] event=18141, trackID=1, T0=-0.363456 -> /Volumes/ssd_zhang/thesis_michel/server_processing/t0_rootFiles/beam28806_new202602/wvf_applyCut_removeBeam/wvfFind_event18141_trackID1_opNum8.root
[COPY] event=18144, trackID=16, T0=-2.14267 -> /Volumes/ssd_zhang/thesis_michel/server_processing/t0_rootFiles/beam28806_new202602/wvf_applyCut_removeBeam/wvfFind_event18144_trackID16_opNum9.root
[COPY] event=18144, trackID=16, T0=-2.14267 -> /Volumes/ssd_zhang/thesis_michel/server_processing/t0_rootFiles/beam28806_new202602/wvf_applyCut_removeBeam/wvfFind_event18144_trackID16_opNum9_2.root
[COPY] event=18146, trackID=4, T0=-0.835076 -> /Volumes/ssd_zhang/thesis_michel/server_processing/t0_rootFiles/beam28806_new202602/wvf_applyCut_removeBeam/wvfFind_event18146_trackID4_opNum7.root
[COPY] event=18149, trackID=6, T0=-1.07102 -> /Volumes/ssd_zhang/thesis_michel/server_processing/t0_rootFiles/beam28806_new202602/wvf_applyCut_removeBeam/wvfFind_event18149_trackID6_opNum8.root
[COPY] event=18164, trackID=3, T0=-0.511614 -> /Volumes/ssd_zhang/thesis_michel/server_processing/t0_rootFiles/beam28806_new202602/wvf_applyCut_removeBeam/wvfFind_event18164_trackID3_opNum9_merged.root
[COPY] event=18169, trackID=22, T0=-2.3365 -> /Volumes/ssd_zhang/thesis_michel/server_processing/t0_rootFiles/beam28806_new202602/wvf_applyCut_removeBeam/wvfFind_event18169_trackID22_opNum8.root
[COPY] event=18169, trackID=22, T0=-2.3365 -> /Volumes/ssd_zhang/thesis_michel/server_processing/t0_rootFiles/beam28806_new202602/wvf_applyCut_removeBeam/wvfFind_event18169_trackID22_opNum8_2.root
[COPY] event=18179, trackID=5, T0=-0.239227 -> /Volumes/ssd_zhang/thesis_michel/server_processing/t0_rootFiles/beam28806_new202602/wvf_applyCut_removeBeam/wvfFind_event18179_trackID5_opNum9.root
[COPY] event=18216, trackID=11, T0=-0.413516 -> /Volumes/ssd_zhang/thesis_michel/server_processing/t0_rootFiles/beam28806_new202602/wvf_applyCut_removeBeam/wvfFind_event18216_trackID11_opNum9.root
[COPY] event=18216, trackID=11, T0=-0.413516 -> /Volumes/ssd_zhang/thesis_michel/server_processing/t0_rootFiles/beam28806_new202602/wvf_applyCut_removeBeam/wvfFind_event18216_trackID11_opNum9_2.root
[COPY] event=1824, trackID=25, T0=0.184616 -> /Volumes/ssd_zhang/thesis_michel/server_processing/t0_rootFiles/beam28806_new202602/wvf_applyCut_removeBeam/wvfFind_event1824_trackID25_opNum4.root
[COPY] event=18255, trackID=14, T0=-1.51864 -> /Volumes/ssd_zhang/thesis_michel/server_processing/t0_rootFiles/beam28806_new202602/wvf_applyCut_removeBeam/wvfFind_event18255_trackID14_opNum6.root
[COPY] event=18296, trackID=14, T0=-0.411982 -> /Volumes/ssd_zhang/thesis_michel/server_processing/t0_rootFiles/beam28806_new202602/wvf_applyCut_removeBeam/wvfFind_event18296_trackID14_opNum4.root
[COPY] event=18301, trackID=29, T0=-1.20619 -> /Volumes/ssd_zhang/thesis_michel/server_processing/t0_rootFiles/beam28806_new202602/wvf_applyCut_removeBeam/wvfFind_event18301_trackID29_opNum9.root
[COPY] event=18309, trackID=15, T0=-0.705017 -> /Volumes/ssd_zhang/thesis_michel/server_processing/t0_rootFiles/beam28806_new202602/wvf_applyCut_removeBeam/wvfFind_event18309_trackID15_opNum9.root
[COPY] event=18325, trackID=2, T0=0.168744 -> /Volumes/ssd_zhang/thesis_michel/server_processing/t0_rootFiles/beam28806_new202602/wvf_applyCut_removeBeam/wvfFind_event18325_trackID2_opNum5.root
[COPY] event=18325, trackID=2, T0=0.168744 -> /Volumes/ssd_zhang/thesis_michel/server_processing/t0_rootFiles/beam28806_new202602/wvf_applyCut_removeBeam/wvfFind_event18325_trackID2_opNum5_2.root
[COPY] event=18326, trackID=6, T0=-0.450174 -> /Volumes/ssd_zhang/thesis_michel/server_processing/t0_rootFiles/beam28806_new202602/wvf_applyCut_removeBeam/wvfFind_event18326_trackID6_opNum9_merged.root
[COPY] event=18339, trackID=19, T0=0.452384 -> /Volumes/ssd_zhang/thesis_michel/server_processing/t0_rootFiles/beam28806_new202602/wvf_applyCut_removeBeam/wvfFind_event18339_trackID19_opNum9.root
[COPY] event=18342, trackID=9, T0=-1.2483 -> /Volumes/ssd_zhang/thesis_michel/server_processing/t0_rootFiles/beam28806_new202602/wvf_applyCut_removeBeam/wvfFind_event18342_trackID9_opNum6.root
[COPY] event=18352, trackID=9, T0=-0.180984 -> /Volumes/ssd_zhang/thesis_michel/server_processing/t0_rootFiles/beam28806_new202602/wvf_applyCut_removeBeam/wvfFind_event18352_trackID9_opNum9.root
[COPY] event=18368, trackID=12, T0=-1.49786 -> /Volumes/ssd_zhang/thesis_michel/server_processing/t0_rootFiles/beam28806_new202602/wvf_applyCut_removeBeam/wvfFind_event18368_trackID12_opNum8.root
[COPY] event=18396, trackID=0, T0=0.111941 -> /Volumes/ssd_zhang/thesis_michel/server_processing/t0_rootFiles/beam28806_new202602/wvf_applyCut_removeBeam/wvfFind_event18396_trackID0_opNum4_merged.root
[COPY] event=18397, trackID=11, T0=-0.874788 -> /Volumes/ssd_zhang/thesis_michel/server_processing/t0_rootFiles/beam28806_new202602/wvf_applyCut_removeBeam/wvfFind_event18397_trackID11_opNum9.root
[COPY] event=18402, trackID=1, T0=-0.597258 -> /Volumes/ssd_zhang/thesis_michel/server_processing/t0_rootFiles/beam28806_new202602/wvf_applyCut_removeBeam/wvfFind_event18402_trackID1_opNum4.root
[COPY] event=18403, trackID=4, T0=-2.08505 -> /Volumes/ssd_zhang/thesis_michel/server_processing/t0_rootFiles/beam28806_new202602/wvf_applyCut_removeBeam/wvfFind_event18403_trackID4_opNum6.root
[COPY] event=18426, trackID=10, T0=-1.43368 -> /Volumes/ssd_zhang/thesis_michel/server_processing/t0_rootFiles/beam28806_new202602/wvf_applyCut_removeBeam/wvfFind_event18426_trackID10_opNum8.root
[COPY] event=1842, trackID=15, T0=-0.611685 -> /Volumes/ssd_zhang/thesis_michel/server_processing/t0_rootFiles/beam28806_new202602/wvf_applyCut_removeBeam/wvfFind_event1842_trackID15_opNum5.root
[COPY] event=1842, trackID=15, T0=-0.611685 -> /Volumes/ssd_zhang/thesis_michel/server_processing/t0_rootFiles/beam28806_new202602/wvf_applyCut_removeBeam/wvfFind_event1842_trackID15_opNum5_2.root
[COPY] event=18451, trackID=7, T0=-1.38742 -> /Volumes/ssd_zhang/thesis_michel/server_processing/t0_rootFiles/beam28806_new202602/wvf_applyCut_removeBeam/wvfFind_event18451_trackID7_opNum6.root
[COPY] event=18457, trackID=1, T0=-0.192996 -> /Volumes/ssd_zhang/thesis_michel/server_processing/t0_rootFiles/beam28806_new202602/wvf_applyCut_removeBeam/wvfFind_event18457_trackID1_opNum5_merged.root
[COPY] event=18469, trackID=10, T0=-1.72025 -> /Volumes/ssd_zhang/thesis_michel/server_processing/t0_rootFiles/beam28806_new202602/wvf_applyCut_removeBeam/wvfFind_event18469_trackID10_opNum9.root
[COPY] event=1846, trackID=38, T0=-2.46278 -> /Volumes/ssd_zhang/thesis_michel/server_processing/t0_rootFiles/beam28806_new202602/wvf_applyCut_removeBeam/wvfFind_event1846_trackID38_opNum3.root
[COPY] event=18506, trackID=3, T0=-1.11932 -> /Volumes/ssd_zhang/thesis_michel/server_processing/t0_rootFiles/beam28806_new202602/wvf_applyCut_removeBeam/wvfFind_event18506_trackID3_opNum8_merged.root
[COPY] event=18533, trackID=1, T0=-0.583399 -> /Volumes/ssd_zhang/thesis_michel/server_processing/t0_rootFiles/beam28806_new202602/wvf_applyCut_removeBeam/wvfFind_event18533_trackID1_opNum4_merged.root
[COPY] event=18551, trackID=4, T0=0.153908 -> /Volumes/ssd_zhang/thesis_michel/server_processing/t0_rootFiles/beam28806_new202602/wvf_applyCut_removeBeam/wvfFind_event18551_trackID4_opNum4.root
[COPY] event=18584, trackID=4, T0=-1.21517 -> /Volumes/ssd_zhang/thesis_michel/server_processing/t0_rootFiles/beam28806_new202602/wvf_applyCut_removeBeam/wvfFind_event18584_trackID4_opNum9.root
[COPY] event=18587, trackID=4, T0=-0.16488 -> /Volumes/ssd_zhang/thesis_michel/server_processing/t0_rootFiles/beam28806_new202602/wvf_applyCut_removeBeam/wvfFind_event18587_trackID4_opNum4.root
[COPY] event=18607, trackID=4, T0=-1.63951 -> /Volumes/ssd_zhang/thesis_michel/server_processing/t0_rootFiles/beam28806_new202602/wvf_applyCut_removeBeam/wvfFind_event18607_trackID4_opNum9.root
[COPY] event=1861, trackID=20, T0=-1.8623 -> /Volumes/ssd_zhang/thesis_michel/server_processing/t0_rootFiles/beam28806_new202602/wvf_applyCut_removeBeam/wvfFind_event1861_trackID20_opNum5.root
[COPY] event=1861, trackID=20, T0=-1.8623 -> /Volumes/ssd_zhang/thesis_michel/server_processing/t0_rootFiles/beam28806_new202602/wvf_applyCut_removeBeam/wvfFind_event1861_trackID20_opNum5_2.root
[COPY] event=18650, trackID=5, T0=0.191901 -> /Volumes/ssd_zhang/thesis_michel/server_processing/t0_rootFiles/beam28806_new202602/wvf_applyCut_removeBeam/wvfFind_event18650_trackID5_opNum5.root
[COPY] event=18650, trackID=5, T0=0.191901 -> /Volumes/ssd_zhang/thesis_michel/server_processing/t0_rootFiles/beam28806_new202602/wvf_applyCut_removeBeam/wvfFind_event18650_trackID5_opNum5_2.root
[COPY] event=18652, trackID=6, T0=-0.208602 -> /Volumes/ssd_zhang/thesis_michel/server_processing/t0_rootFiles/beam28806_new202602/wvf_applyCut_removeBeam/wvfFind_event18652_trackID6_opNum3.root
[COPY] event=18652, trackID=6, T0=-0.208602 -> /Volumes/ssd_zhang/thesis_michel/server_processing/t0_rootFiles/beam28806_new202602/wvf_applyCut_removeBeam/wvfFind_event18652_trackID6_opNum3_2.root
[COPY] event=18654, trackID=19, T0=-2.33381 -> /Volumes/ssd_zhang/thesis_michel/server_processing/t0_rootFiles/beam28806_new202602/wvf_applyCut_removeBeam/wvfFind_event18654_trackID19_opNum9.root
[COPY] event=18654, trackID=19, T0=-2.33381 -> /Volumes/ssd_zhang/thesis_michel/server_processing/t0_rootFiles/beam28806_new202602/wvf_applyCut_removeBeam/wvfFind_event18654_trackID19_opNum9_2.root
[COPY] event=18681, trackID=8, T0=-0.424919 -> /Volumes/ssd_zhang/thesis_michel/server_processing/t0_rootFiles/beam28806_new202602/wvf_applyCut_removeBeam/wvfFind_event18681_trackID8_opNum5.root
[COPY] event=18689, trackID=15, T0=-1.3791 -> /Volumes/ssd_zhang/thesis_michel/server_processing/t0_rootFiles/beam28806_new202602/wvf_applyCut_removeBeam/wvfFind_event18689_trackID15_opNum8_2.root
[COPY] event=18689, trackID=15, T0=-1.3791 -> /Volumes/ssd_zhang/thesis_michel/server_processing/t0_rootFiles/beam28806_new202602/wvf_applyCut_removeBeam/wvfFind_event18689_trackID15_opNum9_merged.root
[COPY] event=18722, trackID=11, T0=-0.524706 -> /Volumes/ssd_zhang/thesis_michel/server_processing/t0_rootFiles/beam28806_new202602/wvf_applyCut_removeBeam/wvfFind_event18722_trackID11_opNum5_2.root
[COPY] event=18722, trackID=11, T0=-0.524706 -> /Volumes/ssd_zhang/thesis_michel/server_processing/t0_rootFiles/beam28806_new202602/wvf_applyCut_removeBeam/wvfFind_event18722_trackID11_opNum6_merged.root
[COPY] event=18756, trackID=4, T0=-2.14526 -> /Volumes/ssd_zhang/thesis_michel/server_processing/t0_rootFiles/beam28806_new202602/wvf_applyCut_removeBeam/wvfFind_event18756_trackID4_opNum4.root
[COPY] event=18756, trackID=4, T0=-2.14526 -> /Volumes/ssd_zhang/thesis_michel/server_processing/t0_rootFiles/beam28806_new202602/wvf_applyCut_removeBeam/wvfFind_event18756_trackID4_opNum4_2.root
[COPY] event=18767, trackID=1, T0=0.469215 -> /Volumes/ssd_zhang/thesis_michel/server_processing/t0_rootFiles/beam28806_new202602/wvf_applyCut_removeBeam/wvfFind_event18767_trackID1_opNum6.root
[SKIP] (in range) event=18768, trackID=27, T0=-0.0320863
[COPY] event=18773, trackID=40, T0=-2.40763 -> /Volumes/ssd_zhang/thesis_michel/server_processing/t0_rootFiles/beam28806_new202602/wvf_applyCut_removeBeam/wvfFind_event18773_trackID40_opNum9.root
[COPY] event=18780, trackID=12, T0=-0.79033 -> /Volumes/ssd_zhang/thesis_michel/server_processing/t0_rootFiles/beam28806_new202602/wvf_applyCut_removeBeam/wvfFind_event18780_trackID12_opNum9.root
[COPY] event=18784, trackID=14, T0=-1.06965 -> /Volumes/ssd_zhang/thesis_michel/server_processing/t0_rootFiles/beam28806_new202602/wvf_applyCut_removeBeam/wvfFind_event18784_trackID14_opNum5.root
[COPY] event=1879, trackID=3, T0=-0.729698 -> /Volumes/ssd_zhang/thesis_michel/server_processing/t0_rootFiles/beam28806_new202602/wvf_applyCut_removeBeam/wvfFind_event1879_trackID3_opNum4.root
[COPY] event=1879, trackID=3, T0=-0.729698 -> /Volumes/ssd_zhang/thesis_michel/server_processing/t0_rootFiles/beam28806_new202602/wvf_applyCut_removeBeam/wvfFind_event1879_trackID3_opNum4_2.root
[SKIP] (in range) event=18805, trackID=2, T0=-0.0528275
[COPY] event=1881, trackID=9, T0=-0.299078 -> /Volumes/ssd_zhang/thesis_michel/server_processing/t0_rootFiles/beam28806_new202602/wvf_applyCut_removeBeam/wvfFind_event1881_trackID9_opNum4.root
[COPY] event=1882, trackID=12, T0=-1.62086 -> /Volumes/ssd_zhang/thesis_michel/server_processing/t0_rootFiles/beam28806_new202602/wvf_applyCut_removeBeam/wvfFind_event1882_trackID12_opNum7.root
[COPY] event=18834, trackID=13, T0=0.421155 -> /Volumes/ssd_zhang/thesis_michel/server_processing/t0_rootFiles/beam28806_new202602/wvf_applyCut_removeBeam/wvfFind_event18834_trackID13_opNum4_merged.root
[COPY] event=18834, trackID=1, T0=-0.390513 -> /Volumes/ssd_zhang/thesis_michel/server_processing/t0_rootFiles/beam28806_new202602/wvf_applyCut_removeBeam/wvfFind_event18834_trackID1_opNum3.root
[COPY] event=18843, trackID=0, T0=-1.05195 -> /Volumes/ssd_zhang/thesis_michel/server_processing/t0_rootFiles/beam28806_new202602/wvf_applyCut_removeBeam/wvfFind_event18843_trackID0_opNum6.root
[COPY] event=18843, trackID=0, T0=-1.05195 -> /Volumes/ssd_zhang/thesis_michel/server_processing/t0_rootFiles/beam28806_new202602/wvf_applyCut_removeBeam/wvfFind_event18843_trackID0_opNum6_2.root
[COPY] event=18846, trackID=7, T0=-1.17304 -> /Volumes/ssd_zhang/thesis_michel/server_processing/t0_rootFiles/beam28806_new202602/wvf_applyCut_removeBeam/wvfFind_event18846_trackID7_opNum9.root
[COPY] event=18850, trackID=27, T0=-2.39884 -> /Volumes/ssd_zhang/thesis_michel/server_processing/t0_rootFiles/beam28806_new202602/wvf_applyCut_removeBeam/wvfFind_event18850_trackID27_opNum9.root
[COPY] event=18861, trackID=5, T0=-1.89463 -> /Volumes/ssd_zhang/thesis_michel/server_processing/t0_rootFiles/beam28806_new202602/wvf_applyCut_removeBeam/wvfFind_event18861_trackID5_opNum9.root
[COPY] event=18862, trackID=0, T0=-1.61659 -> /Volumes/ssd_zhang/thesis_michel/server_processing/t0_rootFiles/beam28806_new202602/wvf_applyCut_removeBeam/wvfFind_event18862_trackID0_opNum3_merged.root
[COPY] event=18885, trackID=8, T0=0.427701 -> /Volumes/ssd_zhang/thesis_michel/server_processing/t0_rootFiles/beam28806_new202602/wvf_applyCut_removeBeam/wvfFind_event18885_trackID8_opNum8_merged.root
[COPY] event=18906, trackID=1, T0=0.121045 -> /Volumes/ssd_zhang/thesis_michel/server_processing/t0_rootFiles/beam28806_new202602/wvf_applyCut_removeBeam/wvfFind_event18906_trackID1_opNum5.root
[COPY] event=18906, trackID=1, T0=0.121045 -> /Volumes/ssd_zhang/thesis_michel/server_processing/t0_rootFiles/beam28806_new202602/wvf_applyCut_removeBeam/wvfFind_event18906_trackID1_opNum5_2.root
[COPY] event=18911, trackID=10, T0=-1.12335 -> /Volumes/ssd_zhang/thesis_michel/server_processing/t0_rootFiles/beam28806_new202602/wvf_applyCut_removeBeam/wvfFind_event18911_trackID10_opNum3_merged.root
[COPY] event=1891, trackID=5, T0=-0.587933 -> /Volumes/ssd_zhang/thesis_michel/server_processing/t0_rootFiles/beam28806_new202602/wvf_applyCut_removeBeam/wvfFind_event1891_trackID5_opNum5.root
[COPY] event=18930, trackID=6, T0=-1.20725 -> /Volumes/ssd_zhang/thesis_michel/server_processing/t0_rootFiles/beam28806_new202602/wvf_applyCut_removeBeam/wvfFind_event18930_trackID6_opNum3.root
[COPY] event=18946, trackID=1, T0=0.243395 -> /Volumes/ssd_zhang/thesis_michel/server_processing/t0_rootFiles/beam28806_new202602/wvf_applyCut_removeBeam/wvfFind_event18946_trackID1_opNum9_merged.root
[COPY] event=18950, trackID=2, T0=0.259244 -> /Volumes/ssd_zhang/thesis_michel/server_processing/t0_rootFiles/beam28806_new202602/wvf_applyCut_removeBeam/wvfFind_event18950_trackID2_opNum3.root
[COPY] event=18955, trackID=20, T0=-2.13384 -> /Volumes/ssd_zhang/thesis_michel/server_processing/t0_rootFiles/beam28806_new202602/wvf_applyCut_removeBeam/wvfFind_event18955_trackID20_opNum4.root
[COPY] event=18959, trackID=6, T0=-0.421758 -> /Volumes/ssd_zhang/thesis_michel/server_processing/t0_rootFiles/beam28806_new202602/wvf_applyCut_removeBeam/wvfFind_event18959_trackID6_opNum9.root
[COPY] event=18959, trackID=6, T0=-0.421758 -> /Volumes/ssd_zhang/thesis_michel/server_processing/t0_rootFiles/beam28806_new202602/wvf_applyCut_removeBeam/wvfFind_event18959_trackID6_opNum9_2.root
[COPY] event=18964, trackID=5, T0=0.124708 -> /Volumes/ssd_zhang/thesis_michel/server_processing/t0_rootFiles/beam28806_new202602/wvf_applyCut_removeBeam/wvfFind_event18964_trackID5_opNum4.root
[COPY] event=18978, trackID=12, T0=-0.870531 -> /Volumes/ssd_zhang/thesis_michel/server_processing/t0_rootFiles/beam28806_new202602/wvf_applyCut_removeBeam/wvfFind_event18978_trackID12_opNum9.root
[COPY] event=18984, trackID=24, T0=-2.39691 -> /Volumes/ssd_zhang/thesis_michel/server_processing/t0_rootFiles/beam28806_new202602/wvf_applyCut_removeBeam/wvfFind_event18984_trackID24_opNum6.root
[COPY] event=18989, trackID=17, T0=-0.689382 -> /Volumes/ssd_zhang/thesis_michel/server_processing/t0_rootFiles/beam28806_new202602/wvf_applyCut_removeBeam/wvfFind_event18989_trackID17_opNum8.root
[COPY] event=18989, trackID=17, T0=-0.689382 -> /Volumes/ssd_zhang/thesis_michel/server_processing/t0_rootFiles/beam28806_new202602/wvf_applyCut_removeBeam/wvfFind_event18989_trackID17_opNum8_2.root
[COPY] event=19000, trackID=4, T0=-2.20485 -> /Volumes/ssd_zhang/thesis_michel/server_processing/t0_rootFiles/beam28806_new202602/wvf_applyCut_removeBeam/wvfFind_event19000_trackID4_opNum3.root
[COPY] event=19000, trackID=4, T0=-2.20485 -> /Volumes/ssd_zhang/thesis_michel/server_processing/t0_rootFiles/beam28806_new202602/wvf_applyCut_removeBeam/wvfFind_event19000_trackID4_opNum3_2.root
[COPY] event=19014, trackID=4, T0=-1.73905 -> /Volumes/ssd_zhang/thesis_michel/server_processing/t0_rootFiles/beam28806_new202602/wvf_applyCut_removeBeam/wvfFind_event19014_trackID4_opNum6_merged.root
[COPY] event=19045, trackID=1, T0=0.448675 -> /Volumes/ssd_zhang/thesis_michel/server_processing/t0_rootFiles/beam28806_new202602/wvf_applyCut_removeBeam/wvfFind_event19045_trackID1_opNum9.root
[COPY] event=19064, trackID=4, T0=-1.47501 -> /Volumes/ssd_zhang/thesis_michel/server_processing/t0_rootFiles/beam28806_new202602/wvf_applyCut_removeBeam/wvfFind_event19064_trackID4_opNum5.root
[COPY] event=19066, trackID=9, T0=-0.124666 -> /Volumes/ssd_zhang/thesis_michel/server_processing/t0_rootFiles/beam28806_new202602/wvf_applyCut_removeBeam/wvfFind_event19066_trackID9_opNum7.root
[COPY] event=19067, trackID=1, T0=-0.962711 -> /Volumes/ssd_zhang/thesis_michel/server_processing/t0_rootFiles/beam28806_new202602/wvf_applyCut_removeBeam/wvfFind_event19067_trackID1_opNum8.root
[COPY] event=19079, trackID=3, T0=-0.431245 -> /Volumes/ssd_zhang/thesis_michel/server_processing/t0_rootFiles/beam28806_new202602/wvf_applyCut_removeBeam/wvfFind_event19079_trackID3_opNum3_2.root
[COPY] event=19079, trackID=3, T0=-0.431245 -> /Volumes/ssd_zhang/thesis_michel/server_processing/t0_rootFiles/beam28806_new202602/wvf_applyCut_removeBeam/wvfFind_event19079_trackID3_opNum4_merged.root
[COPY] event=19118, trackID=6, T0=-0.515514 -> /Volumes/ssd_zhang/thesis_michel/server_processing/t0_rootFiles/beam28806_new202602/wvf_applyCut_removeBeam/wvfFind_event19118_trackID6_opNum9.root
[COPY] event=19118, trackID=6, T0=-0.515514 -> /Volumes/ssd_zhang/thesis_michel/server_processing/t0_rootFiles/beam28806_new202602/wvf_applyCut_removeBeam/wvfFind_event19118_trackID6_opNum9_2.root
[COPY] event=19125, trackID=19, T0=-0.220885 -> /Volumes/ssd_zhang/thesis_michel/server_processing/t0_rootFiles/beam28806_new202602/wvf_applyCut_removeBeam/wvfFind_event19125_trackID19_opNum5_merged.root
[COPY] event=19125, trackID=1, T0=-1.07212 -> /Volumes/ssd_zhang/thesis_michel/server_processing/t0_rootFiles/beam28806_new202602/wvf_applyCut_removeBeam/wvfFind_event19125_trackID1_opNum6.root
[COPY] event=19138, trackID=17, T0=-1.30821 -> /Volumes/ssd_zhang/thesis_michel/server_processing/t0_rootFiles/beam28806_new202602/wvf_applyCut_removeBeam/wvfFind_event19138_trackID17_opNum8.root
[SKIP] (in range) event=19138, trackID=5, T0=-0.0685826
[COPY] event=19161, trackID=9, T0=-1.93982 -> /Volumes/ssd_zhang/thesis_michel/server_processing/t0_rootFiles/beam28806_new202602/wvf_applyCut_removeBeam/wvfFind_event19161_trackID9_opNum5.root
[COPY] event=19161, trackID=9, T0=-1.93982 -> /Volumes/ssd_zhang/thesis_michel/server_processing/t0_rootFiles/beam28806_new202602/wvf_applyCut_removeBeam/wvfFind_event19161_trackID9_opNum5_2.root
[COPY] event=19182, trackID=4, T0=-1.11528 -> /Volumes/ssd_zhang/thesis_michel/server_processing/t0_rootFiles/beam28806_new202602/wvf_applyCut_removeBeam/wvfFind_event19182_trackID4_opNum4.root
[COPY] event=19182, trackID=4, T0=-1.11528 -> /Volumes/ssd_zhang/thesis_michel/server_processing/t0_rootFiles/beam28806_new202602/wvf_applyCut_removeBeam/wvfFind_event19182_trackID4_opNum4_2.root
[COPY] event=19204, trackID=4, T0=-1.20573 -> /Volumes/ssd_zhang/thesis_michel/server_processing/t0_rootFiles/beam28806_new202602/wvf_applyCut_removeBeam/wvfFind_event19204_trackID4_opNum4.root
[COPY] event=19236, trackID=11, T0=-2.00301 -> /Volumes/ssd_zhang/thesis_michel/server_processing/t0_rootFiles/beam28806_new202602/wvf_applyCut_removeBeam/wvfFind_event19236_trackID11_opNum5.root
[SKIP] (in range) event=19243, trackID=10, T0=-0.0487999
[SKIP] (in range) event=19243, trackID=10, T0=-0.0487999
[COPY] event=1924, trackID=28, T0=-2.41829 -> /Volumes/ssd_zhang/thesis_michel/server_processing/t0_rootFiles/beam28806_new202602/wvf_applyCut_removeBeam/wvfFind_event1924_trackID28_opNum9.root
[COPY] event=1925, trackID=4, T0=-0.668356 -> /Volumes/ssd_zhang/thesis_michel/server_processing/t0_rootFiles/beam28806_new202602/wvf_applyCut_removeBeam/wvfFind_event1925_trackID4_opNum7_merged.root
[COPY] event=19270, trackID=7, T0=-1.86186 -> /Volumes/ssd_zhang/thesis_michel/server_processing/t0_rootFiles/beam28806_new202602/wvf_applyCut_removeBeam/wvfFind_event19270_trackID7_opNum5.root
[COPY] event=19272, trackID=33, T0=-2.3309 -> /Volumes/ssd_zhang/thesis_michel/server_processing/t0_rootFiles/beam28806_new202602/wvf_applyCut_removeBeam/wvfFind_event19272_trackID33_opNum5.root
[COPY] event=19283, trackID=8, T0=-2.02537 -> /Volumes/ssd_zhang/thesis_michel/server_processing/t0_rootFiles/beam28806_new202602/wvf_applyCut_removeBeam/wvfFind_event19283_trackID8_opNum7_merged.root
[COPY] event=19284, trackID=5, T0=-1.46376 -> /Volumes/ssd_zhang/thesis_michel/server_processing/t0_rootFiles/beam28806_new202602/wvf_applyCut_removeBeam/wvfFind_event19284_trackID5_opNum5.root
[COPY] event=19305, trackID=16, T0=-0.0167774 -> /Volumes/ssd_zhang/thesis_michel/server_processing/t0_rootFiles/beam28806_new202602/wvf_applyCut_removeBeam/wvfFind_event19305_trackID16_opNum6.root
[COPY] event=19316, trackID=38, T0=-2.42834 -> /Volumes/ssd_zhang/thesis_michel/server_processing/t0_rootFiles/beam28806_new202602/wvf_applyCut_removeBeam/wvfFind_event19316_trackID38_opNum7.root
[COPY] event=19332, trackID=8, T0=-1.32274 -> /Volumes/ssd_zhang/thesis_michel/server_processing/t0_rootFiles/beam28806_new202602/wvf_applyCut_removeBeam/wvfFind_event19332_trackID8_opNum6.root
[COPY] event=1934, trackID=21, T0=-1.91568 -> /Volumes/ssd_zhang/thesis_michel/server_processing/t0_rootFiles/beam28806_new202602/wvf_applyCut_removeBeam/wvfFind_event1934_trackID21_opNum4.root
[COPY] event=1935, trackID=5, T0=-1.5912 -> /Volumes/ssd_zhang/thesis_michel/server_processing/t0_rootFiles/beam28806_new202602/wvf_applyCut_removeBeam/wvfFind_event1935_trackID5_opNum6.root
[COPY] event=19361, trackID=22, T0=-0.95817 -> /Volumes/ssd_zhang/thesis_michel/server_processing/t0_rootFiles/beam28806_new202602/wvf_applyCut_removeBeam/wvfFind_event19361_trackID22_opNum8.root
[COPY] event=19375, trackID=1, T0=-0.396782 -> /Volumes/ssd_zhang/thesis_michel/server_processing/t0_rootFiles/beam28806_new202602/wvf_applyCut_removeBeam/wvfFind_event19375_trackID1_opNum8.root
[COPY] event=19376, trackID=3, T0=-0.883996 -> /Volumes/ssd_zhang/thesis_michel/server_processing/t0_rootFiles/beam28806_new202602/wvf_applyCut_removeBeam/wvfFind_event19376_trackID3_opNum3.root
[COPY] event=19383, trackID=11, T0=0.559427 -> /Volumes/ssd_zhang/thesis_michel/server_processing/t0_rootFiles/beam28806_new202602/wvf_applyCut_removeBeam/wvfFind_event19383_trackID11_opNum5.root
[COPY] event=19383, trackID=11, T0=0.559427 -> /Volumes/ssd_zhang/thesis_michel/server_processing/t0_rootFiles/beam28806_new202602/wvf_applyCut_removeBeam/wvfFind_event19383_trackID11_opNum5_2.root
[COPY] event=19385, trackID=1, T0=0.0569414 -> /Volumes/ssd_zhang/thesis_michel/server_processing/t0_rootFiles/beam28806_new202602/wvf_applyCut_removeBeam/wvfFind_event19385_trackID1_opNum5.root
[COPY] event=19405, trackID=4, T0=-1.19701 -> /Volumes/ssd_zhang/thesis_michel/server_processing/t0_rootFiles/beam28806_new202602/wvf_applyCut_removeBeam/wvfFind_event19405_trackID4_opNum4.root
[COPY] event=19442, trackID=10, T0=0.00590225 -> /Volumes/ssd_zhang/thesis_michel/server_processing/t0_rootFiles/beam28806_new202602/wvf_applyCut_removeBeam/wvfFind_event19442_trackID10_opNum6.root
[COPY] event=19463, trackID=9, T0=-1.5819 -> /Volumes/ssd_zhang/thesis_michel/server_processing/t0_rootFiles/beam28806_new202602/wvf_applyCut_removeBeam/wvfFind_event19463_trackID9_opNum6_merged.root
[COPY] event=1946, trackID=19, T0=0.00870832 -> /Volumes/ssd_zhang/thesis_michel/server_processing/t0_rootFiles/beam28806_new202602/wvf_applyCut_removeBeam/wvfFind_event1946_trackID19_opNum9.root
[COPY] event=19473, trackID=6, T0=-1.12552 -> /Volumes/ssd_zhang/thesis_michel/server_processing/t0_rootFiles/beam28806_new202602/wvf_applyCut_removeBeam/wvfFind_event19473_trackID6_opNum9.root
[COPY] event=19498, trackID=11, T0=-0.792246 -> /Volumes/ssd_zhang/thesis_michel/server_processing/t0_rootFiles/beam28806_new202602/wvf_applyCut_removeBeam/wvfFind_event19498_trackID11_opNum9.root
[COPY] event=19498, trackID=2, T0=-1.1597 -> /Volumes/ssd_zhang/thesis_michel/server_processing/t0_rootFiles/beam28806_new202602/wvf_applyCut_removeBeam/wvfFind_event19498_trackID2_opNum5.root
[COPY] event=19511, trackID=3, T0=0.015971 -> /Volumes/ssd_zhang/thesis_michel/server_processing/t0_rootFiles/beam28806_new202602/wvf_applyCut_removeBeam/wvfFind_event19511_trackID3_opNum8.root
[COPY] event=19517, trackID=9, T0=0.193681 -> /Volumes/ssd_zhang/thesis_michel/server_processing/t0_rootFiles/beam28806_new202602/wvf_applyCut_removeBeam/wvfFind_event19517_trackID9_opNum6_merged.root
[COPY] event=19530, trackID=12, T0=0.352671 -> /Volumes/ssd_zhang/thesis_michel/server_processing/t0_rootFiles/beam28806_new202602/wvf_applyCut_removeBeam/wvfFind_event19530_trackID12_opNum4.root
[COPY] event=19543, trackID=10, T0=-1.33129 -> /Volumes/ssd_zhang/thesis_michel/server_processing/t0_rootFiles/beam28806_new202602/wvf_applyCut_removeBeam/wvfFind_event19543_trackID10_opNum9.root
[COPY] event=19547, trackID=1, T0=-0.691164 -> /Volumes/ssd_zhang/thesis_michel/server_processing/t0_rootFiles/beam28806_new202602/wvf_applyCut_removeBeam/wvfFind_event19547_trackID1_opNum9.root
[COPY] event=19588, trackID=5, T0=-0.140354 -> /Volumes/ssd_zhang/thesis_michel/server_processing/t0_rootFiles/beam28806_new202602/wvf_applyCut_removeBeam/wvfFind_event19588_trackID5_opNum9.root
[COPY] event=19617, trackID=13, T0=0.102282 -> /Volumes/ssd_zhang/thesis_michel/server_processing/t0_rootFiles/beam28806_new202602/wvf_applyCut_removeBeam/wvfFind_event19617_trackID13_opNum8.root
[COPY] event=1961, trackID=6, T0=-1.7303 -> /Volumes/ssd_zhang/thesis_michel/server_processing/t0_rootFiles/beam28806_new202602/wvf_applyCut_removeBeam/wvfFind_event1961_trackID6_opNum8.root
[COPY] event=1961, trackID=6, T0=-1.7303 -> /Volumes/ssd_zhang/thesis_michel/server_processing/t0_rootFiles/beam28806_new202602/wvf_applyCut_removeBeam/wvfFind_event1961_trackID6_opNum8_2.root
[COPY] event=19651, trackID=4, T0=0.198614 -> /Volumes/ssd_zhang/thesis_michel/server_processing/t0_rootFiles/beam28806_new202602/wvf_applyCut_removeBeam/wvfFind_event19651_trackID4_opNum5.root
[COPY] event=19659, trackID=0, T0=0.436221 -> /Volumes/ssd_zhang/thesis_michel/server_processing/t0_rootFiles/beam28806_new202602/wvf_applyCut_removeBeam/wvfFind_event19659_trackID0_opNum4.root
[COPY] event=19662, trackID=3, T0=-1.24716 -> /Volumes/ssd_zhang/thesis_michel/server_processing/t0_rootFiles/beam28806_new202602/wvf_applyCut_removeBeam/wvfFind_event19662_trackID3_opNum8.root
[COPY] event=19718, trackID=3, T0=0.280529 -> /Volumes/ssd_zhang/thesis_michel/server_processing/t0_rootFiles/beam28806_new202602/wvf_applyCut_removeBeam/wvfFind_event19718_trackID3_opNum3.root
[COPY] event=19718, trackID=3, T0=0.280529 -> /Volumes/ssd_zhang/thesis_michel/server_processing/t0_rootFiles/beam28806_new202602/wvf_applyCut_removeBeam/wvfFind_event19718_trackID3_opNum3_2.root
[COPY] event=19726, trackID=12, T0=-1.38716 -> /Volumes/ssd_zhang/thesis_michel/server_processing/t0_rootFiles/beam28806_new202602/wvf_applyCut_removeBeam/wvfFind_event19726_trackID12_opNum4.root
[COPY] event=19726, trackID=12, T0=-1.38716 -> /Volumes/ssd_zhang/thesis_michel/server_processing/t0_rootFiles/beam28806_new202602/wvf_applyCut_removeBeam/wvfFind_event19726_trackID12_opNum4_2.root
[COPY] event=19746, trackID=5, T0=0.389817 -> /Volumes/ssd_zhang/thesis_michel/server_processing/t0_rootFiles/beam28806_new202602/wvf_applyCut_removeBeam/wvfFind_event19746_trackID5_opNum8.root
[COPY] event=19749, trackID=2, T0=-0.447893 -> /Volumes/ssd_zhang/thesis_michel/server_processing/t0_rootFiles/beam28806_new202602/wvf_applyCut_removeBeam/wvfFind_event19749_trackID2_opNum5.root
[COPY] event=19749, trackID=2, T0=-0.447893 -> /Volumes/ssd_zhang/thesis_michel/server_processing/t0_rootFiles/beam28806_new202602/wvf_applyCut_removeBeam/wvfFind_event19749_trackID2_opNum5_2.root
[COPY] event=19754, trackID=8, T0=0.158155 -> /Volumes/ssd_zhang/thesis_michel/server_processing/t0_rootFiles/beam28806_new202602/wvf_applyCut_removeBeam/wvfFind_event19754_trackID8_opNum8.root
[COPY] event=19754, trackID=8, T0=0.158155 -> /Volumes/ssd_zhang/thesis_michel/server_processing/t0_rootFiles/beam28806_new202602/wvf_applyCut_removeBeam/wvfFind_event19754_trackID8_opNum8_2.root
[COPY] event=19767, trackID=13, T0=-1.95805 -> /Volumes/ssd_zhang/thesis_michel/server_processing/t0_rootFiles/beam28806_new202602/wvf_applyCut_removeBeam/wvfFind_event19767_trackID13_opNum5_merged.root
[COPY] event=19771, trackID=6, T0=-0.327418 -> /Volumes/ssd_zhang/thesis_michel/server_processing/t0_rootFiles/beam28806_new202602/wvf_applyCut_removeBeam/wvfFind_event19771_trackID6_opNum9.root
[COPY] event=1977, trackID=12, T0=-2.29678 -> /Volumes/ssd_zhang/thesis_michel/server_processing/t0_rootFiles/beam28806_new202602/wvf_applyCut_removeBeam/wvfFind_event1977_trackID12_opNum9.root
[COPY] event=1977, trackID=8, T0=-1.37544 -> /Volumes/ssd_zhang/thesis_michel/server_processing/t0_rootFiles/beam28806_new202602/wvf_applyCut_removeBeam/wvfFind_event1977_trackID8_opNum4.root
[COPY] event=1977, trackID=8, T0=-1.37544 -> /Volumes/ssd_zhang/thesis_michel/server_processing/t0_rootFiles/beam28806_new202602/wvf_applyCut_removeBeam/wvfFind_event1977_trackID8_opNum4_2.root
[COPY] event=19798, trackID=18, T0=-0.612921 -> /Volumes/ssd_zhang/thesis_michel/server_processing/t0_rootFiles/beam28806_new202602/wvf_applyCut_removeBeam/wvfFind_event19798_trackID18_opNum9.root
[COPY] event=19798, trackID=18, T0=-0.612921 -> /Volumes/ssd_zhang/thesis_michel/server_processing/t0_rootFiles/beam28806_new202602/wvf_applyCut_removeBeam/wvfFind_event19798_trackID18_opNum9_2.root
[COPY] event=19798, trackID=18, T0=-0.612921 -> /Volumes/ssd_zhang/thesis_michel/server_processing/t0_rootFiles/beam28806_new202602/wvf_applyCut_removeBeam/wvfFind_event19798_trackID18_opNum9_3.root
[COPY] event=19798, trackID=31, T0=-2.46116 -> /Volumes/ssd_zhang/thesis_michel/server_processing/t0_rootFiles/beam28806_new202602/wvf_applyCut_removeBeam/wvfFind_event19798_trackID31_opNum6.root
[COPY] event=19800, trackID=1, T0=-0.984048 -> /Volumes/ssd_zhang/thesis_michel/server_processing/t0_rootFiles/beam28806_new202602/wvf_applyCut_removeBeam/wvfFind_event19800_trackID1_opNum5.root
[COPY] event=19800, trackID=1, T0=-0.984048 -> /Volumes/ssd_zhang/thesis_michel/server_processing/t0_rootFiles/beam28806_new202602/wvf_applyCut_removeBeam/wvfFind_event19800_trackID1_opNum5_2.root
[COPY] event=19800, trackID=21, T0=-2.29558 -> /Volumes/ssd_zhang/thesis_michel/server_processing/t0_rootFiles/beam28806_new202602/wvf_applyCut_removeBeam/wvfFind_event19800_trackID21_opNum5.root
[COPY] event=19816, trackID=5, T0=-1.1051 -> /Volumes/ssd_zhang/thesis_michel/server_processing/t0_rootFiles/beam28806_new202602/wvf_applyCut_removeBeam/wvfFind_event19816_trackID5_opNum9.root
[COPY] event=19837, trackID=7, T0=-0.210385 -> /Volumes/ssd_zhang/thesis_michel/server_processing/t0_rootFiles/beam28806_new202602/wvf_applyCut_removeBeam/wvfFind_event19837_trackID7_opNum9.root
[COPY] event=19872, trackID=7, T0=-1.22876 -> /Volumes/ssd_zhang/thesis_michel/server_processing/t0_rootFiles/beam28806_new202602/wvf_applyCut_removeBeam/wvfFind_event19872_trackID7_opNum8_merged.root
[COPY] event=19890, trackID=6, T0=-0.190541 -> /Volumes/ssd_zhang/thesis_michel/server_processing/t0_rootFiles/beam28806_new202602/wvf_applyCut_removeBeam/wvfFind_event19890_trackID6_opNum9.root
[COPY] event=19890, trackID=6, T0=-0.190541 -> /Volumes/ssd_zhang/thesis_michel/server_processing/t0_rootFiles/beam28806_new202602/wvf_applyCut_removeBeam/wvfFind_event19890_trackID6_opNum9_2.root
[COPY] event=19943, trackID=9, T0=-1.67972 -> /Volumes/ssd_zhang/thesis_michel/server_processing/t0_rootFiles/beam28806_new202602/wvf_applyCut_removeBeam/wvfFind_event19943_trackID9_opNum9.root
[COPY] event=19943, trackID=9, T0=-1.67972 -> /Volumes/ssd_zhang/thesis_michel/server_processing/t0_rootFiles/beam28806_new202602/wvf_applyCut_removeBeam/wvfFind_event19943_trackID9_opNum9_2.root
[COPY] event=19964, trackID=10, T0=-1.48002 -> /Volumes/ssd_zhang/thesis_michel/server_processing/t0_rootFiles/beam28806_new202602/wvf_applyCut_removeBeam/wvfFind_event19964_trackID10_opNum3_merged.root
[COPY] event=19977, trackID=2, T0=-1.72522 -> /Volumes/ssd_zhang/thesis_michel/server_processing/t0_rootFiles/beam28806_new202602/wvf_applyCut_removeBeam/wvfFind_event19977_trackID2_opNum8.root
[COPY] event=19979, trackID=4, T0=-1.73358 -> /Volumes/ssd_zhang/thesis_michel/server_processing/t0_rootFiles/beam28806_new202602/wvf_applyCut_removeBeam/wvfFind_event19979_trackID4_opNum4.root
[COPY] event=1998, trackID=4, T0=-0.87342 -> /Volumes/ssd_zhang/thesis_michel/server_processing/t0_rootFiles/beam28806_new202602/wvf_applyCut_removeBeam/wvfFind_event1998_trackID4_opNum8.root
[COPY] event=1998, trackID=4, T0=-0.87342 -> /Volumes/ssd_zhang/thesis_michel/server_processing/t0_rootFiles/beam28806_new202602/wvf_applyCut_removeBeam/wvfFind_event1998_trackID4_opNum8_2.root
[COPY] event=19994, trackID=7, T0=-1.92464 -> /Volumes/ssd_zhang/thesis_michel/server_processing/t0_rootFiles/beam28806_new202602/wvf_applyCut_removeBeam/wvfFind_event19994_trackID7_opNum4.root
[COPY] event=19994, trackID=7, T0=-1.92464 -> /Volumes/ssd_zhang/thesis_michel/server_processing/t0_rootFiles/beam28806_new202602/wvf_applyCut_removeBeam/wvfFind_event19994_trackID7_opNum4_2.root
[SKIP] (in range) event=20007, trackID=5, T0=-0.0631189
[SKIP] (in range) event=20007, trackID=5, T0=-0.0631189
[COPY] event=20011, trackID=8, T0=-0.356649 -> /Volumes/ssd_zhang/thesis_michel/server_processing/t0_rootFiles/beam28806_new202602/wvf_applyCut_removeBeam/wvfFind_event20011_trackID8_opNum5.root
[COPY] event=20039, trackID=21, T0=-2.08995 -> /Volumes/ssd_zhang/thesis_michel/server_processing/t0_rootFiles/beam28806_new202602/wvf_applyCut_removeBeam/wvfFind_event20039_trackID21_opNum9_merged.root
[COPY] event=20044, trackID=10, T0=-0.506802 -> /Volumes/ssd_zhang/thesis_michel/server_processing/t0_rootFiles/beam28806_new202602/wvf_applyCut_removeBeam/wvfFind_event20044_trackID10_opNum3.root
[COPY] event=20070, trackID=9, T0=-0.365657 -> /Volumes/ssd_zhang/thesis_michel/server_processing/t0_rootFiles/beam28806_new202602/wvf_applyCut_removeBeam/wvfFind_event20070_trackID9_opNum4.root
[COPY] event=20079, trackID=12, T0=0.169365 -> /Volumes/ssd_zhang/thesis_michel/server_processing/t0_rootFiles/beam28806_new202602/wvf_applyCut_removeBeam/wvfFind_event20079_trackID12_opNum8.root
[COPY] event=20079, trackID=12, T0=0.169365 -> /Volumes/ssd_zhang/thesis_michel/server_processing/t0_rootFiles/beam28806_new202602/wvf_applyCut_removeBeam/wvfFind_event20079_trackID12_opNum8_2.root
[COPY] event=20105, trackID=0, T0=-0.911376 -> /Volumes/ssd_zhang/thesis_michel/server_processing/t0_rootFiles/beam28806_new202602/wvf_applyCut_removeBeam/wvfFind_event20105_trackID0_opNum5.root
[COPY] event=20105, trackID=5, T0=-2.22187 -> /Volumes/ssd_zhang/thesis_michel/server_processing/t0_rootFiles/beam28806_new202602/wvf_applyCut_removeBeam/wvfFind_event20105_trackID5_opNum5.root
[COPY] event=20112, trackID=3, T0=0.456284 -> /Volumes/ssd_zhang/thesis_michel/server_processing/t0_rootFiles/beam28806_new202602/wvf_applyCut_removeBeam/wvfFind_event20112_trackID3_opNum9.root
[COPY] event=20122, trackID=5, T0=0.35256 -> /Volumes/ssd_zhang/thesis_michel/server_processing/t0_rootFiles/beam28806_new202602/wvf_applyCut_removeBeam/wvfFind_event20122_trackID5_opNum7.root
[COPY] event=20135, trackID=6, T0=0.219677 -> /Volumes/ssd_zhang/thesis_michel/server_processing/t0_rootFiles/beam28806_new202602/wvf_applyCut_removeBeam/wvfFind_event20135_trackID6_opNum6_merged.root
[COPY] event=20146, trackID=14, T0=-0.265371 -> /Volumes/ssd_zhang/thesis_michel/server_processing/t0_rootFiles/beam28806_new202602/wvf_applyCut_removeBeam/wvfFind_event20146_trackID14_opNum9.root
[COPY] event=20152, trackID=21, T0=-1.99769 -> /Volumes/ssd_zhang/thesis_michel/server_processing/t0_rootFiles/beam28806_new202602/wvf_applyCut_removeBeam/wvfFind_event20152_trackID21_opNum9.root
[COPY] event=20176, trackID=15, T0=-2.27458 -> /Volumes/ssd_zhang/thesis_michel/server_processing/t0_rootFiles/beam28806_new202602/wvf_applyCut_removeBeam/wvfFind_event20176_trackID15_opNum5.root
[COPY] event=20176, trackID=15, T0=-2.27458 -> /Volumes/ssd_zhang/thesis_michel/server_processing/t0_rootFiles/beam28806_new202602/wvf_applyCut_removeBeam/wvfFind_event20176_trackID15_opNum5_2.root
[COPY] event=20177, trackID=8, T0=-2.01682 -> /Volumes/ssd_zhang/thesis_michel/server_processing/t0_rootFiles/beam28806_new202602/wvf_applyCut_removeBeam/wvfFind_event20177_trackID8_opNum6_merged.root
[COPY] event=20179, trackID=7, T0=-1.77543 -> /Volumes/ssd_zhang/thesis_michel/server_processing/t0_rootFiles/beam28806_new202602/wvf_applyCut_removeBeam/wvfFind_event20179_trackID7_opNum9_merged.root
[COPY] event=20219, trackID=9, T0=-1.36743 -> /Volumes/ssd_zhang/thesis_michel/server_processing/t0_rootFiles/beam28806_new202602/wvf_applyCut_removeBeam/wvfFind_event20219_trackID9_opNum3.root
[COPY] event=20245, trackID=13, T0=-1.31348 -> /Volumes/ssd_zhang/thesis_michel/server_processing/t0_rootFiles/beam28806_new202602/wvf_applyCut_removeBeam/wvfFind_event20245_trackID13_opNum9.root
[COPY] event=20254, trackID=27, T0=-0.195869 -> /Volumes/ssd_zhang/thesis_michel/server_processing/t0_rootFiles/beam28806_new202602/wvf_applyCut_removeBeam/wvfFind_event20254_trackID27_opNum3.root
[COPY] event=2025, trackID=6, T0=-1.94299 -> /Volumes/ssd_zhang/thesis_michel/server_processing/t0_rootFiles/beam28806_new202602/wvf_applyCut_removeBeam/wvfFind_event2025_trackID6_opNum5.root
[COPY] event=20311, trackID=33, T0=-2.38795 -> /Volumes/ssd_zhang/thesis_michel/server_processing/t0_rootFiles/beam28806_new202602/wvf_applyCut_removeBeam/wvfFind_event20311_trackID33_opNum8.root
[COPY] event=20323, trackID=5, T0=0.27879 -> /Volumes/ssd_zhang/thesis_michel/server_processing/t0_rootFiles/beam28806_new202602/wvf_applyCut_removeBeam/wvfFind_event20323_trackID5_opNum8.root
[COPY] event=20331, trackID=7, T0=0.338043 -> /Volumes/ssd_zhang/thesis_michel/server_processing/t0_rootFiles/beam28806_new202602/wvf_applyCut_removeBeam/wvfFind_event20331_trackID7_opNum6_merged.root
[COPY] event=20358, trackID=3, T0=-1.34242 -> /Volumes/ssd_zhang/thesis_michel/server_processing/t0_rootFiles/beam28806_new202602/wvf_applyCut_removeBeam/wvfFind_event20358_trackID3_opNum9.root
[COPY] event=20379, trackID=17, T0=-1.898 -> /Volumes/ssd_zhang/thesis_michel/server_processing/t0_rootFiles/beam28806_new202602/wvf_applyCut_removeBeam/wvfFind_event20379_trackID17_opNum6.root
[COPY] event=20379, trackID=17, T0=-1.898 -> /Volumes/ssd_zhang/thesis_michel/server_processing/t0_rootFiles/beam28806_new202602/wvf_applyCut_removeBeam/wvfFind_event20379_trackID17_opNum6_2.root
[COPY] event=20396, trackID=14, T0=-1.05685 -> /Volumes/ssd_zhang/thesis_michel/server_processing/t0_rootFiles/beam28806_new202602/wvf_applyCut_removeBeam/wvfFind_event20396_trackID14_opNum6.root
[SKIP] (in range) event=20398, trackID=11, T0=-0.0979151
[COPY] event=20436, trackID=10, T0=-2.34099 -> /Volumes/ssd_zhang/thesis_michel/server_processing/t0_rootFiles/beam28806_new202602/wvf_applyCut_removeBeam/wvfFind_event20436_trackID10_opNum6.root
[COPY] event=20437, trackID=5, T0=0.0642458 -> /Volumes/ssd_zhang/thesis_michel/server_processing/t0_rootFiles/beam28806_new202602/wvf_applyCut_removeBeam/wvfFind_event20437_trackID5_opNum9.root
[COPY] event=20443, trackID=0, T0=-0.184261 -> /Volumes/ssd_zhang/thesis_michel/server_processing/t0_rootFiles/beam28806_new202602/wvf_applyCut_removeBeam/wvfFind_event20443_trackID0_opNum4.root
[COPY] event=20451, trackID=0, T0=-0.229334 -> /Volumes/ssd_zhang/thesis_michel/server_processing/t0_rootFiles/beam28806_new202602/wvf_applyCut_removeBeam/wvfFind_event20451_trackID0_opNum4.root
[COPY] event=20456, trackID=19, T0=-1.37912 -> /Volumes/ssd_zhang/thesis_michel/server_processing/t0_rootFiles/beam28806_new202602/wvf_applyCut_removeBeam/wvfFind_event20456_trackID19_opNum7_merged.root
[COPY] event=2045, trackID=9, T0=-1.67043 -> /Volumes/ssd_zhang/thesis_michel/server_processing/t0_rootFiles/beam28806_new202602/wvf_applyCut_removeBeam/wvfFind_event2045_trackID9_opNum4.root
[COPY] event=20462, trackID=6, T0=-0.236496 -> /Volumes/ssd_zhang/thesis_michel/server_processing/t0_rootFiles/beam28806_new202602/wvf_applyCut_removeBeam/wvfFind_event20462_trackID6_opNum9.root
[COPY] event=20467, trackID=11, T0=0.296261 -> /Volumes/ssd_zhang/thesis_michel/server_processing/t0_rootFiles/beam28806_new202602/wvf_applyCut_removeBeam/wvfFind_event20467_trackID11_opNum5.root
[COPY] event=20476, trackID=8, T0=-0.479251 -> /Volumes/ssd_zhang/thesis_michel/server_processing/t0_rootFiles/beam28806_new202602/wvf_applyCut_removeBeam/wvfFind_event20476_trackID8_opNum5.root
[COPY] event=20537, trackID=13, T0=-0.902155 -> /Volumes/ssd_zhang/thesis_michel/server_processing/t0_rootFiles/beam28806_new202602/wvf_applyCut_removeBeam/wvfFind_event20537_trackID13_opNum7.root
[COPY] event=20546, trackID=14, T0=-0.655781 -> /Volumes/ssd_zhang/thesis_michel/server_processing/t0_rootFiles/beam28806_new202602/wvf_applyCut_removeBeam/wvfFind_event20546_trackID14_opNum7_merged.root
[COPY] event=20581, trackID=14, T0=-2.33485 -> /Volumes/ssd_zhang/thesis_michel/server_processing/t0_rootFiles/beam28806_new202602/wvf_applyCut_removeBeam/wvfFind_event20581_trackID14_opNum9.root
[COPY] event=20602, trackID=3, T0=-0.334903 -> /Volumes/ssd_zhang/thesis_michel/server_processing/t0_rootFiles/beam28806_new202602/wvf_applyCut_removeBeam/wvfFind_event20602_trackID3_opNum4_merged.root
[COPY] event=20620, trackID=4, T0=-1.58434 -> /Volumes/ssd_zhang/thesis_michel/server_processing/t0_rootFiles/beam28806_new202602/wvf_applyCut_removeBeam/wvfFind_event20620_trackID4_opNum4.root
[COPY] event=20634, trackID=2, T0=-0.0255637 -> /Volumes/ssd_zhang/thesis_michel/server_processing/t0_rootFiles/beam28806_new202602/wvf_applyCut_removeBeam/wvfFind_event20634_trackID2_opNum5.root
[COPY] event=20644, trackID=2, T0=-0.658742 -> /Volumes/ssd_zhang/thesis_michel/server_processing/t0_rootFiles/beam28806_new202602/wvf_applyCut_removeBeam/wvfFind_event20644_trackID2_opNum5.root
[COPY] event=20644, trackID=2, T0=-0.658742 -> /Volumes/ssd_zhang/thesis_michel/server_processing/t0_rootFiles/beam28806_new202602/wvf_applyCut_removeBeam/wvfFind_event20644_trackID2_opNum5_2.root
[COPY] event=20658, trackID=1, T0=-0.689936 -> /Volumes/ssd_zhang/thesis_michel/server_processing/t0_rootFiles/beam28806_new202602/wvf_applyCut_removeBeam/wvfFind_event20658_trackID1_opNum9.root
[COPY] event=20664, trackID=6, T0=0.0998901 -> /Volumes/ssd_zhang/thesis_michel/server_processing/t0_rootFiles/beam28806_new202602/wvf_applyCut_removeBeam/wvfFind_event20664_trackID6_opNum5_merged.root
[COPY] event=20667, trackID=27, T0=-0.534442 -> /Volumes/ssd_zhang/thesis_michel/server_processing/t0_rootFiles/beam28806_new202602/wvf_applyCut_removeBeam/wvfFind_event20667_trackID27_opNum8.root
[COPY] event=20671, trackID=8, T0=-1.93191 -> /Volumes/ssd_zhang/thesis_michel/server_processing/t0_rootFiles/beam28806_new202602/wvf_applyCut_removeBeam/wvfFind_event20671_trackID8_opNum5.root
[COPY] event=20685, trackID=21, T0=-1.60519 -> /Volumes/ssd_zhang/thesis_michel/server_processing/t0_rootFiles/beam28806_new202602/wvf_applyCut_removeBeam/wvfFind_event20685_trackID21_opNum9.root
[COPY] event=20716, trackID=3, T0=-1.54851 -> /Volumes/ssd_zhang/thesis_michel/server_processing/t0_rootFiles/beam28806_new202602/wvf_applyCut_removeBeam/wvfFind_event20716_trackID3_opNum4.root
[COPY] event=20727, trackID=7, T0=-1.56032 -> /Volumes/ssd_zhang/thesis_michel/server_processing/t0_rootFiles/beam28806_new202602/wvf_applyCut_removeBeam/wvfFind_event20727_trackID7_opNum9.root
[COPY] event=20749, trackID=0, T0=-1.16543 -> /Volumes/ssd_zhang/thesis_michel/server_processing/t0_rootFiles/beam28806_new202602/wvf_applyCut_removeBeam/wvfFind_event20749_trackID0_opNum5.root
[COPY] event=20749, trackID=0, T0=-1.16543 -> /Volumes/ssd_zhang/thesis_michel/server_processing/t0_rootFiles/beam28806_new202602/wvf_applyCut_removeBeam/wvfFind_event20749_trackID0_opNum5_2.root
[COPY] event=20755, trackID=0, T0=-0.602793 -> /Volumes/ssd_zhang/thesis_michel/server_processing/t0_rootFiles/beam28806_new202602/wvf_applyCut_removeBeam/wvfFind_event20755_trackID0_opNum8.root
[COPY] event=20755, trackID=10, T0=-1.39933 -> /Volumes/ssd_zhang/thesis_michel/server_processing/t0_rootFiles/beam28806_new202602/wvf_applyCut_removeBeam/wvfFind_event20755_trackID10_opNum8.root
[COPY] event=20760, trackID=10, T0=1.16633 -> /Volumes/ssd_zhang/thesis_michel/server_processing/t0_rootFiles/beam28806_new202602/wvf_applyCut_removeBeam/wvfFind_event20760_trackID10_opNum9.root
[COPY] event=2076, trackID=5, T0=-1.11635 -> /Volumes/ssd_zhang/thesis_michel/server_processing/t0_rootFiles/beam28806_new202602/wvf_applyCut_removeBeam/wvfFind_event2076_trackID5_opNum6.root
[COPY] event=20770, trackID=0, T0=-1.26764 -> /Volumes/ssd_zhang/thesis_michel/server_processing/t0_rootFiles/beam28806_new202602/wvf_applyCut_removeBeam/wvfFind_event20770_trackID0_opNum5.root
[COPY] event=20771, trackID=4, T0=0.421697 -> /Volumes/ssd_zhang/thesis_michel/server_processing/t0_rootFiles/beam28806_new202602/wvf_applyCut_removeBeam/wvfFind_event20771_trackID4_opNum3.root
[COPY] event=20771, trackID=4, T0=0.421697 -> /Volumes/ssd_zhang/thesis_michel/server_processing/t0_rootFiles/beam28806_new202602/wvf_applyCut_removeBeam/wvfFind_event20771_trackID4_opNum3_2.root
[COPY] event=20852, trackID=0, T0=-0.979528 -> /Volumes/ssd_zhang/thesis_michel/server_processing/t0_rootFiles/beam28806_new202602/wvf_applyCut_removeBeam/wvfFind_event20852_trackID0_opNum3.root
[COPY] event=20852, trackID=3, T0=-1.49519 -> /Volumes/ssd_zhang/thesis_michel/server_processing/t0_rootFiles/beam28806_new202602/wvf_applyCut_removeBeam/wvfFind_event20852_trackID3_opNum9.root
[COPY] event=2086, trackID=0, T0=-0.566577 -> /Volumes/ssd_zhang/thesis_michel/server_processing/t0_rootFiles/beam28806_new202602/wvf_applyCut_removeBeam/wvfFind_event2086_trackID0_opNum5_merged.root
[COPY] event=20892, trackID=8, T0=0.0810145 -> /Volumes/ssd_zhang/thesis_michel/server_processing/t0_rootFiles/beam28806_new202602/wvf_applyCut_removeBeam/wvfFind_event20892_trackID8_opNum9_merged.root
[COPY] event=20915, trackID=7, T0=0.409909 -> /Volumes/ssd_zhang/thesis_michel/server_processing/t0_rootFiles/beam28806_new202602/wvf_applyCut_removeBeam/wvfFind_event20915_trackID7_opNum4.root
[COPY] event=20927, trackID=4, T0=-1.46815 -> /Volumes/ssd_zhang/thesis_michel/server_processing/t0_rootFiles/beam28806_new202602/wvf_applyCut_removeBeam/wvfFind_event20927_trackID4_opNum5_merged.root
[COPY] event=20932, trackID=2, T0=0.171566 -> /Volumes/ssd_zhang/thesis_michel/server_processing/t0_rootFiles/beam28806_new202602/wvf_applyCut_removeBeam/wvfFind_event20932_trackID2_opNum3.root
[COPY] event=20939, trackID=4, T0=0.27804 -> /Volumes/ssd_zhang/thesis_michel/server_processing/t0_rootFiles/beam28806_new202602/wvf_applyCut_removeBeam/wvfFind_event20939_trackID4_opNum9.root
[COPY] event=20939, trackID=7, T0=-2.01284 -> /Volumes/ssd_zhang/thesis_michel/server_processing/t0_rootFiles/beam28806_new202602/wvf_applyCut_removeBeam/wvfFind_event20939_trackID7_opNum6.root
[COPY] event=20939, trackID=7, T0=-2.01284 -> /Volumes/ssd_zhang/thesis_michel/server_processing/t0_rootFiles/beam28806_new202602/wvf_applyCut_removeBeam/wvfFind_event20939_trackID7_opNum6_2.root
[COPY] event=20944, trackID=1, T0=-0.75282 -> /Volumes/ssd_zhang/thesis_michel/server_processing/t0_rootFiles/beam28806_new202602/wvf_applyCut_removeBeam/wvfFind_event20944_trackID1_opNum4.root
[COPY] event=20948, trackID=5, T0=0.463985 -> /Volumes/ssd_zhang/thesis_michel/server_processing/t0_rootFiles/beam28806_new202602/wvf_applyCut_removeBeam/wvfFind_event20948_trackID5_opNum5_2.root
[COPY] event=20948, trackID=5, T0=0.463985 -> /Volumes/ssd_zhang/thesis_michel/server_processing/t0_rootFiles/beam28806_new202602/wvf_applyCut_removeBeam/wvfFind_event20948_trackID5_opNum6_merged.root
[COPY] event=20950, trackID=4, T0=-0.249553 -> /Volumes/ssd_zhang/thesis_michel/server_processing/t0_rootFiles/beam28806_new202602/wvf_applyCut_removeBeam/wvfFind_event20950_trackID4_opNum5_merged.root
[COPY] event=20968, trackID=1, T0=-1.19731 -> /Volumes/ssd_zhang/thesis_michel/server_processing/t0_rootFiles/beam28806_new202602/wvf_applyCut_removeBeam/wvfFind_event20968_trackID1_opNum4.root
[COPY] event=20980, trackID=2, T0=-0.335895 -> /Volumes/ssd_zhang/thesis_michel/server_processing/t0_rootFiles/beam28806_new202602/wvf_applyCut_removeBeam/wvfFind_event20980_trackID2_opNum5.root
[COPY] event=20981, trackID=25, T0=-2.18794 -> /Volumes/ssd_zhang/thesis_michel/server_processing/t0_rootFiles/beam28806_new202602/wvf_applyCut_removeBeam/wvfFind_event20981_trackID25_opNum4.root
[COPY] event=2099, trackID=31, T0=-2.23056 -> /Volumes/ssd_zhang/thesis_michel/server_processing/t0_rootFiles/beam28806_new202602/wvf_applyCut_removeBeam/wvfFind_event2099_trackID31_opNum4.root
[COPY] event=21001, trackID=0, T0=-0.315238 -> /Volumes/ssd_zhang/thesis_michel/server_processing/t0_rootFiles/beam28806_new202602/wvf_applyCut_removeBeam/wvfFind_event21001_trackID0_opNum9.root
[COPY] event=21001, trackID=0, T0=-0.315238 -> /Volumes/ssd_zhang/thesis_michel/server_processing/t0_rootFiles/beam28806_new202602/wvf_applyCut_removeBeam/wvfFind_event21001_trackID0_opNum9_2.root
[COPY] event=21009, trackID=15, T0=0.112441 -> /Volumes/ssd_zhang/thesis_michel/server_processing/t0_rootFiles/beam28806_new202602/wvf_applyCut_removeBeam/wvfFind_event21009_trackID15_opNum9.root
[COPY] event=2103, trackID=15, T0=-0.769059 -> /Volumes/ssd_zhang/thesis_michel/server_processing/t0_rootFiles/beam28806_new202602/wvf_applyCut_removeBeam/wvfFind_event2103_trackID15_opNum3.root
[COPY] event=21049, trackID=0, T0=-0.296013 -> /Volumes/ssd_zhang/thesis_michel/server_processing/t0_rootFiles/beam28806_new202602/wvf_applyCut_removeBeam/wvfFind_event21049_trackID0_opNum5.root
[COPY] event=21049, trackID=16, T0=-0.906743 -> /Volumes/ssd_zhang/thesis_michel/server_processing/t0_rootFiles/beam28806_new202602/wvf_applyCut_removeBeam/wvfFind_event21049_trackID16_opNum9.root
[COPY] event=21056, trackID=8, T0=-0.487095 -> /Volumes/ssd_zhang/thesis_michel/server_processing/t0_rootFiles/beam28806_new202602/wvf_applyCut_removeBeam/wvfFind_event21056_trackID8_opNum7.root
[SKIP] (in range) event=21063, trackID=1, T0=-0.0344616
[COPY] event=21082, trackID=6, T0=0.39132 -> /Volumes/ssd_zhang/thesis_michel/server_processing/t0_rootFiles/beam28806_new202602/wvf_applyCut_removeBeam/wvfFind_event21082_trackID6_opNum7_merged.root
[COPY] event=21090, trackID=12, T0=-1.97811 -> /Volumes/ssd_zhang/thesis_michel/server_processing/t0_rootFiles/beam28806_new202602/wvf_applyCut_removeBeam/wvfFind_event21090_trackID12_opNum9.root
[COPY] event=21104, trackID=5, T0=-0.699959 -> /Volumes/ssd_zhang/thesis_michel/server_processing/t0_rootFiles/beam28806_new202602/wvf_applyCut_removeBeam/wvfFind_event21104_trackID5_opNum4.root
[COPY] event=21107, trackID=3, T0=0.426394 -> /Volumes/ssd_zhang/thesis_michel/server_processing/t0_rootFiles/beam28806_new202602/wvf_applyCut_removeBeam/wvfFind_event21107_trackID3_opNum3.root
[COPY] event=21113, trackID=4, T0=-1.17462 -> /Volumes/ssd_zhang/thesis_michel/server_processing/t0_rootFiles/beam28806_new202602/wvf_applyCut_removeBeam/wvfFind_event21113_trackID4_opNum3.root
[COPY] event=21117, trackID=3, T0=0.0434051 -> /Volumes/ssd_zhang/thesis_michel/server_processing/t0_rootFiles/beam28806_new202602/wvf_applyCut_removeBeam/wvfFind_event21117_trackID3_opNum7.root
[COPY] event=21117, trackID=3, T0=0.0434051 -> /Volumes/ssd_zhang/thesis_michel/server_processing/t0_rootFiles/beam28806_new202602/wvf_applyCut_removeBeam/wvfFind_event21117_trackID3_opNum7_2.root
[COPY] event=21126, trackID=13, T0=-1.28965 -> /Volumes/ssd_zhang/thesis_michel/server_processing/t0_rootFiles/beam28806_new202602/wvf_applyCut_removeBeam/wvfFind_event21126_trackID13_opNum9.root
[COPY] event=21126, trackID=13, T0=-1.28965 -> /Volumes/ssd_zhang/thesis_michel/server_processing/t0_rootFiles/beam28806_new202602/wvf_applyCut_removeBeam/wvfFind_event21126_trackID13_opNum9_2.root
[COPY] event=21130, trackID=4, T0=2.28602 -> /Volumes/ssd_zhang/thesis_michel/server_processing/t0_rootFiles/beam28806_new202602/wvf_applyCut_removeBeam/wvfFind_event21130_trackID4_opNum9.root
[COPY] event=21133, trackID=2, T0=0.291364 -> /Volumes/ssd_zhang/thesis_michel/server_processing/t0_rootFiles/beam28806_new202602/wvf_applyCut_removeBeam/wvfFind_event21133_trackID2_opNum9.root
[COPY] event=21135, trackID=3, T0=0.433249 -> /Volumes/ssd_zhang/thesis_michel/server_processing/t0_rootFiles/beam28806_new202602/wvf_applyCut_removeBeam/wvfFind_event21135_trackID3_opNum8.root
[COPY] event=21135, trackID=3, T0=0.433249 -> /Volumes/ssd_zhang/thesis_michel/server_processing/t0_rootFiles/beam28806_new202602/wvf_applyCut_removeBeam/wvfFind_event21135_trackID3_opNum8_2.root
[COPY] event=21141, trackID=16, T0=-0.983643 -> /Volumes/ssd_zhang/thesis_michel/server_processing/t0_rootFiles/beam28806_new202602/wvf_applyCut_removeBeam/wvfFind_event21141_trackID16_opNum9.root
[COPY] event=21141, trackID=16, T0=-0.983643 -> /Volumes/ssd_zhang/thesis_michel/server_processing/t0_rootFiles/beam28806_new202602/wvf_applyCut_removeBeam/wvfFind_event21141_trackID16_opNum9_2.root
[COPY] event=21141, trackID=8, T0=-0.656493 -> /Volumes/ssd_zhang/thesis_michel/server_processing/t0_rootFiles/beam28806_new202602/wvf_applyCut_removeBeam/wvfFind_event21141_trackID8_opNum9_merged.root
[COPY] event=21147, trackID=3, T0=-1.04783 -> /Volumes/ssd_zhang/thesis_michel/server_processing/t0_rootFiles/beam28806_new202602/wvf_applyCut_removeBeam/wvfFind_event21147_trackID3_opNum5.root
[COPY] event=21147, trackID=6, T0=-0.213472 -> /Volumes/ssd_zhang/thesis_michel/server_processing/t0_rootFiles/beam28806_new202602/wvf_applyCut_removeBeam/wvfFind_event21147_trackID6_opNum7.root
[COPY] event=21169, trackID=1, T0=-1.06083 -> /Volumes/ssd_zhang/thesis_michel/server_processing/t0_rootFiles/beam28806_new202602/wvf_applyCut_removeBeam/wvfFind_event21169_trackID1_opNum6.root
[COPY] event=21169, trackID=5, T0=0.265455 -> /Volumes/ssd_zhang/thesis_michel/server_processing/t0_rootFiles/beam28806_new202602/wvf_applyCut_removeBeam/wvfFind_event21169_trackID5_opNum8.root
[COPY] event=2116, trackID=0, T0=0.308919 -> /Volumes/ssd_zhang/thesis_michel/server_processing/t0_rootFiles/beam28806_new202602/wvf_applyCut_removeBeam/wvfFind_event2116_trackID0_opNum5.root
[COPY] event=21173, trackID=11, T0=-1.32215 -> /Volumes/ssd_zhang/thesis_michel/server_processing/t0_rootFiles/beam28806_new202602/wvf_applyCut_removeBeam/wvfFind_event21173_trackID11_opNum5.root
[COPY] event=21199, trackID=28, T0=-1.89891 -> /Volumes/ssd_zhang/thesis_michel/server_processing/t0_rootFiles/beam28806_new202602/wvf_applyCut_removeBeam/wvfFind_event21199_trackID28_opNum6.root
[COPY] event=21232, trackID=1, T0=-1.15346 -> /Volumes/ssd_zhang/thesis_michel/server_processing/t0_rootFiles/beam28806_new202602/wvf_applyCut_removeBeam/wvfFind_event21232_trackID1_opNum5.root
[COPY] event=21238, trackID=8, T0=-2.1495 -> /Volumes/ssd_zhang/thesis_michel/server_processing/t0_rootFiles/beam28806_new202602/wvf_applyCut_removeBeam/wvfFind_event21238_trackID8_opNum4_merged.root
[COPY] event=21263, trackID=16, T0=-0.816423 -> /Volumes/ssd_zhang/thesis_michel/server_processing/t0_rootFiles/beam28806_new202602/wvf_applyCut_removeBeam/wvfFind_event21263_trackID16_opNum5.root
[COPY] event=21263, trackID=32, T0=-2.28653 -> /Volumes/ssd_zhang/thesis_michel/server_processing/t0_rootFiles/beam28806_new202602/wvf_applyCut_removeBeam/wvfFind_event21263_trackID32_opNum5_merged.root
[COPY] event=21271, trackID=2, T0=-0.68436 -> /Volumes/ssd_zhang/thesis_michel/server_processing/t0_rootFiles/beam28806_new202602/wvf_applyCut_removeBeam/wvfFind_event21271_trackID2_opNum5.root
[COPY] event=21272, trackID=43, T0=-2.43126 -> /Volumes/ssd_zhang/thesis_michel/server_processing/t0_rootFiles/beam28806_new202602/wvf_applyCut_removeBeam/wvfFind_event21272_trackID43_opNum8.root
[COPY] event=21296, trackID=10, T0=-0.516843 -> /Volumes/ssd_zhang/thesis_michel/server_processing/t0_rootFiles/beam28806_new202602/wvf_applyCut_removeBeam/wvfFind_event21296_trackID10_opNum9.root
[COPY] event=21307, trackID=5, T0=-2.21581 -> /Volumes/ssd_zhang/thesis_michel/server_processing/t0_rootFiles/beam28806_new202602/wvf_applyCut_removeBeam/wvfFind_event21307_trackID5_opNum8.root
[COPY] event=21307, trackID=5, T0=-2.21581 -> /Volumes/ssd_zhang/thesis_michel/server_processing/t0_rootFiles/beam28806_new202602/wvf_applyCut_removeBeam/wvfFind_event21307_trackID5_opNum8_2.root
[COPY] event=21318, trackID=14, T0=-0.246998 -> /Volumes/ssd_zhang/thesis_michel/server_processing/t0_rootFiles/beam28806_new202602/wvf_applyCut_removeBeam/wvfFind_event21318_trackID14_opNum4_merged.root
[COPY] event=21320, trackID=5, T0=-1.62809 -> /Volumes/ssd_zhang/thesis_michel/server_processing/t0_rootFiles/beam28806_new202602/wvf_applyCut_removeBeam/wvfFind_event21320_trackID5_opNum9.root
[COPY] event=21325, trackID=7, T0=-1.07063 -> /Volumes/ssd_zhang/thesis_michel/server_processing/t0_rootFiles/beam28806_new202602/wvf_applyCut_removeBeam/wvfFind_event21325_trackID7_opNum5.root
[COPY] event=21325, trackID=7, T0=-1.07063 -> /Volumes/ssd_zhang/thesis_michel/server_processing/t0_rootFiles/beam28806_new202602/wvf_applyCut_removeBeam/wvfFind_event21325_trackID7_opNum5_2.root
[COPY] event=21329, trackID=7, T0=-1.90587 -> /Volumes/ssd_zhang/thesis_michel/server_processing/t0_rootFiles/beam28806_new202602/wvf_applyCut_removeBeam/wvfFind_event21329_trackID7_opNum9.root
[COPY] event=21329, trackID=7, T0=-1.90587 -> /Volumes/ssd_zhang/thesis_michel/server_processing/t0_rootFiles/beam28806_new202602/wvf_applyCut_removeBeam/wvfFind_event21329_trackID7_opNum9_2.root
[COPY] event=21334, trackID=10, T0=-1.83676 -> /Volumes/ssd_zhang/thesis_michel/server_processing/t0_rootFiles/beam28806_new202602/wvf_applyCut_removeBeam/wvfFind_event21334_trackID10_opNum9.root
[COPY] event=21353, trackID=2, T0=-0.28084 -> /Volumes/ssd_zhang/thesis_michel/server_processing/t0_rootFiles/beam28806_new202602/wvf_applyCut_removeBeam/wvfFind_event21353_trackID2_opNum5.root
[COPY] event=21370, trackID=4, T0=-1.46215 -> /Volumes/ssd_zhang/thesis_michel/server_processing/t0_rootFiles/beam28806_new202602/wvf_applyCut_removeBeam/wvfFind_event21370_trackID4_opNum3.root
[COPY] event=21370, trackID=4, T0=-1.46215 -> /Volumes/ssd_zhang/thesis_michel/server_processing/t0_rootFiles/beam28806_new202602/wvf_applyCut_removeBeam/wvfFind_event21370_trackID4_opNum3_2.root
[COPY] event=21378, trackID=4, T0=-0.84418 -> /Volumes/ssd_zhang/thesis_michel/server_processing/t0_rootFiles/beam28806_new202602/wvf_applyCut_removeBeam/wvfFind_event21378_trackID4_opNum5.root
[COPY] event=21401, trackID=16, T0=-0.766877 -> /Volumes/ssd_zhang/thesis_michel/server_processing/t0_rootFiles/beam28806_new202602/wvf_applyCut_removeBeam/wvfFind_event21401_trackID16_opNum9.root
[COPY] event=21439, trackID=1, T0=-0.25452 -> /Volumes/ssd_zhang/thesis_michel/server_processing/t0_rootFiles/beam28806_new202602/wvf_applyCut_removeBeam/wvfFind_event21439_trackID1_opNum5.root
[COPY] event=21445, trackID=9, T0=-1.58231 -> /Volumes/ssd_zhang/thesis_michel/server_processing/t0_rootFiles/beam28806_new202602/wvf_applyCut_removeBeam/wvfFind_event21445_trackID9_opNum9.root
[COPY] event=21456, trackID=7, T0=-1.88044 -> /Volumes/ssd_zhang/thesis_michel/server_processing/t0_rootFiles/beam28806_new202602/wvf_applyCut_removeBeam/wvfFind_event21456_trackID7_opNum3.root
[COPY] event=21475, trackID=31, T0=-2.4297 -> /Volumes/ssd_zhang/thesis_michel/server_processing/t0_rootFiles/beam28806_new202602/wvf_applyCut_removeBeam/wvfFind_event21475_trackID31_opNum8.root
[COPY] event=21488, trackID=0, T0=-0.533101 -> /Volumes/ssd_zhang/thesis_michel/server_processing/t0_rootFiles/beam28806_new202602/wvf_applyCut_removeBeam/wvfFind_event21488_trackID0_opNum6.root
[SKIP] (in range) event=21505, trackID=8, T0=-0.0731008
[COPY] event=21513, trackID=19, T0=-2.11502 -> /Volumes/ssd_zhang/thesis_michel/server_processing/t0_rootFiles/beam28806_new202602/wvf_applyCut_removeBeam/wvfFind_event21513_trackID19_opNum4_merged.root
[COPY] event=21518, trackID=10, T0=0.332191 -> /Volumes/ssd_zhang/thesis_michel/server_processing/t0_rootFiles/beam28806_new202602/wvf_applyCut_removeBeam/wvfFind_event21518_trackID10_opNum9.root
[COPY] event=2152, trackID=14, T0=1.0187 -> /Volumes/ssd_zhang/thesis_michel/server_processing/t0_rootFiles/beam28806_new202602/wvf_applyCut_removeBeam/wvfFind_event2152_trackID14_opNum6.root
[COPY] event=21532, trackID=7, T0=0.196796 -> /Volumes/ssd_zhang/thesis_michel/server_processing/t0_rootFiles/beam28806_new202602/wvf_applyCut_removeBeam/wvfFind_event21532_trackID7_opNum3.root
[COPY] event=21538, trackID=0, T0=-0.255163 -> /Volumes/ssd_zhang/thesis_michel/server_processing/t0_rootFiles/beam28806_new202602/wvf_applyCut_removeBeam/wvfFind_event21538_trackID0_opNum5.root
[COPY] event=21538, trackID=0, T0=-0.255163 -> /Volumes/ssd_zhang/thesis_michel/server_processing/t0_rootFiles/beam28806_new202602/wvf_applyCut_removeBeam/wvfFind_event21538_trackID0_opNum5_2.root
[COPY] event=21543, trackID=4, T0=-0.160115 -> /Volumes/ssd_zhang/thesis_michel/server_processing/t0_rootFiles/beam28806_new202602/wvf_applyCut_removeBeam/wvfFind_event21543_trackID4_opNum8_merged.root
[COPY] event=21546, trackID=8, T0=0.431397 -> /Volumes/ssd_zhang/thesis_michel/server_processing/t0_rootFiles/beam28806_new202602/wvf_applyCut_removeBeam/wvfFind_event21546_trackID8_opNum5.root
[COPY] event=21563, trackID=8, T0=-2.23587 -> /Volumes/ssd_zhang/thesis_michel/server_processing/t0_rootFiles/beam28806_new202602/wvf_applyCut_removeBeam/wvfFind_event21563_trackID8_opNum5.root
[COPY] event=21598, trackID=14, T0=-1.2534 -> /Volumes/ssd_zhang/thesis_michel/server_processing/t0_rootFiles/beam28806_new202602/wvf_applyCut_removeBeam/wvfFind_event21598_trackID14_opNum9_merged.root
[COPY] event=215, trackID=3, T0=-0.941784 -> /Volumes/ssd_zhang/thesis_michel/server_processing/t0_rootFiles/beam28806_new202602/wvf_applyCut_removeBeam/wvfFind_event215_trackID3_opNum4.root
[COPY] event=21601, trackID=28, T0=-2.37201 -> /Volumes/ssd_zhang/thesis_michel/server_processing/t0_rootFiles/beam28806_new202602/wvf_applyCut_removeBeam/wvfFind_event21601_trackID28_opNum9.root
[SKIP] (in range) event=21629, trackID=3, T0=-0.032467
[SKIP] (in range) event=21629, trackID=3, T0=-0.032467
[COPY] event=2163, trackID=18, T0=-1.80074 -> /Volumes/ssd_zhang/thesis_michel/server_processing/t0_rootFiles/beam28806_new202602/wvf_applyCut_removeBeam/wvfFind_event2163_trackID18_opNum4.root
[COPY] event=2163, trackID=18, T0=-1.80074 -> /Volumes/ssd_zhang/thesis_michel/server_processing/t0_rootFiles/beam28806_new202602/wvf_applyCut_removeBeam/wvfFind_event2163_trackID18_opNum4_2.root
[COPY] event=21641, trackID=0, T0=0.159582 -> /Volumes/ssd_zhang/thesis_michel/server_processing/t0_rootFiles/beam28806_new202602/wvf_applyCut_removeBeam/wvfFind_event21641_trackID0_opNum6.root
[COPY] event=21649, trackID=6, T0=0.342411 -> /Volumes/ssd_zhang/thesis_michel/server_processing/t0_rootFiles/beam28806_new202602/wvf_applyCut_removeBeam/wvfFind_event21649_trackID6_opNum5_merged.root
[COPY] event=21674, trackID=8, T0=-1.50086 -> /Volumes/ssd_zhang/thesis_michel/server_processing/t0_rootFiles/beam28806_new202602/wvf_applyCut_removeBeam/wvfFind_event21674_trackID8_opNum8.root
[COPY] event=21684, trackID=2, T0=-1.54893 -> /Volumes/ssd_zhang/thesis_michel/server_processing/t0_rootFiles/beam28806_new202602/wvf_applyCut_removeBeam/wvfFind_event21684_trackID2_opNum3.root
[COPY] event=21687, trackID=4, T0=0.472227 -> /Volumes/ssd_zhang/thesis_michel/server_processing/t0_rootFiles/beam28806_new202602/wvf_applyCut_removeBeam/wvfFind_event21687_trackID4_opNum9.root
[COPY] event=21687, trackID=4, T0=0.472227 -> /Volumes/ssd_zhang/thesis_michel/server_processing/t0_rootFiles/beam28806_new202602/wvf_applyCut_removeBeam/wvfFind_event21687_trackID4_opNum9_2.root
[COPY] event=2168, trackID=21, T0=-1.78668 -> /Volumes/ssd_zhang/thesis_michel/server_processing/t0_rootFiles/beam28806_new202602/wvf_applyCut_removeBeam/wvfFind_event2168_trackID21_opNum4.root
[COPY] event=21693, trackID=4, T0=-0.267274 -> /Volumes/ssd_zhang/thesis_michel/server_processing/t0_rootFiles/beam28806_new202602/wvf_applyCut_removeBeam/wvfFind_event21693_trackID4_opNum5.root
[SKIP] (in range) event=21697, trackID=21, T0=-0.0603234
[COPY] event=21717, trackID=14, T0=-0.167402 -> /Volumes/ssd_zhang/thesis_michel/server_processing/t0_rootFiles/beam28806_new202602/wvf_applyCut_removeBeam/wvfFind_event21717_trackID14_opNum5.root
[COPY] event=21722, trackID=9, T0=-0.371028 -> /Volumes/ssd_zhang/thesis_michel/server_processing/t0_rootFiles/beam28806_new202602/wvf_applyCut_removeBeam/wvfFind_event21722_trackID9_opNum3.root
[COPY] event=21747, trackID=4, T0=-1.39816 -> /Volumes/ssd_zhang/thesis_michel/server_processing/t0_rootFiles/beam28806_new202602/wvf_applyCut_removeBeam/wvfFind_event21747_trackID4_opNum4.root
[COPY] event=21764, trackID=11, T0=-0.120844 -> /Volumes/ssd_zhang/thesis_michel/server_processing/t0_rootFiles/beam28806_new202602/wvf_applyCut_removeBeam/wvfFind_event21764_trackID11_opNum6.root
[COPY] event=21776, trackID=3, T0=-0.943147 -> /Volumes/ssd_zhang/thesis_michel/server_processing/t0_rootFiles/beam28806_new202602/wvf_applyCut_removeBeam/wvfFind_event21776_trackID3_opNum4_merged.root
[COPY] event=21783, trackID=14, T0=-1.31833 -> /Volumes/ssd_zhang/thesis_michel/server_processing/t0_rootFiles/beam28806_new202602/wvf_applyCut_removeBeam/wvfFind_event21783_trackID14_opNum9_merged.root
[COPY] event=21808, trackID=20, T0=-0.244487 -> /Volumes/ssd_zhang/thesis_michel/server_processing/t0_rootFiles/beam28806_new202602/wvf_applyCut_removeBeam/wvfFind_event21808_trackID20_opNum9.root
[COPY] event=21813, trackID=17, T0=-1.38216 -> /Volumes/ssd_zhang/thesis_michel/server_processing/t0_rootFiles/beam28806_new202602/wvf_applyCut_removeBeam/wvfFind_event21813_trackID17_opNum9.root
[COPY] event=21814, trackID=5, T0=0.180438 -> /Volumes/ssd_zhang/thesis_michel/server_processing/t0_rootFiles/beam28806_new202602/wvf_applyCut_removeBeam/wvfFind_event21814_trackID5_opNum5.root
[COPY] event=21818, trackID=17, T0=-1.38178 -> /Volumes/ssd_zhang/thesis_michel/server_processing/t0_rootFiles/beam28806_new202602/wvf_applyCut_removeBeam/wvfFind_event21818_trackID17_opNum9.root
[COPY] event=21819, trackID=20, T0=0.363209 -> /Volumes/ssd_zhang/thesis_michel/server_processing/t0_rootFiles/beam28806_new202602/wvf_applyCut_removeBeam/wvfFind_event21819_trackID20_opNum9.root
[COPY] event=21819, trackID=20, T0=0.363209 -> /Volumes/ssd_zhang/thesis_michel/server_processing/t0_rootFiles/beam28806_new202602/wvf_applyCut_removeBeam/wvfFind_event21819_trackID20_opNum9_2.root
[COPY] event=21857, trackID=0, T0=-0.621255 -> /Volumes/ssd_zhang/thesis_michel/server_processing/t0_rootFiles/beam28806_new202602/wvf_applyCut_removeBeam/wvfFind_event21857_trackID0_opNum4.root
[COPY] event=21918, trackID=8, T0=-0.924162 -> /Volumes/ssd_zhang/thesis_michel/server_processing/t0_rootFiles/beam28806_new202602/wvf_applyCut_removeBeam/wvfFind_event21918_trackID8_opNum8.root
[COPY] event=21954, trackID=0, T0=-1.22306 -> /Volumes/ssd_zhang/thesis_michel/server_processing/t0_rootFiles/beam28806_new202602/wvf_applyCut_removeBeam/wvfFind_event21954_trackID0_opNum4.root
[COPY] event=21954, trackID=0, T0=-1.22306 -> /Volumes/ssd_zhang/thesis_michel/server_processing/t0_rootFiles/beam28806_new202602/wvf_applyCut_removeBeam/wvfFind_event21954_trackID0_opNum4_2.root
[COPY] event=21957, trackID=2, T0=-0.955701 -> /Volumes/ssd_zhang/thesis_michel/server_processing/t0_rootFiles/beam28806_new202602/wvf_applyCut_removeBeam/wvfFind_event21957_trackID2_opNum4.root
[COPY] event=2195, trackID=4, T0=-0.739198 -> /Volumes/ssd_zhang/thesis_michel/server_processing/t0_rootFiles/beam28806_new202602/wvf_applyCut_removeBeam/wvfFind_event2195_trackID4_opNum8.root
[COPY] event=21967, trackID=8, T0=0.433103 -> /Volumes/ssd_zhang/thesis_michel/server_processing/t0_rootFiles/beam28806_new202602/wvf_applyCut_removeBeam/wvfFind_event21967_trackID8_opNum9.root
[COPY] event=21967, trackID=9, T0=0.216643 -> /Volumes/ssd_zhang/thesis_michel/server_processing/t0_rootFiles/beam28806_new202602/wvf_applyCut_removeBeam/wvfFind_event21967_trackID9_opNum8_merged.root
[COPY] event=2199, trackID=11, T0=-1.70181 -> /Volumes/ssd_zhang/thesis_michel/server_processing/t0_rootFiles/beam28806_new202602/wvf_applyCut_removeBeam/wvfFind_event2199_trackID11_opNum3_merged.root
[COPY] event=22001, trackID=2, T0=-0.204555 -> /Volumes/ssd_zhang/thesis_michel/server_processing/t0_rootFiles/beam28806_new202602/wvf_applyCut_removeBeam/wvfFind_event22001_trackID2_opNum5.root
[COPY] event=22001, trackID=2, T0=-0.204555 -> /Volumes/ssd_zhang/thesis_michel/server_processing/t0_rootFiles/beam28806_new202602/wvf_applyCut_removeBeam/wvfFind_event22001_trackID2_opNum5_2.root
[COPY] event=22024, trackID=4, T0=0.428085 -> /Volumes/ssd_zhang/thesis_michel/server_processing/t0_rootFiles/beam28806_new202602/wvf_applyCut_removeBeam/wvfFind_event22024_trackID4_opNum8.root
[COPY] event=22026, trackID=1, T0=-1.51415 -> /Volumes/ssd_zhang/thesis_michel/server_processing/t0_rootFiles/beam28806_new202602/wvf_applyCut_removeBeam/wvfFind_event22026_trackID1_opNum4.root
[COPY] event=22026, trackID=1, T0=-1.51415 -> /Volumes/ssd_zhang/thesis_michel/server_processing/t0_rootFiles/beam28806_new202602/wvf_applyCut_removeBeam/wvfFind_event22026_trackID1_opNum4_2.root
[COPY] event=22044, trackID=4, T0=0.229092 -> /Volumes/ssd_zhang/thesis_michel/server_processing/t0_rootFiles/beam28806_new202602/wvf_applyCut_removeBeam/wvfFind_event22044_trackID4_opNum5.root
[COPY] event=22044, trackID=4, T0=0.229092 -> /Volumes/ssd_zhang/thesis_michel/server_processing/t0_rootFiles/beam28806_new202602/wvf_applyCut_removeBeam/wvfFind_event22044_trackID4_opNum5_2.root
[COPY] event=2204, trackID=3, T0=-0.797581 -> /Volumes/ssd_zhang/thesis_michel/server_processing/t0_rootFiles/beam28806_new202602/wvf_applyCut_removeBeam/wvfFind_event2204_trackID3_opNum9.root
[COPY] event=22057, trackID=13, T0=-1.26374 -> /Volumes/ssd_zhang/thesis_michel/server_processing/t0_rootFiles/beam28806_new202602/wvf_applyCut_removeBeam/wvfFind_event22057_trackID13_opNum5.root
[COPY] event=22091, trackID=13, T0=-2.35958 -> /Volumes/ssd_zhang/thesis_michel/server_processing/t0_rootFiles/beam28806_new202602/wvf_applyCut_removeBeam/wvfFind_event22091_trackID13_opNum7.root
[COPY] event=22106, trackID=4, T0=-1.37471 -> /Volumes/ssd_zhang/thesis_michel/server_processing/t0_rootFiles/beam28806_new202602/wvf_applyCut_removeBeam/wvfFind_event22106_trackID4_opNum3.root
[COPY] event=22108, trackID=25, T0=-0.565681 -> /Volumes/ssd_zhang/thesis_michel/server_processing/t0_rootFiles/beam28806_new202602/wvf_applyCut_removeBeam/wvfFind_event22108_trackID25_opNum9.root
[COPY] event=22121, trackID=34, T0=-2.46304 -> /Volumes/ssd_zhang/thesis_michel/server_processing/t0_rootFiles/beam28806_new202602/wvf_applyCut_removeBeam/wvfFind_event22121_trackID34_opNum5.root
[COPY] event=22130, trackID=0, T0=-1.75177 -> /Volumes/ssd_zhang/thesis_michel/server_processing/t0_rootFiles/beam28806_new202602/wvf_applyCut_removeBeam/wvfFind_event22130_trackID0_opNum9.root
[COPY] event=22133, trackID=4, T0=-1.91581 -> /Volumes/ssd_zhang/thesis_michel/server_processing/t0_rootFiles/beam28806_new202602/wvf_applyCut_removeBeam/wvfFind_event22133_trackID4_opNum5.root
[COPY] event=22133, trackID=4, T0=-1.91581 -> /Volumes/ssd_zhang/thesis_michel/server_processing/t0_rootFiles/beam28806_new202602/wvf_applyCut_removeBeam/wvfFind_event22133_trackID4_opNum5_2.root
[COPY] event=22136, trackID=5, T0=0.369969 -> /Volumes/ssd_zhang/thesis_michel/server_processing/t0_rootFiles/beam28806_new202602/wvf_applyCut_removeBeam/wvfFind_event22136_trackID5_opNum3.root
[COPY] event=2214, trackID=17, T0=-2.17388 -> /Volumes/ssd_zhang/thesis_michel/server_processing/t0_rootFiles/beam28806_new202602/wvf_applyCut_removeBeam/wvfFind_event2214_trackID17_opNum6.root
[COPY] event=22156, trackID=2, T0=-1.56738 -> /Volumes/ssd_zhang/thesis_michel/server_processing/t0_rootFiles/beam28806_new202602/wvf_applyCut_removeBeam/wvfFind_event22156_trackID2_opNum5.root
[COPY] event=22156, trackID=2, T0=-1.56738 -> /Volumes/ssd_zhang/thesis_michel/server_processing/t0_rootFiles/beam28806_new202602/wvf_applyCut_removeBeam/wvfFind_event22156_trackID2_opNum5_2.root
[COPY] event=2215, trackID=7, T0=-0.184738 -> /Volumes/ssd_zhang/thesis_michel/server_processing/t0_rootFiles/beam28806_new202602/wvf_applyCut_removeBeam/wvfFind_event2215_trackID7_opNum9.root
[COPY] event=22179, trackID=6, T0=-1.616 -> /Volumes/ssd_zhang/thesis_michel/server_processing/t0_rootFiles/beam28806_new202602/wvf_applyCut_removeBeam/wvfFind_event22179_trackID6_opNum8.root
[COPY] event=22214, trackID=8, T0=0.30938 -> /Volumes/ssd_zhang/thesis_michel/server_processing/t0_rootFiles/beam28806_new202602/wvf_applyCut_removeBeam/wvfFind_event22214_trackID8_opNum8_merged.root
[COPY] event=22216, trackID=5, T0=-2.1474 -> /Volumes/ssd_zhang/thesis_michel/server_processing/t0_rootFiles/beam28806_new202602/wvf_applyCut_removeBeam/wvfFind_event22216_trackID5_opNum8.root
[COPY] event=22246, trackID=10, T0=0.0050834 -> /Volumes/ssd_zhang/thesis_michel/server_processing/t0_rootFiles/beam28806_new202602/wvf_applyCut_removeBeam/wvfFind_event22246_trackID10_opNum5.root
[COPY] event=22246, trackID=10, T0=0.0050834 -> /Volumes/ssd_zhang/thesis_michel/server_processing/t0_rootFiles/beam28806_new202602/wvf_applyCut_removeBeam/wvfFind_event22246_trackID10_opNum5_2.root
[COPY] event=22263, trackID=7, T0=0.451781 -> /Volumes/ssd_zhang/thesis_michel/server_processing/t0_rootFiles/beam28806_new202602/wvf_applyCut_removeBeam/wvfFind_event22263_trackID7_opNum5.root
[COPY] event=22285, trackID=12, T0=0.457281 -> /Volumes/ssd_zhang/thesis_michel/server_processing/t0_rootFiles/beam28806_new202602/wvf_applyCut_removeBeam/wvfFind_event22285_trackID12_opNum8.root
[COPY] event=22285, trackID=12, T0=0.457281 -> /Volumes/ssd_zhang/thesis_michel/server_processing/t0_rootFiles/beam28806_new202602/wvf_applyCut_removeBeam/wvfFind_event22285_trackID12_opNum8_2.root
[COPY] event=22296, trackID=18, T0=-2.0174 -> /Volumes/ssd_zhang/thesis_michel/server_processing/t0_rootFiles/beam28806_new202602/wvf_applyCut_removeBeam/wvfFind_event22296_trackID18_opNum9.root
[COPY] event=22296, trackID=6, T0=-0.562974 -> /Volumes/ssd_zhang/thesis_michel/server_processing/t0_rootFiles/beam28806_new202602/wvf_applyCut_removeBeam/wvfFind_event22296_trackID6_opNum5.root
[SKIP] (in range) event=22331, trackID=17, T0=-0.0761503
[COPY] event=22366, trackID=6, T0=-1.10448 -> /Volumes/ssd_zhang/thesis_michel/server_processing/t0_rootFiles/beam28806_new202602/wvf_applyCut_removeBeam/wvfFind_event22366_trackID6_opNum4_merged.root
[COPY] event=22394, trackID=4, T0=0.0815539 -> /Volumes/ssd_zhang/thesis_michel/server_processing/t0_rootFiles/beam28806_new202602/wvf_applyCut_removeBeam/wvfFind_event22394_trackID4_opNum6.root
[COPY] event=22394, trackID=4, T0=0.0815539 -> /Volumes/ssd_zhang/thesis_michel/server_processing/t0_rootFiles/beam28806_new202602/wvf_applyCut_removeBeam/wvfFind_event22394_trackID4_opNum6_2.root
[COPY] event=22428, trackID=25, T0=-2.36054 -> /Volumes/ssd_zhang/thesis_michel/server_processing/t0_rootFiles/beam28806_new202602/wvf_applyCut_removeBeam/wvfFind_event22428_trackID25_opNum9.root
[COPY] event=22432, trackID=22, T0=-1.92249 -> /Volumes/ssd_zhang/thesis_michel/server_processing/t0_rootFiles/beam28806_new202602/wvf_applyCut_removeBeam/wvfFind_event22432_trackID22_opNum6.root
[COPY] event=22503, trackID=5, T0=-1.52705 -> /Volumes/ssd_zhang/thesis_michel/server_processing/t0_rootFiles/beam28806_new202602/wvf_applyCut_removeBeam/wvfFind_event22503_trackID5_opNum4_merged.root
[COPY] event=22558, trackID=32, T0=-2.34768 -> /Volumes/ssd_zhang/thesis_michel/server_processing/t0_rootFiles/beam28806_new202602/wvf_applyCut_removeBeam/wvfFind_event22558_trackID32_opNum5.root
[COPY] event=22563, trackID=27, T0=1.55784 -> /Volumes/ssd_zhang/thesis_michel/server_processing/t0_rootFiles/beam28806_new202602/wvf_applyCut_removeBeam/wvfFind_event22563_trackID27_opNum8.root
[COPY] event=22578, trackID=15, T0=-2.15176 -> /Volumes/ssd_zhang/thesis_michel/server_processing/t0_rootFiles/beam28806_new202602/wvf_applyCut_removeBeam/wvfFind_event22578_trackID15_opNum5.root
[COPY] event=22578, trackID=2, T0=-1.38723 -> /Volumes/ssd_zhang/thesis_michel/server_processing/t0_rootFiles/beam28806_new202602/wvf_applyCut_removeBeam/wvfFind_event22578_trackID2_opNum5.root
[COPY] event=22588, trackID=9, T0=0.371628 -> /Volumes/ssd_zhang/thesis_michel/server_processing/t0_rootFiles/beam28806_new202602/wvf_applyCut_removeBeam/wvfFind_event22588_trackID9_opNum9.root
[COPY] event=22589, trackID=5, T0=-0.390575 -> /Volumes/ssd_zhang/thesis_michel/server_processing/t0_rootFiles/beam28806_new202602/wvf_applyCut_removeBeam/wvfFind_event22589_trackID5_opNum9_merged.root
[COPY] event=22590, trackID=1, T0=-0.347302 -> /Volumes/ssd_zhang/thesis_michel/server_processing/t0_rootFiles/beam28806_new202602/wvf_applyCut_removeBeam/wvfFind_event22590_trackID1_opNum3.root
[COPY] event=22597, trackID=3, T0=0.0853554 -> /Volumes/ssd_zhang/thesis_michel/server_processing/t0_rootFiles/beam28806_new202602/wvf_applyCut_removeBeam/wvfFind_event22597_trackID3_opNum5.root
[COPY] event=22597, trackID=3, T0=0.0853554 -> /Volumes/ssd_zhang/thesis_michel/server_processing/t0_rootFiles/beam28806_new202602/wvf_applyCut_removeBeam/wvfFind_event22597_trackID3_opNum5_2.root
[COPY] event=22624, trackID=0, T0=-0.923679 -> /Volumes/ssd_zhang/thesis_michel/server_processing/t0_rootFiles/beam28806_new202602/wvf_applyCut_removeBeam/wvfFind_event22624_trackID0_opNum4_merged.root
[COPY] event=22625, trackID=0, T0=-1.23107 -> /Volumes/ssd_zhang/thesis_michel/server_processing/t0_rootFiles/beam28806_new202602/wvf_applyCut_removeBeam/wvfFind_event22625_trackID0_opNum4_merged.root
[COPY] event=22626, trackID=6, T0=-0.798079 -> /Volumes/ssd_zhang/thesis_michel/server_processing/t0_rootFiles/beam28806_new202602/wvf_applyCut_removeBeam/wvfFind_event22626_trackID6_opNum3.root
[COPY] event=22649, trackID=14, T0=-0.653884 -> /Volumes/ssd_zhang/thesis_michel/server_processing/t0_rootFiles/beam28806_new202602/wvf_applyCut_removeBeam/wvfFind_event22649_trackID14_opNum9.root
[COPY] event=22675, trackID=0, T0=0.428193 -> /Volumes/ssd_zhang/thesis_michel/server_processing/t0_rootFiles/beam28806_new202602/wvf_applyCut_removeBeam/wvfFind_event22675_trackID0_opNum9.root
[COPY] event=22720, trackID=11, T0=-1.53087 -> /Volumes/ssd_zhang/thesis_michel/server_processing/t0_rootFiles/beam28806_new202602/wvf_applyCut_removeBeam/wvfFind_event22720_trackID11_opNum6.root
[SKIP] (in range) event=22726, trackID=3, T0=-0.0586777
[COPY] event=22734, trackID=5, T0=-1.9559 -> /Volumes/ssd_zhang/thesis_michel/server_processing/t0_rootFiles/beam28806_new202602/wvf_applyCut_removeBeam/wvfFind_event22734_trackID5_opNum3.root
[COPY] event=22738, trackID=14, T0=-1.35719 -> /Volumes/ssd_zhang/thesis_michel/server_processing/t0_rootFiles/beam28806_new202602/wvf_applyCut_removeBeam/wvfFind_event22738_trackID14_opNum5.root
[COPY] event=22741, trackID=8, T0=-0.986747 -> /Volumes/ssd_zhang/thesis_michel/server_processing/t0_rootFiles/beam28806_new202602/wvf_applyCut_removeBeam/wvfFind_event22741_trackID8_opNum5.root
[COPY] event=22756, trackID=3, T0=-0.492117 -> /Volumes/ssd_zhang/thesis_michel/server_processing/t0_rootFiles/beam28806_new202602/wvf_applyCut_removeBeam/wvfFind_event22756_trackID3_opNum3_merged.root
[COPY] event=22760, trackID=0, T0=-0.336352 -> /Volumes/ssd_zhang/thesis_michel/server_processing/t0_rootFiles/beam28806_new202602/wvf_applyCut_removeBeam/wvfFind_event22760_trackID0_opNum9.root
[COPY] event=22800, trackID=24, T0=-2.03363 -> /Volumes/ssd_zhang/thesis_michel/server_processing/t0_rootFiles/beam28806_new202602/wvf_applyCut_removeBeam/wvfFind_event22800_trackID24_opNum6.root
[COPY] event=22800, trackID=24, T0=-2.03363 -> /Volumes/ssd_zhang/thesis_michel/server_processing/t0_rootFiles/beam28806_new202602/wvf_applyCut_removeBeam/wvfFind_event22800_trackID24_opNum6_2.root
[COPY] event=22802, trackID=8, T0=-1.29921 -> /Volumes/ssd_zhang/thesis_michel/server_processing/t0_rootFiles/beam28806_new202602/wvf_applyCut_removeBeam/wvfFind_event22802_trackID8_opNum9.root
[COPY] event=22804, trackID=4, T0=-1.36841 -> /Volumes/ssd_zhang/thesis_michel/server_processing/t0_rootFiles/beam28806_new202602/wvf_applyCut_removeBeam/wvfFind_event22804_trackID4_opNum3_merged.root
[COPY] event=22835, trackID=7, T0=-1.86561 -> /Volumes/ssd_zhang/thesis_michel/server_processing/t0_rootFiles/beam28806_new202602/wvf_applyCut_removeBeam/wvfFind_event22835_trackID7_opNum9.root
[COPY] event=2284, trackID=10, T0=-2.27287 -> /Volumes/ssd_zhang/thesis_michel/server_processing/t0_rootFiles/beam28806_new202602/wvf_applyCut_removeBeam/wvfFind_event2284_trackID10_opNum5.root
[COPY] event=22855, trackID=4, T0=0.350162 -> /Volumes/ssd_zhang/thesis_michel/server_processing/t0_rootFiles/beam28806_new202602/wvf_applyCut_removeBeam/wvfFind_event22855_trackID4_opNum6.root
[COPY] event=22883, trackID=16, T0=0.290618 -> /Volumes/ssd_zhang/thesis_michel/server_processing/t0_rootFiles/beam28806_new202602/wvf_applyCut_removeBeam/wvfFind_event22883_trackID16_opNum4.root
[COPY] event=2289, trackID=1, T0=0.0184681 -> /Volumes/ssd_zhang/thesis_michel/server_processing/t0_rootFiles/beam28806_new202602/wvf_applyCut_removeBeam/wvfFind_event2289_trackID1_opNum3.root
[COPY] event=22928, trackID=10, T0=0.332723 -> /Volumes/ssd_zhang/thesis_michel/server_processing/t0_rootFiles/beam28806_new202602/wvf_applyCut_removeBeam/wvfFind_event22928_trackID10_opNum4.root
[SKIP] (in range) event=22974, trackID=16, T0=-0.0707127
[SKIP] (in range) event=22974, trackID=16, T0=-0.0707127
[COPY] event=23005, trackID=14, T0=-0.847428 -> /Volumes/ssd_zhang/thesis_michel/server_processing/t0_rootFiles/beam28806_new202602/wvf_applyCut_removeBeam/wvfFind_event23005_trackID14_opNum9_merged.root
[COPY] event=23009, trackID=7, T0=-0.0296055 -> /Volumes/ssd_zhang/thesis_michel/server_processing/t0_rootFiles/beam28806_new202602/wvf_applyCut_removeBeam/wvfFind_event23009_trackID7_opNum5.root
[COPY] event=23016, trackID=13, T0=-2.17312 -> /Volumes/ssd_zhang/thesis_michel/server_processing/t0_rootFiles/beam28806_new202602/wvf_applyCut_removeBeam/wvfFind_event23016_trackID13_opNum9.root
[COPY] event=23019, trackID=3, T0=-0.530568 -> /Volumes/ssd_zhang/thesis_michel/server_processing/t0_rootFiles/beam28806_new202602/wvf_applyCut_removeBeam/wvfFind_event23019_trackID3_opNum5_merged.root
[COPY] event=23053, trackID=4, T0=-0.42211 -> /Volumes/ssd_zhang/thesis_michel/server_processing/t0_rootFiles/beam28806_new202602/wvf_applyCut_removeBeam/wvfFind_event23053_trackID4_opNum8.root
[COPY] event=23110, trackID=11, T0=-2.24433 -> /Volumes/ssd_zhang/thesis_michel/server_processing/t0_rootFiles/beam28806_new202602/wvf_applyCut_removeBeam/wvfFind_event23110_trackID11_opNum9_merged.root
[COPY] event=2311, trackID=8, T0=-1.74871 -> /Volumes/ssd_zhang/thesis_michel/server_processing/t0_rootFiles/beam28806_new202602/wvf_applyCut_removeBeam/wvfFind_event2311_trackID8_opNum9.root
[COPY] event=23123, trackID=13, T0=-0.510226 -> /Volumes/ssd_zhang/thesis_michel/server_processing/t0_rootFiles/beam28806_new202602/wvf_applyCut_removeBeam/wvfFind_event23123_trackID13_opNum6.root
[COPY] event=23127, trackID=7, T0=-0.973932 -> /Volumes/ssd_zhang/thesis_michel/server_processing/t0_rootFiles/beam28806_new202602/wvf_applyCut_removeBeam/wvfFind_event23127_trackID7_opNum4.root
[COPY] event=23145, trackID=3, T0=-0.718682 -> /Volumes/ssd_zhang/thesis_michel/server_processing/t0_rootFiles/beam28806_new202602/wvf_applyCut_removeBeam/wvfFind_event23145_trackID3_opNum4.root
[COPY] event=23145, trackID=3, T0=-0.718682 -> /Volumes/ssd_zhang/thesis_michel/server_processing/t0_rootFiles/beam28806_new202602/wvf_applyCut_removeBeam/wvfFind_event23145_trackID3_opNum4_2.root
[COPY] event=23154, trackID=9, T0=0.00245751 -> /Volumes/ssd_zhang/thesis_michel/server_processing/t0_rootFiles/beam28806_new202602/wvf_applyCut_removeBeam/wvfFind_event23154_trackID9_opNum9.root
[COPY] event=23164, trackID=29, T0=-2.41988 -> /Volumes/ssd_zhang/thesis_michel/server_processing/t0_rootFiles/beam28806_new202602/wvf_applyCut_removeBeam/wvfFind_event23164_trackID29_opNum9.root
[COPY] event=23178, trackID=7, T0=-1.67124 -> /Volumes/ssd_zhang/thesis_michel/server_processing/t0_rootFiles/beam28806_new202602/wvf_applyCut_removeBeam/wvfFind_event23178_trackID7_opNum9.root
[COPY] event=231, trackID=7, T0=-0.37853 -> /Volumes/ssd_zhang/thesis_michel/server_processing/t0_rootFiles/beam28806_new202602/wvf_applyCut_removeBeam/wvfFind_event231_trackID7_opNum8_merged.root
[COPY] event=23206, trackID=13, T0=-1.90433 -> /Volumes/ssd_zhang/thesis_michel/server_processing/t0_rootFiles/beam28806_new202602/wvf_applyCut_removeBeam/wvfFind_event23206_trackID13_opNum5.root
[COPY] event=23206, trackID=13, T0=-1.90433 -> /Volumes/ssd_zhang/thesis_michel/server_processing/t0_rootFiles/beam28806_new202602/wvf_applyCut_removeBeam/wvfFind_event23206_trackID13_opNum5_2.root
[COPY] event=23219, trackID=8, T0=-0.545817 -> /Volumes/ssd_zhang/thesis_michel/server_processing/t0_rootFiles/beam28806_new202602/wvf_applyCut_removeBeam/wvfFind_event23219_trackID8_opNum6.root
[COPY] event=23219, trackID=8, T0=-0.545817 -> /Volumes/ssd_zhang/thesis_michel/server_processing/t0_rootFiles/beam28806_new202602/wvf_applyCut_removeBeam/wvfFind_event23219_trackID8_opNum6_2.root
[COPY] event=23255, trackID=13, T0=-1.35295 -> /Volumes/ssd_zhang/thesis_michel/server_processing/t0_rootFiles/beam28806_new202602/wvf_applyCut_removeBeam/wvfFind_event23255_trackID13_opNum8.root
[COPY] event=23271, trackID=11, T0=0.466899 -> /Volumes/ssd_zhang/thesis_michel/server_processing/t0_rootFiles/beam28806_new202602/wvf_applyCut_removeBeam/wvfFind_event23271_trackID11_opNum8_merged.root
[COPY] event=23292, trackID=13, T0=-0.727991 -> /Volumes/ssd_zhang/thesis_michel/server_processing/t0_rootFiles/beam28806_new202602/wvf_applyCut_removeBeam/wvfFind_event23292_trackID13_opNum3.root
[COPY] event=23305, trackID=14, T0=-2.10527 -> /Volumes/ssd_zhang/thesis_michel/server_processing/t0_rootFiles/beam28806_new202602/wvf_applyCut_removeBeam/wvfFind_event23305_trackID14_opNum6.root
[COPY] event=23344, trackID=19, T0=-0.630109 -> /Volumes/ssd_zhang/thesis_michel/server_processing/t0_rootFiles/beam28806_new202602/wvf_applyCut_removeBeam/wvfFind_event23344_trackID19_opNum8.root
[COPY] event=23376, trackID=11, T0=-1.26918 -> /Volumes/ssd_zhang/thesis_michel/server_processing/t0_rootFiles/beam28806_new202602/wvf_applyCut_removeBeam/wvfFind_event23376_trackID11_opNum8.root
[COPY] event=23388, trackID=27, T0=-0.596712 -> /Volumes/ssd_zhang/thesis_michel/server_processing/t0_rootFiles/beam28806_new202602/wvf_applyCut_removeBeam/wvfFind_event23388_trackID27_opNum9.root
[SKIP] (in range) event=23394, trackID=2, T0=-0.0428182
[COPY] event=23406, trackID=0, T0=0.0634567 -> /Volumes/ssd_zhang/thesis_michel/server_processing/t0_rootFiles/beam28806_new202602/wvf_applyCut_removeBeam/wvfFind_event23406_trackID0_opNum4.root
[COPY] event=23418, trackID=30, T0=1.6224 -> /Volumes/ssd_zhang/thesis_michel/server_processing/t0_rootFiles/beam28806_new202602/wvf_applyCut_removeBeam/wvfFind_event23418_trackID30_opNum9.root
[SKIP] (in range) event=23429, trackID=5, T0=-0.0836831
[SKIP] (in range) event=23437, trackID=7, T0=-0.0911683
[SKIP] (in range) event=23437, trackID=7, T0=-0.0911683
[COPY] event=23438, trackID=0, T0=-0.376815 -> /Volumes/ssd_zhang/thesis_michel/server_processing/t0_rootFiles/beam28806_new202602/wvf_applyCut_removeBeam/wvfFind_event23438_trackID0_opNum9.root
[COPY] event=23440, trackID=2, T0=0.179403 -> /Volumes/ssd_zhang/thesis_michel/server_processing/t0_rootFiles/beam28806_new202602/wvf_applyCut_removeBeam/wvfFind_event23440_trackID2_opNum4.root
[COPY] event=23444, trackID=1, T0=0.373944 -> /Volumes/ssd_zhang/thesis_michel/server_processing/t0_rootFiles/beam28806_new202602/wvf_applyCut_removeBeam/wvfFind_event23444_trackID1_opNum5.root
[COPY] event=23447, trackID=9, T0=-0.688617 -> /Volumes/ssd_zhang/thesis_michel/server_processing/t0_rootFiles/beam28806_new202602/wvf_applyCut_removeBeam/wvfFind_event23447_trackID9_opNum9.root
[COPY] event=23487, trackID=2, T0=0.241577 -> /Volumes/ssd_zhang/thesis_michel/server_processing/t0_rootFiles/beam28806_new202602/wvf_applyCut_removeBeam/wvfFind_event23487_trackID2_opNum8.root
[COPY] event=23490, trackID=6, T0=-0.231311 -> /Volumes/ssd_zhang/thesis_michel/server_processing/t0_rootFiles/beam28806_new202602/wvf_applyCut_removeBeam/wvfFind_event23490_trackID6_opNum5.root
[COPY] event=23496, trackID=5, T0=-0.94267 -> /Volumes/ssd_zhang/thesis_michel/server_processing/t0_rootFiles/beam28806_new202602/wvf_applyCut_removeBeam/wvfFind_event23496_trackID5_opNum9.root
[COPY] event=23512, trackID=6, T0=-0.942531 -> /Volumes/ssd_zhang/thesis_michel/server_processing/t0_rootFiles/beam28806_new202602/wvf_applyCut_removeBeam/wvfFind_event23512_trackID6_opNum9.root
[COPY] event=2352, trackID=6, T0=-1.40366 -> /Volumes/ssd_zhang/thesis_michel/server_processing/t0_rootFiles/beam28806_new202602/wvf_applyCut_removeBeam/wvfFind_event2352_trackID6_opNum9.root
[COPY] event=23531, trackID=1, T0=-0.846507 -> /Volumes/ssd_zhang/thesis_michel/server_processing/t0_rootFiles/beam28806_new202602/wvf_applyCut_removeBeam/wvfFind_event23531_trackID1_opNum9.root
[COPY] event=2355, trackID=4, T0=0.462616 -> /Volumes/ssd_zhang/thesis_michel/server_processing/t0_rootFiles/beam28806_new202602/wvf_applyCut_removeBeam/wvfFind_event2355_trackID4_opNum3.root
[COPY] event=23574, trackID=2, T0=-1.30852 -> /Volumes/ssd_zhang/thesis_michel/server_processing/t0_rootFiles/beam28806_new202602/wvf_applyCut_removeBeam/wvfFind_event23574_trackID2_opNum9.root
[COPY] event=23591, trackID=14, T0=-2.05917 -> /Volumes/ssd_zhang/thesis_michel/server_processing/t0_rootFiles/beam28806_new202602/wvf_applyCut_removeBeam/wvfFind_event23591_trackID14_opNum8.root
[COPY] event=23594, trackID=9, T0=-0.987608 -> /Volumes/ssd_zhang/thesis_michel/server_processing/t0_rootFiles/beam28806_new202602/wvf_applyCut_removeBeam/wvfFind_event23594_trackID9_opNum6_merged.root
[COPY] event=235, trackID=6, T0=-0.420681 -> /Volumes/ssd_zhang/thesis_michel/server_processing/t0_rootFiles/beam28806_new202602/wvf_applyCut_removeBeam/wvfFind_event235_trackID6_opNum5.root
[COPY] event=23607, trackID=12, T0=-2.26093 -> /Volumes/ssd_zhang/thesis_michel/server_processing/t0_rootFiles/beam28806_new202602/wvf_applyCut_removeBeam/wvfFind_event23607_trackID12_opNum9.root
[COPY] event=23607, trackID=12, T0=-2.26093 -> /Volumes/ssd_zhang/thesis_michel/server_processing/t0_rootFiles/beam28806_new202602/wvf_applyCut_removeBeam/wvfFind_event23607_trackID12_opNum9_2.root
[COPY] event=23607, trackID=12, T0=-2.26093 -> /Volumes/ssd_zhang/thesis_michel/server_processing/t0_rootFiles/beam28806_new202602/wvf_applyCut_removeBeam/wvfFind_event23607_trackID12_opNum9_3.root
[COPY] event=23608, trackID=8, T0=0.274177 -> /Volumes/ssd_zhang/thesis_michel/server_processing/t0_rootFiles/beam28806_new202602/wvf_applyCut_removeBeam/wvfFind_event23608_trackID8_opNum9.root
[COPY] event=23608, trackID=8, T0=0.274177 -> /Volumes/ssd_zhang/thesis_michel/server_processing/t0_rootFiles/beam28806_new202602/wvf_applyCut_removeBeam/wvfFind_event23608_trackID8_opNum9_2.root
[COPY] event=2364, trackID=11, T0=-1.39384 -> /Volumes/ssd_zhang/thesis_michel/server_processing/t0_rootFiles/beam28806_new202602/wvf_applyCut_removeBeam/wvfFind_event2364_trackID11_opNum9.root
[COPY] event=2364, trackID=11, T0=-1.39384 -> /Volumes/ssd_zhang/thesis_michel/server_processing/t0_rootFiles/beam28806_new202602/wvf_applyCut_removeBeam/wvfFind_event2364_trackID11_opNum9_2.root
[COPY] event=2364, trackID=11, T0=-1.39384 -> /Volumes/ssd_zhang/thesis_michel/server_processing/t0_rootFiles/beam28806_new202602/wvf_applyCut_removeBeam/wvfFind_event2364_trackID11_opNum9_3.root
[COPY] event=23684, trackID=5, T0=-0.926227 -> /Volumes/ssd_zhang/thesis_michel/server_processing/t0_rootFiles/beam28806_new202602/wvf_applyCut_removeBeam/wvfFind_event23684_trackID5_opNum3.root
[COPY] event=23749, trackID=4, T0=-0.676226 -> /Volumes/ssd_zhang/thesis_michel/server_processing/t0_rootFiles/beam28806_new202602/wvf_applyCut_removeBeam/wvfFind_event23749_trackID4_opNum9.root
[COPY] event=23749, trackID=4, T0=-0.676226 -> /Volumes/ssd_zhang/thesis_michel/server_processing/t0_rootFiles/beam28806_new202602/wvf_applyCut_removeBeam/wvfFind_event23749_trackID4_opNum9_2.root
[COPY] event=23752, trackID=32, T0=-2.29713 -> /Volumes/ssd_zhang/thesis_michel/server_processing/t0_rootFiles/beam28806_new202602/wvf_applyCut_removeBeam/wvfFind_event23752_trackID32_opNum5.root
[COPY] event=2376, trackID=6, T0=-1.31369 -> /Volumes/ssd_zhang/thesis_michel/server_processing/t0_rootFiles/beam28806_new202602/wvf_applyCut_removeBeam/wvfFind_event2376_trackID6_opNum4_merged.root
[COPY] event=23785, trackID=8, T0=-0.185052 -> /Volumes/ssd_zhang/thesis_michel/server_processing/t0_rootFiles/beam28806_new202602/wvf_applyCut_removeBeam/wvfFind_event23785_trackID8_opNum3.root
[COPY] event=23823, trackID=17, T0=-1.60056 -> /Volumes/ssd_zhang/thesis_michel/server_processing/t0_rootFiles/beam28806_new202602/wvf_applyCut_removeBeam/wvfFind_event23823_trackID17_opNum9.root
[COPY] event=23829, trackID=8, T0=-0.599043 -> /Volumes/ssd_zhang/thesis_michel/server_processing/t0_rootFiles/beam28806_new202602/wvf_applyCut_removeBeam/wvfFind_event23829_trackID8_opNum9.root
[COPY] event=23864, trackID=2, T0=-0.72632 -> /Volumes/ssd_zhang/thesis_michel/server_processing/t0_rootFiles/beam28806_new202602/wvf_applyCut_removeBeam/wvfFind_event23864_trackID2_opNum5_merged.root
[COPY] event=23871, trackID=12, T0=-2.03417 -> /Volumes/ssd_zhang/thesis_michel/server_processing/t0_rootFiles/beam28806_new202602/wvf_applyCut_removeBeam/wvfFind_event23871_trackID12_opNum8_merged.root
[COPY] event=23887, trackID=14, T0=-2.21233 -> /Volumes/ssd_zhang/thesis_michel/server_processing/t0_rootFiles/beam28806_new202602/wvf_applyCut_removeBeam/wvfFind_event23887_trackID14_opNum4.root
[COPY] event=23887, trackID=14, T0=-2.21233 -> /Volumes/ssd_zhang/thesis_michel/server_processing/t0_rootFiles/beam28806_new202602/wvf_applyCut_removeBeam/wvfFind_event23887_trackID14_opNum4_2.root
[COPY] event=23890, trackID=2, T0=-0.864514 -> /Volumes/ssd_zhang/thesis_michel/server_processing/t0_rootFiles/beam28806_new202602/wvf_applyCut_removeBeam/wvfFind_event23890_trackID2_opNum8.root
[COPY] event=23896, trackID=4, T0=-1.67687 -> /Volumes/ssd_zhang/thesis_michel/server_processing/t0_rootFiles/beam28806_new202602/wvf_applyCut_removeBeam/wvfFind_event23896_trackID4_opNum4.root
[COPY] event=23910, trackID=3, T0=-1.03953 -> /Volumes/ssd_zhang/thesis_michel/server_processing/t0_rootFiles/beam28806_new202602/wvf_applyCut_removeBeam/wvfFind_event23910_trackID3_opNum8.root
[SKIP] (in range) event=23937, trackID=20, T0=-0.112447
[COPY] event=23941, trackID=11, T0=-2.12678 -> /Volumes/ssd_zhang/thesis_michel/server_processing/t0_rootFiles/beam28806_new202602/wvf_applyCut_removeBeam/wvfFind_event23941_trackID11_opNum5.root
[COPY] event=23945, trackID=12, T0=-0.513669 -> /Volumes/ssd_zhang/thesis_michel/server_processing/t0_rootFiles/beam28806_new202602/wvf_applyCut_removeBeam/wvfFind_event23945_trackID12_opNum4.root
[COPY] event=23945, trackID=12, T0=-0.513669 -> /Volumes/ssd_zhang/thesis_michel/server_processing/t0_rootFiles/beam28806_new202602/wvf_applyCut_removeBeam/wvfFind_event23945_trackID12_opNum4_2.root
[COPY] event=23946, trackID=18, T0=-1.89102 -> /Volumes/ssd_zhang/thesis_michel/server_processing/t0_rootFiles/beam28806_new202602/wvf_applyCut_removeBeam/wvfFind_event23946_trackID18_opNum3_merged.root
[COPY] event=23957, trackID=2, T0=0.0477565 -> /Volumes/ssd_zhang/thesis_michel/server_processing/t0_rootFiles/beam28806_new202602/wvf_applyCut_removeBeam/wvfFind_event23957_trackID2_opNum5.root
[COPY] event=24005, trackID=3, T0=-0.803795 -> /Volumes/ssd_zhang/thesis_michel/server_processing/t0_rootFiles/beam28806_new202602/wvf_applyCut_removeBeam/wvfFind_event24005_trackID3_opNum9.root
[COPY] event=24018, trackID=7, T0=-1.7656 -> /Volumes/ssd_zhang/thesis_michel/server_processing/t0_rootFiles/beam28806_new202602/wvf_applyCut_removeBeam/wvfFind_event24018_trackID7_opNum9_merged.root
[COPY] event=2401, trackID=14, T0=-0.150971 -> /Volumes/ssd_zhang/thesis_michel/server_processing/t0_rootFiles/beam28806_new202602/wvf_applyCut_removeBeam/wvfFind_event2401_trackID14_opNum5.root
[COPY] event=2401, trackID=14, T0=-0.150971 -> /Volumes/ssd_zhang/thesis_michel/server_processing/t0_rootFiles/beam28806_new202602/wvf_applyCut_removeBeam/wvfFind_event2401_trackID14_opNum5_2.root
[COPY] event=2402, trackID=17, T0=-1.76032 -> /Volumes/ssd_zhang/thesis_michel/server_processing/t0_rootFiles/beam28806_new202602/wvf_applyCut_removeBeam/wvfFind_event2402_trackID17_opNum8.root
[COPY] event=24049, trackID=2, T0=0.328871 -> /Volumes/ssd_zhang/thesis_michel/server_processing/t0_rootFiles/beam28806_new202602/wvf_applyCut_removeBeam/wvfFind_event24049_trackID2_opNum8.root
[COPY] event=24049, trackID=2, T0=0.328871 -> /Volumes/ssd_zhang/thesis_michel/server_processing/t0_rootFiles/beam28806_new202602/wvf_applyCut_removeBeam/wvfFind_event24049_trackID2_opNum8_2.root
[COPY] event=24059, trackID=20, T0=0.405269 -> /Volumes/ssd_zhang/thesis_michel/server_processing/t0_rootFiles/beam28806_new202602/wvf_applyCut_removeBeam/wvfFind_event24059_trackID20_opNum5_merged.root
[COPY] event=24090, trackID=17, T0=-2.11597 -> /Volumes/ssd_zhang/thesis_michel/server_processing/t0_rootFiles/beam28806_new202602/wvf_applyCut_removeBeam/wvfFind_event24090_trackID17_opNum6.root
[COPY] event=24090, trackID=17, T0=-2.11597 -> /Volumes/ssd_zhang/thesis_michel/server_processing/t0_rootFiles/beam28806_new202602/wvf_applyCut_removeBeam/wvfFind_event24090_trackID17_opNum6_2.root
[COPY] event=24107, trackID=8, T0=0.125905 -> /Volumes/ssd_zhang/thesis_michel/server_processing/t0_rootFiles/beam28806_new202602/wvf_applyCut_removeBeam/wvfFind_event24107_trackID8_opNum5_merged.root
[COPY] event=2411, trackID=4, T0=0.212164 -> /Volumes/ssd_zhang/thesis_michel/server_processing/t0_rootFiles/beam28806_new202602/wvf_applyCut_removeBeam/wvfFind_event2411_trackID4_opNum5.root
[COPY] event=24127, trackID=17, T0=-1.85474 -> /Volumes/ssd_zhang/thesis_michel/server_processing/t0_rootFiles/beam28806_new202602/wvf_applyCut_removeBeam/wvfFind_event24127_trackID17_opNum9_merged.root
[COPY] event=24138, trackID=1, T0=-0.985671 -> /Volumes/ssd_zhang/thesis_michel/server_processing/t0_rootFiles/beam28806_new202602/wvf_applyCut_removeBeam/wvfFind_event24138_trackID1_opNum9.root
[COPY] event=24138, trackID=1, T0=-0.985671 -> /Volumes/ssd_zhang/thesis_michel/server_processing/t0_rootFiles/beam28806_new202602/wvf_applyCut_removeBeam/wvfFind_event24138_trackID1_opNum9_2.root
[COPY] event=24143, trackID=8, T0=-1.49467 -> /Volumes/ssd_zhang/thesis_michel/server_processing/t0_rootFiles/beam28806_new202602/wvf_applyCut_removeBeam/wvfFind_event24143_trackID8_opNum6.root
[COPY] event=24157, trackID=2, T0=0.0206102 -> /Volumes/ssd_zhang/thesis_michel/server_processing/t0_rootFiles/beam28806_new202602/wvf_applyCut_removeBeam/wvfFind_event24157_trackID2_opNum4.root
[COPY] event=24159, trackID=14, T0=-1.76879 -> /Volumes/ssd_zhang/thesis_michel/server_processing/t0_rootFiles/beam28806_new202602/wvf_applyCut_removeBeam/wvfFind_event24159_trackID14_opNum3.root
[COPY] event=24159, trackID=14, T0=-1.76879 -> /Volumes/ssd_zhang/thesis_michel/server_processing/t0_rootFiles/beam28806_new202602/wvf_applyCut_removeBeam/wvfFind_event24159_trackID14_opNum3_2.root
[COPY] event=24162, trackID=16, T0=-2.04776 -> /Volumes/ssd_zhang/thesis_michel/server_processing/t0_rootFiles/beam28806_new202602/wvf_applyCut_removeBeam/wvfFind_event24162_trackID16_opNum8.root
[COPY] event=2416, trackID=2, T0=-0.629985 -> /Volumes/ssd_zhang/thesis_michel/server_processing/t0_rootFiles/beam28806_new202602/wvf_applyCut_removeBeam/wvfFind_event2416_trackID2_opNum3.root
[COPY] event=24174, trackID=5, T0=-0.390542 -> /Volumes/ssd_zhang/thesis_michel/server_processing/t0_rootFiles/beam28806_new202602/wvf_applyCut_removeBeam/wvfFind_event24174_trackID5_opNum3_merged.root
[COPY] event=24198, trackID=17, T0=-0.228297 -> /Volumes/ssd_zhang/thesis_michel/server_processing/t0_rootFiles/beam28806_new202602/wvf_applyCut_removeBeam/wvfFind_event24198_trackID17_opNum9.root
[COPY] event=24201, trackID=21, T0=-0.0241968 -> /Volumes/ssd_zhang/thesis_michel/server_processing/t0_rootFiles/beam28806_new202602/wvf_applyCut_removeBeam/wvfFind_event24201_trackID21_opNum9.root
[COPY] event=24201, trackID=21, T0=-0.0241968 -> /Volumes/ssd_zhang/thesis_michel/server_processing/t0_rootFiles/beam28806_new202602/wvf_applyCut_removeBeam/wvfFind_event24201_trackID21_opNum9_2.root
[COPY] event=24242, trackID=1, T0=-0.235767 -> /Volumes/ssd_zhang/thesis_michel/server_processing/t0_rootFiles/beam28806_new202602/wvf_applyCut_removeBeam/wvfFind_event24242_trackID1_opNum4.root
[COPY] event=24291, trackID=3, T0=-0.399926 -> /Volumes/ssd_zhang/thesis_michel/server_processing/t0_rootFiles/beam28806_new202602/wvf_applyCut_removeBeam/wvfFind_event24291_trackID3_opNum4.root
[COPY] event=24301, trackID=9, T0=0.188114 -> /Volumes/ssd_zhang/thesis_michel/server_processing/t0_rootFiles/beam28806_new202602/wvf_applyCut_removeBeam/wvfFind_event24301_trackID9_opNum5.root
[COPY] event=24306, trackID=5, T0=-1.30906 -> /Volumes/ssd_zhang/thesis_michel/server_processing/t0_rootFiles/beam28806_new202602/wvf_applyCut_removeBeam/wvfFind_event24306_trackID5_opNum5.root
[COPY] event=24306, trackID=5, T0=-1.30906 -> /Volumes/ssd_zhang/thesis_michel/server_processing/t0_rootFiles/beam28806_new202602/wvf_applyCut_removeBeam/wvfFind_event24306_trackID5_opNum5_2.root
[COPY] event=24314, trackID=6, T0=-0.804968 -> /Volumes/ssd_zhang/thesis_michel/server_processing/t0_rootFiles/beam28806_new202602/wvf_applyCut_removeBeam/wvfFind_event24314_trackID6_opNum8.root
[COPY] event=24322, trackID=17, T0=-0.864561 -> /Volumes/ssd_zhang/thesis_michel/server_processing/t0_rootFiles/beam28806_new202602/wvf_applyCut_removeBeam/wvfFind_event24322_trackID17_opNum5.root
[COPY] event=24360, trackID=3, T0=-0.626314 -> /Volumes/ssd_zhang/thesis_michel/server_processing/t0_rootFiles/beam28806_new202602/wvf_applyCut_removeBeam/wvfFind_event24360_trackID3_opNum5.root
[COPY] event=24361, trackID=1, T0=0.160131 -> /Volumes/ssd_zhang/thesis_michel/server_processing/t0_rootFiles/beam28806_new202602/wvf_applyCut_removeBeam/wvfFind_event24361_trackID1_opNum9.root
[COPY] event=24361, trackID=1, T0=0.160131 -> /Volumes/ssd_zhang/thesis_michel/server_processing/t0_rootFiles/beam28806_new202602/wvf_applyCut_removeBeam/wvfFind_event24361_trackID1_opNum9_2.root
[SKIP] (in range) event=24381, trackID=10, T0=-0.0411446
[COPY] event=24399, trackID=0, T0=-0.600803 -> /Volumes/ssd_zhang/thesis_michel/server_processing/t0_rootFiles/beam28806_new202602/wvf_applyCut_removeBeam/wvfFind_event24399_trackID0_opNum3.root
[COPY] event=24399, trackID=0, T0=-0.600803 -> /Volumes/ssd_zhang/thesis_michel/server_processing/t0_rootFiles/beam28806_new202602/wvf_applyCut_removeBeam/wvfFind_event24399_trackID0_opNum3_2.root
[COPY] event=2442, trackID=15, T0=-1.70909 -> /Volumes/ssd_zhang/thesis_michel/server_processing/t0_rootFiles/beam28806_new202602/wvf_applyCut_removeBeam/wvfFind_event2442_trackID15_opNum5.root
[COPY] event=24435, trackID=6, T0=0.353709 -> /Volumes/ssd_zhang/thesis_michel/server_processing/t0_rootFiles/beam28806_new202602/wvf_applyCut_removeBeam/wvfFind_event24435_trackID6_opNum5.root
[COPY] event=24441, trackID=16, T0=-1.16664 -> /Volumes/ssd_zhang/thesis_michel/server_processing/t0_rootFiles/beam28806_new202602/wvf_applyCut_removeBeam/wvfFind_event24441_trackID16_opNum3.root
[SKIP] (in range) event=24451, trackID=18, T0=-0.0465423
[COPY] event=24461, trackID=16, T0=-0.428014 -> /Volumes/ssd_zhang/thesis_michel/server_processing/t0_rootFiles/beam28806_new202602/wvf_applyCut_removeBeam/wvfFind_event24461_trackID16_opNum6.root
[COPY] event=2449, trackID=2, T0=-0.345743 -> /Volumes/ssd_zhang/thesis_michel/server_processing/t0_rootFiles/beam28806_new202602/wvf_applyCut_removeBeam/wvfFind_event2449_trackID2_opNum3.root
[COPY] event=24501, trackID=13, T0=-0.85347 -> /Volumes/ssd_zhang/thesis_michel/server_processing/t0_rootFiles/beam28806_new202602/wvf_applyCut_removeBeam/wvfFind_event24501_trackID13_opNum4.root
[COPY] event=24535, trackID=19, T0=-0.645691 -> /Volumes/ssd_zhang/thesis_michel/server_processing/t0_rootFiles/beam28806_new202602/wvf_applyCut_removeBeam/wvfFind_event24535_trackID19_opNum6_merged.root
[COPY] event=24543, trackID=19, T0=-2.38059 -> /Volumes/ssd_zhang/thesis_michel/server_processing/t0_rootFiles/beam28806_new202602/wvf_applyCut_removeBeam/wvfFind_event24543_trackID19_opNum9.root
[COPY] event=24544, trackID=25, T0=-1.59654 -> /Volumes/ssd_zhang/thesis_michel/server_processing/t0_rootFiles/beam28806_new202602/wvf_applyCut_removeBeam/wvfFind_event24544_trackID25_opNum6.root
[COPY] event=2454, trackID=8, T0=-1.08718 -> /Volumes/ssd_zhang/thesis_michel/server_processing/t0_rootFiles/beam28806_new202602/wvf_applyCut_removeBeam/wvfFind_event2454_trackID8_opNum5.root
[COPY] event=24557, trackID=2, T0=-0.292366 -> /Volumes/ssd_zhang/thesis_michel/server_processing/t0_rootFiles/beam28806_new202602/wvf_applyCut_removeBeam/wvfFind_event24557_trackID2_opNum5_merged.root
[COPY] event=24562, trackID=7, T0=-0.950895 -> /Volumes/ssd_zhang/thesis_michel/server_processing/t0_rootFiles/beam28806_new202602/wvf_applyCut_removeBeam/wvfFind_event24562_trackID7_opNum3.root
[COPY] event=24566, trackID=9, T0=-1.02905 -> /Volumes/ssd_zhang/thesis_michel/server_processing/t0_rootFiles/beam28806_new202602/wvf_applyCut_removeBeam/wvfFind_event24566_trackID9_opNum6_merged.root
[COPY] event=24579, trackID=14, T0=-0.504793 -> /Volumes/ssd_zhang/thesis_michel/server_processing/t0_rootFiles/beam28806_new202602/wvf_applyCut_removeBeam/wvfFind_event24579_trackID14_opNum6.root
[COPY] event=24579, trackID=14, T0=-0.504793 -> /Volumes/ssd_zhang/thesis_michel/server_processing/t0_rootFiles/beam28806_new202602/wvf_applyCut_removeBeam/wvfFind_event24579_trackID14_opNum6_2.root
[COPY] event=24601, trackID=5, T0=0.236052 -> /Volumes/ssd_zhang/thesis_michel/server_processing/t0_rootFiles/beam28806_new202602/wvf_applyCut_removeBeam/wvfFind_event24601_trackID5_opNum5.root
[COPY] event=24602, trackID=5, T0=-1.16715 -> /Volumes/ssd_zhang/thesis_michel/server_processing/t0_rootFiles/beam28806_new202602/wvf_applyCut_removeBeam/wvfFind_event24602_trackID5_opNum3.root
[COPY] event=24612, trackID=21, T0=-1.40916 -> /Volumes/ssd_zhang/thesis_michel/server_processing/t0_rootFiles/beam28806_new202602/wvf_applyCut_removeBeam/wvfFind_event24612_trackID21_opNum9.root
[COPY] event=24617, trackID=8, T0=-1.66792 -> /Volumes/ssd_zhang/thesis_michel/server_processing/t0_rootFiles/beam28806_new202602/wvf_applyCut_removeBeam/wvfFind_event24617_trackID8_opNum8_merged.root
[COPY] event=24619, trackID=1, T0=-0.00913254 -> /Volumes/ssd_zhang/thesis_michel/server_processing/t0_rootFiles/beam28806_new202602/wvf_applyCut_removeBeam/wvfFind_event24619_trackID1_opNum9.root
[COPY] event=24629, trackID=37, T0=-2.44174 -> /Volumes/ssd_zhang/thesis_michel/server_processing/t0_rootFiles/beam28806_new202602/wvf_applyCut_removeBeam/wvfFind_event24629_trackID37_opNum3.root
[COPY] event=24629, trackID=37, T0=-2.44174 -> /Volumes/ssd_zhang/thesis_michel/server_processing/t0_rootFiles/beam28806_new202602/wvf_applyCut_removeBeam/wvfFind_event24629_trackID37_opNum3_2.root
[COPY] event=24630, trackID=33, T0=-0.00478757 -> /Volumes/ssd_zhang/thesis_michel/server_processing/t0_rootFiles/beam28806_new202602/wvf_applyCut_removeBeam/wvfFind_event24630_trackID33_opNum9.root
[COPY] event=24640, trackID=10, T0=-1.52618 -> /Volumes/ssd_zhang/thesis_michel/server_processing/t0_rootFiles/beam28806_new202602/wvf_applyCut_removeBeam/wvfFind_event24640_trackID10_opNum4.root
[COPY] event=246, trackID=12, T0=-1.23582 -> /Volumes/ssd_zhang/thesis_michel/server_processing/t0_rootFiles/beam28806_new202602/wvf_applyCut_removeBeam/wvfFind_event246_trackID12_opNum3.root
[COPY] event=24703, trackID=2, T0=-0.2791 -> /Volumes/ssd_zhang/thesis_michel/server_processing/t0_rootFiles/beam28806_new202602/wvf_applyCut_removeBeam/wvfFind_event24703_trackID2_opNum5.root
[COPY] event=24709, trackID=2, T0=0.415916 -> /Volumes/ssd_zhang/thesis_michel/server_processing/t0_rootFiles/beam28806_new202602/wvf_applyCut_removeBeam/wvfFind_event24709_trackID2_opNum9.root
[COPY] event=2470, trackID=17, T0=-2.2128 -> /Volumes/ssd_zhang/thesis_michel/server_processing/t0_rootFiles/beam28806_new202602/wvf_applyCut_removeBeam/wvfFind_event2470_trackID17_opNum3.root
[COPY] event=2470, trackID=17, T0=-2.2128 -> /Volumes/ssd_zhang/thesis_michel/server_processing/t0_rootFiles/beam28806_new202602/wvf_applyCut_removeBeam/wvfFind_event2470_trackID17_opNum3_2.root
[COPY] event=24716, trackID=13, T0=-1.02987 -> /Volumes/ssd_zhang/thesis_michel/server_processing/t0_rootFiles/beam28806_new202602/wvf_applyCut_removeBeam/wvfFind_event24716_trackID13_opNum8.root
[COPY] event=24735, trackID=38, T0=-2.44842 -> /Volumes/ssd_zhang/thesis_michel/server_processing/t0_rootFiles/beam28806_new202602/wvf_applyCut_removeBeam/wvfFind_event24735_trackID38_opNum3.root
[COPY] event=24750, trackID=21, T0=-2.33134 -> /Volumes/ssd_zhang/thesis_michel/server_processing/t0_rootFiles/beam28806_new202602/wvf_applyCut_removeBeam/wvfFind_event24750_trackID21_opNum9.root
[COPY] event=24768, trackID=10, T0=-2.03341 -> /Volumes/ssd_zhang/thesis_michel/server_processing/t0_rootFiles/beam28806_new202602/wvf_applyCut_removeBeam/wvfFind_event24768_trackID10_opNum5.root
[COPY] event=24768, trackID=10, T0=-2.03341 -> /Volumes/ssd_zhang/thesis_michel/server_processing/t0_rootFiles/beam28806_new202602/wvf_applyCut_removeBeam/wvfFind_event24768_trackID10_opNum5_2.root
[COPY] event=24768, trackID=10, T0=-2.03341 -> /Volumes/ssd_zhang/thesis_michel/server_processing/t0_rootFiles/beam28806_new202602/wvf_applyCut_removeBeam/wvfFind_event24768_trackID10_opNum5_3.root
[COPY] event=24781, trackID=5, T0=-1.16877 -> /Volumes/ssd_zhang/thesis_michel/server_processing/t0_rootFiles/beam28806_new202602/wvf_applyCut_removeBeam/wvfFind_event24781_trackID5_opNum8.root
[COPY] event=24783, trackID=5, T0=0.400145 -> /Volumes/ssd_zhang/thesis_michel/server_processing/t0_rootFiles/beam28806_new202602/wvf_applyCut_removeBeam/wvfFind_event24783_trackID5_opNum4.root
[COPY] event=24813, trackID=2, T0=0.0423573 -> /Volumes/ssd_zhang/thesis_michel/server_processing/t0_rootFiles/beam28806_new202602/wvf_applyCut_removeBeam/wvfFind_event24813_trackID2_opNum5.root
[COPY] event=24818, trackID=5, T0=-0.479924 -> /Volumes/ssd_zhang/thesis_michel/server_processing/t0_rootFiles/beam28806_new202602/wvf_applyCut_removeBeam/wvfFind_event24818_trackID5_opNum9.root
[COPY] event=24818, trackID=5, T0=-0.479924 -> /Volumes/ssd_zhang/thesis_michel/server_processing/t0_rootFiles/beam28806_new202602/wvf_applyCut_removeBeam/wvfFind_event24818_trackID5_opNum9_2.root
[COPY] event=24833, trackID=23, T0=-2.41438 -> /Volumes/ssd_zhang/thesis_michel/server_processing/t0_rootFiles/beam28806_new202602/wvf_applyCut_removeBeam/wvfFind_event24833_trackID23_opNum3.root
[COPY] event=24836, trackID=6, T0=-0.933299 -> /Volumes/ssd_zhang/thesis_michel/server_processing/t0_rootFiles/beam28806_new202602/wvf_applyCut_removeBeam/wvfFind_event24836_trackID6_opNum4.root
[COPY] event=24836, trackID=6, T0=-0.933299 -> /Volumes/ssd_zhang/thesis_michel/server_processing/t0_rootFiles/beam28806_new202602/wvf_applyCut_removeBeam/wvfFind_event24836_trackID6_opNum4_2.root
[COPY] event=24874, trackID=13, T0=0.269448 -> /Volumes/ssd_zhang/thesis_michel/server_processing/t0_rootFiles/beam28806_new202602/wvf_applyCut_removeBeam/wvfFind_event24874_trackID13_opNum7.root
[COPY] event=2487, trackID=9, T0=-0.247669 -> /Volumes/ssd_zhang/thesis_michel/server_processing/t0_rootFiles/beam28806_new202602/wvf_applyCut_removeBeam/wvfFind_event2487_trackID9_opNum4.root
[COPY] event=24886, trackID=3, T0=-1.79843 -> /Volumes/ssd_zhang/thesis_michel/server_processing/t0_rootFiles/beam28806_new202602/wvf_applyCut_removeBeam/wvfFind_event24886_trackID3_opNum4.root
[COPY] event=24910, trackID=15, T0=-2.32153 -> /Volumes/ssd_zhang/thesis_michel/server_processing/t0_rootFiles/beam28806_new202602/wvf_applyCut_removeBeam/wvfFind_event24910_trackID15_opNum5.root
[COPY] event=24928, trackID=0, T0=-0.361398 -> /Volumes/ssd_zhang/thesis_michel/server_processing/t0_rootFiles/beam28806_new202602/wvf_applyCut_removeBeam/wvfFind_event24928_trackID0_opNum8.root
[COPY] event=24955, trackID=12, T0=0.457219 -> /Volumes/ssd_zhang/thesis_michel/server_processing/t0_rootFiles/beam28806_new202602/wvf_applyCut_removeBeam/wvfFind_event24955_trackID12_opNum3_merged.root
[COPY] event=24972, trackID=11, T0=-0.863939 -> /Volumes/ssd_zhang/thesis_michel/server_processing/t0_rootFiles/beam28806_new202602/wvf_applyCut_removeBeam/wvfFind_event24972_trackID11_opNum4_merged.root
[COPY] event=24974, trackID=7, T0=0.445647 -> /Volumes/ssd_zhang/thesis_michel/server_processing/t0_rootFiles/beam28806_new202602/wvf_applyCut_removeBeam/wvfFind_event24974_trackID7_opNum4_merged.root
[SKIP] (in range) event=24999, trackID=1, T0=-0.0452716
[COPY] event=25000, trackID=18, T0=-2.31563 -> /Volumes/ssd_zhang/thesis_michel/server_processing/t0_rootFiles/beam28806_new202602/wvf_applyCut_removeBeam/wvfFind_event25000_trackID18_opNum9.root
[COPY] event=25003, trackID=2, T0=0.245308 -> /Volumes/ssd_zhang/thesis_michel/server_processing/t0_rootFiles/beam28806_new202602/wvf_applyCut_removeBeam/wvfFind_event25003_trackID2_opNum5_merged.root
[COPY] event=25036, trackID=7, T0=-0.551402 -> /Volumes/ssd_zhang/thesis_michel/server_processing/t0_rootFiles/beam28806_new202602/wvf_applyCut_removeBeam/wvfFind_event25036_trackID7_opNum8_merged.root
[COPY] event=25042, trackID=16, T0=-0.453121 -> /Volumes/ssd_zhang/thesis_michel/server_processing/t0_rootFiles/beam28806_new202602/wvf_applyCut_removeBeam/wvfFind_event25042_trackID16_opNum5.root
[COPY] event=25042, trackID=16, T0=-0.453121 -> /Volumes/ssd_zhang/thesis_michel/server_processing/t0_rootFiles/beam28806_new202602/wvf_applyCut_removeBeam/wvfFind_event25042_trackID16_opNum5_2.root
[COPY] event=25044, trackID=0, T0=-0.429712 -> /Volumes/ssd_zhang/thesis_michel/server_processing/t0_rootFiles/beam28806_new202602/wvf_applyCut_removeBeam/wvfFind_event25044_trackID0_opNum5.root
[COPY] event=2504, trackID=4, T0=0.133517 -> /Volumes/ssd_zhang/thesis_michel/server_processing/t0_rootFiles/beam28806_new202602/wvf_applyCut_removeBeam/wvfFind_event2504_trackID4_opNum4.root
[COPY] event=2504, trackID=4, T0=0.133517 -> /Volumes/ssd_zhang/thesis_michel/server_processing/t0_rootFiles/beam28806_new202602/wvf_applyCut_removeBeam/wvfFind_event2504_trackID4_opNum4_2.root
[COPY] event=25062, trackID=13, T0=0.454115 -> /Volumes/ssd_zhang/thesis_michel/server_processing/t0_rootFiles/beam28806_new202602/wvf_applyCut_removeBeam/wvfFind_event25062_trackID13_opNum7.root
[COPY] event=25091, trackID=7, T0=-1.64293 -> /Volumes/ssd_zhang/thesis_michel/server_processing/t0_rootFiles/beam28806_new202602/wvf_applyCut_removeBeam/wvfFind_event25091_trackID7_opNum5.root
[COPY] event=25125, trackID=14, T0=-2.12454 -> /Volumes/ssd_zhang/thesis_michel/server_processing/t0_rootFiles/beam28806_new202602/wvf_applyCut_removeBeam/wvfFind_event25125_trackID14_opNum7.root
[COPY] event=25133, trackID=2, T0=-0.783814 -> /Volumes/ssd_zhang/thesis_michel/server_processing/t0_rootFiles/beam28806_new202602/wvf_applyCut_removeBeam/wvfFind_event25133_trackID2_opNum4.root
[COPY] event=25134, trackID=4, T0=-1.08526 -> /Volumes/ssd_zhang/thesis_michel/server_processing/t0_rootFiles/beam28806_new202602/wvf_applyCut_removeBeam/wvfFind_event25134_trackID4_opNum4.root
[COPY] event=25152, trackID=3, T0=-0.565424 -> /Volumes/ssd_zhang/thesis_michel/server_processing/t0_rootFiles/beam28806_new202602/wvf_applyCut_removeBeam/wvfFind_event25152_trackID3_opNum3.root
[COPY] event=25185, trackID=1, T0=-1.22872 -> /Volumes/ssd_zhang/thesis_michel/server_processing/t0_rootFiles/beam28806_new202602/wvf_applyCut_removeBeam/wvfFind_event25185_trackID1_opNum9.root
[COPY] event=25193, trackID=7, T0=-1.69387 -> /Volumes/ssd_zhang/thesis_michel/server_processing/t0_rootFiles/beam28806_new202602/wvf_applyCut_removeBeam/wvfFind_event25193_trackID7_opNum6.root
[COPY] event=25198, trackID=5, T0=-2.25667 -> /Volumes/ssd_zhang/thesis_michel/server_processing/t0_rootFiles/beam28806_new202602/wvf_applyCut_removeBeam/wvfFind_event25198_trackID5_opNum9.root
[COPY] event=25209, trackID=6, T0=0.0831818 -> /Volumes/ssd_zhang/thesis_michel/server_processing/t0_rootFiles/beam28806_new202602/wvf_applyCut_removeBeam/wvfFind_event25209_trackID6_opNum5.root
[COPY] event=25229, trackID=4, T0=0.45377 -> /Volumes/ssd_zhang/thesis_michel/server_processing/t0_rootFiles/beam28806_new202602/wvf_applyCut_removeBeam/wvfFind_event25229_trackID4_opNum4.root
[COPY] event=25232, trackID=6, T0=-2.06352 -> /Volumes/ssd_zhang/thesis_michel/server_processing/t0_rootFiles/beam28806_new202602/wvf_applyCut_removeBeam/wvfFind_event25232_trackID6_opNum5.root
[COPY] event=25244, trackID=5, T0=0.205559 -> /Volumes/ssd_zhang/thesis_michel/server_processing/t0_rootFiles/beam28806_new202602/wvf_applyCut_removeBeam/wvfFind_event25244_trackID5_opNum5.root
[COPY] event=2524, trackID=18, T0=-1.73678 -> /Volumes/ssd_zhang/thesis_michel/server_processing/t0_rootFiles/beam28806_new202602/wvf_applyCut_removeBeam/wvfFind_event2524_trackID18_opNum4_merged.root
[COPY] event=25255, trackID=7, T0=-1.38769 -> /Volumes/ssd_zhang/thesis_michel/server_processing/t0_rootFiles/beam28806_new202602/wvf_applyCut_removeBeam/wvfFind_event25255_trackID7_opNum3.root
[COPY] event=25257, trackID=4, T0=-1.06514 -> /Volumes/ssd_zhang/thesis_michel/server_processing/t0_rootFiles/beam28806_new202602/wvf_applyCut_removeBeam/wvfFind_event25257_trackID4_opNum4.root
[COPY] event=25257, trackID=4, T0=-1.06514 -> /Volumes/ssd_zhang/thesis_michel/server_processing/t0_rootFiles/beam28806_new202602/wvf_applyCut_removeBeam/wvfFind_event25257_trackID4_opNum4_2.root
[COPY] event=25275, trackID=5, T0=-1.0998 -> /Volumes/ssd_zhang/thesis_michel/server_processing/t0_rootFiles/beam28806_new202602/wvf_applyCut_removeBeam/wvfFind_event25275_trackID5_opNum5.root
[COPY] event=25298, trackID=13, T0=-2.11915 -> /Volumes/ssd_zhang/thesis_michel/server_processing/t0_rootFiles/beam28806_new202602/wvf_applyCut_removeBeam/wvfFind_event25298_trackID13_opNum8.root
[COPY] event=25310, trackID=20, T0=0.27499 -> /Volumes/ssd_zhang/thesis_michel/server_processing/t0_rootFiles/beam28806_new202602/wvf_applyCut_removeBeam/wvfFind_event25310_trackID20_opNum6.root
[COPY] event=25311, trackID=12, T0=-0.586683 -> /Volumes/ssd_zhang/thesis_michel/server_processing/t0_rootFiles/beam28806_new202602/wvf_applyCut_removeBeam/wvfFind_event25311_trackID12_opNum5_merged.root
[COPY] event=25315, trackID=4, T0=-0.150454 -> /Volumes/ssd_zhang/thesis_michel/server_processing/t0_rootFiles/beam28806_new202602/wvf_applyCut_removeBeam/wvfFind_event25315_trackID4_opNum7.root
[COPY] event=2532, trackID=4, T0=-1.10813 -> /Volumes/ssd_zhang/thesis_michel/server_processing/t0_rootFiles/beam28806_new202602/wvf_applyCut_removeBeam/wvfFind_event2532_trackID4_opNum7.root
[COPY] event=25340, trackID=5, T0=-0.300803 -> /Volumes/ssd_zhang/thesis_michel/server_processing/t0_rootFiles/beam28806_new202602/wvf_applyCut_removeBeam/wvfFind_event25340_trackID5_opNum9.root
[COPY] event=25349, trackID=9, T0=-2.04308 -> /Volumes/ssd_zhang/thesis_michel/server_processing/t0_rootFiles/beam28806_new202602/wvf_applyCut_removeBeam/wvfFind_event25349_trackID9_opNum5_merged.root
[COPY] event=25406, trackID=24, T0=0.18399 -> /Volumes/ssd_zhang/thesis_michel/server_processing/t0_rootFiles/beam28806_new202602/wvf_applyCut_removeBeam/wvfFind_event25406_trackID24_opNum3.root
[COPY] event=25415, trackID=13, T0=-1.39048 -> /Volumes/ssd_zhang/thesis_michel/server_processing/t0_rootFiles/beam28806_new202602/wvf_applyCut_removeBeam/wvfFind_event25415_trackID13_opNum8.root
[COPY] event=25417, trackID=26, T0=-1.42575 -> /Volumes/ssd_zhang/thesis_michel/server_processing/t0_rootFiles/beam28806_new202602/wvf_applyCut_removeBeam/wvfFind_event25417_trackID26_opNum7_merged.root
[COPY] event=25454, trackID=18, T0=-0.431991 -> /Volumes/ssd_zhang/thesis_michel/server_processing/t0_rootFiles/beam28806_new202602/wvf_applyCut_removeBeam/wvfFind_event25454_trackID18_opNum8.root
[COPY] event=25467, trackID=7, T0=0.0302244 -> /Volumes/ssd_zhang/thesis_michel/server_processing/t0_rootFiles/beam28806_new202602/wvf_applyCut_removeBeam/wvfFind_event25467_trackID7_opNum6.root
[COPY] event=25475, trackID=13, T0=-1.65679 -> /Volumes/ssd_zhang/thesis_michel/server_processing/t0_rootFiles/beam28806_new202602/wvf_applyCut_removeBeam/wvfFind_event25475_trackID13_opNum3.root
[COPY] event=2548, trackID=6, T0=-0.828961 -> /Volumes/ssd_zhang/thesis_michel/server_processing/t0_rootFiles/beam28806_new202602/wvf_applyCut_removeBeam/wvfFind_event2548_trackID6_opNum3.root
[COPY] event=25490, trackID=21, T0=-2.04081 -> /Volumes/ssd_zhang/thesis_michel/server_processing/t0_rootFiles/beam28806_new202602/wvf_applyCut_removeBeam/wvfFind_event25490_trackID21_opNum3.root
[COPY] event=25501, trackID=22, T0=-0.495735 -> /Volumes/ssd_zhang/thesis_michel/server_processing/t0_rootFiles/beam28806_new202602/wvf_applyCut_removeBeam/wvfFind_event25501_trackID22_opNum4.root
[COPY] event=25526, trackID=8, T0=-1.81306 -> /Volumes/ssd_zhang/thesis_michel/server_processing/t0_rootFiles/beam28806_new202602/wvf_applyCut_removeBeam/wvfFind_event25526_trackID8_opNum9.root
[COPY] event=25545, trackID=7, T0=-0.596002 -> /Volumes/ssd_zhang/thesis_michel/server_processing/t0_rootFiles/beam28806_new202602/wvf_applyCut_removeBeam/wvfFind_event25545_trackID7_opNum5.root
[COPY] event=25564, trackID=25, T0=-1.93633 -> /Volumes/ssd_zhang/thesis_michel/server_processing/t0_rootFiles/beam28806_new202602/wvf_applyCut_removeBeam/wvfFind_event25564_trackID25_opNum8.root
[COPY] event=25564, trackID=25, T0=-1.93633 -> /Volumes/ssd_zhang/thesis_michel/server_processing/t0_rootFiles/beam28806_new202602/wvf_applyCut_removeBeam/wvfFind_event25564_trackID25_opNum8_2.root
[COPY] event=25568, trackID=16, T0=-1.31292 -> /Volumes/ssd_zhang/thesis_michel/server_processing/t0_rootFiles/beam28806_new202602/wvf_applyCut_removeBeam/wvfFind_event25568_trackID16_opNum6.root
[COPY] event=25580, trackID=15, T0=-1.13559 -> /Volumes/ssd_zhang/thesis_michel/server_processing/t0_rootFiles/beam28806_new202602/wvf_applyCut_removeBeam/wvfFind_event25580_trackID15_opNum9.root
[COPY] event=25601, trackID=13, T0=0.0540432 -> /Volumes/ssd_zhang/thesis_michel/server_processing/t0_rootFiles/beam28806_new202602/wvf_applyCut_removeBeam/wvfFind_event25601_trackID13_opNum5.root
[COPY] event=25614, trackID=8, T0=-0.606759 -> /Volumes/ssd_zhang/thesis_michel/server_processing/t0_rootFiles/beam28806_new202602/wvf_applyCut_removeBeam/wvfFind_event25614_trackID8_opNum3.root
[SKIP] (in range) event=25617, trackID=4, T0=-0.033327
[COPY] event=25657, trackID=3, T0=-1.90104 -> /Volumes/ssd_zhang/thesis_michel/server_processing/t0_rootFiles/beam28806_new202602/wvf_applyCut_removeBeam/wvfFind_event25657_trackID3_opNum4_2.root
[COPY] event=25657, trackID=3, T0=-1.90104 -> /Volumes/ssd_zhang/thesis_michel/server_processing/t0_rootFiles/beam28806_new202602/wvf_applyCut_removeBeam/wvfFind_event25657_trackID3_opNum5_merged.root
[COPY] event=2565, trackID=10, T0=-0.850855 -> /Volumes/ssd_zhang/thesis_michel/server_processing/t0_rootFiles/beam28806_new202602/wvf_applyCut_removeBeam/wvfFind_event2565_trackID10_opNum4.root
[COPY] event=2565, trackID=10, T0=-0.850855 -> /Volumes/ssd_zhang/thesis_michel/server_processing/t0_rootFiles/beam28806_new202602/wvf_applyCut_removeBeam/wvfFind_event2565_trackID10_opNum4_2.root
[COPY] event=25668, trackID=1, T0=-0.569826 -> /Volumes/ssd_zhang/thesis_michel/server_processing/t0_rootFiles/beam28806_new202602/wvf_applyCut_removeBeam/wvfFind_event25668_trackID1_opNum3.root
[COPY] event=25681, trackID=12, T0=-0.405314 -> /Volumes/ssd_zhang/thesis_michel/server_processing/t0_rootFiles/beam28806_new202602/wvf_applyCut_removeBeam/wvfFind_event25681_trackID12_opNum5_2.root
[COPY] event=25681, trackID=12, T0=-0.405314 -> /Volumes/ssd_zhang/thesis_michel/server_processing/t0_rootFiles/beam28806_new202602/wvf_applyCut_removeBeam/wvfFind_event25681_trackID12_opNum6_merged.root
[SKIP] (in range) event=25705, trackID=18, T0=-0.0384655
[COPY] event=25739, trackID=7, T0=0.396838 -> /Volumes/ssd_zhang/thesis_michel/server_processing/t0_rootFiles/beam28806_new202602/wvf_applyCut_removeBeam/wvfFind_event25739_trackID7_opNum9.root
[COPY] event=25739, trackID=7, T0=0.396838 -> /Volumes/ssd_zhang/thesis_michel/server_processing/t0_rootFiles/beam28806_new202602/wvf_applyCut_removeBeam/wvfFind_event25739_trackID7_opNum9_2.root
[COPY] event=25740, trackID=9, T0=-1.07542 -> /Volumes/ssd_zhang/thesis_michel/server_processing/t0_rootFiles/beam28806_new202602/wvf_applyCut_removeBeam/wvfFind_event25740_trackID9_opNum8.root
[SKIP] (in range) event=25767, trackID=19, T0=-0.11439
[COPY] event=25780, trackID=4, T0=-1.36284 -> /Volumes/ssd_zhang/thesis_michel/server_processing/t0_rootFiles/beam28806_new202602/wvf_applyCut_removeBeam/wvfFind_event25780_trackID4_opNum9.root
[COPY] event=25788, trackID=6, T0=0.0663902 -> /Volumes/ssd_zhang/thesis_michel/server_processing/t0_rootFiles/beam28806_new202602/wvf_applyCut_removeBeam/wvfFind_event25788_trackID6_opNum9.root
[COPY] event=25792, trackID=1, T0=-0.332784 -> /Volumes/ssd_zhang/thesis_michel/server_processing/t0_rootFiles/beam28806_new202602/wvf_applyCut_removeBeam/wvfFind_event25792_trackID1_opNum5.root
[COPY] event=25792, trackID=1, T0=-0.332784 -> /Volumes/ssd_zhang/thesis_michel/server_processing/t0_rootFiles/beam28806_new202602/wvf_applyCut_removeBeam/wvfFind_event25792_trackID1_opNum5_2.root
[COPY] event=2579, trackID=0, T0=-0.779461 -> /Volumes/ssd_zhang/thesis_michel/server_processing/t0_rootFiles/beam28806_new202602/wvf_applyCut_removeBeam/wvfFind_event2579_trackID0_opNum9.root
[COPY] event=25818, trackID=6, T0=-1.50574 -> /Volumes/ssd_zhang/thesis_michel/server_processing/t0_rootFiles/beam28806_new202602/wvf_applyCut_removeBeam/wvfFind_event25818_trackID6_opNum6.root
[COPY] event=25829, trackID=19, T0=-1.94182 -> /Volumes/ssd_zhang/thesis_michel/server_processing/t0_rootFiles/beam28806_new202602/wvf_applyCut_removeBeam/wvfFind_event25829_trackID19_opNum3.root
[COPY] event=25867, trackID=13, T0=-2.09012 -> /Volumes/ssd_zhang/thesis_michel/server_processing/t0_rootFiles/beam28806_new202602/wvf_applyCut_removeBeam/wvfFind_event25867_trackID13_opNum6.root
[COPY] event=25867, trackID=13, T0=-2.09012 -> /Volumes/ssd_zhang/thesis_michel/server_processing/t0_rootFiles/beam28806_new202602/wvf_applyCut_removeBeam/wvfFind_event25867_trackID13_opNum6_2.root
[COPY] event=25898, trackID=3, T0=-1.07116 -> /Volumes/ssd_zhang/thesis_michel/server_processing/t0_rootFiles/beam28806_new202602/wvf_applyCut_removeBeam/wvfFind_event25898_trackID3_opNum5.root
[COPY] event=25901, trackID=9, T0=-0.761769 -> /Volumes/ssd_zhang/thesis_michel/server_processing/t0_rootFiles/beam28806_new202602/wvf_applyCut_removeBeam/wvfFind_event25901_trackID9_opNum9.root
[SKIP] (in range) event=25910, trackID=25, T0=-0.0723439
[COPY] event=25927, trackID=0, T0=-0.606398 -> /Volumes/ssd_zhang/thesis_michel/server_processing/t0_rootFiles/beam28806_new202602/wvf_applyCut_removeBeam/wvfFind_event25927_trackID0_opNum3.root
[COPY] event=25932, trackID=14, T0=0.455091 -> /Volumes/ssd_zhang/thesis_michel/server_processing/t0_rootFiles/beam28806_new202602/wvf_applyCut_removeBeam/wvfFind_event25932_trackID14_opNum7.root
[COPY] event=25949, trackID=1, T0=-1.72693 -> /Volumes/ssd_zhang/thesis_michel/server_processing/t0_rootFiles/beam28806_new202602/wvf_applyCut_removeBeam/wvfFind_event25949_trackID1_opNum8.root
[COPY] event=25975, trackID=12, T0=-2.24977 -> /Volumes/ssd_zhang/thesis_michel/server_processing/t0_rootFiles/beam28806_new202602/wvf_applyCut_removeBeam/wvfFind_event25975_trackID12_opNum3.root
[COPY] event=25975, trackID=12, T0=-2.24977 -> /Volumes/ssd_zhang/thesis_michel/server_processing/t0_rootFiles/beam28806_new202602/wvf_applyCut_removeBeam/wvfFind_event25975_trackID12_opNum3_2.root
[COPY] event=25983, trackID=8, T0=-2.07592 -> /Volumes/ssd_zhang/thesis_michel/server_processing/t0_rootFiles/beam28806_new202602/wvf_applyCut_removeBeam/wvfFind_event25983_trackID8_opNum8_merged.root
[COPY] event=25987, trackID=16, T0=0.953213 -> /Volumes/ssd_zhang/thesis_michel/server_processing/t0_rootFiles/beam28806_new202602/wvf_applyCut_removeBeam/wvfFind_event25987_trackID16_opNum9.root
[COPY] event=26011, trackID=10, T0=-2.06302 -> /Volumes/ssd_zhang/thesis_michel/server_processing/t0_rootFiles/beam28806_new202602/wvf_applyCut_removeBeam/wvfFind_event26011_trackID10_opNum5.root
[COPY] event=26054, trackID=14, T0=-1.88546 -> /Volumes/ssd_zhang/thesis_michel/server_processing/t0_rootFiles/beam28806_new202602/wvf_applyCut_removeBeam/wvfFind_event26054_trackID14_opNum9.root
[COPY] event=26057, trackID=10, T0=-0.205528 -> /Volumes/ssd_zhang/thesis_michel/server_processing/t0_rootFiles/beam28806_new202602/wvf_applyCut_removeBeam/wvfFind_event26057_trackID10_opNum9.root
[COPY] event=26057, trackID=10, T0=-0.205528 -> /Volumes/ssd_zhang/thesis_michel/server_processing/t0_rootFiles/beam28806_new202602/wvf_applyCut_removeBeam/wvfFind_event26057_trackID10_opNum9_2.root
[COPY] event=26069, trackID=2, T0=-0.911797 -> /Volumes/ssd_zhang/thesis_michel/server_processing/t0_rootFiles/beam28806_new202602/wvf_applyCut_removeBeam/wvfFind_event26069_trackID2_opNum5.root
[COPY] event=26089, trackID=10, T0=-2.01748 -> /Volumes/ssd_zhang/thesis_michel/server_processing/t0_rootFiles/beam28806_new202602/wvf_applyCut_removeBeam/wvfFind_event26089_trackID10_opNum8.root
[COPY] event=26106, trackID=32, T0=0.123347 -> /Volumes/ssd_zhang/thesis_michel/server_processing/t0_rootFiles/beam28806_new202602/wvf_applyCut_removeBeam/wvfFind_event26106_trackID32_opNum8.root
[COPY] event=26110, trackID=18, T0=-2.22128 -> /Volumes/ssd_zhang/thesis_michel/server_processing/t0_rootFiles/beam28806_new202602/wvf_applyCut_removeBeam/wvfFind_event26110_trackID18_opNum9.root
[COPY] event=26110, trackID=18, T0=-2.22128 -> /Volumes/ssd_zhang/thesis_michel/server_processing/t0_rootFiles/beam28806_new202602/wvf_applyCut_removeBeam/wvfFind_event26110_trackID18_opNum9_2.root
[COPY] event=26111, trackID=3, T0=-0.341955 -> /Volumes/ssd_zhang/thesis_michel/server_processing/t0_rootFiles/beam28806_new202602/wvf_applyCut_removeBeam/wvfFind_event26111_trackID3_opNum6.root
[COPY] event=2613, trackID=3, T0=-0.907411 -> /Volumes/ssd_zhang/thesis_michel/server_processing/t0_rootFiles/beam28806_new202602/wvf_applyCut_removeBeam/wvfFind_event2613_trackID3_opNum9.root
[COPY] event=2613, trackID=3, T0=-0.907411 -> /Volumes/ssd_zhang/thesis_michel/server_processing/t0_rootFiles/beam28806_new202602/wvf_applyCut_removeBeam/wvfFind_event2613_trackID3_opNum9_2.root
[COPY] event=26140, trackID=8, T0=-1.50805 -> /Volumes/ssd_zhang/thesis_michel/server_processing/t0_rootFiles/beam28806_new202602/wvf_applyCut_removeBeam/wvfFind_event26140_trackID8_opNum4.root
[COPY] event=26148, trackID=27, T0=0.0616897 -> /Volumes/ssd_zhang/thesis_michel/server_processing/t0_rootFiles/beam28806_new202602/wvf_applyCut_removeBeam/wvfFind_event26148_trackID27_opNum9.root
[SKIP] (in range) event=26164, trackID=2, T0=-0.111267
[COPY] event=26177, trackID=29, T0=-2.39785 -> /Volumes/ssd_zhang/thesis_michel/server_processing/t0_rootFiles/beam28806_new202602/wvf_applyCut_removeBeam/wvfFind_event26177_trackID29_opNum3.root
[COPY] event=26177, trackID=29, T0=-2.39785 -> /Volumes/ssd_zhang/thesis_michel/server_processing/t0_rootFiles/beam28806_new202602/wvf_applyCut_removeBeam/wvfFind_event26177_trackID29_opNum3_2.root
[COPY] event=26180, trackID=3, T0=-1.76862 -> /Volumes/ssd_zhang/thesis_michel/server_processing/t0_rootFiles/beam28806_new202602/wvf_applyCut_removeBeam/wvfFind_event26180_trackID3_opNum5.root
[COPY] event=26188, trackID=2, T0=-0.745194 -> /Volumes/ssd_zhang/thesis_michel/server_processing/t0_rootFiles/beam28806_new202602/wvf_applyCut_removeBeam/wvfFind_event26188_trackID2_opNum4.root
[COPY] event=26196, trackID=1, T0=-0.552214 -> /Volumes/ssd_zhang/thesis_michel/server_processing/t0_rootFiles/beam28806_new202602/wvf_applyCut_removeBeam/wvfFind_event26196_trackID1_opNum5.root
[COPY] event=26196, trackID=1, T0=-0.552214 -> /Volumes/ssd_zhang/thesis_michel/server_processing/t0_rootFiles/beam28806_new202602/wvf_applyCut_removeBeam/wvfFind_event26196_trackID1_opNum5_2.root
[COPY] event=26199, trackID=18, T0=-1.68321 -> /Volumes/ssd_zhang/thesis_michel/server_processing/t0_rootFiles/beam28806_new202602/wvf_applyCut_removeBeam/wvfFind_event26199_trackID18_opNum6.root
[COPY] event=26199, trackID=18, T0=-1.68321 -> /Volumes/ssd_zhang/thesis_michel/server_processing/t0_rootFiles/beam28806_new202602/wvf_applyCut_removeBeam/wvfFind_event26199_trackID18_opNum6_2.root
[COPY] event=26220, trackID=9, T0=-1.32458 -> /Volumes/ssd_zhang/thesis_michel/server_processing/t0_rootFiles/beam28806_new202602/wvf_applyCut_removeBeam/wvfFind_event26220_trackID9_opNum9.root
[SKIP] (in range) event=26274, trackID=2, T0=-0.108985
[COPY] event=26283, trackID=14, T0=-1.28566 -> /Volumes/ssd_zhang/thesis_michel/server_processing/t0_rootFiles/beam28806_new202602/wvf_applyCut_removeBeam/wvfFind_event26283_trackID14_opNum7.root
[COPY] event=262, trackID=11, T0=-1.54274 -> /Volumes/ssd_zhang/thesis_michel/server_processing/t0_rootFiles/beam28806_new202602/wvf_applyCut_removeBeam/wvfFind_event262_trackID11_opNum9.root
[COPY] event=26318, trackID=20, T0=-2.0134 -> /Volumes/ssd_zhang/thesis_michel/server_processing/t0_rootFiles/beam28806_new202602/wvf_applyCut_removeBeam/wvfFind_event26318_trackID20_opNum5.root
[COPY] event=26318, trackID=20, T0=-2.0134 -> /Volumes/ssd_zhang/thesis_michel/server_processing/t0_rootFiles/beam28806_new202602/wvf_applyCut_removeBeam/wvfFind_event26318_trackID20_opNum5_2.root
[COPY] event=2632, trackID=0, T0=0.423741 -> /Volumes/ssd_zhang/thesis_michel/server_processing/t0_rootFiles/beam28806_new202602/wvf_applyCut_removeBeam/wvfFind_event2632_trackID0_opNum3.root
[COPY] event=26347, trackID=8, T0=-0.952182 -> /Volumes/ssd_zhang/thesis_michel/server_processing/t0_rootFiles/beam28806_new202602/wvf_applyCut_removeBeam/wvfFind_event26347_trackID8_opNum5.root
[COPY] event=26365, trackID=7, T0=-1.2331 -> /Volumes/ssd_zhang/thesis_michel/server_processing/t0_rootFiles/beam28806_new202602/wvf_applyCut_removeBeam/wvfFind_event26365_trackID7_opNum4.root
[COPY] event=26382, trackID=7, T0=-1.34602 -> /Volumes/ssd_zhang/thesis_michel/server_processing/t0_rootFiles/beam28806_new202602/wvf_applyCut_removeBeam/wvfFind_event26382_trackID7_opNum3.root
[COPY] event=26382, trackID=7, T0=-1.34602 -> /Volumes/ssd_zhang/thesis_michel/server_processing/t0_rootFiles/beam28806_new202602/wvf_applyCut_removeBeam/wvfFind_event26382_trackID7_opNum3_2.root
[COPY] event=263, trackID=5, T0=0.0933499 -> /Volumes/ssd_zhang/thesis_michel/server_processing/t0_rootFiles/beam28806_new202602/wvf_applyCut_removeBeam/wvfFind_event263_trackID5_opNum9.root
[COPY] event=26427, trackID=10, T0=-1.87777 -> /Volumes/ssd_zhang/thesis_michel/server_processing/t0_rootFiles/beam28806_new202602/wvf_applyCut_removeBeam/wvfFind_event26427_trackID10_opNum9.root
[COPY] event=26427, trackID=10, T0=-1.87777 -> /Volumes/ssd_zhang/thesis_michel/server_processing/t0_rootFiles/beam28806_new202602/wvf_applyCut_removeBeam/wvfFind_event26427_trackID10_opNum9_2.root
[COPY] event=26428, trackID=6, T0=-1.9494 -> /Volumes/ssd_zhang/thesis_michel/server_processing/t0_rootFiles/beam28806_new202602/wvf_applyCut_removeBeam/wvfFind_event26428_trackID6_opNum5.root
[COPY] event=26439, trackID=6, T0=-1.48341 -> /Volumes/ssd_zhang/thesis_michel/server_processing/t0_rootFiles/beam28806_new202602/wvf_applyCut_removeBeam/wvfFind_event26439_trackID6_opNum4.root
[COPY] event=26439, trackID=6, T0=-1.48341 -> /Volumes/ssd_zhang/thesis_michel/server_processing/t0_rootFiles/beam28806_new202602/wvf_applyCut_removeBeam/wvfFind_event26439_trackID6_opNum4_2.root
[COPY] event=26440, trackID=13, T0=-1.07422 -> /Volumes/ssd_zhang/thesis_michel/server_processing/t0_rootFiles/beam28806_new202602/wvf_applyCut_removeBeam/wvfFind_event26440_trackID13_opNum6.root
[COPY] event=26443, trackID=10, T0=-0.132511 -> /Volumes/ssd_zhang/thesis_michel/server_processing/t0_rootFiles/beam28806_new202602/wvf_applyCut_removeBeam/wvfFind_event26443_trackID10_opNum8.root
[COPY] event=26443, trackID=10, T0=-0.132511 -> /Volumes/ssd_zhang/thesis_michel/server_processing/t0_rootFiles/beam28806_new202602/wvf_applyCut_removeBeam/wvfFind_event26443_trackID10_opNum8_2.root
[COPY] event=26446, trackID=5, T0=-0.798291 -> /Volumes/ssd_zhang/thesis_michel/server_processing/t0_rootFiles/beam28806_new202602/wvf_applyCut_removeBeam/wvfFind_event26446_trackID5_opNum9.root
[COPY] event=26447, trackID=13, T0=-0.814051 -> /Volumes/ssd_zhang/thesis_michel/server_processing/t0_rootFiles/beam28806_new202602/wvf_applyCut_removeBeam/wvfFind_event26447_trackID13_opNum3_merged.root
[COPY] event=26464, trackID=2, T0=0.455022 -> /Volumes/ssd_zhang/thesis_michel/server_processing/t0_rootFiles/beam28806_new202602/wvf_applyCut_removeBeam/wvfFind_event26464_trackID2_opNum9.root
[COPY] event=26464, trackID=2, T0=0.455022 -> /Volumes/ssd_zhang/thesis_michel/server_processing/t0_rootFiles/beam28806_new202602/wvf_applyCut_removeBeam/wvfFind_event26464_trackID2_opNum9_2.root
[COPY] event=26489, trackID=2, T0=-2.18329 -> /Volumes/ssd_zhang/thesis_michel/server_processing/t0_rootFiles/beam28806_new202602/wvf_applyCut_removeBeam/wvfFind_event26489_trackID2_opNum8_merged.root
[SKIP] (in range) event=2649, trackID=35, T0=-0.0305813
[SKIP] (in range) event=2649, trackID=35, T0=-0.0305813
[COPY] event=26505, trackID=23, T0=1.48832 -> /Volumes/ssd_zhang/thesis_michel/server_processing/t0_rootFiles/beam28806_new202602/wvf_applyCut_removeBeam/wvfFind_event26505_trackID23_opNum9.root
[COPY] event=26506, trackID=8, T0=-1.69418 -> /Volumes/ssd_zhang/thesis_michel/server_processing/t0_rootFiles/beam28806_new202602/wvf_applyCut_removeBeam/wvfFind_event26506_trackID8_opNum5.root
[COPY] event=26517, trackID=9, T0=-0.556929 -> /Volumes/ssd_zhang/thesis_michel/server_processing/t0_rootFiles/beam28806_new202602/wvf_applyCut_removeBeam/wvfFind_event26517_trackID9_opNum7_merged.root
[COPY] event=26522, trackID=2, T0=-0.554143 -> /Volumes/ssd_zhang/thesis_michel/server_processing/t0_rootFiles/beam28806_new202602/wvf_applyCut_removeBeam/wvfFind_event26522_trackID2_opNum9.root
[COPY] event=26526, trackID=19, T0=-2.31939 -> /Volumes/ssd_zhang/thesis_michel/server_processing/t0_rootFiles/beam28806_new202602/wvf_applyCut_removeBeam/wvfFind_event26526_trackID19_opNum5.root
[COPY] event=26534, trackID=3, T0=-0.959964 -> /Volumes/ssd_zhang/thesis_michel/server_processing/t0_rootFiles/beam28806_new202602/wvf_applyCut_removeBeam/wvfFind_event26534_trackID3_opNum5_merged.root
[COPY] event=26535, trackID=10, T0=-1.01498 -> /Volumes/ssd_zhang/thesis_michel/server_processing/t0_rootFiles/beam28806_new202602/wvf_applyCut_removeBeam/wvfFind_event26535_trackID10_opNum3.root
[COPY] event=26537, trackID=1, T0=-1.33128 -> /Volumes/ssd_zhang/thesis_michel/server_processing/t0_rootFiles/beam28806_new202602/wvf_applyCut_removeBeam/wvfFind_event26537_trackID1_opNum9.root
[COPY] event=26558, trackID=9, T0=-2.15488 -> /Volumes/ssd_zhang/thesis_michel/server_processing/t0_rootFiles/beam28806_new202602/wvf_applyCut_removeBeam/wvfFind_event26558_trackID9_opNum8.root
[COPY] event=26560, trackID=36, T0=-2.35332 -> /Volumes/ssd_zhang/thesis_michel/server_processing/t0_rootFiles/beam28806_new202602/wvf_applyCut_removeBeam/wvfFind_event26560_trackID36_opNum4_merged.root
[COPY] event=26573, trackID=11, T0=-0.50923 -> /Volumes/ssd_zhang/thesis_michel/server_processing/t0_rootFiles/beam28806_new202602/wvf_applyCut_removeBeam/wvfFind_event26573_trackID11_opNum9.root
[COPY] event=26579, trackID=10, T0=-1.37503 -> /Volumes/ssd_zhang/thesis_michel/server_processing/t0_rootFiles/beam28806_new202602/wvf_applyCut_removeBeam/wvfFind_event26579_trackID10_opNum6.root
[COPY] event=26591, trackID=14, T0=-1.39208 -> /Volumes/ssd_zhang/thesis_michel/server_processing/t0_rootFiles/beam28806_new202602/wvf_applyCut_removeBeam/wvfFind_event26591_trackID14_opNum9.root
[COPY] event=2659, trackID=14, T0=-2.04894 -> /Volumes/ssd_zhang/thesis_michel/server_processing/t0_rootFiles/beam28806_new202602/wvf_applyCut_removeBeam/wvfFind_event2659_trackID14_opNum6_merged.root
[COPY] event=26612, trackID=6, T0=-1.87901 -> /Volumes/ssd_zhang/thesis_michel/server_processing/t0_rootFiles/beam28806_new202602/wvf_applyCut_removeBeam/wvfFind_event26612_trackID6_opNum5.root
[COPY] event=26641, trackID=2, T0=-1.16746 -> /Volumes/ssd_zhang/thesis_michel/server_processing/t0_rootFiles/beam28806_new202602/wvf_applyCut_removeBeam/wvfFind_event26641_trackID2_opNum3_merged.root
[COPY] event=26650, trackID=4, T0=0.407515 -> /Volumes/ssd_zhang/thesis_michel/server_processing/t0_rootFiles/beam28806_new202602/wvf_applyCut_removeBeam/wvfFind_event26650_trackID4_opNum4.root
[COPY] event=26652, trackID=6, T0=0.330114 -> /Volumes/ssd_zhang/thesis_michel/server_processing/t0_rootFiles/beam28806_new202602/wvf_applyCut_removeBeam/wvfFind_event26652_trackID6_opNum9.root
[SKIP] (in range) event=26669, trackID=9, T0=-0.0538417
[COPY] event=26687, trackID=29, T0=-2.36474 -> /Volumes/ssd_zhang/thesis_michel/server_processing/t0_rootFiles/beam28806_new202602/wvf_applyCut_removeBeam/wvfFind_event26687_trackID29_opNum4.root
[COPY] event=26701, trackID=7, T0=-1.23154 -> /Volumes/ssd_zhang/thesis_michel/server_processing/t0_rootFiles/beam28806_new202602/wvf_applyCut_removeBeam/wvfFind_event26701_trackID7_opNum4.root
[COPY] event=26729, trackID=0, T0=-1.55546 -> /Volumes/ssd_zhang/thesis_michel/server_processing/t0_rootFiles/beam28806_new202602/wvf_applyCut_removeBeam/wvfFind_event26729_trackID0_opNum5.root
[COPY] event=26734, trackID=5, T0=0.202612 -> /Volumes/ssd_zhang/thesis_michel/server_processing/t0_rootFiles/beam28806_new202602/wvf_applyCut_removeBeam/wvfFind_event26734_trackID5_opNum3.root
[COPY] event=26739, trackID=4, T0=-0.132385 -> /Volumes/ssd_zhang/thesis_michel/server_processing/t0_rootFiles/beam28806_new202602/wvf_applyCut_removeBeam/wvfFind_event26739_trackID4_opNum5.root
[COPY] event=26753, trackID=9, T0=-1.6345 -> /Volumes/ssd_zhang/thesis_michel/server_processing/t0_rootFiles/beam28806_new202602/wvf_applyCut_removeBeam/wvfFind_event26753_trackID9_opNum5.root
[COPY] event=26754, trackID=4, T0=-0.838417 -> /Volumes/ssd_zhang/thesis_michel/server_processing/t0_rootFiles/beam28806_new202602/wvf_applyCut_removeBeam/wvfFind_event26754_trackID4_opNum4.root
[COPY] event=26760, trackID=1, T0=-1.80516 -> /Volumes/ssd_zhang/thesis_michel/server_processing/t0_rootFiles/beam28806_new202602/wvf_applyCut_removeBeam/wvfFind_event26760_trackID1_opNum9.root
[COPY] event=26760, trackID=1, T0=-1.80516 -> /Volumes/ssd_zhang/thesis_michel/server_processing/t0_rootFiles/beam28806_new202602/wvf_applyCut_removeBeam/wvfFind_event26760_trackID1_opNum9_2.root
[COPY] event=26761, trackID=1, T0=-1.21595 -> /Volumes/ssd_zhang/thesis_michel/server_processing/t0_rootFiles/beam28806_new202602/wvf_applyCut_removeBeam/wvfFind_event26761_trackID1_opNum3.root
[COPY] event=26761, trackID=1, T0=-1.21595 -> /Volumes/ssd_zhang/thesis_michel/server_processing/t0_rootFiles/beam28806_new202602/wvf_applyCut_removeBeam/wvfFind_event26761_trackID1_opNum3_2.root
[COPY] event=26763, trackID=11, T0=-1.85376 -> /Volumes/ssd_zhang/thesis_michel/server_processing/t0_rootFiles/beam28806_new202602/wvf_applyCut_removeBeam/wvfFind_event26763_trackID11_opNum7_merged.root
[COPY] event=26772, trackID=3, T0=-0.735142 -> /Volumes/ssd_zhang/thesis_michel/server_processing/t0_rootFiles/beam28806_new202602/wvf_applyCut_removeBeam/wvfFind_event26772_trackID3_opNum9.root
[COPY] event=26784, trackID=31, T0=-2.38819 -> /Volumes/ssd_zhang/thesis_michel/server_processing/t0_rootFiles/beam28806_new202602/wvf_applyCut_removeBeam/wvfFind_event26784_trackID31_opNum8.root
[COPY] event=26789, trackID=24, T0=-2.32151 -> /Volumes/ssd_zhang/thesis_michel/server_processing/t0_rootFiles/beam28806_new202602/wvf_applyCut_removeBeam/wvfFind_event26789_trackID24_opNum6.root
[COPY] event=26789, trackID=24, T0=-2.32151 -> /Volumes/ssd_zhang/thesis_michel/server_processing/t0_rootFiles/beam28806_new202602/wvf_applyCut_removeBeam/wvfFind_event26789_trackID24_opNum6_2.root
[COPY] event=26801, trackID=21, T0=-0.483623 -> /Volumes/ssd_zhang/thesis_michel/server_processing/t0_rootFiles/beam28806_new202602/wvf_applyCut_removeBeam/wvfFind_event26801_trackID21_opNum9_merged.root
[COPY] event=26815, trackID=18, T0=-1.0719 -> /Volumes/ssd_zhang/thesis_michel/server_processing/t0_rootFiles/beam28806_new202602/wvf_applyCut_removeBeam/wvfFind_event26815_trackID18_opNum9.root
[COPY] event=26821, trackID=4, T0=-1.41228 -> /Volumes/ssd_zhang/thesis_michel/server_processing/t0_rootFiles/beam28806_new202602/wvf_applyCut_removeBeam/wvfFind_event26821_trackID4_opNum5.root
[COPY] event=26824, trackID=6, T0=-0.685872 -> /Volumes/ssd_zhang/thesis_michel/server_processing/t0_rootFiles/beam28806_new202602/wvf_applyCut_removeBeam/wvfFind_event26824_trackID6_opNum8.root
[COPY] event=26827, trackID=2, T0=-0.836028 -> /Volumes/ssd_zhang/thesis_michel/server_processing/t0_rootFiles/beam28806_new202602/wvf_applyCut_removeBeam/wvfFind_event26827_trackID2_opNum5.root
[COPY] event=26829, trackID=9, T0=-1.61792 -> /Volumes/ssd_zhang/thesis_michel/server_processing/t0_rootFiles/beam28806_new202602/wvf_applyCut_removeBeam/wvfFind_event26829_trackID9_opNum9.root
[COPY] event=26846, trackID=10, T0=-2.23878 -> /Volumes/ssd_zhang/thesis_michel/server_processing/t0_rootFiles/beam28806_new202602/wvf_applyCut_removeBeam/wvfFind_event26846_trackID10_opNum9.root
[COPY] event=26849, trackID=2, T0=0.148811 -> /Volumes/ssd_zhang/thesis_michel/server_processing/t0_rootFiles/beam28806_new202602/wvf_applyCut_removeBeam/wvfFind_event26849_trackID2_opNum5.root
[COPY] event=26849, trackID=2, T0=0.148811 -> /Volumes/ssd_zhang/thesis_michel/server_processing/t0_rootFiles/beam28806_new202602/wvf_applyCut_removeBeam/wvfFind_event26849_trackID2_opNum5_2.root
[COPY] event=26849, trackID=9, T0=-0.345678 -> /Volumes/ssd_zhang/thesis_michel/server_processing/t0_rootFiles/beam28806_new202602/wvf_applyCut_removeBeam/wvfFind_event26849_trackID9_opNum7.root
[COPY] event=26859, trackID=9, T0=-0.591637 -> /Volumes/ssd_zhang/thesis_michel/server_processing/t0_rootFiles/beam28806_new202602/wvf_applyCut_removeBeam/wvfFind_event26859_trackID9_opNum6.root
[COPY] event=26881, trackID=1, T0=-0.647981 -> /Volumes/ssd_zhang/thesis_michel/server_processing/t0_rootFiles/beam28806_new202602/wvf_applyCut_removeBeam/wvfFind_event26881_trackID1_opNum5.root
[COPY] event=26881, trackID=1, T0=-0.647981 -> /Volumes/ssd_zhang/thesis_michel/server_processing/t0_rootFiles/beam28806_new202602/wvf_applyCut_removeBeam/wvfFind_event26881_trackID1_opNum5_2.root
[COPY] event=26888, trackID=4, T0=-0.17168 -> /Volumes/ssd_zhang/thesis_michel/server_processing/t0_rootFiles/beam28806_new202602/wvf_applyCut_removeBeam/wvfFind_event26888_trackID4_opNum9.root
[COPY] event=26892, trackID=9, T0=-1.48594 -> /Volumes/ssd_zhang/thesis_michel/server_processing/t0_rootFiles/beam28806_new202602/wvf_applyCut_removeBeam/wvfFind_event26892_trackID9_opNum6_merged.root
[COPY] event=26896, trackID=10, T0=-1.68905 -> /Volumes/ssd_zhang/thesis_michel/server_processing/t0_rootFiles/beam28806_new202602/wvf_applyCut_removeBeam/wvfFind_event26896_trackID10_opNum5.root
[COPY] event=26898, trackID=20, T0=-0.956902 -> /Volumes/ssd_zhang/thesis_michel/server_processing/t0_rootFiles/beam28806_new202602/wvf_applyCut_removeBeam/wvfFind_event26898_trackID20_opNum3.root
[COPY] event=26902, trackID=19, T0=-0.588886 -> /Volumes/ssd_zhang/thesis_michel/server_processing/t0_rootFiles/beam28806_new202602/wvf_applyCut_removeBeam/wvfFind_event26902_trackID19_opNum9.root
[COPY] event=26919, trackID=2, T0=-1.68657 -> /Volumes/ssd_zhang/thesis_michel/server_processing/t0_rootFiles/beam28806_new202602/wvf_applyCut_removeBeam/wvfFind_event26919_trackID2_opNum9.root
[COPY] event=26919, trackID=2, T0=-1.68657 -> /Volumes/ssd_zhang/thesis_michel/server_processing/t0_rootFiles/beam28806_new202602/wvf_applyCut_removeBeam/wvfFind_event26919_trackID2_opNum9_2.root
[COPY] event=26967, trackID=14, T0=-1.80676 -> /Volumes/ssd_zhang/thesis_michel/server_processing/t0_rootFiles/beam28806_new202602/wvf_applyCut_removeBeam/wvfFind_event26967_trackID14_opNum8.root
[COPY] event=27005, trackID=1, T0=-0.574827 -> /Volumes/ssd_zhang/thesis_michel/server_processing/t0_rootFiles/beam28806_new202602/wvf_applyCut_removeBeam/wvfFind_event27005_trackID1_opNum9.root
[COPY] event=27017, trackID=18, T0=-1.98401 -> /Volumes/ssd_zhang/thesis_michel/server_processing/t0_rootFiles/beam28806_new202602/wvf_applyCut_removeBeam/wvfFind_event27017_trackID18_opNum3.root
[COPY] event=27017, trackID=18, T0=-1.98401 -> /Volumes/ssd_zhang/thesis_michel/server_processing/t0_rootFiles/beam28806_new202602/wvf_applyCut_removeBeam/wvfFind_event27017_trackID18_opNum3_2.root
[COPY] event=27021, trackID=10, T0=-0.718385 -> /Volumes/ssd_zhang/thesis_michel/server_processing/t0_rootFiles/beam28806_new202602/wvf_applyCut_removeBeam/wvfFind_event27021_trackID10_opNum5.root
[COPY] event=27021, trackID=10, T0=-0.718385 -> /Volumes/ssd_zhang/thesis_michel/server_processing/t0_rootFiles/beam28806_new202602/wvf_applyCut_removeBeam/wvfFind_event27021_trackID10_opNum5_2.root
[COPY] event=27023, trackID=16, T0=0.0771411 -> /Volumes/ssd_zhang/thesis_michel/server_processing/t0_rootFiles/beam28806_new202602/wvf_applyCut_removeBeam/wvfFind_event27023_trackID16_opNum9.root
[COPY] event=27027, trackID=15, T0=-0.490381 -> /Volumes/ssd_zhang/thesis_michel/server_processing/t0_rootFiles/beam28806_new202602/wvf_applyCut_removeBeam/wvfFind_event27027_trackID15_opNum9.root
[COPY] event=2702, trackID=11, T0=-2.05339 -> /Volumes/ssd_zhang/thesis_michel/server_processing/t0_rootFiles/beam28806_new202602/wvf_applyCut_removeBeam/wvfFind_event2702_trackID11_opNum5.root
[COPY] event=2702, trackID=11, T0=-2.05339 -> /Volumes/ssd_zhang/thesis_michel/server_processing/t0_rootFiles/beam28806_new202602/wvf_applyCut_removeBeam/wvfFind_event2702_trackID11_opNum5_2.root
[COPY] event=27042, trackID=17, T0=-2.43548 -> /Volumes/ssd_zhang/thesis_michel/server_processing/t0_rootFiles/beam28806_new202602/wvf_applyCut_removeBeam/wvfFind_event27042_trackID17_opNum8.root
[COPY] event=27042, trackID=17, T0=-2.43548 -> /Volumes/ssd_zhang/thesis_michel/server_processing/t0_rootFiles/beam28806_new202602/wvf_applyCut_removeBeam/wvfFind_event27042_trackID17_opNum8_2.root
[COPY] event=27065, trackID=6, T0=0.424924 -> /Volumes/ssd_zhang/thesis_michel/server_processing/t0_rootFiles/beam28806_new202602/wvf_applyCut_removeBeam/wvfFind_event27065_trackID6_opNum9.root
[COPY] event=27065, trackID=6, T0=0.424924 -> /Volumes/ssd_zhang/thesis_michel/server_processing/t0_rootFiles/beam28806_new202602/wvf_applyCut_removeBeam/wvfFind_event27065_trackID6_opNum9_2.root
[COPY] event=27072, trackID=20, T0=-0.218995 -> /Volumes/ssd_zhang/thesis_michel/server_processing/t0_rootFiles/beam28806_new202602/wvf_applyCut_removeBeam/wvfFind_event27072_trackID20_opNum7.root
[COPY] event=27079, trackID=23, T0=-2.26993 -> /Volumes/ssd_zhang/thesis_michel/server_processing/t0_rootFiles/beam28806_new202602/wvf_applyCut_removeBeam/wvfFind_event27079_trackID23_opNum7.root
[COPY] event=27079, trackID=23, T0=-2.26993 -> /Volumes/ssd_zhang/thesis_michel/server_processing/t0_rootFiles/beam28806_new202602/wvf_applyCut_removeBeam/wvfFind_event27079_trackID23_opNum7_2.root
[COPY] event=27089, trackID=6, T0=-1.00475 -> /Volumes/ssd_zhang/thesis_michel/server_processing/t0_rootFiles/beam28806_new202602/wvf_applyCut_removeBeam/wvfFind_event27089_trackID6_opNum8.root
[COPY] event=27101, trackID=23, T0=-1.67081 -> /Volumes/ssd_zhang/thesis_michel/server_processing/t0_rootFiles/beam28806_new202602/wvf_applyCut_removeBeam/wvfFind_event27101_trackID23_opNum4_merged.root
[COPY] event=27112, trackID=3, T0=-0.253977 -> /Volumes/ssd_zhang/thesis_michel/server_processing/t0_rootFiles/beam28806_new202602/wvf_applyCut_removeBeam/wvfFind_event27112_trackID3_opNum5.root
[COPY] event=27141, trackID=19, T0=0.449875 -> /Volumes/ssd_zhang/thesis_michel/server_processing/t0_rootFiles/beam28806_new202602/wvf_applyCut_removeBeam/wvfFind_event27141_trackID19_opNum8.root
[COPY] event=27152, trackID=4, T0=-2.1989 -> /Volumes/ssd_zhang/thesis_michel/server_processing/t0_rootFiles/beam28806_new202602/wvf_applyCut_removeBeam/wvfFind_event27152_trackID4_opNum3.root
[COPY] event=27155, trackID=24, T0=1.79306 -> /Volumes/ssd_zhang/thesis_michel/server_processing/t0_rootFiles/beam28806_new202602/wvf_applyCut_removeBeam/wvfFind_event27155_trackID24_opNum7_merged.root
[COPY] event=27164, trackID=3, T0=-0.782427 -> /Volumes/ssd_zhang/thesis_michel/server_processing/t0_rootFiles/beam28806_new202602/wvf_applyCut_removeBeam/wvfFind_event27164_trackID3_opNum4.root
[COPY] event=27173, trackID=4, T0=-1.39738 -> /Volumes/ssd_zhang/thesis_michel/server_processing/t0_rootFiles/beam28806_new202602/wvf_applyCut_removeBeam/wvfFind_event27173_trackID4_opNum4.root
[COPY] event=27174, trackID=5, T0=0.0018688 -> /Volumes/ssd_zhang/thesis_michel/server_processing/t0_rootFiles/beam28806_new202602/wvf_applyCut_removeBeam/wvfFind_event27174_trackID5_opNum3.root
[COPY] event=27178, trackID=0, T0=-1.34113 -> /Volumes/ssd_zhang/thesis_michel/server_processing/t0_rootFiles/beam28806_new202602/wvf_applyCut_removeBeam/wvfFind_event27178_trackID0_opNum5.root
[COPY] event=27178, trackID=10, T0=-0.667537 -> /Volumes/ssd_zhang/thesis_michel/server_processing/t0_rootFiles/beam28806_new202602/wvf_applyCut_removeBeam/wvfFind_event27178_trackID10_opNum7_merged.root
[COPY] event=27190, trackID=1, T0=-0.756073 -> /Volumes/ssd_zhang/thesis_michel/server_processing/t0_rootFiles/beam28806_new202602/wvf_applyCut_removeBeam/wvfFind_event27190_trackID1_opNum9.root
[COPY] event=27190, trackID=1, T0=-0.756073 -> /Volumes/ssd_zhang/thesis_michel/server_processing/t0_rootFiles/beam28806_new202602/wvf_applyCut_removeBeam/wvfFind_event27190_trackID1_opNum9_2.root
[COPY] event=27211, trackID=4, T0=-1.00931 -> /Volumes/ssd_zhang/thesis_michel/server_processing/t0_rootFiles/beam28806_new202602/wvf_applyCut_removeBeam/wvfFind_event27211_trackID4_opNum3.root
[SKIP] (in range) event=27216, trackID=16, T0=-0.0823848
[COPY] event=27219, trackID=11, T0=0.229872 -> /Volumes/ssd_zhang/thesis_michel/server_processing/t0_rootFiles/beam28806_new202602/wvf_applyCut_removeBeam/wvfFind_event27219_trackID11_opNum9.root
[COPY] event=27220, trackID=17, T0=-2.0556 -> /Volumes/ssd_zhang/thesis_michel/server_processing/t0_rootFiles/beam28806_new202602/wvf_applyCut_removeBeam/wvfFind_event27220_trackID17_opNum4.root
[COPY] event=27223, trackID=6, T0=-1.76459 -> /Volumes/ssd_zhang/thesis_michel/server_processing/t0_rootFiles/beam28806_new202602/wvf_applyCut_removeBeam/wvfFind_event27223_trackID6_opNum9.root
[COPY] event=27226, trackID=8, T0=0.132505 -> /Volumes/ssd_zhang/thesis_michel/server_processing/t0_rootFiles/beam28806_new202602/wvf_applyCut_removeBeam/wvfFind_event27226_trackID8_opNum4.root
[COPY] event=2722, trackID=19, T0=-0.832703 -> /Volumes/ssd_zhang/thesis_michel/server_processing/t0_rootFiles/beam28806_new202602/wvf_applyCut_removeBeam/wvfFind_event2722_trackID19_opNum9.root
[COPY] event=27236, trackID=12, T0=-2.42868 -> /Volumes/ssd_zhang/thesis_michel/server_processing/t0_rootFiles/beam28806_new202602/wvf_applyCut_removeBeam/wvfFind_event27236_trackID12_opNum9.root
[COPY] event=27244, trackID=21, T0=-2.27236 -> /Volumes/ssd_zhang/thesis_michel/server_processing/t0_rootFiles/beam28806_new202602/wvf_applyCut_removeBeam/wvfFind_event27244_trackID21_opNum9.root
[COPY] event=27249, trackID=0, T0=-1.31565 -> /Volumes/ssd_zhang/thesis_michel/server_processing/t0_rootFiles/beam28806_new202602/wvf_applyCut_removeBeam/wvfFind_event27249_trackID0_opNum4.root
[COPY] event=2724, trackID=13, T0=-2.15661 -> /Volumes/ssd_zhang/thesis_michel/server_processing/t0_rootFiles/beam28806_new202602/wvf_applyCut_removeBeam/wvfFind_event2724_trackID13_opNum4_merged.root
[COPY] event=27275, trackID=12, T0=-1.36393 -> /Volumes/ssd_zhang/thesis_michel/server_processing/t0_rootFiles/beam28806_new202602/wvf_applyCut_removeBeam/wvfFind_event27275_trackID12_opNum9.root
[COPY] event=27302, trackID=24, T0=-1.90698 -> /Volumes/ssd_zhang/thesis_michel/server_processing/t0_rootFiles/beam28806_new202602/wvf_applyCut_removeBeam/wvfFind_event27302_trackID24_opNum9.root
[COPY] event=27313, trackID=0, T0=-0.0154227 -> /Volumes/ssd_zhang/thesis_michel/server_processing/t0_rootFiles/beam28806_new202602/wvf_applyCut_removeBeam/wvfFind_event27313_trackID0_opNum8.root
[COPY] event=27318, trackID=20, T0=-0.34829 -> /Volumes/ssd_zhang/thesis_michel/server_processing/t0_rootFiles/beam28806_new202602/wvf_applyCut_removeBeam/wvfFind_event27318_trackID20_opNum9.root
[COPY] event=27321, trackID=13, T0=0.0677727 -> /Volumes/ssd_zhang/thesis_michel/server_processing/t0_rootFiles/beam28806_new202602/wvf_applyCut_removeBeam/wvfFind_event27321_trackID13_opNum5.root
[COPY] event=27321, trackID=13, T0=0.0677727 -> /Volumes/ssd_zhang/thesis_michel/server_processing/t0_rootFiles/beam28806_new202602/wvf_applyCut_removeBeam/wvfFind_event27321_trackID13_opNum5_2.root
[COPY] event=27331, trackID=6, T0=-2.42681 -> /Volumes/ssd_zhang/thesis_michel/server_processing/t0_rootFiles/beam28806_new202602/wvf_applyCut_removeBeam/wvfFind_event27331_trackID6_opNum8.root
[COPY] event=27352, trackID=2, T0=1.15503 -> /Volumes/ssd_zhang/thesis_michel/server_processing/t0_rootFiles/beam28806_new202602/wvf_applyCut_removeBeam/wvfFind_event27352_trackID2_opNum5.root
[COPY] event=27352, trackID=2, T0=1.15503 -> /Volumes/ssd_zhang/thesis_michel/server_processing/t0_rootFiles/beam28806_new202602/wvf_applyCut_removeBeam/wvfFind_event27352_trackID2_opNum5_2.root
[COPY] event=27356, trackID=0, T0=0.382561 -> /Volumes/ssd_zhang/thesis_michel/server_processing/t0_rootFiles/beam28806_new202602/wvf_applyCut_removeBeam/wvfFind_event27356_trackID0_opNum5.root
[COPY] event=27361, trackID=21, T0=0.276044 -> /Volumes/ssd_zhang/thesis_michel/server_processing/t0_rootFiles/beam28806_new202602/wvf_applyCut_removeBeam/wvfFind_event27361_trackID21_opNum9.root
[COPY] event=27363, trackID=7, T0=-0.536427 -> /Volumes/ssd_zhang/thesis_michel/server_processing/t0_rootFiles/beam28806_new202602/wvf_applyCut_removeBeam/wvfFind_event27363_trackID7_opNum7.root
[COPY] event=2736, trackID=23, T0=-2.34021 -> /Volumes/ssd_zhang/thesis_michel/server_processing/t0_rootFiles/beam28806_new202602/wvf_applyCut_removeBeam/wvfFind_event2736_trackID23_opNum9_merged.root
[COPY] event=27370, trackID=19, T0=-0.48674 -> /Volumes/ssd_zhang/thesis_michel/server_processing/t0_rootFiles/beam28806_new202602/wvf_applyCut_removeBeam/wvfFind_event27370_trackID19_opNum9.root
[COPY] event=27380, trackID=2, T0=-0.259268 -> /Volumes/ssd_zhang/thesis_michel/server_processing/t0_rootFiles/beam28806_new202602/wvf_applyCut_removeBeam/wvfFind_event27380_trackID2_opNum4.root
[COPY] event=2738, trackID=0, T0=-1.33802 -> /Volumes/ssd_zhang/thesis_michel/server_processing/t0_rootFiles/beam28806_new202602/wvf_applyCut_removeBeam/wvfFind_event2738_trackID0_opNum9.root
[COPY] event=27394, trackID=8, T0=-1.14749 -> /Volumes/ssd_zhang/thesis_michel/server_processing/t0_rootFiles/beam28806_new202602/wvf_applyCut_removeBeam/wvfFind_event27394_trackID8_opNum9.root
[COPY] event=27395, trackID=7, T0=-0.776984 -> /Volumes/ssd_zhang/thesis_michel/server_processing/t0_rootFiles/beam28806_new202602/wvf_applyCut_removeBeam/wvfFind_event27395_trackID7_opNum9.root
[COPY] event=27395, trackID=7, T0=-0.776984 -> /Volumes/ssd_zhang/thesis_michel/server_processing/t0_rootFiles/beam28806_new202602/wvf_applyCut_removeBeam/wvfFind_event27395_trackID7_opNum9_2.root
[COPY] event=27414, trackID=4, T0=-0.653023 -> /Volumes/ssd_zhang/thesis_michel/server_processing/t0_rootFiles/beam28806_new202602/wvf_applyCut_removeBeam/wvfFind_event27414_trackID4_opNum5.root
[COPY] event=27415, trackID=10, T0=-0.416635 -> /Volumes/ssd_zhang/thesis_michel/server_processing/t0_rootFiles/beam28806_new202602/wvf_applyCut_removeBeam/wvfFind_event27415_trackID10_opNum5.root
[COPY] event=27415, trackID=10, T0=-0.416635 -> /Volumes/ssd_zhang/thesis_michel/server_processing/t0_rootFiles/beam28806_new202602/wvf_applyCut_removeBeam/wvfFind_event27415_trackID10_opNum5_2.root
[COPY] event=27437, trackID=10, T0=0.207312 -> /Volumes/ssd_zhang/thesis_michel/server_processing/t0_rootFiles/beam28806_new202602/wvf_applyCut_removeBeam/wvfFind_event27437_trackID10_opNum8.root
[COPY] event=27446, trackID=8, T0=-0.984557 -> /Volumes/ssd_zhang/thesis_michel/server_processing/t0_rootFiles/beam28806_new202602/wvf_applyCut_removeBeam/wvfFind_event27446_trackID8_opNum7.root
[COPY] event=27461, trackID=4, T0=0.257266 -> /Volumes/ssd_zhang/thesis_michel/server_processing/t0_rootFiles/beam28806_new202602/wvf_applyCut_removeBeam/wvfFind_event27461_trackID4_opNum4.root
[COPY] event=27472, trackID=3, T0=-0.459201 -> /Volumes/ssd_zhang/thesis_michel/server_processing/t0_rootFiles/beam28806_new202602/wvf_applyCut_removeBeam/wvfFind_event27472_trackID3_opNum5.root
[COPY] event=27472, trackID=3, T0=-0.459201 -> /Volumes/ssd_zhang/thesis_michel/server_processing/t0_rootFiles/beam28806_new202602/wvf_applyCut_removeBeam/wvfFind_event27472_trackID3_opNum5_2.root
[COPY] event=27499, trackID=2, T0=-1.06687 -> /Volumes/ssd_zhang/thesis_michel/server_processing/t0_rootFiles/beam28806_new202602/wvf_applyCut_removeBeam/wvfFind_event27499_trackID2_opNum4_merged.root
[SKIP] (in range) event=27503, trackID=0, T0=-0.0410712
[COPY] event=27508, trackID=9, T0=-0.185365 -> /Volumes/ssd_zhang/thesis_michel/server_processing/t0_rootFiles/beam28806_new202602/wvf_applyCut_removeBeam/wvfFind_event27508_trackID9_opNum6_merged.root
[COPY] event=27514, trackID=11, T0=-0.281094 -> /Volumes/ssd_zhang/thesis_michel/server_processing/t0_rootFiles/beam28806_new202602/wvf_applyCut_removeBeam/wvfFind_event27514_trackID11_opNum6.root
[COPY] event=27516, trackID=18, T0=0.212083 -> /Volumes/ssd_zhang/thesis_michel/server_processing/t0_rootFiles/beam28806_new202602/wvf_applyCut_removeBeam/wvfFind_event27516_trackID18_opNum6_merged.root
[SKIP] (in range) event=27526, trackID=5, T0=-0.0580331
[COPY] event=27550, trackID=21, T0=-0.338101 -> /Volumes/ssd_zhang/thesis_michel/server_processing/t0_rootFiles/beam28806_new202602/wvf_applyCut_removeBeam/wvfFind_event27550_trackID21_opNum9.root
[COPY] event=27553, trackID=11, T0=-0.350765 -> /Volumes/ssd_zhang/thesis_michel/server_processing/t0_rootFiles/beam28806_new202602/wvf_applyCut_removeBeam/wvfFind_event27553_trackID11_opNum8.root
[COPY] event=27554, trackID=5, T0=-1.07268 -> /Volumes/ssd_zhang/thesis_michel/server_processing/t0_rootFiles/beam28806_new202602/wvf_applyCut_removeBeam/wvfFind_event27554_trackID5_opNum3.root
[COPY] event=27557, trackID=0, T0=-0.314625 -> /Volumes/ssd_zhang/thesis_michel/server_processing/t0_rootFiles/beam28806_new202602/wvf_applyCut_removeBeam/wvfFind_event27557_trackID0_opNum9.root
[COPY] event=27557, trackID=0, T0=-0.314625 -> /Volumes/ssd_zhang/thesis_michel/server_processing/t0_rootFiles/beam28806_new202602/wvf_applyCut_removeBeam/wvfFind_event27557_trackID0_opNum9_2.root
[COPY] event=27561, trackID=4, T0=0.189819 -> /Volumes/ssd_zhang/thesis_michel/server_processing/t0_rootFiles/beam28806_new202602/wvf_applyCut_removeBeam/wvfFind_event27561_trackID4_opNum5.root
[COPY] event=27565, trackID=19, T0=0.283607 -> /Volumes/ssd_zhang/thesis_michel/server_processing/t0_rootFiles/beam28806_new202602/wvf_applyCut_removeBeam/wvfFind_event27565_trackID19_opNum8.root
[COPY] event=27660, trackID=25, T0=2.66048 -> /Volumes/ssd_zhang/thesis_michel/server_processing/t0_rootFiles/beam28806_new202602/wvf_applyCut_removeBeam/wvfFind_event27660_trackID25_opNum5.root
[COPY] event=27660, trackID=25, T0=2.66048 -> /Volumes/ssd_zhang/thesis_michel/server_processing/t0_rootFiles/beam28806_new202602/wvf_applyCut_removeBeam/wvfFind_event27660_trackID25_opNum5_2.root
[COPY] event=27660, trackID=25, T0=2.66048 -> /Volumes/ssd_zhang/thesis_michel/server_processing/t0_rootFiles/beam28806_new202602/wvf_applyCut_removeBeam/wvfFind_event27660_trackID25_opNum5_3.root
[COPY] event=27667, trackID=4, T0=0.321164 -> /Volumes/ssd_zhang/thesis_michel/server_processing/t0_rootFiles/beam28806_new202602/wvf_applyCut_removeBeam/wvfFind_event27667_trackID4_opNum4.root
[COPY] event=27690, trackID=9, T0=-1.79406 -> /Volumes/ssd_zhang/thesis_michel/server_processing/t0_rootFiles/beam28806_new202602/wvf_applyCut_removeBeam/wvfFind_event27690_trackID9_opNum5.root
[COPY] event=27694, trackID=7, T0=-1.30099 -> /Volumes/ssd_zhang/thesis_michel/server_processing/t0_rootFiles/beam28806_new202602/wvf_applyCut_removeBeam/wvfFind_event27694_trackID7_opNum3.root
[COPY] event=27696, trackID=4, T0=-0.640013 -> /Volumes/ssd_zhang/thesis_michel/server_processing/t0_rootFiles/beam28806_new202602/wvf_applyCut_removeBeam/wvfFind_event27696_trackID4_opNum8_merged.root
[COPY] event=27754, trackID=17, T0=0.160398 -> /Volumes/ssd_zhang/thesis_michel/server_processing/t0_rootFiles/beam28806_new202602/wvf_applyCut_removeBeam/wvfFind_event27754_trackID17_opNum9.root
[COPY] event=27764, trackID=7, T0=-2.01776 -> /Volumes/ssd_zhang/thesis_michel/server_processing/t0_rootFiles/beam28806_new202602/wvf_applyCut_removeBeam/wvfFind_event27764_trackID7_opNum8.root
[COPY] event=27774, trackID=11, T0=-0.328227 -> /Volumes/ssd_zhang/thesis_michel/server_processing/t0_rootFiles/beam28806_new202602/wvf_applyCut_removeBeam/wvfFind_event27774_trackID11_opNum4.root
[COPY] event=2777, trackID=8, T0=-0.00827953 -> /Volumes/ssd_zhang/thesis_michel/server_processing/t0_rootFiles/beam28806_new202602/wvf_applyCut_removeBeam/wvfFind_event2777_trackID8_opNum9.root
[COPY] event=27789, trackID=6, T0=-1.84027 -> /Volumes/ssd_zhang/thesis_michel/server_processing/t0_rootFiles/beam28806_new202602/wvf_applyCut_removeBeam/wvfFind_event27789_trackID6_opNum5.root
[COPY] event=27789, trackID=6, T0=-1.84027 -> /Volumes/ssd_zhang/thesis_michel/server_processing/t0_rootFiles/beam28806_new202602/wvf_applyCut_removeBeam/wvfFind_event27789_trackID6_opNum5_2.root
[COPY] event=27791, trackID=3, T0=-0.765284 -> /Volumes/ssd_zhang/thesis_michel/server_processing/t0_rootFiles/beam28806_new202602/wvf_applyCut_removeBeam/wvfFind_event27791_trackID3_opNum4.root
[COPY] event=27802, trackID=9, T0=-1.21731 -> /Volumes/ssd_zhang/thesis_michel/server_processing/t0_rootFiles/beam28806_new202602/wvf_applyCut_removeBeam/wvfFind_event27802_trackID9_opNum9.root
[COPY] event=27807, trackID=0, T0=-0.934965 -> /Volumes/ssd_zhang/thesis_michel/server_processing/t0_rootFiles/beam28806_new202602/wvf_applyCut_removeBeam/wvfFind_event27807_trackID0_opNum3.root
[COPY] event=27807, trackID=0, T0=-0.934965 -> /Volumes/ssd_zhang/thesis_michel/server_processing/t0_rootFiles/beam28806_new202602/wvf_applyCut_removeBeam/wvfFind_event27807_trackID0_opNum3_2.root
[COPY] event=2780, trackID=7, T0=0.129007 -> /Volumes/ssd_zhang/thesis_michel/server_processing/t0_rootFiles/beam28806_new202602/wvf_applyCut_removeBeam/wvfFind_event2780_trackID7_opNum9.root
[COPY] event=27816, trackID=0, T0=0.262366 -> /Volumes/ssd_zhang/thesis_michel/server_processing/t0_rootFiles/beam28806_new202602/wvf_applyCut_removeBeam/wvfFind_event27816_trackID0_opNum5.root
[COPY] event=27820, trackID=21, T0=-0.816913 -> /Volumes/ssd_zhang/thesis_michel/server_processing/t0_rootFiles/beam28806_new202602/wvf_applyCut_removeBeam/wvfFind_event27820_trackID21_opNum8.root
[COPY] event=27842, trackID=2, T0=-1.64959 -> /Volumes/ssd_zhang/thesis_michel/server_processing/t0_rootFiles/beam28806_new202602/wvf_applyCut_removeBeam/wvfFind_event27842_trackID2_opNum4.root
[COPY] event=27850, trackID=0, T0=-2.08431 -> /Volumes/ssd_zhang/thesis_michel/server_processing/t0_rootFiles/beam28806_new202602/wvf_applyCut_removeBeam/wvfFind_event27850_trackID0_opNum9.root
[COPY] event=27889, trackID=4, T0=-0.243845 -> /Volumes/ssd_zhang/thesis_michel/server_processing/t0_rootFiles/beam28806_new202602/wvf_applyCut_removeBeam/wvfFind_event27889_trackID4_opNum6.root
[COPY] event=27894, trackID=14, T0=-1.89752 -> /Volumes/ssd_zhang/thesis_michel/server_processing/t0_rootFiles/beam28806_new202602/wvf_applyCut_removeBeam/wvfFind_event27894_trackID14_opNum9.root
[COPY] event=27904, trackID=1, T0=-1.9654 -> /Volumes/ssd_zhang/thesis_michel/server_processing/t0_rootFiles/beam28806_new202602/wvf_applyCut_removeBeam/wvfFind_event27904_trackID1_opNum9.root
[COPY] event=27922, trackID=1, T0=-0.12828 -> /Volumes/ssd_zhang/thesis_michel/server_processing/t0_rootFiles/beam28806_new202602/wvf_applyCut_removeBeam/wvfFind_event27922_trackID1_opNum8.root
[COPY] event=27928, trackID=1, T0=-0.187136 -> /Volumes/ssd_zhang/thesis_michel/server_processing/t0_rootFiles/beam28806_new202602/wvf_applyCut_removeBeam/wvfFind_event27928_trackID1_opNum4.root
[COPY] event=27928, trackID=1, T0=-0.187136 -> /Volumes/ssd_zhang/thesis_michel/server_processing/t0_rootFiles/beam28806_new202602/wvf_applyCut_removeBeam/wvfFind_event27928_trackID1_opNum4_2.root
[COPY] event=27930, trackID=25, T0=-2.34787 -> /Volumes/ssd_zhang/thesis_michel/server_processing/t0_rootFiles/beam28806_new202602/wvf_applyCut_removeBeam/wvfFind_event27930_trackID25_opNum9.root
[COPY] event=2794, trackID=5, T0=0.0877622 -> /Volumes/ssd_zhang/thesis_michel/server_processing/t0_rootFiles/beam28806_new202602/wvf_applyCut_removeBeam/wvfFind_event2794_trackID5_opNum5.root
[COPY] event=27956, trackID=1, T0=0.33845 -> /Volumes/ssd_zhang/thesis_michel/server_processing/t0_rootFiles/beam28806_new202602/wvf_applyCut_removeBeam/wvfFind_event27956_trackID1_opNum5.root
[COPY] event=27956, trackID=1, T0=0.33845 -> /Volumes/ssd_zhang/thesis_michel/server_processing/t0_rootFiles/beam28806_new202602/wvf_applyCut_removeBeam/wvfFind_event27956_trackID1_opNum5_2.root
[COPY] event=27965, trackID=14, T0=-0.382066 -> /Volumes/ssd_zhang/thesis_michel/server_processing/t0_rootFiles/beam28806_new202602/wvf_applyCut_removeBeam/wvfFind_event27965_trackID14_opNum6_merged.root
[COPY] event=27976, trackID=7, T0=-0.611182 -> /Volumes/ssd_zhang/thesis_michel/server_processing/t0_rootFiles/beam28806_new202602/wvf_applyCut_removeBeam/wvfFind_event27976_trackID7_opNum4.root
[COPY] event=27976, trackID=7, T0=-0.611182 -> /Volumes/ssd_zhang/thesis_michel/server_processing/t0_rootFiles/beam28806_new202602/wvf_applyCut_removeBeam/wvfFind_event27976_trackID7_opNum4_2.root
[COPY] event=27978, trackID=21, T0=-1.64133 -> /Volumes/ssd_zhang/thesis_michel/server_processing/t0_rootFiles/beam28806_new202602/wvf_applyCut_removeBeam/wvfFind_event27978_trackID21_opNum7.root
[COPY] event=2797, trackID=9, T0=-0.261866 -> /Volumes/ssd_zhang/thesis_michel/server_processing/t0_rootFiles/beam28806_new202602/wvf_applyCut_removeBeam/wvfFind_event2797_trackID9_opNum8.root
[COPY] event=27980, trackID=3, T0=-0.606348 -> /Volumes/ssd_zhang/thesis_michel/server_processing/t0_rootFiles/beam28806_new202602/wvf_applyCut_removeBeam/wvfFind_event27980_trackID3_opNum3.root
[COPY] event=28002, trackID=25, T0=-2.15314 -> /Volumes/ssd_zhang/thesis_michel/server_processing/t0_rootFiles/beam28806_new202602/wvf_applyCut_removeBeam/wvfFind_event28002_trackID25_opNum9.root
[COPY] event=28006, trackID=12, T0=-2.03868 -> /Volumes/ssd_zhang/thesis_michel/server_processing/t0_rootFiles/beam28806_new202602/wvf_applyCut_removeBeam/wvfFind_event28006_trackID12_opNum9.root
[COPY] event=28016, trackID=0, T0=-1.28487 -> /Volumes/ssd_zhang/thesis_michel/server_processing/t0_rootFiles/beam28806_new202602/wvf_applyCut_removeBeam/wvfFind_event28016_trackID0_opNum3.root
[COPY] event=28017, trackID=5, T0=-1.61648 -> /Volumes/ssd_zhang/thesis_michel/server_processing/t0_rootFiles/beam28806_new202602/wvf_applyCut_removeBeam/wvfFind_event28017_trackID5_opNum3.root
[COPY] event=28017, trackID=9, T0=-1.58003 -> /Volumes/ssd_zhang/thesis_michel/server_processing/t0_rootFiles/beam28806_new202602/wvf_applyCut_removeBeam/wvfFind_event28017_trackID9_opNum5.root
[COPY] event=28053, trackID=15, T0=0.0719625 -> /Volumes/ssd_zhang/thesis_michel/server_processing/t0_rootFiles/beam28806_new202602/wvf_applyCut_removeBeam/wvfFind_event28053_trackID15_opNum8_merged.root
[COPY] event=28065, trackID=42, T0=-2.46406 -> /Volumes/ssd_zhang/thesis_michel/server_processing/t0_rootFiles/beam28806_new202602/wvf_applyCut_removeBeam/wvfFind_event28065_trackID42_opNum5_merged.root
[COPY] event=28067, trackID=2, T0=-2.0543 -> /Volumes/ssd_zhang/thesis_michel/server_processing/t0_rootFiles/beam28806_new202602/wvf_applyCut_removeBeam/wvfFind_event28067_trackID2_opNum5.root
[COPY] event=28067, trackID=2, T0=-2.0543 -> /Volumes/ssd_zhang/thesis_michel/server_processing/t0_rootFiles/beam28806_new202602/wvf_applyCut_removeBeam/wvfFind_event28067_trackID2_opNum5_2.root
[COPY] event=28090, trackID=6, T0=-1.35696 -> /Volumes/ssd_zhang/thesis_michel/server_processing/t0_rootFiles/beam28806_new202602/wvf_applyCut_removeBeam/wvfFind_event28090_trackID6_opNum3.root
[COPY] event=28090, trackID=6, T0=-1.35696 -> /Volumes/ssd_zhang/thesis_michel/server_processing/t0_rootFiles/beam28806_new202602/wvf_applyCut_removeBeam/wvfFind_event28090_trackID6_opNum3_2.root
[COPY] event=28117, trackID=1, T0=0.298814 -> /Volumes/ssd_zhang/thesis_michel/server_processing/t0_rootFiles/beam28806_new202602/wvf_applyCut_removeBeam/wvfFind_event28117_trackID1_opNum6_merged.root
[COPY] event=2811, trackID=4, T0=-1.73239 -> /Volumes/ssd_zhang/thesis_michel/server_processing/t0_rootFiles/beam28806_new202602/wvf_applyCut_removeBeam/wvfFind_event2811_trackID4_opNum3.root
[COPY] event=28123, trackID=17, T0=-1.85073 -> /Volumes/ssd_zhang/thesis_michel/server_processing/t0_rootFiles/beam28806_new202602/wvf_applyCut_removeBeam/wvfFind_event28123_trackID17_opNum5.root
[COPY] event=28132, trackID=10, T0=-1.92872 -> /Volumes/ssd_zhang/thesis_michel/server_processing/t0_rootFiles/beam28806_new202602/wvf_applyCut_removeBeam/wvfFind_event28132_trackID10_opNum6.root
[COPY] event=28132, trackID=10, T0=-1.92872 -> /Volumes/ssd_zhang/thesis_michel/server_processing/t0_rootFiles/beam28806_new202602/wvf_applyCut_removeBeam/wvfFind_event28132_trackID10_opNum6_2.root
[COPY] event=28137, trackID=4, T0=-0.698353 -> /Volumes/ssd_zhang/thesis_michel/server_processing/t0_rootFiles/beam28806_new202602/wvf_applyCut_removeBeam/wvfFind_event28137_trackID4_opNum3_merged.root
[COPY] event=28138, trackID=14, T0=-2.15757 -> /Volumes/ssd_zhang/thesis_michel/server_processing/t0_rootFiles/beam28806_new202602/wvf_applyCut_removeBeam/wvfFind_event28138_trackID14_opNum9.root
[COPY] event=2815, trackID=23, T0=-1.87409 -> /Volumes/ssd_zhang/thesis_michel/server_processing/t0_rootFiles/beam28806_new202602/wvf_applyCut_removeBeam/wvfFind_event2815_trackID23_opNum8.root
[COPY] event=28164, trackID=11, T0=-1.96271 -> /Volumes/ssd_zhang/thesis_michel/server_processing/t0_rootFiles/beam28806_new202602/wvf_applyCut_removeBeam/wvfFind_event28164_trackID11_opNum6_merged.root
[COPY] event=2819, trackID=9, T0=-0.731523 -> /Volumes/ssd_zhang/thesis_michel/server_processing/t0_rootFiles/beam28806_new202602/wvf_applyCut_removeBeam/wvfFind_event2819_trackID9_opNum5.root
[COPY] event=28202, trackID=8, T0=0.0830442 -> /Volumes/ssd_zhang/thesis_michel/server_processing/t0_rootFiles/beam28806_new202602/wvf_applyCut_removeBeam/wvfFind_event28202_trackID8_opNum4.root
[COPY] event=28211, trackID=2, T0=0.265049 -> /Volumes/ssd_zhang/thesis_michel/server_processing/t0_rootFiles/beam28806_new202602/wvf_applyCut_removeBeam/wvfFind_event28211_trackID2_opNum3.root
[COPY] event=28231, trackID=5, T0=-1.62172 -> /Volumes/ssd_zhang/thesis_michel/server_processing/t0_rootFiles/beam28806_new202602/wvf_applyCut_removeBeam/wvfFind_event28231_trackID5_opNum8_merged.root
[SKIP] (in range) event=28245, trackID=7, T0=-0.118354
[COPY] event=28296, trackID=3, T0=0.387139 -> /Volumes/ssd_zhang/thesis_michel/server_processing/t0_rootFiles/beam28806_new202602/wvf_applyCut_removeBeam/wvfFind_event28296_trackID3_opNum5.root
[COPY] event=28296, trackID=3, T0=0.387139 -> /Volumes/ssd_zhang/thesis_michel/server_processing/t0_rootFiles/beam28806_new202602/wvf_applyCut_removeBeam/wvfFind_event28296_trackID3_opNum5_2.root
[COPY] event=28332, trackID=1, T0=-0.973316 -> /Volumes/ssd_zhang/thesis_michel/server_processing/t0_rootFiles/beam28806_new202602/wvf_applyCut_removeBeam/wvfFind_event28332_trackID1_opNum9.root
[COPY] event=28359, trackID=18, T0=-2.42694 -> /Volumes/ssd_zhang/thesis_michel/server_processing/t0_rootFiles/beam28806_new202602/wvf_applyCut_removeBeam/wvfFind_event28359_trackID18_opNum3.root
[SKIP] (in range) event=28382, trackID=7, T0=-0.0552929
[SKIP] (in range) event=28382, trackID=7, T0=-0.0552929
[COPY] event=28387, trackID=17, T0=-0.540568 -> /Volumes/ssd_zhang/thesis_michel/server_processing/t0_rootFiles/beam28806_new202602/wvf_applyCut_removeBeam/wvfFind_event28387_trackID17_opNum4.root
[COPY] event=28387, trackID=17, T0=-0.540568 -> /Volumes/ssd_zhang/thesis_michel/server_processing/t0_rootFiles/beam28806_new202602/wvf_applyCut_removeBeam/wvfFind_event28387_trackID17_opNum4_2.root
[COPY] event=28392, trackID=7, T0=-1.44421 -> /Volumes/ssd_zhang/thesis_michel/server_processing/t0_rootFiles/beam28806_new202602/wvf_applyCut_removeBeam/wvfFind_event28392_trackID7_opNum8.root
[COPY] event=28401, trackID=10, T0=-0.464782 -> /Volumes/ssd_zhang/thesis_michel/server_processing/t0_rootFiles/beam28806_new202602/wvf_applyCut_removeBeam/wvfFind_event28401_trackID10_opNum9.root
[COPY] event=28407, trackID=18, T0=-0.971409 -> /Volumes/ssd_zhang/thesis_michel/server_processing/t0_rootFiles/beam28806_new202602/wvf_applyCut_removeBeam/wvfFind_event28407_trackID18_opNum8.root
[COPY] event=28447, trackID=3, T0=-0.430964 -> /Volumes/ssd_zhang/thesis_michel/server_processing/t0_rootFiles/beam28806_new202602/wvf_applyCut_removeBeam/wvfFind_event28447_trackID3_opNum5.root
[COPY] event=28451, trackID=21, T0=-0.218859 -> /Volumes/ssd_zhang/thesis_michel/server_processing/t0_rootFiles/beam28806_new202602/wvf_applyCut_removeBeam/wvfFind_event28451_trackID21_opNum9.root
[COPY] event=28458, trackID=14, T0=-0.272769 -> /Volumes/ssd_zhang/thesis_michel/server_processing/t0_rootFiles/beam28806_new202602/wvf_applyCut_removeBeam/wvfFind_event28458_trackID14_opNum8.root
[COPY] event=28468, trackID=12, T0=-2.17642 -> /Volumes/ssd_zhang/thesis_michel/server_processing/t0_rootFiles/beam28806_new202602/wvf_applyCut_removeBeam/wvfFind_event28468_trackID12_opNum9.root
[COPY] event=28473, trackID=7, T0=0.425937 -> /Volumes/ssd_zhang/thesis_michel/server_processing/t0_rootFiles/beam28806_new202602/wvf_applyCut_removeBeam/wvfFind_event28473_trackID7_opNum5_merged.root
[COPY] event=28480, trackID=0, T0=-0.65649 -> /Volumes/ssd_zhang/thesis_michel/server_processing/t0_rootFiles/beam28806_new202602/wvf_applyCut_removeBeam/wvfFind_event28480_trackID0_opNum5.root
[COPY] event=28495, trackID=6, T0=-1.71975 -> /Volumes/ssd_zhang/thesis_michel/server_processing/t0_rootFiles/beam28806_new202602/wvf_applyCut_removeBeam/wvfFind_event28495_trackID6_opNum3.root
[COPY] event=28495, trackID=6, T0=-1.71975 -> /Volumes/ssd_zhang/thesis_michel/server_processing/t0_rootFiles/beam28806_new202602/wvf_applyCut_removeBeam/wvfFind_event28495_trackID6_opNum3_2.root
[COPY] event=28496, trackID=3, T0=-0.580886 -> /Volumes/ssd_zhang/thesis_michel/server_processing/t0_rootFiles/beam28806_new202602/wvf_applyCut_removeBeam/wvfFind_event28496_trackID3_opNum4.root
[COPY] event=28496, trackID=3, T0=-0.580886 -> /Volumes/ssd_zhang/thesis_michel/server_processing/t0_rootFiles/beam28806_new202602/wvf_applyCut_removeBeam/wvfFind_event28496_trackID3_opNum4_2.root
[COPY] event=28505, trackID=10, T0=-0.806482 -> /Volumes/ssd_zhang/thesis_michel/server_processing/t0_rootFiles/beam28806_new202602/wvf_applyCut_removeBeam/wvfFind_event28505_trackID10_opNum7.root
[COPY] event=28542, trackID=6, T0=-1.64333 -> /Volumes/ssd_zhang/thesis_michel/server_processing/t0_rootFiles/beam28806_new202602/wvf_applyCut_removeBeam/wvfFind_event28542_trackID6_opNum3.root
[COPY] event=28542, trackID=6, T0=-1.64333 -> /Volumes/ssd_zhang/thesis_michel/server_processing/t0_rootFiles/beam28806_new202602/wvf_applyCut_removeBeam/wvfFind_event28542_trackID6_opNum3_2.root
[COPY] event=28543, trackID=9, T0=-1.72424 -> /Volumes/ssd_zhang/thesis_michel/server_processing/t0_rootFiles/beam28806_new202602/wvf_applyCut_removeBeam/wvfFind_event28543_trackID9_opNum6.root
[COPY] event=28544, trackID=10, T0=-0.561528 -> /Volumes/ssd_zhang/thesis_michel/server_processing/t0_rootFiles/beam28806_new202602/wvf_applyCut_removeBeam/wvfFind_event28544_trackID10_opNum9.root
[COPY] event=2854, trackID=16, T0=-0.712246 -> /Volumes/ssd_zhang/thesis_michel/server_processing/t0_rootFiles/beam28806_new202602/wvf_applyCut_removeBeam/wvfFind_event2854_trackID16_opNum7_merged.root
[COPY] event=28558, trackID=32, T0=-0.287149 -> /Volumes/ssd_zhang/thesis_michel/server_processing/t0_rootFiles/beam28806_new202602/wvf_applyCut_removeBeam/wvfFind_event28558_trackID32_opNum4.root
[COPY] event=2858, trackID=3, T0=-0.215046 -> /Volumes/ssd_zhang/thesis_michel/server_processing/t0_rootFiles/beam28806_new202602/wvf_applyCut_removeBeam/wvfFind_event2858_trackID3_opNum9.root
[COPY] event=28603, trackID=6, T0=0.149164 -> /Volumes/ssd_zhang/thesis_michel/server_processing/t0_rootFiles/beam28806_new202602/wvf_applyCut_removeBeam/wvfFind_event28603_trackID6_opNum4.root
[COPY] event=28607, trackID=5, T0=-0.749277 -> /Volumes/ssd_zhang/thesis_michel/server_processing/t0_rootFiles/beam28806_new202602/wvf_applyCut_removeBeam/wvfFind_event28607_trackID5_opNum9.root
[COPY] event=28642, trackID=6, T0=-0.880887 -> /Volumes/ssd_zhang/thesis_michel/server_processing/t0_rootFiles/beam28806_new202602/wvf_applyCut_removeBeam/wvfFind_event28642_trackID6_opNum5.root
[COPY] event=28647, trackID=40, T0=-2.47908 -> /Volumes/ssd_zhang/thesis_michel/server_processing/t0_rootFiles/beam28806_new202602/wvf_applyCut_removeBeam/wvfFind_event28647_trackID40_opNum8_merged.root
[COPY] event=28657, trackID=34, T0=-1.73035 -> /Volumes/ssd_zhang/thesis_michel/server_processing/t0_rootFiles/beam28806_new202602/wvf_applyCut_removeBeam/wvfFind_event28657_trackID34_opNum3.root
[COPY] event=28657, trackID=34, T0=-1.73035 -> /Volumes/ssd_zhang/thesis_michel/server_processing/t0_rootFiles/beam28806_new202602/wvf_applyCut_removeBeam/wvfFind_event28657_trackID34_opNum3_2.root
[COPY] event=28700, trackID=8, T0=-1.13096 -> /Volumes/ssd_zhang/thesis_michel/server_processing/t0_rootFiles/beam28806_new202602/wvf_applyCut_removeBeam/wvfFind_event28700_trackID8_opNum3.root
[COPY] event=28703, trackID=26, T0=-0.449356 -> /Volumes/ssd_zhang/thesis_michel/server_processing/t0_rootFiles/beam28806_new202602/wvf_applyCut_removeBeam/wvfFind_event28703_trackID26_opNum3_merged.root
[COPY] event=28711, trackID=5, T0=-1.49979 -> /Volumes/ssd_zhang/thesis_michel/server_processing/t0_rootFiles/beam28806_new202602/wvf_applyCut_removeBeam/wvfFind_event28711_trackID5_opNum5.root
[COPY] event=28720, trackID=12, T0=-1.9878 -> /Volumes/ssd_zhang/thesis_michel/server_processing/t0_rootFiles/beam28806_new202602/wvf_applyCut_removeBeam/wvfFind_event28720_trackID12_opNum5.root
[COPY] event=28724, trackID=0, T0=0.285447 -> /Volumes/ssd_zhang/thesis_michel/server_processing/t0_rootFiles/beam28806_new202602/wvf_applyCut_removeBeam/wvfFind_event28724_trackID0_opNum5.root
[COPY] event=28725, trackID=15, T0=-0.731008 -> /Volumes/ssd_zhang/thesis_michel/server_processing/t0_rootFiles/beam28806_new202602/wvf_applyCut_removeBeam/wvfFind_event28725_trackID15_opNum6.root
[COPY] event=28731, trackID=2, T0=-0.764118 -> /Volumes/ssd_zhang/thesis_michel/server_processing/t0_rootFiles/beam28806_new202602/wvf_applyCut_removeBeam/wvfFind_event28731_trackID2_opNum9.root
[COPY] event=28734, trackID=41, T0=-2.41879 -> /Volumes/ssd_zhang/thesis_michel/server_processing/t0_rootFiles/beam28806_new202602/wvf_applyCut_removeBeam/wvfFind_event28734_trackID41_opNum4.root
[COPY] event=28743, trackID=15, T0=-1.53904 -> /Volumes/ssd_zhang/thesis_michel/server_processing/t0_rootFiles/beam28806_new202602/wvf_applyCut_removeBeam/wvfFind_event28743_trackID15_opNum9.root
[COPY] event=28749, trackID=14, T0=-1.33914 -> /Volumes/ssd_zhang/thesis_michel/server_processing/t0_rootFiles/beam28806_new202602/wvf_applyCut_removeBeam/wvfFind_event28749_trackID14_opNum5.root
[COPY] event=2875, trackID=4, T0=-0.907886 -> /Volumes/ssd_zhang/thesis_michel/server_processing/t0_rootFiles/beam28806_new202602/wvf_applyCut_removeBeam/wvfFind_event2875_trackID4_opNum9.root
[COPY] event=28770, trackID=3, T0=0.322405 -> /Volumes/ssd_zhang/thesis_michel/server_processing/t0_rootFiles/beam28806_new202602/wvf_applyCut_removeBeam/wvfFind_event28770_trackID3_opNum5.root
[COPY] event=28787, trackID=2, T0=-0.759027 -> /Volumes/ssd_zhang/thesis_michel/server_processing/t0_rootFiles/beam28806_new202602/wvf_applyCut_removeBeam/wvfFind_event28787_trackID2_opNum5.root
[COPY] event=28814, trackID=11, T0=-0.619258 -> /Volumes/ssd_zhang/thesis_michel/server_processing/t0_rootFiles/beam28806_new202602/wvf_applyCut_removeBeam/wvfFind_event28814_trackID11_opNum8.root
[COPY] event=28819, trackID=16, T0=-1.12056 -> /Volumes/ssd_zhang/thesis_michel/server_processing/t0_rootFiles/beam28806_new202602/wvf_applyCut_removeBeam/wvfFind_event28819_trackID16_opNum3.root
[COPY] event=28819, trackID=16, T0=-1.12056 -> /Volumes/ssd_zhang/thesis_michel/server_processing/t0_rootFiles/beam28806_new202602/wvf_applyCut_removeBeam/wvfFind_event28819_trackID16_opNum3_2.root
[COPY] event=28844, trackID=5, T0=-1.54977 -> /Volumes/ssd_zhang/thesis_michel/server_processing/t0_rootFiles/beam28806_new202602/wvf_applyCut_removeBeam/wvfFind_event28844_trackID5_opNum9.root
[COPY] event=28844, trackID=5, T0=-1.54977 -> /Volumes/ssd_zhang/thesis_michel/server_processing/t0_rootFiles/beam28806_new202602/wvf_applyCut_removeBeam/wvfFind_event28844_trackID5_opNum9_2.root
[COPY] event=28845, trackID=2, T0=-2.06309 -> /Volumes/ssd_zhang/thesis_michel/server_processing/t0_rootFiles/beam28806_new202602/wvf_applyCut_removeBeam/wvfFind_event28845_trackID2_opNum3.root
[SKIP] (in range) event=28873, trackID=16, T0=-0.0754253
[COPY] event=28887, trackID=0, T0=-1.31568 -> /Volumes/ssd_zhang/thesis_michel/server_processing/t0_rootFiles/beam28806_new202602/wvf_applyCut_removeBeam/wvfFind_event28887_trackID0_opNum5.root
[COPY] event=28892, trackID=21, T0=0.18611 -> /Volumes/ssd_zhang/thesis_michel/server_processing/t0_rootFiles/beam28806_new202602/wvf_applyCut_removeBeam/wvfFind_event28892_trackID21_opNum3.root
[COPY] event=28892, trackID=21, T0=0.18611 -> /Volumes/ssd_zhang/thesis_michel/server_processing/t0_rootFiles/beam28806_new202602/wvf_applyCut_removeBeam/wvfFind_event28892_trackID21_opNum3_2.root
[COPY] event=28896, trackID=17, T0=-1.58305 -> /Volumes/ssd_zhang/thesis_michel/server_processing/t0_rootFiles/beam28806_new202602/wvf_applyCut_removeBeam/wvfFind_event28896_trackID17_opNum8.root
[COPY] event=28896, trackID=21, T0=0.141187 -> /Volumes/ssd_zhang/thesis_michel/server_processing/t0_rootFiles/beam28806_new202602/wvf_applyCut_removeBeam/wvfFind_event28896_trackID21_opNum3.root
[COPY] event=28921, trackID=5, T0=0.38494 -> /Volumes/ssd_zhang/thesis_michel/server_processing/t0_rootFiles/beam28806_new202602/wvf_applyCut_removeBeam/wvfFind_event28921_trackID5_opNum9.root
[COPY] event=28940, trackID=6, T0=-1.87851 -> /Volumes/ssd_zhang/thesis_michel/server_processing/t0_rootFiles/beam28806_new202602/wvf_applyCut_removeBeam/wvfFind_event28940_trackID6_opNum4.root
[COPY] event=28953, trackID=6, T0=-2.00613 -> /Volumes/ssd_zhang/thesis_michel/server_processing/t0_rootFiles/beam28806_new202602/wvf_applyCut_removeBeam/wvfFind_event28953_trackID6_opNum4.root
[COPY] event=28961, trackID=4, T0=-1.88203 -> /Volumes/ssd_zhang/thesis_michel/server_processing/t0_rootFiles/beam28806_new202602/wvf_applyCut_removeBeam/wvfFind_event28961_trackID4_opNum9.root
[COPY] event=28970, trackID=14, T0=-1.84046 -> /Volumes/ssd_zhang/thesis_michel/server_processing/t0_rootFiles/beam28806_new202602/wvf_applyCut_removeBeam/wvfFind_event28970_trackID14_opNum3.root
[COPY] event=28970, trackID=20, T0=-2.10824 -> /Volumes/ssd_zhang/thesis_michel/server_processing/t0_rootFiles/beam28806_new202602/wvf_applyCut_removeBeam/wvfFind_event28970_trackID20_opNum3.root
[COPY] event=28987, trackID=8, T0=-0.33919 -> /Volumes/ssd_zhang/thesis_michel/server_processing/t0_rootFiles/beam28806_new202602/wvf_applyCut_removeBeam/wvfFind_event28987_trackID8_opNum3.root
[COPY] event=28987, trackID=8, T0=-0.33919 -> /Volumes/ssd_zhang/thesis_michel/server_processing/t0_rootFiles/beam28806_new202602/wvf_applyCut_removeBeam/wvfFind_event28987_trackID8_opNum3_2.root
[COPY] event=28995, trackID=4, T0=0.296894 -> /Volumes/ssd_zhang/thesis_michel/server_processing/t0_rootFiles/beam28806_new202602/wvf_applyCut_removeBeam/wvfFind_event28995_trackID4_opNum4.root
[COPY] event=29017, trackID=3, T0=0.049164 -> /Volumes/ssd_zhang/thesis_michel/server_processing/t0_rootFiles/beam28806_new202602/wvf_applyCut_removeBeam/wvfFind_event29017_trackID3_opNum3.root
[COPY] event=29045, trackID=12, T0=1.6658 -> /Volumes/ssd_zhang/thesis_michel/server_processing/t0_rootFiles/beam28806_new202602/wvf_applyCut_removeBeam/wvfFind_event29045_trackID12_opNum9.root
[COPY] event=29055, trackID=6, T0=-0.660563 -> /Volumes/ssd_zhang/thesis_michel/server_processing/t0_rootFiles/beam28806_new202602/wvf_applyCut_removeBeam/wvfFind_event29055_trackID6_opNum4.root
[COPY] event=29059, trackID=5, T0=-0.755829 -> /Volumes/ssd_zhang/thesis_michel/server_processing/t0_rootFiles/beam28806_new202602/wvf_applyCut_removeBeam/wvfFind_event29059_trackID5_opNum9.root
[COPY] event=29083, trackID=5, T0=-0.57558 -> /Volumes/ssd_zhang/thesis_michel/server_processing/t0_rootFiles/beam28806_new202602/wvf_applyCut_removeBeam/wvfFind_event29083_trackID5_opNum3.root
[SKIP] (in range) event=29101, trackID=5, T0=-0.060786
[COPY] event=29114, trackID=41, T0=-2.4634 -> /Volumes/ssd_zhang/thesis_michel/server_processing/t0_rootFiles/beam28806_new202602/wvf_applyCut_removeBeam/wvfFind_event29114_trackID41_opNum9.root
[COPY] event=29121, trackID=4, T0=-0.00589287 -> /Volumes/ssd_zhang/thesis_michel/server_processing/t0_rootFiles/beam28806_new202602/wvf_applyCut_removeBeam/wvfFind_event29121_trackID4_opNum9.root
[COPY] event=29123, trackID=2, T0=-1.52319 -> /Volumes/ssd_zhang/thesis_michel/server_processing/t0_rootFiles/beam28806_new202602/wvf_applyCut_removeBeam/wvfFind_event29123_trackID2_opNum4.root
[COPY] event=29126, trackID=22, T0=-2.20234 -> /Volumes/ssd_zhang/thesis_michel/server_processing/t0_rootFiles/beam28806_new202602/wvf_applyCut_removeBeam/wvfFind_event29126_trackID22_opNum6.root
[COPY] event=29132, trackID=12, T0=-1.70551 -> /Volumes/ssd_zhang/thesis_michel/server_processing/t0_rootFiles/beam28806_new202602/wvf_applyCut_removeBeam/wvfFind_event29132_trackID12_opNum5.root
[COPY] event=29150, trackID=12, T0=0.430951 -> /Volumes/ssd_zhang/thesis_michel/server_processing/t0_rootFiles/beam28806_new202602/wvf_applyCut_removeBeam/wvfFind_event29150_trackID12_opNum9.root
[COPY] event=29153, trackID=11, T0=-1.15529 -> /Volumes/ssd_zhang/thesis_michel/server_processing/t0_rootFiles/beam28806_new202602/wvf_applyCut_removeBeam/wvfFind_event29153_trackID11_opNum8.root
[COPY] event=29190, trackID=20, T0=-2.20226 -> /Volumes/ssd_zhang/thesis_michel/server_processing/t0_rootFiles/beam28806_new202602/wvf_applyCut_removeBeam/wvfFind_event29190_trackID20_opNum9.root
[COPY] event=2920, trackID=4, T0=1.21336 -> /Volumes/ssd_zhang/thesis_michel/server_processing/t0_rootFiles/beam28806_new202602/wvf_applyCut_removeBeam/wvfFind_event2920_trackID4_opNum9.root
[SKIP] (in range) event=29211, trackID=6, T0=-0.0695325
[COPY] event=29224, trackID=0, T0=-0.609883 -> /Volumes/ssd_zhang/thesis_michel/server_processing/t0_rootFiles/beam28806_new202602/wvf_applyCut_removeBeam/wvfFind_event29224_trackID0_opNum3.root
[COPY] event=29226, trackID=13, T0=-2.02949 -> /Volumes/ssd_zhang/thesis_michel/server_processing/t0_rootFiles/beam28806_new202602/wvf_applyCut_removeBeam/wvfFind_event29226_trackID13_opNum5.root
[COPY] event=29229, trackID=4, T0=-1.70663 -> /Volumes/ssd_zhang/thesis_michel/server_processing/t0_rootFiles/beam28806_new202602/wvf_applyCut_removeBeam/wvfFind_event29229_trackID4_opNum5.root
[COPY] event=29237, trackID=1, T0=-0.7955 -> /Volumes/ssd_zhang/thesis_michel/server_processing/t0_rootFiles/beam28806_new202602/wvf_applyCut_removeBeam/wvfFind_event29237_trackID1_opNum4.root
[COPY] event=29249, trackID=5, T0=0.412437 -> /Volumes/ssd_zhang/thesis_michel/server_processing/t0_rootFiles/beam28806_new202602/wvf_applyCut_removeBeam/wvfFind_event29249_trackID5_opNum9.root
[COPY] event=29265, trackID=26, T0=-2.30802 -> /Volumes/ssd_zhang/thesis_michel/server_processing/t0_rootFiles/beam28806_new202602/wvf_applyCut_removeBeam/wvfFind_event29265_trackID26_opNum3.root
[COPY] event=29286, trackID=0, T0=0.37957 -> /Volumes/ssd_zhang/thesis_michel/server_processing/t0_rootFiles/beam28806_new202602/wvf_applyCut_removeBeam/wvfFind_event29286_trackID0_opNum8.root
[COPY] event=29286, trackID=6, T0=-0.150562 -> /Volumes/ssd_zhang/thesis_michel/server_processing/t0_rootFiles/beam28806_new202602/wvf_applyCut_removeBeam/wvfFind_event29286_trackID6_opNum9.root
[COPY] event=29307, trackID=2, T0=0.0654251 -> /Volumes/ssd_zhang/thesis_michel/server_processing/t0_rootFiles/beam28806_new202602/wvf_applyCut_removeBeam/wvfFind_event29307_trackID2_opNum4.root
[COPY] event=29380, trackID=3, T0=-1.03754 -> /Volumes/ssd_zhang/thesis_michel/server_processing/t0_rootFiles/beam28806_new202602/wvf_applyCut_removeBeam/wvfFind_event29380_trackID3_opNum5.root
[COPY] event=29385, trackID=2, T0=-0.00310445 -> /Volumes/ssd_zhang/thesis_michel/server_processing/t0_rootFiles/beam28806_new202602/wvf_applyCut_removeBeam/wvfFind_event29385_trackID2_opNum5.root
[COPY] event=29388, trackID=24, T0=0.303941 -> /Volumes/ssd_zhang/thesis_michel/server_processing/t0_rootFiles/beam28806_new202602/wvf_applyCut_removeBeam/wvfFind_event29388_trackID24_opNum5.root
[COPY] event=2942, trackID=5, T0=-1.20383 -> /Volumes/ssd_zhang/thesis_michel/server_processing/t0_rootFiles/beam28806_new202602/wvf_applyCut_removeBeam/wvfFind_event2942_trackID5_opNum9.root
[COPY] event=29432, trackID=22, T0=-0.862354 -> /Volumes/ssd_zhang/thesis_michel/server_processing/t0_rootFiles/beam28806_new202602/wvf_applyCut_removeBeam/wvfFind_event29432_trackID22_opNum9.root
[COPY] event=29462, trackID=3, T0=-0.888316 -> /Volumes/ssd_zhang/thesis_michel/server_processing/t0_rootFiles/beam28806_new202602/wvf_applyCut_removeBeam/wvfFind_event29462_trackID3_opNum9.root
[COPY] event=29480, trackID=0, T0=0.233012 -> /Volumes/ssd_zhang/thesis_michel/server_processing/t0_rootFiles/beam28806_new202602/wvf_applyCut_removeBeam/wvfFind_event29480_trackID0_opNum9.root
[COPY] event=29480, trackID=0, T0=0.233012 -> /Volumes/ssd_zhang/thesis_michel/server_processing/t0_rootFiles/beam28806_new202602/wvf_applyCut_removeBeam/wvfFind_event29480_trackID0_opNum9_2.root
[COPY] event=29493, trackID=0, T0=-1.03395 -> /Volumes/ssd_zhang/thesis_michel/server_processing/t0_rootFiles/beam28806_new202602/wvf_applyCut_removeBeam/wvfFind_event29493_trackID0_opNum5.root
[COPY] event=29496, trackID=0, T0=-0.0259013 -> /Volumes/ssd_zhang/thesis_michel/server_processing/t0_rootFiles/beam28806_new202602/wvf_applyCut_removeBeam/wvfFind_event29496_trackID0_opNum4.root
[COPY] event=29545, trackID=0, T0=-0.0264039 -> /Volumes/ssd_zhang/thesis_michel/server_processing/t0_rootFiles/beam28806_new202602/wvf_applyCut_removeBeam/wvfFind_event29545_trackID0_opNum4.root
[COPY] event=29581, trackID=7, T0=0.259675 -> /Volumes/ssd_zhang/thesis_michel/server_processing/t0_rootFiles/beam28806_new202602/wvf_applyCut_removeBeam/wvfFind_event29581_trackID7_opNum4.root
[COPY] event=29602, trackID=4, T0=-1.11815 -> /Volumes/ssd_zhang/thesis_michel/server_processing/t0_rootFiles/beam28806_new202602/wvf_applyCut_removeBeam/wvfFind_event29602_trackID4_opNum4.root
[COPY] event=29609, trackID=9, T0=-0.0294074 -> /Volumes/ssd_zhang/thesis_michel/server_processing/t0_rootFiles/beam28806_new202602/wvf_applyCut_removeBeam/wvfFind_event29609_trackID9_opNum5.root
[COPY] event=29609, trackID=9, T0=-0.0294074 -> /Volumes/ssd_zhang/thesis_michel/server_processing/t0_rootFiles/beam28806_new202602/wvf_applyCut_removeBeam/wvfFind_event29609_trackID9_opNum5_2.root
[COPY] event=29609, trackID=9, T0=-0.0294074 -> /Volumes/ssd_zhang/thesis_michel/server_processing/t0_rootFiles/beam28806_new202602/wvf_applyCut_removeBeam/wvfFind_event29609_trackID9_opNum5_3.root
[COPY] event=29610, trackID=8, T0=-1.57692 -> /Volumes/ssd_zhang/thesis_michel/server_processing/t0_rootFiles/beam28806_new202602/wvf_applyCut_removeBeam/wvfFind_event29610_trackID8_opNum9.root
[COPY] event=29611, trackID=0, T0=0.0122295 -> /Volumes/ssd_zhang/thesis_michel/server_processing/t0_rootFiles/beam28806_new202602/wvf_applyCut_removeBeam/wvfFind_event29611_trackID0_opNum9.root
[COPY] event=29611, trackID=0, T0=0.0122295 -> /Volumes/ssd_zhang/thesis_michel/server_processing/t0_rootFiles/beam28806_new202602/wvf_applyCut_removeBeam/wvfFind_event29611_trackID0_opNum9_2.root
[COPY] event=29623, trackID=7, T0=-1.08267 -> /Volumes/ssd_zhang/thesis_michel/server_processing/t0_rootFiles/beam28806_new202602/wvf_applyCut_removeBeam/wvfFind_event29623_trackID7_opNum9.root
[COPY] event=29626, trackID=3, T0=-0.967015 -> /Volumes/ssd_zhang/thesis_michel/server_processing/t0_rootFiles/beam28806_new202602/wvf_applyCut_removeBeam/wvfFind_event29626_trackID3_opNum8.root
[COPY] event=29664, trackID=11, T0=-1.96359 -> /Volumes/ssd_zhang/thesis_michel/server_processing/t0_rootFiles/beam28806_new202602/wvf_applyCut_removeBeam/wvfFind_event29664_trackID11_opNum6.root
[COPY] event=29664, trackID=11, T0=-1.96359 -> /Volumes/ssd_zhang/thesis_michel/server_processing/t0_rootFiles/beam28806_new202602/wvf_applyCut_removeBeam/wvfFind_event29664_trackID11_opNum6_2.root
[COPY] event=29668, trackID=4, T0=0.342295 -> /Volumes/ssd_zhang/thesis_michel/server_processing/t0_rootFiles/beam28806_new202602/wvf_applyCut_removeBeam/wvfFind_event29668_trackID4_opNum6.root
[COPY] event=29668, trackID=4, T0=0.342295 -> /Volumes/ssd_zhang/thesis_michel/server_processing/t0_rootFiles/beam28806_new202602/wvf_applyCut_removeBeam/wvfFind_event29668_trackID4_opNum6_2.root
[COPY] event=29669, trackID=11, T0=-1.63168 -> /Volumes/ssd_zhang/thesis_michel/server_processing/t0_rootFiles/beam28806_new202602/wvf_applyCut_removeBeam/wvfFind_event29669_trackID11_opNum6.root
[COPY] event=2966, trackID=17, T0=-1.21519 -> /Volumes/ssd_zhang/thesis_michel/server_processing/t0_rootFiles/beam28806_new202602/wvf_applyCut_removeBeam/wvfFind_event2966_trackID17_opNum8_merged.root
[COPY] event=29671, trackID=12, T0=-1.80754 -> /Volumes/ssd_zhang/thesis_michel/server_processing/t0_rootFiles/beam28806_new202602/wvf_applyCut_removeBeam/wvfFind_event29671_trackID12_opNum9.root
[COPY] event=29671, trackID=12, T0=-1.80754 -> /Volumes/ssd_zhang/thesis_michel/server_processing/t0_rootFiles/beam28806_new202602/wvf_applyCut_removeBeam/wvfFind_event29671_trackID12_opNum9_2.root
[COPY] event=29690, trackID=19, T0=-2.31381 -> /Volumes/ssd_zhang/thesis_michel/server_processing/t0_rootFiles/beam28806_new202602/wvf_applyCut_removeBeam/wvfFind_event29690_trackID19_opNum8.root
[COPY] event=29690, trackID=19, T0=-2.31381 -> /Volumes/ssd_zhang/thesis_michel/server_processing/t0_rootFiles/beam28806_new202602/wvf_applyCut_removeBeam/wvfFind_event29690_trackID19_opNum8_2.root
[COPY] event=29691, trackID=2, T0=-0.631915 -> /Volumes/ssd_zhang/thesis_michel/server_processing/t0_rootFiles/beam28806_new202602/wvf_applyCut_removeBeam/wvfFind_event29691_trackID2_opNum4.root
[COPY] event=29691, trackID=2, T0=-0.631915 -> /Volumes/ssd_zhang/thesis_michel/server_processing/t0_rootFiles/beam28806_new202602/wvf_applyCut_removeBeam/wvfFind_event29691_trackID2_opNum4_2.root
[COPY] event=29695, trackID=7, T0=-1.8446 -> /Volumes/ssd_zhang/thesis_michel/server_processing/t0_rootFiles/beam28806_new202602/wvf_applyCut_removeBeam/wvfFind_event29695_trackID7_opNum7.root
[COPY] event=29698, trackID=4, T0=-0.125174 -> /Volumes/ssd_zhang/thesis_michel/server_processing/t0_rootFiles/beam28806_new202602/wvf_applyCut_removeBeam/wvfFind_event29698_trackID4_opNum6.root
[COPY] event=29748, trackID=11, T0=0.44786 -> /Volumes/ssd_zhang/thesis_michel/server_processing/t0_rootFiles/beam28806_new202602/wvf_applyCut_removeBeam/wvfFind_event29748_trackID11_opNum4.root
[COPY] event=2974, trackID=2, T0=-0.136204 -> /Volumes/ssd_zhang/thesis_michel/server_processing/t0_rootFiles/beam28806_new202602/wvf_applyCut_removeBeam/wvfFind_event2974_trackID2_opNum4.root
[COPY] event=29775, trackID=16, T0=-1.72768 -> /Volumes/ssd_zhang/thesis_michel/server_processing/t0_rootFiles/beam28806_new202602/wvf_applyCut_removeBeam/wvfFind_event29775_trackID16_opNum9.root
[COPY] event=29781, trackID=17, T0=1.65931 -> /Volumes/ssd_zhang/thesis_michel/server_processing/t0_rootFiles/beam28806_new202602/wvf_applyCut_removeBeam/wvfFind_event29781_trackID17_opNum9.root
[COPY] event=29810, trackID=4, T0=0.135265 -> /Volumes/ssd_zhang/thesis_michel/server_processing/t0_rootFiles/beam28806_new202602/wvf_applyCut_removeBeam/wvfFind_event29810_trackID4_opNum8.root
[COPY] event=29824, trackID=8, T0=-1.82118 -> /Volumes/ssd_zhang/thesis_michel/server_processing/t0_rootFiles/beam28806_new202602/wvf_applyCut_removeBeam/wvfFind_event29824_trackID8_opNum5.root
[SKIP] (in range) event=29828, trackID=21, T0=-0.0699339
[COPY] event=29860, trackID=5, T0=-1.2283 -> /Volumes/ssd_zhang/thesis_michel/server_processing/t0_rootFiles/beam28806_new202602/wvf_applyCut_removeBeam/wvfFind_event29860_trackID5_opNum4.root
[COPY] event=29868, trackID=2, T0=-1.01908 -> /Volumes/ssd_zhang/thesis_michel/server_processing/t0_rootFiles/beam28806_new202602/wvf_applyCut_removeBeam/wvfFind_event29868_trackID2_opNum6.root
[COPY] event=29898, trackID=8, T0=-0.7607 -> /Volumes/ssd_zhang/thesis_michel/server_processing/t0_rootFiles/beam28806_new202602/wvf_applyCut_removeBeam/wvfFind_event29898_trackID8_opNum9.root
[COPY] event=29907, trackID=26, T0=-1.11618 -> /Volumes/ssd_zhang/thesis_michel/server_processing/t0_rootFiles/beam28806_new202602/wvf_applyCut_removeBeam/wvfFind_event29907_trackID26_opNum7_merged.root
[COPY] event=29917, trackID=4, T0=-2.06262 -> /Volumes/ssd_zhang/thesis_michel/server_processing/t0_rootFiles/beam28806_new202602/wvf_applyCut_removeBeam/wvfFind_event29917_trackID4_opNum3.root
[COPY] event=29933, trackID=2, T0=-0.18661 -> /Volumes/ssd_zhang/thesis_michel/server_processing/t0_rootFiles/beam28806_new202602/wvf_applyCut_removeBeam/wvfFind_event29933_trackID2_opNum3.root
[SKIP] (in range) event=29940, trackID=23, T0=-0.0723065
[COPY] event=2995, trackID=14, T0=-1.98081 -> /Volumes/ssd_zhang/thesis_michel/server_processing/t0_rootFiles/beam28806_new202602/wvf_applyCut_removeBeam/wvfFind_event2995_trackID14_opNum9.root
[COPY] event=2995, trackID=14, T0=-1.98081 -> /Volumes/ssd_zhang/thesis_michel/server_processing/t0_rootFiles/beam28806_new202602/wvf_applyCut_removeBeam/wvfFind_event2995_trackID14_opNum9_2.root
[COPY] event=29967, trackID=4, T0=-1.51192 -> /Volumes/ssd_zhang/thesis_michel/server_processing/t0_rootFiles/beam28806_new202602/wvf_applyCut_removeBeam/wvfFind_event29967_trackID4_opNum3_merged.root
[COPY] event=2997, trackID=8, T0=0.121091 -> /Volumes/ssd_zhang/thesis_michel/server_processing/t0_rootFiles/beam28806_new202602/wvf_applyCut_removeBeam/wvfFind_event2997_trackID8_opNum9.root
[COPY] event=2997, trackID=8, T0=0.121091 -> /Volumes/ssd_zhang/thesis_michel/server_processing/t0_rootFiles/beam28806_new202602/wvf_applyCut_removeBeam/wvfFind_event2997_trackID8_opNum9_2.root
[COPY] event=2997, trackID=9, T0=-1.9037 -> /Volumes/ssd_zhang/thesis_michel/server_processing/t0_rootFiles/beam28806_new202602/wvf_applyCut_removeBeam/wvfFind_event2997_trackID9_opNum6.root
[COPY] event=2997, trackID=9, T0=-1.9037 -> /Volumes/ssd_zhang/thesis_michel/server_processing/t0_rootFiles/beam28806_new202602/wvf_applyCut_removeBeam/wvfFind_event2997_trackID9_opNum6_2.root
[COPY] event=29983, trackID=9, T0=-2.21099 -> /Volumes/ssd_zhang/thesis_michel/server_processing/t0_rootFiles/beam28806_new202602/wvf_applyCut_removeBeam/wvfFind_event29983_trackID9_opNum4.root
[COPY] event=29988, trackID=8, T0=-0.901336 -> /Volumes/ssd_zhang/thesis_michel/server_processing/t0_rootFiles/beam28806_new202602/wvf_applyCut_removeBeam/wvfFind_event29988_trackID8_opNum8.root
[COPY] event=29994, trackID=6, T0=-2.3206 -> /Volumes/ssd_zhang/thesis_michel/server_processing/t0_rootFiles/beam28806_new202602/wvf_applyCut_removeBeam/wvfFind_event29994_trackID6_opNum9.root
[COPY] event=30001, trackID=3, T0=-0.918097 -> /Volumes/ssd_zhang/thesis_michel/server_processing/t0_rootFiles/beam28806_new202602/wvf_applyCut_removeBeam/wvfFind_event30001_trackID3_opNum3.root
[COPY] event=30001, trackID=3, T0=-0.918097 -> /Volumes/ssd_zhang/thesis_michel/server_processing/t0_rootFiles/beam28806_new202602/wvf_applyCut_removeBeam/wvfFind_event30001_trackID3_opNum3_2.root
[COPY] event=30001, trackID=4, T0=-1.06152 -> /Volumes/ssd_zhang/thesis_michel/server_processing/t0_rootFiles/beam28806_new202602/wvf_applyCut_removeBeam/wvfFind_event30001_trackID4_opNum4.root
[SKIP] (in range) event=30012, trackID=8, T0=-0.0317897
[COPY] event=30030, trackID=0, T0=-0.807508 -> /Volumes/ssd_zhang/thesis_michel/server_processing/t0_rootFiles/beam28806_new202602/wvf_applyCut_removeBeam/wvfFind_event30030_trackID0_opNum3.root
[COPY] event=30067, trackID=5, T0=-1.73334 -> /Volumes/ssd_zhang/thesis_michel/server_processing/t0_rootFiles/beam28806_new202602/wvf_applyCut_removeBeam/wvfFind_event30067_trackID5_opNum8_merged.root
[COPY] event=30077, trackID=28, T0=1.09317 -> /Volumes/ssd_zhang/thesis_michel/server_processing/t0_rootFiles/beam28806_new202602/wvf_applyCut_removeBeam/wvfFind_event30077_trackID28_opNum8_merged.root
[COPY] event=3009, trackID=9, T0=-0.486615 -> /Volumes/ssd_zhang/thesis_michel/server_processing/t0_rootFiles/beam28806_new202602/wvf_applyCut_removeBeam/wvfFind_event3009_trackID9_opNum8.root
[COPY] event=30105, trackID=5, T0=0.113104 -> /Volumes/ssd_zhang/thesis_michel/server_processing/t0_rootFiles/beam28806_new202602/wvf_applyCut_removeBeam/wvfFind_event30105_trackID5_opNum3.root
[COPY] event=30105, trackID=5, T0=0.113104 -> /Volumes/ssd_zhang/thesis_michel/server_processing/t0_rootFiles/beam28806_new202602/wvf_applyCut_removeBeam/wvfFind_event30105_trackID5_opNum3_2.root
[COPY] event=30115, trackID=23, T0=-2.40134 -> /Volumes/ssd_zhang/thesis_michel/server_processing/t0_rootFiles/beam28806_new202602/wvf_applyCut_removeBeam/wvfFind_event30115_trackID23_opNum3.root
[COPY] event=30115, trackID=23, T0=-2.40134 -> /Volumes/ssd_zhang/thesis_michel/server_processing/t0_rootFiles/beam28806_new202602/wvf_applyCut_removeBeam/wvfFind_event30115_trackID23_opNum3_2.root
[COPY] event=30129, trackID=2, T0=-1.83092 -> /Volumes/ssd_zhang/thesis_michel/server_processing/t0_rootFiles/beam28806_new202602/wvf_applyCut_removeBeam/wvfFind_event30129_trackID2_opNum4.root
[COPY] event=30129, trackID=2, T0=-1.83092 -> /Volumes/ssd_zhang/thesis_michel/server_processing/t0_rootFiles/beam28806_new202602/wvf_applyCut_removeBeam/wvfFind_event30129_trackID2_opNum4_2.root
[COPY] event=30131, trackID=10, T0=-1.80329 -> /Volumes/ssd_zhang/thesis_michel/server_processing/t0_rootFiles/beam28806_new202602/wvf_applyCut_removeBeam/wvfFind_event30131_trackID10_opNum3_3.root
[COPY] event=30131, trackID=10, T0=-1.80329 -> /Volumes/ssd_zhang/thesis_michel/server_processing/t0_rootFiles/beam28806_new202602/wvf_applyCut_removeBeam/wvfFind_event30131_trackID10_opNum8_merged.root
[COPY] event=30137, trackID=9, T0=-0.964719 -> /Volumes/ssd_zhang/thesis_michel/server_processing/t0_rootFiles/beam28806_new202602/wvf_applyCut_removeBeam/wvfFind_event30137_trackID9_opNum8.root
[COPY] event=30155, trackID=9, T0=-0.247559 -> /Volumes/ssd_zhang/thesis_michel/server_processing/t0_rootFiles/beam28806_new202602/wvf_applyCut_removeBeam/wvfFind_event30155_trackID9_opNum3.root
[COPY] event=30158, trackID=13, T0=-2.21551 -> /Volumes/ssd_zhang/thesis_michel/server_processing/t0_rootFiles/beam28806_new202602/wvf_applyCut_removeBeam/wvfFind_event30158_trackID13_opNum7.root
[COPY] event=30198, trackID=23, T0=-2.19719 -> /Volumes/ssd_zhang/thesis_michel/server_processing/t0_rootFiles/beam28806_new202602/wvf_applyCut_removeBeam/wvfFind_event30198_trackID23_opNum3.root
[COPY] event=30199, trackID=4, T0=-0.364405 -> /Volumes/ssd_zhang/thesis_michel/server_processing/t0_rootFiles/beam28806_new202602/wvf_applyCut_removeBeam/wvfFind_event30199_trackID4_opNum8.root
[COPY] event=30211, trackID=40, T0=-2.43419 -> /Volumes/ssd_zhang/thesis_michel/server_processing/t0_rootFiles/beam28806_new202602/wvf_applyCut_removeBeam/wvfFind_event30211_trackID40_opNum3.root
[COPY] event=30217, trackID=4, T0=0.152464 -> /Volumes/ssd_zhang/thesis_michel/server_processing/t0_rootFiles/beam28806_new202602/wvf_applyCut_removeBeam/wvfFind_event30217_trackID4_opNum9.root
[COPY] event=30240, trackID=9, T0=-0.589981 -> /Volumes/ssd_zhang/thesis_michel/server_processing/t0_rootFiles/beam28806_new202602/wvf_applyCut_removeBeam/wvfFind_event30240_trackID9_opNum6_merged.root
[COPY] event=30242, trackID=18, T0=0.35694 -> /Volumes/ssd_zhang/thesis_michel/server_processing/t0_rootFiles/beam28806_new202602/wvf_applyCut_removeBeam/wvfFind_event30242_trackID18_opNum4.root
[COPY] event=30252, trackID=8, T0=-0.198785 -> /Volumes/ssd_zhang/thesis_michel/server_processing/t0_rootFiles/beam28806_new202602/wvf_applyCut_removeBeam/wvfFind_event30252_trackID8_opNum3.root
[COPY] event=30258, trackID=7, T0=0.775901 -> /Volumes/ssd_zhang/thesis_michel/server_processing/t0_rootFiles/beam28806_new202602/wvf_applyCut_removeBeam/wvfFind_event30258_trackID7_opNum4.root
[COPY] event=30259, trackID=1, T0=0.39134 -> /Volumes/ssd_zhang/thesis_michel/server_processing/t0_rootFiles/beam28806_new202602/wvf_applyCut_removeBeam/wvfFind_event30259_trackID1_opNum8.root
[COPY] event=30273, trackID=0, T0=-1.3075 -> /Volumes/ssd_zhang/thesis_michel/server_processing/t0_rootFiles/beam28806_new202602/wvf_applyCut_removeBeam/wvfFind_event30273_trackID0_opNum9.root
[COPY] event=30273, trackID=0, T0=-1.3075 -> /Volumes/ssd_zhang/thesis_michel/server_processing/t0_rootFiles/beam28806_new202602/wvf_applyCut_removeBeam/wvfFind_event30273_trackID0_opNum9_2.root
[COPY] event=30273, trackID=6, T0=1.44975 -> /Volumes/ssd_zhang/thesis_michel/server_processing/t0_rootFiles/beam28806_new202602/wvf_applyCut_removeBeam/wvfFind_event30273_trackID6_opNum9_merged.root
[COPY] event=30303, trackID=19, T0=-1.05046 -> /Volumes/ssd_zhang/thesis_michel/server_processing/t0_rootFiles/beam28806_new202602/wvf_applyCut_removeBeam/wvfFind_event30303_trackID19_opNum9.root
[COPY] event=30311, trackID=23, T0=-0.351223 -> /Volumes/ssd_zhang/thesis_michel/server_processing/t0_rootFiles/beam28806_new202602/wvf_applyCut_removeBeam/wvfFind_event30311_trackID23_opNum8.root
[COPY] event=30318, trackID=19, T0=-1.97125 -> /Volumes/ssd_zhang/thesis_michel/server_processing/t0_rootFiles/beam28806_new202602/wvf_applyCut_removeBeam/wvfFind_event30318_trackID19_opNum9.root
[COPY] event=30331, trackID=11, T0=0.371905 -> /Volumes/ssd_zhang/thesis_michel/server_processing/t0_rootFiles/beam28806_new202602/wvf_applyCut_removeBeam/wvfFind_event30331_trackID11_opNum8.root
[COPY] event=30331, trackID=11, T0=0.371905 -> /Volumes/ssd_zhang/thesis_michel/server_processing/t0_rootFiles/beam28806_new202602/wvf_applyCut_removeBeam/wvfFind_event30331_trackID11_opNum8_2.root
[COPY] event=30340, trackID=6, T0=-0.305392 -> /Volumes/ssd_zhang/thesis_michel/server_processing/t0_rootFiles/beam28806_new202602/wvf_applyCut_removeBeam/wvfFind_event30340_trackID6_opNum5.root
[COPY] event=30340, trackID=6, T0=-0.305392 -> /Volumes/ssd_zhang/thesis_michel/server_processing/t0_rootFiles/beam28806_new202602/wvf_applyCut_removeBeam/wvfFind_event30340_trackID6_opNum5_2.root
[COPY] event=30342, trackID=7, T0=-0.667242 -> /Volumes/ssd_zhang/thesis_michel/server_processing/t0_rootFiles/beam28806_new202602/wvf_applyCut_removeBeam/wvfFind_event30342_trackID7_opNum5.root
[COPY] event=30364, trackID=4, T0=-1.51634 -> /Volumes/ssd_zhang/thesis_michel/server_processing/t0_rootFiles/beam28806_new202602/wvf_applyCut_removeBeam/wvfFind_event30364_trackID4_opNum5.root
[COPY] event=3038, trackID=5, T0=-1.99992 -> /Volumes/ssd_zhang/thesis_michel/server_processing/t0_rootFiles/beam28806_new202602/wvf_applyCut_removeBeam/wvfFind_event3038_trackID5_opNum6.root
[COPY] event=30396, trackID=1, T0=-1.94022 -> /Volumes/ssd_zhang/thesis_michel/server_processing/t0_rootFiles/beam28806_new202602/wvf_applyCut_removeBeam/wvfFind_event30396_trackID1_opNum9.root
[COPY] event=30402, trackID=17, T0=-0.20408 -> /Volumes/ssd_zhang/thesis_michel/server_processing/t0_rootFiles/beam28806_new202602/wvf_applyCut_removeBeam/wvfFind_event30402_trackID17_opNum7.root
[COPY] event=3040, trackID=0, T0=-0.189879 -> /Volumes/ssd_zhang/thesis_michel/server_processing/t0_rootFiles/beam28806_new202602/wvf_applyCut_removeBeam/wvfFind_event3040_trackID0_opNum3_merged.root
[COPY] event=30419, trackID=8, T0=-2.12347 -> /Volumes/ssd_zhang/thesis_michel/server_processing/t0_rootFiles/beam28806_new202602/wvf_applyCut_removeBeam/wvfFind_event30419_trackID8_opNum9.root
[COPY] event=30447, trackID=9, T0=-1.98386 -> /Volumes/ssd_zhang/thesis_michel/server_processing/t0_rootFiles/beam28806_new202602/wvf_applyCut_removeBeam/wvfFind_event30447_trackID9_opNum4_merged.root
[COPY] event=3046, trackID=11, T0=-1.14133 -> /Volumes/ssd_zhang/thesis_michel/server_processing/t0_rootFiles/beam28806_new202602/wvf_applyCut_removeBeam/wvfFind_event3046_trackID11_opNum3.root
[COPY] event=30488, trackID=4, T0=-1.87051 -> /Volumes/ssd_zhang/thesis_michel/server_processing/t0_rootFiles/beam28806_new202602/wvf_applyCut_removeBeam/wvfFind_event30488_trackID4_opNum8.root
[COPY] event=30488, trackID=4, T0=-1.87051 -> /Volumes/ssd_zhang/thesis_michel/server_processing/t0_rootFiles/beam28806_new202602/wvf_applyCut_removeBeam/wvfFind_event30488_trackID4_opNum8_2.root
[COPY] event=30488, trackID=4, T0=-1.87051 -> /Volumes/ssd_zhang/thesis_michel/server_processing/t0_rootFiles/beam28806_new202602/wvf_applyCut_removeBeam/wvfFind_event30488_trackID4_opNum8_3.root
[COPY] event=30501, trackID=9, T0=-0.235413 -> /Volumes/ssd_zhang/thesis_michel/server_processing/t0_rootFiles/beam28806_new202602/wvf_applyCut_removeBeam/wvfFind_event30501_trackID9_opNum4.root
[SKIP] (in range) event=30523, trackID=5, T0=-0.0342462
[COPY] event=30586, trackID=1, T0=-0.480646 -> /Volumes/ssd_zhang/thesis_michel/server_processing/t0_rootFiles/beam28806_new202602/wvf_applyCut_removeBeam/wvfFind_event30586_trackID1_opNum6.root
[COPY] event=30610, trackID=15, T0=-1.30576 -> /Volumes/ssd_zhang/thesis_michel/server_processing/t0_rootFiles/beam28806_new202602/wvf_applyCut_removeBeam/wvfFind_event30610_trackID15_opNum8.root
[COPY] event=30610, trackID=15, T0=-1.30576 -> /Volumes/ssd_zhang/thesis_michel/server_processing/t0_rootFiles/beam28806_new202602/wvf_applyCut_removeBeam/wvfFind_event30610_trackID15_opNum8_2.root
[COPY] event=30610, trackID=15, T0=-1.30576 -> /Volumes/ssd_zhang/thesis_michel/server_processing/t0_rootFiles/beam28806_new202602/wvf_applyCut_removeBeam/wvfFind_event30610_trackID15_opNum8_3.root
[COPY] event=3061, trackID=5, T0=-1.34226 -> /Volumes/ssd_zhang/thesis_michel/server_processing/t0_rootFiles/beam28806_new202602/wvf_applyCut_removeBeam/wvfFind_event3061_trackID5_opNum9.root
[COPY] event=30647, trackID=3, T0=-1.94906 -> /Volumes/ssd_zhang/thesis_michel/server_processing/t0_rootFiles/beam28806_new202602/wvf_applyCut_removeBeam/wvfFind_event30647_trackID3_opNum9.root
[COPY] event=30670, trackID=20, T0=-2.14525 -> /Volumes/ssd_zhang/thesis_michel/server_processing/t0_rootFiles/beam28806_new202602/wvf_applyCut_removeBeam/wvfFind_event30670_trackID20_opNum4.root
[COPY] event=30671, trackID=4, T0=0.0571999 -> /Volumes/ssd_zhang/thesis_michel/server_processing/t0_rootFiles/beam28806_new202602/wvf_applyCut_removeBeam/wvfFind_event30671_trackID4_opNum3.root
[COPY] event=30677, trackID=13, T0=-1.73105 -> /Volumes/ssd_zhang/thesis_michel/server_processing/t0_rootFiles/beam28806_new202602/wvf_applyCut_removeBeam/wvfFind_event30677_trackID13_opNum4.root
[COPY] event=30707, trackID=0, T0=-0.651417 -> /Volumes/ssd_zhang/thesis_michel/server_processing/t0_rootFiles/beam28806_new202602/wvf_applyCut_removeBeam/wvfFind_event30707_trackID0_opNum7.root
[COPY] event=30707, trackID=7, T0=-1.43367 -> /Volumes/ssd_zhang/thesis_michel/server_processing/t0_rootFiles/beam28806_new202602/wvf_applyCut_removeBeam/wvfFind_event30707_trackID7_opNum9_merged.root
[COPY] event=30710, trackID=17, T0=-2.10364 -> /Volumes/ssd_zhang/thesis_michel/server_processing/t0_rootFiles/beam28806_new202602/wvf_applyCut_removeBeam/wvfFind_event30710_trackID17_opNum3.root
[COPY] event=30725, trackID=5, T0=-1.48301 -> /Volumes/ssd_zhang/thesis_michel/server_processing/t0_rootFiles/beam28806_new202602/wvf_applyCut_removeBeam/wvfFind_event30725_trackID5_opNum3.root
[COPY] event=30725, trackID=5, T0=-1.48301 -> /Volumes/ssd_zhang/thesis_michel/server_processing/t0_rootFiles/beam28806_new202602/wvf_applyCut_removeBeam/wvfFind_event30725_trackID5_opNum3_2.root
[COPY] event=30810, trackID=0, T0=-0.778685 -> /Volumes/ssd_zhang/thesis_michel/server_processing/t0_rootFiles/beam28806_new202602/wvf_applyCut_removeBeam/wvfFind_event30810_trackID0_opNum4.root
[COPY] event=30815, trackID=15, T0=-1.29815 -> /Volumes/ssd_zhang/thesis_michel/server_processing/t0_rootFiles/beam28806_new202602/wvf_applyCut_removeBeam/wvfFind_event30815_trackID15_opNum6.root
[COPY] event=30891, trackID=2, T0=-1.44051 -> /Volumes/ssd_zhang/thesis_michel/server_processing/t0_rootFiles/beam28806_new202602/wvf_applyCut_removeBeam/wvfFind_event30891_trackID2_opNum9.root
[COPY] event=30892, trackID=5, T0=-1.49258 -> /Volumes/ssd_zhang/thesis_michel/server_processing/t0_rootFiles/beam28806_new202602/wvf_applyCut_removeBeam/wvfFind_event30892_trackID5_opNum4.root
[COPY] event=30892, trackID=5, T0=-1.49258 -> /Volumes/ssd_zhang/thesis_michel/server_processing/t0_rootFiles/beam28806_new202602/wvf_applyCut_removeBeam/wvfFind_event30892_trackID5_opNum4_2.root
[COPY] event=30909, trackID=31, T0=-1.95238 -> /Volumes/ssd_zhang/thesis_michel/server_processing/t0_rootFiles/beam28806_new202602/wvf_applyCut_removeBeam/wvfFind_event30909_trackID31_opNum8_merged.root
[COPY] event=30923, trackID=4, T0=-1.79205 -> /Volumes/ssd_zhang/thesis_michel/server_processing/t0_rootFiles/beam28806_new202602/wvf_applyCut_removeBeam/wvfFind_event30923_trackID4_opNum5_merged.root
[COPY] event=30934, trackID=1, T0=-1.50463 -> /Volumes/ssd_zhang/thesis_michel/server_processing/t0_rootFiles/beam28806_new202602/wvf_applyCut_removeBeam/wvfFind_event30934_trackID1_opNum5.root
[COPY] event=30939, trackID=7, T0=-1.14842 -> /Volumes/ssd_zhang/thesis_michel/server_processing/t0_rootFiles/beam28806_new202602/wvf_applyCut_removeBeam/wvfFind_event30939_trackID7_opNum5.root
[COPY] event=30939, trackID=7, T0=-1.14842 -> /Volumes/ssd_zhang/thesis_michel/server_processing/t0_rootFiles/beam28806_new202602/wvf_applyCut_removeBeam/wvfFind_event30939_trackID7_opNum5_2.root
[COPY] event=30964, trackID=0, T0=0.427279 -> /Volumes/ssd_zhang/thesis_michel/server_processing/t0_rootFiles/beam28806_new202602/wvf_applyCut_removeBeam/wvfFind_event30964_trackID0_opNum9.root
[COPY] event=30964, trackID=0, T0=0.427279 -> /Volumes/ssd_zhang/thesis_michel/server_processing/t0_rootFiles/beam28806_new202602/wvf_applyCut_removeBeam/wvfFind_event30964_trackID0_opNum9_2.root
[COPY] event=30979, trackID=6, T0=-1.90303 -> /Volumes/ssd_zhang/thesis_michel/server_processing/t0_rootFiles/beam28806_new202602/wvf_applyCut_removeBeam/wvfFind_event30979_trackID6_opNum4.root
[COPY] event=30979, trackID=6, T0=-1.90303 -> /Volumes/ssd_zhang/thesis_michel/server_processing/t0_rootFiles/beam28806_new202602/wvf_applyCut_removeBeam/wvfFind_event30979_trackID6_opNum4_2.root
[COPY] event=30983, trackID=2, T0=0.102134 -> /Volumes/ssd_zhang/thesis_michel/server_processing/t0_rootFiles/beam28806_new202602/wvf_applyCut_removeBeam/wvfFind_event30983_trackID2_opNum9.root
[COPY] event=30987, trackID=17, T0=-2.27332 -> /Volumes/ssd_zhang/thesis_michel/server_processing/t0_rootFiles/beam28806_new202602/wvf_applyCut_removeBeam/wvfFind_event30987_trackID17_opNum9.root
[COPY] event=30987, trackID=17, T0=-2.27332 -> /Volumes/ssd_zhang/thesis_michel/server_processing/t0_rootFiles/beam28806_new202602/wvf_applyCut_removeBeam/wvfFind_event30987_trackID17_opNum9_2.root
[COPY] event=30994, trackID=16, T0=-2.17609 -> /Volumes/ssd_zhang/thesis_michel/server_processing/t0_rootFiles/beam28806_new202602/wvf_applyCut_removeBeam/wvfFind_event30994_trackID16_opNum9.root
[COPY] event=30994, trackID=16, T0=-2.17609 -> /Volumes/ssd_zhang/thesis_michel/server_processing/t0_rootFiles/beam28806_new202602/wvf_applyCut_removeBeam/wvfFind_event30994_trackID16_opNum9_2.root
[COPY] event=30997, trackID=15, T0=-1.38015 -> /Volumes/ssd_zhang/thesis_michel/server_processing/t0_rootFiles/beam28806_new202602/wvf_applyCut_removeBeam/wvfFind_event30997_trackID15_opNum9.root
[COPY] event=309, trackID=0, T0=-0.842909 -> /Volumes/ssd_zhang/thesis_michel/server_processing/t0_rootFiles/beam28806_new202602/wvf_applyCut_removeBeam/wvfFind_event309_trackID0_opNum5.root
[COPY] event=309, trackID=5, T0=-0.770282 -> /Volumes/ssd_zhang/thesis_michel/server_processing/t0_rootFiles/beam28806_new202602/wvf_applyCut_removeBeam/wvfFind_event309_trackID5_opNum8_merged.root
[COPY] event=31007, trackID=7, T0=-1.72277 -> /Volumes/ssd_zhang/thesis_michel/server_processing/t0_rootFiles/beam28806_new202602/wvf_applyCut_removeBeam/wvfFind_event31007_trackID7_opNum4.root
[COPY] event=31007, trackID=7, T0=-1.72277 -> /Volumes/ssd_zhang/thesis_michel/server_processing/t0_rootFiles/beam28806_new202602/wvf_applyCut_removeBeam/wvfFind_event31007_trackID7_opNum4_2.root
[COPY] event=31008, trackID=3, T0=-2.07394 -> /Volumes/ssd_zhang/thesis_michel/server_processing/t0_rootFiles/beam28806_new202602/wvf_applyCut_removeBeam/wvfFind_event31008_trackID3_opNum4.root
[COPY] event=31015, trackID=16, T0=-1.85948 -> /Volumes/ssd_zhang/thesis_michel/server_processing/t0_rootFiles/beam28806_new202602/wvf_applyCut_removeBeam/wvfFind_event31015_trackID16_opNum5.root
[COPY] event=31073, trackID=17, T0=-1.92567 -> /Volumes/ssd_zhang/thesis_michel/server_processing/t0_rootFiles/beam28806_new202602/wvf_applyCut_removeBeam/wvfFind_event31073_trackID17_opNum4_merged.root
[COPY] event=31074, trackID=9, T0=-0.739283 -> /Volumes/ssd_zhang/thesis_michel/server_processing/t0_rootFiles/beam28806_new202602/wvf_applyCut_removeBeam/wvfFind_event31074_trackID9_opNum3.root
[COPY] event=31076, trackID=6, T0=-2.25431 -> /Volumes/ssd_zhang/thesis_michel/server_processing/t0_rootFiles/beam28806_new202602/wvf_applyCut_removeBeam/wvfFind_event31076_trackID6_opNum5.root
[COPY] event=31076, trackID=6, T0=-2.25431 -> /Volumes/ssd_zhang/thesis_michel/server_processing/t0_rootFiles/beam28806_new202602/wvf_applyCut_removeBeam/wvfFind_event31076_trackID6_opNum5_2.root
[COPY] event=31090, trackID=5, T0=-0.621071 -> /Volumes/ssd_zhang/thesis_michel/server_processing/t0_rootFiles/beam28806_new202602/wvf_applyCut_removeBeam/wvfFind_event31090_trackID5_opNum7_merged.root
[COPY] event=31091, trackID=1, T0=-1.08467 -> /Volumes/ssd_zhang/thesis_michel/server_processing/t0_rootFiles/beam28806_new202602/wvf_applyCut_removeBeam/wvfFind_event31091_trackID1_opNum8_merged.root
[COPY] event=31093, trackID=7, T0=0.117044 -> /Volumes/ssd_zhang/thesis_michel/server_processing/t0_rootFiles/beam28806_new202602/wvf_applyCut_removeBeam/wvfFind_event31093_trackID7_opNum4.root
[COPY] event=31096, trackID=9, T0=-0.986492 -> /Volumes/ssd_zhang/thesis_michel/server_processing/t0_rootFiles/beam28806_new202602/wvf_applyCut_removeBeam/wvfFind_event31096_trackID9_opNum4.root
[COPY] event=31103, trackID=36, T0=-2.38801 -> /Volumes/ssd_zhang/thesis_michel/server_processing/t0_rootFiles/beam28806_new202602/wvf_applyCut_removeBeam/wvfFind_event31103_trackID36_opNum8.root
[SKIP] (in range) event=31109, trackID=0, T0=-0.076213
[SKIP] (in range) event=3110, trackID=2, T0=-0.0576301
[COPY] event=31118, trackID=14, T0=-1.71378 -> /Volumes/ssd_zhang/thesis_michel/server_processing/t0_rootFiles/beam28806_new202602/wvf_applyCut_removeBeam/wvfFind_event31118_trackID14_opNum7.root
[COPY] event=31127, trackID=10, T0=-0.355342 -> /Volumes/ssd_zhang/thesis_michel/server_processing/t0_rootFiles/beam28806_new202602/wvf_applyCut_removeBeam/wvfFind_event31127_trackID10_opNum5.root
[COPY] event=31134, trackID=34, T0=-2.46884 -> /Volumes/ssd_zhang/thesis_michel/server_processing/t0_rootFiles/beam28806_new202602/wvf_applyCut_removeBeam/wvfFind_event31134_trackID34_opNum5.root
[COPY] event=3113, trackID=12, T0=-0.564524 -> /Volumes/ssd_zhang/thesis_michel/server_processing/t0_rootFiles/beam28806_new202602/wvf_applyCut_removeBeam/wvfFind_event3113_trackID12_opNum8.root
[COPY] event=31165, trackID=2, T0=-0.911295 -> /Volumes/ssd_zhang/thesis_michel/server_processing/t0_rootFiles/beam28806_new202602/wvf_applyCut_removeBeam/wvfFind_event31165_trackID2_opNum4.root
[COPY] event=31175, trackID=11, T0=-2.37374 -> /Volumes/ssd_zhang/thesis_michel/server_processing/t0_rootFiles/beam28806_new202602/wvf_applyCut_removeBeam/wvfFind_event31175_trackID11_opNum9.root
[COPY] event=31177, trackID=5, T0=0.0867296 -> /Volumes/ssd_zhang/thesis_michel/server_processing/t0_rootFiles/beam28806_new202602/wvf_applyCut_removeBeam/wvfFind_event31177_trackID5_opNum9.root
[COPY] event=31178, trackID=8, T0=-0.901699 -> /Volumes/ssd_zhang/thesis_michel/server_processing/t0_rootFiles/beam28806_new202602/wvf_applyCut_removeBeam/wvfFind_event31178_trackID8_opNum6.root
[COPY] event=31197, trackID=7, T0=-0.596229 -> /Volumes/ssd_zhang/thesis_michel/server_processing/t0_rootFiles/beam28806_new202602/wvf_applyCut_removeBeam/wvfFind_event31197_trackID7_opNum5.root
[COPY] event=31231, trackID=11, T0=0.379503 -> /Volumes/ssd_zhang/thesis_michel/server_processing/t0_rootFiles/beam28806_new202602/wvf_applyCut_removeBeam/wvfFind_event31231_trackID11_opNum7_merged.root
[COPY] event=31243, trackID=3, T0=0.27682 -> /Volumes/ssd_zhang/thesis_michel/server_processing/t0_rootFiles/beam28806_new202602/wvf_applyCut_removeBeam/wvfFind_event31243_trackID3_opNum9.root
[COPY] event=31258, trackID=9, T0=0.222775 -> /Volumes/ssd_zhang/thesis_michel/server_processing/t0_rootFiles/beam28806_new202602/wvf_applyCut_removeBeam/wvfFind_event31258_trackID9_opNum8.root
[COPY] event=31260, trackID=13, T0=-1.35994 -> /Volumes/ssd_zhang/thesis_michel/server_processing/t0_rootFiles/beam28806_new202602/wvf_applyCut_removeBeam/wvfFind_event31260_trackID13_opNum9.root
[COPY] event=3126, trackID=8, T0=-0.357499 -> /Volumes/ssd_zhang/thesis_michel/server_processing/t0_rootFiles/beam28806_new202602/wvf_applyCut_removeBeam/wvfFind_event3126_trackID8_opNum8_merged.root
[COPY] event=31283, trackID=10, T0=0.228385 -> /Volumes/ssd_zhang/thesis_michel/server_processing/t0_rootFiles/beam28806_new202602/wvf_applyCut_removeBeam/wvfFind_event31283_trackID10_opNum6.root
[SKIP] (in range) event=31285, trackID=1, T0=-0.0378719
[COPY] event=31286, trackID=4, T0=-1.10765 -> /Volumes/ssd_zhang/thesis_michel/server_processing/t0_rootFiles/beam28806_new202602/wvf_applyCut_removeBeam/wvfFind_event31286_trackID4_opNum9.root
[COPY] event=31287, trackID=8, T0=0.364782 -> /Volumes/ssd_zhang/thesis_michel/server_processing/t0_rootFiles/beam28806_new202602/wvf_applyCut_removeBeam/wvfFind_event31287_trackID8_opNum8.root
[COPY] event=31295, trackID=20, T0=-2.03187 -> /Volumes/ssd_zhang/thesis_michel/server_processing/t0_rootFiles/beam28806_new202602/wvf_applyCut_removeBeam/wvfFind_event31295_trackID20_opNum6.root
[COPY] event=31310, trackID=1, T0=-1.2496 -> /Volumes/ssd_zhang/thesis_michel/server_processing/t0_rootFiles/beam28806_new202602/wvf_applyCut_removeBeam/wvfFind_event31310_trackID1_opNum9.root
[COPY] event=31310, trackID=8, T0=-1.51592 -> /Volumes/ssd_zhang/thesis_michel/server_processing/t0_rootFiles/beam28806_new202602/wvf_applyCut_removeBeam/wvfFind_event31310_trackID8_opNum4.root
[COPY] event=31321, trackID=6, T0=-0.751998 -> /Volumes/ssd_zhang/thesis_michel/server_processing/t0_rootFiles/beam28806_new202602/wvf_applyCut_removeBeam/wvfFind_event31321_trackID6_opNum8.root
[COPY] event=31327, trackID=0, T0=-0.886489 -> /Volumes/ssd_zhang/thesis_michel/server_processing/t0_rootFiles/beam28806_new202602/wvf_applyCut_removeBeam/wvfFind_event31327_trackID0_opNum8.root
[COPY] event=31327, trackID=0, T0=-0.886489 -> /Volumes/ssd_zhang/thesis_michel/server_processing/t0_rootFiles/beam28806_new202602/wvf_applyCut_removeBeam/wvfFind_event31327_trackID0_opNum8_2.root
[COPY] event=31335, trackID=14, T0=-2.18985 -> /Volumes/ssd_zhang/thesis_michel/server_processing/t0_rootFiles/beam28806_new202602/wvf_applyCut_removeBeam/wvfFind_event31335_trackID14_opNum9.root
[COPY] event=31357, trackID=5, T0=-1.18794 -> /Volumes/ssd_zhang/thesis_michel/server_processing/t0_rootFiles/beam28806_new202602/wvf_applyCut_removeBeam/wvfFind_event31357_trackID5_opNum5.root
[COPY] event=31371, trackID=0, T0=0.44802 -> /Volumes/ssd_zhang/thesis_michel/server_processing/t0_rootFiles/beam28806_new202602/wvf_applyCut_removeBeam/wvfFind_event31371_trackID0_opNum5.root
[COPY] event=31371, trackID=0, T0=0.44802 -> /Volumes/ssd_zhang/thesis_michel/server_processing/t0_rootFiles/beam28806_new202602/wvf_applyCut_removeBeam/wvfFind_event31371_trackID0_opNum5_2.root
[COPY] event=31373, trackID=6, T0=-0.964634 -> /Volumes/ssd_zhang/thesis_michel/server_processing/t0_rootFiles/beam28806_new202602/wvf_applyCut_removeBeam/wvfFind_event31373_trackID6_opNum4.root
[COPY] event=31395, trackID=19, T0=-0.576754 -> /Volumes/ssd_zhang/thesis_michel/server_processing/t0_rootFiles/beam28806_new202602/wvf_applyCut_removeBeam/wvfFind_event31395_trackID19_opNum9.root
[COPY] event=31404, trackID=13, T0=-0.556804 -> /Volumes/ssd_zhang/thesis_michel/server_processing/t0_rootFiles/beam28806_new202602/wvf_applyCut_removeBeam/wvfFind_event31404_trackID13_opNum5_merged.root
[COPY] event=31411, trackID=4, T0=-0.441449 -> /Volumes/ssd_zhang/thesis_michel/server_processing/t0_rootFiles/beam28806_new202602/wvf_applyCut_removeBeam/wvfFind_event31411_trackID4_opNum9.root
[COPY] event=31417, trackID=15, T0=-1.85103 -> /Volumes/ssd_zhang/thesis_michel/server_processing/t0_rootFiles/beam28806_new202602/wvf_applyCut_removeBeam/wvfFind_event31417_trackID15_opNum9.root
[COPY] event=31419, trackID=6, T0=-1.42967 -> /Volumes/ssd_zhang/thesis_michel/server_processing/t0_rootFiles/beam28806_new202602/wvf_applyCut_removeBeam/wvfFind_event31419_trackID6_opNum5_merged.root
[COPY] event=31438, trackID=3, T0=-1.47682 -> /Volumes/ssd_zhang/thesis_michel/server_processing/t0_rootFiles/beam28806_new202602/wvf_applyCut_removeBeam/wvfFind_event31438_trackID3_opNum3.root
[COPY] event=31438, trackID=8, T0=-1.83915 -> /Volumes/ssd_zhang/thesis_michel/server_processing/t0_rootFiles/beam28806_new202602/wvf_applyCut_removeBeam/wvfFind_event31438_trackID8_opNum4_merged.root
[COPY] event=31453, trackID=11, T0=-1.70266 -> /Volumes/ssd_zhang/thesis_michel/server_processing/t0_rootFiles/beam28806_new202602/wvf_applyCut_removeBeam/wvfFind_event31453_trackID11_opNum7.root
[COPY] event=3146, trackID=1, T0=0.12614 -> /Volumes/ssd_zhang/thesis_michel/server_processing/t0_rootFiles/beam28806_new202602/wvf_applyCut_removeBeam/wvfFind_event3146_trackID1_opNum6_merged.root
[COPY] event=31482, trackID=0, T0=0.308165 -> /Volumes/ssd_zhang/thesis_michel/server_processing/t0_rootFiles/beam28806_new202602/wvf_applyCut_removeBeam/wvfFind_event31482_trackID0_opNum4.root
[COPY] event=31485, trackID=7, T0=-1.38403 -> /Volumes/ssd_zhang/thesis_michel/server_processing/t0_rootFiles/beam28806_new202602/wvf_applyCut_removeBeam/wvfFind_event31485_trackID7_opNum3.root
[COPY] event=31603, trackID=17, T0=-1.41762 -> /Volumes/ssd_zhang/thesis_michel/server_processing/t0_rootFiles/beam28806_new202602/wvf_applyCut_removeBeam/wvfFind_event31603_trackID17_opNum5.root
[COPY] event=31603, trackID=17, T0=-1.41762 -> /Volumes/ssd_zhang/thesis_michel/server_processing/t0_rootFiles/beam28806_new202602/wvf_applyCut_removeBeam/wvfFind_event31603_trackID17_opNum5_2.root
[COPY] event=31615, trackID=3, T0=-0.428563 -> /Volumes/ssd_zhang/thesis_michel/server_processing/t0_rootFiles/beam28806_new202602/wvf_applyCut_removeBeam/wvfFind_event31615_trackID3_opNum4_merged.root
[COPY] event=31626, trackID=26, T0=-2.39591 -> /Volumes/ssd_zhang/thesis_michel/server_processing/t0_rootFiles/beam28806_new202602/wvf_applyCut_removeBeam/wvfFind_event31626_trackID26_opNum5.root
[COPY] event=31636, trackID=0, T0=0.00170239 -> /Volumes/ssd_zhang/thesis_michel/server_processing/t0_rootFiles/beam28806_new202602/wvf_applyCut_removeBeam/wvfFind_event31636_trackID0_opNum5.root
[COPY] event=31636, trackID=0, T0=0.00170239 -> /Volumes/ssd_zhang/thesis_michel/server_processing/t0_rootFiles/beam28806_new202602/wvf_applyCut_removeBeam/wvfFind_event31636_trackID0_opNum5_2.root
[COPY] event=31639, trackID=13, T0=-0.695361 -> /Volumes/ssd_zhang/thesis_michel/server_processing/t0_rootFiles/beam28806_new202602/wvf_applyCut_removeBeam/wvfFind_event31639_trackID13_opNum9.root
[COPY] event=31640, trackID=7, T0=-1.26584 -> /Volumes/ssd_zhang/thesis_michel/server_processing/t0_rootFiles/beam28806_new202602/wvf_applyCut_removeBeam/wvfFind_event31640_trackID7_opNum9.root
[COPY] event=31670, trackID=8, T0=-1.29307 -> /Volumes/ssd_zhang/thesis_michel/server_processing/t0_rootFiles/beam28806_new202602/wvf_applyCut_removeBeam/wvfFind_event31670_trackID8_opNum3.root
[COPY] event=31670, trackID=8, T0=-1.29307 -> /Volumes/ssd_zhang/thesis_michel/server_processing/t0_rootFiles/beam28806_new202602/wvf_applyCut_removeBeam/wvfFind_event31670_trackID8_opNum3_2.root
[COPY] event=31695, trackID=8, T0=0.461793 -> /Volumes/ssd_zhang/thesis_michel/server_processing/t0_rootFiles/beam28806_new202602/wvf_applyCut_removeBeam/wvfFind_event31695_trackID8_opNum8.root
[COPY] event=31698, trackID=29, T0=-2.38871 -> /Volumes/ssd_zhang/thesis_michel/server_processing/t0_rootFiles/beam28806_new202602/wvf_applyCut_removeBeam/wvfFind_event31698_trackID29_opNum3.root
[COPY] event=316, trackID=21, T0=-1.7251 -> /Volumes/ssd_zhang/thesis_michel/server_processing/t0_rootFiles/beam28806_new202602/wvf_applyCut_removeBeam/wvfFind_event316_trackID21_opNum9.root
[COPY] event=31707, trackID=0, T0=0.349634 -> /Volumes/ssd_zhang/thesis_michel/server_processing/t0_rootFiles/beam28806_new202602/wvf_applyCut_removeBeam/wvfFind_event31707_trackID0_opNum4.root
[COPY] event=3171, trackID=3, T0=-0.448169 -> /Volumes/ssd_zhang/thesis_michel/server_processing/t0_rootFiles/beam28806_new202602/wvf_applyCut_removeBeam/wvfFind_event3171_trackID3_opNum3.root
[COPY] event=3171, trackID=3, T0=-0.448169 -> /Volumes/ssd_zhang/thesis_michel/server_processing/t0_rootFiles/beam28806_new202602/wvf_applyCut_removeBeam/wvfFind_event3171_trackID3_opNum3_2.root
[COPY] event=31723, trackID=3, T0=0.220165 -> /Volumes/ssd_zhang/thesis_michel/server_processing/t0_rootFiles/beam28806_new202602/wvf_applyCut_removeBeam/wvfFind_event31723_trackID3_opNum5.root
[COPY] event=31723, trackID=3, T0=0.220165 -> /Volumes/ssd_zhang/thesis_michel/server_processing/t0_rootFiles/beam28806_new202602/wvf_applyCut_removeBeam/wvfFind_event31723_trackID3_opNum5_2.root
[COPY] event=31731, trackID=10, T0=-1.57784 -> /Volumes/ssd_zhang/thesis_michel/server_processing/t0_rootFiles/beam28806_new202602/wvf_applyCut_removeBeam/wvfFind_event31731_trackID10_opNum9.root
[COPY] event=31773, trackID=11, T0=-1.95618 -> /Volumes/ssd_zhang/thesis_michel/server_processing/t0_rootFiles/beam28806_new202602/wvf_applyCut_removeBeam/wvfFind_event31773_trackID11_opNum7.root
[COPY] event=31799, trackID=5, T0=-1.45771 -> /Volumes/ssd_zhang/thesis_michel/server_processing/t0_rootFiles/beam28806_new202602/wvf_applyCut_removeBeam/wvfFind_event31799_trackID5_opNum8.root
[COPY] event=31819, trackID=26, T0=-2.42987 -> /Volumes/ssd_zhang/thesis_michel/server_processing/t0_rootFiles/beam28806_new202602/wvf_applyCut_removeBeam/wvfFind_event31819_trackID26_opNum7.root
[COPY] event=31820, trackID=5, T0=-1.21636 -> /Volumes/ssd_zhang/thesis_michel/server_processing/t0_rootFiles/beam28806_new202602/wvf_applyCut_removeBeam/wvfFind_event31820_trackID5_opNum4.root
[COPY] event=31835, trackID=6, T0=-0.224204 -> /Volumes/ssd_zhang/thesis_michel/server_processing/t0_rootFiles/beam28806_new202602/wvf_applyCut_removeBeam/wvfFind_event31835_trackID6_opNum5.root
[COPY] event=31869, trackID=21, T0=-1.43913 -> /Volumes/ssd_zhang/thesis_michel/server_processing/t0_rootFiles/beam28806_new202602/wvf_applyCut_removeBeam/wvfFind_event31869_trackID21_opNum6.root
[COPY] event=3187, trackID=12, T0=-2.09683 -> /Volumes/ssd_zhang/thesis_michel/server_processing/t0_rootFiles/beam28806_new202602/wvf_applyCut_removeBeam/wvfFind_event3187_trackID12_opNum3_merged.root
[COPY] event=31881, trackID=15, T0=-1.75972 -> /Volumes/ssd_zhang/thesis_michel/server_processing/t0_rootFiles/beam28806_new202602/wvf_applyCut_removeBeam/wvfFind_event31881_trackID15_opNum8_merged.root
[COPY] event=31894, trackID=9, T0=0.236044 -> /Volumes/ssd_zhang/thesis_michel/server_processing/t0_rootFiles/beam28806_new202602/wvf_applyCut_removeBeam/wvfFind_event31894_trackID9_opNum3.root
[COPY] event=31894, trackID=9, T0=0.236044 -> /Volumes/ssd_zhang/thesis_michel/server_processing/t0_rootFiles/beam28806_new202602/wvf_applyCut_removeBeam/wvfFind_event31894_trackID9_opNum3_2.root
[COPY] event=31907, trackID=27, T0=-0.456476 -> /Volumes/ssd_zhang/thesis_michel/server_processing/t0_rootFiles/beam28806_new202602/wvf_applyCut_removeBeam/wvfFind_event31907_trackID27_opNum4.root
[COPY] event=31907, trackID=9, T0=-0.816406 -> /Volumes/ssd_zhang/thesis_michel/server_processing/t0_rootFiles/beam28806_new202602/wvf_applyCut_removeBeam/wvfFind_event31907_trackID9_opNum4.root
[COPY] event=31936, trackID=10, T0=0.335422 -> /Volumes/ssd_zhang/thesis_michel/server_processing/t0_rootFiles/beam28806_new202602/wvf_applyCut_removeBeam/wvfFind_event31936_trackID10_opNum4.root
[COPY] event=31961, trackID=13, T0=-1.86175 -> /Volumes/ssd_zhang/thesis_michel/server_processing/t0_rootFiles/beam28806_new202602/wvf_applyCut_removeBeam/wvfFind_event31961_trackID13_opNum8.root
[COPY] event=31964, trackID=13, T0=-2.27418 -> /Volumes/ssd_zhang/thesis_michel/server_processing/t0_rootFiles/beam28806_new202602/wvf_applyCut_removeBeam/wvfFind_event31964_trackID13_opNum9.root
[COPY] event=31968, trackID=9, T0=-1.39575 -> /Volumes/ssd_zhang/thesis_michel/server_processing/t0_rootFiles/beam28806_new202602/wvf_applyCut_removeBeam/wvfFind_event31968_trackID9_opNum5.root
[COPY] event=31972, trackID=10, T0=-1.75898 -> /Volumes/ssd_zhang/thesis_michel/server_processing/t0_rootFiles/beam28806_new202602/wvf_applyCut_removeBeam/wvfFind_event31972_trackID10_opNum9.root
[COPY] event=31972, trackID=4, T0=-0.915767 -> /Volumes/ssd_zhang/thesis_michel/server_processing/t0_rootFiles/beam28806_new202602/wvf_applyCut_removeBeam/wvfFind_event31972_trackID4_opNum8.root
[COPY] event=3197, trackID=5, T0=-1.8355 -> /Volumes/ssd_zhang/thesis_michel/server_processing/t0_rootFiles/beam28806_new202602/wvf_applyCut_removeBeam/wvfFind_event3197_trackID5_opNum3.root
[COPY] event=31995, trackID=36, T0=-2.44452 -> /Volumes/ssd_zhang/thesis_michel/server_processing/t0_rootFiles/beam28806_new202602/wvf_applyCut_removeBeam/wvfFind_event31995_trackID36_opNum8.root
[COPY] event=32034, trackID=8, T0=-1.94447 -> /Volumes/ssd_zhang/thesis_michel/server_processing/t0_rootFiles/beam28806_new202602/wvf_applyCut_removeBeam/wvfFind_event32034_trackID8_opNum4.root
[COPY] event=32035, trackID=12, T0=-0.917565 -> /Volumes/ssd_zhang/thesis_michel/server_processing/t0_rootFiles/beam28806_new202602/wvf_applyCut_removeBeam/wvfFind_event32035_trackID12_opNum5.root
[COPY] event=32035, trackID=12, T0=-0.917565 -> /Volumes/ssd_zhang/thesis_michel/server_processing/t0_rootFiles/beam28806_new202602/wvf_applyCut_removeBeam/wvfFind_event32035_trackID12_opNum5_2.root
[COPY] event=32035, trackID=23, T0=-0.362303 -> /Volumes/ssd_zhang/thesis_michel/server_processing/t0_rootFiles/beam28806_new202602/wvf_applyCut_removeBeam/wvfFind_event32035_trackID23_opNum9.root
[COPY] event=32044, trackID=13, T0=0.0103449 -> /Volumes/ssd_zhang/thesis_michel/server_processing/t0_rootFiles/beam28806_new202602/wvf_applyCut_removeBeam/wvfFind_event32044_trackID13_opNum9.root
[COPY] event=32044, trackID=13, T0=0.0103449 -> /Volumes/ssd_zhang/thesis_michel/server_processing/t0_rootFiles/beam28806_new202602/wvf_applyCut_removeBeam/wvfFind_event32044_trackID13_opNum9_2.root
[COPY] event=32060, trackID=7, T0=-1.25802 -> /Volumes/ssd_zhang/thesis_michel/server_processing/t0_rootFiles/beam28806_new202602/wvf_applyCut_removeBeam/wvfFind_event32060_trackID7_opNum8.root
[COPY] event=32075, trackID=0, T0=-0.285563 -> /Volumes/ssd_zhang/thesis_michel/server_processing/t0_rootFiles/beam28806_new202602/wvf_applyCut_removeBeam/wvfFind_event32075_trackID0_opNum5.root
[COPY] event=32110, trackID=14, T0=-0.348726 -> /Volumes/ssd_zhang/thesis_michel/server_processing/t0_rootFiles/beam28806_new202602/wvf_applyCut_removeBeam/wvfFind_event32110_trackID14_opNum9.root
[COPY] event=32117, trackID=30, T0=-0.766291 -> /Volumes/ssd_zhang/thesis_michel/server_processing/t0_rootFiles/beam28806_new202602/wvf_applyCut_removeBeam/wvfFind_event32117_trackID30_opNum9.root
[COPY] event=32163, trackID=10, T0=0.0467073 -> /Volumes/ssd_zhang/thesis_michel/server_processing/t0_rootFiles/beam28806_new202602/wvf_applyCut_removeBeam/wvfFind_event32163_trackID10_opNum8.root
[COPY] event=32163, trackID=10, T0=0.0467073 -> /Volumes/ssd_zhang/thesis_michel/server_processing/t0_rootFiles/beam28806_new202602/wvf_applyCut_removeBeam/wvfFind_event32163_trackID10_opNum8_2.root
[COPY] event=32170, trackID=16, T0=-0.00785252 -> /Volumes/ssd_zhang/thesis_michel/server_processing/t0_rootFiles/beam28806_new202602/wvf_applyCut_removeBeam/wvfFind_event32170_trackID16_opNum6.root
[COPY] event=32170, trackID=16, T0=-0.00785252 -> /Volumes/ssd_zhang/thesis_michel/server_processing/t0_rootFiles/beam28806_new202602/wvf_applyCut_removeBeam/wvfFind_event32170_trackID16_opNum6_2.root
[COPY] event=32175, trackID=1, T0=0.736547 -> /Volumes/ssd_zhang/thesis_michel/server_processing/t0_rootFiles/beam28806_new202602/wvf_applyCut_removeBeam/wvfFind_event32175_trackID1_opNum9_merged.root
[COPY] event=32176, trackID=22, T0=-2.40624 -> /Volumes/ssd_zhang/thesis_michel/server_processing/t0_rootFiles/beam28806_new202602/wvf_applyCut_removeBeam/wvfFind_event32176_trackID22_opNum5.root
[COPY] event=32179, trackID=19, T0=-0.449252 -> /Volumes/ssd_zhang/thesis_michel/server_processing/t0_rootFiles/beam28806_new202602/wvf_applyCut_removeBeam/wvfFind_event32179_trackID19_opNum9.root
[COPY] event=32179, trackID=6, T0=-0.356522 -> /Volumes/ssd_zhang/thesis_michel/server_processing/t0_rootFiles/beam28806_new202602/wvf_applyCut_removeBeam/wvfFind_event32179_trackID6_opNum8_merged.root
[COPY] event=32185, trackID=6, T0=-2.23856 -> /Volumes/ssd_zhang/thesis_michel/server_processing/t0_rootFiles/beam28806_new202602/wvf_applyCut_removeBeam/wvfFind_event32185_trackID6_opNum3.root
[COPY] event=32211, trackID=14, T0=1.59823 -> /Volumes/ssd_zhang/thesis_michel/server_processing/t0_rootFiles/beam28806_new202602/wvf_applyCut_removeBeam/wvfFind_event32211_trackID14_opNum8.root
[COPY] event=32221, trackID=10, T0=0.0370598 -> /Volumes/ssd_zhang/thesis_michel/server_processing/t0_rootFiles/beam28806_new202602/wvf_applyCut_removeBeam/wvfFind_event32221_trackID10_opNum3.root
[COPY] event=32222, trackID=6, T0=0.368629 -> /Volumes/ssd_zhang/thesis_michel/server_processing/t0_rootFiles/beam28806_new202602/wvf_applyCut_removeBeam/wvfFind_event32222_trackID6_opNum5.root
[COPY] event=32243, trackID=0, T0=0.391881 -> /Volumes/ssd_zhang/thesis_michel/server_processing/t0_rootFiles/beam28806_new202602/wvf_applyCut_removeBeam/wvfFind_event32243_trackID0_opNum4.root
[COPY] event=32243, trackID=10, T0=-0.587472 -> /Volumes/ssd_zhang/thesis_michel/server_processing/t0_rootFiles/beam28806_new202602/wvf_applyCut_removeBeam/wvfFind_event32243_trackID10_opNum6.root
[COPY] event=32243, trackID=22, T0=-0.563742 -> /Volumes/ssd_zhang/thesis_michel/server_processing/t0_rootFiles/beam28806_new202602/wvf_applyCut_removeBeam/wvfFind_event32243_trackID22_opNum9_merged.root
[COPY] event=32244, trackID=28, T0=-0.167591 -> /Volumes/ssd_zhang/thesis_michel/server_processing/t0_rootFiles/beam28806_new202602/wvf_applyCut_removeBeam/wvfFind_event32244_trackID28_opNum9.root
[COPY] event=32245, trackID=5, T0=-1.9596 -> /Volumes/ssd_zhang/thesis_michel/server_processing/t0_rootFiles/beam28806_new202602/wvf_applyCut_removeBeam/wvfFind_event32245_trackID5_opNum5.root
[COPY] event=32290, trackID=10, T0=-1.60985 -> /Volumes/ssd_zhang/thesis_michel/server_processing/t0_rootFiles/beam28806_new202602/wvf_applyCut_removeBeam/wvfFind_event32290_trackID10_opNum9.root
[COPY] event=32297, trackID=4, T0=-1.80755 -> /Volumes/ssd_zhang/thesis_michel/server_processing/t0_rootFiles/beam28806_new202602/wvf_applyCut_removeBeam/wvfFind_event32297_trackID4_opNum7_merged.root
[COPY] event=322, trackID=13, T0=-2.06559 -> /Volumes/ssd_zhang/thesis_michel/server_processing/t0_rootFiles/beam28806_new202602/wvf_applyCut_removeBeam/wvfFind_event322_trackID13_opNum6.root
[SKIP] (in range) event=32300, trackID=0, T0=-0.0376273
[COPY] event=32310, trackID=10, T0=0.300613 -> /Volumes/ssd_zhang/thesis_michel/server_processing/t0_rootFiles/beam28806_new202602/wvf_applyCut_removeBeam/wvfFind_event32310_trackID10_opNum9.root
[COPY] event=32331, trackID=5, T0=0.0814602 -> /Volumes/ssd_zhang/thesis_michel/server_processing/t0_rootFiles/beam28806_new202602/wvf_applyCut_removeBeam/wvfFind_event32331_trackID5_opNum9_merged.root
[COPY] event=32355, trackID=24, T0=0.243197 -> /Volumes/ssd_zhang/thesis_michel/server_processing/t0_rootFiles/beam28806_new202602/wvf_applyCut_removeBeam/wvfFind_event32355_trackID24_opNum3_merged.root
[COPY] event=32361, trackID=11, T0=-2.1417 -> /Volumes/ssd_zhang/thesis_michel/server_processing/t0_rootFiles/beam28806_new202602/wvf_applyCut_removeBeam/wvfFind_event32361_trackID11_opNum9.root
[COPY] event=32361, trackID=11, T0=-2.1417 -> /Volumes/ssd_zhang/thesis_michel/server_processing/t0_rootFiles/beam28806_new202602/wvf_applyCut_removeBeam/wvfFind_event32361_trackID11_opNum9_2.root
[COPY] event=32368, trackID=9, T0=0.460591 -> /Volumes/ssd_zhang/thesis_michel/server_processing/t0_rootFiles/beam28806_new202602/wvf_applyCut_removeBeam/wvfFind_event32368_trackID9_opNum7_merged.root
[COPY] event=32391, trackID=11, T0=-1.06273 -> /Volumes/ssd_zhang/thesis_michel/server_processing/t0_rootFiles/beam28806_new202602/wvf_applyCut_removeBeam/wvfFind_event32391_trackID11_opNum4_merged.root
[COPY] event=32396, trackID=12, T0=0.328328 -> /Volumes/ssd_zhang/thesis_michel/server_processing/t0_rootFiles/beam28806_new202602/wvf_applyCut_removeBeam/wvfFind_event32396_trackID12_opNum5.root
[COPY] event=32406, trackID=14, T0=-1.46959 -> /Volumes/ssd_zhang/thesis_michel/server_processing/t0_rootFiles/beam28806_new202602/wvf_applyCut_removeBeam/wvfFind_event32406_trackID14_opNum5.root
[COPY] event=32421, trackID=29, T0=0.106378 -> /Volumes/ssd_zhang/thesis_michel/server_processing/t0_rootFiles/beam28806_new202602/wvf_applyCut_removeBeam/wvfFind_event32421_trackID29_opNum9.root
[COPY] event=32425, trackID=1, T0=-0.783336 -> /Volumes/ssd_zhang/thesis_michel/server_processing/t0_rootFiles/beam28806_new202602/wvf_applyCut_removeBeam/wvfFind_event32425_trackID1_opNum3.root
[COPY] event=32425, trackID=1, T0=-0.783336 -> /Volumes/ssd_zhang/thesis_michel/server_processing/t0_rootFiles/beam28806_new202602/wvf_applyCut_removeBeam/wvfFind_event32425_trackID1_opNum3_2.root
[COPY] event=3243, trackID=4, T0=-0.444882 -> /Volumes/ssd_zhang/thesis_michel/server_processing/t0_rootFiles/beam28806_new202602/wvf_applyCut_removeBeam/wvfFind_event3243_trackID4_opNum9.root
[COPY] event=32448, trackID=12, T0=-1.91946 -> /Volumes/ssd_zhang/thesis_michel/server_processing/t0_rootFiles/beam28806_new202602/wvf_applyCut_removeBeam/wvfFind_event32448_trackID12_opNum8_merged.root
[COPY] event=32476, trackID=10, T0=0.0241773 -> /Volumes/ssd_zhang/thesis_michel/server_processing/t0_rootFiles/beam28806_new202602/wvf_applyCut_removeBeam/wvfFind_event32476_trackID10_opNum8.root
[COPY] event=32476, trackID=16, T0=-1.12001 -> /Volumes/ssd_zhang/thesis_michel/server_processing/t0_rootFiles/beam28806_new202602/wvf_applyCut_removeBeam/wvfFind_event32476_trackID16_opNum9.root
[COPY] event=32476, trackID=16, T0=-1.12001 -> /Volumes/ssd_zhang/thesis_michel/server_processing/t0_rootFiles/beam28806_new202602/wvf_applyCut_removeBeam/wvfFind_event32476_trackID16_opNum9_2.root
[COPY] event=32477, trackID=4, T0=-1.77615 -> /Volumes/ssd_zhang/thesis_michel/server_processing/t0_rootFiles/beam28806_new202602/wvf_applyCut_removeBeam/wvfFind_event32477_trackID4_opNum3.root
[COPY] event=32479, trackID=7, T0=-1.09054 -> /Volumes/ssd_zhang/thesis_michel/server_processing/t0_rootFiles/beam28806_new202602/wvf_applyCut_removeBeam/wvfFind_event32479_trackID7_opNum5.root
[SKIP] (in range) event=32481, trackID=10, T0=-0.0745058
[COPY] event=32539, trackID=13, T0=2.02008 -> /Volumes/ssd_zhang/thesis_michel/server_processing/t0_rootFiles/beam28806_new202602/wvf_applyCut_removeBeam/wvfFind_event32539_trackID13_opNum4.root
[COPY] event=32555, trackID=4, T0=0.324217 -> /Volumes/ssd_zhang/thesis_michel/server_processing/t0_rootFiles/beam28806_new202602/wvf_applyCut_removeBeam/wvfFind_event32555_trackID4_opNum6_merged.root
[COPY] event=32577, trackID=6, T0=0.723619 -> /Volumes/ssd_zhang/thesis_michel/server_processing/t0_rootFiles/beam28806_new202602/wvf_applyCut_removeBeam/wvfFind_event32577_trackID6_opNum9.root
[COPY] event=32596, trackID=14, T0=2.22778 -> /Volumes/ssd_zhang/thesis_michel/server_processing/t0_rootFiles/beam28806_new202602/wvf_applyCut_removeBeam/wvfFind_event32596_trackID14_opNum5_merged.root
[COPY] event=32598, trackID=2, T0=0.420677 -> /Volumes/ssd_zhang/thesis_michel/server_processing/t0_rootFiles/beam28806_new202602/wvf_applyCut_removeBeam/wvfFind_event32598_trackID2_opNum8.root
[COPY] event=32601, trackID=16, T0=-0.0227695 -> /Volumes/ssd_zhang/thesis_michel/server_processing/t0_rootFiles/beam28806_new202602/wvf_applyCut_removeBeam/wvfFind_event32601_trackID16_opNum9.root
[COPY] event=32629, trackID=1, T0=0.458826 -> /Volumes/ssd_zhang/thesis_michel/server_processing/t0_rootFiles/beam28806_new202602/wvf_applyCut_removeBeam/wvfFind_event32629_trackID1_opNum5.root
[COPY] event=32670, trackID=32, T0=0.262409 -> /Volumes/ssd_zhang/thesis_michel/server_processing/t0_rootFiles/beam28806_new202602/wvf_applyCut_removeBeam/wvfFind_event32670_trackID32_opNum3.root
[COPY] event=32685, trackID=16, T0=-0.149853 -> /Volumes/ssd_zhang/thesis_michel/server_processing/t0_rootFiles/beam28806_new202602/wvf_applyCut_removeBeam/wvfFind_event32685_trackID16_opNum9.root
[COPY] event=326, trackID=4, T0=-0.00229009 -> /Volumes/ssd_zhang/thesis_michel/server_processing/t0_rootFiles/beam28806_new202602/wvf_applyCut_removeBeam/wvfFind_event326_trackID4_opNum4.root
[COPY] event=32703, trackID=1, T0=-1.07201 -> /Volumes/ssd_zhang/thesis_michel/server_processing/t0_rootFiles/beam28806_new202602/wvf_applyCut_removeBeam/wvfFind_event32703_trackID1_opNum9.root
[COPY] event=32708, trackID=8, T0=-0.36828 -> /Volumes/ssd_zhang/thesis_michel/server_processing/t0_rootFiles/beam28806_new202602/wvf_applyCut_removeBeam/wvfFind_event32708_trackID8_opNum3.root
[COPY] event=32709, trackID=9, T0=-1.74625 -> /Volumes/ssd_zhang/thesis_michel/server_processing/t0_rootFiles/beam28806_new202602/wvf_applyCut_removeBeam/wvfFind_event32709_trackID9_opNum3.root
[COPY] event=3273, trackID=24, T0=-2.29474 -> /Volumes/ssd_zhang/thesis_michel/server_processing/t0_rootFiles/beam28806_new202602/wvf_applyCut_removeBeam/wvfFind_event3273_trackID24_opNum4.root
[COPY] event=32760, trackID=12, T0=-2.24511 -> /Volumes/ssd_zhang/thesis_michel/server_processing/t0_rootFiles/beam28806_new202602/wvf_applyCut_removeBeam/wvfFind_event32760_trackID12_opNum9.root
[COPY] event=3276, trackID=3, T0=-0.337781 -> /Volumes/ssd_zhang/thesis_michel/server_processing/t0_rootFiles/beam28806_new202602/wvf_applyCut_removeBeam/wvfFind_event3276_trackID3_opNum8.root
[COPY] event=3276, trackID=3, T0=-0.337781 -> /Volumes/ssd_zhang/thesis_michel/server_processing/t0_rootFiles/beam28806_new202602/wvf_applyCut_removeBeam/wvfFind_event3276_trackID3_opNum8_2.root
[COPY] event=3276, trackID=8, T0=0.104965 -> /Volumes/ssd_zhang/thesis_michel/server_processing/t0_rootFiles/beam28806_new202602/wvf_applyCut_removeBeam/wvfFind_event3276_trackID8_opNum8.root
[COPY] event=32806, trackID=29, T0=0.73911 -> /Volumes/ssd_zhang/thesis_michel/server_processing/t0_rootFiles/beam28806_new202602/wvf_applyCut_removeBeam/wvfFind_event32806_trackID29_opNum9.root
[COPY] event=32817, trackID=5, T0=0.388342 -> /Volumes/ssd_zhang/thesis_michel/server_processing/t0_rootFiles/beam28806_new202602/wvf_applyCut_removeBeam/wvfFind_event32817_trackID5_opNum3.root
[COPY] event=32819, trackID=0, T0=0.416449 -> /Volumes/ssd_zhang/thesis_michel/server_processing/t0_rootFiles/beam28806_new202602/wvf_applyCut_removeBeam/wvfFind_event32819_trackID0_opNum3.root
[COPY] event=32819, trackID=0, T0=0.416449 -> /Volumes/ssd_zhang/thesis_michel/server_processing/t0_rootFiles/beam28806_new202602/wvf_applyCut_removeBeam/wvfFind_event32819_trackID0_opNum3_2.root
[COPY] event=32829, trackID=0, T0=-0.944765 -> /Volumes/ssd_zhang/thesis_michel/server_processing/t0_rootFiles/beam28806_new202602/wvf_applyCut_removeBeam/wvfFind_event32829_trackID0_opNum5.root
[COPY] event=32865, trackID=17, T0=-1.08004 -> /Volumes/ssd_zhang/thesis_michel/server_processing/t0_rootFiles/beam28806_new202602/wvf_applyCut_removeBeam/wvfFind_event32865_trackID17_opNum8.root
[COPY] event=32866, trackID=3, T0=-0.52134 -> /Volumes/ssd_zhang/thesis_michel/server_processing/t0_rootFiles/beam28806_new202602/wvf_applyCut_removeBeam/wvfFind_event32866_trackID3_opNum4_merged.root
[COPY] event=32875, trackID=11, T0=-2.27456 -> /Volumes/ssd_zhang/thesis_michel/server_processing/t0_rootFiles/beam28806_new202602/wvf_applyCut_removeBeam/wvfFind_event32875_trackID11_opNum9.root
[COPY] event=32876, trackID=12, T0=-1.60589 -> /Volumes/ssd_zhang/thesis_michel/server_processing/t0_rootFiles/beam28806_new202602/wvf_applyCut_removeBeam/wvfFind_event32876_trackID12_opNum8.root
[COPY] event=32886, trackID=13, T0=0.456787 -> /Volumes/ssd_zhang/thesis_michel/server_processing/t0_rootFiles/beam28806_new202602/wvf_applyCut_removeBeam/wvfFind_event32886_trackID13_opNum9.root
[COPY] event=32893, trackID=9, T0=-1.02961 -> /Volumes/ssd_zhang/thesis_michel/server_processing/t0_rootFiles/beam28806_new202602/wvf_applyCut_removeBeam/wvfFind_event32893_trackID9_opNum8_merged.root
[COPY] event=32923, trackID=21, T0=-2.27607 -> /Volumes/ssd_zhang/thesis_michel/server_processing/t0_rootFiles/beam28806_new202602/wvf_applyCut_removeBeam/wvfFind_event32923_trackID21_opNum9_merged.root
[COPY] event=32923, trackID=9, T0=-1.20257 -> /Volumes/ssd_zhang/thesis_michel/server_processing/t0_rootFiles/beam28806_new202602/wvf_applyCut_removeBeam/wvfFind_event32923_trackID9_opNum9.root
[COPY] event=32975, trackID=26, T0=-2.40028 -> /Volumes/ssd_zhang/thesis_michel/server_processing/t0_rootFiles/beam28806_new202602/wvf_applyCut_removeBeam/wvfFind_event32975_trackID26_opNum7.root
[COPY] event=32985, trackID=13, T0=-0.661082 -> /Volumes/ssd_zhang/thesis_michel/server_processing/t0_rootFiles/beam28806_new202602/wvf_applyCut_removeBeam/wvfFind_event32985_trackID13_opNum9.root
[COPY] event=33009, trackID=13, T0=-1.29778 -> /Volumes/ssd_zhang/thesis_michel/server_processing/t0_rootFiles/beam28806_new202602/wvf_applyCut_removeBeam/wvfFind_event33009_trackID13_opNum4.root
[COPY] event=33021, trackID=8, T0=-0.304964 -> /Volumes/ssd_zhang/thesis_michel/server_processing/t0_rootFiles/beam28806_new202602/wvf_applyCut_removeBeam/wvfFind_event33021_trackID8_opNum9.root
[COPY] event=33034, trackID=13, T0=0.0490136 -> /Volumes/ssd_zhang/thesis_michel/server_processing/t0_rootFiles/beam28806_new202602/wvf_applyCut_removeBeam/wvfFind_event33034_trackID13_opNum9.root
[COPY] event=33042, trackID=16, T0=-1.41888 -> /Volumes/ssd_zhang/thesis_michel/server_processing/t0_rootFiles/beam28806_new202602/wvf_applyCut_removeBeam/wvfFind_event33042_trackID16_opNum9.root
[COPY] event=33042, trackID=4, T0=0.208032 -> /Volumes/ssd_zhang/thesis_michel/server_processing/t0_rootFiles/beam28806_new202602/wvf_applyCut_removeBeam/wvfFind_event33042_trackID4_opNum9.root
[COPY] event=33048, trackID=31, T0=-0.460088 -> /Volumes/ssd_zhang/thesis_michel/server_processing/t0_rootFiles/beam28806_new202602/wvf_applyCut_removeBeam/wvfFind_event33048_trackID31_opNum3_merged.root
[COPY] event=33068, trackID=7, T0=-1.21329 -> /Volumes/ssd_zhang/thesis_michel/server_processing/t0_rootFiles/beam28806_new202602/wvf_applyCut_removeBeam/wvfFind_event33068_trackID7_opNum5.root
[COPY] event=33073, trackID=4, T0=-0.474374 -> /Volumes/ssd_zhang/thesis_michel/server_processing/t0_rootFiles/beam28806_new202602/wvf_applyCut_removeBeam/wvfFind_event33073_trackID4_opNum5.root
[COPY] event=33080, trackID=12, T0=-1.33203 -> /Volumes/ssd_zhang/thesis_michel/server_processing/t0_rootFiles/beam28806_new202602/wvf_applyCut_removeBeam/wvfFind_event33080_trackID12_opNum9.root
[COPY] event=33091, trackID=21, T0=-2.32059 -> /Volumes/ssd_zhang/thesis_michel/server_processing/t0_rootFiles/beam28806_new202602/wvf_applyCut_removeBeam/wvfFind_event33091_trackID21_opNum9.root
[COPY] event=3309, trackID=9, T0=0.410838 -> /Volumes/ssd_zhang/thesis_michel/server_processing/t0_rootFiles/beam28806_new202602/wvf_applyCut_removeBeam/wvfFind_event3309_trackID9_opNum3_merged.root
[COPY] event=33100, trackID=18, T0=0.433639 -> /Volumes/ssd_zhang/thesis_michel/server_processing/t0_rootFiles/beam28806_new202602/wvf_applyCut_removeBeam/wvfFind_event33100_trackID18_opNum8.root
[COPY] event=33102, trackID=14, T0=-1.21575 -> /Volumes/ssd_zhang/thesis_michel/server_processing/t0_rootFiles/beam28806_new202602/wvf_applyCut_removeBeam/wvfFind_event33102_trackID14_opNum9.root
[COPY] event=33115, trackID=15, T0=-0.136627 -> /Volumes/ssd_zhang/thesis_michel/server_processing/t0_rootFiles/beam28806_new202602/wvf_applyCut_removeBeam/wvfFind_event33115_trackID15_opNum9.root
[COPY] event=33115, trackID=15, T0=-0.136627 -> /Volumes/ssd_zhang/thesis_michel/server_processing/t0_rootFiles/beam28806_new202602/wvf_applyCut_removeBeam/wvfFind_event33115_trackID15_opNum9_2.root
[COPY] event=33142, trackID=11, T0=-0.425706 -> /Volumes/ssd_zhang/thesis_michel/server_processing/t0_rootFiles/beam28806_new202602/wvf_applyCut_removeBeam/wvfFind_event33142_trackID11_opNum9.root
[COPY] event=33150, trackID=19, T0=-1.96233 -> /Volumes/ssd_zhang/thesis_michel/server_processing/t0_rootFiles/beam28806_new202602/wvf_applyCut_removeBeam/wvfFind_event33150_trackID19_opNum9.root
[COPY] event=33165, trackID=23, T0=-2.14035 -> /Volumes/ssd_zhang/thesis_michel/server_processing/t0_rootFiles/beam28806_new202602/wvf_applyCut_removeBeam/wvfFind_event33165_trackID23_opNum9.root
[COPY] event=3316, trackID=16, T0=-2.33628 -> /Volumes/ssd_zhang/thesis_michel/server_processing/t0_rootFiles/beam28806_new202602/wvf_applyCut_removeBeam/wvfFind_event3316_trackID16_opNum4_merged.root
[COPY] event=33176, trackID=1, T0=-0.661361 -> /Volumes/ssd_zhang/thesis_michel/server_processing/t0_rootFiles/beam28806_new202602/wvf_applyCut_removeBeam/wvfFind_event33176_trackID1_opNum5.root
[COPY] event=33202, trackID=19, T0=-2.14319 -> /Volumes/ssd_zhang/thesis_michel/server_processing/t0_rootFiles/beam28806_new202602/wvf_applyCut_removeBeam/wvfFind_event33202_trackID19_opNum5.root
[COPY] event=33206, trackID=18, T0=1.76754 -> /Volumes/ssd_zhang/thesis_michel/server_processing/t0_rootFiles/beam28806_new202602/wvf_applyCut_removeBeam/wvfFind_event33206_trackID18_opNum9.root
[COPY] event=33206, trackID=5, T0=-0.798522 -> /Volumes/ssd_zhang/thesis_michel/server_processing/t0_rootFiles/beam28806_new202602/wvf_applyCut_removeBeam/wvfFind_event33206_trackID5_opNum9.root
[COPY] event=3320, trackID=17, T0=-2.0986 -> /Volumes/ssd_zhang/thesis_michel/server_processing/t0_rootFiles/beam28806_new202602/wvf_applyCut_removeBeam/wvfFind_event3320_trackID17_opNum9.root
[COPY] event=33213, trackID=0, T0=-1.45615 -> /Volumes/ssd_zhang/thesis_michel/server_processing/t0_rootFiles/beam28806_new202602/wvf_applyCut_removeBeam/wvfFind_event33213_trackID0_opNum3.root
[COPY] event=33271, trackID=16, T0=-1.66387 -> /Volumes/ssd_zhang/thesis_michel/server_processing/t0_rootFiles/beam28806_new202602/wvf_applyCut_removeBeam/wvfFind_event33271_trackID16_opNum8.root
[COPY] event=33280, trackID=3, T0=-1.32114 -> /Volumes/ssd_zhang/thesis_michel/server_processing/t0_rootFiles/beam28806_new202602/wvf_applyCut_removeBeam/wvfFind_event33280_trackID3_opNum9.root
[COPY] event=33311, trackID=8, T0=0.470456 -> /Volumes/ssd_zhang/thesis_michel/server_processing/t0_rootFiles/beam28806_new202602/wvf_applyCut_removeBeam/wvfFind_event33311_trackID8_opNum8.root
[COPY] event=33328, trackID=8, T0=-0.738716 -> /Volumes/ssd_zhang/thesis_michel/server_processing/t0_rootFiles/beam28806_new202602/wvf_applyCut_removeBeam/wvfFind_event33328_trackID8_opNum5.root
[COPY] event=33347, trackID=2, T0=-0.893935 -> /Volumes/ssd_zhang/thesis_michel/server_processing/t0_rootFiles/beam28806_new202602/wvf_applyCut_removeBeam/wvfFind_event33347_trackID2_opNum4.root
[COPY] event=33360, trackID=26, T0=-1.09319 -> /Volumes/ssd_zhang/thesis_michel/server_processing/t0_rootFiles/beam28806_new202602/wvf_applyCut_removeBeam/wvfFind_event33360_trackID26_opNum8_merged.root
[COPY] event=33366, trackID=13, T0=-1.1199 -> /Volumes/ssd_zhang/thesis_michel/server_processing/t0_rootFiles/beam28806_new202602/wvf_applyCut_removeBeam/wvfFind_event33366_trackID13_opNum7.root
[COPY] event=33369, trackID=3, T0=0.170988 -> /Volumes/ssd_zhang/thesis_michel/server_processing/t0_rootFiles/beam28806_new202602/wvf_applyCut_removeBeam/wvfFind_event33369_trackID3_opNum5.root
[COPY] event=33369, trackID=5, T0=-0.527134 -> /Volumes/ssd_zhang/thesis_michel/server_processing/t0_rootFiles/beam28806_new202602/wvf_applyCut_removeBeam/wvfFind_event33369_trackID5_opNum4.root
[COPY] event=33375, trackID=6, T0=-0.00908906 -> /Volumes/ssd_zhang/thesis_michel/server_processing/t0_rootFiles/beam28806_new202602/wvf_applyCut_removeBeam/wvfFind_event33375_trackID6_opNum5.root
[COPY] event=3337, trackID=25, T0=-2.28124 -> /Volumes/ssd_zhang/thesis_michel/server_processing/t0_rootFiles/beam28806_new202602/wvf_applyCut_removeBeam/wvfFind_event3337_trackID25_opNum8.root
[COPY] event=33383, trackID=24, T0=0.132258 -> /Volumes/ssd_zhang/thesis_michel/server_processing/t0_rootFiles/beam28806_new202602/wvf_applyCut_removeBeam/wvfFind_event33383_trackID24_opNum5.root
[COPY] event=33386, trackID=10, T0=0.41566 -> /Volumes/ssd_zhang/thesis_michel/server_processing/t0_rootFiles/beam28806_new202602/wvf_applyCut_removeBeam/wvfFind_event33386_trackID10_opNum5.root
[COPY] event=33409, trackID=2, T0=-0.998701 -> /Volumes/ssd_zhang/thesis_michel/server_processing/t0_rootFiles/beam28806_new202602/wvf_applyCut_removeBeam/wvfFind_event33409_trackID2_opNum5.root
[COPY] event=33414, trackID=11, T0=-1.7829 -> /Volumes/ssd_zhang/thesis_michel/server_processing/t0_rootFiles/beam28806_new202602/wvf_applyCut_removeBeam/wvfFind_event33414_trackID11_opNum8.root
[COPY] event=33414, trackID=11, T0=-1.7829 -> /Volumes/ssd_zhang/thesis_michel/server_processing/t0_rootFiles/beam28806_new202602/wvf_applyCut_removeBeam/wvfFind_event33414_trackID11_opNum8_2.root
[COPY] event=33419, trackID=6, T0=-0.122872 -> /Volumes/ssd_zhang/thesis_michel/server_processing/t0_rootFiles/beam28806_new202602/wvf_applyCut_removeBeam/wvfFind_event33419_trackID6_opNum5.root
[COPY] event=33419, trackID=6, T0=-0.122872 -> /Volumes/ssd_zhang/thesis_michel/server_processing/t0_rootFiles/beam28806_new202602/wvf_applyCut_removeBeam/wvfFind_event33419_trackID6_opNum5_2.root
[COPY] event=33425, trackID=10, T0=-1.04699 -> /Volumes/ssd_zhang/thesis_michel/server_processing/t0_rootFiles/beam28806_new202602/wvf_applyCut_removeBeam/wvfFind_event33425_trackID10_opNum5.root
[COPY] event=33437, trackID=5, T0=-0.601146 -> /Volumes/ssd_zhang/thesis_michel/server_processing/t0_rootFiles/beam28806_new202602/wvf_applyCut_removeBeam/wvfFind_event33437_trackID5_opNum8.root
[COPY] event=33457, trackID=5, T0=0.433177 -> /Volumes/ssd_zhang/thesis_michel/server_processing/t0_rootFiles/beam28806_new202602/wvf_applyCut_removeBeam/wvfFind_event33457_trackID5_opNum4_merged.root
[COPY] event=33470, trackID=3, T0=-1.8192 -> /Volumes/ssd_zhang/thesis_michel/server_processing/t0_rootFiles/beam28806_new202602/wvf_applyCut_removeBeam/wvfFind_event33470_trackID3_opNum5.root
[COPY] event=33470, trackID=3, T0=-1.8192 -> /Volumes/ssd_zhang/thesis_michel/server_processing/t0_rootFiles/beam28806_new202602/wvf_applyCut_removeBeam/wvfFind_event33470_trackID3_opNum5_2.root
[COPY] event=33471, trackID=10, T0=-0.21809 -> /Volumes/ssd_zhang/thesis_michel/server_processing/t0_rootFiles/beam28806_new202602/wvf_applyCut_removeBeam/wvfFind_event33471_trackID10_opNum5.root
[COPY] event=33473, trackID=9, T0=-1.90652 -> /Volumes/ssd_zhang/thesis_michel/server_processing/t0_rootFiles/beam28806_new202602/wvf_applyCut_removeBeam/wvfFind_event33473_trackID9_opNum5.root
[COPY] event=3349, trackID=2, T0=-0.965824 -> /Volumes/ssd_zhang/thesis_michel/server_processing/t0_rootFiles/beam28806_new202602/wvf_applyCut_removeBeam/wvfFind_event3349_trackID2_opNum7.root
[COPY] event=33525, trackID=2, T0=-0.379806 -> /Volumes/ssd_zhang/thesis_michel/server_processing/t0_rootFiles/beam28806_new202602/wvf_applyCut_removeBeam/wvfFind_event33525_trackID2_opNum4.root
[COPY] event=33527, trackID=24, T0=-1.75684 -> /Volumes/ssd_zhang/thesis_michel/server_processing/t0_rootFiles/beam28806_new202602/wvf_applyCut_removeBeam/wvfFind_event33527_trackID24_opNum6_merged.root
[COPY] event=33528, trackID=28, T0=-2.05883 -> /Volumes/ssd_zhang/thesis_michel/server_processing/t0_rootFiles/beam28806_new202602/wvf_applyCut_removeBeam/wvfFind_event33528_trackID28_opNum8.root
[COPY] event=33534, trackID=13, T0=-1.33144 -> /Volumes/ssd_zhang/thesis_michel/server_processing/t0_rootFiles/beam28806_new202602/wvf_applyCut_removeBeam/wvfFind_event33534_trackID13_opNum9.root
[SKIP] (in range) event=3358, trackID=4, T0=-0.032552
[COPY] event=33594, trackID=8, T0=-0.582309 -> /Volumes/ssd_zhang/thesis_michel/server_processing/t0_rootFiles/beam28806_new202602/wvf_applyCut_removeBeam/wvfFind_event33594_trackID8_opNum8.root
[COPY] event=33611, trackID=20, T0=-0.295576 -> /Volumes/ssd_zhang/thesis_michel/server_processing/t0_rootFiles/beam28806_new202602/wvf_applyCut_removeBeam/wvfFind_event33611_trackID20_opNum4.root
[COPY] event=33638, trackID=5, T0=-1.62443 -> /Volumes/ssd_zhang/thesis_michel/server_processing/t0_rootFiles/beam28806_new202602/wvf_applyCut_removeBeam/wvfFind_event33638_trackID5_opNum9.root
[COPY] event=33638, trackID=7, T0=0.29287 -> /Volumes/ssd_zhang/thesis_michel/server_processing/t0_rootFiles/beam28806_new202602/wvf_applyCut_removeBeam/wvfFind_event33638_trackID7_opNum7.root
[COPY] event=33657, trackID=5, T0=-0.766148 -> /Volumes/ssd_zhang/thesis_michel/server_processing/t0_rootFiles/beam28806_new202602/wvf_applyCut_removeBeam/wvfFind_event33657_trackID5_opNum9.root
[COPY] event=33673, trackID=28, T0=0.0960732 -> /Volumes/ssd_zhang/thesis_michel/server_processing/t0_rootFiles/beam28806_new202602/wvf_applyCut_removeBeam/wvfFind_event33673_trackID28_opNum9.root
[SKIP] (in range) event=33674, trackID=18, T0=-0.0494037
[COPY] event=33678, trackID=0, T0=0.221473 -> /Volumes/ssd_zhang/thesis_michel/server_processing/t0_rootFiles/beam28806_new202602/wvf_applyCut_removeBeam/wvfFind_event33678_trackID0_opNum9.root
[COPY] event=33692, trackID=9, T0=-1.53302 -> /Volumes/ssd_zhang/thesis_michel/server_processing/t0_rootFiles/beam28806_new202602/wvf_applyCut_removeBeam/wvfFind_event33692_trackID9_opNum8_2.root
[COPY] event=33692, trackID=9, T0=-1.53302 -> /Volumes/ssd_zhang/thesis_michel/server_processing/t0_rootFiles/beam28806_new202602/wvf_applyCut_removeBeam/wvfFind_event33692_trackID9_opNum9_merged.root
[COPY] event=3369, trackID=20, T0=-0.319 -> /Volumes/ssd_zhang/thesis_michel/server_processing/t0_rootFiles/beam28806_new202602/wvf_applyCut_removeBeam/wvfFind_event3369_trackID20_opNum5_merged.root
[COPY] event=33733, trackID=4, T0=-1.82957 -> /Volumes/ssd_zhang/thesis_michel/server_processing/t0_rootFiles/beam28806_new202602/wvf_applyCut_removeBeam/wvfFind_event33733_trackID4_opNum3_merged.root
[COPY] event=33737, trackID=6, T0=-1.38465 -> /Volumes/ssd_zhang/thesis_michel/server_processing/t0_rootFiles/beam28806_new202602/wvf_applyCut_removeBeam/wvfFind_event33737_trackID6_opNum3.root
[COPY] event=33771, trackID=13, T0=-0.283533 -> /Volumes/ssd_zhang/thesis_michel/server_processing/t0_rootFiles/beam28806_new202602/wvf_applyCut_removeBeam/wvfFind_event33771_trackID13_opNum6.root
[COPY] event=33775, trackID=11, T0=-1.40481 -> /Volumes/ssd_zhang/thesis_michel/server_processing/t0_rootFiles/beam28806_new202602/wvf_applyCut_removeBeam/wvfFind_event33775_trackID11_opNum8.root
[COPY] event=3378, trackID=12, T0=-1.59446 -> /Volumes/ssd_zhang/thesis_michel/server_processing/t0_rootFiles/beam28806_new202602/wvf_applyCut_removeBeam/wvfFind_event3378_trackID12_opNum7_merged.root
[SKIP] (in range) event=33791, trackID=12, T0=-0.0566183
[COPY] event=3379, trackID=2, T0=-1.56413 -> /Volumes/ssd_zhang/thesis_michel/server_processing/t0_rootFiles/beam28806_new202602/wvf_applyCut_removeBeam/wvfFind_event3379_trackID2_opNum4.root
[COPY] event=33819, trackID=3, T0=-0.361033 -> /Volumes/ssd_zhang/thesis_michel/server_processing/t0_rootFiles/beam28806_new202602/wvf_applyCut_removeBeam/wvfFind_event33819_trackID3_opNum3.root
[COPY] event=3381, trackID=4, T0=-0.603879 -> /Volumes/ssd_zhang/thesis_michel/server_processing/t0_rootFiles/beam28806_new202602/wvf_applyCut_removeBeam/wvfFind_event3381_trackID4_opNum5_merged.root
[COPY] event=33831, trackID=9, T0=-0.331107 -> /Volumes/ssd_zhang/thesis_michel/server_processing/t0_rootFiles/beam28806_new202602/wvf_applyCut_removeBeam/wvfFind_event33831_trackID9_opNum9.root
[COPY] event=33853, trackID=6, T0=-0.616339 -> /Volumes/ssd_zhang/thesis_michel/server_processing/t0_rootFiles/beam28806_new202602/wvf_applyCut_removeBeam/wvfFind_event33853_trackID6_opNum3.root
[COPY] event=33863, trackID=9, T0=-1.95812 -> /Volumes/ssd_zhang/thesis_michel/server_processing/t0_rootFiles/beam28806_new202602/wvf_applyCut_removeBeam/wvfFind_event33863_trackID9_opNum9.root
[COPY] event=33865, trackID=1, T0=-0.629856 -> /Volumes/ssd_zhang/thesis_michel/server_processing/t0_rootFiles/beam28806_new202602/wvf_applyCut_removeBeam/wvfFind_event33865_trackID1_opNum4.root
[COPY] event=33871, trackID=0, T0=0.239361 -> /Volumes/ssd_zhang/thesis_michel/server_processing/t0_rootFiles/beam28806_new202602/wvf_applyCut_removeBeam/wvfFind_event33871_trackID0_opNum5.root
[COPY] event=33873, trackID=19, T0=-2.14952 -> /Volumes/ssd_zhang/thesis_michel/server_processing/t0_rootFiles/beam28806_new202602/wvf_applyCut_removeBeam/wvfFind_event33873_trackID19_opNum4.root
[COPY] event=33873, trackID=19, T0=-2.14952 -> /Volumes/ssd_zhang/thesis_michel/server_processing/t0_rootFiles/beam28806_new202602/wvf_applyCut_removeBeam/wvfFind_event33873_trackID19_opNum4_2.root
[COPY] event=33873, trackID=6, T0=-1.4962 -> /Volumes/ssd_zhang/thesis_michel/server_processing/t0_rootFiles/beam28806_new202602/wvf_applyCut_removeBeam/wvfFind_event33873_trackID6_opNum4.root
[COPY] event=33873, trackID=6, T0=-1.4962 -> /Volumes/ssd_zhang/thesis_michel/server_processing/t0_rootFiles/beam28806_new202602/wvf_applyCut_removeBeam/wvfFind_event33873_trackID6_opNum4_2.root
[COPY] event=33886, trackID=19, T0=-0.139995 -> /Volumes/ssd_zhang/thesis_michel/server_processing/t0_rootFiles/beam28806_new202602/wvf_applyCut_removeBeam/wvfFind_event33886_trackID19_opNum9.root
[COPY] event=33916, trackID=2, T0=-1.86365 -> /Volumes/ssd_zhang/thesis_michel/server_processing/t0_rootFiles/beam28806_new202602/wvf_applyCut_removeBeam/wvfFind_event33916_trackID2_opNum4.root
[COPY] event=33956, trackID=11, T0=-1.0781 -> /Volumes/ssd_zhang/thesis_michel/server_processing/t0_rootFiles/beam28806_new202602/wvf_applyCut_removeBeam/wvfFind_event33956_trackID11_opNum8.root
[SKIP] (in range) event=33961, trackID=6, T0=-0.0917034
[COPY] event=33981, trackID=8, T0=-1.57604 -> /Volumes/ssd_zhang/thesis_michel/server_processing/t0_rootFiles/beam28806_new202602/wvf_applyCut_removeBeam/wvfFind_event33981_trackID8_opNum9.root
[COPY] event=33993, trackID=1, T0=-0.321106 -> /Volumes/ssd_zhang/thesis_michel/server_processing/t0_rootFiles/beam28806_new202602/wvf_applyCut_removeBeam/wvfFind_event33993_trackID1_opNum3.root
[COPY] event=339, trackID=0, T0=0.266075 -> /Volumes/ssd_zhang/thesis_michel/server_processing/t0_rootFiles/beam28806_new202602/wvf_applyCut_removeBeam/wvfFind_event339_trackID0_opNum4.root
[COPY] event=34003, trackID=10, T0=-1.85187 -> /Volumes/ssd_zhang/thesis_michel/server_processing/t0_rootFiles/beam28806_new202602/wvf_applyCut_removeBeam/wvfFind_event34003_trackID10_opNum3_2.root
[COPY] event=34003, trackID=10, T0=-1.85187 -> /Volumes/ssd_zhang/thesis_michel/server_processing/t0_rootFiles/beam28806_new202602/wvf_applyCut_removeBeam/wvfFind_event34003_trackID10_opNum6_merged.root
[COPY] event=34003, trackID=9, T0=-0.800253 -> /Volumes/ssd_zhang/thesis_michel/server_processing/t0_rootFiles/beam28806_new202602/wvf_applyCut_removeBeam/wvfFind_event34003_trackID9_opNum5.root
[COPY] event=34007, trackID=19, T0=-0.689042 -> /Volumes/ssd_zhang/thesis_michel/server_processing/t0_rootFiles/beam28806_new202602/wvf_applyCut_removeBeam/wvfFind_event34007_trackID19_opNum5.root
[COPY] event=34008, trackID=1, T0=0.398385 -> /Volumes/ssd_zhang/thesis_michel/server_processing/t0_rootFiles/beam28806_new202602/wvf_applyCut_removeBeam/wvfFind_event34008_trackID1_opNum8_merged.root
[COPY] event=34013, trackID=4, T0=-1.43166 -> /Volumes/ssd_zhang/thesis_michel/server_processing/t0_rootFiles/beam28806_new202602/wvf_applyCut_removeBeam/wvfFind_event34013_trackID4_opNum4.root
[COPY] event=34013, trackID=4, T0=-1.43166 -> /Volumes/ssd_zhang/thesis_michel/server_processing/t0_rootFiles/beam28806_new202602/wvf_applyCut_removeBeam/wvfFind_event34013_trackID4_opNum4_2.root
[COPY] event=34020, trackID=5, T0=-1.26248 -> /Volumes/ssd_zhang/thesis_michel/server_processing/t0_rootFiles/beam28806_new202602/wvf_applyCut_removeBeam/wvfFind_event34020_trackID5_opNum9_merged.root
[COPY] event=34036, trackID=15, T0=-0.513039 -> /Volumes/ssd_zhang/thesis_michel/server_processing/t0_rootFiles/beam28806_new202602/wvf_applyCut_removeBeam/wvfFind_event34036_trackID15_opNum6.root
[COPY] event=34036, trackID=15, T0=-0.513039 -> /Volumes/ssd_zhang/thesis_michel/server_processing/t0_rootFiles/beam28806_new202602/wvf_applyCut_removeBeam/wvfFind_event34036_trackID15_opNum6_2.root
[COPY] event=34041, trackID=3, T0=-1.00096 -> /Volumes/ssd_zhang/thesis_michel/server_processing/t0_rootFiles/beam28806_new202602/wvf_applyCut_removeBeam/wvfFind_event34041_trackID3_opNum9.root
[COPY] event=34046, trackID=14, T0=0.335412 -> /Volumes/ssd_zhang/thesis_michel/server_processing/t0_rootFiles/beam28806_new202602/wvf_applyCut_removeBeam/wvfFind_event34046_trackID14_opNum3_2.root
[COPY] event=34046, trackID=14, T0=0.335412 -> /Volumes/ssd_zhang/thesis_michel/server_processing/t0_rootFiles/beam28806_new202602/wvf_applyCut_removeBeam/wvfFind_event34046_trackID14_opNum4_merged.root
[COPY] event=34048, trackID=0, T0=-0.822088 -> /Volumes/ssd_zhang/thesis_michel/server_processing/t0_rootFiles/beam28806_new202602/wvf_applyCut_removeBeam/wvfFind_event34048_trackID0_opNum3.root
[COPY] event=34051, trackID=17, T0=-0.598414 -> /Volumes/ssd_zhang/thesis_michel/server_processing/t0_rootFiles/beam28806_new202602/wvf_applyCut_removeBeam/wvfFind_event34051_trackID17_opNum8.root
[COPY] event=34072, trackID=4, T0=-0.419057 -> /Volumes/ssd_zhang/thesis_michel/server_processing/t0_rootFiles/beam28806_new202602/wvf_applyCut_removeBeam/wvfFind_event34072_trackID4_opNum7.root
[COPY] event=34080, trackID=0, T0=-0.721846 -> /Volumes/ssd_zhang/thesis_michel/server_processing/t0_rootFiles/beam28806_new202602/wvf_applyCut_removeBeam/wvfFind_event34080_trackID0_opNum7_merged.root
[COPY] event=340, trackID=11, T0=0.447981 -> /Volumes/ssd_zhang/thesis_michel/server_processing/t0_rootFiles/beam28806_new202602/wvf_applyCut_removeBeam/wvfFind_event340_trackID11_opNum6.root
[COPY] event=34121, trackID=11, T0=0.341805 -> /Volumes/ssd_zhang/thesis_michel/server_processing/t0_rootFiles/beam28806_new202602/wvf_applyCut_removeBeam/wvfFind_event34121_trackID11_opNum5.root
[COPY] event=34121, trackID=11, T0=0.341805 -> /Volumes/ssd_zhang/thesis_michel/server_processing/t0_rootFiles/beam28806_new202602/wvf_applyCut_removeBeam/wvfFind_event34121_trackID11_opNum5_2.root
[COPY] event=34128, trackID=3, T0=-0.40705 -> /Volumes/ssd_zhang/thesis_michel/server_processing/t0_rootFiles/beam28806_new202602/wvf_applyCut_removeBeam/wvfFind_event34128_trackID3_opNum8.root
[COPY] event=34128, trackID=3, T0=-0.40705 -> /Volumes/ssd_zhang/thesis_michel/server_processing/t0_rootFiles/beam28806_new202602/wvf_applyCut_removeBeam/wvfFind_event34128_trackID3_opNum8_2.root
[COPY] event=34144, trackID=5, T0=0.295325 -> /Volumes/ssd_zhang/thesis_michel/server_processing/t0_rootFiles/beam28806_new202602/wvf_applyCut_removeBeam/wvfFind_event34144_trackID5_opNum5.root
[COPY] event=34162, trackID=10, T0=-1.01361 -> /Volumes/ssd_zhang/thesis_michel/server_processing/t0_rootFiles/beam28806_new202602/wvf_applyCut_removeBeam/wvfFind_event34162_trackID10_opNum8.root
[COPY] event=34165, trackID=2, T0=-0.282294 -> /Volumes/ssd_zhang/thesis_michel/server_processing/t0_rootFiles/beam28806_new202602/wvf_applyCut_removeBeam/wvfFind_event34165_trackID2_opNum9.root
[COPY] event=34174, trackID=42, T0=-2.39354 -> /Volumes/ssd_zhang/thesis_michel/server_processing/t0_rootFiles/beam28806_new202602/wvf_applyCut_removeBeam/wvfFind_event34174_trackID42_opNum8.root
[COPY] event=34189, trackID=19, T0=-1.11094 -> /Volumes/ssd_zhang/thesis_michel/server_processing/t0_rootFiles/beam28806_new202602/wvf_applyCut_removeBeam/wvfFind_event34189_trackID19_opNum9.root
[SKIP] (in range) event=34191, trackID=0, T0=-0.100949
[SKIP] (in range) event=34191, trackID=0, T0=-0.100949
[SKIP] (in range) event=34223, trackID=12, T0=-0.0451468
[COPY] event=34233, trackID=4, T0=-0.195073 -> /Volumes/ssd_zhang/thesis_michel/server_processing/t0_rootFiles/beam28806_new202602/wvf_applyCut_removeBeam/wvfFind_event34233_trackID4_opNum5_merged.root
[COPY] event=34246, trackID=4, T0=-0.497468 -> /Volumes/ssd_zhang/thesis_michel/server_processing/t0_rootFiles/beam28806_new202602/wvf_applyCut_removeBeam/wvfFind_event34246_trackID4_opNum5_merged.root
[COPY] event=34264, trackID=4, T0=-1.75773 -> /Volumes/ssd_zhang/thesis_michel/server_processing/t0_rootFiles/beam28806_new202602/wvf_applyCut_removeBeam/wvfFind_event34264_trackID4_opNum5_merged.root
[COPY] event=3431, trackID=6, T0=-1.69805 -> /Volumes/ssd_zhang/thesis_michel/server_processing/t0_rootFiles/beam28806_new202602/wvf_applyCut_removeBeam/wvfFind_event3431_trackID6_opNum9.root
[COPY] event=34327, trackID=5, T0=-1.78425 -> /Volumes/ssd_zhang/thesis_michel/server_processing/t0_rootFiles/beam28806_new202602/wvf_applyCut_removeBeam/wvfFind_event34327_trackID5_opNum4.root
[COPY] event=34328, trackID=5, T0=-1.3429 -> /Volumes/ssd_zhang/thesis_michel/server_processing/t0_rootFiles/beam28806_new202602/wvf_applyCut_removeBeam/wvfFind_event34328_trackID5_opNum4.root
[COPY] event=3434, trackID=9, T0=-0.0262903 -> /Volumes/ssd_zhang/thesis_michel/server_processing/t0_rootFiles/beam28806_new202602/wvf_applyCut_removeBeam/wvfFind_event3434_trackID9_opNum7_merged.root
[COPY] event=34351, trackID=9, T0=-1.75301 -> /Volumes/ssd_zhang/thesis_michel/server_processing/t0_rootFiles/beam28806_new202602/wvf_applyCut_removeBeam/wvfFind_event34351_trackID9_opNum8.root
[COPY] event=34416, trackID=23, T0=1.13108 -> /Volumes/ssd_zhang/thesis_michel/server_processing/t0_rootFiles/beam28806_new202602/wvf_applyCut_removeBeam/wvfFind_event34416_trackID23_opNum5_merged.root
[COPY] event=34418, trackID=0, T0=0.263282 -> /Volumes/ssd_zhang/thesis_michel/server_processing/t0_rootFiles/beam28806_new202602/wvf_applyCut_removeBeam/wvfFind_event34418_trackID0_opNum8.root
[COPY] event=34471, trackID=11, T0=-2.13772 -> /Volumes/ssd_zhang/thesis_michel/server_processing/t0_rootFiles/beam28806_new202602/wvf_applyCut_removeBeam/wvfFind_event34471_trackID11_opNum8.root
[COPY] event=34497, trackID=7, T0=0.0319386 -> /Volumes/ssd_zhang/thesis_michel/server_processing/t0_rootFiles/beam28806_new202602/wvf_applyCut_removeBeam/wvfFind_event34497_trackID7_opNum9.root
[COPY] event=34497, trackID=7, T0=0.0319386 -> /Volumes/ssd_zhang/thesis_michel/server_processing/t0_rootFiles/beam28806_new202602/wvf_applyCut_removeBeam/wvfFind_event34497_trackID7_opNum9_2.root
[COPY] event=34498, trackID=1, T0=0.184857 -> /Volumes/ssd_zhang/thesis_michel/server_processing/t0_rootFiles/beam28806_new202602/wvf_applyCut_removeBeam/wvfFind_event34498_trackID1_opNum6.root
[COPY] event=344, trackID=21, T0=-2.35564 -> /Volumes/ssd_zhang/thesis_michel/server_processing/t0_rootFiles/beam28806_new202602/wvf_applyCut_removeBeam/wvfFind_event344_trackID21_opNum4_merged.root
[COPY] event=34501, trackID=1, T0=-1.55767 -> /Volumes/ssd_zhang/thesis_michel/server_processing/t0_rootFiles/beam28806_new202602/wvf_applyCut_removeBeam/wvfFind_event34501_trackID1_opNum3.root
[COPY] event=34509, trackID=3, T0=-0.395013 -> /Volumes/ssd_zhang/thesis_michel/server_processing/t0_rootFiles/beam28806_new202602/wvf_applyCut_removeBeam/wvfFind_event34509_trackID3_opNum4.root
[COPY] event=34521, trackID=9, T0=-0.283341 -> /Volumes/ssd_zhang/thesis_michel/server_processing/t0_rootFiles/beam28806_new202602/wvf_applyCut_removeBeam/wvfFind_event34521_trackID9_opNum5.root
[COPY] event=34521, trackID=9, T0=-0.283341 -> /Volumes/ssd_zhang/thesis_michel/server_processing/t0_rootFiles/beam28806_new202602/wvf_applyCut_removeBeam/wvfFind_event34521_trackID9_opNum5_2.root
[COPY] event=34527, trackID=4, T0=-0.588088 -> /Volumes/ssd_zhang/thesis_michel/server_processing/t0_rootFiles/beam28806_new202602/wvf_applyCut_removeBeam/wvfFind_event34527_trackID4_opNum8.root
[COPY] event=34527, trackID=4, T0=-0.588088 -> /Volumes/ssd_zhang/thesis_michel/server_processing/t0_rootFiles/beam28806_new202602/wvf_applyCut_removeBeam/wvfFind_event34527_trackID4_opNum8_2.root
[COPY] event=34544, trackID=8, T0=-0.393945 -> /Volumes/ssd_zhang/thesis_michel/server_processing/t0_rootFiles/beam28806_new202602/wvf_applyCut_removeBeam/wvfFind_event34544_trackID8_opNum8.root
[COPY] event=34557, trackID=13, T0=-1.95547 -> /Volumes/ssd_zhang/thesis_michel/server_processing/t0_rootFiles/beam28806_new202602/wvf_applyCut_removeBeam/wvfFind_event34557_trackID13_opNum9_merged.root
[COPY] event=3457, trackID=12, T0=-2.30975 -> /Volumes/ssd_zhang/thesis_michel/server_processing/t0_rootFiles/beam28806_new202602/wvf_applyCut_removeBeam/wvfFind_event3457_trackID12_opNum9.root
[COPY] event=34600, trackID=2, T0=-1.10969 -> /Volumes/ssd_zhang/thesis_michel/server_processing/t0_rootFiles/beam28806_new202602/wvf_applyCut_removeBeam/wvfFind_event34600_trackID2_opNum5.root
[COPY] event=34608, trackID=14, T0=-1.74503 -> /Volumes/ssd_zhang/thesis_michel/server_processing/t0_rootFiles/beam28806_new202602/wvf_applyCut_removeBeam/wvfFind_event34608_trackID14_opNum4.root
[COPY] event=34608, trackID=14, T0=-1.74503 -> /Volumes/ssd_zhang/thesis_michel/server_processing/t0_rootFiles/beam28806_new202602/wvf_applyCut_removeBeam/wvfFind_event34608_trackID14_opNum4_2.root
[COPY] event=3460, trackID=0, T0=-0.769319 -> /Volumes/ssd_zhang/thesis_michel/server_processing/t0_rootFiles/beam28806_new202602/wvf_applyCut_removeBeam/wvfFind_event3460_trackID0_opNum4.root
[COPY] event=34621, trackID=2, T0=-0.444109 -> /Volumes/ssd_zhang/thesis_michel/server_processing/t0_rootFiles/beam28806_new202602/wvf_applyCut_removeBeam/wvfFind_event34621_trackID2_opNum4.root
[COPY] event=34627, trackID=25, T0=1.7113 -> /Volumes/ssd_zhang/thesis_michel/server_processing/t0_rootFiles/beam28806_new202602/wvf_applyCut_removeBeam/wvfFind_event34627_trackID25_opNum5.root
[COPY] event=34646, trackID=2, T0=0.233256 -> /Volumes/ssd_zhang/thesis_michel/server_processing/t0_rootFiles/beam28806_new202602/wvf_applyCut_removeBeam/wvfFind_event34646_trackID2_opNum5.root
[COPY] event=34647, trackID=2, T0=-1.17336 -> /Volumes/ssd_zhang/thesis_michel/server_processing/t0_rootFiles/beam28806_new202602/wvf_applyCut_removeBeam/wvfFind_event34647_trackID2_opNum5.root
[SKIP] (in range) event=34648, trackID=3, T0=-0.0389945
[SKIP] (in range) event=34648, trackID=3, T0=-0.0389945
[COPY] event=34663, trackID=5, T0=-0.431442 -> /Volumes/ssd_zhang/thesis_michel/server_processing/t0_rootFiles/beam28806_new202602/wvf_applyCut_removeBeam/wvfFind_event34663_trackID5_opNum6_merged.root
[COPY] event=34710, trackID=23, T0=-1.32516 -> /Volumes/ssd_zhang/thesis_michel/server_processing/t0_rootFiles/beam28806_new202602/wvf_applyCut_removeBeam/wvfFind_event34710_trackID23_opNum9_merged.root
[COPY] event=34711, trackID=17, T0=-0.200652 -> /Volumes/ssd_zhang/thesis_michel/server_processing/t0_rootFiles/beam28806_new202602/wvf_applyCut_removeBeam/wvfFind_event34711_trackID17_opNum9.root
[COPY] event=34711, trackID=17, T0=-0.200652 -> /Volumes/ssd_zhang/thesis_michel/server_processing/t0_rootFiles/beam28806_new202602/wvf_applyCut_removeBeam/wvfFind_event34711_trackID17_opNum9_2.root
[COPY] event=34744, trackID=11, T0=-2.16519 -> /Volumes/ssd_zhang/thesis_michel/server_processing/t0_rootFiles/beam28806_new202602/wvf_applyCut_removeBeam/wvfFind_event34744_trackID11_opNum4_2.root
[COPY] event=34744, trackID=11, T0=-2.16519 -> /Volumes/ssd_zhang/thesis_michel/server_processing/t0_rootFiles/beam28806_new202602/wvf_applyCut_removeBeam/wvfFind_event34744_trackID11_opNum6_merged.root
[COPY] event=34746, trackID=18, T0=0.285942 -> /Volumes/ssd_zhang/thesis_michel/server_processing/t0_rootFiles/beam28806_new202602/wvf_applyCut_removeBeam/wvfFind_event34746_trackID18_opNum3.root
[COPY] event=34752, trackID=13, T0=-0.758869 -> /Volumes/ssd_zhang/thesis_michel/server_processing/t0_rootFiles/beam28806_new202602/wvf_applyCut_removeBeam/wvfFind_event34752_trackID13_opNum6.root
[COPY] event=34764, trackID=10, T0=0.420625 -> /Volumes/ssd_zhang/thesis_michel/server_processing/t0_rootFiles/beam28806_new202602/wvf_applyCut_removeBeam/wvfFind_event34764_trackID10_opNum5.root
[COPY] event=34764, trackID=10, T0=0.420625 -> /Volumes/ssd_zhang/thesis_michel/server_processing/t0_rootFiles/beam28806_new202602/wvf_applyCut_removeBeam/wvfFind_event34764_trackID10_opNum5_2.root
[COPY] event=34766, trackID=34, T0=-2.44439 -> /Volumes/ssd_zhang/thesis_michel/server_processing/t0_rootFiles/beam28806_new202602/wvf_applyCut_removeBeam/wvfFind_event34766_trackID34_opNum8.root
[COPY] event=34766, trackID=34, T0=-2.44439 -> /Volumes/ssd_zhang/thesis_michel/server_processing/t0_rootFiles/beam28806_new202602/wvf_applyCut_removeBeam/wvfFind_event34766_trackID34_opNum8_2.root
[COPY] event=3476, trackID=6, T0=-1.2054 -> /Volumes/ssd_zhang/thesis_michel/server_processing/t0_rootFiles/beam28806_new202602/wvf_applyCut_removeBeam/wvfFind_event3476_trackID6_opNum4_merged.root
[COPY] event=34779, trackID=8, T0=-0.329908 -> /Volumes/ssd_zhang/thesis_michel/server_processing/t0_rootFiles/beam28806_new202602/wvf_applyCut_removeBeam/wvfFind_event34779_trackID8_opNum3.root
[COPY] event=34786, trackID=1, T0=-0.0214754 -> /Volumes/ssd_zhang/thesis_michel/server_processing/t0_rootFiles/beam28806_new202602/wvf_applyCut_removeBeam/wvfFind_event34786_trackID1_opNum9.root
[COPY] event=34787, trackID=15, T0=-1.6653 -> /Volumes/ssd_zhang/thesis_michel/server_processing/t0_rootFiles/beam28806_new202602/wvf_applyCut_removeBeam/wvfFind_event34787_trackID15_opNum6.root
[COPY] event=34802, trackID=2, T0=-0.491187 -> /Volumes/ssd_zhang/thesis_michel/server_processing/t0_rootFiles/beam28806_new202602/wvf_applyCut_removeBeam/wvfFind_event34802_trackID2_opNum5.root
[COPY] event=34802, trackID=3, T0=-0.964273 -> /Volumes/ssd_zhang/thesis_michel/server_processing/t0_rootFiles/beam28806_new202602/wvf_applyCut_removeBeam/wvfFind_event34802_trackID3_opNum3.root
[COPY] event=34816, trackID=7, T0=-1.5876 -> /Volumes/ssd_zhang/thesis_michel/server_processing/t0_rootFiles/beam28806_new202602/wvf_applyCut_removeBeam/wvfFind_event34816_trackID7_opNum8_merged.root
[COPY] event=34838, trackID=26, T0=0.364304 -> /Volumes/ssd_zhang/thesis_michel/server_processing/t0_rootFiles/beam28806_new202602/wvf_applyCut_removeBeam/wvfFind_event34838_trackID26_opNum3.root
[COPY] event=34843, trackID=11, T0=-1.0139 -> /Volumes/ssd_zhang/thesis_michel/server_processing/t0_rootFiles/beam28806_new202602/wvf_applyCut_removeBeam/wvfFind_event34843_trackID11_opNum6.root
[COPY] event=3484, trackID=16, T0=0.22363 -> /Volumes/ssd_zhang/thesis_michel/server_processing/t0_rootFiles/beam28806_new202602/wvf_applyCut_removeBeam/wvfFind_event3484_trackID16_opNum9.root
[COPY] event=34878, trackID=9, T0=-1.71256 -> /Volumes/ssd_zhang/thesis_michel/server_processing/t0_rootFiles/beam28806_new202602/wvf_applyCut_removeBeam/wvfFind_event34878_trackID9_opNum6.root
[COPY] event=34902, trackID=7, T0=-0.747443 -> /Volumes/ssd_zhang/thesis_michel/server_processing/t0_rootFiles/beam28806_new202602/wvf_applyCut_removeBeam/wvfFind_event34902_trackID7_opNum5.root
[COPY] event=34920, trackID=28, T0=-0.347278 -> /Volumes/ssd_zhang/thesis_michel/server_processing/t0_rootFiles/beam28806_new202602/wvf_applyCut_removeBeam/wvfFind_event34920_trackID28_opNum3.root
[COPY] event=34920, trackID=28, T0=-0.347278 -> /Volumes/ssd_zhang/thesis_michel/server_processing/t0_rootFiles/beam28806_new202602/wvf_applyCut_removeBeam/wvfFind_event34920_trackID28_opNum3_2.root
[COPY] event=34924, trackID=6, T0=-0.955589 -> /Volumes/ssd_zhang/thesis_michel/server_processing/t0_rootFiles/beam28806_new202602/wvf_applyCut_removeBeam/wvfFind_event34924_trackID6_opNum5.root
[COPY] event=34926, trackID=26, T0=-2.31776 -> /Volumes/ssd_zhang/thesis_michel/server_processing/t0_rootFiles/beam28806_new202602/wvf_applyCut_removeBeam/wvfFind_event34926_trackID26_opNum8.root
[COPY] event=34926, trackID=26, T0=-2.31776 -> /Volumes/ssd_zhang/thesis_michel/server_processing/t0_rootFiles/beam28806_new202602/wvf_applyCut_removeBeam/wvfFind_event34926_trackID26_opNum8_2.root
[COPY] event=34934, trackID=6, T0=0.283394 -> /Volumes/ssd_zhang/thesis_michel/server_processing/t0_rootFiles/beam28806_new202602/wvf_applyCut_removeBeam/wvfFind_event34934_trackID6_opNum3.root
[COPY] event=34954, trackID=6, T0=0.390493 -> /Volumes/ssd_zhang/thesis_michel/server_processing/t0_rootFiles/beam28806_new202602/wvf_applyCut_removeBeam/wvfFind_event34954_trackID6_opNum9.root
[COPY] event=34965, trackID=0, T0=-0.208372 -> /Volumes/ssd_zhang/thesis_michel/server_processing/t0_rootFiles/beam28806_new202602/wvf_applyCut_removeBeam/wvfFind_event34965_trackID0_opNum5.root
[COPY] event=3496, trackID=2, T0=-1.7875 -> /Volumes/ssd_zhang/thesis_michel/server_processing/t0_rootFiles/beam28806_new202602/wvf_applyCut_removeBeam/wvfFind_event3496_trackID2_opNum3.root
[COPY] event=34971, trackID=14, T0=-1.81936 -> /Volumes/ssd_zhang/thesis_michel/server_processing/t0_rootFiles/beam28806_new202602/wvf_applyCut_removeBeam/wvfFind_event34971_trackID14_opNum9.root
[COPY] event=34978, trackID=6, T0=0.116135 -> /Volumes/ssd_zhang/thesis_michel/server_processing/t0_rootFiles/beam28806_new202602/wvf_applyCut_removeBeam/wvfFind_event34978_trackID6_opNum9.root
[COPY] event=34985, trackID=18, T0=-1.69124 -> /Volumes/ssd_zhang/thesis_michel/server_processing/t0_rootFiles/beam28806_new202602/wvf_applyCut_removeBeam/wvfFind_event34985_trackID18_opNum6.root
[COPY] event=34987, trackID=0, T0=0.292028 -> /Volumes/ssd_zhang/thesis_michel/server_processing/t0_rootFiles/beam28806_new202602/wvf_applyCut_removeBeam/wvfFind_event34987_trackID0_opNum4.root
[COPY] event=34994, trackID=12, T0=-1.51888 -> /Volumes/ssd_zhang/thesis_michel/server_processing/t0_rootFiles/beam28806_new202602/wvf_applyCut_removeBeam/wvfFind_event34994_trackID12_opNum5.root
[COPY] event=35027, trackID=6, T0=-1.31134 -> /Volumes/ssd_zhang/thesis_michel/server_processing/t0_rootFiles/beam28806_new202602/wvf_applyCut_removeBeam/wvfFind_event35027_trackID6_opNum3_merged.root
[COPY] event=35033, trackID=9, T0=-0.988604 -> /Volumes/ssd_zhang/thesis_michel/server_processing/t0_rootFiles/beam28806_new202602/wvf_applyCut_removeBeam/wvfFind_event35033_trackID9_opNum6.root
[COPY] event=35037, trackID=8, T0=-1.29526 -> /Volumes/ssd_zhang/thesis_michel/server_processing/t0_rootFiles/beam28806_new202602/wvf_applyCut_removeBeam/wvfFind_event35037_trackID8_opNum8.root
[COPY] event=35045, trackID=7, T0=0.185874 -> /Volumes/ssd_zhang/thesis_michel/server_processing/t0_rootFiles/beam28806_new202602/wvf_applyCut_removeBeam/wvfFind_event35045_trackID7_opNum3.root
[COPY] event=35046, trackID=17, T0=-1.72614 -> /Volumes/ssd_zhang/thesis_michel/server_processing/t0_rootFiles/beam28806_new202602/wvf_applyCut_removeBeam/wvfFind_event35046_trackID17_opNum5.root
[COPY] event=35046, trackID=17, T0=-1.72614 -> /Volumes/ssd_zhang/thesis_michel/server_processing/t0_rootFiles/beam28806_new202602/wvf_applyCut_removeBeam/wvfFind_event35046_trackID17_opNum5_2.root
[COPY] event=35063, trackID=7, T0=-1.63202 -> /Volumes/ssd_zhang/thesis_michel/server_processing/t0_rootFiles/beam28806_new202602/wvf_applyCut_removeBeam/wvfFind_event35063_trackID7_opNum5.root
[COPY] event=35063, trackID=7, T0=-1.63202 -> /Volumes/ssd_zhang/thesis_michel/server_processing/t0_rootFiles/beam28806_new202602/wvf_applyCut_removeBeam/wvfFind_event35063_trackID7_opNum5_2.root
[COPY] event=35072, trackID=0, T0=-0.747677 -> /Volumes/ssd_zhang/thesis_michel/server_processing/t0_rootFiles/beam28806_new202602/wvf_applyCut_removeBeam/wvfFind_event35072_trackID0_opNum4.root
[COPY] event=35111, trackID=10, T0=-1.11041 -> /Volumes/ssd_zhang/thesis_michel/server_processing/t0_rootFiles/beam28806_new202602/wvf_applyCut_removeBeam/wvfFind_event35111_trackID10_opNum8.root
[COPY] event=35111, trackID=3, T0=-1.18751 -> /Volumes/ssd_zhang/thesis_michel/server_processing/t0_rootFiles/beam28806_new202602/wvf_applyCut_removeBeam/wvfFind_event35111_trackID3_opNum7_merged.root
[COPY] event=35120, trackID=24, T0=-0.013644 -> /Volumes/ssd_zhang/thesis_michel/server_processing/t0_rootFiles/beam28806_new202602/wvf_applyCut_removeBeam/wvfFind_event35120_trackID24_opNum6_merged.root
[SKIP] (in range) event=35133, trackID=0, T0=-0.0925282
[COPY] event=35142, trackID=19, T0=-1.25757 -> /Volumes/ssd_zhang/thesis_michel/server_processing/t0_rootFiles/beam28806_new202602/wvf_applyCut_removeBeam/wvfFind_event35142_trackID19_opNum5.root
[COPY] event=35148, trackID=12, T0=-0.410209 -> /Volumes/ssd_zhang/thesis_michel/server_processing/t0_rootFiles/beam28806_new202602/wvf_applyCut_removeBeam/wvfFind_event35148_trackID12_opNum3_merged.root
[COPY] event=35152, trackID=7, T0=-1.29854 -> /Volumes/ssd_zhang/thesis_michel/server_processing/t0_rootFiles/beam28806_new202602/wvf_applyCut_removeBeam/wvfFind_event35152_trackID7_opNum3_merged.root
[COPY] event=35166, trackID=20, T0=0.0978631 -> /Volumes/ssd_zhang/thesis_michel/server_processing/t0_rootFiles/beam28806_new202602/wvf_applyCut_removeBeam/wvfFind_event35166_trackID20_opNum4_merged.root
[COPY] event=35170, trackID=11, T0=-1.87522 -> /Volumes/ssd_zhang/thesis_michel/server_processing/t0_rootFiles/beam28806_new202602/wvf_applyCut_removeBeam/wvfFind_event35170_trackID11_opNum5.root
[COPY] event=35190, trackID=13, T0=-2.00712 -> /Volumes/ssd_zhang/thesis_michel/server_processing/t0_rootFiles/beam28806_new202602/wvf_applyCut_removeBeam/wvfFind_event35190_trackID13_opNum4.root
[COPY] event=35234, trackID=13, T0=-1.30844 -> /Volumes/ssd_zhang/thesis_michel/server_processing/t0_rootFiles/beam28806_new202602/wvf_applyCut_removeBeam/wvfFind_event35234_trackID13_opNum3.root
[COPY] event=35234, trackID=13, T0=-1.30844 -> /Volumes/ssd_zhang/thesis_michel/server_processing/t0_rootFiles/beam28806_new202602/wvf_applyCut_removeBeam/wvfFind_event35234_trackID13_opNum3_2.root
[COPY] event=35236, trackID=2, T0=-0.492118 -> /Volumes/ssd_zhang/thesis_michel/server_processing/t0_rootFiles/beam28806_new202602/wvf_applyCut_removeBeam/wvfFind_event35236_trackID2_opNum6.root
[COPY] event=35263, trackID=3, T0=0.404588 -> /Volumes/ssd_zhang/thesis_michel/server_processing/t0_rootFiles/beam28806_new202602/wvf_applyCut_removeBeam/wvfFind_event35263_trackID3_opNum6.root
[COPY] event=35264, trackID=10, T0=-2.32294 -> /Volumes/ssd_zhang/thesis_michel/server_processing/t0_rootFiles/beam28806_new202602/wvf_applyCut_removeBeam/wvfFind_event35264_trackID10_opNum3.root
[COPY] event=35264, trackID=10, T0=-2.32294 -> /Volumes/ssd_zhang/thesis_michel/server_processing/t0_rootFiles/beam28806_new202602/wvf_applyCut_removeBeam/wvfFind_event35264_trackID10_opNum3_2.root
[COPY] event=35264, trackID=10, T0=-2.32294 -> /Volumes/ssd_zhang/thesis_michel/server_processing/t0_rootFiles/beam28806_new202602/wvf_applyCut_removeBeam/wvfFind_event35264_trackID10_opNum3_3.root
[COPY] event=3526, trackID=1, T0=-1.30051 -> /Volumes/ssd_zhang/thesis_michel/server_processing/t0_rootFiles/beam28806_new202602/wvf_applyCut_removeBeam/wvfFind_event3526_trackID1_opNum3_merged.root
[COPY] event=35286, trackID=10, T0=-2.1511 -> /Volumes/ssd_zhang/thesis_michel/server_processing/t0_rootFiles/beam28806_new202602/wvf_applyCut_removeBeam/wvfFind_event35286_trackID10_opNum9.root
[COPY] event=35305, trackID=8, T0=-0.666376 -> /Volumes/ssd_zhang/thesis_michel/server_processing/t0_rootFiles/beam28806_new202602/wvf_applyCut_removeBeam/wvfFind_event35305_trackID8_opNum4.root
[COPY] event=35312, trackID=1, T0=0.223593 -> /Volumes/ssd_zhang/thesis_michel/server_processing/t0_rootFiles/beam28806_new202602/wvf_applyCut_removeBeam/wvfFind_event35312_trackID1_opNum5.root
[COPY] event=35312, trackID=1, T0=0.223593 -> /Volumes/ssd_zhang/thesis_michel/server_processing/t0_rootFiles/beam28806_new202602/wvf_applyCut_removeBeam/wvfFind_event35312_trackID1_opNum5_2.root
[COPY] event=35329, trackID=8, T0=-1.42835 -> /Volumes/ssd_zhang/thesis_michel/server_processing/t0_rootFiles/beam28806_new202602/wvf_applyCut_removeBeam/wvfFind_event35329_trackID8_opNum9.root
[COPY] event=35364, trackID=40, T0=2.44245 -> /Volumes/ssd_zhang/thesis_michel/server_processing/t0_rootFiles/beam28806_new202602/wvf_applyCut_removeBeam/wvfFind_event35364_trackID40_opNum8.root
[COPY] event=35375, trackID=20, T0=-1.77599 -> /Volumes/ssd_zhang/thesis_michel/server_processing/t0_rootFiles/beam28806_new202602/wvf_applyCut_removeBeam/wvfFind_event35375_trackID20_opNum8.root
[COPY] event=35385, trackID=10, T0=0.457655 -> /Volumes/ssd_zhang/thesis_michel/server_processing/t0_rootFiles/beam28806_new202602/wvf_applyCut_removeBeam/wvfFind_event35385_trackID10_opNum9.root
[SKIP] (in range) event=35402, trackID=15, T0=-0.0395619
[COPY] event=35425, trackID=36, T0=-2.45494 -> /Volumes/ssd_zhang/thesis_michel/server_processing/t0_rootFiles/beam28806_new202602/wvf_applyCut_removeBeam/wvfFind_event35425_trackID36_opNum8.root
[COPY] event=35447, trackID=27, T0=-0.615974 -> /Volumes/ssd_zhang/thesis_michel/server_processing/t0_rootFiles/beam28806_new202602/wvf_applyCut_removeBeam/wvfFind_event35447_trackID27_opNum9.root
[COPY] event=3544, trackID=1, T0=-1.22786 -> /Volumes/ssd_zhang/thesis_michel/server_processing/t0_rootFiles/beam28806_new202602/wvf_applyCut_removeBeam/wvfFind_event3544_trackID1_opNum9.root
[COPY] event=35460, trackID=4, T0=-0.647721 -> /Volumes/ssd_zhang/thesis_michel/server_processing/t0_rootFiles/beam28806_new202602/wvf_applyCut_removeBeam/wvfFind_event35460_trackID4_opNum9.root
[COPY] event=35460, trackID=4, T0=-0.647721 -> /Volumes/ssd_zhang/thesis_michel/server_processing/t0_rootFiles/beam28806_new202602/wvf_applyCut_removeBeam/wvfFind_event35460_trackID4_opNum9_2.root
[COPY] event=35468, trackID=5, T0=-0.205193 -> /Volumes/ssd_zhang/thesis_michel/server_processing/t0_rootFiles/beam28806_new202602/wvf_applyCut_removeBeam/wvfFind_event35468_trackID5_opNum5.root
[COPY] event=35472, trackID=5, T0=-2.30767 -> /Volumes/ssd_zhang/thesis_michel/server_processing/t0_rootFiles/beam28806_new202602/wvf_applyCut_removeBeam/wvfFind_event35472_trackID5_opNum4.root
[COPY] event=35488, trackID=19, T0=-1.38106 -> /Volumes/ssd_zhang/thesis_michel/server_processing/t0_rootFiles/beam28806_new202602/wvf_applyCut_removeBeam/wvfFind_event35488_trackID19_opNum8.root
[COPY] event=35488, trackID=3, T0=-1.57163 -> /Volumes/ssd_zhang/thesis_michel/server_processing/t0_rootFiles/beam28806_new202602/wvf_applyCut_removeBeam/wvfFind_event35488_trackID3_opNum3.root
[COPY] event=35490, trackID=5, T0=-0.84725 -> /Volumes/ssd_zhang/thesis_michel/server_processing/t0_rootFiles/beam28806_new202602/wvf_applyCut_removeBeam/wvfFind_event35490_trackID5_opNum5.root
[COPY] event=35490, trackID=5, T0=-0.84725 -> /Volumes/ssd_zhang/thesis_michel/server_processing/t0_rootFiles/beam28806_new202602/wvf_applyCut_removeBeam/wvfFind_event35490_trackID5_opNum5_2.root
[COPY] event=35517, trackID=3, T0=1.06065 -> /Volumes/ssd_zhang/thesis_michel/server_processing/t0_rootFiles/beam28806_new202602/wvf_applyCut_removeBeam/wvfFind_event35517_trackID3_opNum9.root
[COPY] event=35520, trackID=9, T0=-1.56912 -> /Volumes/ssd_zhang/thesis_michel/server_processing/t0_rootFiles/beam28806_new202602/wvf_applyCut_removeBeam/wvfFind_event35520_trackID9_opNum9.root
[COPY] event=35522, trackID=6, T0=0.204575 -> /Volumes/ssd_zhang/thesis_michel/server_processing/t0_rootFiles/beam28806_new202602/wvf_applyCut_removeBeam/wvfFind_event35522_trackID6_opNum8.root
[COPY] event=35543, trackID=12, T0=-1.52114 -> /Volumes/ssd_zhang/thesis_michel/server_processing/t0_rootFiles/beam28806_new202602/wvf_applyCut_removeBeam/wvfFind_event35543_trackID12_opNum6.root
[COPY] event=35547, trackID=6, T0=-1.08165 -> /Volumes/ssd_zhang/thesis_michel/server_processing/t0_rootFiles/beam28806_new202602/wvf_applyCut_removeBeam/wvfFind_event35547_trackID6_opNum4.root
[COPY] event=3554, trackID=4, T0=-0.205136 -> /Volumes/ssd_zhang/thesis_michel/server_processing/t0_rootFiles/beam28806_new202602/wvf_applyCut_removeBeam/wvfFind_event3554_trackID4_opNum4.root
[COPY] event=35573, trackID=4, T0=-1.32932 -> /Volumes/ssd_zhang/thesis_michel/server_processing/t0_rootFiles/beam28806_new202602/wvf_applyCut_removeBeam/wvfFind_event35573_trackID4_opNum4.root
[COPY] event=35584, trackID=1, T0=-0.0280931 -> /Volumes/ssd_zhang/thesis_michel/server_processing/t0_rootFiles/beam28806_new202602/wvf_applyCut_removeBeam/wvfFind_event35584_trackID1_opNum6_2.root
[COPY] event=35584, trackID=1, T0=-0.0280931 -> /Volumes/ssd_zhang/thesis_michel/server_processing/t0_rootFiles/beam28806_new202602/wvf_applyCut_removeBeam/wvfFind_event35584_trackID1_opNum7_merged.root
[COPY] event=35589, trackID=4, T0=-0.667522 -> /Volumes/ssd_zhang/thesis_michel/server_processing/t0_rootFiles/beam28806_new202602/wvf_applyCut_removeBeam/wvfFind_event35589_trackID4_opNum8.root
[COPY] event=35591, trackID=7, T0=-1.007 -> /Volumes/ssd_zhang/thesis_michel/server_processing/t0_rootFiles/beam28806_new202602/wvf_applyCut_removeBeam/wvfFind_event35591_trackID7_opNum6.root
[COPY] event=35613, trackID=15, T0=-2.3529 -> /Volumes/ssd_zhang/thesis_michel/server_processing/t0_rootFiles/beam28806_new202602/wvf_applyCut_removeBeam/wvfFind_event35613_trackID15_opNum9.root
[COPY] event=35635, trackID=11, T0=2.30508 -> /Volumes/ssd_zhang/thesis_michel/server_processing/t0_rootFiles/beam28806_new202602/wvf_applyCut_removeBeam/wvfFind_event35635_trackID11_opNum9.root
[COPY] event=35635, trackID=11, T0=2.30508 -> /Volumes/ssd_zhang/thesis_michel/server_processing/t0_rootFiles/beam28806_new202602/wvf_applyCut_removeBeam/wvfFind_event35635_trackID11_opNum9_2.root
[COPY] event=35653, trackID=8, T0=-0.697446 -> /Volumes/ssd_zhang/thesis_michel/server_processing/t0_rootFiles/beam28806_new202602/wvf_applyCut_removeBeam/wvfFind_event35653_trackID8_opNum4.root
[SKIP] (in range) event=35668, trackID=3, T0=-0.116689
[COPY] event=35674, trackID=11, T0=0.227167 -> /Volumes/ssd_zhang/thesis_michel/server_processing/t0_rootFiles/beam28806_new202602/wvf_applyCut_removeBeam/wvfFind_event35674_trackID11_opNum3.root
[COPY] event=35716, trackID=17, T0=-0.988023 -> /Volumes/ssd_zhang/thesis_michel/server_processing/t0_rootFiles/beam28806_new202602/wvf_applyCut_removeBeam/wvfFind_event35716_trackID17_opNum9.root
[COPY] event=35723, trackID=0, T0=0.113536 -> /Volumes/ssd_zhang/thesis_michel/server_processing/t0_rootFiles/beam28806_new202602/wvf_applyCut_removeBeam/wvfFind_event35723_trackID0_opNum5.root
[COPY] event=35723, trackID=0, T0=0.113536 -> /Volumes/ssd_zhang/thesis_michel/server_processing/t0_rootFiles/beam28806_new202602/wvf_applyCut_removeBeam/wvfFind_event35723_trackID0_opNum5_2.root
[COPY] event=35724, trackID=5, T0=-0.189963 -> /Volumes/ssd_zhang/thesis_michel/server_processing/t0_rootFiles/beam28806_new202602/wvf_applyCut_removeBeam/wvfFind_event35724_trackID5_opNum9.root
[COPY] event=35728, trackID=9, T0=0.401774 -> /Volumes/ssd_zhang/thesis_michel/server_processing/t0_rootFiles/beam28806_new202602/wvf_applyCut_removeBeam/wvfFind_event35728_trackID9_opNum4_merged.root
[COPY] event=35740, trackID=2, T0=0.124848 -> /Volumes/ssd_zhang/thesis_michel/server_processing/t0_rootFiles/beam28806_new202602/wvf_applyCut_removeBeam/wvfFind_event35740_trackID2_opNum5.root
[COPY] event=3574, trackID=9, T0=-1.77911 -> /Volumes/ssd_zhang/thesis_michel/server_processing/t0_rootFiles/beam28806_new202602/wvf_applyCut_removeBeam/wvfFind_event3574_trackID9_opNum7.root
[COPY] event=35754, trackID=10, T0=0.364356 -> /Volumes/ssd_zhang/thesis_michel/server_processing/t0_rootFiles/beam28806_new202602/wvf_applyCut_removeBeam/wvfFind_event35754_trackID10_opNum8.root
[COPY] event=35757, trackID=6, T0=-0.914319 -> /Volumes/ssd_zhang/thesis_michel/server_processing/t0_rootFiles/beam28806_new202602/wvf_applyCut_removeBeam/wvfFind_event35757_trackID6_opNum5.root
[COPY] event=35785, trackID=3, T0=0.199827 -> /Volumes/ssd_zhang/thesis_michel/server_processing/t0_rootFiles/beam28806_new202602/wvf_applyCut_removeBeam/wvfFind_event35785_trackID3_opNum5.root
[COPY] event=35785, trackID=3, T0=0.199827 -> /Volumes/ssd_zhang/thesis_michel/server_processing/t0_rootFiles/beam28806_new202602/wvf_applyCut_removeBeam/wvfFind_event35785_trackID3_opNum5_2.root
[COPY] event=35787, trackID=7, T0=0.432712 -> /Volumes/ssd_zhang/thesis_michel/server_processing/t0_rootFiles/beam28806_new202602/wvf_applyCut_removeBeam/wvfFind_event35787_trackID7_opNum9.root
[COPY] event=35791, trackID=4, T0=0.347263 -> /Volumes/ssd_zhang/thesis_michel/server_processing/t0_rootFiles/beam28806_new202602/wvf_applyCut_removeBeam/wvfFind_event35791_trackID4_opNum6.root
[COPY] event=35793, trackID=13, T0=-1.10975 -> /Volumes/ssd_zhang/thesis_michel/server_processing/t0_rootFiles/beam28806_new202602/wvf_applyCut_removeBeam/wvfFind_event35793_trackID13_opNum5.root
[COPY] event=35795, trackID=5, T0=0.400572 -> /Volumes/ssd_zhang/thesis_michel/server_processing/t0_rootFiles/beam28806_new202602/wvf_applyCut_removeBeam/wvfFind_event35795_trackID5_opNum3.root
[COPY] event=35795, trackID=5, T0=0.400572 -> /Volumes/ssd_zhang/thesis_michel/server_processing/t0_rootFiles/beam28806_new202602/wvf_applyCut_removeBeam/wvfFind_event35795_trackID5_opNum3_2.root
[COPY] event=35841, trackID=19, T0=-2.13917 -> /Volumes/ssd_zhang/thesis_michel/server_processing/t0_rootFiles/beam28806_new202602/wvf_applyCut_removeBeam/wvfFind_event35841_trackID19_opNum6.root
[COPY] event=35841, trackID=19, T0=-2.13917 -> /Volumes/ssd_zhang/thesis_michel/server_processing/t0_rootFiles/beam28806_new202602/wvf_applyCut_removeBeam/wvfFind_event35841_trackID19_opNum6_2.root
[COPY] event=35850, trackID=4, T0=0.26369 -> /Volumes/ssd_zhang/thesis_michel/server_processing/t0_rootFiles/beam28806_new202602/wvf_applyCut_removeBeam/wvfFind_event35850_trackID4_opNum3_merged.root
[COPY] event=35869, trackID=5, T0=-1.81028 -> /Volumes/ssd_zhang/thesis_michel/server_processing/t0_rootFiles/beam28806_new202602/wvf_applyCut_removeBeam/wvfFind_event35869_trackID5_opNum4.root
[COPY] event=35869, trackID=5, T0=-1.81028 -> /Volumes/ssd_zhang/thesis_michel/server_processing/t0_rootFiles/beam28806_new202602/wvf_applyCut_removeBeam/wvfFind_event35869_trackID5_opNum4_2.root
[COPY] event=35872, trackID=15, T0=0.75123 -> /Volumes/ssd_zhang/thesis_michel/server_processing/t0_rootFiles/beam28806_new202602/wvf_applyCut_removeBeam/wvfFind_event35872_trackID15_opNum9.root
[COPY] event=35872, trackID=15, T0=0.75123 -> /Volumes/ssd_zhang/thesis_michel/server_processing/t0_rootFiles/beam28806_new202602/wvf_applyCut_removeBeam/wvfFind_event35872_trackID15_opNum9_2.root
[COPY] event=35872, trackID=15, T0=0.75123 -> /Volumes/ssd_zhang/thesis_michel/server_processing/t0_rootFiles/beam28806_new202602/wvf_applyCut_removeBeam/wvfFind_event35872_trackID15_opNum9_3.root
[COPY] event=35903, trackID=6, T0=0.126958 -> /Volumes/ssd_zhang/thesis_michel/server_processing/t0_rootFiles/beam28806_new202602/wvf_applyCut_removeBeam/wvfFind_event35903_trackID6_opNum3.root
[COPY] event=35929, trackID=6, T0=0.372942 -> /Volumes/ssd_zhang/thesis_michel/server_processing/t0_rootFiles/beam28806_new202602/wvf_applyCut_removeBeam/wvfFind_event35929_trackID6_opNum5.root
[COPY] event=35935, trackID=5, T0=-1.01127 -> /Volumes/ssd_zhang/thesis_michel/server_processing/t0_rootFiles/beam28806_new202602/wvf_applyCut_removeBeam/wvfFind_event35935_trackID5_opNum5.root
[COPY] event=35959, trackID=35, T0=-2.39123 -> /Volumes/ssd_zhang/thesis_michel/server_processing/t0_rootFiles/beam28806_new202602/wvf_applyCut_removeBeam/wvfFind_event35959_trackID35_opNum5.root
[COPY] event=35963, trackID=32, T0=-2.38225 -> /Volumes/ssd_zhang/thesis_michel/server_processing/t0_rootFiles/beam28806_new202602/wvf_applyCut_removeBeam/wvfFind_event35963_trackID32_opNum9.root
[COPY] event=36002, trackID=8, T0=-1.46815 -> /Volumes/ssd_zhang/thesis_michel/server_processing/t0_rootFiles/beam28806_new202602/wvf_applyCut_removeBeam/wvfFind_event36002_trackID8_opNum7.root
[COPY] event=36008, trackID=13, T0=-0.968122 -> /Volumes/ssd_zhang/thesis_michel/server_processing/t0_rootFiles/beam28806_new202602/wvf_applyCut_removeBeam/wvfFind_event36008_trackID13_opNum8.root
[COPY] event=36025, trackID=0, T0=-0.385506 -> /Volumes/ssd_zhang/thesis_michel/server_processing/t0_rootFiles/beam28806_new202602/wvf_applyCut_removeBeam/wvfFind_event36025_trackID0_opNum8.root
[COPY] event=36027, trackID=4, T0=-0.248693 -> /Volumes/ssd_zhang/thesis_michel/server_processing/t0_rootFiles/beam28806_new202602/wvf_applyCut_removeBeam/wvfFind_event36027_trackID4_opNum9.root
[COPY] event=36069, trackID=8, T0=0.361256 -> /Volumes/ssd_zhang/thesis_michel/server_processing/t0_rootFiles/beam28806_new202602/wvf_applyCut_removeBeam/wvfFind_event36069_trackID8_opNum3.root
[COPY] event=36087, trackID=6, T0=-1.81804 -> /Volumes/ssd_zhang/thesis_michel/server_processing/t0_rootFiles/beam28806_new202602/wvf_applyCut_removeBeam/wvfFind_event36087_trackID6_opNum3.root
[COPY] event=36095, trackID=7, T0=-2.04857 -> /Volumes/ssd_zhang/thesis_michel/server_processing/t0_rootFiles/beam28806_new202602/wvf_applyCut_removeBeam/wvfFind_event36095_trackID7_opNum8.root
[COPY] event=36095, trackID=7, T0=-2.04857 -> /Volumes/ssd_zhang/thesis_michel/server_processing/t0_rootFiles/beam28806_new202602/wvf_applyCut_removeBeam/wvfFind_event36095_trackID7_opNum8_2.root
[COPY] event=36105, trackID=15, T0=-2.37965 -> /Volumes/ssd_zhang/thesis_michel/server_processing/t0_rootFiles/beam28806_new202602/wvf_applyCut_removeBeam/wvfFind_event36105_trackID15_opNum3.root
[COPY] event=36105, trackID=15, T0=-2.37965 -> /Volumes/ssd_zhang/thesis_michel/server_processing/t0_rootFiles/beam28806_new202602/wvf_applyCut_removeBeam/wvfFind_event36105_trackID15_opNum3_2.root
[COPY] event=36105, trackID=15, T0=-2.37965 -> /Volumes/ssd_zhang/thesis_michel/server_processing/t0_rootFiles/beam28806_new202602/wvf_applyCut_removeBeam/wvfFind_event36105_trackID15_opNum3_3.root
[COPY] event=36110, trackID=24, T0=-2.11204 -> /Volumes/ssd_zhang/thesis_michel/server_processing/t0_rootFiles/beam28806_new202602/wvf_applyCut_removeBeam/wvfFind_event36110_trackID24_opNum4.root
[COPY] event=36129, trackID=12, T0=-0.444245 -> /Volumes/ssd_zhang/thesis_michel/server_processing/t0_rootFiles/beam28806_new202602/wvf_applyCut_removeBeam/wvfFind_event36129_trackID12_opNum5.root
[SKIP] (in range) event=36150, trackID=9, T0=-0.0588509
[COPY] event=36154, trackID=5, T0=-1.4241 -> /Volumes/ssd_zhang/thesis_michel/server_processing/t0_rootFiles/beam28806_new202602/wvf_applyCut_removeBeam/wvfFind_event36154_trackID5_opNum9.root
[COPY] event=36156, trackID=11, T0=-2.09879 -> /Volumes/ssd_zhang/thesis_michel/server_processing/t0_rootFiles/beam28806_new202602/wvf_applyCut_removeBeam/wvfFind_event36156_trackID11_opNum9_merged.root
[COPY] event=3616, trackID=16, T0=-0.012308 -> /Volumes/ssd_zhang/thesis_michel/server_processing/t0_rootFiles/beam28806_new202602/wvf_applyCut_removeBeam/wvfFind_event3616_trackID16_opNum7.root
[COPY] event=36172, trackID=15, T0=-2.28072 -> /Volumes/ssd_zhang/thesis_michel/server_processing/t0_rootFiles/beam28806_new202602/wvf_applyCut_removeBeam/wvfFind_event36172_trackID15_opNum9.root
[COPY] event=36175, trackID=10, T0=1.28615 -> /Volumes/ssd_zhang/thesis_michel/server_processing/t0_rootFiles/beam28806_new202602/wvf_applyCut_removeBeam/wvfFind_event36175_trackID10_opNum9.root
[COPY] event=36183, trackID=6, T0=-0.263346 -> /Volumes/ssd_zhang/thesis_michel/server_processing/t0_rootFiles/beam28806_new202602/wvf_applyCut_removeBeam/wvfFind_event36183_trackID6_opNum4_merged.root
[COPY] event=36188, trackID=2, T0=0.335523 -> /Volumes/ssd_zhang/thesis_michel/server_processing/t0_rootFiles/beam28806_new202602/wvf_applyCut_removeBeam/wvfFind_event36188_trackID2_opNum4.root
[COPY] event=36203, trackID=6, T0=0.433929 -> /Volumes/ssd_zhang/thesis_michel/server_processing/t0_rootFiles/beam28806_new202602/wvf_applyCut_removeBeam/wvfFind_event36203_trackID6_opNum8.root
[COPY] event=36203, trackID=6, T0=0.433929 -> /Volumes/ssd_zhang/thesis_michel/server_processing/t0_rootFiles/beam28806_new202602/wvf_applyCut_removeBeam/wvfFind_event36203_trackID6_opNum8_2.root
[SKIP] (in range) event=36206, trackID=3, T0=-0.0634026
[COPY] event=36210, trackID=4, T0=-1.02472 -> /Volumes/ssd_zhang/thesis_michel/server_processing/t0_rootFiles/beam28806_new202602/wvf_applyCut_removeBeam/wvfFind_event36210_trackID4_opNum8.root
[COPY] event=36214, trackID=11, T0=-1.39945 -> /Volumes/ssd_zhang/thesis_michel/server_processing/t0_rootFiles/beam28806_new202602/wvf_applyCut_removeBeam/wvfFind_event36214_trackID11_opNum8.root
[COPY] event=36222, trackID=2, T0=0.404344 -> /Volumes/ssd_zhang/thesis_michel/server_processing/t0_rootFiles/beam28806_new202602/wvf_applyCut_removeBeam/wvfFind_event36222_trackID2_opNum5.root
[COPY] event=36224, trackID=17, T0=-0.120221 -> /Volumes/ssd_zhang/thesis_michel/server_processing/t0_rootFiles/beam28806_new202602/wvf_applyCut_removeBeam/wvfFind_event36224_trackID17_opNum5_merged.root
[COPY] event=3622, trackID=4, T0=0.304322 -> /Volumes/ssd_zhang/thesis_michel/server_processing/t0_rootFiles/beam28806_new202602/wvf_applyCut_removeBeam/wvfFind_event3622_trackID4_opNum5.root
[COPY] event=3622, trackID=4, T0=0.304322 -> /Volumes/ssd_zhang/thesis_michel/server_processing/t0_rootFiles/beam28806_new202602/wvf_applyCut_removeBeam/wvfFind_event3622_trackID4_opNum5_2.root
[SKIP] (in range) event=3623, trackID=3, T0=-0.0546583
[COPY] event=36241, trackID=17, T0=0.199684 -> /Volumes/ssd_zhang/thesis_michel/server_processing/t0_rootFiles/beam28806_new202602/wvf_applyCut_removeBeam/wvfFind_event36241_trackID17_opNum7.root
[COPY] event=36244, trackID=11, T0=-2.12188 -> /Volumes/ssd_zhang/thesis_michel/server_processing/t0_rootFiles/beam28806_new202602/wvf_applyCut_removeBeam/wvfFind_event36244_trackID11_opNum5.root
[COPY] event=36246, trackID=4, T0=-0.609864 -> /Volumes/ssd_zhang/thesis_michel/server_processing/t0_rootFiles/beam28806_new202602/wvf_applyCut_removeBeam/wvfFind_event36246_trackID4_opNum9.root
[COPY] event=36262, trackID=17, T0=-0.192636 -> /Volumes/ssd_zhang/thesis_michel/server_processing/t0_rootFiles/beam28806_new202602/wvf_applyCut_removeBeam/wvfFind_event36262_trackID17_opNum4.root
[COPY] event=36267, trackID=4, T0=0.217639 -> /Volumes/ssd_zhang/thesis_michel/server_processing/t0_rootFiles/beam28806_new202602/wvf_applyCut_removeBeam/wvfFind_event36267_trackID4_opNum5.root
[COPY] event=36270, trackID=24, T0=-1.97629 -> /Volumes/ssd_zhang/thesis_michel/server_processing/t0_rootFiles/beam28806_new202602/wvf_applyCut_removeBeam/wvfFind_event36270_trackID24_opNum7_merged.root
[COPY] event=36273, trackID=15, T0=-1.71261 -> /Volumes/ssd_zhang/thesis_michel/server_processing/t0_rootFiles/beam28806_new202602/wvf_applyCut_removeBeam/wvfFind_event36273_trackID15_opNum5.root
[COPY] event=36273, trackID=21, T0=-0.181275 -> /Volumes/ssd_zhang/thesis_michel/server_processing/t0_rootFiles/beam28806_new202602/wvf_applyCut_removeBeam/wvfFind_event36273_trackID21_opNum9.root
[COPY] event=36314, trackID=14, T0=-1.7655 -> /Volumes/ssd_zhang/thesis_michel/server_processing/t0_rootFiles/beam28806_new202602/wvf_applyCut_removeBeam/wvfFind_event36314_trackID14_opNum6.root
[COPY] event=36326, trackID=13, T0=-1.77232 -> /Volumes/ssd_zhang/thesis_michel/server_processing/t0_rootFiles/beam28806_new202602/wvf_applyCut_removeBeam/wvfFind_event36326_trackID13_opNum8_merged.root
[COPY] event=36327, trackID=11, T0=0.466132 -> /Volumes/ssd_zhang/thesis_michel/server_processing/t0_rootFiles/beam28806_new202602/wvf_applyCut_removeBeam/wvfFind_event36327_trackID11_opNum6.root
[COPY] event=36334, trackID=3, T0=-0.878326 -> /Volumes/ssd_zhang/thesis_michel/server_processing/t0_rootFiles/beam28806_new202602/wvf_applyCut_removeBeam/wvfFind_event36334_trackID3_opNum5.root
[COPY] event=36337, trackID=9, T0=-1.91189 -> /Volumes/ssd_zhang/thesis_michel/server_processing/t0_rootFiles/beam28806_new202602/wvf_applyCut_removeBeam/wvfFind_event36337_trackID9_opNum9.root
[COPY] event=36358, trackID=17, T0=-2.07897 -> /Volumes/ssd_zhang/thesis_michel/server_processing/t0_rootFiles/beam28806_new202602/wvf_applyCut_removeBeam/wvfFind_event36358_trackID17_opNum4.root
[COPY] event=36358, trackID=4, T0=-1.33446 -> /Volumes/ssd_zhang/thesis_michel/server_processing/t0_rootFiles/beam28806_new202602/wvf_applyCut_removeBeam/wvfFind_event36358_trackID4_opNum8.root
[COPY] event=36361, trackID=0, T0=-0.409805 -> /Volumes/ssd_zhang/thesis_michel/server_processing/t0_rootFiles/beam28806_new202602/wvf_applyCut_removeBeam/wvfFind_event36361_trackID0_opNum5_merged.root
[COPY] event=36372, trackID=11, T0=-1.6111 -> /Volumes/ssd_zhang/thesis_michel/server_processing/t0_rootFiles/beam28806_new202602/wvf_applyCut_removeBeam/wvfFind_event36372_trackID11_opNum8.root
[COPY] event=3638, trackID=5, T0=-1.56779 -> /Volumes/ssd_zhang/thesis_michel/server_processing/t0_rootFiles/beam28806_new202602/wvf_applyCut_removeBeam/wvfFind_event3638_trackID5_opNum4.root
[COPY] event=36397, trackID=4, T0=-0.494247 -> /Volumes/ssd_zhang/thesis_michel/server_processing/t0_rootFiles/beam28806_new202602/wvf_applyCut_removeBeam/wvfFind_event36397_trackID4_opNum3_merged.root
[COPY] event=36401, trackID=19, T0=-1.71261 -> /Volumes/ssd_zhang/thesis_michel/server_processing/t0_rootFiles/beam28806_new202602/wvf_applyCut_removeBeam/wvfFind_event36401_trackID19_opNum9.root
[COPY] event=36405, trackID=21, T0=-0.561175 -> /Volumes/ssd_zhang/thesis_michel/server_processing/t0_rootFiles/beam28806_new202602/wvf_applyCut_removeBeam/wvfFind_event36405_trackID21_opNum9.root
[COPY] event=36405, trackID=49, T0=-2.42895 -> /Volumes/ssd_zhang/thesis_michel/server_processing/t0_rootFiles/beam28806_new202602/wvf_applyCut_removeBeam/wvfFind_event36405_trackID49_opNum3.root
[COPY] event=36405, trackID=49, T0=-2.42895 -> /Volumes/ssd_zhang/thesis_michel/server_processing/t0_rootFiles/beam28806_new202602/wvf_applyCut_removeBeam/wvfFind_event36405_trackID49_opNum3_2.root
[COPY] event=36406, trackID=1, T0=-0.931947 -> /Volumes/ssd_zhang/thesis_michel/server_processing/t0_rootFiles/beam28806_new202602/wvf_applyCut_removeBeam/wvfFind_event36406_trackID1_opNum8.root
[COPY] event=36413, trackID=9, T0=-1.14218 -> /Volumes/ssd_zhang/thesis_michel/server_processing/t0_rootFiles/beam28806_new202602/wvf_applyCut_removeBeam/wvfFind_event36413_trackID9_opNum7.root
[COPY] event=36422, trackID=14, T0=-2.19536 -> /Volumes/ssd_zhang/thesis_michel/server_processing/t0_rootFiles/beam28806_new202602/wvf_applyCut_removeBeam/wvfFind_event36422_trackID14_opNum8.root
[COPY] event=36442, trackID=6, T0=-1.10662 -> /Volumes/ssd_zhang/thesis_michel/server_processing/t0_rootFiles/beam28806_new202602/wvf_applyCut_removeBeam/wvfFind_event36442_trackID6_opNum4.root
[COPY] event=36443, trackID=7, T0=-1.54218 -> /Volumes/ssd_zhang/thesis_michel/server_processing/t0_rootFiles/beam28806_new202602/wvf_applyCut_removeBeam/wvfFind_event36443_trackID7_opNum4.root
[COPY] event=36450, trackID=12, T0=-2.27378 -> /Volumes/ssd_zhang/thesis_michel/server_processing/t0_rootFiles/beam28806_new202602/wvf_applyCut_removeBeam/wvfFind_event36450_trackID12_opNum8_merged.root
[COPY] event=36451, trackID=22, T0=0.308134 -> /Volumes/ssd_zhang/thesis_michel/server_processing/t0_rootFiles/beam28806_new202602/wvf_applyCut_removeBeam/wvfFind_event36451_trackID22_opNum6_merged.root
[COPY] event=36462, trackID=0, T0=-0.959421 -> /Volumes/ssd_zhang/thesis_michel/server_processing/t0_rootFiles/beam28806_new202602/wvf_applyCut_removeBeam/wvfFind_event36462_trackID0_opNum4.root
[COPY] event=36482, trackID=2, T0=0.456122 -> /Volumes/ssd_zhang/thesis_michel/server_processing/t0_rootFiles/beam28806_new202602/wvf_applyCut_removeBeam/wvfFind_event36482_trackID2_opNum5.root
[COPY] event=36482, trackID=2, T0=0.456122 -> /Volumes/ssd_zhang/thesis_michel/server_processing/t0_rootFiles/beam28806_new202602/wvf_applyCut_removeBeam/wvfFind_event36482_trackID2_opNum5_2.root
[COPY] event=36492, trackID=4, T0=-0.977451 -> /Volumes/ssd_zhang/thesis_michel/server_processing/t0_rootFiles/beam28806_new202602/wvf_applyCut_removeBeam/wvfFind_event36492_trackID4_opNum8.root
[COPY] event=36492, trackID=4, T0=-0.977451 -> /Volumes/ssd_zhang/thesis_michel/server_processing/t0_rootFiles/beam28806_new202602/wvf_applyCut_removeBeam/wvfFind_event36492_trackID4_opNum8_2.root
[COPY] event=36514, trackID=14, T0=-1.3402 -> /Volumes/ssd_zhang/thesis_michel/server_processing/t0_rootFiles/beam28806_new202602/wvf_applyCut_removeBeam/wvfFind_event36514_trackID14_opNum9.root
[COPY] event=36517, trackID=2, T0=-1.9997 -> /Volumes/ssd_zhang/thesis_michel/server_processing/t0_rootFiles/beam28806_new202602/wvf_applyCut_removeBeam/wvfFind_event36517_trackID2_opNum9.root
[COPY] event=36536, trackID=27, T0=-2.29081 -> /Volumes/ssd_zhang/thesis_michel/server_processing/t0_rootFiles/beam28806_new202602/wvf_applyCut_removeBeam/wvfFind_event36536_trackID27_opNum4.root
[COPY] event=36564, trackID=8, T0=-0.92533 -> /Volumes/ssd_zhang/thesis_michel/server_processing/t0_rootFiles/beam28806_new202602/wvf_applyCut_removeBeam/wvfFind_event36564_trackID8_opNum9_merged.root
[COPY] event=36566, trackID=2, T0=0.472217 -> /Volumes/ssd_zhang/thesis_michel/server_processing/t0_rootFiles/beam28806_new202602/wvf_applyCut_removeBeam/wvfFind_event36566_trackID2_opNum9.root
[COPY] event=36577, trackID=8, T0=-1.94071 -> /Volumes/ssd_zhang/thesis_michel/server_processing/t0_rootFiles/beam28806_new202602/wvf_applyCut_removeBeam/wvfFind_event36577_trackID8_opNum6.root
[COPY] event=36577, trackID=9, T0=-1.68055 -> /Volumes/ssd_zhang/thesis_michel/server_processing/t0_rootFiles/beam28806_new202602/wvf_applyCut_removeBeam/wvfFind_event36577_trackID9_opNum9.root
[COPY] event=36577, trackID=9, T0=-1.68055 -> /Volumes/ssd_zhang/thesis_michel/server_processing/t0_rootFiles/beam28806_new202602/wvf_applyCut_removeBeam/wvfFind_event36577_trackID9_opNum9_2.root
[SKIP] (in range) event=36579, trackID=1, T0=-0.0384445
[SKIP] (in range) event=36579, trackID=1, T0=-0.0384445
[COPY] event=36586, trackID=6, T0=-0.887941 -> /Volumes/ssd_zhang/thesis_michel/server_processing/t0_rootFiles/beam28806_new202602/wvf_applyCut_removeBeam/wvfFind_event36586_trackID6_opNum9.root
[COPY] event=36605, trackID=6, T0=-1.50922 -> /Volumes/ssd_zhang/thesis_michel/server_processing/t0_rootFiles/beam28806_new202602/wvf_applyCut_removeBeam/wvfFind_event36605_trackID6_opNum4.root
[SKIP] (in range) event=36627, trackID=6, T0=-0.0706757
[COPY] event=36628, trackID=5, T0=-0.354366 -> /Volumes/ssd_zhang/thesis_michel/server_processing/t0_rootFiles/beam28806_new202602/wvf_applyCut_removeBeam/wvfFind_event36628_trackID5_opNum9_merged.root
[COPY] event=36638, trackID=9, T0=-1.51701 -> /Volumes/ssd_zhang/thesis_michel/server_processing/t0_rootFiles/beam28806_new202602/wvf_applyCut_removeBeam/wvfFind_event36638_trackID9_opNum4.root
[COPY] event=36639, trackID=0, T0=-1.81779 -> /Volumes/ssd_zhang/thesis_michel/server_processing/t0_rootFiles/beam28806_new202602/wvf_applyCut_removeBeam/wvfFind_event36639_trackID0_opNum9.root
[COPY] event=36664, trackID=3, T0=-0.677752 -> /Volumes/ssd_zhang/thesis_michel/server_processing/t0_rootFiles/beam28806_new202602/wvf_applyCut_removeBeam/wvfFind_event36664_trackID3_opNum8.root
[COPY] event=36665, trackID=7, T0=-1.69148 -> /Volumes/ssd_zhang/thesis_michel/server_processing/t0_rootFiles/beam28806_new202602/wvf_applyCut_removeBeam/wvfFind_event36665_trackID7_opNum8.root
[COPY] event=36682, trackID=6, T0=-0.94703 -> /Volumes/ssd_zhang/thesis_michel/server_processing/t0_rootFiles/beam28806_new202602/wvf_applyCut_removeBeam/wvfFind_event36682_trackID6_opNum4.root
[COPY] event=36696, trackID=28, T0=-2.1257 -> /Volumes/ssd_zhang/thesis_michel/server_processing/t0_rootFiles/beam28806_new202602/wvf_applyCut_removeBeam/wvfFind_event36696_trackID28_opNum9_merged.root
[SKIP] (in range) event=36696, trackID=4, T0=-0.0785126
[COPY] event=366, trackID=9, T0=-1.87806 -> /Volumes/ssd_zhang/thesis_michel/server_processing/t0_rootFiles/beam28806_new202602/wvf_applyCut_removeBeam/wvfFind_event366_trackID9_opNum9.root
[COPY] event=36736, trackID=4, T0=-0.742564 -> /Volumes/ssd_zhang/thesis_michel/server_processing/t0_rootFiles/beam28806_new202602/wvf_applyCut_removeBeam/wvfFind_event36736_trackID4_opNum9.root
[COPY] event=3674, trackID=1, T0=-0.316202 -> /Volumes/ssd_zhang/thesis_michel/server_processing/t0_rootFiles/beam28806_new202602/wvf_applyCut_removeBeam/wvfFind_event3674_trackID1_opNum5.root
[COPY] event=36751, trackID=6, T0=-1.56948 -> /Volumes/ssd_zhang/thesis_michel/server_processing/t0_rootFiles/beam28806_new202602/wvf_applyCut_removeBeam/wvfFind_event36751_trackID6_opNum5.root
[COPY] event=36753, trackID=16, T0=-2.15845 -> /Volumes/ssd_zhang/thesis_michel/server_processing/t0_rootFiles/beam28806_new202602/wvf_applyCut_removeBeam/wvfFind_event36753_trackID16_opNum3.root
[COPY] event=36762, trackID=4, T0=-0.355954 -> /Volumes/ssd_zhang/thesis_michel/server_processing/t0_rootFiles/beam28806_new202602/wvf_applyCut_removeBeam/wvfFind_event36762_trackID4_opNum5.root
[COPY] event=36801, trackID=21, T0=-2.13676 -> /Volumes/ssd_zhang/thesis_michel/server_processing/t0_rootFiles/beam28806_new202602/wvf_applyCut_removeBeam/wvfFind_event36801_trackID21_opNum9.root
[COPY] event=36801, trackID=4, T0=-1.39461 -> /Volumes/ssd_zhang/thesis_michel/server_processing/t0_rootFiles/beam28806_new202602/wvf_applyCut_removeBeam/wvfFind_event36801_trackID4_opNum8.root
[COPY] event=36809, trackID=23, T0=-2.00699 -> /Volumes/ssd_zhang/thesis_michel/server_processing/t0_rootFiles/beam28806_new202602/wvf_applyCut_removeBeam/wvfFind_event36809_trackID23_opNum4.root
[SKIP] (in range) event=36822, trackID=9, T0=-0.083645
[SKIP] (in range) event=36822, trackID=9, T0=-0.083645
[SKIP] (in range) event=36822, trackID=9, T0=-0.083645
[COPY] event=36840, trackID=3, T0=-0.788738 -> /Volumes/ssd_zhang/thesis_michel/server_processing/t0_rootFiles/beam28806_new202602/wvf_applyCut_removeBeam/wvfFind_event36840_trackID3_opNum9.root
[COPY] event=36844, trackID=6, T0=-1.12343 -> /Volumes/ssd_zhang/thesis_michel/server_processing/t0_rootFiles/beam28806_new202602/wvf_applyCut_removeBeam/wvfFind_event36844_trackID6_opNum6_merged.root
[COPY] event=368, trackID=28, T0=-2.25976 -> /Volumes/ssd_zhang/thesis_michel/server_processing/t0_rootFiles/beam28806_new202602/wvf_applyCut_removeBeam/wvfFind_event368_trackID28_opNum6.root
[COPY] event=36919, trackID=7, T0=-0.193978 -> /Volumes/ssd_zhang/thesis_michel/server_processing/t0_rootFiles/beam28806_new202602/wvf_applyCut_removeBeam/wvfFind_event36919_trackID7_opNum5.root
[SKIP] (in range) event=36925, trackID=2, T0=-0.111394
[COPY] event=36928, trackID=2, T0=-1.13602 -> /Volumes/ssd_zhang/thesis_michel/server_processing/t0_rootFiles/beam28806_new202602/wvf_applyCut_removeBeam/wvfFind_event36928_trackID2_opNum3.root
[COPY] event=36944, trackID=1, T0=-0.675696 -> /Volumes/ssd_zhang/thesis_michel/server_processing/t0_rootFiles/beam28806_new202602/wvf_applyCut_removeBeam/wvfFind_event36944_trackID1_opNum9_merged.root
[COPY] event=36945, trackID=5, T0=-1.25425 -> /Volumes/ssd_zhang/thesis_michel/server_processing/t0_rootFiles/beam28806_new202602/wvf_applyCut_removeBeam/wvfFind_event36945_trackID5_opNum5.root
[COPY] event=36950, trackID=3, T0=0.444829 -> /Volumes/ssd_zhang/thesis_michel/server_processing/t0_rootFiles/beam28806_new202602/wvf_applyCut_removeBeam/wvfFind_event36950_trackID3_opNum5.root
[COPY] event=36969, trackID=11, T0=-2.09946 -> /Volumes/ssd_zhang/thesis_michel/server_processing/t0_rootFiles/beam28806_new202602/wvf_applyCut_removeBeam/wvfFind_event36969_trackID11_opNum3_merged.root
[COPY] event=36969, trackID=29, T0=-2.4361 -> /Volumes/ssd_zhang/thesis_michel/server_processing/t0_rootFiles/beam28806_new202602/wvf_applyCut_removeBeam/wvfFind_event36969_trackID29_opNum6.root
[COPY] event=36978, trackID=1, T0=0.441326 -> /Volumes/ssd_zhang/thesis_michel/server_processing/t0_rootFiles/beam28806_new202602/wvf_applyCut_removeBeam/wvfFind_event36978_trackID1_opNum9.root
[COPY] event=36986, trackID=12, T0=-2.22714 -> /Volumes/ssd_zhang/thesis_michel/server_processing/t0_rootFiles/beam28806_new202602/wvf_applyCut_removeBeam/wvfFind_event36986_trackID12_opNum9.root
[COPY] event=36992, trackID=21, T0=-2.38508 -> /Volumes/ssd_zhang/thesis_michel/server_processing/t0_rootFiles/beam28806_new202602/wvf_applyCut_removeBeam/wvfFind_event36992_trackID21_opNum9.root
[COPY] event=37013, trackID=7, T0=-1.45974 -> /Volumes/ssd_zhang/thesis_michel/server_processing/t0_rootFiles/beam28806_new202602/wvf_applyCut_removeBeam/wvfFind_event37013_trackID7_opNum4.root
[COPY] event=37013, trackID=7, T0=-1.45974 -> /Volumes/ssd_zhang/thesis_michel/server_processing/t0_rootFiles/beam28806_new202602/wvf_applyCut_removeBeam/wvfFind_event37013_trackID7_opNum4_2.root
[SKIP] (in range) event=37022, trackID=17, T0=-0.0707248
[COPY] event=37034, trackID=5, T0=-1.97637 -> /Volumes/ssd_zhang/thesis_michel/server_processing/t0_rootFiles/beam28806_new202602/wvf_applyCut_removeBeam/wvfFind_event37034_trackID5_opNum3.root
[COPY] event=37036, trackID=21, T0=-2.47715 -> /Volumes/ssd_zhang/thesis_michel/server_processing/t0_rootFiles/beam28806_new202602/wvf_applyCut_removeBeam/wvfFind_event37036_trackID21_opNum6.root
[COPY] event=37036, trackID=21, T0=-2.47715 -> /Volumes/ssd_zhang/thesis_michel/server_processing/t0_rootFiles/beam28806_new202602/wvf_applyCut_removeBeam/wvfFind_event37036_trackID21_opNum6_2.root
[COPY] event=37038, trackID=0, T0=0.282876 -> /Volumes/ssd_zhang/thesis_michel/server_processing/t0_rootFiles/beam28806_new202602/wvf_applyCut_removeBeam/wvfFind_event37038_trackID0_opNum9.root
[COPY] event=37092, trackID=11, T0=-1.1442 -> /Volumes/ssd_zhang/thesis_michel/server_processing/t0_rootFiles/beam28806_new202602/wvf_applyCut_removeBeam/wvfFind_event37092_trackID11_opNum6.root
[COPY] event=37102, trackID=6, T0=-0.961432 -> /Volumes/ssd_zhang/thesis_michel/server_processing/t0_rootFiles/beam28806_new202602/wvf_applyCut_removeBeam/wvfFind_event37102_trackID6_opNum9.root
[COPY] event=3712, trackID=18, T0=-0.356784 -> /Volumes/ssd_zhang/thesis_michel/server_processing/t0_rootFiles/beam28806_new202602/wvf_applyCut_removeBeam/wvfFind_event3712_trackID18_opNum9.root
[COPY] event=37134, trackID=8, T0=-0.582741 -> /Volumes/ssd_zhang/thesis_michel/server_processing/t0_rootFiles/beam28806_new202602/wvf_applyCut_removeBeam/wvfFind_event37134_trackID8_opNum6.root
[COPY] event=37134, trackID=8, T0=-0.582741 -> /Volumes/ssd_zhang/thesis_michel/server_processing/t0_rootFiles/beam28806_new202602/wvf_applyCut_removeBeam/wvfFind_event37134_trackID8_opNum6_2.root
[COPY] event=37188, trackID=6, T0=-1.10302 -> /Volumes/ssd_zhang/thesis_michel/server_processing/t0_rootFiles/beam28806_new202602/wvf_applyCut_removeBeam/wvfFind_event37188_trackID6_opNum9.root
[COPY] event=37239, trackID=9, T0=-0.233074 -> /Volumes/ssd_zhang/thesis_michel/server_processing/t0_rootFiles/beam28806_new202602/wvf_applyCut_removeBeam/wvfFind_event37239_trackID9_opNum3.root
[COPY] event=37247, trackID=8, T0=-1.81787 -> /Volumes/ssd_zhang/thesis_michel/server_processing/t0_rootFiles/beam28806_new202602/wvf_applyCut_removeBeam/wvfFind_event37247_trackID8_opNum4.root
[COPY] event=3726, trackID=2, T0=-1.42634 -> /Volumes/ssd_zhang/thesis_michel/server_processing/t0_rootFiles/beam28806_new202602/wvf_applyCut_removeBeam/wvfFind_event3726_trackID2_opNum8.root
[COPY] event=37296, trackID=0, T0=-2.31261 -> /Volumes/ssd_zhang/thesis_michel/server_processing/t0_rootFiles/beam28806_new202602/wvf_applyCut_removeBeam/wvfFind_event37296_trackID0_opNum8_merged.root
[COPY] event=37322, trackID=12, T0=-1.4917 -> /Volumes/ssd_zhang/thesis_michel/server_processing/t0_rootFiles/beam28806_new202602/wvf_applyCut_removeBeam/wvfFind_event37322_trackID12_opNum8.root
[COPY] event=37333, trackID=0, T0=-0.544977 -> /Volumes/ssd_zhang/thesis_michel/server_processing/t0_rootFiles/beam28806_new202602/wvf_applyCut_removeBeam/wvfFind_event37333_trackID0_opNum5.root
[COPY] event=37351, trackID=14, T0=-0.709588 -> /Volumes/ssd_zhang/thesis_michel/server_processing/t0_rootFiles/beam28806_new202602/wvf_applyCut_removeBeam/wvfFind_event37351_trackID14_opNum8.root
[COPY] event=37360, trackID=12, T0=-0.899874 -> /Volumes/ssd_zhang/thesis_michel/server_processing/t0_rootFiles/beam28806_new202602/wvf_applyCut_removeBeam/wvfFind_event37360_trackID12_opNum5_2.root
[COPY] event=37360, trackID=12, T0=-0.899874 -> /Volumes/ssd_zhang/thesis_michel/server_processing/t0_rootFiles/beam28806_new202602/wvf_applyCut_removeBeam/wvfFind_event37360_trackID12_opNum6_merged.root
[COPY] event=37362, trackID=1, T0=-2.14271 -> /Volumes/ssd_zhang/thesis_michel/server_processing/t0_rootFiles/beam28806_new202602/wvf_applyCut_removeBeam/wvfFind_event37362_trackID1_opNum5.root
[COPY] event=37372, trackID=0, T0=0.359411 -> /Volumes/ssd_zhang/thesis_michel/server_processing/t0_rootFiles/beam28806_new202602/wvf_applyCut_removeBeam/wvfFind_event37372_trackID0_opNum8.root
[COPY] event=37377, trackID=2, T0=-1.17744 -> /Volumes/ssd_zhang/thesis_michel/server_processing/t0_rootFiles/beam28806_new202602/wvf_applyCut_removeBeam/wvfFind_event37377_trackID2_opNum4_merged.root
[COPY] event=3737, trackID=19, T0=-0.602194 -> /Volumes/ssd_zhang/thesis_michel/server_processing/t0_rootFiles/beam28806_new202602/wvf_applyCut_removeBeam/wvfFind_event3737_trackID19_opNum7.root
[COPY] event=37382, trackID=6, T0=2.52068 -> /Volumes/ssd_zhang/thesis_michel/server_processing/t0_rootFiles/beam28806_new202602/wvf_applyCut_removeBeam/wvfFind_event37382_trackID6_opNum9.root
[COPY] event=37386, trackID=3, T0=-0.713782 -> /Volumes/ssd_zhang/thesis_michel/server_processing/t0_rootFiles/beam28806_new202602/wvf_applyCut_removeBeam/wvfFind_event37386_trackID3_opNum5.root
[COPY] event=37392, trackID=5, T0=-1.49568 -> /Volumes/ssd_zhang/thesis_michel/server_processing/t0_rootFiles/beam28806_new202602/wvf_applyCut_removeBeam/wvfFind_event37392_trackID5_opNum4.root
[COPY] event=37397, trackID=1, T0=-0.866918 -> /Volumes/ssd_zhang/thesis_michel/server_processing/t0_rootFiles/beam28806_new202602/wvf_applyCut_removeBeam/wvfFind_event37397_trackID1_opNum9.root
[COPY] event=37401, trackID=17, T0=-2.25488 -> /Volumes/ssd_zhang/thesis_michel/server_processing/t0_rootFiles/beam28806_new202602/wvf_applyCut_removeBeam/wvfFind_event37401_trackID17_opNum3.root
[COPY] event=37409, trackID=10, T0=-0.789399 -> /Volumes/ssd_zhang/thesis_michel/server_processing/t0_rootFiles/beam28806_new202602/wvf_applyCut_removeBeam/wvfFind_event37409_trackID10_opNum7_merged.root
[COPY] event=37420, trackID=15, T0=-1.39161 -> /Volumes/ssd_zhang/thesis_michel/server_processing/t0_rootFiles/beam28806_new202602/wvf_applyCut_removeBeam/wvfFind_event37420_trackID15_opNum6.root
[COPY] event=37421, trackID=7, T0=-2.1612 -> /Volumes/ssd_zhang/thesis_michel/server_processing/t0_rootFiles/beam28806_new202602/wvf_applyCut_removeBeam/wvfFind_event37421_trackID7_opNum8.root
[COPY] event=37434, trackID=3, T0=0.309244 -> /Volumes/ssd_zhang/thesis_michel/server_processing/t0_rootFiles/beam28806_new202602/wvf_applyCut_removeBeam/wvfFind_event37434_trackID3_opNum9.root
[COPY] event=37434, trackID=5, T0=-0.939462 -> /Volumes/ssd_zhang/thesis_michel/server_processing/t0_rootFiles/beam28806_new202602/wvf_applyCut_removeBeam/wvfFind_event37434_trackID5_opNum4.root
[COPY] event=37435, trackID=1, T0=0.0745239 -> /Volumes/ssd_zhang/thesis_michel/server_processing/t0_rootFiles/beam28806_new202602/wvf_applyCut_removeBeam/wvfFind_event37435_trackID1_opNum5.root
[COPY] event=37454, trackID=13, T0=-1.34583 -> /Volumes/ssd_zhang/thesis_michel/server_processing/t0_rootFiles/beam28806_new202602/wvf_applyCut_removeBeam/wvfFind_event37454_trackID13_opNum7_merged.root
[COPY] event=37506, trackID=18, T0=-1.92002 -> /Volumes/ssd_zhang/thesis_michel/server_processing/t0_rootFiles/beam28806_new202602/wvf_applyCut_removeBeam/wvfFind_event37506_trackID18_opNum9.root
[COPY] event=37506, trackID=18, T0=-1.92002 -> /Volumes/ssd_zhang/thesis_michel/server_processing/t0_rootFiles/beam28806_new202602/wvf_applyCut_removeBeam/wvfFind_event37506_trackID18_opNum9_2.root
[COPY] event=37508, trackID=11, T0=-2.03755 -> /Volumes/ssd_zhang/thesis_michel/server_processing/t0_rootFiles/beam28806_new202602/wvf_applyCut_removeBeam/wvfFind_event37508_trackID11_opNum8.root
[COPY] event=37525, trackID=2, T0=-0.987356 -> /Volumes/ssd_zhang/thesis_michel/server_processing/t0_rootFiles/beam28806_new202602/wvf_applyCut_removeBeam/wvfFind_event37525_trackID2_opNum5.root
[COPY] event=37525, trackID=2, T0=-0.987356 -> /Volumes/ssd_zhang/thesis_michel/server_processing/t0_rootFiles/beam28806_new202602/wvf_applyCut_removeBeam/wvfFind_event37525_trackID2_opNum5_2.root
[COPY] event=37525, trackID=2, T0=-0.987356 -> /Volumes/ssd_zhang/thesis_michel/server_processing/t0_rootFiles/beam28806_new202602/wvf_applyCut_removeBeam/wvfFind_event37525_trackID2_opNum5_3.root
[SKIP] (in range) event=37528, trackID=8, T0=-0.102707
[COPY] event=37540, trackID=8, T0=0.219587 -> /Volumes/ssd_zhang/thesis_michel/server_processing/t0_rootFiles/beam28806_new202602/wvf_applyCut_removeBeam/wvfFind_event37540_trackID8_opNum4.root
[COPY] event=37542, trackID=10, T0=-0.154927 -> /Volumes/ssd_zhang/thesis_michel/server_processing/t0_rootFiles/beam28806_new202602/wvf_applyCut_removeBeam/wvfFind_event37542_trackID10_opNum9.root
[COPY] event=37544, trackID=16, T0=-2.2303 -> /Volumes/ssd_zhang/thesis_michel/server_processing/t0_rootFiles/beam28806_new202602/wvf_applyCut_removeBeam/wvfFind_event37544_trackID16_opNum5.root
[COPY] event=37555, trackID=23, T0=-0.613974 -> /Volumes/ssd_zhang/thesis_michel/server_processing/t0_rootFiles/beam28806_new202602/wvf_applyCut_removeBeam/wvfFind_event37555_trackID23_opNum6.root
[COPY] event=37584, trackID=5, T0=-1.00431 -> /Volumes/ssd_zhang/thesis_michel/server_processing/t0_rootFiles/beam28806_new202602/wvf_applyCut_removeBeam/wvfFind_event37584_trackID5_opNum6.root
[COPY] event=37587, trackID=8, T0=0.226604 -> /Volumes/ssd_zhang/thesis_michel/server_processing/t0_rootFiles/beam28806_new202602/wvf_applyCut_removeBeam/wvfFind_event37587_trackID8_opNum6.root
[COPY] event=37593, trackID=8, T0=-2.19911 -> /Volumes/ssd_zhang/thesis_michel/server_processing/t0_rootFiles/beam28806_new202602/wvf_applyCut_removeBeam/wvfFind_event37593_trackID8_opNum3.root
[COPY] event=37596, trackID=13, T0=-2.12477 -> /Volumes/ssd_zhang/thesis_michel/server_processing/t0_rootFiles/beam28806_new202602/wvf_applyCut_removeBeam/wvfFind_event37596_trackID13_opNum5.root
[COPY] event=37596, trackID=13, T0=-2.12477 -> /Volumes/ssd_zhang/thesis_michel/server_processing/t0_rootFiles/beam28806_new202602/wvf_applyCut_removeBeam/wvfFind_event37596_trackID13_opNum5_2.root
[COPY] event=375, trackID=5, T0=-1.05521 -> /Volumes/ssd_zhang/thesis_michel/server_processing/t0_rootFiles/beam28806_new202602/wvf_applyCut_removeBeam/wvfFind_event375_trackID5_opNum9.root
[COPY] event=37612, trackID=16, T0=-0.34712 -> /Volumes/ssd_zhang/thesis_michel/server_processing/t0_rootFiles/beam28806_new202602/wvf_applyCut_removeBeam/wvfFind_event37612_trackID16_opNum3_merged.root
[COPY] event=37630, trackID=20, T0=0.442489 -> /Volumes/ssd_zhang/thesis_michel/server_processing/t0_rootFiles/beam28806_new202602/wvf_applyCut_removeBeam/wvfFind_event37630_trackID20_opNum9.root
[COPY] event=37651, trackID=19, T0=-2.22787 -> /Volumes/ssd_zhang/thesis_michel/server_processing/t0_rootFiles/beam28806_new202602/wvf_applyCut_removeBeam/wvfFind_event37651_trackID19_opNum5.root
[COPY] event=37659, trackID=0, T0=0.129404 -> /Volumes/ssd_zhang/thesis_michel/server_processing/t0_rootFiles/beam28806_new202602/wvf_applyCut_removeBeam/wvfFind_event37659_trackID0_opNum7_merged.root
[COPY] event=37673, trackID=0, T0=-1.4965 -> /Volumes/ssd_zhang/thesis_michel/server_processing/t0_rootFiles/beam28806_new202602/wvf_applyCut_removeBeam/wvfFind_event37673_trackID0_opNum5_merged.root
[COPY] event=37673, trackID=12, T0=-1.6546 -> /Volumes/ssd_zhang/thesis_michel/server_processing/t0_rootFiles/beam28806_new202602/wvf_applyCut_removeBeam/wvfFind_event37673_trackID12_opNum9.root
[COPY] event=37680, trackID=11, T0=-1.66363 -> /Volumes/ssd_zhang/thesis_michel/server_processing/t0_rootFiles/beam28806_new202602/wvf_applyCut_removeBeam/wvfFind_event37680_trackID11_opNum5_merged.root
[COPY] event=37719, trackID=0, T0=0.110033 -> /Volumes/ssd_zhang/thesis_michel/server_processing/t0_rootFiles/beam28806_new202602/wvf_applyCut_removeBeam/wvfFind_event37719_trackID0_opNum3.root
[COPY] event=37719, trackID=14, T0=-1.72322 -> /Volumes/ssd_zhang/thesis_michel/server_processing/t0_rootFiles/beam28806_new202602/wvf_applyCut_removeBeam/wvfFind_event37719_trackID14_opNum9.root
[COPY] event=37719, trackID=14, T0=-1.72322 -> /Volumes/ssd_zhang/thesis_michel/server_processing/t0_rootFiles/beam28806_new202602/wvf_applyCut_removeBeam/wvfFind_event37719_trackID14_opNum9_2.root
[COPY] event=37734, trackID=8, T0=-1.36849 -> /Volumes/ssd_zhang/thesis_michel/server_processing/t0_rootFiles/beam28806_new202602/wvf_applyCut_removeBeam/wvfFind_event37734_trackID8_opNum3.root
[COPY] event=37752, trackID=13, T0=-1.48048 -> /Volumes/ssd_zhang/thesis_michel/server_processing/t0_rootFiles/beam28806_new202602/wvf_applyCut_removeBeam/wvfFind_event37752_trackID13_opNum8.root
[COPY] event=37780, trackID=2, T0=-0.238477 -> /Volumes/ssd_zhang/thesis_michel/server_processing/t0_rootFiles/beam28806_new202602/wvf_applyCut_removeBeam/wvfFind_event37780_trackID2_opNum5.root
[COPY] event=37811, trackID=10, T0=0.764962 -> /Volumes/ssd_zhang/thesis_michel/server_processing/t0_rootFiles/beam28806_new202602/wvf_applyCut_removeBeam/wvfFind_event37811_trackID10_opNum9_merged.root
[COPY] event=37812, trackID=23, T0=0.656175 -> /Volumes/ssd_zhang/thesis_michel/server_processing/t0_rootFiles/beam28806_new202602/wvf_applyCut_removeBeam/wvfFind_event37812_trackID23_opNum6.root
[COPY] event=37823, trackID=1, T0=-0.425462 -> /Volumes/ssd_zhang/thesis_michel/server_processing/t0_rootFiles/beam28806_new202602/wvf_applyCut_removeBeam/wvfFind_event37823_trackID1_opNum9.root
[COPY] event=37823, trackID=1, T0=-0.425462 -> /Volumes/ssd_zhang/thesis_michel/server_processing/t0_rootFiles/beam28806_new202602/wvf_applyCut_removeBeam/wvfFind_event37823_trackID1_opNum9_2.root
[COPY] event=37827, trackID=0, T0=-0.199708 -> /Volumes/ssd_zhang/thesis_michel/server_processing/t0_rootFiles/beam28806_new202602/wvf_applyCut_removeBeam/wvfFind_event37827_trackID0_opNum5.root
[COPY] event=37827, trackID=5, T0=0.281288 -> /Volumes/ssd_zhang/thesis_michel/server_processing/t0_rootFiles/beam28806_new202602/wvf_applyCut_removeBeam/wvfFind_event37827_trackID5_opNum7_merged.root
[COPY] event=3784, trackID=8, T0=-0.126211 -> /Volumes/ssd_zhang/thesis_michel/server_processing/t0_rootFiles/beam28806_new202602/wvf_applyCut_removeBeam/wvfFind_event3784_trackID8_opNum5.root
[SKIP] (in range) event=37862, trackID=13, T0=-0.114963
[COPY] event=3786, trackID=25, T0=-1.53083 -> /Volumes/ssd_zhang/thesis_michel/server_processing/t0_rootFiles/beam28806_new202602/wvf_applyCut_removeBeam/wvfFind_event3786_trackID25_opNum9.root
[COPY] event=37879, trackID=10, T0=-0.565553 -> /Volumes/ssd_zhang/thesis_michel/server_processing/t0_rootFiles/beam28806_new202602/wvf_applyCut_removeBeam/wvfFind_event37879_trackID10_opNum9_merged.root
[COPY] event=37885, trackID=17, T0=-1.90924 -> /Volumes/ssd_zhang/thesis_michel/server_processing/t0_rootFiles/beam28806_new202602/wvf_applyCut_removeBeam/wvfFind_event37885_trackID17_opNum9.root
[COPY] event=37888, trackID=6, T0=-1.44507 -> /Volumes/ssd_zhang/thesis_michel/server_processing/t0_rootFiles/beam28806_new202602/wvf_applyCut_removeBeam/wvfFind_event37888_trackID6_opNum9.root
[COPY] event=37893, trackID=11, T0=-1.0511 -> /Volumes/ssd_zhang/thesis_michel/server_processing/t0_rootFiles/beam28806_new202602/wvf_applyCut_removeBeam/wvfFind_event37893_trackID11_opNum4.root
[COPY] event=37893, trackID=17, T0=-1.80638 -> /Volumes/ssd_zhang/thesis_michel/server_processing/t0_rootFiles/beam28806_new202602/wvf_applyCut_removeBeam/wvfFind_event37893_trackID17_opNum4.root
[COPY] event=37942, trackID=4, T0=-1.53772 -> /Volumes/ssd_zhang/thesis_michel/server_processing/t0_rootFiles/beam28806_new202602/wvf_applyCut_removeBeam/wvfFind_event37942_trackID4_opNum9.root
[COPY] event=37942, trackID=6, T0=-1.91477 -> /Volumes/ssd_zhang/thesis_michel/server_processing/t0_rootFiles/beam28806_new202602/wvf_applyCut_removeBeam/wvfFind_event37942_trackID6_opNum3.root
[COPY] event=37952, trackID=4, T0=-1.28958 -> /Volumes/ssd_zhang/thesis_michel/server_processing/t0_rootFiles/beam28806_new202602/wvf_applyCut_removeBeam/wvfFind_event37952_trackID4_opNum5.root
[COPY] event=37969, trackID=9, T0=0.440002 -> /Volumes/ssd_zhang/thesis_michel/server_processing/t0_rootFiles/beam28806_new202602/wvf_applyCut_removeBeam/wvfFind_event37969_trackID9_opNum5.root
[COPY] event=37973, trackID=1, T0=-0.177066 -> /Volumes/ssd_zhang/thesis_michel/server_processing/t0_rootFiles/beam28806_new202602/wvf_applyCut_removeBeam/wvfFind_event37973_trackID1_opNum4.root
[COPY] event=37996, trackID=11, T0=-2.15932 -> /Volumes/ssd_zhang/thesis_michel/server_processing/t0_rootFiles/beam28806_new202602/wvf_applyCut_removeBeam/wvfFind_event37996_trackID11_opNum9.root
[COPY] event=38000, trackID=10, T0=0.261365 -> /Volumes/ssd_zhang/thesis_michel/server_processing/t0_rootFiles/beam28806_new202602/wvf_applyCut_removeBeam/wvfFind_event38000_trackID10_opNum8.root
[COPY] event=38012, trackID=7, T0=-0.214401 -> /Volumes/ssd_zhang/thesis_michel/server_processing/t0_rootFiles/beam28806_new202602/wvf_applyCut_removeBeam/wvfFind_event38012_trackID7_opNum9_merged.root
[COPY] event=38036, trackID=2, T0=0.131081 -> /Volumes/ssd_zhang/thesis_michel/server_processing/t0_rootFiles/beam28806_new202602/wvf_applyCut_removeBeam/wvfFind_event38036_trackID2_opNum9.root
[COPY] event=38036, trackID=2, T0=0.131081 -> /Volumes/ssd_zhang/thesis_michel/server_processing/t0_rootFiles/beam28806_new202602/wvf_applyCut_removeBeam/wvfFind_event38036_trackID2_opNum9_2.root
[COPY] event=38062, trackID=13, T0=-2.04963 -> /Volumes/ssd_zhang/thesis_michel/server_processing/t0_rootFiles/beam28806_new202602/wvf_applyCut_removeBeam/wvfFind_event38062_trackID13_opNum3.root
[COPY] event=38062, trackID=13, T0=-2.04963 -> /Volumes/ssd_zhang/thesis_michel/server_processing/t0_rootFiles/beam28806_new202602/wvf_applyCut_removeBeam/wvfFind_event38062_trackID13_opNum3_2.root
[COPY] event=38062, trackID=7, T0=-1.73838 -> /Volumes/ssd_zhang/thesis_michel/server_processing/t0_rootFiles/beam28806_new202602/wvf_applyCut_removeBeam/wvfFind_event38062_trackID7_opNum3.root
[COPY] event=38070, trackID=6, T0=-1.83803 -> /Volumes/ssd_zhang/thesis_michel/server_processing/t0_rootFiles/beam28806_new202602/wvf_applyCut_removeBeam/wvfFind_event38070_trackID6_opNum3_merged.root
[COPY] event=38075, trackID=9, T0=-0.36614 -> /Volumes/ssd_zhang/thesis_michel/server_processing/t0_rootFiles/beam28806_new202602/wvf_applyCut_removeBeam/wvfFind_event38075_trackID9_opNum6.root
[COPY] event=3807, trackID=19, T0=-2.32551 -> /Volumes/ssd_zhang/thesis_michel/server_processing/t0_rootFiles/beam28806_new202602/wvf_applyCut_removeBeam/wvfFind_event3807_trackID19_opNum9.root
[COPY] event=38084, trackID=12, T0=1.7997 -> /Volumes/ssd_zhang/thesis_michel/server_processing/t0_rootFiles/beam28806_new202602/wvf_applyCut_removeBeam/wvfFind_event38084_trackID12_opNum4.root
[COPY] event=38112, trackID=42, T0=-2.44959 -> /Volumes/ssd_zhang/thesis_michel/server_processing/t0_rootFiles/beam28806_new202602/wvf_applyCut_removeBeam/wvfFind_event38112_trackID42_opNum9.root
[COPY] event=38112, trackID=42, T0=-2.44959 -> /Volumes/ssd_zhang/thesis_michel/server_processing/t0_rootFiles/beam28806_new202602/wvf_applyCut_removeBeam/wvfFind_event38112_trackID42_opNum9_2.root
[COPY] event=38114, trackID=5, T0=-1.36739 -> /Volumes/ssd_zhang/thesis_michel/server_processing/t0_rootFiles/beam28806_new202602/wvf_applyCut_removeBeam/wvfFind_event38114_trackID5_opNum5.root
[COPY] event=38196, trackID=17, T0=-2.29164 -> /Volumes/ssd_zhang/thesis_michel/server_processing/t0_rootFiles/beam28806_new202602/wvf_applyCut_removeBeam/wvfFind_event38196_trackID17_opNum9.root
[COPY] event=381, trackID=0, T0=-0.515863 -> /Volumes/ssd_zhang/thesis_michel/server_processing/t0_rootFiles/beam28806_new202602/wvf_applyCut_removeBeam/wvfFind_event381_trackID0_opNum3.root
[COPY] event=38215, trackID=10, T0=-1.47277 -> /Volumes/ssd_zhang/thesis_michel/server_processing/t0_rootFiles/beam28806_new202602/wvf_applyCut_removeBeam/wvfFind_event38215_trackID10_opNum9.root
[COPY] event=38224, trackID=2, T0=0.418722 -> /Volumes/ssd_zhang/thesis_michel/server_processing/t0_rootFiles/beam28806_new202602/wvf_applyCut_removeBeam/wvfFind_event38224_trackID2_opNum4.root
[COPY] event=38234, trackID=1, T0=-0.599601 -> /Volumes/ssd_zhang/thesis_michel/server_processing/t0_rootFiles/beam28806_new202602/wvf_applyCut_removeBeam/wvfFind_event38234_trackID1_opNum4_2.root
[COPY] event=38234, trackID=1, T0=-0.599601 -> /Volumes/ssd_zhang/thesis_michel/server_processing/t0_rootFiles/beam28806_new202602/wvf_applyCut_removeBeam/wvfFind_event38234_trackID1_opNum5_merged.root
[COPY] event=38242, trackID=32, T0=-2.41101 -> /Volumes/ssd_zhang/thesis_michel/server_processing/t0_rootFiles/beam28806_new202602/wvf_applyCut_removeBeam/wvfFind_event38242_trackID32_opNum8_merged.root
[COPY] event=3829, trackID=11, T0=-1.6972 -> /Volumes/ssd_zhang/thesis_michel/server_processing/t0_rootFiles/beam28806_new202602/wvf_applyCut_removeBeam/wvfFind_event3829_trackID11_opNum5.root
[COPY] event=38303, trackID=11, T0=0.339146 -> /Volumes/ssd_zhang/thesis_michel/server_processing/t0_rootFiles/beam28806_new202602/wvf_applyCut_removeBeam/wvfFind_event38303_trackID11_opNum3.root
[COPY] event=3830, trackID=0, T0=0.0413456 -> /Volumes/ssd_zhang/thesis_michel/server_processing/t0_rootFiles/beam28806_new202602/wvf_applyCut_removeBeam/wvfFind_event3830_trackID0_opNum4.root
[SKIP] (in range) event=38318, trackID=9, T0=-0.0428451
[COPY] event=3833, trackID=9, T0=-1.01319 -> /Volumes/ssd_zhang/thesis_michel/server_processing/t0_rootFiles/beam28806_new202602/wvf_applyCut_removeBeam/wvfFind_event3833_trackID9_opNum5.root
[COPY] event=3833, trackID=9, T0=-1.01319 -> /Volumes/ssd_zhang/thesis_michel/server_processing/t0_rootFiles/beam28806_new202602/wvf_applyCut_removeBeam/wvfFind_event3833_trackID9_opNum5_2.root
[COPY] event=38351, trackID=13, T0=-2.24798 -> /Volumes/ssd_zhang/thesis_michel/server_processing/t0_rootFiles/beam28806_new202602/wvf_applyCut_removeBeam/wvfFind_event38351_trackID13_opNum8.root
[COPY] event=38356, trackID=8, T0=-0.991292 -> /Volumes/ssd_zhang/thesis_michel/server_processing/t0_rootFiles/beam28806_new202602/wvf_applyCut_removeBeam/wvfFind_event38356_trackID8_opNum3.root
[COPY] event=38415, trackID=22, T0=-1.03722 -> /Volumes/ssd_zhang/thesis_michel/server_processing/t0_rootFiles/beam28806_new202602/wvf_applyCut_removeBeam/wvfFind_event38415_trackID22_opNum9.root
[COPY] event=38417, trackID=0, T0=0.117628 -> /Volumes/ssd_zhang/thesis_michel/server_processing/t0_rootFiles/beam28806_new202602/wvf_applyCut_removeBeam/wvfFind_event38417_trackID0_opNum5.root
[COPY] event=3844, trackID=4, T0=-0.341365 -> /Volumes/ssd_zhang/thesis_michel/server_processing/t0_rootFiles/beam28806_new202602/wvf_applyCut_removeBeam/wvfFind_event3844_trackID4_opNum5.root
[COPY] event=38460, trackID=2, T0=-1.67696 -> /Volumes/ssd_zhang/thesis_michel/server_processing/t0_rootFiles/beam28806_new202602/wvf_applyCut_removeBeam/wvfFind_event38460_trackID2_opNum3.root
[COPY] event=38467, trackID=15, T0=0.0827046 -> /Volumes/ssd_zhang/thesis_michel/server_processing/t0_rootFiles/beam28806_new202602/wvf_applyCut_removeBeam/wvfFind_event38467_trackID15_opNum8_merged.root
[COPY] event=38480, trackID=7, T0=-1.59994 -> /Volumes/ssd_zhang/thesis_michel/server_processing/t0_rootFiles/beam28806_new202602/wvf_applyCut_removeBeam/wvfFind_event38480_trackID7_opNum8.root
[COPY] event=38483, trackID=9, T0=-1.23543 -> /Volumes/ssd_zhang/thesis_michel/server_processing/t0_rootFiles/beam28806_new202602/wvf_applyCut_removeBeam/wvfFind_event38483_trackID9_opNum3.root
[SKIP] (in range) event=38484, trackID=1, T0=-0.110379
[COPY] event=38524, trackID=15, T0=-1.61186 -> /Volumes/ssd_zhang/thesis_michel/server_processing/t0_rootFiles/beam28806_new202602/wvf_applyCut_removeBeam/wvfFind_event38524_trackID15_opNum5_merged.root
[COPY] event=38539, trackID=11, T0=-1.49113 -> /Volumes/ssd_zhang/thesis_michel/server_processing/t0_rootFiles/beam28806_new202602/wvf_applyCut_removeBeam/wvfFind_event38539_trackID11_opNum9.root
[COPY] event=38539, trackID=22, T0=-1.79959 -> /Volumes/ssd_zhang/thesis_michel/server_processing/t0_rootFiles/beam28806_new202602/wvf_applyCut_removeBeam/wvfFind_event38539_trackID22_opNum3.root
[COPY] event=38549, trackID=7, T0=0.180995 -> /Volumes/ssd_zhang/thesis_michel/server_processing/t0_rootFiles/beam28806_new202602/wvf_applyCut_removeBeam/wvfFind_event38549_trackID7_opNum3.root
[COPY] event=38579, trackID=5, T0=-2.0204 -> /Volumes/ssd_zhang/thesis_michel/server_processing/t0_rootFiles/beam28806_new202602/wvf_applyCut_removeBeam/wvfFind_event38579_trackID5_opNum4.root
[COPY] event=38586, trackID=4, T0=-0.453327 -> /Volumes/ssd_zhang/thesis_michel/server_processing/t0_rootFiles/beam28806_new202602/wvf_applyCut_removeBeam/wvfFind_event38586_trackID4_opNum5.root
[COPY] event=38594, trackID=8, T0=-1.8931 -> /Volumes/ssd_zhang/thesis_michel/server_processing/t0_rootFiles/beam28806_new202602/wvf_applyCut_removeBeam/wvfFind_event38594_trackID8_opNum4.root
[COPY] event=38604, trackID=15, T0=-1.06393 -> /Volumes/ssd_zhang/thesis_michel/server_processing/t0_rootFiles/beam28806_new202602/wvf_applyCut_removeBeam/wvfFind_event38604_trackID15_opNum7.root
[COPY] event=38622, trackID=15, T0=0.301732 -> /Volumes/ssd_zhang/thesis_michel/server_processing/t0_rootFiles/beam28806_new202602/wvf_applyCut_removeBeam/wvfFind_event38622_trackID15_opNum3_merged.root
[COPY] event=38628, trackID=20, T0=-2.01841 -> /Volumes/ssd_zhang/thesis_michel/server_processing/t0_rootFiles/beam28806_new202602/wvf_applyCut_removeBeam/wvfFind_event38628_trackID20_opNum9.root
[COPY] event=38641, trackID=6, T0=-1.28534 -> /Volumes/ssd_zhang/thesis_michel/server_processing/t0_rootFiles/beam28806_new202602/wvf_applyCut_removeBeam/wvfFind_event38641_trackID6_opNum3.root
[COPY] event=38644, trackID=13, T0=-0.376325 -> /Volumes/ssd_zhang/thesis_michel/server_processing/t0_rootFiles/beam28806_new202602/wvf_applyCut_removeBeam/wvfFind_event38644_trackID13_opNum5.root
[COPY] event=38651, trackID=2, T0=-0.411605 -> /Volumes/ssd_zhang/thesis_michel/server_processing/t0_rootFiles/beam28806_new202602/wvf_applyCut_removeBeam/wvfFind_event38651_trackID2_opNum4.root
[COPY] event=38651, trackID=2, T0=-0.411605 -> /Volumes/ssd_zhang/thesis_michel/server_processing/t0_rootFiles/beam28806_new202602/wvf_applyCut_removeBeam/wvfFind_event38651_trackID2_opNum4_2.root
[COPY] event=38658, trackID=14, T0=-2.29634 -> /Volumes/ssd_zhang/thesis_michel/server_processing/t0_rootFiles/beam28806_new202602/wvf_applyCut_removeBeam/wvfFind_event38658_trackID14_opNum8.root
[COPY] event=38671, trackID=2, T0=-0.138404 -> /Volumes/ssd_zhang/thesis_michel/server_processing/t0_rootFiles/beam28806_new202602/wvf_applyCut_removeBeam/wvfFind_event38671_trackID2_opNum9.root
[COPY] event=38678, trackID=2, T0=-1.15374 -> /Volumes/ssd_zhang/thesis_michel/server_processing/t0_rootFiles/beam28806_new202602/wvf_applyCut_removeBeam/wvfFind_event38678_trackID2_opNum9.root
[COPY] event=38685, trackID=15, T0=-1.87938 -> /Volumes/ssd_zhang/thesis_michel/server_processing/t0_rootFiles/beam28806_new202602/wvf_applyCut_removeBeam/wvfFind_event38685_trackID15_opNum3.root
[COPY] event=38699, trackID=10, T0=-2.30841 -> /Volumes/ssd_zhang/thesis_michel/server_processing/t0_rootFiles/beam28806_new202602/wvf_applyCut_removeBeam/wvfFind_event38699_trackID10_opNum5_merged.root
[COPY] event=3869, trackID=7, T0=-1.7617 -> /Volumes/ssd_zhang/thesis_michel/server_processing/t0_rootFiles/beam28806_new202602/wvf_applyCut_removeBeam/wvfFind_event3869_trackID7_opNum5.root
[COPY] event=38709, trackID=5, T0=1.51997 -> /Volumes/ssd_zhang/thesis_michel/server_processing/t0_rootFiles/beam28806_new202602/wvf_applyCut_removeBeam/wvfFind_event38709_trackID5_opNum7_merged.root
[COPY] event=38712, trackID=5, T0=-0.580343 -> /Volumes/ssd_zhang/thesis_michel/server_processing/t0_rootFiles/beam28806_new202602/wvf_applyCut_removeBeam/wvfFind_event38712_trackID5_opNum6.root
[COPY] event=38724, trackID=20, T0=0.106417 -> /Volumes/ssd_zhang/thesis_michel/server_processing/t0_rootFiles/beam28806_new202602/wvf_applyCut_removeBeam/wvfFind_event38724_trackID20_opNum5.root
[SKIP] (in range) event=38728, trackID=0, T0=-0.0645125
[COPY] event=38734, trackID=10, T0=-0.459199 -> /Volumes/ssd_zhang/thesis_michel/server_processing/t0_rootFiles/beam28806_new202602/wvf_applyCut_removeBeam/wvfFind_event38734_trackID10_opNum6.root
[COPY] event=38742, trackID=5, T0=-0.71301 -> /Volumes/ssd_zhang/thesis_michel/server_processing/t0_rootFiles/beam28806_new202602/wvf_applyCut_removeBeam/wvfFind_event38742_trackID5_opNum7.root
[COPY] event=38747, trackID=14, T0=-2.22795 -> /Volumes/ssd_zhang/thesis_michel/server_processing/t0_rootFiles/beam28806_new202602/wvf_applyCut_removeBeam/wvfFind_event38747_trackID14_opNum8_merged.root
[COPY] event=38752, trackID=11, T0=-2.24821 -> /Volumes/ssd_zhang/thesis_michel/server_processing/t0_rootFiles/beam28806_new202602/wvf_applyCut_removeBeam/wvfFind_event38752_trackID11_opNum3.root
[COPY] event=38784, trackID=28, T0=-2.37906 -> /Volumes/ssd_zhang/thesis_michel/server_processing/t0_rootFiles/beam28806_new202602/wvf_applyCut_removeBeam/wvfFind_event38784_trackID28_opNum9.root
[COPY] event=3879, trackID=14, T0=-1.16825 -> /Volumes/ssd_zhang/thesis_michel/server_processing/t0_rootFiles/beam28806_new202602/wvf_applyCut_removeBeam/wvfFind_event3879_trackID14_opNum9_merged.root
[COPY] event=3880, trackID=0, T0=-0.256498 -> /Volumes/ssd_zhang/thesis_michel/server_processing/t0_rootFiles/beam28806_new202602/wvf_applyCut_removeBeam/wvfFind_event3880_trackID0_opNum3.root
[COPY] event=38858, trackID=6, T0=0.426667 -> /Volumes/ssd_zhang/thesis_michel/server_processing/t0_rootFiles/beam28806_new202602/wvf_applyCut_removeBeam/wvfFind_event38858_trackID6_opNum4.root
[COPY] event=3885, trackID=18, T0=-0.728607 -> /Volumes/ssd_zhang/thesis_michel/server_processing/t0_rootFiles/beam28806_new202602/wvf_applyCut_removeBeam/wvfFind_event3885_trackID18_opNum6.root
[COPY] event=38869, trackID=0, T0=-0.190132 -> /Volumes/ssd_zhang/thesis_michel/server_processing/t0_rootFiles/beam28806_new202602/wvf_applyCut_removeBeam/wvfFind_event38869_trackID0_opNum9.root
[COPY] event=38878, trackID=4, T0=-0.722596 -> /Volumes/ssd_zhang/thesis_michel/server_processing/t0_rootFiles/beam28806_new202602/wvf_applyCut_removeBeam/wvfFind_event38878_trackID4_opNum5.root
[COPY] event=38878, trackID=4, T0=-0.722596 -> /Volumes/ssd_zhang/thesis_michel/server_processing/t0_rootFiles/beam28806_new202602/wvf_applyCut_removeBeam/wvfFind_event38878_trackID4_opNum5_2.root
[COPY] event=38883, trackID=16, T0=-2.32348 -> /Volumes/ssd_zhang/thesis_michel/server_processing/t0_rootFiles/beam28806_new202602/wvf_applyCut_removeBeam/wvfFind_event38883_trackID16_opNum9.root
[SKIP] (in range) event=38888, trackID=5, T0=-0.0635584
[SKIP] (in range) event=38889, trackID=8, T0=-0.0866416
[COPY] event=38900, trackID=36, T0=0.453177 -> /Volumes/ssd_zhang/thesis_michel/server_processing/t0_rootFiles/beam28806_new202602/wvf_applyCut_removeBeam/wvfFind_event38900_trackID36_opNum9.root
[COPY] event=38903, trackID=19, T0=-2.32525 -> /Volumes/ssd_zhang/thesis_michel/server_processing/t0_rootFiles/beam28806_new202602/wvf_applyCut_removeBeam/wvfFind_event38903_trackID19_opNum6.root
[COPY] event=38918, trackID=29, T0=0.102623 -> /Volumes/ssd_zhang/thesis_michel/server_processing/t0_rootFiles/beam28806_new202602/wvf_applyCut_removeBeam/wvfFind_event38918_trackID29_opNum9.root
[COPY] event=38931, trackID=5, T0=0.371012 -> /Volumes/ssd_zhang/thesis_michel/server_processing/t0_rootFiles/beam28806_new202602/wvf_applyCut_removeBeam/wvfFind_event38931_trackID5_opNum9_merged.root
[COPY] event=38935, trackID=3, T0=-1.4004 -> /Volumes/ssd_zhang/thesis_michel/server_processing/t0_rootFiles/beam28806_new202602/wvf_applyCut_removeBeam/wvfFind_event38935_trackID3_opNum9.root
[COPY] event=38941, trackID=11, T0=0.521711 -> /Volumes/ssd_zhang/thesis_michel/server_processing/t0_rootFiles/beam28806_new202602/wvf_applyCut_removeBeam/wvfFind_event38941_trackID11_opNum9.root
[COPY] event=38948, trackID=3, T0=-0.630612 -> /Volumes/ssd_zhang/thesis_michel/server_processing/t0_rootFiles/beam28806_new202602/wvf_applyCut_removeBeam/wvfFind_event38948_trackID3_opNum4_merged.root
[COPY] event=38966, trackID=3, T0=-1.77885 -> /Volumes/ssd_zhang/thesis_michel/server_processing/t0_rootFiles/beam28806_new202602/wvf_applyCut_removeBeam/wvfFind_event38966_trackID3_opNum4.root
[COPY] event=38971, trackID=2, T0=-1.70668 -> /Volumes/ssd_zhang/thesis_michel/server_processing/t0_rootFiles/beam28806_new202602/wvf_applyCut_removeBeam/wvfFind_event38971_trackID2_opNum8.root
[COPY] event=38971, trackID=2, T0=-1.70668 -> /Volumes/ssd_zhang/thesis_michel/server_processing/t0_rootFiles/beam28806_new202602/wvf_applyCut_removeBeam/wvfFind_event38971_trackID2_opNum8_2.root
[COPY] event=38976, trackID=4, T0=0.206255 -> /Volumes/ssd_zhang/thesis_michel/server_processing/t0_rootFiles/beam28806_new202602/wvf_applyCut_removeBeam/wvfFind_event38976_trackID4_opNum5.root
[COPY] event=38980, trackID=15, T0=-2.00918 -> /Volumes/ssd_zhang/thesis_michel/server_processing/t0_rootFiles/beam28806_new202602/wvf_applyCut_removeBeam/wvfFind_event38980_trackID15_opNum3.root
[COPY] event=38981, trackID=5, T0=-1.72771 -> /Volumes/ssd_zhang/thesis_michel/server_processing/t0_rootFiles/beam28806_new202602/wvf_applyCut_removeBeam/wvfFind_event38981_trackID5_opNum4.root
[COPY] event=38982, trackID=13, T0=-1.73179 -> /Volumes/ssd_zhang/thesis_michel/server_processing/t0_rootFiles/beam28806_new202602/wvf_applyCut_removeBeam/wvfFind_event38982_trackID13_opNum3_merged.root
[COPY] event=38990, trackID=15, T0=-0.395256 -> /Volumes/ssd_zhang/thesis_michel/server_processing/t0_rootFiles/beam28806_new202602/wvf_applyCut_removeBeam/wvfFind_event38990_trackID15_opNum9.root
[COPY] event=38999, trackID=9, T0=-1.77029 -> /Volumes/ssd_zhang/thesis_michel/server_processing/t0_rootFiles/beam28806_new202602/wvf_applyCut_removeBeam/wvfFind_event38999_trackID9_opNum3.root
[COPY] event=39012, trackID=30, T0=-0.982322 -> /Volumes/ssd_zhang/thesis_michel/server_processing/t0_rootFiles/beam28806_new202602/wvf_applyCut_removeBeam/wvfFind_event39012_trackID30_opNum9.root
[COPY] event=39031, trackID=6, T0=0.141165 -> /Volumes/ssd_zhang/thesis_michel/server_processing/t0_rootFiles/beam28806_new202602/wvf_applyCut_removeBeam/wvfFind_event39031_trackID6_opNum9.root
[SKIP] (in range) event=3903, trackID=2, T0=-0.0646844
[SKIP] (in range) event=39042, trackID=16, T0=-0.0663904
[COPY] event=39043, trackID=4, T0=-1.36026 -> /Volumes/ssd_zhang/thesis_michel/server_processing/t0_rootFiles/beam28806_new202602/wvf_applyCut_removeBeam/wvfFind_event39043_trackID4_opNum4.root
[COPY] event=39109, trackID=2, T0=-1.14777 -> /Volumes/ssd_zhang/thesis_michel/server_processing/t0_rootFiles/beam28806_new202602/wvf_applyCut_removeBeam/wvfFind_event39109_trackID2_opNum4.root
[COPY] event=3912, trackID=13, T0=-2.3979 -> /Volumes/ssd_zhang/thesis_michel/server_processing/t0_rootFiles/beam28806_new202602/wvf_applyCut_removeBeam/wvfFind_event3912_trackID13_opNum5.root
[COPY] event=39148, trackID=7, T0=-0.172443 -> /Volumes/ssd_zhang/thesis_michel/server_processing/t0_rootFiles/beam28806_new202602/wvf_applyCut_removeBeam/wvfFind_event39148_trackID7_opNum9.root
[COPY] event=3916, trackID=12, T0=-1.52237 -> /Volumes/ssd_zhang/thesis_michel/server_processing/t0_rootFiles/beam28806_new202602/wvf_applyCut_removeBeam/wvfFind_event3916_trackID12_opNum8.root
[COPY] event=39170, trackID=8, T0=0.430919 -> /Volumes/ssd_zhang/thesis_michel/server_processing/t0_rootFiles/beam28806_new202602/wvf_applyCut_removeBeam/wvfFind_event39170_trackID8_opNum8.root
[COPY] event=39171, trackID=9, T0=-1.83602 -> /Volumes/ssd_zhang/thesis_michel/server_processing/t0_rootFiles/beam28806_new202602/wvf_applyCut_removeBeam/wvfFind_event39171_trackID9_opNum5.root
[SKIP] (in range) event=39179, trackID=10, T0=-0.10105
[SKIP] (in range) event=39179, trackID=10, T0=-0.10105
[COPY] event=39206, trackID=22, T0=-2.3759 -> /Volumes/ssd_zhang/thesis_michel/server_processing/t0_rootFiles/beam28806_new202602/wvf_applyCut_removeBeam/wvfFind_event39206_trackID22_opNum9.root
[COPY] event=39240, trackID=3, T0=-0.466543 -> /Volumes/ssd_zhang/thesis_michel/server_processing/t0_rootFiles/beam28806_new202602/wvf_applyCut_removeBeam/wvfFind_event39240_trackID3_opNum5.root
[COPY] event=39242, trackID=6, T0=-0.735173 -> /Volumes/ssd_zhang/thesis_michel/server_processing/t0_rootFiles/beam28806_new202602/wvf_applyCut_removeBeam/wvfFind_event39242_trackID6_opNum8.root
[COPY] event=39257, trackID=11, T0=-0.845847 -> /Volumes/ssd_zhang/thesis_michel/server_processing/t0_rootFiles/beam28806_new202602/wvf_applyCut_removeBeam/wvfFind_event39257_trackID11_opNum5_merged.root
[COPY] event=39265, trackID=3, T0=-0.345951 -> /Volumes/ssd_zhang/thesis_michel/server_processing/t0_rootFiles/beam28806_new202602/wvf_applyCut_removeBeam/wvfFind_event39265_trackID3_opNum5.root
[COPY] event=39278, trackID=7, T0=-2.2836 -> /Volumes/ssd_zhang/thesis_michel/server_processing/t0_rootFiles/beam28806_new202602/wvf_applyCut_removeBeam/wvfFind_event39278_trackID7_opNum5.root
[SKIP] (in range) event=39303, trackID=19, T0=-0.117059
[COPY] event=39316, trackID=5, T0=0.405329 -> /Volumes/ssd_zhang/thesis_michel/server_processing/t0_rootFiles/beam28806_new202602/wvf_applyCut_removeBeam/wvfFind_event39316_trackID5_opNum5.root
[COPY] event=39321, trackID=9, T0=-2.27364 -> /Volumes/ssd_zhang/thesis_michel/server_processing/t0_rootFiles/beam28806_new202602/wvf_applyCut_removeBeam/wvfFind_event39321_trackID9_opNum4.root
[COPY] event=39326, trackID=9, T0=-0.525759 -> /Volumes/ssd_zhang/thesis_michel/server_processing/t0_rootFiles/beam28806_new202602/wvf_applyCut_removeBeam/wvfFind_event39326_trackID9_opNum8.root
[COPY] event=39336, trackID=18, T0=-1.03688 -> /Volumes/ssd_zhang/thesis_michel/server_processing/t0_rootFiles/beam28806_new202602/wvf_applyCut_removeBeam/wvfFind_event39336_trackID18_opNum8.root
[COPY] event=39361, trackID=17, T0=-1.7547 -> /Volumes/ssd_zhang/thesis_michel/server_processing/t0_rootFiles/beam28806_new202602/wvf_applyCut_removeBeam/wvfFind_event39361_trackID17_opNum5.root
[SKIP] (in range) event=39403, trackID=9, T0=-0.0712623
[COPY] event=39466, trackID=28, T0=-2.43489 -> /Volumes/ssd_zhang/thesis_michel/server_processing/t0_rootFiles/beam28806_new202602/wvf_applyCut_removeBeam/wvfFind_event39466_trackID28_opNum8.root
[COPY] event=39466, trackID=28, T0=-2.43489 -> /Volumes/ssd_zhang/thesis_michel/server_processing/t0_rootFiles/beam28806_new202602/wvf_applyCut_removeBeam/wvfFind_event39466_trackID28_opNum8_2.root
[SKIP] (in range) event=39499, trackID=4, T0=-0.0579197
[SKIP] (in range) event=39499, trackID=4, T0=-0.0579197
[COPY] event=394, trackID=26, T0=-2.32587 -> /Volumes/ssd_zhang/thesis_michel/server_processing/t0_rootFiles/beam28806_new202602/wvf_applyCut_removeBeam/wvfFind_event394_trackID26_opNum9.root
[COPY] event=394, trackID=26, T0=-2.32587 -> /Volumes/ssd_zhang/thesis_michel/server_processing/t0_rootFiles/beam28806_new202602/wvf_applyCut_removeBeam/wvfFind_event394_trackID26_opNum9_2.root
[COPY] event=39500, trackID=1, T0=0.428872 -> /Volumes/ssd_zhang/thesis_michel/server_processing/t0_rootFiles/beam28806_new202602/wvf_applyCut_removeBeam/wvfFind_event39500_trackID1_opNum3.root
[COPY] event=39507, trackID=18, T0=-2.41281 -> /Volumes/ssd_zhang/thesis_michel/server_processing/t0_rootFiles/beam28806_new202602/wvf_applyCut_removeBeam/wvfFind_event39507_trackID18_opNum7.root
[COPY] event=39515, trackID=5, T0=-1.03055 -> /Volumes/ssd_zhang/thesis_michel/server_processing/t0_rootFiles/beam28806_new202602/wvf_applyCut_removeBeam/wvfFind_event39515_trackID5_opNum8.root
[COPY] event=39520, trackID=27, T0=-0.137734 -> /Volumes/ssd_zhang/thesis_michel/server_processing/t0_rootFiles/beam28806_new202602/wvf_applyCut_removeBeam/wvfFind_event39520_trackID27_opNum9.root
[COPY] event=39553, trackID=6, T0=0.046328 -> /Volumes/ssd_zhang/thesis_michel/server_processing/t0_rootFiles/beam28806_new202602/wvf_applyCut_removeBeam/wvfFind_event39553_trackID6_opNum5.root
[COPY] event=3956, trackID=1, T0=-1.71801 -> /Volumes/ssd_zhang/thesis_michel/server_processing/t0_rootFiles/beam28806_new202602/wvf_applyCut_removeBeam/wvfFind_event3956_trackID1_opNum4.root
[COPY] event=3959, trackID=8, T0=-1.78041 -> /Volumes/ssd_zhang/thesis_michel/server_processing/t0_rootFiles/beam28806_new202602/wvf_applyCut_removeBeam/wvfFind_event3959_trackID8_opNum5.root
[COPY] event=3959, trackID=8, T0=-1.78041 -> /Volumes/ssd_zhang/thesis_michel/server_processing/t0_rootFiles/beam28806_new202602/wvf_applyCut_removeBeam/wvfFind_event3959_trackID8_opNum5_2.root
[COPY] event=39603, trackID=5, T0=0.815193 -> /Volumes/ssd_zhang/thesis_michel/server_processing/t0_rootFiles/beam28806_new202602/wvf_applyCut_removeBeam/wvfFind_event39603_trackID5_opNum9.root
[COPY] event=39604, trackID=3, T0=-0.591275 -> /Volumes/ssd_zhang/thesis_michel/server_processing/t0_rootFiles/beam28806_new202602/wvf_applyCut_removeBeam/wvfFind_event39604_trackID3_opNum3.root
[COPY] event=39604, trackID=3, T0=-0.591275 -> /Volumes/ssd_zhang/thesis_michel/server_processing/t0_rootFiles/beam28806_new202602/wvf_applyCut_removeBeam/wvfFind_event39604_trackID3_opNum3_2.root
[COPY] event=39613, trackID=17, T0=-2.13469 -> /Volumes/ssd_zhang/thesis_michel/server_processing/t0_rootFiles/beam28806_new202602/wvf_applyCut_removeBeam/wvfFind_event39613_trackID17_opNum4.root
[COPY] event=39619, trackID=10, T0=0.378421 -> /Volumes/ssd_zhang/thesis_michel/server_processing/t0_rootFiles/beam28806_new202602/wvf_applyCut_removeBeam/wvfFind_event39619_trackID10_opNum3.root
[COPY] event=39648, trackID=9, T0=-2.10886 -> /Volumes/ssd_zhang/thesis_michel/server_processing/t0_rootFiles/beam28806_new202602/wvf_applyCut_removeBeam/wvfFind_event39648_trackID9_opNum5_merged.root
[COPY] event=39655, trackID=22, T0=-0.135114 -> /Volumes/ssd_zhang/thesis_michel/server_processing/t0_rootFiles/beam28806_new202602/wvf_applyCut_removeBeam/wvfFind_event39655_trackID22_opNum4.root
[COPY] event=39671, trackID=32, T0=-2.27076 -> /Volumes/ssd_zhang/thesis_michel/server_processing/t0_rootFiles/beam28806_new202602/wvf_applyCut_removeBeam/wvfFind_event39671_trackID32_opNum9.root
[COPY] event=39678, trackID=16, T0=-0.879241 -> /Volumes/ssd_zhang/thesis_michel/server_processing/t0_rootFiles/beam28806_new202602/wvf_applyCut_removeBeam/wvfFind_event39678_trackID16_opNum6.root
[COPY] event=39721, trackID=20, T0=-1.89305 -> /Volumes/ssd_zhang/thesis_michel/server_processing/t0_rootFiles/beam28806_new202602/wvf_applyCut_removeBeam/wvfFind_event39721_trackID20_opNum8.root
[COPY] event=39761, trackID=13, T0=-1.97219 -> /Volumes/ssd_zhang/thesis_michel/server_processing/t0_rootFiles/beam28806_new202602/wvf_applyCut_removeBeam/wvfFind_event39761_trackID13_opNum9.root
[COPY] event=39777, trackID=2, T0=-0.177193 -> /Volumes/ssd_zhang/thesis_michel/server_processing/t0_rootFiles/beam28806_new202602/wvf_applyCut_removeBeam/wvfFind_event39777_trackID2_opNum9.root
[COPY] event=39786, trackID=5, T0=-0.897257 -> /Volumes/ssd_zhang/thesis_michel/server_processing/t0_rootFiles/beam28806_new202602/wvf_applyCut_removeBeam/wvfFind_event39786_trackID5_opNum5.root
[COPY] event=39786, trackID=5, T0=-0.897257 -> /Volumes/ssd_zhang/thesis_michel/server_processing/t0_rootFiles/beam28806_new202602/wvf_applyCut_removeBeam/wvfFind_event39786_trackID5_opNum5_2.root
[COPY] event=39801, trackID=3, T0=-0.873718 -> /Volumes/ssd_zhang/thesis_michel/server_processing/t0_rootFiles/beam28806_new202602/wvf_applyCut_removeBeam/wvfFind_event39801_trackID3_opNum9.root
[COPY] event=39810, trackID=11, T0=-1.52673 -> /Volumes/ssd_zhang/thesis_michel/server_processing/t0_rootFiles/beam28806_new202602/wvf_applyCut_removeBeam/wvfFind_event39810_trackID11_opNum3_merged.root
[COPY] event=3981, trackID=9, T0=-1.96604 -> /Volumes/ssd_zhang/thesis_michel/server_processing/t0_rootFiles/beam28806_new202602/wvf_applyCut_removeBeam/wvfFind_event3981_trackID9_opNum9.root
[COPY] event=39828, trackID=5, T0=-0.84497 -> /Volumes/ssd_zhang/thesis_michel/server_processing/t0_rootFiles/beam28806_new202602/wvf_applyCut_removeBeam/wvfFind_event39828_trackID5_opNum8.root
[COPY] event=39847, trackID=10, T0=0.346863 -> /Volumes/ssd_zhang/thesis_michel/server_processing/t0_rootFiles/beam28806_new202602/wvf_applyCut_removeBeam/wvfFind_event39847_trackID10_opNum6_merged.root
[COPY] event=39848, trackID=19, T0=-1.98019 -> /Volumes/ssd_zhang/thesis_michel/server_processing/t0_rootFiles/beam28806_new202602/wvf_applyCut_removeBeam/wvfFind_event39848_trackID19_opNum5.root
[COPY] event=39848, trackID=19, T0=-1.98019 -> /Volumes/ssd_zhang/thesis_michel/server_processing/t0_rootFiles/beam28806_new202602/wvf_applyCut_removeBeam/wvfFind_event39848_trackID19_opNum5_2.root
[COPY] event=39859, trackID=6, T0=-1.29538 -> /Volumes/ssd_zhang/thesis_michel/server_processing/t0_rootFiles/beam28806_new202602/wvf_applyCut_removeBeam/wvfFind_event39859_trackID6_opNum5.root
[COPY] event=39861, trackID=3, T0=-1.23845 -> /Volumes/ssd_zhang/thesis_michel/server_processing/t0_rootFiles/beam28806_new202602/wvf_applyCut_removeBeam/wvfFind_event39861_trackID3_opNum3.root
[COPY] event=39874, trackID=1, T0=-1.29396 -> /Volumes/ssd_zhang/thesis_michel/server_processing/t0_rootFiles/beam28806_new202602/wvf_applyCut_removeBeam/wvfFind_event39874_trackID1_opNum9_merged.root
[COPY] event=39885, trackID=16, T0=-1.92655 -> /Volumes/ssd_zhang/thesis_michel/server_processing/t0_rootFiles/beam28806_new202602/wvf_applyCut_removeBeam/wvfFind_event39885_trackID16_opNum9.root
[COPY] event=39895, trackID=2, T0=-1.22194 -> /Volumes/ssd_zhang/thesis_michel/server_processing/t0_rootFiles/beam28806_new202602/wvf_applyCut_removeBeam/wvfFind_event39895_trackID2_opNum4.root
[COPY] event=39895, trackID=2, T0=-1.22194 -> /Volumes/ssd_zhang/thesis_michel/server_processing/t0_rootFiles/beam28806_new202602/wvf_applyCut_removeBeam/wvfFind_event39895_trackID2_opNum4_2.root
[COPY] event=39900, trackID=12, T0=-0.186463 -> /Volumes/ssd_zhang/thesis_michel/server_processing/t0_rootFiles/beam28806_new202602/wvf_applyCut_removeBeam/wvfFind_event39900_trackID12_opNum9.root
[COPY] event=39950, trackID=16, T0=-2.16711 -> /Volumes/ssd_zhang/thesis_michel/server_processing/t0_rootFiles/beam28806_new202602/wvf_applyCut_removeBeam/wvfFind_event39950_trackID16_opNum8_merged.root
[COPY] event=39953, trackID=1, T0=-1.26555 -> /Volumes/ssd_zhang/thesis_michel/server_processing/t0_rootFiles/beam28806_new202602/wvf_applyCut_removeBeam/wvfFind_event39953_trackID1_opNum9_merged.root
[COPY] event=39964, trackID=9, T0=-1.0645 -> /Volumes/ssd_zhang/thesis_michel/server_processing/t0_rootFiles/beam28806_new202602/wvf_applyCut_removeBeam/wvfFind_event39964_trackID9_opNum9.root
[COPY] event=39972, trackID=4, T0=-1.43684 -> /Volumes/ssd_zhang/thesis_michel/server_processing/t0_rootFiles/beam28806_new202602/wvf_applyCut_removeBeam/wvfFind_event39972_trackID4_opNum3_merged.root
[SKIP] (in range) event=39976, trackID=22, T0=-0.0679713
[COPY] event=39977, trackID=6, T0=-1.30333 -> /Volumes/ssd_zhang/thesis_michel/server_processing/t0_rootFiles/beam28806_new202602/wvf_applyCut_removeBeam/wvfFind_event39977_trackID6_opNum9.root
[COPY] event=39991, trackID=5, T0=0.446957 -> /Volumes/ssd_zhang/thesis_michel/server_processing/t0_rootFiles/beam28806_new202602/wvf_applyCut_removeBeam/wvfFind_event39991_trackID5_opNum9.root
[COPY] event=3999, trackID=15, T0=0.247014 -> /Volumes/ssd_zhang/thesis_michel/server_processing/t0_rootFiles/beam28806_new202602/wvf_applyCut_removeBeam/wvfFind_event3999_trackID15_opNum9.root
[COPY] event=3999, trackID=17, T0=-0.145957 -> /Volumes/ssd_zhang/thesis_michel/server_processing/t0_rootFiles/beam28806_new202602/wvf_applyCut_removeBeam/wvfFind_event3999_trackID17_opNum5.root
[COPY] event=40027, trackID=1, T0=0.164459 -> /Volumes/ssd_zhang/thesis_michel/server_processing/t0_rootFiles/beam28806_new202602/wvf_applyCut_removeBeam/wvfFind_event40027_trackID1_opNum4.root
[COPY] event=40027, trackID=1, T0=0.164459 -> /Volumes/ssd_zhang/thesis_michel/server_processing/t0_rootFiles/beam28806_new202602/wvf_applyCut_removeBeam/wvfFind_event40027_trackID1_opNum4_2.root
[COPY] event=40028, trackID=1, T0=0.264364 -> /Volumes/ssd_zhang/thesis_michel/server_processing/t0_rootFiles/beam28806_new202602/wvf_applyCut_removeBeam/wvfFind_event40028_trackID1_opNum5.root
[COPY] event=40028, trackID=1, T0=0.264364 -> /Volumes/ssd_zhang/thesis_michel/server_processing/t0_rootFiles/beam28806_new202602/wvf_applyCut_removeBeam/wvfFind_event40028_trackID1_opNum5_2.root
[COPY] event=40028, trackID=22, T0=-1.98178 -> /Volumes/ssd_zhang/thesis_michel/server_processing/t0_rootFiles/beam28806_new202602/wvf_applyCut_removeBeam/wvfFind_event40028_trackID22_opNum8.root
[COPY] event=40028, trackID=22, T0=-1.98178 -> /Volumes/ssd_zhang/thesis_michel/server_processing/t0_rootFiles/beam28806_new202602/wvf_applyCut_removeBeam/wvfFind_event40028_trackID22_opNum8_2.root
[COPY] event=40033, trackID=10, T0=0.111873 -> /Volumes/ssd_zhang/thesis_michel/server_processing/t0_rootFiles/beam28806_new202602/wvf_applyCut_removeBeam/wvfFind_event40033_trackID10_opNum8.root
[COPY] event=40047, trackID=5, T0=-1.2494 -> /Volumes/ssd_zhang/thesis_michel/server_processing/t0_rootFiles/beam28806_new202602/wvf_applyCut_removeBeam/wvfFind_event40047_trackID5_opNum4.root
[COPY] event=40049, trackID=0, T0=0.239957 -> /Volumes/ssd_zhang/thesis_michel/server_processing/t0_rootFiles/beam28806_new202602/wvf_applyCut_removeBeam/wvfFind_event40049_trackID0_opNum7.root
[COPY] event=40051, trackID=17, T0=-1.25205 -> /Volumes/ssd_zhang/thesis_michel/server_processing/t0_rootFiles/beam28806_new202602/wvf_applyCut_removeBeam/wvfFind_event40051_trackID17_opNum3.root
[COPY] event=40053, trackID=0, T0=-0.837714 -> /Volumes/ssd_zhang/thesis_michel/server_processing/t0_rootFiles/beam28806_new202602/wvf_applyCut_removeBeam/wvfFind_event40053_trackID0_opNum4.root
[COPY] event=40053, trackID=0, T0=-0.837714 -> /Volumes/ssd_zhang/thesis_michel/server_processing/t0_rootFiles/beam28806_new202602/wvf_applyCut_removeBeam/wvfFind_event40053_trackID0_opNum4_2.root
[COPY] event=40063, trackID=1, T0=0.225978 -> /Volumes/ssd_zhang/thesis_michel/server_processing/t0_rootFiles/beam28806_new202602/wvf_applyCut_removeBeam/wvfFind_event40063_trackID1_opNum9.root
[COPY] event=40070, trackID=21, T0=-2.35164 -> /Volumes/ssd_zhang/thesis_michel/server_processing/t0_rootFiles/beam28806_new202602/wvf_applyCut_removeBeam/wvfFind_event40070_trackID21_opNum4.root
[COPY] event=40070, trackID=21, T0=-2.35164 -> /Volumes/ssd_zhang/thesis_michel/server_processing/t0_rootFiles/beam28806_new202602/wvf_applyCut_removeBeam/wvfFind_event40070_trackID21_opNum4_2.root
[COPY] event=40075, trackID=5, T0=-0.319967 -> /Volumes/ssd_zhang/thesis_michel/server_processing/t0_rootFiles/beam28806_new202602/wvf_applyCut_removeBeam/wvfFind_event40075_trackID5_opNum4.root
[COPY] event=40095, trackID=2, T0=-0.831183 -> /Volumes/ssd_zhang/thesis_michel/server_processing/t0_rootFiles/beam28806_new202602/wvf_applyCut_removeBeam/wvfFind_event40095_trackID2_opNum4_merged.root
[COPY] event=4010, trackID=14, T0=-1.97509 -> /Volumes/ssd_zhang/thesis_michel/server_processing/t0_rootFiles/beam28806_new202602/wvf_applyCut_removeBeam/wvfFind_event4010_trackID14_opNum5.root
[SKIP] (in range) event=40123, trackID=22, T0=-0.0810108
[COPY] event=40152, trackID=0, T0=-0.628738 -> /Volumes/ssd_zhang/thesis_michel/server_processing/t0_rootFiles/beam28806_new202602/wvf_applyCut_removeBeam/wvfFind_event40152_trackID0_opNum5_merged.root
[COPY] event=40183, trackID=13, T0=-1.84838 -> /Volumes/ssd_zhang/thesis_michel/server_processing/t0_rootFiles/beam28806_new202602/wvf_applyCut_removeBeam/wvfFind_event40183_trackID13_opNum8.root
[COPY] event=40199, trackID=13, T0=-2.26486 -> /Volumes/ssd_zhang/thesis_michel/server_processing/t0_rootFiles/beam28806_new202602/wvf_applyCut_removeBeam/wvfFind_event40199_trackID13_opNum5.root
[COPY] event=40207, trackID=19, T0=-0.820265 -> /Volumes/ssd_zhang/thesis_michel/server_processing/t0_rootFiles/beam28806_new202602/wvf_applyCut_removeBeam/wvfFind_event40207_trackID19_opNum9.root
[COPY] event=4021, trackID=1, T0=-0.908349 -> /Volumes/ssd_zhang/thesis_michel/server_processing/t0_rootFiles/beam28806_new202602/wvf_applyCut_removeBeam/wvfFind_event4021_trackID1_opNum9_merged.root
[COPY] event=40229, trackID=10, T0=-0.281279 -> /Volumes/ssd_zhang/thesis_michel/server_processing/t0_rootFiles/beam28806_new202602/wvf_applyCut_removeBeam/wvfFind_event40229_trackID10_opNum5.root
[COPY] event=40229, trackID=10, T0=-0.281279 -> /Volumes/ssd_zhang/thesis_michel/server_processing/t0_rootFiles/beam28806_new202602/wvf_applyCut_removeBeam/wvfFind_event40229_trackID10_opNum5_2.root
[COPY] event=40238, trackID=0, T0=-1.91894 -> /Volumes/ssd_zhang/thesis_michel/server_processing/t0_rootFiles/beam28806_new202602/wvf_applyCut_removeBeam/wvfFind_event40238_trackID0_opNum6_2.root
[COPY] event=40238, trackID=0, T0=-1.91894 -> /Volumes/ssd_zhang/thesis_michel/server_processing/t0_rootFiles/beam28806_new202602/wvf_applyCut_removeBeam/wvfFind_event40238_trackID0_opNum7_merged.root
[COPY] event=40250, trackID=6, T0=-0.93723 -> /Volumes/ssd_zhang/thesis_michel/server_processing/t0_rootFiles/beam28806_new202602/wvf_applyCut_removeBeam/wvfFind_event40250_trackID6_opNum4.root
[COPY] event=4025, trackID=2, T0=-0.625624 -> /Volumes/ssd_zhang/thesis_michel/server_processing/t0_rootFiles/beam28806_new202602/wvf_applyCut_removeBeam/wvfFind_event4025_trackID2_opNum5.root
[COPY] event=40261, trackID=8, T0=-2.1353 -> /Volumes/ssd_zhang/thesis_michel/server_processing/t0_rootFiles/beam28806_new202602/wvf_applyCut_removeBeam/wvfFind_event40261_trackID8_opNum4_merged.root
[COPY] event=40267, trackID=13, T0=-1.96204 -> /Volumes/ssd_zhang/thesis_michel/server_processing/t0_rootFiles/beam28806_new202602/wvf_applyCut_removeBeam/wvfFind_event40267_trackID13_opNum5.root
[SKIP] (in range) event=40281, trackID=21, T0=-0.0745722
[COPY] event=40281, trackID=5, T0=-0.828312 -> /Volumes/ssd_zhang/thesis_michel/server_processing/t0_rootFiles/beam28806_new202602/wvf_applyCut_removeBeam/wvfFind_event40281_trackID5_opNum9.root
[COPY] event=40281, trackID=5, T0=-0.828312 -> /Volumes/ssd_zhang/thesis_michel/server_processing/t0_rootFiles/beam28806_new202602/wvf_applyCut_removeBeam/wvfFind_event40281_trackID5_opNum9_2.root
[COPY] event=40283, trackID=13, T0=-0.278598 -> /Volumes/ssd_zhang/thesis_michel/server_processing/t0_rootFiles/beam28806_new202602/wvf_applyCut_removeBeam/wvfFind_event40283_trackID13_opNum9.root
[COPY] event=40291, trackID=2, T0=-1.44891 -> /Volumes/ssd_zhang/thesis_michel/server_processing/t0_rootFiles/beam28806_new202602/wvf_applyCut_removeBeam/wvfFind_event40291_trackID2_opNum8.root
[COPY] event=40300, trackID=11, T0=2.25819 -> /Volumes/ssd_zhang/thesis_michel/server_processing/t0_rootFiles/beam28806_new202602/wvf_applyCut_removeBeam/wvfFind_event40300_trackID11_opNum9.root
[COPY] event=40309, trackID=11, T0=0.321083 -> /Volumes/ssd_zhang/thesis_michel/server_processing/t0_rootFiles/beam28806_new202602/wvf_applyCut_removeBeam/wvfFind_event40309_trackID11_opNum4_merged.root
[COPY] event=40328, trackID=9, T0=-1.95972 -> /Volumes/ssd_zhang/thesis_michel/server_processing/t0_rootFiles/beam28806_new202602/wvf_applyCut_removeBeam/wvfFind_event40328_trackID9_opNum6.root
[COPY] event=4032, trackID=13, T0=-1.72491 -> /Volumes/ssd_zhang/thesis_michel/server_processing/t0_rootFiles/beam28806_new202602/wvf_applyCut_removeBeam/wvfFind_event4032_trackID13_opNum4_merged.root
[COPY] event=40350, trackID=4, T0=-1.16411 -> /Volumes/ssd_zhang/thesis_michel/server_processing/t0_rootFiles/beam28806_new202602/wvf_applyCut_removeBeam/wvfFind_event40350_trackID4_opNum6.root
[COPY] event=40350, trackID=4, T0=-1.16411 -> /Volumes/ssd_zhang/thesis_michel/server_processing/t0_rootFiles/beam28806_new202602/wvf_applyCut_removeBeam/wvfFind_event40350_trackID4_opNum6_2.root
[COPY] event=40355, trackID=13, T0=-1.37732 -> /Volumes/ssd_zhang/thesis_michel/server_processing/t0_rootFiles/beam28806_new202602/wvf_applyCut_removeBeam/wvfFind_event40355_trackID13_opNum9.root
[COPY] event=40366, trackID=10, T0=-2.03784 -> /Volumes/ssd_zhang/thesis_michel/server_processing/t0_rootFiles/beam28806_new202602/wvf_applyCut_removeBeam/wvfFind_event40366_trackID10_opNum8.root
[COPY] event=40366, trackID=8, T0=-1.19207 -> /Volumes/ssd_zhang/thesis_michel/server_processing/t0_rootFiles/beam28806_new202602/wvf_applyCut_removeBeam/wvfFind_event40366_trackID8_opNum7.root
[COPY] event=40368, trackID=8, T0=-0.889033 -> /Volumes/ssd_zhang/thesis_michel/server_processing/t0_rootFiles/beam28806_new202602/wvf_applyCut_removeBeam/wvfFind_event40368_trackID8_opNum6_merged.root
[COPY] event=40380, trackID=22, T0=-1.53744 -> /Volumes/ssd_zhang/thesis_michel/server_processing/t0_rootFiles/beam28806_new202602/wvf_applyCut_removeBeam/wvfFind_event40380_trackID22_opNum6.root
[COPY] event=40393, trackID=14, T0=-2.19042 -> /Volumes/ssd_zhang/thesis_michel/server_processing/t0_rootFiles/beam28806_new202602/wvf_applyCut_removeBeam/wvfFind_event40393_trackID14_opNum5.root
[COPY] event=40393, trackID=14, T0=-2.19042 -> /Volumes/ssd_zhang/thesis_michel/server_processing/t0_rootFiles/beam28806_new202602/wvf_applyCut_removeBeam/wvfFind_event40393_trackID14_opNum5_2.root
[COPY] event=40400, trackID=12, T0=-0.82649 -> /Volumes/ssd_zhang/thesis_michel/server_processing/t0_rootFiles/beam28806_new202602/wvf_applyCut_removeBeam/wvfFind_event40400_trackID12_opNum5.root
[COPY] event=40412, trackID=2, T0=-1.39345 -> /Volumes/ssd_zhang/thesis_michel/server_processing/t0_rootFiles/beam28806_new202602/wvf_applyCut_removeBeam/wvfFind_event40412_trackID2_opNum5.root
[COPY] event=40421, trackID=27, T0=0.0802065 -> /Volumes/ssd_zhang/thesis_michel/server_processing/t0_rootFiles/beam28806_new202602/wvf_applyCut_removeBeam/wvfFind_event40421_trackID27_opNum5.root
[COPY] event=40424, trackID=4, T0=-1.43481 -> /Volumes/ssd_zhang/thesis_michel/server_processing/t0_rootFiles/beam28806_new202602/wvf_applyCut_removeBeam/wvfFind_event40424_trackID4_opNum8.root
[COPY] event=40430, trackID=8, T0=-1.47284 -> /Volumes/ssd_zhang/thesis_michel/server_processing/t0_rootFiles/beam28806_new202602/wvf_applyCut_removeBeam/wvfFind_event40430_trackID8_opNum9.root
[COPY] event=40469, trackID=25, T0=-2.28344 -> /Volumes/ssd_zhang/thesis_michel/server_processing/t0_rootFiles/beam28806_new202602/wvf_applyCut_removeBeam/wvfFind_event40469_trackID25_opNum8.root
[COPY] event=404, trackID=7, T0=-0.534783 -> /Volumes/ssd_zhang/thesis_michel/server_processing/t0_rootFiles/beam28806_new202602/wvf_applyCut_removeBeam/wvfFind_event404_trackID7_opNum6.root
[COPY] event=40500, trackID=11, T0=-0.273649 -> /Volumes/ssd_zhang/thesis_michel/server_processing/t0_rootFiles/beam28806_new202602/wvf_applyCut_removeBeam/wvfFind_event40500_trackID11_opNum7_merged.root
[COPY] event=40516, trackID=11, T0=-1.4738 -> /Volumes/ssd_zhang/thesis_michel/server_processing/t0_rootFiles/beam28806_new202602/wvf_applyCut_removeBeam/wvfFind_event40516_trackID11_opNum5_merged.root
[COPY] event=40556, trackID=22, T0=0.10263 -> /Volumes/ssd_zhang/thesis_michel/server_processing/t0_rootFiles/beam28806_new202602/wvf_applyCut_removeBeam/wvfFind_event40556_trackID22_opNum4_merged.root
[COPY] event=40557, trackID=4, T0=0.332874 -> /Volumes/ssd_zhang/thesis_michel/server_processing/t0_rootFiles/beam28806_new202602/wvf_applyCut_removeBeam/wvfFind_event40557_trackID4_opNum6.root
[COPY] event=40557, trackID=4, T0=0.332874 -> /Volumes/ssd_zhang/thesis_michel/server_processing/t0_rootFiles/beam28806_new202602/wvf_applyCut_removeBeam/wvfFind_event40557_trackID4_opNum6_2.root
[COPY] event=40558, trackID=5, T0=-0.0184125 -> /Volumes/ssd_zhang/thesis_michel/server_processing/t0_rootFiles/beam28806_new202602/wvf_applyCut_removeBeam/wvfFind_event40558_trackID5_opNum6.root
[COPY] event=40558, trackID=5, T0=-0.0184125 -> /Volumes/ssd_zhang/thesis_michel/server_processing/t0_rootFiles/beam28806_new202602/wvf_applyCut_removeBeam/wvfFind_event40558_trackID5_opNum6_2.root
[COPY] event=40609, trackID=14, T0=-2.29242 -> /Volumes/ssd_zhang/thesis_michel/server_processing/t0_rootFiles/beam28806_new202602/wvf_applyCut_removeBeam/wvfFind_event40609_trackID14_opNum3.root
[COPY] event=40609, trackID=27, T0=-2.44638 -> /Volumes/ssd_zhang/thesis_michel/server_processing/t0_rootFiles/beam28806_new202602/wvf_applyCut_removeBeam/wvfFind_event40609_trackID27_opNum4.root
[COPY] event=40616, trackID=12, T0=-1.58377 -> /Volumes/ssd_zhang/thesis_michel/server_processing/t0_rootFiles/beam28806_new202602/wvf_applyCut_removeBeam/wvfFind_event40616_trackID12_opNum4.root
[COPY] event=40616, trackID=23, T0=-0.538861 -> /Volumes/ssd_zhang/thesis_michel/server_processing/t0_rootFiles/beam28806_new202602/wvf_applyCut_removeBeam/wvfFind_event40616_trackID23_opNum8.root
[COPY] event=40626, trackID=6, T0=-0.924219 -> /Volumes/ssd_zhang/thesis_michel/server_processing/t0_rootFiles/beam28806_new202602/wvf_applyCut_removeBeam/wvfFind_event40626_trackID6_opNum9.root
[COPY] event=40626, trackID=6, T0=-0.924219 -> /Volumes/ssd_zhang/thesis_michel/server_processing/t0_rootFiles/beam28806_new202602/wvf_applyCut_removeBeam/wvfFind_event40626_trackID6_opNum9_2.root
[COPY] event=40628, trackID=10, T0=0.122115 -> /Volumes/ssd_zhang/thesis_michel/server_processing/t0_rootFiles/beam28806_new202602/wvf_applyCut_removeBeam/wvfFind_event40628_trackID10_opNum6.root
[COPY] event=40628, trackID=5, T0=0.184371 -> /Volumes/ssd_zhang/thesis_michel/server_processing/t0_rootFiles/beam28806_new202602/wvf_applyCut_removeBeam/wvfFind_event40628_trackID5_opNum9.root
[COPY] event=40636, trackID=1, T0=0.467535 -> /Volumes/ssd_zhang/thesis_michel/server_processing/t0_rootFiles/beam28806_new202602/wvf_applyCut_removeBeam/wvfFind_event40636_trackID1_opNum9.root
[COPY] event=40639, trackID=11, T0=-0.7171 -> /Volumes/ssd_zhang/thesis_michel/server_processing/t0_rootFiles/beam28806_new202602/wvf_applyCut_removeBeam/wvfFind_event40639_trackID11_opNum7_merged.root
[COPY] event=40652, trackID=3, T0=-0.268684 -> /Volumes/ssd_zhang/thesis_michel/server_processing/t0_rootFiles/beam28806_new202602/wvf_applyCut_removeBeam/wvfFind_event40652_trackID3_opNum4.root
[COPY] event=40656, trackID=4, T0=0.218161 -> /Volumes/ssd_zhang/thesis_michel/server_processing/t0_rootFiles/beam28806_new202602/wvf_applyCut_removeBeam/wvfFind_event40656_trackID4_opNum4_merged.root
[COPY] event=40679, trackID=6, T0=-0.241031 -> /Volumes/ssd_zhang/thesis_michel/server_processing/t0_rootFiles/beam28806_new202602/wvf_applyCut_removeBeam/wvfFind_event40679_trackID6_opNum8.root
[COPY] event=40691, trackID=5, T0=0.95448 -> /Volumes/ssd_zhang/thesis_michel/server_processing/t0_rootFiles/beam28806_new202602/wvf_applyCut_removeBeam/wvfFind_event40691_trackID5_opNum3.root
[COPY] event=40694, trackID=6, T0=-1.69593 -> /Volumes/ssd_zhang/thesis_michel/server_processing/t0_rootFiles/beam28806_new202602/wvf_applyCut_removeBeam/wvfFind_event40694_trackID6_opNum9.root
[COPY] event=40695, trackID=17, T0=-1.7499 -> /Volumes/ssd_zhang/thesis_michel/server_processing/t0_rootFiles/beam28806_new202602/wvf_applyCut_removeBeam/wvfFind_event40695_trackID17_opNum6.root
[COPY] event=40707, trackID=0, T0=-0.246449 -> /Volumes/ssd_zhang/thesis_michel/server_processing/t0_rootFiles/beam28806_new202602/wvf_applyCut_removeBeam/wvfFind_event40707_trackID0_opNum9.root
[COPY] event=40729, trackID=19, T0=-1.49089 -> /Volumes/ssd_zhang/thesis_michel/server_processing/t0_rootFiles/beam28806_new202602/wvf_applyCut_removeBeam/wvfFind_event40729_trackID19_opNum9.root
[COPY] event=40747, trackID=14, T0=-1.30804 -> /Volumes/ssd_zhang/thesis_michel/server_processing/t0_rootFiles/beam28806_new202602/wvf_applyCut_removeBeam/wvfFind_event40747_trackID14_opNum9.root
[COPY] event=40779, trackID=8, T0=-0.707144 -> /Volumes/ssd_zhang/thesis_michel/server_processing/t0_rootFiles/beam28806_new202602/wvf_applyCut_removeBeam/wvfFind_event40779_trackID8_opNum9.root
[COPY] event=40784, trackID=5, T0=-1.67007 -> /Volumes/ssd_zhang/thesis_michel/server_processing/t0_rootFiles/beam28806_new202602/wvf_applyCut_removeBeam/wvfFind_event40784_trackID5_opNum5.root
[COPY] event=40808, trackID=4, T0=-1.56409 -> /Volumes/ssd_zhang/thesis_michel/server_processing/t0_rootFiles/beam28806_new202602/wvf_applyCut_removeBeam/wvfFind_event40808_trackID4_opNum7_merged.root
[COPY] event=4081, trackID=24, T0=-1.52004 -> /Volumes/ssd_zhang/thesis_michel/server_processing/t0_rootFiles/beam28806_new202602/wvf_applyCut_removeBeam/wvfFind_event4081_trackID24_opNum9.root
[COPY] event=40851, trackID=1, T0=-0.150396 -> /Volumes/ssd_zhang/thesis_michel/server_processing/t0_rootFiles/beam28806_new202602/wvf_applyCut_removeBeam/wvfFind_event40851_trackID1_opNum5.root
[COPY] event=4086, trackID=10, T0=-0.48536 -> /Volumes/ssd_zhang/thesis_michel/server_processing/t0_rootFiles/beam28806_new202602/wvf_applyCut_removeBeam/wvfFind_event4086_trackID10_opNum9.root
[COPY] event=4087, trackID=16, T0=-1.62786 -> /Volumes/ssd_zhang/thesis_michel/server_processing/t0_rootFiles/beam28806_new202602/wvf_applyCut_removeBeam/wvfFind_event4087_trackID16_opNum9.root
[COPY] event=40880, trackID=9, T0=-1.73633 -> /Volumes/ssd_zhang/thesis_michel/server_processing/t0_rootFiles/beam28806_new202602/wvf_applyCut_removeBeam/wvfFind_event40880_trackID9_opNum9.root
[COPY] event=40882, trackID=9, T0=-1.87337 -> /Volumes/ssd_zhang/thesis_michel/server_processing/t0_rootFiles/beam28806_new202602/wvf_applyCut_removeBeam/wvfFind_event40882_trackID9_opNum6.root
[COPY] event=40883, trackID=27, T0=-2.30244 -> /Volumes/ssd_zhang/thesis_michel/server_processing/t0_rootFiles/beam28806_new202602/wvf_applyCut_removeBeam/wvfFind_event40883_trackID27_opNum3.root
[SKIP] (in range) event=40899, trackID=1, T0=-0.0351672
[SKIP] (in range) event=40899, trackID=1, T0=-0.0351672
[COPY] event=408, trackID=20, T0=-2.39995 -> /Volumes/ssd_zhang/thesis_michel/server_processing/t0_rootFiles/beam28806_new202602/wvf_applyCut_removeBeam/wvfFind_event408_trackID20_opNum3.root
[COPY] event=40932, trackID=15, T0=-1.21141 -> /Volumes/ssd_zhang/thesis_michel/server_processing/t0_rootFiles/beam28806_new202602/wvf_applyCut_removeBeam/wvfFind_event40932_trackID15_opNum8_merged.root
[COPY] event=40995, trackID=2, T0=-0.270175 -> /Volumes/ssd_zhang/thesis_michel/server_processing/t0_rootFiles/beam28806_new202602/wvf_applyCut_removeBeam/wvfFind_event40995_trackID2_opNum4.root
[COPY] event=4100, trackID=6, T0=0.19953 -> /Volumes/ssd_zhang/thesis_michel/server_processing/t0_rootFiles/beam28806_new202602/wvf_applyCut_removeBeam/wvfFind_event4100_trackID6_opNum5.root
[SKIP] (in range) event=41012, trackID=27, T0=-0.0513091
[SKIP] (in range) event=41012, trackID=27, T0=-0.0513091
[COPY] event=41016, trackID=4, T0=0.353294 -> /Volumes/ssd_zhang/thesis_michel/server_processing/t0_rootFiles/beam28806_new202602/wvf_applyCut_removeBeam/wvfFind_event41016_trackID4_opNum5.root
[COPY] event=41040, trackID=29, T0=-2.35133 -> /Volumes/ssd_zhang/thesis_michel/server_processing/t0_rootFiles/beam28806_new202602/wvf_applyCut_removeBeam/wvfFind_event41040_trackID29_opNum6_merged.root
[COPY] event=41051, trackID=36, T0=-2.38199 -> /Volumes/ssd_zhang/thesis_michel/server_processing/t0_rootFiles/beam28806_new202602/wvf_applyCut_removeBeam/wvfFind_event41051_trackID36_opNum3.root
[COPY] event=41051, trackID=36, T0=-2.38199 -> /Volumes/ssd_zhang/thesis_michel/server_processing/t0_rootFiles/beam28806_new202602/wvf_applyCut_removeBeam/wvfFind_event41051_trackID36_opNum3_2.root
[COPY] event=41051, trackID=36, T0=-2.38199 -> /Volumes/ssd_zhang/thesis_michel/server_processing/t0_rootFiles/beam28806_new202602/wvf_applyCut_removeBeam/wvfFind_event41051_trackID36_opNum3_3.root
[COPY] event=41063, trackID=19, T0=-2.26992 -> /Volumes/ssd_zhang/thesis_michel/server_processing/t0_rootFiles/beam28806_new202602/wvf_applyCut_removeBeam/wvfFind_event41063_trackID19_opNum7.root
[COPY] event=41065, trackID=2, T0=-0.629416 -> /Volumes/ssd_zhang/thesis_michel/server_processing/t0_rootFiles/beam28806_new202602/wvf_applyCut_removeBeam/wvfFind_event41065_trackID2_opNum5.root
[COPY] event=41092, trackID=2, T0=-1.89049 -> /Volumes/ssd_zhang/thesis_michel/server_processing/t0_rootFiles/beam28806_new202602/wvf_applyCut_removeBeam/wvfFind_event41092_trackID2_opNum8.root
[COPY] event=41112, trackID=4, T0=-1.15717 -> /Volumes/ssd_zhang/thesis_michel/server_processing/t0_rootFiles/beam28806_new202602/wvf_applyCut_removeBeam/wvfFind_event41112_trackID4_opNum9_merged.root
[COPY] event=41124, trackID=2, T0=-0.949625 -> /Volumes/ssd_zhang/thesis_michel/server_processing/t0_rootFiles/beam28806_new202602/wvf_applyCut_removeBeam/wvfFind_event41124_trackID2_opNum4.root
[COPY] event=41130, trackID=13, T0=-1.97137 -> /Volumes/ssd_zhang/thesis_michel/server_processing/t0_rootFiles/beam28806_new202602/wvf_applyCut_removeBeam/wvfFind_event41130_trackID13_opNum9_merged.root
[COPY] event=41136, trackID=2, T0=-0.672342 -> /Volumes/ssd_zhang/thesis_michel/server_processing/t0_rootFiles/beam28806_new202602/wvf_applyCut_removeBeam/wvfFind_event41136_trackID2_opNum5.root
[COPY] event=41139, trackID=0, T0=-1.12048 -> /Volumes/ssd_zhang/thesis_michel/server_processing/t0_rootFiles/beam28806_new202602/wvf_applyCut_removeBeam/wvfFind_event41139_trackID0_opNum4.root
[COPY] event=4113, trackID=20, T0=-0.841017 -> /Volumes/ssd_zhang/thesis_michel/server_processing/t0_rootFiles/beam28806_new202602/wvf_applyCut_removeBeam/wvfFind_event4113_trackID20_opNum5.root
[COPY] event=41142, trackID=1, T0=-0.83489 -> /Volumes/ssd_zhang/thesis_michel/server_processing/t0_rootFiles/beam28806_new202602/wvf_applyCut_removeBeam/wvfFind_event41142_trackID1_opNum5.root
[COPY] event=41156, trackID=5, T0=-1.64759 -> /Volumes/ssd_zhang/thesis_michel/server_processing/t0_rootFiles/beam28806_new202602/wvf_applyCut_removeBeam/wvfFind_event41156_trackID5_opNum4.root
[COPY] event=41157, trackID=30, T0=0.218087 -> /Volumes/ssd_zhang/thesis_michel/server_processing/t0_rootFiles/beam28806_new202602/wvf_applyCut_removeBeam/wvfFind_event41157_trackID30_opNum9.root
[COPY] event=41158, trackID=25, T0=-0.888322 -> /Volumes/ssd_zhang/thesis_michel/server_processing/t0_rootFiles/beam28806_new202602/wvf_applyCut_removeBeam/wvfFind_event41158_trackID25_opNum9.root
[COPY] event=41170, trackID=17, T0=-1.64665 -> /Volumes/ssd_zhang/thesis_michel/server_processing/t0_rootFiles/beam28806_new202602/wvf_applyCut_removeBeam/wvfFind_event41170_trackID17_opNum5_merged.root
[COPY] event=41177, trackID=26, T0=-2.38115 -> /Volumes/ssd_zhang/thesis_michel/server_processing/t0_rootFiles/beam28806_new202602/wvf_applyCut_removeBeam/wvfFind_event41177_trackID26_opNum3.root
[SKIP] (in range) event=4117, trackID=19, T0=-0.0776153
[SKIP] (in range) event=4117, trackID=19, T0=-0.0776153
[COPY] event=41222, trackID=3, T0=-0.795161 -> /Volumes/ssd_zhang/thesis_michel/server_processing/t0_rootFiles/beam28806_new202602/wvf_applyCut_removeBeam/wvfFind_event41222_trackID3_opNum5.root
[COPY] event=41249, trackID=9, T0=-0.296423 -> /Volumes/ssd_zhang/thesis_michel/server_processing/t0_rootFiles/beam28806_new202602/wvf_applyCut_removeBeam/wvfFind_event41249_trackID9_opNum3.root
[COPY] event=41249, trackID=9, T0=-0.296423 -> /Volumes/ssd_zhang/thesis_michel/server_processing/t0_rootFiles/beam28806_new202602/wvf_applyCut_removeBeam/wvfFind_event41249_trackID9_opNum3_2.root
[COPY] event=4124, trackID=21, T0=-2.36038 -> /Volumes/ssd_zhang/thesis_michel/server_processing/t0_rootFiles/beam28806_new202602/wvf_applyCut_removeBeam/wvfFind_event4124_trackID21_opNum5.root
[COPY] event=4124, trackID=21, T0=-2.36038 -> /Volumes/ssd_zhang/thesis_michel/server_processing/t0_rootFiles/beam28806_new202602/wvf_applyCut_removeBeam/wvfFind_event4124_trackID21_opNum5_2.root
[COPY] event=41253, trackID=24, T0=1.29449 -> /Volumes/ssd_zhang/thesis_michel/server_processing/t0_rootFiles/beam28806_new202602/wvf_applyCut_removeBeam/wvfFind_event41253_trackID24_opNum7.root
[COPY] event=41267, trackID=14, T0=-1.9564 -> /Volumes/ssd_zhang/thesis_michel/server_processing/t0_rootFiles/beam28806_new202602/wvf_applyCut_removeBeam/wvfFind_event41267_trackID14_opNum9.root
[COPY] event=41294, trackID=8, T0=0.327705 -> /Volumes/ssd_zhang/thesis_michel/server_processing/t0_rootFiles/beam28806_new202602/wvf_applyCut_removeBeam/wvfFind_event41294_trackID8_opNum4_merged.root
[COPY] event=41298, trackID=0, T0=0.277699 -> /Volumes/ssd_zhang/thesis_michel/server_processing/t0_rootFiles/beam28806_new202602/wvf_applyCut_removeBeam/wvfFind_event41298_trackID0_opNum4.root
[COPY] event=41306, trackID=1, T0=0.0319284 -> /Volumes/ssd_zhang/thesis_michel/server_processing/t0_rootFiles/beam28806_new202602/wvf_applyCut_removeBeam/wvfFind_event41306_trackID1_opNum4.root
[COPY] event=41321, trackID=5, T0=-0.704743 -> /Volumes/ssd_zhang/thesis_michel/server_processing/t0_rootFiles/beam28806_new202602/wvf_applyCut_removeBeam/wvfFind_event41321_trackID5_opNum4_merged.root
[COPY] event=41357, trackID=2, T0=-1.30864 -> /Volumes/ssd_zhang/thesis_michel/server_processing/t0_rootFiles/beam28806_new202602/wvf_applyCut_removeBeam/wvfFind_event41357_trackID2_opNum4.root
[COPY] event=41381, trackID=20, T0=-0.323263 -> /Volumes/ssd_zhang/thesis_michel/server_processing/t0_rootFiles/beam28806_new202602/wvf_applyCut_removeBeam/wvfFind_event41381_trackID20_opNum3_merged.root
[COPY] event=41393, trackID=15, T0=-1.32246 -> /Volumes/ssd_zhang/thesis_michel/server_processing/t0_rootFiles/beam28806_new202602/wvf_applyCut_removeBeam/wvfFind_event41393_trackID15_opNum5.root
[COPY] event=41396, trackID=1, T0=0.0585009 -> /Volumes/ssd_zhang/thesis_michel/server_processing/t0_rootFiles/beam28806_new202602/wvf_applyCut_removeBeam/wvfFind_event41396_trackID1_opNum4.root
[COPY] event=41396, trackID=1, T0=0.0585009 -> /Volumes/ssd_zhang/thesis_michel/server_processing/t0_rootFiles/beam28806_new202602/wvf_applyCut_removeBeam/wvfFind_event41396_trackID1_opNum4_2.root
[COPY] event=41419, trackID=7, T0=-0.567934 -> /Volumes/ssd_zhang/thesis_michel/server_processing/t0_rootFiles/beam28806_new202602/wvf_applyCut_removeBeam/wvfFind_event41419_trackID7_opNum9.root
[COPY] event=41427, trackID=8, T0=-0.733007 -> /Volumes/ssd_zhang/thesis_michel/server_processing/t0_rootFiles/beam28806_new202602/wvf_applyCut_removeBeam/wvfFind_event41427_trackID8_opNum3.root
[COPY] event=41431, trackID=4, T0=-2.07263 -> /Volumes/ssd_zhang/thesis_michel/server_processing/t0_rootFiles/beam28806_new202602/wvf_applyCut_removeBeam/wvfFind_event41431_trackID4_opNum6.root
[COPY] event=41436, trackID=9, T0=0.21259 -> /Volumes/ssd_zhang/thesis_michel/server_processing/t0_rootFiles/beam28806_new202602/wvf_applyCut_removeBeam/wvfFind_event41436_trackID9_opNum9.root
[COPY] event=41438, trackID=0, T0=-0.655015 -> /Volumes/ssd_zhang/thesis_michel/server_processing/t0_rootFiles/beam28806_new202602/wvf_applyCut_removeBeam/wvfFind_event41438_trackID0_opNum5.root
[COPY] event=41438, trackID=0, T0=-0.655015 -> /Volumes/ssd_zhang/thesis_michel/server_processing/t0_rootFiles/beam28806_new202602/wvf_applyCut_removeBeam/wvfFind_event41438_trackID0_opNum5_2.root
[COPY] event=41445, trackID=3, T0=-0.463751 -> /Volumes/ssd_zhang/thesis_michel/server_processing/t0_rootFiles/beam28806_new202602/wvf_applyCut_removeBeam/wvfFind_event41445_trackID3_opNum4.root
[SKIP] (in range) event=41452, trackID=6, T0=-0.0717433
[COPY] event=41458, trackID=8, T0=2.03465 -> /Volumes/ssd_zhang/thesis_michel/server_processing/t0_rootFiles/beam28806_new202602/wvf_applyCut_removeBeam/wvfFind_event41458_trackID8_opNum3.root
[COPY] event=41463, trackID=19, T0=-2.35527 -> /Volumes/ssd_zhang/thesis_michel/server_processing/t0_rootFiles/beam28806_new202602/wvf_applyCut_removeBeam/wvfFind_event41463_trackID19_opNum5.root
[COPY] event=41483, trackID=32, T0=-1.47452 -> /Volumes/ssd_zhang/thesis_michel/server_processing/t0_rootFiles/beam28806_new202602/wvf_applyCut_removeBeam/wvfFind_event41483_trackID32_opNum6.root
[COPY] event=41498, trackID=11, T0=-2.28779 -> /Volumes/ssd_zhang/thesis_michel/server_processing/t0_rootFiles/beam28806_new202602/wvf_applyCut_removeBeam/wvfFind_event41498_trackID11_opNum3_merged.root
[COPY] event=41499, trackID=6, T0=0.262811 -> /Volumes/ssd_zhang/thesis_michel/server_processing/t0_rootFiles/beam28806_new202602/wvf_applyCut_removeBeam/wvfFind_event41499_trackID6_opNum3.root
[COPY] event=414, trackID=7, T0=-1.7936 -> /Volumes/ssd_zhang/thesis_michel/server_processing/t0_rootFiles/beam28806_new202602/wvf_applyCut_removeBeam/wvfFind_event414_trackID7_opNum7.root
[COPY] event=41578, trackID=11, T0=0.199737 -> /Volumes/ssd_zhang/thesis_michel/server_processing/t0_rootFiles/beam28806_new202602/wvf_applyCut_removeBeam/wvfFind_event41578_trackID11_opNum7.root
[COPY] event=41589, trackID=8, T0=-0.779903 -> /Volumes/ssd_zhang/thesis_michel/server_processing/t0_rootFiles/beam28806_new202602/wvf_applyCut_removeBeam/wvfFind_event41589_trackID8_opNum9.root
[COPY] event=41589, trackID=8, T0=-0.779903 -> /Volumes/ssd_zhang/thesis_michel/server_processing/t0_rootFiles/beam28806_new202602/wvf_applyCut_removeBeam/wvfFind_event41589_trackID8_opNum9_2.root
[COPY] event=41608, trackID=1, T0=0.150964 -> /Volumes/ssd_zhang/thesis_michel/server_processing/t0_rootFiles/beam28806_new202602/wvf_applyCut_removeBeam/wvfFind_event41608_trackID1_opNum4.root
[COPY] event=41618, trackID=26, T0=-2.38806 -> /Volumes/ssd_zhang/thesis_michel/server_processing/t0_rootFiles/beam28806_new202602/wvf_applyCut_removeBeam/wvfFind_event41618_trackID26_opNum6.root
[COPY] event=41618, trackID=26, T0=-2.38806 -> /Volumes/ssd_zhang/thesis_michel/server_processing/t0_rootFiles/beam28806_new202602/wvf_applyCut_removeBeam/wvfFind_event41618_trackID26_opNum6_2.root
[COPY] event=4161, trackID=13, T0=-1.58326 -> /Volumes/ssd_zhang/thesis_michel/server_processing/t0_rootFiles/beam28806_new202602/wvf_applyCut_removeBeam/wvfFind_event4161_trackID13_opNum7.root
[COPY] event=41624, trackID=3, T0=0.640037 -> /Volumes/ssd_zhang/thesis_michel/server_processing/t0_rootFiles/beam28806_new202602/wvf_applyCut_removeBeam/wvfFind_event41624_trackID3_opNum9.root
[COPY] event=41626, trackID=9, T0=0.356666 -> /Volumes/ssd_zhang/thesis_michel/server_processing/t0_rootFiles/beam28806_new202602/wvf_applyCut_removeBeam/wvfFind_event41626_trackID9_opNum9.root
[COPY] event=41629, trackID=17, T0=-2.03981 -> /Volumes/ssd_zhang/thesis_michel/server_processing/t0_rootFiles/beam28806_new202602/wvf_applyCut_removeBeam/wvfFind_event41629_trackID17_opNum8_merged.root
[COPY] event=41669, trackID=2, T0=-0.823488 -> /Volumes/ssd_zhang/thesis_michel/server_processing/t0_rootFiles/beam28806_new202602/wvf_applyCut_removeBeam/wvfFind_event41669_trackID2_opNum5.root
[COPY] event=41680, trackID=17, T0=-0.75599 -> /Volumes/ssd_zhang/thesis_michel/server_processing/t0_rootFiles/beam28806_new202602/wvf_applyCut_removeBeam/wvfFind_event41680_trackID17_opNum9.root
[COPY] event=41693, trackID=5, T0=-2.01494 -> /Volumes/ssd_zhang/thesis_michel/server_processing/t0_rootFiles/beam28806_new202602/wvf_applyCut_removeBeam/wvfFind_event41693_trackID5_opNum9.root
[COPY] event=41725, trackID=11, T0=2.58765 -> /Volumes/ssd_zhang/thesis_michel/server_processing/t0_rootFiles/beam28806_new202602/wvf_applyCut_removeBeam/wvfFind_event41725_trackID11_opNum9.root
[COPY] event=41774, trackID=11, T0=-2.10065 -> /Volumes/ssd_zhang/thesis_michel/server_processing/t0_rootFiles/beam28806_new202602/wvf_applyCut_removeBeam/wvfFind_event41774_trackID11_opNum8_merged.root
[COPY] event=4177, trackID=8, T0=-1.28755 -> /Volumes/ssd_zhang/thesis_michel/server_processing/t0_rootFiles/beam28806_new202602/wvf_applyCut_removeBeam/wvfFind_event4177_trackID8_opNum8.root
[COPY] event=4177, trackID=8, T0=-1.28755 -> /Volumes/ssd_zhang/thesis_michel/server_processing/t0_rootFiles/beam28806_new202602/wvf_applyCut_removeBeam/wvfFind_event4177_trackID8_opNum8_2.root
[COPY] event=41791, trackID=7, T0=-1.26972 -> /Volumes/ssd_zhang/thesis_michel/server_processing/t0_rootFiles/beam28806_new202602/wvf_applyCut_removeBeam/wvfFind_event41791_trackID7_opNum5.root
[COPY] event=41802, trackID=13, T0=-1.82345 -> /Volumes/ssd_zhang/thesis_michel/server_processing/t0_rootFiles/beam28806_new202602/wvf_applyCut_removeBeam/wvfFind_event41802_trackID13_opNum9_merged.root
[COPY] event=41812, trackID=11, T0=-0.970936 -> /Volumes/ssd_zhang/thesis_michel/server_processing/t0_rootFiles/beam28806_new202602/wvf_applyCut_removeBeam/wvfFind_event41812_trackID11_opNum4.root
[COPY] event=4182, trackID=17, T0=-2.24716 -> /Volumes/ssd_zhang/thesis_michel/server_processing/t0_rootFiles/beam28806_new202602/wvf_applyCut_removeBeam/wvfFind_event4182_trackID17_opNum5_merged.root
[COPY] event=41839, trackID=29, T0=-2.15569 -> /Volumes/ssd_zhang/thesis_michel/server_processing/t0_rootFiles/beam28806_new202602/wvf_applyCut_removeBeam/wvfFind_event41839_trackID29_opNum9.root
[COPY] event=41851, trackID=20, T0=-2.33757 -> /Volumes/ssd_zhang/thesis_michel/server_processing/t0_rootFiles/beam28806_new202602/wvf_applyCut_removeBeam/wvfFind_event41851_trackID20_opNum6_merged.root
[COPY] event=41859, trackID=0, T0=-0.258361 -> /Volumes/ssd_zhang/thesis_michel/server_processing/t0_rootFiles/beam28806_new202602/wvf_applyCut_removeBeam/wvfFind_event41859_trackID0_opNum9.root
[COPY] event=41860, trackID=7, T0=0.464061 -> /Volumes/ssd_zhang/thesis_michel/server_processing/t0_rootFiles/beam28806_new202602/wvf_applyCut_removeBeam/wvfFind_event41860_trackID7_opNum7_merged.root
[COPY] event=41863, trackID=5, T0=-0.691897 -> /Volumes/ssd_zhang/thesis_michel/server_processing/t0_rootFiles/beam28806_new202602/wvf_applyCut_removeBeam/wvfFind_event41863_trackID5_opNum3.root
[COPY] event=41864, trackID=0, T0=0.290981 -> /Volumes/ssd_zhang/thesis_michel/server_processing/t0_rootFiles/beam28806_new202602/wvf_applyCut_removeBeam/wvfFind_event41864_trackID0_opNum9.root
[COPY] event=41866, trackID=7, T0=-0.316234 -> /Volumes/ssd_zhang/thesis_michel/server_processing/t0_rootFiles/beam28806_new202602/wvf_applyCut_removeBeam/wvfFind_event41866_trackID7_opNum4.root
[COPY] event=41871, trackID=27, T0=-0.484778 -> /Volumes/ssd_zhang/thesis_michel/server_processing/t0_rootFiles/beam28806_new202602/wvf_applyCut_removeBeam/wvfFind_event41871_trackID27_opNum9.root
[COPY] event=41881, trackID=0, T0=-0.863969 -> /Volumes/ssd_zhang/thesis_michel/server_processing/t0_rootFiles/beam28806_new202602/wvf_applyCut_removeBeam/wvfFind_event41881_trackID0_opNum5_merged.root
[COPY] event=41881, trackID=1, T0=-1.17316 -> /Volumes/ssd_zhang/thesis_michel/server_processing/t0_rootFiles/beam28806_new202602/wvf_applyCut_removeBeam/wvfFind_event41881_trackID1_opNum3.root
[COPY] event=41887, trackID=6, T0=0.309685 -> /Volumes/ssd_zhang/thesis_michel/server_processing/t0_rootFiles/beam28806_new202602/wvf_applyCut_removeBeam/wvfFind_event41887_trackID6_opNum9.root
[COPY] event=4188, trackID=4, T0=-1.11809 -> /Volumes/ssd_zhang/thesis_michel/server_processing/t0_rootFiles/beam28806_new202602/wvf_applyCut_removeBeam/wvfFind_event4188_trackID4_opNum4.root
[COPY] event=4188, trackID=7, T0=-1.72843 -> /Volumes/ssd_zhang/thesis_michel/server_processing/t0_rootFiles/beam28806_new202602/wvf_applyCut_removeBeam/wvfFind_event4188_trackID7_opNum7_merged.root
[COPY] event=41914, trackID=13, T0=-2.29982 -> /Volumes/ssd_zhang/thesis_michel/server_processing/t0_rootFiles/beam28806_new202602/wvf_applyCut_removeBeam/wvfFind_event41914_trackID13_opNum5.root
[COPY] event=41914, trackID=13, T0=-2.29982 -> /Volumes/ssd_zhang/thesis_michel/server_processing/t0_rootFiles/beam28806_new202602/wvf_applyCut_removeBeam/wvfFind_event41914_trackID13_opNum5_2.root
[COPY] event=41917, trackID=0, T0=-0.570121 -> /Volumes/ssd_zhang/thesis_michel/server_processing/t0_rootFiles/beam28806_new202602/wvf_applyCut_removeBeam/wvfFind_event41917_trackID0_opNum5.root
[COPY] event=41921, trackID=8, T0=-1.84496 -> /Volumes/ssd_zhang/thesis_michel/server_processing/t0_rootFiles/beam28806_new202602/wvf_applyCut_removeBeam/wvfFind_event41921_trackID8_opNum8.root
[COPY] event=41960, trackID=0, T0=-1.12188 -> /Volumes/ssd_zhang/thesis_michel/server_processing/t0_rootFiles/beam28806_new202602/wvf_applyCut_removeBeam/wvfFind_event41960_trackID0_opNum5.root
[COPY] event=41960, trackID=0, T0=-1.12188 -> /Volumes/ssd_zhang/thesis_michel/server_processing/t0_rootFiles/beam28806_new202602/wvf_applyCut_removeBeam/wvfFind_event41960_trackID0_opNum5_2.root
[COPY] event=41971, trackID=6, T0=-1.13878 -> /Volumes/ssd_zhang/thesis_michel/server_processing/t0_rootFiles/beam28806_new202602/wvf_applyCut_removeBeam/wvfFind_event41971_trackID6_opNum5.root
[COPY] event=41980, trackID=20, T0=-1.93858 -> /Volumes/ssd_zhang/thesis_michel/server_processing/t0_rootFiles/beam28806_new202602/wvf_applyCut_removeBeam/wvfFind_event41980_trackID20_opNum9.root
[COPY] event=41984, trackID=4, T0=-0.367961 -> /Volumes/ssd_zhang/thesis_michel/server_processing/t0_rootFiles/beam28806_new202602/wvf_applyCut_removeBeam/wvfFind_event41984_trackID4_opNum4.root
[COPY] event=41984, trackID=4, T0=-0.367961 -> /Volumes/ssd_zhang/thesis_michel/server_processing/t0_rootFiles/beam28806_new202602/wvf_applyCut_removeBeam/wvfFind_event41984_trackID4_opNum4_2.root
[COPY] event=41990, trackID=7, T0=0.432201 -> /Volumes/ssd_zhang/thesis_michel/server_processing/t0_rootFiles/beam28806_new202602/wvf_applyCut_removeBeam/wvfFind_event41990_trackID7_opNum9.root
[COPY] event=42010, trackID=21, T0=-2.27448 -> /Volumes/ssd_zhang/thesis_michel/server_processing/t0_rootFiles/beam28806_new202602/wvf_applyCut_removeBeam/wvfFind_event42010_trackID21_opNum9.root
[COPY] event=42044, trackID=10, T0=-0.46798 -> /Volumes/ssd_zhang/thesis_michel/server_processing/t0_rootFiles/beam28806_new202602/wvf_applyCut_removeBeam/wvfFind_event42044_trackID10_opNum8.root
[COPY] event=42052, trackID=4, T0=0.0155188 -> /Volumes/ssd_zhang/thesis_michel/server_processing/t0_rootFiles/beam28806_new202602/wvf_applyCut_removeBeam/wvfFind_event42052_trackID4_opNum3.root
[COPY] event=42052, trackID=4, T0=0.0155188 -> /Volumes/ssd_zhang/thesis_michel/server_processing/t0_rootFiles/beam28806_new202602/wvf_applyCut_removeBeam/wvfFind_event42052_trackID4_opNum3_2.root
[COPY] event=42055, trackID=15, T0=-1.46547 -> /Volumes/ssd_zhang/thesis_michel/server_processing/t0_rootFiles/beam28806_new202602/wvf_applyCut_removeBeam/wvfFind_event42055_trackID15_opNum9.root
[COPY] event=42057, trackID=1, T0=0.295514 -> /Volumes/ssd_zhang/thesis_michel/server_processing/t0_rootFiles/beam28806_new202602/wvf_applyCut_removeBeam/wvfFind_event42057_trackID1_opNum3.root
[COPY] event=42057, trackID=1, T0=0.295514 -> /Volumes/ssd_zhang/thesis_michel/server_processing/t0_rootFiles/beam28806_new202602/wvf_applyCut_removeBeam/wvfFind_event42057_trackID1_opNum3_2.root
[COPY] event=42098, trackID=17, T0=-1.84319 -> /Volumes/ssd_zhang/thesis_michel/server_processing/t0_rootFiles/beam28806_new202602/wvf_applyCut_removeBeam/wvfFind_event42098_trackID17_opNum9.root
[COPY] event=42101, trackID=9, T0=0.0325134 -> /Volumes/ssd_zhang/thesis_michel/server_processing/t0_rootFiles/beam28806_new202602/wvf_applyCut_removeBeam/wvfFind_event42101_trackID9_opNum4.root
[COPY] event=42109, trackID=6, T0=0.116014 -> /Volumes/ssd_zhang/thesis_michel/server_processing/t0_rootFiles/beam28806_new202602/wvf_applyCut_removeBeam/wvfFind_event42109_trackID6_opNum5.root
[COPY] event=42120, trackID=15, T0=-1.52781 -> /Volumes/ssd_zhang/thesis_michel/server_processing/t0_rootFiles/beam28806_new202602/wvf_applyCut_removeBeam/wvfFind_event42120_trackID15_opNum8.root
[COPY] event=42131, trackID=2, T0=0.0483049 -> /Volumes/ssd_zhang/thesis_michel/server_processing/t0_rootFiles/beam28806_new202602/wvf_applyCut_removeBeam/wvfFind_event42131_trackID2_opNum5.root
[COPY] event=42131, trackID=2, T0=0.0483049 -> /Volumes/ssd_zhang/thesis_michel/server_processing/t0_rootFiles/beam28806_new202602/wvf_applyCut_removeBeam/wvfFind_event42131_trackID2_opNum5_2.root
[COPY] event=42133, trackID=22, T0=1.53074 -> /Volumes/ssd_zhang/thesis_michel/server_processing/t0_rootFiles/beam28806_new202602/wvf_applyCut_removeBeam/wvfFind_event42133_trackID22_opNum9.root
[COPY] event=42155, trackID=17, T0=-1.6719 -> /Volumes/ssd_zhang/thesis_michel/server_processing/t0_rootFiles/beam28806_new202602/wvf_applyCut_removeBeam/wvfFind_event42155_trackID17_opNum8.root
[COPY] event=42158, trackID=11, T0=-0.254908 -> /Volumes/ssd_zhang/thesis_michel/server_processing/t0_rootFiles/beam28806_new202602/wvf_applyCut_removeBeam/wvfFind_event42158_trackID11_opNum9.root
[COPY] event=4215, trackID=17, T0=-1.42577 -> /Volumes/ssd_zhang/thesis_michel/server_processing/t0_rootFiles/beam28806_new202602/wvf_applyCut_removeBeam/wvfFind_event4215_trackID17_opNum7_merged.root
[COPY] event=42168, trackID=4, T0=-1.19104 -> /Volumes/ssd_zhang/thesis_michel/server_processing/t0_rootFiles/beam28806_new202602/wvf_applyCut_removeBeam/wvfFind_event42168_trackID4_opNum4.root
[COPY] event=42168, trackID=8, T0=-1.12532 -> /Volumes/ssd_zhang/thesis_michel/server_processing/t0_rootFiles/beam28806_new202602/wvf_applyCut_removeBeam/wvfFind_event42168_trackID8_opNum5.root
[COPY] event=42171, trackID=1, T0=-1.14236 -> /Volumes/ssd_zhang/thesis_michel/server_processing/t0_rootFiles/beam28806_new202602/wvf_applyCut_removeBeam/wvfFind_event42171_trackID1_opNum4.root
[COPY] event=42173, trackID=3, T0=-0.169981 -> /Volumes/ssd_zhang/thesis_michel/server_processing/t0_rootFiles/beam28806_new202602/wvf_applyCut_removeBeam/wvfFind_event42173_trackID3_opNum6.root
[COPY] event=42173, trackID=3, T0=-0.169981 -> /Volumes/ssd_zhang/thesis_michel/server_processing/t0_rootFiles/beam28806_new202602/wvf_applyCut_removeBeam/wvfFind_event42173_trackID3_opNum6_2.root
[COPY] event=42205, trackID=2, T0=0.0310898 -> /Volumes/ssd_zhang/thesis_michel/server_processing/t0_rootFiles/beam28806_new202602/wvf_applyCut_removeBeam/wvfFind_event42205_trackID2_opNum9.root
[COPY] event=42205, trackID=2, T0=0.0310898 -> /Volumes/ssd_zhang/thesis_michel/server_processing/t0_rootFiles/beam28806_new202602/wvf_applyCut_removeBeam/wvfFind_event42205_trackID2_opNum9_2.root
[COPY] event=42209, trackID=5, T0=0.0673368 -> /Volumes/ssd_zhang/thesis_michel/server_processing/t0_rootFiles/beam28806_new202602/wvf_applyCut_removeBeam/wvfFind_event42209_trackID5_opNum4.root
[COPY] event=42209, trackID=5, T0=0.0673368 -> /Volumes/ssd_zhang/thesis_michel/server_processing/t0_rootFiles/beam28806_new202602/wvf_applyCut_removeBeam/wvfFind_event42209_trackID5_opNum4_2.root
[COPY] event=42227, trackID=21, T0=-2.31637 -> /Volumes/ssd_zhang/thesis_michel/server_processing/t0_rootFiles/beam28806_new202602/wvf_applyCut_removeBeam/wvfFind_event42227_trackID21_opNum7_merged.root
[COPY] event=42248, trackID=2, T0=-1.78452 -> /Volumes/ssd_zhang/thesis_michel/server_processing/t0_rootFiles/beam28806_new202602/wvf_applyCut_removeBeam/wvfFind_event42248_trackID2_opNum3.root
[COPY] event=42258, trackID=4, T0=-0.819395 -> /Volumes/ssd_zhang/thesis_michel/server_processing/t0_rootFiles/beam28806_new202602/wvf_applyCut_removeBeam/wvfFind_event42258_trackID4_opNum5.root
[COPY] event=42277, trackID=7, T0=0.663907 -> /Volumes/ssd_zhang/thesis_michel/server_processing/t0_rootFiles/beam28806_new202602/wvf_applyCut_removeBeam/wvfFind_event42277_trackID7_opNum9_merged.root
[COPY] event=42292, trackID=6, T0=-1.48836 -> /Volumes/ssd_zhang/thesis_michel/server_processing/t0_rootFiles/beam28806_new202602/wvf_applyCut_removeBeam/wvfFind_event42292_trackID6_opNum9.root
[SKIP] (in range) event=42303, trackID=17, T0=-0.0310722
[SKIP] (in range) event=42303, trackID=17, T0=-0.0310722
[COPY] event=42311, trackID=37, T0=2.00598 -> /Volumes/ssd_zhang/thesis_michel/server_processing/t0_rootFiles/beam28806_new202602/wvf_applyCut_removeBeam/wvfFind_event42311_trackID37_opNum5_merged.root
[COPY] event=4232, trackID=12, T0=-0.97663 -> /Volumes/ssd_zhang/thesis_michel/server_processing/t0_rootFiles/beam28806_new202602/wvf_applyCut_removeBeam/wvfFind_event4232_trackID12_opNum8.root
[COPY] event=42330, trackID=17, T0=0.450281 -> /Volumes/ssd_zhang/thesis_michel/server_processing/t0_rootFiles/beam28806_new202602/wvf_applyCut_removeBeam/wvfFind_event42330_trackID17_opNum9.root
[COPY] event=42330, trackID=17, T0=0.450281 -> /Volumes/ssd_zhang/thesis_michel/server_processing/t0_rootFiles/beam28806_new202602/wvf_applyCut_removeBeam/wvfFind_event42330_trackID17_opNum9_2.root
[COPY] event=42332, trackID=17, T0=-1.92328 -> /Volumes/ssd_zhang/thesis_michel/server_processing/t0_rootFiles/beam28806_new202602/wvf_applyCut_removeBeam/wvfFind_event42332_trackID17_opNum9.root
[COPY] event=42332, trackID=17, T0=-1.92328 -> /Volumes/ssd_zhang/thesis_michel/server_processing/t0_rootFiles/beam28806_new202602/wvf_applyCut_removeBeam/wvfFind_event42332_trackID17_opNum9_2.root
[COPY] event=42336, trackID=11, T0=-0.127548 -> /Volumes/ssd_zhang/thesis_michel/server_processing/t0_rootFiles/beam28806_new202602/wvf_applyCut_removeBeam/wvfFind_event42336_trackID11_opNum8_2.root
[COPY] event=42336, trackID=11, T0=-0.127548 -> /Volumes/ssd_zhang/thesis_michel/server_processing/t0_rootFiles/beam28806_new202602/wvf_applyCut_removeBeam/wvfFind_event42336_trackID11_opNum9_merged.root
[COPY] event=42356, trackID=7, T0=-1.22407 -> /Volumes/ssd_zhang/thesis_michel/server_processing/t0_rootFiles/beam28806_new202602/wvf_applyCut_removeBeam/wvfFind_event42356_trackID7_opNum3.root
[COPY] event=42366, trackID=2, T0=0.313786 -> /Volumes/ssd_zhang/thesis_michel/server_processing/t0_rootFiles/beam28806_new202602/wvf_applyCut_removeBeam/wvfFind_event42366_trackID2_opNum5.root
[COPY] event=42369, trackID=12, T0=-0.664647 -> /Volumes/ssd_zhang/thesis_michel/server_processing/t0_rootFiles/beam28806_new202602/wvf_applyCut_removeBeam/wvfFind_event42369_trackID12_opNum5.root
[COPY] event=42389, trackID=5, T0=-0.956376 -> /Volumes/ssd_zhang/thesis_michel/server_processing/t0_rootFiles/beam28806_new202602/wvf_applyCut_removeBeam/wvfFind_event42389_trackID5_opNum4.root
[COPY] event=4238, trackID=8, T0=-1.43523 -> /Volumes/ssd_zhang/thesis_michel/server_processing/t0_rootFiles/beam28806_new202602/wvf_applyCut_removeBeam/wvfFind_event4238_trackID8_opNum6.root
[COPY] event=42437, trackID=1, T0=0.211132 -> /Volumes/ssd_zhang/thesis_michel/server_processing/t0_rootFiles/beam28806_new202602/wvf_applyCut_removeBeam/wvfFind_event42437_trackID1_opNum4_merged.root
[COPY] event=42442, trackID=9, T0=-1.76968 -> /Volumes/ssd_zhang/thesis_michel/server_processing/t0_rootFiles/beam28806_new202602/wvf_applyCut_removeBeam/wvfFind_event42442_trackID9_opNum8.root
[COPY] event=42448, trackID=13, T0=-1.10002 -> /Volumes/ssd_zhang/thesis_michel/server_processing/t0_rootFiles/beam28806_new202602/wvf_applyCut_removeBeam/wvfFind_event42448_trackID13_opNum7_merged.root
[COPY] event=4246, trackID=4, T0=-0.761818 -> /Volumes/ssd_zhang/thesis_michel/server_processing/t0_rootFiles/beam28806_new202602/wvf_applyCut_removeBeam/wvfFind_event4246_trackID4_opNum3.root
[COPY] event=42479, trackID=6, T0=-2.07322 -> /Volumes/ssd_zhang/thesis_michel/server_processing/t0_rootFiles/beam28806_new202602/wvf_applyCut_removeBeam/wvfFind_event42479_trackID6_opNum8.root
[COPY] event=42479, trackID=6, T0=-2.07322 -> /Volumes/ssd_zhang/thesis_michel/server_processing/t0_rootFiles/beam28806_new202602/wvf_applyCut_removeBeam/wvfFind_event42479_trackID6_opNum8_2.root
[COPY] event=42484, trackID=7, T0=-1.42494 -> /Volumes/ssd_zhang/thesis_michel/server_processing/t0_rootFiles/beam28806_new202602/wvf_applyCut_removeBeam/wvfFind_event42484_trackID7_opNum3.root
[COPY] event=42496, trackID=15, T0=-2.04185 -> /Volumes/ssd_zhang/thesis_michel/server_processing/t0_rootFiles/beam28806_new202602/wvf_applyCut_removeBeam/wvfFind_event42496_trackID15_opNum9.root
[COPY] event=42522, trackID=6, T0=-1.4051 -> /Volumes/ssd_zhang/thesis_michel/server_processing/t0_rootFiles/beam28806_new202602/wvf_applyCut_removeBeam/wvfFind_event42522_trackID6_opNum3.root
[COPY] event=42522, trackID=6, T0=-1.4051 -> /Volumes/ssd_zhang/thesis_michel/server_processing/t0_rootFiles/beam28806_new202602/wvf_applyCut_removeBeam/wvfFind_event42522_trackID6_opNum3_2.root
[COPY] event=42541, trackID=8, T0=-1.40835 -> /Volumes/ssd_zhang/thesis_michel/server_processing/t0_rootFiles/beam28806_new202602/wvf_applyCut_removeBeam/wvfFind_event42541_trackID8_opNum5.root
[COPY] event=42541, trackID=8, T0=-1.40835 -> /Volumes/ssd_zhang/thesis_michel/server_processing/t0_rootFiles/beam28806_new202602/wvf_applyCut_removeBeam/wvfFind_event42541_trackID8_opNum5_2.root
[COPY] event=4254, trackID=26, T0=-2.11138 -> /Volumes/ssd_zhang/thesis_michel/server_processing/t0_rootFiles/beam28806_new202602/wvf_applyCut_removeBeam/wvfFind_event4254_trackID26_opNum9.root
[COPY] event=4254, trackID=26, T0=-2.11138 -> /Volumes/ssd_zhang/thesis_michel/server_processing/t0_rootFiles/beam28806_new202602/wvf_applyCut_removeBeam/wvfFind_event4254_trackID26_opNum9_2.root
[COPY] event=42550, trackID=3, T0=0.161642 -> /Volumes/ssd_zhang/thesis_michel/server_processing/t0_rootFiles/beam28806_new202602/wvf_applyCut_removeBeam/wvfFind_event42550_trackID3_opNum3.root
[COPY] event=42575, trackID=5, T0=-0.734639 -> /Volumes/ssd_zhang/thesis_michel/server_processing/t0_rootFiles/beam28806_new202602/wvf_applyCut_removeBeam/wvfFind_event42575_trackID5_opNum4_merged.root
[COPY] event=4261, trackID=12, T0=-1.96574 -> /Volumes/ssd_zhang/thesis_michel/server_processing/t0_rootFiles/beam28806_new202602/wvf_applyCut_removeBeam/wvfFind_event4261_trackID12_opNum9.root
[COPY] event=42620, trackID=8, T0=-2.31193 -> /Volumes/ssd_zhang/thesis_michel/server_processing/t0_rootFiles/beam28806_new202602/wvf_applyCut_removeBeam/wvfFind_event42620_trackID8_opNum6_merged.root
[COPY] event=42630, trackID=21, T0=2.58127 -> /Volumes/ssd_zhang/thesis_michel/server_processing/t0_rootFiles/beam28806_new202602/wvf_applyCut_removeBeam/wvfFind_event42630_trackID21_opNum8_merged.root
[COPY] event=42658, trackID=11, T0=-1.05972 -> /Volumes/ssd_zhang/thesis_michel/server_processing/t0_rootFiles/beam28806_new202602/wvf_applyCut_removeBeam/wvfFind_event42658_trackID11_opNum9.root
[COPY] event=42709, trackID=1, T0=0.332945 -> /Volumes/ssd_zhang/thesis_michel/server_processing/t0_rootFiles/beam28806_new202602/wvf_applyCut_removeBeam/wvfFind_event42709_trackID1_opNum4.root
[COPY] event=42711, trackID=8, T0=0.10049 -> /Volumes/ssd_zhang/thesis_michel/server_processing/t0_rootFiles/beam28806_new202602/wvf_applyCut_removeBeam/wvfFind_event42711_trackID8_opNum8_merged.root
[COPY] event=42772, trackID=6, T0=-1.44112 -> /Volumes/ssd_zhang/thesis_michel/server_processing/t0_rootFiles/beam28806_new202602/wvf_applyCut_removeBeam/wvfFind_event42772_trackID6_opNum8.root
[SKIP] (in range) event=42782, trackID=5, T0=-0.091821
[COPY] event=42799, trackID=20, T0=-2.21913 -> /Volumes/ssd_zhang/thesis_michel/server_processing/t0_rootFiles/beam28806_new202602/wvf_applyCut_removeBeam/wvfFind_event42799_trackID20_opNum3.root
[COPY] event=42799, trackID=20, T0=-2.21913 -> /Volumes/ssd_zhang/thesis_michel/server_processing/t0_rootFiles/beam28806_new202602/wvf_applyCut_removeBeam/wvfFind_event42799_trackID20_opNum3_2.root
[COPY] event=42832, trackID=9, T0=-1.3329 -> /Volumes/ssd_zhang/thesis_michel/server_processing/t0_rootFiles/beam28806_new202602/wvf_applyCut_removeBeam/wvfFind_event42832_trackID9_opNum7.root
[COPY] event=42840, trackID=12, T0=0.277597 -> /Volumes/ssd_zhang/thesis_michel/server_processing/t0_rootFiles/beam28806_new202602/wvf_applyCut_removeBeam/wvfFind_event42840_trackID12_opNum6.root
[COPY] event=42852, trackID=9, T0=0.0261182 -> /Volumes/ssd_zhang/thesis_michel/server_processing/t0_rootFiles/beam28806_new202602/wvf_applyCut_removeBeam/wvfFind_event42852_trackID9_opNum5_merged.root
[COPY] event=42864, trackID=10, T0=-1.98705 -> /Volumes/ssd_zhang/thesis_michel/server_processing/t0_rootFiles/beam28806_new202602/wvf_applyCut_removeBeam/wvfFind_event42864_trackID10_opNum9.root
[COPY] event=42864, trackID=10, T0=-1.98705 -> /Volumes/ssd_zhang/thesis_michel/server_processing/t0_rootFiles/beam28806_new202602/wvf_applyCut_removeBeam/wvfFind_event42864_trackID10_opNum9_2.root
[COPY] event=42884, trackID=2, T0=-0.152151 -> /Volumes/ssd_zhang/thesis_michel/server_processing/t0_rootFiles/beam28806_new202602/wvf_applyCut_removeBeam/wvfFind_event42884_trackID2_opNum5.root
[COPY] event=42911, trackID=23, T0=-2.22985 -> /Volumes/ssd_zhang/thesis_michel/server_processing/t0_rootFiles/beam28806_new202602/wvf_applyCut_removeBeam/wvfFind_event42911_trackID23_opNum9.root
[COPY] event=42926, trackID=19, T0=-2.18896 -> /Volumes/ssd_zhang/thesis_michel/server_processing/t0_rootFiles/beam28806_new202602/wvf_applyCut_removeBeam/wvfFind_event42926_trackID19_opNum4.root
[COPY] event=42933, trackID=9, T0=-1.85877 -> /Volumes/ssd_zhang/thesis_michel/server_processing/t0_rootFiles/beam28806_new202602/wvf_applyCut_removeBeam/wvfFind_event42933_trackID9_opNum9.root
[COPY] event=42934, trackID=11, T0=-1.43726 -> /Volumes/ssd_zhang/thesis_michel/server_processing/t0_rootFiles/beam28806_new202602/wvf_applyCut_removeBeam/wvfFind_event42934_trackID11_opNum3.root
[COPY] event=42944, trackID=1, T0=-0.622129 -> /Volumes/ssd_zhang/thesis_michel/server_processing/t0_rootFiles/beam28806_new202602/wvf_applyCut_removeBeam/wvfFind_event42944_trackID1_opNum5.root
[COPY] event=4296, trackID=0, T0=-0.950076 -> /Volumes/ssd_zhang/thesis_michel/server_processing/t0_rootFiles/beam28806_new202602/wvf_applyCut_removeBeam/wvfFind_event4296_trackID0_opNum5.root
[COPY] event=4296, trackID=0, T0=-0.950076 -> /Volumes/ssd_zhang/thesis_michel/server_processing/t0_rootFiles/beam28806_new202602/wvf_applyCut_removeBeam/wvfFind_event4296_trackID0_opNum5_2.root
[COPY] event=4296, trackID=0, T0=-0.950076 -> /Volumes/ssd_zhang/thesis_michel/server_processing/t0_rootFiles/beam28806_new202602/wvf_applyCut_removeBeam/wvfFind_event4296_trackID0_opNum5_3.root
[COPY] event=42977, trackID=2, T0=0.192336 -> /Volumes/ssd_zhang/thesis_michel/server_processing/t0_rootFiles/beam28806_new202602/wvf_applyCut_removeBeam/wvfFind_event42977_trackID2_opNum9.root
[COPY] event=42985, trackID=4, T0=-0.27223 -> /Volumes/ssd_zhang/thesis_michel/server_processing/t0_rootFiles/beam28806_new202602/wvf_applyCut_removeBeam/wvfFind_event42985_trackID4_opNum5_merged.root
[COPY] event=42990, trackID=6, T0=0.398748 -> /Volumes/ssd_zhang/thesis_michel/server_processing/t0_rootFiles/beam28806_new202602/wvf_applyCut_removeBeam/wvfFind_event42990_trackID6_opNum9_merged.root
[COPY] event=43020, trackID=10, T0=0.45328 -> /Volumes/ssd_zhang/thesis_michel/server_processing/t0_rootFiles/beam28806_new202602/wvf_applyCut_removeBeam/wvfFind_event43020_trackID10_opNum7.root
[COPY] event=4304, trackID=10, T0=-0.20252 -> /Volumes/ssd_zhang/thesis_michel/server_processing/t0_rootFiles/beam28806_new202602/wvf_applyCut_removeBeam/wvfFind_event4304_trackID10_opNum8.root
[COPY] event=43063, trackID=14, T0=-1.18923 -> /Volumes/ssd_zhang/thesis_michel/server_processing/t0_rootFiles/beam28806_new202602/wvf_applyCut_removeBeam/wvfFind_event43063_trackID14_opNum9.root
[COPY] event=43070, trackID=14, T0=-1.41134 -> /Volumes/ssd_zhang/thesis_michel/server_processing/t0_rootFiles/beam28806_new202602/wvf_applyCut_removeBeam/wvfFind_event43070_trackID14_opNum9.root
[COPY] event=43074, trackID=8, T0=0.155479 -> /Volumes/ssd_zhang/thesis_michel/server_processing/t0_rootFiles/beam28806_new202602/wvf_applyCut_removeBeam/wvfFind_event43074_trackID8_opNum6_merged.root
[COPY] event=43078, trackID=14, T0=-0.374798 -> /Volumes/ssd_zhang/thesis_michel/server_processing/t0_rootFiles/beam28806_new202602/wvf_applyCut_removeBeam/wvfFind_event43078_trackID14_opNum7.root
[COPY] event=43079, trackID=5, T0=-0.694427 -> /Volumes/ssd_zhang/thesis_michel/server_processing/t0_rootFiles/beam28806_new202602/wvf_applyCut_removeBeam/wvfFind_event43079_trackID5_opNum3.root
[COPY] event=43079, trackID=5, T0=-0.694427 -> /Volumes/ssd_zhang/thesis_michel/server_processing/t0_rootFiles/beam28806_new202602/wvf_applyCut_removeBeam/wvfFind_event43079_trackID5_opNum3_2.root
[COPY] event=43094, trackID=2, T0=0.0332574 -> /Volumes/ssd_zhang/thesis_michel/server_processing/t0_rootFiles/beam28806_new202602/wvf_applyCut_removeBeam/wvfFind_event43094_trackID2_opNum8.root
[COPY] event=43094, trackID=2, T0=0.0332574 -> /Volumes/ssd_zhang/thesis_michel/server_processing/t0_rootFiles/beam28806_new202602/wvf_applyCut_removeBeam/wvfFind_event43094_trackID2_opNum8_2.root
[COPY] event=43101, trackID=3, T0=-0.643034 -> /Volumes/ssd_zhang/thesis_michel/server_processing/t0_rootFiles/beam28806_new202602/wvf_applyCut_removeBeam/wvfFind_event43101_trackID3_opNum4.root
[COPY] event=43106, trackID=23, T0=-2.3168 -> /Volumes/ssd_zhang/thesis_michel/server_processing/t0_rootFiles/beam28806_new202602/wvf_applyCut_removeBeam/wvfFind_event43106_trackID23_opNum8_merged.root
[COPY] event=43107, trackID=2, T0=0.10376 -> /Volumes/ssd_zhang/thesis_michel/server_processing/t0_rootFiles/beam28806_new202602/wvf_applyCut_removeBeam/wvfFind_event43107_trackID2_opNum5.root
[COPY] event=4310, trackID=10, T0=0.397316 -> /Volumes/ssd_zhang/thesis_michel/server_processing/t0_rootFiles/beam28806_new202602/wvf_applyCut_removeBeam/wvfFind_event4310_trackID10_opNum6.root
[COPY] event=4310, trackID=10, T0=0.397316 -> /Volumes/ssd_zhang/thesis_michel/server_processing/t0_rootFiles/beam28806_new202602/wvf_applyCut_removeBeam/wvfFind_event4310_trackID10_opNum6_2.root
[COPY] event=43110, trackID=7, T0=-0.496584 -> /Volumes/ssd_zhang/thesis_michel/server_processing/t0_rootFiles/beam28806_new202602/wvf_applyCut_removeBeam/wvfFind_event43110_trackID7_opNum9.root
[COPY] event=43129, trackID=11, T0=-0.628211 -> /Volumes/ssd_zhang/thesis_michel/server_processing/t0_rootFiles/beam28806_new202602/wvf_applyCut_removeBeam/wvfFind_event43129_trackID11_opNum3.root
[COPY] event=43137, trackID=13, T0=0.432988 -> /Volumes/ssd_zhang/thesis_michel/server_processing/t0_rootFiles/beam28806_new202602/wvf_applyCut_removeBeam/wvfFind_event43137_trackID13_opNum5.root
[COPY] event=43139, trackID=8, T0=-0.807985 -> /Volumes/ssd_zhang/thesis_michel/server_processing/t0_rootFiles/beam28806_new202602/wvf_applyCut_removeBeam/wvfFind_event43139_trackID8_opNum3.root
[COPY] event=43139, trackID=8, T0=-0.807985 -> /Volumes/ssd_zhang/thesis_michel/server_processing/t0_rootFiles/beam28806_new202602/wvf_applyCut_removeBeam/wvfFind_event43139_trackID8_opNum3_2.root
[COPY] event=43151, trackID=7, T0=-2.42374 -> /Volumes/ssd_zhang/thesis_michel/server_processing/t0_rootFiles/beam28806_new202602/wvf_applyCut_removeBeam/wvfFind_event43151_trackID7_opNum9_merged.root
[COPY] event=43152, trackID=0, T0=-1.57108 -> /Volumes/ssd_zhang/thesis_michel/server_processing/t0_rootFiles/beam28806_new202602/wvf_applyCut_removeBeam/wvfFind_event43152_trackID0_opNum5.root
[COPY] event=43170, trackID=12, T0=-0.761165 -> /Volumes/ssd_zhang/thesis_michel/server_processing/t0_rootFiles/beam28806_new202602/wvf_applyCut_removeBeam/wvfFind_event43170_trackID12_opNum9.root
[SKIP] (in range) event=43171, trackID=21, T0=-0.0648575
[COPY] event=43174, trackID=11, T0=-1.17945 -> /Volumes/ssd_zhang/thesis_michel/server_processing/t0_rootFiles/beam28806_new202602/wvf_applyCut_removeBeam/wvfFind_event43174_trackID11_opNum7_merged.root
[COPY] event=43197, trackID=1, T0=-0.488343 -> /Volumes/ssd_zhang/thesis_michel/server_processing/t0_rootFiles/beam28806_new202602/wvf_applyCut_removeBeam/wvfFind_event43197_trackID1_opNum5.root
[COPY] event=43211, trackID=2, T0=0.0772046 -> /Volumes/ssd_zhang/thesis_michel/server_processing/t0_rootFiles/beam28806_new202602/wvf_applyCut_removeBeam/wvfFind_event43211_trackID2_opNum5_merged.root
[COPY] event=43213, trackID=11, T0=0.131056 -> /Volumes/ssd_zhang/thesis_michel/server_processing/t0_rootFiles/beam28806_new202602/wvf_applyCut_removeBeam/wvfFind_event43213_trackID11_opNum9.root
[COPY] event=43215, trackID=14, T0=-2.08643 -> /Volumes/ssd_zhang/thesis_michel/server_processing/t0_rootFiles/beam28806_new202602/wvf_applyCut_removeBeam/wvfFind_event43215_trackID14_opNum4.root
[COPY] event=43218, trackID=14, T0=-1.82468 -> /Volumes/ssd_zhang/thesis_michel/server_processing/t0_rootFiles/beam28806_new202602/wvf_applyCut_removeBeam/wvfFind_event43218_trackID14_opNum4.root
[COPY] event=43226, trackID=10, T0=-0.231867 -> /Volumes/ssd_zhang/thesis_michel/server_processing/t0_rootFiles/beam28806_new202602/wvf_applyCut_removeBeam/wvfFind_event43226_trackID10_opNum9.root
[COPY] event=43226, trackID=10, T0=-0.231867 -> /Volumes/ssd_zhang/thesis_michel/server_processing/t0_rootFiles/beam28806_new202602/wvf_applyCut_removeBeam/wvfFind_event43226_trackID10_opNum9_2.root
[COPY] event=43234, trackID=0, T0=-0.369307 -> /Volumes/ssd_zhang/thesis_michel/server_processing/t0_rootFiles/beam28806_new202602/wvf_applyCut_removeBeam/wvfFind_event43234_trackID0_opNum7.root
[COPY] event=43249, trackID=21, T0=2.53041 -> /Volumes/ssd_zhang/thesis_michel/server_processing/t0_rootFiles/beam28806_new202602/wvf_applyCut_removeBeam/wvfFind_event43249_trackID21_opNum6.root
[COPY] event=43261, trackID=20, T0=-0.780217 -> /Volumes/ssd_zhang/thesis_michel/server_processing/t0_rootFiles/beam28806_new202602/wvf_applyCut_removeBeam/wvfFind_event43261_trackID20_opNum8.root
[COPY] event=432, trackID=12, T0=0.0483845 -> /Volumes/ssd_zhang/thesis_michel/server_processing/t0_rootFiles/beam28806_new202602/wvf_applyCut_removeBeam/wvfFind_event432_trackID12_opNum6_merged.root
[COPY] event=43301, trackID=10, T0=-1.69362 -> /Volumes/ssd_zhang/thesis_michel/server_processing/t0_rootFiles/beam28806_new202602/wvf_applyCut_removeBeam/wvfFind_event43301_trackID10_opNum7_merged.root
[COPY] event=43304, trackID=5, T0=-0.909545 -> /Volumes/ssd_zhang/thesis_michel/server_processing/t0_rootFiles/beam28806_new202602/wvf_applyCut_removeBeam/wvfFind_event43304_trackID5_opNum4.root
[COPY] event=43307, trackID=9, T0=-0.391674 -> /Volumes/ssd_zhang/thesis_michel/server_processing/t0_rootFiles/beam28806_new202602/wvf_applyCut_removeBeam/wvfFind_event43307_trackID9_opNum9.root
[COPY] event=43323, trackID=4, T0=-0.481186 -> /Volumes/ssd_zhang/thesis_michel/server_processing/t0_rootFiles/beam28806_new202602/wvf_applyCut_removeBeam/wvfFind_event43323_trackID4_opNum4_merged.root
[COPY] event=43328, trackID=29, T0=-0.167218 -> /Volumes/ssd_zhang/thesis_michel/server_processing/t0_rootFiles/beam28806_new202602/wvf_applyCut_removeBeam/wvfFind_event43328_trackID29_opNum6.root
[COPY] event=43331, trackID=9, T0=-1.51416 -> /Volumes/ssd_zhang/thesis_michel/server_processing/t0_rootFiles/beam28806_new202602/wvf_applyCut_removeBeam/wvfFind_event43331_trackID9_opNum9.root
[COPY] event=4333, trackID=7, T0=-0.885418 -> /Volumes/ssd_zhang/thesis_michel/server_processing/t0_rootFiles/beam28806_new202602/wvf_applyCut_removeBeam/wvfFind_event4333_trackID7_opNum5.root
[COPY] event=43347, trackID=7, T0=-1.16042 -> /Volumes/ssd_zhang/thesis_michel/server_processing/t0_rootFiles/beam28806_new202602/wvf_applyCut_removeBeam/wvfFind_event43347_trackID7_opNum9.root
[COPY] event=43348, trackID=4, T0=0.256594 -> /Volumes/ssd_zhang/thesis_michel/server_processing/t0_rootFiles/beam28806_new202602/wvf_applyCut_removeBeam/wvfFind_event43348_trackID4_opNum9.root
[COPY] event=43371, trackID=1, T0=-0.865588 -> /Volumes/ssd_zhang/thesis_michel/server_processing/t0_rootFiles/beam28806_new202602/wvf_applyCut_removeBeam/wvfFind_event43371_trackID1_opNum9.root
[COPY] event=43375, trackID=16, T0=-1.7023 -> /Volumes/ssd_zhang/thesis_michel/server_processing/t0_rootFiles/beam28806_new202602/wvf_applyCut_removeBeam/wvfFind_event43375_trackID16_opNum6.root
[COPY] event=43375, trackID=16, T0=-1.7023 -> /Volumes/ssd_zhang/thesis_michel/server_processing/t0_rootFiles/beam28806_new202602/wvf_applyCut_removeBeam/wvfFind_event43375_trackID16_opNum6_2.root
[COPY] event=43384, trackID=2, T0=-0.479035 -> /Volumes/ssd_zhang/thesis_michel/server_processing/t0_rootFiles/beam28806_new202602/wvf_applyCut_removeBeam/wvfFind_event43384_trackID2_opNum4.root
[COPY] event=43386, trackID=34, T0=-1.90067 -> /Volumes/ssd_zhang/thesis_michel/server_processing/t0_rootFiles/beam28806_new202602/wvf_applyCut_removeBeam/wvfFind_event43386_trackID34_opNum9.root
[COPY] event=43395, trackID=5, T0=-1.16033 -> /Volumes/ssd_zhang/thesis_michel/server_processing/t0_rootFiles/beam28806_new202602/wvf_applyCut_removeBeam/wvfFind_event43395_trackID5_opNum3_merged.root
[COPY] event=43398, trackID=1, T0=0.463943 -> /Volumes/ssd_zhang/thesis_michel/server_processing/t0_rootFiles/beam28806_new202602/wvf_applyCut_removeBeam/wvfFind_event43398_trackID1_opNum9.root
[COPY] event=4340, trackID=9, T0=-2.31012 -> /Volumes/ssd_zhang/thesis_michel/server_processing/t0_rootFiles/beam28806_new202602/wvf_applyCut_removeBeam/wvfFind_event4340_trackID9_opNum8.root
[SKIP] (in range) event=43418, trackID=0, T0=-0.0722868
[COPY] event=43449, trackID=1, T0=-1.09808 -> /Volumes/ssd_zhang/thesis_michel/server_processing/t0_rootFiles/beam28806_new202602/wvf_applyCut_removeBeam/wvfFind_event43449_trackID1_opNum3.root
[COPY] event=43463, trackID=6, T0=-0.22918 -> /Volumes/ssd_zhang/thesis_michel/server_processing/t0_rootFiles/beam28806_new202602/wvf_applyCut_removeBeam/wvfFind_event43463_trackID6_opNum9.root
[COPY] event=43476, trackID=7, T0=-0.823299 -> /Volumes/ssd_zhang/thesis_michel/server_processing/t0_rootFiles/beam28806_new202602/wvf_applyCut_removeBeam/wvfFind_event43476_trackID7_opNum5.root
[COPY] event=43503, trackID=8, T0=0.289004 -> /Volumes/ssd_zhang/thesis_michel/server_processing/t0_rootFiles/beam28806_new202602/wvf_applyCut_removeBeam/wvfFind_event43503_trackID8_opNum4.root
[COPY] event=43509, trackID=9, T0=-2.37633 -> /Volumes/ssd_zhang/thesis_michel/server_processing/t0_rootFiles/beam28806_new202602/wvf_applyCut_removeBeam/wvfFind_event43509_trackID9_opNum5.root
[COPY] event=43524, trackID=14, T0=-1.73949 -> /Volumes/ssd_zhang/thesis_michel/server_processing/t0_rootFiles/beam28806_new202602/wvf_applyCut_removeBeam/wvfFind_event43524_trackID14_opNum9_merged.root
[COPY] event=43536, trackID=0, T0=-0.508899 -> /Volumes/ssd_zhang/thesis_michel/server_processing/t0_rootFiles/beam28806_new202602/wvf_applyCut_removeBeam/wvfFind_event43536_trackID0_opNum4.root
[COPY] event=43536, trackID=0, T0=-0.508899 -> /Volumes/ssd_zhang/thesis_michel/server_processing/t0_rootFiles/beam28806_new202602/wvf_applyCut_removeBeam/wvfFind_event43536_trackID0_opNum4_2.root
[COPY] event=43543, trackID=8, T0=-0.441455 -> /Volumes/ssd_zhang/thesis_michel/server_processing/t0_rootFiles/beam28806_new202602/wvf_applyCut_removeBeam/wvfFind_event43543_trackID8_opNum7.root
[COPY] event=4360, trackID=11, T0=-2.39534 -> /Volumes/ssd_zhang/thesis_michel/server_processing/t0_rootFiles/beam28806_new202602/wvf_applyCut_removeBeam/wvfFind_event4360_trackID11_opNum3_merged.root
[COPY] event=43615, trackID=0, T0=-0.635303 -> /Volumes/ssd_zhang/thesis_michel/server_processing/t0_rootFiles/beam28806_new202602/wvf_applyCut_removeBeam/wvfFind_event43615_trackID0_opNum4.root
[COPY] event=43666, trackID=3, T0=0.152437 -> /Volumes/ssd_zhang/thesis_michel/server_processing/t0_rootFiles/beam28806_new202602/wvf_applyCut_removeBeam/wvfFind_event43666_trackID3_opNum9.root
[COPY] event=43687, trackID=3, T0=-1.88648 -> /Volumes/ssd_zhang/thesis_michel/server_processing/t0_rootFiles/beam28806_new202602/wvf_applyCut_removeBeam/wvfFind_event43687_trackID3_opNum3.root
[COPY] event=43687, trackID=3, T0=-1.88648 -> /Volumes/ssd_zhang/thesis_michel/server_processing/t0_rootFiles/beam28806_new202602/wvf_applyCut_removeBeam/wvfFind_event43687_trackID3_opNum3_2.root
[COPY] event=43692, trackID=16, T0=-0.523751 -> /Volumes/ssd_zhang/thesis_michel/server_processing/t0_rootFiles/beam28806_new202602/wvf_applyCut_removeBeam/wvfFind_event43692_trackID16_opNum4.root
[COPY] event=4369, trackID=26, T0=-2.2961 -> /Volumes/ssd_zhang/thesis_michel/server_processing/t0_rootFiles/beam28806_new202602/wvf_applyCut_removeBeam/wvfFind_event4369_trackID26_opNum9_merged.root
[COPY] event=43717, trackID=4, T0=-1.27142 -> /Volumes/ssd_zhang/thesis_michel/server_processing/t0_rootFiles/beam28806_new202602/wvf_applyCut_removeBeam/wvfFind_event43717_trackID4_opNum4.root
[COPY] event=4371, trackID=7, T0=-0.158844 -> /Volumes/ssd_zhang/thesis_michel/server_processing/t0_rootFiles/beam28806_new202602/wvf_applyCut_removeBeam/wvfFind_event4371_trackID7_opNum9_merged.root
[COPY] event=43720, trackID=7, T0=-1.66314 -> /Volumes/ssd_zhang/thesis_michel/server_processing/t0_rootFiles/beam28806_new202602/wvf_applyCut_removeBeam/wvfFind_event43720_trackID7_opNum5.root
[SKIP] (in range) event=43759, trackID=6, T0=-0.0549553
[SKIP] (in range) event=43759, trackID=6, T0=-0.0549553
[COPY] event=43770, trackID=2, T0=-2.10819 -> /Volumes/ssd_zhang/thesis_michel/server_processing/t0_rootFiles/beam28806_new202602/wvf_applyCut_removeBeam/wvfFind_event43770_trackID2_opNum3.root
[COPY] event=43780, trackID=1, T0=-0.590337 -> /Volumes/ssd_zhang/thesis_michel/server_processing/t0_rootFiles/beam28806_new202602/wvf_applyCut_removeBeam/wvfFind_event43780_trackID1_opNum5.root
[COPY] event=43780, trackID=1, T0=-0.590337 -> /Volumes/ssd_zhang/thesis_michel/server_processing/t0_rootFiles/beam28806_new202602/wvf_applyCut_removeBeam/wvfFind_event43780_trackID1_opNum5_2.root
[COPY] event=43784, trackID=18, T0=-2.26562 -> /Volumes/ssd_zhang/thesis_michel/server_processing/t0_rootFiles/beam28806_new202602/wvf_applyCut_removeBeam/wvfFind_event43784_trackID18_opNum9.root
[COPY] event=43817, trackID=5, T0=-0.840387 -> /Volumes/ssd_zhang/thesis_michel/server_processing/t0_rootFiles/beam28806_new202602/wvf_applyCut_removeBeam/wvfFind_event43817_trackID5_opNum3.root
[COPY] event=43833, trackID=10, T0=-1.81266 -> /Volumes/ssd_zhang/thesis_michel/server_processing/t0_rootFiles/beam28806_new202602/wvf_applyCut_removeBeam/wvfFind_event43833_trackID10_opNum7_merged.root
[SKIP] (in range) event=43848, trackID=4, T0=-0.0870749
[SKIP] (in range) event=43848, trackID=4, T0=-0.0870749
[COPY] event=43853, trackID=9, T0=-0.896552 -> /Volumes/ssd_zhang/thesis_michel/server_processing/t0_rootFiles/beam28806_new202602/wvf_applyCut_removeBeam/wvfFind_event43853_trackID9_opNum5.root
[COPY] event=43853, trackID=9, T0=-0.896552 -> /Volumes/ssd_zhang/thesis_michel/server_processing/t0_rootFiles/beam28806_new202602/wvf_applyCut_removeBeam/wvfFind_event43853_trackID9_opNum5_2.root
[COPY] event=4388, trackID=3, T0=-1.1987 -> /Volumes/ssd_zhang/thesis_michel/server_processing/t0_rootFiles/beam28806_new202602/wvf_applyCut_removeBeam/wvfFind_event4388_trackID3_opNum4.root
[COPY] event=43901, trackID=19, T0=-2.20621 -> /Volumes/ssd_zhang/thesis_michel/server_processing/t0_rootFiles/beam28806_new202602/wvf_applyCut_removeBeam/wvfFind_event43901_trackID19_opNum7.root
[COPY] event=43915, trackID=7, T0=-0.0136687 -> /Volumes/ssd_zhang/thesis_michel/server_processing/t0_rootFiles/beam28806_new202602/wvf_applyCut_removeBeam/wvfFind_event43915_trackID7_opNum9.root
[COPY] event=43915, trackID=7, T0=-0.0136687 -> /Volumes/ssd_zhang/thesis_michel/server_processing/t0_rootFiles/beam28806_new202602/wvf_applyCut_removeBeam/wvfFind_event43915_trackID7_opNum9_2.root
[SKIP] (in range) event=43929, trackID=0, T0=-0.0651752
[COPY] event=43933, trackID=6, T0=-0.32101 -> /Volumes/ssd_zhang/thesis_michel/server_processing/t0_rootFiles/beam28806_new202602/wvf_applyCut_removeBeam/wvfFind_event43933_trackID6_opNum7.root
[COPY] event=43941, trackID=4, T0=-0.252599 -> /Volumes/ssd_zhang/thesis_michel/server_processing/t0_rootFiles/beam28806_new202602/wvf_applyCut_removeBeam/wvfFind_event43941_trackID4_opNum4.root
[COPY] event=43943, trackID=7, T0=-0.167678 -> /Volumes/ssd_zhang/thesis_michel/server_processing/t0_rootFiles/beam28806_new202602/wvf_applyCut_removeBeam/wvfFind_event43943_trackID7_opNum5.root
[COPY] event=43943, trackID=7, T0=-0.167678 -> /Volumes/ssd_zhang/thesis_michel/server_processing/t0_rootFiles/beam28806_new202602/wvf_applyCut_removeBeam/wvfFind_event43943_trackID7_opNum5_2.root
[SKIP] (in range) event=43947, trackID=11, T0=-0.0540854
[COPY] event=43951, trackID=11, T0=-2.2642 -> /Volumes/ssd_zhang/thesis_michel/server_processing/t0_rootFiles/beam28806_new202602/wvf_applyCut_removeBeam/wvfFind_event43951_trackID11_opNum9.root
[COPY] event=43951, trackID=11, T0=-2.2642 -> /Volumes/ssd_zhang/thesis_michel/server_processing/t0_rootFiles/beam28806_new202602/wvf_applyCut_removeBeam/wvfFind_event43951_trackID11_opNum9_2.root
[COPY] event=43952, trackID=1, T0=0.439162 -> /Volumes/ssd_zhang/thesis_michel/server_processing/t0_rootFiles/beam28806_new202602/wvf_applyCut_removeBeam/wvfFind_event43952_trackID1_opNum9.root
[COPY] event=43965, trackID=4, T0=-0.598401 -> /Volumes/ssd_zhang/thesis_michel/server_processing/t0_rootFiles/beam28806_new202602/wvf_applyCut_removeBeam/wvfFind_event43965_trackID4_opNum5.root
[COPY] event=43965, trackID=4, T0=-0.598401 -> /Volumes/ssd_zhang/thesis_michel/server_processing/t0_rootFiles/beam28806_new202602/wvf_applyCut_removeBeam/wvfFind_event43965_trackID4_opNum5_2.root
[COPY] event=43988, trackID=11, T0=-1.71355 -> /Volumes/ssd_zhang/thesis_michel/server_processing/t0_rootFiles/beam28806_new202602/wvf_applyCut_removeBeam/wvfFind_event43988_trackID11_opNum7.root
[COPY] event=43996, trackID=9, T0=-1.39349 -> /Volumes/ssd_zhang/thesis_michel/server_processing/t0_rootFiles/beam28806_new202602/wvf_applyCut_removeBeam/wvfFind_event43996_trackID9_opNum6.root
[COPY] event=43999, trackID=6, T0=-2.28077 -> /Volumes/ssd_zhang/thesis_michel/server_processing/t0_rootFiles/beam28806_new202602/wvf_applyCut_removeBeam/wvfFind_event43999_trackID6_opNum4.root
[COPY] event=44002, trackID=9, T0=-0.580469 -> /Volumes/ssd_zhang/thesis_michel/server_processing/t0_rootFiles/beam28806_new202602/wvf_applyCut_removeBeam/wvfFind_event44002_trackID9_opNum5.root
[COPY] event=4405, trackID=10, T0=-2.07807 -> /Volumes/ssd_zhang/thesis_michel/server_processing/t0_rootFiles/beam28806_new202602/wvf_applyCut_removeBeam/wvfFind_event4405_trackID10_opNum3.root
[COPY] event=44064, trackID=4, T0=0.318254 -> /Volumes/ssd_zhang/thesis_michel/server_processing/t0_rootFiles/beam28806_new202602/wvf_applyCut_removeBeam/wvfFind_event44064_trackID4_opNum9_merged.root
[COPY] event=44076, trackID=3, T0=-1.79074 -> /Volumes/ssd_zhang/thesis_michel/server_processing/t0_rootFiles/beam28806_new202602/wvf_applyCut_removeBeam/wvfFind_event44076_trackID3_opNum8.root
[COPY] event=44114, trackID=10, T0=-1.71965 -> /Volumes/ssd_zhang/thesis_michel/server_processing/t0_rootFiles/beam28806_new202602/wvf_applyCut_removeBeam/wvfFind_event44114_trackID10_opNum3.root
[COPY] event=44156, trackID=7, T0=-1.21405 -> /Volumes/ssd_zhang/thesis_michel/server_processing/t0_rootFiles/beam28806_new202602/wvf_applyCut_removeBeam/wvfFind_event44156_trackID7_opNum5.root
[COPY] event=44157, trackID=14, T0=-1.40071 -> /Volumes/ssd_zhang/thesis_michel/server_processing/t0_rootFiles/beam28806_new202602/wvf_applyCut_removeBeam/wvfFind_event44157_trackID14_opNum5_merged.root
[COPY] event=44169, trackID=2, T0=-0.315308 -> /Volumes/ssd_zhang/thesis_michel/server_processing/t0_rootFiles/beam28806_new202602/wvf_applyCut_removeBeam/wvfFind_event44169_trackID2_opNum4.root
[COPY] event=44173, trackID=4, T0=-2.33529 -> /Volumes/ssd_zhang/thesis_michel/server_processing/t0_rootFiles/beam28806_new202602/wvf_applyCut_removeBeam/wvfFind_event44173_trackID4_opNum4.root
[COPY] event=44178, trackID=16, T0=-1.49901 -> /Volumes/ssd_zhang/thesis_michel/server_processing/t0_rootFiles/beam28806_new202602/wvf_applyCut_removeBeam/wvfFind_event44178_trackID16_opNum6_merged.root
[COPY] event=44192, trackID=18, T0=-0.527259 -> /Volumes/ssd_zhang/thesis_michel/server_processing/t0_rootFiles/beam28806_new202602/wvf_applyCut_removeBeam/wvfFind_event44192_trackID18_opNum4.root
[COPY] event=44198, trackID=18, T0=-0.786874 -> /Volumes/ssd_zhang/thesis_michel/server_processing/t0_rootFiles/beam28806_new202602/wvf_applyCut_removeBeam/wvfFind_event44198_trackID18_opNum3_merged.root
[COPY] event=4420, trackID=5, T0=-2.04326 -> /Volumes/ssd_zhang/thesis_michel/server_processing/t0_rootFiles/beam28806_new202602/wvf_applyCut_removeBeam/wvfFind_event4420_trackID5_opNum9.root
[COPY] event=44225, trackID=1, T0=-0.347577 -> /Volumes/ssd_zhang/thesis_michel/server_processing/t0_rootFiles/beam28806_new202602/wvf_applyCut_removeBeam/wvfFind_event44225_trackID1_opNum3.root
[COPY] event=44226, trackID=15, T0=-2.29923 -> /Volumes/ssd_zhang/thesis_michel/server_processing/t0_rootFiles/beam28806_new202602/wvf_applyCut_removeBeam/wvfFind_event44226_trackID15_opNum5.root
[COPY] event=44254, trackID=7, T0=0.217132 -> /Volumes/ssd_zhang/thesis_michel/server_processing/t0_rootFiles/beam28806_new202602/wvf_applyCut_removeBeam/wvfFind_event44254_trackID7_opNum9.root
[COPY] event=44255, trackID=32, T0=-2.40945 -> /Volumes/ssd_zhang/thesis_michel/server_processing/t0_rootFiles/beam28806_new202602/wvf_applyCut_removeBeam/wvfFind_event44255_trackID32_opNum9.root
[COPY] event=44276, trackID=10, T0=-1.15007 -> /Volumes/ssd_zhang/thesis_michel/server_processing/t0_rootFiles/beam28806_new202602/wvf_applyCut_removeBeam/wvfFind_event44276_trackID10_opNum5_merged.root
[COPY] event=44288, trackID=3, T0=-0.327555 -> /Volumes/ssd_zhang/thesis_michel/server_processing/t0_rootFiles/beam28806_new202602/wvf_applyCut_removeBeam/wvfFind_event44288_trackID3_opNum9.root
[COPY] event=4428, trackID=9, T0=0.387935 -> /Volumes/ssd_zhang/thesis_michel/server_processing/t0_rootFiles/beam28806_new202602/wvf_applyCut_removeBeam/wvfFind_event4428_trackID9_opNum9.root
[COPY] event=44291, trackID=3, T0=0.112198 -> /Volumes/ssd_zhang/thesis_michel/server_processing/t0_rootFiles/beam28806_new202602/wvf_applyCut_removeBeam/wvfFind_event44291_trackID3_opNum8_merged.root
[COPY] event=44305, trackID=0, T0=-0.596923 -> /Volumes/ssd_zhang/thesis_michel/server_processing/t0_rootFiles/beam28806_new202602/wvf_applyCut_removeBeam/wvfFind_event44305_trackID0_opNum9.root
[COPY] event=44312, trackID=1, T0=-0.444811 -> /Volumes/ssd_zhang/thesis_michel/server_processing/t0_rootFiles/beam28806_new202602/wvf_applyCut_removeBeam/wvfFind_event44312_trackID1_opNum7.root
[COPY] event=44318, trackID=14, T0=-2.23506 -> /Volumes/ssd_zhang/thesis_michel/server_processing/t0_rootFiles/beam28806_new202602/wvf_applyCut_removeBeam/wvfFind_event44318_trackID14_opNum5.root
[COPY] event=44318, trackID=14, T0=-2.23506 -> /Volumes/ssd_zhang/thesis_michel/server_processing/t0_rootFiles/beam28806_new202602/wvf_applyCut_removeBeam/wvfFind_event44318_trackID14_opNum5_2.root
[COPY] event=44324, trackID=1, T0=-1.22748 -> /Volumes/ssd_zhang/thesis_michel/server_processing/t0_rootFiles/beam28806_new202602/wvf_applyCut_removeBeam/wvfFind_event44324_trackID1_opNum5.root
[COPY] event=44411, trackID=21, T0=-1.64334 -> /Volumes/ssd_zhang/thesis_michel/server_processing/t0_rootFiles/beam28806_new202602/wvf_applyCut_removeBeam/wvfFind_event44411_trackID21_opNum9.root
[COPY] event=44442, trackID=13, T0=-0.486032 -> /Volumes/ssd_zhang/thesis_michel/server_processing/t0_rootFiles/beam28806_new202602/wvf_applyCut_removeBeam/wvfFind_event44442_trackID13_opNum5.root
[SKIP] (in range) event=44448, trackID=40, T0=-0.048382
[SKIP] (in range) event=44448, trackID=40, T0=-0.048382
[COPY] event=44450, trackID=0, T0=0.0645456 -> /Volumes/ssd_zhang/thesis_michel/server_processing/t0_rootFiles/beam28806_new202602/wvf_applyCut_removeBeam/wvfFind_event44450_trackID0_opNum3.root
[COPY] event=44450, trackID=0, T0=0.0645456 -> /Volumes/ssd_zhang/thesis_michel/server_processing/t0_rootFiles/beam28806_new202602/wvf_applyCut_removeBeam/wvfFind_event44450_trackID0_opNum3_2.root
[COPY] event=44450, trackID=3, T0=0.167498 -> /Volumes/ssd_zhang/thesis_michel/server_processing/t0_rootFiles/beam28806_new202602/wvf_applyCut_removeBeam/wvfFind_event44450_trackID3_opNum4_merged.root
[COPY] event=44475, trackID=14, T0=-0.807099 -> /Volumes/ssd_zhang/thesis_michel/server_processing/t0_rootFiles/beam28806_new202602/wvf_applyCut_removeBeam/wvfFind_event44475_trackID14_opNum5.root
[COPY] event=44500, trackID=14, T0=-1.56965 -> /Volumes/ssd_zhang/thesis_michel/server_processing/t0_rootFiles/beam28806_new202602/wvf_applyCut_removeBeam/wvfFind_event44500_trackID14_opNum6.root
[COPY] event=4450, trackID=13, T0=-0.0242062 -> /Volumes/ssd_zhang/thesis_michel/server_processing/t0_rootFiles/beam28806_new202602/wvf_applyCut_removeBeam/wvfFind_event4450_trackID13_opNum9.root
[COPY] event=4450, trackID=13, T0=-0.0242062 -> /Volumes/ssd_zhang/thesis_michel/server_processing/t0_rootFiles/beam28806_new202602/wvf_applyCut_removeBeam/wvfFind_event4450_trackID13_opNum9_2.root
[COPY] event=44515, trackID=18, T0=0.182181 -> /Volumes/ssd_zhang/thesis_michel/server_processing/t0_rootFiles/beam28806_new202602/wvf_applyCut_removeBeam/wvfFind_event44515_trackID18_opNum9.root
[COPY] event=44522, trackID=7, T0=-0.576113 -> /Volumes/ssd_zhang/thesis_michel/server_processing/t0_rootFiles/beam28806_new202602/wvf_applyCut_removeBeam/wvfFind_event44522_trackID7_opNum3.root
[COPY] event=44555, trackID=17, T0=-1.58598 -> /Volumes/ssd_zhang/thesis_michel/server_processing/t0_rootFiles/beam28806_new202602/wvf_applyCut_removeBeam/wvfFind_event44555_trackID17_opNum5_merged.root
[COPY] event=44593, trackID=4, T0=0.266396 -> /Volumes/ssd_zhang/thesis_michel/server_processing/t0_rootFiles/beam28806_new202602/wvf_applyCut_removeBeam/wvfFind_event44593_trackID4_opNum8.root
[COPY] event=44603, trackID=11, T0=-0.916058 -> /Volumes/ssd_zhang/thesis_michel/server_processing/t0_rootFiles/beam28806_new202602/wvf_applyCut_removeBeam/wvfFind_event44603_trackID11_opNum9.root
[COPY] event=44614, trackID=7, T0=-1.52051 -> /Volumes/ssd_zhang/thesis_michel/server_processing/t0_rootFiles/beam28806_new202602/wvf_applyCut_removeBeam/wvfFind_event44614_trackID7_opNum5.root
[COPY] event=44620, trackID=20, T0=-2.29868 -> /Volumes/ssd_zhang/thesis_michel/server_processing/t0_rootFiles/beam28806_new202602/wvf_applyCut_removeBeam/wvfFind_event44620_trackID20_opNum9.root
[COPY] event=44620, trackID=20, T0=-2.29868 -> /Volumes/ssd_zhang/thesis_michel/server_processing/t0_rootFiles/beam28806_new202602/wvf_applyCut_removeBeam/wvfFind_event44620_trackID20_opNum9_2.root
[COPY] event=44623, trackID=17, T0=-2.12242 -> /Volumes/ssd_zhang/thesis_michel/server_processing/t0_rootFiles/beam28806_new202602/wvf_applyCut_removeBeam/wvfFind_event44623_trackID17_opNum8.root
[COPY] event=44629, trackID=13, T0=-2.18825 -> /Volumes/ssd_zhang/thesis_michel/server_processing/t0_rootFiles/beam28806_new202602/wvf_applyCut_removeBeam/wvfFind_event44629_trackID13_opNum3.root
[COPY] event=44644, trackID=14, T0=0.248834 -> /Volumes/ssd_zhang/thesis_michel/server_processing/t0_rootFiles/beam28806_new202602/wvf_applyCut_removeBeam/wvfFind_event44644_trackID14_opNum9.root
[COPY] event=44647, trackID=9, T0=-0.282818 -> /Volumes/ssd_zhang/thesis_michel/server_processing/t0_rootFiles/beam28806_new202602/wvf_applyCut_removeBeam/wvfFind_event44647_trackID9_opNum5.root
[COPY] event=44660, trackID=17, T0=-1.46634 -> /Volumes/ssd_zhang/thesis_michel/server_processing/t0_rootFiles/beam28806_new202602/wvf_applyCut_removeBeam/wvfFind_event44660_trackID17_opNum3.root
[COPY] event=44677, trackID=1, T0=-1.15139 -> /Volumes/ssd_zhang/thesis_michel/server_processing/t0_rootFiles/beam28806_new202602/wvf_applyCut_removeBeam/wvfFind_event44677_trackID1_opNum9.root
[COPY] event=4467, trackID=12, T0=-0.485303 -> /Volumes/ssd_zhang/thesis_michel/server_processing/t0_rootFiles/beam28806_new202602/wvf_applyCut_removeBeam/wvfFind_event4467_trackID12_opNum5_merged.root
[COPY] event=44697, trackID=5, T0=-0.401882 -> /Volumes/ssd_zhang/thesis_michel/server_processing/t0_rootFiles/beam28806_new202602/wvf_applyCut_removeBeam/wvfFind_event44697_trackID5_opNum8.root
[COPY] event=44722, trackID=9, T0=-1.16746 -> /Volumes/ssd_zhang/thesis_michel/server_processing/t0_rootFiles/beam28806_new202602/wvf_applyCut_removeBeam/wvfFind_event44722_trackID9_opNum9_merged.root
[COPY] event=44745, trackID=0, T0=-0.34691 -> /Volumes/ssd_zhang/thesis_michel/server_processing/t0_rootFiles/beam28806_new202602/wvf_applyCut_removeBeam/wvfFind_event44745_trackID0_opNum5.root
[COPY] event=44758, trackID=11, T0=-1.51308 -> /Volumes/ssd_zhang/thesis_michel/server_processing/t0_rootFiles/beam28806_new202602/wvf_applyCut_removeBeam/wvfFind_event44758_trackID11_opNum9.root
[COPY] event=44774, trackID=8, T0=-1.66796 -> /Volumes/ssd_zhang/thesis_michel/server_processing/t0_rootFiles/beam28806_new202602/wvf_applyCut_removeBeam/wvfFind_event44774_trackID8_opNum8.root
[COPY] event=44810, trackID=12, T0=-1.88297 -> /Volumes/ssd_zhang/thesis_michel/server_processing/t0_rootFiles/beam28806_new202602/wvf_applyCut_removeBeam/wvfFind_event44810_trackID12_opNum6.root
[COPY] event=44830, trackID=5, T0=-0.76835 -> /Volumes/ssd_zhang/thesis_michel/server_processing/t0_rootFiles/beam28806_new202602/wvf_applyCut_removeBeam/wvfFind_event44830_trackID5_opNum4_merged.root
[COPY] event=44843, trackID=12, T0=-1.59143 -> /Volumes/ssd_zhang/thesis_michel/server_processing/t0_rootFiles/beam28806_new202602/wvf_applyCut_removeBeam/wvfFind_event44843_trackID12_opNum7.root
[COPY] event=4484, trackID=9, T0=0.47246 -> /Volumes/ssd_zhang/thesis_michel/server_processing/t0_rootFiles/beam28806_new202602/wvf_applyCut_removeBeam/wvfFind_event4484_trackID9_opNum9.root
[COPY] event=44898, trackID=3, T0=-1.34815 -> /Volumes/ssd_zhang/thesis_michel/server_processing/t0_rootFiles/beam28806_new202602/wvf_applyCut_removeBeam/wvfFind_event44898_trackID3_opNum4.root
[COPY] event=44907, trackID=19, T0=0.423175 -> /Volumes/ssd_zhang/thesis_michel/server_processing/t0_rootFiles/beam28806_new202602/wvf_applyCut_removeBeam/wvfFind_event44907_trackID19_opNum7.root
[COPY] event=44909, trackID=8, T0=-0.338285 -> /Volumes/ssd_zhang/thesis_michel/server_processing/t0_rootFiles/beam28806_new202602/wvf_applyCut_removeBeam/wvfFind_event44909_trackID8_opNum9.root
[COPY] event=44924, trackID=5, T0=-0.660875 -> /Volumes/ssd_zhang/thesis_michel/server_processing/t0_rootFiles/beam28806_new202602/wvf_applyCut_removeBeam/wvfFind_event44924_trackID5_opNum3.root
[SKIP] (in range) event=4492, trackID=17, T0=-0.0768934
[SKIP] (in range) event=4492, trackID=17, T0=-0.0768934
[COPY] event=44938, trackID=4, T0=-0.645345 -> /Volumes/ssd_zhang/thesis_michel/server_processing/t0_rootFiles/beam28806_new202602/wvf_applyCut_removeBeam/wvfFind_event44938_trackID4_opNum3.root
[COPY] event=44938, trackID=4, T0=-0.645345 -> /Volumes/ssd_zhang/thesis_michel/server_processing/t0_rootFiles/beam28806_new202602/wvf_applyCut_removeBeam/wvfFind_event44938_trackID4_opNum3_2.root
[COPY] event=44955, trackID=7, T0=-1.71489 -> /Volumes/ssd_zhang/thesis_michel/server_processing/t0_rootFiles/beam28806_new202602/wvf_applyCut_removeBeam/wvfFind_event44955_trackID7_opNum5.root
[COPY] event=44959, trackID=11, T0=-1.16843 -> /Volumes/ssd_zhang/thesis_michel/server_processing/t0_rootFiles/beam28806_new202602/wvf_applyCut_removeBeam/wvfFind_event44959_trackID11_opNum9.root
[COPY] event=44961, trackID=2, T0=-1.16502 -> /Volumes/ssd_zhang/thesis_michel/server_processing/t0_rootFiles/beam28806_new202602/wvf_applyCut_removeBeam/wvfFind_event44961_trackID2_opNum5.root
[COPY] event=44977, trackID=15, T0=2.24722 -> /Volumes/ssd_zhang/thesis_michel/server_processing/t0_rootFiles/beam28806_new202602/wvf_applyCut_removeBeam/wvfFind_event44977_trackID15_opNum9.root
[COPY] event=44979, trackID=16, T0=0.133951 -> /Volumes/ssd_zhang/thesis_michel/server_processing/t0_rootFiles/beam28806_new202602/wvf_applyCut_removeBeam/wvfFind_event44979_trackID16_opNum8_merged.root
[SKIP] (in range) event=44991, trackID=5, T0=-0.0594018
[SKIP] (in range) event=44991, trackID=5, T0=-0.0594018
[COPY] event=44994, trackID=4, T0=-0.293774 -> /Volumes/ssd_zhang/thesis_michel/server_processing/t0_rootFiles/beam28806_new202602/wvf_applyCut_removeBeam/wvfFind_event44994_trackID4_opNum5.root
[SKIP] (in range) event=4500, trackID=8, T0=-0.117426
[COPY] event=45010, trackID=8, T0=0.463538 -> /Volumes/ssd_zhang/thesis_michel/server_processing/t0_rootFiles/beam28806_new202602/wvf_applyCut_removeBeam/wvfFind_event45010_trackID8_opNum9.root
[COPY] event=45010, trackID=8, T0=0.463538 -> /Volumes/ssd_zhang/thesis_michel/server_processing/t0_rootFiles/beam28806_new202602/wvf_applyCut_removeBeam/wvfFind_event45010_trackID8_opNum9_2.root
[COPY] event=45031, trackID=11, T0=1.61613 -> /Volumes/ssd_zhang/thesis_michel/server_processing/t0_rootFiles/beam28806_new202602/wvf_applyCut_removeBeam/wvfFind_event45031_trackID11_opNum8.root
[COPY] event=45036, trackID=21, T0=0.425407 -> /Volumes/ssd_zhang/thesis_michel/server_processing/t0_rootFiles/beam28806_new202602/wvf_applyCut_removeBeam/wvfFind_event45036_trackID21_opNum9.root
[COPY] event=45037, trackID=6, T0=-1.55127 -> /Volumes/ssd_zhang/thesis_michel/server_processing/t0_rootFiles/beam28806_new202602/wvf_applyCut_removeBeam/wvfFind_event45037_trackID6_opNum9.root
[SKIP] (in range) event=45051, trackID=0, T0=-0.0389015
[COPY] event=45078, trackID=2, T0=-1.37679 -> /Volumes/ssd_zhang/thesis_michel/server_processing/t0_rootFiles/beam28806_new202602/wvf_applyCut_removeBeam/wvfFind_event45078_trackID2_opNum5.root
[COPY] event=45102, trackID=8, T0=-0.226501 -> /Volumes/ssd_zhang/thesis_michel/server_processing/t0_rootFiles/beam28806_new202602/wvf_applyCut_removeBeam/wvfFind_event45102_trackID8_opNum5.root
[COPY] event=45153, trackID=7, T0=-0.567974 -> /Volumes/ssd_zhang/thesis_michel/server_processing/t0_rootFiles/beam28806_new202602/wvf_applyCut_removeBeam/wvfFind_event45153_trackID7_opNum7.root
[COPY] event=45158, trackID=1, T0=-0.00751321 -> /Volumes/ssd_zhang/thesis_michel/server_processing/t0_rootFiles/beam28806_new202602/wvf_applyCut_removeBeam/wvfFind_event45158_trackID1_opNum5.root
[COPY] event=45158, trackID=1, T0=-0.00751321 -> /Volumes/ssd_zhang/thesis_michel/server_processing/t0_rootFiles/beam28806_new202602/wvf_applyCut_removeBeam/wvfFind_event45158_trackID1_opNum5_2.root
[COPY] event=45159, trackID=2, T0=0.412046 -> /Volumes/ssd_zhang/thesis_michel/server_processing/t0_rootFiles/beam28806_new202602/wvf_applyCut_removeBeam/wvfFind_event45159_trackID2_opNum6.root
[COPY] event=45159, trackID=2, T0=0.412046 -> /Volumes/ssd_zhang/thesis_michel/server_processing/t0_rootFiles/beam28806_new202602/wvf_applyCut_removeBeam/wvfFind_event45159_trackID2_opNum6_2.root
[COPY] event=45171, trackID=3, T0=-0.324479 -> /Volumes/ssd_zhang/thesis_michel/server_processing/t0_rootFiles/beam28806_new202602/wvf_applyCut_removeBeam/wvfFind_event45171_trackID3_opNum9.root
[COPY] event=4520, trackID=0, T0=-0.00386457 -> /Volumes/ssd_zhang/thesis_michel/server_processing/t0_rootFiles/beam28806_new202602/wvf_applyCut_removeBeam/wvfFind_event4520_trackID0_opNum5.root
[COPY] event=4520, trackID=0, T0=-0.00386457 -> /Volumes/ssd_zhang/thesis_michel/server_processing/t0_rootFiles/beam28806_new202602/wvf_applyCut_removeBeam/wvfFind_event4520_trackID0_opNum5_2.root
[COPY] event=4520, trackID=0, T0=-0.00386457 -> /Volumes/ssd_zhang/thesis_michel/server_processing/t0_rootFiles/beam28806_new202602/wvf_applyCut_removeBeam/wvfFind_event4520_trackID0_opNum5_3.root
[COPY] event=45223, trackID=22, T0=-1.14149 -> /Volumes/ssd_zhang/thesis_michel/server_processing/t0_rootFiles/beam28806_new202602/wvf_applyCut_removeBeam/wvfFind_event45223_trackID22_opNum3.root
[COPY] event=45223, trackID=22, T0=-1.14149 -> /Volumes/ssd_zhang/thesis_michel/server_processing/t0_rootFiles/beam28806_new202602/wvf_applyCut_removeBeam/wvfFind_event45223_trackID22_opNum3_2.root
[COPY] event=45232, trackID=0, T0=-1.33975 -> /Volumes/ssd_zhang/thesis_michel/server_processing/t0_rootFiles/beam28806_new202602/wvf_applyCut_removeBeam/wvfFind_event45232_trackID0_opNum4.root
[COPY] event=45242, trackID=8, T0=0.154384 -> /Volumes/ssd_zhang/thesis_michel/server_processing/t0_rootFiles/beam28806_new202602/wvf_applyCut_removeBeam/wvfFind_event45242_trackID8_opNum9.root
[COPY] event=45244, trackID=1, T0=-0.955369 -> /Volumes/ssd_zhang/thesis_michel/server_processing/t0_rootFiles/beam28806_new202602/wvf_applyCut_removeBeam/wvfFind_event45244_trackID1_opNum5.root
[COPY] event=45279, trackID=5, T0=0.23913 -> /Volumes/ssd_zhang/thesis_michel/server_processing/t0_rootFiles/beam28806_new202602/wvf_applyCut_removeBeam/wvfFind_event45279_trackID5_opNum8.root
[COPY] event=45287, trackID=16, T0=2.54542 -> /Volumes/ssd_zhang/thesis_michel/server_processing/t0_rootFiles/beam28806_new202602/wvf_applyCut_removeBeam/wvfFind_event45287_trackID16_opNum5.root
[COPY] event=45287, trackID=16, T0=2.54542 -> /Volumes/ssd_zhang/thesis_michel/server_processing/t0_rootFiles/beam28806_new202602/wvf_applyCut_removeBeam/wvfFind_event45287_trackID16_opNum5_2.root
[COPY] event=45293, trackID=0, T0=-0.329151 -> /Volumes/ssd_zhang/thesis_michel/server_processing/t0_rootFiles/beam28806_new202602/wvf_applyCut_removeBeam/wvfFind_event45293_trackID0_opNum4.root
[COPY] event=4533, trackID=2, T0=-1.88758 -> /Volumes/ssd_zhang/thesis_michel/server_processing/t0_rootFiles/beam28806_new202602/wvf_applyCut_removeBeam/wvfFind_event4533_trackID2_opNum8_merged.root
[COPY] event=45353, trackID=0, T0=0.231349 -> /Volumes/ssd_zhang/thesis_michel/server_processing/t0_rootFiles/beam28806_new202602/wvf_applyCut_removeBeam/wvfFind_event45353_trackID0_opNum8_merged.root
[COPY] event=45366, trackID=3, T0=-0.627313 -> /Volumes/ssd_zhang/thesis_michel/server_processing/t0_rootFiles/beam28806_new202602/wvf_applyCut_removeBeam/wvfFind_event45366_trackID3_opNum8_merged.root
[COPY] event=45372, trackID=20, T0=-2.43206 -> /Volumes/ssd_zhang/thesis_michel/server_processing/t0_rootFiles/beam28806_new202602/wvf_applyCut_removeBeam/wvfFind_event45372_trackID20_opNum4.root
[COPY] event=45380, trackID=3, T0=-1.928 -> /Volumes/ssd_zhang/thesis_michel/server_processing/t0_rootFiles/beam28806_new202602/wvf_applyCut_removeBeam/wvfFind_event45380_trackID3_opNum5.root
[COPY] event=45388, trackID=8, T0=-1.1632 -> /Volumes/ssd_zhang/thesis_michel/server_processing/t0_rootFiles/beam28806_new202602/wvf_applyCut_removeBeam/wvfFind_event45388_trackID8_opNum9.root
[COPY] event=45388, trackID=8, T0=-1.1632 -> /Volumes/ssd_zhang/thesis_michel/server_processing/t0_rootFiles/beam28806_new202602/wvf_applyCut_removeBeam/wvfFind_event45388_trackID8_opNum9_2.root
[COPY] event=4538, trackID=1, T0=-0.436022 -> /Volumes/ssd_zhang/thesis_michel/server_processing/t0_rootFiles/beam28806_new202602/wvf_applyCut_removeBeam/wvfFind_event4538_trackID1_opNum5_merged.root
[COPY] event=45408, trackID=12, T0=-0.908473 -> /Volumes/ssd_zhang/thesis_michel/server_processing/t0_rootFiles/beam28806_new202602/wvf_applyCut_removeBeam/wvfFind_event45408_trackID12_opNum3.root
[COPY] event=45428, trackID=5, T0=-1.90266 -> /Volumes/ssd_zhang/thesis_michel/server_processing/t0_rootFiles/beam28806_new202602/wvf_applyCut_removeBeam/wvfFind_event45428_trackID5_opNum9.root
[COPY] event=45442, trackID=11, T0=-0.892468 -> /Volumes/ssd_zhang/thesis_michel/server_processing/t0_rootFiles/beam28806_new202602/wvf_applyCut_removeBeam/wvfFind_event45442_trackID11_opNum9.root
[COPY] event=4545, trackID=21, T0=0.167451 -> /Volumes/ssd_zhang/thesis_michel/server_processing/t0_rootFiles/beam28806_new202602/wvf_applyCut_removeBeam/wvfFind_event4545_trackID21_opNum9.root
[COPY] event=45471, trackID=17, T0=-1.81665 -> /Volumes/ssd_zhang/thesis_michel/server_processing/t0_rootFiles/beam28806_new202602/wvf_applyCut_removeBeam/wvfFind_event45471_trackID17_opNum8.root
[COPY] event=45475, trackID=15, T0=-1.98523 -> /Volumes/ssd_zhang/thesis_michel/server_processing/t0_rootFiles/beam28806_new202602/wvf_applyCut_removeBeam/wvfFind_event45475_trackID15_opNum5.root
[COPY] event=45477, trackID=24, T0=-2.33179 -> /Volumes/ssd_zhang/thesis_michel/server_processing/t0_rootFiles/beam28806_new202602/wvf_applyCut_removeBeam/wvfFind_event45477_trackID24_opNum5.root
[COPY] event=45479, trackID=0, T0=0.346212 -> /Volumes/ssd_zhang/thesis_michel/server_processing/t0_rootFiles/beam28806_new202602/wvf_applyCut_removeBeam/wvfFind_event45479_trackID0_opNum3.root
[COPY] event=45479, trackID=0, T0=0.346212 -> /Volumes/ssd_zhang/thesis_michel/server_processing/t0_rootFiles/beam28806_new202602/wvf_applyCut_removeBeam/wvfFind_event45479_trackID0_opNum3_2.root
[COPY] event=45491, trackID=11, T0=-0.519049 -> /Volumes/ssd_zhang/thesis_michel/server_processing/t0_rootFiles/beam28806_new202602/wvf_applyCut_removeBeam/wvfFind_event45491_trackID11_opNum9.root
[COPY] event=45511, trackID=10, T0=-0.669001 -> /Volumes/ssd_zhang/thesis_michel/server_processing/t0_rootFiles/beam28806_new202602/wvf_applyCut_removeBeam/wvfFind_event45511_trackID10_opNum6_merged.root
[COPY] event=45529, trackID=6, T0=-0.714187 -> /Volumes/ssd_zhang/thesis_michel/server_processing/t0_rootFiles/beam28806_new202602/wvf_applyCut_removeBeam/wvfFind_event45529_trackID6_opNum3_merged.root
[SKIP] (in range) event=45530, trackID=3, T0=-0.0909075
[COPY] event=45539, trackID=36, T0=-2.43624 -> /Volumes/ssd_zhang/thesis_michel/server_processing/t0_rootFiles/beam28806_new202602/wvf_applyCut_removeBeam/wvfFind_event45539_trackID36_opNum5.root
[COPY] event=45550, trackID=5, T0=-0.540862 -> /Volumes/ssd_zhang/thesis_michel/server_processing/t0_rootFiles/beam28806_new202602/wvf_applyCut_removeBeam/wvfFind_event45550_trackID5_opNum6.root
[COPY] event=45551, trackID=4, T0=-0.87924 -> /Volumes/ssd_zhang/thesis_michel/server_processing/t0_rootFiles/beam28806_new202602/wvf_applyCut_removeBeam/wvfFind_event45551_trackID4_opNum4.root
[SKIP] (in range) event=45554, trackID=16, T0=-0.0725509
[COPY] event=45581, trackID=7, T0=-1.23069 -> /Volumes/ssd_zhang/thesis_michel/server_processing/t0_rootFiles/beam28806_new202602/wvf_applyCut_removeBeam/wvfFind_event45581_trackID7_opNum5.root
[COPY] event=45593, trackID=11, T0=-2.01158 -> /Volumes/ssd_zhang/thesis_michel/server_processing/t0_rootFiles/beam28806_new202602/wvf_applyCut_removeBeam/wvfFind_event45593_trackID11_opNum4.root
[COPY] event=45597, trackID=0, T0=0.112991 -> /Volumes/ssd_zhang/thesis_michel/server_processing/t0_rootFiles/beam28806_new202602/wvf_applyCut_removeBeam/wvfFind_event45597_trackID0_opNum4.root
[COPY] event=45612, trackID=4, T0=-1.03287 -> /Volumes/ssd_zhang/thesis_michel/server_processing/t0_rootFiles/beam28806_new202602/wvf_applyCut_removeBeam/wvfFind_event45612_trackID4_opNum5.root
[COPY] event=45612, trackID=4, T0=-1.03287 -> /Volumes/ssd_zhang/thesis_michel/server_processing/t0_rootFiles/beam28806_new202602/wvf_applyCut_removeBeam/wvfFind_event45612_trackID4_opNum5_2.root
[COPY] event=45620, trackID=28, T0=-1.27176 -> /Volumes/ssd_zhang/thesis_michel/server_processing/t0_rootFiles/beam28806_new202602/wvf_applyCut_removeBeam/wvfFind_event45620_trackID28_opNum4_merged.root
[COPY] event=45627, trackID=0, T0=-0.619724 -> /Volumes/ssd_zhang/thesis_michel/server_processing/t0_rootFiles/beam28806_new202602/wvf_applyCut_removeBeam/wvfFind_event45627_trackID0_opNum3.root
[COPY] event=45627, trackID=0, T0=-0.619724 -> /Volumes/ssd_zhang/thesis_michel/server_processing/t0_rootFiles/beam28806_new202602/wvf_applyCut_removeBeam/wvfFind_event45627_trackID0_opNum3_2.root
[COPY] event=45637, trackID=10, T0=-2.15219 -> /Volumes/ssd_zhang/thesis_michel/server_processing/t0_rootFiles/beam28806_new202602/wvf_applyCut_removeBeam/wvfFind_event45637_trackID10_opNum4.root
[COPY] event=45650, trackID=3, T0=0.396804 -> /Volumes/ssd_zhang/thesis_michel/server_processing/t0_rootFiles/beam28806_new202602/wvf_applyCut_removeBeam/wvfFind_event45650_trackID3_opNum5.root
[COPY] event=45698, trackID=31, T0=-2.40031 -> /Volumes/ssd_zhang/thesis_michel/server_processing/t0_rootFiles/beam28806_new202602/wvf_applyCut_removeBeam/wvfFind_event45698_trackID31_opNum3.root
[COPY] event=45711, trackID=6, T0=-1.99653 -> /Volumes/ssd_zhang/thesis_michel/server_processing/t0_rootFiles/beam28806_new202602/wvf_applyCut_removeBeam/wvfFind_event45711_trackID6_opNum8.root
[COPY] event=45711, trackID=6, T0=-1.99653 -> /Volumes/ssd_zhang/thesis_michel/server_processing/t0_rootFiles/beam28806_new202602/wvf_applyCut_removeBeam/wvfFind_event45711_trackID6_opNum8_2.root
[COPY] event=4572, trackID=0, T0=-1.0647 -> /Volumes/ssd_zhang/thesis_michel/server_processing/t0_rootFiles/beam28806_new202602/wvf_applyCut_removeBeam/wvfFind_event4572_trackID0_opNum5.root
[COPY] event=4572, trackID=0, T0=-1.0647 -> /Volumes/ssd_zhang/thesis_michel/server_processing/t0_rootFiles/beam28806_new202602/wvf_applyCut_removeBeam/wvfFind_event4572_trackID0_opNum5_2.root
[COPY] event=45738, trackID=5, T0=-1.2303 -> /Volumes/ssd_zhang/thesis_michel/server_processing/t0_rootFiles/beam28806_new202602/wvf_applyCut_removeBeam/wvfFind_event45738_trackID5_opNum5.root
[COPY] event=45738, trackID=7, T0=0.00469483 -> /Volumes/ssd_zhang/thesis_michel/server_processing/t0_rootFiles/beam28806_new202602/wvf_applyCut_removeBeam/wvfFind_event45738_trackID7_opNum8.root
[COPY] event=45765, trackID=3, T0=-0.0081956 -> /Volumes/ssd_zhang/thesis_michel/server_processing/t0_rootFiles/beam28806_new202602/wvf_applyCut_removeBeam/wvfFind_event45765_trackID3_opNum3.root
[COPY] event=45770, trackID=1, T0=-1.87945 -> /Volumes/ssd_zhang/thesis_michel/server_processing/t0_rootFiles/beam28806_new202602/wvf_applyCut_removeBeam/wvfFind_event45770_trackID1_opNum3.root
[COPY] event=45770, trackID=1, T0=-1.87945 -> /Volumes/ssd_zhang/thesis_michel/server_processing/t0_rootFiles/beam28806_new202602/wvf_applyCut_removeBeam/wvfFind_event45770_trackID1_opNum3_2.root
[SKIP] (in range) event=45787, trackID=7, T0=-0.117474
[COPY] event=45790, trackID=32, T0=-2.27687 -> /Volumes/ssd_zhang/thesis_michel/server_processing/t0_rootFiles/beam28806_new202602/wvf_applyCut_removeBeam/wvfFind_event45790_trackID32_opNum8.root
[COPY] event=45796, trackID=11, T0=-1.97705 -> /Volumes/ssd_zhang/thesis_michel/server_processing/t0_rootFiles/beam28806_new202602/wvf_applyCut_removeBeam/wvfFind_event45796_trackID11_opNum8.root
[COPY] event=45796, trackID=3, T0=-1.42971 -> /Volumes/ssd_zhang/thesis_michel/server_processing/t0_rootFiles/beam28806_new202602/wvf_applyCut_removeBeam/wvfFind_event45796_trackID3_opNum4.root
[COPY] event=45814, trackID=2, T0=0.33182 -> /Volumes/ssd_zhang/thesis_michel/server_processing/t0_rootFiles/beam28806_new202602/wvf_applyCut_removeBeam/wvfFind_event45814_trackID2_opNum5.root
[COPY] event=45816, trackID=2, T0=0.0642906 -> /Volumes/ssd_zhang/thesis_michel/server_processing/t0_rootFiles/beam28806_new202602/wvf_applyCut_removeBeam/wvfFind_event45816_trackID2_opNum5.root
[COPY] event=45823, trackID=0, T0=-1.35967 -> /Volumes/ssd_zhang/thesis_michel/server_processing/t0_rootFiles/beam28806_new202602/wvf_applyCut_removeBeam/wvfFind_event45823_trackID0_opNum7.root
[COPY] event=45823, trackID=0, T0=-1.35967 -> /Volumes/ssd_zhang/thesis_michel/server_processing/t0_rootFiles/beam28806_new202602/wvf_applyCut_removeBeam/wvfFind_event45823_trackID0_opNum7_2.root
[COPY] event=45829, trackID=10, T0=-1.86699 -> /Volumes/ssd_zhang/thesis_michel/server_processing/t0_rootFiles/beam28806_new202602/wvf_applyCut_removeBeam/wvfFind_event45829_trackID10_opNum9.root
[COPY] event=45838, trackID=7, T0=-1.30757 -> /Volumes/ssd_zhang/thesis_michel/server_processing/t0_rootFiles/beam28806_new202602/wvf_applyCut_removeBeam/wvfFind_event45838_trackID7_opNum5.root
[COPY] event=45857, trackID=0, T0=-1.0306 -> /Volumes/ssd_zhang/thesis_michel/server_processing/t0_rootFiles/beam28806_new202602/wvf_applyCut_removeBeam/wvfFind_event45857_trackID0_opNum9_merged.root
[SKIP] (in range) event=45899, trackID=52, T0=-0.0965753
[COPY] event=458, trackID=13, T0=-0.509143 -> /Volumes/ssd_zhang/thesis_michel/server_processing/t0_rootFiles/beam28806_new202602/wvf_applyCut_removeBeam/wvfFind_event458_trackID13_opNum4_2.root
[COPY] event=458, trackID=13, T0=-0.509143 -> /Volumes/ssd_zhang/thesis_michel/server_processing/t0_rootFiles/beam28806_new202602/wvf_applyCut_removeBeam/wvfFind_event458_trackID13_opNum5_merged.root
[COPY] event=45917, trackID=12, T0=-2.14387 -> /Volumes/ssd_zhang/thesis_michel/server_processing/t0_rootFiles/beam28806_new202602/wvf_applyCut_removeBeam/wvfFind_event45917_trackID12_opNum6.root
[COPY] event=45924, trackID=11, T0=-0.736538 -> /Volumes/ssd_zhang/thesis_michel/server_processing/t0_rootFiles/beam28806_new202602/wvf_applyCut_removeBeam/wvfFind_event45924_trackID11_opNum9.root
[COPY] event=45924, trackID=11, T0=-0.736538 -> /Volumes/ssd_zhang/thesis_michel/server_processing/t0_rootFiles/beam28806_new202602/wvf_applyCut_removeBeam/wvfFind_event45924_trackID11_opNum9_2.root
[COPY] event=45933, trackID=2, T0=-0.673186 -> /Volumes/ssd_zhang/thesis_michel/server_processing/t0_rootFiles/beam28806_new202602/wvf_applyCut_removeBeam/wvfFind_event45933_trackID2_opNum4_merged.root
[COPY] event=4594, trackID=0, T0=-1.13372 -> /Volumes/ssd_zhang/thesis_michel/server_processing/t0_rootFiles/beam28806_new202602/wvf_applyCut_removeBeam/wvfFind_event4594_trackID0_opNum5.root
[COPY] event=45962, trackID=6, T0=-1.01462 -> /Volumes/ssd_zhang/thesis_michel/server_processing/t0_rootFiles/beam28806_new202602/wvf_applyCut_removeBeam/wvfFind_event45962_trackID6_opNum7.root
[COPY] event=45979, trackID=6, T0=-1.15149 -> /Volumes/ssd_zhang/thesis_michel/server_processing/t0_rootFiles/beam28806_new202602/wvf_applyCut_removeBeam/wvfFind_event45979_trackID6_opNum5.root
[COPY] event=45980, trackID=2, T0=0.109931 -> /Volumes/ssd_zhang/thesis_michel/server_processing/t0_rootFiles/beam28806_new202602/wvf_applyCut_removeBeam/wvfFind_event45980_trackID2_opNum5.root
[COPY] event=45980, trackID=8, T0=-1.93605 -> /Volumes/ssd_zhang/thesis_michel/server_processing/t0_rootFiles/beam28806_new202602/wvf_applyCut_removeBeam/wvfFind_event45980_trackID8_opNum5.root
[COPY] event=45992, trackID=14, T0=-2.07153 -> /Volumes/ssd_zhang/thesis_michel/server_processing/t0_rootFiles/beam28806_new202602/wvf_applyCut_removeBeam/wvfFind_event45992_trackID14_opNum9.root
[COPY] event=46002, trackID=4, T0=-1.25843 -> /Volumes/ssd_zhang/thesis_michel/server_processing/t0_rootFiles/beam28806_new202602/wvf_applyCut_removeBeam/wvfFind_event46002_trackID4_opNum8_merged.root
[COPY] event=46018, trackID=15, T0=-1.77401 -> /Volumes/ssd_zhang/thesis_michel/server_processing/t0_rootFiles/beam28806_new202602/wvf_applyCut_removeBeam/wvfFind_event46018_trackID15_opNum9.root
[COPY] event=46037, trackID=19, T0=-1.89002 -> /Volumes/ssd_zhang/thesis_michel/server_processing/t0_rootFiles/beam28806_new202602/wvf_applyCut_removeBeam/wvfFind_event46037_trackID19_opNum9.root
[COPY] event=46045, trackID=14, T0=-0.308444 -> /Volumes/ssd_zhang/thesis_michel/server_processing/t0_rootFiles/beam28806_new202602/wvf_applyCut_removeBeam/wvfFind_event46045_trackID14_opNum6.root
[COPY] event=46045, trackID=14, T0=-0.308444 -> /Volumes/ssd_zhang/thesis_michel/server_processing/t0_rootFiles/beam28806_new202602/wvf_applyCut_removeBeam/wvfFind_event46045_trackID14_opNum6_2.root
[COPY] event=46050, trackID=4, T0=-1.00114 -> /Volumes/ssd_zhang/thesis_michel/server_processing/t0_rootFiles/beam28806_new202602/wvf_applyCut_removeBeam/wvfFind_event46050_trackID4_opNum3.root
[COPY] event=46053, trackID=20, T0=-1.48573 -> /Volumes/ssd_zhang/thesis_michel/server_processing/t0_rootFiles/beam28806_new202602/wvf_applyCut_removeBeam/wvfFind_event46053_trackID20_opNum3_merged.root
[SKIP] (in range) event=46058, trackID=1, T0=-0.0319966
[SKIP] (in range) event=4605, trackID=9, T0=-0.0667038
[COPY] event=46075, trackID=22, T0=-2.28468 -> /Volumes/ssd_zhang/thesis_michel/server_processing/t0_rootFiles/beam28806_new202602/wvf_applyCut_removeBeam/wvfFind_event46075_trackID22_opNum9.root
[COPY] event=4608, trackID=1, T0=-0.607851 -> /Volumes/ssd_zhang/thesis_michel/server_processing/t0_rootFiles/beam28806_new202602/wvf_applyCut_removeBeam/wvfFind_event4608_trackID1_opNum4.root
[COPY] event=4608, trackID=1, T0=-0.607851 -> /Volumes/ssd_zhang/thesis_michel/server_processing/t0_rootFiles/beam28806_new202602/wvf_applyCut_removeBeam/wvfFind_event4608_trackID1_opNum4_2.root
[COPY] event=46095, trackID=2, T0=0.237985 -> /Volumes/ssd_zhang/thesis_michel/server_processing/t0_rootFiles/beam28806_new202602/wvf_applyCut_removeBeam/wvfFind_event46095_trackID2_opNum4.root
[COPY] event=46098, trackID=18, T0=-1.89945 -> /Volumes/ssd_zhang/thesis_michel/server_processing/t0_rootFiles/beam28806_new202602/wvf_applyCut_removeBeam/wvfFind_event46098_trackID18_opNum6.root
[SKIP] (in range) event=4611, trackID=1, T0=-0.0630702
[COPY] event=46140, trackID=4, T0=-2.09386 -> /Volumes/ssd_zhang/thesis_michel/server_processing/t0_rootFiles/beam28806_new202602/wvf_applyCut_removeBeam/wvfFind_event46140_trackID4_opNum4.root
[COPY] event=46152, trackID=2, T0=-1.07249 -> /Volumes/ssd_zhang/thesis_michel/server_processing/t0_rootFiles/beam28806_new202602/wvf_applyCut_removeBeam/wvfFind_event46152_trackID2_opNum4.root
[COPY] event=46152, trackID=2, T0=-1.07249 -> /Volumes/ssd_zhang/thesis_michel/server_processing/t0_rootFiles/beam28806_new202602/wvf_applyCut_removeBeam/wvfFind_event46152_trackID2_opNum4_2.root
[COPY] event=46159, trackID=0, T0=-0.126665 -> /Volumes/ssd_zhang/thesis_michel/server_processing/t0_rootFiles/beam28806_new202602/wvf_applyCut_removeBeam/wvfFind_event46159_trackID0_opNum4_merged.root
[COPY] event=46169, trackID=20, T0=-0.651879 -> /Volumes/ssd_zhang/thesis_michel/server_processing/t0_rootFiles/beam28806_new202602/wvf_applyCut_removeBeam/wvfFind_event46169_trackID20_opNum5_merged.root
[COPY] event=46182, trackID=15, T0=-0.995378 -> /Volumes/ssd_zhang/thesis_michel/server_processing/t0_rootFiles/beam28806_new202602/wvf_applyCut_removeBeam/wvfFind_event46182_trackID15_opNum9_merged.root
[COPY] event=4618, trackID=24, T0=-1.50446 -> /Volumes/ssd_zhang/thesis_michel/server_processing/t0_rootFiles/beam28806_new202602/wvf_applyCut_removeBeam/wvfFind_event4618_trackID24_opNum4.root
[COPY] event=46190, trackID=5, T0=-1.52977 -> /Volumes/ssd_zhang/thesis_michel/server_processing/t0_rootFiles/beam28806_new202602/wvf_applyCut_removeBeam/wvfFind_event46190_trackID5_opNum9.root
[COPY] event=46190, trackID=5, T0=-1.52977 -> /Volumes/ssd_zhang/thesis_michel/server_processing/t0_rootFiles/beam28806_new202602/wvf_applyCut_removeBeam/wvfFind_event46190_trackID5_opNum9_2.root
[COPY] event=46196, trackID=23, T0=-0.441713 -> /Volumes/ssd_zhang/thesis_michel/server_processing/t0_rootFiles/beam28806_new202602/wvf_applyCut_removeBeam/wvfFind_event46196_trackID23_opNum7.root
[COPY] event=46200, trackID=16, T0=0.305263 -> /Volumes/ssd_zhang/thesis_michel/server_processing/t0_rootFiles/beam28806_new202602/wvf_applyCut_removeBeam/wvfFind_event46200_trackID16_opNum9.root
[COPY] event=46200, trackID=16, T0=0.305263 -> /Volumes/ssd_zhang/thesis_michel/server_processing/t0_rootFiles/beam28806_new202602/wvf_applyCut_removeBeam/wvfFind_event46200_trackID16_opNum9_2.root
[COPY] event=4620, trackID=27, T0=-2.42515 -> /Volumes/ssd_zhang/thesis_michel/server_processing/t0_rootFiles/beam28806_new202602/wvf_applyCut_removeBeam/wvfFind_event4620_trackID27_opNum8.root
[COPY] event=46229, trackID=14, T0=2.14592 -> /Volumes/ssd_zhang/thesis_michel/server_processing/t0_rootFiles/beam28806_new202602/wvf_applyCut_removeBeam/wvfFind_event46229_trackID14_opNum8.root
[COPY] event=46235, trackID=8, T0=-0.922019 -> /Volumes/ssd_zhang/thesis_michel/server_processing/t0_rootFiles/beam28806_new202602/wvf_applyCut_removeBeam/wvfFind_event46235_trackID8_opNum7_merged.root
[COPY] event=46249, trackID=16, T0=-2.03421 -> /Volumes/ssd_zhang/thesis_michel/server_processing/t0_rootFiles/beam28806_new202602/wvf_applyCut_removeBeam/wvfFind_event46249_trackID16_opNum5.root
[COPY] event=46260, trackID=35, T0=-2.38469 -> /Volumes/ssd_zhang/thesis_michel/server_processing/t0_rootFiles/beam28806_new202602/wvf_applyCut_removeBeam/wvfFind_event46260_trackID35_opNum6.root
[COPY] event=46260, trackID=35, T0=-2.38469 -> /Volumes/ssd_zhang/thesis_michel/server_processing/t0_rootFiles/beam28806_new202602/wvf_applyCut_removeBeam/wvfFind_event46260_trackID35_opNum6_2.root
[COPY] event=46274, trackID=1, T0=-0.639023 -> /Volumes/ssd_zhang/thesis_michel/server_processing/t0_rootFiles/beam28806_new202602/wvf_applyCut_removeBeam/wvfFind_event46274_trackID1_opNum4.root
[COPY] event=46286, trackID=17, T0=-2.13558 -> /Volumes/ssd_zhang/thesis_michel/server_processing/t0_rootFiles/beam28806_new202602/wvf_applyCut_removeBeam/wvfFind_event46286_trackID17_opNum3.root
[COPY] event=46299, trackID=1, T0=0.54804 -> /Volumes/ssd_zhang/thesis_michel/server_processing/t0_rootFiles/beam28806_new202602/wvf_applyCut_removeBeam/wvfFind_event46299_trackID1_opNum8_merged.root
[COPY] event=46322, trackID=9, T0=-0.693495 -> /Volumes/ssd_zhang/thesis_michel/server_processing/t0_rootFiles/beam28806_new202602/wvf_applyCut_removeBeam/wvfFind_event46322_trackID9_opNum5.root
[COPY] event=46332, trackID=3, T0=-1.15208 -> /Volumes/ssd_zhang/thesis_michel/server_processing/t0_rootFiles/beam28806_new202602/wvf_applyCut_removeBeam/wvfFind_event46332_trackID3_opNum3.root
[COPY] event=46340, trackID=16, T0=-2.28743 -> /Volumes/ssd_zhang/thesis_michel/server_processing/t0_rootFiles/beam28806_new202602/wvf_applyCut_removeBeam/wvfFind_event46340_trackID16_opNum4.root
[COPY] event=46340, trackID=16, T0=-2.28743 -> /Volumes/ssd_zhang/thesis_michel/server_processing/t0_rootFiles/beam28806_new202602/wvf_applyCut_removeBeam/wvfFind_event46340_trackID16_opNum4_2.root
[SKIP] (in range) event=46345, trackID=3, T0=-0.031393
[COPY] event=46351, trackID=18, T0=0.0752025 -> /Volumes/ssd_zhang/thesis_michel/server_processing/t0_rootFiles/beam28806_new202602/wvf_applyCut_removeBeam/wvfFind_event46351_trackID18_opNum9.root
[COPY] event=46351, trackID=18, T0=0.0752025 -> /Volumes/ssd_zhang/thesis_michel/server_processing/t0_rootFiles/beam28806_new202602/wvf_applyCut_removeBeam/wvfFind_event46351_trackID18_opNum9_2.root
[COPY] event=4636, trackID=2, T0=-1.44694 -> /Volumes/ssd_zhang/thesis_michel/server_processing/t0_rootFiles/beam28806_new202602/wvf_applyCut_removeBeam/wvfFind_event4636_trackID2_opNum9.root
[SKIP] (in range) event=46372, trackID=7, T0=-0.0373343
[COPY] event=46388, trackID=5, T0=-2.02365 -> /Volumes/ssd_zhang/thesis_michel/server_processing/t0_rootFiles/beam28806_new202602/wvf_applyCut_removeBeam/wvfFind_event46388_trackID5_opNum4.root
[COPY] event=46455, trackID=5, T0=-0.168733 -> /Volumes/ssd_zhang/thesis_michel/server_processing/t0_rootFiles/beam28806_new202602/wvf_applyCut_removeBeam/wvfFind_event46455_trackID5_opNum8.root
[COPY] event=46475, trackID=26, T0=-2.16968 -> /Volumes/ssd_zhang/thesis_michel/server_processing/t0_rootFiles/beam28806_new202602/wvf_applyCut_removeBeam/wvfFind_event46475_trackID26_opNum5.root
[COPY] event=46485, trackID=29, T0=-2.40283 -> /Volumes/ssd_zhang/thesis_michel/server_processing/t0_rootFiles/beam28806_new202602/wvf_applyCut_removeBeam/wvfFind_event46485_trackID29_opNum7_merged.root
[COPY] event=46488, trackID=9, T0=0.182674 -> /Volumes/ssd_zhang/thesis_michel/server_processing/t0_rootFiles/beam28806_new202602/wvf_applyCut_removeBeam/wvfFind_event46488_trackID9_opNum6_merged.root
[COPY] event=4648, trackID=2, T0=-1.14847 -> /Volumes/ssd_zhang/thesis_michel/server_processing/t0_rootFiles/beam28806_new202602/wvf_applyCut_removeBeam/wvfFind_event4648_trackID2_opNum5.root
[COPY] event=46493, trackID=0, T0=-0.232391 -> /Volumes/ssd_zhang/thesis_michel/server_processing/t0_rootFiles/beam28806_new202602/wvf_applyCut_removeBeam/wvfFind_event46493_trackID0_opNum9.root
[COPY] event=46497, trackID=3, T0=-0.684327 -> /Volumes/ssd_zhang/thesis_michel/server_processing/t0_rootFiles/beam28806_new202602/wvf_applyCut_removeBeam/wvfFind_event46497_trackID3_opNum9.root
[COPY] event=46514, trackID=18, T0=0.419864 -> /Volumes/ssd_zhang/thesis_michel/server_processing/t0_rootFiles/beam28806_new202602/wvf_applyCut_removeBeam/wvfFind_event46514_trackID18_opNum5_merged.root
[COPY] event=46515, trackID=2, T0=0.262155 -> /Volumes/ssd_zhang/thesis_michel/server_processing/t0_rootFiles/beam28806_new202602/wvf_applyCut_removeBeam/wvfFind_event46515_trackID2_opNum4.root
[COPY] event=46515, trackID=2, T0=0.262155 -> /Volumes/ssd_zhang/thesis_michel/server_processing/t0_rootFiles/beam28806_new202602/wvf_applyCut_removeBeam/wvfFind_event46515_trackID2_opNum4_2.root
[COPY] event=46533, trackID=5, T0=-0.992851 -> /Volumes/ssd_zhang/thesis_michel/server_processing/t0_rootFiles/beam28806_new202602/wvf_applyCut_removeBeam/wvfFind_event46533_trackID5_opNum4_merged.root
[COPY] event=46538, trackID=3, T0=-0.35603 -> /Volumes/ssd_zhang/thesis_michel/server_processing/t0_rootFiles/beam28806_new202602/wvf_applyCut_removeBeam/wvfFind_event46538_trackID3_opNum3.root
[COPY] event=46557, trackID=14, T0=-0.21344 -> /Volumes/ssd_zhang/thesis_michel/server_processing/t0_rootFiles/beam28806_new202602/wvf_applyCut_removeBeam/wvfFind_event46557_trackID14_opNum8.root
[COPY] event=46561, trackID=18, T0=-0.750143 -> /Volumes/ssd_zhang/thesis_michel/server_processing/t0_rootFiles/beam28806_new202602/wvf_applyCut_removeBeam/wvfFind_event46561_trackID18_opNum5.root
[COPY] event=46563, trackID=26, T0=-2.2155 -> /Volumes/ssd_zhang/thesis_michel/server_processing/t0_rootFiles/beam28806_new202602/wvf_applyCut_removeBeam/wvfFind_event46563_trackID26_opNum9.root
[COPY] event=46565, trackID=6, T0=-1.68033 -> /Volumes/ssd_zhang/thesis_michel/server_processing/t0_rootFiles/beam28806_new202602/wvf_applyCut_removeBeam/wvfFind_event46565_trackID6_opNum3.root
[COPY] event=46565, trackID=6, T0=-1.68033 -> /Volumes/ssd_zhang/thesis_michel/server_processing/t0_rootFiles/beam28806_new202602/wvf_applyCut_removeBeam/wvfFind_event46565_trackID6_opNum3_2.root
[COPY] event=46584, trackID=2, T0=-1.80205 -> /Volumes/ssd_zhang/thesis_michel/server_processing/t0_rootFiles/beam28806_new202602/wvf_applyCut_removeBeam/wvfFind_event46584_trackID2_opNum9.root
[COPY] event=46594, trackID=15, T0=0.169166 -> /Volumes/ssd_zhang/thesis_michel/server_processing/t0_rootFiles/beam28806_new202602/wvf_applyCut_removeBeam/wvfFind_event46594_trackID15_opNum5.root
[COPY] event=46597, trackID=5, T0=-1.46921 -> /Volumes/ssd_zhang/thesis_michel/server_processing/t0_rootFiles/beam28806_new202602/wvf_applyCut_removeBeam/wvfFind_event46597_trackID5_opNum5.root
[COPY] event=46598, trackID=7, T0=-1.46503 -> /Volumes/ssd_zhang/thesis_michel/server_processing/t0_rootFiles/beam28806_new202602/wvf_applyCut_removeBeam/wvfFind_event46598_trackID7_opNum8.root
[COPY] event=46599, trackID=6, T0=-0.266466 -> /Volumes/ssd_zhang/thesis_michel/server_processing/t0_rootFiles/beam28806_new202602/wvf_applyCut_removeBeam/wvfFind_event46599_trackID6_opNum7.root
[COPY] event=46625, trackID=1, T0=-1.26321 -> /Volumes/ssd_zhang/thesis_michel/server_processing/t0_rootFiles/beam28806_new202602/wvf_applyCut_removeBeam/wvfFind_event46625_trackID1_opNum5.root
[COPY] event=4666, trackID=1, T0=-0.2354 -> /Volumes/ssd_zhang/thesis_michel/server_processing/t0_rootFiles/beam28806_new202602/wvf_applyCut_removeBeam/wvfFind_event4666_trackID1_opNum4_merged.root
[COPY] event=46673, trackID=9, T0=-1.70249 -> /Volumes/ssd_zhang/thesis_michel/server_processing/t0_rootFiles/beam28806_new202602/wvf_applyCut_removeBeam/wvfFind_event46673_trackID9_opNum5.root
[COPY] event=46691, trackID=27, T0=-2.30596 -> /Volumes/ssd_zhang/thesis_michel/server_processing/t0_rootFiles/beam28806_new202602/wvf_applyCut_removeBeam/wvfFind_event46691_trackID27_opNum6.root
[COPY] event=46719, trackID=12, T0=-1.09062 -> /Volumes/ssd_zhang/thesis_michel/server_processing/t0_rootFiles/beam28806_new202602/wvf_applyCut_removeBeam/wvfFind_event46719_trackID12_opNum9.root
[COPY] event=46723, trackID=3, T0=-1.24142 -> /Volumes/ssd_zhang/thesis_michel/server_processing/t0_rootFiles/beam28806_new202602/wvf_applyCut_removeBeam/wvfFind_event46723_trackID3_opNum3.root
[COPY] event=46723, trackID=3, T0=-1.24142 -> /Volumes/ssd_zhang/thesis_michel/server_processing/t0_rootFiles/beam28806_new202602/wvf_applyCut_removeBeam/wvfFind_event46723_trackID3_opNum3_2.root
[COPY] event=46724, trackID=15, T0=0.144369 -> /Volumes/ssd_zhang/thesis_michel/server_processing/t0_rootFiles/beam28806_new202602/wvf_applyCut_removeBeam/wvfFind_event46724_trackID15_opNum9.root
[COPY] event=46725, trackID=0, T0=-0.932399 -> /Volumes/ssd_zhang/thesis_michel/server_processing/t0_rootFiles/beam28806_new202602/wvf_applyCut_removeBeam/wvfFind_event46725_trackID0_opNum4.root
[COPY] event=46738, trackID=6, T0=-1.38587 -> /Volumes/ssd_zhang/thesis_michel/server_processing/t0_rootFiles/beam28806_new202602/wvf_applyCut_removeBeam/wvfFind_event46738_trackID6_opNum5.root
[COPY] event=46740, trackID=0, T0=-0.368364 -> /Volumes/ssd_zhang/thesis_michel/server_processing/t0_rootFiles/beam28806_new202602/wvf_applyCut_removeBeam/wvfFind_event46740_trackID0_opNum9.root
[COPY] event=46779, trackID=1, T0=0.0759274 -> /Volumes/ssd_zhang/thesis_michel/server_processing/t0_rootFiles/beam28806_new202602/wvf_applyCut_removeBeam/wvfFind_event46779_trackID1_opNum4.root
[COPY] event=46794, trackID=1, T0=0.471575 -> /Volumes/ssd_zhang/thesis_michel/server_processing/t0_rootFiles/beam28806_new202602/wvf_applyCut_removeBeam/wvfFind_event46794_trackID1_opNum9.root
[COPY] event=46809, trackID=4, T0=-1.67674 -> /Volumes/ssd_zhang/thesis_michel/server_processing/t0_rootFiles/beam28806_new202602/wvf_applyCut_removeBeam/wvfFind_event46809_trackID4_opNum5.root
[COPY] event=46824, trackID=8, T0=-1.75905 -> /Volumes/ssd_zhang/thesis_michel/server_processing/t0_rootFiles/beam28806_new202602/wvf_applyCut_removeBeam/wvfFind_event46824_trackID8_opNum5.root
[COPY] event=46825, trackID=23, T0=-0.520348 -> /Volumes/ssd_zhang/thesis_michel/server_processing/t0_rootFiles/beam28806_new202602/wvf_applyCut_removeBeam/wvfFind_event46825_trackID23_opNum3.root
[COPY] event=46838, trackID=12, T0=0.0726742 -> /Volumes/ssd_zhang/thesis_michel/server_processing/t0_rootFiles/beam28806_new202602/wvf_applyCut_removeBeam/wvfFind_event46838_trackID12_opNum5.root
[COPY] event=4683, trackID=1, T0=-0.864887 -> /Volumes/ssd_zhang/thesis_michel/server_processing/t0_rootFiles/beam28806_new202602/wvf_applyCut_removeBeam/wvfFind_event4683_trackID1_opNum4.root
[COPY] event=46855, trackID=20, T0=0.461518 -> /Volumes/ssd_zhang/thesis_michel/server_processing/t0_rootFiles/beam28806_new202602/wvf_applyCut_removeBeam/wvfFind_event46855_trackID20_opNum9.root
[COPY] event=46876, trackID=2, T0=-0.287867 -> /Volumes/ssd_zhang/thesis_michel/server_processing/t0_rootFiles/beam28806_new202602/wvf_applyCut_removeBeam/wvfFind_event46876_trackID2_opNum4.root
[COPY] event=46877, trackID=14, T0=-1.59489 -> /Volumes/ssd_zhang/thesis_michel/server_processing/t0_rootFiles/beam28806_new202602/wvf_applyCut_removeBeam/wvfFind_event46877_trackID14_opNum9.root
[COPY] event=46877, trackID=9, T0=-0.314684 -> /Volumes/ssd_zhang/thesis_michel/server_processing/t0_rootFiles/beam28806_new202602/wvf_applyCut_removeBeam/wvfFind_event46877_trackID9_opNum4.root
[COPY] event=46879, trackID=5, T0=-1.07655 -> /Volumes/ssd_zhang/thesis_michel/server_processing/t0_rootFiles/beam28806_new202602/wvf_applyCut_removeBeam/wvfFind_event46879_trackID5_opNum5.root
[COPY] event=46885, trackID=21, T0=-2.35074 -> /Volumes/ssd_zhang/thesis_michel/server_processing/t0_rootFiles/beam28806_new202602/wvf_applyCut_removeBeam/wvfFind_event46885_trackID21_opNum8.root
[COPY] event=46895, trackID=16, T0=-0.528282 -> /Volumes/ssd_zhang/thesis_michel/server_processing/t0_rootFiles/beam28806_new202602/wvf_applyCut_removeBeam/wvfFind_event46895_trackID16_opNum7_merged.root
[COPY] event=46904, trackID=19, T0=-2.23525 -> /Volumes/ssd_zhang/thesis_michel/server_processing/t0_rootFiles/beam28806_new202602/wvf_applyCut_removeBeam/wvfFind_event46904_trackID19_opNum3.root
[COPY] event=46909, trackID=10, T0=-0.334499 -> /Volumes/ssd_zhang/thesis_michel/server_processing/t0_rootFiles/beam28806_new202602/wvf_applyCut_removeBeam/wvfFind_event46909_trackID10_opNum9.root
[COPY] event=46918, trackID=9, T0=-1.02131 -> /Volumes/ssd_zhang/thesis_michel/server_processing/t0_rootFiles/beam28806_new202602/wvf_applyCut_removeBeam/wvfFind_event46918_trackID9_opNum5.root
[COPY] event=46922, trackID=11, T0=-0.345773 -> /Volumes/ssd_zhang/thesis_michel/server_processing/t0_rootFiles/beam28806_new202602/wvf_applyCut_removeBeam/wvfFind_event46922_trackID11_opNum4_merged.root
[COPY] event=46949, trackID=0, T0=0.073748 -> /Volumes/ssd_zhang/thesis_michel/server_processing/t0_rootFiles/beam28806_new202602/wvf_applyCut_removeBeam/wvfFind_event46949_trackID0_opNum8.root
[COPY] event=46978, trackID=2, T0=-0.0064972 -> /Volumes/ssd_zhang/thesis_michel/server_processing/t0_rootFiles/beam28806_new202602/wvf_applyCut_removeBeam/wvfFind_event46978_trackID2_opNum8.root
[COPY] event=46981, trackID=1, T0=0.0977812 -> /Volumes/ssd_zhang/thesis_michel/server_processing/t0_rootFiles/beam28806_new202602/wvf_applyCut_removeBeam/wvfFind_event46981_trackID1_opNum5.root
[COPY] event=47003, trackID=6, T0=-0.718215 -> /Volumes/ssd_zhang/thesis_michel/server_processing/t0_rootFiles/beam28806_new202602/wvf_applyCut_removeBeam/wvfFind_event47003_trackID6_opNum5.root
[COPY] event=47006, trackID=5, T0=-1.64625 -> /Volumes/ssd_zhang/thesis_michel/server_processing/t0_rootFiles/beam28806_new202602/wvf_applyCut_removeBeam/wvfFind_event47006_trackID5_opNum3.root
[COPY] event=47011, trackID=8, T0=-0.298071 -> /Volumes/ssd_zhang/thesis_michel/server_processing/t0_rootFiles/beam28806_new202602/wvf_applyCut_removeBeam/wvfFind_event47011_trackID8_opNum5.root
[COPY] event=47037, trackID=0, T0=0.370924 -> /Volumes/ssd_zhang/thesis_michel/server_processing/t0_rootFiles/beam28806_new202602/wvf_applyCut_removeBeam/wvfFind_event47037_trackID0_opNum5.root
[COPY] event=47041, trackID=12, T0=-1.16083 -> /Volumes/ssd_zhang/thesis_michel/server_processing/t0_rootFiles/beam28806_new202602/wvf_applyCut_removeBeam/wvfFind_event47041_trackID12_opNum3_merged.root
[COPY] event=47045, trackID=6, T0=-0.55179 -> /Volumes/ssd_zhang/thesis_michel/server_processing/t0_rootFiles/beam28806_new202602/wvf_applyCut_removeBeam/wvfFind_event47045_trackID6_opNum9.root
[COPY] event=47045, trackID=6, T0=-0.55179 -> /Volumes/ssd_zhang/thesis_michel/server_processing/t0_rootFiles/beam28806_new202602/wvf_applyCut_removeBeam/wvfFind_event47045_trackID6_opNum9_2.root
[COPY] event=47055, trackID=13, T0=-0.533718 -> /Volumes/ssd_zhang/thesis_michel/server_processing/t0_rootFiles/beam28806_new202602/wvf_applyCut_removeBeam/wvfFind_event47055_trackID13_opNum3_merged.root
[COPY] event=47062, trackID=3, T0=-1.85118 -> /Volumes/ssd_zhang/thesis_michel/server_processing/t0_rootFiles/beam28806_new202602/wvf_applyCut_removeBeam/wvfFind_event47062_trackID3_opNum9.root
[COPY] event=47088, trackID=24, T0=-2.11591 -> /Volumes/ssd_zhang/thesis_michel/server_processing/t0_rootFiles/beam28806_new202602/wvf_applyCut_removeBeam/wvfFind_event47088_trackID24_opNum6.root
[COPY] event=47100, trackID=23, T0=-2.30668 -> /Volumes/ssd_zhang/thesis_michel/server_processing/t0_rootFiles/beam28806_new202602/wvf_applyCut_removeBeam/wvfFind_event47100_trackID23_opNum7_merged.root
[COPY] event=47101, trackID=11, T0=0.331124 -> /Volumes/ssd_zhang/thesis_michel/server_processing/t0_rootFiles/beam28806_new202602/wvf_applyCut_removeBeam/wvfFind_event47101_trackID11_opNum9_merged.root
[COPY] event=47150, trackID=1, T0=0.138865 -> /Volumes/ssd_zhang/thesis_michel/server_processing/t0_rootFiles/beam28806_new202602/wvf_applyCut_removeBeam/wvfFind_event47150_trackID1_opNum4.root
[COPY] event=4779, trackID=8, T0=-1.21239 -> /Volumes/ssd_zhang/thesis_michel/server_processing/t0_rootFiles/beam28806_new202602/wvf_applyCut_removeBeam/wvfFind_event4779_trackID8_opNum3_merged.root
[COPY] event=4809, trackID=4, T0=0.371864 -> /Volumes/ssd_zhang/thesis_michel/server_processing/t0_rootFiles/beam28806_new202602/wvf_applyCut_removeBeam/wvfFind_event4809_trackID4_opNum4.root
[COPY] event=4809, trackID=4, T0=0.371864 -> /Volumes/ssd_zhang/thesis_michel/server_processing/t0_rootFiles/beam28806_new202602/wvf_applyCut_removeBeam/wvfFind_event4809_trackID4_opNum4_2.root
[COPY] event=4818, trackID=6, T0=-1.49369 -> /Volumes/ssd_zhang/thesis_michel/server_processing/t0_rootFiles/beam28806_new202602/wvf_applyCut_removeBeam/wvfFind_event4818_trackID6_opNum9.root
[COPY] event=4824, trackID=2, T0=-1.25106 -> /Volumes/ssd_zhang/thesis_michel/server_processing/t0_rootFiles/beam28806_new202602/wvf_applyCut_removeBeam/wvfFind_event4824_trackID2_opNum9.root
[COPY] event=4836, trackID=5, T0=-0.84026 -> /Volumes/ssd_zhang/thesis_michel/server_processing/t0_rootFiles/beam28806_new202602/wvf_applyCut_removeBeam/wvfFind_event4836_trackID5_opNum3.root
[COPY] event=4848, trackID=9, T0=-0.0110791 -> /Volumes/ssd_zhang/thesis_michel/server_processing/t0_rootFiles/beam28806_new202602/wvf_applyCut_removeBeam/wvfFind_event4848_trackID9_opNum9.root
[COPY] event=4856, trackID=19, T0=-1.89949 -> /Volumes/ssd_zhang/thesis_michel/server_processing/t0_rootFiles/beam28806_new202602/wvf_applyCut_removeBeam/wvfFind_event4856_trackID19_opNum9.root
[COPY] event=4865, trackID=8, T0=-1.92074 -> /Volumes/ssd_zhang/thesis_michel/server_processing/t0_rootFiles/beam28806_new202602/wvf_applyCut_removeBeam/wvfFind_event4865_trackID8_opNum8.root
[COPY] event=4874, trackID=9, T0=-0.444971 -> /Volumes/ssd_zhang/thesis_michel/server_processing/t0_rootFiles/beam28806_new202602/wvf_applyCut_removeBeam/wvfFind_event4874_trackID9_opNum5.root
[COPY] event=4878, trackID=9, T0=0.721515 -> /Volumes/ssd_zhang/thesis_michel/server_processing/t0_rootFiles/beam28806_new202602/wvf_applyCut_removeBeam/wvfFind_event4878_trackID9_opNum9_merged.root
[COPY] event=4881, trackID=21, T0=-2.36977 -> /Volumes/ssd_zhang/thesis_michel/server_processing/t0_rootFiles/beam28806_new202602/wvf_applyCut_removeBeam/wvfFind_event4881_trackID21_opNum3.root
[COPY] event=490, trackID=4, T0=-1.82655 -> /Volumes/ssd_zhang/thesis_michel/server_processing/t0_rootFiles/beam28806_new202602/wvf_applyCut_removeBeam/wvfFind_event490_trackID4_opNum7.root
[COPY] event=491, trackID=15, T0=-2.23175 -> /Volumes/ssd_zhang/thesis_michel/server_processing/t0_rootFiles/beam28806_new202602/wvf_applyCut_removeBeam/wvfFind_event491_trackID15_opNum9.root
[SKIP] (in range) event=4922, trackID=6, T0=-0.0792215
[COPY] event=4930, trackID=23, T0=-2.21741 -> /Volumes/ssd_zhang/thesis_michel/server_processing/t0_rootFiles/beam28806_new202602/wvf_applyCut_removeBeam/wvfFind_event4930_trackID23_opNum6.root
[COPY] event=4947, trackID=15, T0=-2.31479 -> /Volumes/ssd_zhang/thesis_michel/server_processing/t0_rootFiles/beam28806_new202602/wvf_applyCut_removeBeam/wvfFind_event4947_trackID15_opNum9.root
[COPY] event=4956, trackID=9, T0=-1.58927 -> /Volumes/ssd_zhang/thesis_michel/server_processing/t0_rootFiles/beam28806_new202602/wvf_applyCut_removeBeam/wvfFind_event4956_trackID9_opNum5.root
[COPY] event=4974, trackID=18, T0=0.368737 -> /Volumes/ssd_zhang/thesis_michel/server_processing/t0_rootFiles/beam28806_new202602/wvf_applyCut_removeBeam/wvfFind_event4974_trackID18_opNum8.root
[COPY] event=4982, trackID=5, T0=-2.00559 -> /Volumes/ssd_zhang/thesis_michel/server_processing/t0_rootFiles/beam28806_new202602/wvf_applyCut_removeBeam/wvfFind_event4982_trackID5_opNum3.root
[COPY] event=4995, trackID=19, T0=-2.26132 -> /Volumes/ssd_zhang/thesis_michel/server_processing/t0_rootFiles/beam28806_new202602/wvf_applyCut_removeBeam/wvfFind_event4995_trackID19_opNum4.root
[COPY] event=500, trackID=7, T0=-1.53889 -> /Volumes/ssd_zhang/thesis_michel/server_processing/t0_rootFiles/beam28806_new202602/wvf_applyCut_removeBeam/wvfFind_event500_trackID7_opNum5.root
[COPY] event=500, trackID=7, T0=-1.53889 -> /Volumes/ssd_zhang/thesis_michel/server_processing/t0_rootFiles/beam28806_new202602/wvf_applyCut_removeBeam/wvfFind_event500_trackID7_opNum5_2.root
[COPY] event=5015, trackID=22, T0=-2.33984 -> /Volumes/ssd_zhang/thesis_michel/server_processing/t0_rootFiles/beam28806_new202602/wvf_applyCut_removeBeam/wvfFind_event5015_trackID22_opNum5.root
[COPY] event=5015, trackID=9, T0=-2.26037 -> /Volumes/ssd_zhang/thesis_michel/server_processing/t0_rootFiles/beam28806_new202602/wvf_applyCut_removeBeam/wvfFind_event5015_trackID9_opNum3.root
[COPY] event=501, trackID=19, T0=-2.28436 -> /Volumes/ssd_zhang/thesis_michel/server_processing/t0_rootFiles/beam28806_new202602/wvf_applyCut_removeBeam/wvfFind_event501_trackID19_opNum5.root
[COPY] event=501, trackID=19, T0=-2.28436 -> /Volumes/ssd_zhang/thesis_michel/server_processing/t0_rootFiles/beam28806_new202602/wvf_applyCut_removeBeam/wvfFind_event501_trackID19_opNum5_2.root
[SKIP] (in range) event=5021, trackID=6, T0=-0.0686849
[SKIP] (in range) event=5021, trackID=6, T0=-0.0686849
[COPY] event=5049, trackID=18, T0=-2.1514 -> /Volumes/ssd_zhang/thesis_michel/server_processing/t0_rootFiles/beam28806_new202602/wvf_applyCut_removeBeam/wvfFind_event5049_trackID18_opNum5.root
[COPY] event=5070, trackID=5, T0=-0.638622 -> /Volumes/ssd_zhang/thesis_michel/server_processing/t0_rootFiles/beam28806_new202602/wvf_applyCut_removeBeam/wvfFind_event5070_trackID5_opNum8.root
[COPY] event=5079, trackID=1, T0=0.0670751 -> /Volumes/ssd_zhang/thesis_michel/server_processing/t0_rootFiles/beam28806_new202602/wvf_applyCut_removeBeam/wvfFind_event5079_trackID1_opNum6.root
[COPY] event=5096, trackID=17, T0=2.19771 -> /Volumes/ssd_zhang/thesis_michel/server_processing/t0_rootFiles/beam28806_new202602/wvf_applyCut_removeBeam/wvfFind_event5096_trackID17_opNum3.root
[SKIP] (in range) event=509, trackID=22, T0=-0.0770614
[COPY] event=5103, trackID=1, T0=-0.285966 -> /Volumes/ssd_zhang/thesis_michel/server_processing/t0_rootFiles/beam28806_new202602/wvf_applyCut_removeBeam/wvfFind_event5103_trackID1_opNum5.root
[COPY] event=5103, trackID=1, T0=-0.285966 -> /Volumes/ssd_zhang/thesis_michel/server_processing/t0_rootFiles/beam28806_new202602/wvf_applyCut_removeBeam/wvfFind_event5103_trackID1_opNum5_2.root
[COPY] event=511, trackID=13, T0=0.0788195 -> /Volumes/ssd_zhang/thesis_michel/server_processing/t0_rootFiles/beam28806_new202602/wvf_applyCut_removeBeam/wvfFind_event511_trackID13_opNum4.root
[COPY] event=5128, trackID=13, T0=-1.27184 -> /Volumes/ssd_zhang/thesis_michel/server_processing/t0_rootFiles/beam28806_new202602/wvf_applyCut_removeBeam/wvfFind_event5128_trackID13_opNum3.root
[COPY] event=5136, trackID=3, T0=0.3119 -> /Volumes/ssd_zhang/thesis_michel/server_processing/t0_rootFiles/beam28806_new202602/wvf_applyCut_removeBeam/wvfFind_event5136_trackID3_opNum9.root
[COPY] event=5148, trackID=0, T0=-1.11539 -> /Volumes/ssd_zhang/thesis_michel/server_processing/t0_rootFiles/beam28806_new202602/wvf_applyCut_removeBeam/wvfFind_event5148_trackID0_opNum8.root
[COPY] event=515, trackID=2, T0=-0.990371 -> /Volumes/ssd_zhang/thesis_michel/server_processing/t0_rootFiles/beam28806_new202602/wvf_applyCut_removeBeam/wvfFind_event515_trackID2_opNum9.root
[COPY] event=5161, trackID=1, T0=-0.226809 -> /Volumes/ssd_zhang/thesis_michel/server_processing/t0_rootFiles/beam28806_new202602/wvf_applyCut_removeBeam/wvfFind_event5161_trackID1_opNum5.root
[SKIP] (in range) event=5190, trackID=8, T0=-0.0646146
[COPY] event=5194, trackID=21, T0=-2.01232 -> /Volumes/ssd_zhang/thesis_michel/server_processing/t0_rootFiles/beam28806_new202602/wvf_applyCut_removeBeam/wvfFind_event5194_trackID21_opNum9.root
[COPY] event=5197, trackID=7, T0=-0.212192 -> /Volumes/ssd_zhang/thesis_michel/server_processing/t0_rootFiles/beam28806_new202602/wvf_applyCut_removeBeam/wvfFind_event5197_trackID7_opNum4.root
[COPY] event=5213, trackID=9, T0=-1.20318 -> /Volumes/ssd_zhang/thesis_michel/server_processing/t0_rootFiles/beam28806_new202602/wvf_applyCut_removeBeam/wvfFind_event5213_trackID9_opNum6.root
[COPY] event=5213, trackID=9, T0=-1.20318 -> /Volumes/ssd_zhang/thesis_michel/server_processing/t0_rootFiles/beam28806_new202602/wvf_applyCut_removeBeam/wvfFind_event5213_trackID9_opNum6_2.root
[COPY] event=5225, trackID=0, T0=0.46791 -> /Volumes/ssd_zhang/thesis_michel/server_processing/t0_rootFiles/beam28806_new202602/wvf_applyCut_removeBeam/wvfFind_event5225_trackID0_opNum9.root
[COPY] event=5243, trackID=5, T0=-0.835446 -> /Volumes/ssd_zhang/thesis_michel/server_processing/t0_rootFiles/beam28806_new202602/wvf_applyCut_removeBeam/wvfFind_event5243_trackID5_opNum4.root
[COPY] event=5281, trackID=9, T0=-1.93957 -> /Volumes/ssd_zhang/thesis_michel/server_processing/t0_rootFiles/beam28806_new202602/wvf_applyCut_removeBeam/wvfFind_event5281_trackID9_opNum5.root
[COPY] event=5286, trackID=1, T0=-0.278959 -> /Volumes/ssd_zhang/thesis_michel/server_processing/t0_rootFiles/beam28806_new202602/wvf_applyCut_removeBeam/wvfFind_event5286_trackID1_opNum3.root
[COPY] event=531, trackID=9, T0=-0.693387 -> /Volumes/ssd_zhang/thesis_michel/server_processing/t0_rootFiles/beam28806_new202602/wvf_applyCut_removeBeam/wvfFind_event531_trackID9_opNum9.root
[SKIP] (in range) event=5321, trackID=3, T0=-0.0741621
[COPY] event=5388, trackID=4, T0=-0.699438 -> /Volumes/ssd_zhang/thesis_michel/server_processing/t0_rootFiles/beam28806_new202602/wvf_applyCut_removeBeam/wvfFind_event5388_trackID4_opNum9_merged.root
[COPY] event=5396, trackID=10, T0=-1.40726 -> /Volumes/ssd_zhang/thesis_michel/server_processing/t0_rootFiles/beam28806_new202602/wvf_applyCut_removeBeam/wvfFind_event5396_trackID10_opNum3.root
[COPY] event=5396, trackID=10, T0=-1.40726 -> /Volumes/ssd_zhang/thesis_michel/server_processing/t0_rootFiles/beam28806_new202602/wvf_applyCut_removeBeam/wvfFind_event5396_trackID10_opNum3_2.root
[COPY] event=5396, trackID=10, T0=-1.40726 -> /Volumes/ssd_zhang/thesis_michel/server_processing/t0_rootFiles/beam28806_new202602/wvf_applyCut_removeBeam/wvfFind_event5396_trackID10_opNum3_3.root
[COPY] event=5416, trackID=0, T0=-0.242645 -> /Volumes/ssd_zhang/thesis_michel/server_processing/t0_rootFiles/beam28806_new202602/wvf_applyCut_removeBeam/wvfFind_event5416_trackID0_opNum3.root
[COPY] event=5443, trackID=13, T0=-0.309971 -> /Volumes/ssd_zhang/thesis_michel/server_processing/t0_rootFiles/beam28806_new202602/wvf_applyCut_removeBeam/wvfFind_event5443_trackID13_opNum6_merged.root
[COPY] event=5457, trackID=4, T0=-0.30076 -> /Volumes/ssd_zhang/thesis_michel/server_processing/t0_rootFiles/beam28806_new202602/wvf_applyCut_removeBeam/wvfFind_event5457_trackID4_opNum6.root
[COPY] event=5457, trackID=4, T0=-0.30076 -> /Volumes/ssd_zhang/thesis_michel/server_processing/t0_rootFiles/beam28806_new202602/wvf_applyCut_removeBeam/wvfFind_event5457_trackID4_opNum6_2.root
[COPY] event=5479, trackID=9, T0=-0.995711 -> /Volumes/ssd_zhang/thesis_michel/server_processing/t0_rootFiles/beam28806_new202602/wvf_applyCut_removeBeam/wvfFind_event5479_trackID9_opNum5_merged.root
[COPY] event=5592, trackID=13, T0=-0.399538 -> /Volumes/ssd_zhang/thesis_michel/server_processing/t0_rootFiles/beam28806_new202602/wvf_applyCut_removeBeam/wvfFind_event5592_trackID13_opNum4.root
[COPY] event=5640, trackID=7, T0=-0.913852 -> /Volumes/ssd_zhang/thesis_michel/server_processing/t0_rootFiles/beam28806_new202602/wvf_applyCut_removeBeam/wvfFind_event5640_trackID7_opNum9.root
[COPY] event=5650, trackID=15, T0=-2.0725 -> /Volumes/ssd_zhang/thesis_michel/server_processing/t0_rootFiles/beam28806_new202602/wvf_applyCut_removeBeam/wvfFind_event5650_trackID15_opNum9.root
[COPY] event=565, trackID=10, T0=-1.9958 -> /Volumes/ssd_zhang/thesis_michel/server_processing/t0_rootFiles/beam28806_new202602/wvf_applyCut_removeBeam/wvfFind_event565_trackID10_opNum8.root
[COPY] event=565, trackID=10, T0=-1.9958 -> /Volumes/ssd_zhang/thesis_michel/server_processing/t0_rootFiles/beam28806_new202602/wvf_applyCut_removeBeam/wvfFind_event565_trackID10_opNum8_2.root
[COPY] event=569, trackID=3, T0=-0.509464 -> /Volumes/ssd_zhang/thesis_michel/server_processing/t0_rootFiles/beam28806_new202602/wvf_applyCut_removeBeam/wvfFind_event569_trackID3_opNum3.root
[COPY] event=569, trackID=3, T0=-0.509464 -> /Volumes/ssd_zhang/thesis_michel/server_processing/t0_rootFiles/beam28806_new202602/wvf_applyCut_removeBeam/wvfFind_event569_trackID3_opNum3_2.root
[COPY] event=5707, trackID=8, T0=-1.83208 -> /Volumes/ssd_zhang/thesis_michel/server_processing/t0_rootFiles/beam28806_new202602/wvf_applyCut_removeBeam/wvfFind_event5707_trackID8_opNum3.root
[COPY] event=5711, trackID=19, T0=-2.22896 -> /Volumes/ssd_zhang/thesis_michel/server_processing/t0_rootFiles/beam28806_new202602/wvf_applyCut_removeBeam/wvfFind_event5711_trackID19_opNum9.root
[COPY] event=5715, trackID=28, T0=-2.422 -> /Volumes/ssd_zhang/thesis_michel/server_processing/t0_rootFiles/beam28806_new202602/wvf_applyCut_removeBeam/wvfFind_event5715_trackID28_opNum9.root
[COPY] event=5715, trackID=8, T0=-1.01234 -> /Volumes/ssd_zhang/thesis_michel/server_processing/t0_rootFiles/beam28806_new202602/wvf_applyCut_removeBeam/wvfFind_event5715_trackID8_opNum9.root
[COPY] event=5726, trackID=10, T0=-1.09911 -> /Volumes/ssd_zhang/thesis_michel/server_processing/t0_rootFiles/beam28806_new202602/wvf_applyCut_removeBeam/wvfFind_event5726_trackID10_opNum9.root
[COPY] event=5733, trackID=9, T0=-0.685299 -> /Volumes/ssd_zhang/thesis_michel/server_processing/t0_rootFiles/beam28806_new202602/wvf_applyCut_removeBeam/wvfFind_event5733_trackID9_opNum4_merged.root
[COPY] event=5742, trackID=6, T0=-0.371488 -> /Volumes/ssd_zhang/thesis_michel/server_processing/t0_rootFiles/beam28806_new202602/wvf_applyCut_removeBeam/wvfFind_event5742_trackID6_opNum9.root
[COPY] event=575, trackID=9, T0=-1.87938 -> /Volumes/ssd_zhang/thesis_michel/server_processing/t0_rootFiles/beam28806_new202602/wvf_applyCut_removeBeam/wvfFind_event575_trackID9_opNum9.root
[COPY] event=5788, trackID=20, T0=-2.27018 -> /Volumes/ssd_zhang/thesis_michel/server_processing/t0_rootFiles/beam28806_new202602/wvf_applyCut_removeBeam/wvfFind_event5788_trackID20_opNum6.root
[COPY] event=5788, trackID=20, T0=-2.27018 -> /Volumes/ssd_zhang/thesis_michel/server_processing/t0_rootFiles/beam28806_new202602/wvf_applyCut_removeBeam/wvfFind_event5788_trackID20_opNum6_2.root
[COPY] event=5795, trackID=8, T0=-0.866395 -> /Volumes/ssd_zhang/thesis_michel/server_processing/t0_rootFiles/beam28806_new202602/wvf_applyCut_removeBeam/wvfFind_event5795_trackID8_opNum8.root
[COPY] event=5799, trackID=39, T0=-2.45382 -> /Volumes/ssd_zhang/thesis_michel/server_processing/t0_rootFiles/beam28806_new202602/wvf_applyCut_removeBeam/wvfFind_event5799_trackID39_opNum9.root
[COPY] event=5804, trackID=1, T0=-0.666446 -> /Volumes/ssd_zhang/thesis_michel/server_processing/t0_rootFiles/beam28806_new202602/wvf_applyCut_removeBeam/wvfFind_event5804_trackID1_opNum4.root
[COPY] event=5820, trackID=1, T0=-1.84233 -> /Volumes/ssd_zhang/thesis_michel/server_processing/t0_rootFiles/beam28806_new202602/wvf_applyCut_removeBeam/wvfFind_event5820_trackID1_opNum9.root
[COPY] event=5820, trackID=2, T0=-1.84025 -> /Volumes/ssd_zhang/thesis_michel/server_processing/t0_rootFiles/beam28806_new202602/wvf_applyCut_removeBeam/wvfFind_event5820_trackID2_opNum5.root
[COPY] event=5821, trackID=1, T0=-1.89921 -> /Volumes/ssd_zhang/thesis_michel/server_processing/t0_rootFiles/beam28806_new202602/wvf_applyCut_removeBeam/wvfFind_event5821_trackID1_opNum5.root
[COPY] event=5848, trackID=1, T0=0.141705 -> /Volumes/ssd_zhang/thesis_michel/server_processing/t0_rootFiles/beam28806_new202602/wvf_applyCut_removeBeam/wvfFind_event5848_trackID1_opNum4.root
[COPY] event=5879, trackID=7, T0=-1.89169 -> /Volumes/ssd_zhang/thesis_michel/server_processing/t0_rootFiles/beam28806_new202602/wvf_applyCut_removeBeam/wvfFind_event5879_trackID7_opNum9.root
[COPY] event=588, trackID=14, T0=-2.34056 -> /Volumes/ssd_zhang/thesis_michel/server_processing/t0_rootFiles/beam28806_new202602/wvf_applyCut_removeBeam/wvfFind_event588_trackID14_opNum9.root
[COPY] event=5895, trackID=4, T0=-1.24355 -> /Volumes/ssd_zhang/thesis_michel/server_processing/t0_rootFiles/beam28806_new202602/wvf_applyCut_removeBeam/wvfFind_event5895_trackID4_opNum5.root
[COPY] event=5907, trackID=2, T0=-1.1156 -> /Volumes/ssd_zhang/thesis_michel/server_processing/t0_rootFiles/beam28806_new202602/wvf_applyCut_removeBeam/wvfFind_event5907_trackID2_opNum5.root
[COPY] event=592, trackID=27, T0=-1.80533 -> /Volumes/ssd_zhang/thesis_michel/server_processing/t0_rootFiles/beam28806_new202602/wvf_applyCut_removeBeam/wvfFind_event592_trackID27_opNum4_merged.root
[COPY] event=5930, trackID=5, T0=-0.610375 -> /Volumes/ssd_zhang/thesis_michel/server_processing/t0_rootFiles/beam28806_new202602/wvf_applyCut_removeBeam/wvfFind_event5930_trackID5_opNum9.root
[COPY] event=5937, trackID=4, T0=-1.30208 -> /Volumes/ssd_zhang/thesis_michel/server_processing/t0_rootFiles/beam28806_new202602/wvf_applyCut_removeBeam/wvfFind_event5937_trackID4_opNum5_merged.root
[COPY] event=5940, trackID=3, T0=0.147953 -> /Volumes/ssd_zhang/thesis_michel/server_processing/t0_rootFiles/beam28806_new202602/wvf_applyCut_removeBeam/wvfFind_event5940_trackID3_opNum3.root
[COPY] event=5940, trackID=3, T0=0.147953 -> /Volumes/ssd_zhang/thesis_michel/server_processing/t0_rootFiles/beam28806_new202602/wvf_applyCut_removeBeam/wvfFind_event5940_trackID3_opNum3_2.root
[COPY] event=5950, trackID=17, T0=-2.02337 -> /Volumes/ssd_zhang/thesis_michel/server_processing/t0_rootFiles/beam28806_new202602/wvf_applyCut_removeBeam/wvfFind_event5950_trackID17_opNum9.root
[COPY] event=5950, trackID=17, T0=-2.02337 -> /Volumes/ssd_zhang/thesis_michel/server_processing/t0_rootFiles/beam28806_new202602/wvf_applyCut_removeBeam/wvfFind_event5950_trackID17_opNum9_2.root
[COPY] event=5953, trackID=13, T0=-1.05998 -> /Volumes/ssd_zhang/thesis_michel/server_processing/t0_rootFiles/beam28806_new202602/wvf_applyCut_removeBeam/wvfFind_event5953_trackID13_opNum3_merged.root
[COPY] event=5954, trackID=21, T0=-2.38809 -> /Volumes/ssd_zhang/thesis_michel/server_processing/t0_rootFiles/beam28806_new202602/wvf_applyCut_removeBeam/wvfFind_event5954_trackID21_opNum9.root
[COPY] event=5984, trackID=14, T0=1.63318 -> /Volumes/ssd_zhang/thesis_michel/server_processing/t0_rootFiles/beam28806_new202602/wvf_applyCut_removeBeam/wvfFind_event5984_trackID14_opNum7.root
[COPY] event=5984, trackID=14, T0=1.63318 -> /Volumes/ssd_zhang/thesis_michel/server_processing/t0_rootFiles/beam28806_new202602/wvf_applyCut_removeBeam/wvfFind_event5984_trackID14_opNum7_2.root
[COPY] event=598, trackID=6, T0=-1.4766 -> /Volumes/ssd_zhang/thesis_michel/server_processing/t0_rootFiles/beam28806_new202602/wvf_applyCut_removeBeam/wvfFind_event598_trackID6_opNum5.root
[COPY] event=5991, trackID=5, T0=0.106466 -> /Volumes/ssd_zhang/thesis_michel/server_processing/t0_rootFiles/beam28806_new202602/wvf_applyCut_removeBeam/wvfFind_event5991_trackID5_opNum5.root
[COPY] event=603, trackID=3, T0=-1.43453 -> /Volumes/ssd_zhang/thesis_michel/server_processing/t0_rootFiles/beam28806_new202602/wvf_applyCut_removeBeam/wvfFind_event603_trackID3_opNum9_merged.root
[COPY] event=604, trackID=15, T0=-2.29457 -> /Volumes/ssd_zhang/thesis_michel/server_processing/t0_rootFiles/beam28806_new202602/wvf_applyCut_removeBeam/wvfFind_event604_trackID15_opNum9.root
[COPY] event=605, trackID=11, T0=-2.00304 -> /Volumes/ssd_zhang/thesis_michel/server_processing/t0_rootFiles/beam28806_new202602/wvf_applyCut_removeBeam/wvfFind_event605_trackID11_opNum9_merged.root
[COPY] event=6091, trackID=6, T0=-0.912225 -> /Volumes/ssd_zhang/thesis_michel/server_processing/t0_rootFiles/beam28806_new202602/wvf_applyCut_removeBeam/wvfFind_event6091_trackID6_opNum9.root
[COPY] event=6114, trackID=2, T0=0.284317 -> /Volumes/ssd_zhang/thesis_michel/server_processing/t0_rootFiles/beam28806_new202602/wvf_applyCut_removeBeam/wvfFind_event6114_trackID2_opNum9.root
[COPY] event=6129, trackID=5, T0=-1.49284 -> /Volumes/ssd_zhang/thesis_michel/server_processing/t0_rootFiles/beam28806_new202602/wvf_applyCut_removeBeam/wvfFind_event6129_trackID5_opNum5.root
[COPY] event=6131, trackID=18, T0=-2.18988 -> /Volumes/ssd_zhang/thesis_michel/server_processing/t0_rootFiles/beam28806_new202602/wvf_applyCut_removeBeam/wvfFind_event6131_trackID18_opNum9.root
[COPY] event=6165, trackID=15, T0=0.416086 -> /Volumes/ssd_zhang/thesis_michel/server_processing/t0_rootFiles/beam28806_new202602/wvf_applyCut_removeBeam/wvfFind_event6165_trackID15_opNum6.root
[COPY] event=6171, trackID=3, T0=-0.209711 -> /Volumes/ssd_zhang/thesis_michel/server_processing/t0_rootFiles/beam28806_new202602/wvf_applyCut_removeBeam/wvfFind_event6171_trackID3_opNum3.root
[COPY] event=6171, trackID=3, T0=-0.209711 -> /Volumes/ssd_zhang/thesis_michel/server_processing/t0_rootFiles/beam28806_new202602/wvf_applyCut_removeBeam/wvfFind_event6171_trackID3_opNum3_2.root
[COPY] event=6178, trackID=12, T0=-0.48395 -> /Volumes/ssd_zhang/thesis_michel/server_processing/t0_rootFiles/beam28806_new202602/wvf_applyCut_removeBeam/wvfFind_event6178_trackID12_opNum6.root
[COPY] event=6187, trackID=15, T0=0.140325 -> /Volumes/ssd_zhang/thesis_michel/server_processing/t0_rootFiles/beam28806_new202602/wvf_applyCut_removeBeam/wvfFind_event6187_trackID15_opNum4_merged.root
[COPY] event=6209, trackID=13, T0=-0.905476 -> /Volumes/ssd_zhang/thesis_michel/server_processing/t0_rootFiles/beam28806_new202602/wvf_applyCut_removeBeam/wvfFind_event6209_trackID13_opNum3.root
[COPY] event=6213, trackID=32, T0=-1.09582 -> /Volumes/ssd_zhang/thesis_michel/server_processing/t0_rootFiles/beam28806_new202602/wvf_applyCut_removeBeam/wvfFind_event6213_trackID32_opNum9.root
[COPY] event=621, trackID=1, T0=-0.790779 -> /Volumes/ssd_zhang/thesis_michel/server_processing/t0_rootFiles/beam28806_new202602/wvf_applyCut_removeBeam/wvfFind_event621_trackID1_opNum3.root
[COPY] event=6261, trackID=21, T0=1.95315 -> /Volumes/ssd_zhang/thesis_michel/server_processing/t0_rootFiles/beam28806_new202602/wvf_applyCut_removeBeam/wvfFind_event6261_trackID21_opNum9.root
[COPY] event=6273, trackID=14, T0=-2.19389 -> /Volumes/ssd_zhang/thesis_michel/server_processing/t0_rootFiles/beam28806_new202602/wvf_applyCut_removeBeam/wvfFind_event6273_trackID14_opNum9.root
[COPY] event=6315, trackID=11, T0=-0.279292 -> /Volumes/ssd_zhang/thesis_michel/server_processing/t0_rootFiles/beam28806_new202602/wvf_applyCut_removeBeam/wvfFind_event6315_trackID11_opNum7.root
[COPY] event=6342, trackID=3, T0=-1.71642 -> /Volumes/ssd_zhang/thesis_michel/server_processing/t0_rootFiles/beam28806_new202602/wvf_applyCut_removeBeam/wvfFind_event6342_trackID3_opNum7_merged.root
[COPY] event=6366, trackID=6, T0=-1.22804 -> /Volumes/ssd_zhang/thesis_michel/server_processing/t0_rootFiles/beam28806_new202602/wvf_applyCut_removeBeam/wvfFind_event6366_trackID6_opNum6_merged.root
[COPY] event=6378, trackID=2, T0=-1.46019 -> /Volumes/ssd_zhang/thesis_michel/server_processing/t0_rootFiles/beam28806_new202602/wvf_applyCut_removeBeam/wvfFind_event6378_trackID2_opNum6.root
[COPY] event=6378, trackID=2, T0=-1.46019 -> /Volumes/ssd_zhang/thesis_michel/server_processing/t0_rootFiles/beam28806_new202602/wvf_applyCut_removeBeam/wvfFind_event6378_trackID2_opNum6_2.root
[COPY] event=6386, trackID=12, T0=0.12288 -> /Volumes/ssd_zhang/thesis_michel/server_processing/t0_rootFiles/beam28806_new202602/wvf_applyCut_removeBeam/wvfFind_event6386_trackID12_opNum8.root
[COPY] event=640, trackID=4, T0=0.143546 -> /Volumes/ssd_zhang/thesis_michel/server_processing/t0_rootFiles/beam28806_new202602/wvf_applyCut_removeBeam/wvfFind_event640_trackID4_opNum9.root
[COPY] event=6434, trackID=9, T0=0.205599 -> /Volumes/ssd_zhang/thesis_michel/server_processing/t0_rootFiles/beam28806_new202602/wvf_applyCut_removeBeam/wvfFind_event6434_trackID9_opNum5.root
[COPY] event=6447, trackID=17, T0=2.36391 -> /Volumes/ssd_zhang/thesis_michel/server_processing/t0_rootFiles/beam28806_new202602/wvf_applyCut_removeBeam/wvfFind_event6447_trackID17_opNum7.root
[COPY] event=6464, trackID=10, T0=-1.69407 -> /Volumes/ssd_zhang/thesis_michel/server_processing/t0_rootFiles/beam28806_new202602/wvf_applyCut_removeBeam/wvfFind_event6464_trackID10_opNum5.root
[COPY] event=6464, trackID=10, T0=-1.69407 -> /Volumes/ssd_zhang/thesis_michel/server_processing/t0_rootFiles/beam28806_new202602/wvf_applyCut_removeBeam/wvfFind_event6464_trackID10_opNum5_2.root
[COPY] event=6471, trackID=10, T0=0.333541 -> /Volumes/ssd_zhang/thesis_michel/server_processing/t0_rootFiles/beam28806_new202602/wvf_applyCut_removeBeam/wvfFind_event6471_trackID10_opNum9.root
[SKIP] (in range) event=6482, trackID=13, T0=-0.0761941
[COPY] event=6484, trackID=6, T0=-0.697125 -> /Volumes/ssd_zhang/thesis_michel/server_processing/t0_rootFiles/beam28806_new202602/wvf_applyCut_removeBeam/wvfFind_event6484_trackID6_opNum4.root
[COPY] event=6487, trackID=10, T0=-1.93268 -> /Volumes/ssd_zhang/thesis_michel/server_processing/t0_rootFiles/beam28806_new202602/wvf_applyCut_removeBeam/wvfFind_event6487_trackID10_opNum3.root
[COPY] event=6497, trackID=5, T0=-0.729907 -> /Volumes/ssd_zhang/thesis_michel/server_processing/t0_rootFiles/beam28806_new202602/wvf_applyCut_removeBeam/wvfFind_event6497_trackID5_opNum3.root
[COPY] event=64, trackID=6, T0=-2.07182 -> /Volumes/ssd_zhang/thesis_michel/server_processing/t0_rootFiles/beam28806_new202602/wvf_applyCut_removeBeam/wvfFind_event64_trackID6_opNum7.root
[COPY] event=6500, trackID=5, T0=-1.74759 -> /Volumes/ssd_zhang/thesis_michel/server_processing/t0_rootFiles/beam28806_new202602/wvf_applyCut_removeBeam/wvfFind_event6500_trackID5_opNum4.root
[COPY] event=651, trackID=17, T0=-1.62613 -> /Volumes/ssd_zhang/thesis_michel/server_processing/t0_rootFiles/beam28806_new202602/wvf_applyCut_removeBeam/wvfFind_event651_trackID17_opNum6.root
[SKIP] (in range) event=6539, trackID=1, T0=-0.0501117
[COPY] event=6541, trackID=5, T0=-1.20658 -> /Volumes/ssd_zhang/thesis_michel/server_processing/t0_rootFiles/beam28806_new202602/wvf_applyCut_removeBeam/wvfFind_event6541_trackID5_opNum5.root
[COPY] event=6542, trackID=17, T0=-2.29205 -> /Volumes/ssd_zhang/thesis_michel/server_processing/t0_rootFiles/beam28806_new202602/wvf_applyCut_removeBeam/wvfFind_event6542_trackID17_opNum9.root
[COPY] event=6542, trackID=17, T0=-2.29205 -> /Volumes/ssd_zhang/thesis_michel/server_processing/t0_rootFiles/beam28806_new202602/wvf_applyCut_removeBeam/wvfFind_event6542_trackID17_opNum9_2.root
[COPY] event=6544, trackID=1, T0=-0.263036 -> /Volumes/ssd_zhang/thesis_michel/server_processing/t0_rootFiles/beam28806_new202602/wvf_applyCut_removeBeam/wvfFind_event6544_trackID1_opNum9.root
[COPY] event=6545, trackID=11, T0=-1.10952 -> /Volumes/ssd_zhang/thesis_michel/server_processing/t0_rootFiles/beam28806_new202602/wvf_applyCut_removeBeam/wvfFind_event6545_trackID11_opNum5.root
[COPY] event=6545, trackID=15, T0=0.368463 -> /Volumes/ssd_zhang/thesis_michel/server_processing/t0_rootFiles/beam28806_new202602/wvf_applyCut_removeBeam/wvfFind_event6545_trackID15_opNum9.root
[COPY] event=6564, trackID=22, T0=-1.98353 -> /Volumes/ssd_zhang/thesis_michel/server_processing/t0_rootFiles/beam28806_new202602/wvf_applyCut_removeBeam/wvfFind_event6564_trackID22_opNum6_merged.root
[COPY] event=6572, trackID=10, T0=-1.91392 -> /Volumes/ssd_zhang/thesis_michel/server_processing/t0_rootFiles/beam28806_new202602/wvf_applyCut_removeBeam/wvfFind_event6572_trackID10_opNum9.root
[COPY] event=6589, trackID=2, T0=-1.90136 -> /Volumes/ssd_zhang/thesis_michel/server_processing/t0_rootFiles/beam28806_new202602/wvf_applyCut_removeBeam/wvfFind_event6589_trackID2_opNum8.root
[COPY] event=6599, trackID=9, T0=-0.665839 -> /Volumes/ssd_zhang/thesis_michel/server_processing/t0_rootFiles/beam28806_new202602/wvf_applyCut_removeBeam/wvfFind_event6599_trackID9_opNum7.root
[COPY] event=6615, trackID=0, T0=0.408519 -> /Volumes/ssd_zhang/thesis_michel/server_processing/t0_rootFiles/beam28806_new202602/wvf_applyCut_removeBeam/wvfFind_event6615_trackID0_opNum4.root
[COPY] event=6615, trackID=0, T0=0.408519 -> /Volumes/ssd_zhang/thesis_michel/server_processing/t0_rootFiles/beam28806_new202602/wvf_applyCut_removeBeam/wvfFind_event6615_trackID0_opNum4_2.root
[COPY] event=6632, trackID=13, T0=-0.141152 -> /Volumes/ssd_zhang/thesis_michel/server_processing/t0_rootFiles/beam28806_new202602/wvf_applyCut_removeBeam/wvfFind_event6632_trackID13_opNum5.root
[COPY] event=6632, trackID=5, T0=-0.683255 -> /Volumes/ssd_zhang/thesis_michel/server_processing/t0_rootFiles/beam28806_new202602/wvf_applyCut_removeBeam/wvfFind_event6632_trackID5_opNum5.root
[COPY] event=6632, trackID=5, T0=-0.683255 -> /Volumes/ssd_zhang/thesis_michel/server_processing/t0_rootFiles/beam28806_new202602/wvf_applyCut_removeBeam/wvfFind_event6632_trackID5_opNum5_2.root
[COPY] event=6636, trackID=4, T0=-0.642126 -> /Volumes/ssd_zhang/thesis_michel/server_processing/t0_rootFiles/beam28806_new202602/wvf_applyCut_removeBeam/wvfFind_event6636_trackID4_opNum3_merged.root
[COPY] event=6638, trackID=29, T0=-1.89114 -> /Volumes/ssd_zhang/thesis_michel/server_processing/t0_rootFiles/beam28806_new202602/wvf_applyCut_removeBeam/wvfFind_event6638_trackID29_opNum9.root
[COPY] event=6651, trackID=2, T0=-1.51266 -> /Volumes/ssd_zhang/thesis_michel/server_processing/t0_rootFiles/beam28806_new202602/wvf_applyCut_removeBeam/wvfFind_event6651_trackID2_opNum9.root
[COPY] event=6651, trackID=2, T0=-1.51266 -> /Volumes/ssd_zhang/thesis_michel/server_processing/t0_rootFiles/beam28806_new202602/wvf_applyCut_removeBeam/wvfFind_event6651_trackID2_opNum9_2.root
[COPY] event=6657, trackID=5, T0=0.111021 -> /Volumes/ssd_zhang/thesis_michel/server_processing/t0_rootFiles/beam28806_new202602/wvf_applyCut_removeBeam/wvfFind_event6657_trackID5_opNum7_merged.root
[COPY] event=6677, trackID=10, T0=-1.85672 -> /Volumes/ssd_zhang/thesis_michel/server_processing/t0_rootFiles/beam28806_new202602/wvf_applyCut_removeBeam/wvfFind_event6677_trackID10_opNum4.root
[COPY] event=667, trackID=0, T0=-0.396561 -> /Volumes/ssd_zhang/thesis_michel/server_processing/t0_rootFiles/beam28806_new202602/wvf_applyCut_removeBeam/wvfFind_event667_trackID0_opNum5.root
[COPY] event=6686, trackID=9, T0=-2.29378 -> /Volumes/ssd_zhang/thesis_michel/server_processing/t0_rootFiles/beam28806_new202602/wvf_applyCut_removeBeam/wvfFind_event6686_trackID9_opNum5.root
[COPY] event=6699, trackID=6, T0=0.273063 -> /Volumes/ssd_zhang/thesis_michel/server_processing/t0_rootFiles/beam28806_new202602/wvf_applyCut_removeBeam/wvfFind_event6699_trackID6_opNum9_merged.root
[COPY] event=669, trackID=6, T0=-1.29477 -> /Volumes/ssd_zhang/thesis_michel/server_processing/t0_rootFiles/beam28806_new202602/wvf_applyCut_removeBeam/wvfFind_event669_trackID6_opNum3.root
[COPY] event=6714, trackID=12, T0=0.227169 -> /Volumes/ssd_zhang/thesis_michel/server_processing/t0_rootFiles/beam28806_new202602/wvf_applyCut_removeBeam/wvfFind_event6714_trackID12_opNum9.root
[COPY] event=6718, trackID=12, T0=-2.13214 -> /Volumes/ssd_zhang/thesis_michel/server_processing/t0_rootFiles/beam28806_new202602/wvf_applyCut_removeBeam/wvfFind_event6718_trackID12_opNum8.root
[COPY] event=6738, trackID=0, T0=-0.96521 -> /Volumes/ssd_zhang/thesis_michel/server_processing/t0_rootFiles/beam28806_new202602/wvf_applyCut_removeBeam/wvfFind_event6738_trackID0_opNum8.root
[COPY] event=6767, trackID=6, T0=-1.52316 -> /Volumes/ssd_zhang/thesis_michel/server_processing/t0_rootFiles/beam28806_new202602/wvf_applyCut_removeBeam/wvfFind_event6767_trackID6_opNum3.root
[COPY] event=6769, trackID=23, T0=-1.48704 -> /Volumes/ssd_zhang/thesis_michel/server_processing/t0_rootFiles/beam28806_new202602/wvf_applyCut_removeBeam/wvfFind_event6769_trackID23_opNum5.root
[SKIP] (in range) event=6774, trackID=3, T0=-0.0999097
[COPY] event=6784, trackID=8, T0=-1.00536 -> /Volumes/ssd_zhang/thesis_michel/server_processing/t0_rootFiles/beam28806_new202602/wvf_applyCut_removeBeam/wvfFind_event6784_trackID8_opNum4.root
[COPY] event=6784, trackID=8, T0=-1.00536 -> /Volumes/ssd_zhang/thesis_michel/server_processing/t0_rootFiles/beam28806_new202602/wvf_applyCut_removeBeam/wvfFind_event6784_trackID8_opNum4_2.root
[COPY] event=6784, trackID=8, T0=-1.00536 -> /Volumes/ssd_zhang/thesis_michel/server_processing/t0_rootFiles/beam28806_new202602/wvf_applyCut_removeBeam/wvfFind_event6784_trackID8_opNum4_3.root
[COPY] event=6799, trackID=4, T0=-0.125254 -> /Volumes/ssd_zhang/thesis_michel/server_processing/t0_rootFiles/beam28806_new202602/wvf_applyCut_removeBeam/wvfFind_event6799_trackID4_opNum5.root
[COPY] event=6799, trackID=6, T0=-0.921304 -> /Volumes/ssd_zhang/thesis_michel/server_processing/t0_rootFiles/beam28806_new202602/wvf_applyCut_removeBeam/wvfFind_event6799_trackID6_opNum5.root
[COPY] event=6800, trackID=24, T0=-2.45551 -> /Volumes/ssd_zhang/thesis_michel/server_processing/t0_rootFiles/beam28806_new202602/wvf_applyCut_removeBeam/wvfFind_event6800_trackID24_opNum9.root
[COPY] event=6800, trackID=24, T0=-2.45551 -> /Volumes/ssd_zhang/thesis_michel/server_processing/t0_rootFiles/beam28806_new202602/wvf_applyCut_removeBeam/wvfFind_event6800_trackID24_opNum9_2.root
[COPY] event=6810, trackID=8, T0=-1.63718 -> /Volumes/ssd_zhang/thesis_michel/server_processing/t0_rootFiles/beam28806_new202602/wvf_applyCut_removeBeam/wvfFind_event6810_trackID8_opNum3_merged.root
[COPY] event=6821, trackID=14, T0=-2.19298 -> /Volumes/ssd_zhang/thesis_michel/server_processing/t0_rootFiles/beam28806_new202602/wvf_applyCut_removeBeam/wvfFind_event6821_trackID14_opNum5_merged.root
[COPY] event=6821, trackID=17, T0=-0.403535 -> /Volumes/ssd_zhang/thesis_michel/server_processing/t0_rootFiles/beam28806_new202602/wvf_applyCut_removeBeam/wvfFind_event6821_trackID17_opNum7_merged.root
[COPY] event=6827, trackID=3, T0=-0.764567 -> /Volumes/ssd_zhang/thesis_michel/server_processing/t0_rootFiles/beam28806_new202602/wvf_applyCut_removeBeam/wvfFind_event6827_trackID3_opNum6.root
[COPY] event=6845, trackID=11, T0=-0.805264 -> /Volumes/ssd_zhang/thesis_michel/server_processing/t0_rootFiles/beam28806_new202602/wvf_applyCut_removeBeam/wvfFind_event6845_trackID11_opNum3.root
[COPY] event=6849, trackID=9, T0=-0.90306 -> /Volumes/ssd_zhang/thesis_michel/server_processing/t0_rootFiles/beam28806_new202602/wvf_applyCut_removeBeam/wvfFind_event6849_trackID9_opNum9.root
[COPY] event=6867, trackID=10, T0=-1.5444 -> /Volumes/ssd_zhang/thesis_michel/server_processing/t0_rootFiles/beam28806_new202602/wvf_applyCut_removeBeam/wvfFind_event6867_trackID10_opNum8.root
[COPY] event=6871, trackID=0, T0=-0.198564 -> /Volumes/ssd_zhang/thesis_michel/server_processing/t0_rootFiles/beam28806_new202602/wvf_applyCut_removeBeam/wvfFind_event6871_trackID0_opNum9.root
[COPY] event=6881, trackID=12, T0=-2.05715 -> /Volumes/ssd_zhang/thesis_michel/server_processing/t0_rootFiles/beam28806_new202602/wvf_applyCut_removeBeam/wvfFind_event6881_trackID12_opNum3.root
[COPY] event=6881, trackID=12, T0=-2.05715 -> /Volumes/ssd_zhang/thesis_michel/server_processing/t0_rootFiles/beam28806_new202602/wvf_applyCut_removeBeam/wvfFind_event6881_trackID12_opNum3_2.root
[COPY] event=6894, trackID=0, T0=0.0716329 -> /Volumes/ssd_zhang/thesis_michel/server_processing/t0_rootFiles/beam28806_new202602/wvf_applyCut_removeBeam/wvfFind_event6894_trackID0_opNum5.root
[COPY] event=6898, trackID=8, T0=-0.387421 -> /Volumes/ssd_zhang/thesis_michel/server_processing/t0_rootFiles/beam28806_new202602/wvf_applyCut_removeBeam/wvfFind_event6898_trackID8_opNum9.root
[COPY] event=6904, trackID=4, T0=-1.14794 -> /Volumes/ssd_zhang/thesis_michel/server_processing/t0_rootFiles/beam28806_new202602/wvf_applyCut_removeBeam/wvfFind_event6904_trackID4_opNum9.root
[COPY] event=6921, trackID=0, T0=0.367774 -> /Volumes/ssd_zhang/thesis_michel/server_processing/t0_rootFiles/beam28806_new202602/wvf_applyCut_removeBeam/wvfFind_event6921_trackID0_opNum4.root
[COPY] event=6921, trackID=0, T0=0.367774 -> /Volumes/ssd_zhang/thesis_michel/server_processing/t0_rootFiles/beam28806_new202602/wvf_applyCut_removeBeam/wvfFind_event6921_trackID0_opNum4_2.root
[COPY] event=6931, trackID=8, T0=0.17685 -> /Volumes/ssd_zhang/thesis_michel/server_processing/t0_rootFiles/beam28806_new202602/wvf_applyCut_removeBeam/wvfFind_event6931_trackID8_opNum8.root
[COPY] event=6942, trackID=8, T0=-1.75969 -> /Volumes/ssd_zhang/thesis_michel/server_processing/t0_rootFiles/beam28806_new202602/wvf_applyCut_removeBeam/wvfFind_event6942_trackID8_opNum8.root
[COPY] event=6945, trackID=9, T0=-1.50051 -> /Volumes/ssd_zhang/thesis_michel/server_processing/t0_rootFiles/beam28806_new202602/wvf_applyCut_removeBeam/wvfFind_event6945_trackID9_opNum9.root
[COPY] event=6969, trackID=5, T0=-0.408618 -> /Volumes/ssd_zhang/thesis_michel/server_processing/t0_rootFiles/beam28806_new202602/wvf_applyCut_removeBeam/wvfFind_event6969_trackID5_opNum8.root
[COPY] event=6978, trackID=2, T0=-1.35589 -> /Volumes/ssd_zhang/thesis_michel/server_processing/t0_rootFiles/beam28806_new202602/wvf_applyCut_removeBeam/wvfFind_event6978_trackID2_opNum8.root
[COPY] event=6980, trackID=5, T0=-1.11767 -> /Volumes/ssd_zhang/thesis_michel/server_processing/t0_rootFiles/beam28806_new202602/wvf_applyCut_removeBeam/wvfFind_event6980_trackID5_opNum9.root
[COPY] event=6996, trackID=7, T0=-0.335015 -> /Volumes/ssd_zhang/thesis_michel/server_processing/t0_rootFiles/beam28806_new202602/wvf_applyCut_removeBeam/wvfFind_event6996_trackID7_opNum5.root
[COPY] event=7001, trackID=10, T0=-0.869005 -> /Volumes/ssd_zhang/thesis_michel/server_processing/t0_rootFiles/beam28806_new202602/wvf_applyCut_removeBeam/wvfFind_event7001_trackID10_opNum9.root
[COPY] event=7008, trackID=10, T0=0.111873 -> /Volumes/ssd_zhang/thesis_michel/server_processing/t0_rootFiles/beam28806_new202602/wvf_applyCut_removeBeam/wvfFind_event7008_trackID10_opNum6.root
[COPY] event=7023, trackID=13, T0=-2.09129 -> /Volumes/ssd_zhang/thesis_michel/server_processing/t0_rootFiles/beam28806_new202602/wvf_applyCut_removeBeam/wvfFind_event7023_trackID13_opNum7.root
[COPY] event=7027, trackID=1, T0=-0.376185 -> /Volumes/ssd_zhang/thesis_michel/server_processing/t0_rootFiles/beam28806_new202602/wvf_applyCut_removeBeam/wvfFind_event7027_trackID1_opNum8.root
[COPY] event=7049, trackID=14, T0=-1.84058 -> /Volumes/ssd_zhang/thesis_michel/server_processing/t0_rootFiles/beam28806_new202602/wvf_applyCut_removeBeam/wvfFind_event7049_trackID14_opNum3.root
[COPY] event=7050, trackID=4, T0=0.201226 -> /Volumes/ssd_zhang/thesis_michel/server_processing/t0_rootFiles/beam28806_new202602/wvf_applyCut_removeBeam/wvfFind_event7050_trackID4_opNum5.root
[COPY] event=7050, trackID=4, T0=0.201226 -> /Volumes/ssd_zhang/thesis_michel/server_processing/t0_rootFiles/beam28806_new202602/wvf_applyCut_removeBeam/wvfFind_event7050_trackID4_opNum5_2.root
[COPY] event=705, trackID=23, T0=-2.18395 -> /Volumes/ssd_zhang/thesis_michel/server_processing/t0_rootFiles/beam28806_new202602/wvf_applyCut_removeBeam/wvfFind_event705_trackID23_opNum3.root
[COPY] event=705, trackID=23, T0=-2.18395 -> /Volumes/ssd_zhang/thesis_michel/server_processing/t0_rootFiles/beam28806_new202602/wvf_applyCut_removeBeam/wvfFind_event705_trackID23_opNum3_2.root
[COPY] event=7069, trackID=10, T0=-2.33063 -> /Volumes/ssd_zhang/thesis_michel/server_processing/t0_rootFiles/beam28806_new202602/wvf_applyCut_removeBeam/wvfFind_event7069_trackID10_opNum3.root
[COPY] event=7088, trackID=3, T0=0.058231 -> /Volumes/ssd_zhang/thesis_michel/server_processing/t0_rootFiles/beam28806_new202602/wvf_applyCut_removeBeam/wvfFind_event7088_trackID3_opNum4.root
[COPY] event=7088, trackID=3, T0=0.058231 -> /Volumes/ssd_zhang/thesis_michel/server_processing/t0_rootFiles/beam28806_new202602/wvf_applyCut_removeBeam/wvfFind_event7088_trackID3_opNum4_2.root
[COPY] event=7102, trackID=8, T0=-0.0150971 -> /Volumes/ssd_zhang/thesis_michel/server_processing/t0_rootFiles/beam28806_new202602/wvf_applyCut_removeBeam/wvfFind_event7102_trackID8_opNum3_merged.root
[COPY] event=7129, trackID=0, T0=0.213254 -> /Volumes/ssd_zhang/thesis_michel/server_processing/t0_rootFiles/beam28806_new202602/wvf_applyCut_removeBeam/wvfFind_event7129_trackID0_opNum3.root
[COPY] event=712, trackID=10, T0=-0.465491 -> /Volumes/ssd_zhang/thesis_michel/server_processing/t0_rootFiles/beam28806_new202602/wvf_applyCut_removeBeam/wvfFind_event712_trackID10_opNum5.root
[COPY] event=7130, trackID=20, T0=-1.40449 -> /Volumes/ssd_zhang/thesis_michel/server_processing/t0_rootFiles/beam28806_new202602/wvf_applyCut_removeBeam/wvfFind_event7130_trackID20_opNum5.root
[COPY] event=7130, trackID=22, T0=-2.43235 -> /Volumes/ssd_zhang/thesis_michel/server_processing/t0_rootFiles/beam28806_new202602/wvf_applyCut_removeBeam/wvfFind_event7130_trackID22_opNum5.root
[COPY] event=7135, trackID=28, T0=-2.40237 -> /Volumes/ssd_zhang/thesis_michel/server_processing/t0_rootFiles/beam28806_new202602/wvf_applyCut_removeBeam/wvfFind_event7135_trackID28_opNum3.root
[COPY] event=7141, trackID=13, T0=-2.07854 -> /Volumes/ssd_zhang/thesis_michel/server_processing/t0_rootFiles/beam28806_new202602/wvf_applyCut_removeBeam/wvfFind_event7141_trackID13_opNum3.root
[COPY] event=7152, trackID=22, T0=-2.25969 -> /Volumes/ssd_zhang/thesis_michel/server_processing/t0_rootFiles/beam28806_new202602/wvf_applyCut_removeBeam/wvfFind_event7152_trackID22_opNum3_merged.root
[COPY] event=7157, trackID=10, T0=0.41418 -> /Volumes/ssd_zhang/thesis_michel/server_processing/t0_rootFiles/beam28806_new202602/wvf_applyCut_removeBeam/wvfFind_event7157_trackID10_opNum9_merged.root
[COPY] event=7157, trackID=8, T0=-1.0349 -> /Volumes/ssd_zhang/thesis_michel/server_processing/t0_rootFiles/beam28806_new202602/wvf_applyCut_removeBeam/wvfFind_event7157_trackID8_opNum5.root
[COPY] event=7174, trackID=20, T0=-2.02158 -> /Volumes/ssd_zhang/thesis_michel/server_processing/t0_rootFiles/beam28806_new202602/wvf_applyCut_removeBeam/wvfFind_event7174_trackID20_opNum4.root
[COPY] event=7224, trackID=14, T0=-1.00881 -> /Volumes/ssd_zhang/thesis_michel/server_processing/t0_rootFiles/beam28806_new202602/wvf_applyCut_removeBeam/wvfFind_event7224_trackID14_opNum9.root
[COPY] event=7224, trackID=14, T0=-1.00881 -> /Volumes/ssd_zhang/thesis_michel/server_processing/t0_rootFiles/beam28806_new202602/wvf_applyCut_removeBeam/wvfFind_event7224_trackID14_opNum9_2.root
[COPY] event=7227, trackID=19, T0=-1.76345 -> /Volumes/ssd_zhang/thesis_michel/server_processing/t0_rootFiles/beam28806_new202602/wvf_applyCut_removeBeam/wvfFind_event7227_trackID19_opNum8.root
[COPY] event=7250, trackID=10, T0=0.202178 -> /Volumes/ssd_zhang/thesis_michel/server_processing/t0_rootFiles/beam28806_new202602/wvf_applyCut_removeBeam/wvfFind_event7250_trackID10_opNum4.root
[COPY] event=7263, trackID=9, T0=-2.00326 -> /Volumes/ssd_zhang/thesis_michel/server_processing/t0_rootFiles/beam28806_new202602/wvf_applyCut_removeBeam/wvfFind_event7263_trackID9_opNum6.root
[COPY] event=7270, trackID=5, T0=-0.265769 -> /Volumes/ssd_zhang/thesis_michel/server_processing/t0_rootFiles/beam28806_new202602/wvf_applyCut_removeBeam/wvfFind_event7270_trackID5_opNum3.root
[COPY] event=728, trackID=10, T0=0.10453 -> /Volumes/ssd_zhang/thesis_michel/server_processing/t0_rootFiles/beam28806_new202602/wvf_applyCut_removeBeam/wvfFind_event728_trackID10_opNum3.root
[COPY] event=728, trackID=10, T0=0.10453 -> /Volumes/ssd_zhang/thesis_michel/server_processing/t0_rootFiles/beam28806_new202602/wvf_applyCut_removeBeam/wvfFind_event728_trackID10_opNum3_2.root
[COPY] event=7299, trackID=2, T0=-1.293 -> /Volumes/ssd_zhang/thesis_michel/server_processing/t0_rootFiles/beam28806_new202602/wvf_applyCut_removeBeam/wvfFind_event7299_trackID2_opNum3.root
[COPY] event=7299, trackID=2, T0=-1.293 -> /Volumes/ssd_zhang/thesis_michel/server_processing/t0_rootFiles/beam28806_new202602/wvf_applyCut_removeBeam/wvfFind_event7299_trackID2_opNum3_2.root
[SKIP] (in range) event=7356, trackID=2, T0=-0.0385428
[SKIP] (in range) event=7356, trackID=2, T0=-0.0385428
[COPY] event=7383, trackID=12, T0=-0.43517 -> /Volumes/ssd_zhang/thesis_michel/server_processing/t0_rootFiles/beam28806_new202602/wvf_applyCut_removeBeam/wvfFind_event7383_trackID12_opNum9_merged.root
[SKIP] (in range) event=7401, trackID=13, T0=-0.0679109
[COPY] event=7405, trackID=0, T0=-0.215909 -> /Volumes/ssd_zhang/thesis_michel/server_processing/t0_rootFiles/beam28806_new202602/wvf_applyCut_removeBeam/wvfFind_event7405_trackID0_opNum5.root
[COPY] event=7415, trackID=3, T0=0.175689 -> /Volumes/ssd_zhang/thesis_michel/server_processing/t0_rootFiles/beam28806_new202602/wvf_applyCut_removeBeam/wvfFind_event7415_trackID3_opNum5.root
[COPY] event=7415, trackID=3, T0=0.175689 -> /Volumes/ssd_zhang/thesis_michel/server_processing/t0_rootFiles/beam28806_new202602/wvf_applyCut_removeBeam/wvfFind_event7415_trackID3_opNum5_2.root
[COPY] event=7442, trackID=7, T0=0.0937516 -> /Volumes/ssd_zhang/thesis_michel/server_processing/t0_rootFiles/beam28806_new202602/wvf_applyCut_removeBeam/wvfFind_event7442_trackID7_opNum4.root
[COPY] event=7442, trackID=7, T0=0.0937516 -> /Volumes/ssd_zhang/thesis_michel/server_processing/t0_rootFiles/beam28806_new202602/wvf_applyCut_removeBeam/wvfFind_event7442_trackID7_opNum4_2.root
[COPY] event=7443, trackID=14, T0=-1.9001 -> /Volumes/ssd_zhang/thesis_michel/server_processing/t0_rootFiles/beam28806_new202602/wvf_applyCut_removeBeam/wvfFind_event7443_trackID14_opNum6.root
[COPY] event=7443, trackID=1, T0=-0.166503 -> /Volumes/ssd_zhang/thesis_michel/server_processing/t0_rootFiles/beam28806_new202602/wvf_applyCut_removeBeam/wvfFind_event7443_trackID1_opNum9_merged.root
[COPY] event=744, trackID=4, T0=0.0477647 -> /Volumes/ssd_zhang/thesis_michel/server_processing/t0_rootFiles/beam28806_new202602/wvf_applyCut_removeBeam/wvfFind_event744_trackID4_opNum5.root
[COPY] event=744, trackID=4, T0=0.0477647 -> /Volumes/ssd_zhang/thesis_michel/server_processing/t0_rootFiles/beam28806_new202602/wvf_applyCut_removeBeam/wvfFind_event744_trackID4_opNum5_2.root
[COPY] event=7450, trackID=7, T0=0.0484499 -> /Volumes/ssd_zhang/thesis_michel/server_processing/t0_rootFiles/beam28806_new202602/wvf_applyCut_removeBeam/wvfFind_event7450_trackID7_opNum5.root
[COPY] event=7458, trackID=16, T0=-1.13281 -> /Volumes/ssd_zhang/thesis_michel/server_processing/t0_rootFiles/beam28806_new202602/wvf_applyCut_removeBeam/wvfFind_event7458_trackID16_opNum6_merged.root
[COPY] event=7458, trackID=1, T0=-0.675933 -> /Volumes/ssd_zhang/thesis_michel/server_processing/t0_rootFiles/beam28806_new202602/wvf_applyCut_removeBeam/wvfFind_event7458_trackID1_opNum9.root
[COPY] event=7458, trackID=1, T0=-0.675933 -> /Volumes/ssd_zhang/thesis_michel/server_processing/t0_rootFiles/beam28806_new202602/wvf_applyCut_removeBeam/wvfFind_event7458_trackID1_opNum9_2.root
[COPY] event=7461, trackID=5, T0=-1.15203 -> /Volumes/ssd_zhang/thesis_michel/server_processing/t0_rootFiles/beam28806_new202602/wvf_applyCut_removeBeam/wvfFind_event7461_trackID5_opNum8.root
[COPY] event=7467, trackID=22, T0=-1.1097 -> /Volumes/ssd_zhang/thesis_michel/server_processing/t0_rootFiles/beam28806_new202602/wvf_applyCut_removeBeam/wvfFind_event7467_trackID22_opNum7_merged.root
[COPY] event=7474, trackID=14, T0=-2.0823 -> /Volumes/ssd_zhang/thesis_michel/server_processing/t0_rootFiles/beam28806_new202602/wvf_applyCut_removeBeam/wvfFind_event7474_trackID14_opNum9.root
[COPY] event=7474, trackID=14, T0=-2.0823 -> /Volumes/ssd_zhang/thesis_michel/server_processing/t0_rootFiles/beam28806_new202602/wvf_applyCut_removeBeam/wvfFind_event7474_trackID14_opNum9_2.root
[COPY] event=7508, trackID=21, T0=-2.2957 -> /Volumes/ssd_zhang/thesis_michel/server_processing/t0_rootFiles/beam28806_new202602/wvf_applyCut_removeBeam/wvfFind_event7508_trackID21_opNum9.root
[COPY] event=7508, trackID=21, T0=-2.2957 -> /Volumes/ssd_zhang/thesis_michel/server_processing/t0_rootFiles/beam28806_new202602/wvf_applyCut_removeBeam/wvfFind_event7508_trackID21_opNum9_2.root
[COPY] event=7523, trackID=15, T0=-2.15279 -> /Volumes/ssd_zhang/thesis_michel/server_processing/t0_rootFiles/beam28806_new202602/wvf_applyCut_removeBeam/wvfFind_event7523_trackID15_opNum7_merged.root
[COPY] event=7557, trackID=35, T0=-1.68788 -> /Volumes/ssd_zhang/thesis_michel/server_processing/t0_rootFiles/beam28806_new202602/wvf_applyCut_removeBeam/wvfFind_event7557_trackID35_opNum6.root
[COPY] event=7558, trackID=5, T0=-1.52519 -> /Volumes/ssd_zhang/thesis_michel/server_processing/t0_rootFiles/beam28806_new202602/wvf_applyCut_removeBeam/wvfFind_event7558_trackID5_opNum6.root
[COPY] event=7558, trackID=5, T0=-1.52519 -> /Volumes/ssd_zhang/thesis_michel/server_processing/t0_rootFiles/beam28806_new202602/wvf_applyCut_removeBeam/wvfFind_event7558_trackID5_opNum6_2.root
[COPY] event=7566, trackID=19, T0=-2.28144 -> /Volumes/ssd_zhang/thesis_michel/server_processing/t0_rootFiles/beam28806_new202602/wvf_applyCut_removeBeam/wvfFind_event7566_trackID19_opNum7.root
[COPY] event=7566, trackID=5, T0=-1.55657 -> /Volumes/ssd_zhang/thesis_michel/server_processing/t0_rootFiles/beam28806_new202602/wvf_applyCut_removeBeam/wvfFind_event7566_trackID5_opNum5.root
[COPY] event=7566, trackID=5, T0=-1.55657 -> /Volumes/ssd_zhang/thesis_michel/server_processing/t0_rootFiles/beam28806_new202602/wvf_applyCut_removeBeam/wvfFind_event7566_trackID5_opNum5_2.root
[COPY] event=7566, trackID=8, T0=-1.98916 -> /Volumes/ssd_zhang/thesis_michel/server_processing/t0_rootFiles/beam28806_new202602/wvf_applyCut_removeBeam/wvfFind_event7566_trackID8_opNum6.root
[COPY] event=7573, trackID=9, T0=-0.772358 -> /Volumes/ssd_zhang/thesis_michel/server_processing/t0_rootFiles/beam28806_new202602/wvf_applyCut_removeBeam/wvfFind_event7573_trackID9_opNum5.root
[SKIP] (in range) event=758, trackID=12, T0=-0.0330734
[COPY] event=7593, trackID=12, T0=-2.17672 -> /Volumes/ssd_zhang/thesis_michel/server_processing/t0_rootFiles/beam28806_new202602/wvf_applyCut_removeBeam/wvfFind_event7593_trackID12_opNum3.root
[COPY] event=7614, trackID=1, T0=-0.809082 -> /Volumes/ssd_zhang/thesis_michel/server_processing/t0_rootFiles/beam28806_new202602/wvf_applyCut_removeBeam/wvfFind_event7614_trackID1_opNum5.root
[COPY] event=7614, trackID=1, T0=-0.809082 -> /Volumes/ssd_zhang/thesis_michel/server_processing/t0_rootFiles/beam28806_new202602/wvf_applyCut_removeBeam/wvfFind_event7614_trackID1_opNum5_2.root
[COPY] event=7625, trackID=13, T0=-2.35237 -> /Volumes/ssd_zhang/thesis_michel/server_processing/t0_rootFiles/beam28806_new202602/wvf_applyCut_removeBeam/wvfFind_event7625_trackID13_opNum3.root
[COPY] event=7648, trackID=5, T0=-1.22238 -> /Volumes/ssd_zhang/thesis_michel/server_processing/t0_rootFiles/beam28806_new202602/wvf_applyCut_removeBeam/wvfFind_event7648_trackID5_opNum8_merged.root
[COPY] event=7665, trackID=8, T0=-0.203896 -> /Volumes/ssd_zhang/thesis_michel/server_processing/t0_rootFiles/beam28806_new202602/wvf_applyCut_removeBeam/wvfFind_event7665_trackID8_opNum9.root
[COPY] event=7666, trackID=12, T0=-2.28528 -> /Volumes/ssd_zhang/thesis_michel/server_processing/t0_rootFiles/beam28806_new202602/wvf_applyCut_removeBeam/wvfFind_event7666_trackID12_opNum6.root
[COPY] event=7666, trackID=12, T0=-2.28528 -> /Volumes/ssd_zhang/thesis_michel/server_processing/t0_rootFiles/beam28806_new202602/wvf_applyCut_removeBeam/wvfFind_event7666_trackID12_opNum6_2.root
[COPY] event=7671, trackID=1, T0=-0.446771 -> /Volumes/ssd_zhang/thesis_michel/server_processing/t0_rootFiles/beam28806_new202602/wvf_applyCut_removeBeam/wvfFind_event7671_trackID1_opNum9.root
[COPY] event=7672, trackID=2, T0=-1.43298 -> /Volumes/ssd_zhang/thesis_michel/server_processing/t0_rootFiles/beam28806_new202602/wvf_applyCut_removeBeam/wvfFind_event7672_trackID2_opNum5.root
[COPY] event=7672, trackID=2, T0=-1.43298 -> /Volumes/ssd_zhang/thesis_michel/server_processing/t0_rootFiles/beam28806_new202602/wvf_applyCut_removeBeam/wvfFind_event7672_trackID2_opNum5_2.root
[COPY] event=7688, trackID=25, T0=-2.21125 -> /Volumes/ssd_zhang/thesis_michel/server_processing/t0_rootFiles/beam28806_new202602/wvf_applyCut_removeBeam/wvfFind_event7688_trackID25_opNum8.root
[COPY] event=7688, trackID=25, T0=-2.21125 -> /Volumes/ssd_zhang/thesis_michel/server_processing/t0_rootFiles/beam28806_new202602/wvf_applyCut_removeBeam/wvfFind_event7688_trackID25_opNum8_2.root
[COPY] event=7699, trackID=0, T0=0.281476 -> /Volumes/ssd_zhang/thesis_michel/server_processing/t0_rootFiles/beam28806_new202602/wvf_applyCut_removeBeam/wvfFind_event7699_trackID0_opNum4.root
[COPY] event=7705, trackID=14, T0=-1.57864 -> /Volumes/ssd_zhang/thesis_michel/server_processing/t0_rootFiles/beam28806_new202602/wvf_applyCut_removeBeam/wvfFind_event7705_trackID14_opNum9.root
[COPY] event=7709, trackID=7, T0=-1.21415 -> /Volumes/ssd_zhang/thesis_michel/server_processing/t0_rootFiles/beam28806_new202602/wvf_applyCut_removeBeam/wvfFind_event7709_trackID7_opNum5.root
[COPY] event=7739, trackID=3, T0=-1.9199 -> /Volumes/ssd_zhang/thesis_michel/server_processing/t0_rootFiles/beam28806_new202602/wvf_applyCut_removeBeam/wvfFind_event7739_trackID3_opNum9.root
[COPY] event=7748, trackID=7, T0=-1.45616 -> /Volumes/ssd_zhang/thesis_michel/server_processing/t0_rootFiles/beam28806_new202602/wvf_applyCut_removeBeam/wvfFind_event7748_trackID7_opNum5.root
[COPY] event=7764, trackID=1, T0=-1.11761 -> /Volumes/ssd_zhang/thesis_michel/server_processing/t0_rootFiles/beam28806_new202602/wvf_applyCut_removeBeam/wvfFind_event7764_trackID1_opNum5.root
[COPY] event=776, trackID=18, T0=2.47049 -> /Volumes/ssd_zhang/thesis_michel/server_processing/t0_rootFiles/beam28806_new202602/wvf_applyCut_removeBeam/wvfFind_event776_trackID18_opNum9.root
[COPY] event=7772, trackID=9, T0=-1.25437 -> /Volumes/ssd_zhang/thesis_michel/server_processing/t0_rootFiles/beam28806_new202602/wvf_applyCut_removeBeam/wvfFind_event7772_trackID9_opNum9.root
[COPY] event=7775, trackID=10, T0=-1.54188 -> /Volumes/ssd_zhang/thesis_michel/server_processing/t0_rootFiles/beam28806_new202602/wvf_applyCut_removeBeam/wvfFind_event7775_trackID10_opNum7.root
[COPY] event=7827, trackID=17, T0=-2.07484 -> /Volumes/ssd_zhang/thesis_michel/server_processing/t0_rootFiles/beam28806_new202602/wvf_applyCut_removeBeam/wvfFind_event7827_trackID17_opNum6.root
[COPY] event=7827, trackID=17, T0=-2.07484 -> /Volumes/ssd_zhang/thesis_michel/server_processing/t0_rootFiles/beam28806_new202602/wvf_applyCut_removeBeam/wvfFind_event7827_trackID17_opNum6_2.root
[COPY] event=7849, trackID=23, T0=-0.851625 -> /Volumes/ssd_zhang/thesis_michel/server_processing/t0_rootFiles/beam28806_new202602/wvf_applyCut_removeBeam/wvfFind_event7849_trackID23_opNum9.root
[COPY] event=7863, trackID=6, T0=-1.2872 -> /Volumes/ssd_zhang/thesis_michel/server_processing/t0_rootFiles/beam28806_new202602/wvf_applyCut_removeBeam/wvfFind_event7863_trackID6_opNum5_merged.root
[SKIP] (in range) event=7874, trackID=13, T0=-0.0774004
[COPY] event=7875, trackID=12, T0=-2.31833 -> /Volumes/ssd_zhang/thesis_michel/server_processing/t0_rootFiles/beam28806_new202602/wvf_applyCut_removeBeam/wvfFind_event7875_trackID12_opNum5.root
[COPY] event=7875, trackID=12, T0=-2.31833 -> /Volumes/ssd_zhang/thesis_michel/server_processing/t0_rootFiles/beam28806_new202602/wvf_applyCut_removeBeam/wvfFind_event7875_trackID12_opNum5_2.root
[COPY] event=7884, trackID=15, T0=-2.1111 -> /Volumes/ssd_zhang/thesis_michel/server_processing/t0_rootFiles/beam28806_new202602/wvf_applyCut_removeBeam/wvfFind_event7884_trackID15_opNum5.root
[COPY] event=7887, trackID=10, T0=-0.261688 -> /Volumes/ssd_zhang/thesis_michel/server_processing/t0_rootFiles/beam28806_new202602/wvf_applyCut_removeBeam/wvfFind_event7887_trackID10_opNum5.root
[COPY] event=78, trackID=14, T0=-1.31215 -> /Volumes/ssd_zhang/thesis_michel/server_processing/t0_rootFiles/beam28806_new202602/wvf_applyCut_removeBeam/wvfFind_event78_trackID14_opNum4.root
[COPY] event=790, trackID=19, T0=0.30558 -> /Volumes/ssd_zhang/thesis_michel/server_processing/t0_rootFiles/beam28806_new202602/wvf_applyCut_removeBeam/wvfFind_event790_trackID19_opNum8.root
[COPY] event=790, trackID=25, T0=-2.29545 -> /Volumes/ssd_zhang/thesis_michel/server_processing/t0_rootFiles/beam28806_new202602/wvf_applyCut_removeBeam/wvfFind_event790_trackID25_opNum3.root
[COPY] event=7915, trackID=7, T0=-1.45247 -> /Volumes/ssd_zhang/thesis_michel/server_processing/t0_rootFiles/beam28806_new202602/wvf_applyCut_removeBeam/wvfFind_event7915_trackID7_opNum3.root
[COPY] event=7931, trackID=15, T0=0.35813 -> /Volumes/ssd_zhang/thesis_michel/server_processing/t0_rootFiles/beam28806_new202602/wvf_applyCut_removeBeam/wvfFind_event7931_trackID15_opNum5_merged.root
[COPY] event=7985, trackID=0, T0=-0.852058 -> /Volumes/ssd_zhang/thesis_michel/server_processing/t0_rootFiles/beam28806_new202602/wvf_applyCut_removeBeam/wvfFind_event7985_trackID0_opNum8.root
[COPY] event=8003, trackID=15, T0=-1.21809 -> /Volumes/ssd_zhang/thesis_michel/server_processing/t0_rootFiles/beam28806_new202602/wvf_applyCut_removeBeam/wvfFind_event8003_trackID15_opNum5.root
[COPY] event=8042, trackID=9, T0=-0.133821 -> /Volumes/ssd_zhang/thesis_michel/server_processing/t0_rootFiles/beam28806_new202602/wvf_applyCut_removeBeam/wvfFind_event8042_trackID9_opNum9.root
[COPY] event=8055, trackID=10, T0=-1.49062 -> /Volumes/ssd_zhang/thesis_michel/server_processing/t0_rootFiles/beam28806_new202602/wvf_applyCut_removeBeam/wvfFind_event8055_trackID10_opNum9.root
[COPY] event=8059, trackID=8, T0=0.41694 -> /Volumes/ssd_zhang/thesis_michel/server_processing/t0_rootFiles/beam28806_new202602/wvf_applyCut_removeBeam/wvfFind_event8059_trackID8_opNum7.root
[COPY] event=809, trackID=16, T0=0.388885 -> /Volumes/ssd_zhang/thesis_michel/server_processing/t0_rootFiles/beam28806_new202602/wvf_applyCut_removeBeam/wvfFind_event809_trackID16_opNum3.root
[COPY] event=809, trackID=16, T0=0.388885 -> /Volumes/ssd_zhang/thesis_michel/server_processing/t0_rootFiles/beam28806_new202602/wvf_applyCut_removeBeam/wvfFind_event809_trackID16_opNum3_2.root
[COPY] event=80, trackID=11, T0=-1.38489 -> /Volumes/ssd_zhang/thesis_michel/server_processing/t0_rootFiles/beam28806_new202602/wvf_applyCut_removeBeam/wvfFind_event80_trackID11_opNum4_2.root
[COPY] event=80, trackID=11, T0=-1.38489 -> /Volumes/ssd_zhang/thesis_michel/server_processing/t0_rootFiles/beam28806_new202602/wvf_applyCut_removeBeam/wvfFind_event80_trackID11_opNum4_3.root
[COPY] event=80, trackID=11, T0=-1.38489 -> /Volumes/ssd_zhang/thesis_michel/server_processing/t0_rootFiles/beam28806_new202602/wvf_applyCut_removeBeam/wvfFind_event80_trackID11_opNum5_merged.root
[COPY] event=810, trackID=1, T0=-0.536699 -> /Volumes/ssd_zhang/thesis_michel/server_processing/t0_rootFiles/beam28806_new202602/wvf_applyCut_removeBeam/wvfFind_event810_trackID1_opNum4.root
[COPY] event=810, trackID=5, T0=-1.32044 -> /Volumes/ssd_zhang/thesis_michel/server_processing/t0_rootFiles/beam28806_new202602/wvf_applyCut_removeBeam/wvfFind_event810_trackID5_opNum9.root
[COPY] event=8116, trackID=10, T0=-1.7531 -> /Volumes/ssd_zhang/thesis_michel/server_processing/t0_rootFiles/beam28806_new202602/wvf_applyCut_removeBeam/wvfFind_event8116_trackID10_opNum4.root
[COPY] event=8126, trackID=1, T0=-1.00632 -> /Volumes/ssd_zhang/thesis_michel/server_processing/t0_rootFiles/beam28806_new202602/wvf_applyCut_removeBeam/wvfFind_event8126_trackID1_opNum3.root
[COPY] event=8130, trackID=2, T0=-0.418565 -> /Volumes/ssd_zhang/thesis_michel/server_processing/t0_rootFiles/beam28806_new202602/wvf_applyCut_removeBeam/wvfFind_event8130_trackID2_opNum9.root
[COPY] event=8149, trackID=11, T0=-1.97332 -> /Volumes/ssd_zhang/thesis_michel/server_processing/t0_rootFiles/beam28806_new202602/wvf_applyCut_removeBeam/wvfFind_event8149_trackID11_opNum6.root
[COPY] event=8167, trackID=1, T0=-0.974443 -> /Volumes/ssd_zhang/thesis_michel/server_processing/t0_rootFiles/beam28806_new202602/wvf_applyCut_removeBeam/wvfFind_event8167_trackID1_opNum8.root
[COPY] event=8184, trackID=8, T0=-1.44688 -> /Volumes/ssd_zhang/thesis_michel/server_processing/t0_rootFiles/beam28806_new202602/wvf_applyCut_removeBeam/wvfFind_event8184_trackID8_opNum5_merged.root
[COPY] event=8185, trackID=12, T0=-1.92881 -> /Volumes/ssd_zhang/thesis_michel/server_processing/t0_rootFiles/beam28806_new202602/wvf_applyCut_removeBeam/wvfFind_event8185_trackID12_opNum5_merged.root
[COPY] event=8197, trackID=0, T0=-0.573681 -> /Volumes/ssd_zhang/thesis_michel/server_processing/t0_rootFiles/beam28806_new202602/wvf_applyCut_removeBeam/wvfFind_event8197_trackID0_opNum6.root
[COPY] event=8197, trackID=15, T0=-1.944 -> /Volumes/ssd_zhang/thesis_michel/server_processing/t0_rootFiles/beam28806_new202602/wvf_applyCut_removeBeam/wvfFind_event8197_trackID15_opNum9.root
[COPY] event=8206, trackID=15, T0=-1.7568 -> /Volumes/ssd_zhang/thesis_michel/server_processing/t0_rootFiles/beam28806_new202602/wvf_applyCut_removeBeam/wvfFind_event8206_trackID15_opNum8_merged.root
[COPY] event=8245, trackID=3, T0=-1.29187 -> /Volumes/ssd_zhang/thesis_michel/server_processing/t0_rootFiles/beam28806_new202602/wvf_applyCut_removeBeam/wvfFind_event8245_trackID3_opNum8.root
[COPY] event=8251, trackID=14, T0=-0.910794 -> /Volumes/ssd_zhang/thesis_michel/server_processing/t0_rootFiles/beam28806_new202602/wvf_applyCut_removeBeam/wvfFind_event8251_trackID14_opNum5.root
[COPY] event=8277, trackID=17, T0=0.170857 -> /Volumes/ssd_zhang/thesis_michel/server_processing/t0_rootFiles/beam28806_new202602/wvf_applyCut_removeBeam/wvfFind_event8277_trackID17_opNum3.root
[COPY] event=8277, trackID=17, T0=0.170857 -> /Volumes/ssd_zhang/thesis_michel/server_processing/t0_rootFiles/beam28806_new202602/wvf_applyCut_removeBeam/wvfFind_event8277_trackID17_opNum3_2.root
[COPY] event=8291, trackID=2, T0=-2.11065 -> /Volumes/ssd_zhang/thesis_michel/server_processing/t0_rootFiles/beam28806_new202602/wvf_applyCut_removeBeam/wvfFind_event8291_trackID2_opNum6.root
[COPY] event=8294, trackID=17, T0=-1.39059 -> /Volumes/ssd_zhang/thesis_michel/server_processing/t0_rootFiles/beam28806_new202602/wvf_applyCut_removeBeam/wvfFind_event8294_trackID17_opNum8.root
[COPY] event=8303, trackID=6, T0=-0.29447 -> /Volumes/ssd_zhang/thesis_michel/server_processing/t0_rootFiles/beam28806_new202602/wvf_applyCut_removeBeam/wvfFind_event8303_trackID6_opNum3.root
[COPY] event=8366, trackID=9, T0=-1.59815 -> /Volumes/ssd_zhang/thesis_michel/server_processing/t0_rootFiles/beam28806_new202602/wvf_applyCut_removeBeam/wvfFind_event8366_trackID9_opNum4.root
[COPY] event=837, trackID=16, T0=-1.7224 -> /Volumes/ssd_zhang/thesis_michel/server_processing/t0_rootFiles/beam28806_new202602/wvf_applyCut_removeBeam/wvfFind_event837_trackID16_opNum3.root
[COPY] event=837, trackID=8, T0=-1.65413 -> /Volumes/ssd_zhang/thesis_michel/server_processing/t0_rootFiles/beam28806_new202602/wvf_applyCut_removeBeam/wvfFind_event837_trackID8_opNum3_merged.root
[COPY] event=8406, trackID=27, T0=-0.640738 -> /Volumes/ssd_zhang/thesis_michel/server_processing/t0_rootFiles/beam28806_new202602/wvf_applyCut_removeBeam/wvfFind_event8406_trackID27_opNum9.root
[COPY] event=8407, trackID=10, T0=-0.551354 -> /Volumes/ssd_zhang/thesis_michel/server_processing/t0_rootFiles/beam28806_new202602/wvf_applyCut_removeBeam/wvfFind_event8407_trackID10_opNum3.root
[COPY] event=8412, trackID=13, T0=-2.29535 -> /Volumes/ssd_zhang/thesis_michel/server_processing/t0_rootFiles/beam28806_new202602/wvf_applyCut_removeBeam/wvfFind_event8412_trackID13_opNum5.root
[COPY] event=841, trackID=3, T0=0.434107 -> /Volumes/ssd_zhang/thesis_michel/server_processing/t0_rootFiles/beam28806_new202602/wvf_applyCut_removeBeam/wvfFind_event841_trackID3_opNum8.root
[COPY] event=841, trackID=3, T0=0.434107 -> /Volumes/ssd_zhang/thesis_michel/server_processing/t0_rootFiles/beam28806_new202602/wvf_applyCut_removeBeam/wvfFind_event841_trackID3_opNum8_2.root
[SKIP] (in range) event=8420, trackID=0, T0=-0.0488593
[COPY] event=842, trackID=1, T0=-0.99233 -> /Volumes/ssd_zhang/thesis_michel/server_processing/t0_rootFiles/beam28806_new202602/wvf_applyCut_removeBeam/wvfFind_event842_trackID1_opNum8.root
[COPY] event=842, trackID=1, T0=-0.99233 -> /Volumes/ssd_zhang/thesis_michel/server_processing/t0_rootFiles/beam28806_new202602/wvf_applyCut_removeBeam/wvfFind_event842_trackID1_opNum8_2.root
[COPY] event=8442, trackID=15, T0=-1.51039 -> /Volumes/ssd_zhang/thesis_michel/server_processing/t0_rootFiles/beam28806_new202602/wvf_applyCut_removeBeam/wvfFind_event8442_trackID15_opNum5_2.root
[COPY] event=8442, trackID=15, T0=-1.51039 -> /Volumes/ssd_zhang/thesis_michel/server_processing/t0_rootFiles/beam28806_new202602/wvf_applyCut_removeBeam/wvfFind_event8442_trackID15_opNum9_merged.root
[COPY] event=8445, trackID=12, T0=-0.326705 -> /Volumes/ssd_zhang/thesis_michel/server_processing/t0_rootFiles/beam28806_new202602/wvf_applyCut_removeBeam/wvfFind_event8445_trackID12_opNum6_merged.root
[COPY] event=8448, trackID=1, T0=0.268853 -> /Volumes/ssd_zhang/thesis_michel/server_processing/t0_rootFiles/beam28806_new202602/wvf_applyCut_removeBeam/wvfFind_event8448_trackID1_opNum4.root
[COPY] event=846, trackID=4, T0=-1.94534 -> /Volumes/ssd_zhang/thesis_michel/server_processing/t0_rootFiles/beam28806_new202602/wvf_applyCut_removeBeam/wvfFind_event846_trackID4_opNum8.root
[COPY] event=8489, trackID=10, T0=1.28201 -> /Volumes/ssd_zhang/thesis_michel/server_processing/t0_rootFiles/beam28806_new202602/wvf_applyCut_removeBeam/wvfFind_event8489_trackID10_opNum9.root
[COPY] event=8495, trackID=3, T0=0.175115 -> /Volumes/ssd_zhang/thesis_michel/server_processing/t0_rootFiles/beam28806_new202602/wvf_applyCut_removeBeam/wvfFind_event8495_trackID3_opNum5.root
[COPY] event=8495, trackID=9, T0=0.436506 -> /Volumes/ssd_zhang/thesis_michel/server_processing/t0_rootFiles/beam28806_new202602/wvf_applyCut_removeBeam/wvfFind_event8495_trackID9_opNum9.root
[COPY] event=8502, trackID=13, T0=-2.33499 -> /Volumes/ssd_zhang/thesis_michel/server_processing/t0_rootFiles/beam28806_new202602/wvf_applyCut_removeBeam/wvfFind_event8502_trackID13_opNum8.root
[COPY] event=8523, trackID=13, T0=-2.19247 -> /Volumes/ssd_zhang/thesis_michel/server_processing/t0_rootFiles/beam28806_new202602/wvf_applyCut_removeBeam/wvfFind_event8523_trackID13_opNum8.root
[COPY] event=8539, trackID=21, T0=-2.3195 -> /Volumes/ssd_zhang/thesis_michel/server_processing/t0_rootFiles/beam28806_new202602/wvf_applyCut_removeBeam/wvfFind_event8539_trackID21_opNum4.root
[COPY] event=8566, trackID=1, T0=-1.67545 -> /Volumes/ssd_zhang/thesis_michel/server_processing/t0_rootFiles/beam28806_new202602/wvf_applyCut_removeBeam/wvfFind_event8566_trackID1_opNum8.root
[COPY] event=8579, trackID=6, T0=-0.730846 -> /Volumes/ssd_zhang/thesis_michel/server_processing/t0_rootFiles/beam28806_new202602/wvf_applyCut_removeBeam/wvfFind_event8579_trackID6_opNum4.root
[COPY] event=8582, trackID=5, T0=-1.1684 -> /Volumes/ssd_zhang/thesis_michel/server_processing/t0_rootFiles/beam28806_new202602/wvf_applyCut_removeBeam/wvfFind_event8582_trackID5_opNum5.root
[COPY] event=8594, trackID=10, T0=-1.23775 -> /Volumes/ssd_zhang/thesis_michel/server_processing/t0_rootFiles/beam28806_new202602/wvf_applyCut_removeBeam/wvfFind_event8594_trackID10_opNum5.root
[COPY] event=85, trackID=2, T0=-1.99366 -> /Volumes/ssd_zhang/thesis_michel/server_processing/t0_rootFiles/beam28806_new202602/wvf_applyCut_removeBeam/wvfFind_event85_trackID2_opNum4.root
[COPY] event=85, trackID=2, T0=-1.99366 -> /Volumes/ssd_zhang/thesis_michel/server_processing/t0_rootFiles/beam28806_new202602/wvf_applyCut_removeBeam/wvfFind_event85_trackID2_opNum4_2.root
[COPY] event=8618, trackID=22, T0=-2.28076 -> /Volumes/ssd_zhang/thesis_michel/server_processing/t0_rootFiles/beam28806_new202602/wvf_applyCut_removeBeam/wvfFind_event8618_trackID22_opNum8.root
[COPY] event=8621, trackID=9, T0=-0.423533 -> /Volumes/ssd_zhang/thesis_michel/server_processing/t0_rootFiles/beam28806_new202602/wvf_applyCut_removeBeam/wvfFind_event8621_trackID9_opNum3.root
[COPY] event=8621, trackID=9, T0=-0.423533 -> /Volumes/ssd_zhang/thesis_michel/server_processing/t0_rootFiles/beam28806_new202602/wvf_applyCut_removeBeam/wvfFind_event8621_trackID9_opNum3_2.root
[COPY] event=8637, trackID=4, T0=-0.99698 -> /Volumes/ssd_zhang/thesis_michel/server_processing/t0_rootFiles/beam28806_new202602/wvf_applyCut_removeBeam/wvfFind_event8637_trackID4_opNum3_merged.root
[COPY] event=868, trackID=2, T0=-0.856253 -> /Volumes/ssd_zhang/thesis_michel/server_processing/t0_rootFiles/beam28806_new202602/wvf_applyCut_removeBeam/wvfFind_event868_trackID2_opNum5.root
[COPY] event=8710, trackID=9, T0=0.0412786 -> /Volumes/ssd_zhang/thesis_michel/server_processing/t0_rootFiles/beam28806_new202602/wvf_applyCut_removeBeam/wvfFind_event8710_trackID9_opNum4.root
[COPY] event=8711, trackID=0, T0=0.126787 -> /Volumes/ssd_zhang/thesis_michel/server_processing/t0_rootFiles/beam28806_new202602/wvf_applyCut_removeBeam/wvfFind_event8711_trackID0_opNum5.root
[COPY] event=8738, trackID=18, T0=-0.499217 -> /Volumes/ssd_zhang/thesis_michel/server_processing/t0_rootFiles/beam28806_new202602/wvf_applyCut_removeBeam/wvfFind_event8738_trackID18_opNum6.root
[COPY] event=8744, trackID=18, T0=0.166108 -> /Volumes/ssd_zhang/thesis_michel/server_processing/t0_rootFiles/beam28806_new202602/wvf_applyCut_removeBeam/wvfFind_event8744_trackID18_opNum6.root
[COPY] event=8762, trackID=37, T0=-2.39321 -> /Volumes/ssd_zhang/thesis_michel/server_processing/t0_rootFiles/beam28806_new202602/wvf_applyCut_removeBeam/wvfFind_event8762_trackID37_opNum3.root
[COPY] event=8779, trackID=9, T0=-1.52969 -> /Volumes/ssd_zhang/thesis_michel/server_processing/t0_rootFiles/beam28806_new202602/wvf_applyCut_removeBeam/wvfFind_event8779_trackID9_opNum6.root
[COPY] event=8798, trackID=5, T0=0.304097 -> /Volumes/ssd_zhang/thesis_michel/server_processing/t0_rootFiles/beam28806_new202602/wvf_applyCut_removeBeam/wvfFind_event8798_trackID5_opNum4_2.root
[COPY] event=8798, trackID=5, T0=0.304097 -> /Volumes/ssd_zhang/thesis_michel/server_processing/t0_rootFiles/beam28806_new202602/wvf_applyCut_removeBeam/wvfFind_event8798_trackID5_opNum5_merged.root
[COPY] event=8799, trackID=6, T0=-1.64263 -> /Volumes/ssd_zhang/thesis_michel/server_processing/t0_rootFiles/beam28806_new202602/wvf_applyCut_removeBeam/wvfFind_event8799_trackID6_opNum5.root
[COPY] event=8799, trackID=6, T0=-1.64263 -> /Volumes/ssd_zhang/thesis_michel/server_processing/t0_rootFiles/beam28806_new202602/wvf_applyCut_removeBeam/wvfFind_event8799_trackID6_opNum5_2.root
[COPY] event=87, trackID=15, T0=0.441669 -> /Volumes/ssd_zhang/thesis_michel/server_processing/t0_rootFiles/beam28806_new202602/wvf_applyCut_removeBeam/wvfFind_event87_trackID15_opNum4.root
[COPY] event=8813, trackID=2, T0=0.342981 -> /Volumes/ssd_zhang/thesis_michel/server_processing/t0_rootFiles/beam28806_new202602/wvf_applyCut_removeBeam/wvfFind_event8813_trackID2_opNum4.root
[COPY] event=8822, trackID=11, T0=-1.50705 -> /Volumes/ssd_zhang/thesis_michel/server_processing/t0_rootFiles/beam28806_new202602/wvf_applyCut_removeBeam/wvfFind_event8822_trackID11_opNum9.root
[COPY] event=8822, trackID=6, T0=-0.520035 -> /Volumes/ssd_zhang/thesis_michel/server_processing/t0_rootFiles/beam28806_new202602/wvf_applyCut_removeBeam/wvfFind_event8822_trackID6_opNum3.root
[COPY] event=8823, trackID=2, T0=-1.14484 -> /Volumes/ssd_zhang/thesis_michel/server_processing/t0_rootFiles/beam28806_new202602/wvf_applyCut_removeBeam/wvfFind_event8823_trackID2_opNum4.root
[COPY] event=8844, trackID=3, T0=0.280041 -> /Volumes/ssd_zhang/thesis_michel/server_processing/t0_rootFiles/beam28806_new202602/wvf_applyCut_removeBeam/wvfFind_event8844_trackID3_opNum8.root
[COPY] event=8892, trackID=7, T0=-1.72808 -> /Volumes/ssd_zhang/thesis_michel/server_processing/t0_rootFiles/beam28806_new202602/wvf_applyCut_removeBeam/wvfFind_event8892_trackID7_opNum3.root
[COPY] event=8898, trackID=14, T0=1.64551 -> /Volumes/ssd_zhang/thesis_michel/server_processing/t0_rootFiles/beam28806_new202602/wvf_applyCut_removeBeam/wvfFind_event8898_trackID14_opNum9.root
[COPY] event=8898, trackID=4, T0=0.273936 -> /Volumes/ssd_zhang/thesis_michel/server_processing/t0_rootFiles/beam28806_new202602/wvf_applyCut_removeBeam/wvfFind_event8898_trackID4_opNum8.root
[COPY] event=8898, trackID=4, T0=0.273936 -> /Volumes/ssd_zhang/thesis_michel/server_processing/t0_rootFiles/beam28806_new202602/wvf_applyCut_removeBeam/wvfFind_event8898_trackID4_opNum8_2.root
[COPY] event=8910, trackID=9, T0=-2.06836 -> /Volumes/ssd_zhang/thesis_michel/server_processing/t0_rootFiles/beam28806_new202602/wvf_applyCut_removeBeam/wvfFind_event8910_trackID9_opNum3.root
[COPY] event=8915, trackID=14, T0=-1.37327 -> /Volumes/ssd_zhang/thesis_michel/server_processing/t0_rootFiles/beam28806_new202602/wvf_applyCut_removeBeam/wvfFind_event8915_trackID14_opNum8_merged.root
[COPY] event=8930, trackID=15, T0=-1.45878 -> /Volumes/ssd_zhang/thesis_michel/server_processing/t0_rootFiles/beam28806_new202602/wvf_applyCut_removeBeam/wvfFind_event8930_trackID15_opNum9.root
[COPY] event=8943, trackID=8, T0=-0.155631 -> /Volumes/ssd_zhang/thesis_michel/server_processing/t0_rootFiles/beam28806_new202602/wvf_applyCut_removeBeam/wvfFind_event8943_trackID8_opNum3.root
[COPY] event=8952, trackID=1, T0=-0.685948 -> /Volumes/ssd_zhang/thesis_michel/server_processing/t0_rootFiles/beam28806_new202602/wvf_applyCut_removeBeam/wvfFind_event8952_trackID1_opNum5.root
[COPY] event=8961, trackID=0, T0=-0.254179 -> /Volumes/ssd_zhang/thesis_michel/server_processing/t0_rootFiles/beam28806_new202602/wvf_applyCut_removeBeam/wvfFind_event8961_trackID0_opNum5.root
[COPY] event=8961, trackID=0, T0=-0.254179 -> /Volumes/ssd_zhang/thesis_michel/server_processing/t0_rootFiles/beam28806_new202602/wvf_applyCut_removeBeam/wvfFind_event8961_trackID0_opNum5_2.root
[COPY] event=8982, trackID=8, T0=0.420178 -> /Volumes/ssd_zhang/thesis_michel/server_processing/t0_rootFiles/beam28806_new202602/wvf_applyCut_removeBeam/wvfFind_event8982_trackID8_opNum9.root
[COPY] event=8982, trackID=8, T0=0.420178 -> /Volumes/ssd_zhang/thesis_michel/server_processing/t0_rootFiles/beam28806_new202602/wvf_applyCut_removeBeam/wvfFind_event8982_trackID8_opNum9_2.root
[COPY] event=9001, trackID=0, T0=-0.914066 -> /Volumes/ssd_zhang/thesis_michel/server_processing/t0_rootFiles/beam28806_new202602/wvf_applyCut_removeBeam/wvfFind_event9001_trackID0_opNum4.root
[COPY] event=9006, trackID=2, T0=-1.5394 -> /Volumes/ssd_zhang/thesis_michel/server_processing/t0_rootFiles/beam28806_new202602/wvf_applyCut_removeBeam/wvfFind_event9006_trackID2_opNum5.root
[COPY] event=9006, trackID=2, T0=-1.5394 -> /Volumes/ssd_zhang/thesis_michel/server_processing/t0_rootFiles/beam28806_new202602/wvf_applyCut_removeBeam/wvfFind_event9006_trackID2_opNum5_2.root
[COPY] event=9050, trackID=1, T0=-0.158488 -> /Volumes/ssd_zhang/thesis_michel/server_processing/t0_rootFiles/beam28806_new202602/wvf_applyCut_removeBeam/wvfFind_event9050_trackID1_opNum3.root
[COPY] event=9060, trackID=14, T0=-1.98317 -> /Volumes/ssd_zhang/thesis_michel/server_processing/t0_rootFiles/beam28806_new202602/wvf_applyCut_removeBeam/wvfFind_event9060_trackID14_opNum3.root
[COPY] event=9069, trackID=8, T0=0.434532 -> /Volumes/ssd_zhang/thesis_michel/server_processing/t0_rootFiles/beam28806_new202602/wvf_applyCut_removeBeam/wvfFind_event9069_trackID8_opNum8.root
[COPY] event=9077, trackID=1, T0=0.387675 -> /Volumes/ssd_zhang/thesis_michel/server_processing/t0_rootFiles/beam28806_new202602/wvf_applyCut_removeBeam/wvfFind_event9077_trackID1_opNum4.root
[COPY] event=9095, trackID=7, T0=-1.4539 -> /Volumes/ssd_zhang/thesis_michel/server_processing/t0_rootFiles/beam28806_new202602/wvf_applyCut_removeBeam/wvfFind_event9095_trackID7_opNum9.root
[COPY] event=9119, trackID=5, T0=-0.423094 -> /Volumes/ssd_zhang/thesis_michel/server_processing/t0_rootFiles/beam28806_new202602/wvf_applyCut_removeBeam/wvfFind_event9119_trackID5_opNum5.root
[COPY] event=9121, trackID=1, T0=0.0947756 -> /Volumes/ssd_zhang/thesis_michel/server_processing/t0_rootFiles/beam28806_new202602/wvf_applyCut_removeBeam/wvfFind_event9121_trackID1_opNum3_merged.root
[COPY] event=9146, trackID=10, T0=-0.88906 -> /Volumes/ssd_zhang/thesis_michel/server_processing/t0_rootFiles/beam28806_new202602/wvf_applyCut_removeBeam/wvfFind_event9146_trackID10_opNum3.root
[COPY] event=915, trackID=15, T0=0.343622 -> /Volumes/ssd_zhang/thesis_michel/server_processing/t0_rootFiles/beam28806_new202602/wvf_applyCut_removeBeam/wvfFind_event915_trackID15_opNum9.root
[COPY] event=9206, trackID=4, T0=-1.52937 -> /Volumes/ssd_zhang/thesis_michel/server_processing/t0_rootFiles/beam28806_new202602/wvf_applyCut_removeBeam/wvfFind_event9206_trackID4_opNum9.root
[COPY] event=9215, trackID=12, T0=-1.73692 -> /Volumes/ssd_zhang/thesis_michel/server_processing/t0_rootFiles/beam28806_new202602/wvf_applyCut_removeBeam/wvfFind_event9215_trackID12_opNum9.root
[COPY] event=9215, trackID=12, T0=-1.73692 -> /Volumes/ssd_zhang/thesis_michel/server_processing/t0_rootFiles/beam28806_new202602/wvf_applyCut_removeBeam/wvfFind_event9215_trackID12_opNum9_2.root
[COPY] event=9217, trackID=17, T0=-1.90705 -> /Volumes/ssd_zhang/thesis_michel/server_processing/t0_rootFiles/beam28806_new202602/wvf_applyCut_removeBeam/wvfFind_event9217_trackID17_opNum8.root
[COPY] event=9218, trackID=26, T0=-2.31174 -> /Volumes/ssd_zhang/thesis_michel/server_processing/t0_rootFiles/beam28806_new202602/wvf_applyCut_removeBeam/wvfFind_event9218_trackID26_opNum9_merged.root
[SKIP] (in range) event=9234, trackID=1, T0=-0.0654885
[COPY] event=9234, trackID=7, T0=-0.769722 -> /Volumes/ssd_zhang/thesis_michel/server_processing/t0_rootFiles/beam28806_new202602/wvf_applyCut_removeBeam/wvfFind_event9234_trackID7_opNum5.root
[COPY] event=9243, trackID=8, T0=-0.263925 -> /Volumes/ssd_zhang/thesis_michel/server_processing/t0_rootFiles/beam28806_new202602/wvf_applyCut_removeBeam/wvfFind_event9243_trackID8_opNum3.root
[COPY] event=9248, trackID=11, T0=-1.37745 -> /Volumes/ssd_zhang/thesis_michel/server_processing/t0_rootFiles/beam28806_new202602/wvf_applyCut_removeBeam/wvfFind_event9248_trackID11_opNum9.root
[COPY] event=9256, trackID=9, T0=-0.863896 -> /Volumes/ssd_zhang/thesis_michel/server_processing/t0_rootFiles/beam28806_new202602/wvf_applyCut_removeBeam/wvfFind_event9256_trackID9_opNum5.root
[COPY] event=9266, trackID=4, T0=-1.28566 -> /Volumes/ssd_zhang/thesis_michel/server_processing/t0_rootFiles/beam28806_new202602/wvf_applyCut_removeBeam/wvfFind_event9266_trackID4_opNum5.root
[COPY] event=9267, trackID=3, T0=-1.42694 -> /Volumes/ssd_zhang/thesis_michel/server_processing/t0_rootFiles/beam28806_new202602/wvf_applyCut_removeBeam/wvfFind_event9267_trackID3_opNum5.root
[COPY] event=9282, trackID=12, T0=-0.469709 -> /Volumes/ssd_zhang/thesis_michel/server_processing/t0_rootFiles/beam28806_new202602/wvf_applyCut_removeBeam/wvfFind_event9282_trackID12_opNum9.root
[COPY] event=9287, trackID=18, T0=-1.33736 -> /Volumes/ssd_zhang/thesis_michel/server_processing/t0_rootFiles/beam28806_new202602/wvf_applyCut_removeBeam/wvfFind_event9287_trackID18_opNum3_merged.root
[COPY] event=9317, trackID=9, T0=-1.80018 -> /Volumes/ssd_zhang/thesis_michel/server_processing/t0_rootFiles/beam28806_new202602/wvf_applyCut_removeBeam/wvfFind_event9317_trackID9_opNum5_merged.root
[COPY] event=9337, trackID=3, T0=-0.51592 -> /Volumes/ssd_zhang/thesis_michel/server_processing/t0_rootFiles/beam28806_new202602/wvf_applyCut_removeBeam/wvfFind_event9337_trackID3_opNum9.root
[COPY] event=9359, trackID=2, T0=-1.33763 -> /Volumes/ssd_zhang/thesis_michel/server_processing/t0_rootFiles/beam28806_new202602/wvf_applyCut_removeBeam/wvfFind_event9359_trackID2_opNum3.root
[COPY] event=9362, trackID=3, T0=-1.23323 -> /Volumes/ssd_zhang/thesis_michel/server_processing/t0_rootFiles/beam28806_new202602/wvf_applyCut_removeBeam/wvfFind_event9362_trackID3_opNum5.root
[COPY] event=9370, trackID=15, T0=-1.01573 -> /Volumes/ssd_zhang/thesis_michel/server_processing/t0_rootFiles/beam28806_new202602/wvf_applyCut_removeBeam/wvfFind_event9370_trackID15_opNum6.root
[COPY] event=9392, trackID=14, T0=-2.04648 -> /Volumes/ssd_zhang/thesis_michel/server_processing/t0_rootFiles/beam28806_new202602/wvf_applyCut_removeBeam/wvfFind_event9392_trackID14_opNum5_merged.root
[COPY] event=9399, trackID=1, T0=0.224235 -> /Volumes/ssd_zhang/thesis_michel/server_processing/t0_rootFiles/beam28806_new202602/wvf_applyCut_removeBeam/wvfFind_event9399_trackID1_opNum3.root
[COPY] event=9415, trackID=30, T0=-2.32903 -> /Volumes/ssd_zhang/thesis_michel/server_processing/t0_rootFiles/beam28806_new202602/wvf_applyCut_removeBeam/wvfFind_event9415_trackID30_opNum4.root
[COPY] event=941, trackID=7, T0=-1.22676 -> /Volumes/ssd_zhang/thesis_michel/server_processing/t0_rootFiles/beam28806_new202602/wvf_applyCut_removeBeam/wvfFind_event941_trackID7_opNum5.root
[COPY] event=9424, trackID=1, T0=-1.08503 -> /Volumes/ssd_zhang/thesis_michel/server_processing/t0_rootFiles/beam28806_new202602/wvf_applyCut_removeBeam/wvfFind_event9424_trackID1_opNum5.root
[COPY] event=9432, trackID=8, T0=0.421563 -> /Volumes/ssd_zhang/thesis_michel/server_processing/t0_rootFiles/beam28806_new202602/wvf_applyCut_removeBeam/wvfFind_event9432_trackID8_opNum5.root
[COPY] event=9440, trackID=7, T0=-1.72735 -> /Volumes/ssd_zhang/thesis_michel/server_processing/t0_rootFiles/beam28806_new202602/wvf_applyCut_removeBeam/wvfFind_event9440_trackID7_opNum9.root
[COPY] event=9441, trackID=2, T0=-0.874773 -> /Volumes/ssd_zhang/thesis_michel/server_processing/t0_rootFiles/beam28806_new202602/wvf_applyCut_removeBeam/wvfFind_event9441_trackID2_opNum9.root
[COPY] event=9450, trackID=4, T0=-1.85988 -> /Volumes/ssd_zhang/thesis_michel/server_processing/t0_rootFiles/beam28806_new202602/wvf_applyCut_removeBeam/wvfFind_event9450_trackID4_opNum5_merged.root
[COPY] event=9466, trackID=23, T0=2.60299 -> /Volumes/ssd_zhang/thesis_michel/server_processing/t0_rootFiles/beam28806_new202602/wvf_applyCut_removeBeam/wvfFind_event9466_trackID23_opNum8.root
[COPY] event=9469, trackID=18, T0=0.46938 -> /Volumes/ssd_zhang/thesis_michel/server_processing/t0_rootFiles/beam28806_new202602/wvf_applyCut_removeBeam/wvfFind_event9469_trackID18_opNum3_merged.root
[COPY] event=9469, trackID=7, T0=-0.793695 -> /Volumes/ssd_zhang/thesis_michel/server_processing/t0_rootFiles/beam28806_new202602/wvf_applyCut_removeBeam/wvfFind_event9469_trackID7_opNum7_merged.root
[COPY] event=9502, trackID=11, T0=-1.27729 -> /Volumes/ssd_zhang/thesis_michel/server_processing/t0_rootFiles/beam28806_new202602/wvf_applyCut_removeBeam/wvfFind_event9502_trackID11_opNum8.root
[COPY] event=9509, trackID=11, T0=-1.58063 -> /Volumes/ssd_zhang/thesis_michel/server_processing/t0_rootFiles/beam28806_new202602/wvf_applyCut_removeBeam/wvfFind_event9509_trackID11_opNum5.root
[COPY] event=9509, trackID=11, T0=-1.58063 -> /Volumes/ssd_zhang/thesis_michel/server_processing/t0_rootFiles/beam28806_new202602/wvf_applyCut_removeBeam/wvfFind_event9509_trackID11_opNum5_2.root
[COPY] event=9530, trackID=10, T0=-0.664442 -> /Volumes/ssd_zhang/thesis_michel/server_processing/t0_rootFiles/beam28806_new202602/wvf_applyCut_removeBeam/wvfFind_event9530_trackID10_opNum5.root
[COPY] event=9533, trackID=22, T0=0.255604 -> /Volumes/ssd_zhang/thesis_michel/server_processing/t0_rootFiles/beam28806_new202602/wvf_applyCut_removeBeam/wvfFind_event9533_trackID22_opNum5_merged.root
[COPY] event=954, trackID=1, T0=-0.643205 -> /Volumes/ssd_zhang/thesis_michel/server_processing/t0_rootFiles/beam28806_new202602/wvf_applyCut_removeBeam/wvfFind_event954_trackID1_opNum9.root
[COPY] event=955, trackID=0, T0=-1.77418 -> /Volumes/ssd_zhang/thesis_michel/server_processing/t0_rootFiles/beam28806_new202602/wvf_applyCut_removeBeam/wvfFind_event955_trackID0_opNum8.root
[COPY] event=9577, trackID=2, T0=-0.978225 -> /Volumes/ssd_zhang/thesis_michel/server_processing/t0_rootFiles/beam28806_new202602/wvf_applyCut_removeBeam/wvfFind_event9577_trackID2_opNum4_merged.root
[COPY] event=9601, trackID=4, T0=-0.858546 -> /Volumes/ssd_zhang/thesis_michel/server_processing/t0_rootFiles/beam28806_new202602/wvf_applyCut_removeBeam/wvfFind_event9601_trackID4_opNum3.root
[COPY] event=9603, trackID=0, T0=-0.830164 -> /Volumes/ssd_zhang/thesis_michel/server_processing/t0_rootFiles/beam28806_new202602/wvf_applyCut_removeBeam/wvfFind_event9603_trackID0_opNum4.root
[COPY] event=9607, trackID=7, T0=-1.57522 -> /Volumes/ssd_zhang/thesis_michel/server_processing/t0_rootFiles/beam28806_new202602/wvf_applyCut_removeBeam/wvfFind_event9607_trackID7_opNum9.root
[COPY] event=9630, trackID=7, T0=-1.25371 -> /Volumes/ssd_zhang/thesis_michel/server_processing/t0_rootFiles/beam28806_new202602/wvf_applyCut_removeBeam/wvfFind_event9630_trackID7_opNum9.root
[COPY] event=9645, trackID=3, T0=0.317432 -> /Volumes/ssd_zhang/thesis_michel/server_processing/t0_rootFiles/beam28806_new202602/wvf_applyCut_removeBeam/wvfFind_event9645_trackID3_opNum8.root
[COPY] event=9647, trackID=14, T0=-0.727815 -> /Volumes/ssd_zhang/thesis_michel/server_processing/t0_rootFiles/beam28806_new202602/wvf_applyCut_removeBeam/wvfFind_event9647_trackID14_opNum7_merged.root
[COPY] event=9712, trackID=10, T0=0.104541 -> /Volumes/ssd_zhang/thesis_michel/server_processing/t0_rootFiles/beam28806_new202602/wvf_applyCut_removeBeam/wvfFind_event9712_trackID10_opNum4.root
[COPY] event=9727, trackID=1, T0=-0.0136587 -> /Volumes/ssd_zhang/thesis_michel/server_processing/t0_rootFiles/beam28806_new202602/wvf_applyCut_removeBeam/wvfFind_event9727_trackID1_opNum4.root
[COPY] event=9727, trackID=1, T0=-0.0136587 -> /Volumes/ssd_zhang/thesis_michel/server_processing/t0_rootFiles/beam28806_new202602/wvf_applyCut_removeBeam/wvfFind_event9727_trackID1_opNum4_2.root
[COPY] event=9742, trackID=6, T0=-0.731611 -> /Volumes/ssd_zhang/thesis_michel/server_processing/t0_rootFiles/beam28806_new202602/wvf_applyCut_removeBeam/wvfFind_event9742_trackID6_opNum9.root
[COPY] event=9773, trackID=17, T0=0.292239 -> /Volumes/ssd_zhang/thesis_michel/server_processing/t0_rootFiles/beam28806_new202602/wvf_applyCut_removeBeam/wvfFind_event9773_trackID17_opNum9.root
[SKIP] (in range) event=9780, trackID=8, T0=-0.0442689
[COPY] event=9784, trackID=9, T0=-2.01011 -> /Volumes/ssd_zhang/thesis_michel/server_processing/t0_rootFiles/beam28806_new202602/wvf_applyCut_removeBeam/wvfFind_event9784_trackID9_opNum5.root
[COPY] event=9798, trackID=19, T0=0.186579 -> /Volumes/ssd_zhang/thesis_michel/server_processing/t0_rootFiles/beam28806_new202602/wvf_applyCut_removeBeam/wvfFind_event9798_trackID19_opNum6.root
[COPY] event=979, trackID=10, T0=-1.51456 -> /Volumes/ssd_zhang/thesis_michel/server_processing/t0_rootFiles/beam28806_new202602/wvf_applyCut_removeBeam/wvfFind_event979_trackID10_opNum8.root
[COPY] event=9801, trackID=16, T0=-1.21645 -> /Volumes/ssd_zhang/thesis_michel/server_processing/t0_rootFiles/beam28806_new202602/wvf_applyCut_removeBeam/wvfFind_event9801_trackID16_opNum5.root
[COPY] event=9801, trackID=16, T0=-1.21645 -> /Volumes/ssd_zhang/thesis_michel/server_processing/t0_rootFiles/beam28806_new202602/wvf_applyCut_removeBeam/wvfFind_event9801_trackID16_opNum5_2.root
[COPY] event=9816, trackID=3, T0=-1.0457 -> /Volumes/ssd_zhang/thesis_michel/server_processing/t0_rootFiles/beam28806_new202602/wvf_applyCut_removeBeam/wvfFind_event9816_trackID3_opNum4.root
[COPY] event=9816, trackID=3, T0=-1.0457 -> /Volumes/ssd_zhang/thesis_michel/server_processing/t0_rootFiles/beam28806_new202602/wvf_applyCut_removeBeam/wvfFind_event9816_trackID3_opNum4_2.root
[COPY] event=9816, trackID=7, T0=0.329649 -> /Volumes/ssd_zhang/thesis_michel/server_processing/t0_rootFiles/beam28806_new202602/wvf_applyCut_removeBeam/wvfFind_event9816_trackID7_opNum6.root
[COPY] event=9824, trackID=44, T0=0.515427 -> /Volumes/ssd_zhang/thesis_michel/server_processing/t0_rootFiles/beam28806_new202602/wvf_applyCut_removeBeam/wvfFind_event9824_trackID44_opNum6.root
[COPY] event=9824, trackID=44, T0=0.515427 -> /Volumes/ssd_zhang/thesis_michel/server_processing/t0_rootFiles/beam28806_new202602/wvf_applyCut_removeBeam/wvfFind_event9824_trackID44_opNum6_2.root
[COPY] event=9825, trackID=3, T0=-2.09533 -> /Volumes/ssd_zhang/thesis_michel/server_processing/t0_rootFiles/beam28806_new202602/wvf_applyCut_removeBeam/wvfFind_event9825_trackID3_opNum5.root
[COPY] event=9829, trackID=7, T0=0.376613 -> /Volumes/ssd_zhang/thesis_michel/server_processing/t0_rootFiles/beam28806_new202602/wvf_applyCut_removeBeam/wvfFind_event9829_trackID7_opNum3.root
[COPY] event=982, trackID=5, T0=-1.18915 -> /Volumes/ssd_zhang/thesis_michel/server_processing/t0_rootFiles/beam28806_new202602/wvf_applyCut_removeBeam/wvfFind_event982_trackID5_opNum8.root
[COPY] event=9831, trackID=18, T0=-1.89828 -> /Volumes/ssd_zhang/thesis_michel/server_processing/t0_rootFiles/beam28806_new202602/wvf_applyCut_removeBeam/wvfFind_event9831_trackID18_opNum5.root
[COPY] event=9866, trackID=4, T0=-0.190714 -> /Volumes/ssd_zhang/thesis_michel/server_processing/t0_rootFiles/beam28806_new202602/wvf_applyCut_removeBeam/wvfFind_event9866_trackID4_opNum9.root
[COPY] event=989, trackID=10, T0=-0.128872 -> /Volumes/ssd_zhang/thesis_michel/server_processing/t0_rootFiles/beam28806_new202602/wvf_applyCut_removeBeam/wvfFind_event989_trackID10_opNum9.root
[COPY] event=9909, trackID=11, T0=-2.00164 -> /Volumes/ssd_zhang/thesis_michel/server_processing/t0_rootFiles/beam28806_new202602/wvf_applyCut_removeBeam/wvfFind_event9909_trackID11_opNum9.root
[COPY] event=9914, trackID=8, T0=0.394664 -> /Volumes/ssd_zhang/thesis_michel/server_processing/t0_rootFiles/beam28806_new202602/wvf_applyCut_removeBeam/wvfFind_event9914_trackID8_opNum8.root
[COPY] event=9928, trackID=5, T0=0.165486 -> /Volumes/ssd_zhang/thesis_michel/server_processing/t0_rootFiles/beam28806_new202602/wvf_applyCut_removeBeam/wvfFind_event9928_trackID5_opNum9.root
[COPY] event=9930, trackID=1, T0=-1.78079 -> /Volumes/ssd_zhang/thesis_michel/server_processing/t0_rootFiles/beam28806_new202602/wvf_applyCut_removeBeam/wvfFind_event9930_trackID1_opNum9.root
[SKIP] (in range) event=9933, trackID=3, T0=-0.0831158
[COPY] event=993, trackID=12, T0=0.453133 -> /Volumes/ssd_zhang/thesis_michel/server_processing/t0_rootFiles/beam28806_new202602/wvf_applyCut_removeBeam/wvfFind_event993_trackID12_opNum6_merged.root
[COPY] event=9963, trackID=10, T0=-2.09899 -> /Volumes/ssd_zhang/thesis_michel/server_processing/t0_rootFiles/beam28806_new202602/wvf_applyCut_removeBeam/wvfFind_event9963_trackID10_opNum5.root
[COPY] event=9963, trackID=10, T0=-2.09899 -> /Volumes/ssd_zhang/thesis_michel/server_processing/t0_rootFiles/beam28806_new202602/wvf_applyCut_removeBeam/wvfFind_event9963_trackID10_opNum5_2.root
[COPY] event=997, trackID=13, T0=-1.10117 -> /Volumes/ssd_zhang/thesis_michel/server_processing/t0_rootFiles/beam28806_new202602/wvf_applyCut_removeBeam/wvfFind_event997_trackID13_opNum4.root
[COPY] event=997, trackID=13, T0=-1.10117 -> /Volumes/ssd_zhang/thesis_michel/server_processing/t0_rootFiles/beam28806_new202602/wvf_applyCut_removeBeam/wvfFind_event997_trackID13_opNum4_2.root
[COPY] event=997, trackID=13, T0=-1.10117 -> /Volumes/ssd_zhang/thesis_michel/server_processing/t0_rootFiles/beam28806_new202602/wvf_applyCut_removeBeam/wvfFind_event997_trackID13_opNum4_3.root

===== Summary =====
Total files scanned:        3928
Copied (out of [A,B]):      3736
Skipped (within [A,B]):     192
Skipped (missing in logs):  0
Unparsed filenames:         0
