[INFO] Source directory: /Volumes/ssd_zhang/thesis_michel/server_processing/t0_rootFiles/new20251070s/wvf_merged_20251071/
[INFO] Destination directory: /Volumes/ssd_zhang/thesis_michel/server_processing/t0_rootFiles/new20251070s/wvf_merged_applyCut_20251071/
[WARNING] Destination already exists, removing: /Volumes/ssd_zhang/thesis_michel/server_processing/t0_rootFiles/new20251070s/wvf_merged_applyCut_20251071/
[INFO] Created clean destination directory.
[INFO] Found 5276 ROOT files to process.
[PASS] wvfFind_event20566_trackID3_opNum9_merged.root → copied (ms_ch=9)
[SKIP] wvfFind_event17526_trackID12_opNum2_merged.root (ms_ch=2)
[PASS] wvfFind_event20671_trackID25_opNum6_merged.root → copied (ms_ch=6)
[PASS] wvfFind_event29937_trackID0_opNum9_merged.root → copied (ms_ch=9)
[PASS] wvfFind_event7401_trackID15_opNum9_merged.root → copied (ms_ch=9)
[PASS] wvfFind_event13373_trackID10_opNum9_merged.root → copied (ms_ch=9)
[PASS] wvfFind_event45687_trackID8_opNum3.root → copied (ms_ch=3)
[PASS] wvfFind_event9554_trackID5_opNum9_merged.root → copied (ms_ch=9)
[PASS] wvfFind_event10591_trackID0_opNum9_merged.root → copied (ms_ch=9)
[PASS] wvfFind_event7196_trackID16_opNum9_merged.root → copied (ms_ch=9)
[PASS] wvfFind_event19985_trackID19_opNum6_merged.root → copied (ms_ch=6)
[PASS] wvfFind_event23056_trackID29_opNum7_merged.root → copied (ms_ch=7)
[PASS] wvfFind_event41592_trackID12_opNum3_merged.root → copied (ms_ch=3)
[PASS] wvfFind_event14133_trackID14_opNum6_merged.root → copied (ms_ch=6)
[PASS] wvfFind_event42165_trackID1_opNum9_merged.root → copied (ms_ch=9)
[PASS] wvfFind_event21657_trackID10_opNum9_merged.root → copied (ms_ch=9)
[PASS] wvfFind_event13170_trackID8_opNum9_merged.root → copied (ms_ch=9)
[PASS] wvfFind_event24583_trackID12_opNum9_merged.root → copied (ms_ch=9)
[PASS] wvfFind_event17796_trackID14_opNum7_merged.root → copied (ms_ch=7)
[PASS] wvfFind_event14683_trackID15_opNum5_merged.root → copied (ms_ch=5)
[PASS] wvfFind_event42742_trackID4_opNum6_merged.root → copied (ms_ch=6)
[PASS] wvfFind_event47092_trackID5_opNum6.root → copied (ms_ch=6)
[SKIP] wvfFind_event13246_trackID2_opNum1_merged.root (ms_ch=1)
[PASS] wvfFind_event14656_trackID17_opNum9_merged.root → copied (ms_ch=9)
[PASS] wvfFind_event28770_trackID0_opNum9_merged.root → copied (ms_ch=9)
[PASS] wvfFind_event43726_trackID15_opNum8_merged.root → copied (ms_ch=8)
[SKIP] wvfFind_event45042_trackID19_opNum1_merged.root (ms_ch=1)
[PASS] wvfFind_event45424_trackID2_opNum9_merged.root → copied (ms_ch=9)
[PASS] wvfFind_event8917_trackID18_opNum7_merged.root → copied (ms_ch=7)
[PASS] wvfFind_event6493_trackID23_opNum9_merged.root → copied (ms_ch=9)
[PASS] wvfFind_event26143_trackID29_opNum8_merged.root → copied (ms_ch=8)
[PASS] wvfFind_event23803_trackID15_opNum6_merged.root → copied (ms_ch=6)
[PASS] wvfFind_event21549_trackID27_opNum9_merged.root → copied (ms_ch=9)
[PASS] wvfFind_event11970_trackID6_opNum4_merged.root → copied (ms_ch=4)
[SKIP] wvfFind_event16603_trackID15_opNum1_merged.root (ms_ch=1)
[PASS] wvfFind_event43559_trackID7_opNum9_merged.root → copied (ms_ch=9)
[SKIP] wvfFind_event42831_trackID8_opNum2_merged.root (ms_ch=2)
[PASS] wvfFind_event9486_trackID21_opNum6_merged.root → copied (ms_ch=6)
[PASS] wvfFind_event45554_trackID28_opNum8_merged.root → copied (ms_ch=8)
[PASS] wvfFind_event9606_trackID11_opNum7_merged.root → copied (ms_ch=7)
[PASS] wvfFind_event11952_trackID15_opNum8_merged.root → copied (ms_ch=8)
[PASS] wvfFind_event14727_trackID19_opNum8_merged.root → copied (ms_ch=8)
[PASS] wvfFind_event16199_trackID4_opNum7_merged.root → copied (ms_ch=7)
[PASS] wvfFind_event3919_trackID11_opNum9_merged.root → copied (ms_ch=9)
[PASS] wvfFind_event13919_trackID12_opNum9_merged.root → copied (ms_ch=9)
[PASS] wvfFind_event12268_trackID9_opNum5_merged.root → copied (ms_ch=5)
[PASS] wvfFind_event27663_trackID10_opNum5_merged.root → copied (ms_ch=5)
[PASS] wvfFind_event14762_trackID3_opNum9_merged.root → copied (ms_ch=9)
[PASS] wvfFind_event17425_trackID0_opNum9_merged.root → copied (ms_ch=9)
[PASS] wvfFind_event17509_trackID8_opNum9_merged.root → copied (ms_ch=9)
[PASS] wvfFind_event21124_trackID4_opNum9_merged.root → copied (ms_ch=9)
[PASS] wvfFind_event46307_trackID0_opNum9_merged.root → copied (ms_ch=9)
[PASS] wvfFind_event8234_trackID5_opNum9_merged.root → copied (ms_ch=9)
[PASS] wvfFind_event13184_trackID10_opNum9_merged.root → copied (ms_ch=9)
[PASS] wvfFind_event4283_trackID22_opNum9_merged.root → copied (ms_ch=9)
[PASS] wvfFind_event42466_trackID38_opNum3_merged.root → copied (ms_ch=3)
[PASS] wvfFind_event7092_trackID12_opNum6_merged.root → copied (ms_ch=6)
[PASS] wvfFind_event30808_trackID8_opNum9_merged.root → copied (ms_ch=9)
[PASS] wvfFind_event7905_trackID14_opNum9_merged.root → copied (ms_ch=9)
[PASS] wvfFind_event5446_trackID11_opNum6_merged.root → copied (ms_ch=6)
[PASS] wvfFind_event1125_trackID10_opNum7_merged.root → copied (ms_ch=7)
[PASS] wvfFind_event24201_trackID0_opNum6_merged.root → copied (ms_ch=6)
[PASS] wvfFind_event8069_trackID23_opNum3_merged.root → copied (ms_ch=3)
[PASS] wvfFind_event18139_trackID19_opNum9_merged.root → copied (ms_ch=9)
[PASS] wvfFind_event30947_trackID7_opNum9_merged.root → copied (ms_ch=9)
[PASS] wvfFind_event26755_trackID5_opNum9_merged.root → copied (ms_ch=9)
[SKIP] wvfFind_event12924_trackID16_opNum1_merged.root (ms_ch=1)
[PASS] wvfFind_event15332_trackID1_opNum9_merged.root → copied (ms_ch=9)
[PASS] wvfFind_event25812_trackID12_opNum9_merged.root → copied (ms_ch=9)
[PASS] wvfFind_event20923_trackID2_opNum8_merged.root → copied (ms_ch=8)
[PASS] wvfFind_event1979_trackID6_opNum9_merged.root → copied (ms_ch=9)
[PASS] wvfFind_event47047_trackID11_opNum9_merged.root → copied (ms_ch=9)
[PASS] wvfFind_event39753_trackID12_opNum8_merged.root → copied (ms_ch=8)
[PASS] wvfFind_event41880_trackID8_opNum9_merged.root → copied (ms_ch=9)
[PASS] wvfFind_event4132_trackID0_opNum6_merged.root → copied (ms_ch=6)
[PASS] wvfFind_event26309_trackID6_opNum9.root → copied (ms_ch=9)
[PASS] wvfFind_event1426_trackID7_opNum5_merged.root → copied (ms_ch=5)
[PASS] wvfFind_event7641_trackID2_opNum9_merged.root → copied (ms_ch=9)
[PASS] wvfFind_event4438_trackID1_opNum9_merged.root → copied (ms_ch=9)
[PASS] wvfFind_event1205_trackID1_opNum9_merged.root → copied (ms_ch=9)
[PASS] wvfFind_event15982_trackID3_opNum9_merged.root → copied (ms_ch=9)
[PASS] wvfFind_event18234_trackID15_opNum9_merged.root → copied (ms_ch=9)
[PASS] wvfFind_event17223_trackID13_opNum5_merged.root → copied (ms_ch=5)
[PASS] wvfFind_event14477_trackID7_opNum8_merged.root → copied (ms_ch=8)
[PASS] wvfFind_event21136_trackID1_opNum9_merged.root → copied (ms_ch=9)
[PASS] wvfFind_event16144_trackID1_opNum9_merged.root → copied (ms_ch=9)
[PASS] wvfFind_event15108_trackID17_opNum9_merged.root → copied (ms_ch=9)
[PASS] wvfFind_event21055_trackID12_opNum9_merged.root → copied (ms_ch=9)
[PASS] wvfFind_event7286_trackID12_opNum5_merged.root → copied (ms_ch=5)
[PASS] wvfFind_event44610_trackID23_opNum8_merged.root → copied (ms_ch=8)
[PASS] wvfFind_event15857_trackID3_opNum9.root → copied (ms_ch=9)
[PASS] wvfFind_event5420_trackID19_opNum9_merged.root → copied (ms_ch=9)
[PASS] wvfFind_event25782_trackID22_opNum8_merged.root → copied (ms_ch=8)
[PASS] wvfFind_event22198_trackID1_opNum9_merged.root → copied (ms_ch=9)
[PASS] wvfFind_event12580_trackID21_opNum9_merged.root → copied (ms_ch=9)
[PASS] wvfFind_event14901_trackID15_opNum9_merged.root → copied (ms_ch=9)
[PASS] wvfFind_event49291_trackID5_opNum8_merged.root → copied (ms_ch=8)
[PASS] wvfFind_event6123_trackID6_opNum9_merged.root → copied (ms_ch=9)
[PASS] wvfFind_event15254_trackID10_opNum9_merged.root → copied (ms_ch=9)
[PASS] wvfFind_event3619_trackID17_opNum8_merged.root → copied (ms_ch=8)
[PASS] wvfFind_event39689_trackID28_opNum3_merged.root → copied (ms_ch=3)
[PASS] wvfFind_event2282_trackID11_opNum8_merged.root → copied (ms_ch=8)
[PASS] wvfFind_event8547_trackID9_opNum8_merged.root → copied (ms_ch=8)
[PASS] wvfFind_event481_trackID21_opNum8_merged.root → copied (ms_ch=8)
[PASS] wvfFind_event22305_trackID5_opNum9_merged.root → copied (ms_ch=9)
[PASS] wvfFind_event21659_trackID7_opNum9_merged.root → copied (ms_ch=9)
[PASS] wvfFind_event14756_trackID12_opNum9_merged.root → copied (ms_ch=9)
[PASS] wvfFind_event11992_trackID8_opNum9_merged.root → copied (ms_ch=9)
[PASS] wvfFind_event47087_trackID19_opNum8_merged.root → copied (ms_ch=8)
[PASS] wvfFind_event2397_trackID13_opNum5_merged.root → copied (ms_ch=5)
[PASS] wvfFind_event42468_trackID1_opNum9_merged.root → copied (ms_ch=9)
[PASS] wvfFind_event14018_trackID25_opNum9_merged.root → copied (ms_ch=9)
[PASS] wvfFind_event4999_trackID16_opNum9_merged.root → copied (ms_ch=9)
[PASS] wvfFind_event39210_trackID15_opNum9_merged.root → copied (ms_ch=9)
[PASS] wvfFind_event465_trackID25_opNum7_merged.root → copied (ms_ch=7)
[PASS] wvfFind_event12507_trackID8_opNum8_merged.root → copied (ms_ch=8)
[PASS] wvfFind_event12488_trackID9_opNum6_merged.root → copied (ms_ch=6)
[PASS] wvfFind_event44386_trackID18_opNum9_merged.root → copied (ms_ch=9)
[PASS] wvfFind_event25566_trackID1_opNum9_merged.root → copied (ms_ch=9)
[SKIP] wvfFind_event11027_trackID14_opNum2.root (ms_ch=2)
[PASS] wvfFind_event29790_trackID5_opNum9_merged.root → copied (ms_ch=9)
[PASS] wvfFind_event25911_trackID6_opNum6_merged.root → copied (ms_ch=6)
[PASS] wvfFind_event47289_trackID5_opNum6_merged.root → copied (ms_ch=6)
[PASS] wvfFind_event38657_trackID1_opNum9_merged.root → copied (ms_ch=9)
[PASS] wvfFind_event2691_trackID19_opNum9_merged.root → copied (ms_ch=9)
[PASS] wvfFind_event49829_trackID15_opNum9_merged.root → copied (ms_ch=9)
[PASS] wvfFind_event913_trackID9_opNum9_merged.root → copied (ms_ch=9)
[PASS] wvfFind_event16021_trackID4_opNum3_merged.root → copied (ms_ch=3)
[PASS] wvfFind_event7760_trackID7_opNum4_merged.root → copied (ms_ch=4)
[PASS] wvfFind_event22773_trackID18_opNum3_merged.root → copied (ms_ch=3)
[PASS] wvfFind_event16639_trackID2_opNum9_merged.root → copied (ms_ch=9)
[SKIP] wvfFind_event13667_trackID7_opNum1_merged.root (ms_ch=1)
[PASS] wvfFind_event37946_trackID10_opNum8_merged.root → copied (ms_ch=8)
[PASS] wvfFind_event28846_trackID11_opNum5_merged.root → copied (ms_ch=5)
[PASS] wvfFind_event27865_trackID22_opNum9_merged.root → copied (ms_ch=9)
[PASS] wvfFind_event15536_trackID32_opNum5_merged.root → copied (ms_ch=5)
[PASS] wvfFind_event16019_trackID10_opNum9_merged.root → copied (ms_ch=9)
[PASS] wvfFind_event14268_trackID24_opNum6_merged.root → copied (ms_ch=6)
[PASS] wvfFind_event17787_trackID2_opNum5_merged.root → copied (ms_ch=5)
[PASS] wvfFind_event19985_trackID7_opNum9_merged.root → copied (ms_ch=9)
[PASS] wvfFind_event34423_trackID27_opNum5_merged.root → copied (ms_ch=5)
[PASS] wvfFind_event16663_trackID4_opNum9_merged.root → copied (ms_ch=9)
[PASS] wvfFind_event41776_trackID12_opNum9_merged.root → copied (ms_ch=9)
[SKIP] wvfFind_event14763_trackID24_opNum2_merged.root (ms_ch=2)
[PASS] wvfFind_event593_trackID27_opNum9_merged.root → copied (ms_ch=9)
[PASS] wvfFind_event4952_trackID0_opNum9_merged.root → copied (ms_ch=9)
[PASS] wvfFind_event4680_trackID9_opNum5_merged.root → copied (ms_ch=5)
[PASS] wvfFind_event41110_trackID9_opNum9_merged.root → copied (ms_ch=9)
[PASS] wvfFind_event26091_trackID20_opNum5_merged.root → copied (ms_ch=5)
[PASS] wvfFind_event14771_trackID11_opNum9_merged.root → copied (ms_ch=9)
[PASS] wvfFind_event15606_trackID0_opNum9_merged.root → copied (ms_ch=9)
[PASS] wvfFind_event14416_trackID3_opNum5_merged.root → copied (ms_ch=5)
[SKIP] wvfFind_event11836_trackID0_opNum2.root (ms_ch=2)
[PASS] wvfFind_event17482_trackID16_opNum9_merged.root → copied (ms_ch=9)
[PASS] wvfFind_event41566_trackID0_opNum9_merged.root → copied (ms_ch=9)
[PASS] wvfFind_event44427_trackID15_opNum5_merged.root → copied (ms_ch=5)
[SKIP] wvfFind_event45313_trackID4_opNum2_merged.root (ms_ch=2)
[PASS] wvfFind_event10405_trackID7_opNum9_merged.root → copied (ms_ch=9)
[PASS] wvfFind_event15407_trackID1_opNum9_merged.root → copied (ms_ch=9)
[PASS] wvfFind_event6713_trackID11_opNum5_merged.root → copied (ms_ch=5)
[PASS] wvfFind_event38756_trackID11_opNum9_merged.root → copied (ms_ch=9)
[PASS] wvfFind_event15024_trackID0_opNum9_merged.root → copied (ms_ch=9)
[PASS] wvfFind_event16540_trackID5_opNum5_merged.root → copied (ms_ch=5)
[PASS] wvfFind_event29642_trackID24_opNum4_merged.root → copied (ms_ch=4)
[PASS] wvfFind_event6589_trackID6_opNum6_merged.root → copied (ms_ch=6)
[PASS] wvfFind_event41088_trackID11_opNum3_merged.root → copied (ms_ch=3)
[SKIP] wvfFind_event2509_trackID12_opNum1_merged.root (ms_ch=1)
[PASS] wvfFind_event24625_trackID0_opNum9_merged.root → copied (ms_ch=9)
[PASS] wvfFind_event39514_trackID24_opNum9_merged.root → copied (ms_ch=9)
[PASS] wvfFind_event8236_trackID1_opNum9_merged.root → copied (ms_ch=9)
[PASS] wvfFind_event13445_trackID16_opNum8_merged.root → copied (ms_ch=8)
[PASS] wvfFind_event16339_trackID8_opNum9_merged.root → copied (ms_ch=9)
[PASS] wvfFind_event40465_trackID10_opNum8_merged.root → copied (ms_ch=8)
[PASS] wvfFind_event2820_trackID6_opNum9_merged.root → copied (ms_ch=9)
[PASS] wvfFind_event17978_trackID8_opNum5_merged.root → copied (ms_ch=5)
[PASS] wvfFind_event4016_trackID7_opNum9_merged.root → copied (ms_ch=9)
[SKIP] wvfFind_event44263_trackID8_opNum1_merged.root (ms_ch=1)
[PASS] wvfFind_event7061_trackID15_opNum7_merged.root → copied (ms_ch=7)
[PASS] wvfFind_event16883_trackID22_opNum4_merged.root → copied (ms_ch=4)
[PASS] wvfFind_event19748_trackID39_opNum9_merged.root → copied (ms_ch=9)
[PASS] wvfFind_event43480_trackID5_opNum3_merged.root → copied (ms_ch=3)
[PASS] wvfFind_event19104_trackID0_opNum4_merged.root → copied (ms_ch=4)
[PASS] wvfFind_event43601_trackID9_opNum9_merged.root → copied (ms_ch=9)
[PASS] wvfFind_event25896_trackID9_opNum9_merged.root → copied (ms_ch=9)
[PASS] wvfFind_event4054_trackID23_opNum6_merged.root → copied (ms_ch=6)
[PASS] wvfFind_event41193_trackID17_opNum6_merged.root → copied (ms_ch=6)
[PASS] wvfFind_event16929_trackID7_opNum8_merged.root → copied (ms_ch=8)
[PASS] wvfFind_event9353_trackID2_opNum6_merged.root → copied (ms_ch=6)
[PASS] wvfFind_event20134_trackID27_opNum6_merged.root → copied (ms_ch=6)
[PASS] wvfFind_event35462_trackID5_opNum3_merged.root → copied (ms_ch=3)
[PASS] wvfFind_event5407_trackID9_opNum9_merged.root → copied (ms_ch=9)
[PASS] wvfFind_event13607_trackID3_opNum3_merged.root → copied (ms_ch=3)
[SKIP] wvfFind_event40455_trackID6_opNum1_merged.root (ms_ch=1)
[PASS] wvfFind_event10571_trackID10_opNum8_merged.root → copied (ms_ch=8)
[PASS] wvfFind_event14177_trackID13_opNum8_merged.root → copied (ms_ch=8)
[PASS] wvfFind_event11826_trackID0_opNum9_merged.root → copied (ms_ch=9)
[PASS] wvfFind_event629_trackID4_opNum9_merged.root → copied (ms_ch=9)
[PASS] wvfFind_event38901_trackID5_opNum9_merged.root → copied (ms_ch=9)
[PASS] wvfFind_event22335_trackID6_opNum9_merged.root → copied (ms_ch=9)
[PASS] wvfFind_event4421_trackID17_opNum9_merged.root → copied (ms_ch=9)
[PASS] wvfFind_event5536_trackID24_opNum3_merged.root → copied (ms_ch=3)
[PASS] wvfFind_event5186_trackID17_opNum9_merged.root → copied (ms_ch=9)
[PASS] wvfFind_event46494_trackID13_opNum9_merged.root → copied (ms_ch=9)
[PASS] wvfFind_event20473_trackID30_opNum6_merged.root → copied (ms_ch=6)
[PASS] wvfFind_event4827_trackID7_opNum6_merged.root → copied (ms_ch=6)
[PASS] wvfFind_event27523_trackID2_opNum9_merged.root → copied (ms_ch=9)
[PASS] wvfFind_event39698_trackID5_opNum9_merged.root → copied (ms_ch=9)
[PASS] wvfFind_event8077_trackID19_opNum8_merged.root → copied (ms_ch=8)
[SKIP] wvfFind_event2046_trackID14_opNum2.root (ms_ch=2)
[PASS] wvfFind_event22402_trackID2_opNum9_merged.root → copied (ms_ch=9)
[PASS] wvfFind_event10357_trackID5_opNum9_merged.root → copied (ms_ch=9)
[PASS] wvfFind_event21512_trackID15_opNum9_merged.root → copied (ms_ch=9)
[PASS] wvfFind_event14623_trackID16_opNum4_merged.root → copied (ms_ch=4)
[SKIP] wvfFind_event11457_trackID25_opNum1_merged.root (ms_ch=1)
[PASS] wvfFind_event24590_trackID4_opNum9.root → copied (ms_ch=9)
[PASS] wvfFind_event28194_trackID22_opNum8_merged.root → copied (ms_ch=8)
[PASS] wvfFind_event30662_trackID8_opNum9_merged.root → copied (ms_ch=9)
[PASS] wvfFind_event20993_trackID3_opNum9_merged.root → copied (ms_ch=9)
[PASS] wvfFind_event661_trackID7_opNum9_merged.root → copied (ms_ch=9)
[PASS] wvfFind_event11522_trackID1_opNum9_merged.root → copied (ms_ch=9)
[PASS] wvfFind_event44587_trackID19_opNum9_merged.root → copied (ms_ch=9)
[PASS] wvfFind_event43470_trackID18_opNum4_merged.root → copied (ms_ch=4)
[PASS] wvfFind_event3567_trackID7_opNum9_merged.root → copied (ms_ch=9)
[PASS] wvfFind_event48997_trackID10_opNum9_merged.root → copied (ms_ch=9)
[SKIP] wvfFind_event42202_trackID28_opNum1_merged.root (ms_ch=1)
[PASS] wvfFind_event12669_trackID11_opNum9_merged.root → copied (ms_ch=9)
[PASS] wvfFind_event4686_trackID10_opNum9_merged.root → copied (ms_ch=9)
[PASS] wvfFind_event13034_trackID6_opNum4_merged.root → copied (ms_ch=4)
[PASS] wvfFind_event7842_trackID27_opNum5_merged.root → copied (ms_ch=5)
[PASS] wvfFind_event10294_trackID16_opNum4_merged.root → copied (ms_ch=4)
[PASS] wvfFind_event10636_trackID10_opNum5_merged.root → copied (ms_ch=5)
[PASS] wvfFind_event15509_trackID2_opNum9_merged.root → copied (ms_ch=9)
[PASS] wvfFind_event18495_trackID5_opNum9.root → copied (ms_ch=9)
[PASS] wvfFind_event428_trackID8_opNum9_merged.root → copied (ms_ch=9)
[PASS] wvfFind_event9480_trackID8_opNum5_merged.root → copied (ms_ch=5)
[SKIP] wvfFind_event125_trackID7_opNum2_merged.root (ms_ch=2)
[PASS] wvfFind_event43101_trackID25_opNum4_merged.root → copied (ms_ch=4)
[SKIP] wvfFind_event40415_trackID13_opNum1_merged.root (ms_ch=1)
[PASS] wvfFind_event40736_trackID9_opNum9_merged.root → copied (ms_ch=9)
[PASS] wvfFind_event616_trackID13_opNum9_merged.root → copied (ms_ch=9)
[PASS] wvfFind_event5549_trackID13_opNum5_merged.root → copied (ms_ch=5)
[SKIP] wvfFind_event32130_trackID2_opNum2_merged.root (ms_ch=2)
[PASS] wvfFind_event15007_trackID0_opNum5_merged.root → copied (ms_ch=5)
[PASS] wvfFind_event20166_trackID17_opNum9_merged.root → copied (ms_ch=9)
[PASS] wvfFind_event5020_trackID12_opNum7_merged.root → copied (ms_ch=7)
[PASS] wvfFind_event17681_trackID13_opNum7_merged.root → copied (ms_ch=7)
[PASS] wvfFind_event5630_trackID7_opNum9_merged.root → copied (ms_ch=9)
[PASS] wvfFind_event18903_trackID22_opNum8_merged.root → copied (ms_ch=8)
[PASS] wvfFind_event4550_trackID20_opNum9_merged.root → copied (ms_ch=9)
[PASS] wvfFind_event20368_trackID8_opNum3_merged.root → copied (ms_ch=3)
[PASS] wvfFind_event19027_trackID1_opNum9_merged.root → copied (ms_ch=9)
[PASS] wvfFind_event17387_trackID13_opNum6_merged.root → copied (ms_ch=6)
[PASS] wvfFind_event28889_trackID6_opNum6_merged.root → copied (ms_ch=6)
[PASS] wvfFind_event18842_trackID1_opNum9_merged.root → copied (ms_ch=9)
[PASS] wvfFind_event16832_trackID1_opNum9_merged.root → copied (ms_ch=9)
[PASS] wvfFind_event18289_trackID19_opNum9_merged.root → copied (ms_ch=9)
[SKIP] wvfFind_event24277_trackID7_opNum1_merged.root (ms_ch=1)
[PASS] wvfFind_event32151_trackID3_opNum9_merged.root → copied (ms_ch=9)
[PASS] wvfFind_event33194_trackID2_opNum3_merged.root → copied (ms_ch=3)
[PASS] wvfFind_event8769_trackID10_opNum9_merged.root → copied (ms_ch=9)
[PASS] wvfFind_event12105_trackID7_opNum9_merged.root → copied (ms_ch=9)
[PASS] wvfFind_event17776_trackID10_opNum9_merged.root → copied (ms_ch=9)
[PASS] wvfFind_event37834_trackID26_opNum3_merged.root → copied (ms_ch=3)
[PASS] wvfFind_event9468_trackID11_opNum9_merged.root → copied (ms_ch=9)
[PASS] wvfFind_event25684_trackID4_opNum9_merged.root → copied (ms_ch=9)
[PASS] wvfFind_event11160_trackID3_opNum9_merged.root → copied (ms_ch=9)
[PASS] wvfFind_event46776_trackID9_opNum8_merged.root → copied (ms_ch=8)
[PASS] wvfFind_event7347_trackID9_opNum9_merged.root → copied (ms_ch=9)
[PASS] wvfFind_event4353_trackID2_opNum9_merged.root → copied (ms_ch=9)
[PASS] wvfFind_event30855_trackID13_opNum9_merged.root → copied (ms_ch=9)
[PASS] wvfFind_event17726_trackID6_opNum5.root → copied (ms_ch=5)
[PASS] wvfFind_event4956_trackID8_opNum9_merged.root → copied (ms_ch=9)
[PASS] wvfFind_event12239_trackID1_opNum3_merged.root → copied (ms_ch=3)
[PASS] wvfFind_event11549_trackID11_opNum9_merged.root → copied (ms_ch=9)
[PASS] wvfFind_event44763_trackID19_opNum3_merged.root → copied (ms_ch=3)
[PASS] wvfFind_event1142_trackID0_opNum9_merged.root → copied (ms_ch=9)
[PASS] wvfFind_event45570_trackID11_opNum9_merged.root → copied (ms_ch=9)
[PASS] wvfFind_event26644_trackID22_opNum9_merged.root → copied (ms_ch=9)
[PASS] wvfFind_event45207_trackID36_opNum3_merged.root → copied (ms_ch=3)
[PASS] wvfFind_event47558_trackID19_opNum5_merged.root → copied (ms_ch=5)
[PASS] wvfFind_event15543_trackID5_opNum9_merged.root → copied (ms_ch=9)
[PASS] wvfFind_event660_trackID16_opNum9_merged.root → copied (ms_ch=9)
[PASS] wvfFind_event31803_trackID6_opNum9_merged.root → copied (ms_ch=9)
[PASS] wvfFind_event40053_trackID13_opNum4_merged.root → copied (ms_ch=4)
[PASS] wvfFind_event39830_trackID3_opNum9_merged.root → copied (ms_ch=9)
[PASS] wvfFind_event17851_trackID9_opNum4_merged.root → copied (ms_ch=4)
[SKIP] wvfFind_event3523_trackID16_opNum2_merged.root (ms_ch=2)
[PASS] wvfFind_event48811_trackID1_opNum8_merged.root → copied (ms_ch=8)
[PASS] wvfFind_event375_trackID5_opNum7_merged.root → copied (ms_ch=7)
[PASS] wvfFind_event48624_trackID3_opNum9_merged.root → copied (ms_ch=9)
[PASS] wvfFind_event21054_trackID6_opNum9_merged.root → copied (ms_ch=9)
[PASS] wvfFind_event7881_trackID5_opNum9_merged.root → copied (ms_ch=9)
[PASS] wvfFind_event13063_trackID7_opNum4_merged.root → copied (ms_ch=4)
[PASS] wvfFind_event22730_trackID4_opNum9_merged.root → copied (ms_ch=9)
[PASS] wvfFind_event20060_trackID5_opNum9_merged.root → copied (ms_ch=9)
[PASS] wvfFind_event15346_trackID32_opNum9_merged.root → copied (ms_ch=9)
[PASS] wvfFind_event18280_trackID3_opNum5_merged.root → copied (ms_ch=5)
[PASS] wvfFind_event5486_trackID7_opNum9_merged.root → copied (ms_ch=9)
[PASS] wvfFind_event44060_trackID4_opNum9_merged.root → copied (ms_ch=9)
[PASS] wvfFind_event19152_trackID13_opNum3_merged.root → copied (ms_ch=3)
[PASS] wvfFind_event27656_trackID4_opNum9_merged.root → copied (ms_ch=9)
[PASS] wvfFind_event13003_trackID26_opNum4_merged.root → copied (ms_ch=4)
[PASS] wvfFind_event6639_trackID13_opNum8_merged.root → copied (ms_ch=8)
[PASS] wvfFind_event16142_trackID0_opNum9_merged.root → copied (ms_ch=9)
[PASS] wvfFind_event22436_trackID10_opNum3_merged.root → copied (ms_ch=3)
[PASS] wvfFind_event799_trackID4_opNum9_merged.root → copied (ms_ch=9)
[PASS] wvfFind_event20879_trackID11_opNum9_merged.root → copied (ms_ch=9)
[PASS] wvfFind_event6767_trackID8_opNum8_merged.root → copied (ms_ch=8)
[PASS] wvfFind_event15570_trackID14_opNum7_merged.root → copied (ms_ch=7)
[PASS] wvfFind_event2460_trackID3_opNum9_merged.root → copied (ms_ch=9)
[PASS] wvfFind_event21065_trackID13_opNum9_merged.root → copied (ms_ch=9)
[PASS] wvfFind_event33494_trackID0_opNum5_merged.root → copied (ms_ch=5)
[PASS] wvfFind_event2883_trackID4_opNum4_merged.root → copied (ms_ch=4)
[PASS] wvfFind_event30268_trackID9_opNum9_merged.root → copied (ms_ch=9)
[PASS] wvfFind_event8406_trackID8_opNum7_merged.root → copied (ms_ch=7)
[SKIP] wvfFind_event17051_trackID12_opNum1_merged.root (ms_ch=1)
[PASS] wvfFind_event17314_trackID8_opNum9_merged.root → copied (ms_ch=9)
[PASS] wvfFind_event5227_trackID0_opNum9_merged.root → copied (ms_ch=9)
[PASS] wvfFind_event15067_trackID8_opNum9_merged.root → copied (ms_ch=9)
[PASS] wvfFind_event21909_trackID24_opNum7_merged.root → copied (ms_ch=7)
[PASS] wvfFind_event38904_trackID23_opNum9_merged.root → copied (ms_ch=9)
[PASS] wvfFind_event15256_trackID15_opNum4_merged.root → copied (ms_ch=4)
[PASS] wvfFind_event39194_trackID9_opNum9_merged.root → copied (ms_ch=9)
[PASS] wvfFind_event13032_trackID14_opNum6_merged.root → copied (ms_ch=6)
[PASS] wvfFind_event22052_trackID25_opNum3_merged.root → copied (ms_ch=3)
[SKIP] wvfFind_event40855_trackID11_opNum1_merged.root (ms_ch=1)
[PASS] wvfFind_event5370_trackID28_opNum5_merged.root → copied (ms_ch=5)
[PASS] wvfFind_event20261_trackID9_opNum9_merged.root → copied (ms_ch=9)
[PASS] wvfFind_event18003_trackID3_opNum9_merged.root → copied (ms_ch=9)
[PASS] wvfFind_event22779_trackID1_opNum5_merged.root → copied (ms_ch=5)
[PASS] wvfFind_event4959_trackID6_opNum9_merged.root → copied (ms_ch=9)
[PASS] wvfFind_event36631_trackID10_opNum9_merged.root → copied (ms_ch=9)
[PASS] wvfFind_event26785_trackID6_opNum9_merged.root → copied (ms_ch=9)
[PASS] wvfFind_event48049_trackID26_opNum9_merged.root → copied (ms_ch=9)
[PASS] wvfFind_event11326_trackID2_opNum9_merged.root → copied (ms_ch=9)
[PASS] wvfFind_event43803_trackID12_opNum9_merged.root → copied (ms_ch=9)
[PASS] wvfFind_event1420_trackID5_opNum9_merged.root → copied (ms_ch=9)
[PASS] wvfFind_event24841_trackID6_opNum9_merged.root → copied (ms_ch=9)
[PASS] wvfFind_event23095_trackID6_opNum9_merged.root → copied (ms_ch=9)
[SKIP] wvfFind_event43454_trackID7_opNum2_merged.root (ms_ch=2)
[PASS] wvfFind_event17455_trackID15_opNum9_merged.root → copied (ms_ch=9)
[PASS] wvfFind_event32023_trackID10_opNum6_merged.root → copied (ms_ch=6)
[PASS] wvfFind_event41107_trackID6_opNum4_merged.root → copied (ms_ch=4)
[PASS] wvfFind_event42018_trackID2_opNum3_merged.root → copied (ms_ch=3)
[PASS] wvfFind_event23766_trackID5_opNum9_merged.root → copied (ms_ch=9)
[PASS] wvfFind_event27401_trackID10_opNum9_merged.root → copied (ms_ch=9)
[SKIP] wvfFind_event3517_trackID2_opNum2_merged.root (ms_ch=2)
[PASS] wvfFind_event38694_trackID10_opNum4_merged.root → copied (ms_ch=4)
[PASS] wvfFind_event41949_trackID18_opNum9_merged.root → copied (ms_ch=9)
[PASS] wvfFind_event37228_trackID27_opNum9_merged.root → copied (ms_ch=9)
[PASS] wvfFind_event20668_trackID9_opNum9_merged.root → copied (ms_ch=9)
[PASS] wvfFind_event19218_trackID29_opNum6_merged.root → copied (ms_ch=6)
[PASS] wvfFind_event35463_trackID15_opNum7_merged.root → copied (ms_ch=7)
[PASS] wvfFind_event36310_trackID17_opNum9_merged.root → copied (ms_ch=9)
[SKIP] wvfFind_event21077_trackID1_opNum1_merged.root (ms_ch=1)
[PASS] wvfFind_event39664_trackID1_opNum5.root → copied (ms_ch=5)
[PASS] wvfFind_event46859_trackID2_opNum5_merged.root → copied (ms_ch=5)
[PASS] wvfFind_event4365_trackID4_opNum8_merged.root → copied (ms_ch=8)
[PASS] wvfFind_event46030_trackID27_opNum9_merged.root → copied (ms_ch=9)
[PASS] wvfFind_event12187_trackID5_opNum9_merged.root → copied (ms_ch=9)
[SKIP] wvfFind_event21695_trackID5_opNum2_merged.root (ms_ch=2)
[PASS] wvfFind_event12503_trackID29_opNum6_merged.root → copied (ms_ch=6)
[PASS] wvfFind_event25929_trackID9_opNum5_merged.root → copied (ms_ch=5)
[PASS] wvfFind_event40759_trackID1_opNum9_merged.root → copied (ms_ch=9)
[PASS] wvfFind_event14722_trackID7_opNum9_merged.root → copied (ms_ch=9)
[PASS] wvfFind_event26383_trackID5_opNum9_merged.root → copied (ms_ch=9)
[PASS] wvfFind_event8334_trackID0_opNum9_merged.root → copied (ms_ch=9)
[PASS] wvfFind_event23875_trackID15_opNum9_merged.root → copied (ms_ch=9)
[PASS] wvfFind_event11441_trackID12_opNum9_merged.root → copied (ms_ch=9)
[PASS] wvfFind_event41685_trackID0_opNum9_merged.root → copied (ms_ch=9)
[PASS] wvfFind_event29559_trackID11_opNum9_merged.root → copied (ms_ch=9)
[PASS] wvfFind_event19524_trackID24_opNum5_merged.root → copied (ms_ch=5)
[PASS] wvfFind_event42671_trackID1_opNum4_merged.root → copied (ms_ch=4)
[PASS] wvfFind_event10946_trackID3_opNum6_merged.root → copied (ms_ch=6)
[PASS] wvfFind_event49716_trackID9_opNum9_merged.root → copied (ms_ch=9)
[PASS] wvfFind_event12208_trackID9_opNum6_merged.root → copied (ms_ch=6)
[PASS] wvfFind_event1616_trackID13_opNum6_merged.root → copied (ms_ch=6)
[PASS] wvfFind_event40757_trackID15_opNum9_merged.root → copied (ms_ch=9)
[PASS] wvfFind_event7885_trackID22_opNum9_merged.root → copied (ms_ch=9)
[SKIP] wvfFind_event6618_trackID4_opNum1_merged.root (ms_ch=1)
[PASS] wvfFind_event45412_trackID14_opNum8_merged.root → copied (ms_ch=8)
[PASS] wvfFind_event19468_trackID22_opNum9_merged.root → copied (ms_ch=9)
[PASS] wvfFind_event6732_trackID9_opNum9_merged.root → copied (ms_ch=9)
[PASS] wvfFind_event6485_trackID8_opNum7_merged.root → copied (ms_ch=7)
[PASS] wvfFind_event10918_trackID1_opNum8_merged.root → copied (ms_ch=8)
[PASS] wvfFind_event2480_trackID0_opNum5_merged.root → copied (ms_ch=5)
[PASS] wvfFind_event25496_trackID8_opNum9_merged.root → copied (ms_ch=9)
[PASS] wvfFind_event22872_trackID0_opNum8_merged.root → copied (ms_ch=8)
[PASS] wvfFind_event9825_trackID8_opNum3_merged.root → copied (ms_ch=3)
[SKIP] wvfFind_event1122_trackID9_opNum2_merged.root (ms_ch=2)
[PASS] wvfFind_event2664_trackID20_opNum7_merged.root → copied (ms_ch=7)
[PASS] wvfFind_event39447_trackID15_opNum9_merged.root → copied (ms_ch=9)
[PASS] wvfFind_event17399_trackID9_opNum9_merged.root → copied (ms_ch=9)
[PASS] wvfFind_event5300_trackID13_opNum9.root → copied (ms_ch=9)
[PASS] wvfFind_event17886_trackID4_opNum9_merged.root → copied (ms_ch=9)
[PASS] wvfFind_event9974_trackID33_opNum9_merged.root → copied (ms_ch=9)
[PASS] wvfFind_event36304_trackID28_opNum5_merged.root → copied (ms_ch=5)
[PASS] wvfFind_event13958_trackID3_opNum9_merged.root → copied (ms_ch=9)
[PASS] wvfFind_event19548_trackID3_opNum9_merged.root → copied (ms_ch=9)
[PASS] wvfFind_event19083_trackID0_opNum9_merged.root → copied (ms_ch=9)
[PASS] wvfFind_event22401_trackID3_opNum9_merged.root → copied (ms_ch=9)
[PASS] wvfFind_event28835_trackID4_opNum9_merged.root → copied (ms_ch=9)
[PASS] wvfFind_event49220_trackID1_opNum9_merged.root → copied (ms_ch=9)
[PASS] wvfFind_event23472_trackID7_opNum4_merged.root → copied (ms_ch=4)
[PASS] wvfFind_event14454_trackID9_opNum8_merged.root → copied (ms_ch=8)
[PASS] wvfFind_event49204_trackID6_opNum9_merged.root → copied (ms_ch=9)
[SKIP] wvfFind_event41738_trackID12_opNum2_merged.root (ms_ch=2)
[PASS] wvfFind_event27521_trackID5_opNum5_merged.root → copied (ms_ch=5)
[PASS] wvfFind_event17153_trackID18_opNum8_merged.root → copied (ms_ch=8)
[PASS] wvfFind_event45327_trackID5_opNum6_merged.root → copied (ms_ch=6)
[PASS] wvfFind_event30553_trackID18_opNum6_merged.root → copied (ms_ch=6)
[PASS] wvfFind_event12948_trackID7_opNum9_merged.root → copied (ms_ch=9)
[PASS] wvfFind_event20675_trackID2_opNum9_merged.root → copied (ms_ch=9)
[PASS] wvfFind_event12620_trackID25_opNum7_merged.root → copied (ms_ch=7)
[PASS] wvfFind_event8705_trackID24_opNum9_merged.root → copied (ms_ch=9)
[PASS] wvfFind_event14846_trackID25_opNum9_merged.root → copied (ms_ch=9)
[PASS] wvfFind_event769_trackID22_opNum3_merged.root → copied (ms_ch=3)
[PASS] wvfFind_event42949_trackID22_opNum7_merged.root → copied (ms_ch=7)
[PASS] wvfFind_event138_trackID0_opNum5_merged.root → copied (ms_ch=5)
[PASS] wvfFind_event42776_trackID7_opNum9_merged.root → copied (ms_ch=9)
[PASS] wvfFind_event36329_trackID19_opNum5.root → copied (ms_ch=5)
[PASS] wvfFind_event13530_trackID27_opNum3_merged.root → copied (ms_ch=3)
[PASS] wvfFind_event45806_trackID10_opNum7_merged.root → copied (ms_ch=7)
[PASS] wvfFind_event11620_trackID12_opNum9_merged.root → copied (ms_ch=9)
[PASS] wvfFind_event30816_trackID12_opNum9_merged.root → copied (ms_ch=9)
[PASS] wvfFind_event23979_trackID5_opNum5.root → copied (ms_ch=5)
[PASS] wvfFind_event42195_trackID15_opNum4_merged.root → copied (ms_ch=4)
[PASS] wvfFind_event8836_trackID6_opNum9_merged.root → copied (ms_ch=9)
[PASS] wvfFind_event4397_trackID17_opNum7_merged.root → copied (ms_ch=7)
[PASS] wvfFind_event31905_trackID2_opNum9_merged.root → copied (ms_ch=9)
[PASS] wvfFind_event28750_trackID4_opNum3_merged.root → copied (ms_ch=3)
[PASS] wvfFind_event10273_trackID19_opNum4_merged.root → copied (ms_ch=4)
[PASS] wvfFind_event20760_trackID6_opNum9_merged.root → copied (ms_ch=9)
[PASS] wvfFind_event39544_trackID5_opNum9_merged.root → copied (ms_ch=9)
[PASS] wvfFind_event19048_trackID11_opNum9_merged.root → copied (ms_ch=9)
[PASS] wvfFind_event7899_trackID15_opNum9.root → copied (ms_ch=9)
[SKIP] wvfFind_event18358_trackID8_opNum1_merged.root (ms_ch=1)
[PASS] wvfFind_event44747_trackID3_opNum9.root → copied (ms_ch=9)
[PASS] wvfFind_event24174_trackID3_opNum9_merged.root → copied (ms_ch=9)
[PASS] wvfFind_event39559_trackID3_opNum9_merged.root → copied (ms_ch=9)
[PASS] wvfFind_event29460_trackID6_opNum5_merged.root → copied (ms_ch=5)
[PASS] wvfFind_event17927_trackID11_opNum9_merged.root → copied (ms_ch=9)
[PASS] wvfFind_event28005_trackID4_opNum9_merged.root → copied (ms_ch=9)
[PASS] wvfFind_event15538_trackID17_opNum3_merged.root → copied (ms_ch=3)
[PASS] wvfFind_event11682_trackID9_opNum9_merged.root → copied (ms_ch=9)
[PASS] wvfFind_event24699_trackID9_opNum5_merged.root → copied (ms_ch=5)
[PASS] wvfFind_event40090_trackID1_opNum5_merged.root → copied (ms_ch=5)
[PASS] wvfFind_event2681_trackID11_opNum9_merged.root → copied (ms_ch=9)
[PASS] wvfFind_event13547_trackID18_opNum9_merged.root → copied (ms_ch=9)
[PASS] wvfFind_event15265_trackID8_opNum9_merged.root → copied (ms_ch=9)
[PASS] wvfFind_event25117_trackID1_opNum9_merged.root → copied (ms_ch=9)
[PASS] wvfFind_event3999_trackID5_opNum8_merged.root → copied (ms_ch=8)
[PASS] wvfFind_event40887_trackID3_opNum4_merged.root → copied (ms_ch=4)
[PASS] wvfFind_event24390_trackID14_opNum9_merged.root → copied (ms_ch=9)
[PASS] wvfFind_event42717_trackID4_opNum9_merged.root → copied (ms_ch=9)
[PASS] wvfFind_event1196_trackID21_opNum7_merged.root → copied (ms_ch=7)
[PASS] wvfFind_event46945_trackID13_opNum9_merged.root → copied (ms_ch=9)
[PASS] wvfFind_event18252_trackID18_opNum9_merged.root → copied (ms_ch=9)
[SKIP] wvfFind_event11110_trackID19_opNum2_merged.root (ms_ch=2)
[PASS] wvfFind_event18201_trackID3_opNum9_merged.root → copied (ms_ch=9)
[PASS] wvfFind_event8348_trackID8_opNum9_merged.root → copied (ms_ch=9)
[SKIP] wvfFind_event24589_trackID19_opNum2_merged.root (ms_ch=2)
[PASS] wvfFind_event2390_trackID1_opNum9_merged.root → copied (ms_ch=9)
[PASS] wvfFind_event30627_trackID7_opNum3_merged.root → copied (ms_ch=3)
[PASS] wvfFind_event43551_trackID12_opNum9_merged.root → copied (ms_ch=9)
[PASS] wvfFind_event45121_trackID8_opNum9_merged.root → copied (ms_ch=9)
[PASS] wvfFind_event17060_trackID12_opNum8_merged.root → copied (ms_ch=8)
[PASS] wvfFind_event20798_trackID17_opNum9_merged.root → copied (ms_ch=9)
[PASS] wvfFind_event7089_trackID1_opNum9_merged.root → copied (ms_ch=9)
[PASS] wvfFind_event19084_trackID17_opNum6_merged.root → copied (ms_ch=6)
[PASS] wvfFind_event27284_trackID1_opNum9_merged.root → copied (ms_ch=9)
[PASS] wvfFind_event13844_trackID10_opNum5_merged.root → copied (ms_ch=5)
[PASS] wvfFind_event3329_trackID0_opNum5_merged.root → copied (ms_ch=5)
[PASS] wvfFind_event39227_trackID13_opNum9.root → copied (ms_ch=9)
[PASS] wvfFind_event42720_trackID7_opNum8_merged.root → copied (ms_ch=8)
[PASS] wvfFind_event12115_trackID5_opNum5_merged.root → copied (ms_ch=5)
[PASS] wvfFind_event35543_trackID1_opNum9_merged.root → copied (ms_ch=9)
[PASS] wvfFind_event25688_trackID6_opNum9_merged.root → copied (ms_ch=9)
[PASS] wvfFind_event24405_trackID12_opNum9_merged.root → copied (ms_ch=9)
[PASS] wvfFind_event16542_trackID10_opNum9_merged.root → copied (ms_ch=9)
[PASS] wvfFind_event329_trackID0_opNum5_merged.root → copied (ms_ch=5)
[SKIP] wvfFind_event19162_trackID10_opNum1_merged.root (ms_ch=1)
[PASS] wvfFind_event46309_trackID7_opNum7_merged.root → copied (ms_ch=7)
[PASS] wvfFind_event24754_trackID7_opNum9_merged.root → copied (ms_ch=9)
[PASS] wvfFind_event22289_trackID9_opNum9_merged.root → copied (ms_ch=9)
[PASS] wvfFind_event19169_trackID17_opNum3_merged.root → copied (ms_ch=3)
[PASS] wvfFind_event211_trackID13_opNum9_merged.root → copied (ms_ch=9)
[PASS] wvfFind_event21858_trackID6_opNum7_merged.root → copied (ms_ch=7)
[PASS] wvfFind_event3188_trackID21_opNum9_merged.root → copied (ms_ch=9)
[SKIP] wvfFind_event28840_trackID7_opNum1_merged.root (ms_ch=1)
[PASS] wvfFind_event7835_trackID20_opNum9_merged.root → copied (ms_ch=9)
[PASS] wvfFind_event4035_trackID9_opNum9_merged.root → copied (ms_ch=9)
[PASS] wvfFind_event14559_trackID10_opNum8_merged.root → copied (ms_ch=8)
[SKIP] wvfFind_event14519_trackID12_opNum1_merged.root (ms_ch=1)
[PASS] wvfFind_event6040_trackID9_opNum9_merged.root → copied (ms_ch=9)
[PASS] wvfFind_event4143_trackID7_opNum9_merged.root → copied (ms_ch=9)
[PASS] wvfFind_event18257_trackID1_opNum3_merged.root → copied (ms_ch=3)
[PASS] wvfFind_event6778_trackID14_opNum6_merged.root → copied (ms_ch=6)
[PASS] wvfFind_event17948_trackID5_opNum9_merged.root → copied (ms_ch=9)
[PASS] wvfFind_event48173_trackID26_opNum9_merged.root → copied (ms_ch=9)
[PASS] wvfFind_event48634_trackID26_opNum9_merged.root → copied (ms_ch=9)
[PASS] wvfFind_event44212_trackID16_opNum8_merged.root → copied (ms_ch=8)
[PASS] wvfFind_event17689_trackID5_opNum4_merged.root → copied (ms_ch=4)
[PASS] wvfFind_event19606_trackID23_opNum9_merged.root → copied (ms_ch=9)
[PASS] wvfFind_event22422_trackID29_opNum5_merged.root → copied (ms_ch=5)
[PASS] wvfFind_event14360_trackID5_opNum9_merged.root → copied (ms_ch=9)
[PASS] wvfFind_event1039_trackID13_opNum9_merged.root → copied (ms_ch=9)
[PASS] wvfFind_event29085_trackID15_opNum9_merged.root → copied (ms_ch=9)
[PASS] wvfFind_event30268_trackID2_opNum3_merged.root → copied (ms_ch=3)
[PASS] wvfFind_event43837_trackID5_opNum3_merged.root → copied (ms_ch=3)
[PASS] wvfFind_event13165_trackID11_opNum6_merged.root → copied (ms_ch=6)
[PASS] wvfFind_event42327_trackID18_opNum9_merged.root → copied (ms_ch=9)
[PASS] wvfFind_event7219_trackID8_opNum4_merged.root → copied (ms_ch=4)
[PASS] wvfFind_event13057_trackID2_opNum8_merged.root → copied (ms_ch=8)
[PASS] wvfFind_event48758_trackID3_opNum9_merged.root → copied (ms_ch=9)
[PASS] wvfFind_event27782_trackID7_opNum9_merged.root → copied (ms_ch=9)
[PASS] wvfFind_event41459_trackID5_opNum9_merged.root → copied (ms_ch=9)
[PASS] wvfFind_event11643_trackID8_opNum3_merged.root → copied (ms_ch=3)
[PASS] wvfFind_event15239_trackID2_opNum9_merged.root → copied (ms_ch=9)
[PASS] wvfFind_event22840_trackID17_opNum8_merged.root → copied (ms_ch=8)
[PASS] wvfFind_event29724_trackID5_opNum9_merged.root → copied (ms_ch=9)
[PASS] wvfFind_event6727_trackID13_opNum8_merged.root → copied (ms_ch=8)
[PASS] wvfFind_event21699_trackID11_opNum9_merged.root → copied (ms_ch=9)
[PASS] wvfFind_event19850_trackID10_opNum6_merged.root → copied (ms_ch=6)
[PASS] wvfFind_event2201_trackID2_opNum8_merged.root → copied (ms_ch=8)
[PASS] wvfFind_event26562_trackID12_opNum9_merged.root → copied (ms_ch=9)
[PASS] wvfFind_event7120_trackID5_opNum4_merged.root → copied (ms_ch=4)
[PASS] wvfFind_event5616_trackID22_opNum3_merged.root → copied (ms_ch=3)
[PASS] wvfFind_event39277_trackID9_opNum9_merged.root → copied (ms_ch=9)
[PASS] wvfFind_event4427_trackID0_opNum5_merged.root → copied (ms_ch=5)
[PASS] wvfFind_event25127_trackID2_opNum9_merged.root → copied (ms_ch=9)
[PASS] wvfFind_event17482_trackID21_opNum4_merged.root → copied (ms_ch=4)
[PASS] wvfFind_event28565_trackID10_opNum9_merged.root → copied (ms_ch=9)
[PASS] wvfFind_event3274_trackID11_opNum9_merged.root → copied (ms_ch=9)
[SKIP] wvfFind_event32128_trackID11_opNum1_merged.root (ms_ch=1)
[SKIP] wvfFind_event11389_trackID7_opNum2_merged.root (ms_ch=2)
[PASS] wvfFind_event9469_trackID9_opNum9_merged.root → copied (ms_ch=9)
[PASS] wvfFind_event19532_trackID14_opNum9_merged.root → copied (ms_ch=9)
[PASS] wvfFind_event7080_trackID3_opNum9_merged.root → copied (ms_ch=9)
[PASS] wvfFind_event13223_trackID22_opNum9_merged.root → copied (ms_ch=9)
[PASS] wvfFind_event16920_trackID1_opNum9_merged.root → copied (ms_ch=9)
[PASS] wvfFind_event2748_trackID7_opNum9_merged.root → copied (ms_ch=9)
[PASS] wvfFind_event20939_trackID22_opNum8_merged.root → copied (ms_ch=8)
[PASS] wvfFind_event19952_trackID14_opNum3_merged.root → copied (ms_ch=3)
[PASS] wvfFind_event22735_trackID9_opNum9_merged.root → copied (ms_ch=9)
[PASS] wvfFind_event27136_trackID10_opNum8_merged.root → copied (ms_ch=8)
[PASS] wvfFind_event13738_trackID27_opNum4_merged.root → copied (ms_ch=4)
[PASS] wvfFind_event41824_trackID4_opNum9_merged.root → copied (ms_ch=9)
[PASS] wvfFind_event16474_trackID0_opNum6_merged.root → copied (ms_ch=6)
[PASS] wvfFind_event27544_trackID6_opNum3_merged.root → copied (ms_ch=3)
[PASS] wvfFind_event48633_trackID6_opNum9_merged.root → copied (ms_ch=9)
[PASS] wvfFind_event13295_trackID9_opNum9_merged.root → copied (ms_ch=9)
[PASS] wvfFind_event4109_trackID1_opNum7_merged.root → copied (ms_ch=7)
[PASS] wvfFind_event16636_trackID2_opNum5_merged.root → copied (ms_ch=5)
[PASS] wvfFind_event14607_trackID12_opNum5_merged.root → copied (ms_ch=5)
[PASS] wvfFind_event7962_trackID2_opNum5_merged.root → copied (ms_ch=5)
[PASS] wvfFind_event11340_trackID16_opNum9_merged.root → copied (ms_ch=9)
[PASS] wvfFind_event28268_trackID16_opNum9_merged.root → copied (ms_ch=9)
[PASS] wvfFind_event645_trackID13_opNum8_merged.root → copied (ms_ch=8)
[PASS] wvfFind_event6607_trackID2_opNum9_merged.root → copied (ms_ch=9)
[PASS] wvfFind_event39942_trackID1_opNum8_merged.root → copied (ms_ch=8)
[PASS] wvfFind_event24722_trackID13_opNum9_merged.root → copied (ms_ch=9)
[PASS] wvfFind_event304_trackID5_opNum5_merged.root → copied (ms_ch=5)
[PASS] wvfFind_event2409_trackID7_opNum9_merged.root → copied (ms_ch=9)
[PASS] wvfFind_event15926_trackID2_opNum9_merged.root → copied (ms_ch=9)
[PASS] wvfFind_event11546_trackID2_opNum9_merged.root → copied (ms_ch=9)
[PASS] wvfFind_event25769_trackID6_opNum9_merged.root → copied (ms_ch=9)
[PASS] wvfFind_event16152_trackID25_opNum4_merged.root → copied (ms_ch=4)
[PASS] wvfFind_event19178_trackID21_opNum8_merged.root → copied (ms_ch=8)
[SKIP] wvfFind_event15167_trackID29_opNum1_merged.root (ms_ch=1)
[PASS] wvfFind_event18481_trackID5_opNum3_merged.root → copied (ms_ch=3)
[PASS] wvfFind_event16920_trackID17_opNum5_merged.root → copied (ms_ch=5)
[PASS] wvfFind_event13159_trackID20_opNum4_merged.root → copied (ms_ch=4)
[PASS] wvfFind_event45458_trackID9_opNum5_merged.root → copied (ms_ch=5)
[PASS] wvfFind_event12935_trackID16_opNum9_merged.root → copied (ms_ch=9)
[PASS] wvfFind_event24053_trackID0_opNum9_merged.root → copied (ms_ch=9)
[SKIP] wvfFind_event13313_trackID9_opNum2_merged.root (ms_ch=2)
[PASS] wvfFind_event45432_trackID18_opNum7_merged.root → copied (ms_ch=7)
[PASS] wvfFind_event46012_trackID11_opNum9_merged.root → copied (ms_ch=9)
[PASS] wvfFind_event49606_trackID9_opNum8_merged.root → copied (ms_ch=8)
[PASS] wvfFind_event5550_trackID12_opNum9_merged.root → copied (ms_ch=9)
[PASS] wvfFind_event29525_trackID14_opNum8_merged.root → copied (ms_ch=8)
[PASS] wvfFind_event19567_trackID2_opNum9_merged.root → copied (ms_ch=9)
[PASS] wvfFind_event43353_trackID2_opNum9_merged.root → copied (ms_ch=9)
[PASS] wvfFind_event19875_trackID29_opNum9_merged.root → copied (ms_ch=9)
[PASS] wvfFind_event13533_trackID15_opNum4_merged.root → copied (ms_ch=4)
[PASS] wvfFind_event28686_trackID5_opNum9_merged.root → copied (ms_ch=9)
[PASS] wvfFind_event2282_trackID18_opNum9_merged.root → copied (ms_ch=9)
[PASS] wvfFind_event7419_trackID4_opNum9_merged.root → copied (ms_ch=9)
[PASS] wvfFind_event6060_trackID6_opNum9_merged.root → copied (ms_ch=9)
[PASS] wvfFind_event2856_trackID18_opNum9_merged.root → copied (ms_ch=9)
[PASS] wvfFind_event4651_trackID13_opNum9_merged.root → copied (ms_ch=9)
[PASS] wvfFind_event42440_trackID9_opNum9_merged.root → copied (ms_ch=9)
[PASS] wvfFind_event10880_trackID25_opNum6_merged.root → copied (ms_ch=6)
[PASS] wvfFind_event38758_trackID6_opNum7_merged.root → copied (ms_ch=7)
[PASS] wvfFind_event14656_trackID19_opNum5_merged.root → copied (ms_ch=5)
[PASS] wvfFind_event12066_trackID5_opNum9_merged.root → copied (ms_ch=9)
[PASS] wvfFind_event8235_trackID0_opNum9_merged.root → copied (ms_ch=9)
[SKIP] wvfFind_event5366_trackID0_opNum1_merged.root (ms_ch=1)
[PASS] wvfFind_event20548_trackID18_opNum7_merged.root → copied (ms_ch=7)
[SKIP] wvfFind_event8950_trackID23_opNum2_merged.root (ms_ch=2)
[PASS] wvfFind_event13889_trackID11_opNum9_merged.root → copied (ms_ch=9)
[PASS] wvfFind_event22378_trackID5_opNum9_merged.root → copied (ms_ch=9)
[PASS] wvfFind_event28327_trackID2_opNum3.root → copied (ms_ch=3)
[PASS] wvfFind_event36637_trackID4_opNum8_merged.root → copied (ms_ch=8)
[PASS] wvfFind_event1825_trackID25_opNum3_merged.root → copied (ms_ch=3)
[PASS] wvfFind_event14858_trackID10_opNum9_merged.root → copied (ms_ch=9)
[SKIP] wvfFind_event39559_trackID7_opNum1_merged.root (ms_ch=1)
[PASS] wvfFind_event11637_trackID10_opNum9_merged.root → copied (ms_ch=9)
[PASS] wvfFind_event7595_trackID0_opNum6_merged.root → copied (ms_ch=6)
[PASS] wvfFind_event21296_trackID9_opNum9_merged.root → copied (ms_ch=9)
[PASS] wvfFind_event14088_trackID17_opNum8_merged.root → copied (ms_ch=8)
[PASS] wvfFind_event7090_trackID2_opNum9_merged.root → copied (ms_ch=9)
[PASS] wvfFind_event11132_trackID16_opNum3_merged.root → copied (ms_ch=3)
[PASS] wvfFind_event15875_trackID16_opNum5_merged.root → copied (ms_ch=5)
[PASS] wvfFind_event10762_trackID11_opNum8_merged.root → copied (ms_ch=8)
[PASS] wvfFind_event48010_trackID3_opNum9.root → copied (ms_ch=9)
[SKIP] wvfFind_event15683_trackID10_opNum1_merged.root (ms_ch=1)
[PASS] wvfFind_event24753_trackID21_opNum9_merged.root → copied (ms_ch=9)
[PASS] wvfFind_event28130_trackID2_opNum9_merged.root → copied (ms_ch=9)
[PASS] wvfFind_event24996_trackID4_opNum9_merged.root → copied (ms_ch=9)
[PASS] wvfFind_event7302_trackID0_opNum6.root → copied (ms_ch=6)
[PASS] wvfFind_event2469_trackID25_opNum9_merged.root → copied (ms_ch=9)
[PASS] wvfFind_event47552_trackID23_opNum9_merged.root → copied (ms_ch=9)
[PASS] wvfFind_event44873_trackID15_opNum9_merged.root → copied (ms_ch=9)
[PASS] wvfFind_event3337_trackID11_opNum8_merged.root → copied (ms_ch=8)
[PASS] wvfFind_event24693_trackID26_opNum5_merged.root → copied (ms_ch=5)
[PASS] wvfFind_event5380_trackID5_opNum9_merged.root → copied (ms_ch=9)
[PASS] wvfFind_event11826_trackID30_opNum5_merged.root → copied (ms_ch=5)
[PASS] wvfFind_event45480_trackID27_opNum5_merged.root → copied (ms_ch=5)
[PASS] wvfFind_event14498_trackID0_opNum9_merged.root → copied (ms_ch=9)
[SKIP] wvfFind_event2418_trackID18_opNum2_merged.root (ms_ch=2)
[PASS] wvfFind_event14833_trackID9_opNum4_merged.root → copied (ms_ch=4)
[SKIP] wvfFind_event1159_trackID19_opNum2.root (ms_ch=2)
[PASS] wvfFind_event18193_trackID8_opNum8_merged.root → copied (ms_ch=8)
[PASS] wvfFind_event29261_trackID6_opNum9_merged.root → copied (ms_ch=9)
[PASS] wvfFind_event8292_trackID0_opNum9_merged.root → copied (ms_ch=9)
[PASS] wvfFind_event22434_trackID13_opNum4_merged.root → copied (ms_ch=4)
[PASS] wvfFind_event24459_trackID29_opNum5_merged.root → copied (ms_ch=5)
[PASS] wvfFind_event43257_trackID15_opNum8_merged.root → copied (ms_ch=8)
[PASS] wvfFind_event43241_trackID23_opNum7_merged.root → copied (ms_ch=7)
[SKIP] wvfFind_event23180_trackID6_opNum1_merged.root (ms_ch=1)
[PASS] wvfFind_event22696_trackID0_opNum8_merged.root → copied (ms_ch=8)
[PASS] wvfFind_event38688_trackID15_opNum6_merged.root → copied (ms_ch=6)
[PASS] wvfFind_event6321_trackID6_opNum9_merged.root → copied (ms_ch=9)
[PASS] wvfFind_event13860_trackID2_opNum9_merged.root → copied (ms_ch=9)
[PASS] wvfFind_event42037_trackID1_opNum8_merged.root → copied (ms_ch=8)
[PASS] wvfFind_event20075_trackID4_opNum9_merged.root → copied (ms_ch=9)
[PASS] wvfFind_event17301_trackID4_opNum9_merged.root → copied (ms_ch=9)
[PASS] wvfFind_event15400_trackID13_opNum9_merged.root → copied (ms_ch=9)
[PASS] wvfFind_event17522_trackID2_opNum5_merged.root → copied (ms_ch=5)
[PASS] wvfFind_event11991_trackID9_opNum9_merged.root → copied (ms_ch=9)
[SKIP] wvfFind_event2000_trackID17_opNum1_merged.root (ms_ch=1)
[PASS] wvfFind_event13780_trackID22_opNum3_merged.root → copied (ms_ch=3)
[PASS] wvfFind_event10902_trackID7_opNum9_merged.root → copied (ms_ch=9)
[PASS] wvfFind_event27399_trackID15_opNum9_merged.root → copied (ms_ch=9)
[PASS] wvfFind_event18178_trackID2_opNum6_merged.root → copied (ms_ch=6)
[PASS] wvfFind_event14538_trackID23_opNum9_merged.root → copied (ms_ch=9)
[PASS] wvfFind_event35548_trackID7_opNum9_merged.root → copied (ms_ch=9)
[PASS] wvfFind_event31903_trackID9_opNum4_merged.root → copied (ms_ch=4)
[PASS] wvfFind_event14300_trackID2_opNum9.root → copied (ms_ch=9)
[PASS] wvfFind_event15472_trackID0_opNum6_merged.root → copied (ms_ch=6)
[PASS] wvfFind_event28853_trackID4_opNum8_merged.root → copied (ms_ch=8)
[PASS] wvfFind_event22076_trackID20_opNum9_merged.root → copied (ms_ch=9)
[PASS] wvfFind_event48994_trackID0_opNum6_merged.root → copied (ms_ch=6)
[PASS] wvfFind_event3381_trackID24_opNum3_merged.root → copied (ms_ch=3)
[PASS] wvfFind_event14888_trackID9_opNum8.root → copied (ms_ch=8)
[SKIP] wvfFind_event18919_trackID20_opNum1_merged.root (ms_ch=1)
[PASS] wvfFind_event48006_trackID15_opNum5_merged.root → copied (ms_ch=5)
[PASS] wvfFind_event10929_trackID16_opNum9_merged.root → copied (ms_ch=9)
[PASS] wvfFind_event42304_trackID8_opNum9_merged.root → copied (ms_ch=9)
[PASS] wvfFind_event11646_trackID21_opNum9_merged.root → copied (ms_ch=9)
[PASS] wvfFind_event30254_trackID6_opNum9_merged.root → copied (ms_ch=9)
[PASS] wvfFind_event20484_trackID17_opNum3_merged.root → copied (ms_ch=3)
[PASS] wvfFind_event2928_trackID9_opNum5_merged.root → copied (ms_ch=5)
[PASS] wvfFind_event28556_trackID4_opNum9_merged.root → copied (ms_ch=9)
[PASS] wvfFind_event31073_trackID1_opNum9_merged.root → copied (ms_ch=9)
[PASS] wvfFind_event39361_trackID11_opNum9_merged.root → copied (ms_ch=9)
[PASS] wvfFind_event20565_trackID1_opNum9_merged.root → copied (ms_ch=9)
[PASS] wvfFind_event24430_trackID29_opNum7_merged.root → copied (ms_ch=7)
[PASS] wvfFind_event18348_trackID3_opNum9_merged.root → copied (ms_ch=9)
[PASS] wvfFind_event25383_trackID23_opNum9_merged.root → copied (ms_ch=9)
[PASS] wvfFind_event42558_trackID4_opNum9_merged.root → copied (ms_ch=9)
[PASS] wvfFind_event32128_trackID5_opNum9_merged.root → copied (ms_ch=9)
[SKIP] wvfFind_event15008_trackID19_opNum2.root (ms_ch=2)
[PASS] wvfFind_event15047_trackID7_opNum5_merged.root → copied (ms_ch=5)
[PASS] wvfFind_event18287_trackID1_opNum3_merged.root → copied (ms_ch=3)
[PASS] wvfFind_event31341_trackID16_opNum9_merged.root → copied (ms_ch=9)
[PASS] wvfFind_event8154_trackID17_opNum3_merged.root → copied (ms_ch=3)
[PASS] wvfFind_event18363_trackID13_opNum9_merged.root → copied (ms_ch=9)
[PASS] wvfFind_event24175_trackID0_opNum6_merged.root → copied (ms_ch=6)
[PASS] wvfFind_event4810_trackID0_opNum3_merged.root → copied (ms_ch=3)
[PASS] wvfFind_event12162_trackID27_opNum6_merged.root → copied (ms_ch=6)
[PASS] wvfFind_event49629_trackID28_opNum8_merged.root → copied (ms_ch=8)
[PASS] wvfFind_event8116_trackID11_opNum9_merged.root → copied (ms_ch=9)
[PASS] wvfFind_event29734_trackID35_opNum6_merged.root → copied (ms_ch=6)
[PASS] wvfFind_event7960_trackID14_opNum9_merged.root → copied (ms_ch=9)
[PASS] wvfFind_event25581_trackID21_opNum9_merged.root → copied (ms_ch=9)
[PASS] wvfFind_event6808_trackID10_opNum5_merged.root → copied (ms_ch=5)
[PASS] wvfFind_event316_trackID4_opNum8_merged.root → copied (ms_ch=8)
[PASS] wvfFind_event7241_trackID14_opNum9_merged.root → copied (ms_ch=9)
[PASS] wvfFind_event40625_trackID14_opNum3_merged.root → copied (ms_ch=3)
[SKIP] wvfFind_event1513_trackID8_opNum1_merged.root (ms_ch=1)
[PASS] wvfFind_event27761_trackID16_opNum7_merged.root → copied (ms_ch=7)
[PASS] wvfFind_event13091_trackID3_opNum6_merged.root → copied (ms_ch=6)
[PASS] wvfFind_event24853_trackID10_opNum9_merged.root → copied (ms_ch=9)
[PASS] wvfFind_event9517_trackID14_opNum7_merged.root → copied (ms_ch=7)
[PASS] wvfFind_event28511_trackID4_opNum9_merged.root → copied (ms_ch=9)
[PASS] wvfFind_event8201_trackID5_opNum9_merged.root → copied (ms_ch=9)
[PASS] wvfFind_event22722_trackID16_opNum9_merged.root → copied (ms_ch=9)
[PASS] wvfFind_event42450_trackID17_opNum9_merged.root → copied (ms_ch=9)
[PASS] wvfFind_event39951_trackID6_opNum9_merged.root → copied (ms_ch=9)
[PASS] wvfFind_event46367_trackID8_opNum9_merged.root → copied (ms_ch=9)
[PASS] wvfFind_event6071_trackID0_opNum3.root → copied (ms_ch=3)
[PASS] wvfFind_event2135_trackID19_opNum6_merged.root → copied (ms_ch=6)
[PASS] wvfFind_event2409_trackID9_opNum9_merged.root → copied (ms_ch=9)
[PASS] wvfFind_event7793_trackID3_opNum9_merged.root → copied (ms_ch=9)
[PASS] wvfFind_event3143_trackID1_opNum9_merged.root → copied (ms_ch=9)
[PASS] wvfFind_event3758_trackID0_opNum9_merged.root → copied (ms_ch=9)
[PASS] wvfFind_event22789_trackID14_opNum9_merged.root → copied (ms_ch=9)
[PASS] wvfFind_event27658_trackID23_opNum4_merged.root → copied (ms_ch=4)
[PASS] wvfFind_event32460_trackID1_opNum9_merged.root → copied (ms_ch=9)
[PASS] wvfFind_event20369_trackID22_opNum9_merged.root → copied (ms_ch=9)
[PASS] wvfFind_event18139_trackID6_opNum5_merged.root → copied (ms_ch=5)
[PASS] wvfFind_event11224_trackID0_opNum9_merged.root → copied (ms_ch=9)
[PASS] wvfFind_event44967_trackID12_opNum9_merged.root → copied (ms_ch=9)
[PASS] wvfFind_event27657_trackID13_opNum3_merged.root → copied (ms_ch=3)
[PASS] wvfFind_event15028_trackID15_opNum9_merged.root → copied (ms_ch=9)
[PASS] wvfFind_event27140_trackID4_opNum9_merged.root → copied (ms_ch=9)
[PASS] wvfFind_event15905_trackID10_opNum9_merged.root → copied (ms_ch=9)
[PASS] wvfFind_event8959_trackID5_opNum9_merged.root → copied (ms_ch=9)
[PASS] wvfFind_event4145_trackID8_opNum9_merged.root → copied (ms_ch=9)
[PASS] wvfFind_event24639_trackID0_opNum9_merged.root → copied (ms_ch=9)
[PASS] wvfFind_event27905_trackID13_opNum7_merged.root → copied (ms_ch=7)
[PASS] wvfFind_event45812_trackID14_opNum4_merged.root → copied (ms_ch=4)
[PASS] wvfFind_event12926_trackID17_opNum8_merged.root → copied (ms_ch=8)
[PASS] wvfFind_event18124_trackID0_opNum5_merged.root → copied (ms_ch=5)
[SKIP] wvfFind_event13053_trackID11_opNum1_merged.root (ms_ch=1)
[PASS] wvfFind_event6022_trackID14_opNum9_merged.root → copied (ms_ch=9)
[PASS] wvfFind_event19663_trackID5_opNum9_merged.root → copied (ms_ch=9)
[PASS] wvfFind_event5444_trackID18_opNum9_merged.root → copied (ms_ch=9)
[PASS] wvfFind_event12810_trackID8_opNum3_merged.root → copied (ms_ch=3)
[PASS] wvfFind_event41857_trackID1_opNum9_merged.root → copied (ms_ch=9)
[PASS] wvfFind_event20295_trackID12_opNum4_merged.root → copied (ms_ch=4)
[PASS] wvfFind_event7335_trackID8_opNum7_merged.root → copied (ms_ch=7)
[PASS] wvfFind_event28667_trackID13_opNum9_merged.root → copied (ms_ch=9)
[PASS] wvfFind_event10466_trackID10_opNum9_merged.root → copied (ms_ch=9)
[PASS] wvfFind_event20677_trackID9_opNum7_merged.root → copied (ms_ch=7)
[PASS] wvfFind_event19375_trackID15_opNum4_merged.root → copied (ms_ch=4)
[SKIP] wvfFind_event48811_trackID2_opNum1_merged.root (ms_ch=1)
[PASS] wvfFind_event18264_trackID21_opNum9_merged.root → copied (ms_ch=9)
[PASS] wvfFind_event8031_trackID24_opNum5_merged.root → copied (ms_ch=5)
[PASS] wvfFind_event19703_trackID7_opNum7_merged.root → copied (ms_ch=7)
[PASS] wvfFind_event44757_trackID11_opNum6_merged.root → copied (ms_ch=6)
[PASS] wvfFind_event43990_trackID2_opNum4_merged.root → copied (ms_ch=4)
[PASS] wvfFind_event29761_trackID2_opNum9_merged.root → copied (ms_ch=9)
[PASS] wvfFind_event41588_trackID20_opNum3_merged.root → copied (ms_ch=3)
[PASS] wvfFind_event21604_trackID7_opNum7_merged.root → copied (ms_ch=7)
[PASS] wvfFind_event24859_trackID25_opNum7_merged.root → copied (ms_ch=7)
[PASS] wvfFind_event4670_trackID5_opNum9_merged.root → copied (ms_ch=9)
[PASS] wvfFind_event27005_trackID13_opNum5_merged.root → copied (ms_ch=5)
[PASS] wvfFind_event19031_trackID6_opNum8_merged.root → copied (ms_ch=8)
[PASS] wvfFind_event4872_trackID9_opNum9_merged.root → copied (ms_ch=9)
[PASS] wvfFind_event6124_trackID27_opNum9_merged.root → copied (ms_ch=9)
[SKIP] wvfFind_event286_trackID18_opNum1_merged.root (ms_ch=1)
[PASS] wvfFind_event13235_trackID6_opNum6_merged.root → copied (ms_ch=6)
[PASS] wvfFind_event3496_trackID12_opNum4_merged.root → copied (ms_ch=4)
[PASS] wvfFind_event2593_trackID14_opNum5_merged.root → copied (ms_ch=5)
[SKIP] wvfFind_event19717_trackID13_opNum2_merged.root (ms_ch=2)
[PASS] wvfFind_event43194_trackID3_opNum9_merged.root → copied (ms_ch=9)
[PASS] wvfFind_event38662_trackID1_opNum9_merged.root → copied (ms_ch=9)
[PASS] wvfFind_event9511_trackID9_opNum3_merged.root → copied (ms_ch=3)
[PASS] wvfFind_event48236_trackID7_opNum9_merged.root → copied (ms_ch=9)
[PASS] wvfFind_event44605_trackID12_opNum3_merged.root → copied (ms_ch=3)
[PASS] wvfFind_event40976_trackID6_opNum9_merged.root → copied (ms_ch=9)
[PASS] wvfFind_event13407_trackID12_opNum5_merged.root → copied (ms_ch=5)
[PASS] wvfFind_event5629_trackID9_opNum5_merged.root → copied (ms_ch=5)
[PASS] wvfFind_event14525_trackID4_opNum9_merged.root → copied (ms_ch=9)
[PASS] wvfFind_event11502_trackID10_opNum6_merged.root → copied (ms_ch=6)
[PASS] wvfFind_event39978_trackID6_opNum9_merged.root → copied (ms_ch=9)
[PASS] wvfFind_event41776_trackID6_opNum9_merged.root → copied (ms_ch=9)
[PASS] wvfFind_event5414_trackID12_opNum9_merged.root → copied (ms_ch=9)
[PASS] wvfFind_event43987_trackID5_opNum6_merged.root → copied (ms_ch=6)
[PASS] wvfFind_event18512_trackID14_opNum6_merged.root → copied (ms_ch=6)
[PASS] wvfFind_event2273_trackID6_opNum9_merged.root → copied (ms_ch=9)
[PASS] wvfFind_event2924_trackID5_opNum9_merged.root → copied (ms_ch=9)
[PASS] wvfFind_event17916_trackID5_opNum9_merged.root → copied (ms_ch=9)
[PASS] wvfFind_event22330_trackID8_opNum9_merged.root → copied (ms_ch=9)
[PASS] wvfFind_event48176_trackID1_opNum5_merged.root → copied (ms_ch=5)
[PASS] wvfFind_event958_trackID8_opNum9_merged.root → copied (ms_ch=9)
[PASS] wvfFind_event15467_trackID9_opNum9_merged.root → copied (ms_ch=9)
[SKIP] wvfFind_event39451_trackID6_opNum1_merged.root (ms_ch=1)
[PASS] wvfFind_event23993_trackID15_opNum6_merged.root → copied (ms_ch=6)
[PASS] wvfFind_event31075_trackID19_opNum6_merged.root → copied (ms_ch=6)
[PASS] wvfFind_event30439_trackID19_opNum9_merged.root → copied (ms_ch=9)
[PASS] wvfFind_event22044_trackID10_opNum5_merged.root → copied (ms_ch=5)
[PASS] wvfFind_event20177_trackID10_opNum9_merged.root → copied (ms_ch=9)
[PASS] wvfFind_event14449_trackID23_opNum8_merged.root → copied (ms_ch=8)
[PASS] wvfFind_event9977_trackID1_opNum6_merged.root → copied (ms_ch=6)
[SKIP] wvfFind_event557_trackID15_opNum1_merged.root (ms_ch=1)
[PASS] wvfFind_event4830_trackID18_opNum6_merged.root → copied (ms_ch=6)
[PASS] wvfFind_event21113_trackID0_opNum9_merged.root → copied (ms_ch=9)
[PASS] wvfFind_event7640_trackID12_opNum9_merged.root → copied (ms_ch=9)
[PASS] wvfFind_event21708_trackID1_opNum9_merged.root → copied (ms_ch=9)
[PASS] wvfFind_event16033_trackID9_opNum9_merged.root → copied (ms_ch=9)
[PASS] wvfFind_event46280_trackID21_opNum9_merged.root → copied (ms_ch=9)
[PASS] wvfFind_event3153_trackID0_opNum9_merged.root → copied (ms_ch=9)
[PASS] wvfFind_event3750_trackID2_opNum6_merged.root → copied (ms_ch=6)
[PASS] wvfFind_event25572_trackID12_opNum9_merged.root → copied (ms_ch=9)
[PASS] wvfFind_event32299_trackID4_opNum9_merged.root → copied (ms_ch=9)
[PASS] wvfFind_event41828_trackID19_opNum9_merged.root → copied (ms_ch=9)
[PASS] wvfFind_event48822_trackID11_opNum9_merged.root → copied (ms_ch=9)
[PASS] wvfFind_event11561_trackID9_opNum5_merged.root → copied (ms_ch=5)
[PASS] wvfFind_event48353_trackID11_opNum4_merged.root → copied (ms_ch=4)
[PASS] wvfFind_event28191_trackID10_opNum9_merged.root → copied (ms_ch=9)
[PASS] wvfFind_event4610_trackID22_opNum7_merged.root → copied (ms_ch=7)
[PASS] wvfFind_event14088_trackID14_opNum8_merged.root → copied (ms_ch=8)
[PASS] wvfFind_event27790_trackID15_opNum5_merged.root → copied (ms_ch=5)
[SKIP] wvfFind_event20600_trackID18_opNum1_merged.root (ms_ch=1)
[PASS] wvfFind_event4959_trackID14_opNum9_merged.root → copied (ms_ch=9)
[PASS] wvfFind_event30668_trackID8_opNum9_merged.root → copied (ms_ch=9)
[PASS] wvfFind_event5341_trackID9_opNum6_merged.root → copied (ms_ch=6)
[PASS] wvfFind_event10756_trackID13_opNum9_merged.root → copied (ms_ch=9)
[PASS] wvfFind_event21336_trackID6_opNum9_merged.root → copied (ms_ch=9)
[PASS] wvfFind_event18504_trackID41_opNum9_merged.root → copied (ms_ch=9)
[PASS] wvfFind_event16145_trackID33_opNum9_merged.root → copied (ms_ch=9)
[PASS] wvfFind_event27724_trackID4_opNum6_merged.root → copied (ms_ch=6)
[PASS] wvfFind_event10006_trackID11_opNum9_merged.root → copied (ms_ch=9)
[PASS] wvfFind_event2232_trackID7_opNum9_merged.root → copied (ms_ch=9)
[PASS] wvfFind_event30857_trackID17_opNum6_merged.root → copied (ms_ch=6)
[PASS] wvfFind_event7233_trackID6_opNum3_merged.root → copied (ms_ch=3)
[PASS] wvfFind_event45952_trackID29_opNum9_merged.root → copied (ms_ch=9)
[PASS] wvfFind_event16963_trackID7_opNum9_merged.root → copied (ms_ch=9)
[PASS] wvfFind_event29780_trackID7_opNum3.root → copied (ms_ch=3)
[PASS] wvfFind_event19198_trackID2_opNum5_merged.root → copied (ms_ch=5)
[PASS] wvfFind_event18203_trackID10_opNum9_merged.root → copied (ms_ch=9)
[PASS] wvfFind_event8089_trackID9_opNum8_merged.root → copied (ms_ch=8)
[PASS] wvfFind_event20528_trackID6_opNum8_merged.root → copied (ms_ch=8)
[PASS] wvfFind_event18364_trackID5_opNum3_merged.root → copied (ms_ch=3)
[PASS] wvfFind_event10874_trackID10_opNum9.root → copied (ms_ch=9)
[SKIP] wvfFind_event72_trackID7_opNum1_merged.root (ms_ch=1)
[SKIP] wvfFind_event13376_trackID14_opNum2_merged.root (ms_ch=2)
[PASS] wvfFind_event36889_trackID19_opNum8_merged.root → copied (ms_ch=8)
[PASS] wvfFind_event45738_trackID3_opNum9_merged.root → copied (ms_ch=9)
[PASS] wvfFind_event17517_trackID23_opNum9_merged.root → copied (ms_ch=9)
[PASS] wvfFind_event41944_trackID4_opNum9_merged.root → copied (ms_ch=9)
[PASS] wvfFind_event1823_trackID6_opNum9_merged.root → copied (ms_ch=9)
[PASS] wvfFind_event44945_trackID24_opNum9_merged.root → copied (ms_ch=9)
[PASS] wvfFind_event31565_trackID6_opNum9_merged.root → copied (ms_ch=9)
[PASS] wvfFind_event44266_trackID13_opNum6_merged.root → copied (ms_ch=6)
[PASS] wvfFind_event15658_trackID3_opNum5_merged.root → copied (ms_ch=5)
[PASS] wvfFind_event8212_trackID12_opNum6_merged.root → copied (ms_ch=6)
[PASS] wvfFind_event44605_trackID4_opNum5_merged.root → copied (ms_ch=5)
[PASS] wvfFind_event4967_trackID18_opNum9_merged.root → copied (ms_ch=9)
[PASS] wvfFind_event12571_trackID17_opNum8_merged.root → copied (ms_ch=8)
[PASS] wvfFind_event24059_trackID9_opNum8_merged.root → copied (ms_ch=8)
[PASS] wvfFind_event13869_trackID3_opNum9_merged.root → copied (ms_ch=9)
[PASS] wvfFind_event39559_trackID0_opNum9_merged.root → copied (ms_ch=9)
[PASS] wvfFind_event32606_trackID8_opNum4_merged.root → copied (ms_ch=4)
[PASS] wvfFind_event42031_trackID9_opNum5_merged.root → copied (ms_ch=5)
[SKIP] wvfFind_event22229_trackID23_opNum2_merged.root (ms_ch=2)
[PASS] wvfFind_event46060_trackID10_opNum5_merged.root → copied (ms_ch=5)
[SKIP] wvfFind_event28136_trackID12_opNum2_merged.root (ms_ch=2)
[SKIP] wvfFind_event39345_trackID13_opNum2_merged.root (ms_ch=2)
[PASS] wvfFind_event13023_trackID12_opNum8_merged.root → copied (ms_ch=8)
[PASS] wvfFind_event18756_trackID6_opNum9_merged.root → copied (ms_ch=9)
[PASS] wvfFind_event32673_trackID26_opNum4_merged.root → copied (ms_ch=4)
[PASS] wvfFind_event44473_trackID10_opNum3_merged.root → copied (ms_ch=3)
[PASS] wvfFind_event43862_trackID1_opNum8_merged.root → copied (ms_ch=8)
[PASS] wvfFind_event553_trackID6_opNum8_merged.root → copied (ms_ch=8)
[PASS] wvfFind_event12117_trackID18_opNum7_merged.root → copied (ms_ch=7)
[PASS] wvfFind_event38748_trackID5_opNum9_merged.root → copied (ms_ch=9)
[PASS] wvfFind_event1617_trackID8_opNum9_merged.root → copied (ms_ch=9)
[PASS] wvfFind_event22921_trackID6_opNum9_merged.root → copied (ms_ch=9)
[PASS] wvfFind_event5040_trackID12_opNum8_merged.root → copied (ms_ch=8)
[PASS] wvfFind_event18235_trackID6_opNum9_merged.root → copied (ms_ch=9)
[PASS] wvfFind_event2162_trackID11_opNum9_merged.root → copied (ms_ch=9)
[PASS] wvfFind_event12010_trackID4_opNum8_merged.root → copied (ms_ch=8)
[PASS] wvfFind_event41353_trackID13_opNum8_merged.root → copied (ms_ch=8)
[PASS] wvfFind_event7636_trackID16_opNum7_merged.root → copied (ms_ch=7)
[PASS] wvfFind_event43212_trackID0_opNum6_merged.root → copied (ms_ch=6)
[PASS] wvfFind_event27940_trackID0_opNum4_merged.root → copied (ms_ch=4)
[PASS] wvfFind_event17455_trackID22_opNum8_merged.root → copied (ms_ch=8)
[PASS] wvfFind_event2647_trackID4_opNum3_merged.root → copied (ms_ch=3)
[PASS] wvfFind_event7797_trackID6_opNum9_merged.root → copied (ms_ch=9)
[PASS] wvfFind_event16660_trackID14_opNum5_merged.root → copied (ms_ch=5)
[PASS] wvfFind_event40982_trackID17_opNum4_merged.root → copied (ms_ch=4)
[PASS] wvfFind_event24735_trackID7_opNum9_merged.root → copied (ms_ch=9)
[PASS] wvfFind_event32159_trackID10_opNum8_merged.root → copied (ms_ch=8)
[PASS] wvfFind_event18417_trackID6_opNum9_merged.root → copied (ms_ch=9)
[PASS] wvfFind_event1027_trackID0_opNum9_merged.root → copied (ms_ch=9)
[PASS] wvfFind_event13409_trackID9_opNum9_merged.root → copied (ms_ch=9)
[PASS] wvfFind_event7255_trackID14_opNum7_merged.root → copied (ms_ch=7)
[PASS] wvfFind_event28211_trackID2_opNum6_merged.root → copied (ms_ch=6)
[PASS] wvfFind_event41665_trackID3_opNum9_merged.root → copied (ms_ch=9)
[PASS] wvfFind_event599_trackID3_opNum9_merged.root → copied (ms_ch=9)
[PASS] wvfFind_event44600_trackID11_opNum9_merged.root → copied (ms_ch=9)
[SKIP] wvfFind_event45000_trackID11_opNum2_merged.root (ms_ch=2)
[PASS] wvfFind_event8034_trackID19_opNum3_merged.root → copied (ms_ch=3)
[PASS] wvfFind_event15396_trackID15_opNum9_merged.root → copied (ms_ch=9)
[PASS] wvfFind_event11411_trackID16_opNum9_merged.root → copied (ms_ch=9)
[SKIP] wvfFind_event49465_trackID32_opNum1_merged.root (ms_ch=1)
[PASS] wvfFind_event39950_trackID26_opNum4_merged.root → copied (ms_ch=4)
[PASS] wvfFind_event17971_trackID23_opNum9_merged.root → copied (ms_ch=9)
[PASS] wvfFind_event45910_trackID0_opNum5_merged.root → copied (ms_ch=5)
[PASS] wvfFind_event18346_trackID12_opNum9_merged.root → copied (ms_ch=9)
[PASS] wvfFind_event16900_trackID0_opNum9_merged.root → copied (ms_ch=9)
[PASS] wvfFind_event38349_trackID11_opNum9_merged.root → copied (ms_ch=9)
[PASS] wvfFind_event9321_trackID2_opNum6_merged.root → copied (ms_ch=6)
[PASS] wvfFind_event3442_trackID6_opNum6_merged.root → copied (ms_ch=6)
[PASS] wvfFind_event43326_trackID6_opNum9_merged.root → copied (ms_ch=9)
[PASS] wvfFind_event12544_trackID7_opNum9_merged.root → copied (ms_ch=9)
[PASS] wvfFind_event25440_trackID9_opNum9_merged.root → copied (ms_ch=9)
[PASS] wvfFind_event20056_trackID0_opNum8_merged.root → copied (ms_ch=8)
[SKIP] wvfFind_event14114_trackID9_opNum1_merged.root (ms_ch=1)
[PASS] wvfFind_event8393_trackID13_opNum5_merged.root → copied (ms_ch=5)
[PASS] wvfFind_event2719_trackID9_opNum9_merged.root → copied (ms_ch=9)
[PASS] wvfFind_event25889_trackID6_opNum5_merged.root → copied (ms_ch=5)
[PASS] wvfFind_event29732_trackID6_opNum9_merged.root → copied (ms_ch=9)
[PASS] wvfFind_event1179_trackID5_opNum5_merged.root → copied (ms_ch=5)
[PASS] wvfFind_event43216_trackID16_opNum4_merged.root → copied (ms_ch=4)
[PASS] wvfFind_event48864_trackID15_opNum9_merged.root → copied (ms_ch=9)
[PASS] wvfFind_event8861_trackID9_opNum9_merged.root → copied (ms_ch=9)
[PASS] wvfFind_event10532_trackID8_opNum5_merged.root → copied (ms_ch=5)
[PASS] wvfFind_event16664_trackID4_opNum4_merged.root → copied (ms_ch=4)
[PASS] wvfFind_event25273_trackID16_opNum9_merged.root → copied (ms_ch=9)
[PASS] wvfFind_event46360_trackID8_opNum8_merged.root → copied (ms_ch=8)
[PASS] wvfFind_event47094_trackID7_opNum3_merged.root → copied (ms_ch=3)
[PASS] wvfFind_event47076_trackID16_opNum8_merged.root → copied (ms_ch=8)
[PASS] wvfFind_event10988_trackID5_opNum3.root → copied (ms_ch=3)
[PASS] wvfFind_event20178_trackID6_opNum5_merged.root → copied (ms_ch=5)
[PASS] wvfFind_event25972_trackID22_opNum9_merged.root → copied (ms_ch=9)
[PASS] wvfFind_event35828_trackID14_opNum8_merged.root → copied (ms_ch=8)
[PASS] wvfFind_event5630_trackID0_opNum8_merged.root → copied (ms_ch=8)
[PASS] wvfFind_event46250_trackID7_opNum9_merged.root → copied (ms_ch=9)
[PASS] wvfFind_event49_trackID24_opNum9_merged.root → copied (ms_ch=9)
[PASS] wvfFind_event41249_trackID17_opNum8_merged.root → copied (ms_ch=8)
[PASS] wvfFind_event10984_trackID7_opNum8_merged.root → copied (ms_ch=8)
[PASS] wvfFind_event46896_trackID12_opNum9_merged.root → copied (ms_ch=9)
[PASS] wvfFind_event29447_trackID0_opNum9_merged.root → copied (ms_ch=9)
[PASS] wvfFind_event21904_trackID18_opNum9_merged.root → copied (ms_ch=9)
[SKIP] wvfFind_event38970_trackID12_opNum2.root (ms_ch=2)
[PASS] wvfFind_event44437_trackID20_opNum9_merged.root → copied (ms_ch=9)
[PASS] wvfFind_event25370_trackID1_opNum6_merged.root → copied (ms_ch=6)
[PASS] wvfFind_event7146_trackID21_opNum9_merged.root → copied (ms_ch=9)
[PASS] wvfFind_event7172_trackID14_opNum9_merged.root → copied (ms_ch=9)
[PASS] wvfFind_event28289_trackID4_opNum5_merged.root → copied (ms_ch=5)
[PASS] wvfFind_event25849_trackID13_opNum9_merged.root → copied (ms_ch=9)
[SKIP] wvfFind_event48789_trackID25_opNum1_merged.root (ms_ch=1)
[PASS] wvfFind_event20845_trackID15_opNum8_merged.root → copied (ms_ch=8)
[PASS] wvfFind_event30081_trackID26_opNum7_merged.root → copied (ms_ch=7)
[PASS] wvfFind_event17707_trackID1_opNum6_merged.root → copied (ms_ch=6)
[PASS] wvfFind_event6514_trackID9_opNum8_merged.root → copied (ms_ch=8)
[PASS] wvfFind_event24816_trackID4_opNum9_merged.root → copied (ms_ch=9)
[PASS] wvfFind_event14445_trackID7_opNum9_merged.root → copied (ms_ch=9)
[PASS] wvfFind_event38649_trackID20_opNum5_merged.root → copied (ms_ch=5)
[PASS] wvfFind_event18523_trackID19_opNum6_merged.root → copied (ms_ch=6)
[PASS] wvfFind_event13441_trackID11_opNum8_merged.root → copied (ms_ch=8)
[PASS] wvfFind_event11004_trackID11_opNum9_merged.root → copied (ms_ch=9)
[PASS] wvfFind_event28704_trackID6_opNum4_merged.root → copied (ms_ch=4)
[PASS] wvfFind_event13459_trackID1_opNum4.root → copied (ms_ch=4)
[PASS] wvfFind_event17169_trackID21_opNum3_merged.root → copied (ms_ch=3)
[PASS] wvfFind_event11421_trackID22_opNum6_merged.root → copied (ms_ch=6)
[PASS] wvfFind_event8802_trackID3_opNum9_merged.root → copied (ms_ch=9)
[PASS] wvfFind_event30182_trackID5_opNum9_merged.root → copied (ms_ch=9)
[PASS] wvfFind_event16584_trackID14_opNum9_merged.root → copied (ms_ch=9)
[PASS] wvfFind_event14196_trackID7_opNum6_merged.root → copied (ms_ch=6)
[SKIP] wvfFind_event24900_trackID15_opNum2.root (ms_ch=2)
[PASS] wvfFind_event11546_trackID17_opNum8_merged.root → copied (ms_ch=8)
[PASS] wvfFind_event35122_trackID26_opNum9_merged.root → copied (ms_ch=9)
[PASS] wvfFind_event8445_trackID9_opNum3_merged.root → copied (ms_ch=3)
[PASS] wvfFind_event32034_trackID10_opNum8_merged.root → copied (ms_ch=8)
[PASS] wvfFind_event43631_trackID18_opNum9_merged.root → copied (ms_ch=9)
[PASS] wvfFind_event25130_trackID2_opNum3_merged.root → copied (ms_ch=3)
[SKIP] wvfFind_event7734_trackID7_opNum1_merged.root (ms_ch=1)
[PASS] wvfFind_event21970_trackID4_opNum9_merged.root → copied (ms_ch=9)
[PASS] wvfFind_event44477_trackID3_opNum5_merged.root → copied (ms_ch=5)
[PASS] wvfFind_event24505_trackID5_opNum6_merged.root → copied (ms_ch=6)
[PASS] wvfFind_event9777_trackID14_opNum9_merged.root → copied (ms_ch=9)
[PASS] wvfFind_event11572_trackID16_opNum9_merged.root → copied (ms_ch=9)
[PASS] wvfFind_event18736_trackID9_opNum8_merged.root → copied (ms_ch=8)
[SKIP] wvfFind_event20926_trackID23_opNum2_merged.root (ms_ch=2)
[PASS] wvfFind_event22763_trackID13_opNum3_merged.root → copied (ms_ch=3)
[PASS] wvfFind_event13476_trackID6_opNum3_merged.root → copied (ms_ch=3)
[PASS] wvfFind_event40908_trackID19_opNum5_merged.root → copied (ms_ch=5)
[PASS] wvfFind_event42228_trackID12_opNum9_merged.root → copied (ms_ch=9)
[PASS] wvfFind_event26422_trackID10_opNum3_merged.root → copied (ms_ch=3)
[PASS] wvfFind_event14518_trackID0_opNum9_merged.root → copied (ms_ch=9)
[PASS] wvfFind_event16294_trackID29_opNum9_merged.root → copied (ms_ch=9)
[PASS] wvfFind_event11277_trackID9_opNum9_merged.root → copied (ms_ch=9)
[PASS] wvfFind_event4395_trackID6_opNum8_merged.root → copied (ms_ch=8)
[PASS] wvfFind_event287_trackID7_opNum9_merged.root → copied (ms_ch=9)
[PASS] wvfFind_event45477_trackID10_opNum9_merged.root → copied (ms_ch=9)
[PASS] wvfFind_event16270_trackID19_opNum7_merged.root → copied (ms_ch=7)
[PASS] wvfFind_event48726_trackID17_opNum9_merged.root → copied (ms_ch=9)
[PASS] wvfFind_event9307_trackID13_opNum5_merged.root → copied (ms_ch=5)
[PASS] wvfFind_event24698_trackID23_opNum9_merged.root → copied (ms_ch=9)
[PASS] wvfFind_event24696_trackID9_opNum5_merged.root → copied (ms_ch=5)
[PASS] wvfFind_event13304_trackID4_opNum8_merged.root → copied (ms_ch=8)
[PASS] wvfFind_event28511_trackID13_opNum4_merged.root → copied (ms_ch=4)
[PASS] wvfFind_event16539_trackID4_opNum8_merged.root → copied (ms_ch=8)
[PASS] wvfFind_event11344_trackID3_opNum5.root → copied (ms_ch=5)
[PASS] wvfFind_event13446_trackID6_opNum6_merged.root → copied (ms_ch=6)
[PASS] wvfFind_event11469_trackID20_opNum5_merged.root → copied (ms_ch=5)
[PASS] wvfFind_event42181_trackID9_opNum5_merged.root → copied (ms_ch=5)
[PASS] wvfFind_event3399_trackID16_opNum4_merged.root → copied (ms_ch=4)
[PASS] wvfFind_event47597_trackID0_opNum4_merged.root → copied (ms_ch=4)
[PASS] wvfFind_event19573_trackID8_opNum9_merged.root → copied (ms_ch=9)
[PASS] wvfFind_event26812_trackID6_opNum9_merged.root → copied (ms_ch=9)
[PASS] wvfFind_event24737_trackID3_opNum9_merged.root → copied (ms_ch=9)
[PASS] wvfFind_event24517_trackID0_opNum6_merged.root → copied (ms_ch=6)
[SKIP] wvfFind_event24910_trackID8_opNum2.root (ms_ch=2)
[PASS] wvfFind_event7828_trackID15_opNum9_merged.root → copied (ms_ch=9)
[PASS] wvfFind_event23314_trackID28_opNum7_merged.root → copied (ms_ch=7)
[PASS] wvfFind_event28289_trackID0_opNum4_merged.root → copied (ms_ch=4)
[PASS] wvfFind_event20568_trackID19_opNum4_merged.root → copied (ms_ch=4)
[SKIP] wvfFind_event14640_trackID11_opNum2.root (ms_ch=2)
[PASS] wvfFind_event14871_trackID0_opNum9_merged.root → copied (ms_ch=9)
[PASS] wvfFind_event30828_trackID9_opNum9_merged.root → copied (ms_ch=9)
[PASS] wvfFind_event44630_trackID0_opNum8_merged.root → copied (ms_ch=8)
[PASS] wvfFind_event29930_trackID23_opNum9_merged.root → copied (ms_ch=9)
[PASS] wvfFind_event25175_trackID7_opNum4_merged.root → copied (ms_ch=4)
[PASS] wvfFind_event42934_trackID20_opNum9_merged.root → copied (ms_ch=9)
[PASS] wvfFind_event41853_trackID11_opNum5_merged.root → copied (ms_ch=5)
[PASS] wvfFind_event24924_trackID19_opNum6_merged.root → copied (ms_ch=6)
[SKIP] wvfFind_event14442_trackID7_opNum1_merged.root (ms_ch=1)
[PASS] wvfFind_event45330_trackID19_opNum8_merged.root → copied (ms_ch=8)
[PASS] wvfFind_event32261_trackID21_opNum9_merged.root → copied (ms_ch=9)
[PASS] wvfFind_event29446_trackID8_opNum9_merged.root → copied (ms_ch=9)
[PASS] wvfFind_event35927_trackID14_opNum9_merged.root → copied (ms_ch=9)
[PASS] wvfFind_event17700_trackID16_opNum9_merged.root → copied (ms_ch=9)
[PASS] wvfFind_event3011_trackID16_opNum9_merged.root → copied (ms_ch=9)
[PASS] wvfFind_event4226_trackID0_opNum5_merged.root → copied (ms_ch=5)
[PASS] wvfFind_event24859_trackID19_opNum9_merged.root → copied (ms_ch=9)
[SKIP] wvfFind_event13848_trackID0_opNum1_merged.root (ms_ch=1)
[PASS] wvfFind_event30256_trackID22_opNum7_merged.root → copied (ms_ch=7)
[PASS] wvfFind_event13149_trackID15_opNum8_merged.root → copied (ms_ch=8)
[PASS] wvfFind_event28979_trackID4_opNum9_merged.root → copied (ms_ch=9)
[PASS] wvfFind_event24512_trackID13_opNum6_merged.root → copied (ms_ch=6)
[PASS] wvfFind_event20874_trackID1_opNum9_merged.root → copied (ms_ch=9)
[PASS] wvfFind_event41669_trackID19_opNum8_merged.root → copied (ms_ch=8)
[PASS] wvfFind_event11430_trackID13_opNum9_merged.root → copied (ms_ch=9)
[PASS] wvfFind_event15542_trackID2_opNum9.root → copied (ms_ch=9)
[PASS] wvfFind_event41938_trackID8_opNum8_merged.root → copied (ms_ch=8)
[PASS] wvfFind_event38937_trackID9_opNum9_merged.root → copied (ms_ch=9)
[PASS] wvfFind_event37821_trackID3_opNum9_merged.root → copied (ms_ch=9)
[PASS] wvfFind_event3172_trackID7_opNum9_merged.root → copied (ms_ch=9)
[PASS] wvfFind_event15945_trackID18_opNum4_merged.root → copied (ms_ch=4)
[PASS] wvfFind_event10848_trackID6_opNum9_merged.root → copied (ms_ch=9)
[PASS] wvfFind_event41690_trackID12_opNum6_merged.root → copied (ms_ch=6)
[PASS] wvfFind_event1179_trackID6_opNum9_merged.root → copied (ms_ch=9)
[PASS] wvfFind_event15034_trackID13_opNum7_merged.root → copied (ms_ch=7)
[PASS] wvfFind_event4494_trackID4_opNum9_merged.root → copied (ms_ch=9)
[PASS] wvfFind_event33485_trackID9_opNum9_merged.root → copied (ms_ch=9)
[PASS] wvfFind_event14113_trackID16_opNum9_merged.root → copied (ms_ch=9)
[PASS] wvfFind_event44501_trackID3_opNum9_merged.root → copied (ms_ch=9)
[PASS] wvfFind_event18434_trackID22_opNum8_merged.root → copied (ms_ch=8)
[PASS] wvfFind_event4442_trackID6_opNum9_merged.root → copied (ms_ch=9)
[PASS] wvfFind_event1514_trackID19_opNum7_merged.root → copied (ms_ch=7)
[PASS] wvfFind_event2475_trackID9_opNum6_merged.root → copied (ms_ch=6)
[PASS] wvfFind_event1934_trackID5_opNum5_merged.root → copied (ms_ch=5)
[SKIP] wvfFind_event4500_trackID0_opNum2.root (ms_ch=2)
[PASS] wvfFind_event43887_trackID26_opNum9_merged.root → copied (ms_ch=9)
[PASS] wvfFind_event48573_trackID15_opNum4_merged.root → copied (ms_ch=4)
[PASS] wvfFind_event39525_trackID11_opNum3_merged.root → copied (ms_ch=3)
[PASS] wvfFind_event6880_trackID12_opNum8_merged.root → copied (ms_ch=8)
[PASS] wvfFind_event4414_trackID9_opNum3_merged.root → copied (ms_ch=3)
[PASS] wvfFind_event7984_trackID3_opNum9_merged.root → copied (ms_ch=9)
[PASS] wvfFind_event18049_trackID7_opNum9_merged.root → copied (ms_ch=9)
[PASS] wvfFind_event6231_trackID1_opNum9_merged.root → copied (ms_ch=9)
[PASS] wvfFind_event47278_trackID7_opNum9_merged.root → copied (ms_ch=9)
[PASS] wvfFind_event30171_trackID5_opNum9_merged.root → copied (ms_ch=9)
[PASS] wvfFind_event41234_trackID1_opNum9_merged.root → copied (ms_ch=9)
[SKIP] wvfFind_event42304_trackID15_opNum1_merged.root (ms_ch=1)
[PASS] wvfFind_event29383_trackID4_opNum9_merged.root → copied (ms_ch=9)
[PASS] wvfFind_event43828_trackID2_opNum9_merged.root → copied (ms_ch=9)
[PASS] wvfFind_event37915_trackID17_opNum8_merged.root → copied (ms_ch=8)
[PASS] wvfFind_event24315_trackID16_opNum4_merged.root → copied (ms_ch=4)
[PASS] wvfFind_event4368_trackID4_opNum9_merged.root → copied (ms_ch=9)
[PASS] wvfFind_event14661_trackID4_opNum9_merged.root → copied (ms_ch=9)
[PASS] wvfFind_event5378_trackID0_opNum9_merged.root → copied (ms_ch=9)
[PASS] wvfFind_event15084_trackID4_opNum5_merged.root → copied (ms_ch=5)
[PASS] wvfFind_event2966_trackID5_opNum9_merged.root → copied (ms_ch=9)
[SKIP] wvfFind_event33109_trackID15_opNum1_merged.root (ms_ch=1)
[PASS] wvfFind_event44201_trackID11_opNum3_merged.root → copied (ms_ch=3)
[PASS] wvfFind_event11275_trackID4_opNum8_merged.root → copied (ms_ch=8)
[PASS] wvfFind_event45676_trackID4_opNum9_merged.root → copied (ms_ch=9)
[PASS] wvfFind_event41822_trackID10_opNum9_merged.root → copied (ms_ch=9)
[PASS] wvfFind_event1619_trackID3_opNum9_merged.root → copied (ms_ch=9)
[PASS] wvfFind_event40924_trackID7_opNum9_merged.root → copied (ms_ch=9)
[PASS] wvfFind_event44277_trackID22_opNum9_merged.root → copied (ms_ch=9)
[PASS] wvfFind_event4418_trackID23_opNum7_merged.root → copied (ms_ch=7)
[PASS] wvfFind_event30603_trackID5_opNum9_merged.root → copied (ms_ch=9)
[PASS] wvfFind_event10456_trackID21_opNum9_merged.root → copied (ms_ch=9)
[PASS] wvfFind_event11083_trackID5_opNum7_merged.root → copied (ms_ch=7)
[PASS] wvfFind_event3995_trackID4_opNum8_merged.root → copied (ms_ch=8)
[PASS] wvfFind_event24175_trackID17_opNum4_merged.root → copied (ms_ch=4)
[PASS] wvfFind_event20898_trackID0_opNum5_merged.root → copied (ms_ch=5)
[PASS] wvfFind_event42390_trackID13_opNum9_merged.root → copied (ms_ch=9)
[PASS] wvfFind_event36679_trackID16_opNum7_merged.root → copied (ms_ch=7)
[PASS] wvfFind_event47969_trackID14_opNum9_merged.root → copied (ms_ch=9)
[PASS] wvfFind_event35542_trackID22_opNum6_merged.root → copied (ms_ch=6)
[SKIP] wvfFind_event47564_trackID5_opNum2_merged.root (ms_ch=2)
[PASS] wvfFind_event26093_trackID3_opNum6_merged.root → copied (ms_ch=6)
[PASS] wvfFind_event6329_trackID5_opNum4_merged.root → copied (ms_ch=4)
[PASS] wvfFind_event19739_trackID6_opNum9_merged.root → copied (ms_ch=9)
[PASS] wvfFind_event4606_trackID3_opNum9_merged.root → copied (ms_ch=9)
[SKIP] wvfFind_event40066_trackID8_opNum1_merged.root (ms_ch=1)
[PASS] wvfFind_event31451_trackID4_opNum7_merged.root → copied (ms_ch=7)
[PASS] wvfFind_event40152_trackID13_opNum9_merged.root → copied (ms_ch=9)
[SKIP] wvfFind_event23449_trackID17_opNum2.root (ms_ch=2)
[PASS] wvfFind_event10297_trackID24_opNum6_merged.root → copied (ms_ch=6)
[PASS] wvfFind_event12494_trackID1_opNum9_merged.root → copied (ms_ch=9)
[PASS] wvfFind_event16922_trackID18_opNum9_merged.root → copied (ms_ch=9)
[PASS] wvfFind_event45159_trackID16_opNum9_merged.root → copied (ms_ch=9)
[SKIP] wvfFind_event43091_trackID10_opNum2_merged.root (ms_ch=2)
[PASS] wvfFind_event41926_trackID6_opNum9_merged.root → copied (ms_ch=9)
[PASS] wvfFind_event2786_trackID0_opNum9_merged.root → copied (ms_ch=9)
[PASS] wvfFind_event42765_trackID9_opNum9_merged.root → copied (ms_ch=9)
[PASS] wvfFind_event10681_trackID21_opNum8_merged.root → copied (ms_ch=8)
[PASS] wvfFind_event8329_trackID6_opNum5_merged.root → copied (ms_ch=5)
[PASS] wvfFind_event43742_trackID3_opNum8_merged.root → copied (ms_ch=8)
[PASS] wvfFind_event28875_trackID22_opNum7_merged.root → copied (ms_ch=7)
[PASS] wvfFind_event44031_trackID21_opNum9_merged.root → copied (ms_ch=9)
[PASS] wvfFind_event5604_trackID2_opNum9_merged.root → copied (ms_ch=9)
[PASS] wvfFind_event43151_trackID10_opNum3_merged.root → copied (ms_ch=3)
[PASS] wvfFind_event17837_trackID2_opNum6_merged.root → copied (ms_ch=6)
[PASS] wvfFind_event8529_trackID12_opNum8_merged.root → copied (ms_ch=8)
[PASS] wvfFind_event23526_trackID17_opNum9_merged.root → copied (ms_ch=9)
[PASS] wvfFind_event3019_trackID14_opNum8_merged.root → copied (ms_ch=8)
[PASS] wvfFind_event47995_trackID18_opNum5_merged.root → copied (ms_ch=5)
[PASS] wvfFind_event32562_trackID11_opNum3_merged.root → copied (ms_ch=3)
[PASS] wvfFind_event10655_trackID2_opNum4_merged.root → copied (ms_ch=4)
[PASS] wvfFind_event11093_trackID20_opNum9_merged.root → copied (ms_ch=9)
[PASS] wvfFind_event21334_trackID15_opNum7_merged.root → copied (ms_ch=7)
[PASS] wvfFind_event7285_trackID0_opNum8_merged.root → copied (ms_ch=8)
[PASS] wvfFind_event12199_trackID13_opNum8_merged.root → copied (ms_ch=8)
[PASS] wvfFind_event3022_trackID7_opNum9_merged.root → copied (ms_ch=9)
[PASS] wvfFind_event1588_trackID21_opNum9_merged.root → copied (ms_ch=9)
[PASS] wvfFind_event17142_trackID13_opNum6_merged.root → copied (ms_ch=6)
[PASS] wvfFind_event40983_trackID7_opNum9_merged.root → copied (ms_ch=9)
[PASS] wvfFind_event47334_trackID0_opNum8_merged.root → copied (ms_ch=8)
[PASS] wvfFind_event10784_trackID6_opNum9_merged.root → copied (ms_ch=9)
[PASS] wvfFind_event40743_trackID20_opNum4_merged.root → copied (ms_ch=4)
[PASS] wvfFind_event18389_trackID18_opNum4_merged.root → copied (ms_ch=4)
[PASS] wvfFind_event9369_trackID8_opNum7_merged.root → copied (ms_ch=7)
[PASS] wvfFind_event1279_trackID18_opNum9_merged.root → copied (ms_ch=9)
[PASS] wvfFind_event2362_trackID36_opNum9_merged.root → copied (ms_ch=9)
[PASS] wvfFind_event15575_trackID4_opNum9_merged.root → copied (ms_ch=9)
[PASS] wvfFind_event4048_trackID7_opNum9_merged.root → copied (ms_ch=9)
[PASS] wvfFind_event10553_trackID5_opNum9_merged.root → copied (ms_ch=9)
[SKIP] wvfFind_event12040_trackID15_opNum1_merged.root (ms_ch=1)
[PASS] wvfFind_event24221_trackID18_opNum8_merged.root → copied (ms_ch=8)
[PASS] wvfFind_event29250_trackID3_opNum9_merged.root → copied (ms_ch=9)
[PASS] wvfFind_event39203_trackID8_opNum9_merged.root → copied (ms_ch=9)
[PASS] wvfFind_event44628_trackID3_opNum8.root → copied (ms_ch=8)
[PASS] wvfFind_event39366_trackID5_opNum5_merged.root → copied (ms_ch=5)
[PASS] wvfFind_event45892_trackID20_opNum9_merged.root → copied (ms_ch=9)
[PASS] wvfFind_event23500_trackID0_opNum6_merged.root → copied (ms_ch=6)
[PASS] wvfFind_event16674_trackID16_opNum9_merged.root → copied (ms_ch=9)
[PASS] wvfFind_event31575_trackID13_opNum9_merged.root → copied (ms_ch=9)
[PASS] wvfFind_event20018_trackID33_opNum7_merged.root → copied (ms_ch=7)
[PASS] wvfFind_event44765_trackID5_opNum7_merged.root → copied (ms_ch=7)
[PASS] wvfFind_event17846_trackID18_opNum6_merged.root → copied (ms_ch=6)
[PASS] wvfFind_event21955_trackID17_opNum8_merged.root → copied (ms_ch=8)
[PASS] wvfFind_event48839_trackID14_opNum6_merged.root → copied (ms_ch=6)
[PASS] wvfFind_event41852_trackID17_opNum8_merged.root → copied (ms_ch=8)
[PASS] wvfFind_event39558_trackID5_opNum9_merged.root → copied (ms_ch=9)
[SKIP] wvfFind_event7966_trackID16_opNum1_merged.root (ms_ch=1)
[PASS] wvfFind_event38773_trackID6_opNum3_merged.root → copied (ms_ch=3)
[PASS] wvfFind_event5498_trackID5_opNum3_merged.root → copied (ms_ch=3)
[PASS] wvfFind_event29035_trackID35_opNum7_merged.root → copied (ms_ch=7)
[PASS] wvfFind_event14170_trackID3_opNum9_merged.root → copied (ms_ch=9)
[PASS] wvfFind_event21177_trackID3_opNum9_merged.root → copied (ms_ch=9)
[PASS] wvfFind_event40996_trackID21_opNum9_merged.root → copied (ms_ch=9)
[SKIP] wvfFind_event4815_trackID15_opNum1_merged.root (ms_ch=1)
[PASS] wvfFind_event48723_trackID1_opNum9_merged.root → copied (ms_ch=9)
[SKIP] wvfFind_event26643_trackID12_opNum1_merged.root (ms_ch=1)
[PASS] wvfFind_event14627_trackID4_opNum6_merged.root → copied (ms_ch=6)
[PASS] wvfFind_event14322_trackID6_opNum9_merged.root → copied (ms_ch=9)
[PASS] wvfFind_event11061_trackID7_opNum4_merged.root → copied (ms_ch=4)
[PASS] wvfFind_event2904_trackID2_opNum6_merged.root → copied (ms_ch=6)
[PASS] wvfFind_event15576_trackID19_opNum8_merged.root → copied (ms_ch=8)
[PASS] wvfFind_event15417_trackID3_opNum9_merged.root → copied (ms_ch=9)
[PASS] wvfFind_event7868_trackID9_opNum9_merged.root → copied (ms_ch=9)
[PASS] wvfFind_event46283_trackID8_opNum9_merged.root → copied (ms_ch=9)
[PASS] wvfFind_event39556_trackID10_opNum4_merged.root → copied (ms_ch=4)
[PASS] wvfFind_event21740_trackID6_opNum8_merged.root → copied (ms_ch=8)
[PASS] wvfFind_event1964_trackID3_opNum9_merged.root → copied (ms_ch=9)
[PASS] wvfFind_event13268_trackID22_opNum8_merged.root → copied (ms_ch=8)
[PASS] wvfFind_event5504_trackID3_opNum9_merged.root → copied (ms_ch=9)
[PASS] wvfFind_event28868_trackID5_opNum9_merged.root → copied (ms_ch=9)
[SKIP] wvfFind_event43944_trackID13_opNum2_merged.root (ms_ch=2)
[PASS] wvfFind_event24018_trackID1_opNum9_merged.root → copied (ms_ch=9)
[PASS] wvfFind_event1111_trackID7_opNum9_merged.root → copied (ms_ch=9)
[PASS] wvfFind_event36079_trackID7_opNum9_merged.root → copied (ms_ch=9)
[PASS] wvfFind_event3956_trackID19_opNum6_merged.root → copied (ms_ch=6)
[PASS] wvfFind_event17438_trackID8_opNum9_merged.root → copied (ms_ch=9)
[PASS] wvfFind_event19956_trackID0_opNum5.root → copied (ms_ch=5)
[PASS] wvfFind_event44434_trackID8_opNum9_merged.root → copied (ms_ch=9)
[PASS] wvfFind_event15899_trackID1_opNum5_merged.root → copied (ms_ch=5)
[PASS] wvfFind_event16574_trackID14_opNum9_merged.root → copied (ms_ch=9)
[SKIP] wvfFind_event14636_trackID16_opNum1_merged.root (ms_ch=1)
[PASS] wvfFind_event22072_trackID28_opNum7_merged.root → copied (ms_ch=7)
[PASS] wvfFind_event28028_trackID24_opNum8_merged.root → copied (ms_ch=8)
[PASS] wvfFind_event20019_trackID0_opNum5_merged.root → copied (ms_ch=5)
[PASS] wvfFind_event12488_trackID11_opNum9_merged.root → copied (ms_ch=9)
[PASS] wvfFind_event41670_trackID8_opNum4_merged.root → copied (ms_ch=4)
[SKIP] wvfFind_event18298_trackID7_opNum2_merged.root (ms_ch=2)
[PASS] wvfFind_event22515_trackID23_opNum8_merged.root → copied (ms_ch=8)
[PASS] wvfFind_event30943_trackID16_opNum9_merged.root → copied (ms_ch=9)
[PASS] wvfFind_event8527_trackID5_opNum9_merged.root → copied (ms_ch=9)
[PASS] wvfFind_event44775_trackID16_opNum8_merged.root → copied (ms_ch=8)
[PASS] wvfFind_event25076_trackID9_opNum9_merged.root → copied (ms_ch=9)
[PASS] wvfFind_event29715_trackID18_opNum9_merged.root → copied (ms_ch=9)
[PASS] wvfFind_event45297_trackID9_opNum4_merged.root → copied (ms_ch=4)
[PASS] wvfFind_event11375_trackID25_opNum8_merged.root → copied (ms_ch=8)
[PASS] wvfFind_event12016_trackID1_opNum9_merged.root → copied (ms_ch=9)
[SKIP] wvfFind_event9668_trackID17_opNum2_merged.root (ms_ch=2)
[PASS] wvfFind_event2118_trackID7_opNum9_merged.root → copied (ms_ch=9)
[PASS] wvfFind_event7697_trackID10_opNum7_merged.root → copied (ms_ch=7)
[PASS] wvfFind_event4148_trackID13_opNum8_merged.root → copied (ms_ch=8)
[PASS] wvfFind_event35878_trackID16_opNum7_merged.root → copied (ms_ch=7)
[PASS] wvfFind_event45296_trackID8_opNum5_merged.root → copied (ms_ch=5)
[PASS] wvfFind_event2877_trackID4_opNum9_merged.root → copied (ms_ch=9)
[PASS] wvfFind_event44977_trackID4_opNum9_merged.root → copied (ms_ch=9)
[PASS] wvfFind_event43104_trackID14_opNum9_merged.root → copied (ms_ch=9)
[PASS] wvfFind_event3331_trackID5_opNum5_merged.root → copied (ms_ch=5)
[PASS] wvfFind_event4936_trackID34_opNum4_merged.root → copied (ms_ch=4)
[PASS] wvfFind_event17681_trackID11_opNum9_merged.root → copied (ms_ch=9)
[PASS] wvfFind_event23971_trackID6_opNum9_merged.root → copied (ms_ch=9)
[PASS] wvfFind_event14141_trackID13_opNum9_merged.root → copied (ms_ch=9)
[SKIP] wvfFind_event26016_trackID20_opNum1_merged.root (ms_ch=1)
[PASS] wvfFind_event37229_trackID11_opNum3.root → copied (ms_ch=3)
[PASS] wvfFind_event40893_trackID11_opNum9_merged.root → copied (ms_ch=9)
[PASS] wvfFind_event40566_trackID1_opNum4_merged.root → copied (ms_ch=4)
[PASS] wvfFind_event15805_trackID1_opNum3_merged.root → copied (ms_ch=3)
[PASS] wvfFind_event39172_trackID6_opNum9_merged.root → copied (ms_ch=9)
[SKIP] wvfFind_event1457_trackID23_opNum2_merged.root (ms_ch=2)
[PASS] wvfFind_event25298_trackID6_opNum9_merged.root → copied (ms_ch=9)
[PASS] wvfFind_event38815_trackID11_opNum9_merged.root → copied (ms_ch=9)
[PASS] wvfFind_event4228_trackID4_opNum7_merged.root → copied (ms_ch=7)
[PASS] wvfFind_event43143_trackID4_opNum9_merged.root → copied (ms_ch=9)
[PASS] wvfFind_event43494_trackID20_opNum9_merged.root → copied (ms_ch=9)
[PASS] wvfFind_event12127_trackID2_opNum9_merged.root → copied (ms_ch=9)
[PASS] wvfFind_event28083_trackID21_opNum5_merged.root → copied (ms_ch=5)
[PASS] wvfFind_event40219_trackID1_opNum9_merged.root → copied (ms_ch=9)
[PASS] wvfFind_event6954_trackID5_opNum9_merged.root → copied (ms_ch=9)
[PASS] wvfFind_event49777_trackID23_opNum9_merged.root → copied (ms_ch=9)
[PASS] wvfFind_event23080_trackID14_opNum9_merged.root → copied (ms_ch=9)
[SKIP] wvfFind_event9361_trackID34_opNum1_merged.root (ms_ch=1)
[PASS] wvfFind_event5295_trackID9_opNum3_merged.root → copied (ms_ch=3)
[PASS] wvfFind_event44778_trackID2_opNum9_merged.root → copied (ms_ch=9)
[PASS] wvfFind_event29263_trackID5_opNum8_merged.root → copied (ms_ch=8)
[PASS] wvfFind_event47607_trackID1_opNum9_merged.root → copied (ms_ch=9)
[PASS] wvfFind_event28430_trackID0_opNum3_merged.root → copied (ms_ch=3)
[PASS] wvfFind_event45170_trackID0_opNum3_merged.root → copied (ms_ch=3)
[PASS] wvfFind_event24730_trackID7_opNum9_merged.root → copied (ms_ch=9)
[PASS] wvfFind_event12576_trackID3_opNum5_merged.root → copied (ms_ch=5)
[PASS] wvfFind_event15640_trackID21_opNum8_merged.root → copied (ms_ch=8)
[PASS] wvfFind_event4771_trackID11_opNum9_merged.root → copied (ms_ch=9)
[PASS] wvfFind_event30542_trackID12_opNum6_merged.root → copied (ms_ch=6)
[PASS] wvfFind_event25630_trackID2_opNum6_merged.root → copied (ms_ch=6)
[PASS] wvfFind_event44788_trackID11_opNum9_merged.root → copied (ms_ch=9)
[PASS] wvfFind_event3768_trackID17_opNum9_merged.root → copied (ms_ch=9)
[PASS] wvfFind_event20506_trackID15_opNum9_merged.root → copied (ms_ch=9)
[PASS] wvfFind_event2476_trackID0_opNum9_merged.root → copied (ms_ch=9)
[PASS] wvfFind_event42831_trackID9_opNum9_merged.root → copied (ms_ch=9)
[PASS] wvfFind_event18486_trackID22_opNum8_merged.root → copied (ms_ch=8)
[PASS] wvfFind_event17202_trackID22_opNum8_merged.root → copied (ms_ch=8)
[PASS] wvfFind_event29851_trackID21_opNum9_merged.root → copied (ms_ch=9)
[SKIP] wvfFind_event5953_trackID10_opNum2_merged.root (ms_ch=2)
[PASS] wvfFind_event40741_trackID4_opNum9_merged.root → copied (ms_ch=9)
[PASS] wvfFind_event2745_trackID11_opNum5_merged.root → copied (ms_ch=5)
[PASS] wvfFind_event20896_trackID17_opNum7_merged.root → copied (ms_ch=7)
[PASS] wvfFind_event2583_trackID4_opNum9_merged.root → copied (ms_ch=9)
[PASS] wvfFind_event3499_trackID24_opNum9_merged.root → copied (ms_ch=9)
[PASS] wvfFind_event9668_trackID18_opNum9_merged.root → copied (ms_ch=9)
[PASS] wvfFind_event28703_trackID13_opNum4_merged.root → copied (ms_ch=4)
[PASS] wvfFind_event2243_trackID16_opNum9_merged.root → copied (ms_ch=9)
[PASS] wvfFind_event16371_trackID2_opNum4_merged.root → copied (ms_ch=4)
[PASS] wvfFind_event6804_trackID8_opNum9_merged.root → copied (ms_ch=9)
[PASS] wvfFind_event42932_trackID17_opNum7_merged.root → copied (ms_ch=7)
[PASS] wvfFind_event5597_trackID5_opNum9_merged.root → copied (ms_ch=9)
[PASS] wvfFind_event25656_trackID0_opNum9_merged.root → copied (ms_ch=9)
[PASS] wvfFind_event49715_trackID13_opNum8_merged.root → copied (ms_ch=8)
[PASS] wvfFind_event40617_trackID9_opNum7_merged.root → copied (ms_ch=7)
[SKIP] wvfFind_event40018_trackID19_opNum1_merged.root (ms_ch=1)
[PASS] wvfFind_event14696_trackID11_opNum8_merged.root → copied (ms_ch=8)
[PASS] wvfFind_event22709_trackID12_opNum6_merged.root → copied (ms_ch=6)
[PASS] wvfFind_event29746_trackID4_opNum9_merged.root → copied (ms_ch=9)
[PASS] wvfFind_event17225_trackID15_opNum9_merged.root → copied (ms_ch=9)
[PASS] wvfFind_event4658_trackID0_opNum9_merged.root → copied (ms_ch=9)
[PASS] wvfFind_event44614_trackID15_opNum6_merged.root → copied (ms_ch=6)
[PASS] wvfFind_event21372_trackID7_opNum9_merged.root → copied (ms_ch=9)
[PASS] wvfFind_event30627_trackID3_opNum7_merged.root → copied (ms_ch=7)
[PASS] wvfFind_event23333_trackID21_opNum3_merged.root → copied (ms_ch=3)
[PASS] wvfFind_event43498_trackID6_opNum9_merged.root → copied (ms_ch=9)
[PASS] wvfFind_event3866_trackID3_opNum3_merged.root → copied (ms_ch=3)
[PASS] wvfFind_event17596_trackID9_opNum3_merged.root → copied (ms_ch=3)
[PASS] wvfFind_event12637_trackID3_opNum5_merged.root → copied (ms_ch=5)
[PASS] wvfFind_event7616_trackID13_opNum9_merged.root → copied (ms_ch=9)
[SKIP] wvfFind_event40376_trackID5_opNum1_merged.root (ms_ch=1)
[PASS] wvfFind_event2600_trackID19_opNum8_merged.root → copied (ms_ch=8)
[PASS] wvfFind_event4659_trackID16_opNum9_merged.root → copied (ms_ch=9)
[PASS] wvfFind_event40764_trackID8_opNum5_merged.root → copied (ms_ch=5)
[PASS] wvfFind_event41809_trackID11_opNum9_merged.root → copied (ms_ch=9)
[PASS] wvfFind_event18467_trackID18_opNum4_merged.root → copied (ms_ch=4)
[PASS] wvfFind_event46273_trackID22_opNum9_merged.root → copied (ms_ch=9)
[PASS] wvfFind_event20079_trackID5_opNum9_merged.root → copied (ms_ch=9)
[PASS] wvfFind_event19997_trackID13_opNum9_merged.root → copied (ms_ch=9)
[PASS] wvfFind_event41166_trackID8_opNum9.root → copied (ms_ch=9)
[PASS] wvfFind_event40743_trackID15_opNum8_merged.root → copied (ms_ch=8)
[PASS] wvfFind_event8884_trackID31_opNum9_merged.root → copied (ms_ch=9)
[PASS] wvfFind_event22932_trackID0_opNum9_merged.root → copied (ms_ch=9)
[PASS] wvfFind_event38783_trackID9_opNum5_merged.root → copied (ms_ch=5)
[PASS] wvfFind_event41352_trackID5_opNum9_merged.root → copied (ms_ch=9)
[PASS] wvfFind_event10834_trackID8_opNum9_merged.root → copied (ms_ch=9)
[PASS] wvfFind_event20779_trackID5_opNum5.root → copied (ms_ch=5)
[PASS] wvfFind_event29086_trackID7_opNum8_merged.root → copied (ms_ch=8)
[PASS] wvfFind_event26584_trackID2_opNum9_merged.root → copied (ms_ch=9)
[PASS] wvfFind_event23494_trackID15_opNum7_merged.root → copied (ms_ch=7)
[PASS] wvfFind_event12103_trackID16_opNum6_merged.root → copied (ms_ch=6)
[PASS] wvfFind_event32237_trackID16_opNum9_merged.root → copied (ms_ch=9)
[PASS] wvfFind_event604_trackID18_opNum8_merged.root → copied (ms_ch=8)
[PASS] wvfFind_event4704_trackID22_opNum5_merged.root → copied (ms_ch=5)
[PASS] wvfFind_event16989_trackID16_opNum4_merged.root → copied (ms_ch=4)
[PASS] wvfFind_event3015_trackID8_opNum5_merged.root → copied (ms_ch=5)
[PASS] wvfFind_event21562_trackID18_opNum3_merged.root → copied (ms_ch=3)
[PASS] wvfFind_event33745_trackID1_opNum9_merged.root → copied (ms_ch=9)
[PASS] wvfFind_event38980_trackID9_opNum4_merged.root → copied (ms_ch=4)
[PASS] wvfFind_event28958_trackID17_opNum9_merged.root → copied (ms_ch=9)
[PASS] wvfFind_event22580_trackID12_opNum9_merged.root → copied (ms_ch=9)
[PASS] wvfFind_event22139_trackID8_opNum9_merged.root → copied (ms_ch=9)
[PASS] wvfFind_event41763_trackID1_opNum9_merged.root → copied (ms_ch=9)
[PASS] wvfFind_event22746_trackID13_opNum7_merged.root → copied (ms_ch=7)
[PASS] wvfFind_event34509_trackID20_opNum8_merged.root → copied (ms_ch=8)
[PASS] wvfFind_event30508_trackID13_opNum8_merged.root → copied (ms_ch=8)
[PASS] wvfFind_event12315_trackID12_opNum6_merged.root → copied (ms_ch=6)
[PASS] wvfFind_event30096_trackID13_opNum9_merged.root → copied (ms_ch=9)
[PASS] wvfFind_event2567_trackID20_opNum6_merged.root → copied (ms_ch=6)
[PASS] wvfFind_event44976_trackID10_opNum9_merged.root → copied (ms_ch=9)
[PASS] wvfFind_event14861_trackID7_opNum9_merged.root → copied (ms_ch=9)
[SKIP] wvfFind_event3051_trackID5_opNum2_merged.root (ms_ch=2)
[PASS] wvfFind_event45996_trackID7_opNum6_merged.root → copied (ms_ch=6)
[PASS] wvfFind_event27411_trackID6_opNum5_merged.root → copied (ms_ch=5)
[SKIP] wvfFind_event13392_trackID15_opNum1_merged.root (ms_ch=1)
[PASS] wvfFind_event13959_trackID28_opNum9_merged.root → copied (ms_ch=9)
[PASS] wvfFind_event24674_trackID5_opNum9_merged.root → copied (ms_ch=9)
[PASS] wvfFind_event4987_trackID10_opNum3_merged.root → copied (ms_ch=3)
[PASS] wvfFind_event9502_trackID18_opNum3_merged.root → copied (ms_ch=3)
[PASS] wvfFind_event24475_trackID4_opNum9_merged.root → copied (ms_ch=9)
[PASS] wvfFind_event27326_trackID8_opNum8_merged.root → copied (ms_ch=8)
[PASS] wvfFind_event44595_trackID15_opNum5_merged.root → copied (ms_ch=5)
[PASS] wvfFind_event31403_trackID9_opNum3_merged.root → copied (ms_ch=3)
[PASS] wvfFind_event445_trackID15_opNum9_merged.root → copied (ms_ch=9)
[PASS] wvfFind_event46040_trackID12_opNum5_merged.root → copied (ms_ch=5)
[PASS] wvfFind_event32389_trackID11_opNum9_merged.root → copied (ms_ch=9)
[PASS] wvfFind_event39058_trackID4_opNum9_merged.root → copied (ms_ch=9)
[PASS] wvfFind_event28470_trackID30_opNum9_merged.root → copied (ms_ch=9)
[SKIP] wvfFind_event184_trackID5_opNum1_merged.root (ms_ch=1)
[PASS] wvfFind_event31584_trackID5_opNum9_merged.root → copied (ms_ch=9)
[PASS] wvfFind_event10905_trackID6_opNum9_merged.root → copied (ms_ch=9)
[SKIP] wvfFind_event4722_trackID11_opNum2_merged.root (ms_ch=2)
[PASS] wvfFind_event15665_trackID12_opNum9_merged.root → copied (ms_ch=9)
[PASS] wvfFind_event22523_trackID5_opNum9_merged.root → copied (ms_ch=9)
[PASS] wvfFind_event28437_trackID9_opNum9_merged.root → copied (ms_ch=9)
[PASS] wvfFind_event14693_trackID1_opNum9.root → copied (ms_ch=9)
[SKIP] wvfFind_event10494_trackID10_opNum1_merged.root (ms_ch=1)
[PASS] wvfFind_event7191_trackID9_opNum5_merged.root → copied (ms_ch=5)
[PASS] wvfFind_event27191_trackID11_opNum9_merged.root → copied (ms_ch=9)
[SKIP] wvfFind_event13969_trackID20_opNum1_merged.root (ms_ch=1)
[PASS] wvfFind_event9932_trackID6_opNum9_merged.root → copied (ms_ch=9)
[PASS] wvfFind_event3506_trackID1_opNum9_merged.root → copied (ms_ch=9)
[SKIP] wvfFind_event40566_trackID4_opNum1_merged.root (ms_ch=1)
[PASS] wvfFind_event41940_trackID2_opNum6_merged.root → copied (ms_ch=6)
[PASS] wvfFind_event21497_trackID2_opNum9_merged.root → copied (ms_ch=9)
[PASS] wvfFind_event42023_trackID9_opNum9_merged.root → copied (ms_ch=9)
[PASS] wvfFind_event27008_trackID15_opNum9_merged.root → copied (ms_ch=9)
[PASS] wvfFind_event1576_trackID4_opNum6_merged.root → copied (ms_ch=6)
[PASS] wvfFind_event10700_trackID18_opNum7_merged.root → copied (ms_ch=7)
[PASS] wvfFind_event43572_trackID11_opNum7_merged.root → copied (ms_ch=7)
[SKIP] wvfFind_event29786_trackID18_opNum2.root (ms_ch=2)
[PASS] wvfFind_event22638_trackID3_opNum9_merged.root → copied (ms_ch=9)
[PASS] wvfFind_event35656_trackID9_opNum9_merged.root → copied (ms_ch=9)
[PASS] wvfFind_event13027_trackID0_opNum8_merged.root → copied (ms_ch=8)
[PASS] wvfFind_event21511_trackID0_opNum9_merged.root → copied (ms_ch=9)
[PASS] wvfFind_event18631_trackID7_opNum9_merged.root → copied (ms_ch=9)
[SKIP] wvfFind_event43876_trackID15_opNum1_merged.root (ms_ch=1)
[PASS] wvfFind_event15579_trackID4_opNum8_merged.root → copied (ms_ch=8)
[PASS] wvfFind_event22672_trackID4_opNum9_merged.root → copied (ms_ch=9)
[PASS] wvfFind_event26572_trackID12_opNum9_merged.root → copied (ms_ch=9)
[PASS] wvfFind_event46989_trackID4_opNum3_merged.root → copied (ms_ch=3)
[PASS] wvfFind_event4526_trackID6_opNum9_merged.root → copied (ms_ch=9)
[PASS] wvfFind_event28694_trackID2_opNum5.root → copied (ms_ch=5)
[SKIP] wvfFind_event13999_trackID5_opNum1_merged.root (ms_ch=1)
[PASS] wvfFind_event11568_trackID21_opNum9_merged.root → copied (ms_ch=9)
[PASS] wvfFind_event28964_trackID4_opNum9_merged.root → copied (ms_ch=9)
[PASS] wvfFind_event23163_trackID6_opNum9_merged.root → copied (ms_ch=9)
[PASS] wvfFind_event23324_trackID6_opNum8_merged.root → copied (ms_ch=8)
[PASS] wvfFind_event37685_trackID2_opNum5_merged.root → copied (ms_ch=5)
[PASS] wvfFind_event74_trackID10_opNum9_merged.root → copied (ms_ch=9)
[PASS] wvfFind_event26517_trackID9_opNum9_merged.root → copied (ms_ch=9)
[PASS] wvfFind_event39244_trackID24_opNum4_merged.root → copied (ms_ch=4)
[SKIP] wvfFind_event43682_trackID16_opNum2.root (ms_ch=2)
[PASS] wvfFind_event23809_trackID0_opNum6_merged.root → copied (ms_ch=6)
[PASS] wvfFind_event12711_trackID19_opNum9_merged.root → copied (ms_ch=9)
[PASS] wvfFind_event12452_trackID4_opNum9_merged.root → copied (ms_ch=9)
[PASS] wvfFind_event2074_trackID19_opNum6_merged.root → copied (ms_ch=6)
[PASS] wvfFind_event36302_trackID15_opNum9_merged.root → copied (ms_ch=9)
[PASS] wvfFind_event10403_trackID3_opNum9_merged.root → copied (ms_ch=9)
[PASS] wvfFind_event45319_trackID4_opNum8_merged.root → copied (ms_ch=8)
[PASS] wvfFind_event44193_trackID8_opNum7_merged.root → copied (ms_ch=7)
[PASS] wvfFind_event12591_trackID17_opNum4_merged.root → copied (ms_ch=4)
[PASS] wvfFind_event17601_trackID14_opNum9_merged.root → copied (ms_ch=9)
[PASS] wvfFind_event41728_trackID7_opNum8_merged.root → copied (ms_ch=8)
[PASS] wvfFind_event39277_trackID12_opNum5_merged.root → copied (ms_ch=5)
[PASS] wvfFind_event30656_trackID17_opNum6_merged.root → copied (ms_ch=6)
[PASS] wvfFind_event44092_trackID13_opNum9_merged.root → copied (ms_ch=9)
[PASS] wvfFind_event7311_trackID1_opNum8_merged.root → copied (ms_ch=8)
[PASS] wvfFind_event24184_trackID9_opNum5_merged.root → copied (ms_ch=5)
[PASS] wvfFind_event35469_trackID15_opNum9_merged.root → copied (ms_ch=9)
[PASS] wvfFind_event41686_trackID4_opNum9_merged.root → copied (ms_ch=9)
[PASS] wvfFind_event29371_trackID0_opNum4_merged.root → copied (ms_ch=4)
[PASS] wvfFind_event17759_trackID20_opNum9_merged.root → copied (ms_ch=9)
[PASS] wvfFind_event11630_trackID13_opNum7_merged.root → copied (ms_ch=7)
[PASS] wvfFind_event40455_trackID14_opNum8_merged.root → copied (ms_ch=8)
[SKIP] wvfFind_event43465_trackID2_opNum1_merged.root (ms_ch=1)
[PASS] wvfFind_event45033_trackID13_opNum8_merged.root → copied (ms_ch=8)
[PASS] wvfFind_event22533_trackID9_opNum9_merged.root → copied (ms_ch=9)
[PASS] wvfFind_event23186_trackID3_opNum6_merged.root → copied (ms_ch=6)
[PASS] wvfFind_event13592_trackID28_opNum8_merged.root → copied (ms_ch=8)
[PASS] wvfFind_event4557_trackID12_opNum9_merged.root → copied (ms_ch=9)
[SKIP] wvfFind_event11016_trackID12_opNum2_merged.root (ms_ch=2)
[PASS] wvfFind_event19309_trackID15_opNum9_merged.root → copied (ms_ch=9)
[PASS] wvfFind_event8569_trackID13_opNum7_merged.root → copied (ms_ch=7)
[SKIP] wvfFind_event30145_trackID13_opNum2_merged.root (ms_ch=2)
[PASS] wvfFind_event10340_trackID15_opNum8_merged.root → copied (ms_ch=8)
[PASS] wvfFind_event22530_trackID10_opNum9_merged.root → copied (ms_ch=9)
[PASS] wvfFind_event4687_trackID6_opNum9_merged.root → copied (ms_ch=9)
[PASS] wvfFind_event26798_trackID17_opNum5_merged.root → copied (ms_ch=5)
[PASS] wvfFind_event2972_trackID11_opNum8_merged.root → copied (ms_ch=8)
[PASS] wvfFind_event13265_trackID8_opNum6_merged.root → copied (ms_ch=6)
[PASS] wvfFind_event26092_trackID21_opNum8_merged.root → copied (ms_ch=8)
[PASS] wvfFind_event25770_trackID20_opNum7_merged.root → copied (ms_ch=7)
[PASS] wvfFind_event99_trackID7_opNum8_merged.root → copied (ms_ch=8)
[PASS] wvfFind_event39586_trackID18_opNum9_merged.root → copied (ms_ch=9)
[PASS] wvfFind_event7913_trackID12_opNum9_merged.root → copied (ms_ch=9)
[PASS] wvfFind_event27804_trackID16_opNum3_merged.root → copied (ms_ch=3)
[PASS] wvfFind_event8319_trackID21_opNum9_merged.root → copied (ms_ch=9)
[PASS] wvfFind_event16898_trackID15_opNum6_merged.root → copied (ms_ch=6)
[SKIP] wvfFind_event22560_trackID4_opNum1_merged.root (ms_ch=1)
[PASS] wvfFind_event29765_trackID2_opNum5_merged.root → copied (ms_ch=5)
[PASS] wvfFind_event47593_trackID31_opNum4_merged.root → copied (ms_ch=4)
[PASS] wvfFind_event18538_trackID9_opNum9_merged.root → copied (ms_ch=9)
[PASS] wvfFind_event28682_trackID3_opNum3_merged.root → copied (ms_ch=3)
[PASS] wvfFind_event40756_trackID21_opNum9_merged.root → copied (ms_ch=9)
[PASS] wvfFind_event24480_trackID0_opNum6_merged.root → copied (ms_ch=6)
[PASS] wvfFind_event42075_trackID9_opNum8_merged.root → copied (ms_ch=8)
[PASS] wvfFind_event3094_trackID12_opNum8_merged.root → copied (ms_ch=8)
[PASS] wvfFind_event10479_trackID26_opNum8_merged.root → copied (ms_ch=8)
[PASS] wvfFind_event45724_trackID19_opNum8_merged.root → copied (ms_ch=8)
[PASS] wvfFind_event27418_trackID12_opNum6_merged.root → copied (ms_ch=6)
[PASS] wvfFind_event41361_trackID12_opNum9_merged.root → copied (ms_ch=9)
[PASS] wvfFind_event31768_trackID3_opNum9_merged.root → copied (ms_ch=9)
[PASS] wvfFind_event5377_trackID5_opNum9_merged.root → copied (ms_ch=9)
[PASS] wvfFind_event13885_trackID7_opNum9_merged.root → copied (ms_ch=9)
[PASS] wvfFind_event42296_trackID3_opNum3_merged.root → copied (ms_ch=3)
[PASS] wvfFind_event4792_trackID2_opNum9_merged.root → copied (ms_ch=9)
[PASS] wvfFind_event29462_trackID4_opNum9_merged.root → copied (ms_ch=9)
[PASS] wvfFind_event27001_trackID17_opNum6_merged.root → copied (ms_ch=6)
[PASS] wvfFind_event39552_trackID4_opNum8_merged.root → copied (ms_ch=8)
[PASS] wvfFind_event3292_trackID0_opNum9_merged.root → copied (ms_ch=9)
[PASS] wvfFind_event27204_trackID3_opNum7_merged.root → copied (ms_ch=7)
[PASS] wvfFind_event45957_trackID14_opNum5_merged.root → copied (ms_ch=5)
[PASS] wvfFind_event3058_trackID5_opNum9_merged.root → copied (ms_ch=9)
[PASS] wvfFind_event729_trackID13_opNum9_merged.root → copied (ms_ch=9)
[PASS] wvfFind_event14970_trackID6_opNum9_merged.root → copied (ms_ch=9)
[PASS] wvfFind_event1533_trackID3_opNum3_merged.root → copied (ms_ch=3)
[PASS] wvfFind_event41569_trackID10_opNum8_merged.root → copied (ms_ch=8)
[PASS] wvfFind_event4964_trackID7_opNum9_merged.root → copied (ms_ch=9)
[PASS] wvfFind_event9971_trackID3_opNum9_merged.root → copied (ms_ch=9)
[PASS] wvfFind_event46701_trackID0_opNum3_merged.root → copied (ms_ch=3)
[PASS] wvfFind_event32288_trackID6_opNum9_merged.root → copied (ms_ch=9)
[PASS] wvfFind_event17807_trackID3_opNum3.root → copied (ms_ch=3)
[PASS] wvfFind_event22877_trackID5_opNum8_merged.root → copied (ms_ch=8)
[PASS] wvfFind_event41721_trackID13_opNum8_merged.root → copied (ms_ch=8)
[PASS] wvfFind_event18100_trackID2_opNum9_merged.root → copied (ms_ch=9)
[PASS] wvfFind_event4220_trackID27_opNum8_merged.root → copied (ms_ch=8)
[PASS] wvfFind_event19494_trackID10_opNum6_merged.root → copied (ms_ch=6)
[PASS] wvfFind_event2970_trackID11_opNum3_merged.root → copied (ms_ch=3)
[PASS] wvfFind_event24023_trackID2_opNum9_merged.root → copied (ms_ch=9)
[PASS] wvfFind_event11322_trackID2_opNum9_merged.root → copied (ms_ch=9)
[PASS] wvfFind_event31045_trackID1_opNum8_merged.root → copied (ms_ch=8)
[PASS] wvfFind_event24651_trackID26_opNum6_merged.root → copied (ms_ch=6)
[PASS] wvfFind_event14753_trackID8_opNum6_merged.root → copied (ms_ch=6)
[PASS] wvfFind_event15108_trackID0_opNum9_merged.root → copied (ms_ch=9)
[PASS] wvfFind_event5223_trackID12_opNum9_merged.root → copied (ms_ch=9)
[PASS] wvfFind_event12508_trackID24_opNum6_merged.root → copied (ms_ch=6)
[PASS] wvfFind_event4976_trackID2_opNum9_merged.root → copied (ms_ch=9)
[PASS] wvfFind_event16003_trackID19_opNum9_merged.root → copied (ms_ch=9)
[PASS] wvfFind_event3368_trackID7_opNum9_merged.root → copied (ms_ch=9)
[PASS] wvfFind_event32122_trackID14_opNum9_merged.root → copied (ms_ch=9)
[PASS] wvfFind_event25204_trackID5_opNum9_merged.root → copied (ms_ch=9)
[SKIP] wvfFind_event11548_trackID11_opNum1_merged.root (ms_ch=1)
[PASS] wvfFind_event21743_trackID8_opNum9_merged.root → copied (ms_ch=9)
[PASS] wvfFind_event25656_trackID10_opNum3_merged.root → copied (ms_ch=3)
[PASS] wvfFind_event20600_trackID3_opNum5_merged.root → copied (ms_ch=5)
[PASS] wvfFind_event28835_trackID9_opNum6_merged.root → copied (ms_ch=6)
[PASS] wvfFind_event23537_trackID9_opNum9_merged.root → copied (ms_ch=9)
[PASS] wvfFind_event43128_trackID7_opNum6_merged.root → copied (ms_ch=6)
[PASS] wvfFind_event28441_trackID18_opNum6_merged.root → copied (ms_ch=6)
[PASS] wvfFind_event2756_trackID26_opNum8_merged.root → copied (ms_ch=8)
[PASS] wvfFind_event40584_trackID4_opNum9_merged.root → copied (ms_ch=9)
[PASS] wvfFind_event19882_trackID3_opNum9_merged.root → copied (ms_ch=9)
[SKIP] wvfFind_event38776_trackID4_opNum2_merged.root (ms_ch=2)
[PASS] wvfFind_event7694_trackID7_opNum5_merged.root → copied (ms_ch=5)
[PASS] wvfFind_event29750_trackID17_opNum3.root → copied (ms_ch=3)
[PASS] wvfFind_event13310_trackID8_opNum4_merged.root → copied (ms_ch=4)
[PASS] wvfFind_event17774_trackID29_opNum5_merged.root → copied (ms_ch=5)
[PASS] wvfFind_event18092_trackID22_opNum8_merged.root → copied (ms_ch=8)
[PASS] wvfFind_event42846_trackID12_opNum9_merged.root → copied (ms_ch=9)
[PASS] wvfFind_event10366_trackID5_opNum5_merged.root → copied (ms_ch=5)
[PASS] wvfFind_event10481_trackID14_opNum9_merged.root → copied (ms_ch=9)
[PASS] wvfFind_event18403_trackID18_opNum5_merged.root → copied (ms_ch=5)
[PASS] wvfFind_event9351_trackID5_opNum5_merged.root → copied (ms_ch=5)
[SKIP] wvfFind_event15639_trackID1_opNum1_merged.root (ms_ch=1)
[PASS] wvfFind_event41850_trackID13_opNum8_merged.root → copied (ms_ch=8)
[PASS] wvfFind_event13568_trackID9_opNum9_merged.root → copied (ms_ch=9)
[PASS] wvfFind_event12391_trackID9_opNum9_merged.root → copied (ms_ch=9)
[PASS] wvfFind_event13692_trackID20_opNum5_merged.root → copied (ms_ch=5)
[PASS] wvfFind_event30573_trackID21_opNum9_merged.root → copied (ms_ch=9)
[PASS] wvfFind_event32568_trackID15_opNum9_merged.root → copied (ms_ch=9)
[PASS] wvfFind_event3166_trackID8_opNum9_merged.root → copied (ms_ch=9)
[PASS] wvfFind_event16006_trackID1_opNum9_merged.root → copied (ms_ch=9)
[PASS] wvfFind_event44636_trackID10_opNum9_merged.root → copied (ms_ch=9)
[PASS] wvfFind_event20797_trackID6_opNum9_merged.root → copied (ms_ch=9)
[PASS] wvfFind_event13759_trackID13_opNum7_merged.root → copied (ms_ch=7)
[PASS] wvfFind_event24630_trackID14_opNum9_merged.root → copied (ms_ch=9)
[PASS] wvfFind_event28680_trackID17_opNum9_merged.root → copied (ms_ch=9)
[PASS] wvfFind_event11378_trackID4_opNum9_merged.root → copied (ms_ch=9)
[PASS] wvfFind_event45686_trackID11_opNum7_merged.root → copied (ms_ch=7)
[PASS] wvfFind_event46941_trackID12_opNum9_merged.root → copied (ms_ch=9)
[PASS] wvfFind_event9831_trackID2_opNum9_merged.root → copied (ms_ch=9)
[PASS] wvfFind_event11583_trackID11_opNum9_merged.root → copied (ms_ch=9)
[PASS] wvfFind_event5144_trackID21_opNum9_merged.root → copied (ms_ch=9)
[PASS] wvfFind_event23414_trackID2_opNum9_merged.root → copied (ms_ch=9)
[SKIP] wvfFind_event11095_trackID14_opNum1_merged.root (ms_ch=1)
[PASS] wvfFind_event10938_trackID18_opNum7_merged.root → copied (ms_ch=7)
[PASS] wvfFind_event4824_trackID6_opNum9_merged.root → copied (ms_ch=9)
[PASS] wvfFind_event7689_trackID1_opNum9.root → copied (ms_ch=9)
[PASS] wvfFind_event29770_trackID0_opNum9_merged.root → copied (ms_ch=9)
[PASS] wvfFind_event41461_trackID9_opNum9_merged.root → copied (ms_ch=9)
[PASS] wvfFind_event28558_trackID4_opNum9_merged.root → copied (ms_ch=9)
[PASS] wvfFind_event41813_trackID11_opNum4_merged.root → copied (ms_ch=4)
[PASS] wvfFind_event11032_trackID26_opNum3_merged.root → copied (ms_ch=3)
[PASS] wvfFind_event4220_trackID28_opNum3_merged.root → copied (ms_ch=3)
[PASS] wvfFind_event26590_trackID6_opNum9_merged.root → copied (ms_ch=9)
[PASS] wvfFind_event14460_trackID28_opNum4_merged.root → copied (ms_ch=4)
[PASS] wvfFind_event1718_trackID5_opNum9_merged.root → copied (ms_ch=9)
[PASS] wvfFind_event10724_trackID7_opNum5_merged.root → copied (ms_ch=5)
[PASS] wvfFind_event2555_trackID11_opNum4_merged.root → copied (ms_ch=4)
[SKIP] wvfFind_event15486_trackID17_opNum1_merged.root (ms_ch=1)
[PASS] wvfFind_event13872_trackID12_opNum5_merged.root → copied (ms_ch=5)
[PASS] wvfFind_event20654_trackID19_opNum9_merged.root → copied (ms_ch=9)
[PASS] wvfFind_event48197_trackID11_opNum5_merged.root → copied (ms_ch=5)
[PASS] wvfFind_event7816_trackID3_opNum9_merged.root → copied (ms_ch=9)
[SKIP] wvfFind_event49693_trackID18_opNum1_merged.root (ms_ch=1)
[PASS] wvfFind_event11417_trackID2_opNum9_merged.root → copied (ms_ch=9)
[PASS] wvfFind_event19615_trackID15_opNum6_merged.root → copied (ms_ch=6)
[PASS] wvfFind_event9478_trackID8_opNum9_merged.root → copied (ms_ch=9)
[PASS] wvfFind_event48782_trackID6_opNum9_merged.root → copied (ms_ch=9)
[PASS] wvfFind_event921_trackID12_opNum9_merged.root → copied (ms_ch=9)
[PASS] wvfFind_event22664_trackID4_opNum9_merged.root → copied (ms_ch=9)
[PASS] wvfFind_event13171_trackID10_opNum9_merged.root → copied (ms_ch=9)
[PASS] wvfFind_event24459_trackID22_opNum9_merged.root → copied (ms_ch=9)
[PASS] wvfFind_event38882_trackID20_opNum3_merged.root → copied (ms_ch=3)
[PASS] wvfFind_event17594_trackID6_opNum3_merged.root → copied (ms_ch=3)
[PASS] wvfFind_event11899_trackID35_opNum9_merged.root → copied (ms_ch=9)
[PASS] wvfFind_event1251_trackID10_opNum7_merged.root → copied (ms_ch=7)
[PASS] wvfFind_event46822_trackID21_opNum5_merged.root → copied (ms_ch=5)
[PASS] wvfFind_event32811_trackID4_opNum9_merged.root → copied (ms_ch=9)
[PASS] wvfFind_event17316_trackID19_opNum9_merged.root → copied (ms_ch=9)
[PASS] wvfFind_event26805_trackID5_opNum9_merged.root → copied (ms_ch=9)
[PASS] wvfFind_event13330_trackID10_opNum8_merged.root → copied (ms_ch=8)
[SKIP] wvfFind_event46467_trackID2_opNum2_merged.root (ms_ch=2)
[PASS] wvfFind_event28853_trackID13_opNum8_merged.root → copied (ms_ch=8)
[PASS] wvfFind_event40603_trackID0_opNum4_merged.root → copied (ms_ch=4)
[PASS] wvfFind_event3071_trackID1_opNum9.root → copied (ms_ch=9)
[SKIP] wvfFind_event26132_trackID6_opNum2_merged.root (ms_ch=2)
[PASS] wvfFind_event33867_trackID23_opNum9_merged.root → copied (ms_ch=9)
[PASS] wvfFind_event7166_trackID33_opNum9_merged.root → copied (ms_ch=9)
[PASS] wvfFind_event7199_trackID0_opNum9_merged.root → copied (ms_ch=9)
[PASS] wvfFind_event14910_trackID4_opNum8_merged.root → copied (ms_ch=8)
[PASS] wvfFind_event42071_trackID19_opNum4_merged.root → copied (ms_ch=4)
[PASS] wvfFind_event21233_trackID20_opNum9_merged.root → copied (ms_ch=9)
[PASS] wvfFind_event16135_trackID6_opNum9_merged.root → copied (ms_ch=9)
[PASS] wvfFind_event39672_trackID0_opNum5_merged.root → copied (ms_ch=5)
[PASS] wvfFind_event16195_trackID11_opNum9_merged.root → copied (ms_ch=9)
[PASS] wvfFind_event8863_trackID20_opNum5_merged.root → copied (ms_ch=5)
[PASS] wvfFind_event41566_trackID16_opNum5_merged.root → copied (ms_ch=5)
[PASS] wvfFind_event19920_trackID6_opNum9_merged.root → copied (ms_ch=9)
[PASS] wvfFind_event24836_trackID3_opNum5_merged.root → copied (ms_ch=5)
[PASS] wvfFind_event42550_trackID10_opNum8_merged.root → copied (ms_ch=8)
[PASS] wvfFind_event29740_trackID19_opNum6_merged.root → copied (ms_ch=6)
[PASS] wvfFind_event45301_trackID6_opNum9_merged.root → copied (ms_ch=9)
[PASS] wvfFind_event15043_trackID10_opNum9_merged.root → copied (ms_ch=9)
[PASS] wvfFind_event42676_trackID7_opNum9_merged.root → copied (ms_ch=9)
[PASS] wvfFind_event10956_trackID12_opNum9_merged.root → copied (ms_ch=9)
[PASS] wvfFind_event14198_trackID27_opNum7_merged.root → copied (ms_ch=7)
[PASS] wvfFind_event7580_trackID22_opNum6_merged.root → copied (ms_ch=6)
[PASS] wvfFind_event24909_trackID5_opNum9_merged.root → copied (ms_ch=9)
[PASS] wvfFind_event2230_trackID0_opNum6_merged.root → copied (ms_ch=6)
[PASS] wvfFind_event42559_trackID13_opNum9_merged.root → copied (ms_ch=9)
[SKIP] wvfFind_event13769_trackID7_opNum2_merged.root (ms_ch=2)
[PASS] wvfFind_event1472_trackID1_opNum9_merged.root → copied (ms_ch=9)
[PASS] wvfFind_event46231_trackID19_opNum9_merged.root → copied (ms_ch=9)
[PASS] wvfFind_event28583_trackID1_opNum9_merged.root → copied (ms_ch=9)
[PASS] wvfFind_event44605_trackID29_opNum3_merged.root → copied (ms_ch=3)
[PASS] wvfFind_event34503_trackID19_opNum8_merged.root → copied (ms_ch=8)
[PASS] wvfFind_event21682_trackID3_opNum4.root → copied (ms_ch=4)
[PASS] wvfFind_event41486_trackID8_opNum6_merged.root → copied (ms_ch=6)
[PASS] wvfFind_event12720_trackID20_opNum8_merged.root → copied (ms_ch=8)
[PASS] wvfFind_event13182_trackID8_opNum9_merged.root → copied (ms_ch=9)
[PASS] wvfFind_event4446_trackID5_opNum9_merged.root → copied (ms_ch=9)
[PASS] wvfFind_event6486_trackID10_opNum3_merged.root → copied (ms_ch=3)
[PASS] wvfFind_event23499_trackID8_opNum3_merged.root → copied (ms_ch=3)
[PASS] wvfFind_event15451_trackID0_opNum9_merged.root → copied (ms_ch=9)
[SKIP] wvfFind_event44938_trackID1_opNum1_merged.root (ms_ch=1)
[PASS] wvfFind_event13817_trackID14_opNum3_merged.root → copied (ms_ch=3)
[SKIP] wvfFind_event12758_trackID35_opNum1_merged.root (ms_ch=1)
[PASS] wvfFind_event27928_trackID10_opNum5_merged.root → copied (ms_ch=5)
[PASS] wvfFind_event44457_trackID0_opNum8_merged.root → copied (ms_ch=8)
[PASS] wvfFind_event2364_trackID12_opNum8_merged.root → copied (ms_ch=8)
[PASS] wvfFind_event30669_trackID5_opNum5_merged.root → copied (ms_ch=5)
[PASS] wvfFind_event30827_trackID4_opNum6_merged.root → copied (ms_ch=6)
[PASS] wvfFind_event553_trackID17_opNum8_merged.root → copied (ms_ch=8)
[PASS] wvfFind_event43723_trackID14_opNum6_merged.root → copied (ms_ch=6)
[PASS] wvfFind_event47076_trackID6_opNum6_merged.root → copied (ms_ch=6)
[PASS] wvfFind_event24908_trackID14_opNum6_merged.root → copied (ms_ch=6)
[PASS] wvfFind_event12161_trackID6_opNum4_merged.root → copied (ms_ch=4)
[SKIP] wvfFind_event29263_trackID8_opNum2_merged.root (ms_ch=2)
[PASS] wvfFind_event14377_trackID15_opNum9_merged.root → copied (ms_ch=9)
[SKIP] wvfFind_event23923_trackID43_opNum1_merged.root (ms_ch=1)
[PASS] wvfFind_event19069_trackID0_opNum3_merged.root → copied (ms_ch=3)
[PASS] wvfFind_event10498_trackID2_opNum9_merged.root → copied (ms_ch=9)
[PASS] wvfFind_event10676_trackID0_opNum9_merged.root → copied (ms_ch=9)
[PASS] wvfFind_event2030_trackID24_opNum5_merged.root → copied (ms_ch=5)
[PASS] wvfFind_event23962_trackID0_opNum9_merged.root → copied (ms_ch=9)
[PASS] wvfFind_event5992_trackID13_opNum4_merged.root → copied (ms_ch=4)
[PASS] wvfFind_event15618_trackID12_opNum9_merged.root → copied (ms_ch=9)
[PASS] wvfFind_event12601_trackID14_opNum9_merged.root → copied (ms_ch=9)
[PASS] wvfFind_event36886_trackID26_opNum7_merged.root → copied (ms_ch=7)
[PASS] wvfFind_event32137_trackID1_opNum9_merged.root → copied (ms_ch=9)
[PASS] wvfFind_event3631_trackID20_opNum8_merged.root → copied (ms_ch=8)
[PASS] wvfFind_event9804_trackID1_opNum9_merged.root → copied (ms_ch=9)
[PASS] wvfFind_event44649_trackID12_opNum9_merged.root → copied (ms_ch=9)
[PASS] wvfFind_event4095_trackID13_opNum9_merged.root → copied (ms_ch=9)
[PASS] wvfFind_event5372_trackID5_opNum9_merged.root → copied (ms_ch=9)
[PASS] wvfFind_event41555_trackID17_opNum9_merged.root → copied (ms_ch=9)
[PASS] wvfFind_event10493_trackID13_opNum9_merged.root → copied (ms_ch=9)
[PASS] wvfFind_event4278_trackID12_opNum9_merged.root → copied (ms_ch=9)
[PASS] wvfFind_event45173_trackID27_opNum4_merged.root → copied (ms_ch=4)
[PASS] wvfFind_event299_trackID7_opNum9.root → copied (ms_ch=9)
[PASS] wvfFind_event27289_trackID4_opNum3.root → copied (ms_ch=3)
[PASS] wvfFind_event14750_trackID4_opNum6_merged.root → copied (ms_ch=6)
[PASS] wvfFind_event39813_trackID5_opNum9_merged.root → copied (ms_ch=9)
[PASS] wvfFind_event376_trackID16_opNum8_merged.root → copied (ms_ch=8)
[PASS] wvfFind_event1295_trackID23_opNum4_merged.root → copied (ms_ch=4)
[PASS] wvfFind_event12017_trackID17_opNum9_merged.root → copied (ms_ch=9)
[PASS] wvfFind_event6116_trackID0_opNum9_merged.root → copied (ms_ch=9)
[PASS] wvfFind_event12172_trackID15_opNum8_merged.root → copied (ms_ch=8)
[PASS] wvfFind_event6581_trackID10_opNum8_merged.root → copied (ms_ch=8)
[PASS] wvfFind_event1429_trackID12_opNum3_merged.root → copied (ms_ch=3)
[PASS] wvfFind_event12276_trackID17_opNum9_merged.root → copied (ms_ch=9)
[PASS] wvfFind_event10422_trackID4_opNum9_merged.root → copied (ms_ch=9)
[PASS] wvfFind_event22374_trackID4_opNum3_merged.root → copied (ms_ch=3)
[PASS] wvfFind_event41159_trackID13_opNum7_merged.root → copied (ms_ch=7)
[PASS] wvfFind_event10951_trackID15_opNum9_merged.root → copied (ms_ch=9)
[PASS] wvfFind_event11331_trackID21_opNum9_merged.root → copied (ms_ch=9)
[PASS] wvfFind_event44513_trackID8_opNum6_merged.root → copied (ms_ch=6)
[PASS] wvfFind_event5309_trackID1_opNum6_merged.root → copied (ms_ch=6)
[PASS] wvfFind_event44944_trackID22_opNum7_merged.root → copied (ms_ch=7)
[PASS] wvfFind_event44731_trackID12_opNum9_merged.root → copied (ms_ch=9)
[PASS] wvfFind_event43371_trackID0_opNum7_merged.root → copied (ms_ch=7)
[PASS] wvfFind_event2226_trackID13_opNum9_merged.root → copied (ms_ch=9)
[PASS] wvfFind_event28420_trackID21_opNum3_merged.root → copied (ms_ch=3)
[PASS] wvfFind_event43802_trackID13_opNum6_merged.root → copied (ms_ch=6)
[PASS] wvfFind_event46635_trackID0_opNum6_merged.root → copied (ms_ch=6)
[PASS] wvfFind_event15500_trackID3_opNum3_merged.root → copied (ms_ch=3)
[PASS] wvfFind_event932_trackID31_opNum6_merged.root → copied (ms_ch=6)
[PASS] wvfFind_event26537_trackID8_opNum5_merged.root → copied (ms_ch=5)
[PASS] wvfFind_event7062_trackID16_opNum8_merged.root → copied (ms_ch=8)
[PASS] wvfFind_event5504_trackID11_opNum6_merged.root → copied (ms_ch=6)
[SKIP] wvfFind_event5245_trackID16_opNum1_merged.root (ms_ch=1)
[PASS] wvfFind_event17081_trackID3_opNum6_merged.root → copied (ms_ch=6)
[PASS] wvfFind_event14406_trackID4_opNum9_merged.root → copied (ms_ch=9)
[PASS] wvfFind_event11924_trackID9_opNum9_merged.root → copied (ms_ch=9)
[PASS] wvfFind_event2553_trackID4_opNum6_merged.root → copied (ms_ch=6)
[PASS] wvfFind_event28860_trackID18_opNum9_merged.root → copied (ms_ch=9)
[PASS] wvfFind_event45016_trackID28_opNum5_merged.root → copied (ms_ch=5)
[SKIP] wvfFind_event2857_trackID13_opNum2_merged.root (ms_ch=2)
[PASS] wvfFind_event46606_trackID7_opNum9_merged.root → copied (ms_ch=9)
[PASS] wvfFind_event29840_trackID3_opNum9_merged.root → copied (ms_ch=9)
[PASS] wvfFind_event20160_trackID8_opNum9_merged.root → copied (ms_ch=9)
[PASS] wvfFind_event4700_trackID21_opNum8_merged.root → copied (ms_ch=8)
[PASS] wvfFind_event14724_trackID3_opNum9_merged.root → copied (ms_ch=9)
[PASS] wvfFind_event441_trackID4_opNum9_merged.root → copied (ms_ch=9)
[PASS] wvfFind_event7577_trackID13_opNum5_merged.root → copied (ms_ch=5)
[PASS] wvfFind_event27189_trackID2_opNum9_merged.root → copied (ms_ch=9)
[PASS] wvfFind_event15617_trackID1_opNum9_merged.root → copied (ms_ch=9)
[PASS] wvfFind_event12601_trackID19_opNum9_merged.root → copied (ms_ch=9)
[PASS] wvfFind_event13811_trackID31_opNum6_merged.root → copied (ms_ch=6)
[PASS] wvfFind_event42333_trackID2_opNum3_merged.root → copied (ms_ch=3)
[PASS] wvfFind_event38883_trackID19_opNum5_merged.root → copied (ms_ch=5)
[PASS] wvfFind_event7305_trackID16_opNum4_merged.root → copied (ms_ch=4)
[SKIP] wvfFind_event41091_trackID14_opNum1_merged.root (ms_ch=1)
[PASS] wvfFind_event33602_trackID9_opNum9_merged.root → copied (ms_ch=9)
[SKIP] wvfFind_event42925_trackID1_opNum2_merged.root (ms_ch=2)
[PASS] wvfFind_event40635_trackID3_opNum3_merged.root → copied (ms_ch=3)
[PASS] wvfFind_event43270_trackID1_opNum9_merged.root → copied (ms_ch=9)
[PASS] wvfFind_event22865_trackID4_opNum9_merged.root → copied (ms_ch=9)
[PASS] wvfFind_event44646_trackID13_opNum9_merged.root → copied (ms_ch=9)
[PASS] wvfFind_event24587_trackID12_opNum7_merged.root → copied (ms_ch=7)
[PASS] wvfFind_event22938_trackID12_opNum8_merged.root → copied (ms_ch=8)
[PASS] wvfFind_event28684_trackID3_opNum4.root → copied (ms_ch=4)
[PASS] wvfFind_event25602_trackID10_opNum6_merged.root → copied (ms_ch=6)
[SKIP] wvfFind_event19703_trackID4_opNum1_merged.root (ms_ch=1)
[PASS] wvfFind_event25789_trackID3_opNum9_merged.root → copied (ms_ch=9)
[PASS] wvfFind_event39197_trackID20_opNum3_merged.root → copied (ms_ch=3)
[PASS] wvfFind_event639_trackID26_opNum6_merged.root → copied (ms_ch=6)
[PASS] wvfFind_event2453_trackID9_opNum9_merged.root → copied (ms_ch=9)
[PASS] wvfFind_event18284_trackID0_opNum9_merged.root → copied (ms_ch=9)
[PASS] wvfFind_event4663_trackID18_opNum9_merged.root → copied (ms_ch=9)
[PASS] wvfFind_event6629_trackID6_opNum6_merged.root → copied (ms_ch=6)
[PASS] wvfFind_event44755_trackID16_opNum3_merged.root → copied (ms_ch=3)
[PASS] wvfFind_event27727_trackID12_opNum4_merged.root → copied (ms_ch=4)
[PASS] wvfFind_event25567_trackID14_opNum9_merged.root → copied (ms_ch=9)
[PASS] wvfFind_event7367_trackID15_opNum9_merged.root → copied (ms_ch=9)
[PASS] wvfFind_event6500_trackID1_opNum5_merged.root → copied (ms_ch=5)
[PASS] wvfFind_event19568_trackID4_opNum9_merged.root → copied (ms_ch=9)
[PASS] wvfFind_event4094_trackID12_opNum9_merged.root → copied (ms_ch=9)
[PASS] wvfFind_event45204_trackID13_opNum6_merged.root → copied (ms_ch=6)
[PASS] wvfFind_event9831_trackID35_opNum7_merged.root → copied (ms_ch=7)
[PASS] wvfFind_event27_trackID10_opNum8_merged.root → copied (ms_ch=8)
[PASS] wvfFind_event3407_trackID7_opNum3_merged.root → copied (ms_ch=3)
[PASS] wvfFind_event2784_trackID23_opNum4_merged.root → copied (ms_ch=4)
[PASS] wvfFind_event4101_trackID9_opNum3_merged.root → copied (ms_ch=3)
[PASS] wvfFind_event321_trackID1_opNum9_merged.root → copied (ms_ch=9)
[PASS] wvfFind_event16079_trackID8_opNum9_merged.root → copied (ms_ch=9)
[PASS] wvfFind_event4380_trackID5_opNum9_merged.root → copied (ms_ch=9)
[PASS] wvfFind_event38896_trackID13_opNum8_merged.root → copied (ms_ch=8)
[PASS] wvfFind_event9815_trackID6_opNum5_merged.root → copied (ms_ch=5)
[SKIP] wvfFind_event27137_trackID8_opNum1_merged.root (ms_ch=1)
[PASS] wvfFind_event104_trackID7_opNum9_merged.root → copied (ms_ch=9)
[PASS] wvfFind_event43091_trackID0_opNum9_merged.root → copied (ms_ch=9)
[PASS] wvfFind_event26292_trackID19_opNum3_merged.root → copied (ms_ch=3)
[PASS] wvfFind_event917_trackID33_opNum3_merged.root → copied (ms_ch=3)
[PASS] wvfFind_event13853_trackID10_opNum8_merged.root → copied (ms_ch=8)
[PASS] wvfFind_event8322_trackID8_opNum9_merged.root → copied (ms_ch=9)
[PASS] wvfFind_event13875_trackID10_opNum3_merged.root → copied (ms_ch=3)
[SKIP] wvfFind_event15618_trackID10_opNum2_merged.root (ms_ch=2)
[PASS] wvfFind_event21705_trackID0_opNum9_merged.root → copied (ms_ch=9)
[PASS] wvfFind_event49153_trackID15_opNum9_merged.root → copied (ms_ch=9)
[PASS] wvfFind_event27343_trackID20_opNum9_merged.root → copied (ms_ch=9)
[PASS] wvfFind_event31400_trackID6_opNum6_merged.root → copied (ms_ch=6)
[PASS] wvfFind_event12565_trackID5_opNum5_merged.root → copied (ms_ch=5)
[PASS] wvfFind_event44969_trackID8_opNum9_merged.root → copied (ms_ch=9)
[SKIP] wvfFind_event19853_trackID21_opNum2_merged.root (ms_ch=2)
[PASS] wvfFind_event17287_trackID33_opNum6_merged.root → copied (ms_ch=6)
[PASS] wvfFind_event1091_trackID24_opNum5_merged.root → copied (ms_ch=5)
[PASS] wvfFind_event4965_trackID11_opNum9_merged.root → copied (ms_ch=9)
[PASS] wvfFind_event44784_trackID7_opNum9_merged.root → copied (ms_ch=9)
[PASS] wvfFind_event7081_trackID0_opNum5_merged.root → copied (ms_ch=5)
[PASS] wvfFind_event1960_trackID14_opNum9_merged.root → copied (ms_ch=9)
[PASS] wvfFind_event2052_trackID13_opNum9_merged.root → copied (ms_ch=9)
[PASS] wvfFind_event18841_trackID9_opNum7_merged.root → copied (ms_ch=7)
[PASS] wvfFind_event15711_trackID19_opNum8_merged.root → copied (ms_ch=8)
[PASS] wvfFind_event6608_trackID9_opNum9_merged.root → copied (ms_ch=9)
[SKIP] wvfFind_event2909_trackID11_opNum2_merged.root (ms_ch=2)
[PASS] wvfFind_event8960_trackID2_opNum9_merged.root → copied (ms_ch=9)
[PASS] wvfFind_event3755_trackID10_opNum5_merged.root → copied (ms_ch=5)
[PASS] wvfFind_event45460_trackID6_opNum9_merged.root → copied (ms_ch=9)
[PASS] wvfFind_event28651_trackID9_opNum5_merged.root → copied (ms_ch=5)
[PASS] wvfFind_event25562_trackID9_opNum6_merged.root → copied (ms_ch=6)
[PASS] wvfFind_event17947_trackID12_opNum9_merged.root → copied (ms_ch=9)
[PASS] wvfFind_event46240_trackID16_opNum9_merged.root → copied (ms_ch=9)
[PASS] wvfFind_event12978_trackID22_opNum9_merged.root → copied (ms_ch=9)
[PASS] wvfFind_event17050_trackID0_opNum9_merged.root → copied (ms_ch=9)
[PASS] wvfFind_event29469_trackID9_opNum3_merged.root → copied (ms_ch=3)
[SKIP] wvfFind_event41964_trackID50_opNum1_merged.root (ms_ch=1)
[PASS] wvfFind_event12677_trackID11_opNum9_merged.root → copied (ms_ch=9)
[PASS] wvfFind_event168_trackID3_opNum9_merged.root → copied (ms_ch=9)
[PASS] wvfFind_event2178_trackID7_opNum9_merged.root → copied (ms_ch=9)
[PASS] wvfFind_event141_trackID13_opNum9_merged.root → copied (ms_ch=9)
[PASS] wvfFind_event22771_trackID6_opNum3_merged.root → copied (ms_ch=3)
[PASS] wvfFind_event10511_trackID17_opNum9_merged.root → copied (ms_ch=9)
[PASS] wvfFind_event47622_trackID5_opNum9_merged.root → copied (ms_ch=9)
[SKIP] wvfFind_event41941_trackID22_opNum1_merged.root (ms_ch=1)
[PASS] wvfFind_event17723_trackID17_opNum9_merged.root → copied (ms_ch=9)
[PASS] wvfFind_event43164_trackID9_opNum9_merged.root → copied (ms_ch=9)
[PASS] wvfFind_event26811_trackID26_opNum8_merged.root → copied (ms_ch=8)
[PASS] wvfFind_event14535_trackID3_opNum9_merged.root → copied (ms_ch=9)
[PASS] wvfFind_event6684_trackID0_opNum9_merged.root → copied (ms_ch=9)
[PASS] wvfFind_event48240_trackID2_opNum6_merged.root → copied (ms_ch=6)
[PASS] wvfFind_event19602_trackID0_opNum9_merged.root → copied (ms_ch=9)
[PASS] wvfFind_event28743_trackID7_opNum9_merged.root → copied (ms_ch=9)
[PASS] wvfFind_event24771_trackID9_opNum8_merged.root → copied (ms_ch=8)
[PASS] wvfFind_event20111_trackID15_opNum5_merged.root → copied (ms_ch=5)
[PASS] wvfFind_event10254_trackID1_opNum6_merged.root → copied (ms_ch=6)
[PASS] wvfFind_event29457_trackID16_opNum4_merged.root → copied (ms_ch=4)
[PASS] wvfFind_event26160_trackID8_opNum9_merged.root → copied (ms_ch=9)
[PASS] wvfFind_event39685_trackID17_opNum5_merged.root → copied (ms_ch=5)
[SKIP] wvfFind_event21238_trackID1_opNum2_merged.root (ms_ch=2)
[PASS] wvfFind_event20194_trackID10_opNum9_merged.root → copied (ms_ch=9)
[PASS] wvfFind_event4281_trackID5_opNum9_merged.root → copied (ms_ch=9)
[PASS] wvfFind_event10275_trackID3_opNum9_merged.root → copied (ms_ch=9)
[PASS] wvfFind_event31588_trackID7_opNum9_merged.root → copied (ms_ch=9)
[PASS] wvfFind_event5229_trackID16_opNum9_merged.root → copied (ms_ch=9)
[PASS] wvfFind_event42403_trackID18_opNum9_merged.root → copied (ms_ch=9)
[PASS] wvfFind_event8450_trackID16_opNum4_merged.root → copied (ms_ch=4)
[PASS] wvfFind_event31839_trackID3_opNum9_merged.root → copied (ms_ch=9)
[PASS] wvfFind_event28037_trackID15_opNum4_merged.root → copied (ms_ch=4)
[PASS] wvfFind_event49505_trackID16_opNum6_merged.root → copied (ms_ch=6)
[PASS] wvfFind_event8917_trackID1_opNum9_merged.root → copied (ms_ch=9)
[PASS] wvfFind_event44270_trackID9_opNum9_merged.root → copied (ms_ch=9)
[PASS] wvfFind_event4143_trackID2_opNum9_merged.root → copied (ms_ch=9)
[PASS] wvfFind_event14157_trackID3_opNum9_merged.root → copied (ms_ch=9)
[PASS] wvfFind_event19871_trackID18_opNum9_merged.root → copied (ms_ch=9)
[PASS] wvfFind_event18165_trackID29_opNum9_merged.root → copied (ms_ch=9)
[SKIP] wvfFind_event21968_trackID15_opNum2_merged.root (ms_ch=2)
[PASS] wvfFind_event17900_trackID4_opNum4_merged.root → copied (ms_ch=4)
[PASS] wvfFind_event40726_trackID22_opNum9_merged.root → copied (ms_ch=9)
[PASS] wvfFind_event5547_trackID18_opNum9_merged.root → copied (ms_ch=9)
[PASS] wvfFind_event42705_trackID3_opNum4_merged.root → copied (ms_ch=4)
[PASS] wvfFind_event134_trackID4_opNum9_merged.root → copied (ms_ch=9)
[PASS] wvfFind_event28424_trackID10_opNum5_merged.root → copied (ms_ch=5)
[PASS] wvfFind_event22429_trackID37_opNum9_merged.root → copied (ms_ch=9)
[PASS] wvfFind_event42952_trackID0_opNum9_merged.root → copied (ms_ch=9)
[SKIP] wvfFind_event2990_trackID16_opNum1_merged.root (ms_ch=1)
[PASS] wvfFind_event45901_trackID1_opNum9_merged.root → copied (ms_ch=9)
[PASS] wvfFind_event2765_trackID7_opNum9_merged.root → copied (ms_ch=9)
[PASS] wvfFind_event2348_trackID10_opNum9_merged.root → copied (ms_ch=9)
[PASS] wvfFind_event14428_trackID16_opNum9_merged.root → copied (ms_ch=9)
[PASS] wvfFind_event31111_trackID0_opNum9_merged.root → copied (ms_ch=9)
[PASS] wvfFind_event11589_trackID15_opNum9_merged.root → copied (ms_ch=9)
[PASS] wvfFind_event24430_trackID3_opNum5_merged.root → copied (ms_ch=5)
[PASS] wvfFind_event32162_trackID16_opNum9_merged.root → copied (ms_ch=9)
[PASS] wvfFind_event354_trackID14_opNum9_merged.root → copied (ms_ch=9)
[PASS] wvfFind_event30098_trackID9_opNum9_merged.root → copied (ms_ch=9)
[PASS] wvfFind_event23058_trackID10_opNum9_merged.root → copied (ms_ch=9)
[PASS] wvfFind_event11743_trackID10_opNum4_merged.root → copied (ms_ch=4)
[PASS] wvfFind_event23171_trackID20_opNum3_merged.root → copied (ms_ch=3)
[PASS] wvfFind_event44614_trackID2_opNum4_merged.root → copied (ms_ch=4)
[PASS] wvfFind_event25228_trackID5_opNum9_merged.root → copied (ms_ch=9)
[PASS] wvfFind_event6179_trackID13_opNum3_merged.root → copied (ms_ch=3)
[PASS] wvfFind_event21469_trackID8_opNum9_merged.root → copied (ms_ch=9)
[PASS] wvfFind_event43383_trackID9_opNum9_merged.root → copied (ms_ch=9)
[PASS] wvfFind_event12387_trackID23_opNum9_merged.root → copied (ms_ch=9)
[PASS] wvfFind_event14305_trackID10_opNum8_merged.root → copied (ms_ch=8)
[PASS] wvfFind_event28271_trackID11_opNum9_merged.root → copied (ms_ch=9)
[PASS] wvfFind_event13226_trackID8_opNum9_merged.root → copied (ms_ch=9)
[PASS] wvfFind_event25010_trackID5_opNum9_merged.root → copied (ms_ch=9)
[PASS] wvfFind_event39558_trackID8_opNum3_merged.root → copied (ms_ch=3)
[PASS] wvfFind_event28704_trackID7_opNum9_merged.root → copied (ms_ch=9)
[PASS] wvfFind_event3282_trackID12_opNum9_merged.root → copied (ms_ch=9)
[PASS] wvfFind_event1320_trackID11_opNum4_merged.root → copied (ms_ch=4)
[PASS] wvfFind_event19540_trackID9_opNum6_merged.root → copied (ms_ch=6)
[PASS] wvfFind_event13342_trackID9_opNum4_merged.root → copied (ms_ch=4)
[SKIP] wvfFind_event13017_trackID3_opNum1_merged.root (ms_ch=1)
[PASS] wvfFind_event27903_trackID11_opNum5_merged.root → copied (ms_ch=5)
[SKIP] wvfFind_event14188_trackID7_opNum1_merged.root (ms_ch=1)
[PASS] wvfFind_event46896_trackID19_opNum9_merged.root → copied (ms_ch=9)
[PASS] wvfFind_event8528_trackID5_opNum6_merged.root → copied (ms_ch=6)
[PASS] wvfFind_event21360_trackID25_opNum8_merged.root → copied (ms_ch=8)
[PASS] wvfFind_event12469_trackID5_opNum8_merged.root → copied (ms_ch=8)
[PASS] wvfFind_event30953_trackID12_opNum4_merged.root → copied (ms_ch=4)
[PASS] wvfFind_event17929_trackID22_opNum3_merged.root → copied (ms_ch=3)
[SKIP] wvfFind_event29896_trackID18_opNum1_merged.root (ms_ch=1)
[PASS] wvfFind_event12537_trackID20_opNum7_merged.root → copied (ms_ch=7)
[PASS] wvfFind_event43551_trackID5_opNum9_merged.root → copied (ms_ch=9)
[PASS] wvfFind_event42869_trackID31_opNum3_merged.root → copied (ms_ch=3)
[PASS] wvfFind_event10254_trackID12_opNum4_merged.root → copied (ms_ch=4)
[PASS] wvfFind_event7448_trackID11_opNum8_merged.root → copied (ms_ch=8)
[PASS] wvfFind_event1936_trackID4_opNum9_merged.root → copied (ms_ch=9)
[SKIP] wvfFind_event3102_trackID9_opNum2_merged.root (ms_ch=2)
[PASS] wvfFind_event29243_trackID5_opNum9_merged.root → copied (ms_ch=9)
[PASS] wvfFind_event35975_trackID3_opNum8_merged.root → copied (ms_ch=8)
[PASS] wvfFind_event44983_trackID11_opNum8_merged.root → copied (ms_ch=8)
[PASS] wvfFind_event11574_trackID0_opNum9_merged.root → copied (ms_ch=9)
[PASS] wvfFind_event11550_trackID7_opNum9_merged.root → copied (ms_ch=9)
[PASS] wvfFind_event25773_trackID12_opNum9_merged.root → copied (ms_ch=9)
[PASS] wvfFind_event35137_trackID9_opNum9_merged.root → copied (ms_ch=9)
[PASS] wvfFind_event45164_trackID9_opNum9_merged.root → copied (ms_ch=9)
[PASS] wvfFind_event25697_trackID1_opNum9_merged.root → copied (ms_ch=9)
[PASS] wvfFind_event32483_trackID24_opNum8_merged.root → copied (ms_ch=8)
[PASS] wvfFind_event8540_trackID7_opNum3_merged.root → copied (ms_ch=3)
[PASS] wvfFind_event31806_trackID13_opNum5_merged.root → copied (ms_ch=5)
[PASS] wvfFind_event5370_trackID17_opNum8_merged.root → copied (ms_ch=8)
[SKIP] wvfFind_event48712_trackID8_opNum1_merged.root (ms_ch=1)
[PASS] wvfFind_event8192_trackID4_opNum9_merged.root → copied (ms_ch=9)
[PASS] wvfFind_event1792_trackID9_opNum8_merged.root → copied (ms_ch=8)
[PASS] wvfFind_event19634_trackID25_opNum9_merged.root → copied (ms_ch=9)
[PASS] wvfFind_event48359_trackID10_opNum8_merged.root → copied (ms_ch=8)
[PASS] wvfFind_event19581_trackID10_opNum9_merged.root → copied (ms_ch=9)
[PASS] wvfFind_event8087_trackID0_opNum9_merged.root → copied (ms_ch=9)
[PASS] wvfFind_event39653_trackID2_opNum3_merged.root → copied (ms_ch=3)
[PASS] wvfFind_event44984_trackID12_opNum9_merged.root → copied (ms_ch=9)
[PASS] wvfFind_event12689_trackID18_opNum8_merged.root → copied (ms_ch=8)
[PASS] wvfFind_event2237_trackID4_opNum6_merged.root → copied (ms_ch=6)
[PASS] wvfFind_event2805_trackID14_opNum9_merged.root → copied (ms_ch=9)
[SKIP] wvfFind_event26944_trackID4_opNum2.root (ms_ch=2)
[PASS] wvfFind_event13964_trackID17_opNum9_merged.root → copied (ms_ch=9)
[PASS] wvfFind_event10412_trackID0_opNum4_merged.root → copied (ms_ch=4)
[PASS] wvfFind_event3150_trackID38_opNum5_merged.root → copied (ms_ch=5)
[SKIP] wvfFind_event15416_trackID4_opNum1_merged.root (ms_ch=1)
[PASS] wvfFind_event28585_trackID9_opNum8_merged.root → copied (ms_ch=8)
[PASS] wvfFind_event11700_trackID5_opNum9.root → copied (ms_ch=9)
[PASS] wvfFind_event22948_trackID1_opNum6_merged.root → copied (ms_ch=6)
[SKIP] wvfFind_event45489_trackID6_opNum2_merged.root (ms_ch=2)
[PASS] wvfFind_event44735_trackID7_opNum9_merged.root → copied (ms_ch=9)
[PASS] wvfFind_event4_trackID15_opNum4_merged.root → copied (ms_ch=4)
[PASS] wvfFind_event31355_trackID8_opNum9_merged.root → copied (ms_ch=9)
[SKIP] wvfFind_event43446_trackID7_opNum2_merged.root (ms_ch=2)
[PASS] wvfFind_event48576_trackID6_opNum9_merged.root → copied (ms_ch=9)
[PASS] wvfFind_event16154_trackID0_opNum6_merged.root → copied (ms_ch=6)
[PASS] wvfFind_event40561_trackID4_opNum9_merged.root → copied (ms_ch=9)
[PASS] wvfFind_event19942_trackID12_opNum9_merged.root → copied (ms_ch=9)
[PASS] wvfFind_event1225_trackID13_opNum6_merged.root → copied (ms_ch=6)
[PASS] wvfFind_event17465_trackID1_opNum9_merged.root → copied (ms_ch=9)
[PASS] wvfFind_event31801_trackID17_opNum9_merged.root → copied (ms_ch=9)
[PASS] wvfFind_event27788_trackID2_opNum5_merged.root → copied (ms_ch=5)
[PASS] wvfFind_event46355_trackID9_opNum9_merged.root → copied (ms_ch=9)
[PASS] wvfFind_event19670_trackID32_opNum7_merged.root → copied (ms_ch=7)
[PASS] wvfFind_event29628_trackID7_opNum9_merged.root → copied (ms_ch=9)
[PASS] wvfFind_event41055_trackID0_opNum9_merged.root → copied (ms_ch=9)
[PASS] wvfFind_event42336_trackID4_opNum9_merged.root → copied (ms_ch=9)
[PASS] wvfFind_event7214_trackID14_opNum8_merged.root → copied (ms_ch=8)
[PASS] wvfFind_event28987_trackID5_opNum9_merged.root → copied (ms_ch=9)
[PASS] wvfFind_event6819_trackID11_opNum9_merged.root → copied (ms_ch=9)
[PASS] wvfFind_event47260_trackID16_opNum3_merged.root → copied (ms_ch=3)
[SKIP] wvfFind_event45845_trackID23_opNum2.root (ms_ch=2)
[PASS] wvfFind_event25048_trackID0_opNum4_merged.root → copied (ms_ch=4)
[PASS] wvfFind_event1565_trackID9_opNum6_merged.root → copied (ms_ch=6)
[PASS] wvfFind_event22371_trackID2_opNum9_merged.root → copied (ms_ch=9)
[PASS] wvfFind_event40002_trackID9_opNum9_merged.root → copied (ms_ch=9)
[SKIP] wvfFind_event7900_trackID16_opNum2_merged.root (ms_ch=2)
[PASS] wvfFind_event27780_trackID15_opNum9_merged.root → copied (ms_ch=9)
[SKIP] wvfFind_event20266_trackID1_opNum1_merged.root (ms_ch=1)
[PASS] wvfFind_event5036_trackID13_opNum3_merged.root → copied (ms_ch=3)
[PASS] wvfFind_event18257_trackID6_opNum8_merged.root → copied (ms_ch=8)
[PASS] wvfFind_event20026_trackID5_opNum9_merged.root → copied (ms_ch=9)
[PASS] wvfFind_event40608_trackID13_opNum9_merged.root → copied (ms_ch=9)
[PASS] wvfFind_event48241_trackID2_opNum9_merged.root → copied (ms_ch=9)
[PASS] wvfFind_event16074_trackID15_opNum6_merged.root → copied (ms_ch=6)
[PASS] wvfFind_event6334_trackID6_opNum8_merged.root → copied (ms_ch=8)
[PASS] wvfFind_event18144_trackID16_opNum4_merged.root → copied (ms_ch=4)
[PASS] wvfFind_event3251_trackID18_opNum9_merged.root → copied (ms_ch=9)
[PASS] wvfFind_event22977_trackID15_opNum9_merged.root → copied (ms_ch=9)
[PASS] wvfFind_event27156_trackID2_opNum9_merged.root → copied (ms_ch=9)
[PASS] wvfFind_event21732_trackID2_opNum6_merged.root → copied (ms_ch=6)
[PASS] wvfFind_event13197_trackID4_opNum9_merged.root → copied (ms_ch=9)
[PASS] wvfFind_event46626_trackID15_opNum8_merged.root → copied (ms_ch=8)
[PASS] wvfFind_event39236_trackID9_opNum4_merged.root → copied (ms_ch=4)
[PASS] wvfFind_event33291_trackID0_opNum5_merged.root → copied (ms_ch=5)
[PASS] wvfFind_event47564_trackID6_opNum8_merged.root → copied (ms_ch=8)
[PASS] wvfFind_event1739_trackID1_opNum9_merged.root → copied (ms_ch=9)
[PASS] wvfFind_event5144_trackID8_opNum6_merged.root → copied (ms_ch=6)
[PASS] wvfFind_event16158_trackID10_opNum9_merged.root → copied (ms_ch=9)
[PASS] wvfFind_event3170_trackID0_opNum3_merged.root → copied (ms_ch=3)
[PASS] wvfFind_event7145_trackID2_opNum9_merged.root → copied (ms_ch=9)
[PASS] wvfFind_event6165_trackID11_opNum9_merged.root → copied (ms_ch=9)
[PASS] wvfFind_event18020_trackID28_opNum9_merged.root → copied (ms_ch=9)
[PASS] wvfFind_event41938_trackID21_opNum9_merged.root → copied (ms_ch=9)
[PASS] wvfFind_event27784_trackID0_opNum9_merged.root → copied (ms_ch=9)
[PASS] wvfFind_event23957_trackID5_opNum9.root → copied (ms_ch=9)
[PASS] wvfFind_event19531_trackID11_opNum9_merged.root → copied (ms_ch=9)
[PASS] wvfFind_event14654_trackID23_opNum9_merged.root → copied (ms_ch=9)
[PASS] wvfFind_event15920_trackID8_opNum9_merged.root → copied (ms_ch=9)
[SKIP] wvfFind_event4773_trackID24_opNum2_merged.root (ms_ch=2)
[PASS] wvfFind_event29590_trackID11_opNum9_merged.root → copied (ms_ch=9)
[PASS] wvfFind_event13023_trackID15_opNum3_merged.root → copied (ms_ch=3)
[PASS] wvfFind_event41355_trackID14_opNum9_merged.root → copied (ms_ch=9)
[PASS] wvfFind_event1290_trackID4_opNum8_merged.root → copied (ms_ch=8)
[PASS] wvfFind_event44780_trackID13_opNum7_merged.root → copied (ms_ch=7)
[PASS] wvfFind_event21073_trackID1_opNum4_merged.root → copied (ms_ch=4)
[PASS] wvfFind_event9310_trackID4_opNum9_merged.root → copied (ms_ch=9)
[PASS] wvfFind_event33867_trackID9_opNum9_merged.root → copied (ms_ch=9)
[PASS] wvfFind_event4555_trackID8_opNum3_merged.root → copied (ms_ch=3)
[PASS] wvfFind_event28126_trackID4_opNum9_merged.root → copied (ms_ch=9)
[PASS] wvfFind_event21231_trackID11_opNum9_merged.root → copied (ms_ch=9)
[PASS] wvfFind_event35629_trackID3_opNum9_merged.root → copied (ms_ch=9)
[PASS] wvfFind_event12401_trackID24_opNum8_merged.root → copied (ms_ch=8)
[PASS] wvfFind_event3277_trackID14_opNum9_merged.root → copied (ms_ch=9)
[PASS] wvfFind_event3805_trackID14_opNum7_merged.root → copied (ms_ch=7)
[PASS] wvfFind_event4650_trackID5_opNum4_merged.root → copied (ms_ch=4)
[PASS] wvfFind_event16547_trackID16_opNum6_merged.root → copied (ms_ch=6)
[PASS] wvfFind_event14193_trackID15_opNum6_merged.root → copied (ms_ch=6)
[PASS] wvfFind_event2681_trackID2_opNum3_merged.root → copied (ms_ch=3)
[PASS] wvfFind_event39843_trackID23_opNum8_merged.root → copied (ms_ch=8)
[PASS] wvfFind_event14254_trackID8_opNum6_merged.root → copied (ms_ch=6)
[PASS] wvfFind_event16399_trackID7_opNum9_merged.root → copied (ms_ch=9)
[SKIP] wvfFind_event33427_trackID16_opNum1_merged.root (ms_ch=1)
[PASS] wvfFind_event28437_trackID16_opNum9_merged.root → copied (ms_ch=9)
[PASS] wvfFind_event20713_trackID6_opNum9_merged.root → copied (ms_ch=9)
[PASS] wvfFind_event29894_trackID17_opNum4_merged.root → copied (ms_ch=4)
[PASS] wvfFind_event21955_trackID0_opNum5_merged.root → copied (ms_ch=5)
[PASS] wvfFind_event18238_trackID12_opNum5_merged.root → copied (ms_ch=5)
[PASS] wvfFind_event53_trackID14_opNum8_merged.root → copied (ms_ch=8)
[PASS] wvfFind_event24104_trackID10_opNum4_merged.root → copied (ms_ch=4)
[PASS] wvfFind_event22089_trackID5_opNum5_merged.root → copied (ms_ch=5)
[PASS] wvfFind_event38350_trackID9_opNum9_merged.root → copied (ms_ch=9)
[PASS] wvfFind_event27809_trackID11_opNum7_merged.root → copied (ms_ch=7)
[PASS] wvfFind_event1819_trackID7_opNum8_merged.root → copied (ms_ch=8)
[PASS] wvfFind_event24859_trackID15_opNum8_merged.root → copied (ms_ch=8)
[PASS] wvfFind_event20236_trackID0_opNum5_merged.root → copied (ms_ch=5)
[SKIP] wvfFind_event16649_trackID7_opNum1_merged.root (ms_ch=1)
[PASS] wvfFind_event24613_trackID10_opNum9_merged.root → copied (ms_ch=9)
[PASS] wvfFind_event24921_trackID21_opNum9_merged.root → copied (ms_ch=9)
[SKIP] wvfFind_event41962_trackID16_opNum1_merged.root (ms_ch=1)
[PASS] wvfFind_event22520_trackID7_opNum9_merged.root → copied (ms_ch=9)
[PASS] wvfFind_event13549_trackID13_opNum9_merged.root → copied (ms_ch=9)
[PASS] wvfFind_event11702_trackID10_opNum3.root → copied (ms_ch=3)
[PASS] wvfFind_event17785_trackID12_opNum4_merged.root → copied (ms_ch=4)
[PASS] wvfFind_event25280_trackID5_opNum9_merged.root → copied (ms_ch=9)
[PASS] wvfFind_event13963_trackID0_opNum9_merged.root → copied (ms_ch=9)
[PASS] wvfFind_event3677_trackID9_opNum6_merged.root → copied (ms_ch=6)
[PASS] wvfFind_event21061_trackID3_opNum9_merged.root → copied (ms_ch=9)
[PASS] wvfFind_event25028_trackID6_opNum8_merged.root → copied (ms_ch=8)
[PASS] wvfFind_event2979_trackID4_opNum3_merged.root → copied (ms_ch=3)
[PASS] wvfFind_event18494_trackID15_opNum7_merged.root → copied (ms_ch=7)
[PASS] wvfFind_event15650_trackID18_opNum9_merged.root → copied (ms_ch=9)
[PASS] wvfFind_event1113_trackID34_opNum8_merged.root → copied (ms_ch=8)
[PASS] wvfFind_event31242_trackID6_opNum9_merged.root → copied (ms_ch=9)
[PASS] wvfFind_event39774_trackID1_opNum6_merged.root → copied (ms_ch=6)
[PASS] wvfFind_event16331_trackID4_opNum9_merged.root → copied (ms_ch=9)
[PASS] wvfFind_event19244_trackID4_opNum9_merged.root → copied (ms_ch=9)
[PASS] wvfFind_event16501_trackID1_opNum9_merged.root → copied (ms_ch=9)
[PASS] wvfFind_event47389_trackID19_opNum9_merged.root → copied (ms_ch=9)
[PASS] wvfFind_event11584_trackID2_opNum9_merged.root → copied (ms_ch=9)
[PASS] wvfFind_event4500_trackID11_opNum9_merged.root → copied (ms_ch=9)
[PASS] wvfFind_event4045_trackID6_opNum5_merged.root → copied (ms_ch=5)
[PASS] wvfFind_event14129_trackID6_opNum4_merged.root → copied (ms_ch=4)
[SKIP] wvfFind_event15890_trackID11_opNum2_merged.root (ms_ch=2)
[PASS] wvfFind_event2139_trackID5_opNum9_merged.root → copied (ms_ch=9)
[PASS] wvfFind_event18903_trackID14_opNum8_merged.root → copied (ms_ch=8)
[PASS] wvfFind_event2418_trackID0_opNum6_merged.root → copied (ms_ch=6)
[PASS] wvfFind_event4502_trackID6_opNum8_merged.root → copied (ms_ch=8)
[PASS] wvfFind_event1785_trackID10_opNum9_merged.root → copied (ms_ch=9)
[PASS] wvfFind_event15346_trackID5_opNum9_merged.root → copied (ms_ch=9)
[SKIP] wvfFind_event46344_trackID26_opNum2_merged.root (ms_ch=2)
[PASS] wvfFind_event43681_trackID9_opNum9_merged.root → copied (ms_ch=9)
[PASS] wvfFind_event1179_trackID8_opNum3_merged.root → copied (ms_ch=3)
[PASS] wvfFind_event47251_trackID6_opNum8_merged.root → copied (ms_ch=8)
[PASS] wvfFind_event3617_trackID19_opNum7_merged.root → copied (ms_ch=7)
[SKIP] wvfFind_event13892_trackID5_opNum1_merged.root (ms_ch=1)
[PASS] wvfFind_event31813_trackID15_opNum3_merged.root → copied (ms_ch=3)
[SKIP] wvfFind_event20071_trackID5_opNum2_merged.root (ms_ch=2)
[PASS] wvfFind_event11985_trackID6_opNum9_merged.root → copied (ms_ch=9)
[PASS] wvfFind_event22403_trackID0_opNum9.root → copied (ms_ch=9)
[PASS] wvfFind_event42192_trackID17_opNum8_merged.root → copied (ms_ch=8)
[PASS] wvfFind_event15933_trackID16_opNum8_merged.root → copied (ms_ch=8)
[PASS] wvfFind_event19022_trackID22_opNum4_merged.root → copied (ms_ch=4)
[PASS] wvfFind_event49158_trackID6_opNum9_merged.root → copied (ms_ch=9)
[PASS] wvfFind_event30327_trackID9_opNum8_merged.root → copied (ms_ch=8)
[PASS] wvfFind_event41930_trackID17_opNum9_merged.root → copied (ms_ch=9)
[PASS] wvfFind_event18177_trackID17_opNum4_merged.root → copied (ms_ch=4)
[PASS] wvfFind_event14700_trackID33_opNum3_merged.root → copied (ms_ch=3)
[PASS] wvfFind_event16553_trackID5_opNum6_merged.root → copied (ms_ch=6)
[PASS] wvfFind_event42480_trackID25_opNum5_merged.root → copied (ms_ch=5)
[PASS] wvfFind_event3715_trackID8_opNum5_merged.root → copied (ms_ch=5)
[PASS] wvfFind_event5481_trackID14_opNum9_merged.root → copied (ms_ch=9)
[PASS] wvfFind_event29033_trackID5_opNum9_merged.root → copied (ms_ch=9)
[PASS] wvfFind_event22041_trackID3_opNum9_merged.root → copied (ms_ch=9)
[PASS] wvfFind_event2792_trackID8_opNum9.root → copied (ms_ch=9)
[PASS] wvfFind_event27766_trackID4_opNum9_merged.root → copied (ms_ch=9)
[PASS] wvfFind_event25072_trackID19_opNum7_merged.root → copied (ms_ch=7)
[PASS] wvfFind_event43513_trackID23_opNum4_merged.root → copied (ms_ch=4)
[SKIP] wvfFind_event10710_trackID10_opNum2_merged.root (ms_ch=2)
[SKIP] wvfFind_event3353_trackID15_opNum1_merged.root (ms_ch=1)
[PASS] wvfFind_event7878_trackID8_opNum6_merged.root → copied (ms_ch=6)
[PASS] wvfFind_event29460_trackID7_opNum8_merged.root → copied (ms_ch=8)
[PASS] wvfFind_event47106_trackID0_opNum5.root → copied (ms_ch=5)
[SKIP] wvfFind_event17366_trackID10_opNum1_merged.root (ms_ch=1)
[PASS] wvfFind_event4145_trackID11_opNum9_merged.root → copied (ms_ch=9)
[PASS] wvfFind_event40486_trackID6_opNum9_merged.root → copied (ms_ch=9)
[PASS] wvfFind_event15326_trackID0_opNum5_merged.root → copied (ms_ch=5)
[PASS] wvfFind_event12273_trackID6_opNum9_merged.root → copied (ms_ch=9)
[PASS] wvfFind_event11625_trackID31_opNum9_merged.root → copied (ms_ch=9)
[PASS] wvfFind_event3842_trackID10_opNum9_merged.root → copied (ms_ch=9)
[PASS] wvfFind_event39968_trackID26_opNum6_merged.root → copied (ms_ch=6)
[PASS] wvfFind_event17716_trackID4_opNum7_merged.root → copied (ms_ch=7)
[PASS] wvfFind_event2571_trackID5_opNum3.root → copied (ms_ch=3)
[PASS] wvfFind_event9311_trackID7_opNum3_merged.root → copied (ms_ch=3)
[PASS] wvfFind_event17819_trackID5_opNum5_merged.root → copied (ms_ch=5)
[PASS] wvfFind_event45249_trackID19_opNum9_merged.root → copied (ms_ch=9)
[PASS] wvfFind_event8240_trackID13_opNum8_merged.root → copied (ms_ch=8)
[PASS] wvfFind_event14348_trackID2_opNum8_merged.root → copied (ms_ch=8)
[PASS] wvfFind_event8519_trackID5_opNum9_merged.root → copied (ms_ch=9)
[PASS] wvfFind_event16881_trackID6_opNum9.root → copied (ms_ch=9)
[SKIP] wvfFind_event32298_trackID17_opNum1_merged.root (ms_ch=1)
[PASS] wvfFind_event20446_trackID17_opNum9_merged.root → copied (ms_ch=9)
[PASS] wvfFind_event32270_trackID3_opNum9_merged.root → copied (ms_ch=9)
[PASS] wvfFind_event3942_trackID6_opNum8_merged.root → copied (ms_ch=8)
[PASS] wvfFind_event23521_trackID3_opNum8_merged.root → copied (ms_ch=8)
[PASS] wvfFind_event43712_trackID2_opNum6_merged.root → copied (ms_ch=6)
[PASS] wvfFind_event9776_trackID10_opNum9_merged.root → copied (ms_ch=9)
[PASS] wvfFind_event133_trackID15_opNum8_merged.root → copied (ms_ch=8)
[PASS] wvfFind_event7391_trackID4_opNum8_merged.root → copied (ms_ch=8)
[PASS] wvfFind_event17055_trackID19_opNum9_merged.root → copied (ms_ch=9)
[PASS] wvfFind_event15920_trackID14_opNum9_merged.root → copied (ms_ch=9)
[PASS] wvfFind_event38981_trackID8_opNum9_merged.root → copied (ms_ch=9)
[PASS] wvfFind_event23420_trackID25_opNum8_merged.root → copied (ms_ch=8)
[PASS] wvfFind_event29743_trackID1_opNum9_merged.root → copied (ms_ch=9)
[PASS] wvfFind_event46449_trackID7_opNum9_merged.root → copied (ms_ch=9)
[PASS] wvfFind_event42296_trackID6_opNum9_merged.root → copied (ms_ch=9)
[PASS] wvfFind_event18169_trackID5_opNum9_merged.root → copied (ms_ch=9)
[PASS] wvfFind_event41238_trackID19_opNum9_merged.root → copied (ms_ch=9)
[PASS] wvfFind_event1831_trackID6_opNum9_merged.root → copied (ms_ch=9)
[PASS] wvfFind_event18848_trackID14_opNum3_merged.root → copied (ms_ch=3)
[SKIP] wvfFind_event43438_trackID24_opNum1_merged.root (ms_ch=1)
[PASS] wvfFind_event25272_trackID12_opNum9_merged.root → copied (ms_ch=9)
[PASS] wvfFind_event20843_trackID26_opNum8_merged.root → copied (ms_ch=8)
[PASS] wvfFind_event649_trackID9_opNum9_merged.root → copied (ms_ch=9)
[PASS] wvfFind_event40593_trackID11_opNum9_merged.root → copied (ms_ch=9)
[PASS] wvfFind_event25508_trackID10_opNum9_merged.root → copied (ms_ch=9)
[SKIP] wvfFind_event17927_trackID15_opNum2_merged.root (ms_ch=2)
[PASS] wvfFind_event30263_trackID23_opNum7_merged.root → copied (ms_ch=7)
[PASS] wvfFind_event12618_trackID4_opNum9_merged.root → copied (ms_ch=9)
[PASS] wvfFind_event26776_trackID7_opNum4_merged.root → copied (ms_ch=4)
[PASS] wvfFind_event11459_trackID0_opNum5_merged.root → copied (ms_ch=5)
[PASS] wvfFind_event21476_trackID19_opNum9_merged.root → copied (ms_ch=9)
[PASS] wvfFind_event22782_trackID17_opNum5_merged.root → copied (ms_ch=5)
[PASS] wvfFind_event4248_trackID6_opNum9_merged.root → copied (ms_ch=9)
[PASS] wvfFind_event30790_trackID12_opNum7_merged.root → copied (ms_ch=7)
[PASS] wvfFind_event7360_trackID19_opNum6_merged.root → copied (ms_ch=6)
[PASS] wvfFind_event13894_trackID0_opNum9_merged.root → copied (ms_ch=9)
[PASS] wvfFind_event20553_trackID18_opNum4_merged.root → copied (ms_ch=4)
[PASS] wvfFind_event13564_trackID5_opNum9_merged.root → copied (ms_ch=9)
[PASS] wvfFind_event18011_trackID16_opNum5_merged.root → copied (ms_ch=5)
[PASS] wvfFind_event43371_trackID14_opNum8_merged.root → copied (ms_ch=8)
[PASS] wvfFind_event1414_trackID9_opNum7_merged.root → copied (ms_ch=7)
[PASS] wvfFind_event1839_trackID16_opNum8_merged.root → copied (ms_ch=8)
[PASS] wvfFind_event37833_trackID10_opNum7_merged.root → copied (ms_ch=7)
[PASS] wvfFind_event23442_trackID20_opNum6_merged.root → copied (ms_ch=6)
[PASS] wvfFind_event31036_trackID0_opNum9_merged.root → copied (ms_ch=9)
[PASS] wvfFind_event34104_trackID9_opNum8_merged.root → copied (ms_ch=8)
[PASS] wvfFind_event46746_trackID8_opNum9_merged.root → copied (ms_ch=9)
[PASS] wvfFind_event24334_trackID5_opNum9_merged.root → copied (ms_ch=9)
[PASS] wvfFind_event17950_trackID12_opNum7_merged.root → copied (ms_ch=7)
[PASS] wvfFind_event10291_trackID12_opNum9_merged.root → copied (ms_ch=9)
[PASS] wvfFind_event634_trackID13_opNum9_merged.root → copied (ms_ch=9)
[PASS] wvfFind_event42202_trackID2_opNum3_merged.root → copied (ms_ch=3)
[PASS] wvfFind_event33548_trackID25_opNum6_merged.root → copied (ms_ch=6)
[PASS] wvfFind_event13390_trackID7_opNum9_merged.root → copied (ms_ch=9)
[PASS] wvfFind_event28866_trackID6_opNum9_merged.root → copied (ms_ch=9)
[PASS] wvfFind_event7817_trackID5_opNum9_merged.root → copied (ms_ch=9)
[PASS] wvfFind_event17049_trackID16_opNum6_merged.root → copied (ms_ch=6)
[PASS] wvfFind_event22367_trackID14_opNum4_merged.root → copied (ms_ch=4)
[PASS] wvfFind_event15369_trackID15_opNum8_merged.root → copied (ms_ch=8)
[PASS] wvfFind_event41541_trackID0_opNum9_merged.root → copied (ms_ch=9)
[PASS] wvfFind_event33957_trackID15_opNum7_merged.root → copied (ms_ch=7)
[PASS] wvfFind_event22411_trackID5_opNum7_merged.root → copied (ms_ch=7)
[PASS] wvfFind_event11727_trackID0_opNum5_merged.root → copied (ms_ch=5)
[PASS] wvfFind_event3762_trackID6_opNum5_merged.root → copied (ms_ch=5)
[PASS] wvfFind_event21549_trackID11_opNum9_merged.root → copied (ms_ch=9)
[PASS] wvfFind_event42713_trackID7_opNum9_merged.root → copied (ms_ch=9)
[PASS] wvfFind_event6333_trackID8_opNum9_merged.root → copied (ms_ch=9)
[SKIP] wvfFind_event28040_trackID2_opNum1_merged.root (ms_ch=1)
[PASS] wvfFind_event33951_trackID8_opNum3_merged.root → copied (ms_ch=3)
[SKIP] wvfFind_event44942_trackID0_opNum2_merged.root (ms_ch=2)
[PASS] wvfFind_event5027_trackID12_opNum9_merged.root → copied (ms_ch=9)
[PASS] wvfFind_event2475_trackID4_opNum9_merged.root → copied (ms_ch=9)
[PASS] wvfFind_event5426_trackID5_opNum9_merged.root → copied (ms_ch=9)
[PASS] wvfFind_event26164_trackID34_opNum7_merged.root → copied (ms_ch=7)
[PASS] wvfFind_event14714_trackID13_opNum4_merged.root → copied (ms_ch=4)
[PASS] wvfFind_event16380_trackID4_opNum9_merged.root → copied (ms_ch=9)
[PASS] wvfFind_event18522_trackID13_opNum3_merged.root → copied (ms_ch=3)
[PASS] wvfFind_event17905_trackID12_opNum5_merged.root → copied (ms_ch=5)
[PASS] wvfFind_event32679_trackID10_opNum9_merged.root → copied (ms_ch=9)
[PASS] wvfFind_event28039_trackID0_opNum5_merged.root → copied (ms_ch=5)
[PASS] wvfFind_event10314_trackID17_opNum3_merged.root → copied (ms_ch=3)
[PASS] wvfFind_event15896_trackID4_opNum9_merged.root → copied (ms_ch=9)
[PASS] wvfFind_event7042_trackID18_opNum9_merged.root → copied (ms_ch=9)
[PASS] wvfFind_event22532_trackID11_opNum9.root → copied (ms_ch=9)
[PASS] wvfFind_event34120_trackID3_opNum8_merged.root → copied (ms_ch=8)
[PASS] wvfFind_event12544_trackID31_opNum5_merged.root → copied (ms_ch=5)
[PASS] wvfFind_event11544_trackID0_opNum9_merged.root → copied (ms_ch=9)
[PASS] wvfFind_event19352_trackID14_opNum9_merged.root → copied (ms_ch=9)
[PASS] wvfFind_event40018_trackID6_opNum5_merged.root → copied (ms_ch=5)
[PASS] wvfFind_event2890_trackID14_opNum9_merged.root → copied (ms_ch=9)
[PASS] wvfFind_event40310_trackID11_opNum9_merged.root → copied (ms_ch=9)
[PASS] wvfFind_event19337_trackID3_opNum8_merged.root → copied (ms_ch=8)
[PASS] wvfFind_event19143_trackID13_opNum8_merged.root → copied (ms_ch=8)
[PASS] wvfFind_event4880_trackID9_opNum9_merged.root → copied (ms_ch=9)
[PASS] wvfFind_event47262_trackID15_opNum8_merged.root → copied (ms_ch=8)
[PASS] wvfFind_event19697_trackID31_opNum5_merged.root → copied (ms_ch=5)
[PASS] wvfFind_event43467_trackID2_opNum5_merged.root → copied (ms_ch=5)
[PASS] wvfFind_event14615_trackID10_opNum9_merged.root → copied (ms_ch=9)
[PASS] wvfFind_event15971_trackID8_opNum9_merged.root → copied (ms_ch=9)
[PASS] wvfFind_event10341_trackID0_opNum5_merged.root → copied (ms_ch=5)
[PASS] wvfFind_event22771_trackID7_opNum8_merged.root → copied (ms_ch=8)
[PASS] wvfFind_event737_trackID20_opNum6_merged.root → copied (ms_ch=6)
[PASS] wvfFind_event48824_trackID8_opNum6_merged.root → copied (ms_ch=6)
[PASS] wvfFind_event5550_trackID6_opNum9_merged.root → copied (ms_ch=9)
[SKIP] wvfFind_event16286_trackID12_opNum1_merged.root (ms_ch=1)
[PASS] wvfFind_event13638_trackID23_opNum9_merged.root → copied (ms_ch=9)
[PASS] wvfFind_event44627_trackID7_opNum5_merged.root → copied (ms_ch=5)
[PASS] wvfFind_event2621_trackID0_opNum9_merged.root → copied (ms_ch=9)
[PASS] wvfFind_event44504_trackID6_opNum9_merged.root → copied (ms_ch=9)
[PASS] wvfFind_event22431_trackID6_opNum9_merged.root → copied (ms_ch=9)
[PASS] wvfFind_event3894_trackID5_opNum9_merged.root → copied (ms_ch=9)
[PASS] wvfFind_event12198_trackID0_opNum7_merged.root → copied (ms_ch=7)
[PASS] wvfFind_event7182_trackID15_opNum8_merged.root → copied (ms_ch=8)
[PASS] wvfFind_event22400_trackID14_opNum5_merged.root → copied (ms_ch=5)
[PASS] wvfFind_event19026_trackID27_opNum3_merged.root → copied (ms_ch=3)
[SKIP] wvfFind_event24270_trackID16_opNum1_merged.root (ms_ch=1)
[PASS] wvfFind_event45278_trackID3_opNum3_merged.root → copied (ms_ch=3)
[PASS] wvfFind_event7236_trackID12_opNum4_merged.root → copied (ms_ch=4)
[PASS] wvfFind_event41472_trackID7_opNum9_merged.root → copied (ms_ch=9)
[PASS] wvfFind_event13626_trackID35_opNum5_merged.root → copied (ms_ch=5)
[PASS] wvfFind_event18979_trackID27_opNum9_merged.root → copied (ms_ch=9)
[PASS] wvfFind_event14621_trackID5_opNum9_merged.root → copied (ms_ch=9)
[PASS] wvfFind_event16996_trackID11_opNum4_merged.root → copied (ms_ch=4)
[PASS] wvfFind_event13356_trackID4_opNum9_merged.root → copied (ms_ch=9)
[PASS] wvfFind_event31418_trackID6_opNum9_merged.root → copied (ms_ch=9)
[SKIP] wvfFind_event15096_trackID10_opNum2_merged.root (ms_ch=2)
[PASS] wvfFind_event46106_trackID1_opNum3_merged.root → copied (ms_ch=3)
[PASS] wvfFind_event18237_trackID15_opNum6_merged.root → copied (ms_ch=6)
[PASS] wvfFind_event6791_trackID7_opNum9_merged.root → copied (ms_ch=9)
[PASS] wvfFind_event44599_trackID5_opNum5_merged.root → copied (ms_ch=5)
[PASS] wvfFind_event34421_trackID18_opNum6_merged.root → copied (ms_ch=6)
[PASS] wvfFind_event23349_trackID32_opNum4_merged.root → copied (ms_ch=4)
[PASS] wvfFind_event18979_trackID13_opNum8_merged.root → copied (ms_ch=8)
[PASS] wvfFind_event30263_trackID33_opNum7_merged.root → copied (ms_ch=7)
[PASS] wvfFind_event13129_trackID9_opNum9_merged.root → copied (ms_ch=9)
[PASS] wvfFind_event8164_trackID0_opNum4_merged.root → copied (ms_ch=4)
[PASS] wvfFind_event17868_trackID12_opNum5_merged.root → copied (ms_ch=5)
[PASS] wvfFind_event43684_trackID0_opNum8_merged.root → copied (ms_ch=8)
[PASS] wvfFind_event24267_trackID10_opNum9_merged.root → copied (ms_ch=9)
[PASS] wvfFind_event30663_trackID25_opNum9_merged.root → copied (ms_ch=9)
[PASS] wvfFind_event1112_trackID25_opNum8_merged.root → copied (ms_ch=8)
[PASS] wvfFind_event5541_trackID18_opNum6_merged.root → copied (ms_ch=6)
[PASS] wvfFind_event10539_trackID3_opNum3_merged.root → copied (ms_ch=3)
[PASS] wvfFind_event10948_trackID6_opNum9_merged.root → copied (ms_ch=9)
[PASS] wvfFind_event934_trackID21_opNum9_merged.root → copied (ms_ch=9)
[PASS] wvfFind_event21874_trackID13_opNum6_merged.root → copied (ms_ch=6)
[PASS] wvfFind_event14211_trackID7_opNum5_merged.root → copied (ms_ch=5)
[PASS] wvfFind_event3948_trackID15_opNum8_merged.root → copied (ms_ch=8)
[PASS] wvfFind_event49160_trackID14_opNum9_merged.root → copied (ms_ch=9)
[PASS] wvfFind_event1424_trackID6_opNum9_merged.root → copied (ms_ch=9)
[PASS] wvfFind_event40252_trackID6_opNum9_merged.root → copied (ms_ch=9)
[PASS] wvfFind_event21607_trackID17_opNum3_merged.root → copied (ms_ch=3)
[PASS] wvfFind_event15619_trackID10_opNum9_merged.root → copied (ms_ch=9)
[PASS] wvfFind_event16157_trackID10_opNum7_merged.root → copied (ms_ch=7)
[PASS] wvfFind_event10382_trackID21_opNum9_merged.root → copied (ms_ch=9)
[PASS] wvfFind_event12942_trackID19_opNum9_merged.root → copied (ms_ch=9)
[PASS] wvfFind_event28726_trackID30_opNum9_merged.root → copied (ms_ch=9)
[PASS] wvfFind_event29627_trackID6_opNum7_merged.root → copied (ms_ch=7)
[PASS] wvfFind_event45838_trackID2_opNum8_merged.root → copied (ms_ch=8)
[PASS] wvfFind_event15163_trackID12_opNum9_merged.root → copied (ms_ch=9)
[PASS] wvfFind_event33183_trackID13_opNum9_merged.root → copied (ms_ch=9)
[PASS] wvfFind_event14202_trackID9_opNum9_merged.root → copied (ms_ch=9)
[PASS] wvfFind_event17274_trackID4_opNum8_merged.root → copied (ms_ch=8)
[PASS] wvfFind_event31787_trackID13_opNum9_merged.root → copied (ms_ch=9)
[SKIP] wvfFind_event5615_trackID7_opNum1_merged.root (ms_ch=1)
[PASS] wvfFind_event2926_trackID9_opNum9_merged.root → copied (ms_ch=9)
[SKIP] wvfFind_event24516_trackID7_opNum2_merged.root (ms_ch=2)
[PASS] wvfFind_event43601_trackID11_opNum9_merged.root → copied (ms_ch=9)
[PASS] wvfFind_event6141_trackID11_opNum9_merged.root → copied (ms_ch=9)
[PASS] wvfFind_event12708_trackID9_opNum8_merged.root → copied (ms_ch=8)
[PASS] wvfFind_event13_trackID5_opNum9_merged.root → copied (ms_ch=9)
[PASS] wvfFind_event47055_trackID3_opNum9_merged.root → copied (ms_ch=9)
[PASS] wvfFind_event22450_trackID8_opNum9_merged.root → copied (ms_ch=9)
[PASS] wvfFind_event26728_trackID3_opNum9_merged.root → copied (ms_ch=9)
[PASS] wvfFind_event24230_trackID13_opNum5_merged.root → copied (ms_ch=5)
[PASS] wvfFind_event19954_trackID8_opNum3.root → copied (ms_ch=3)
[PASS] wvfFind_event12034_trackID16_opNum6_merged.root → copied (ms_ch=6)
[PASS] wvfFind_event25204_trackID8_opNum5_merged.root → copied (ms_ch=5)
[PASS] wvfFind_event12885_trackID4_opNum6_merged.root → copied (ms_ch=6)
[PASS] wvfFind_event3912_trackID0_opNum4_merged.root → copied (ms_ch=4)
[PASS] wvfFind_event22477_trackID8_opNum3_merged.root → copied (ms_ch=3)
[PASS] wvfFind_event34928_trackID3_opNum9_merged.root → copied (ms_ch=9)
[PASS] wvfFind_event14808_trackID0_opNum9_merged.root → copied (ms_ch=9)
[PASS] wvfFind_event21253_trackID20_opNum6_merged.root → copied (ms_ch=6)
[PASS] wvfFind_event11022_trackID17_opNum7_merged.root → copied (ms_ch=7)
[PASS] wvfFind_event13815_trackID16_opNum6_merged.root → copied (ms_ch=6)
[PASS] wvfFind_event8950_trackID13_opNum8_merged.root → copied (ms_ch=8)
[PASS] wvfFind_event12_trackID3_opNum5_merged.root → copied (ms_ch=5)
[SKIP] wvfFind_event12247_trackID4_opNum1_merged.root (ms_ch=1)
[PASS] wvfFind_event32152_trackID19_opNum9_merged.root → copied (ms_ch=9)
[PASS] wvfFind_event12480_trackID12_opNum9_merged.root → copied (ms_ch=9)
[PASS] wvfFind_event2064_trackID12_opNum6_merged.root → copied (ms_ch=6)
[SKIP] wvfFind_event25029_trackID3_opNum1_merged.root (ms_ch=1)
[PASS] wvfFind_event24989_trackID20_opNum9_merged.root → copied (ms_ch=9)
[PASS] wvfFind_event30813_trackID21_opNum9_merged.root → copied (ms_ch=9)
[PASS] wvfFind_event15038_trackID8_opNum9_merged.root → copied (ms_ch=9)
[PASS] wvfFind_event6221_trackID18_opNum9_merged.root → copied (ms_ch=9)
[PASS] wvfFind_event41549_trackID10_opNum5_merged.root → copied (ms_ch=5)
[PASS] wvfFind_event17128_trackID6_opNum9_merged.root → copied (ms_ch=9)
[PASS] wvfFind_event15869_trackID2_opNum8_merged.root → copied (ms_ch=8)
[PASS] wvfFind_event26622_trackID14_opNum9_merged.root → copied (ms_ch=9)
[PASS] wvfFind_event24630_trackID17_opNum9_merged.root → copied (ms_ch=9)
[PASS] wvfFind_event45522_trackID12_opNum9_merged.root → copied (ms_ch=9)
[PASS] wvfFind_event6330_trackID4_opNum9_merged.root → copied (ms_ch=9)
[PASS] wvfFind_event10775_trackID0_opNum3.root → copied (ms_ch=3)
[PASS] wvfFind_event18298_trackID0_opNum9_merged.root → copied (ms_ch=9)
[PASS] wvfFind_event23984_trackID17_opNum9_merged.root → copied (ms_ch=9)
[PASS] wvfFind_event46351_trackID1_opNum5_merged.root → copied (ms_ch=5)
[PASS] wvfFind_event15928_trackID2_opNum9_merged.root → copied (ms_ch=9)
[PASS] wvfFind_event38893_trackID31_opNum9_merged.root → copied (ms_ch=9)
[PASS] wvfFind_event21511_trackID10_opNum9_merged.root → copied (ms_ch=9)
[PASS] wvfFind_event43570_trackID1_opNum9_merged.root → copied (ms_ch=9)
[PASS] wvfFind_event19158_trackID6_opNum9_merged.root → copied (ms_ch=9)
[PASS] wvfFind_event17334_trackID1_opNum9_merged.root → copied (ms_ch=9)
[PASS] wvfFind_event21685_trackID5_opNum6_merged.root → copied (ms_ch=6)
[PASS] wvfFind_event12769_trackID13_opNum7_merged.root → copied (ms_ch=7)
[PASS] wvfFind_event42788_trackID12_opNum9_merged.root → copied (ms_ch=9)
[PASS] wvfFind_event19542_trackID6_opNum9_merged.root → copied (ms_ch=9)
[PASS] wvfFind_event22947_trackID4_opNum9_merged.root → copied (ms_ch=9)
[PASS] wvfFind_event44519_trackID6_opNum3_merged.root → copied (ms_ch=3)
[PASS] wvfFind_event15604_trackID29_opNum3.root → copied (ms_ch=3)
[PASS] wvfFind_event6992_trackID3_opNum9_merged.root → copied (ms_ch=9)
[PASS] wvfFind_event21187_trackID17_opNum9_merged.root → copied (ms_ch=9)
[PASS] wvfFind_event42541_trackID7_opNum6_merged.root → copied (ms_ch=6)
[PASS] wvfFind_event41055_trackID15_opNum5_merged.root → copied (ms_ch=5)
[PASS] wvfFind_event7418_trackID7_opNum9_merged.root → copied (ms_ch=9)
[PASS] wvfFind_event25569_trackID4_opNum9_merged.root → copied (ms_ch=9)
[PASS] wvfFind_event46893_trackID24_opNum3_merged.root → copied (ms_ch=3)
[PASS] wvfFind_event2753_trackID11_opNum6_merged.root → copied (ms_ch=6)
[PASS] wvfFind_event2930_trackID17_opNum7_merged.root → copied (ms_ch=7)
[PASS] wvfFind_event23993_trackID7_opNum9_merged.root → copied (ms_ch=9)
[PASS] wvfFind_event16284_trackID47_opNum9_merged.root → copied (ms_ch=9)
[SKIP] wvfFind_event11640_trackID20_opNum2_merged.root (ms_ch=2)
[PASS] wvfFind_event42324_trackID14_opNum8_merged.root → copied (ms_ch=8)
[PASS] wvfFind_event35823_trackID5_opNum9_merged.root → copied (ms_ch=9)
[PASS] wvfFind_event42220_trackID3_opNum9.root → copied (ms_ch=9)
[SKIP] wvfFind_event24422_trackID2_opNum1_merged.root (ms_ch=1)
[PASS] wvfFind_event37706_trackID0_opNum9_merged.root → copied (ms_ch=9)
[PASS] wvfFind_event44015_trackID5_opNum9_merged.root → copied (ms_ch=9)
[PASS] wvfFind_event42781_trackID4_opNum9_merged.root → copied (ms_ch=9)
[PASS] wvfFind_event24337_trackID9_opNum9_merged.root → copied (ms_ch=9)
[PASS] wvfFind_event20474_trackID0_opNum6_merged.root → copied (ms_ch=6)
[PASS] wvfFind_event30907_trackID0_opNum6_merged.root → copied (ms_ch=6)
[PASS] wvfFind_event38795_trackID0_opNum8_merged.root → copied (ms_ch=8)
[PASS] wvfFind_event45826_trackID13_opNum9_merged.root → copied (ms_ch=9)
[PASS] wvfFind_event11289_trackID23_opNum9_merged.root → copied (ms_ch=9)
[PASS] wvfFind_event3419_trackID1_opNum8_merged.root → copied (ms_ch=8)
[PASS] wvfFind_event39506_trackID23_opNum3_merged.root → copied (ms_ch=3)
[PASS] wvfFind_event4609_trackID19_opNum9_merged.root → copied (ms_ch=9)
[PASS] wvfFind_event45454_trackID12_opNum9_merged.root → copied (ms_ch=9)
[PASS] wvfFind_event3494_trackID4_opNum9_merged.root → copied (ms_ch=9)
[PASS] wvfFind_event32044_trackID8_opNum9.root → copied (ms_ch=9)
[PASS] wvfFind_event17205_trackID5_opNum4_merged.root → copied (ms_ch=4)
[SKIP] wvfFind_event15706_trackID15_opNum1_merged.root (ms_ch=1)
[PASS] wvfFind_event28085_trackID15_opNum8_merged.root → copied (ms_ch=8)
[SKIP] wvfFind_event23710_trackID7_opNum2_merged.root (ms_ch=2)
[PASS] wvfFind_event32299_trackID22_opNum9_merged.root → copied (ms_ch=9)
[SKIP] wvfFind_event7193_trackID21_opNum1_merged.root (ms_ch=1)
[PASS] wvfFind_event17396_trackID4_opNum6_merged.root → copied (ms_ch=6)
[PASS] wvfFind_event15603_trackID12_opNum5_merged.root → copied (ms_ch=5)
[PASS] wvfFind_event12997_trackID15_opNum9_merged.root → copied (ms_ch=9)
[PASS] wvfFind_event23153_trackID6_opNum9_merged.root → copied (ms_ch=9)
[PASS] wvfFind_event21126_trackID6_opNum9_merged.root → copied (ms_ch=9)
[PASS] wvfFind_event15485_trackID1_opNum8_merged.root → copied (ms_ch=8)
[PASS] wvfFind_event16298_trackID4_opNum5_merged.root → copied (ms_ch=5)
[SKIP] wvfFind_event45438_trackID19_opNum2_merged.root (ms_ch=2)
[PASS] wvfFind_event8236_trackID7_opNum9_merged.root → copied (ms_ch=9)
[PASS] wvfFind_event5959_trackID16_opNum6_merged.root → copied (ms_ch=6)
[PASS] wvfFind_event28957_trackID0_opNum9.root → copied (ms_ch=9)
[PASS] wvfFind_event17786_trackID2_opNum9_merged.root → copied (ms_ch=9)
[PASS] wvfFind_event46060_trackID8_opNum9_merged.root → copied (ms_ch=9)
[PASS] wvfFind_event17051_trackID6_opNum9_merged.root → copied (ms_ch=9)
[PASS] wvfFind_event3495_trackID8_opNum8_merged.root → copied (ms_ch=8)
[PASS] wvfFind_event30094_trackID12_opNum9_merged.root → copied (ms_ch=9)
[PASS] wvfFind_event22386_trackID4_opNum9_merged.root → copied (ms_ch=9)
[PASS] wvfFind_event46253_trackID13_opNum9_merged.root → copied (ms_ch=9)
[PASS] wvfFind_event12951_trackID12_opNum9_merged.root → copied (ms_ch=9)
[PASS] wvfFind_event27290_trackID11_opNum9_merged.root → copied (ms_ch=9)
[PASS] wvfFind_event18274_trackID20_opNum7_merged.root → copied (ms_ch=7)
[PASS] wvfFind_event25849_trackID2_opNum9_merged.root → copied (ms_ch=9)
[PASS] wvfFind_event34141_trackID9_opNum9_merged.root → copied (ms_ch=9)
[PASS] wvfFind_event10756_trackID9_opNum9_merged.root → copied (ms_ch=9)
[SKIP] wvfFind_event47265_trackID0_opNum1_merged.root (ms_ch=1)
[PASS] wvfFind_event43690_trackID16_opNum9_merged.root → copied (ms_ch=9)
[PASS] wvfFind_event14263_trackID4_opNum5_merged.root → copied (ms_ch=5)
[PASS] wvfFind_event17215_trackID29_opNum6_merged.root → copied (ms_ch=6)
[PASS] wvfFind_event19401_trackID8_opNum5_merged.root → copied (ms_ch=5)
[PASS] wvfFind_event28228_trackID31_opNum5_merged.root → copied (ms_ch=5)
[PASS] wvfFind_event43734_trackID9_opNum9_merged.root → copied (ms_ch=9)
[PASS] wvfFind_event42559_trackID10_opNum9_merged.root → copied (ms_ch=9)
[PASS] wvfFind_event42175_trackID14_opNum6_merged.root → copied (ms_ch=6)
[PASS] wvfFind_event23333_trackID4_opNum9_merged.root → copied (ms_ch=9)
[PASS] wvfFind_event28832_trackID6_opNum9_merged.root → copied (ms_ch=9)
[PASS] wvfFind_event4077_trackID2_opNum9_merged.root → copied (ms_ch=9)
[PASS] wvfFind_event31075_trackID5_opNum9.root → copied (ms_ch=9)
[PASS] wvfFind_event49828_trackID12_opNum9_merged.root → copied (ms_ch=9)
[PASS] wvfFind_event33129_trackID19_opNum8_merged.root → copied (ms_ch=8)
[PASS] wvfFind_event25084_trackID4_opNum9_merged.root → copied (ms_ch=9)
[PASS] wvfFind_event5241_trackID18_opNum9_merged.root → copied (ms_ch=9)
[PASS] wvfFind_event44874_trackID27_opNum5_merged.root → copied (ms_ch=5)
[PASS] wvfFind_event3201_trackID5_opNum9_merged.root → copied (ms_ch=9)
[PASS] wvfFind_event12718_trackID1_opNum9_merged.root → copied (ms_ch=9)
[PASS] wvfFind_event16428_trackID4_opNum9_merged.root → copied (ms_ch=9)
[SKIP] wvfFind_event17517_trackID12_opNum1_merged.root (ms_ch=1)
[PASS] wvfFind_event11695_trackID7_opNum9_merged.root → copied (ms_ch=9)
[PASS] wvfFind_event12165_trackID36_opNum3_merged.root → copied (ms_ch=3)
[PASS] wvfFind_event3050_trackID14_opNum8_merged.root → copied (ms_ch=8)
[PASS] wvfFind_event40261_trackID16_opNum9_merged.root → copied (ms_ch=9)
[PASS] wvfFind_event46774_trackID12_opNum9_merged.root → copied (ms_ch=9)
[PASS] wvfFind_event10571_trackID6_opNum9_merged.root → copied (ms_ch=9)
[PASS] wvfFind_event46870_trackID6_opNum7_merged.root → copied (ms_ch=7)
[SKIP] wvfFind_event46777_trackID18_opNum1_merged.root (ms_ch=1)
[PASS] wvfFind_event40066_trackID9_opNum9_merged.root → copied (ms_ch=9)
[PASS] wvfFind_event16985_trackID0_opNum5_merged.root → copied (ms_ch=5)
[SKIP] wvfFind_event39361_trackID26_opNum2_merged.root (ms_ch=2)
[PASS] wvfFind_event41873_trackID0_opNum5_merged.root → copied (ms_ch=5)
[PASS] wvfFind_event24380_trackID5_opNum9_merged.root → copied (ms_ch=9)
[PASS] wvfFind_event18957_trackID15_opNum3_merged.root → copied (ms_ch=3)
[PASS] wvfFind_event13464_trackID11_opNum9_merged.root → copied (ms_ch=9)
[PASS] wvfFind_event14656_trackID11_opNum9_merged.root → copied (ms_ch=9)
[PASS] wvfFind_event13892_trackID8_opNum8_merged.root → copied (ms_ch=8)
[PASS] wvfFind_event23305_trackID6_opNum9_merged.root → copied (ms_ch=9)
[PASS] wvfFind_event29365_trackID17_opNum5_merged.root → copied (ms_ch=5)
[PASS] wvfFind_event28198_trackID12_opNum9_merged.root → copied (ms_ch=9)
[PASS] wvfFind_event9498_trackID6_opNum9_merged.root → copied (ms_ch=9)
[PASS] wvfFind_event14430_trackID1_opNum8_merged.root → copied (ms_ch=8)
[PASS] wvfFind_event43117_trackID5_opNum8_merged.root → copied (ms_ch=8)
[PASS] wvfFind_event36325_trackID4_opNum9_merged.root → copied (ms_ch=9)
[PASS] wvfFind_event31248_trackID5_opNum9_merged.root → copied (ms_ch=9)
[PASS] wvfFind_event29695_trackID6_opNum9_merged.root → copied (ms_ch=9)
[PASS] wvfFind_event17299_trackID7_opNum9_merged.root → copied (ms_ch=9)
[PASS] wvfFind_event25105_trackID10_opNum8_merged.root → copied (ms_ch=8)
[PASS] wvfFind_event3524_trackID9_opNum9_merged.root → copied (ms_ch=9)
[PASS] wvfFind_event32160_trackID14_opNum5_merged.root → copied (ms_ch=5)
[PASS] wvfFind_event16135_trackID8_opNum9_merged.root → copied (ms_ch=9)
[PASS] wvfFind_event22631_trackID24_opNum8_merged.root → copied (ms_ch=8)
[PASS] wvfFind_event32689_trackID5_opNum9.root → copied (ms_ch=9)
[PASS] wvfFind_event29583_trackID18_opNum3.root → copied (ms_ch=3)
[PASS] wvfFind_event2388_trackID1_opNum9_merged.root → copied (ms_ch=9)
[PASS] wvfFind_event3571_trackID1_opNum9_merged.root → copied (ms_ch=9)
[PASS] wvfFind_event2191_trackID16_opNum7_merged.root → copied (ms_ch=7)
[PASS] wvfFind_event18788_trackID10_opNum7_merged.root → copied (ms_ch=7)
[PASS] wvfFind_event20832_trackID25_opNum6_merged.root → copied (ms_ch=6)
[PASS] wvfFind_event8056_trackID8_opNum9_merged.root → copied (ms_ch=9)
[PASS] wvfFind_event12172_trackID2_opNum9_merged.root → copied (ms_ch=9)
[PASS] wvfFind_event49151_trackID7_opNum5_merged.root → copied (ms_ch=5)
[PASS] wvfFind_event25699_trackID18_opNum9_merged.root → copied (ms_ch=9)
[PASS] wvfFind_event45166_trackID28_opNum3_merged.root → copied (ms_ch=3)
[PASS] wvfFind_event14762_trackID8_opNum9_merged.root → copied (ms_ch=9)
[PASS] wvfFind_event21918_trackID4_opNum8_merged.root → copied (ms_ch=8)
[PASS] wvfFind_event22921_trackID22_opNum6_merged.root → copied (ms_ch=6)
[PASS] wvfFind_event6760_trackID3_opNum9_merged.root → copied (ms_ch=9)
[PASS] wvfFind_event2654_trackID2_opNum6_merged.root → copied (ms_ch=6)
[PASS] wvfFind_event4342_trackID8_opNum6_merged.root → copied (ms_ch=6)
[PASS] wvfFind_event16614_trackID18_opNum9_merged.root → copied (ms_ch=9)
[PASS] wvfFind_event18219_trackID3_opNum9_merged.root → copied (ms_ch=9)
[SKIP] wvfFind_event7132_trackID11_opNum2_merged.root (ms_ch=2)
[PASS] wvfFind_event388_trackID19_opNum6_merged.root → copied (ms_ch=6)
[PASS] wvfFind_event17816_trackID14_opNum3_merged.root → copied (ms_ch=3)
[SKIP] wvfFind_event3944_trackID17_opNum1_merged.root (ms_ch=1)
[PASS] wvfFind_event22140_trackID0_opNum5_merged.root → copied (ms_ch=5)
[PASS] wvfFind_event45466_trackID11_opNum9_merged.root → copied (ms_ch=9)
[PASS] wvfFind_event32163_trackID2_opNum9_merged.root → copied (ms_ch=9)
[PASS] wvfFind_event4505_trackID14_opNum9_merged.root → copied (ms_ch=9)
[PASS] wvfFind_event47957_trackID10_opNum9_merged.root → copied (ms_ch=9)
[PASS] wvfFind_event30432_trackID2_opNum9_merged.root → copied (ms_ch=9)
[PASS] wvfFind_event13868_trackID17_opNum8_merged.root → copied (ms_ch=8)
[PASS] wvfFind_event188_trackID15_opNum5_merged.root → copied (ms_ch=5)
[SKIP] wvfFind_event18535_trackID9_opNum1_merged.root (ms_ch=1)
[PASS] wvfFind_event11689_trackID0_opNum8_merged.root → copied (ms_ch=8)
[PASS] wvfFind_event30186_trackID16_opNum3_merged.root → copied (ms_ch=3)
[PASS] wvfFind_event1837_trackID21_opNum5_merged.root → copied (ms_ch=5)
[PASS] wvfFind_event46336_trackID20_opNum5.root → copied (ms_ch=5)
[PASS] wvfFind_event9768_trackID15_opNum9_merged.root → copied (ms_ch=9)
[PASS] wvfFind_event46039_trackID1_opNum5_merged.root → copied (ms_ch=5)
[PASS] wvfFind_event17779_trackID0_opNum9_merged.root → copied (ms_ch=9)
[PASS] wvfFind_event22603_trackID4_opNum7_merged.root → copied (ms_ch=7)
[PASS] wvfFind_event12316_trackID5_opNum9_merged.root → copied (ms_ch=9)
[PASS] wvfFind_event11051_trackID6_opNum9_merged.root → copied (ms_ch=9)
[PASS] wvfFind_event1335_trackID25_opNum9_merged.root → copied (ms_ch=9)
[PASS] wvfFind_event13000_trackID1_opNum9_merged.root → copied (ms_ch=9)
[PASS] wvfFind_event42592_trackID14_opNum9_merged.root → copied (ms_ch=9)
[SKIP] wvfFind_event13779_trackID3_opNum1_merged.root (ms_ch=1)
[PASS] wvfFind_event41727_trackID16_opNum6.root → copied (ms_ch=6)
[PASS] wvfFind_event20679_trackID19_opNum8_merged.root → copied (ms_ch=8)
[PASS] wvfFind_event13762_trackID7_opNum4_merged.root → copied (ms_ch=4)
[SKIP] wvfFind_event14437_trackID15_opNum1_merged.root (ms_ch=1)
[PASS] wvfFind_event42578_trackID0_opNum5_merged.root → copied (ms_ch=5)
[PASS] wvfFind_event20321_trackID20_opNum5_merged.root → copied (ms_ch=5)
[PASS] wvfFind_event13092_trackID10_opNum9_merged.root → copied (ms_ch=9)
[PASS] wvfFind_event33027_trackID3_opNum9_merged.root → copied (ms_ch=9)
[PASS] wvfFind_event5423_trackID11_opNum9_merged.root → copied (ms_ch=9)
[PASS] wvfFind_event1013_trackID8_opNum3_merged.root → copied (ms_ch=3)
[PASS] wvfFind_event29589_trackID7_opNum5_merged.root → copied (ms_ch=5)
[PASS] wvfFind_event45678_trackID9_opNum5_merged.root → copied (ms_ch=5)
[PASS] wvfFind_event42040_trackID0_opNum9_merged.root → copied (ms_ch=9)
[PASS] wvfFind_event7968_trackID7_opNum5_merged.root → copied (ms_ch=5)
[PASS] wvfFind_event10462_trackID22_opNum5_merged.root → copied (ms_ch=5)
[PASS] wvfFind_event27490_trackID11_opNum9_merged.root → copied (ms_ch=9)
[PASS] wvfFind_event17679_trackID12_opNum9_merged.root → copied (ms_ch=9)
[PASS] wvfFind_event25029_trackID23_opNum8_merged.root → copied (ms_ch=8)
[PASS] wvfFind_event1559_trackID0_opNum5_merged.root → copied (ms_ch=5)
[SKIP] wvfFind_event13769_trackID14_opNum1_merged.root (ms_ch=1)
[PASS] wvfFind_event6214_trackID0_opNum3_merged.root → copied (ms_ch=3)
[PASS] wvfFind_event24819_trackID4_opNum3_merged.root → copied (ms_ch=3)
[PASS] wvfFind_event47266_trackID6_opNum5_merged.root → copied (ms_ch=5)
[PASS] wvfFind_event9667_trackID5_opNum6_merged.root → copied (ms_ch=6)
[SKIP] wvfFind_event13348_trackID7_opNum1_merged.root (ms_ch=1)
[PASS] wvfFind_event24557_trackID11_opNum6_merged.root → copied (ms_ch=6)
[PASS] wvfFind_event23532_trackID13_opNum9_merged.root → copied (ms_ch=9)
[PASS] wvfFind_event38910_trackID24_opNum9_merged.root → copied (ms_ch=9)
[PASS] wvfFind_event20489_trackID17_opNum9_merged.root → copied (ms_ch=9)
[SKIP] wvfFind_event17329_trackID18_opNum2_merged.root (ms_ch=2)
[PASS] wvfFind_event14911_trackID10_opNum3_merged.root → copied (ms_ch=3)
[SKIP] wvfFind_event14671_trackID16_opNum1_merged.root (ms_ch=1)
[SKIP] wvfFind_event5622_trackID6_opNum2_merged.root (ms_ch=2)
[PASS] wvfFind_event17315_trackID14_opNum9_merged.root → copied (ms_ch=9)
[PASS] wvfFind_event2782_trackID1_opNum7_merged.root → copied (ms_ch=7)
[PASS] wvfFind_event14967_trackID32_opNum7_merged.root → copied (ms_ch=7)
[PASS] wvfFind_event28176_trackID39_opNum5_merged.root → copied (ms_ch=5)
[PASS] wvfFind_event33537_trackID18_opNum4_merged.root → copied (ms_ch=4)
[PASS] wvfFind_event18389_trackID1_opNum9_merged.root → copied (ms_ch=9)
[PASS] wvfFind_event49152_trackID2_opNum6.root → copied (ms_ch=6)
[SKIP] wvfFind_event21704_trackID18_opNum2_merged.root (ms_ch=2)
[PASS] wvfFind_event43817_trackID15_opNum9_merged.root → copied (ms_ch=9)
[PASS] wvfFind_event16513_trackID27_opNum4_merged.root → copied (ms_ch=4)
[PASS] wvfFind_event3642_trackID17_opNum9_merged.root → copied (ms_ch=9)
[PASS] wvfFind_event40292_trackID0_opNum8_merged.root → copied (ms_ch=8)
[PASS] wvfFind_event26303_trackID22_opNum7_merged.root → copied (ms_ch=7)
[PASS] wvfFind_event14779_trackID2_opNum9_merged.root → copied (ms_ch=9)
[PASS] wvfFind_event6787_trackID12_opNum8_merged.root → copied (ms_ch=8)
[PASS] wvfFind_event7187_trackID12_opNum3_merged.root → copied (ms_ch=3)
[SKIP] wvfFind_event22652_trackID11_opNum1_merged.root (ms_ch=1)
[PASS] wvfFind_event15242_trackID8_opNum9_merged.root → copied (ms_ch=9)
[SKIP] wvfFind_event43494_trackID21_opNum1_merged.root (ms_ch=1)
[PASS] wvfFind_event40760_trackID5_opNum5_merged.root → copied (ms_ch=5)
[PASS] wvfFind_event20912_trackID15_opNum8_merged.root → copied (ms_ch=8)
[SKIP] wvfFind_event39310_trackID12_opNum1_merged.root (ms_ch=1)
[SKIP] wvfFind_event20768_trackID15_opNum1_merged.root (ms_ch=1)
[PASS] wvfFind_event13972_trackID9_opNum9_merged.root → copied (ms_ch=9)
[SKIP] wvfFind_event45119_trackID5_opNum2_merged.root (ms_ch=2)
[SKIP] wvfFind_event2591_trackID12_opNum2_merged.root (ms_ch=2)
[PASS] wvfFind_event11627_trackID19_opNum4_merged.root → copied (ms_ch=4)
[PASS] wvfFind_event14373_trackID12_opNum9_merged.root → copied (ms_ch=9)
[SKIP] wvfFind_event20849_trackID9_opNum1_merged.root (ms_ch=1)
[PASS] wvfFind_event25973_trackID16_opNum9_merged.root → copied (ms_ch=9)
[SKIP] wvfFind_event20189_trackID17_opNum2_merged.root (ms_ch=2)
[PASS] wvfFind_event22041_trackID0_opNum5_merged.root → copied (ms_ch=5)
[PASS] wvfFind_event22300_trackID12_opNum9_merged.root → copied (ms_ch=9)
[PASS] wvfFind_event8032_trackID5_opNum5_merged.root → copied (ms_ch=5)
[PASS] wvfFind_event22309_trackID25_opNum9_merged.root → copied (ms_ch=9)
[PASS] wvfFind_event6216_trackID25_opNum3_merged.root → copied (ms_ch=3)
[PASS] wvfFind_event3309_trackID12_opNum9_merged.root → copied (ms_ch=9)
[PASS] wvfFind_event23786_trackID0_opNum5_merged.root → copied (ms_ch=5)
[SKIP] wvfFind_event21349_trackID3_opNum1_merged.root (ms_ch=1)
[PASS] wvfFind_event20921_trackID17_opNum8_merged.root → copied (ms_ch=8)
[PASS] wvfFind_event27329_trackID5_opNum8_merged.root → copied (ms_ch=8)
[PASS] wvfFind_event18766_trackID14_opNum9_merged.root → copied (ms_ch=9)
[PASS] wvfFind_event48635_trackID11_opNum9_merged.root → copied (ms_ch=9)
[PASS] wvfFind_event22553_trackID2_opNum5_merged.root → copied (ms_ch=5)
[PASS] wvfFind_event46892_trackID3_opNum9_merged.root → copied (ms_ch=9)
[PASS] wvfFind_event23788_trackID5_opNum9_merged.root → copied (ms_ch=9)
[SKIP] wvfFind_event13057_trackID10_opNum1_merged.root (ms_ch=1)
[SKIP] wvfFind_event39844_trackID12_opNum2_merged.root (ms_ch=2)
[PASS] wvfFind_event25384_trackID8_opNum9_merged.root → copied (ms_ch=9)
[PASS] wvfFind_event25607_trackID5_opNum9_merged.root → copied (ms_ch=9)
[PASS] wvfFind_event14279_trackID8_opNum9_merged.root → copied (ms_ch=9)
[PASS] wvfFind_event43088_trackID19_opNum7_merged.root → copied (ms_ch=7)
[PASS] wvfFind_event34030_trackID5_opNum3_merged.root → copied (ms_ch=3)
[PASS] wvfFind_event14034_trackID15_opNum9_merged.root → copied (ms_ch=9)
[PASS] wvfFind_event39317_trackID8_opNum8_merged.root → copied (ms_ch=8)
[PASS] wvfFind_event20503_trackID3_opNum9_merged.root → copied (ms_ch=9)
[PASS] wvfFind_event22228_trackID18_opNum9_merged.root → copied (ms_ch=9)
[SKIP] wvfFind_event20059_trackID10_opNum1_merged.root (ms_ch=1)
[PASS] wvfFind_event20010_trackID25_opNum8_merged.root → copied (ms_ch=8)
[PASS] wvfFind_event40574_trackID13_opNum9_merged.root → copied (ms_ch=9)
[PASS] wvfFind_event3376_trackID14_opNum8_merged.root → copied (ms_ch=8)
[PASS] wvfFind_event47274_trackID6_opNum3_merged.root → copied (ms_ch=3)
[PASS] wvfFind_event10977_trackID8_opNum5_merged.root → copied (ms_ch=5)
[PASS] wvfFind_event20926_trackID0_opNum9_merged.root → copied (ms_ch=9)
[SKIP] wvfFind_event31785_trackID8_opNum2_merged.root (ms_ch=2)
[PASS] wvfFind_event48297_trackID8_opNum3_merged.root → copied (ms_ch=3)
[PASS] wvfFind_event25292_trackID9_opNum8_merged.root → copied (ms_ch=8)
[PASS] wvfFind_event11629_trackID25_opNum3_merged.root → copied (ms_ch=3)
[PASS] wvfFind_event6498_trackID10_opNum9_merged.root → copied (ms_ch=9)
[PASS] wvfFind_event42825_trackID5_opNum9_merged.root → copied (ms_ch=9)
[PASS] wvfFind_event14915_trackID3_opNum9_merged.root → copied (ms_ch=9)
[PASS] wvfFind_event18013_trackID9_opNum9_merged.root → copied (ms_ch=9)
[PASS] wvfFind_event16213_trackID7_opNum9_merged.root → copied (ms_ch=9)
[PASS] wvfFind_event15984_trackID14_opNum5_merged.root → copied (ms_ch=5)
[PASS] wvfFind_event41104_trackID6_opNum9_merged.root → copied (ms_ch=9)
[PASS] wvfFind_event45106_trackID18_opNum9_merged.root → copied (ms_ch=9)
[PASS] wvfFind_event6731_trackID3_opNum9_merged.root → copied (ms_ch=9)
[PASS] wvfFind_event32879_trackID6_opNum9_merged.root → copied (ms_ch=9)
[PASS] wvfFind_event2035_trackID11_opNum9_merged.root → copied (ms_ch=9)
[PASS] wvfFind_event40250_trackID22_opNum8_merged.root → copied (ms_ch=8)
[PASS] wvfFind_event18783_trackID0_opNum9_merged.root → copied (ms_ch=9)
[PASS] wvfFind_event43250_trackID6_opNum3_merged.root → copied (ms_ch=3)
[PASS] wvfFind_event26302_trackID23_opNum7_merged.root → copied (ms_ch=7)
[PASS] wvfFind_event4816_trackID0_opNum3.root → copied (ms_ch=3)
[PASS] wvfFind_event17133_trackID1_opNum9_merged.root → copied (ms_ch=9)
[PASS] wvfFind_event4278_trackID0_opNum6_merged.root → copied (ms_ch=6)
[PASS] wvfFind_event24153_trackID3_opNum9_merged.root → copied (ms_ch=9)
[PASS] wvfFind_event18349_trackID18_opNum5_merged.root → copied (ms_ch=5)
[PASS] wvfFind_event48018_trackID1_opNum5_merged.root → copied (ms_ch=5)
[PASS] wvfFind_event41938_trackID11_opNum9_merged.root → copied (ms_ch=9)
[PASS] wvfFind_event12237_trackID7_opNum9_merged.root → copied (ms_ch=9)
[PASS] wvfFind_event41686_trackID15_opNum8_merged.root → copied (ms_ch=8)
[PASS] wvfFind_event26976_trackID1_opNum8_merged.root → copied (ms_ch=8)
[PASS] wvfFind_event34214_trackID0_opNum9_merged.root → copied (ms_ch=9)
[PASS] wvfFind_event45717_trackID21_opNum9_merged.root → copied (ms_ch=9)
[PASS] wvfFind_event25027_trackID1_opNum9_merged.root → copied (ms_ch=9)
[PASS] wvfFind_event14849_trackID8_opNum8_merged.root → copied (ms_ch=8)
[PASS] wvfFind_event23987_trackID19_opNum9_merged.root → copied (ms_ch=9)
[PASS] wvfFind_event20501_trackID7_opNum9_merged.root → copied (ms_ch=9)
[PASS] wvfFind_event33862_trackID21_opNum8_merged.root → copied (ms_ch=8)
[PASS] wvfFind_event13358_trackID23_opNum8_merged.root → copied (ms_ch=8)
[PASS] wvfFind_event16427_trackID10_opNum9_merged.root → copied (ms_ch=9)
[PASS] wvfFind_event11078_trackID20_opNum6_merged.root → copied (ms_ch=6)
[PASS] wvfFind_event7661_trackID6_opNum9_merged.root → copied (ms_ch=9)
[PASS] wvfFind_event26224_trackID7_opNum7_merged.root → copied (ms_ch=7)
[PASS] wvfFind_event29319_trackID9_opNum7_merged.root → copied (ms_ch=7)
[PASS] wvfFind_event17343_trackID2_opNum9_merged.root → copied (ms_ch=9)
[PASS] wvfFind_event17474_trackID22_opNum8_merged.root → copied (ms_ch=8)
[PASS] wvfFind_event1143_trackID8_opNum3_merged.root → copied (ms_ch=3)
[PASS] wvfFind_event3492_trackID5_opNum9_merged.root → copied (ms_ch=9)
[PASS] wvfFind_event19592_trackID8_opNum9_merged.root → copied (ms_ch=9)
[PASS] wvfFind_event2552_trackID4_opNum5_merged.root → copied (ms_ch=5)
[PASS] wvfFind_event40930_trackID24_opNum7_merged.root → copied (ms_ch=7)
[PASS] wvfFind_event786_trackID18_opNum5_merged.root → copied (ms_ch=5)
[PASS] wvfFind_event27096_trackID6_opNum9_merged.root → copied (ms_ch=9)
[PASS] wvfFind_event40070_trackID24_opNum7_merged.root → copied (ms_ch=7)
[PASS] wvfFind_event13925_trackID5_opNum9_merged.root → copied (ms_ch=9)
[PASS] wvfFind_event23576_trackID6_opNum9_merged.root → copied (ms_ch=9)
[PASS] wvfFind_event47265_trackID9_opNum9_merged.root → copied (ms_ch=9)
[PASS] wvfFind_event11974_trackID2_opNum9_merged.root → copied (ms_ch=9)
[PASS] wvfFind_event14635_trackID8_opNum8_merged.root → copied (ms_ch=8)
[PASS] wvfFind_event16184_trackID5_opNum9_merged.root → copied (ms_ch=9)
[PASS] wvfFind_event39770_trackID6_opNum4_merged.root → copied (ms_ch=4)
[PASS] wvfFind_event459_trackID21_opNum9_merged.root → copied (ms_ch=9)
[PASS] wvfFind_event46005_trackID3_opNum9_merged.root → copied (ms_ch=9)
[PASS] wvfFind_event43666_trackID10_opNum9_merged.root → copied (ms_ch=9)
[PASS] wvfFind_event4374_trackID6_opNum8_merged.root → copied (ms_ch=8)
[PASS] wvfFind_event30610_trackID11_opNum8_merged.root → copied (ms_ch=8)
[PASS] wvfFind_event24839_trackID8_opNum6_merged.root → copied (ms_ch=6)
[PASS] wvfFind_event14118_trackID0_opNum3_merged.root → copied (ms_ch=3)
[PASS] wvfFind_event2815_trackID17_opNum8_merged.root → copied (ms_ch=8)
[SKIP] wvfFind_event21372_trackID20_opNum1_merged.root (ms_ch=1)
[PASS] wvfFind_event42322_trackID27_opNum9_merged.root → copied (ms_ch=9)
[PASS] wvfFind_event40717_trackID9_opNum9_merged.root → copied (ms_ch=9)
[PASS] wvfFind_event18689_trackID28_opNum7_merged.root → copied (ms_ch=7)
[PASS] wvfFind_event29195_trackID9_opNum9_merged.root → copied (ms_ch=9)
[PASS] wvfFind_event8865_trackID21_opNum3_merged.root → copied (ms_ch=3)
[PASS] wvfFind_event20761_trackID17_opNum9_merged.root → copied (ms_ch=9)
[PASS] wvfFind_event5393_trackID6_opNum8_merged.root → copied (ms_ch=8)
[PASS] wvfFind_event2900_trackID15_opNum5_merged.root → copied (ms_ch=5)
[PASS] wvfFind_event7926_trackID7_opNum9_merged.root → copied (ms_ch=9)
[PASS] wvfFind_event34026_trackID2_opNum9_merged.root → copied (ms_ch=9)
[PASS] wvfFind_event45472_trackID21_opNum9_merged.root → copied (ms_ch=9)
[PASS] wvfFind_event277_trackID29_opNum9_merged.root → copied (ms_ch=9)
[PASS] wvfFind_event18886_trackID4_opNum6_merged.root → copied (ms_ch=6)
[SKIP] wvfFind_event27727_trackID12_opNum2_2.root (ms_ch=2)
[PASS] wvfFind_event22479_trackID4_opNum9_merged.root → copied (ms_ch=9)
[PASS] wvfFind_event46499_trackID8_opNum9_merged.root → copied (ms_ch=9)
[PASS] wvfFind_event38897_trackID29_opNum9_merged.root → copied (ms_ch=9)
[PASS] wvfFind_event13772_trackID5_opNum6_merged.root → copied (ms_ch=6)
[PASS] wvfFind_event49212_trackID26_opNum9_merged.root → copied (ms_ch=9)
[PASS] wvfFind_event10291_trackID13_opNum9_merged.root → copied (ms_ch=9)
[PASS] wvfFind_event22922_trackID6_opNum6_merged.root → copied (ms_ch=6)
[PASS] wvfFind_event821_trackID1_opNum9_merged.root → copied (ms_ch=9)
[PASS] wvfFind_event1331_trackID20_opNum9_merged.root → copied (ms_ch=9)
[PASS] wvfFind_event27416_trackID7_opNum8_merged.root → copied (ms_ch=8)
[PASS] wvfFind_event21844_trackID21_opNum4_merged.root → copied (ms_ch=4)
[PASS] wvfFind_event19953_trackID4_opNum3_merged.root → copied (ms_ch=3)
[PASS] wvfFind_event41936_trackID6_opNum6_merged.root → copied (ms_ch=6)
[PASS] wvfFind_event17309_trackID13_opNum7_merged.root → copied (ms_ch=7)
[PASS] wvfFind_event20882_trackID6_opNum5_merged.root → copied (ms_ch=5)
[PASS] wvfFind_event1994_trackID12_opNum9_merged.root → copied (ms_ch=9)
[PASS] wvfFind_event44217_trackID9_opNum9_merged.root → copied (ms_ch=9)
[PASS] wvfFind_event1179_trackID17_opNum8_merged.root → copied (ms_ch=8)
[PASS] wvfFind_event9793_trackID15_opNum8_merged.root → copied (ms_ch=8)
[PASS] wvfFind_event23073_trackID13_opNum9_merged.root → copied (ms_ch=9)
[PASS] wvfFind_event3485_trackID13_opNum8_merged.root → copied (ms_ch=8)
[PASS] wvfFind_event5489_trackID22_opNum7_merged.root → copied (ms_ch=7)
[PASS] wvfFind_event8560_trackID2_opNum5_merged.root → copied (ms_ch=5)
[PASS] wvfFind_event30092_trackID15_opNum9_merged.root → copied (ms_ch=9)
[PASS] wvfFind_event41873_trackID2_opNum9_merged.root → copied (ms_ch=9)
[PASS] wvfFind_event3176_trackID16_opNum9_merged.root → copied (ms_ch=9)
[PASS] wvfFind_event5_trackID10_opNum7_merged.root → copied (ms_ch=7)
[PASS] wvfFind_event24836_trackID8_opNum4_merged.root → copied (ms_ch=4)
[PASS] wvfFind_event30093_trackID0_opNum9_merged.root → copied (ms_ch=9)
[PASS] wvfFind_event41876_trackID17_opNum9_merged.root → copied (ms_ch=9)
[PASS] wvfFind_event42804_trackID10_opNum9_merged.root → copied (ms_ch=9)
[PASS] wvfFind_event11926_trackID15_opNum8.root → copied (ms_ch=8)
[PASS] wvfFind_event15811_trackID10_opNum9_merged.root → copied (ms_ch=9)
[PASS] wvfFind_event31255_trackID1_opNum5_merged.root → copied (ms_ch=5)
[SKIP] wvfFind_event15720_trackID5_opNum1_merged.root (ms_ch=1)
[PASS] wvfFind_event6879_trackID18_opNum9_merged.root → copied (ms_ch=9)
[PASS] wvfFind_event44603_trackID1_opNum5_merged.root → copied (ms_ch=5)
[PASS] wvfFind_event33566_trackID24_opNum7_merged.root → copied (ms_ch=7)
[PASS] wvfFind_event24836_trackID2_opNum9_merged.root → copied (ms_ch=9)
[PASS] wvfFind_event20753_trackID5_opNum3_merged.root → copied (ms_ch=3)
[PASS] wvfFind_event37704_trackID6_opNum5_merged.root → copied (ms_ch=5)
[PASS] wvfFind_event20075_trackID3_opNum9_merged.root → copied (ms_ch=9)
[PASS] wvfFind_event43686_trackID8_opNum8_merged.root → copied (ms_ch=8)
[PASS] wvfFind_event16257_trackID18_opNum4_merged.root → copied (ms_ch=4)
[PASS] wvfFind_event2074_trackID13_opNum9_merged.root → copied (ms_ch=9)
[PASS] wvfFind_event42585_trackID13_opNum8_merged.root → copied (ms_ch=8)
[PASS] wvfFind_event24535_trackID11_opNum9_merged.root → copied (ms_ch=9)
[PASS] wvfFind_event19892_trackID25_opNum8_merged.root → copied (ms_ch=8)
[SKIP] wvfFind_event642_trackID18_opNum2_merged.root (ms_ch=2)
[PASS] wvfFind_event45691_trackID3_opNum4_merged.root → copied (ms_ch=4)
[PASS] wvfFind_event33492_trackID8_opNum9_merged.root → copied (ms_ch=9)
[PASS] wvfFind_event44204_trackID21_opNum4_merged.root → copied (ms_ch=4)
[PASS] wvfFind_event47675_trackID6_opNum9_merged.root → copied (ms_ch=9)
[PASS] wvfFind_event3145_trackID14_opNum9_merged.root → copied (ms_ch=9)
[PASS] wvfFind_event17690_trackID1_opNum4_merged.root → copied (ms_ch=4)
[PASS] wvfFind_event39255_trackID25_opNum9_merged.root → copied (ms_ch=9)
[PASS] wvfFind_event21735_trackID21_opNum4_merged.root → copied (ms_ch=4)
[PASS] wvfFind_event3304_trackID20_opNum9_merged.root → copied (ms_ch=9)
[PASS] wvfFind_event657_trackID10_opNum4_merged.root → copied (ms_ch=4)
[PASS] wvfFind_event10684_trackID7_opNum9_merged.root → copied (ms_ch=9)
[PASS] wvfFind_event2831_trackID8_opNum9_merged.root → copied (ms_ch=9)
[PASS] wvfFind_event2890_trackID15_opNum9_merged.root → copied (ms_ch=9)
[PASS] wvfFind_event5625_trackID11_opNum9_merged.root → copied (ms_ch=9)
[PASS] wvfFind_event4949_trackID10_opNum6_merged.root → copied (ms_ch=6)
[PASS] wvfFind_event28708_trackID2_opNum6_merged.root → copied (ms_ch=6)
[PASS] wvfFind_event7593_trackID0_opNum5_merged.root → copied (ms_ch=5)
[PASS] wvfFind_event20145_trackID29_opNum5_merged.root → copied (ms_ch=5)
[PASS] wvfFind_event10003_trackID3_opNum9_merged.root → copied (ms_ch=9)
[PASS] wvfFind_event13170_trackID10_opNum5_merged.root → copied (ms_ch=5)
[PASS] wvfFind_event48716_trackID12_opNum9_merged.root → copied (ms_ch=9)
[PASS] wvfFind_event1444_trackID17_opNum8_merged.root → copied (ms_ch=8)
[PASS] wvfFind_event21548_trackID11_opNum9_merged.root → copied (ms_ch=9)
[PASS] wvfFind_event290_trackID16_opNum9_merged.root → copied (ms_ch=9)
[PASS] wvfFind_event32260_trackID15_opNum7_merged.root → copied (ms_ch=7)
[PASS] wvfFind_event43609_trackID4_opNum9_merged.root → copied (ms_ch=9)
[PASS] wvfFind_event9962_trackID1_opNum9_merged.root → copied (ms_ch=9)
[PASS] wvfFind_event22370_trackID0_opNum6_merged.root → copied (ms_ch=6)
[PASS] wvfFind_event24302_trackID13_opNum8_merged.root → copied (ms_ch=8)
[PASS] wvfFind_event39339_trackID7_opNum5_merged.root → copied (ms_ch=5)
[PASS] wvfFind_event9558_trackID22_opNum9_merged.root → copied (ms_ch=9)
[PASS] wvfFind_event17157_trackID3_opNum9_merged.root → copied (ms_ch=9)
[PASS] wvfFind_event28561_trackID3_opNum8_merged.root → copied (ms_ch=8)
[PASS] wvfFind_event13787_trackID1_opNum9_merged.root → copied (ms_ch=9)
[PASS] wvfFind_event34201_trackID0_opNum9_merged.root → copied (ms_ch=9)
[PASS] wvfFind_event23784_trackID11_opNum9_merged.root → copied (ms_ch=9)
[PASS] wvfFind_event8516_trackID15_opNum4_merged.root → copied (ms_ch=4)
[PASS] wvfFind_event38977_trackID4_opNum9_merged.root → copied (ms_ch=9)
[PASS] wvfFind_event22343_trackID7_opNum9_merged.root → copied (ms_ch=9)
[PASS] wvfFind_event26156_trackID27_opNum9_merged.root → copied (ms_ch=9)
[PASS] wvfFind_event4569_trackID4_opNum4_merged.root → copied (ms_ch=4)
[PASS] wvfFind_event24170_trackID11_opNum9_merged.root → copied (ms_ch=9)
[PASS] wvfFind_event28020_trackID11_opNum6.root → copied (ms_ch=6)
[PASS] wvfFind_event34025_trackID0_opNum5_merged.root → copied (ms_ch=5)
[PASS] wvfFind_event17594_trackID2_opNum9_merged.root → copied (ms_ch=9)
[PASS] wvfFind_event43626_trackID13_opNum9_merged.root → copied (ms_ch=9)
[PASS] wvfFind_event40713_trackID15_opNum7_merged.root → copied (ms_ch=7)
[PASS] wvfFind_event3666_trackID4_opNum9_merged.root → copied (ms_ch=9)
[PASS] wvfFind_event12192_trackID5_opNum3_merged.root → copied (ms_ch=3)
[PASS] wvfFind_event21127_trackID2_opNum9_merged.root → copied (ms_ch=9)
[PASS] wvfFind_event12564_trackID1_opNum9_merged.root → copied (ms_ch=9)
[PASS] wvfFind_event19934_trackID8_opNum6_merged.root → copied (ms_ch=6)
[PASS] wvfFind_event39670_trackID5_opNum9_merged.root → copied (ms_ch=9)
[SKIP] wvfFind_event3660_trackID1_opNum1_merged.root (ms_ch=1)
[PASS] wvfFind_event49629_trackID12_opNum4_merged.root → copied (ms_ch=4)
[PASS] wvfFind_event12701_trackID13_opNum9_merged.root → copied (ms_ch=9)
[PASS] wvfFind_event12576_trackID9_opNum9_merged.root → copied (ms_ch=9)
[PASS] wvfFind_event21742_trackID2_opNum9_merged.root → copied (ms_ch=9)
[PASS] wvfFind_event21658_trackID5_opNum9_merged.root → copied (ms_ch=9)
[PASS] wvfFind_event1483_trackID7_opNum9_merged.root → copied (ms_ch=9)
[PASS] wvfFind_event15384_trackID2_opNum9_merged.root → copied (ms_ch=9)
[PASS] wvfFind_event30653_trackID4_opNum9_merged.root → copied (ms_ch=9)
[SKIP] wvfFind_event1570_trackID11_opNum2_merged.root (ms_ch=2)
[SKIP] wvfFind_event29595_trackID27_opNum2_merged.root (ms_ch=2)
[PASS] wvfFind_event3302_trackID16_opNum9_merged.root → copied (ms_ch=9)
[PASS] wvfFind_event30257_trackID25_opNum5_merged.root → copied (ms_ch=5)
[PASS] wvfFind_event47335_trackID21_opNum8_merged.root → copied (ms_ch=8)
[PASS] wvfFind_event47961_trackID6_opNum8_merged.root → copied (ms_ch=8)
[PASS] wvfFind_event30929_trackID9_opNum8_merged.root → copied (ms_ch=8)
[PASS] wvfFind_event8950_trackID12_opNum8_merged.root → copied (ms_ch=8)
[PASS] wvfFind_event31093_trackID30_opNum3_merged.root → copied (ms_ch=3)
[PASS] wvfFind_event14605_trackID4_opNum4_merged.root → copied (ms_ch=4)
[PASS] wvfFind_event22895_trackID15_opNum9_merged.root → copied (ms_ch=9)
[SKIP] wvfFind_event29439_trackID1_opNum1_merged.root (ms_ch=1)
[PASS] wvfFind_event17481_trackID3_opNum9.root → copied (ms_ch=9)
[PASS] wvfFind_event45732_trackID7_opNum5_merged.root → copied (ms_ch=5)
[PASS] wvfFind_event16865_trackID15_opNum8_merged.root → copied (ms_ch=8)
[PASS] wvfFind_event4659_trackID1_opNum9_merged.root → copied (ms_ch=9)
[PASS] wvfFind_event12508_trackID5_opNum9_merged.root → copied (ms_ch=9)
[PASS] wvfFind_event1209_trackID13_opNum7_merged.root → copied (ms_ch=7)
[PASS] wvfFind_event560_trackID9_opNum9_merged.root → copied (ms_ch=9)
[PASS] wvfFind_event29693_trackID3_opNum6_merged.root → copied (ms_ch=6)
[PASS] wvfFind_event11902_trackID5_opNum9_merged.root → copied (ms_ch=9)
[PASS] wvfFind_event21183_trackID5_opNum3_merged.root → copied (ms_ch=3)
[PASS] wvfFind_event8555_trackID10_opNum5_merged.root → copied (ms_ch=5)
[PASS] wvfFind_event10577_trackID24_opNum7_merged.root → copied (ms_ch=7)
[PASS] wvfFind_event46821_trackID0_opNum3_merged.root → copied (ms_ch=3)
[PASS] wvfFind_event1132_trackID10_opNum8_merged.root → copied (ms_ch=8)
[PASS] wvfFind_event23921_trackID23_opNum4_merged.root → copied (ms_ch=4)
[SKIP] wvfFind_event29852_trackID6_opNum2_merged.root (ms_ch=2)
[PASS] wvfFind_event19252_trackID10_opNum9_merged.root → copied (ms_ch=9)
[PASS] wvfFind_event1500_trackID30_opNum9_merged.root → copied (ms_ch=9)
[PASS] wvfFind_event40712_trackID18_opNum9_merged.root → copied (ms_ch=9)
[PASS] wvfFind_event19561_trackID9_opNum9_merged.root → copied (ms_ch=9)
[PASS] wvfFind_event23_trackID21_opNum5_merged.root → copied (ms_ch=5)
[PASS] wvfFind_event17604_trackID0_opNum8_merged.root → copied (ms_ch=8)
[PASS] wvfFind_event8312_trackID4_opNum9_merged.root → copied (ms_ch=9)
[PASS] wvfFind_event1736_trackID3_opNum9_merged.root → copied (ms_ch=9)
[SKIP] wvfFind_event3773_trackID9_opNum1_merged.root (ms_ch=1)
[PASS] wvfFind_event29919_trackID4_opNum4_merged.root → copied (ms_ch=4)
[PASS] wvfFind_event43708_trackID32_opNum9_merged.root → copied (ms_ch=9)
[PASS] wvfFind_event44153_trackID7_opNum5_merged.root → copied (ms_ch=5)
[PASS] wvfFind_event11180_trackID13_opNum8_merged.root → copied (ms_ch=8)
[PASS] wvfFind_event11290_trackID10_opNum9_merged.root → copied (ms_ch=9)
[PASS] wvfFind_event10728_trackID11_opNum6_merged.root → copied (ms_ch=6)
[PASS] wvfFind_event4045_trackID15_opNum9_merged.root → copied (ms_ch=9)
[PASS] wvfFind_event33548_trackID0_opNum9_merged.root → copied (ms_ch=9)
[PASS] wvfFind_event52_trackID5_opNum9_merged.root → copied (ms_ch=9)
[PASS] wvfFind_event28521_trackID3_opNum9_merged.root → copied (ms_ch=9)
[PASS] wvfFind_event8231_trackID2_opNum9_merged.root → copied (ms_ch=9)
[PASS] wvfFind_event33878_trackID25_opNum9_merged.root → copied (ms_ch=9)
[PASS] wvfFind_event21119_trackID4_opNum5_merged.root → copied (ms_ch=5)
[PASS] wvfFind_event14552_trackID17_opNum7_merged.root → copied (ms_ch=7)
[PASS] wvfFind_event27637_trackID4_opNum8_merged.root → copied (ms_ch=8)
[PASS] wvfFind_event29252_trackID21_opNum4_merged.root → copied (ms_ch=4)
[PASS] wvfFind_event27077_trackID2_opNum9_merged.root → copied (ms_ch=9)
[PASS] wvfFind_event20583_trackID9_opNum9_merged.root → copied (ms_ch=9)
[PASS] wvfFind_event4039_trackID11_opNum6_merged.root → copied (ms_ch=6)
[PASS] wvfFind_event49219_trackID13_opNum9_merged.root → copied (ms_ch=9)
[PASS] wvfFind_event46114_trackID6_opNum6_merged.root → copied (ms_ch=6)
[PASS] wvfFind_event7846_trackID9_opNum9_merged.root → copied (ms_ch=9)
[SKIP] wvfFind_event13586_trackID9_opNum1_merged.root (ms_ch=1)
[PASS] wvfFind_event46342_trackID13_opNum9_merged.root → copied (ms_ch=9)
[PASS] wvfFind_event47029_trackID16_opNum3_merged.root → copied (ms_ch=3)
[PASS] wvfFind_event3173_trackID6_opNum9_merged.root → copied (ms_ch=9)
[PASS] wvfFind_event23709_trackID9_opNum5_merged.root → copied (ms_ch=5)
[PASS] wvfFind_event37083_trackID4_opNum9_merged.root → copied (ms_ch=9)
[PASS] wvfFind_event4120_trackID7_opNum9_merged.root → copied (ms_ch=9)
[PASS] wvfFind_event11240_trackID9_opNum5_merged.root → copied (ms_ch=5)
[SKIP] wvfFind_event10761_trackID6_opNum1_merged.root (ms_ch=1)
[PASS] wvfFind_event26795_trackID3_opNum5_merged.root → copied (ms_ch=5)
[PASS] wvfFind_event14610_trackID24_opNum9_merged.root → copied (ms_ch=9)
[PASS] wvfFind_event44437_trackID24_opNum9_merged.root → copied (ms_ch=9)
[PASS] wvfFind_event40963_trackID5_opNum3_merged.root → copied (ms_ch=3)
[PASS] wvfFind_event20496_trackID0_opNum9_merged.root → copied (ms_ch=9)
[PASS] wvfFind_event3681_trackID2_opNum4.root → copied (ms_ch=4)
[PASS] wvfFind_event5589_trackID14_opNum3.root → copied (ms_ch=3)
[PASS] wvfFind_event1209_trackID24_opNum3_merged.root → copied (ms_ch=3)
[PASS] wvfFind_event16626_trackID2_opNum6_merged.root → copied (ms_ch=6)
[PASS] wvfFind_event41879_trackID8_opNum8_merged.root → copied (ms_ch=8)
[SKIP] wvfFind_event12156_trackID21_opNum2_merged.root (ms_ch=2)
[PASS] wvfFind_event2938_trackID11_opNum9_merged.root → copied (ms_ch=9)
[PASS] wvfFind_event6685_trackID11_opNum7_merged.root → copied (ms_ch=7)
[PASS] wvfFind_event18763_trackID8_opNum8_merged.root → copied (ms_ch=8)
[PASS] wvfFind_event45449_trackID2_opNum6.root → copied (ms_ch=6)
[PASS] wvfFind_event24894_trackID6_opNum8_merged.root → copied (ms_ch=8)
[PASS] wvfFind_event23797_trackID2_opNum8_merged.root → copied (ms_ch=8)
[PASS] wvfFind_event15916_trackID6_opNum9_merged.root → copied (ms_ch=9)
[PASS] wvfFind_event11067_trackID10_opNum9_merged.root → copied (ms_ch=9)
[PASS] wvfFind_event40631_trackID1_opNum5_merged.root → copied (ms_ch=5)
[PASS] wvfFind_event11986_trackID8_opNum5_merged.root → copied (ms_ch=5)
[PASS] wvfFind_event25602_trackID11_opNum3_merged.root → copied (ms_ch=3)
[PASS] wvfFind_event23_trackID7_opNum9_merged.root → copied (ms_ch=9)
[PASS] wvfFind_event8687_trackID14_opNum5_merged.root → copied (ms_ch=5)
[PASS] wvfFind_event10372_trackID0_opNum9_merged.root → copied (ms_ch=9)
[PASS] wvfFind_event21496_trackID10_opNum9_merged.root → copied (ms_ch=9)
[PASS] wvfFind_event14479_trackID7_opNum6_merged.root → copied (ms_ch=6)
[PASS] wvfFind_event30182_trackID1_opNum9_merged.root → copied (ms_ch=9)
[PASS] wvfFind_event24202_trackID23_opNum7_merged.root → copied (ms_ch=7)
[PASS] wvfFind_event15041_trackID8_opNum8_merged.root → copied (ms_ch=8)
[PASS] wvfFind_event18816_trackID6_opNum9_merged.root → copied (ms_ch=9)
[PASS] wvfFind_event17363_trackID20_opNum9_merged.root → copied (ms_ch=9)
[SKIP] wvfFind_event14075_trackID13_opNum1_merged.root (ms_ch=1)
[PASS] wvfFind_event23478_trackID21_opNum9_merged.root → copied (ms_ch=9)
[PASS] wvfFind_event12957_trackID2_opNum9_merged.root → copied (ms_ch=9)
[PASS] wvfFind_event13991_trackID4_opNum9_merged.root → copied (ms_ch=9)
[SKIP] wvfFind_event19532_trackID17_opNum1_merged.root (ms_ch=1)
[PASS] wvfFind_event27169_trackID24_opNum7_merged.root → copied (ms_ch=7)
[PASS] wvfFind_event6984_trackID4_opNum3_merged.root → copied (ms_ch=3)
[PASS] wvfFind_event23161_trackID20_opNum7_merged.root → copied (ms_ch=7)
[PASS] wvfFind_event44582_trackID23_opNum6_merged.root → copied (ms_ch=6)
[SKIP] wvfFind_event37918_trackID10_opNum1_merged.root (ms_ch=1)
[PASS] wvfFind_event7128_trackID1_opNum5_merged.root → copied (ms_ch=5)
[PASS] wvfFind_event35052_trackID3_opNum3_merged.root → copied (ms_ch=3)
[PASS] wvfFind_event31167_trackID17_opNum9_merged.root → copied (ms_ch=9)
[PASS] wvfFind_event25001_trackID8_opNum3_merged.root → copied (ms_ch=3)
[SKIP] wvfFind_event1590_trackID0_opNum2_merged.root (ms_ch=2)
[PASS] wvfFind_event23216_trackID13_opNum8_merged.root → copied (ms_ch=8)
[PASS] wvfFind_event29294_trackID4_opNum8_merged.root → copied (ms_ch=8)
[PASS] wvfFind_event21935_trackID9_opNum9_merged.root → copied (ms_ch=9)
[PASS] wvfFind_event18132_trackID4_opNum5_merged.root → copied (ms_ch=5)
[PASS] wvfFind_event45254_trackID4_opNum9_merged.root → copied (ms_ch=9)
[PASS] wvfFind_event25572_trackID9_opNum3_merged.root → copied (ms_ch=3)
[PASS] wvfFind_event20917_trackID10_opNum6_merged.root → copied (ms_ch=6)
[PASS] wvfFind_event48579_trackID7_opNum9_merged.root → copied (ms_ch=9)
[PASS] wvfFind_event19567_trackID4_opNum7_merged.root → copied (ms_ch=7)
[SKIP] wvfFind_event15407_trackID27_opNum1_merged.root (ms_ch=1)
[PASS] wvfFind_event13263_trackID3_opNum9_merged.root → copied (ms_ch=9)
[PASS] wvfFind_event6611_trackID2_opNum4_merged.root → copied (ms_ch=4)
[PASS] wvfFind_event18117_trackID5_opNum9_merged.root → copied (ms_ch=9)
[PASS] wvfFind_event42300_trackID4_opNum9_merged.root → copied (ms_ch=9)
[PASS] wvfFind_event29521_trackID6_opNum9_merged.root → copied (ms_ch=9)
[PASS] wvfFind_event14735_trackID0_opNum6_merged.root → copied (ms_ch=6)
[PASS] wvfFind_event7596_trackID3_opNum9_merged.root → copied (ms_ch=9)
[PASS] wvfFind_event24469_trackID28_opNum8_merged.root → copied (ms_ch=8)
[PASS] wvfFind_event1494_trackID6_opNum8_merged.root → copied (ms_ch=8)
[PASS] wvfFind_event16559_trackID17_opNum9_merged.root → copied (ms_ch=9)
[PASS] wvfFind_event27769_trackID6_opNum9_merged.root → copied (ms_ch=9)
[PASS] wvfFind_event27805_trackID7_opNum6_merged.root → copied (ms_ch=6)
[PASS] wvfFind_event18348_trackID16_opNum9_merged.root → copied (ms_ch=9)
[PASS] wvfFind_event24133_trackID4_opNum9_merged.root → copied (ms_ch=9)
[PASS] wvfFind_event1756_trackID16_opNum9_merged.root → copied (ms_ch=9)
[PASS] wvfFind_event31907_trackID12_opNum8_merged.root → copied (ms_ch=8)
[SKIP] wvfFind_event2047_trackID15_opNum1_merged.root (ms_ch=1)
[PASS] wvfFind_event43596_trackID13_opNum9_merged.root → copied (ms_ch=9)
[PASS] wvfFind_event17928_trackID17_opNum9_merged.root → copied (ms_ch=9)
[PASS] wvfFind_event19900_trackID16_opNum3_merged.root → copied (ms_ch=3)
[PASS] wvfFind_event19745_trackID10_opNum9_merged.root → copied (ms_ch=9)
[PASS] wvfFind_event3460_trackID7_opNum3_merged.root → copied (ms_ch=3)
[PASS] wvfFind_event21254_trackID8_opNum9_merged.root → copied (ms_ch=9)
[PASS] wvfFind_event2233_trackID2_opNum8_merged.root → copied (ms_ch=8)
[PASS] wvfFind_event11418_trackID11_opNum8_merged.root → copied (ms_ch=8)
[SKIP] wvfFind_event5498_trackID13_opNum1_merged.root (ms_ch=1)
[PASS] wvfFind_event39796_trackID26_opNum5_merged.root → copied (ms_ch=5)
[PASS] wvfFind_event14353_trackID17_opNum9_merged.root → copied (ms_ch=9)
[PASS] wvfFind_event39545_trackID9_opNum5_merged.root → copied (ms_ch=5)
[PASS] wvfFind_event24604_trackID0_opNum9_merged.root → copied (ms_ch=9)
[PASS] wvfFind_event24183_trackID9_opNum6_merged.root → copied (ms_ch=6)
[PASS] wvfFind_event39758_trackID8_opNum9_merged.root → copied (ms_ch=9)
[PASS] wvfFind_event28312_trackID13_opNum9_merged.root → copied (ms_ch=9)
[PASS] wvfFind_event28954_trackID26_opNum7_merged.root → copied (ms_ch=7)
[PASS] wvfFind_event31423_trackID13_opNum9_merged.root → copied (ms_ch=9)
[PASS] wvfFind_event15911_trackID14_opNum7_merged.root → copied (ms_ch=7)
[PASS] wvfFind_event16151_trackID7_opNum9_merged.root → copied (ms_ch=9)
[PASS] wvfFind_event1785_trackID16_opNum9.root → copied (ms_ch=9)
[PASS] wvfFind_event4521_trackID11_opNum8_merged.root → copied (ms_ch=8)
[PASS] wvfFind_event9579_trackID3_opNum8_merged.root → copied (ms_ch=8)
[PASS] wvfFind_event26154_trackID1_opNum9_merged.root → copied (ms_ch=9)
[PASS] wvfFind_event39272_trackID7_opNum8_merged.root → copied (ms_ch=8)
[PASS] wvfFind_event25571_trackID4_opNum4_merged.root → copied (ms_ch=4)
[PASS] wvfFind_event3045_trackID4_opNum6_merged.root → copied (ms_ch=6)
[PASS] wvfFind_event21750_trackID19_opNum7_merged.root → copied (ms_ch=7)
[PASS] wvfFind_event10715_trackID3_opNum5_merged.root → copied (ms_ch=5)
[PASS] wvfFind_event11000_trackID14_opNum6_merged.root → copied (ms_ch=6)
[PASS] wvfFind_event29387_trackID12_opNum9_merged.root → copied (ms_ch=9)
[PASS] wvfFind_event21177_trackID16_opNum9_merged.root → copied (ms_ch=9)
[PASS] wvfFind_event12340_trackID13_opNum8_merged.root → copied (ms_ch=8)
[PASS] wvfFind_event20504_trackID23_opNum9_merged.root → copied (ms_ch=9)
[PASS] wvfFind_event20057_trackID5_opNum9_merged.root → copied (ms_ch=9)
[PASS] wvfFind_event16009_trackID5_opNum6_merged.root → copied (ms_ch=6)
[PASS] wvfFind_event8026_trackID11_opNum9_merged.root → copied (ms_ch=9)
[PASS] wvfFind_event15428_trackID3_opNum8_merged.root → copied (ms_ch=8)
[PASS] wvfFind_event15940_trackID6_opNum8_merged.root → copied (ms_ch=8)
[PASS] wvfFind_event49985_trackID0_opNum9_merged.root → copied (ms_ch=9)
[PASS] wvfFind_event20772_trackID4_opNum9_merged.root → copied (ms_ch=9)
[PASS] wvfFind_event32239_trackID7_opNum5_merged.root → copied (ms_ch=5)
[PASS] wvfFind_event19032_trackID6_opNum7_merged.root → copied (ms_ch=7)
[PASS] wvfFind_event42670_trackID13_opNum5_merged.root → copied (ms_ch=5)
[PASS] wvfFind_event21729_trackID9_opNum3_merged.root → copied (ms_ch=3)
[PASS] wvfFind_event14709_trackID9_opNum9_merged.root → copied (ms_ch=9)
[PASS] wvfFind_event11771_trackID16_opNum9_merged.root → copied (ms_ch=9)
[PASS] wvfFind_event15729_trackID15_opNum9_merged.root → copied (ms_ch=9)
[PASS] wvfFind_event46041_trackID3_opNum9_merged.root → copied (ms_ch=9)
[PASS] wvfFind_event5204_trackID16_opNum6_merged.root → copied (ms_ch=6)
[PASS] wvfFind_event43471_trackID10_opNum8_merged.root → copied (ms_ch=8)
[PASS] wvfFind_event28463_trackID10_opNum6.root → copied (ms_ch=6)
[PASS] wvfFind_event24430_trackID9_opNum3_merged.root → copied (ms_ch=3)
[PASS] wvfFind_event15870_trackID9_opNum9_merged.root → copied (ms_ch=9)
[PASS] wvfFind_event1650_trackID1_opNum9_merged.root → copied (ms_ch=9)
[PASS] wvfFind_event44623_trackID1_opNum9.root → copied (ms_ch=9)
[PASS] wvfFind_event20368_trackID4_opNum9_merged.root → copied (ms_ch=9)
[PASS] wvfFind_event22522_trackID2_opNum9_merged.root → copied (ms_ch=9)
[PASS] wvfFind_event20912_trackID4_opNum5_merged.root → copied (ms_ch=5)
[PASS] wvfFind_event4388_trackID11_opNum8_merged.root → copied (ms_ch=8)
[PASS] wvfFind_event14773_trackID10_opNum8_merged.root → copied (ms_ch=8)
[PASS] wvfFind_event4396_trackID7_opNum9_merged.root → copied (ms_ch=9)
[PASS] wvfFind_event6032_trackID22_opNum4_merged.root → copied (ms_ch=4)
[PASS] wvfFind_event28013_trackID33_opNum5_merged.root → copied (ms_ch=5)
[PASS] wvfFind_event72_trackID14_opNum9_merged.root → copied (ms_ch=9)
[PASS] wvfFind_event44702_trackID1_opNum5_merged.root → copied (ms_ch=5)
[PASS] wvfFind_event4332_trackID12_opNum7_merged.root → copied (ms_ch=7)
[PASS] wvfFind_event24507_trackID8_opNum6_merged.root → copied (ms_ch=6)
[PASS] wvfFind_event4664_trackID5_opNum9_merged.root → copied (ms_ch=9)
[PASS] wvfFind_event42834_trackID11_opNum9_merged.root → copied (ms_ch=9)
[PASS] wvfFind_event4489_trackID0_opNum3_merged.root → copied (ms_ch=3)
[PASS] wvfFind_event20316_trackID8_opNum9_merged.root → copied (ms_ch=9)
[SKIP] wvfFind_event25350_trackID24_opNum1_merged.root (ms_ch=1)
[PASS] wvfFind_event31600_trackID8_opNum9_merged.root → copied (ms_ch=9)
[PASS] wvfFind_event44949_trackID5_opNum9_merged.root → copied (ms_ch=9)
[PASS] wvfFind_event22086_trackID14_opNum9_merged.root → copied (ms_ch=9)
[PASS] wvfFind_event19033_trackID34_opNum8_merged.root → copied (ms_ch=8)
[PASS] wvfFind_event12311_trackID17_opNum3_merged.root → copied (ms_ch=3)
[PASS] wvfFind_event25910_trackID16_opNum8_merged.root → copied (ms_ch=8)
[PASS] wvfFind_event4765_trackID11_opNum6_merged.root → copied (ms_ch=6)
[SKIP] wvfFind_event31903_trackID16_opNum1_merged.root (ms_ch=1)
[PASS] wvfFind_event46618_trackID3_opNum7_merged.root → copied (ms_ch=7)
[PASS] wvfFind_event39918_trackID29_opNum6_merged.root → copied (ms_ch=6)
[PASS] wvfFind_event42803_trackID7_opNum9_merged.root → copied (ms_ch=9)
[PASS] wvfFind_event22148_trackID8_opNum9_merged.root → copied (ms_ch=9)
[PASS] wvfFind_event32166_trackID28_opNum6_merged.root → copied (ms_ch=6)
[PASS] wvfFind_event28857_trackID16_opNum4_merged.root → copied (ms_ch=4)
[PASS] wvfFind_event3438_trackID3_opNum9_merged.root → copied (ms_ch=9)
[PASS] wvfFind_event21585_trackID13_opNum9_merged.root → copied (ms_ch=9)
[PASS] wvfFind_event3944_trackID12_opNum9_merged.root → copied (ms_ch=9)
[PASS] wvfFind_event28565_trackID2_opNum9_merged.root → copied (ms_ch=9)
[PASS] wvfFind_event24623_trackID21_opNum7_merged.root → copied (ms_ch=7)
[PASS] wvfFind_event27202_trackID6_opNum5.root → copied (ms_ch=5)
[SKIP] wvfFind_event42867_trackID21_opNum1_merged.root (ms_ch=1)
[PASS] wvfFind_event24288_trackID10_opNum6_merged.root → copied (ms_ch=6)
[PASS] wvfFind_event15665_trackID10_opNum9_merged.root → copied (ms_ch=9)
[PASS] wvfFind_event44390_trackID11_opNum9_merged.root → copied (ms_ch=9)
[PASS] wvfFind_event13037_trackID4_opNum5_merged.root → copied (ms_ch=5)
[PASS] wvfFind_event2270_trackID2_opNum7_merged.root → copied (ms_ch=7)
[PASS] wvfFind_event13770_trackID19_opNum4_merged.root → copied (ms_ch=4)
[PASS] wvfFind_event39949_trackID9_opNum9_merged.root → copied (ms_ch=9)
[PASS] wvfFind_event28976_trackID21_opNum9_merged.root → copied (ms_ch=9)
[PASS] wvfFind_event43594_trackID5_opNum9_merged.root → copied (ms_ch=9)
[PASS] wvfFind_event17962_trackID18_opNum8_merged.root → copied (ms_ch=8)
[PASS] wvfFind_event47680_trackID7_opNum9_merged.root → copied (ms_ch=9)
[PASS] wvfFind_event45024_trackID4_opNum5_merged.root → copied (ms_ch=5)
[PASS] wvfFind_event38966_trackID16_opNum3_merged.root → copied (ms_ch=3)
[SKIP] wvfFind_event32811_trackID2_opNum1_merged.root (ms_ch=1)
[PASS] wvfFind_event28778_trackID16_opNum9_merged.root → copied (ms_ch=9)
[PASS] wvfFind_event27406_trackID10_opNum9_merged.root → copied (ms_ch=9)
[PASS] wvfFind_event20451_trackID6_opNum9_merged.root → copied (ms_ch=9)
[PASS] wvfFind_event39432_trackID5_opNum8_merged.root → copied (ms_ch=8)
[PASS] wvfFind_event48799_trackID4_opNum4_merged.root → copied (ms_ch=4)
[PASS] wvfFind_event3221_trackID14_opNum9_merged.root → copied (ms_ch=9)
[PASS] wvfFind_event24449_trackID15_opNum9_merged.root → copied (ms_ch=9)
[PASS] wvfFind_event12510_trackID3_opNum9_merged.root → copied (ms_ch=9)
[PASS] wvfFind_event14514_trackID1_opNum4_merged.root → copied (ms_ch=4)
[PASS] wvfFind_event14881_trackID8_opNum9_merged.root → copied (ms_ch=9)
[PASS] wvfFind_event1711_trackID8_opNum9_merged.root → copied (ms_ch=9)
[PASS] wvfFind_event2661_trackID24_opNum4_merged.root → copied (ms_ch=4)
[PASS] wvfFind_event46599_trackID0_opNum9_merged.root → copied (ms_ch=9)
[SKIP] wvfFind_event3850_trackID14_opNum2_merged.root (ms_ch=2)
[PASS] wvfFind_event46245_trackID11_opNum9_merged.root → copied (ms_ch=9)
[PASS] wvfFind_event45960_trackID3_opNum5_merged.root → copied (ms_ch=5)
[PASS] wvfFind_event7811_trackID1_opNum8_merged.root → copied (ms_ch=8)
[PASS] wvfFind_event24629_trackID22_opNum3_merged.root → copied (ms_ch=3)
[PASS] wvfFind_event16544_trackID0_opNum8_merged.root → copied (ms_ch=8)
[PASS] wvfFind_event15403_trackID20_opNum4_merged.root → copied (ms_ch=4)
[PASS] wvfFind_event10279_trackID3_opNum9_merged.root → copied (ms_ch=9)
[PASS] wvfFind_event47381_trackID13_opNum9_merged.root → copied (ms_ch=9)
[PASS] wvfFind_event19679_trackID3_opNum9_merged.root → copied (ms_ch=9)
[PASS] wvfFind_event21263_trackID8_opNum4_merged.root → copied (ms_ch=4)
[PASS] wvfFind_event11075_trackID0_opNum9_merged.root → copied (ms_ch=9)
[SKIP] wvfFind_event47290_trackID26_opNum1_merged.root (ms_ch=1)
[PASS] wvfFind_event42750_trackID17_opNum3_merged.root → copied (ms_ch=3)
[PASS] wvfFind_event31060_trackID18_opNum9_merged.root → copied (ms_ch=9)
[PASS] wvfFind_event23174_trackID10_opNum7_merged.root → copied (ms_ch=7)
[PASS] wvfFind_event15766_trackID4_opNum9_merged.root → copied (ms_ch=9)
[PASS] wvfFind_event4213_trackID9_opNum9_merged.root → copied (ms_ch=9)
[PASS] wvfFind_event43341_trackID10_opNum9_merged.root → copied (ms_ch=9)
[PASS] wvfFind_event25433_trackID10_opNum9_merged.root → copied (ms_ch=9)
[SKIP] wvfFind_event22861_trackID5_opNum2.root (ms_ch=2)
[PASS] wvfFind_event19033_trackID15_opNum6_merged.root → copied (ms_ch=6)
[PASS] wvfFind_event32604_trackID9_opNum3_merged.root → copied (ms_ch=3)
[PASS] wvfFind_event19547_trackID11_opNum8_merged.root → copied (ms_ch=8)
[PASS] wvfFind_event17376_trackID3_opNum5_merged.root → copied (ms_ch=5)
[PASS] wvfFind_event2025_trackID0_opNum3.root → copied (ms_ch=3)
[PASS] wvfFind_event24552_trackID10_opNum9_merged.root → copied (ms_ch=9)
[PASS] wvfFind_event16253_trackID16_opNum9_merged.root → copied (ms_ch=9)
[PASS] wvfFind_event21130_trackID7_opNum9_merged.root → copied (ms_ch=9)
[PASS] wvfFind_event8953_trackID2_opNum9_merged.root → copied (ms_ch=9)
[PASS] wvfFind_event14636_trackID1_opNum9_merged.root → copied (ms_ch=9)
[PASS] wvfFind_event8204_trackID1_opNum9_merged.root → copied (ms_ch=9)
[PASS] wvfFind_event28663_trackID13_opNum9_merged.root → copied (ms_ch=9)
[PASS] wvfFind_event6587_trackID2_opNum9_merged.root → copied (ms_ch=9)
[SKIP] wvfFind_event44619_trackID35_opNum2_merged.root (ms_ch=2)
[PASS] wvfFind_event20335_trackID14_opNum4_merged.root → copied (ms_ch=4)
[PASS] wvfFind_event42378_trackID17_opNum5_merged.root → copied (ms_ch=5)
[PASS] wvfFind_event7810_trackID0_opNum9_merged.root → copied (ms_ch=9)
[PASS] wvfFind_event15043_trackID2_opNum4_merged.root → copied (ms_ch=4)
[PASS] wvfFind_event11645_trackID8_opNum9_merged.root → copied (ms_ch=9)
[PASS] wvfFind_event27787_trackID0_opNum9_merged.root → copied (ms_ch=9)
[PASS] wvfFind_event17700_trackID29_opNum3_merged.root → copied (ms_ch=3)
[PASS] wvfFind_event17956_trackID8_opNum9_merged.root → copied (ms_ch=9)
[PASS] wvfFind_event39307_trackID15_opNum9_merged.root → copied (ms_ch=9)
[SKIP] wvfFind_event24586_trackID22_opNum2_merged.root (ms_ch=2)
[PASS] wvfFind_event10500_trackID11_opNum9_merged.root → copied (ms_ch=9)
[PASS] wvfFind_event917_trackID6_opNum9_merged.root → copied (ms_ch=9)
[PASS] wvfFind_event31453_trackID10_opNum9_merged.root → copied (ms_ch=9)
[PASS] wvfFind_event3920_trackID8_opNum8_merged.root → copied (ms_ch=8)
[PASS] wvfFind_event33558_trackID8_opNum8_merged.root → copied (ms_ch=8)
[PASS] wvfFind_event1174_trackID2_opNum4_merged.root → copied (ms_ch=4)
[PASS] wvfFind_event30924_trackID17_opNum8_merged.root → copied (ms_ch=8)
[SKIP] wvfFind_event17193_trackID25_opNum2_merged.root (ms_ch=2)
[PASS] wvfFind_event40989_trackID8_opNum6_merged.root → copied (ms_ch=6)
[PASS] wvfFind_event10009_trackID0_opNum9_merged.root → copied (ms_ch=9)
[PASS] wvfFind_event39695_trackID8_opNum9_merged.root → copied (ms_ch=9)
[PASS] wvfFind_event12688_trackID2_opNum9_merged.root → copied (ms_ch=9)
[PASS] wvfFind_event18404_trackID2_opNum9_merged.root → copied (ms_ch=9)
[PASS] wvfFind_event7826_trackID2_opNum9_merged.root → copied (ms_ch=9)
[PASS] wvfFind_event6644_trackID3_opNum5_merged.root → copied (ms_ch=5)
[PASS] wvfFind_event17958_trackID14_opNum9_merged.root → copied (ms_ch=9)
[SKIP] wvfFind_event34236_trackID11_opNum2_merged.root (ms_ch=2)
[PASS] wvfFind_event40262_trackID19_opNum9_merged.root → copied (ms_ch=9)
[PASS] wvfFind_event12784_trackID14_opNum7_merged.root → copied (ms_ch=7)
[PASS] wvfFind_event48587_trackID12_opNum9_merged.root → copied (ms_ch=9)
[PASS] wvfFind_event7782_trackID10_opNum9_merged.root → copied (ms_ch=9)
[SKIP] wvfFind_event24133_trackID14_opNum1_merged.root (ms_ch=1)
[PASS] wvfFind_event38772_trackID1_opNum9_merged.root → copied (ms_ch=9)
[PASS] wvfFind_event16324_trackID17_opNum9_merged.root → copied (ms_ch=9)
[PASS] wvfFind_event49292_trackID18_opNum9_merged.root → copied (ms_ch=9)
[PASS] wvfFind_event30869_trackID23_opNum8_merged.root → copied (ms_ch=8)
[PASS] wvfFind_event11975_trackID8_opNum5_merged.root → copied (ms_ch=5)
[PASS] wvfFind_event26743_trackID17_opNum9_merged.root → copied (ms_ch=9)
[PASS] wvfFind_event29146_trackID6_opNum9_merged.root → copied (ms_ch=9)
[SKIP] wvfFind_event23344_trackID4_opNum2_merged.root (ms_ch=2)
[PASS] wvfFind_event41106_trackID10_opNum3_merged.root → copied (ms_ch=3)
[PASS] wvfFind_event24154_trackID18_opNum8_merged.root → copied (ms_ch=8)
[PASS] wvfFind_event39761_trackID2_opNum3_merged.root → copied (ms_ch=3)
[PASS] wvfFind_event5384_trackID18_opNum9_merged.root → copied (ms_ch=9)
[PASS] wvfFind_event46595_trackID10_opNum9_merged.root → copied (ms_ch=9)
[PASS] wvfFind_event16257_trackID17_opNum6_merged.root → copied (ms_ch=6)
[PASS] wvfFind_event44424_trackID41_opNum9_merged.root → copied (ms_ch=9)
[SKIP] wvfFind_event17274_trackID5_opNum1_merged.root (ms_ch=1)
[PASS] wvfFind_event42341_trackID0_opNum6_merged.root → copied (ms_ch=6)
[PASS] wvfFind_event7218_trackID0_opNum9_merged.root → copied (ms_ch=9)
[SKIP] wvfFind_event45197_trackID4_opNum2_merged.root (ms_ch=2)
[PASS] wvfFind_event14160_trackID6_opNum9_merged.root → copied (ms_ch=9)
[PASS] wvfFind_event4931_trackID10_opNum9_merged.root → copied (ms_ch=9)
[PASS] wvfFind_event11663_trackID6_opNum9_merged.root → copied (ms_ch=9)
[PASS] wvfFind_event8474_trackID5_opNum6_merged.root → copied (ms_ch=6)
[PASS] wvfFind_event41366_trackID13_opNum8_merged.root → copied (ms_ch=8)
[PASS] wvfFind_event17121_trackID5_opNum9_merged.root → copied (ms_ch=9)
[PASS] wvfFind_event11917_trackID4_opNum9_merged.root → copied (ms_ch=9)
[PASS] wvfFind_event39524_trackID9_opNum9_merged.root → copied (ms_ch=9)
[PASS] wvfFind_event21936_trackID5_opNum9_merged.root → copied (ms_ch=9)
[PASS] wvfFind_event15301_trackID14_opNum8_merged.root → copied (ms_ch=8)
[PASS] wvfFind_event21745_trackID6_opNum9_merged.root → copied (ms_ch=9)
[PASS] wvfFind_event32563_trackID19_opNum3_merged.root → copied (ms_ch=3)
[PASS] wvfFind_event35251_trackID0_opNum9_merged.root → copied (ms_ch=9)
[PASS] wvfFind_event10357_trackID2_opNum9_merged.root → copied (ms_ch=9)
[PASS] wvfFind_event17469_trackID21_opNum9_merged.root → copied (ms_ch=9)
[PASS] wvfFind_event34112_trackID11_opNum9_merged.root → copied (ms_ch=9)
[PASS] wvfFind_event14895_trackID15_opNum9_merged.root → copied (ms_ch=9)
[PASS] wvfFind_event21968_trackID7_opNum7_merged.root → copied (ms_ch=7)
[PASS] wvfFind_event12858_trackID14_opNum6_merged.root → copied (ms_ch=6)
[PASS] wvfFind_event11445_trackID7_opNum3_merged.root → copied (ms_ch=3)
[PASS] wvfFind_event45521_trackID10_opNum9_merged.root → copied (ms_ch=9)
[PASS] wvfFind_event30718_trackID23_opNum8_merged.root → copied (ms_ch=8)
[PASS] wvfFind_event38944_trackID17_opNum7_merged.root → copied (ms_ch=7)
[PASS] wvfFind_event294_trackID3_opNum9_merged.root → copied (ms_ch=9)
[PASS] wvfFind_event28205_trackID7_opNum9_merged.root → copied (ms_ch=9)
[PASS] wvfFind_event3733_trackID9_opNum9_merged.root → copied (ms_ch=9)
[PASS] wvfFind_event38949_trackID1_opNum9_merged.root → copied (ms_ch=9)
[PASS] wvfFind_event15928_trackID13_opNum9_merged.root → copied (ms_ch=9)
[PASS] wvfFind_event41835_trackID17_opNum7_merged.root → copied (ms_ch=7)
[SKIP] wvfFind_event11995_trackID24_opNum1_merged.root (ms_ch=1)
[SKIP] wvfFind_event40993_trackID14_opNum1_merged.root (ms_ch=1)
[PASS] wvfFind_event6154_trackID15_opNum6_merged.root → copied (ms_ch=6)
[SKIP] wvfFind_event9485_trackID19_opNum1_merged.root (ms_ch=1)
[PASS] wvfFind_event12365_trackID2_opNum9_merged.root → copied (ms_ch=9)
[PASS] wvfFind_event44102_trackID22_opNum9_merged.root → copied (ms_ch=9)
[PASS] wvfFind_event46110_trackID21_opNum9_merged.root → copied (ms_ch=9)
[SKIP] wvfFind_event28033_trackID10_opNum1_merged.root (ms_ch=1)
[PASS] wvfFind_event7334_trackID8_opNum9_merged.root → copied (ms_ch=9)
[PASS] wvfFind_event12819_trackID5_opNum9_merged.root → copied (ms_ch=9)
[SKIP] wvfFind_event300_trackID11_opNum1_merged.root (ms_ch=1)
[PASS] wvfFind_event11137_trackID5_opNum9_merged.root → copied (ms_ch=9)
[PASS] wvfFind_event43367_trackID12_opNum9_merged.root → copied (ms_ch=9)
[SKIP] wvfFind_event39509_trackID8_opNum1_merged.root (ms_ch=1)
[PASS] wvfFind_event27285_trackID3_opNum9_merged.root → copied (ms_ch=9)
[PASS] wvfFind_event19884_trackID0_opNum9_merged.root → copied (ms_ch=9)
[PASS] wvfFind_event8027_trackID20_opNum9_merged.root → copied (ms_ch=9)
[PASS] wvfFind_event48294_trackID3_opNum9_merged.root → copied (ms_ch=9)
[PASS] wvfFind_event43809_trackID9_opNum6_merged.root → copied (ms_ch=6)
[PASS] wvfFind_event2508_trackID26_opNum3_merged.root → copied (ms_ch=3)
[PASS] wvfFind_event2377_trackID23_opNum7_merged.root → copied (ms_ch=7)
[PASS] wvfFind_event12039_trackID9_opNum9_merged.root → copied (ms_ch=9)
[PASS] wvfFind_event25688_trackID14_opNum8_merged.root → copied (ms_ch=8)
[PASS] wvfFind_event13917_trackID14_opNum7_merged.root → copied (ms_ch=7)
[PASS] wvfFind_event327_trackID11_opNum4_merged.root → copied (ms_ch=4)
[PASS] wvfFind_event19069_trackID4_opNum9_merged.root → copied (ms_ch=9)
[PASS] wvfFind_event28034_trackID8_opNum9_merged.root → copied (ms_ch=9)
[PASS] wvfFind_event20_trackID18_opNum8_merged.root → copied (ms_ch=8)
[PASS] wvfFind_event7924_trackID18_opNum5_merged.root → copied (ms_ch=5)
[PASS] wvfFind_event12425_trackID12_opNum5_merged.root → copied (ms_ch=5)
[SKIP] wvfFind_event11085_trackID8_opNum1_merged.root (ms_ch=1)
[PASS] wvfFind_event3760_trackID7_opNum4_merged.root → copied (ms_ch=4)
[PASS] wvfFind_event5292_trackID13_opNum9_merged.root → copied (ms_ch=9)
[PASS] wvfFind_event12015_trackID7_opNum5_merged.root → copied (ms_ch=5)
[PASS] wvfFind_event23739_trackID15_opNum6_merged.root → copied (ms_ch=6)
[SKIP] wvfFind_event43446_trackID20_opNum2_merged.root (ms_ch=2)
[PASS] wvfFind_event20275_trackID29_opNum9_merged.root → copied (ms_ch=9)
[SKIP] wvfFind_event16365_trackID1_opNum1_merged.root (ms_ch=1)
[PASS] wvfFind_event18657_trackID4_opNum3_merged.root → copied (ms_ch=3)
[PASS] wvfFind_event1301_trackID2_opNum8_merged.root → copied (ms_ch=8)
[PASS] wvfFind_event21941_trackID1_opNum4_merged.root → copied (ms_ch=4)
[PASS] wvfFind_event6004_trackID16_opNum4.root → copied (ms_ch=4)
[PASS] wvfFind_event7416_trackID9_opNum8_merged.root → copied (ms_ch=8)
[PASS] wvfFind_event48249_trackID26_opNum9_merged.root → copied (ms_ch=9)
[PASS] wvfFind_event44882_trackID12_opNum7_merged.root → copied (ms_ch=7)
[PASS] wvfFind_event3456_trackID10_opNum9_merged.root → copied (ms_ch=9)
[PASS] wvfFind_event30947_trackID13_opNum6_merged.root → copied (ms_ch=6)
[SKIP] wvfFind_event11563_trackID14_opNum2_merged.root (ms_ch=2)
[PASS] wvfFind_event42527_trackID3_opNum4_merged.root → copied (ms_ch=4)
[PASS] wvfFind_event24837_trackID16_opNum9_merged.root → copied (ms_ch=9)
[PASS] wvfFind_event28954_trackID8_opNum9_merged.root → copied (ms_ch=9)
[PASS] wvfFind_event2104_trackID15_opNum9_merged.root → copied (ms_ch=9)
[PASS] wvfFind_event38907_trackID3_opNum9_merged.root → copied (ms_ch=9)
[PASS] wvfFind_event3149_trackID7_opNum7_merged.root → copied (ms_ch=7)
[PASS] wvfFind_event22528_trackID1_opNum9_merged.root → copied (ms_ch=9)
[PASS] wvfFind_event9712_trackID12_opNum7_merged.root → copied (ms_ch=7)
[PASS] wvfFind_event17903_trackID18_opNum5_merged.root → copied (ms_ch=5)
[PASS] wvfFind_event24582_trackID19_opNum9_merged.root → copied (ms_ch=9)
[PASS] wvfFind_event7194_trackID5_opNum9_merged.root → copied (ms_ch=9)
[PASS] wvfFind_event23971_trackID20_opNum5_merged.root → copied (ms_ch=5)
[PASS] wvfFind_event36324_trackID14_opNum7_merged.root → copied (ms_ch=7)
[PASS] wvfFind_event21943_trackID24_opNum9_merged.root → copied (ms_ch=9)
[PASS] wvfFind_event18918_trackID24_opNum6_merged.root → copied (ms_ch=6)
[PASS] wvfFind_event572_trackID2_opNum5_merged.root → copied (ms_ch=5)
[PASS] wvfFind_event10804_trackID25_opNum6_merged.root → copied (ms_ch=6)
[PASS] wvfFind_event14554_trackID10_opNum9_merged.root → copied (ms_ch=9)
[PASS] wvfFind_event11434_trackID23_opNum9_merged.root → copied (ms_ch=9)
[PASS] wvfFind_event1680_trackID9_opNum3_merged.root → copied (ms_ch=3)
[PASS] wvfFind_event10401_trackID19_opNum7_merged.root → copied (ms_ch=7)
[PASS] wvfFind_event42202_trackID5_opNum9_merged.root → copied (ms_ch=9)
[PASS] wvfFind_event5372_trackID13_opNum9_merged.root → copied (ms_ch=9)
[PASS] wvfFind_event1680_trackID11_opNum9_merged.root → copied (ms_ch=9)
[PASS] wvfFind_event17261_trackID17_opNum9_merged.root → copied (ms_ch=9)
[PASS] wvfFind_event15628_trackID5_opNum9.root → copied (ms_ch=9)
[PASS] wvfFind_event20091_trackID12_opNum9_merged.root → copied (ms_ch=9)
[PASS] wvfFind_event1771_trackID7_opNum3.root → copied (ms_ch=3)
[PASS] wvfFind_event46826_trackID11_opNum6_merged.root → copied (ms_ch=6)
[PASS] wvfFind_event15832_trackID9_opNum9_merged.root → copied (ms_ch=9)
[PASS] wvfFind_event41716_trackID3_opNum4_merged.root → copied (ms_ch=4)
[PASS] wvfFind_event39247_trackID11_opNum5_merged.root → copied (ms_ch=5)
[PASS] wvfFind_event44841_trackID15_opNum9.root → copied (ms_ch=9)
[PASS] wvfFind_event42234_trackID7_opNum9_merged.root → copied (ms_ch=9)
[PASS] wvfFind_event33552_trackID2_opNum9_merged.root → copied (ms_ch=9)
[PASS] wvfFind_event29911_trackID9_opNum9_merged.root → copied (ms_ch=9)
[PASS] wvfFind_event31085_trackID13_opNum3_merged.root → copied (ms_ch=3)
[PASS] wvfFind_event5497_trackID12_opNum8_merged.root → copied (ms_ch=8)
[PASS] wvfFind_event11539_trackID1_opNum9_merged.root → copied (ms_ch=9)
[PASS] wvfFind_event46259_trackID5_opNum8_merged.root → copied (ms_ch=8)
[PASS] wvfFind_event18872_trackID5_opNum9_merged.root → copied (ms_ch=9)
[PASS] wvfFind_event31605_trackID5_opNum9_merged.root → copied (ms_ch=9)
[SKIP] wvfFind_event42295_trackID28_opNum2_merged.root (ms_ch=2)
[PASS] wvfFind_event12578_trackID2_opNum9_merged.root → copied (ms_ch=9)
[PASS] wvfFind_event1893_trackID7_opNum9_merged.root → copied (ms_ch=9)
[PASS] wvfFind_event30560_trackID15_opNum9_merged.root → copied (ms_ch=9)
[PASS] wvfFind_event47075_trackID15_opNum9_merged.root → copied (ms_ch=9)
[PASS] wvfFind_event15695_trackID1_opNum9_merged.root → copied (ms_ch=9)
[PASS] wvfFind_event40017_trackID7_opNum9_merged.root → copied (ms_ch=9)
[PASS] wvfFind_event16111_trackID12_opNum3_merged.root → copied (ms_ch=3)
[PASS] wvfFind_event29712_trackID12_opNum8_merged.root → copied (ms_ch=8)
[PASS] wvfFind_event6130_trackID7_opNum3_merged.root → copied (ms_ch=3)
[PASS] wvfFind_event20692_trackID1_opNum9_merged.root → copied (ms_ch=9)
[PASS] wvfFind_event26178_trackID15_opNum3_merged.root → copied (ms_ch=3)
[PASS] wvfFind_event11687_trackID3_opNum9_merged.root → copied (ms_ch=9)
[PASS] wvfFind_event40074_trackID7_opNum4_merged.root → copied (ms_ch=4)
[SKIP] wvfFind_event748_trackID12_opNum1_merged.root (ms_ch=1)
[PASS] wvfFind_event21547_trackID14_opNum8_merged.root → copied (ms_ch=8)
[PASS] wvfFind_event1752_trackID26_opNum8_merged.root → copied (ms_ch=8)
[PASS] wvfFind_event27784_trackID13_opNum9_merged.root → copied (ms_ch=9)
[PASS] wvfFind_event27160_trackID28_opNum4_merged.root → copied (ms_ch=4)
[PASS] wvfFind_event14835_trackID16_opNum8_merged.root → copied (ms_ch=8)
[SKIP] wvfFind_event20565_trackID16_opNum2_merged.root (ms_ch=2)
[SKIP] wvfFind_event29910_trackID14_opNum2.root (ms_ch=2)
[PASS] wvfFind_event13009_trackID12_opNum9_merged.root → copied (ms_ch=9)
[PASS] wvfFind_event14001_trackID30_opNum9_merged.root → copied (ms_ch=9)
[PASS] wvfFind_event32880_trackID4_opNum9_merged.root → copied (ms_ch=9)
[PASS] wvfFind_event17986_trackID6_opNum9_merged.root → copied (ms_ch=9)
[PASS] wvfFind_event14884_trackID18_opNum8_merged.root → copied (ms_ch=8)
[PASS] wvfFind_event1481_trackID0_opNum5_merged.root → copied (ms_ch=5)
[PASS] wvfFind_event12757_trackID15_opNum4_merged.root → copied (ms_ch=4)
[PASS] wvfFind_event16315_trackID17_opNum9_merged.root → copied (ms_ch=9)
[PASS] wvfFind_event16996_trackID2_opNum9_merged.root → copied (ms_ch=9)
[PASS] wvfFind_event6077_trackID27_opNum6_merged.root → copied (ms_ch=6)
[PASS] wvfFind_event14677_trackID13_opNum3_merged.root → copied (ms_ch=3)
[PASS] wvfFind_event4337_trackID2_opNum8_merged.root → copied (ms_ch=8)
[SKIP] wvfFind_event20034_trackID12_opNum2_merged.root (ms_ch=2)
[PASS] wvfFind_event11759_trackID3_opNum9_merged.root → copied (ms_ch=9)
[PASS] wvfFind_event9828_trackID1_opNum4.root → copied (ms_ch=4)
[PASS] wvfFind_event11083_trackID11_opNum9_merged.root → copied (ms_ch=9)
[PASS] wvfFind_event25052_trackID7_opNum9_merged.root → copied (ms_ch=9)
[PASS] wvfFind_event31440_trackID6_opNum5_merged.root → copied (ms_ch=5)
[PASS] wvfFind_event22875_trackID14_opNum8_merged.root → copied (ms_ch=8)
[PASS] wvfFind_event17170_trackID8_opNum9_merged.root → copied (ms_ch=9)
[PASS] wvfFind_event40607_trackID18_opNum6_merged.root → copied (ms_ch=6)
[SKIP] wvfFind_event3430_trackID5_opNum2.root (ms_ch=2)
[SKIP] wvfFind_event10273_trackID20_opNum1_merged.root (ms_ch=1)
[PASS] wvfFind_event33941_trackID3_opNum9_merged.root → copied (ms_ch=9)
[PASS] wvfFind_event27119_trackID7_opNum9_merged.root → copied (ms_ch=9)
[PASS] wvfFind_event41515_trackID1_opNum9_merged.root → copied (ms_ch=9)
[PASS] wvfFind_event39696_trackID18_opNum6_merged.root → copied (ms_ch=6)
[PASS] wvfFind_event3261_trackID12_opNum8_merged.root → copied (ms_ch=8)
[PASS] wvfFind_event33182_trackID23_opNum9_merged.root → copied (ms_ch=9)
[PASS] wvfFind_event1196_trackID17_opNum9_merged.root → copied (ms_ch=9)
[PASS] wvfFind_event7078_trackID11_opNum9_merged.root → copied (ms_ch=9)
[PASS] wvfFind_event21722_trackID4_opNum9_merged.root → copied (ms_ch=9)
[SKIP] wvfFind_event22536_trackID20_opNum1_merged.root (ms_ch=1)
[PASS] wvfFind_event8416_trackID2_opNum9_merged.root → copied (ms_ch=9)
[PASS] wvfFind_event7338_trackID15_opNum8_merged.root → copied (ms_ch=8)
[PASS] wvfFind_event22645_trackID4_opNum6_merged.root → copied (ms_ch=6)
[PASS] wvfFind_event29369_trackID7_opNum8_merged.root → copied (ms_ch=8)
[PASS] wvfFind_event28803_trackID22_opNum9_merged.root → copied (ms_ch=9)
[PASS] wvfFind_event24906_trackID9_opNum9_merged.root → copied (ms_ch=9)
[PASS] wvfFind_event4193_trackID8_opNum3_merged.root → copied (ms_ch=3)
[PASS] wvfFind_event3767_trackID12_opNum9_merged.root → copied (ms_ch=9)
[PASS] wvfFind_event27142_trackID7_opNum5_merged.root → copied (ms_ch=5)
[PASS] wvfFind_event45243_trackID11_opNum9_merged.root → copied (ms_ch=9)
[SKIP] wvfFind_event45791_trackID8_opNum1_merged.root (ms_ch=1)
[PASS] wvfFind_event9733_trackID1_opNum6_merged.root → copied (ms_ch=6)
[PASS] wvfFind_event22484_trackID1_opNum5_merged.root → copied (ms_ch=5)
[SKIP] wvfFind_event20342_trackID1_opNum1_merged.root (ms_ch=1)
[PASS] wvfFind_event44223_trackID4_opNum9.root → copied (ms_ch=9)
[PASS] wvfFind_event3152_trackID1_opNum9_merged.root → copied (ms_ch=9)
[PASS] wvfFind_event3398_trackID4_opNum9_merged.root → copied (ms_ch=9)
[PASS] wvfFind_event41185_trackID27_opNum7_merged.root → copied (ms_ch=7)
[PASS] wvfFind_event26585_trackID17_opNum9_merged.root → copied (ms_ch=9)
[PASS] wvfFind_event41812_trackID15_opNum9_merged.root → copied (ms_ch=9)
[SKIP] wvfFind_event4207_trackID10_opNum2_merged.root (ms_ch=2)
[PASS] wvfFind_event30560_trackID0_opNum4_merged.root → copied (ms_ch=4)
[PASS] wvfFind_event18356_trackID7_opNum4_merged.root → copied (ms_ch=4)
[PASS] wvfFind_event41690_trackID6_opNum9_merged.root → copied (ms_ch=9)
[PASS] wvfFind_event6604_trackID9_opNum9_merged.root → copied (ms_ch=9)
[PASS] wvfFind_event27807_trackID6_opNum9_merged.root → copied (ms_ch=9)
[PASS] wvfFind_event29734_trackID13_opNum8_merged.root → copied (ms_ch=8)
[PASS] wvfFind_event47600_trackID10_opNum9_merged.root → copied (ms_ch=9)
[PASS] wvfFind_event11246_trackID8_opNum9_merged.root → copied (ms_ch=9)
[PASS] wvfFind_event18778_trackID8_opNum9_merged.root → copied (ms_ch=9)
[PASS] wvfFind_event30578_trackID20_opNum6_merged.root → copied (ms_ch=6)
[PASS] wvfFind_event15886_trackID22_opNum9_merged.root → copied (ms_ch=9)
[PASS] wvfFind_event2546_trackID2_opNum5_merged.root → copied (ms_ch=5)
[PASS] wvfFind_event5502_trackID9_opNum7_merged.root → copied (ms_ch=7)
[PASS] wvfFind_event43832_trackID16_opNum9_merged.root → copied (ms_ch=9)
[PASS] wvfFind_event14312_trackID17_opNum9_merged.root → copied (ms_ch=9)
[PASS] wvfFind_event14885_trackID9_opNum4_merged.root → copied (ms_ch=4)
[PASS] wvfFind_event12671_trackID2_opNum9_merged.root → copied (ms_ch=9)
[PASS] wvfFind_event38891_trackID3_opNum9_merged.root → copied (ms_ch=9)
[PASS] wvfFind_event18686_trackID17_opNum7_merged.root → copied (ms_ch=7)
[PASS] wvfFind_event1223_trackID6_opNum9_merged.root → copied (ms_ch=9)
[SKIP] wvfFind_event17832_trackID29_opNum1_merged.root (ms_ch=1)
[PASS] wvfFind_event29557_trackID10_opNum6_merged.root → copied (ms_ch=6)
[PASS] wvfFind_event9949_trackID18_opNum9_merged.root → copied (ms_ch=9)
[PASS] wvfFind_event2055_trackID18_opNum9_merged.root → copied (ms_ch=9)
[PASS] wvfFind_event22689_trackID2_opNum9_merged.root → copied (ms_ch=9)
[PASS] wvfFind_event10572_trackID10_opNum5_merged.root → copied (ms_ch=5)
[PASS] wvfFind_event5969_trackID4_opNum9_merged.root → copied (ms_ch=9)
[PASS] wvfFind_event9726_trackID6_opNum9_merged.root → copied (ms_ch=9)
[PASS] wvfFind_event94_trackID21_opNum6_merged.root → copied (ms_ch=6)
[SKIP] wvfFind_event2792_trackID9_opNum2.root (ms_ch=2)
[PASS] wvfFind_event41075_trackID0_opNum5_merged.root → copied (ms_ch=5)
[PASS] wvfFind_event25787_trackID3_opNum4_merged.root → copied (ms_ch=4)
[PASS] wvfFind_event46876_trackID4_opNum9_merged.root → copied (ms_ch=9)
[PASS] wvfFind_event18500_trackID20_opNum7_merged.root → copied (ms_ch=7)
[SKIP] wvfFind_event181_trackID11_opNum2_merged.root (ms_ch=2)
[PASS] wvfFind_event3420_trackID2_opNum8_merged.root → copied (ms_ch=8)
[PASS] wvfFind_event23177_trackID3_opNum9_merged.root → copied (ms_ch=9)
[PASS] wvfFind_event695_trackID7_opNum9_merged.root → copied (ms_ch=9)
[PASS] wvfFind_event28203_trackID5_opNum9_merged.root → copied (ms_ch=9)
[PASS] wvfFind_event14308_trackID11_opNum4_merged.root → copied (ms_ch=4)
[PASS] wvfFind_event44439_trackID8_opNum9_merged.root → copied (ms_ch=9)
[PASS] wvfFind_event2903_trackID4_opNum9_merged.root → copied (ms_ch=9)
[PASS] wvfFind_event35455_trackID2_opNum9.root → copied (ms_ch=9)
[PASS] wvfFind_event17638_trackID23_opNum9_merged.root → copied (ms_ch=9)
[PASS] wvfFind_event25009_trackID1_opNum3_merged.root → copied (ms_ch=3)
[PASS] wvfFind_event37702_trackID11_opNum9_merged.root → copied (ms_ch=9)
[PASS] wvfFind_event22896_trackID8_opNum9_merged.root → copied (ms_ch=9)
[PASS] wvfFind_event22446_trackID2_opNum6_merged.root → copied (ms_ch=6)
[SKIP] wvfFind_event1823_trackID13_opNum2_merged.root (ms_ch=2)
[PASS] wvfFind_event19732_trackID0_opNum4_merged.root → copied (ms_ch=4)
[PASS] wvfFind_event7461_trackID4_opNum3.root → copied (ms_ch=3)
[PASS] wvfFind_event3406_trackID3_opNum3_merged.root → copied (ms_ch=3)
[PASS] wvfFind_event15948_trackID11_opNum4_merged.root → copied (ms_ch=4)
[PASS] wvfFind_event49606_trackID4_opNum9_merged.root → copied (ms_ch=9)
[PASS] wvfFind_event703_trackID4_opNum9_merged.root → copied (ms_ch=9)
[PASS] wvfFind_event12163_trackID0_opNum8_merged.root → copied (ms_ch=8)
[PASS] wvfFind_event11063_trackID3_opNum9_merged.root → copied (ms_ch=9)
[PASS] wvfFind_event15083_trackID4_opNum9_merged.root → copied (ms_ch=9)
[PASS] wvfFind_event23532_trackID0_opNum6_merged.root → copied (ms_ch=6)
[SKIP] wvfFind_event2922_trackID31_opNum2_merged.root (ms_ch=2)
[PASS] wvfFind_event37916_trackID19_opNum5_merged.root → copied (ms_ch=5)
[PASS] wvfFind_event46497_trackID14_opNum9_merged.root → copied (ms_ch=9)
[PASS] wvfFind_event17694_trackID11_opNum4_merged.root → copied (ms_ch=4)
[PASS] wvfFind_event43095_trackID21_opNum9_merged.root → copied (ms_ch=9)
[PASS] wvfFind_event28507_trackID3_opNum9.root → copied (ms_ch=9)
[PASS] wvfFind_event620_trackID2_opNum9_merged.root → copied (ms_ch=9)
[PASS] wvfFind_event2213_trackID7_opNum9_merged.root → copied (ms_ch=9)
[PASS] wvfFind_event933_trackID10_opNum8_merged.root → copied (ms_ch=8)
[PASS] wvfFind_event17400_trackID13_opNum9_merged.root → copied (ms_ch=9)
[PASS] wvfFind_event31593_trackID2_opNum5_merged.root → copied (ms_ch=5)
[PASS] wvfFind_event3056_trackID20_opNum8_merged.root → copied (ms_ch=8)
[SKIP] wvfFind_event45841_trackID24_opNum1_merged.root (ms_ch=1)
[SKIP] wvfFind_event31816_trackID26_opNum2_merged.root (ms_ch=2)
[PASS] wvfFind_event17463_trackID16_opNum9_merged.root → copied (ms_ch=9)
[PASS] wvfFind_event44439_trackID5_opNum9_merged.root → copied (ms_ch=9)
[PASS] wvfFind_event35694_trackID3_opNum9_merged.root → copied (ms_ch=9)
[PASS] wvfFind_event2184_trackID8_opNum9_merged.root → copied (ms_ch=9)
[PASS] wvfFind_event42668_trackID17_opNum4_merged.root → copied (ms_ch=4)
[PASS] wvfFind_event1490_trackID4_opNum9_merged.root → copied (ms_ch=9)
[PASS] wvfFind_event17730_trackID2_opNum3_merged.root → copied (ms_ch=3)
[PASS] wvfFind_event12030_trackID5_opNum9_merged.root → copied (ms_ch=9)
[PASS] wvfFind_event40015_trackID20_opNum8_merged.root → copied (ms_ch=8)
[PASS] wvfFind_event7581_trackID22_opNum6_merged.root → copied (ms_ch=6)
[PASS] wvfFind_event7875_trackID12_opNum8_merged.root → copied (ms_ch=8)
[PASS] wvfFind_event39336_trackID9_opNum9_merged.root → copied (ms_ch=9)
[PASS] wvfFind_event822_trackID4_opNum4_merged.root → copied (ms_ch=4)
[PASS] wvfFind_event27109_trackID5_opNum9_merged.root → copied (ms_ch=9)
[PASS] wvfFind_event7619_trackID4_opNum9_merged.root → copied (ms_ch=9)
[PASS] wvfFind_event9740_trackID15_opNum9_merged.root → copied (ms_ch=9)
[PASS] wvfFind_event4569_trackID21_opNum5_merged.root → copied (ms_ch=5)
[SKIP] wvfFind_event213_trackID3_opNum2.root (ms_ch=2)
[PASS] wvfFind_event12215_trackID3_opNum9_merged.root → copied (ms_ch=9)
[PASS] wvfFind_event10793_trackID7_opNum5_merged.root → copied (ms_ch=5)
[PASS] wvfFind_event20466_trackID7_opNum6_merged.root → copied (ms_ch=6)
[SKIP] wvfFind_event21553_trackID20_opNum2_merged.root (ms_ch=2)
[PASS] wvfFind_event25324_trackID21_opNum6_merged.root → copied (ms_ch=6)
[PASS] wvfFind_event10686_trackID9_opNum8_merged.root → copied (ms_ch=8)
[PASS] wvfFind_event11655_trackID20_opNum9_merged.root → copied (ms_ch=9)
[PASS] wvfFind_event7754_trackID2_opNum9_merged.root → copied (ms_ch=9)
[PASS] wvfFind_event423_trackID0_opNum4_merged.root → copied (ms_ch=4)
[SKIP] wvfFind_event39176_trackID6_opNum2.root (ms_ch=2)
[PASS] wvfFind_event11259_trackID0_opNum4_merged.root → copied (ms_ch=4)
[PASS] wvfFind_event24521_trackID0_opNum9_merged.root → copied (ms_ch=9)
[PASS] wvfFind_event17162_trackID3_opNum9_merged.root → copied (ms_ch=9)
[PASS] wvfFind_event13836_trackID18_opNum5_merged.root → copied (ms_ch=5)
[PASS] wvfFind_event12998_trackID16_opNum9_merged.root → copied (ms_ch=9)
[PASS] wvfFind_event24220_trackID6_opNum9_merged.root → copied (ms_ch=9)
[PASS] wvfFind_event18912_trackID15_opNum5_merged.root → copied (ms_ch=5)
[PASS] wvfFind_event14447_trackID19_opNum8_merged.root → copied (ms_ch=8)
[PASS] wvfFind_event45279_trackID27_opNum9_merged.root → copied (ms_ch=9)
[PASS] wvfFind_event24498_trackID13_opNum9_merged.root → copied (ms_ch=9)
[PASS] wvfFind_event29588_trackID20_opNum9_merged.root → copied (ms_ch=9)
[PASS] wvfFind_event22928_trackID23_opNum7_merged.root → copied (ms_ch=7)
[PASS] wvfFind_event3822_trackID23_opNum4_merged.root → copied (ms_ch=4)
[PASS] wvfFind_event44640_trackID14_opNum9_merged.root → copied (ms_ch=9)
[PASS] wvfFind_event15318_trackID7_opNum5_merged.root → copied (ms_ch=5)
[PASS] wvfFind_event15506_trackID14_opNum9_merged.root → copied (ms_ch=9)
[PASS] wvfFind_event9315_trackID6_opNum9_merged.root → copied (ms_ch=9)
[PASS] wvfFind_event13390_trackID6_opNum5_merged.root → copied (ms_ch=5)
[PASS] wvfFind_event49010_trackID5_opNum4_merged.root → copied (ms_ch=4)
[SKIP] wvfFind_event25554_trackID33_opNum1_merged.root (ms_ch=1)
[PASS] wvfFind_event45170_trackID2_opNum5_merged.root → copied (ms_ch=5)
[PASS] wvfFind_event13190_trackID1_opNum9_merged.root → copied (ms_ch=9)
[PASS] wvfFind_event42307_trackID3_opNum9_merged.root → copied (ms_ch=9)
[PASS] wvfFind_event42224_trackID27_opNum9_merged.root → copied (ms_ch=9)
[PASS] wvfFind_event21261_trackID9_opNum7_merged.root → copied (ms_ch=7)
[PASS] wvfFind_event18152_trackID7_opNum6_merged.root → copied (ms_ch=6)
[PASS] wvfFind_event38799_trackID4_opNum9_merged.root → copied (ms_ch=9)
[PASS] wvfFind_event14782_trackID15_opNum5_merged.root → copied (ms_ch=5)
[PASS] wvfFind_event46237_trackID6_opNum8_merged.root → copied (ms_ch=8)
[SKIP] wvfFind_event11902_trackID16_opNum2.root (ms_ch=2)
[PASS] wvfFind_event4663_trackID2_opNum9_merged.root → copied (ms_ch=9)
[PASS] wvfFind_event19017_trackID22_opNum7_merged.root → copied (ms_ch=7)
[PASS] wvfFind_event12790_trackID3_opNum7_merged.root → copied (ms_ch=7)
[PASS] wvfFind_event18429_trackID9_opNum9_merged.root → copied (ms_ch=9)
[PASS] wvfFind_event22926_trackID8_opNum9_merged.root → copied (ms_ch=9)
[PASS] wvfFind_event4798_trackID35_opNum7_merged.root → copied (ms_ch=7)
[PASS] wvfFind_event633_trackID16_opNum9_merged.root → copied (ms_ch=9)
[PASS] wvfFind_event23432_trackID0_opNum9_merged.root → copied (ms_ch=9)
[PASS] wvfFind_event48241_trackID13_opNum9_merged.root → copied (ms_ch=9)
[PASS] wvfFind_event7647_trackID12_opNum9_merged.root → copied (ms_ch=9)
[PASS] wvfFind_event44212_trackID17_opNum7_merged.root → copied (ms_ch=7)
[PASS] wvfFind_event10473_trackID0_opNum6_merged.root → copied (ms_ch=6)
[PASS] wvfFind_event12602_trackID4_opNum9_merged.root → copied (ms_ch=9)
[SKIP] wvfFind_event13368_trackID41_opNum2.root (ms_ch=2)
[PASS] wvfFind_event1127_trackID17_opNum9_merged.root → copied (ms_ch=9)
[SKIP] wvfFind_event18027_trackID4_opNum1_merged.root (ms_ch=1)
[PASS] wvfFind_event40464_trackID18_opNum8_merged.root → copied (ms_ch=8)
[PASS] wvfFind_event5428_trackID13_opNum6_merged.root → copied (ms_ch=6)
[PASS] wvfFind_event15536_trackID15_opNum9_merged.root → copied (ms_ch=9)
[PASS] wvfFind_event45568_trackID0_opNum6_merged.root → copied (ms_ch=6)
[PASS] wvfFind_event15301_trackID1_opNum3_merged.root → copied (ms_ch=3)
[PASS] wvfFind_event30851_trackID3_opNum6_merged.root → copied (ms_ch=6)
[PASS] wvfFind_event44592_trackID2_opNum9_merged.root → copied (ms_ch=9)
[PASS] wvfFind_event15161_trackID16_opNum8_merged.root → copied (ms_ch=8)
[PASS] wvfFind_event5044_trackID9_opNum5_merged.root → copied (ms_ch=5)
[PASS] wvfFind_event21460_trackID3_opNum3.root → copied (ms_ch=3)
[PASS] wvfFind_event23875_trackID18_opNum8_merged.root → copied (ms_ch=8)
[PASS] wvfFind_event46251_trackID13_opNum9_merged.root → copied (ms_ch=9)
[PASS] wvfFind_event16394_trackID1_opNum5_merged.root → copied (ms_ch=5)
[PASS] wvfFind_event29602_trackID7_opNum9_merged.root → copied (ms_ch=9)
[PASS] wvfFind_event621_trackID19_opNum6_merged.root → copied (ms_ch=6)
[SKIP] wvfFind_event44208_trackID15_opNum2_merged.root (ms_ch=2)
[PASS] wvfFind_event28174_trackID23_opNum8_merged.root → copied (ms_ch=8)
[PASS] wvfFind_event43716_trackID0_opNum9_merged.root → copied (ms_ch=9)
[PASS] wvfFind_event41817_trackID18_opNum3_merged.root → copied (ms_ch=3)
[PASS] wvfFind_event44044_trackID7_opNum9_merged.root → copied (ms_ch=9)
[SKIP] wvfFind_event1095_trackID2_opNum1_merged.root (ms_ch=1)
[PASS] wvfFind_event13975_trackID13_opNum7_merged.root → copied (ms_ch=7)
[PASS] wvfFind_event21697_trackID9_opNum5_merged.root → copied (ms_ch=5)
[PASS] wvfFind_event13548_trackID7_opNum9_merged.root → copied (ms_ch=9)
[PASS] wvfFind_event42584_trackID5_opNum4_merged.root → copied (ms_ch=4)
[PASS] wvfFind_event48098_trackID6_opNum9_merged.root → copied (ms_ch=9)
[PASS] wvfFind_event7085_trackID7_opNum9_merged.root → copied (ms_ch=9)
[PASS] wvfFind_event11068_trackID8_opNum9_merged.root → copied (ms_ch=9)
[PASS] wvfFind_event33568_trackID1_opNum6.root → copied (ms_ch=6)
[PASS] wvfFind_event3465_trackID10_opNum7_merged.root → copied (ms_ch=7)
[SKIP] wvfFind_event46602_trackID19_opNum1_merged.root (ms_ch=1)
[PASS] wvfFind_event15658_trackID16_opNum4_merged.root → copied (ms_ch=4)
[PASS] wvfFind_event13322_trackID9_opNum9_merged.root → copied (ms_ch=9)
[PASS] wvfFind_event11595_trackID13_opNum9_merged.root → copied (ms_ch=9)
[PASS] wvfFind_event3278_trackID1_opNum5_merged.root → copied (ms_ch=5)
[PASS] wvfFind_event45817_trackID5_opNum9_merged.root → copied (ms_ch=9)
[PASS] wvfFind_event40745_trackID6_opNum9_merged.root → copied (ms_ch=9)
[PASS] wvfFind_event4512_trackID19_opNum9_merged.root → copied (ms_ch=9)
[PASS] wvfFind_event13215_trackID12_opNum5_merged.root → copied (ms_ch=5)
[PASS] wvfFind_event28647_trackID1_opNum4_merged.root → copied (ms_ch=4)
[PASS] wvfFind_event13953_trackID9_opNum6_merged.root → copied (ms_ch=6)
[PASS] wvfFind_event43269_trackID19_opNum9_merged.root → copied (ms_ch=9)
[PASS] wvfFind_event41983_trackID11_opNum6_merged.root → copied (ms_ch=6)
[PASS] wvfFind_event28696_trackID18_opNum9_merged.root → copied (ms_ch=9)
[PASS] wvfFind_event25274_trackID6_opNum6_merged.root → copied (ms_ch=6)
[PASS] wvfFind_event6218_trackID6_opNum9_merged.root → copied (ms_ch=9)
[PASS] wvfFind_event9943_trackID8_opNum9_merged.root → copied (ms_ch=9)
[PASS] wvfFind_event2629_trackID5_opNum9_merged.root → copied (ms_ch=9)
[PASS] wvfFind_event4377_trackID1_opNum9_merged.root → copied (ms_ch=9)
[PASS] wvfFind_event1557_trackID0_opNum5.root → copied (ms_ch=5)
[PASS] wvfFind_event15457_trackID3_opNum5_merged.root → copied (ms_ch=5)
[PASS] wvfFind_event400_trackID7_opNum5_merged.root → copied (ms_ch=5)
[PASS] wvfFind_event40620_trackID6_opNum5_merged.root → copied (ms_ch=5)
[PASS] wvfFind_event15327_trackID0_opNum3.root → copied (ms_ch=3)
[PASS] wvfFind_event18972_trackID20_opNum9_merged.root → copied (ms_ch=9)
[PASS] wvfFind_event3516_trackID17_opNum5_merged.root → copied (ms_ch=5)
[PASS] wvfFind_event20479_trackID32_opNum4_merged.root → copied (ms_ch=4)
[PASS] wvfFind_event47565_trackID3_opNum3_merged.root → copied (ms_ch=3)
[PASS] wvfFind_event32389_trackID10_opNum9_merged.root → copied (ms_ch=9)
[PASS] wvfFind_event12508_trackID10_opNum9_merged.root → copied (ms_ch=9)
[PASS] wvfFind_event12272_trackID12_opNum9_merged.root → copied (ms_ch=9)
[PASS] wvfFind_event28974_trackID9_opNum9_merged.root → copied (ms_ch=9)
[PASS] wvfFind_event1202_trackID5_opNum8_merged.root → copied (ms_ch=8)
[PASS] wvfFind_event14471_trackID5_opNum5_merged.root → copied (ms_ch=5)
[PASS] wvfFind_event13500_trackID4_opNum9_merged.root → copied (ms_ch=9)
[PASS] wvfFind_event39259_trackID4_opNum9_merged.root → copied (ms_ch=9)
[PASS] wvfFind_event21850_trackID9_opNum9_merged.root → copied (ms_ch=9)
[PASS] wvfFind_event46326_trackID0_opNum5_merged.root → copied (ms_ch=5)
[PASS] wvfFind_event18841_trackID14_opNum5_merged.root → copied (ms_ch=5)
[PASS] wvfFind_event1609_trackID5_opNum9_merged.root → copied (ms_ch=9)
[PASS] wvfFind_event13356_trackID15_opNum9_merged.root → copied (ms_ch=9)
[PASS] wvfFind_event2640_trackID12_opNum4_merged.root → copied (ms_ch=4)
[PASS] wvfFind_event41163_trackID16_opNum9_merged.root → copied (ms_ch=9)
[PASS] wvfFind_event29112_trackID6_opNum5_merged.root → copied (ms_ch=5)
[PASS] wvfFind_event2506_trackID8_opNum9_merged.root → copied (ms_ch=9)
[PASS] wvfFind_event14218_trackID4_opNum9_merged.root → copied (ms_ch=9)
[PASS] wvfFind_event45688_trackID7_opNum5_merged.root → copied (ms_ch=5)
[PASS] wvfFind_event19317_trackID7_opNum9_merged.root → copied (ms_ch=9)
[PASS] wvfFind_event38660_trackID27_opNum9_merged.root → copied (ms_ch=9)
[PASS] wvfFind_event22519_trackID12_opNum9_merged.root → copied (ms_ch=9)
[PASS] wvfFind_event98_trackID7_opNum9_merged.root → copied (ms_ch=9)
[PASS] wvfFind_event42607_trackID8_opNum7_merged.root → copied (ms_ch=7)
[SKIP] wvfFind_event15933_trackID12_opNum2_merged.root (ms_ch=2)
[PASS] wvfFind_event38768_trackID20_opNum8_merged.root → copied (ms_ch=8)
[PASS] wvfFind_event17040_trackID18_opNum5_merged.root → copied (ms_ch=5)
[PASS] wvfFind_event28906_trackID9_opNum5_merged.root → copied (ms_ch=5)
[PASS] wvfFind_event14103_trackID2_opNum9_merged.root → copied (ms_ch=9)
[PASS] wvfFind_event21848_trackID17_opNum9_merged.root → copied (ms_ch=9)
[PASS] wvfFind_event17193_trackID17_opNum5_merged.root → copied (ms_ch=5)
[PASS] wvfFind_event35469_trackID14_opNum9_merged.root → copied (ms_ch=9)
[PASS] wvfFind_event25044_trackID9_opNum9_merged.root → copied (ms_ch=9)
[PASS] wvfFind_event13241_trackID13_opNum7_merged.root → copied (ms_ch=7)
[PASS] wvfFind_event41488_trackID7_opNum9_merged.root → copied (ms_ch=9)
[PASS] wvfFind_event47222_trackID6_opNum9_merged.root → copied (ms_ch=9)
[PASS] wvfFind_event20118_trackID2_opNum3_merged.root → copied (ms_ch=3)
[PASS] wvfFind_event18953_trackID15_opNum9_merged.root → copied (ms_ch=9)
[PASS] wvfFind_event34208_trackID2_opNum5_merged.root → copied (ms_ch=5)
[PASS] wvfFind_event22872_trackID30_opNum8_merged.root → copied (ms_ch=8)
[PASS] wvfFind_event49170_trackID1_opNum9_merged.root → copied (ms_ch=9)
[PASS] wvfFind_event47626_trackID7_opNum3_merged.root → copied (ms_ch=3)
[PASS] wvfFind_event43967_trackID7_opNum9_merged.root → copied (ms_ch=9)
[PASS] wvfFind_event38793_trackID11_opNum9_merged.root → copied (ms_ch=9)
[PASS] wvfFind_event19136_trackID14_opNum4_merged.root → copied (ms_ch=4)
[PASS] wvfFind_event49299_trackID2_opNum9_merged.root → copied (ms_ch=9)
[SKIP] wvfFind_event39667_trackID1_opNum2_merged.root (ms_ch=2)
[PASS] wvfFind_event25688_trackID23_opNum9_merged.root → copied (ms_ch=9)
[PASS] wvfFind_event31038_trackID13_opNum8_merged.root → copied (ms_ch=8)
[PASS] wvfFind_event32386_trackID4_opNum9_merged.root → copied (ms_ch=9)
[SKIP] wvfFind_event31042_trackID20_opNum2.root (ms_ch=2)
[PASS] wvfFind_event39327_trackID14_opNum3_merged.root → copied (ms_ch=3)
[PASS] wvfFind_event39291_trackID13_opNum9_merged.root → copied (ms_ch=9)
[PASS] wvfFind_event13409_trackID17_opNum7_merged.root → copied (ms_ch=7)
[PASS] wvfFind_event18558_trackID8_opNum3_merged.root → copied (ms_ch=3)
[PASS] wvfFind_event14012_trackID26_opNum5_merged.root → copied (ms_ch=5)
[PASS] wvfFind_event12854_trackID20_opNum9_merged.root → copied (ms_ch=9)
[PASS] wvfFind_event30301_trackID1_opNum9_merged.root → copied (ms_ch=9)
[PASS] wvfFind_event1957_trackID30_opNum9.root → copied (ms_ch=9)
[PASS] wvfFind_event3006_trackID9_opNum9.root → copied (ms_ch=9)
[PASS] wvfFind_event28897_trackID10_opNum5_merged.root → copied (ms_ch=5)
[PASS] wvfFind_event17228_trackID5_opNum9_merged.root → copied (ms_ch=9)
[PASS] wvfFind_event38159_trackID14_opNum9_merged.root → copied (ms_ch=9)
[PASS] wvfFind_event20122_trackID21_opNum8_merged.root → copied (ms_ch=8)
[PASS] wvfFind_event46249_trackID6_opNum6_merged.root → copied (ms_ch=6)
[PASS] wvfFind_event24664_trackID12_opNum8_merged.root → copied (ms_ch=8)
[PASS] wvfFind_event44866_trackID8_opNum4_merged.root → copied (ms_ch=4)
[PASS] wvfFind_event23424_trackID0_opNum9_merged.root → copied (ms_ch=9)
[PASS] wvfFind_event11470_trackID1_opNum9_merged.root → copied (ms_ch=9)
[PASS] wvfFind_event5403_trackID11_opNum3_merged.root → copied (ms_ch=3)
[PASS] wvfFind_event12803_trackID9_opNum9.root → copied (ms_ch=9)
[PASS] wvfFind_event20090_trackID25_opNum6_merged.root → copied (ms_ch=6)
[SKIP] wvfFind_event41243_trackID1_opNum1_merged.root (ms_ch=1)
[PASS] wvfFind_event40608_trackID0_opNum9_merged.root → copied (ms_ch=9)
[SKIP] wvfFind_event19768_trackID8_opNum1_merged.root (ms_ch=1)
[PASS] wvfFind_event46372_trackID3_opNum9_merged.root → copied (ms_ch=9)
[PASS] wvfFind_event13844_trackID17_opNum9_merged.root → copied (ms_ch=9)
[PASS] wvfFind_event3871_trackID7_opNum9_merged.root → copied (ms_ch=9)
[PASS] wvfFind_event16981_trackID18_opNum5_merged.root → copied (ms_ch=5)
[PASS] wvfFind_event25500_trackID19_opNum9_merged.root → copied (ms_ch=9)
[PASS] wvfFind_event14444_trackID5_opNum9_merged.root → copied (ms_ch=9)
[PASS] wvfFind_event23313_trackID4_opNum9_merged.root → copied (ms_ch=9)
[PASS] wvfFind_event33510_trackID25_opNum3_merged.root → copied (ms_ch=3)
[PASS] wvfFind_event25869_trackID10_opNum9_merged.root → copied (ms_ch=9)
[PASS] wvfFind_event17779_trackID21_opNum8_merged.root → copied (ms_ch=8)
[PASS] wvfFind_event15802_trackID4_opNum9_merged.root → copied (ms_ch=9)
[PASS] wvfFind_event12120_trackID18_opNum9_merged.root → copied (ms_ch=9)
[PASS] wvfFind_event41738_trackID10_opNum8_merged.root → copied (ms_ch=8)
[PASS] wvfFind_event2113_trackID6_opNum9_merged.root → copied (ms_ch=9)
[PASS] wvfFind_event43919_trackID12_opNum9_merged.root → copied (ms_ch=9)
[PASS] wvfFind_event4462_trackID11_opNum5_merged.root → copied (ms_ch=5)
[PASS] wvfFind_event1927_trackID1_opNum9_merged.root → copied (ms_ch=9)
[PASS] wvfFind_event24859_trackID13_opNum9_merged.root → copied (ms_ch=9)
[PASS] wvfFind_event6027_trackID11_opNum4_merged.root → copied (ms_ch=4)
[PASS] wvfFind_event32865_trackID7_opNum9_merged.root → copied (ms_ch=9)
[PASS] wvfFind_event40737_trackID5_opNum9_merged.root → copied (ms_ch=9)
[PASS] wvfFind_event14203_trackID11_opNum4_merged.root → copied (ms_ch=4)
[PASS] wvfFind_event49828_trackID8_opNum9_merged.root → copied (ms_ch=9)
[PASS] wvfFind_event6008_trackID3_opNum9_merged.root → copied (ms_ch=9)
[PASS] wvfFind_event35821_trackID10_opNum9_merged.root → copied (ms_ch=9)
[SKIP] wvfFind_event2090_trackID0_opNum1_merged.root (ms_ch=1)
[PASS] wvfFind_event20729_trackID10_opNum9_merged.root → copied (ms_ch=9)
[PASS] wvfFind_event12308_trackID0_opNum9_merged.root → copied (ms_ch=9)
[PASS] wvfFind_event47405_trackID7_opNum7_merged.root → copied (ms_ch=7)
[PASS] wvfFind_event134_trackID5_opNum9_merged.root → copied (ms_ch=9)
[PASS] wvfFind_event46489_trackID11_opNum9_merged.root → copied (ms_ch=9)
[PASS] wvfFind_event25972_trackID25_opNum9_merged.root → copied (ms_ch=9)
[PASS] wvfFind_event42333_trackID10_opNum9_merged.root → copied (ms_ch=9)
[PASS] wvfFind_event18790_trackID8_opNum4_merged.root → copied (ms_ch=4)
[PASS] wvfFind_event46626_trackID9_opNum9_merged.root → copied (ms_ch=9)
[PASS] wvfFind_event18956_trackID9_opNum9_merged.root → copied (ms_ch=9)
[PASS] wvfFind_event48850_trackID13_opNum8_merged.root → copied (ms_ch=8)
[PASS] wvfFind_event48999_trackID6_opNum5_merged.root → copied (ms_ch=5)
[PASS] wvfFind_event5485_trackID2_opNum9_merged.root → copied (ms_ch=9)
[PASS] wvfFind_event4237_trackID13_opNum5_merged.root → copied (ms_ch=5)
[PASS] wvfFind_event1307_trackID9_opNum9_merged.root → copied (ms_ch=9)
[PASS] wvfFind_event28522_trackID11_opNum9_merged.root → copied (ms_ch=9)
[PASS] wvfFind_event39575_trackID2_opNum6_merged.root → copied (ms_ch=6)
[PASS] wvfFind_event25035_trackID12_opNum9_merged.root → copied (ms_ch=9)
[PASS] wvfFind_event19010_trackID24_opNum9_merged.root → copied (ms_ch=9)
[PASS] wvfFind_event33180_trackID12_opNum9_merged.root → copied (ms_ch=9)
[PASS] wvfFind_event49779_trackID1_opNum8_merged.root → copied (ms_ch=8)
[PASS] wvfFind_event25133_trackID5_opNum4_merged.root → copied (ms_ch=4)
[PASS] wvfFind_event15649_trackID3_opNum9_merged.root → copied (ms_ch=9)
[PASS] wvfFind_event11667_trackID5_opNum6_merged.root → copied (ms_ch=6)
[PASS] wvfFind_event49462_trackID7_opNum8_merged.root → copied (ms_ch=8)
[PASS] wvfFind_event20570_trackID4_opNum5_merged.root → copied (ms_ch=5)
[PASS] wvfFind_event27905_trackID9_opNum9_merged.root → copied (ms_ch=9)
[PASS] wvfFind_event5378_trackID14_opNum9_merged.root → copied (ms_ch=9)
[SKIP] wvfFind_event7291_trackID15_opNum2_merged.root (ms_ch=2)
[PASS] wvfFind_event32259_trackID1_opNum9_merged.root → copied (ms_ch=9)
[PASS] wvfFind_event29786_trackID17_opNum9_merged.root → copied (ms_ch=9)
[PASS] wvfFind_event28777_trackID10_opNum8_merged.root → copied (ms_ch=8)
[PASS] wvfFind_event49267_trackID10_opNum5_merged.root → copied (ms_ch=5)
[PASS] wvfFind_event10328_trackID5_opNum9_merged.root → copied (ms_ch=9)
[PASS] wvfFind_event18306_trackID6_opNum9_merged.root → copied (ms_ch=9)
[PASS] wvfFind_event24048_trackID20_opNum9_merged.root → copied (ms_ch=9)
[PASS] wvfFind_event28870_trackID4_opNum9_merged.root → copied (ms_ch=9)
[PASS] wvfFind_event40895_trackID8_opNum9_merged.root → copied (ms_ch=9)
[PASS] wvfFind_event18463_trackID11_opNum9_merged.root → copied (ms_ch=9)
[PASS] wvfFind_event23946_trackID16_opNum9_merged.root → copied (ms_ch=9)
[SKIP] wvfFind_event25819_trackID7_opNum2_merged.root (ms_ch=2)
[PASS] wvfFind_event20895_trackID3_opNum9_merged.root → copied (ms_ch=9)
[SKIP] wvfFind_event1448_trackID4_opNum1_merged.root (ms_ch=1)
[PASS] wvfFind_event16453_trackID7_opNum9_merged.root → copied (ms_ch=9)
[PASS] wvfFind_event2405_trackID9_opNum6_merged.root → copied (ms_ch=6)
[PASS] wvfFind_event14497_trackID19_opNum9_merged.root → copied (ms_ch=9)
[PASS] wvfFind_event16425_trackID30_opNum9_merged.root → copied (ms_ch=9)
[PASS] wvfFind_event21176_trackID14_opNum9_merged.root → copied (ms_ch=9)
[PASS] wvfFind_event48360_trackID1_opNum9_merged.root → copied (ms_ch=9)
[PASS] wvfFind_event48721_trackID19_opNum5_merged.root → copied (ms_ch=5)
[PASS] wvfFind_event17387_trackID4_opNum5_merged.root → copied (ms_ch=5)
[PASS] wvfFind_event39726_trackID14_opNum9_merged.root → copied (ms_ch=9)
[PASS] wvfFind_event41543_trackID15_opNum9_merged.root → copied (ms_ch=9)
[PASS] wvfFind_event30857_trackID7_opNum9_merged.root → copied (ms_ch=9)
[PASS] wvfFind_event10414_trackID12_opNum8_merged.root → copied (ms_ch=8)
[PASS] wvfFind_event23877_trackID4_opNum7_merged.root → copied (ms_ch=7)
[PASS] wvfFind_event14695_trackID11_opNum9_merged.root → copied (ms_ch=9)
[PASS] wvfFind_event16340_trackID4_opNum9_merged.root → copied (ms_ch=9)
[PASS] wvfFind_event2100_trackID12_opNum9_merged.root → copied (ms_ch=9)
[PASS] wvfFind_event8326_trackID28_opNum6_merged.root → copied (ms_ch=6)
[PASS] wvfFind_event7962_trackID27_opNum3_merged.root → copied (ms_ch=3)
[PASS] wvfFind_event27349_trackID15_opNum9_merged.root → copied (ms_ch=9)
[PASS] wvfFind_event20479_trackID14_opNum9.root → copied (ms_ch=9)
[PASS] wvfFind_event47285_trackID8_opNum5_merged.root → copied (ms_ch=5)
[PASS] wvfFind_event43436_trackID0_opNum5_merged.root → copied (ms_ch=5)
[PASS] wvfFind_event46006_trackID7_opNum4_merged.root → copied (ms_ch=4)
[PASS] wvfFind_event1569_trackID12_opNum9_merged.root → copied (ms_ch=9)
[PASS] wvfFind_event11926_trackID12_opNum9_merged.root → copied (ms_ch=9)
[PASS] wvfFind_event1093_trackID14_opNum9_merged.root → copied (ms_ch=9)
[PASS] wvfFind_event45485_trackID13_opNum3_merged.root → copied (ms_ch=3)
[PASS] wvfFind_event24924_trackID8_opNum8_merged.root → copied (ms_ch=8)
[PASS] wvfFind_event45322_trackID4_opNum9_merged.root → copied (ms_ch=9)
[PASS] wvfFind_event27998_trackID7_opNum5_merged.root → copied (ms_ch=5)
[PASS] wvfFind_event12526_trackID14_opNum9_merged.root → copied (ms_ch=9)
[PASS] wvfFind_event21843_trackID9_opNum9_merged.root → copied (ms_ch=9)
[PASS] wvfFind_event7436_trackID1_opNum9_merged.root → copied (ms_ch=9)
[SKIP] wvfFind_event110_trackID10_opNum1_merged.root (ms_ch=1)
[PASS] wvfFind_event5467_trackID6_opNum9_merged.root → copied (ms_ch=9)
[PASS] wvfFind_event11342_trackID10_opNum9_merged.root → copied (ms_ch=9)
[PASS] wvfFind_event19875_trackID21_opNum7_merged.root → copied (ms_ch=7)
[PASS] wvfFind_event15313_trackID10_opNum8_merged.root → copied (ms_ch=8)
[PASS] wvfFind_event44503_trackID9_opNum8_merged.root → copied (ms_ch=8)
[PASS] wvfFind_event17422_trackID15_opNum9_merged.root → copied (ms_ch=9)
[PASS] wvfFind_event44916_trackID8_opNum6_merged.root → copied (ms_ch=6)
[PASS] wvfFind_event14166_trackID1_opNum6_merged.root → copied (ms_ch=6)
[PASS] wvfFind_event21375_trackID10_opNum9_merged.root → copied (ms_ch=9)
[PASS] wvfFind_event30658_trackID1_opNum9_merged.root → copied (ms_ch=9)
[PASS] wvfFind_event1949_trackID5_opNum8_merged.root → copied (ms_ch=8)
[PASS] wvfFind_event46371_trackID2_opNum9_merged.root → copied (ms_ch=9)
[PASS] wvfFind_event20192_trackID19_opNum5_merged.root → copied (ms_ch=5)
[PASS] wvfFind_event21112_trackID10_opNum3_merged.root → copied (ms_ch=3)
[SKIP] wvfFind_event30324_trackID1_opNum2_merged.root (ms_ch=2)
[PASS] wvfFind_event21911_trackID12_opNum9_merged.root → copied (ms_ch=9)
[PASS] wvfFind_event46_trackID22_opNum9_merged.root → copied (ms_ch=9)
[PASS] wvfFind_event348_trackID0_opNum8_merged.root → copied (ms_ch=8)
[PASS] wvfFind_event30446_trackID14_opNum6_merged.root → copied (ms_ch=6)
[PASS] wvfFind_event37690_trackID9_opNum6_merged.root → copied (ms_ch=6)
[PASS] wvfFind_event14777_trackID6_opNum9_merged.root → copied (ms_ch=9)
[PASS] wvfFind_event23986_trackID20_opNum4_merged.root → copied (ms_ch=4)
[PASS] wvfFind_event4889_trackID9_opNum9_merged.root → copied (ms_ch=9)
[PASS] wvfFind_event20893_trackID12_opNum4.root → copied (ms_ch=4)
[PASS] wvfFind_event19762_trackID2_opNum9_merged.root → copied (ms_ch=9)
[PASS] wvfFind_event253_trackID6_opNum9_merged.root → copied (ms_ch=9)
[PASS] wvfFind_event28584_trackID25_opNum6_merged.root → copied (ms_ch=6)
[PASS] wvfFind_event13388_trackID5_opNum3_merged.root → copied (ms_ch=3)
[PASS] wvfFind_event41112_trackID20_opNum8_merged.root → copied (ms_ch=8)
[PASS] wvfFind_event15707_trackID16_opNum8_merged.root → copied (ms_ch=8)
[SKIP] wvfFind_event8395_trackID1_opNum1_merged.root (ms_ch=1)
[PASS] wvfFind_event42337_trackID34_opNum9_merged.root → copied (ms_ch=9)
[PASS] wvfFind_event14571_trackID1_opNum9.root → copied (ms_ch=9)
[PASS] wvfFind_event6133_trackID16_opNum8_merged.root → copied (ms_ch=8)
[PASS] wvfFind_event30908_trackID3_opNum4_merged.root → copied (ms_ch=4)
[PASS] wvfFind_event9731_trackID3_opNum9_merged.root → copied (ms_ch=9)
[PASS] wvfFind_event182_trackID20_opNum9_merged.root → copied (ms_ch=9)
[PASS] wvfFind_event42094_trackID12_opNum9_merged.root → copied (ms_ch=9)
[PASS] wvfFind_event10531_trackID17_opNum6_merged.root → copied (ms_ch=6)
[PASS] wvfFind_event19214_trackID32_opNum6_merged.root → copied (ms_ch=6)
[PASS] wvfFind_event3578_trackID8_opNum8_merged.root → copied (ms_ch=8)
[PASS] wvfFind_event20363_trackID0_opNum7_merged.root → copied (ms_ch=7)
[PASS] wvfFind_event22684_trackID21_opNum8_merged.root → copied (ms_ch=8)
[PASS] wvfFind_event28412_trackID7_opNum9_merged.root → copied (ms_ch=9)
[PASS] wvfFind_event46612_trackID15_opNum9_merged.root → copied (ms_ch=9)
[PASS] wvfFind_event38599_trackID12_opNum9_merged.root → copied (ms_ch=9)
[PASS] wvfFind_event10541_trackID3_opNum8_merged.root → copied (ms_ch=8)
[PASS] wvfFind_event3455_trackID1_opNum9_merged.root → copied (ms_ch=9)
[PASS] wvfFind_event14753_trackID6_opNum4_merged.root → copied (ms_ch=4)
[PASS] wvfFind_event5247_trackID10_opNum7_merged.root → copied (ms_ch=7)
[PASS] wvfFind_event27661_trackID7_opNum9_merged.root → copied (ms_ch=9)
[PASS] wvfFind_event46276_trackID20_opNum9_merged.root → copied (ms_ch=9)
[PASS] wvfFind_event4894_trackID17_opNum9.root → copied (ms_ch=9)
[PASS] wvfFind_event28778_trackID11_opNum8_merged.root → copied (ms_ch=8)
[PASS] wvfFind_event37949_trackID7_opNum4_merged.root → copied (ms_ch=4)
[PASS] wvfFind_event45179_trackID15_opNum9_merged.root → copied (ms_ch=9)
[PASS] wvfFind_event24898_trackID3_opNum9_merged.root → copied (ms_ch=9)
[PASS] wvfFind_event11481_trackID8_opNum9_merged.root → copied (ms_ch=9)
[PASS] wvfFind_event25867_trackID2_opNum9.root → copied (ms_ch=9)
[PASS] wvfFind_event46343_trackID11_opNum9_merged.root → copied (ms_ch=9)
[PASS] wvfFind_event20235_trackID0_opNum9_merged.root → copied (ms_ch=9)
[PASS] wvfFind_event48626_trackID8_opNum3_merged.root → copied (ms_ch=3)
[PASS] wvfFind_event14578_trackID15_opNum9_merged.root → copied (ms_ch=9)
[PASS] wvfFind_event9752_trackID9_opNum9_merged.root → copied (ms_ch=9)
[PASS] wvfFind_event17194_trackID5_opNum3_merged.root → copied (ms_ch=3)
[PASS] wvfFind_event39728_trackID2_opNum5_merged.root → copied (ms_ch=5)
[PASS] wvfFind_event32649_trackID13_opNum9_merged.root → copied (ms_ch=9)
[PASS] wvfFind_event17956_trackID2_opNum8_merged.root → copied (ms_ch=8)
[PASS] wvfFind_event1701_trackID25_opNum9_merged.root → copied (ms_ch=9)
[PASS] wvfFind_event2801_trackID5_opNum9_merged.root → copied (ms_ch=9)
[PASS] wvfFind_event2059_trackID13_opNum8_merged.root → copied (ms_ch=8)
[PASS] wvfFind_event28532_trackID30_opNum3.root → copied (ms_ch=3)
[PASS] wvfFind_event4933_trackID18_opNum8_merged.root → copied (ms_ch=8)
[PASS] wvfFind_event42440_trackID0_opNum9_merged.root → copied (ms_ch=9)
[PASS] wvfFind_event19015_trackID11_opNum9_merged.root → copied (ms_ch=9)
[PASS] wvfFind_event9361_trackID17_opNum9_merged.root → copied (ms_ch=9)
[PASS] wvfFind_event32647_trackID9_opNum9_merged.root → copied (ms_ch=9)
[PASS] wvfFind_event9491_trackID14_opNum3_merged.root → copied (ms_ch=3)
[SKIP] wvfFind_event27087_trackID4_opNum1_merged.root (ms_ch=1)
[SKIP] wvfFind_event8824_trackID23_opNum1_merged.root (ms_ch=1)
[PASS] wvfFind_event18124_trackID16_opNum9_merged.root → copied (ms_ch=9)
[PASS] wvfFind_event3521_trackID22_opNum9_merged.root → copied (ms_ch=9)
[PASS] wvfFind_event10390_trackID13_opNum4_merged.root → copied (ms_ch=4)
[PASS] wvfFind_event14654_trackID31_opNum9_merged.root → copied (ms_ch=9)
[PASS] wvfFind_event16303_trackID1_opNum9_merged.root → copied (ms_ch=9)
[PASS] wvfFind_event42164_trackID0_opNum9_merged.root → copied (ms_ch=9)
[PASS] wvfFind_event8558_trackID6_opNum9_merged.root → copied (ms_ch=9)
[PASS] wvfFind_event4996_trackID8_opNum3_merged.root → copied (ms_ch=3)
[PASS] wvfFind_event9770_trackID2_opNum9_merged.root → copied (ms_ch=9)
[SKIP] wvfFind_event4769_trackID21_opNum1_merged.root (ms_ch=1)
[PASS] wvfFind_event30944_trackID16_opNum9_merged.root → copied (ms_ch=9)
[PASS] wvfFind_event3079_trackID11_opNum9_merged.root → copied (ms_ch=9)
[PASS] wvfFind_event31545_trackID28_opNum9_merged.root → copied (ms_ch=9)
[PASS] wvfFind_event3231_trackID12_opNum9_merged.root → copied (ms_ch=9)
[PASS] wvfFind_event4155_trackID3_opNum9_merged.root → copied (ms_ch=9)
[PASS] wvfFind_event19211_trackID14_opNum3_merged.root → copied (ms_ch=3)
[PASS] wvfFind_event12603_trackID1_opNum9_merged.root → copied (ms_ch=9)
[PASS] wvfFind_event14699_trackID20_opNum5_merged.root → copied (ms_ch=5)
[PASS] wvfFind_event42203_trackID14_opNum9_merged.root → copied (ms_ch=9)
[PASS] wvfFind_event21391_trackID1_opNum9_merged.root → copied (ms_ch=9)
[PASS] wvfFind_event27202_trackID1_opNum5_merged.root → copied (ms_ch=5)
[PASS] wvfFind_event285_trackID15_opNum9_merged.root → copied (ms_ch=9)
[PASS] wvfFind_event28_trackID2_opNum9_merged.root → copied (ms_ch=9)
[PASS] wvfFind_event8938_trackID1_opNum9_merged.root → copied (ms_ch=9)
[PASS] wvfFind_event48636_trackID20_opNum9_merged.root → copied (ms_ch=9)
[PASS] wvfFind_event21265_trackID3_opNum5_merged.root → copied (ms_ch=5)
[PASS] wvfFind_event23092_trackID19_opNum9_merged.root → copied (ms_ch=9)
[PASS] wvfFind_event11831_trackID1_opNum9_merged.root → copied (ms_ch=9)
[PASS] wvfFind_event20445_trackID11_opNum4_merged.root → copied (ms_ch=4)
[PASS] wvfFind_event2108_trackID7_opNum3_merged.root → copied (ms_ch=3)
[PASS] wvfFind_event15351_trackID6_opNum8_merged.root → copied (ms_ch=8)
[PASS] wvfFind_event19232_trackID6_opNum3_merged.root → copied (ms_ch=3)
[PASS] wvfFind_event15633_trackID7_opNum9_merged.root → copied (ms_ch=9)
[PASS] wvfFind_event5603_trackID1_opNum9_merged.root → copied (ms_ch=9)
[PASS] wvfFind_event36568_trackID16_opNum9_merged.root → copied (ms_ch=9)
[PASS] wvfFind_event865_trackID8_opNum3_merged.root → copied (ms_ch=3)
[PASS] wvfFind_event28952_trackID2_opNum6_merged.root → copied (ms_ch=6)
[PASS] wvfFind_event44689_trackID14_opNum3_merged.root → copied (ms_ch=3)
[PASS] wvfFind_event140_trackID13_opNum9_merged.root → copied (ms_ch=9)
[PASS] wvfFind_event21919_trackID9_opNum5_merged.root → copied (ms_ch=5)
[PASS] wvfFind_event17_trackID11_opNum6_merged.root → copied (ms_ch=6)
[PASS] wvfFind_event29167_trackID13_opNum9_merged.root → copied (ms_ch=9)
[PASS] wvfFind_event7819_trackID2_opNum5_merged.root → copied (ms_ch=5)
[PASS] wvfFind_event24679_trackID15_opNum6_merged.root → copied (ms_ch=6)
[SKIP] wvfFind_event33877_trackID8_opNum2.root (ms_ch=2)
[PASS] wvfFind_event15389_trackID1_opNum4_merged.root → copied (ms_ch=4)
[PASS] wvfFind_event38779_trackID10_opNum9_merged.root → copied (ms_ch=9)
[PASS] wvfFind_event60_trackID1_opNum9_merged.root → copied (ms_ch=9)
[PASS] wvfFind_event32032_trackID3_opNum9.root → copied (ms_ch=9)
[SKIP] wvfFind_event39912_trackID0_opNum1_merged.root (ms_ch=1)
[SKIP] wvfFind_event15659_trackID6_opNum1_merged.root (ms_ch=1)
[PASS] wvfFind_event20527_trackID17_opNum9_merged.root → copied (ms_ch=9)
[PASS] wvfFind_event29978_trackID10_opNum9_merged.root → copied (ms_ch=9)
[PASS] wvfFind_event9824_trackID11_opNum8_merged.root → copied (ms_ch=8)
[PASS] wvfFind_event43988_trackID1_opNum6_merged.root → copied (ms_ch=6)
[PASS] wvfFind_event7843_trackID9_opNum5_merged.root → copied (ms_ch=5)
[PASS] wvfFind_event44931_trackID6_opNum9_merged.root → copied (ms_ch=9)
[PASS] wvfFind_event38155_trackID5_opNum4_merged.root → copied (ms_ch=4)
[PASS] wvfFind_event8557_trackID8_opNum9_merged.root → copied (ms_ch=9)
[PASS] wvfFind_event14010_trackID1_opNum3_merged.root → copied (ms_ch=3)
[PASS] wvfFind_event48590_trackID6_opNum9_merged.root → copied (ms_ch=9)
[PASS] wvfFind_event628_trackID4_opNum7_merged.root → copied (ms_ch=7)
[PASS] wvfFind_event11840_trackID3_opNum9_merged.root → copied (ms_ch=9)
[PASS] wvfFind_event27715_trackID23_opNum8_merged.root → copied (ms_ch=8)
[PASS] wvfFind_event5054_trackID7_opNum7_merged.root → copied (ms_ch=7)
[PASS] wvfFind_event34087_trackID10_opNum8_merged.root → copied (ms_ch=8)
[PASS] wvfFind_event14900_trackID14_opNum8_merged.root → copied (ms_ch=8)
[PASS] wvfFind_event10948_trackID9_opNum9_merged.root → copied (ms_ch=9)
[PASS] wvfFind_event23263_trackID33_opNum7_merged.root → copied (ms_ch=7)
[SKIP] wvfFind_event18851_trackID1_opNum1_merged.root (ms_ch=1)
[PASS] wvfFind_event14143_trackID6_opNum9_merged.root → copied (ms_ch=9)
[PASS] wvfFind_event15114_trackID5_opNum4_merged.root → copied (ms_ch=4)
[PASS] wvfFind_event20857_trackID8_opNum9_merged.root → copied (ms_ch=9)
[PASS] wvfFind_event19465_trackID13_opNum3_merged.root → copied (ms_ch=3)
[PASS] wvfFind_event15596_trackID12_opNum9_merged.root → copied (ms_ch=9)
[PASS] wvfFind_event17605_trackID11_opNum9_merged.root → copied (ms_ch=9)
[PASS] wvfFind_event20921_trackID6_opNum9_merged.root → copied (ms_ch=9)
[PASS] wvfFind_event22780_trackID8_opNum9_merged.root → copied (ms_ch=9)
[PASS] wvfFind_event15850_trackID8_opNum9_merged.root → copied (ms_ch=9)
[PASS] wvfFind_event39237_trackID22_opNum9_merged.root → copied (ms_ch=9)
[PASS] wvfFind_event16933_trackID16_opNum9_merged.root → copied (ms_ch=9)
[PASS] wvfFind_event17720_trackID5_opNum9_merged.root → copied (ms_ch=9)
[PASS] wvfFind_event9744_trackID4_opNum9_merged.root → copied (ms_ch=9)
[PASS] wvfFind_event27288_trackID21_opNum7_merged.root → copied (ms_ch=7)
[PASS] wvfFind_event47272_trackID17_opNum7_merged.root → copied (ms_ch=7)
[PASS] wvfFind_event23186_trackID10_opNum9_merged.root → copied (ms_ch=9)
[PASS] wvfFind_event18514_trackID8_opNum9_merged.root → copied (ms_ch=9)
[PASS] wvfFind_event319_trackID7_opNum5_merged.root → copied (ms_ch=5)
[PASS] wvfFind_event46260_trackID3_opNum9_merged.root → copied (ms_ch=9)
[PASS] wvfFind_event3729_trackID5_opNum9_merged.root → copied (ms_ch=9)
[PASS] wvfFind_event31772_trackID0_opNum9_merged.root → copied (ms_ch=9)
[PASS] wvfFind_event45683_trackID14_opNum9_merged.root → copied (ms_ch=9)
[SKIP] wvfFind_event20146_trackID13_opNum1_merged.root (ms_ch=1)
[SKIP] wvfFind_event20575_trackID8_opNum2_merged.root (ms_ch=2)
[PASS] wvfFind_event20689_trackID0_opNum6_merged.root → copied (ms_ch=6)
[PASS] wvfFind_event35880_trackID12_opNum8_merged.root → copied (ms_ch=8)
[PASS] wvfFind_event617_trackID5_opNum9_merged.root → copied (ms_ch=9)
[PASS] wvfFind_event49630_trackID5_opNum5_merged.root → copied (ms_ch=5)
[PASS] wvfFind_event11774_trackID0_opNum6_merged.root → copied (ms_ch=6)
[PASS] wvfFind_event24780_trackID16_opNum8_merged.root → copied (ms_ch=8)
[PASS] wvfFind_event1485_trackID17_opNum4_merged.root → copied (ms_ch=4)
[PASS] wvfFind_event867_trackID17_opNum6_merged.root → copied (ms_ch=6)
[PASS] wvfFind_event3186_trackID0_opNum8_merged.root → copied (ms_ch=8)
[PASS] wvfFind_event19402_trackID15_opNum7_merged.root → copied (ms_ch=7)
[PASS] wvfFind_event2732_trackID11_opNum9_merged.root → copied (ms_ch=9)
[PASS] wvfFind_event44841_trackID12_opNum9_merged.root → copied (ms_ch=9)
[PASS] wvfFind_event15062_trackID1_opNum9_merged.root → copied (ms_ch=9)
[PASS] wvfFind_event14117_trackID2_opNum8_merged.root → copied (ms_ch=8)
[PASS] wvfFind_event43623_trackID8_opNum5_merged.root → copied (ms_ch=5)
[PASS] wvfFind_event25851_trackID21_opNum3_merged.root → copied (ms_ch=3)
[PASS] wvfFind_event25103_trackID1_opNum9_merged.root → copied (ms_ch=9)
[PASS] wvfFind_event21826_trackID12_opNum5_merged.root → copied (ms_ch=5)
[PASS] wvfFind_event41369_trackID19_opNum7_merged.root → copied (ms_ch=7)
[PASS] wvfFind_event22150_trackID0_opNum9_merged.root → copied (ms_ch=9)
[PASS] wvfFind_event4101_trackID14_opNum7_merged.root → copied (ms_ch=7)
[SKIP] wvfFind_event19636_trackID8_opNum2_merged.root (ms_ch=2)
[PASS] wvfFind_event29780_trackID19_opNum6_merged.root → copied (ms_ch=6)
[PASS] wvfFind_event14963_trackID7_opNum9_merged.root → copied (ms_ch=9)
[PASS] wvfFind_event22896_trackID1_opNum8_merged.root → copied (ms_ch=8)
[PASS] wvfFind_event13695_trackID18_opNum9_merged.root → copied (ms_ch=9)
[PASS] wvfFind_event27322_trackID8_opNum9_merged.root → copied (ms_ch=9)
[PASS] wvfFind_event24845_trackID7_opNum9_merged.root → copied (ms_ch=9)
[PASS] wvfFind_event44477_trackID15_opNum9_merged.root → copied (ms_ch=9)
[PASS] wvfFind_event24918_trackID18_opNum9_merged.root → copied (ms_ch=9)
[PASS] wvfFind_event18152_trackID13_opNum9_merged.root → copied (ms_ch=9)
[PASS] wvfFind_event8709_trackID11_opNum5_merged.root → copied (ms_ch=5)
[PASS] wvfFind_event14734_trackID3_opNum9_merged.root → copied (ms_ch=9)
[PASS] wvfFind_event23705_trackID7_opNum7_merged.root → copied (ms_ch=7)
[PASS] wvfFind_event12084_trackID5_opNum9_merged.root → copied (ms_ch=9)
[PASS] wvfFind_event33183_trackID41_opNum5_merged.root → copied (ms_ch=5)
[PASS] wvfFind_event40777_trackID10_opNum6_merged.root → copied (ms_ch=6)
[PASS] wvfFind_event24603_trackID1_opNum3_merged.root → copied (ms_ch=3)
[PASS] wvfFind_event14899_trackID0_opNum9_merged.root → copied (ms_ch=9)
[PASS] wvfFind_event37406_trackID17_opNum9_merged.root → copied (ms_ch=9)
[PASS] wvfFind_event18278_trackID11_opNum9_merged.root → copied (ms_ch=9)
[PASS] wvfFind_event23536_trackID7_opNum4_merged.root → copied (ms_ch=4)
[PASS] wvfFind_event19894_trackID7_opNum6_merged.root → copied (ms_ch=6)
[PASS] wvfFind_event1931_trackID10_opNum6.root → copied (ms_ch=6)
[PASS] wvfFind_event12052_trackID11_opNum9_merged.root → copied (ms_ch=9)
[PASS] wvfFind_event22745_trackID4_opNum5_merged.root → copied (ms_ch=5)
[PASS] wvfFind_event11630_trackID8_opNum8_merged.root → copied (ms_ch=8)
[PASS] wvfFind_event8030_trackID11_opNum9_merged.root → copied (ms_ch=9)
[PASS] wvfFind_event16506_trackID9_opNum5_merged.root → copied (ms_ch=5)
[PASS] wvfFind_event3617_trackID8_opNum9_merged.root → copied (ms_ch=9)
[PASS] wvfFind_event19308_trackID0_opNum6_merged.root → copied (ms_ch=6)
[PASS] wvfFind_event22522_trackID17_opNum7_merged.root → copied (ms_ch=7)
[PASS] wvfFind_event4978_trackID5_opNum9_merged.root → copied (ms_ch=9)
[PASS] wvfFind_event25870_trackID11_opNum5_merged.root → copied (ms_ch=5)
[SKIP] wvfFind_event43427_trackID12_opNum1_merged.root (ms_ch=1)
[PASS] wvfFind_event10649_trackID0_opNum7_merged.root → copied (ms_ch=7)
[SKIP] wvfFind_event8038_trackID25_opNum1_merged.root (ms_ch=1)
[PASS] wvfFind_event18073_trackID6_opNum9_merged.root → copied (ms_ch=9)
[PASS] wvfFind_event1571_trackID16_opNum7_merged.root → copied (ms_ch=7)
[PASS] wvfFind_event18674_trackID4_opNum9.root → copied (ms_ch=9)
[PASS] wvfFind_event44970_trackID1_opNum9_merged.root → copied (ms_ch=9)
[PASS] wvfFind_event40744_trackID8_opNum9_merged.root → copied (ms_ch=9)
[PASS] wvfFind_event45888_trackID7_opNum9_merged.root → copied (ms_ch=9)
[PASS] wvfFind_event24901_trackID5_opNum9_merged.root → copied (ms_ch=9)
[PASS] wvfFind_event17728_trackID2_opNum3_merged.root → copied (ms_ch=3)
[PASS] wvfFind_event10401_trackID4_opNum8_merged.root → copied (ms_ch=8)
[SKIP] wvfFind_event40907_trackID1_opNum1_merged.root (ms_ch=1)
[PASS] wvfFind_event19465_trackID2_opNum5_merged.root → copied (ms_ch=5)
[PASS] wvfFind_event29243_trackID2_opNum9_merged.root → copied (ms_ch=9)
[PASS] wvfFind_event40357_trackID17_opNum4_merged.root → copied (ms_ch=4)
[PASS] wvfFind_event8813_trackID5_opNum5_merged.root → copied (ms_ch=5)
[PASS] wvfFind_event47043_trackID7_opNum9_merged.root → copied (ms_ch=9)
[PASS] wvfFind_event43869_trackID12_opNum9_merged.root → copied (ms_ch=9)
[PASS] wvfFind_event23252_trackID24_opNum9_merged.root → copied (ms_ch=9)
[PASS] wvfFind_event30811_trackID10_opNum9.root → copied (ms_ch=9)
[PASS] wvfFind_event42390_trackID16_opNum8_merged.root → copied (ms_ch=8)
[SKIP] wvfFind_event16627_trackID27_opNum1_merged.root (ms_ch=1)
[SKIP] wvfFind_event19806_trackID19_opNum2_merged.root (ms_ch=2)
[PASS] wvfFind_event14816_trackID20_opNum9_merged.root → copied (ms_ch=9)
[PASS] wvfFind_event18688_trackID7_opNum9_merged.root → copied (ms_ch=9)
[PASS] wvfFind_event42863_trackID24_opNum9_merged.root → copied (ms_ch=9)
[PASS] wvfFind_event16011_trackID3_opNum9_merged.root → copied (ms_ch=9)
[PASS] wvfFind_event46943_trackID14_opNum5_merged.root → copied (ms_ch=5)
[PASS] wvfFind_event39580_trackID0_opNum9_merged.root → copied (ms_ch=9)
[PASS] wvfFind_event19101_trackID12_opNum7_merged.root → copied (ms_ch=7)
[PASS] wvfFind_event2737_trackID22_opNum9_merged.root → copied (ms_ch=9)
[PASS] wvfFind_event11431_trackID23_opNum9_merged.root → copied (ms_ch=9)
[PASS] wvfFind_event47054_trackID7_opNum6_merged.root → copied (ms_ch=6)
[PASS] wvfFind_event16204_trackID13_opNum9_merged.root → copied (ms_ch=9)
[PASS] wvfFind_event38468_trackID30_opNum9_merged.root → copied (ms_ch=9)
[PASS] wvfFind_event14662_trackID4_opNum9_merged.root → copied (ms_ch=9)
[PASS] wvfFind_event26089_trackID22_opNum9_merged.root → copied (ms_ch=9)
[PASS] wvfFind_event75_trackID12_opNum8_merged.root → copied (ms_ch=8)
[PASS] wvfFind_event2062_trackID23_opNum3_merged.root → copied (ms_ch=3)
[PASS] wvfFind_event25927_trackID3_opNum9_merged.root → copied (ms_ch=9)
[PASS] wvfFind_event46635_trackID10_opNum9_merged.root → copied (ms_ch=9)
[PASS] wvfFind_event40913_trackID18_opNum5_merged.root → copied (ms_ch=5)
[PASS] wvfFind_event42600_trackID16_opNum9_merged.root → copied (ms_ch=9)
[PASS] wvfFind_event42802_trackID7_opNum9_merged.root → copied (ms_ch=9)
[PASS] wvfFind_event39763_trackID15_opNum9_merged.root → copied (ms_ch=9)
[PASS] wvfFind_event35481_trackID6_opNum3_merged.root → copied (ms_ch=3)
[PASS] wvfFind_event18058_trackID2_opNum9_merged.root → copied (ms_ch=9)
[PASS] wvfFind_event39451_trackID3_opNum9_merged.root → copied (ms_ch=9)
[PASS] wvfFind_event43078_trackID39_opNum6_merged.root → copied (ms_ch=6)
[PASS] wvfFind_event19085_trackID20_opNum7_merged.root → copied (ms_ch=7)
[PASS] wvfFind_event11330_trackID30_opNum4_merged.root → copied (ms_ch=4)
[PASS] wvfFind_event16134_trackID10_opNum9_merged.root → copied (ms_ch=9)
[PASS] wvfFind_event13329_trackID11_opNum9_merged.root → copied (ms_ch=9)
[PASS] wvfFind_event42844_trackID1_opNum5_merged.root → copied (ms_ch=5)
[PASS] wvfFind_event27529_trackID18_opNum9_merged.root → copied (ms_ch=9)
[PASS] wvfFind_event25993_trackID0_opNum5_merged.root → copied (ms_ch=5)
[PASS] wvfFind_event42215_trackID5_opNum9_merged.root → copied (ms_ch=9)
[PASS] wvfFind_event2838_trackID16_opNum4_merged.root → copied (ms_ch=4)
[PASS] wvfFind_event8217_trackID13_opNum9_merged.root → copied (ms_ch=9)
[PASS] wvfFind_event40489_trackID1_opNum9_merged.root → copied (ms_ch=9)
[PASS] wvfFind_event14139_trackID4_opNum9_merged.root → copied (ms_ch=9)
[PASS] wvfFind_event38158_trackID2_opNum7_merged.root → copied (ms_ch=7)
[PASS] wvfFind_event22296_trackID4_opNum9_merged.root → copied (ms_ch=9)
[PASS] wvfFind_event46854_trackID2_opNum3_merged.root → copied (ms_ch=3)
[PASS] wvfFind_event17921_trackID11_opNum8_merged.root → copied (ms_ch=8)
[PASS] wvfFind_event18019_trackID22_opNum6_merged.root → copied (ms_ch=6)
[PASS] wvfFind_event2698_trackID10_opNum7_merged.root → copied (ms_ch=7)
[PASS] wvfFind_event15833_trackID5_opNum7_merged.root → copied (ms_ch=7)
[PASS] wvfFind_event9715_trackID2_opNum9_merged.root → copied (ms_ch=9)
[PASS] wvfFind_event3615_trackID13_opNum9_merged.root → copied (ms_ch=9)
[PASS] wvfFind_event30661_trackID23_opNum9_merged.root → copied (ms_ch=9)
[PASS] wvfFind_event35698_trackID20_opNum8_merged.root → copied (ms_ch=8)
[SKIP] wvfFind_event28426_trackID22_opNum1_merged.root (ms_ch=1)
[PASS] wvfFind_event15683_trackID11_opNum4_merged.root → copied (ms_ch=4)
[PASS] wvfFind_event1556_trackID9_opNum9_merged.root → copied (ms_ch=9)
[SKIP] wvfFind_event26782_trackID9_opNum1_merged.root (ms_ch=1)
[PASS] wvfFind_event2438_trackID19_opNum6_merged.root → copied (ms_ch=6)
[PASS] wvfFind_event27486_trackID0_opNum4.root → copied (ms_ch=4)
[PASS] wvfFind_event27777_trackID2_opNum3_merged.root → copied (ms_ch=3)
[PASS] wvfFind_event42921_trackID11_opNum9_merged.root → copied (ms_ch=9)
[PASS] wvfFind_event22471_trackID5_opNum5_merged.root → copied (ms_ch=5)
[SKIP] wvfFind_event21061_trackID11_opNum1_merged.root (ms_ch=1)
[SKIP] wvfFind_event11027_trackID14_opNum2_2.root (ms_ch=2)
[PASS] wvfFind_event1935_trackID15_opNum8_merged.root → copied (ms_ch=8)
[PASS] wvfFind_event5019_trackID17_opNum9_merged.root → copied (ms_ch=9)
[PASS] wvfFind_event43690_trackID32_opNum9_merged.root → copied (ms_ch=9)
[PASS] wvfFind_event3349_trackID7_opNum9_merged.root → copied (ms_ch=9)
[PASS] wvfFind_event15500_trackID21_opNum6_merged.root → copied (ms_ch=6)
[PASS] wvfFind_event14208_trackID0_opNum5_merged.root → copied (ms_ch=5)
[PASS] wvfFind_event18117_trackID0_opNum9_merged.root → copied (ms_ch=9)
[SKIP] wvfFind_event3866_trackID10_opNum1_merged.root (ms_ch=1)
[PASS] wvfFind_event21833_trackID3_opNum3_merged.root → copied (ms_ch=3)
[SKIP] wvfFind_event1369_trackID10_opNum1_merged.root (ms_ch=1)
[PASS] wvfFind_event14192_trackID5_opNum5_merged.root → copied (ms_ch=5)
[PASS] wvfFind_event46441_trackID1_opNum6_merged.root → copied (ms_ch=6)
[PASS] wvfFind_event24790_trackID2_opNum9_merged.root → copied (ms_ch=9)
[SKIP] wvfFind_event31113_trackID11_opNum1_merged.root (ms_ch=1)
[PASS] wvfFind_event24061_trackID11_opNum8_merged.root → copied (ms_ch=8)
[PASS] wvfFind_event11040_trackID6_opNum9_merged.root → copied (ms_ch=9)
[PASS] wvfFind_event16894_trackID6_opNum9_merged.root → copied (ms_ch=9)
[PASS] wvfFind_event15472_trackID2_opNum3_merged.root → copied (ms_ch=3)
[PASS] wvfFind_event44944_trackID7_opNum9_merged.root → copied (ms_ch=9)
[PASS] wvfFind_event14193_trackID3_opNum9_merged.root → copied (ms_ch=9)
[PASS] wvfFind_event16945_trackID5_opNum9_merged.root → copied (ms_ch=9)
[PASS] wvfFind_event31267_trackID3_opNum5_merged.root → copied (ms_ch=5)
[PASS] wvfFind_event6119_trackID5_opNum4.root → copied (ms_ch=4)
[SKIP] wvfFind_event42227_trackID10_opNum2_merged.root (ms_ch=2)
[PASS] wvfFind_event27101_trackID4_opNum9_merged.root → copied (ms_ch=9)
[SKIP] wvfFind_event20194_trackID9_opNum2_merged.root (ms_ch=2)
[PASS] wvfFind_event2660_trackID17_opNum9_merged.root → copied (ms_ch=9)
[PASS] wvfFind_event16500_trackID9_opNum8_merged.root → copied (ms_ch=8)
[PASS] wvfFind_event19890_trackID16_opNum9_merged.root → copied (ms_ch=9)
[PASS] wvfFind_event10894_trackID20_opNum5_merged.root → copied (ms_ch=5)
[PASS] wvfFind_event17708_trackID3_opNum6_merged.root → copied (ms_ch=6)
[PASS] wvfFind_event11284_trackID6_opNum5_merged.root → copied (ms_ch=5)
[PASS] wvfFind_event16001_trackID2_opNum9_merged.root → copied (ms_ch=9)
[SKIP] wvfFind_event876_trackID19_opNum1_merged.root (ms_ch=1)
[PASS] wvfFind_event14534_trackID17_opNum8_merged.root → copied (ms_ch=8)
[PASS] wvfFind_event6994_trackID28_opNum3_merged.root → copied (ms_ch=3)
[PASS] wvfFind_event16307_trackID2_opNum9_merged.root → copied (ms_ch=9)
[SKIP] wvfFind_event21179_trackID11_opNum2_merged.root (ms_ch=2)
[PASS] wvfFind_event41210_trackID12_opNum9_merged.root → copied (ms_ch=9)
[PASS] wvfFind_event15030_trackID8_opNum5_merged.root → copied (ms_ch=5)
[PASS] wvfFind_event42343_trackID16_opNum5_merged.root → copied (ms_ch=5)
[PASS] wvfFind_event6976_trackID15_opNum7_merged.root → copied (ms_ch=7)
[PASS] wvfFind_event29447_trackID1_opNum9_merged.root → copied (ms_ch=9)
[PASS] wvfFind_event18409_trackID16_opNum5_merged.root → copied (ms_ch=5)
[PASS] wvfFind_event14768_trackID2_opNum9_merged.root → copied (ms_ch=9)
[SKIP] wvfFind_event43827_trackID11_opNum2.root (ms_ch=2)
[PASS] wvfFind_event42742_trackID15_opNum3_merged.root → copied (ms_ch=3)
[PASS] wvfFind_event18555_trackID2_opNum9_merged.root → copied (ms_ch=9)
[PASS] wvfFind_event43470_trackID0_opNum9_merged.root → copied (ms_ch=9)
[PASS] wvfFind_event16882_trackID23_opNum6_merged.root → copied (ms_ch=6)
[PASS] wvfFind_event4534_trackID20_opNum9_merged.root → copied (ms_ch=9)
[PASS] wvfFind_event48574_trackID8_opNum9_merged.root → copied (ms_ch=9)
[PASS] wvfFind_event43191_trackID10_opNum3_merged.root → copied (ms_ch=3)
[PASS] wvfFind_event31547_trackID12_opNum5_merged.root → copied (ms_ch=5)
[PASS] wvfFind_event32164_trackID11_opNum3_merged.root → copied (ms_ch=3)
[PASS] wvfFind_event6951_trackID9_opNum9_merged.root → copied (ms_ch=9)
[SKIP] wvfFind_event19528_trackID13_opNum1_merged.root (ms_ch=1)
[PASS] wvfFind_event15240_trackID1_opNum8_merged.root → copied (ms_ch=8)
[PASS] wvfFind_event6241_trackID17_opNum9_merged.root → copied (ms_ch=9)
[SKIP] wvfFind_event29644_trackID6_opNum2_merged.root (ms_ch=2)
[PASS] wvfFind_event39174_trackID10_opNum4_merged.root → copied (ms_ch=4)
[SKIP] wvfFind_event16100_trackID6_opNum1_merged.root (ms_ch=1)
[PASS] wvfFind_event36372_trackID11_opNum9_merged.root → copied (ms_ch=9)
[SKIP] wvfFind_event29734_trackID15_opNum1_merged.root (ms_ch=1)
[PASS] wvfFind_event7858_trackID20_opNum4_merged.root → copied (ms_ch=4)
[PASS] wvfFind_event38342_trackID8_opNum9_merged.root → copied (ms_ch=9)
[PASS] wvfFind_event20364_trackID7_opNum8_merged.root → copied (ms_ch=8)
[PASS] wvfFind_event19543_trackID11_opNum6_merged.root → copied (ms_ch=6)
[PASS] wvfFind_event3357_trackID3_opNum5_merged.root → copied (ms_ch=5)
[PASS] wvfFind_event20004_trackID29_opNum9_merged.root → copied (ms_ch=9)
[PASS] wvfFind_event4544_trackID13_opNum9_merged.root → copied (ms_ch=9)
[PASS] wvfFind_event2830_trackID0_opNum6_merged.root → copied (ms_ch=6)
[PASS] wvfFind_event5537_trackID0_opNum9_merged.root → copied (ms_ch=9)
[SKIP] wvfFind_event11924_trackID12_opNum1_merged.root (ms_ch=1)
[PASS] wvfFind_event23201_trackID30_opNum9_merged.root → copied (ms_ch=9)
[PASS] wvfFind_event44869_trackID9_opNum5_merged.root → copied (ms_ch=5)
[PASS] wvfFind_event8861_trackID5_opNum9_merged.root → copied (ms_ch=9)
[PASS] wvfFind_event7927_trackID10_opNum9_merged.root → copied (ms_ch=9)
[PASS] wvfFind_event3778_trackID27_opNum8_merged.root → copied (ms_ch=8)
[PASS] wvfFind_event41557_trackID4_opNum9_merged.root → copied (ms_ch=9)
[PASS] wvfFind_event12111_trackID16_opNum6_merged.root → copied (ms_ch=6)
[PASS] wvfFind_event25433_trackID3_opNum9_merged.root → copied (ms_ch=9)
[PASS] wvfFind_event24901_trackID11_opNum9_merged.root → copied (ms_ch=9)
[PASS] wvfFind_event165_trackID19_opNum9_merged.root → copied (ms_ch=9)
[PASS] wvfFind_event9771_trackID9_opNum6_merged.root → copied (ms_ch=6)
[PASS] wvfFind_event39721_trackID11_opNum8_merged.root → copied (ms_ch=8)
[PASS] wvfFind_event24140_trackID15_opNum9_merged.root → copied (ms_ch=9)
[PASS] wvfFind_event7961_trackID15_opNum7_merged.root → copied (ms_ch=7)
[PASS] wvfFind_event13461_trackID10_opNum9_merged.root → copied (ms_ch=9)
[PASS] wvfFind_event29924_trackID13_opNum9_merged.root → copied (ms_ch=9)
[PASS] wvfFind_event3745_trackID11_opNum9_merged.root → copied (ms_ch=9)
[PASS] wvfFind_event24291_trackID12_opNum9_merged.root → copied (ms_ch=9)
[PASS] wvfFind_event1286_trackID20_opNum6_merged.root → copied (ms_ch=6)
[PASS] wvfFind_event16498_trackID5_opNum9_merged.root → copied (ms_ch=9)
[PASS] wvfFind_event3784_trackID21_opNum9_merged.root → copied (ms_ch=9)
[PASS] wvfFind_event26166_trackID17_opNum8_merged.root → copied (ms_ch=8)
[PASS] wvfFind_event44754_trackID3_opNum9_merged.root → copied (ms_ch=9)
[PASS] wvfFind_event39990_trackID8_opNum6_merged.root → copied (ms_ch=6)
[PASS] wvfFind_event21079_trackID0_opNum9.root → copied (ms_ch=9)
[PASS] wvfFind_event34238_trackID9_opNum9_merged.root → copied (ms_ch=9)
[PASS] wvfFind_event31781_trackID5_opNum5_merged.root → copied (ms_ch=5)
[PASS] wvfFind_event19812_trackID3_opNum9_merged.root → copied (ms_ch=9)
[PASS] wvfFind_event15873_trackID11_opNum9_merged.root → copied (ms_ch=9)
[PASS] wvfFind_event32075_trackID4_opNum4_merged.root → copied (ms_ch=4)
[PASS] wvfFind_event18143_trackID4_opNum9.root → copied (ms_ch=9)
[SKIP] wvfFind_event14890_trackID17_opNum2_merged.root (ms_ch=2)
[PASS] wvfFind_event42521_trackID15_opNum8_merged.root → copied (ms_ch=8)
[SKIP] wvfFind_event11709_trackID12_opNum1_merged.root (ms_ch=1)
[SKIP] wvfFind_event15882_trackID32_opNum2_merged.root (ms_ch=2)
[PASS] wvfFind_event39362_trackID2_opNum9_merged.root → copied (ms_ch=9)
[PASS] wvfFind_event11611_trackID10_opNum9_merged.root → copied (ms_ch=9)
[PASS] wvfFind_event28176_trackID17_opNum8_merged.root → copied (ms_ch=8)
[PASS] wvfFind_event4372_trackID7_opNum9_merged.root → copied (ms_ch=9)
[PASS] wvfFind_event2013_trackID5_opNum9_merged.root → copied (ms_ch=9)
[PASS] wvfFind_event16337_trackID1_opNum9_merged.root → copied (ms_ch=9)
[PASS] wvfFind_event8832_trackID28_opNum4_merged.root → copied (ms_ch=4)
[PASS] wvfFind_event11407_trackID14_opNum9_merged.root → copied (ms_ch=9)
[PASS] wvfFind_event18636_trackID9_opNum9_merged.root → copied (ms_ch=9)
[PASS] wvfFind_event43563_trackID5_opNum9_merged.root → copied (ms_ch=9)
[PASS] wvfFind_event14094_trackID16_opNum9_merged.root → copied (ms_ch=9)
[PASS] wvfFind_event22877_trackID6_opNum9_merged.root → copied (ms_ch=9)
[PASS] wvfFind_event32320_trackID15_opNum5_merged.root → copied (ms_ch=5)
[PASS] wvfFind_event24191_trackID10_opNum9_merged.root → copied (ms_ch=9)
[PASS] wvfFind_event37322_trackID19_opNum9_merged.root → copied (ms_ch=9)
[PASS] wvfFind_event4550_trackID7_opNum9_merged.root → copied (ms_ch=9)
[PASS] wvfFind_event14984_trackID11_opNum9_merged.root → copied (ms_ch=9)
[PASS] wvfFind_event19887_trackID19_opNum9_merged.root → copied (ms_ch=9)
[PASS] wvfFind_event40318_trackID5_opNum6_merged.root → copied (ms_ch=6)
[PASS] wvfFind_event21661_trackID1_opNum9_merged.root → copied (ms_ch=9)
[PASS] wvfFind_event20799_trackID7_opNum9_merged.root → copied (ms_ch=9)
[PASS] wvfFind_event7511_trackID4_opNum9_merged.root → copied (ms_ch=9)
[PASS] wvfFind_event33171_trackID25_opNum9_merged.root → copied (ms_ch=9)
[PASS] wvfFind_event36321_trackID12_opNum4_merged.root → copied (ms_ch=4)
[PASS] wvfFind_event40022_trackID1_opNum9_merged.root → copied (ms_ch=9)
[PASS] wvfFind_event48718_trackID32_opNum6_merged.root → copied (ms_ch=6)
[PASS] wvfFind_event32242_trackID0_opNum9_merged.root → copied (ms_ch=9)
[PASS] wvfFind_event37413_trackID9_opNum9_merged.root → copied (ms_ch=9)
[PASS] wvfFind_event38985_trackID4_opNum9_merged.root → copied (ms_ch=9)
[PASS] wvfFind_event22900_trackID23_opNum6_merged.root → copied (ms_ch=6)
[PASS] wvfFind_event18060_trackID13_opNum9_merged.root → copied (ms_ch=9)
[PASS] wvfFind_event21707_trackID14_opNum8_merged.root → copied (ms_ch=8)
[PASS] wvfFind_event23176_trackID0_opNum9_merged.root → copied (ms_ch=9)
[PASS] wvfFind_event20076_trackID3_opNum8_merged.root → copied (ms_ch=8)
[PASS] wvfFind_event3867_trackID26_opNum5_merged.root → copied (ms_ch=5)
[PASS] wvfFind_event17347_trackID25_opNum9_merged.root → copied (ms_ch=9)
[PASS] wvfFind_event8762_trackID9_opNum9_merged.root → copied (ms_ch=9)
[PASS] wvfFind_event4713_trackID3_opNum6_merged.root → copied (ms_ch=6)
[PASS] wvfFind_event32644_trackID0_opNum5_merged.root → copied (ms_ch=5)
[SKIP] wvfFind_event6994_trackID28_opNum2_3.root (ms_ch=2)
[PASS] wvfFind_event9722_trackID0_opNum6_merged.root → copied (ms_ch=6)
[SKIP] wvfFind_event17297_trackID20_opNum1_merged.root (ms_ch=1)
[PASS] wvfFind_event43734_trackID29_opNum9_merged.root → copied (ms_ch=9)
[PASS] wvfFind_event19319_trackID17_opNum9_merged.root → copied (ms_ch=9)
[PASS] wvfFind_event12677_trackID16_opNum9_merged.root → copied (ms_ch=9)
[PASS] wvfFind_event23739_trackID5_opNum8_merged.root → copied (ms_ch=8)
[PASS] wvfFind_event15748_trackID8_opNum9_merged.root → copied (ms_ch=9)
[PASS] wvfFind_event44636_trackID27_opNum9_merged.root → copied (ms_ch=9)
[PASS] wvfFind_event40698_trackID16_opNum9.root → copied (ms_ch=9)
[PASS] wvfFind_event7044_trackID6_opNum9_merged.root → copied (ms_ch=9)
[PASS] wvfFind_event1139_trackID3_opNum9_merged.root → copied (ms_ch=9)
[PASS] wvfFind_event39338_trackID27_opNum4_merged.root → copied (ms_ch=4)
[PASS] wvfFind_event2758_trackID28_opNum9_merged.root → copied (ms_ch=9)
[SKIP] wvfFind_event46233_trackID25_opNum1_merged.root (ms_ch=1)
[PASS] wvfFind_event25295_trackID4_opNum8_merged.root → copied (ms_ch=8)
[PASS] wvfFind_event20852_trackID16_opNum8_merged.root → copied (ms_ch=8)
[PASS] wvfFind_event3462_trackID10_opNum9_merged.root → copied (ms_ch=9)
[PASS] wvfFind_event41358_trackID1_opNum9_merged.root → copied (ms_ch=9)
[SKIP] wvfFind_event40365_trackID9_opNum1_merged.root (ms_ch=1)
[SKIP] wvfFind_event1899_trackID18_opNum1_merged.root (ms_ch=1)
[PASS] wvfFind_event34843_trackID2_opNum9_merged.root → copied (ms_ch=9)
[PASS] wvfFind_event12139_trackID9_opNum9_merged.root → copied (ms_ch=9)
[PASS] wvfFind_event40895_trackID16_opNum9_merged.root → copied (ms_ch=9)
[PASS] wvfFind_event21787_trackID22_opNum7_merged.root → copied (ms_ch=7)
[PASS] wvfFind_event20776_trackID25_opNum6_merged.root → copied (ms_ch=6)
[PASS] wvfFind_event11591_trackID9_opNum5_merged.root → copied (ms_ch=5)
[PASS] wvfFind_event10304_trackID0_opNum5_merged.root → copied (ms_ch=5)
[SKIP] wvfFind_event9512_trackID35_opNum1_merged.root (ms_ch=1)
[PASS] wvfFind_event21261_trackID6_opNum6_merged.root → copied (ms_ch=6)
[SKIP] wvfFind_event24994_trackID10_opNum2_merged.root (ms_ch=2)
[PASS] wvfFind_event39672_trackID4_opNum9_merged.root → copied (ms_ch=9)
[SKIP] wvfFind_event48194_trackID12_opNum1_merged.root (ms_ch=1)
[PASS] wvfFind_event38964_trackID17_opNum9_merged.root → copied (ms_ch=9)
[PASS] wvfFind_event40381_trackID8_opNum9_merged.root → copied (ms_ch=9)
[PASS] wvfFind_event879_trackID11_opNum9_merged.root → copied (ms_ch=9)
[PASS] wvfFind_event28803_trackID17_opNum9_merged.root → copied (ms_ch=9)
[PASS] wvfFind_event19802_trackID2_opNum9_merged.root → copied (ms_ch=9)
[SKIP] wvfFind_event41195_trackID29_opNum2_merged.root (ms_ch=2)
[PASS] wvfFind_event19085_trackID3_opNum9_merged.root → copied (ms_ch=9)
[PASS] wvfFind_event2469_trackID7_opNum8_merged.root → copied (ms_ch=8)
[SKIP] wvfFind_event1997_trackID10_opNum1_merged.root (ms_ch=1)
[PASS] wvfFind_event1656_trackID5_opNum9_merged.root → copied (ms_ch=9)
[PASS] wvfFind_event35484_trackID29_opNum9_merged.root → copied (ms_ch=9)
[SKIP] wvfFind_event10267_trackID14_opNum1_merged.root (ms_ch=1)
[PASS] wvfFind_event27409_trackID11_opNum6_merged.root → copied (ms_ch=6)
[PASS] wvfFind_event32263_trackID12_opNum9_merged.root → copied (ms_ch=9)
[PASS] wvfFind_event22247_trackID10_opNum3_merged.root → copied (ms_ch=3)
[PASS] wvfFind_event45031_trackID12_opNum9_merged.root → copied (ms_ch=9)
[PASS] wvfFind_event47593_trackID9_opNum4_merged.root → copied (ms_ch=4)
[PASS] wvfFind_event4078_trackID13_opNum7_merged.root → copied (ms_ch=7)
[PASS] wvfFind_event47938_trackID0_opNum9_merged.root → copied (ms_ch=9)
[SKIP] wvfFind_event3495_trackID7_opNum2_merged.root (ms_ch=2)
[PASS] wvfFind_event44865_trackID30_opNum8_merged.root → copied (ms_ch=8)
[SKIP] wvfFind_event5118_trackID6_opNum2.root (ms_ch=2)
[PASS] wvfFind_event29937_trackID1_opNum5_merged.root → copied (ms_ch=5)
[PASS] wvfFind_event35873_trackID13_opNum9_merged.root → copied (ms_ch=9)
[PASS] wvfFind_event45009_trackID7_opNum9_merged.root → copied (ms_ch=9)
[PASS] wvfFind_event42389_trackID13_opNum5_merged.root → copied (ms_ch=5)
[SKIP] wvfFind_event6086_trackID1_opNum1_merged.root (ms_ch=1)
[PASS] wvfFind_event46374_trackID26_opNum4_merged.root → copied (ms_ch=4)
[PASS] wvfFind_event33435_trackID18_opNum8_merged.root → copied (ms_ch=8)
[PASS] wvfFind_event14271_trackID6_opNum9_merged.root → copied (ms_ch=9)
[PASS] wvfFind_event15758_trackID4_opNum9_merged.root → copied (ms_ch=9)
[PASS] wvfFind_event24156_trackID7_opNum9_merged.root → copied (ms_ch=9)
[PASS] wvfFind_event20459_trackID4_opNum9_merged.root → copied (ms_ch=9)
[PASS] wvfFind_event19589_trackID3_opNum8.root → copied (ms_ch=8)
[PASS] wvfFind_event16018_trackID1_opNum9_merged.root → copied (ms_ch=9)
[PASS] wvfFind_event42809_trackID30_opNum3_merged.root → copied (ms_ch=3)
[PASS] wvfFind_event25820_trackID18_opNum3_merged.root → copied (ms_ch=3)
[PASS] wvfFind_event43830_trackID8_opNum9_merged.root → copied (ms_ch=9)
[PASS] wvfFind_event36054_trackID25_opNum8_merged.root → copied (ms_ch=8)
[PASS] wvfFind_event15600_trackID6_opNum6_merged.root → copied (ms_ch=6)
[PASS] wvfFind_event30667_trackID0_opNum4_merged.root → copied (ms_ch=4)
[PASS] wvfFind_event13766_trackID13_opNum3_merged.root → copied (ms_ch=3)
[PASS] wvfFind_event10547_trackID15_opNum8_merged.root → copied (ms_ch=8)
[PASS] wvfFind_event12787_trackID1_opNum9_merged.root → copied (ms_ch=9)
[PASS] wvfFind_event5594_trackID8_opNum9_merged.root → copied (ms_ch=9)
[PASS] wvfFind_event19571_trackID11_opNum3_merged.root → copied (ms_ch=3)
[PASS] wvfFind_event2044_trackID4_opNum9_merged.root → copied (ms_ch=9)
[PASS] wvfFind_event6080_trackID4_opNum9_merged.root → copied (ms_ch=9)
[PASS] wvfFind_event17599_trackID0_opNum9_merged.root → copied (ms_ch=9)
[PASS] wvfFind_event28772_trackID17_opNum9_merged.root → copied (ms_ch=9)
[PASS] wvfFind_event10957_trackID0_opNum9_merged.root → copied (ms_ch=9)
[PASS] wvfFind_event22948_trackID8_opNum3_merged.root → copied (ms_ch=3)
[PASS] wvfFind_event39272_trackID17_opNum8_merged.root → copied (ms_ch=8)
[PASS] wvfFind_event12305_trackID10_opNum6_merged.root → copied (ms_ch=6)
[PASS] wvfFind_event24634_trackID6_opNum9_merged.root → copied (ms_ch=9)
[PASS] wvfFind_event7361_trackID0_opNum6_merged.root → copied (ms_ch=6)
[PASS] wvfFind_event41001_trackID31_opNum9_merged.root → copied (ms_ch=9)
[PASS] wvfFind_event26431_trackID8_opNum9_merged.root → copied (ms_ch=9)
[PASS] wvfFind_event45522_trackID9_opNum9_merged.root → copied (ms_ch=9)
[PASS] wvfFind_event44787_trackID8_opNum8_merged.root → copied (ms_ch=8)
[PASS] wvfFind_event25143_trackID18_opNum7_merged.root → copied (ms_ch=7)
[PASS] wvfFind_event706_trackID11_opNum9_merged.root → copied (ms_ch=9)
[PASS] wvfFind_event16005_trackID15_opNum9_merged.root → copied (ms_ch=9)
[PASS] wvfFind_event16436_trackID10_opNum9_merged.root → copied (ms_ch=9)
[PASS] wvfFind_event13919_trackID0_opNum9_merged.root → copied (ms_ch=9)
[PASS] wvfFind_event14172_trackID14_opNum8_merged.root → copied (ms_ch=8)
[PASS] wvfFind_event23039_trackID10_opNum9_merged.root → copied (ms_ch=9)
[SKIP] wvfFind_event16039_trackID19_opNum2_merged.root (ms_ch=2)
[PASS] wvfFind_event30878_trackID0_opNum9_merged.root → copied (ms_ch=9)
[PASS] wvfFind_event1634_trackID4_opNum5_merged.root → copied (ms_ch=5)
[PASS] wvfFind_event22169_trackID28_opNum6_merged.root → copied (ms_ch=6)
[PASS] wvfFind_event34965_trackID17_opNum9_merged.root → copied (ms_ch=9)
[PASS] wvfFind_event7481_trackID25_opNum7_merged.root → copied (ms_ch=7)
[PASS] wvfFind_event13826_trackID6_opNum5_merged.root → copied (ms_ch=5)
[PASS] wvfFind_event44626_trackID8_opNum9_merged.root → copied (ms_ch=9)
[PASS] wvfFind_event6490_trackID2_opNum6_merged.root → copied (ms_ch=6)
[PASS] wvfFind_event47281_trackID8_opNum9_merged.root → copied (ms_ch=9)
[PASS] wvfFind_event16144_trackID3_opNum9_merged.root → copied (ms_ch=9)
[PASS] wvfFind_event43636_trackID4_opNum6_merged.root → copied (ms_ch=6)
[PASS] wvfFind_event29264_trackID10_opNum8_merged.root → copied (ms_ch=8)
[PASS] wvfFind_event6773_trackID4_opNum5_merged.root → copied (ms_ch=5)
[PASS] wvfFind_event17738_trackID20_opNum9_merged.root → copied (ms_ch=9)
[PASS] wvfFind_event42812_trackID13_opNum6_merged.root → copied (ms_ch=6)
[PASS] wvfFind_event13405_trackID6_opNum9.root → copied (ms_ch=9)
[PASS] wvfFind_event326_trackID12_opNum9_merged.root → copied (ms_ch=9)
[PASS] wvfFind_event40762_trackID12_opNum7_merged.root → copied (ms_ch=7)
[PASS] wvfFind_event6609_trackID10_opNum8_merged.root → copied (ms_ch=8)
[PASS] wvfFind_event26157_trackID9_opNum7_merged.root → copied (ms_ch=7)
[PASS] wvfFind_event2688_trackID2_opNum9_merged.root → copied (ms_ch=9)
[PASS] wvfFind_event7341_trackID7_opNum9_merged.root → copied (ms_ch=9)
[PASS] wvfFind_event11529_trackID18_opNum9_merged.root → copied (ms_ch=9)
[PASS] wvfFind_event48444_trackID20_opNum9_merged.root → copied (ms_ch=9)
[PASS] wvfFind_event12895_trackID5_opNum7_merged.root → copied (ms_ch=7)
[PASS] wvfFind_event17867_trackID14_opNum9_merged.root → copied (ms_ch=9)
[PASS] wvfFind_event17695_trackID11_opNum9_merged.root → copied (ms_ch=9)
[PASS] wvfFind_event47939_trackID8_opNum9_merged.root → copied (ms_ch=9)
[PASS] wvfFind_event15728_trackID3_opNum9_merged.root → copied (ms_ch=9)
[PASS] wvfFind_event25008_trackID4_opNum9_merged.root → copied (ms_ch=9)
[PASS] wvfFind_event17973_trackID26_opNum3_merged.root → copied (ms_ch=3)
[PASS] wvfFind_event41170_trackID3_opNum5_merged.root → copied (ms_ch=5)
[PASS] wvfFind_event22291_trackID0_opNum9_merged.root → copied (ms_ch=9)
[PASS] wvfFind_event13753_trackID15_opNum8_merged.root → copied (ms_ch=8)
[PASS] wvfFind_event19379_trackID14_opNum6_merged.root → copied (ms_ch=6)
[PASS] wvfFind_event14883_trackID13_opNum9_merged.root → copied (ms_ch=9)
[PASS] wvfFind_event46106_trackID14_opNum5_merged.root → copied (ms_ch=5)
[PASS] wvfFind_event13145_trackID16_opNum8_merged.root → copied (ms_ch=8)
[PASS] wvfFind_event41453_trackID13_opNum9_merged.root → copied (ms_ch=9)
[PASS] wvfFind_event46623_trackID2_opNum9_merged.root → copied (ms_ch=9)
[PASS] wvfFind_event24833_trackID6_opNum7_merged.root → copied (ms_ch=7)
[PASS] wvfFind_event26376_trackID6_opNum9_merged.root → copied (ms_ch=9)
[SKIP] wvfFind_event14746_trackID7_opNum2.root (ms_ch=2)
[PASS] wvfFind_event1435_trackID6_opNum9_merged.root → copied (ms_ch=9)
[PASS] wvfFind_event33173_trackID2_opNum9_merged.root → copied (ms_ch=9)
[PASS] wvfFind_event34149_trackID15_opNum5_merged.root → copied (ms_ch=5)
[PASS] wvfFind_event14376_trackID18_opNum3_merged.root → copied (ms_ch=3)
[PASS] wvfFind_event20435_trackID13_opNum9_merged.root → copied (ms_ch=9)
[SKIP] wvfFind_event13456_trackID1_opNum2_merged.root (ms_ch=2)
[PASS] wvfFind_event17438_trackID4_opNum9_merged.root → copied (ms_ch=9)
[PASS] wvfFind_event20733_trackID4_opNum8_merged.root → copied (ms_ch=8)
[SKIP] wvfFind_event22118_trackID16_opNum1_merged.root (ms_ch=1)
[PASS] wvfFind_event22699_trackID8_opNum9_merged.root → copied (ms_ch=9)
[PASS] wvfFind_event12017_trackID19_opNum8_merged.root → copied (ms_ch=8)
[PASS] wvfFind_event40294_trackID5_opNum8_merged.root → copied (ms_ch=8)
[PASS] wvfFind_event22384_trackID9_opNum9_merged.root → copied (ms_ch=9)
[PASS] wvfFind_event18767_trackID24_opNum6_merged.root → copied (ms_ch=6)
[PASS] wvfFind_event5205_trackID3_opNum4_merged.root → copied (ms_ch=4)
[SKIP] wvfFind_event41775_trackID4_opNum2_merged.root (ms_ch=2)
[PASS] wvfFind_event24144_trackID1_opNum5_merged.root → copied (ms_ch=5)
[SKIP] wvfFind_event32258_trackID14_opNum2_merged.root (ms_ch=2)
[PASS] wvfFind_event45243_trackID19_opNum9_merged.root → copied (ms_ch=9)
[SKIP] wvfFind_event6129_trackID11_opNum1_merged.root (ms_ch=1)
[PASS] wvfFind_event38812_trackID19_opNum5_merged.root → copied (ms_ch=5)
[PASS] wvfFind_event3444_trackID25_opNum4_merged.root → copied (ms_ch=4)
[PASS] wvfFind_event39444_trackID17_opNum5_merged.root → copied (ms_ch=5)
[SKIP] wvfFind_event12680_trackID33_opNum2_merged.root (ms_ch=2)
[PASS] wvfFind_event24282_trackID21_opNum6_merged.root → copied (ms_ch=6)
[PASS] wvfFind_event12329_trackID1_opNum9_merged.root → copied (ms_ch=9)
[PASS] wvfFind_event3132_trackID4_opNum3_merged.root → copied (ms_ch=3)
[PASS] wvfFind_event26091_trackID7_opNum8_merged.root → copied (ms_ch=8)
[PASS] wvfFind_event23152_trackID16_opNum9_merged.root → copied (ms_ch=9)
[PASS] wvfFind_event39180_trackID8_opNum4_merged.root → copied (ms_ch=4)
[PASS] wvfFind_event33021_trackID6_opNum9_merged.root → copied (ms_ch=9)
[PASS] wvfFind_event5274_trackID6_opNum9_merged.root → copied (ms_ch=9)
[PASS] wvfFind_event33069_trackID8_opNum9_merged.root → copied (ms_ch=9)
[PASS] wvfFind_event43804_trackID5_opNum3_merged.root → copied (ms_ch=3)
[PASS] wvfFind_event9582_trackID5_opNum9_merged.root → copied (ms_ch=9)
[PASS] wvfFind_event13969_trackID7_opNum9_merged.root → copied (ms_ch=9)
[PASS] wvfFind_event42958_trackID9_opNum9_merged.root → copied (ms_ch=9)
[PASS] wvfFind_event14379_trackID11_opNum5_merged.root → copied (ms_ch=5)
[PASS] wvfFind_event27729_trackID19_opNum3_merged.root → copied (ms_ch=3)
[PASS] wvfFind_event25606_trackID12_opNum8_merged.root → copied (ms_ch=8)
[PASS] wvfFind_event2460_trackID14_opNum8_merged.root → copied (ms_ch=8)
[PASS] wvfFind_event25136_trackID9_opNum9_merged.root → copied (ms_ch=9)
[SKIP] wvfFind_event31528_trackID6_opNum2_merged.root (ms_ch=2)
[PASS] wvfFind_event43572_trackID1_opNum9_merged.root → copied (ms_ch=9)
[PASS] wvfFind_event38683_trackID5_opNum9_merged.root → copied (ms_ch=9)
[PASS] wvfFind_event21130_trackID15_opNum5_merged.root → copied (ms_ch=5)
[PASS] wvfFind_event16843_trackID16_opNum9_merged.root → copied (ms_ch=9)
[PASS] wvfFind_event19042_trackID8_opNum9_merged.root → copied (ms_ch=9)
[SKIP] wvfFind_event9817_trackID4_opNum2_merged.root (ms_ch=2)
[PASS] wvfFind_event20859_trackID5_opNum9_merged.root → copied (ms_ch=9)
[PASS] wvfFind_event44785_trackID5_opNum9_merged.root → copied (ms_ch=9)
[SKIP] wvfFind_event24308_trackID24_opNum2.root (ms_ch=2)
[PASS] wvfFind_event26948_trackID9_opNum9_merged.root → copied (ms_ch=9)
[PASS] wvfFind_event39349_trackID14_opNum3_merged.root → copied (ms_ch=3)
[PASS] wvfFind_event32267_trackID2_opNum9_merged.root → copied (ms_ch=9)
[PASS] wvfFind_event10281_trackID4_opNum8_merged.root → copied (ms_ch=8)
[PASS] wvfFind_event20436_trackID1_opNum9_merged.root → copied (ms_ch=9)
[PASS] wvfFind_event6047_trackID2_opNum9_merged.root → copied (ms_ch=9)
[PASS] wvfFind_event43796_trackID15_opNum8_merged.root → copied (ms_ch=8)
[PASS] wvfFind_event45250_trackID14_opNum3_merged.root → copied (ms_ch=3)
[SKIP] wvfFind_event7770_trackID23_opNum1_merged.root (ms_ch=1)
[PASS] wvfFind_event25195_trackID16_opNum9_merged.root → copied (ms_ch=9)
[PASS] wvfFind_event25102_trackID2_opNum9_merged.root → copied (ms_ch=9)
[PASS] wvfFind_event10779_trackID17_opNum9_merged.root → copied (ms_ch=9)
[PASS] wvfFind_event40581_trackID6_opNum6_merged.root → copied (ms_ch=6)
[PASS] wvfFind_event503_trackID8_opNum5_merged.root → copied (ms_ch=5)
[PASS] wvfFind_event43744_trackID14_opNum5_merged.root → copied (ms_ch=5)
[PASS] wvfFind_event39283_trackID23_opNum7_merged.root → copied (ms_ch=7)
[PASS] wvfFind_event14228_trackID1_opNum9_merged.root → copied (ms_ch=9)
[PASS] wvfFind_event19142_trackID12_opNum9_merged.root → copied (ms_ch=9)
[PASS] wvfFind_event5451_trackID10_opNum8_merged.root → copied (ms_ch=8)
[PASS] wvfFind_event16578_trackID0_opNum9_merged.root → copied (ms_ch=9)
[PASS] wvfFind_event25494_trackID15_opNum9_merged.root → copied (ms_ch=9)
[PASS] wvfFind_event41928_trackID4_opNum6_merged.root → copied (ms_ch=6)
[PASS] wvfFind_event24401_trackID14_opNum9_merged.root → copied (ms_ch=9)
[PASS] wvfFind_event13765_trackID6_opNum3_merged.root → copied (ms_ch=3)
[PASS] wvfFind_event35928_trackID4_opNum3_merged.root → copied (ms_ch=3)
[PASS] wvfFind_event11754_trackID22_opNum9_merged.root → copied (ms_ch=9)
[PASS] wvfFind_event45801_trackID14_opNum9_merged.root → copied (ms_ch=9)
[PASS] wvfFind_event46987_trackID12_opNum9_merged.root → copied (ms_ch=9)
[PASS] wvfFind_event42740_trackID11_opNum9_merged.root → copied (ms_ch=9)
[PASS] wvfFind_event1277_trackID9_opNum8_merged.root → copied (ms_ch=8)
[PASS] wvfFind_event27180_trackID11_opNum5_merged.root → copied (ms_ch=5)
[PASS] wvfFind_event11160_trackID16_opNum7_merged.root → copied (ms_ch=7)
[PASS] wvfFind_event16505_trackID6_opNum3_merged.root → copied (ms_ch=3)
[PASS] wvfFind_event18023_trackID21_opNum5_merged.root → copied (ms_ch=5)
[PASS] wvfFind_event19156_trackID13_opNum9_merged.root → copied (ms_ch=9)
[PASS] wvfFind_event41872_trackID17_opNum7_merged.root → copied (ms_ch=7)
[PASS] wvfFind_event45208_trackID0_opNum3_merged.root → copied (ms_ch=3)
[PASS] wvfFind_event18826_trackID10_opNum9_merged.root → copied (ms_ch=9)
[PASS] wvfFind_event45656_trackID13_opNum9_merged.root → copied (ms_ch=9)
[PASS] wvfFind_event10694_trackID0_opNum5_merged.root → copied (ms_ch=5)
[SKIP] wvfFind_event5237_trackID7_opNum1_merged.root (ms_ch=1)
[PASS] wvfFind_event18003_trackID12_opNum8_merged.root → copied (ms_ch=8)
[PASS] wvfFind_event12661_trackID10_opNum6_merged.root → copied (ms_ch=6)
[PASS] wvfFind_event17441_trackID9_opNum6_merged.root → copied (ms_ch=6)
[PASS] wvfFind_event39543_trackID11_opNum4_merged.root → copied (ms_ch=4)
[PASS] wvfFind_event29247_trackID4_opNum5_merged.root → copied (ms_ch=5)
[PASS] wvfFind_event6540_trackID15_opNum3_merged.root → copied (ms_ch=3)
[PASS] wvfFind_event39817_trackID10_opNum9_merged.root → copied (ms_ch=9)
[PASS] wvfFind_event30923_trackID3_opNum6_merged.root → copied (ms_ch=6)
[SKIP] wvfFind_event21139_trackID2_opNum2_merged.root (ms_ch=2)
[PASS] wvfFind_event17743_trackID7_opNum9.root → copied (ms_ch=9)
[PASS] wvfFind_event11874_trackID7_opNum8_merged.root → copied (ms_ch=8)
[PASS] wvfFind_event12213_trackID13_opNum9_merged.root → copied (ms_ch=9)
[PASS] wvfFind_event12349_trackID9_opNum5_merged.root → copied (ms_ch=5)
[PASS] wvfFind_event18019_trackID14_opNum5_merged.root → copied (ms_ch=5)
[SKIP] wvfFind_event3134_trackID11_opNum2.root (ms_ch=2)
[PASS] wvfFind_event20465_trackID22_opNum3_merged.root → copied (ms_ch=3)
[SKIP] wvfFind_event42862_trackID5_opNum1_merged.root (ms_ch=1)
[PASS] wvfFind_event13310_trackID5_opNum9_merged.root → copied (ms_ch=9)
[PASS] wvfFind_event5041_trackID1_opNum9_merged.root → copied (ms_ch=9)
[PASS] wvfFind_event12955_trackID6_opNum6_merged.root → copied (ms_ch=6)
[PASS] wvfFind_event13056_trackID11_opNum9_merged.root → copied (ms_ch=9)
[PASS] wvfFind_event16667_trackID14_opNum6_merged.root → copied (ms_ch=6)
[PASS] wvfFind_event17586_trackID10_opNum6_merged.root → copied (ms_ch=6)
[PASS] wvfFind_event31084_trackID9_opNum7_merged.root → copied (ms_ch=7)
[PASS] wvfFind_event44208_trackID0_opNum5_merged.root → copied (ms_ch=5)
[PASS] wvfFind_event1273_trackID0_opNum6_merged.root → copied (ms_ch=6)
[PASS] wvfFind_event1648_trackID2_opNum9_merged.root → copied (ms_ch=9)
[PASS] wvfFind_event44337_trackID14_opNum9_merged.root → copied (ms_ch=9)
[PASS] wvfFind_event43562_trackID0_opNum9_merged.root → copied (ms_ch=9)
[PASS] wvfFind_event30554_trackID4_opNum9_merged.root → copied (ms_ch=9)
[PASS] wvfFind_event15476_trackID1_opNum9_merged.root → copied (ms_ch=9)
[PASS] wvfFind_event17384_trackID8_opNum6_merged.root → copied (ms_ch=6)
[PASS] wvfFind_event23540_trackID0_opNum9_merged.root → copied (ms_ch=9)
[PASS] wvfFind_event11966_trackID3_opNum9_merged.root → copied (ms_ch=9)
[PASS] wvfFind_event25202_trackID3_opNum9_merged.root → copied (ms_ch=9)
[PASS] wvfFind_event17853_trackID8_opNum9_merged.root → copied (ms_ch=9)
[PASS] wvfFind_event34087_trackID13_opNum7_merged.root → copied (ms_ch=7)
[PASS] wvfFind_event13037_trackID9_opNum3_merged.root → copied (ms_ch=3)
[PASS] wvfFind_event42307_trackID13_opNum9_merged.root → copied (ms_ch=9)
[PASS] wvfFind_event11212_trackID10_opNum8_merged.root → copied (ms_ch=8)
[PASS] wvfFind_event48298_trackID12_opNum8_merged.root → copied (ms_ch=8)
[PASS] wvfFind_event20886_trackID5_opNum9_merged.root → copied (ms_ch=9)
[PASS] wvfFind_event5199_trackID7_opNum4_merged.root → copied (ms_ch=4)
[PASS] wvfFind_event21464_trackID17_opNum9_merged.root → copied (ms_ch=9)
[PASS] wvfFind_event29905_trackID8_opNum9_merged.root → copied (ms_ch=9)
[PASS] wvfFind_event22891_trackID14_opNum9_merged.root → copied (ms_ch=9)
[PASS] wvfFind_event7887_trackID39_opNum3_merged.root → copied (ms_ch=3)
[PASS] wvfFind_event33023_trackID15_opNum9_merged.root → copied (ms_ch=9)
[PASS] wvfFind_event1851_trackID4_opNum9_merged.root → copied (ms_ch=9)
[PASS] wvfFind_event8214_trackID30_opNum9_merged.root → copied (ms_ch=9)
[PASS] wvfFind_event42291_trackID7_opNum7_merged.root → copied (ms_ch=7)
[PASS] wvfFind_event27171_trackID13_opNum9_merged.root → copied (ms_ch=9)
[SKIP] wvfFind_event35698_trackID26_opNum2_merged.root (ms_ch=2)
[PASS] wvfFind_event12361_trackID13_opNum8_merged.root → copied (ms_ch=8)
[PASS] wvfFind_event25058_trackID5_opNum8_merged.root → copied (ms_ch=8)
[PASS] wvfFind_event48174_trackID23_opNum9_merged.root → copied (ms_ch=9)
[PASS] wvfFind_event9933_trackID14_opNum9_merged.root → copied (ms_ch=9)
[PASS] wvfFind_event3075_trackID7_opNum9_merged.root → copied (ms_ch=9)
[PASS] wvfFind_event14019_trackID3_opNum9_merged.root → copied (ms_ch=9)
[PASS] wvfFind_event41186_trackID3_opNum5_merged.root → copied (ms_ch=5)
[PASS] wvfFind_event44994_trackID11_opNum7_merged.root → copied (ms_ch=7)
[PASS] wvfFind_event7485_trackID6_opNum6_merged.root → copied (ms_ch=6)
[PASS] wvfFind_event2768_trackID14_opNum9_merged.root → copied (ms_ch=9)
[PASS] wvfFind_event20803_trackID21_opNum6_merged.root → copied (ms_ch=6)
[PASS] wvfFind_event3019_trackID4_opNum4_merged.root → copied (ms_ch=4)
[PASS] wvfFind_event43227_trackID2_opNum6_merged.root → copied (ms_ch=6)
[PASS] wvfFind_event29710_trackID4_opNum6_merged.root → copied (ms_ch=6)
[PASS] wvfFind_event3358_trackID3_opNum9_merged.root → copied (ms_ch=9)
[PASS] wvfFind_event6730_trackID23_opNum8_merged.root → copied (ms_ch=8)
[PASS] wvfFind_event35628_trackID26_opNum9_merged.root → copied (ms_ch=9)
[PASS] wvfFind_event23979_trackID15_opNum6_merged.root → copied (ms_ch=6)
[PASS] wvfFind_event17833_trackID5_opNum3_merged.root → copied (ms_ch=3)
[PASS] wvfFind_event47961_trackID17_opNum8_merged.root → copied (ms_ch=8)
[PASS] wvfFind_event7574_trackID1_opNum5_merged.root → copied (ms_ch=5)
[PASS] wvfFind_event28835_trackID10_opNum9_merged.root → copied (ms_ch=9)
[PASS] wvfFind_event30922_trackID10_opNum9_merged.root → copied (ms_ch=9)
[PASS] wvfFind_event21588_trackID20_opNum6_merged.root → copied (ms_ch=6)
[PASS] wvfFind_event35977_trackID12_opNum9_merged.root → copied (ms_ch=9)
[SKIP] wvfFind_event43194_trackID27_opNum1_merged.root (ms_ch=1)
[SKIP] wvfFind_event6224_trackID16_opNum2_merged.root (ms_ch=2)
[PASS] wvfFind_event47598_trackID19_opNum9_merged.root → copied (ms_ch=9)
[PASS] wvfFind_event22160_trackID6_opNum5_merged.root → copied (ms_ch=5)
[PASS] wvfFind_event16157_trackID6_opNum6_merged.root → copied (ms_ch=6)
[PASS] wvfFind_event6191_trackID6_opNum5_merged.root → copied (ms_ch=5)
[PASS] wvfFind_event3510_trackID14_opNum9_merged.root → copied (ms_ch=9)
[PASS] wvfFind_event46743_trackID1_opNum9_merged.root → copied (ms_ch=9)
[PASS] wvfFind_event16934_trackID9_opNum5_merged.root → copied (ms_ch=5)
[SKIP] wvfFind_event1433_trackID5_opNum2_merged.root (ms_ch=2)
[PASS] wvfFind_event26824_trackID1_opNum8_merged.root → copied (ms_ch=8)
[PASS] wvfFind_event14836_trackID1_opNum9_merged.root → copied (ms_ch=9)
[PASS] wvfFind_event9813_trackID3_opNum9_merged.root → copied (ms_ch=9)
[PASS] wvfFind_event39685_trackID13_opNum9_merged.root → copied (ms_ch=9)
[PASS] wvfFind_event17891_trackID24_opNum3_merged.root → copied (ms_ch=3)
[PASS] wvfFind_event20842_trackID5_opNum4_merged.root → copied (ms_ch=4)
[PASS] wvfFind_event21831_trackID1_opNum9_merged.root → copied (ms_ch=9)
[PASS] wvfFind_event2053_trackID6_opNum4_merged.root → copied (ms_ch=4)
[PASS] wvfFind_event1498_trackID6_opNum5_merged.root → copied (ms_ch=5)
[PASS] wvfFind_event14787_trackID8_opNum8_merged.root → copied (ms_ch=8)
[PASS] wvfFind_event15709_trackID0_opNum8_merged.root → copied (ms_ch=8)
[PASS] wvfFind_event2415_trackID15_opNum5_merged.root → copied (ms_ch=5)
[PASS] wvfFind_event4230_trackID15_opNum8_merged.root → copied (ms_ch=8)
[PASS] wvfFind_event45120_trackID2_opNum9_merged.root → copied (ms_ch=9)
[PASS] wvfFind_event27190_trackID8_opNum5_merged.root → copied (ms_ch=5)
[PASS] wvfFind_event862_trackID2_opNum5_merged.root → copied (ms_ch=5)
[PASS] wvfFind_event15917_trackID6_opNum9_merged.root → copied (ms_ch=9)
[PASS] wvfFind_event24578_trackID19_opNum7_merged.root → copied (ms_ch=7)
[PASS] wvfFind_event939_trackID22_opNum8_merged.root → copied (ms_ch=8)
[PASS] wvfFind_event17985_trackID16_opNum9_merged.root → copied (ms_ch=9)
[PASS] wvfFind_event1090_trackID3_opNum5_merged.root → copied (ms_ch=5)
[PASS] wvfFind_event35871_trackID12_opNum5_merged.root → copied (ms_ch=5)
[SKIP] wvfFind_event10727_trackID6_opNum1_merged.root (ms_ch=1)
[PASS] wvfFind_event18781_trackID22_opNum9_merged.root → copied (ms_ch=9)
[PASS] wvfFind_event20291_trackID7_opNum9_merged.root → copied (ms_ch=9)
[PASS] wvfFind_event26145_trackID7_opNum4_merged.root → copied (ms_ch=4)
[PASS] wvfFind_event39665_trackID1_opNum9_merged.root → copied (ms_ch=9)
[PASS] wvfFind_event44501_trackID2_opNum9_merged.root → copied (ms_ch=9)
[PASS] wvfFind_event8214_trackID8_opNum9_merged.root → copied (ms_ch=9)
[PASS] wvfFind_event43448_trackID4_opNum9_merged.root → copied (ms_ch=9)
[PASS] wvfFind_event16988_trackID17_opNum9_merged.root → copied (ms_ch=9)
[PASS] wvfFind_event15857_trackID0_opNum4_merged.root → copied (ms_ch=4)
[PASS] wvfFind_event48187_trackID26_opNum3_merged.root → copied (ms_ch=3)
[PASS] wvfFind_event34252_trackID19_opNum9.root → copied (ms_ch=9)
[PASS] wvfFind_event5363_trackID19_opNum3_merged.root → copied (ms_ch=3)
[PASS] wvfFind_event10923_trackID8_opNum4_merged.root → copied (ms_ch=4)
[PASS] wvfFind_event22475_trackID18_opNum9_merged.root → copied (ms_ch=9)
[PASS] wvfFind_event3885_trackID16_opNum8_merged.root → copied (ms_ch=8)
[PASS] wvfFind_event25132_trackID16_opNum9_merged.root → copied (ms_ch=9)
[PASS] wvfFind_event105_trackID4_opNum7_merged.root → copied (ms_ch=7)
[PASS] wvfFind_event22163_trackID4_opNum9_merged.root → copied (ms_ch=9)
[PASS] wvfFind_event23251_trackID7_opNum9_merged.root → copied (ms_ch=9)
[PASS] wvfFind_event43344_trackID2_opNum4_merged.root → copied (ms_ch=4)
[PASS] wvfFind_event9747_trackID11_opNum6_merged.root → copied (ms_ch=6)
[PASS] wvfFind_event44781_trackID0_opNum9_merged.root → copied (ms_ch=9)
[PASS] wvfFind_event24377_trackID20_opNum8_merged.root → copied (ms_ch=8)
[PASS] wvfFind_event4399_trackID11_opNum6_merged.root → copied (ms_ch=6)
[PASS] wvfFind_event39697_trackID24_opNum9_merged.root → copied (ms_ch=9)
[PASS] wvfFind_event3642_trackID14_opNum4_merged.root → copied (ms_ch=4)
[PASS] wvfFind_event38670_trackID15_opNum7_merged.root → copied (ms_ch=7)
[PASS] wvfFind_event22273_trackID16_opNum6_merged.root → copied (ms_ch=6)
[PASS] wvfFind_event30134_trackID0_opNum9_merged.root → copied (ms_ch=9)
[SKIP] wvfFind_event15577_trackID3_opNum2_merged.root (ms_ch=2)
[PASS] wvfFind_event24430_trackID14_opNum9_merged.root → copied (ms_ch=9)
[PASS] wvfFind_event19842_trackID6_opNum9_merged.root → copied (ms_ch=9)
[PASS] wvfFind_event4747_trackID8_opNum5_merged.root → copied (ms_ch=5)
[PASS] wvfFind_event8583_trackID9_opNum5.root → copied (ms_ch=5)
[PASS] wvfFind_event48273_trackID17_opNum7_merged.root → copied (ms_ch=7)
[PASS] wvfFind_event796_trackID5_opNum9_merged.root → copied (ms_ch=9)
[PASS] wvfFind_event43585_trackID10_opNum9_merged.root → copied (ms_ch=9)
[PASS] wvfFind_event41837_trackID13_opNum9.root → copied (ms_ch=9)
[PASS] wvfFind_event7950_trackID9_opNum9_merged.root → copied (ms_ch=9)
[PASS] wvfFind_event16292_trackID0_opNum9_merged.root → copied (ms_ch=9)
[PASS] wvfFind_event1315_trackID15_opNum9_merged.root → copied (ms_ch=9)
[PASS] wvfFind_event27366_trackID16_opNum9_merged.root → copied (ms_ch=9)
[PASS] wvfFind_event3202_trackID8_opNum6_merged.root → copied (ms_ch=6)
[SKIP] wvfFind_event46310_trackID27_opNum1_merged.root (ms_ch=1)
[PASS] wvfFind_event9965_trackID25_opNum9_merged.root → copied (ms_ch=9)
[PASS] wvfFind_event18689_trackID27_opNum3_merged.root → copied (ms_ch=3)
[PASS] wvfFind_event41655_trackID11_opNum5_merged.root → copied (ms_ch=5)
[PASS] wvfFind_event39691_trackID1_opNum4.root → copied (ms_ch=4)
[PASS] wvfFind_event10463_trackID6_opNum8_merged.root → copied (ms_ch=8)
[PASS] wvfFind_event13746_trackID3_opNum9_merged.root → copied (ms_ch=9)
[PASS] wvfFind_event20809_trackID4_opNum8_merged.root → copied (ms_ch=8)
[PASS] wvfFind_event32489_trackID2_opNum5.root → copied (ms_ch=5)
[PASS] wvfFind_event22777_trackID6_opNum9_merged.root → copied (ms_ch=9)
[PASS] wvfFind_event41001_trackID7_opNum9_merged.root → copied (ms_ch=9)
[PASS] wvfFind_event45023_trackID19_opNum7_merged.root → copied (ms_ch=7)
[PASS] wvfFind_event24299_trackID2_opNum6_merged.root → copied (ms_ch=6)
[PASS] wvfFind_event19546_trackID7_opNum9_merged.root → copied (ms_ch=9)
[PASS] wvfFind_event490_trackID8_opNum9_merged.root → copied (ms_ch=9)
[PASS] wvfFind_event17859_trackID18_opNum9_merged.root → copied (ms_ch=9)
[PASS] wvfFind_event35691_trackID6_opNum5_merged.root → copied (ms_ch=5)
[SKIP] wvfFind_event22050_trackID1_opNum2_merged.root (ms_ch=2)
[PASS] wvfFind_event18832_trackID10_opNum7_merged.root → copied (ms_ch=7)
[PASS] wvfFind_event31576_trackID7_opNum9_merged.root → copied (ms_ch=9)
[PASS] wvfFind_event3096_trackID8_opNum5_merged.root → copied (ms_ch=5)
[PASS] wvfFind_event24587_trackID24_opNum9_merged.root → copied (ms_ch=9)
[PASS] wvfFind_event5598_trackID12_opNum6_merged.root → copied (ms_ch=6)
[PASS] wvfFind_event45049_trackID4_opNum4_merged.root → copied (ms_ch=4)
[PASS] wvfFind_event5299_trackID17_opNum8_merged.root → copied (ms_ch=8)
[SKIP] wvfFind_event46846_trackID3_opNum2_merged.root (ms_ch=2)
[PASS] wvfFind_event20761_trackID1_opNum9_merged.root → copied (ms_ch=9)
[PASS] wvfFind_event1878_trackID9_opNum9_merged.root → copied (ms_ch=9)
[PASS] wvfFind_event16118_trackID4_opNum9_merged.root → copied (ms_ch=9)
[PASS] wvfFind_event27991_trackID14_opNum6_merged.root → copied (ms_ch=6)
[PASS] wvfFind_event23094_trackID6_opNum4_merged.root → copied (ms_ch=4)
[PASS] wvfFind_event17526_trackID13_opNum7_merged.root → copied (ms_ch=7)
[PASS] wvfFind_event7093_trackID0_opNum7_merged.root → copied (ms_ch=7)
[PASS] wvfFind_event3116_trackID22_opNum4_merged.root → copied (ms_ch=4)
[PASS] wvfFind_event40618_trackID7_opNum9_merged.root → copied (ms_ch=9)
[PASS] wvfFind_event24293_trackID4_opNum9_merged.root → copied (ms_ch=9)
[PASS] wvfFind_event7097_trackID9_opNum9_merged.root → copied (ms_ch=9)
[PASS] wvfFind_event10577_trackID3_opNum9_merged.root → copied (ms_ch=9)
[PASS] wvfFind_event25926_trackID6_opNum9_merged.root → copied (ms_ch=9)
[PASS] wvfFind_event33877_trackID11_opNum9_merged.root → copied (ms_ch=9)
[PASS] wvfFind_event42987_trackID9_opNum9_merged.root → copied (ms_ch=9)
[PASS] wvfFind_event27719_trackID4_opNum9_merged.root → copied (ms_ch=9)
[PASS] wvfFind_event1650_trackID10_opNum9_merged.root → copied (ms_ch=9)
[PASS] wvfFind_event8447_trackID25_opNum7_merged.root → copied (ms_ch=7)
[PASS] wvfFind_event11691_trackID23_opNum9_merged.root → copied (ms_ch=9)
[SKIP] wvfFind_event1847_trackID0_opNum1_merged.root (ms_ch=1)
[PASS] wvfFind_event20937_trackID9_opNum8_merged.root → copied (ms_ch=8)
[PASS] wvfFind_event4927_trackID5_opNum9_merged.root → copied (ms_ch=9)
[PASS] wvfFind_event11701_trackID10_opNum9_merged.root → copied (ms_ch=9)
[PASS] wvfFind_event26229_trackID22_opNum9_merged.root → copied (ms_ch=9)
[PASS] wvfFind_event45120_trackID13_opNum9_merged.root → copied (ms_ch=9)
[PASS] wvfFind_event2974_trackID14_opNum9_merged.root → copied (ms_ch=9)
[PASS] wvfFind_event49622_trackID15_opNum9_merged.root → copied (ms_ch=9)
[PASS] wvfFind_event8204_trackID9_opNum9_merged.root → copied (ms_ch=9)
[PASS] wvfFind_event16230_trackID5_opNum6_merged.root → copied (ms_ch=6)
[PASS] wvfFind_event2763_trackID9_opNum6_merged.root → copied (ms_ch=6)
[PASS] wvfFind_event26300_trackID9_opNum8_merged.root → copied (ms_ch=8)
[PASS] wvfFind_event18394_trackID3_opNum9_merged.root → copied (ms_ch=9)
[PASS] wvfFind_event15684_trackID8_opNum9.root → copied (ms_ch=9)
[SKIP] wvfFind_event2062_trackID31_opNum1_merged.root (ms_ch=1)
[PASS] wvfFind_event10428_trackID13_opNum9_merged.root → copied (ms_ch=9)
[PASS] wvfFind_event43690_trackID7_opNum9_merged.root → copied (ms_ch=9)
[PASS] wvfFind_event7714_trackID16_opNum9_merged.root → copied (ms_ch=9)
[PASS] wvfFind_event15990_trackID15_opNum8_merged.root → copied (ms_ch=8)
[PASS] wvfFind_event24500_trackID6_opNum8_merged.root → copied (ms_ch=8)
[PASS] wvfFind_event3883_trackID7_opNum9_merged.root → copied (ms_ch=9)
[PASS] wvfFind_event41234_trackID3_opNum9_merged.root → copied (ms_ch=9)
[PASS] wvfFind_event14839_trackID12_opNum8_merged.root → copied (ms_ch=8)
[PASS] wvfFind_event43949_trackID10_opNum9_merged.root → copied (ms_ch=9)
[PASS] wvfFind_event12993_trackID15_opNum5_merged.root → copied (ms_ch=5)
[PASS] wvfFind_event25072_trackID3_opNum9_merged.root → copied (ms_ch=9)
[PASS] wvfFind_event27547_trackID21_opNum7_merged.root → copied (ms_ch=7)
[PASS] wvfFind_event3718_trackID6_opNum9_merged.root → copied (ms_ch=9)
[PASS] wvfFind_event17203_trackID4_opNum9_merged.root → copied (ms_ch=9)
[PASS] wvfFind_event28435_trackID9_opNum9_merged.root → copied (ms_ch=9)
[PASS] wvfFind_event17377_trackID17_opNum9_merged.root → copied (ms_ch=9)
[PASS] wvfFind_event30936_trackID12_opNum9_merged.root → copied (ms_ch=9)
[PASS] wvfFind_event20148_trackID16_opNum8_merged.root → copied (ms_ch=8)
[PASS] wvfFind_event11261_trackID31_opNum3_merged.root → copied (ms_ch=3)
[PASS] wvfFind_event13133_trackID1_opNum9_merged.root → copied (ms_ch=9)
[PASS] wvfFind_event43723_trackID15_opNum9_merged.root → copied (ms_ch=9)
[PASS] wvfFind_event17526_trackID5_opNum9_merged.root → copied (ms_ch=9)
[PASS] wvfFind_event22383_trackID15_opNum9_merged.root → copied (ms_ch=9)
[PASS] wvfFind_event16047_trackID9_opNum9_merged.root → copied (ms_ch=9)
[PASS] wvfFind_event14915_trackID4_opNum9_merged.root → copied (ms_ch=9)
[PASS] wvfFind_event1118_trackID12_opNum9_merged.root → copied (ms_ch=9)
[PASS] wvfFind_event13383_trackID21_opNum9_merged.root → copied (ms_ch=9)
[PASS] wvfFind_event5048_trackID16_opNum8_merged.root → copied (ms_ch=8)
[PASS] wvfFind_event21972_trackID14_opNum3_merged.root → copied (ms_ch=3)
[PASS] wvfFind_event26828_trackID10_opNum9_merged.root → copied (ms_ch=9)
[PASS] wvfFind_event4367_trackID5_opNum9_merged.root → copied (ms_ch=9)
[PASS] wvfFind_event24877_trackID12_opNum9.root → copied (ms_ch=9)
[PASS] wvfFind_event41927_trackID32_opNum9_merged.root → copied (ms_ch=9)
[PASS] wvfFind_event43818_trackID19_opNum4_merged.root → copied (ms_ch=4)
[PASS] wvfFind_event19132_trackID9_opNum9_merged.root → copied (ms_ch=9)
[PASS] wvfFind_event39758_trackID5_opNum3_merged.root → copied (ms_ch=3)
[PASS] wvfFind_event2079_trackID7_opNum8_merged.root → copied (ms_ch=8)
[PASS] wvfFind_event20297_trackID11_opNum8_merged.root → copied (ms_ch=8)
[PASS] wvfFind_event37833_trackID9_opNum9_merged.root → copied (ms_ch=9)
[PASS] wvfFind_event25280_trackID21_opNum3_merged.root → copied (ms_ch=3)
[PASS] wvfFind_event43740_trackID24_opNum8_merged.root → copied (ms_ch=8)
[PASS] wvfFind_event30811_trackID7_opNum9_merged.root → copied (ms_ch=9)
[PASS] wvfFind_event40250_trackID11_opNum9_merged.root → copied (ms_ch=9)
[PASS] wvfFind_event42035_trackID14_opNum9.root → copied (ms_ch=9)
[PASS] wvfFind_event26996_trackID29_opNum5_merged.root → copied (ms_ch=5)
[SKIP] wvfFind_event11754_trackID25_opNum1_merged.root (ms_ch=1)
[PASS] wvfFind_event13527_trackID3_opNum8_merged.root → copied (ms_ch=8)
[PASS] wvfFind_event42999_trackID3_opNum5_merged.root → copied (ms_ch=5)
[PASS] wvfFind_event2191_trackID2_opNum5_merged.root → copied (ms_ch=5)
[PASS] wvfFind_event43125_trackID8_opNum8_merged.root → copied (ms_ch=8)
[PASS] wvfFind_event6053_trackID5_opNum9_merged.root → copied (ms_ch=9)
[PASS] wvfFind_event11474_trackID10_opNum4_merged.root → copied (ms_ch=4)
[PASS] wvfFind_event275_trackID3_opNum5_merged.root → copied (ms_ch=5)
[PASS] wvfFind_event42393_trackID0_opNum8_merged.root → copied (ms_ch=8)
[PASS] wvfFind_event42996_trackID17_opNum9_merged.root → copied (ms_ch=9)
[PASS] wvfFind_event19678_trackID26_opNum4_merged.root → copied (ms_ch=4)
[SKIP] wvfFind_event7666_trackID30_opNum2_merged.root (ms_ch=2)
[SKIP] wvfFind_event30661_trackID12_opNum2_merged.root (ms_ch=2)
[PASS] wvfFind_event1615_trackID14_opNum9_merged.root → copied (ms_ch=9)
[PASS] wvfFind_event218_trackID15_opNum9_merged.root → copied (ms_ch=9)
[PASS] wvfFind_event9609_trackID2_opNum6_merged.root → copied (ms_ch=6)
[PASS] wvfFind_event12323_trackID12_opNum3.root → copied (ms_ch=3)
[PASS] wvfFind_event44221_trackID11_opNum9_merged.root → copied (ms_ch=9)
[PASS] wvfFind_event16582_trackID8_opNum8_merged.root → copied (ms_ch=8)
[PASS] wvfFind_event5411_trackID18_opNum9_merged.root → copied (ms_ch=9)
[PASS] wvfFind_event31438_trackID5_opNum3_merged.root → copied (ms_ch=3)
[PASS] wvfFind_event1878_trackID26_opNum9_merged.root → copied (ms_ch=9)
[PASS] wvfFind_event4159_trackID11_opNum9_merged.root → copied (ms_ch=9)
[PASS] wvfFind_event40696_trackID4_opNum9_merged.root → copied (ms_ch=9)
[PASS] wvfFind_event19707_trackID16_opNum9_merged.root → copied (ms_ch=9)
[PASS] wvfFind_event7976_trackID9_opNum9_merged.root → copied (ms_ch=9)
[PASS] wvfFind_event41463_trackID8_opNum7_merged.root → copied (ms_ch=7)
[PASS] wvfFind_event44684_trackID6_opNum9_merged.root → copied (ms_ch=9)
[PASS] wvfFind_event25510_trackID5_opNum5_merged.root → copied (ms_ch=5)
[PASS] wvfFind_event1782_trackID10_opNum9_merged.root → copied (ms_ch=9)
[PASS] wvfFind_event2067_trackID4_opNum3.root → copied (ms_ch=3)
[PASS] wvfFind_event5606_trackID4_opNum9_merged.root → copied (ms_ch=9)
[PASS] wvfFind_event43722_trackID3_opNum9_merged.root → copied (ms_ch=9)
[PASS] wvfFind_event5225_trackID5_opNum9_merged.root → copied (ms_ch=9)
[PASS] wvfFind_event20074_trackID17_opNum5_merged.root → copied (ms_ch=5)
[PASS] wvfFind_event29766_trackID4_opNum9_merged.root → copied (ms_ch=9)
[PASS] wvfFind_event11718_trackID9_opNum9_merged.root → copied (ms_ch=9)
[PASS] wvfFind_event484_trackID21_opNum9_merged.root → copied (ms_ch=9)
[PASS] wvfFind_event19694_trackID13_opNum6_merged.root → copied (ms_ch=6)
[PASS] wvfFind_event19747_trackID5_opNum9_merged.root → copied (ms_ch=9)
[PASS] wvfFind_event1442_trackID6_opNum9_merged.root → copied (ms_ch=9)
[PASS] wvfFind_event31099_trackID0_opNum9_merged.root → copied (ms_ch=9)
[PASS] wvfFind_event15492_trackID7_opNum9_merged.root → copied (ms_ch=9)
[PASS] wvfFind_event16486_trackID31_opNum9_merged.root → copied (ms_ch=9)
[PASS] wvfFind_event19643_trackID15_opNum9_merged.root → copied (ms_ch=9)
[PASS] wvfFind_event43334_trackID5_opNum8_merged.root → copied (ms_ch=8)
[PASS] wvfFind_event14843_trackID14_opNum6_merged.root → copied (ms_ch=6)
[PASS] wvfFind_event14826_trackID3_opNum9_merged.root → copied (ms_ch=9)
[PASS] wvfFind_event39651_trackID13_opNum5_merged.root → copied (ms_ch=5)
[PASS] wvfFind_event17129_trackID1_opNum6_merged.root → copied (ms_ch=6)
[PASS] wvfFind_event15021_trackID5_opNum8_merged.root → copied (ms_ch=8)
[PASS] wvfFind_event42765_trackID6_opNum9_merged.root → copied (ms_ch=9)
[PASS] wvfFind_event25576_trackID14_opNum9_merged.root → copied (ms_ch=9)
[PASS] wvfFind_event43601_trackID13_opNum6_merged.root → copied (ms_ch=6)
[PASS] wvfFind_event7552_trackID6_opNum8_merged.root → copied (ms_ch=8)
[PASS] wvfFind_event24618_trackID2_opNum4_merged.root → copied (ms_ch=4)
[PASS] wvfFind_event49602_trackID4_opNum9_merged.root → copied (ms_ch=9)
[PASS] wvfFind_event43245_trackID5_opNum5.root → copied (ms_ch=5)
[SKIP] wvfFind_event8300_trackID2_opNum2.root (ms_ch=2)
[PASS] wvfFind_event23108_trackID26_opNum9_merged.root → copied (ms_ch=9)
[PASS] wvfFind_event18360_trackID14_opNum3_merged.root → copied (ms_ch=3)
[PASS] wvfFind_event28446_trackID2_opNum9_merged.root → copied (ms_ch=9)
[PASS] wvfFind_event10352_trackID12_opNum9_merged.root → copied (ms_ch=9)
[PASS] wvfFind_event3419_trackID7_opNum6_merged.root → copied (ms_ch=6)
[PASS] wvfFind_event19255_trackID7_opNum9_merged.root → copied (ms_ch=9)
[PASS] wvfFind_event30629_trackID21_opNum6_merged.root → copied (ms_ch=6)
[SKIP] wvfFind_event48172_trackID7_opNum2_merged.root (ms_ch=2)
[PASS] wvfFind_event11631_trackID9_opNum6_merged.root → copied (ms_ch=6)
[PASS] wvfFind_event24460_trackID17_opNum4_merged.root → copied (ms_ch=4)
[PASS] wvfFind_event14917_trackID6_opNum3.root → copied (ms_ch=3)
[PASS] wvfFind_event40618_trackID4_opNum9_merged.root → copied (ms_ch=9)
[PASS] wvfFind_event18245_trackID3_opNum9_merged.root → copied (ms_ch=9)
[PASS] wvfFind_event2018_trackID9_opNum8_merged.root → copied (ms_ch=8)
[PASS] wvfFind_event17538_trackID1_opNum5_merged.root → copied (ms_ch=5)
[PASS] wvfFind_event20052_trackID12_opNum8_merged.root → copied (ms_ch=8)
[PASS] wvfFind_event43499_trackID9_opNum6_merged.root → copied (ms_ch=6)
[PASS] wvfFind_event2861_trackID37_opNum6_merged.root → copied (ms_ch=6)
[PASS] wvfFind_event45836_trackID2_opNum6_merged.root → copied (ms_ch=6)
[PASS] wvfFind_event9609_trackID10_opNum9_merged.root → copied (ms_ch=9)
[PASS] wvfFind_event50_trackID4_opNum5_merged.root → copied (ms_ch=5)
[PASS] wvfFind_event17213_trackID8_opNum9_merged.root → copied (ms_ch=9)
[PASS] wvfFind_event43089_trackID5_opNum4_merged.root → copied (ms_ch=4)
[PASS] wvfFind_event45317_trackID2_opNum5.root → copied (ms_ch=5)
[PASS] wvfFind_event22343_trackID29_opNum9_merged.root → copied (ms_ch=9)
[PASS] wvfFind_event29292_trackID21_opNum9_merged.root → copied (ms_ch=9)
[PASS] wvfFind_event190_trackID1_opNum9_merged.root → copied (ms_ch=9)
[PASS] wvfFind_event43854_trackID5_opNum9_merged.root → copied (ms_ch=9)
[PASS] wvfFind_event31060_trackID13_opNum9_merged.root → copied (ms_ch=9)
[PASS] wvfFind_event37709_trackID21_opNum9_merged.root → copied (ms_ch=9)
[SKIP] wvfFind_event39250_trackID7_opNum1_merged.root (ms_ch=1)
[SKIP] wvfFind_event4918_trackID2_opNum1_merged.root (ms_ch=1)
[PASS] wvfFind_event27994_trackID17_opNum9_merged.root → copied (ms_ch=9)
[PASS] wvfFind_event16573_trackID5_opNum9_merged.root → copied (ms_ch=9)
[PASS] wvfFind_event8793_trackID15_opNum9_merged.root → copied (ms_ch=9)
[PASS] wvfFind_event7857_trackID15_opNum9_merged.root → copied (ms_ch=9)
[PASS] wvfFind_event14845_trackID4_opNum9_merged.root → copied (ms_ch=9)
[PASS] wvfFind_event25147_trackID26_opNum6_merged.root → copied (ms_ch=6)
[PASS] wvfFind_event20797_trackID3_opNum7_merged.root → copied (ms_ch=7)
[SKIP] wvfFind_event4809_trackID5_opNum2_merged.root (ms_ch=2)
[PASS] wvfFind_event17609_trackID2_opNum4_merged.root → copied (ms_ch=4)
[PASS] wvfFind_event15871_trackID20_opNum9_merged.root → copied (ms_ch=9)
[PASS] wvfFind_event3905_trackID5_opNum9_merged.root → copied (ms_ch=9)
[PASS] wvfFind_event25248_trackID10_opNum9_merged.root → copied (ms_ch=9)
[PASS] wvfFind_event43120_trackID16_opNum9_merged.root → copied (ms_ch=9)
[PASS] wvfFind_event24486_trackID10_opNum5_merged.root → copied (ms_ch=5)
[PASS] wvfFind_event8170_trackID13_opNum9_merged.root → copied (ms_ch=9)
[PASS] wvfFind_event18511_trackID0_opNum9_merged.root → copied (ms_ch=9)
[PASS] wvfFind_event28259_trackID27_opNum9_merged.root → copied (ms_ch=9)
[PASS] wvfFind_event1478_trackID16_opNum9_merged.root → copied (ms_ch=9)
[PASS] wvfFind_event39274_trackID4_opNum9_merged.root → copied (ms_ch=9)
[PASS] wvfFind_event20776_trackID1_opNum3_merged.root → copied (ms_ch=3)
[PASS] wvfFind_event39652_trackID10_opNum5_merged.root → copied (ms_ch=5)
[PASS] wvfFind_event4798_trackID6_opNum5_merged.root → copied (ms_ch=5)
[PASS] wvfFind_event21296_trackID6_opNum5_merged.root → copied (ms_ch=5)
[PASS] wvfFind_event14769_trackID8_opNum7_merged.root → copied (ms_ch=7)
[SKIP] wvfFind_event27346_trackID28_opNum1_merged.root (ms_ch=1)
[PASS] wvfFind_event24160_trackID5_opNum5_merged.root → copied (ms_ch=5)
[PASS] wvfFind_event36377_trackID17_opNum9_merged.root → copied (ms_ch=9)
[PASS] wvfFind_event13736_trackID0_opNum9.root → copied (ms_ch=9)
[PASS] wvfFind_event19847_trackID16_opNum9_merged.root → copied (ms_ch=9)
[PASS] wvfFind_event42731_trackID13_opNum5_merged.root → copied (ms_ch=5)
[PASS] wvfFind_event26629_trackID1_opNum6_merged.root → copied (ms_ch=6)
[PASS] wvfFind_event1936_trackID25_opNum8_merged.root → copied (ms_ch=8)
[PASS] wvfFind_event15303_trackID10_opNum8_merged.root → copied (ms_ch=8)
[PASS] wvfFind_event33532_trackID1_opNum5_merged.root → copied (ms_ch=5)
[PASS] wvfFind_event5367_trackID15_opNum9_merged.root → copied (ms_ch=9)
[PASS] wvfFind_event29901_trackID3_opNum9_merged.root → copied (ms_ch=9)
[PASS] wvfFind_event3524_trackID17_opNum6_merged.root → copied (ms_ch=6)
[PASS] wvfFind_event2733_trackID16_opNum5_merged.root → copied (ms_ch=5)
[PASS] wvfFind_event41076_trackID0_opNum4_merged.root → copied (ms_ch=4)
[PASS] wvfFind_event14164_trackID5_opNum9_merged.root → copied (ms_ch=9)
[SKIP] wvfFind_event18195_trackID7_opNum2.root (ms_ch=2)
[PASS] wvfFind_event47592_trackID5_opNum9_merged.root → copied (ms_ch=9)
[PASS] wvfFind_event73_trackID9_opNum9_merged.root → copied (ms_ch=9)
[SKIP] wvfFind_event17923_trackID6_opNum2_merged.root (ms_ch=2)
[PASS] wvfFind_event24787_trackID4_opNum9_merged.root → copied (ms_ch=9)
[PASS] wvfFind_event26422_trackID6_opNum9_merged.root → copied (ms_ch=9)
[PASS] wvfFind_event44748_trackID11_opNum5_merged.root → copied (ms_ch=5)
[PASS] wvfFind_event25656_trackID16_opNum8_merged.root → copied (ms_ch=8)
[PASS] wvfFind_event37838_trackID14_opNum4_merged.root → copied (ms_ch=4)
[PASS] wvfFind_event17337_trackID4_opNum5_merged.root → copied (ms_ch=5)
[PASS] wvfFind_event97_trackID12_opNum9_merged.root → copied (ms_ch=9)
[PASS] wvfFind_event14217_trackID17_opNum6_merged.root → copied (ms_ch=6)
[PASS] wvfFind_event34030_trackID18_opNum9.root → copied (ms_ch=9)
[PASS] wvfFind_event46046_trackID12_opNum7_merged.root → copied (ms_ch=7)
[PASS] wvfFind_event48831_trackID18_opNum9_merged.root → copied (ms_ch=9)
[PASS] wvfFind_event17125_trackID20_opNum6_merged.root → copied (ms_ch=6)
[SKIP] wvfFind_event1537_trackID24_opNum1_merged.root (ms_ch=1)
[PASS] wvfFind_event14131_trackID7_opNum4_merged.root → copied (ms_ch=4)
[PASS] wvfFind_event14309_trackID12_opNum9_merged.root → copied (ms_ch=9)
[SKIP] wvfFind_event46283_trackID19_opNum1_merged.root (ms_ch=1)
[PASS] wvfFind_event17845_trackID1_opNum4_merged.root → copied (ms_ch=4)
[PASS] wvfFind_event12381_trackID1_opNum9_merged.root → copied (ms_ch=9)
[PASS] wvfFind_event25139_trackID4_opNum9_merged.root → copied (ms_ch=9)
[PASS] wvfFind_event12075_trackID4_opNum9_merged.root → copied (ms_ch=9)
[PASS] wvfFind_event18891_trackID26_opNum9_merged.root → copied (ms_ch=9)
[PASS] wvfFind_event30905_trackID25_opNum6_merged.root → copied (ms_ch=6)
[PASS] wvfFind_event14635_trackID3_opNum6_merged.root → copied (ms_ch=6)
[PASS] wvfFind_event41074_trackID19_opNum9_merged.root → copied (ms_ch=9)
[PASS] wvfFind_event21337_trackID1_opNum9_merged.root → copied (ms_ch=9)
[PASS] wvfFind_event23575_trackID11_opNum9_merged.root → copied (ms_ch=9)
[PASS] wvfFind_event2946_trackID8_opNum9_merged.root → copied (ms_ch=9)
[PASS] wvfFind_event25884_trackID27_opNum8_merged.root → copied (ms_ch=8)
[SKIP] wvfFind_event731_trackID2_opNum1_merged.root (ms_ch=1)
[PASS] wvfFind_event2764_trackID15_opNum9_merged.root → copied (ms_ch=9)
[PASS] wvfFind_event13190_trackID4_opNum9_merged.root → copied (ms_ch=9)
[PASS] wvfFind_event2208_trackID19_opNum4_merged.root → copied (ms_ch=4)
[PASS] wvfFind_event11317_trackID6_opNum5_merged.root → copied (ms_ch=5)
[PASS] wvfFind_event20150_trackID21_opNum9_merged.root → copied (ms_ch=9)
[PASS] wvfFind_event3957_trackID0_opNum8_merged.root → copied (ms_ch=8)
[PASS] wvfFind_event11195_trackID7_opNum8_merged.root → copied (ms_ch=8)
[PASS] wvfFind_event12309_trackID14_opNum9_merged.root → copied (ms_ch=9)
[PASS] wvfFind_event25564_trackID9_opNum9_merged.root → copied (ms_ch=9)
[PASS] wvfFind_event39825_trackID7_opNum8_merged.root → copied (ms_ch=8)
[PASS] wvfFind_event28182_trackID14_opNum9_merged.root → copied (ms_ch=9)
[PASS] wvfFind_event7039_trackID8_opNum9_merged.root → copied (ms_ch=9)
[PASS] wvfFind_event17653_trackID15_opNum9_merged.root → copied (ms_ch=9)
[PASS] wvfFind_event15897_trackID6_opNum9_merged.root → copied (ms_ch=9)
[PASS] wvfFind_event39165_trackID9_opNum6_merged.root → copied (ms_ch=6)
[PASS] wvfFind_event45885_trackID20_opNum9_merged.root → copied (ms_ch=9)
[PASS] wvfFind_event12459_trackID6_opNum9_merged.root → copied (ms_ch=9)
[PASS] wvfFind_event19113_trackID17_opNum9_merged.root → copied (ms_ch=9)
[PASS] wvfFind_event3820_trackID8_opNum4_merged.root → copied (ms_ch=4)
[PASS] wvfFind_event17527_trackID24_opNum8_merged.root → copied (ms_ch=8)
[PASS] wvfFind_event27195_trackID5_opNum9_merged.root → copied (ms_ch=9)
[SKIP] wvfFind_event16892_trackID19_opNum1_merged.root (ms_ch=1)
[PASS] wvfFind_event26818_trackID7_opNum9_merged.root → copied (ms_ch=9)
[PASS] wvfFind_event13790_trackID33_opNum5_merged.root → copied (ms_ch=5)
[PASS] wvfFind_event30585_trackID33_opNum9_merged.root → copied (ms_ch=9)
[PASS] wvfFind_event21297_trackID7_opNum4_merged.root → copied (ms_ch=4)
[PASS] wvfFind_event2770_trackID19_opNum9_merged.root → copied (ms_ch=9)
[PASS] wvfFind_event13969_trackID14_opNum8_merged.root → copied (ms_ch=8)
[PASS] wvfFind_event42111_trackID7_opNum6_merged.root → copied (ms_ch=6)
[PASS] wvfFind_event39260_trackID14_opNum5_merged.root → copied (ms_ch=5)
[PASS] wvfFind_event19626_trackID7_opNum8_merged.root → copied (ms_ch=8)
[PASS] wvfFind_event19461_trackID7_opNum9_merged.root → copied (ms_ch=9)
[PASS] wvfFind_event14822_trackID6_opNum9_merged.root → copied (ms_ch=9)
[PASS] wvfFind_event25310_trackID25_opNum7_merged.root → copied (ms_ch=7)
[PASS] wvfFind_event42196_trackID6_opNum3_merged.root → copied (ms_ch=3)
[PASS] wvfFind_event27640_trackID8_opNum9_merged.root → copied (ms_ch=9)
[PASS] wvfFind_event14668_trackID4_opNum9_merged.root → copied (ms_ch=9)
[PASS] wvfFind_event28468_trackID5_opNum5_merged.root → copied (ms_ch=5)
[PASS] wvfFind_event831_trackID8_opNum5_merged.root → copied (ms_ch=5)
[PASS] wvfFind_event43641_trackID8_opNum8_merged.root → copied (ms_ch=8)
[PASS] wvfFind_event45827_trackID23_opNum3_merged.root → copied (ms_ch=3)
[PASS] wvfFind_event4207_trackID20_opNum8_merged.root → copied (ms_ch=8)
[PASS] wvfFind_event16882_trackID3_opNum3_merged.root → copied (ms_ch=3)
[PASS] wvfFind_event9719_trackID14_opNum8_merged.root → copied (ms_ch=8)
[PASS] wvfFind_event38466_trackID13_opNum9_merged.root → copied (ms_ch=9)
[PASS] wvfFind_event4931_trackID6_opNum9_merged.root → copied (ms_ch=9)
[PASS] wvfFind_event8165_trackID5_opNum9_merged.root → copied (ms_ch=9)
[PASS] wvfFind_event43607_trackID9_opNum9_merged.root → copied (ms_ch=9)
[PASS] wvfFind_event36326_trackID11_opNum9_merged.root → copied (ms_ch=9)
[PASS] wvfFind_event27993_trackID7_opNum9_merged.root → copied (ms_ch=9)
[PASS] wvfFind_event10700_trackID10_opNum9_merged.root → copied (ms_ch=9)
[PASS] wvfFind_event25581_trackID13_opNum9_merged.root → copied (ms_ch=9)
[PASS] wvfFind_event29377_trackID14_opNum9_merged.root → copied (ms_ch=9)
[PASS] wvfFind_event24208_trackID2_opNum8_merged.root → copied (ms_ch=8)
[PASS] wvfFind_event11528_trackID17_opNum9_merged.root → copied (ms_ch=9)
[PASS] wvfFind_event18037_trackID10_opNum9_merged.root → copied (ms_ch=9)
[PASS] wvfFind_event22761_trackID18_opNum9_merged.root → copied (ms_ch=9)
[SKIP] wvfFind_event31781_trackID10_opNum2_merged.root (ms_ch=2)
[PASS] wvfFind_event45490_trackID25_opNum6_merged.root → copied (ms_ch=6)
[PASS] wvfFind_event33610_trackID3_opNum3_merged.root → copied (ms_ch=3)
[PASS] wvfFind_event11063_trackID6_opNum9_merged.root → copied (ms_ch=9)
[PASS] wvfFind_event3727_trackID6_opNum9_merged.root → copied (ms_ch=9)
[PASS] wvfFind_event31099_trackID19_opNum9_merged.root → copied (ms_ch=9)
[PASS] wvfFind_event5446_trackID4_opNum9_merged.root → copied (ms_ch=9)
[PASS] wvfFind_event12066_trackID25_opNum8_merged.root → copied (ms_ch=8)
[PASS] wvfFind_event18292_trackID1_opNum6_merged.root → copied (ms_ch=6)
[PASS] wvfFind_event10010_trackID20_opNum9_merged.root → copied (ms_ch=9)
[PASS] wvfFind_event28275_trackID11_opNum9_merged.root → copied (ms_ch=9)
[PASS] wvfFind_event2108_trackID4_opNum9_merged.root → copied (ms_ch=9)
[PASS] wvfFind_event11213_trackID8_opNum9_merged.root → copied (ms_ch=9)
[PASS] wvfFind_event17887_trackID12_opNum9_merged.root → copied (ms_ch=9)
[PASS] wvfFind_event19248_trackID13_opNum8_merged.root → copied (ms_ch=8)
[PASS] wvfFind_event14937_trackID2_opNum9_merged.root → copied (ms_ch=9)
[SKIP] wvfFind_event44700_trackID9_opNum1_merged.root (ms_ch=1)
[PASS] wvfFind_event22309_trackID23_opNum7_merged.root → copied (ms_ch=7)
[SKIP] wvfFind_event20886_trackID23_opNum2_merged.root (ms_ch=2)
[SKIP] wvfFind_event28262_trackID1_opNum2_merged.root (ms_ch=2)
[PASS] wvfFind_event10821_trackID17_opNum9_merged.root → copied (ms_ch=9)
[PASS] wvfFind_event24872_trackID5_opNum9_merged.root → copied (ms_ch=9)
[PASS] wvfFind_event21914_trackID12_opNum9_merged.root → copied (ms_ch=9)
[PASS] wvfFind_event23783_trackID4_opNum9_merged.root → copied (ms_ch=9)
[PASS] wvfFind_event31529_trackID27_opNum5_merged.root → copied (ms_ch=5)
[PASS] wvfFind_event28222_trackID2_opNum6_merged.root → copied (ms_ch=6)
[PASS] wvfFind_event17964_trackID9_opNum9_merged.root → copied (ms_ch=9)
[PASS] wvfFind_event45716_trackID8_opNum9_merged.root → copied (ms_ch=9)
[PASS] wvfFind_event24533_trackID11_opNum9_merged.root → copied (ms_ch=9)
[PASS] wvfFind_event9583_trackID25_opNum9_merged.root → copied (ms_ch=9)
[PASS] wvfFind_event25846_trackID6_opNum9_merged.root → copied (ms_ch=9)
[PASS] wvfFind_event43501_trackID4_opNum9_merged.root → copied (ms_ch=9)
[PASS] wvfFind_event20834_trackID9_opNum5_merged.root → copied (ms_ch=5)
[PASS] wvfFind_event11634_trackID17_opNum6_merged.root → copied (ms_ch=6)
[PASS] wvfFind_event14429_trackID16_opNum6_merged.root → copied (ms_ch=6)
[PASS] wvfFind_event18774_trackID9_opNum3_merged.root → copied (ms_ch=3)
[SKIP] wvfFind_event37751_trackID9_opNum2_merged.root (ms_ch=2)
[PASS] wvfFind_event1113_trackID1_opNum9_merged.root → copied (ms_ch=9)
[PASS] wvfFind_event8256_trackID19_opNum4_merged.root → copied (ms_ch=4)
[SKIP] wvfFind_event45734_trackID7_opNum1_merged.root (ms_ch=1)
[PASS] wvfFind_event17205_trackID8_opNum9_merged.root → copied (ms_ch=9)
[PASS] wvfFind_event12637_trackID6_opNum8_merged.root → copied (ms_ch=8)
[PASS] wvfFind_event31164_trackID16_opNum8_merged.root → copied (ms_ch=8)
[PASS] wvfFind_event40575_trackID2_opNum3_merged.root → copied (ms_ch=3)
[SKIP] wvfFind_event5931_trackID12_opNum2.root (ms_ch=2)
[PASS] wvfFind_event20234_trackID10_opNum7_merged.root → copied (ms_ch=7)
[PASS] wvfFind_event40023_trackID13_opNum6_merged.root → copied (ms_ch=6)
[PASS] wvfFind_event19751_trackID8_opNum9_merged.root → copied (ms_ch=9)
[PASS] wvfFind_event38762_trackID11_opNum8_merged.root → copied (ms_ch=8)
[PASS] wvfFind_event2246_trackID7_opNum9_merged.root → copied (ms_ch=9)
[PASS] wvfFind_event14376_trackID20_opNum9_merged.root → copied (ms_ch=9)
[PASS] wvfFind_event30123_trackID5_opNum5_merged.root → copied (ms_ch=5)
[PASS] wvfFind_event11525_trackID4_opNum9_merged.root → copied (ms_ch=9)
[PASS] wvfFind_event16628_trackID21_opNum9_merged.root → copied (ms_ch=9)
[PASS] wvfFind_event21946_trackID26_opNum7_merged.root → copied (ms_ch=7)
[PASS] wvfFind_event10509_trackID11_opNum7_merged.root → copied (ms_ch=7)
[PASS] wvfFind_event17272_trackID17_opNum9_merged.root → copied (ms_ch=9)
[SKIP] wvfFind_event11064_trackID6_opNum1_merged.root (ms_ch=1)
[PASS] wvfFind_event6_trackID14_opNum9_merged.root → copied (ms_ch=9)
[PASS] wvfFind_event19742_trackID8_opNum9_merged.root → copied (ms_ch=9)
[PASS] wvfFind_event7369_trackID1_opNum9_merged.root → copied (ms_ch=9)
[PASS] wvfFind_event35057_trackID4_opNum4_merged.root → copied (ms_ch=4)
[PASS] wvfFind_event48900_trackID15_opNum6_merged.root → copied (ms_ch=6)
[PASS] wvfFind_event41582_trackID1_opNum6_merged.root → copied (ms_ch=6)
[PASS] wvfFind_event36055_trackID13_opNum9_merged.root → copied (ms_ch=9)
[PASS] wvfFind_event13473_trackID2_opNum9_merged.root → copied (ms_ch=9)
[PASS] wvfFind_event29782_trackID12_opNum8_merged.root → copied (ms_ch=8)
[SKIP] wvfFind_event37839_trackID8_opNum2_merged.root (ms_ch=2)
[PASS] wvfFind_event22395_trackID3_opNum9_merged.root → copied (ms_ch=9)
[PASS] wvfFind_event38751_trackID9_opNum9_merged.root → copied (ms_ch=9)
[PASS] wvfFind_event41673_trackID1_opNum9_merged.root → copied (ms_ch=9)
[PASS] wvfFind_event46604_trackID7_opNum9_merged.root → copied (ms_ch=9)
[PASS] wvfFind_event47945_trackID10_opNum9_merged.root → copied (ms_ch=9)
[PASS] wvfFind_event5483_trackID11_opNum9_merged.root → copied (ms_ch=9)
[PASS] wvfFind_event4890_trackID2_opNum9_merged.root → copied (ms_ch=9)
[PASS] wvfFind_event12438_trackID21_opNum9_merged.root → copied (ms_ch=9)
[PASS] wvfFind_event27715_trackID29_opNum3_merged.root → copied (ms_ch=3)
[PASS] wvfFind_event8956_trackID4_opNum9_merged.root → copied (ms_ch=9)
[PASS] wvfFind_event20567_trackID30_opNum9_merged.root → copied (ms_ch=9)
[PASS] wvfFind_event8201_trackID7_opNum9_merged.root → copied (ms_ch=9)
[SKIP] wvfFind_event40386_trackID14_opNum2_merged.root (ms_ch=2)
[SKIP] wvfFind_event43633_trackID17_opNum2_merged.root (ms_ch=2)
[SKIP] wvfFind_event24135_trackID12_opNum2_merged.root (ms_ch=2)
[PASS] wvfFind_event30571_trackID8_opNum9_merged.root → copied (ms_ch=9)
[SKIP] wvfFind_event13760_trackID12_opNum2_merged.root (ms_ch=2)
[PASS] wvfFind_event17875_trackID10_opNum9_merged.root → copied (ms_ch=9)
[PASS] wvfFind_event41452_trackID12_opNum5_merged.root → copied (ms_ch=5)
[PASS] wvfFind_event2921_trackID15_opNum9_merged.root → copied (ms_ch=9)
[PASS] wvfFind_event39277_trackID8_opNum9_merged.root → copied (ms_ch=9)
[SKIP] wvfFind_event1313_trackID14_opNum1_merged.root (ms_ch=1)
[PASS] wvfFind_event10305_trackID5_opNum9_merged.root → copied (ms_ch=9)
[PASS] wvfFind_event43959_trackID18_opNum9_merged.root → copied (ms_ch=9)
[PASS] wvfFind_event46773_trackID5_opNum8_merged.root → copied (ms_ch=8)
[PASS] wvfFind_event12436_trackID21_opNum9_merged.root → copied (ms_ch=9)
[PASS] wvfFind_event1872_trackID4_opNum9_merged.root → copied (ms_ch=9)
[PASS] wvfFind_event2302_trackID6_opNum6_merged.root → copied (ms_ch=6)
[SKIP] wvfFind_event13493_trackID25_opNum1_merged.root (ms_ch=1)
[PASS] wvfFind_event3922_trackID19_opNum9_merged.root → copied (ms_ch=9)
[PASS] wvfFind_event10488_trackID7_opNum9_merged.root → copied (ms_ch=9)
[PASS] wvfFind_event12409_trackID14_opNum6_merged.root → copied (ms_ch=6)
[PASS] wvfFind_event14404_trackID9_opNum9_merged.root → copied (ms_ch=9)
[PASS] wvfFind_event18396_trackID20_opNum8_merged.root → copied (ms_ch=8)
[SKIP] wvfFind_event1331_trackID24_opNum2_merged.root (ms_ch=2)
[PASS] wvfFind_event44059_trackID23_opNum9_merged.root → copied (ms_ch=9)
[PASS] wvfFind_event23416_trackID21_opNum9_merged.root → copied (ms_ch=9)
[PASS] wvfFind_event4721_trackID10_opNum8_merged.root → copied (ms_ch=8)
[SKIP] wvfFind_event3788_trackID3_opNum2.root (ms_ch=2)
[PASS] wvfFind_event44688_trackID5_opNum7_merged.root → copied (ms_ch=7)
[PASS] wvfFind_event30915_trackID15_opNum9_merged.root → copied (ms_ch=9)
[PASS] wvfFind_event41160_trackID20_opNum9_merged.root → copied (ms_ch=9)
[PASS] wvfFind_event16316_trackID17_opNum6_merged.root → copied (ms_ch=6)
[PASS] wvfFind_event20947_trackID24_opNum9_merged.root → copied (ms_ch=9)
[PASS] wvfFind_event47090_trackID5_opNum5_merged.root → copied (ms_ch=5)
[PASS] wvfFind_event42444_trackID20_opNum8_merged.root → copied (ms_ch=8)
[PASS] wvfFind_event10761_trackID4_opNum9_merged.root → copied (ms_ch=9)
[SKIP] wvfFind_event23166_trackID12_opNum2_merged.root (ms_ch=2)
[PASS] wvfFind_event28807_trackID2_opNum9_merged.root → copied (ms_ch=9)
[PASS] wvfFind_event1124_trackID14_opNum6_merged.root → copied (ms_ch=6)
[PASS] wvfFind_event38906_trackID0_opNum9_merged.root → copied (ms_ch=9)
[PASS] wvfFind_event41416_trackID20_opNum4_merged.root → copied (ms_ch=4)
[PASS] wvfFind_event19008_trackID14_opNum3_merged.root → copied (ms_ch=3)
[PASS] wvfFind_event1491_trackID4_opNum9_merged.root → copied (ms_ch=9)
[PASS] wvfFind_event13998_trackID0_opNum9_merged.root → copied (ms_ch=9)
[PASS] wvfFind_event45276_trackID13_opNum9_merged.root → copied (ms_ch=9)
[PASS] wvfFind_event17760_trackID16_opNum8_merged.root → copied (ms_ch=8)
[SKIP] wvfFind_event9845_trackID23_opNum1_merged.root (ms_ch=1)
[PASS] wvfFind_event3428_trackID21_opNum8_merged.root → copied (ms_ch=8)
[PASS] wvfFind_event19128_trackID13_opNum9_merged.root → copied (ms_ch=9)
[PASS] wvfFind_event24779_trackID3_opNum9_merged.root → copied (ms_ch=9)
[PASS] wvfFind_event25180_trackID3_opNum9_merged.root → copied (ms_ch=9)
[PASS] wvfFind_event43664_trackID0_opNum5_merged.root → copied (ms_ch=5)
[PASS] wvfFind_event12723_trackID0_opNum5_merged.root → copied (ms_ch=5)
[PASS] wvfFind_event34763_trackID18_opNum9_merged.root → copied (ms_ch=9)
[PASS] wvfFind_event12751_trackID12_opNum9_merged.root → copied (ms_ch=9)
[PASS] wvfFind_event5051_trackID10_opNum9_merged.root → copied (ms_ch=9)
[PASS] wvfFind_event32032_trackID25_opNum6_merged.root → copied (ms_ch=6)
[PASS] wvfFind_event12146_trackID7_opNum8_merged.root → copied (ms_ch=8)
[PASS] wvfFind_event15376_trackID1_opNum9_merged.root → copied (ms_ch=9)
[PASS] wvfFind_event11679_trackID2_opNum9_merged.root → copied (ms_ch=9)
[PASS] wvfFind_event44272_trackID5_opNum7_merged.root → copied (ms_ch=7)
[PASS] wvfFind_event20085_trackID4_opNum9_merged.root → copied (ms_ch=9)
[PASS] wvfFind_event11767_trackID20_opNum5_merged.root → copied (ms_ch=5)
[PASS] wvfFind_event13892_trackID10_opNum9_merged.root → copied (ms_ch=9)
[PASS] wvfFind_event4372_trackID4_opNum9_merged.root → copied (ms_ch=9)
[PASS] wvfFind_event11465_trackID5_opNum9_merged.root → copied (ms_ch=9)
[PASS] wvfFind_event41521_trackID8_opNum8_merged.root → copied (ms_ch=8)
[PASS] wvfFind_event1480_trackID30_opNum9_merged.root → copied (ms_ch=9)
[PASS] wvfFind_event42184_trackID8_opNum9_merged.root → copied (ms_ch=9)
[PASS] wvfFind_event27728_trackID10_opNum9_merged.root → copied (ms_ch=9)
[PASS] wvfFind_event16125_trackID11_opNum3_merged.root → copied (ms_ch=3)
[PASS] wvfFind_event41391_trackID2_opNum9_merged.root → copied (ms_ch=9)
[PASS] wvfFind_event17789_trackID10_opNum9_merged.root → copied (ms_ch=9)
[SKIP] wvfFind_event41197_trackID23_opNum1_merged.root (ms_ch=1)
[PASS] wvfFind_event4074_trackID13_opNum9_merged.root → copied (ms_ch=9)
[PASS] wvfFind_event17688_trackID14_opNum9_merged.root → copied (ms_ch=9)
[PASS] wvfFind_event15268_trackID33_opNum7_merged.root → copied (ms_ch=7)
[PASS] wvfFind_event40075_trackID3_opNum9_merged.root → copied (ms_ch=9)
[PASS] wvfFind_event14331_trackID4_opNum9_merged.root → copied (ms_ch=9)
[SKIP] wvfFind_event17588_trackID12_opNum1_merged.root (ms_ch=1)
[PASS] wvfFind_event32291_trackID10_opNum5_merged.root → copied (ms_ch=5)
[PASS] wvfFind_event6971_trackID8_opNum9_merged.root → copied (ms_ch=9)
[PASS] wvfFind_event17987_trackID8_opNum9_merged.root → copied (ms_ch=9)
[PASS] wvfFind_event11003_trackID25_opNum7_merged.root → copied (ms_ch=7)
[PASS] wvfFind_event14037_trackID4_opNum9_merged.root → copied (ms_ch=9)
[PASS] wvfFind_event17338_trackID9_opNum9_merged.root → copied (ms_ch=9)
[PASS] wvfFind_event27335_trackID18_opNum8_merged.root → copied (ms_ch=8)
[PASS] wvfFind_event44755_trackID10_opNum8_merged.root → copied (ms_ch=8)
[PASS] wvfFind_event36077_trackID3_opNum9_merged.root → copied (ms_ch=9)
[PASS] wvfFind_event13147_trackID12_opNum7_merged.root → copied (ms_ch=7)
[PASS] wvfFind_event28875_trackID2_opNum5_merged.root → copied (ms_ch=5)
[PASS] wvfFind_event46301_trackID25_opNum7_merged.root → copied (ms_ch=7)
[PASS] wvfFind_event31551_trackID18_opNum8_merged.root → copied (ms_ch=8)
[PASS] wvfFind_event8081_trackID21_opNum3_merged.root → copied (ms_ch=3)
[PASS] wvfFind_event7774_trackID0_opNum6_merged.root → copied (ms_ch=6)
[PASS] wvfFind_event10906_trackID21_opNum9_merged.root → copied (ms_ch=9)
[PASS] wvfFind_event4613_trackID0_opNum9_merged.root → copied (ms_ch=9)
[SKIP] wvfFind_event10395_trackID7_opNum2.root (ms_ch=2)
[PASS] wvfFind_event11758_trackID7_opNum4_merged.root → copied (ms_ch=4)
[PASS] wvfFind_event22388_trackID10_opNum9_merged.root → copied (ms_ch=9)
[PASS] wvfFind_event23970_trackID24_opNum9_merged.root → copied (ms_ch=9)
[PASS] wvfFind_event18833_trackID10_opNum5_merged.root → copied (ms_ch=5)
[PASS] wvfFind_event5303_trackID3_opNum9_merged.root → copied (ms_ch=9)
[PASS] wvfFind_event3186_trackID15_opNum6_merged.root → copied (ms_ch=6)
[PASS] wvfFind_event39906_trackID2_opNum9.root → copied (ms_ch=9)
[PASS] wvfFind_event1628_trackID7_opNum9_merged.root → copied (ms_ch=9)
[PASS] wvfFind_event6005_trackID15_opNum9_merged.root → copied (ms_ch=9)
[PASS] wvfFind_event22365_trackID2_opNum9_merged.root → copied (ms_ch=9)
[PASS] wvfFind_event37626_trackID7_opNum4_merged.root → copied (ms_ch=4)
[SKIP] wvfFind_event6994_trackID28_opNum2_2.root (ms_ch=2)
[SKIP] wvfFind_event18808_trackID15_opNum2_merged.root (ms_ch=2)
[PASS] wvfFind_event43143_trackID5_opNum5_merged.root → copied (ms_ch=5)
[SKIP] wvfFind_event25420_trackID14_opNum1_merged.root (ms_ch=1)
[SKIP] wvfFind_event10520_trackID17_opNum1_merged.root (ms_ch=1)
[PASS] wvfFind_event45545_trackID15_opNum7_merged.root → copied (ms_ch=7)
[PASS] wvfFind_event17982_trackID13_opNum7_merged.root → copied (ms_ch=7)
[PASS] wvfFind_event16207_trackID19_opNum4_merged.root → copied (ms_ch=4)
[PASS] wvfFind_event2228_trackID10_opNum4_merged.root → copied (ms_ch=4)
[PASS] wvfFind_event11896_trackID9_opNum9_merged.root → copied (ms_ch=9)
[PASS] wvfFind_event18827_trackID11_opNum5_merged.root → copied (ms_ch=5)
[PASS] wvfFind_event3739_trackID1_opNum9_merged.root → copied (ms_ch=9)
[PASS] wvfFind_event23053_trackID18_opNum8_merged.root → copied (ms_ch=8)
[PASS] wvfFind_event27081_trackID9_opNum9_merged.root → copied (ms_ch=9)
[PASS] wvfFind_event11647_trackID2_opNum6_merged.root → copied (ms_ch=6)
[SKIP] wvfFind_event7285_trackID2_opNum1_merged.root (ms_ch=1)
[PASS] wvfFind_event39275_trackID1_opNum9_merged.root → copied (ms_ch=9)
[PASS] wvfFind_event18735_trackID13_opNum8_merged.root → copied (ms_ch=8)
[PASS] wvfFind_event3050_trackID10_opNum4_merged.root → copied (ms_ch=4)
[PASS] wvfFind_event15347_trackID12_opNum9_merged.root → copied (ms_ch=9)
[PASS] wvfFind_event8342_trackID14_opNum5_merged.root → copied (ms_ch=5)
[PASS] wvfFind_event29757_trackID2_opNum9_merged.root → copied (ms_ch=9)
[PASS] wvfFind_event16129_trackID1_opNum9_merged.root → copied (ms_ch=9)
[PASS] wvfFind_event18751_trackID9_opNum8_merged.root → copied (ms_ch=8)
[PASS] wvfFind_event46893_trackID25_opNum9_merged.root → copied (ms_ch=9)
[PASS] wvfFind_event18444_trackID0_opNum9_merged.root → copied (ms_ch=9)
[PASS] wvfFind_event35546_trackID3_opNum5_merged.root → copied (ms_ch=5)
[PASS] wvfFind_event7391_trackID34_opNum5_merged.root → copied (ms_ch=5)
[PASS] wvfFind_event41404_trackID10_opNum9_merged.root → copied (ms_ch=9)
[PASS] wvfFind_event28874_trackID9_opNum9_merged.root → copied (ms_ch=9)
[PASS] wvfFind_event29011_trackID9_opNum9_merged.root → copied (ms_ch=9)
[PASS] wvfFind_event12232_trackID0_opNum9_merged.root → copied (ms_ch=9)
[PASS] wvfFind_event10910_trackID3_opNum9_merged.root → copied (ms_ch=9)
[PASS] wvfFind_event18863_trackID1_opNum5.root → copied (ms_ch=5)
[PASS] wvfFind_event5586_trackID3_opNum9_merged.root → copied (ms_ch=9)
[PASS] wvfFind_event5199_trackID12_opNum9_merged.root → copied (ms_ch=9)
[PASS] wvfFind_event43486_trackID3_opNum9_merged.root → copied (ms_ch=9)
[PASS] wvfFind_event6147_trackID14_opNum8_merged.root → copied (ms_ch=8)
[PASS] wvfFind_event20660_trackID18_opNum9_merged.root → copied (ms_ch=9)
[PASS] wvfFind_event23304_trackID4_opNum9_merged.root → copied (ms_ch=9)
[PASS] wvfFind_event6173_trackID15_opNum9_merged.root → copied (ms_ch=9)
[PASS] wvfFind_event15060_trackID0_opNum9_merged.root → copied (ms_ch=9)
[PASS] wvfFind_event42849_trackID14_opNum5_merged.root → copied (ms_ch=5)
[PASS] wvfFind_event8329_trackID7_opNum9_merged.root → copied (ms_ch=9)
[SKIP] wvfFind_event21367_trackID6_opNum2_merged.root (ms_ch=2)
[PASS] wvfFind_event46067_trackID22_opNum8_merged.root → copied (ms_ch=8)
[PASS] wvfFind_event28401_trackID1_opNum5_merged.root → copied (ms_ch=5)
[PASS] wvfFind_event11603_trackID6_opNum9_merged.root → copied (ms_ch=9)
[PASS] wvfFind_event13012_trackID7_opNum8_merged.root → copied (ms_ch=8)
[PASS] wvfFind_event22597_trackID1_opNum9_merged.root → copied (ms_ch=9)
[PASS] wvfFind_event39343_trackID8_opNum5_merged.root → copied (ms_ch=5)
[PASS] wvfFind_event40079_trackID4_opNum6_merged.root → copied (ms_ch=6)
[PASS] wvfFind_event12981_trackID15_opNum8_merged.root → copied (ms_ch=8)
[PASS] wvfFind_event43619_trackID15_opNum9_merged.root → copied (ms_ch=9)
[PASS] wvfFind_event10008_trackID3_opNum9_merged.root → copied (ms_ch=9)
[PASS] wvfFind_event21701_trackID1_opNum9_merged.root → copied (ms_ch=9)
[PASS] wvfFind_event28576_trackID9_opNum9_merged.root → copied (ms_ch=9)
[PASS] wvfFind_event24808_trackID5_opNum8_merged.root → copied (ms_ch=8)
[PASS] wvfFind_event22828_trackID12_opNum9_merged.root → copied (ms_ch=9)
[PASS] wvfFind_event8026_trackID10_opNum4_merged.root → copied (ms_ch=4)
[PASS] wvfFind_event3566_trackID22_opNum9_merged.root → copied (ms_ch=9)
[PASS] wvfFind_event37839_trackID17_opNum6_merged.root → copied (ms_ch=6)
[PASS] wvfFind_event5420_trackID3_opNum9_merged.root → copied (ms_ch=9)
[PASS] wvfFind_event1616_trackID12_opNum6_merged.root → copied (ms_ch=6)
[PASS] wvfFind_event4563_trackID5_opNum9.root → copied (ms_ch=9)
[PASS] wvfFind_event15732_trackID1_opNum5.root → copied (ms_ch=5)
[SKIP] wvfFind_event14003_trackID10_opNum1_merged.root (ms_ch=1)
[PASS] wvfFind_event43847_trackID25_opNum9_merged.root → copied (ms_ch=9)
[PASS] wvfFind_event46018_trackID12_opNum3_merged.root → copied (ms_ch=3)
[PASS] wvfFind_event2555_trackID1_opNum6_merged.root → copied (ms_ch=6)
[PASS] wvfFind_event23119_trackID23_opNum7_merged.root → copied (ms_ch=7)
[PASS] wvfFind_event16195_trackID6_opNum9_merged.root → copied (ms_ch=9)
[PASS] wvfFind_event5024_trackID16_opNum9_merged.root → copied (ms_ch=9)
[PASS] wvfFind_event13665_trackID13_opNum5_merged.root → copied (ms_ch=5)
[PASS] wvfFind_event38986_trackID13_opNum9_merged.root → copied (ms_ch=9)
[PASS] wvfFind_event17422_trackID8_opNum9_merged.root → copied (ms_ch=9)
[PASS] wvfFind_event41176_trackID8_opNum4_merged.root → copied (ms_ch=4)
[PASS] wvfFind_event14477_trackID14_opNum9_merged.root → copied (ms_ch=9)
[PASS] wvfFind_event22684_trackID10_opNum9_merged.root → copied (ms_ch=9)
[PASS] wvfFind_event49457_trackID5_opNum9_merged.root → copied (ms_ch=9)
[PASS] wvfFind_event35827_trackID9_opNum5_merged.root → copied (ms_ch=5)
[PASS] wvfFind_event15569_trackID8_opNum9_merged.root → copied (ms_ch=9)
[PASS] wvfFind_event17282_trackID4_opNum5_merged.root → copied (ms_ch=5)
[PASS] wvfFind_event30718_trackID5_opNum9_merged.root → copied (ms_ch=9)
[PASS] wvfFind_event2994_trackID9_opNum3_merged.root → copied (ms_ch=3)
[PASS] wvfFind_event13628_trackID11_opNum9_merged.root → copied (ms_ch=9)
[PASS] wvfFind_event12757_trackID1_opNum9_merged.root → copied (ms_ch=9)
[PASS] wvfFind_event42974_trackID7_opNum9_merged.root → copied (ms_ch=9)
[PASS] wvfFind_event2641_trackID21_opNum9_merged.root → copied (ms_ch=9)
[PASS] wvfFind_event17821_trackID5_opNum9_merged.root → copied (ms_ch=9)
[PASS] wvfFind_event5546_trackID23_opNum5_merged.root → copied (ms_ch=5)
[PASS] wvfFind_event15329_trackID14_opNum9_merged.root → copied (ms_ch=9)
[PASS] wvfFind_event17961_trackID4_opNum9_merged.root → copied (ms_ch=9)
[PASS] wvfFind_event767_trackID23_opNum3_merged.root → copied (ms_ch=3)
[PASS] wvfFind_event31454_trackID7_opNum9_merged.root → copied (ms_ch=9)
[PASS] wvfFind_event46053_trackID0_opNum9_merged.root → copied (ms_ch=9)
[SKIP] wvfFind_event19001_trackID11_opNum1_merged.root (ms_ch=1)
[PASS] wvfFind_event20094_trackID11_opNum9_merged.root → copied (ms_ch=9)
[PASS] wvfFind_event5119_trackID8_opNum9_merged.root → copied (ms_ch=9)
[PASS] wvfFind_event4832_trackID1_opNum5_merged.root → copied (ms_ch=5)
[PASS] wvfFind_event44970_trackID2_opNum9_merged.root → copied (ms_ch=9)
[SKIP] wvfFind_event17884_trackID23_opNum2_merged.root (ms_ch=2)
[PASS] wvfFind_event29717_trackID8_opNum5_merged.root → copied (ms_ch=5)
[PASS] wvfFind_event509_trackID14_opNum9_merged.root → copied (ms_ch=9)
[PASS] wvfFind_event9802_trackID4_opNum9_merged.root → copied (ms_ch=9)
[PASS] wvfFind_event30063_trackID22_opNum9_merged.root → copied (ms_ch=9)
[PASS] wvfFind_event20896_trackID9_opNum5_merged.root → copied (ms_ch=5)
[PASS] wvfFind_event20527_trackID7_opNum8_merged.root → copied (ms_ch=8)
[PASS] wvfFind_event17329_trackID12_opNum9.root → copied (ms_ch=9)
[PASS] wvfFind_event43360_trackID28_opNum3_merged.root → copied (ms_ch=3)
[PASS] wvfFind_event12272_trackID0_opNum8_merged.root → copied (ms_ch=8)
[SKIP] wvfFind_event15508_trackID4_opNum2_merged.root (ms_ch=2)
[SKIP] wvfFind_event44875_trackID8_opNum2_merged.root (ms_ch=2)
[PASS] wvfFind_event16647_trackID15_opNum5_merged.root → copied (ms_ch=5)
[PASS] wvfFind_event16938_trackID12_opNum8_merged.root → copied (ms_ch=8)
[PASS] wvfFind_event28596_trackID4_opNum9_merged.root → copied (ms_ch=9)
[PASS] wvfFind_event42383_trackID5_opNum9_merged.root → copied (ms_ch=9)
[PASS] wvfFind_event44452_trackID11_opNum9_merged.root → copied (ms_ch=9)
[PASS] wvfFind_event20569_trackID20_opNum9_merged.root → copied (ms_ch=9)
[PASS] wvfFind_event6126_trackID7_opNum9_merged.root → copied (ms_ch=9)
[PASS] wvfFind_event19377_trackID4_opNum9_merged.root → copied (ms_ch=9)
[PASS] wvfFind_event15481_trackID7_opNum9_merged.root → copied (ms_ch=9)
[PASS] wvfFind_event49985_trackID6_opNum9_merged.root → copied (ms_ch=9)
[PASS] wvfFind_event14362_trackID0_opNum9_merged.root → copied (ms_ch=9)
[SKIP] wvfFind_event40361_trackID2_opNum1_merged.root (ms_ch=1)
[PASS] wvfFind_event16012_trackID7_opNum3_merged.root → copied (ms_ch=3)
[PASS] wvfFind_event45325_trackID12_opNum9_merged.root → copied (ms_ch=9)
[PASS] wvfFind_event46986_trackID2_opNum4_merged.root → copied (ms_ch=4)
[PASS] wvfFind_event13109_trackID1_opNum9_merged.root → copied (ms_ch=9)
[PASS] wvfFind_event23128_trackID16_opNum8_merged.root → copied (ms_ch=8)
[PASS] wvfFind_event47252_trackID13_opNum8_merged.root → copied (ms_ch=8)
[PASS] wvfFind_event32452_trackID9_opNum9_merged.root → copied (ms_ch=9)
[PASS] wvfFind_event42665_trackID15_opNum5_merged.root → copied (ms_ch=5)
[PASS] wvfFind_event45898_trackID8_opNum9_merged.root → copied (ms_ch=9)
[PASS] wvfFind_event574_trackID6_opNum9_merged.root → copied (ms_ch=9)
[PASS] wvfFind_event28863_trackID2_opNum5_merged.root → copied (ms_ch=5)
[PASS] wvfFind_event39700_trackID1_opNum9_merged.root → copied (ms_ch=9)
[PASS] wvfFind_event21266_trackID12_opNum8_merged.root → copied (ms_ch=8)
[PASS] wvfFind_event4226_trackID1_opNum9_merged.root → copied (ms_ch=9)
[PASS] wvfFind_event330_trackID7_opNum9.root → copied (ms_ch=9)
[PASS] wvfFind_event737_trackID12_opNum9_merged.root → copied (ms_ch=9)
[PASS] wvfFind_event14966_trackID15_opNum9_merged.root → copied (ms_ch=9)
[PASS] wvfFind_event46842_trackID2_opNum6_merged.root → copied (ms_ch=6)
[PASS] wvfFind_event26985_trackID6_opNum8_merged.root → copied (ms_ch=8)
[PASS] wvfFind_event29973_trackID14_opNum8_merged.root → copied (ms_ch=8)
[PASS] wvfFind_event14277_trackID9_opNum9.root → copied (ms_ch=9)
[PASS] wvfFind_event46052_trackID33_opNum7_merged.root → copied (ms_ch=7)
[SKIP] wvfFind_event17817_trackID8_opNum2_merged.root (ms_ch=2)
[PASS] wvfFind_event32170_trackID9_opNum7_merged.root → copied (ms_ch=7)
[PASS] wvfFind_event42344_trackID11_opNum9_merged.root → copied (ms_ch=9)
[PASS] wvfFind_event16185_trackID7_opNum9_merged.root → copied (ms_ch=9)
[PASS] wvfFind_event10339_trackID11_opNum9_merged.root → copied (ms_ch=9)
[PASS] wvfFind_event24714_trackID13_opNum3_merged.root → copied (ms_ch=3)
[PASS] wvfFind_event21838_trackID11_opNum9_merged.root → copied (ms_ch=9)
[PASS] wvfFind_event40745_trackID10_opNum5_merged.root → copied (ms_ch=5)
[PASS] wvfFind_event47331_trackID14_opNum5_merged.root → copied (ms_ch=5)
[SKIP] wvfFind_event40897_trackID16_opNum2.root (ms_ch=2)
[PASS] wvfFind_event15730_trackID6_opNum9_merged.root → copied (ms_ch=9)
[PASS] wvfFind_event39945_trackID0_opNum9_merged.root → copied (ms_ch=9)
[SKIP] wvfFind_event3100_trackID4_opNum2_merged.root (ms_ch=2)
[PASS] wvfFind_event35548_trackID11_opNum9_merged.root → copied (ms_ch=9)
[PASS] wvfFind_event43433_trackID12_opNum9_merged.root → copied (ms_ch=9)
[PASS] wvfFind_event20547_trackID8_opNum9_merged.root → copied (ms_ch=9)
[PASS] wvfFind_event29730_trackID0_opNum9_merged.root → copied (ms_ch=9)
[PASS] wvfFind_event11572_trackID14_opNum9_merged.root → copied (ms_ch=9)
[PASS] wvfFind_event16287_trackID10_opNum9_merged.root → copied (ms_ch=9)
[PASS] wvfFind_event7801_trackID2_opNum9_merged.root → copied (ms_ch=9)
[SKIP] wvfFind_event12644_trackID13_opNum1_merged.root (ms_ch=1)
[PASS] wvfFind_event40623_trackID2_opNum5_merged.root → copied (ms_ch=5)
[PASS] wvfFind_event11297_trackID6_opNum9_merged.root → copied (ms_ch=9)
[PASS] wvfFind_event13729_trackID5_opNum9_merged.root → copied (ms_ch=9)
[PASS] wvfFind_event31766_trackID1_opNum9_merged.root → copied (ms_ch=9)
[SKIP] wvfFind_event41767_trackID15_opNum2_merged.root (ms_ch=2)
[PASS] wvfFind_event22051_trackID8_opNum9_merged.root → copied (ms_ch=9)
[PASS] wvfFind_event15807_trackID18_opNum9_merged.root → copied (ms_ch=9)
[PASS] wvfFind_event21735_trackID30_opNum9_merged.root → copied (ms_ch=9)
[PASS] wvfFind_event36679_trackID8_opNum3_merged.root → copied (ms_ch=3)
[PASS] wvfFind_event4386_trackID0_opNum9_merged.root → copied (ms_ch=9)
[PASS] wvfFind_event49459_trackID1_opNum9.root → copied (ms_ch=9)
[PASS] wvfFind_event6991_trackID9_opNum7_merged.root → copied (ms_ch=7)
[PASS] wvfFind_event13496_trackID15_opNum7_merged.root → copied (ms_ch=7)
[PASS] wvfFind_event19175_trackID17_opNum9_merged.root → copied (ms_ch=9)
[SKIP] wvfFind_event26776_trackID17_opNum2_merged.root (ms_ch=2)
[PASS] wvfFind_event4102_trackID30_opNum5_merged.root → copied (ms_ch=5)
[PASS] wvfFind_event14445_trackID5_opNum9_merged.root → copied (ms_ch=9)
[PASS] wvfFind_event4084_trackID10_opNum5_merged.root → copied (ms_ch=5)
[PASS] wvfFind_event23861_trackID0_opNum9_merged.root → copied (ms_ch=9)
[PASS] wvfFind_event23439_trackID21_opNum6_merged.root → copied (ms_ch=6)
[PASS] wvfFind_event2201_trackID18_opNum7_merged.root → copied (ms_ch=7)
[PASS] wvfFind_event101_trackID11_opNum8_merged.root → copied (ms_ch=8)
[PASS] wvfFind_event26848_trackID2_opNum9_merged.root → copied (ms_ch=9)
[PASS] wvfFind_event8450_trackID26_opNum5_merged.root → copied (ms_ch=5)
[PASS] wvfFind_event37536_trackID20_opNum3_merged.root → copied (ms_ch=3)
[PASS] wvfFind_event45316_trackID7_opNum9_merged.root → copied (ms_ch=9)
[SKIP] wvfFind_event28014_trackID28_opNum1_merged.root (ms_ch=1)
[PASS] wvfFind_event2439_trackID5_opNum9_merged.root → copied (ms_ch=9)
[SKIP] wvfFind_event17091_trackID12_opNum1_merged.root (ms_ch=1)
[PASS] wvfFind_event36307_trackID18_opNum7_merged.root → copied (ms_ch=7)
[PASS] wvfFind_event16981_trackID1_opNum9_merged.root → copied (ms_ch=9)
[PASS] wvfFind_event4143_trackID6_opNum9_merged.root → copied (ms_ch=9)
[PASS] wvfFind_event43618_trackID13_opNum4_merged.root → copied (ms_ch=4)
[PASS] wvfFind_event12654_trackID17_opNum9.root → copied (ms_ch=9)
[PASS] wvfFind_event29859_trackID9_opNum9_merged.root → copied (ms_ch=9)
[PASS] wvfFind_event45805_trackID20_opNum5_merged.root → copied (ms_ch=5)
[PASS] wvfFind_event11455_trackID6_opNum9_merged.root → copied (ms_ch=9)
[PASS] wvfFind_event31904_trackID0_opNum3_merged.root → copied (ms_ch=3)
[PASS] wvfFind_event48849_trackID6_opNum9_merged.root → copied (ms_ch=9)
[PASS] wvfFind_event2872_trackID6_opNum9_merged.root → copied (ms_ch=9)
[PASS] wvfFind_event41822_trackID9_opNum9_merged.root → copied (ms_ch=9)
[PASS] wvfFind_event31516_trackID5_opNum4_merged.root → copied (ms_ch=4)
====================================================
[SUMMARY] Selected files : 4850
[SUMMARY] Skipped files  : 426
[SUMMARY] Output saved in: /Volumes/ssd_zhang/thesis_michel/server_processing/t0_rootFiles/new20251070s/wvf_merged_applyCut_20251071/
====================================================
