[INFO] Source directory: /Volumes/ssd_zhang/thesis_michel/server_processing/t0_rootFiles/beam28778_new202602/wvf_merged/
[INFO] Destination directory: /Volumes/ssd_zhang/thesis_michel/server_processing/t0_rootFiles/beam28778_new202602/wvf_merged_applyCut_thre3/
[WARNING] Destination already exists, removing: /Volumes/ssd_zhang/thesis_michel/server_processing/t0_rootFiles/beam28778_new202602/wvf_merged_applyCut_thre3/
[INFO] Created clean destination directory.
[INFO] Found 7436 ROOT files to process.
[PASS] wvfFind_event48409_trackID3_opNum3.root → copied (ms_ch=3)
[PASS] wvfFind_event18235_trackID19_opNum9.root → copied (ms_ch=9)
[PASS] wvfFind_event46599_trackID14_opNum8.root → copied (ms_ch=8)
[PASS] wvfFind_event302_trackID12_opNum3_2.root → copied (ms_ch=3)
[PASS] wvfFind_event6272_trackID11_opNum6.root → copied (ms_ch=6)
[PASS] wvfFind_event39235_trackID10_opNum8.root → copied (ms_ch=8)
[SKIP] wvfFind_event36793_trackID12_opNum2_3.root (ms_ch=2)
[PASS] wvfFind_event17051_trackID21_opNum8.root → copied (ms_ch=8)
[PASS] wvfFind_event16921_trackID3_opNum5.root → copied (ms_ch=5)
[PASS] wvfFind_event34931_trackID13_opNum3.root → copied (ms_ch=3)
[PASS] wvfFind_event76242_trackID0_opNum3.root → copied (ms_ch=3)
[PASS] wvfFind_event17129_trackID5_opNum5.root → copied (ms_ch=5)
[SKIP] wvfFind_event53651_trackID10_opNum1_merged.root (ms_ch=1)
[PASS] wvfFind_event44602_trackID26_opNum9.root → copied (ms_ch=9)
[PASS] wvfFind_event22699_trackID1_opNum9.root → copied (ms_ch=9)
[PASS] wvfFind_event27682_trackID1_opNum3.root → copied (ms_ch=3)
[PASS] wvfFind_event9947_trackID0_opNum5_2.root → copied (ms_ch=5)
[PASS] wvfFind_event16152_trackID1_opNum4_2.root → copied (ms_ch=4)
[PASS] wvfFind_event72577_trackID10_opNum3_2.root → copied (ms_ch=3)
[PASS] wvfFind_event48881_trackID2_opNum8.root → copied (ms_ch=8)
[SKIP] wvfFind_event2824_trackID16_opNum2_2.root (ms_ch=2)
[PASS] wvfFind_event59658_trackID5_opNum9.root → copied (ms_ch=9)
[PASS] wvfFind_event52715_trackID12_opNum3.root → copied (ms_ch=3)
[SKIP] wvfFind_event36312_trackID4_opNum2.root (ms_ch=2)
[PASS] wvfFind_event46590_trackID18_opNum5_2.root → copied (ms_ch=5)
[PASS] wvfFind_event1499_trackID14_opNum4_merged.root → copied (ms_ch=4)
[PASS] wvfFind_event15631_trackID2_opNum5.root → copied (ms_ch=5)
[PASS] wvfFind_event9782_trackID3_opNum9.root → copied (ms_ch=9)
[PASS] wvfFind_event62253_trackID2_opNum9.root → copied (ms_ch=9)
[PASS] wvfFind_event31813_trackID18_opNum4.root → copied (ms_ch=4)
[PASS] wvfFind_event76617_trackID1_opNum5.root → copied (ms_ch=5)
[PASS] wvfFind_event17843_trackID16_opNum9.root → copied (ms_ch=9)
[PASS] wvfFind_event40439_trackID29_opNum9.root → copied (ms_ch=9)
[PASS] wvfFind_event66051_trackID5_opNum8.root → copied (ms_ch=8)
[PASS] wvfFind_event16377_trackID11_opNum9_2.root → copied (ms_ch=9)
[PASS] wvfFind_event53355_trackID16_opNum8_2.root → copied (ms_ch=8)
[PASS] wvfFind_event57277_trackID6_opNum7.root → copied (ms_ch=7)
[PASS] wvfFind_event38086_trackID28_opNum8.root → copied (ms_ch=8)
[SKIP] wvfFind_event51514_trackID19_opNum2.root (ms_ch=2)
[PASS] wvfFind_event61593_trackID16_opNum8.root → copied (ms_ch=8)
[PASS] wvfFind_event40685_trackID20_opNum6.root → copied (ms_ch=6)
[PASS] wvfFind_event1218_trackID14_opNum8.root → copied (ms_ch=8)
[PASS] wvfFind_event47382_trackID6_opNum8.root → copied (ms_ch=8)
[PASS] wvfFind_event4963_trackID12_opNum9_merged.root → copied (ms_ch=9)
[PASS] wvfFind_event8563_trackID19_opNum8.root → copied (ms_ch=8)
[PASS] wvfFind_event52909_trackID7_opNum4.root → copied (ms_ch=4)
[PASS] wvfFind_event74413_trackID12_opNum7.root → copied (ms_ch=7)
[PASS] wvfFind_event37161_trackID0_opNum5.root → copied (ms_ch=5)
[PASS] wvfFind_event51417_trackID1_opNum7.root → copied (ms_ch=7)
[SKIP] wvfFind_event12418_trackID3_opNum2.root (ms_ch=2)
[PASS] wvfFind_event15303_trackID16_opNum5_merged.root → copied (ms_ch=5)
[PASS] wvfFind_event19464_trackID7_opNum7.root → copied (ms_ch=7)
[SKIP] wvfFind_event4642_trackID30_opNum2.root (ms_ch=2)
[PASS] wvfFind_event9947_trackID0_opNum5.root → copied (ms_ch=5)
[PASS] wvfFind_event1774_trackID1_opNum3_3.root → copied (ms_ch=3)
[PASS] wvfFind_event5137_trackID7_opNum8.root → copied (ms_ch=8)
[PASS] wvfFind_event66029_trackID7_opNum5_3.root → copied (ms_ch=5)
[PASS] wvfFind_event71352_trackID9_opNum6.root → copied (ms_ch=6)
[PASS] wvfFind_event48839_trackID2_opNum4.root → copied (ms_ch=4)
[PASS] wvfFind_event74309_trackID10_opNum9.root → copied (ms_ch=9)
[PASS] wvfFind_event5669_trackID9_opNum3.root → copied (ms_ch=3)
[SKIP] wvfFind_event44061_trackID20_opNum2.root (ms_ch=2)
[PASS] wvfFind_event18072_trackID16_opNum9_merged.root → copied (ms_ch=9)
[PASS] wvfFind_event67052_trackID2_opNum5_2.root → copied (ms_ch=5)
[PASS] wvfFind_event2175_trackID20_opNum9.root → copied (ms_ch=9)
[PASS] wvfFind_event41680_trackID12_opNum3.root → copied (ms_ch=3)
[PASS] wvfFind_event16438_trackID9_opNum5.root → copied (ms_ch=5)
[SKIP] wvfFind_event17020_trackID3_opNum2_2.root (ms_ch=2)
[PASS] wvfFind_event5243_trackID6_opNum9.root → copied (ms_ch=9)
[PASS] wvfFind_event26536_trackID2_opNum8_merged.root → copied (ms_ch=8)
[PASS] wvfFind_event51927_trackID4_opNum3.root → copied (ms_ch=3)
[PASS] wvfFind_event39423_trackID17_opNum6_2.root → copied (ms_ch=6)
[SKIP] wvfFind_event46102_trackID15_opNum1_merged.root (ms_ch=1)
[PASS] wvfFind_event76480_trackID16_opNum9.root → copied (ms_ch=9)
[PASS] wvfFind_event55849_trackID5_opNum5_2.root → copied (ms_ch=5)
[PASS] wvfFind_event74235_trackID20_opNum9.root → copied (ms_ch=9)
[PASS] wvfFind_event30838_trackID9_opNum6_2.root → copied (ms_ch=6)
[PASS] wvfFind_event54694_trackID15_opNum9.root → copied (ms_ch=9)
[PASS] wvfFind_event16063_trackID4_opNum4.root → copied (ms_ch=4)
[PASS] wvfFind_event63906_trackID4_opNum3.root → copied (ms_ch=3)
[PASS] wvfFind_event76388_trackID3_opNum5.root → copied (ms_ch=5)
[PASS] wvfFind_event37380_trackID3_opNum9_merged.root → copied (ms_ch=9)
[SKIP] wvfFind_event37491_trackID15_opNum2.root (ms_ch=2)
[SKIP] wvfFind_event15103_trackID5_opNum2_2.root (ms_ch=2)
[SKIP] wvfFind_event25855_trackID13_opNum1_merged.root (ms_ch=1)
[PASS] wvfFind_event54325_trackID7_opNum9.root → copied (ms_ch=9)
[PASS] wvfFind_event76981_trackID1_opNum8.root → copied (ms_ch=8)
[PASS] wvfFind_event15599_trackID6_opNum4.root → copied (ms_ch=4)
[PASS] wvfFind_event6173_trackID4_opNum8.root → copied (ms_ch=8)
[PASS] wvfFind_event18504_trackID8_opNum8.root → copied (ms_ch=8)
[PASS] wvfFind_event17108_trackID6_opNum5.root → copied (ms_ch=5)
[PASS] wvfFind_event32406_trackID9_opNum5.root → copied (ms_ch=5)
[PASS] wvfFind_event7068_trackID26_opNum8.root → copied (ms_ch=8)
[PASS] wvfFind_event18501_trackID3_opNum6.root → copied (ms_ch=6)
[PASS] wvfFind_event24048_trackID36_opNum5.root → copied (ms_ch=5)
[PASS] wvfFind_event16297_trackID12_opNum8.root → copied (ms_ch=8)
[PASS] wvfFind_event38834_trackID7_opNum5.root → copied (ms_ch=5)
[PASS] wvfFind_event54807_trackID22_opNum9.root → copied (ms_ch=9)
[PASS] wvfFind_event76908_trackID3_opNum9.root → copied (ms_ch=9)
[PASS] wvfFind_event62503_trackID3_opNum5_merged.root → copied (ms_ch=5)
[PASS] wvfFind_event33939_trackID6_opNum3.root → copied (ms_ch=3)
[PASS] wvfFind_event17487_trackID6_opNum3.root → copied (ms_ch=3)
[SKIP] wvfFind_event14412_trackID15_opNum2.root (ms_ch=2)
[PASS] wvfFind_event50443_trackID22_opNum9.root → copied (ms_ch=9)
[PASS] wvfFind_event7901_trackID0_opNum9.root → copied (ms_ch=9)
[PASS] wvfFind_event43679_trackID11_opNum8.root → copied (ms_ch=8)
[PASS] wvfFind_event24378_trackID12_opNum8.root → copied (ms_ch=8)
[SKIP] wvfFind_event31607_trackID9_opNum2.root (ms_ch=2)
[PASS] wvfFind_event36467_trackID10_opNum9.root → copied (ms_ch=9)
[SKIP] wvfFind_event12612_trackID3_opNum2_merged.root (ms_ch=2)
[PASS] wvfFind_event63121_trackID6_opNum4_merged.root → copied (ms_ch=4)
[PASS] wvfFind_event39290_trackID17_opNum7_merged.root → copied (ms_ch=7)
[SKIP] wvfFind_event68088_trackID10_opNum1_merged.root (ms_ch=1)
[SKIP] wvfFind_event45642_trackID5_opNum1_merged.root (ms_ch=1)
[PASS] wvfFind_event28215_trackID13_opNum9_2.root → copied (ms_ch=9)
[PASS] wvfFind_event31047_trackID2_opNum3_merged.root → copied (ms_ch=3)
[PASS] wvfFind_event18309_trackID15_opNum4_merged.root → copied (ms_ch=4)
[PASS] wvfFind_event70523_trackID12_opNum9_2.root → copied (ms_ch=9)
[PASS] wvfFind_event22891_trackID5_opNum5.root → copied (ms_ch=5)
[PASS] wvfFind_event56105_trackID13_opNum6_2.root → copied (ms_ch=6)
[PASS] wvfFind_event64231_trackID7_opNum9.root → copied (ms_ch=9)
[PASS] wvfFind_event46988_trackID7_opNum4.root → copied (ms_ch=4)
[SKIP] wvfFind_event6097_trackID7_opNum1_merged.root (ms_ch=1)
[SKIP] wvfFind_event38620_trackID6_opNum1_merged.root (ms_ch=1)
[PASS] wvfFind_event73081_trackID5_opNum5.root → copied (ms_ch=5)
[PASS] wvfFind_event73197_trackID15_opNum8_2.root → copied (ms_ch=8)
[SKIP] wvfFind_event44977_trackID10_opNum1_merged.root (ms_ch=1)
[PASS] wvfFind_event7515_trackID22_opNum6.root → copied (ms_ch=6)
[PASS] wvfFind_event77275_trackID6_opNum5_merged.root → copied (ms_ch=5)
[SKIP] wvfFind_event45557_trackID13_opNum2.root (ms_ch=2)
[PASS] wvfFind_event32918_trackID11_opNum8_3.root → copied (ms_ch=8)
[PASS] wvfFind_event53916_trackID17_opNum8_merged.root → copied (ms_ch=8)
[PASS] wvfFind_event26713_trackID8_opNum3.root → copied (ms_ch=3)
[PASS] wvfFind_event72522_trackID15_opNum5_merged.root → copied (ms_ch=5)
[PASS] wvfFind_event6359_trackID29_opNum7.root → copied (ms_ch=7)
[PASS] wvfFind_event7652_trackID6_opNum4.root → copied (ms_ch=4)
[PASS] wvfFind_event30943_trackID15_opNum8.root → copied (ms_ch=8)
[PASS] wvfFind_event36901_trackID4_opNum5.root → copied (ms_ch=5)
[SKIP] wvfFind_event33808_trackID25_opNum1_merged.root (ms_ch=1)
[PASS] wvfFind_event75150_trackID13_opNum9.root → copied (ms_ch=9)
[PASS] wvfFind_event37925_trackID8_opNum6_merged.root → copied (ms_ch=6)
[PASS] wvfFind_event9049_trackID3_opNum5.root → copied (ms_ch=5)
[PASS] wvfFind_event49020_trackID14_opNum7_merged.root → copied (ms_ch=7)
[PASS] wvfFind_event77746_trackID24_opNum9.root → copied (ms_ch=9)
[PASS] wvfFind_event26267_trackID0_opNum9.root → copied (ms_ch=9)
[SKIP] wvfFind_event75449_trackID1_opNum1_merged.root (ms_ch=1)
[PASS] wvfFind_event68836_trackID12_opNum5_merged.root → copied (ms_ch=5)
[PASS] wvfFind_event67845_trackID5_opNum9.root → copied (ms_ch=9)
[SKIP] wvfFind_event58613_trackID35_opNum1_merged.root (ms_ch=1)
[SKIP] wvfFind_event59754_trackID2_opNum1_merged.root (ms_ch=1)
[PASS] wvfFind_event31914_trackID45_opNum9.root → copied (ms_ch=9)
[PASS] wvfFind_event18227_trackID4_opNum9_2.root → copied (ms_ch=9)
[PASS] wvfFind_event65627_trackID42_opNum9.root → copied (ms_ch=9)
[PASS] wvfFind_event55281_trackID5_opNum4_merged.root → copied (ms_ch=4)
[PASS] wvfFind_event47919_trackID15_opNum7.root → copied (ms_ch=7)
[PASS] wvfFind_event59244_trackID1_opNum3_2.root → copied (ms_ch=3)
[SKIP] wvfFind_event56046_trackID7_opNum2.root (ms_ch=2)
[PASS] wvfFind_event76655_trackID3_opNum4.root → copied (ms_ch=4)
[PASS] wvfFind_event28718_trackID5_opNum4.root → copied (ms_ch=4)
[PASS] wvfFind_event15415_trackID9_opNum9_merged.root → copied (ms_ch=9)
[SKIP] wvfFind_event64560_trackID20_opNum1_merged.root (ms_ch=1)
[PASS] wvfFind_event9974_trackID9_opNum3.root → copied (ms_ch=3)
[PASS] wvfFind_event29831_trackID9_opNum4.root → copied (ms_ch=4)
[PASS] wvfFind_event57702_trackID0_opNum4.root → copied (ms_ch=4)
[PASS] wvfFind_event16801_trackID9_opNum4.root → copied (ms_ch=4)
[PASS] wvfFind_event74454_trackID19_opNum8_merged.root → copied (ms_ch=8)
[PASS] wvfFind_event35477_trackID25_opNum9_merged.root → copied (ms_ch=9)
[PASS] wvfFind_event27896_trackID8_opNum4_3.root → copied (ms_ch=4)
[PASS] wvfFind_event70511_trackID4_opNum9.root → copied (ms_ch=9)
[PASS] wvfFind_event26929_trackID18_opNum7.root → copied (ms_ch=7)
[PASS] wvfFind_event59783_trackID7_opNum4.root → copied (ms_ch=4)
[PASS] wvfFind_event60005_trackID26_opNum7_merged.root → copied (ms_ch=7)
[PASS] wvfFind_event77067_trackID12_opNum9.root → copied (ms_ch=9)
[PASS] wvfFind_event65688_trackID9_opNum8.root → copied (ms_ch=8)
[SKIP] wvfFind_event40371_trackID20_opNum2.root (ms_ch=2)
[PASS] wvfFind_event60087_trackID19_opNum3_2.root → copied (ms_ch=3)
[PASS] wvfFind_event27123_trackID8_opNum4.root → copied (ms_ch=4)
[PASS] wvfFind_event3431_trackID8_opNum4.root → copied (ms_ch=4)
[PASS] wvfFind_event40957_trackID13_opNum9_2.root → copied (ms_ch=9)
[PASS] wvfFind_event5678_trackID25_opNum9.root → copied (ms_ch=9)
[PASS] wvfFind_event42905_trackID3_opNum4.root → copied (ms_ch=4)
[SKIP] wvfFind_event76838_trackID2_opNum2.root (ms_ch=2)
[PASS] wvfFind_event29135_trackID14_opNum8.root → copied (ms_ch=8)
[SKIP] wvfFind_event48643_trackID16_opNum1_merged.root (ms_ch=1)
[PASS] wvfFind_event8279_trackID14_opNum6_2.root → copied (ms_ch=6)
[PASS] wvfFind_event59844_trackID17_opNum5.root → copied (ms_ch=5)
[PASS] wvfFind_event74506_trackID1_opNum4.root → copied (ms_ch=4)
[PASS] wvfFind_event26003_trackID15_opNum7.root → copied (ms_ch=7)
[PASS] wvfFind_event48174_trackID9_opNum4.root → copied (ms_ch=4)
[PASS] wvfFind_event2292_trackID28_opNum5.root → copied (ms_ch=5)
[PASS] wvfFind_event2480_trackID2_opNum9.root → copied (ms_ch=9)
[SKIP] wvfFind_event9617_trackID7_opNum2.root (ms_ch=2)
[PASS] wvfFind_event43876_trackID2_opNum3.root → copied (ms_ch=3)
[PASS] wvfFind_event71234_trackID11_opNum3_2.root → copied (ms_ch=3)
[PASS] wvfFind_event27950_trackID7_opNum4.root → copied (ms_ch=4)
[PASS] wvfFind_event8793_trackID2_opNum5_2.root → copied (ms_ch=5)
[PASS] wvfFind_event36901_trackID4_opNum5_2.root → copied (ms_ch=5)
[PASS] wvfFind_event24773_trackID13_opNum9.root → copied (ms_ch=9)
[PASS] wvfFind_event10874_trackID10_opNum4.root → copied (ms_ch=4)
[PASS] wvfFind_event9452_trackID3_opNum6.root → copied (ms_ch=6)
[PASS] wvfFind_event26397_trackID8_opNum4.root → copied (ms_ch=4)
[PASS] wvfFind_event16910_trackID0_opNum5_2.root → copied (ms_ch=5)
[PASS] wvfFind_event20931_trackID26_opNum3_merged.root → copied (ms_ch=3)
[PASS] wvfFind_event19114_trackID12_opNum5.root → copied (ms_ch=5)
[PASS] wvfFind_event288_trackID13_opNum9.root → copied (ms_ch=9)
[SKIP] wvfFind_event11690_trackID0_opNum2_2.root (ms_ch=2)
[PASS] wvfFind_event10994_trackID23_opNum9.root → copied (ms_ch=9)
[PASS] wvfFind_event26516_trackID1_opNum5.root → copied (ms_ch=5)
[PASS] wvfFind_event13022_trackID5_opNum9.root → copied (ms_ch=9)
[PASS] wvfFind_event16222_trackID8_opNum3.root → copied (ms_ch=3)
[PASS] wvfFind_event22569_trackID12_opNum6.root → copied (ms_ch=6)
[PASS] wvfFind_event7176_trackID9_opNum5.root → copied (ms_ch=5)
[PASS] wvfFind_event36364_trackID10_opNum6.root → copied (ms_ch=6)
[SKIP] wvfFind_event61871_trackID12_opNum2.root (ms_ch=2)
[SKIP] wvfFind_event496_trackID8_opNum2.root (ms_ch=2)
[PASS] wvfFind_event16281_trackID0_opNum4.root → copied (ms_ch=4)
[PASS] wvfFind_event40573_trackID2_opNum4.root → copied (ms_ch=4)
[PASS] wvfFind_event2376_trackID18_opNum5.root → copied (ms_ch=5)
[PASS] wvfFind_event32775_trackID31_opNum9_merged.root → copied (ms_ch=9)
[PASS] wvfFind_event20502_trackID1_opNum8.root → copied (ms_ch=8)
[SKIP] wvfFind_event39045_trackID24_opNum1_merged.root (ms_ch=1)
[PASS] wvfFind_event44592_trackID14_opNum3.root → copied (ms_ch=3)
[PASS] wvfFind_event71377_trackID4_opNum3_2.root → copied (ms_ch=3)
[PASS] wvfFind_event46417_trackID24_opNum3_2.root → copied (ms_ch=3)
[PASS] wvfFind_event39461_trackID10_opNum3_2.root → copied (ms_ch=3)
[PASS] wvfFind_event28028_trackID8_opNum5.root → copied (ms_ch=5)
[PASS] wvfFind_event49478_trackID15_opNum4.root → copied (ms_ch=4)
[PASS] wvfFind_event30303_trackID2_opNum4_2.root → copied (ms_ch=4)
[PASS] wvfFind_event38349_trackID4_opNum6_merged.root → copied (ms_ch=6)
[PASS] wvfFind_event65298_trackID12_opNum3.root → copied (ms_ch=3)
[PASS] wvfFind_event12550_trackID4_opNum5.root → copied (ms_ch=5)
[PASS] wvfFind_event72349_trackID12_opNum8.root → copied (ms_ch=8)
[PASS] wvfFind_event2904_trackID1_opNum4.root → copied (ms_ch=4)
[PASS] wvfFind_event71250_trackID16_opNum3.root → copied (ms_ch=3)
[PASS] wvfFind_event15417_trackID18_opNum5_2.root → copied (ms_ch=5)
[PASS] wvfFind_event74945_trackID19_opNum6.root → copied (ms_ch=6)
[PASS] wvfFind_event49382_trackID7_opNum4_2.root → copied (ms_ch=4)
[PASS] wvfFind_event17251_trackID0_opNum5_2.root → copied (ms_ch=5)
[SKIP] wvfFind_event25718_trackID8_opNum2.root (ms_ch=2)
[PASS] wvfFind_event74024_trackID8_opNum4_2.root → copied (ms_ch=4)
[PASS] wvfFind_event65719_trackID5_opNum4_2.root → copied (ms_ch=4)
[PASS] wvfFind_event59583_trackID4_opNum3_3.root → copied (ms_ch=3)
[SKIP] wvfFind_event45111_trackID1_opNum2_2.root (ms_ch=2)
[PASS] wvfFind_event57467_trackID6_opNum4.root → copied (ms_ch=4)
[SKIP] wvfFind_event27763_trackID3_opNum2_2.root (ms_ch=2)
[SKIP] wvfFind_event58435_trackID8_opNum1_merged.root (ms_ch=1)
[PASS] wvfFind_event64179_trackID10_opNum4.root → copied (ms_ch=4)
[PASS] wvfFind_event16321_trackID38_opNum9_merged.root → copied (ms_ch=9)
[PASS] wvfFind_event39400_trackID7_opNum4.root → copied (ms_ch=4)
[SKIP] wvfFind_event9559_trackID11_opNum2_2.root (ms_ch=2)
[PASS] wvfFind_event72642_trackID12_opNum9.root → copied (ms_ch=9)
[PASS] wvfFind_event68396_trackID4_opNum5_2.root → copied (ms_ch=5)
[PASS] wvfFind_event70184_trackID14_opNum7.root → copied (ms_ch=7)
[PASS] wvfFind_event56899_trackID9_opNum5.root → copied (ms_ch=5)
[PASS] wvfFind_event4159_trackID6_opNum9.root → copied (ms_ch=9)
[PASS] wvfFind_event9499_trackID8_opNum8.root → copied (ms_ch=8)
[PASS] wvfFind_event2252_trackID10_opNum5.root → copied (ms_ch=5)
[SKIP] wvfFind_event41693_trackID33_opNum1_merged.root (ms_ch=1)
[PASS] wvfFind_event68989_trackID2_opNum4.root → copied (ms_ch=4)
[SKIP] wvfFind_event19615_trackID8_opNum2.root (ms_ch=2)
[PASS] wvfFind_event1682_trackID6_opNum3_2.root → copied (ms_ch=3)
[PASS] wvfFind_event57860_trackID6_opNum6.root → copied (ms_ch=6)
[PASS] wvfFind_event37627_trackID8_opNum9.root → copied (ms_ch=9)
[PASS] wvfFind_event57145_trackID8_opNum5.root → copied (ms_ch=5)
[SKIP] wvfFind_event1490_trackID9_opNum1_merged.root (ms_ch=1)
[PASS] wvfFind_event51387_trackID4_opNum8_2.root → copied (ms_ch=8)
[PASS] wvfFind_event64884_trackID6_opNum5.root → copied (ms_ch=5)
[PASS] wvfFind_event3751_trackID2_opNum9.root → copied (ms_ch=9)
[PASS] wvfFind_event57664_trackID2_opNum5.root → copied (ms_ch=5)
[SKIP] wvfFind_event75082_trackID11_opNum2_2.root (ms_ch=2)
[SKIP] wvfFind_event56649_trackID4_opNum2.root (ms_ch=2)
[PASS] wvfFind_event77429_trackID11_opNum5.root → copied (ms_ch=5)
[PASS] wvfFind_event41678_trackID12_opNum9.root → copied (ms_ch=9)
[PASS] wvfFind_event47316_trackID4_opNum4.root → copied (ms_ch=4)
[PASS] wvfFind_event59_trackID3_opNum4.root → copied (ms_ch=4)
[PASS] wvfFind_event46816_trackID3_opNum6_merged.root → copied (ms_ch=6)
[SKIP] wvfFind_event1517_trackID28_opNum2.root (ms_ch=2)
[SKIP] wvfFind_event76651_trackID3_opNum2.root (ms_ch=2)
[PASS] wvfFind_event15005_trackID11_opNum4.root → copied (ms_ch=4)
[PASS] wvfFind_event14019_trackID0_opNum5_2.root → copied (ms_ch=5)
[PASS] wvfFind_event56466_trackID4_opNum9.root → copied (ms_ch=9)
[SKIP] wvfFind_event48403_trackID25_opNum2_merged.root (ms_ch=2)
[PASS] wvfFind_event71404_trackID7_opNum4.root → copied (ms_ch=4)
[PASS] wvfFind_event73096_trackID5_opNum4.root → copied (ms_ch=4)
[PASS] wvfFind_event42974_trackID13_opNum3.root → copied (ms_ch=3)
[PASS] wvfFind_event34578_trackID24_opNum4_merged.root → copied (ms_ch=4)
[PASS] wvfFind_event28396_trackID3_opNum5.root → copied (ms_ch=5)
[PASS] wvfFind_event68846_trackID7_opNum8.root → copied (ms_ch=8)
[PASS] wvfFind_event69411_trackID4_opNum9_2.root → copied (ms_ch=9)
[SKIP] wvfFind_event39535_trackID19_opNum2.root (ms_ch=2)
[PASS] wvfFind_event50433_trackID19_opNum9.root → copied (ms_ch=9)
[PASS] wvfFind_event11350_trackID6_opNum5_2.root → copied (ms_ch=5)
[PASS] wvfFind_event16694_trackID21_opNum5.root → copied (ms_ch=5)
[PASS] wvfFind_event18510_trackID14_opNum3.root → copied (ms_ch=3)
[PASS] wvfFind_event1738_trackID21_opNum5.root → copied (ms_ch=5)
[PASS] wvfFind_event16092_trackID11_opNum3.root → copied (ms_ch=3)
[PASS] wvfFind_event67164_trackID5_opNum3.root → copied (ms_ch=3)
[PASS] wvfFind_event61332_trackID22_opNum9.root → copied (ms_ch=9)
[SKIP] wvfFind_event2354_trackID18_opNum2.root (ms_ch=2)
[PASS] wvfFind_event75864_trackID10_opNum9_2.root → copied (ms_ch=9)
[PASS] wvfFind_event56950_trackID22_opNum7.root → copied (ms_ch=7)
[PASS] wvfFind_event74388_trackID8_opNum9.root → copied (ms_ch=9)
[PASS] wvfFind_event71125_trackID1_opNum3.root → copied (ms_ch=3)
[PASS] wvfFind_event32667_trackID4_opNum6.root → copied (ms_ch=6)
[PASS] wvfFind_event43986_trackID18_opNum8_merged.root → copied (ms_ch=8)
[PASS] wvfFind_event59422_trackID12_opNum3.root → copied (ms_ch=3)
[PASS] wvfFind_event69096_trackID10_opNum8.root → copied (ms_ch=8)
[PASS] wvfFind_event29113_trackID1_opNum8.root → copied (ms_ch=8)
[PASS] wvfFind_event30672_trackID11_opNum5.root → copied (ms_ch=5)
[PASS] wvfFind_event6853_trackID14_opNum3_3.root → copied (ms_ch=3)
[PASS] wvfFind_event73012_trackID3_opNum4.root → copied (ms_ch=4)
[PASS] wvfFind_event13931_trackID29_opNum5.root → copied (ms_ch=5)
[PASS] wvfFind_event23956_trackID6_opNum3.root → copied (ms_ch=3)
[PASS] wvfFind_event35291_trackID5_opNum4.root → copied (ms_ch=4)
[PASS] wvfFind_event33747_trackID8_opNum4.root → copied (ms_ch=4)
[SKIP] wvfFind_event32003_trackID25_opNum1_merged.root (ms_ch=1)
[PASS] wvfFind_event3579_trackID25_opNum8.root → copied (ms_ch=8)
[PASS] wvfFind_event71877_trackID4_opNum4.root → copied (ms_ch=4)
[PASS] wvfFind_event59576_trackID7_opNum5_2.root → copied (ms_ch=5)
[PASS] wvfFind_event50641_trackID17_opNum9_merged.root → copied (ms_ch=9)
[SKIP] wvfFind_event34899_trackID16_opNum1_merged.root (ms_ch=1)
[PASS] wvfFind_event51201_trackID28_opNum6.root → copied (ms_ch=6)
[PASS] wvfFind_event54865_trackID13_opNum7_merged.root → copied (ms_ch=7)
[SKIP] wvfFind_event76874_trackID3_opNum2.root (ms_ch=2)
[PASS] wvfFind_event60575_trackID4_opNum3_2.root → copied (ms_ch=3)
[PASS] wvfFind_event34897_trackID3_opNum4.root → copied (ms_ch=4)
[PASS] wvfFind_event37657_trackID14_opNum5.root → copied (ms_ch=5)
[SKIP] wvfFind_event24761_trackID16_opNum1_merged.root (ms_ch=1)
[PASS] wvfFind_event38149_trackID13_opNum9.root → copied (ms_ch=9)
[PASS] wvfFind_event199_trackID4_opNum5.root → copied (ms_ch=5)
[PASS] wvfFind_event15544_trackID17_opNum3.root → copied (ms_ch=3)
[PASS] wvfFind_event30198_trackID4_opNum5_2.root → copied (ms_ch=5)
[PASS] wvfFind_event4518_trackID4_opNum6.root → copied (ms_ch=6)
[PASS] wvfFind_event34321_trackID12_opNum5.root → copied (ms_ch=5)
[PASS] wvfFind_event24408_trackID7_opNum8.root → copied (ms_ch=8)
[SKIP] wvfFind_event32459_trackID8_opNum2.root (ms_ch=2)
[PASS] wvfFind_event13064_trackID4_opNum5.root → copied (ms_ch=5)
[PASS] wvfFind_event38728_trackID11_opNum7.root → copied (ms_ch=7)
[PASS] wvfFind_event24072_trackID0_opNum5.root → copied (ms_ch=5)
[PASS] wvfFind_event17633_trackID8_opNum5.root → copied (ms_ch=5)
[PASS] wvfFind_event955_trackID5_opNum3.root → copied (ms_ch=3)
[PASS] wvfFind_event72592_trackID6_opNum9_2.root → copied (ms_ch=9)
[PASS] wvfFind_event60575_trackID4_opNum3.root → copied (ms_ch=3)
[SKIP] wvfFind_event19669_trackID10_opNum1_merged.root (ms_ch=1)
[PASS] wvfFind_event64589_trackID12_opNum4_2.root → copied (ms_ch=4)
[PASS] wvfFind_event8772_trackID5_opNum9.root → copied (ms_ch=9)
[PASS] wvfFind_event18686_trackID19_opNum6.root → copied (ms_ch=6)
[PASS] wvfFind_event64699_trackID19_opNum3.root → copied (ms_ch=3)
[PASS] wvfFind_event70538_trackID3_opNum8.root → copied (ms_ch=8)
[PASS] wvfFind_event53624_trackID1_opNum5.root → copied (ms_ch=5)
[PASS] wvfFind_event15226_trackID16_opNum6.root → copied (ms_ch=6)
[PASS] wvfFind_event3168_trackID24_opNum3.root → copied (ms_ch=3)
[PASS] wvfFind_event13384_trackID2_opNum9.root → copied (ms_ch=9)
[PASS] wvfFind_event13669_trackID12_opNum7_merged.root → copied (ms_ch=7)
[PASS] wvfFind_event53258_trackID2_opNum3.root → copied (ms_ch=3)
[PASS] wvfFind_event21634_trackID2_opNum9_2.root → copied (ms_ch=9)
[PASS] wvfFind_event40652_trackID6_opNum6.root → copied (ms_ch=6)
[PASS] wvfFind_event15109_trackID7_opNum8.root → copied (ms_ch=8)
[PASS] wvfFind_event3021_trackID3_opNum3_merged.root → copied (ms_ch=3)
[PASS] wvfFind_event56267_trackID4_opNum8.root → copied (ms_ch=8)
[SKIP] wvfFind_event70533_trackID3_opNum2.root (ms_ch=2)
[PASS] wvfFind_event74935_trackID2_opNum3_2.root → copied (ms_ch=3)
[PASS] wvfFind_event25206_trackID11_opNum6.root → copied (ms_ch=6)
[PASS] wvfFind_event17109_trackID9_opNum5.root → copied (ms_ch=5)
[PASS] wvfFind_event69394_trackID10_opNum5_merged.root → copied (ms_ch=5)
[SKIP] wvfFind_event10969_trackID9_opNum2.root (ms_ch=2)
[SKIP] wvfFind_event57882_trackID7_opNum1_merged.root (ms_ch=1)
[PASS] wvfFind_event35012_trackID24_opNum9.root → copied (ms_ch=9)
[PASS] wvfFind_event1558_trackID1_opNum5.root → copied (ms_ch=5)
[PASS] wvfFind_event27053_trackID12_opNum5.root → copied (ms_ch=5)
[PASS] wvfFind_event32667_trackID4_opNum6_2.root → copied (ms_ch=6)
[PASS] wvfFind_event13137_trackID7_opNum4.root → copied (ms_ch=4)
[PASS] wvfFind_event76430_trackID2_opNum7_2.root → copied (ms_ch=7)
[PASS] wvfFind_event16743_trackID12_opNum6.root → copied (ms_ch=6)
[PASS] wvfFind_event234_trackID21_opNum8.root → copied (ms_ch=8)
[PASS] wvfFind_event30891_trackID4_opNum9.root → copied (ms_ch=9)
[PASS] wvfFind_event76881_trackID3_opNum4_2.root → copied (ms_ch=4)
[PASS] wvfFind_event55060_trackID7_opNum7.root → copied (ms_ch=7)
[PASS] wvfFind_event25908_trackID19_opNum9.root → copied (ms_ch=9)
[PASS] wvfFind_event58333_trackID22_opNum6_merged.root → copied (ms_ch=6)
[PASS] wvfFind_event18184_trackID8_opNum9.root → copied (ms_ch=9)
[PASS] wvfFind_event48121_trackID1_opNum3.root → copied (ms_ch=3)
[SKIP] wvfFind_event22444_trackID13_opNum1_merged.root (ms_ch=1)
[PASS] wvfFind_event72577_trackID10_opNum3.root → copied (ms_ch=3)
[PASS] wvfFind_event13531_trackID6_opNum3.root → copied (ms_ch=3)
[PASS] wvfFind_event72170_trackID11_opNum8.root → copied (ms_ch=8)
[PASS] wvfFind_event69114_trackID0_opNum4.root → copied (ms_ch=4)
[PASS] wvfFind_event39086_trackID5_opNum4.root → copied (ms_ch=4)
[PASS] wvfFind_event77481_trackID6_opNum8_2.root → copied (ms_ch=8)
[PASS] wvfFind_event55536_trackID0_opNum3.root → copied (ms_ch=3)
[SKIP] wvfFind_event49522_trackID9_opNum2_merged.root (ms_ch=2)
[PASS] wvfFind_event8294_trackID2_opNum5_merged.root → copied (ms_ch=5)
[PASS] wvfFind_event10125_trackID1_opNum4.root → copied (ms_ch=4)
[PASS] wvfFind_event5475_trackID3_opNum8_merged.root → copied (ms_ch=8)
[PASS] wvfFind_event42478_trackID0_opNum5.root → copied (ms_ch=5)
[SKIP] wvfFind_event25220_trackID7_opNum2.root (ms_ch=2)
[PASS] wvfFind_event52252_trackID2_opNum5_2.root → copied (ms_ch=5)
[PASS] wvfFind_event41056_trackID5_opNum5.root → copied (ms_ch=5)
[SKIP] wvfFind_event39335_trackID17_opNum2.root (ms_ch=2)
[PASS] wvfFind_event48621_trackID8_opNum3.root → copied (ms_ch=3)
[PASS] wvfFind_event5115_trackID6_opNum4_2.root → copied (ms_ch=4)
[PASS] wvfFind_event50749_trackID8_opNum4_2.root → copied (ms_ch=4)
[PASS] wvfFind_event62267_trackID29_opNum3.root → copied (ms_ch=3)
[PASS] wvfFind_event64434_trackID4_opNum5.root → copied (ms_ch=5)
[PASS] wvfFind_event11994_trackID15_opNum6.root → copied (ms_ch=6)
[PASS] wvfFind_event15141_trackID5_opNum5.root → copied (ms_ch=5)
[PASS] wvfFind_event68769_trackID4_opNum4.root → copied (ms_ch=4)
[PASS] wvfFind_event61006_trackID9_opNum4.root → copied (ms_ch=4)
[PASS] wvfFind_event69280_trackID17_opNum9.root → copied (ms_ch=9)
[PASS] wvfFind_event60595_trackID4_opNum4.root → copied (ms_ch=4)
[PASS] wvfFind_event69_trackID8_opNum3.root → copied (ms_ch=3)
[PASS] wvfFind_event65336_trackID4_opNum5.root → copied (ms_ch=5)
[PASS] wvfFind_event5488_trackID7_opNum7.root → copied (ms_ch=7)
[PASS] wvfFind_event75623_trackID5_opNum9.root → copied (ms_ch=9)
[PASS] wvfFind_event28677_trackID21_opNum5_2.root → copied (ms_ch=5)
[PASS] wvfFind_event9106_trackID6_opNum8_2.root → copied (ms_ch=8)
[PASS] wvfFind_event13756_trackID12_opNum8.root → copied (ms_ch=8)
[PASS] wvfFind_event1705_trackID8_opNum8.root → copied (ms_ch=8)
[PASS] wvfFind_event24344_trackID14_opNum9_merged.root → copied (ms_ch=9)
[SKIP] wvfFind_event59556_trackID10_opNum2.root (ms_ch=2)
[PASS] wvfFind_event38543_trackID7_opNum3.root → copied (ms_ch=3)
[SKIP] wvfFind_event8218_trackID3_opNum2.root (ms_ch=2)
[PASS] wvfFind_event16973_trackID6_opNum3.root → copied (ms_ch=3)
[PASS] wvfFind_event64884_trackID6_opNum5_2.root → copied (ms_ch=5)
[PASS] wvfFind_event3587_trackID17_opNum9.root → copied (ms_ch=9)
[PASS] wvfFind_event44778_trackID12_opNum7.root → copied (ms_ch=7)
[PASS] wvfFind_event6406_trackID0_opNum9.root → copied (ms_ch=9)
[PASS] wvfFind_event19722_trackID16_opNum8.root → copied (ms_ch=8)
[PASS] wvfFind_event47317_trackID2_opNum9_2.root → copied (ms_ch=9)
[PASS] wvfFind_event25475_trackID6_opNum5_2.root → copied (ms_ch=5)
[PASS] wvfFind_event34608_trackID8_opNum3.root → copied (ms_ch=3)
[PASS] wvfFind_event7168_trackID22_opNum9.root → copied (ms_ch=9)
[PASS] wvfFind_event13350_trackID8_opNum6.root → copied (ms_ch=6)
[PASS] wvfFind_event6200_trackID13_opNum5.root → copied (ms_ch=5)
[PASS] wvfFind_event19310_trackID2_opNum6_merged.root → copied (ms_ch=6)
[PASS] wvfFind_event74280_trackID13_opNum9.root → copied (ms_ch=9)
[PASS] wvfFind_event5449_trackID9_opNum4.root → copied (ms_ch=4)
[PASS] wvfFind_event68988_trackID8_opNum5.root → copied (ms_ch=5)
[PASS] wvfFind_event56048_trackID7_opNum8.root → copied (ms_ch=8)
[PASS] wvfFind_event17173_trackID2_opNum8.root → copied (ms_ch=8)
[PASS] wvfFind_event32820_trackID23_opNum9.root → copied (ms_ch=9)
[PASS] wvfFind_event55166_trackID4_opNum4.root → copied (ms_ch=4)
[PASS] wvfFind_event27068_trackID18_opNum6.root → copied (ms_ch=6)
[PASS] wvfFind_event2769_trackID0_opNum9_merged.root → copied (ms_ch=9)
[PASS] wvfFind_event24664_trackID5_opNum4.root → copied (ms_ch=4)
[PASS] wvfFind_event74236_trackID12_opNum3_merged.root → copied (ms_ch=3)
[PASS] wvfFind_event36976_trackID16_opNum3_3.root → copied (ms_ch=3)
[PASS] wvfFind_event42706_trackID23_opNum9.root → copied (ms_ch=9)
[PASS] wvfFind_event54640_trackID2_opNum5.root → copied (ms_ch=5)
[PASS] wvfFind_event17286_trackID9_opNum4.root → copied (ms_ch=4)
[SKIP] wvfFind_event51441_trackID8_opNum1_merged.root (ms_ch=1)
[PASS] wvfFind_event38444_trackID13_opNum3.root → copied (ms_ch=3)
[PASS] wvfFind_event29600_trackID19_opNum9.root → copied (ms_ch=9)
[PASS] wvfFind_event48764_trackID9_opNum7.root → copied (ms_ch=7)
[PASS] wvfFind_event47390_trackID0_opNum3.root → copied (ms_ch=3)
[PASS] wvfFind_event32620_trackID10_opNum9.root → copied (ms_ch=9)
[PASS] wvfFind_event34159_trackID11_opNum9_merged.root → copied (ms_ch=9)
[PASS] wvfFind_event48661_trackID1_opNum9.root → copied (ms_ch=9)
[SKIP] wvfFind_event31772_trackID10_opNum2.root (ms_ch=2)
[PASS] wvfFind_event50984_trackID8_opNum5.root → copied (ms_ch=5)
[PASS] wvfFind_event50400_trackID7_opNum6_2.root → copied (ms_ch=6)
[PASS] wvfFind_event77722_trackID7_opNum8.root → copied (ms_ch=8)
[PASS] wvfFind_event8433_trackID5_opNum4.root → copied (ms_ch=4)
[PASS] wvfFind_event46274_trackID16_opNum3.root → copied (ms_ch=3)
[PASS] wvfFind_event23905_trackID0_opNum4.root → copied (ms_ch=4)
[PASS] wvfFind_event77040_trackID15_opNum3.root → copied (ms_ch=3)
[SKIP] wvfFind_event63827_trackID22_opNum2_3.root (ms_ch=2)
[PASS] wvfFind_event4404_trackID14_opNum9_2.root → copied (ms_ch=9)
[SKIP] wvfFind_event13303_trackID17_opNum1_merged.root (ms_ch=1)
[PASS] wvfFind_event1733_trackID2_opNum9.root → copied (ms_ch=9)
[PASS] wvfFind_event16760_trackID20_opNum9.root → copied (ms_ch=9)
[PASS] wvfFind_event48551_trackID7_opNum3_2.root → copied (ms_ch=3)
[PASS] wvfFind_event18509_trackID9_opNum9_2.root → copied (ms_ch=9)
[PASS] wvfFind_event151_trackID14_opNum9.root → copied (ms_ch=9)
[PASS] wvfFind_event35749_trackID0_opNum9_2.root → copied (ms_ch=9)
[PASS] wvfFind_event71511_trackID12_opNum8.root → copied (ms_ch=8)
[PASS] wvfFind_event46913_trackID5_opNum8.root → copied (ms_ch=8)
[PASS] wvfFind_event13696_trackID1_opNum9.root → copied (ms_ch=9)
[PASS] wvfFind_event24666_trackID8_opNum9.root → copied (ms_ch=9)
[PASS] wvfFind_event36920_trackID15_opNum4.root → copied (ms_ch=4)
[PASS] wvfFind_event53632_trackID20_opNum4.root → copied (ms_ch=4)
[PASS] wvfFind_event73081_trackID5_opNum5_3.root → copied (ms_ch=5)
[PASS] wvfFind_event51904_trackID8_opNum8_merged.root → copied (ms_ch=8)
[PASS] wvfFind_event12627_trackID14_opNum8.root → copied (ms_ch=8)
[PASS] wvfFind_event46075_trackID19_opNum3.root → copied (ms_ch=3)
[PASS] wvfFind_event26438_trackID4_opNum4.root → copied (ms_ch=4)
[PASS] wvfFind_event30881_trackID17_opNum5.root → copied (ms_ch=5)
[PASS] wvfFind_event75165_trackID14_opNum3_2.root → copied (ms_ch=3)
[PASS] wvfFind_event62820_trackID2_opNum9.root → copied (ms_ch=9)
[SKIP] wvfFind_event644_trackID22_opNum1_merged.root (ms_ch=1)
[PASS] wvfFind_event51792_trackID18_opNum4.root → copied (ms_ch=4)
[PASS] wvfFind_event55708_trackID0_opNum6.root → copied (ms_ch=6)
[PASS] wvfFind_event71918_trackID4_opNum4.root → copied (ms_ch=4)
[PASS] wvfFind_event56884_trackID9_opNum4.root → copied (ms_ch=4)
[PASS] wvfFind_event24437_trackID13_opNum5.root → copied (ms_ch=5)
[PASS] wvfFind_event68023_trackID8_opNum3.root → copied (ms_ch=3)
[PASS] wvfFind_event29593_trackID20_opNum8.root → copied (ms_ch=8)
[PASS] wvfFind_event26859_trackID20_opNum9.root → copied (ms_ch=9)
[PASS] wvfFind_event46055_trackID12_opNum7.root → copied (ms_ch=7)
[PASS] wvfFind_event5105_trackID7_opNum8.root → copied (ms_ch=8)
[PASS] wvfFind_event39331_trackID3_opNum3.root → copied (ms_ch=3)
[PASS] wvfFind_event19378_trackID2_opNum4_2.root → copied (ms_ch=4)
[PASS] wvfFind_event68897_trackID9_opNum3.root → copied (ms_ch=3)
[PASS] wvfFind_event41516_trackID6_opNum7_merged.root → copied (ms_ch=7)
[PASS] wvfFind_event43659_trackID13_opNum9_3.root → copied (ms_ch=9)
[PASS] wvfFind_event58290_trackID17_opNum7_merged.root → copied (ms_ch=7)
[PASS] wvfFind_event62492_trackID8_opNum9.root → copied (ms_ch=9)
[PASS] wvfFind_event34128_trackID11_opNum8.root → copied (ms_ch=8)
[PASS] wvfFind_event66102_trackID6_opNum5.root → copied (ms_ch=5)
[PASS] wvfFind_event33428_trackID11_opNum5.root → copied (ms_ch=5)
[PASS] wvfFind_event72778_trackID8_opNum5_2.root → copied (ms_ch=5)
[PASS] wvfFind_event67550_trackID29_opNum4_merged.root → copied (ms_ch=4)
[PASS] wvfFind_event77845_trackID30_opNum9.root → copied (ms_ch=9)
[PASS] wvfFind_event48012_trackID7_opNum4.root → copied (ms_ch=4)
[PASS] wvfFind_event75020_trackID7_opNum8_merged.root → copied (ms_ch=8)
[PASS] wvfFind_event65853_trackID0_opNum8_merged.root → copied (ms_ch=8)
[PASS] wvfFind_event65556_trackID1_opNum4.root → copied (ms_ch=4)
[PASS] wvfFind_event69303_trackID23_opNum5.root → copied (ms_ch=5)
[PASS] wvfFind_event62513_trackID1_opNum4.root → copied (ms_ch=4)
[PASS] wvfFind_event33233_trackID6_opNum8.root → copied (ms_ch=8)
[PASS] wvfFind_event30722_trackID11_opNum4_2.root → copied (ms_ch=4)
[PASS] wvfFind_event43647_trackID14_opNum3.root → copied (ms_ch=3)
[PASS] wvfFind_event62169_trackID6_opNum9.root → copied (ms_ch=9)
[SKIP] wvfFind_event37754_trackID10_opNum1_merged.root (ms_ch=1)
[PASS] wvfFind_event16802_trackID7_opNum6_merged.root → copied (ms_ch=6)
[PASS] wvfFind_event70983_trackID20_opNum8.root → copied (ms_ch=8)
[PASS] wvfFind_event2732_trackID17_opNum9.root → copied (ms_ch=9)
[PASS] wvfFind_event19631_trackID1_opNum9.root → copied (ms_ch=9)
[PASS] wvfFind_event31178_trackID4_opNum5.root → copied (ms_ch=5)
[PASS] wvfFind_event5559_trackID24_opNum9.root → copied (ms_ch=9)
[PASS] wvfFind_event69614_trackID17_opNum5_2.root → copied (ms_ch=5)
[PASS] wvfFind_event53536_trackID1_opNum9.root → copied (ms_ch=9)
[SKIP] wvfFind_event52169_trackID3_opNum2_merged.root (ms_ch=2)
[PASS] wvfFind_event60527_trackID8_opNum5.root → copied (ms_ch=5)
[PASS] wvfFind_event20331_trackID1_opNum9.root → copied (ms_ch=9)
[PASS] wvfFind_event31545_trackID16_opNum8.root → copied (ms_ch=8)
[PASS] wvfFind_event172_trackID1_opNum5.root → copied (ms_ch=5)
[PASS] wvfFind_event5362_trackID1_opNum6.root → copied (ms_ch=6)
[PASS] wvfFind_event24701_trackID5_opNum8.root → copied (ms_ch=8)
[PASS] wvfFind_event12144_trackID30_opNum7.root → copied (ms_ch=7)
[PASS] wvfFind_event15607_trackID10_opNum3.root → copied (ms_ch=3)
[PASS] wvfFind_event24333_trackID9_opNum4.root → copied (ms_ch=4)
[SKIP] wvfFind_event41651_trackID4_opNum2.root (ms_ch=2)
[PASS] wvfFind_event68214_trackID15_opNum5_3.root → copied (ms_ch=5)
[PASS] wvfFind_event19176_trackID12_opNum3.root → copied (ms_ch=3)
[PASS] wvfFind_event3761_trackID4_opNum7_2.root → copied (ms_ch=7)
[PASS] wvfFind_event64146_trackID25_opNum9.root → copied (ms_ch=9)
[PASS] wvfFind_event22179_trackID16_opNum4.root → copied (ms_ch=4)
[PASS] wvfFind_event27810_trackID14_opNum3_2.root → copied (ms_ch=3)
[PASS] wvfFind_event55005_trackID0_opNum3.root → copied (ms_ch=3)
[SKIP] wvfFind_event38119_trackID2_opNum2_merged.root (ms_ch=2)
[SKIP] wvfFind_event58357_trackID10_opNum2.root (ms_ch=2)
[PASS] wvfFind_event74014_trackID17_opNum8.root → copied (ms_ch=8)
[PASS] wvfFind_event49732_trackID10_opNum3_2.root → copied (ms_ch=3)
[PASS] wvfFind_event20329_trackID1_opNum4.root → copied (ms_ch=4)
[PASS] wvfFind_event8460_trackID9_opNum4_merged.root → copied (ms_ch=4)
[SKIP] wvfFind_event66032_trackID40_opNum1_merged.root (ms_ch=1)
[PASS] wvfFind_event27622_trackID11_opNum5.root → copied (ms_ch=5)
[SKIP] wvfFind_event16682_trackID27_opNum1_merged.root (ms_ch=1)
[PASS] wvfFind_event48541_trackID21_opNum5.root → copied (ms_ch=5)
[PASS] wvfFind_event22780_trackID21_opNum7_merged.root → copied (ms_ch=7)
[PASS] wvfFind_event73711_trackID4_opNum4.root → copied (ms_ch=4)
[PASS] wvfFind_event51092_trackID20_opNum5.root → copied (ms_ch=5)
[PASS] wvfFind_event20776_trackID12_opNum9_merged.root → copied (ms_ch=9)
[PASS] wvfFind_event72453_trackID12_opNum8.root → copied (ms_ch=8)
[PASS] wvfFind_event63881_trackID17_opNum3_merged.root → copied (ms_ch=3)
[SKIP] wvfFind_event54707_trackID10_opNum1_merged.root (ms_ch=1)
[PASS] wvfFind_event22005_trackID3_opNum7.root → copied (ms_ch=7)
[PASS] wvfFind_event32859_trackID4_opNum4.root → copied (ms_ch=4)
[PASS] wvfFind_event21605_trackID21_opNum8_2.root → copied (ms_ch=8)
[SKIP] wvfFind_event45355_trackID7_opNum1_merged.root (ms_ch=1)
[PASS] wvfFind_event61602_trackID0_opNum5.root → copied (ms_ch=5)
[PASS] wvfFind_event51336_trackID5_opNum4.root → copied (ms_ch=4)
[PASS] wvfFind_event48754_trackID3_opNum5.root → copied (ms_ch=5)
[PASS] wvfFind_event31587_trackID0_opNum5_2.root → copied (ms_ch=5)
[PASS] wvfFind_event44290_trackID11_opNum6_2.root → copied (ms_ch=6)
[SKIP] wvfFind_event33639_trackID4_opNum2_3.root (ms_ch=2)
[PASS] wvfFind_event16298_trackID17_opNum6.root → copied (ms_ch=6)
[PASS] wvfFind_event66183_trackID5_opNum4.root → copied (ms_ch=4)
[PASS] wvfFind_event48788_trackID13_opNum8.root → copied (ms_ch=8)
[PASS] wvfFind_event75507_trackID1_opNum6_2.root → copied (ms_ch=6)
[PASS] wvfFind_event17988_trackID0_opNum5.root → copied (ms_ch=5)
[PASS] wvfFind_event35942_trackID3_opNum4.root → copied (ms_ch=4)
[SKIP] wvfFind_event4794_trackID10_opNum2_merged.root (ms_ch=2)
[SKIP] wvfFind_event51159_trackID6_opNum2.root (ms_ch=2)
[PASS] wvfFind_event60622_trackID8_opNum4.root → copied (ms_ch=4)
[PASS] wvfFind_event12622_trackID0_opNum5_2.root → copied (ms_ch=5)
[PASS] wvfFind_event41470_trackID2_opNum9.root → copied (ms_ch=9)
[PASS] wvfFind_event22748_trackID9_opNum3.root → copied (ms_ch=3)
[PASS] wvfFind_event38466_trackID9_opNum6.root → copied (ms_ch=6)
[PASS] wvfFind_event29653_trackID7_opNum4.root → copied (ms_ch=4)
[PASS] wvfFind_event19191_trackID8_opNum8.root → copied (ms_ch=8)
[PASS] wvfFind_event20250_trackID27_opNum8.root → copied (ms_ch=8)
[PASS] wvfFind_event77442_trackID2_opNum3_merged.root → copied (ms_ch=3)
[PASS] wvfFind_event32941_trackID9_opNum6.root → copied (ms_ch=6)
[PASS] wvfFind_event35870_trackID9_opNum4.root → copied (ms_ch=4)
[PASS] wvfFind_event62608_trackID13_opNum3.root → copied (ms_ch=3)
[PASS] wvfFind_event8327_trackID4_opNum8_merged.root → copied (ms_ch=8)
[PASS] wvfFind_event53227_trackID8_opNum4_2.root → copied (ms_ch=4)
[PASS] wvfFind_event55984_trackID5_opNum9.root → copied (ms_ch=9)
[PASS] wvfFind_event8032_trackID3_opNum5.root → copied (ms_ch=5)
[PASS] wvfFind_event15401_trackID23_opNum3.root → copied (ms_ch=3)
[PASS] wvfFind_event21281_trackID2_opNum5.root → copied (ms_ch=5)
[PASS] wvfFind_event57112_trackID2_opNum9.root → copied (ms_ch=9)
[SKIP] wvfFind_event5265_trackID4_opNum1_merged.root (ms_ch=1)
[PASS] wvfFind_event1741_trackID22_opNum6.root → copied (ms_ch=6)
[PASS] wvfFind_event3146_trackID3_opNum5_2.root → copied (ms_ch=5)
[PASS] wvfFind_event75725_trackID4_opNum4.root → copied (ms_ch=4)
[SKIP] wvfFind_event51269_trackID2_opNum2.root (ms_ch=2)
[PASS] wvfFind_event1479_trackID7_opNum5_2.root → copied (ms_ch=5)
[PASS] wvfFind_event75143_trackID36_opNum9.root → copied (ms_ch=9)
[PASS] wvfFind_event36003_trackID9_opNum9.root → copied (ms_ch=9)
[PASS] wvfFind_event54661_trackID11_opNum9.root → copied (ms_ch=9)
[PASS] wvfFind_event2083_trackID6_opNum3.root → copied (ms_ch=3)
[PASS] wvfFind_event46865_trackID4_opNum6.root → copied (ms_ch=6)
[SKIP] wvfFind_event20218_trackID16_opNum2.root (ms_ch=2)
[PASS] wvfFind_event30672_trackID11_opNum5_2.root → copied (ms_ch=5)
[PASS] wvfFind_event45686_trackID1_opNum5.root → copied (ms_ch=5)
[PASS] wvfFind_event18962_trackID21_opNum6.root → copied (ms_ch=6)
[PASS] wvfFind_event63740_trackID6_opNum5.root → copied (ms_ch=5)
[PASS] wvfFind_event63224_trackID5_opNum5.root → copied (ms_ch=5)
[PASS] wvfFind_event30393_trackID24_opNum6_2.root → copied (ms_ch=6)
[PASS] wvfFind_event48303_trackID7_opNum7.root → copied (ms_ch=7)
[PASS] wvfFind_event67521_trackID16_opNum4_merged.root → copied (ms_ch=4)
[PASS] wvfFind_event889_trackID5_opNum5.root → copied (ms_ch=5)
[PASS] wvfFind_event69505_trackID5_opNum5_2.root → copied (ms_ch=5)
[PASS] wvfFind_event49687_trackID13_opNum5.root → copied (ms_ch=5)
[PASS] wvfFind_event43981_trackID15_opNum6.root → copied (ms_ch=6)
[PASS] wvfFind_event20627_trackID6_opNum6_merged.root → copied (ms_ch=6)
[PASS] wvfFind_event62169_trackID6_opNum9_2.root → copied (ms_ch=9)
[PASS] wvfFind_event51529_trackID9_opNum6_2.root → copied (ms_ch=6)
[PASS] wvfFind_event5309_trackID2_opNum5_merged.root → copied (ms_ch=5)
[PASS] wvfFind_event17533_trackID14_opNum9.root → copied (ms_ch=9)
[PASS] wvfFind_event10030_trackID3_opNum5.root → copied (ms_ch=5)
[PASS] wvfFind_event62451_trackID0_opNum5.root → copied (ms_ch=5)
[PASS] wvfFind_event18670_trackID20_opNum9.root → copied (ms_ch=9)
[PASS] wvfFind_event67344_trackID19_opNum4_3.root → copied (ms_ch=4)
[PASS] wvfFind_event2775_trackID0_opNum5.root → copied (ms_ch=5)
[SKIP] wvfFind_event61064_trackID4_opNum2.root (ms_ch=2)
[PASS] wvfFind_event9850_trackID6_opNum9.root → copied (ms_ch=9)
[PASS] wvfFind_event16569_trackID12_opNum3.root → copied (ms_ch=3)
[PASS] wvfFind_event51116_trackID3_opNum9.root → copied (ms_ch=9)
[PASS] wvfFind_event49441_trackID3_opNum9.root → copied (ms_ch=9)
[PASS] wvfFind_event48446_trackID3_opNum3_merged.root → copied (ms_ch=3)
[PASS] wvfFind_event48203_trackID3_opNum4.root → copied (ms_ch=4)
[PASS] wvfFind_event53952_trackID9_opNum6.root → copied (ms_ch=6)
[PASS] wvfFind_event41443_trackID33_opNum5.root → copied (ms_ch=5)
[PASS] wvfFind_event5047_trackID6_opNum9.root → copied (ms_ch=9)
[PASS] wvfFind_event12128_trackID7_opNum9.root → copied (ms_ch=9)
[PASS] wvfFind_event53872_trackID8_opNum4_2.root → copied (ms_ch=4)
[PASS] wvfFind_event45702_trackID11_opNum5_2.root → copied (ms_ch=5)
[PASS] wvfFind_event44580_trackID12_opNum3.root → copied (ms_ch=3)
[PASS] wvfFind_event26664_trackID13_opNum6.root → copied (ms_ch=6)
[SKIP] wvfFind_event56329_trackID17_opNum1_merged.root (ms_ch=1)
[PASS] wvfFind_event73918_trackID27_opNum6.root → copied (ms_ch=6)
[PASS] wvfFind_event63988_trackID1_opNum8.root → copied (ms_ch=8)
[PASS] wvfFind_event66960_trackID13_opNum9_2.root → copied (ms_ch=9)
[PASS] wvfFind_event74277_trackID9_opNum8.root → copied (ms_ch=8)
[PASS] wvfFind_event53845_trackID4_opNum9_4.root → copied (ms_ch=9)
[PASS] wvfFind_event32084_trackID11_opNum5.root → copied (ms_ch=5)
[PASS] wvfFind_event38344_trackID13_opNum9.root → copied (ms_ch=9)
[PASS] wvfFind_event55308_trackID0_opNum9_2.root → copied (ms_ch=9)
[PASS] wvfFind_event31883_trackID9_opNum9.root → copied (ms_ch=9)
[PASS] wvfFind_event74945_trackID19_opNum6_2.root → copied (ms_ch=6)
[PASS] wvfFind_event53230_trackID15_opNum5_2.root → copied (ms_ch=5)
[PASS] wvfFind_event12445_trackID13_opNum3.root → copied (ms_ch=3)
[PASS] wvfFind_event29154_trackID11_opNum6.root → copied (ms_ch=6)
[SKIP] wvfFind_event63057_trackID26_opNum2_merged.root (ms_ch=2)
[PASS] wvfFind_event3762_trackID4_opNum5.root → copied (ms_ch=5)
[PASS] wvfFind_event34855_trackID11_opNum5.root → copied (ms_ch=5)
[PASS] wvfFind_event44581_trackID19_opNum9.root → copied (ms_ch=9)
[SKIP] wvfFind_event19218_trackID1_opNum1_merged.root (ms_ch=1)
[SKIP] wvfFind_event61765_trackID5_opNum1_merged.root (ms_ch=1)
[PASS] wvfFind_event64203_trackID12_opNum7_2.root → copied (ms_ch=7)
[PASS] wvfFind_event72060_trackID7_opNum3.root → copied (ms_ch=3)
[PASS] wvfFind_event66991_trackID14_opNum9.root → copied (ms_ch=9)
[PASS] wvfFind_event54084_trackID1_opNum9.root → copied (ms_ch=9)
[PASS] wvfFind_event16003_trackID4_opNum3.root → copied (ms_ch=3)
[PASS] wvfFind_event46750_trackID1_opNum8.root → copied (ms_ch=8)
[PASS] wvfFind_event36901_trackID32_opNum6.root → copied (ms_ch=6)
[PASS] wvfFind_event27174_trackID12_opNum5.root → copied (ms_ch=5)
[PASS] wvfFind_event1953_trackID6_opNum7_merged.root → copied (ms_ch=7)
[PASS] wvfFind_event14835_trackID14_opNum7_merged.root → copied (ms_ch=7)
[PASS] wvfFind_event3255_trackID23_opNum8.root → copied (ms_ch=8)
[PASS] wvfFind_event69017_trackID11_opNum3.root → copied (ms_ch=3)
[PASS] wvfFind_event27294_trackID13_opNum9_merged.root → copied (ms_ch=9)
[PASS] wvfFind_event32871_trackID5_opNum9.root → copied (ms_ch=9)
[PASS] wvfFind_event47961_trackID7_opNum9.root → copied (ms_ch=9)
[PASS] wvfFind_event60905_trackID3_opNum4.root → copied (ms_ch=4)
[PASS] wvfFind_event30455_trackID5_opNum5_merged.root → copied (ms_ch=5)
[PASS] wvfFind_event28287_trackID8_opNum4_merged.root → copied (ms_ch=4)
[PASS] wvfFind_event16391_trackID2_opNum5.root → copied (ms_ch=5)
[PASS] wvfFind_event50741_trackID7_opNum8.root → copied (ms_ch=8)
[PASS] wvfFind_event68258_trackID13_opNum8_merged.root → copied (ms_ch=8)
[PASS] wvfFind_event46555_trackID17_opNum9_2.root → copied (ms_ch=9)
[SKIP] wvfFind_event58431_trackID16_opNum2.root (ms_ch=2)
[PASS] wvfFind_event3067_trackID2_opNum3.root → copied (ms_ch=3)
[SKIP] wvfFind_event41646_trackID32_opNum1_merged.root (ms_ch=1)
[PASS] wvfFind_event13137_trackID7_opNum4_2.root → copied (ms_ch=4)
[SKIP] wvfFind_event64268_trackID7_opNum1_merged.root (ms_ch=1)
[PASS] wvfFind_event32151_trackID25_opNum8.root → copied (ms_ch=8)
[PASS] wvfFind_event42251_trackID4_opNum4.root → copied (ms_ch=4)
[PASS] wvfFind_event252_trackID4_opNum8.root → copied (ms_ch=8)
[PASS] wvfFind_event71387_trackID3_opNum3.root → copied (ms_ch=3)
[PASS] wvfFind_event4394_trackID5_opNum7.root → copied (ms_ch=7)
[PASS] wvfFind_event47663_trackID9_opNum5.root → copied (ms_ch=5)
[PASS] wvfFind_event58076_trackID12_opNum5.root → copied (ms_ch=5)
[SKIP] wvfFind_event31604_trackID14_opNum1_merged.root (ms_ch=1)
[PASS] wvfFind_event72079_trackID13_opNum7.root → copied (ms_ch=7)
[PASS] wvfFind_event60334_trackID13_opNum3_2.root → copied (ms_ch=3)
[PASS] wvfFind_event55972_trackID0_opNum8.root → copied (ms_ch=8)
[PASS] wvfFind_event9304_trackID8_opNum9.root → copied (ms_ch=9)
[PASS] wvfFind_event60040_trackID23_opNum5_merged.root → copied (ms_ch=5)
[PASS] wvfFind_event62824_trackID4_opNum5.root → copied (ms_ch=5)
[PASS] wvfFind_event46979_trackID8_opNum4_2.root → copied (ms_ch=4)
[PASS] wvfFind_event75409_trackID6_opNum4_merged.root → copied (ms_ch=4)
[PASS] wvfFind_event60914_trackID20_opNum5.root → copied (ms_ch=5)
[PASS] wvfFind_event71497_trackID21_opNum5_merged.root → copied (ms_ch=5)
[PASS] wvfFind_event12115_trackID9_opNum4_2.root → copied (ms_ch=4)
[PASS] wvfFind_event70927_trackID5_opNum9_2.root → copied (ms_ch=9)
[PASS] wvfFind_event41904_trackID14_opNum9.root → copied (ms_ch=9)
[PASS] wvfFind_event42251_trackID18_opNum4.root → copied (ms_ch=4)
[PASS] wvfFind_event31614_trackID11_opNum3_2.root → copied (ms_ch=3)
[PASS] wvfFind_event33969_trackID2_opNum5.root → copied (ms_ch=5)
[PASS] wvfFind_event57521_trackID8_opNum9.root → copied (ms_ch=9)
[PASS] wvfFind_event29732_trackID1_opNum8.root → copied (ms_ch=8)
[PASS] wvfFind_event70275_trackID12_opNum8.root → copied (ms_ch=8)
[PASS] wvfFind_event47682_trackID5_opNum9.root → copied (ms_ch=9)
[PASS] wvfFind_event46541_trackID9_opNum5.root → copied (ms_ch=5)
[PASS] wvfFind_event3087_trackID31_opNum4.root → copied (ms_ch=4)
[PASS] wvfFind_event43557_trackID7_opNum9.root → copied (ms_ch=9)
[PASS] wvfFind_event22046_trackID9_opNum5.root → copied (ms_ch=5)
[PASS] wvfFind_event46837_trackID27_opNum8.root → copied (ms_ch=8)
[PASS] wvfFind_event11071_trackID17_opNum8.root → copied (ms_ch=8)
[SKIP] wvfFind_event26234_trackID7_opNum2_2.root (ms_ch=2)
[PASS] wvfFind_event13628_trackID19_opNum8.root → copied (ms_ch=8)
[PASS] wvfFind_event21780_trackID2_opNum5.root → copied (ms_ch=5)
[PASS] wvfFind_event37255_trackID14_opNum9.root → copied (ms_ch=9)
[PASS] wvfFind_event16198_trackID3_opNum9.root → copied (ms_ch=9)
[PASS] wvfFind_event26915_trackID15_opNum4.root → copied (ms_ch=4)
[PASS] wvfFind_event53194_trackID17_opNum8.root → copied (ms_ch=8)
[PASS] wvfFind_event28059_trackID0_opNum5.root → copied (ms_ch=5)
[PASS] wvfFind_event50524_trackID1_opNum3.root → copied (ms_ch=3)
[PASS] wvfFind_event47851_trackID0_opNum8.root → copied (ms_ch=8)
[PASS] wvfFind_event30817_trackID3_opNum9.root → copied (ms_ch=9)
[SKIP] wvfFind_event45949_trackID3_opNum1_merged.root (ms_ch=1)
[PASS] wvfFind_event57996_trackID4_opNum3.root → copied (ms_ch=3)
[PASS] wvfFind_event25616_trackID7_opNum9.root → copied (ms_ch=9)
[PASS] wvfFind_event59117_trackID17_opNum6_merged.root → copied (ms_ch=6)
[PASS] wvfFind_event9261_trackID1_opNum5.root → copied (ms_ch=5)
[SKIP] wvfFind_event37400_trackID31_opNum1_merged.root (ms_ch=1)
[PASS] wvfFind_event66955_trackID11_opNum9.root → copied (ms_ch=9)
[PASS] wvfFind_event21235_trackID9_opNum8.root → copied (ms_ch=8)
[PASS] wvfFind_event36120_trackID4_opNum8.root → copied (ms_ch=8)
[SKIP] wvfFind_event77605_trackID9_opNum1_merged.root (ms_ch=1)
[PASS] wvfFind_event29362_trackID6_opNum4.root → copied (ms_ch=4)
[PASS] wvfFind_event29472_trackID7_opNum5.root → copied (ms_ch=5)
[PASS] wvfFind_event55739_trackID9_opNum5.root → copied (ms_ch=5)
[PASS] wvfFind_event12261_trackID19_opNum7.root → copied (ms_ch=7)
[PASS] wvfFind_event12961_trackID18_opNum9_2.root → copied (ms_ch=9)
[SKIP] wvfFind_event13356_trackID25_opNum1_merged.root (ms_ch=1)
[PASS] wvfFind_event31821_trackID4_opNum9.root → copied (ms_ch=9)
[PASS] wvfFind_event8010_trackID12_opNum5_merged.root → copied (ms_ch=5)
[PASS] wvfFind_event820_trackID15_opNum3_merged.root → copied (ms_ch=3)
[PASS] wvfFind_event65266_trackID4_opNum9_2.root → copied (ms_ch=9)
[PASS] wvfFind_event10159_trackID6_opNum9_2.root → copied (ms_ch=9)
[SKIP] wvfFind_event9303_trackID3_opNum2.root (ms_ch=2)
[PASS] wvfFind_event52613_trackID5_opNum4.root → copied (ms_ch=4)
[PASS] wvfFind_event41954_trackID15_opNum6.root → copied (ms_ch=6)
[PASS] wvfFind_event10472_trackID1_opNum9.root → copied (ms_ch=9)
[PASS] wvfFind_event75685_trackID18_opNum3.root → copied (ms_ch=3)
[SKIP] wvfFind_event33107_trackID6_opNum2_2.root (ms_ch=2)
[PASS] wvfFind_event45077_trackID6_opNum4.root → copied (ms_ch=4)
[PASS] wvfFind_event64468_trackID24_opNum9.root → copied (ms_ch=9)
[PASS] wvfFind_event56191_trackID13_opNum5.root → copied (ms_ch=5)
[PASS] wvfFind_event41783_trackID2_opNum8.root → copied (ms_ch=8)
[PASS] wvfFind_event49382_trackID7_opNum4.root → copied (ms_ch=4)
[PASS] wvfFind_event42838_trackID9_opNum4.root → copied (ms_ch=4)
[PASS] wvfFind_event55104_trackID6_opNum5_merged.root → copied (ms_ch=5)
[PASS] wvfFind_event58034_trackID15_opNum3_2.root → copied (ms_ch=3)
[PASS] wvfFind_event858_trackID2_opNum9_2.root → copied (ms_ch=9)
[PASS] wvfFind_event34037_trackID39_opNum3.root → copied (ms_ch=3)
[PASS] wvfFind_event35481_trackID17_opNum9.root → copied (ms_ch=9)
[PASS] wvfFind_event38366_trackID19_opNum9.root → copied (ms_ch=9)
[PASS] wvfFind_event48884_trackID2_opNum4.root → copied (ms_ch=4)
[PASS] wvfFind_event16374_trackID7_opNum7_merged.root → copied (ms_ch=7)
[PASS] wvfFind_event4185_trackID3_opNum5.root → copied (ms_ch=5)
[PASS] wvfFind_event29154_trackID11_opNum6_2.root → copied (ms_ch=6)
[PASS] wvfFind_event72494_trackID14_opNum9_2.root → copied (ms_ch=9)
[PASS] wvfFind_event37206_trackID2_opNum5_merged.root → copied (ms_ch=5)
[PASS] wvfFind_event35018_trackID14_opNum7_merged.root → copied (ms_ch=7)
[PASS] wvfFind_event76466_trackID15_opNum8.root → copied (ms_ch=8)
[SKIP] wvfFind_event13040_trackID20_opNum2.root (ms_ch=2)
[SKIP] wvfFind_event41096_trackID10_opNum2.root (ms_ch=2)
[PASS] wvfFind_event24855_trackID9_opNum4_3.root → copied (ms_ch=4)
[PASS] wvfFind_event27610_trackID9_opNum7.root → copied (ms_ch=7)
[SKIP] wvfFind_event55095_trackID6_opNum1_merged.root (ms_ch=1)
[PASS] wvfFind_event3734_trackID13_opNum5_2.root → copied (ms_ch=5)
[PASS] wvfFind_event14211_trackID3_opNum9.root → copied (ms_ch=9)
[PASS] wvfFind_event53989_trackID3_opNum5.root → copied (ms_ch=5)
[PASS] wvfFind_event51130_trackID8_opNum9.root → copied (ms_ch=9)
[PASS] wvfFind_event16370_trackID14_opNum4_merged.root → copied (ms_ch=4)
[PASS] wvfFind_event54244_trackID19_opNum9.root → copied (ms_ch=9)
[PASS] wvfFind_event5432_trackID2_opNum3.root → copied (ms_ch=3)
[PASS] wvfFind_event8617_trackID9_opNum8.root → copied (ms_ch=8)
[PASS] wvfFind_event71314_trackID6_opNum9.root → copied (ms_ch=9)
[PASS] wvfFind_event69957_trackID7_opNum4.root → copied (ms_ch=4)
[PASS] wvfFind_event37024_trackID12_opNum9.root → copied (ms_ch=9)
[PASS] wvfFind_event44473_trackID4_opNum4.root → copied (ms_ch=4)
[PASS] wvfFind_event68473_trackID9_opNum5.root → copied (ms_ch=5)
[PASS] wvfFind_event32842_trackID10_opNum6.root → copied (ms_ch=6)
[SKIP] wvfFind_event72833_trackID28_opNum2_3.root (ms_ch=2)
[PASS] wvfFind_event77339_trackID5_opNum9.root → copied (ms_ch=9)
[PASS] wvfFind_event71273_trackID2_opNum4.root → copied (ms_ch=4)
[PASS] wvfFind_event31809_trackID17_opNum4.root → copied (ms_ch=4)
[PASS] wvfFind_event73704_trackID11_opNum9_merged.root → copied (ms_ch=9)
[SKIP] wvfFind_event11993_trackID38_opNum1_merged.root (ms_ch=1)
[SKIP] wvfFind_event45675_trackID2_opNum1_merged.root (ms_ch=1)
[PASS] wvfFind_event18892_trackID2_opNum4.root → copied (ms_ch=4)
[PASS] wvfFind_event25268_trackID5_opNum3_2.root → copied (ms_ch=3)
[PASS] wvfFind_event55364_trackID3_opNum4.root → copied (ms_ch=4)
[SKIP] wvfFind_event16162_trackID2_opNum2_2.root (ms_ch=2)
[PASS] wvfFind_event40969_trackID2_opNum8_2.root → copied (ms_ch=8)
[PASS] wvfFind_event52800_trackID10_opNum4.root → copied (ms_ch=4)
[PASS] wvfFind_event66182_trackID40_opNum3_2.root → copied (ms_ch=3)
[PASS] wvfFind_event7666_trackID4_opNum5.root → copied (ms_ch=5)
[PASS] wvfFind_event18567_trackID6_opNum3.root → copied (ms_ch=3)
[PASS] wvfFind_event68958_trackID18_opNum9.root → copied (ms_ch=9)
[PASS] wvfFind_event49956_trackID3_opNum4.root → copied (ms_ch=4)
[PASS] wvfFind_event53686_trackID2_opNum9_2.root → copied (ms_ch=9)
[PASS] wvfFind_event73308_trackID7_opNum9.root → copied (ms_ch=9)
[PASS] wvfFind_event18746_trackID5_opNum7_merged.root → copied (ms_ch=7)
[PASS] wvfFind_event55433_trackID5_opNum5.root → copied (ms_ch=5)
[PASS] wvfFind_event54175_trackID1_opNum5_merged.root → copied (ms_ch=5)
[PASS] wvfFind_event26554_trackID7_opNum5_merged.root → copied (ms_ch=5)
[PASS] wvfFind_event57191_trackID6_opNum8_2.root → copied (ms_ch=8)
[PASS] wvfFind_event63672_trackID9_opNum4.root → copied (ms_ch=4)
[PASS] wvfFind_event15511_trackID4_opNum9_merged.root → copied (ms_ch=9)
[PASS] wvfFind_event37423_trackID4_opNum7_merged.root → copied (ms_ch=7)
[PASS] wvfFind_event77640_trackID15_opNum9_2.root → copied (ms_ch=9)
[PASS] wvfFind_event24424_trackID24_opNum6.root → copied (ms_ch=6)
[PASS] wvfFind_event14318_trackID2_opNum4.root → copied (ms_ch=4)
[PASS] wvfFind_event28746_trackID14_opNum9.root → copied (ms_ch=9)
[PASS] wvfFind_event20709_trackID24_opNum9.root → copied (ms_ch=9)
[PASS] wvfFind_event77173_trackID0_opNum8.root → copied (ms_ch=8)
[PASS] wvfFind_event14739_trackID7_opNum3.root → copied (ms_ch=3)
[PASS] wvfFind_event1688_trackID23_opNum5_merged.root → copied (ms_ch=5)
[PASS] wvfFind_event22921_trackID5_opNum7.root → copied (ms_ch=7)
[PASS] wvfFind_event19314_trackID10_opNum9.root → copied (ms_ch=9)
[SKIP] wvfFind_event24552_trackID22_opNum2.root (ms_ch=2)
[PASS] wvfFind_event48805_trackID10_opNum7.root → copied (ms_ch=7)
[PASS] wvfFind_event30360_trackID13_opNum9.root → copied (ms_ch=9)
[PASS] wvfFind_event61492_trackID2_opNum5.root → copied (ms_ch=5)
[SKIP] wvfFind_event19935_trackID6_opNum1_merged.root (ms_ch=1)
[PASS] wvfFind_event41631_trackID21_opNum9.root → copied (ms_ch=9)
[PASS] wvfFind_event49173_trackID9_opNum4.root → copied (ms_ch=4)
[SKIP] wvfFind_event894_trackID4_opNum2_2.root (ms_ch=2)
[PASS] wvfFind_event65709_trackID9_opNum8_2.root → copied (ms_ch=8)
[PASS] wvfFind_event71675_trackID18_opNum5.root → copied (ms_ch=5)
[SKIP] wvfFind_event51966_trackID16_opNum2.root (ms_ch=2)
[PASS] wvfFind_event32174_trackID13_opNum8.root → copied (ms_ch=8)
[SKIP] wvfFind_event19775_trackID1_opNum2.root (ms_ch=2)
[PASS] wvfFind_event27818_trackID3_opNum4.root → copied (ms_ch=4)
[PASS] wvfFind_event34967_trackID10_opNum9.root → copied (ms_ch=9)
[PASS] wvfFind_event72811_trackID11_opNum8.root → copied (ms_ch=8)
[PASS] wvfFind_event25248_trackID1_opNum4_2.root → copied (ms_ch=4)
[PASS] wvfFind_event5337_trackID11_opNum5.root → copied (ms_ch=5)
[PASS] wvfFind_event61317_trackID15_opNum6_merged.root → copied (ms_ch=6)
[PASS] wvfFind_event32290_trackID8_opNum9_2.root → copied (ms_ch=9)
[PASS] wvfFind_event22142_trackID5_opNum5.root → copied (ms_ch=5)
[PASS] wvfFind_event51529_trackID9_opNum6.root → copied (ms_ch=6)
[PASS] wvfFind_event34467_trackID2_opNum5.root → copied (ms_ch=5)
[PASS] wvfFind_event1667_trackID1_opNum8_2.root → copied (ms_ch=8)
[PASS] wvfFind_event21135_trackID11_opNum9.root → copied (ms_ch=9)
[PASS] wvfFind_event6608_trackID9_opNum9.root → copied (ms_ch=9)
[PASS] wvfFind_event43634_trackID13_opNum5.root → copied (ms_ch=5)
[PASS] wvfFind_event25268_trackID5_opNum3.root → copied (ms_ch=3)
[PASS] wvfFind_event17253_trackID23_opNum9.root → copied (ms_ch=9)
[PASS] wvfFind_event69984_trackID16_opNum9_merged.root → copied (ms_ch=9)
[PASS] wvfFind_event39704_trackID5_opNum9_merged.root → copied (ms_ch=9)
[PASS] wvfFind_event71574_trackID6_opNum5.root → copied (ms_ch=5)
[PASS] wvfFind_event27984_trackID15_opNum6.root → copied (ms_ch=6)
[PASS] wvfFind_event72044_trackID7_opNum8.root → copied (ms_ch=8)
[PASS] wvfFind_event10844_trackID10_opNum9.root → copied (ms_ch=9)
[PASS] wvfFind_event10419_trackID8_opNum4.root → copied (ms_ch=4)
[PASS] wvfFind_event43646_trackID9_opNum5.root → copied (ms_ch=5)
[PASS] wvfFind_event70776_trackID12_opNum5.root → copied (ms_ch=5)
[PASS] wvfFind_event77710_trackID33_opNum6.root → copied (ms_ch=6)
[PASS] wvfFind_event63779_trackID9_opNum5.root → copied (ms_ch=5)
[PASS] wvfFind_event72766_trackID3_opNum5_merged.root → copied (ms_ch=5)
[SKIP] wvfFind_event14231_trackID15_opNum1_merged.root (ms_ch=1)
[SKIP] wvfFind_event24113_trackID3_opNum2_merged.root (ms_ch=2)
[PASS] wvfFind_event7109_trackID8_opNum3.root → copied (ms_ch=3)
[SKIP] wvfFind_event68600_trackID18_opNum1_merged.root (ms_ch=1)
[PASS] wvfFind_event17189_trackID9_opNum6_merged.root → copied (ms_ch=6)
[PASS] wvfFind_event62581_trackID14_opNum9.root → copied (ms_ch=9)
[PASS] wvfFind_event25795_trackID1_opNum7.root → copied (ms_ch=7)
[SKIP] wvfFind_event43733_trackID2_opNum1_merged.root (ms_ch=1)
[SKIP] wvfFind_event55670_trackID1_opNum2.root (ms_ch=2)
[PASS] wvfFind_event15965_trackID30_opNum6.root → copied (ms_ch=6)
[PASS] wvfFind_event10296_trackID7_opNum5.root → copied (ms_ch=5)
[PASS] wvfFind_event51794_trackID0_opNum5_2.root → copied (ms_ch=5)
[SKIP] wvfFind_event36076_trackID22_opNum2_2.root (ms_ch=2)
[SKIP] wvfFind_event4049_trackID8_opNum1_merged.root (ms_ch=1)
[PASS] wvfFind_event12620_trackID3_opNum4.root → copied (ms_ch=4)
[PASS] wvfFind_event43072_trackID25_opNum4.root → copied (ms_ch=4)
[PASS] wvfFind_event50361_trackID20_opNum6.root → copied (ms_ch=6)
[PASS] wvfFind_event48689_trackID11_opNum7.root → copied (ms_ch=7)
[PASS] wvfFind_event6297_trackID13_opNum7.root → copied (ms_ch=7)
[PASS] wvfFind_event52627_trackID15_opNum3_merged.root → copied (ms_ch=3)
[PASS] wvfFind_event46203_trackID2_opNum4.root → copied (ms_ch=4)
[PASS] wvfFind_event62734_trackID4_opNum4_merged.root → copied (ms_ch=4)
[PASS] wvfFind_event3631_trackID2_opNum5.root → copied (ms_ch=5)
[PASS] wvfFind_event1403_trackID3_opNum8.root → copied (ms_ch=8)
[SKIP] wvfFind_event38761_trackID9_opNum2.root (ms_ch=2)
[PASS] wvfFind_event33738_trackID11_opNum5.root → copied (ms_ch=5)
[SKIP] wvfFind_event2088_trackID3_opNum2_2.root (ms_ch=2)
[PASS] wvfFind_event3293_trackID12_opNum5_2.root → copied (ms_ch=5)
[PASS] wvfFind_event8400_trackID4_opNum7.root → copied (ms_ch=7)
[PASS] wvfFind_event75211_trackID9_opNum9.root → copied (ms_ch=9)
[SKIP] wvfFind_event19719_trackID26_opNum2.root (ms_ch=2)
[PASS] wvfFind_event16529_trackID16_opNum6.root → copied (ms_ch=6)
[PASS] wvfFind_event52390_trackID7_opNum6_2.root → copied (ms_ch=6)
[PASS] wvfFind_event76237_trackID1_opNum9.root → copied (ms_ch=9)
[PASS] wvfFind_event14919_trackID19_opNum4.root → copied (ms_ch=4)
[PASS] wvfFind_event1102_trackID9_opNum9_merged.root → copied (ms_ch=9)
[PASS] wvfFind_event28754_trackID33_opNum3.root → copied (ms_ch=3)
[PASS] wvfFind_event34069_trackID26_opNum9.root → copied (ms_ch=9)
[PASS] wvfFind_event45523_trackID0_opNum5_merged.root → copied (ms_ch=5)
[SKIP] wvfFind_event75288_trackID0_opNum2.root (ms_ch=2)
[PASS] wvfFind_event71377_trackID4_opNum3.root → copied (ms_ch=3)
[PASS] wvfFind_event60102_trackID4_opNum8.root → copied (ms_ch=8)
[PASS] wvfFind_event49013_trackID20_opNum4.root → copied (ms_ch=4)
[PASS] wvfFind_event71021_trackID7_opNum8.root → copied (ms_ch=8)
[PASS] wvfFind_event74978_trackID3_opNum8.root → copied (ms_ch=8)
[PASS] wvfFind_event22593_trackID6_opNum8_2.root → copied (ms_ch=8)
[PASS] wvfFind_event480_trackID8_opNum9.root → copied (ms_ch=9)
[PASS] wvfFind_event11506_trackID14_opNum4.root → copied (ms_ch=4)
[PASS] wvfFind_event2510_trackID23_opNum6.root → copied (ms_ch=6)
[PASS] wvfFind_event19733_trackID20_opNum3.root → copied (ms_ch=3)
[PASS] wvfFind_event12953_trackID2_opNum7.root → copied (ms_ch=7)
[PASS] wvfFind_event26397_trackID8_opNum4_2.root → copied (ms_ch=4)
[SKIP] wvfFind_event36176_trackID6_opNum1_merged.root (ms_ch=1)
[PASS] wvfFind_event25783_trackID9_opNum5.root → copied (ms_ch=5)
[PASS] wvfFind_event37066_trackID2_opNum4.root → copied (ms_ch=4)
[PASS] wvfFind_event9566_trackID5_opNum5.root → copied (ms_ch=5)
[PASS] wvfFind_event51614_trackID10_opNum8.root → copied (ms_ch=8)
[PASS] wvfFind_event32698_trackID4_opNum4.root → copied (ms_ch=4)
[PASS] wvfFind_event46797_trackID3_opNum4.root → copied (ms_ch=4)
[PASS] wvfFind_event17308_trackID5_opNum9_2.root → copied (ms_ch=9)
[PASS] wvfFind_event44521_trackID21_opNum4_merged.root → copied (ms_ch=4)
[PASS] wvfFind_event39713_trackID11_opNum9.root → copied (ms_ch=9)
[PASS] wvfFind_event55475_trackID20_opNum8_2.root → copied (ms_ch=8)
[PASS] wvfFind_event70612_trackID15_opNum6_2.root → copied (ms_ch=6)
[SKIP] wvfFind_event52372_trackID14_opNum1_merged.root (ms_ch=1)
[PASS] wvfFind_event51799_trackID0_opNum4.root → copied (ms_ch=4)
[PASS] wvfFind_event25871_trackID5_opNum9.root → copied (ms_ch=9)
[PASS] wvfFind_event3859_trackID6_opNum3.root → copied (ms_ch=3)
[PASS] wvfFind_event70275_trackID12_opNum8_2.root → copied (ms_ch=8)
[PASS] wvfFind_event19738_trackID5_opNum4.root → copied (ms_ch=4)
[PASS] wvfFind_event70138_trackID4_opNum6_merged.root → copied (ms_ch=6)
[PASS] wvfFind_event16876_trackID40_opNum5.root → copied (ms_ch=5)
[PASS] wvfFind_event5511_trackID0_opNum5.root → copied (ms_ch=5)
[PASS] wvfFind_event1954_trackID14_opNum5_merged.root → copied (ms_ch=5)
[PASS] wvfFind_event47861_trackID1_opNum9.root → copied (ms_ch=9)
[PASS] wvfFind_event3718_trackID9_opNum3.root → copied (ms_ch=3)
[PASS] wvfFind_event70183_trackID4_opNum4.root → copied (ms_ch=4)
[PASS] wvfFind_event12770_trackID2_opNum5.root → copied (ms_ch=5)
[PASS] wvfFind_event38827_trackID25_opNum4_merged.root → copied (ms_ch=4)
[PASS] wvfFind_event35749_trackID0_opNum9.root → copied (ms_ch=9)
[PASS] wvfFind_event25625_trackID4_opNum9.root → copied (ms_ch=9)
[PASS] wvfFind_event61017_trackID17_opNum4.root → copied (ms_ch=4)
[SKIP] wvfFind_event29720_trackID11_opNum2_2.root (ms_ch=2)
[PASS] wvfFind_event34321_trackID6_opNum5.root → copied (ms_ch=5)
[PASS] wvfFind_event65862_trackID2_opNum5_2.root → copied (ms_ch=5)
[PASS] wvfFind_event25295_trackID11_opNum3.root → copied (ms_ch=3)
[SKIP] wvfFind_event27551_trackID15_opNum1_merged.root (ms_ch=1)
[PASS] wvfFind_event51656_trackID6_opNum3.root → copied (ms_ch=3)
[PASS] wvfFind_event8033_trackID2_opNum9_2.root → copied (ms_ch=9)
[PASS] wvfFind_event34065_trackID9_opNum4_2.root → copied (ms_ch=4)
[PASS] wvfFind_event73197_trackID15_opNum8.root → copied (ms_ch=8)
[PASS] wvfFind_event48644_trackID10_opNum6.root → copied (ms_ch=6)
[PASS] wvfFind_event41443_trackID33_opNum5_2.root → copied (ms_ch=5)
[PASS] wvfFind_event31454_trackID3_opNum4_2.root → copied (ms_ch=4)
[PASS] wvfFind_event29776_trackID15_opNum7.root → copied (ms_ch=7)
[PASS] wvfFind_event46774_trackID2_opNum9.root → copied (ms_ch=9)
[PASS] wvfFind_event3072_trackID0_opNum4.root → copied (ms_ch=4)
[PASS] wvfFind_event22206_trackID14_opNum3.root → copied (ms_ch=3)
[PASS] wvfFind_event68202_trackID3_opNum3_merged.root → copied (ms_ch=3)
[PASS] wvfFind_event11012_trackID2_opNum8_merged.root → copied (ms_ch=8)
[PASS] wvfFind_event62111_trackID18_opNum9.root → copied (ms_ch=9)
[PASS] wvfFind_event51983_trackID4_opNum9.root → copied (ms_ch=9)
[PASS] wvfFind_event73308_trackID7_opNum9_2.root → copied (ms_ch=9)
[PASS] wvfFind_event15269_trackID21_opNum4.root → copied (ms_ch=4)
[PASS] wvfFind_event12358_trackID14_opNum8_merged.root → copied (ms_ch=8)
[PASS] wvfFind_event74472_trackID3_opNum9.root → copied (ms_ch=9)
[PASS] wvfFind_event41643_trackID10_opNum9_2.root → copied (ms_ch=9)
[PASS] wvfFind_event17585_trackID1_opNum3.root → copied (ms_ch=3)
[PASS] wvfFind_event73472_trackID34_opNum5.root → copied (ms_ch=5)
[PASS] wvfFind_event21394_trackID4_opNum5_2.root → copied (ms_ch=5)
[PASS] wvfFind_event28377_trackID3_opNum9.root → copied (ms_ch=9)
[PASS] wvfFind_event35979_trackID3_opNum6.root → copied (ms_ch=6)
[PASS] wvfFind_event2068_trackID9_opNum9.root → copied (ms_ch=9)
[PASS] wvfFind_event74935_trackID4_opNum5.root → copied (ms_ch=5)
[PASS] wvfFind_event25903_trackID11_opNum4.root → copied (ms_ch=4)
[PASS] wvfFind_event62673_trackID5_opNum7.root → copied (ms_ch=7)
[PASS] wvfFind_event47845_trackID13_opNum5.root → copied (ms_ch=5)
[PASS] wvfFind_event49176_trackID31_opNum5_merged.root → copied (ms_ch=5)
[PASS] wvfFind_event40319_trackID7_opNum8.root → copied (ms_ch=8)
[PASS] wvfFind_event59736_trackID17_opNum9.root → copied (ms_ch=9)
[PASS] wvfFind_event30393_trackID24_opNum6.root → copied (ms_ch=6)
[PASS] wvfFind_event44829_trackID5_opNum4_merged.root → copied (ms_ch=4)
[PASS] wvfFind_event22556_trackID0_opNum8_merged.root → copied (ms_ch=8)
[PASS] wvfFind_event43746_trackID12_opNum5.root → copied (ms_ch=5)
[PASS] wvfFind_event34945_trackID4_opNum5_merged.root → copied (ms_ch=5)
[PASS] wvfFind_event13003_trackID3_opNum5.root → copied (ms_ch=5)
[PASS] wvfFind_event48817_trackID1_opNum5.root → copied (ms_ch=5)
[PASS] wvfFind_event73622_trackID1_opNum5.root → copied (ms_ch=5)
[PASS] wvfFind_event10412_trackID1_opNum3.root → copied (ms_ch=3)
[PASS] wvfFind_event70166_trackID2_opNum9.root → copied (ms_ch=9)
[PASS] wvfFind_event17749_trackID9_opNum9.root → copied (ms_ch=9)
[PASS] wvfFind_event26879_trackID8_opNum5_merged.root → copied (ms_ch=5)
[PASS] wvfFind_event29247_trackID0_opNum9.root → copied (ms_ch=9)
[PASS] wvfFind_event35964_trackID8_opNum5.root → copied (ms_ch=5)
[PASS] wvfFind_event7076_trackID1_opNum6.root → copied (ms_ch=6)
[PASS] wvfFind_event22401_trackID2_opNum4.root → copied (ms_ch=4)
[SKIP] wvfFind_event56932_trackID22_opNum2_merged.root (ms_ch=2)
[PASS] wvfFind_event68218_trackID16_opNum7.root → copied (ms_ch=7)
[PASS] wvfFind_event41896_trackID10_opNum5.root → copied (ms_ch=5)
[PASS] wvfFind_event36472_trackID18_opNum9_merged.root → copied (ms_ch=9)
[PASS] wvfFind_event31614_trackID11_opNum3.root → copied (ms_ch=3)
[PASS] wvfFind_event12338_trackID5_opNum4.root → copied (ms_ch=4)
[PASS] wvfFind_event36826_trackID6_opNum9.root → copied (ms_ch=9)
[PASS] wvfFind_event72778_trackID8_opNum5.root → copied (ms_ch=5)
[PASS] wvfFind_event72068_trackID9_opNum4.root → copied (ms_ch=4)
[PASS] wvfFind_event64340_trackID9_opNum9.root → copied (ms_ch=9)
[PASS] wvfFind_event55989_trackID4_opNum8.root → copied (ms_ch=8)
[PASS] wvfFind_event20414_trackID32_opNum6_merged.root → copied (ms_ch=6)
[PASS] wvfFind_event42707_trackID2_opNum8.root → copied (ms_ch=8)
[PASS] wvfFind_event12013_trackID19_opNum5.root → copied (ms_ch=5)
[PASS] wvfFind_event76718_trackID2_opNum4.root → copied (ms_ch=4)
[PASS] wvfFind_event6896_trackID35_opNum3.root → copied (ms_ch=3)
[PASS] wvfFind_event72441_trackID13_opNum6.root → copied (ms_ch=6)
[PASS] wvfFind_event19607_trackID34_opNum9.root → copied (ms_ch=9)
[PASS] wvfFind_event64772_trackID5_opNum5.root → copied (ms_ch=5)
[PASS] wvfFind_event65987_trackID6_opNum9.root → copied (ms_ch=9)
[PASS] wvfFind_event72669_trackID7_opNum5_2.root → copied (ms_ch=5)
[SKIP] wvfFind_event63396_trackID5_opNum2_merged.root (ms_ch=2)
[PASS] wvfFind_event27459_trackID9_opNum5.root → copied (ms_ch=5)
[PASS] wvfFind_event37434_trackID18_opNum9.root → copied (ms_ch=9)
[PASS] wvfFind_event8015_trackID17_opNum9.root → copied (ms_ch=9)
[SKIP] wvfFind_event60370_trackID14_opNum1_merged.root (ms_ch=1)
[PASS] wvfFind_event32845_trackID15_opNum9.root → copied (ms_ch=9)
[PASS] wvfFind_event21562_trackID6_opNum4.root → copied (ms_ch=4)
[PASS] wvfFind_event36410_trackID10_opNum7.root → copied (ms_ch=7)
[PASS] wvfFind_event7035_trackID7_opNum9.root → copied (ms_ch=9)
[SKIP] wvfFind_event18911_trackID7_opNum1_merged.root (ms_ch=1)
[PASS] wvfFind_event28000_trackID9_opNum5.root → copied (ms_ch=5)
[SKIP] wvfFind_event44867_trackID4_opNum1_merged.root (ms_ch=1)
[PASS] wvfFind_event45269_trackID12_opNum6.root → copied (ms_ch=6)
[PASS] wvfFind_event30378_trackID37_opNum8.root → copied (ms_ch=8)
[PASS] wvfFind_event72451_trackID8_opNum6.root → copied (ms_ch=6)
[PASS] wvfFind_event8500_trackID9_opNum9.root → copied (ms_ch=9)
[PASS] wvfFind_event47270_trackID3_opNum9.root → copied (ms_ch=9)
[PASS] wvfFind_event77059_trackID5_opNum9_2.root → copied (ms_ch=9)
[PASS] wvfFind_event28761_trackID0_opNum8.root → copied (ms_ch=8)
[PASS] wvfFind_event29049_trackID16_opNum5_merged.root → copied (ms_ch=5)
[PASS] wvfFind_event25546_trackID6_opNum9_2.root → copied (ms_ch=9)
[PASS] wvfFind_event69785_trackID23_opNum8.root → copied (ms_ch=8)
[PASS] wvfFind_event36976_trackID16_opNum3.root → copied (ms_ch=3)
[PASS] wvfFind_event72365_trackID3_opNum9_2.root → copied (ms_ch=9)
[PASS] wvfFind_event33529_trackID24_opNum3_merged.root → copied (ms_ch=3)
[PASS] wvfFind_event62016_trackID11_opNum3.root → copied (ms_ch=3)
[PASS] wvfFind_event39631_trackID28_opNum9.root → copied (ms_ch=9)
[PASS] wvfFind_event45046_trackID1_opNum5_2.root → copied (ms_ch=5)
[PASS] wvfFind_event38819_trackID6_opNum5.root → copied (ms_ch=5)
[PASS] wvfFind_event46288_trackID1_opNum8.root → copied (ms_ch=8)
[PASS] wvfFind_event56666_trackID18_opNum5.root → copied (ms_ch=5)
[PASS] wvfFind_event47364_trackID7_opNum3_merged.root → copied (ms_ch=3)
[PASS] wvfFind_event18141_trackID7_opNum8.root → copied (ms_ch=8)
[PASS] wvfFind_event21842_trackID11_opNum4.root → copied (ms_ch=4)
[PASS] wvfFind_event65326_trackID14_opNum9_2.root → copied (ms_ch=9)
[PASS] wvfFind_event17308_trackID5_opNum9.root → copied (ms_ch=9)
[PASS] wvfFind_event63204_trackID0_opNum8.root → copied (ms_ch=8)
[PASS] wvfFind_event45978_trackID4_opNum3_merged.root → copied (ms_ch=3)
[PASS] wvfFind_event74929_trackID6_opNum4_merged.root → copied (ms_ch=4)
[PASS] wvfFind_event13126_trackID28_opNum3.root → copied (ms_ch=3)
[PASS] wvfFind_event66154_trackID6_opNum5.root → copied (ms_ch=5)
[SKIP] wvfFind_event52679_trackID16_opNum2.root (ms_ch=2)
[SKIP] wvfFind_event39983_trackID5_opNum1_merged.root (ms_ch=1)
[SKIP] wvfFind_event24996_trackID21_opNum2.root (ms_ch=2)
[PASS] wvfFind_event43855_trackID6_opNum8.root → copied (ms_ch=8)
[PASS] wvfFind_event63663_trackID2_opNum9.root → copied (ms_ch=9)
[PASS] wvfFind_event57274_trackID26_opNum4.root → copied (ms_ch=4)
[PASS] wvfFind_event71245_trackID2_opNum4_merged.root → copied (ms_ch=4)
[PASS] wvfFind_event78_trackID0_opNum9.root → copied (ms_ch=9)
[PASS] wvfFind_event58754_trackID10_opNum7.root → copied (ms_ch=7)
[PASS] wvfFind_event9631_trackID5_opNum8_merged.root → copied (ms_ch=8)
[SKIP] wvfFind_event72833_trackID28_opNum2_2.root (ms_ch=2)
[PASS] wvfFind_event16418_trackID14_opNum9.root → copied (ms_ch=9)
[PASS] wvfFind_event35687_trackID5_opNum3.root → copied (ms_ch=3)
[PASS] wvfFind_event25814_trackID3_opNum8.root → copied (ms_ch=8)
[PASS] wvfFind_event71797_trackID15_opNum9.root → copied (ms_ch=9)
[PASS] wvfFind_event72692_trackID22_opNum9_2.root → copied (ms_ch=9)
[PASS] wvfFind_event14122_trackID19_opNum7.root → copied (ms_ch=7)
[SKIP] wvfFind_event16775_trackID4_opNum2.root (ms_ch=2)
[PASS] wvfFind_event66594_trackID12_opNum6_merged.root → copied (ms_ch=6)
[PASS] wvfFind_event68378_trackID3_opNum5.root → copied (ms_ch=5)
[PASS] wvfFind_event71425_trackID10_opNum7_merged.root → copied (ms_ch=7)
[PASS] wvfFind_event43843_trackID22_opNum5.root → copied (ms_ch=5)
[PASS] wvfFind_event66527_trackID4_opNum4_merged.root → copied (ms_ch=4)
[PASS] wvfFind_event40907_trackID9_opNum9.root → copied (ms_ch=9)
[PASS] wvfFind_event18711_trackID11_opNum9.root → copied (ms_ch=9)
[PASS] wvfFind_event11971_trackID2_opNum3_2.root → copied (ms_ch=3)
[PASS] wvfFind_event53319_trackID12_opNum5_merged.root → copied (ms_ch=5)
[PASS] wvfFind_event42165_trackID36_opNum9.root → copied (ms_ch=9)
[PASS] wvfFind_event36659_trackID8_opNum3_merged.root → copied (ms_ch=3)
[PASS] wvfFind_event37597_trackID16_opNum6.root → copied (ms_ch=6)
[PASS] wvfFind_event72167_trackID6_opNum5.root → copied (ms_ch=5)
[PASS] wvfFind_event74837_trackID6_opNum9.root → copied (ms_ch=9)
[PASS] wvfFind_event43632_trackID10_opNum4.root → copied (ms_ch=4)
[PASS] wvfFind_event72494_trackID14_opNum9_3.root → copied (ms_ch=9)
[PASS] wvfFind_event58623_trackID9_opNum5.root → copied (ms_ch=5)
[PASS] wvfFind_event44983_trackID16_opNum8.root → copied (ms_ch=8)
[PASS] wvfFind_event39380_trackID12_opNum7.root → copied (ms_ch=7)
[PASS] wvfFind_event34373_trackID5_opNum9.root → copied (ms_ch=9)
[PASS] wvfFind_event64937_trackID10_opNum4_merged.root → copied (ms_ch=4)
[PASS] wvfFind_event12894_trackID17_opNum9.root → copied (ms_ch=9)
[PASS] wvfFind_event24855_trackID9_opNum4_2.root → copied (ms_ch=4)
[PASS] wvfFind_event72075_trackID25_opNum4.root → copied (ms_ch=4)
[PASS] wvfFind_event36368_trackID0_opNum4.root → copied (ms_ch=4)
[PASS] wvfFind_event30613_trackID9_opNum4.root → copied (ms_ch=4)
[PASS] wvfFind_event55572_trackID9_opNum3_merged.root → copied (ms_ch=3)
[PASS] wvfFind_event59379_trackID5_opNum9.root → copied (ms_ch=9)
[PASS] wvfFind_event45813_trackID3_opNum9_2.root → copied (ms_ch=9)
[PASS] wvfFind_event13337_trackID10_opNum9.root → copied (ms_ch=9)
[PASS] wvfFind_event5100_trackID18_opNum6_2.root → copied (ms_ch=6)
[PASS] wvfFind_event50966_trackID9_opNum7_merged.root → copied (ms_ch=7)
[PASS] wvfFind_event22048_trackID9_opNum9_merged.root → copied (ms_ch=9)
[PASS] wvfFind_event60432_trackID19_opNum9.root → copied (ms_ch=9)
[PASS] wvfFind_event74628_trackID14_opNum6.root → copied (ms_ch=6)
[PASS] wvfFind_event16686_trackID4_opNum9.root → copied (ms_ch=9)
[SKIP] wvfFind_event43835_trackID14_opNum2_merged.root (ms_ch=2)
[PASS] wvfFind_event56535_trackID8_opNum4_2.root → copied (ms_ch=4)
[SKIP] wvfFind_event75767_trackID9_opNum2.root (ms_ch=2)
[PASS] wvfFind_event71061_trackID16_opNum9.root → copied (ms_ch=9)
[PASS] wvfFind_event34348_trackID19_opNum9.root → copied (ms_ch=9)
[SKIP] wvfFind_event20935_trackID8_opNum2.root (ms_ch=2)
[PASS] wvfFind_event16149_trackID12_opNum5_merged.root → copied (ms_ch=5)
[PASS] wvfFind_event45839_trackID8_opNum3_2.root → copied (ms_ch=3)
[PASS] wvfFind_event24491_trackID12_opNum6.root → copied (ms_ch=6)
[PASS] wvfFind_event62954_trackID0_opNum8.root → copied (ms_ch=8)
[PASS] wvfFind_event39334_trackID0_opNum9.root → copied (ms_ch=9)
[SKIP] wvfFind_event75672_trackID7_opNum2.root (ms_ch=2)
[PASS] wvfFind_event24454_trackID2_opNum9.root → copied (ms_ch=9)
[PASS] wvfFind_event76527_trackID0_opNum5_2.root → copied (ms_ch=5)
[SKIP] wvfFind_event77477_trackID0_opNum1_merged.root (ms_ch=1)
[PASS] wvfFind_event62240_trackID19_opNum9.root → copied (ms_ch=9)
[PASS] wvfFind_event67689_trackID1_opNum4.root → copied (ms_ch=4)
[PASS] wvfFind_event35486_trackID7_opNum4_2.root → copied (ms_ch=4)
[PASS] wvfFind_event63372_trackID27_opNum6.root → copied (ms_ch=6)
[PASS] wvfFind_event64765_trackID29_opNum9.root → copied (ms_ch=9)
[PASS] wvfFind_event30199_trackID0_opNum4.root → copied (ms_ch=4)
[PASS] wvfFind_event63566_trackID2_opNum8.root → copied (ms_ch=8)
[PASS] wvfFind_event56533_trackID34_opNum8.root → copied (ms_ch=8)
[SKIP] wvfFind_event14887_trackID12_opNum1_merged.root (ms_ch=1)
[PASS] wvfFind_event15471_trackID2_opNum4.root → copied (ms_ch=4)
[PASS] wvfFind_event8396_trackID21_opNum9.root → copied (ms_ch=9)
[PASS] wvfFind_event63403_trackID13_opNum9_merged.root → copied (ms_ch=9)
[PASS] wvfFind_event53044_trackID8_opNum8.root → copied (ms_ch=8)
[PASS] wvfFind_event46979_trackID8_opNum4_3.root → copied (ms_ch=4)
[PASS] wvfFind_event14953_trackID5_opNum4_2.root → copied (ms_ch=4)
[PASS] wvfFind_event77085_trackID9_opNum9_2.root → copied (ms_ch=9)
[PASS] wvfFind_event40400_trackID4_opNum4.root → copied (ms_ch=4)
[PASS] wvfFind_event70927_trackID5_opNum9_3.root → copied (ms_ch=9)
[PASS] wvfFind_event25481_trackID4_opNum4.root → copied (ms_ch=4)
[PASS] wvfFind_event28178_trackID9_opNum8.root → copied (ms_ch=8)
[PASS] wvfFind_event62494_trackID3_opNum5.root → copied (ms_ch=5)
[PASS] wvfFind_event53845_trackID4_opNum9.root → copied (ms_ch=9)
[PASS] wvfFind_event69921_trackID24_opNum4.root → copied (ms_ch=4)
[PASS] wvfFind_event76930_trackID15_opNum6.root → copied (ms_ch=6)
[PASS] wvfFind_event30935_trackID10_opNum3.root → copied (ms_ch=3)
[PASS] wvfFind_event19916_trackID11_opNum6_2.root → copied (ms_ch=6)
[PASS] wvfFind_event38728_trackID2_opNum4.root → copied (ms_ch=4)
[PASS] wvfFind_event65662_trackID17_opNum5.root → copied (ms_ch=5)
[PASS] wvfFind_event13011_trackID24_opNum9.root → copied (ms_ch=9)
[PASS] wvfFind_event21347_trackID21_opNum6_merged.root → copied (ms_ch=6)
[PASS] wvfFind_event76846_trackID3_opNum3.root → copied (ms_ch=3)
[PASS] wvfFind_event63073_trackID3_opNum3.root → copied (ms_ch=3)
[PASS] wvfFind_event72761_trackID2_opNum9.root → copied (ms_ch=9)
[PASS] wvfFind_event1607_trackID4_opNum6.root → copied (ms_ch=6)
[PASS] wvfFind_event67774_trackID4_opNum4.root → copied (ms_ch=4)
[PASS] wvfFind_event54221_trackID28_opNum6.root → copied (ms_ch=6)
[PASS] wvfFind_event615_trackID3_opNum4.root → copied (ms_ch=4)
[SKIP] wvfFind_event20643_trackID7_opNum1_merged.root (ms_ch=1)
[PASS] wvfFind_event18108_trackID24_opNum6.root → copied (ms_ch=6)
[PASS] wvfFind_event71438_trackID1_opNum5.root → copied (ms_ch=5)
[PASS] wvfFind_event11602_trackID13_opNum8_2.root → copied (ms_ch=8)
[PASS] wvfFind_event73262_trackID7_opNum5_merged.root → copied (ms_ch=5)
[PASS] wvfFind_event53691_trackID7_opNum7.root → copied (ms_ch=7)
[PASS] wvfFind_event61091_trackID9_opNum4.root → copied (ms_ch=4)
[SKIP] wvfFind_event630_trackID0_opNum2.root (ms_ch=2)
[PASS] wvfFind_event24769_trackID17_opNum6.root → copied (ms_ch=6)
[PASS] wvfFind_event3255_trackID3_opNum9_2.root → copied (ms_ch=9)
[PASS] wvfFind_event54167_trackID3_opNum5.root → copied (ms_ch=5)
[PASS] wvfFind_event59217_trackID5_opNum3.root → copied (ms_ch=3)
[PASS] wvfFind_event27899_trackID5_opNum5.root → copied (ms_ch=5)
[SKIP] wvfFind_event11567_trackID8_opNum2.root (ms_ch=2)
[PASS] wvfFind_event51598_trackID11_opNum3_2.root → copied (ms_ch=3)
[PASS] wvfFind_event9066_trackID6_opNum8.root → copied (ms_ch=8)
[SKIP] wvfFind_event55641_trackID5_opNum1_merged.root (ms_ch=1)
[PASS] wvfFind_event49871_trackID12_opNum9.root → copied (ms_ch=9)
[PASS] wvfFind_event50255_trackID14_opNum3_merged.root → copied (ms_ch=3)
[PASS] wvfFind_event34926_trackID12_opNum3.root → copied (ms_ch=3)
[PASS] wvfFind_event71022_trackID0_opNum9.root → copied (ms_ch=9)
[PASS] wvfFind_event41562_trackID8_opNum5_merged.root → copied (ms_ch=5)
[PASS] wvfFind_event62528_trackID10_opNum8.root → copied (ms_ch=8)
[PASS] wvfFind_event51916_trackID10_opNum5.root → copied (ms_ch=5)
[PASS] wvfFind_event67357_trackID6_opNum5.root → copied (ms_ch=5)
[PASS] wvfFind_event69665_trackID29_opNum5_2.root → copied (ms_ch=5)
[PASS] wvfFind_event55765_trackID0_opNum5.root → copied (ms_ch=5)
[PASS] wvfFind_event54513_trackID1_opNum6_merged.root → copied (ms_ch=6)
[PASS] wvfFind_event69017_trackID11_opNum3_2.root → copied (ms_ch=3)
[PASS] wvfFind_event60334_trackID13_opNum3.root → copied (ms_ch=3)
[PASS] wvfFind_event35574_trackID30_opNum9.root → copied (ms_ch=9)
[PASS] wvfFind_event18503_trackID17_opNum7.root → copied (ms_ch=7)
[SKIP] wvfFind_event31513_trackID2_opNum2.root (ms_ch=2)
[PASS] wvfFind_event37012_trackID3_opNum4.root → copied (ms_ch=4)
[PASS] wvfFind_event21129_trackID6_opNum5.root → copied (ms_ch=5)
[PASS] wvfFind_event12512_trackID15_opNum8.root → copied (ms_ch=8)
[PASS] wvfFind_event76799_trackID3_opNum6_merged.root → copied (ms_ch=6)
[PASS] wvfFind_event63790_trackID17_opNum9.root → copied (ms_ch=9)
[PASS] wvfFind_event41756_trackID0_opNum5.root → copied (ms_ch=5)
[PASS] wvfFind_event45022_trackID13_opNum5.root → copied (ms_ch=5)
[PASS] wvfFind_event69990_trackID14_opNum9_2.root → copied (ms_ch=9)
[PASS] wvfFind_event9075_trackID5_opNum4.root → copied (ms_ch=4)
[PASS] wvfFind_event31522_trackID3_opNum4.root → copied (ms_ch=4)
[PASS] wvfFind_event4724_trackID6_opNum5.root → copied (ms_ch=5)
[PASS] wvfFind_event48898_trackID22_opNum9.root → copied (ms_ch=9)
[PASS] wvfFind_event72569_trackID28_opNum5.root → copied (ms_ch=5)
[PASS] wvfFind_event39166_trackID1_opNum5_merged.root → copied (ms_ch=5)
[PASS] wvfFind_event57489_trackID17_opNum8.root → copied (ms_ch=8)
[PASS] wvfFind_event51990_trackID5_opNum7.root → copied (ms_ch=7)
[PASS] wvfFind_event69685_trackID7_opNum8.root → copied (ms_ch=8)
[PASS] wvfFind_event8587_trackID6_opNum6.root → copied (ms_ch=6)
[PASS] wvfFind_event32046_trackID12_opNum5.root → copied (ms_ch=5)
[SKIP] wvfFind_event29861_trackID8_opNum2.root (ms_ch=2)
[PASS] wvfFind_event60984_trackID27_opNum6.root → copied (ms_ch=6)
[PASS] wvfFind_event15899_trackID12_opNum5_merged.root → copied (ms_ch=5)
[PASS] wvfFind_event49369_trackID14_opNum6_2.root → copied (ms_ch=6)
[PASS] wvfFind_event31479_trackID41_opNum3_2.root → copied (ms_ch=3)
[PASS] wvfFind_event20112_trackID2_opNum7.root → copied (ms_ch=7)
[PASS] wvfFind_event18021_trackID21_opNum9_merged.root → copied (ms_ch=9)
[PASS] wvfFind_event68246_trackID10_opNum7_merged.root → copied (ms_ch=7)
[PASS] wvfFind_event46677_trackID6_opNum9.root → copied (ms_ch=9)
[PASS] wvfFind_event32351_trackID15_opNum9.root → copied (ms_ch=9)
[PASS] wvfFind_event22584_trackID12_opNum8.root → copied (ms_ch=8)
[PASS] wvfFind_event73369_trackID8_opNum3.root → copied (ms_ch=3)
[PASS] wvfFind_event69742_trackID4_opNum7.root → copied (ms_ch=7)
[PASS] wvfFind_event30463_trackID6_opNum7.root → copied (ms_ch=7)
[PASS] wvfFind_event14131_trackID10_opNum9.root → copied (ms_ch=9)
[PASS] wvfFind_event1944_trackID23_opNum5.root → copied (ms_ch=5)
[PASS] wvfFind_event53055_trackID12_opNum9_2.root → copied (ms_ch=9)
[PASS] wvfFind_event61284_trackID11_opNum4.root → copied (ms_ch=4)
[PASS] wvfFind_event74454_trackID19_opNum7_2.root → copied (ms_ch=7)
[PASS] wvfFind_event173_trackID2_opNum9.root → copied (ms_ch=9)
[PASS] wvfFind_event61371_trackID6_opNum4.root → copied (ms_ch=4)
[PASS] wvfFind_event69588_trackID8_opNum6.root → copied (ms_ch=6)
[PASS] wvfFind_event55690_trackID3_opNum6.root → copied (ms_ch=6)
[PASS] wvfFind_event20519_trackID12_opNum9.root → copied (ms_ch=9)
[PASS] wvfFind_event49466_trackID7_opNum8.root → copied (ms_ch=8)
[PASS] wvfFind_event11231_trackID7_opNum9.root → copied (ms_ch=9)
[SKIP] wvfFind_event45080_trackID19_opNum1_merged.root (ms_ch=1)
[PASS] wvfFind_event17883_trackID22_opNum9.root → copied (ms_ch=9)
[SKIP] wvfFind_event34092_trackID6_opNum2.root (ms_ch=2)
[PASS] wvfFind_event64292_trackID1_opNum5_2.root → copied (ms_ch=5)
[PASS] wvfFind_event52168_trackID33_opNum5.root → copied (ms_ch=5)
[PASS] wvfFind_event69990_trackID14_opNum9.root → copied (ms_ch=9)
[PASS] wvfFind_event63634_trackID1_opNum5.root → copied (ms_ch=5)
[PASS] wvfFind_event67344_trackID19_opNum4_2.root → copied (ms_ch=4)
[SKIP] wvfFind_event5358_trackID9_opNum2_2.root (ms_ch=2)
[PASS] wvfFind_event30719_trackID1_opNum5_merged.root → copied (ms_ch=5)
[PASS] wvfFind_event71542_trackID2_opNum9_merged.root → copied (ms_ch=9)
[PASS] wvfFind_event57336_trackID2_opNum9.root → copied (ms_ch=9)
[PASS] wvfFind_event53431_trackID26_opNum4.root → copied (ms_ch=4)
[PASS] wvfFind_event11282_trackID4_opNum4.root → copied (ms_ch=4)
[PASS] wvfFind_event5670_trackID0_opNum9.root → copied (ms_ch=9)
[PASS] wvfFind_event59395_trackID9_opNum8_merged.root → copied (ms_ch=8)
[SKIP] wvfFind_event34259_trackID29_opNum1_merged.root (ms_ch=1)
[SKIP] wvfFind_event69200_trackID13_opNum1_merged.root (ms_ch=1)
[PASS] wvfFind_event59320_trackID0_opNum5.root → copied (ms_ch=5)
[PASS] wvfFind_event67392_trackID8_opNum8_2.root → copied (ms_ch=8)
[PASS] wvfFind_event58179_trackID4_opNum3.root → copied (ms_ch=3)
[SKIP] wvfFind_event5157_trackID1_opNum1_merged.root (ms_ch=1)
[PASS] wvfFind_event34608_trackID8_opNum3_2.root → copied (ms_ch=3)
[PASS] wvfFind_event32526_trackID19_opNum8.root → copied (ms_ch=8)
[PASS] wvfFind_event15305_trackID18_opNum6_merged.root → copied (ms_ch=6)
[PASS] wvfFind_event63773_trackID4_opNum7_merged.root → copied (ms_ch=7)
[PASS] wvfFind_event72373_trackID2_opNum5.root → copied (ms_ch=5)
[PASS] wvfFind_event48942_trackID23_opNum4.root → copied (ms_ch=4)
[PASS] wvfFind_event53872_trackID8_opNum4_3.root → copied (ms_ch=4)
[PASS] wvfFind_event52624_trackID18_opNum3_merged.root → copied (ms_ch=3)
[PASS] wvfFind_event23556_trackID11_opNum5.root → copied (ms_ch=5)
[PASS] wvfFind_event43020_trackID6_opNum9_merged.root → copied (ms_ch=9)
[SKIP] wvfFind_event76589_trackID21_opNum1_merged.root (ms_ch=1)
[PASS] wvfFind_event77795_trackID1_opNum3.root → copied (ms_ch=3)
[PASS] wvfFind_event60418_trackID1_opNum5_2.root → copied (ms_ch=5)
[SKIP] wvfFind_event54785_trackID15_opNum2.root (ms_ch=2)
[PASS] wvfFind_event29927_trackID5_opNum8.root → copied (ms_ch=8)
[PASS] wvfFind_event70302_trackID4_opNum4.root → copied (ms_ch=4)
[PASS] wvfFind_event26228_trackID12_opNum4.root → copied (ms_ch=4)
[PASS] wvfFind_event1570_trackID11_opNum9.root → copied (ms_ch=9)
[PASS] wvfFind_event40633_trackID30_opNum6.root → copied (ms_ch=6)
[PASS] wvfFind_event76923_trackID3_opNum3.root → copied (ms_ch=3)
[PASS] wvfFind_event8205_trackID0_opNum9.root → copied (ms_ch=9)
[PASS] wvfFind_event42183_trackID5_opNum6.root → copied (ms_ch=6)
[PASS] wvfFind_event74689_trackID17_opNum9.root → copied (ms_ch=9)
[PASS] wvfFind_event18648_trackID0_opNum8.root → copied (ms_ch=8)
[PASS] wvfFind_event49765_trackID0_opNum9.root → copied (ms_ch=9)
[PASS] wvfFind_event57856_trackID2_opNum9.root → copied (ms_ch=9)
[PASS] wvfFind_event72118_trackID12_opNum6_merged.root → copied (ms_ch=6)
[PASS] wvfFind_event21693_trackID21_opNum7.root → copied (ms_ch=7)
[SKIP] wvfFind_event4439_trackID23_opNum1_merged.root (ms_ch=1)
[PASS] wvfFind_event75678_trackID1_opNum4.root → copied (ms_ch=4)
[PASS] wvfFind_event23649_trackID4_opNum3_merged.root → copied (ms_ch=3)
[SKIP] wvfFind_event50604_trackID3_opNum1_merged.root (ms_ch=1)
[PASS] wvfFind_event29494_trackID6_opNum9.root → copied (ms_ch=9)
[SKIP] wvfFind_event34728_trackID32_opNum2.root (ms_ch=2)
[SKIP] wvfFind_event62312_trackID6_opNum2_2.root (ms_ch=2)
[PASS] wvfFind_event75143_trackID24_opNum6_merged.root → copied (ms_ch=6)
[PASS] wvfFind_event66856_trackID4_opNum3.root → copied (ms_ch=3)
[PASS] wvfFind_event32395_trackID22_opNum9.root → copied (ms_ch=9)
[PASS] wvfFind_event73286_trackID7_opNum5.root → copied (ms_ch=5)
[PASS] wvfFind_event73488_trackID11_opNum9_merged.root → copied (ms_ch=9)
[PASS] wvfFind_event50680_trackID29_opNum6.root → copied (ms_ch=6)
[PASS] wvfFind_event51002_trackID7_opNum9.root → copied (ms_ch=9)
[PASS] wvfFind_event41974_trackID4_opNum8.root → copied (ms_ch=8)
[PASS] wvfFind_event18710_trackID17_opNum5_merged.root → copied (ms_ch=5)
[PASS] wvfFind_event33975_trackID10_opNum7.root → copied (ms_ch=7)
[PASS] wvfFind_event31587_trackID0_opNum5_3.root → copied (ms_ch=5)
[SKIP] wvfFind_event29720_trackID11_opNum2.root (ms_ch=2)
[SKIP] wvfFind_event35197_trackID18_opNum1_merged.root (ms_ch=1)
[PASS] wvfFind_event74457_trackID24_opNum9.root → copied (ms_ch=9)
[PASS] wvfFind_event35857_trackID12_opNum5.root → copied (ms_ch=5)
[PASS] wvfFind_event46659_trackID12_opNum3.root → copied (ms_ch=3)
[SKIP] wvfFind_event30850_trackID11_opNum1_merged.root (ms_ch=1)
[PASS] wvfFind_event39515_trackID5_opNum4.root → copied (ms_ch=4)
[PASS] wvfFind_event60619_trackID9_opNum5_2.root → copied (ms_ch=5)
[PASS] wvfFind_event46417_trackID24_opNum3.root → copied (ms_ch=3)
[PASS] wvfFind_event33035_trackID10_opNum5.root → copied (ms_ch=5)
[PASS] wvfFind_event62974_trackID5_opNum8_merged.root → copied (ms_ch=8)
[PASS] wvfFind_event58987_trackID20_opNum9.root → copied (ms_ch=9)
[PASS] wvfFind_event31244_trackID26_opNum9_merged.root → copied (ms_ch=9)
[PASS] wvfFind_event28948_trackID2_opNum5.root → copied (ms_ch=5)
[PASS] wvfFind_event71565_trackID26_opNum9.root → copied (ms_ch=9)
[PASS] wvfFind_event34829_trackID1_opNum4.root → copied (ms_ch=4)
[SKIP] wvfFind_event51378_trackID17_opNum2.root (ms_ch=2)
[PASS] wvfFind_event17462_trackID3_opNum8.root → copied (ms_ch=8)
[PASS] wvfFind_event56273_trackID6_opNum5.root → copied (ms_ch=5)
[PASS] wvfFind_event76196_trackID2_opNum5.root → copied (ms_ch=5)
[PASS] wvfFind_event19724_trackID6_opNum4.root → copied (ms_ch=4)
[PASS] wvfFind_event41660_trackID5_opNum5.root → copied (ms_ch=5)
[PASS] wvfFind_event13009_trackID6_opNum8.root → copied (ms_ch=8)
[PASS] wvfFind_event49148_trackID29_opNum3.root → copied (ms_ch=3)
[PASS] wvfFind_event38131_trackID6_opNum3_2.root → copied (ms_ch=3)
[PASS] wvfFind_event1341_trackID4_opNum5.root → copied (ms_ch=5)
[PASS] wvfFind_event12499_trackID8_opNum5_merged.root → copied (ms_ch=5)
[PASS] wvfFind_event18881_trackID14_opNum9.root → copied (ms_ch=9)
[PASS] wvfFind_event361_trackID7_opNum3.root → copied (ms_ch=3)
[PASS] wvfFind_event68214_trackID15_opNum5_2.root → copied (ms_ch=5)
[PASS] wvfFind_event53054_trackID5_opNum8.root → copied (ms_ch=8)
[PASS] wvfFind_event49106_trackID2_opNum4.root → copied (ms_ch=4)
[PASS] wvfFind_event39192_trackID4_opNum9.root → copied (ms_ch=9)
[PASS] wvfFind_event17577_trackID7_opNum9_2.root → copied (ms_ch=9)
[PASS] wvfFind_event24625_trackID0_opNum8.root → copied (ms_ch=8)
[PASS] wvfFind_event64841_trackID4_opNum5_merged.root → copied (ms_ch=5)
[PASS] wvfFind_event49992_trackID29_opNum8.root → copied (ms_ch=8)
[PASS] wvfFind_event1344_trackID16_opNum8_merged.root → copied (ms_ch=8)
[SKIP] wvfFind_event56165_trackID21_opNum2_2.root (ms_ch=2)
[PASS] wvfFind_event28437_trackID16_opNum9.root → copied (ms_ch=9)
[PASS] wvfFind_event38112_trackID11_opNum5.root → copied (ms_ch=5)
[PASS] wvfFind_event42358_trackID6_opNum3.root → copied (ms_ch=3)
[PASS] wvfFind_event1070_trackID7_opNum5_2.root → copied (ms_ch=5)
[PASS] wvfFind_event16648_trackID27_opNum4.root → copied (ms_ch=4)
[PASS] wvfFind_event39282_trackID0_opNum4.root → copied (ms_ch=4)
[PASS] wvfFind_event44989_trackID3_opNum5.root → copied (ms_ch=5)
[PASS] wvfFind_event75507_trackID1_opNum9_merged.root → copied (ms_ch=9)
[PASS] wvfFind_event44314_trackID6_opNum5.root → copied (ms_ch=5)
[PASS] wvfFind_event57917_trackID8_opNum5.root → copied (ms_ch=5)
[PASS] wvfFind_event16446_trackID14_opNum8.root → copied (ms_ch=8)
[PASS] wvfFind_event43620_trackID8_opNum5.root → copied (ms_ch=5)
[SKIP] wvfFind_event66220_trackID6_opNum2_merged.root (ms_ch=2)
[PASS] wvfFind_event39330_trackID6_opNum8_merged.root → copied (ms_ch=8)
[PASS] wvfFind_event53310_trackID17_opNum7_merged.root → copied (ms_ch=7)
[PASS] wvfFind_event17658_trackID10_opNum9.root → copied (ms_ch=9)
[PASS] wvfFind_event5155_trackID27_opNum4.root → copied (ms_ch=4)
[PASS] wvfFind_event14219_trackID10_opNum9_merged.root → copied (ms_ch=9)
[PASS] wvfFind_event73303_trackID11_opNum5.root → copied (ms_ch=5)
[SKIP] wvfFind_event21322_trackID18_opNum2.root (ms_ch=2)
[PASS] wvfFind_event66960_trackID13_opNum9.root → copied (ms_ch=9)
[PASS] wvfFind_event68123_trackID21_opNum9.root → copied (ms_ch=9)
[PASS] wvfFind_event52823_trackID4_opNum8.root → copied (ms_ch=8)
[PASS] wvfFind_event43659_trackID13_opNum9_2.root → copied (ms_ch=9)
[PASS] wvfFind_event66099_trackID16_opNum9.root → copied (ms_ch=9)
[PASS] wvfFind_event49238_trackID14_opNum3_merged.root → copied (ms_ch=3)
[PASS] wvfFind_event2509_trackID5_opNum8_merged.root → copied (ms_ch=8)
[PASS] wvfFind_event68865_trackID11_opNum4_merged.root → copied (ms_ch=4)
[PASS] wvfFind_event30893_trackID7_opNum9_merged.root → copied (ms_ch=9)
[PASS] wvfFind_event75842_trackID25_opNum5.root → copied (ms_ch=5)
[PASS] wvfFind_event31740_trackID6_opNum3_2.root → copied (ms_ch=3)
[PASS] wvfFind_event36639_trackID15_opNum6.root → copied (ms_ch=6)
[SKIP] wvfFind_event32791_trackID44_opNum1_merged.root (ms_ch=1)
[SKIP] wvfFind_event45004_trackID5_opNum1_merged.root (ms_ch=1)
[SKIP] wvfFind_event69208_trackID25_opNum1_merged.root (ms_ch=1)
[PASS] wvfFind_event7192_trackID18_opNum6.root → copied (ms_ch=6)
[PASS] wvfFind_event18924_trackID26_opNum9_merged.root → copied (ms_ch=9)
[PASS] wvfFind_event7613_trackID6_opNum9.root → copied (ms_ch=9)
[SKIP] wvfFind_event36608_trackID22_opNum2.root (ms_ch=2)
[PASS] wvfFind_event56374_trackID9_opNum5_merged.root → copied (ms_ch=5)
[PASS] wvfFind_event3762_trackID12_opNum3_2.root → copied (ms_ch=3)
[PASS] wvfFind_event73297_trackID4_opNum7_merged.root → copied (ms_ch=7)
[PASS] wvfFind_event26278_trackID4_opNum4.root → copied (ms_ch=4)
[PASS] wvfFind_event9016_trackID17_opNum7.root → copied (ms_ch=7)
[PASS] wvfFind_event34280_trackID0_opNum3.root → copied (ms_ch=3)
[PASS] wvfFind_event35029_trackID32_opNum7.root → copied (ms_ch=7)
[PASS] wvfFind_event60221_trackID6_opNum4.root → copied (ms_ch=4)
[PASS] wvfFind_event25322_trackID17_opNum4.root → copied (ms_ch=4)
[PASS] wvfFind_event66712_trackID4_opNum5.root → copied (ms_ch=5)
[PASS] wvfFind_event16456_trackID10_opNum4_2.root → copied (ms_ch=4)
[PASS] wvfFind_event32817_trackID2_opNum3.root → copied (ms_ch=3)
[PASS] wvfFind_event71411_trackID6_opNum4.root → copied (ms_ch=4)
[PASS] wvfFind_event46774_trackID2_opNum9_2.root → copied (ms_ch=9)
[PASS] wvfFind_event6482_trackID9_opNum5_2.root → copied (ms_ch=5)
[PASS] wvfFind_event39919_trackID1_opNum4.root → copied (ms_ch=4)
[PASS] wvfFind_event59301_trackID11_opNum8_2.root → copied (ms_ch=8)
[PASS] wvfFind_event23906_trackID2_opNum4.root → copied (ms_ch=4)
[SKIP] wvfFind_event12315_trackID7_opNum2.root (ms_ch=2)
[PASS] wvfFind_event29215_trackID6_opNum4.root → copied (ms_ch=4)
[SKIP] wvfFind_event63827_trackID22_opNum2_2.root (ms_ch=2)
[PASS] wvfFind_event18592_trackID14_opNum9.root → copied (ms_ch=9)
[PASS] wvfFind_event35749_trackID0_opNum9_3.root → copied (ms_ch=9)
[PASS] wvfFind_event61583_trackID6_opNum5.root → copied (ms_ch=5)
[PASS] wvfFind_event53001_trackID2_opNum9.root → copied (ms_ch=9)
[PASS] wvfFind_event47838_trackID29_opNum9_2.root → copied (ms_ch=9)
[PASS] wvfFind_event30471_trackID8_opNum9.root → copied (ms_ch=9)
[SKIP] wvfFind_event3871_trackID18_opNum2_merged.root (ms_ch=2)
[PASS] wvfFind_event1029_trackID19_opNum6.root → copied (ms_ch=6)
[PASS] wvfFind_event50875_trackID6_opNum9.root → copied (ms_ch=9)
[SKIP] wvfFind_event25740_trackID7_opNum2.root (ms_ch=2)
[PASS] wvfFind_event2088_trackID3_opNum3_merged.root → copied (ms_ch=3)
[PASS] wvfFind_event5115_trackID6_opNum4.root → copied (ms_ch=4)
[SKIP] wvfFind_event633_trackID1_opNum1_merged.root (ms_ch=1)
[PASS] wvfFind_event73081_trackID5_opNum5_2.root → copied (ms_ch=5)
[PASS] wvfFind_event31846_trackID2_opNum5_merged.root → copied (ms_ch=5)
[PASS] wvfFind_event66528_trackID3_opNum9.root → copied (ms_ch=9)
[PASS] wvfFind_event20624_trackID0_opNum3.root → copied (ms_ch=3)
[PASS] wvfFind_event9106_trackID6_opNum8.root → copied (ms_ch=8)
[PASS] wvfFind_event73472_trackID34_opNum5_2.root → copied (ms_ch=5)
[PASS] wvfFind_event13448_trackID11_opNum9.root → copied (ms_ch=9)
[PASS] wvfFind_event59942_trackID2_opNum9.root → copied (ms_ch=9)
[SKIP] wvfFind_event44683_trackID9_opNum1_merged.root (ms_ch=1)
[PASS] wvfFind_event44435_trackID5_opNum9.root → copied (ms_ch=9)
[PASS] wvfFind_event32461_trackID7_opNum9.root → copied (ms_ch=9)
[PASS] wvfFind_event31575_trackID5_opNum9.root → copied (ms_ch=9)
[PASS] wvfFind_event25751_trackID3_opNum4.root → copied (ms_ch=4)
[PASS] wvfFind_event77528_trackID26_opNum8.root → copied (ms_ch=8)
[PASS] wvfFind_event24569_trackID4_opNum4.root → copied (ms_ch=4)
[PASS] wvfFind_event29749_trackID9_opNum5.root → copied (ms_ch=5)
[PASS] wvfFind_event302_trackID12_opNum3.root → copied (ms_ch=3)
[PASS] wvfFind_event42789_trackID8_opNum5_merged.root → copied (ms_ch=5)
[PASS] wvfFind_event36976_trackID16_opNum3_2.root → copied (ms_ch=3)
[PASS] wvfFind_event65135_trackID0_opNum5.root → copied (ms_ch=5)
[PASS] wvfFind_event70840_trackID0_opNum8.root → copied (ms_ch=8)
[PASS] wvfFind_event3215_trackID23_opNum8.root → copied (ms_ch=8)
[PASS] wvfFind_event128_trackID6_opNum5.root → copied (ms_ch=5)
[PASS] wvfFind_event70254_trackID7_opNum9.root → copied (ms_ch=9)
[PASS] wvfFind_event52463_trackID7_opNum5_2.root → copied (ms_ch=5)
[PASS] wvfFind_event19191_trackID34_opNum9.root → copied (ms_ch=9)
[SKIP] wvfFind_event45370_trackID22_opNum2.root (ms_ch=2)
[PASS] wvfFind_event55499_trackID18_opNum7.root → copied (ms_ch=7)
[SKIP] wvfFind_event12212_trackID15_opNum2.root (ms_ch=2)
[PASS] wvfFind_event26278_trackID4_opNum4_2.root → copied (ms_ch=4)
[PASS] wvfFind_event68218_trackID26_opNum9.root → copied (ms_ch=9)
[PASS] wvfFind_event22532_trackID9_opNum5_merged.root → copied (ms_ch=5)
[PASS] wvfFind_event13145_trackID4_opNum4.root → copied (ms_ch=4)
[PASS] wvfFind_event36497_trackID12_opNum4_merged.root → copied (ms_ch=4)
[PASS] wvfFind_event51517_trackID4_opNum4_merged.root → copied (ms_ch=4)
[PASS] wvfFind_event64547_trackID21_opNum5.root → copied (ms_ch=5)
[PASS] wvfFind_event69039_trackID11_opNum3.root → copied (ms_ch=3)
[PASS] wvfFind_event12187_trackID20_opNum9.root → copied (ms_ch=9)
[PASS] wvfFind_event44694_trackID6_opNum3.root → copied (ms_ch=3)
[PASS] wvfFind_event12177_trackID4_opNum5_merged.root → copied (ms_ch=5)
[PASS] wvfFind_event45230_trackID7_opNum9.root → copied (ms_ch=9)
[PASS] wvfFind_event10095_trackID3_opNum9.root → copied (ms_ch=9)
[PASS] wvfFind_event49319_trackID5_opNum9.root → copied (ms_ch=9)
[PASS] wvfFind_event76527_trackID0_opNum5.root → copied (ms_ch=5)
[PASS] wvfFind_event43150_trackID6_opNum5.root → copied (ms_ch=5)
[PASS] wvfFind_event27391_trackID40_opNum8.root → copied (ms_ch=8)
[PASS] wvfFind_event58700_trackID1_opNum9.root → copied (ms_ch=9)
[PASS] wvfFind_event19191_trackID8_opNum8_2.root → copied (ms_ch=8)
[PASS] wvfFind_event49498_trackID10_opNum9.root → copied (ms_ch=9)
[PASS] wvfFind_event50155_trackID11_opNum5.root → copied (ms_ch=5)
[PASS] wvfFind_event67803_trackID4_opNum4.root → copied (ms_ch=4)
[PASS] wvfFind_event11913_trackID34_opNum6_merged.root → copied (ms_ch=6)
[PASS] wvfFind_event13103_trackID9_opNum5.root → copied (ms_ch=5)
[PASS] wvfFind_event49454_trackID17_opNum7_merged.root → copied (ms_ch=7)
[PASS] wvfFind_event4949_trackID32_opNum4.root → copied (ms_ch=4)
[PASS] wvfFind_event77827_trackID12_opNum4_merged.root → copied (ms_ch=4)
[PASS] wvfFind_event10848_trackID9_opNum3.root → copied (ms_ch=3)
[PASS] wvfFind_event44216_trackID35_opNum9_2.root → copied (ms_ch=9)
[PASS] wvfFind_event5869_trackID0_opNum3.root → copied (ms_ch=3)
[PASS] wvfFind_event16096_trackID36_opNum8.root → copied (ms_ch=8)
[PASS] wvfFind_event68369_trackID1_opNum9.root → copied (ms_ch=9)
[PASS] wvfFind_event43050_trackID5_opNum5.root → copied (ms_ch=5)
[PASS] wvfFind_event20799_trackID8_opNum3_2.root → copied (ms_ch=3)
[PASS] wvfFind_event77936_trackID22_opNum7.root → copied (ms_ch=7)
[SKIP] wvfFind_event8589_trackID5_opNum2_merged.root (ms_ch=2)
[PASS] wvfFind_event5535_trackID3_opNum3_merged.root → copied (ms_ch=3)
[SKIP] wvfFind_event33573_trackID11_opNum2.root (ms_ch=2)
[PASS] wvfFind_event23953_trackID15_opNum8.root → copied (ms_ch=8)
[PASS] wvfFind_event25741_trackID14_opNum5_merged.root → copied (ms_ch=5)
[PASS] wvfFind_event30698_trackID3_opNum9.root → copied (ms_ch=9)
[SKIP] wvfFind_event42466_trackID4_opNum2.root (ms_ch=2)
[PASS] wvfFind_event69259_trackID2_opNum9.root → copied (ms_ch=9)
[PASS] wvfFind_event6112_trackID0_opNum5_merged.root → copied (ms_ch=5)
[SKIP] wvfFind_event57414_trackID5_opNum2.root (ms_ch=2)
[PASS] wvfFind_event67566_trackID2_opNum9.root → copied (ms_ch=9)
[PASS] wvfFind_event8302_trackID10_opNum9.root → copied (ms_ch=9)
[PASS] wvfFind_event24855_trackID9_opNum6_merged.root → copied (ms_ch=6)
[PASS] wvfFind_event5608_trackID17_opNum4.root → copied (ms_ch=4)
[PASS] wvfFind_event66797_trackID4_opNum5.root → copied (ms_ch=5)
[PASS] wvfFind_event65886_trackID10_opNum5_merged.root → copied (ms_ch=5)
[PASS] wvfFind_event39114_trackID13_opNum5_2.root → copied (ms_ch=5)
[PASS] wvfFind_event2096_trackID11_opNum6_2.root → copied (ms_ch=6)
[PASS] wvfFind_event53492_trackID16_opNum3.root → copied (ms_ch=3)
[PASS] wvfFind_event63956_trackID16_opNum9.root → copied (ms_ch=9)
[PASS] wvfFind_event75201_trackID27_opNum8_merged.root → copied (ms_ch=8)
[PASS] wvfFind_event14529_trackID0_opNum3.root → copied (ms_ch=3)
[PASS] wvfFind_event59007_trackID4_opNum8.root → copied (ms_ch=8)
[PASS] wvfFind_event47593_trackID2_opNum4.root → copied (ms_ch=4)
[PASS] wvfFind_event57331_trackID10_opNum6.root → copied (ms_ch=6)
[PASS] wvfFind_event76957_trackID8_opNum8.root → copied (ms_ch=8)
[PASS] wvfFind_event30101_trackID0_opNum9.root → copied (ms_ch=9)
[PASS] wvfFind_event8813_trackID20_opNum9.root → copied (ms_ch=9)
[PASS] wvfFind_event675_trackID12_opNum4_merged.root → copied (ms_ch=4)
[PASS] wvfFind_event11230_trackID33_opNum9.root → copied (ms_ch=9)
[PASS] wvfFind_event11116_trackID9_opNum3.root → copied (ms_ch=3)
[PASS] wvfFind_event47530_trackID0_opNum4.root → copied (ms_ch=4)
[PASS] wvfFind_event59716_trackID18_opNum9.root → copied (ms_ch=9)
[PASS] wvfFind_event34849_trackID29_opNum9_2.root → copied (ms_ch=9)
[PASS] wvfFind_event23671_trackID2_opNum8_merged.root → copied (ms_ch=8)
[PASS] wvfFind_event48493_trackID12_opNum9.root → copied (ms_ch=9)
[PASS] wvfFind_event35290_trackID5_opNum3.root → copied (ms_ch=3)
[PASS] wvfFind_event38364_trackID3_opNum5.root → copied (ms_ch=5)
[PASS] wvfFind_event75026_trackID3_opNum5.root → copied (ms_ch=5)
[PASS] wvfFind_event50560_trackID7_opNum4.root → copied (ms_ch=4)
[SKIP] wvfFind_event55666_trackID3_opNum1_merged.root (ms_ch=1)
[SKIP] wvfFind_event52451_trackID20_opNum2.root (ms_ch=2)
[PASS] wvfFind_event10747_trackID0_opNum5.root → copied (ms_ch=5)
[SKIP] wvfFind_event8197_trackID3_opNum2.root (ms_ch=2)
[PASS] wvfFind_event33895_trackID7_opNum5_merged.root → copied (ms_ch=5)
[PASS] wvfFind_event71717_trackID14_opNum6.root → copied (ms_ch=6)
[PASS] wvfFind_event56995_trackID3_opNum4_2.root → copied (ms_ch=4)
[PASS] wvfFind_event60929_trackID17_opNum6.root → copied (ms_ch=6)
[PASS] wvfFind_event47182_trackID7_opNum5_merged.root → copied (ms_ch=5)
[PASS] wvfFind_event57798_trackID11_opNum3_2.root → copied (ms_ch=3)
[PASS] wvfFind_event16662_trackID8_opNum9.root → copied (ms_ch=9)
[PASS] wvfFind_event37794_trackID19_opNum7.root → copied (ms_ch=7)
[PASS] wvfFind_event57892_trackID24_opNum8.root → copied (ms_ch=8)
[PASS] wvfFind_event7368_trackID4_opNum4.root → copied (ms_ch=4)
[PASS] wvfFind_event77879_trackID12_opNum9_merged.root → copied (ms_ch=9)
[PASS] wvfFind_event45229_trackID10_opNum5.root → copied (ms_ch=5)
[SKIP] wvfFind_event43707_trackID13_opNum1_merged.root (ms_ch=1)
[PASS] wvfFind_event30435_trackID21_opNum4_merged.root → copied (ms_ch=4)
[PASS] wvfFind_event12578_trackID10_opNum3.root → copied (ms_ch=3)
[PASS] wvfFind_event27964_trackID6_opNum3.root → copied (ms_ch=3)
[SKIP] wvfFind_event45102_trackID8_opNum2.root (ms_ch=2)
[PASS] wvfFind_event70674_trackID25_opNum4_merged.root → copied (ms_ch=4)
[PASS] wvfFind_event41253_trackID6_opNum5.root → copied (ms_ch=5)
[PASS] wvfFind_event54391_trackID5_opNum9.root → copied (ms_ch=9)
[SKIP] wvfFind_event16162_trackID2_opNum2.root (ms_ch=2)
[PASS] wvfFind_event53896_trackID15_opNum5_merged.root → copied (ms_ch=5)
[PASS] wvfFind_event26516_trackID1_opNum5_2.root → copied (ms_ch=5)
[PASS] wvfFind_event19322_trackID8_opNum9.root → copied (ms_ch=9)
[SKIP] wvfFind_event22100_trackID4_opNum2.root (ms_ch=2)
[PASS] wvfFind_event22315_trackID14_opNum6_2.root → copied (ms_ch=6)
[PASS] wvfFind_event59534_trackID10_opNum9.root → copied (ms_ch=9)
[PASS] wvfFind_event32397_trackID7_opNum9.root → copied (ms_ch=9)
[PASS] wvfFind_event6853_trackID14_opNum3_2.root → copied (ms_ch=3)
[PASS] wvfFind_event4268_trackID9_opNum6_merged.root → copied (ms_ch=6)
[SKIP] wvfFind_event39393_trackID3_opNum1_merged.root (ms_ch=1)
[PASS] wvfFind_event77334_trackID1_opNum5.root → copied (ms_ch=5)
[PASS] wvfFind_event1088_trackID2_opNum7.root → copied (ms_ch=7)
[PASS] wvfFind_event6060_trackID6_opNum7.root → copied (ms_ch=7)
[SKIP] wvfFind_event71783_trackID21_opNum2.root (ms_ch=2)
[PASS] wvfFind_event24151_trackID1_opNum8.root → copied (ms_ch=8)
[PASS] wvfFind_event8396_trackID21_opNum9_2.root → copied (ms_ch=9)
[PASS] wvfFind_event33165_trackID3_opNum4.root → copied (ms_ch=4)
[PASS] wvfFind_event30934_trackID6_opNum5_2.root → copied (ms_ch=5)
[PASS] wvfFind_event68583_trackID0_opNum9_2.root → copied (ms_ch=9)
[PASS] wvfFind_event57371_trackID0_opNum4.root → copied (ms_ch=4)
[PASS] wvfFind_event38945_trackID9_opNum9.root → copied (ms_ch=9)
[PASS] wvfFind_event50338_trackID21_opNum5_merged.root → copied (ms_ch=5)
[PASS] wvfFind_event70235_trackID6_opNum7_merged.root → copied (ms_ch=7)
[PASS] wvfFind_event71076_trackID2_opNum3.root → copied (ms_ch=3)
[PASS] wvfFind_event31030_trackID20_opNum7.root → copied (ms_ch=7)
[PASS] wvfFind_event5978_trackID1_opNum3.root → copied (ms_ch=3)
[PASS] wvfFind_event37453_trackID13_opNum3.root → copied (ms_ch=3)
[PASS] wvfFind_event61250_trackID29_opNum5.root → copied (ms_ch=5)
[PASS] wvfFind_event48633_trackID8_opNum3.root → copied (ms_ch=3)
[PASS] wvfFind_event46971_trackID20_opNum9.root → copied (ms_ch=9)
[PASS] wvfFind_event35176_trackID12_opNum8.root → copied (ms_ch=8)
[PASS] wvfFind_event70305_trackID5_opNum4.root → copied (ms_ch=4)
[PASS] wvfFind_event44576_trackID1_opNum3.root → copied (ms_ch=3)
[PASS] wvfFind_event24802_trackID2_opNum4_2.root → copied (ms_ch=4)
[SKIP] wvfFind_event62573_trackID0_opNum1_merged.root (ms_ch=1)
[PASS] wvfFind_event25643_trackID0_opNum5.root → copied (ms_ch=5)
[SKIP] wvfFind_event31791_trackID2_opNum1_merged.root (ms_ch=1)
[PASS] wvfFind_event6544_trackID1_opNum9.root → copied (ms_ch=9)
[PASS] wvfFind_event68430_trackID8_opNum4.root → copied (ms_ch=4)
[PASS] wvfFind_event53872_trackID8_opNum4.root → copied (ms_ch=4)
[PASS] wvfFind_event10994_trackID23_opNum9_2.root → copied (ms_ch=9)
[PASS] wvfFind_event38283_trackID7_opNum4.root → copied (ms_ch=4)
[PASS] wvfFind_event69987_trackID10_opNum9.root → copied (ms_ch=9)
[PASS] wvfFind_event59560_trackID15_opNum4_merged.root → copied (ms_ch=4)
[PASS] wvfFind_event4038_trackID9_opNum8_merged.root → copied (ms_ch=8)
[PASS] wvfFind_event33849_trackID16_opNum3.root → copied (ms_ch=3)
[PASS] wvfFind_event21376_trackID2_opNum5.root → copied (ms_ch=5)
[PASS] wvfFind_event18509_trackID9_opNum9.root → copied (ms_ch=9)
[PASS] wvfFind_event29428_trackID5_opNum9_merged.root → copied (ms_ch=9)
[PASS] wvfFind_event41895_trackID11_opNum9.root → copied (ms_ch=9)
[PASS] wvfFind_event2729_trackID9_opNum9.root → copied (ms_ch=9)
[SKIP] wvfFind_event60138_trackID7_opNum1_merged.root (ms_ch=1)
[PASS] wvfFind_event12241_trackID11_opNum5.root → copied (ms_ch=5)
[PASS] wvfFind_event9534_trackID1_opNum6.root → copied (ms_ch=6)
[SKIP] wvfFind_event73917_trackID5_opNum1_merged.root (ms_ch=1)
[PASS] wvfFind_event19306_trackID26_opNum8_merged.root → copied (ms_ch=8)
[PASS] wvfFind_event51922_trackID7_opNum9.root → copied (ms_ch=9)
[PASS] wvfFind_event14827_trackID19_opNum6.root → copied (ms_ch=6)
[SKIP] wvfFind_event52124_trackID8_opNum1_merged.root (ms_ch=1)
[PASS] wvfFind_event66937_trackID1_opNum8.root → copied (ms_ch=8)
[PASS] wvfFind_event20933_trackID7_opNum4_2.root → copied (ms_ch=4)
[PASS] wvfFind_event20426_trackID14_opNum4_2.root → copied (ms_ch=4)
[SKIP] wvfFind_event64378_trackID3_opNum2.root (ms_ch=2)
[PASS] wvfFind_event6368_trackID5_opNum4.root → copied (ms_ch=4)
[PASS] wvfFind_event37044_trackID26_opNum9.root → copied (ms_ch=9)
[PASS] wvfFind_event65112_trackID26_opNum8.root → copied (ms_ch=8)
[PASS] wvfFind_event7759_trackID13_opNum3_merged.root → copied (ms_ch=3)
[PASS] wvfFind_event10278_trackID31_opNum8_merged.root → copied (ms_ch=8)
[PASS] wvfFind_event25306_trackID0_opNum5.root → copied (ms_ch=5)
[PASS] wvfFind_event39612_trackID12_opNum3.root → copied (ms_ch=3)
[PASS] wvfFind_event72087_trackID3_opNum3_2.root → copied (ms_ch=3)
[PASS] wvfFind_event7010_trackID2_opNum9.root → copied (ms_ch=9)
[PASS] wvfFind_event10090_trackID18_opNum8_merged.root → copied (ms_ch=8)
[PASS] wvfFind_event72034_trackID6_opNum3.root → copied (ms_ch=3)
[PASS] wvfFind_event33207_trackID20_opNum5_merged.root → copied (ms_ch=5)
[PASS] wvfFind_event17462_trackID3_opNum8_2.root → copied (ms_ch=8)
[PASS] wvfFind_event57735_trackID14_opNum5.root → copied (ms_ch=5)
[SKIP] wvfFind_event39979_trackID7_opNum1_merged.root (ms_ch=1)
[PASS] wvfFind_event1399_trackID4_opNum3_merged.root → copied (ms_ch=3)
[PASS] wvfFind_event65550_trackID14_opNum5.root → copied (ms_ch=5)
[SKIP] wvfFind_event16619_trackID3_opNum2.root (ms_ch=2)
[PASS] wvfFind_event36068_trackID6_opNum3.root → copied (ms_ch=3)
[PASS] wvfFind_event34808_trackID7_opNum9.root → copied (ms_ch=9)
[SKIP] wvfFind_event14407_trackID3_opNum1_merged.root (ms_ch=1)
[PASS] wvfFind_event53143_trackID12_opNum7.root → copied (ms_ch=7)
[SKIP] wvfFind_event6442_trackID5_opNum1_merged.root (ms_ch=1)
[PASS] wvfFind_event8473_trackID3_opNum5.root → copied (ms_ch=5)
[PASS] wvfFind_event39822_trackID10_opNum9.root → copied (ms_ch=9)
[PASS] wvfFind_event56689_trackID6_opNum9_2.root → copied (ms_ch=9)
[PASS] wvfFind_event73090_trackID2_opNum5.root → copied (ms_ch=5)
[PASS] wvfFind_event19782_trackID22_opNum3.root → copied (ms_ch=3)
[PASS] wvfFind_event67480_trackID18_opNum3.root → copied (ms_ch=3)
[PASS] wvfFind_event50321_trackID4_opNum8.root → copied (ms_ch=8)
[PASS] wvfFind_event57875_trackID6_opNum3.root → copied (ms_ch=3)
[PASS] wvfFind_event67289_trackID4_opNum4.root → copied (ms_ch=4)
[PASS] wvfFind_event31312_trackID4_opNum5.root → copied (ms_ch=5)
[PASS] wvfFind_event28168_trackID8_opNum9.root → copied (ms_ch=9)
[SKIP] wvfFind_event53110_trackID6_opNum1_merged.root (ms_ch=1)
[PASS] wvfFind_event22589_trackID17_opNum3_2.root → copied (ms_ch=3)
[PASS] wvfFind_event72607_trackID12_opNum7.root → copied (ms_ch=7)
[PASS] wvfFind_event13381_trackID19_opNum9.root → copied (ms_ch=9)
[PASS] wvfFind_event26592_trackID0_opNum4_2.root → copied (ms_ch=4)
[PASS] wvfFind_event44042_trackID3_opNum8.root → copied (ms_ch=8)
[PASS] wvfFind_event8851_trackID1_opNum8_2.root → copied (ms_ch=8)
[SKIP] wvfFind_event38734_trackID12_opNum1_merged.root (ms_ch=1)
[PASS] wvfFind_event63894_trackID14_opNum8.root → copied (ms_ch=8)
[PASS] wvfFind_event45513_trackID5_opNum9.root → copied (ms_ch=9)
[PASS] wvfFind_event22255_trackID6_opNum3.root → copied (ms_ch=3)
[PASS] wvfFind_event2079_trackID2_opNum9.root → copied (ms_ch=9)
[PASS] wvfFind_event59583_trackID4_opNum3_2.root → copied (ms_ch=3)
[PASS] wvfFind_event11241_trackID9_opNum5.root → copied (ms_ch=5)
[PASS] wvfFind_event20092_trackID3_opNum5.root → copied (ms_ch=5)
[PASS] wvfFind_event9534_trackID1_opNum6_2.root → copied (ms_ch=6)
[PASS] wvfFind_event16796_trackID20_opNum9.root → copied (ms_ch=9)
[PASS] wvfFind_event66691_trackID13_opNum5_merged.root → copied (ms_ch=5)
[PASS] wvfFind_event13145_trackID4_opNum4_2.root → copied (ms_ch=4)
[PASS] wvfFind_event50446_trackID3_opNum9.root → copied (ms_ch=9)
[PASS] wvfFind_event35949_trackID5_opNum9.root → copied (ms_ch=9)
[PASS] wvfFind_event25945_trackID4_opNum8.root → copied (ms_ch=8)
[PASS] wvfFind_event60808_trackID4_opNum8.root → copied (ms_ch=8)
[PASS] wvfFind_event611_trackID7_opNum6.root → copied (ms_ch=6)
[SKIP] wvfFind_event72617_trackID2_opNum2.root (ms_ch=2)
[PASS] wvfFind_event27956_trackID20_opNum9.root → copied (ms_ch=9)
[PASS] wvfFind_event45969_trackID1_opNum5.root → copied (ms_ch=5)
[PASS] wvfFind_event65915_trackID3_opNum9.root → copied (ms_ch=9)
[PASS] wvfFind_event64284_trackID3_opNum5.root → copied (ms_ch=5)
[PASS] wvfFind_event15272_trackID18_opNum8.root → copied (ms_ch=8)
[PASS] wvfFind_event24174_trackID1_opNum5.root → copied (ms_ch=5)
[SKIP] wvfFind_event8408_trackID12_opNum1_merged.root (ms_ch=1)
[PASS] wvfFind_event10528_trackID2_opNum3_merged.root → copied (ms_ch=3)
[PASS] wvfFind_event48820_trackID8_opNum9.root → copied (ms_ch=9)
[PASS] wvfFind_event63103_trackID7_opNum3.root → copied (ms_ch=3)
[PASS] wvfFind_event74087_trackID7_opNum3.root → copied (ms_ch=3)
[PASS] wvfFind_event65709_trackID9_opNum8.root → copied (ms_ch=8)
[PASS] wvfFind_event75772_trackID15_opNum8_merged.root → copied (ms_ch=8)
[PASS] wvfFind_event58550_trackID31_opNum9.root → copied (ms_ch=9)
[PASS] wvfFind_event49350_trackID13_opNum8_merged.root → copied (ms_ch=8)
[PASS] wvfFind_event17580_trackID2_opNum4.root → copied (ms_ch=4)
[PASS] wvfFind_event74508_trackID7_opNum5.root → copied (ms_ch=5)
[PASS] wvfFind_event73084_trackID0_opNum5.root → copied (ms_ch=5)
[PASS] wvfFind_event36120_trackID4_opNum8_2.root → copied (ms_ch=8)
[PASS] wvfFind_event7163_trackID21_opNum6.root → copied (ms_ch=6)
[PASS] wvfFind_event27160_trackID0_opNum5.root → copied (ms_ch=5)
[PASS] wvfFind_event25563_trackID14_opNum5.root → copied (ms_ch=5)
[PASS] wvfFind_event834_trackID30_opNum9.root → copied (ms_ch=9)
[PASS] wvfFind_event56305_trackID0_opNum4.root → copied (ms_ch=4)
[PASS] wvfFind_event18150_trackID0_opNum5.root → copied (ms_ch=5)
[PASS] wvfFind_event66690_trackID8_opNum3_2.root → copied (ms_ch=3)
[PASS] wvfFind_event28153_trackID6_opNum5.root → copied (ms_ch=5)
[PASS] wvfFind_event49485_trackID8_opNum6.root → copied (ms_ch=6)
[PASS] wvfFind_event6885_trackID16_opNum9.root → copied (ms_ch=9)
[PASS] wvfFind_event29260_trackID8_opNum8.root → copied (ms_ch=8)
[PASS] wvfFind_event68943_trackID11_opNum6.root → copied (ms_ch=6)
[PASS] wvfFind_event22621_trackID16_opNum5.root → copied (ms_ch=5)
[PASS] wvfFind_event49125_trackID21_opNum3.root → copied (ms_ch=3)
[PASS] wvfFind_event68610_trackID14_opNum8.root → copied (ms_ch=8)
[PASS] wvfFind_event30861_trackID0_opNum3.root → copied (ms_ch=3)
[PASS] wvfFind_event34888_trackID5_opNum7.root → copied (ms_ch=7)
[PASS] wvfFind_event65767_trackID8_opNum8_merged.root → copied (ms_ch=8)
[PASS] wvfFind_event27029_trackID14_opNum3.root → copied (ms_ch=3)
[PASS] wvfFind_event31032_trackID4_opNum9.root → copied (ms_ch=9)
[PASS] wvfFind_event45349_trackID1_opNum8.root → copied (ms_ch=8)
[PASS] wvfFind_event11914_trackID1_opNum9.root → copied (ms_ch=9)
[SKIP] wvfFind_event76310_trackID10_opNum1_merged.root (ms_ch=1)
[PASS] wvfFind_event58559_trackID6_opNum6_merged.root → copied (ms_ch=6)
[PASS] wvfFind_event47525_trackID1_opNum9.root → copied (ms_ch=9)
[SKIP] wvfFind_event61718_trackID1_opNum2.root (ms_ch=2)
[PASS] wvfFind_event43883_trackID10_opNum5_2.root → copied (ms_ch=5)
[PASS] wvfFind_event28325_trackID14_opNum7.root → copied (ms_ch=7)
[SKIP] wvfFind_event73820_trackID14_opNum1_merged.root (ms_ch=1)
[PASS] wvfFind_event11248_trackID18_opNum8.root → copied (ms_ch=8)
[PASS] wvfFind_event47305_trackID2_opNum9_merged.root → copied (ms_ch=9)
[PASS] wvfFind_event54797_trackID8_opNum3.root → copied (ms_ch=3)
[PASS] wvfFind_event46363_trackID32_opNum4.root → copied (ms_ch=4)
[PASS] wvfFind_event59576_trackID1_opNum6.root → copied (ms_ch=6)
[PASS] wvfFind_event32749_trackID11_opNum7.root → copied (ms_ch=7)
[PASS] wvfFind_event47317_trackID2_opNum9.root → copied (ms_ch=9)
[SKIP] wvfFind_event10970_trackID5_opNum2_merged.root (ms_ch=2)
[PASS] wvfFind_event53303_trackID4_opNum8_2.root → copied (ms_ch=8)
[PASS] wvfFind_event30786_trackID2_opNum5.root → copied (ms_ch=5)
[PASS] wvfFind_event69315_trackID14_opNum9.root → copied (ms_ch=9)
[PASS] wvfFind_event59393_trackID10_opNum9.root → copied (ms_ch=9)
[PASS] wvfFind_event61661_trackID1_opNum9.root → copied (ms_ch=9)
[PASS] wvfFind_event73095_trackID3_opNum3_2.root → copied (ms_ch=3)
[PASS] wvfFind_event1545_trackID16_opNum5.root → copied (ms_ch=5)
[PASS] wvfFind_event22806_trackID3_opNum4_2.root → copied (ms_ch=4)
[PASS] wvfFind_event3605_trackID9_opNum9.root → copied (ms_ch=9)
[PASS] wvfFind_event32488_trackID18_opNum3.root → copied (ms_ch=3)
[PASS] wvfFind_event58206_trackID12_opNum6.root → copied (ms_ch=6)
[PASS] wvfFind_event4395_trackID20_opNum9.root → copied (ms_ch=9)
[PASS] wvfFind_event53006_trackID8_opNum7.root → copied (ms_ch=7)
[PASS] wvfFind_event27896_trackID8_opNum4_2.root → copied (ms_ch=4)
[PASS] wvfFind_event62407_trackID6_opNum3.root → copied (ms_ch=3)
[PASS] wvfFind_event20822_trackID16_opNum3_merged.root → copied (ms_ch=3)
[PASS] wvfFind_event76697_trackID8_opNum4.root → copied (ms_ch=4)
[PASS] wvfFind_event49296_trackID6_opNum9.root → copied (ms_ch=9)
[PASS] wvfFind_event22633_trackID8_opNum9.root → copied (ms_ch=9)
[PASS] wvfFind_event73492_trackID3_opNum4.root → copied (ms_ch=4)
[PASS] wvfFind_event11543_trackID12_opNum8_merged.root → copied (ms_ch=8)
[PASS] wvfFind_event58463_trackID2_opNum8_merged.root → copied (ms_ch=8)
[PASS] wvfFind_event42256_trackID16_opNum9.root → copied (ms_ch=9)
[PASS] wvfFind_event75909_trackID20_opNum9.root → copied (ms_ch=9)
[PASS] wvfFind_event55069_trackID22_opNum9.root → copied (ms_ch=9)
[PASS] wvfFind_event60087_trackID19_opNum3_3.root → copied (ms_ch=3)
[SKIP] wvfFind_event10530_trackID6_opNum1_merged.root (ms_ch=1)
[PASS] wvfFind_event12241_trackID11_opNum5_2.root → copied (ms_ch=5)
[PASS] wvfFind_event23604_trackID22_opNum7_merged.root → copied (ms_ch=7)
[PASS] wvfFind_event74935_trackID2_opNum3.root → copied (ms_ch=3)
[PASS] wvfFind_event40238_trackID2_opNum5.root → copied (ms_ch=5)
[PASS] wvfFind_event75121_trackID0_opNum9_merged.root → copied (ms_ch=9)
[PASS] wvfFind_event50727_trackID24_opNum8.root → copied (ms_ch=8)
[PASS] wvfFind_event73197_trackID15_opNum8_3.root → copied (ms_ch=8)
[PASS] wvfFind_event49732_trackID10_opNum3.root → copied (ms_ch=3)
[PASS] wvfFind_event49777_trackID17_opNum8_merged.root → copied (ms_ch=8)
[PASS] wvfFind_event18699_trackID8_opNum9.root → copied (ms_ch=9)
[PASS] wvfFind_event31279_trackID5_opNum6.root → copied (ms_ch=6)
[PASS] wvfFind_event51512_trackID20_opNum6.root → copied (ms_ch=6)
[PASS] wvfFind_event32918_trackID11_opNum8_2.root → copied (ms_ch=8)
[PASS] wvfFind_event16410_trackID6_opNum6.root → copied (ms_ch=6)
[PASS] wvfFind_event18455_trackID3_opNum8.root → copied (ms_ch=8)
[PASS] wvfFind_event22840_trackID10_opNum5.root → copied (ms_ch=5)
[SKIP] wvfFind_event36739_trackID24_opNum1_merged.root (ms_ch=1)
[PASS] wvfFind_event65548_trackID11_opNum3.root → copied (ms_ch=3)
[PASS] wvfFind_event35829_trackID3_opNum3.root → copied (ms_ch=3)
[PASS] wvfFind_event10391_trackID35_opNum9.root → copied (ms_ch=9)
[PASS] wvfFind_event29154_trackID3_opNum8.root → copied (ms_ch=8)
[PASS] wvfFind_event4613_trackID9_opNum8.root → copied (ms_ch=8)
[PASS] wvfFind_event57776_trackID4_opNum4.root → copied (ms_ch=4)
[PASS] wvfFind_event7647_trackID15_opNum9_merged.root → copied (ms_ch=9)
[PASS] wvfFind_event66512_trackID20_opNum6.root → copied (ms_ch=6)
[PASS] wvfFind_event38006_trackID8_opNum4.root → copied (ms_ch=4)
[PASS] wvfFind_event27062_trackID0_opNum9_2.root → copied (ms_ch=9)
[PASS] wvfFind_event65647_trackID6_opNum9.root → copied (ms_ch=9)
[PASS] wvfFind_event42655_trackID20_opNum5.root → copied (ms_ch=5)
[PASS] wvfFind_event15404_trackID7_opNum6.root → copied (ms_ch=6)
[SKIP] wvfFind_event48799_trackID3_opNum1_merged.root (ms_ch=1)
[PASS] wvfFind_event9619_trackID28_opNum3.root → copied (ms_ch=3)
[PASS] wvfFind_event67279_trackID7_opNum7_merged.root → copied (ms_ch=7)
[PASS] wvfFind_event44590_trackID3_opNum5.root → copied (ms_ch=5)
[PASS] wvfFind_event21201_trackID2_opNum4.root → copied (ms_ch=4)
[PASS] wvfFind_event5732_trackID3_opNum3_merged.root → copied (ms_ch=3)
[PASS] wvfFind_event17105_trackID5_opNum6.root → copied (ms_ch=6)
[PASS] wvfFind_event70020_trackID14_opNum9.root → copied (ms_ch=9)
[PASS] wvfFind_event17108_trackID13_opNum5_merged.root → copied (ms_ch=5)
[PASS] wvfFind_event16217_trackID6_opNum4.root → copied (ms_ch=4)
[PASS] wvfFind_event77550_trackID5_opNum7.root → copied (ms_ch=7)
[PASS] wvfFind_event300_trackID4_opNum9.root → copied (ms_ch=9)
[PASS] wvfFind_event35086_trackID30_opNum5_2.root → copied (ms_ch=5)
[SKIP] wvfFind_event57640_trackID7_opNum1_merged.root (ms_ch=1)
[PASS] wvfFind_event42564_trackID7_opNum7.root → copied (ms_ch=7)
[PASS] wvfFind_event46033_trackID9_opNum4.root → copied (ms_ch=4)
[PASS] wvfFind_event28078_trackID6_opNum9.root → copied (ms_ch=9)
[PASS] wvfFind_event14056_trackID32_opNum3_merged.root → copied (ms_ch=3)
[PASS] wvfFind_event73244_trackID4_opNum9_2.root → copied (ms_ch=9)
[PASS] wvfFind_event7291_trackID18_opNum6_merged.root → copied (ms_ch=6)
[PASS] wvfFind_event24066_trackID8_opNum3.root → copied (ms_ch=3)
[SKIP] wvfFind_event10459_trackID7_opNum1_merged.root (ms_ch=1)
[SKIP] wvfFind_event65755_trackID12_opNum1_merged.root (ms_ch=1)
[PASS] wvfFind_event48539_trackID28_opNum8_2.root → copied (ms_ch=8)
[PASS] wvfFind_event41617_trackID3_opNum9.root → copied (ms_ch=9)
[PASS] wvfFind_event73956_trackID6_opNum5.root → copied (ms_ch=5)
[PASS] wvfFind_event5511_trackID0_opNum5_4.root → copied (ms_ch=5)
[PASS] wvfFind_event45950_trackID25_opNum5_merged.root → copied (ms_ch=5)
[PASS] wvfFind_event69097_trackID14_opNum5.root → copied (ms_ch=5)
[PASS] wvfFind_event4505_trackID42_opNum8.root → copied (ms_ch=8)
[PASS] wvfFind_event30531_trackID1_opNum4.root → copied (ms_ch=4)
[PASS] wvfFind_event4747_trackID4_opNum3.root → copied (ms_ch=3)
[PASS] wvfFind_event3962_trackID8_opNum8.root → copied (ms_ch=8)
[PASS] wvfFind_event7308_trackID2_opNum5.root → copied (ms_ch=5)
[SKIP] wvfFind_event62930_trackID3_opNum2.root (ms_ch=2)
[SKIP] wvfFind_event8448_trackID1_opNum1_merged.root (ms_ch=1)
[PASS] wvfFind_event19991_trackID35_opNum6.root → copied (ms_ch=6)
[PASS] wvfFind_event69643_trackID10_opNum8.root → copied (ms_ch=8)
[PASS] wvfFind_event66029_trackID7_opNum5_2.root → copied (ms_ch=5)
[PASS] wvfFind_event1774_trackID1_opNum3_2.root → copied (ms_ch=3)
[PASS] wvfFind_event77859_trackID1_opNum5_2.root → copied (ms_ch=5)
[PASS] wvfFind_event72501_trackID22_opNum5.root → copied (ms_ch=5)
[PASS] wvfFind_event46138_trackID15_opNum9.root → copied (ms_ch=9)
[SKIP] wvfFind_event65084_trackID12_opNum1_merged.root (ms_ch=1)
[PASS] wvfFind_event37237_trackID0_opNum4.root → copied (ms_ch=4)
[PASS] wvfFind_event9564_trackID1_opNum4.root → copied (ms_ch=4)
[SKIP] wvfFind_event68649_trackID1_opNum2.root (ms_ch=2)
[PASS] wvfFind_event55366_trackID12_opNum3.root → copied (ms_ch=3)
[SKIP] wvfFind_event63725_trackID3_opNum2.root (ms_ch=2)
[PASS] wvfFind_event23059_trackID0_opNum5.root → copied (ms_ch=5)
[PASS] wvfFind_event59421_trackID0_opNum3.root → copied (ms_ch=3)
[PASS] wvfFind_event20967_trackID4_opNum9_merged.root → copied (ms_ch=9)
[PASS] wvfFind_event47648_trackID10_opNum5.root → copied (ms_ch=5)
[SKIP] wvfFind_event75082_trackID11_opNum2.root (ms_ch=2)
[PASS] wvfFind_event42564_trackID0_opNum4.root → copied (ms_ch=4)
[PASS] wvfFind_event50760_trackID23_opNum9.root → copied (ms_ch=9)
[PASS] wvfFind_event20489_trackID8_opNum3_2.root → copied (ms_ch=3)
[SKIP] wvfFind_event308_trackID6_opNum2.root (ms_ch=2)
[SKIP] wvfFind_event43289_trackID12_opNum1_merged.root (ms_ch=1)
[PASS] wvfFind_event45046_trackID1_opNum5.root → copied (ms_ch=5)
[SKIP] wvfFind_event8723_trackID11_opNum1_merged.root (ms_ch=1)
[PASS] wvfFind_event76627_trackID14_opNum8_merged.root → copied (ms_ch=8)
[PASS] wvfFind_event70499_trackID6_opNum4.root → copied (ms_ch=4)
[PASS] wvfFind_event16847_trackID21_opNum8.root → copied (ms_ch=8)
[PASS] wvfFind_event30944_trackID27_opNum6.root → copied (ms_ch=6)
[PASS] wvfFind_event22970_trackID6_opNum5.root → copied (ms_ch=5)
[PASS] wvfFind_event58638_trackID9_opNum7.root → copied (ms_ch=7)
[PASS] wvfFind_event13301_trackID2_opNum4.root → copied (ms_ch=4)
[PASS] wvfFind_event26885_trackID9_opNum5_2.root → copied (ms_ch=5)
[PASS] wvfFind_event32438_trackID5_opNum3_merged.root → copied (ms_ch=3)
[PASS] wvfFind_event48646_trackID12_opNum5.root → copied (ms_ch=5)
[PASS] wvfFind_event21920_trackID22_opNum4_merged.root → copied (ms_ch=4)
[PASS] wvfFind_event57337_trackID0_opNum4_merged.root → copied (ms_ch=4)
[PASS] wvfFind_event19396_trackID10_opNum5_2.root → copied (ms_ch=5)
[PASS] wvfFind_event8205_trackID0_opNum9_2.root → copied (ms_ch=9)
[PASS] wvfFind_event61029_trackID33_opNum9.root → copied (ms_ch=9)
[PASS] wvfFind_event44793_trackID14_opNum4.root → copied (ms_ch=4)
[PASS] wvfFind_event60348_trackID4_opNum5.root → copied (ms_ch=5)
[PASS] wvfFind_event52174_trackID7_opNum9.root → copied (ms_ch=9)
[PASS] wvfFind_event61072_trackID34_opNum9.root → copied (ms_ch=9)
[PASS] wvfFind_event73871_trackID4_opNum4_merged.root → copied (ms_ch=4)
[PASS] wvfFind_event55680_trackID22_opNum3.root → copied (ms_ch=3)
[PASS] wvfFind_event31915_trackID5_opNum9.root → copied (ms_ch=9)
[PASS] wvfFind_event2968_trackID3_opNum3.root → copied (ms_ch=3)
[PASS] wvfFind_event42579_trackID6_opNum3.root → copied (ms_ch=3)
[PASS] wvfFind_event60367_trackID20_opNum9.root → copied (ms_ch=9)
[PASS] wvfFind_event73557_trackID6_opNum4.root → copied (ms_ch=4)
[PASS] wvfFind_event15941_trackID10_opNum8.root → copied (ms_ch=8)
[PASS] wvfFind_event14126_trackID5_opNum3.root → copied (ms_ch=3)
[PASS] wvfFind_event70990_trackID4_opNum5.root → copied (ms_ch=5)
[SKIP] wvfFind_event36793_trackID12_opNum2_2.root (ms_ch=2)
[PASS] wvfFind_event30303_trackID2_opNum4.root → copied (ms_ch=4)
[PASS] wvfFind_event20092_trackID3_opNum5_2.root → copied (ms_ch=5)
[PASS] wvfFind_event75067_trackID6_opNum4.root → copied (ms_ch=4)
[PASS] wvfFind_event34155_trackID6_opNum9_2.root → copied (ms_ch=9)
[PASS] wvfFind_event4515_trackID9_opNum3_merged.root → copied (ms_ch=3)
[PASS] wvfFind_event21617_trackID9_opNum3_2.root → copied (ms_ch=3)
[PASS] wvfFind_event6388_trackID3_opNum9.root → copied (ms_ch=9)
[PASS] wvfFind_event63620_trackID9_opNum9_merged.root → copied (ms_ch=9)
[PASS] wvfFind_event59666_trackID22_opNum9.root → copied (ms_ch=9)
[PASS] wvfFind_event20426_trackID14_opNum4.root → copied (ms_ch=4)
[PASS] wvfFind_event25895_trackID5_opNum4.root → copied (ms_ch=4)
[PASS] wvfFind_event71387_trackID3_opNum3_2.root → copied (ms_ch=3)
[PASS] wvfFind_event35588_trackID15_opNum7.root → copied (ms_ch=7)
[PASS] wvfFind_event67184_trackID0_opNum4.root → copied (ms_ch=4)
[PASS] wvfFind_event3478_trackID8_opNum3_merged.root → copied (ms_ch=3)
[SKIP] wvfFind_event6526_trackID16_opNum1_merged.root (ms_ch=1)
[PASS] wvfFind_event72841_trackID7_opNum3_2.root → copied (ms_ch=3)
[PASS] wvfFind_event74060_trackID16_opNum4_merged.root → copied (ms_ch=4)
[PASS] wvfFind_event38005_trackID7_opNum8_2.root → copied (ms_ch=8)
[SKIP] wvfFind_event24028_trackID4_opNum2.root (ms_ch=2)
[PASS] wvfFind_event52044_trackID17_opNum7.root → copied (ms_ch=7)
[SKIP] wvfFind_event19815_trackID18_opNum1_merged.root (ms_ch=1)
[PASS] wvfFind_event9358_trackID4_opNum4.root → copied (ms_ch=4)
[SKIP] wvfFind_event63717_trackID2_opNum1_merged.root (ms_ch=1)
[SKIP] wvfFind_event18060_trackID8_opNum2.root (ms_ch=2)
[PASS] wvfFind_event57158_trackID23_opNum8_merged.root → copied (ms_ch=8)
[PASS] wvfFind_event75985_trackID2_opNum4.root → copied (ms_ch=4)
[PASS] wvfFind_event46831_trackID4_opNum4.root → copied (ms_ch=4)
[PASS] wvfFind_event17895_trackID2_opNum5_2.root → copied (ms_ch=5)
[PASS] wvfFind_event4653_trackID7_opNum4_merged.root → copied (ms_ch=4)
[PASS] wvfFind_event30681_trackID1_opNum4_2.root → copied (ms_ch=4)
[PASS] wvfFind_event41931_trackID8_opNum4_2.root → copied (ms_ch=4)
[PASS] wvfFind_event63283_trackID5_opNum7.root → copied (ms_ch=7)
[SKIP] wvfFind_event4383_trackID0_opNum1_merged.root (ms_ch=1)
[PASS] wvfFind_event40656_trackID26_opNum3.root → copied (ms_ch=3)
[PASS] wvfFind_event29410_trackID4_opNum6.root → copied (ms_ch=6)
[PASS] wvfFind_event26859_trackID5_opNum4_merged.root → copied (ms_ch=4)
[PASS] wvfFind_event52300_trackID5_opNum3.root → copied (ms_ch=3)
[PASS] wvfFind_event936_trackID8_opNum5.root → copied (ms_ch=5)
[PASS] wvfFind_event56535_trackID8_opNum4.root → copied (ms_ch=4)
[PASS] wvfFind_event361_trackID7_opNum3_2.root → copied (ms_ch=3)
[PASS] wvfFind_event8449_trackID7_opNum3.root → copied (ms_ch=3)
[PASS] wvfFind_event20489_trackID8_opNum3.root → copied (ms_ch=3)
[PASS] wvfFind_event51376_trackID23_opNum8.root → copied (ms_ch=8)
[PASS] wvfFind_event9250_trackID5_opNum4.root → copied (ms_ch=4)
[PASS] wvfFind_event44157_trackID2_opNum5.root → copied (ms_ch=5)
[PASS] wvfFind_event18273_trackID8_opNum9_merged.root → copied (ms_ch=9)
[PASS] wvfFind_event59432_trackID17_opNum3.root → copied (ms_ch=3)
[PASS] wvfFind_event46798_trackID16_opNum6.root → copied (ms_ch=6)
[PASS] wvfFind_event40069_trackID5_opNum3.root → copied (ms_ch=3)
[PASS] wvfFind_event49125_trackID21_opNum3_2.root → copied (ms_ch=3)
[PASS] wvfFind_event31230_trackID0_opNum5.root → copied (ms_ch=5)
[PASS] wvfFind_event74133_trackID3_opNum8.root → copied (ms_ch=8)
[PASS] wvfFind_event64652_trackID0_opNum5.root → copied (ms_ch=5)
[SKIP] wvfFind_event19708_trackID1_opNum2.root (ms_ch=2)
[PASS] wvfFind_event11141_trackID3_opNum8.root → copied (ms_ch=8)
[PASS] wvfFind_event49594_trackID34_opNum6.root → copied (ms_ch=6)
[PASS] wvfFind_event67079_trackID11_opNum8_2.root → copied (ms_ch=8)
[PASS] wvfFind_event20973_trackID7_opNum6.root → copied (ms_ch=6)
[PASS] wvfFind_event41931_trackID8_opNum4.root → copied (ms_ch=4)
[PASS] wvfFind_event43520_trackID14_opNum6.root → copied (ms_ch=6)
[PASS] wvfFind_event16803_trackID2_opNum5.root → copied (ms_ch=5)
[PASS] wvfFind_event29074_trackID3_opNum5.root → copied (ms_ch=5)
[PASS] wvfFind_event36495_trackID0_opNum5.root → copied (ms_ch=5)
[PASS] wvfFind_event76808_trackID15_opNum6_2.root → copied (ms_ch=6)
[PASS] wvfFind_event66824_trackID7_opNum4_merged.root → copied (ms_ch=4)
[PASS] wvfFind_event20140_trackID5_opNum4.root → copied (ms_ch=4)
[PASS] wvfFind_event25322_trackID9_opNum9.root → copied (ms_ch=9)
[SKIP] wvfFind_event70753_trackID0_opNum2.root (ms_ch=2)
[SKIP] wvfFind_event50140_trackID12_opNum1_merged.root (ms_ch=1)
[PASS] wvfFind_event43486_trackID9_opNum3.root → copied (ms_ch=3)
[PASS] wvfFind_event77784_trackID1_opNum5_2.root → copied (ms_ch=5)
[PASS] wvfFind_event44423_trackID3_opNum3.root → copied (ms_ch=3)
[SKIP] wvfFind_event66616_trackID22_opNum2.root (ms_ch=2)
[PASS] wvfFind_event21327_trackID13_opNum9.root → copied (ms_ch=9)
[PASS] wvfFind_event24089_trackID27_opNum8.root → copied (ms_ch=8)
[PASS] wvfFind_event38783_trackID32_opNum4_merged.root → copied (ms_ch=4)
[PASS] wvfFind_event56007_trackID0_opNum9_2.root → copied (ms_ch=9)
[PASS] wvfFind_event26778_trackID1_opNum4.root → copied (ms_ch=4)
[SKIP] wvfFind_event32459_trackID8_opNum2_2.root (ms_ch=2)
[PASS] wvfFind_event55413_trackID21_opNum9.root → copied (ms_ch=9)
[PASS] wvfFind_event12137_trackID0_opNum4.root → copied (ms_ch=4)
[PASS] wvfFind_event47558_trackID3_opNum6.root → copied (ms_ch=6)
[SKIP] wvfFind_event64296_trackID5_opNum1_merged.root (ms_ch=1)
[PASS] wvfFind_event63298_trackID0_opNum8.root → copied (ms_ch=8)
[PASS] wvfFind_event62384_trackID17_opNum9.root → copied (ms_ch=9)
[PASS] wvfFind_event45754_trackID5_opNum8_merged.root → copied (ms_ch=8)
[PASS] wvfFind_event75067_trackID5_opNum4.root → copied (ms_ch=4)
[PASS] wvfFind_event63782_trackID17_opNum8.root → copied (ms_ch=8)
[PASS] wvfFind_event54693_trackID1_opNum8_merged.root → copied (ms_ch=8)
[PASS] wvfFind_event51744_trackID0_opNum4.root → copied (ms_ch=4)
[PASS] wvfFind_event38261_trackID19_opNum8_merged.root → copied (ms_ch=8)
[PASS] wvfFind_event10132_trackID2_opNum4.root → copied (ms_ch=4)
[PASS] wvfFind_event54708_trackID31_opNum6.root → copied (ms_ch=6)
[PASS] wvfFind_event43093_trackID19_opNum4.root → copied (ms_ch=4)
[PASS] wvfFind_event15022_trackID1_opNum4.root → copied (ms_ch=4)
[PASS] wvfFind_event40244_trackID11_opNum9.root → copied (ms_ch=9)
[PASS] wvfFind_event32936_trackID8_opNum3.root → copied (ms_ch=3)
[PASS] wvfFind_event38165_trackID0_opNum9.root → copied (ms_ch=9)
[PASS] wvfFind_event65458_trackID7_opNum9.root → copied (ms_ch=9)
[PASS] wvfFind_event65829_trackID26_opNum6_merged.root → copied (ms_ch=6)
[PASS] wvfFind_event69156_trackID4_opNum5.root → copied (ms_ch=5)
[PASS] wvfFind_event36397_trackID8_opNum5_merged.root → copied (ms_ch=5)
[PASS] wvfFind_event32254_trackID22_opNum4.root → copied (ms_ch=4)
[SKIP] wvfFind_event9920_trackID7_opNum2.root (ms_ch=2)
[PASS] wvfFind_event26752_trackID1_opNum5.root → copied (ms_ch=5)
[PASS] wvfFind_event56531_trackID5_opNum4_2.root → copied (ms_ch=4)
[PASS] wvfFind_event31178_trackID4_opNum5_2.root → copied (ms_ch=5)
[PASS] wvfFind_event66856_trackID4_opNum3_2.root → copied (ms_ch=3)
[PASS] wvfFind_event60978_trackID10_opNum5_2.root → copied (ms_ch=5)
[PASS] wvfFind_event59936_trackID2_opNum7.root → copied (ms_ch=7)
[PASS] wvfFind_event62816_trackID19_opNum7.root → copied (ms_ch=7)
[PASS] wvfFind_event42114_trackID0_opNum5_2.root → copied (ms_ch=5)
[SKIP] wvfFind_event24465_trackID5_opNum2.root (ms_ch=2)
[SKIP] wvfFind_event69545_trackID8_opNum2.root (ms_ch=2)
[PASS] wvfFind_event31821_trackID20_opNum5_merged.root → copied (ms_ch=5)
[PASS] wvfFind_event15684_trackID11_opNum4_merged.root → copied (ms_ch=4)
[PASS] wvfFind_event36823_trackID18_opNum6.root → copied (ms_ch=6)
[PASS] wvfFind_event5670_trackID0_opNum9_2.root → copied (ms_ch=9)
[PASS] wvfFind_event57769_trackID4_opNum7.root → copied (ms_ch=7)
[PASS] wvfFind_event60254_trackID11_opNum8.root → copied (ms_ch=8)
[SKIP] wvfFind_event2489_trackID9_opNum2.root (ms_ch=2)
[PASS] wvfFind_event42253_trackID7_opNum9_merged.root → copied (ms_ch=9)
[PASS] wvfFind_event6708_trackID5_opNum9.root → copied (ms_ch=9)
[SKIP] wvfFind_event38103_trackID7_opNum2.root (ms_ch=2)
[PASS] wvfFind_event1479_trackID7_opNum5.root → copied (ms_ch=5)
[PASS] wvfFind_event9672_trackID14_opNum5.root → copied (ms_ch=5)
[PASS] wvfFind_event62796_trackID0_opNum9_2.root → copied (ms_ch=9)
[PASS] wvfFind_event10578_trackID4_opNum9.root → copied (ms_ch=9)
[SKIP] wvfFind_event29614_trackID0_opNum2.root (ms_ch=2)
[PASS] wvfFind_event10683_trackID24_opNum4.root → copied (ms_ch=4)
[SKIP] wvfFind_event24177_trackID10_opNum1_merged.root (ms_ch=1)
[PASS] wvfFind_event51973_trackID12_opNum5.root → copied (ms_ch=5)
[PASS] wvfFind_event37778_trackID10_opNum7.root → copied (ms_ch=7)
[PASS] wvfFind_event15834_trackID8_opNum5.root → copied (ms_ch=5)
[PASS] wvfFind_event73925_trackID7_opNum4_merged.root → copied (ms_ch=4)
[PASS] wvfFind_event5405_trackID10_opNum9_merged.root → copied (ms_ch=9)
[PASS] wvfFind_event995_trackID17_opNum5_merged.root → copied (ms_ch=5)
[PASS] wvfFind_event24543_trackID2_opNum4.root → copied (ms_ch=4)
[PASS] wvfFind_event39258_trackID12_opNum9.root → copied (ms_ch=9)
[PASS] wvfFind_event34056_trackID3_opNum8.root → copied (ms_ch=8)
[PASS] wvfFind_event25336_trackID0_opNum7.root → copied (ms_ch=7)
[PASS] wvfFind_event4439_trackID5_opNum5.root → copied (ms_ch=5)
[PASS] wvfFind_event34120_trackID12_opNum9.root → copied (ms_ch=9)
[SKIP] wvfFind_event68988_trackID4_opNum2.root (ms_ch=2)
[PASS] wvfFind_event27387_trackID18_opNum9.root → copied (ms_ch=9)
[SKIP] wvfFind_event20027_trackID20_opNum1_merged.root (ms_ch=1)
[PASS] wvfFind_event56655_trackID7_opNum8.root → copied (ms_ch=8)
[PASS] wvfFind_event43883_trackID10_opNum5.root → copied (ms_ch=5)
[PASS] wvfFind_event40260_trackID5_opNum6.root → copied (ms_ch=6)
[PASS] wvfFind_event42310_trackID15_opNum6.root → copied (ms_ch=6)
[SKIP] wvfFind_event64952_trackID0_opNum1_merged.root (ms_ch=1)
[PASS] wvfFind_event27595_trackID8_opNum5.root → copied (ms_ch=5)
[PASS] wvfFind_event77821_trackID14_opNum9.root → copied (ms_ch=9)
[PASS] wvfFind_event52704_trackID5_opNum8.root → copied (ms_ch=8)
[PASS] wvfFind_event1860_trackID7_opNum9.root → copied (ms_ch=9)
[PASS] wvfFind_event51387_trackID4_opNum8.root → copied (ms_ch=8)
[PASS] wvfFind_event77178_trackID5_opNum5.root → copied (ms_ch=5)
[PASS] wvfFind_event52463_trackID7_opNum5.root → copied (ms_ch=5)
[SKIP] wvfFind_event64761_trackID40_opNum1_merged.root (ms_ch=1)
[SKIP] wvfFind_event70139_trackID19_opNum1_merged.root (ms_ch=1)
[PASS] wvfFind_event75785_trackID16_opNum3.root → copied (ms_ch=3)
[SKIP] wvfFind_event70982_trackID6_opNum1_merged.root (ms_ch=1)
[PASS] wvfFind_event18013_trackID1_opNum9.root → copied (ms_ch=9)
[PASS] wvfFind_event10890_trackID12_opNum9_2.root → copied (ms_ch=9)
[SKIP] wvfFind_event56246_trackID12_opNum2.root (ms_ch=2)
[PASS] wvfFind_event19731_trackID2_opNum6_merged.root → copied (ms_ch=6)
[PASS] wvfFind_event29476_trackID7_opNum5.root → copied (ms_ch=5)
[PASS] wvfFind_event41114_trackID25_opNum9.root → copied (ms_ch=9)
[SKIP] wvfFind_event4976_trackID0_opNum2.root (ms_ch=2)
[PASS] wvfFind_event17363_trackID3_opNum5.root → copied (ms_ch=5)
[PASS] wvfFind_event69723_trackID9_opNum9.root → copied (ms_ch=9)
[PASS] wvfFind_event50931_trackID9_opNum3.root → copied (ms_ch=3)
[PASS] wvfFind_event51908_trackID13_opNum5.root → copied (ms_ch=5)
[PASS] wvfFind_event51537_trackID6_opNum8.root → copied (ms_ch=8)
[PASS] wvfFind_event71957_trackID14_opNum9.root → copied (ms_ch=9)
[PASS] wvfFind_event75165_trackID14_opNum3.root → copied (ms_ch=3)
[PASS] wvfFind_event8501_trackID27_opNum5.root → copied (ms_ch=5)
[PASS] wvfFind_event11774_trackID4_opNum5.root → copied (ms_ch=5)
[PASS] wvfFind_event42047_trackID10_opNum5.root → copied (ms_ch=5)
[PASS] wvfFind_event41382_trackID2_opNum5.root → copied (ms_ch=5)
[SKIP] wvfFind_event26841_trackID14_opNum2.root (ms_ch=2)
[PASS] wvfFind_event43981_trackID15_opNum6_2.root → copied (ms_ch=6)
[PASS] wvfFind_event30604_trackID14_opNum5_merged.root → copied (ms_ch=5)
[PASS] wvfFind_event73484_trackID2_opNum5_2.root → copied (ms_ch=5)
[PASS] wvfFind_event1158_trackID5_opNum3_2.root → copied (ms_ch=3)
[PASS] wvfFind_event4686_trackID12_opNum4_merged.root → copied (ms_ch=4)
[PASS] wvfFind_event32263_trackID6_opNum5.root → copied (ms_ch=5)
[SKIP] wvfFind_event53638_trackID6_opNum1_merged.root (ms_ch=1)
[SKIP] wvfFind_event4435_trackID7_opNum1_merged.root (ms_ch=1)
[PASS] wvfFind_event30245_trackID12_opNum7_merged.root → copied (ms_ch=7)
[SKIP] wvfFind_event77895_trackID17_opNum1_merged.root (ms_ch=1)
[PASS] wvfFind_event68952_trackID5_opNum9.root → copied (ms_ch=9)
[PASS] wvfFind_event58487_trackID16_opNum4.root → copied (ms_ch=4)
[PASS] wvfFind_event5361_trackID35_opNum9.root → copied (ms_ch=9)
[PASS] wvfFind_event58012_trackID11_opNum7_2.root → copied (ms_ch=7)
[PASS] wvfFind_event47957_trackID12_opNum7_merged.root → copied (ms_ch=7)
[PASS] wvfFind_event8335_trackID7_opNum3_2.root → copied (ms_ch=3)
[PASS] wvfFind_event8737_trackID15_opNum4_merged.root → copied (ms_ch=4)
[PASS] wvfFind_event6100_trackID0_opNum6.root → copied (ms_ch=6)
[PASS] wvfFind_event74169_trackID1_opNum4.root → copied (ms_ch=4)
[PASS] wvfFind_event60136_trackID6_opNum3.root → copied (ms_ch=3)
[PASS] wvfFind_event50568_trackID9_opNum9.root → copied (ms_ch=9)
[PASS] wvfFind_event53845_trackID4_opNum9_2.root → copied (ms_ch=9)
[PASS] wvfFind_event11736_trackID18_opNum9_2.root → copied (ms_ch=9)
[PASS] wvfFind_event47530_trackID0_opNum4_2.root → copied (ms_ch=4)
[PASS] wvfFind_event66228_trackID10_opNum9.root → copied (ms_ch=9)
[PASS] wvfFind_event77085_trackID9_opNum9.root → copied (ms_ch=9)
[PASS] wvfFind_event28009_trackID24_opNum5.root → copied (ms_ch=5)
[PASS] wvfFind_event44064_trackID2_opNum4.root → copied (ms_ch=4)
[PASS] wvfFind_event24708_trackID18_opNum4.root → copied (ms_ch=4)
[PASS] wvfFind_event18162_trackID3_opNum9.root → copied (ms_ch=9)
[PASS] wvfFind_event13809_trackID4_opNum4_merged.root → copied (ms_ch=4)
[SKIP] wvfFind_event70157_trackID5_opNum2.root (ms_ch=2)
[SKIP] wvfFind_event64966_trackID20_opNum2.root (ms_ch=2)
[PASS] wvfFind_event15887_trackID12_opNum4.root → copied (ms_ch=4)
[PASS] wvfFind_event3594_trackID4_opNum9.root → copied (ms_ch=9)
[PASS] wvfFind_event16724_trackID0_opNum9.root → copied (ms_ch=9)
[SKIP] wvfFind_event65772_trackID4_opNum2_merged.root (ms_ch=2)
[PASS] wvfFind_event30236_trackID6_opNum5.root → copied (ms_ch=5)
[SKIP] wvfFind_event50549_trackID7_opNum1_merged.root (ms_ch=1)
[PASS] wvfFind_event54423_trackID7_opNum4_2.root → copied (ms_ch=4)
[PASS] wvfFind_event9827_trackID14_opNum8.root → copied (ms_ch=8)
[PASS] wvfFind_event28600_trackID22_opNum8.root → copied (ms_ch=8)
[PASS] wvfFind_event20414_trackID7_opNum4.root → copied (ms_ch=4)
[PASS] wvfFind_event34645_trackID0_opNum3.root → copied (ms_ch=3)
[PASS] wvfFind_event10366_trackID9_opNum4.root → copied (ms_ch=4)
[PASS] wvfFind_event67014_trackID8_opNum9.root → copied (ms_ch=9)
[PASS] wvfFind_event51744_trackID0_opNum4_2.root → copied (ms_ch=4)
[PASS] wvfFind_event55228_trackID15_opNum8.root → copied (ms_ch=8)
[PASS] wvfFind_event868_trackID9_opNum7_merged.root → copied (ms_ch=7)
[PASS] wvfFind_event75466_trackID30_opNum9.root → copied (ms_ch=9)
[PASS] wvfFind_event32525_trackID7_opNum9_2.root → copied (ms_ch=9)
[PASS] wvfFind_event2872_trackID1_opNum9.root → copied (ms_ch=9)
[PASS] wvfFind_event20083_trackID7_opNum4.root → copied (ms_ch=4)
[PASS] wvfFind_event30094_trackID11_opNum6.root → copied (ms_ch=6)
[PASS] wvfFind_event8122_trackID20_opNum8.root → copied (ms_ch=8)
[PASS] wvfFind_event20912_trackID13_opNum9.root → copied (ms_ch=9)
[PASS] wvfFind_event48863_trackID3_opNum9.root → copied (ms_ch=9)
[PASS] wvfFind_event25058_trackID6_opNum4_2.root → copied (ms_ch=4)
[PASS] wvfFind_event6482_trackID9_opNum5.root → copied (ms_ch=5)
[PASS] wvfFind_event15154_trackID11_opNum5.root → copied (ms_ch=5)
[PASS] wvfFind_event30208_trackID9_opNum3_2.root → copied (ms_ch=3)
[PASS] wvfFind_event38481_trackID12_opNum5.root → copied (ms_ch=5)
[PASS] wvfFind_event64941_trackID26_opNum3_2.root → copied (ms_ch=3)
[PASS] wvfFind_event41530_trackID4_opNum8.root → copied (ms_ch=8)
[PASS] wvfFind_event41600_trackID8_opNum3_merged.root → copied (ms_ch=3)
[PASS] wvfFind_event56832_trackID9_opNum4.root → copied (ms_ch=4)
[PASS] wvfFind_event26418_trackID28_opNum8.root → copied (ms_ch=8)
[PASS] wvfFind_event36176_trackID2_opNum5.root → copied (ms_ch=5)
[SKIP] wvfFind_event41599_trackID7_opNum2_2.root (ms_ch=2)
[PASS] wvfFind_event33142_trackID22_opNum8.root → copied (ms_ch=8)
[PASS] wvfFind_event45771_trackID2_opNum5.root → copied (ms_ch=5)
[PASS] wvfFind_event21174_trackID31_opNum9.root → copied (ms_ch=9)
[PASS] wvfFind_event31454_trackID3_opNum4.root → copied (ms_ch=4)
[SKIP] wvfFind_event62655_trackID4_opNum1_merged.root (ms_ch=1)
[PASS] wvfFind_event16989_trackID3_opNum7.root → copied (ms_ch=7)
[SKIP] wvfFind_event51326_trackID8_opNum2.root (ms_ch=2)
[PASS] wvfFind_event70308_trackID5_opNum6.root → copied (ms_ch=6)
[PASS] wvfFind_event59210_trackID13_opNum3.root → copied (ms_ch=3)
[PASS] wvfFind_event12248_trackID7_opNum5.root → copied (ms_ch=5)
[PASS] wvfFind_event24763_trackID8_opNum4.root → copied (ms_ch=4)
[PASS] wvfFind_event12743_trackID1_opNum3.root → copied (ms_ch=3)
[PASS] wvfFind_event50656_trackID15_opNum9.root → copied (ms_ch=9)
[PASS] wvfFind_event74513_trackID11_opNum3_2.root → copied (ms_ch=3)
[PASS] wvfFind_event63020_trackID3_opNum5.root → copied (ms_ch=5)
[PASS] wvfFind_event40433_trackID21_opNum7.root → copied (ms_ch=7)
[PASS] wvfFind_event16349_trackID18_opNum7.root → copied (ms_ch=7)
[PASS] wvfFind_event44107_trackID5_opNum4.root → copied (ms_ch=4)
[PASS] wvfFind_event54081_trackID1_opNum4_2.root → copied (ms_ch=4)
[PASS] wvfFind_event40954_trackID12_opNum4.root → copied (ms_ch=4)
[PASS] wvfFind_event62581_trackID14_opNum9_2.root → copied (ms_ch=9)
[PASS] wvfFind_event42794_trackID2_opNum4.root → copied (ms_ch=4)
[PASS] wvfFind_event57191_trackID6_opNum8.root → copied (ms_ch=8)
[PASS] wvfFind_event4703_trackID10_opNum7.root → copied (ms_ch=7)
[PASS] wvfFind_event21432_trackID16_opNum7.root → copied (ms_ch=7)
[PASS] wvfFind_event66596_trackID1_opNum3.root → copied (ms_ch=3)
[PASS] wvfFind_event32986_trackID8_opNum6.root → copied (ms_ch=6)
[PASS] wvfFind_event42177_trackID0_opNum5.root → copied (ms_ch=5)
[PASS] wvfFind_event7272_trackID13_opNum9.root → copied (ms_ch=9)
[PASS] wvfFind_event9113_trackID4_opNum9.root → copied (ms_ch=9)
[PASS] wvfFind_event59161_trackID9_opNum4.root → copied (ms_ch=4)
[SKIP] wvfFind_event868_trackID16_opNum1_merged.root (ms_ch=1)
[PASS] wvfFind_event29256_trackID8_opNum9.root → copied (ms_ch=9)
[PASS] wvfFind_event38373_trackID4_opNum9_merged.root → copied (ms_ch=9)
[PASS] wvfFind_event35877_trackID11_opNum3.root → copied (ms_ch=3)
[SKIP] wvfFind_event21872_trackID2_opNum2_2.root (ms_ch=2)
[PASS] wvfFind_event12294_trackID2_opNum5.root → copied (ms_ch=5)
[PASS] wvfFind_event67150_trackID2_opNum5.root → copied (ms_ch=5)
[SKIP] wvfFind_event16749_trackID1_opNum2.root (ms_ch=2)
[PASS] wvfFind_event47392_trackID1_opNum5.root → copied (ms_ch=5)
[PASS] wvfFind_event72842_trackID5_opNum5.root → copied (ms_ch=5)
[PASS] wvfFind_event69070_trackID28_opNum3.root → copied (ms_ch=3)
[PASS] wvfFind_event23023_trackID10_opNum3_merged.root → copied (ms_ch=3)
[PASS] wvfFind_event55689_trackID8_opNum4.root → copied (ms_ch=4)
[PASS] wvfFind_event25797_trackID27_opNum5.root → copied (ms_ch=5)
[PASS] wvfFind_event5794_trackID14_opNum6.root → copied (ms_ch=6)
[PASS] wvfFind_event50155_trackID11_opNum5_2.root → copied (ms_ch=5)
[PASS] wvfFind_event19842_trackID2_opNum5.root → copied (ms_ch=5)
[PASS] wvfFind_event63668_trackID2_opNum4.root → copied (ms_ch=4)
[PASS] wvfFind_event34845_trackID3_opNum5.root → copied (ms_ch=5)
[PASS] wvfFind_event73491_trackID14_opNum9.root → copied (ms_ch=9)
[PASS] wvfFind_event32903_trackID19_opNum5_2.root → copied (ms_ch=5)
[PASS] wvfFind_event41005_trackID13_opNum7.root → copied (ms_ch=7)
[PASS] wvfFind_event41493_trackID6_opNum3.root → copied (ms_ch=3)
[PASS] wvfFind_event18934_trackID5_opNum8.root → copied (ms_ch=8)
[PASS] wvfFind_event44135_trackID5_opNum4_2.root → copied (ms_ch=4)
[PASS] wvfFind_event54507_trackID4_opNum7.root → copied (ms_ch=7)
[SKIP] wvfFind_event15455_trackID10_opNum1_merged.root (ms_ch=1)
[PASS] wvfFind_event64889_trackID1_opNum5.root → copied (ms_ch=5)
[PASS] wvfFind_event43774_trackID13_opNum7.root → copied (ms_ch=7)
[PASS] wvfFind_event37618_trackID6_opNum9.root → copied (ms_ch=9)
[PASS] wvfFind_event21551_trackID7_opNum5_merged.root → copied (ms_ch=5)
[PASS] wvfFind_event18363_trackID3_opNum5.root → copied (ms_ch=5)
[PASS] wvfFind_event65838_trackID2_opNum4.root → copied (ms_ch=4)
[PASS] wvfFind_event7957_trackID3_opNum9.root → copied (ms_ch=9)
[PASS] wvfFind_event44491_trackID10_opNum4_merged.root → copied (ms_ch=4)
[PASS] wvfFind_event68530_trackID20_opNum9_2.root → copied (ms_ch=9)
[PASS] wvfFind_event2553_trackID7_opNum4.root → copied (ms_ch=4)
[PASS] wvfFind_event15245_trackID13_opNum3.root → copied (ms_ch=3)
[PASS] wvfFind_event58934_trackID14_opNum6.root → copied (ms_ch=6)
[PASS] wvfFind_event11132_trackID18_opNum9_merged.root → copied (ms_ch=9)
[PASS] wvfFind_event50000_trackID1_opNum5_merged.root → copied (ms_ch=5)
[PASS] wvfFind_event61073_trackID4_opNum5.root → copied (ms_ch=5)
[SKIP] wvfFind_event55600_trackID0_opNum2.root (ms_ch=2)
[PASS] wvfFind_event75648_trackID10_opNum9.root → copied (ms_ch=9)
[PASS] wvfFind_event19055_trackID1_opNum5.root → copied (ms_ch=5)
[PASS] wvfFind_event45613_trackID3_opNum9.root → copied (ms_ch=9)
[SKIP] wvfFind_event36735_trackID15_opNum2.root (ms_ch=2)
[PASS] wvfFind_event76741_trackID8_opNum9.root → copied (ms_ch=9)
[PASS] wvfFind_event22297_trackID4_opNum5.root → copied (ms_ch=5)
[PASS] wvfFind_event18386_trackID6_opNum3.root → copied (ms_ch=3)
[PASS] wvfFind_event58296_trackID7_opNum9_merged.root → copied (ms_ch=9)
[PASS] wvfFind_event53300_trackID6_opNum5_2.root → copied (ms_ch=5)
[SKIP] wvfFind_event58511_trackID30_opNum1_merged.root (ms_ch=1)
[PASS] wvfFind_event35714_trackID5_opNum4.root → copied (ms_ch=4)
[PASS] wvfFind_event22513_trackID13_opNum8.root → copied (ms_ch=8)
[SKIP] wvfFind_event40961_trackID4_opNum2.root (ms_ch=2)
[PASS] wvfFind_event50263_trackID5_opNum7_2.root → copied (ms_ch=7)
[PASS] wvfFind_event71382_trackID3_opNum5.root → copied (ms_ch=5)
[PASS] wvfFind_event1399_trackID1_opNum4.root → copied (ms_ch=4)
[PASS] wvfFind_event50633_trackID8_opNum9.root → copied (ms_ch=9)
[PASS] wvfFind_event42593_trackID37_opNum7.root → copied (ms_ch=7)
[SKIP] wvfFind_event40991_trackID0_opNum1_merged.root (ms_ch=1)
[PASS] wvfFind_event49365_trackID18_opNum9.root → copied (ms_ch=9)
[PASS] wvfFind_event66076_trackID14_opNum9_merged.root → copied (ms_ch=9)
[PASS] wvfFind_event9485_trackID22_opNum6.root → copied (ms_ch=6)
[PASS] wvfFind_event414_trackID5_opNum8_merged.root → copied (ms_ch=8)
[PASS] wvfFind_event54694_trackID15_opNum9_2.root → copied (ms_ch=9)
[PASS] wvfFind_event62900_trackID7_opNum8.root → copied (ms_ch=8)
[PASS] wvfFind_event33413_trackID3_opNum5.root → copied (ms_ch=5)
[PASS] wvfFind_event52491_trackID0_opNum5_2.root → copied (ms_ch=5)
[SKIP] wvfFind_event76137_trackID14_opNum2_merged.root (ms_ch=2)
[PASS] wvfFind_event25241_trackID7_opNum5.root → copied (ms_ch=5)
[PASS] wvfFind_event7792_trackID19_opNum7.root → copied (ms_ch=7)
[PASS] wvfFind_event51540_trackID5_opNum9.root → copied (ms_ch=9)
[PASS] wvfFind_event51673_trackID13_opNum9_merged.root → copied (ms_ch=9)
[PASS] wvfFind_event50314_trackID18_opNum9.root → copied (ms_ch=9)
[PASS] wvfFind_event69563_trackID15_opNum3.root → copied (ms_ch=3)
[PASS] wvfFind_event41445_trackID18_opNum9.root → copied (ms_ch=9)
[PASS] wvfFind_event70539_trackID18_opNum8.root → copied (ms_ch=8)
[PASS] wvfFind_event34931_trackID13_opNum3_2.root → copied (ms_ch=3)
[PASS] wvfFind_event45254_trackID1_opNum5.root → copied (ms_ch=5)
[SKIP] wvfFind_event48191_trackID16_opNum2_merged.root (ms_ch=2)
[PASS] wvfFind_event47528_trackID7_opNum9_merged.root → copied (ms_ch=9)
[PASS] wvfFind_event44148_trackID4_opNum7.root → copied (ms_ch=7)
[PASS] wvfFind_event17120_trackID10_opNum8.root → copied (ms_ch=8)
[PASS] wvfFind_event12625_trackID9_opNum9_2.root → copied (ms_ch=9)
[PASS] wvfFind_event62759_trackID2_opNum9.root → copied (ms_ch=9)
[PASS] wvfFind_event35319_trackID4_opNum9.root → copied (ms_ch=9)
[PASS] wvfFind_event39061_trackID1_opNum5_2.root → copied (ms_ch=5)
[PASS] wvfFind_event27246_trackID29_opNum8.root → copied (ms_ch=8)
[PASS] wvfFind_event21216_trackID8_opNum9.root → copied (ms_ch=9)
[PASS] wvfFind_event2185_trackID10_opNum7.root → copied (ms_ch=7)
[PASS] wvfFind_event61461_trackID2_opNum3.root → copied (ms_ch=3)
[PASS] wvfFind_event73857_trackID0_opNum9.root → copied (ms_ch=9)
[PASS] wvfFind_event19111_trackID5_opNum3_merged.root → copied (ms_ch=3)
[PASS] wvfFind_event43804_trackID11_opNum9.root → copied (ms_ch=9)
[PASS] wvfFind_event42945_trackID5_opNum9_merged.root → copied (ms_ch=9)
[PASS] wvfFind_event19548_trackID18_opNum9.root → copied (ms_ch=9)
[PASS] wvfFind_event65948_trackID3_opNum9.root → copied (ms_ch=9)
[SKIP] wvfFind_event45111_trackID1_opNum2.root (ms_ch=2)
[PASS] wvfFind_event21717_trackID23_opNum7.root → copied (ms_ch=7)
[PASS] wvfFind_event64407_trackID1_opNum5_2.root → copied (ms_ch=5)
[PASS] wvfFind_event15378_trackID3_opNum9.root → copied (ms_ch=9)
[PASS] wvfFind_event1748_trackID2_opNum5_2.root → copied (ms_ch=5)
[PASS] wvfFind_event26868_trackID3_opNum4.root → copied (ms_ch=4)
[PASS] wvfFind_event33274_trackID7_opNum4.root → copied (ms_ch=4)
[PASS] wvfFind_event71937_trackID15_opNum7.root → copied (ms_ch=7)
[PASS] wvfFind_event62035_trackID41_opNum8.root → copied (ms_ch=8)
[SKIP] wvfFind_event23703_trackID13_opNum1_merged.root (ms_ch=1)
[PASS] wvfFind_event36213_trackID12_opNum4.root → copied (ms_ch=4)
[PASS] wvfFind_event17968_trackID11_opNum6.root → copied (ms_ch=6)
[PASS] wvfFind_event2775_trackID0_opNum5_2.root → copied (ms_ch=5)
[PASS] wvfFind_event77300_trackID13_opNum9.root → copied (ms_ch=9)
[PASS] wvfFind_event77840_trackID24_opNum8.root → copied (ms_ch=8)
[PASS] wvfFind_event49824_trackID3_opNum3.root → copied (ms_ch=3)
[PASS] wvfFind_event69018_trackID16_opNum5.root → copied (ms_ch=5)
[PASS] wvfFind_event53976_trackID12_opNum9.root → copied (ms_ch=9)
[PASS] wvfFind_event34572_trackID11_opNum4.root → copied (ms_ch=4)
[PASS] wvfFind_event16213_trackID6_opNum9.root → copied (ms_ch=9)
[PASS] wvfFind_event33927_trackID17_opNum8.root → copied (ms_ch=8)
[PASS] wvfFind_event61236_trackID13_opNum7.root → copied (ms_ch=7)
[PASS] wvfFind_event70310_trackID11_opNum9.root → copied (ms_ch=9)
[PASS] wvfFind_event45263_trackID7_opNum3.root → copied (ms_ch=3)
[PASS] wvfFind_event5065_trackID12_opNum8.root → copied (ms_ch=8)
[SKIP] wvfFind_event47087_trackID27_opNum2_merged.root (ms_ch=2)
[PASS] wvfFind_event59716_trackID18_opNum9_2.root → copied (ms_ch=9)
[PASS] wvfFind_event53844_trackID4_opNum8.root → copied (ms_ch=8)
[SKIP] wvfFind_event24840_trackID2_opNum1_merged.root (ms_ch=1)
[PASS] wvfFind_event29780_trackID2_opNum5.root → copied (ms_ch=5)
[PASS] wvfFind_event74630_trackID36_opNum9_2.root → copied (ms_ch=9)
[PASS] wvfFind_event23957_trackID15_opNum5.root → copied (ms_ch=5)
[PASS] wvfFind_event43470_trackID26_opNum9.root → copied (ms_ch=9)
[PASS] wvfFind_event48742_trackID5_opNum7_merged.root → copied (ms_ch=7)
[PASS] wvfFind_event11976_trackID5_opNum4.root → copied (ms_ch=4)
[PASS] wvfFind_event7412_trackID5_opNum9.root → copied (ms_ch=9)
[PASS] wvfFind_event31983_trackID5_opNum9.root → copied (ms_ch=9)
[PASS] wvfFind_event77620_trackID3_opNum8.root → copied (ms_ch=8)
[PASS] wvfFind_event73557_trackID6_opNum4_2.root → copied (ms_ch=4)
[PASS] wvfFind_event10756_trackID22_opNum9.root → copied (ms_ch=9)
[PASS] wvfFind_event29798_trackID1_opNum3.root → copied (ms_ch=3)
[PASS] wvfFind_event69853_trackID1_opNum5.root → copied (ms_ch=5)
[PASS] wvfFind_event39860_trackID15_opNum3.root → copied (ms_ch=3)
[PASS] wvfFind_event73189_trackID4_opNum6_2.root → copied (ms_ch=6)
[PASS] wvfFind_event69687_trackID5_opNum4.root → copied (ms_ch=4)
[PASS] wvfFind_event10613_trackID16_opNum9.root → copied (ms_ch=9)
[PASS] wvfFind_event64638_trackID13_opNum6.root → copied (ms_ch=6)
[PASS] wvfFind_event39930_trackID21_opNum9_merged.root → copied (ms_ch=9)
[SKIP] wvfFind_event4953_trackID5_opNum2.root (ms_ch=2)
[PASS] wvfFind_event5721_trackID8_opNum8.root → copied (ms_ch=8)
[PASS] wvfFind_event49005_trackID0_opNum5.root → copied (ms_ch=5)
[PASS] wvfFind_event59794_trackID1_opNum9.root → copied (ms_ch=9)
[PASS] wvfFind_event27346_trackID8_opNum3.root → copied (ms_ch=3)
[PASS] wvfFind_event36590_trackID5_opNum3.root → copied (ms_ch=3)
[PASS] wvfFind_event74672_trackID13_opNum9.root → copied (ms_ch=9)
[PASS] wvfFind_event43025_trackID18_opNum4_merged.root → copied (ms_ch=4)
[PASS] wvfFind_event68051_trackID2_opNum4.root → copied (ms_ch=4)
[PASS] wvfFind_event45879_trackID14_opNum8.root → copied (ms_ch=8)
[PASS] wvfFind_event5213_trackID7_opNum4.root → copied (ms_ch=4)
[PASS] wvfFind_event77501_trackID10_opNum5.root → copied (ms_ch=5)
[PASS] wvfFind_event45067_trackID8_opNum5.root → copied (ms_ch=5)
[PASS] wvfFind_event72843_trackID11_opNum9.root → copied (ms_ch=9)
[PASS] wvfFind_event72846_trackID0_opNum4_merged.root → copied (ms_ch=4)
[PASS] wvfFind_event65954_trackID0_opNum5.root → copied (ms_ch=5)
[SKIP] wvfFind_event73153_trackID20_opNum1_merged.root (ms_ch=1)
[PASS] wvfFind_event13273_trackID1_opNum9.root → copied (ms_ch=9)
[PASS] wvfFind_event15774_trackID15_opNum9_2.root → copied (ms_ch=9)
[PASS] wvfFind_event27018_trackID3_opNum4.root → copied (ms_ch=4)
[PASS] wvfFind_event55177_trackID8_opNum5_merged.root → copied (ms_ch=5)
[SKIP] wvfFind_event28314_trackID7_opNum2.root (ms_ch=2)
[PASS] wvfFind_event48937_trackID4_opNum9.root → copied (ms_ch=9)
[PASS] wvfFind_event72340_trackID8_opNum3.root → copied (ms_ch=3)
[PASS] wvfFind_event61937_trackID8_opNum5.root → copied (ms_ch=5)
[PASS] wvfFind_event9714_trackID3_opNum9_2.root → copied (ms_ch=9)
[SKIP] wvfFind_event49537_trackID39_opNum1_merged.root (ms_ch=1)
[PASS] wvfFind_event17327_trackID10_opNum9.root → copied (ms_ch=9)
[PASS] wvfFind_event28273_trackID9_opNum8.root → copied (ms_ch=8)
[PASS] wvfFind_event66719_trackID4_opNum4.root → copied (ms_ch=4)
[PASS] wvfFind_event35025_trackID25_opNum8.root → copied (ms_ch=8)
[PASS] wvfFind_event6790_trackID18_opNum8.root → copied (ms_ch=8)
[PASS] wvfFind_event65694_trackID23_opNum9.root → copied (ms_ch=9)
[PASS] wvfFind_event46766_trackID4_opNum9.root → copied (ms_ch=9)
[PASS] wvfFind_event25484_trackID7_opNum4.root → copied (ms_ch=4)
[PASS] wvfFind_event32050_trackID18_opNum9.root → copied (ms_ch=9)
[SKIP] wvfFind_event17902_trackID3_opNum1_merged.root (ms_ch=1)
[PASS] wvfFind_event39172_trackID4_opNum5.root → copied (ms_ch=5)
[PASS] wvfFind_event60622_trackID8_opNum4_2.root → copied (ms_ch=4)
[PASS] wvfFind_event5958_trackID12_opNum4.root → copied (ms_ch=4)
[PASS] wvfFind_event71311_trackID6_opNum3.root → copied (ms_ch=3)
[PASS] wvfFind_event75362_trackID11_opNum3.root → copied (ms_ch=3)
[PASS] wvfFind_event6670_trackID5_opNum8.root → copied (ms_ch=8)
[PASS] wvfFind_event53055_trackID12_opNum9.root → copied (ms_ch=9)
[PASS] wvfFind_event60649_trackID17_opNum6.root → copied (ms_ch=6)
[SKIP] wvfFind_event56649_trackID4_opNum2_2.root (ms_ch=2)
[PASS] wvfFind_event6336_trackID9_opNum6.root → copied (ms_ch=6)
[PASS] wvfFind_event32941_trackID7_opNum3.root → copied (ms_ch=3)
[PASS] wvfFind_event20322_trackID26_opNum3.root → copied (ms_ch=3)
[PASS] wvfFind_event7959_trackID7_opNum7.root → copied (ms_ch=7)
[PASS] wvfFind_event63617_trackID18_opNum8.root → copied (ms_ch=8)
[SKIP] wvfFind_event59944_trackID5_opNum2.root (ms_ch=2)
[SKIP] wvfFind_event2505_trackID1_opNum1_merged.root (ms_ch=1)
[PASS] wvfFind_event9105_trackID7_opNum9.root → copied (ms_ch=9)
[PASS] wvfFind_event49990_trackID6_opNum6.root → copied (ms_ch=6)
[PASS] wvfFind_event31549_trackID4_opNum8_merged.root → copied (ms_ch=8)
[SKIP] wvfFind_event19523_trackID21_opNum1_merged.root (ms_ch=1)
[PASS] wvfFind_event3762_trackID12_opNum3.root → copied (ms_ch=3)
[PASS] wvfFind_event5988_trackID1_opNum7.root → copied (ms_ch=7)
[PASS] wvfFind_event41589_trackID19_opNum9_2.root → copied (ms_ch=9)
[PASS] wvfFind_event72087_trackID3_opNum3.root → copied (ms_ch=3)
[PASS] wvfFind_event47838_trackID29_opNum9.root → copied (ms_ch=9)
[PASS] wvfFind_event34282_trackID14_opNum9.root → copied (ms_ch=9)
[PASS] wvfFind_event75976_trackID31_opNum8_2.root → copied (ms_ch=8)
[PASS] wvfFind_event31956_trackID9_opNum4_merged.root → copied (ms_ch=4)
[PASS] wvfFind_event76933_trackID14_opNum5_3.root → copied (ms_ch=5)
[PASS] wvfFind_event44747_trackID3_opNum3.root → copied (ms_ch=3)
[PASS] wvfFind_event46562_trackID3_opNum4_2.root → copied (ms_ch=4)
[PASS] wvfFind_event30684_trackID3_opNum5.root → copied (ms_ch=5)
[PASS] wvfFind_event14018_trackID42_opNum4.root → copied (ms_ch=4)
[SKIP] wvfFind_event10456_trackID13_opNum1_merged.root (ms_ch=1)
[PASS] wvfFind_event36278_trackID11_opNum5_2.root → copied (ms_ch=5)
[PASS] wvfFind_event39202_trackID8_opNum3_2.root → copied (ms_ch=3)
[PASS] wvfFind_event45510_trackID6_opNum6.root → copied (ms_ch=6)
[PASS] wvfFind_event24790_trackID26_opNum5_2.root → copied (ms_ch=5)
[PASS] wvfFind_event43987_trackID22_opNum6.root → copied (ms_ch=6)
[PASS] wvfFind_event42055_trackID7_opNum9.root → copied (ms_ch=9)
[PASS] wvfFind_event41643_trackID10_opNum9.root → copied (ms_ch=9)
[PASS] wvfFind_event73644_trackID3_opNum4.root → copied (ms_ch=4)
[PASS] wvfFind_event44216_trackID35_opNum9.root → copied (ms_ch=9)
[PASS] wvfFind_event55940_trackID18_opNum8_merged.root → copied (ms_ch=8)
[PASS] wvfFind_event13448_trackID30_opNum8_merged.root → copied (ms_ch=8)
[SKIP] wvfFind_event35957_trackID2_opNum2_2.root (ms_ch=2)
[PASS] wvfFind_event25993_trackID1_opNum3.root → copied (ms_ch=3)
[PASS] wvfFind_event5611_trackID24_opNum9.root → copied (ms_ch=9)
[PASS] wvfFind_event12743_trackID1_opNum3_2.root → copied (ms_ch=3)
[PASS] wvfFind_event52503_trackID9_opNum4_2.root → copied (ms_ch=4)
[PASS] wvfFind_event76899_trackID1_opNum8.root → copied (ms_ch=8)
[PASS] wvfFind_event26816_trackID2_opNum4.root → copied (ms_ch=4)
[SKIP] wvfFind_event35256_trackID11_opNum2_2.root (ms_ch=2)
[PASS] wvfFind_event63312_trackID3_opNum4.root → copied (ms_ch=4)
[PASS] wvfFind_event25546_trackID6_opNum9.root → copied (ms_ch=9)
[PASS] wvfFind_event51414_trackID7_opNum8.root → copied (ms_ch=8)
[PASS] wvfFind_event155_trackID6_opNum4.root → copied (ms_ch=4)
[PASS] wvfFind_event64447_trackID11_opNum9.root → copied (ms_ch=9)
[SKIP] wvfFind_event70200_trackID12_opNum2_2.root (ms_ch=2)
[PASS] wvfFind_event26302_trackID16_opNum5.root → copied (ms_ch=5)
[PASS] wvfFind_event5511_trackID0_opNum5_3.root → copied (ms_ch=5)
[PASS] wvfFind_event75179_trackID1_opNum5.root → copied (ms_ch=5)
[PASS] wvfFind_event14903_trackID6_opNum8.root → copied (ms_ch=8)
[PASS] wvfFind_event75975_trackID17_opNum9.root → copied (ms_ch=9)
[PASS] wvfFind_event70331_trackID11_opNum9_2.root → copied (ms_ch=9)
[PASS] wvfFind_event986_trackID0_opNum9.root → copied (ms_ch=9)
[PASS] wvfFind_event14597_trackID6_opNum4_2.root → copied (ms_ch=4)
[PASS] wvfFind_event786_trackID15_opNum6.root → copied (ms_ch=6)
[PASS] wvfFind_event51805_trackID19_opNum9.root → copied (ms_ch=9)
[SKIP] wvfFind_event66380_trackID17_opNum2_2.root (ms_ch=2)
[PASS] wvfFind_event11145_trackID8_opNum7_merged.root → copied (ms_ch=7)
[PASS] wvfFind_event4665_trackID4_opNum9_2.root → copied (ms_ch=9)
[PASS] wvfFind_event15241_trackID6_opNum9.root → copied (ms_ch=9)
[PASS] wvfFind_event43520_trackID14_opNum6_2.root → copied (ms_ch=6)
[PASS] wvfFind_event18850_trackID21_opNum9.root → copied (ms_ch=9)
[SKIP] wvfFind_event62124_trackID5_opNum1_merged.root (ms_ch=1)
[PASS] wvfFind_event56165_trackID5_opNum7_2.root → copied (ms_ch=7)
[PASS] wvfFind_event54008_trackID20_opNum8.root → copied (ms_ch=8)
[PASS] wvfFind_event7897_trackID6_opNum5.root → copied (ms_ch=5)
[SKIP] wvfFind_event14698_trackID10_opNum2_2.root (ms_ch=2)
[SKIP] wvfFind_event22172_trackID3_opNum1_merged.root (ms_ch=1)
[PASS] wvfFind_event22804_trackID16_opNum3.root → copied (ms_ch=3)
[PASS] wvfFind_event7160_trackID5_opNum9.root → copied (ms_ch=9)
[SKIP] wvfFind_event25498_trackID12_opNum2.root (ms_ch=2)
[PASS] wvfFind_event27562_trackID8_opNum5_merged.root → copied (ms_ch=5)
[PASS] wvfFind_event62937_trackID7_opNum8.root → copied (ms_ch=8)
[PASS] wvfFind_event46590_trackID16_opNum4.root → copied (ms_ch=4)
[PASS] wvfFind_event31254_trackID12_opNum4_merged.root → copied (ms_ch=4)
[PASS] wvfFind_event64547_trackID19_opNum5.root → copied (ms_ch=5)
[PASS] wvfFind_event38345_trackID6_opNum8.root → copied (ms_ch=8)
[PASS] wvfFind_event77710_trackID35_opNum6.root → copied (ms_ch=6)
[PASS] wvfFind_event24243_trackID2_opNum4.root → copied (ms_ch=4)
[PASS] wvfFind_event9512_trackID7_opNum5.root → copied (ms_ch=5)
[PASS] wvfFind_event18258_trackID9_opNum6.root → copied (ms_ch=6)
[PASS] wvfFind_event8477_trackID15_opNum7.root → copied (ms_ch=7)
[SKIP] wvfFind_event19779_trackID15_opNum1_merged.root (ms_ch=1)
[PASS] wvfFind_event18036_trackID15_opNum9.root → copied (ms_ch=9)
[PASS] wvfFind_event11300_trackID16_opNum8.root → copied (ms_ch=8)
[PASS] wvfFind_event8445_trackID0_opNum3.root → copied (ms_ch=3)
[PASS] wvfFind_event320_trackID4_opNum3.root → copied (ms_ch=3)
[PASS] wvfFind_event10523_trackID16_opNum3.root → copied (ms_ch=3)
[PASS] wvfFind_event8718_trackID6_opNum7_merged.root → copied (ms_ch=7)
[PASS] wvfFind_event9739_trackID14_opNum8_merged.root → copied (ms_ch=8)
[PASS] wvfFind_event66408_trackID41_opNum6.root → copied (ms_ch=6)
[SKIP] wvfFind_event73979_trackID17_opNum1_merged.root (ms_ch=1)
[PASS] wvfFind_event43180_trackID15_opNum9_merged.root → copied (ms_ch=9)
[SKIP] wvfFind_event11975_trackID0_opNum1_merged.root (ms_ch=1)
[PASS] wvfFind_event73820_trackID10_opNum9.root → copied (ms_ch=9)
[PASS] wvfFind_event74895_trackID1_opNum5.root → copied (ms_ch=5)
[PASS] wvfFind_event5765_trackID11_opNum9.root → copied (ms_ch=9)
[PASS] wvfFind_event12625_trackID9_opNum9.root → copied (ms_ch=9)
[PASS] wvfFind_event35654_trackID0_opNum4.root → copied (ms_ch=4)
[SKIP] wvfFind_event75932_trackID4_opNum2.root (ms_ch=2)
[PASS] wvfFind_event56099_trackID9_opNum9.root → copied (ms_ch=9)
[PASS] wvfFind_event22194_trackID11_opNum6_merged.root → copied (ms_ch=6)
[SKIP] wvfFind_event75832_trackID13_opNum1_merged.root (ms_ch=1)
[PASS] wvfFind_event40182_trackID12_opNum5_merged.root → copied (ms_ch=5)
[PASS] wvfFind_event41097_trackID33_opNum8.root → copied (ms_ch=8)
[SKIP] wvfFind_event74882_trackID9_opNum1_merged.root (ms_ch=1)
[PASS] wvfFind_event11086_trackID32_opNum5.root → copied (ms_ch=5)
[PASS] wvfFind_event51461_trackID23_opNum6.root → copied (ms_ch=6)
[PASS] wvfFind_event11218_trackID23_opNum5.root → copied (ms_ch=5)
[PASS] wvfFind_event58914_trackID5_opNum9.root → copied (ms_ch=9)
[PASS] wvfFind_event20140_trackID18_opNum6.root → copied (ms_ch=6)
[PASS] wvfFind_event17251_trackID0_opNum5.root → copied (ms_ch=5)
[SKIP] wvfFind_event48085_trackID17_opNum2.root (ms_ch=2)
[PASS] wvfFind_event50374_trackID29_opNum9.root → copied (ms_ch=9)
[SKIP] wvfFind_event18262_trackID5_opNum1_merged.root (ms_ch=1)
[SKIP] wvfFind_event71446_trackID0_opNum2.root (ms_ch=2)
[PASS] wvfFind_event63425_trackID10_opNum3.root → copied (ms_ch=3)
[PASS] wvfFind_event15630_trackID2_opNum5.root → copied (ms_ch=5)
[PASS] wvfFind_event16358_trackID3_opNum3.root → copied (ms_ch=3)
[PASS] wvfFind_event75232_trackID12_opNum7.root → copied (ms_ch=7)
[PASS] wvfFind_event24802_trackID2_opNum4.root → copied (ms_ch=4)
[PASS] wvfFind_event12919_trackID5_opNum5_2.root → copied (ms_ch=5)
[PASS] wvfFind_event39642_trackID5_opNum9.root → copied (ms_ch=9)
[PASS] wvfFind_event59913_trackID11_opNum9.root → copied (ms_ch=9)
[PASS] wvfFind_event53268_trackID26_opNum3_merged.root → copied (ms_ch=3)
[SKIP] wvfFind_event13293_trackID9_opNum1_merged.root (ms_ch=1)
[PASS] wvfFind_event24559_trackID11_opNum4.root → copied (ms_ch=4)
[SKIP] wvfFind_event47185_trackID16_opNum1_merged.root (ms_ch=1)
[PASS] wvfFind_event51505_trackID6_opNum8.root → copied (ms_ch=8)
[PASS] wvfFind_event63224_trackID5_opNum5_2.root → copied (ms_ch=5)
[PASS] wvfFind_event48232_trackID1_opNum3.root → copied (ms_ch=3)
[PASS] wvfFind_event41386_trackID6_opNum9_2.root → copied (ms_ch=9)
[PASS] wvfFind_event42332_trackID11_opNum7_merged.root → copied (ms_ch=7)
[PASS] wvfFind_event66768_trackID13_opNum7.root → copied (ms_ch=7)
[SKIP] wvfFind_event6062_trackID9_opNum2_2.root (ms_ch=2)
[SKIP] wvfFind_event47375_trackID0_opNum2.root (ms_ch=2)
[PASS] wvfFind_event59795_trackID19_opNum4.root → copied (ms_ch=4)
[PASS] wvfFind_event10380_trackID4_opNum8.root → copied (ms_ch=8)
[PASS] wvfFind_event23703_trackID18_opNum4.root → copied (ms_ch=4)
[PASS] wvfFind_event71273_trackID2_opNum4_2.root → copied (ms_ch=4)
[PASS] wvfFind_event15840_trackID13_opNum9.root → copied (ms_ch=9)
[SKIP] wvfFind_event62003_trackID16_opNum2.root (ms_ch=2)
[SKIP] wvfFind_event37939_trackID19_opNum2_2.root (ms_ch=2)
[PASS] wvfFind_event70083_trackID8_opNum9.root → copied (ms_ch=9)
[PASS] wvfFind_event77438_trackID3_opNum3.root → copied (ms_ch=3)
[PASS] wvfFind_event69254_trackID0_opNum5.root → copied (ms_ch=5)
[PASS] wvfFind_event70195_trackID6_opNum9_2.root → copied (ms_ch=9)
[PASS] wvfFind_event72507_trackID16_opNum3.root → copied (ms_ch=3)
[PASS] wvfFind_event23781_trackID9_opNum5.root → copied (ms_ch=5)
[SKIP] wvfFind_event19032_trackID21_opNum2.root (ms_ch=2)
[PASS] wvfFind_event26135_trackID16_opNum9.root → copied (ms_ch=9)
[PASS] wvfFind_event8851_trackID1_opNum9_merged.root → copied (ms_ch=9)
[PASS] wvfFind_event71857_trackID2_opNum5.root → copied (ms_ch=5)
[SKIP] wvfFind_event59121_trackID14_opNum2.root (ms_ch=2)
[PASS] wvfFind_event67856_trackID5_opNum8.root → copied (ms_ch=8)
[PASS] wvfFind_event10047_trackID13_opNum7.root → copied (ms_ch=7)
[PASS] wvfFind_event3282_trackID15_opNum9.root → copied (ms_ch=9)
[PASS] wvfFind_event22806_trackID3_opNum4.root → copied (ms_ch=4)
[PASS] wvfFind_event57459_trackID4_opNum3.root → copied (ms_ch=3)
[PASS] wvfFind_event29800_trackID11_opNum3.root → copied (ms_ch=3)
[PASS] wvfFind_event119_trackID5_opNum6.root → copied (ms_ch=6)
[PASS] wvfFind_event69614_trackID17_opNum5.root → copied (ms_ch=5)
[PASS] wvfFind_event27958_trackID17_opNum8.root → copied (ms_ch=8)
[PASS] wvfFind_event74946_trackID17_opNum6.root → copied (ms_ch=6)
[PASS] wvfFind_event24513_trackID3_opNum3.root → copied (ms_ch=3)
[PASS] wvfFind_event77059_trackID5_opNum9.root → copied (ms_ch=9)
[PASS] wvfFind_event37454_trackID23_opNum9.root → copied (ms_ch=9)
[PASS] wvfFind_event65269_trackID10_opNum5.root → copied (ms_ch=5)
[PASS] wvfFind_event22875_trackID14_opNum9.root → copied (ms_ch=9)
[PASS] wvfFind_event28105_trackID0_opNum9.root → copied (ms_ch=9)
[PASS] wvfFind_event16272_trackID16_opNum9.root → copied (ms_ch=9)
[PASS] wvfFind_event73648_trackID12_opNum9.root → copied (ms_ch=9)
[PASS] wvfFind_event992_trackID10_opNum5_merged.root → copied (ms_ch=5)
[SKIP] wvfFind_event37364_trackID18_opNum2_merged.root (ms_ch=2)
[SKIP] wvfFind_event39982_trackID18_opNum2.root (ms_ch=2)
[PASS] wvfFind_event50107_trackID23_opNum9.root → copied (ms_ch=9)
[SKIP] wvfFind_event43147_trackID3_opNum2.root (ms_ch=2)
[PASS] wvfFind_event52915_trackID10_opNum7_2.root → copied (ms_ch=7)
[PASS] wvfFind_event61035_trackID7_opNum7.root → copied (ms_ch=7)
[PASS] wvfFind_event64298_trackID18_opNum5.root → copied (ms_ch=5)
[PASS] wvfFind_event21616_trackID8_opNum9_merged.root → copied (ms_ch=9)
[PASS] wvfFind_event31024_trackID23_opNum6.root → copied (ms_ch=6)
[PASS] wvfFind_event12961_trackID18_opNum9.root → copied (ms_ch=9)
[SKIP] wvfFind_event18244_trackID7_opNum2.root (ms_ch=2)
[PASS] wvfFind_event63576_trackID9_opNum9.root → copied (ms_ch=9)
[PASS] wvfFind_event56009_trackID4_opNum5.root → copied (ms_ch=5)
[PASS] wvfFind_event32368_trackID20_opNum8.root → copied (ms_ch=8)
[PASS] wvfFind_event31967_trackID0_opNum5.root → copied (ms_ch=5)
[SKIP] wvfFind_event31501_trackID15_opNum2.root (ms_ch=2)
[PASS] wvfFind_event42870_trackID1_opNum4.root → copied (ms_ch=4)
[PASS] wvfFind_event53787_trackID26_opNum4.root → copied (ms_ch=4)
[SKIP] wvfFind_event9186_trackID37_opNum1_merged.root (ms_ch=1)
[PASS] wvfFind_event21236_trackID6_opNum7.root → copied (ms_ch=7)
[PASS] wvfFind_event25179_trackID2_opNum9.root → copied (ms_ch=9)
[PASS] wvfFind_event52553_trackID9_opNum4.root → copied (ms_ch=4)
[PASS] wvfFind_event49585_trackID20_opNum9_merged.root → copied (ms_ch=9)
[PASS] wvfFind_event59583_trackID4_opNum3_5.root → copied (ms_ch=3)
[PASS] wvfFind_event48103_trackID15_opNum8.root → copied (ms_ch=8)
[PASS] wvfFind_event21780_trackID5_opNum9_2.root → copied (ms_ch=9)
[PASS] wvfFind_event73946_trackID1_opNum5.root → copied (ms_ch=5)
[PASS] wvfFind_event62789_trackID9_opNum5.root → copied (ms_ch=5)
[PASS] wvfFind_event63168_trackID20_opNum6.root → copied (ms_ch=6)
[SKIP] wvfFind_event36790_trackID6_opNum2.root (ms_ch=2)
[PASS] wvfFind_event18682_trackID26_opNum6_merged.root → copied (ms_ch=6)
[PASS] wvfFind_event75584_trackID4_opNum3.root → copied (ms_ch=3)
[PASS] wvfFind_event68189_trackID3_opNum7_merged.root → copied (ms_ch=7)
[PASS] wvfFind_event26468_trackID9_opNum8.root → copied (ms_ch=8)
[PASS] wvfFind_event1026_trackID0_opNum9.root → copied (ms_ch=9)
[PASS] wvfFind_event38119_trackID0_opNum5.root → copied (ms_ch=5)
[PASS] wvfFind_event51495_trackID1_opNum8.root → copied (ms_ch=8)
[PASS] wvfFind_event47589_trackID0_opNum9.root → copied (ms_ch=9)
[PASS] wvfFind_event54221_trackID28_opNum6_2.root → copied (ms_ch=6)
[PASS] wvfFind_event48328_trackID11_opNum4_merged.root → copied (ms_ch=4)
[PASS] wvfFind_event44906_trackID9_opNum9.root → copied (ms_ch=9)
[SKIP] wvfFind_event59084_trackID7_opNum1_merged.root (ms_ch=1)
[PASS] wvfFind_event50015_trackID6_opNum3.root → copied (ms_ch=3)
[PASS] wvfFind_event68708_trackID0_opNum4_2.root → copied (ms_ch=4)
[SKIP] wvfFind_event25108_trackID0_opNum2.root (ms_ch=2)
[PASS] wvfFind_event13169_trackID10_opNum5_merged.root → copied (ms_ch=5)
[PASS] wvfFind_event21466_trackID14_opNum9.root → copied (ms_ch=9)
[PASS] wvfFind_event4219_trackID12_opNum7.root → copied (ms_ch=7)
[SKIP] wvfFind_event2278_trackID16_opNum2.root (ms_ch=2)
[PASS] wvfFind_event50429_trackID7_opNum9_2.root → copied (ms_ch=9)
[PASS] wvfFind_event51645_trackID34_opNum6.root → copied (ms_ch=6)
[PASS] wvfFind_event23041_trackID6_opNum5.root → copied (ms_ch=5)
[SKIP] wvfFind_event63725_trackID3_opNum2_2.root (ms_ch=2)
[PASS] wvfFind_event8778_trackID5_opNum3.root → copied (ms_ch=3)
[PASS] wvfFind_event50553_trackID9_opNum6.root → copied (ms_ch=6)
[PASS] wvfFind_event44135_trackID5_opNum4.root → copied (ms_ch=4)
[PASS] wvfFind_event34849_trackID29_opNum9.root → copied (ms_ch=9)
[PASS] wvfFind_event55392_trackID7_opNum8_2.root → copied (ms_ch=8)
[PASS] wvfFind_event41435_trackID2_opNum5.root → copied (ms_ch=5)
[PASS] wvfFind_event52925_trackID11_opNum6.root → copied (ms_ch=6)
[PASS] wvfFind_event77668_trackID18_opNum4.root → copied (ms_ch=4)
[PASS] wvfFind_event28406_trackID0_opNum4_2.root → copied (ms_ch=4)
[PASS] wvfFind_event25097_trackID6_opNum7_merged.root → copied (ms_ch=7)
[SKIP] wvfFind_event47004_trackID14_opNum2.root (ms_ch=2)
[PASS] wvfFind_event15417_trackID18_opNum5.root → copied (ms_ch=5)
[PASS] wvfFind_event68545_trackID10_opNum8.root → copied (ms_ch=8)
[PASS] wvfFind_event24827_trackID16_opNum4_merged.root → copied (ms_ch=4)
[PASS] wvfFind_event34470_trackID37_opNum9.root → copied (ms_ch=9)
[PASS] wvfFind_event287_trackID1_opNum9_merged.root → copied (ms_ch=9)
[PASS] wvfFind_event38747_trackID28_opNum9_2.root → copied (ms_ch=9)
[PASS] wvfFind_event72646_trackID40_opNum9_merged.root → copied (ms_ch=9)
[PASS] wvfFind_event15346_trackID10_opNum4.root → copied (ms_ch=4)
[PASS] wvfFind_event841_trackID19_opNum3.root → copied (ms_ch=3)
[SKIP] wvfFind_event77243_trackID6_opNum1_merged.root (ms_ch=1)
[PASS] wvfFind_event47143_trackID11_opNum8.root → copied (ms_ch=8)
[PASS] wvfFind_event53711_trackID5_opNum9.root → copied (ms_ch=9)
[PASS] wvfFind_event40868_trackID15_opNum9.root → copied (ms_ch=9)
[PASS] wvfFind_event18380_trackID2_opNum4.root → copied (ms_ch=4)
[PASS] wvfFind_event33827_trackID28_opNum9.root → copied (ms_ch=9)
[PASS] wvfFind_event42010_trackID11_opNum9.root → copied (ms_ch=9)
[PASS] wvfFind_event77481_trackID6_opNum8.root → copied (ms_ch=8)
[PASS] wvfFind_event27208_trackID0_opNum3_2.root → copied (ms_ch=3)
[PASS] wvfFind_event70648_trackID5_opNum3_merged.root → copied (ms_ch=3)
[PASS] wvfFind_event53205_trackID16_opNum5.root → copied (ms_ch=5)
[SKIP] wvfFind_event48975_trackID4_opNum2_merged.root (ms_ch=2)
[PASS] wvfFind_event29062_trackID7_opNum6.root → copied (ms_ch=6)
[PASS] wvfFind_event2543_trackID19_opNum6.root → copied (ms_ch=6)
[PASS] wvfFind_event62074_trackID6_opNum5.root → copied (ms_ch=5)
[PASS] wvfFind_event13862_trackID12_opNum9.root → copied (ms_ch=9)
[PASS] wvfFind_event8279_trackID14_opNum6.root → copied (ms_ch=6)
[PASS] wvfFind_event60087_trackID11_opNum3.root → copied (ms_ch=3)
[PASS] wvfFind_event55719_trackID13_opNum6_merged.root → copied (ms_ch=6)
[PASS] wvfFind_event41011_trackID4_opNum8_2.root → copied (ms_ch=8)
[PASS] wvfFind_event18111_trackID8_opNum7.root → copied (ms_ch=7)
[PASS] wvfFind_event32313_trackID16_opNum9.root → copied (ms_ch=9)
[PASS] wvfFind_event13011_trackID1_opNum4_merged.root → copied (ms_ch=4)
[PASS] wvfFind_event70471_trackID12_opNum8_merged.root → copied (ms_ch=8)
[PASS] wvfFind_event11800_trackID3_opNum5.root → copied (ms_ch=5)
[PASS] wvfFind_event29018_trackID8_opNum3.root → copied (ms_ch=3)
[PASS] wvfFind_event53742_trackID5_opNum8.root → copied (ms_ch=8)
[PASS] wvfFind_event50043_trackID3_opNum3.root → copied (ms_ch=3)
[PASS] wvfFind_event35412_trackID7_opNum3_merged.root → copied (ms_ch=3)
[PASS] wvfFind_event25467_trackID0_opNum3.root → copied (ms_ch=3)
[PASS] wvfFind_event8335_trackID7_opNum3.root → copied (ms_ch=3)
[SKIP] wvfFind_event61560_trackID23_opNum2.root (ms_ch=2)
[PASS] wvfFind_event26668_trackID11_opNum4.root → copied (ms_ch=4)
[PASS] wvfFind_event16973_trackID6_opNum3_2.root → copied (ms_ch=3)
[PASS] wvfFind_event24201_trackID14_opNum9.root → copied (ms_ch=9)
[PASS] wvfFind_event39334_trackID3_opNum9.root → copied (ms_ch=9)
[PASS] wvfFind_event13881_trackID16_opNum5.root → copied (ms_ch=5)
[PASS] wvfFind_event68324_trackID8_opNum9_merged.root → copied (ms_ch=9)
[PASS] wvfFind_event36269_trackID3_opNum9.root → copied (ms_ch=9)
[PASS] wvfFind_event36516_trackID5_opNum5_2.root → copied (ms_ch=5)
[PASS] wvfFind_event5412_trackID10_opNum6_2.root → copied (ms_ch=6)
[PASS] wvfFind_event61431_trackID18_opNum5.root → copied (ms_ch=5)
[SKIP] wvfFind_event25873_trackID3_opNum2_2.root (ms_ch=2)
[PASS] wvfFind_event71361_trackID2_opNum4.root → copied (ms_ch=4)
[SKIP] wvfFind_event51318_trackID6_opNum2.root (ms_ch=2)
[SKIP] wvfFind_event35407_trackID4_opNum1_merged.root (ms_ch=1)
[PASS] wvfFind_event47459_trackID8_opNum9.root → copied (ms_ch=9)
[PASS] wvfFind_event28923_trackID4_opNum5.root → copied (ms_ch=5)
[PASS] wvfFind_event35012_trackID24_opNum9_2.root → copied (ms_ch=9)
[PASS] wvfFind_event10605_trackID7_opNum7_merged.root → copied (ms_ch=7)
[PASS] wvfFind_event65928_trackID14_opNum9.root → copied (ms_ch=9)
[PASS] wvfFind_event18331_trackID10_opNum9_merged.root → copied (ms_ch=9)
[PASS] wvfFind_event32702_trackID5_opNum9.root → copied (ms_ch=9)
[PASS] wvfFind_event19263_trackID10_opNum9.root → copied (ms_ch=9)
[PASS] wvfFind_event28543_trackID12_opNum9.root → copied (ms_ch=9)
[PASS] wvfFind_event59583_trackID4_opNum3.root → copied (ms_ch=3)
[PASS] wvfFind_event55989_trackID4_opNum8_3.root → copied (ms_ch=8)
[PASS] wvfFind_event64904_trackID6_opNum4.root → copied (ms_ch=4)
[PASS] wvfFind_event1955_trackID19_opNum4.root → copied (ms_ch=4)
[PASS] wvfFind_event58263_trackID25_opNum5.root → copied (ms_ch=5)
[PASS] wvfFind_event62532_trackID7_opNum8_merged.root → copied (ms_ch=8)
[SKIP] wvfFind_event46246_trackID24_opNum1_merged.root (ms_ch=1)
[PASS] wvfFind_event17377_trackID0_opNum4_2.root → copied (ms_ch=4)
[PASS] wvfFind_event50725_trackID32_opNum5.root → copied (ms_ch=5)
[PASS] wvfFind_event62641_trackID8_opNum4.root → copied (ms_ch=4)
[PASS] wvfFind_event54713_trackID2_opNum9.root → copied (ms_ch=9)
[PASS] wvfFind_event35879_trackID4_opNum5.root → copied (ms_ch=5)
[SKIP] wvfFind_event57647_trackID14_opNum1_merged.root (ms_ch=1)
[PASS] wvfFind_event922_trackID3_opNum5.root → copied (ms_ch=5)
[PASS] wvfFind_event43217_trackID17_opNum9.root → copied (ms_ch=9)
[PASS] wvfFind_event49509_trackID4_opNum4.root → copied (ms_ch=4)
[PASS] wvfFind_event55272_trackID21_opNum9.root → copied (ms_ch=9)
[PASS] wvfFind_event76650_trackID0_opNum9.root → copied (ms_ch=9)
[SKIP] wvfFind_event26944_trackID4_opNum2.root (ms_ch=2)
[PASS] wvfFind_event32525_trackID7_opNum9.root → copied (ms_ch=9)
[PASS] wvfFind_event35004_trackID4_opNum9.root → copied (ms_ch=9)
[PASS] wvfFind_event55073_trackID10_opNum4.root → copied (ms_ch=4)
[PASS] wvfFind_event19176_trackID0_opNum5.root → copied (ms_ch=5)
[PASS] wvfFind_event74513_trackID11_opNum3.root → copied (ms_ch=3)
[PASS] wvfFind_event73622_trackID1_opNum5_2.root → copied (ms_ch=5)
[PASS] wvfFind_event12800_trackID5_opNum4.root → copied (ms_ch=4)
[PASS] wvfFind_event20496_trackID11_opNum9.root → copied (ms_ch=9)
[PASS] wvfFind_event58716_trackID26_opNum4.root → copied (ms_ch=4)
[SKIP] wvfFind_event25498_trackID12_opNum2_2.root (ms_ch=2)
[SKIP] wvfFind_event74_trackID15_opNum2.root (ms_ch=2)
[PASS] wvfFind_event39502_trackID21_opNum5_merged.root → copied (ms_ch=5)
[PASS] wvfFind_event18750_trackID5_opNum4.root → copied (ms_ch=4)
[PASS] wvfFind_event63029_trackID12_opNum9_merged.root → copied (ms_ch=9)
[PASS] wvfFind_event1682_trackID6_opNum3.root → copied (ms_ch=3)
[PASS] wvfFind_event1308_trackID19_opNum9_merged.root → copied (ms_ch=9)
[PASS] wvfFind_event43192_trackID15_opNum8.root → copied (ms_ch=8)
[PASS] wvfFind_event18780_trackID8_opNum4_merged.root → copied (ms_ch=4)
[PASS] wvfFind_event32846_trackID6_opNum4.root → copied (ms_ch=4)
[PASS] wvfFind_event63110_trackID10_opNum4.root → copied (ms_ch=4)
[SKIP] wvfFind_event39763_trackID18_opNum2.root (ms_ch=2)
[PASS] wvfFind_event54194_trackID5_opNum4.root → copied (ms_ch=4)
[PASS] wvfFind_event18801_trackID2_opNum5.root → copied (ms_ch=5)
[PASS] wvfFind_event51192_trackID3_opNum9.root → copied (ms_ch=9)
[PASS] wvfFind_event73045_trackID6_opNum4.root → copied (ms_ch=4)
[PASS] wvfFind_event2296_trackID1_opNum4.root → copied (ms_ch=4)
[PASS] wvfFind_event40512_trackID3_opNum6.root → copied (ms_ch=6)
[PASS] wvfFind_event57529_trackID0_opNum9_merged.root → copied (ms_ch=9)
[SKIP] wvfFind_event35631_trackID13_opNum2.root (ms_ch=2)
[SKIP] wvfFind_event70426_trackID19_opNum2_merged.root (ms_ch=2)
[SKIP] wvfFind_event53428_trackID31_opNum2.root (ms_ch=2)
[PASS] wvfFind_event25743_trackID13_opNum9.root → copied (ms_ch=9)
[PASS] wvfFind_event3293_trackID12_opNum5.root → copied (ms_ch=5)
[PASS] wvfFind_event19889_trackID6_opNum5_merged.root → copied (ms_ch=5)
[PASS] wvfFind_event8738_trackID10_opNum5_merged.root → copied (ms_ch=5)
[PASS] wvfFind_event70523_trackID12_opNum9.root → copied (ms_ch=9)
[SKIP] wvfFind_event76145_trackID3_opNum1_merged.root (ms_ch=1)
[PASS] wvfFind_event17962_trackID5_opNum5.root → copied (ms_ch=5)
[PASS] wvfFind_event31587_trackID0_opNum5.root → copied (ms_ch=5)
[PASS] wvfFind_event30001_trackID0_opNum5.root → copied (ms_ch=5)
[SKIP] wvfFind_event52304_trackID6_opNum2.root (ms_ch=2)
[PASS] wvfFind_event23276_trackID20_opNum9.root → copied (ms_ch=9)
[SKIP] wvfFind_event23464_trackID10_opNum2.root (ms_ch=2)
[PASS] wvfFind_event42404_trackID6_opNum9.root → copied (ms_ch=9)
[PASS] wvfFind_event49005_trackID0_opNum5_2.root → copied (ms_ch=5)
[PASS] wvfFind_event66963_trackID23_opNum9.root → copied (ms_ch=9)
[PASS] wvfFind_event8057_trackID31_opNum7.root → copied (ms_ch=7)
[PASS] wvfFind_event51068_trackID10_opNum5_merged.root → copied (ms_ch=5)
[PASS] wvfFind_event3476_trackID12_opNum5.root → copied (ms_ch=5)
[PASS] wvfFind_event19580_trackID12_opNum9.root → copied (ms_ch=9)
[PASS] wvfFind_event8531_trackID10_opNum9.root → copied (ms_ch=9)
[PASS] wvfFind_event67946_trackID8_opNum3.root → copied (ms_ch=3)
[PASS] wvfFind_event61308_trackID0_opNum5.root → copied (ms_ch=5)
[PASS] wvfFind_event45267_trackID23_opNum9_merged.root → copied (ms_ch=9)
[PASS] wvfFind_event7001_trackID3_opNum5.root → copied (ms_ch=5)
[PASS] wvfFind_event30874_trackID22_opNum8.root → copied (ms_ch=8)
[PASS] wvfFind_event8580_trackID6_opNum9_2.root → copied (ms_ch=9)
[SKIP] wvfFind_event41283_trackID24_opNum1_merged.root (ms_ch=1)
[PASS] wvfFind_event42241_trackID6_opNum8_merged.root → copied (ms_ch=8)
[PASS] wvfFind_event5444_trackID7_opNum4.root → copied (ms_ch=4)
[PASS] wvfFind_event64204_trackID3_opNum7_merged.root → copied (ms_ch=7)
[PASS] wvfFind_event72498_trackID25_opNum8_2.root → copied (ms_ch=8)
[PASS] wvfFind_event7195_trackID7_opNum8.root → copied (ms_ch=8)
[PASS] wvfFind_event32877_trackID4_opNum9.root → copied (ms_ch=9)
[PASS] wvfFind_event23664_trackID0_opNum5.root → copied (ms_ch=5)
[PASS] wvfFind_event62765_trackID4_opNum9.root → copied (ms_ch=9)
[SKIP] wvfFind_event14387_trackID6_opNum2.root (ms_ch=2)
[PASS] wvfFind_event16827_trackID9_opNum7_merged.root → copied (ms_ch=7)
[PASS] wvfFind_event4422_trackID16_opNum4.root → copied (ms_ch=4)
[PASS] wvfFind_event62086_trackID5_opNum8.root → copied (ms_ch=8)
[PASS] wvfFind_event18575_trackID17_opNum7_merged.root → copied (ms_ch=7)
[PASS] wvfFind_event16529_trackID22_opNum6.root → copied (ms_ch=6)
[PASS] wvfFind_event48933_trackID7_opNum4.root → copied (ms_ch=4)
[PASS] wvfFind_event45101_trackID14_opNum6.root → copied (ms_ch=6)
[PASS] wvfFind_event4185_trackID3_opNum5_2.root → copied (ms_ch=5)
[PASS] wvfFind_event4805_trackID16_opNum4_2.root → copied (ms_ch=4)
[PASS] wvfFind_event18655_trackID4_opNum7.root → copied (ms_ch=7)
[PASS] wvfFind_event5940_trackID14_opNum8.root → copied (ms_ch=8)
[PASS] wvfFind_event41846_trackID34_opNum4.root → copied (ms_ch=4)
[PASS] wvfFind_event37803_trackID6_opNum7.root → copied (ms_ch=7)
[PASS] wvfFind_event75263_trackID10_opNum6.root → copied (ms_ch=6)
[PASS] wvfFind_event21935_trackID0_opNum4.root → copied (ms_ch=4)
[PASS] wvfFind_event8945_trackID10_opNum9.root → copied (ms_ch=9)
[PASS] wvfFind_event55689_trackID8_opNum4_2.root → copied (ms_ch=4)
[SKIP] wvfFind_event47281_trackID17_opNum2.root (ms_ch=2)
[PASS] wvfFind_event27690_trackID8_opNum8_merged.root → copied (ms_ch=8)
[PASS] wvfFind_event3669_trackID24_opNum6.root → copied (ms_ch=6)
[PASS] wvfFind_event19501_trackID5_opNum3_merged.root → copied (ms_ch=3)
[PASS] wvfFind_event37279_trackID10_opNum9_2.root → copied (ms_ch=9)
[PASS] wvfFind_event35403_trackID35_opNum8.root → copied (ms_ch=8)
[PASS] wvfFind_event45012_trackID19_opNum9.root → copied (ms_ch=9)
[PASS] wvfFind_event58315_trackID3_opNum4.root → copied (ms_ch=4)
[PASS] wvfFind_event35742_trackID10_opNum4.root → copied (ms_ch=4)
[PASS] wvfFind_event46599_trackID9_opNum9.root → copied (ms_ch=9)
[PASS] wvfFind_event22908_trackID9_opNum3.root → copied (ms_ch=3)
[PASS] wvfFind_event13090_trackID17_opNum4.root → copied (ms_ch=4)
[PASS] wvfFind_event64398_trackID29_opNum6.root → copied (ms_ch=6)
[PASS] wvfFind_event56576_trackID8_opNum6_merged.root → copied (ms_ch=6)
[PASS] wvfFind_event72068_trackID9_opNum4_2.root → copied (ms_ch=4)
[PASS] wvfFind_event76834_trackID13_opNum9.root → copied (ms_ch=9)
[PASS] wvfFind_event45723_trackID8_opNum8.root → copied (ms_ch=8)
[PASS] wvfFind_event11142_trackID16_opNum9_2.root → copied (ms_ch=9)
[PASS] wvfFind_event37507_trackID7_opNum4.root → copied (ms_ch=4)
[PASS] wvfFind_event49509_trackID16_opNum9.root → copied (ms_ch=9)
[PASS] wvfFind_event27654_trackID14_opNum8.root → copied (ms_ch=8)
[PASS] wvfFind_event11996_trackID7_opNum3_2.root → copied (ms_ch=3)
[PASS] wvfFind_event19663_trackID4_opNum4.root → copied (ms_ch=4)
[PASS] wvfFind_event66114_trackID13_opNum6_merged.root → copied (ms_ch=6)
[PASS] wvfFind_event52493_trackID14_opNum4.root → copied (ms_ch=4)
[SKIP] wvfFind_event11098_trackID24_opNum1_merged.root (ms_ch=1)
[PASS] wvfFind_event19670_trackID15_opNum6.root → copied (ms_ch=6)
[PASS] wvfFind_event69542_trackID14_opNum5_merged.root → copied (ms_ch=5)
[PASS] wvfFind_event14246_trackID6_opNum4.root → copied (ms_ch=4)
[SKIP] wvfFind_event47351_trackID22_opNum1_merged.root (ms_ch=1)
[PASS] wvfFind_event40957_trackID13_opNum9.root → copied (ms_ch=9)
[PASS] wvfFind_event1172_trackID0_opNum7.root → copied (ms_ch=7)
[PASS] wvfFind_event70536_trackID6_opNum4.root → copied (ms_ch=4)
[PASS] wvfFind_event77499_trackID24_opNum9_2.root → copied (ms_ch=9)
[PASS] wvfFind_event13358_trackID35_opNum9.root → copied (ms_ch=9)
[PASS] wvfFind_event57707_trackID25_opNum4.root → copied (ms_ch=4)
[PASS] wvfFind_event31510_trackID5_opNum8.root → copied (ms_ch=8)
[PASS] wvfFind_event55728_trackID11_opNum9.root → copied (ms_ch=9)
[PASS] wvfFind_event63817_trackID10_opNum6_2.root → copied (ms_ch=6)
[PASS] wvfFind_event49775_trackID0_opNum7.root → copied (ms_ch=7)
[PASS] wvfFind_event18995_trackID6_opNum9.root → copied (ms_ch=9)
[PASS] wvfFind_event62566_trackID0_opNum9.root → copied (ms_ch=9)
[PASS] wvfFind_event36281_trackID6_opNum7.root → copied (ms_ch=7)
[PASS] wvfFind_event5463_trackID4_opNum6.root → copied (ms_ch=6)
[SKIP] wvfFind_event46912_trackID15_opNum2.root (ms_ch=2)
[SKIP] wvfFind_event38103_trackID7_opNum2_2.root (ms_ch=2)
[PASS] wvfFind_event36034_trackID3_opNum9.root → copied (ms_ch=9)
[SKIP] wvfFind_event806_trackID23_opNum1_merged.root (ms_ch=1)
[PASS] wvfFind_event62149_trackID0_opNum5_merged.root → copied (ms_ch=5)
[PASS] wvfFind_event23492_trackID10_opNum7_merged.root → copied (ms_ch=7)
[PASS] wvfFind_event9321_trackID37_opNum7.root → copied (ms_ch=7)
[PASS] wvfFind_event8382_trackID1_opNum5_merged.root → copied (ms_ch=5)
[PASS] wvfFind_event74485_trackID14_opNum4_merged.root → copied (ms_ch=4)
[PASS] wvfFind_event40657_trackID7_opNum8.root → copied (ms_ch=8)
[PASS] wvfFind_event73102_trackID36_opNum5.root → copied (ms_ch=5)
[PASS] wvfFind_event49557_trackID0_opNum5.root → copied (ms_ch=5)
[PASS] wvfFind_event61889_trackID11_opNum8_merged.root → copied (ms_ch=8)
[PASS] wvfFind_event64279_trackID15_opNum9.root → copied (ms_ch=9)
[PASS] wvfFind_event56172_trackID6_opNum8_2.root → copied (ms_ch=8)
[PASS] wvfFind_event15242_trackID25_opNum9.root → copied (ms_ch=9)
[PASS] wvfFind_event77008_trackID6_opNum7_merged.root → copied (ms_ch=7)
[PASS] wvfFind_event14069_trackID26_opNum8.root → copied (ms_ch=8)
[PASS] wvfFind_event63519_trackID18_opNum5.root → copied (ms_ch=5)
[PASS] wvfFind_event48435_trackID22_opNum6.root → copied (ms_ch=6)
[SKIP] wvfFind_event25498_trackID12_opNum2_3.root (ms_ch=2)
[SKIP] wvfFind_event29831_trackID19_opNum2.root (ms_ch=2)
[SKIP] wvfFind_event54648_trackID3_opNum2.root (ms_ch=2)
[PASS] wvfFind_event74199_trackID14_opNum5.root → copied (ms_ch=5)
[PASS] wvfFind_event34807_trackID8_opNum5.root → copied (ms_ch=5)
[SKIP] wvfFind_event62955_trackID19_opNum1_merged.root (ms_ch=1)
[PASS] wvfFind_event19815_trackID4_opNum5.root → copied (ms_ch=5)
[PASS] wvfFind_event24405_trackID10_opNum9.root → copied (ms_ch=9)
[PASS] wvfFind_event54973_trackID4_opNum4.root → copied (ms_ch=4)
[PASS] wvfFind_event77217_trackID13_opNum9.root → copied (ms_ch=9)
[PASS] wvfFind_event60883_trackID12_opNum9.root → copied (ms_ch=9)
[PASS] wvfFind_event22053_trackID10_opNum7.root → copied (ms_ch=7)
[PASS] wvfFind_event56172_trackID6_opNum8.root → copied (ms_ch=8)
[PASS] wvfFind_event39282_trackID0_opNum4_2.root → copied (ms_ch=4)
[PASS] wvfFind_event41976_trackID17_opNum8.root → copied (ms_ch=8)
[PASS] wvfFind_event76389_trackID6_opNum5.root → copied (ms_ch=5)
[SKIP] wvfFind_event8218_trackID3_opNum2_2.root (ms_ch=2)
[PASS] wvfFind_event64070_trackID10_opNum6_merged.root → copied (ms_ch=6)
[PASS] wvfFind_event75390_trackID9_opNum3.root → copied (ms_ch=3)
[PASS] wvfFind_event37552_trackID0_opNum5.root → copied (ms_ch=5)
[PASS] wvfFind_event7880_trackID18_opNum5.root → copied (ms_ch=5)
[PASS] wvfFind_event39786_trackID32_opNum4.root → copied (ms_ch=4)
[PASS] wvfFind_event37533_trackID3_opNum3.root → copied (ms_ch=3)
[PASS] wvfFind_event47666_trackID3_opNum9.root → copied (ms_ch=9)
[PASS] wvfFind_event13815_trackID10_opNum9.root → copied (ms_ch=9)
[PASS] wvfFind_event65249_trackID3_opNum8_merged.root → copied (ms_ch=8)
[PASS] wvfFind_event49281_trackID15_opNum4_merged.root → copied (ms_ch=4)
[PASS] wvfFind_event64203_trackID12_opNum7.root → copied (ms_ch=7)
[SKIP] wvfFind_event77680_trackID9_opNum1_merged.root (ms_ch=1)
[PASS] wvfFind_event65202_trackID3_opNum5.root → copied (ms_ch=5)
[PASS] wvfFind_event9729_trackID25_opNum5_merged.root → copied (ms_ch=5)
[SKIP] wvfFind_event39400_trackID3_opNum1_merged.root (ms_ch=1)
[PASS] wvfFind_event16926_trackID1_opNum5.root → copied (ms_ch=5)
[SKIP] wvfFind_event6062_trackID9_opNum2.root (ms_ch=2)
[PASS] wvfFind_event57651_trackID6_opNum3.root → copied (ms_ch=3)
[PASS] wvfFind_event34523_trackID21_opNum9.root → copied (ms_ch=9)
[PASS] wvfFind_event34530_trackID3_opNum4_merged.root → copied (ms_ch=4)
[PASS] wvfFind_event76870_trackID5_opNum9.root → copied (ms_ch=9)
[PASS] wvfFind_event31978_trackID4_opNum4.root → copied (ms_ch=4)
[PASS] wvfFind_event55989_trackID4_opNum8_2.root → copied (ms_ch=8)
[PASS] wvfFind_event3999_trackID5_opNum3.root → copied (ms_ch=3)
[PASS] wvfFind_event31565_trackID2_opNum4.root → copied (ms_ch=4)
[SKIP] wvfFind_event9936_trackID11_opNum1_merged.root (ms_ch=1)
[PASS] wvfFind_event13126_trackID6_opNum8.root → copied (ms_ch=8)
[PASS] wvfFind_event46166_trackID30_opNum6_merged.root → copied (ms_ch=6)
[PASS] wvfFind_event39662_trackID9_opNum8.root → copied (ms_ch=8)
[PASS] wvfFind_event1991_trackID7_opNum9_merged.root → copied (ms_ch=9)
[PASS] wvfFind_event23035_trackID2_opNum5.root → copied (ms_ch=5)
[PASS] wvfFind_event1644_trackID20_opNum4.root → copied (ms_ch=4)
[PASS] wvfFind_event17204_trackID13_opNum9.root → copied (ms_ch=9)
[PASS] wvfFind_event52390_trackID13_opNum8.root → copied (ms_ch=8)
[SKIP] wvfFind_event33851_trackID25_opNum2_merged.root (ms_ch=2)
[PASS] wvfFind_event37305_trackID5_opNum4.root → copied (ms_ch=4)
[PASS] wvfFind_event35374_trackID4_opNum6.root → copied (ms_ch=6)
[PASS] wvfFind_event73073_trackID0_opNum5.root → copied (ms_ch=5)
[PASS] wvfFind_event37886_trackID4_opNum9.root → copied (ms_ch=9)
[PASS] wvfFind_event66353_trackID11_opNum6_merged.root → copied (ms_ch=6)
[PASS] wvfFind_event72756_trackID4_opNum5.root → copied (ms_ch=5)
[PASS] wvfFind_event10975_trackID6_opNum8.root → copied (ms_ch=8)
[SKIP] wvfFind_event76827_trackID12_opNum2.root (ms_ch=2)
[PASS] wvfFind_event17667_trackID6_opNum9.root → copied (ms_ch=9)
[PASS] wvfFind_event74180_trackID11_opNum7.root → copied (ms_ch=7)
[PASS] wvfFind_event3011_trackID2_opNum4.root → copied (ms_ch=4)
[SKIP] wvfFind_event44310_trackID0_opNum1_merged.root (ms_ch=1)
[PASS] wvfFind_event53843_trackID9_opNum4.root → copied (ms_ch=4)
[PASS] wvfFind_event1803_trackID9_opNum3.root → copied (ms_ch=3)
[PASS] wvfFind_event67478_trackID17_opNum9.root → copied (ms_ch=9)
[PASS] wvfFind_event45141_trackID38_opNum9.root → copied (ms_ch=9)
[PASS] wvfFind_event29131_trackID3_opNum5.root → copied (ms_ch=5)
[SKIP] wvfFind_event9203_trackID3_opNum2.root (ms_ch=2)
[SKIP] wvfFind_event46573_trackID9_opNum2.root (ms_ch=2)
[PASS] wvfFind_event10490_trackID8_opNum5_merged.root → copied (ms_ch=5)
[PASS] wvfFind_event20710_trackID8_opNum8.root → copied (ms_ch=8)
[PASS] wvfFind_event35187_trackID38_opNum4.root → copied (ms_ch=4)
[PASS] wvfFind_event54405_trackID13_opNum7_merged.root → copied (ms_ch=7)
[PASS] wvfFind_event74924_trackID21_opNum5.root → copied (ms_ch=5)
[PASS] wvfFind_event26360_trackID8_opNum5.root → copied (ms_ch=5)
[SKIP] wvfFind_event70495_trackID10_opNum1_merged.root (ms_ch=1)
[PASS] wvfFind_event61990_trackID35_opNum9.root → copied (ms_ch=9)
[PASS] wvfFind_event15866_trackID7_opNum9.root → copied (ms_ch=9)
[PASS] wvfFind_event56815_trackID8_opNum3_merged.root → copied (ms_ch=3)
[PASS] wvfFind_event22886_trackID41_opNum9.root → copied (ms_ch=9)
[PASS] wvfFind_event8293_trackID0_opNum8.root → copied (ms_ch=8)
[PASS] wvfFind_event12323_trackID10_opNum9.root → copied (ms_ch=9)
[PASS] wvfFind_event12919_trackID5_opNum5.root → copied (ms_ch=5)
[PASS] wvfFind_event76791_trackID6_opNum5_2.root → copied (ms_ch=5)
[PASS] wvfFind_event16951_trackID11_opNum5.root → copied (ms_ch=5)
[PASS] wvfFind_event48228_trackID6_opNum9.root → copied (ms_ch=9)
[PASS] wvfFind_event48881_trackID3_opNum6.root → copied (ms_ch=6)
[PASS] wvfFind_event52153_trackID5_opNum5.root → copied (ms_ch=5)
[PASS] wvfFind_event19663_trackID4_opNum4_2.root → copied (ms_ch=4)
[SKIP] wvfFind_event8590_trackID8_opNum2.root (ms_ch=2)
[PASS] wvfFind_event57343_trackID3_opNum5.root → copied (ms_ch=5)
[PASS] wvfFind_event7854_trackID2_opNum5.root → copied (ms_ch=5)
[PASS] wvfFind_event37755_trackID12_opNum7_merged.root → copied (ms_ch=7)
[PASS] wvfFind_event44486_trackID0_opNum4.root → copied (ms_ch=4)
[PASS] wvfFind_event66034_trackID12_opNum5.root → copied (ms_ch=5)
[PASS] wvfFind_event58443_trackID24_opNum8.root → copied (ms_ch=8)
[PASS] wvfFind_event19718_trackID6_opNum8.root → copied (ms_ch=8)
[SKIP] wvfFind_event43132_trackID14_opNum2_merged.root (ms_ch=2)
[PASS] wvfFind_event6153_trackID6_opNum7_merged.root → copied (ms_ch=7)
[PASS] wvfFind_event57986_trackID5_opNum5.root → copied (ms_ch=5)
[PASS] wvfFind_event65777_trackID2_opNum5.root → copied (ms_ch=5)
[PASS] wvfFind_event50672_trackID8_opNum4.root → copied (ms_ch=4)
[PASS] wvfFind_event35537_trackID8_opNum9.root → copied (ms_ch=9)
[PASS] wvfFind_event10064_trackID1_opNum8.root → copied (ms_ch=8)
[SKIP] wvfFind_event5183_trackID16_opNum2.root (ms_ch=2)
[PASS] wvfFind_event5875_trackID11_opNum3.root → copied (ms_ch=3)
[PASS] wvfFind_event46544_trackID19_opNum9.root → copied (ms_ch=9)
[PASS] wvfFind_event990_trackID3_opNum4.root → copied (ms_ch=4)
[PASS] wvfFind_event20632_trackID12_opNum7.root → copied (ms_ch=7)
[PASS] wvfFind_event4081_trackID19_opNum7.root → copied (ms_ch=7)
[PASS] wvfFind_event77975_trackID1_opNum3.root → copied (ms_ch=3)
[PASS] wvfFind_event50849_trackID14_opNum8_merged.root → copied (ms_ch=8)
[PASS] wvfFind_event29100_trackID1_opNum8.root → copied (ms_ch=8)
[PASS] wvfFind_event9872_trackID17_opNum7_merged.root → copied (ms_ch=7)
[PASS] wvfFind_event43910_trackID10_opNum9.root → copied (ms_ch=9)
[PASS] wvfFind_event11146_trackID15_opNum6.root → copied (ms_ch=6)
[PASS] wvfFind_event15010_trackID3_opNum7.root → copied (ms_ch=7)
[PASS] wvfFind_event65250_trackID0_opNum9.root → copied (ms_ch=9)
[PASS] wvfFind_event5661_trackID11_opNum7.root → copied (ms_ch=7)
[PASS] wvfFind_event49423_trackID18_opNum4.root → copied (ms_ch=4)
[PASS] wvfFind_event43566_trackID1_opNum7.root → copied (ms_ch=7)
[PASS] wvfFind_event35966_trackID3_opNum4.root → copied (ms_ch=4)
[PASS] wvfFind_event41589_trackID19_opNum9.root → copied (ms_ch=9)
[PASS] wvfFind_event72750_trackID4_opNum6.root → copied (ms_ch=6)
[PASS] wvfFind_event20240_trackID22_opNum9.root → copied (ms_ch=9)
[PASS] wvfFind_event51236_trackID21_opNum7_merged.root → copied (ms_ch=7)
[PASS] wvfFind_event1211_trackID3_opNum5.root → copied (ms_ch=5)
[PASS] wvfFind_event25097_trackID6_opNum4_2.root → copied (ms_ch=4)
[PASS] wvfFind_event21114_trackID5_opNum8_merged.root → copied (ms_ch=8)
[SKIP] wvfFind_event35957_trackID2_opNum2.root (ms_ch=2)
[PASS] wvfFind_event17494_trackID9_opNum5.root → copied (ms_ch=5)
[PASS] wvfFind_event12679_trackID36_opNum8_merged.root → copied (ms_ch=8)
[SKIP] wvfFind_event5578_trackID12_opNum1_merged.root (ms_ch=1)
[PASS] wvfFind_event51955_trackID2_opNum4.root → copied (ms_ch=4)
[SKIP] wvfFind_event12385_trackID26_opNum1_merged.root (ms_ch=1)
[PASS] wvfFind_event5238_trackID18_opNum8.root → copied (ms_ch=8)
[PASS] wvfFind_event44020_trackID2_opNum9.root → copied (ms_ch=9)
[PASS] wvfFind_event70882_trackID3_opNum5_2.root → copied (ms_ch=5)
[PASS] wvfFind_event2650_trackID3_opNum3.root → copied (ms_ch=3)
[PASS] wvfFind_event11991_trackID2_opNum8.root → copied (ms_ch=8)
[PASS] wvfFind_event46336_trackID6_opNum5.root → copied (ms_ch=5)
[PASS] wvfFind_event8165_trackID22_opNum5.root → copied (ms_ch=5)
[PASS] wvfFind_event31815_trackID15_opNum9_merged.root → copied (ms_ch=9)
[PASS] wvfFind_event66268_trackID5_opNum3.root → copied (ms_ch=3)
[SKIP] wvfFind_event7143_trackID18_opNum1_merged.root (ms_ch=1)
[PASS] wvfFind_event66105_trackID30_opNum4.root → copied (ms_ch=4)
[PASS] wvfFind_event161_trackID14_opNum3.root → copied (ms_ch=3)
[PASS] wvfFind_event21530_trackID20_opNum6.root → copied (ms_ch=6)
[PASS] wvfFind_event40843_trackID22_opNum6.root → copied (ms_ch=6)
[PASS] wvfFind_event49605_trackID33_opNum6.root → copied (ms_ch=6)
[SKIP] wvfFind_event28711_trackID12_opNum1_merged.root (ms_ch=1)
[PASS] wvfFind_event29890_trackID11_opNum3.root → copied (ms_ch=3)
[PASS] wvfFind_event17940_trackID4_opNum9_2.root → copied (ms_ch=9)
[PASS] wvfFind_event11586_trackID26_opNum5.root → copied (ms_ch=5)
[PASS] wvfFind_event73167_trackID19_opNum9.root → copied (ms_ch=9)
[SKIP] wvfFind_event54285_trackID8_opNum2.root (ms_ch=2)
[PASS] wvfFind_event17642_trackID1_opNum5_2.root → copied (ms_ch=5)
[PASS] wvfFind_event59583_trackID4_opNum3_4.root → copied (ms_ch=3)
[PASS] wvfFind_event69048_trackID6_opNum9_merged.root → copied (ms_ch=9)
[PASS] wvfFind_event67800_trackID26_opNum9.root → copied (ms_ch=9)
[PASS] wvfFind_event36262_trackID16_opNum9.root → copied (ms_ch=9)
[PASS] wvfFind_event150_trackID2_opNum3_merged.root → copied (ms_ch=3)
[PASS] wvfFind_event67365_trackID5_opNum8.root → copied (ms_ch=8)
[SKIP] wvfFind_event31921_trackID7_opNum1_merged.root (ms_ch=1)
[PASS] wvfFind_event45978_trackID24_opNum6.root → copied (ms_ch=6)
[PASS] wvfFind_event52301_trackID25_opNum5.root → copied (ms_ch=5)
[PASS] wvfFind_event68055_trackID4_opNum9.root → copied (ms_ch=9)
[PASS] wvfFind_event49227_trackID27_opNum9.root → copied (ms_ch=9)
[PASS] wvfFind_event51756_trackID24_opNum3_2.root → copied (ms_ch=3)
[PASS] wvfFind_event31362_trackID9_opNum8.root → copied (ms_ch=8)
[PASS] wvfFind_event43248_trackID3_opNum6_2.root → copied (ms_ch=6)
[PASS] wvfFind_event49955_trackID0_opNum7.root → copied (ms_ch=7)
[SKIP] wvfFind_event23694_trackID24_opNum1_merged.root (ms_ch=1)
[PASS] wvfFind_event4836_trackID3_opNum9.root → copied (ms_ch=9)
[PASS] wvfFind_event68814_trackID10_opNum9.root → copied (ms_ch=9)
[PASS] wvfFind_event22557_trackID19_opNum9.root → copied (ms_ch=9)
[PASS] wvfFind_event34353_trackID3_opNum4.root → copied (ms_ch=4)
[PASS] wvfFind_event45272_trackID11_opNum9.root → copied (ms_ch=9)
[PASS] wvfFind_event68730_trackID8_opNum6_merged.root → copied (ms_ch=6)
[SKIP] wvfFind_event19651_trackID2_opNum2.root (ms_ch=2)
[PASS] wvfFind_event17276_trackID21_opNum8.root → copied (ms_ch=8)
[PASS] wvfFind_event55270_trackID1_opNum4.root → copied (ms_ch=4)
[PASS] wvfFind_event26603_trackID3_opNum5.root → copied (ms_ch=5)
[PASS] wvfFind_event76791_trackID6_opNum5.root → copied (ms_ch=5)
[PASS] wvfFind_event65874_trackID3_opNum9.root → copied (ms_ch=9)
[PASS] wvfFind_event13197_trackID10_opNum9_merged.root → copied (ms_ch=9)
[PASS] wvfFind_event4516_trackID12_opNum9_merged.root → copied (ms_ch=9)
[PASS] wvfFind_event48392_trackID2_opNum3.root → copied (ms_ch=3)
[PASS] wvfFind_event21577_trackID25_opNum5.root → copied (ms_ch=5)
[PASS] wvfFind_event19396_trackID10_opNum5.root → copied (ms_ch=5)
[PASS] wvfFind_event42083_trackID8_opNum3.root → copied (ms_ch=3)
[PASS] wvfFind_event50509_trackID0_opNum5.root → copied (ms_ch=5)
[PASS] wvfFind_event66667_trackID3_opNum8.root → copied (ms_ch=8)
[PASS] wvfFind_event8961_trackID2_opNum3_merged.root → copied (ms_ch=3)
[PASS] wvfFind_event43977_trackID14_opNum9.root → copied (ms_ch=9)
[PASS] wvfFind_event27736_trackID10_opNum3.root → copied (ms_ch=3)
[PASS] wvfFind_event11582_trackID7_opNum9.root → copied (ms_ch=9)
[PASS] wvfFind_event24902_trackID12_opNum6.root → copied (ms_ch=6)
[PASS] wvfFind_event15572_trackID7_opNum3_2.root → copied (ms_ch=3)
[PASS] wvfFind_event70028_trackID2_opNum4.root → copied (ms_ch=4)
[SKIP] wvfFind_event1241_trackID15_opNum2_merged.root (ms_ch=2)
[PASS] wvfFind_event5247_trackID3_opNum9.root → copied (ms_ch=9)
[PASS] wvfFind_event6269_trackID3_opNum5.root → copied (ms_ch=5)
[PASS] wvfFind_event19001_trackID9_opNum9.root → copied (ms_ch=9)
[PASS] wvfFind_event21644_trackID19_opNum9.root → copied (ms_ch=9)
[PASS] wvfFind_event73885_trackID1_opNum6.root → copied (ms_ch=6)
[PASS] wvfFind_event63558_trackID10_opNum9.root → copied (ms_ch=9)
[PASS] wvfFind_event21130_trackID15_opNum8.root → copied (ms_ch=8)
[PASS] wvfFind_event47619_trackID34_opNum6.root → copied (ms_ch=6)
[PASS] wvfFind_event32989_trackID6_opNum8.root → copied (ms_ch=8)
[SKIP] wvfFind_event13175_trackID13_opNum1_merged.root (ms_ch=1)
[PASS] wvfFind_event69259_trackID4_opNum5.root → copied (ms_ch=5)
[PASS] wvfFind_event56051_trackID9_opNum8_2.root → copied (ms_ch=8)
[PASS] wvfFind_event50641_trackID11_opNum8.root → copied (ms_ch=8)
[SKIP] wvfFind_event68630_trackID7_opNum2_merged.root (ms_ch=2)
[PASS] wvfFind_event52174_trackID17_opNum9.root → copied (ms_ch=9)
[PASS] wvfFind_event28377_trackID3_opNum9_2.root → copied (ms_ch=9)
[PASS] wvfFind_event53755_trackID5_opNum8.root → copied (ms_ch=8)
[PASS] wvfFind_event34456_trackID6_opNum9.root → copied (ms_ch=9)
[PASS] wvfFind_event54122_trackID5_opNum3.root → copied (ms_ch=3)
[PASS] wvfFind_event9946_trackID0_opNum4.root → copied (ms_ch=4)
[PASS] wvfFind_event13705_trackID2_opNum9.root → copied (ms_ch=9)
[PASS] wvfFind_event77512_trackID3_opNum8.root → copied (ms_ch=8)
[PASS] wvfFind_event44890_trackID33_opNum7.root → copied (ms_ch=7)
[PASS] wvfFind_event72645_trackID16_opNum9.root → copied (ms_ch=9)
[PASS] wvfFind_event70375_trackID8_opNum9.root → copied (ms_ch=9)
[PASS] wvfFind_event48392_trackID2_opNum3_2.root → copied (ms_ch=3)
[PASS] wvfFind_event32512_trackID0_opNum7.root → copied (ms_ch=7)
[PASS] wvfFind_event9123_trackID11_opNum9_2.root → copied (ms_ch=9)
[SKIP] wvfFind_event72372_trackID13_opNum1_merged.root (ms_ch=1)
[PASS] wvfFind_event4422_trackID16_opNum4_2.root → copied (ms_ch=4)
[PASS] wvfFind_event25507_trackID17_opNum9.root → copied (ms_ch=9)
[PASS] wvfFind_event61558_trackID17_opNum4.root → copied (ms_ch=4)
[PASS] wvfFind_event60619_trackID9_opNum5.root → copied (ms_ch=5)
[PASS] wvfFind_event60404_trackID17_opNum6.root → copied (ms_ch=6)
[PASS] wvfFind_event73137_trackID4_opNum6.root → copied (ms_ch=6)
[PASS] wvfFind_event62915_trackID30_opNum9.root → copied (ms_ch=9)
[PASS] wvfFind_event22124_trackID18_opNum8.root → copied (ms_ch=8)
[PASS] wvfFind_event67522_trackID22_opNum4.root → copied (ms_ch=4)
[SKIP] wvfFind_event30310_trackID28_opNum2.root (ms_ch=2)
[PASS] wvfFind_event38334_trackID10_opNum5.root → copied (ms_ch=5)
[PASS] wvfFind_event32543_trackID12_opNum9.root → copied (ms_ch=9)
[PASS] wvfFind_event54529_trackID26_opNum9.root → copied (ms_ch=9)
[SKIP] wvfFind_event15244_trackID16_opNum2_2.root (ms_ch=2)
[PASS] wvfFind_event32918_trackID11_opNum8_4.root → copied (ms_ch=8)
[PASS] wvfFind_event69596_trackID2_opNum5.root → copied (ms_ch=5)
[SKIP] wvfFind_event3243_trackID1_opNum2.root (ms_ch=2)
[PASS] wvfFind_event37337_trackID2_opNum3_merged.root → copied (ms_ch=3)
[PASS] wvfFind_event24855_trackID10_opNum4.root → copied (ms_ch=4)
[PASS] wvfFind_event22897_trackID1_opNum9.root → copied (ms_ch=9)
[PASS] wvfFind_event12567_trackID14_opNum5.root → copied (ms_ch=5)
[PASS] wvfFind_event33425_trackID10_opNum9.root → copied (ms_ch=9)
[PASS] wvfFind_event32620_trackID16_opNum4.root → copied (ms_ch=4)
[SKIP] wvfFind_event40440_trackID17_opNum1_merged.root (ms_ch=1)
[SKIP] wvfFind_event56886_trackID12_opNum1_merged.root (ms_ch=1)
[PASS] wvfFind_event56036_trackID10_opNum5_merged.root → copied (ms_ch=5)
[PASS] wvfFind_event44223_trackID7_opNum9_2.root → copied (ms_ch=9)
[PASS] wvfFind_event56226_trackID25_opNum9.root → copied (ms_ch=9)
[PASS] wvfFind_event36181_trackID8_opNum9.root → copied (ms_ch=9)
[PASS] wvfFind_event76453_trackID1_opNum8.root → copied (ms_ch=8)
[PASS] wvfFind_event8658_trackID9_opNum9.root → copied (ms_ch=9)
[PASS] wvfFind_event46634_trackID13_opNum9.root → copied (ms_ch=9)
[SKIP] wvfFind_event43308_trackID6_opNum2.root (ms_ch=2)
[PASS] wvfFind_event17916_trackID27_opNum8.root → copied (ms_ch=8)
[PASS] wvfFind_event45813_trackID3_opNum9.root → copied (ms_ch=9)
[PASS] wvfFind_event22879_trackID4_opNum5.root → copied (ms_ch=5)
[PASS] wvfFind_event31284_trackID18_opNum9.root → copied (ms_ch=9)
[PASS] wvfFind_event10532_trackID20_opNum5.root → copied (ms_ch=5)
[PASS] wvfFind_event4599_trackID6_opNum9.root → copied (ms_ch=9)
[PASS] wvfFind_event8587_trackID8_opNum3.root → copied (ms_ch=3)
[PASS] wvfFind_event22840_trackID7_opNum8.root → copied (ms_ch=8)
[PASS] wvfFind_event14086_trackID28_opNum9_merged.root → copied (ms_ch=9)
[PASS] wvfFind_event51538_trackID15_opNum8.root → copied (ms_ch=8)
[PASS] wvfFind_event26705_trackID7_opNum5.root → copied (ms_ch=5)
[PASS] wvfFind_event16018_trackID6_opNum4.root → copied (ms_ch=4)
[PASS] wvfFind_event66608_trackID16_opNum9.root → copied (ms_ch=9)
[PASS] wvfFind_event8317_trackID0_opNum9.root → copied (ms_ch=9)
[PASS] wvfFind_event50090_trackID5_opNum5_merged.root → copied (ms_ch=5)
[PASS] wvfFind_event43486_trackID9_opNum3_2.root → copied (ms_ch=3)
[PASS] wvfFind_event33297_trackID14_opNum8.root → copied (ms_ch=8)
[PASS] wvfFind_event16848_trackID5_opNum7.root → copied (ms_ch=7)
[PASS] wvfFind_event19942_trackID32_opNum5_merged.root → copied (ms_ch=5)
[PASS] wvfFind_event10584_trackID5_opNum8_2.root → copied (ms_ch=8)
[PASS] wvfFind_event43649_trackID3_opNum5.root → copied (ms_ch=5)
[PASS] wvfFind_event20927_trackID10_opNum5_2.root → copied (ms_ch=5)
[PASS] wvfFind_event21905_trackID16_opNum6.root → copied (ms_ch=6)
[SKIP] wvfFind_event12716_trackID19_opNum1_merged.root (ms_ch=1)
[PASS] wvfFind_event74871_trackID4_opNum4.root → copied (ms_ch=4)
[SKIP] wvfFind_event18393_trackID1_opNum2_merged.root (ms_ch=2)
[PASS] wvfFind_event45961_trackID16_opNum5.root → copied (ms_ch=5)
[PASS] wvfFind_event41335_trackID32_opNum6.root → copied (ms_ch=6)
[PASS] wvfFind_event19522_trackID4_opNum5.root → copied (ms_ch=5)
[PASS] wvfFind_event25232_trackID2_opNum5.root → copied (ms_ch=5)
[PASS] wvfFind_event5511_trackID0_opNum5_2.root → copied (ms_ch=5)
[PASS] wvfFind_event37597_trackID11_opNum6_2.root → copied (ms_ch=6)
[PASS] wvfFind_event36133_trackID19_opNum6.root → copied (ms_ch=6)
[PASS] wvfFind_event69316_trackID1_opNum5.root → copied (ms_ch=5)
[SKIP] wvfFind_event45336_trackID22_opNum2.root (ms_ch=2)
[PASS] wvfFind_event38915_trackID4_opNum9.root → copied (ms_ch=9)
[PASS] wvfFind_event56576_trackID0_opNum9.root → copied (ms_ch=9)
[PASS] wvfFind_event20108_trackID13_opNum8.root → copied (ms_ch=8)
[PASS] wvfFind_event24857_trackID10_opNum9.root → copied (ms_ch=9)
[SKIP] wvfFind_event46732_trackID22_opNum1_merged.root (ms_ch=1)
[PASS] wvfFind_event13043_trackID7_opNum5_merged.root → copied (ms_ch=5)
[PASS] wvfFind_event46555_trackID17_opNum9.root → copied (ms_ch=9)
[PASS] wvfFind_event58937_trackID7_opNum4.root → copied (ms_ch=4)
[PASS] wvfFind_event8751_trackID8_opNum4.root → copied (ms_ch=4)
[PASS] wvfFind_event59379_trackID18_opNum6.root → copied (ms_ch=6)
[PASS] wvfFind_event22555_trackID0_opNum3.root → copied (ms_ch=3)
[PASS] wvfFind_event65948_trackID3_opNum9_2.root → copied (ms_ch=9)
[PASS] wvfFind_event38353_trackID11_opNum4.root → copied (ms_ch=4)
[PASS] wvfFind_event11141_trackID3_opNum8_2.root → copied (ms_ch=8)
[PASS] wvfFind_event29780_trackID2_opNum5_2.root → copied (ms_ch=5)
[PASS] wvfFind_event55035_trackID4_opNum8_merged.root → copied (ms_ch=8)
[PASS] wvfFind_event71670_trackID0_opNum3.root → copied (ms_ch=3)
[PASS] wvfFind_event9961_trackID7_opNum3_merged.root → copied (ms_ch=3)
[PASS] wvfFind_event71405_trackID0_opNum8_2.root → copied (ms_ch=8)
[PASS] wvfFind_event41011_trackID4_opNum8.root → copied (ms_ch=8)
[PASS] wvfFind_event51366_trackID10_opNum7.root → copied (ms_ch=7)
[PASS] wvfFind_event65524_trackID28_opNum6.root → copied (ms_ch=6)
[PASS] wvfFind_event46705_trackID26_opNum6.root → copied (ms_ch=6)
[PASS] wvfFind_event30180_trackID17_opNum5.root → copied (ms_ch=5)
[PASS] wvfFind_event51026_trackID0_opNum4_merged.root → copied (ms_ch=4)
[PASS] wvfFind_event8580_trackID6_opNum9.root → copied (ms_ch=9)
[SKIP] wvfFind_event19292_trackID2_opNum1_merged.root (ms_ch=1)
[PASS] wvfFind_event76933_trackID14_opNum5_2.root → copied (ms_ch=5)
[SKIP] wvfFind_event49986_trackID4_opNum2.root (ms_ch=2)
[SKIP] wvfFind_event16619_trackID3_opNum2_2.root (ms_ch=2)
[PASS] wvfFind_event5294_trackID17_opNum4.root → copied (ms_ch=4)
[PASS] wvfFind_event29767_trackID9_opNum4.root → copied (ms_ch=4)
[PASS] wvfFind_event30237_trackID5_opNum5.root → copied (ms_ch=5)
[PASS] wvfFind_event21630_trackID34_opNum8.root → copied (ms_ch=8)
[PASS] wvfFind_event52325_trackID3_opNum3_merged.root → copied (ms_ch=3)
[SKIP] wvfFind_event74134_trackID9_opNum2_2.root (ms_ch=2)
[PASS] wvfFind_event32649_trackID14_opNum9.root → copied (ms_ch=9)
[PASS] wvfFind_event53925_trackID3_opNum8_2.root → copied (ms_ch=8)
[PASS] wvfFind_event35387_trackID6_opNum4.root → copied (ms_ch=4)
[PASS] wvfFind_event40222_trackID9_opNum5.root → copied (ms_ch=5)
[PASS] wvfFind_event68270_trackID16_opNum6_merged.root → copied (ms_ch=6)
[PASS] wvfFind_event60813_trackID25_opNum9.root → copied (ms_ch=9)
[PASS] wvfFind_event36040_trackID9_opNum5_2.root → copied (ms_ch=5)
[PASS] wvfFind_event7259_trackID11_opNum9.root → copied (ms_ch=9)
[PASS] wvfFind_event27346_trackID13_opNum9.root → copied (ms_ch=9)
[PASS] wvfFind_event18805_trackID1_opNum9.root → copied (ms_ch=9)
[PASS] wvfFind_event29122_trackID6_opNum3.root → copied (ms_ch=3)
[PASS] wvfFind_event49443_trackID8_opNum9.root → copied (ms_ch=9)
[PASS] wvfFind_event65484_trackID5_opNum7.root → copied (ms_ch=7)
[PASS] wvfFind_event57184_trackID20_opNum9.root → copied (ms_ch=9)
[PASS] wvfFind_event40319_trackID7_opNum8_2.root → copied (ms_ch=8)
[PASS] wvfFind_event74587_trackID4_opNum4_2.root → copied (ms_ch=4)
[PASS] wvfFind_event30617_trackID11_opNum7.root → copied (ms_ch=7)
[PASS] wvfFind_event3451_trackID8_opNum8.root → copied (ms_ch=8)
[PASS] wvfFind_event26337_trackID18_opNum8.root → copied (ms_ch=8)
[PASS] wvfFind_event74940_trackID5_opNum9.root → copied (ms_ch=9)
[PASS] wvfFind_event54564_trackID28_opNum5.root → copied (ms_ch=5)
[PASS] wvfFind_event38145_trackID31_opNum9.root → copied (ms_ch=9)
[PASS] wvfFind_event72884_trackID10_opNum9.root → copied (ms_ch=9)
[PASS] wvfFind_event62656_trackID1_opNum8.root → copied (ms_ch=8)
[PASS] wvfFind_event17735_trackID24_opNum9.root → copied (ms_ch=9)
[PASS] wvfFind_event4053_trackID11_opNum3.root → copied (ms_ch=3)
[PASS] wvfFind_event49441_trackID3_opNum9_2.root → copied (ms_ch=9)
[PASS] wvfFind_event6718_trackID19_opNum3_2.root → copied (ms_ch=3)
[PASS] wvfFind_event26433_trackID4_opNum5.root → copied (ms_ch=5)
[PASS] wvfFind_event69355_trackID38_opNum9_merged.root → copied (ms_ch=9)
[SKIP] wvfFind_event44232_trackID14_opNum1_merged.root (ms_ch=1)
[PASS] wvfFind_event26760_trackID0_opNum3_2.root → copied (ms_ch=3)
[SKIP] wvfFind_event70755_trackID23_opNum1_merged.root (ms_ch=1)
[PASS] wvfFind_event26463_trackID1_opNum6.root → copied (ms_ch=6)
[PASS] wvfFind_event66678_trackID2_opNum5_merged.root → copied (ms_ch=5)
[PASS] wvfFind_event75390_trackID9_opNum3_2.root → copied (ms_ch=3)
[PASS] wvfFind_event34668_trackID9_opNum6.root → copied (ms_ch=6)
[PASS] wvfFind_event41520_trackID0_opNum9.root → copied (ms_ch=9)
[PASS] wvfFind_event27791_trackID6_opNum9_2.root → copied (ms_ch=9)
[PASS] wvfFind_event24502_trackID3_opNum3_2.root → copied (ms_ch=3)
[PASS] wvfFind_event31940_trackID1_opNum5.root → copied (ms_ch=5)
[PASS] wvfFind_event31630_trackID5_opNum4.root → copied (ms_ch=4)
[PASS] wvfFind_event53828_trackID6_opNum5_merged.root → copied (ms_ch=5)
[SKIP] wvfFind_event46430_trackID5_opNum2_2.root (ms_ch=2)
[PASS] wvfFind_event38834_trackID23_opNum3_2.root → copied (ms_ch=3)
[SKIP] wvfFind_event72982_trackID11_opNum2.root (ms_ch=2)
[PASS] wvfFind_event57162_trackID10_opNum4_merged.root → copied (ms_ch=4)
[PASS] wvfFind_event35569_trackID22_opNum5_2.root → copied (ms_ch=5)
[PASS] wvfFind_event69259_trackID2_opNum9_2.root → copied (ms_ch=9)
[PASS] wvfFind_event64017_trackID6_opNum6_2.root → copied (ms_ch=6)
[PASS] wvfFind_event19287_trackID1_opNum9.root → copied (ms_ch=9)
[PASS] wvfFind_event55634_trackID1_opNum9.root → copied (ms_ch=9)
[PASS] wvfFind_event55554_trackID19_opNum8.root → copied (ms_ch=8)
[PASS] wvfFind_event71440_trackID1_opNum5.root → copied (ms_ch=5)
[PASS] wvfFind_event32499_trackID16_opNum9.root → copied (ms_ch=9)
[SKIP] wvfFind_event31448_trackID18_opNum1_merged.root (ms_ch=1)
[PASS] wvfFind_event65714_trackID3_opNum8.root → copied (ms_ch=8)
[PASS] wvfFind_event9714_trackID3_opNum9.root → copied (ms_ch=9)
[SKIP] wvfFind_event60912_trackID23_opNum2.root (ms_ch=2)
[PASS] wvfFind_event1627_trackID15_opNum5.root → copied (ms_ch=5)
[PASS] wvfFind_event3287_trackID12_opNum5.root → copied (ms_ch=5)
[SKIP] wvfFind_event27788_trackID19_opNum1_merged.root (ms_ch=1)
[PASS] wvfFind_event63757_trackID20_opNum6.root → copied (ms_ch=6)
[PASS] wvfFind_event44238_trackID25_opNum4.root → copied (ms_ch=4)
[PASS] wvfFind_event9451_trackID9_opNum9.root → copied (ms_ch=9)
[PASS] wvfFind_event66482_trackID5_opNum3.root → copied (ms_ch=3)
[PASS] wvfFind_event61805_trackID14_opNum9.root → copied (ms_ch=9)
[PASS] wvfFind_event49033_trackID12_opNum9.root → copied (ms_ch=9)
[PASS] wvfFind_event4018_trackID6_opNum9.root → copied (ms_ch=9)
[SKIP] wvfFind_event61196_trackID5_opNum1_merged.root (ms_ch=1)
[PASS] wvfFind_event48462_trackID8_opNum7.root → copied (ms_ch=7)
[PASS] wvfFind_event1545_trackID16_opNum5_2.root → copied (ms_ch=5)
[PASS] wvfFind_event75363_trackID38_opNum9.root → copied (ms_ch=9)
[PASS] wvfFind_event33124_trackID25_opNum6.root → copied (ms_ch=6)
[SKIP] wvfFind_event51288_trackID5_opNum1_merged.root (ms_ch=1)
[PASS] wvfFind_event39516_trackID10_opNum6.root → copied (ms_ch=6)
[PASS] wvfFind_event58263_trackID25_opNum5_2.root → copied (ms_ch=5)
[PASS] wvfFind_event73557_trackID6_opNum4_3.root → copied (ms_ch=4)
[PASS] wvfFind_event37777_trackID5_opNum4_merged.root → copied (ms_ch=4)
[PASS] wvfFind_event19949_trackID13_opNum9.root → copied (ms_ch=9)
[PASS] wvfFind_event20063_trackID12_opNum6.root → copied (ms_ch=6)
[PASS] wvfFind_event61182_trackID6_opNum8.root → copied (ms_ch=8)
[PASS] wvfFind_event73189_trackID4_opNum6_3.root → copied (ms_ch=6)
[SKIP] wvfFind_event27508_trackID9_opNum1_merged.root (ms_ch=1)
[PASS] wvfFind_event19044_trackID3_opNum4.root → copied (ms_ch=4)
[SKIP] wvfFind_event56165_trackID21_opNum2.root (ms_ch=2)
[PASS] wvfFind_event29713_trackID27_opNum4.root → copied (ms_ch=4)
[PASS] wvfFind_event50839_trackID4_opNum4.root → copied (ms_ch=4)
[PASS] wvfFind_event74587_trackID4_opNum4.root → copied (ms_ch=4)
[SKIP] wvfFind_event66598_trackID9_opNum1_merged.root (ms_ch=1)
[PASS] wvfFind_event76141_trackID9_opNum8_2.root → copied (ms_ch=8)
[PASS] wvfFind_event30908_trackID17_opNum9.root → copied (ms_ch=9)
[PASS] wvfFind_event14155_trackID21_opNum5.root → copied (ms_ch=5)
[PASS] wvfFind_event75480_trackID18_opNum7_merged.root → copied (ms_ch=7)
[PASS] wvfFind_event34348_trackID19_opNum9_2.root → copied (ms_ch=9)
[PASS] wvfFind_event75780_trackID9_opNum6.root → copied (ms_ch=6)
[PASS] wvfFind_event69560_trackID2_opNum9.root → copied (ms_ch=9)
[PASS] wvfFind_event56404_trackID11_opNum7.root → copied (ms_ch=7)
[PASS] wvfFind_event24790_trackID26_opNum5.root → copied (ms_ch=5)
[SKIP] wvfFind_event17159_trackID37_opNum1_merged.root (ms_ch=1)
[PASS] wvfFind_event24076_trackID11_opNum4.root → copied (ms_ch=4)
[PASS] wvfFind_event40939_trackID14_opNum6.root → copied (ms_ch=6)
[PASS] wvfFind_event39673_trackID1_opNum3.root → copied (ms_ch=3)
[PASS] wvfFind_event10380_trackID4_opNum8_2.root → copied (ms_ch=8)
[PASS] wvfFind_event47660_trackID4_opNum5.root → copied (ms_ch=5)
[PASS] wvfFind_event19917_trackID16_opNum9.root → copied (ms_ch=9)
[PASS] wvfFind_event53300_trackID6_opNum8_merged.root → copied (ms_ch=8)
[PASS] wvfFind_event60882_trackID1_opNum3.root → copied (ms_ch=3)
[PASS] wvfFind_event40588_trackID2_opNum6.root → copied (ms_ch=6)
[PASS] wvfFind_event43804_trackID12_opNum3.root → copied (ms_ch=3)
[PASS] wvfFind_event47186_trackID0_opNum5.root → copied (ms_ch=5)
[PASS] wvfFind_event43912_trackID27_opNum9.root → copied (ms_ch=9)
[PASS] wvfFind_event32726_trackID3_opNum5.root → copied (ms_ch=5)
[PASS] wvfFind_event76923_trackID3_opNum3_2.root → copied (ms_ch=3)
[PASS] wvfFind_event77396_trackID17_opNum3_2.root → copied (ms_ch=3)
[PASS] wvfFind_event6429_trackID10_opNum8.root → copied (ms_ch=8)
[PASS] wvfFind_event8614_trackID15_opNum3_merged.root → copied (ms_ch=3)
[PASS] wvfFind_event65908_trackID0_opNum5.root → copied (ms_ch=5)
[SKIP] wvfFind_event23097_trackID17_opNum1_merged.root (ms_ch=1)
[PASS] wvfFind_event9467_trackID3_opNum4_merged.root → copied (ms_ch=4)
[PASS] wvfFind_event53534_trackID5_opNum3.root → copied (ms_ch=3)
[SKIP] wvfFind_event22277_trackID17_opNum1_merged.root (ms_ch=1)
[PASS] wvfFind_event68622_trackID7_opNum3.root → copied (ms_ch=3)
[PASS] wvfFind_event32300_trackID9_opNum5_2.root → copied (ms_ch=5)
[PASS] wvfFind_event66092_trackID2_opNum9.root → copied (ms_ch=9)
[PASS] wvfFind_event13064_trackID4_opNum5_2.root → copied (ms_ch=5)
[PASS] wvfFind_event45557_trackID3_opNum9.root → copied (ms_ch=9)
[PASS] wvfFind_event23029_trackID7_opNum3.root → copied (ms_ch=3)
[PASS] wvfFind_event74968_trackID19_opNum9.root → copied (ms_ch=9)
[PASS] wvfFind_event51129_trackID1_opNum9.root → copied (ms_ch=9)
[PASS] wvfFind_event17474_trackID14_opNum5.root → copied (ms_ch=5)
[PASS] wvfFind_event24553_trackID6_opNum9.root → copied (ms_ch=9)
[PASS] wvfFind_event46707_trackID23_opNum6.root → copied (ms_ch=6)
[PASS] wvfFind_event31353_trackID30_opNum5.root → copied (ms_ch=5)
[PASS] wvfFind_event12630_trackID1_opNum5.root → copied (ms_ch=5)
[PASS] wvfFind_event858_trackID2_opNum9.root → copied (ms_ch=9)
[PASS] wvfFind_event5307_trackID8_opNum6.root → copied (ms_ch=6)
[PASS] wvfFind_event39902_trackID17_opNum3.root → copied (ms_ch=3)
[PASS] wvfFind_event67188_trackID2_opNum3.root → copied (ms_ch=3)
[PASS] wvfFind_event11477_trackID6_opNum4.root → copied (ms_ch=4)
[SKIP] wvfFind_event33116_trackID3_opNum2.root (ms_ch=2)
[PASS] wvfFind_event12670_trackID6_opNum5_merged.root → copied (ms_ch=5)
[PASS] wvfFind_event51700_trackID7_opNum6.root → copied (ms_ch=6)
[PASS] wvfFind_event37276_trackID10_opNum5.root → copied (ms_ch=5)
[PASS] wvfFind_event54543_trackID6_opNum4.root → copied (ms_ch=4)
[PASS] wvfFind_event74529_trackID27_opNum6.root → copied (ms_ch=6)
[PASS] wvfFind_event15275_trackID4_opNum9.root → copied (ms_ch=9)
[PASS] wvfFind_event26715_trackID3_opNum5.root → copied (ms_ch=5)
[PASS] wvfFind_event3771_trackID1_opNum4.root → copied (ms_ch=4)
[PASS] wvfFind_event66957_trackID9_opNum8_merged.root → copied (ms_ch=8)
[PASS] wvfFind_event17940_trackID4_opNum9.root → copied (ms_ch=9)
[SKIP] wvfFind_event61683_trackID21_opNum2.root (ms_ch=2)
[PASS] wvfFind_event20718_trackID6_opNum3_merged.root → copied (ms_ch=3)
[PASS] wvfFind_event59126_trackID7_opNum9.root → copied (ms_ch=9)
[PASS] wvfFind_event68089_trackID4_opNum4.root → copied (ms_ch=4)
[PASS] wvfFind_event2843_trackID12_opNum7.root → copied (ms_ch=7)
[PASS] wvfFind_event73150_trackID6_opNum6.root → copied (ms_ch=6)
[PASS] wvfFind_event30954_trackID22_opNum6.root → copied (ms_ch=6)
[PASS] wvfFind_event68952_trackID5_opNum9_2.root → copied (ms_ch=9)
[PASS] wvfFind_event41808_trackID4_opNum5.root → copied (ms_ch=5)
[PASS] wvfFind_event2518_trackID19_opNum8.root → copied (ms_ch=8)
[PASS] wvfFind_event11552_trackID3_opNum3.root → copied (ms_ch=3)
[PASS] wvfFind_event386_trackID20_opNum5.root → copied (ms_ch=5)
[PASS] wvfFind_event45058_trackID3_opNum3.root → copied (ms_ch=3)
[PASS] wvfFind_event32926_trackID6_opNum9.root → copied (ms_ch=9)
[PASS] wvfFind_event20177_trackID27_opNum5_2.root → copied (ms_ch=5)
[PASS] wvfFind_event21228_trackID9_opNum6_merged.root → copied (ms_ch=6)
[PASS] wvfFind_event55710_trackID8_opNum9.root → copied (ms_ch=9)
[PASS] wvfFind_event41880_trackID24_opNum9.root → copied (ms_ch=9)
[PASS] wvfFind_event75013_trackID14_opNum4_2.root → copied (ms_ch=4)
[PASS] wvfFind_event22900_trackID12_opNum9.root → copied (ms_ch=9)
[SKIP] wvfFind_event27659_trackID5_opNum1_merged.root (ms_ch=1)
[PASS] wvfFind_event64146_trackID14_opNum5.root → copied (ms_ch=5)
[PASS] wvfFind_event66882_trackID5_opNum4.root → copied (ms_ch=4)
[PASS] wvfFind_event47656_trackID2_opNum5.root → copied (ms_ch=5)
[PASS] wvfFind_event75710_trackID14_opNum3.root → copied (ms_ch=3)
[PASS] wvfFind_event31477_trackID23_opNum9.root → copied (ms_ch=9)
[PASS] wvfFind_event76430_trackID2_opNum7.root → copied (ms_ch=7)
[PASS] wvfFind_event11971_trackID2_opNum3.root → copied (ms_ch=3)
[PASS] wvfFind_event18460_trackID31_opNum3.root → copied (ms_ch=3)
[PASS] wvfFind_event26120_trackID7_opNum3.root → copied (ms_ch=3)
[PASS] wvfFind_event19695_trackID5_opNum9_2.root → copied (ms_ch=9)
[PASS] wvfFind_event51335_trackID8_opNum4.root → copied (ms_ch=4)
[SKIP] wvfFind_event17442_trackID18_opNum2.root (ms_ch=2)
[PASS] wvfFind_event13998_trackID1_opNum3_merged.root → copied (ms_ch=3)
[PASS] wvfFind_event67024_trackID2_opNum6.root → copied (ms_ch=6)
[PASS] wvfFind_event65952_trackID8_opNum4_merged.root → copied (ms_ch=4)
[PASS] wvfFind_event4089_trackID30_opNum4.root → copied (ms_ch=4)
[PASS] wvfFind_event77826_trackID1_opNum5.root → copied (ms_ch=5)
[PASS] wvfFind_event54495_trackID15_opNum4.root → copied (ms_ch=4)
[PASS] wvfFind_event28599_trackID26_opNum3.root → copied (ms_ch=3)
[PASS] wvfFind_event35700_trackID2_opNum4.root → copied (ms_ch=4)
[PASS] wvfFind_event55888_trackID7_opNum8.root → copied (ms_ch=8)
[SKIP] wvfFind_event37065_trackID28_opNum2_merged.root (ms_ch=2)
[SKIP] wvfFind_event36513_trackID9_opNum1_merged.root (ms_ch=1)
[PASS] wvfFind_event53846_trackID13_opNum8_merged.root → copied (ms_ch=8)
[PASS] wvfFind_event54436_trackID1_opNum3.root → copied (ms_ch=3)
[PASS] wvfFind_event1007_trackID12_opNum3_merged.root → copied (ms_ch=3)
[PASS] wvfFind_event3343_trackID9_opNum8_2.root → copied (ms_ch=8)
[PASS] wvfFind_event3452_trackID6_opNum8.root → copied (ms_ch=8)
[PASS] wvfFind_event15965_trackID30_opNum6_2.root → copied (ms_ch=6)
[PASS] wvfFind_event35303_trackID5_opNum9.root → copied (ms_ch=9)
[PASS] wvfFind_event56280_trackID23_opNum6_2.root → copied (ms_ch=6)
[PASS] wvfFind_event77862_trackID15_opNum5.root → copied (ms_ch=5)
[PASS] wvfFind_event46037_trackID3_opNum4_merged.root → copied (ms_ch=4)
[SKIP] wvfFind_event16733_trackID3_opNum2.root (ms_ch=2)
[SKIP] wvfFind_event23158_trackID4_opNum1_merged.root (ms_ch=1)
[PASS] wvfFind_event51366_trackID10_opNum7_2.root → copied (ms_ch=7)
[PASS] wvfFind_event46322_trackID17_opNum9.root → copied (ms_ch=9)
[PASS] wvfFind_event23249_trackID8_opNum4.root → copied (ms_ch=4)
[PASS] wvfFind_event2907_trackID0_opNum5.root → copied (ms_ch=5)
[PASS] wvfFind_event27415_trackID30_opNum8.root → copied (ms_ch=8)
[PASS] wvfFind_event6060_trackID6_opNum7_2.root → copied (ms_ch=7)
[PASS] wvfFind_event46740_trackID24_opNum7.root → copied (ms_ch=7)
[PASS] wvfFind_event9942_trackID11_opNum4.root → copied (ms_ch=4)
[PASS] wvfFind_event39061_trackID1_opNum5.root → copied (ms_ch=5)
[SKIP] wvfFind_event27334_trackID7_opNum2.root (ms_ch=2)
[PASS] wvfFind_event53056_trackID31_opNum9.root → copied (ms_ch=9)
[PASS] wvfFind_event53485_trackID9_opNum6.root → copied (ms_ch=6)
[PASS] wvfFind_event282_trackID9_opNum5.root → copied (ms_ch=5)
[PASS] wvfFind_event37898_trackID0_opNum3.root → copied (ms_ch=3)
[PASS] wvfFind_event12722_trackID2_opNum4.root → copied (ms_ch=4)
[PASS] wvfFind_event2608_trackID3_opNum4.root → copied (ms_ch=4)
[PASS] wvfFind_event43351_trackID0_opNum9.root → copied (ms_ch=9)
[PASS] wvfFind_event62765_trackID4_opNum9_2.root → copied (ms_ch=9)
[PASS] wvfFind_event4163_trackID26_opNum5_2.root → copied (ms_ch=5)
[PASS] wvfFind_event41113_trackID15_opNum5.root → copied (ms_ch=5)
[PASS] wvfFind_event74072_trackID10_opNum5_merged.root → copied (ms_ch=5)
[PASS] wvfFind_event77294_trackID6_opNum6.root → copied (ms_ch=6)
[PASS] wvfFind_event34020_trackID3_opNum5.root → copied (ms_ch=5)
[PASS] wvfFind_event58117_trackID17_opNum9.root → copied (ms_ch=9)
[PASS] wvfFind_event5844_trackID21_opNum8.root → copied (ms_ch=8)
[PASS] wvfFind_event29917_trackID30_opNum5.root → copied (ms_ch=5)
[PASS] wvfFind_event60491_trackID25_opNum9.root → copied (ms_ch=9)
[PASS] wvfFind_event73804_trackID15_opNum9_merged.root → copied (ms_ch=9)
[PASS] wvfFind_event45016_trackID5_opNum5.root → copied (ms_ch=5)
[PASS] wvfFind_event13139_trackID16_opNum7_merged.root → copied (ms_ch=7)
[PASS] wvfFind_event13354_trackID3_opNum5.root → copied (ms_ch=5)
[PASS] wvfFind_event42363_trackID18_opNum6.root → copied (ms_ch=6)
[PASS] wvfFind_event62593_trackID6_opNum4_merged.root → copied (ms_ch=4)
[PASS] wvfFind_event28946_trackID2_opNum9.root → copied (ms_ch=9)
[PASS] wvfFind_event9567_trackID9_opNum6_merged.root → copied (ms_ch=6)
[SKIP] wvfFind_event52889_trackID8_opNum1_merged.root (ms_ch=1)
[PASS] wvfFind_event10468_trackID22_opNum5.root → copied (ms_ch=5)
[PASS] wvfFind_event66609_trackID3_opNum5.root → copied (ms_ch=5)
[PASS] wvfFind_event66701_trackID8_opNum9.root → copied (ms_ch=9)
[PASS] wvfFind_event70162_trackID7_opNum8.root → copied (ms_ch=8)
[PASS] wvfFind_event66953_trackID7_opNum5.root → copied (ms_ch=5)
[PASS] wvfFind_event31557_trackID2_opNum4.root → copied (ms_ch=4)
[PASS] wvfFind_event58230_trackID5_opNum8_merged.root → copied (ms_ch=8)
[PASS] wvfFind_event67787_trackID9_opNum6.root → copied (ms_ch=6)
[PASS] wvfFind_event15774_trackID15_opNum9.root → copied (ms_ch=9)
[PASS] wvfFind_event68848_trackID10_opNum9.root → copied (ms_ch=9)
[PASS] wvfFind_event909_trackID7_opNum7.root → copied (ms_ch=7)
[PASS] wvfFind_event6203_trackID1_opNum5_2.root → copied (ms_ch=5)
[PASS] wvfFind_event46923_trackID12_opNum4_merged.root → copied (ms_ch=4)
[SKIP] wvfFind_event5548_trackID23_opNum2.root (ms_ch=2)
[PASS] wvfFind_event53747_trackID7_opNum7.root → copied (ms_ch=7)
[PASS] wvfFind_event31076_trackID9_opNum7.root → copied (ms_ch=7)
[PASS] wvfFind_event7248_trackID7_opNum5_merged.root → copied (ms_ch=5)
[PASS] wvfFind_event54652_trackID1_opNum4.root → copied (ms_ch=4)
[PASS] wvfFind_event60387_trackID4_opNum9.root → copied (ms_ch=9)
[PASS] wvfFind_event63583_trackID14_opNum4.root → copied (ms_ch=4)
[PASS] wvfFind_event26010_trackID8_opNum9_2.root → copied (ms_ch=9)
[PASS] wvfFind_event28733_trackID9_opNum5.root → copied (ms_ch=5)
[PASS] wvfFind_event6570_trackID2_opNum7.root → copied (ms_ch=7)
[PASS] wvfFind_event69512_trackID9_opNum5_merged.root → copied (ms_ch=5)
[PASS] wvfFind_event72343_trackID5_opNum9.root → copied (ms_ch=9)
[PASS] wvfFind_event33075_trackID13_opNum5.root → copied (ms_ch=5)
[PASS] wvfFind_event72027_trackID2_opNum6.root → copied (ms_ch=6)
[PASS] wvfFind_event2835_trackID15_opNum3.root → copied (ms_ch=3)
[SKIP] wvfFind_event3577_trackID9_opNum1_merged.root (ms_ch=1)
[PASS] wvfFind_event33226_trackID4_opNum9.root → copied (ms_ch=9)
[PASS] wvfFind_event2664_trackID4_opNum3.root → copied (ms_ch=3)
[PASS] wvfFind_event56059_trackID20_opNum9.root → copied (ms_ch=9)
[PASS] wvfFind_event21249_trackID12_opNum8.root → copied (ms_ch=8)
[SKIP] wvfFind_event20473_trackID8_opNum1_merged.root (ms_ch=1)
[SKIP] wvfFind_event58584_trackID4_opNum2.root (ms_ch=2)
[PASS] wvfFind_event15579_trackID5_opNum3_merged.root → copied (ms_ch=3)
[SKIP] wvfFind_event10089_trackID2_opNum2_2.root (ms_ch=2)
[PASS] wvfFind_event609_trackID3_opNum9.root → copied (ms_ch=9)
[PASS] wvfFind_event56917_trackID9_opNum3.root → copied (ms_ch=3)
[SKIP] wvfFind_event60652_trackID3_opNum2.root (ms_ch=2)
[SKIP] wvfFind_event64244_trackID7_opNum2_merged.root (ms_ch=2)
[PASS] wvfFind_event3668_trackID20_opNum6.root → copied (ms_ch=6)
[PASS] wvfFind_event19773_trackID20_opNum9.root → copied (ms_ch=9)
[PASS] wvfFind_event23067_trackID0_opNum4_2.root → copied (ms_ch=4)
[SKIP] wvfFind_event18651_trackID10_opNum2.root (ms_ch=2)
[PASS] wvfFind_event50030_trackID5_opNum8.root → copied (ms_ch=8)
[PASS] wvfFind_event30702_trackID21_opNum9.root → copied (ms_ch=9)
[PASS] wvfFind_event18256_trackID11_opNum9.root → copied (ms_ch=9)
[PASS] wvfFind_event74713_trackID20_opNum7_merged.root → copied (ms_ch=7)
[PASS] wvfFind_event51161_trackID6_opNum5.root → copied (ms_ch=5)
[PASS] wvfFind_event66509_trackID18_opNum5.root → copied (ms_ch=5)
[SKIP] wvfFind_event29450_trackID9_opNum1_merged.root (ms_ch=1)
[PASS] wvfFind_event21746_trackID14_opNum5_merged.root → copied (ms_ch=5)
[PASS] wvfFind_event22051_trackID3_opNum4.root → copied (ms_ch=4)
[PASS] wvfFind_event71811_trackID13_opNum4.root → copied (ms_ch=4)
[PASS] wvfFind_event43415_trackID0_opNum5.root → copied (ms_ch=5)
[PASS] wvfFind_event8966_trackID6_opNum6.root → copied (ms_ch=6)
[PASS] wvfFind_event72728_trackID16_opNum5.root → copied (ms_ch=5)
[PASS] wvfFind_event32623_trackID7_opNum6.root → copied (ms_ch=6)
[SKIP] wvfFind_event23434_trackID13_opNum2.root (ms_ch=2)
[PASS] wvfFind_event7338_trackID0_opNum4.root → copied (ms_ch=4)
[PASS] wvfFind_event16268_trackID15_opNum5.root → copied (ms_ch=5)
[PASS] wvfFind_event37298_trackID7_opNum7_merged.root → copied (ms_ch=7)
[PASS] wvfFind_event74258_trackID16_opNum3.root → copied (ms_ch=3)
[PASS] wvfFind_event61006_trackID9_opNum4_2.root → copied (ms_ch=4)
[PASS] wvfFind_event37402_trackID7_opNum3.root → copied (ms_ch=3)
[PASS] wvfFind_event25133_trackID4_opNum4.root → copied (ms_ch=4)
[PASS] wvfFind_event32243_trackID14_opNum9.root → copied (ms_ch=9)
[PASS] wvfFind_event3460_trackID12_opNum8_merged.root → copied (ms_ch=8)
[SKIP] wvfFind_event33184_trackID34_opNum2.root (ms_ch=2)
[PASS] wvfFind_event20385_trackID4_opNum3_merged.root → copied (ms_ch=3)
[SKIP] wvfFind_event7677_trackID2_opNum1_merged.root (ms_ch=1)
[PASS] wvfFind_event53343_trackID6_opNum5.root → copied (ms_ch=5)
[PASS] wvfFind_event53169_trackID0_opNum4.root → copied (ms_ch=4)
[PASS] wvfFind_event50849_trackID14_opNum7_2.root → copied (ms_ch=7)
[PASS] wvfFind_event12536_trackID6_opNum4.root → copied (ms_ch=4)
[PASS] wvfFind_event16605_trackID23_opNum9.root → copied (ms_ch=9)
[PASS] wvfFind_event59912_trackID10_opNum9.root → copied (ms_ch=9)
[PASS] wvfFind_event35569_trackID22_opNum5.root → copied (ms_ch=5)
[PASS] wvfFind_event16472_trackID8_opNum5_2.root → copied (ms_ch=5)
[PASS] wvfFind_event53845_trackID4_opNum9_3.root → copied (ms_ch=9)
[PASS] wvfFind_event48281_trackID8_opNum4.root → copied (ms_ch=4)
[PASS] wvfFind_event6018_trackID3_opNum5_merged.root → copied (ms_ch=5)
[PASS] wvfFind_event73245_trackID5_opNum8.root → copied (ms_ch=8)
[PASS] wvfFind_event31218_trackID8_opNum5.root → copied (ms_ch=5)
[SKIP] wvfFind_event64445_trackID12_opNum2.root (ms_ch=2)
[PASS] wvfFind_event47120_trackID5_opNum6.root → copied (ms_ch=6)
[PASS] wvfFind_event20419_trackID3_opNum4.root → copied (ms_ch=4)
[PASS] wvfFind_event9226_trackID3_opNum3.root → copied (ms_ch=3)
[PASS] wvfFind_event24358_trackID7_opNum5_2.root → copied (ms_ch=5)
[PASS] wvfFind_event23873_trackID5_opNum5.root → copied (ms_ch=5)
[PASS] wvfFind_event70186_trackID23_opNum9_2.root → copied (ms_ch=9)
[PASS] wvfFind_event59244_trackID1_opNum4_merged.root → copied (ms_ch=4)
[PASS] wvfFind_event35111_trackID15_opNum9.root → copied (ms_ch=9)
[PASS] wvfFind_event61488_trackID16_opNum4.root → copied (ms_ch=4)
[PASS] wvfFind_event50060_trackID7_opNum8.root → copied (ms_ch=8)
[SKIP] wvfFind_event20846_trackID7_opNum1_merged.root (ms_ch=1)
[PASS] wvfFind_event39698_trackID17_opNum3_merged.root → copied (ms_ch=3)
[PASS] wvfFind_event65473_trackID4_opNum4.root → copied (ms_ch=4)
[PASS] wvfFind_event63936_trackID13_opNum5.root → copied (ms_ch=5)
[PASS] wvfFind_event54991_trackID11_opNum8.root → copied (ms_ch=8)
[PASS] wvfFind_event61106_trackID5_opNum9.root → copied (ms_ch=9)
[PASS] wvfFind_event45830_trackID13_opNum3.root → copied (ms_ch=3)
[SKIP] wvfFind_event24661_trackID15_opNum1_merged.root (ms_ch=1)
[SKIP] wvfFind_event66569_trackID18_opNum2.root (ms_ch=2)
[PASS] wvfFind_event66907_trackID11_opNum5.root → copied (ms_ch=5)
[PASS] wvfFind_event36325_trackID10_opNum4.root → copied (ms_ch=4)
[PASS] wvfFind_event2518_trackID19_opNum8_2.root → copied (ms_ch=8)
[PASS] wvfFind_event57602_trackID9_opNum8.root → copied (ms_ch=8)
[PASS] wvfFind_event28690_trackID7_opNum8_merged.root → copied (ms_ch=8)
[PASS] wvfFind_event42891_trackID9_opNum5_2.root → copied (ms_ch=5)
[PASS] wvfFind_event50992_trackID1_opNum5.root → copied (ms_ch=5)
[PASS] wvfFind_event51134_trackID1_opNum4.root → copied (ms_ch=4)
[PASS] wvfFind_event57673_trackID1_opNum4.root → copied (ms_ch=4)
[PASS] wvfFind_event17454_trackID6_opNum5.root → copied (ms_ch=5)
[PASS] wvfFind_event47035_trackID10_opNum3_merged.root → copied (ms_ch=3)
[PASS] wvfFind_event39946_trackID20_opNum9.root → copied (ms_ch=9)
[SKIP] wvfFind_event54396_trackID16_opNum1_merged.root (ms_ch=1)
[SKIP] wvfFind_event15938_trackID7_opNum1_merged.root (ms_ch=1)
[PASS] wvfFind_event54046_trackID9_opNum4.root → copied (ms_ch=4)
[PASS] wvfFind_event12810_trackID1_opNum5.root → copied (ms_ch=5)
[PASS] wvfFind_event47380_trackID6_opNum4_merged.root → copied (ms_ch=4)
[PASS] wvfFind_event66303_trackID9_opNum8.root → copied (ms_ch=8)
[PASS] wvfFind_event6959_trackID8_opNum5.root → copied (ms_ch=5)
[PASS] wvfFind_event59144_trackID9_opNum8.root → copied (ms_ch=8)
[PASS] wvfFind_event49309_trackID2_opNum4.root → copied (ms_ch=4)
[PASS] wvfFind_event55628_trackID7_opNum4.root → copied (ms_ch=4)
[PASS] wvfFind_event64532_trackID25_opNum9.root → copied (ms_ch=9)
[PASS] wvfFind_event72114_trackID9_opNum9.root → copied (ms_ch=9)
[PASS] wvfFind_event77883_trackID13_opNum6.root → copied (ms_ch=6)
[PASS] wvfFind_event23723_trackID17_opNum5.root → copied (ms_ch=5)
[PASS] wvfFind_event5011_trackID0_opNum5.root → copied (ms_ch=5)
[PASS] wvfFind_event77656_trackID3_opNum5_2.root → copied (ms_ch=5)
[PASS] wvfFind_event66810_trackID26_opNum9.root → copied (ms_ch=9)
[PASS] wvfFind_event51213_trackID0_opNum4.root → copied (ms_ch=4)
[PASS] wvfFind_event36224_trackID1_opNum9.root → copied (ms_ch=9)
[PASS] wvfFind_event70079_trackID19_opNum9.root → copied (ms_ch=9)
[PASS] wvfFind_event39198_trackID9_opNum7.root → copied (ms_ch=7)
[PASS] wvfFind_event31960_trackID8_opNum8.root → copied (ms_ch=8)
[PASS] wvfFind_event50344_trackID25_opNum8.root → copied (ms_ch=8)
[PASS] wvfFind_event75334_trackID17_opNum9.root → copied (ms_ch=9)
[SKIP] wvfFind_event454_trackID4_opNum2_2.root (ms_ch=2)
[PASS] wvfFind_event28469_trackID2_opNum4.root → copied (ms_ch=4)
[PASS] wvfFind_event22399_trackID17_opNum5.root → copied (ms_ch=5)
[SKIP] wvfFind_event22013_trackID6_opNum1_merged.root (ms_ch=1)
[PASS] wvfFind_event31243_trackID3_opNum3.root → copied (ms_ch=3)
[PASS] wvfFind_event61506_trackID9_opNum9.root → copied (ms_ch=9)
[PASS] wvfFind_event60188_trackID2_opNum5.root → copied (ms_ch=5)
[PASS] wvfFind_event42923_trackID12_opNum6_merged.root → copied (ms_ch=6)
[PASS] wvfFind_event24923_trackID25_opNum5.root → copied (ms_ch=5)
[PASS] wvfFind_event64030_trackID13_opNum8_merged.root → copied (ms_ch=8)
[PASS] wvfFind_event31383_trackID12_opNum4.root → copied (ms_ch=4)
[SKIP] wvfFind_event13317_trackID20_opNum1_merged.root (ms_ch=1)
[PASS] wvfFind_event25475_trackID6_opNum5.root → copied (ms_ch=5)
[PASS] wvfFind_event16018_trackID6_opNum4_2.root → copied (ms_ch=4)
[PASS] wvfFind_event42018_trackID0_opNum8.root → copied (ms_ch=8)
[SKIP] wvfFind_event7154_trackID4_opNum2_merged.root (ms_ch=2)
[PASS] wvfFind_event69831_trackID16_opNum9_2.root → copied (ms_ch=9)
[PASS] wvfFind_event75976_trackID31_opNum8.root → copied (ms_ch=8)
[PASS] wvfFind_event2691_trackID8_opNum9_merged.root → copied (ms_ch=9)
[PASS] wvfFind_event27187_trackID4_opNum5.root → copied (ms_ch=5)
[SKIP] wvfFind_event31231_trackID13_opNum2.root (ms_ch=2)
[PASS] wvfFind_event52493_trackID14_opNum4_2.root → copied (ms_ch=4)
[PASS] wvfFind_event45229_trackID10_opNum5_2.root → copied (ms_ch=5)
[PASS] wvfFind_event45158_trackID21_opNum7.root → copied (ms_ch=7)
[PASS] wvfFind_event54078_trackID9_opNum7.root → copied (ms_ch=7)
[PASS] wvfFind_event75187_trackID5_opNum9.root → copied (ms_ch=9)
[PASS] wvfFind_event48931_trackID9_opNum3.root → copied (ms_ch=3)
[PASS] wvfFind_event51148_trackID22_opNum4.root → copied (ms_ch=4)
[PASS] wvfFind_event35240_trackID8_opNum3.root → copied (ms_ch=3)
[PASS] wvfFind_event39878_trackID8_opNum8.root → copied (ms_ch=8)
[PASS] wvfFind_event6279_trackID14_opNum9.root → copied (ms_ch=9)
[PASS] wvfFind_event71120_trackID2_opNum3.root → copied (ms_ch=3)
[PASS] wvfFind_event8850_trackID4_opNum5.root → copied (ms_ch=5)
[PASS] wvfFind_event23565_trackID3_opNum4.root → copied (ms_ch=4)
[PASS] wvfFind_event6359_trackID29_opNum7_2.root → copied (ms_ch=7)
[PASS] wvfFind_event13428_trackID3_opNum9.root → copied (ms_ch=9)
[PASS] wvfFind_event25064_trackID8_opNum7_merged.root → copied (ms_ch=7)
[SKIP] wvfFind_event68198_trackID1_opNum1_merged.root (ms_ch=1)
[PASS] wvfFind_event46509_trackID19_opNum9_2.root → copied (ms_ch=9)
[PASS] wvfFind_event17577_trackID7_opNum9.root → copied (ms_ch=9)
[PASS] wvfFind_event55617_trackID15_opNum6.root → copied (ms_ch=6)
[PASS] wvfFind_event14219_trackID3_opNum4_2.root → copied (ms_ch=4)
[PASS] wvfFind_event54078_trackID9_opNum7_2.root → copied (ms_ch=7)
[PASS] wvfFind_event30029_trackID4_opNum4.root → copied (ms_ch=4)
[PASS] wvfFind_event38475_trackID7_opNum9.root → copied (ms_ch=9)
[PASS] wvfFind_event15034_trackID4_opNum3.root → copied (ms_ch=3)
[PASS] wvfFind_event66906_trackID5_opNum5.root → copied (ms_ch=5)
[PASS] wvfFind_event10578_trackID4_opNum9_2.root → copied (ms_ch=9)
[SKIP] wvfFind_event66441_trackID24_opNum2_merged.root (ms_ch=2)
[PASS] wvfFind_event72340_trackID8_opNum3_2.root → copied (ms_ch=3)
[PASS] wvfFind_event9415_trackID0_opNum5.root → copied (ms_ch=5)
[SKIP] wvfFind_event5564_trackID15_opNum1_merged.root (ms_ch=1)
[PASS] wvfFind_event64407_trackID1_opNum5.root → copied (ms_ch=5)
[PASS] wvfFind_event12444_trackID11_opNum3_merged.root → copied (ms_ch=3)
[PASS] wvfFind_event77656_trackID3_opNum5.root → copied (ms_ch=5)
[PASS] wvfFind_event38566_trackID0_opNum6.root → copied (ms_ch=6)
[PASS] wvfFind_event17249_trackID2_opNum3_2.root → copied (ms_ch=3)
[PASS] wvfFind_event10166_trackID12_opNum4.root → copied (ms_ch=4)
[PASS] wvfFind_event33209_trackID32_opNum7.root → copied (ms_ch=7)
[PASS] wvfFind_event52174_trackID8_opNum8_merged.root → copied (ms_ch=8)
[PASS] wvfFind_event25989_trackID1_opNum3_2.root → copied (ms_ch=3)
[PASS] wvfFind_event50941_trackID1_opNum8.root → copied (ms_ch=8)
[PASS] wvfFind_event17105_trackID8_opNum8.root → copied (ms_ch=8)
[PASS] wvfFind_event25302_trackID26_opNum3.root → copied (ms_ch=3)
[PASS] wvfFind_event74509_trackID11_opNum3_merged.root → copied (ms_ch=3)
[SKIP] wvfFind_event72371_trackID8_opNum1_merged.root (ms_ch=1)
[SKIP] wvfFind_event21872_trackID2_opNum2.root (ms_ch=2)
[PASS] wvfFind_event21675_trackID9_opNum4.root → copied (ms_ch=4)
[PASS] wvfFind_event66736_trackID1_opNum9.root → copied (ms_ch=9)
[PASS] wvfFind_event68817_trackID18_opNum9.root → copied (ms_ch=9)
[PASS] wvfFind_event71436_trackID1_opNum9.root → copied (ms_ch=9)
[SKIP] wvfFind_event66774_trackID19_opNum1_merged.root (ms_ch=1)
[PASS] wvfFind_event77283_trackID10_opNum9.root → copied (ms_ch=9)
[PASS] wvfFind_event29270_trackID8_opNum5_2.root → copied (ms_ch=5)
[PASS] wvfFind_event38383_trackID5_opNum7.root → copied (ms_ch=7)
[PASS] wvfFind_event54865_trackID15_opNum7_merged.root → copied (ms_ch=7)
[PASS] wvfFind_event31292_trackID25_opNum3.root → copied (ms_ch=3)
[PASS] wvfFind_event27243_trackID17_opNum7_merged.root → copied (ms_ch=7)
[PASS] wvfFind_event27987_trackID15_opNum8.root → copied (ms_ch=8)
[PASS] wvfFind_event72986_trackID12_opNum3.root → copied (ms_ch=3)
[PASS] wvfFind_event40722_trackID6_opNum9.root → copied (ms_ch=9)
[PASS] wvfFind_event68530_trackID20_opNum9.root → copied (ms_ch=9)
[PASS] wvfFind_event17308_trackID14_opNum5.root → copied (ms_ch=5)
[PASS] wvfFind_event39809_trackID21_opNum7.root → copied (ms_ch=7)
[PASS] wvfFind_event1412_trackID7_opNum5.root → copied (ms_ch=5)
[PASS] wvfFind_event63156_trackID20_opNum3_merged.root → copied (ms_ch=3)
[PASS] wvfFind_event29472_trackID7_opNum5_2.root → copied (ms_ch=5)
[PASS] wvfFind_event223_trackID26_opNum4.root → copied (ms_ch=4)
[PASS] wvfFind_event24304_trackID35_opNum9.root → copied (ms_ch=9)
[PASS] wvfFind_event74086_trackID11_opNum9.root → copied (ms_ch=9)
[SKIP] wvfFind_event192_trackID16_opNum2.root (ms_ch=2)
[PASS] wvfFind_event35522_trackID13_opNum4_merged.root → copied (ms_ch=4)
[PASS] wvfFind_event43701_trackID24_opNum9.root → copied (ms_ch=9)
[PASS] wvfFind_event52634_trackID9_opNum6.root → copied (ms_ch=6)
[SKIP] wvfFind_event9886_trackID3_opNum2.root (ms_ch=2)
[SKIP] wvfFind_event28643_trackID5_opNum1_merged.root (ms_ch=1)
[PASS] wvfFind_event44195_trackID9_opNum5.root → copied (ms_ch=5)
[PASS] wvfFind_event46824_trackID9_opNum5.root → copied (ms_ch=5)
[PASS] wvfFind_event30681_trackID1_opNum4_3.root → copied (ms_ch=4)
[PASS] wvfFind_event19289_trackID7_opNum5.root → copied (ms_ch=5)
[PASS] wvfFind_event36394_trackID25_opNum8.root → copied (ms_ch=8)
[PASS] wvfFind_event26473_trackID0_opNum7.root → copied (ms_ch=7)
[PASS] wvfFind_event2170_trackID15_opNum3.root → copied (ms_ch=3)
[PASS] wvfFind_event20779_trackID5_opNum4.root → copied (ms_ch=4)
[PASS] wvfFind_event65094_trackID6_opNum9.root → copied (ms_ch=9)
[PASS] wvfFind_event45045_trackID6_opNum5_merged.root → copied (ms_ch=5)
[PASS] wvfFind_event45632_trackID5_opNum9.root → copied (ms_ch=9)
[PASS] wvfFind_event59541_trackID13_opNum6.root → copied (ms_ch=6)
[PASS] wvfFind_event56071_trackID18_opNum8.root → copied (ms_ch=8)
[SKIP] wvfFind_event34315_trackID9_opNum1_merged.root (ms_ch=1)
[PASS] wvfFind_event62108_trackID12_opNum7_merged.root → copied (ms_ch=7)
[PASS] wvfFind_event50139_trackID3_opNum6.root → copied (ms_ch=6)
[PASS] wvfFind_event26617_trackID4_opNum8.root → copied (ms_ch=8)
[PASS] wvfFind_event35256_trackID11_opNum4_merged.root → copied (ms_ch=4)
[PASS] wvfFind_event34065_trackID9_opNum4.root → copied (ms_ch=4)
[PASS] wvfFind_event20863_trackID4_opNum6_merged.root → copied (ms_ch=6)
[PASS] wvfFind_event6076_trackID11_opNum9.root → copied (ms_ch=9)
[PASS] wvfFind_event19273_trackID4_opNum4_merged.root → copied (ms_ch=4)
[PASS] wvfFind_event63103_trackID7_opNum3_3.root → copied (ms_ch=3)
[PASS] wvfFind_event18273_trackID8_opNum8_2.root → copied (ms_ch=8)
[PASS] wvfFind_event7549_trackID9_opNum5.root → copied (ms_ch=5)
[PASS] wvfFind_event27195_trackID32_opNum6_merged.root → copied (ms_ch=6)
[PASS] wvfFind_event38584_trackID7_opNum4.root → copied (ms_ch=4)
[PASS] wvfFind_event74935_trackID4_opNum5_2.root → copied (ms_ch=5)
[PASS] wvfFind_event5190_trackID2_opNum5.root → copied (ms_ch=5)
[PASS] wvfFind_event74071_trackID30_opNum5.root → copied (ms_ch=5)
[PASS] wvfFind_event49955_trackID0_opNum7_2.root → copied (ms_ch=7)
[PASS] wvfFind_event23970_trackID6_opNum5.root → copied (ms_ch=5)
[SKIP] wvfFind_event17220_trackID0_opNum2.root (ms_ch=2)
[PASS] wvfFind_event38364_trackID3_opNum5_2.root → copied (ms_ch=5)
[PASS] wvfFind_event38970_trackID0_opNum5.root → copied (ms_ch=5)
[PASS] wvfFind_event22065_trackID6_opNum9.root → copied (ms_ch=9)
[SKIP] wvfFind_event69465_trackID10_opNum2.root (ms_ch=2)
[PASS] wvfFind_event73919_trackID8_opNum9.root → copied (ms_ch=9)
[PASS] wvfFind_event36365_trackID19_opNum6.root → copied (ms_ch=6)
[PASS] wvfFind_event21605_trackID21_opNum8.root → copied (ms_ch=8)
[SKIP] wvfFind_event74062_trackID3_opNum2_2.root (ms_ch=2)
[PASS] wvfFind_event66435_trackID20_opNum3.root → copied (ms_ch=3)
[PASS] wvfFind_event66274_trackID7_opNum5.root → copied (ms_ch=5)
[PASS] wvfFind_event12123_trackID13_opNum3_merged.root → copied (ms_ch=3)
[PASS] wvfFind_event52654_trackID8_opNum7.root → copied (ms_ch=7)
[PASS] wvfFind_event18996_trackID9_opNum3.root → copied (ms_ch=3)
[SKIP] wvfFind_event59643_trackID6_opNum2_3.root (ms_ch=2)
[SKIP] wvfFind_event73997_trackID10_opNum1_merged.root (ms_ch=1)
[PASS] wvfFind_event68272_trackID6_opNum9_merged.root → copied (ms_ch=9)
[SKIP] wvfFind_event54508_trackID20_opNum2.root (ms_ch=2)
[PASS] wvfFind_event69961_trackID6_opNum3.root → copied (ms_ch=3)
[PASS] wvfFind_event7444_trackID9_opNum7.root → copied (ms_ch=7)
[PASS] wvfFind_event41284_trackID4_opNum5.root → copied (ms_ch=5)
[PASS] wvfFind_event66295_trackID14_opNum6.root → copied (ms_ch=6)
[PASS] wvfFind_event48900_trackID0_opNum5_2.root → copied (ms_ch=5)
[SKIP] wvfFind_event61206_trackID4_opNum2_merged.root (ms_ch=2)
[PASS] wvfFind_event225_trackID20_opNum6.root → copied (ms_ch=6)
[PASS] wvfFind_event40020_trackID6_opNum3.root → copied (ms_ch=3)
[SKIP] wvfFind_event14875_trackID16_opNum2.root (ms_ch=2)
[SKIP] wvfFind_event44885_trackID4_opNum1_merged.root (ms_ch=1)
[PASS] wvfFind_event43743_trackID17_opNum3.root → copied (ms_ch=3)
[PASS] wvfFind_event4487_trackID9_opNum5.root → copied (ms_ch=5)
[PASS] wvfFind_event44622_trackID4_opNum7_merged.root → copied (ms_ch=7)
[PASS] wvfFind_event59333_trackID2_opNum5.root → copied (ms_ch=5)
[PASS] wvfFind_event43202_trackID15_opNum7_merged.root → copied (ms_ch=7)
[PASS] wvfFind_event48203_trackID14_opNum4.root → copied (ms_ch=4)
[PASS] wvfFind_event3710_trackID6_opNum9.root → copied (ms_ch=9)
[PASS] wvfFind_event14518_trackID22_opNum3.root → copied (ms_ch=3)
[PASS] wvfFind_event27528_trackID6_opNum4.root → copied (ms_ch=4)
[SKIP] wvfFind_event37447_trackID23_opNum1_merged.root (ms_ch=1)
[PASS] wvfFind_event72151_trackID12_opNum5.root → copied (ms_ch=5)
[PASS] wvfFind_event68865_trackID1_opNum4.root → copied (ms_ch=4)
[SKIP] wvfFind_event75674_trackID12_opNum2.root (ms_ch=2)
[PASS] wvfFind_event28399_trackID25_opNum4.root → copied (ms_ch=4)
[PASS] wvfFind_event13387_trackID18_opNum3_merged.root → copied (ms_ch=3)
[PASS] wvfFind_event61091_trackID9_opNum4_2.root → copied (ms_ch=4)
[PASS] wvfFind_event63474_trackID5_opNum4.root → copied (ms_ch=4)
[PASS] wvfFind_event5935_trackID28_opNum6.root → copied (ms_ch=6)
[PASS] wvfFind_event42159_trackID1_opNum9.root → copied (ms_ch=9)
[PASS] wvfFind_event62543_trackID2_opNum3_2.root → copied (ms_ch=3)
[PASS] wvfFind_event14603_trackID1_opNum3.root → copied (ms_ch=3)
[PASS] wvfFind_event1669_trackID1_opNum3.root → copied (ms_ch=3)
[PASS] wvfFind_event67845_trackID5_opNum9_2.root → copied (ms_ch=9)
[PASS] wvfFind_event12336_trackID7_opNum9.root → copied (ms_ch=9)
[PASS] wvfFind_event29746_trackID24_opNum8.root → copied (ms_ch=8)
[PASS] wvfFind_event5412_trackID10_opNum6.root → copied (ms_ch=6)
[PASS] wvfFind_event62674_trackID12_opNum8.root → copied (ms_ch=8)
[PASS] wvfFind_event66405_trackID18_opNum5.root → copied (ms_ch=5)
[PASS] wvfFind_event67344_trackID19_opNum4.root → copied (ms_ch=4)
[PASS] wvfFind_event64637_trackID3_opNum7.root → copied (ms_ch=7)
[PASS] wvfFind_event42279_trackID24_opNum9.root → copied (ms_ch=9)
[PASS] wvfFind_event77683_trackID9_opNum8_merged.root → copied (ms_ch=8)
[PASS] wvfFind_event304_trackID10_opNum7_merged.root → copied (ms_ch=7)
[PASS] wvfFind_event21634_trackID2_opNum9.root → copied (ms_ch=9)
[PASS] wvfFind_event30991_trackID23_opNum9.root → copied (ms_ch=9)
[PASS] wvfFind_event60088_trackID3_opNum4.root → copied (ms_ch=4)
[PASS] wvfFind_event47386_trackID1_opNum5.root → copied (ms_ch=5)
[PASS] wvfFind_event38716_trackID1_opNum9.root → copied (ms_ch=9)
[PASS] wvfFind_event31415_trackID4_opNum5.root → copied (ms_ch=5)
[PASS] wvfFind_event24094_trackID23_opNum7.root → copied (ms_ch=7)
[PASS] wvfFind_event74887_trackID11_opNum8.root → copied (ms_ch=8)
[PASS] wvfFind_event16033_trackID29_opNum8.root → copied (ms_ch=8)
[PASS] wvfFind_event65906_trackID1_opNum5.root → copied (ms_ch=5)
[PASS] wvfFind_event15688_trackID4_opNum5_merged.root → copied (ms_ch=5)
[PASS] wvfFind_event57409_trackID7_opNum4.root → copied (ms_ch=4)
[PASS] wvfFind_event36031_trackID9_opNum8_merged.root → copied (ms_ch=8)
[PASS] wvfFind_event54907_trackID22_opNum8.root → copied (ms_ch=8)
[PASS] wvfFind_event1000_trackID21_opNum6.root → copied (ms_ch=6)
[SKIP] wvfFind_event24946_trackID12_opNum2.root (ms_ch=2)
[PASS] wvfFind_event42284_trackID20_opNum9.root → copied (ms_ch=9)
[PASS] wvfFind_event28656_trackID4_opNum5_2.root → copied (ms_ch=5)
[PASS] wvfFind_event41217_trackID20_opNum8.root → copied (ms_ch=8)
[PASS] wvfFind_event76815_trackID24_opNum9.root → copied (ms_ch=9)
[PASS] wvfFind_event56531_trackID5_opNum4.root → copied (ms_ch=4)
[PASS] wvfFind_event54629_trackID31_opNum3.root → copied (ms_ch=3)
[PASS] wvfFind_event23926_trackID24_opNum4.root → copied (ms_ch=4)
[PASS] wvfFind_event73885_trackID1_opNum6_3.root → copied (ms_ch=6)
[PASS] wvfFind_event56716_trackID8_opNum3_merged.root → copied (ms_ch=3)
[PASS] wvfFind_event33062_trackID3_opNum3.root → copied (ms_ch=3)
[SKIP] wvfFind_event22764_trackID7_opNum1_merged.root (ms_ch=1)
[PASS] wvfFind_event35674_trackID10_opNum8.root → copied (ms_ch=8)
[PASS] wvfFind_event59576_trackID7_opNum5.root → copied (ms_ch=5)
[PASS] wvfFind_event10148_trackID14_opNum3_merged.root → copied (ms_ch=3)
[SKIP] wvfFind_event17321_trackID14_opNum1_merged.root (ms_ch=1)
[PASS] wvfFind_event11327_trackID18_opNum6_merged.root → copied (ms_ch=6)
[PASS] wvfFind_event55891_trackID3_opNum8.root → copied (ms_ch=8)
[PASS] wvfFind_event29270_trackID8_opNum5.root → copied (ms_ch=5)
[PASS] wvfFind_event14056_trackID18_opNum8.root → copied (ms_ch=8)
[SKIP] wvfFind_event16008_trackID17_opNum1_merged.root (ms_ch=1)
[PASS] wvfFind_event57329_trackID3_opNum4_merged.root → copied (ms_ch=4)
[PASS] wvfFind_event70824_trackID1_opNum5.root → copied (ms_ch=5)
[PASS] wvfFind_event17109_trackID12_opNum4_merged.root → copied (ms_ch=4)
[PASS] wvfFind_event16876_trackID40_opNum5_2.root → copied (ms_ch=5)
[PASS] wvfFind_event54743_trackID7_opNum4.root → copied (ms_ch=4)
[PASS] wvfFind_event25354_trackID4_opNum5_merged.root → copied (ms_ch=5)
[PASS] wvfFind_event69854_trackID1_opNum5_2.root → copied (ms_ch=5)
[SKIP] wvfFind_event74682_trackID3_opNum1_merged.root (ms_ch=1)
[PASS] wvfFind_event35904_trackID12_opNum6.root → copied (ms_ch=6)
[PASS] wvfFind_event65007_trackID1_opNum9_3.root → copied (ms_ch=9)
[PASS] wvfFind_event19171_trackID4_opNum6.root → copied (ms_ch=6)
[PASS] wvfFind_event46628_trackID3_opNum3.root → copied (ms_ch=3)
[PASS] wvfFind_event14019_trackID0_opNum5.root → copied (ms_ch=5)
[PASS] wvfFind_event51644_trackID1_opNum4.root → copied (ms_ch=4)
[PASS] wvfFind_event74725_trackID4_opNum9.root → copied (ms_ch=9)
[PASS] wvfFind_event56158_trackID9_opNum5_merged.root → copied (ms_ch=5)
[PASS] wvfFind_event23052_trackID2_opNum4.root → copied (ms_ch=4)
[PASS] wvfFind_event27804_trackID1_opNum9.root → copied (ms_ch=9)
[PASS] wvfFind_event63894_trackID10_opNum9.root → copied (ms_ch=9)
[PASS] wvfFind_event58435_trackID39_opNum9.root → copied (ms_ch=9)
[PASS] wvfFind_event22256_trackID33_opNum8_merged.root → copied (ms_ch=8)
[PASS] wvfFind_event41470_trackID2_opNum9_2.root → copied (ms_ch=9)
[PASS] wvfFind_event11312_trackID17_opNum9.root → copied (ms_ch=9)
[PASS] wvfFind_event62055_trackID12_opNum9.root → copied (ms_ch=9)
[PASS] wvfFind_event41030_trackID13_opNum6.root → copied (ms_ch=6)
[PASS] wvfFind_event75338_trackID16_opNum9.root → copied (ms_ch=9)
[PASS] wvfFind_event18827_trackID5_opNum6.root → copied (ms_ch=6)
[PASS] wvfFind_event31545_trackID16_opNum8_2.root → copied (ms_ch=8)
[PASS] wvfFind_event25214_trackID12_opNum3.root → copied (ms_ch=3)
[PASS] wvfFind_event12933_trackID2_opNum8.root → copied (ms_ch=8)
[PASS] wvfFind_event62334_trackID13_opNum5_2.root → copied (ms_ch=5)
[PASS] wvfFind_event41386_trackID6_opNum9.root → copied (ms_ch=9)
[PASS] wvfFind_event73934_trackID5_opNum9.root → copied (ms_ch=9)
[PASS] wvfFind_event28892_trackID4_opNum4_2.root → copied (ms_ch=4)
[PASS] wvfFind_event45071_trackID12_opNum6.root → copied (ms_ch=6)
[PASS] wvfFind_event33639_trackID4_opNum4_merged.root → copied (ms_ch=4)
[PASS] wvfFind_event39741_trackID1_opNum4_merged.root → copied (ms_ch=4)
[SKIP] wvfFind_event1425_trackID3_opNum2.root (ms_ch=2)
[PASS] wvfFind_event4273_trackID26_opNum5.root → copied (ms_ch=5)
[PASS] wvfFind_event44473_trackID4_opNum4_2.root → copied (ms_ch=4)
[PASS] wvfFind_event33307_trackID3_opNum9.root → copied (ms_ch=9)
[SKIP] wvfFind_event10089_trackID2_opNum2.root (ms_ch=2)
[PASS] wvfFind_event52156_trackID24_opNum8.root → copied (ms_ch=8)
[PASS] wvfFind_event52194_trackID19_opNum4.root → copied (ms_ch=4)
[SKIP] wvfFind_event20727_trackID17_opNum1_merged.root (ms_ch=1)
[SKIP] wvfFind_event55504_trackID4_opNum1_merged.root (ms_ch=1)
[PASS] wvfFind_event7012_trackID10_opNum5.root → copied (ms_ch=5)
[PASS] wvfFind_event68149_trackID4_opNum6.root → copied (ms_ch=6)
[PASS] wvfFind_event48251_trackID1_opNum5.root → copied (ms_ch=5)
[PASS] wvfFind_event57240_trackID5_opNum8.root → copied (ms_ch=8)
[SKIP] wvfFind_event8706_trackID23_opNum2.root (ms_ch=2)
[PASS] wvfFind_event25791_trackID4_opNum4.root → copied (ms_ch=4)
[PASS] wvfFind_event31770_trackID20_opNum5.root → copied (ms_ch=5)
[PASS] wvfFind_event18090_trackID33_opNum9.root → copied (ms_ch=9)
[PASS] wvfFind_event26247_trackID8_opNum9.root → copied (ms_ch=9)
[PASS] wvfFind_event60339_trackID10_opNum3.root → copied (ms_ch=3)
[SKIP] wvfFind_event1644_trackID13_opNum2.root (ms_ch=2)
[PASS] wvfFind_event57020_trackID20_opNum9.root → copied (ms_ch=9)
[PASS] wvfFind_event61002_trackID13_opNum3_merged.root → copied (ms_ch=3)
[PASS] wvfFind_event65094_trackID7_opNum3.root → copied (ms_ch=3)
[PASS] wvfFind_event58436_trackID5_opNum3.root → copied (ms_ch=3)
[PASS] wvfFind_event22917_trackID0_opNum8.root → copied (ms_ch=8)
[PASS] wvfFind_event43955_trackID27_opNum8.root → copied (ms_ch=8)
[PASS] wvfFind_event68998_trackID11_opNum6.root → copied (ms_ch=6)
[PASS] wvfFind_event40737_trackID0_opNum4.root → copied (ms_ch=4)
[SKIP] wvfFind_event73495_trackID5_opNum2.root (ms_ch=2)
[PASS] wvfFind_event15109_trackID7_opNum8_2.root → copied (ms_ch=8)
[PASS] wvfFind_event29024_trackID17_opNum5_merged.root → copied (ms_ch=5)
[PASS] wvfFind_event64620_trackID1_opNum4.root → copied (ms_ch=4)
[PASS] wvfFind_event32749_trackID11_opNum7_2.root → copied (ms_ch=7)
[SKIP] wvfFind_event60669_trackID17_opNum2.root (ms_ch=2)
[PASS] wvfFind_event19352_trackID23_opNum3_merged.root → copied (ms_ch=3)
[PASS] wvfFind_event35318_trackID7_opNum6.root → copied (ms_ch=6)
[PASS] wvfFind_event24628_trackID5_opNum5.root → copied (ms_ch=5)
[PASS] wvfFind_event27394_trackID11_opNum5.root → copied (ms_ch=5)
[PASS] wvfFind_event51511_trackID20_opNum6.root → copied (ms_ch=6)
[PASS] wvfFind_event20694_trackID11_opNum8.root → copied (ms_ch=8)
[PASS] wvfFind_event35521_trackID0_opNum4.root → copied (ms_ch=4)
[PASS] wvfFind_event48346_trackID11_opNum3.root → copied (ms_ch=3)
[PASS] wvfFind_event60201_trackID20_opNum5.root → copied (ms_ch=5)
[PASS] wvfFind_event47336_trackID13_opNum8.root → copied (ms_ch=8)
[PASS] wvfFind_event63055_trackID11_opNum5.root → copied (ms_ch=5)
[PASS] wvfFind_event49291_trackID3_opNum4.root → copied (ms_ch=4)
[PASS] wvfFind_event4805_trackID16_opNum4.root → copied (ms_ch=4)
[PASS] wvfFind_event20394_trackID5_opNum4.root → copied (ms_ch=4)
[PASS] wvfFind_event70516_trackID1_opNum5.root → copied (ms_ch=5)
[PASS] wvfFind_event18686_trackID4_opNum5.root → copied (ms_ch=5)
[PASS] wvfFind_event13356_trackID11_opNum6.root → copied (ms_ch=6)
[PASS] wvfFind_event68720_trackID8_opNum8.root → copied (ms_ch=8)
[PASS] wvfFind_event67802_trackID3_opNum8.root → copied (ms_ch=8)
[PASS] wvfFind_event29774_trackID1_opNum9.root → copied (ms_ch=9)
[PASS] wvfFind_event16763_trackID5_opNum9.root → copied (ms_ch=9)
[PASS] wvfFind_event12995_trackID5_opNum9.root → copied (ms_ch=9)
[SKIP] wvfFind_event11088_trackID10_opNum1_merged.root (ms_ch=1)
[PASS] wvfFind_event4404_trackID14_opNum9.root → copied (ms_ch=9)
[PASS] wvfFind_event71849_trackID8_opNum7_merged.root → copied (ms_ch=7)
[PASS] wvfFind_event494_trackID2_opNum8.root → copied (ms_ch=8)
[PASS] wvfFind_event45800_trackID16_opNum3_merged.root → copied (ms_ch=3)
[PASS] wvfFind_event59054_trackID28_opNum4.root → copied (ms_ch=4)
[PASS] wvfFind_event61666_trackID4_opNum4.root → copied (ms_ch=4)
[PASS] wvfFind_event34961_trackID13_opNum6_merged.root → copied (ms_ch=6)
[PASS] wvfFind_event60256_trackID2_opNum3.root → copied (ms_ch=3)
[PASS] wvfFind_event65945_trackID12_opNum8_2.root → copied (ms_ch=8)
[SKIP] wvfFind_event37266_trackID2_opNum2_merged.root (ms_ch=2)
[PASS] wvfFind_event63118_trackID20_opNum4.root → copied (ms_ch=4)
[PASS] wvfFind_event62146_trackID5_opNum7_2.root → copied (ms_ch=7)
[PASS] wvfFind_event28469_trackID12_opNum5.root → copied (ms_ch=5)
[PASS] wvfFind_event50617_trackID16_opNum9.root → copied (ms_ch=9)
[PASS] wvfFind_event4665_trackID4_opNum9.root → copied (ms_ch=9)
[PASS] wvfFind_event7804_trackID9_opNum6.root → copied (ms_ch=6)
[PASS] wvfFind_event37326_trackID10_opNum9.root → copied (ms_ch=9)
[PASS] wvfFind_event25061_trackID8_opNum6.root → copied (ms_ch=6)
[PASS] wvfFind_event28881_trackID14_opNum5.root → copied (ms_ch=5)
[PASS] wvfFind_event31905_trackID26_opNum8.root → copied (ms_ch=8)
[PASS] wvfFind_event32254_trackID22_opNum4_2.root → copied (ms_ch=4)
[PASS] wvfFind_event28112_trackID0_opNum6.root → copied (ms_ch=6)
[SKIP] wvfFind_event57856_trackID18_opNum1_merged.root (ms_ch=1)
[PASS] wvfFind_event57798_trackID11_opNum3.root → copied (ms_ch=3)
[SKIP] wvfFind_event13682_trackID10_opNum1_merged.root (ms_ch=1)
[PASS] wvfFind_event23207_trackID3_opNum5.root → copied (ms_ch=5)
[PASS] wvfFind_event44136_trackID13_opNum3.root → copied (ms_ch=3)
[PASS] wvfFind_event68814_trackID10_opNum9_2.root → copied (ms_ch=9)
[PASS] wvfFind_event10667_trackID10_opNum7.root → copied (ms_ch=7)
[PASS] wvfFind_event4112_trackID2_opNum5.root → copied (ms_ch=5)
[PASS] wvfFind_event27648_trackID13_opNum5.root → copied (ms_ch=5)
[PASS] wvfFind_event77859_trackID1_opNum5.root → copied (ms_ch=5)
[PASS] wvfFind_event8083_trackID9_opNum5.root → copied (ms_ch=5)
[PASS] wvfFind_event62146_trackID5_opNum7.root → copied (ms_ch=7)
[PASS] wvfFind_event57371_trackID4_opNum5.root → copied (ms_ch=5)
[PASS] wvfFind_event66649_trackID10_opNum3_merged.root → copied (ms_ch=3)
[PASS] wvfFind_event12602_trackID19_opNum7_merged.root → copied (ms_ch=7)
[SKIP] wvfFind_event66988_trackID5_opNum1_merged.root (ms_ch=1)
[SKIP] wvfFind_event33107_trackID6_opNum2.root (ms_ch=2)
[SKIP] wvfFind_event29325_trackID1_opNum1_merged.root (ms_ch=1)
[PASS] wvfFind_event72245_trackID14_opNum9.root → copied (ms_ch=9)
[PASS] wvfFind_event75258_trackID33_opNum9.root → copied (ms_ch=9)
[PASS] wvfFind_event73436_trackID4_opNum9.root → copied (ms_ch=9)
[PASS] wvfFind_event43918_trackID6_opNum9.root → copied (ms_ch=9)
[PASS] wvfFind_event32537_trackID0_opNum5.root → copied (ms_ch=5)
[PASS] wvfFind_event51832_trackID1_opNum5.root → copied (ms_ch=5)
[PASS] wvfFind_event23986_trackID13_opNum5.root → copied (ms_ch=5)
[PASS] wvfFind_event14357_trackID33_opNum6.root → copied (ms_ch=6)
[PASS] wvfFind_event18661_trackID6_opNum5.root → copied (ms_ch=5)
[PASS] wvfFind_event53917_trackID5_opNum9.root → copied (ms_ch=9)
[PASS] wvfFind_event63500_trackID11_opNum9_merged.root → copied (ms_ch=9)
[PASS] wvfFind_event77209_trackID6_opNum4.root → copied (ms_ch=4)
[SKIP] wvfFind_event69081_trackID12_opNum1_merged.root (ms_ch=1)
[PASS] wvfFind_event51743_trackID0_opNum3.root → copied (ms_ch=3)
[PASS] wvfFind_event45699_trackID11_opNum3.root → copied (ms_ch=3)
[PASS] wvfFind_event69420_trackID18_opNum8.root → copied (ms_ch=8)
[PASS] wvfFind_event19428_trackID9_opNum9.root → copied (ms_ch=9)
[PASS] wvfFind_event48102_trackID16_opNum9_2.root → copied (ms_ch=9)
[PASS] wvfFind_event40956_trackID0_opNum4.root → copied (ms_ch=4)
[PASS] wvfFind_event44600_trackID4_opNum6.root → copied (ms_ch=6)
[PASS] wvfFind_event46896_trackID7_opNum9.root → copied (ms_ch=9)
[PASS] wvfFind_event70287_trackID8_opNum4_merged.root → copied (ms_ch=4)
[SKIP] wvfFind_event44061_trackID20_opNum2_2.root (ms_ch=2)
[PASS] wvfFind_event10068_trackID29_opNum5.root → copied (ms_ch=5)
[PASS] wvfFind_event24938_trackID6_opNum7_2.root → copied (ms_ch=7)
[PASS] wvfFind_event77214_trackID3_opNum8.root → copied (ms_ch=8)
[PASS] wvfFind_event21174_trackID31_opNum9_2.root → copied (ms_ch=9)
[PASS] wvfFind_event72964_trackID3_opNum8.root → copied (ms_ch=8)
[PASS] wvfFind_event57331_trackID10_opNum6_2.root → copied (ms_ch=6)
[PASS] wvfFind_event20165_trackID9_opNum6.root → copied (ms_ch=6)
[PASS] wvfFind_event5971_trackID8_opNum9.root → copied (ms_ch=9)
[PASS] wvfFind_event5463_trackID4_opNum6_3.root → copied (ms_ch=6)
[SKIP] wvfFind_event14186_trackID16_opNum2.root (ms_ch=2)
[PASS] wvfFind_event37444_trackID19_opNum9.root → copied (ms_ch=9)
[SKIP] wvfFind_event66668_trackID17_opNum1_merged.root (ms_ch=1)
[PASS] wvfFind_event23883_trackID0_opNum4.root → copied (ms_ch=4)
[PASS] wvfFind_event56229_trackID10_opNum6.root → copied (ms_ch=6)
[PASS] wvfFind_event15383_trackID2_opNum8_merged.root → copied (ms_ch=8)
[PASS] wvfFind_event50233_trackID21_opNum9.root → copied (ms_ch=9)
[PASS] wvfFind_event6231_trackID21_opNum8.root → copied (ms_ch=8)
[PASS] wvfFind_event64372_trackID6_opNum6.root → copied (ms_ch=6)
[PASS] wvfFind_event15765_trackID8_opNum5.root → copied (ms_ch=5)
[PASS] wvfFind_event69393_trackID3_opNum4.root → copied (ms_ch=4)
[SKIP] wvfFind_event35597_trackID16_opNum1_merged.root (ms_ch=1)
[PASS] wvfFind_event46590_trackID18_opNum5.root → copied (ms_ch=5)
[PASS] wvfFind_event1571_trackID2_opNum3_2.root → copied (ms_ch=3)
[PASS] wvfFind_event50009_trackID1_opNum5.root → copied (ms_ch=5)
[PASS] wvfFind_event24462_trackID5_opNum5.root → copied (ms_ch=5)
[PASS] wvfFind_event30373_trackID7_opNum3.root → copied (ms_ch=3)
[PASS] wvfFind_event45078_trackID2_opNum4.root → copied (ms_ch=4)
[PASS] wvfFind_event76864_trackID17_opNum8.root → copied (ms_ch=8)
[PASS] wvfFind_event19522_trackID10_opNum8.root → copied (ms_ch=8)
[PASS] wvfFind_event56105_trackID13_opNum6.root → copied (ms_ch=6)
[PASS] wvfFind_event55019_trackID6_opNum6.root → copied (ms_ch=6)
[PASS] wvfFind_event34836_trackID40_opNum9.root → copied (ms_ch=9)
[PASS] wvfFind_event611_trackID7_opNum6_2.root → copied (ms_ch=6)
[PASS] wvfFind_event57695_trackID2_opNum8.root → copied (ms_ch=8)
[PASS] wvfFind_event6838_trackID15_opNum5_merged.root → copied (ms_ch=5)
[PASS] wvfFind_event6610_trackID1_opNum5.root → copied (ms_ch=5)
[PASS] wvfFind_event41114_trackID25_opNum9_2.root → copied (ms_ch=9)
[PASS] wvfFind_event75726_trackID2_opNum9.root → copied (ms_ch=9)
[PASS] wvfFind_event1412_trackID7_opNum5_2.root → copied (ms_ch=5)
[PASS] wvfFind_event70882_trackID3_opNum5.root → copied (ms_ch=5)
[PASS] wvfFind_event21272_trackID16_opNum7.root → copied (ms_ch=7)
[PASS] wvfFind_event54517_trackID10_opNum8.root → copied (ms_ch=8)
[PASS] wvfFind_event29653_trackID7_opNum4_2.root → copied (ms_ch=4)
[PASS] wvfFind_event55882_trackID10_opNum9_2.root → copied (ms_ch=9)
[PASS] wvfFind_event3521_trackID22_opNum9.root → copied (ms_ch=9)
[SKIP] wvfFind_event65838_trackID17_opNum2_merged.root (ms_ch=2)
[PASS] wvfFind_event9093_trackID24_opNum3.root → copied (ms_ch=3)
[PASS] wvfFind_event43054_trackID1_opNum4_2.root → copied (ms_ch=4)
[SKIP] wvfFind_event53252_trackID24_opNum2.root (ms_ch=2)
[PASS] wvfFind_event14289_trackID2_opNum5.root → copied (ms_ch=5)
[PASS] wvfFind_event16749_trackID19_opNum6_2.root → copied (ms_ch=6)
[SKIP] wvfFind_event59943_trackID6_opNum2.root (ms_ch=2)
[PASS] wvfFind_event13345_trackID3_opNum4.root → copied (ms_ch=4)
[SKIP] wvfFind_event14698_trackID10_opNum2.root (ms_ch=2)
[PASS] wvfFind_event2114_trackID7_opNum8.root → copied (ms_ch=8)
[PASS] wvfFind_event43665_trackID3_opNum8_2.root → copied (ms_ch=8)
[PASS] wvfFind_event66768_trackID24_opNum8.root → copied (ms_ch=8)
[PASS] wvfFind_event21562_trackID4_opNum3.root → copied (ms_ch=3)
[PASS] wvfFind_event5259_trackID0_opNum3.root → copied (ms_ch=3)
[PASS] wvfFind_event75309_trackID5_opNum6.root → copied (ms_ch=6)
[PASS] wvfFind_event59785_trackID4_opNum4.root → copied (ms_ch=4)
[PASS] wvfFind_event74747_trackID12_opNum4.root → copied (ms_ch=4)
[PASS] wvfFind_event1146_trackID13_opNum9.root → copied (ms_ch=9)
[SKIP] wvfFind_event62312_trackID6_opNum2.root (ms_ch=2)
[PASS] wvfFind_event70623_trackID5_opNum5.root → copied (ms_ch=5)
[PASS] wvfFind_event38005_trackID7_opNum8.root → copied (ms_ch=8)
[SKIP] wvfFind_event9400_trackID12_opNum1_merged.root (ms_ch=1)
[PASS] wvfFind_event30719_trackID1_opNum4_2.root → copied (ms_ch=4)
[PASS] wvfFind_event12051_trackID9_opNum9.root → copied (ms_ch=9)
[PASS] wvfFind_event48145_trackID6_opNum5.root → copied (ms_ch=5)
[PASS] wvfFind_event46471_trackID17_opNum3.root → copied (ms_ch=3)
[PASS] wvfFind_event26561_trackID3_opNum5.root → copied (ms_ch=5)
[PASS] wvfFind_event3589_trackID12_opNum7.root → copied (ms_ch=7)
[PASS] wvfFind_event32570_trackID36_opNum9.root → copied (ms_ch=9)
[PASS] wvfFind_event14131_trackID10_opNum9_2.root → copied (ms_ch=9)
[PASS] wvfFind_event22170_trackID4_opNum3_2.root → copied (ms_ch=3)
[PASS] wvfFind_event19614_trackID9_opNum5.root → copied (ms_ch=5)
[SKIP] wvfFind_event57321_trackID5_opNum2_2.root (ms_ch=2)
[PASS] wvfFind_event4735_trackID23_opNum6.root → copied (ms_ch=6)
[PASS] wvfFind_event54048_trackID2_opNum3.root → copied (ms_ch=3)
[PASS] wvfFind_event29476_trackID0_opNum4.root → copied (ms_ch=4)
[PASS] wvfFind_event23029_trackID7_opNum3_2.root → copied (ms_ch=3)
[PASS] wvfFind_event4163_trackID26_opNum5.root → copied (ms_ch=5)
[PASS] wvfFind_event52940_trackID2_opNum4.root → copied (ms_ch=4)
[PASS] wvfFind_event70607_trackID9_opNum3.root → copied (ms_ch=3)
[SKIP] wvfFind_event46975_trackID11_opNum1_merged.root (ms_ch=1)
[PASS] wvfFind_event77786_trackID5_opNum9.root → copied (ms_ch=9)
[PASS] wvfFind_event12577_trackID10_opNum9.root → copied (ms_ch=9)
[PASS] wvfFind_event15116_trackID44_opNum9.root → copied (ms_ch=9)
[SKIP] wvfFind_event19374_trackID13_opNum1_merged.root (ms_ch=1)
[PASS] wvfFind_event73189_trackID4_opNum6.root → copied (ms_ch=6)
[PASS] wvfFind_event64187_trackID7_opNum6.root → copied (ms_ch=6)
[PASS] wvfFind_event25897_trackID20_opNum9_2.root → copied (ms_ch=9)
[PASS] wvfFind_event77161_trackID14_opNum9.root → copied (ms_ch=9)
[PASS] wvfFind_event45173_trackID2_opNum5.root → copied (ms_ch=5)
[SKIP] wvfFind_event68452_trackID6_opNum1_merged.root (ms_ch=1)
[SKIP] wvfFind_event74324_trackID4_opNum2.root (ms_ch=2)
[PASS] wvfFind_event44821_trackID16_opNum9.root → copied (ms_ch=9)
[PASS] wvfFind_event11996_trackID7_opNum3.root → copied (ms_ch=3)
[PASS] wvfFind_event31940_trackID1_opNum5_2.root → copied (ms_ch=5)
[PASS] wvfFind_event56094_trackID11_opNum8.root → copied (ms_ch=8)
[SKIP] wvfFind_event31249_trackID5_opNum1_merged.root (ms_ch=1)
[SKIP] wvfFind_event61813_trackID9_opNum2.root (ms_ch=2)
[PASS] wvfFind_event7199_trackID10_opNum3.root → copied (ms_ch=3)
[PASS] wvfFind_event62545_trackID15_opNum5.root → copied (ms_ch=5)
[PASS] wvfFind_event66501_trackID11_opNum6.root → copied (ms_ch=6)
[PASS] wvfFind_event65600_trackID6_opNum3.root → copied (ms_ch=3)
[SKIP] wvfFind_event3465_trackID8_opNum1_merged.root (ms_ch=1)
[PASS] wvfFind_event49164_trackID4_opNum5.root → copied (ms_ch=5)
[PASS] wvfFind_event67605_trackID9_opNum7.root → copied (ms_ch=7)
[PASS] wvfFind_event60351_trackID15_opNum8_merged.root → copied (ms_ch=8)
[PASS] wvfFind_event1070_trackID7_opNum5.root → copied (ms_ch=5)
[PASS] wvfFind_event7187_trackID9_opNum7_merged.root → copied (ms_ch=7)
[PASS] wvfFind_event73468_trackID6_opNum3.root → copied (ms_ch=3)
[SKIP] wvfFind_event5358_trackID9_opNum2.root (ms_ch=2)
[PASS] wvfFind_event65852_trackID20_opNum9.root → copied (ms_ch=9)
[PASS] wvfFind_event69400_trackID3_opNum3.root → copied (ms_ch=3)
[PASS] wvfFind_event15487_trackID8_opNum6.root → copied (ms_ch=6)
[PASS] wvfFind_event41748_trackID39_opNum8.root → copied (ms_ch=8)
[PASS] wvfFind_event31967_trackID4_opNum5_merged.root → copied (ms_ch=5)
[PASS] wvfFind_event47015_trackID8_opNum9_2.root → copied (ms_ch=9)
[SKIP] wvfFind_event22652_trackID27_opNum2.root (ms_ch=2)
[PASS] wvfFind_event68809_trackID0_opNum4_2.root → copied (ms_ch=4)
[PASS] wvfFind_event70446_trackID10_opNum9.root → copied (ms_ch=9)
[PASS] wvfFind_event29835_trackID2_opNum4.root → copied (ms_ch=4)
[PASS] wvfFind_event36485_trackID10_opNum8_2.root → copied (ms_ch=8)
[PASS] wvfFind_event94_trackID19_opNum5_merged.root → copied (ms_ch=5)
[SKIP] wvfFind_event52359_trackID11_opNum1_merged.root (ms_ch=1)
[PASS] wvfFind_event71673_trackID13_opNum4.root → copied (ms_ch=4)
[PASS] wvfFind_event18318_trackID11_opNum9.root → copied (ms_ch=9)
[SKIP] wvfFind_event26098_trackID26_opNum2.root (ms_ch=2)
[PASS] wvfFind_event37924_trackID18_opNum5.root → copied (ms_ch=5)
[PASS] wvfFind_event48495_trackID2_opNum5.root → copied (ms_ch=5)
[PASS] wvfFind_event26463_trackID8_opNum8_merged.root → copied (ms_ch=8)
[SKIP] wvfFind_event38733_trackID11_opNum1_merged.root (ms_ch=1)
[PASS] wvfFind_event25564_trackID9_opNum9.root → copied (ms_ch=9)
[PASS] wvfFind_event19079_trackID17_opNum7_merged.root → copied (ms_ch=7)
[PASS] wvfFind_event60088_trackID3_opNum4_2.root → copied (ms_ch=4)
[PASS] wvfFind_event2026_trackID2_opNum9_2.root → copied (ms_ch=9)
[PASS] wvfFind_event52883_trackID0_opNum4.root → copied (ms_ch=4)
[PASS] wvfFind_event2722_trackID17_opNum6.root → copied (ms_ch=6)
[PASS] wvfFind_event59404_trackID2_opNum4_merged.root → copied (ms_ch=4)
[PASS] wvfFind_event14219_trackID3_opNum4.root → copied (ms_ch=4)
[PASS] wvfFind_event74419_trackID11_opNum5.root → copied (ms_ch=5)
[PASS] wvfFind_event69875_trackID4_opNum3_2.root → copied (ms_ch=3)
[PASS] wvfFind_event3139_trackID6_opNum4_merged.root → copied (ms_ch=4)
[PASS] wvfFind_event55762_trackID0_opNum5.root → copied (ms_ch=5)
[SKIP] wvfFind_event74894_trackID6_opNum1_merged.root (ms_ch=1)
[PASS] wvfFind_event74450_trackID1_opNum6_merged.root → copied (ms_ch=6)
[SKIP] wvfFind_event56446_trackID12_opNum1_merged.root (ms_ch=1)
[PASS] wvfFind_event27902_trackID9_opNum4.root → copied (ms_ch=4)
[PASS] wvfFind_event66836_trackID10_opNum3.root → copied (ms_ch=3)
[PASS] wvfFind_event4686_trackID10_opNum4.root → copied (ms_ch=4)
[PASS] wvfFind_event55392_trackID7_opNum8.root → copied (ms_ch=8)
[PASS] wvfFind_event73997_trackID20_opNum8.root → copied (ms_ch=8)
[PASS] wvfFind_event20669_trackID2_opNum8_merged.root → copied (ms_ch=8)
[PASS] wvfFind_event39613_trackID18_opNum9.root → copied (ms_ch=9)
[PASS] wvfFind_event76697_trackID8_opNum4_2.root → copied (ms_ch=4)
[PASS] wvfFind_event15667_trackID14_opNum8.root → copied (ms_ch=8)
[SKIP] wvfFind_event48490_trackID11_opNum2.root (ms_ch=2)
[PASS] wvfFind_event48346_trackID11_opNum3_2.root → copied (ms_ch=3)
[PASS] wvfFind_event30099_trackID24_opNum9.root → copied (ms_ch=9)
[PASS] wvfFind_event70883_trackID0_opNum4_3.root → copied (ms_ch=4)
[PASS] wvfFind_event29748_trackID2_opNum4.root → copied (ms_ch=4)
[PASS] wvfFind_event76605_trackID11_opNum5_merged.root → copied (ms_ch=5)
[PASS] wvfFind_event28586_trackID0_opNum5.root → copied (ms_ch=5)
[PASS] wvfFind_event19521_trackID8_opNum4.root → copied (ms_ch=4)
[SKIP] wvfFind_event70200_trackID12_opNum2.root (ms_ch=2)
[PASS] wvfFind_event17895_trackID2_opNum5.root → copied (ms_ch=5)
[PASS] wvfFind_event58435_trackID1_opNum8.root → copied (ms_ch=8)
[PASS] wvfFind_event51078_trackID8_opNum9_merged.root → copied (ms_ch=9)
[PASS] wvfFind_event39005_trackID16_opNum9.root → copied (ms_ch=9)
[PASS] wvfFind_event5864_trackID25_opNum9.root → copied (ms_ch=9)
[PASS] wvfFind_event62896_trackID0_opNum9.root → copied (ms_ch=9)
[PASS] wvfFind_event45736_trackID8_opNum9_2.root → copied (ms_ch=9)
[PASS] wvfFind_event10786_trackID4_opNum9_2.root → copied (ms_ch=9)
[PASS] wvfFind_event56007_trackID0_opNum9.root → copied (ms_ch=9)
[PASS] wvfFind_event52671_trackID1_opNum6.root → copied (ms_ch=6)
[PASS] wvfFind_event30802_trackID23_opNum8.root → copied (ms_ch=8)
[PASS] wvfFind_event20857_trackID21_opNum5_merged.root → copied (ms_ch=5)
[PASS] wvfFind_event55849_trackID5_opNum5.root → copied (ms_ch=5)
[PASS] wvfFind_event15062_trackID6_opNum3.root → copied (ms_ch=3)
[PASS] wvfFind_event73073_trackID0_opNum5_2.root → copied (ms_ch=5)
[PASS] wvfFind_event72037_trackID6_opNum9.root → copied (ms_ch=9)
[PASS] wvfFind_event16086_trackID8_opNum6.root → copied (ms_ch=6)
[PASS] wvfFind_event30885_trackID20_opNum6.root → copied (ms_ch=6)
[PASS] wvfFind_event2461_trackID25_opNum9.root → copied (ms_ch=9)
[SKIP] wvfFind_event56522_trackID5_opNum1_merged.root (ms_ch=1)
[PASS] wvfFind_event43649_trackID3_opNum5_3.root → copied (ms_ch=5)
[PASS] wvfFind_event1189_trackID22_opNum6.root → copied (ms_ch=6)
[PASS] wvfFind_event54020_trackID0_opNum3.root → copied (ms_ch=3)
[PASS] wvfFind_event48102_trackID16_opNum9.root → copied (ms_ch=9)
[PASS] wvfFind_event27684_trackID16_opNum9.root → copied (ms_ch=9)
[PASS] wvfFind_event4110_trackID10_opNum8.root → copied (ms_ch=8)
[PASS] wvfFind_event57031_trackID7_opNum9.root → copied (ms_ch=9)
[PASS] wvfFind_event25944_trackID19_opNum6.root → copied (ms_ch=6)
[PASS] wvfFind_event50211_trackID19_opNum9.root → copied (ms_ch=9)
[PASS] wvfFind_event50560_trackID7_opNum4_3.root → copied (ms_ch=4)
[SKIP] wvfFind_event9559_trackID11_opNum2.root (ms_ch=2)
[PASS] wvfFind_event34481_trackID16_opNum3.root → copied (ms_ch=3)
[SKIP] wvfFind_event46087_trackID12_opNum2.root (ms_ch=2)
[PASS] wvfFind_event74519_trackID1_opNum4.root → copied (ms_ch=4)
[PASS] wvfFind_event39100_trackID9_opNum5.root → copied (ms_ch=5)
[PASS] wvfFind_event51133_trackID13_opNum5.root → copied (ms_ch=5)
[PASS] wvfFind_event3897_trackID1_opNum5.root → copied (ms_ch=5)
[SKIP] wvfFind_event74805_trackID4_opNum2.root (ms_ch=2)
[PASS] wvfFind_event70612_trackID26_opNum3.root → copied (ms_ch=3)
[PASS] wvfFind_event18319_trackID19_opNum8.root → copied (ms_ch=8)
[SKIP] wvfFind_event46613_trackID15_opNum2_merged.root (ms_ch=2)
[PASS] wvfFind_event45077_trackID6_opNum4_2.root → copied (ms_ch=4)
[PASS] wvfFind_event68184_trackID7_opNum8_2.root → copied (ms_ch=8)
[SKIP] wvfFind_event43268_trackID8_opNum2.root (ms_ch=2)
[SKIP] wvfFind_event34399_trackID14_opNum1_merged.root (ms_ch=1)
[SKIP] wvfFind_event45101_trackID9_opNum1_merged.root (ms_ch=1)
[PASS] wvfFind_event24602_trackID29_opNum5.root → copied (ms_ch=5)
[PASS] wvfFind_event70390_trackID15_opNum9.root → copied (ms_ch=9)
[PASS] wvfFind_event48619_trackID3_opNum5.root → copied (ms_ch=5)
[PASS] wvfFind_event36368_trackID0_opNum4_2.root → copied (ms_ch=4)
[PASS] wvfFind_event44680_trackID3_opNum9.root → copied (ms_ch=9)
[PASS] wvfFind_event77214_trackID3_opNum8_2.root → copied (ms_ch=8)
[PASS] wvfFind_event24233_trackID14_opNum3_merged.root → copied (ms_ch=3)
[PASS] wvfFind_event78_trackID0_opNum9_2.root → copied (ms_ch=9)
[PASS] wvfFind_event62984_trackID0_opNum8_merged.root → copied (ms_ch=8)
[PASS] wvfFind_event33076_trackID13_opNum9_2.root → copied (ms_ch=9)
[PASS] wvfFind_event10125_trackID1_opNum4_2.root → copied (ms_ch=4)
[PASS] wvfFind_event70841_trackID2_opNum5.root → copied (ms_ch=5)
[PASS] wvfFind_event3713_trackID10_opNum7.root → copied (ms_ch=7)
[PASS] wvfFind_event74630_trackID36_opNum9.root → copied (ms_ch=9)
[PASS] wvfFind_event31770_trackID12_opNum5.root → copied (ms_ch=5)
[PASS] wvfFind_event868_trackID2_opNum3.root → copied (ms_ch=3)
[PASS] wvfFind_event5699_trackID5_opNum5.root → copied (ms_ch=5)
[PASS] wvfFind_event18863_trackID12_opNum6.root → copied (ms_ch=6)
[PASS] wvfFind_event25173_trackID11_opNum7_merged.root → copied (ms_ch=7)
[PASS] wvfFind_event48551_trackID7_opNum3.root → copied (ms_ch=3)
[PASS] wvfFind_event51130_trackID3_opNum3.root → copied (ms_ch=3)
[PASS] wvfFind_event6243_trackID21_opNum9.root → copied (ms_ch=9)
[PASS] wvfFind_event8652_trackID8_opNum8_2.root → copied (ms_ch=8)
[PASS] wvfFind_event77200_trackID27_opNum8.root → copied (ms_ch=8)
[PASS] wvfFind_event59658_trackID5_opNum9_2.root → copied (ms_ch=9)
[PASS] wvfFind_event6470_trackID4_opNum5.root → copied (ms_ch=5)
[PASS] wvfFind_event24501_trackID10_opNum9.root → copied (ms_ch=9)
[PASS] wvfFind_event67936_trackID10_opNum8_merged.root → copied (ms_ch=8)
[SKIP] wvfFind_event36551_trackID10_opNum2.root (ms_ch=2)
[SKIP] wvfFind_event1219_trackID1_opNum1_merged.root (ms_ch=1)
[PASS] wvfFind_event57731_trackID7_opNum5.root → copied (ms_ch=5)
[PASS] wvfFind_event39461_trackID10_opNum3.root → copied (ms_ch=3)
[PASS] wvfFind_event46509_trackID19_opNum9.root → copied (ms_ch=9)
[PASS] wvfFind_event24663_trackID5_opNum3_2.root → copied (ms_ch=3)
[PASS] wvfFind_event29780_trackID5_opNum8.root → copied (ms_ch=8)
[PASS] wvfFind_event10563_trackID4_opNum9.root → copied (ms_ch=9)
[PASS] wvfFind_event1767_trackID4_opNum4_2.root → copied (ms_ch=4)
[PASS] wvfFind_event28985_trackID4_opNum5.root → copied (ms_ch=5)
[PASS] wvfFind_event53760_trackID4_opNum5_merged.root → copied (ms_ch=5)
[PASS] wvfFind_event63988_trackID1_opNum8_2.root → copied (ms_ch=8)
[PASS] wvfFind_event57012_trackID0_opNum8.root → copied (ms_ch=8)
[PASS] wvfFind_event6964_trackID18_opNum3.root → copied (ms_ch=3)
[PASS] wvfFind_event43557_trackID7_opNum9_2.root → copied (ms_ch=9)
[PASS] wvfFind_event17496_trackID18_opNum7.root → copied (ms_ch=7)
[PASS] wvfFind_event18756_trackID12_opNum9.root → copied (ms_ch=9)
[PASS] wvfFind_event59950_trackID11_opNum3_merged.root → copied (ms_ch=3)
[PASS] wvfFind_event20710_trackID8_opNum8_2.root → copied (ms_ch=8)
[PASS] wvfFind_event12529_trackID20_opNum6.root → copied (ms_ch=6)
[PASS] wvfFind_event39489_trackID15_opNum3.root → copied (ms_ch=3)
[PASS] wvfFind_event19757_trackID13_opNum3.root → copied (ms_ch=3)
[SKIP] wvfFind_event51784_trackID2_opNum2.root (ms_ch=2)
[SKIP] wvfFind_event1479_trackID6_opNum2.root (ms_ch=2)
[PASS] wvfFind_event45775_trackID29_opNum9_merged.root → copied (ms_ch=9)
[PASS] wvfFind_event10620_trackID7_opNum6.root → copied (ms_ch=6)
[PASS] wvfFind_event39980_trackID15_opNum9.root → copied (ms_ch=9)
[SKIP] wvfFind_event17305_trackID24_opNum1_merged.root (ms_ch=1)
[PASS] wvfFind_event2934_trackID11_opNum9.root → copied (ms_ch=9)
[SKIP] wvfFind_event40344_trackID18_opNum2.root (ms_ch=2)
[PASS] wvfFind_event22035_trackID4_opNum5.root → copied (ms_ch=5)
[SKIP] wvfFind_event46099_trackID2_opNum2.root (ms_ch=2)
[PASS] wvfFind_event25730_trackID32_opNum8.root → copied (ms_ch=8)
[PASS] wvfFind_event2328_trackID7_opNum5_merged.root → copied (ms_ch=5)
[PASS] wvfFind_event7475_trackID5_opNum9.root → copied (ms_ch=9)
[PASS] wvfFind_event40310_trackID10_opNum7.root → copied (ms_ch=7)
[SKIP] wvfFind_event15525_trackID2_opNum2.root (ms_ch=2)
[SKIP] wvfFind_event11217_trackID10_opNum1_merged.root (ms_ch=1)
[PASS] wvfFind_event58901_trackID3_opNum5.root → copied (ms_ch=5)
[PASS] wvfFind_event65080_trackID3_opNum5.root → copied (ms_ch=5)
[PASS] wvfFind_event4178_trackID6_opNum5_merged.root → copied (ms_ch=5)
[PASS] wvfFind_event12881_trackID1_opNum4.root → copied (ms_ch=4)
[PASS] wvfFind_event35486_trackID7_opNum4.root → copied (ms_ch=4)
[PASS] wvfFind_event31606_trackID8_opNum9.root → copied (ms_ch=9)
[SKIP] wvfFind_event61812_trackID1_opNum1_merged.root (ms_ch=1)
[PASS] wvfFind_event73084_trackID0_opNum5_2.root → copied (ms_ch=5)
[PASS] wvfFind_event74887_trackID11_opNum8_3.root → copied (ms_ch=8)
[PASS] wvfFind_event53355_trackID16_opNum8.root → copied (ms_ch=8)
[PASS] wvfFind_event75332_trackID35_opNum6_merged.root → copied (ms_ch=6)
[PASS] wvfFind_event66103_trackID4_opNum9.root → copied (ms_ch=9)
[PASS] wvfFind_event46632_trackID1_opNum5.root → copied (ms_ch=5)
[PASS] wvfFind_event75834_trackID8_opNum5.root → copied (ms_ch=5)
[PASS] wvfFind_event12963_trackID21_opNum8.root → copied (ms_ch=8)
[PASS] wvfFind_event12238_trackID14_opNum5.root → copied (ms_ch=5)
[PASS] wvfFind_event40047_trackID12_opNum9_merged.root → copied (ms_ch=9)
[PASS] wvfFind_event13595_trackID13_opNum9.root → copied (ms_ch=9)
[PASS] wvfFind_event54552_trackID12_opNum9.root → copied (ms_ch=9)
[PASS] wvfFind_event22072_trackID20_opNum8.root → copied (ms_ch=8)
[PASS] wvfFind_event44972_trackID6_opNum3_merged.root → copied (ms_ch=3)
[PASS] wvfFind_event63784_trackID2_opNum9.root → copied (ms_ch=9)
[PASS] wvfFind_event71205_trackID5_opNum9_merged.root → copied (ms_ch=9)
[PASS] wvfFind_event70331_trackID11_opNum9.root → copied (ms_ch=9)
[PASS] wvfFind_event39466_trackID7_opNum8.root → copied (ms_ch=8)
[PASS] wvfFind_event55552_trackID18_opNum9.root → copied (ms_ch=9)
[SKIP] wvfFind_event41276_trackID13_opNum1_merged.root (ms_ch=1)
[PASS] wvfFind_event39012_trackID12_opNum9.root → copied (ms_ch=9)
[PASS] wvfFind_event13126_trackID3_opNum6_merged.root → copied (ms_ch=6)
[PASS] wvfFind_event41895_trackID11_opNum9_2.root → copied (ms_ch=9)
[PASS] wvfFind_event46755_trackID6_opNum3.root → copied (ms_ch=3)
[PASS] wvfFind_event54700_trackID6_opNum4.root → copied (ms_ch=4)
[SKIP] wvfFind_event3119_trackID35_opNum1_merged.root (ms_ch=1)
[PASS] wvfFind_event66765_trackID8_opNum3_merged.root → copied (ms_ch=3)
[PASS] wvfFind_event32931_trackID4_opNum5.root → copied (ms_ch=5)
[PASS] wvfFind_event35985_trackID12_opNum4.root → copied (ms_ch=4)
[PASS] wvfFind_event67323_trackID3_opNum4.root → copied (ms_ch=4)
[PASS] wvfFind_event13561_trackID3_opNum4.root → copied (ms_ch=4)
[PASS] wvfFind_event64473_trackID19_opNum3_2.root → copied (ms_ch=3)
[PASS] wvfFind_event70187_trackID6_opNum6_merged.root → copied (ms_ch=6)
[SKIP] wvfFind_event42088_trackID19_opNum2_merged.root (ms_ch=2)
[PASS] wvfFind_event41990_trackID3_opNum3.root → copied (ms_ch=3)
[PASS] wvfFind_event29463_trackID8_opNum9.root → copied (ms_ch=9)
[PASS] wvfFind_event63632_trackID7_opNum5.root → copied (ms_ch=5)
[PASS] wvfFind_event10513_trackID25_opNum9.root → copied (ms_ch=9)
[PASS] wvfFind_event19937_trackID8_opNum8.root → copied (ms_ch=8)
[PASS] wvfFind_event77161_trackID11_opNum4.root → copied (ms_ch=4)
[PASS] wvfFind_event77104_trackID10_opNum8.root → copied (ms_ch=8)
[PASS] wvfFind_event30934_trackID6_opNum5.root → copied (ms_ch=5)
[PASS] wvfFind_event75678_trackID1_opNum4_2.root → copied (ms_ch=4)
[PASS] wvfFind_event39798_trackID8_opNum6.root → copied (ms_ch=6)
[PASS] wvfFind_event73424_trackID3_opNum7.root → copied (ms_ch=7)
[PASS] wvfFind_event47644_trackID6_opNum3.root → copied (ms_ch=3)
[PASS] wvfFind_event68624_trackID13_opNum9.root → copied (ms_ch=9)
[PASS] wvfFind_event47753_trackID12_opNum5.root → copied (ms_ch=5)
[PASS] wvfFind_event62874_trackID7_opNum4.root → copied (ms_ch=4)
[SKIP] wvfFind_event11651_trackID5_opNum1_merged.root (ms_ch=1)
[PASS] wvfFind_event64203_trackID15_opNum7.root → copied (ms_ch=7)
[PASS] wvfFind_event1020_trackID20_opNum9.root → copied (ms_ch=9)
[PASS] wvfFind_event52001_trackID7_opNum9_2.root → copied (ms_ch=9)
[PASS] wvfFind_event32539_trackID10_opNum5.root → copied (ms_ch=5)
[PASS] wvfFind_event42877_trackID17_opNum4_merged.root → copied (ms_ch=4)
[PASS] wvfFind_event62149_trackID0_opNum4_2.root → copied (ms_ch=4)
[PASS] wvfFind_event22183_trackID1_opNum9.root → copied (ms_ch=9)
[PASS] wvfFind_event18445_trackID15_opNum3.root → copied (ms_ch=3)
[PASS] wvfFind_event7248_trackID7_opNum4_2.root → copied (ms_ch=4)
[PASS] wvfFind_event73352_trackID8_opNum5_merged.root → copied (ms_ch=5)
[PASS] wvfFind_event8069_trackID3_opNum5.root → copied (ms_ch=5)
[PASS] wvfFind_event51192_trackID3_opNum9_2.root → copied (ms_ch=9)
[PASS] wvfFind_event60798_trackID2_opNum9.root → copied (ms_ch=9)
[PASS] wvfFind_event1781_trackID0_opNum3.root → copied (ms_ch=3)
[PASS] wvfFind_event45657_trackID1_opNum5.root → copied (ms_ch=5)
[PASS] wvfFind_event36316_trackID9_opNum4.root → copied (ms_ch=4)
[PASS] wvfFind_event29732_trackID1_opNum8_3.root → copied (ms_ch=8)
[PASS] wvfFind_event13424_trackID10_opNum4.root → copied (ms_ch=4)
[PASS] wvfFind_event33135_trackID17_opNum6.root → copied (ms_ch=6)
[PASS] wvfFind_event24200_trackID35_opNum9.root → copied (ms_ch=9)
[PASS] wvfFind_event72601_trackID6_opNum8.root → copied (ms_ch=8)
[SKIP] wvfFind_event35477_trackID1_opNum1_merged.root (ms_ch=1)
[PASS] wvfFind_event49200_trackID48_opNum4.root → copied (ms_ch=4)
[PASS] wvfFind_event5309_trackID24_opNum8.root → copied (ms_ch=8)
[PASS] wvfFind_event5225_trackID3_opNum4.root → copied (ms_ch=4)
[PASS] wvfFind_event23718_trackID16_opNum7.root → copied (ms_ch=7)
[SKIP] wvfFind_event37303_trackID7_opNum1_merged.root (ms_ch=1)
[PASS] wvfFind_event14087_trackID7_opNum8.root → copied (ms_ch=8)
[PASS] wvfFind_event7154_trackID0_opNum5.root → copied (ms_ch=5)
[SKIP] wvfFind_event46791_trackID7_opNum1_merged.root (ms_ch=1)
[PASS] wvfFind_event15178_trackID2_opNum4.root → copied (ms_ch=4)
[PASS] wvfFind_event76344_trackID11_opNum9.root → copied (ms_ch=9)
[PASS] wvfFind_event13221_trackID0_opNum5.root → copied (ms_ch=5)
[PASS] wvfFind_event58918_trackID25_opNum3.root → copied (ms_ch=3)
[PASS] wvfFind_event69853_trackID1_opNum5_2.root → copied (ms_ch=5)
[SKIP] wvfFind_event13215_trackID1_opNum1_merged.root (ms_ch=1)
[PASS] wvfFind_event27896_trackID8_opNum4.root → copied (ms_ch=4)
[PASS] wvfFind_event58652_trackID11_opNum5.root → copied (ms_ch=5)
[PASS] wvfFind_event1787_trackID16_opNum6_merged.root → copied (ms_ch=6)
[SKIP] wvfFind_event53370_trackID4_opNum2.root (ms_ch=2)
[PASS] wvfFind_event24559_trackID1_opNum9.root → copied (ms_ch=9)
[PASS] wvfFind_event67129_trackID28_opNum8.root → copied (ms_ch=8)
[PASS] wvfFind_event46511_trackID13_opNum9.root → copied (ms_ch=9)
[PASS] wvfFind_event22694_trackID4_opNum5.root → copied (ms_ch=5)
[PASS] wvfFind_event67422_trackID16_opNum4.root → copied (ms_ch=4)
[SKIP] wvfFind_event55206_trackID8_opNum2_merged.root (ms_ch=2)
[PASS] wvfFind_event24502_trackID3_opNum3.root → copied (ms_ch=3)
[PASS] wvfFind_event68770_trackID3_opNum8.root → copied (ms_ch=8)
[PASS] wvfFind_event40806_trackID12_opNum8.root → copied (ms_ch=8)
[PASS] wvfFind_event43244_trackID10_opNum7.root → copied (ms_ch=7)
[SKIP] wvfFind_event57321_trackID5_opNum2.root (ms_ch=2)
[PASS] wvfFind_event35043_trackID4_opNum8.root → copied (ms_ch=8)
[PASS] wvfFind_event10355_trackID1_opNum5.root → copied (ms_ch=5)
[PASS] wvfFind_event48396_trackID2_opNum6.root → copied (ms_ch=6)
[PASS] wvfFind_event30056_trackID8_opNum5.root → copied (ms_ch=5)
[PASS] wvfFind_event33528_trackID35_opNum3.root → copied (ms_ch=3)
[SKIP] wvfFind_event41929_trackID3_opNum2_merged.root (ms_ch=2)
[SKIP] wvfFind_event28802_trackID10_opNum2.root (ms_ch=2)
[PASS] wvfFind_event65945_trackID12_opNum8.root → copied (ms_ch=8)
[PASS] wvfFind_event18404_trackID3_opNum9.root → copied (ms_ch=9)
[PASS] wvfFind_event8870_trackID11_opNum9.root → copied (ms_ch=9)
[PASS] wvfFind_event36271_trackID15_opNum3.root → copied (ms_ch=3)
[PASS] wvfFind_event30427_trackID28_opNum9.root → copied (ms_ch=9)
[PASS] wvfFind_event36550_trackID29_opNum4.root → copied (ms_ch=4)
[PASS] wvfFind_event39679_trackID4_opNum5_merged.root → copied (ms_ch=5)
[PASS] wvfFind_event58901_trackID3_opNum5_3.root → copied (ms_ch=5)
[PASS] wvfFind_event48619_trackID3_opNum5_2.root → copied (ms_ch=5)
[PASS] wvfFind_event49824_trackID3_opNum3_2.root → copied (ms_ch=3)
[PASS] wvfFind_event30577_trackID4_opNum5.root → copied (ms_ch=5)
[PASS] wvfFind_event39662_trackID9_opNum8_2.root → copied (ms_ch=8)
[PASS] wvfFind_event71311_trackID33_opNum9.root → copied (ms_ch=9)
[PASS] wvfFind_event44136_trackID13_opNum3_3.root → copied (ms_ch=3)
[SKIP] wvfFind_event17965_trackID14_opNum2_merged.root (ms_ch=2)
[SKIP] wvfFind_event8805_trackID2_opNum2.root (ms_ch=2)
[SKIP] wvfFind_event19184_trackID14_opNum1_merged.root (ms_ch=1)
[PASS] wvfFind_event62572_trackID3_opNum3.root → copied (ms_ch=3)
[PASS] wvfFind_event42610_trackID9_opNum5.root → copied (ms_ch=5)
[PASS] wvfFind_event33475_trackID9_opNum4.root → copied (ms_ch=4)
[PASS] wvfFind_event32664_trackID6_opNum3.root → copied (ms_ch=3)
[PASS] wvfFind_event25190_trackID25_opNum9.root → copied (ms_ch=9)
[PASS] wvfFind_event12095_trackID3_opNum7_merged.root → copied (ms_ch=7)
[PASS] wvfFind_event10646_trackID4_opNum5.root → copied (ms_ch=5)
[PASS] wvfFind_event63817_trackID10_opNum6.root → copied (ms_ch=6)
[PASS] wvfFind_event37463_trackID16_opNum6.root → copied (ms_ch=6)
[SKIP] wvfFind_event74227_trackID8_opNum1_merged.root (ms_ch=1)
[PASS] wvfFind_event77243_trackID9_opNum4.root → copied (ms_ch=4)
[PASS] wvfFind_event68168_trackID4_opNum7_merged.root → copied (ms_ch=7)
[PASS] wvfFind_event33165_trackID9_opNum6.root → copied (ms_ch=6)
[PASS] wvfFind_event28423_trackID3_opNum8.root → copied (ms_ch=8)
[PASS] wvfFind_event13350_trackID8_opNum6_2.root → copied (ms_ch=6)
[PASS] wvfFind_event37582_trackID5_opNum9.root → copied (ms_ch=9)
[SKIP] wvfFind_event56704_trackID4_opNum2.root (ms_ch=2)
[PASS] wvfFind_event36560_trackID6_opNum9.root → copied (ms_ch=9)
[PASS] wvfFind_event39174_trackID34_opNum9.root → copied (ms_ch=9)
[PASS] wvfFind_event22040_trackID12_opNum4.root → copied (ms_ch=4)
[PASS] wvfFind_event9979_trackID18_opNum3.root → copied (ms_ch=3)
[PASS] wvfFind_event57041_trackID25_opNum7.root → copied (ms_ch=7)
[PASS] wvfFind_event40745_trackID12_opNum4_merged.root → copied (ms_ch=4)
[SKIP] wvfFind_event73004_trackID12_opNum2_2.root (ms_ch=2)
[PASS] wvfFind_event43373_trackID0_opNum9_2.root → copied (ms_ch=9)
[PASS] wvfFind_event43541_trackID2_opNum8_merged.root → copied (ms_ch=8)
[PASS] wvfFind_event5908_trackID17_opNum5_merged.root → copied (ms_ch=5)
[SKIP] wvfFind_event61633_trackID0_opNum2.root (ms_ch=2)
[PASS] wvfFind_event68186_trackID5_opNum5.root → copied (ms_ch=5)
[PASS] wvfFind_event8500_trackID9_opNum9_2.root → copied (ms_ch=9)
[PASS] wvfFind_event17781_trackID1_opNum6.root → copied (ms_ch=6)
[PASS] wvfFind_event22145_trackID5_opNum8.root → copied (ms_ch=8)
[PASS] wvfFind_event33636_trackID7_opNum4.root → copied (ms_ch=4)
[SKIP] wvfFind_event22807_trackID1_opNum2.root (ms_ch=2)
[PASS] wvfFind_event12456_trackID4_opNum9.root → copied (ms_ch=9)
[PASS] wvfFind_event30417_trackID4_opNum6_merged.root → copied (ms_ch=6)
[PASS] wvfFind_event69957_trackID7_opNum4_2.root → copied (ms_ch=4)
[PASS] wvfFind_event36550_trackID29_opNum4_2.root → copied (ms_ch=4)
[PASS] wvfFind_event9489_trackID3_opNum6.root → copied (ms_ch=6)
[PASS] wvfFind_event48244_trackID5_opNum5.root → copied (ms_ch=5)
[PASS] wvfFind_event64941_trackID26_opNum3.root → copied (ms_ch=3)
[SKIP] wvfFind_event46430_trackID5_opNum2.root (ms_ch=2)
[PASS] wvfFind_event15650_trackID3_opNum5.root → copied (ms_ch=5)
[PASS] wvfFind_event51224_trackID7_opNum7_merged.root → copied (ms_ch=7)
[PASS] wvfFind_event42348_trackID18_opNum6.root → copied (ms_ch=6)
[PASS] wvfFind_event51796_trackID19_opNum3.root → copied (ms_ch=3)
[SKIP] wvfFind_event10772_trackID3_opNum2.root (ms_ch=2)
[PASS] wvfFind_event48075_trackID27_opNum4.root → copied (ms_ch=4)
[PASS] wvfFind_event16614_trackID15_opNum7_merged.root → copied (ms_ch=7)
[PASS] wvfFind_event56939_trackID7_opNum4.root → copied (ms_ch=4)
[PASS] wvfFind_event61831_trackID7_opNum9.root → copied (ms_ch=9)
[SKIP] wvfFind_event32582_trackID32_opNum1_merged.root (ms_ch=1)
[PASS] wvfFind_event1959_trackID14_opNum8.root → copied (ms_ch=8)
[PASS] wvfFind_event18873_trackID5_opNum9_2.root → copied (ms_ch=9)
[PASS] wvfFind_event39127_trackID8_opNum8.root → copied (ms_ch=8)
[PASS] wvfFind_event43808_trackID4_opNum8.root → copied (ms_ch=8)
[PASS] wvfFind_event75852_trackID5_opNum9.root → copied (ms_ch=9)
[PASS] wvfFind_event22605_trackID6_opNum9.root → copied (ms_ch=9)
[SKIP] wvfFind_event75358_trackID16_opNum2.root (ms_ch=2)
[PASS] wvfFind_event16910_trackID0_opNum5.root → copied (ms_ch=5)
[PASS] wvfFind_event17796_trackID27_opNum8.root → copied (ms_ch=8)
[PASS] wvfFind_event6464_trackID19_opNum8.root → copied (ms_ch=8)
[PASS] wvfFind_event43380_trackID16_opNum5.root → copied (ms_ch=5)
[PASS] wvfFind_event56051_trackID9_opNum8.root → copied (ms_ch=8)
[SKIP] wvfFind_event6295_trackID13_opNum2.root (ms_ch=2)
[PASS] wvfFind_event64872_trackID7_opNum8.root → copied (ms_ch=8)
[PASS] wvfFind_event57988_trackID15_opNum5.root → copied (ms_ch=5)
[PASS] wvfFind_event43428_trackID7_opNum9.root → copied (ms_ch=9)
[SKIP] wvfFind_event40895_trackID27_opNum1_merged.root (ms_ch=1)
[PASS] wvfFind_event48480_trackID9_opNum3.root → copied (ms_ch=3)
[PASS] wvfFind_event1729_trackID19_opNum8_2.root → copied (ms_ch=8)
[PASS] wvfFind_event14851_trackID2_opNum9_3.root → copied (ms_ch=9)
[PASS] wvfFind_event61645_trackID3_opNum5.root → copied (ms_ch=5)
[PASS] wvfFind_event32357_trackID5_opNum4.root → copied (ms_ch=4)
[PASS] wvfFind_event64292_trackID1_opNum5.root → copied (ms_ch=5)
[PASS] wvfFind_event58112_trackID0_opNum4_2.root → copied (ms_ch=4)
[PASS] wvfFind_event13459_trackID6_opNum3_2.root → copied (ms_ch=3)
[PASS] wvfFind_event1818_trackID3_opNum9_2.root → copied (ms_ch=9)
[PASS] wvfFind_event30672_trackID30_opNum7.root → copied (ms_ch=7)
[PASS] wvfFind_event13886_trackID2_opNum3.root → copied (ms_ch=3)
[SKIP] wvfFind_event65501_trackID0_opNum2.root (ms_ch=2)
[PASS] wvfFind_event24016_trackID8_opNum3_merged.root → copied (ms_ch=3)
[SKIP] wvfFind_event25395_trackID1_opNum2.root (ms_ch=2)
[PASS] wvfFind_event20165_trackID9_opNum6_2.root → copied (ms_ch=6)
[PASS] wvfFind_event15512_trackID8_opNum9.root → copied (ms_ch=9)
[PASS] wvfFind_event70143_trackID0_opNum8_merged.root → copied (ms_ch=8)
[PASS] wvfFind_event44477_trackID3_opNum9.root → copied (ms_ch=9)
[PASS] wvfFind_event43003_trackID12_opNum5.root → copied (ms_ch=5)
[PASS] wvfFind_event77499_trackID24_opNum9.root → copied (ms_ch=9)
[PASS] wvfFind_event37043_trackID12_opNum9.root → copied (ms_ch=9)
[SKIP] wvfFind_event40777_trackID10_opNum2.root (ms_ch=2)
[PASS] wvfFind_event49956_trackID2_opNum9_merged.root → copied (ms_ch=9)
[PASS] wvfFind_event27347_trackID8_opNum7.root → copied (ms_ch=7)
[PASS] wvfFind_event33580_trackID14_opNum9.root → copied (ms_ch=9)
[PASS] wvfFind_event3734_trackID13_opNum5.root → copied (ms_ch=5)
[PASS] wvfFind_event68077_trackID21_opNum9.root → copied (ms_ch=9)
[PASS] wvfFind_event21784_trackID15_opNum9.root → copied (ms_ch=9)
[PASS] wvfFind_event20831_trackID12_opNum9_merged.root → copied (ms_ch=9)
[PASS] wvfFind_event68146_trackID3_opNum5.root → copied (ms_ch=5)
[PASS] wvfFind_event34698_trackID10_opNum4.root → copied (ms_ch=4)
[PASS] wvfFind_event61692_trackID5_opNum4.root → copied (ms_ch=4)
[SKIP] wvfFind_event58_trackID30_opNum1_merged.root (ms_ch=1)
[PASS] wvfFind_event38902_trackID8_opNum6.root → copied (ms_ch=6)
[PASS] wvfFind_event60259_trackID1_opNum8.root → copied (ms_ch=8)
[SKIP] wvfFind_event12804_trackID20_opNum1_merged.root (ms_ch=1)
[PASS] wvfFind_event46562_trackID3_opNum4.root → copied (ms_ch=4)
[PASS] wvfFind_event66069_trackID23_opNum5.root → copied (ms_ch=5)
[PASS] wvfFind_event15575_trackID5_opNum3.root → copied (ms_ch=3)
[PASS] wvfFind_event39906_trackID1_opNum5.root → copied (ms_ch=5)
[PASS] wvfFind_event41846_trackID34_opNum4_2.root → copied (ms_ch=4)
[PASS] wvfFind_event29460_trackID1_opNum6.root → copied (ms_ch=6)
[PASS] wvfFind_event38747_trackID28_opNum9.root → copied (ms_ch=9)
[SKIP] wvfFind_event32011_trackID7_opNum2.root (ms_ch=2)
[PASS] wvfFind_event54885_trackID38_opNum6_merged.root → copied (ms_ch=6)
[PASS] wvfFind_event67052_trackID2_opNum5.root → copied (ms_ch=5)
[PASS] wvfFind_event18469_trackID16_opNum9_merged.root → copied (ms_ch=9)
[PASS] wvfFind_event30948_trackID6_opNum5.root → copied (ms_ch=5)
[PASS] wvfFind_event17086_trackID7_opNum5.root → copied (ms_ch=5)
[PASS] wvfFind_event75198_trackID1_opNum6.root → copied (ms_ch=6)
[PASS] wvfFind_event65012_trackID18_opNum9.root → copied (ms_ch=9)
[PASS] wvfFind_event73398_trackID11_opNum8.root → copied (ms_ch=8)
[PASS] wvfFind_event9359_trackID3_opNum4.root → copied (ms_ch=4)
[PASS] wvfFind_event65366_trackID4_opNum3.root → copied (ms_ch=3)
[PASS] wvfFind_event25880_trackID31_opNum8.root → copied (ms_ch=8)
[SKIP] wvfFind_event21574_trackID2_opNum2.root (ms_ch=2)
[PASS] wvfFind_event38874_trackID17_opNum5.root → copied (ms_ch=5)
[PASS] wvfFind_event8441_trackID3_opNum9_merged.root → copied (ms_ch=9)
[PASS] wvfFind_event3951_trackID5_opNum3.root → copied (ms_ch=3)
[PASS] wvfFind_event41669_trackID3_opNum9.root → copied (ms_ch=9)
[PASS] wvfFind_event65719_trackID5_opNum4.root → copied (ms_ch=4)
[PASS] wvfFind_event75219_trackID9_opNum8.root → copied (ms_ch=8)
[PASS] wvfFind_event71537_trackID5_opNum3.root → copied (ms_ch=3)
[PASS] wvfFind_event60252_trackID12_opNum6.root → copied (ms_ch=6)
[PASS] wvfFind_event38957_trackID16_opNum6.root → copied (ms_ch=6)
[SKIP] wvfFind_event67294_trackID9_opNum2_2.root (ms_ch=2)
[PASS] wvfFind_event34995_trackID0_opNum5.root → copied (ms_ch=5)
[SKIP] wvfFind_event45414_trackID12_opNum2.root (ms_ch=2)
[SKIP] wvfFind_event67588_trackID1_opNum1_merged.root (ms_ch=1)
[PASS] wvfFind_event70927_trackID5_opNum9.root → copied (ms_ch=9)
[PASS] wvfFind_event112_trackID6_opNum5.root → copied (ms_ch=5)
[PASS] wvfFind_event62357_trackID6_opNum9_2.root → copied (ms_ch=9)
[PASS] wvfFind_event72228_trackID4_opNum5.root → copied (ms_ch=5)
[PASS] wvfFind_event64101_trackID11_opNum9.root → copied (ms_ch=9)
[PASS] wvfFind_event36304_trackID10_opNum5.root → copied (ms_ch=5)
[PASS] wvfFind_event46075_trackID19_opNum3_2.root → copied (ms_ch=3)
[PASS] wvfFind_event25980_trackID3_opNum6_merged.root → copied (ms_ch=6)
[PASS] wvfFind_event61571_trackID8_opNum5.root → copied (ms_ch=5)
[PASS] wvfFind_event40663_trackID2_opNum5.root → copied (ms_ch=5)
[PASS] wvfFind_event30602_trackID0_opNum3.root → copied (ms_ch=3)
[PASS] wvfFind_event75725_trackID4_opNum4_2.root → copied (ms_ch=4)
[PASS] wvfFind_event60049_trackID27_opNum9.root → copied (ms_ch=9)
[PASS] wvfFind_event30604_trackID4_opNum8.root → copied (ms_ch=8)
[PASS] wvfFind_event74572_trackID1_opNum9.root → copied (ms_ch=9)
[PASS] wvfFind_event55166_trackID4_opNum4_2.root → copied (ms_ch=4)
[SKIP] wvfFind_event27335_trackID6_opNum2.root (ms_ch=2)
[SKIP] wvfFind_event26888_trackID11_opNum2.root (ms_ch=2)
[PASS] wvfFind_event73817_trackID1_opNum8.root → copied (ms_ch=8)
[PASS] wvfFind_event67024_trackID2_opNum6_2.root → copied (ms_ch=6)
[PASS] wvfFind_event11963_trackID3_opNum4.root → copied (ms_ch=4)
[PASS] wvfFind_event1412_trackID17_opNum9.root → copied (ms_ch=9)
[PASS] wvfFind_event26582_trackID5_opNum7.root → copied (ms_ch=7)
[PASS] wvfFind_event71029_trackID12_opNum9.root → copied (ms_ch=9)
[PASS] wvfFind_event15617_trackID21_opNum9_merged.root → copied (ms_ch=9)
[PASS] wvfFind_event64206_trackID12_opNum6.root → copied (ms_ch=6)
[PASS] wvfFind_event68069_trackID2_opNum6.root → copied (ms_ch=6)
[PASS] wvfFind_event42716_trackID26_opNum7.root → copied (ms_ch=7)
[PASS] wvfFind_event52529_trackID11_opNum3_2.root → copied (ms_ch=3)
[PASS] wvfFind_event21907_trackID2_opNum9.root → copied (ms_ch=9)
[PASS] wvfFind_event53110_trackID7_opNum3_2.root → copied (ms_ch=3)
[SKIP] wvfFind_event59851_trackID5_opNum1_merged.root (ms_ch=1)
[PASS] wvfFind_event62984_trackID9_opNum3.root → copied (ms_ch=3)
[SKIP] wvfFind_event54758_trackID9_opNum2_merged.root (ms_ch=2)
[PASS] wvfFind_event8582_trackID2_opNum4_merged.root → copied (ms_ch=4)
[PASS] wvfFind_event67273_trackID7_opNum5.root → copied (ms_ch=5)
[PASS] wvfFind_event54824_trackID16_opNum4.root → copied (ms_ch=4)
[PASS] wvfFind_event37279_trackID10_opNum9.root → copied (ms_ch=9)
[PASS] wvfFind_event63415_trackID0_opNum4.root → copied (ms_ch=4)
[PASS] wvfFind_event35600_trackID28_opNum9.root → copied (ms_ch=9)
[PASS] wvfFind_event58012_trackID11_opNum7.root → copied (ms_ch=7)
[PASS] wvfFind_event72114_trackID19_opNum8.root → copied (ms_ch=8)
[PASS] wvfFind_event38236_trackID21_opNum9.root → copied (ms_ch=9)
[PASS] wvfFind_event7082_trackID6_opNum3_merged.root → copied (ms_ch=3)
[PASS] wvfFind_event53421_trackID3_opNum9.root → copied (ms_ch=9)
[PASS] wvfFind_event38703_trackID9_opNum4.root → copied (ms_ch=4)
[PASS] wvfFind_event38332_trackID33_opNum9.root → copied (ms_ch=9)
[PASS] wvfFind_event77844_trackID12_opNum8.root → copied (ms_ch=8)
[PASS] wvfFind_event24263_trackID15_opNum8.root → copied (ms_ch=8)
[SKIP] wvfFind_event18667_trackID18_opNum2.root (ms_ch=2)
[PASS] wvfFind_event26195_trackID2_opNum8.root → copied (ms_ch=8)
[PASS] wvfFind_event58726_trackID4_opNum3.root → copied (ms_ch=3)
[PASS] wvfFind_event51538_trackID7_opNum3.root → copied (ms_ch=3)
[PASS] wvfFind_event63037_trackID7_opNum8_merged.root → copied (ms_ch=8)
[PASS] wvfFind_event41439_trackID19_opNum8.root → copied (ms_ch=8)
[SKIP] wvfFind_event15103_trackID5_opNum2.root (ms_ch=2)
[PASS] wvfFind_event28326_trackID16_opNum9.root → copied (ms_ch=9)
[PASS] wvfFind_event46203_trackID2_opNum4_2.root → copied (ms_ch=4)
[PASS] wvfFind_event77740_trackID6_opNum9_merged.root → copied (ms_ch=9)
[PASS] wvfFind_event50191_trackID10_opNum8.root → copied (ms_ch=8)
[SKIP] wvfFind_event3299_trackID0_opNum1_merged.root (ms_ch=1)
[PASS] wvfFind_event10232_trackID0_opNum9.root → copied (ms_ch=9)
[PASS] wvfFind_event55061_trackID11_opNum9.root → copied (ms_ch=9)
[PASS] wvfFind_event70883_trackID0_opNum4.root → copied (ms_ch=4)
[SKIP] wvfFind_event59355_trackID4_opNum2_merged.root (ms_ch=2)
[PASS] wvfFind_event52394_trackID6_opNum8.root → copied (ms_ch=8)
[PASS] wvfFind_event17648_trackID2_opNum3.root → copied (ms_ch=3)
[PASS] wvfFind_event35234_trackID1_opNum9.root → copied (ms_ch=9)
[PASS] wvfFind_event55724_trackID19_opNum5.root → copied (ms_ch=5)
[PASS] wvfFind_event68848_trackID10_opNum9_2.root → copied (ms_ch=9)
[PASS] wvfFind_event45782_trackID12_opNum3.root → copied (ms_ch=3)
[PASS] wvfFind_event22879_trackID4_opNum5_2.root → copied (ms_ch=5)
[PASS] wvfFind_event15901_trackID25_opNum3.root → copied (ms_ch=3)
[PASS] wvfFind_event15338_trackID11_opNum4.root → copied (ms_ch=4)
[SKIP] wvfFind_event55815_trackID20_opNum1_merged.root (ms_ch=1)
[PASS] wvfFind_event68594_trackID0_opNum5_2.root → copied (ms_ch=5)
[PASS] wvfFind_event47644_trackID6_opNum3_2.root → copied (ms_ch=3)
[PASS] wvfFind_event12037_trackID11_opNum9_merged.root → copied (ms_ch=9)
[PASS] wvfFind_event38616_trackID17_opNum6.root → copied (ms_ch=6)
[PASS] wvfFind_event27356_trackID19_opNum6.root → copied (ms_ch=6)
[SKIP] wvfFind_event9886_trackID3_opNum2_2.root (ms_ch=2)
[PASS] wvfFind_event69558_trackID0_opNum4.root → copied (ms_ch=4)
[PASS] wvfFind_event63738_trackID24_opNum6_merged.root → copied (ms_ch=6)
[PASS] wvfFind_event5453_trackID9_opNum8.root → copied (ms_ch=8)
[SKIP] wvfFind_event70616_trackID26_opNum1_merged.root (ms_ch=1)
[PASS] wvfFind_event40973_trackID5_opNum4.root → copied (ms_ch=4)
[PASS] wvfFind_event27208_trackID0_opNum3.root → copied (ms_ch=3)
[PASS] wvfFind_event8445_trackID0_opNum3_2.root → copied (ms_ch=3)
[PASS] wvfFind_event22027_trackID1_opNum5.root → copied (ms_ch=5)
[PASS] wvfFind_event68583_trackID0_opNum9.root → copied (ms_ch=9)
[SKIP] wvfFind_event62844_trackID9_opNum2.root (ms_ch=2)
[PASS] wvfFind_event76348_trackID17_opNum9.root → copied (ms_ch=9)
[PASS] wvfFind_event60256_trackID2_opNum3_2.root → copied (ms_ch=3)
[PASS] wvfFind_event52900_trackID10_opNum5.root → copied (ms_ch=5)
[PASS] wvfFind_event36773_trackID6_opNum4.root → copied (ms_ch=4)
[PASS] wvfFind_event59378_trackID20_opNum6.root → copied (ms_ch=6)
[PASS] wvfFind_event57856_trackID2_opNum9_2.root → copied (ms_ch=9)
[PASS] wvfFind_event546_trackID3_opNum8_merged.root → copied (ms_ch=8)
[PASS] wvfFind_event10890_trackID12_opNum9.root → copied (ms_ch=9)
[PASS] wvfFind_event7338_trackID0_opNum4_2.root → copied (ms_ch=4)
[PASS] wvfFind_event18734_trackID12_opNum8_2.root → copied (ms_ch=8)
[PASS] wvfFind_event4219_trackID12_opNum7_2.root → copied (ms_ch=7)
[PASS] wvfFind_event27669_trackID6_opNum9.root → copied (ms_ch=9)
[PASS] wvfFind_event44495_trackID1_opNum9.root → copied (ms_ch=9)
[SKIP] wvfFind_event39332_trackID5_opNum2.root (ms_ch=2)
[PASS] wvfFind_event38524_trackID13_opNum9.root → copied (ms_ch=9)
[PASS] wvfFind_event41102_trackID3_opNum4.root → copied (ms_ch=4)
[PASS] wvfFind_event2182_trackID17_opNum5.root → copied (ms_ch=5)
[PASS] wvfFind_event56101_trackID3_opNum6.root → copied (ms_ch=6)
[PASS] wvfFind_event7902_trackID6_opNum4.root → copied (ms_ch=4)
[PASS] wvfFind_event51864_trackID8_opNum4.root → copied (ms_ch=4)
[PASS] wvfFind_event75274_trackID14_opNum9.root → copied (ms_ch=9)
[PASS] wvfFind_event42006_trackID9_opNum5.root → copied (ms_ch=5)
[PASS] wvfFind_event62030_trackID4_opNum4_2.root → copied (ms_ch=4)
[PASS] wvfFind_event53197_trackID5_opNum7_merged.root → copied (ms_ch=7)
[PASS] wvfFind_event14636_trackID3_opNum4.root → copied (ms_ch=4)
[PASS] wvfFind_event26044_trackID18_opNum5.root → copied (ms_ch=5)
[PASS] wvfFind_event61962_trackID1_opNum9.root → copied (ms_ch=9)
[PASS] wvfFind_event74977_trackID1_opNum4_2.root → copied (ms_ch=4)
[SKIP] wvfFind_event45412_trackID13_opNum1_merged.root (ms_ch=1)
[SKIP] wvfFind_event39777_trackID6_opNum2.root (ms_ch=2)
[PASS] wvfFind_event66690_trackID8_opNum3.root → copied (ms_ch=3)
[PASS] wvfFind_event38622_trackID21_opNum9.root → copied (ms_ch=9)
[SKIP] wvfFind_event24511_trackID9_opNum1_merged.root (ms_ch=1)
[PASS] wvfFind_event55494_trackID0_opNum8.root → copied (ms_ch=8)
[PASS] wvfFind_event42333_trackID11_opNum3.root → copied (ms_ch=3)
[SKIP] wvfFind_event23848_trackID24_opNum1_merged.root (ms_ch=1)
[PASS] wvfFind_event53850_trackID1_opNum5.root → copied (ms_ch=5)
[PASS] wvfFind_event74689_trackID17_opNum9_2.root → copied (ms_ch=9)
[PASS] wvfFind_event63780_trackID1_opNum4.root → copied (ms_ch=4)
[SKIP] wvfFind_event43598_trackID27_opNum1_merged.root (ms_ch=1)
[PASS] wvfFind_event22192_trackID6_opNum8.root → copied (ms_ch=8)
[PASS] wvfFind_event10770_trackID25_opNum5.root → copied (ms_ch=5)
[PASS] wvfFind_event28215_trackID13_opNum9.root → copied (ms_ch=9)
[PASS] wvfFind_event44628_trackID14_opNum6.root → copied (ms_ch=6)
[PASS] wvfFind_event53281_trackID45_opNum3_merged.root → copied (ms_ch=3)
[PASS] wvfFind_event22420_trackID33_opNum8.root → copied (ms_ch=8)
[PASS] wvfFind_event61945_trackID11_opNum3.root → copied (ms_ch=3)
[PASS] wvfFind_event3976_trackID22_opNum7.root → copied (ms_ch=7)
[PASS] wvfFind_event21494_trackID10_opNum8.root → copied (ms_ch=8)
[PASS] wvfFind_event60957_trackID4_opNum8.root → copied (ms_ch=8)
[PASS] wvfFind_event63609_trackID0_opNum5.root → copied (ms_ch=5)
[PASS] wvfFind_event252_trackID4_opNum8_2.root → copied (ms_ch=8)
[PASS] wvfFind_event63857_trackID20_opNum9.root → copied (ms_ch=9)
[PASS] wvfFind_event19653_trackID17_opNum4.root → copied (ms_ch=4)
[SKIP] wvfFind_event10825_trackID6_opNum2.root (ms_ch=2)
[PASS] wvfFind_event34033_trackID2_opNum4.root → copied (ms_ch=4)
[PASS] wvfFind_event11586_trackID26_opNum5_2.root → copied (ms_ch=5)
[PASS] wvfFind_event75842_trackID25_opNum5_2.root → copied (ms_ch=5)
[PASS] wvfFind_event67865_trackID1_opNum8.root → copied (ms_ch=8)
[PASS] wvfFind_event28641_trackID2_opNum5.root → copied (ms_ch=5)
[PASS] wvfFind_event56507_trackID6_opNum9.root → copied (ms_ch=9)
[PASS] wvfFind_event52503_trackID9_opNum4.root → copied (ms_ch=4)
[PASS] wvfFind_event74274_trackID5_opNum9_2.root → copied (ms_ch=9)
[PASS] wvfFind_event17439_trackID5_opNum3.root → copied (ms_ch=3)
[PASS] wvfFind_event43114_trackID1_opNum3.root → copied (ms_ch=3)
[PASS] wvfFind_event69160_trackID20_opNum4_merged.root → copied (ms_ch=4)
[PASS] wvfFind_event26592_trackID10_opNum3.root → copied (ms_ch=3)
[PASS] wvfFind_event68905_trackID23_opNum5.root → copied (ms_ch=5)
[PASS] wvfFind_event55812_trackID13_opNum8.root → copied (ms_ch=8)
[PASS] wvfFind_event70612_trackID15_opNum6.root → copied (ms_ch=6)
[PASS] wvfFind_event51598_trackID11_opNum3.root → copied (ms_ch=3)
[PASS] wvfFind_event66798_trackID15_opNum9.root → copied (ms_ch=9)
[SKIP] wvfFind_event13283_trackID26_opNum1_merged.root (ms_ch=1)
[PASS] wvfFind_event37444_trackID19_opNum9_2.root → copied (ms_ch=9)
[PASS] wvfFind_event70077_trackID33_opNum9.root → copied (ms_ch=9)
[SKIP] wvfFind_event31342_trackID4_opNum2.root (ms_ch=2)
[PASS] wvfFind_event38508_trackID2_opNum5_merged.root → copied (ms_ch=5)
[PASS] wvfFind_event1818_trackID3_opNum9.root → copied (ms_ch=9)
[PASS] wvfFind_event51955_trackID2_opNum4_2.root → copied (ms_ch=4)
[PASS] wvfFind_event51495_trackID3_opNum9.root → copied (ms_ch=9)
[PASS] wvfFind_event7642_trackID4_opNum5_merged.root → copied (ms_ch=5)
[PASS] wvfFind_event69114_trackID0_opNum4_2.root → copied (ms_ch=4)
[PASS] wvfFind_event35313_trackID22_opNum9.root → copied (ms_ch=9)
[PASS] wvfFind_event30681_trackID1_opNum4.root → copied (ms_ch=4)
[SKIP] wvfFind_event61718_trackID1_opNum2_2.root (ms_ch=2)
[PASS] wvfFind_event1219_trackID9_opNum9.root → copied (ms_ch=9)
[PASS] wvfFind_event52369_trackID9_opNum5.root → copied (ms_ch=5)
[PASS] wvfFind_event16744_trackID4_opNum5.root → copied (ms_ch=5)
[PASS] wvfFind_event30666_trackID17_opNum7.root → copied (ms_ch=7)
[PASS] wvfFind_event75294_trackID7_opNum3.root → copied (ms_ch=3)
[PASS] wvfFind_event31283_trackID3_opNum7.root → copied (ms_ch=7)
[PASS] wvfFind_event27791_trackID6_opNum9.root → copied (ms_ch=9)
[SKIP] wvfFind_event70144_trackID25_opNum1_merged.root (ms_ch=1)
[PASS] wvfFind_event1517_trackID14_opNum8.root → copied (ms_ch=8)
[PASS] wvfFind_event56630_trackID6_opNum5.root → copied (ms_ch=5)
[PASS] wvfFind_event75262_trackID1_opNum9.root → copied (ms_ch=9)
[PASS] wvfFind_event32726_trackID3_opNum5_2.root → copied (ms_ch=5)
[PASS] wvfFind_event10990_trackID2_opNum5.root → copied (ms_ch=5)
[PASS] wvfFind_event68885_trackID13_opNum5.root → copied (ms_ch=5)
[SKIP] wvfFind_event8793_trackID4_opNum2_merged.root (ms_ch=2)
[PASS] wvfFind_event9697_trackID29_opNum3.root → copied (ms_ch=3)
[PASS] wvfFind_event3818_trackID5_opNum3_merged.root → copied (ms_ch=3)
[PASS] wvfFind_event41793_trackID2_opNum5.root → copied (ms_ch=5)
[SKIP] wvfFind_event5634_trackID12_opNum1_merged.root (ms_ch=1)
[SKIP] wvfFind_event25999_trackID28_opNum2.root (ms_ch=2)
[PASS] wvfFind_event76830_trackID35_opNum8.root → copied (ms_ch=8)
[PASS] wvfFind_event20935_trackID10_opNum8.root → copied (ms_ch=8)
[PASS] wvfFind_event29895_trackID1_opNum3.root → copied (ms_ch=3)
[PASS] wvfFind_event77917_trackID2_opNum4.root → copied (ms_ch=4)
[SKIP] wvfFind_event56340_trackID12_opNum1_merged.root (ms_ch=1)
[PASS] wvfFind_event49367_trackID14_opNum6.root → copied (ms_ch=6)
[PASS] wvfFind_event31335_trackID8_opNum4.root → copied (ms_ch=4)
[PASS] wvfFind_event72166_trackID17_opNum7.root → copied (ms_ch=7)
[SKIP] wvfFind_event11350_trackID13_opNum1_merged.root (ms_ch=1)
[PASS] wvfFind_event36335_trackID7_opNum4.root → copied (ms_ch=4)
[PASS] wvfFind_event41185_trackID11_opNum9.root → copied (ms_ch=9)
[PASS] wvfFind_event40755_trackID10_opNum5_merged.root → copied (ms_ch=5)
[PASS] wvfFind_event4252_trackID13_opNum5.root → copied (ms_ch=5)
[PASS] wvfFind_event62030_trackID4_opNum4_3.root → copied (ms_ch=4)
[PASS] wvfFind_event24023_trackID3_opNum9_merged.root → copied (ms_ch=9)
[PASS] wvfFind_event30283_trackID1_opNum4_merged.root → copied (ms_ch=4)
[PASS] wvfFind_event19724_trackID8_opNum3.root → copied (ms_ch=3)
[SKIP] wvfFind_event57196_trackID38_opNum1_merged.root (ms_ch=1)
[SKIP] wvfFind_event22942_trackID14_opNum1_merged.root (ms_ch=1)
[PASS] wvfFind_event54780_trackID7_opNum3_merged.root → copied (ms_ch=3)
[PASS] wvfFind_event35841_trackID6_opNum5_merged.root → copied (ms_ch=5)
[PASS] wvfFind_event643_trackID7_opNum5.root → copied (ms_ch=5)
[SKIP] wvfFind_event29799_trackID7_opNum1_merged.root (ms_ch=1)
[PASS] wvfFind_event618_trackID6_opNum3_2.root → copied (ms_ch=3)
[PASS] wvfFind_event4507_trackID18_opNum9.root → copied (ms_ch=9)
[PASS] wvfFind_event1128_trackID7_opNum8.root → copied (ms_ch=8)
[PASS] wvfFind_event4209_trackID3_opNum3_merged.root → copied (ms_ch=3)
[PASS] wvfFind_event38049_trackID3_opNum4.root → copied (ms_ch=4)
[PASS] wvfFind_event72114_trackID9_opNum9_2.root → copied (ms_ch=9)
[SKIP] wvfFind_event66335_trackID2_opNum2.root (ms_ch=2)
[PASS] wvfFind_event46895_trackID16_opNum7.root → copied (ms_ch=7)
[PASS] wvfFind_event74506_trackID1_opNum4_2.root → copied (ms_ch=4)
[PASS] wvfFind_event26822_trackID1_opNum5_merged.root → copied (ms_ch=5)
[PASS] wvfFind_event77822_trackID22_opNum7.root → copied (ms_ch=7)
[PASS] wvfFind_event35781_trackID11_opNum8_merged.root → copied (ms_ch=8)
[PASS] wvfFind_event57371_trackID0_opNum4_2.root → copied (ms_ch=4)
[PASS] wvfFind_event25717_trackID0_opNum5_merged.root → copied (ms_ch=5)
[PASS] wvfFind_event68166_trackID15_opNum4.root → copied (ms_ch=4)
[PASS] wvfFind_event5215_trackID7_opNum4.root → copied (ms_ch=4)
[PASS] wvfFind_event6415_trackID14_opNum5.root → copied (ms_ch=5)
[PASS] wvfFind_event76036_trackID17_opNum4_2.root → copied (ms_ch=4)
[PASS] wvfFind_event49753_trackID2_opNum9.root → copied (ms_ch=9)
[PASS] wvfFind_event63113_trackID13_opNum5.root → copied (ms_ch=5)
[PASS] wvfFind_event58459_trackID5_opNum9.root → copied (ms_ch=9)
[PASS] wvfFind_event38858_trackID11_opNum3_merged.root → copied (ms_ch=3)
[SKIP] wvfFind_event62530_trackID2_opNum1_merged.root (ms_ch=1)
[PASS] wvfFind_event76141_trackID9_opNum8.root → copied (ms_ch=8)
[SKIP] wvfFind_event73004_trackID12_opNum2.root (ms_ch=2)
[PASS] wvfFind_event13616_trackID19_opNum7.root → copied (ms_ch=7)
[PASS] wvfFind_event35089_trackID5_opNum6.root → copied (ms_ch=6)
[PASS] wvfFind_event21914_trackID14_opNum9.root → copied (ms_ch=9)
[PASS] wvfFind_event76665_trackID8_opNum6.root → copied (ms_ch=6)
[SKIP] wvfFind_event68010_trackID14_opNum1_merged.root (ms_ch=1)
[PASS] wvfFind_event23255_trackID10_opNum6_merged.root → copied (ms_ch=6)
[PASS] wvfFind_event47481_trackID0_opNum8.root → copied (ms_ch=8)
[PASS] wvfFind_event30495_trackID10_opNum9.root → copied (ms_ch=9)
[PASS] wvfFind_event7716_trackID18_opNum6_2.root → copied (ms_ch=6)
[PASS] wvfFind_event12814_trackID0_opNum4.root → copied (ms_ch=4)
[PASS] wvfFind_event66542_trackID35_opNum8.root → copied (ms_ch=8)
[PASS] wvfFind_event56091_trackID4_opNum6_merged.root → copied (ms_ch=6)
[PASS] wvfFind_event34906_trackID9_opNum7_merged.root → copied (ms_ch=7)
[PASS] wvfFind_event24467_trackID11_opNum8.root → copied (ms_ch=8)
[PASS] wvfFind_event51495_trackID1_opNum8_2.root → copied (ms_ch=8)
[SKIP] wvfFind_event12836_trackID5_opNum2_merged.root (ms_ch=2)
[PASS] wvfFind_event35300_trackID4_opNum6_2.root → copied (ms_ch=6)
[PASS] wvfFind_event39554_trackID13_opNum3.root → copied (ms_ch=3)
[PASS] wvfFind_event69289_trackID8_opNum4.root → copied (ms_ch=4)
[PASS] wvfFind_event32395_trackID11_opNum8.root → copied (ms_ch=8)
[SKIP] wvfFind_event25453_trackID17_opNum2.root (ms_ch=2)
[PASS] wvfFind_event3934_trackID23_opNum7_merged.root → copied (ms_ch=7)
[PASS] wvfFind_event4273_trackID26_opNum5_2.root → copied (ms_ch=5)
[PASS] wvfFind_event33220_trackID1_opNum5.root → copied (ms_ch=5)
[PASS] wvfFind_event74968_trackID19_opNum9_2.root → copied (ms_ch=9)
[PASS] wvfFind_event27779_trackID4_opNum5.root → copied (ms_ch=5)
[PASS] wvfFind_event30838_trackID9_opNum6.root → copied (ms_ch=6)
[PASS] wvfFind_event45888_trackID5_opNum3.root → copied (ms_ch=3)
[PASS] wvfFind_event75165_trackID8_opNum5_merged.root → copied (ms_ch=5)
[PASS] wvfFind_event26328_trackID1_opNum4.root → copied (ms_ch=4)
[PASS] wvfFind_event75433_trackID10_opNum4_merged.root → copied (ms_ch=4)
[PASS] wvfFind_event39817_trackID0_opNum4.root → copied (ms_ch=4)
[SKIP] wvfFind_event41380_trackID13_opNum1_merged.root (ms_ch=1)
[PASS] wvfFind_event77802_trackID14_opNum5.root → copied (ms_ch=5)
[PASS] wvfFind_event16152_trackID1_opNum4.root → copied (ms_ch=4)
[PASS] wvfFind_event48537_trackID35_opNum3_merged.root → copied (ms_ch=3)
[PASS] wvfFind_event35013_trackID0_opNum8_2.root → copied (ms_ch=8)
[PASS] wvfFind_event21356_trackID12_opNum7.root → copied (ms_ch=7)
[PASS] wvfFind_event73225_trackID8_opNum9.root → copied (ms_ch=9)
[PASS] wvfFind_event60544_trackID10_opNum3.root → copied (ms_ch=3)
[PASS] wvfFind_event18709_trackID7_opNum8.root → copied (ms_ch=8)
[PASS] wvfFind_event36983_trackID10_opNum5.root → copied (ms_ch=5)
[PASS] wvfFind_event12429_trackID2_opNum3_merged.root → copied (ms_ch=3)
[PASS] wvfFind_event69534_trackID19_opNum8.root → copied (ms_ch=8)
[PASS] wvfFind_event53961_trackID0_opNum9.root → copied (ms_ch=9)
[PASS] wvfFind_event17705_trackID12_opNum3_merged.root → copied (ms_ch=3)
[PASS] wvfFind_event16003_trackID4_opNum3_2.root → copied (ms_ch=3)
[PASS] wvfFind_event28295_trackID0_opNum3.root → copied (ms_ch=3)
[PASS] wvfFind_event43764_trackID15_opNum9.root → copied (ms_ch=9)
[PASS] wvfFind_event15141_trackID5_opNum5_2.root → copied (ms_ch=5)
[PASS] wvfFind_event24097_trackID12_opNum4_merged.root → copied (ms_ch=4)
[PASS] wvfFind_event19378_trackID2_opNum4.root → copied (ms_ch=4)
[PASS] wvfFind_event25511_trackID7_opNum4.root → copied (ms_ch=4)
[PASS] wvfFind_event53421_trackID3_opNum9_2.root → copied (ms_ch=9)
[PASS] wvfFind_event51562_trackID14_opNum4.root → copied (ms_ch=4)
[SKIP] wvfFind_event42785_trackID7_opNum1_merged.root (ms_ch=1)
[PASS] wvfFind_event58487_trackID1_opNum5.root → copied (ms_ch=5)
[PASS] wvfFind_event65862_trackID2_opNum5.root → copied (ms_ch=5)
[PASS] wvfFind_event29267_trackID17_opNum6.root → copied (ms_ch=6)
[PASS] wvfFind_event19511_trackID0_opNum5.root → copied (ms_ch=5)
[PASS] wvfFind_event25575_trackID2_opNum8.root → copied (ms_ch=8)
[PASS] wvfFind_event5422_trackID17_opNum9.root → copied (ms_ch=9)
[PASS] wvfFind_event50104_trackID4_opNum4_merged.root → copied (ms_ch=4)
[PASS] wvfFind_event65445_trackID2_opNum5_merged.root → copied (ms_ch=5)
[PASS] wvfFind_event18919_trackID3_opNum9.root → copied (ms_ch=9)
[PASS] wvfFind_event63827_trackID22_opNum3_merged.root → copied (ms_ch=3)
[PASS] wvfFind_event24516_trackID12_opNum9_2.root → copied (ms_ch=9)
[PASS] wvfFind_event62334_trackID13_opNum5.root → copied (ms_ch=5)
[PASS] wvfFind_event77601_trackID21_opNum6.root → copied (ms_ch=6)
[PASS] wvfFind_event41529_trackID12_opNum5.root → copied (ms_ch=5)
[PASS] wvfFind_event6473_trackID14_opNum9.root → copied (ms_ch=9)
[SKIP] wvfFind_event41599_trackID7_opNum2.root (ms_ch=2)
[PASS] wvfFind_event56124_trackID1_opNum4_2.root → copied (ms_ch=4)
[PASS] wvfFind_event65425_trackID6_opNum9.root → copied (ms_ch=9)
[PASS] wvfFind_event63606_trackID5_opNum9.root → copied (ms_ch=9)
[SKIP] wvfFind_event12534_trackID3_opNum1_merged.root (ms_ch=1)
[SKIP] wvfFind_event33719_trackID23_opNum2.root (ms_ch=2)
[PASS] wvfFind_event71939_trackID13_opNum5.root → copied (ms_ch=5)
[PASS] wvfFind_event17409_trackID8_opNum9_2.root → copied (ms_ch=9)
[PASS] wvfFind_event25897_trackID20_opNum9.root → copied (ms_ch=9)
[PASS] wvfFind_event67320_trackID4_opNum5.root → copied (ms_ch=5)
[PASS] wvfFind_event50104_trackID5_opNum4_2.root → copied (ms_ch=4)
[PASS] wvfFind_event64407_trackID34_opNum9.root → copied (ms_ch=9)
[SKIP] wvfFind_event39728_trackID8_opNum1_merged.root (ms_ch=1)
[PASS] wvfFind_event1304_trackID11_opNum8_2.root → copied (ms_ch=8)
[PASS] wvfFind_event66146_trackID7_opNum5.root → copied (ms_ch=5)
[PASS] wvfFind_event68809_trackID0_opNum4.root → copied (ms_ch=4)
[SKIP] wvfFind_event69432_trackID27_opNum1_merged.root (ms_ch=1)
[PASS] wvfFind_event9241_trackID0_opNum8.root → copied (ms_ch=8)
[SKIP] wvfFind_event76169_trackID2_opNum1_merged.root (ms_ch=1)
[SKIP] wvfFind_event12057_trackID10_opNum1_merged.root (ms_ch=1)
[PASS] wvfFind_event43897_trackID10_opNum7.root → copied (ms_ch=7)
[PASS] wvfFind_event48_trackID3_opNum3.root → copied (ms_ch=3)
[PASS] wvfFind_event22512_trackID10_opNum8.root → copied (ms_ch=8)
[PASS] wvfFind_event5393_trackID0_opNum5_2.root → copied (ms_ch=5)
[PASS] wvfFind_event68792_trackID7_opNum3.root → copied (ms_ch=3)
[PASS] wvfFind_event13371_trackID4_opNum5.root → copied (ms_ch=5)
[PASS] wvfFind_event53973_trackID3_opNum3.root → copied (ms_ch=3)
[PASS] wvfFind_event3868_trackID6_opNum4.root → copied (ms_ch=4)
[PASS] wvfFind_event69008_trackID14_opNum3.root → copied (ms_ch=3)
[PASS] wvfFind_event65266_trackID4_opNum9.root → copied (ms_ch=9)
[PASS] wvfFind_event47325_trackID9_opNum5_2.root → copied (ms_ch=5)
[PASS] wvfFind_event65436_trackID5_opNum5.root → copied (ms_ch=5)
[PASS] wvfFind_event11713_trackID19_opNum6_merged.root → copied (ms_ch=6)
[PASS] wvfFind_event32918_trackID11_opNum8.root → copied (ms_ch=8)
[PASS] wvfFind_event6291_trackID7_opNum5.root → copied (ms_ch=5)
[PASS] wvfFind_event21883_trackID7_opNum8.root → copied (ms_ch=8)
[PASS] wvfFind_event52390_trackID7_opNum6.root → copied (ms_ch=6)
[PASS] wvfFind_event9746_trackID9_opNum8_merged.root → copied (ms_ch=8)
[PASS] wvfFind_event28901_trackID7_opNum5.root → copied (ms_ch=5)
[PASS] wvfFind_event29109_trackID1_opNum5.root → copied (ms_ch=5)
[PASS] wvfFind_event46058_trackID4_opNum5.root → copied (ms_ch=5)
[PASS] wvfFind_event34079_trackID1_opNum4.root → copied (ms_ch=4)
[PASS] wvfFind_event59548_trackID12_opNum9.root → copied (ms_ch=9)
[PASS] wvfFind_event28144_trackID12_opNum8.root → copied (ms_ch=8)
[PASS] wvfFind_event52001_trackID7_opNum9.root → copied (ms_ch=9)
[PASS] wvfFind_event4265_trackID14_opNum8.root → copied (ms_ch=8)
[PASS] wvfFind_event74546_trackID6_opNum8_merged.root → copied (ms_ch=8)
[PASS] wvfFind_event38021_trackID8_opNum8.root → copied (ms_ch=8)
[PASS] wvfFind_event27080_trackID12_opNum5.root → copied (ms_ch=5)
[SKIP] wvfFind_event37674_trackID0_opNum1_merged.root (ms_ch=1)
[PASS] wvfFind_event32105_trackID13_opNum9.root → copied (ms_ch=9)
[PASS] wvfFind_event33305_trackID10_opNum7.root → copied (ms_ch=7)
[PASS] wvfFind_event52762_trackID17_opNum4.root → copied (ms_ch=4)
[PASS] wvfFind_event17642_trackID1_opNum5.root → copied (ms_ch=5)
[PASS] wvfFind_event76517_trackID23_opNum8.root → copied (ms_ch=8)
[PASS] wvfFind_event46807_trackID6_opNum3.root → copied (ms_ch=3)
[PASS] wvfFind_event54074_trackID15_opNum9_merged.root → copied (ms_ch=9)
[PASS] wvfFind_event33906_trackID12_opNum8.root → copied (ms_ch=8)
[PASS] wvfFind_event55686_trackID8_opNum7.root → copied (ms_ch=7)
[PASS] wvfFind_event23079_trackID10_opNum9.root → copied (ms_ch=9)
[PASS] wvfFind_event14851_trackID2_opNum9_2.root → copied (ms_ch=9)
[PASS] wvfFind_event73973_trackID11_opNum5.root → copied (ms_ch=5)
[PASS] wvfFind_event68925_trackID4_opNum5.root → copied (ms_ch=5)
[PASS] wvfFind_event75254_trackID12_opNum8_merged.root → copied (ms_ch=8)
[PASS] wvfFind_event22326_trackID7_opNum9.root → copied (ms_ch=9)
[PASS] wvfFind_event20393_trackID4_opNum5.root → copied (ms_ch=5)
[PASS] wvfFind_event11705_trackID2_opNum9.root → copied (ms_ch=9)
[PASS] wvfFind_event11431_trackID0_opNum5.root → copied (ms_ch=5)
[PASS] wvfFind_event59301_trackID11_opNum8.root → copied (ms_ch=8)
[PASS] wvfFind_event35170_trackID8_opNum5.root → copied (ms_ch=5)
[PASS] wvfFind_event73941_trackID7_opNum9.root → copied (ms_ch=9)
[SKIP] wvfFind_event56968_trackID20_opNum1_merged.root (ms_ch=1)
[PASS] wvfFind_event11777_trackID13_opNum4.root → copied (ms_ch=4)
[SKIP] wvfFind_event10994_trackID1_opNum1_merged.root (ms_ch=1)
[PASS] wvfFind_event46582_trackID0_opNum9.root → copied (ms_ch=9)
[PASS] wvfFind_event63277_trackID6_opNum6.root → copied (ms_ch=6)
[SKIP] wvfFind_event70990_trackID9_opNum2_merged.root (ms_ch=2)
[PASS] wvfFind_event2642_trackID2_opNum9.root → copied (ms_ch=9)
[PASS] wvfFind_event65964_trackID6_opNum5.root → copied (ms_ch=5)
[PASS] wvfFind_event59544_trackID2_opNum5.root → copied (ms_ch=5)
[PASS] wvfFind_event71573_trackID22_opNum9.root → copied (ms_ch=9)
[PASS] wvfFind_event41253_trackID6_opNum5_2.root → copied (ms_ch=5)
[PASS] wvfFind_event45004_trackID4_opNum3.root → copied (ms_ch=3)
[PASS] wvfFind_event69037_trackID10_opNum9.root → copied (ms_ch=9)
[SKIP] wvfFind_event26256_trackID5_opNum2.root (ms_ch=2)
[PASS] wvfFind_event68841_trackID2_opNum9.root → copied (ms_ch=9)
[PASS] wvfFind_event68562_trackID0_opNum9.root → copied (ms_ch=9)
[PASS] wvfFind_event38984_trackID27_opNum9.root → copied (ms_ch=9)
[PASS] wvfFind_event37176_trackID11_opNum4_merged.root → copied (ms_ch=4)
[SKIP] wvfFind_event16780_trackID0_opNum1_merged.root (ms_ch=1)
[PASS] wvfFind_event64470_trackID18_opNum8.root → copied (ms_ch=8)
[PASS] wvfFind_event16450_trackID6_opNum4.root → copied (ms_ch=4)
[PASS] wvfFind_event6665_trackID16_opNum9.root → copied (ms_ch=9)
[SKIP] wvfFind_event24515_trackID21_opNum2.root (ms_ch=2)
[SKIP] wvfFind_event76440_trackID18_opNum1_merged.root (ms_ch=1)
[PASS] wvfFind_event47639_trackID10_opNum9.root → copied (ms_ch=9)
[PASS] wvfFind_event75928_trackID4_opNum9.root → copied (ms_ch=9)
[PASS] wvfFind_event22710_trackID8_opNum8.root → copied (ms_ch=8)
[PASS] wvfFind_event46028_trackID3_opNum9.root → copied (ms_ch=9)
[PASS] wvfFind_event32144_trackID35_opNum5.root → copied (ms_ch=5)
[PASS] wvfFind_event20806_trackID11_opNum3_merged.root → copied (ms_ch=3)
[SKIP] wvfFind_event43720_trackID15_opNum2.root (ms_ch=2)
[PASS] wvfFind_event26642_trackID8_opNum9.root → copied (ms_ch=9)
[PASS] wvfFind_event59729_trackID6_opNum8_merged.root → copied (ms_ch=8)
[PASS] wvfFind_event62016_trackID11_opNum3_2.root → copied (ms_ch=3)
[PASS] wvfFind_event8982_trackID6_opNum9.root → copied (ms_ch=9)
[PASS] wvfFind_event29650_trackID4_opNum5.root → copied (ms_ch=5)
[PASS] wvfFind_event77615_trackID9_opNum9.root → copied (ms_ch=9)
[PASS] wvfFind_event9748_trackID2_opNum3.root → copied (ms_ch=3)
[PASS] wvfFind_event64999_trackID12_opNum8.root → copied (ms_ch=8)
[PASS] wvfFind_event62302_trackID27_opNum5.root → copied (ms_ch=5)
[PASS] wvfFind_event16485_trackID7_opNum3.root → copied (ms_ch=3)
[PASS] wvfFind_event77497_trackID7_opNum8_merged.root → copied (ms_ch=8)
[PASS] wvfFind_event16693_trackID4_opNum5.root → copied (ms_ch=5)
[PASS] wvfFind_event52480_trackID16_opNum6.root → copied (ms_ch=6)
[PASS] wvfFind_event33475_trackID9_opNum4_2.root → copied (ms_ch=4)
[PASS] wvfFind_event41899_trackID1_opNum4.root → copied (ms_ch=4)
[PASS] wvfFind_event52445_trackID5_opNum6.root → copied (ms_ch=6)
[SKIP] wvfFind_event48537_trackID35_opNum2_2.root (ms_ch=2)
[PASS] wvfFind_event38419_trackID17_opNum6.root → copied (ms_ch=6)
[PASS] wvfFind_event54093_trackID11_opNum4.root → copied (ms_ch=4)
[PASS] wvfFind_event7308_trackID2_opNum5_2.root → copied (ms_ch=5)
[PASS] wvfFind_event33510_trackID14_opNum9.root → copied (ms_ch=9)
[PASS] wvfFind_event1276_trackID3_opNum9.root → copied (ms_ch=9)
[PASS] wvfFind_event23905_trackID0_opNum4_2.root → copied (ms_ch=4)
[PASS] wvfFind_event41446_trackID17_opNum9.root → copied (ms_ch=9)
[SKIP] wvfFind_event77825_trackID14_opNum1_merged.root (ms_ch=1)
[PASS] wvfFind_event54356_trackID16_opNum9.root → copied (ms_ch=9)
[PASS] wvfFind_event63501_trackID8_opNum9.root → copied (ms_ch=9)
[PASS] wvfFind_event47671_trackID2_opNum3.root → copied (ms_ch=3)
[PASS] wvfFind_event72649_trackID8_opNum6_merged.root → copied (ms_ch=6)
[PASS] wvfFind_event46000_trackID27_opNum9.root → copied (ms_ch=9)
[PASS] wvfFind_event66862_trackID14_opNum6.root → copied (ms_ch=6)
[PASS] wvfFind_event69051_trackID52_opNum5.root → copied (ms_ch=5)
[PASS] wvfFind_event56493_trackID0_opNum7.root → copied (ms_ch=7)
[PASS] wvfFind_event49606_trackID5_opNum7_merged.root → copied (ms_ch=7)
[PASS] wvfFind_event26910_trackID4_opNum5.root → copied (ms_ch=5)
[PASS] wvfFind_event19737_trackID4_opNum9.root → copied (ms_ch=9)
[PASS] wvfFind_event9820_trackID14_opNum8.root → copied (ms_ch=8)
[PASS] wvfFind_event20384_trackID4_opNum4.root → copied (ms_ch=4)
[PASS] wvfFind_event1729_trackID19_opNum8.root → copied (ms_ch=8)
[PASS] wvfFind_event277_trackID21_opNum9.root → copied (ms_ch=9)
[PASS] wvfFind_event76881_trackID3_opNum4.root → copied (ms_ch=4)
[PASS] wvfFind_event51413_trackID26_opNum6_merged.root → copied (ms_ch=6)
[PASS] wvfFind_event61691_trackID8_opNum7_merged.root → copied (ms_ch=7)
[PASS] wvfFind_event2825_trackID5_opNum9.root → copied (ms_ch=9)
[PASS] wvfFind_event44483_trackID8_opNum3.root → copied (ms_ch=3)
[PASS] wvfFind_event60867_trackID24_opNum8.root → copied (ms_ch=8)
[PASS] wvfFind_event13327_trackID17_opNum9.root → copied (ms_ch=9)
[PASS] wvfFind_event53033_trackID3_opNum4.root → copied (ms_ch=4)
[PASS] wvfFind_event45706_trackID3_opNum9.root → copied (ms_ch=9)
[PASS] wvfFind_event38173_trackID4_opNum9.root → copied (ms_ch=9)
[PASS] wvfFind_event63188_trackID5_opNum3.root → copied (ms_ch=3)
[PASS] wvfFind_event25706_trackID8_opNum9.root → copied (ms_ch=9)
[PASS] wvfFind_event65556_trackID1_opNum4_2.root → copied (ms_ch=4)
[PASS] wvfFind_event11142_trackID16_opNum9.root → copied (ms_ch=9)
[PASS] wvfFind_event66182_trackID40_opNum3.root → copied (ms_ch=3)
[PASS] wvfFind_event74626_trackID14_opNum9.root → copied (ms_ch=9)
[PASS] wvfFind_event13441_trackID3_opNum3.root → copied (ms_ch=3)
[SKIP] wvfFind_event71737_trackID17_opNum1_merged.root (ms_ch=1)
[PASS] wvfFind_event56533_trackID34_opNum8_2.root → copied (ms_ch=8)
[PASS] wvfFind_event77639_trackID18_opNum5.root → copied (ms_ch=5)
[SKIP] wvfFind_event30416_trackID3_opNum1_merged.root (ms_ch=1)
[PASS] wvfFind_event21583_trackID2_opNum5.root → copied (ms_ch=5)
[PASS] wvfFind_event49824_trackID3_opNum3_3.root → copied (ms_ch=3)
[PASS] wvfFind_event12013_trackID7_opNum8.root → copied (ms_ch=8)
[PASS] wvfFind_event76317_trackID16_opNum4.root → copied (ms_ch=4)
[PASS] wvfFind_event21327_trackID4_opNum7_merged.root → copied (ms_ch=7)
[PASS] wvfFind_event44136_trackID13_opNum3_2.root → copied (ms_ch=3)
[PASS] wvfFind_event26953_trackID17_opNum7_merged.root → copied (ms_ch=7)
[PASS] wvfFind_event70675_trackID32_opNum3.root → copied (ms_ch=3)
[PASS] wvfFind_event31788_trackID7_opNum5_2.root → copied (ms_ch=5)
[PASS] wvfFind_event65599_trackID5_opNum3.root → copied (ms_ch=3)
[PASS] wvfFind_event42293_trackID15_opNum3.root → copied (ms_ch=3)
[PASS] wvfFind_event65139_trackID20_opNum6_merged.root → copied (ms_ch=6)
[PASS] wvfFind_event64538_trackID8_opNum8_merged.root → copied (ms_ch=8)
[PASS] wvfFind_event6375_trackID3_opNum7.root → copied (ms_ch=7)
[PASS] wvfFind_event577_trackID19_opNum8.root → copied (ms_ch=8)
[PASS] wvfFind_event50524_trackID1_opNum3_2.root → copied (ms_ch=3)
[PASS] wvfFind_event4414_trackID3_opNum4.root → copied (ms_ch=4)
[PASS] wvfFind_event63685_trackID15_opNum3.root → copied (ms_ch=3)
[PASS] wvfFind_event73244_trackID4_opNum9.root → copied (ms_ch=9)
[PASS] wvfFind_event72685_trackID10_opNum6.root → copied (ms_ch=6)
[SKIP] wvfFind_event31623_trackID1_opNum1_merged.root (ms_ch=1)
[PASS] wvfFind_event21735_trackID9_opNum3_merged.root → copied (ms_ch=3)
[PASS] wvfFind_event59480_trackID15_opNum8.root → copied (ms_ch=8)
[PASS] wvfFind_event9928_trackID7_opNum4.root → copied (ms_ch=4)
[PASS] wvfFind_event50664_trackID9_opNum8.root → copied (ms_ch=8)
[SKIP] wvfFind_event42577_trackID41_opNum1_merged.root (ms_ch=1)
[PASS] wvfFind_event51674_trackID3_opNum7_merged.root → copied (ms_ch=7)
[PASS] wvfFind_event72037_trackID6_opNum9_2.root → copied (ms_ch=9)
[PASS] wvfFind_event24601_trackID4_opNum3.root → copied (ms_ch=3)
[PASS] wvfFind_event4054_trackID5_opNum5.root → copied (ms_ch=5)
[PASS] wvfFind_event50074_trackID17_opNum6_2.root → copied (ms_ch=6)
[PASS] wvfFind_event42087_trackID5_opNum3.root → copied (ms_ch=3)
[PASS] wvfFind_event47805_trackID35_opNum5.root → copied (ms_ch=5)
[PASS] wvfFind_event9729_trackID8_opNum9.root → copied (ms_ch=9)
[PASS] wvfFind_event58593_trackID0_opNum5.root → copied (ms_ch=5)
[SKIP] wvfFind_event66826_trackID31_opNum1_merged.root (ms_ch=1)
[PASS] wvfFind_event33564_trackID2_opNum7_merged.root → copied (ms_ch=7)
[PASS] wvfFind_event32974_trackID13_opNum7.root → copied (ms_ch=7)
[PASS] wvfFind_event35284_trackID5_opNum5.root → copied (ms_ch=5)
[PASS] wvfFind_event40938_trackID3_opNum3.root → copied (ms_ch=3)
[PASS] wvfFind_event41546_trackID1_opNum4_merged.root → copied (ms_ch=4)
[SKIP] wvfFind_event24965_trackID4_opNum1_merged.root (ms_ch=1)
[PASS] wvfFind_event11282_trackID4_opNum4_2.root → copied (ms_ch=4)
[PASS] wvfFind_event34353_trackID18_opNum6.root → copied (ms_ch=6)
[PASS] wvfFind_event63466_trackID12_opNum6.root → copied (ms_ch=6)
[PASS] wvfFind_event36494_trackID21_opNum8.root → copied (ms_ch=8)
[PASS] wvfFind_event9648_trackID2_opNum8.root → copied (ms_ch=8)
[PASS] wvfFind_event77074_trackID12_opNum5_merged.root → copied (ms_ch=5)
[PASS] wvfFind_event3561_trackID20_opNum9_merged.root → copied (ms_ch=9)
[PASS] wvfFind_event19176_trackID0_opNum5_2.root → copied (ms_ch=5)
[SKIP] wvfFind_event8971_trackID3_opNum1_merged.root (ms_ch=1)
[PASS] wvfFind_event32315_trackID2_opNum5.root → copied (ms_ch=5)
[PASS] wvfFind_event50337_trackID26_opNum8.root → copied (ms_ch=8)
[PASS] wvfFind_event60091_trackID0_opNum9.root → copied (ms_ch=9)
[PASS] wvfFind_event11346_trackID15_opNum6.root → copied (ms_ch=6)
[SKIP] wvfFind_event29754_trackID23_opNum2_merged.root (ms_ch=2)
[SKIP] wvfFind_event10206_trackID8_opNum2.root (ms_ch=2)
[PASS] wvfFind_event67392_trackID8_opNum8.root → copied (ms_ch=8)
[SKIP] wvfFind_event57075_trackID10_opNum2.root (ms_ch=2)
[PASS] wvfFind_event11248_trackID18_opNum8_2.root → copied (ms_ch=8)
[PASS] wvfFind_event40734_trackID2_opNum8.root → copied (ms_ch=8)
[PASS] wvfFind_event34398_trackID6_opNum7.root → copied (ms_ch=7)
[PASS] wvfFind_event65326_trackID14_opNum9.root → copied (ms_ch=9)
[PASS] wvfFind_event57827_trackID16_opNum5.root → copied (ms_ch=5)
[PASS] wvfFind_event30167_trackID0_opNum5.root → copied (ms_ch=5)
[PASS] wvfFind_event13523_trackID8_opNum8.root → copied (ms_ch=8)
[PASS] wvfFind_event58901_trackID3_opNum5_2.root → copied (ms_ch=5)
[PASS] wvfFind_event74234_trackID17_opNum6_merged.root → copied (ms_ch=6)
[PASS] wvfFind_event59512_trackID5_opNum7.root → copied (ms_ch=7)
[PASS] wvfFind_event72046_trackID12_opNum5.root → copied (ms_ch=5)
[PASS] wvfFind_event48498_trackID20_opNum8.root → copied (ms_ch=8)
[PASS] wvfFind_event62357_trackID6_opNum9.root → copied (ms_ch=9)
[PASS] wvfFind_event50028_trackID7_opNum9.root → copied (ms_ch=9)
[PASS] wvfFind_event37393_trackID18_opNum8.root → copied (ms_ch=8)
[PASS] wvfFind_event37269_trackID16_opNum9.root → copied (ms_ch=9)
[PASS] wvfFind_event29732_trackID1_opNum8_2.root → copied (ms_ch=8)
[PASS] wvfFind_event62319_trackID9_opNum3.root → copied (ms_ch=3)
[SKIP] wvfFind_event64015_trackID20_opNum1_merged.root (ms_ch=1)
[PASS] wvfFind_event5033_trackID0_opNum3.root → copied (ms_ch=3)
[PASS] wvfFind_event57915_trackID9_opNum6_merged.root → copied (ms_ch=6)
[PASS] wvfFind_event34589_trackID9_opNum4.root → copied (ms_ch=4)
[PASS] wvfFind_event1328_trackID21_opNum6.root → copied (ms_ch=6)
[PASS] wvfFind_event17020_trackID5_opNum4.root → copied (ms_ch=4)
[PASS] wvfFind_event24233_trackID21_opNum9_2.root → copied (ms_ch=9)
[PASS] wvfFind_event6154_trackID33_opNum4.root → copied (ms_ch=4)
[PASS] wvfFind_event42893_trackID5_opNum3_merged.root → copied (ms_ch=3)
[PASS] wvfFind_event44537_trackID18_opNum9.root → copied (ms_ch=9)
[PASS] wvfFind_event26010_trackID8_opNum9.root → copied (ms_ch=9)
[PASS] wvfFind_event62686_trackID13_opNum7.root → copied (ms_ch=7)
[PASS] wvfFind_event48409_trackID3_opNum3_2.root → copied (ms_ch=3)
[SKIP] wvfFind_event70752_trackID1_opNum2.root (ms_ch=2)
[PASS] wvfFind_event26039_trackID16_opNum9.root → copied (ms_ch=9)
[PASS] wvfFind_event73287_trackID6_opNum5_2.root → copied (ms_ch=5)
[SKIP] wvfFind_event54213_trackID9_opNum2.root (ms_ch=2)
[PASS] wvfFind_event5065_trackID6_opNum8.root → copied (ms_ch=8)
[PASS] wvfFind_event63355_trackID6_opNum5.root → copied (ms_ch=5)
[PASS] wvfFind_event29288_trackID2_opNum5.root → copied (ms_ch=5)
[SKIP] wvfFind_event72557_trackID26_opNum2_merged.root (ms_ch=2)
[PASS] wvfFind_event51794_trackID0_opNum5.root → copied (ms_ch=5)
[PASS] wvfFind_event5565_trackID0_opNum4.root → copied (ms_ch=4)
[PASS] wvfFind_event9582_trackID11_opNum6.root → copied (ms_ch=6)
[PASS] wvfFind_event42066_trackID6_opNum4_merged.root → copied (ms_ch=4)
[PASS] wvfFind_event54898_trackID14_opNum6.root → copied (ms_ch=6)
[PASS] wvfFind_event66726_trackID27_opNum4.root → copied (ms_ch=4)
[PASS] wvfFind_event34747_trackID16_opNum9.root → copied (ms_ch=9)
[PASS] wvfFind_event34470_trackID37_opNum9_2.root → copied (ms_ch=9)
[PASS] wvfFind_event3762_trackID5_opNum5.root → copied (ms_ch=5)
[PASS] wvfFind_event40623_trackID9_opNum9_merged.root → copied (ms_ch=9)
[PASS] wvfFind_event72310_trackID11_opNum8.root → copied (ms_ch=8)
[PASS] wvfFind_event66103_trackID4_opNum9_2.root → copied (ms_ch=9)
[PASS] wvfFind_event16972_trackID16_opNum7.root → copied (ms_ch=7)
[PASS] wvfFind_event63162_trackID5_opNum8.root → copied (ms_ch=8)
[PASS] wvfFind_event62030_trackID4_opNum4.root → copied (ms_ch=4)
[PASS] wvfFind_event56460_trackID12_opNum3.root → copied (ms_ch=3)
[PASS] wvfFind_event40068_trackID4_opNum3.root → copied (ms_ch=3)
[PASS] wvfFind_event64114_trackID22_opNum8.root → copied (ms_ch=8)
[PASS] wvfFind_event58656_trackID3_opNum5.root → copied (ms_ch=5)
[PASS] wvfFind_event50217_trackID18_opNum6.root → copied (ms_ch=6)
[PASS] wvfFind_event54740_trackID6_opNum3.root → copied (ms_ch=3)
[PASS] wvfFind_event34386_trackID14_opNum5.root → copied (ms_ch=5)
[PASS] wvfFind_event17839_trackID9_opNum8.root → copied (ms_ch=8)
[PASS] wvfFind_event41021_trackID4_opNum3.root → copied (ms_ch=3)
[PASS] wvfFind_event39174_trackID34_opNum9_2.root → copied (ms_ch=9)
[PASS] wvfFind_event38509_trackID25_opNum4.root → copied (ms_ch=4)
[PASS] wvfFind_event44329_trackID2_opNum5.root → copied (ms_ch=5)
[PASS] wvfFind_event75517_trackID1_opNum3_merged.root → copied (ms_ch=3)
[PASS] wvfFind_event74887_trackID11_opNum8_2.root → copied (ms_ch=8)
[SKIP] wvfFind_event37478_trackID10_opNum1_merged.root (ms_ch=1)
[PASS] wvfFind_event67079_trackID11_opNum8.root → copied (ms_ch=8)
[PASS] wvfFind_event12816_trackID4_opNum9.root → copied (ms_ch=9)
[PASS] wvfFind_event72897_trackID10_opNum9.root → copied (ms_ch=9)
[PASS] wvfFind_event4427_trackID9_opNum9.root → copied (ms_ch=9)
[PASS] wvfFind_event6537_trackID5_opNum9.root → copied (ms_ch=9)
[PASS] wvfFind_event22386_trackID2_opNum9.root → copied (ms_ch=9)
[PASS] wvfFind_event8508_trackID14_opNum9_merged.root → copied (ms_ch=9)
[PASS] wvfFind_event35_trackID15_opNum8.root → copied (ms_ch=8)
[PASS] wvfFind_event36350_trackID10_opNum7_merged.root → copied (ms_ch=7)
[PASS] wvfFind_event63432_trackID8_opNum8.root → copied (ms_ch=8)
[PASS] wvfFind_event51308_trackID9_opNum3.root → copied (ms_ch=3)
[PASS] wvfFind_event50528_trackID8_opNum9.root → copied (ms_ch=9)
[PASS] wvfFind_event70195_trackID6_opNum9.root → copied (ms_ch=9)
[PASS] wvfFind_event9920_trackID22_opNum9.root → copied (ms_ch=9)
[PASS] wvfFind_event22104_trackID15_opNum4.root → copied (ms_ch=4)
[PASS] wvfFind_event54406_trackID10_opNum5_merged.root → copied (ms_ch=5)
[PASS] wvfFind_event74180_trackID11_opNum7_2.root → copied (ms_ch=7)
[PASS] wvfFind_event59783_trackID6_opNum8.root → copied (ms_ch=8)
[PASS] wvfFind_event47444_trackID3_opNum9.root → copied (ms_ch=9)
[PASS] wvfFind_event24431_trackID18_opNum9.root → copied (ms_ch=9)
[PASS] wvfFind_event54941_trackID3_opNum9.root → copied (ms_ch=9)
[PASS] wvfFind_event61852_trackID6_opNum9.root → copied (ms_ch=9)
[PASS] wvfFind_event49641_trackID4_opNum9.root → copied (ms_ch=9)
[PASS] wvfFind_event52574_trackID42_opNum8.root → copied (ms_ch=8)
[PASS] wvfFind_event36618_trackID0_opNum5.root → copied (ms_ch=5)
[PASS] wvfFind_event68802_trackID6_opNum4.root → copied (ms_ch=4)
[PASS] wvfFind_event3139_trackID6_opNum3_2.root → copied (ms_ch=3)
[PASS] wvfFind_event68708_trackID0_opNum4.root → copied (ms_ch=4)
[SKIP] wvfFind_event31687_trackID8_opNum2.root (ms_ch=2)
[PASS] wvfFind_event34981_trackID12_opNum4.root → copied (ms_ch=4)
[PASS] wvfFind_event3880_trackID5_opNum3_merged.root → copied (ms_ch=3)
[PASS] wvfFind_event44329_trackID19_opNum9_2.root → copied (ms_ch=9)
[PASS] wvfFind_event58229_trackID10_opNum9.root → copied (ms_ch=9)
[PASS] wvfFind_event11792_trackID2_opNum4.root → copied (ms_ch=4)
[SKIP] wvfFind_event24462_trackID13_opNum1_merged.root (ms_ch=1)
[PASS] wvfFind_event62168_trackID3_opNum6_merged.root → copied (ms_ch=6)
[PASS] wvfFind_event56944_trackID1_opNum9.root → copied (ms_ch=9)
[PASS] wvfFind_event31565_trackID2_opNum4_2.root → copied (ms_ch=4)
[PASS] wvfFind_event30604_trackID4_opNum8_2.root → copied (ms_ch=8)
[PASS] wvfFind_event26254_trackID30_opNum8_merged.root → copied (ms_ch=8)
[SKIP] wvfFind_event23233_trackID11_opNum1_merged.root (ms_ch=1)
[PASS] wvfFind_event61569_trackID12_opNum6_merged.root → copied (ms_ch=6)
[PASS] wvfFind_event8691_trackID3_opNum9.root → copied (ms_ch=9)
[PASS] wvfFind_event51756_trackID24_opNum3.root → copied (ms_ch=3)
[PASS] wvfFind_event38834_trackID23_opNum3.root → copied (ms_ch=3)
[PASS] wvfFind_event4875_trackID7_opNum6.root → copied (ms_ch=6)
[PASS] wvfFind_event30818_trackID2_opNum5.root → copied (ms_ch=5)
[PASS] wvfFind_event36040_trackID9_opNum5.root → copied (ms_ch=5)
[PASS] wvfFind_event18725_trackID3_opNum8_merged.root → copied (ms_ch=8)
[PASS] wvfFind_event45557_trackID18_opNum9.root → copied (ms_ch=9)
[PASS] wvfFind_event1748_trackID2_opNum5.root → copied (ms_ch=5)
[PASS] wvfFind_event51832_trackID1_opNum5_2.root → copied (ms_ch=5)
[PASS] wvfFind_event7266_trackID39_opNum3.root → copied (ms_ch=3)
[PASS] wvfFind_event51922_trackID7_opNum9_2.root → copied (ms_ch=9)
[PASS] wvfFind_event52574_trackID42_opNum8_2.root → copied (ms_ch=8)
[PASS] wvfFind_event76377_trackID19_opNum9.root → copied (ms_ch=9)
[PASS] wvfFind_event61492_trackID2_opNum5_2.root → copied (ms_ch=5)
[PASS] wvfFind_event25944_trackID3_opNum5.root → copied (ms_ch=5)
[PASS] wvfFind_event57828_trackID18_opNum5.root → copied (ms_ch=5)
[PASS] wvfFind_event22589_trackID17_opNum3.root → copied (ms_ch=3)
[SKIP] wvfFind_event19634_trackID0_opNum2_2.root (ms_ch=2)
[SKIP] wvfFind_event8000_trackID7_opNum1_merged.root (ms_ch=1)
[SKIP] wvfFind_event71449_trackID10_opNum2_merged.root (ms_ch=2)
[PASS] wvfFind_event19679_trackID11_opNum8.root → copied (ms_ch=8)
[PASS] wvfFind_event67015_trackID14_opNum8.root → copied (ms_ch=8)
[PASS] wvfFind_event39505_trackID0_opNum5.root → copied (ms_ch=5)
[PASS] wvfFind_event11632_trackID8_opNum5_2.root → copied (ms_ch=5)
[PASS] wvfFind_event18688_trackID7_opNum5.root → copied (ms_ch=5)
[SKIP] wvfFind_event64254_trackID6_opNum2.root (ms_ch=2)
[PASS] wvfFind_event34994_trackID3_opNum5.root → copied (ms_ch=5)
[PASS] wvfFind_event29034_trackID7_opNum8.root → copied (ms_ch=8)
[PASS] wvfFind_event15429_trackID0_opNum9.root → copied (ms_ch=9)
[PASS] wvfFind_event11070_trackID9_opNum3_2.root → copied (ms_ch=3)
[PASS] wvfFind_event51152_trackID16_opNum6.root → copied (ms_ch=6)
[PASS] wvfFind_event44435_trackID5_opNum9_2.root → copied (ms_ch=9)
[PASS] wvfFind_event21802_trackID12_opNum6.root → copied (ms_ch=6)
[PASS] wvfFind_event26801_trackID32_opNum9.root → copied (ms_ch=9)
[PASS] wvfFind_event17932_trackID11_opNum9_2.root → copied (ms_ch=9)
[PASS] wvfFind_event57184_trackID9_opNum9.root → copied (ms_ch=9)
[PASS] wvfFind_event51673_trackID19_opNum8.root → copied (ms_ch=8)
[PASS] wvfFind_event55297_trackID13_opNum9.root → copied (ms_ch=9)
[PASS] wvfFind_event71489_trackID32_opNum6.root → copied (ms_ch=6)
[PASS] wvfFind_event59054_trackID13_opNum9.root → copied (ms_ch=9)
[PASS] wvfFind_event29329_trackID23_opNum3.root → copied (ms_ch=3)
[PASS] wvfFind_event75965_trackID24_opNum4.root → copied (ms_ch=4)
[PASS] wvfFind_event10786_trackID4_opNum9_3.root → copied (ms_ch=9)
[PASS] wvfFind_event8011_trackID5_opNum4.root → copied (ms_ch=4)
[PASS] wvfFind_event73073_trackID0_opNum5_3.root → copied (ms_ch=5)
[PASS] wvfFind_event43649_trackID3_opNum5_2.root → copied (ms_ch=5)
[PASS] wvfFind_event42890_trackID16_opNum9.root → copied (ms_ch=9)
[PASS] wvfFind_event43659_trackID13_opNum9.root → copied (ms_ch=9)
[PASS] wvfFind_event66862_trackID14_opNum6_2.root → copied (ms_ch=6)
[PASS] wvfFind_event50560_trackID7_opNum4_2.root → copied (ms_ch=4)
[PASS] wvfFind_event44142_trackID8_opNum5.root → copied (ms_ch=5)
[PASS] wvfFind_event60478_trackID34_opNum9_merged.root → copied (ms_ch=9)
[PASS] wvfFind_event56725_trackID8_opNum9.root → copied (ms_ch=9)
[SKIP] wvfFind_event46573_trackID9_opNum2_2.root (ms_ch=2)
[PASS] wvfFind_event62091_trackID2_opNum5.root → copied (ms_ch=5)
[PASS] wvfFind_event11598_trackID1_opNum5.root → copied (ms_ch=5)
[PASS] wvfFind_event1304_trackID11_opNum8.root → copied (ms_ch=8)
[PASS] wvfFind_event13713_trackID13_opNum3_merged.root → copied (ms_ch=3)
[SKIP] wvfFind_event16770_trackID9_opNum2.root (ms_ch=2)
[SKIP] wvfFind_event70479_trackID14_opNum2.root (ms_ch=2)
[PASS] wvfFind_event77775_trackID13_opNum9.root → copied (ms_ch=9)
[PASS] wvfFind_event70880_trackID2_opNum8.root → copied (ms_ch=8)
[PASS] wvfFind_event27187_trackID4_opNum5_2.root → copied (ms_ch=5)
[PASS] wvfFind_event50622_trackID1_opNum4.root → copied (ms_ch=4)
[SKIP] wvfFind_event1803_trackID7_opNum1_merged.root (ms_ch=1)
[PASS] wvfFind_event22605_trackID6_opNum9_2.root → copied (ms_ch=9)
[PASS] wvfFind_event15732_trackID7_opNum5.root → copied (ms_ch=5)
[PASS] wvfFind_event6209_trackID4_opNum3.root → copied (ms_ch=3)
[PASS] wvfFind_event65582_trackID15_opNum5.root → copied (ms_ch=5)
[PASS] wvfFind_event61338_trackID0_opNum3.root → copied (ms_ch=3)
[PASS] wvfFind_event17067_trackID7_opNum9.root → copied (ms_ch=9)
[PASS] wvfFind_event43504_trackID18_opNum4.root → copied (ms_ch=4)
[PASS] wvfFind_event14162_trackID13_opNum9.root → copied (ms_ch=9)
[PASS] wvfFind_event64550_trackID21_opNum9.root → copied (ms_ch=9)
[PASS] wvfFind_event16742_trackID3_opNum9.root → copied (ms_ch=9)
[PASS] wvfFind_event18680_trackID6_opNum5.root → copied (ms_ch=5)
[SKIP] wvfFind_event52108_trackID10_opNum2.root (ms_ch=2)
[PASS] wvfFind_event27394_trackID24_opNum7.root → copied (ms_ch=7)
[PASS] wvfFind_event65428_trackID23_opNum5.root → copied (ms_ch=5)
[PASS] wvfFind_event75299_trackID7_opNum6.root → copied (ms_ch=6)
[PASS] wvfFind_event61837_trackID5_opNum5.root → copied (ms_ch=5)
[PASS] wvfFind_event2529_trackID7_opNum4.root → copied (ms_ch=4)
[PASS] wvfFind_event23501_trackID1_opNum9.root → copied (ms_ch=9)
[PASS] wvfFind_event25879_trackID21_opNum6.root → copied (ms_ch=6)
[PASS] wvfFind_event40377_trackID3_opNum5.root → copied (ms_ch=5)
[PASS] wvfFind_event12860_trackID4_opNum9.root → copied (ms_ch=9)
[PASS] wvfFind_event68545_trackID10_opNum8_2.root → copied (ms_ch=8)
[PASS] wvfFind_event70883_trackID0_opNum4_2.root → copied (ms_ch=4)
[PASS] wvfFind_event68613_trackID18_opNum3_merged.root → copied (ms_ch=3)
[SKIP] wvfFind_event71359_trackID3_opNum2.root (ms_ch=2)
[PASS] wvfFind_event74598_trackID2_opNum4.root → copied (ms_ch=4)
[PASS] wvfFind_event32817_trackID2_opNum3_2.root → copied (ms_ch=3)
[PASS] wvfFind_event71445_trackID3_opNum3_2.root → copied (ms_ch=3)
[PASS] wvfFind_event2664_trackID4_opNum3_2.root → copied (ms_ch=3)
[PASS] wvfFind_event4014_trackID3_opNum5.root → copied (ms_ch=5)
[PASS] wvfFind_event41478_trackID7_opNum4.root → copied (ms_ch=4)
[PASS] wvfFind_event72421_trackID5_opNum9.root → copied (ms_ch=9)
[SKIP] wvfFind_event5753_trackID5_opNum1_merged.root (ms_ch=1)
[PASS] wvfFind_event58291_trackID41_opNum4.root → copied (ms_ch=4)
[PASS] wvfFind_event36912_trackID5_opNum5_merged.root → copied (ms_ch=5)
[PASS] wvfFind_event33924_trackID4_opNum5.root → copied (ms_ch=5)
[PASS] wvfFind_event33004_trackID19_opNum8.root → copied (ms_ch=8)
[PASS] wvfFind_event57579_trackID3_opNum9.root → copied (ms_ch=9)
[SKIP] wvfFind_event74168_trackID11_opNum1_merged.root (ms_ch=1)
[PASS] wvfFind_event57412_trackID17_opNum8.root → copied (ms_ch=8)
[PASS] wvfFind_event60362_trackID0_opNum4.root → copied (ms_ch=4)
[PASS] wvfFind_event15873_trackID5_opNum5_merged.root → copied (ms_ch=5)
[SKIP] wvfFind_event36775_trackID2_opNum2.root (ms_ch=2)
[PASS] wvfFind_event17761_trackID68_opNum8.root → copied (ms_ch=8)
[PASS] wvfFind_event37581_trackID2_opNum4.root → copied (ms_ch=4)
[PASS] wvfFind_event54623_trackID19_opNum9.root → copied (ms_ch=9)
[PASS] wvfFind_event13459_trackID6_opNum3.root → copied (ms_ch=3)
[PASS] wvfFind_event31914_trackID16_opNum4.root → copied (ms_ch=4)
[PASS] wvfFind_event7127_trackID5_opNum5.root → copied (ms_ch=5)
[PASS] wvfFind_event64889_trackID16_opNum7_merged.root → copied (ms_ch=7)
[PASS] wvfFind_event1877_trackID5_opNum9.root → copied (ms_ch=9)
[SKIP] wvfFind_event9416_trackID14_opNum2_merged.root (ms_ch=2)
[PASS] wvfFind_event36651_trackID7_opNum3.root → copied (ms_ch=3)
[PASS] wvfFind_event26822_trackID8_opNum3.root → copied (ms_ch=3)
[PASS] wvfFind_event29749_trackID9_opNum5_2.root → copied (ms_ch=5)
[PASS] wvfFind_event73434_trackID0_opNum5.root → copied (ms_ch=5)
[PASS] wvfFind_event19106_trackID9_opNum5_merged.root → copied (ms_ch=5)
[PASS] wvfFind_event72027_trackID2_opNum6_2.root → copied (ms_ch=6)
[PASS] wvfFind_event74194_trackID9_opNum8.root → copied (ms_ch=8)
[PASS] wvfFind_event40038_trackID9_opNum9.root → copied (ms_ch=9)
[PASS] wvfFind_event8032_trackID3_opNum5_2.root → copied (ms_ch=5)
[PASS] wvfFind_event5446_trackID17_opNum4.root → copied (ms_ch=4)
[PASS] wvfFind_event71973_trackID3_opNum3.root → copied (ms_ch=3)
[PASS] wvfFind_event15526_trackID1_opNum7.root → copied (ms_ch=7)
[PASS] wvfFind_event65611_trackID10_opNum7.root → copied (ms_ch=7)
[PASS] wvfFind_event75026_trackID3_opNum5_2.root → copied (ms_ch=5)
[PASS] wvfFind_event73537_trackID1_opNum4.root → copied (ms_ch=4)
[PASS] wvfFind_event52307_trackID36_opNum6.root → copied (ms_ch=6)
[PASS] wvfFind_event1667_trackID1_opNum8.root → copied (ms_ch=8)
[PASS] wvfFind_event41841_trackID16_opNum8_merged.root → copied (ms_ch=8)
[PASS] wvfFind_event60736_trackID6_opNum7.root → copied (ms_ch=7)
[PASS] wvfFind_event25523_trackID15_opNum9.root → copied (ms_ch=9)
[PASS] wvfFind_event4184_trackID6_opNum5_merged.root → copied (ms_ch=5)
[PASS] wvfFind_event7306_trackID13_opNum9.root → copied (ms_ch=9)
[PASS] wvfFind_event38728_trackID11_opNum7_2.root → copied (ms_ch=7)
[PASS] wvfFind_event21003_trackID1_opNum8.root → copied (ms_ch=8)
[PASS] wvfFind_event8403_trackID3_opNum9_2.root → copied (ms_ch=9)
[PASS] wvfFind_event7884_trackID2_opNum5.root → copied (ms_ch=5)
[SKIP] wvfFind_event49615_trackID11_opNum1_merged.root (ms_ch=1)
[PASS] wvfFind_event9648_trackID2_opNum8_2.root → copied (ms_ch=8)
[PASS] wvfFind_event43187_trackID1_opNum5.root → copied (ms_ch=5)
[PASS] wvfFind_event51959_trackID7_opNum4.root → copied (ms_ch=4)
[PASS] wvfFind_event39149_trackID1_opNum8.root → copied (ms_ch=8)
[PASS] wvfFind_event65858_trackID3_opNum5.root → copied (ms_ch=5)
[PASS] wvfFind_event48491_trackID4_opNum8.root → copied (ms_ch=8)
[PASS] wvfFind_event3255_trackID3_opNum9.root → copied (ms_ch=9)
[SKIP] wvfFind_event26234_trackID7_opNum2.root (ms_ch=2)
[PASS] wvfFind_event2824_trackID16_opNum3_merged.root → copied (ms_ch=3)
[PASS] wvfFind_event8007_trackID11_opNum3_merged.root → copied (ms_ch=3)
[PASS] wvfFind_event15433_trackID8_opNum4.root → copied (ms_ch=4)
[PASS] wvfFind_event59444_trackID17_opNum7.root → copied (ms_ch=7)
[PASS] wvfFind_event61264_trackID5_opNum4.root → copied (ms_ch=4)
[PASS] wvfFind_event40421_trackID29_opNum7.root → copied (ms_ch=7)
[PASS] wvfFind_event61499_trackID10_opNum3.root → copied (ms_ch=3)
[PASS] wvfFind_event60913_trackID8_opNum8.root → copied (ms_ch=8)
[SKIP] wvfFind_event56926_trackID22_opNum1_merged.root (ms_ch=1)
[PASS] wvfFind_event28199_trackID19_opNum8.root → copied (ms_ch=8)
[PASS] wvfFind_event77638_trackID1_opNum4.root → copied (ms_ch=4)
[PASS] wvfFind_event59001_trackID2_opNum9.root → copied (ms_ch=9)
[PASS] wvfFind_event24435_trackID10_opNum6.root → copied (ms_ch=6)
[PASS] wvfFind_event62680_trackID3_opNum9.root → copied (ms_ch=9)
[SKIP] wvfFind_event14009_trackID13_opNum2.root (ms_ch=2)
[SKIP] wvfFind_event36076_trackID22_opNum2.root (ms_ch=2)
[PASS] wvfFind_event32290_trackID8_opNum9.root → copied (ms_ch=9)
[SKIP] wvfFind_event27925_trackID2_opNum1_merged.root (ms_ch=1)
[PASS] wvfFind_event49083_trackID0_opNum5.root → copied (ms_ch=5)
[PASS] wvfFind_event45045_trackID6_opNum4_2.root → copied (ms_ch=4)
[PASS] wvfFind_event39967_trackID8_opNum9.root → copied (ms_ch=9)
[PASS] wvfFind_event16550_trackID5_opNum8.root → copied (ms_ch=8)
[PASS] wvfFind_event58108_trackID2_opNum4.root → copied (ms_ch=4)
[SKIP] wvfFind_event30927_trackID17_opNum1_merged.root (ms_ch=1)
[PASS] wvfFind_event56124_trackID1_opNum4.root → copied (ms_ch=4)
[PASS] wvfFind_event46852_trackID2_opNum5.root → copied (ms_ch=5)
[SKIP] wvfFind_event17020_trackID3_opNum2.root (ms_ch=2)
[PASS] wvfFind_event36495_trackID0_opNum5_2.root → copied (ms_ch=5)
[PASS] wvfFind_event43082_trackID7_opNum4.root → copied (ms_ch=4)
[PASS] wvfFind_event1671_trackID7_opNum5.root → copied (ms_ch=5)
[SKIP] wvfFind_event18064_trackID3_opNum2.root (ms_ch=2)
[PASS] wvfFind_event56324_trackID0_opNum7.root → copied (ms_ch=7)
[PASS] wvfFind_event52298_trackID16_opNum6_merged.root → copied (ms_ch=6)
[PASS] wvfFind_event53414_trackID1_opNum3_merged.root → copied (ms_ch=3)
[PASS] wvfFind_event66208_trackID11_opNum9.root → copied (ms_ch=9)
[PASS] wvfFind_event25046_trackID22_opNum9.root → copied (ms_ch=9)
[SKIP] wvfFind_event34227_trackID9_opNum1_merged.root (ms_ch=1)
[PASS] wvfFind_event64615_trackID8_opNum9_merged.root → copied (ms_ch=9)
[PASS] wvfFind_event52723_trackID5_opNum3.root → copied (ms_ch=3)
[PASS] wvfFind_event9489_trackID3_opNum6_2.root → copied (ms_ch=6)
[PASS] wvfFind_event24566_trackID11_opNum9.root → copied (ms_ch=9)
[SKIP] wvfFind_event71705_trackID3_opNum2.root (ms_ch=2)
[PASS] wvfFind_event70178_trackID4_opNum9.root → copied (ms_ch=9)
[PASS] wvfFind_event25754_trackID7_opNum4.root → copied (ms_ch=4)
[PASS] wvfFind_event42580_trackID1_opNum4.root → copied (ms_ch=4)
[PASS] wvfFind_event62695_trackID7_opNum5.root → copied (ms_ch=5)
[PASS] wvfFind_event12547_trackID9_opNum9.root → copied (ms_ch=9)
[PASS] wvfFind_event61611_trackID22_opNum7.root → copied (ms_ch=7)
[PASS] wvfFind_event17336_trackID4_opNum7.root → copied (ms_ch=7)
[PASS] wvfFind_event46544_trackID19_opNum9_2.root → copied (ms_ch=9)
[SKIP] wvfFind_event66903_trackID16_opNum2.root (ms_ch=2)
[PASS] wvfFind_event20772_trackID15_opNum5_2.root → copied (ms_ch=5)
[SKIP] wvfFind_event30168_trackID13_opNum1_merged.root (ms_ch=1)
[PASS] wvfFind_event31479_trackID41_opNum3.root → copied (ms_ch=3)
[PASS] wvfFind_event28584_trackID18_opNum9.root → copied (ms_ch=9)
[PASS] wvfFind_event5999_trackID17_opNum9.root → copied (ms_ch=9)
[PASS] wvfFind_event38600_trackID1_opNum4.root → copied (ms_ch=4)
[SKIP] wvfFind_event51159_trackID6_opNum2_2.root (ms_ch=2)
[PASS] wvfFind_event52473_trackID8_opNum4.root → copied (ms_ch=4)
[PASS] wvfFind_event2096_trackID11_opNum6.root → copied (ms_ch=6)
[PASS] wvfFind_event5463_trackID4_opNum6_2.root → copied (ms_ch=6)
[PASS] wvfFind_event54328_trackID4_opNum8_merged.root → copied (ms_ch=8)
[PASS] wvfFind_event48303_trackID4_opNum9.root → copied (ms_ch=9)
[PASS] wvfFind_event56039_trackID8_opNum9_2.root → copied (ms_ch=9)
[PASS] wvfFind_event59480_trackID15_opNum8_2.root → copied (ms_ch=8)
[PASS] wvfFind_event43462_trackID1_opNum4.root → copied (ms_ch=4)
[PASS] wvfFind_event8682_trackID5_opNum8.root → copied (ms_ch=8)
[PASS] wvfFind_event14039_trackID15_opNum9.root → copied (ms_ch=9)
[PASS] wvfFind_event77640_trackID15_opNum9.root → copied (ms_ch=9)
[PASS] wvfFind_event64589_trackID12_opNum4.root → copied (ms_ch=4)
[PASS] wvfFind_event26666_trackID9_opNum7.root → copied (ms_ch=7)
[PASS] wvfFind_event47031_trackID10_opNum6.root → copied (ms_ch=6)
[PASS] wvfFind_event20550_trackID9_opNum3.root → copied (ms_ch=3)
[PASS] wvfFind_event3268_trackID12_opNum9.root → copied (ms_ch=9)
[PASS] wvfFind_event44452_trackID18_opNum9.root → copied (ms_ch=9)
[SKIP] wvfFind_event5732_trackID3_opNum2_2.root (ms_ch=2)
[PASS] wvfFind_event45873_trackID12_opNum6_2.root → copied (ms_ch=6)
[PASS] wvfFind_event30208_trackID9_opNum3.root → copied (ms_ch=3)
[PASS] wvfFind_event16404_trackID7_opNum5.root → copied (ms_ch=5)
[PASS] wvfFind_event51336_trackID5_opNum4_2.root → copied (ms_ch=4)
[PASS] wvfFind_event5610_trackID2_opNum4.root → copied (ms_ch=4)
[PASS] wvfFind_event15290_trackID32_opNum8.root → copied (ms_ch=8)
[PASS] wvfFind_event77784_trackID1_opNum5.root → copied (ms_ch=5)
[PASS] wvfFind_event49780_trackID2_opNum8_merged.root → copied (ms_ch=8)
[PASS] wvfFind_event76808_trackID15_opNum6.root → copied (ms_ch=6)
[PASS] wvfFind_event23149_trackID3_opNum9.root → copied (ms_ch=9)
[PASS] wvfFind_event21769_trackID30_opNum9_merged.root → copied (ms_ch=9)
[PASS] wvfFind_event31580_trackID9_opNum3.root → copied (ms_ch=3)
[PASS] wvfFind_event41147_trackID0_opNum4.root → copied (ms_ch=4)
[PASS] wvfFind_event13054_trackID29_opNum6.root → copied (ms_ch=6)
[PASS] wvfFind_event30035_trackID15_opNum9.root → copied (ms_ch=9)
[SKIP] wvfFind_event46357_trackID19_opNum1_merged.root (ms_ch=1)
[PASS] wvfFind_event6777_trackID12_opNum3_merged.root → copied (ms_ch=3)
[SKIP] wvfFind_event18746_trackID16_opNum1_merged.root (ms_ch=1)
[PASS] wvfFind_event5819_trackID5_opNum5.root → copied (ms_ch=5)
[SKIP] wvfFind_event74726_trackID5_opNum2.root (ms_ch=2)
[PASS] wvfFind_event23586_trackID17_opNum7.root → copied (ms_ch=7)
[PASS] wvfFind_event68931_trackID20_opNum4.root → copied (ms_ch=4)
[PASS] wvfFind_event5000_trackID0_opNum5.root → copied (ms_ch=5)
[PASS] wvfFind_event30873_trackID13_opNum3.root → copied (ms_ch=3)
[PASS] wvfFind_event57380_trackID11_opNum8.root → copied (ms_ch=8)
[SKIP] wvfFind_event4946_trackID10_opNum2.root (ms_ch=2)
[PASS] wvfFind_event25930_trackID2_opNum5.root → copied (ms_ch=5)
[PASS] wvfFind_event61271_trackID13_opNum6.root → copied (ms_ch=6)
[PASS] wvfFind_event35925_trackID5_opNum5.root → copied (ms_ch=5)
[PASS] wvfFind_event72638_trackID6_opNum8_2.root → copied (ms_ch=8)
[SKIP] wvfFind_event4976_trackID0_opNum2_2.root (ms_ch=2)
[PASS] wvfFind_event53536_trackID1_opNum9_2.root → copied (ms_ch=9)
[PASS] wvfFind_event45235_trackID14_opNum4.root → copied (ms_ch=4)
[PASS] wvfFind_event65597_trackID0_opNum4.root → copied (ms_ch=4)
[PASS] wvfFind_event30316_trackID7_opNum9.root → copied (ms_ch=9)
[PASS] wvfFind_event43359_trackID17_opNum5.root → copied (ms_ch=5)
[PASS] wvfFind_event12782_trackID5_opNum4.root → copied (ms_ch=4)
[PASS] wvfFind_event58034_trackID15_opNum3.root → copied (ms_ch=3)
[PASS] wvfFind_event5455_trackID1_opNum3.root → copied (ms_ch=3)
[SKIP] wvfFind_event45599_trackID12_opNum2.root (ms_ch=2)
[PASS] wvfFind_event44644_trackID3_opNum4.root → copied (ms_ch=4)
[PASS] wvfFind_event19686_trackID7_opNum6_merged.root → copied (ms_ch=6)
[PASS] wvfFind_event32167_trackID7_opNum8.root → copied (ms_ch=8)
[PASS] wvfFind_event28267_trackID27_opNum8_merged.root → copied (ms_ch=8)
[PASS] wvfFind_event25156_trackID12_opNum9.root → copied (ms_ch=9)
[SKIP] wvfFind_event65836_trackID12_opNum1_merged.root (ms_ch=1)
[PASS] wvfFind_event9029_trackID6_opNum6.root → copied (ms_ch=6)
[PASS] wvfFind_event53319_trackID12_opNum3_2.root → copied (ms_ch=3)
[PASS] wvfFind_event42902_trackID8_opNum6.root → copied (ms_ch=6)
[PASS] wvfFind_event39083_trackID16_opNum9.root → copied (ms_ch=9)
[PASS] wvfFind_event75968_trackID7_opNum8.root → copied (ms_ch=8)
[PASS] wvfFind_event50723_trackID17_opNum6_merged.root → copied (ms_ch=6)
[PASS] wvfFind_event9591_trackID4_opNum4_merged.root → copied (ms_ch=4)
[PASS] wvfFind_event14299_trackID17_opNum9.root → copied (ms_ch=9)
[PASS] wvfFind_event29701_trackID14_opNum9.root → copied (ms_ch=9)
[PASS] wvfFind_event39388_trackID10_opNum8_merged.root → copied (ms_ch=8)
[SKIP] wvfFind_event12816_trackID29_opNum1_merged.root (ms_ch=1)
[PASS] wvfFind_event24749_trackID6_opNum9.root → copied (ms_ch=9)
[PASS] wvfFind_event40642_trackID19_opNum9.root → copied (ms_ch=9)
[PASS] wvfFind_event73007_trackID3_opNum9.root → copied (ms_ch=9)
[PASS] wvfFind_event31948_trackID2_opNum9.root → copied (ms_ch=9)
[SKIP] wvfFind_event552_trackID9_opNum1_merged.root (ms_ch=1)
[PASS] wvfFind_event24827_trackID5_opNum5.root → copied (ms_ch=5)
[SKIP] wvfFind_event32716_trackID19_opNum1_merged.root (ms_ch=1)
[PASS] wvfFind_event40761_trackID16_opNum5.root → copied (ms_ch=5)
[PASS] wvfFind_event16438_trackID9_opNum5_2.root → copied (ms_ch=5)
[PASS] wvfFind_event73442_trackID12_opNum5.root → copied (ms_ch=5)
[PASS] wvfFind_event51690_trackID11_opNum9.root → copied (ms_ch=9)
[SKIP] wvfFind_event12896_trackID7_opNum2.root (ms_ch=2)
[PASS] wvfFind_event29782_trackID4_opNum9.root → copied (ms_ch=9)
[PASS] wvfFind_event12144_trackID30_opNum7_2.root → copied (ms_ch=7)
[PASS] wvfFind_event62235_trackID6_opNum5_merged.root → copied (ms_ch=5)
[PASS] wvfFind_event61371_trackID5_opNum3_merged.root → copied (ms_ch=3)
[PASS] wvfFind_event22510_trackID7_opNum8.root → copied (ms_ch=8)
[PASS] wvfFind_event74234_trackID29_opNum8.root → copied (ms_ch=8)
[PASS] wvfFind_event61646_trackID15_opNum6_merged.root → copied (ms_ch=6)
[PASS] wvfFind_event8347_trackID0_opNum5.root → copied (ms_ch=5)
[PASS] wvfFind_event56551_trackID6_opNum5.root → copied (ms_ch=5)
[PASS] wvfFind_event65007_trackID1_opNum9_2.root → copied (ms_ch=9)
[PASS] wvfFind_event5864_trackID17_opNum8.root → copied (ms_ch=8)
[PASS] wvfFind_event4331_trackID12_opNum7.root → copied (ms_ch=7)
[SKIP] wvfFind_event71220_trackID0_opNum1_merged.root (ms_ch=1)
[PASS] wvfFind_event47230_trackID2_opNum5_2.root → copied (ms_ch=5)
[SKIP] wvfFind_event26799_trackID10_opNum1_merged.root (ms_ch=1)
[PASS] wvfFind_event33924_trackID1_opNum4.root → copied (ms_ch=4)
[PASS] wvfFind_event34903_trackID0_opNum3.root → copied (ms_ch=3)
[PASS] wvfFind_event58656_trackID15_opNum6.root → copied (ms_ch=6)
[PASS] wvfFind_event1454_trackID14_opNum7_merged.root → copied (ms_ch=7)
[PASS] wvfFind_event50885_trackID2_opNum6.root → copied (ms_ch=6)
[PASS] wvfFind_event36060_trackID13_opNum9.root → copied (ms_ch=9)
[PASS] wvfFind_event7558_trackID1_opNum3.root → copied (ms_ch=3)
[PASS] wvfFind_event47184_trackID8_opNum7.root → copied (ms_ch=7)
[PASS] wvfFind_event55358_trackID11_opNum6.root → copied (ms_ch=6)
[SKIP] wvfFind_event7120_trackID4_opNum2_merged.root (ms_ch=2)
[PASS] wvfFind_event57291_trackID35_opNum9.root → copied (ms_ch=9)
[SKIP] wvfFind_event33174_trackID12_opNum1_merged.root (ms_ch=1)
[PASS] wvfFind_event26760_trackID0_opNum3.root → copied (ms_ch=3)
[PASS] wvfFind_event71235_trackID5_opNum7.root → copied (ms_ch=7)
[PASS] wvfFind_event67997_trackID22_opNum5_merged.root → copied (ms_ch=5)
[PASS] wvfFind_event47133_trackID16_opNum8.root → copied (ms_ch=8)
[PASS] wvfFind_event37214_trackID14_opNum5.root → copied (ms_ch=5)
[PASS] wvfFind_event33077_trackID3_opNum4_merged.root → copied (ms_ch=4)
[PASS] wvfFind_event56280_trackID23_opNum6.root → copied (ms_ch=6)
[PASS] wvfFind_event59821_trackID6_opNum6.root → copied (ms_ch=6)
[SKIP] wvfFind_event2819_trackID20_opNum2.root (ms_ch=2)
[PASS] wvfFind_event21983_trackID1_opNum5.root → copied (ms_ch=5)
[PASS] wvfFind_event59006_trackID3_opNum5_merged.root → copied (ms_ch=5)
[PASS] wvfFind_event25341_trackID14_opNum5.root → copied (ms_ch=5)
[PASS] wvfFind_event75763_trackID6_opNum4_merged.root → copied (ms_ch=4)
[PASS] wvfFind_event38728_trackID2_opNum4_2.root → copied (ms_ch=4)
[PASS] wvfFind_event66380_trackID17_opNum3_merged.root → copied (ms_ch=3)
[PASS] wvfFind_event61908_trackID10_opNum4.root → copied (ms_ch=4)
[SKIP] wvfFind_event14850_trackID2_opNum2_merged.root (ms_ch=2)
[PASS] wvfFind_event14433_trackID8_opNum5_merged.root → copied (ms_ch=5)
[PASS] wvfFind_event73885_trackID1_opNum6_2.root → copied (ms_ch=6)
[PASS] wvfFind_event23761_trackID1_opNum8.root → copied (ms_ch=8)
[PASS] wvfFind_event73245_trackID4_opNum3.root → copied (ms_ch=3)
[PASS] wvfFind_event49227_trackID27_opNum9_2.root → copied (ms_ch=9)
[PASS] wvfFind_event9060_trackID9_opNum9.root → copied (ms_ch=9)
[PASS] wvfFind_event43665_trackID3_opNum9_merged.root → copied (ms_ch=9)
[PASS] wvfFind_event28441_trackID2_opNum4_2.root → copied (ms_ch=4)
[SKIP] wvfFind_event58112_trackID18_opNum1_merged.root (ms_ch=1)
[SKIP] wvfFind_event25235_trackID6_opNum1_merged.root (ms_ch=1)
[PASS] wvfFind_event40187_trackID10_opNum6.root → copied (ms_ch=6)
[PASS] wvfFind_event55465_trackID4_opNum8.root → copied (ms_ch=8)
[PASS] wvfFind_event71918_trackID4_opNum4_2.root → copied (ms_ch=4)
[PASS] wvfFind_event21394_trackID4_opNum5.root → copied (ms_ch=5)
[PASS] wvfFind_event9496_trackID0_opNum8.root → copied (ms_ch=8)
[PASS] wvfFind_event877_trackID9_opNum4.root → copied (ms_ch=4)
[PASS] wvfFind_event50238_trackID0_opNum8.root → copied (ms_ch=8)
[PASS] wvfFind_event34761_trackID4_opNum8.root → copied (ms_ch=8)
[PASS] wvfFind_event67997_trackID22_opNum4_2.root → copied (ms_ch=4)
[PASS] wvfFind_event3249_trackID10_opNum4_merged.root → copied (ms_ch=4)
[PASS] wvfFind_event71405_trackID0_opNum8.root → copied (ms_ch=8)
[PASS] wvfFind_event34956_trackID19_opNum5.root → copied (ms_ch=5)
[PASS] wvfFind_event70009_trackID3_opNum8.root → copied (ms_ch=8)
[PASS] wvfFind_event68594_trackID0_opNum5.root → copied (ms_ch=5)
[SKIP] wvfFind_event20014_trackID3_opNum2.root (ms_ch=2)
[PASS] wvfFind_event46913_trackID5_opNum8_2.root → copied (ms_ch=8)
[PASS] wvfFind_event67496_trackID9_opNum7.root → copied (ms_ch=7)
[PASS] wvfFind_event47222_trackID15_opNum7.root → copied (ms_ch=7)
[PASS] wvfFind_event54820_trackID0_opNum8.root → copied (ms_ch=8)
[PASS] wvfFind_event60803_trackID5_opNum3.root → copied (ms_ch=3)
[PASS] wvfFind_event3522_trackID0_opNum4.root → copied (ms_ch=4)
[PASS] wvfFind_event50051_trackID7_opNum5.root → copied (ms_ch=5)
[PASS] wvfFind_event35927_trackID4_opNum9.root → copied (ms_ch=9)
[PASS] wvfFind_event42668_trackID3_opNum9.root → copied (ms_ch=9)
[PASS] wvfFind_event46831_trackID4_opNum4_2.root → copied (ms_ch=4)
[PASS] wvfFind_event63547_trackID17_opNum9_merged.root → copied (ms_ch=9)
[PASS] wvfFind_event10786_trackID4_opNum9.root → copied (ms_ch=9)
[PASS] wvfFind_event11632_trackID8_opNum5.root → copied (ms_ch=5)
[PASS] wvfFind_event76036_trackID17_opNum4.root → copied (ms_ch=4)
[PASS] wvfFind_event45016_trackID5_opNum5_2.root → copied (ms_ch=5)
[PASS] wvfFind_event56208_trackID15_opNum8.root → copied (ms_ch=8)
[PASS] wvfFind_event30766_trackID0_opNum7_merged.root → copied (ms_ch=7)
[PASS] wvfFind_event75262_trackID1_opNum9_2.root → copied (ms_ch=9)
[PASS] wvfFind_event58652_trackID11_opNum5_2.root → copied (ms_ch=5)
[SKIP] wvfFind_event27763_trackID3_opNum2.root (ms_ch=2)
[PASS] wvfFind_event47305_trackID17_opNum9.root → copied (ms_ch=9)
[PASS] wvfFind_event58487_trackID16_opNum4_2.root → copied (ms_ch=4)
[SKIP] wvfFind_event20931_trackID26_opNum2_2.root (ms_ch=2)
[SKIP] wvfFind_event6147_trackID8_opNum1_merged.root (ms_ch=1)
[PASS] wvfFind_event42964_trackID2_opNum9.root → copied (ms_ch=9)
[PASS] wvfFind_event39919_trackID1_opNum4_2.root → copied (ms_ch=4)
[PASS] wvfFind_event51476_trackID1_opNum9_2.root → copied (ms_ch=9)
[PASS] wvfFind_event34556_trackID13_opNum9.root → copied (ms_ch=9)
[PASS] wvfFind_event66029_trackID7_opNum5.root → copied (ms_ch=5)
[PASS] wvfFind_event13594_trackID12_opNum9.root → copied (ms_ch=9)
[PASS] wvfFind_event66711_trackID4_opNum3_merged.root → copied (ms_ch=3)
[PASS] wvfFind_event8349_trackID10_opNum9.root → copied (ms_ch=9)
[PASS] wvfFind_event15407_trackID3_opNum5.root → copied (ms_ch=5)
[PASS] wvfFind_event20581_trackID16_opNum8.root → copied (ms_ch=8)
[PASS] wvfFind_event15924_trackID1_opNum5.root → copied (ms_ch=5)
[SKIP] wvfFind_event15813_trackID15_opNum1_merged.root (ms_ch=1)
[PASS] wvfFind_event7226_trackID6_opNum9.root → copied (ms_ch=9)
[PASS] wvfFind_event44843_trackID11_opNum7_merged.root → copied (ms_ch=7)
[PASS] wvfFind_event18437_trackID28_opNum4_merged.root → copied (ms_ch=4)
[PASS] wvfFind_event58400_trackID10_opNum8.root → copied (ms_ch=8)
[PASS] wvfFind_event7549_trackID9_opNum5_2.root → copied (ms_ch=5)
[PASS] wvfFind_event23234_trackID0_opNum5.root → copied (ms_ch=5)
[PASS] wvfFind_event73627_trackID9_opNum4.root → copied (ms_ch=4)
[PASS] wvfFind_event14952_trackID5_opNum8.root → copied (ms_ch=8)
[SKIP] wvfFind_event15620_trackID20_opNum1_merged.root (ms_ch=1)
[PASS] wvfFind_event48336_trackID11_opNum5_merged.root → copied (ms_ch=5)
[PASS] wvfFind_event63103_trackID7_opNum3_2.root → copied (ms_ch=3)
[SKIP] wvfFind_event56093_trackID1_opNum1_merged.root (ms_ch=1)
[PASS] wvfFind_event69665_trackID29_opNum9_merged.root → copied (ms_ch=9)
[PASS] wvfFind_event25649_trackID4_opNum9.root → copied (ms_ch=9)
[PASS] wvfFind_event54471_trackID2_opNum9.root → copied (ms_ch=9)
[SKIP] wvfFind_event6282_trackID12_opNum2.root (ms_ch=2)
[SKIP] wvfFind_event32388_trackID4_opNum2.root (ms_ch=2)
[PASS] wvfFind_event6361_trackID3_opNum6_merged.root → copied (ms_ch=6)
[PASS] wvfFind_event35470_trackID1_opNum3.root → copied (ms_ch=3)
[PASS] wvfFind_event44234_trackID4_opNum5.root → copied (ms_ch=5)
[PASS] wvfFind_event45674_trackID27_opNum9.root → copied (ms_ch=9)
[PASS] wvfFind_event21929_trackID21_opNum9.root → copied (ms_ch=9)
[PASS] wvfFind_event71435_trackID10_opNum5_merged.root → copied (ms_ch=5)
[PASS] wvfFind_event2398_trackID3_opNum8.root → copied (ms_ch=8)
[SKIP] wvfFind_event49349_trackID0_opNum2.root (ms_ch=2)
[PASS] wvfFind_event32325_trackID20_opNum4.root → copied (ms_ch=4)
[SKIP] wvfFind_event44495_trackID16_opNum1_merged.root (ms_ch=1)
[PASS] wvfFind_event50400_trackID20_opNum6.root → copied (ms_ch=6)
[PASS] wvfFind_event11942_trackID5_opNum8.root → copied (ms_ch=8)
[PASS] wvfFind_event42922_trackID18_opNum9.root → copied (ms_ch=9)
[PASS] wvfFind_event22694_trackID7_opNum5_merged.root → copied (ms_ch=5)
[PASS] wvfFind_event11522_trackID5_opNum4.root → copied (ms_ch=4)
[SKIP] wvfFind_event16615_trackID2_opNum1_merged.root (ms_ch=1)
[PASS] wvfFind_event18850_trackID13_opNum6.root → copied (ms_ch=6)
[PASS] wvfFind_event52927_trackID21_opNum6.root → copied (ms_ch=6)
[SKIP] wvfFind_event59643_trackID6_opNum2_2.root (ms_ch=2)
[PASS] wvfFind_event71776_trackID12_opNum7.root → copied (ms_ch=7)
[PASS] wvfFind_event24233_trackID21_opNum9.root → copied (ms_ch=9)
[PASS] wvfFind_event57943_trackID6_opNum5_merged.root → copied (ms_ch=5)
[SKIP] wvfFind_event26217_trackID2_opNum1_merged.root (ms_ch=1)
[PASS] wvfFind_event72638_trackID6_opNum8.root → copied (ms_ch=8)
[PASS] wvfFind_event71169_trackID8_opNum4.root → copied (ms_ch=4)
[PASS] wvfFind_event20772_trackID15_opNum5.root → copied (ms_ch=5)
[PASS] wvfFind_event51133_trackID13_opNum5_2.root → copied (ms_ch=5)
[PASS] wvfFind_event8302_trackID10_opNum9_2.root → copied (ms_ch=9)
[PASS] wvfFind_event69831_trackID16_opNum9.root → copied (ms_ch=9)
[PASS] wvfFind_event49891_trackID7_opNum5_merged.root → copied (ms_ch=5)
[PASS] wvfFind_event68164_trackID4_opNum8.root → copied (ms_ch=8)
[PASS] wvfFind_event43_trackID5_opNum4.root → copied (ms_ch=4)
[PASS] wvfFind_event2096_trackID20_opNum6.root → copied (ms_ch=6)
[PASS] wvfFind_event15843_trackID5_opNum3.root → copied (ms_ch=3)
[PASS] wvfFind_event21893_trackID0_opNum8.root → copied (ms_ch=8)
[PASS] wvfFind_event15593_trackID7_opNum3.root → copied (ms_ch=3)
[PASS] wvfFind_event15454_trackID9_opNum8.root → copied (ms_ch=8)
[PASS] wvfFind_event56995_trackID3_opNum4.root → copied (ms_ch=4)
[PASS] wvfFind_event68494_trackID0_opNum5.root → copied (ms_ch=5)
[PASS] wvfFind_event20186_trackID0_opNum4.root → copied (ms_ch=4)
[PASS] wvfFind_event55505_trackID36_opNum6.root → copied (ms_ch=6)
[PASS] wvfFind_event77365_trackID21_opNum4.root → copied (ms_ch=4)
[PASS] wvfFind_event37572_trackID6_opNum8_merged.root → copied (ms_ch=8)
[PASS] wvfFind_event56252_trackID19_opNum9.root → copied (ms_ch=9)
[PASS] wvfFind_event21830_trackID21_opNum8.root → copied (ms_ch=8)
[SKIP] wvfFind_event41703_trackID6_opNum2.root (ms_ch=2)
[SKIP] wvfFind_event61923_trackID33_opNum1_merged.root (ms_ch=1)
[PASS] wvfFind_event49937_trackID20_opNum9.root → copied (ms_ch=9)
[PASS] wvfFind_event33035_trackID10_opNum5_2.root → copied (ms_ch=5)
[PASS] wvfFind_event19747_trackID10_opNum5.root → copied (ms_ch=5)
[PASS] wvfFind_event18885_trackID8_opNum9_merged.root → copied (ms_ch=9)
[PASS] wvfFind_event73287_trackID6_opNum5.root → copied (ms_ch=5)
[PASS] wvfFind_event52893_trackID2_opNum5_2.root → copied (ms_ch=5)
[PASS] wvfFind_event69635_trackID18_opNum9.root → copied (ms_ch=9)
[PASS] wvfFind_event48699_trackID12_opNum9.root → copied (ms_ch=9)
[PASS] wvfFind_event46429_trackID6_opNum4.root → copied (ms_ch=4)
[PASS] wvfFind_event17212_trackID3_opNum9_merged.root → copied (ms_ch=9)
[PASS] wvfFind_event10756_trackID22_opNum9_2.root → copied (ms_ch=9)
[SKIP] wvfFind_event47683_trackID2_opNum2.root (ms_ch=2)
[PASS] wvfFind_event76665_trackID8_opNum6_3.root → copied (ms_ch=6)
[PASS] wvfFind_event36547_trackID15_opNum9.root → copied (ms_ch=9)
[PASS] wvfFind_event1019_trackID10_opNum5_2.root → copied (ms_ch=5)
[PASS] wvfFind_event45839_trackID8_opNum3.root → copied (ms_ch=3)
[PASS] wvfFind_event60766_trackID5_opNum5.root → copied (ms_ch=5)
[PASS] wvfFind_event47511_trackID4_opNum4.root → copied (ms_ch=4)
[PASS] wvfFind_event44926_trackID4_opNum4.root → copied (ms_ch=4)
[PASS] wvfFind_event2063_trackID4_opNum8.root → copied (ms_ch=8)
[PASS] wvfFind_event60137_trackID13_opNum9_merged.root → copied (ms_ch=9)
[PASS] wvfFind_event42420_trackID27_opNum9.root → copied (ms_ch=9)
[PASS] wvfFind_event9266_trackID2_opNum5.root → copied (ms_ch=5)
[PASS] wvfFind_event56003_trackID9_opNum9.root → copied (ms_ch=9)
[PASS] wvfFind_event45736_trackID8_opNum9.root → copied (ms_ch=9)
[PASS] wvfFind_event62573_trackID1_opNum3_2.root → copied (ms_ch=3)
[PASS] wvfFind_event37982_trackID2_opNum9_merged.root → copied (ms_ch=9)
[PASS] wvfFind_event53197_trackID5_opNum4_2.root → copied (ms_ch=4)
[PASS] wvfFind_event77311_trackID22_opNum5.root → copied (ms_ch=5)
[PASS] wvfFind_event4574_trackID11_opNum7.root → copied (ms_ch=7)
[PASS] wvfFind_event56431_trackID5_opNum5.root → copied (ms_ch=5)
[PASS] wvfFind_event58743_trackID24_opNum6_merged.root → copied (ms_ch=6)
[PASS] wvfFind_event52864_trackID1_opNum5.root → copied (ms_ch=5)
[PASS] wvfFind_event26218_trackID5_opNum9.root → copied (ms_ch=9)
[PASS] wvfFind_event15667_trackID14_opNum8_2.root → copied (ms_ch=8)
[PASS] wvfFind_event70256_trackID15_opNum6.root → copied (ms_ch=6)
[SKIP] wvfFind_event30559_trackID14_opNum2.root (ms_ch=2)
[PASS] wvfFind_event21162_trackID28_opNum3_merged.root → copied (ms_ch=3)
[SKIP] wvfFind_event31513_trackID2_opNum2_2.root (ms_ch=2)
[PASS] wvfFind_event57887_trackID15_opNum9.root → copied (ms_ch=9)
[PASS] wvfFind_event4799_trackID6_opNum6.root → copied (ms_ch=6)
[PASS] wvfFind_event70400_trackID3_opNum9_merged.root → copied (ms_ch=9)
[PASS] wvfFind_event9649_trackID11_opNum8.root → copied (ms_ch=8)
[PASS] wvfFind_event24199_trackID13_opNum8.root → copied (ms_ch=8)
[PASS] wvfFind_event62111_trackID11_opNum8_merged.root → copied (ms_ch=8)
[PASS] wvfFind_event26582_trackID5_opNum7_2.root → copied (ms_ch=7)
[PASS] wvfFind_event1091_trackID8_opNum8.root → copied (ms_ch=8)
[PASS] wvfFind_event47538_trackID1_opNum7.root → copied (ms_ch=7)
[PASS] wvfFind_event61195_trackID30_opNum9.root → copied (ms_ch=9)
[PASS] wvfFind_event72841_trackID7_opNum5_merged.root → copied (ms_ch=5)
[PASS] wvfFind_event30198_trackID4_opNum5.root → copied (ms_ch=5)
[SKIP] wvfFind_event15185_trackID4_opNum2.root (ms_ch=2)
[PASS] wvfFind_event49013_trackID20_opNum4_2.root → copied (ms_ch=4)
[PASS] wvfFind_event12248_trackID7_opNum5_2.root → copied (ms_ch=5)
[PASS] wvfFind_event60136_trackID6_opNum3_2.root → copied (ms_ch=3)
[PASS] wvfFind_event61217_trackID20_opNum4_merged.root → copied (ms_ch=4)
[PASS] wvfFind_event49752_trackID7_opNum9.root → copied (ms_ch=9)
[PASS] wvfFind_event34122_trackID6_opNum3.root → copied (ms_ch=3)
[PASS] wvfFind_event12260_trackID1_opNum3.root → copied (ms_ch=3)
[PASS] wvfFind_event3113_trackID4_opNum5.root → copied (ms_ch=5)
[PASS] wvfFind_event53303_trackID4_opNum8.root → copied (ms_ch=8)
[SKIP] wvfFind_event39128_trackID16_opNum1_merged.root (ms_ch=1)
[SKIP] wvfFind_event29540_trackID15_opNum1_merged.root (ms_ch=1)
[SKIP] wvfFind_event46790_trackID7_opNum1_merged.root (ms_ch=1)
[PASS] wvfFind_event5452_trackID12_opNum3.root → copied (ms_ch=3)
[PASS] wvfFind_event22297_trackID4_opNum5_2.root → copied (ms_ch=5)
[PASS] wvfFind_event68048_trackID0_opNum9.root → copied (ms_ch=9)
[PASS] wvfFind_event2918_trackID0_opNum4.root → copied (ms_ch=4)
[PASS] wvfFind_event54352_trackID7_opNum6_merged.root → copied (ms_ch=6)
[SKIP] wvfFind_event49019_trackID15_opNum1_merged.root (ms_ch=1)
[PASS] wvfFind_event6203_trackID1_opNum5.root → copied (ms_ch=5)
[PASS] wvfFind_event52529_trackID11_opNum3.root → copied (ms_ch=3)
[SKIP] wvfFind_event72704_trackID9_opNum1_merged.root (ms_ch=1)
[PASS] wvfFind_event42461_trackID14_opNum9.root → copied (ms_ch=9)
[PASS] wvfFind_event3902_trackID9_opNum9.root → copied (ms_ch=9)
[SKIP] wvfFind_event60257_trackID9_opNum2_merged.root (ms_ch=2)
[PASS] wvfFind_event53556_trackID13_opNum9.root → copied (ms_ch=9)
[PASS] wvfFind_event74329_trackID5_opNum8.root → copied (ms_ch=8)
[SKIP] wvfFind_event69909_trackID18_opNum2.root (ms_ch=2)
[PASS] wvfFind_event2153_trackID13_opNum3.root → copied (ms_ch=3)
[PASS] wvfFind_event70186_trackID23_opNum9.root → copied (ms_ch=9)
[SKIP] wvfFind_event48106_trackID2_opNum2.root (ms_ch=2)
[PASS] wvfFind_event26885_trackID9_opNum5.root → copied (ms_ch=5)
[PASS] wvfFind_event27185_trackID4_opNum9.root → copied (ms_ch=9)
[PASS] wvfFind_event64243_trackID5_opNum3.root → copied (ms_ch=3)
[PASS] wvfFind_event71882_trackID11_opNum7.root → copied (ms_ch=7)
[PASS] wvfFind_event26200_trackID31_opNum9.root → copied (ms_ch=9)
[PASS] wvfFind_event50794_trackID10_opNum3.root → copied (ms_ch=3)
[SKIP] wvfFind_event75483_trackID7_opNum2.root (ms_ch=2)
[SKIP] wvfFind_event48570_trackID9_opNum1_merged.root (ms_ch=1)
[PASS] wvfFind_event5789_trackID18_opNum6.root → copied (ms_ch=6)
[PASS] wvfFind_event1873_trackID7_opNum6_merged.root → copied (ms_ch=6)
[SKIP] wvfFind_event14168_trackID25_opNum1_merged.root (ms_ch=1)
[PASS] wvfFind_event31045_trackID9_opNum4.root → copied (ms_ch=4)
[PASS] wvfFind_event63536_trackID11_opNum5.root → copied (ms_ch=5)
[PASS] wvfFind_event43875_trackID23_opNum9.root → copied (ms_ch=9)
[PASS] wvfFind_event2158_trackID21_opNum6.root → copied (ms_ch=6)
[PASS] wvfFind_event70642_trackID3_opNum8.root → copied (ms_ch=8)
[PASS] wvfFind_event60630_trackID10_opNum5.root → copied (ms_ch=5)
[PASS] wvfFind_event20533_trackID1_opNum5.root → copied (ms_ch=5)
[PASS] wvfFind_event44751_trackID31_opNum3.root → copied (ms_ch=3)
[SKIP] wvfFind_event26306_trackID5_opNum1_merged.root (ms_ch=1)
[PASS] wvfFind_event559_trackID5_opNum9.root → copied (ms_ch=9)
[PASS] wvfFind_event19449_trackID6_opNum8.root → copied (ms_ch=8)
[SKIP] wvfFind_event7644_trackID1_opNum2.root (ms_ch=2)
[SKIP] wvfFind_event41116_trackID1_opNum2.root (ms_ch=2)
[PASS] wvfFind_event30697_trackID28_opNum6.root → copied (ms_ch=6)
[SKIP] wvfFind_event43467_trackID30_opNum2.root (ms_ch=2)
[PASS] wvfFind_event17566_trackID12_opNum9.root → copied (ms_ch=9)
[SKIP] wvfFind_event42968_trackID10_opNum1_merged.root (ms_ch=1)
[SKIP] wvfFind_event62409_trackID0_opNum1_merged.root (ms_ch=1)
[PASS] wvfFind_event77209_trackID6_opNum4_2.root → copied (ms_ch=4)
[PASS] wvfFind_event56111_trackID32_opNum7.root → copied (ms_ch=7)
[SKIP] wvfFind_event3987_trackID11_opNum1_merged.root (ms_ch=1)
[PASS] wvfFind_event19986_trackID3_opNum3.root → copied (ms_ch=3)
[SKIP] wvfFind_event34092_trackID6_opNum2_3.root (ms_ch=2)
[PASS] wvfFind_event42801_trackID5_opNum5_merged.root → copied (ms_ch=5)
[PASS] wvfFind_event19721_trackID12_opNum3_2.root → copied (ms_ch=3)
[PASS] wvfFind_event55418_trackID8_opNum8.root → copied (ms_ch=8)
[PASS] wvfFind_event77883_trackID13_opNum6_2.root → copied (ms_ch=6)
[PASS] wvfFind_event24633_trackID12_opNum6.root → copied (ms_ch=6)
[PASS] wvfFind_event24120_trackID4_opNum3.root → copied (ms_ch=3)
[PASS] wvfFind_event28478_trackID6_opNum7.root → copied (ms_ch=7)
[PASS] wvfFind_event71412_trackID10_opNum4.root → copied (ms_ch=4)
[PASS] wvfFind_event70968_trackID5_opNum5.root → copied (ms_ch=5)
[PASS] wvfFind_event1130_trackID8_opNum4.root → copied (ms_ch=4)
[PASS] wvfFind_event12914_trackID27_opNum7.root → copied (ms_ch=7)
[PASS] wvfFind_event68846_trackID7_opNum8_2.root → copied (ms_ch=8)
[SKIP] wvfFind_event68199_trackID0_opNum1_merged.root (ms_ch=1)
[PASS] wvfFind_event30046_trackID3_opNum9.root → copied (ms_ch=9)
[PASS] wvfFind_event60669_trackID3_opNum8.root → copied (ms_ch=8)
[SKIP] wvfFind_event40264_trackID4_opNum1_merged.root (ms_ch=1)
[PASS] wvfFind_event69280_trackID17_opNum9_2.root → copied (ms_ch=9)
[PASS] wvfFind_event22258_trackID6_opNum9.root → copied (ms_ch=9)
[PASS] wvfFind_event29993_trackID0_opNum5.root → copied (ms_ch=5)
[PASS] wvfFind_event63906_trackID4_opNum3_2.root → copied (ms_ch=3)
[PASS] wvfFind_event50964_trackID11_opNum5.root → copied (ms_ch=5)
[SKIP] wvfFind_event72392_trackID3_opNum2.root (ms_ch=2)
[PASS] wvfFind_event28107_trackID10_opNum9.root → copied (ms_ch=9)
[PASS] wvfFind_event62543_trackID2_opNum3.root → copied (ms_ch=3)
[PASS] wvfFind_event72254_trackID15_opNum5.root → copied (ms_ch=5)
[PASS] wvfFind_event72669_trackID7_opNum5.root → copied (ms_ch=5)
[PASS] wvfFind_event22819_trackID15_opNum9.root → copied (ms_ch=9)
[PASS] wvfFind_event5393_trackID12_opNum6.root → copied (ms_ch=6)
[PASS] wvfFind_event2274_trackID16_opNum4_merged.root → copied (ms_ch=4)
[PASS] wvfFind_event49322_trackID15_opNum7.root → copied (ms_ch=7)
[PASS] wvfFind_event68446_trackID4_opNum4_merged.root → copied (ms_ch=4)
[PASS] wvfFind_event70009_trackID3_opNum8_2.root → copied (ms_ch=8)
[SKIP] wvfFind_event20014_trackID3_opNum2_2.root (ms_ch=2)
[PASS] wvfFind_event61864_trackID6_opNum9_2.root → copied (ms_ch=9)
[PASS] wvfFind_event42720_trackID28_opNum4.root → copied (ms_ch=4)
[PASS] wvfFind_event12205_trackID17_opNum7.root → copied (ms_ch=7)
[SKIP] wvfFind_event61876_trackID5_opNum2_2.root (ms_ch=2)
[PASS] wvfFind_event1605_trackID0_opNum9_2.root → copied (ms_ch=9)
[SKIP] wvfFind_event17506_trackID12_opNum1_merged.root (ms_ch=1)
[PASS] wvfFind_event50230_trackID1_opNum5_merged.root → copied (ms_ch=5)
[PASS] wvfFind_event37340_trackID7_opNum5.root → copied (ms_ch=5)
[PASS] wvfFind_event24663_trackID5_opNum3.root → copied (ms_ch=3)
[SKIP] wvfFind_event114_trackID12_opNum2.root (ms_ch=2)
[PASS] wvfFind_event20859_trackID2_opNum5.root → copied (ms_ch=5)
[PASS] wvfFind_event52156_trackID24_opNum8_2.root → copied (ms_ch=8)
[SKIP] wvfFind_event54476_trackID16_opNum2.root (ms_ch=2)
[SKIP] wvfFind_event31830_trackID14_opNum1_merged.root (ms_ch=1)
[PASS] wvfFind_event72351_trackID2_opNum3_2.root → copied (ms_ch=3)
[PASS] wvfFind_event48539_trackID28_opNum9_merged.root → copied (ms_ch=9)
[PASS] wvfFind_event12556_trackID4_opNum4.root → copied (ms_ch=4)
[PASS] wvfFind_event49938_trackID1_opNum9.root → copied (ms_ch=9)
[PASS] wvfFind_event8822_trackID6_opNum4.root → copied (ms_ch=4)
[PASS] wvfFind_event27888_trackID5_opNum8.root → copied (ms_ch=8)
[PASS] wvfFind_event24447_trackID18_opNum9.root → copied (ms_ch=9)
[PASS] wvfFind_event33210_trackID28_opNum7.root → copied (ms_ch=7)
[SKIP] wvfFind_event73337_trackID12_opNum1_merged.root (ms_ch=1)
[PASS] wvfFind_event34326_trackID0_opNum4_2.root → copied (ms_ch=4)
[PASS] wvfFind_event21617_trackID9_opNum3.root → copied (ms_ch=3)
[PASS] wvfFind_event57702_trackID0_opNum4_2.root → copied (ms_ch=4)
[PASS] wvfFind_event17901_trackID13_opNum3.root → copied (ms_ch=3)
[PASS] wvfFind_event37048_trackID3_opNum5.root → copied (ms_ch=5)
[PASS] wvfFind_event62664_trackID0_opNum8.root → copied (ms_ch=8)
[PASS] wvfFind_event63485_trackID4_opNum7_merged.root → copied (ms_ch=7)
[PASS] wvfFind_event49753_trackID2_opNum9_2.root → copied (ms_ch=9)
[PASS] wvfFind_event48916_trackID6_opNum4.root → copied (ms_ch=4)
[PASS] wvfFind_event11070_trackID9_opNum3.root → copied (ms_ch=3)
[PASS] wvfFind_event39906_trackID1_opNum5_2.root → copied (ms_ch=5)
[PASS] wvfFind_event19145_trackID7_opNum8.root → copied (ms_ch=8)
[PASS] wvfFind_event77058_trackID7_opNum9.root → copied (ms_ch=9)
[PASS] wvfFind_event8101_trackID2_opNum3.root → copied (ms_ch=3)
[SKIP] wvfFind_event36793_trackID12_opNum2.root (ms_ch=2)
[PASS] wvfFind_event39329_trackID2_opNum9.root → copied (ms_ch=9)
[PASS] wvfFind_event21574_trackID12_opNum8.root → copied (ms_ch=8)
[PASS] wvfFind_event17734_trackID6_opNum6.root → copied (ms_ch=6)
[PASS] wvfFind_event65768_trackID11_opNum8_merged.root → copied (ms_ch=8)
[SKIP] wvfFind_event31393_trackID18_opNum1_merged.root (ms_ch=1)
[PASS] wvfFind_event65951_trackID11_opNum8.root → copied (ms_ch=8)
[PASS] wvfFind_event70419_trackID18_opNum3.root → copied (ms_ch=3)
[PASS] wvfFind_event39950_trackID15_opNum3.root → copied (ms_ch=3)
[PASS] wvfFind_event61070_trackID11_opNum9.root → copied (ms_ch=9)
[PASS] wvfFind_event29748_trackID2_opNum4_2.root → copied (ms_ch=4)
[PASS] wvfFind_event39857_trackID5_opNum4.root → copied (ms_ch=4)
[PASS] wvfFind_event64202_trackID5_opNum3.root → copied (ms_ch=3)
[PASS] wvfFind_event53624_trackID1_opNum5_3.root → copied (ms_ch=5)
[PASS] wvfFind_event48636_trackID0_opNum5.root → copied (ms_ch=5)
[PASS] wvfFind_event68757_trackID4_opNum5.root → copied (ms_ch=5)
[PASS] wvfFind_event3766_trackID10_opNum3.root → copied (ms_ch=3)
[PASS] wvfFind_event71234_trackID11_opNum3.root → copied (ms_ch=3)
[PASS] wvfFind_event14719_trackID3_opNum8.root → copied (ms_ch=8)
[PASS] wvfFind_event20847_trackID29_opNum9.root → copied (ms_ch=9)
[PASS] wvfFind_event32191_trackID1_opNum9.root → copied (ms_ch=9)
[PASS] wvfFind_event67847_trackID6_opNum5.root → copied (ms_ch=5)
[PASS] wvfFind_event25898_trackID3_opNum4.root → copied (ms_ch=4)
[PASS] wvfFind_event60387_trackID4_opNum9_2.root → copied (ms_ch=9)
[PASS] wvfFind_event17634_trackID2_opNum5.root → copied (ms_ch=5)
[SKIP] wvfFind_event16913_trackID2_opNum2.root (ms_ch=2)
[PASS] wvfFind_event1213_trackID29_opNum9.root → copied (ms_ch=9)
[SKIP] wvfFind_event60652_trackID3_opNum2_2.root (ms_ch=2)
[PASS] wvfFind_event18542_trackID9_opNum6.root → copied (ms_ch=6)
[PASS] wvfFind_event60975_trackID3_opNum7_merged.root → copied (ms_ch=7)
[PASS] wvfFind_event41601_trackID19_opNum6_merged.root → copied (ms_ch=6)
[PASS] wvfFind_event23858_trackID15_opNum7.root → copied (ms_ch=7)
[PASS] wvfFind_event46755_trackID6_opNum3_2.root → copied (ms_ch=3)
[PASS] wvfFind_event21122_trackID26_opNum4_merged.root → copied (ms_ch=4)
[PASS] wvfFind_event25058_trackID28_opNum9.root → copied (ms_ch=9)
[PASS] wvfFind_event49971_trackID6_opNum3.root → copied (ms_ch=3)
[SKIP] wvfFind_event16733_trackID3_opNum2_2.root (ms_ch=2)
[PASS] wvfFind_event26592_trackID0_opNum4.root → copied (ms_ch=4)
[PASS] wvfFind_event47411_trackID29_opNum4.root → copied (ms_ch=4)
[PASS] wvfFind_event68284_trackID22_opNum9.root → copied (ms_ch=9)
[PASS] wvfFind_event53961_trackID0_opNum9_2.root → copied (ms_ch=9)
[PASS] wvfFind_event41938_trackID0_opNum6.root → copied (ms_ch=6)
[PASS] wvfFind_event47695_trackID5_opNum6.root → copied (ms_ch=6)
[PASS] wvfFind_event52130_trackID5_opNum8.root → copied (ms_ch=8)
[PASS] wvfFind_event48825_trackID3_opNum4.root → copied (ms_ch=4)
[PASS] wvfFind_event17660_trackID25_opNum8.root → copied (ms_ch=8)
[PASS] wvfFind_event23340_trackID8_opNum9.root → copied (ms_ch=9)
[SKIP] wvfFind_event73643_trackID9_opNum2.root (ms_ch=2)
[SKIP] wvfFind_event52113_trackID18_opNum1_merged.root (ms_ch=1)
[PASS] wvfFind_event12096_trackID7_opNum3.root → copied (ms_ch=3)
[PASS] wvfFind_event24413_trackID0_opNum7.root → copied (ms_ch=7)
[PASS] wvfFind_event76228_trackID21_opNum9.root → copied (ms_ch=9)
[PASS] wvfFind_event54784_trackID6_opNum8.root → copied (ms_ch=8)
[PASS] wvfFind_event45771_trackID2_opNum5_2.root → copied (ms_ch=5)
[PASS] wvfFind_event30915_trackID22_opNum8_merged.root → copied (ms_ch=8)
[PASS] wvfFind_event21500_trackID6_opNum5.root → copied (ms_ch=5)
[PASS] wvfFind_event9745_trackID15_opNum3_2.root → copied (ms_ch=3)
[PASS] wvfFind_event17439_trackID5_opNum3_2.root → copied (ms_ch=3)
[PASS] wvfFind_event74514_trackID10_opNum6_merged.root → copied (ms_ch=6)
[PASS] wvfFind_event34155_trackID6_opNum9.root → copied (ms_ch=9)
[PASS] wvfFind_event19721_trackID12_opNum6_merged.root → copied (ms_ch=6)
[PASS] wvfFind_event23500_trackID8_opNum8.root → copied (ms_ch=8)
[SKIP] wvfFind_event454_trackID4_opNum2.root (ms_ch=2)
[PASS] wvfFind_event69578_trackID3_opNum4.root → copied (ms_ch=4)
[PASS] wvfFind_event35633_trackID4_opNum6.root → copied (ms_ch=6)
[PASS] wvfFind_event19495_trackID6_opNum9.root → copied (ms_ch=9)
[PASS] wvfFind_event64500_trackID2_opNum9.root → copied (ms_ch=9)
[PASS] wvfFind_event54048_trackID2_opNum3_3.root → copied (ms_ch=3)
[PASS] wvfFind_event43049_trackID3_opNum6_2.root → copied (ms_ch=6)
[PASS] wvfFind_event77396_trackID17_opNum3.root → copied (ms_ch=3)
[PASS] wvfFind_event9745_trackID15_opNum3.root → copied (ms_ch=3)
[PASS] wvfFind_event42309_trackID33_opNum8.root → copied (ms_ch=8)
[SKIP] wvfFind_event61554_trackID5_opNum1_merged.root (ms_ch=1)
[PASS] wvfFind_event68529_trackID28_opNum6.root → copied (ms_ch=6)
[PASS] wvfFind_event26361_trackID10_opNum5.root → copied (ms_ch=5)
[PASS] wvfFind_event16949_trackID13_opNum5.root → copied (ms_ch=5)
[PASS] wvfFind_event8403_trackID3_opNum9.root → copied (ms_ch=9)
[SKIP] wvfFind_event8578_trackID18_opNum1_merged.root (ms_ch=1)
[PASS] wvfFind_event29288_trackID4_opNum8.root → copied (ms_ch=8)
[PASS] wvfFind_event11546_trackID0_opNum9_merged.root → copied (ms_ch=9)
[PASS] wvfFind_event30105_trackID29_opNum5.root → copied (ms_ch=5)
[SKIP] wvfFind_event68852_trackID1_opNum2.root (ms_ch=2)
[PASS] wvfFind_event28674_trackID5_opNum9.root → copied (ms_ch=9)
[PASS] wvfFind_event66976_trackID14_opNum5.root → copied (ms_ch=5)
[PASS] wvfFind_event74024_trackID8_opNum4.root → copied (ms_ch=4)
[PASS] wvfFind_event301_trackID0_opNum4.root → copied (ms_ch=4)
[SKIP] wvfFind_event393_trackID3_opNum2.root (ms_ch=2)
[PASS] wvfFind_event55272_trackID21_opNum9_2.root → copied (ms_ch=9)
[PASS] wvfFind_event44699_trackID3_opNum8.root → copied (ms_ch=8)
[SKIP] wvfFind_event27252_trackID12_opNum1_merged.root (ms_ch=1)
[PASS] wvfFind_event50840_trackID5_opNum4.root → copied (ms_ch=4)
[PASS] wvfFind_event77889_trackID5_opNum9.root → copied (ms_ch=9)
[PASS] wvfFind_event37476_trackID7_opNum3.root → copied (ms_ch=3)
[SKIP] wvfFind_event52794_trackID21_opNum1_merged.root (ms_ch=1)
[PASS] wvfFind_event30948_trackID5_opNum8.root → copied (ms_ch=8)
[PASS] wvfFind_event42114_trackID0_opNum5.root → copied (ms_ch=5)
[PASS] wvfFind_event42578_trackID8_opNum9.root → copied (ms_ch=9)
[PASS] wvfFind_event54257_trackID19_opNum5.root → copied (ms_ch=5)
[PASS] wvfFind_event32161_trackID26_opNum8_merged.root → copied (ms_ch=8)
[PASS] wvfFind_event51986_trackID3_opNum5.root → copied (ms_ch=5)
[PASS] wvfFind_event74210_trackID4_opNum4_merged.root → copied (ms_ch=4)
[PASS] wvfFind_event31559_trackID18_opNum8.root → copied (ms_ch=8)
[PASS] wvfFind_event58287_trackID4_opNum9_merged.root → copied (ms_ch=9)
[PASS] wvfFind_event37434_trackID18_opNum9_2.root → copied (ms_ch=9)
[SKIP] wvfFind_event27419_trackID2_opNum2.root (ms_ch=2)
[PASS] wvfFind_event17932_trackID11_opNum9.root → copied (ms_ch=9)
[PASS] wvfFind_event45776_trackID17_opNum4.root → copied (ms_ch=4)
[PASS] wvfFind_event14118_trackID6_opNum8.root → copied (ms_ch=8)
[SKIP] wvfFind_event36442_trackID11_opNum1_merged.root (ms_ch=1)
[PASS] wvfFind_event59491_trackID19_opNum8_2.root → copied (ms_ch=8)
[SKIP] wvfFind_event9794_trackID5_opNum1_merged.root (ms_ch=1)
[SKIP] wvfFind_event4953_trackID5_opNum2_2.root (ms_ch=2)
[PASS] wvfFind_event27791_trackID22_opNum9.root → copied (ms_ch=9)
[PASS] wvfFind_event43929_trackID15_opNum4.root → copied (ms_ch=4)
[PASS] wvfFind_event60692_trackID6_opNum9_merged.root → copied (ms_ch=9)
[PASS] wvfFind_event73588_trackID14_opNum7_merged.root → copied (ms_ch=7)
[PASS] wvfFind_event75338_trackID3_opNum9.root → copied (ms_ch=9)
[PASS] wvfFind_event23674_trackID0_opNum5.root → copied (ms_ch=5)
[PASS] wvfFind_event16077_trackID4_opNum4.root → copied (ms_ch=4)
[SKIP] wvfFind_event16962_trackID14_opNum2_merged.root (ms_ch=2)
[PASS] wvfFind_event77311_trackID22_opNum5_2.root → copied (ms_ch=5)
[PASS] wvfFind_event42867_trackID0_opNum4_2.root → copied (ms_ch=4)
[SKIP] wvfFind_event56581_trackID5_opNum1_merged.root (ms_ch=1)
[PASS] wvfFind_event13137_trackID5_opNum4.root → copied (ms_ch=4)
[PASS] wvfFind_event43605_trackID3_opNum9.root → copied (ms_ch=9)
[PASS] wvfFind_event62538_trackID5_opNum5.root → copied (ms_ch=5)
[PASS] wvfFind_event26804_trackID6_opNum9.root → copied (ms_ch=9)
[PASS] wvfFind_event47852_trackID29_opNum6_2.root → copied (ms_ch=6)
[PASS] wvfFind_event76237_trackID1_opNum9_2.root → copied (ms_ch=9)
[PASS] wvfFind_event20624_trackID0_opNum3_2.root → copied (ms_ch=3)
[PASS] wvfFind_event40403_trackID31_opNum3.root → copied (ms_ch=3)
[SKIP] wvfFind_event7835_trackID17_opNum2_2.root (ms_ch=2)
[PASS] wvfFind_event66228_trackID10_opNum9_2.root → copied (ms_ch=9)
[SKIP] wvfFind_event74134_trackID9_opNum2.root (ms_ch=2)
[PASS] wvfFind_event12607_trackID16_opNum5_merged.root → copied (ms_ch=5)
[PASS] wvfFind_event47314_trackID14_opNum6.root → copied (ms_ch=6)
[PASS] wvfFind_event72185_trackID5_opNum3.root → copied (ms_ch=3)
[SKIP] wvfFind_event18521_trackID26_opNum1_merged.root (ms_ch=1)
[PASS] wvfFind_event26229_trackID13_opNum6.root → copied (ms_ch=6)
[PASS] wvfFind_event36097_trackID9_opNum9.root → copied (ms_ch=9)
[PASS] wvfFind_event36278_trackID11_opNum5.root → copied (ms_ch=5)
[PASS] wvfFind_event45776_trackID17_opNum4_2.root → copied (ms_ch=4)
[PASS] wvfFind_event13328_trackID2_opNum8_2.root → copied (ms_ch=8)
[PASS] wvfFind_event27018_trackID3_opNum4_2.root → copied (ms_ch=4)
[PASS] wvfFind_event49314_trackID16_opNum6.root → copied (ms_ch=6)
[PASS] wvfFind_event53839_trackID3_opNum5.root → copied (ms_ch=5)
[PASS] wvfFind_event44890_trackID20_opNum4.root → copied (ms_ch=4)
[PASS] wvfFind_event24071_trackID12_opNum9.root → copied (ms_ch=9)
[PASS] wvfFind_event40092_trackID3_opNum8.root → copied (ms_ch=8)
[PASS] wvfFind_event6897_trackID3_opNum9.root → copied (ms_ch=9)
[PASS] wvfFind_event19652_trackID15_opNum4.root → copied (ms_ch=4)
[PASS] wvfFind_event957_trackID13_opNum9.root → copied (ms_ch=9)
[PASS] wvfFind_event9266_trackID2_opNum5_2.root → copied (ms_ch=5)
[PASS] wvfFind_event35234_trackID13_opNum9.root → copied (ms_ch=9)
[SKIP] wvfFind_event1011_trackID7_opNum1_merged.root (ms_ch=1)
[PASS] wvfFind_event32572_trackID9_opNum5.root → copied (ms_ch=5)
[PASS] wvfFind_event58344_trackID17_opNum3_merged.root → copied (ms_ch=3)
[PASS] wvfFind_event35372_trackID5_opNum9.root → copied (ms_ch=9)
[PASS] wvfFind_event61218_trackID37_opNum5.root → copied (ms_ch=5)
[PASS] wvfFind_event47015_trackID8_opNum9.root → copied (ms_ch=9)
[PASS] wvfFind_event7896_trackID10_opNum5.root → copied (ms_ch=5)
[PASS] wvfFind_event9000_trackID5_opNum4.root → copied (ms_ch=4)
[PASS] wvfFind_event3590_trackID7_opNum4_merged.root → copied (ms_ch=4)
[PASS] wvfFind_event31782_trackID17_opNum5.root → copied (ms_ch=5)
[PASS] wvfFind_event70305_trackID5_opNum4_2.root → copied (ms_ch=4)
[PASS] wvfFind_event26409_trackID10_opNum3_merged.root → copied (ms_ch=3)
[PASS] wvfFind_event53520_trackID15_opNum4.root → copied (ms_ch=4)
[PASS] wvfFind_event15369_trackID0_opNum8.root → copied (ms_ch=8)
[PASS] wvfFind_event16456_trackID10_opNum4.root → copied (ms_ch=4)
[PASS] wvfFind_event68378_trackID18_opNum9.root → copied (ms_ch=9)
[PASS] wvfFind_event930_trackID2_opNum9.root → copied (ms_ch=9)
[PASS] wvfFind_event64883_trackID6_opNum3_merged.root → copied (ms_ch=3)
[PASS] wvfFind_event49369_trackID14_opNum6.root → copied (ms_ch=6)
[PASS] wvfFind_event21688_trackID2_opNum9.root → copied (ms_ch=9)
[PASS] wvfFind_event14735_trackID1_opNum8.root → copied (ms_ch=8)
[PASS] wvfFind_event71470_trackID1_opNum5.root → copied (ms_ch=5)
[PASS] wvfFind_event20401_trackID28_opNum5_merged.root → copied (ms_ch=5)
[PASS] wvfFind_event18021_trackID27_opNum9.root → copied (ms_ch=9)
[PASS] wvfFind_event73927_trackID9_opNum9.root → copied (ms_ch=9)
[PASS] wvfFind_event48290_trackID7_opNum9.root → copied (ms_ch=9)
[PASS] wvfFind_event49716_trackID7_opNum9.root → copied (ms_ch=9)
[PASS] wvfFind_event618_trackID6_opNum3.root → copied (ms_ch=3)
[PASS] wvfFind_event42797_trackID12_opNum5.root → copied (ms_ch=5)
[PASS] wvfFind_event63401_trackID7_opNum3.root → copied (ms_ch=3)
[PASS] wvfFind_event3320_trackID4_opNum5.root → copied (ms_ch=5)
[PASS] wvfFind_event76768_trackID8_opNum3.root → copied (ms_ch=3)
[PASS] wvfFind_event8409_trackID6_opNum8_2.root → copied (ms_ch=8)
[PASS] wvfFind_event64643_trackID11_opNum9.root → copied (ms_ch=9)
[PASS] wvfFind_event45969_trackID1_opNum5_2.root → copied (ms_ch=5)
[PASS] wvfFind_event34994_trackID3_opNum5_2.root → copied (ms_ch=5)
[PASS] wvfFind_event54210_trackID17_opNum8.root → copied (ms_ch=8)
[PASS] wvfFind_event50423_trackID11_opNum5.root → copied (ms_ch=5)
[PASS] wvfFind_event6124_trackID12_opNum9.root → copied (ms_ch=9)
[PASS] wvfFind_event76385_trackID15_opNum4.root → copied (ms_ch=4)
[PASS] wvfFind_event76832_trackID18_opNum9.root → copied (ms_ch=9)
[PASS] wvfFind_event30550_trackID6_opNum9.root → copied (ms_ch=9)
[PASS] wvfFind_event49424_trackID2_opNum5.root → copied (ms_ch=5)
[SKIP] wvfFind_event56793_trackID7_opNum2.root (ms_ch=2)
[PASS] wvfFind_event76720_trackID0_opNum9.root → copied (ms_ch=9)
[PASS] wvfFind_event40256_trackID9_opNum9.root → copied (ms_ch=9)
[PASS] wvfFind_event18307_trackID7_opNum8.root → copied (ms_ch=8)
[PASS] wvfFind_event19816_trackID29_opNum9.root → copied (ms_ch=9)
[PASS] wvfFind_event2382_trackID12_opNum9_merged.root → copied (ms_ch=9)
[SKIP] wvfFind_event55793_trackID11_opNum2.root (ms_ch=2)
[PASS] wvfFind_event29951_trackID7_opNum9.root → copied (ms_ch=9)
[PASS] wvfFind_event59447_trackID15_opNum7.root → copied (ms_ch=7)
[PASS] wvfFind_event45812_trackID25_opNum5.root → copied (ms_ch=5)
[PASS] wvfFind_event49024_trackID7_opNum9.root → copied (ms_ch=9)
[PASS] wvfFind_event16846_trackID19_opNum8.root → copied (ms_ch=8)
[PASS] wvfFind_event26438_trackID4_opNum4_2.root → copied (ms_ch=4)
[PASS] wvfFind_event17122_trackID8_opNum9.root → copied (ms_ch=9)
[PASS] wvfFind_event64017_trackID6_opNum6.root → copied (ms_ch=6)
[PASS] wvfFind_event58014_trackID16_opNum9.root → copied (ms_ch=9)
[PASS] wvfFind_event12798_trackID10_opNum4_merged.root → copied (ms_ch=4)
[PASS] wvfFind_event31583_trackID11_opNum9.root → copied (ms_ch=9)
[PASS] wvfFind_event11649_trackID17_opNum4.root → copied (ms_ch=4)
[PASS] wvfFind_event6718_trackID19_opNum3.root → copied (ms_ch=3)
[PASS] wvfFind_event58945_trackID3_opNum3.root → copied (ms_ch=3)
[PASS] wvfFind_event39423_trackID17_opNum6.root → copied (ms_ch=6)
[PASS] wvfFind_event38226_trackID0_opNum5.root → copied (ms_ch=5)
[PASS] wvfFind_event31647_trackID9_opNum6.root → copied (ms_ch=6)
[SKIP] wvfFind_event36448_trackID10_opNum2.root (ms_ch=2)
[PASS] wvfFind_event65210_trackID1_opNum3.root → copied (ms_ch=3)
[PASS] wvfFind_event17377_trackID0_opNum4.root → copied (ms_ch=4)
[PASS] wvfFind_event60049_trackID27_opNum9_2.root → copied (ms_ch=9)
[PASS] wvfFind_event75179_trackID1_opNum5_2.root → copied (ms_ch=5)
[PASS] wvfFind_event27346_trackID5_opNum3.root → copied (ms_ch=3)
[PASS] wvfFind_event73033_trackID8_opNum3.root → copied (ms_ch=3)
[PASS] wvfFind_event70294_trackID6_opNum9.root → copied (ms_ch=9)
[PASS] wvfFind_event72312_trackID21_opNum8_merged.root → copied (ms_ch=8)
[PASS] wvfFind_event27133_trackID12_opNum9.root → copied (ms_ch=9)
[PASS] wvfFind_event16224_trackID20_opNum8.root → copied (ms_ch=8)
[PASS] wvfFind_event61692_trackID5_opNum4_2.root → copied (ms_ch=4)
[PASS] wvfFind_event70348_trackID9_opNum5.root → copied (ms_ch=5)
[PASS] wvfFind_event3152_trackID6_opNum7.root → copied (ms_ch=7)
[PASS] wvfFind_event17667_trackID6_opNum9_2.root → copied (ms_ch=9)
[PASS] wvfFind_event54423_trackID7_opNum4.root → copied (ms_ch=4)
[PASS] wvfFind_event36410_trackID10_opNum7_2.root → copied (ms_ch=7)
[PASS] wvfFind_event63642_trackID3_opNum4.root → copied (ms_ch=4)
[PASS] wvfFind_event13452_trackID5_opNum9.root → copied (ms_ch=9)
[PASS] wvfFind_event25699_trackID9_opNum8.root → copied (ms_ch=8)
[PASS] wvfFind_event48693_trackID9_opNum8.root → copied (ms_ch=8)
[PASS] wvfFind_event57229_trackID5_opNum6.root → copied (ms_ch=6)
[PASS] wvfFind_event15865_trackID4_opNum4.root → copied (ms_ch=4)
[PASS] wvfFind_event63014_trackID6_opNum3.root → copied (ms_ch=3)
[PASS] wvfFind_event28900_trackID24_opNum6_merged.root → copied (ms_ch=6)
[PASS] wvfFind_event36702_trackID22_opNum9.root → copied (ms_ch=9)
[PASS] wvfFind_event4191_trackID19_opNum7_merged.root → copied (ms_ch=7)
[PASS] wvfFind_event36346_trackID8_opNum5.root → copied (ms_ch=5)
[PASS] wvfFind_event37982_trackID5_opNum4.root → copied (ms_ch=4)
[SKIP] wvfFind_event40440_trackID23_opNum1_merged.root (ms_ch=1)
[PASS] wvfFind_event76320_trackID12_opNum9.root → copied (ms_ch=9)
[PASS] wvfFind_event68184_trackID7_opNum8.root → copied (ms_ch=8)
[PASS] wvfFind_event4992_trackID19_opNum3.root → copied (ms_ch=3)
[PASS] wvfFind_event73048_trackID26_opNum4.root → copied (ms_ch=4)
[PASS] wvfFind_event22840_trackID10_opNum5_2.root → copied (ms_ch=5)
[PASS] wvfFind_event25989_trackID1_opNum3.root → copied (ms_ch=3)
[PASS] wvfFind_event56039_trackID8_opNum9.root → copied (ms_ch=9)
[PASS] wvfFind_event38461_trackID6_opNum7.root → copied (ms_ch=7)
[SKIP] wvfFind_event65660_trackID24_opNum2.root (ms_ch=2)
[PASS] wvfFind_event43441_trackID11_opNum9.root → copied (ms_ch=9)
[PASS] wvfFind_event70818_trackID7_opNum5_merged.root → copied (ms_ch=5)
[PASS] wvfFind_event21562_trackID6_opNum4_2.root → copied (ms_ch=4)
[PASS] wvfFind_event50311_trackID2_opNum4.root → copied (ms_ch=4)
[PASS] wvfFind_event11350_trackID6_opNum5.root → copied (ms_ch=5)
[PASS] wvfFind_event50217_trackID18_opNum6_2.root → copied (ms_ch=6)
[PASS] wvfFind_event75916_trackID14_opNum4.root → copied (ms_ch=4)
[PASS] wvfFind_event36722_trackID8_opNum5.root → copied (ms_ch=5)
[SKIP] wvfFind_event32375_trackID8_opNum2.root (ms_ch=2)
[PASS] wvfFind_event32067_trackID17_opNum9.root → copied (ms_ch=9)
[PASS] wvfFind_event55707_trackID9_opNum4.root → copied (ms_ch=4)
[PASS] wvfFind_event6032_trackID5_opNum4.root → copied (ms_ch=4)
[PASS] wvfFind_event34077_trackID8_opNum9.root → copied (ms_ch=9)
[PASS] wvfFind_event6167_trackID8_opNum9.root → copied (ms_ch=9)
[PASS] wvfFind_event11810_trackID18_opNum9.root → copied (ms_ch=9)
[PASS] wvfFind_event67485_trackID9_opNum7.root → copied (ms_ch=7)
[PASS] wvfFind_event74236_trackID13_opNum7.root → copied (ms_ch=7)
[PASS] wvfFind_event64825_trackID10_opNum9.root → copied (ms_ch=9)
[PASS] wvfFind_event10552_trackID5_opNum5.root → copied (ms_ch=5)
[PASS] wvfFind_event68040_trackID1_opNum5.root → copied (ms_ch=5)
[PASS] wvfFind_event12897_trackID4_opNum8.root → copied (ms_ch=8)
[PASS] wvfFind_event23739_trackID8_opNum8.root → copied (ms_ch=8)
[PASS] wvfFind_event6443_trackID6_opNum5_merged.root → copied (ms_ch=5)
[PASS] wvfFind_event49204_trackID4_opNum9.root → copied (ms_ch=9)
[SKIP] wvfFind_event34017_trackID8_opNum1_merged.root (ms_ch=1)
[SKIP] wvfFind_event1772_trackID3_opNum1_merged.root (ms_ch=1)
[PASS] wvfFind_event32696_trackID29_opNum9.root → copied (ms_ch=9)
[PASS] wvfFind_event63207_trackID13_opNum8.root → copied (ms_ch=8)
[PASS] wvfFind_event76933_trackID14_opNum5.root → copied (ms_ch=5)
[PASS] wvfFind_event14267_trackID1_opNum5.root → copied (ms_ch=5)
[PASS] wvfFind_event56857_trackID4_opNum5_merged.root → copied (ms_ch=5)
[PASS] wvfFind_event55475_trackID20_opNum8.root → copied (ms_ch=8)
[PASS] wvfFind_event17047_trackID24_opNum7.root → copied (ms_ch=7)
[SKIP] wvfFind_event68890_trackID4_opNum1_merged.root (ms_ch=1)
[PASS] wvfFind_event18645_trackID12_opNum8.root → copied (ms_ch=8)
[PASS] wvfFind_event30314_trackID5_opNum9.root → copied (ms_ch=9)
[PASS] wvfFind_event17086_trackID8_opNum9.root → copied (ms_ch=9)
[PASS] wvfFind_event64146_trackID14_opNum5_2.root → copied (ms_ch=5)
[SKIP] wvfFind_event20861_trackID26_opNum2.root (ms_ch=2)
[PASS] wvfFind_event49683_trackID11_opNum3.root → copied (ms_ch=3)
[PASS] wvfFind_event36989_trackID5_opNum8_merged.root → copied (ms_ch=8)
[PASS] wvfFind_event27754_trackID31_opNum6.root → copied (ms_ch=6)
[SKIP] wvfFind_event22288_trackID7_opNum2.root (ms_ch=2)
[SKIP] wvfFind_event24808_trackID6_opNum1_merged.root (ms_ch=1)
[PASS] wvfFind_event18881_trackID14_opNum9_2.root → copied (ms_ch=9)
[PASS] wvfFind_event30722_trackID11_opNum4.root → copied (ms_ch=4)
[PASS] wvfFind_event67100_trackID15_opNum6.root → copied (ms_ch=6)
[PASS] wvfFind_event37252_trackID4_opNum8.root → copied (ms_ch=8)
[SKIP] wvfFind_event32732_trackID16_opNum2.root (ms_ch=2)
[PASS] wvfFind_event9065_trackID13_opNum9.root → copied (ms_ch=9)
[PASS] wvfFind_event56105_trackID4_opNum9.root → copied (ms_ch=9)
[PASS] wvfFind_event50657_trackID9_opNum9.root → copied (ms_ch=9)
[PASS] wvfFind_event68216_trackID2_opNum5.root → copied (ms_ch=5)
[PASS] wvfFind_event17507_trackID7_opNum3.root → copied (ms_ch=3)
[PASS] wvfFind_event42867_trackID0_opNum4.root → copied (ms_ch=4)
[PASS] wvfFind_event64055_trackID6_opNum9.root → copied (ms_ch=9)
[SKIP] wvfFind_event15943_trackID21_opNum1_merged.root (ms_ch=1)
[PASS] wvfFind_event6853_trackID14_opNum3.root → copied (ms_ch=3)
[PASS] wvfFind_event72692_trackID22_opNum9.root → copied (ms_ch=9)
[PASS] wvfFind_event36071_trackID15_opNum6_merged.root → copied (ms_ch=6)
[PASS] wvfFind_event35313_trackID11_opNum7_merged.root → copied (ms_ch=7)
[PASS] wvfFind_event31510_trackID1_opNum9.root → copied (ms_ch=9)
[PASS] wvfFind_event55499_trackID16_opNum7.root → copied (ms_ch=7)
[PASS] wvfFind_event45699_trackID11_opNum3_3.root → copied (ms_ch=3)
[PASS] wvfFind_event56171_trackID9_opNum4.root → copied (ms_ch=4)
[PASS] wvfFind_event76080_trackID23_opNum9.root → copied (ms_ch=9)
[SKIP] wvfFind_event64977_trackID10_opNum1_merged.root (ms_ch=1)
[PASS] wvfFind_event23090_trackID12_opNum5.root → copied (ms_ch=5)
[PASS] wvfFind_event68902_trackID6_opNum4.root → copied (ms_ch=4)
[PASS] wvfFind_event13341_trackID14_opNum5.root → copied (ms_ch=5)
[PASS] wvfFind_event63909_trackID0_opNum9.root → copied (ms_ch=9)
[SKIP] wvfFind_event10977_trackID9_opNum2.root (ms_ch=2)
[PASS] wvfFind_event47555_trackID12_opNum8_merged.root → copied (ms_ch=8)
[PASS] wvfFind_event39238_trackID3_opNum5.root → copied (ms_ch=5)
[PASS] wvfFind_event63485_trackID45_opNum5.root → copied (ms_ch=5)
[PASS] wvfFind_event49042_trackID17_opNum5.root → copied (ms_ch=5)
[PASS] wvfFind_event41364_trackID7_opNum4.root → copied (ms_ch=4)
[PASS] wvfFind_event6087_trackID17_opNum4.root → copied (ms_ch=4)
[PASS] wvfFind_event58261_trackID0_opNum4.root → copied (ms_ch=4)
[SKIP] wvfFind_event74100_trackID17_opNum1_merged.root (ms_ch=1)
[PASS] wvfFind_event70714_trackID21_opNum9_2.root → copied (ms_ch=9)
[PASS] wvfFind_event47530_trackID7_opNum8.root → copied (ms_ch=8)
[PASS] wvfFind_event62796_trackID0_opNum9.root → copied (ms_ch=9)
[PASS] wvfFind_event45247_trackID17_opNum9.root → copied (ms_ch=9)
[PASS] wvfFind_event61871_trackID13_opNum5.root → copied (ms_ch=5)
[SKIP] wvfFind_event30961_trackID8_opNum2.root (ms_ch=2)
[PASS] wvfFind_event18888_trackID17_opNum9.root → copied (ms_ch=9)
[PASS] wvfFind_event65376_trackID9_opNum9.root → copied (ms_ch=9)
[SKIP] wvfFind_event60484_trackID6_opNum1_merged.root (ms_ch=1)
[PASS] wvfFind_event66480_trackID24_opNum9_2.root → copied (ms_ch=9)
[PASS] wvfFind_event54609_trackID30_opNum6.root → copied (ms_ch=6)
[PASS] wvfFind_event853_trackID5_opNum5.root → copied (ms_ch=5)
[PASS] wvfFind_event57078_trackID15_opNum6.root → copied (ms_ch=6)
[PASS] wvfFind_event38131_trackID6_opNum3.root → copied (ms_ch=3)
[PASS] wvfFind_event13345_trackID3_opNum4_2.root → copied (ms_ch=4)
[PASS] wvfFind_event24601_trackID4_opNum3_2.root → copied (ms_ch=3)
[PASS] wvfFind_event54362_trackID2_opNum5.root → copied (ms_ch=5)
[PASS] wvfFind_event10425_trackID9_opNum9.root → copied (ms_ch=9)
[SKIP] wvfFind_event10954_trackID13_opNum1_merged.root (ms_ch=1)
[PASS] wvfFind_event36298_trackID6_opNum5.root → copied (ms_ch=5)
[PASS] wvfFind_event56925_trackID12_opNum7_merged.root → copied (ms_ch=7)
[PASS] wvfFind_event72904_trackID6_opNum4.root → copied (ms_ch=4)
[SKIP] wvfFind_event47281_trackID17_opNum2_2.root (ms_ch=2)
[PASS] wvfFind_event68214_trackID15_opNum5.root → copied (ms_ch=5)
[PASS] wvfFind_event6838_trackID15_opNum4_3.root → copied (ms_ch=4)
[SKIP] wvfFind_event54269_trackID26_opNum1_merged.root (ms_ch=1)
[PASS] wvfFind_event54265_trackID5_opNum8.root → copied (ms_ch=8)
[PASS] wvfFind_event9782_trackID3_opNum9_2.root → copied (ms_ch=9)
[PASS] wvfFind_event13840_trackID3_opNum9.root → copied (ms_ch=9)
[SKIP] wvfFind_event36147_trackID21_opNum2.root (ms_ch=2)
[PASS] wvfFind_event10204_trackID15_opNum3.root → copied (ms_ch=3)
[SKIP] wvfFind_event68649_trackID1_opNum2_2.root (ms_ch=2)
[PASS] wvfFind_event24498_trackID1_opNum4.root → copied (ms_ch=4)
[PASS] wvfFind_event15944_trackID19_opNum9.root → copied (ms_ch=9)
[PASS] wvfFind_event37096_trackID28_opNum8.root → copied (ms_ch=8)
[PASS] wvfFind_event5237_trackID0_opNum4.root → copied (ms_ch=4)
[PASS] wvfFind_event25127_trackID17_opNum7.root → copied (ms_ch=7)
[SKIP] wvfFind_event36224_trackID11_opNum1_merged.root (ms_ch=1)
[PASS] wvfFind_event885_trackID2_opNum4_merged.root → copied (ms_ch=4)
[PASS] wvfFind_event22902_trackID7_opNum9.root → copied (ms_ch=9)
[PASS] wvfFind_event68925_trackID4_opNum5_2.root → copied (ms_ch=5)
[PASS] wvfFind_event48644_trackID3_opNum8.root → copied (ms_ch=8)
[PASS] wvfFind_event20377_trackID7_opNum4.root → copied (ms_ch=4)
[PASS] wvfFind_event37597_trackID11_opNum6.root → copied (ms_ch=6)
[PASS] wvfFind_event74977_trackID1_opNum4.root → copied (ms_ch=4)
[SKIP] wvfFind_event9929_trackID11_opNum1_merged.root (ms_ch=1)
[PASS] wvfFind_event70658_trackID5_opNum6.root → copied (ms_ch=6)
[PASS] wvfFind_event11875_trackID6_opNum9_merged.root → copied (ms_ch=9)
[PASS] wvfFind_event54672_trackID11_opNum9.root → copied (ms_ch=9)
[PASS] wvfFind_event16847_trackID21_opNum8_2.root → copied (ms_ch=8)
[PASS] wvfFind_event51932_trackID14_opNum7_merged.root → copied (ms_ch=7)
[PASS] wvfFind_event22765_trackID13_opNum9.root → copied (ms_ch=9)
[PASS] wvfFind_event24666_trackID8_opNum9_2.root → copied (ms_ch=9)
[PASS] wvfFind_event71679_trackID22_opNum8.root → copied (ms_ch=8)
[PASS] wvfFind_event68785_trackID7_opNum9.root → copied (ms_ch=9)
[PASS] wvfFind_event74520_trackID15_opNum6_merged.root → copied (ms_ch=6)
[PASS] wvfFind_event5118_trackID9_opNum8.root → copied (ms_ch=8)
[PASS] wvfFind_event26877_trackID5_opNum8_merged.root → copied (ms_ch=8)
[PASS] wvfFind_event36960_trackID11_opNum3.root → copied (ms_ch=3)
[PASS] wvfFind_event10734_trackID7_opNum5.root → copied (ms_ch=5)
[PASS] wvfFind_event52250_trackID6_opNum4_2.root → copied (ms_ch=4)
[PASS] wvfFind_event68818_trackID4_opNum5.root → copied (ms_ch=5)
[PASS] wvfFind_event55155_trackID3_opNum3.root → copied (ms_ch=3)
[PASS] wvfFind_event9942_trackID4_opNum3.root → copied (ms_ch=3)
[PASS] wvfFind_event53730_trackID2_opNum9.root → copied (ms_ch=9)
[PASS] wvfFind_event77928_trackID3_opNum3.root → copied (ms_ch=3)
[SKIP] wvfFind_event61813_trackID9_opNum2_2.root (ms_ch=2)
[SKIP] wvfFind_event672_trackID0_opNum2.root (ms_ch=2)
[SKIP] wvfFind_event65826_trackID18_opNum2.root (ms_ch=2)
[PASS] wvfFind_event48900_trackID0_opNum5.root → copied (ms_ch=5)
[PASS] wvfFind_event29881_trackID24_opNum6.root → copied (ms_ch=6)
[PASS] wvfFind_event34781_trackID4_opNum5_2.root → copied (ms_ch=5)
[PASS] wvfFind_event60983_trackID29_opNum5.root → copied (ms_ch=5)
[PASS] wvfFind_event21644_trackID19_opNum9_2.root → copied (ms_ch=9)
[PASS] wvfFind_event23264_trackID19_opNum9.root → copied (ms_ch=9)
[PASS] wvfFind_event17838_trackID0_opNum9.root → copied (ms_ch=9)
[PASS] wvfFind_event30750_trackID18_opNum9.root → copied (ms_ch=9)
[PASS] wvfFind_event48060_trackID6_opNum5.root → copied (ms_ch=5)
[PASS] wvfFind_event8409_trackID6_opNum8.root → copied (ms_ch=8)
[PASS] wvfFind_event43123_trackID23_opNum6_2.root → copied (ms_ch=6)
[PASS] wvfFind_event67139_trackID7_opNum4.root → copied (ms_ch=4)
[PASS] wvfFind_event7716_trackID18_opNum6.root → copied (ms_ch=6)
[PASS] wvfFind_event23739_trackID8_opNum8_2.root → copied (ms_ch=8)
[SKIP] wvfFind_event60842_trackID13_opNum1_merged.root (ms_ch=1)
[PASS] wvfFind_event9938_trackID5_opNum9.root → copied (ms_ch=9)
[PASS] wvfFind_event11481_trackID15_opNum3.root → copied (ms_ch=3)
[PASS] wvfFind_event16953_trackID1_opNum3.root → copied (ms_ch=3)
[PASS] wvfFind_event8793_trackID2_opNum5.root → copied (ms_ch=5)
[PASS] wvfFind_event63371_trackID22_opNum8_merged.root → copied (ms_ch=8)
[PASS] wvfFind_event12115_trackID9_opNum4.root → copied (ms_ch=4)
[PASS] wvfFind_event39011_trackID13_opNum3.root → copied (ms_ch=3)
[PASS] wvfFind_event53230_trackID15_opNum5.root → copied (ms_ch=5)
[PASS] wvfFind_event25999_trackID13_opNum5.root → copied (ms_ch=5)
[PASS] wvfFind_event55765_trackID0_opNum5_3.root → copied (ms_ch=5)
[PASS] wvfFind_event61558_trackID17_opNum4_2.root → copied (ms_ch=4)
[PASS] wvfFind_event11598_trackID1_opNum5_2.root → copied (ms_ch=5)
[PASS] wvfFind_event30531_trackID1_opNum4_2.root → copied (ms_ch=4)
[PASS] wvfFind_event56899_trackID9_opNum5_2.root → copied (ms_ch=5)
[PASS] wvfFind_event35300_trackID4_opNum6.root → copied (ms_ch=6)
[PASS] wvfFind_event5003_trackID9_opNum6_merged.root → copied (ms_ch=6)
[PASS] wvfFind_event66677_trackID15_opNum4.root → copied (ms_ch=4)
[PASS] wvfFind_event56165_trackID7_opNum9.root → copied (ms_ch=9)
[PASS] wvfFind_event73095_trackID3_opNum3.root → copied (ms_ch=3)
[PASS] wvfFind_event33625_trackID23_opNum9_merged.root → copied (ms_ch=9)
[PASS] wvfFind_event39569_trackID2_opNum4.root → copied (ms_ch=4)
[PASS] wvfFind_event1907_trackID25_opNum8.root → copied (ms_ch=8)
[PASS] wvfFind_event62685_trackID28_opNum9.root → copied (ms_ch=9)
[SKIP] wvfFind_event36305_trackID21_opNum1_merged.root (ms_ch=1)
[PASS] wvfFind_event58669_trackID28_opNum5.root → copied (ms_ch=5)
[PASS] wvfFind_event49015_trackID9_opNum5.root → copied (ms_ch=5)
[SKIP] wvfFind_event59643_trackID6_opNum2.root (ms_ch=2)
[PASS] wvfFind_event72522_trackID15_opNum4_2.root → copied (ms_ch=4)
[PASS] wvfFind_event76092_trackID17_opNum5.root → copied (ms_ch=5)
[PASS] wvfFind_event39456_trackID10_opNum7.root → copied (ms_ch=7)
[PASS] wvfFind_event3761_trackID4_opNum8_merged.root → copied (ms_ch=8)
[PASS] wvfFind_event24437_trackID13_opNum5_2.root → copied (ms_ch=5)
[PASS] wvfFind_event62933_trackID0_opNum5.root → copied (ms_ch=5)
[PASS] wvfFind_event60248_trackID20_opNum5_merged.root → copied (ms_ch=5)
[PASS] wvfFind_event56120_trackID8_opNum9.root → copied (ms_ch=9)
[PASS] wvfFind_event56060_trackID8_opNum4.root → copied (ms_ch=4)
[PASS] wvfFind_event62398_trackID5_opNum9_merged.root → copied (ms_ch=9)
[PASS] wvfFind_event1042_trackID8_opNum9.root → copied (ms_ch=9)
[PASS] wvfFind_event38763_trackID11_opNum3_merged.root → copied (ms_ch=3)
[PASS] wvfFind_event68915_trackID11_opNum4.root → copied (ms_ch=4)
[PASS] wvfFind_event4885_trackID15_opNum5_merged.root → copied (ms_ch=5)
[PASS] wvfFind_event37769_trackID9_opNum9.root → copied (ms_ch=9)
[PASS] wvfFind_event68188_trackID9_opNum8.root → copied (ms_ch=8)
[SKIP] wvfFind_event15244_trackID16_opNum2.root (ms_ch=2)
[PASS] wvfFind_event65857_trackID3_opNum9_merged.root → copied (ms_ch=9)
[PASS] wvfFind_event7629_trackID5_opNum4.root → copied (ms_ch=4)
[PASS] wvfFind_event34275_trackID25_opNum3.root → copied (ms_ch=3)
[PASS] wvfFind_event16903_trackID3_opNum3.root → copied (ms_ch=3)
[PASS] wvfFind_event55308_trackID0_opNum9.root → copied (ms_ch=9)
[PASS] wvfFind_event59327_trackID6_opNum3_merged.root → copied (ms_ch=3)
[PASS] wvfFind_event11445_trackID38_opNum9.root → copied (ms_ch=9)
[PASS] wvfFind_event25248_trackID1_opNum4.root → copied (ms_ch=4)
[PASS] wvfFind_event73549_trackID12_opNum7_2.root → copied (ms_ch=7)
[PASS] wvfFind_event48884_trackID2_opNum4_2.root → copied (ms_ch=4)
[PASS] wvfFind_event34459_trackID31_opNum9.root → copied (ms_ch=9)
[PASS] wvfFind_event60973_trackID24_opNum7.root → copied (ms_ch=7)
[PASS] wvfFind_event16734_trackID6_opNum3.root → copied (ms_ch=3)
[PASS] wvfFind_event5662_trackID21_opNum5.root → copied (ms_ch=5)
[PASS] wvfFind_event1395_trackID18_opNum6.root → copied (ms_ch=6)
[PASS] wvfFind_event73484_trackID2_opNum5.root → copied (ms_ch=5)
[PASS] wvfFind_event18227_trackID4_opNum9.root → copied (ms_ch=9)
[PASS] wvfFind_event30480_trackID7_opNum9.root → copied (ms_ch=9)
[PASS] wvfFind_event17486_trackID2_opNum3.root → copied (ms_ch=3)
[PASS] wvfFind_event1907_trackID25_opNum8_2.root → copied (ms_ch=8)
[PASS] wvfFind_event64763_trackID28_opNum8.root → copied (ms_ch=8)
[SKIP] wvfFind_event19724_trackID26_opNum1_merged.root (ms_ch=1)
[PASS] wvfFind_event35086_trackID30_opNum5.root → copied (ms_ch=5)
[PASS] wvfFind_event41023_trackID26_opNum7_merged.root → copied (ms_ch=7)
[PASS] wvfFind_event71734_trackID8_opNum4.root → copied (ms_ch=4)
[PASS] wvfFind_event76949_trackID4_opNum4.root → copied (ms_ch=4)
[PASS] wvfFind_event30523_trackID7_opNum9_merged.root → copied (ms_ch=9)
[PASS] wvfFind_event29111_trackID2_opNum8.root → copied (ms_ch=8)
[PASS] wvfFind_event44058_trackID0_opNum4.root → copied (ms_ch=4)
[PASS] wvfFind_event414_trackID7_opNum3.root → copied (ms_ch=3)
[PASS] wvfFind_event862_trackID15_opNum5.root → copied (ms_ch=5)
[PASS] wvfFind_event65411_trackID2_opNum5.root → copied (ms_ch=5)
[PASS] wvfFind_event61169_trackID7_opNum9.root → copied (ms_ch=9)
[SKIP] wvfFind_event51171_trackID17_opNum1_merged.root (ms_ch=1)
[PASS] wvfFind_event50646_trackID6_opNum9_merged.root → copied (ms_ch=9)
[PASS] wvfFind_event23970_trackID6_opNum5_3.root → copied (ms_ch=5)
[SKIP] wvfFind_event74658_trackID23_opNum1_merged.root (ms_ch=1)
[PASS] wvfFind_event28010_trackID3_opNum5.root → copied (ms_ch=5)
[PASS] wvfFind_event77795_trackID1_opNum3_2.root → copied (ms_ch=3)
[PASS] wvfFind_event61947_trackID0_opNum7.root → copied (ms_ch=7)
[PASS] wvfFind_event6887_trackID23_opNum5_merged.root → copied (ms_ch=5)
[PASS] wvfFind_event11880_trackID4_opNum5_merged.root → copied (ms_ch=5)
[PASS] wvfFind_event1653_trackID20_opNum9.root → copied (ms_ch=9)
[PASS] wvfFind_event68056_trackID18_opNum3.root → copied (ms_ch=3)
[PASS] wvfFind_event71973_trackID3_opNum3_2.root → copied (ms_ch=3)
[PASS] wvfFind_event36398_trackID15_opNum5.root → copied (ms_ch=5)
[SKIP] wvfFind_event6999_trackID3_opNum2_merged.root (ms_ch=2)
[SKIP] wvfFind_event3959_trackID7_opNum2.root (ms_ch=2)
[PASS] wvfFind_event5243_trackID6_opNum9_2.root → copied (ms_ch=9)
[PASS] wvfFind_event53406_trackID4_opNum8.root → copied (ms_ch=8)
[PASS] wvfFind_event25981_trackID6_opNum9.root → copied (ms_ch=9)
[PASS] wvfFind_event57223_trackID17_opNum5.root → copied (ms_ch=5)
[PASS] wvfFind_event31692_trackID4_opNum4_merged.root → copied (ms_ch=4)
[PASS] wvfFind_event54392_trackID14_opNum3_merged.root → copied (ms_ch=3)
[PASS] wvfFind_event42851_trackID20_opNum5.root → copied (ms_ch=5)
[PASS] wvfFind_event74126_trackID16_opNum4_merged.root → copied (ms_ch=4)
[SKIP] wvfFind_event61876_trackID5_opNum2.root (ms_ch=2)
[PASS] wvfFind_event32359_trackID9_opNum9.root → copied (ms_ch=9)
[PASS] wvfFind_event56725_trackID8_opNum9_2.root → copied (ms_ch=9)
[PASS] wvfFind_event53231_trackID2_opNum9.root → copied (ms_ch=9)
[PASS] wvfFind_event31360_trackID1_opNum9_merged.root → copied (ms_ch=9)
[PASS] wvfFind_event45830_trackID13_opNum3_2.root → copied (ms_ch=3)
[PASS] wvfFind_event4704_trackID13_opNum7.root → copied (ms_ch=7)
[PASS] wvfFind_event2302_trackID4_opNum8.root → copied (ms_ch=8)
[PASS] wvfFind_event12567_trackID14_opNum5_2.root → copied (ms_ch=5)
[PASS] wvfFind_event27346_trackID5_opNum3_2.root → copied (ms_ch=3)
[PASS] wvfFind_event43855_trackID6_opNum8_2.root → copied (ms_ch=8)
[PASS] wvfFind_event20927_trackID10_opNum5.root → copied (ms_ch=5)
[PASS] wvfFind_event42007_trackID18_opNum9.root → copied (ms_ch=9)
[PASS] wvfFind_event34451_trackID18_opNum6.root → copied (ms_ch=6)
[PASS] wvfFind_event55759_trackID1_opNum9.root → copied (ms_ch=9)
[PASS] wvfFind_event10159_trackID6_opNum9.root → copied (ms_ch=9)
[SKIP] wvfFind_event35788_trackID10_opNum1_merged.root (ms_ch=1)
[PASS] wvfFind_event1774_trackID1_opNum3.root → copied (ms_ch=3)
[PASS] wvfFind_event47230_trackID2_opNum5.root → copied (ms_ch=5)
[PASS] wvfFind_event24028_trackID15_opNum8.root → copied (ms_ch=8)
[PASS] wvfFind_event54061_trackID0_opNum5.root → copied (ms_ch=5)
[PASS] wvfFind_event33116_trackID1_opNum5.root → copied (ms_ch=5)
[PASS] wvfFind_event609_trackID3_opNum9_2.root → copied (ms_ch=9)
[PASS] wvfFind_event44486_trackID0_opNum4_2.root → copied (ms_ch=4)
[PASS] wvfFind_event43938_trackID17_opNum5.root → copied (ms_ch=5)
[SKIP] wvfFind_event53018_trackID5_opNum2.root (ms_ch=2)
[PASS] wvfFind_event38863_trackID6_opNum5.root → copied (ms_ch=5)
[PASS] wvfFind_event41192_trackID8_opNum8.root → copied (ms_ch=8)
[PASS] wvfFind_event3477_trackID12_opNum9.root → copied (ms_ch=9)
[PASS] wvfFind_event5505_trackID24_opNum3_merged.root → copied (ms_ch=3)
[PASS] wvfFind_event24516_trackID12_opNum9.root → copied (ms_ch=9)
[PASS] wvfFind_event57336_trackID2_opNum9_2.root → copied (ms_ch=9)
[PASS] wvfFind_event6999_trackID10_opNum4.root → copied (ms_ch=4)
[PASS] wvfFind_event4485_trackID7_opNum3_merged.root → copied (ms_ch=3)
[PASS] wvfFind_event46582_trackID3_opNum9.root → copied (ms_ch=9)
[PASS] wvfFind_event76650_trackID0_opNum9_2.root → copied (ms_ch=9)
[PASS] wvfFind_event47590_trackID2_opNum8.root → copied (ms_ch=8)
[PASS] wvfFind_event43017_trackID11_opNum9.root → copied (ms_ch=9)
[PASS] wvfFind_event40745_trackID12_opNum3_2.root → copied (ms_ch=3)
[PASS] wvfFind_event26250_trackID10_opNum3_merged.root → copied (ms_ch=3)
[PASS] wvfFind_event1461_trackID3_opNum4.root → copied (ms_ch=4)
[PASS] wvfFind_event3053_trackID1_opNum5.root → copied (ms_ch=5)
[PASS] wvfFind_event28257_trackID15_opNum9.root → copied (ms_ch=9)
[PASS] wvfFind_event29425_trackID18_opNum4.root → copied (ms_ch=4)
[SKIP] wvfFind_event50074_trackID28_opNum1_merged.root (ms_ch=1)
[PASS] wvfFind_event13331_trackID7_opNum3.root → copied (ms_ch=3)
[PASS] wvfFind_event12502_trackID12_opNum3.root → copied (ms_ch=3)
[SKIP] wvfFind_event48056_trackID19_opNum1_merged.root (ms_ch=1)
[PASS] wvfFind_event10665_trackID16_opNum6.root → copied (ms_ch=6)
[PASS] wvfFind_event21572_trackID5_opNum8.root → copied (ms_ch=8)
[PASS] wvfFind_event7730_trackID16_opNum8.root → copied (ms_ch=8)
[PASS] wvfFind_event61563_trackID19_opNum6.root → copied (ms_ch=6)
[PASS] wvfFind_event28406_trackID0_opNum4.root → copied (ms_ch=4)
[PASS] wvfFind_event50741_trackID7_opNum8_2.root → copied (ms_ch=8)
[PASS] wvfFind_event34614_trackID16_opNum4.root → copied (ms_ch=4)
[PASS] wvfFind_event52800_trackID18_opNum3.root → copied (ms_ch=3)
[PASS] wvfFind_event27950_trackID7_opNum4_2.root → copied (ms_ch=4)
[SKIP] wvfFind_event69686_trackID4_opNum1_merged.root (ms_ch=1)
[PASS] wvfFind_event14851_trackID8_opNum3.root → copied (ms_ch=3)
[PASS] wvfFind_event27810_trackID14_opNum3.root → copied (ms_ch=3)
[PASS] wvfFind_event76728_trackID17_opNum9.root → copied (ms_ch=9)
[PASS] wvfFind_event412_trackID1_opNum3_merged.root → copied (ms_ch=3)
[SKIP] wvfFind_event70772_trackID5_opNum1_merged.root (ms_ch=1)
[SKIP] wvfFind_event46333_trackID0_opNum1_merged.root (ms_ch=1)
[PASS] wvfFind_event32644_trackID3_opNum5.root → copied (ms_ch=5)
[PASS] wvfFind_event37190_trackID1_opNum7.root → copied (ms_ch=7)
[PASS] wvfFind_event3015_trackID18_opNum9.root → copied (ms_ch=9)
[PASS] wvfFind_event33076_trackID13_opNum9.root → copied (ms_ch=9)
[PASS] wvfFind_event55016_trackID21_opNum8_merged.root → copied (ms_ch=8)
[PASS] wvfFind_event59062_trackID28_opNum8.root → copied (ms_ch=8)
[PASS] wvfFind_event5020_trackID6_opNum5.root → copied (ms_ch=5)
[PASS] wvfFind_event31313_trackID5_opNum5.root → copied (ms_ch=5)
[PASS] wvfFind_event6194_trackID18_opNum9.root → copied (ms_ch=9)
[PASS] wvfFind_event18740_trackID6_opNum3.root → copied (ms_ch=3)
[PASS] wvfFind_event42522_trackID17_opNum3.root → copied (ms_ch=3)
[PASS] wvfFind_event70734_trackID3_opNum3.root → copied (ms_ch=3)
[PASS] wvfFind_event1737_trackID11_opNum6_merged.root → copied (ms_ch=6)
[SKIP] wvfFind_event57164_trackID11_opNum1_merged.root (ms_ch=1)
[PASS] wvfFind_event33826_trackID15_opNum3.root → copied (ms_ch=3)
[PASS] wvfFind_event33541_trackID2_opNum4.root → copied (ms_ch=4)
[SKIP] wvfFind_event29910_trackID20_opNum2.root (ms_ch=2)
[PASS] wvfFind_event50027_trackID4_opNum5.root → copied (ms_ch=5)
[SKIP] wvfFind_event308_trackID6_opNum2_3.root (ms_ch=2)
[PASS] wvfFind_event20079_trackID1_opNum5.root → copied (ms_ch=5)
[PASS] wvfFind_event4978_trackID24_opNum9.root → copied (ms_ch=9)
[SKIP] wvfFind_event51537_trackID4_opNum1_merged.root (ms_ch=1)
[PASS] wvfFind_event10584_trackID5_opNum8.root → copied (ms_ch=8)
[PASS] wvfFind_event60477_trackID12_opNum7_merged.root → copied (ms_ch=7)
[PASS] wvfFind_event11565_trackID23_opNum9.root → copied (ms_ch=9)
[PASS] wvfFind_event35965_trackID26_opNum9.root → copied (ms_ch=9)
[SKIP] wvfFind_event59619_trackID11_opNum1_merged.root (ms_ch=1)
[PASS] wvfFind_event71287_trackID15_opNum5.root → copied (ms_ch=5)
[PASS] wvfFind_event58376_trackID24_opNum4.root → copied (ms_ch=4)
[PASS] wvfFind_event53862_trackID1_opNum3.root → copied (ms_ch=3)
[PASS] wvfFind_event16647_trackID6_opNum4.root → copied (ms_ch=4)
[PASS] wvfFind_event36338_trackID0_opNum5.root → copied (ms_ch=5)
[PASS] wvfFind_event43945_trackID12_opNum6.root → copied (ms_ch=6)
[PASS] wvfFind_event3137_trackID5_opNum4_merged.root → copied (ms_ch=4)
[PASS] wvfFind_event6120_trackID18_opNum4.root → copied (ms_ch=4)
[PASS] wvfFind_event40434_trackID8_opNum5.root → copied (ms_ch=5)
[PASS] wvfFind_event19499_trackID1_opNum9.root → copied (ms_ch=9)
[SKIP] wvfFind_event2144_trackID36_opNum1_merged.root (ms_ch=1)
[PASS] wvfFind_event38673_trackID2_opNum4.root → copied (ms_ch=4)
[PASS] wvfFind_event37329_trackID3_opNum5.root → copied (ms_ch=5)
[PASS] wvfFind_event11242_trackID0_opNum5.root → copied (ms_ch=5)
[PASS] wvfFind_event8926_trackID14_opNum6.root → copied (ms_ch=6)
[PASS] wvfFind_event59672_trackID12_opNum9.root → copied (ms_ch=9)
[PASS] wvfFind_event62966_trackID2_opNum5.root → copied (ms_ch=5)
[PASS] wvfFind_event54416_trackID10_opNum3.root → copied (ms_ch=3)
[PASS] wvfFind_event51822_trackID10_opNum8.root → copied (ms_ch=8)
[PASS] wvfFind_event7392_trackID21_opNum9.root → copied (ms_ch=9)
[SKIP] wvfFind_event30384_trackID2_opNum2.root (ms_ch=2)
[PASS] wvfFind_event50429_trackID7_opNum9.root → copied (ms_ch=9)
[PASS] wvfFind_event22134_trackID1_opNum3.root → copied (ms_ch=3)
[PASS] wvfFind_event936_trackID10_opNum4_merged.root → copied (ms_ch=4)
[PASS] wvfFind_event16827_trackID12_opNum9.root → copied (ms_ch=9)
[PASS] wvfFind_event70020_trackID14_opNum9_2.root → copied (ms_ch=9)
[PASS] wvfFind_event52548_trackID3_opNum5.root → copied (ms_ch=5)
[SKIP] wvfFind_event15360_trackID26_opNum1_merged.root (ms_ch=1)
[PASS] wvfFind_event20933_trackID7_opNum4.root → copied (ms_ch=4)
[PASS] wvfFind_event18235_trackID4_opNum8.root → copied (ms_ch=8)
[PASS] wvfFind_event76089_trackID29_opNum6.root → copied (ms_ch=6)
[PASS] wvfFind_event8395_trackID42_opNum5.root → copied (ms_ch=5)
[PASS] wvfFind_event5391_trackID1_opNum4.root → copied (ms_ch=4)
[PASS] wvfFind_event18565_trackID29_opNum5.root → copied (ms_ch=5)
[SKIP] wvfFind_event62304_trackID4_opNum1_merged.root (ms_ch=1)
[PASS] wvfFind_event19718_trackID7_opNum8.root → copied (ms_ch=8)
[PASS] wvfFind_event77817_trackID11_opNum6.root → copied (ms_ch=6)
[PASS] wvfFind_event62232_trackID9_opNum5_merged.root → copied (ms_ch=5)
[PASS] wvfFind_event60418_trackID1_opNum5.root → copied (ms_ch=5)
[PASS] wvfFind_event38846_trackID3_opNum9.root → copied (ms_ch=9)
[SKIP] wvfFind_event13351_trackID26_opNum2_merged.root (ms_ch=2)
[PASS] wvfFind_event30452_trackID12_opNum8.root → copied (ms_ch=8)
[PASS] wvfFind_event14363_trackID21_opNum8.root → copied (ms_ch=8)
[PASS] wvfFind_event62891_trackID8_opNum9_merged.root → copied (ms_ch=9)
[SKIP] wvfFind_event67294_trackID9_opNum2.root (ms_ch=2)
[PASS] wvfFind_event3978_trackID12_opNum8.root → copied (ms_ch=8)
[PASS] wvfFind_event29204_trackID11_opNum5_merged.root → copied (ms_ch=5)
[PASS] wvfFind_event48055_trackID10_opNum5.root → copied (ms_ch=5)
[PASS] wvfFind_event6782_trackID2_opNum7_merged.root → copied (ms_ch=7)
[PASS] wvfFind_event43054_trackID1_opNum4.root → copied (ms_ch=4)
[PASS] wvfFind_event12823_trackID6_opNum9.root → copied (ms_ch=9)
[PASS] wvfFind_event76379_trackID17_opNum6.root → copied (ms_ch=6)
[PASS] wvfFind_event59963_trackID8_opNum6.root → copied (ms_ch=6)
[PASS] wvfFind_event73270_trackID16_opNum9.root → copied (ms_ch=9)
[PASS] wvfFind_event65123_trackID20_opNum8.root → copied (ms_ch=8)
[PASS] wvfFind_event35894_trackID20_opNum8.root → copied (ms_ch=8)
[PASS] wvfFind_event12021_trackID10_opNum6.root → copied (ms_ch=6)
[PASS] wvfFind_event4747_trackID4_opNum3_3.root → copied (ms_ch=3)
[SKIP] wvfFind_event26930_trackID6_opNum2_merged.root (ms_ch=2)
[PASS] wvfFind_event1093_trackID5_opNum5.root → copied (ms_ch=5)
[PASS] wvfFind_event31943_trackID2_opNum4_merged.root → copied (ms_ch=4)
[PASS] wvfFind_event41364_trackID7_opNum4_2.root → copied (ms_ch=4)
[PASS] wvfFind_event45667_trackID6_opNum5.root → copied (ms_ch=5)
[PASS] wvfFind_event25053_trackID9_opNum5.root → copied (ms_ch=5)
[PASS] wvfFind_event34858_trackID7_opNum4.root → copied (ms_ch=4)
[PASS] wvfFind_event44332_trackID11_opNum3.root → copied (ms_ch=3)
[PASS] wvfFind_event58511_trackID7_opNum3_merged.root → copied (ms_ch=3)
[PASS] wvfFind_event8249_trackID3_opNum8.root → copied (ms_ch=8)
[PASS] wvfFind_event16377_trackID11_opNum9.root → copied (ms_ch=9)
[PASS] wvfFind_event64633_trackID4_opNum4.root → copied (ms_ch=4)
[PASS] wvfFind_event49699_trackID1_opNum4.root → copied (ms_ch=4)
[PASS] wvfFind_event62789_trackID1_opNum8.root → copied (ms_ch=8)
[PASS] wvfFind_event22380_trackID25_opNum3.root → copied (ms_ch=3)
[PASS] wvfFind_event64473_trackID19_opNum3.root → copied (ms_ch=3)
[PASS] wvfFind_event1653_trackID20_opNum9_2.root → copied (ms_ch=9)
[PASS] wvfFind_event15469_trackID3_opNum3.root → copied (ms_ch=3)
[PASS] wvfFind_event14919_trackID19_opNum4_2.root → copied (ms_ch=4)
[PASS] wvfFind_event23613_trackID20_opNum9.root → copied (ms_ch=9)
[PASS] wvfFind_event38396_trackID2_opNum5.root → copied (ms_ch=5)
[PASS] wvfFind_event930_trackID2_opNum9_2.root → copied (ms_ch=9)
[PASS] wvfFind_event6126_trackID7_opNum5_merged.root → copied (ms_ch=5)
[PASS] wvfFind_event9177_trackID3_opNum3.root → copied (ms_ch=3)
[PASS] wvfFind_event32032_trackID5_opNum4.root → copied (ms_ch=4)
[PASS] wvfFind_event70211_trackID10_opNum9.root → copied (ms_ch=9)
[PASS] wvfFind_event11602_trackID13_opNum8.root → copied (ms_ch=8)
[SKIP] wvfFind_event19634_trackID0_opNum2.root (ms_ch=2)
[PASS] wvfFind_event2464_trackID0_opNum4.root → copied (ms_ch=4)
[PASS] wvfFind_event35013_trackID0_opNum8.root → copied (ms_ch=8)
[PASS] wvfFind_event41934_trackID9_opNum8.root → copied (ms_ch=8)
[PASS] wvfFind_event47852_trackID29_opNum6.root → copied (ms_ch=6)
[PASS] wvfFind_event44329_trackID2_opNum5_2.root → copied (ms_ch=5)
[PASS] wvfFind_event65005_trackID13_opNum8.root → copied (ms_ch=8)
[PASS] wvfFind_event49781_trackID1_opNum3.root → copied (ms_ch=3)
[PASS] wvfFind_event58744_trackID1_opNum7.root → copied (ms_ch=7)
[PASS] wvfFind_event56828_trackID12_opNum3.root → copied (ms_ch=3)
[PASS] wvfFind_event8182_trackID2_opNum5_merged.root → copied (ms_ch=5)
[PASS] wvfFind_event45951_trackID5_opNum3.root → copied (ms_ch=3)
[PASS] wvfFind_event20192_trackID2_opNum9.root → copied (ms_ch=9)
[PASS] wvfFind_event15928_trackID0_opNum5.root → copied (ms_ch=5)
[PASS] wvfFind_event22655_trackID1_opNum3.root → copied (ms_ch=3)
[PASS] wvfFind_event77743_trackID9_opNum9.root → copied (ms_ch=9)
[PASS] wvfFind_event46348_trackID15_opNum9.root → copied (ms_ch=9)
[PASS] wvfFind_event77761_trackID6_opNum7.root → copied (ms_ch=7)
[PASS] wvfFind_event65116_trackID0_opNum5.root → copied (ms_ch=5)
[SKIP] wvfFind_event10550_trackID2_opNum2.root (ms_ch=2)
[PASS] wvfFind_event13011_trackID12_opNum3.root → copied (ms_ch=3)
[PASS] wvfFind_event61035_trackID7_opNum7_2.root → copied (ms_ch=7)
[PASS] wvfFind_event43191_trackID15_opNum8.root → copied (ms_ch=8)
[PASS] wvfFind_event69505_trackID5_opNum5.root → copied (ms_ch=5)
[PASS] wvfFind_event36709_trackID7_opNum5.root → copied (ms_ch=5)
[PASS] wvfFind_event13475_trackID25_opNum4_merged.root → copied (ms_ch=4)
[PASS] wvfFind_event61864_trackID6_opNum9.root → copied (ms_ch=9)
[PASS] wvfFind_event72592_trackID6_opNum9.root → copied (ms_ch=9)
[PASS] wvfFind_event30823_trackID10_opNum8.root → copied (ms_ch=8)
[PASS] wvfFind_event52893_trackID2_opNum5.root → copied (ms_ch=5)
[PASS] wvfFind_event31712_trackID3_opNum5.root → copied (ms_ch=5)
[PASS] wvfFind_event67323_trackID3_opNum4_2.root → copied (ms_ch=4)
[PASS] wvfFind_event38504_trackID22_opNum3.root → copied (ms_ch=3)
[PASS] wvfFind_event43730_trackID3_opNum6.root → copied (ms_ch=6)
[PASS] wvfFind_event1520_trackID0_opNum5.root → copied (ms_ch=5)
[PASS] wvfFind_event2033_trackID14_opNum3.root → copied (ms_ch=3)
[PASS] wvfFind_event38811_trackID15_opNum9_2.root → copied (ms_ch=9)
[PASS] wvfFind_event30905_trackID23_opNum9.root → copied (ms_ch=9)
[SKIP] wvfFind_event72833_trackID28_opNum2.root (ms_ch=2)
[PASS] wvfFind_event27326_trackID23_opNum4.root → copied (ms_ch=4)
[PASS] wvfFind_event37531_trackID19_opNum9.root → copied (ms_ch=9)
[PASS] wvfFind_event20140_trackID18_opNum6_2.root → copied (ms_ch=6)
[PASS] wvfFind_event53519_trackID8_opNum6_merged.root → copied (ms_ch=6)
[SKIP] wvfFind_event42277_trackID7_opNum2.root (ms_ch=2)
[PASS] wvfFind_event44329_trackID19_opNum9.root → copied (ms_ch=9)
[PASS] wvfFind_event31005_trackID27_opNum4_merged.root → copied (ms_ch=4)
[SKIP] wvfFind_event14381_trackID10_opNum2.root (ms_ch=2)
[PASS] wvfFind_event72317_trackID15_opNum5.root → copied (ms_ch=5)
[PASS] wvfFind_event42166_trackID10_opNum9_merged.root → copied (ms_ch=9)
[SKIP] wvfFind_event53147_trackID8_opNum1_merged.root (ms_ch=1)
[PASS] wvfFind_event39326_trackID23_opNum5.root → copied (ms_ch=5)
[PASS] wvfFind_event11983_trackID8_opNum6_merged.root → copied (ms_ch=6)
[SKIP] wvfFind_event4302_trackID7_opNum1_merged.root (ms_ch=1)
[PASS] wvfFind_event42191_trackID5_opNum5.root → copied (ms_ch=5)
[PASS] wvfFind_event15046_trackID0_opNum5.root → copied (ms_ch=5)
[SKIP] wvfFind_event53972_trackID19_opNum1_merged.root (ms_ch=1)
[PASS] wvfFind_event4747_trackID4_opNum3_2.root → copied (ms_ch=3)
[PASS] wvfFind_event63435_trackID3_opNum9.root → copied (ms_ch=9)
[PASS] wvfFind_event32300_trackID9_opNum5.root → copied (ms_ch=5)
[PASS] wvfFind_event37771_trackID3_opNum4_merged.root → copied (ms_ch=4)
[PASS] wvfFind_event72761_trackID2_opNum9_2.root → copied (ms_ch=9)
[PASS] wvfFind_event52724_trackID2_opNum3.root → copied (ms_ch=3)
[PASS] wvfFind_event60797_trackID6_opNum6.root → copied (ms_ch=6)
[PASS] wvfFind_event10681_trackID6_opNum3.root → copied (ms_ch=3)
[SKIP] wvfFind_event11449_trackID3_opNum2.root (ms_ch=2)
[PASS] wvfFind_event42674_trackID3_opNum4.root → copied (ms_ch=4)
[SKIP] wvfFind_event61907_trackID10_opNum1_merged.root (ms_ch=1)
[PASS] wvfFind_event10221_trackID9_opNum9.root → copied (ms_ch=9)
[SKIP] wvfFind_event8263_trackID1_opNum1_merged.root (ms_ch=1)
[PASS] wvfFind_event11173_trackID13_opNum7.root → copied (ms_ch=7)
[PASS] wvfFind_event42506_trackID3_opNum3_merged.root → copied (ms_ch=3)
[PASS] wvfFind_event46366_trackID5_opNum4.root → copied (ms_ch=4)
[PASS] wvfFind_event32866_trackID10_opNum8_merged.root → copied (ms_ch=8)
[PASS] wvfFind_event62354_trackID8_opNum5_merged.root → copied (ms_ch=5)
[PASS] wvfFind_event20799_trackID8_opNum3.root → copied (ms_ch=3)
[PASS] wvfFind_event9200_trackID37_opNum8.root → copied (ms_ch=8)
[PASS] wvfFind_event61945_trackID11_opNum3_2.root → copied (ms_ch=3)
[PASS] wvfFind_event39615_trackID10_opNum3_merged.root → copied (ms_ch=3)
[PASS] wvfFind_event30366_trackID7_opNum7_merged.root → copied (ms_ch=7)
[PASS] wvfFind_event59277_trackID2_opNum9.root → copied (ms_ch=9)
[PASS] wvfFind_event4992_trackID19_opNum3_2.root → copied (ms_ch=3)
[PASS] wvfFind_event35088_trackID7_opNum8_merged.root → copied (ms_ch=8)
[PASS] wvfFind_event57095_trackID11_opNum5_merged.root → copied (ms_ch=5)
[SKIP] wvfFind_event55056_trackID7_opNum2.root (ms_ch=2)
[PASS] wvfFind_event30231_trackID6_opNum5.root → copied (ms_ch=5)
[PASS] wvfFind_event44223_trackID7_opNum9.root → copied (ms_ch=9)
[PASS] wvfFind_event47659_trackID12_opNum6.root → copied (ms_ch=6)
[PASS] wvfFind_event47682_trackID5_opNum9_2.root → copied (ms_ch=9)
[PASS] wvfFind_event72494_trackID14_opNum9.root → copied (ms_ch=9)
[PASS] wvfFind_event13273_trackID1_opNum9_2.root → copied (ms_ch=9)
[PASS] wvfFind_event63204_trackID0_opNum8_2.root → copied (ms_ch=8)
[PASS] wvfFind_event39731_trackID2_opNum4.root → copied (ms_ch=4)
[PASS] wvfFind_event54625_trackID6_opNum9.root → copied (ms_ch=9)
[PASS] wvfFind_event52491_trackID0_opNum5.root → copied (ms_ch=5)
[PASS] wvfFind_event61765_trackID13_opNum9.root → copied (ms_ch=9)
[PASS] wvfFind_event28892_trackID4_opNum4.root → copied (ms_ch=4)
[PASS] wvfFind_event52998_trackID8_opNum3.root → copied (ms_ch=3)
[PASS] wvfFind_event19378_trackID15_opNum6.root → copied (ms_ch=6)
[PASS] wvfFind_event59694_trackID6_opNum8.root → copied (ms_ch=8)
[SKIP] wvfFind_event47755_trackID3_opNum1_merged.root (ms_ch=1)
[PASS] wvfFind_event37715_trackID25_opNum8.root → copied (ms_ch=8)
[PASS] wvfFind_event19669_trackID5_opNum9.root → copied (ms_ch=9)
[SKIP] wvfFind_event75701_trackID2_opNum1_merged.root (ms_ch=1)
[PASS] wvfFind_event73492_trackID3_opNum4_2.root → copied (ms_ch=4)
[PASS] wvfFind_event52842_trackID16_opNum8_2.root → copied (ms_ch=8)
[PASS] wvfFind_event55617_trackID15_opNum6_2.root → copied (ms_ch=6)
[SKIP] wvfFind_event308_trackID6_opNum2_2.root (ms_ch=2)
[PASS] wvfFind_event9681_trackID8_opNum5_merged.root → copied (ms_ch=5)
[PASS] wvfFind_event36336_trackID6_opNum4.root → copied (ms_ch=4)
[PASS] wvfFind_event26302_trackID16_opNum5_2.root → copied (ms_ch=5)
[PASS] wvfFind_event40791_trackID5_opNum9_merged.root → copied (ms_ch=9)
[PASS] wvfFind_event26514_trackID7_opNum5.root → copied (ms_ch=5)
[PASS] wvfFind_event52998_trackID21_opNum8.root → copied (ms_ch=8)
[SKIP] wvfFind_event21158_trackID4_opNum1_merged.root (ms_ch=1)
[PASS] wvfFind_event46058_trackID4_opNum5_2.root → copied (ms_ch=5)
[PASS] wvfFind_event76098_trackID0_opNum4.root → copied (ms_ch=4)
[PASS] wvfFind_event33161_trackID8_opNum7_merged.root → copied (ms_ch=7)
[PASS] wvfFind_event52117_trackID16_opNum6.root → copied (ms_ch=6)
[PASS] wvfFind_event19941_trackID1_opNum3.root → copied (ms_ch=3)
[PASS] wvfFind_event55753_trackID1_opNum4.root → copied (ms_ch=4)
[PASS] wvfFind_event50997_trackID32_opNum8_merged.root → copied (ms_ch=8)
[SKIP] wvfFind_event12907_trackID5_opNum1_merged.root (ms_ch=1)
[PASS] wvfFind_event28521_trackID7_opNum5.root → copied (ms_ch=5)
[PASS] wvfFind_event61161_trackID6_opNum8.root → copied (ms_ch=8)
[PASS] wvfFind_event38811_trackID15_opNum9.root → copied (ms_ch=9)
[PASS] wvfFind_event65460_trackID9_opNum3.root → copied (ms_ch=3)
[PASS] wvfFind_event9214_trackID32_opNum8_2.root → copied (ms_ch=8)
[SKIP] wvfFind_event67650_trackID14_opNum1_merged.root (ms_ch=1)
[PASS] wvfFind_event68516_trackID7_opNum9.root → copied (ms_ch=9)
[PASS] wvfFind_event63536_trackID20_opNum3.root → copied (ms_ch=3)
[PASS] wvfFind_event3119_trackID11_opNum3_merged.root → copied (ms_ch=3)
[PASS] wvfFind_event48699_trackID12_opNum9_2.root → copied (ms_ch=9)
[PASS] wvfFind_event50273_trackID6_opNum8.root → copied (ms_ch=8)
[PASS] wvfFind_event21880_trackID8_opNum7.root → copied (ms_ch=7)
[PASS] wvfFind_event36269_trackID13_opNum5.root → copied (ms_ch=5)
[SKIP] wvfFind_event46904_trackID15_opNum1_merged.root (ms_ch=1)
[PASS] wvfFind_event72146_trackID13_opNum7_merged.root → copied (ms_ch=7)
[PASS] wvfFind_event37580_trackID2_opNum4.root → copied (ms_ch=4)
[PASS] wvfFind_event1605_trackID0_opNum9.root → copied (ms_ch=9)
[PASS] wvfFind_event28656_trackID4_opNum5.root → copied (ms_ch=5)
[SKIP] wvfFind_event32308_trackID13_opNum1_merged.root (ms_ch=1)
[PASS] wvfFind_event41047_trackID27_opNum8.root → copied (ms_ch=8)
[PASS] wvfFind_event31299_trackID6_opNum4.root → copied (ms_ch=4)
[SKIP] wvfFind_event32262_trackID2_opNum2_2.root (ms_ch=2)
[PASS] wvfFind_event51495_trackID3_opNum9_2.root → copied (ms_ch=9)
[PASS] wvfFind_event38970_trackID0_opNum5_2.root → copied (ms_ch=5)
[PASS] wvfFind_event37753_trackID23_opNum4.root → copied (ms_ch=4)
[SKIP] wvfFind_event34232_trackID7_opNum2.root (ms_ch=2)
[PASS] wvfFind_event14636_trackID3_opNum4_2.root → copied (ms_ch=4)
[PASS] wvfFind_event31896_trackID18_opNum3.root → copied (ms_ch=3)
[PASS] wvfFind_event66340_trackID2_opNum7.root → copied (ms_ch=7)
[PASS] wvfFind_event25433_trackID33_opNum8.root → copied (ms_ch=8)
[PASS] wvfFind_event49291_trackID3_opNum4_2.root → copied (ms_ch=4)
[PASS] wvfFind_event52052_trackID4_opNum9.root → copied (ms_ch=9)
[PASS] wvfFind_event8148_trackID5_opNum4.root → copied (ms_ch=4)
[PASS] wvfFind_event60087_trackID27_opNum9_merged.root → copied (ms_ch=9)
[PASS] wvfFind_event70007_trackID3_opNum8_2.root → copied (ms_ch=8)
[SKIP] wvfFind_event42143_trackID15_opNum1_merged.root (ms_ch=1)
[PASS] wvfFind_event22170_trackID4_opNum3.root → copied (ms_ch=3)
[PASS] wvfFind_event75366_trackID7_opNum4.root → copied (ms_ch=4)
[SKIP] wvfFind_event16464_trackID32_opNum1_merged.root (ms_ch=1)
[SKIP] wvfFind_event52662_trackID11_opNum1_merged.root (ms_ch=1)
[PASS] wvfFind_event26747_trackID38_opNum9_merged.root → copied (ms_ch=9)
[PASS] wvfFind_event49364_trackID11_opNum4.root → copied (ms_ch=4)
[PASS] wvfFind_event71665_trackID13_opNum3.root → copied (ms_ch=3)
[SKIP] wvfFind_event10319_trackID9_opNum2.root (ms_ch=2)
[PASS] wvfFind_event54576_trackID11_opNum5.root → copied (ms_ch=5)
[PASS] wvfFind_event36516_trackID5_opNum5.root → copied (ms_ch=5)
[PASS] wvfFind_event56165_trackID5_opNum9_merged.root → copied (ms_ch=9)
[PASS] wvfFind_event69015_trackID9_opNum4_merged.root → copied (ms_ch=4)
[SKIP] wvfFind_event68484_trackID14_opNum1_merged.root (ms_ch=1)
[PASS] wvfFind_event39085_trackID5_opNum8.root → copied (ms_ch=8)
[PASS] wvfFind_event77411_trackID26_opNum6.root → copied (ms_ch=6)
[PASS] wvfFind_event67051_trackID9_opNum3.root → copied (ms_ch=3)
[PASS] wvfFind_event17446_trackID15_opNum4_merged.root → copied (ms_ch=4)
[PASS] wvfFind_event39092_trackID8_opNum8_merged.root → copied (ms_ch=8)
[PASS] wvfFind_event48968_trackID25_opNum7.root → copied (ms_ch=7)
[PASS] wvfFind_event55363_trackID6_opNum3.root → copied (ms_ch=3)
[PASS] wvfFind_event7652_trackID8_opNum4.root → copied (ms_ch=4)
[PASS] wvfFind_event72542_trackID16_opNum5.root → copied (ms_ch=5)
[PASS] wvfFind_event72365_trackID3_opNum9.root → copied (ms_ch=9)
[PASS] wvfFind_event45475_trackID9_opNum9.root → copied (ms_ch=9)
[PASS] wvfFind_event71585_trackID10_opNum7_merged.root → copied (ms_ch=7)
[PASS] wvfFind_event16749_trackID19_opNum6.root → copied (ms_ch=6)
[PASS] wvfFind_event23970_trackID6_opNum5_2.root → copied (ms_ch=5)
[PASS] wvfFind_event63118_trackID20_opNum4_2.root → copied (ms_ch=4)
[PASS] wvfFind_event56072_trackID14_opNum8.root → copied (ms_ch=8)
[PASS] wvfFind_event13416_trackID0_opNum5.root → copied (ms_ch=5)
[PASS] wvfFind_event50748_trackID10_opNum8_merged.root → copied (ms_ch=8)
[PASS] wvfFind_event74037_trackID20_opNum9.root → copied (ms_ch=9)
[PASS] wvfFind_event29442_trackID4_opNum4.root → copied (ms_ch=4)
[PASS] wvfFind_event74418_trackID2_opNum5.root → copied (ms_ch=5)
[PASS] wvfFind_event19314_trackID10_opNum9_2.root → copied (ms_ch=9)
[PASS] wvfFind_event35631_trackID11_opNum9.root → copied (ms_ch=9)
[SKIP] wvfFind_event8868_trackID3_opNum2.root (ms_ch=2)
[PASS] wvfFind_event66096_trackID14_opNum7_merged.root → copied (ms_ch=7)
[SKIP] wvfFind_event61606_trackID2_opNum2.root (ms_ch=2)
[PASS] wvfFind_event13375_trackID20_opNum9.root → copied (ms_ch=9)
[PASS] wvfFind_event73248_trackID9_opNum5_merged.root → copied (ms_ch=5)
[PASS] wvfFind_event42130_trackID18_opNum8_merged.root → copied (ms_ch=8)
[SKIP] wvfFind_event25972_trackID18_opNum2.root (ms_ch=2)
[PASS] wvfFind_event28397_trackID2_opNum5.root → copied (ms_ch=5)
[SKIP] wvfFind_event894_trackID4_opNum2.root (ms_ch=2)
[PASS] wvfFind_event37471_trackID14_opNum9.root → copied (ms_ch=9)
[PASS] wvfFind_event2219_trackID5_opNum5.root → copied (ms_ch=5)
[PASS] wvfFind_event55546_trackID17_opNum9.root → copied (ms_ch=9)
[PASS] wvfFind_event69085_trackID3_opNum5.root → copied (ms_ch=5)
[PASS] wvfFind_event49277_trackID12_opNum4.root → copied (ms_ch=4)
[PASS] wvfFind_event31559_trackID18_opNum8_2.root → copied (ms_ch=8)
[PASS] wvfFind_event50749_trackID8_opNum4.root → copied (ms_ch=4)
[PASS] wvfFind_event62454_trackID8_opNum3.root → copied (ms_ch=3)
[PASS] wvfFind_event61477_trackID6_opNum9.root → copied (ms_ch=9)
[PASS] wvfFind_event72918_trackID4_opNum7_merged.root → copied (ms_ch=7)
[PASS] wvfFind_event56392_trackID10_opNum6.root → copied (ms_ch=6)
[PASS] wvfFind_event69498_trackID4_opNum6.root → copied (ms_ch=6)
[PASS] wvfFind_event10855_trackID4_opNum4.root → copied (ms_ch=4)
[PASS] wvfFind_event43067_trackID2_opNum4.root → copied (ms_ch=4)
[SKIP] wvfFind_event62489_trackID5_opNum1_merged.root (ms_ch=1)
[PASS] wvfFind_event40480_trackID6_opNum8.root → copied (ms_ch=8)
[PASS] wvfFind_event65202_trackID3_opNum5_2.root → copied (ms_ch=5)
[PASS] wvfFind_event14339_trackID4_opNum6.root → copied (ms_ch=6)
[PASS] wvfFind_event54873_trackID6_opNum5.root → copied (ms_ch=5)
[PASS] wvfFind_event33967_trackID10_opNum3.root → copied (ms_ch=3)
[PASS] wvfFind_event5235_trackID12_opNum4_merged.root → copied (ms_ch=4)
[PASS] wvfFind_event18662_trackID4_opNum3.root → copied (ms_ch=3)
[PASS] wvfFind_event44994_trackID22_opNum4.root → copied (ms_ch=4)
[PASS] wvfFind_event15766_trackID0_opNum4.root → copied (ms_ch=4)
[SKIP] wvfFind_event26384_trackID9_opNum1_merged.root (ms_ch=1)
[PASS] wvfFind_event516_trackID11_opNum7_merged.root → copied (ms_ch=7)
[PASS] wvfFind_event1571_trackID2_opNum3.root → copied (ms_ch=3)
[PASS] wvfFind_event68149_trackID4_opNum6_2.root → copied (ms_ch=6)
[PASS] wvfFind_event25214_trackID2_opNum3.root → copied (ms_ch=3)
[PASS] wvfFind_event67263_trackID5_opNum8.root → copied (ms_ch=8)
[PASS] wvfFind_event74662_trackID6_opNum4.root → copied (ms_ch=4)
[PASS] wvfFind_event69921_trackID24_opNum4_2.root → copied (ms_ch=4)
[PASS] wvfFind_event60788_trackID5_opNum5.root → copied (ms_ch=5)
[PASS] wvfFind_event6482_trackID4_opNum4.root → copied (ms_ch=4)
[PASS] wvfFind_event8164_trackID2_opNum5.root → copied (ms_ch=5)
[PASS] wvfFind_event53110_trackID7_opNum3.root → copied (ms_ch=3)
[PASS] wvfFind_event13328_trackID2_opNum8.root → copied (ms_ch=8)
[PASS] wvfFind_event44448_trackID11_opNum9.root → copied (ms_ch=9)
[PASS] wvfFind_event71967_trackID8_opNum9.root → copied (ms_ch=9)
[PASS] wvfFind_event52915_trackID10_opNum7.root → copied (ms_ch=7)
[SKIP] wvfFind_event22061_trackID0_opNum2.root (ms_ch=2)
[PASS] wvfFind_event4304_trackID1_opNum4.root → copied (ms_ch=4)
[PASS] wvfFind_event15070_trackID28_opNum5_merged.root → copied (ms_ch=5)
[PASS] wvfFind_event41438_trackID2_opNum5.root → copied (ms_ch=5)
[PASS] wvfFind_event65187_trackID26_opNum8_merged.root → copied (ms_ch=8)
[SKIP] wvfFind_event68874_trackID9_opNum2_merged.root (ms_ch=2)
[PASS] wvfFind_event69003_trackID2_opNum3.root → copied (ms_ch=3)
[PASS] wvfFind_event26509_trackID4_opNum3.root → copied (ms_ch=3)
[PASS] wvfFind_event34125_trackID1_opNum8.root → copied (ms_ch=8)
[SKIP] wvfFind_event23055_trackID28_opNum2_merged.root (ms_ch=2)
[PASS] wvfFind_event64414_trackID9_opNum3.root → copied (ms_ch=3)
[PASS] wvfFind_event47137_trackID16_opNum8.root → copied (ms_ch=8)
[PASS] wvfFind_event71931_trackID4_opNum5.root → copied (ms_ch=5)
[PASS] wvfFind_event5553_trackID12_opNum3.root → copied (ms_ch=3)
[PASS] wvfFind_event10366_trackID9_opNum4_2.root → copied (ms_ch=4)
[PASS] wvfFind_event46760_trackID21_opNum8.root → copied (ms_ch=8)
[SKIP] wvfFind_event57898_trackID12_opNum1_merged.root (ms_ch=1)
[PASS] wvfFind_event43107_trackID7_opNum5.root → copied (ms_ch=5)
[PASS] wvfFind_event40684_trackID23_opNum6.root → copied (ms_ch=6)
[PASS] wvfFind_event52250_trackID6_opNum4.root → copied (ms_ch=4)
[PASS] wvfFind_event16188_trackID5_opNum4.root → copied (ms_ch=4)
[PASS] wvfFind_event52690_trackID11_opNum6.root → copied (ms_ch=6)
[SKIP] wvfFind_event38453_trackID15_opNum2.root (ms_ch=2)
[SKIP] wvfFind_event60887_trackID8_opNum1_merged.root (ms_ch=1)
[PASS] wvfFind_event53586_trackID8_opNum3.root → copied (ms_ch=3)
[PASS] wvfFind_event68148_trackID21_opNum9.root → copied (ms_ch=9)
[PASS] wvfFind_event52842_trackID16_opNum9_merged.root → copied (ms_ch=9)
[PASS] wvfFind_event42700_trackID8_opNum8.root → copied (ms_ch=8)
[PASS] wvfFind_event11086_trackID5_opNum3.root → copied (ms_ch=3)
[PASS] wvfFind_event5750_trackID5_opNum9_merged.root → copied (ms_ch=9)
[SKIP] wvfFind_event7835_trackID17_opNum2.root (ms_ch=2)
[SKIP] wvfFind_event54989_trackID10_opNum2.root (ms_ch=2)
[PASS] wvfFind_event71606_trackID17_opNum5.root → copied (ms_ch=5)
[PASS] wvfFind_event49382_trackID17_opNum8_merged.root → copied (ms_ch=8)
[SKIP] wvfFind_event49928_trackID3_opNum2.root (ms_ch=2)
[PASS] wvfFind_event55765_trackID0_opNum5_2.root → copied (ms_ch=5)
[PASS] wvfFind_event55481_trackID2_opNum5.root → copied (ms_ch=5)
[PASS] wvfFind_event63527_trackID11_opNum6_merged.root → copied (ms_ch=6)
[PASS] wvfFind_event74059_trackID1_opNum3.root → copied (ms_ch=3)
[PASS] wvfFind_event9451_trackID9_opNum9_2.root → copied (ms_ch=9)
[PASS] wvfFind_event72520_trackID17_opNum6.root → copied (ms_ch=6)
[PASS] wvfFind_event60468_trackID28_opNum7.root → copied (ms_ch=7)
[PASS] wvfFind_event8033_trackID2_opNum9.root → copied (ms_ch=9)
[PASS] wvfFind_event74511_trackID26_opNum6.root → copied (ms_ch=6)
[PASS] wvfFind_event63459_trackID11_opNum5.root → copied (ms_ch=5)
[PASS] wvfFind_event32468_trackID25_opNum6.root → copied (ms_ch=6)
[PASS] wvfFind_event44296_trackID6_opNum5.root → copied (ms_ch=5)
[PASS] wvfFind_event16026_trackID7_opNum6.root → copied (ms_ch=6)
[SKIP] wvfFind_event20139_trackID14_opNum1_merged.root (ms_ch=1)
[PASS] wvfFind_event6359_trackID9_opNum8.root → copied (ms_ch=8)
[PASS] wvfFind_event49231_trackID9_opNum5.root → copied (ms_ch=5)
[PASS] wvfFind_event47022_trackID1_opNum4.root → copied (ms_ch=4)
[PASS] wvfFind_event71857_trackID2_opNum5_2.root → copied (ms_ch=5)
[PASS] wvfFind_event50080_trackID0_opNum9_merged.root → copied (ms_ch=9)
[PASS] wvfFind_event39749_trackID21_opNum4_merged.root → copied (ms_ch=4)
[PASS] wvfFind_event54876_trackID3_opNum4_merged.root → copied (ms_ch=4)
[PASS] wvfFind_event16204_trackID14_opNum5.root → copied (ms_ch=5)
[SKIP] wvfFind_event11690_trackID0_opNum2.root (ms_ch=2)
[PASS] wvfFind_event73184_trackID18_opNum3_merged.root → copied (ms_ch=3)
[SKIP] wvfFind_event54126_trackID3_opNum1_merged.root (ms_ch=1)
[PASS] wvfFind_event540_trackID6_opNum4.root → copied (ms_ch=4)
[PASS] wvfFind_event50074_trackID17_opNum6.root → copied (ms_ch=6)
[PASS] wvfFind_event63831_trackID0_opNum3.root → copied (ms_ch=3)
[PASS] wvfFind_event25085_trackID8_opNum5_merged.root → copied (ms_ch=5)
[PASS] wvfFind_event41622_trackID24_opNum9.root → copied (ms_ch=9)
[PASS] wvfFind_event39946_trackID20_opNum9_2.root → copied (ms_ch=9)
[PASS] wvfFind_event833_trackID1_opNum7.root → copied (ms_ch=7)
[PASS] wvfFind_event47379_trackID17_opNum9.root → copied (ms_ch=9)
[SKIP] wvfFind_event35616_trackID30_opNum1_merged.root (ms_ch=1)
[PASS] wvfFind_event72854_trackID7_opNum5.root → copied (ms_ch=5)
[PASS] wvfFind_event5805_trackID23_opNum4_merged.root → copied (ms_ch=4)
[PASS] wvfFind_event53539_trackID35_opNum5.root → copied (ms_ch=5)
[PASS] wvfFind_event43247_trackID31_opNum3.root → copied (ms_ch=3)
[PASS] wvfFind_event69854_trackID1_opNum5.root → copied (ms_ch=5)
[PASS] wvfFind_event28677_trackID21_opNum5.root → copied (ms_ch=5)
[PASS] wvfFind_event75623_trackID5_opNum9_2.root → copied (ms_ch=9)
[PASS] wvfFind_event49175_trackID7_opNum5_merged.root → copied (ms_ch=5)
[PASS] wvfFind_event44996_trackID10_opNum9.root → copied (ms_ch=9)
[PASS] wvfFind_event46788_trackID13_opNum9.root → copied (ms_ch=9)
[SKIP] wvfFind_event56046_trackID7_opNum2_2.root (ms_ch=2)
[SKIP] wvfFind_event29662_trackID20_opNum2.root (ms_ch=2)
[PASS] wvfFind_event69870_trackID7_opNum4.root → copied (ms_ch=4)
[SKIP] wvfFind_event35147_trackID23_opNum1_merged.root (ms_ch=1)
[SKIP] wvfFind_event2819_trackID20_opNum2_2.root (ms_ch=2)
[PASS] wvfFind_event43123_trackID23_opNum6.root → copied (ms_ch=6)
[PASS] wvfFind_event28702_trackID6_opNum8.root → copied (ms_ch=8)
[PASS] wvfFind_event56655_trackID7_opNum8_2.root → copied (ms_ch=8)
[PASS] wvfFind_event71449_trackID0_opNum7.root → copied (ms_ch=7)
[SKIP] wvfFind_event41501_trackID7_opNum1_merged.root (ms_ch=1)
[SKIP] wvfFind_event19285_trackID11_opNum1_merged.root (ms_ch=1)
[PASS] wvfFind_event9485_trackID22_opNum6_2.root → copied (ms_ch=6)
[PASS] wvfFind_event49192_trackID7_opNum9.root → copied (ms_ch=9)
[PASS] wvfFind_event55228_trackID15_opNum8_2.root → copied (ms_ch=8)
[PASS] wvfFind_event62838_trackID13_opNum8_merged.root → copied (ms_ch=8)
[PASS] wvfFind_event6838_trackID15_opNum4_2.root → copied (ms_ch=4)
[PASS] wvfFind_event14416_trackID15_opNum3_merged.root → copied (ms_ch=3)
[PASS] wvfFind_event3784_trackID16_opNum4.root → copied (ms_ch=4)
[PASS] wvfFind_event5100_trackID18_opNum6.root → copied (ms_ch=6)
[PASS] wvfFind_event50352_trackID13_opNum4.root → copied (ms_ch=4)
[PASS] wvfFind_event16609_trackID6_opNum9.root → copied (ms_ch=9)
[PASS] wvfFind_event50852_trackID9_opNum5.root → copied (ms_ch=5)
[PASS] wvfFind_event20177_trackID27_opNum5.root → copied (ms_ch=5)
[PASS] wvfFind_event51141_trackID10_opNum7_merged.root → copied (ms_ch=7)
[PASS] wvfFind_event74417_trackID24_opNum6.root → copied (ms_ch=6)
[SKIP] wvfFind_event68649_trackID1_opNum2_3.root (ms_ch=2)
[PASS] wvfFind_event35898_trackID0_opNum5.root → copied (ms_ch=5)
[SKIP] wvfFind_event1469_trackID6_opNum1_merged.root (ms_ch=1)
[PASS] wvfFind_event3225_trackID4_opNum3.root → copied (ms_ch=3)
[PASS] wvfFind_event68626_trackID6_opNum8.root → copied (ms_ch=8)
[PASS] wvfFind_event56495_trackID2_opNum7_merged.root → copied (ms_ch=7)
[PASS] wvfFind_event40423_trackID1_opNum5_2.root → copied (ms_ch=5)
[PASS] wvfFind_event62573_trackID1_opNum4_merged.root → copied (ms_ch=4)
[PASS] wvfFind_event15377_trackID27_opNum9.root → copied (ms_ch=9)
[PASS] wvfFind_event54081_trackID1_opNum5_merged.root → copied (ms_ch=5)
[PASS] wvfFind_event31630_trackID5_opNum4_2.root → copied (ms_ch=4)
[SKIP] wvfFind_event32388_trackID4_opNum2_2.root (ms_ch=2)
[SKIP] wvfFind_event43784_trackID32_opNum2.root (ms_ch=2)
[SKIP] wvfFind_event47535_trackID27_opNum1_merged.root (ms_ch=1)
[PASS] wvfFind_event68885_trackID12_opNum6.root → copied (ms_ch=6)
[SKIP] wvfFind_event19866_trackID3_opNum2.root (ms_ch=2)
[PASS] wvfFind_event13020_trackID6_opNum8.root → copied (ms_ch=8)
[PASS] wvfFind_event18734_trackID12_opNum8.root → copied (ms_ch=8)
[PASS] wvfFind_event22153_trackID9_opNum9.root → copied (ms_ch=9)
[PASS] wvfFind_event28441_trackID2_opNum4.root → copied (ms_ch=4)
[PASS] wvfFind_event36336_trackID6_opNum4_2.root → copied (ms_ch=4)
[PASS] wvfFind_event71367_trackID1_opNum5.root → copied (ms_ch=5)
[SKIP] wvfFind_event30722_trackID1_opNum1_merged.root (ms_ch=1)
[SKIP] wvfFind_event56255_trackID12_opNum1_merged.root (ms_ch=1)
[PASS] wvfFind_event15887_trackID3_opNum8.root → copied (ms_ch=8)
[SKIP] wvfFind_event39407_trackID0_opNum1_merged.root (ms_ch=1)
[PASS] wvfFind_event50238_trackID0_opNum8_2.root → copied (ms_ch=8)
[PASS] wvfFind_event76720_trackID0_opNum9_2.root → copied (ms_ch=9)
[PASS] wvfFind_event71413_trackID5_opNum8.root → copied (ms_ch=8)
[PASS] wvfFind_event2026_trackID2_opNum9.root → copied (ms_ch=9)
[SKIP] wvfFind_event53246_trackID2_opNum2.root (ms_ch=2)
[PASS] wvfFind_event1868_trackID7_opNum5.root → copied (ms_ch=5)
[PASS] wvfFind_event43198_trackID12_opNum3.root → copied (ms_ch=3)
[PASS] wvfFind_event68563_trackID3_opNum8_merged.root → copied (ms_ch=8)
[PASS] wvfFind_event39324_trackID11_opNum8.root → copied (ms_ch=8)
[PASS] wvfFind_event17327_trackID10_opNum9_2.root → copied (ms_ch=9)
[PASS] wvfFind_event58032_trackID1_opNum7.root → copied (ms_ch=7)
[PASS] wvfFind_event9512_trackID7_opNum5_2.root → copied (ms_ch=5)
[PASS] wvfFind_event12725_trackID2_opNum5.root → copied (ms_ch=5)
[PASS] wvfFind_event68531_trackID6_opNum8.root → copied (ms_ch=8)
[PASS] wvfFind_event61399_trackID5_opNum3.root → copied (ms_ch=3)
[PASS] wvfFind_event50263_trackID5_opNum7.root → copied (ms_ch=7)
[PASS] wvfFind_event4718_trackID2_opNum9.root → copied (ms_ch=9)
[PASS] wvfFind_event65080_trackID0_opNum5.root → copied (ms_ch=5)
[SKIP] wvfFind_event75447_trackID2_opNum2.root (ms_ch=2)
[PASS] wvfFind_event15410_trackID10_opNum6.root → copied (ms_ch=6)
[PASS] wvfFind_event29109_trackID1_opNum5_2.root → copied (ms_ch=5)
[PASS] wvfFind_event44197_trackID0_opNum8.root → copied (ms_ch=8)
[SKIP] wvfFind_event72935_trackID17_opNum2_merged.root (ms_ch=2)
[PASS] wvfFind_event68416_trackID1_opNum8.root → copied (ms_ch=8)
[PASS] wvfFind_event27682_trackID1_opNum3_2.root → copied (ms_ch=3)
[PASS] wvfFind_event1171_trackID1_opNum5.root → copied (ms_ch=5)
[SKIP] wvfFind_event17220_trackID0_opNum2_2.root (ms_ch=2)
[PASS] wvfFind_event34029_trackID5_opNum4.root → copied (ms_ch=4)
[PASS] wvfFind_event55882_trackID10_opNum9.root → copied (ms_ch=9)
[PASS] wvfFind_event11873_trackID4_opNum3.root → copied (ms_ch=3)
[SKIP] wvfFind_event59744_trackID8_opNum2.root (ms_ch=2)
[PASS] wvfFind_event24226_trackID21_opNum6_merged.root → copied (ms_ch=6)
[PASS] wvfFind_event17249_trackID2_opNum3.root → copied (ms_ch=3)
[PASS] wvfFind_event63331_trackID9_opNum4.root → copied (ms_ch=4)
[PASS] wvfFind_event62915_trackID30_opNum9_2.root → copied (ms_ch=9)
[PASS] wvfFind_event2111_trackID4_opNum4.root → copied (ms_ch=4)
[PASS] wvfFind_event43248_trackID3_opNum6.root → copied (ms_ch=6)
[PASS] wvfFind_event57871_trackID4_opNum9.root → copied (ms_ch=9)
[PASS] wvfFind_event45699_trackID11_opNum3_2.root → copied (ms_ch=3)
[PASS] wvfFind_event65209_trackID4_opNum4.root → copied (ms_ch=4)
[PASS] wvfFind_event19724_trackID6_opNum4_2.root → copied (ms_ch=4)
[PASS] wvfFind_event50674_trackID17_opNum9.root → copied (ms_ch=9)
[PASS] wvfFind_event30566_trackID5_opNum5.root → copied (ms_ch=5)
[SKIP] wvfFind_event13486_trackID7_opNum1_merged.root (ms_ch=1)
[SKIP] wvfFind_event40568_trackID8_opNum2.root (ms_ch=2)
[SKIP] wvfFind_event1804_trackID0_opNum2.root (ms_ch=2)
[SKIP] wvfFind_event4034_trackID4_opNum1_merged.root (ms_ch=1)
[PASS] wvfFind_event13561_trackID3_opNum4_2.root → copied (ms_ch=4)
[PASS] wvfFind_event45595_trackID18_opNum9.root → copied (ms_ch=9)
[PASS] wvfFind_event47325_trackID9_opNum5.root → copied (ms_ch=5)
[PASS] wvfFind_event50572_trackID16_opNum9_merged.root → copied (ms_ch=9)
[PASS] wvfFind_event71445_trackID3_opNum3.root → copied (ms_ch=3)
[SKIP] wvfFind_event51074_trackID5_opNum1_merged.root (ms_ch=1)
[PASS] wvfFind_event40360_trackID9_opNum5.root → copied (ms_ch=5)
[PASS] wvfFind_event53902_trackID15_opNum5.root → copied (ms_ch=5)
[SKIP] wvfFind_event74062_trackID3_opNum2.root (ms_ch=2)
[PASS] wvfFind_event75069_trackID13_opNum6.root → copied (ms_ch=6)
[PASS] wvfFind_event32679_trackID30_opNum7.root → copied (ms_ch=7)
[SKIP] wvfFind_event44789_trackID7_opNum2.root (ms_ch=2)
[PASS] wvfFind_event48938_trackID0_opNum4.root → copied (ms_ch=4)
[PASS] wvfFind_event68062_trackID11_opNum9.root → copied (ms_ch=9)
[PASS] wvfFind_event14767_trackID10_opNum9.root → copied (ms_ch=9)
[SKIP] wvfFind_event24141_trackID5_opNum1_merged.root (ms_ch=1)
[PASS] wvfFind_event18616_trackID5_opNum3.root → copied (ms_ch=3)
[PASS] wvfFind_event50937_trackID6_opNum3.root → copied (ms_ch=3)
[PASS] wvfFind_event31740_trackID6_opNum3.root → copied (ms_ch=3)
[PASS] wvfFind_event30697_trackID28_opNum6_2.root → copied (ms_ch=6)
[PASS] wvfFind_event44290_trackID11_opNum6.root → copied (ms_ch=6)
[SKIP] wvfFind_event35580_trackID22_opNum1_merged.root (ms_ch=1)
[PASS] wvfFind_event41587_trackID7_opNum5_merged.root → copied (ms_ch=5)
[PASS] wvfFind_event53925_trackID3_opNum8.root → copied (ms_ch=8)
[PASS] wvfFind_event59498_trackID15_opNum5.root → copied (ms_ch=5)
[PASS] wvfFind_event48256_trackID6_opNum4.root → copied (ms_ch=4)
[PASS] wvfFind_event49363_trackID0_opNum5.root → copied (ms_ch=5)
[PASS] wvfFind_event41980_trackID28_opNum9.root → copied (ms_ch=9)
[PASS] wvfFind_event41699_trackID11_opNum4.root → copied (ms_ch=4)
[PASS] wvfFind_event11736_trackID18_opNum9.root → copied (ms_ch=9)
[SKIP] wvfFind_event15189_trackID11_opNum2.root (ms_ch=2)
[PASS] wvfFind_event22593_trackID6_opNum8.root → copied (ms_ch=8)
[PASS] wvfFind_event48035_trackID11_opNum4_merged.root → copied (ms_ch=4)
[PASS] wvfFind_event2910_trackID2_opNum5_merged.root → copied (ms_ch=5)
[PASS] wvfFind_event25873_trackID3_opNum3_merged.root → copied (ms_ch=3)
[SKIP] wvfFind_event24857_trackID12_opNum1_merged.root (ms_ch=1)
[SKIP] wvfFind_event6082_trackID18_opNum1_merged.root (ms_ch=1)
[PASS] wvfFind_event51174_trackID3_opNum4.root → copied (ms_ch=4)
[PASS] wvfFind_event63237_trackID7_opNum3.root → copied (ms_ch=3)
[PASS] wvfFind_event41360_trackID17_opNum4.root → copied (ms_ch=4)
[PASS] wvfFind_event38812_trackID2_opNum5.root → copied (ms_ch=5)
[PASS] wvfFind_event24700_trackID4_opNum4.root → copied (ms_ch=4)
[PASS] wvfFind_event42473_trackID7_opNum3.root → copied (ms_ch=3)
[PASS] wvfFind_event72498_trackID25_opNum8.root → copied (ms_ch=8)
[PASS] wvfFind_event23880_trackID7_opNum3.root → copied (ms_ch=3)
[PASS] wvfFind_event60649_trackID17_opNum6_2.root → copied (ms_ch=6)
[PASS] wvfFind_event69410_trackID12_opNum9.root → copied (ms_ch=9)
[PASS] wvfFind_event10145_trackID14_opNum9.root → copied (ms_ch=9)
[PASS] wvfFind_event1767_trackID4_opNum4.root → copied (ms_ch=4)
[PASS] wvfFind_event29276_trackID17_opNum4_merged.root → copied (ms_ch=4)
[PASS] wvfFind_event23249_trackID8_opNum4_2.root → copied (ms_ch=4)
[PASS] wvfFind_event16077_trackID8_opNum4.root → copied (ms_ch=4)
[PASS] wvfFind_event77936_trackID26_opNum9_merged.root → copied (ms_ch=9)
[SKIP] wvfFind_event12315_trackID7_opNum2_2.root (ms_ch=2)
[PASS] wvfFind_event16597_trackID31_opNum5.root → copied (ms_ch=5)
[PASS] wvfFind_event55005_trackID0_opNum3_2.root → copied (ms_ch=3)
[PASS] wvfFind_event25633_trackID13_opNum9.root → copied (ms_ch=9)
[PASS] wvfFind_event70184_trackID14_opNum7_2.root → copied (ms_ch=7)
[PASS] wvfFind_event38774_trackID26_opNum9.root → copied (ms_ch=9)
[PASS] wvfFind_event60505_trackID7_opNum4.root → copied (ms_ch=4)
[PASS] wvfFind_event35394_trackID12_opNum8.root → copied (ms_ch=8)
[PASS] wvfFind_event24240_trackID2_opNum4_merged.root → copied (ms_ch=4)
[PASS] wvfFind_event33647_trackID0_opNum9.root → copied (ms_ch=9)
[PASS] wvfFind_event49148_trackID29_opNum3_2.root → copied (ms_ch=3)
[PASS] wvfFind_event13672_trackID24_opNum6.root → copied (ms_ch=6)
[PASS] wvfFind_event40992_trackID24_opNum9.root → copied (ms_ch=9)
[SKIP] wvfFind_event57474_trackID15_opNum1_merged.root (ms_ch=1)
[PASS] wvfFind_event58051_trackID11_opNum4.root → copied (ms_ch=4)
[PASS] wvfFind_event23780_trackID9_opNum6.root → copied (ms_ch=6)
[PASS] wvfFind_event34994_trackID9_opNum8.root → copied (ms_ch=8)
[PASS] wvfFind_event70596_trackID22_opNum7.root → copied (ms_ch=7)
[PASS] wvfFind_event16732_trackID13_opNum3_merged.root → copied (ms_ch=3)
[PASS] wvfFind_event34326_trackID0_opNum4.root → copied (ms_ch=4)
[PASS] wvfFind_event17108_trackID18_opNum4_merged.root → copied (ms_ch=4)
[PASS] wvfFind_event64947_trackID10_opNum3_merged.root → copied (ms_ch=3)
[PASS] wvfFind_event2541_trackID38_opNum8.root → copied (ms_ch=8)
[PASS] wvfFind_event26163_trackID20_opNum9.root → copied (ms_ch=9)
[PASS] wvfFind_event47828_trackID10_opNum9.root → copied (ms_ch=9)
[SKIP] wvfFind_event31070_trackID2_opNum2.root (ms_ch=2)
[PASS] wvfFind_event53686_trackID2_opNum9.root → copied (ms_ch=9)
[PASS] wvfFind_event45191_trackID20_opNum9.root → copied (ms_ch=9)
[PASS] wvfFind_event42809_trackID14_opNum7_merged.root → copied (ms_ch=7)
[PASS] wvfFind_event60791_trackID6_opNum9.root → copied (ms_ch=9)
[SKIP] wvfFind_event33683_trackID18_opNum1_merged.root (ms_ch=1)
[PASS] wvfFind_event67605_trackID9_opNum7_2.root → copied (ms_ch=7)
[PASS] wvfFind_event33309_trackID3_opNum8.root → copied (ms_ch=8)
[PASS] wvfFind_event66480_trackID24_opNum9.root → copied (ms_ch=9)
[PASS] wvfFind_event34715_trackID28_opNum9.root → copied (ms_ch=9)
[SKIP] wvfFind_event53565_trackID11_opNum2.root (ms_ch=2)
[PASS] wvfFind_event8509_trackID7_opNum7.root → copied (ms_ch=7)
[SKIP] wvfFind_event46087_trackID12_opNum2_2.root (ms_ch=2)
[PASS] wvfFind_event26204_trackID5_opNum3.root → copied (ms_ch=3)
[PASS] wvfFind_event42986_trackID6_opNum9.root → copied (ms_ch=9)
[PASS] wvfFind_event4022_trackID10_opNum6.root → copied (ms_ch=6)
[PASS] wvfFind_event25100_trackID6_opNum4_2.root → copied (ms_ch=4)
[PASS] wvfFind_event52592_trackID12_opNum7.root → copied (ms_ch=7)
[PASS] wvfFind_event47569_trackID16_opNum9_merged.root → copied (ms_ch=9)
[SKIP] wvfFind_event39263_trackID5_opNum1_merged.root (ms_ch=1)
[PASS] wvfFind_event37326_trackID10_opNum9_2.root → copied (ms_ch=9)
[PASS] wvfFind_event43373_trackID0_opNum9.root → copied (ms_ch=9)
[PASS] wvfFind_event22139_trackID6_opNum4.root → copied (ms_ch=4)
[PASS] wvfFind_event72520_trackID17_opNum6_2.root → copied (ms_ch=6)
[PASS] wvfFind_event50156_trackID12_opNum5.root → copied (ms_ch=5)
[PASS] wvfFind_event43049_trackID3_opNum6.root → copied (ms_ch=6)
[PASS] wvfFind_event923_trackID8_opNum8.root → copied (ms_ch=8)
[PASS] wvfFind_event12917_trackID2_opNum8.root → copied (ms_ch=8)
[SKIP] wvfFind_event53575_trackID6_opNum2_merged.root (ms_ch=2)
[PASS] wvfFind_event47660_trackID4_opNum5_2.root → copied (ms_ch=5)
[PASS] wvfFind_event6544_trackID1_opNum9_2.root → copied (ms_ch=9)
[PASS] wvfFind_event20161_trackID2_opNum3_merged.root → copied (ms_ch=3)
[PASS] wvfFind_event33196_trackID1_opNum4.root → copied (ms_ch=4)
[PASS] wvfFind_event16557_trackID5_opNum7.root → copied (ms_ch=7)
[SKIP] wvfFind_event4315_trackID15_opNum2.root (ms_ch=2)
[PASS] wvfFind_event63144_trackID4_opNum9.root → copied (ms_ch=9)
[PASS] wvfFind_event77889_trackID5_opNum9_2.root → copied (ms_ch=9)
[PASS] wvfFind_event16903_trackID5_opNum4.root → copied (ms_ch=4)
[PASS] wvfFind_event72669_trackID2_opNum5.root → copied (ms_ch=5)
[SKIP] wvfFind_event8214_trackID11_opNum2_merged.root (ms_ch=2)
[SKIP] wvfFind_event51575_trackID17_opNum1_merged.root (ms_ch=1)
[PASS] wvfFind_event68916_trackID4_opNum9.root → copied (ms_ch=9)
[SKIP] wvfFind_event27414_trackID18_opNum1_merged.root (ms_ch=1)
[PASS] wvfFind_event72348_trackID9_opNum6.root → copied (ms_ch=6)
[PASS] wvfFind_event41990_trackID3_opNum3_2.root → copied (ms_ch=3)
[PASS] wvfFind_event12622_trackID0_opNum5.root → copied (ms_ch=5)
[PASS] wvfFind_event68211_trackID9_opNum3.root → copied (ms_ch=3)
[PASS] wvfFind_event12132_trackID1_opNum4.root → copied (ms_ch=4)
[PASS] wvfFind_event52613_trackID5_opNum4_2.root → copied (ms_ch=4)
[PASS] wvfFind_event39093_trackID27_opNum3.root → copied (ms_ch=3)
[SKIP] wvfFind_event62139_trackID7_opNum1_merged.root (ms_ch=1)
[PASS] wvfFind_event39406_trackID2_opNum5.root → copied (ms_ch=5)
[SKIP] wvfFind_event32262_trackID2_opNum2.root (ms_ch=2)
[PASS] wvfFind_event51476_trackID1_opNum9.root → copied (ms_ch=9)
[PASS] wvfFind_event12684_trackID25_opNum5.root → copied (ms_ch=5)
[PASS] wvfFind_event68302_trackID3_opNum8.root → copied (ms_ch=8)
[PASS] wvfFind_event56385_trackID26_opNum6.root → copied (ms_ch=6)
[PASS] wvfFind_event52830_trackID9_opNum5.root → copied (ms_ch=5)
[PASS] wvfFind_event310_trackID10_opNum5.root → copied (ms_ch=5)
[PASS] wvfFind_event72449_trackID8_opNum8_merged.root → copied (ms_ch=8)
[PASS] wvfFind_event70511_trackID4_opNum9_2.root → copied (ms_ch=9)
[PASS] wvfFind_event18150_trackID0_opNum5_2.root → copied (ms_ch=5)
[PASS] wvfFind_event40900_trackID28_opNum8.root → copied (ms_ch=8)
[PASS] wvfFind_event68396_trackID4_opNum5.root → copied (ms_ch=5)
[PASS] wvfFind_event20966_trackID9_opNum4.root → copied (ms_ch=4)
[PASS] wvfFind_event58112_trackID0_opNum4.root → copied (ms_ch=4)
[SKIP] wvfFind_event41292_trackID14_opNum1_merged.root (ms_ch=1)
[PASS] wvfFind_event34644_trackID4_opNum4.root → copied (ms_ch=4)
[PASS] wvfFind_event3107_trackID6_opNum4.root → copied (ms_ch=4)
[PASS] wvfFind_event10230_trackID2_opNum7_merged.root → copied (ms_ch=7)
[PASS] wvfFind_event57892_trackID24_opNum8_2.root → copied (ms_ch=8)
[PASS] wvfFind_event5766_trackID23_opNum5.root → copied (ms_ch=5)
[PASS] wvfFind_event60087_trackID19_opNum3.root → copied (ms_ch=3)
[PASS] wvfFind_event32808_trackID10_opNum5.root → copied (ms_ch=5)
[PASS] wvfFind_event23666_trackID9_opNum9.root → copied (ms_ch=9)
[PASS] wvfFind_event28062_trackID42_opNum9.root → copied (ms_ch=9)
[PASS] wvfFind_event63415_trackID0_opNum4_2.root → copied (ms_ch=4)
[PASS] wvfFind_event46979_trackID8_opNum4.root → copied (ms_ch=4)
[PASS] wvfFind_event77501_trackID10_opNum5_2.root → copied (ms_ch=5)
[PASS] wvfFind_event31125_trackID3_opNum7_merged.root → copied (ms_ch=7)
[PASS] wvfFind_event69875_trackID4_opNum3.root → copied (ms_ch=3)
[PASS] wvfFind_event59491_trackID19_opNum9_merged.root → copied (ms_ch=9)
[PASS] wvfFind_event31948_trackID2_opNum9_2.root → copied (ms_ch=9)
[PASS] wvfFind_event73104_trackID7_opNum3.root → copied (ms_ch=3)
[PASS] wvfFind_event47820_trackID3_opNum5.root → copied (ms_ch=5)
[PASS] wvfFind_event34764_trackID20_opNum4.root → copied (ms_ch=4)
[PASS] wvfFind_event10378_trackID11_opNum9.root → copied (ms_ch=9)
[PASS] wvfFind_event53717_trackID3_opNum5.root → copied (ms_ch=5)
[PASS] wvfFind_event47736_trackID4_opNum8_merged.root → copied (ms_ch=8)
[PASS] wvfFind_event42422_trackID3_opNum3.root → copied (ms_ch=3)
[PASS] wvfFind_event9233_trackID14_opNum8.root → copied (ms_ch=8)
[PASS] wvfFind_event49506_trackID32_opNum9.root → copied (ms_ch=9)
[PASS] wvfFind_event42657_trackID13_opNum3.root → copied (ms_ch=3)
[PASS] wvfFind_event35372_trackID5_opNum9_2.root → copied (ms_ch=9)
[PASS] wvfFind_event54664_trackID2_opNum3_merged.root → copied (ms_ch=3)
[SKIP] wvfFind_event76580_trackID7_opNum1_merged.root (ms_ch=1)
[PASS] wvfFind_event49042_trackID17_opNum5_2.root → copied (ms_ch=5)
[PASS] wvfFind_event19455_trackID27_opNum8.root → copied (ms_ch=8)
[PASS] wvfFind_event36975_trackID5_opNum8_merged.root → copied (ms_ch=8)
[PASS] wvfFind_event56888_trackID11_opNum4.root → copied (ms_ch=4)
[SKIP] wvfFind_event37939_trackID19_opNum2.root (ms_ch=2)
[PASS] wvfFind_event55784_trackID13_opNum5.root → copied (ms_ch=5)
[PASS] wvfFind_event20624_trackID0_opNum3_3.root → copied (ms_ch=3)
[SKIP] wvfFind_event70064_trackID8_opNum1_merged.root (ms_ch=1)
[PASS] wvfFind_event1983_trackID8_opNum9.root → copied (ms_ch=9)
[PASS] wvfFind_event6947_trackID0_opNum4_merged.root → copied (ms_ch=4)
[PASS] wvfFind_event22741_trackID6_opNum5.root → copied (ms_ch=5)
[PASS] wvfFind_event50655_trackID15_opNum9.root → copied (ms_ch=9)
[SKIP] wvfFind_event37946_trackID2_opNum1_merged.root (ms_ch=1)
[PASS] wvfFind_event29646_trackID2_opNum7_merged.root → copied (ms_ch=7)
[PASS] wvfFind_event39301_trackID17_opNum6.root → copied (ms_ch=6)
[PASS] wvfFind_event32903_trackID19_opNum5.root → copied (ms_ch=5)
[SKIP] wvfFind_event4546_trackID0_opNum1_merged.root (ms_ch=1)
[PASS] wvfFind_event46988_trackID7_opNum4_2.root → copied (ms_ch=4)
[SKIP] wvfFind_event46099_trackID2_opNum2_2.root (ms_ch=2)
[SKIP] wvfFind_event14940_trackID13_opNum1_merged.root (ms_ch=1)
[PASS] wvfFind_event49486_trackID0_opNum5_merged.root → copied (ms_ch=5)
[PASS] wvfFind_event55417_trackID1_opNum9.root → copied (ms_ch=9)
[PASS] wvfFind_event30963_trackID10_opNum9_merged.root → copied (ms_ch=9)
[PASS] wvfFind_event5393_trackID0_opNum5.root → copied (ms_ch=5)
[PASS] wvfFind_event74274_trackID5_opNum9.root → copied (ms_ch=9)
[PASS] wvfFind_event23067_trackID0_opNum4.root → copied (ms_ch=4)
[PASS] wvfFind_event62495_trackID2_opNum4.root → copied (ms_ch=4)
[PASS] wvfFind_event47626_trackID8_opNum5.root → copied (ms_ch=5)
[PASS] wvfFind_event61851_trackID2_opNum4.root → copied (ms_ch=4)
[PASS] wvfFind_event14851_trackID2_opNum9.root → copied (ms_ch=9)
[PASS] wvfFind_event65007_trackID1_opNum9.root → copied (ms_ch=9)
[PASS] wvfFind_event52344_trackID21_opNum6.root → copied (ms_ch=6)
[PASS] wvfFind_event42891_trackID9_opNum5.root → copied (ms_ch=5)
[PASS] wvfFind_event41127_trackID32_opNum6.root → copied (ms_ch=6)
[PASS] wvfFind_event21175_trackID16_opNum8.root → copied (ms_ch=8)
[PASS] wvfFind_event1357_trackID0_opNum8_merged.root → copied (ms_ch=8)
[PASS] wvfFind_event53817_trackID5_opNum9.root → copied (ms_ch=9)
[PASS] wvfFind_event53843_trackID9_opNum4_2.root → copied (ms_ch=4)
[PASS] wvfFind_event43870_trackID8_opNum4.root → copied (ms_ch=4)
[PASS] wvfFind_event76408_trackID30_opNum9.root → copied (ms_ch=9)
[PASS] wvfFind_event7615_trackID4_opNum4_merged.root → copied (ms_ch=4)
[PASS] wvfFind_event41631_trackID21_opNum9_2.root → copied (ms_ch=9)
[SKIP] wvfFind_event27460_trackID17_opNum2.root (ms_ch=2)
[PASS] wvfFind_event45630_trackID9_opNum9.root → copied (ms_ch=9)
[PASS] wvfFind_event75864_trackID10_opNum9.root → copied (ms_ch=9)
[PASS] wvfFind_event8317_trackID13_opNum9.root → copied (ms_ch=9)
[PASS] wvfFind_event64801_trackID1_opNum9.root → copied (ms_ch=9)
[PASS] wvfFind_event73792_trackID1_opNum5.root → copied (ms_ch=5)
[SKIP] wvfFind_event27883_trackID7_opNum1_merged.root (ms_ch=1)
[PASS] wvfFind_event51985_trackID1_opNum5.root → copied (ms_ch=5)
[PASS] wvfFind_event41163_trackID34_opNum7.root → copied (ms_ch=7)
[PASS] wvfFind_event52252_trackID2_opNum5.root → copied (ms_ch=5)
[PASS] wvfFind_event17981_trackID5_opNum4.root → copied (ms_ch=4)
[PASS] wvfFind_event73529_trackID10_opNum6.root → copied (ms_ch=6)
[PASS] wvfFind_event25939_trackID6_opNum8.root → copied (ms_ch=8)
[PASS] wvfFind_event45325_trackID2_opNum5.root → copied (ms_ch=5)
[PASS] wvfFind_event42480_trackID1_opNum5.root → copied (ms_ch=5)
[PASS] wvfFind_event28957_trackID8_opNum4.root → copied (ms_ch=4)
[PASS] wvfFind_event58574_trackID10_opNum5_merged.root → copied (ms_ch=5)
[PASS] wvfFind_event9123_trackID11_opNum9.root → copied (ms_ch=9)
[PASS] wvfFind_event50104_trackID5_opNum4.root → copied (ms_ch=4)
[PASS] wvfFind_event62698_trackID7_opNum6.root → copied (ms_ch=6)
[PASS] wvfFind_event18477_trackID6_opNum3.root → copied (ms_ch=3)
[PASS] wvfFind_event30913_trackID14_opNum4.root → copied (ms_ch=4)
[PASS] wvfFind_event8307_trackID10_opNum9.root → copied (ms_ch=9)
[PASS] wvfFind_event11369_trackID9_opNum9_merged.root → copied (ms_ch=9)
[PASS] wvfFind_event2401_trackID9_opNum6_merged.root → copied (ms_ch=6)
[PASS] wvfFind_event49598_trackID0_opNum7.root → copied (ms_ch=7)
[PASS] wvfFind_event19916_trackID11_opNum6.root → copied (ms_ch=6)
[PASS] wvfFind_event18148_trackID7_opNum9.root → copied (ms_ch=9)
[PASS] wvfFind_event24358_trackID7_opNum5.root → copied (ms_ch=5)
[PASS] wvfFind_event56689_trackID6_opNum9.root → copied (ms_ch=9)
[PASS] wvfFind_event70007_trackID3_opNum8.root → copied (ms_ch=8)
[PASS] wvfFind_event38301_trackID4_opNum4_merged.root → copied (ms_ch=4)
[PASS] wvfFind_event71706_trackID1_opNum9.root → copied (ms_ch=9)
[PASS] wvfFind_event54048_trackID2_opNum3_2.root → copied (ms_ch=3)
[PASS] wvfFind_event8728_trackID7_opNum4_merged.root → copied (ms_ch=4)
[PASS] wvfFind_event68734_trackID40_opNum8.root → copied (ms_ch=8)
[PASS] wvfFind_event15735_trackID2_opNum8_merged.root → copied (ms_ch=8)
[PASS] wvfFind_event19921_trackID1_opNum4.root → copied (ms_ch=4)
[PASS] wvfFind_event14597_trackID6_opNum4.root → copied (ms_ch=4)
[SKIP] wvfFind_event23340_trackID11_opNum1_merged.root (ms_ch=1)
[PASS] wvfFind_event56432_trackID2_opNum4.root → copied (ms_ch=4)
[PASS] wvfFind_event68587_trackID5_opNum9.root → copied (ms_ch=9)
[SKIP] wvfFind_event54989_trackID10_opNum2_2.root (ms_ch=2)
[SKIP] wvfFind_event65400_trackID12_opNum2.root (ms_ch=2)
[PASS] wvfFind_event63965_trackID1_opNum9.root → copied (ms_ch=9)
[PASS] wvfFind_event56415_trackID6_opNum4.root → copied (ms_ch=4)
[PASS] wvfFind_event34353_trackID3_opNum4_2.root → copied (ms_ch=4)
[PASS] wvfFind_event22533_trackID9_opNum3.root → copied (ms_ch=3)
[PASS] wvfFind_event52733_trackID4_opNum4.root → copied (ms_ch=4)
[PASS] wvfFind_event76703_trackID2_opNum4.root → copied (ms_ch=4)
[PASS] wvfFind_event47829_trackID2_opNum3.root → copied (ms_ch=3)
[PASS] wvfFind_event11914_trackID1_opNum9_2.root → copied (ms_ch=9)
[PASS] wvfFind_event8823_trackID10_opNum8.root → copied (ms_ch=8)
[PASS] wvfFind_event19733_trackID20_opNum3_2.root → copied (ms_ch=3)
[PASS] wvfFind_event67655_trackID22_opNum8.root → copied (ms_ch=8)
[PASS] wvfFind_event23376_trackID40_opNum8.root → copied (ms_ch=8)
[PASS] wvfFind_event22380_trackID3_opNum5.root → copied (ms_ch=5)
[PASS] wvfFind_event1158_trackID5_opNum3.root → copied (ms_ch=3)
[PASS] wvfFind_event18926_trackID10_opNum9.root → copied (ms_ch=9)
[PASS] wvfFind_event30604_trackID14_opNum3_2.root → copied (ms_ch=3)
[SKIP] wvfFind_event59273_trackID7_opNum2.root (ms_ch=2)
[PASS] wvfFind_event29901_trackID11_opNum9_merged.root → copied (ms_ch=9)
[PASS] wvfFind_event20278_trackID4_opNum5.root → copied (ms_ch=5)
[PASS] wvfFind_event20717_trackID11_opNum9.root → copied (ms_ch=9)
[PASS] wvfFind_event59351_trackID6_opNum8.root → copied (ms_ch=8)
[PASS] wvfFind_event64450_trackID3_opNum8.root → copied (ms_ch=8)
[PASS] wvfFind_event14738_trackID11_opNum9.root → copied (ms_ch=9)
[PASS] wvfFind_event55693_trackID13_opNum8.root → copied (ms_ch=8)
[PASS] wvfFind_event38216_trackID1_opNum4.root → copied (ms_ch=4)
[PASS] wvfFind_event56631_trackID6_opNum5.root → copied (ms_ch=5)
[PASS] wvfFind_event10992_trackID0_opNum4.root → copied (ms_ch=4)
[SKIP] wvfFind_event58408_trackID4_opNum2.root (ms_ch=2)
[SKIP] wvfFind_event5417_trackID5_opNum2.root (ms_ch=2)
[PASS] wvfFind_event71249_trackID22_opNum9.root → copied (ms_ch=9)
[PASS] wvfFind_event14350_trackID5_opNum7.root → copied (ms_ch=7)
[PASS] wvfFind_event4124_trackID2_opNum4.root → copied (ms_ch=4)
[PASS] wvfFind_event71650_trackID9_opNum6.root → copied (ms_ch=6)
[SKIP] wvfFind_event32500_trackID9_opNum1_merged.root (ms_ch=1)
[SKIP] wvfFind_event39982_trackID18_opNum2_2.root (ms_ch=2)
[PASS] wvfFind_event66852_trackID6_opNum9.root → copied (ms_ch=9)
[PASS] wvfFind_event18655_trackID14_opNum4.root → copied (ms_ch=4)
[SKIP] wvfFind_event18834_trackID9_opNum2_merged.root (ms_ch=2)
[SKIP] wvfFind_event60898_trackID10_opNum1_merged.root (ms_ch=1)
[PASS] wvfFind_event73620_trackID19_opNum9.root → copied (ms_ch=9)
[PASS] wvfFind_event67800_trackID26_opNum9_2.root → copied (ms_ch=9)
[PASS] wvfFind_event32878_trackID5_opNum9.root → copied (ms_ch=9)
[PASS] wvfFind_event19679_trackID11_opNum8_2.root → copied (ms_ch=8)
[PASS] wvfFind_event8652_trackID8_opNum8.root → copied (ms_ch=8)
[PASS] wvfFind_event12497_trackID7_opNum9.root → copied (ms_ch=9)
[PASS] wvfFind_event12387_trackID6_opNum8.root → copied (ms_ch=8)
[SKIP] wvfFind_event52598_trackID2_opNum1_merged.root (ms_ch=1)
[PASS] wvfFind_event31788_trackID7_opNum5.root → copied (ms_ch=5)
[PASS] wvfFind_event59938_trackID2_opNum4.root → copied (ms_ch=4)
[PASS] wvfFind_event33901_trackID18_opNum6.root → copied (ms_ch=6)
[PASS] wvfFind_event20694_trackID11_opNum8_2.root → copied (ms_ch=8)
[PASS] wvfFind_event53624_trackID1_opNum5_2.root → copied (ms_ch=5)
[PASS] wvfFind_event22363_trackID10_opNum9.root → copied (ms_ch=9)
[PASS] wvfFind_event33510_trackID14_opNum9_2.root → copied (ms_ch=9)
[PASS] wvfFind_event34641_trackID10_opNum3_merged.root → copied (ms_ch=3)
[PASS] wvfFind_event67829_trackID8_opNum5_merged.root → copied (ms_ch=5)
[PASS] wvfFind_event51483_trackID5_opNum5_merged.root → copied (ms_ch=5)
[PASS] wvfFind_event77173_trackID0_opNum8_2.root → copied (ms_ch=8)
[PASS] wvfFind_event21501_trackID3_opNum3.root → copied (ms_ch=3)
[PASS] wvfFind_event45039_trackID4_opNum5.root → copied (ms_ch=5)
[PASS] wvfFind_event63412_trackID15_opNum9.root → copied (ms_ch=9)
[PASS] wvfFind_event14953_trackID5_opNum4.root → copied (ms_ch=4)
[PASS] wvfFind_event60083_trackID22_opNum9.root → copied (ms_ch=9)
[PASS] wvfFind_event57880_trackID5_opNum9.root → copied (ms_ch=9)
[PASS] wvfFind_event76609_trackID4_opNum9.root → copied (ms_ch=9)
[PASS] wvfFind_event67902_trackID0_opNum3.root → copied (ms_ch=3)
[PASS] wvfFind_event28586_trackID0_opNum5_2.root → copied (ms_ch=5)
[SKIP] wvfFind_event8576_trackID10_opNum2_merged.root (ms_ch=2)
[PASS] wvfFind_event21780_trackID5_opNum9.root → copied (ms_ch=9)
[PASS] wvfFind_event54245_trackID11_opNum7.root → copied (ms_ch=7)
[PASS] wvfFind_event34326_trackID0_opNum4_3.root → copied (ms_ch=4)
[PASS] wvfFind_event33273_trackID7_opNum8.root → copied (ms_ch=8)
[PASS] wvfFind_event12603_trackID13_opNum8.root → copied (ms_ch=8)
[PASS] wvfFind_event24720_trackID4_opNum5.root → copied (ms_ch=5)
[PASS] wvfFind_event48889_trackID8_opNum5.root → copied (ms_ch=5)
[PASS] wvfFind_event54417_trackID5_opNum8.root → copied (ms_ch=8)
[PASS] wvfFind_event22355_trackID22_opNum6_merged.root → copied (ms_ch=6)
[PASS] wvfFind_event48754_trackID11_opNum3.root → copied (ms_ch=3)
[PASS] wvfFind_event61609_trackID1_opNum9.root → copied (ms_ch=9)
[PASS] wvfFind_event49214_trackID12_opNum6.root → copied (ms_ch=6)
[PASS] wvfFind_event52619_trackID18_opNum3_merged.root → copied (ms_ch=3)
[PASS] wvfFind_event9325_trackID10_opNum9.root → copied (ms_ch=9)
[PASS] wvfFind_event377_trackID9_opNum5.root → copied (ms_ch=5)
[PASS] wvfFind_event18682_trackID26_opNum5_2.root → copied (ms_ch=5)
[PASS] wvfFind_event25058_trackID6_opNum4.root → copied (ms_ch=4)
[PASS] wvfFind_event12146_trackID9_opNum8.root → copied (ms_ch=8)
[SKIP] wvfFind_event18809_trackID12_opNum1_merged.root (ms_ch=1)
[PASS] wvfFind_event29941_trackID17_opNum8_merged.root → copied (ms_ch=8)
[PASS] wvfFind_event60416_trackID12_opNum5.root → copied (ms_ch=5)
[PASS] wvfFind_event59734_trackID9_opNum8.root → copied (ms_ch=8)
[PASS] wvfFind_event31362_trackID9_opNum8_2.root → copied (ms_ch=8)
[PASS] wvfFind_event8078_trackID23_opNum5_merged.root → copied (ms_ch=5)
[PASS] wvfFind_event74447_trackID12_opNum4.root → copied (ms_ch=4)
[PASS] wvfFind_event35721_trackID16_opNum4.root → copied (ms_ch=4)
[PASS] wvfFind_event71541_trackID21_opNum8.root → copied (ms_ch=8)
[PASS] wvfFind_event75978_trackID5_opNum4.root → copied (ms_ch=4)
[PASS] wvfFind_event70714_trackID21_opNum9.root → copied (ms_ch=9)
[SKIP] wvfFind_event6282_trackID12_opNum2_2.root (ms_ch=2)
[PASS] wvfFind_event42303_trackID6_opNum5.root → copied (ms_ch=5)
[PASS] wvfFind_event54807_trackID22_opNum9_2.root → copied (ms_ch=9)
[PASS] wvfFind_event3607_trackID3_opNum9.root → copied (ms_ch=9)
[PASS] wvfFind_event33298_trackID33_opNum6_merged.root → copied (ms_ch=6)
[PASS] wvfFind_event53997_trackID12_opNum9.root → copied (ms_ch=9)
[PASS] wvfFind_event40588_trackID2_opNum6_2.root → copied (ms_ch=6)
[PASS] wvfFind_event64165_trackID4_opNum4.root → copied (ms_ch=4)
[SKIP] wvfFind_event72091_trackID4_opNum2.root (ms_ch=2)
[PASS] wvfFind_event15681_trackID8_opNum4.root → copied (ms_ch=4)
[PASS] wvfFind_event43041_trackID0_opNum4.root → copied (ms_ch=4)
[PASS] wvfFind_event64554_trackID13_opNum5.root → copied (ms_ch=5)
[PASS] wvfFind_event51970_trackID22_opNum7.root → copied (ms_ch=7)
[PASS] wvfFind_event72054_trackID25_opNum4.root → copied (ms_ch=4)
[PASS] wvfFind_event25100_trackID6_opNum4.root → copied (ms_ch=4)
[PASS] wvfFind_event8620_trackID10_opNum8.root → copied (ms_ch=8)
[PASS] wvfFind_event45873_trackID12_opNum6.root → copied (ms_ch=6)
[PASS] wvfFind_event50524_trackID5_opNum4.root → copied (ms_ch=4)
[PASS] wvfFind_event59453_trackID2_opNum9.root → copied (ms_ch=9)
[PASS] wvfFind_event75428_trackID10_opNum5.root → copied (ms_ch=5)
[PASS] wvfFind_event14529_trackID36_opNum8.root → copied (ms_ch=8)
[PASS] wvfFind_event27062_trackID0_opNum9.root → copied (ms_ch=9)
[PASS] wvfFind_event15572_trackID7_opNum3.root → copied (ms_ch=3)
[SKIP] wvfFind_event55600_trackID0_opNum2_2.root (ms_ch=2)
[PASS] wvfFind_event65829_trackID10_opNum9.root → copied (ms_ch=9)
[PASS] wvfFind_event23989_trackID15_opNum3_merged.root → copied (ms_ch=3)
[PASS] wvfFind_event1019_trackID10_opNum5.root → copied (ms_ch=5)
[SKIP] wvfFind_event68905_trackID11_opNum2.root (ms_ch=2)
[PASS] wvfFind_event38972_trackID6_opNum8_merged.root → copied (ms_ch=8)
[PASS] wvfFind_event51755_trackID12_opNum4.root → copied (ms_ch=4)
[SKIP] wvfFind_event34092_trackID6_opNum2_2.root (ms_ch=2)
[PASS] wvfFind_event38334_trackID10_opNum5_2.root → copied (ms_ch=5)
[PASS] wvfFind_event54846_trackID4_opNum5_merged.root → copied (ms_ch=5)
[PASS] wvfFind_event7715_trackID7_opNum6.root → copied (ms_ch=6)
[PASS] wvfFind_event29476_trackID0_opNum4_2.root → copied (ms_ch=4)
[PASS] wvfFind_event14086_trackID28_opNum8_2.root → copied (ms_ch=8)
[PASS] wvfFind_event50400_trackID7_opNum6.root → copied (ms_ch=6)
[PASS] wvfFind_event60138_trackID21_opNum5.root → copied (ms_ch=5)
[PASS] wvfFind_event36485_trackID10_opNum9_merged.root → copied (ms_ch=9)
[SKIP] wvfFind_event64647_trackID6_opNum2.root (ms_ch=2)
[PASS] wvfFind_event66244_trackID5_opNum5.root → copied (ms_ch=5)
[SKIP] wvfFind_event74_trackID15_opNum2_2.root (ms_ch=2)
[PASS] wvfFind_event9214_trackID32_opNum8.root → copied (ms_ch=8)
[PASS] wvfFind_event12626_trackID20_opNum9.root → copied (ms_ch=9)
[PASS] wvfFind_event22618_trackID0_opNum9.root → copied (ms_ch=9)
[PASS] wvfFind_event14467_trackID21_opNum5.root → copied (ms_ch=5)
[PASS] wvfFind_event49671_trackID40_opNum3.root → copied (ms_ch=3)
[PASS] wvfFind_event53821_trackID5_opNum3.root → copied (ms_ch=3)
[SKIP] wvfFind_event11104_trackID5_opNum1_merged.root (ms_ch=1)
[PASS] wvfFind_event73549_trackID12_opNum8_merged.root → copied (ms_ch=8)
[PASS] wvfFind_event48273_trackID3_opNum4.root → copied (ms_ch=4)
[PASS] wvfFind_event65716_trackID12_opNum9.root → copied (ms_ch=9)
[PASS] wvfFind_event10864_trackID3_opNum4.root → copied (ms_ch=4)
[PASS] wvfFind_event22695_trackID4_opNum4.root → copied (ms_ch=4)
[PASS] wvfFind_event17409_trackID8_opNum9.root → copied (ms_ch=9)
[PASS] wvfFind_event38769_trackID5_opNum9.root → copied (ms_ch=9)
[PASS] wvfFind_event39509_trackID18_opNum3.root → copied (ms_ch=3)
[PASS] wvfFind_event77501_trackID8_opNum5.root → copied (ms_ch=5)
[PASS] wvfFind_event68722_trackID6_opNum8_merged.root → copied (ms_ch=8)
[PASS] wvfFind_event67341_trackID8_opNum3.root → copied (ms_ch=3)
[PASS] wvfFind_event45702_trackID11_opNum5.root → copied (ms_ch=5)
[PASS] wvfFind_event59236_trackID18_opNum5.root → copied (ms_ch=5)
[PASS] wvfFind_event22276_trackID10_opNum9.root → copied (ms_ch=9)
[PASS] wvfFind_event50537_trackID15_opNum8.root → copied (ms_ch=8)
[SKIP] wvfFind_event63924_trackID7_opNum1_merged.root (ms_ch=1)
[PASS] wvfFind_event57676_trackID2_opNum7.root → copied (ms_ch=7)
[PASS] wvfFind_event32526_trackID11_opNum3.root → copied (ms_ch=3)
[PASS] wvfFind_event63110_trackID10_opNum4_2.root → copied (ms_ch=4)
[PASS] wvfFind_event15810_trackID6_opNum8.root → copied (ms_ch=8)
[SKIP] wvfFind_event12347_trackID6_opNum2.root (ms_ch=2)
[PASS] wvfFind_event45004_trackID4_opNum3_2.root → copied (ms_ch=3)
[PASS] wvfFind_event36562_trackID12_opNum3.root → copied (ms_ch=3)
[PASS] wvfFind_event69360_trackID13_opNum6.root → copied (ms_ch=6)
[PASS] wvfFind_event24633_trackID12_opNum6_2.root → copied (ms_ch=6)
[PASS] wvfFind_event60978_trackID10_opNum5.root → copied (ms_ch=5)
[PASS] wvfFind_event72351_trackID2_opNum3.root → copied (ms_ch=3)
[PASS] wvfFind_event46801_trackID4_opNum4.root → copied (ms_ch=4)
[PASS] wvfFind_event67112_trackID4_opNum5.root → copied (ms_ch=5)
[PASS] wvfFind_event16472_trackID8_opNum5.root → copied (ms_ch=5)
[PASS] wvfFind_event24938_trackID6_opNum7.root → copied (ms_ch=7)
[PASS] wvfFind_event12294_trackID14_opNum8.root → copied (ms_ch=8)
[PASS] wvfFind_event70636_trackID7_opNum8.root → copied (ms_ch=8)
[PASS] wvfFind_event67062_trackID10_opNum9.root → copied (ms_ch=9)
[PASS] wvfFind_event47987_trackID1_opNum8.root → copied (ms_ch=8)
[PASS] wvfFind_event36470_trackID14_opNum6.root → copied (ms_ch=6)
[PASS] wvfFind_event39202_trackID8_opNum3.root → copied (ms_ch=3)
[PASS] wvfFind_event40057_trackID3_opNum3.root → copied (ms_ch=3)
[PASS] wvfFind_event39093_trackID5_opNum3.root → copied (ms_ch=3)
[PASS] wvfFind_event60207_trackID3_opNum5.root → copied (ms_ch=5)
[PASS] wvfFind_event44613_trackID6_opNum8.root → copied (ms_ch=8)
[PASS] wvfFind_event29989_trackID6_opNum6.root → copied (ms_ch=6)
[PASS] wvfFind_event67536_trackID4_opNum3.root → copied (ms_ch=3)
[PASS] wvfFind_event20251_trackID3_opNum4.root → copied (ms_ch=4)
[PASS] wvfFind_event11003_trackID10_opNum5.root → copied (ms_ch=5)
[PASS] wvfFind_event65285_trackID27_opNum6.root → copied (ms_ch=6)
[PASS] wvfFind_event38621_trackID4_opNum4.root → copied (ms_ch=4)
[PASS] wvfFind_event6954_trackID23_opNum9.root → copied (ms_ch=9)
[PASS] wvfFind_event43643_trackID8_opNum3.root → copied (ms_ch=3)
[PASS] wvfFind_event38906_trackID10_opNum9.root → copied (ms_ch=9)
[PASS] wvfFind_event22011_trackID8_opNum4.root → copied (ms_ch=4)
[SKIP] wvfFind_event66025_trackID6_opNum1_merged.root (ms_ch=1)
[PASS] wvfFind_event75013_trackID14_opNum4.root → copied (ms_ch=4)
[PASS] wvfFind_event18873_trackID5_opNum9.root → copied (ms_ch=9)
[PASS] wvfFind_event40969_trackID2_opNum8.root → copied (ms_ch=8)
[PASS] wvfFind_event13085_trackID11_opNum3.root → copied (ms_ch=3)
[PASS] wvfFind_event58651_trackID13_opNum9.root → copied (ms_ch=9)
[PASS] wvfFind_event10814_trackID11_opNum9.root → copied (ms_ch=9)
[SKIP] wvfFind_event65664_trackID27_opNum2.root (ms_ch=2)
[PASS] wvfFind_event38386_trackID12_opNum5.root → copied (ms_ch=5)
[PASS] wvfFind_event3075_trackID17_opNum5.root → copied (ms_ch=5)
[PASS] wvfFind_event35046_trackID11_opNum9.root → copied (ms_ch=9)
[PASS] wvfFind_event43613_trackID0_opNum4.root → copied (ms_ch=4)
[PASS] wvfFind_event74725_trackID4_opNum9_2.root → copied (ms_ch=9)
[PASS] wvfFind_event43584_trackID12_opNum3.root → copied (ms_ch=3)
[PASS] wvfFind_event29993_trackID0_opNum5_2.root → copied (ms_ch=5)
[PASS] wvfFind_event54713_trackID2_opNum9_2.root → copied (ms_ch=9)
[SKIP] wvfFind_event52922_trackID5_opNum2.root (ms_ch=2)
[PASS] wvfFind_event5961_trackID6_opNum9.root → copied (ms_ch=9)
[PASS] wvfFind_event40793_trackID5_opNum9.root → copied (ms_ch=9)
[PASS] wvfFind_event34781_trackID4_opNum5.root → copied (ms_ch=5)
[PASS] wvfFind_event18193_trackID5_opNum6_merged.root → copied (ms_ch=6)
[PASS] wvfFind_event3343_trackID9_opNum8.root → copied (ms_ch=8)
[PASS] wvfFind_event48405_trackID24_opNum9.root → copied (ms_ch=9)
[PASS] wvfFind_event69411_trackID4_opNum9.root → copied (ms_ch=9)
[PASS] wvfFind_event19695_trackID5_opNum9.root → copied (ms_ch=9)
[PASS] wvfFind_event3215_trackID6_opNum4.root → copied (ms_ch=4)
[PASS] wvfFind_event11003_trackID10_opNum5_2.root → copied (ms_ch=5)
[PASS] wvfFind_event57504_trackID0_opNum7_merged.root → copied (ms_ch=7)
[SKIP] wvfFind_event26792_trackID6_opNum1_merged.root (ms_ch=1)
[PASS] wvfFind_event26902_trackID7_opNum9.root → copied (ms_ch=9)
[PASS] wvfFind_event3146_trackID3_opNum5.root → copied (ms_ch=5)
[PASS] wvfFind_event10623_trackID8_opNum4.root → copied (ms_ch=4)
[PASS] wvfFind_event62742_trackID15_opNum3.root → copied (ms_ch=3)
[PASS] wvfFind_event25198_trackID26_opNum9.root → copied (ms_ch=9)
[PASS] wvfFind_event53227_trackID8_opNum4.root → copied (ms_ch=4)
[PASS] wvfFind_event74102_trackID4_opNum9_merged.root → copied (ms_ch=9)
[SKIP] wvfFind_event66034_trackID14_opNum1_merged.root (ms_ch=1)
[PASS] wvfFind_event44674_trackID19_opNum9.root → copied (ms_ch=9)
[PASS] wvfFind_event8679_trackID20_opNum4.root → copied (ms_ch=4)
[PASS] wvfFind_event25032_trackID10_opNum9.root → copied (ms_ch=9)
[PASS] wvfFind_event55642_trackID5_opNum9.root → copied (ms_ch=9)
[PASS] wvfFind_event12617_trackID20_opNum5_merged.root → copied (ms_ch=5)
[PASS] wvfFind_event44610_trackID20_opNum6.root → copied (ms_ch=6)
[PASS] wvfFind_event42449_trackID45_opNum8.root → copied (ms_ch=8)
[PASS] wvfFind_event40423_trackID1_opNum5.root → copied (ms_ch=5)
[PASS] wvfFind_event26345_trackID10_opNum8.root → copied (ms_ch=8)
[PASS] wvfFind_event22315_trackID14_opNum6.root → copied (ms_ch=6)
[PASS] wvfFind_event76665_trackID8_opNum6_2.root → copied (ms_ch=6)
[PASS] wvfFind_event39114_trackID13_opNum5.root → copied (ms_ch=5)
[PASS] wvfFind_event15628_trackID3_opNum4.root → copied (ms_ch=4)
[PASS] wvfFind_event41999_trackID33_opNum5.root → copied (ms_ch=5)
[PASS] wvfFind_event51637_trackID2_opNum8.root → copied (ms_ch=8)
====================================================
[SUMMARY] Selected files : 6480
[SUMMARY] Skipped files  : 956
[SUMMARY] Output saved in: /Volumes/ssd_zhang/thesis_michel/server_processing/t0_rootFiles/beam28778_new202602/wvf_merged_applyCut_thre3/
====================================================
